[{"$i":"back","$v":"Назад"},{"$i":"save","$v":"Захаваць"},{"$i":"cancel","$v":"Скасаваць"},{"$i":"next","$v":"Далей"},{"$i":"hide","$v":"Схаваць"},{"$i":"confirm","$v":"Пацвердзіць"},{"$i":"done","$v":"Гатова"},{"$i":"events","$v":"Напамін аб падзеях"},{"$i":"edit","$v":"Рэдагаваць"},{"$i":"allday-events","$v":"Напамін аб мерапрыемстве на ўвесь дзень"},{"$i":"no-events","$v":"Няма падзей"},{"$i":"default","$v":"Стандартна"},{"$i":"sync","$v":"Сінхранізацыя"},{"$i":"repeat","$v":"Паўтарыць"},{"$i":"never","$v":"Ніколі"},{"$i":"every-day","$v":"Кожны дзень"},{"$i":"every-week","$v":"Кожны тыдзень"},{"$i":"every-2-weeks","$v":"Кожныя 2 тыдні"},{"$i":"every-month","$v":"кожны месяц"},{"$i":"view-never","$v":"Паўтараць: Ніколі"},{"$i":"view-every-day","$v":"Паўтор: Штодня"},{"$i":"view-every-week","$v":"Паўтор: Штотыдзень"},{"$i":"view-every-2-weeks","$v":"Паўтар.: кожн. два тыдні"},{"$i":"view-every-month","$v":"Паўтор: Monthly"},{"$i":"repeat-event-header","$v":"Гэта паўтаральн. падзея."},{"$i":"delete-this-only","$v":"Выдаліць гэта толькі"},{"$i":"delete-all","$v":"Выдаліць усе"},{"$i":"event-edit-all","$v":"Рэд. усе падзеі"},{"$i":"event-edit-all-future","$v":"Рэд. усе будуч. падзеі"},{"$i":"options","$v":"Опцыі"},{"$i":"event-delete-all","$v":"Выдаліць усе"},{"$i":"event-delete-all-future","$v":"Выд. усе будуч. падзеі"},{"$i":"delete-account","$v":"Выдаліць уліковы запіс"},{"$i":"exchange-account","$v":"ActiveSync"},{"$i":"account-user-name","$v":"Імя карыстальніка"},{"$i":"incorrect-password-description","$v":"Немагчыма ўвайсці на сервер. Увядзіце пароль паўторна."},{"$i":"incorrect-password","$v":"Няправільны пароль, паўтарыце спробу."},{"$i":"account-duplicate","$v":"Уліковы запіс ужо існуе. Сінхранізацыя ўключана."},{"$i":"error-account","$v":"Сервер недаступны. Паўтарыце спробу пазней."},{"$i":"error-access-denied","$v":"Адбылася невядомая памылка, паўтарыце спробу пазней."},{"$i":"error-time-out","$v":["Не ўдаецца ўсталяваць сувязь з серверам «",{"t":"idOrVar","v":"server"},"». Магчыма, праблема ў сетцы."]},{"$i":"caldav-account-exist","$v":"Гэты ўліковы запіс ужо існуе."},{"$i":"save-password","$v":"Пароль захаваны."},{"$i":"account-login","$v":"кошт увайсці"},{"$i":"setting-up-account","$v":"Наладжванне ўліковага запісу"},{"$i":"setup-account-usedInfo","$v":"Гэты ўліковы запіс будзе выкарыстоўвацца праграмамі, што пададзены ніжэй. Гэта можна змяніць, перайшоўшы ў \"Налады>Уліковы запіс\"."},{"$i":"app-calendar","$v":"Каляндар"},{"$i":"show-today","$v":"Сёння"},{"$i":"show-month-view","$v":"Месяц"},{"$i":"show-week-view","$v":"Тыдз"},{"$i":"show-day-view","$v":"Дзень"},{"$i":"settings-show","$v":"Настройкі"},{"$i":"settings-hide","$v":"Схаваць настройкі"},{"$i":"add-account","$v":"Дадаць улік. запіс"},{"$i":"new-event","$v":"Дад. падз."},{"$i":"view-event-header","$v":"Падрабязнасці падзеі"},{"$i":"new-event-header","$v":"Дад. падз."},{"$i":"edit-event-header","$v":"Рэдагаваць падзею"},{"$i":"account-header","$v":"Ул. запіс"},{"$i":"account-list-header","$v":"Уліковыя запісы"},{"$i":"advanced-settings-short-icon-button","ariaLabel":"Настройкі"},{"$i":"advanced-settings-header","$v":"Настройкі календара"},{"$i":"advanced-settings-personalization","$v":"Абнавіць частату"},{"$i":"advanced-settings-reminders","$v":"Напамінак"},{"$i":"advanced-settings-add-account","$v":"Дадаць уліковы запіс"},{"$i":"field-user","$v":"Імя карыстальніка"},{"$i":"field-password","$v":"Пароль"},{"$i":"show-password","$v":"Паказаць пароль"},{"$i":"field-full-url","$v":"URL"},{"$i":"modify-account-setting-up","$v":"Пач. пак. улік. запіс будзе налад."},{"$i":"modify-account-unable-to-sync","$v":"Немагчыма сінхранізаваць"},{"$i":"modify-account-sign-in","$v":"Увайсці"},{"$i":"kai-caldav","$v":"CalDav"},{"$i":"kai-yahoo","$v":"Yahoo!"},{"$i":"kai-google","$v":"Google"},{"$i":"preset-mozilla","$v":"Mozilla Zimbra"},{"$i":"calendar-local","$v":"Каляндар тэлефона"},{"$i":"event-title","$v":"Назва"},{"$i":"event-location","$v":"Месцазнаходжанне"},{"$i":"event-description","$v":"Нататкі"},{"$i":"event-is-allday","$v":"Мерапрыемства на ўвесь дзень"},{"$i":"event-start-date","$v":"Дата пачатку"},{"$i":"event-end-date","$v":"Дата заканчэння"},{"$i":"event-start-time","$v":"Час пачатку"},{"$i":"event-end-time","$v":"Час заканчэння"},{"$i":"event-delete","$v":"Выдаліць падзею"},{"$i":"event-is-deleting","$v":"Выдаляецца…"},{"$i":"remove-account-data","$v":"Выдаліць уліковы запіс календара"},{"$i":"remove-account-dialog","$v":"Выдаліць ул.запіс"},{"$i":"remove-account-dialog-details","$v":["Выдаліць \"",{"t":"idOrVar","v":"email"},"\" з вашай прылады?"]},{"$i":"remove","$v":"Выдаліць"},{"$i":"drawer-sync-icon-button","ariaLabel":"Сінхранізацыя"},{"$i":"sync-progress-syncing","ariaValueText":"Сінхранізуецца"},{"$i":"sync-progress-complete","ariaValueText":"Сінхран. завершана"},{"$i":"sync-frequency","$v":"Каляндар сінхранізацыі"},{"$i":"sync-frequency-15min","$v":"Кожныя 15 хвілін"},{"$i":"sync-frequency-30min","$v":"Кожныя 30 хвілін"},{"$i":"sync-frequency-manual","$v":"Уручную"},{"$i":"from","$v":"Ад"},{"$i":"to","$v":"Каму"},{"$i":"one-day-duration-title","$v":[{"t":"idOrVar","v":"startDate"}]},{"$i":"one-day-duration-content","$v":[{"t":"idOrVar","v":"startTime"}," да ",{"t":"idOrVar","v":"endTime"}]},{"$i":"multiple-day-duration-title","$v":[{"t":"idOrVar","v":"startTime"}," ",{"t":"idOrVar","v":"startDate"}]},{"$i":"multiple-day-duration-content","$v":[{"t":"idOrVar","v":"endTime"}," ",{"t":"idOrVar","v":"endDate"}]},{"$i":"one-all-day-duration-title","$v":[{"t":"idOrVar","v":"startDate"}]},{"$i":"all-day-duration-content","$v":"Падзея на цэлы дзень"},{"$i":"multiple-all-day-duration-title","$v":["З ",{"t":"idOrVar","v":"startDate"}]},{"$i":"multiple-all-day-duration-content","$v":["Да ",{"t":"idOrVar","v":"endDate"}]},{"$i":"none","$v":"Няма"},{"$i":"reminder","$v":"Напамін аб падзеі"},{"$i":"remind-me","$v":"Нагадаць"},{"$i":"alarm-at-event-standard","$v":"У час падзеі"},{"$i":"alarm-at-event-allday","$v":"У дзень падзеі"},{"$i":"alarm-at-event-allday-hour12","$v":"У дзень падзеі (9:00)"},{"$i":"alarm-at-event-allday-hour24","$v":"У дзень падзеі (9:00)"},{"$i":"alarm-start-notice","$v":[{"t":"idOrVar","v":"title"}," пачынаецца ",{"t":"idOrVar","v":"distance"}]},{"$i":"alarm-started-notice","$v":[{"t":"idOrVar","v":"title"}," пачалося ",{"t":"idOrVar","v":"distance"}]},{"$i":"alarm-start-notice-two-days","$v":[{"t":"idOrVar","v":"title"}," пачынаецца праз два дні"]},{"$i":"alarm-start-notice-few-days","$v":[{"t":"idOrVar","v":"title"}," пачынаецца ",{"t":"idOrVar","v":"distance"}]},{"$i":"days-before-hour12","$v":{"few":["За ",{"t":"idOrVar","v":"value"}," дзён (9:00)"],"many":["За ",{"t":"idOrVar","v":"value"}," дзён (9:00)"],"one":"За 1 дзень (9:00)","other":["За ",{"t":"idOrVar","v":"value"}," дзён (9:00)"],"two":["За ",{"t":"idOrVar","v":"value"}," дзён (9:00)"],"zero":"За 0 дзён (9:00)"},"$x":[{"t":"idOrVar","v":"plural"},"value"]},{"$i":"weeks-before-hour12","$v":{"few":["За ",{"t":"idOrVar","v":"value"}," тыдняў (9:00)"],"many":["За ",{"t":"idOrVar","v":"value"}," тыдняў (9:00)"],"one":"За 1 тыдзень (9:00)","other":["За ",{"t":"idOrVar","v":"value"}," тыдняў (9:00)"],"two":["За ",{"t":"idOrVar","v":"value"}," тыдняў (9:00)"],"zero":"За 0 тыдняў (9:00)"},"$x":[{"t":"idOrVar","v":"plural"},"value"]},{"$i":"days-before-hour24","$v":{"few":["За ",{"t":"idOrVar","v":"value"}," дзён (9:00)"],"many":["За ",{"t":"idOrVar","v":"value"}," дзён (9:00)"],"one":"За 1 дзень (9:00)","other":["За ",{"t":"idOrVar","v":"value"}," дзён (9:00)"],"two":["За ",{"t":"idOrVar","v":"value"}," дзён (9:00)"],"zero":"За 0 дзён (9:00)"},"$x":[{"t":"idOrVar","v":"plural"},"value"]},{"$i":"weeks-before-hour24","$v":{"few":["За ",{"t":"idOrVar","v":"value"}," тыдняў (9:00)"],"many":["За ",{"t":"idOrVar","v":"value"}," тыдняў (9:00)"],"one":"За 1 тыдзень (9:00)","other":["За ",{"t":"idOrVar","v":"value"}," тыдняў (9:00)"],"two":["За ",{"t":"idOrVar","v":"value"}," тыдняў (9:00)"],"zero":"За 0 тыдняў (9:00)"},"$x":[{"t":"idOrVar","v":"plural"},"value"]},{"$i":"minutes-before","$v":{"few":["Хвілін да: ",{"t":"idOrVar","v":"value"}],"many":["Хвілін да: ",{"t":"idOrVar","v":"value"}],"one":"1 хвіліна да","other":["Хвілін да: ",{"t":"idOrVar","v":"value"}],"two":["Хвілін да: ",{"t":"idOrVar","v":"value"}],"zero":"0 хвілін да"},"$x":[{"t":"idOrVar","v":"plural"},"value"]},{"$i":"hours-before","$v":{"few":["Гадзін да: ",{"t":"idOrVar","v":"value"}],"many":["Гадзін да: ",{"t":"idOrVar","v":"value"}],"one":"1 гадзіна да","other":["Гадзін да: ",{"t":"idOrVar","v":"value"}],"two":["Гадзін да: ",{"t":"idOrVar","v":"value"}],"zero":"0 гадзін да"},"$x":[{"t":"idOrVar","v":"plural"},"value"]},{"$i":"days-before","$v":{"few":["Дзён да: ",{"t":"idOrVar","v":"value"}],"many":["Дзён да: ",{"t":"idOrVar","v":"value"}],"one":"1 дзень да","other":["Дзён да: ",{"t":"idOrVar","v":"value"}],"two":["Дзён да: ",{"t":"idOrVar","v":"value"}],"zero":"0 дзён да"},"$x":[{"t":"idOrVar","v":"plural"},"value"]},{"$i":"weeks-before","$v":{"few":["Тыдняў да: ",{"t":"idOrVar","v":"value"}],"many":["Тыдняў да: ",{"t":"idOrVar","v":"value"}],"one":"1 тыдзень да","other":["Тыдняў да: ",{"t":"idOrVar","v":"value"}],"two":["Тыдняў да: ",{"t":"idOrVar","v":"value"}],"zero":"0 тыдняў да"},"$x":[{"t":"idOrVar","v":"plural"},"value"]},{"$i":"months-before","$v":{"few":["Месяцаў да: ",{"t":"idOrVar","v":"value"}],"many":["Месяцаў да: ",{"t":"idOrVar","v":"value"}],"one":"1 месяц да","other":["Месяцаў да: ",{"t":"idOrVar","v":"value"}],"two":["Месяцаў да: ",{"t":"idOrVar","v":"value"}],"zero":"0 месяцаў да"},"$x":[{"t":"idOrVar","v":"plural"},"value"]},{"$i":"years-before","$v":{"few":["Гадоў да: ",{"t":"idOrVar","v":"value"}],"many":["Гадоў да: ",{"t":"idOrVar","v":"value"}],"one":"1 год да","other":["Гадоў да: ",{"t":"idOrVar","v":"value"}],"two":["Гадоў да: ",{"t":"idOrVar","v":"value"}],"zero":"0 гадоў да"},"$x":[{"t":"idOrVar","v":"plural"},"value"]},{"$i":"minutes-after","$v":{"few":["Хвілін пасля: ",{"t":"idOrVar","v":"value"}],"many":["Хвілін пасля: ",{"t":"idOrVar","v":"value"}],"one":"1 хвіліна пасля","other":["Хвілін пасля: ",{"t":"idOrVar","v":"value"}],"two":["Хвілін пасля: ",{"t":"idOrVar","v":"value"}],"zero":"0 хвілін пасля"},"$x":[{"t":"idOrVar","v":"plural"},"value"]},{"$i":"hours-after","$v":{"few":["Гадзін пасля: ",{"t":"idOrVar","v":"value"}],"many":["Гадзін пасля: ",{"t":"idOrVar","v":"value"}],"one":"1 гадзіна пасля","other":["Гадзін пасля: ",{"t":"idOrVar","v":"value"}],"two":["Гадзін пасля: ",{"t":"idOrVar","v":"value"}],"zero":"0 гадзін пасля"},"$x":[{"t":"idOrVar","v":"plural"},"value"]},{"$i":"days-after","$v":{"few":["Дзён пасля: ",{"t":"idOrVar","v":"value"}],"many":["Дзён пасля: ",{"t":"idOrVar","v":"value"}],"one":"1 дзень пасля","other":["Дзён пасля: ",{"t":"idOrVar","v":"value"}],"two":["Дзён пасля: ",{"t":"idOrVar","v":"value"}],"zero":"0 дзён пасля"},"$x":[{"t":"idOrVar","v":"plural"},"value"]},{"$i":"weeks-after","$v":{"few":["Тыдняў пасля: ",{"t":"idOrVar","v":"value"}],"many":["Тыдняў пасля: ",{"t":"idOrVar","v":"value"}],"one":"1 тыдзень пасля","other":["Тыдняў пасля: ",{"t":"idOrVar","v":"value"}],"two":["Тыдняў пасля: ",{"t":"idOrVar","v":"value"}],"zero":"0 тыдняў пасля"},"$x":[{"t":"idOrVar","v":"plural"},"value"]},{"$i":"months-after","$v":{"few":["Месяцаў пасля: ",{"t":"idOrVar","v":"value"}],"many":["Месяцаў пасля: ",{"t":"idOrVar","v":"value"}],"one":"1 месяц пасля","other":["Месяцаў пасля: ",{"t":"idOrVar","v":"value"}],"two":["Месяцаў пасля: ",{"t":"idOrVar","v":"value"}],"zero":"0 месяцаў пасля"},"$x":[{"t":"idOrVar","v":"plural"},"value"]},{"$i":"years-after","$v":{"few":["Гадоў пасля: ",{"t":"idOrVar","v":"value"}],"many":["Гадоў пасля: ",{"t":"idOrVar","v":"value"}],"one":"1 год пасля","other":["Гадоў пасля: ",{"t":"idOrVar","v":"value"}],"two":["Гадоў пасля: ",{"t":"idOrVar","v":"value"}],"zero":"0 гадоў пасля"},"$x":[{"t":"idOrVar","v":"plural"},"value"]},{"$i":"hour-format12","$v":"%I %p"},{"$i":"hour-format24","$v":"%H"},{"$i":"week-hour-format12","$v":"%I %p"},{"$i":"week-hour-format24","$v":"%H"},{"$i":"hour-allday","$v":"Цэлы дзень"},{"$i":"kai-week-day","$v":"%a\\n%e"},{"$i":"current-time12","$v":"%I:%M"},{"$i":"current-time24","$v":"%H:%M"},{"$i":"multi-month-view-header-format","$v":"%B %Y"},{"$i":"day-view-header-format","$v":"%A, %B %e"},{"$i":"months-day-view-header-format","$v":"%A, %B %e"},{"$i":"months-day-view-header-format-small","$v":{"$o":"%a <br/> %b, %e"}},{"$i":"week-view-header-format","$v":["Тыдзень ",{"t":"idOrVar","v":"value"},", %B %Y"]},{"$i":"longDateFormat","$v":"%a, %B %d, %Y"},{"$i":"longTimeFormat","$v":"%A %B %d"},{"$i":"longTimeFormat12","$v":"%A %B %d %I %p"},{"$i":"longTimeFormat24","$v":"%A %B %d %H гадз"},{"$i":"weekTimeFormat12","$v":"%I %p"},{"$i":"weekTimeFormat24","$v":"%H гадз"},{"$i":"weekDayFormat","$v":"%A %d"},{"$i":"alldayLongTimeFormat","$v":"%A %B %d цэлы дзень"},{"$i":"dayHour12","$v":"%I %p"},{"$i":"dayHour24","$v":"%H гадз"},{"$i":"longDateTime12","$v":"%I %p, %a, %d %b, %Y"},{"$i":"longDateTime24","$v":"%H, %a, %d %b, %Y"},{"$i":"upcoming-events","$v":"Будучыя падзеі"},{"$i":"search-results","$v":"Вынікі пошуку"},{"$i":"no-event-found","$v":"Падзеі не знойдзены"},{"$i":"longDateTimeNew12","$v":"%a, %B %e, %Y, %I:%M %p"},{"$i":"longDateTimeNew24","$v":"%a, %B %e, %Y, %H:%M"},{"$i":"error-start-date-after-end-date","$v":"Падзея не можа скончыцца да даты пачатку."},{"$i":"error-start-time-after-end-time","$v":"Падзея не можа скончыцца да даты пачатку."},{"$i":"error-unauthenticated","$v":"Няпр. імя карыст. або пар., паўт. спр."},{"$i":"error-internal-server-error","$v":"Памылка сервера. Паўтарыце спробу."},{"$i":"error-unkown","$v":"Сервер недаступны. Паўтарыце спробу пазней."},{"$i":"error-default","$v":"Нешта не так. Паўт. спр."},{"$i":"error-offline","$v":"Немагчыма падключыцца да інтэрнэту. Для доступу да інтэрнэту можна карыстацца Wi-Fi або мабільнымі данымі."},{"$i":"error-account-exist","$v":"Гэты ўліковы запіс ужо існуе."},{"$i":"error-confirmation-title","$v":"Памылка"},{"$i":"error-edit-online-event","$v":"Памылка рэдагавання анлайн падзеі, бо няма падключэння да інтэрнэту."},{"$i":"error-delete-online-event","$v":"Памылка выдалення анлайн падзеі, бо няма падключэння да інтэрнэту."},{"$i":"notification-error-sync-title","$v":"Памылка сінхр. календара"},{"$i":"notification-error-sync-description","$v":"Дакр., каб атрым. дад. інф."},{"$i":"notification-error-caldav-sync-title","$v":"памылка рахункі"},{"$i":"notification-error-caldav-sync-description","$v":"Увайдзіце зноў"},{"$i":"weekday-0-single-char","$v":"S","ariaLabel":"Нядзеля"},{"$i":"weekday-1-single-char","$v":"M","ariaLabel":"Панядзелак"},{"$i":"weekday-2-single-char","$v":"T","ariaLabel":"Аўторак"},{"$i":"weekday-3-single-char","$v":"W","ariaLabel":"Сер"},{"$i":"weekday-4-single-char","$v":"T","ariaLabel":"Чацвер"},{"$i":"weekday-5-single-char","$v":"F","ariaLabel":"Пятніца"},{"$i":"weekday-6-single-char","$v":"S","ariaLabel":"Субота"},{"$i":"busy","$v":{"few":["Падзеі: ",{"t":"idOrVar","v":"n"}],"many":["Падзеі: ",{"t":"idOrVar","v":"n"}],"one":[{"t":"idOrVar","v":"n"}," падзея"],"other":["Падзеі: ",{"t":"idOrVar","v":"n"}],"two":["Падзеі: ",{"t":"idOrVar","v":"n"}],"zero":"Няма падзей"},"$x":[{"t":"idOrVar","v":"plural"},"n"]},{"$i":"present","ariaLabel":"Сёння"},{"$i":"past-other-month-description","ariaLabel":"Іншы месяц"},{"$i":"future-other-month-description","ariaLabel":"Іншы месяц"},{"$i":"icon-calendar-alarm","ariaLabel":"Мае будзільнік"},{"$i":"calendars","ariaLabel":"Календары"},{"$i":"multi-day-new-event-link","ariaLabel":"Дад. падз."},{"$i":"title","ariaLabel":"Назва"},{"$i":"location","ariaLabel":"Месцазнаходжанне"},{"$i":"duration","ariaLabel":"Працягласць"},{"$i":"calendar","ariaLabel":"Каляндар"},{"$i":"alarms","ariaLabel":"Будзільнікі"},{"$i":"description","ariaLabel":"Апісанне"},{"$i":"start-date","ariaLabel":"Дата пачатку"},{"$i":"start-time","ariaLabel":"Час пачатку"},{"$i":"end-date","ariaLabel":"Дата заканчэння"},{"$i":"end-time","ariaLabel":"Час заканчэння"},{"$i":"during-progress-loading","ariaValueText":"Загружаецца"},{"$i":"all-day","ariaLabel":"Цэлы дзень"},{"$i":"create-event","ariaLabel":"Стварыць падзею"},{"$i":"create-all-day-event","ariaLabel":"Ствар. падз. на ўвесь дз."},{"$i":"event-one-day-duration","ariaLabel":["ад ",{"t":"idOrVar","v":"startTime"}," да ",{"t":"idOrVar","v":"endTime"}]},{"$i":"week-event-one-day-duration","ariaLabel":[{"t":"idOrVar","v":"startDate"}," з ",{"t":"idOrVar","v":"startTime"}," да ",{"t":"idOrVar","v":"endTime"}]},{"$i":"event-multiple-day-duration","ariaLabel":["Ад ",{"t":"idOrVar","v":"startTime"}," ",{"t":"idOrVar","v":"startDate"}," да ",{"t":"idOrVar","v":"endTime"}," ",{"t":"idOrVar","v":"endDate"}]},{"$i":"kai-event-added","$v":"Дададзена падзея"},{"$i":"kai-event-updated","$v":"Падзея абноўлена"},{"$i":"kai-event-deleted","$v":"Падзея выдалена"},{"$i":"kai-change-save","$v":"Змены захаваны"},{"$i":"event-sync-failure","$v":"Немагчыма сінхранізаваць"},{"$i":"kai-event-calendar","$v":"Каляндар"},{"$i":"kai-single-event","$v":"падзея"},{"$i":"kai-event-count","$v":"падзеі"},{"$i":"kai-sync-progress-syncing","$v":"Сінхранізуецца"},{"$i":"kai-sync-progress-complete","$v":"Каляндар актуальны."},{"$i":"kai-settings-sounds","$v":"Гукі"},{"$i":"kai-tones","$v":"Гукі"},{"$i":"kai-multi-events","$v":"Падзеі"},{"$i":"kai-confirmation-title","$v":"Пацверджанне"},{"$i":"kai-delete-selectedEvent-confirmation","$v":"Выдаліць выбраную падзею?"},{"$i":"kai-deleteEvent-confirmation","$v":"Выдаліць падзею?"},{"$i":"kai-event-search-header","$v":"Пошук","placeholder":"Пошук"},{"$i":"kai-event-search-upcoming-events","$v":"Будучыя падзеі"},{"$i":"kai-delete","$v":"Выдаліць"},{"$i":"kai-cancel","$v":"Скасаваць"},{"$i":"kai-dialog-delete-sel","$v":"Напэўна выдаліць выбраную падзею?"},{"$i":"kai-delete-title","$v":"Выдаліць падзею"},{"$i":"kai-save-changes","$v":"Захаваць змены?"},{"$i":"kai-save-message-back","$v":"Усе ўведзеныя даныя будуць страчаны. Захаваць змены?"},{"$i":"kai-save-message-close","$v":"Праграма будзе закрыта са стратай даных. Захаваць змяненні?"},{"$i":"yes","$v":"Так"},{"$i":"no","$v":"Не"},{"$i":"confirmation","$v":"Пацверджанне"},{"$i":"ok","$v":"Ок"},{"$i":"delete-event","$v":"Выдаліць выбраную падзею?"},{"$i":"edit-event-no-net","$v":"Памылка рэдагавання анлайн падзеі з-за адсутн. падкл. да інтэрнэту."},{"$i":"kai-settings-header","$v":"Паказ. каляндар"},{"$i":"kai-syncing","$v":"Сінхранізуецца..."},{"$i":"kai-syncing-header","$v":"Сінхранізацыя ўліковага запісу"},{"$i":"select","$v":"Выбраць"},{"$i":"add-event","$v":"Дад. падз."},{"$i":"week-view","$v":"Прагляд па тыднях"},{"$i":"day-view","$v":"Падзённы прагляд"},{"$i":"month-view","$v":"Прагляд па месяцах"},{"$i":"today","$v":"Сёння"},{"$i":"go","$v":"Перайсці да даты"},{"$i":"search","$v":"Пошук"},{"$i":"calendar-to-display","$v":"Паказваць каляндар"},{"$i":"settings","$v":"Настройкі"},{"$i":"delete","$v":"Выдаліць"},{"$i":"enter","$v":"Увод"},{"$i":"sync-calendar","$v":"Каляндар сінхранізацыі"},{"$i":"lunar-calendar","$v":"Месячны дзень"},{"$i":"present-description","$v":["Сёння ",{"t":"idOrVar","v":"weekday"}," ",{"t":"idOrVar","v":"date"},"-е"]},{"$i":"day-description","$v":[{"t":"idOrVar","v":"weekday"}," ",{"t":"idOrVar","v":"date"},"-га"]},{"$i":"weekday-5","$v":"Пятніца"},{"$i":"weekday-4","$v":"Чацвер"},{"$i":"weekday-3","$v":"Сер"},{"$i":"weekday-2","$v":"Аўторак"},{"$i":"weekday-1","$v":"Панядзелак"},{"$i":"weekday-0","$v":"Нядзеля"},{"$i":"weekday-6","$v":"Субота"},{"$i":"no-title","$v":"(Няма назвы)"},{"$i":"weekday-0-long","$v":"Нядзеля"},{"$i":"weekday-1-long","$v":"Панядзелак"},{"$i":"weekday-2-long","$v":"Аўторак"},{"$i":"weekday-3-long","$v":"Серада"},{"$i":"weekday-4-long","$v":"Чацвер"},{"$i":"weekday-5-long","$v":"Пятніца"},{"$i":"weekday-6-long","$v":"Субота"},{"$i":"weekday-0-short","$v":"Нядз"},{"$i":"weekday-1-short","$v":"Пан"},{"$i":"weekday-2-short","$v":"Аўт"},{"$i":"weekday-3-short","$v":"Сер"},{"$i":"weekday-4-short","$v":"Чацв"},{"$i":"weekday-5-short","$v":"Пят"},{"$i":"weekday-6-short","$v":"Суб"},{"$i":"month-0-long","$v":"Студзень"},{"$i":"month-1-long","$v":"Люты"},{"$i":"month-2-long","$v":"Сакавік"},{"$i":"month-3-long","$v":"Красавік"},{"$i":"month-4-long","$v":"Май"},{"$i":"month-5-long","$v":"Чэрвень"},{"$i":"month-6-long","$v":"Ліпень"},{"$i":"month-7-long","$v":"Жнівень"},{"$i":"month-8-long","$v":"Верасень"},{"$i":"month-9-long","$v":"Кастрычнік"},{"$i":"month-10-long","$v":"Лістапад"},{"$i":"month-11-long","$v":"Снежань"},{"$i":"month-0-genitive","$v":"Студзень"},{"$i":"month-1-genitive","$v":"Люты"},{"$i":"month-2-genitive","$v":"Сакавік"},{"$i":"month-3-genitive","$v":"Красавік"},{"$i":"month-4-genitive","$v":"Май"},{"$i":"month-5-genitive","$v":"Чэрвень"},{"$i":"month-6-genitive","$v":"Ліпень"},{"$i":"month-7-genitive","$v":"Жнівень"},{"$i":"month-8-genitive","$v":"Верасень"},{"$i":"month-9-genitive","$v":"Кастрычнік"},{"$i":"month-10-genitive","$v":"Лістапад"},{"$i":"month-11-genitive","$v":"Снежань"},{"$i":"month-0-short","$v":"Сту"},{"$i":"month-1-short","$v":"Лют"},{"$i":"month-2-short","$v":"Сак"},{"$i":"month-3-short","$v":"Кра"},{"$i":"month-4-short","$v":"Май"},{"$i":"month-5-short","$v":"Чэр"},{"$i":"month-6-short","$v":"Ліп"},{"$i":"month-7-short","$v":"Жні"},{"$i":"month-8-short","$v":"Вер"},{"$i":"month-9-short","$v":"Кас"},{"$i":"month-10-short","$v":"Ліс"},{"$i":"month-11-short","$v":"Снж"},{"$i":"minutes-ago-long","$v":{"few":["Хвілін таму: ",{"t":"idOrVar","v":"value"}],"many":["Хвілін таму: ",{"t":"idOrVar","v":"value"}],"one":"хвіліну таму","other":["Хвілін таму: ",{"t":"idOrVar","v":"value"}],"two":["Хвілін таму: ",{"t":"idOrVar","v":"value"}],"zero":"толькі цяпер"},"$x":[{"t":"idOrVar","v":"plural"},"n"]},{"$i":"hours-ago-long","$v":{"few":["Гадзін таму: ",{"t":"idOrVar","v":"value"}],"many":["Гадзін таму: ",{"t":"idOrVar","v":"value"}],"one":"гадзіну таму","other":["Гадзін таму: ",{"t":"idOrVar","v":"value"}],"two":["Гадзін таму: ",{"t":"idOrVar","v":"value"}],"zero":"толькі цяпер"},"$x":[{"t":"idOrVar","v":"plural"},"n"]},{"$i":"days-ago-long","$v":{"few":["Дзён таму: ",{"t":"idOrVar","v":"value"}],"many":["Дзён таму: ",{"t":"idOrVar","v":"value"}],"one":"учора","other":["Дзён таму: ",{"t":"idOrVar","v":"value"}],"two":["Дзён таму: ",{"t":"idOrVar","v":"value"}],"zero":"сёння"},"$x":[{"t":"idOrVar","v":"plural"},"n"]},{"$i":"weeks-ago-long","$v":{"few":["Тыдняў таму: ",{"t":"idOrVar","v":"value"}],"many":["Тыдняў таму: ",{"t":"idOrVar","v":"value"}],"one":"на мінулым тыдні","other":["Тыдняў таму: ",{"t":"idOrVar","v":"value"}],"two":["Тыдняў таму: ",{"t":"idOrVar","v":"value"}],"zero":"на гэтым тыдні"},"$x":[{"t":"idOrVar","v":"plural"},"n"]},{"$i":"months-ago-long","$v":{"few":["Месяцаў таму: ",{"t":"idOrVar","v":"value"}],"many":["Месяцаў таму: ",{"t":"idOrVar","v":"value"}],"one":"у мінулым месяцы","other":["Месяцаў таму: ",{"t":"idOrVar","v":"value"}],"two":["Месяцаў таму: ",{"t":"idOrVar","v":"value"}],"zero":"у гэтым месяцы"},"$x":[{"t":"idOrVar","v":"plural"},"n"]},{"$i":"years-ago-long","$v":{"few":["Гадоў таму: ",{"t":"idOrVar","v":"value"}],"many":["Гадоў таму: ",{"t":"idOrVar","v":"value"}],"one":"у мінулым годзе","other":["Гадоў таму: ",{"t":"idOrVar","v":"value"}],"two":["Гадоў таму: ",{"t":"idOrVar","v":"value"}],"zero":"у гэтым годзе"},"$x":[{"t":"idOrVar","v":"plural"},"n"]},{"$i":"minutes-until-long","$v":{"few":["праз ",{"t":"idOrVar","v":"value"}," хвілін(-ы)"],"many":["праз ",{"t":"idOrVar","v":"value"}," хвілін(-ы)"],"one":"праз хвіліну","other":["праз ",{"t":"idOrVar","v":"value"}," хвілін(-ы)"],"two":["праз ",{"t":"idOrVar","v":"value"}," хвілін(-ы)"],"zero":"цяпер"},"$x":[{"t":"idOrVar","v":"plural"},"n"]},{"$i":"hours-until-long","$v":{"few":["праз ",{"t":"idOrVar","v":"value"}," гадзін(-ы)"],"many":["праз ",{"t":"idOrVar","v":"value"}," гадзін(-ы)"],"one":"праз гадзіну","other":["праз ",{"t":"idOrVar","v":"value"}," гадзін(-ы)"],"two":["праз ",{"t":"idOrVar","v":"value"}," гадзін(-ы)"],"zero":"цяпер"},"$x":[{"t":"idOrVar","v":"plural"},"n"]},{"$i":"days-until-long","$v":{"few":["праз ",{"t":"idOrVar","v":"value"}," дні(дзён)"],"many":["праз ",{"t":"idOrVar","v":"value"}," дні(дзён)"],"one":"заўтра","other":["праз ",{"t":"idOrVar","v":"value"}," дні(дзён)"],"two":["праз ",{"t":"idOrVar","v":"value"}," дні(дзён)"],"zero":"сёння"},"$x":[{"t":"idOrVar","v":"plural"},"n"]},{"$i":"weeks-until-long","$v":{"few":["праз ",{"t":"idOrVar","v":"value"}," тыдні(-яў)"],"many":["праз ",{"t":"idOrVar","v":"value"}," тыдні(-яў)"],"one":"на наступным тыдні","other":["праз ",{"t":"idOrVar","v":"value"}," тыдні(-яў)"],"two":["праз ",{"t":"idOrVar","v":"value"}," тыдні(-яў)"],"zero":"на гэтым тыдні"},"$x":[{"t":"idOrVar","v":"plural"},"n"]},{"$i":"months-until-long","$v":{"few":["праз ",{"t":"idOrVar","v":"value"}," месяц(-аў)"],"many":["праз ",{"t":"idOrVar","v":"value"}," месяц(-аў)"],"one":"у наступным месяцы","other":["праз ",{"t":"idOrVar","v":"value"}," месяц(-аў)"],"two":["праз ",{"t":"idOrVar","v":"value"}," месяц(-аў)"],"zero":"у гэтым месяцы"},"$x":[{"t":"idOrVar","v":"plural"},"n"]},{"$i":"years-until-long","$v":{"few":["праз ",{"t":"idOrVar","v":"value"}," гады (год)"],"many":["праз ",{"t":"idOrVar","v":"value"}," гады (год)"],"one":"у наступным годзе","other":["праз ",{"t":"idOrVar","v":"value"}," гады (год)"],"two":["праз ",{"t":"idOrVar","v":"value"}," гады (год)"],"zero":"у гэтым годзе"},"$x":[{"t":"idOrVar","v":"plural"},"n"]},{"$i":"minutes-ago-short","$v":{"other":[{"t":"idOrVar","v":"value"},"хв таму"],"zero":"толькі цяпер"},"$x":[{"t":"idOrVar","v":"plural"},"n"]},{"$i":"hours-ago-short","$v":{"other":[{"t":"idOrVar","v":"value"},"гадз таму"],"zero":"толькі цяпер"},"$x":[{"t":"idOrVar","v":"plural"},"n"]},{"$i":"days-ago-short","$v":{"other":[{"t":"idOrVar","v":"value"},"д таму"],"zero":"сёння"},"$x":[{"t":"idOrVar","v":"plural"},"n"]},{"$i":"minutes-until-short","$v":{"other":["праз ",{"t":"idOrVar","v":"value"},"хв"],"zero":"цяпер"},"$x":[{"t":"idOrVar","v":"plural"},"n"]},{"$i":"hours-until-short","$v":{"other":["праз ",{"t":"idOrVar","v":"value"},"гадз"],"zero":"цяпер"},"$x":[{"t":"idOrVar","v":"plural"},"n"]},{"$i":"days-until-short","$v":{"other":["праз ",{"t":"idOrVar","v":"value"},"д"],"zero":"сёння"},"$x":[{"t":"idOrVar","v":"plural"},"n"]},{"$i":"incorrectDate","$v":"(няправільная дата)"},{"$i":"dateTimeFormat_%c","$v":"%a %b %e %Y %I:%M:%S %p"},{"$i":"dateTimeFormat_%x","$v":"%m/%d/%Y"},{"$i":"dateTimeFormat_%X","$v":"%I:%M:%S %p"},{"$i":"shortTimeFormat","$v":"%I:%M %p"},{"$i":"shortTimeFormat12","$v":"%I:%M %p"},{"$i":"shortTimeFormat24","$v":"%H:%M"},{"$i":"shortDateTimeFormat","$v":"%x %I:%M %p"},{"$i":"weekStartsOnMonday","$v":"0.0"},{"$i":"firstDayOfTheWeek","$v":"1.0"},{"$i":"time_am","$v":"Ран."},{"$i":"time_pm","$v":"PM"},{"$i":"softkey-options","$v":"Параметры"}]