[{"$i":"back","$v":"ফিরে যান"},{"$i":"save","$v":"সেভ করুন"},{"$i":"cancel","$v":"বাতিল করুন"},{"$i":"next","$v":"পরবর্তী"},{"$i":"hide","$v":"লুকান"},{"$i":"confirm","$v":"নিশ্চিত করুন"},{"$i":"done","$v":"সম্পন্ন"},{"$i":"events","$v":"ইভেন্টের রিমাইন্ডার"},{"$i":"edit","$v":"সম্পাদনা করুন"},{"$i":"allday-events","$v":"সারা-দিনের ইভেন্টগুলির রিমাইন্ডার"},{"$i":"no-events","$v":"কোনো ইভেন্ট নেই"},{"$i":"default","$v":"ডিফল্ট"},{"$i":"sync","$v":"সিঙ্ক"},{"$i":"repeat","$v":"রিপিট করুন"},{"$i":"never","$v":"কখনও নয়"},{"$i":"every-day","$v":"প্রতিদিন"},{"$i":"every-week","$v":"প্রত্যেক সপ্তাহে"},{"$i":"every-2-weeks","$v":"প্রত্যেক 2 সপ্তাহে"},{"$i":"every-month","$v":"প্রত্যেক মাসে"},{"$i":"view-never","$v":"পুনরাবৃত্তি: কখনো নয়"},{"$i":"view-every-day","$v":"পুনরাবৃত্তি: দৈনিক"},{"$i":"view-every-week","$v":"পুনরাবৃত্তি: সাপ্তাহিক"},{"$i":"view-every-2-weeks","$v":"পুনরাবৃত্তি: প্রতি দুই সপ্তাহে"},{"$i":"view-every-month","$v":"পুনরাবৃত্তি: মাসিক"},{"$i":"repeat-event-header","$v":"এটি একটি পুনরাবৃত্তি ঘটনা।"},{"$i":"delete-this-only","$v":"শুধুমাত্র এটি মুছুন"},{"$i":"delete-all","$v":"সমস্ত মুছে ফেলুন"},{"$i":"event-edit-all","$v":"সমস্ত ইভেন্ট সম্পাদন করুন"},{"$i":"event-edit-all-future","$v":"আগামী সমস্ত ইভেন্ট সম্পাদন করুন"},{"$i":"options","$v":"বিকল্পগুলি"},{"$i":"event-delete-all","$v":"সমস্ত মুছে ফেলুন"},{"$i":"event-delete-all-future","$v":"আগামী সমস্ত ইভেন্ট মুছুন"},{"$i":"delete-account","$v":"অ্যাকাউন্ট মুছুন"},{"$i":"exchange-account","$v":"ActiveSync"},{"$i":"account-user-name","$v":"ইউজার নাম"},{"$i":"incorrect-password-description","$v":"সার্ভারে সাইন ইন করতে অক্ষম, অনুগ্রহ করে নিশ্চিত করুন যে আপনার পাসওয়ার্ডটি সঠিক।"},{"$i":"incorrect-password","$v":"ভুল পাসওয়ার্ড, দয়া করে আবার চেষ্টা করুন I"},{"$i":"account-duplicate","$v":"অ্যাকাউন্ট ইতিমধ্যে বিদ্যমান রয়েছে I সিঙ্কিং অন করা আছে I"},{"$i":"error-account","$v":"সার্ভার উপলব্ধ নেই I অনুগ্রহ করে আবার চেষ্টা করুন।"},{"$i":"error-access-denied","$v":"একটি অজানা ত্রুটি দেখা গেছে,অনুগ্রহ করে কিছুক্ষণ পর আবার চেষ্টা করুন।"},{"$i":"error-time-out","$v":[{"t":"idOrVar","v":"server"},"\" এর সাথে সংযোগ স্থাপন করতে অক্ষম। নেটওয়ার্কের সাথে কোনো সমস্যা হতে পারে।"]},{"$i":"caldav-account-exist","$v":"অ্যাকাউন্টটি ইতিমধ্যে বিদ্যমান।"},{"$i":"save-password","$v":"পাসওয়ার্ড সেভ করা হয়েছে।"},{"$i":"account-login","$v":"অ্যাকাউন্টে লগ ইন"},{"$i":"setting-up-account","$v":"অ্যাকাউন্ট সেট আপ করা হচ্ছে"},{"$i":"setup-account-usedInfo","$v":"এই অ্যাকাউন্টটি নীচের অ্যাপ দ্বারা ব্যবহার করা হবে। আপনি এটি সেটিংস> অ্যাকাউন্টে পরিবর্তন করতে পারেন।"},{"$i":"app-calendar","$v":"ক্যালেন্ডার"},{"$i":"show-today","$v":"আজ"},{"$i":"show-month-view","$v":"মাস"},{"$i":"show-week-view","$v":"সপ্তাহ"},{"$i":"show-day-view","$v":"দিন"},{"$i":"settings-show","$v":"সেটিংস"},{"$i":"settings-hide","$v":"সেটিং লুকান"},{"$i":"add-account","$v":"একটি অ্যাকাউন্ট যোগ করুন"},{"$i":"new-event","$v":"ঘটনা যোগ করুন"},{"$i":"view-event-header","$v":"ইভেন্ট বিবরণ"},{"$i":"new-event-header","$v":"ঘটনা যোগ করুন"},{"$i":"edit-event-header","$v":"ইভেন্ট সম্পাদনা করুন"},{"$i":"account-header","$v":"অ্যাকাউন্ট"},{"$i":"account-list-header","$v":"অ্যাকাউন্টস"},{"$i":"advanced-settings-short-icon-button","ariaLabel":"সেটিংস"},{"$i":"advanced-settings-header","$v":"ক্যালেন্ডার সেটিংস"},{"$i":"advanced-settings-personalization","$v":"আপডেটের ফ্রিকুয়েন্সী"},{"$i":"advanced-settings-reminders","$v":"রিমাইন্ডার"},{"$i":"advanced-settings-add-account","$v":"অ্যাকাউন্ট যোগ করুন"},{"$i":"field-user","$v":"ইউজার নাম"},{"$i":"field-password","$v":"পাসওয়ার্ড"},{"$i":"show-password","$v":"পাসওয়ার্ড দেখান"},{"$i":"field-full-url","$v":"URL"},{"$i":"modify-account-setting-up","$v":"আপনার অ্যাকাউন্ট সেট আপ করার সময় অনুগ্রহ করে অপেক্ষা করুন"},{"$i":"modify-account-unable-to-sync","$v":"সিঙ্ক করতে অক্ষম"},{"$i":"modify-account-sign-in","$v":"সাইন ইন করুন"},{"$i":"kai-caldav","$v":"CalDav"},{"$i":"kai-yahoo","$v":"ইয়াহু!"},{"$i":"kai-google","$v":"গুগল"},{"$i":"preset-mozilla","$v":"Mozilla Zimbra"},{"$i":"calendar-local","$v":"ফোন ক্যালেন্ডার"},{"$i":"event-title","$v":"শিরোনাম"},{"$i":"event-location","$v":"অবস্থান"},{"$i":"event-description","$v":"নোট"},{"$i":"event-is-allday","$v":"সারা-দিনের ইভেন্ট"},{"$i":"event-start-date","$v":"শুরুর তারিখ"},{"$i":"event-end-date","$v":"সমাপ্তি তারিখ"},{"$i":"event-start-time","$v":"শুরুর সময়"},{"$i":"event-end-time","$v":"সমাপ্তি সময়"},{"$i":"event-delete","$v":"ইভেন্ট মুছুন"},{"$i":"event-is-deleting","$v":"মুছে ফেলা হচ্ছে..."},{"$i":"remove-account-data","$v":"ক্যালেন্ডার অ্যাকাউন্ট সরান"},{"$i":"remove-account-dialog","$v":"অ্যাকাউন্ট সরান"},{"$i":"remove-account-dialog-details","$v":["আপনার ডিভাইস থেকে \"",{"t":"idOrVar","v":"email"},"\" সরান ?"]},{"$i":"remove","$v":"সরান"},{"$i":"drawer-sync-icon-button","ariaLabel":"সিঙ্ক"},{"$i":"sync-progress-syncing","ariaValueText":"সিঙ্ক হচ্ছে"},{"$i":"sync-progress-complete","ariaValueText":"সিঙ্ক শেষ হয়েছে"},{"$i":"sync-frequency","$v":"ক্যালেন্ডার সিঙ্ক করুন"},{"$i":"sync-frequency-15min","$v":"প্রত্যেক 15 মিনিটে"},{"$i":"sync-frequency-30min","$v":"প্রত্যেক 30 মিনিটে"},{"$i":"sync-frequency-manual","$v":"ম্যানুয়ালি"},{"$i":"from","$v":"থেকে"},{"$i":"to","$v":"প্রতি"},{"$i":"one-day-duration-title","$v":[{"t":"idOrVar","v":"startDate"}]},{"$i":"one-day-duration-content","$v":[{"t":"idOrVar","v":"startTime"}," থেকে ",{"t":"idOrVar","v":"endTime"}," পর্য্যন্ত"]},{"$i":"multiple-day-duration-title","$v":[{"t":"idOrVar","v":"startTime"}," ",{"t":"idOrVar","v":"startDate"}]},{"$i":"multiple-day-duration-content","$v":[{"t":"idOrVar","v":"endTime"}," ",{"t":"idOrVar","v":"endDate"}]},{"$i":"one-all-day-duration-title","$v":[{"t":"idOrVar","v":"startDate"}]},{"$i":"all-day-duration-content","$v":"সমস্ত দিনের ইভেন্ট"},{"$i":"multiple-all-day-duration-title","$v":[{"t":"idOrVar","v":"startDate"}," থেকে"]},{"$i":"multiple-all-day-duration-content","$v":[{"t":"idOrVar","v":"endDate"},"-পর্য্যন্ত"]},{"$i":"none","$v":"কোনো কিছুই নয়"},{"$i":"reminder","$v":"ইভেন্টের রিমাইন্ডার"},{"$i":"remind-me","$v":"আমাকে মনে করুন"},{"$i":"alarm-at-event-standard","$v":"ইভেন্টের সময়"},{"$i":"alarm-at-event-allday","$v":"ইভেন্টের দিন"},{"$i":"alarm-at-event-allday-hour12","$v":"ইভেন্টের দিন (সকাল 9:00 টায়)"},{"$i":"alarm-at-event-allday-hour24","$v":"ইভেন্টের দিন (9:00 টায়)"},{"$i":"alarm-start-notice","$v":[{"t":"idOrVar","v":"title"}," থেকে শুরু ",{"t":"idOrVar","v":"distance"}]},{"$i":"alarm-started-notice","$v":[{"t":"idOrVar","v":"title"}," থেকে শুরু হয়েছে ",{"t":"idOrVar","v":"distance"}]},{"$i":"alarm-start-notice-two-days","$v":[{"t":"idOrVar","v":"title"}," দুই দিনে শুরু হবে"]},{"$i":"alarm-start-notice-few-days","$v":[{"t":"idOrVar","v":"distance"}," থেকে শুরু হচ্ছে ",{"t":"idOrVar","v":"title"}]},{"$i":"days-before-hour12","$v":{"few":[{"t":"idOrVar","v":"value"}," দিন আগে (সকাল 9:00 টায়)"],"many":[{"t":"idOrVar","v":"value"}," দিন আগে (সকাল 9:00 টায়)"],"one":"1 দিন আগে (সকাল 9:00 টায়)","other":[{"t":"idOrVar","v":"value"}," দিন আগে (সকাল 9:00 টায়)"],"two":[{"t":"idOrVar","v":"value"}," দিন আগে (সকাল 9:00 টায়)"],"zero":"0 দিন আগে (সকাল 9:00 টায়)"},"$x":[{"t":"idOrVar","v":"plural"},"value"]},{"$i":"weeks-before-hour12","$v":{"few":[{"t":"idOrVar","v":"value"}," সপ্তাহ আগে (সকাল 9:00 টায়)"],"many":[{"t":"idOrVar","v":"value"}," সপ্তাহ আগে (সকাল 9:00 টায়)"],"one":"1 সপ্তাহ আগে (সকাল  9:00 টায়)","other":[{"t":"idOrVar","v":"value"}," সপ্তাহ আগে (সকাল 9:00 টায়)"],"two":[{"t":"idOrVar","v":"value"}," সপ্তাহ আগে (সকাল 9:00 টায়)"],"zero":"0 সপ্তাহ আগে (সকাল 9:00 টায়)"},"$x":[{"t":"idOrVar","v":"plural"},"value"]},{"$i":"days-before-hour24","$v":{"few":[{"t":"idOrVar","v":"value"}," দিন আগে (9:00 টায়)"],"many":[{"t":"idOrVar","v":"value"}," দিন আগে (9:00 টায়)"],"one":"1 দিন আগে (9:00 টায়)","other":[{"t":"idOrVar","v":"value"}," দিন আগে (9:00 টায়)"],"two":[{"t":"idOrVar","v":"value"}," দিন আগে (9:00 টায়)"],"zero":"0 দিন আগে (9:00 টায়)"},"$x":[{"t":"idOrVar","v":"plural"},"value"]},{"$i":"weeks-before-hour24","$v":{"few":[{"t":"idOrVar","v":"value"}," সপ্তাহ আগে (9:00 টায়)"],"many":[{"t":"idOrVar","v":"value"}," সপ্তাহ আগে (9:00 টায়)"],"one":"1 সপ্তাহ আগে (9:00 টায়)","other":[{"t":"idOrVar","v":"value"}," সপ্তাহ আগে (9:00 টায়)"],"two":[{"t":"idOrVar","v":"value"}," সপ্তাহ আগে (9:00 টায়)"],"zero":"0 সপ্তাহ আগে (9:00 টায়)"},"$x":[{"t":"idOrVar","v":"plural"},"value"]},{"$i":"minutes-before","$v":{"few":[{"t":"idOrVar","v":"value"}," মিনিট আগে"],"many":[{"t":"idOrVar","v":"value"}," মিনিট আগে"],"one":"1 মিনিট আগে","other":[{"t":"idOrVar","v":"value"}," মিনিট আগে"],"two":[{"t":"idOrVar","v":"value"}," মিনিট আগে"],"zero":"0 মিনিট আগে"},"$x":[{"t":"idOrVar","v":"plural"},"value"]},{"$i":"hours-before","$v":{"few":[{"t":"idOrVar","v":"value"}," ঘন্টা আগে"],"many":[{"t":"idOrVar","v":"value"}," ঘন্টা আগে"],"one":"1 ঘন্টা আগে","other":[{"t":"idOrVar","v":"value"}," ঘন্টা আগে"],"two":[{"t":"idOrVar","v":"value"}," ঘন্টা আগে"],"zero":"0 ঘন্টা আগে"},"$x":[{"t":"idOrVar","v":"plural"},"value"]},{"$i":"days-before","$v":{"few":[{"t":"idOrVar","v":"value"}," দিন আগে"],"many":[{"t":"idOrVar","v":"value"}," দিন আগে"],"one":"1 দিন আগে","other":[{"t":"idOrVar","v":"value"}," দিন আগে"],"two":[{"t":"idOrVar","v":"value"}," দিন আগে"],"zero":"0 দিন আগে"},"$x":[{"t":"idOrVar","v":"plural"},"value"]},{"$i":"weeks-before","$v":{"few":[{"t":"idOrVar","v":"value"}," সপ্তাহ আগে"],"many":[{"t":"idOrVar","v":"value"}," সপ্তাহ আগে"],"one":"1 সপ্তাহ আগে","other":[{"t":"idOrVar","v":"value"}," সপ্তাহ আগে"],"two":[{"t":"idOrVar","v":"value"}," সপ্তাহ আগে"],"zero":"0 সপ্তাহ আগে"},"$x":[{"t":"idOrVar","v":"plural"},"value"]},{"$i":"months-before","$v":{"few":[{"t":"idOrVar","v":"value"}," মাস আগে"],"many":[{"t":"idOrVar","v":"value"}," মাস আগে"],"one":"1 মাস আগে","other":[{"t":"idOrVar","v":"value"}," মাস আগে"],"two":[{"t":"idOrVar","v":"value"}," মাস আগে"],"zero":"0 মাস আগে"},"$x":[{"t":"idOrVar","v":"plural"},"value"]},{"$i":"years-before","$v":{"few":[{"t":"idOrVar","v":"value"}," বছর আগে"],"many":[{"t":"idOrVar","v":"value"}," বছর আগে"],"one":"1 বছর আগে","other":[{"t":"idOrVar","v":"value"}," বছর আগে"],"two":[{"t":"idOrVar","v":"value"}," বছর আগে"],"zero":"0 বছর আগে"},"$x":[{"t":"idOrVar","v":"plural"},"value"]},{"$i":"minutes-after","$v":{"few":[{"t":"idOrVar","v":"value"}," মিনিট পরে"],"many":[{"t":"idOrVar","v":"value"}," মিনিট পরে"],"one":"1 মিনিট পরে","other":[{"t":"idOrVar","v":"value"}," মিনিট পরে"],"two":[{"t":"idOrVar","v":"value"}," মিনিট পরে"],"zero":"0 মিনিট পরে"},"$x":[{"t":"idOrVar","v":"plural"},"value"]},{"$i":"hours-after","$v":{"few":[{"t":"idOrVar","v":"value"}," ঘন্টা পরে"],"many":[{"t":"idOrVar","v":"value"}," ঘন্টা পরে"],"one":"1 ঘন্টা পরে","other":[{"t":"idOrVar","v":"value"}," ঘন্টা পরে"],"two":[{"t":"idOrVar","v":"value"}," ঘন্টা পরে"],"zero":"0 ঘন্টা পরে"},"$x":[{"t":"idOrVar","v":"plural"},"value"]},{"$i":"days-after","$v":{"few":[{"t":"idOrVar","v":"value"}," দিন পরে"],"many":[{"t":"idOrVar","v":"value"}," দিন পরে"],"one":"1 দিন পরে","other":[{"t":"idOrVar","v":"value"}," দিন পরে"],"two":[{"t":"idOrVar","v":"value"}," দিন পরে"],"zero":"0 দিন পরে"},"$x":[{"t":"idOrVar","v":"plural"},"value"]},{"$i":"weeks-after","$v":{"few":[{"t":"idOrVar","v":"value"}," সপ্তাহ পরে"],"many":[{"t":"idOrVar","v":"value"}," সপ্তাহ পরে"],"one":"1 সপ্তাহ পরে","other":[{"t":"idOrVar","v":"value"}," সপ্তাহ পরে"],"two":[{"t":"idOrVar","v":"value"}," সপ্তাহ পরে"],"zero":"0 সপ্তাহ পরে"},"$x":[{"t":"idOrVar","v":"plural"},"value"]},{"$i":"months-after","$v":{"few":[{"t":"idOrVar","v":"value"}," মাস পরে"],"many":[{"t":"idOrVar","v":"value"}," মাস পরে"],"one":"1 মাস পরে","other":[{"t":"idOrVar","v":"value"}," মাস পরে"],"two":[{"t":"idOrVar","v":"value"}," মাস পরে"],"zero":"0 মাস পরে"},"$x":[{"t":"idOrVar","v":"plural"},"value"]},{"$i":"years-after","$v":{"few":[{"t":"idOrVar","v":"value"}," বছর পরে"],"many":[{"t":"idOrVar","v":"value"}," বছর পরে"],"one":"1 বছর পরে","other":[{"t":"idOrVar","v":"value"}," বছর পরে"],"two":[{"t":"idOrVar","v":"value"}," বছর পরে"],"zero":"0 বছর পরে"},"$x":[{"t":"idOrVar","v":"plural"},"value"]},{"$i":"hour-format12","$v":"%I %p"},{"$i":"hour-format24","$v":"%H"},{"$i":"week-hour-format12","$v":"%I %p"},{"$i":"week-hour-format24","$v":"%H"},{"$i":"hour-allday","$v":"সমস্ত দিন"},{"$i":"kai-week-day","$v":"%a\\n%e"},{"$i":"current-time12","$v":"%I:%M"},{"$i":"current-time24","$v":"%H:%M"},{"$i":"multi-month-view-header-format","$v":"%B %Y"},{"$i":"day-view-header-format","$v":"%A, %B %e"},{"$i":"months-day-view-header-format","$v":"%A, %B %e"},{"$i":"months-day-view-header-format-small","$v":{"$o":"%a <br/> %b, %e"}},{"$i":"week-view-header-format","$v":["সপ্তাহ ",{"t":"idOrVar","v":"value"},", %B %Y"]},{"$i":"longDateFormat","$v":"%A, %B %d, %Y"},{"$i":"longTimeFormat","$v":"%A %B %d"},{"$i":"longTimeFormat12","$v":"%A %B %d %I %p"},{"$i":"longTimeFormat24","$v":"%A %B %d %H-টা"},{"$i":"weekTimeFormat12","$v":"%I %p"},{"$i":"weekTimeFormat24","$v":"%H-টা"},{"$i":"weekDayFormat","$v":"%A the %d"},{"$i":"alldayLongTimeFormat","$v":"%A %B %d সারা দিন"},{"$i":"dayHour12","$v":"%I %p"},{"$i":"dayHour24","$v":"%H-টা"},{"$i":"longDateTime12","$v":"%I %p, %a, %d %b, %Y"},{"$i":"longDateTime24","$v":"%H, %a, %d %b, %Y"},{"$i":"upcoming-events","$v":"আসন্ন ইভেন্ট"},{"$i":"search-results","$v":"অনুসন্ধানের ফলাফলগুলি"},{"$i":"no-event-found","$v":"কোনো ইভেন্ট পাওয়া যায় নি"},{"$i":"longDateTimeNew12","$v":"%a, %B %e, %Y, %I:%M %p"},{"$i":"longDateTimeNew24","$v":"%a, %B %e, %Y, %H:%M"},{"$i":"error-start-date-after-end-date","$v":"ইভেন্টটি তার শুরুর তারিখের আগে শেষ হতে পারে না ।"},{"$i":"error-start-time-after-end-time","$v":"ইভেন্টটি তার শুরুর সময়ের আগে শেষ হতে পারে না ।"},{"$i":"error-unauthenticated","$v":"ভুল ইউজার নেম বা পাসওয়ার্ড, অনুগ্রহ করে আবার চেষ্টা করুন ।"},{"$i":"error-internal-server-error","$v":"সার্ভারের ত্রুটি, অনুগ্রহ করে আবার চেষ্টা করুন।"},{"$i":"error-unkown","$v":"সার্ভার উপলব্ধ নেই I অনুগ্রহ করে আবার চেষ্টা করুন।"},{"$i":"error-default","$v":"কিছু ভুল হয়েছে। পরে আবার চেষ্টা করুন।"},{"$i":"error-offline","$v":"ইন্টারনেটের সঙ্গে সংযোগ করা যাবে না। ইন্টারনেট ব্যবহার করতে আপনি WiFi বা মোবাইল ডেটা ব্যবহার করতে পারেন ।"},{"$i":"error-account-exist","$v":"এই অ্যাকাউন্টটি ইতিমধ্যেই রয়েছে ।"},{"$i":"error-confirmation-title","$v":"ত্রুটি"},{"$i":"error-edit-online-event","$v":"ইন্টারনেট সংযোগ না থাকার কারণে অনলাইন ইভেন্ট সম্পাদনা করতে ব্যর্থ হয়েছে ।"},{"$i":"error-delete-online-event","$v":"ইন্টারনেট সংযোগ না থাকার কারণে অনলাইন ইভেন্ট মুছতে ব্যর্থ হয়েছে ।"},{"$i":"notification-error-sync-title","$v":"ক্যালেন্ডার সিঙ্ক করার সময় ত্রুটি"},{"$i":"notification-error-sync-description","$v":"অধিক তথ্যের জন্য ট্যাপ করুন"},{"$i":"notification-error-caldav-sync-title","$v":"অ্যাকাউন্টের ত্রুটি"},{"$i":"notification-error-caldav-sync-description","$v":"আবার লগইন করুন"},{"$i":"weekday-0-single-char","$v":"S","ariaLabel":"রবিবার"},{"$i":"weekday-1-single-char","$v":"M","ariaLabel":"সোমবার"},{"$i":"weekday-2-single-char","$v":"T","ariaLabel":"মঙ্গলবার"},{"$i":"weekday-3-single-char","$v":"W","ariaLabel":"বুধবার"},{"$i":"weekday-4-single-char","$v":"T","ariaLabel":"বৃহস্পতিবার"},{"$i":"weekday-5-single-char","$v":"F","ariaLabel":"শুক্রবার"},{"$i":"weekday-6-single-char","$v":"S","ariaLabel":"শনিবার"},{"$i":"busy","$v":{"few":[{"t":"idOrVar","v":"n"},"টি ইভেন্ট"],"many":[{"t":"idOrVar","v":"n"},"টি ইভেন্ট"],"one":[{"t":"idOrVar","v":"n"},"টি ইভেন্ট"],"other":[{"t":"idOrVar","v":"n"},"টি ইভেন্ট"],"two":[{"t":"idOrVar","v":"n"},"টি ইভেন্ট"],"zero":"কোনো ইভেন্ট নেই"},"$x":[{"t":"idOrVar","v":"plural"},"n"]},{"$i":"present","ariaLabel":"আজ"},{"$i":"past-other-month-description","ariaLabel":"অন্য মাস"},{"$i":"future-other-month-description","ariaLabel":"অন্য মাস"},{"$i":"icon-calendar-alarm","ariaLabel":"অ্যালার্ম আছে"},{"$i":"calendars","ariaLabel":"ক্যালেন্ডার"},{"$i":"multi-day-new-event-link","ariaLabel":"ঘটনা যোগ করুন"},{"$i":"title","ariaLabel":"শিরোনাম"},{"$i":"location","ariaLabel":"অবস্থান"},{"$i":"duration","ariaLabel":"সময়কাল"},{"$i":"calendar","ariaLabel":"ক্যালেন্ডার"},{"$i":"alarms","ariaLabel":"অ্যালার্মগুলি"},{"$i":"description","ariaLabel":"বিবরণ"},{"$i":"start-date","ariaLabel":"শুরুর তারিখ"},{"$i":"start-time","ariaLabel":"শুরুর সময়"},{"$i":"end-date","ariaLabel":"সমাপ্তি তারিখ"},{"$i":"end-time","ariaLabel":"সমাপ্তি সময়"},{"$i":"during-progress-loading","ariaValueText":"লোড হচ্ছে"},{"$i":"all-day","ariaLabel":"সমস্ত দিন"},{"$i":"create-event","ariaLabel":"ইভেন্ট তৈরি করুন"},{"$i":"create-all-day-event","ariaLabel":"সকল দিনের ইভেন্ট তৈরি করুন"},{"$i":"event-one-day-duration","ariaLabel":[{"t":"idOrVar","v":"startTime"}," থেকে ",{"t":"idOrVar","v":"endTime"}," পর্যন্ত"]},{"$i":"week-event-one-day-duration","ariaLabel":[{"t":"idOrVar","v":"startDate"}," এর ",{"t":"idOrVar","v":"startTime"},"থেকে ",{"t":"idOrVar","v":"endTime"}," পর্য্যন্ত"]},{"$i":"event-multiple-day-duration","ariaLabel":[{"t":"idOrVar","v":"startTime"}," ",{"t":"idOrVar","v":"startDate"}," থেকে ",{"t":"idOrVar","v":"endTime"}," ",{"t":"idOrVar","v":"endDate"}," পর্যন্ত"]},{"$i":"kai-event-added","$v":"ইভেন্ট যোগ করা হয়েছে।"},{"$i":"kai-event-updated","$v":"ইভেন্ট আপডেট করা হয়েছে।"},{"$i":"kai-event-deleted","$v":"ইভেন্ট মুছে ফেলা হয়েছে।"},{"$i":"kai-change-save","$v":"পরিবর্তনগুলি সেভ করা হয়েছে"},{"$i":"event-sync-failure","$v":"সিঙ্ক করতে অক্ষম"},{"$i":"kai-event-calendar","$v":"ক্যালেন্ডার"},{"$i":"kai-single-event","$v":"ইভেন্ট"},{"$i":"kai-event-count","$v":"ইভেন্টগুলি"},{"$i":"kai-sync-progress-syncing","$v":"সিঙ্ক হচ্ছে"},{"$i":"kai-sync-progress-complete","$v":"ক্যালেন্ডার আপ টু ডেট রয়েছে।"},{"$i":"kai-settings-sounds","$v":"ধ্বনি"},{"$i":"kai-tones","$v":"টোন"},{"$i":"kai-multi-events","$v":"ইভেন্টগুলি"},{"$i":"kai-confirmation-title","$v":"নিশ্চিতকরণ"},{"$i":"kai-delete-selectedEvent-confirmation","$v":"নির্বাচিত ইভেন্ট মুছুন ?"},{"$i":"kai-deleteEvent-confirmation","$v":"ইভেন্ট মুছুন ?"},{"$i":"kai-event-search-header","$v":"অনুসন্ধান করুন","placeholder":"অনুসন্ধান করুন"},{"$i":"kai-event-search-upcoming-events","$v":"আসন্ন ইভেন্ট"},{"$i":"kai-delete","$v":"মুছুন"},{"$i":"kai-cancel","$v":"বাতিল করুন"},{"$i":"kai-dialog-delete-sel","$v":"আপনি কি বেছে নেওয়া ইভেন্টগুলিকে মুছে ফেলতে চান ?"},{"$i":"kai-delete-title","$v":"ইভেন্ট মুছুন"},{"$i":"kai-save-changes","$v":"সেভ পরিবর্তন করুন ?"},{"$i":"kai-save-message-back","$v":"লেখা সকল ডেটা হারিয়ে যাবে। আপনি কি সেভ পরিবর্তন করতে চান ?"},{"$i":"kai-save-message-close","$v":"ডেটা লস সহ অ্যাপ্লিকেশন অফ করা হবে। আপনি কি সেভ পরিবর্তন করতে চান ?"},{"$i":"yes","$v":"হ্যাঁ"},{"$i":"no","$v":"না"},{"$i":"confirmation","$v":"নিশ্চিতকরণ"},{"$i":"ok","$v":"ঠিক আছে"},{"$i":"delete-event","$v":"নির্বাচিত ইভেন্ট মুছুন ?"},{"$i":"edit-event-no-net","$v":"কোনো ইন্টারনেট সংযোগ না থাকার জন্য অনলাইন ইভেন্ট সম্পাদন করতে ব্যর্থ।"},{"$i":"kai-settings-header","$v":"প্রদর্শন করতে ক্যালেন্ডার"},{"$i":"kai-syncing","$v":"সিঙ্ক হচ্ছে ..."},{"$i":"kai-syncing-header","$v":"অ্যাকাউন্ট সমন্বয়ণ"},{"$i":"select","$v":"নির্বাচন করুন"},{"$i":"add-event","$v":"যোগ করুন"},{"$i":"week-view","$v":"সাপ্তাহিক ভিউ"},{"$i":"day-view","$v":"দিন হিসাবে"},{"$i":"month-view","$v":"মাস হিসাবে"},{"$i":"today","$v":"আজ"},{"$i":"go","$v":"তারিখে যান"},{"$i":"search","$v":"অনুসন্ধান করুন"},{"$i":"calendar-to-display","$v":"প্রদর্শন করতে ক্যালেন্ডার"},{"$i":"settings","$v":"সেটিংস"},{"$i":"delete","$v":"মুছুন"},{"$i":"enter","$v":"লিখুন"},{"$i":"sync-calendar","$v":"ক্যালেন্ডার সিঙ্ক করুন"},{"$i":"lunar-calendar","$v":"চান্দ্র দিন"},{"$i":"present-description","$v":["আজ ",{"t":"idOrVar","v":"weekday"}," ",{"t":"idOrVar","v":"date"}]},{"$i":"day-description","$v":[{"t":"idOrVar","v":"Weekday"},", ",{"t":"idOrVar","v":"date"}]},{"$i":"weekday-5","$v":"শুক্রবার"},{"$i":"weekday-4","$v":"বৃহস্পতিবার"},{"$i":"weekday-3","$v":"বুধবার"},{"$i":"weekday-2","$v":"মঙ্গলবার"},{"$i":"weekday-1","$v":"সোমবার"},{"$i":"weekday-0","$v":"রবিবার"},{"$i":"weekday-6","$v":"শনিবার"},{"$i":"no-title","$v":"(কোনো শিরোনাম নেই)"},{"$i":"weekday-0-long","$v":"রবিবার"},{"$i":"weekday-1-long","$v":"সোমবার"},{"$i":"weekday-2-long","$v":"মঙ্গলবার"},{"$i":"weekday-3-long","$v":"বুধবার"},{"$i":"weekday-4-long","$v":"বৃহস্পতিবার"},{"$i":"weekday-5-long","$v":"শুক্রবার"},{"$i":"weekday-6-long","$v":"শনিবার"},{"$i":"weekday-0-short","$v":"রবি"},{"$i":"weekday-1-short","$v":"সোম"},{"$i":"weekday-2-short","$v":"মঙ্গল"},{"$i":"weekday-3-short","$v":"বুধ"},{"$i":"weekday-4-short","$v":"বৃহস্পতি"},{"$i":"weekday-5-short","$v":"শুক্র"},{"$i":"weekday-6-short","$v":"শনি"},{"$i":"month-0-long","$v":"জানুয়ারি"},{"$i":"month-1-long","$v":"ফেব্রুয়ারি"},{"$i":"month-2-long","$v":"মার্চ"},{"$i":"month-3-long","$v":"এপ্রিল"},{"$i":"month-4-long","$v":"মে"},{"$i":"month-5-long","$v":"জুন"},{"$i":"month-6-long","$v":"জুলাই"},{"$i":"month-7-long","$v":"আগস্ট"},{"$i":"month-8-long","$v":"সেপ্টেম্বর"},{"$i":"month-9-long","$v":"অক্টোবর"},{"$i":"month-10-long","$v":"নভেম্বর"},{"$i":"month-11-long","$v":"ডিসেম্বর"},{"$i":"month-0-genitive","$v":"জানুয়ারি"},{"$i":"month-1-genitive","$v":"ফেব্রুয়ারি"},{"$i":"month-2-genitive","$v":"মার্চ"},{"$i":"month-3-genitive","$v":"এপ্রিল"},{"$i":"month-4-genitive","$v":"মে"},{"$i":"month-5-genitive","$v":"জুন"},{"$i":"month-6-genitive","$v":"জুলাই"},{"$i":"month-7-genitive","$v":"আগস্ট"},{"$i":"month-8-genitive","$v":"সেপ্টেম্বর"},{"$i":"month-9-genitive","$v":"অক্টোবর"},{"$i":"month-10-genitive","$v":"নভেম্বর"},{"$i":"month-11-genitive","$v":"ডিসেম্বর"},{"$i":"month-0-short","$v":"জানুয়ারী"},{"$i":"month-1-short","$v":"ফেব্রুয়ারি"},{"$i":"month-2-short","$v":"মার্চ"},{"$i":"month-3-short","$v":"এপ্রিল"},{"$i":"month-4-short","$v":"মে"},{"$i":"month-5-short","$v":"জুন"},{"$i":"month-6-short","$v":"জুলাই"},{"$i":"month-7-short","$v":"আগস্ট"},{"$i":"month-8-short","$v":"সেপ্টেম্বর"},{"$i":"month-9-short","$v":"অক্টোবর"},{"$i":"month-10-short","$v":"নভেম্বর"},{"$i":"month-11-short","$v":"ডিসেম্বর"},{"$i":"minutes-ago-long","$v":{"few":[{"t":"idOrVar","v":"value"}," মিনিট আগে"],"many":[{"t":"idOrVar","v":"value"}," মিনিট আগে"],"one":"এক মিনিট আগে","other":[{"t":"idOrVar","v":"value"}," মিনিট আগে"],"two":[{"t":"idOrVar","v":"value"}," মিনিট আগে"],"zero":"এখনই"},"$x":[{"t":"idOrVar","v":"plural"},"value"]},{"$i":"hours-ago-long","$v":{"few":[{"t":"idOrVar","v":"value"}," ঘন্টা আগে"],"many":[{"t":"idOrVar","v":"value"}," ঘন্টা আগে"],"one":"এক ঘন্টা আগে","other":[{"t":"idOrVar","v":"value"}," ঘন্টা আগে"],"two":[{"t":"idOrVar","v":"value"}," ঘন্টা আগে"],"zero":"এখনই"},"$x":[{"t":"idOrVar","v":"plural"},"value"]},{"$i":"days-ago-long","$v":{"few":[{"t":"idOrVar","v":"value"}," দিন আগে"],"many":[{"t":"idOrVar","v":"value"}," দিন আগে"],"one":"গতকাল","other":[{"t":"idOrVar","v":"value"}," দিন আগে"],"two":[{"t":"idOrVar","v":"value"}," দিন আগে"],"zero":"আজ"},"$x":[{"t":"idOrVar","v":"plural"},"value"]},{"$i":"weeks-ago-long","$v":{"few":[{"t":"idOrVar","v":"value"}," সপ্তাহ আগে"],"many":[{"t":"idOrVar","v":"value"}," সপ্তাহ আগে"],"one":"গত সপ্তাহ","other":[{"t":"idOrVar","v":"value"}," সপ্তাহ আগে"],"two":[{"t":"idOrVar","v":"value"}," সপ্তাহ আগে"],"zero":"এই সপ্তাহ"},"$x":[{"t":"idOrVar","v":"plural"},"value"]},{"$i":"months-ago-long","$v":{"few":[{"t":"idOrVar","v":"value"}," মাস আগে"],"many":[{"t":"idOrVar","v":"value"}," মাস আগে"],"one":"গত মাস","other":[{"t":"idOrVar","v":"value"}," মাস আগে"],"two":[{"t":"idOrVar","v":"value"}," মাস আগে"],"zero":"এই মাস"},"$x":[{"t":"idOrVar","v":"plural"},"value"]},{"$i":"years-ago-long","$v":{"few":[{"t":"idOrVar","v":"value"}," বছর আগে"],"many":[{"t":"idOrVar","v":"value"}," বছর আগে"],"one":"গত বছর","other":[{"t":"idOrVar","v":"value"}," বছর আগে"],"two":[{"t":"idOrVar","v":"value"}," বছর আগে"],"zero":"এই বছর"},"$x":[{"t":"idOrVar","v":"plural"},"value"]},{"$i":"minutes-until-long","$v":{"few":[{"t":"idOrVar","v":"value"}," মিনিটে"],"many":[{"t":"idOrVar","v":"value"}," মিনিটে"],"one":"এক মিনিটে","other":[{"t":"idOrVar","v":"value"}," মিনিটে"],"two":[{"t":"idOrVar","v":"value"}," মিনিটে"],"zero":"এখন"},"$x":[{"t":"idOrVar","v":"plural"},"value"]},{"$i":"hours-until-long","$v":{"few":[{"t":"idOrVar","v":"value"}," ঘন্টায়"],"many":[{"t":"idOrVar","v":"value"}," ঘন্টায়"],"one":"এক ঘন্টায়","other":[{"t":"idOrVar","v":"value"}," ঘন্টায়"],"two":[{"t":"idOrVar","v":"value"}," ঘন্টায়"],"zero":"এখন"},"$x":[{"t":"idOrVar","v":"plural"},"value"]},{"$i":"days-until-long","$v":{"few":[{"t":"idOrVar","v":"value"}," দিনে"],"many":[{"t":"idOrVar","v":"value"}," দিনে"],"one":"আগামীকাল","other":[{"t":"idOrVar","v":"value"}," দিনে"],"two":[{"t":"idOrVar","v":"value"}," দিনে"],"zero":"আজ"},"$x":[{"t":"idOrVar","v":"plural"},"value"]},{"$i":"weeks-until-long","$v":{"few":[{"t":"idOrVar","v":"value"}," সপ্তাহে"],"many":[{"t":"idOrVar","v":"value"}," সপ্তাহে"],"one":"পরের সপ্তাহ","other":[{"t":"idOrVar","v":"value"}," সপ্তাহে"],"two":[{"t":"idOrVar","v":"value"}," সপ্তাহে"],"zero":"এই সপ্তাহ"},"$x":[{"t":"idOrVar","v":"plural"},"value"]},{"$i":"months-until-long","$v":{"few":[{"t":"idOrVar","v":"value"}," মাসে"],"many":[{"t":"idOrVar","v":"value"}," মাসে"],"one":"পরের মাস","other":[{"t":"idOrVar","v":"value"}," মাসে"],"two":[{"t":"idOrVar","v":"value"}," মাসে"],"zero":"এই মাস"},"$x":[{"t":"idOrVar","v":"plural"},"value"]},{"$i":"years-until-long","$v":{"few":[{"t":"idOrVar","v":"value"}," বছরে"],"many":[{"t":"idOrVar","v":"value"}," বছরে"],"one":"পরের বছর","other":[{"t":"idOrVar","v":"value"}," বছরে"],"two":[{"t":"idOrVar","v":"value"}," বছরে"],"zero":"এই বছর"},"$x":[{"t":"idOrVar","v":"plural"},"value"]},{"$i":"minutes-ago-short","$v":{"other":[{"t":"idOrVar","v":"value"},"মিনিট আগে"],"zero":"এখনই"},"$x":[{"t":"idOrVar","v":"plural"},"value"]},{"$i":"hours-ago-short","$v":{"other":[{"t":"idOrVar","v":"value"},"ঘন্টা আগে"],"zero":"এখনই"},"$x":[{"t":"idOrVar","v":"plural"},"value"]},{"$i":"days-ago-short","$v":{"other":[{"t":"idOrVar","v":"value"},"দিন আগে"],"zero":"আজ"},"$x":[{"t":"idOrVar","v":"plural"},"value"]},{"$i":"minutes-until-short","$v":{"other":[{"t":"idOrVar","v":"value"},"মাসে"],"zero":"এখন"},"$x":[{"t":"idOrVar","v":"plural"},"value"]},{"$i":"hours-until-short","$v":{"other":[{"t":"idOrVar","v":"value"},"ঘন্টায়"],"zero":"এখন"},"$x":[{"t":"idOrVar","v":"plural"},"value"]},{"$i":"days-until-short","$v":{"other":[{"t":"idOrVar","v":"value"},"দিনে"],"zero":"আজ"},"$x":[{"t":"idOrVar","v":"plural"},"value"]},{"$i":"incorrectDate","$v":"(ভুল তারিখ)"},{"$i":"dateTimeFormat_%c","$v":"%a %b %e %Y %I:%M:%S %p"},{"$i":"dateTimeFormat_%x","$v":"%m/%d/%Y"},{"$i":"dateTimeFormat_%X","$v":"%I:%M:%S %p"},{"$i":"shortTimeFormat","$v":"%I:%M %p"},{"$i":"shortTimeFormat12","$v":"%I:%M %p"},{"$i":"shortTimeFormat24","$v":"%H:%M"},{"$i":"shortDateTimeFormat","$v":"%x %I:%M %p"},{"$i":"weekStartsOnMonday","$v":"0.0"},{"$i":"firstDayOfTheWeek","$v":"0.0"},{"$i":"time_am","$v":"AM"},{"$i":"time_pm","$v":"PM"},{"$i":"softkey-options","$v":"বিকল্পগুলি"}]