[{"$i":"back","$v":"Zpět"},{"$i":"save","$v":"Uložit"},{"$i":"cancel","$v":"Zrušit"},{"$i":"next","$v":"Další"},{"$i":"hide","$v":"Skrýt"},{"$i":"confirm","$v":"Potvrdit"},{"$i":"done","$v":"Hotovo"},{"$i":"events","$v":"Připomínka událostí"},{"$i":"edit","$v":"Upravit"},{"$i":"allday-events","$v":"Připomenutí celodenní události"},{"$i":"no-events","$v":"Žádné události"},{"$i":"default","$v":"Výchozí"},{"$i":"sync","$v":"Synchronizovat"},{"$i":"repeat","$v":"Opakovat"},{"$i":"never","$v":"Nikdy"},{"$i":"every-day","$v":"Každý den"},{"$i":"every-week","$v":"Každý týden"},{"$i":"every-2-weeks","$v":"Každých 2 týdny"},{"$i":"every-month","$v":"Každý měsíc"},{"$i":"view-never","$v":"Opakujte: Nikdy"},{"$i":"view-every-day","$v":"Opakovat: Denně"},{"$i":"view-every-week","$v":"Opakovat: Týdně"},{"$i":"view-every-2-weeks","$v":"Opakovat: každé dva týdny"},{"$i":"view-every-month","$v":"Opakovat: Měsíčně"},{"$i":"repeat-event-header","$v":"Jedná se o opakovanou událost."},{"$i":"delete-this-only","$v":"Smazat pouze"},{"$i":"delete-all","$v":"Odstranit vše"},{"$i":"event-edit-all","$v":"Upravit všechny události"},{"$i":"event-edit-all-future","$v":"Upravit všechny budoucí události"},{"$i":"options","$v":"Možnosti"},{"$i":"event-delete-all","$v":"Odstranit vše"},{"$i":"event-delete-all-future","$v":"Odstranit všechny budoucí události"},{"$i":"delete-account","$v":"Odstranit účet"},{"$i":"exchange-account","$v":"ActiveSync"},{"$i":"account-user-name","$v":"Uživatelské jméno"},{"$i":"incorrect-password-description","$v":"K serveru se nepodařilo přihlásit. Zadejte heslo znovu."},{"$i":"incorrect-password","$v":"Chybné heslo. Zkuste to znovu."},{"$i":"account-duplicate","$v":"Účet již existuje. Synchronizace je zapnutá."},{"$i":"error-account","$v":"Server není dostupný. Zkuste to později znovu."},{"$i":"error-access-denied","$v":"Došlo k neznámé chybě. Zkuste to znovu později."},{"$i":"error-time-out","$v":["K serveru „",{"t":"idOrVar","v":"server"},"“ se nepodařilo připojit. Možná došlo k problému se sítí."]},{"$i":"caldav-account-exist","$v":"Tento účet již existuje."},{"$i":"save-password","$v":"Heslo bylo uloženo."},{"$i":"account-login","$v":"Přihlášení k účtu"},{"$i":"setting-up-account","$v":"Zřizování účtu"},{"$i":"setup-account-usedInfo","$v":"Tento účet bude používán aplikacemi níže. Nastavení můžete změnit v nabídce Nastavení>Účet."},{"$i":"app-calendar","$v":"Kalendář"},{"$i":"show-today","$v":"Dnes"},{"$i":"show-month-view","$v":"Měsíc"},{"$i":"show-week-view","$v":"Týden"},{"$i":"show-day-view","$v":"Den"},{"$i":"settings-show","$v":"Nastavení"},{"$i":"settings-hide","$v":"Skrýt nastavení"},{"$i":"add-account","$v":"Přidat účet"},{"$i":"new-event","$v":"Přidat událost"},{"$i":"view-event-header","$v":"Podrobnosti události"},{"$i":"new-event-header","$v":"Přidat událost"},{"$i":"edit-event-header","$v":"Upravit událost"},{"$i":"account-header","$v":"Účet"},{"$i":"account-list-header","$v":"Účty"},{"$i":"advanced-settings-short-icon-button","ariaLabel":"Nastavení"},{"$i":"advanced-settings-header","$v":"Nastavení kalendáře"},{"$i":"advanced-settings-personalization","$v":"Četnost aktualizací"},{"$i":"advanced-settings-reminders","$v":"Připomenutí"},{"$i":"advanced-settings-add-account","$v":"Přidat účet"},{"$i":"field-user","$v":"Uživatelské jméno"},{"$i":"field-password","$v":"Heslo"},{"$i":"show-password","$v":"Zobrazit heslo"},{"$i":"field-full-url","$v":"URL"},{"$i":"modify-account-setting-up","$v":"Čekejte prosím, vytváří se účet"},{"$i":"modify-account-unable-to-sync","$v":"Nelze synchronizovat"},{"$i":"modify-account-sign-in","$v":"Přihlásit"},{"$i":"kai-caldav","$v":"CalDAV"},{"$i":"kai-yahoo","$v":"Yahoo!"},{"$i":"kai-google","$v":"Google"},{"$i":"preset-mozilla","$v":"Mozilla Zimbra"},{"$i":"calendar-local","$v":"Kalendář v telefonu"},{"$i":"event-title","$v":"Název"},{"$i":"event-location","$v":"Místo"},{"$i":"event-description","$v":"Poznámky"},{"$i":"event-is-allday","$v":"Celodenní událost"},{"$i":"event-start-date","$v":"Poč. datum"},{"$i":"event-end-date","$v":"Datum ukončení"},{"$i":"event-start-time","$v":"Poč. čas"},{"$i":"event-end-time","$v":"Čas ukončení"},{"$i":"event-delete","$v":"Odstranit událost"},{"$i":"event-is-deleting","$v":"Odstraňování…"},{"$i":"remove-account-data","$v":"Odebrat účet kalendáře"},{"$i":"remove-account-dialog","$v":"Odebrat účet"},{"$i":"remove-account-dialog-details","$v":["Odebrat „",{"t":"idOrVar","v":"email"},"“ ze zařízení?"]},{"$i":"remove","$v":"Odebrat"},{"$i":"drawer-sync-icon-button","ariaLabel":"Synchronizovat"},{"$i":"sync-progress-syncing","ariaValueText":"Synchronizace"},{"$i":"sync-progress-complete","ariaValueText":"Synchronizace dokončena"},{"$i":"sync-frequency","$v":"Synchr. kalendář"},{"$i":"sync-frequency-15min","$v":"Každých 15 minut"},{"$i":"sync-frequency-30min","$v":"Každých 30 minut"},{"$i":"sync-frequency-manual","$v":"Ručně"},{"$i":"from","$v":"Od"},{"$i":"to","$v":"Komu"},{"$i":"one-day-duration-title","$v":[{"t":"idOrVar","v":"startDate"}]},{"$i":"one-day-duration-content","$v":[{"t":"idOrVar","v":"startTime"}," do ",{"t":"idOrVar","v":"endTime"}]},{"$i":"multiple-day-duration-title","$v":[{"t":"idOrVar","v":"startTime"}," ",{"t":"idOrVar","v":"startDate"}]},{"$i":"multiple-day-duration-content","$v":[{"t":"idOrVar","v":"endTime"}," ",{"t":"idOrVar","v":"endDate"}]},{"$i":"one-all-day-duration-title","$v":[{"t":"idOrVar","v":"startDate"}]},{"$i":"all-day-duration-content","$v":"Celodenní událost"},{"$i":"multiple-all-day-duration-title","$v":["Od ",{"t":"idOrVar","v":"startDate"}]},{"$i":"multiple-all-day-duration-content","$v":["Do ",{"t":"idOrVar","v":"endDate"}]},{"$i":"none","$v":"Žádný"},{"$i":"reminder","$v":"Připomínka události"},{"$i":"remind-me","$v":"Připomenout"},{"$i":"alarm-at-event-standard","$v":"V čase události"},{"$i":"alarm-at-event-allday","$v":"Po celý den události"},{"$i":"alarm-at-event-allday-hour12","$v":"V den události (9:00)"},{"$i":"alarm-at-event-allday-hour24","$v":"V den události (9:00)"},{"$i":"alarm-start-notice","$v":[{"t":"idOrVar","v":"title"}," od ",{"t":"idOrVar","v":"distance"}]},{"$i":"alarm-started-notice","$v":[{"t":"idOrVar","v":"title"}," od ",{"t":"idOrVar","v":"distance"}]},{"$i":"alarm-start-notice-two-days","$v":[{"t":"idOrVar","v":"title"}," začíná za dva dny"]},{"$i":"alarm-start-notice-few-days","$v":[{"t":"idOrVar","v":"title"}," začíná za ",{"t":"idOrVar","v":"distance"}]},{"$i":"days-before-hour12","$v":{"few":["Před ",{"t":"idOrVar","v":"value"}," dny (9:00)"],"many":["Před ",{"t":"idOrVar","v":"value"}," dny (9:00)"],"one":"1 den před (9:00)","other":["Před ",{"t":"idOrVar","v":"value"}," dny (9:00)"],"two":["Před ",{"t":"idOrVar","v":"value"}," dny (9:00)"],"zero":"0 dní před (9:00)"},"$x":[{"t":"idOrVar","v":"plural"},"value"]},{"$i":"weeks-before-hour12","$v":{"few":["Před ",{"t":"idOrVar","v":"value"}," týdny (9:00)"],"many":["Před ",{"t":"idOrVar","v":"value"}," týdny (9:00)"],"one":"1 týden před (9:00)","other":["Před ",{"t":"idOrVar","v":"value"}," týdny (9:00)"],"two":["Před ",{"t":"idOrVar","v":"value"}," týdny (9:00)"],"zero":"0 týdnů před (9:00)"},"$x":[{"t":"idOrVar","v":"plural"},"value"]},{"$i":"days-before-hour24","$v":{"few":["Před ",{"t":"idOrVar","v":"value"}," dny (9:00)"],"many":["Před ",{"t":"idOrVar","v":"value"}," dny (9:00)"],"one":"1 den před (9:00)","other":["Před ",{"t":"idOrVar","v":"value"}," dny (9:00)"],"two":["Před ",{"t":"idOrVar","v":"value"}," dny (9:00)"],"zero":"0 dní před (9:00)"},"$x":[{"t":"idOrVar","v":"plural"},"value"]},{"$i":"weeks-before-hour24","$v":{"few":["Před ",{"t":"idOrVar","v":"value"}," týdny (9:00)"],"many":["Před ",{"t":"idOrVar","v":"value"}," týdny (9:00)"],"one":"1 týden před (9:00)","other":["Před ",{"t":"idOrVar","v":"value"}," týdny (9:00)"],"two":["Před ",{"t":"idOrVar","v":"value"}," týdny (9:00)"],"zero":"0 týdnů před (9:00)"},"$x":[{"t":"idOrVar","v":"plural"},"value"]},{"$i":"minutes-before","$v":{"few":["Před ",{"t":"idOrVar","v":"value"}," minutami"],"many":["Před ",{"t":"idOrVar","v":"value"}," minutami"],"one":"Před 1 minutou","other":[{"t":"idOrVar","v":"value"}," minut před"],"two":["Před ",{"t":"idOrVar","v":"value"}," minutami"],"zero":"Před 0 minutami"},"$x":[{"t":"idOrVar","v":"plural"},"value"]},{"$i":"hours-before","$v":{"few":["Před ",{"t":"idOrVar","v":"value"}," hodinami"],"many":["Před ",{"t":"idOrVar","v":"value"}," hodinami"],"one":"1 hodinu před","other":["Před ",{"t":"idOrVar","v":"value"}," hodinami"],"two":[{"t":"idOrVar","v":"value"}," hodiny před"],"zero":"Před 0 hodinami"},"$x":[{"t":"idOrVar","v":"plural"},"value"]},{"$i":"days-before","$v":{"few":["Před ",{"t":"idOrVar","v":"value"}," dny"],"many":["Před ",{"t":"idOrVar","v":"value"}," dny"],"one":"1 den před","other":["Před ",{"t":"idOrVar","v":"value"}," dny"],"two":[{"t":"idOrVar","v":"value"}," dny před"],"zero":"Před 0 dny"},"$x":[{"t":"idOrVar","v":"plural"},"value"]},{"$i":"weeks-before","$v":{"few":["Před ",{"t":"idOrVar","v":"value"}," týdny"],"many":["Před ",{"t":"idOrVar","v":"value"}," týdny"],"one":"1 týden před","other":["Před ",{"t":"idOrVar","v":"value"}," týdny"],"two":[{"t":"idOrVar","v":"value"}," týdny před"],"zero":"Před 0 týdny"},"$x":[{"t":"idOrVar","v":"plural"},"value"]},{"$i":"months-before","$v":{"few":["Před ",{"t":"idOrVar","v":"value"}," měsíci"],"many":["Před ",{"t":"idOrVar","v":"value"}," měsíci"],"one":"Před 1 měsícem","other":["Před ",{"t":"idOrVar","v":"value"}," měsíci"],"two":["Před ",{"t":"idOrVar","v":"value"}," měsíci"],"zero":"Před 0 měsíci"},"$x":[{"t":"idOrVar","v":"plural"},"value"]},{"$i":"years-before","$v":{"few":["Před ",{"t":"idOrVar","v":"value"}," lety"],"many":["Před ",{"t":"idOrVar","v":"value"}," lety"],"one":"Před 1 rokem","other":["Před ",{"t":"idOrVar","v":"value"}," lety"],"two":["Před ",{"t":"idOrVar","v":"value"}," lety"],"zero":"Před 0 lety"},"$x":[{"t":"idOrVar","v":"plural"},"value"]},{"$i":"minutes-after","$v":{"few":[{"t":"idOrVar","v":"value"}," minut(y) po"],"many":[{"t":"idOrVar","v":"value"}," minut(y) po"],"one":"1 minuta po","other":[{"t":"idOrVar","v":"value"}," minut(y) po"],"two":[{"t":"idOrVar","v":"value"}," minut(y) po"],"zero":"0 minut po"},"$x":[{"t":"idOrVar","v":"plural"},"value"]},{"$i":"hours-after","$v":{"few":[{"t":"idOrVar","v":"value"}," hodin(y) po"],"many":[{"t":"idOrVar","v":"value"}," hodin(y) po"],"one":"1 hodina po","other":[{"t":"idOrVar","v":"value"}," hodin(y) po"],"two":[{"t":"idOrVar","v":"value"}," hodin(y) po"],"zero":"0 hodin po"},"$x":[{"t":"idOrVar","v":"plural"},"value"]},{"$i":"days-after","$v":{"few":[{"t":"idOrVar","v":"value"}," dny/dní po"],"many":[{"t":"idOrVar","v":"value"}," dny/dní po"],"one":"1 den po","other":[{"t":"idOrVar","v":"value"}," dny/dní po"],"two":[{"t":"idOrVar","v":"value"}," dny/dní po"],"zero":"0 dní po"},"$x":[{"t":"idOrVar","v":"plural"},"value"]},{"$i":"weeks-after","$v":{"few":[{"t":"idOrVar","v":"value"}," týdny/týdnů po"],"many":[{"t":"idOrVar","v":"value"}," týdny/týdnů po"],"one":"1 týden po","other":[{"t":"idOrVar","v":"value"}," týdny/týdnů po"],"two":[{"t":"idOrVar","v":"value"}," týdny/týdnů po"],"zero":"0 týdnů po"},"$x":[{"t":"idOrVar","v":"plural"},"value"]},{"$i":"months-after","$v":{"few":[{"t":"idOrVar","v":"value"}," měsíce/měsíců po"],"many":[{"t":"idOrVar","v":"value"}," měsíce/měsíců po"],"one":"1 měsíc po","other":[{"t":"idOrVar","v":"value"}," měsíce/měsíců po"],"two":[{"t":"idOrVar","v":"value"}," měsíce/měsíců po"],"zero":"0 měsíců po"},"$x":[{"t":"idOrVar","v":"plural"},"value"]},{"$i":"years-after","$v":{"few":[{"t":"idOrVar","v":"value"}," roky/let po"],"many":[{"t":"idOrVar","v":"value"}," roky/let po"],"one":"1 rok po","other":[{"t":"idOrVar","v":"value"}," roky/let po"],"two":[{"t":"idOrVar","v":"value"}," roky/let po"],"zero":"0 let po"},"$x":[{"t":"idOrVar","v":"plural"},"value"]},{"$i":"hour-format12","$v":"%I %p"},{"$i":"hour-format24","$v":"%H"},{"$i":"week-hour-format12","$v":"%I %p"},{"$i":"week-hour-format24","$v":"%H"},{"$i":"hour-allday","$v":"Celý den"},{"$i":"kai-week-day","$v":"%a\\n%e"},{"$i":"current-time12","$v":"%I:%M"},{"$i":"current-time24","$v":"%H:%M"},{"$i":"multi-month-view-header-format","$v":"%B %Y"},{"$i":"day-view-header-format","$v":"%A, %e. %B"},{"$i":"months-day-view-header-format","$v":"%A, %B %e"},{"$i":"months-day-view-header-format-small","$v":{"$o":"%a <br/> %b, %e"}},{"$i":"week-view-header-format","$v":["Týden ",{"t":"idOrVar","v":"value"},", %B %Y"]},{"$i":"longDateFormat","$v":"%a, %B %d, %Y"},{"$i":"longTimeFormat","$v":"%A %B %d"},{"$i":"longTimeFormat12","$v":"%A %B %d %I %p"},{"$i":"longTimeFormat24","$v":"%A %B %d %H h"},{"$i":"weekTimeFormat12","$v":"%I %p"},{"$i":"weekTimeFormat24","$v":"%H h"},{"$i":"weekDayFormat","$v":"%d %A"},{"$i":"alldayLongTimeFormat","$v":"%A %B %d celý den"},{"$i":"dayHour12","$v":"%I %p"},{"$i":"dayHour24","$v":"%H h"},{"$i":"longDateTime12","$v":"%I %p, %a, %d %b, %Y"},{"$i":"longDateTime24","$v":"%H, %a, %d %b, %Y"},{"$i":"upcoming-events","$v":"Nadcházející události"},{"$i":"search-results","$v":"Výsledky hledání"},{"$i":"no-event-found","$v":"Nenalezeny žádné události"},{"$i":"longDateTimeNew12","$v":"%a, %B %e, %Y, %I:%M %p"},{"$i":"longDateTimeNew24","$v":"%a, %B %e, %Y, %H:%M"},{"$i":"error-start-date-after-end-date","$v":"Událost nemůže skončit před počátečním datem."},{"$i":"error-start-time-after-end-time","$v":"Událost nemůže skončit před počátečním datem."},{"$i":"error-unauthenticated","$v":"Chybné uživ. jméno nebo heslo. Zkuste to znovu."},{"$i":"error-internal-server-error","$v":"Chyba serveru, zkuste to znovu."},{"$i":"error-unkown","$v":"Server není dostupný. Zkuste to později znovu."},{"$i":"error-default","$v":"Došlo k chybě. Zkuste to později znovu."},{"$i":"error-offline","$v":"Nelze se připojit k internetu. Pro přístup k internetu můžete použít Wi-Fi nebo paketová data."},{"$i":"error-account-exist","$v":"Tento účet již existuje."},{"$i":"error-confirmation-title","$v":"Chyba"},{"$i":"error-edit-online-event","$v":"Nepodařilo se upravit událost online, protože není připojení k internetu."},{"$i":"error-delete-online-event","$v":"Nepodařilo se odstranit událost online, protože není připojení k internetu."},{"$i":"notification-error-sync-title","$v":"Chyba synchr. kalendáře"},{"$i":"notification-error-sync-description","$v":"Klepnutím zobrazíte více info"},{"$i":"notification-error-caldav-sync-title","$v":"Chyba účtu"},{"$i":"notification-error-caldav-sync-description","$v":"Přihlaste se znovu"},{"$i":"weekday-0-single-char","$v":"NE","ariaLabel":"Neděle"},{"$i":"weekday-1-single-char","$v":"P","ariaLabel":"Pondělí"},{"$i":"weekday-2-single-char","$v":"Ú","ariaLabel":"Úterý"},{"$i":"weekday-3-single-char","$v":"S","ariaLabel":"Středa"},{"$i":"weekday-4-single-char","$v":"Č","ariaLabel":"Čtvrtek"},{"$i":"weekday-5-single-char","$v":"P","ariaLabel":"Pátek"},{"$i":"weekday-6-single-char","$v":"SO","ariaLabel":"Sobota"},{"$i":"busy","$v":{"few":[{"t":"idOrVar","v":"n"}," události/událostí"],"many":[{"t":"idOrVar","v":"n"}," události/událostí"],"one":[{"t":"idOrVar","v":"n"}," událost"],"other":[{"t":"idOrVar","v":"n"}," události/událostí"],"two":[{"t":"idOrVar","v":"n"}," události/událostí"],"zero":"Žádné události"},"$x":[{"t":"idOrVar","v":"plural"},"n"]},{"$i":"present","ariaLabel":"Dnes"},{"$i":"past-other-month-description","ariaLabel":"Jiný měsíc"},{"$i":"future-other-month-description","ariaLabel":"Jiný měsíc"},{"$i":"icon-calendar-alarm","ariaLabel":"Má upozornění"},{"$i":"calendars","ariaLabel":"Kalendáře"},{"$i":"multi-day-new-event-link","ariaLabel":"Přidat událost"},{"$i":"title","ariaLabel":"Název"},{"$i":"location","ariaLabel":"Místo"},{"$i":"duration","ariaLabel":"Délka"},{"$i":"calendar","ariaLabel":"Kalendář"},{"$i":"alarms","ariaLabel":"Budíky"},{"$i":"description","ariaLabel":"Popis"},{"$i":"start-date","ariaLabel":"Poč. datum"},{"$i":"start-time","ariaLabel":"Poč. čas"},{"$i":"end-date","ariaLabel":"Datum ukončení"},{"$i":"end-time","ariaLabel":"Čas ukončení"},{"$i":"during-progress-loading","ariaValueText":"Načítání"},{"$i":"all-day","ariaLabel":"Celý den"},{"$i":"create-event","ariaLabel":"Vytvořit událost"},{"$i":"create-all-day-event","ariaLabel":"Vytvořit celodenní událost"},{"$i":"event-one-day-duration","ariaLabel":["od ",{"t":"idOrVar","v":"startTime"}," do ",{"t":"idOrVar","v":"endTime"}]},{"$i":"week-event-one-day-duration","ariaLabel":[{"t":"idOrVar","v":"startDate"}," od ",{"t":"idOrVar","v":"startTime"}," do ",{"t":"idOrVar","v":"endTime"}]},{"$i":"event-multiple-day-duration","ariaLabel":["Od ",{"t":"idOrVar","v":"startTime"},{"t":"idOrVar","v":"startDate"}," do ",{"t":"idOrVar","v":"endTime"},{"t":"idOrVar","v":"endDate"}]},{"$i":"kai-event-added","$v":"Událost přidána"},{"$i":"kai-event-updated","$v":"Událost aktualizována"},{"$i":"kai-event-deleted","$v":"Událost odstraněna"},{"$i":"kai-change-save","$v":"Změny uloženy"},{"$i":"event-sync-failure","$v":"Nelze synchronizovat"},{"$i":"kai-event-calendar","$v":"Kalendář"},{"$i":"kai-single-event","$v":"událost"},{"$i":"kai-event-count","$v":"události"},{"$i":"kai-sync-progress-syncing","$v":"Synchronizace"},{"$i":"kai-sync-progress-complete","$v":"Kalendář je aktuální."},{"$i":"kai-settings-sounds","$v":"Zvuky"},{"$i":"kai-tones","$v":"Tóny"},{"$i":"kai-multi-events","$v":"Události"},{"$i":"kai-confirmation-title","$v":"Potvrzení"},{"$i":"kai-delete-selectedEvent-confirmation","$v":"Odstranit vybranou událost?"},{"$i":"kai-deleteEvent-confirmation","$v":"Odstranit událost?"},{"$i":"kai-event-search-header","$v":"Hledat","placeholder":"Hledat"},{"$i":"kai-event-search-upcoming-events","$v":"Nadcházející události"},{"$i":"kai-delete","$v":"Odstranit"},{"$i":"kai-cancel","$v":"Zrušit"},{"$i":"kai-dialog-delete-sel","$v":"Opravdu chcete vybranou událost odstranit?"},{"$i":"kai-delete-title","$v":"Odstranit událost"},{"$i":"kai-save-changes","$v":"Uložit změny?"},{"$i":"kai-save-message-back","$v":"Všechna zadaná data budou ztracena. Chcete změny uložit?"},{"$i":"kai-save-message-close","$v":"Aplikace bude zavřena a data ztracena. Chcete změny uložit?"},{"$i":"yes","$v":"Ano"},{"$i":"no","$v":"Ne"},{"$i":"confirmation","$v":"Potvrzení"},{"$i":"ok","$v":"OK"},{"$i":"delete-event","$v":"Odstranit vybranou událost?"},{"$i":"edit-event-no-net","$v":"Událost online se nepodařilo upravit, protože nejste připojeni k internetu."},{"$i":"kai-settings-header","$v":"Kalendář k zobrazení"},{"$i":"kai-syncing","$v":"Synchronizace…"},{"$i":"kai-syncing-header","$v":"Synchronizace účtu"},{"$i":"select","$v":"Vybrat"},{"$i":"add-event","$v":"Přidat událost"},{"$i":"week-view","$v":"Zobrazit týden"},{"$i":"day-view","$v":"Zobrazit den"},{"$i":"month-view","$v":"Zobrazit měsíc"},{"$i":"today","$v":"Dnes"},{"$i":"go","$v":"Přejít na datum"},{"$i":"search","$v":"Hledat"},{"$i":"calendar-to-display","$v":"Kalendář k zobrazení"},{"$i":"settings","$v":"Nastavení"},{"$i":"delete","$v":"Odstranit"},{"$i":"enter","$v":"Zadat"},{"$i":"sync-calendar","$v":"Synchr. kalendář"},{"$i":"lunar-calendar","$v":"Lunární den"},{"$i":"present-description","$v":["Dnes – ",{"t":"idOrVar","v":"date"},", ",{"t":"idOrVar","v":"weekday"},"."]},{"$i":"day-description","$v":[{"t":"idOrVar","v":"weekday"}," ",{"t":"idOrVar","v":"date"},"."]},{"$i":"weekday-5","$v":"Pátek"},{"$i":"weekday-4","$v":"Čtvrtek"},{"$i":"weekday-3","$v":"Středa"},{"$i":"weekday-2","$v":"Úterý"},{"$i":"weekday-1","$v":"Pondělí"},{"$i":"weekday-0","$v":"Neděle"},{"$i":"weekday-6","$v":"Sobota"},{"$i":"no-title","$v":"(Žádný název)"},{"$i":"weekday-0-long","$v":"Neděle"},{"$i":"weekday-1-long","$v":"Pondělí"},{"$i":"weekday-2-long","$v":"Úterý"},{"$i":"weekday-3-long","$v":"Středa"},{"$i":"weekday-4-long","$v":"Čtvrtek"},{"$i":"weekday-5-long","$v":"Pátek"},{"$i":"weekday-6-long","$v":"Sobota"},{"$i":"weekday-0-short","$v":"Ne"},{"$i":"weekday-1-short","$v":"Po"},{"$i":"weekday-2-short","$v":"Út"},{"$i":"weekday-3-short","$v":"St"},{"$i":"weekday-4-short","$v":"Čt"},{"$i":"weekday-5-short","$v":"Pá"},{"$i":"weekday-6-short","$v":"So"},{"$i":"month-0-long","$v":"Leden"},{"$i":"month-1-long","$v":"Únor"},{"$i":"month-2-long","$v":"Březen"},{"$i":"month-3-long","$v":"Duben"},{"$i":"month-4-long","$v":"Květen"},{"$i":"month-5-long","$v":"Červen"},{"$i":"month-6-long","$v":"Červenec"},{"$i":"month-7-long","$v":"Srpen"},{"$i":"month-8-long","$v":"Září"},{"$i":"month-9-long","$v":"Říjen"},{"$i":"month-10-long","$v":"Listopad"},{"$i":"month-11-long","$v":"Prosinec"},{"$i":"month-0-genitive","$v":"Leden"},{"$i":"month-1-genitive","$v":"Únor"},{"$i":"month-2-genitive","$v":"Březen"},{"$i":"month-3-genitive","$v":"Duben"},{"$i":"month-4-genitive","$v":"Květen"},{"$i":"month-5-genitive","$v":"Červen"},{"$i":"month-6-genitive","$v":"Červenec"},{"$i":"month-7-genitive","$v":"Srpen"},{"$i":"month-8-genitive","$v":"Září"},{"$i":"month-9-genitive","$v":"Říjen"},{"$i":"month-10-genitive","$v":"Listopad"},{"$i":"month-11-genitive","$v":"Prosinec"},{"$i":"month-0-short","$v":"Led"},{"$i":"month-1-short","$v":"Úno"},{"$i":"month-2-short","$v":"Bře"},{"$i":"month-3-short","$v":"Dub"},{"$i":"month-4-short","$v":"Kvě"},{"$i":"month-5-short","$v":"Čer"},{"$i":"month-6-short","$v":"Čvc"},{"$i":"month-7-short","$v":"Srp"},{"$i":"month-8-short","$v":"Zář"},{"$i":"month-9-short","$v":"Říj"},{"$i":"month-10-short","$v":"Lis"},{"$i":"month-11-short","$v":"Pro"},{"$i":"minutes-ago-long","$v":{"few":["před ",{"t":"idOrVar","v":"value"}," minutami"],"many":["před ",{"t":"idOrVar","v":"value"}," minutami"],"one":"před minutou","other":["před ",{"t":"idOrVar","v":"value"}," minutami"],"two":["před ",{"t":"idOrVar","v":"value"}," minutami"],"zero":"právě teď"},"$x":[{"t":"idOrVar","v":"plural"},"value"]},{"$i":"hours-ago-long","$v":{"few":["před ",{"t":"idOrVar","v":"value"}," hodinami"],"many":["před ",{"t":"idOrVar","v":"value"}," hodinami"],"one":"před hodinou","other":["před ",{"t":"idOrVar","v":"value"}," hodinami"],"two":["před ",{"t":"idOrVar","v":"value"}," hodinami"],"zero":"právě teď"},"$x":[{"t":"idOrVar","v":"plural"},"value"]},{"$i":"days-ago-long","$v":{"few":["před ",{"t":"idOrVar","v":"value"}," dny"],"many":["před ",{"t":"idOrVar","v":"value"}," dny"],"one":"včera","other":["před ",{"t":"idOrVar","v":"value"}," dny"],"two":["před ",{"t":"idOrVar","v":"value"}," dny"],"zero":"dnes"},"$x":[{"t":"idOrVar","v":"plural"},"value"]},{"$i":"weeks-ago-long","$v":{"few":["před ",{"t":"idOrVar","v":"value"}," týdny"],"many":["před ",{"t":"idOrVar","v":"value"}," týdny"],"one":"minulý týden","other":["před ",{"t":"idOrVar","v":"value"}," týdny"],"two":["před ",{"t":"idOrVar","v":"value"}," týdny"],"zero":"tento týden"},"$x":[{"t":"idOrVar","v":"plural"},"value"]},{"$i":"months-ago-long","$v":{"few":["před ",{"t":"idOrVar","v":"value"}," měsíci"],"many":["před ",{"t":"idOrVar","v":"value"}," měsíci"],"one":"poslední měsíc","other":["před ",{"t":"idOrVar","v":"value"}," měsíci"],"two":["před ",{"t":"idOrVar","v":"value"}," měsíci"],"zero":"tento měsíc"},"$x":[{"t":"idOrVar","v":"plural"},"value"]},{"$i":"years-ago-long","$v":{"few":["před ",{"t":"idOrVar","v":"value"}," lety"],"many":["před ",{"t":"idOrVar","v":"value"}," lety"],"one":"minulý rok","other":["před ",{"t":"idOrVar","v":"value"}," lety"],"two":["před ",{"t":"idOrVar","v":"value"}," lety"],"zero":"tento rok"},"$x":[{"t":"idOrVar","v":"plural"},"value"]},{"$i":"minutes-until-long","$v":{"few":["za ",{"t":"idOrVar","v":"value"}," min."],"many":["za ",{"t":"idOrVar","v":"value"}," min."],"one":"za minutu","other":["za ",{"t":"idOrVar","v":"value"}," min."],"two":["za ",{"t":"idOrVar","v":"value"}," min."],"zero":"nyní"},"$x":[{"t":"idOrVar","v":"plural"},"value"]},{"$i":"hours-until-long","$v":{"few":["za ",{"t":"idOrVar","v":"value"}," hod."],"many":["za ",{"t":"idOrVar","v":"value"}," hod."],"one":"za hodinu","other":["za ",{"t":"idOrVar","v":"value"}," hod."],"two":["za ",{"t":"idOrVar","v":"value"}," hod."],"zero":"nyní"},"$x":[{"t":"idOrVar","v":"plural"},"value"]},{"$i":"days-until-long","$v":{"few":["za ",{"t":"idOrVar","v":"value"}," dny/dní"],"many":["za ",{"t":"idOrVar","v":"value"}," dny/dní"],"one":"zítra","other":["za ",{"t":"idOrVar","v":"value"}," dny/dní"],"two":["za ",{"t":"idOrVar","v":"value"}," dny/dní"],"zero":"dnes"},"$x":[{"t":"idOrVar","v":"plural"},"value"]},{"$i":"weeks-until-long","$v":{"few":["za ",{"t":"idOrVar","v":"value"}," týdny/týdnů"],"many":["za ",{"t":"idOrVar","v":"value"}," týdny/týdnů"],"one":"příští týden","other":["za ",{"t":"idOrVar","v":"value"}," týdny/týdnů"],"two":["za ",{"t":"idOrVar","v":"value"}," týdny/týdnů"],"zero":"tento týden"},"$x":[{"t":"idOrVar","v":"plural"},"value"]},{"$i":"months-until-long","$v":{"few":["za ",{"t":"idOrVar","v":"value"}," měsíce/měsíců"],"many":["za ",{"t":"idOrVar","v":"value"}," měsíce/měsíců"],"one":"příští měsíc","other":["za ",{"t":"idOrVar","v":"value"}," měsíce/měsíců"],"two":["za ",{"t":"idOrVar","v":"value"}," měsíce/měsíců"],"zero":"tento měsíc"},"$x":[{"t":"idOrVar","v":"plural"},"value"]},{"$i":"years-until-long","$v":{"few":["za ",{"t":"idOrVar","v":"value"}," roky/let"],"many":["za ",{"t":"idOrVar","v":"value"}," roky/let"],"one":"příští rok","other":["za ",{"t":"idOrVar","v":"value"}," roky/let"],"two":["za ",{"t":"idOrVar","v":"value"}," roky/let"],"zero":"tento rok"},"$x":[{"t":"idOrVar","v":"plural"},"value"]},{"$i":"minutes-ago-short","$v":{"other":["před ",{"t":"idOrVar","v":"value"}," m"],"zero":"právě teď"},"$x":[{"t":"idOrVar","v":"plural"},"value"]},{"$i":"hours-ago-short","$v":{"other":["před ",{"t":"idOrVar","v":"value"}," h"],"zero":"právě teď"},"$x":[{"t":"idOrVar","v":"plural"},"value"]},{"$i":"days-ago-short","$v":{"other":["před ",{"t":"idOrVar","v":"value"}," d"],"zero":"dnes"},"$x":[{"t":"idOrVar","v":"plural"},"value"]},{"$i":"minutes-until-short","$v":{"other":["za ",{"t":"idOrVar","v":"value"}," m"],"zero":"nyní"},"$x":[{"t":"idOrVar","v":"plural"},"value"]},{"$i":"hours-until-short","$v":{"other":["za ",{"t":"idOrVar","v":"value"}," h"],"zero":"nyní"},"$x":[{"t":"idOrVar","v":"plural"},"value"]},{"$i":"days-until-short","$v":{"other":["za ",{"t":"idOrVar","v":"value"}," d"],"zero":"dnes"},"$x":[{"t":"idOrVar","v":"plural"},"value"]},{"$i":"incorrectDate","$v":"(nesprávné datum)"},{"$i":"dateTimeFormat_%c","$v":"%a %b %e %Y %I:%M:%S %p"},{"$i":"dateTimeFormat_%x","$v":"%m/%d/%Y"},{"$i":"dateTimeFormat_%X","$v":"%I:%M:%S %p"},{"$i":"shortTimeFormat","$v":"%I:%M %p"},{"$i":"shortTimeFormat12","$v":"%I:%M %p"},{"$i":"shortTimeFormat24","$v":"%H:%M"},{"$i":"shortDateTimeFormat","$v":"%x %I:%M %p"},{"$i":"weekStartsOnMonday","$v":"0.0"},{"$i":"firstDayOfTheWeek","$v":"1.0"},{"$i":"time_am","$v":"dop."},{"$i":"time_pm","$v":"odp."},{"$i":"softkey-options","$v":"Možnosti"}]