[{"$i":"back","$v":"Back"},{"$i":"save","$v":"Save"},{"$i":"cancel","$v":"Cancel"},{"$i":"next","$v":"Next"},{"$i":"hide","$v":"Hide"},{"$i":"confirm","$v":"Confirm"},{"$i":"done","$v":"Done"},{"$i":"events","$v":"Events Reminder"},{"$i":"edit","$v":"Edit"},{"$i":"allday-events","$v":"All-day Events Reminder"},{"$i":"no-events","$v":"No events"},{"$i":"default","$v":"Default"},{"$i":"sync","$v":"Sync"},{"$i":"repeat","$v":"Repeat"},{"$i":"never","$v":"Never"},{"$i":"every-day","$v":"Every day"},{"$i":"every-week","$v":"Every week"},{"$i":"every-2-weeks","$v":"Every 2 weeks"},{"$i":"every-month","$v":"Every month"},{"$i":"view-never","$v":"Repeat: Never"},{"$i":"view-every-day","$v":"Repeat: Daily"},{"$i":"view-every-week","$v":"Repeat: Weekly"},{"$i":"view-every-2-weeks","$v":"Repeat: Every two weeks"},{"$i":"view-every-month","$v":"Repeat: Monthly"},{"$i":"repeat-event-header","$v":"This is a repeating event."},{"$i":"delete-this-only","$v":"Delete this only"},{"$i":"delete-all","$v":"Delete all"},{"$i":"event-edit-all","$v":"Edit all events"},{"$i":"event-edit-all-future","$v":"Edit all future events"},{"$i":"options","$v":"Options"},{"$i":"event-delete-all","$v":"Delete all"},{"$i":"event-delete-all-future","$v":"Delete all future events"},{"$i":"delete-account","$v":"Delete Acct"},{"$i":"exchange-account","$v":"ActiveSync"},{"$i":"account-user-name","$v":"Username"},{"$i":"incorrect-password-description","$v":"Unable to sign into server, please make sure your password is correct."},{"$i":"incorrect-password","$v":"Incorrect Password"},{"$i":"account-duplicate","$v":"Account already exists. Syncing is turned on."},{"$i":"error-account","$v":"Server unavailable. Please try again later."},{"$i":"error-access-denied","$v":"An unknown error has occurred, please try again later."},{"$i":"error-time-out","$v":["Unable to establish connection with \"",{"t":"idOrVar","v":"server"},"\". There may be a problem with the network."]},{"$i":"caldav-account-exist","$v":"Account already exists."},{"$i":"save-password","$v":"Password saved."},{"$i":"account-login","$v":"Account Login"},{"$i":"setting-up-account","$v":"Setting up account"},{"$i":"setup-account-usedInfo","$v":"This account will be used by below apps. You can change this in Settings>Account."},{"$i":"app-calendar","$v":"Calendar"},{"$i":"show-today","$v":"Today"},{"$i":"show-month-view","$v":"Month"},{"$i":"show-week-view","$v":"Week"},{"$i":"show-day-view","$v":"Day"},{"$i":"settings-show","$v":"Settings"},{"$i":"settings-hide","$v":"Hide settings"},{"$i":"add-account","$v":"Add an account"},{"$i":"new-event","$v":"Add event"},{"$i":"view-event-header","$v":"Event Details"},{"$i":"new-event-header","$v":"Add Event"},{"$i":"edit-event-header","$v":"Edit Event"},{"$i":"account-header","$v":"Account"},{"$i":"account-list-header","$v":"Accounts"},{"$i":"advanced-settings-short-icon-button","ariaLabel":"Settings"},{"$i":"advanced-settings-header","$v":"Calendar Settings"},{"$i":"advanced-settings-personalization","$v":"Update Frequency"},{"$i":"advanced-settings-reminders","$v":"Reminder"},{"$i":"advanced-settings-add-account","$v":"Add Account"},{"$i":"field-user","$v":"Username"},{"$i":"field-password","$v":"Password"},{"$i":"show-password","$v":"Show password"},{"$i":"field-full-url","$v":"URL"},{"$i":"modify-account-setting-up","$v":"Please wait while your account is set up"},{"$i":"modify-account-unable-to-sync","$v":"Unable to sync"},{"$i":"modify-account-sign-in","$v":"Sign in"},{"$i":"kai-caldav","$v":"CalDav"},{"$i":"kai-yahoo","$v":"Yahoo!"},{"$i":"kai-google","$v":"Google"},{"$i":"preset-mozilla","$v":"Mozilla Zimbra"},{"$i":"calendar-local","$v":"Phone Calendar"},{"$i":"event-title","$v":"Title"},{"$i":"event-location","$v":"Location"},{"$i":"event-description","$v":"Notes"},{"$i":"event-is-allday","$v":"All-day Event"},{"$i":"event-start-date","$v":"Start Date"},{"$i":"event-end-date","$v":"End Date"},{"$i":"event-start-time","$v":"Start Time"},{"$i":"event-end-time","$v":"End Time"},{"$i":"event-delete","$v":"Delete event"},{"$i":"event-is-deleting","$v":"Deleting..."},{"$i":"remove-account-data","$v":"Remove Account"},{"$i":"remove-account-dialog","$v":"Remove account"},{"$i":"remove-account-dialog-details","$v":["Remove \"",{"t":"idOrVar","v":"email"},"\" from your device?"]},{"$i":"remove","$v":"Remove"},{"$i":"drawer-sync-icon-button","ariaLabel":"Sync"},{"$i":"sync-progress-syncing","ariaValueText":"Syncing"},{"$i":"sync-progress-complete","ariaValueText":"Syncing complete"},{"$i":"sync-frequency","$v":"Sync Calendar"},{"$i":"sync-frequency-15min","$v":"Every 15 minutes"},{"$i":"sync-frequency-30min","$v":"Every 30 minutes"},{"$i":"sync-frequency-manual","$v":"Manually"},{"$i":"from","$v":"From"},{"$i":"to","$v":"To"},{"$i":"one-day-duration-title","$v":[{"t":"idOrVar","v":"startDate"}]},{"$i":"one-day-duration-content","$v":[{"t":"idOrVar","v":"startTime"}," to ",{"t":"idOrVar","v":"endTime"}]},{"$i":"multiple-day-duration-title","$v":[{"t":"idOrVar","v":"startTime"}," ",{"t":"idOrVar","v":"startDate"}]},{"$i":"multiple-day-duration-content","$v":[{"t":"idOrVar","v":"endTime"}," ",{"t":"idOrVar","v":"endDate"}]},{"$i":"one-all-day-duration-title","$v":[{"t":"idOrVar","v":"startDate"}]},{"$i":"all-day-duration-content","$v":"All day event"},{"$i":"multiple-all-day-duration-title","$v":["From ",{"t":"idOrVar","v":"startDate"}]},{"$i":"multiple-all-day-duration-content","$v":["To ",{"t":"idOrVar","v":"endDate"}]},{"$i":"none","$v":"None"},{"$i":"reminder","$v":"Event Reminder"},{"$i":"remind-me","$v":"Remind me"},{"$i":"alarm-at-event-standard","$v":"At time of Event"},{"$i":"alarm-at-event-allday","$v":"On day of Event"},{"$i":"alarm-at-event-allday-hour12","$v":"On day of Event (9:00 AM)"},{"$i":"alarm-at-event-allday-hour24","$v":"On day of Event (09:00)"},{"$i":"alarm-start-notice","$v":[{"t":"idOrVar","v":"title"}," starting ",{"t":"idOrVar","v":"distance"}]},{"$i":"alarm-started-notice","$v":[{"t":"idOrVar","v":"title"}," started ",{"t":"idOrVar","v":"distance"}]},{"$i":"alarm-start-notice-two-days","$v":[{"t":"idOrVar","v":"title"}," starting in two days"]},{"$i":"alarm-start-notice-few-days","$v":[{"t":"idOrVar","v":"title"}," starting on ",{"t":"idOrVar","v":"distance"}]},{"$i":"days-before-hour12","$v":{"few":[{"t":"idOrVar","v":"value"}," Days Before (9:00 AM)"],"many":[{"t":"idOrVar","v":"value"}," Days Before (9:00 AM)"],"one":"1 Day Before (9:00 AM)","other":[{"t":"idOrVar","v":"value"}," Days Before (9:00 AM)"],"two":[{"t":"idOrVar","v":"value"}," Days Before (9:00 AM)"],"zero":"0 Days Before (9:00 AM)"},"$x":[{"t":"idOrVar","v":"plural"},"value"]},{"$i":"weeks-before-hour12","$v":{"few":[{"t":"idOrVar","v":"value"}," Weeks Before (9:00 AM)"],"many":[{"t":"idOrVar","v":"value"}," Weeks Before (9:00 AM)"],"one":"1 Week Before (9:00 AM)","other":[{"t":"idOrVar","v":"value"}," Weeks Before (9:00 AM)"],"two":[{"t":"idOrVar","v":"value"}," Weeks Before (9:00 AM)"],"zero":"0 Weeks Before (9:00 AM)"},"$x":[{"t":"idOrVar","v":"plural"},"value"]},{"$i":"days-before-hour24","$v":{"few":[{"t":"idOrVar","v":"value"}," Days Before (09:00)"],"many":[{"t":"idOrVar","v":"value"}," Days Before (09:00)"],"one":"1 Day Before (09:00)","other":[{"t":"idOrVar","v":"value"}," Days Before (09:00)"],"two":[{"t":"idOrVar","v":"value"}," Days Before (09:00)"],"zero":"0 Days Before (09:00)"},"$x":[{"t":"idOrVar","v":"plural"},"value"]},{"$i":"weeks-before-hour24","$v":{"few":[{"t":"idOrVar","v":"value"}," Weeks Before (09:00)"],"many":[{"t":"idOrVar","v":"value"}," Weeks Before (09:00)"],"one":"1 Week Before (09:00)","other":[{"t":"idOrVar","v":"value"}," Weeks Before (09:00)"],"two":[{"t":"idOrVar","v":"value"}," Weeks Before (09:00)"],"zero":"0 Weeks Before (09:00)"},"$x":[{"t":"idOrVar","v":"plural"},"value"]},{"$i":"minutes-before","$v":{"few":[{"t":"idOrVar","v":"value"}," Minutes Before"],"many":[{"t":"idOrVar","v":"value"}," Minutes Before"],"one":"1 Minute Before","other":[{"t":"idOrVar","v":"value"}," Minutes Before"],"two":[{"t":"idOrVar","v":"value"}," Minutes Before"],"zero":"0 Minutes Before"},"$x":[{"t":"idOrVar","v":"plural"},"value"]},{"$i":"hours-before","$v":{"few":[{"t":"idOrVar","v":"value"}," Hours Before"],"many":[{"t":"idOrVar","v":"value"}," Hours Before"],"one":"1 Hour Before","other":[{"t":"idOrVar","v":"value"}," Hours Before"],"two":[{"t":"idOrVar","v":"value"}," Hours Before"],"zero":"0 Hours Before"},"$x":[{"t":"idOrVar","v":"plural"},"value"]},{"$i":"days-before","$v":{"few":[{"t":"idOrVar","v":"value"}," Days Before"],"many":[{"t":"idOrVar","v":"value"}," Days Before"],"one":"1 Day Before","other":[{"t":"idOrVar","v":"value"}," Days Before"],"two":[{"t":"idOrVar","v":"value"}," Days Before"],"zero":"0 Days Before"},"$x":[{"t":"idOrVar","v":"plural"},"value"]},{"$i":"weeks-before","$v":{"few":[{"t":"idOrVar","v":"value"}," Weeks Before"],"many":[{"t":"idOrVar","v":"value"}," Weeks Before"],"one":"1 Week Before","other":[{"t":"idOrVar","v":"value"}," Weeks Before"],"two":[{"t":"idOrVar","v":"value"}," Weeks Before"],"zero":"0 Weeks Before"},"$x":[{"t":"idOrVar","v":"plural"},"value"]},{"$i":"months-before","$v":{"few":[{"t":"idOrVar","v":"value"}," Months Before"],"many":[{"t":"idOrVar","v":"value"}," Months Before"],"one":"1 Month Before","other":[{"t":"idOrVar","v":"value"}," Months Before"],"two":[{"t":"idOrVar","v":"value"}," Months Before"],"zero":"0 Months Before"},"$x":[{"t":"idOrVar","v":"plural"},"value"]},{"$i":"years-before","$v":{"few":[{"t":"idOrVar","v":"value"}," Years Before"],"many":[{"t":"idOrVar","v":"value"}," Years Before"],"one":"1 Year Before","other":[{"t":"idOrVar","v":"value"}," Years Before"],"two":[{"t":"idOrVar","v":"value"}," Years Before"],"zero":"0 Years Before"},"$x":[{"t":"idOrVar","v":"plural"},"value"]},{"$i":"minutes-after","$v":{"few":[{"t":"idOrVar","v":"value"}," Minutes After"],"many":[{"t":"idOrVar","v":"value"}," Minutes After"],"one":"1 Minute After","other":[{"t":"idOrVar","v":"value"}," Minutes After"],"two":[{"t":"idOrVar","v":"value"}," Minutes After"],"zero":"0 Minutes After"},"$x":[{"t":"idOrVar","v":"plural"},"value"]},{"$i":"hours-after","$v":{"few":[{"t":"idOrVar","v":"value"}," Hours After"],"many":[{"t":"idOrVar","v":"value"}," Hours After"],"one":"1 Hour After","other":[{"t":"idOrVar","v":"value"}," Hours After"],"two":[{"t":"idOrVar","v":"value"}," Hours After"],"zero":"0 Hours After"},"$x":[{"t":"idOrVar","v":"plural"},"value"]},{"$i":"days-after","$v":{"few":[{"t":"idOrVar","v":"value"}," Days After"],"many":[{"t":"idOrVar","v":"value"}," Days After"],"one":"1 Day After","other":[{"t":"idOrVar","v":"value"}," Days After"],"two":[{"t":"idOrVar","v":"value"}," Days After"],"zero":"0 Days After"},"$x":[{"t":"idOrVar","v":"plural"},"value"]},{"$i":"weeks-after","$v":{"few":[{"t":"idOrVar","v":"value"}," Weeks After"],"many":[{"t":"idOrVar","v":"value"}," Weeks After"],"one":"1 Week After","other":[{"t":"idOrVar","v":"value"}," Weeks After"],"two":[{"t":"idOrVar","v":"value"}," Weeks After"],"zero":"0 Weeks After"},"$x":[{"t":"idOrVar","v":"plural"},"value"]},{"$i":"months-after","$v":{"few":[{"t":"idOrVar","v":"value"}," Months After"],"many":[{"t":"idOrVar","v":"value"}," Months After"],"one":"1 Month After","other":[{"t":"idOrVar","v":"value"}," Months After"],"two":[{"t":"idOrVar","v":"value"}," Months After"],"zero":"0 Months After"},"$x":[{"t":"idOrVar","v":"plural"},"value"]},{"$i":"years-after","$v":{"few":[{"t":"idOrVar","v":"value"}," Years After"],"many":[{"t":"idOrVar","v":"value"}," Years After"],"one":"1 Year After","other":[{"t":"idOrVar","v":"value"}," Years After"],"two":[{"t":"idOrVar","v":"value"}," Years After"],"zero":"0 Years After"},"$x":[{"t":"idOrVar","v":"plural"},"value"]},{"$i":"hour-format12","$v":"%I %p"},{"$i":"hour-format24","$v":"%H"},{"$i":"week-hour-format12","$v":"%I %p"},{"$i":"week-hour-format24","$v":"%H"},{"$i":"hour-allday","$v":"All Day"},{"$i":"kai-week-day","$v":"%a\\n%e"},{"$i":"current-time12","$v":"%I:%M"},{"$i":"current-time24","$v":"%H:%M"},{"$i":"multi-month-view-header-format","$v":"%B %Y"},{"$i":"day-view-header-format","$v":"%A, %B %e"},{"$i":"months-day-view-header-format","$v":"%A, %B %e"},{"$i":"months-day-view-header-format-small","$v":{"$o":"%a <br/> %b, %e"}},{"$i":"week-view-header-format","$v":["Week ",{"t":"idOrVar","v":"value"},", %B %Y"]},{"$i":"longDateFormat","$v":"%A, %B %d, %Y"},{"$i":"longTimeFormat","$v":"%A %B %d"},{"$i":"longTimeFormat12","$v":"%A %B %d %I %p"},{"$i":"longTimeFormat24","$v":"%A %B %d %H o clock"},{"$i":"weekTimeFormat12","$v":"%I %p"},{"$i":"weekTimeFormat24","$v":"%H o clock"},{"$i":"weekDayFormat","$v":"%A the %d"},{"$i":"alldayLongTimeFormat","$v":"%A %B %d all day"},{"$i":"dayHour12","$v":"%I %p"},{"$i":"dayHour24","$v":"%H o clock"},{"$i":"longDateTime12","$v":"%I %p, %a, %d %b, %Y"},{"$i":"longDateTime24","$v":"%H, %a, %d %b, %Y"},{"$i":"upcoming-events","$v":"Upcoming Events"},{"$i":"search-results","$v":"Search Results"},{"$i":"no-event-found","$v":"No Events Found"},{"$i":"longDateTimeNew12","$v":"%a, %B %d, %Y, %I:%M %p"},{"$i":"longDateTimeNew24","$v":"%a, %B %d, %Y, %H:%M"},{"$i":"error-start-date-after-end-date","$v":"The event cannot end before its start date."},{"$i":"error-start-time-after-end-time","$v":"The event cannot end before its start date."},{"$i":"error-unauthenticated","$v":"Incorrect username or password, please try again."},{"$i":"error-internal-server-error","$v":"Server error, please try again."},{"$i":"error-unkown","$v":"Server unavailable. Please try again later."},{"$i":"error-default","$v":"Something is wrong. Try again later."},{"$i":"error-offline","$v":"Unable to connect to internet. You can use Wi-Fi or mobile data to access the internet."},{"$i":"error-account-exist","$v":"This account already exists."},{"$i":"error-confirmation-title","$v":"Error"},{"$i":"error-edit-online-event","$v":"Failed to edit online event as there is no internet connection."},{"$i":"error-delete-online-event","$v":"Failed to delete online event as there is no internet connection."},{"$i":"notification-error-sync-title","$v":"Calendar sync error"},{"$i":"notification-error-sync-description","$v":"Tap for more info"},{"$i":"notification-error-caldav-sync-title","$v":"Account Error"},{"$i":"notification-error-caldav-sync-description","$v":"Log in again"},{"$i":"weekday-0-single-char","$v":"S","ariaLabel":"Sunday"},{"$i":"weekday-1-single-char","$v":"M","ariaLabel":"Monday"},{"$i":"weekday-2-single-char","$v":"T","ariaLabel":"Tuesday"},{"$i":"weekday-3-single-char","$v":"W","ariaLabel":"Wednesday"},{"$i":"weekday-4-single-char","$v":"T","ariaLabel":"Thursday"},{"$i":"weekday-5-single-char","$v":"F","ariaLabel":"Friday"},{"$i":"weekday-6-single-char","$v":"S","ariaLabel":"Saturday"},{"$i":"busy","$v":{"few":[{"t":"idOrVar","v":"n"}," events"],"many":[{"t":"idOrVar","v":"n"}," events"],"one":[{"t":"idOrVar","v":"n"}," event"],"other":[{"t":"idOrVar","v":"n"}," events"],"two":[{"t":"idOrVar","v":"n"}," events"],"zero":"No events"},"$x":[{"t":"idOrVar","v":"plural"},"n"]},{"$i":"present","ariaLabel":"Today"},{"$i":"past-other-month-description","ariaLabel":"Other month"},{"$i":"future-other-month-description","ariaLabel":"Other month"},{"$i":"icon-calendar-alarm","ariaLabel":"Has alarm"},{"$i":"calendars","ariaLabel":"Calendars"},{"$i":"multi-day-new-event-link","ariaLabel":"Add event"},{"$i":"title","ariaLabel":"Title"},{"$i":"location","ariaLabel":"Location"},{"$i":"duration","ariaLabel":"Duration"},{"$i":"calendar","ariaLabel":"Calendar"},{"$i":"alarms","ariaLabel":"Alarms"},{"$i":"description","ariaLabel":"Description"},{"$i":"start-date","ariaLabel":"Start date"},{"$i":"start-time","ariaLabel":"Start time"},{"$i":"end-date","ariaLabel":"End date"},{"$i":"end-time","ariaLabel":"End time"},{"$i":"during-progress-loading","ariaValueText":"Loading"},{"$i":"all-day","ariaLabel":"All day"},{"$i":"create-event","ariaLabel":"Create event"},{"$i":"create-all-day-event","ariaLabel":"Create all day event"},{"$i":"event-one-day-duration","ariaLabel":["from ",{"t":"idOrVar","v":"startTime"}," to ",{"t":"idOrVar","v":"endTime"}]},{"$i":"week-event-one-day-duration","ariaLabel":[{"t":"idOrVar","v":"startDate"}," from ",{"t":"idOrVar","v":"startTime"}," to ",{"t":"idOrVar","v":"endTime"}]},{"$i":"event-multiple-day-duration","ariaLabel":["From ",{"t":"idOrVar","v":"startTime"}," ",{"t":"idOrVar","v":"startDate"}," to ",{"t":"idOrVar","v":"endTime"}," ",{"t":"idOrVar","v":"endDate"}]},{"$i":"kai-event-added","$v":"Event added."},{"$i":"kai-event-updated","$v":"Event updated."},{"$i":"kai-event-deleted","$v":"Event deleted."},{"$i":"kai-change-save","$v":"Changes saved"},{"$i":"event-sync-failure","$v":"Unable to sync"},{"$i":"kai-event-calendar","$v":"Calendar"},{"$i":"kai-single-event","$v":"event"},{"$i":"kai-event-count","$v":"events"},{"$i":"kai-sync-progress-syncing","$v":"Syncing"},{"$i":"kai-sync-progress-complete","$v":"Calendar up to date."},{"$i":"kai-settings-sounds","$v":"Sounds"},{"$i":"kai-tones","$v":"Tones"},{"$i":"kai-multi-events","$v":"Events"},{"$i":"kai-confirmation-title","$v":"Confirmation"},{"$i":"kai-delete-selectedEvent-confirmation","$v":"Delete Selected event?"},{"$i":"kai-deleteEvent-confirmation","$v":"Delete event?"},{"$i":"kai-event-search-header","$v":"Search","placeholder":"Search"},{"$i":"kai-event-search-upcoming-events","$v":"Upcoming Events"},{"$i":"kai-delete","$v":"Delete"},{"$i":"kai-cancel","$v":"Cancel"},{"$i":"kai-dialog-delete-sel","$v":"Are you sure you want to delete selected event?"},{"$i":"kai-delete-title","$v":"Delete Event"},{"$i":"kai-save-changes","$v":"Save Changes?"},{"$i":"kai-save-message-back","$v":"All entered data will be lost. Do you want to save changes?"},{"$i":"kai-save-message-close","$v":"Application will be closed with data loss. Do you want to save changes?"},{"$i":"yes","$v":"Yes"},{"$i":"no","$v":"No"},{"$i":"confirmation","$v":"Confirmation"},{"$i":"ok","$v":"Ok"},{"$i":"delete-event","$v":"Delete Selected event?"},{"$i":"edit-event-no-net","$v":"Failed to edit online event due to no internet connection."},{"$i":"kai-settings-header","$v":"Calendar to Display"},{"$i":"kai-syncing","$v":"Syncing..."},{"$i":"kai-syncing-header","$v":"Account Sync"},{"$i":"select","$v":"Select"},{"$i":"add-event","$v":"Add Event"},{"$i":"week-view","$v":"Week View"},{"$i":"day-view","$v":"Day View"},{"$i":"month-view","$v":"Month View"},{"$i":"today","$v":"Today"},{"$i":"go","$v":"Go to Date"},{"$i":"search","$v":"Search"},{"$i":"calendar-to-display","$v":"Calendar to Display"},{"$i":"settings","$v":"Settings"},{"$i":"delete","$v":"Delete"},{"$i":"enter","$v":"Enter"},{"$i":"sync-calendar","$v":"Sync calendar"},{"$i":"lunar-calendar","$v":"Lunar day"},{"$i":"present-description","$v":["Today ",{"t":"idOrVar","v":"weekday"}," the ",{"t":"idOrVar","v":"date"},"th"]},{"$i":"day-description","$v":[{"t":"idOrVar","v":"weekday"}," the ",{"t":"idOrVar","v":"date"},"th"]},{"$i":"weekday-5","$v":"Friday"},{"$i":"weekday-4","$v":"Thursday"},{"$i":"weekday-3","$v":"Wednesday"},{"$i":"weekday-2","$v":"Tuesday"},{"$i":"weekday-1","$v":"Monday"},{"$i":"weekday-0","$v":"Sunday"},{"$i":"weekday-6","$v":"Saturday"},{"$i":"no-title","$v":"(No Title)"},{"$i":"weekday-0-long","$v":"Sunday"},{"$i":"weekday-1-long","$v":"Monday"},{"$i":"weekday-2-long","$v":"Tuesday"},{"$i":"weekday-3-long","$v":"Wednesday"},{"$i":"weekday-4-long","$v":"Thursday"},{"$i":"weekday-5-long","$v":"Friday"},{"$i":"weekday-6-long","$v":"Saturday"},{"$i":"weekday-0-short","$v":"Sun"},{"$i":"weekday-1-short","$v":"Mon"},{"$i":"weekday-2-short","$v":"Tue"},{"$i":"weekday-3-short","$v":"Wed"},{"$i":"weekday-4-short","$v":"Thu"},{"$i":"weekday-5-short","$v":"Fri"},{"$i":"weekday-6-short","$v":"Sat"},{"$i":"month-0-long","$v":"January"},{"$i":"month-1-long","$v":"February"},{"$i":"month-2-long","$v":"March"},{"$i":"month-3-long","$v":"April"},{"$i":"month-4-long","$v":"May"},{"$i":"month-5-long","$v":"June"},{"$i":"month-6-long","$v":"July"},{"$i":"month-7-long","$v":"August"},{"$i":"month-8-long","$v":"September"},{"$i":"month-9-long","$v":"October"},{"$i":"month-10-long","$v":"November"},{"$i":"month-11-long","$v":"December"},{"$i":"month-0-genitive","$v":"January"},{"$i":"month-1-genitive","$v":"February"},{"$i":"month-2-genitive","$v":"March"},{"$i":"month-3-genitive","$v":"April"},{"$i":"month-4-genitive","$v":"May"},{"$i":"month-5-genitive","$v":"June"},{"$i":"month-6-genitive","$v":"July"},{"$i":"month-7-genitive","$v":"August"},{"$i":"month-8-genitive","$v":"September"},{"$i":"month-9-genitive","$v":"October"},{"$i":"month-10-genitive","$v":"November"},{"$i":"month-11-genitive","$v":"December"},{"$i":"month-0-short","$v":"Jan"},{"$i":"month-1-short","$v":"Feb"},{"$i":"month-2-short","$v":"Mar"},{"$i":"month-3-short","$v":"Apr"},{"$i":"month-4-short","$v":"May"},{"$i":"month-5-short","$v":"Jun"},{"$i":"month-6-short","$v":"Jul"},{"$i":"month-7-short","$v":"Aug"},{"$i":"month-8-short","$v":"Sep"},{"$i":"month-9-short","$v":"Oct"},{"$i":"month-10-short","$v":"Nov"},{"$i":"month-11-short","$v":"Dec"},{"$i":"minutes-ago-long","$v":{"few":[{"t":"idOrVar","v":"value"}," minutes ago"],"many":[{"t":"idOrVar","v":"value"}," minutes ago"],"one":"a minute ago","other":[{"t":"idOrVar","v":"value"}," minutes ago"],"two":[{"t":"idOrVar","v":"value"}," minutes ago"],"zero":"just now"},"$x":[{"t":"idOrVar","v":"plural"},"value"]},{"$i":"hours-ago-long","$v":{"few":[{"t":"idOrVar","v":"value"}," hours ago"],"many":[{"t":"idOrVar","v":"value"}," hours ago"],"one":"an hour ago","other":[{"t":"idOrVar","v":"value"}," hours ago"],"two":[{"t":"idOrVar","v":"value"}," hours ago"],"zero":"just now"},"$x":[{"t":"idOrVar","v":"plural"},"value"]},{"$i":"days-ago-long","$v":{"few":[{"t":"idOrVar","v":"value"}," days ago"],"many":[{"t":"idOrVar","v":"value"}," days ago"],"one":"yesterday","other":[{"t":"idOrVar","v":"value"}," days ago"],"two":[{"t":"idOrVar","v":"value"}," days ago"],"zero":"today"},"$x":[{"t":"idOrVar","v":"plural"},"value"]},{"$i":"weeks-ago-long","$v":{"few":[{"t":"idOrVar","v":"value"}," weeks ago"],"many":[{"t":"idOrVar","v":"value"}," weeks ago"],"one":"last week","other":[{"t":"idOrVar","v":"value"}," weeks ago"],"two":[{"t":"idOrVar","v":"value"}," weeks ago"],"zero":"this week"},"$x":[{"t":"idOrVar","v":"plural"},"value"]},{"$i":"months-ago-long","$v":{"few":[{"t":"idOrVar","v":"value"}," months ago"],"many":[{"t":"idOrVar","v":"value"}," months ago"],"one":"last month","other":[{"t":"idOrVar","v":"value"}," months ago"],"two":[{"t":"idOrVar","v":"value"}," months ago"],"zero":"this month"},"$x":[{"t":"idOrVar","v":"plural"},"value"]},{"$i":"years-ago-long","$v":{"few":[{"t":"idOrVar","v":"value"}," years ago"],"many":[{"t":"idOrVar","v":"value"}," years ago"],"one":"last year","other":[{"t":"idOrVar","v":"value"}," years ago"],"two":[{"t":"idOrVar","v":"value"}," years ago"],"zero":"this year"},"$x":[{"t":"idOrVar","v":"plural"},"value"]},{"$i":"minutes-until-long","$v":{"few":["in ",{"t":"idOrVar","v":"value"}," minutes"],"many":["in ",{"t":"idOrVar","v":"value"}," minutes"],"one":"in a minute","other":["in ",{"t":"idOrVar","v":"value"}," minutes"],"two":["in ",{"t":"idOrVar","v":"value"}," minutes"],"zero":"now"},"$x":[{"t":"idOrVar","v":"plural"},"value"]},{"$i":"hours-until-long","$v":{"few":["in ",{"t":"idOrVar","v":"value"}," hours"],"many":["in ",{"t":"idOrVar","v":"value"}," hours"],"one":"in an hour","other":["in ",{"t":"idOrVar","v":"value"}," hours"],"two":["in ",{"t":"idOrVar","v":"value"}," hours"],"zero":"now"},"$x":[{"t":"idOrVar","v":"plural"},"value"]},{"$i":"days-until-long","$v":{"few":["in ",{"t":"idOrVar","v":"value"}," days"],"many":["in ",{"t":"idOrVar","v":"value"}," days"],"one":"tomorrow","other":["in ",{"t":"idOrVar","v":"value"}," days"],"two":["in ",{"t":"idOrVar","v":"value"}," days"],"zero":"today"},"$x":[{"t":"idOrVar","v":"plural"},"value"]},{"$i":"weeks-until-long","$v":{"few":["in ",{"t":"idOrVar","v":"value"}," weeks"],"many":["in ",{"t":"idOrVar","v":"value"}," weeks"],"one":"next week","other":["in ",{"t":"idOrVar","v":"value"}," weeks"],"two":["in ",{"t":"idOrVar","v":"value"}," weeks"],"zero":"this week"},"$x":[{"t":"idOrVar","v":"plural"},"value"]},{"$i":"months-until-long","$v":{"few":["in ",{"t":"idOrVar","v":"value"}," months"],"many":["in ",{"t":"idOrVar","v":"value"}," months"],"one":"next month","other":["in ",{"t":"idOrVar","v":"value"}," months"],"two":["in ",{"t":"idOrVar","v":"value"}," months"],"zero":"this month"},"$x":[{"t":"idOrVar","v":"plural"},"value"]},{"$i":"years-until-long","$v":{"few":["in ",{"t":"idOrVar","v":"value"}," years"],"many":["in ",{"t":"idOrVar","v":"value"}," years"],"one":"next year","other":["in ",{"t":"idOrVar","v":"value"}," years"],"two":["in ",{"t":"idOrVar","v":"value"}," years"],"zero":"this year"},"$x":[{"t":"idOrVar","v":"plural"},"value"]},{"$i":"minutes-ago-short","$v":{"other":[{"t":"idOrVar","v":"value"},"m ago"],"zero":"just now"},"$x":[{"t":"idOrVar","v":"plural"},"value"]},{"$i":"hours-ago-short","$v":{"other":[{"t":"idOrVar","v":"value"},"h ago"],"zero":"just now"},"$x":[{"t":"idOrVar","v":"plural"},"value"]},{"$i":"days-ago-short","$v":{"other":[{"t":"idOrVar","v":"value"},"d ago"],"zero":"today"},"$x":[{"t":"idOrVar","v":"plural"},"value"]},{"$i":"minutes-until-short","$v":{"other":["in ",{"t":"idOrVar","v":"value"},"m"],"zero":"now"},"$x":[{"t":"idOrVar","v":"plural"},"value"]},{"$i":"hours-until-short","$v":{"other":["in ",{"t":"idOrVar","v":"value"},"h"],"zero":"now"},"$x":[{"t":"idOrVar","v":"plural"},"value"]},{"$i":"days-until-short","$v":{"other":["in ",{"t":"idOrVar","v":"value"},"d"],"zero":"today"},"$x":[{"t":"idOrVar","v":"plural"},"value"]},{"$i":"incorrectDate","$v":"(incorrect date)"},{"$i":"dateTimeFormat_%c","$v":"%a %b %e %Y %I:%M:%S %p"},{"$i":"dateTimeFormat_%x","$v":"%m/%d/%Y"},{"$i":"dateTimeFormat_%X","$v":"%I:%M:%S %p"},{"$i":"shortTimeFormat","$v":"%I:%M %p"},{"$i":"shortTimeFormat12","$v":"%I:%M %p"},{"$i":"shortTimeFormat24","$v":"%H:%M"},{"$i":"shortDateTimeFormat","$v":"%x %I:%M %p"},{"$i":"weekStartsOnMonday","$v":"0.0"},{"$i":"firstDayOfTheWeek","$v":"0.0"},{"$i":"time_am","$v":"AM"},{"$i":"time_pm","$v":"PM"},{"$i":"softkey-options","$v":"Options"}]