[{"$i":"back","$v":"Tagasi"},{"$i":"save","$v":"Salvesta"},{"$i":"cancel","$v":"Tühista"},{"$i":"next","$v":"Edasi"},{"$i":"hide","$v":"Peida"},{"$i":"confirm","$v":"Kinnita"},{"$i":"done","$v":"Valmis"},{"$i":"events","$v":"Sündmuste meeldetuletus"},{"$i":"edit","$v":"Redigeeri"},{"$i":"allday-events","$v":"Kogupäevasündmuste meeldetuletus"},{"$i":"no-events","$v":"Sündmusi pole"},{"$i":"default","$v":"Vaikesäte"},{"$i":"sync","$v":"Sünkrooni"},{"$i":"repeat","$v":"Korda"},{"$i":"never","$v":"Mitte kunagi"},{"$i":"every-day","$v":"Iga päev"},{"$i":"every-week","$v":"Iga nädal"},{"$i":"every-2-weeks","$v":"Iga 2 nädala järel"},{"$i":"every-month","$v":"Iga kuu"},{"$i":"view-never","$v":"Korda: kunagi"},{"$i":"view-every-day","$v":"Korda: iga päev"},{"$i":"view-every-week","$v":"Korda: kord nädalas"},{"$i":"view-every-2-weeks","$v":"Korda: iga kahe nädala tagant"},{"$i":"view-every-month","$v":"Korda: kord kuus"},{"$i":"repeat-event-header","$v":"See on korduv sündmus."},{"$i":"delete-this-only","$v":"Kustuta see ainult"},{"$i":"delete-all","$v":"Kustuta kõik"},{"$i":"event-edit-all","$v":"Muuda kõiki sündmusi"},{"$i":"event-edit-all-future","$v":"Muuda kõiki tulevasi sündmusi"},{"$i":"options","$v":"Valikud"},{"$i":"event-delete-all","$v":"Kustuta kõik"},{"$i":"event-delete-all-future","$v":"Kustuta kõik tulevased sündmused"},{"$i":"delete-account","$v":"Kustuta konto"},{"$i":"exchange-account","$v":"ActiveSync"},{"$i":"account-user-name","$v":"Kasutajanimi"},{"$i":"incorrect-password-description","$v":"Ei saa serverisse sisse logida. Sisestage parool uuesti."},{"$i":"incorrect-password","$v":"Vale parool, proovige uuesti."},{"$i":"account-duplicate","$v":"Konto on juba olemas. Sünkroonimine on sees."},{"$i":"error-account","$v":"Server pole kättesaadav, proovige hiljem uuesti."},{"$i":"error-access-denied","$v":"Tekkis tundmatu tõrge, proovige hiljem uuesti."},{"$i":"error-time-out","$v":["Serveriga ",{"t":"idOrVar","v":"server"}," ei saa ühendust luua. Probleem võib olla võrgus."]},{"$i":"caldav-account-exist","$v":"See konto on juba olemas."},{"$i":"save-password","$v":"Parool on salvestatud."},{"$i":"account-login","$v":"Konto sisselogimine"},{"$i":"setting-up-account","$v":"Konto seadistamine"},{"$i":"setup-account-usedInfo","$v":"Seda kontot kasutavad allolevad rakendused. Saate seda muuta, kui avate Seaded > Konto."},{"$i":"app-calendar","$v":"Kalender"},{"$i":"show-today","$v":"Täna"},{"$i":"show-month-view","$v":"Kuu"},{"$i":"show-week-view","$v":"Nädal"},{"$i":"show-day-view","$v":"Päev"},{"$i":"settings-show","$v":"Seaded"},{"$i":"settings-hide","$v":"Peida seaded"},{"$i":"add-account","$v":"Lisa konto"},{"$i":"new-event","$v":"Lisa sündmus"},{"$i":"view-event-header","$v":"Sündmuse andmed"},{"$i":"new-event-header","$v":"Lisa sündmus"},{"$i":"edit-event-header","$v":"Redigeeri sündmust"},{"$i":"account-header","$v":"Konto"},{"$i":"account-list-header","$v":"Kontod"},{"$i":"advanced-settings-short-icon-button","ariaLabel":"Seaded"},{"$i":"advanced-settings-header","$v":"Kalendri seaded"},{"$i":"advanced-settings-personalization","$v":"Uuendamise sagedus"},{"$i":"advanced-settings-reminders","$v":"Meeldetuletus"},{"$i":"advanced-settings-add-account","$v":"Lisage konto"},{"$i":"field-user","$v":"Kasutajanimi"},{"$i":"field-password","$v":"Parool"},{"$i":"show-password","$v":"Kuva parool"},{"$i":"field-full-url","$v":"URL"},{"$i":"modify-account-setting-up","$v":"Oodake, teie kontot seadistatakse"},{"$i":"modify-account-unable-to-sync","$v":"Sünkroonimine pole võimalik"},{"$i":"modify-account-sign-in","$v":"Logi sisse"},{"$i":"kai-caldav","$v":"CalDav"},{"$i":"kai-yahoo","$v":"Yahoo!"},{"$i":"kai-google","$v":"Google"},{"$i":"preset-mozilla","$v":"Mozilla Zimbra"},{"$i":"calendar-local","$v":"Telefoni kalender"},{"$i":"event-title","$v":"Pealkiri"},{"$i":"event-location","$v":"Asukoht"},{"$i":"event-description","$v":"Märkmed"},{"$i":"event-is-allday","$v":"Kogupäevasündmus"},{"$i":"event-start-date","$v":"Alguskuupäev"},{"$i":"event-end-date","$v":"Lõpukuupäev"},{"$i":"event-start-time","$v":"Algusaeg"},{"$i":"event-end-time","$v":"Lõpuaeg"},{"$i":"event-delete","$v":"Kustuta sündmus"},{"$i":"event-is-deleting","$v":"Kustutamine…"},{"$i":"remove-account-data","$v":"Eemalda kalendrikonto"},{"$i":"remove-account-dialog","$v":"Eemalda konto"},{"$i":"remove-account-dialog-details","$v":["Kas eemaldada ",{"t":"idOrVar","v":"email"}," teie seadmest?"]},{"$i":"remove","$v":"Eemalda"},{"$i":"drawer-sync-icon-button","ariaLabel":"Sünkrooni"},{"$i":"sync-progress-syncing","ariaValueText":"Sünkroonimine"},{"$i":"sync-progress-complete","ariaValueText":"Sünkr. lõpetatud"},{"$i":"sync-frequency","$v":"Sünkrooni kalender"},{"$i":"sync-frequency-15min","$v":"Iga 15 minuti järel"},{"$i":"sync-frequency-30min","$v":"Iga 30 minuti järel"},{"$i":"sync-frequency-manual","$v":"Käsitsi"},{"$i":"from","$v":"Saatja:"},{"$i":"to","$v":"Saaja:"},{"$i":"one-day-duration-title","$v":[{"t":"idOrVar","v":"startDate"}]},{"$i":"one-day-duration-content","$v":[{"t":"idOrVar","v":"startTime"},"–",{"t":"idOrVar","v":"endTime"}]},{"$i":"multiple-day-duration-title","$v":[{"t":"idOrVar","v":"startTime"}," ",{"t":"idOrVar","v":"startDate"}]},{"$i":"multiple-day-duration-content","$v":["kuni ",{"t":"idOrVar","v":"endTime"}," ",{"t":"idOrVar","v":"endDate"}]},{"$i":"one-all-day-duration-title","$v":[{"t":"idOrVar","v":"startDate"}]},{"$i":"all-day-duration-content","$v":"Kogupäevasündmus"},{"$i":"multiple-all-day-duration-title","$v":["Alates ",{"t":"idOrVar","v":"startDate"}]},{"$i":"multiple-all-day-duration-content","$v":["Kuni ",{"t":"idOrVar","v":"endDate"}]},{"$i":"none","$v":"Puudub"},{"$i":"reminder","$v":"Sündmuse meeldetuletus"},{"$i":"remind-me","$v":"Tuleta mulle meelde"},{"$i":"alarm-at-event-standard","$v":"Sündmuse ajal"},{"$i":"alarm-at-event-allday","$v":"Sündmuse päeval"},{"$i":"alarm-at-event-allday-hour12","$v":"Sündmuse päeval (09.00)"},{"$i":"alarm-at-event-allday-hour24","$v":"Sündmuse päeval (09.00)"},{"$i":"alarm-start-notice","$v":[{"t":"idOrVar","v":"title"}," alustab ",{"t":"idOrVar","v":"distance"}]},{"$i":"alarm-started-notice","$v":[{"t":"idOrVar","v":"title"}," alustas ",{"t":"idOrVar","v":"distance"}]},{"$i":"alarm-start-notice-two-days","$v":[{"t":"idOrVar","v":"title"}," alustab kahe päeva pärast"]},{"$i":"alarm-start-notice-few-days","$v":[{"t":"idOrVar","v":"title"}," alustab ",{"t":"idOrVar","v":"distance"}]},{"$i":"days-before-hour12","$v":{"few":[{"t":"idOrVar","v":"value"}," päeva varem (09.00)"],"many":[{"t":"idOrVar","v":"value"}," päeva varem (09.00)"],"one":"1 päev varem (09.00)","other":[{"t":"idOrVar","v":"value"}," päeva varem (09.00)"],"two":[{"t":"idOrVar","v":"value"}," päeva varem (09.00)"],"zero":"0 päeva varem (09.00)"},"$x":[{"t":"idOrVar","v":"plural"},"value"]},{"$i":"weeks-before-hour12","$v":{"few":[{"t":"idOrVar","v":"value"}," nädalat varem (09.00)"],"many":[{"t":"idOrVar","v":"value"}," nädalat varem (09.00)"],"one":"1 nädal varem (09.00)","other":[{"t":"idOrVar","v":"value"}," nädalat varem (09.00)"],"two":[{"t":"idOrVar","v":"value"}," nädalat varem (09.00)"],"zero":"0 nädalat varem (09.00)"},"$x":[{"t":"idOrVar","v":"plural"},"value"]},{"$i":"days-before-hour24","$v":{"few":[{"t":"idOrVar","v":"value"}," päeva varem (09.00)"],"many":[{"t":"idOrVar","v":"value"}," päeva varem (09.00)"],"one":"1 päev varem (09.00)","other":[{"t":"idOrVar","v":"value"}," päeva varem (09.00)"],"two":[{"t":"idOrVar","v":"value"}," päeva varem (09.00)"],"zero":"0 päeva varem (09.00)"},"$x":[{"t":"idOrVar","v":"plural"},"value"]},{"$i":"weeks-before-hour24","$v":{"few":[{"t":"idOrVar","v":"value"}," nädalat varem (09.00)"],"many":[{"t":"idOrVar","v":"value"}," nädalat varem (09.00)"],"one":"1 nädal varem (09.00)","other":[{"t":"idOrVar","v":"value"}," nädalat varem (09.00)"],"two":[{"t":"idOrVar","v":"value"}," nädalat varem (09.00)"],"zero":"0 nädalat varem (09.00)"},"$x":[{"t":"idOrVar","v":"plural"},"value"]},{"$i":"minutes-before","$v":{"few":[{"t":"idOrVar","v":"value"}," minutit varem"],"many":[{"t":"idOrVar","v":"value"}," minutit varem"],"one":"1 minut varem","other":[{"t":"idOrVar","v":"value"}," minutit varem"],"two":[{"t":"idOrVar","v":"value"}," minutit varem"],"zero":"0 minutit varem"},"$x":[{"t":"idOrVar","v":"plural"},"value"]},{"$i":"hours-before","$v":{"few":[{"t":"idOrVar","v":"value"}," tundi varem"],"many":[{"t":"idOrVar","v":"value"}," tundi varem"],"one":"1 tund varem","other":[{"t":"idOrVar","v":"value"}," tundi varem"],"two":[{"t":"idOrVar","v":"value"}," tundi varem"],"zero":"0 tundi varem"},"$x":[{"t":"idOrVar","v":"plural"},"value"]},{"$i":"days-before","$v":{"few":[{"t":"idOrVar","v":"value"}," päeva varem"],"many":[{"t":"idOrVar","v":"value"}," päeva varem"],"one":"1 päev varem","other":[{"t":"idOrVar","v":"value"}," päeva varem"],"two":[{"t":"idOrVar","v":"value"}," päeva varem"],"zero":"0 päeva varem"},"$x":[{"t":"idOrVar","v":"plural"},"value"]},{"$i":"weeks-before","$v":{"few":[{"t":"idOrVar","v":"value"}," nädalat varem"],"many":[{"t":"idOrVar","v":"value"}," nädalat varem"],"one":"1 nädal varem","other":[{"t":"idOrVar","v":"value"}," nädalat varem"],"two":[{"t":"idOrVar","v":"value"}," nädalat varem"],"zero":"0 nädalat varem"},"$x":[{"t":"idOrVar","v":"plural"},"value"]},{"$i":"months-before","$v":{"few":[{"t":"idOrVar","v":"value"}," kuud varem"],"many":[{"t":"idOrVar","v":"value"}," kuud varem"],"one":"1 kuu varem","other":[{"t":"idOrVar","v":"value"}," kuud varem"],"two":[{"t":"idOrVar","v":"value"}," kuud varem"],"zero":"0 kuud varem"},"$x":[{"t":"idOrVar","v":"plural"},"value"]},{"$i":"years-before","$v":{"few":[{"t":"idOrVar","v":"value"}," aastat varem"],"many":[{"t":"idOrVar","v":"value"}," aastat varem"],"one":"1 aasta varem","other":[{"t":"idOrVar","v":"value"}," aastat varem"],"two":[{"t":"idOrVar","v":"value"}," aastat varem"],"zero":"0 aastat varem"},"$x":[{"t":"idOrVar","v":"plural"},"value"]},{"$i":"minutes-after","$v":{"few":[{"t":"idOrVar","v":"value"}," minutit hiljem"],"many":[{"t":"idOrVar","v":"value"}," minutit hiljem"],"one":"1 minut hiljem","other":[{"t":"idOrVar","v":"value"}," minutit hiljem"],"two":[{"t":"idOrVar","v":"value"}," minutit hiljem"],"zero":"0 minutit hiljem"},"$x":[{"t":"idOrVar","v":"plural"},"value"]},{"$i":"hours-after","$v":{"few":[{"t":"idOrVar","v":"value"}," tundi hiljem"],"many":[{"t":"idOrVar","v":"value"}," tundi hiljem"],"one":"1 tund hiljem","other":[{"t":"idOrVar","v":"value"}," tundi hiljem"],"two":[{"t":"idOrVar","v":"value"}," tundi hiljem"],"zero":"0 tundi hiljem"},"$x":[{"t":"idOrVar","v":"plural"},"value"]},{"$i":"days-after","$v":{"few":[{"t":"idOrVar","v":"value"}," päeva hiljem"],"many":[{"t":"idOrVar","v":"value"}," päeva hiljem"],"one":"1 päev hiljem","other":[{"t":"idOrVar","v":"value"}," päeva hiljem"],"two":[{"t":"idOrVar","v":"value"}," päeva hiljem"],"zero":"0 päeva hiljem"},"$x":[{"t":"idOrVar","v":"plural"},"value"]},{"$i":"weeks-after","$v":{"few":[{"t":"idOrVar","v":"value"}," nädalat hiljem"],"many":[{"t":"idOrVar","v":"value"}," nädalat hiljem"],"one":"1 nädal hiljem","other":[{"t":"idOrVar","v":"value"}," nädalat hiljem"],"two":[{"t":"idOrVar","v":"value"}," nädalat hiljem"],"zero":"0 nädalat hiljem"},"$x":[{"t":"idOrVar","v":"plural"},"value"]},{"$i":"months-after","$v":{"few":[{"t":"idOrVar","v":"value"}," kuud hiljem"],"many":[{"t":"idOrVar","v":"value"}," kuud hiljem"],"one":"1 kuu hiljem","other":[{"t":"idOrVar","v":"value"}," kuud hiljem"],"two":[{"t":"idOrVar","v":"value"}," kuud hiljem"],"zero":"0 kuud hiljem"},"$x":[{"t":"idOrVar","v":"plural"},"value"]},{"$i":"years-after","$v":{"few":[{"t":"idOrVar","v":"value"}," aastat hiljem"],"many":[{"t":"idOrVar","v":"value"}," aastat hiljem"],"one":"1 aasta pärast","other":[{"t":"idOrVar","v":"value"}," aastat hiljem"],"two":[{"t":"idOrVar","v":"value"}," aastat hiljem"],"zero":"0 aastat hiljem"},"$x":[{"t":"idOrVar","v":"plural"},"value"]},{"$i":"hour-format12","$v":"%I %p"},{"$i":"hour-format24","$v":"%H"},{"$i":"week-hour-format12","$v":"%I %p"},{"$i":"week-hour-format24","$v":"%H"},{"$i":"hour-allday","$v":"Terve päev"},{"$i":"kai-week-day","$v":"%a\\n%e"},{"$i":"current-time12","$v":"%I:%M"},{"$i":"current-time24","$v":"%H:%M"},{"$i":"multi-month-view-header-format","$v":"%B %Y"},{"$i":"day-view-header-format","$v":"%A, %B %e"},{"$i":"months-day-view-header-format","$v":"%A, %B %e"},{"$i":"months-day-view-header-format-small","$v":{"$o":"#%a <br/> %b, %e"}},{"$i":"week-view-header-format","$v":["Nädal ",{"t":"idOrVar","v":"value"},", %B %Y"]},{"$i":"longDateFormat","$v":"%a, %d. %B %Y"},{"$i":"longTimeFormat","$v":"%A %B %d"},{"$i":"longTimeFormat12","$v":"%A %B %d %I %p"},{"$i":"longTimeFormat24","$v":"%A %B %d kell %H"},{"$i":"weekTimeFormat12","$v":"%I %p"},{"$i":"weekTimeFormat24","$v":"Kell %H"},{"$i":"weekDayFormat","$v":"%A, %d"},{"$i":"alldayLongTimeFormat","$v":"%A %B %d terve päev"},{"$i":"dayHour12","$v":"%I %p"},{"$i":"dayHour24","$v":"Kell %H"},{"$i":"longDateTime12","$v":"%I %p, %a, %d %b, %Y"},{"$i":"longDateTime24","$v":"%H, %a, %d %b, %Y"},{"$i":"upcoming-events","$v":"Saabuvad sündmused"},{"$i":"search-results","$v":"Otsingutulemused"},{"$i":"no-event-found","$v":"Sündmusi ei leitud"},{"$i":"longDateTimeNew12","$v":"%a, %B %e, %Y, %I:%M %p"},{"$i":"longDateTimeNew24","$v":"%a, %B %e, %Y, %H:%M"},{"$i":"error-start-date-after-end-date","$v":"Sündmus ei saa lõppeda enne selle alguskuupäeva."},{"$i":"error-start-time-after-end-time","$v":"Sündmus ei saa lõppeda enne selle alguskuupäeva."},{"$i":"error-unauthenticated","$v":"Vale kasutajanimi/parool, proovige uuesti."},{"$i":"error-internal-server-error","$v":"Serveri viga, proovige uuesti."},{"$i":"error-unkown","$v":"Server pole kättesaadav, proovige hiljem uuesti."},{"$i":"error-default","$v":"Miski on valesti. Proovige uuesti."},{"$i":"error-offline","$v":"Interneti-ühendust pole võimalik luua. Internetti pääsemiseks võite kasutada Wi-Fi-t või mobiilandmesidet."},{"$i":"error-account-exist","$v":"See konto on juba olemas."},{"$i":"error-confirmation-title","$v":"Viga"},{"$i":"error-edit-online-event","$v":"Veebisündmuse redigeerimine nurjus, kuna Interneti-ühendus puudub."},{"$i":"error-delete-online-event","$v":"Veebisündmuse kustutamine nurjus, kuna Interneti-ühendus puudub."},{"$i":"notification-error-sync-title","$v":"Kalendri sünk. viga"},{"$i":"notification-error-sync-description","$v":"Lisateabeks puudutage"},{"$i":"notification-error-caldav-sync-title","$v":"Konto viga"},{"$i":"notification-error-caldav-sync-description","$v":"Logige uuesti sisse"},{"$i":"weekday-0-single-char","$v":"P","ariaLabel":"Pühap."},{"$i":"weekday-1-single-char","$v":"E","ariaLabel":"Esmaspäev"},{"$i":"weekday-2-single-char","$v":"T","ariaLabel":"Teisip."},{"$i":"weekday-3-single-char","$v":"K","ariaLabel":"Kolmap."},{"$i":"weekday-4-single-char","$v":"N","ariaLabel":"Neljap."},{"$i":"weekday-5-single-char","$v":"R","ariaLabel":"Reede"},{"$i":"weekday-6-single-char","$v":"L","ariaLabel":"Laupäev"},{"$i":"busy","$v":{"few":[{"t":"idOrVar","v":"n"}," sündmust"],"many":[{"t":"idOrVar","v":"n"}," sündmust"],"one":[{"t":"idOrVar","v":"n"}," sündmus"],"other":[{"t":"idOrVar","v":"n"}," sündmust"],"two":[{"t":"idOrVar","v":"n"}," sündmust"],"zero":"Sündmusi pole"},"$x":[{"t":"idOrVar","v":"plural"},"n"]},{"$i":"present","ariaLabel":"Täna"},{"$i":"past-other-month-description","ariaLabel":"Muu kuu"},{"$i":"future-other-month-description","ariaLabel":"Muu kuu"},{"$i":"icon-calendar-alarm","ariaLabel":"On alarmiga"},{"$i":"calendars","ariaLabel":"Kalendrid"},{"$i":"multi-day-new-event-link","ariaLabel":"Lisa sündmus"},{"$i":"title","ariaLabel":"Pealkiri"},{"$i":"location","ariaLabel":"Asukoht"},{"$i":"duration","ariaLabel":"Kestus"},{"$i":"calendar","ariaLabel":"Kalender"},{"$i":"alarms","ariaLabel":"Alarmid"},{"$i":"description","ariaLabel":"Kirjeldus"},{"$i":"start-date","ariaLabel":"Alguskuupäev"},{"$i":"start-time","ariaLabel":"Algusaeg"},{"$i":"end-date","ariaLabel":"Lõpukuupäev"},{"$i":"end-time","ariaLabel":"Lõpuaeg"},{"$i":"during-progress-loading","ariaValueText":"Laadimine"},{"$i":"all-day","ariaLabel":"Terve päev"},{"$i":"create-event","ariaLabel":"Looge sündmus"},{"$i":"create-all-day-event","ariaLabel":"Looge kogupäevas."},{"$i":"event-one-day-duration","ariaLabel":["alates ",{"t":"idOrVar","v":"startTime"}," kuni ",{"t":"idOrVar","v":"endTime"}]},{"$i":"week-event-one-day-duration","ariaLabel":[{"t":"idOrVar","v":"startDate"}," alates ",{"t":"idOrVar","v":"startTime"},"–",{"t":"idOrVar","v":"endTime"}]},{"$i":"event-multiple-day-duration","ariaLabel":["Alates ",{"t":"idOrVar","v":"startTime"}," ",{"t":"idOrVar","v":"startDate"}," kuni ",{"t":"idOrVar","v":"endTime"}," ",{"t":"idOrVar","v":"endDate"}]},{"$i":"kai-event-added","$v":"Sündmus on lisatud"},{"$i":"kai-event-updated","$v":"Sündmus on värskendatud"},{"$i":"kai-event-deleted","$v":"Sündmus on kustutatud"},{"$i":"kai-change-save","$v":"Muudatused on salvestatud"},{"$i":"event-sync-failure","$v":"Sünkroonimine pole võimalik"},{"$i":"kai-event-calendar","$v":"Kalender"},{"$i":"kai-single-event","$v":"sündmus"},{"$i":"kai-event-count","$v":"sündmused"},{"$i":"kai-sync-progress-syncing","$v":"Sünkroonimine"},{"$i":"kai-sync-progress-complete","$v":"Kalender on ajakohane."},{"$i":"kai-settings-sounds","$v":"Helid"},{"$i":"kai-tones","$v":"Toonid"},{"$i":"kai-multi-events","$v":"Sündmused"},{"$i":"kai-confirmation-title","$v":"Kinnitus"},{"$i":"kai-delete-selectedEvent-confirmation","$v":"Kas kustutada valitud sündmus?"},{"$i":"kai-deleteEvent-confirmation","$v":"Kas kustutada sündmus?"},{"$i":"kai-event-search-header","$v":"Otsing","placeholder":"Otsing"},{"$i":"kai-event-search-upcoming-events","$v":"Saabuvad sündmused"},{"$i":"kai-delete","$v":"Kustuta"},{"$i":"kai-cancel","$v":"Tühista"},{"$i":"kai-dialog-delete-sel","$v":"Kas soovite kindlasti valitud sündmuse kustutada?"},{"$i":"kai-delete-title","$v":"Kustuta sündmus"},{"$i":"kai-save-changes","$v":"Salv. muudatused?"},{"$i":"kai-save-message-back","$v":"Kõik sisestatud andmed lähevad kaotsi. Kas soovite muudatused salvestada?"},{"$i":"kai-save-message-close","$v":"Rakendus suletakse andmekaoga. Kas soovite muudatused salvestada?"},{"$i":"yes","$v":"Jah"},{"$i":"no","$v":"Ei"},{"$i":"confirmation","$v":"Kinnitus"},{"$i":"ok","$v":"OK"},{"$i":"delete-event","$v":"Kas kustutada valitud sündmus?"},{"$i":"edit-event-no-net","$v":"Veebisündmuse muutmine nurjus, kuna Interneti-ühendus puudub."},{"$i":"kai-settings-header","$v":"Kuvatav kalender"},{"$i":"kai-syncing","$v":"Sünkroonimine ..."},{"$i":"kai-syncing-header","$v":"Konto sünkroonimine"},{"$i":"select","$v":"Vali"},{"$i":"add-event","$v":"Lisa sündm."},{"$i":"week-view","$v":"Nädalavaade"},{"$i":"day-view","$v":"Päevavaade"},{"$i":"month-view","$v":"Kuuvaade"},{"$i":"today","$v":"Täna"},{"$i":"go","$v":"Ava kuupäev"},{"$i":"search","$v":"Otsing"},{"$i":"calendar-to-display","$v":"Kuvatav kalender"},{"$i":"settings","$v":"Seaded"},{"$i":"delete","$v":"Kustuta"},{"$i":"enter","$v":"Sisesta"},{"$i":"sync-calendar","$v":"Sünkrooni kalender"},{"$i":"lunar-calendar","$v":"Kuufaas"},{"$i":"present-description","$v":["Täna, ",{"t":"idOrVar","v":"weekday"},", ",{"t":"idOrVar","v":"date"}]},{"$i":"day-description","$v":[{"t":"idOrVar","v":"weekday"},", ",{"t":"idOrVar","v":"date"},"."]},{"$i":"weekday-5","$v":"Reede"},{"$i":"weekday-4","$v":"Neljap."},{"$i":"weekday-3","$v":"Kolmap."},{"$i":"weekday-2","$v":"Teisip."},{"$i":"weekday-1","$v":"Esmaspäev"},{"$i":"weekday-0","$v":"Pühap."},{"$i":"weekday-6","$v":"Laupäev"},{"$i":"no-title","$v":"(Pealkiri puudub)"},{"$i":"weekday-0-long","$v":"Pühapäev"},{"$i":"weekday-1-long","$v":"Esmaspäev"},{"$i":"weekday-2-long","$v":"Teisipäev"},{"$i":"weekday-3-long","$v":"Kolmapäev"},{"$i":"weekday-4-long","$v":"Neljapäev"},{"$i":"weekday-5-long","$v":"Reede"},{"$i":"weekday-6-long","$v":"Laupäev"},{"$i":"weekday-0-short","$v":"P"},{"$i":"weekday-1-short","$v":"E"},{"$i":"weekday-2-short","$v":"T"},{"$i":"weekday-3-short","$v":"K"},{"$i":"weekday-4-short","$v":"N"},{"$i":"weekday-5-short","$v":"R"},{"$i":"weekday-6-short","$v":"L"},{"$i":"month-0-long","$v":"Jaanuar"},{"$i":"month-1-long","$v":"Veebruar"},{"$i":"month-2-long","$v":"Märts"},{"$i":"month-3-long","$v":"Aprill"},{"$i":"month-4-long","$v":"Mai"},{"$i":"month-5-long","$v":"Juuni"},{"$i":"month-6-long","$v":"Juuli"},{"$i":"month-7-long","$v":"August"},{"$i":"month-8-long","$v":"September"},{"$i":"month-9-long","$v":"Oktoober"},{"$i":"month-10-long","$v":"November"},{"$i":"month-11-long","$v":"Detsember"},{"$i":"month-0-genitive","$v":"Jaanuar"},{"$i":"month-1-genitive","$v":"Veebruar"},{"$i":"month-2-genitive","$v":"Märts"},{"$i":"month-3-genitive","$v":"Aprill"},{"$i":"month-4-genitive","$v":"Mai"},{"$i":"month-5-genitive","$v":"Juuni"},{"$i":"month-6-genitive","$v":"Juuli"},{"$i":"month-7-genitive","$v":"August"},{"$i":"month-8-genitive","$v":"September"},{"$i":"month-9-genitive","$v":"Oktoober"},{"$i":"month-10-genitive","$v":"November"},{"$i":"month-11-genitive","$v":"Detsember"},{"$i":"month-0-short","$v":"jaan"},{"$i":"month-1-short","$v":"veebr"},{"$i":"month-2-short","$v":"märts"},{"$i":"month-3-short","$v":"apr"},{"$i":"month-4-short","$v":"Mai"},{"$i":"month-5-short","$v":"juuni"},{"$i":"month-6-short","$v":"juuli"},{"$i":"month-7-short","$v":"aug"},{"$i":"month-8-short","$v":"sept"},{"$i":"month-9-short","$v":"okt"},{"$i":"month-10-short","$v":"nov"},{"$i":"month-11-short","$v":"dets"},{"$i":"minutes-ago-long","$v":{"few":[{"t":"idOrVar","v":"value"}," minutit tagasi"],"many":[{"t":"idOrVar","v":"value"}," minutit tagasi"],"one":"üks minut tagasi","other":[{"t":"idOrVar","v":"value"}," minutit tagasi"],"two":[{"t":"idOrVar","v":"value"}," minutit tagasi"],"zero":"just nüüd"},"$x":[{"t":"idOrVar","v":"plural"},"value"]},{"$i":"hours-ago-long","$v":{"few":[{"t":"idOrVar","v":"value"}," tundi tagasi"],"many":[{"t":"idOrVar","v":"value"}," tundi tagasi"],"one":"tund aega tagasi","other":[{"t":"idOrVar","v":"value"}," tundi tagasi"],"two":[{"t":"idOrVar","v":"value"}," tundi tagasi"],"zero":"just nüüd"},"$x":[{"t":"idOrVar","v":"plural"},"value"]},{"$i":"days-ago-long","$v":{"few":[{"t":"idOrVar","v":"value"}," päeva tagasi"],"many":[{"t":"idOrVar","v":"value"}," päeva tagasi"],"one":"eile","other":[{"t":"idOrVar","v":"value"}," päeva tagasi"],"two":[{"t":"idOrVar","v":"value"}," päeva tagasi"],"zero":"täna"},"$x":[{"t":"idOrVar","v":"plural"},"value"]},{"$i":"weeks-ago-long","$v":{"few":[{"t":"idOrVar","v":"value"}," nädalat tagasi"],"many":[{"t":"idOrVar","v":"value"}," nädalat tagasi"],"one":"eelmine nädal","other":[{"t":"idOrVar","v":"value"}," nädalat tagasi"],"two":[{"t":"idOrVar","v":"value"}," nädalat tagasi"],"zero":"sel nädalal"},"$x":[{"t":"idOrVar","v":"plural"},"value"]},{"$i":"months-ago-long","$v":{"few":[{"t":"idOrVar","v":"value"}," kuud tagasi"],"many":[{"t":"idOrVar","v":"value"}," kuud tagasi"],"one":"eelmine kuu","other":[{"t":"idOrVar","v":"value"}," kuud tagasi"],"two":[{"t":"idOrVar","v":"value"}," kuud tagasi"],"zero":"see kuu"},"$x":[{"t":"idOrVar","v":"plural"},"value"]},{"$i":"years-ago-long","$v":{"few":[{"t":"idOrVar","v":"value"}," aastat tagasi"],"many":[{"t":"idOrVar","v":"value"}," aastat tagasi"],"one":"eelmine aasta","other":[{"t":"idOrVar","v":"value"}," aastat tagasi"],"two":[{"t":"idOrVar","v":"value"}," aastat tagasi"],"zero":"see aasta"},"$x":[{"t":"idOrVar","v":"plural"},"value"]},{"$i":"minutes-until-long","$v":{"few":[{"t":"idOrVar","v":"value"}," minuti pärast"],"many":[{"t":"idOrVar","v":"value"}," minuti pärast"],"one":"minuti pärast","other":[{"t":"idOrVar","v":"value"}," minuti pärast"],"two":[{"t":"idOrVar","v":"value"}," minuti pärast"],"zero":"kohe"},"$x":[{"t":"idOrVar","v":"plural"},"value"]},{"$i":"hours-until-long","$v":{"few":[{"t":"idOrVar","v":"value"}," tunni pärast"],"many":[{"t":"idOrVar","v":"value"}," tunni pärast"],"one":"tunni pärast","other":[{"t":"idOrVar","v":"value"}," tunni pärast"],"two":[{"t":"idOrVar","v":"value"}," tunni pärast"],"zero":"kohe"},"$x":[{"t":"idOrVar","v":"plural"},"value"]},{"$i":"days-until-long","$v":{"few":[{"t":"idOrVar","v":"value"}," päeva pärast"],"many":[{"t":"idOrVar","v":"value"}," päeva pärast"],"one":"homme","other":[{"t":"idOrVar","v":"value"}," päeva pärast"],"two":[{"t":"idOrVar","v":"value"}," päeva pärast"],"zero":"täna"},"$x":[{"t":"idOrVar","v":"plural"},"value"]},{"$i":"weeks-until-long","$v":{"few":[{"t":"idOrVar","v":"value"}," nädala pärast"],"many":[{"t":"idOrVar","v":"value"}," nädala pärast"],"one":"järgmine nädal","other":[{"t":"idOrVar","v":"value"}," nädala pärast"],"two":[{"t":"idOrVar","v":"value"}," nädala pärast"],"zero":"sel nädalal"},"$x":[{"t":"idOrVar","v":"plural"},"value"]},{"$i":"months-until-long","$v":{"few":[{"t":"idOrVar","v":"value"}," kuu pärast"],"many":[{"t":"idOrVar","v":"value"}," kuu pärast"],"one":"järgmine kuu","other":[{"t":"idOrVar","v":"value"}," kuu pärast"],"two":[{"t":"idOrVar","v":"value"}," kuu pärast"],"zero":"see kuu"},"$x":[{"t":"idOrVar","v":"plural"},"value"]},{"$i":"years-until-long","$v":{"few":[{"t":"idOrVar","v":"value"}," aasta pärast"],"many":[{"t":"idOrVar","v":"value"}," aasta pärast"],"one":"järgmine aasta","other":[{"t":"idOrVar","v":"value"}," aasta pärast"],"two":[{"t":"idOrVar","v":"value"}," aasta pärast"],"zero":"see aasta"},"$x":[{"t":"idOrVar","v":"plural"},"value"]},{"$i":"minutes-ago-short","$v":{"other":[{"t":"idOrVar","v":"value"}," m tagasi"],"zero":"just nüüd"},"$x":[{"t":"idOrVar","v":"plural"},"value"]},{"$i":"hours-ago-short","$v":{"other":[{"t":"idOrVar","v":"value"}," h tagasi"],"zero":"just nüüd"},"$x":[{"t":"idOrVar","v":"plural"},"value"]},{"$i":"days-ago-short","$v":{"other":[{"t":"idOrVar","v":"value"}," p tagasi"],"zero":"täna"},"$x":[{"t":"idOrVar","v":"plural"},"value"]},{"$i":"minutes-until-short","$v":{"other":[{"t":"idOrVar","v":"value"}," min pärast"],"zero":"kohe"},"$x":[{"t":"idOrVar","v":"plural"},"value"]},{"$i":"hours-until-short","$v":{"other":[{"t":"idOrVar","v":"value"},"h pärast"],"zero":"kohe"},"$x":[{"t":"idOrVar","v":"plural"},"value"]},{"$i":"days-until-short","$v":{"other":[{"t":"idOrVar","v":"value"},"p pärast"],"zero":"täna"},"$x":[{"t":"idOrVar","v":"plural"},"value"]},{"$i":"incorrectDate","$v":"(vale kuupäev)"},{"$i":"dateTimeFormat_%c","$v":"%a %b %e %Y %I:%M:%S %p"},{"$i":"dateTimeFormat_%x","$v":"%m/%d/%Y"},{"$i":"dateTimeFormat_%X","$v":"%I:%M:%S %p"},{"$i":"shortTimeFormat","$v":"%I:%M %p"},{"$i":"shortTimeFormat12","$v":"%I:%M %p"},{"$i":"shortTimeFormat24","$v":"%H:%M"},{"$i":"shortDateTimeFormat","$v":"%x %I:%M %p"},{"$i":"weekStartsOnMonday","$v":"0.0"},{"$i":"firstDayOfTheWeek","$v":"1.0"},{"$i":"time_am","$v":"AM"},{"$i":"time_pm","$v":"PM"},{"$i":"softkey-options","$v":"Valikud"}]