[{"$i":"back","$v":"برگشت"},{"$i":"save","$v":"ذخيره"},{"$i":"cancel","$v":"لغو کردن"},{"$i":"next","$v":"بعد"},{"$i":"hide","$v":"مخفی کردن"},{"$i":"confirm","$v":"تأیید"},{"$i":"done","$v":"انجام شد"},{"$i":"events","$v":"یادآور رویدادها"},{"$i":"edit","$v":"ویرایش"},{"$i":"allday-events","$v":"یادآور رویدادهای تمام روز"},{"$i":"no-events","$v":"بدون رویداد"},{"$i":"default","$v":"پيش فرض"},{"$i":"sync","$v":"همگام سازی"},{"$i":"repeat","$v":"تكرار"},{"$i":"never","$v":"هرگز"},{"$i":"every-day","$v":"هر روز"},{"$i":"every-week","$v":"هر هفته"},{"$i":"every-2-weeks","$v":"هر 2 هفته"},{"$i":"every-month","$v":"هر ماه"},{"$i":"view-never","$v":"تكرار: هرگز"},{"$i":"view-every-day","$v":"تكرار: روزانه"},{"$i":"view-every-week","$v":"تكرار: هفتگی"},{"$i":"view-every-2-weeks","$v":"تكرار: هر دو هفته"},{"$i":"view-every-month","$v":"تكرار: ماهانه"},{"$i":"repeat-event-header","$v":"این یک رویداد تکراری است."},{"$i":"delete-this-only","$v":"فقط اين را حذف کنید"},{"$i":"delete-all","$v":"حذف همه"},{"$i":"event-edit-all","$v":"ویرایش همه رویدادها"},{"$i":"event-edit-all-future","$v":"ویرایش همه رویدادهای آینده"},{"$i":"options","$v":"گزینه ها"},{"$i":"event-delete-all","$v":"حذف همه"},{"$i":"event-delete-all-future","$v":"حذف همه رویدادهای آینده"},{"$i":"delete-account","$v":"حذف حساب"},{"$i":"exchange-account","$v":"ActiveSync"},{"$i":"account-user-name","$v":"نام كاربر"},{"$i":"incorrect-password-description","$v":"ورود به سرور انجام نشد، لطفاً مطمئن شوید که گذرواژه درست باشد."},{"$i":"incorrect-password","$v":"رمز عبور اشتباه، لطفاً دوباره امتحان کنيد."},{"$i":"account-duplicate","$v":"حساب از قبل موجود است. همگام سازی روشن است."},{"$i":"error-account","$v":"سرور در دسترس نیست.  لطفاً در فرصتی دیگر دوباره امتحان کنید."},{"$i":"error-access-denied","$v":"خطای ناشناخته ای روی داده است، لطفاً در فرصتی دیگر دوباره امتحان کنید."},{"$i":"error-time-out","$v":["نمی توانید اتصالی با \"",{"t":"idOrVar","v":"server"},"\" برقرار کنید. ممکن است شبکه مشکلی داشته باشد."]},{"$i":"caldav-account-exist","$v":"حساب از قبل موجود است."},{"$i":"save-password","$v":"رمز عبور ذخیره شد."},{"$i":"account-login","$v":"ورود به حساب"},{"$i":"setting-up-account","$v":"تنظیم حساب"},{"$i":"setup-account-usedInfo","$v":"این حساب توسط برنامه های زیر استفاده خواهد شد. می توانيد اين را از تنظيمات>حساب تغيير دهيد."},{"$i":"app-calendar","$v":"تقويم"},{"$i":"show-today","$v":"امروز"},{"$i":"show-month-view","$v":"ماه"},{"$i":"show-week-view","$v":"هفته"},{"$i":"show-day-view","$v":"روز"},{"$i":"settings-show","$v":"تنظیمات"},{"$i":"settings-hide","$v":"مخفی کردن تنظیمات"},{"$i":"add-account","$v":"افزودن یک حساب"},{"$i":"new-event","$v":"افزودن رویداد"},{"$i":"view-event-header","$v":"جزئیات رویداد"},{"$i":"new-event-header","$v":"افزودن رویداد"},{"$i":"edit-event-header","$v":"ویرایش رویداد"},{"$i":"account-header","$v":"حساب"},{"$i":"account-list-header","$v":"حساب ها"},{"$i":"advanced-settings-short-icon-button","ariaLabel":"تنظیمات"},{"$i":"advanced-settings-header","$v":"تنظیمات تقویم"},{"$i":"advanced-settings-personalization","$v":"دفعات به روزرسانی"},{"$i":"advanced-settings-reminders","$v":"يادآور"},{"$i":"advanced-settings-add-account","$v":"افزودن حساب"},{"$i":"field-user","$v":"نام كاربر"},{"$i":"field-password","$v":"رمز عبور"},{"$i":"show-password","$v":"نمایش رمز عبور"},{"$i":"field-full-url","$v":"URL"},{"$i":"modify-account-setting-up","$v":"لطفاً زماني که حساب تنظیم مي شود صبر کنيد"},{"$i":"modify-account-unable-to-sync","$v":"نمی توانید همگام سازی کنید"},{"$i":"modify-account-sign-in","$v":"ورود به سیستم"},{"$i":"kai-caldav","$v":"CalDav"},{"$i":"kai-yahoo","$v":"Yahoo!"},{"$i":"kai-google","$v":"Google"},{"$i":"preset-mozilla","$v":"Mozilla Zimbra"},{"$i":"calendar-local","$v":"تقویم تلفن"},{"$i":"event-title","$v":"عنوان"},{"$i":"event-location","$v":"موقعیت"},{"$i":"event-description","$v":"نکات"},{"$i":"event-is-allday","$v":"رویداد تمام روز"},{"$i":"event-start-date","$v":"تاریخ شروع"},{"$i":"event-end-date","$v":"تاریخ پایان"},{"$i":"event-start-time","$v":"زمان شروع"},{"$i":"event-end-time","$v":"زمان پايان"},{"$i":"event-delete","$v":"حذف رویداد"},{"$i":"event-is-deleting","$v":"درحال حذف..."},{"$i":"remove-account-data","$v":"حذف حساب"},{"$i":"remove-account-dialog","$v":"حذف حساب"},{"$i":"remove-account-dialog-details","$v":["حذف \"",{"t":"idOrVar","v":"email"},"\" از دستگاه؟"]},{"$i":"remove","$v":"حذف"},{"$i":"drawer-sync-icon-button","ariaLabel":"همگام سازی"},{"$i":"sync-progress-syncing","ariaValueText":"در حال همگام سازی"},{"$i":"sync-progress-complete","ariaValueText":"همگام سازی کامل است"},{"$i":"sync-frequency","$v":"همگام سازی تقویم"},{"$i":"sync-frequency-15min","$v":"هر 15 دقیقه"},{"$i":"sync-frequency-30min","$v":"هر 30 دقیقه"},{"$i":"sync-frequency-manual","$v":"دستي"},{"$i":"from","$v":"از"},{"$i":"to","$v":"به"},{"$i":"one-day-duration-title","$v":[{"t":"idOrVar","v":"startDate"}]},{"$i":"one-day-duration-content","$v":[{"t":"idOrVar","v":"startTime"}," تا ",{"t":"idOrVar","v":"endTime"}]},{"$i":"multiple-day-duration-title","$v":[{"t":"idOrVar","v":"startTime"}," ",{"t":"idOrVar","v":"startDate"}]},{"$i":"multiple-day-duration-content","$v":[{"t":"idOrVar","v":"endTime"}," ",{"t":"idOrVar","v":"endDate"}]},{"$i":"one-all-day-duration-title","$v":[{"t":"idOrVar","v":"startDate"}]},{"$i":"all-day-duration-content","$v":"رویداد کل روز"},{"$i":"multiple-all-day-duration-title","$v":["از ",{"t":"idOrVar","v":"startDate"}]},{"$i":"multiple-all-day-duration-content","$v":["تا ",{"t":"idOrVar","v":"endDate"}]},{"$i":"none","$v":"هيچكدام"},{"$i":"reminder","$v":"یادآور رویداد"},{"$i":"remind-me","$v":"به من یادآوری کنید"},{"$i":"alarm-at-event-standard","$v":"در زمان رویداد"},{"$i":"alarm-at-event-allday","$v":"در روز رویداد"},{"$i":"alarm-at-event-allday-hour12","$v":"در روز رویداد (9 صبح)"},{"$i":"alarm-at-event-allday-hour24","$v":"در روز رویداد (09:00)"},{"$i":"alarm-start-notice","$v":[{"t":"idOrVar","v":"title"}," در حال شروع ",{"t":"idOrVar","v":"distance"}]},{"$i":"alarm-started-notice","$v":[{"t":"idOrVar","v":"title"}," شروع کرد ",{"t":"idOrVar","v":"distance"}]},{"$i":"alarm-start-notice-two-days","$v":[{"t":"idOrVar","v":"title"}," ظرف دو روز شروع می‌شود"]},{"$i":"alarm-start-notice-few-days","$v":[{"t":"idOrVar","v":"title"}," ظرف ",{"t":"idOrVar","v":"distance"}," روز شروع می‌شود"]},{"$i":"days-before-hour12","$v":{"few":[{"t":"idOrVar","v":"value"}," روزهای قبل (9 صبح)"],"many":[{"t":"idOrVar","v":"value"}," روزهای قبل (9 صبح)"],"one":"1 روز قبل (9 صبح)","other":[{"t":"idOrVar","v":"value"}," روزهای قبل (9 صبح)"],"two":[{"t":"idOrVar","v":"value"}," روزهای قبل (9 صبح)"],"zero":"0 روز قبل (9 صبح)"},"$x":[{"t":"idOrVar","v":"plural"},"value"]},{"$i":"weeks-before-hour12","$v":{"few":[{"t":"idOrVar","v":"value"}," هفته های قبل (9 صبح)"],"many":[{"t":"idOrVar","v":"value"}," هفته های قبل (9 صبح)"],"one":"1 هفته قبل (9 صبح)","other":[{"t":"idOrVar","v":"value"}," هفته های قبل (9 صبح)"],"two":[{"t":"idOrVar","v":"value"}," هفته های قبل (9 صبح)"],"zero":"0 هفته قبل (9 صبح)"},"$x":[{"t":"idOrVar","v":"plural"},"value"]},{"$i":"days-before-hour24","$v":{"few":[{"t":"idOrVar","v":"value"}," روزهای قبل (9 صبح)"],"many":[{"t":"idOrVar","v":"value"}," روزهای قبل (9 صبح)"],"one":"1 روز قبل (9 صبح)","other":[{"t":"idOrVar","v":"value"}," روزهای قبل (9 صبح)"],"two":[{"t":"idOrVar","v":"value"}," روزهای قبل (9 صبح)"],"zero":"0 روز قبل (9 صبح)"},"$x":[{"t":"idOrVar","v":"plural"},"value"]},{"$i":"weeks-before-hour24","$v":{"few":[{"t":"idOrVar","v":"value"}," هفته های قبل (9 صبح)"],"many":[{"t":"idOrVar","v":"value"}," هفته های قبل (9 صبح)"],"one":"1 هفته قبل (9 صبح)","other":[{"t":"idOrVar","v":"value"}," هفته های قبل (9 صبح)"],"two":[{"t":"idOrVar","v":"value"}," هفته های قبل (9 صبح)"],"zero":"0 هفته قبل (9 صبح)"},"$x":[{"t":"idOrVar","v":"plural"},"value"]},{"$i":"minutes-before","$v":{"few":[{"t":"idOrVar","v":"value"}," دقیقه قبل"],"many":[{"t":"idOrVar","v":"value"}," دقیقه قبل"],"one":"1 دقیقه قبل","other":[{"t":"idOrVar","v":"value"}," دقیقه قبل"],"two":[{"t":"idOrVar","v":"value"}," دقیقه قبل"],"zero":"0 دقیقه قبل"},"$x":[{"t":"idOrVar","v":"plural"},"value"]},{"$i":"hours-before","$v":{"few":[{"t":"idOrVar","v":"value"}," ساعت قبل"],"many":[{"t":"idOrVar","v":"value"}," ساعت قبل"],"one":"1 ساعت قبل","other":[{"t":"idOrVar","v":"value"}," ساعت قبل"],"two":[{"t":"idOrVar","v":"value"}," ساعت قبل"],"zero":"0 ساعت قبل"},"$x":[{"t":"idOrVar","v":"plural"},"value"]},{"$i":"days-before","$v":{"few":[{"t":"idOrVar","v":"value"}," روز قبل"],"many":[{"t":"idOrVar","v":"value"}," روز قبل"],"one":"1 روز قبل","other":[{"t":"idOrVar","v":"value"}," روز قبل"],"two":[{"t":"idOrVar","v":"value"}," روز قبل"],"zero":"0 روز قبل"},"$x":[{"t":"idOrVar","v":"plural"},"value"]},{"$i":"weeks-before","$v":{"few":[{"t":"idOrVar","v":"value"}," هفته قبل"],"many":[{"t":"idOrVar","v":"value"}," هفته قبل"],"one":"1 هفته قبل","other":[{"t":"idOrVar","v":"value"}," هفته قبل"],"two":[{"t":"idOrVar","v":"value"}," هفته قبل"],"zero":"0 هفته قبل"},"$x":[{"t":"idOrVar","v":"plural"},"value"]},{"$i":"months-before","$v":{"few":[{"t":"idOrVar","v":"value"}," ماه قبل"],"many":[{"t":"idOrVar","v":"value"}," ماه قبل"],"one":"1 ماه قبل","other":[{"t":"idOrVar","v":"value"}," ماه قبل"],"two":[{"t":"idOrVar","v":"value"}," ماه قبل"],"zero":"0 ماه قبل"},"$x":[{"t":"idOrVar","v":"plural"},"value"]},{"$i":"years-before","$v":{"few":[{"t":"idOrVar","v":"value"}," سال قبل"],"many":[{"t":"idOrVar","v":"value"}," سال قبل"],"one":"1 سال قبل","other":[{"t":"idOrVar","v":"value"}," سال قبل"],"two":[{"t":"idOrVar","v":"value"}," سال قبل"],"zero":"سال قبل"},"$x":[{"t":"idOrVar","v":"plural"},"value"]},{"$i":"minutes-after","$v":{"few":[{"t":"idOrVar","v":"value"}," دقیقه بعد"],"many":[{"t":"idOrVar","v":"value"}," دقیقه بعد"],"one":"1 دقیقه بعد","other":[{"t":"idOrVar","v":"value"}," دقیقه بعد"],"two":[{"t":"idOrVar","v":"value"}," دقیقه بعد"],"zero":"0 دقیقه بعد"},"$x":[{"t":"idOrVar","v":"plural"},"value"]},{"$i":"hours-after","$v":{"few":[{"t":"idOrVar","v":"value"}," ساعت بعد"],"many":[{"t":"idOrVar","v":"value"}," ساعت بعد"],"one":"1 ساعت بعد","other":[{"t":"idOrVar","v":"value"}," ساعت بعد"],"two":[{"t":"idOrVar","v":"value"}," ساعت بعد"],"zero":"0 ساعت بعد"},"$x":[{"t":"idOrVar","v":"plural"},"value"]},{"$i":"days-after","$v":{"few":[{"t":"idOrVar","v":"value"}," روز بعد"],"many":[{"t":"idOrVar","v":"value"}," روز بعد"],"one":"1 روز بعد","other":[{"t":"idOrVar","v":"value"}," روز بعد"],"two":[{"t":"idOrVar","v":"value"}," روز بعد"],"zero":"0 روز بعد"},"$x":[{"t":"idOrVar","v":"plural"},"value"]},{"$i":"weeks-after","$v":{"few":[{"t":"idOrVar","v":"value"}," هفته بعد"],"many":[{"t":"idOrVar","v":"value"}," هفته بعد"],"one":"1 هفته بعد","other":[{"t":"idOrVar","v":"value"}," هفته بعد"],"two":[{"t":"idOrVar","v":"value"}," هفته بعد"],"zero":"0 هفته بعد"},"$x":[{"t":"idOrVar","v":"plural"},"value"]},{"$i":"months-after","$v":{"few":[{"t":"idOrVar","v":"value"}," ماه بعد"],"many":[{"t":"idOrVar","v":"value"}," ماه بعد"],"one":"1 ماه بعد","other":[{"t":"idOrVar","v":"value"}," ماه بعد"],"two":[{"t":"idOrVar","v":"value"}," ماه بعد"],"zero":"0 ماه بعد"},"$x":[{"t":"idOrVar","v":"plural"},"value"]},{"$i":"years-after","$v":{"few":[{"t":"idOrVar","v":"value"}," سال بعد"],"many":[{"t":"idOrVar","v":"value"}," سال بعد"],"one":"1 سال بعد","other":[{"t":"idOrVar","v":"value"}," سال بعد"],"two":[{"t":"idOrVar","v":"value"}," سال بعد"],"zero":"0 سال بعد"},"$x":[{"t":"idOrVar","v":"plural"},"value"]},{"$i":"hour-format12","$v":"%I %p"},{"$i":"hour-format24","$v":"%H"},{"$i":"week-hour-format12","$v":"%I %p"},{"$i":"week-hour-format24","$v":"%H"},{"$i":"hour-allday","$v":"تمام روز"},{"$i":"kai-week-day","$v":"%a\\n%e"},{"$i":"current-time12","$v":"%I:%M"},{"$i":"current-time24","$v":"%H:%M"},{"$i":"multi-month-view-header-format","$v":"%B %Y"},{"$i":"day-view-header-format","$v":"%A، %B %e"},{"$i":"months-day-view-header-format","$v":"%A، %B %e"},{"$i":"months-day-view-header-format-small","$v":{"$o":"%a <br/> %b، %e"}},{"$i":"week-view-header-format","$v":["هفته ",{"t":"idOrVar","v":"value"},"، %B %Y"]},{"$i":"longDateFormat","$v":"%A، %B %d، %Y"},{"$i":"longTimeFormat","$v":"%A %B %d"},{"$i":"longTimeFormat12","$v":"%A %B %d %I %p"},{"$i":"longTimeFormat24","$v":"%A %B %d %H ساعت"},{"$i":"weekTimeFormat12","$v":"%I %p"},{"$i":"weekTimeFormat24","$v":"%H ساعت"},{"$i":"weekDayFormat","$v":"%A %d"},{"$i":"alldayLongTimeFormat","$v":"%A %B %d تمام روز"},{"$i":"dayHour12","$v":"%I %p"},{"$i":"dayHour24","$v":"%H ساعت"},{"$i":"longDateTime12","$v":"%I %p، %a، %d %b، %Y"},{"$i":"longDateTime24","$v":"%H، %a، %d %b، %Y"},{"$i":"upcoming-events","$v":"رویدادهای آینده"},{"$i":"search-results","$v":"نتایج جستجو"},{"$i":"no-event-found","$v":"هیچ محتوایی یافت نشد"},{"$i":"longDateTimeNew12","$v":"%a, %B %e, %Y, %I:%M %p"},{"$i":"longDateTimeNew24","$v":"%a, %B %e, %Y, %H:%M"},{"$i":"error-start-date-after-end-date","$v":"رویداد نمی تواند قبل از تاریخ شروع خود به پایان برسد."},{"$i":"error-start-time-after-end-time","$v":"رویداد نمی تواند قبل از زمان شروع خود به پایان برسد."},{"$i":"error-unauthenticated","$v":"رمز عبور یا نام کاربر اشتباه است، لطفاً دوباره امتحان کنید."},{"$i":"error-internal-server-error","$v":"خطای سرور، لطفاً دوباره امتحان کنيد."},{"$i":"error-unkown","$v":"سرور در دسترس نیست. لطفاً در فرصتی دیگر دوباره امتحان کنید."},{"$i":"error-default","$v":"مشکلی وجود دارد. دوباره در فرصت ديگری امتحان كنيد."},{"$i":"error-offline","$v":"نمی توانید به اینترنت وصل شوید. برای دسترسی به اینترنت می توانید از Wi-Fi یا داده تلفن همراه استفاده کنید."},{"$i":"error-account-exist","$v":"این حساب از قبل موجود است."},{"$i":"error-confirmation-title","$v":"خطا"},{"$i":"error-edit-online-event","$v":"به دلیل نبود اتصال اینترنتی، رویداد آنلاین ویرایش نشد."},{"$i":"error-delete-online-event","$v":"به دلیل نبود اتصال اینترنتی، رویداد آنلاین حذف نشد."},{"$i":"notification-error-sync-title","$v":"خطای همگام سازی تقویم"},{"$i":"notification-error-sync-description","$v":"برای اطلاعات بیشتر ضربه بزنید"},{"$i":"notification-error-caldav-sync-title","$v":"خطای حساب"},{"$i":"notification-error-caldav-sync-description","$v":"دوباره وارد سیستم شوید"},{"$i":"weekday-0-single-char","$v":"ی","ariaLabel":"يكشنبه"},{"$i":"weekday-1-single-char","$v":"د","ariaLabel":"دوشنبه"},{"$i":"weekday-2-single-char","$v":"س","ariaLabel":"سه شنبه"},{"$i":"weekday-3-single-char","$v":"چ","ariaLabel":"چهارشنبه"},{"$i":"weekday-4-single-char","$v":"پ","ariaLabel":"پنج شنبه"},{"$i":"weekday-5-single-char","$v":"ج","ariaLabel":"جمعه"},{"$i":"weekday-6-single-char","$v":"ش","ariaLabel":"شنبه"},{"$i":"busy","$v":{"few":[{"t":"idOrVar","v":"n"}," رویداد"],"many":[{"t":"idOrVar","v":"n"}," رویداد"],"one":[{"t":"idOrVar","v":"n"}," رویداد"],"other":[{"t":"idOrVar","v":"n"}," رویداد"],"two":[{"t":"idOrVar","v":"n"}," رویداد"],"zero":"بدون رویداد"},"$x":[{"t":"idOrVar","v":"plural"},"n"]},{"$i":"present","ariaLabel":"امروز"},{"$i":"past-other-month-description","ariaLabel":"ماه دیگر"},{"$i":"future-other-month-description","ariaLabel":"ماه دیگر"},{"$i":"icon-calendar-alarm","ariaLabel":"هشدار دارد"},{"$i":"calendars","ariaLabel":"تقویم ها"},{"$i":"multi-day-new-event-link","ariaLabel":"افزودن رویداد"},{"$i":"title","ariaLabel":"عنوان"},{"$i":"location","ariaLabel":"موقعیت"},{"$i":"duration","ariaLabel":"مدت زمان"},{"$i":"calendar","ariaLabel":"تقويم"},{"$i":"alarms","ariaLabel":"هشدارها"},{"$i":"description","ariaLabel":"شرح"},{"$i":"start-date","ariaLabel":"تاریخ شروع"},{"$i":"start-time","ariaLabel":"زمان شروع"},{"$i":"end-date","ariaLabel":"تاریخ پایان"},{"$i":"end-time","ariaLabel":"زمان پايان"},{"$i":"during-progress-loading","ariaValueText":"بارگیری"},{"$i":"all-day","ariaLabel":"تمام روز"},{"$i":"create-event","ariaLabel":"رویداد عالی"},{"$i":"create-all-day-event","ariaLabel":"ایجاد رویداد کل روز"},{"$i":"event-one-day-duration","ariaLabel":["از ",{"t":"idOrVar","v":"startTime"}," تا ",{"t":"idOrVar","v":"endTime"}]},{"$i":"week-event-one-day-duration","ariaLabel":[{"t":"idOrVar","v":"startDate"}," از ",{"t":"idOrVar","v":"startTime"}," تا ",{"t":"idOrVar","v":"endTime"}]},{"$i":"event-multiple-day-duration","ariaLabel":["از ",{"t":"idOrVar","v":"startTime"}," ",{"t":"idOrVar","v":"startDate"}," تا ",{"t":"idOrVar","v":"endTime"}," ",{"t":"idOrVar","v":"endDate"}]},{"$i":"kai-event-added","$v":"رویداد اضافه شد."},{"$i":"kai-event-updated","$v":"رویداد به روزرسانی شد."},{"$i":"kai-event-deleted","$v":"رويداد حذف شد."},{"$i":"kai-change-save","$v":"تغییرات ذخیره شد"},{"$i":"event-sync-failure","$v":"نمی توانید همگام سازی کنید"},{"$i":"kai-event-calendar","$v":"تقويم"},{"$i":"kai-single-event","$v":"رویداد"},{"$i":"kai-event-count","$v":"رویدادها"},{"$i":"kai-sync-progress-syncing","$v":"در حال همگام سازی"},{"$i":"kai-sync-progress-complete","$v":"تقویم به روز است."},{"$i":"kai-settings-sounds","$v":"صداها"},{"$i":"kai-tones","$v":"آهنگ ها"},{"$i":"kai-multi-events","$v":"رویدادها"},{"$i":"kai-confirmation-title","$v":"تأييد"},{"$i":"kai-delete-selectedEvent-confirmation","$v":"رویداد انتخاب شده حذف شود؟"},{"$i":"kai-deleteEvent-confirmation","$v":"حذف رویداد؟"},{"$i":"kai-event-search-header","$v":"جستجو","placeholder":"جستجو"},{"$i":"kai-event-search-upcoming-events","$v":"رویدادهای آینده"},{"$i":"kai-delete","$v":"حذف"},{"$i":"kai-cancel","$v":"لغو کردن"},{"$i":"kai-dialog-delete-sel","$v":"مطمئن هستيد می خواهید رویداد انتخابی را حذف کنید؟"},{"$i":"kai-delete-title","$v":"حذف رویداد"},{"$i":"kai-save-changes","$v":"ذخیره تغییرات؟"},{"$i":"kai-save-message-back","$v":"همه داده های وارد شده از دست می رود. می خواهید تغییرات را ذخیره کنید؟"},{"$i":"kai-save-message-close","$v":"برنامه با از دست دادن داده بسته می شود. می خواهید تغییرات را ذخیره کنید؟"},{"$i":"yes","$v":"بله"},{"$i":"no","$v":"خير"},{"$i":"confirmation","$v":"تأييد"},{"$i":"ok","$v":"تأیید"},{"$i":"delete-event","$v":"رویداد انتخاب شده حذف شود؟"},{"$i":"edit-event-no-net","$v":"به دلیل نبود اتصال اینترنتی، رویداد آنلاین ویرایش نشد."},{"$i":"kai-settings-header","$v":"تقویم‌برای نمایش"},{"$i":"kai-syncing","$v":"در حال همگام سازی..."},{"$i":"kai-syncing-header","$v":"همگام سازی حساب"},{"$i":"select","$v":"انتخاب"},{"$i":"add-event","$v":"افزودن"},{"$i":"week-view","$v":"نمای هفته"},{"$i":"day-view","$v":"نمای روز"},{"$i":"month-view","$v":"نمای ماه"},{"$i":"today","$v":"امروز"},{"$i":"go","$v":"رفتن به تاریخ"},{"$i":"search","$v":"جستجو"},{"$i":"calendar-to-display","$v":"تقویم‌برای نمایش"},{"$i":"settings","$v":"تنظیمات"},{"$i":"delete","$v":"حذف"},{"$i":"enter","$v":"وارد کردن"},{"$i":"sync-calendar","$v":"همگام سازی تقویم"},{"$i":"lunar-calendar","$v":"روز قمری"},{"$i":"present-description","$v":["امروز ",{"t":"idOrVar","v":"weekday"}," ",{"t":"idOrVar","v":"date"},"ام"]},{"$i":"day-description","$v":[{"t":"idOrVar","v":"weekday"}," ",{"t":"idOrVar","v":"date"},"ام"]},{"$i":"weekday-5","$v":"جمعه"},{"$i":"weekday-4","$v":"پنج شنبه"},{"$i":"weekday-3","$v":"چهارشنبه"},{"$i":"weekday-2","$v":"سه شنبه"},{"$i":"weekday-1","$v":"دوشنبه"},{"$i":"weekday-0","$v":"يكشنبه"},{"$i":"weekday-6","$v":"شنبه"},{"$i":"no-title","$v":"(بدون عنوان)"},{"$i":"weekday-0-long","$v":"يكشنبه"},{"$i":"weekday-1-long","$v":"دوشنبه"},{"$i":"weekday-2-long","$v":"سه شنبه"},{"$i":"weekday-3-long","$v":"چهارشنبه"},{"$i":"weekday-4-long","$v":"پنج شنبه"},{"$i":"weekday-5-long","$v":"جمعه"},{"$i":"weekday-6-long","$v":"شنبه"},{"$i":"weekday-0-short","$v":"یکشنبه"},{"$i":"weekday-1-short","$v":"دوشنبه"},{"$i":"weekday-2-short","$v":"سه شنبه"},{"$i":"weekday-3-short","$v":"چهارشنبه"},{"$i":"weekday-4-short","$v":"پنج شنبه"},{"$i":"weekday-5-short","$v":"جمعه"},{"$i":"weekday-6-short","$v":"شنبه"},{"$i":"month-0-long","$v":"ژانویه"},{"$i":"month-1-long","$v":"فوریه"},{"$i":"month-2-long","$v":"مارس"},{"$i":"month-3-long","$v":"آوریل"},{"$i":"month-4-long","$v":"مه"},{"$i":"month-5-long","$v":"ژوئن"},{"$i":"month-6-long","$v":"ژوئیه"},{"$i":"month-7-long","$v":"اوت"},{"$i":"month-8-long","$v":"سپتامبر"},{"$i":"month-9-long","$v":"اکتبر"},{"$i":"month-10-long","$v":"نوامبر"},{"$i":"month-11-long","$v":"دسامبر"},{"$i":"month-0-genitive","$v":"ژانویه"},{"$i":"month-1-genitive","$v":"فوریه"},{"$i":"month-2-genitive","$v":"مارس"},{"$i":"month-3-genitive","$v":"آوریل"},{"$i":"month-4-genitive","$v":"مه"},{"$i":"month-5-genitive","$v":"ژوئن"},{"$i":"month-6-genitive","$v":"ژوئیه"},{"$i":"month-7-genitive","$v":"اوت"},{"$i":"month-8-genitive","$v":"سپتامبر"},{"$i":"month-9-genitive","$v":"اکتبر"},{"$i":"month-10-genitive","$v":"نوامبر"},{"$i":"month-11-genitive","$v":"دسامبر"},{"$i":"month-0-short","$v":"ژانويه"},{"$i":"month-1-short","$v":"فوريه"},{"$i":"month-2-short","$v":"مارس"},{"$i":"month-3-short","$v":"آوريل"},{"$i":"month-4-short","$v":"مه"},{"$i":"month-5-short","$v":"ژوئن"},{"$i":"month-6-short","$v":"ژوئيه"},{"$i":"month-7-short","$v":"اوت"},{"$i":"month-8-short","$v":"سپتامبر"},{"$i":"month-9-short","$v":"اكتبر"},{"$i":"month-10-short","$v":"نوامبر"},{"$i":"month-11-short","$v":"دسامبر"},{"$i":"minutes-ago-long","$v":{"few":[{"t":"idOrVar","v":"value"}," دقیقه قبل"],"many":[{"t":"idOrVar","v":"value"}," دقیقه قبل"],"one":"یک دقيقه قبل","other":[{"t":"idOrVar","v":"value"}," دقیقه قبل"],"two":[{"t":"idOrVar","v":"value"}," دقیقه قبل"],"zero":"درست اکنون"},"$x":[{"t":"idOrVar","v":"plural"},"value"]},{"$i":"hours-ago-long","$v":{"few":[{"t":"idOrVar","v":"value"}," ساعت قبل"],"many":[{"t":"idOrVar","v":"value"}," ساعت قبل"],"one":"یک ساعت قبل","other":[{"t":"idOrVar","v":"value"}," ساعت قبل"],"two":[{"t":"idOrVar","v":"value"}," ساعت قبل"],"zero":"درست اکنون"},"$x":[{"t":"idOrVar","v":"plural"},"value"]},{"$i":"days-ago-long","$v":{"few":[{"t":"idOrVar","v":"value"}," روز قبل"],"many":[{"t":"idOrVar","v":"value"}," روز قبل"],"one":"دیروز","other":[{"t":"idOrVar","v":"value"}," روز قبل"],"two":[{"t":"idOrVar","v":"value"}," روز قبل"],"zero":"امروز"},"$x":[{"t":"idOrVar","v":"plural"},"value"]},{"$i":"weeks-ago-long","$v":{"few":[{"t":"idOrVar","v":"value"}," هفته قبل"],"many":[{"t":"idOrVar","v":"value"}," هفته قبل"],"one":"هفته قبل","other":[{"t":"idOrVar","v":"value"}," هفته قبل"],"two":[{"t":"idOrVar","v":"value"}," هفته قبل"],"zero":"این هفته"},"$x":[{"t":"idOrVar","v":"plural"},"value"]},{"$i":"months-ago-long","$v":{"few":[{"t":"idOrVar","v":"value"}," ماه قبل"],"many":[{"t":"idOrVar","v":"value"}," ماه قبل"],"one":"ماه قبل","other":[{"t":"idOrVar","v":"value"}," ماه قبل"],"two":[{"t":"idOrVar","v":"value"}," ماه قبل"],"zero":"این ماه"},"$x":[{"t":"idOrVar","v":"plural"},"value"]},{"$i":"years-ago-long","$v":{"few":[{"t":"idOrVar","v":"value"}," سال قبل"],"many":[{"t":"idOrVar","v":"value"}," سال قبل"],"one":"سال قبل","other":[{"t":"idOrVar","v":"value"}," سال قبل"],"two":[{"t":"idOrVar","v":"value"}," سال قبل"],"zero":"امسال"},"$x":[{"t":"idOrVar","v":"plural"},"value"]},{"$i":"minutes-until-long","$v":{"few":"در {value}} دقیقه","many":"در {value}} دقیقه","one":"در یک دقیقه","other":"در {value}} دقیقه","two":"در {value}} دقیقه","zero":"اکنون"},"$x":[{"t":"idOrVar","v":"plural"},"value"]},{"$i":"hours-until-long","$v":{"few":"در {value}} ساعت","many":"در {value}} ساعت","one":"در یک ساعت","other":"در {value}} ساعت","two":"در {value}} ساعت","zero":"اکنون"},"$x":[{"t":"idOrVar","v":"plural"},"value"]},{"$i":"days-until-long","$v":{"few":["در ",{"t":"idOrVar","v":"value"}," روز"],"many":["در ",{"t":"idOrVar","v":"value"}," روز"],"one":"فردا","other":["در ",{"t":"idOrVar","v":"value"}," روز"],"two":["در ",{"t":"idOrVar","v":"value"}," روز"],"zero":"امروز"},"$x":[{"t":"idOrVar","v":"plural"},"value"]},{"$i":"weeks-until-long","$v":{"few":["در ",{"t":"idOrVar","v":"value"}," هفته"],"many":["در ",{"t":"idOrVar","v":"value"}," هفته"],"one":"هفته بعد","other":["در ",{"t":"idOrVar","v":"value"}," هفته"],"two":["در ",{"t":"idOrVar","v":"value"}," هفته"],"zero":"این هفته"},"$x":[{"t":"idOrVar","v":"plural"},"value"]},{"$i":"months-until-long","$v":{"few":["در ",{"t":"idOrVar","v":"value"}," ماه"],"many":["در ",{"t":"idOrVar","v":"value"}," ماه"],"one":"ماه بعد","other":["در ",{"t":"idOrVar","v":"value"}," ماه"],"two":["در ",{"t":"idOrVar","v":"value"}," ماه"],"zero":"این ماه"},"$x":[{"t":"idOrVar","v":"plural"},"value"]},{"$i":"years-until-long","$v":{"few":["در ",{"t":"idOrVar","v":"value"}," سال"],"many":["در ",{"t":"idOrVar","v":"value"}," سال"],"one":"سال بعد","other":["در ",{"t":"idOrVar","v":"value"}," سال"],"two":["در ",{"t":"idOrVar","v":"value"}," سال"],"zero":"امسال"},"$x":[{"t":"idOrVar","v":"plural"},"value"]},{"$i":"minutes-ago-short","$v":{"other":[{"t":"idOrVar","v":"value"},"دقیقه قبل"],"zero":"درست اکنون"},"$x":[{"t":"idOrVar","v":"plural"},"value"]},{"$i":"hours-ago-short","$v":{"other":[{"t":"idOrVar","v":"value"}," ساعت قبل"],"zero":"درست اکنون"},"$x":[{"t":"idOrVar","v":"plural"},"value"]},{"$i":"days-ago-short","$v":{"other":[{"t":"idOrVar","v":"value"}," روز قبل"],"zero":"امروز"},"$x":[{"t":"idOrVar","v":"plural"},"value"]},{"$i":"minutes-until-short","$v":{"other":"در {value}} دقیقه","zero":"اکنون"},"$x":[{"t":"idOrVar","v":"plural"},"value"]},{"$i":"hours-until-short","$v":{"other":"در {value}} ساعت","zero":"اکنون"},"$x":[{"t":"idOrVar","v":"plural"},"value"]},{"$i":"days-until-short","$v":{"other":"در {value}} روز","zero":"امروز"},"$x":[{"t":"idOrVar","v":"plural"},"value"]},{"$i":"incorrectDate","$v":"(تاریخ نادرست)"},{"$i":"dateTimeFormat_%c","$v":"%a %b %e %Y %I:%M:%S %p"},{"$i":"dateTimeFormat_%x","$v":"%m/%d/%Y"},{"$i":"dateTimeFormat_%X","$v":"%I:%M:%S %p"},{"$i":"shortTimeFormat","$v":"%I:%M %p"},{"$i":"shortTimeFormat12","$v":"%I:%M %p"},{"$i":"shortTimeFormat24","$v":"%H:%M"},{"$i":"shortDateTimeFormat","$v":"%x %I:%M %p"},{"$i":"weekStartsOnMonday","$v":"0.0"},{"$i":"firstDayOfTheWeek","$v":"0.0"},{"$i":"time_am","$v":"ب.ظ"},{"$i":"time_pm","$v":"ق.ظ"},{"$i":"softkey-options","$v":"گزینه ها"}]