[{"$i":"back","$v":"Bumalik"},{"$i":"save","$v":"I-save"},{"$i":"cancel","$v":"Kanselahin"},{"$i":"next","$v":"Susunod"},{"$i":"hide","$v":"Itago"},{"$i":"confirm","$v":"Kumpirmahin"},{"$i":"done","$v":"Tapos na"},{"$i":"events","$v":"Paalala ng Mga Kaganapan"},{"$i":"edit","$v":"I-edit"},{"$i":"allday-events","$v":"Paalala ng Mga Kaganapan Buong araw"},{"$i":"no-events","$v":"Walang kaganapan"},{"$i":"default","$v":"Default"},{"$i":"sync","$v":"I-sync"},{"$i":"repeat","$v":"Ulitin"},{"$i":"never","$v":"Hindi kailanman"},{"$i":"every-day","$v":"Bawat araw"},{"$i":"every-week","$v":"Bawat linggo"},{"$i":"every-2-weeks","$v":"Tuwing 2 linggo"},{"$i":"every-month","$v":"Bawat buwan"},{"$i":"view-never","$v":"Ulitin: Hindi"},{"$i":"view-every-day","$v":"Ulitin: Araw-araw"},{"$i":"view-every-week","$v":"Ulitin: Lingguhan"},{"$i":"view-every-2-weeks","$v":"Umuulit: Kada dalawang linggo"},{"$i":"view-every-month","$v":"Ulitin: Buwanang"},{"$i":"repeat-event-header","$v":"Isa itong umuulit na event."},{"$i":"delete-this-only","$v":"Tanggalin lamang ito"},{"$i":"delete-all","$v":"I-delete lahat"},{"$i":"event-edit-all","$v":"I-edit ang lahat ng event"},{"$i":"event-edit-all-future","$v":"I-edit ang lahat ng event sa hinaharap"},{"$i":"options","$v":"Mga Opsyon"},{"$i":"event-delete-all","$v":"I-delete lahat"},{"$i":"event-delete-all-future","$v":"I-delete ang lahat ng event sa hinaharap"},{"$i":"delete-account","$v":"I-delete acct"},{"$i":"exchange-account","$v":"ActiveSync"},{"$i":"account-user-name","$v":"Username"},{"$i":"incorrect-password-description","$v":"Di nakapag-sign in sa server. Subukang muli ang password."},{"$i":"incorrect-password","$v":"Mali ang password, pakisubukang muli."},{"$i":"account-duplicate","$v":"Mayroon nang account. Naka-on ang pag-sync."},{"$i":"error-account","$v":"Hindi available ang server. Pakisubukang muli sa ibang pagkakataon."},{"$i":"error-access-denied","$v":"Nagkaroon ng hindi alam na error, pakisubukang muli sa ibang pagkakataon."},{"$i":"error-time-out","$v":["Walang koneksyon sa \"",{"t":"idOrVar","v":"server"},".\" Baka may problema sa network."]},{"$i":"caldav-account-exist","$v":"Mayroon nang ganitong account."},{"$i":"save-password","$v":"Na-save ang password."},{"$i":"account-login","$v":"Pag-login sa Account"},{"$i":"setting-up-account","$v":"Pag-set up ng account"},{"$i":"setup-account-usedInfo","$v":"Gagamitin ang account na ito ng mga app sa ibaba. Maaari mo itong baguhin sa Mga Setting>Account."},{"$i":"app-calendar","$v":"Kalendaryo"},{"$i":"show-today","$v":"Ngayon"},{"$i":"show-month-view","$v":"Buwan"},{"$i":"show-week-view","$v":"Linggo"},{"$i":"show-day-view","$v":"Araw"},{"$i":"settings-show","$v":"Mga Setting"},{"$i":"settings-hide","$v":"Itago ang mga setting"},{"$i":"add-account","$v":"Magdagdag ng account"},{"$i":"new-event","$v":"Magdagdag ng kaganapan"},{"$i":"view-event-header","$v":"Mga Detalye ng Kaganapan"},{"$i":"new-event-header","$v":"Magdagdag ng Kaganapan"},{"$i":"edit-event-header","$v":"I-edit ang Kaganapan"},{"$i":"account-header","$v":"Account"},{"$i":"account-list-header","$v":"Mga Account"},{"$i":"advanced-settings-short-icon-button","ariaLabel":"Mga Setting"},{"$i":"advanced-settings-header","$v":"Mga Setting ng Kalendaryo"},{"$i":"advanced-settings-personalization","$v":"I-update ang Frequency"},{"$i":"advanced-settings-reminders","$v":"Paalala"},{"$i":"advanced-settings-add-account","$v":"Magdagdag ng account"},{"$i":"field-user","$v":"Username"},{"$i":"field-password","$v":"Password"},{"$i":"show-password","$v":"Ipakita ang password"},{"$i":"field-full-url","$v":"URL"},{"$i":"modify-account-setting-up","$v":"Maghintay habang sine-set up ang iyong account"},{"$i":"modify-account-unable-to-sync","$v":"Hindi ma-sync"},{"$i":"modify-account-sign-in","$v":"Pag-sign in"},{"$i":"kai-caldav","$v":"CalDav"},{"$i":"kai-yahoo","$v":"Yahoo!"},{"$i":"kai-google","$v":"Google"},{"$i":"preset-mozilla","$v":"Mozilla Zimbra"},{"$i":"calendar-local","$v":"Kalendaryo ng Telepono"},{"$i":"event-title","$v":"Pamagat"},{"$i":"event-location","$v":"Lokasyon"},{"$i":"event-description","$v":"Mga Tala"},{"$i":"event-is-allday","$v":"Kaganapan Buong araw"},{"$i":"event-start-date","$v":"Petsa ng Pagsisimula"},{"$i":"event-end-date","$v":"Petsa ng Pagtatapos"},{"$i":"event-start-time","$v":"Oras ng Pagsisimula"},{"$i":"event-end-time","$v":"Oras ng Pagtatapos"},{"$i":"event-delete","$v":"I-delete ang kaganapan"},{"$i":"event-is-deleting","$v":"Dine-delete…"},{"$i":"remove-account-data","$v":"Alisin ang Calendar Account"},{"$i":"remove-account-dialog","$v":"Alisin ang account"},{"$i":"remove-account-dialog-details","$v":["Alisin ang \"",{"t":"idOrVar","v":"email"},"\" sa iyong device?"]},{"$i":"remove","$v":"Alisin"},{"$i":"drawer-sync-icon-button","ariaLabel":"I-sync"},{"$i":"sync-progress-syncing","ariaValueText":"Nagsi-sync"},{"$i":"sync-progress-complete","ariaValueText":"Tapos na ang pag-sync"},{"$i":"sync-frequency","$v":"I-sync ang Kalendaryo"},{"$i":"sync-frequency-15min","$v":"Kada 15 minuto"},{"$i":"sync-frequency-30min","$v":"Kada 30 minuto"},{"$i":"sync-frequency-manual","$v":"Manual"},{"$i":"from","$v":"Mula"},{"$i":"to","$v":"Hanggang"},{"$i":"one-day-duration-title","$v":[{"t":"idOrVar","v":"startDate"}]},{"$i":"one-day-duration-content","$v":[{"t":"idOrVar","v":"startTime"}," hanggang ",{"t":"idOrVar","v":"endTime"}]},{"$i":"multiple-day-duration-title","$v":[{"t":"idOrVar","v":"startTime"}," ",{"t":"idOrVar","v":"startDate"}]},{"$i":"multiple-day-duration-content","$v":[{"t":"idOrVar","v":"endTime"}," ",{"t":"idOrVar","v":"endDate"}]},{"$i":"one-all-day-duration-title","$v":[{"t":"idOrVar","v":"startDate"}]},{"$i":"all-day-duration-content","$v":"Kaganapang pambuong araw"},{"$i":"multiple-all-day-duration-title","$v":["Mula ",{"t":"idOrVar","v":"startDate"}]},{"$i":"multiple-all-day-duration-content","$v":["Hanggang ",{"t":"idOrVar","v":"endDate"}]},{"$i":"none","$v":"Wala"},{"$i":"reminder","$v":"Paalala ng Kaganapan"},{"$i":"remind-me","$v":"Ipaalala sa akin"},{"$i":"alarm-at-event-standard","$v":"Sa oras ng Kaganapan"},{"$i":"alarm-at-event-allday","$v":"Sa araw ng Kaganapan"},{"$i":"alarm-at-event-allday-hour12","$v":"Sa araw ng Kaganapan (9:00 AM)"},{"$i":"alarm-at-event-allday-hour24","$v":"Sa araw ng Kaganapan (9:00 AM)"},{"$i":"alarm-start-notice","$v":[{"t":"idOrVar","v":"title"}," magsisimula sa ",{"t":"idOrVar","v":"distance"}]},{"$i":"alarm-started-notice","$v":[{"t":"idOrVar","v":"title"}," nagsimula sa ",{"t":"idOrVar","v":"distance"}]},{"$i":"alarm-start-notice-two-days","$v":["Magsisimula ang ",{"t":"idOrVar","v":"title"}," makalipas ang dalawang araw"]},{"$i":"alarm-start-notice-few-days","$v":[{"t":"idOrVar","v":"title"}," simula sa ",{"t":"idOrVar","v":"distance"}]},{"$i":"days-before-hour12","$v":{"few":["Nauuna nang ",{"t":"idOrVar","v":"value"}," (na) Araw (9:00 AM)"],"many":["Nauuna nang ",{"t":"idOrVar","v":"value"}," (na) Araw (9:00 AM)"],"one":"Nauuna nang 1 Araw (9:00 AM)","other":["Nauuna nang ",{"t":"idOrVar","v":"value"}," (na) Araw (9:00 AM)"],"two":["Nauuna nang ",{"t":"idOrVar","v":"value"}," (na) Araw (9:00 AM)"],"zero":"Nauuna nang 0 na Araw (9:00 AM)"},"$x":[{"t":"idOrVar","v":"plural"},"value"]},{"$i":"weeks-before-hour12","$v":{"few":["Nauna nang ",{"t":"idOrVar","v":"value"}," (na) Linggo (9:00 AM)"],"many":["Nauna nang ",{"t":"idOrVar","v":"value"}," (na) Linggo (9:00 AM)"],"one":"Nauna nang 1 Linggo (9:00 AM)","other":["Nauna nang ",{"t":"idOrVar","v":"value"}," (na) Linggo (9:00 AM)"],"two":["Nauna nang ",{"t":"idOrVar","v":"value"}," (na) Linggo (9:00 AM)"],"zero":"Nauna nang 0 na Linggo (9:00 AM)"},"$x":[{"t":"idOrVar","v":"plural"},"value"]},{"$i":"days-before-hour24","$v":{"few":["Nauuna nang ",{"t":"idOrVar","v":"value"}," (na) Araw (9:00 AM)"],"many":["Nauuna nang ",{"t":"idOrVar","v":"value"}," (na) Araw (9:00 AM)"],"one":"Nauuna nang 1 Araw (9:00 AM)","other":["Nauuna nang ",{"t":"idOrVar","v":"value"}," (na) Araw (9:00 AM)"],"two":["Nauuna nang ",{"t":"idOrVar","v":"value"}," (na) Araw (9:00 AM)"],"zero":"Nauuna nang 0 na Araw (9:00 AM)"},"$x":[{"t":"idOrVar","v":"plural"},"value"]},{"$i":"weeks-before-hour24","$v":{"few":["Nauna nang ",{"t":"idOrVar","v":"value"}," (na) Linggo (9:00 AM)"],"many":["Nauna nang ",{"t":"idOrVar","v":"value"}," (na) Linggo (9:00 AM)"],"one":"Nauna nang 1 Linggo (9:00 AM)","other":["Nauna nang ",{"t":"idOrVar","v":"value"}," (na) Linggo (9:00 AM)"],"two":["Nauna nang ",{"t":"idOrVar","v":"value"}," (na) Linggo (9:00 AM)"],"zero":"Nauna nang 0 na Linggo (9:00 AM)"},"$x":[{"t":"idOrVar","v":"plural"},"value"]},{"$i":"minutes-before","$v":{"few":["Bago ang ",{"t":"idOrVar","v":"value"}," (na) Minuto"],"many":["Bago ang ",{"t":"idOrVar","v":"value"}," (na) Minuto"],"one":"Nauna nang 1 Minuto","other":["Bago ang ",{"t":"idOrVar","v":"value"}," (na) Minuto"],"two":["Bago ang ",{"t":"idOrVar","v":"value"}," (na) Minuto"],"zero":"Nauna nang 0 Minuto"},"$x":[{"t":"idOrVar","v":"plural"},"value"]},{"$i":"hours-before","$v":{"few":["Bago ang ",{"t":"idOrVar","v":"value"}," (na) Oras"],"many":["Bago ang ",{"t":"idOrVar","v":"value"}," (na) Oras"],"one":"Nauna nang 1 Oras","other":["Bago ang ",{"t":"idOrVar","v":"value"}," (na) Oras"],"two":["Bago ang ",{"t":"idOrVar","v":"value"}," (na) Oras"],"zero":"Nauna nang 0 Oras"},"$x":[{"t":"idOrVar","v":"plural"},"value"]},{"$i":"days-before","$v":{"few":["Nauna nang ",{"t":"idOrVar","v":"value"}," (na) Araw"],"many":["Nauna nang ",{"t":"idOrVar","v":"value"}," (na) Araw"],"one":"Nauna nang 1 Araw","other":["Nauna nang ",{"t":"idOrVar","v":"value"}," (na) Araw"],"two":["Nauna nang ",{"t":"idOrVar","v":"value"}," (na) Araw"],"zero":"Nauna nang 0 Araw"},"$x":[{"t":"idOrVar","v":"plural"},"value"]},{"$i":"weeks-before","$v":{"few":["Nauna nang ",{"t":"idOrVar","v":"value"}," (na) Linggo"],"many":["Nauna nang ",{"t":"idOrVar","v":"value"}," (na) Linggo"],"one":"Nauna nang 1 Linggo","other":["Nauna nang ",{"t":"idOrVar","v":"value"}," (na) Linggo"],"two":["Nauna nang ",{"t":"idOrVar","v":"value"}," (na) Linggo"],"zero":"Nauna nang 0 Linggo"},"$x":[{"t":"idOrVar","v":"plural"},"value"]},{"$i":"months-before","$v":{"few":["Nauna nang ",{"t":"idOrVar","v":"value"}," (na) Buwan"],"many":["Nauna nang ",{"t":"idOrVar","v":"value"}," (na) Buwan"],"one":"Nauna nang 1 Buwan","other":["Nauna nang ",{"t":"idOrVar","v":"value"}," (na) Buwan"],"two":["Nauna nang ",{"t":"idOrVar","v":"value"}," (na) Buwan"],"zero":"Nauna nang 0 Buwan"},"$x":[{"t":"idOrVar","v":"plural"},"value"]},{"$i":"years-before","$v":{"few":["Nauna nang ",{"t":"idOrVar","v":"value"}," (na) Taon"],"many":["Nauna nang ",{"t":"idOrVar","v":"value"}," (na) Taon"],"one":"Nauna nang 1 Taon","other":["Nauna nang ",{"t":"idOrVar","v":"value"}," (na) Taon"],"two":["Nauna nang ",{"t":"idOrVar","v":"value"}," (na) Taon"],"zero":"Nauna nang 0 Taon"},"$x":[{"t":"idOrVar","v":"plural"},"value"]},{"$i":"minutes-after","$v":{"few":["Pagkalipas ng ",{"t":"idOrVar","v":"value"}," (na) Minuto"],"many":["Pagkalipas ng ",{"t":"idOrVar","v":"value"}," (na) Minuto"],"one":"Pagkalipas ng 1 Minuto","other":["Pagkalipas ng ",{"t":"idOrVar","v":"value"}," (na) Minuto"],"two":["Pagkalipas ng ",{"t":"idOrVar","v":"value"}," (na) Minuto"],"zero":"Pagkalipas ng 0 Minuto"},"$x":[{"t":"idOrVar","v":"plural"},"value"]},{"$i":"hours-after","$v":{"few":["Pagkalipas ng ",{"t":"idOrVar","v":"value"}," (na) Oras"],"many":["Pagkalipas ng ",{"t":"idOrVar","v":"value"}," (na) Oras"],"one":"Pagkalipas ng 1 Oras","other":["Pagkalipas ng ",{"t":"idOrVar","v":"value"}," (na) Oras"],"two":["Pagkalipas ng ",{"t":"idOrVar","v":"value"}," (na) Oras"],"zero":"Pagkalipas ng 0 Oras"},"$x":[{"t":"idOrVar","v":"plural"},"value"]},{"$i":"days-after","$v":{"few":["Pagkalipas ng ",{"t":"idOrVar","v":"value"}," (na) Araw"],"many":["Pagkalipas ng ",{"t":"idOrVar","v":"value"}," (na) Araw"],"one":"Pagkalipas ng 1 Araw","other":["Pagkalipas ng ",{"t":"idOrVar","v":"value"}," (na) Araw"],"two":["Pagkalipas ng ",{"t":"idOrVar","v":"value"}," (na) Araw"],"zero":"Pagkalipas ng 0 Araw"},"$x":[{"t":"idOrVar","v":"plural"},"value"]},{"$i":"weeks-after","$v":{"few":["Pagkalipas ng ",{"t":"idOrVar","v":"value"},"(na) Linggo"],"many":["Pagkalipas ng ",{"t":"idOrVar","v":"value"},"(na) Linggo"],"one":"Pagkalipas ng 1 Linggo","other":["Pagkalipas ng ",{"t":"idOrVar","v":"value"},"(na) Linggo"],"two":["Pagkalipas ng ",{"t":"idOrVar","v":"value"},"(na) Linggo"],"zero":"Pagkalipas ng 0 Linggo"},"$x":[{"t":"idOrVar","v":"plural"},"value"]},{"$i":"months-after","$v":{"few":["Pagkalipas ng ",{"t":"idOrVar","v":"value"}," (na) Buwan"],"many":["Pagkalipas ng ",{"t":"idOrVar","v":"value"}," (na) Buwan"],"one":"Pagkalipas ng 1 Buwan","other":["Pagkalipas ng ",{"t":"idOrVar","v":"value"}," (na) Buwan"],"two":["Pagkalipas ng ",{"t":"idOrVar","v":"value"}," (na) Buwan"],"zero":"Pagkalipas ng 0 Buwan"},"$x":[{"t":"idOrVar","v":"plural"},"value"]},{"$i":"years-after","$v":{"few":["Pagkalipas ng ",{"t":"idOrVar","v":"value"}," (na) Taon"],"many":["Pagkalipas ng ",{"t":"idOrVar","v":"value"}," (na) Taon"],"one":"Pagkalipas ng 1 Taon","other":["Pagkalipas ng ",{"t":"idOrVar","v":"value"}," (na) Taon"],"two":["Pagkalipas ng ",{"t":"idOrVar","v":"value"}," (na) Taon"],"zero":"Pagkalipas ng 0 Taon"},"$x":[{"t":"idOrVar","v":"plural"},"value"]},{"$i":"hour-format12","$v":"%I %p"},{"$i":"hour-format24","$v":"%H"},{"$i":"week-hour-format12","$v":"%I %p"},{"$i":"week-hour-format24","$v":"%H"},{"$i":"hour-allday","$v":"Buong Araw"},{"$i":"kai-week-day","$v":"%a\\n%e"},{"$i":"current-time12","$v":"%I:%M"},{"$i":"current-time24","$v":"%H:%M"},{"$i":"multi-month-view-header-format","$v":"%B %Y"},{"$i":"day-view-header-format","$v":"%A, %B %e"},{"$i":"months-day-view-header-format","$v":"%A, %B %e"},{"$i":"months-day-view-header-format-small","$v":{"$o":"%a <br/> %b, %e"}},{"$i":"week-view-header-format","$v":["Linggo ",{"t":"idOrVar","v":"value"},", %B %Y"]},{"$i":"longDateFormat","$v":"%a, %B %d, %Y"},{"$i":"longTimeFormat","$v":"%A %B %d"},{"$i":"longTimeFormat12","$v":"%A %B %d %I %p"},{"$i":"longTimeFormat24","$v":"%A %B %d %H o clock"},{"$i":"weekTimeFormat12","$v":"%I %p"},{"$i":"weekTimeFormat24","$v":"%H o clock"},{"$i":"weekDayFormat","$v":"%A ang/sa %d"},{"$i":"alldayLongTimeFormat","$v":"%A %B %d buong araw"},{"$i":"dayHour12","$v":"%I %p"},{"$i":"dayHour24","$v":"%H o clock"},{"$i":"longDateTime12","$v":"%I %p, %a, %d %b, %Y"},{"$i":"longDateTime24","$v":"%H, %a, %d %b, %Y"},{"$i":"upcoming-events","$v":"Mga Paparating na Kaganapan"},{"$i":"search-results","$v":"Mga Resulta ng Paghahanap"},{"$i":"no-event-found","$v":"Walang Nakitang Kaganapan"},{"$i":"longDateTimeNew12","$v":"%a, %B %e, %Y, %I:%M %p"},{"$i":"longDateTimeNew24","$v":"%a, %B %e, %Y, %H:%M"},{"$i":"error-start-date-after-end-date","$v":"Hindi matatapos ang kaganapang ito bago ang petsa ng pagsisimula nito."},{"$i":"error-start-time-after-end-time","$v":"Hindi matatapos ang kaganapang ito bago ang petsa ng pagsisimula nito."},{"$i":"error-unauthenticated","$v":"Mali ang username o password, pakisubukang muli."},{"$i":"error-internal-server-error","$v":"Nagkaroon ng error sa server, pakisubukang muli."},{"$i":"error-unkown","$v":"Hindi available ang server. Pakisubukang muli sa ibang pagkakataon."},{"$i":"error-default","$v":"Nagkakaproblema. Subukang muli sa ibang pagkakataon."},{"$i":"error-offline","$v":"Hindi makakonekta sa internet. Maaari mong gamitin ang Wi-Fi o mobile data upang i-access ang internet."},{"$i":"error-account-exist","$v":"Mayroon nang ganitong account."},{"$i":"error-confirmation-title","$v":"Error"},{"$i":"error-edit-online-event","$v":"Hindi na-edit ang online na kaganapan dahil walang koneksyon sa internet."},{"$i":"error-delete-online-event","$v":"Hindi na-delete ang online na kaganapan dahil walang koneksyon sa internet."},{"$i":"notification-error-sync-title","$v":"Nagkaroon ng error sa pag-sync ng Kalendaryo"},{"$i":"notification-error-sync-description","$v":"I-tap para sa higit pang impormasyon"},{"$i":"notification-error-caldav-sync-title","$v":"Error sa Account"},{"$i":"notification-error-caldav-sync-description","$v":"Mag-log in ulit"},{"$i":"weekday-0-single-char","$v":"S","ariaLabel":"Linggo"},{"$i":"weekday-1-single-char","$v":"M","ariaLabel":"Lunes"},{"$i":"weekday-2-single-char","$v":"T","ariaLabel":"Martes"},{"$i":"weekday-3-single-char","$v":"W","ariaLabel":"Miyerkules"},{"$i":"weekday-4-single-char","$v":"T","ariaLabel":"Huwebes"},{"$i":"weekday-5-single-char","$v":"F","ariaLabel":"Biyernes"},{"$i":"weekday-6-single-char","$v":"S","ariaLabel":"Sabado"},{"$i":"busy","$v":{"few":[{"t":"idOrVar","v":"n"}," (na) kaganapan"],"many":[{"t":"idOrVar","v":"n"}," (na) kaganapan"],"one":[{"t":"idOrVar","v":"n"}," kaganapan"],"other":[{"t":"idOrVar","v":"n"}," (na) kaganapan"],"two":[{"t":"idOrVar","v":"n"}," (na) kaganapan"],"zero":"Walang kaganapan"},"$x":[{"t":"idOrVar","v":"plural"},"n"]},{"$i":"present","ariaLabel":"Ngayon"},{"$i":"past-other-month-description","ariaLabel":"Iba pang buwan"},{"$i":"future-other-month-description","ariaLabel":"Iba pang buwan"},{"$i":"icon-calendar-alarm","ariaLabel":"May alarm"},{"$i":"calendars","ariaLabel":"Mga Kalendaryo"},{"$i":"multi-day-new-event-link","ariaLabel":"Magdagdag ng kaganapan"},{"$i":"title","ariaLabel":"Pamagat"},{"$i":"location","ariaLabel":"Lokasyon"},{"$i":"duration","ariaLabel":"Tagal"},{"$i":"calendar","ariaLabel":"Kalendaryo"},{"$i":"alarms","ariaLabel":"Mga Alarm"},{"$i":"description","ariaLabel":"Paglalarawan"},{"$i":"start-date","ariaLabel":"Petsa ng pagsisimula"},{"$i":"start-time","ariaLabel":"Oras ng pagsisimula"},{"$i":"end-date","ariaLabel":"Petsa ng pagtatapos"},{"$i":"end-time","ariaLabel":"Oras ng pagtatapos"},{"$i":"during-progress-loading","ariaValueText":"Nilo-load"},{"$i":"all-day","ariaLabel":"Buong araw"},{"$i":"create-event","ariaLabel":"Gumawa ng kaganapan"},{"$i":"create-all-day-event","ariaLabel":"Gumawa ng kaganapan buong araw"},{"$i":"event-one-day-duration","ariaLabel":["mula ",{"t":"idOrVar","v":"startTime"}," hanggang ",{"t":"idOrVar","v":"endTime"}]},{"$i":"week-event-one-day-duration","ariaLabel":[{"t":"idOrVar","v":"startDate"}," mula ",{"t":"idOrVar","v":"startTime"}," hanggang ",{"t":"idOrVar","v":"endTime"}]},{"$i":"event-multiple-day-duration","ariaLabel":["Mula ",{"t":"idOrVar","v":"startTime"}," ",{"t":"idOrVar","v":"startDate"}," hanggang ",{"t":"idOrVar","v":"endTime"}," ",{"t":"idOrVar","v":"endDate"}]},{"$i":"kai-event-added","$v":"Nadagdag ang kaganapan"},{"$i":"kai-event-updated","$v":"Na-update ang kaganapan"},{"$i":"kai-event-deleted","$v":"Ang kaganapan ay dinelete"},{"$i":"kai-change-save","$v":"Na-save ang mga pagbabago"},{"$i":"event-sync-failure","$v":"Hindi ma-sync"},{"$i":"kai-event-calendar","$v":"Kalendaryo"},{"$i":"kai-single-event","$v":"kaganapan"},{"$i":"kai-event-count","$v":"(na) kaganapan"},{"$i":"kai-sync-progress-syncing","$v":"Nagsi-sync"},{"$i":"kai-sync-progress-complete","$v":"Updated ang kalendaryo."},{"$i":"kai-settings-sounds","$v":"Mga tunog"},{"$i":"kai-tones","$v":"Mga Tone"},{"$i":"kai-multi-events","$v":"Mga Kaganapan"},{"$i":"kai-confirmation-title","$v":"Kumpirmasyon"},{"$i":"kai-delete-selectedEvent-confirmation","$v":"I-delete ang Napiling kaganapan?"},{"$i":"kai-deleteEvent-confirmation","$v":"I-delete ang kaganapan?"},{"$i":"kai-event-search-header","$v":"Hanapin","placeholder":"Hanapin"},{"$i":"kai-event-search-upcoming-events","$v":"Mga Paparating na Kaganapan"},{"$i":"kai-delete","$v":"I-delete"},{"$i":"kai-cancel","$v":"Kanselahin"},{"$i":"kai-dialog-delete-sel","$v":"Sigurado ka bang gusto mong i-delete ang napiling kaganapan?"},{"$i":"kai-delete-title","$v":"I-delete ang Kaganapan"},{"$i":"kai-save-changes","$v":"I-save ang Mga Pagbabago?"},{"$i":"kai-save-message-back","$v":"Mawawala ang lahat ng naipasok na data. Gusto mo bang i-save ang mga pagbabago?"},{"$i":"kai-save-message-close","$v":"Mawawala ang data kapag isinara ang application. Gusto mo bang i-save ang mga pagbabago?"},{"$i":"yes","$v":"Oo"},{"$i":"no","$v":"Hindi"},{"$i":"confirmation","$v":"Kumpirmasyon"},{"$i":"ok","$v":"Ok"},{"$i":"delete-event","$v":"I-delete ang Napiling kaganapan?"},{"$i":"edit-event-no-net","$v":"Hindi na-edit ang online na event dahil walang koneksyon sa internet."},{"$i":"kai-settings-header","$v":"Ipapakitang Kalendaryo"},{"$i":"kai-syncing","$v":"Nagsi-sync..."},{"$i":"kai-syncing-header","$v":"Pag-sync ng Account"},{"$i":"select","$v":"Piliin"},{"$i":"add-event","$v":"Magdagdag ng Kaganapan"},{"$i":"week-view","$v":"View ng Linggo"},{"$i":"day-view","$v":"Day View"},{"$i":"month-view","$v":"Month View"},{"$i":"today","$v":"Ngayon"},{"$i":"go","$v":"Pumunta sa Petsa"},{"$i":"search","$v":"Hanapin"},{"$i":"calendar-to-display","$v":"Ipapakitang Kalendaryo"},{"$i":"settings","$v":"Mga Setting"},{"$i":"delete","$v":"I-delete"},{"$i":"enter","$v":"Ipasok"},{"$i":"sync-calendar","$v":"I-sync ang kalendaryo"},{"$i":"lunar-calendar","$v":"Araw ng buwan"},{"$i":"present-description","$v":["Ngayong ika-",{"t":"idOrVar","v":"date"}," ng ",{"t":"idOrVar","v":"weekday"}]},{"$i":"day-description","$v":["Ika-",{"t":"idOrVar","v":"date"}," ng ",{"t":"idOrVar","v":"weekday"}]},{"$i":"weekday-5","$v":"Biyernes"},{"$i":"weekday-4","$v":"Huwebes"},{"$i":"weekday-3","$v":"Miyerkules"},{"$i":"weekday-2","$v":"Martes"},{"$i":"weekday-1","$v":"Lunes"},{"$i":"weekday-0","$v":"Linggo"},{"$i":"weekday-6","$v":"Sabado"},{"$i":"no-title","$v":"(Walang Pamagat)"},{"$i":"weekday-0-long","$v":"Linggo"},{"$i":"weekday-1-long","$v":"Lunes"},{"$i":"weekday-2-long","$v":"Martes"},{"$i":"weekday-3-long","$v":"Miyerkules"},{"$i":"weekday-4-long","$v":"Huwebes"},{"$i":"weekday-5-long","$v":"Biyernes"},{"$i":"weekday-6-long","$v":"Sabado"},{"$i":"weekday-0-short","$v":"Lin"},{"$i":"weekday-1-short","$v":"Lun"},{"$i":"weekday-2-short","$v":"Mar"},{"$i":"weekday-3-short","$v":"Miy"},{"$i":"weekday-4-short","$v":"Hwe"},{"$i":"weekday-5-short","$v":"Biy"},{"$i":"weekday-6-short","$v":"Sab"},{"$i":"month-0-long","$v":"Enero"},{"$i":"month-1-long","$v":"Pebrero"},{"$i":"month-2-long","$v":"Marso"},{"$i":"month-3-long","$v":"Abril"},{"$i":"month-4-long","$v":"Mayo"},{"$i":"month-5-long","$v":"Hunyo"},{"$i":"month-6-long","$v":"Hulyo"},{"$i":"month-7-long","$v":"Agosto"},{"$i":"month-8-long","$v":"Setyembre"},{"$i":"month-9-long","$v":"Oktubre"},{"$i":"month-10-long","$v":"Nobyembre"},{"$i":"month-11-long","$v":"Disyembre"},{"$i":"month-0-genitive","$v":"Enero"},{"$i":"month-1-genitive","$v":"Pebrero"},{"$i":"month-2-genitive","$v":"Marso"},{"$i":"month-3-genitive","$v":"Abril"},{"$i":"month-4-genitive","$v":"Mayo"},{"$i":"month-5-genitive","$v":"Hunyo"},{"$i":"month-6-genitive","$v":"Hulyo"},{"$i":"month-7-genitive","$v":"Agosto"},{"$i":"month-8-genitive","$v":"Setyembre"},{"$i":"month-9-genitive","$v":"Oktubre"},{"$i":"month-10-genitive","$v":"Nobyembre"},{"$i":"month-11-genitive","$v":"Disyembre"},{"$i":"month-0-short","$v":"Ene"},{"$i":"month-1-short","$v":"Peb"},{"$i":"month-2-short","$v":"Mar"},{"$i":"month-3-short","$v":"Abr"},{"$i":"month-4-short","$v":"Mayo"},{"$i":"month-5-short","$v":"Hun"},{"$i":"month-6-short","$v":"Hul"},{"$i":"month-7-short","$v":"Ago"},{"$i":"month-8-short","$v":"Set"},{"$i":"month-9-short","$v":"Okt"},{"$i":"month-10-short","$v":"Nob"},{"$i":"month-11-short","$v":"Dis"},{"$i":"minutes-ago-long","$v":{"few":[{"t":"idOrVar","v":"value"}," (na) minuto ang nakalipas"],"many":[{"t":"idOrVar","v":"value"}," (na) minuto ang nakalipas"],"one":"isang minuto ang nakalipas","other":[{"t":"idOrVar","v":"value"}," (na) minuto ang nakalipas"],"two":[{"t":"idOrVar","v":"value"}," (na) minuto ang nakalipas"],"zero":"ngayon lang"},"$x":[{"t":"idOrVar","v":"plural"},"value"]},{"$i":"hours-ago-long","$v":{"few":[{"t":"idOrVar","v":"value"}," (na) oras ang nakalipas"],"many":[{"t":"idOrVar","v":"value"}," (na) oras ang nakalipas"],"one":"isang oras ang nakalipas","other":[{"t":"idOrVar","v":"value"}," (na) oras ang nakalipas"],"two":[{"t":"idOrVar","v":"value"}," (na) oras ang nakalipas"],"zero":"ngayon lang"},"$x":[{"t":"idOrVar","v":"plural"},"value"]},{"$i":"days-ago-long","$v":{"few":[{"t":"idOrVar","v":"value"}," (na) araw ang nakalipas"],"many":[{"t":"idOrVar","v":"value"}," (na) araw ang nakalipas"],"one":"kahapon","other":[{"t":"idOrVar","v":"value"}," (na) araw ang nakalipas"],"two":[{"t":"idOrVar","v":"value"}," (na) araw ang nakalipas"],"zero":"ngayon"},"$x":[{"t":"idOrVar","v":"plural"},"value"]},{"$i":"weeks-ago-long","$v":{"few":[{"t":"idOrVar","v":"value"}," (na) linggo ang nakalipas"],"many":[{"t":"idOrVar","v":"value"}," (na) linggo ang nakalipas"],"one":"nakaraang linggo","other":[{"t":"idOrVar","v":"value"}," (na) linggo ang nakalipas"],"two":[{"t":"idOrVar","v":"value"}," (na) linggo ang nakalipas"],"zero":"ngayong linggo"},"$x":[{"t":"idOrVar","v":"plural"},"value"]},{"$i":"months-ago-long","$v":{"few":[{"t":"idOrVar","v":"value"}," (na) buwan ang nakalipas"],"many":[{"t":"idOrVar","v":"value"}," (na) buwan ang nakalipas"],"one":"nakaraang buwan","other":[{"t":"idOrVar","v":"value"}," (na) buwan ang nakalipas"],"two":[{"t":"idOrVar","v":"value"}," (na) buwan ang nakalipas"],"zero":"ngayong buwan"},"$x":[{"t":"idOrVar","v":"plural"},"value"]},{"$i":"years-ago-long","$v":{"few":[{"t":"idOrVar","v":"value"}," (na) taon ang nakalipas"],"many":[{"t":"idOrVar","v":"value"}," (na) taon ang nakalipas"],"one":"nakaraang taon","other":[{"t":"idOrVar","v":"value"}," (na) taon ang nakalipas"],"two":[{"t":"idOrVar","v":"value"}," (na) taon ang nakalipas"],"zero":"ngayong taon"},"$x":[{"t":"idOrVar","v":"plural"},"value"]},{"$i":"minutes-until-long","$v":{"few":["sa loob ng ",{"t":"idOrVar","v":"value"}," (na) minuto"],"many":["sa loob ng ",{"t":"idOrVar","v":"value"}," (na) minuto"],"one":"sa loob ng isang minuto","other":["sa loob ng ",{"t":"idOrVar","v":"value"}," (na) minuto"],"two":["sa loob ng ",{"t":"idOrVar","v":"value"}," (na) minuto"],"zero":"ngayon"},"$x":[{"t":"idOrVar","v":"plural"},"value"]},{"$i":"hours-until-long","$v":{"few":["sa loob ng ",{"t":"idOrVar","v":"value"}," (na) oras"],"many":["sa loob ng ",{"t":"idOrVar","v":"value"}," (na) oras"],"one":"sa loob ng isang oras","other":["sa loob ng ",{"t":"idOrVar","v":"value"}," (na) oras"],"two":["sa loob ng ",{"t":"idOrVar","v":"value"}," (na) oras"],"zero":"ngayon"},"$x":[{"t":"idOrVar","v":"plural"},"value"]},{"$i":"days-until-long","$v":{"few":["sa loob ng ",{"t":"idOrVar","v":"value"}," (na) araw"],"many":["sa loob ng ",{"t":"idOrVar","v":"value"}," (na) araw"],"one":"bukas","other":["sa loob ng ",{"t":"idOrVar","v":"value"}," (na) araw"],"two":["sa loob ng ",{"t":"idOrVar","v":"value"}," (na) araw"],"zero":"ngayon"},"$x":[{"t":"idOrVar","v":"plural"},"value"]},{"$i":"weeks-until-long","$v":{"few":["sa loob ng ",{"t":"idOrVar","v":"value"}," (na) linggo"],"many":["sa loob ng ",{"t":"idOrVar","v":"value"}," (na) linggo"],"one":"susunod na linggo","other":["sa loob ng ",{"t":"idOrVar","v":"value"}," (na) linggo"],"two":["sa loob ng ",{"t":"idOrVar","v":"value"}," (na) linggo"],"zero":"ngayong linggo"},"$x":[{"t":"idOrVar","v":"plural"},"value"]},{"$i":"months-until-long","$v":{"few":["sa loob ng ",{"t":"idOrVar","v":"value"}," (na) buwan"],"many":["sa loob ng ",{"t":"idOrVar","v":"value"}," (na) buwan"],"one":"susunod na buwan","other":["sa loob ng ",{"t":"idOrVar","v":"value"}," (na) buwan"],"two":["sa loob ng ",{"t":"idOrVar","v":"value"}," (na) buwan"],"zero":"ngayong buwan"},"$x":[{"t":"idOrVar","v":"plural"},"value"]},{"$i":"years-until-long","$v":{"few":["sa loob ng ",{"t":"idOrVar","v":"value"}," (na) taon"],"many":["sa loob ng ",{"t":"idOrVar","v":"value"}," (na) taon"],"one":"susunod na taon","other":["sa loob ng ",{"t":"idOrVar","v":"value"}," (na) taon"],"two":["sa loob ng ",{"t":"idOrVar","v":"value"}," (na) taon"],"zero":"ngayong taon"},"$x":[{"t":"idOrVar","v":"plural"},"value"]},{"$i":"minutes-ago-short","$v":{"other":[{"t":"idOrVar","v":"value"},"m ang nakalipas"],"zero":"ngayon lang"},"$x":[{"t":"idOrVar","v":"plural"},"value"]},{"$i":"hours-ago-short","$v":{"other":[{"t":"idOrVar","v":"value"},"h ang nakalipas"],"zero":"ngayon lang"},"$x":[{"t":"idOrVar","v":"plural"},"value"]},{"$i":"days-ago-short","$v":{"other":[{"t":"idOrVar","v":"value"},"d ang nakalipas"],"zero":"ngayon"},"$x":[{"t":"idOrVar","v":"plural"},"value"]},{"$i":"minutes-until-short","$v":{"other":["sa loob ng ",{"t":"idOrVar","v":"value"},"m"],"zero":"ngayon"},"$x":[{"t":"idOrVar","v":"plural"},"value"]},{"$i":"hours-until-short","$v":{"other":["sa loob ng ",{"t":"idOrVar","v":"value"},"o"],"zero":"ngayon"},"$x":[{"t":"idOrVar","v":"plural"},"value"]},{"$i":"days-until-short","$v":{"other":["sa loob ng ",{"t":"idOrVar","v":"value"},"a"],"zero":"ngayon"},"$x":[{"t":"idOrVar","v":"plural"},"value"]},{"$i":"incorrectDate","$v":"(mali ang petsa)"},{"$i":"dateTimeFormat_%c","$v":"%a %b %e %Y %I:%M:%S %p"},{"$i":"dateTimeFormat_%x","$v":"%m/%d/%Y"},{"$i":"dateTimeFormat_%X","$v":"%I:%M:%S %p"},{"$i":"shortTimeFormat","$v":"%I:%M %p"},{"$i":"shortTimeFormat12","$v":"%I:%M %p"},{"$i":"shortTimeFormat24","$v":"%H:%M"},{"$i":"shortDateTimeFormat","$v":"%x %I:%M %p"},{"$i":"weekStartsOnMonday","$v":"0.0"},{"$i":"firstDayOfTheWeek","$v":"0.0"},{"$i":"time_am","$v":"AM"},{"$i":"time_pm","$v":"PM"},{"$i":"softkey-options","$v":"Mga Opsyon"}]