[{"$i":"back","$v":"Retour"},{"$i":"save","$v":"Enregistrer"},{"$i":"cancel","$v":"Annuler"},{"$i":"next","$v":"Suivant"},{"$i":"hide","$v":"Cacher"},{"$i":"confirm","$v":"Confirmer"},{"$i":"done","$v":"Terminé"},{"$i":"events","$v":"Rappel d'événements"},{"$i":"edit","$v":"Modifier"},{"$i":"allday-events","$v":"Rappel des événements de toute la journée"},{"$i":"no-events","$v":"Aucun événement"},{"$i":"default","$v":"Par défaut"},{"$i":"sync","$v":"Synchronisation"},{"$i":"repeat","$v":"Répéter"},{"$i":"never","$v":"Jamais"},{"$i":"every-day","$v":"Chaque jour"},{"$i":"every-week","$v":"Toutes les semaines"},{"$i":"every-2-weeks","$v":"Toutes les 2 semaines"},{"$i":"every-month","$v":"Tous les mois"},{"$i":"view-never","$v":"Répéter : Jamais"},{"$i":"view-every-day","$v":"Répéter : Chaque jour"},{"$i":"view-every-week","$v":"Répéter : Chaque semaine"},{"$i":"view-every-2-weeks","$v":"Répéter : Aux deux semaines"},{"$i":"view-every-month","$v":"Répéter : Chaque mois"},{"$i":"repeat-event-header","$v":"Ceci est un événement répété."},{"$i":"delete-this-only","$v":"Supprimer cet élément seulement"},{"$i":"delete-all","$v":"Supprimer tout"},{"$i":"event-edit-all","$v":"Modifier tous les événements"},{"$i":"event-edit-all-future","$v":"Modifier tous les événements à venir"},{"$i":"options","$v":"Options"},{"$i":"event-delete-all","$v":"Supprimer tout"},{"$i":"event-delete-all-future","$v":"Supprimer tous les événements à venir"},{"$i":"delete-account","$v":"Supprimer le compte"},{"$i":"exchange-account","$v":"ActiveSync"},{"$i":"account-user-name","$v":"Nom d'utilisateur"},{"$i":"incorrect-password-description","$v":"Échec de connexion au serveur; vérifiez votre mot de passe."},{"$i":"incorrect-password","$v":"Mot de passe incorrect, réessayez."},{"$i":"account-duplicate","$v":"Ce compte existe déjà. La synchronisation est activée."},{"$i":"error-account","$v":"Serveur non disponible. Réessayez plus tard."},{"$i":"error-access-denied","$v":"Une erreur inconnue s'est produite, veuillez réessayer plus tard."},{"$i":"error-time-out","$v":["Échec de connexion à \"",{"t":"idOrVar","v":"server"},"\". Il pourrait y avoir un problème de réseau."]},{"$i":"caldav-account-exist","$v":"Ce compte existe déjà."},{"$i":"save-password","$v":"Mot de passe enregistré."},{"$i":"account-login","$v":"Connexion au compte"},{"$i":"setting-up-account","$v":"Configuration du compte"},{"$i":"setup-account-usedInfo","$v":"Ce compte sera utilisé par les applications ci-dessous. Pour modifier ceci, aller à Paramètres>Compte."},{"$i":"app-calendar","$v":"Calendrier"},{"$i":"show-today","$v":"Aujourd'hui"},{"$i":"show-month-view","$v":"Mois"},{"$i":"show-week-view","$v":"Semaine"},{"$i":"show-day-view","$v":"Jour"},{"$i":"settings-show","$v":"Réglages"},{"$i":"settings-hide","$v":"Cacher les réglages"},{"$i":"add-account","$v":"Ajouter un compte"},{"$i":"new-event","$v":"Ajouter l'événement"},{"$i":"view-event-header","$v":"Détails de l'événement"},{"$i":"new-event-header","$v":"Ajouter l'événement"},{"$i":"edit-event-header","$v":"Modifier l'événement"},{"$i":"account-header","$v":"Compte"},{"$i":"account-list-header","$v":"Comptes"},{"$i":"advanced-settings-short-icon-button","ariaLabel":"Réglages"},{"$i":"advanced-settings-header","$v":"Réglages du calendrier"},{"$i":"advanced-settings-personalization","$v":"Fréquence de mise à jour"},{"$i":"advanced-settings-reminders","$v":"Rappel"},{"$i":"advanced-settings-add-account","$v":"Ajouter le compte"},{"$i":"field-user","$v":"Nom d'utilisateur"},{"$i":"field-password","$v":"Mot de passe"},{"$i":"show-password","$v":"Afficher mot de passe"},{"$i":"field-full-url","$v":"URL"},{"$i":"modify-account-setting-up","$v":"Veuillez attendre pendant la configuration du compte."},{"$i":"modify-account-unable-to-sync","$v":"Imposible de synchroniser"},{"$i":"modify-account-sign-in","$v":"Ouvrir une session"},{"$i":"kai-caldav","$v":"CalDav"},{"$i":"kai-yahoo","$v":"Yahoo!"},{"$i":"kai-google","$v":"Google"},{"$i":"preset-mozilla","$v":"Mozilla Zimbra"},{"$i":"calendar-local","$v":"Calendrier du téléphone"},{"$i":"event-title","$v":"Titre"},{"$i":"event-location","$v":"Emplacement"},{"$i":"event-description","$v":"Remarques"},{"$i":"event-is-allday","$v":"Événement de toute la journée"},{"$i":"event-start-date","$v":"Date du début"},{"$i":"event-end-date","$v":"Date de fin"},{"$i":"event-start-time","$v":"Heure du début"},{"$i":"event-end-time","$v":"Heure de la fin"},{"$i":"event-delete","$v":"Supprimer l'événement"},{"$i":"event-is-deleting","$v":"Suppression..."},{"$i":"remove-account-data","$v":"Retirer le compte"},{"$i":"remove-account-dialog","$v":"Retirer le compte"},{"$i":"remove-account-dialog-details","$v":["Retirer \"",{"t":"idOrVar","v":"email"},"\" des données locales?"]},{"$i":"remove","$v":"Supprimer"},{"$i":"drawer-sync-icon-button","ariaLabel":"Synchronisation"},{"$i":"sync-progress-syncing","ariaValueText":"Synchronisation en cours"},{"$i":"sync-progress-complete","ariaValueText":"Synchronisation complétée"},{"$i":"sync-frequency","$v":"Synchroniser le calendrier"},{"$i":"sync-frequency-15min","$v":"Chaque 15 minutes"},{"$i":"sync-frequency-30min","$v":"Chaque 30 minutes"},{"$i":"sync-frequency-manual","$v":"Manuellement"},{"$i":"from","$v":"DE"},{"$i":"to","$v":"À"},{"$i":"one-day-duration-title","$v":[{"t":"idOrVar","v":"startDate"}]},{"$i":"one-day-duration-content","$v":[{"t":"idOrVar","v":"startTime"}," à ",{"t":"idOrVar","v":"endTime"}]},{"$i":"multiple-day-duration-title","$v":[{"t":"idOrVar","v":"startTime"}," ",{"t":"idOrVar","v":"startDate"}]},{"$i":"multiple-day-duration-content","$v":[{"t":"idOrVar","v":"endTime"}," ",{"t":"idOrVar","v":"endDate"}]},{"$i":"one-all-day-duration-title","$v":[{"t":"idOrVar","v":"startDate"}]},{"$i":"all-day-duration-content","$v":"Événement journée entière"},{"$i":"multiple-all-day-duration-title","$v":["Du ",{"t":"idOrVar","v":"startDate"}]},{"$i":"multiple-all-day-duration-content","$v":["Jusqu'au ",{"t":"idOrVar","v":"endDate"}]},{"$i":"none","$v":"Aucun"},{"$i":"reminder","$v":"Rappel d'événements"},{"$i":"remind-me","$v":"Me le rappeler"},{"$i":"alarm-at-event-standard","$v":"Au moment de l'événement"},{"$i":"alarm-at-event-allday","$v":"Le jour de l'événement"},{"$i":"alarm-at-event-allday-hour12","$v":"Le jour de l’événement (9 h 00)"},{"$i":"alarm-at-event-allday-hour24","$v":"Le jour de l’événement (9 h 00)"},{"$i":"alarm-start-notice","$v":[{"t":"idOrVar","v":"title"}," commence ",{"t":"idOrVar","v":"distance"}]},{"$i":"alarm-started-notice","$v":[{"t":"idOrVar","v":"title"}," commencé ",{"t":"idOrVar","v":"distance"}]},{"$i":"alarm-start-notice-two-days","$v":[{"t":"idOrVar","v":"title"}," commence dans deux jours"]},{"$i":"alarm-start-notice-few-days","$v":[{"t":"idOrVar","v":"title"}," commence le ",{"t":"idOrVar","v":"distance"}]},{"$i":"days-before-hour12","$v":{"few":[{"t":"idOrVar","v":"value"}," jours avant (9 h 00)"],"many":[{"t":"idOrVar","v":"value"}," jours avant (9 h 00)"],"one":"1 jour avant (9 h 00)","other":[{"t":"idOrVar","v":"value"}," jours avant (9 h 00)"],"two":[{"t":"idOrVar","v":"value"}," jours avant (9 h 00)"],"zero":"0 jour avant (9 h 00)"},"$x":[{"t":"idOrVar","v":"plural"},"value"]},{"$i":"weeks-before-hour12","$v":{"few":[{"t":"idOrVar","v":"value"}," semaines avant (9 h 00)"],"many":[{"t":"idOrVar","v":"value"}," semaines avant (9 h 00)"],"one":"1 semaine avant (9 h 00)","other":[{"t":"idOrVar","v":"value"}," semaines avant (9 h 00)"],"two":[{"t":"idOrVar","v":"value"}," semaines avant (9 h 00)"],"zero":"0 semaine avant (9 h 00)"},"$x":[{"t":"idOrVar","v":"plural"},"value"]},{"$i":"days-before-hour24","$v":{"few":[{"t":"idOrVar","v":"value"}," jours avant (9 h 00)"],"many":[{"t":"idOrVar","v":"value"}," jours avant (9 h 00)"],"one":"1 jour avant (9 h 00)","other":[{"t":"idOrVar","v":"value"}," jours avant (9 h 00)"],"two":[{"t":"idOrVar","v":"value"}," jours avant (9 h 00)"],"zero":"0 jour avant (9 h 00)"},"$x":[{"t":"idOrVar","v":"plural"},"value"]},{"$i":"weeks-before-hour24","$v":{"few":[{"t":"idOrVar","v":"value"}," semaines avant (9 h 00)"],"many":[{"t":"idOrVar","v":"value"}," semaines avant (9 h 00)"],"one":"1 semaine avant (9 h 00)","other":[{"t":"idOrVar","v":"value"}," semaines avant (9 h 00)"],"two":[{"t":"idOrVar","v":"value"}," semaines avant (9 h 00)"],"zero":"0 semaine avant (9 h 00)"},"$x":[{"t":"idOrVar","v":"plural"},"value"]},{"$i":"minutes-before","$v":{"few":[{"t":"idOrVar","v":"value"}," minutes avant"],"many":[{"t":"idOrVar","v":"value"}," minutes avant"],"one":"1 minute avant","other":[{"t":"idOrVar","v":"value"}," minutes avant"],"two":[{"t":"idOrVar","v":"value"}," minutes avant"],"zero":"0 minute avant"},"$x":[{"t":"idOrVar","v":"plural"},"value"]},{"$i":"hours-before","$v":{"few":[{"t":"idOrVar","v":"value"}," heures avant"],"many":[{"t":"idOrVar","v":"value"}," heures avant"],"one":"1 heure avant","other":[{"t":"idOrVar","v":"value"}," heures avant"],"two":[{"t":"idOrVar","v":"value"}," heures avant"],"zero":"0 heure avant"},"$x":[{"t":"idOrVar","v":"plural"},"value"]},{"$i":"days-before","$v":{"few":[{"t":"idOrVar","v":"value"}," jours avant"],"many":[{"t":"idOrVar","v":"value"}," jours avant"],"one":"1 jour avant","other":[{"t":"idOrVar","v":"value"}," jours avant"],"two":[{"t":"idOrVar","v":"value"}," jours avant"],"zero":"0 jour avant"},"$x":[{"t":"idOrVar","v":"plural"},"value"]},{"$i":"weeks-before","$v":{"few":[{"t":"idOrVar","v":"value"}," semaines avant"],"many":[{"t":"idOrVar","v":"value"}," semaines avant"],"one":"1 semaine avant","other":[{"t":"idOrVar","v":"value"}," semaines avant"],"two":[{"t":"idOrVar","v":"value"}," semaines avant"],"zero":"0 semaine avant"},"$x":[{"t":"idOrVar","v":"plural"},"value"]},{"$i":"months-before","$v":{"few":[{"t":"idOrVar","v":"value"}," mois avant"],"many":[{"t":"idOrVar","v":"value"}," mois avant"],"one":"1 mois avant","other":[{"t":"idOrVar","v":"value"}," mois avant"],"two":[{"t":"idOrVar","v":"value"}," mois avant"],"zero":"0 mois avant"},"$x":[{"t":"idOrVar","v":"plural"},"value"]},{"$i":"years-before","$v":{"few":[{"t":"idOrVar","v":"value"}," années avant"],"many":[{"t":"idOrVar","v":"value"}," années avant"],"one":"1 année avant","other":[{"t":"idOrVar","v":"value"}," années avant"],"two":[{"t":"idOrVar","v":"value"}," années avant"],"zero":"0 année avant"},"$x":[{"t":"idOrVar","v":"plural"},"value"]},{"$i":"minutes-after","$v":{"few":[{"t":"idOrVar","v":"value"}," minutes après"],"many":[{"t":"idOrVar","v":"value"}," minutes après"],"one":"1 minute après","other":[{"t":"idOrVar","v":"value"}," minutes après"],"two":[{"t":"idOrVar","v":"value"}," minutes après"],"zero":"0 minute après"},"$x":[{"t":"idOrVar","v":"plural"},"value"]},{"$i":"hours-after","$v":{"few":[{"t":"idOrVar","v":"value"}," heures après"],"many":[{"t":"idOrVar","v":"value"}," heures après"],"one":"1 heure après","other":[{"t":"idOrVar","v":"value"}," heures après"],"two":[{"t":"idOrVar","v":"value"}," heures après"],"zero":"0 heure après"},"$x":[{"t":"idOrVar","v":"plural"},"value"]},{"$i":"days-after","$v":{"few":[{"t":"idOrVar","v":"value"}," jours après"],"many":[{"t":"idOrVar","v":"value"}," jours après"],"one":"1 jour après","other":[{"t":"idOrVar","v":"value"}," jours après"],"two":[{"t":"idOrVar","v":"value"}," jours après"],"zero":"0 jour après"},"$x":[{"t":"idOrVar","v":"plural"},"value"]},{"$i":"weeks-after","$v":{"few":[{"t":"idOrVar","v":"value"}," semaines après"],"many":[{"t":"idOrVar","v":"value"}," semaines après"],"one":"1 semaine après","other":[{"t":"idOrVar","v":"value"}," semaines après"],"two":[{"t":"idOrVar","v":"value"}," semaines après"],"zero":"0 semaine après"},"$x":[{"t":"idOrVar","v":"plural"},"value"]},{"$i":"months-after","$v":{"few":[{"t":"idOrVar","v":"value"}," mois après"],"many":[{"t":"idOrVar","v":"value"}," mois après"],"one":"1 mois après","other":[{"t":"idOrVar","v":"value"}," mois après"],"two":[{"t":"idOrVar","v":"value"}," mois après"],"zero":"0 mois après"},"$x":[{"t":"idOrVar","v":"plural"},"value"]},{"$i":"years-after","$v":{"few":[{"t":"idOrVar","v":"value"}," années après"],"many":[{"t":"idOrVar","v":"value"}," années après"],"one":"1 année après","other":[{"t":"idOrVar","v":"value"}," années après"],"two":[{"t":"idOrVar","v":"value"}," années après"],"zero":"0 année après"},"$x":[{"t":"idOrVar","v":"plural"},"value"]},{"$i":"hour-format12","$v":"%I %p"},{"$i":"hour-format24","$v":"%H"},{"$i":"week-hour-format12","$v":"%I %p"},{"$i":"week-hour-format24","$v":"%H"},{"$i":"hour-allday","$v":"Toute la journée"},{"$i":"kai-week-day","$v":"%a\\n%e"},{"$i":"current-time12","$v":"%I:%M"},{"$i":"current-time24","$v":"%H:%M"},{"$i":"multi-month-view-header-format","$v":"%B %Y"},{"$i":"day-view-header-format","$v":"%A, %B %e"},{"$i":"months-day-view-header-format","$v":"%A, %B %e"},{"$i":"months-day-view-header-format-small","$v":{"$o":"%a <br/> %b, %e"}},{"$i":"week-view-header-format","$v":["Semaine ",{"t":"idOrVar","v":"value"},", %B %Y"]},{"$i":"longDateFormat","$v":"%A, %B %d, %Y"},{"$i":"longTimeFormat","$v":"%A %B %d"},{"$i":"longTimeFormat12","$v":"%A %B %d %I %p"},{"$i":"longTimeFormat24","$v":"%A %B %d %H"},{"$i":"weekTimeFormat12","$v":"%I %p"},{"$i":"weekTimeFormat24","$v":"Il est %H"},{"$i":"weekDayFormat","$v":"%A le %d"},{"$i":"alldayLongTimeFormat","$v":"%A %B %d toute la journée"},{"$i":"dayHour12","$v":"%I %p"},{"$i":"dayHour24","$v":"Il est %H"},{"$i":"longDateTime12","$v":"%I %p, %a, %d %b, %Y"},{"$i":"longDateTime24","$v":"%H, %a, %d %b, %Y"},{"$i":"upcoming-events","$v":"Événements futurs"},{"$i":"search-results","$v":"Rechercher les résultats"},{"$i":"no-event-found","$v":"Aucun événement n'est trouvé"},{"$i":"longDateTimeNew12","$v":"%a, %B %e, %Y, %I:%M %p"},{"$i":"longDateTimeNew24","$v":"%a, %B %e, %Y, %H:%M"},{"$i":"error-start-date-after-end-date","$v":"L'événement ne peut pas se terminer avant la date du début."},{"$i":"error-start-time-after-end-time","$v":"L'événement ne peut pas se terminer avant l'heure du début."},{"$i":"error-unauthenticated","$v":"Nom d'utilisateur ou mot de passe erroné, veuillez réessayer."},{"$i":"error-internal-server-error","$v":"Erreur de serveur, veuillez réessayer."},{"$i":"error-unkown","$v":"Serveur non disponible. Veuillez réessayer plus tard."},{"$i":"error-default","$v":"Quelque chose ne va pas. Réessayez plus tard."},{"$i":"error-offline","$v":"Ne peut pas connecter à l'Internet. Vous pouvez utiliser les données Wi-Fi ou mobiles pour accéder à l'Internet."},{"$i":"error-account-exist","$v":"Ce compte existe déjà."},{"$i":"error-confirmation-title","$v":"Erreur"},{"$i":"error-edit-online-event","$v":"Impossible de modifier l'événement en ligne car il n'y a pas de connexion Internet."},{"$i":"error-delete-online-event","$v":"Impossible de supprimer l'événement en ligne car il n'y a pas de connexion Internet."},{"$i":"notification-error-sync-title","$v":"Erreur de synchronisation du calendrier"},{"$i":"notification-error-sync-description","$v":"Touchez pour plus d'informations."},{"$i":"notification-error-caldav-sync-title","$v":"Erreur de compte"},{"$i":"notification-error-caldav-sync-description","$v":"Se connecter de nouveau"},{"$i":"weekday-0-single-char","$v":"D","ariaLabel":"Dimanche"},{"$i":"weekday-1-single-char","$v":"L","ariaLabel":"Lundi"},{"$i":"weekday-2-single-char","$v":"M","ariaLabel":"Mardi"},{"$i":"weekday-3-single-char","$v":"M","ariaLabel":"Mercredi"},{"$i":"weekday-4-single-char","$v":"J","ariaLabel":"Jeudi"},{"$i":"weekday-5-single-char","$v":"V","ariaLabel":"Vendredi"},{"$i":"weekday-6-single-char","$v":"S","ariaLabel":"Samedi"},{"$i":"busy","$v":{"few":[{"t":"idOrVar","v":"n"}," événements"],"many":[{"t":"idOrVar","v":"n"}," événements"],"one":[{"t":"idOrVar","v":"n"}," événement"],"other":[{"t":"idOrVar","v":"n"}," événements"],"two":[{"t":"idOrVar","v":"n"}," événements"],"zero":"Aucun événement"},"$x":[{"t":"idOrVar","v":"plural"},"n"]},{"$i":"present","ariaLabel":"Aujourd'hui"},{"$i":"past-other-month-description","ariaLabel":"Autre mois"},{"$i":"future-other-month-description","ariaLabel":"Autre mois"},{"$i":"icon-calendar-alarm","ariaLabel":"A une alarme"},{"$i":"calendars","ariaLabel":"Calendriers"},{"$i":"multi-day-new-event-link","ariaLabel":"Ajouter l'événement"},{"$i":"title","ariaLabel":"Titre"},{"$i":"location","ariaLabel":"Emplacement"},{"$i":"duration","ariaLabel":"Durée"},{"$i":"calendar","ariaLabel":"Calendrier"},{"$i":"alarms","ariaLabel":"Alarmes"},{"$i":"description","ariaLabel":"Description"},{"$i":"start-date","ariaLabel":"Date du début"},{"$i":"start-time","ariaLabel":"Heure du début"},{"$i":"end-date","ariaLabel":"Date de fin"},{"$i":"end-time","ariaLabel":"Heure de la fin"},{"$i":"during-progress-loading","ariaValueText":"Chargement"},{"$i":"all-day","ariaLabel":"Toute la journée"},{"$i":"create-event","ariaLabel":"Créer l'événement"},{"$i":"create-all-day-event","ariaLabel":"Créer l'événement de toute la journée"},{"$i":"event-one-day-duration","ariaLabel":["de ",{"t":"idOrVar","v":"startTime"}," à ",{"t":"idOrVar","v":"endTime"}]},{"$i":"week-event-one-day-duration","ariaLabel":[{"t":"idOrVar","v":"startDate"}," de ",{"t":"idOrVar","v":"startTime"}," à ",{"t":"idOrVar","v":"endTime"}]},{"$i":"event-multiple-day-duration","ariaLabel":["De ",{"t":"idOrVar","v":"startTime"}," ",{"t":"idOrVar","v":"startDate"}," à ",{"t":"idOrVar","v":"endTime"}," ",{"t":"idOrVar","v":"endDate"}]},{"$i":"kai-event-added","$v":"Événement ajouté."},{"$i":"kai-event-updated","$v":"Événement mis à jour."},{"$i":"kai-event-deleted","$v":"Événement supprimé."},{"$i":"kai-change-save","$v":"Modifications enregistrées"},{"$i":"event-sync-failure","$v":"Imposible de synchroniser"},{"$i":"kai-event-calendar","$v":"Calendrier"},{"$i":"kai-single-event","$v":"événement"},{"$i":"kai-event-count","$v":"événements"},{"$i":"kai-sync-progress-syncing","$v":"Synchronisation en cours"},{"$i":"kai-sync-progress-complete","$v":"Calendrier à jour."},{"$i":"kai-settings-sounds","$v":"Sons"},{"$i":"kai-tones","$v":"Tonalités"},{"$i":"kai-multi-events","$v":"Événements"},{"$i":"kai-confirmation-title","$v":"Confirmation"},{"$i":"kai-delete-selectedEvent-confirmation","$v":"Supprimer les événements sélectionnés?"},{"$i":"kai-deleteEvent-confirmation","$v":"Supprimer l'événement sélectionné?"},{"$i":"kai-event-search-header","$v":"Chercher","placeholder":"Chercher"},{"$i":"kai-event-search-upcoming-events","$v":"Événements futurs"},{"$i":"kai-delete","$v":"Supprimer"},{"$i":"kai-cancel","$v":"Annuler"},{"$i":"kai-dialog-delete-sel","$v":"Êtes-vous certain de vouloir supprimer l'événement sélectionné?"},{"$i":"kai-delete-title","$v":"Supprimer l'événement"},{"$i":"kai-save-changes","$v":"Enregistrer les modifications?"},{"$i":"kai-save-message-back","$v":"Toutes les données saisies seront perdues. Voulez-vous enregistrer les modifications?"},{"$i":"kai-save-message-close","$v":"L'application sera fermée avec perte de données. Voulez-vous enregistrer les modifications?"},{"$i":"yes","$v":"Oui"},{"$i":"no","$v":"Non"},{"$i":"confirmation","$v":"Confirmation"},{"$i":"ok","$v":"OK"},{"$i":"delete-event","$v":"Supprimer l'événement sélectionné?"},{"$i":"edit-event-no-net","$v":"Échec de modification de l'événement en ligne : aucune connexion Internet."},{"$i":"kai-settings-header","$v":"Calendrier à afficher"},{"$i":"kai-syncing","$v":"Synchronisation en cours..."},{"$i":"kai-syncing-header","$v":"Synchronisation du compte"},{"$i":"select","$v":"Sélectionner"},{"$i":"add-event","$v":"Ajouter"},{"$i":"week-view","$v":"Vue hebdomadaire"},{"$i":"day-view","$v":"Vue quotidienne"},{"$i":"month-view","$v":"Vue mensuelle"},{"$i":"today","$v":"Aujourd'hui"},{"$i":"go","$v":"Aller à la date"},{"$i":"search","$v":"Chercher"},{"$i":"calendar-to-display","$v":"Calendrier à afficher"},{"$i":"settings","$v":"Réglages"},{"$i":"delete","$v":"Supprimer"},{"$i":"enter","$v":"Saisir"},{"$i":"sync-calendar","$v":"Synchroniser le calendrier"},{"$i":"lunar-calendar","$v":"Jour lunaire"},{"$i":"present-description","$v":["Aujourd'hui ",{"t":"idOrVar","v":"weekday"}," le ",{"t":"idOrVar","v":"date"}]},{"$i":"day-description","$v":[{"t":"idOrVar","v":"weekday"}," le ",{"t":"idOrVar","v":"date"}]},{"$i":"weekday-5","$v":"Vendredi"},{"$i":"weekday-4","$v":"Jeudi"},{"$i":"weekday-3","$v":"Mercredi"},{"$i":"weekday-2","$v":"Mardi"},{"$i":"weekday-1","$v":"Lundi"},{"$i":"weekday-0","$v":"Dimanche"},{"$i":"weekday-6","$v":"Samedi"},{"$i":"no-title","$v":"(pas de titre)"},{"$i":"weekday-0-long","$v":"Dimanche"},{"$i":"weekday-1-long","$v":"Lundi"},{"$i":"weekday-2-long","$v":"Mardi"},{"$i":"weekday-3-long","$v":"Mercredi"},{"$i":"weekday-4-long","$v":"Jeudi"},{"$i":"weekday-5-long","$v":"Vendredi"},{"$i":"weekday-6-long","$v":"Samedi"},{"$i":"weekday-0-short","$v":"Dim"},{"$i":"weekday-1-short","$v":"Lun"},{"$i":"weekday-2-short","$v":"Mar"},{"$i":"weekday-3-short","$v":"Mer"},{"$i":"weekday-4-short","$v":"Jeu"},{"$i":"weekday-5-short","$v":"Ven"},{"$i":"weekday-6-short","$v":"Sam"},{"$i":"month-0-long","$v":"Janvier"},{"$i":"month-1-long","$v":"Février"},{"$i":"month-2-long","$v":"Mars"},{"$i":"month-3-long","$v":"Avril"},{"$i":"month-4-long","$v":"Mai"},{"$i":"month-5-long","$v":"Juin"},{"$i":"month-6-long","$v":"Juillet"},{"$i":"month-7-long","$v":"Août"},{"$i":"month-8-long","$v":"Septembre"},{"$i":"month-9-long","$v":"Octobre"},{"$i":"month-10-long","$v":"Novembre"},{"$i":"month-11-long","$v":"Décembre"},{"$i":"month-0-genitive","$v":"Janvier"},{"$i":"month-1-genitive","$v":"Février"},{"$i":"month-2-genitive","$v":"Mars"},{"$i":"month-3-genitive","$v":"Avril"},{"$i":"month-4-genitive","$v":"Mai"},{"$i":"month-5-genitive","$v":"Juin"},{"$i":"month-6-genitive","$v":"Juillet"},{"$i":"month-7-genitive","$v":"Août"},{"$i":"month-8-genitive","$v":"Septembre"},{"$i":"month-9-genitive","$v":"Octobre"},{"$i":"month-10-genitive","$v":"Novembre"},{"$i":"month-11-genitive","$v":"Décembre"},{"$i":"month-0-short","$v":"Jan"},{"$i":"month-1-short","$v":"Fév"},{"$i":"month-2-short","$v":"Mar"},{"$i":"month-3-short","$v":"Avr"},{"$i":"month-4-short","$v":"Mai"},{"$i":"month-5-short","$v":"Jun"},{"$i":"month-6-short","$v":"Jul"},{"$i":"month-7-short","$v":"Aoû"},{"$i":"month-8-short","$v":"Sep"},{"$i":"month-9-short","$v":"Oct"},{"$i":"month-10-short","$v":"Nov"},{"$i":"month-11-short","$v":"Déc"},{"$i":"minutes-ago-long","$v":{"few":["il y a ",{"t":"idOrVar","v":"value"}," minutes"],"many":["il y a ",{"t":"idOrVar","v":"value"}," minutes"],"one":"il y a une minute","other":["il y a ",{"t":"idOrVar","v":"value"}," minutes"],"two":["il y a ",{"t":"idOrVar","v":"value"}," minutes"],"zero":"juste maintenant"},"$x":[{"t":"idOrVar","v":"plural"},"value"]},{"$i":"hours-ago-long","$v":{"few":["il y a ",{"t":"idOrVar","v":"value"}," heures"],"many":["il y a ",{"t":"idOrVar","v":"value"}," heures"],"one":"il y a une heure","other":["il y a ",{"t":"idOrVar","v":"value"}," heures"],"two":["il y a ",{"t":"idOrVar","v":"value"}," heures"],"zero":"juste maintenant"},"$x":[{"t":"idOrVar","v":"plural"},"value"]},{"$i":"days-ago-long","$v":{"few":["il y a ",{"t":"idOrVar","v":"value"}," jours"],"many":["il y a ",{"t":"idOrVar","v":"value"}," jours"],"one":"hier","other":["il y a ",{"t":"idOrVar","v":"value"}," jours"],"two":["il y a ",{"t":"idOrVar","v":"value"}," jours"],"zero":"aujourd'hui"},"$x":[{"t":"idOrVar","v":"plural"},"value"]},{"$i":"weeks-ago-long","$v":{"few":["il y a ",{"t":"idOrVar","v":"value"}," semaines"],"many":["il y a ",{"t":"idOrVar","v":"value"}," semaines"],"one":"la semaine dernière","other":["il y a ",{"t":"idOrVar","v":"value"}," semaines"],"two":["il y a ",{"t":"idOrVar","v":"value"}," semaines"],"zero":"cette semaine"},"$x":[{"t":"idOrVar","v":"plural"},"value"]},{"$i":"months-ago-long","$v":{"few":["il y a ",{"t":"idOrVar","v":"value"}," mois"],"many":["il y a ",{"t":"idOrVar","v":"value"}," mois"],"one":"le mois dernier","other":["il y a ",{"t":"idOrVar","v":"value"}," mois"],"two":["il y a ",{"t":"idOrVar","v":"value"}," mois"],"zero":"ce mois"},"$x":[{"t":"idOrVar","v":"plural"},"value"]},{"$i":"years-ago-long","$v":{"few":["il y a ",{"t":"idOrVar","v":"value"}," années"],"many":["il y a ",{"t":"idOrVar","v":"value"}," années"],"one":"l'année dernière","other":["il y a ",{"t":"idOrVar","v":"value"}," années"],"two":["il y a ",{"t":"idOrVar","v":"value"}," années"],"zero":"cette année"},"$x":[{"t":"idOrVar","v":"plural"},"value"]},{"$i":"minutes-until-long","$v":{"few":["dans ",{"t":"idOrVar","v":"value"}," minutes"],"many":["dans ",{"t":"idOrVar","v":"value"}," minutes"],"one":"dans une minute","other":["dans ",{"t":"idOrVar","v":"value"}," minutes"],"two":["dans ",{"t":"idOrVar","v":"value"}," minutes"],"zero":"maintenant"},"$x":[{"t":"idOrVar","v":"plural"},"value"]},{"$i":"hours-until-long","$v":{"few":["dans ",{"t":"idOrVar","v":"value"}," heures"],"many":["dans ",{"t":"idOrVar","v":"value"}," heures"],"one":"dans une heure","other":["dans ",{"t":"idOrVar","v":"value"}," heures"],"two":["dans ",{"t":"idOrVar","v":"value"}," heures"],"zero":"maintenant"},"$x":[{"t":"idOrVar","v":"plural"},"value"]},{"$i":"days-until-long","$v":{"few":["dans ",{"t":"idOrVar","v":"value"}," jours"],"many":["dans ",{"t":"idOrVar","v":"value"}," jours"],"one":"demain","other":["dans ",{"t":"idOrVar","v":"value"}," jours"],"two":["dans ",{"t":"idOrVar","v":"value"}," jours"],"zero":"aujourd'hui"},"$x":[{"t":"idOrVar","v":"plural"},"value"]},{"$i":"weeks-until-long","$v":{"few":["dans ",{"t":"idOrVar","v":"value"}," semaines"],"many":["dans ",{"t":"idOrVar","v":"value"}," semaines"],"one":"la semaine prochaine","other":["dans ",{"t":"idOrVar","v":"value"}," semaines"],"two":["dans ",{"t":"idOrVar","v":"value"}," semaines"],"zero":"cette semaine"},"$x":[{"t":"idOrVar","v":"plural"},"value"]},{"$i":"months-until-long","$v":{"few":["dans ",{"t":"idOrVar","v":"value"}," mois"],"many":["dans ",{"t":"idOrVar","v":"value"}," mois"],"one":"le mois prochain","other":["dans ",{"t":"idOrVar","v":"value"}," mois"],"two":["dans ",{"t":"idOrVar","v":"value"}," mois"],"zero":"ce mois"},"$x":[{"t":"idOrVar","v":"plural"},"value"]},{"$i":"years-until-long","$v":{"few":["dans ",{"t":"idOrVar","v":"value"}," années"],"many":["dans ",{"t":"idOrVar","v":"value"}," années"],"one":"l'année prochaine","other":["dans ",{"t":"idOrVar","v":"value"}," années"],"two":["dans ",{"t":"idOrVar","v":"value"}," années"],"zero":"cette année"},"$x":[{"t":"idOrVar","v":"plural"},"value"]},{"$i":"minutes-ago-short","$v":{"other":["il y a ",{"t":"idOrVar","v":"value"}," m"],"zero":"juste maintenant"},"$x":[{"t":"idOrVar","v":"plural"},"value"]},{"$i":"hours-ago-short","$v":{"other":["il y a ",{"t":"idOrVar","v":"value"}," h"],"zero":"juste maintenant"},"$x":[{"t":"idOrVar","v":"plural"},"value"]},{"$i":"days-ago-short","$v":{"other":["il y a ",{"t":"idOrVar","v":"value"}," j"],"zero":"aujourd'hui"},"$x":[{"t":"idOrVar","v":"plural"},"value"]},{"$i":"minutes-until-short","$v":{"other":["dans ",{"t":"idOrVar","v":"value"}," m"],"zero":"maintenant"},"$x":[{"t":"idOrVar","v":"plural"},"value"]},{"$i":"hours-until-short","$v":{"other":["dans ",{"t":"idOrVar","v":"value"}," h"],"zero":"maintenant"},"$x":[{"t":"idOrVar","v":"plural"},"value"]},{"$i":"days-until-short","$v":{"other":["dans ",{"t":"idOrVar","v":"value"}," j"],"zero":"aujourd'hui"},"$x":[{"t":"idOrVar","v":"plural"},"value"]},{"$i":"incorrectDate","$v":"(date erronée)"},{"$i":"dateTimeFormat_%c","$v":"%a %b %e %Y %I:%M:%S %p"},{"$i":"dateTimeFormat_%x","$v":"%m/%d/%Y"},{"$i":"dateTimeFormat_%X","$v":"%I:%M:%S %p"},{"$i":"shortTimeFormat","$v":"%I:%M %p"},{"$i":"shortTimeFormat12","$v":"%I:%M %p"},{"$i":"shortTimeFormat24","$v":"%H:%M"},{"$i":"shortDateTimeFormat","$v":"%x %I:%M %p"},{"$i":"weekStartsOnMonday","$v":"0.0"},{"$i":"firstDayOfTheWeek","$v":"0.0"},{"$i":"time_am","$v":"AM"},{"$i":"time_pm","$v":"PM"},{"$i":"softkey-options","$v":"Options"}]