[{"$i":"back","$v":"Retour"},{"$i":"save","$v":"Enreg."},{"$i":"cancel","$v":"Annuler"},{"$i":"next","$v":"Suivant"},{"$i":"hide","$v":"Masquer"},{"$i":"confirm","$v":"Confirmer"},{"$i":"done","$v":"Fini"},{"$i":"events","$v":"Évènements"},{"$i":"edit","$v":"Modif."},{"$i":"allday-events","$v":"Rappel évènem. journ. Entière"},{"$i":"no-events","$v":"Aucun événement"},{"$i":"default","$v":"Par défaut"},{"$i":"sync","$v":"Synchroniser"},{"$i":"repeat","$v":"Répétition"},{"$i":"never","$v":"Jamais"},{"$i":"every-day","$v":"Tous les jours"},{"$i":"every-week","$v":"Toutes les semaines"},{"$i":"every-2-weeks","$v":"Toutes les 2 semaines"},{"$i":"every-month","$v":"Tous les mois"},{"$i":"view-never","$v":"Répétition : jamais"},{"$i":"view-every-day","$v":"Répétition : tous les jours"},{"$i":"view-every-week","$v":"Répétition : toutes les semaines"},{"$i":"view-every-2-weeks","$v":"Répétition : toutes les 2 semaines"},{"$i":"view-every-month","$v":"Répétition : tous les mois"},{"$i":"repeat-event-header","$v":"Il s’agit d’un événement récurrent."},{"$i":"delete-this-only","$v":"Supprimer uniquement la sélection"},{"$i":"delete-all","$v":"Tout supprimer"},{"$i":"event-edit-all","$v":"Modifier tous les événements"},{"$i":"event-edit-all-future","$v":"Modifier tous les événements futurs"},{"$i":"options","$v":"Options"},{"$i":"event-delete-all","$v":"Tout supprimer"},{"$i":"event-delete-all-future","$v":"Supprimer tous les événements futurs"},{"$i":"delete-account","$v":"Sup. Compte"},{"$i":"exchange-account","$v":"ActiveSync"},{"$i":"account-user-name","$v":"Nom d’utilisateur"},{"$i":"incorrect-password-description","$v":"Impossible de se connecter sur le serveur. Assurez-vous que votre mot de passe est le bon."},{"$i":"incorrect-password","$v":"Le mot de passe est incorrect. Veuillez réessayer."},{"$i":"account-duplicate","$v":"Le compte est déjà utilisé. La synchronisation est activée."},{"$i":"error-account","$v":"Serveur indisponible. Réessayez plus tard."},{"$i":"error-access-denied","$v":"Une erreur inconnue s’est produite. Réessayez plus tard."},{"$i":"error-time-out","$v":["Impossible d’établir la connexion avec « ",{"t":"idOrVar","v":"server"}," ». Il se peut qu’il y ait un problème avec le réseau."]},{"$i":"caldav-account-exist","$v":"Le compte est déjà utilisé."},{"$i":"save-password","$v":"Mot de passe enregistré."},{"$i":"account-login","$v":"Connexion au compte"},{"$i":"setting-up-account","$v":"Configuration du compte"},{"$i":"setup-account-usedInfo","$v":"Ce compte sera utilisé par les applications suivantes. Vous pouvez modifier l’option dans Paramètres>Compte."},{"$i":"app-calendar","$v":"Agenda"},{"$i":"show-today","$v":"Aujourd’hui"},{"$i":"show-month-view","$v":"Mois"},{"$i":"show-week-view","$v":"Semaine"},{"$i":"show-day-view","$v":"Jour"},{"$i":"settings-show","$v":"Paramètres"},{"$i":"settings-hide","$v":"Masquer les paramètres"},{"$i":"add-account","$v":"Ajouter un compte"},{"$i":"new-event","$v":"Ajouter un évènement"},{"$i":"view-event-header","$v":"Détails sur l'événement"},{"$i":"new-event-header","$v":"Ajouter un événement"},{"$i":"edit-event-header","$v":"Modifier l’événement"},{"$i":"account-header","$v":"Compte"},{"$i":"account-list-header","$v":"Comptes"},{"$i":"advanced-settings-short-icon-button","ariaLabel":"Paramètres"},{"$i":"advanced-settings-header","$v":"Paramètres agenda"},{"$i":"advanced-settings-personalization","$v":"Personnalisation"},{"$i":"advanced-settings-reminders","$v":"Rappels"},{"$i":"advanced-settings-add-account","$v":"Ajouter un compte"},{"$i":"field-user","$v":"Nom d’utilisateur"},{"$i":"field-password","$v":"Mot de passe"},{"$i":"show-password","$v":"Aff. mot de passe"},{"$i":"field-full-url","$v":"URL"},{"$i":"modify-account-setting-up","$v":"Veuillez patienter pendant la configuration de votre compte"},{"$i":"modify-account-unable-to-sync","$v":"Synchronisation impossible"},{"$i":"modify-account-sign-in","$v":"Se connecter"},{"$i":"kai-caldav","$v":"CalDav"},{"$i":"kai-yahoo","$v":"Yahoo!"},{"$i":"kai-google","$v":"Google"},{"$i":"preset-mozilla","$v":"Mozilla Zimbra"},{"$i":"calendar-local","$v":"Agenda hors-ligne"},{"$i":"event-title","$v":"Titre"},{"$i":"event-location","$v":"Lieu"},{"$i":"event-description","$v":"Notes"},{"$i":"event-is-allday","$v":"Évènem. journ. Entière"},{"$i":"event-start-date","$v":"Date de début"},{"$i":"event-end-date","$v":"Date de fin"},{"$i":"event-start-time","$v":"Heure de début"},{"$i":"event-end-time","$v":"Heure de fin"},{"$i":"event-delete","$v":"Supprimer l’évènement"},{"$i":"event-is-deleting","$v":"Suppression…"},{"$i":"remove-account-data","$v":"Supprimer le compte"},{"$i":"remove-account-dialog","$v":"Supprimer le compte"},{"$i":"remove-account-dialog-details","$v":"Supprimer ce compte supprimera également votre copie locale des agendas et évènements associés."},{"$i":"remove","$v":"Supprimer"},{"$i":"drawer-sync-icon-button","ariaLabel":"Syncho."},{"$i":"sync-progress-syncing","ariaValueText":"Synchronisation"},{"$i":"sync-progress-complete","ariaValueText":"Synchronisation terminée"},{"$i":"sync-frequency","$v":"Synchronisation de l’agenda"},{"$i":"sync-frequency-15min","$v":"Toutes les 15 minutes"},{"$i":"sync-frequency-30min","$v":"Toutes les 30 minutes"},{"$i":"sync-frequency-manual","$v":"Manuellement"},{"$i":"from","$v":"De"},{"$i":"to","$v":"À :"},{"$i":"one-day-duration-title","$v":[{"t":"idOrVar","v":"startDate"}]},{"$i":"one-day-duration-content","$v":[{"t":"idOrVar","v":"startTime"}," à ",{"t":"idOrVar","v":"endTime"}]},{"$i":"multiple-day-duration-title","$v":[{"t":"idOrVar","v":"startTime"}," ",{"t":"idOrVar","v":"startDate"}]},{"$i":"multiple-day-duration-content","$v":[{"t":"idOrVar","v":"endTime"}," ",{"t":"idOrVar","v":"endDate"}]},{"$i":"one-all-day-duration-title","$v":[{"t":"idOrVar","v":"startDate"}]},{"$i":"all-day-duration-content","$v":"Toute la journée"},{"$i":"multiple-all-day-duration-title","$v":["Depuis le ",{"t":"idOrVar","v":"startDate"}]},{"$i":"multiple-all-day-duration-content","$v":["Jusqu’au ",{"t":"idOrVar","v":"endDate"}]},{"$i":"none","$v":"Jamais"},{"$i":"reminder","$v":"Rappel d’événement"},{"$i":"remind-me","$v":"Me le rappeler"},{"$i":"alarm-at-event-standard","$v":"Lors de l’évènement"},{"$i":"alarm-at-event-allday","$v":"Le jour de l’évènement"},{"$i":"alarm-at-event-allday-hour12","$v":"Le jour de l’événement (à 9:00 AM)"},{"$i":"alarm-at-event-allday-hour24","$v":"Le jour de l’événement (à 9 h)"},{"$i":"alarm-start-notice","$v":[{"t":"idOrVar","v":"title"}," débutera ",{"t":"idOrVar","v":"distance"}]},{"$i":"alarm-started-notice","$v":[{"t":"idOrVar","v":"title"}," a débuté ",{"t":"idOrVar","v":"distance"}]},{"$i":"alarm-start-notice-two-days","$v":[{"t":"idOrVar","v":"title"}," commençant dans deux jours"]},{"$i":"alarm-start-notice-few-days","$v":[{"t":"idOrVar","v":"title"}," commençant dans ",{"t":"idOrVar","v":"distance"}]},{"$i":"days-before-hour12","$v":{"few":[{"t":"idOrVar","v":"value"}," jours avant (à 9:00 AM)"],"many":[{"t":"idOrVar","v":"value"}," jours avant (à 9:00 AM)"],"one":"1 jour avant (à 09:00 AM)","other":[{"t":"idOrVar","v":"value"}," jours avant (à 9:00 AM)"],"two":[{"t":"idOrVar","v":"value"}," jours avant (à 9:00 AM)"],"zero":"0 jour avant (à 9:00 AM)"},"$x":[{"t":"idOrVar","v":"plural"},"value"]},{"$i":"weeks-before-hour12","$v":{"few":[{"t":"idOrVar","v":"value"}," semaines avant (à 9:00 AM)"],"many":[{"t":"idOrVar","v":"value"}," semaines avant (à 9:00 AM)"],"one":"1 semaine avant (à 9:00 AM)","other":[{"t":"idOrVar","v":"value"}," semaines avant (à 9:00 AM)"],"two":[{"t":"idOrVar","v":"value"}," semaines avant (à 9:00 AM)"],"zero":"0 semaine avant (à 9:00 AM)"},"$x":[{"t":"idOrVar","v":"plural"},"value"]},{"$i":"days-before-hour24","$v":{"few":[{"t":"idOrVar","v":"value"}," jours avant (à 9 h)"],"many":[{"t":"idOrVar","v":"value"}," jours avant (à 9 h)"],"one":"1 jour avant (à 9 h)","other":[{"t":"idOrVar","v":"value"}," jours avant (à 9 h)"],"two":[{"t":"idOrVar","v":"value"}," jours avant (à 9 h)"],"zero":"0 jour avant (à 9 h)"},"$x":[{"t":"idOrVar","v":"plural"},"value"]},{"$i":"weeks-before-hour24","$v":{"few":[{"t":"idOrVar","v":"value"}," semaines avant (à 9 h)"],"many":[{"t":"idOrVar","v":"value"}," semaines avant (à 9 h)"],"one":"1 semaine avant (à 9 h)","other":[{"t":"idOrVar","v":"value"}," semaines avant (à 9 h)"],"two":[{"t":"idOrVar","v":"value"}," semaines avant (à 9 h)"],"zero":"0 semaine avant (à 9 h)"},"$x":[{"t":"idOrVar","v":"plural"},"value"]},{"$i":"minutes-before","$v":{"few":[{"t":"idOrVar","v":"value"}," minutes avant"],"many":[{"t":"idOrVar","v":"value"}," minutes avant"],"one":"1 minute avant","other":[{"t":"idOrVar","v":"value"}," minutes avant"],"two":[{"t":"idOrVar","v":"value"}," minutes avant"],"zero":"0 minutes avant"},"$x":[{"t":"idOrVar","v":"plural"},"value"]},{"$i":"hours-before","$v":{"few":[{"t":"idOrVar","v":"value"}," heures avant"],"many":[{"t":"idOrVar","v":"value"}," heures avant"],"one":"1 heure avant","other":[{"t":"idOrVar","v":"value"}," heures avant"],"two":[{"t":"idOrVar","v":"value"}," heures avant"],"zero":"0 heures avant"},"$x":[{"t":"idOrVar","v":"plural"},"value"]},{"$i":"days-before","$v":{"few":[{"t":"idOrVar","v":"value"}," jours avant"],"many":[{"t":"idOrVar","v":"value"}," jours avant"],"one":"1 jour avant","other":[{"t":"idOrVar","v":"value"}," jours avant"],"two":[{"t":"idOrVar","v":"value"}," jours avant"],"zero":"0 jours avant"},"$x":[{"t":"idOrVar","v":"plural"},"value"]},{"$i":"weeks-before","$v":{"few":[{"t":"idOrVar","v":"value"}," semaines avant"],"many":[{"t":"idOrVar","v":"value"}," semaines avant"],"one":"1 semaine avant","other":[{"t":"idOrVar","v":"value"}," semaines avant"],"two":[{"t":"idOrVar","v":"value"}," semaines avant"],"zero":"0 semaines avant"},"$x":[{"t":"idOrVar","v":"plural"},"value"]},{"$i":"months-before","$v":{"few":[{"t":"idOrVar","v":"value"}," mois avant"],"many":[{"t":"idOrVar","v":"value"}," mois avant"],"one":"1 mois avant","other":[{"t":"idOrVar","v":"value"}," mois avant"],"two":[{"t":"idOrVar","v":"value"}," mois avant"],"zero":"0 mois avant"},"$x":[{"t":"idOrVar","v":"plural"},"value"]},{"$i":"years-before","$v":{"few":[{"t":"idOrVar","v":"value"}," ans avant"],"many":[{"t":"idOrVar","v":"value"}," ans avant"],"one":"1 an avant","other":[{"t":"idOrVar","v":"value"}," ans avant"],"two":[{"t":"idOrVar","v":"value"}," ans avant"],"zero":"0 ans avant"},"$x":[{"t":"idOrVar","v":"plural"},"value"]},{"$i":"minutes-after","$v":{"few":[{"t":"idOrVar","v":"value"}," minutes après"],"many":[{"t":"idOrVar","v":"value"}," minutes après"],"one":"1 minute après","other":[{"t":"idOrVar","v":"value"}," minutes après"],"two":[{"t":"idOrVar","v":"value"}," minutes après"],"zero":"0 minutes après"},"$x":[{"t":"idOrVar","v":"plural"},"value"]},{"$i":"hours-after","$v":{"few":[{"t":"idOrVar","v":"value"}," heures après"],"many":[{"t":"idOrVar","v":"value"}," heures après"],"one":"1 heure après","other":[{"t":"idOrVar","v":"value"}," heures après"],"two":[{"t":"idOrVar","v":"value"}," heures après"],"zero":"0 heures après"},"$x":[{"t":"idOrVar","v":"plural"},"value"]},{"$i":"days-after","$v":{"few":[{"t":"idOrVar","v":"value"}," jours après"],"many":[{"t":"idOrVar","v":"value"}," jours après"],"one":"1 jour après","other":[{"t":"idOrVar","v":"value"}," jours après"],"two":[{"t":"idOrVar","v":"value"}," jours après"],"zero":"0 jours après"},"$x":[{"t":"idOrVar","v":"plural"},"value"]},{"$i":"weeks-after","$v":{"few":[{"t":"idOrVar","v":"value"}," semaines après"],"many":[{"t":"idOrVar","v":"value"}," semaines après"],"one":"1 semaine après","other":[{"t":"idOrVar","v":"value"}," semaines après"],"two":[{"t":"idOrVar","v":"value"}," semaines après"],"zero":"0 semaines après"},"$x":[{"t":"idOrVar","v":"plural"},"value"]},{"$i":"months-after","$v":{"few":[{"t":"idOrVar","v":"value"}," mois après"],"many":[{"t":"idOrVar","v":"value"}," mois après"],"one":"1 mois après","other":[{"t":"idOrVar","v":"value"}," mois après"],"two":[{"t":"idOrVar","v":"value"}," mois après"],"zero":"0 mois après"},"$x":[{"t":"idOrVar","v":"plural"},"value"]},{"$i":"years-after","$v":{"few":[{"t":"idOrVar","v":"value"}," ans après"],"many":[{"t":"idOrVar","v":"value"}," ans après"],"one":"1 an après","other":[{"t":"idOrVar","v":"value"}," ans après"],"two":[{"t":"idOrVar","v":"value"}," ans après"],"zero":"0 ans après"},"$x":[{"t":"idOrVar","v":"plural"},"value"]},{"$i":"hour-format12","$v":"%I %p"},{"$i":"hour-format24","$v":"%H"},{"$i":"week-hour-format12","$v":"%I %p"},{"$i":"week-hour-format24","$v":"%H"},{"$i":"hour-allday","$v":"Journée"},{"$i":"kai-week-day","$v":"%a\\n%e"},{"$i":"current-time12","$v":"%I:%M"},{"$i":"current-time24","$v":"%H:%M"},{"$i":"multi-month-view-header-format","$v":"%B %Y"},{"$i":"day-view-header-format","$v":"%A %e %Eb"},{"$i":"months-day-view-header-format","$v":"%A, %B %e"},{"$i":"months-day-view-header-format-small","$v":{"$o":"%a <br/> %b, %e"}},{"$i":"week-view-header-format","$v":["Semaine ",{"t":"idOrVar","v":"value"},", %B %Y"]},{"$i":"longDateFormat","$v":"%A %d %Eb %Y"},{"$i":"longTimeFormat","$v":"%A %B %d"},{"$i":"longTimeFormat12","$v":"%A %B %d %I %p"},{"$i":"longTimeFormat24","$v":"%A %B %d %H heure(s)"},{"$i":"weekTimeFormat12","$v":"%I %p"},{"$i":"weekTimeFormat24","$v":"%H heure(s)"},{"$i":"weekDayFormat","$v":"%A le %d"},{"$i":"alldayLongTimeFormat","$v":"%A %B %d toute la journée"},{"$i":"dayHour12","$v":"%I %p"},{"$i":"dayHour24","$v":"%H heure(s)"},{"$i":"longDateTime12","$v":"%I %p, %a, %d %b, %Y"},{"$i":"longDateTime24","$v":"%H, %a %d %b %Y"},{"$i":"upcoming-events","$v":"Événements à venir"},{"$i":"search-results","$v":"Résultats de la recherche"},{"$i":"no-event-found","$v":"Aucun évènement trouvé"},{"$i":"longDateTimeNew12","$v":"%a, %B %e, %Y, %I:%M %p"},{"$i":"longDateTimeNew24","$v":"%a, %B %e, %Y, %H:%M"},{"$i":"error-start-date-after-end-date","$v":"L’événement ne peut pas se terminer avant sa date de début."},{"$i":"error-start-time-after-end-time","$v":"L’événement ne peut pas se terminer avant son heure de début."},{"$i":"error-unauthenticated","$v":"Mauvais nom d’utilisateur et/ou mot de passe"},{"$i":"error-internal-server-error","$v":"Erreur du serveur. Vérifiez votre nom d’utilisateur et réessayez."},{"$i":"error-unkown","$v":"Le serveur est indisponible. Réessayez plus tard."},{"$i":"error-default","$v":"Une erreur s’est produite. Veuillez réessayer plus tard."},{"$i":"error-offline","$v":"Aucune connexion. Vérifiez la configuration réseau et réessayez."},{"$i":"error-account-exist","$v":"Ce compte existe déjà."},{"$i":"error-confirmation-title","$v":"Erreur"},{"$i":"error-edit-online-event","$v":"Impossible de modifier un événement en ligne en raison d’une perte de connexion Internet."},{"$i":"error-delete-online-event","$v":"Impossible de supprimer un événement en ligne en raison d’une perte de connexion Internet."},{"$i":"notification-error-sync-title","$v":"Erreur synchronisation agenda"},{"$i":"notification-error-sync-description","$v":"Appuyer pour plus d’informations"},{"$i":"notification-error-caldav-sync-title","$v":"Erreur liée au compte"},{"$i":"notification-error-caldav-sync-description","$v":"Se reconnecter"},{"$i":"weekday-0-single-char","$v":"D","ariaLabel":"Dimanche"},{"$i":"weekday-1-single-char","$v":"L","ariaLabel":"Lundi"},{"$i":"weekday-2-single-char","$v":"M","ariaLabel":"Mardi"},{"$i":"weekday-3-single-char","$v":"M","ariaLabel":"Mercredi"},{"$i":"weekday-4-single-char","$v":"J","ariaLabel":"Jeudi"},{"$i":"weekday-5-single-char","$v":"V","ariaLabel":"Vendredi"},{"$i":"weekday-6-single-char","$v":"S","ariaLabel":"Samedi"},{"$i":"busy","$v":{"few":[{"t":"idOrVar","v":"n"}," événements"],"many":[{"t":"idOrVar","v":"n"}," événements"],"one":[{"t":"idOrVar","v":"n"}," événement"],"other":[{"t":"idOrVar","v":"n"}," événements"],"two":[{"t":"idOrVar","v":"n"}," événements"],"zero":"Aucun événement"},"$x":[{"t":"idOrVar","v":"plural"},"n"]},{"$i":"present","ariaLabel":"Aujourd’hui"},{"$i":"past-other-month-description","ariaLabel":"Autre mois"},{"$i":"future-other-month-description","ariaLabel":"Autre mois"},{"$i":"icon-calendar-alarm","ariaLabel":"Inclut une alarme"},{"$i":"calendars","ariaLabel":"Agendas"},{"$i":"multi-day-new-event-link","ariaLabel":"Ajouter un événement"},{"$i":"title","ariaLabel":"Titre"},{"$i":"location","ariaLabel":"Lieu"},{"$i":"duration","ariaLabel":"Durée"},{"$i":"calendar","ariaLabel":"Agenda"},{"$i":"alarms","ariaLabel":"Alarmes"},{"$i":"description","ariaLabel":"Description"},{"$i":"start-date","ariaLabel":"Date de début"},{"$i":"start-time","ariaLabel":"Heure de début"},{"$i":"end-date","ariaLabel":"Date de fin"},{"$i":"end-time","ariaLabel":"Heure de fin"},{"$i":"during-progress-loading","ariaValueText":"Chargement"},{"$i":"all-day","ariaLabel":"Journée entière"},{"$i":"create-event","ariaLabel":"Créer un événement"},{"$i":"create-all-day-event","ariaLabel":"Créer sur toute la journée"},{"$i":"event-one-day-duration","ariaLabel":["de ",{"t":"idOrVar","v":"startTime"}," à ",{"t":"idOrVar","v":"endTime"}]},{"$i":"week-event-one-day-duration","ariaLabel":["Le ",{"t":"idOrVar","v":"startDate"}," de ",{"t":"idOrVar","v":"startTime"}," à ",{"t":"idOrVar","v":"endTime"}]},{"$i":"event-multiple-day-duration","ariaLabel":["Du ",{"t":"idOrVar","v":"startDate"}," à ",{"t":"idOrVar","v":"startTime"}," au ",{"t":"idOrVar","v":"endDate"}," à ",{"t":"idOrVar","v":"endTime"}]},{"$i":"kai-event-added","$v":"L’événement est ajouté."},{"$i":"kai-event-updated","$v":"L’événement est à jour."},{"$i":"kai-event-deleted","$v":"L’événement est supprimé."},{"$i":"kai-change-save","$v":"Modifications enregistrées"},{"$i":"event-sync-failure","$v":"Synchronisation impossible"},{"$i":"kai-event-calendar","$v":"Agenda"},{"$i":"kai-single-event","$v":"événement"},{"$i":"kai-event-count","$v":"événements"},{"$i":"kai-sync-progress-syncing","$v":"Synchronisation"},{"$i":"kai-sync-progress-complete","$v":"L’agenda est à jour."},{"$i":"kai-settings-sounds","$v":"Sons"},{"$i":"kai-tones","$v":"Sonneries"},{"$i":"kai-multi-events","$v":"Événements"},{"$i":"kai-confirmation-title","$v":"Confirmation"},{"$i":"kai-delete-selectedEvent-confirmation","$v":"Supprimer l’événement sélectionné ?"},{"$i":"kai-deleteEvent-confirmation","$v":"Supprimer l’événement ?"},{"$i":"kai-event-search-header","$v":"Rechercher","placeholder":"Rechercher"},{"$i":"kai-event-search-upcoming-events","$v":"Événements à venir"},{"$i":"kai-delete","$v":"Suppr."},{"$i":"kai-cancel","$v":"Annuler"},{"$i":"kai-dialog-delete-sel","$v":"Voulez-vous supprimer l’événement sélectionné ?"},{"$i":"kai-delete-title","$v":"Supprimer l’événement"},{"$i":"kai-save-changes","$v":"Voulez-vous enregistrer les modifications ?"},{"$i":"kai-save-message-back","$v":"Toutes les données saisies seront perdues. Voulez-vous enregistrer les modifications ?"},{"$i":"kai-save-message-close","$v":"L’application va se fermer et vous perdrez des données. Voulez-vous enregistrer les modifications ?"},{"$i":"yes","$v":"Oui"},{"$i":"no","$v":"Non"},{"$i":"confirmation","$v":"Confirmation"},{"$i":"ok","$v":"OK"},{"$i":"delete-event","$v":"Supprimer l’événement sélectionné ?"},{"$i":"edit-event-no-net","$v":"Impossible de modifier un événement en ligne en raison d’une perte de connexion Internet."},{"$i":"kai-settings-header","$v":"Agenda à afficher"},{"$i":"kai-syncing","$v":"Synchronisation…"},{"$i":"kai-syncing-header","$v":"Synchronisation de compte"},{"$i":"select","$v":"Sélect."},{"$i":"add-event","$v":"Ajouter"},{"$i":"week-view","$v":"Affichage semaine"},{"$i":"day-view","$v":"Jour"},{"$i":"month-view","$v":"Mois"},{"$i":"today","$v":"Aujourd’hui"},{"$i":"go","$v":"Aller à la date"},{"$i":"search","$v":"Rechercher"},{"$i":"calendar-to-display","$v":"Agenda à afficher"},{"$i":"settings","$v":"Paramètres"},{"$i":"delete","$v":"Suppr."},{"$i":"enter","$v":"Saisir"},{"$i":"sync-calendar","$v":"Synchroniser l’agenda"},{"$i":"lunar-calendar","$v":"Jour lunaire"},{"$i":"present-description","$v":["Aujourd’hui ",{"t":"idOrVar","v":"weekday"}," ",{"t":"idOrVar","v":"date"}]},{"$i":"day-description","$v":[{"t":"idOrVar","v":"weekday"}," ",{"t":"idOrVar","v":"date"}]},{"$i":"weekday-5","$v":"Vendredi"},{"$i":"weekday-4","$v":"Jeudi"},{"$i":"weekday-3","$v":"Mercredi"},{"$i":"weekday-2","$v":"Mardi"},{"$i":"weekday-1","$v":"Lundi"},{"$i":"weekday-0","$v":"Dimanche"},{"$i":"weekday-6","$v":"Samedi"},{"$i":"no-title","$v":"(Sans titre)"},{"$i":"weekday-0-long","$v":"Dimanche"},{"$i":"weekday-1-long","$v":"Lundi"},{"$i":"weekday-2-long","$v":"Mardi"},{"$i":"weekday-3-long","$v":"Mercredi"},{"$i":"weekday-4-long","$v":"Jeudi"},{"$i":"weekday-5-long","$v":"Vendredi"},{"$i":"weekday-6-long","$v":"Samedi"},{"$i":"weekday-0-short","$v":"dim"},{"$i":"weekday-1-short","$v":"lun"},{"$i":"weekday-2-short","$v":"mar"},{"$i":"weekday-3-short","$v":"mer"},{"$i":"weekday-4-short","$v":"jeu"},{"$i":"weekday-5-short","$v":"ven"},{"$i":"weekday-6-short","$v":"sam"},{"$i":"month-0-long","$v":"Janvier"},{"$i":"month-1-long","$v":"Février"},{"$i":"month-2-long","$v":"Mars"},{"$i":"month-3-long","$v":"Avril"},{"$i":"month-4-long","$v":"Mai"},{"$i":"month-5-long","$v":"Juin"},{"$i":"month-6-long","$v":"Juillet"},{"$i":"month-7-long","$v":"Août"},{"$i":"month-8-long","$v":"Septembre"},{"$i":"month-9-long","$v":"Octobre"},{"$i":"month-10-long","$v":"Novembre"},{"$i":"month-11-long","$v":"Décembre"},{"$i":"month-0-genitive","$v":"janvier"},{"$i":"month-1-genitive","$v":"février"},{"$i":"month-2-genitive","$v":"mars"},{"$i":"month-3-genitive","$v":"avril"},{"$i":"month-4-genitive","$v":"mai"},{"$i":"month-5-genitive","$v":"juin"},{"$i":"month-6-genitive","$v":"juillet"},{"$i":"month-7-genitive","$v":"août"},{"$i":"month-8-genitive","$v":"septembre"},{"$i":"month-9-genitive","$v":"octobre"},{"$i":"month-10-genitive","$v":"novembre"},{"$i":"month-11-genitive","$v":"décembre"},{"$i":"month-0-short","$v":"jan."},{"$i":"month-1-short","$v":"fév."},{"$i":"month-2-short","$v":"mars"},{"$i":"month-3-short","$v":"avr."},{"$i":"month-4-short","$v":"mai"},{"$i":"month-5-short","$v":"juin"},{"$i":"month-6-short","$v":"juil."},{"$i":"month-7-short","$v":"août"},{"$i":"month-8-short","$v":"sep."},{"$i":"month-9-short","$v":"oct."},{"$i":"month-10-short","$v":"nov."},{"$i":"month-11-short","$v":"déc."},{"$i":"minutes-ago-long","$v":{"few":["il y a ",{"t":"idOrVar","v":"value"}," minutes"],"many":["Il y a ",{"t":"idOrVar","v":"value"}," minutes"],"one":"Il y a 1 minute","other":["il y a ",{"t":"idOrVar","v":"value"}," minutes"],"two":["il y a ",{"t":"idOrVar","v":"value"}," minutes"],"zero":"à l’instant"},"$x":[{"t":"idOrVar","v":"plural"},"value"]},{"$i":"hours-ago-long","$v":{"few":["il y a ",{"t":"idOrVar","v":"value"}," heures"],"many":["Il y a ",{"t":"idOrVar","v":"value"}," heures"],"one":"Il y a 1 heure","other":["il y a ",{"t":"idOrVar","v":"value"}," heures"],"two":["il y a ",{"t":"idOrVar","v":"value"}," heures"],"zero":"à l’instant"},"$x":[{"t":"idOrVar","v":"plural"},"value"]},{"$i":"days-ago-long","$v":{"few":["il y a ",{"t":"idOrVar","v":"value"}," jours"],"many":["il y a ",{"t":"idOrVar","v":"value"}," jours"],"one":"hier","other":["il y a ",{"t":"idOrVar","v":"value"}," jours"],"two":["il y a ",{"t":"idOrVar","v":"value"}," jours"],"zero":"aujourd’hui"},"$x":[{"t":"idOrVar","v":"plural"},"value"]},{"$i":"weeks-ago-long","$v":{"few":["il y a ",{"t":"idOrVar","v":"value"}," semaines"],"many":["il y a ",{"t":"idOrVar","v":"value"}," semaines"],"one":"la semaine dernière","other":["il y a ",{"t":"idOrVar","v":"value"}," semaines"],"two":["il y a ",{"t":"idOrVar","v":"value"}," semaines"],"zero":"cette semaine"},"$x":[{"t":"idOrVar","v":"plural"},"value"]},{"$i":"months-ago-long","$v":{"few":["il y a ",{"t":"idOrVar","v":"value"}," mois"],"many":["il y a ",{"t":"idOrVar","v":"value"}," mois"],"one":"le mois dernier","other":["il y a ",{"t":"idOrVar","v":"value"}," mois"],"two":["il y a ",{"t":"idOrVar","v":"value"}," mois"],"zero":"ce mois-ci"},"$x":[{"t":"idOrVar","v":"plural"},"value"]},{"$i":"years-ago-long","$v":{"few":["il y a ",{"t":"idOrVar","v":"value"}," ans"],"many":["il y a ",{"t":"idOrVar","v":"value"}," ans"],"one":"l’année dernière","other":["il y a ",{"t":"idOrVar","v":"value"}," ans"],"two":["il y a ",{"t":"idOrVar","v":"value"}," ans"],"zero":"cette année"},"$x":[{"t":"idOrVar","v":"plural"},"value"]},{"$i":"minutes-until-long","$v":{"few":["dans ",{"t":"idOrVar","v":"value"}," minutes"],"many":["dans ",{"t":"idOrVar","v":"value"}," minutes"],"one":["dans ",{"t":"idOrVar","v":"value"}," minute"],"other":["dans ",{"t":"idOrVar","v":"value"}," minutes"],"two":["dans ",{"t":"idOrVar","v":"value"}," minutes"],"zero":"maintenant"},"$x":[{"t":"idOrVar","v":"plural"},"value"]},{"$i":"hours-until-long","$v":{"few":["dans ",{"t":"idOrVar","v":"value"}," heures"],"many":["dans ",{"t":"idOrVar","v":"value"}," heures"],"one":["dans ",{"t":"idOrVar","v":"value"}," heure"],"other":["dans ",{"t":"idOrVar","v":"value"}," heures"],"two":["dans ",{"t":"idOrVar","v":"value"}," heures"],"zero":"maintenant"},"$x":[{"t":"idOrVar","v":"plural"},"value"]},{"$i":"days-until-long","$v":{"few":["dans ",{"t":"idOrVar","v":"value"}," jours"],"many":["dans ",{"t":"idOrVar","v":"value"}," jours"],"one":"demain","other":["dans ",{"t":"idOrVar","v":"value"}," jours"],"two":["dans ",{"t":"idOrVar","v":"value"}," jours"],"zero":"aujourd’hui"},"$x":[{"t":"idOrVar","v":"plural"},"value"]},{"$i":"weeks-until-long","$v":{"few":["dans ",{"t":"idOrVar","v":"value"}," semaines"],"many":["dans ",{"t":"idOrVar","v":"value"}," semaines"],"one":"la semaine prochaine","other":["dans ",{"t":"idOrVar","v":"value"}," semaines"],"two":["dans ",{"t":"idOrVar","v":"value"}," semaines"],"zero":"cette semaine"},"$x":[{"t":"idOrVar","v":"plural"},"value"]},{"$i":"months-until-long","$v":{"few":["dans ",{"t":"idOrVar","v":"value"}," mois"],"many":["dans ",{"t":"idOrVar","v":"value"}," mois"],"one":"le mois prochain","other":["dans ",{"t":"idOrVar","v":"value"}," mois"],"two":["dans ",{"t":"idOrVar","v":"value"}," mois"],"zero":"ce mois-ci"},"$x":[{"t":"idOrVar","v":"plural"},"value"]},{"$i":"years-until-long","$v":{"few":["dans ",{"t":"idOrVar","v":"value"}," ans"],"many":["dans ",{"t":"idOrVar","v":"value"}," ans"],"one":"l’année prochaine","other":["dans ",{"t":"idOrVar","v":"value"}," ans"],"two":["dans ",{"t":"idOrVar","v":"value"}," ans"],"zero":"cette année"},"$x":[{"t":"idOrVar","v":"plural"},"value"]},{"$i":"minutes-ago-short","$v":{"other":["il y a ",{"t":"idOrVar","v":"value"}," min"],"zero":"à l’instant"},"$x":[{"t":"idOrVar","v":"plural"},"value"]},{"$i":"hours-ago-short","$v":{"other":["il y a ",{"t":"idOrVar","v":"value"},"h"],"zero":"à l’instant"},"$x":[{"t":"idOrVar","v":"plural"},"value"]},{"$i":"days-ago-short","$v":{"other":["il y a ",{"t":"idOrVar","v":"value"},"j"],"zero":"aujourd’hui"},"$x":[{"t":"idOrVar","v":"plural"},"value"]},{"$i":"minutes-until-short","$v":{"other":["dans ",{"t":"idOrVar","v":"value"},"m"],"zero":"maintenant"},"$x":[{"t":"idOrVar","v":"plural"},"value"]},{"$i":"hours-until-short","$v":{"other":["dans ",{"t":"idOrVar","v":"value"},"h"],"zero":"maintenant"},"$x":[{"t":"idOrVar","v":"plural"},"value"]},{"$i":"days-until-short","$v":{"other":["dans ",{"t":"idOrVar","v":"value"},"j"],"zero":"aujourd’hui"},"$x":[{"t":"idOrVar","v":"plural"},"value"]},{"$i":"incorrectDate","$v":"(date incorrecte)"},{"$i":"dateTimeFormat_%c","$v":"%a %e %b %Y %H:%M:%S"},{"$i":"dateTimeFormat_%x","$v":"%d/%m/%Y"},{"$i":"dateTimeFormat_%X","$v":"%I:%M:%S %p"},{"$i":"shortTimeFormat","$v":"%H:%M"},{"$i":"shortTimeFormat12","$v":"%I:%M %p"},{"$i":"shortTimeFormat24","$v":"%H:%M"},{"$i":"shortDateTimeFormat","$v":"%x %H:%M"},{"$i":"weekStartsOnMonday","$v":"0.0"},{"$i":"firstDayOfTheWeek","$v":"1.0"},{"$i":"time_am","$v":"AM"},{"$i":"time_pm","$v":"PM"},{"$i":"softkey-options","$v":"Options"}]