[{"$i":"back","$v":"वापस जाएं"},{"$i":"save","$v":"सेव करें"},{"$i":"cancel","$v":"रद्द करें"},{"$i":"next","$v":"अगला"},{"$i":"hide","$v":"छिपाएं"},{"$i":"confirm","$v":"पुष्टि करें"},{"$i":"done","$v":"हो गया"},{"$i":"events","$v":"ईवेंट रिमाइंडर"},{"$i":"edit","$v":"संपादित करें"},{"$i":"allday-events","$v":"सारे दिन का ईवेंट रिमाइंडर"},{"$i":"no-events","$v":"कोई ईवेंट नहीं"},{"$i":"default","$v":"डिफ़ॉल्ट"},{"$i":"sync","$v":"सिंक"},{"$i":"repeat","$v":"दोहराएं"},{"$i":"never","$v":"कभी नहीं"},{"$i":"every-day","$v":"प्रत्येक दिन"},{"$i":"every-week","$v":"प्रत्येक सप्ताह"},{"$i":"every-2-weeks","$v":"प्रत्येक 2 सप्ताह"},{"$i":"every-month","$v":"प्रत्येक महीने"},{"$i":"view-never","$v":"दोहराएं: कभी नहीं"},{"$i":"view-every-day","$v":"दोहराएं: दैनिक"},{"$i":"view-every-week","$v":"दोहराएं: साप्ताहिक"},{"$i":"view-every-2-weeks","$v":"दोहराएं: प्रत्येक दो सप्ताह"},{"$i":"view-every-month","$v":"दोहराएं: मासिक"},{"$i":"repeat-event-header","$v":"यह एक दोहराये जाने वाला ईवेंट है।"},{"$i":"delete-this-only","$v":"सिर्फ इसे ही हटाएं"},{"$i":"delete-all","$v":"सब हटाएं"},{"$i":"event-edit-all","$v":"सभी ईवेंट को संपादित करें"},{"$i":"event-edit-all-future","$v":"भविष्य के सभी ईवेंट को संपादित करें"},{"$i":"options","$v":"विकल्प"},{"$i":"event-delete-all","$v":"सब हटाएं"},{"$i":"event-delete-all-future","$v":"भविष्य के सभी ईवेंट को हटाएं"},{"$i":"delete-account","$v":"अकाउंट हटाएं"},{"$i":"exchange-account","$v":"ActiveSync"},{"$i":"account-user-name","$v":"यूज़र नेम"},{"$i":"incorrect-password-description","$v":"सर्वर में साइन इन करने में असमर्थ,  कृपया सुनिश्चित करें कि आपका पासवर्ड सही है।"},{"$i":"incorrect-password","$v":"पासवर्ड गलत है। कृपया पुन: प्रयास करें।"},{"$i":"account-duplicate","$v":"खाता पहले से मौजूद है। सिंकिंग ऑन है।"},{"$i":"error-account","$v":"सर्वर उपलब्ध नहीं है। कृपया बाद में पुनः प्रयास करें।"},{"$i":"error-access-denied","$v":"कोई अज्ञात त्रुटि हुई है, कृपया बाद में फिर से प्रयास करें।"},{"$i":"error-time-out","$v":[{"t":"idOrVar","v":"server"},"\" के साथ कनेक्ट करने में असमर्थ रहे। नेटवर्क के साथ कोई समस्या हो सकती है।"]},{"$i":"caldav-account-exist","$v":"खाता पहले से मौजूद है।"},{"$i":"save-password","$v":"पासवर्ड सेव किया गया।"},{"$i":"account-login","$v":"खाते में लॉगइन "},{"$i":"setting-up-account","$v":"खाता सेट अप हो रहा है"},{"$i":"setup-account-usedInfo","$v":"इस खाते का उपयोग नीचे दिए गए ऐप द्वारा किया जाएगा। आप इसे सेटिंग्स> खाते में बदल सकते हैं।"},{"$i":"app-calendar","$v":"कैलेंडर"},{"$i":"show-today","$v":"आज"},{"$i":"show-month-view","$v":"महीना"},{"$i":"show-week-view","$v":"सप्ताह"},{"$i":"show-day-view","$v":"दिन"},{"$i":"settings-show","$v":"सेटिंग्स"},{"$i":"settings-hide","$v":"सेटिंग्स छिपाएँ"},{"$i":"add-account","$v":"अकाउंट जोड़े"},{"$i":"new-event","$v":"ईवेंट जोड़ें"},{"$i":"view-event-header","$v":"ईवेंट विवरण"},{"$i":"new-event-header","$v":"ईवेंट जोड़ें"},{"$i":"edit-event-header","$v":"ईवेंट संपादित करें"},{"$i":"account-header","$v":"अकाउंट"},{"$i":"account-list-header","$v":"अकाउंट्स"},{"$i":"advanced-settings-short-icon-button","ariaLabel":"सेटिंग्स"},{"$i":"advanced-settings-header","$v":"कैलेंडर सेटिंग्स"},{"$i":"advanced-settings-personalization","$v":"अपडेट की फ्रीक्वेंसी"},{"$i":"advanced-settings-reminders","$v":"रिमाइंडर"},{"$i":"advanced-settings-add-account","$v":"अकाउंट जोड़ें"},{"$i":"field-user","$v":"यूज़र नेम"},{"$i":"field-password","$v":"पासवर्ड"},{"$i":"show-password","$v":"पासवर्ड दिखाएं"},{"$i":"field-full-url","$v":"URL"},{"$i":"modify-account-setting-up","$v":"कृपया आपका अकाउंट सेट होने तक प्रतीक्षा करें"},{"$i":"modify-account-unable-to-sync","$v":"सिंक करने में असमर्थ"},{"$i":"modify-account-sign-in","$v":"साइन इन करें"},{"$i":"kai-caldav","$v":"CalDav"},{"$i":"kai-yahoo","$v":"याहू!"},{"$i":"kai-google","$v":"गूगल"},{"$i":"preset-mozilla","$v":"Mozilla Zimbra"},{"$i":"calendar-local","$v":"फ़ोन कैलेंडर"},{"$i":"event-title","$v":"शीर्षक"},{"$i":"event-location","$v":"स्थान"},{"$i":"event-description","$v":"नोट"},{"$i":"event-is-allday","$v":"सारे दिन का ईवेंट"},{"$i":"event-start-date","$v":"आरंभ दिनांक"},{"$i":"event-end-date","$v":"समाप्ति दिनांक"},{"$i":"event-start-time","$v":"आरंभ समय"},{"$i":"event-end-time","$v":"समाप्ति समय"},{"$i":"event-delete","$v":"ईवेंट हटाएँ"},{"$i":"event-is-deleting","$v":"हटाया जा रहा है ..."},{"$i":"remove-account-data","$v":"Remove Account"},{"$i":"remove-account-dialog","$v":"अकाउंट हटाएं"},{"$i":"remove-account-dialog-details","$v":["आपके डिवाइस से \"",{"t":"idOrVar","v":"email"},"\" निकालें?"]},{"$i":"remove","$v":"हटाएं"},{"$i":"drawer-sync-icon-button","ariaLabel":"सिंक"},{"$i":"sync-progress-syncing","ariaValueText":"सिंक हो रहा हैं"},{"$i":"sync-progress-complete","ariaValueText":"सिंक पूरा हुआ"},{"$i":"sync-frequency","$v":"कैलेंडर सिंक करें"},{"$i":"sync-frequency-15min","$v":"हर 15 मिनट में"},{"$i":"sync-frequency-30min","$v":"हर 30 मिनट में"},{"$i":"sync-frequency-manual","$v":"मैन्युअल रूप से"},{"$i":"from","$v":"से"},{"$i":"to","$v":"प्रति"},{"$i":"one-day-duration-title","$v":[{"t":"idOrVar","v":"startDate"}]},{"$i":"one-day-duration-content","$v":[{"t":"idOrVar","v":"startTime"}," से ",{"t":"idOrVar","v":"endTime"}," तक"]},{"$i":"multiple-day-duration-title","$v":[{"t":"idOrVar","v":"startTime"}," ",{"t":"idOrVar","v":"startDate"}]},{"$i":"multiple-day-duration-content","$v":[{"t":"idOrVar","v":"endTime"}," ",{"t":"idOrVar","v":"endDate"}]},{"$i":"one-all-day-duration-title","$v":[{"t":"idOrVar","v":"startDate"}]},{"$i":"all-day-duration-content","$v":"सभी दिन के इवेंट"},{"$i":"multiple-all-day-duration-title","$v":[{"t":"idOrVar","v":"Startdate"}," से"]},{"$i":"multiple-all-day-duration-content","$v":[{"t":"idOrVar","v":"endDate"}," तक"]},{"$i":"none","$v":"कुछ भी नहीं"},{"$i":"reminder","$v":"ईवेंट रिमाइंडर"},{"$i":"remind-me","$v":"मुझे याद दिलाएँ"},{"$i":"alarm-at-event-standard","$v":"ईवेंट के समय पर"},{"$i":"alarm-at-event-allday","$v":"ईवेंट के दिन"},{"$i":"alarm-at-event-allday-hour12","$v":"इवेंट के दिन (सुबह 9:00 बजे)"},{"$i":"alarm-at-event-allday-hour24","$v":"इवेंट के दिन (9:00 बजे)"},{"$i":"alarm-start-notice","$v":[{"t":"idOrVar","v":"title"}," शुरू हो रही हैं ",{"t":"idOrVar","v":"distance"}]},{"$i":"alarm-started-notice","$v":[{"t":"idOrVar","v":"title"}," शुरुआत ",{"t":"idOrVar","v":"distance"}]},{"$i":"alarm-start-notice-two-days","$v":[{"t":"idOrVar","v":"title"}," दो दिनों में शुरू हो रहा है"]},{"$i":"alarm-start-notice-few-days","$v":[{"t":"idOrVar","v":"distance"}," से शुरू हो रहा है ",{"t":"idOrVar","v":"title"}]},{"$i":"days-before-hour12","$v":{"few":[{"t":"idOrVar","v":"value"}," दिन पहले (सुबह 9:00 बजे)"],"many":[{"t":"idOrVar","v":"value"}," दिन पहले (सुबह 9:00 बजे)"],"one":"1 दिन पहले (सुबह 9:00 बजे)","other":[{"t":"idOrVar","v":"value"}," दिन पहले (सुबह 9:00 बजे)"],"two":[{"t":"idOrVar","v":"value"}," दिन पहले (सुबह 9:00 बजे)"],"zero":"0 दिन पहले (सुबह 9:00 बजे)"},"$x":[{"t":"idOrVar","v":"plural"},"value"]},{"$i":"weeks-before-hour12","$v":{"few":[{"t":"idOrVar","v":"value"}," सप्ताह पहले (सुबह 9:00 बजे)"],"many":[{"t":"idOrVar","v":"value"}," सप्ताह पहले (सुबह 9:00 बजे)"],"one":"1 सप्ताह पहले (सुबह 9:00 बजे)","other":[{"t":"idOrVar","v":"value"}," सप्ताह पहले (सुबह 9:00 बजे)"],"two":[{"t":"idOrVar","v":"value"}," सप्ताह पहले (सुबह 9:00 बजे)"],"zero":"0 सप्ताह पहले (सुबह 9:00 बजे)"},"$x":[{"t":"idOrVar","v":"plural"},"value"]},{"$i":"days-before-hour24","$v":{"few":[{"t":"idOrVar","v":"value"}," दिन पहले (9:00 बजे)"],"many":[{"t":"idOrVar","v":"value"}," दिन पहले (9:00 बजे)"],"one":"1 दिन पहले (9:00 बजे)","other":[{"t":"idOrVar","v":"value"}," दिन पहले (9:00 बजे)"],"two":[{"t":"idOrVar","v":"value"}," दिन पहले (9:00 बजे)"],"zero":"0 दिन पहले (9:00 बजे)"},"$x":[{"t":"idOrVar","v":"plural"},"value"]},{"$i":"weeks-before-hour24","$v":{"few":[{"t":"idOrVar","v":"value"}," सप्ताह पहले (9:00 बजे)"],"many":[{"t":"idOrVar","v":"value"}," सप्ताह पहले (9:00 बजे)"],"one":"1 सप्ताह पहले (9:00 बजे)","other":[{"t":"idOrVar","v":"value"}," सप्ताह पहले (9:00 बजे)"],"two":[{"t":"idOrVar","v":"value"}," सप्ताह पहले (9:00 बजे)"],"zero":"0 सप्ताह पहले (9:00 बजे)"},"$x":[{"t":"idOrVar","v":"plural"},"value"]},{"$i":"minutes-before","$v":{"few":[{"t":"idOrVar","v":"value"}," मिनट पहले"],"many":[{"t":"idOrVar","v":"value"}," मिनट पहले"],"one":"1 मिनट पहले","other":[{"t":"idOrVar","v":"value"}," मिनट पहले"],"two":[{"t":"idOrVar","v":"value"}," मिनट पहले"],"zero":"0 मिनट पहले"},"$x":[{"t":"idOrVar","v":"plural"},"value"]},{"$i":"hours-before","$v":{"few":[{"t":"idOrVar","v":"value"}," घंटे पहले"],"many":[{"t":"idOrVar","v":"value"}," घंटे पहले"],"one":"1 घंटे पहले","other":[{"t":"idOrVar","v":"value"}," घंटे पहले"],"two":[{"t":"idOrVar","v":"value"}," घंटे पहले"],"zero":"0 घंटे पहले"},"$x":[{"t":"idOrVar","v":"plural"},"value"]},{"$i":"days-before","$v":{"few":[{"t":"idOrVar","v":"value"}," दिनों पहले"],"many":[{"t":"idOrVar","v":"value"}," दिनों पहले"],"one":"1 दिन पहले","other":[{"t":"idOrVar","v":"value"}," दिनों पहले"],"two":[{"t":"idOrVar","v":"value"}," दिनों पहले"],"zero":"0 दिन पहले"},"$x":[{"t":"idOrVar","v":"plural"},"value"]},{"$i":"weeks-before","$v":{"few":[{"t":"idOrVar","v":"value"}," सप्ताह पहले"],"many":[{"t":"idOrVar","v":"value"}," सप्ताह पहले"],"one":"1 सप्ताह पहले","other":[{"t":"idOrVar","v":"value"}," सप्ताह पहले"],"two":[{"t":"idOrVar","v":"value"}," सप्ताह पहले"],"zero":"0 सप्ताह पहले"},"$x":[{"t":"idOrVar","v":"plural"},"value"]},{"$i":"months-before","$v":{"few":[{"t":"idOrVar","v":"value"}," महीने पहले"],"many":[{"t":"idOrVar","v":"value"}," महीने पहले"],"one":"1 माह पहले","other":[{"t":"idOrVar","v":"value"}," महीने पहले"],"two":[{"t":"idOrVar","v":"value"}," महीने पहले"],"zero":"0 माह पहले"},"$x":[{"t":"idOrVar","v":"plural"},"value"]},{"$i":"years-before","$v":{"few":[{"t":"idOrVar","v":"value"}," वर्ष पहले"],"many":[{"t":"idOrVar","v":"value"}," वर्ष पहले"],"one":"1 वर्ष पहले","other":[{"t":"idOrVar","v":"value"}," वर्ष पहले"],"two":[{"t":"idOrVar","v":"value"}," वर्ष पहले"],"zero":"0 वर्ष पहले"},"$x":[{"t":"idOrVar","v":"plural"},"value"]},{"$i":"minutes-after","$v":{"few":[{"t":"idOrVar","v":"value"}," मिनट बाद"],"many":[{"t":"idOrVar","v":"value"}," मिनट बाद"],"one":"1 मिनट बाद","other":[{"t":"idOrVar","v":"value"}," मिनट बाद"],"two":[{"t":"idOrVar","v":"value"}," मिनट बाद"],"zero":"0 मिनट बाद"},"$x":[{"t":"idOrVar","v":"plural"},"value"]},{"$i":"hours-after","$v":{"few":[{"t":"idOrVar","v":"value"}," घंटे बाद"],"many":[{"t":"idOrVar","v":"value"}," घंटे बाद"],"one":"1 घंटे बाद","other":[{"t":"idOrVar","v":"value"}," घंटे बाद"],"two":[{"t":"idOrVar","v":"value"}," घंटे बाद"],"zero":"0 घंटे बाद"},"$x":[{"t":"idOrVar","v":"plural"},"value"]},{"$i":"days-after","$v":{"few":[{"t":"idOrVar","v":"value"}," दिनों बाद"],"many":[{"t":"idOrVar","v":"value"}," दिनों बाद"],"one":"1 दिन बाद","other":[{"t":"idOrVar","v":"value"}," दिनों बाद"],"two":[{"t":"idOrVar","v":"value"}," दिनों बाद"],"zero":"0 दिन बाद"},"$x":[{"t":"idOrVar","v":"plural"},"value"]},{"$i":"weeks-after","$v":{"few":[{"t":"idOrVar","v":"value"}," सप्ताह बाद"],"many":[{"t":"idOrVar","v":"value"}," सप्ताह बाद"],"one":"1 सप्ताह बाद","other":[{"t":"idOrVar","v":"value"}," सप्ताह बाद"],"two":[{"t":"idOrVar","v":"value"}," सप्ताह बाद"],"zero":"0 सप्ताह बाद"},"$x":[{"t":"idOrVar","v":"plural"},"value"]},{"$i":"months-after","$v":{"few":[{"t":"idOrVar","v":"value"}," महीने बाद"],"many":[{"t":"idOrVar","v":"value"}," महीने बाद"],"one":"1 माह बाद","other":[{"t":"idOrVar","v":"value"}," महीने बाद"],"two":[{"t":"idOrVar","v":"value"}," महीने बाद"],"zero":"0 माह बाद"},"$x":[{"t":"idOrVar","v":"plural"},"value"]},{"$i":"years-after","$v":{"few":[{"t":"idOrVar","v":"value"}," वर्ष बाद"],"many":[{"t":"idOrVar","v":"value"}," वर्ष बाद"],"one":"1 वर्ष बाद","other":[{"t":"idOrVar","v":"value"}," वर्ष बाद"],"two":[{"t":"idOrVar","v":"value"}," वर्ष बाद"],"zero":"0 वर्ष बाद"},"$x":[{"t":"idOrVar","v":"plural"},"value"]},{"$i":"hour-format12","$v":"%I %p"},{"$i":"hour-format24","$v":"%H"},{"$i":"week-hour-format12","$v":"%I %p"},{"$i":"week-hour-format24","$v":"%H"},{"$i":"hour-allday","$v":"सभी दिन"},{"$i":"kai-week-day","$v":"%a\\n%e"},{"$i":"current-time12","$v":"%I:%M"},{"$i":"current-time24","$v":"%H:%M"},{"$i":"multi-month-view-header-format","$v":"%B %Y"},{"$i":"day-view-header-format","$v":"%A, %B %e"},{"$i":"months-day-view-header-format","$v":"%A, %B %e"},{"$i":"months-day-view-header-format-small","$v":{"$o":"%a <br/> %b, %e"}},{"$i":"week-view-header-format","$v":["सप्ताह ",{"t":"idOrVar","v":"value"},", %B %Y"]},{"$i":"longDateFormat","$v":"%A, %B %d, %Y"},{"$i":"longTimeFormat","$v":"%A %B %d"},{"$i":"longTimeFormat12","$v":"%A %B %d %I %p"},{"$i":"longTimeFormat24","$v":"%A %B %d %H बजे"},{"$i":"weekTimeFormat12","$v":"%I %p"},{"$i":"weekTimeFormat24","$v":"%H बजे"},{"$i":"weekDayFormat","$v":"%A the %d"},{"$i":"alldayLongTimeFormat","$v":"%A %B %d सारा दिन"},{"$i":"dayHour12","$v":"%I %p"},{"$i":"dayHour24","$v":"%H बजे"},{"$i":"longDateTime12","$v":"%I %p, %a, %d %b, %Y"},{"$i":"longDateTime24","$v":"%H, %a, %d %b, %Y"},{"$i":"upcoming-events","$v":"आगामी ईवेंट"},{"$i":"search-results","$v":"खोज परिणाम"},{"$i":"no-event-found","$v":"कोई ईवेंट नहीं मिला"},{"$i":"longDateTimeNew12","$v":"%a, %B %e, %Y, %I:%M %p"},{"$i":"longDateTimeNew24","$v":"%a, %B %e, %Y, %H:%M"},{"$i":"error-start-date-after-end-date","$v":"ईवेंट अपने प्रारंभ दिनांक से पहले समाप्त नहीं हो सकता।"},{"$i":"error-start-time-after-end-time","$v":"ईवेंट अपने आरंभ समय से पहले समाप्त नहीं हो सकता।"},{"$i":"error-unauthenticated","$v":"यूज़र नेम या पासवर्ड गलत हैं, कृपया पुनः प्रयास करें।"},{"$i":"error-internal-server-error","$v":"सर्वर में त्रुटि, कृपया फिर से प्रयास करें।"},{"$i":"error-unkown","$v":"सर्वर उपलब्ध नहीं है। कृपया बाद में फिर से प्रयास करें।"},{"$i":"error-default","$v":"कोई त्रुटि हैं। बाद में फिर से प्रयास करें।"},{"$i":"error-offline","$v":"इंटरनेट से कनेक्ट करने में असमर्थ। इंटरनेट एक्सेस करने के लिए आप WiFi या मोबाइल डेटा का उपयोग कर सकते हैं।"},{"$i":"error-account-exist","$v":"यह अकाउंट पहले से मौजूद हैं।"},{"$i":"error-confirmation-title","$v":"त्रुटि"},{"$i":"error-edit-online-event","$v":"कोई इंटरनेट कनेक्शन नहीं होने के कारण ऑनलाइन ईवेंट संपादित करने में विफल रहा।"},{"$i":"error-delete-online-event","$v":"कोई इंटरनेट कनेक्शन नहीं होने के कारण ऑनलाइन ईवेंट हटाने में विफल रहा।"},{"$i":"notification-error-sync-title","$v":"कैलेंडर सिंक करने में त्रुटि"},{"$i":"notification-error-sync-description","$v":"अधिक जानकारी के लिए टैप करें"},{"$i":"notification-error-caldav-sync-title","$v":"खाते में त्रुटि"},{"$i":"notification-error-caldav-sync-description","$v":"फिर से लॉगइन करें"},{"$i":"weekday-0-single-char","$v":"S","ariaLabel":"रविवार"},{"$i":"weekday-1-single-char","$v":"M","ariaLabel":"सोमवार"},{"$i":"weekday-2-single-char","$v":"T","ariaLabel":"मंगलवार"},{"$i":"weekday-3-single-char","$v":"W","ariaLabel":"बुधवार"},{"$i":"weekday-4-single-char","$v":"T","ariaLabel":"गुरुवार"},{"$i":"weekday-5-single-char","$v":"F","ariaLabel":"शुक्रवार"},{"$i":"weekday-6-single-char","$v":"S","ariaLabel":"शनिवार"},{"$i":"busy","$v":{"few":[{"t":"idOrVar","v":"n"}," ईवेंट"],"many":[{"t":"idOrVar","v":"n"}," ईवेंट"],"one":[{"t":"idOrVar","v":"n"}," ईवेंट"],"other":[{"t":"idOrVar","v":"n"}," ईवेंट"],"two":[{"t":"idOrVar","v":"n"}," ईवेंट"],"zero":"कोई ईवेंट नहीं"},"$x":[{"t":"idOrVar","v":"plural"},"n"]},{"$i":"present","ariaLabel":"आज"},{"$i":"past-other-month-description","ariaLabel":"अन्य महीने"},{"$i":"future-other-month-description","ariaLabel":"अन्य महीने"},{"$i":"icon-calendar-alarm","ariaLabel":"अलार्म हैं"},{"$i":"calendars","ariaLabel":"कैलेंडर"},{"$i":"multi-day-new-event-link","ariaLabel":"ईवेंट जोड़ें"},{"$i":"title","ariaLabel":"शीर्षक"},{"$i":"location","ariaLabel":"स्थान"},{"$i":"duration","ariaLabel":"अवधि"},{"$i":"calendar","ariaLabel":"कैलेंडर"},{"$i":"alarms","ariaLabel":"अलार्म"},{"$i":"description","ariaLabel":"विवरण"},{"$i":"start-date","ariaLabel":"आरंभ दिनांक"},{"$i":"start-time","ariaLabel":"आरंभ समय"},{"$i":"end-date","ariaLabel":"समाप्ति दिनांक"},{"$i":"end-time","ariaLabel":"समाप्ति समय"},{"$i":"during-progress-loading","ariaValueText":"लोड हो रहा हैं..."},{"$i":"all-day","ariaLabel":"सभी दिन"},{"$i":"create-event","ariaLabel":"ईवेंट बनाएँ"},{"$i":"create-all-day-event","ariaLabel":"सभी दिन का ईवेंट बनाएँ"},{"$i":"event-one-day-duration","ariaLabel":[{"t":"idOrVar","v":"startTime"}," से ",{"t":"idOrVar","v":"endTime"}," तक"]},{"$i":"week-event-one-day-duration","ariaLabel":[{"t":"idOrVar","v":"startDate"}," को ",{"t":"idOrVar","v":"startTime"}," से ",{"t":"idOrVar","v":"endTime"}," तक"]},{"$i":"event-multiple-day-duration","ariaLabel":[{"t":"idOrVar","v":"startTime"}," ",{"t":"idOrVar","v":"startDate"}," से ",{"t":"idOrVar","v":"endTime"}," ",{"t":"idOrVar","v":"endDate"}," तक"]},{"$i":"kai-event-added","$v":"ईवेंट जोड़ा गया।"},{"$i":"kai-event-updated","$v":"ईवेंट अपडेट किया गया।"},{"$i":"kai-event-deleted","$v":"ईवेंट हटा दिया गया।"},{"$i":"kai-change-save","$v":"परिवर्तन सेव हुए"},{"$i":"event-sync-failure","$v":"सिंक करने में असमर्थ"},{"$i":"kai-event-calendar","$v":"कैलेंडर"},{"$i":"kai-single-event","$v":"ईवेंट"},{"$i":"kai-event-count","$v":"ईवेंट्स"},{"$i":"kai-sync-progress-syncing","$v":"सिंक हो रहा हैं"},{"$i":"kai-sync-progress-complete","$v":"कैलेंडर अप टू डेट है।"},{"$i":"kai-settings-sounds","$v":"ध्वनि"},{"$i":"kai-tones","$v":"टोन"},{"$i":"kai-multi-events","$v":"ईवेंट्स"},{"$i":"kai-confirmation-title","$v":"पुष्टिकरण"},{"$i":"kai-delete-selectedEvent-confirmation","$v":"चयनित ईवेंट हटाएँ?"},{"$i":"kai-deleteEvent-confirmation","$v":"ईवेंट हटाएँ?"},{"$i":"kai-event-search-header","$v":"खोजें","placeholder":"खोजें"},{"$i":"kai-event-search-upcoming-events","$v":"आगामी ईवेंट"},{"$i":"kai-delete","$v":"हटाएँ"},{"$i":"kai-cancel","$v":"रद्द करें"},{"$i":"kai-dialog-delete-sel","$v":"क्या आप चयनित ईवेंट को हटाना चाहते हैं?"},{"$i":"kai-delete-title","$v":"ईवेंट हटाएँ"},{"$i":"kai-save-changes","$v":"परिवर्तन सेव करना हैं?"},{"$i":"kai-save-message-back","$v":"दर्ज किया हुआ सारा डेटा हट जायेगा. क्या आप परिवर्तनों को सेव करना चाहते हैं ?"},{"$i":"kai-save-message-close","$v":"एप्लिकेशन बंध होने के साथ डेटा हट जायेगा. क्या आप परिवर्तनों को सेव करना चाहते हैं ?"},{"$i":"yes","$v":"हां"},{"$i":"no","$v":"नहीं"},{"$i":"confirmation","$v":"पुष्टिकरण"},{"$i":"ok","$v":"ठीक हैं"},{"$i":"delete-event","$v":"चयनित ईवेंट हटाएँ?"},{"$i":"edit-event-no-net","$v":"इंटरनेट कनेक्शन ना होने के कारण ऑनलाइन ईवेंट संपादित करने में विफल रहे।"},{"$i":"kai-settings-header","$v":"डिस्प्ले करने के लिए कैलेंडर"},{"$i":"kai-syncing","$v":"सिंक हो रहा हैं..."},{"$i":"kai-syncing-header","$v":"अकाउंट सिंक"},{"$i":"select","$v":"चुनें"},{"$i":"add-event","$v":"जोड़ें"},{"$i":"week-view","$v":"सप्ताहिक व्यू"},{"$i":"day-view","$v":"दिनांक रूप से"},{"$i":"month-view","$v":"मासिक रूप से"},{"$i":"today","$v":"आज"},{"$i":"go","$v":"दिनांक पर जाएं"},{"$i":"search","$v":"खोजें"},{"$i":"calendar-to-display","$v":"डिस्प्ले करने के लिए कैलेंडर"},{"$i":"settings","$v":"सेटिंग्स"},{"$i":"delete","$v":"हटाएँ"},{"$i":"enter","$v":"दर्ज करें"},{"$i":"sync-calendar","$v":"कैलेंडर सिंक करें"},{"$i":"lunar-calendar","$v":"चांद्र दिन"},{"$i":"present-description","$v":["आज ",{"t":"idOrVar","v":"weekday"}," ",{"t":"idOrVar","v":"date"}]},{"$i":"day-description","$v":[{"t":"idOrVar","v":"weekday"},", ",{"t":"idOrVar","v":"date"}]},{"$i":"weekday-5","$v":"शुक्रवार"},{"$i":"weekday-4","$v":"गुरुवार"},{"$i":"weekday-3","$v":"बुधवार"},{"$i":"weekday-2","$v":"मंगलवार"},{"$i":"weekday-1","$v":"सोमवार"},{"$i":"weekday-0","$v":"रविवार"},{"$i":"weekday-6","$v":"शनिवार"},{"$i":"no-title","$v":"(कोई शीर्षक नहीं)"},{"$i":"weekday-0-long","$v":"रविवार"},{"$i":"weekday-1-long","$v":"सोमवार"},{"$i":"weekday-2-long","$v":"मंगलवार"},{"$i":"weekday-3-long","$v":"बुधवार"},{"$i":"weekday-4-long","$v":"गुरुवार"},{"$i":"weekday-5-long","$v":"शुक्रवार"},{"$i":"weekday-6-long","$v":"शनिवार"},{"$i":"weekday-0-short","$v":"रवि"},{"$i":"weekday-1-short","$v":"सोम"},{"$i":"weekday-2-short","$v":"मंगल"},{"$i":"weekday-3-short","$v":"बुध"},{"$i":"weekday-4-short","$v":"गुरु"},{"$i":"weekday-5-short","$v":"शुक्र"},{"$i":"weekday-6-short","$v":"शनि"},{"$i":"month-0-long","$v":"जनवरी"},{"$i":"month-1-long","$v":"फरवरी"},{"$i":"month-2-long","$v":"मार्च"},{"$i":"month-3-long","$v":"अप्रैल"},{"$i":"month-4-long","$v":"मई"},{"$i":"month-5-long","$v":"जून"},{"$i":"month-6-long","$v":"जुलाई"},{"$i":"month-7-long","$v":"अगस्त"},{"$i":"month-8-long","$v":"सितंबर"},{"$i":"month-9-long","$v":"अक्टूबर"},{"$i":"month-10-long","$v":"नवंबर"},{"$i":"month-11-long","$v":"दिसंबर"},{"$i":"month-0-genitive","$v":"जनवरी"},{"$i":"month-1-genitive","$v":"फरवरी"},{"$i":"month-2-genitive","$v":"मार्च"},{"$i":"month-3-genitive","$v":"अप्रैल"},{"$i":"month-4-genitive","$v":"मई"},{"$i":"month-5-genitive","$v":"जून"},{"$i":"month-6-genitive","$v":"जुलाई"},{"$i":"month-7-genitive","$v":"अगस्त"},{"$i":"month-8-genitive","$v":"सितंबर"},{"$i":"month-9-genitive","$v":"अक्टूबर"},{"$i":"month-10-genitive","$v":"नवंबर"},{"$i":"month-11-genitive","$v":"दिसंबर"},{"$i":"month-0-short","$v":"जनवरी"},{"$i":"month-1-short","$v":"फरवरी"},{"$i":"month-2-short","$v":"मार्च"},{"$i":"month-3-short","$v":"अप्रैल"},{"$i":"month-4-short","$v":"मई"},{"$i":"month-5-short","$v":"जून"},{"$i":"month-6-short","$v":"जुलाई"},{"$i":"month-7-short","$v":"अगस्त"},{"$i":"month-8-short","$v":"सितंबर"},{"$i":"month-9-short","$v":"अक्टूबर"},{"$i":"month-10-short","$v":"नवंबर"},{"$i":"month-11-short","$v":"दिसंबर"},{"$i":"minutes-ago-long","$v":{"few":[{"t":"idOrVar","v":"value"}," मिनट पहले"],"many":[{"t":"idOrVar","v":"value"}," मिनट पहले"],"one":"एक मिनट पहले","other":[{"t":"idOrVar","v":"value"}," मिनट पहले"],"two":[{"t":"idOrVar","v":"value"}," मिनट पहले"],"zero":"अभी"},"$x":[{"t":"idOrVar","v":"plural"},"value"]},{"$i":"hours-ago-long","$v":{"few":[{"t":"idOrVar","v":"value"}," घंटे पहले"],"many":[{"t":"idOrVar","v":"value"}," घंटे पहले"],"one":"एक घंटे पहले","other":[{"t":"idOrVar","v":"value"}," घंटे पहले"],"two":[{"t":"idOrVar","v":"value"}," घंटे पहले"],"zero":"अभी"},"$x":[{"t":"idOrVar","v":"plural"},"value"]},{"$i":"days-ago-long","$v":{"few":[{"t":"idOrVar","v":"value"}," दिनों पहले"],"many":[{"t":"idOrVar","v":"value"}," दिनों पहले"],"one":"बीता कल","other":[{"t":"idOrVar","v":"value"}," दिनों पहले"],"two":[{"t":"idOrVar","v":"value"}," दिनों पहले"],"zero":"आज"},"$x":[{"t":"idOrVar","v":"plural"},"value"]},{"$i":"weeks-ago-long","$v":{"few":[{"t":"idOrVar","v":"value"}," सप्ताह पहले"],"many":[{"t":"idOrVar","v":"value"}," सप्ताह पहले"],"one":"पिछले सप्ताह","other":[{"t":"idOrVar","v":"value"}," सप्ताह पहले"],"two":[{"t":"idOrVar","v":"value"}," सप्ताह पहले"],"zero":"इस सप्ताह"},"$x":[{"t":"idOrVar","v":"plural"},"value"]},{"$i":"months-ago-long","$v":{"few":[{"t":"idOrVar","v":"value"}," महीनों पहले"],"many":[{"t":"idOrVar","v":"value"}," महीनों पहले"],"one":"पिछले महीने","other":[{"t":"idOrVar","v":"value"}," महीनों पहले"],"two":[{"t":"idOrVar","v":"value"}," महीनों पहले"],"zero":"इस महीने"},"$x":[{"t":"idOrVar","v":"plural"},"value"]},{"$i":"years-ago-long","$v":{"few":[{"t":"idOrVar","v":"value"}," वर्ष पहले"],"many":[{"t":"idOrVar","v":"value"}," वर्ष पहले"],"one":"पिछले वर्ष","other":[{"t":"idOrVar","v":"value"}," वर्ष पहले"],"two":[{"t":"idOrVar","v":"value"}," वर्ष पहले"],"zero":"इस वर्ष"},"$x":[{"t":"idOrVar","v":"plural"},"value"]},{"$i":"minutes-until-long","$v":{"few":[{"t":"idOrVar","v":"value"}," मिनट में"],"many":[{"t":"idOrVar","v":"value"}," मिनट में"],"one":"एक मिनट में","other":[{"t":"idOrVar","v":"value"}," मिनट में"],"two":[{"t":"idOrVar","v":"value"}," मिनट में"],"zero":"अभी"},"$x":[{"t":"idOrVar","v":"plural"},"value"]},{"$i":"hours-until-long","$v":{"few":[{"t":"idOrVar","v":"value"}," घंटों में"],"many":[{"t":"idOrVar","v":"value"}," घंटों में"],"one":"एक घंटे में","other":[{"t":"idOrVar","v":"value"}," घंटों में"],"two":[{"t":"idOrVar","v":"value"}," घंटों में"],"zero":"अभी"},"$x":[{"t":"idOrVar","v":"plural"},"value"]},{"$i":"days-until-long","$v":{"few":[{"t":"idOrVar","v":"value"}," दिनों में"],"many":[{"t":"idOrVar","v":"value"}," दिनों में"],"one":"कल","other":[{"t":"idOrVar","v":"value"}," दिनों में"],"two":[{"t":"idOrVar","v":"value"}," दिनों में"],"zero":"आज"},"$x":[{"t":"idOrVar","v":"plural"},"value"]},{"$i":"weeks-until-long","$v":{"few":[{"t":"idOrVar","v":"value"}," सप्ताह में"],"many":[{"t":"idOrVar","v":"value"}," सप्ताह में"],"one":"अगले सप्ताह","other":[{"t":"idOrVar","v":"value"}," सप्ताह में"],"two":[{"t":"idOrVar","v":"value"}," सप्ताह में"],"zero":"इस सप्ताह"},"$x":[{"t":"idOrVar","v":"plural"},"value"]},{"$i":"months-until-long","$v":{"few":[{"t":"idOrVar","v":"value"}," महीनो में"],"many":[{"t":"idOrVar","v":"value"}," महीनो में"],"one":"अगले महीने","other":[{"t":"idOrVar","v":"value"}," महीनो में"],"two":[{"t":"idOrVar","v":"value"}," महीनो में"],"zero":"इस महीने"},"$x":[{"t":"idOrVar","v":"plural"},"value"]},{"$i":"years-until-long","$v":{"few":[{"t":"idOrVar","v":"value"}," वर्षों में"],"many":[{"t":"idOrVar","v":"value"}," वर्षों में"],"one":"अगले वर्ष","other":[{"t":"idOrVar","v":"value"}," वर्षों में"],"two":[{"t":"idOrVar","v":"value"}," वर्षों में"],"zero":"इस वर्ष"},"$x":[{"t":"idOrVar","v":"plural"},"value"]},{"$i":"minutes-ago-short","$v":{"other":[{"t":"idOrVar","v":"value"}," मिनट पहले"],"zero":"अभी"},"$x":[{"t":"idOrVar","v":"plural"},"value"]},{"$i":"hours-ago-short","$v":{"other":[{"t":"idOrVar","v":"value"}," घंटे पहले"],"zero":"अभी"},"$x":[{"t":"idOrVar","v":"plural"},"value"]},{"$i":"days-ago-short","$v":{"other":[{"t":"idOrVar","v":"value"}," दिनों पहले"],"zero":"आज"},"$x":[{"t":"idOrVar","v":"plural"},"value"]},{"$i":"minutes-until-short","$v":{"other":[{"t":"idOrVar","v":"value"},"मिनिट में"],"zero":"अभी"},"$x":[{"t":"idOrVar","v":"plural"},"value"]},{"$i":"hours-until-short","$v":{"other":[{"t":"idOrVar","v":"value"},"घंटे में"],"zero":"अभी"},"$x":[{"t":"idOrVar","v":"plural"},"value"]},{"$i":"days-until-short","$v":{"other":[{"t":"idOrVar","v":"value"},"दिन में"],"zero":"आज"},"$x":[{"t":"idOrVar","v":"plural"},"value"]},{"$i":"incorrectDate","$v":"(गलत दिनांक)"},{"$i":"dateTimeFormat_%c","$v":"%a %b %e %Y %I:%M:%S %p"},{"$i":"dateTimeFormat_%x","$v":"%m/%d/%Y"},{"$i":"dateTimeFormat_%X","$v":"%I:%M:%S %p"},{"$i":"shortTimeFormat","$v":"%I:%M %p"},{"$i":"shortTimeFormat12","$v":"%I:%M %p"},{"$i":"shortTimeFormat24","$v":"%H:%M"},{"$i":"shortDateTimeFormat","$v":"%x %I:%M %p"},{"$i":"weekStartsOnMonday","$v":"0.0"},{"$i":"firstDayOfTheWeek","$v":"0.0"},{"$i":"time_am","$v":"AM"},{"$i":"time_pm","$v":"PM"},{"$i":"softkey-options","$v":"विकल्प"}]