[{"$i":"back","$v":"Natrag"},{"$i":"save","$v":"Spremi"},{"$i":"cancel","$v":"Poništi"},{"$i":"next","$v":"Dalje"},{"$i":"hide","$v":"Sakrij"},{"$i":"confirm","$v":"Potvrdi"},{"$i":"done","$v":"Dovršeno"},{"$i":"events","$v":"Podsjetnici za događaje"},{"$i":"edit","$v":"Uredi"},{"$i":"allday-events","$v":"Podsjetnici na cjelodnevne događaje"},{"$i":"no-events","$v":"Nema događaja"},{"$i":"default","$v":"Zadano"},{"$i":"sync","$v":"Sinkroniziraj"},{"$i":"repeat","$v":"Ponovi"},{"$i":"never","$v":"Nikad"},{"$i":"every-day","$v":"Svakog dana"},{"$i":"every-week","$v":"Svaki tjedan"},{"$i":"every-2-weeks","$v":"Svaka 2 tjedna"},{"$i":"every-month","$v":"Svaki mjesec"},{"$i":"view-never","$v":"Ponovite: Nikada"},{"$i":"view-every-day","$v":"Ponovite: Dnevno"},{"$i":"view-every-week","$v":"Ponavljanje: Tjedno"},{"$i":"view-every-2-weeks","$v":"Ponavljanje: svaka dva tjedna"},{"$i":"view-every-month","$v":"Ponovite: Mjesečno"},{"$i":"repeat-event-header","$v":"Ovo je ponavljajući događaj."},{"$i":"delete-this-only","$v":"Izbrišite samo ovo"},{"$i":"delete-all","$v":"Izbriši sve"},{"$i":"event-edit-all","$v":"Uredi sve događaje"},{"$i":"event-edit-all-future","$v":"Uredi sve buduće događaje"},{"$i":"options","$v":"Opcije"},{"$i":"event-delete-all","$v":"Izbriši sve"},{"$i":"event-delete-all-future","$v":"Izbriši sve buduće događaje"},{"$i":"delete-account","$v":"Izbriši klijenta"},{"$i":"exchange-account","$v":"ActiveSync"},{"$i":"account-user-name","$v":"Korisničko ime"},{"$i":"incorrect-password-description","$v":"Prijava u poslužitelj nije uspjela. Unesite lozinku ponovno."},{"$i":"incorrect-password","$v":"Netočna lozinka, pokuš. pon."},{"$i":"account-duplicate","$v":"Račun već postoji. Sinkronizacija je uključena."},{"$i":"error-account","$v":"Poslužitelj nedostupa. Pokušajte ponovno kasnije."},{"$i":"error-access-denied","$v":"Došlo je do neočekivane pogreške, pokušajte ponovno kasnije."},{"$i":"error-time-out","$v":["Nije moguće uspostaviti vezu s poslužiteljem „",{"t":"idOrVar","v":"server"},"“. Moguće je da postoji problem s mrežom."]},{"$i":"caldav-account-exist","$v":"Taj račun već postoji."},{"$i":"save-password","$v":"Zaporka je spremljena."},{"$i":"account-login","$v":"Prijava na račun"},{"$i":"setting-up-account","$v":"Postavljanje računa"},{"$i":"setup-account-usedInfo","$v":"Taj će račun koristiti dolje navedene aplikacije. To možete promijeniti u odjeljku Postavke>Račun."},{"$i":"app-calendar","$v":"Kalendar"},{"$i":"show-today","$v":"Danas"},{"$i":"show-month-view","$v":"Mjesec"},{"$i":"show-week-view","$v":"Tj."},{"$i":"show-day-view","$v":"Dan"},{"$i":"settings-show","$v":"Postavke"},{"$i":"settings-hide","$v":"Sakrij postavke"},{"$i":"add-account","$v":"Dodavanje računa"},{"$i":"new-event","$v":"Dodaj događaj"},{"$i":"view-event-header","$v":"Detalji događaja"},{"$i":"new-event-header","$v":"Dodavanje događaja"},{"$i":"edit-event-header","$v":"Uređivanje događaj"},{"$i":"account-header","$v":"Račun"},{"$i":"account-list-header","$v":"Računi"},{"$i":"advanced-settings-short-icon-button","ariaLabel":"Postavke"},{"$i":"advanced-settings-header","$v":"Postavke kalendara"},{"$i":"advanced-settings-personalization","$v":"Ažuriranje frekvencije"},{"$i":"advanced-settings-reminders","$v":"Podsjetnik"},{"$i":"advanced-settings-add-account","$v":"Dodaj račun"},{"$i":"field-user","$v":"Korisničko ime"},{"$i":"field-password","$v":"Lozinka"},{"$i":"show-password","$v":"Prikaži lozinku"},{"$i":"field-full-url","$v":"URL"},{"$i":"modify-account-setting-up","$v":"Priček. post. računa"},{"$i":"modify-account-unable-to-sync","$v":"Sinkroniziranje nije moguće"},{"$i":"modify-account-sign-in","$v":"Prijava"},{"$i":"kai-caldav","$v":"CalDav"},{"$i":"kai-yahoo","$v":"Yahoo!"},{"$i":"kai-google","$v":"Google"},{"$i":"preset-mozilla","$v":"Mozilla Zimbra"},{"$i":"calendar-local","$v":"Kalendar na telefonu"},{"$i":"event-title","$v":"Naslov"},{"$i":"event-location","$v":"Lokacija"},{"$i":"event-description","$v":"Bilješke"},{"$i":"event-is-allday","$v":"Cjelodnevni događaj"},{"$i":"event-start-date","$v":"Datum početka"},{"$i":"event-end-date","$v":"Datum završetka"},{"$i":"event-start-time","$v":"Vrijeme početka"},{"$i":"event-end-time","$v":"Vrijeme završetka"},{"$i":"event-delete","$v":"Izbriši događaj"},{"$i":"event-is-deleting","$v":"Brisanje…"},{"$i":"remove-account-data","$v":"Ukloni račun za kalendar"},{"$i":"remove-account-dialog","$v":"Ukloni račun"},{"$i":"remove-account-dialog-details","$v":["Ukloniti \"",{"t":"idOrVar","v":"email"},"\" s uređaja?"]},{"$i":"remove","$v":"Ukloni"},{"$i":"drawer-sync-icon-button","ariaLabel":"Sinkroniziraj"},{"$i":"sync-progress-syncing","ariaValueText":"Sinkroniziranje"},{"$i":"sync-progress-complete","ariaValueText":"Sinkronizacija dovršena"},{"$i":"sync-frequency","$v":"Sinkroniziraj kalendar"},{"$i":"sync-frequency-15min","$v":"Svakih 15 minuta"},{"$i":"sync-frequency-30min","$v":"Svakih 30 minuta"},{"$i":"sync-frequency-manual","$v":"Ručno"},{"$i":"from","$v":"Od"},{"$i":"to","$v":"Prim."},{"$i":"one-day-duration-title","$v":[{"t":"idOrVar","v":"startDate"}]},{"$i":"one-day-duration-content","$v":[{"t":"idOrVar","v":"startTime"}," do ",{"t":"idOrVar","v":"endTime"}]},{"$i":"multiple-day-duration-title","$v":[{"t":"idOrVar","v":"startTime"}," ",{"t":"idOrVar","v":"startDate"}]},{"$i":"multiple-day-duration-content","$v":[{"t":"idOrVar","v":"endTime"}," ",{"t":"idOrVar","v":"endDate"}]},{"$i":"one-all-day-duration-title","$v":[{"t":"idOrVar","v":"startDate"}]},{"$i":"all-day-duration-content","$v":"Cjelod. događaj"},{"$i":"multiple-all-day-duration-title","$v":["Od ",{"t":"idOrVar","v":"startDate"}]},{"$i":"multiple-all-day-duration-content","$v":["Do ",{"t":"idOrVar","v":"endDate"}]},{"$i":"none","$v":"Ništa"},{"$i":"reminder","$v":"Podsjetnik za događaj"},{"$i":"remind-me","$v":"Podsjeti me"},{"$i":"alarm-at-event-standard","$v":"Vrijeme događaja"},{"$i":"alarm-at-event-allday","$v":"Na dan događaja"},{"$i":"alarm-at-event-allday-hour12","$v":"Na dan događaja (9:00)"},{"$i":"alarm-at-event-allday-hour24","$v":"Na dan događaja (9:00)"},{"$i":"alarm-start-notice","$v":[{"t":"idOrVar","v":"title"}," pokreće ",{"t":"idOrVar","v":"distance"}]},{"$i":"alarm-started-notice","$v":[{"t":"idOrVar","v":"title"}," pokrenut ",{"t":"idOrVar","v":"distance"}]},{"$i":"alarm-start-notice-two-days","$v":[{"t":"idOrVar","v":"title"}," pokreće se za dva dana"]},{"$i":"alarm-start-notice-few-days","$v":[{"t":"idOrVar","v":"title"}," pokreće se: ",{"t":"idOrVar","v":"distance"}]},{"$i":"days-before-hour12","$v":{"few":[{"t":"idOrVar","v":"value"}," dana prije (9:00)"],"many":[{"t":"idOrVar","v":"value"}," dana prije (9:00)"],"one":"1 dan prije (9:00)","other":[{"t":"idOrVar","v":"value"}," dana prije (9:00)"],"two":[{"t":"idOrVar","v":"value"}," dana prije (9:00)"],"zero":"0 dana prije (9:00)"},"$x":[{"t":"idOrVar","v":"plural"},"value"]},{"$i":"weeks-before-hour12","$v":{"few":[{"t":"idOrVar","v":"value"}," tjedana prije (9:00)"],"many":[{"t":"idOrVar","v":"value"}," tjedana prije (9:00)"],"one":"1 tjedan prije (9:00 AM)","other":[{"t":"idOrVar","v":"value"}," tjedana prije (9:00)"],"two":[{"t":"idOrVar","v":"value"}," tjedana prije (9:00)"],"zero":"0 tjedana prije (9:00 AM)"},"$x":[{"t":"idOrVar","v":"plural"},"value"]},{"$i":"days-before-hour24","$v":{"few":[{"t":"idOrVar","v":"value"}," dana prije (9:00)"],"many":[{"t":"idOrVar","v":"value"}," dana prije (9:00)"],"one":"1 dan prije (9:00)","other":[{"t":"idOrVar","v":"value"}," dana prije (9:00)"],"two":[{"t":"idOrVar","v":"value"}," dana prije (9:00)"],"zero":"0 dana prije (9:00)"},"$x":[{"t":"idOrVar","v":"plural"},"value"]},{"$i":"weeks-before-hour24","$v":{"few":[{"t":"idOrVar","v":"value"}," tjedana prije (9:00)"],"many":[{"t":"idOrVar","v":"value"}," tjedana prije (9:00)"],"one":"1 tjedan prije (9:00 AM)","other":[{"t":"idOrVar","v":"value"}," tjedana prije (9:00)"],"two":[{"t":"idOrVar","v":"value"}," tjedana prije (9:00)"],"zero":"0 tjedana prije (9:00 AM)"},"$x":[{"t":"idOrVar","v":"plural"},"value"]},{"$i":"minutes-before","$v":{"few":[{"t":"idOrVar","v":"value"}," min prije"],"many":[{"t":"idOrVar","v":"value"}," min prije"],"one":"1 minuta prije","other":[{"t":"idOrVar","v":"value"}," min prije"],"two":[{"t":"idOrVar","v":"value"}," min prije"],"zero":"0 min prije"},"$x":[{"t":"idOrVar","v":"plural"},"value"]},{"$i":"hours-before","$v":{"few":[{"t":"idOrVar","v":"value"}," h prije"],"many":[{"t":"idOrVar","v":"value"}," h prije"],"one":"1 h prije","other":[{"t":"idOrVar","v":"value"}," h prije"],"two":[{"t":"idOrVar","v":"value"}," h prije"],"zero":"0 h poslije"},"$x":[{"t":"idOrVar","v":"plural"},"value"]},{"$i":"days-before","$v":{"few":[{"t":"idOrVar","v":"value"}," dana prije"],"many":[{"t":"idOrVar","v":"value"}," dana prije"],"one":"1 dan prije","other":[{"t":"idOrVar","v":"value"}," dana prije"],"two":[{"t":"idOrVar","v":"value"}," dana prije"],"zero":"0 dana prije"},"$x":[{"t":"idOrVar","v":"plural"},"value"]},{"$i":"weeks-before","$v":{"few":[{"t":"idOrVar","v":"value"}," tjed(a)na prije"],"many":[{"t":"idOrVar","v":"value"}," tjed(a)na prije"],"one":"1 tjedan prije","other":[{"t":"idOrVar","v":"value"}," tjed(a)na prije"],"two":[{"t":"idOrVar","v":"value"}," tjed(a)na prije"],"zero":"0 tjedana prije"},"$x":[{"t":"idOrVar","v":"plural"},"value"]},{"$i":"months-before","$v":{"few":[{"t":"idOrVar","v":"value"}," mjeseci(a) prije"],"many":[{"t":"idOrVar","v":"value"}," mjeseci(a) prije"],"one":"1 mjesec prije","other":[{"t":"idOrVar","v":"value"}," mjeseci(a) prije"],"two":[{"t":"idOrVar","v":"value"}," mjeseci(a) prije"],"zero":"0 mjeseci prije"},"$x":[{"t":"idOrVar","v":"plural"},"value"]},{"$i":"years-before","$v":{"few":[{"t":"idOrVar","v":"value"}," godina prije"],"many":[{"t":"idOrVar","v":"value"}," godina prije"],"one":"1 godinu prije","other":[{"t":"idOrVar","v":"value"}," godina prije"],"two":[{"t":"idOrVar","v":"value"}," godina prije"],"zero":"0 godina prije"},"$x":[{"t":"idOrVar","v":"plural"},"value"]},{"$i":"minutes-after","$v":{"few":[{"t":"idOrVar","v":"value"}," min poslije"],"many":[{"t":"idOrVar","v":"value"}," min poslije"],"one":"1 minuta poslije","other":[{"t":"idOrVar","v":"value"}," min poslije"],"two":[{"t":"idOrVar","v":"value"}," min poslije"],"zero":"0 min poslije"},"$x":[{"t":"idOrVar","v":"plural"},"value"]},{"$i":"hours-after","$v":{"few":[{"t":"idOrVar","v":"value"}," h poslije"],"many":[{"t":"idOrVar","v":"value"}," h poslije"],"one":"1 h poslije","other":[{"t":"idOrVar","v":"value"}," h poslije"],"two":[{"t":"idOrVar","v":"value"}," h poslije"],"zero":"0 h poslije"},"$x":[{"t":"idOrVar","v":"plural"},"value"]},{"$i":"days-after","$v":{"few":["Nakon ",{"t":"idOrVar","v":"value"}," dana"],"many":["Nakon ",{"t":"idOrVar","v":"value"}," dana"],"one":"1 dan poslije","other":["Nakon ",{"t":"idOrVar","v":"value"}," dana"],"two":["Nakon ",{"t":"idOrVar","v":"value"}," dana"],"zero":"0 dana poslije"},"$x":[{"t":"idOrVar","v":"plural"},"value"]},{"$i":"weeks-after","$v":{"few":[{"t":"idOrVar","v":"value"}," tjed(a)na poslije"],"many":[{"t":"idOrVar","v":"value"}," tjed(a)na poslije"],"one":"1 tjedan poslije","other":[{"t":"idOrVar","v":"value"}," tjed(a)na poslije"],"two":[{"t":"idOrVar","v":"value"}," tjed(a)na poslije"],"zero":"0 tjedana poslije"},"$x":[{"t":"idOrVar","v":"plural"},"value"]},{"$i":"months-after","$v":{"few":[{"t":"idOrVar","v":"value"}," mjeseci(a) poslije"],"many":[{"t":"idOrVar","v":"value"}," mjeseci(a) poslije"],"one":"1 mjesec poslije","other":[{"t":"idOrVar","v":"value"}," mjeseci(a) poslije"],"two":[{"t":"idOrVar","v":"value"}," mjeseci(a) poslije"],"zero":"0 mjeseci poslije"},"$x":[{"t":"idOrVar","v":"plural"},"value"]},{"$i":"years-after","$v":{"few":[{"t":"idOrVar","v":"value"}," godina(a) poslije"],"many":[{"t":"idOrVar","v":"value"}," godina(a) poslije"],"one":"1 godinu poslije","other":[{"t":"idOrVar","v":"value"}," godina(a) poslije"],"two":[{"t":"idOrVar","v":"value"}," godina(a) poslije"],"zero":"0 godina poslije"},"$x":[{"t":"idOrVar","v":"plural"},"value"]},{"$i":"hour-format12","$v":"%I %p"},{"$i":"hour-format24","$v":"%H"},{"$i":"week-hour-format12","$v":"%I %p"},{"$i":"week-hour-format24","$v":"%H"},{"$i":"hour-allday","$v":"Cijeli dan"},{"$i":"kai-week-day","$v":"%a\\n%e"},{"$i":"current-time12","$v":"%I:%M"},{"$i":"current-time24","$v":"%H:%M"},{"$i":"multi-month-view-header-format","$v":"%B %Y"},{"$i":"day-view-header-format","$v":"%A, %B %e"},{"$i":"months-day-view-header-format","$v":"%A, %B %e"},{"$i":"months-day-view-header-format-small","$v":{"$o":"%a <br/> %b, %e"}},{"$i":"week-view-header-format","$v":["Tjedan ",{"t":"idOrVar","v":"value"},", %B %Y"]},{"$i":"longDateFormat","$v":"%a, %B %d, %Y"},{"$i":"longTimeFormat","$v":"%A %B %d"},{"$i":"longTimeFormat12","$v":"%A %B %d %I %p"},{"$i":"longTimeFormat24","$v":"%A %B %d %H sati"},{"$i":"weekTimeFormat12","$v":"%I %p"},{"$i":"weekTimeFormat24","$v":"%H sati"},{"$i":"weekDayFormat","$v":"%A %d"},{"$i":"alldayLongTimeFormat","$v":"%A %B %d cijeli dan"},{"$i":"dayHour12","$v":"%I %p"},{"$i":"dayHour24","$v":"%H sati"},{"$i":"longDateTime12","$v":"%I %p, %a, %d %b, %Y"},{"$i":"longDateTime24","$v":"%H, %a, %d %b, %Y"},{"$i":"upcoming-events","$v":"Predstojeći događaji"},{"$i":"search-results","$v":"Rezultati pretraživanja"},{"$i":"no-event-found","$v":"Nije pronađen nijedan događaj"},{"$i":"longDateTimeNew12","$v":"%a, %B %e, %Y, %I:%M %p"},{"$i":"longDateTimeNew24","$v":"%a, %B %e, %Y, %H:%M"},{"$i":"error-start-date-after-end-date","$v":"Događaj ne može završiti prije svojeg datuma početka."},{"$i":"error-start-time-after-end-time","$v":"Događaj ne može završiti prije svojeg datuma početka."},{"$i":"error-unauthenticated","$v":"Netočno korisn ime ili loz.; pokuš. pon."},{"$i":"error-internal-server-error","$v":"Pogreška poslužitelja, pokušajte ponovno."},{"$i":"error-unkown","$v":"Poslužitelj je nedostupan. Pokušajte ponovno kasnije."},{"$i":"error-default","$v":"Nešto nije u redu. Pok. pon. poslije."},{"$i":"error-offline","$v":"Povezivanje s internetom nije moguće. Za pristup internetu možete koristiti Wi-Fi ili mobilne podatke."},{"$i":"error-account-exist","$v":"Taj račun već postoji."},{"$i":"error-confirmation-title","$v":"Pogreška"},{"$i":"error-edit-online-event","$v":"Nije uspjelo uređivanje internetskog događaja jer nema internetske veze."},{"$i":"error-delete-online-event","$v":"Nije uspjelo brisanje internetskog događaja jer nema internetske veze."},{"$i":"notification-error-sync-title","$v":"Pogreška sink. kalendara"},{"$i":"notification-error-sync-description","$v":"Dodir. za dodat. info."},{"$i":"notification-error-caldav-sync-title","$v":"Pogreška računa"},{"$i":"notification-error-caldav-sync-description","$v":"Ponovna prijava"},{"$i":"weekday-0-single-char","$v":"N","ariaLabel":"Nedjelja"},{"$i":"weekday-1-single-char","$v":"P","ariaLabel":"Ponedjeljak"},{"$i":"weekday-2-single-char","$v":"U","ariaLabel":"Utorak"},{"$i":"weekday-3-single-char","$v":"S","ariaLabel":"Srijeda"},{"$i":"weekday-4-single-char","$v":"Č","ariaLabel":"Četvrtak"},{"$i":"weekday-5-single-char","$v":"P","ariaLabel":"Petak"},{"$i":"weekday-6-single-char","$v":"S","ariaLabel":"Subota"},{"$i":"busy","$v":{"few":[{"t":"idOrVar","v":"n"}," događaja"],"many":[{"t":"idOrVar","v":"n"}," događaja"],"one":[{"t":"idOrVar","v":"n"}," događaj"],"other":[{"t":"idOrVar","v":"n"}," događaja"],"two":[{"t":"idOrVar","v":"n"}," događaja"],"zero":"Nema događaja"},"$x":[{"t":"idOrVar","v":"plural"},"n"]},{"$i":"present","ariaLabel":"Danas"},{"$i":"past-other-month-description","ariaLabel":"Drugi mjesec"},{"$i":"future-other-month-description","ariaLabel":"Drugi mjesec"},{"$i":"icon-calendar-alarm","ariaLabel":"Ima alarm"},{"$i":"calendars","ariaLabel":"Kalendari"},{"$i":"multi-day-new-event-link","ariaLabel":"Dodaj događaj"},{"$i":"title","ariaLabel":"Naslov"},{"$i":"location","ariaLabel":"Lokacija"},{"$i":"duration","ariaLabel":"Trajanje"},{"$i":"calendar","ariaLabel":"Kalendar"},{"$i":"alarms","ariaLabel":"Alarmi"},{"$i":"description","ariaLabel":"Opis"},{"$i":"start-date","ariaLabel":"Datum početka"},{"$i":"start-time","ariaLabel":"Vrijeme početka"},{"$i":"end-date","ariaLabel":"Datum završetka"},{"$i":"end-time","ariaLabel":"Vrijeme završetka"},{"$i":"during-progress-loading","ariaValueText":"Učitavanje"},{"$i":"all-day","ariaLabel":"Cijeli dan"},{"$i":"create-event","ariaLabel":"Izradi događaj"},{"$i":"create-all-day-event","ariaLabel":"Izr. cjelodn. dog."},{"$i":"event-one-day-duration","ariaLabel":["Od ",{"t":"idOrVar","v":"startTime"}," do ",{"t":"idOrVar","v":"endTime"}]},{"$i":"week-event-one-day-duration","ariaLabel":[{"t":"idOrVar","v":"startDate"}," od ",{"t":"idOrVar","v":"startTime"}," do ",{"t":"idOrVar","v":"endTime"}]},{"$i":"event-multiple-day-duration","ariaLabel":["Od ",{"t":"idOrVar","v":"startDate"}," u ",{"t":"idOrVar","v":"startTime"}," do ",{"t":"idOrVar","v":"endDate"}," u ",{"t":"idOrVar","v":"endTime"}]},{"$i":"kai-event-added","$v":"Dodan je događaj"},{"$i":"kai-event-updated","$v":"Događaj je ažuriran"},{"$i":"kai-event-deleted","$v":"Događaj je izbrisan"},{"$i":"kai-change-save","$v":"Promjene spremljene"},{"$i":"event-sync-failure","$v":"Sinkroniziranje nije moguće"},{"$i":"kai-event-calendar","$v":"Kalendar"},{"$i":"kai-single-event","$v":"događaj"},{"$i":"kai-event-count","$v":"događaji"},{"$i":"kai-sync-progress-syncing","$v":"Sinkroniziranje"},{"$i":"kai-sync-progress-complete","$v":"Kalendar je ažuran."},{"$i":"kai-settings-sounds","$v":"Zvuci"},{"$i":"kai-tones","$v":"Tonovi"},{"$i":"kai-multi-events","$v":"Događaji"},{"$i":"kai-confirmation-title","$v":"Potvrda"},{"$i":"kai-delete-selectedEvent-confirmation","$v":"Želite li izbrisati odabrani događaj?"},{"$i":"kai-deleteEvent-confirmation","$v":"Želite li izbrisati događaj?"},{"$i":"kai-event-search-header","$v":"Traži","placeholder":"Traži"},{"$i":"kai-event-search-upcoming-events","$v":"Predstojeći događaji"},{"$i":"kai-delete","$v":"Izbriši"},{"$i":"kai-cancel","$v":"Poništi"},{"$i":"kai-dialog-delete-sel","$v":"Jeste li sigurni da želite izbrisati odabrani događaj?"},{"$i":"kai-delete-title","$v":"Brisanje događaja"},{"$i":"kai-save-changes","$v":"Spremiti promjene?"},{"$i":"kai-save-message-back","$v":"Svi će uneseni podaci biti izgubljeni. Želite li spremiti promjene?"},{"$i":"kai-save-message-close","$v":"Aplikacija će se zatvoriti, a podaci će se izgubiti.  Želite li spremiti promjene?"},{"$i":"yes","$v":"Da"},{"$i":"no","$v":"Ne"},{"$i":"confirmation","$v":"Potvrda"},{"$i":"ok","$v":"U redu"},{"$i":"delete-event","$v":"Želite li izbrisati odabrani događaj?"},{"$i":"edit-event-no-net","$v":"Uređivanje internetskog događaja nije uspjelo jer nema internetske veze."},{"$i":"kai-settings-header","$v":"Kalendar za prikaz"},{"$i":"kai-syncing","$v":"Sinkroniziranje..."},{"$i":"kai-syncing-header","$v":"Sinkronizacija računa"},{"$i":"select","$v":"Odaberi"},{"$i":"add-event","$v":"Dod. događaja"},{"$i":"week-view","$v":"Tjedni prikaz"},{"$i":"day-view","$v":"Prikaz dana"},{"$i":"month-view","$v":"Mjesečni prikaz"},{"$i":"today","$v":"Danas"},{"$i":"go","$v":"Idi na datum"},{"$i":"search","$v":"Traži"},{"$i":"calendar-to-display","$v":"Kalendar za prikaz"},{"$i":"settings","$v":"Postavke"},{"$i":"delete","$v":"Izbriši"},{"$i":"enter","$v":"Unos"},{"$i":"sync-calendar","$v":"Sinkroniziraj kalendar"},{"$i":"lunar-calendar","$v":"Lunarni dan"},{"$i":"present-description","$v":["Danas, ",{"t":"idOrVar","v":"weekday"},", ",{"t":"idOrVar","v":"date"},"."]},{"$i":"day-description","$v":[{"t":"idOrVar","v":"date"},". ",{"t":"idOrVar","v":"weekday"},"."]},{"$i":"weekday-5","$v":"Petak"},{"$i":"weekday-4","$v":"Četvrtak"},{"$i":"weekday-3","$v":"Srijeda"},{"$i":"weekday-2","$v":"Utorak"},{"$i":"weekday-1","$v":"Ponedjeljak"},{"$i":"weekday-0","$v":"Nedjelja"},{"$i":"weekday-6","$v":"Subota"},{"$i":"no-title","$v":"(nema naslova)"},{"$i":"weekday-0-long","$v":"Nedjelja"},{"$i":"weekday-1-long","$v":"Ponedjeljak"},{"$i":"weekday-2-long","$v":"Utorak"},{"$i":"weekday-3-long","$v":"Srijeda"},{"$i":"weekday-4-long","$v":"Četvrtak"},{"$i":"weekday-5-long","$v":"Petak"},{"$i":"weekday-6-long","$v":"Subota"},{"$i":"weekday-0-short","$v":"Ned"},{"$i":"weekday-1-short","$v":"Pon"},{"$i":"weekday-2-short","$v":"Uto"},{"$i":"weekday-3-short","$v":"Sri"},{"$i":"weekday-4-short","$v":"Čet"},{"$i":"weekday-5-short","$v":"Pet"},{"$i":"weekday-6-short","$v":"Sub"},{"$i":"month-0-long","$v":"Siječanj"},{"$i":"month-1-long","$v":"Veljača"},{"$i":"month-2-long","$v":"Ožujak"},{"$i":"month-3-long","$v":"Travanj"},{"$i":"month-4-long","$v":"Svibanj"},{"$i":"month-5-long","$v":"Lipanj"},{"$i":"month-6-long","$v":"Srpanj"},{"$i":"month-7-long","$v":"Kolovoz"},{"$i":"month-8-long","$v":"Rujan"},{"$i":"month-9-long","$v":"Listopad"},{"$i":"month-10-long","$v":"Studeni"},{"$i":"month-11-long","$v":"Prosinac"},{"$i":"month-0-genitive","$v":"Siječanj"},{"$i":"month-1-genitive","$v":"Veljača"},{"$i":"month-2-genitive","$v":"Ožujak"},{"$i":"month-3-genitive","$v":"Travanj"},{"$i":"month-4-genitive","$v":"Svibanj"},{"$i":"month-5-genitive","$v":"Lipanj"},{"$i":"month-6-genitive","$v":"Srpanj"},{"$i":"month-7-genitive","$v":"Kolovoz"},{"$i":"month-8-genitive","$v":"Rujan"},{"$i":"month-9-genitive","$v":"Listopad"},{"$i":"month-10-genitive","$v":"Studeni"},{"$i":"month-11-genitive","$v":"Prosinac"},{"$i":"month-0-short","$v":"SIJEC."},{"$i":"month-1-short","$v":"VELJ."},{"$i":"month-2-short","$v":"OZUJ."},{"$i":"month-3-short","$v":"TRAV."},{"$i":"month-4-short","$v":"SVIB."},{"$i":"month-5-short","$v":"LIP."},{"$i":"month-6-short","$v":"SRP."},{"$i":"month-7-short","$v":"KOL."},{"$i":"month-8-short","$v":"RUJ."},{"$i":"month-9-short","$v":"LIST."},{"$i":"month-10-short","$v":"STUD."},{"$i":"month-11-short","$v":"PROS."},{"$i":"minutes-ago-long","$v":{"few":["Prije ",{"t":"idOrVar","v":"value"}," min"],"many":["Prije ",{"t":"idOrVar","v":"value"}," min"],"one":"prije 1 min","other":["Prije ",{"t":"idOrVar","v":"value"}," min"],"two":["Prije ",{"t":"idOrVar","v":"value"}," min"],"zero":"upravo sad"},"$x":[{"t":"idOrVar","v":"plural"},"value"]},{"$i":"hours-ago-long","$v":{"few":["Prije ",{"t":"idOrVar","v":"value"}," h"],"many":["Prije ",{"t":"idOrVar","v":"value"}," h"],"one":"prije jednog sata","other":["Prije ",{"t":"idOrVar","v":"value"}," h"],"two":["Prije ",{"t":"idOrVar","v":"value"}," h"],"zero":"upravo sad"},"$x":[{"t":"idOrVar","v":"plural"},"value"]},{"$i":"days-ago-long","$v":{"few":["Prije ",{"t":"idOrVar","v":"value"}," dana"],"many":["Prije ",{"t":"idOrVar","v":"value"}," dana"],"one":"jučer","other":["Prije ",{"t":"idOrVar","v":"value"}," dana"],"two":["Prije ",{"t":"idOrVar","v":"value"}," dana"],"zero":"danas"},"$x":[{"t":"idOrVar","v":"plural"},"value"]},{"$i":"weeks-ago-long","$v":{"few":["Prije ",{"t":"idOrVar","v":"value"}," tjed(a)na"],"many":["Prije ",{"t":"idOrVar","v":"value"}," tjed(a)na"],"one":"prošli tjedan","other":["Prije ",{"t":"idOrVar","v":"value"}," tjed(a)na"],"two":["Prije ",{"t":"idOrVar","v":"value"}," tjed(a)na"],"zero":"ovaj tjedan"},"$x":[{"t":"idOrVar","v":"plural"},"value"]},{"$i":"months-ago-long","$v":{"few":["Prije ",{"t":"idOrVar","v":"value"}," mjeseci(a)"],"many":["Prije ",{"t":"idOrVar","v":"value"}," mjeseci(a)"],"one":"prošli mjesec","other":["Prije ",{"t":"idOrVar","v":"value"}," mjeseci(a)"],"two":["Prije ",{"t":"idOrVar","v":"value"}," mjeseci(a)"],"zero":"ovaj mjesec"},"$x":[{"t":"idOrVar","v":"plural"},"value"]},{"$i":"years-ago-long","$v":{"few":["Prije ",{"t":"idOrVar","v":"value"}," godina"],"many":["Prije ",{"t":"idOrVar","v":"value"}," godina"],"one":"prošle godine","other":["Prije ",{"t":"idOrVar","v":"value"}," godina"],"two":["Prije ",{"t":"idOrVar","v":"value"}," godina"],"zero":"ova godina"},"$x":[{"t":"idOrVar","v":"plural"},"value"]},{"$i":"minutes-until-long","$v":{"few":["za ",{"t":"idOrVar","v":"value"}," min"],"many":["za ",{"t":"idOrVar","v":"value"}," min"],"one":"za minutu","other":["za ",{"t":"idOrVar","v":"value"}," min"],"two":["za ",{"t":"idOrVar","v":"value"}," min"],"zero":"sada"},"$x":[{"t":"idOrVar","v":"plural"},"value"]},{"$i":"hours-until-long","$v":{"few":["za ",{"t":"idOrVar","v":"value"}," h"],"many":["za ",{"t":"idOrVar","v":"value"}," h"],"one":"za sat vremena","other":["za ",{"t":"idOrVar","v":"value"}," h"],"two":["za ",{"t":"idOrVar","v":"value"}," h"],"zero":"sada"},"$x":[{"t":"idOrVar","v":"plural"},"value"]},{"$i":"days-until-long","$v":{"few":["za ",{"t":"idOrVar","v":"value"}," dana"],"many":["za ",{"t":"idOrVar","v":"value"}," dana"],"one":"sutra","other":["za ",{"t":"idOrVar","v":"value"}," dana"],"two":["za ",{"t":"idOrVar","v":"value"}," dana"],"zero":"danas"},"$x":[{"t":"idOrVar","v":"plural"},"value"]},{"$i":"weeks-until-long","$v":{"few":["za ",{"t":"idOrVar","v":"value"}," tjed(a)na"],"many":["za ",{"t":"idOrVar","v":"value"}," tjed(a)na"],"one":"sljedećeg tjedna","other":["za ",{"t":"idOrVar","v":"value"}," tjed(a)na"],"two":["za ",{"t":"idOrVar","v":"value"}," tjed(a)na"],"zero":"ovaj tjedan"},"$x":[{"t":"idOrVar","v":"plural"},"value"]},{"$i":"months-until-long","$v":{"few":["za ",{"t":"idOrVar","v":"value"}," mjeseci(a)"],"many":["za ",{"t":"idOrVar","v":"value"}," mjeseci(a)"],"one":"sljedećeg mjeseca","other":["za ",{"t":"idOrVar","v":"value"}," mjeseci(a)"],"two":["za ",{"t":"idOrVar","v":"value"}," mjeseci(a)"],"zero":"ovaj mjesec"},"$x":[{"t":"idOrVar","v":"plural"},"value"]},{"$i":"years-until-long","$v":{"few":["za ",{"t":"idOrVar","v":"value"}," godina"],"many":["za ",{"t":"idOrVar","v":"value"}," godina"],"one":"sljedeće godine","other":["za ",{"t":"idOrVar","v":"value"}," godina"],"two":["za ",{"t":"idOrVar","v":"value"}," godina"],"zero":"ova godina"},"$x":[{"t":"idOrVar","v":"plural"},"value"]},{"$i":"minutes-ago-short","$v":{"other":["Prije ",{"t":"idOrVar","v":"value"}," min"],"zero":"upravo sad"},"$x":[{"t":"idOrVar","v":"plural"},"value"]},{"$i":"hours-ago-short","$v":{"other":["Prije ",{"t":"idOrVar","v":"value"}," h"],"zero":"upravo sad"},"$x":[{"t":"idOrVar","v":"plural"},"value"]},{"$i":"days-ago-short","$v":{"other":["Prije ",{"t":"idOrVar","v":"value"}," dana"],"zero":"danas"},"$x":[{"t":"idOrVar","v":"plural"},"value"]},{"$i":"minutes-until-short","$v":{"other":["za ",{"t":"idOrVar","v":"value"}," min"],"zero":"sada"},"$x":[{"t":"idOrVar","v":"plural"},"value"]},{"$i":"hours-until-short","$v":{"other":["za ",{"t":"idOrVar","v":"value"}," h"],"zero":"sada"},"$x":[{"t":"idOrVar","v":"plural"},"value"]},{"$i":"days-until-short","$v":{"other":["za ",{"t":"idOrVar","v":"value"}," d."],"zero":"danas"},"$x":[{"t":"idOrVar","v":"plural"},"value"]},{"$i":"incorrectDate","$v":"(netočan datum)"},{"$i":"dateTimeFormat_%c","$v":"%a %b %e %Y %I:%M:%S %p"},{"$i":"dateTimeFormat_%x","$v":"%m/%d/%Y"},{"$i":"dateTimeFormat_%X","$v":"%I:%M:%S %p"},{"$i":"shortTimeFormat","$v":"%x %I:%M %p"},{"$i":"shortTimeFormat12","$v":"%x %I:%M %p"},{"$i":"shortTimeFormat24","$v":"%H:%M"},{"$i":"shortDateTimeFormat","$v":"%x %I:%M %p"},{"$i":"weekStartsOnMonday","$v":"0.0"},{"$i":"firstDayOfTheWeek","$v":"1.0"},{"$i":"time_am","$v":"AM"},{"$i":"time_pm","$v":"PM"},{"$i":"softkey-options","$v":"Opcije"}]