[{"$i":"back","$v":"Vissza"},{"$i":"save","$v":"Mentés"},{"$i":"cancel","$v":"Mégse"},{"$i":"next","$v":"Következő"},{"$i":"hide","$v":"Elrejtés"},{"$i":"confirm","$v":"Megerősítés"},{"$i":"done","$v":"Kész"},{"$i":"events","$v":"Eseményemlékeztető"},{"$i":"edit","$v":"Szerkesztés"},{"$i":"allday-events","$v":"Egész napos események emlékeztető"},{"$i":"no-events","$v":"Nincsenek események"},{"$i":"default","$v":"Alapértelmezett"},{"$i":"sync","$v":"Szinkronizálás"},{"$i":"repeat","$v":"Ismétlés"},{"$i":"never","$v":"Soha"},{"$i":"every-day","$v":"Naponta"},{"$i":"every-week","$v":"Hetente"},{"$i":"every-2-weeks","$v":"2 hetente"},{"$i":"every-month","$v":"Havonta"},{"$i":"view-never","$v":"Ismétlés: Soha"},{"$i":"view-every-day","$v":"Ismétlés: Naponta"},{"$i":"view-every-week","$v":"Ismétlés: Hetente"},{"$i":"view-every-2-weeks","$v":"Ismétlés: Kéthetente"},{"$i":"view-every-month","$v":"Ismétlés: Havonta"},{"$i":"repeat-event-header","$v":"Ez egy ismétlődő esemény."},{"$i":"delete-this-only","$v":"Törölje csak ezt"},{"$i":"delete-all","$v":"Összes törlése"},{"$i":"event-edit-all","$v":"Összes esemény szerkesztése"},{"$i":"event-edit-all-future","$v":"Összes jövőbeni esemény szerkesztése"},{"$i":"options","$v":"Opciók"},{"$i":"event-delete-all","$v":"Összes törlése"},{"$i":"event-delete-all-future","$v":"Összes jövőbeni esemény törlése"},{"$i":"delete-account","$v":"Fiók törlése"},{"$i":"exchange-account","$v":"ActiveSync"},{"$i":"account-user-name","$v":"Felhasználónév"},{"$i":"incorrect-password-description","$v":"A szerverre való bejelentkezés sikertelen. Ellenőrizze a jelszava helyességét."},{"$i":"incorrect-password","$v":"Hibás jelszó. Próbálja meg újra."},{"$i":"account-duplicate","$v":"A fiók már létezik. A szinkronizálás be van kapcsolva."},{"$i":"error-account","$v":"A szerver nem elérhető. Próbálja újra később."},{"$i":"error-access-denied","$v":"Ismeretlen hiba történt. Próbálja újra később."},{"$i":"error-time-out","$v":["A(z) „",{"t":"idOrVar","v":"server"},"” szerverrel való kapcsolat létrehozása sikertelen. Előfordulhat, hogy probléma lépett fel a hálózattal."]},{"$i":"caldav-account-exist","$v":"A fiók már létezik."},{"$i":"save-password","$v":"Jelszó mentve."},{"$i":"account-login","$v":"Fiókba való bejelentkezés"},{"$i":"setting-up-account","$v":"Fiók beállítása..."},{"$i":"setup-account-usedInfo","$v":"A fiókot az alábbi alkalmazások fogják használni. Ezt később módosíthatja a Beállítások>Fiók menüpontban."},{"$i":"app-calendar","$v":"Naptár"},{"$i":"show-today","$v":"Ma"},{"$i":"show-month-view","$v":"Hónap"},{"$i":"show-week-view","$v":"Hét"},{"$i":"show-day-view","$v":"Nap"},{"$i":"settings-show","$v":"Beállítások"},{"$i":"settings-hide","$v":"Beállítások elrejtése"},{"$i":"add-account","$v":"Fiók hozzáadása"},{"$i":"new-event","$v":"Esemény hozzáadása"},{"$i":"view-event-header","$v":"Esemény részletei"},{"$i":"new-event-header","$v":"Esemény hozzáadása"},{"$i":"edit-event-header","$v":"Esemény szerkesztése"},{"$i":"account-header","$v":"Fiók"},{"$i":"account-list-header","$v":"Fiókok"},{"$i":"advanced-settings-short-icon-button","ariaLabel":"Beállítások"},{"$i":"advanced-settings-header","$v":"Naptárbeállítások"},{"$i":"advanced-settings-personalization","$v":"Frissítés gyakorisága"},{"$i":"advanced-settings-reminders","$v":"Emlékeztető"},{"$i":"advanced-settings-add-account","$v":"Fiók hozzáadása"},{"$i":"field-user","$v":"Felhasználónév"},{"$i":"field-password","$v":"Jelszó"},{"$i":"show-password","$v":"Jelszó megjelenítése"},{"$i":"field-full-url","$v":"URL-cím"},{"$i":"modify-account-setting-up","$v":"Kis türelmet, amíg a fiók beállítása megtörténik"},{"$i":"modify-account-unable-to-sync","$v":"Nem lehet szinkronizálni"},{"$i":"modify-account-sign-in","$v":"Bejelentkezés"},{"$i":"kai-caldav","$v":"CalDav"},{"$i":"kai-yahoo","$v":"Yahoo!"},{"$i":"kai-google","$v":"Google"},{"$i":"preset-mozilla","$v":"Mozilla Zimbra"},{"$i":"calendar-local","$v":"Telefon-naptár"},{"$i":"event-title","$v":"Cím"},{"$i":"event-location","$v":"Helyszín"},{"$i":"event-description","$v":"Jegyzetek"},{"$i":"event-is-allday","$v":"Egész napos esemény"},{"$i":"event-start-date","$v":"Kezdés dátuma"},{"$i":"event-end-date","$v":"Befejezés dátuma"},{"$i":"event-start-time","$v":"Kezdés időpontja"},{"$i":"event-end-time","$v":"Befejezés időpontja"},{"$i":"event-delete","$v":"Esemény törlése"},{"$i":"event-is-deleting","$v":"Törlés folyamatban…"},{"$i":"remove-account-data","$v":"Fiók eltávolítása"},{"$i":"remove-account-dialog","$v":"Fiók eltávolítása"},{"$i":"remove-account-dialog-details","$v":["Eltávolítja az \"",{"t":"idOrVar","v":"email"},"\" fiókot az eszközéről?"]},{"$i":"remove","$v":"Eltávolítás"},{"$i":"drawer-sync-icon-button","ariaLabel":"Szinkronizálás"},{"$i":"sync-progress-syncing","ariaValueText":"Szinkronizálás..."},{"$i":"sync-progress-complete","ariaValueText":"Szinkronizálás befejezve"},{"$i":"sync-frequency","$v":"Naptár szinkronizálása"},{"$i":"sync-frequency-15min","$v":"15 percenként"},{"$i":"sync-frequency-30min","$v":"30 percenként"},{"$i":"sync-frequency-manual","$v":"Manuálisan"},{"$i":"from","$v":"Feladó"},{"$i":"to","$v":"Címzett"},{"$i":"one-day-duration-title","$v":[{"t":"idOrVar","v":"startDate"}]},{"$i":"one-day-duration-content","$v":[{"t":"idOrVar","v":"startTime"}," - ",{"t":"idOrVar","v":"endTime"}]},{"$i":"multiple-day-duration-title","$v":[{"t":"idOrVar","v":"startTime"}," ",{"t":"idOrVar","v":"startDate"}]},{"$i":"multiple-day-duration-content","$v":[{"t":"idOrVar","v":"endTime"}," ",{"t":"idOrVar","v":"endDate"}]},{"$i":"one-all-day-duration-title","$v":[{"t":"idOrVar","v":"startDate"}]},{"$i":"all-day-duration-content","$v":"Egész napos esemény"},{"$i":"multiple-all-day-duration-title","$v":["Kezdési dátum: ",{"t":"idOrVar","v":"startDate"}]},{"$i":"multiple-all-day-duration-content","$v":["Eddig: ",{"t":"idOrVar","v":"endDate"}]},{"$i":"none","$v":"Nincs"},{"$i":"reminder","$v":"Eseményemlékeztető"},{"$i":"remind-me","$v":"Emlékeztessen"},{"$i":"alarm-at-event-standard","$v":"Az esemény kezdetekor"},{"$i":"alarm-at-event-allday","$v":"Az esemény napján"},{"$i":"alarm-at-event-allday-hour12","$v":"Az esemény napján (de. 9:00)"},{"$i":"alarm-at-event-allday-hour24","$v":"Az esemény napján (09:00)"},{"$i":"alarm-start-notice","$v":[{"t":"idOrVar","v":"title"}," ",{"t":"idOrVar","v":"distance"}," kezdődik"]},{"$i":"alarm-started-notice","$v":[{"t":"idOrVar","v":"title"}," ",{"t":"idOrVar","v":"distance"}," kezdődött"]},{"$i":"alarm-start-notice-two-days","$v":[{"t":"idOrVar","v":"title"}," két nap múlva kezdődik"]},{"$i":"alarm-start-notice-few-days","$v":[{"t":"idOrVar","v":"title"}," ",{"t":"idOrVar","v":"distance"}," múlva kezdődik"]},{"$i":"days-before-hour12","$v":{"few":[{"t":"idOrVar","v":"value"}," nappal korábban (de. 9:00)"],"many":[{"t":"idOrVar","v":"value"}," nappal korábban (de. 9:00)"],"one":"1 nappal korábban (de. 9:00)","other":[{"t":"idOrVar","v":"value"}," nappal korábban (de. 9:00)"],"two":[{"t":"idOrVar","v":"value"}," nappal korábban (de. 9:00)"],"zero":"0 nappal korábban (de. 9:00)"},"$x":[{"t":"idOrVar","v":"plural"},"value"]},{"$i":"weeks-before-hour12","$v":{"few":[{"t":"idOrVar","v":"value"}," héttel korábban (de. 9:00)"],"many":[{"t":"idOrVar","v":"value"}," héttel korábban (de. 9:00)"],"one":"1 héttel korábban (de. 9:00)","other":[{"t":"idOrVar","v":"value"}," héttel korábban (de. 9:00)"],"two":[{"t":"idOrVar","v":"value"}," héttel korábban (de. 9:00)"],"zero":"0 héttel korábban (de. 9:00)"},"$x":[{"t":"idOrVar","v":"plural"},"value"]},{"$i":"days-before-hour24","$v":{"few":[{"t":"idOrVar","v":"value"}," nappal korábban (09:00)"],"many":[{"t":"idOrVar","v":"value"}," nappal korábban (09:00)"],"one":"1 nappal korábban (09:00)","other":[{"t":"idOrVar","v":"value"}," nappal korábban (09:00)"],"two":[{"t":"idOrVar","v":"value"}," nappal korábban (09:00)"],"zero":"0 nappal korábban (09:00)"},"$x":[{"t":"idOrVar","v":"plural"},"value"]},{"$i":"weeks-before-hour24","$v":{"few":[{"t":"idOrVar","v":"value"}," héttel korábban (09:00)"],"many":[{"t":"idOrVar","v":"value"}," héttel korábban (09:00)"],"one":"1 héttel korábban (09:00)","other":[{"t":"idOrVar","v":"value"}," héttel korábban (09:00)"],"two":[{"t":"idOrVar","v":"value"}," héttel korábban (09:00)"],"zero":"0 héttel korábban (09:00)"},"$x":[{"t":"idOrVar","v":"plural"},"value"]},{"$i":"minutes-before","$v":{"few":[{"t":"idOrVar","v":"value"}," perccel előtte"],"many":[{"t":"idOrVar","v":"value"}," perccel előtte"],"one":"1 perccel előtte","other":[{"t":"idOrVar","v":"value"}," perccel előtte"],"two":[{"t":"idOrVar","v":"value"}," perccel előtte"],"zero":"0 perccel előtte"},"$x":[{"t":"idOrVar","v":"plural"},"value"]},{"$i":"hours-before","$v":{"few":[{"t":"idOrVar","v":"value"}," órával előtte"],"many":[{"t":"idOrVar","v":"value"}," órával előtte"],"one":"1 órával előtte","other":[{"t":"idOrVar","v":"value"}," órával előtte"],"two":[{"t":"idOrVar","v":"value"}," órával előtte"],"zero":"0 órával előtte"},"$x":[{"t":"idOrVar","v":"plural"},"value"]},{"$i":"days-before","$v":{"few":[{"t":"idOrVar","v":"value"}," nappal ezelőtt"],"many":[{"t":"idOrVar","v":"value"}," nappal ezelőtt"],"one":"1 nappal ezelőtt","other":[{"t":"idOrVar","v":"value"}," nappal ezelőtt"],"two":[{"t":"idOrVar","v":"value"}," nappal ezelőtt"],"zero":"0 nappal ezelőtt"},"$x":[{"t":"idOrVar","v":"plural"},"value"]},{"$i":"weeks-before","$v":{"few":[{"t":"idOrVar","v":"value"}," héttel előtte"],"many":[{"t":"idOrVar","v":"value"}," héttel előtte"],"one":"1 héttel előtte","other":[{"t":"idOrVar","v":"value"}," héttel előtte"],"two":[{"t":"idOrVar","v":"value"}," héttel előtte"],"zero":"0 héttel előtte"},"$x":[{"t":"idOrVar","v":"plural"},"value"]},{"$i":"months-before","$v":{"few":[{"t":"idOrVar","v":"value"}," hónappal előtte"],"many":[{"t":"idOrVar","v":"value"}," hónappal előtte"],"one":"1 hónappal előtte","other":[{"t":"idOrVar","v":"value"}," hónappal előtte"],"two":[{"t":"idOrVar","v":"value"}," hónappal előtte"],"zero":"0 hónappal előtte"},"$x":[{"t":"idOrVar","v":"plural"},"value"]},{"$i":"years-before","$v":{"few":[{"t":"idOrVar","v":"value"}," évvel előtte"],"many":[{"t":"idOrVar","v":"value"}," évvel előtte"],"one":"1 évvel előtte","other":[{"t":"idOrVar","v":"value"}," évvel előtte"],"two":[{"t":"idOrVar","v":"value"}," évvel előtte"],"zero":"0 évvel előtte"},"$x":[{"t":"idOrVar","v":"plural"},"value"]},{"$i":"minutes-after","$v":{"few":[{"t":"idOrVar","v":"value"}," perccel később"],"many":[{"t":"idOrVar","v":"value"}," perccel később"],"one":"1 perccel később","other":[{"t":"idOrVar","v":"value"}," perccel később"],"two":[{"t":"idOrVar","v":"value"}," perccel később"],"zero":"0 perccel később"},"$x":[{"t":"idOrVar","v":"plural"},"value"]},{"$i":"hours-after","$v":{"few":[{"t":"idOrVar","v":"value"}," órával később"],"many":[{"t":"idOrVar","v":"value"}," órával később"],"one":"1 órával később","other":[{"t":"idOrVar","v":"value"}," órával később"],"two":[{"t":"idOrVar","v":"value"}," órával később"],"zero":"0 órával később"},"$x":[{"t":"idOrVar","v":"plural"},"value"]},{"$i":"days-after","$v":{"few":[{"t":"idOrVar","v":"value"}," nappal később"],"many":[{"t":"idOrVar","v":"value"}," nappal később"],"one":"1 nappal később","other":[{"t":"idOrVar","v":"value"}," nappal később"],"two":[{"t":"idOrVar","v":"value"}," nappal később"],"zero":"0 nappal később"},"$x":[{"t":"idOrVar","v":"plural"},"value"]},{"$i":"weeks-after","$v":{"few":[{"t":"idOrVar","v":"value"}," héttel később"],"many":[{"t":"idOrVar","v":"value"}," héttel később"],"one":"1 héttel később","other":[{"t":"idOrVar","v":"value"}," héttel később"],"two":[{"t":"idOrVar","v":"value"}," héttel később"],"zero":"0 héttel később"},"$x":[{"t":"idOrVar","v":"plural"},"value"]},{"$i":"months-after","$v":{"few":[{"t":"idOrVar","v":"value"}," hónappal később"],"many":[{"t":"idOrVar","v":"value"}," hónappal később"],"one":"1 hónappal később","other":[{"t":"idOrVar","v":"value"}," hónappal később"],"two":[{"t":"idOrVar","v":"value"}," hónappal később"],"zero":"0 hónappal később"},"$x":[{"t":"idOrVar","v":"plural"},"value"]},{"$i":"years-after","$v":{"few":[{"t":"idOrVar","v":"value"}," évvel később"],"many":[{"t":"idOrVar","v":"value"}," évvel később"],"one":"1 évvel később","other":[{"t":"idOrVar","v":"value"}," évvel később"],"two":[{"t":"idOrVar","v":"value"}," évvel később"],"zero":"0 évvel később"},"$x":[{"t":"idOrVar","v":"plural"},"value"]},{"$i":"hour-format12","$v":"%I %p"},{"$i":"hour-format24","$v":"%H"},{"$i":"week-hour-format12","$v":"%I %p"},{"$i":"week-hour-format24","$v":"%H"},{"$i":"hour-allday","$v":"Egész nap"},{"$i":"kai-week-day","$v":"%a\\n%e"},{"$i":"current-time12","$v":"%I:%M"},{"$i":"current-time24","$v":"%H:%M"},{"$i":"multi-month-view-header-format","$v":"%B %Y"},{"$i":"day-view-header-format","$v":"%A, %B %e"},{"$i":"months-day-view-header-format","$v":"%A, %B %e"},{"$i":"months-day-view-header-format-small","$v":"%a  %b, %e"},{"$i":"week-view-header-format","$v":[{"t":"idOrVar","v":"value"},". hét, %B %Y"]},{"$i":"longDateFormat","$v":"%A, %B %d, %Y"},{"$i":"longTimeFormat","$v":"%A %B %d"},{"$i":"longTimeFormat12","$v":"%A %B %d %I %p"},{"$i":"longTimeFormat24","$v":"%A %B  %H óra"},{"$i":"weekTimeFormat12","$v":"%I %p"},{"$i":"weekTimeFormat24","$v":"%H óra"},{"$i":"weekDayFormat","$v":"%A a %d"},{"$i":"alldayLongTimeFormat","$v":"%A %B  egész nap"},{"$i":"dayHour12","$v":"%I %p"},{"$i":"dayHour24","$v":"%H óra"},{"$i":"longDateTime12","$v":"%I %p, %a, %d %b, %Y"},{"$i":"longDateTime24","$v":"%H, %a, %d %b, %Y"},{"$i":"upcoming-events","$v":"Közeledő események"},{"$i":"search-results","$v":"Keresési eredmények"},{"$i":"no-event-found","$v":"Nem találhatók események"},{"$i":"longDateTimeNew12","$v":"%a, %B %e, %Y, %I:%M %p"},{"$i":"longDateTimeNew24","$v":"%a, %B %e, %Y, %H:%M"},{"$i":"error-start-date-after-end-date","$v":"Az esemény nem fejeződhet be a kezdési dátuma előtt."},{"$i":"error-start-time-after-end-time","$v":"Az esemény nem fejeződhet be a kezdési időpontja előtt."},{"$i":"error-unauthenticated","$v":"Helytelen felhasználónév vagy jelszó, adja meg újra."},{"$i":"error-internal-server-error","$v":"Szerverhiba. Próbálja újra."},{"$i":"error-unkown","$v":"A szerver nem érhető el. Próbálja újra később."},{"$i":"error-default","$v":"Ismeretlen hiba. Próbálja meg később."},{"$i":"error-offline","$v":"Nem lehet kapcsolódni az internethez. Az internet eléréséhez használja a Wi-Fi vagy a mobil adatkapcsolatot."},{"$i":"error-account-exist","$v":"Ez a fiók már létezik."},{"$i":"error-confirmation-title","$v":"Hiba"},{"$i":"error-edit-online-event","$v":"Az internetes esemény szerkesztése sikertelen, mert nincs internetkapcsolat."},{"$i":"error-delete-online-event","$v":"Az internetes esemény törlése sikertelen, mert nincs internetkapcsolat."},{"$i":"notification-error-sync-title","$v":"Naptár-szinkronizálási hiba"},{"$i":"notification-error-sync-description","$v":"Érintse meg további információk megjelenítéséért"},{"$i":"notification-error-caldav-sync-title","$v":"Fiókhiba"},{"$i":"notification-error-caldav-sync-description","$v":"Jelentkezzen be ismét"},{"$i":"weekday-0-single-char","$v":"V","ariaLabel":"Vasárnap"},{"$i":"weekday-1-single-char","$v":"H","ariaLabel":"Hétfő"},{"$i":"weekday-2-single-char","$v":"K","ariaLabel":"Kedd"},{"$i":"weekday-3-single-char","$v":"SZE","ariaLabel":"Szerda"},{"$i":"weekday-4-single-char","$v":"CS","ariaLabel":"Csütörtök"},{"$i":"weekday-5-single-char","$v":"P","ariaLabel":"Péntek"},{"$i":"weekday-6-single-char","$v":"SZ","ariaLabel":"Szombat"},{"$i":"busy","$v":{"few":[{"t":"idOrVar","v":"n"}," esemény"],"many":[{"t":"idOrVar","v":"n"}," esemény"],"one":[{"t":"idOrVar","v":"n"}," esemény"],"other":[{"t":"idOrVar","v":"n"}," esemény"],"two":[{"t":"idOrVar","v":"n"}," esemény"],"zero":"Nincsenek események"},"$x":[{"t":"idOrVar","v":"plural"},"n"]},{"$i":"present","ariaLabel":"Ma"},{"$i":"past-other-month-description","ariaLabel":"Másik hónap"},{"$i":"future-other-month-description","ariaLabel":"Másik hónap"},{"$i":"icon-calendar-alarm","ariaLabel":"Rendelkezik riasztással"},{"$i":"calendars","ariaLabel":"Naptárak"},{"$i":"multi-day-new-event-link","ariaLabel":"Esemény hozzáadása"},{"$i":"title","ariaLabel":"Cím"},{"$i":"location","ariaLabel":"Helyszín"},{"$i":"duration","ariaLabel":"Időtartam"},{"$i":"calendar","ariaLabel":"Naptár"},{"$i":"alarms","ariaLabel":"Riasztások"},{"$i":"description","ariaLabel":"Leírás"},{"$i":"start-date","ariaLabel":"Kezdés dátuma"},{"$i":"start-time","ariaLabel":"Kezdés időpontja"},{"$i":"end-date","ariaLabel":"Befejezés dátuma"},{"$i":"end-time","ariaLabel":"Befejezés időpontja"},{"$i":"during-progress-loading","ariaValueText":"betöltés..."},{"$i":"all-day","ariaLabel":"Egész nap"},{"$i":"create-event","ariaLabel":"Esemény létrehozása"},{"$i":"create-all-day-event","ariaLabel":"Egész napos esemény létrehozása"},{"$i":"event-one-day-duration","ariaLabel":["ettől: ",{"t":"idOrVar","v":"startTime"}," eddig: ",{"t":"idOrVar","v":"endTime"}]},{"$i":"week-event-one-day-duration","ariaLabel":["Ettől: ",{"t":"idOrVar","v":"startDate"},", ",{"t":"idOrVar","v":"startTime"}," eddig: ",{"t":"idOrVar","v":"endTime"}]},{"$i":"event-multiple-day-duration","ariaLabel":["Ettől: ",{"t":"idOrVar","v":"startDate"}," ",{"t":"idOrVar","v":"startTime"}," eddig: ",{"t":"idOrVar","v":"endDate"}," ",{"t":"idOrVar","v":"endTime"}]},{"$i":"kai-event-added","$v":"Esemény hozzáadva."},{"$i":"kai-event-updated","$v":"Esemény frissítve."},{"$i":"kai-event-deleted","$v":"Esemény törölve."},{"$i":"kai-change-save","$v":"Módosítások elmentve"},{"$i":"event-sync-failure","$v":"Nem lehet szinkronizálni"},{"$i":"kai-event-calendar","$v":"Naptár"},{"$i":"kai-single-event","$v":"esemény"},{"$i":"kai-event-count","$v":"események"},{"$i":"kai-sync-progress-syncing","$v":"Szinkronizálás..."},{"$i":"kai-sync-progress-complete","$v":"A naptár naprakész."},{"$i":"kai-settings-sounds","$v":"Hangok"},{"$i":"kai-tones","$v":"Dallamok"},{"$i":"kai-multi-events","$v":"Események"},{"$i":"kai-confirmation-title","$v":"Megerősítés"},{"$i":"kai-delete-selectedEvent-confirmation","$v":"Törli a kiválasztott eseményt?"},{"$i":"kai-deleteEvent-confirmation","$v":"Törli az eseményt?"},{"$i":"kai-event-search-header","$v":"keresés","placeholder":"keresés"},{"$i":"kai-event-search-upcoming-events","$v":"Közeledő események"},{"$i":"kai-delete","$v":"Törlés"},{"$i":"kai-cancel","$v":"Mégse"},{"$i":"kai-dialog-delete-sel","$v":"Biztosan törölni kívánja a kiválasztott eseményt?"},{"$i":"kai-delete-title","$v":"Esemény törlése"},{"$i":"kai-save-changes","$v":"Elmenti a módosításokat?"},{"$i":"kai-save-message-back","$v":"Az összes megadott adat törlődik. Menteni kívánja a módosításokat?"},{"$i":"kai-save-message-close","$v":"Az alkalmazás adatvesztéssel kerül bezárásra. Menteni kívánja a módosításokat?"},{"$i":"yes","$v":"Igen"},{"$i":"no","$v":"Nem"},{"$i":"confirmation","$v":"Megerősítés"},{"$i":"ok","$v":"OK"},{"$i":"delete-event","$v":"Törli a kiválasztott eseményt?"},{"$i":"edit-event-no-net","$v":"Az internetes esemény szerkesztése sikertelen, mert nincs internetkapcsolat."},{"$i":"kai-settings-header","$v":"Megjelenítendő naptár"},{"$i":"kai-syncing","$v":"Szinkronizálás..."},{"$i":"kai-syncing-header","$v":"Fiók szinkronizálása"},{"$i":"select","$v":"Kiválasztás"},{"$i":"add-event","$v":"Hozzáadás"},{"$i":"week-view","$v":"Heti nézet"},{"$i":"day-view","$v":"Nap nézet"},{"$i":"month-view","$v":"Hónap nézet"},{"$i":"today","$v":"Ma"},{"$i":"go","$v":"Ugrás a dátumra"},{"$i":"search","$v":"keresés"},{"$i":"calendar-to-display","$v":"Megjelenítendő naptár"},{"$i":"settings","$v":"Beállítások"},{"$i":"delete","$v":"Törlés"},{"$i":"enter","$v":"Adja meg"},{"$i":"sync-calendar","$v":"Naptár szinkronizálása"},{"$i":"lunar-calendar","$v":"Holdnap"},{"$i":"present-description","$v":["Ma: ",{"t":"idOrVar","v":"date"},", ",{"t":"idOrVar","v":"weekday"},"."]},{"$i":"day-description","$v":[{"t":"idOrVar","v":"weekday"},"  ",{"t":"idOrVar","v":"date"},"."]},{"$i":"weekday-5","$v":"Péntek"},{"$i":"weekday-4","$v":"Csütörtök"},{"$i":"weekday-3","$v":"Szerda"},{"$i":"weekday-2","$v":"Kedd"},{"$i":"weekday-1","$v":"Hétfő"},{"$i":"weekday-0","$v":"Vasárnap"},{"$i":"weekday-6","$v":"Szombat"},{"$i":"no-title","$v":"(Nincs cím)"},{"$i":"weekday-0-long","$v":"Vasárnap"},{"$i":"weekday-1-long","$v":"Hétfő"},{"$i":"weekday-2-long","$v":"Kedd"},{"$i":"weekday-3-long","$v":"Szerda"},{"$i":"weekday-4-long","$v":"Csütörtök"},{"$i":"weekday-5-long","$v":"Péntek"},{"$i":"weekday-6-long","$v":"Szombat"},{"$i":"weekday-0-short","$v":"Vas"},{"$i":"weekday-1-short","$v":"Hé."},{"$i":"weekday-2-short","$v":"Ke."},{"$i":"weekday-3-short","$v":"Sze."},{"$i":"weekday-4-short","$v":"Csü."},{"$i":"weekday-5-short","$v":"Pé."},{"$i":"weekday-6-short","$v":"Szo."},{"$i":"month-0-long","$v":"JANUÁR"},{"$i":"month-1-long","$v":"FEBRUÁR"},{"$i":"month-2-long","$v":"MÁRCIUS"},{"$i":"month-3-long","$v":"ÁPRILIS"},{"$i":"month-4-long","$v":"MÁJUS"},{"$i":"month-5-long","$v":"JÚNIUS"},{"$i":"month-6-long","$v":"JÚLIUS"},{"$i":"month-7-long","$v":"AUGUSZTUS"},{"$i":"month-8-long","$v":"SZEPTEMBER"},{"$i":"month-9-long","$v":"OKTÓBER"},{"$i":"month-10-long","$v":"NOVEMBER"},{"$i":"month-11-long","$v":"DECEMBER"},{"$i":"month-0-genitive","$v":"JANUÁR"},{"$i":"month-1-genitive","$v":"FEBRUÁR"},{"$i":"month-2-genitive","$v":"MÁRCIUS"},{"$i":"month-3-genitive","$v":"ÁPRILIS"},{"$i":"month-4-genitive","$v":"MÁJUS"},{"$i":"month-5-genitive","$v":"JÚNIUS"},{"$i":"month-6-genitive","$v":"JÚLIUS"},{"$i":"month-7-genitive","$v":"AUGUSZTUS"},{"$i":"month-8-genitive","$v":"SZEPTEMBER"},{"$i":"month-9-genitive","$v":"OKTÓBER"},{"$i":"month-10-genitive","$v":"NOVEMBER"},{"$i":"month-11-genitive","$v":"DECEMBER"},{"$i":"month-0-short","$v":"Jan."},{"$i":"month-1-short","$v":"Feb."},{"$i":"month-2-short","$v":"Már."},{"$i":"month-3-short","$v":"Ápr."},{"$i":"month-4-short","$v":"MÁJUS"},{"$i":"month-5-short","$v":"Jún."},{"$i":"month-6-short","$v":"Júl."},{"$i":"month-7-short","$v":"Aug."},{"$i":"month-8-short","$v":"Szep."},{"$i":"month-9-short","$v":"Okt."},{"$i":"month-10-short","$v":"Nov."},{"$i":"month-11-short","$v":"Dec."},{"$i":"minutes-ago-long","$v":{"few":[{"t":"idOrVar","v":"value"}," perccel ezelőtt"],"many":[{"t":"idOrVar","v":"value"}," perccel ezelőtt"],"one":"egy perccel ezelőtt","other":[{"t":"idOrVar","v":"value"}," perccel ezelőtt"],"two":[{"t":"idOrVar","v":"value"}," perccel ezelőtt"],"zero":"épp most"},"$x":[{"t":"idOrVar","v":"plural"},"value"]},{"$i":"hours-ago-long","$v":{"few":[{"t":"idOrVar","v":"value"}," órával ezelőtt"],"many":[{"t":"idOrVar","v":"value"}," órával ezelőtt"],"one":"egy órája","other":[{"t":"idOrVar","v":"value"}," órával ezelőtt"],"two":[{"t":"idOrVar","v":"value"}," órával ezelőtt"],"zero":"épp most"},"$x":[{"t":"idOrVar","v":"plural"},"value"]},{"$i":"days-ago-long","$v":{"few":[{"t":"idOrVar","v":"value"}," nappal ezelőtt"],"many":[{"t":"idOrVar","v":"value"}," nappal ezelőtt"],"one":"Tegnap","other":[{"t":"idOrVar","v":"value"}," nappal ezelőtt"],"two":[{"t":"idOrVar","v":"value"}," nappal ezelőtt"],"zero":"Ma"},"$x":[{"t":"idOrVar","v":"plural"},"value"]},{"$i":"weeks-ago-long","$v":{"few":[{"t":"idOrVar","v":"value"}," héttel ezelőtt"],"many":[{"t":"idOrVar","v":"value"}," héttel ezelőtt"],"one":"múlt héten","other":[{"t":"idOrVar","v":"value"}," héttel ezelőtt"],"two":[{"t":"idOrVar","v":"value"}," héttel ezelőtt"],"zero":"ezen a héten"},"$x":[{"t":"idOrVar","v":"plural"},"value"]},{"$i":"months-ago-long","$v":{"few":[{"t":"idOrVar","v":"value"}," hónappal ezelőtt"],"many":[{"t":"idOrVar","v":"value"}," hónappal ezelőtt"],"one":"Múlt hónapban","other":[{"t":"idOrVar","v":"value"}," hónappal ezelőtt"],"two":[{"t":"idOrVar","v":"value"}," hónappal ezelőtt"],"zero":"EBBEN A HÓNAPBAN"},"$x":[{"t":"idOrVar","v":"plural"},"value"]},{"$i":"years-ago-long","$v":{"few":[{"t":"idOrVar","v":"value"}," évvel ezelőtt"],"many":[{"t":"idOrVar","v":"value"}," évvel ezelőtt"],"one":"tavaly","other":[{"t":"idOrVar","v":"value"}," évvel ezelőtt"],"two":[{"t":"idOrVar","v":"value"}," évvel ezelőtt"],"zero":"idén"},"$x":[{"t":"idOrVar","v":"plural"},"value"]},{"$i":"minutes-until-long","$v":{"few":[{"t":"idOrVar","v":"value"}," perc múlva"],"many":[{"t":"idOrVar","v":"value"}," perc múlva"],"one":"egy perc múlva","other":[{"t":"idOrVar","v":"value"}," perc múlva"],"two":[{"t":"idOrVar","v":"value"}," perc múlva"],"zero":"most"},"$x":[{"t":"idOrVar","v":"plural"},"value"]},{"$i":"hours-until-long","$v":{"few":[{"t":"idOrVar","v":"value"}," óra múlva"],"many":[{"t":"idOrVar","v":"value"}," óra múlva"],"one":"egy órán múlva","other":[{"t":"idOrVar","v":"value"}," óra múlva"],"two":[{"t":"idOrVar","v":"value"}," óra múlva"],"zero":"most"},"$x":[{"t":"idOrVar","v":"plural"},"value"]},{"$i":"days-until-long","$v":{"few":[{"t":"idOrVar","v":"value"}," nap múlva"],"many":[{"t":"idOrVar","v":"value"}," nap múlva"],"one":"holnap","other":[{"t":"idOrVar","v":"value"}," nap múlva"],"two":[{"t":"idOrVar","v":"value"}," nap múlva"],"zero":"Ma"},"$x":[{"t":"idOrVar","v":"plural"},"value"]},{"$i":"weeks-until-long","$v":{"few":[{"t":"idOrVar","v":"value"}," hét múlva"],"many":[{"t":"idOrVar","v":"value"}," hét múlva"],"one":"jövő héten","other":[{"t":"idOrVar","v":"value"}," hét múlva"],"two":[{"t":"idOrVar","v":"value"}," hét múlva"],"zero":"ezen a héten"},"$x":[{"t":"idOrVar","v":"plural"},"value"]},{"$i":"months-until-long","$v":{"few":[{"t":"idOrVar","v":"value"}," hónap múlva"],"many":[{"t":"idOrVar","v":"value"}," hónap múlva"],"one":"következő hónapban","other":[{"t":"idOrVar","v":"value"}," hónap múlva"],"two":[{"t":"idOrVar","v":"value"}," hónap múlva"],"zero":"EBBEN A HÓNAPBAN"},"$x":[{"t":"idOrVar","v":"plural"},"value"]},{"$i":"years-until-long","$v":{"few":[{"t":"idOrVar","v":"value"}," év múlva"],"many":[{"t":"idOrVar","v":"value"}," év múlva"],"one":"jövő évben","other":[{"t":"idOrVar","v":"value"}," év múlva"],"two":[{"t":"idOrVar","v":"value"}," év múlva"],"zero":"idén"},"$x":[{"t":"idOrVar","v":"plural"},"value"]},{"$i":"minutes-ago-short","$v":{"other":[{"t":"idOrVar","v":"value"}," perccel ezelőtt"],"zero":"épp most"},"$x":[{"t":"idOrVar","v":"plural"},"value"]},{"$i":"hours-ago-short","$v":{"other":[{"t":"idOrVar","v":"value"}," órával ezelőtt"],"zero":"épp most"},"$x":[{"t":"idOrVar","v":"plural"},"value"]},{"$i":"days-ago-short","$v":{"other":[{"t":"idOrVar","v":"value"},"n ezelőtt"],"zero":"Ma"},"$x":[{"t":"idOrVar","v":"plural"},"value"]},{"$i":"minutes-until-short","$v":{"other":[{"t":"idOrVar","v":"value"}," percen belül"],"zero":"most"},"$x":[{"t":"idOrVar","v":"plural"},"value"]},{"$i":"hours-until-short","$v":{"other":[{"t":"idOrVar","v":"value"}," óra múlva"],"zero":"most"},"$x":[{"t":"idOrVar","v":"plural"},"value"]},{"$i":"days-until-short","$v":{"other":[{"t":"idOrVar","v":"value"}," nap múlva"],"zero":"Ma"},"$x":[{"t":"idOrVar","v":"plural"},"value"]},{"$i":"incorrectDate","$v":"(helytelen dátum)"},{"$i":"dateTimeFormat_%c","$v":"%a %b %e %Y %I:%M:%S %p"},{"$i":"dateTimeFormat_%x","$v":"%m/%d/%Y"},{"$i":"dateTimeFormat_%X","$v":"%I:%M:%S %p"},{"$i":"shortTimeFormat","$v":"%I:%M %p"},{"$i":"shortTimeFormat12","$v":"%I:%M %p"},{"$i":"shortTimeFormat24","$v":"%H:%M"},{"$i":"shortDateTimeFormat","$v":"%x %I:%M %p"},{"$i":"weekStartsOnMonday","$v":"0.0"},{"$i":"firstDayOfTheWeek","$v":"1.0"},{"$i":"time_am","$v":"de."},{"$i":"time_pm","$v":"du."},{"$i":"softkey-options","$v":"Opciók"}]