[{"$i":"back","$v":"Հետ"},{"$i":"save","$v":"Պահել"},{"$i":"cancel","$v":"Չեղարկել"},{"$i":"next","$v":"Հաջորդ"},{"$i":"hide","$v":"Թաքցնել"},{"$i":"confirm","$v":"Հաստատել"},{"$i":"done","$v":"Արված է"},{"$i":"events","$v":"Իրդրձթյնների հիշեցում"},{"$i":"edit","$v":"Խմբգրլ"},{"$i":"allday-events","$v":"Ամբողջ օրվա իրդրձթյն հիշեցում"},{"$i":"no-events","$v":"Իրադարձություններ չկան"},{"$i":"default","$v":"Կանխադրված"},{"$i":"sync","$v":"Համաժամացնել"},{"$i":"repeat","$v":"Կրկնել"},{"$i":"never","$v":"Երբեք"},{"$i":"every-day","$v":"Ամեն օր"},{"$i":"every-week","$v":"Ամեն շաբաթ"},{"$i":"every-2-weeks","$v":"Ամեն 2 շաբաթվա ընթացքում"},{"$i":"every-month","$v":"Ամեն ամիս"},{"$i":"view-never","$v":"Կրկնեք `երբեք"},{"$i":"view-every-day","$v":"Կրկնեք `ամեն օր"},{"$i":"view-every-week","$v":"Կրկնեք `շաբաթական"},{"$i":"view-every-2-weeks","$v":"Կրկնել ամեն երկու շաբաթը մեկ"},{"$i":"view-every-month","$v":"Կրկնել: Ամսական"},{"$i":"repeat-event-header","$v":"Կրկնվող իրադարձություն։"},{"$i":"delete-this-only","$v":"Ջնջել միայն սա"},{"$i":"delete-all","$v":"Ջնջել բոլորը"},{"$i":"event-edit-all","$v":"Խմբագրել բոլոր իրադարձությունները"},{"$i":"event-edit-all-future","$v":"Խմբագրել բոլոր հետագա իրադարձությունները"},{"$i":"options","$v":"Ընտրանքներ"},{"$i":"event-delete-all","$v":"Ջնջել բոլորը"},{"$i":"event-delete-all-future","$v":"Ջնջել բոլոր հետագա իրադարձությունները"},{"$i":"delete-account","$v":"Ջնջել հաշիվը"},{"$i":"exchange-account","$v":"ActiveSync"},{"$i":"account-user-name","$v":"Օգտանուն"},{"$i":"incorrect-password-description","$v":"Չհաջողվեց մուտք գործել սերվեր։ Կրկին փորձեք գաղտնաբառը։"},{"$i":"incorrect-password","$v":"Սխալ գաղտնաբառ։ Կրկին փորձեք:"},{"$i":"account-duplicate","$v":"Հաշիվն արդեն գոյություն ունի: Համաժամումը միացված է:"},{"$i":"error-account","$v":"Սերվերը հասանելի չէ։ Փորձեք ուշ։"},{"$i":"error-access-denied","$v":"Անհայտ սխալ առաջացավ: Նորից փորձեք ավելի ուշ:"},{"$i":"error-time-out","$v":["Չհաջողվեց կապվել «",{"t":"idOrVar","v":"server"},"»-ի հետ: Հնարավոր է՝ առկա է խնդիր ցանցի հետ:"]},{"$i":"caldav-account-exist","$v":"Հաշիվն արդեն գոյություն ունի:"},{"$i":"save-password","$v":"Գաղտնաբառը պահվեց:"},{"$i":"account-login","$v":"Հաշվի Մուտք"},{"$i":"setting-up-account","$v":"Հաշվի տեղադրում"},{"$i":"setup-account-usedInfo","$v":"Այս հաշիվը կօգտագործվի ստորև ծրագրերի կողմից: Դուք կարող եք փոխել այն Պարամետրերի Հաշիվ բաժնում:"},{"$i":"app-calendar","$v":"Օրացույց"},{"$i":"show-today","$v":"Այսօր"},{"$i":"show-month-view","$v":"Ամիս"},{"$i":"show-week-view","$v":"Շբթ"},{"$i":"show-day-view","$v":"Օր"},{"$i":"settings-show","$v":"Պարամետրեր"},{"$i":"settings-hide","$v":"Թաքցնել պարամետրերը"},{"$i":"add-account","$v":"Ավլցն հշվ"},{"$i":"new-event","$v":"Ավլցն իրդրձթյն"},{"$i":"view-event-header","$v":"Իրդրձթյն մնրմսնր"},{"$i":"new-event-header","$v":"Ավլցն իրդրձթյն"},{"$i":"edit-event-header","$v":"Խմբգրլ իրդրձթյնը"},{"$i":"account-header","$v":"Հաշիվ"},{"$i":"account-list-header","$v":"Հաշիվներ"},{"$i":"advanced-settings-short-icon-button","ariaLabel":"Պարամետրեր"},{"$i":"advanced-settings-header","$v":"Օրացույցի պարամետրեր"},{"$i":"advanced-settings-personalization","$v":"Թրմցնլ հճխկնթյնը"},{"$i":"advanced-settings-reminders","$v":"Հիշեցում"},{"$i":"advanced-settings-add-account","$v":"Ավլցն հաշիվ"},{"$i":"field-user","$v":"Օգտանուն"},{"$i":"field-password","$v":"Գաղտնաբառ"},{"$i":"show-password","$v":"Ցուցադրել գաղտնաբառը"},{"$i":"field-full-url","$v":"URL"},{"$i":"modify-account-setting-up","$v":"Սպսք, ձեր հշվ տղկյվմ է"},{"$i":"modify-account-unable-to-sync","$v":"Հնարավոր չէ համաժամացնել"},{"$i":"modify-account-sign-in","$v":"Մտնել"},{"$i":"kai-caldav","$v":"CalDav"},{"$i":"kai-yahoo","$v":"Yahoo!"},{"$i":"kai-google","$v":"Google"},{"$i":"preset-mozilla","$v":"Mozilla Zimbra"},{"$i":"calendar-local","$v":"Հեռախոսի օրացույց"},{"$i":"event-title","$v":"Անվնմ"},{"$i":"event-location","$v":"Տեղավայր"},{"$i":"event-description","$v":"Նշումներ"},{"$i":"event-is-allday","$v":"Ամբողջ օրվա իրդրձթյն"},{"$i":"event-start-date","$v":"Մեկնարկի ամսաթիվ"},{"$i":"event-end-date","$v":"Ավարտի ամսաթիվ"},{"$i":"event-start-time","$v":"Մեկնարկի ժամ"},{"$i":"event-end-time","$v":"Ավարտի ժամ"},{"$i":"event-delete","$v":"Ջնջել իրադարձությունը"},{"$i":"event-is-deleting","$v":"Ջնջվում է…"},{"$i":"remove-account-data","$v":"Հեռացնել օրացույցի հաշիվը"},{"$i":"remove-account-dialog","$v":"Հեռացնել հաշիվը"},{"$i":"remove-account-dialog-details","$v":["Հեռացնե՞լ «",{"t":"idOrVar","v":"email"},"» ձեր սարքից:"]},{"$i":"remove","$v":"Հեռացնել"},{"$i":"drawer-sync-icon-button","ariaLabel":"Համաժամացնել"},{"$i":"sync-progress-syncing","ariaValueText":"Համաժամացում"},{"$i":"sync-progress-complete","ariaValueText":"Համաժամացումն ավրվծ է"},{"$i":"sync-frequency","$v":"Համաժամել օրցյց"},{"$i":"sync-frequency-15min","$v":"Ամեն 15 րոպեն"},{"$i":"sync-frequency-30min","$v":"Ամեն 30 րոպեն"},{"$i":"sync-frequency-manual","$v":"Ձեռքով"},{"$i":"from","$v":"Սկսած"},{"$i":"to","$v":"Մինչ"},{"$i":"one-day-duration-title","$v":[{"t":"idOrVar","v":"startDate"}]},{"$i":"one-day-duration-content","$v":[{"t":"idOrVar","v":"startTime"}," մնչ ",{"t":"idOrVar","v":"endTime"}]},{"$i":"multiple-day-duration-title","$v":[{"t":"idOrVar","v":"startTime"}," ",{"t":"idOrVar","v":"startDate"}]},{"$i":"multiple-day-duration-content","$v":[{"t":"idOrVar","v":"endTime"}," ",{"t":"idOrVar","v":"endDate"}]},{"$i":"one-all-day-duration-title","$v":[{"t":"idOrVar","v":"startDate"}]},{"$i":"all-day-duration-content","$v":"Ամբողջ օրվա իրդրձթյն"},{"$i":"multiple-all-day-duration-title","$v":["Սկսած՝ ",{"t":"idOrVar","v":"startDate"}]},{"$i":"multiple-all-day-duration-content","$v":["Մինչ ",{"t":"idOrVar","v":"endDate"}]},{"$i":"none","$v":"Ոչ մի"},{"$i":"reminder","$v":"Իրդրձթյն հիշեցում"},{"$i":"remind-me","$v":"Հիշեցնել ինձ"},{"$i":"alarm-at-event-standard","$v":"Իրդրձթյն ժամանակ"},{"$i":"alarm-at-event-allday","$v":"Իրդրձթյն օրը"},{"$i":"alarm-at-event-allday-hour12","$v":"Իրդրձթյն օրը (9:00 AM)"},{"$i":"alarm-at-event-allday-hour24","$v":"Իրդրձթյն օրը (9:00)"},{"$i":"alarm-start-notice","$v":[{"t":"idOrVar","v":"title"}," սկսած ",{"t":"idOrVar","v":"distance"}]},{"$i":"alarm-started-notice","$v":[{"t":"idOrVar","v":"title"}," սկսվեց ",{"t":"idOrVar","v":"distance"}]},{"$i":"alarm-start-notice-two-days","$v":[{"t":"idOrVar","v":"title"},"-ը սկսվում է երկու օրից"]},{"$i":"alarm-start-notice-few-days","$v":[{"t":"idOrVar","v":"title"}," սկսած ",{"t":"idOrVar","v":"distance"},"-ից"]},{"$i":"days-before-hour12","$v":{"few":[{"t":"idOrVar","v":"value"}," օր առաջ (9:00 AM)"],"many":[{"t":"idOrVar","v":"value"}," օր առաջ (9:00 AM)"],"one":"1 օր առաջ (9:00 AM)","other":[{"t":"idOrVar","v":"value"}," օր առաջ (9:00 AM)"],"two":[{"t":"idOrVar","v":"value"}," օր առաջ (9:00 AM)"],"zero":"0 օր առաջ (9:00 AM)"},"$x":[{"t":"idOrVar","v":"plural"},"value"]},{"$i":"weeks-before-hour12","$v":{"few":[{"t":"idOrVar","v":"value"}," շաբաթ առաջ (9:00 AM)"],"many":[{"t":"idOrVar","v":"value"}," շաբաթ առաջ (9:00 AM)"],"one":"1 շաբաթ առաջ (9:00 AM)","other":[{"t":"idOrVar","v":"value"}," շաբաթ առաջ (9:00 AM)"],"two":[{"t":"idOrVar","v":"value"}," շաբաթ առաջ (9:00 AM)"],"zero":"0 շաբաթ առաջ (9:00 AM)"},"$x":[{"t":"idOrVar","v":"plural"},"value"]},{"$i":"days-before-hour24","$v":{"few":[{"t":"idOrVar","v":"value"}," օր առաջ (9:00)"],"many":[{"t":"idOrVar","v":"value"}," օր առաջ (9:00)"],"one":"1 օր առաջ (9:00)","other":[{"t":"idOrVar","v":"value"}," օր առաջ (9:00)"],"two":[{"t":"idOrVar","v":"value"}," օր առաջ (9:00)"],"zero":"0 օր առաջ (9:00)"},"$x":[{"t":"idOrVar","v":"plural"},"value"]},{"$i":"weeks-before-hour24","$v":{"few":[{"t":"idOrVar","v":"value"}," շաբաթ առաջ (9:00)"],"many":[{"t":"idOrVar","v":"value"}," շաբաթ առաջ (9:00)"],"one":"1 շաբաթ առաջ (9:00)","other":[{"t":"idOrVar","v":"value"}," շաբաթ առաջ (9:00)"],"two":[{"t":"idOrVar","v":"value"}," շաբաթ առաջ (9:00)"],"zero":"0 շաբաթ առաջ (9:00)"},"$x":[{"t":"idOrVar","v":"plural"},"value"]},{"$i":"minutes-before","$v":{"few":[{"t":"idOrVar","v":"value"}," րոպե առաջ"],"many":[{"t":"idOrVar","v":"value"}," րոպե առաջ"],"one":"1 րոպե առաջ","other":[{"t":"idOrVar","v":"value"}," րոպե առաջ"],"two":[{"t":"idOrVar","v":"value"}," րոպե առաջ"],"zero":"0 րոպե առաջ"},"$x":[{"t":"idOrVar","v":"plural"},"value"]},{"$i":"hours-before","$v":{"few":[{"t":"idOrVar","v":"value"}," ժամ առաջ"],"many":[{"t":"idOrVar","v":"value"}," ժամ առաջ"],"one":"1 ժամ առաջ","other":[{"t":"idOrVar","v":"value"}," ժամ առաջ"],"two":[{"t":"idOrVar","v":"value"}," ժամ առաջ"],"zero":"0 ժամ առաջ"},"$x":[{"t":"idOrVar","v":"plural"},"value"]},{"$i":"days-before","$v":{"few":[{"t":"idOrVar","v":"value"}," օր առաջ"],"many":[{"t":"idOrVar","v":"value"}," օր առաջ"],"one":"1 օր առաջ","other":[{"t":"idOrVar","v":"value"}," օր առաջ"],"two":[{"t":"idOrVar","v":"value"}," օր առաջ"],"zero":"0 օր առաջ"},"$x":[{"t":"idOrVar","v":"plural"},"value"]},{"$i":"weeks-before","$v":{"few":[{"t":"idOrVar","v":"value"}," շաբաթ առաջ"],"many":[{"t":"idOrVar","v":"value"}," շաբաթ առաջ"],"one":"1 շաբաթ առաջ","other":[{"t":"idOrVar","v":"value"}," շաբաթ առաջ"],"two":[{"t":"idOrVar","v":"value"}," շաբաթ առաջ"],"zero":"0 շաբաթ առաջ"},"$x":[{"t":"idOrVar","v":"plural"},"value"]},{"$i":"months-before","$v":{"few":[{"t":"idOrVar","v":"value"}," ամիս առաջ"],"many":[{"t":"idOrVar","v":"value"}," ամիս առաջ"],"one":"1 ամիս առաջ","other":[{"t":"idOrVar","v":"value"}," ամիս առաջ"],"two":[{"t":"idOrVar","v":"value"}," ամիս առաջ"],"zero":"0 ամիս առաջ"},"$x":[{"t":"idOrVar","v":"plural"},"value"]},{"$i":"years-before","$v":{"few":[{"t":"idOrVar","v":"value"}," տարի առաջ"],"many":[{"t":"idOrVar","v":"value"}," տարի առաջ"],"one":"1 տարի առաջ","other":[{"t":"idOrVar","v":"value"}," տարի առաջ"],"two":[{"t":"idOrVar","v":"value"}," տարի առաջ"],"zero":"0 տարի առաջ"},"$x":[{"t":"idOrVar","v":"plural"},"value"]},{"$i":"minutes-after","$v":{"few":[{"t":"idOrVar","v":"value"}," րոպե հետո"],"many":[{"t":"idOrVar","v":"value"}," րոպե հետո"],"one":"1 րոպե հետո","other":[{"t":"idOrVar","v":"value"}," րոպե հետո"],"two":[{"t":"idOrVar","v":"value"}," րոպե հետո"],"zero":"0 րոպե հետո"},"$x":[{"t":"idOrVar","v":"plural"},"value"]},{"$i":"hours-after","$v":{"few":[{"t":"idOrVar","v":"value"}," ժամ հետո"],"many":[{"t":"idOrVar","v":"value"}," ժամ հետո"],"one":"1 ժամ հետո","other":[{"t":"idOrVar","v":"value"}," ժամ հետո"],"two":[{"t":"idOrVar","v":"value"}," ժամ հետո"],"zero":"0 ժամ հետո"},"$x":[{"t":"idOrVar","v":"plural"},"value"]},{"$i":"days-after","$v":{"few":[{"t":"idOrVar","v":"value"}," օր հետո"],"many":[{"t":"idOrVar","v":"value"}," օր հետո"],"one":"1 օր հետո","other":[{"t":"idOrVar","v":"value"}," օր հետո"],"two":[{"t":"idOrVar","v":"value"}," օր հետո"],"zero":"0 օր հետո"},"$x":[{"t":"idOrVar","v":"plural"},"value"]},{"$i":"weeks-after","$v":{"few":[{"t":"idOrVar","v":"value"}," շաբաթ հետո"],"many":[{"t":"idOrVar","v":"value"}," շաբաթ հետո"],"one":"1 շաբաթ հետո","other":[{"t":"idOrVar","v":"value"}," շաբաթ հետո"],"two":[{"t":"idOrVar","v":"value"}," շաբաթ հետո"],"zero":"0 շաբաթ հետո"},"$x":[{"t":"idOrVar","v":"plural"},"value"]},{"$i":"months-after","$v":{"few":[{"t":"idOrVar","v":"value"}," ամիս հետո"],"many":[{"t":"idOrVar","v":"value"}," ամիս հետո"],"one":"1 ամիս հետո","other":[{"t":"idOrVar","v":"value"}," ամիս հետո"],"two":[{"t":"idOrVar","v":"value"}," ամիս հետո"],"zero":"0 րոպե հետո"},"$x":[{"t":"idOrVar","v":"plural"},"value"]},{"$i":"years-after","$v":{"few":[{"t":"idOrVar","v":"value"}," տարի հետո"],"many":[{"t":"idOrVar","v":"value"}," տարի հետո"],"one":"1 տարի հետո","other":[{"t":"idOrVar","v":"value"}," տարի հետո"],"two":[{"t":"idOrVar","v":"value"}," տարի հետո"],"zero":"0 տարի հետո"},"$x":[{"t":"idOrVar","v":"plural"},"value"]},{"$i":"hour-format12","$v":"%I %p"},{"$i":"hour-format24","$v":"%H"},{"$i":"week-hour-format12","$v":"%I %p"},{"$i":"week-hour-format24","$v":"%H"},{"$i":"hour-allday","$v":"Ամբողջ օրը"},{"$i":"kai-week-day","$v":"%a\\n%e"},{"$i":"current-time12","$v":"%I:%M"},{"$i":"current-time24","$v":"%H:%M"},{"$i":"multi-month-view-header-format","$v":"%B %Y"},{"$i":"day-view-header-format","$v":"%A, %B %e"},{"$i":"months-day-view-header-format","$v":"%A, %B %e"},{"$i":"months-day-view-header-format-small","$v":{"$o":"%a <br/> %b, %e"}},{"$i":"week-view-header-format","$v":["Շաբաթ ",{"t":"idOrVar","v":"value"},", %B %Y"]},{"$i":"longDateFormat","$v":"%a, %B %d, %Y"},{"$i":"longTimeFormat","$v":"%A %B %d"},{"$i":"longTimeFormat12","$v":"%A %B %d %I %p"},{"$i":"longTimeFormat24","$v":"%A %B %d %H ժամացույց"},{"$i":"weekTimeFormat12","$v":"%I %p"},{"$i":"weekTimeFormat24","$v":"%H ժամացույց"},{"$i":"weekDayFormat","$v":"%A %d-ը"},{"$i":"alldayLongTimeFormat","$v":"%A %B %d ամբողջ օրը"},{"$i":"dayHour12","$v":"%I %p"},{"$i":"dayHour24","$v":"%H ժամացույց"},{"$i":"longDateTime12","$v":"%I %p, %a, %d %b, %Y"},{"$i":"longDateTime24","$v":"%H, %a, %d %b, %Y"},{"$i":"upcoming-events","$v":"Առաջիկա իրդրձթյննր"},{"$i":"search-results","$v":"Որոնել արդյունքներ"},{"$i":"no-event-found","$v":"Իրդրձթյններ չեն գտնվել"},{"$i":"longDateTimeNew12","$v":"%a, %B %e, %Y, %I:%M %p"},{"$i":"longDateTimeNew24","$v":"%a, %B %e, %Y, %H:%M"},{"$i":"error-start-date-after-end-date","$v":"Իրադարձությունը չի կարող ավարտվել դրա մեկնարկի ամսաթվից առաջ:"},{"$i":"error-start-time-after-end-time","$v":"Իրադարձությունը չի կարող ավարտվել դրա մեկնարկի ամսաթվից առաջ:"},{"$i":"error-unauthenticated","$v":"Սխլ օգտնն կամ գղտնբռ, կրկն փրձք:"},{"$i":"error-internal-server-error","$v":"Սերվերի սխալ, կրկին փորձեք:"},{"$i":"error-unkown","$v":"Սերվերը հասանելի չէ։ Փորձեք ուշ։"},{"$i":"error-default","$v":"Սխալ կա: Կրկն փրձք ուշ:"},{"$i":"error-offline","$v":"Հնարավոր չէ միացնել ինտերնետին: Դուք կարող եք օգտագործել Wi-Fi կամ շարժական տվյալներ՝ ինտերնետ մուտք գործելու համար:"},{"$i":"error-account-exist","$v":"Հաշիվն արդեն գոյություն ունի:"},{"$i":"error-confirmation-title","$v":"Սխալ"},{"$i":"error-edit-online-event","$v":"Չհաջողվեց խմբագրել առցանց իրադարձությունը, քանի որ ինտերտետ կապ չկա:"},{"$i":"error-delete-online-event","$v":"Չհաջողվեց ջնջել առցանց իրադարձությունը, քանի որ ինտերտետ կապ չկա:"},{"$i":"notification-error-sync-title","$v":"Օրացույցի հմժմցմ սխալ"},{"$i":"notification-error-sync-description","$v":"Հպեք մնրմսնրի հմր"},{"$i":"notification-error-caldav-sync-title","$v":"Հաշվի սխալ"},{"$i":"notification-error-caldav-sync-description","$v":"Նորից մուտք գործել"},{"$i":"weekday-0-single-char","$v":"Կ","ariaLabel":"Կիրակի"},{"$i":"weekday-1-single-char","$v":"Երկ","ariaLabel":"Երկուշաբթի"},{"$i":"weekday-2-single-char","$v":"Ե","ariaLabel":"Երեքշաբթի"},{"$i":"weekday-3-single-char","$v":"Չ","ariaLabel":"Չրքշբթ"},{"$i":"weekday-4-single-char","$v":"Ե","ariaLabel":"Հինգշաբթի"},{"$i":"weekday-5-single-char","$v":"Ուրբ","ariaLabel":"Ուրբաթ"},{"$i":"weekday-6-single-char","$v":"Կ","ariaLabel":"Շաբաթ"},{"$i":"busy","$v":{"few":[{"t":"idOrVar","v":"n"}," իրադարձություններ"],"many":[{"t":"idOrVar","v":"n"}," իրադարձություններ"],"one":[{"t":"idOrVar","v":"n"}," իրադարձություն"],"other":[{"t":"idOrVar","v":"n"}," իրադարձություններ"],"two":[{"t":"idOrVar","v":"n"}," իրադարձություններ"],"zero":"Իրդրձթյններ չկան"},"$x":[{"t":"idOrVar","v":"plural"},"n"]},{"$i":"present","ariaLabel":"Այսօր"},{"$i":"past-other-month-description","ariaLabel":"Այլ ամիս"},{"$i":"future-other-month-description","ariaLabel":"Այլ ամիս"},{"$i":"icon-calendar-alarm","ariaLabel":"Ունի ազդանշան"},{"$i":"calendars","ariaLabel":"Օրացույցներ"},{"$i":"multi-day-new-event-link","ariaLabel":"Ավլցն իրդրձթյն"},{"$i":"title","ariaLabel":"Անվնմ"},{"$i":"location","ariaLabel":"Տեղավայր"},{"$i":"duration","ariaLabel":"Տևողություն"},{"$i":"calendar","ariaLabel":"Օրացույց"},{"$i":"alarms","ariaLabel":"Ազդանշաններ"},{"$i":"description","ariaLabel":"Նկարագրություն"},{"$i":"start-date","ariaLabel":"Մեկնարկի ամսաթիվ"},{"$i":"start-time","ariaLabel":"Մեկնարկի ժամ"},{"$i":"end-date","ariaLabel":"Ավարտի ամսաթիվ"},{"$i":"end-time","ariaLabel":"Ավարտի ժամ"},{"$i":"during-progress-loading","ariaValueText":"Բեռնվում է"},{"$i":"all-day","ariaLabel":"Ամբողջ օրը"},{"$i":"create-event","ariaLabel":"Ստղծլ իրդրձթյն"},{"$i":"create-all-day-event","ariaLabel":"Ստղծ ամբ օր իրդձ"},{"$i":"event-one-day-duration","ariaLabel":["սկսած ",{"t":"idOrVar","v":"startTime"}," մինչ ",{"t":"idOrVar","v":"endTime"}]},{"$i":"week-event-one-day-duration","ariaLabel":[{"t":"idOrVar","v":"startDate"}," ",{"t":"idOrVar","v":"startTime"},"-ց մնչ ",{"t":"idOrVar","v":"endTime"}]},{"$i":"event-multiple-day-duration","ariaLabel":["Սկսած ",{"t":"idOrVar","v":"startTime"}," ",{"t":"idOrVar","v":"startDate"}," մինչ ",{"t":"idOrVar","v":"endTime"}," ",{"t":"idOrVar","v":"endDate"}]},{"$i":"kai-event-added","$v":"Իրդրձթյնն ավելացվեց"},{"$i":"kai-event-updated","$v":"Իրդրձթյնը թարմացվեց"},{"$i":"kai-event-deleted","$v":"Իրդձթյնը ջնջվեց"},{"$i":"kai-change-save","$v":"Փոփոխությունները պահվեցին"},{"$i":"event-sync-failure","$v":"Հնարավոր չէ համաժամացնել"},{"$i":"kai-event-calendar","$v":"Օրացույց"},{"$i":"kai-single-event","$v":"իրադարձություն"},{"$i":"kai-event-count","$v":"իրադարձություններ"},{"$i":"kai-sync-progress-syncing","$v":"Համաժամացում"},{"$i":"kai-sync-progress-complete","$v":"Օրացույցը թարմացված է։"},{"$i":"kai-settings-sounds","$v":"Ձայնահոլովակներ"},{"$i":"kai-tones","$v":"Հնչերանգներ"},{"$i":"kai-multi-events","$v":"Իրդրձթյններ"},{"$i":"kai-confirmation-title","$v":"Հաստատում"},{"$i":"kai-delete-selectedEvent-confirmation","$v":"Ջնջե՞լ ընտրված իրադարձությունը:"},{"$i":"kai-deleteEvent-confirmation","$v":"Ջնջե՞լ իրադարձությունը:"},{"$i":"kai-event-search-header","$v":"Որոնել","placeholder":"Որոնել"},{"$i":"kai-event-search-upcoming-events","$v":"Առաջիկա իրդրձթյննր"},{"$i":"kai-delete","$v":"Ջնջել"},{"$i":"kai-cancel","$v":"Չեղարկել"},{"$i":"kai-dialog-delete-sel","$v":"Իսկապես ջնջե՞լ ընտրված իրադարձությունը:"},{"$i":"kai-delete-title","$v":"Ջնջել իրադարձությունը"},{"$i":"kai-save-changes","$v":"Պահե՞լ փոփոխությննրը:"},{"$i":"kai-save-message-back","$v":"Մուտքագրված բոլոր տվյալները չեն պահվի: Պահե՞լ փոփոխությունները:"},{"$i":"kai-save-message-close","$v":"Ծրագիրը կփակվի տվյալների կորստով: Պահե՞լ փոփոխությունները:"},{"$i":"yes","$v":"Այո"},{"$i":"no","$v":"Ոչ"},{"$i":"confirmation","$v":"Հաստատում"},{"$i":"ok","$v":"Լավ"},{"$i":"delete-event","$v":"Ջնջե՞լ ընտրված իրադարձությունը:"},{"$i":"edit-event-no-net","$v":"Չհաջողվեց խմբագրել առցանց իրադարձությունը, ինտերնետ կապ չկա։"},{"$i":"kai-settings-header","$v":"Օրցյց Ցցսրքն"},{"$i":"kai-syncing","$v":"Համաժամացում..."},{"$i":"kai-syncing-header","$v":"Հաշվի համաժամացում"},{"$i":"select","$v":"Ընտրել"},{"$i":"add-event","$v":"Ավլցն իրդրձթյն"},{"$i":"week-view","$v":"Շաբաթվա տեսք"},{"$i":"day-view","$v":"Օրերի դիտակերպ"},{"$i":"month-view","$v":"Ամսվա տեսք"},{"$i":"today","$v":"Այսօր"},{"$i":"go","$v":"Գնալ ամսաթիվ"},{"$i":"search","$v":"Որոնել"},{"$i":"calendar-to-display","$v":"Օրցյց Ցցսրքն"},{"$i":"settings","$v":"Պարամետրեր"},{"$i":"delete","$v":"Ջնջել"},{"$i":"enter","$v":"Մուտք գործել"},{"$i":"sync-calendar","$v":"Համաժամել օրցյց"},{"$i":"lunar-calendar","$v":"Լուսնային օր"},{"$i":"present-description","$v":["Այսօր ",{"t":"idOrVar","v":"weekday"}," ",{"t":"idOrVar","v":"date"}]},{"$i":"day-description","$v":[{"t":"idOrVar","v":"weekday"}," ",{"t":"idOrVar","v":"date"},"-ը"]},{"$i":"weekday-5","$v":"Ուրբաթ"},{"$i":"weekday-4","$v":"Հինգշաբթի"},{"$i":"weekday-3","$v":"Չրքշբթ"},{"$i":"weekday-2","$v":"Երեքշաբթի"},{"$i":"weekday-1","$v":"Երկուշաբթի"},{"$i":"weekday-0","$v":"Կիրակի"},{"$i":"weekday-6","$v":"Շաբաթ"},{"$i":"no-title","$v":"(Անվանում չկա)"},{"$i":"weekday-0-long","$v":"Կիրակի"},{"$i":"weekday-1-long","$v":"Երկուշաբթի"},{"$i":"weekday-2-long","$v":"Երեքշաբթի"},{"$i":"weekday-3-long","$v":"Չորեքշաբթի"},{"$i":"weekday-4-long","$v":"Հինգշաբթի"},{"$i":"weekday-5-long","$v":"Ուրբաթ"},{"$i":"weekday-6-long","$v":"Շաբաթ"},{"$i":"weekday-0-short","$v":"Կիր"},{"$i":"weekday-1-short","$v":"Երկ"},{"$i":"weekday-2-short","$v":"Երք"},{"$i":"weekday-3-short","$v":"Չրք"},{"$i":"weekday-4-short","$v":"Հնգ"},{"$i":"weekday-5-short","$v":"Ուրբ"},{"$i":"weekday-6-short","$v":"Շբթ"},{"$i":"month-0-long","$v":"Հունվար"},{"$i":"month-1-long","$v":"Փետրվար"},{"$i":"month-2-long","$v":"Մարտ"},{"$i":"month-3-long","$v":"Ապրիլ"},{"$i":"month-4-long","$v":"Մյս"},{"$i":"month-5-long","$v":"Հունիս"},{"$i":"month-6-long","$v":"Հուլիս"},{"$i":"month-7-long","$v":"Օգոստոս"},{"$i":"month-8-long","$v":"Սեպտեմբեր"},{"$i":"month-9-long","$v":"Հոկտեմբեր"},{"$i":"month-10-long","$v":"Նոյեմբեր"},{"$i":"month-11-long","$v":"Դեկտեմբեր"},{"$i":"month-0-genitive","$v":"Հունվար"},{"$i":"month-1-genitive","$v":"Փետրվար"},{"$i":"month-2-genitive","$v":"Մարտ"},{"$i":"month-3-genitive","$v":"Ապրիլ"},{"$i":"month-4-genitive","$v":"Մյս"},{"$i":"month-5-genitive","$v":"Հունիս"},{"$i":"month-6-genitive","$v":"Հուլիս"},{"$i":"month-7-genitive","$v":"Օգոստոս"},{"$i":"month-8-genitive","$v":"Սեպտեմբեր"},{"$i":"month-9-genitive","$v":"Հոկտեմբեր"},{"$i":"month-10-genitive","$v":"Նոյեմբեր"},{"$i":"month-11-genitive","$v":"Դեկտեմբեր"},{"$i":"month-0-short","$v":"Հունվ"},{"$i":"month-1-short","$v":"Փետ"},{"$i":"month-2-short","$v":"Մրտ"},{"$i":"month-3-short","$v":"Ապլ"},{"$i":"month-4-short","$v":"Մյս"},{"$i":"month-5-short","$v":"Հուն"},{"$i":"month-6-short","$v":"Հուլ"},{"$i":"month-7-short","$v":"Օգս"},{"$i":"month-8-short","$v":"Սպտ"},{"$i":"month-9-short","$v":"Հոկտ"},{"$i":"month-10-short","$v":"Նոյ"},{"$i":"month-11-short","$v":"Դեկ"},{"$i":"minutes-ago-long","$v":{"few":[{"t":"idOrVar","v":"value"}," րոպե առաջ"],"many":[{"t":"idOrVar","v":"value"}," րոպե առաջ"],"one":"րոպե առաջ","other":[{"t":"idOrVar","v":"value"}," րոպե առաջ"],"two":[{"t":"idOrVar","v":"value"}," րոպե առաջ"],"zero":"հենց նոր"},"$x":[{"t":"idOrVar","v":"plural"},"value"]},{"$i":"hours-ago-long","$v":{"few":[{"t":"idOrVar","v":"value"}," ժամ առաջ"],"many":[{"t":"idOrVar","v":"value"}," ժամ առաջ"],"one":"մեկ ժամ առաջ","other":[{"t":"idOrVar","v":"value"}," ժամ առաջ"],"two":[{"t":"idOrVar","v":"value"}," ժամ առաջ"],"zero":"հենց նոր"},"$x":[{"t":"idOrVar","v":"plural"},"value"]},{"$i":"days-ago-long","$v":{"few":[{"t":"idOrVar","v":"value"}," օր առաջ"],"many":[{"t":"idOrVar","v":"value"}," օր առաջ"],"one":"երեկ","other":[{"t":"idOrVar","v":"value"}," օր առաջ"],"two":[{"t":"idOrVar","v":"value"}," օր առաջ"],"zero":"այսօր"},"$x":[{"t":"idOrVar","v":"plural"},"value"]},{"$i":"weeks-ago-long","$v":{"few":[{"t":"idOrVar","v":"value"}," շաբաթ առաջ"],"many":[{"t":"idOrVar","v":"value"}," շաբաթ առաջ"],"one":"անցյալ շաբաթ","other":[{"t":"idOrVar","v":"value"}," շաբաթ առաջ"],"two":[{"t":"idOrVar","v":"value"}," շաբաթ առաջ"],"zero":"այս շաբաթ"},"$x":[{"t":"idOrVar","v":"plural"},"value"]},{"$i":"months-ago-long","$v":{"few":[{"t":"idOrVar","v":"value"}," ամիս առաջ"],"many":[{"t":"idOrVar","v":"value"}," ամիս առաջ"],"one":"անցած ամիս","other":[{"t":"idOrVar","v":"value"}," ամիս առաջ"],"two":[{"t":"idOrVar","v":"value"}," ամիս առաջ"],"zero":"այս ամիս"},"$x":[{"t":"idOrVar","v":"plural"},"value"]},{"$i":"years-ago-long","$v":{"few":[{"t":"idOrVar","v":"value"}," տարի առաջ"],"many":[{"t":"idOrVar","v":"value"}," տարի առաջ"],"one":"անցյալ տարի","other":[{"t":"idOrVar","v":"value"}," տարի առաջ"],"two":[{"t":"idOrVar","v":"value"}," տարի առաջ"],"zero":"այս տարի"},"$x":[{"t":"idOrVar","v":"plural"},"value"]},{"$i":"minutes-until-long","$v":{"few":[{"t":"idOrVar","v":"value"}," րոպեից"],"many":[{"t":"idOrVar","v":"value"}," րոպեից"],"one":"մեկ րոպեից","other":[{"t":"idOrVar","v":"value"}," րոպեից"],"two":[{"t":"idOrVar","v":"value"}," րոպեից"],"zero":"հիմա"},"$x":[{"t":"idOrVar","v":"plural"},"value"]},{"$i":"hours-until-long","$v":{"few":[{"t":"idOrVar","v":"value"}," ժամից"],"many":[{"t":"idOrVar","v":"value"}," ժամից"],"one":"մեկ ժամից","other":[{"t":"idOrVar","v":"value"}," ժամից"],"two":[{"t":"idOrVar","v":"value"}," ժամից"],"zero":"հիմա"},"$x":[{"t":"idOrVar","v":"plural"},"value"]},{"$i":"days-until-long","$v":{"few":[{"t":"idOrVar","v":"value"}," օրից"],"many":[{"t":"idOrVar","v":"value"}," օրից"],"one":"վաղը","other":[{"t":"idOrVar","v":"value"}," օրից"],"two":[{"t":"idOrVar","v":"value"}," օրից"],"zero":"այսօր"},"$x":[{"t":"idOrVar","v":"plural"},"value"]},{"$i":"weeks-until-long","$v":{"few":[{"t":"idOrVar","v":"value"}," շաբաթից"],"many":[{"t":"idOrVar","v":"value"}," շաբաթից"],"one":"հաջորդ շաբաթ","other":[{"t":"idOrVar","v":"value"}," շաբաթից"],"two":[{"t":"idOrVar","v":"value"}," շաբաթից"],"zero":"այս շաբաթ"},"$x":[{"t":"idOrVar","v":"plural"},"value"]},{"$i":"months-until-long","$v":{"few":[{"t":"idOrVar","v":"value"}," ամսից"],"many":[{"t":"idOrVar","v":"value"}," ամսից"],"one":"հաջորդ ամիս","other":[{"t":"idOrVar","v":"value"}," ամսից"],"two":[{"t":"idOrVar","v":"value"}," ամսից"],"zero":"այս ամիս"},"$x":[{"t":"idOrVar","v":"plural"},"value"]},{"$i":"years-until-long","$v":{"few":[{"t":"idOrVar","v":"value"}," տարուց"],"many":[{"t":"idOrVar","v":"value"}," տարուց"],"one":"հաջորդ տարի","other":[{"t":"idOrVar","v":"value"}," տարուց"],"two":[{"t":"idOrVar","v":"value"}," տարուց"],"zero":"այս տարի"},"$x":[{"t":"idOrVar","v":"plural"},"value"]},{"$i":"minutes-ago-short","$v":{"other":[{"t":"idOrVar","v":"value"}," ր առաջ"],"zero":"հենց նոր"},"$x":[{"t":"idOrVar","v":"plural"},"value"]},{"$i":"hours-ago-short","$v":{"other":[{"t":"idOrVar","v":"value"}," ժ առաջ"],"zero":"հենց նոր"},"$x":[{"t":"idOrVar","v":"plural"},"value"]},{"$i":"days-ago-short","$v":{"other":[{"t":"idOrVar","v":"value"}," օր առաջ"],"zero":"այսօր"},"$x":[{"t":"idOrVar","v":"plural"},"value"]},{"$i":"minutes-until-short","$v":{"other":[{"t":"idOrVar","v":"value"}," ր-ից"],"zero":"հիմա"},"$x":[{"t":"idOrVar","v":"plural"},"value"]},{"$i":"hours-until-short","$v":{"other":[{"t":"idOrVar","v":"value"}," ժ-ից"],"zero":"հիմա"},"$x":[{"t":"idOrVar","v":"plural"},"value"]},{"$i":"days-until-short","$v":{"other":[{"t":"idOrVar","v":"value"}," օրից"],"zero":"այսօր"},"$x":[{"t":"idOrVar","v":"plural"},"value"]},{"$i":"incorrectDate","$v":"(սխալ ամսաթիվ)"},{"$i":"dateTimeFormat_%c","$v":"%a %b %e %Y %I:%M:%S %p"},{"$i":"dateTimeFormat_%x","$v":"%m/%d/%Y"},{"$i":"dateTimeFormat_%X","$v":"%I:%M:%S %p"},{"$i":"shortTimeFormat","$v":"%I:%M %p"},{"$i":"shortTimeFormat12","$v":"%I:%M %p"},{"$i":"shortTimeFormat24","$v":"%H:%M"},{"$i":"shortDateTimeFormat","$v":"%x %I:%M %p"},{"$i":"weekStartsOnMonday","$v":"0.0"},{"$i":"firstDayOfTheWeek","$v":"1.0"},{"$i":"time_am","$v":"AM"},{"$i":"time_pm","$v":"PM"},{"$i":"softkey-options","$v":"Ընտրանքներ"}]