[{"$i":"back","$v":"Kembali"},{"$i":"save","$v":"Simpan"},{"$i":"cancel","$v":"Batal"},{"$i":"next","$v":"Berikutnya"},{"$i":"hide","$v":"Sembunyikan"},{"$i":"confirm","$v":"Konfirmasi"},{"$i":"done","$v":"Selesai"},{"$i":"events","$v":"Pengingat Acara"},{"$i":"edit","$v":"Edit"},{"$i":"allday-events","$v":"Pengingat Acara Setiap hari"},{"$i":"no-events","$v":"Tidak ada acara"},{"$i":"default","$v":"Default"},{"$i":"sync","$v":"Sinkronisasi"},{"$i":"repeat","$v":"Ulangi"},{"$i":"never","$v":"Jangan pernah"},{"$i":"every-day","$v":"Setiap hari"},{"$i":"every-week","$v":"Setiap minggu"},{"$i":"every-2-weeks","$v":"2 minggu sekali"},{"$i":"every-month","$v":"Setiap bulan"},{"$i":"view-never","$v":"Ulang: Tidak pernah"},{"$i":"view-every-day","$v":"Ulang: Harian"},{"$i":"view-every-week","$v":"Ulang: Mingguan"},{"$i":"view-every-2-weeks","$v":"Ulang: Dua minggu sekali"},{"$i":"view-every-month","$v":"Ulang: Bulanan"},{"$i":"repeat-event-header","$v":"Ini peristiwa berulang."},{"$i":"delete-this-only","$v":"Hapus ini saja"},{"$i":"delete-all","$v":"Hapus semua"},{"$i":"event-edit-all","$v":"Edit semua acara"},{"$i":"event-edit-all-future","$v":"Edit semua acara mendatang"},{"$i":"options","$v":"Opsi"},{"$i":"event-delete-all","$v":"Hapus semua acara"},{"$i":"event-delete-all-future","$v":"Hapus semua acara mendatang"},{"$i":"delete-account","$v":"Hapus Ak"},{"$i":"exchange-account","$v":"ActiveSync"},{"$i":"account-user-name","$v":"Nama pengguna"},{"$i":"incorrect-password-description","$v":"Tidak dapat memasuki server, pastikan kata sandi Anda benar."},{"$i":"incorrect-password","$v":"Sandi Salah"},{"$i":"account-duplicate","$v":"Akun sudah ada. Sinkronisasi aktif."},{"$i":"error-account","$v":"Server tidak tersedia. Coba lagi nanti."},{"$i":"error-access-denied","$v":"Terjadi kesalahan tidak diketahui, coba lagi nanti."},{"$i":"error-time-out","$v":["Tidak dapat menjalin koneksi dengan \"",{"t":"idOrVar","v":"server"},"\". Mungkin ada masalah dengan jaringan."]},{"$i":"caldav-account-exist","$v":"Akun sudah ada."},{"$i":"save-password","$v":"Sandi disimpan."},{"$i":"account-login","$v":"Login ke Akun"},{"$i":"setting-up-account","$v":"Mengatur akun"},{"$i":"setup-account-usedInfo","$v":"Akun ini akan digunakan oleh apl berikut. Anda dapat mengubah ini di Pengaturan|>Akun."},{"$i":"app-calendar","$v":"Kalender"},{"$i":"show-today","$v":"Hari ini"},{"$i":"show-month-view","$v":"Bulan"},{"$i":"show-week-view","$v":"Minggu"},{"$i":"show-day-view","$v":"Hari"},{"$i":"settings-show","$v":"Pengaturan"},{"$i":"settings-hide","$v":"Sembunyikan pengaturan"},{"$i":"add-account","$v":"Tambah akun"},{"$i":"new-event","$v":"Tambah acara"},{"$i":"view-event-header","$v":"Rincian Acara"},{"$i":"new-event-header","$v":"Tambah Acara"},{"$i":"edit-event-header","$v":"Edit Acara"},{"$i":"account-header","$v":"Akun"},{"$i":"account-list-header","$v":"Akun"},{"$i":"advanced-settings-short-icon-button","ariaLabel":"Pengaturan"},{"$i":"advanced-settings-header","$v":"Pengaturan Kalender"},{"$i":"advanced-settings-personalization","$v":"Perbarui Frekuensi"},{"$i":"advanced-settings-reminders","$v":"Pengingat"},{"$i":"advanced-settings-add-account","$v":"Tambah Akun"},{"$i":"field-user","$v":"Nama pengguna"},{"$i":"field-password","$v":"Sandi"},{"$i":"show-password","$v":"Tampilkan sandi"},{"$i":"field-full-url","$v":"URL"},{"$i":"modify-account-setting-up","$v":"Silakan tunggu selagi akun Anda disiapkan"},{"$i":"modify-account-unable-to-sync","$v":"Tidak dapat sinkronkan"},{"$i":"modify-account-sign-in","$v":"Masuk"},{"$i":"kai-caldav","$v":"CalDav"},{"$i":"kai-yahoo","$v":"Yahoo!"},{"$i":"kai-google","$v":"Google"},{"$i":"preset-mozilla","$v":"Mozilla Zimbra"},{"$i":"calendar-local","$v":"Kalender Ponsel"},{"$i":"event-title","$v":"Judul"},{"$i":"event-location","$v":"Lokasi"},{"$i":"event-description","$v":"Catatan"},{"$i":"event-is-allday","$v":"Acara Sepanjang hari"},{"$i":"event-start-date","$v":"Tanggal Mulai"},{"$i":"event-end-date","$v":"Tanggal Berakhir"},{"$i":"event-start-time","$v":"Waktu Mulai"},{"$i":"event-end-time","$v":"Waktu Berakhir"},{"$i":"event-delete","$v":"Hapus acara"},{"$i":"event-is-deleting","$v":"Menghapus..."},{"$i":"remove-account-data","$v":"Hapus Akun"},{"$i":"remove-account-dialog","$v":"Hapus akun"},{"$i":"remove-account-dialog-details","$v":"Jika Anda menghapus akun ini, apl yang menggunakan akun ini juga akan terdampak."},{"$i":"remove","$v":"Hapus"},{"$i":"drawer-sync-icon-button","ariaLabel":"Sinkronisasi"},{"$i":"sync-progress-syncing","ariaValueText":"Menyinkronkan"},{"$i":"sync-progress-complete","ariaValueText":"Sinkronisasi selesai"},{"$i":"sync-frequency","$v":"Sinkronisasi Kalender"},{"$i":"sync-frequency-15min","$v":"Setiap 15 menit"},{"$i":"sync-frequency-30min","$v":"Setiap 30 menit"},{"$i":"sync-frequency-manual","$v":"Secara manual"},{"$i":"from","$v":"Dari"},{"$i":"to","$v":"Ke"},{"$i":"one-day-duration-title","$v":[{"t":"idOrVar","v":"startDate"}]},{"$i":"one-day-duration-content","$v":["Dari ",{"t":"idOrVar","v":"startTime"}," kepada ",{"t":"idOrVar","v":"endTime"}]},{"$i":"multiple-day-duration-title","$v":[{"t":"idOrVar","v":"startTime"}," ",{"t":"idOrVar","v":"startDate"}]},{"$i":"multiple-day-duration-content","$v":[{"t":"idOrVar","v":"endTime"}," ",{"t":"idOrVar","v":"endDate"}]},{"$i":"one-all-day-duration-title","$v":[{"t":"idOrVar","v":"startDate"}]},{"$i":"all-day-duration-content","$v":"Acara sepanjang hari"},{"$i":"multiple-all-day-duration-title","$v":["Dari ",{"t":"idOrVar","v":"startDate"}]},{"$i":"multiple-all-day-duration-content","$v":["Hingga ",{"t":"idOrVar","v":"endDate"}]},{"$i":"none","$v":"Tidak ada"},{"$i":"reminder","$v":"Pengingat Acara"},{"$i":"remind-me","$v":"Ingatkan saya"},{"$i":"alarm-at-event-standard","$v":"Saat Acara"},{"$i":"alarm-at-event-allday","$v":"Pada hari Acara"},{"$i":"alarm-at-event-allday-hour12","$v":"Pada hari Acara (9.00)"},{"$i":"alarm-at-event-allday-hour24","$v":"Pada hari Acara (9.00)"},{"$i":"alarm-start-notice","$v":[{"t":"idOrVar","v":"title"}," memulai ",{"t":"idOrVar","v":"distance"}]},{"$i":"alarm-started-notice","$v":[{"t":"idOrVar","v":"title"}," dimulai ",{"t":"idOrVar","v":"distance"}]},{"$i":"alarm-start-notice-two-days","$v":[{"t":"idOrVar","v":"title"}," mulai dalam dua hari"]},{"$i":"alarm-start-notice-few-days","$v":[{"t":"idOrVar","v":"title"}," mulai pada ",{"t":"idOrVar","v":"distance"}]},{"$i":"days-before-hour12","$v":{"few":[{"t":"idOrVar","v":"value"}," Hari Sebelumnya (9.00)"],"many":[{"t":"idOrVar","v":"value"}," Hari Sebelumnya (9.00)"],"one":"1 Hari Sebelumnya (9.00)","other":[{"t":"idOrVar","v":"value"}," Hari Sebelumnya (9.00)"],"two":[{"t":"idOrVar","v":"value"}," Hari Sebelumnya (9.00)"],"zero":"0 Hari Sebelumnya (9.00)"},"$x":[{"t":"idOrVar","v":"plural"},"value"]},{"$i":"weeks-before-hour12","$v":{"few":[{"t":"idOrVar","v":"value"}," Minggu Sebelumnya (9.00)"],"many":[{"t":"idOrVar","v":"value"}," Minggu Sebelumnya (9.00)"],"one":"1 Minggu Sebelumnya (9.00)","other":[{"t":"idOrVar","v":"value"}," Minggu Sebelumnya (9.00)"],"two":[{"t":"idOrVar","v":"value"}," Minggu Sebelumnya (9.00)"],"zero":"0 Minggu Sebelumnya (9.00)"},"$x":[{"t":"idOrVar","v":"plural"},"value"]},{"$i":"days-before-hour24","$v":{"few":[{"t":"idOrVar","v":"value"}," Hari Sebelumnya (9.00)"],"many":[{"t":"idOrVar","v":"value"}," Hari Sebelumnya (9.00)"],"one":"1 Hari Sebelumnya (9.00)","other":[{"t":"idOrVar","v":"value"}," Hari Sebelumnya (9.00)"],"two":[{"t":"idOrVar","v":"value"}," Hari Sebelumnya (9.00)"],"zero":"0 Hari Sebelumnya (9.00)"},"$x":[{"t":"idOrVar","v":"plural"},"value"]},{"$i":"weeks-before-hour24","$v":{"few":[{"t":"idOrVar","v":"value"}," Minggu Sebelumnya (9.00)"],"many":[{"t":"idOrVar","v":"value"}," Minggu Sebelumnya (9.00)"],"one":"1 Minggu Sebelumnya (9.00)","other":[{"t":"idOrVar","v":"value"}," Minggu Sebelumnya (9.00)"],"two":[{"t":"idOrVar","v":"value"}," Minggu Sebelumnya (9.00)"],"zero":"0 Minggu Sebelumnya (9.00)"},"$x":[{"t":"idOrVar","v":"plural"},"value"]},{"$i":"minutes-before","$v":{"few":[{"t":"idOrVar","v":"value"}," Menit Sebelum"],"many":[{"t":"idOrVar","v":"value"}," Menit Sebelum"],"one":"1 Menit Sebelum","other":[{"t":"idOrVar","v":"value"}," Menit Sebelum"],"two":[{"t":"idOrVar","v":"value"}," Menit Sebelum"],"zero":"0 Menit Sebelum"},"$x":[{"t":"idOrVar","v":"plural"},"value"]},{"$i":"hours-before","$v":{"few":[{"t":"idOrVar","v":"value"}," Jam Sebelum"],"many":[{"t":"idOrVar","v":"value"}," Jam Sebelum"],"one":"1 Jam Sebelum","other":[{"t":"idOrVar","v":"value"}," Jam Sebelum"],"two":[{"t":"idOrVar","v":"value"}," Jam Sebelum"],"zero":"0 Jam Sebelum"},"$x":[{"t":"idOrVar","v":"plural"},"value"]},{"$i":"days-before","$v":{"few":[{"t":"idOrVar","v":"value"}," Hari Sebelum"],"many":[{"t":"idOrVar","v":"value"}," Hari Sebelum"],"one":"1 Hari Sebelum","other":[{"t":"idOrVar","v":"value"}," Hari Sebelum"],"two":[{"t":"idOrVar","v":"value"}," Hari Sebelum"],"zero":"0 Hari Sebelum"},"$x":[{"t":"idOrVar","v":"plural"},"value"]},{"$i":"weeks-before","$v":{"few":[{"t":"idOrVar","v":"value"}," Minggu Sebelum"],"many":[{"t":"idOrVar","v":"value"}," Minggu Sebelum"],"one":"1 Minggu Sebelum","other":[{"t":"idOrVar","v":"value"}," Minggu Sebelum"],"two":[{"t":"idOrVar","v":"value"}," Minggu Sebelum"],"zero":"0 Minggu Sebelum"},"$x":[{"t":"idOrVar","v":"plural"},"value"]},{"$i":"months-before","$v":{"few":[{"t":"idOrVar","v":"value"}," Bulan Sebelum"],"many":[{"t":"idOrVar","v":"value"}," Bulan Sebelum"],"one":"1 Bulan Sebelum","other":[{"t":"idOrVar","v":"value"}," Bulan Sebelum"],"two":[{"t":"idOrVar","v":"value"}," Bulan Sebelum"],"zero":"0 Bulan Sebelum"},"$x":[{"t":"idOrVar","v":"plural"},"value"]},{"$i":"years-before","$v":{"few":[{"t":"idOrVar","v":"value"}," Tahun Sebelum"],"many":[{"t":"idOrVar","v":"value"}," Tahun Sebelum"],"one":"1 Tahun Sebelum","other":[{"t":"idOrVar","v":"value"}," Tahun Sebelum"],"two":[{"t":"idOrVar","v":"value"}," Tahun Sebelum"],"zero":"0 Tahun Sebelum"},"$x":[{"t":"idOrVar","v":"plural"},"value"]},{"$i":"minutes-after","$v":{"few":[{"t":"idOrVar","v":"value"}," Menit Sesudah"],"many":[{"t":"idOrVar","v":"value"}," Menit Sesudah"],"one":"1 Menit Sesudah","other":[{"t":"idOrVar","v":"value"}," Menit Sesudah"],"two":[{"t":"idOrVar","v":"value"}," Menit Sesudah"],"zero":"0 Menit Sesudah"},"$x":[{"t":"idOrVar","v":"plural"},"value"]},{"$i":"hours-after","$v":{"few":[{"t":"idOrVar","v":"value"}," Jam Sesudah"],"many":[{"t":"idOrVar","v":"value"}," Jam Sesudah"],"one":"1 Jam Sesudah","other":[{"t":"idOrVar","v":"value"}," Jam Sesudah"],"two":[{"t":"idOrVar","v":"value"}," Jam Sesudah"],"zero":"0 Jam Sesudah"},"$x":[{"t":"idOrVar","v":"plural"},"value"]},{"$i":"days-after","$v":{"few":[{"t":"idOrVar","v":"value"}," Hari Sesudah"],"many":[{"t":"idOrVar","v":"value"}," Hari Sesudah"],"one":"1 Hari Sesudah","other":[{"t":"idOrVar","v":"value"}," Hari Sesudah"],"two":[{"t":"idOrVar","v":"value"}," Hari Sesudah"],"zero":"0 Hari Sesudah"},"$x":[{"t":"idOrVar","v":"plural"},"value"]},{"$i":"weeks-after","$v":{"few":[{"t":"idOrVar","v":"value"}," Minggu Sesudah"],"many":[{"t":"idOrVar","v":"value"}," Minggu Sesudah"],"one":"1 Minggu Sesudah","other":[{"t":"idOrVar","v":"value"}," Minggu Sesudah"],"two":[{"t":"idOrVar","v":"value"}," Minggu Sesudah"],"zero":"0 Minggu Sesudah"},"$x":[{"t":"idOrVar","v":"plural"},"value"]},{"$i":"months-after","$v":{"few":[{"t":"idOrVar","v":"value"}," Bulan Sesudah"],"many":[{"t":"idOrVar","v":"value"}," Bulan Sesudah"],"one":"1 Bulan Sesudah","other":[{"t":"idOrVar","v":"value"}," Bulan Sesudah"],"two":[{"t":"idOrVar","v":"value"}," Bulan Sesudah"],"zero":"0 Bulan Sesudah"},"$x":[{"t":"idOrVar","v":"plural"},"value"]},{"$i":"years-after","$v":{"few":[{"t":"idOrVar","v":"value"}," Tahun Sesudah"],"many":[{"t":"idOrVar","v":"value"}," Tahun Sesudah"],"one":"1 Tahun Sesudah","other":[{"t":"idOrVar","v":"value"}," Tahun Sesudah"],"two":[{"t":"idOrVar","v":"value"}," Tahun Sesudah"],"zero":"0 Tahun Sesudah"},"$x":[{"t":"idOrVar","v":"plural"},"value"]},{"$i":"hour-format12","$v":"%I %p"},{"$i":"hour-format24","$v":"%H"},{"$i":"week-hour-format12","$v":"%I %p"},{"$i":"week-hour-format24","$v":"%H"},{"$i":"hour-allday","$v":"Sepanjang Hari"},{"$i":"kai-week-day","$v":"%a\\n%e"},{"$i":"current-time12","$v":"%I:%M"},{"$i":"current-time24","$v":"%H:%M"},{"$i":"multi-month-view-header-format","$v":"%B %Y"},{"$i":"day-view-header-format","$v":"%A, %B %e"},{"$i":"months-day-view-header-format","$v":"%A, %B %e"},{"$i":"months-day-view-header-format-small","$v":{"$o":"%a <br/> %b, %e"}},{"$i":"week-view-header-format","$v":["Minggu ",{"t":"idOrVar","v":"value"},", %B %Y"]},{"$i":"longDateFormat","$v":"%A, %B %e, %Y"},{"$i":"longTimeFormat","$v":"%A %B %d"},{"$i":"longTimeFormat12","$v":"%A %B %d %I %p"},{"$i":"longTimeFormat24","$v":"%A %B %d %H tepat"},{"$i":"weekTimeFormat12","$v":"%I %p"},{"$i":"weekTimeFormat24","$v":"%H tepat"},{"$i":"weekDayFormat","$v":"%A %d"},{"$i":"alldayLongTimeFormat","$v":"%A %B %d sepanjang hari"},{"$i":"dayHour12","$v":"%I %p"},{"$i":"dayHour24","$v":"%H tepat"},{"$i":"longDateTime12","$v":"%I %p, %a, %d %b, %Y"},{"$i":"longDateTime24","$v":"%H, %a, %d %b, %Y"},{"$i":"upcoming-events","$v":"Acara yang akan datang"},{"$i":"search-results","$v":"Hasil Pencarian"},{"$i":"no-event-found","$v":"Tidak Ada Acara Ditemukan"},{"$i":"longDateTimeNew12","$v":"%a, %B %e, %Y, %I:%M %p"},{"$i":"longDateTimeNew24","$v":"%a, %B %e, %Y, %H:%M"},{"$i":"error-start-date-after-end-date","$v":"Acara tidak dapat berakhir sebelum tanggal mulainya."},{"$i":"error-start-time-after-end-time","$v":"Acara tidak dapat berakhir sebelum waktu mulainya."},{"$i":"error-unauthenticated","$v":"Nama pengguna atau sandi salah, cobalah lagi."},{"$i":"error-internal-server-error","$v":"Kesalahan server, cobalah lagi."},{"$i":"error-unkown","$v":"Server tidak tersedia. Coba lagi nanti."},{"$i":"error-default","$v":"Terjadi kesalahan. Coba lagi nanti."},{"$i":"error-offline","$v":"Tidak ada koneksi internet."},{"$i":"error-account-exist","$v":"Akun ini sudah ada."},{"$i":"error-confirmation-title","$v":"Kesalahan"},{"$i":"error-edit-online-event","$v":"Gagal mengedit acara online karena tidak ada koneksi internet."},{"$i":"error-delete-online-event","$v":"Gagal menghapus acara online karena tidak ada koneksi internet."},{"$i":"notification-error-sync-title","$v":"Kesalahan sinkronkan kalender"},{"$i":"notification-error-sync-description","$v":"Ketuk untuk info selengkapnya"},{"$i":"notification-error-caldav-sync-title","$v":"Kesalahan Akun"},{"$i":"notification-error-caldav-sync-description","$v":"Masuk lagi"},{"$i":"weekday-0-single-char","$v":"M","ariaLabel":"Minggu"},{"$i":"weekday-1-single-char","$v":"S","ariaLabel":"Senin"},{"$i":"weekday-2-single-char","$v":"S","ariaLabel":"Selasa"},{"$i":"weekday-3-single-char","$v":"R","ariaLabel":"Rabu"},{"$i":"weekday-4-single-char","$v":"K","ariaLabel":"Kamis"},{"$i":"weekday-5-single-char","$v":"J","ariaLabel":"Jumat"},{"$i":"weekday-6-single-char","$v":"S","ariaLabel":"Sabtu"},{"$i":"busy","$v":{"few":[{"t":"idOrVar","v":"n"}," acara"],"many":[{"t":"idOrVar","v":"n"}," acara"],"one":[{"t":"idOrVar","v":"n"}," acara"],"other":[{"t":"idOrVar","v":"n"}," acara"],"two":[{"t":"idOrVar","v":"n"}," acara"],"zero":"Tidak ada acara"},"$x":[{"t":"idOrVar","v":"plural"},"n"]},{"$i":"present","ariaLabel":"Hari ini"},{"$i":"past-other-month-description","ariaLabel":"Bulan lain"},{"$i":"future-other-month-description","ariaLabel":"Bulan lain"},{"$i":"icon-calendar-alarm","ariaLabel":"Memiliki alarm"},{"$i":"calendars","ariaLabel":"Kalender"},{"$i":"multi-day-new-event-link","ariaLabel":"Tambah acara"},{"$i":"title","ariaLabel":"Judul"},{"$i":"location","ariaLabel":"Lokasi"},{"$i":"duration","ariaLabel":"Durasi"},{"$i":"calendar","ariaLabel":"Kalender"},{"$i":"alarms","ariaLabel":"Alarm"},{"$i":"description","ariaLabel":"Deskripsi"},{"$i":"start-date","ariaLabel":"Tanggal mulai"},{"$i":"start-time","ariaLabel":"Waktu mulai"},{"$i":"end-date","ariaLabel":"Tanggal berakhir"},{"$i":"end-time","ariaLabel":"Waktu berakhir"},{"$i":"during-progress-loading","ariaValueText":"Memuat"},{"$i":"all-day","ariaLabel":"Sepanjang hari"},{"$i":"create-event","ariaLabel":"Buat acara"},{"$i":"create-all-day-event","ariaLabel":"Buat acara sepanjang hari"},{"$i":"event-one-day-duration","ariaLabel":["dari ",{"t":"idOrVar","v":"startTime"}," hingga ",{"t":"idOrVar","v":"endTime"}]},{"$i":"week-event-one-day-duration","ariaLabel":[{"t":"idOrVar","v":"startDate"}," dari ",{"t":"idOrVar","v":"startTime"}," hingga ",{"t":"idOrVar","v":"endTime"}]},{"$i":"event-multiple-day-duration","ariaLabel":["Dari ",{"t":"idOrVar","v":"startTime"}," ",{"t":"idOrVar","v":"startDate"}," hingga ",{"t":"idOrVar","v":"endTime"}," ",{"t":"idOrVar","v":"endDate"}]},{"$i":"kai-event-added","$v":"Acara ditambahkan."},{"$i":"kai-event-updated","$v":"Acara diperbarui."},{"$i":"kai-event-deleted","$v":"Acara dihapus."},{"$i":"kai-change-save","$v":"Perubahan disimpan"},{"$i":"event-sync-failure","$v":"Tidak dapat menyinkronkan kalender online."},{"$i":"kai-event-calendar","$v":"Kalender"},{"$i":"kai-single-event","$v":"acara"},{"$i":"kai-event-count","$v":"acara"},{"$i":"kai-sync-progress-syncing","$v":"Menyinkronkan"},{"$i":"kai-sync-progress-complete","$v":"Kalender up to date."},{"$i":"kai-settings-sounds","$v":"Suara"},{"$i":"kai-tones","$v":"Nada"},{"$i":"kai-multi-events","$v":"Acara"},{"$i":"kai-confirmation-title","$v":"Konfirmasi"},{"$i":"kai-delete-selectedEvent-confirmation","$v":"Hapus acara yang dipilih?"},{"$i":"kai-deleteEvent-confirmation","$v":"Hapus acara?"},{"$i":"kai-event-search-header","$v":"Cari","placeholder":"Cari"},{"$i":"kai-event-search-upcoming-events","$v":"Acara yang akan datang"},{"$i":"kai-delete","$v":"Hapus"},{"$i":"kai-cancel","$v":"Batal"},{"$i":"kai-dialog-delete-sel","$v":"Apa Anda yakin ingin menghapus acara yang dipilih?"},{"$i":"kai-delete-title","$v":"Hapus acara"},{"$i":"kai-save-changes","$v":"Simpan Perubaha?"},{"$i":"kai-save-message-back","$v":"Semua dara yang telah dimasukkan akan hilang. Apakah Anda ingin menyimpan perubahan?"},{"$i":"kai-save-message-close","$v":"Aplikasi akan ditutup dengan data hilang. Apakah Anda ingin menyimpan perubahan?"},{"$i":"yes","$v":"Ya"},{"$i":"no","$v":"Tidak"},{"$i":"confirmation","$v":"Konfirmasi"},{"$i":"ok","$v":"Ok"},{"$i":"delete-event","$v":"Hapus acara?"},{"$i":"edit-event-no-net","$v":"Gagal mengedit acara online karena tidak ada koneksi internet."},{"$i":"kai-settings-header","$v":"Kalender untuk Ditampilan"},{"$i":"kai-syncing","$v":"Menyinkronkan..."},{"$i":"kai-syncing-header","$v":"Sinkronisasi Akun"},{"$i":"select","$v":"Pilih"},{"$i":"add-event","$v":"Tambah"},{"$i":"week-view","$v":"Tampilan Mingguan"},{"$i":"day-view","$v":"Tampilan Hari"},{"$i":"month-view","$v":"Tampilan per Bulan"},{"$i":"today","$v":"Hari ini"},{"$i":"go","$v":"Masuk ke Tanggal"},{"$i":"search","$v":"Cari"},{"$i":"calendar-to-display","$v":"Kalender untuk Ditampilan"},{"$i":"settings","$v":"Pengaturan"},{"$i":"delete","$v":"Hapus"},{"$i":"enter","$v":"Masuk"},{"$i":"sync-calendar","$v":"Sinkronisasi kalender"},{"$i":"lunar-calendar","$v":"Hari Lunar"},{"$i":"present-description","$v":["Hari ini ",{"t":"idOrVar","v":"weekday"}," ",{"t":"idOrVar","v":"date"}]},{"$i":"day-description","$v":[{"t":"idOrVar","v":"Weekday"}," ",{"t":"idOrVar","v":"date"}]},{"$i":"weekday-5","$v":"Jumat"},{"$i":"weekday-4","$v":"Kamis"},{"$i":"weekday-3","$v":"Rabu"},{"$i":"weekday-2","$v":"Selasa"},{"$i":"weekday-1","$v":"Senin"},{"$i":"weekday-0","$v":"Minggu"},{"$i":"weekday-6","$v":"Sabtu"},{"$i":"no-title","$v":"(Tidak Ada Judul)"},{"$i":"weekday-0-long","$v":"Minggu"},{"$i":"weekday-1-long","$v":"Senin"},{"$i":"weekday-2-long","$v":"Selasa"},{"$i":"weekday-3-long","$v":"Rabu"},{"$i":"weekday-4-long","$v":"Kamis"},{"$i":"weekday-5-long","$v":"Jumat"},{"$i":"weekday-6-long","$v":"Sabtu"},{"$i":"weekday-0-short","$v":"Min"},{"$i":"weekday-1-short","$v":"Sen"},{"$i":"weekday-2-short","$v":"Sel"},{"$i":"weekday-3-short","$v":"Rab"},{"$i":"weekday-4-short","$v":"Kam"},{"$i":"weekday-5-short","$v":"Jum"},{"$i":"weekday-6-short","$v":"Sab"},{"$i":"month-0-long","$v":"Januari"},{"$i":"month-1-long","$v":"Februari"},{"$i":"month-2-long","$v":"Maret"},{"$i":"month-3-long","$v":"April"},{"$i":"month-4-long","$v":"Mei"},{"$i":"month-5-long","$v":"Juni"},{"$i":"month-6-long","$v":"Juli"},{"$i":"month-7-long","$v":"Agustus"},{"$i":"month-8-long","$v":"September"},{"$i":"month-9-long","$v":"Oktober"},{"$i":"month-10-long","$v":"November"},{"$i":"month-11-long","$v":"Desember"},{"$i":"month-0-genitive","$v":"Januari"},{"$i":"month-1-genitive","$v":"Februari"},{"$i":"month-2-genitive","$v":"Maret"},{"$i":"month-3-genitive","$v":"April"},{"$i":"month-4-genitive","$v":"Mei"},{"$i":"month-5-genitive","$v":"Juni"},{"$i":"month-6-genitive","$v":"Juli"},{"$i":"month-7-genitive","$v":"Agustus"},{"$i":"month-8-genitive","$v":"September"},{"$i":"month-9-genitive","$v":"Oktober"},{"$i":"month-10-genitive","$v":"November"},{"$i":"month-11-genitive","$v":"Desember"},{"$i":"month-0-short","$v":"Jan"},{"$i":"month-1-short","$v":"Feb"},{"$i":"month-2-short","$v":"Mar"},{"$i":"month-3-short","$v":"Apr"},{"$i":"month-4-short","$v":"Mei"},{"$i":"month-5-short","$v":"Jun"},{"$i":"month-6-short","$v":"Jul"},{"$i":"month-7-short","$v":"Agt"},{"$i":"month-8-short","$v":"Sep"},{"$i":"month-9-short","$v":"Okt"},{"$i":"month-10-short","$v":"Nov"},{"$i":"month-11-short","$v":"Des"},{"$i":"minutes-ago-long","$v":{"few":[{"t":"idOrVar","v":"value"}," menit yang lalu"],"many":[{"t":"idOrVar","v":"value"}," menit yang lalu"],"one":"semenit yang lalu","other":[{"t":"idOrVar","v":"value"}," menit yang lalu"],"two":[{"t":"idOrVar","v":"value"}," menit yang lalu"],"zero":"baru saja"},"$x":[{"t":"idOrVar","v":"plural"},"value"]},{"$i":"hours-ago-long","$v":{"few":[{"t":"idOrVar","v":"value"}," jam yang lalu"],"many":[{"t":"idOrVar","v":"value"}," jam yang lalu"],"one":"sejam yang lalu","other":[{"t":"idOrVar","v":"value"}," jam yang lalu"],"two":[{"t":"idOrVar","v":"value"}," jam yang lalu"],"zero":"baru saja"},"$x":[{"t":"idOrVar","v":"plural"},"value"]},{"$i":"days-ago-long","$v":{"few":[{"t":"idOrVar","v":"value"}," hari yang lalu"],"many":[{"t":"idOrVar","v":"value"}," hari yang lalu"],"one":"kemarin","other":[{"t":"idOrVar","v":"value"}," hari yang lalu"],"two":[{"t":"idOrVar","v":"value"}," hari yang lalu"],"zero":"hari ini"},"$x":[{"t":"idOrVar","v":"plural"},"value"]},{"$i":"weeks-ago-long","$v":{"few":[{"t":"idOrVar","v":"value"}," pekan yang lalu"],"many":[{"t":"idOrVar","v":"value"}," pekan yang lalu"],"one":"pekan lalu","other":[{"t":"idOrVar","v":"value"}," pekan yang lalu"],"two":[{"t":"idOrVar","v":"value"}," pekan yang lalu"],"zero":"pekan ini"},"$x":[{"t":"idOrVar","v":"plural"},"value"]},{"$i":"months-ago-long","$v":{"few":[{"t":"idOrVar","v":"value"}," bulan yang lalu"],"many":[{"t":"idOrVar","v":"value"}," bulan yang lalu"],"one":"bulan lalu","other":[{"t":"idOrVar","v":"value"}," bulan yang lalu"],"two":[{"t":"idOrVar","v":"value"}," bulan yang lalu"],"zero":"bulan ini"},"$x":[{"t":"idOrVar","v":"plural"},"value"]},{"$i":"years-ago-long","$v":{"few":[{"t":"idOrVar","v":"value"}," tahun yang lalu"],"many":[{"t":"idOrVar","v":"value"}," tahun yang lalu"],"one":"tahun lalu","other":[{"t":"idOrVar","v":"value"}," tahun yang lalu"],"two":[{"t":"idOrVar","v":"value"}," tahun yang lalu"],"zero":"tahun ini"},"$x":[{"t":"idOrVar","v":"plural"},"value"]},{"$i":"minutes-until-long","$v":{"few":["dalam ",{"t":"idOrVar","v":"value"}," menit"],"many":["dalam ",{"t":"idOrVar","v":"value"}," menit"],"one":"dalam satu menit","other":["dalam ",{"t":"idOrVar","v":"value"}," menit"],"two":["dalam ",{"t":"idOrVar","v":"value"}," menit"],"zero":"sekarang"},"$x":[{"t":"idOrVar","v":"plural"},"value"]},{"$i":"hours-until-long","$v":{"few":["dalam ",{"t":"idOrVar","v":"value"}," jam"],"many":["dalam ",{"t":"idOrVar","v":"value"}," jam"],"one":"dalam satu jam","other":["dalam ",{"t":"idOrVar","v":"value"}," jam"],"two":["dalam ",{"t":"idOrVar","v":"value"}," jam"],"zero":"sekarang"},"$x":[{"t":"idOrVar","v":"plural"},"value"]},{"$i":"days-until-long","$v":{"few":["dalam ",{"t":"idOrVar","v":"value"}," hari"],"many":["dalam ",{"t":"idOrVar","v":"value"}," hari"],"one":"besok","other":["dalam ",{"t":"idOrVar","v":"value"}," hari"],"two":["dalam ",{"t":"idOrVar","v":"value"}," hari"],"zero":"hari ini"},"$x":[{"t":"idOrVar","v":"plural"},"value"]},{"$i":"weeks-until-long","$v":{"few":["dalam ",{"t":"idOrVar","v":"value"}," pekan"],"many":["dalam ",{"t":"idOrVar","v":"value"}," pekan"],"one":"pekan depan","other":["dalam ",{"t":"idOrVar","v":"value"}," pekan"],"two":["dalam ",{"t":"idOrVar","v":"value"}," pekan"],"zero":"pekan ini"},"$x":[{"t":"idOrVar","v":"plural"},"value"]},{"$i":"months-until-long","$v":{"few":["dalam ",{"t":"idOrVar","v":"value"}," bulan"],"many":["dalam ",{"t":"idOrVar","v":"value"}," bulan"],"one":"bulan depan","other":["dalam ",{"t":"idOrVar","v":"value"}," bulan"],"two":["dalam ",{"t":"idOrVar","v":"value"}," bulan"],"zero":"bulan ini"},"$x":[{"t":"idOrVar","v":"plural"},"value"]},{"$i":"years-until-long","$v":{"few":["dalam ",{"t":"idOrVar","v":"value"}," tahun"],"many":["dalam ",{"t":"idOrVar","v":"value"}," tahun"],"one":"tahun depan","other":["dalam ",{"t":"idOrVar","v":"value"}," tahun"],"two":["dalam ",{"t":"idOrVar","v":"value"}," tahun"],"zero":"tahun ini"},"$x":[{"t":"idOrVar","v":"plural"},"value"]},{"$i":"minutes-ago-short","$v":{"other":[{"t":"idOrVar","v":"value"},"menit yang lalu"],"zero":"baru saja"},"$x":[{"t":"idOrVar","v":"plural"},"value"]},{"$i":"hours-ago-short","$v":{"other":[{"t":"idOrVar","v":"value"},"j yang lalu"],"zero":"baru saja"},"$x":[{"t":"idOrVar","v":"plural"},"value"]},{"$i":"days-ago-short","$v":{"other":[{"t":"idOrVar","v":"value"},"h yang lalu"],"zero":"hari ini"},"$x":[{"t":"idOrVar","v":"plural"},"value"]},{"$i":"minutes-until-short","$v":{"other":["dalam ",{"t":"idOrVar","v":"value"},"m"],"zero":"sekarang"},"$x":[{"t":"idOrVar","v":"plural"},"value"]},{"$i":"hours-until-short","$v":{"other":["dalam ",{"t":"idOrVar","v":"value"},"j"],"zero":"sekarang"},"$x":[{"t":"idOrVar","v":"plural"},"value"]},{"$i":"days-until-short","$v":{"other":["dalam ",{"t":"idOrVar","v":"value"},"h"],"zero":"hari ini"},"$x":[{"t":"idOrVar","v":"plural"},"value"]},{"$i":"incorrectDate","$v":"(tanggal salah)"},{"$i":"dateTimeFormat_%c","$v":"%a %b %e %Y %I:%M:%S %p"},{"$i":"dateTimeFormat_%x","$v":"%m/%d/%Y"},{"$i":"dateTimeFormat_%X","$v":"%I:%M:%S %p"},{"$i":"shortTimeFormat","$v":"%I:%M %p"},{"$i":"shortTimeFormat12","$v":"%I:%M %p"},{"$i":"shortTimeFormat24","$v":"%H:%M"},{"$i":"shortDateTimeFormat","$v":"%x %I:%M %p"},{"$i":"weekStartsOnMonday","$v":"0.0"},{"$i":"firstDayOfTheWeek","$v":"0.0"},{"$i":"time_am","$v":"AM"},{"$i":"time_pm","$v":"PM"},{"$i":"softkey-options","$v":"Opsi"}]