[{"$i":"back","$v":"Indietro"},{"$i":"save","$v":"Salva"},{"$i":"cancel","$v":"Annulla"},{"$i":"next","$v":"Successivo"},{"$i":"hide","$v":"Nascondi"},{"$i":"confirm","$v":"Conferma"},{"$i":"done","$v":"Fine"},{"$i":"events","$v":"Promemoria di eventi"},{"$i":"edit","$v":"Modifica"},{"$i":"allday-events","$v":"Eventi per tutto il giorno"},{"$i":"no-events","$v":"Nessun evento"},{"$i":"default","$v":"Predefinito"},{"$i":"sync","$v":"Sincronizza"},{"$i":"repeat","$v":"Ripeti"},{"$i":"never","$v":"Mai"},{"$i":"every-day","$v":"Ogni giorno"},{"$i":"every-week","$v":"Ogni settimana"},{"$i":"every-2-weeks","$v":"Ogni 2 settimane"},{"$i":"every-month","$v":"Ogni mese"},{"$i":"view-never","$v":"Ripeti: mai"},{"$i":"view-every-day","$v":"Ripeti: tutti i giorni"},{"$i":"view-every-week","$v":"Ripeti: settimanalmente"},{"$i":"view-every-2-weeks","$v":"Ripeti: ogni due settimane"},{"$i":"view-every-month","$v":"Ripeti: mensilmente"},{"$i":"repeat-event-header","$v":"Si tratta di un evento con ripetizione."},{"$i":"delete-this-only","$v":"Elimina solo attuale"},{"$i":"delete-all","$v":"Elimina tutto"},{"$i":"event-edit-all","$v":"Modifica tutti gli eventi"},{"$i":"event-edit-all-future","$v":"Modifica tutti gli eventi futuri"},{"$i":"options","$v":"Opzioni"},{"$i":"event-delete-all","$v":"Elimina tutto"},{"$i":"event-delete-all-future","$v":"Elimina tutti gli eventi futuri"},{"$i":"delete-account","$v":"Elimina account"},{"$i":"exchange-account","$v":"ActiveSync"},{"$i":"account-user-name","$v":"Nome utente"},{"$i":"incorrect-password-description","$v":"Impossibile accedere al server. Verificare che la password sia corretta."},{"$i":"incorrect-password","$v":"Password errata. Riprovare."},{"$i":"account-duplicate","$v":"L'account esiste già. La sincronizzazione è attiva."},{"$i":"error-account","$v":"Server non disponibile. Riprovare più tardi."},{"$i":"error-access-denied","$v":"Si è verificato un errore sconosciuto, riprovare più tardi."},{"$i":"error-time-out","$v":["Impossibile stabilire la connessione con \"",{"t":"idOrVar","v":"server"},"\". Potrebbe esserci un problema con la rete."]},{"$i":"caldav-account-exist","$v":"L'account esiste già."},{"$i":"save-password","$v":"Password salvata."},{"$i":"account-login","$v":"Accesso all'account"},{"$i":"setting-up-account","$v":"Configurazione di un account in corso"},{"$i":"setup-account-usedInfo","$v":"L'account verrà utilizzato dalle app seguenti. È possibile modificare questa opzione in Impostazioni>Account."},{"$i":"app-calendar","$v":"Calendario"},{"$i":"show-today","$v":"Oggi"},{"$i":"show-month-view","$v":"Mese"},{"$i":"show-week-view","$v":"Settimana"},{"$i":"show-day-view","$v":"Giorno"},{"$i":"settings-show","$v":"Impostazioni"},{"$i":"settings-hide","$v":"Nascondi impostazioni"},{"$i":"add-account","$v":"Aggiungere un account"},{"$i":"new-event","$v":"Aggiungi evento"},{"$i":"view-event-header","$v":"Dettagli evento"},{"$i":"new-event-header","$v":"Aggiungi evento"},{"$i":"edit-event-header","$v":"Modifica evento"},{"$i":"account-header","$v":"Account"},{"$i":"account-list-header","$v":"Account"},{"$i":"advanced-settings-short-icon-button","ariaLabel":"Impostazioni"},{"$i":"advanced-settings-header","$v":"Impostazioni Calendario"},{"$i":"advanced-settings-personalization","$v":"Aggiorna frequenza"},{"$i":"advanced-settings-reminders","$v":"Promemoria"},{"$i":"advanced-settings-add-account","$v":"Aggiungi account"},{"$i":"field-user","$v":"Nome utente"},{"$i":"field-password","$v":"Password"},{"$i":"show-password","$v":"Mostra password"},{"$i":"field-full-url","$v":"URL"},{"$i":"modify-account-setting-up","$v":"Attendere la configurazione dell'account"},{"$i":"modify-account-unable-to-sync","$v":"Impossibile sincronizzare"},{"$i":"modify-account-sign-in","$v":"Accedi"},{"$i":"kai-caldav","$v":"CalDav"},{"$i":"kai-yahoo","$v":"Yahoo!"},{"$i":"kai-google","$v":"Google"},{"$i":"preset-mozilla","$v":"Mozilla Zimbra"},{"$i":"calendar-local","$v":"Calendario telefono"},{"$i":"event-title","$v":"Titolo"},{"$i":"event-location","$v":"Posizione"},{"$i":"event-description","$v":"Note"},{"$i":"event-is-allday","$v":"Per tutto il giorno"},{"$i":"event-start-date","$v":"Data di inizio"},{"$i":"event-end-date","$v":"Data di fine"},{"$i":"event-start-time","$v":"Ora di inizio"},{"$i":"event-end-time","$v":"Ora di fine"},{"$i":"event-delete","$v":"Elimina evento"},{"$i":"event-is-deleting","$v":"Eliminazione in corso..."},{"$i":"remove-account-data","$v":"Rimuovi account"},{"$i":"remove-account-dialog","$v":"Rimuovi account"},{"$i":"remove-account-dialog-details","$v":["Rimuovere \"",{"t":"idOrVar","v":"email"},"\" dal dispositivo?"]},{"$i":"remove","$v":"Rimuovi"},{"$i":"drawer-sync-icon-button","ariaLabel":"Sincronizza"},{"$i":"sync-progress-syncing","ariaValueText":"Sincronizzazione in corso"},{"$i":"sync-progress-complete","ariaValueText":"Sincronizzazione completata"},{"$i":"sync-frequency","$v":"Sincronizza Calendario"},{"$i":"sync-frequency-15min","$v":"Ogni 15 minuti"},{"$i":"sync-frequency-30min","$v":"Ogni 30 minuti"},{"$i":"sync-frequency-manual","$v":"Manualmente"},{"$i":"from","$v":"Da"},{"$i":"to","$v":"A"},{"$i":"one-day-duration-title","$v":[{"t":"idOrVar","v":"startDate"}]},{"$i":"one-day-duration-content","$v":["Dalle ",{"t":"idOrVar","v":"startTime"}," alle ",{"t":"idOrVar","v":"endTime"}]},{"$i":"multiple-day-duration-title","$v":[{"t":"idOrVar","v":"startTime"}," ",{"t":"idOrVar","v":"startDate"}]},{"$i":"multiple-day-duration-content","$v":[{"t":"idOrVar","v":"endTime"}," ",{"t":"idOrVar","v":"endDate"}]},{"$i":"one-all-day-duration-title","$v":[{"t":"idOrVar","v":"startDate"}]},{"$i":"all-day-duration-content","$v":"Evento di una giornata"},{"$i":"multiple-all-day-duration-title","$v":["Da ",{"t":"idOrVar","v":"startDate"}]},{"$i":"multiple-all-day-duration-content","$v":["Al ",{"t":"idOrVar","v":"endDate"}]},{"$i":"none","$v":"Nessuno"},{"$i":"reminder","$v":"Promemoria evento"},{"$i":"remind-me","$v":"Ricordamelo"},{"$i":"alarm-at-event-standard","$v":"All'ora dell'evento"},{"$i":"alarm-at-event-allday","$v":"Nel giorno dell'evento"},{"$i":"alarm-at-event-allday-hour12","$v":"Il giorno dell'evento (9:00 AM)"},{"$i":"alarm-at-event-allday-hour24","$v":"Il giorno dell'evento (9:00)"},{"$i":"alarm-start-notice","$v":[{"t":"idOrVar","v":"title"}," inizia ",{"t":"idOrVar","v":"distance"}]},{"$i":"alarm-started-notice","$v":[{"t":"idOrVar","v":"title"}," iniziato ",{"t":"idOrVar","v":"distance"}]},{"$i":"alarm-start-notice-two-days","$v":[{"t":"idOrVar","v":"title"}," inizierà tra due giorni"]},{"$i":"alarm-start-notice-few-days","$v":[{"t":"idOrVar","v":"title"}," inizierà tra ",{"t":"idOrVar","v":"distance"}]},{"$i":"days-before-hour12","$v":{"few":[{"t":"idOrVar","v":"value"}," giorni prima (9:00 AM)"],"many":[{"t":"idOrVar","v":"value"}," giorni prima (9:00 AM)"],"one":"1 giorno prima (9:00 AM)","other":[{"t":"idOrVar","v":"value"}," giorni prima (9:00 AM)"],"two":[{"t":"idOrVar","v":"value"}," giorni prima (9:00 AM)"],"zero":"0 giorni prima (9:00 AM)"},"$x":[{"t":"idOrVar","v":"plural"},"value"]},{"$i":"weeks-before-hour12","$v":{"few":[{"t":"idOrVar","v":"value"}," settimane prima (9:00 AM)"],"many":[{"t":"idOrVar","v":"value"}," settimane prima (9:00 AM)"],"one":"1 settimana prima (9:00 AM)","other":[{"t":"idOrVar","v":"value"}," settimane prima (9:00 AM)"],"two":[{"t":"idOrVar","v":"value"}," settimane prima (9:00 AM)"],"zero":"0 settimane prima (9:00 AM)"},"$x":[{"t":"idOrVar","v":"plural"},"value"]},{"$i":"days-before-hour24","$v":{"few":[{"t":"idOrVar","v":"value"}," giorni prima (9:00)"],"many":[{"t":"idOrVar","v":"value"}," giorni prima (9:00)"],"one":"1 giorno prima (9:00)","other":[{"t":"idOrVar","v":"value"}," giorni prima (9:00)"],"two":[{"t":"idOrVar","v":"value"}," giorni prima (9:00)"],"zero":"0 giorni prima (9:00)"},"$x":[{"t":"idOrVar","v":"plural"},"value"]},{"$i":"weeks-before-hour24","$v":{"few":[{"t":"idOrVar","v":"value"}," settimane prima (9:00)"],"many":[{"t":"idOrVar","v":"value"}," settimane prima (9:00)"],"one":"1 settimana prima (9:00)","other":[{"t":"idOrVar","v":"value"}," settimane prima (9:00)"],"two":[{"t":"idOrVar","v":"value"}," settimane prima (9:00)"],"zero":"0 settimane prima (9:00)"},"$x":[{"t":"idOrVar","v":"plural"},"value"]},{"$i":"minutes-before","$v":{"few":[{"t":"idOrVar","v":"value"}," minuti prima"],"many":[{"t":"idOrVar","v":"value"}," minuti prima"],"one":"1 minuto prima","other":[{"t":"idOrVar","v":"value"}," minuti prima"],"two":[{"t":"idOrVar","v":"value"}," minuti prima"],"zero":"0 minuti prima"},"$x":[{"t":"idOrVar","v":"plural"},"value"]},{"$i":"hours-before","$v":{"few":[{"t":"idOrVar","v":"value"}," ore prima"],"many":[{"t":"idOrVar","v":"value"}," ore prima"],"one":"1 ora prima","other":[{"t":"idOrVar","v":"value"}," ore prima"],"two":[{"t":"idOrVar","v":"value"}," ore prima"],"zero":"0 ore prima"},"$x":[{"t":"idOrVar","v":"plural"},"value"]},{"$i":"days-before","$v":{"few":[{"t":"idOrVar","v":"value"}," giorni fa"],"many":[{"t":"idOrVar","v":"value"}," giorni fa"],"one":"1 giorno prima","other":[{"t":"idOrVar","v":"value"}," giorni prima"],"two":[{"t":"idOrVar","v":"value"}," giorni prima"],"zero":"0 giorni prima"},"$x":[{"t":"idOrVar","v":"plural"},"value"]},{"$i":"weeks-before","$v":{"few":[{"t":"idOrVar","v":"value"}," settimane fa"],"many":[{"t":"idOrVar","v":"value"}," settimane fa"],"one":"1 settimana fa","other":[{"t":"idOrVar","v":"value"}," settimane fa"],"two":[{"t":"idOrVar","v":"value"}," settimane fa"],"zero":"0 settimane fa"},"$x":[{"t":"idOrVar","v":"plural"},"value"]},{"$i":"months-before","$v":{"few":[{"t":"idOrVar","v":"value"}," mesi fa"],"many":[{"t":"idOrVar","v":"value"}," mesi fa"],"one":"1 mese fa","other":[{"t":"idOrVar","v":"value"}," mesi fa"],"two":[{"t":"idOrVar","v":"value"}," mesi fa"],"zero":"0 mesi fa"},"$x":[{"t":"idOrVar","v":"plural"},"value"]},{"$i":"years-before","$v":{"few":[{"t":"idOrVar","v":"value"}," anni fa"],"many":[{"t":"idOrVar","v":"value"}," anni fa"],"one":"1 anno fa","other":[{"t":"idOrVar","v":"value"}," anni fa"],"two":[{"t":"idOrVar","v":"value"}," anni fa"],"zero":"0 anni fa"},"$x":[{"t":"idOrVar","v":"plural"},"value"]},{"$i":"minutes-after","$v":{"few":["Fra ",{"t":"idOrVar","v":"value"}," minuti"],"many":["Fra ",{"t":"idOrVar","v":"value"}," minuti"],"one":"Fra 1 minuto","other":["Fra ",{"t":"idOrVar","v":"value"}," minuti"],"two":["Fra ",{"t":"idOrVar","v":"value"}," minuti"],"zero":"Fra 0 minuti"},"$x":[{"t":"idOrVar","v":"plural"},"value"]},{"$i":"hours-after","$v":{"few":["Fra ",{"t":"idOrVar","v":"value"}," ore"],"many":["Fra ",{"t":"idOrVar","v":"value"}," ore"],"one":"Fra 1 ora","other":["Fra ",{"t":"idOrVar","v":"value"}," ore"],"two":["Fra ",{"t":"idOrVar","v":"value"}," ore"],"zero":"Fra 0 ore"},"$x":[{"t":"idOrVar","v":"plural"},"value"]},{"$i":"days-after","$v":{"few":["Fra ",{"t":"idOrVar","v":"value"}," giorni"],"many":["Fra ",{"t":"idOrVar","v":"value"}," giorni"],"one":"Fra 1 giorno","other":["Fra ",{"t":"idOrVar","v":"value"}," giorni"],"two":["Fra ",{"t":"idOrVar","v":"value"}," giorni"],"zero":"Fra 0 giorni"},"$x":[{"t":"idOrVar","v":"plural"},"value"]},{"$i":"weeks-after","$v":{"few":["Fra ",{"t":"idOrVar","v":"value"}," settimane"],"many":["Fra ",{"t":"idOrVar","v":"value"}," settimane"],"one":"Fra 1 settimana","other":["Fra ",{"t":"idOrVar","v":"value"}," settimane"],"two":["Fra ",{"t":"idOrVar","v":"value"}," settimane"],"zero":"Fra 0 settimane"},"$x":[{"t":"idOrVar","v":"plural"},"value"]},{"$i":"months-after","$v":{"few":["Fra ",{"t":"idOrVar","v":"value"}," mesi"],"many":["Fra ",{"t":"idOrVar","v":"value"}," mesi"],"one":"Fra 1 mese","other":["Fra ",{"t":"idOrVar","v":"value"}," mesi"],"two":["Fra ",{"t":"idOrVar","v":"value"}," mesi"],"zero":"Fra 0 mesi"},"$x":[{"t":"idOrVar","v":"plural"},"value"]},{"$i":"years-after","$v":{"few":["Fra ",{"t":"idOrVar","v":"value"}," anni"],"many":["Fra ",{"t":"idOrVar","v":"value"}," anni"],"one":"Fra 1 anno","other":["Fra ",{"t":"idOrVar","v":"value"}," anni"],"two":["Fra ",{"t":"idOrVar","v":"value"}," anni"],"zero":"Fra 0 anni"},"$x":[{"t":"idOrVar","v":"plural"},"value"]},{"$i":"hour-format12","$v":"%I %p"},{"$i":"hour-format24","$v":"%H"},{"$i":"week-hour-format12","$v":"%I %p"},{"$i":"week-hour-format24","$v":"%H"},{"$i":"hour-allday","$v":"Tutto il giorno"},{"$i":"kai-week-day","$v":"%a\\n%e"},{"$i":"current-time12","$v":"%I:%M"},{"$i":"current-time24","$v":"%H:%M"},{"$i":"multi-month-view-header-format","$v":"%B %Y"},{"$i":"day-view-header-format","$v":"%A, %B %e"},{"$i":"months-day-view-header-format","$v":"%A, %B %e"},{"$i":"months-day-view-header-format-small","$v":{"$o":"%a <br/> %b, %e"}},{"$i":"week-view-header-format","$v":["Settimana ",{"t":"idOrVar","v":"value"},", %B %Y"]},{"$i":"longDateFormat","$v":"%A, %B %d, %Y"},{"$i":"longTimeFormat","$v":"%A %B %d"},{"$i":"longTimeFormat12","$v":"%A %B %d %I %p"},{"$i":"longTimeFormat24","$v":"%A %B %d %H"},{"$i":"weekTimeFormat12","$v":"%I %p"},{"$i":"weekTimeFormat24","$v":"%H"},{"$i":"weekDayFormat","$v":"%A %d"},{"$i":"alldayLongTimeFormat","$v":"%A %B %d tutto il giorno"},{"$i":"dayHour12","$v":"%I %p"},{"$i":"dayHour24","$v":"%H"},{"$i":"longDateTime12","$v":"%I %p, %a, %d %b, %Y"},{"$i":"longDateTime24","$v":"%H, %a, %d %b, %Y"},{"$i":"upcoming-events","$v":"Eventi in arrivo"},{"$i":"search-results","$v":"Risultati ricerca"},{"$i":"no-event-found","$v":"Nessun evento trovato"},{"$i":"longDateTimeNew12","$v":"%a, %B %e, %Y, %I:%M %p"},{"$i":"longDateTimeNew24","$v":"%a, %B %e, %Y, %H:%M"},{"$i":"error-start-date-after-end-date","$v":"L'evento non può avere una data di fine antecedente alla data di inizio."},{"$i":"error-start-time-after-end-time","$v":"L'evento non può avere un'ora di fine antecedente all'ora di inizio."},{"$i":"error-unauthenticated","$v":"Nome utente o password errati. Riprovare."},{"$i":"error-internal-server-error","$v":"Errore del server. Riprovare."},{"$i":"error-unkown","$v":"Server non disponibile. Riprovare più tardi."},{"$i":"error-default","$v":"Errore. Riprovare più tardi."},{"$i":"error-offline","$v":"Impossibile connettersi a Internet. Usare il Wi-Fi o i dati mobili per accedere a Internet."},{"$i":"error-account-exist","$v":"L'account esiste già."},{"$i":"error-confirmation-title","$v":"Errore"},{"$i":"error-edit-online-event","$v":"Impossibile modificare l'evento in linea perché è assente la connessione a Internet."},{"$i":"error-delete-online-event","$v":"Impossibile eliminare l'evento in linea perché è assente la connessione a Internet."},{"$i":"notification-error-sync-title","$v":"Errore di sincronizzazione del Calendario"},{"$i":"notification-error-sync-description","$v":"Toccare per visualizzare altre informazioni"},{"$i":"notification-error-caldav-sync-title","$v":"Errore dell'account"},{"$i":"notification-error-caldav-sync-description","$v":"Accedi di nuovo"},{"$i":"weekday-0-single-char","$v":"Dom","ariaLabel":"Domenica"},{"$i":"weekday-1-single-char","$v":"Lun","ariaLabel":"Lunedì"},{"$i":"weekday-2-single-char","$v":"Mar","ariaLabel":"Martedì"},{"$i":"weekday-3-single-char","$v":"Mer","ariaLabel":"Mercoledì"},{"$i":"weekday-4-single-char","$v":"Gio","ariaLabel":"Giovedì"},{"$i":"weekday-5-single-char","$v":"Ven","ariaLabel":"Venerdì"},{"$i":"weekday-6-single-char","$v":"Sab","ariaLabel":"Sabato"},{"$i":"busy","$v":{"few":[{"t":"idOrVar","v":"n"}," eventi"],"many":[{"t":"idOrVar","v":"n"}," eventi"],"one":[{"t":"idOrVar","v":"n"}," evento"],"other":[{"t":"idOrVar","v":"n"}," eventi"],"two":[{"t":"idOrVar","v":"n"}," eventi"],"zero":"Nessun evento"},"$x":[{"t":"idOrVar","v":"plural"},"n"]},{"$i":"present","ariaLabel":"Oggi"},{"$i":"past-other-month-description","ariaLabel":"Altro mese"},{"$i":"future-other-month-description","ariaLabel":"Altro mese"},{"$i":"icon-calendar-alarm","ariaLabel":"Ha un allarme"},{"$i":"calendars","ariaLabel":"Calendari"},{"$i":"multi-day-new-event-link","ariaLabel":"Aggiungi evento"},{"$i":"title","ariaLabel":"Titolo"},{"$i":"location","ariaLabel":"Posizione"},{"$i":"duration","ariaLabel":"Durata"},{"$i":"calendar","ariaLabel":"Calendario"},{"$i":"alarms","ariaLabel":"Allarmi"},{"$i":"description","ariaLabel":"Descrizione"},{"$i":"start-date","ariaLabel":"Data di inizio"},{"$i":"start-time","ariaLabel":"Ora di inizio"},{"$i":"end-date","ariaLabel":"Data di fine"},{"$i":"end-time","ariaLabel":"Ora di fine"},{"$i":"during-progress-loading","ariaValueText":"Caricamento in corso"},{"$i":"all-day","ariaLabel":"Tutto il giorno"},{"$i":"create-event","ariaLabel":"Crea evento"},{"$i":"create-all-day-event","ariaLabel":"Crea evento per tutto il giorno"},{"$i":"event-one-day-duration","ariaLabel":["dalle ",{"t":"idOrVar","v":"startTime"}," alle ",{"t":"idOrVar","v":"endTime"}]},{"$i":"week-event-one-day-duration","ariaLabel":["Il ",{"t":"idOrVar","v":"startDate"}," dalle ",{"t":"idOrVar","v":"startTime"}," alle ",{"t":"idOrVar","v":"endTime"}]},{"$i":"event-multiple-day-duration","ariaLabel":["Dalle ",{"t":"idOrVar","v":"startTime"}," del ",{"t":"idOrVar","v":"startDate"}," alle ",{"t":"idOrVar","v":"endTime"}," del ",{"t":"idOrVar","v":"endDate"}]},{"$i":"kai-event-added","$v":"Evento aggiunto."},{"$i":"kai-event-updated","$v":"Evento aggiornato."},{"$i":"kai-event-deleted","$v":"Evento eliminato."},{"$i":"kai-change-save","$v":"Modifiche salvate"},{"$i":"event-sync-failure","$v":"Impossibile sincronizzare"},{"$i":"kai-event-calendar","$v":"Calendario"},{"$i":"kai-single-event","$v":"evento"},{"$i":"kai-event-count","$v":"eventi"},{"$i":"kai-sync-progress-syncing","$v":"Sincronizzazione in corso"},{"$i":"kai-sync-progress-complete","$v":"Calendario aggiornato."},{"$i":"kai-settings-sounds","$v":"Suoni"},{"$i":"kai-tones","$v":"Toni"},{"$i":"kai-multi-events","$v":"Eventi"},{"$i":"kai-confirmation-title","$v":"Conferma"},{"$i":"kai-delete-selectedEvent-confirmation","$v":"Eliminare l'evento selezionato?"},{"$i":"kai-deleteEvent-confirmation","$v":"Eliminare l'evento?"},{"$i":"kai-event-search-header","$v":"Cerca","placeholder":"Cerca"},{"$i":"kai-event-search-upcoming-events","$v":"Eventi in arrivo"},{"$i":"kai-delete","$v":"Elimina"},{"$i":"kai-cancel","$v":"Annulla"},{"$i":"kai-dialog-delete-sel","$v":"Eliminare l'evento selezionato?"},{"$i":"kai-delete-title","$v":"Elimina evento"},{"$i":"kai-save-changes","$v":"Salvare le modifiche?"},{"$i":"kai-save-message-back","$v":"Tutti i dati inseriti andranno persi. Salvare le modifiche?"},{"$i":"kai-save-message-close","$v":"I dati andranno persi alla chiusura dell'applicazione. Salvare le modifiche?"},{"$i":"yes","$v":"Sì"},{"$i":"no","$v":"No"},{"$i":"confirmation","$v":"Conferma"},{"$i":"ok","$v":"OK"},{"$i":"delete-event","$v":"Eliminare l'evento selezionato?"},{"$i":"edit-event-no-net","$v":"Impossibile modificare l'evento online a causa della connessione Internet assente."},{"$i":"kai-settings-header","$v":"Calendario da visualizzare"},{"$i":"kai-syncing","$v":"Sincronizzazione in corso..."},{"$i":"kai-syncing-header","$v":"Sincronizzazione account"},{"$i":"select","$v":"Seleziona"},{"$i":"add-event","$v":"Aggiungi"},{"$i":"week-view","$v":"Visualizzazione settimanale"},{"$i":"day-view","$v":"Visualizzazione giornaliera"},{"$i":"month-view","$v":"Visualizzazione mensile"},{"$i":"today","$v":"Oggi"},{"$i":"go","$v":"Vai a Data"},{"$i":"search","$v":"Cerca"},{"$i":"calendar-to-display","$v":"Calendario da visualizzare"},{"$i":"settings","$v":"Impostazioni"},{"$i":"delete","$v":"Elimina"},{"$i":"enter","$v":"Invio"},{"$i":"sync-calendar","$v":"Sincronizzare il calendario"},{"$i":"lunar-calendar","$v":"Giorno lunare"},{"$i":"present-description","$v":["Oggi ",{"t":"idOrVar","v":"weekday"},", ",{"t":"idOrVar","v":"date"}]},{"$i":"day-description","$v":[{"t":"idOrVar","v":"weekday"},", ",{"t":"idOrVar","v":"date"}]},{"$i":"weekday-5","$v":"Venerdì"},{"$i":"weekday-4","$v":"Giovedì"},{"$i":"weekday-3","$v":"Mercoledì"},{"$i":"weekday-2","$v":"Martedì"},{"$i":"weekday-1","$v":"Lunedì"},{"$i":"weekday-0","$v":"Domenica"},{"$i":"weekday-6","$v":"Sabato"},{"$i":"no-title","$v":"(Nessun titolo)"},{"$i":"weekday-0-long","$v":"Domenica"},{"$i":"weekday-1-long","$v":"Lunedì"},{"$i":"weekday-2-long","$v":"Martedì"},{"$i":"weekday-3-long","$v":"Mercoledì"},{"$i":"weekday-4-long","$v":"Giovedì"},{"$i":"weekday-5-long","$v":"Venerdì"},{"$i":"weekday-6-long","$v":"Sabato"},{"$i":"weekday-0-short","$v":"Dom"},{"$i":"weekday-1-short","$v":"Lun"},{"$i":"weekday-2-short","$v":"Mar"},{"$i":"weekday-3-short","$v":"Mer"},{"$i":"weekday-4-short","$v":"Gio"},{"$i":"weekday-5-short","$v":"Ven"},{"$i":"weekday-6-short","$v":"Sab"},{"$i":"month-0-long","$v":"Gennaio"},{"$i":"month-1-long","$v":"Febbraio"},{"$i":"month-2-long","$v":"Marzo"},{"$i":"month-3-long","$v":"Aprile"},{"$i":"month-4-long","$v":"Maggio"},{"$i":"month-5-long","$v":"Giugno"},{"$i":"month-6-long","$v":"Luglio"},{"$i":"month-7-long","$v":"Agosto"},{"$i":"month-8-long","$v":"Settembre"},{"$i":"month-9-long","$v":"Ottobre"},{"$i":"month-10-long","$v":"Novembre"},{"$i":"month-11-long","$v":"Dicembre"},{"$i":"month-0-genitive","$v":"Gennaio"},{"$i":"month-1-genitive","$v":"Febbraio"},{"$i":"month-2-genitive","$v":"Marzo"},{"$i":"month-3-genitive","$v":"Aprile"},{"$i":"month-4-genitive","$v":"Maggio"},{"$i":"month-5-genitive","$v":"Giugno"},{"$i":"month-6-genitive","$v":"Luglio"},{"$i":"month-7-genitive","$v":"Agosto"},{"$i":"month-8-genitive","$v":"Settembre"},{"$i":"month-9-genitive","$v":"Ottobre"},{"$i":"month-10-genitive","$v":"Novembre"},{"$i":"month-11-genitive","$v":"Dicembre"},{"$i":"month-0-short","$v":"Gen"},{"$i":"month-1-short","$v":"Feb"},{"$i":"month-2-short","$v":"Mar"},{"$i":"month-3-short","$v":"Apr"},{"$i":"month-4-short","$v":"Mag"},{"$i":"month-5-short","$v":"Giu"},{"$i":"month-6-short","$v":"Lug"},{"$i":"month-7-short","$v":"Ago"},{"$i":"month-8-short","$v":"Set"},{"$i":"month-9-short","$v":"Ott"},{"$i":"month-10-short","$v":"Nov"},{"$i":"month-11-short","$v":"Dic"},{"$i":"minutes-ago-long","$v":{"few":[{"t":"idOrVar","v":"value"}," minuti fa"],"many":[{"t":"idOrVar","v":"value"}," minuti fa"],"one":"un minuto fa","other":[{"t":"idOrVar","v":"value"}," minuti fa"],"two":[{"t":"idOrVar","v":"value"}," minuti fa"],"zero":"adesso"},"$x":[{"t":"idOrVar","v":"plural"},"value"]},{"$i":"hours-ago-long","$v":{"few":[{"t":"idOrVar","v":"value"}," ore fa"],"many":[{"t":"idOrVar","v":"value"}," ore fa"],"one":"un'ora fa","other":[{"t":"idOrVar","v":"value"}," ore fa"],"two":[{"t":"idOrVar","v":"value"}," ore fa"],"zero":"adesso"},"$x":[{"t":"idOrVar","v":"plural"},"value"]},{"$i":"days-ago-long","$v":{"few":[{"t":"idOrVar","v":"value"}," giorni fa"],"many":[{"t":"idOrVar","v":"value"}," giorni fa"],"one":"ieri","other":[{"t":"idOrVar","v":"value"}," giorni fa"],"two":[{"t":"idOrVar","v":"value"}," giorni fa"],"zero":"oggi"},"$x":[{"t":"idOrVar","v":"plural"},"value"]},{"$i":"weeks-ago-long","$v":{"few":[{"t":"idOrVar","v":"value"}," settimane fa"],"many":[{"t":"idOrVar","v":"value"}," settimane fa"],"one":"una settimana fa","other":[{"t":"idOrVar","v":"value"}," settimane fa"],"two":[{"t":"idOrVar","v":"value"}," settimane fa"],"zero":"questa settimana"},"$x":[{"t":"idOrVar","v":"plural"},"value"]},{"$i":"months-ago-long","$v":{"few":[{"t":"idOrVar","v":"value"}," mesi fa"],"many":[{"t":"idOrVar","v":"value"}," mesi fa"],"one":"un mese fa","other":[{"t":"idOrVar","v":"value"}," mesi fa"],"two":[{"t":"idOrVar","v":"value"}," mesi fa"],"zero":"questo mese"},"$x":[{"t":"idOrVar","v":"plural"},"value"]},{"$i":"years-ago-long","$v":{"few":[{"t":"idOrVar","v":"value"}," anni fa"],"many":[{"t":"idOrVar","v":"value"}," anni fa"],"one":"un anno fa","other":[{"t":"idOrVar","v":"value"}," anni fa"],"two":[{"t":"idOrVar","v":"value"}," anni fa"],"zero":"quest'anno"},"$x":[{"t":"idOrVar","v":"plural"},"value"]},{"$i":"minutes-until-long","$v":{"few":["tra ",{"t":"idOrVar","v":"value"}," minuti"],"many":["tra ",{"t":"idOrVar","v":"value"}," minuti"],"one":"tra un minuto","other":["tra ",{"t":"idOrVar","v":"value"}," minuti"],"two":["tra ",{"t":"idOrVar","v":"value"}," minuti"],"zero":"ora"},"$x":[{"t":"idOrVar","v":"plural"},"value"]},{"$i":"hours-until-long","$v":{"few":["tra ",{"t":"idOrVar","v":"value"}," ore"],"many":["tra ",{"t":"idOrVar","v":"value"}," ore"],"one":"tra un'ora","other":["tra ",{"t":"idOrVar","v":"value"}," ore"],"two":["tra ",{"t":"idOrVar","v":"value"}," ore"],"zero":"ora"},"$x":[{"t":"idOrVar","v":"plural"},"value"]},{"$i":"days-until-long","$v":{"few":["tra ",{"t":"idOrVar","v":"value"}," giorni"],"many":["tra ",{"t":"idOrVar","v":"value"}," giorni"],"one":"domani","other":["tra ",{"t":"idOrVar","v":"value"}," giorni"],"two":["tra ",{"t":"idOrVar","v":"value"}," giorni"],"zero":"oggi"},"$x":[{"t":"idOrVar","v":"plural"},"value"]},{"$i":"weeks-until-long","$v":{"few":["tra ",{"t":"idOrVar","v":"value"}," settimane"],"many":["tra ",{"t":"idOrVar","v":"value"}," settimane"],"one":"tra una settimana","other":["tra ",{"t":"idOrVar","v":"value"}," settimane"],"two":["tra ",{"t":"idOrVar","v":"value"}," settimane"],"zero":"questa settimana"},"$x":[{"t":"idOrVar","v":"plural"},"value"]},{"$i":"months-until-long","$v":{"few":["tra ",{"t":"idOrVar","v":"value"}," mesi"],"many":["tra ",{"t":"idOrVar","v":"value"}," mesi"],"one":"tra un mese","other":["tra ",{"t":"idOrVar","v":"value"}," mesi"],"two":["tra ",{"t":"idOrVar","v":"value"}," mesi"],"zero":"questo mese"},"$x":[{"t":"idOrVar","v":"plural"},"value"]},{"$i":"years-until-long","$v":{"few":["tra ",{"t":"idOrVar","v":"value"}," anni"],"many":["tra ",{"t":"idOrVar","v":"value"}," anni"],"one":"tra un anno","other":["tra ",{"t":"idOrVar","v":"value"}," anni"],"two":["tra ",{"t":"idOrVar","v":"value"}," anni"],"zero":"quest'anno"},"$x":[{"t":"idOrVar","v":"plural"},"value"]},{"$i":"minutes-ago-short","$v":{"other":[{"t":"idOrVar","v":"value"}," m fa"],"zero":"adesso"},"$x":[{"t":"idOrVar","v":"plural"},"value"]},{"$i":"hours-ago-short","$v":{"other":[{"t":"idOrVar","v":"value"}," h fa"],"zero":"adesso"},"$x":[{"t":"idOrVar","v":"plural"},"value"]},{"$i":"days-ago-short","$v":{"other":[{"t":"idOrVar","v":"value"}," g fa"],"zero":"oggi"},"$x":[{"t":"idOrVar","v":"plural"},"value"]},{"$i":"minutes-until-short","$v":{"other":["tra ",{"t":"idOrVar","v":"value"}," m"],"zero":"ora"},"$x":[{"t":"idOrVar","v":"plural"},"value"]},{"$i":"hours-until-short","$v":{"other":["tra ",{"t":"idOrVar","v":"value"}," h"],"zero":"ora"},"$x":[{"t":"idOrVar","v":"plural"},"value"]},{"$i":"days-until-short","$v":{"other":["tra ",{"t":"idOrVar","v":"value"}," g"],"zero":"oggi"},"$x":[{"t":"idOrVar","v":"plural"},"value"]},{"$i":"incorrectDate","$v":"(data errata)"},{"$i":"dateTimeFormat_%c","$v":"%a %b %e %Y %I:%M:%S %p"},{"$i":"dateTimeFormat_%x","$v":"%m/%d/%Y"},{"$i":"dateTimeFormat_%X","$v":"%I:%M:%S %p"},{"$i":"shortTimeFormat","$v":"%I:%M %p"},{"$i":"shortTimeFormat12","$v":"%I:%M %p"},{"$i":"shortTimeFormat24","$v":"%H:%M"},{"$i":"shortDateTimeFormat","$v":"%x %I:%M %p"},{"$i":"weekStartsOnMonday","$v":"0.0"},{"$i":"firstDayOfTheWeek","$v":"1.0"},{"$i":"time_am","$v":"AM"},{"$i":"time_pm","$v":"PM"},{"$i":"softkey-options","$v":"Opzioni"}]