[{"$i":"back","$v":"უკან"},{"$i":"save","$v":"შენახვა"},{"$i":"cancel","$v":"გაუქმება"},{"$i":"next","$v":"შემდეგი"},{"$i":"hide","$v":"დამალვა"},{"$i":"confirm","$v":"დადასტურება"},{"$i":"done","$v":"დას."},{"$i":"events","$v":"მოვლენების შეხსენება"},{"$i":"edit","$v":"რედაქტირება"},{"$i":"allday-events","$v":"მთელი დღის მოვლენის შეხსენება"},{"$i":"no-events","$v":"მოვლენები არ არის"},{"$i":"default","$v":"ნაგულისხმევი"},{"$i":"sync","$v":"სინქრონიზაცია"},{"$i":"repeat","$v":"გამეორება"},{"$i":"never","$v":"არასოდეს"},{"$i":"every-day","$v":"ყოველდღე"},{"$i":"every-week","$v":"Ყოველ კვირა"},{"$i":"every-2-weeks","$v":"ყოველ 2 კვირაში"},{"$i":"every-month","$v":"Ყოველ თვე"},{"$i":"view-never","$v":"გამეორება: არასდროს"},{"$i":"view-every-day","$v":"გამეორება: ყოველდღიური"},{"$i":"view-every-week","$v":"გამეორება: ყოველკვირეული"},{"$i":"view-every-2-weeks","$v":"გამეორება: ყოველ ორ კვირაში"},{"$i":"view-every-month","$v":"გამეორება: ყოველთვიურად"},{"$i":"repeat-event-header","$v":"ეს განმეორებითი მოვლენაა."},{"$i":"delete-this-only","$v":"წაშალე ეს მხოლოდ"},{"$i":"delete-all","$v":"ყველას წაშლა"},{"$i":"event-edit-all","$v":"ყველა მოვლენის რედაქტირება"},{"$i":"event-edit-all-future","$v":"ყველა მომავალი მოვლენის რედაქტირება"},{"$i":"options","$v":"ვარიანტები"},{"$i":"event-delete-all","$v":"ყველას წაშლა"},{"$i":"event-delete-all-future","$v":"ყველა მომავალი მოვლენის წაშლა"},{"$i":"delete-account","$v":"ანგ. წაშლა"},{"$i":"exchange-account","$v":"ActiveSync"},{"$i":"account-user-name","$v":"მომხმ. სახელი"},{"$i":"incorrect-password-description","$v":"სერვერზე დარეგისტ. შეუძლებელია. გთხოვთ, ხელახლა სცადოთ პაროლი."},{"$i":"incorrect-password","$v":"არასწორი პაროლი, გთხოვთ, კიდევ სცადოთ."},{"$i":"account-duplicate","$v":"ანგარიში უკვე არსებობს. სინქრონიზაცია ჩართულია."},{"$i":"error-account","$v":"სერვერ. შეცდომა, გთხოვთ, კიდევ სცადოთ მოგვიან."},{"$i":"error-access-denied","$v":"დაფიქსირდა უცნობი შეცდომა, გთხოვთ სცადოთ მოგვიანებით."},{"$i":"error-time-out","$v":["შეუძლ. კავშირი „",{"t":"idOrVar","v":"server"},"“. შესაძლოა პრობლემა იყოს ქსელთან."]},{"$i":"caldav-account-exist","$v":"ეს ანგარიში უკვე არსებობს."},{"$i":"save-password","$v":"პაროლი შენახულია."},{"$i":"account-login","$v":"Ანგარიშზე შესვლა"},{"$i":"setting-up-account","$v":"ანგ. დაყენება"},{"$i":"setup-account-usedInfo","$v":"ეს ანგარიში გამოყენებული იქნება ქვემოთ მოცემულ აპებში. შეგიძლიათ შეცვალოთ ეს მენიუში: პარამეტრები > ანგარიში."},{"$i":"app-calendar","$v":"კალენდარი"},{"$i":"show-today","$v":"დღეს"},{"$i":"show-month-view","$v":"თვე"},{"$i":"show-week-view","$v":"კვირა"},{"$i":"show-day-view","$v":"დღე"},{"$i":"settings-show","$v":"პარამეტრები"},{"$i":"settings-hide","$v":"პარამეტრების დამალვა"},{"$i":"add-account","$v":"ანგარიშის დამატება"},{"$i":"new-event","$v":"მოვლ. დამ."},{"$i":"view-event-header","$v":"მოვლენის დეტალები"},{"$i":"new-event-header","$v":"მოვლ. დამ."},{"$i":"edit-event-header","$v":"მოვლენის რედაქტირება"},{"$i":"account-header","$v":"ანგარიში"},{"$i":"account-list-header","$v":"ანგარიშები"},{"$i":"advanced-settings-short-icon-button","ariaLabel":"პარამეტრები"},{"$i":"advanced-settings-header","$v":"კალენდარის პარამეტრები"},{"$i":"advanced-settings-personalization","$v":"სიხშირის განახლება"},{"$i":"advanced-settings-reminders","$v":"შეხსენება"},{"$i":"advanced-settings-add-account","$v":"ანგარიშის დამატება"},{"$i":"field-user","$v":"მომხმ. სახელი"},{"$i":"field-password","$v":"პაროლი"},{"$i":"show-password","$v":"მაჩვენე პაროლი"},{"$i":"field-full-url","$v":"URL"},{"$i":"modify-account-setting-up","$v":"დაელოდეთ თქვენი ანგარიშის დაყენებას"},{"$i":"modify-account-unable-to-sync","$v":"სინქ. შეუძლებელია"},{"$i":"modify-account-sign-in","$v":"შესვლა"},{"$i":"kai-caldav","$v":"CalDav"},{"$i":"kai-yahoo","$v":"Yahoo!"},{"$i":"kai-google","$v":"გუგლი"},{"$i":"preset-mozilla","$v":"Mozilla Zimbra"},{"$i":"calendar-local","$v":"ტელეფონის კალენდარი"},{"$i":"event-title","$v":"სათაური"},{"$i":"event-location","$v":"ლოკაცია"},{"$i":"event-description","$v":"შენიშვნები"},{"$i":"event-is-allday","$v":"მთელი დღის მოვლენა"},{"$i":"event-start-date","$v":"დაწყების თარიღი"},{"$i":"event-end-date","$v":"დასრულების თარიღი"},{"$i":"event-start-time","$v":"დაწყების დრო"},{"$i":"event-end-time","$v":"დასრულების დრო"},{"$i":"event-delete","$v":"მოვლენის წაშლა"},{"$i":"event-is-deleting","$v":"წაშლა…"},{"$i":"remove-account-data","$v":"კალენდრის ანგარიშის წაშლა"},{"$i":"remove-account-dialog","$v":"ანგარიშის წაშლა"},{"$i":"remove-account-dialog-details","$v":["წავშალო “",{"t":"idOrVar","v":"email"},"” თქვენი მოწყობილობიდან?"]},{"$i":"remove","$v":"ამოშლა"},{"$i":"drawer-sync-icon-button","ariaLabel":"სინქრონიზაცია"},{"$i":"sync-progress-syncing","ariaValueText":"სინქრონდება"},{"$i":"sync-progress-complete","ariaValueText":"სინქრონ. დასრულ."},{"$i":"sync-frequency","$v":"სინქ. კალენდარი"},{"$i":"sync-frequency-15min","$v":"ყოველ 15 წუთში"},{"$i":"sync-frequency-30min","$v":"ყოველ 30 წუთში"},{"$i":"sync-frequency-manual","$v":"მექანიკურად"},{"$i":"from","$v":"გამომგზავნი"},{"$i":"to","$v":"იმისათვის, რომ"},{"$i":"one-day-duration-title","$v":[{"t":"idOrVar","v":"startDate"}]},{"$i":"one-day-duration-content","$v":[{"t":"idOrVar","v":"startTime"},"მდე ",{"t":"idOrVar","v":"endTime"}]},{"$i":"multiple-day-duration-title","$v":[{"t":"idOrVar","v":"startTime"}," ",{"t":"idOrVar","v":"startDate"}]},{"$i":"multiple-day-duration-content","$v":[{"t":"idOrVar","v":"endTime"}," ",{"t":"idOrVar","v":"endDate"}]},{"$i":"one-all-day-duration-title","$v":[{"t":"idOrVar","v":"startDate"}]},{"$i":"all-day-duration-content","$v":"მთელი დღის მოვლენა"},{"$i":"multiple-all-day-duration-title","$v":[{"t":"idOrVar","v":"startDate"},"-დან"]},{"$i":"multiple-all-day-duration-content","$v":[{"t":"idOrVar","v":"endDate"},"-თვის"]},{"$i":"none","$v":"არცერთი"},{"$i":"reminder","$v":"მოვლენის შეხსენება"},{"$i":"remind-me","$v":"შემახსენე"},{"$i":"alarm-at-event-standard","$v":"მოვლენის დროს"},{"$i":"alarm-at-event-allday","$v":"მოვლენის დღეს"},{"$i":"alarm-at-event-allday-hour12","$v":"მოვლენის დღეს (დილის 9:00)"},{"$i":"alarm-at-event-allday-hour24","$v":"მოვლენის დღეს (დილის 9:00)"},{"$i":"alarm-start-notice","$v":[{"t":"idOrVar","v":"title"}," დაწყება ",{"t":"idOrVar","v":"distance"}]},{"$i":"alarm-started-notice","$v":[{"t":"idOrVar","v":"title"}," დაწყებულია ",{"t":"idOrVar","v":"distance"}]},{"$i":"alarm-start-notice-two-days","$v":[{"t":"idOrVar","v":"title"}," დაწყება ორ დღეში"]},{"$i":"alarm-start-notice-few-days","$v":[{"t":"idOrVar","v":"title"}," დაწყება ",{"t":"idOrVar","v":"distance"}]},{"$i":"days-before-hour12","$v":{"few":[{"t":"idOrVar","v":"value"}," დღით ადრე (დილის 9:00)"],"many":[{"t":"idOrVar","v":"value"}," დღით ადრე (დილის 9:00)"],"one":"1 დღით ადრე (დილის 9:00)","other":[{"t":"idOrVar","v":"value"}," დღით ადრე (დილის 9:00)"],"two":[{"t":"idOrVar","v":"value"}," დღით ადრე (დილის 9:00)"],"zero":"0 დღით ადრე (დილის 9:00)"},"$x":[{"t":"idOrVar","v":"plural"},"value"]},{"$i":"weeks-before-hour12","$v":{"few":[{"t":"idOrVar","v":"value"}," კვირით ადრე (დილის 9:00)"],"many":[{"t":"idOrVar","v":"value"}," კვირით ადრე (დილის 9:00)"],"one":"1 კვირით ადრე (დილის 9:00)","other":[{"t":"idOrVar","v":"value"}," კვირით ადრე (დილის 9:00)"],"two":[{"t":"idOrVar","v":"value"}," კვირით ადრე (დილის 9:00)"],"zero":"0 კვირით ადრე (დილის 9:00)"},"$x":[{"t":"idOrVar","v":"plural"},"value"]},{"$i":"days-before-hour24","$v":{"few":[{"t":"idOrVar","v":"value"}," დღით ადრე (დილის 9:00)"],"many":[{"t":"idOrVar","v":"value"}," დღით ადრე (დილის 9:00)"],"one":"1 დღით ადრე (დილის 9:00)","other":[{"t":"idOrVar","v":"value"}," დღით ადრე (დილის 9:00)"],"two":[{"t":"idOrVar","v":"value"}," დღით ადრე (დილის 9:00)"],"zero":"0 დღით ადრე (დილის 9:00)"},"$x":[{"t":"idOrVar","v":"plural"},"value"]},{"$i":"weeks-before-hour24","$v":{"few":[{"t":"idOrVar","v":"value"}," კვირით ადრე (დილის 9:00)"],"many":[{"t":"idOrVar","v":"value"}," კვირით ადრე (დილის 9:00)"],"one":"1 კვირით ადრე (დილის 9:00)","other":[{"t":"idOrVar","v":"value"}," კვირით ადრე (დილის 9:00)"],"two":[{"t":"idOrVar","v":"value"}," კვირით ადრე (დილის 9:00)"],"zero":"0 კვირით ადრე (დილის 9:00)"},"$x":[{"t":"idOrVar","v":"plural"},"value"]},{"$i":"minutes-before","$v":{"few":[{"t":"idOrVar","v":"value"}," წუთით ადრე"],"many":[{"t":"idOrVar","v":"value"}," წუთით ადრე"],"one":"1 წუთით ადრე","other":[{"t":"idOrVar","v":"value"}," წუთით ადრე"],"two":[{"t":"idOrVar","v":"value"}," წუთით ადრე"],"zero":"0 წუთით ადრე"},"$x":[{"t":"idOrVar","v":"plural"},"value"]},{"$i":"hours-before","$v":{"few":[{"t":"idOrVar","v":"value"}," საათით ადრე"],"many":[{"t":"idOrVar","v":"value"}," საათით ადრე"],"one":"1 საათით ადრე","other":[{"t":"idOrVar","v":"value"}," საათით ადრე"],"two":[{"t":"idOrVar","v":"value"}," საათით ადრე"],"zero":"0 საათით ადრე"},"$x":[{"t":"idOrVar","v":"plural"},"value"]},{"$i":"days-before","$v":{"few":[{"t":"idOrVar","v":"value"}," დღით ადრე"],"many":[{"t":"idOrVar","v":"value"}," დღით ადრე"],"one":"1 დღით ადრე","other":[{"t":"idOrVar","v":"value"}," დღით ადრე"],"two":[{"t":"idOrVar","v":"value"}," დღით ადრე"],"zero":"0 დღით ადრე"},"$x":[{"t":"idOrVar","v":"plural"},"value"]},{"$i":"weeks-before","$v":{"few":[{"t":"idOrVar","v":"value"}," კვირით ადრე"],"many":[{"t":"idOrVar","v":"value"}," კვირით ადრე"],"one":"1 კვირით ადრე","other":[{"t":"idOrVar","v":"value"}," კვირით ადრე"],"two":[{"t":"idOrVar","v":"value"}," კვირით ადრე"],"zero":"0 კვირით ადრე"},"$x":[{"t":"idOrVar","v":"plural"},"value"]},{"$i":"months-before","$v":{"few":[{"t":"idOrVar","v":"value"}," თვით ადრე"],"many":[{"t":"idOrVar","v":"value"}," თვით ადრე"],"one":"1 თვით ადრე","other":[{"t":"idOrVar","v":"value"}," თვით ადრე"],"two":[{"t":"idOrVar","v":"value"}," თვით ადრე"],"zero":"0 თვით ადრე"},"$x":[{"t":"idOrVar","v":"plural"},"value"]},{"$i":"years-before","$v":{"few":[{"t":"idOrVar","v":"value"}," წლით ადრე"],"many":[{"t":"idOrVar","v":"value"}," წლით ადრე"],"one":"1 წლით ადრე","other":[{"t":"idOrVar","v":"value"}," წლით ადრე"],"two":[{"t":"idOrVar","v":"value"}," წლით ადრე"],"zero":"0 წლით ადრე"},"$x":[{"t":"idOrVar","v":"plural"},"value"]},{"$i":"minutes-after","$v":{"few":[{"t":"idOrVar","v":"value"}," წუთის შემდეგ"],"many":[{"t":"idOrVar","v":"value"}," წუთის შემდეგ"],"one":"1 წუთის შემდეგ","other":[{"t":"idOrVar","v":"value"}," წუთის შემდეგ"],"two":[{"t":"idOrVar","v":"value"}," წუთის შემდეგ"],"zero":"0 წუთის შემდეგ"},"$x":[{"t":"idOrVar","v":"plural"},"value"]},{"$i":"hours-after","$v":{"few":[{"t":"idOrVar","v":"value"}," საათის შემდეგ"],"many":[{"t":"idOrVar","v":"value"}," საათის შემდეგ"],"one":"1 საათის შემდეგ","other":[{"t":"idOrVar","v":"value"}," საათის შემდეგ"],"two":[{"t":"idOrVar","v":"value"}," საათის შემდეგ"],"zero":"0 საათის შემდეგ"},"$x":[{"t":"idOrVar","v":"plural"},"value"]},{"$i":"days-after","$v":{"few":[{"t":"idOrVar","v":"value"}," დღის შემდეგ"],"many":[{"t":"idOrVar","v":"value"}," დღის შემდეგ"],"one":"1 დღის შემდეგ","other":[{"t":"idOrVar","v":"value"}," დღის შემდეგ"],"two":[{"t":"idOrVar","v":"value"}," დღის შემდეგ"],"zero":"0 დღის შემდეგ"},"$x":[{"t":"idOrVar","v":"plural"},"value"]},{"$i":"weeks-after","$v":{"few":[{"t":"idOrVar","v":"value"}," კვირის შემდეგ"],"many":[{"t":"idOrVar","v":"value"}," კვირის შემდეგ"],"one":"1 კვირის შემდეგ","other":[{"t":"idOrVar","v":"value"}," კვირის შემდეგ"],"two":[{"t":"idOrVar","v":"value"}," კვირის შემდეგ"],"zero":"0 კვირის შემდეგ"},"$x":[{"t":"idOrVar","v":"plural"},"value"]},{"$i":"months-after","$v":{"few":[{"t":"idOrVar","v":"value"}," თვის შემდეგ"],"many":[{"t":"idOrVar","v":"value"}," თვის შემდეგ"],"one":"1 თვის შემდეგ","other":[{"t":"idOrVar","v":"value"}," თვის შემდეგ"],"two":[{"t":"idOrVar","v":"value"}," თვის შემდეგ"],"zero":"0 თვის შემდეგ"},"$x":[{"t":"idOrVar","v":"plural"},"value"]},{"$i":"years-after","$v":{"few":[{"t":"idOrVar","v":"value"}," წლის შემდეგ"],"many":[{"t":"idOrVar","v":"value"}," წლის შემდეგ"],"one":"1 წლის შემდეგ","other":[{"t":"idOrVar","v":"value"}," წლის შემდეგ"],"two":[{"t":"idOrVar","v":"value"}," წლის შემდეგ"],"zero":"0 წლის შემდეგ"},"$x":[{"t":"idOrVar","v":"plural"},"value"]},{"$i":"hour-format12","$v":"%I %p"},{"$i":"hour-format24","$v":"%H"},{"$i":"week-hour-format12","$v":"%I %p"},{"$i":"week-hour-format24","$v":"%H"},{"$i":"hour-allday","$v":"მთელი დღე"},{"$i":"kai-week-day","$v":"%a\\n%e"},{"$i":"current-time12","$v":"%I:%M"},{"$i":"current-time24","$v":"%H:%M"},{"$i":"multi-month-view-header-format","$v":"%B %Y"},{"$i":"day-view-header-format","$v":"%A, %B %e"},{"$i":"months-day-view-header-format","$v":"%A, %B %e"},{"$i":"months-day-view-header-format-small","$v":{"$o":"%a <br/> %b, %e"}},{"$i":"week-view-header-format","$v":["კვირა ",{"t":"idOrVar","v":"value"},", %B %Y"]},{"$i":"longDateFormat","$v":"%a, %B %d, %Y"},{"$i":"longTimeFormat","$v":"%A %B %d"},{"$i":"longTimeFormat12","$v":"%A %B %d %I %p"},{"$i":"longTimeFormat24","$v":"%A %B %d %H საათი"},{"$i":"weekTimeFormat12","$v":"%I %p"},{"$i":"weekTimeFormat24","$v":"%H საათი"},{"$i":"weekDayFormat","$v":"%A - %d"},{"$i":"alldayLongTimeFormat","$v":"%A %B %d მთელი დღე"},{"$i":"dayHour12","$v":"%I %p"},{"$i":"dayHour24","$v":"%H საათი"},{"$i":"longDateTime12","$v":"%I %p, %a, %d %b, %Y"},{"$i":"longDateTime24","$v":"%H, %a, %d %b, %Y"},{"$i":"upcoming-events","$v":"მომავალი მოვლენები"},{"$i":"search-results","$v":"ძიების შედეგები"},{"$i":"no-event-found","$v":"მოვლენები ნაპოვნი არ არის"},{"$i":"longDateTimeNew12","$v":"%a, %B %e, %Y, %I:%M %p"},{"$i":"longDateTimeNew24","$v":"%a, %B %e, %Y, %H:%M"},{"$i":"error-start-date-after-end-date","$v":"მოვლენა ვერ დასრულდება მისი დაწყების დღეს."},{"$i":"error-start-time-after-end-time","$v":"მოვლენა ვერ დასრულდება მისი დაწყების დღეს."},{"$i":"error-unauthenticated","$v":"არასწორი მომხმ. სახელი ან პაროლი, გთხოვთ, კიდევ სცადოთ."},{"$i":"error-internal-server-error","$v":"სერვერის შეცდომა, გთხოვთ, კიდევ სცადოთ."},{"$i":"error-unkown","$v":"სერვერ. შეცდომა, გთხოვთ, კიდევ სცადოთ მოგვიანებით."},{"$i":"error-default","$v":"რაღაც მოხდა. კიდევ სცადეთ მოგვიანებით."},{"$i":"error-offline","$v":"ინტერნეტთან დაკავშირება შეუძლებელია. შეგიძლიათ გამოიყენოთ Wi-Fi ან მობილური მონაცემები ინტერნეტთან წვდომისათვის."},{"$i":"error-account-exist","$v":"ეს ანგარიში უკვე არსებობს."},{"$i":"error-confirmation-title","$v":"შეცდომა"},{"$i":"error-edit-online-event","$v":"ონლაინ მოვლენის რედაქტირება ვერ მოხერხდა, ვინაიდან ინტერნეტ კავშირი არ არის."},{"$i":"error-delete-online-event","$v":"ონლაინ მოვლენის წაშლა ვერ მოხერხდა, ვინაიდან ინტერნეტ კავშირი არ არის."},{"$i":"notification-error-sync-title","$v":"კალენდ. სინქ. შეცდომა"},{"$i":"notification-error-sync-description","$v":"მეტი ინფორ. შეეხეთ"},{"$i":"notification-error-caldav-sync-title","$v":"ანგარიშის შეცდომა"},{"$i":"notification-error-caldav-sync-description","$v":"თავიდან შედით"},{"$i":"weekday-0-single-char","$v":"კ","ariaLabel":"კვირა"},{"$i":"weekday-1-single-char","$v":"ო","ariaLabel":"ორშაბათი"},{"$i":"weekday-2-single-char","$v":"ს","ariaLabel":"სამშ."},{"$i":"weekday-3-single-char","$v":"ო","ariaLabel":"ოთხშაბათი"},{"$i":"weekday-4-single-char","$v":"ხ","ariaLabel":"ხუთშ."},{"$i":"weekday-5-single-char","$v":"პ","ariaLabel":"პარასკევი"},{"$i":"weekday-6-single-char","$v":"შ","ariaLabel":"შაბათი"},{"$i":"busy","$v":{"few":[{"t":"idOrVar","v":"n"}," მოვლენა"],"many":[{"t":"idOrVar","v":"n"}," მოვლენა"],"one":[{"t":"idOrVar","v":"n"}," მოვლენა"],"other":[{"t":"idOrVar","v":"n"}," მოვლენა"],"two":[{"t":"idOrVar","v":"n"}," მოვლენა"],"zero":"მოვლენები არ არის"},"$x":[{"t":"idOrVar","v":"plural"},"n"]},{"$i":"present","ariaLabel":"დღეს"},{"$i":"past-other-month-description","ariaLabel":"სხვა თვე"},{"$i":"future-other-month-description","ariaLabel":"სხვა თვე"},{"$i":"icon-calendar-alarm","ariaLabel":"აქვს მაღვიძარა"},{"$i":"calendars","ariaLabel":"კალენდრები"},{"$i":"multi-day-new-event-link","ariaLabel":"მოვლ. დამ."},{"$i":"title","ariaLabel":"სათაური"},{"$i":"location","ariaLabel":"ლოკაცია"},{"$i":"duration","ariaLabel":"ხანგრძლივობა"},{"$i":"calendar","ariaLabel":"კალენდარი"},{"$i":"alarms","ariaLabel":"მაღვიძარები"},{"$i":"description","ariaLabel":"აღწერა"},{"$i":"start-date","ariaLabel":"დაწყების თარიღი"},{"$i":"start-time","ariaLabel":"დაწყების დრო"},{"$i":"end-date","ariaLabel":"დასრულების თარიღი"},{"$i":"end-time","ariaLabel":"დასრულების დრო"},{"$i":"during-progress-loading","ariaValueText":"ჩატვირთვა"},{"$i":"all-day","ariaLabel":"მთელი დღე"},{"$i":"create-event","ariaLabel":"მოვლენის შექმნა"},{"$i":"create-all-day-event","ariaLabel":"შექმ. მთელი დღის მოვლენა"},{"$i":"event-one-day-duration","ariaLabel":["-დან ",{"t":"idOrVar","v":"startTime"}," -მდე ",{"t":"idOrVar","v":"endTime"}]},{"$i":"week-event-one-day-duration","ariaLabel":[{"t":"idOrVar","v":"startDate"},"დან ",{"t":"idOrVar","v":"startTime"},"მდე ",{"t":"idOrVar","v":"endTime"}]},{"$i":"event-multiple-day-duration","ariaLabel":[{"t":"idOrVar","v":"startTime"},"-დან ",{"t":"idOrVar","v":"startDate"}," -მდე ",{"t":"idOrVar","v":"endTime"}," ",{"t":"idOrVar","v":"endDate"}]},{"$i":"kai-event-added","$v":"მოვლენა დამატებულია"},{"$i":"kai-event-updated","$v":"მოვლენა განახლდა"},{"$i":"kai-event-deleted","$v":"მოვლენა წაიშალა"},{"$i":"kai-change-save","$v":"ცვლილებები შენახულია"},{"$i":"event-sync-failure","$v":"სინქ. შეუძლებელია"},{"$i":"kai-event-calendar","$v":"კალენდარი"},{"$i":"kai-single-event","$v":"მოვლენა"},{"$i":"kai-event-count","$v":"მოვლენები"},{"$i":"kai-sync-progress-syncing","$v":"სინქრონდება"},{"$i":"kai-sync-progress-complete","$v":"კალენდარი განახლებულია."},{"$i":"kai-settings-sounds","$v":"ხმები"},{"$i":"kai-tones","$v":"მელოდიები"},{"$i":"kai-multi-events","$v":"მოვლენები"},{"$i":"kai-confirmation-title","$v":"დადასტურება"},{"$i":"kai-delete-selectedEvent-confirmation","$v":"წავშალო არჩეული მოვლენა?"},{"$i":"kai-deleteEvent-confirmation","$v":"წავშალო მოვლენა?"},{"$i":"kai-event-search-header","$v":"ძებნა","placeholder":"ძებნა"},{"$i":"kai-event-search-upcoming-events","$v":"მომავალი მოვლენები"},{"$i":"kai-delete","$v":"წაშლა"},{"$i":"kai-cancel","$v":"გაუქმება"},{"$i":"kai-dialog-delete-sel","$v":"დარწმუნებული ხართ, რომ გსურთ არჩეული მოვლენის წაშლა?"},{"$i":"kai-delete-title","$v":"მოვლენის წაშლა"},{"$i":"kai-save-changes","$v":"შევინახო ცვლილებები?"},{"$i":"kai-save-message-back","$v":"ყველა შეყვანილი მონაცემი დაიკარგება. გსურთ ცვლილებების შენახვა?"},{"$i":"kai-save-message-close","$v":"აპლიკაციის დახურვის შემთხვევაში, მონაცემები დაიკარგება. გსურთ ცვლილებების შენახვა?"},{"$i":"yes","$v":"დიახ"},{"$i":"no","$v":"არა"},{"$i":"confirmation","$v":"დადასტურება"},{"$i":"ok","$v":"Ok"},{"$i":"delete-event","$v":"წავშალო არჩეული მოვლენა?"},{"$i":"edit-event-no-net","$v":"ონლაინ მოვლენის რედაქტირება ვერ მოხერხდა ინტერნეტ კავშირის არარსებობის გამო."},{"$i":"kai-settings-header","$v":"კალენდარი ეკრანზე"},{"$i":"kai-syncing","$v":"სინქრონდება..."},{"$i":"kai-syncing-header","$v":"ანგარიშის სინქრონიზაცია"},{"$i":"select","$v":"არჩევა"},{"$i":"add-event","$v":"მოვლ. დამ."},{"$i":"week-view","$v":"კვირის მიმოხილვა"},{"$i":"day-view","$v":"დღის რაკურსი"},{"$i":"month-view","$v":"თვის მიმოხილვა"},{"$i":"today","$v":"დღეს"},{"$i":"go","$v":"თარიღზე გადასვლა"},{"$i":"search","$v":"ძებნა"},{"$i":"calendar-to-display","$v":"კალენდარი ეკრანზე"},{"$i":"settings","$v":"პარამეტრები"},{"$i":"delete","$v":"წაშლა"},{"$i":"enter","$v":"შესვლა"},{"$i":"sync-calendar","$v":"სინქ. კალენდარი"},{"$i":"lunar-calendar","$v":"მთვარიანი დღე"},{"$i":"present-description","$v":["დღეს ",{"t":"idOrVar","v":"weekday"}," ",{"t":"idOrVar","v":"date"},"-ს"]},{"$i":"day-description","$v":[{"t":"idOrVar","v":"weekday"}," - ",{"t":"idOrVar","v":"date"},"-ე"]},{"$i":"weekday-5","$v":"პარასკევი"},{"$i":"weekday-4","$v":"ხუთშ."},{"$i":"weekday-3","$v":"ოთხშაბათი"},{"$i":"weekday-2","$v":"სამშ."},{"$i":"weekday-1","$v":"ორშაბათი"},{"$i":"weekday-0","$v":"კვირა"},{"$i":"weekday-6","$v":"შაბათი"},{"$i":"no-title","$v":"(დასახელების გარეშე)"},{"$i":"weekday-0-long","$v":"კვირა"},{"$i":"weekday-1-long","$v":"ორშაბათი"},{"$i":"weekday-2-long","$v":"სამშაბათი"},{"$i":"weekday-3-long","$v":"ოთხშაბათი"},{"$i":"weekday-4-long","$v":"ხუთშაბათი"},{"$i":"weekday-5-long","$v":"პარასკევი"},{"$i":"weekday-6-long","$v":"შაბათი"},{"$i":"weekday-0-short","$v":"კვი"},{"$i":"weekday-1-short","$v":"ორშ"},{"$i":"weekday-2-short","$v":"სამ"},{"$i":"weekday-3-short","$v":"ოთხ"},{"$i":"weekday-4-short","$v":"ხუთ"},{"$i":"weekday-5-short","$v":"პარ"},{"$i":"weekday-6-short","$v":"შაბ"},{"$i":"month-0-long","$v":"იანვარი"},{"$i":"month-1-long","$v":"თებერვალი"},{"$i":"month-2-long","$v":"მარტი"},{"$i":"month-3-long","$v":"აპრილი"},{"$i":"month-4-long","$v":"მაისი"},{"$i":"month-5-long","$v":"ივნისი"},{"$i":"month-6-long","$v":"ივლისი"},{"$i":"month-7-long","$v":"აგვისტო"},{"$i":"month-8-long","$v":"სექტემბერი"},{"$i":"month-9-long","$v":"ოქტომბერი"},{"$i":"month-10-long","$v":"ნოემბერი"},{"$i":"month-11-long","$v":"დეკემბერი"},{"$i":"month-0-genitive","$v":"იანვარი"},{"$i":"month-1-genitive","$v":"თებერვალი"},{"$i":"month-2-genitive","$v":"მარტი"},{"$i":"month-3-genitive","$v":"აპრილი"},{"$i":"month-4-genitive","$v":"მაისი"},{"$i":"month-5-genitive","$v":"ივნისი"},{"$i":"month-6-genitive","$v":"ივლისი"},{"$i":"month-7-genitive","$v":"აგვისტო"},{"$i":"month-8-genitive","$v":"სექტემბერი"},{"$i":"month-9-genitive","$v":"ოქტომბერი"},{"$i":"month-10-genitive","$v":"ნოემბერი"},{"$i":"month-11-genitive","$v":"დეკემბერი"},{"$i":"month-0-short","$v":"იანვ"},{"$i":"month-1-short","$v":"თებ"},{"$i":"month-2-short","$v":"მარ"},{"$i":"month-3-short","$v":"აპრ"},{"$i":"month-4-short","$v":"მაისი"},{"$i":"month-5-short","$v":"ივნ"},{"$i":"month-6-short","$v":"ივლ"},{"$i":"month-7-short","$v":"აგვ"},{"$i":"month-8-short","$v":"სექ"},{"$i":"month-9-short","$v":"ოქტ"},{"$i":"month-10-short","$v":"ნოე"},{"$i":"month-11-short","$v":"დეკ"},{"$i":"minutes-ago-long","$v":{"few":[{"t":"idOrVar","v":"value"}," წუთის წინ"],"many":[{"t":"idOrVar","v":"value"}," წუთის წინ"],"one":"ერთი წუთის წინ","other":[{"t":"idOrVar","v":"value"}," წუთის წინ"],"two":[{"t":"idOrVar","v":"value"}," წუთის წინ"],"zero":"ეს-ეს არის"},"$x":[{"t":"idOrVar","v":"plural"},"value"]},{"$i":"hours-ago-long","$v":{"few":[{"t":"idOrVar","v":"value"}," საათის წინ"],"many":[{"t":"idOrVar","v":"value"}," საათის წინ"],"one":"ერთი საათის წინ","other":[{"t":"idOrVar","v":"value"}," საათის წინ"],"two":[{"t":"idOrVar","v":"value"}," საათის წინ"],"zero":"ეს-ეს არის"},"$x":[{"t":"idOrVar","v":"plural"},"value"]},{"$i":"days-ago-long","$v":{"few":[{"t":"idOrVar","v":"value"}," დღის წინ"],"many":[{"t":"idOrVar","v":"value"}," დღის წინ"],"one":"გუშინ","other":[{"t":"idOrVar","v":"value"}," დღის წინ"],"two":[{"t":"idOrVar","v":"value"}," დღის წინ"],"zero":"დღეს"},"$x":[{"t":"idOrVar","v":"plural"},"value"]},{"$i":"weeks-ago-long","$v":{"few":[{"t":"idOrVar","v":"value"}," კვირის წინ"],"many":[{"t":"idOrVar","v":"value"}," კვირის წინ"],"one":"გასული კვირა","other":[{"t":"idOrVar","v":"value"}," კვირის წინ"],"two":[{"t":"idOrVar","v":"value"}," კვირის წინ"],"zero":"ეს კვირა"},"$x":[{"t":"idOrVar","v":"plural"},"value"]},{"$i":"months-ago-long","$v":{"few":[{"t":"idOrVar","v":"value"}," თვის წინ"],"many":[{"t":"idOrVar","v":"value"}," თვის წინ"],"one":"გასული თვე","other":[{"t":"idOrVar","v":"value"}," თვის წინ"],"two":[{"t":"idOrVar","v":"value"}," თვის წინ"],"zero":"ეს თვე"},"$x":[{"t":"idOrVar","v":"plural"},"value"]},{"$i":"years-ago-long","$v":{"few":[{"t":"idOrVar","v":"value"}," წლის წინ"],"many":[{"t":"idOrVar","v":"value"}," წლის წინ"],"one":"გასული წელი","other":[{"t":"idOrVar","v":"value"}," წლის წინ"],"two":[{"t":"idOrVar","v":"value"}," წლის წინ"],"zero":"ეს წელი"},"$x":[{"t":"idOrVar","v":"plural"},"value"]},{"$i":"minutes-until-long","$v":{"few":[{"t":"idOrVar","v":"value"}," წუთში"],"many":[{"t":"idOrVar","v":"value"}," წუთში"],"one":"წუთში","other":[{"t":"idOrVar","v":"value"}," წუთში"],"two":[{"t":"idOrVar","v":"value"}," წუთში"],"zero":"ახლა"},"$x":[{"t":"idOrVar","v":"plural"},"value"]},{"$i":"hours-until-long","$v":{"few":[{"t":"idOrVar","v":"value"}," საათში"],"many":[{"t":"idOrVar","v":"value"}," საათში"],"one":"საათში","other":[{"t":"idOrVar","v":"value"}," საათში"],"two":[{"t":"idOrVar","v":"value"}," საათში"],"zero":"ახლა"},"$x":[{"t":"idOrVar","v":"plural"},"value"]},{"$i":"days-until-long","$v":{"few":[{"t":"idOrVar","v":"value"}," დღეში"],"many":[{"t":"idOrVar","v":"value"}," დღეში"],"one":"ხვალ","other":[{"t":"idOrVar","v":"value"}," დღეში"],"two":[{"t":"idOrVar","v":"value"}," დღეში"],"zero":"დღეს"},"$x":[{"t":"idOrVar","v":"plural"},"value"]},{"$i":"weeks-until-long","$v":{"few":[{"t":"idOrVar","v":"value"}," კვირაში"],"many":[{"t":"idOrVar","v":"value"}," კვირაში"],"one":"მომდევნო კვირა","other":[{"t":"idOrVar","v":"value"}," კვირაში"],"two":[{"t":"idOrVar","v":"value"}," კვირაში"],"zero":"ეს კვირა"},"$x":[{"t":"idOrVar","v":"plural"},"value"]},{"$i":"months-until-long","$v":{"few":[{"t":"idOrVar","v":"value"}," თვეში"],"many":[{"t":"idOrVar","v":"value"}," თვეში"],"one":"მომდევნო თვე","other":[{"t":"idOrVar","v":"value"}," თვეში"],"two":[{"t":"idOrVar","v":"value"}," თვეში"],"zero":"ეს თვე"},"$x":[{"t":"idOrVar","v":"plural"},"value"]},{"$i":"years-until-long","$v":{"few":[{"t":"idOrVar","v":"value"}," წელში"],"many":[{"t":"idOrVar","v":"value"}," წელში"],"one":"მომდევნო წელი","other":[{"t":"idOrVar","v":"value"}," წელში"],"two":[{"t":"idOrVar","v":"value"}," წელში"],"zero":"ეს წელი"},"$x":[{"t":"idOrVar","v":"plural"},"value"]},{"$i":"minutes-ago-short","$v":{"other":[{"t":"idOrVar","v":"value"},"თ წინ"],"zero":"ეს-ეს არის"},"$x":[{"t":"idOrVar","v":"plural"},"value"]},{"$i":"hours-ago-short","$v":{"other":[{"t":"idOrVar","v":"value"},"სთ წინ"],"zero":"ეს-ეს არის"},"$x":[{"t":"idOrVar","v":"plural"},"value"]},{"$i":"days-ago-short","$v":{"other":[{"t":"idOrVar","v":"value"},"დ წინ"],"zero":"დღეს"},"$x":[{"t":"idOrVar","v":"plural"},"value"]},{"$i":"minutes-until-short","$v":{"other":[{"t":"idOrVar","v":"value"},"წთ-ში"],"zero":"ახლა"},"$x":[{"t":"idOrVar","v":"plural"},"value"]},{"$i":"hours-until-short","$v":{"other":[{"t":"idOrVar","v":"value"},"სთ-ში"],"zero":"ახლა"},"$x":[{"t":"idOrVar","v":"plural"},"value"]},{"$i":"days-until-short","$v":{"other":[{"t":"idOrVar","v":"value"},"დღ-ში"],"zero":"დღეს"},"$x":[{"t":"idOrVar","v":"plural"},"value"]},{"$i":"incorrectDate","$v":"(არასწორი თარიღი)"},{"$i":"dateTimeFormat_%c","$v":"%a %b %e %Y %I:%M:%S %p"},{"$i":"dateTimeFormat_%x","$v":"%m/%d/%Y"},{"$i":"dateTimeFormat_%X","$v":"%I:%M:%S %p"},{"$i":"shortTimeFormat","$v":"%I:%M %p"},{"$i":"shortTimeFormat12","$v":"%I:%M %p"},{"$i":"shortTimeFormat24","$v":"%H:%M"},{"$i":"shortDateTimeFormat","$v":"%x %I:%M %p"},{"$i":"weekStartsOnMonday","$v":"0.0"},{"$i":"firstDayOfTheWeek","$v":"1.0"},{"$i":"time_am","$v":"AM"},{"$i":"time_pm","$v":"PM"},{"$i":"softkey-options","$v":"ვარიანტები"}]