[{"$i":"back","$v":"Grįž."},{"$i":"save","$v":"Išsg."},{"$i":"cancel","$v":"Atš."},{"$i":"next","$v":"Toliau"},{"$i":"hide","$v":"Slėp."},{"$i":"confirm","$v":"Patvir."},{"$i":"done","$v":"Atl."},{"$i":"events","$v":"Įvykių primin."},{"$i":"edit","$v":"Red."},{"$i":"allday-events","$v":"Vis. d. įvyk. priminim."},{"$i":"no-events","$v":"Įvk. nėra"},{"$i":"default","$v":"Numat."},{"$i":"sync","$v":"Sinchronizuoti"},{"$i":"repeat","$v":"Kart."},{"$i":"never","$v":"Niekada"},{"$i":"every-day","$v":"Kasdien"},{"$i":"every-week","$v":"Kiekvieną savaitę"},{"$i":"every-2-weeks","$v":"Kas 2 savaites"},{"$i":"every-month","$v":"Kiekvieną mėnesį"},{"$i":"view-never","$v":"Pakartokite: niekada"},{"$i":"view-every-day","$v":"Pakartokite: kasdien"},{"$i":"view-every-week","$v":"Pakartokite: kas savaitę"},{"$i":"view-every-2-weeks","$v":"Kartoti: kas dvi savaites"},{"$i":"view-every-month","$v":"Pakartokite: kas mėnesį"},{"$i":"repeat-event-header","$v":"Tai pasikartojantis įvykis."},{"$i":"delete-this-only","$v":"Ištrinkite tik"},{"$i":"delete-all","$v":"Ištr. vis."},{"$i":"event-edit-all","$v":"Redaguoti visus įvykius"},{"$i":"event-edit-all-future","$v":"Redaguoti visus būsimus įvykius"},{"$i":"options","$v":"Funkc."},{"$i":"event-delete-all","$v":"Ištr. vis."},{"$i":"event-delete-all-future","$v":"Ištrinti visus būsimus įvykius"},{"$i":"delete-account","$v":"Šalinti paskyrą"},{"$i":"exchange-account","$v":"ActiveSync"},{"$i":"account-user-name","$v":"Vartotojo vardas"},{"$i":"incorrect-password-description","$v":"Nepavyko prisijungti prie serverio. Įveskite slaptažodį iš naujo."},{"$i":"incorrect-password","$v":"Neteisingas slaptažodis, bandykite dar kartą."},{"$i":"account-duplicate","$v":"Paskyra jau egzistuoja. Sinchr. įjungtas."},{"$i":"error-account","$v":"Serveris nepasiekiamas. Bandykite vėliau."},{"$i":"error-access-denied","$v":"Įvyko nežinoma klaida, bandykite dar kartą vėliau."},{"$i":"error-time-out","$v":["Nepavyksta užmegzti ryšio su „",{"t":"idOrVar","v":"server"},"“. Gali būti tinklo problema."]},{"$i":"caldav-account-exist","$v":"Ši paskyra jau yra."},{"$i":"save-password","$v":"Slaptažodis išsaugotas."},{"$i":"account-login","$v":"Paskyros prisijungimas"},{"$i":"setting-up-account","$v":"Paskyros nustatymas"},{"$i":"setup-account-usedInfo","$v":"Ši paskyra bus naudojama toliau pateiktose programose. Tai galite pakeisti „Parametrai“ > „Paskyra“."},{"$i":"app-calendar","$v":"Kalend."},{"$i":"show-today","$v":"Šiandien"},{"$i":"show-month-view","$v":"Mėnuo"},{"$i":"show-week-view","$v":"Savaitė"},{"$i":"show-day-view","$v":"Diena"},{"$i":"settings-show","$v":"Parametrai"},{"$i":"settings-hide","$v":"Slėpti param."},{"$i":"add-account","$v":"Įtraukti pask."},{"$i":"new-event","$v":"Įtr. įv."},{"$i":"view-event-header","$v":"Įvykio infor."},{"$i":"new-event-header","$v":"Įtr. įv."},{"$i":"edit-event-header","$v":"Red. įvykį"},{"$i":"account-header","$v":"Paskyra"},{"$i":"account-list-header","$v":"Paskyros"},{"$i":"advanced-settings-short-icon-button","ariaLabel":"Parametrai"},{"$i":"advanced-settings-header","$v":"Kalend. paramet."},{"$i":"advanced-settings-personalization","$v":"Atnaujinti dažnį"},{"$i":"advanced-settings-reminders","$v":"Primin."},{"$i":"advanced-settings-add-account","$v":"Įtraukti paskyrą"},{"$i":"field-user","$v":"Vartotojo vardas"},{"$i":"field-password","$v":"Slaptaž."},{"$i":"show-password","$v":"Rodyti slaptažodį"},{"$i":"field-full-url","$v":"URL"},{"$i":"modify-account-setting-up","$v":"Palaukite, kol bus nustatyta jūsų pask."},{"$i":"modify-account-unable-to-sync","$v":"Nepavyko sinchronizuoti"},{"$i":"modify-account-sign-in","$v":"Prisijungti"},{"$i":"kai-caldav","$v":"CalDav"},{"$i":"kai-yahoo","$v":"„Yahoo!“"},{"$i":"kai-google","$v":"Google"},{"$i":"preset-mozilla","$v":"Mozilla Zimbra"},{"$i":"calendar-local","$v":"Telef. kalend."},{"$i":"event-title","$v":"Vardas"},{"$i":"event-location","$v":"Vieta"},{"$i":"event-description","$v":"Past."},{"$i":"event-is-allday","$v":"Vis. d. įvyk."},{"$i":"event-start-date","$v":"Pradžios data"},{"$i":"event-end-date","$v":"Pab. data"},{"$i":"event-start-time","$v":"Pradžios laikas"},{"$i":"event-end-time","$v":"Pab. l."},{"$i":"event-delete","$v":"Ištr. įvyk."},{"$i":"event-is-deleting","$v":"Ištrinama…"},{"$i":"remove-account-data","$v":"Kalend. pask. pašalin."},{"$i":"remove-account-dialog","$v":"Pašal. paskyrą"},{"$i":"remove-account-dialog-details","$v":["Pašalinti „",{"t":"idOrVar","v":"email"},"“ iš prietaiso?"]},{"$i":"remove","$v":"Pašal."},{"$i":"drawer-sync-icon-button","ariaLabel":"Sinchronizuoti"},{"$i":"sync-progress-syncing","ariaValueText":"Sinchronizuojama"},{"$i":"sync-progress-complete","ariaValueText":"Sinchronizavimas baigtas"},{"$i":"sync-frequency","$v":"Sinchronizuoti kalendorių"},{"$i":"sync-frequency-15min","$v":"Kas 15 minučių"},{"$i":"sync-frequency-30min","$v":"Kas 30 minučių"},{"$i":"sync-frequency-manual","$v":"Rank. b."},{"$i":"from","$v":"Nuo"},{"$i":"to","$v":"Skirta"},{"$i":"one-day-duration-title","$v":[{"t":"idOrVar","v":"startDate"}]},{"$i":"one-day-duration-content","$v":[{"t":"idOrVar","v":"startTime"}," iki ",{"t":"idOrVar","v":"endTime"}]},{"$i":"multiple-day-duration-title","$v":[{"t":"idOrVar","v":"startTime"}," ",{"t":"idOrVar","v":"startDate"}]},{"$i":"multiple-day-duration-content","$v":[{"t":"idOrVar","v":"endTime"}," ",{"t":"idOrVar","v":"endDate"}]},{"$i":"one-all-day-duration-title","$v":[{"t":"idOrVar","v":"startDate"}]},{"$i":"all-day-duration-content","$v":"Visos dienos įvykis"},{"$i":"multiple-all-day-duration-title","$v":["Nuo ",{"t":"idOrVar","v":"startDate"}]},{"$i":"multiple-all-day-duration-content","$v":["Iki ",{"t":"idOrVar","v":"endDate"}]},{"$i":"none","$v":"Nėra"},{"$i":"reminder","$v":"Įvykio primin."},{"$i":"remind-me","$v":"Priminti"},{"$i":"alarm-at-event-standard","$v":"Įvykio metu"},{"$i":"alarm-at-event-allday","$v":"Įvykio dieną"},{"$i":"alarm-at-event-allday-hour12","$v":"Įvykio dieną (9:00)"},{"$i":"alarm-at-event-allday-hour24","$v":"Įvykio dieną (09:00)"},{"$i":"alarm-start-notice","$v":[{"t":"idOrVar","v":"title"}," pradedamas ",{"t":"idOrVar","v":"distance"}]},{"$i":"alarm-started-notice","$v":[{"t":"idOrVar","v":"title"}," pradėtas ",{"t":"idOrVar","v":"distance"}]},{"$i":"alarm-start-notice-two-days","$v":["„",{"t":"idOrVar","v":"title"},"“ prasideda po dviejų d."]},{"$i":"alarm-start-notice-few-days","$v":["„",{"t":"idOrVar","v":"title"},"“ prasideda ",{"t":"idOrVar","v":"distance"}]},{"$i":"days-before-hour12","$v":{"few":[{"t":"idOrVar","v":"value"}," d. iki (9:00)"],"many":[{"t":"idOrVar","v":"value"}," d. iki (9:00)"],"one":"1 dieną iki (9:00)","other":[{"t":"idOrVar","v":"value"}," d. iki (9:00)"],"two":[{"t":"idOrVar","v":"value"}," d. iki (9:00)"],"zero":"0 d. iki (9:00)"},"$x":[{"t":"idOrVar","v":"plural"},"value"]},{"$i":"weeks-before-hour12","$v":{"few":[{"t":"idOrVar","v":"value"}," sav. iki (09:00)"],"many":[{"t":"idOrVar","v":"value"}," sav. iki (09:00)"],"one":"1 sav. iki (9:00)","other":[{"t":"idOrVar","v":"value"}," sav. iki (09:00)"],"two":[{"t":"idOrVar","v":"value"}," sav. iki (09:00)"],"zero":"0 sav. iki (9:00)"},"$x":[{"t":"idOrVar","v":"plural"},"value"]},{"$i":"days-before-hour24","$v":{"few":[{"t":"idOrVar","v":"value"}," d. iki (09:00)"],"many":[{"t":"idOrVar","v":"value"}," d. iki (09:00)"],"one":"1 dieną iki (09:00)","other":[{"t":"idOrVar","v":"value"}," d. iki (09:00)"],"two":[{"t":"idOrVar","v":"value"}," d. iki (09:00)"],"zero":"0 d. iki (09:00)"},"$x":[{"t":"idOrVar","v":"plural"},"value"]},{"$i":"weeks-before-hour24","$v":{"few":[{"t":"idOrVar","v":"value"}," sav. iki (09:00)"],"many":[{"t":"idOrVar","v":"value"}," sav. iki (09:00)"],"one":"1 sav. iki (09:00)","other":[{"t":"idOrVar","v":"value"}," sav. iki (09:00)"],"two":[{"t":"idOrVar","v":"value"}," sav. iki (09:00)"],"zero":"0 sav. iki (09:00)"},"$x":[{"t":"idOrVar","v":"plural"},"value"]},{"$i":"minutes-before","$v":{"few":[{"t":"idOrVar","v":"value"}," min. iki"],"many":[{"t":"idOrVar","v":"value"}," min. iki"],"one":"1 min. iki","other":[{"t":"idOrVar","v":"value"}," min. iki"],"two":[{"t":"idOrVar","v":"value"}," min. iki"],"zero":"0 min. iki"},"$x":[{"t":"idOrVar","v":"plural"},"value"]},{"$i":"hours-before","$v":{"few":[{"t":"idOrVar","v":"value"}," val. iki"],"many":[{"t":"idOrVar","v":"value"}," val. iki"],"one":"1 val. iki","other":[{"t":"idOrVar","v":"value"}," val. iki"],"two":[{"t":"idOrVar","v":"value"}," val. iki"],"zero":"0 val. iki"},"$x":[{"t":"idOrVar","v":"plural"},"value"]},{"$i":"days-before","$v":{"few":[{"t":"idOrVar","v":"value"}," d. iki"],"many":[{"t":"idOrVar","v":"value"}," d. iki"],"one":"1 d. iki","other":[{"t":"idOrVar","v":"value"}," d. iki"],"two":[{"t":"idOrVar","v":"value"}," d. iki"],"zero":"0 dienų iki"},"$x":[{"t":"idOrVar","v":"plural"},"value"]},{"$i":"weeks-before","$v":{"few":[{"t":"idOrVar","v":"value"}," sav. iki"],"many":[{"t":"idOrVar","v":"value"}," sav. iki"],"one":"1 sav. iki","other":[{"t":"idOrVar","v":"value"}," sav. iki"],"two":[{"t":"idOrVar","v":"value"}," sav. iki"],"zero":"0 sav. iki"},"$x":[{"t":"idOrVar","v":"plural"},"value"]},{"$i":"months-before","$v":{"few":[{"t":"idOrVar","v":"value"}," mėn. prieš"],"many":[{"t":"idOrVar","v":"value"}," mėn. prieš"],"one":"1 mėn. iki","other":[{"t":"idOrVar","v":"value"}," mėn. prieš"],"two":[{"t":"idOrVar","v":"value"}," mėn. prieš"],"zero":"0 mėn. iki"},"$x":[{"t":"idOrVar","v":"plural"},"value"]},{"$i":"years-before","$v":{"few":[{"t":"idOrVar","v":"value"}," met. iki"],"many":[{"t":"idOrVar","v":"value"}," met. iki"],"one":"1 metai iki","other":[{"t":"idOrVar","v":"value"}," met. iki"],"two":[{"t":"idOrVar","v":"value"}," met. iki"],"zero":"0 metų iki"},"$x":[{"t":"idOrVar","v":"plural"},"value"]},{"$i":"minutes-after","$v":{"few":[{"t":"idOrVar","v":"value"}," val. po"],"many":[{"t":"idOrVar","v":"value"}," val. po"],"one":"1 min. po","other":[{"t":"idOrVar","v":"value"}," val. po"],"two":[{"t":"idOrVar","v":"value"}," val. po"],"zero":"0 min. po"},"$x":[{"t":"idOrVar","v":"plural"},"value"]},{"$i":"hours-after","$v":{"few":[{"t":"idOrVar","v":"value"}," d. po"],"many":[{"t":"idOrVar","v":"value"}," d. po"],"one":"1 val. po","other":[{"t":"idOrVar","v":"value"}," d. po"],"two":[{"t":"idOrVar","v":"value"}," d. po"],"zero":"0 val. po"},"$x":[{"t":"idOrVar","v":"plural"},"value"]},{"$i":"days-after","$v":{"few":[{"t":"idOrVar","v":"value"}," dienų po"],"many":[{"t":"idOrVar","v":"value"}," dienų po"],"one":"1 d. po","other":[{"t":"idOrVar","v":"value"}," dienų po"],"two":[{"t":"idOrVar","v":"value"}," dienų po"],"zero":"0 dienų po"},"$x":[{"t":"idOrVar","v":"plural"},"value"]},{"$i":"weeks-after","$v":{"few":[{"t":"idOrVar","v":"value"}," sav. po"],"many":[{"t":"idOrVar","v":"value"}," sav. po"],"one":"1 sav. po","other":[{"t":"idOrVar","v":"value"}," sav. po"],"two":[{"t":"idOrVar","v":"value"}," sav. po"],"zero":"0 sav. po"},"$x":[{"t":"idOrVar","v":"plural"},"value"]},{"$i":"months-after","$v":{"few":[{"t":"idOrVar","v":"value"}," mėn. po"],"many":[{"t":"idOrVar","v":"value"}," mėn. po"],"one":"1 mėn. po","other":[{"t":"idOrVar","v":"value"}," mėn. po"],"two":[{"t":"idOrVar","v":"value"}," mėn. po"],"zero":"0 mėn. po"},"$x":[{"t":"idOrVar","v":"plural"},"value"]},{"$i":"years-after","$v":{"few":[{"t":"idOrVar","v":"value"}," met. po"],"many":[{"t":"idOrVar","v":"value"}," met. po"],"one":"1 metai po","other":[{"t":"idOrVar","v":"value"}," met. po"],"two":[{"t":"idOrVar","v":"value"}," met. po"],"zero":"0 metų po"},"$x":[{"t":"idOrVar","v":"plural"},"value"]},{"$i":"hour-format12","$v":"%I %p"},{"$i":"hour-format24","$v":"%H"},{"$i":"week-hour-format12","$v":"%I %p"},{"$i":"week-hour-format24","$v":"%H"},{"$i":"hour-allday","$v":"Visą d."},{"$i":"kai-week-day","$v":"%a\\n%e"},{"$i":"current-time12","$v":"%I:%M"},{"$i":"current-time24","$v":"%H:%M"},{"$i":"multi-month-view-header-format","$v":"%B %Y"},{"$i":"day-view-header-format","$v":"%A, %B %e"},{"$i":"months-day-view-header-format","$v":"%A, %B %e"},{"$i":"months-day-view-header-format-small","$v":{"$o":"%a <br/> %b, %e"}},{"$i":"week-view-header-format","$v":[{"t":"idOrVar","v":"value"}," savaitė, %B %Y"]},{"$i":"longDateFormat","$v":"%a, %B %d, %Y"},{"$i":"longTimeFormat","$v":"%A %B %d"},{"$i":"longTimeFormat12","$v":"%A %B %d %I %p"},{"$i":"longTimeFormat24","$v":"%A %B %d %H val."},{"$i":"weekTimeFormat12","$v":"%I %p"},{"$i":"weekTimeFormat24","$v":"%H val."},{"$i":"weekDayFormat","$v":"%A %d"},{"$i":"alldayLongTimeFormat","$v":"%A %B %d visą dieną"},{"$i":"dayHour12","$v":"%I %p"},{"$i":"dayHour24","$v":"%H val."},{"$i":"longDateTime12","$v":"%I %p, %a, %d %b, %Y"},{"$i":"longDateTime24","$v":"%H, %a, %d %b, %Y"},{"$i":"upcoming-events","$v":"Būsimi renginiai"},{"$i":"search-results","$v":"Paieš. rezult."},{"$i":"no-event-found","$v":"Įvykių nerasta"},{"$i":"longDateTimeNew12","$v":"%a, %B %e, %Y, %I:%M %p"},{"$i":"longDateTimeNew24","$v":"%a, %B %e, %Y, %H:%M"},{"$i":"error-start-date-after-end-date","$v":"Įvykis negali baigtis iki jo pradžios datos."},{"$i":"error-start-time-after-end-time","$v":"Įvykis negali baigtis iki jo pradžios datos."},{"$i":"error-unauthenticated","$v":"Net. vart. vard. arba slapt., band. dar kartą."},{"$i":"error-internal-server-error","$v":"Serverio klaida, bandykite dar kartą."},{"$i":"error-unkown","$v":"Serveris nepasiekiamas. Bandykite vėliau."},{"$i":"error-default","$v":"Kažkas nepavyko. Bandykite dar kartą vėliau."},{"$i":"error-offline","$v":"Nepavyko prisijungti prie interneto. Galite naudoti „Wi-Fi“ ar mobiliuosius duomenis, kad prisijungtumėte prie interneto."},{"$i":"error-account-exist","$v":"Ši paskyra jau yra."},{"$i":"error-confirmation-title","$v":"Klaida"},{"$i":"error-edit-online-event","$v":"Nepavyko redaguoti įvykio internete, nes nėra interneto ryšio."},{"$i":"error-delete-online-event","$v":"Nepavyko ištrinti įvykio internete, nes nėra interneto ryšio."},{"$i":"notification-error-sync-title","$v":"Kalend. sinch. kl."},{"$i":"notification-error-sync-description","$v":"Bakst., kad gautumėte daugiau inform."},{"$i":"notification-error-caldav-sync-title","$v":"Paskyros klaida"},{"$i":"notification-error-caldav-sync-description","$v":"Prisijungti dar kartą"},{"$i":"weekday-0-single-char","$v":"S","ariaLabel":"Sekmadienis"},{"$i":"weekday-1-single-char","$v":"P","ariaLabel":"Pirmad."},{"$i":"weekday-2-single-char","$v":"A","ariaLabel":"Antradienis"},{"$i":"weekday-3-single-char","$v":"T","ariaLabel":"Trečiadienis"},{"$i":"weekday-4-single-char","$v":"K","ariaLabel":"Ketvirtadienis"},{"$i":"weekday-5-single-char","$v":"P","ariaLabel":"Penkt."},{"$i":"weekday-6-single-char","$v":"Š","ariaLabel":"Šeštad."},{"$i":"busy","$v":{"few":[{"t":"idOrVar","v":"n"}," įvyk."],"many":[{"t":"idOrVar","v":"n"}," įvyk."],"one":[{"t":"idOrVar","v":"n"}," įvyk."],"other":[{"t":"idOrVar","v":"n"}," įvyk."],"two":[{"t":"idOrVar","v":"n"}," įvyk."],"zero":"Įvk. nėra"},"$x":[{"t":"idOrVar","v":"plural"},"n"]},{"$i":"present","ariaLabel":"Šiandien"},{"$i":"past-other-month-description","ariaLabel":"Kitas mėn."},{"$i":"future-other-month-description","ariaLabel":"Kitas mėn."},{"$i":"icon-calendar-alarm","ariaLabel":"Yra sign."},{"$i":"calendars","ariaLabel":"Kalendor."},{"$i":"multi-day-new-event-link","ariaLabel":"Įtr. įv."},{"$i":"title","ariaLabel":"Vardas"},{"$i":"location","ariaLabel":"Vieta"},{"$i":"duration","ariaLabel":"Trukmė"},{"$i":"calendar","ariaLabel":"Kalend."},{"$i":"alarms","ariaLabel":"Sign."},{"$i":"description","ariaLabel":"Aprašymas"},{"$i":"start-date","ariaLabel":"Pradžios data"},{"$i":"start-time","ariaLabel":"Pradžios laikas"},{"$i":"end-date","ariaLabel":"Pab. data"},{"$i":"end-time","ariaLabel":"Pab. l."},{"$i":"during-progress-loading","ariaValueText":"Įkeliam."},{"$i":"all-day","ariaLabel":"Visą d."},{"$i":"create-event","ariaLabel":"Kurti įvykį"},{"$i":"create-all-day-event","ariaLabel":"Kurti visos d. įvykį"},{"$i":"event-one-day-duration","ariaLabel":["nuo ",{"t":"idOrVar","v":"startTime"}," iki ",{"t":"idOrVar","v":"endTime"}]},{"$i":"week-event-one-day-duration","ariaLabel":[{"t":"idOrVar","v":"startDate"}," nuo ",{"t":"idOrVar","v":"startTime"}," iki ",{"t":"idOrVar","v":"endTime"}]},{"$i":"event-multiple-day-duration","ariaLabel":["Nuo ",{"t":"idOrVar","v":"startTime"}," ",{"t":"idOrVar","v":"startDate"}," iki ",{"t":"idOrVar","v":"endTime"}," ",{"t":"idOrVar","v":"endDate"}]},{"$i":"kai-event-added","$v":"Įvyk. įtr."},{"$i":"kai-event-updated","$v":"Įvykis atn."},{"$i":"kai-event-deleted","$v":"Įvyk. ištrin."},{"$i":"kai-change-save","$v":"Pak. išsaug."},{"$i":"event-sync-failure","$v":"Nepavyko sinchronizuoti"},{"$i":"kai-event-calendar","$v":"Kalend."},{"$i":"kai-single-event","$v":"įvykis"},{"$i":"kai-event-count","$v":"įvykiai"},{"$i":"kai-sync-progress-syncing","$v":"Sinchronizuojama"},{"$i":"kai-sync-progress-complete","$v":"Kalendorius atnaujintas."},{"$i":"kai-settings-sounds","$v":"Garsai"},{"$i":"kai-tones","$v":"Tonai"},{"$i":"kai-multi-events","$v":"Įvyk."},{"$i":"kai-confirmation-title","$v":"Patvirtinim."},{"$i":"kai-delete-selectedEvent-confirmation","$v":"Ištr. pasirin. įvyk.?"},{"$i":"kai-deleteEvent-confirmation","$v":"Ištr. įvyk.?"},{"$i":"kai-event-search-header","$v":"Paieš.","placeholder":"Paieš."},{"$i":"kai-event-search-upcoming-events","$v":"Būsimi renginiai"},{"$i":"kai-delete","$v":"Ištrin."},{"$i":"kai-cancel","$v":"Atš."},{"$i":"kai-dialog-delete-sel","$v":"Ar tikrai norite ištrinti pasirinktą įvykį?"},{"$i":"kai-delete-title","$v":"Įvyk. tryn."},{"$i":"kai-save-changes","$v":"Išsg. pakeit.?"},{"$i":"kai-save-message-back","$v":"Visi įvesti duomenys bus prarasti. Išsaugoti pakeitimus?"},{"$i":"kai-save-message-close","$v":"Programa bus uždaryta, o duomenys neišsaugoti. Išsaugoti pakeitimus?"},{"$i":"yes","$v":"Taip"},{"$i":"no","$v":"Ne"},{"$i":"confirmation","$v":"Patvirtinim."},{"$i":"ok","$v":"Gerai"},{"$i":"delete-event","$v":"Ištr. pasirin. įvyk.?"},{"$i":"edit-event-no-net","$v":"Nepavyko redaguoti įvykio internete, nes nėra interneto ryšio."},{"$i":"kai-settings-header","$v":"Rodomas kalend."},{"$i":"kai-syncing","$v":"Sinchronizuojama..."},{"$i":"kai-syncing-header","$v":"Pask. sinch."},{"$i":"select","$v":"Rinktis"},{"$i":"add-event","$v":"Įtr. įv."},{"$i":"week-view","$v":"Sav. rodinys"},{"$i":"day-view","$v":"Dien. vaizd."},{"$i":"month-view","$v":"Mėn. perž."},{"$i":"today","$v":"Šiandien"},{"$i":"go","$v":"Eiti į dat."},{"$i":"search","$v":"Paieš."},{"$i":"calendar-to-display","$v":"Rodomas kalendorius"},{"$i":"settings","$v":"Parametrai"},{"$i":"delete","$v":"Ištrin."},{"$i":"enter","$v":"Įves."},{"$i":"sync-calendar","$v":"Sinchronizuoti kalendorių"},{"$i":"lunar-calendar","$v":"Mėnulio diena"},{"$i":"present-description","$v":["Šiandien ",{"t":"idOrVar","v":"weekday"},", ",{"t":"idOrVar","v":"date"}," d."]},{"$i":"day-description","$v":[{"t":"idOrVar","v":"weekday"}," ",{"t":"idOrVar","v":"date"}]},{"$i":"weekday-5","$v":"Penkt."},{"$i":"weekday-4","$v":"Ketvirtadienis"},{"$i":"weekday-3","$v":"Trečiadienis"},{"$i":"weekday-2","$v":"Antradienis"},{"$i":"weekday-1","$v":"Pirmad."},{"$i":"weekday-0","$v":"Sekmadienis"},{"$i":"weekday-6","$v":"Šeštad."},{"$i":"no-title","$v":"(Be pavad.)"},{"$i":"weekday-0-long","$v":"Sekmadienis"},{"$i":"weekday-1-long","$v":"Pirmadienis"},{"$i":"weekday-2-long","$v":"Antradienis"},{"$i":"weekday-3-long","$v":"Trečiadienis"},{"$i":"weekday-4-long","$v":"Ketvirtadienis"},{"$i":"weekday-5-long","$v":"Penktadienis"},{"$i":"weekday-6-long","$v":"Šeštadienis"},{"$i":"weekday-0-short","$v":"Sk"},{"$i":"weekday-1-short","$v":"Pr"},{"$i":"weekday-2-short","$v":"An"},{"$i":"weekday-3-short","$v":"Tr"},{"$i":"weekday-4-short","$v":"Kt"},{"$i":"weekday-5-short","$v":"Pn"},{"$i":"weekday-6-short","$v":"Št"},{"$i":"month-0-long","$v":"Sausis"},{"$i":"month-1-long","$v":"Vasaris"},{"$i":"month-2-long","$v":"Kovas"},{"$i":"month-3-long","$v":"Balandis"},{"$i":"month-4-long","$v":"Gegužė"},{"$i":"month-5-long","$v":"Birželis"},{"$i":"month-6-long","$v":"Liepa"},{"$i":"month-7-long","$v":"Rugpjūtis"},{"$i":"month-8-long","$v":"Rugsėjis"},{"$i":"month-9-long","$v":"Spalis"},{"$i":"month-10-long","$v":"Lapkritis"},{"$i":"month-11-long","$v":"Gruodis"},{"$i":"month-0-genitive","$v":"Sausis"},{"$i":"month-1-genitive","$v":"Vasaris"},{"$i":"month-2-genitive","$v":"Kovas"},{"$i":"month-3-genitive","$v":"Balandis"},{"$i":"month-4-genitive","$v":"Gegužė"},{"$i":"month-5-genitive","$v":"Birželis"},{"$i":"month-6-genitive","$v":"Liepa"},{"$i":"month-7-genitive","$v":"Rugpjūtis"},{"$i":"month-8-genitive","$v":"Rugsėjis"},{"$i":"month-9-genitive","$v":"Spalis"},{"$i":"month-10-genitive","$v":"Lapkritis"},{"$i":"month-11-genitive","$v":"Gruodis"},{"$i":"month-0-short","$v":"saus."},{"$i":"month-1-short","$v":"vasar."},{"$i":"month-2-short","$v":"kov."},{"$i":"month-3-short","$v":"balan."},{"$i":"month-4-short","$v":"Geg"},{"$i":"month-5-short","$v":"birž."},{"$i":"month-6-short","$v":"liep."},{"$i":"month-7-short","$v":"rugpj."},{"$i":"month-8-short","$v":"rugs"},{"$i":"month-9-short","$v":"spal."},{"$i":"month-10-short","$v":"lapkr."},{"$i":"month-11-short","$v":"grd."},{"$i":"minutes-ago-long","$v":{"few":["Prieš ",{"t":"idOrVar","v":"value"}," min."],"many":["Prieš ",{"t":"idOrVar","v":"value"}," min."],"one":"prieš minutę","other":["Prieš ",{"t":"idOrVar","v":"value"}," min."],"two":["Prieš ",{"t":"idOrVar","v":"value"}," min."],"zero":"ką tik"},"$x":[{"t":"idOrVar","v":"plural"},"value"]},{"$i":"hours-ago-long","$v":{"few":["Prieš ",{"t":"idOrVar","v":"value"}," val."],"many":["Prieš ",{"t":"idOrVar","v":"value"}," val."],"one":"prieš valandą","other":["Prieš ",{"t":"idOrVar","v":"value"}," val."],"two":["Prieš ",{"t":"idOrVar","v":"value"}," val."],"zero":"ką tik"},"$x":[{"t":"idOrVar","v":"plural"},"value"]},{"$i":"days-ago-long","$v":{"few":["Prieš ",{"t":"idOrVar","v":"value"}," d."],"many":["Prieš ",{"t":"idOrVar","v":"value"}," d."],"one":"vakar","other":["Prieš ",{"t":"idOrVar","v":"value"}," d."],"two":["Prieš ",{"t":"idOrVar","v":"value"}," d."],"zero":"šiandien"},"$x":[{"t":"idOrVar","v":"plural"},"value"]},{"$i":"weeks-ago-long","$v":{"few":["Prieš ",{"t":"idOrVar","v":"value"}," sav."],"many":["Prieš ",{"t":"idOrVar","v":"value"}," sav."],"one":"pas. sav.","other":["Prieš ",{"t":"idOrVar","v":"value"}," sav."],"two":["Prieš ",{"t":"idOrVar","v":"value"}," sav."],"zero":"ši savaitė"},"$x":[{"t":"idOrVar","v":"plural"},"value"]},{"$i":"months-ago-long","$v":{"few":[{"t":"idOrVar","v":"value"}," mėn. po"],"many":[{"t":"idOrVar","v":"value"}," mėn. po"],"one":"pask. mėn.","other":[{"t":"idOrVar","v":"value"}," mėn. po"],"two":[{"t":"idOrVar","v":"value"}," mėn. po"],"zero":"šis mėnuo"},"$x":[{"t":"idOrVar","v":"plural"},"value"]},{"$i":"years-ago-long","$v":{"few":["Prieš ",{"t":"idOrVar","v":"value"}," met."],"many":["Prieš ",{"t":"idOrVar","v":"value"}," met."],"one":"Pas. met.","other":["Prieš ",{"t":"idOrVar","v":"value"}," met."],"two":["Prieš ",{"t":"idOrVar","v":"value"}," met."],"zero":"šie metai"},"$x":[{"t":"idOrVar","v":"plural"},"value"]},{"$i":"minutes-until-long","$v":{"few":["per ",{"t":"idOrVar","v":"value"}," min."],"many":["per ",{"t":"idOrVar","v":"value"}," min."],"one":"per min.","other":["per ",{"t":"idOrVar","v":"value"}," min."],"two":["per ",{"t":"idOrVar","v":"value"}," min."],"zero":"dabar"},"$x":[{"t":"idOrVar","v":"plural"},"value"]},{"$i":"hours-until-long","$v":{"few":["per ",{"t":"idOrVar","v":"value"}," val."],"many":["per ",{"t":"idOrVar","v":"value"}," val."],"one":"per val.","other":["per ",{"t":"idOrVar","v":"value"}," val."],"two":["per ",{"t":"idOrVar","v":"value"}," val."],"zero":"dabar"},"$x":[{"t":"idOrVar","v":"plural"},"value"]},{"$i":"days-until-long","$v":{"few":["per ",{"t":"idOrVar","v":"value"}," d."],"many":["per ",{"t":"idOrVar","v":"value"}," d."],"one":"rytoj","other":["per ",{"t":"idOrVar","v":"value"}," d."],"two":["per ",{"t":"idOrVar","v":"value"}," d."],"zero":"šiandien"},"$x":[{"t":"idOrVar","v":"plural"},"value"]},{"$i":"weeks-until-long","$v":{"few":["per ",{"t":"idOrVar","v":"value"}," sav."],"many":["per ",{"t":"idOrVar","v":"value"}," sav."],"one":"kita sav.","other":["per ",{"t":"idOrVar","v":"value"}," sav."],"two":["per ",{"t":"idOrVar","v":"value"}," sav."],"zero":"ši savaitė"},"$x":[{"t":"idOrVar","v":"plural"},"value"]},{"$i":"months-until-long","$v":{"few":["per ",{"t":"idOrVar","v":"value"}," mėn."],"many":["per ",{"t":"idOrVar","v":"value"}," mėn."],"one":"kit. mėn.","other":["per ",{"t":"idOrVar","v":"value"}," mėn."],"two":["per ",{"t":"idOrVar","v":"value"}," mėn."],"zero":"šis mėnuo"},"$x":[{"t":"idOrVar","v":"plural"},"value"]},{"$i":"years-until-long","$v":{"few":["per ",{"t":"idOrVar","v":"value"}," met."],"many":["per ",{"t":"idOrVar","v":"value"}," met."],"one":"kit. met.","other":["per ",{"t":"idOrVar","v":"value"}," met."],"two":["per ",{"t":"idOrVar","v":"value"}," met."],"zero":"šie metai"},"$x":[{"t":"idOrVar","v":"plural"},"value"]},{"$i":"minutes-ago-short","$v":{"other":["Prieš ",{"t":"idOrVar","v":"value"},"min."],"zero":"ką tik"},"$x":[{"t":"idOrVar","v":"plural"},"value"]},{"$i":"hours-ago-short","$v":{"other":["Prieš ",{"t":"idOrVar","v":"value"},"val."],"zero":"ką tik"},"$x":[{"t":"idOrVar","v":"plural"},"value"]},{"$i":"days-ago-short","$v":{"other":["Prieš ",{"t":"idOrVar","v":"value"},"d."],"zero":"šiandien"},"$x":[{"t":"idOrVar","v":"plural"},"value"]},{"$i":"minutes-until-short","$v":{"other":["per ",{"t":"idOrVar","v":"value"},"min."],"zero":"dabar"},"$x":[{"t":"idOrVar","v":"plural"},"value"]},{"$i":"hours-until-short","$v":{"other":["per ",{"t":"idOrVar","v":"value"},"val."],"zero":"dabar"},"$x":[{"t":"idOrVar","v":"plural"},"value"]},{"$i":"days-until-short","$v":{"other":["per ",{"t":"idOrVar","v":"value"},"d"],"zero":"šiandien"},"$x":[{"t":"idOrVar","v":"plural"},"value"]},{"$i":"incorrectDate","$v":"(neteisinga data)"},{"$i":"dateTimeFormat_%c","$v":"%a %b %e %Y %I:%M:%S %p"},{"$i":"dateTimeFormat_%x","$v":"%m/%d/%Y"},{"$i":"dateTimeFormat_%X","$v":"%I:%M:%S %p"},{"$i":"shortTimeFormat","$v":"%I:%M %p"},{"$i":"shortTimeFormat12","$v":"%I:%M %p"},{"$i":"shortTimeFormat24","$v":"%H:%M"},{"$i":"shortDateTimeFormat","$v":"%x %I:%M %p"},{"$i":"weekStartsOnMonday","$v":"0.0"},{"$i":"firstDayOfTheWeek","$v":"1.0"},{"$i":"time_am","$v":"AM"},{"$i":"time_pm","$v":"PM"},{"$i":"softkey-options","$v":"Funkc."}]