[{"$i":"back","$v":"Atpakaļ"},{"$i":"save","$v":"Saglabāt"},{"$i":"cancel","$v":"Atcelt"},{"$i":"next","$v":"Tālāk"},{"$i":"hide","$v":"Paslēpt"},{"$i":"confirm","$v":"Apstiprināt"},{"$i":"done","$v":"Gatavs"},{"$i":"events","$v":"Notikumu atgādinājums"},{"$i":"edit","$v":"Rediģēt"},{"$i":"allday-events","$v":"Visas dienas notik. atgādinājums"},{"$i":"no-events","$v":"Nav notikumu"},{"$i":"default","$v":"Noklusējums"},{"$i":"sync","$v":"Sinhronizēt"},{"$i":"repeat","$v":"Atkārtošana"},{"$i":"never","$v":"Nekad"},{"$i":"every-day","$v":"Katru dienu"},{"$i":"every-week","$v":"Katru nedēļu"},{"$i":"every-2-weeks","$v":"Ik pēc 2 nedēļām"},{"$i":"every-month","$v":"Katru mēnesi"},{"$i":"view-never","$v":"Atkārtošana: nekad"},{"$i":"view-every-day","$v":"Atkārtošana: katru dienu"},{"$i":"view-every-week","$v":"Atkārtošana: reizi nedēļā"},{"$i":"view-every-2-weeks","$v":"Atkārtošana: ik pēc divām nedēļām"},{"$i":"view-every-month","$v":"Atkārtošana: mēnesī"},{"$i":"repeat-event-header","$v":"Šis ir atkārtots notikums."},{"$i":"delete-this-only","$v":"Dzēst tikai šo"},{"$i":"delete-all","$v":"Dzēst visu"},{"$i":"event-edit-all","$v":"Rediģējiet visus notikumus"},{"$i":"event-edit-all-future","$v":"Rediģējiet visus turpmākos notikumus"},{"$i":"options","$v":"Iespējas"},{"$i":"event-delete-all","$v":"Dzēst visu"},{"$i":"event-delete-all-future","$v":"Dzēst visus turpmākos notikumus"},{"$i":"delete-account","$v":"Dzēst acct"},{"$i":"exchange-account","$v":"ActiveSync"},{"$i":"account-user-name","$v":"Lietotājvārds"},{"$i":"incorrect-password-description","$v":"Nevarēja pierakstīties serverī. Lūdzu, mēģiniet vēlreiz."},{"$i":"incorrect-password","$v":"Parole nav pareiza. Lūdzu, mēģiniet vēlreiz."},{"$i":"account-duplicate","$v":"Konts jau pastāv. Sinhronizācija ir ieslēgta."},{"$i":"error-account","$v":"Serveris nav pieejams. Lūdzu, vēlāk mēģiniet vēlreiz."},{"$i":"error-access-denied","$v":"Radās nezināma kļūda. Lūdzu, vēlāk mēģiniet vēlreiz."},{"$i":"error-time-out","$v":["Nevar izveidot savienojumu ar serveri “",{"t":"idOrVar","v":"server"},"”. Tīklā var būt problēma."]},{"$i":"caldav-account-exist","$v":"Šāds konts jau pastāv."},{"$i":"save-password","$v":"Parole saglabāta."},{"$i":"account-login","$v":"Konta pieteikšanās"},{"$i":"setting-up-account","$v":"Konta izveide"},{"$i":"setup-account-usedInfo","$v":"Šo kontu izmantos tālāk norādītās programmas. Varat veikt izmaiņas sadaļā Iestatījumi>Konts."},{"$i":"app-calendar","$v":"Kalendārs"},{"$i":"show-today","$v":"Šodien"},{"$i":"show-month-view","$v":"Mēnesis"},{"$i":"show-week-view","$v":"Nedēļa"},{"$i":"show-day-view","$v":"Diena"},{"$i":"settings-show","$v":"Uzstādījumi"},{"$i":"settings-hide","$v":"Paslēpt uzstādījumus"},{"$i":"add-account","$v":"Pievienot kontu"},{"$i":"new-event","$v":"Piev. notikumu"},{"$i":"view-event-header","$v":"Notikuma dati"},{"$i":"new-event-header","$v":"Pievienot notikumu"},{"$i":"edit-event-header","$v":"Rediģēt notikumu"},{"$i":"account-header","$v":"Konts"},{"$i":"account-list-header","$v":"Konti"},{"$i":"advanced-settings-short-icon-button","ariaLabel":"Uzstādījumi"},{"$i":"advanced-settings-header","$v":"Kalendāra uzstādījumi"},{"$i":"advanced-settings-personalization","$v":"Atjauninājumu biežums"},{"$i":"advanced-settings-reminders","$v":"Atgādinājums"},{"$i":"advanced-settings-add-account","$v":"Pievienot kontu"},{"$i":"field-user","$v":"Lietotājvārds"},{"$i":"field-password","$v":"Parole"},{"$i":"show-password","$v":"Rādīt paroli"},{"$i":"field-full-url","$v":"URL"},{"$i":"modify-account-setting-up","$v":"Uzgaidiet, līdz iestata jūsu kontu"},{"$i":"modify-account-unable-to-sync","$v":"Nevar sinhronizēt"},{"$i":"modify-account-sign-in","$v":"Pierakstīties"},{"$i":"kai-caldav","$v":"CalDav"},{"$i":"kai-yahoo","$v":"Yahoo!"},{"$i":"kai-google","$v":"Google"},{"$i":"preset-mozilla","$v":"Mozilla Zimbra"},{"$i":"calendar-local","$v":"Tālruņa kalendārs"},{"$i":"event-title","$v":"Virsraksts"},{"$i":"event-location","$v":"Atrašanās vieta"},{"$i":"event-description","$v":"Piezīmes"},{"$i":"event-is-allday","$v":"Visas dienas notikums"},{"$i":"event-start-date","$v":"Sākuma datums"},{"$i":"event-end-date","$v":"Beigu datums"},{"$i":"event-start-time","$v":"Startēšanas laiks"},{"$i":"event-end-time","$v":"Beigu laiks"},{"$i":"event-delete","$v":"Dzēst notikumu"},{"$i":"event-is-deleting","$v":"Notiek dzēšana…"},{"$i":"remove-account-data","$v":"Noņemt kalendāra kontu"},{"$i":"remove-account-dialog","$v":"Noņemt kontu"},{"$i":"remove-account-dialog-details","$v":["Vai noņemt e-pasta adresi ",{"t":"idOrVar","v":"email"}," no jūsu ierīces?"]},{"$i":"remove","$v":"Noņemt"},{"$i":"drawer-sync-icon-button","ariaLabel":"Sinhronizēt"},{"$i":"sync-progress-syncing","ariaValueText":"Sinhronizācija"},{"$i":"sync-progress-complete","ariaValueText":"Sinhronizācija pabeigta"},{"$i":"sync-frequency","$v":"Sinhronizēt kalendāru"},{"$i":"sync-frequency-15min","$v":"Ik pēc 15 minūtēm"},{"$i":"sync-frequency-30min","$v":"Ik pēc 30 minūtēm"},{"$i":"sync-frequency-manual","$v":"Manuāli"},{"$i":"from","$v":"No"},{"$i":"to","$v":"Līdz"},{"$i":"one-day-duration-title","$v":[{"t":"idOrVar","v":"startDate"}]},{"$i":"one-day-duration-content","$v":[{"t":"idOrVar","v":"startTime"}," no",{"t":"idOrVar","v":"endTime"}]},{"$i":"multiple-day-duration-title","$v":[{"t":"idOrVar","v":"startTime"}," ",{"t":"idOrVar","v":"startDate"}]},{"$i":"multiple-day-duration-content","$v":[{"t":"idOrVar","v":"endTime"}," ",{"t":"idOrVar","v":"endDate"}]},{"$i":"one-all-day-duration-title","$v":[{"t":"idOrVar","v":"startDate"}]},{"$i":"all-day-duration-content","$v":"Notiks visu dienu"},{"$i":"multiple-all-day-duration-title","$v":["No: ",{"t":"idOrVar","v":"startDate"}]},{"$i":"multiple-all-day-duration-content","$v":["Līdz ",{"t":"idOrVar","v":"endDate"}]},{"$i":"none","$v":"Nav"},{"$i":"reminder","$v":"Notikuma atgādinājums"},{"$i":"remind-me","$v":"Atgādināt"},{"$i":"alarm-at-event-standard","$v":"Notikuma laikā"},{"$i":"alarm-at-event-allday","$v":"Notikuma dienā"},{"$i":"alarm-at-event-allday-hour12","$v":"Notikuma dienā (9.00)"},{"$i":"alarm-at-event-allday-hour24","$v":"Notikuma dienā (9.00)"},{"$i":"alarm-start-notice","$v":[{"t":"idOrVar","v":"title"}," sākas ",{"t":"idOrVar","v":"distance"}]},{"$i":"alarm-started-notice","$v":[{"t":"idOrVar","v":"title"}," sākās ",{"t":"idOrVar","v":"distance"}]},{"$i":"alarm-start-notice-two-days","$v":[{"t":"idOrVar","v":"title"}," sākas pēc divām dienām"]},{"$i":"alarm-start-notice-few-days","$v":[{"t":"idOrVar","v":"title"}," sākas ",{"t":"idOrVar","v":"distance"}]},{"$i":"days-before-hour12","$v":{"few":["Pirms ",{"t":"idOrVar","v":"value"}," dienām (9.00)"],"many":["Pirms ",{"t":"idOrVar","v":"value"}," dienām (9.00)"],"one":"Pirms 1 dienas (9.00)","other":["Pirms ",{"t":"idOrVar","v":"value"}," dienām (9.00)"],"two":["Pirms ",{"t":"idOrVar","v":"value"}," dienām (9.00)"],"zero":"Pirms 0 dienām (9.00)"},"$x":[{"t":"idOrVar","v":"plural"},"value"]},{"$i":"weeks-before-hour12","$v":{"few":["Pirms ",{"t":"idOrVar","v":"value"}," nedēļām (9.00)"],"many":["Pirms ",{"t":"idOrVar","v":"value"}," nedēļām (9.00)"],"one":"Pirms 1 nedēļas (9.00)","other":["Pirms ",{"t":"idOrVar","v":"value"}," nedēļām (9.00)"],"two":["Pirms ",{"t":"idOrVar","v":"value"}," nedēļām (9.00)"],"zero":"Pirms 0 nedēļām (9.00)"},"$x":[{"t":"idOrVar","v":"plural"},"value"]},{"$i":"days-before-hour24","$v":{"few":["Pirms ",{"t":"idOrVar","v":"value"}," dienām (9.00)"],"many":["Pirms ",{"t":"idOrVar","v":"value"}," dienām (9.00)"],"one":"Pirms 1 dienas (9.00)","other":["Pirms ",{"t":"idOrVar","v":"value"}," dienām (9.00)"],"two":["Pirms ",{"t":"idOrVar","v":"value"}," dienām (9.00)"],"zero":"Pirms 0 dienām (9.00)"},"$x":[{"t":"idOrVar","v":"plural"},"value"]},{"$i":"weeks-before-hour24","$v":{"few":["Pirms ",{"t":"idOrVar","v":"value"}," nedēļām (9.00)"],"many":["Pirms ",{"t":"idOrVar","v":"value"}," nedēļām (9.00)"],"one":"Pirms 1 nedēļas (9.00)","other":["Pirms ",{"t":"idOrVar","v":"value"}," nedēļām (9.00)"],"two":["Pirms ",{"t":"idOrVar","v":"value"}," nedēļām (9.00)"],"zero":"Pirms 0 nedēļām (9.00)"},"$x":[{"t":"idOrVar","v":"plural"},"value"]},{"$i":"minutes-before","$v":{"few":["Pirms ",{"t":"idOrVar","v":"value"}," minūtēm"],"many":["Pirms ",{"t":"idOrVar","v":"value"}," minūtēm"],"one":"1 minūti pirms","other":["Pirms ",{"t":"idOrVar","v":"value"}," minūtēm"],"two":["Pirms ",{"t":"idOrVar","v":"value"}," minūtēm"],"zero":"Pirms 0minūtēm"},"$x":[{"t":"idOrVar","v":"plural"},"value"]},{"$i":"hours-before","$v":{"few":["Pirms ",{"t":"idOrVar","v":"value"}," stundām"],"many":["Pirms ",{"t":"idOrVar","v":"value"}," stundām"],"one":"Pirms 1 stundas","other":["Pirms ",{"t":"idOrVar","v":"value"}," stundām"],"two":["Pirms ",{"t":"idOrVar","v":"value"}," stundām"],"zero":"Pēc 0 stundām"},"$x":[{"t":"idOrVar","v":"plural"},"value"]},{"$i":"days-before","$v":{"few":["Pirms ",{"t":"idOrVar","v":"value"}," dienām"],"many":["Pirms ",{"t":"idOrVar","v":"value"}," dienām"],"one":"Pirms 1 dienas","other":["Pirms ",{"t":"idOrVar","v":"value"}," dienām"],"two":["Pirms ",{"t":"idOrVar","v":"value"}," dienām"],"zero":"Pirms 0 dienām"},"$x":[{"t":"idOrVar","v":"plural"},"value"]},{"$i":"weeks-before","$v":{"few":["Pirms ",{"t":"idOrVar","v":"value"}," nedēļām"],"many":["Pirms ",{"t":"idOrVar","v":"value"}," nedēļām"],"one":"1 nedēļu pirms","other":["Pirms ",{"t":"idOrVar","v":"value"}," nedēļām"],"two":["Pirms ",{"t":"idOrVar","v":"value"}," nedēļām"],"zero":"Pirms 0 nedēļām"},"$x":[{"t":"idOrVar","v":"plural"},"value"]},{"$i":"months-before","$v":{"few":["Pirms ",{"t":"idOrVar","v":"value"}," mēnešiem"],"many":["Pirms ",{"t":"idOrVar","v":"value"}," mēnešiem"],"one":"1 mēnesi pirms","other":["Pirms ",{"t":"idOrVar","v":"value"}," mēnešiem"],"two":["Pirms ",{"t":"idOrVar","v":"value"}," mēnešiem"],"zero":"Pirms 0 mēnešiem"},"$x":[{"t":"idOrVar","v":"plural"},"value"]},{"$i":"years-before","$v":{"few":["Pirms ",{"t":"idOrVar","v":"value"}," gadiem"],"many":["Pirms ",{"t":"idOrVar","v":"value"}," gadiem"],"one":"1 gadu pirms","other":["Pirms ",{"t":"idOrVar","v":"value"}," gadiem"],"two":["Pirms ",{"t":"idOrVar","v":"value"}," gadiem"],"zero":"Pirms 0 gadiem"},"$x":[{"t":"idOrVar","v":"plural"},"value"]},{"$i":"minutes-after","$v":{"few":["Pēc ",{"t":"idOrVar","v":"value"}," minūtēm,"],"many":["Pēc ",{"t":"idOrVar","v":"value"}," minūtēm,"],"one":"1 minūti pēc","other":["Pēc ",{"t":"idOrVar","v":"value"}," minūtēm,"],"two":["Pēc ",{"t":"idOrVar","v":"value"}," minūtēm,"],"zero":"Pēc 0 minūtēm"},"$x":[{"t":"idOrVar","v":"plural"},"value"]},{"$i":"hours-after","$v":{"few":["Pēc ",{"t":"idOrVar","v":"value"}," stundām"],"many":["Pēc ",{"t":"idOrVar","v":"value"}," stundām"],"one":"Pēc 1 stundas","other":["Pēc ",{"t":"idOrVar","v":"value"}," stundām"],"two":["Pēc ",{"t":"idOrVar","v":"value"}," stundām"],"zero":"Pēc 0 stundām"},"$x":[{"t":"idOrVar","v":"plural"},"value"]},{"$i":"days-after","$v":{"few":["Pēc ",{"t":"idOrVar","v":"value"}," dienām"],"many":["Pēc ",{"t":"idOrVar","v":"value"}," dienām"],"one":"Pēc 1 dienas","other":["Pēc ",{"t":"idOrVar","v":"value"}," dienām"],"two":["Pēc ",{"t":"idOrVar","v":"value"}," dienām"],"zero":"Pēc 0 dienām"},"$x":[{"t":"idOrVar","v":"plural"},"value"]},{"$i":"weeks-after","$v":{"few":["Pēc ",{"t":"idOrVar","v":"value"}," nedēļām"],"many":["Pēc ",{"t":"idOrVar","v":"value"}," nedēļām"],"one":"1 nedēļu pēc","other":["Pēc ",{"t":"idOrVar","v":"value"}," nedēļām"],"two":["Pēc ",{"t":"idOrVar","v":"value"}," nedēļām"],"zero":"Pēc 0 nedēļām"},"$x":[{"t":"idOrVar","v":"plural"},"value"]},{"$i":"months-after","$v":{"few":["Pēc ",{"t":"idOrVar","v":"value"}," mēnešiem"],"many":["Pēc ",{"t":"idOrVar","v":"value"}," mēnešiem"],"one":"1 mēnesi pēc","other":["Pēc ",{"t":"idOrVar","v":"value"}," mēnešiem"],"two":["Pēc ",{"t":"idOrVar","v":"value"}," mēnešiem"],"zero":"Pēc 0 mēnešiem"},"$x":[{"t":"idOrVar","v":"plural"},"value"]},{"$i":"years-after","$v":{"few":["Pēc ",{"t":"idOrVar","v":"value"}," gadiem"],"many":["Pēc ",{"t":"idOrVar","v":"value"}," gadiem"],"one":"1 gadu pēc","other":["Pēc ",{"t":"idOrVar","v":"value"}," gadiem"],"two":["Pēc ",{"t":"idOrVar","v":"value"}," gadiem"],"zero":"Pēc 0 gadiem"},"$x":[{"t":"idOrVar","v":"plural"},"value"]},{"$i":"hour-format12","$v":"%I %p"},{"$i":"hour-format24","$v":"%H"},{"$i":"week-hour-format12","$v":"%I %p"},{"$i":"week-hour-format24","$v":"%H"},{"$i":"hour-allday","$v":"Visu dienu"},{"$i":"kai-week-day","$v":"%a\\n%e"},{"$i":"current-time12","$v":"%I:%M"},{"$i":"current-time24","$v":"%H:%M"},{"$i":"multi-month-view-header-format","$v":"%B %Y"},{"$i":"day-view-header-format","$v":"%A, %e. %B"},{"$i":"months-day-view-header-format","$v":"%A, %B %e"},{"$i":"months-day-view-header-format-small","$v":{"$o":"%a <br/> %b, %e"}},{"$i":"week-view-header-format","$v":[{"t":"idOrVar","v":"value"},". nedēļa. %B %Y"]},{"$i":"longDateFormat","$v":"%a, %Y. gada %d. %B"},{"$i":"longTimeFormat","$v":"%A %B %d"},{"$i":"longTimeFormat12","$v":"%A %B %d %I %p"},{"$i":"longTimeFormat24","$v":"Pulksten %A%B%d%H"},{"$i":"weekTimeFormat12","$v":"%I %p"},{"$i":"weekTimeFormat24","$v":"Pulksten %H"},{"$i":"weekDayFormat","$v":"%A %d"},{"$i":"alldayLongTimeFormat","$v":"%A %B %d visu dienu"},{"$i":"dayHour12","$v":"%I %p"},{"$i":"dayHour24","$v":"Pulksten %H"},{"$i":"longDateTime12","$v":"%I %p, %a, %d %b, %Y"},{"$i":"longDateTime24","$v":"%H. %a, %d. %b, %Y"},{"$i":"upcoming-events","$v":"Nākotnes pasākumi"},{"$i":"search-results","$v":"Meklēšanas rezultāti"},{"$i":"no-event-found","$v":"Netika atrasts neviens notikums"},{"$i":"longDateTimeNew12","$v":"%a, %B %e, %Y, %I:%M %p"},{"$i":"longDateTimeNew24","$v":"%a, %B %e, %Y, %H:%M"},{"$i":"error-start-date-after-end-date","$v":"Notikums nevar beigties pirms tā sākuma datuma."},{"$i":"error-start-time-after-end-time","$v":"Notikums nevar beigties pirms tā sākuma laika."},{"$i":"error-unauthenticated","$v":"Nepareizs lietotājv.vai parole. Mēģiniet vēl."},{"$i":"error-internal-server-error","$v":"Servera kļūda. Mēģiniet vēlreiz."},{"$i":"error-unkown","$v":"Serveris nav pieejams. Lūdzu, vēlāk mēģiniet vēlreiz."},{"$i":"error-default","$v":"Radās problēma. Mēģiniet vēlreiz."},{"$i":"error-offline","$v":"Nevar izveidot savienojumu ar internetu. Lai piekļūtu internetam, varat izmantot Wi-Fi vai mobilos datus."},{"$i":"error-account-exist","$v":"Šāds konts jau pastāv."},{"$i":"error-confirmation-title","$v":"Kļūda"},{"$i":"error-edit-online-event","$v":"Neizdevās rediģēt tiešsaistes notikumu, jo nav interneta savienojuma."},{"$i":"error-delete-online-event","$v":"Neizdevās dzēst tiešsaistes notikumu, jo nav interneta savienojuma."},{"$i":"notification-error-sync-title","$v":"Kalendāra sinhr. kļūda"},{"$i":"notification-error-sync-description","$v":"Pieskar., lai iegūtu plašāku inf."},{"$i":"notification-error-caldav-sync-title","$v":"Konta kļūda"},{"$i":"notification-error-caldav-sync-description","$v":"Piesakieties vēlreiz"},{"$i":"weekday-0-single-char","$v":"Sv","ariaLabel":"Svētdiena"},{"$i":"weekday-1-single-char","$v":"P","ariaLabel":"Pirmdiena"},{"$i":"weekday-2-single-char","$v":"O","ariaLabel":"Otrd."},{"$i":"weekday-3-single-char","$v":"T","ariaLabel":"Trešd."},{"$i":"weekday-4-single-char","$v":"C","ariaLabel":"Ceturtdiena"},{"$i":"weekday-5-single-char","$v":"Pk","ariaLabel":"Piektdiena"},{"$i":"weekday-6-single-char","$v":"S","ariaLabel":"Sestdiena"},{"$i":"busy","$v":{"few":[{"t":"idOrVar","v":"n"}," notikumi"],"many":[{"t":"idOrVar","v":"n"}," notikumi"],"one":[{"t":"idOrVar","v":"n"}," notikums"],"other":[{"t":"idOrVar","v":"n"}," notikumi"],"two":[{"t":"idOrVar","v":"n"}," notikumi"],"zero":"Nav notikumu"},"$x":[{"t":"idOrVar","v":"plural"},"n"]},{"$i":"present","ariaLabel":"Šodien"},{"$i":"past-other-month-description","ariaLabel":"Cits mēnesis"},{"$i":"future-other-month-description","ariaLabel":"Cits mēnesis"},{"$i":"icon-calendar-alarm","ariaLabel":"Ir signāls"},{"$i":"calendars","ariaLabel":"Kalendāri"},{"$i":"multi-day-new-event-link","ariaLabel":"Pievienot notikumu"},{"$i":"title","ariaLabel":"Virsraksts"},{"$i":"location","ariaLabel":"Atrašanās vieta"},{"$i":"duration","ariaLabel":"Ilgums"},{"$i":"calendar","ariaLabel":"Kalendārs"},{"$i":"alarms","ariaLabel":"Signāli"},{"$i":"description","ariaLabel":"Apraksts"},{"$i":"start-date","ariaLabel":"Sākuma datums"},{"$i":"start-time","ariaLabel":"Startēšanas laiks"},{"$i":"end-date","ariaLabel":"Beigu datums"},{"$i":"end-time","ariaLabel":"Beigu laiks"},{"$i":"during-progress-loading","ariaValueText":"Ielāde"},{"$i":"all-day","ariaLabel":"Visu dienu"},{"$i":"create-event","ariaLabel":"Izveidot notikumu"},{"$i":"create-all-day-event","ariaLabel":"Izveidot visu dienu notik."},{"$i":"event-one-day-duration","ariaLabel":["No ",{"t":"idOrVar","v":"startTime"}," līdz ",{"t":"idOrVar","v":"endTime"}]},{"$i":"week-event-one-day-duration","ariaLabel":[{"t":"idOrVar","v":"startDate"}," no ",{"t":"idOrVar","v":"startTime"}," līdz ",{"t":"idOrVar","v":"endTime"}]},{"$i":"event-multiple-day-duration","ariaLabel":["No ",{"t":"idOrVar","v":"startTime"}," ",{"t":"idOrVar","v":"startDate"}," līdz ",{"t":"idOrVar","v":"endTime"}," ",{"t":"idOrVar","v":"endDate"}]},{"$i":"kai-event-added","$v":"Notikums pievienots"},{"$i":"kai-event-updated","$v":"Notikums atjaunināts"},{"$i":"kai-event-deleted","$v":"Notikums dzēsts"},{"$i":"kai-change-save","$v":"Izmaiņas saglabātas"},{"$i":"event-sync-failure","$v":"Nevar sinhronizēt"},{"$i":"kai-event-calendar","$v":"Kalendārs"},{"$i":"kai-single-event","$v":"notikums"},{"$i":"kai-event-count","$v":"notikumui"},{"$i":"kai-sync-progress-syncing","$v":"Sinhronizācija"},{"$i":"kai-sync-progress-complete","$v":"Kalendārs atjaunināts."},{"$i":"kai-settings-sounds","$v":"Skaņas"},{"$i":"kai-tones","$v":"Signāli"},{"$i":"kai-multi-events","$v":"Notikumi"},{"$i":"kai-confirmation-title","$v":"Apstiprinājums"},{"$i":"kai-delete-selectedEvent-confirmation","$v":"Vai dzēst izvēlēto notikumu?"},{"$i":"kai-deleteEvent-confirmation","$v":"Vai dzēst notikumu?"},{"$i":"kai-event-search-header","$v":"Meklēt","placeholder":"Meklēt"},{"$i":"kai-event-search-upcoming-events","$v":"Nākotnes pasākumi"},{"$i":"kai-delete","$v":"Dzēst"},{"$i":"kai-cancel","$v":"Atcelt"},{"$i":"kai-dialog-delete-sel","$v":"Vai tiešām vēlaties dzēst atlasīto notikumu?"},{"$i":"kai-delete-title","$v":"Dzēst notikumu"},{"$i":"kai-save-changes","$v":"Vai saglabāt izmaiņas?"},{"$i":"kai-save-message-back","$v":"Visi ievadītie dati tiks zaudēti. Vai vēlaties saglabāt izmaiņas?"},{"$i":"kai-save-message-close","$v":"Aizverot programmu, tiks zaudēti dati. Vai saglabāt izmaiņas?"},{"$i":"yes","$v":"Jā"},{"$i":"no","$v":"Nē"},{"$i":"confirmation","$v":"Apstiprinājums"},{"$i":"ok","$v":"LABI"},{"$i":"delete-event","$v":"Vai dzēst izvēlēto notikumu?"},{"$i":"edit-event-no-net","$v":"Neizdevās rediģēt tiešsaistes notikumu, jo nav interneta savienojuma."},{"$i":"kai-settings-header","$v":"Kalendārs displejā"},{"$i":"kai-syncing","$v":"Notiek sinhronizācija..."},{"$i":"kai-syncing-header","$v":"Konta sinhronizācija"},{"$i":"select","$v":"Atlasīt"},{"$i":"add-event","$v":"Pievein."},{"$i":"week-view","$v":"Nedēļas skats"},{"$i":"day-view","$v":"Dienas skats"},{"$i":"month-view","$v":"Mēneša skats"},{"$i":"today","$v":"Šodien"},{"$i":"go","$v":"Doties uz datumu"},{"$i":"search","$v":"Meklēt"},{"$i":"calendar-to-display","$v":"Kalendārs displejā"},{"$i":"settings","$v":"Uzstādījumi"},{"$i":"delete","$v":"Dzēst"},{"$i":"enter","$v":"Ievadīt"},{"$i":"sync-calendar","$v":"Sinhronizēt kalendāru"},{"$i":"lunar-calendar","$v":"Mēness diena"},{"$i":"present-description","$v":["Šodien ",{"t":"idOrVar","v":"weekday"},", ",{"t":"idOrVar","v":"date"}]},{"$i":"day-description","$v":[{"t":"idOrVar","v":"weekday"},", ",{"t":"idOrVar","v":"date"}]},{"$i":"weekday-5","$v":"Piektdiena"},{"$i":"weekday-4","$v":"Ceturtdiena"},{"$i":"weekday-3","$v":"Trešd."},{"$i":"weekday-2","$v":"Otrd."},{"$i":"weekday-1","$v":"Pirmdiena"},{"$i":"weekday-0","$v":"Svētdiena"},{"$i":"weekday-6","$v":"Sestdiena"},{"$i":"no-title","$v":"(nav nosaukuma)"},{"$i":"weekday-0-long","$v":"Svētdiena"},{"$i":"weekday-1-long","$v":"Pirmdiena"},{"$i":"weekday-2-long","$v":"Otrdiena"},{"$i":"weekday-3-long","$v":"Trešdiens"},{"$i":"weekday-4-long","$v":"Ceturtdiena"},{"$i":"weekday-5-long","$v":"Piektdiena"},{"$i":"weekday-6-long","$v":"Sestdiena"},{"$i":"weekday-0-short","$v":"Sv"},{"$i":"weekday-1-short","$v":"P"},{"$i":"weekday-2-short","$v":"O"},{"$i":"weekday-3-short","$v":"T"},{"$i":"weekday-4-short","$v":"C"},{"$i":"weekday-5-short","$v":"Pk"},{"$i":"weekday-6-short","$v":"S"},{"$i":"month-0-long","$v":"Janvāris"},{"$i":"month-1-long","$v":"Februāris"},{"$i":"month-2-long","$v":"Marts"},{"$i":"month-3-long","$v":"Aprīlis"},{"$i":"month-4-long","$v":"Maijs"},{"$i":"month-5-long","$v":"Jūnijs"},{"$i":"month-6-long","$v":"Jūlijs"},{"$i":"month-7-long","$v":"Augusts"},{"$i":"month-8-long","$v":"Septembris"},{"$i":"month-9-long","$v":"Oktobris"},{"$i":"month-10-long","$v":"Novembris"},{"$i":"month-11-long","$v":"Decembris"},{"$i":"month-0-genitive","$v":"Janvāris"},{"$i":"month-1-genitive","$v":"Februāris"},{"$i":"month-2-genitive","$v":"Marts"},{"$i":"month-3-genitive","$v":"Aprīlis"},{"$i":"month-4-genitive","$v":"Maijs"},{"$i":"month-5-genitive","$v":"Jūnijs"},{"$i":"month-6-genitive","$v":"Jūlijs"},{"$i":"month-7-genitive","$v":"Augusts"},{"$i":"month-8-genitive","$v":"Septembris"},{"$i":"month-9-genitive","$v":"Oktobris"},{"$i":"month-10-genitive","$v":"Novembris"},{"$i":"month-11-genitive","$v":"Decembris"},{"$i":"month-0-short","$v":"Jan."},{"$i":"month-1-short","$v":"Febr."},{"$i":"month-2-short","$v":"Marts"},{"$i":"month-3-short","$v":"Apr."},{"$i":"month-4-short","$v":"Maijs"},{"$i":"month-5-short","$v":"Jūn."},{"$i":"month-6-short","$v":"Jūl."},{"$i":"month-7-short","$v":"Aug."},{"$i":"month-8-short","$v":"Sept."},{"$i":"month-9-short","$v":"Okt."},{"$i":"month-10-short","$v":"Nov."},{"$i":"month-11-short","$v":"Dec."},{"$i":"minutes-ago-long","$v":{"few":["Pirms ",{"t":"idOrVar","v":"value"}," minūtēm"],"many":["Pirms ",{"t":"idOrVar","v":"value"}," minūtēm"],"one":"pirms minūtes","other":["Pirms ",{"t":"idOrVar","v":"value"}," minūtēm"],"two":["Pirms ",{"t":"idOrVar","v":"value"}," minūtēm"],"zero":"tikko"},"$x":[{"t":"idOrVar","v":"plural"},"value"]},{"$i":"hours-ago-long","$v":{"few":["Pirms ",{"t":"idOrVar","v":"value"}," stundām"],"many":["Pirms ",{"t":"idOrVar","v":"value"}," stundām"],"one":"pirms stundas","other":["Pirms ",{"t":"idOrVar","v":"value"}," stundām"],"two":["Pirms ",{"t":"idOrVar","v":"value"}," stundām"],"zero":"tikko"},"$x":[{"t":"idOrVar","v":"plural"},"value"]},{"$i":"days-ago-long","$v":{"few":["Pirms ",{"t":"idOrVar","v":"value"}," dienām"],"many":["Pirms ",{"t":"idOrVar","v":"value"}," dienām"],"one":"vakar","other":["Pirms ",{"t":"idOrVar","v":"value"}," dienām"],"two":["Pirms ",{"t":"idOrVar","v":"value"}," dienām"],"zero":"šodien"},"$x":[{"t":"idOrVar","v":"plural"},"value"]},{"$i":"weeks-ago-long","$v":{"few":["Pirms ",{"t":"idOrVar","v":"value"}," nedēļām"],"many":["Pirms ",{"t":"idOrVar","v":"value"}," nedēļām"],"one":"pagājušajā nedēļā","other":["Pirms ",{"t":"idOrVar","v":"value"}," nedēļām"],"two":["Pirms ",{"t":"idOrVar","v":"value"}," nedēļām"],"zero":"šonedēļ"},"$x":[{"t":"idOrVar","v":"plural"},"value"]},{"$i":"months-ago-long","$v":{"few":["Pirms ",{"t":"idOrVar","v":"value"}," mēnešiem"],"many":["Pirms ",{"t":"idOrVar","v":"value"}," mēnešiem"],"one":"pagājušajā mēnesī","other":["Pirms ",{"t":"idOrVar","v":"value"}," mēnešiem"],"two":["Pirms ",{"t":"idOrVar","v":"value"}," mēnešiem"],"zero":"šomēnes"},"$x":[{"t":"idOrVar","v":"plural"},"value"]},{"$i":"years-ago-long","$v":{"few":["Pirms ",{"t":"idOrVar","v":"value"}," gadiem"],"many":["Pirms ",{"t":"idOrVar","v":"value"}," gadiem"],"one":"pagājušajā gadā","other":["Pirms ",{"t":"idOrVar","v":"value"}," gadiem"],"two":["Pirms ",{"t":"idOrVar","v":"value"}," gadiem"],"zero":"šogad"},"$x":[{"t":"idOrVar","v":"plural"},"value"]},{"$i":"minutes-until-long","$v":{"few":[{"t":"idOrVar","v":"value"}," minūtēs"],"many":[{"t":"idOrVar","v":"value"}," minūtēs"],"one":"minūtē","other":[{"t":"idOrVar","v":"value"}," minūtēs"],"two":[{"t":"idOrVar","v":"value"}," minūtēs"],"zero":"tūlīt"},"$x":[{"t":"idOrVar","v":"plural"},"value"]},{"$i":"hours-until-long","$v":{"few":[{"t":"idOrVar","v":"value"}," stundās"],"many":[{"t":"idOrVar","v":"value"}," stundās"],"one":"stundā","other":[{"t":"idOrVar","v":"value"}," stundās"],"two":[{"t":"idOrVar","v":"value"}," stundās"],"zero":"tūlīt"},"$x":[{"t":"idOrVar","v":"plural"},"value"]},{"$i":"days-until-long","$v":{"few":[{"t":"idOrVar","v":"value"}," dienās"],"many":[{"t":"idOrVar","v":"value"}," dienās"],"one":"rīt","other":[{"t":"idOrVar","v":"value"}," dienās"],"two":[{"t":"idOrVar","v":"value"}," dienās"],"zero":"šodien"},"$x":[{"t":"idOrVar","v":"plural"},"value"]},{"$i":"weeks-until-long","$v":{"few":[{"t":"idOrVar","v":"value"}," nedēļās"],"many":[{"t":"idOrVar","v":"value"}," nedēļās"],"one":"nākamā nedēļa","other":[{"t":"idOrVar","v":"value"}," nedēļās"],"two":[{"t":"idOrVar","v":"value"}," nedēļās"],"zero":"šonedēļ"},"$x":[{"t":"idOrVar","v":"plural"},"value"]},{"$i":"months-until-long","$v":{"few":[{"t":"idOrVar","v":"value"}," mēnešos"],"many":[{"t":"idOrVar","v":"value"}," mēnešos"],"one":"nākamais mēnesis","other":[{"t":"idOrVar","v":"value"}," mēnešos"],"two":[{"t":"idOrVar","v":"value"}," mēnešos"],"zero":"šomēnes"},"$x":[{"t":"idOrVar","v":"plural"},"value"]},{"$i":"years-until-long","$v":{"few":[{"t":"idOrVar","v":"value"}," gados"],"many":[{"t":"idOrVar","v":"value"}," gados"],"one":"nākamais gads","other":[{"t":"idOrVar","v":"value"}," gados"],"two":[{"t":"idOrVar","v":"value"}," gados"],"zero":"šogad"},"$x":[{"t":"idOrVar","v":"plural"},"value"]},{"$i":"minutes-ago-short","$v":{"other":["Pirms ",{"t":"idOrVar","v":"value"}," min."],"zero":"tikko"},"$x":[{"t":"idOrVar","v":"plural"},"value"]},{"$i":"hours-ago-short","$v":{"other":["Pirms ",{"t":"idOrVar","v":"value"}," stundām"],"zero":"tikko"},"$x":[{"t":"idOrVar","v":"plural"},"value"]},{"$i":"days-ago-short","$v":{"other":["Pirms ",{"t":"idOrVar","v":"value"}," d."],"zero":"šodien"},"$x":[{"t":"idOrVar","v":"plural"},"value"]},{"$i":"minutes-until-short","$v":{"other":[{"t":"idOrVar","v":"value"}," min."],"zero":"tūlīt"},"$x":[{"t":"idOrVar","v":"plural"},"value"]},{"$i":"hours-until-short","$v":{"other":[{"t":"idOrVar","v":"value"}," st."],"zero":"tūlīt"},"$x":[{"t":"idOrVar","v":"plural"},"value"]},{"$i":"days-until-short","$v":{"other":[{"t":"idOrVar","v":"value"}," dienās"],"zero":"šodien"},"$x":[{"t":"idOrVar","v":"plural"},"value"]},{"$i":"incorrectDate","$v":"(nepareizs datums)"},{"$i":"dateTimeFormat_%c","$v":"%a %b %e %Y %I:%M:%S %p"},{"$i":"dateTimeFormat_%x","$v":"%m/%d/%Y"},{"$i":"dateTimeFormat_%X","$v":"%I:%M:%S %p"},{"$i":"shortTimeFormat","$v":"%I:%M %p"},{"$i":"shortTimeFormat12","$v":"%I:%M %p"},{"$i":"shortTimeFormat24","$v":"%H:%M"},{"$i":"shortDateTimeFormat","$v":"%x %I:%M %p"},{"$i":"weekStartsOnMonday","$v":"0.0"},{"$i":"firstDayOfTheWeek","$v":"1.0"},{"$i":"time_am","$v":"no rīta"},{"$i":"time_pm","$v":"Pēc plkst."},{"$i":"softkey-options","$v":"Iespējas"}]