[{"$i":"back","$v":"Înapoi"},{"$i":"save","$v":"Salvare"},{"$i":"cancel","$v":"Anulare"},{"$i":"next","$v":"Înainte"},{"$i":"hide","$v":"Ascunde"},{"$i":"confirm","$v":"Confirmare"},{"$i":"done","$v":"Efectuat"},{"$i":"events","$v":"Memento evenimente"},{"$i":"edit","$v":"Editare"},{"$i":"allday-events","$v":"Memento even. toată ziua"},{"$i":"no-events","$v":"Niciun eveniment"},{"$i":"default","$v":"Implicit"},{"$i":"sync","$v":"Sinc."},{"$i":"repeat","$v":"Repetare"},{"$i":"never","$v":"Niciodată"},{"$i":"every-day","$v":"Zilnic"},{"$i":"every-week","$v":"În fiecare săptămână"},{"$i":"every-2-weeks","$v":"La fiecare 2 săptămâni"},{"$i":"every-month","$v":"In fiecare luna"},{"$i":"view-never","$v":"Repetați: Niciodată"},{"$i":"view-every-day","$v":"Repetați: zilnic"},{"$i":"view-every-week","$v":"Repetați: săptămânal"},{"$i":"view-every-2-weeks","$v":"Repetare: la fiecare două săptămâni"},{"$i":"view-every-month","$v":"Repetați: lunar"},{"$i":"repeat-event-header","$v":"Acesta este un eveniment repetitiv."},{"$i":"delete-this-only","$v":"Ștergeți numai acest lucru"},{"$i":"delete-all","$v":"Ștergeți toate"},{"$i":"event-edit-all","$v":"Editați toate evenimentele"},{"$i":"event-edit-all-future","$v":"Editați toate evenimentele viitoare"},{"$i":"options","$v":"Opțiuni"},{"$i":"event-delete-all","$v":"Ștergeți toate"},{"$i":"event-delete-all-future","$v":"Ștergeți toate evenimentele viitoare"},{"$i":"delete-account","$v":"Ștergere cont"},{"$i":"exchange-account","$v":"ActiveSync"},{"$i":"account-user-name","$v":"Nume de utilizator"},{"$i":"incorrect-password-description","$v":"Conectare la server nereușită. Încercați să introduceți din nou parola."},{"$i":"incorrect-password","$v":"Parolă incorectă, încercați din nou."},{"$i":"account-duplicate","$v":"Contul există deja. Sincronizarea este pornită."},{"$i":"error-account","$v":"Server indisponibil. Încercați din nou mai târziu."},{"$i":"error-access-denied","$v":"A apărut o eroare necunoscută, încercați din nou mai târziu."},{"$i":"error-time-out","$v":["Imposibil de stabilit conexiunea cu „",{"t":"idOrVar","v":"server"},"”. Este posibil să existe o problemă cu rețeaua."]},{"$i":"caldav-account-exist","$v":"Acest cont există deja."},{"$i":"save-password","$v":"Parola a fost salvată."},{"$i":"account-login","$v":"Conectare la cont"},{"$i":"setting-up-account","$v":"Setarea unui cont"},{"$i":"setup-account-usedInfo","$v":"Acest cont va fi utilizat de aplicațiile de mai jos. Puteți schimba acest lucru în Setări > Cont."},{"$i":"app-calendar","$v":"Calendar"},{"$i":"show-today","$v":"Azi"},{"$i":"show-month-view","$v":"Lună"},{"$i":"show-week-view","$v":"Săptămână"},{"$i":"show-day-view","$v":"Zi"},{"$i":"settings-show","$v":"Setări"},{"$i":"settings-hide","$v":"Ascundeți setările"},{"$i":"add-account","$v":"Adăugați un cont"},{"$i":"new-event","$v":"Ad. even."},{"$i":"view-event-header","$v":"Detalii eveniment"},{"$i":"new-event-header","$v":"Ad. even."},{"$i":"edit-event-header","$v":"Editați eveniment"},{"$i":"account-header","$v":"Cont"},{"$i":"account-list-header","$v":"Conturi"},{"$i":"advanced-settings-short-icon-button","ariaLabel":"Setări"},{"$i":"advanced-settings-header","$v":"Setări calendar"},{"$i":"advanced-settings-personalization","$v":"Actualizare frecvență"},{"$i":"advanced-settings-reminders","$v":"Memento"},{"$i":"advanced-settings-add-account","$v":"Adăugați cont"},{"$i":"field-user","$v":"Nume de utilizator"},{"$i":"field-password","$v":"Parolă"},{"$i":"show-password","$v":"Afișare parolă"},{"$i":"field-full-url","$v":"URL"},{"$i":"modify-account-setting-up","$v":"Așteptați cât timp contul dvs. se config."},{"$i":"modify-account-unable-to-sync","$v":"Imposibil de sincronizat"},{"$i":"modify-account-sign-in","$v":"Conectare"},{"$i":"kai-caldav","$v":"CalDav"},{"$i":"kai-yahoo","$v":"Yahoo!"},{"$i":"kai-google","$v":"Google"},{"$i":"preset-mozilla","$v":"Mozilla Zimbra"},{"$i":"calendar-local","$v":"Calendar telefon"},{"$i":"event-title","$v":"Titlu"},{"$i":"event-location","$v":"Locație"},{"$i":"event-description","$v":"Note"},{"$i":"event-is-allday","$v":"Eveniment pe durata întregii zile"},{"$i":"event-start-date","$v":"Dată de început"},{"$i":"event-end-date","$v":"Dată de sfârșit"},{"$i":"event-start-time","$v":"Oră de început"},{"$i":"event-end-time","$v":"Oră de sfârșit"},{"$i":"event-delete","$v":"Ștergeți eveniment"},{"$i":"event-is-deleting","$v":"În curs de ștergere..."},{"$i":"remove-account-data","$v":"Eliminați cont calendar"},{"$i":"remove-account-dialog","$v":"Eliminați cont"},{"$i":"remove-account-dialog-details","$v":["Eliminați „",{"t":"idOrVar","v":"email"},"” de pe aparat?"]},{"$i":"remove","$v":"Îndepărtare"},{"$i":"drawer-sync-icon-button","ariaLabel":"Sinc."},{"$i":"sync-progress-syncing","ariaValueText":"Sincronizare"},{"$i":"sync-progress-complete","ariaValueText":"Sincronizare finalizată"},{"$i":"sync-frequency","$v":"Sinc. calendar"},{"$i":"sync-frequency-15min","$v":"La fiecare 15 minute"},{"$i":"sync-frequency-30min","$v":"La fiecare 30 de minute"},{"$i":"sync-frequency-manual","$v":"Manual"},{"$i":"from","$v":"De la"},{"$i":"to","$v":"Către"},{"$i":"one-day-duration-title","$v":[{"t":"idOrVar","v":"startDate"}]},{"$i":"one-day-duration-content","$v":[{"t":"idOrVar","v":"startTime"}," la ",{"t":"idOrVar","v":"endTime"}]},{"$i":"multiple-day-duration-title","$v":[{"t":"idOrVar","v":"startTime"}," ",{"t":"idOrVar","v":"startDate"}]},{"$i":"multiple-day-duration-content","$v":[{"t":"idOrVar","v":"endTime"}," ",{"t":"idOrVar","v":"endDate"}]},{"$i":"one-all-day-duration-title","$v":[{"t":"idOrVar","v":"startDate"}]},{"$i":"all-day-duration-content","$v":"Eveniment pe durata întregii zile"},{"$i":"multiple-all-day-duration-title","$v":["De la ",{"t":"idOrVar","v":"startDate"}]},{"$i":"multiple-all-day-duration-content","$v":["La ",{"t":"idOrVar","v":"endDate"}]},{"$i":"none","$v":"Niciunul"},{"$i":"reminder","$v":"Memento eveniment"},{"$i":"remind-me","$v":"Amintește-mi"},{"$i":"alarm-at-event-standard","$v":"La ora evenimentului"},{"$i":"alarm-at-event-allday","$v":"În ziua evenimentului"},{"$i":"alarm-at-event-allday-hour12","$v":"În ziua evenimentului (9:00 am)"},{"$i":"alarm-at-event-allday-hour24","$v":"În ziua evenimentului (9:00)"},{"$i":"alarm-start-notice","$v":[{"t":"idOrVar","v":"title"}," începând ",{"t":"idOrVar","v":"distance"}]},{"$i":"alarm-started-notice","$v":[{"t":"idOrVar","v":"title"}," început ",{"t":"idOrVar","v":"distance"}]},{"$i":"alarm-start-notice-two-days","$v":[{"t":"idOrVar","v":"title"}," va începe în două zile."]},{"$i":"alarm-start-notice-few-days","$v":[{"t":"idOrVar","v":"title"}," va începe la ",{"t":"idOrVar","v":"distance"}]},{"$i":"days-before-hour12","$v":{"few":[{"t":"idOrVar","v":"value"}," zile înainte (9:00 am)"],"many":[{"t":"idOrVar","v":"value"}," zile înainte (9:00 am)"],"one":"1 zi înainte (9:00 am)","other":[{"t":"idOrVar","v":"value"}," zile înainte (9:00 am)"],"two":[{"t":"idOrVar","v":"value"}," zile înainte (9:00 am)"],"zero":"0 zile înainte (9:00 am)"},"$x":[{"t":"idOrVar","v":"plural"},"value"]},{"$i":"weeks-before-hour12","$v":{"few":[{"t":"idOrVar","v":"value"}," săptămâni înainte (9:00 am)"],"many":[{"t":"idOrVar","v":"value"}," săptămâni înainte (9:00 am)"],"one":"1 săptămână înainte (9:00 am)","other":[{"t":"idOrVar","v":"value"}," săptămâni înainte (9:00 am)"],"two":[{"t":"idOrVar","v":"value"}," săptămâni înainte (9:00 am)"],"zero":"0 săptămâni înainte (9:00 am)"},"$x":[{"t":"idOrVar","v":"plural"},"value"]},{"$i":"days-before-hour24","$v":{"few":[{"t":"idOrVar","v":"value"}," zile înainte (9:00)"],"many":[{"t":"idOrVar","v":"value"}," zile înainte (9:00)"],"one":"1 zi înainte (9:00)","other":[{"t":"idOrVar","v":"value"}," zile înainte (9:00)"],"two":[{"t":"idOrVar","v":"value"}," zile înainte (9:00)"],"zero":"0 zile înainte (9:00)"},"$x":[{"t":"idOrVar","v":"plural"},"value"]},{"$i":"weeks-before-hour24","$v":{"few":[{"t":"idOrVar","v":"value"}," săptămâni înainte (9:00)"],"many":[{"t":"idOrVar","v":"value"}," săptămâni înainte (9:00)"],"one":"1 săptămână înainte (9:00)","other":[{"t":"idOrVar","v":"value"}," săptămâni înainte (9:00)"],"two":[{"t":"idOrVar","v":"value"}," săptămâni înainte (9:00)"],"zero":"0 săptămâni înainte (9:00)"},"$x":[{"t":"idOrVar","v":"plural"},"value"]},{"$i":"minutes-before","$v":{"few":[{"t":"idOrVar","v":"value"}," minute înainte"],"many":[{"t":"idOrVar","v":"value"}," minute înainte"],"one":"1 minut înainte","other":[{"t":"idOrVar","v":"value"}," minute înainte"],"two":[{"t":"idOrVar","v":"value"}," minute înainte"],"zero":"0 minute înainte"},"$x":[{"t":"idOrVar","v":"plural"},"value"]},{"$i":"hours-before","$v":{"few":[{"t":"idOrVar","v":"value"}," ore înainte"],"many":[{"t":"idOrVar","v":"value"}," ore înainte"],"one":"1 oră înainte","other":[{"t":"idOrVar","v":"value"}," ore înainte"],"two":[{"t":"idOrVar","v":"value"}," ore înainte"],"zero":"0 ore înainte"},"$x":[{"t":"idOrVar","v":"plural"},"value"]},{"$i":"days-before","$v":{"few":[{"t":"idOrVar","v":"value"}," zile înainte"],"many":[{"t":"idOrVar","v":"value"}," zile înainte"],"one":"1 zi înainte","other":[{"t":"idOrVar","v":"value"}," zile înainte"],"two":[{"t":"idOrVar","v":"value"}," zile înainte"],"zero":"0 zile înainte"},"$x":[{"t":"idOrVar","v":"plural"},"value"]},{"$i":"weeks-before","$v":{"few":[{"t":"idOrVar","v":"value"}," săptămâni înainte"],"many":[{"t":"idOrVar","v":"value"}," săptămâni înainte"],"one":"1 săptămână înainte","other":[{"t":"idOrVar","v":"value"}," săptămâni înainte"],"two":[{"t":"idOrVar","v":"value"}," săptămâni înainte"],"zero":"0 săptămâni înainte"},"$x":[{"t":"idOrVar","v":"plural"},"value"]},{"$i":"months-before","$v":{"few":[{"t":"idOrVar","v":"value"}," luni înainte"],"many":[{"t":"idOrVar","v":"value"}," luni înainte"],"one":"1 lună înainte","other":[{"t":"idOrVar","v":"value"}," luni înainte"],"two":[{"t":"idOrVar","v":"value"}," luni înainte"],"zero":"0 luni înainte"},"$x":[{"t":"idOrVar","v":"plural"},"value"]},{"$i":"years-before","$v":{"few":[{"t":"idOrVar","v":"value"}," ani înainte"],"many":[{"t":"idOrVar","v":"value"}," ani înainte"],"one":"1 an înainte","other":[{"t":"idOrVar","v":"value"}," ani înainte"],"two":[{"t":"idOrVar","v":"value"}," ani înainte"],"zero":"0 ani înainte"},"$x":[{"t":"idOrVar","v":"plural"},"value"]},{"$i":"minutes-after","$v":{"few":[{"t":"idOrVar","v":"value"}," minute după"],"many":[{"t":"idOrVar","v":"value"}," minute după"],"one":"1 minut după","other":[{"t":"idOrVar","v":"value"}," minute după"],"two":[{"t":"idOrVar","v":"value"}," minute după"],"zero":"0 minute după"},"$x":[{"t":"idOrVar","v":"plural"},"value"]},{"$i":"hours-after","$v":{"few":[{"t":"idOrVar","v":"value"}," ore după"],"many":[{"t":"idOrVar","v":"value"}," ore după"],"one":"1 oră după","other":[{"t":"idOrVar","v":"value"}," ore după"],"two":[{"t":"idOrVar","v":"value"}," ore după"],"zero":"0 ore după"},"$x":[{"t":"idOrVar","v":"plural"},"value"]},{"$i":"days-after","$v":{"few":[{"t":"idOrVar","v":"value"}," zile după"],"many":[{"t":"idOrVar","v":"value"}," zile după"],"one":"1 zi după","other":[{"t":"idOrVar","v":"value"}," zile după"],"two":[{"t":"idOrVar","v":"value"}," zile după"],"zero":"0 zile după"},"$x":[{"t":"idOrVar","v":"plural"},"value"]},{"$i":"weeks-after","$v":{"few":[{"t":"idOrVar","v":"value"}," săptămâni după"],"many":[{"t":"idOrVar","v":"value"}," săptămâni după"],"one":"1 săptămână după","other":[{"t":"idOrVar","v":"value"}," săptămâni după"],"two":[{"t":"idOrVar","v":"value"}," săptămâni după"],"zero":"0 săptămâni după"},"$x":[{"t":"idOrVar","v":"plural"},"value"]},{"$i":"months-after","$v":{"few":[{"t":"idOrVar","v":"value"}," luni după"],"many":[{"t":"idOrVar","v":"value"}," luni după"],"one":"1 lună după","other":[{"t":"idOrVar","v":"value"}," luni după"],"two":[{"t":"idOrVar","v":"value"}," luni după"],"zero":"0 luni după"},"$x":[{"t":"idOrVar","v":"plural"},"value"]},{"$i":"years-after","$v":{"few":[{"t":"idOrVar","v":"value"}," ani după"],"many":[{"t":"idOrVar","v":"value"}," ani după"],"one":"1 an după","other":[{"t":"idOrVar","v":"value"}," ani după"],"two":[{"t":"idOrVar","v":"value"}," ani după"],"zero":"0 ani după"},"$x":[{"t":"idOrVar","v":"plural"},"value"]},{"$i":"hour-format12","$v":"%I %p"},{"$i":"hour-format24","$v":"%H"},{"$i":"week-hour-format12","$v":"%I %p"},{"$i":"week-hour-format24","$v":"%H"},{"$i":"hour-allday","$v":"Întreaga zi"},{"$i":"kai-week-day","$v":"%a\\n%e"},{"$i":"current-time12","$v":"%I:%M"},{"$i":"current-time24","$v":"%H:%M"},{"$i":"multi-month-view-header-format","$v":"%B %Y"},{"$i":"day-view-header-format","$v":"%A, %B %e"},{"$i":"months-day-view-header-format","$v":"%A, %B %e"},{"$i":"months-day-view-header-format-small","$v":{"$o":"%a <br/> %b, %e"}},{"$i":"week-view-header-format","$v":["Săpt.",{"t":"idOrVar","v":"value"},", %B %Y"]},{"$i":"longDateFormat","$v":"%a, %B %d, %Y"},{"$i":"longTimeFormat","$v":"%A %B %d"},{"$i":"longTimeFormat12","$v":"%A %B %d %I %p"},{"$i":"longTimeFormat24","$v":"ora %A %B %d %H"},{"$i":"weekTimeFormat12","$v":"%I %p"},{"$i":"weekTimeFormat24","$v":"ora %H"},{"$i":"weekDayFormat","$v":"%A %d"},{"$i":"alldayLongTimeFormat","$v":"%A %B %d toată ziua"},{"$i":"dayHour12","$v":"%I %p"},{"$i":"dayHour24","$v":"ora %H"},{"$i":"longDateTime12","$v":"%I %p, %a, %d %b, %Y"},{"$i":"longDateTime24","$v":"%H, %a, %d %b, %Y"},{"$i":"upcoming-events","$v":"Evenimente viitoare"},{"$i":"search-results","$v":"Căutați rezultate"},{"$i":"no-event-found","$v":"Niciun eveniment găsit"},{"$i":"longDateTimeNew12","$v":"%a, %B %e, %Y, %I:%M %p"},{"$i":"longDateTimeNew24","$v":"%a, %B %e, %Y, %H:%M"},{"$i":"error-start-date-after-end-date","$v":"Evenimentul nu se poate încheia înainte de data sa de început."},{"$i":"error-start-time-after-end-time","$v":"Evenimentul nu se poate încheia înainte de data sa de început."},{"$i":"error-unauthenticated","$v":"Nume de utilizator sau parolă incorect(ă), încercați din nou."},{"$i":"error-internal-server-error","$v":"Eroare server, încercați din nou."},{"$i":"error-unkown","$v":"Server indisponibil. Încercați din nou mai târziu."},{"$i":"error-default","$v":"Ceva este în neregulă. Încercați din nou mai târziu."},{"$i":"error-offline","$v":"Imposibil de conectat la Internet. Puteți utiliza Wi-Fi sau datele mobile pentru a accesa Internetul."},{"$i":"error-account-exist","$v":"Acest cont există deja."},{"$i":"error-confirmation-title","$v":"Eroare"},{"$i":"error-edit-online-event","$v":"Editare eveniment online nereușită întrucât nu există conexiune Internet."},{"$i":"error-delete-online-event","$v":"Ștergere eveniment online nereușită întrucât nu există conexiune Internet."},{"$i":"notification-error-sync-title","$v":"Eroare sinc. calendar"},{"$i":"notification-error-sync-description","$v":"Atingeți pentru mai multe informații"},{"$i":"notification-error-caldav-sync-title","$v":"Eroare de cont"},{"$i":"notification-error-caldav-sync-description","$v":"Conectați-vă din nou"},{"$i":"weekday-0-single-char","$v":"D","ariaLabel":"Duminică"},{"$i":"weekday-1-single-char","$v":"L","ariaLabel":"Luni"},{"$i":"weekday-2-single-char","$v":"M","ariaLabel":"Marți"},{"$i":"weekday-3-single-char","$v":"M","ariaLabel":"Miercuri"},{"$i":"weekday-4-single-char","$v":"J","ariaLabel":"Joi"},{"$i":"weekday-5-single-char","$v":"V","ariaLabel":"Vineri"},{"$i":"weekday-6-single-char","$v":"S","ariaLabel":"Sâmbătă"},{"$i":"busy","$v":{"few":[{"t":"idOrVar","v":"n"}," evenimente"],"many":[{"t":"idOrVar","v":"n"}," evenimente"],"one":[{"t":"idOrVar","v":"n"}," eveniment"],"other":[{"t":"idOrVar","v":"n"}," evenimente"],"two":[{"t":"idOrVar","v":"n"}," evenimente"],"zero":"Niciun eveniment"},"$x":[{"t":"idOrVar","v":"plural"},"n"]},{"$i":"present","ariaLabel":"Azi"},{"$i":"past-other-month-description","ariaLabel":"Altă lună"},{"$i":"future-other-month-description","ariaLabel":"Altă lună"},{"$i":"icon-calendar-alarm","ariaLabel":"Are alarmă"},{"$i":"calendars","ariaLabel":"Calendare"},{"$i":"multi-day-new-event-link","ariaLabel":"Ad. even."},{"$i":"title","ariaLabel":"Titlu"},{"$i":"location","ariaLabel":"Locație"},{"$i":"duration","ariaLabel":"Durată"},{"$i":"calendar","ariaLabel":"Calendar"},{"$i":"alarms","ariaLabel":"Alarme"},{"$i":"description","ariaLabel":"Descriere"},{"$i":"start-date","ariaLabel":"Dată de început"},{"$i":"start-time","ariaLabel":"Oră de început"},{"$i":"end-date","ariaLabel":"Dată de sfârșit"},{"$i":"end-time","ariaLabel":"Oră de sfârșit"},{"$i":"during-progress-loading","ariaValueText":"În curs de încărcare"},{"$i":"all-day","ariaLabel":"Întreaga zi"},{"$i":"create-event","ariaLabel":"Creați eveniment"},{"$i":"create-all-day-event","ariaLabel":"Creați even. pe durata întregii zile"},{"$i":"event-one-day-duration","ariaLabel":["de la ",{"t":"idOrVar","v":"startTime"}," la ",{"t":"idOrVar","v":"endTime"}]},{"$i":"week-event-one-day-duration","ariaLabel":[{"t":"idOrVar","v":"startDate"}," de la ",{"t":"idOrVar","v":"startTime"}," la ",{"t":"idOrVar","v":"endTime"}]},{"$i":"event-multiple-day-duration","ariaLabel":["De la ",{"t":"idOrVar","v":"startTime"}," ",{"t":"idOrVar","v":"startDate"}," la ",{"t":"idOrVar","v":"endTime"}," ",{"t":"idOrVar","v":"endDate"}]},{"$i":"kai-event-added","$v":"Eveniment adăugat"},{"$i":"kai-event-updated","$v":"Eveniment actualizat"},{"$i":"kai-event-deleted","$v":"Eveniment șters"},{"$i":"kai-change-save","$v":"Modificări salvate"},{"$i":"event-sync-failure","$v":"Imposibil de sincronizat"},{"$i":"kai-event-calendar","$v":"Calendar"},{"$i":"kai-single-event","$v":"eveniment"},{"$i":"kai-event-count","$v":"evenimente"},{"$i":"kai-sync-progress-syncing","$v":"Sincronizare"},{"$i":"kai-sync-progress-complete","$v":"Calendarul este actualizat."},{"$i":"kai-settings-sounds","$v":"Sunete"},{"$i":"kai-tones","$v":"Sunete"},{"$i":"kai-multi-events","$v":"Evenimente"},{"$i":"kai-confirmation-title","$v":"Confirmare"},{"$i":"kai-delete-selectedEvent-confirmation","$v":"Ștergeți evenimentul selectat?"},{"$i":"kai-deleteEvent-confirmation","$v":"Ștergeți evenimentul?"},{"$i":"kai-event-search-header","$v":"Căutare","placeholder":"Căutare"},{"$i":"kai-event-search-upcoming-events","$v":"Evenimente viitoare"},{"$i":"kai-delete","$v":"Ștergere"},{"$i":"kai-cancel","$v":"Anulare"},{"$i":"kai-dialog-delete-sel","$v":"Sunteți sigur că doriți să ștergeți evenimentul selectat?"},{"$i":"kai-delete-title","$v":"Ștergeți eveniment"},{"$i":"kai-save-changes","$v":"Salvați modificările?"},{"$i":"kai-save-message-back","$v":"Toate datele introduse se vor pierde. Doriți să salvați modificările?"},{"$i":"kai-save-message-close","$v":"Aplicația se va închide cu pierderea datelor. Doriți să salvați modificările?"},{"$i":"yes","$v":"Da"},{"$i":"no","$v":"Nu"},{"$i":"confirmation","$v":"Confirmare"},{"$i":"ok","$v":"Ok"},{"$i":"delete-event","$v":"Ștergeți evenimentul selectat?"},{"$i":"edit-event-no-net","$v":"Editare eveniment online nereușită întrucât nu există conexiune Internet."},{"$i":"kai-settings-header","$v":"Calendar de afișat"},{"$i":"kai-syncing","$v":"În curs de sincronizare..."},{"$i":"kai-syncing-header","$v":"Sinc. cont"},{"$i":"select","$v":"SELECT."},{"$i":"add-event","$v":"Ad. even."},{"$i":"week-view","$v":"Vizualizare săptămânală"},{"$i":"day-view","$v":"Vizualizare zi"},{"$i":"month-view","$v":"Vizualizare lună"},{"$i":"today","$v":"Azi"},{"$i":"go","$v":"Mergeți la data"},{"$i":"search","$v":"Căutare"},{"$i":"calendar-to-display","$v":"Calendar de afișat"},{"$i":"settings","$v":"Setări"},{"$i":"delete","$v":"Ștergere"},{"$i":"enter","$v":"Introducere"},{"$i":"sync-calendar","$v":"Sinc. calendar"},{"$i":"lunar-calendar","$v":"Zi pe lună"},{"$i":"present-description","$v":["Azi ",{"t":"idOrVar","v":"weekday"},", ",{"t":"idOrVar","v":"date"}]},{"$i":"day-description","$v":[{"t":"idOrVar","v":"weekday"}," ",{"t":"idOrVar","v":"date"}]},{"$i":"weekday-5","$v":"Vineri"},{"$i":"weekday-4","$v":"Joi"},{"$i":"weekday-3","$v":"Miercuri"},{"$i":"weekday-2","$v":"Marți"},{"$i":"weekday-1","$v":"Luni"},{"$i":"weekday-0","$v":"Duminică"},{"$i":"weekday-6","$v":"Sâmbătă"},{"$i":"no-title","$v":"(Titlu inexistent)"},{"$i":"weekday-0-long","$v":"Duminică"},{"$i":"weekday-1-long","$v":"Luni"},{"$i":"weekday-2-long","$v":"Marți"},{"$i":"weekday-3-long","$v":"Miercuri"},{"$i":"weekday-4-long","$v":"Joi"},{"$i":"weekday-5-long","$v":"Vineri"},{"$i":"weekday-6-long","$v":"Sâmbătă"},{"$i":"weekday-0-short","$v":"Dum"},{"$i":"weekday-1-short","$v":"Lun"},{"$i":"weekday-2-short","$v":"Ma"},{"$i":"weekday-3-short","$v":"Mie"},{"$i":"weekday-4-short","$v":"Joi"},{"$i":"weekday-5-short","$v":"Vi"},{"$i":"weekday-6-short","$v":"Sâm"},{"$i":"month-0-long","$v":"Ianuarie"},{"$i":"month-1-long","$v":"Februarie"},{"$i":"month-2-long","$v":"Martie"},{"$i":"month-3-long","$v":"Aprilie"},{"$i":"month-4-long","$v":"Mai"},{"$i":"month-5-long","$v":"Iunie"},{"$i":"month-6-long","$v":"Iulie"},{"$i":"month-7-long","$v":"August"},{"$i":"month-8-long","$v":"Septembrie"},{"$i":"month-9-long","$v":"Octombrie"},{"$i":"month-10-long","$v":"Noiembrie"},{"$i":"month-11-long","$v":"Decembrie"},{"$i":"month-0-genitive","$v":"Ianuarie"},{"$i":"month-1-genitive","$v":"Februarie"},{"$i":"month-2-genitive","$v":"Martie"},{"$i":"month-3-genitive","$v":"Aprilie"},{"$i":"month-4-genitive","$v":"Mai"},{"$i":"month-5-genitive","$v":"Iunie"},{"$i":"month-6-genitive","$v":"Iulie"},{"$i":"month-7-genitive","$v":"August"},{"$i":"month-8-genitive","$v":"Septembrie"},{"$i":"month-9-genitive","$v":"Octombrie"},{"$i":"month-10-genitive","$v":"Noiembrie"},{"$i":"month-11-genitive","$v":"Decembrie"},{"$i":"month-0-short","$v":"Ian"},{"$i":"month-1-short","$v":"Feb"},{"$i":"month-2-short","$v":"Mar"},{"$i":"month-3-short","$v":"Apr"},{"$i":"month-4-short","$v":"Mai"},{"$i":"month-5-short","$v":"Iun"},{"$i":"month-6-short","$v":"Iul"},{"$i":"month-7-short","$v":"Aug"},{"$i":"month-8-short","$v":"Sep"},{"$i":"month-9-short","$v":"Oct"},{"$i":"month-10-short","$v":"Nov"},{"$i":"month-11-short","$v":"Dec"},{"$i":"minutes-ago-long","$v":{"few":[{"t":"idOrVar","v":"value"}," minute în urmă"],"many":[{"t":"idOrVar","v":"value"}," minute în urmă"],"one":"un minut în urmă","other":[{"t":"idOrVar","v":"value"}," minute în urmă"],"two":[{"t":"idOrVar","v":"value"}," minute în urmă"],"zero":"chiar acum"},"$x":[{"t":"idOrVar","v":"plural"},"value"]},{"$i":"hours-ago-long","$v":{"few":[{"t":"idOrVar","v":"value"}," ore în urmă"],"many":[{"t":"idOrVar","v":"value"}," ore în urmă"],"one":"o oră în urmă","other":[{"t":"idOrVar","v":"value"}," ore în urmă"],"two":[{"t":"idOrVar","v":"value"}," ore în urmă"],"zero":"chiar acum"},"$x":[{"t":"idOrVar","v":"plural"},"value"]},{"$i":"days-ago-long","$v":{"few":[{"t":"idOrVar","v":"value"}," zile în urmă"],"many":[{"t":"idOrVar","v":"value"}," zile în urmă"],"one":"ieri","other":[{"t":"idOrVar","v":"value"}," zile în urmă"],"two":[{"t":"idOrVar","v":"value"}," zile în urmă"],"zero":"azi"},"$x":[{"t":"idOrVar","v":"plural"},"value"]},{"$i":"weeks-ago-long","$v":{"few":[{"t":"idOrVar","v":"value"}," săptămâni în urmă"],"many":[{"t":"idOrVar","v":"value"}," săptămâni în urmă"],"one":"ultima săptămână","other":[{"t":"idOrVar","v":"value"}," săptămâni în urmă"],"two":[{"t":"idOrVar","v":"value"}," săptămâni în urmă"],"zero":"această săptămână"},"$x":[{"t":"idOrVar","v":"plural"},"value"]},{"$i":"months-ago-long","$v":{"few":[{"t":"idOrVar","v":"value"}," luni în urmă"],"many":[{"t":"idOrVar","v":"value"}," luni în urmă"],"one":"ultima lună","other":[{"t":"idOrVar","v":"value"}," luni în urmă"],"two":[{"t":"idOrVar","v":"value"}," luni în urmă"],"zero":"această lună"},"$x":[{"t":"idOrVar","v":"plural"},"value"]},{"$i":"years-ago-long","$v":{"few":[{"t":"idOrVar","v":"value"}," ani în urmă"],"many":[{"t":"idOrVar","v":"value"}," ani în urmă"],"one":"ultimul an","other":[{"t":"idOrVar","v":"value"}," ani în urmă"],"two":[{"t":"idOrVar","v":"value"}," ani în urmă"],"zero":"acest an"},"$x":[{"t":"idOrVar","v":"plural"},"value"]},{"$i":"minutes-until-long","$v":{"few":["în ",{"t":"idOrVar","v":"value"}," minute"],"many":["în ",{"t":"idOrVar","v":"value"}," minute"],"one":"într-un minut","other":["în ",{"t":"idOrVar","v":"value"}," minute"],"two":["în ",{"t":"idOrVar","v":"value"}," minute"],"zero":"acum"},"$x":[{"t":"idOrVar","v":"plural"},"value"]},{"$i":"hours-until-long","$v":{"few":["în ",{"t":"idOrVar","v":"value"}," ore"],"many":["în ",{"t":"idOrVar","v":"value"}," ore"],"one":"într-o oră","other":["în ",{"t":"idOrVar","v":"value"}," ore"],"two":["în ",{"t":"idOrVar","v":"value"}," ore"],"zero":"acum"},"$x":[{"t":"idOrVar","v":"plural"},"value"]},{"$i":"days-until-long","$v":{"few":["în ",{"t":"idOrVar","v":"value"}," zile"],"many":["în ",{"t":"idOrVar","v":"value"}," zile"],"one":"mâine","other":["în ",{"t":"idOrVar","v":"value"}," zile"],"two":["în ",{"t":"idOrVar","v":"value"}," zile"],"zero":"azi"},"$x":[{"t":"idOrVar","v":"plural"},"value"]},{"$i":"weeks-until-long","$v":{"few":["în ",{"t":"idOrVar","v":"value"}," săptămâni"],"many":["în ",{"t":"idOrVar","v":"value"}," săptămâni"],"one":"săptămâna viitoare","other":["în ",{"t":"idOrVar","v":"value"}," săptămâni"],"two":["în ",{"t":"idOrVar","v":"value"}," săptămâni"],"zero":"această săptămână"},"$x":[{"t":"idOrVar","v":"plural"},"value"]},{"$i":"months-until-long","$v":{"few":["în ",{"t":"idOrVar","v":"value"}," luni"],"many":["în ",{"t":"idOrVar","v":"value"}," luni"],"one":"luna viitoare","other":["în ",{"t":"idOrVar","v":"value"}," luni"],"two":["în ",{"t":"idOrVar","v":"value"}," luni"],"zero":"această lună"},"$x":[{"t":"idOrVar","v":"plural"},"value"]},{"$i":"years-until-long","$v":{"few":["în ",{"t":"idOrVar","v":"value"}," ani"],"many":["în ",{"t":"idOrVar","v":"value"}," ani"],"one":"anul viitor","other":["în ",{"t":"idOrVar","v":"value"}," ani"],"two":["în ",{"t":"idOrVar","v":"value"}," ani"],"zero":"acest an"},"$x":[{"t":"idOrVar","v":"plural"},"value"]},{"$i":"minutes-ago-short","$v":{"other":[{"t":"idOrVar","v":"value"},"m în urmă"],"zero":"chiar acum"},"$x":[{"t":"idOrVar","v":"plural"},"value"]},{"$i":"hours-ago-short","$v":{"other":[{"t":"idOrVar","v":"value"},"h în urmă"],"zero":"chiar acum"},"$x":[{"t":"idOrVar","v":"plural"},"value"]},{"$i":"days-ago-short","$v":{"other":[{"t":"idOrVar","v":"value"},"z în urmă"],"zero":"azi"},"$x":[{"t":"idOrVar","v":"plural"},"value"]},{"$i":"minutes-until-short","$v":{"other":["în ",{"t":"idOrVar","v":"value"},"m"],"zero":"acum"},"$x":[{"t":"idOrVar","v":"plural"},"value"]},{"$i":"hours-until-short","$v":{"other":["în ",{"t":"idOrVar","v":"value"},"h"],"zero":"acum"},"$x":[{"t":"idOrVar","v":"plural"},"value"]},{"$i":"days-until-short","$v":{"other":["în ",{"t":"idOrVar","v":"value"},"z"],"zero":"azi"},"$x":[{"t":"idOrVar","v":"plural"},"value"]},{"$i":"incorrectDate","$v":"(dată incorectă)"},{"$i":"dateTimeFormat_%c","$v":"%a %b %e %Y %I:%M:%S %p"},{"$i":"dateTimeFormat_%x","$v":"%m/%d/%Y"},{"$i":"dateTimeFormat_%X","$v":"%I:%M:%S %p"},{"$i":"shortTimeFormat","$v":"%I:%M %p"},{"$i":"shortTimeFormat12","$v":"%I:%M %p"},{"$i":"shortTimeFormat24","$v":"%H:%M"},{"$i":"shortDateTimeFormat","$v":"%x %I:%M %p"},{"$i":"weekStartsOnMonday","$v":"0.0"},{"$i":"firstDayOfTheWeek","$v":"1.0"},{"$i":"time_am","$v":"AM"},{"$i":"time_pm","$v":"PM"},{"$i":"softkey-options","$v":"Opțiuni"}]