[{"$i":"back","$v":"Tilbake"},{"$i":"save","$v":"Lagre"},{"$i":"cancel","$v":"Avbryt"},{"$i":"next","$v":"Neste"},{"$i":"hide","$v":"Skjul"},{"$i":"confirm","$v":"Bekreft"},{"$i":"done","$v":"Fullført"},{"$i":"events","$v":"Hendelsespåminnelse"},{"$i":"edit","$v":"Rediger"},{"$i":"allday-events","$v":"Påminnelse om heldagshendelser"},{"$i":"no-events","$v":"Ingen hendelser"},{"$i":"default","$v":"Standard"},{"$i":"sync","$v":"Synkroniser"},{"$i":"repeat","$v":"Gjenta"},{"$i":"never","$v":"Aldri"},{"$i":"every-day","$v":"Hver dag"},{"$i":"every-week","$v":"Hver uke"},{"$i":"every-2-weeks","$v":"Hver 2. uke"},{"$i":"every-month","$v":"Hver måned"},{"$i":"view-never","$v":"Gjenta: Aldri"},{"$i":"view-every-day","$v":"Gjenta: Daglig"},{"$i":"view-every-week","$v":"Gjenta: Ukentlig"},{"$i":"view-every-2-weeks","$v":"Gjenta: Annenhver uke"},{"$i":"view-every-month","$v":"Gjenta: Månedlig"},{"$i":"repeat-event-header","$v":"Dette er en gjentakende hendelse."},{"$i":"delete-this-only","$v":"Slett dette bare"},{"$i":"delete-all","$v":"Slett alle"},{"$i":"event-edit-all","$v":"Rediger alle hendelser"},{"$i":"event-edit-all-future","$v":"Rediger alle fremtidige hendelser"},{"$i":"options","$v":"Valg"},{"$i":"event-delete-all","$v":"Slett alle"},{"$i":"event-delete-all-future","$v":"Slett alle fremtidige hendelser"},{"$i":"delete-account","$v":"Slett konto"},{"$i":"exchange-account","$v":"ActiveSync"},{"$i":"account-user-name","$v":"Brukernavn"},{"$i":"incorrect-password-description","$v":"Kunne ikke logge på server. Prøv passord på nytt."},{"$i":"incorrect-password","$v":"Feil passord, prøv på nytt."},{"$i":"account-duplicate","$v":"Konto eksisterer allerede. Synkronisering er slått på."},{"$i":"error-account","$v":"Serveren er utilgjengelig. Prøv igjen senere."},{"$i":"error-access-denied","$v":"Det har oppstått en uventet feil, prøv igjen senere."},{"$i":"error-time-out","$v":["Kan ikke etablere tilkobling til \"",{"t":"idOrVar","v":"server"},"\". Det kan være et problem med nettverket."]},{"$i":"caldav-account-exist","$v":"Kontoen finnes allerede."},{"$i":"save-password","$v":"Passord lagret."},{"$i":"account-login","$v":"Kontoinnlogging"},{"$i":"setting-up-account","$v":"Konfigurere konto"},{"$i":"setup-account-usedInfo","$v":"Denne kontoen vil blir brukt av appene nedenfor. Du kan endre dette i Innstillinger>Konto."},{"$i":"app-calendar","$v":"Kalender"},{"$i":"show-today","$v":"I dag"},{"$i":"show-month-view","$v":"Måned"},{"$i":"show-week-view","$v":"Uke"},{"$i":"show-day-view","$v":"Dag"},{"$i":"settings-show","$v":"Innstillinger"},{"$i":"settings-hide","$v":"Skjul innstillinger"},{"$i":"add-account","$v":"Legg til en konto"},{"$i":"new-event","$v":"legg t hend"},{"$i":"view-event-header","$v":"Hendelsesdetaljer"},{"$i":"new-event-header","$v":"Legg til hendelse"},{"$i":"edit-event-header","$v":"Rediger hendelse"},{"$i":"account-header","$v":"Konto"},{"$i":"account-list-header","$v":"Kontoer"},{"$i":"advanced-settings-short-icon-button","ariaLabel":"Innstillinger"},{"$i":"advanced-settings-header","$v":"Kalenderinnstillinger"},{"$i":"advanced-settings-personalization","$v":"Oppdateringsfrekvens"},{"$i":"advanced-settings-reminders","$v":"Påminnelse"},{"$i":"advanced-settings-add-account","$v":"Legg til konto"},{"$i":"field-user","$v":"Brukernavn"},{"$i":"field-password","$v":"Passord"},{"$i":"show-password","$v":"Vis passord"},{"$i":"field-full-url","$v":"URL"},{"$i":"modify-account-setting-up","$v":"Vent mens kontoen din konfigureres"},{"$i":"modify-account-unable-to-sync","$v":"Kan ikke synkronisere"},{"$i":"modify-account-sign-in","$v":"Logg på"},{"$i":"kai-caldav","$v":"CalDav"},{"$i":"kai-yahoo","$v":"Yahoo!"},{"$i":"kai-google","$v":"Google"},{"$i":"preset-mozilla","$v":"Mozilla Zimbra"},{"$i":"calendar-local","$v":"Telefonkalender"},{"$i":"event-title","$v":"Tittel"},{"$i":"event-location","$v":"Lokasjon"},{"$i":"event-description","$v":"Notater"},{"$i":"event-is-allday","$v":"Heldagshendelse"},{"$i":"event-start-date","$v":"Startdato"},{"$i":"event-end-date","$v":"Sluttdato"},{"$i":"event-start-time","$v":"Starttid"},{"$i":"event-end-time","$v":"Sluttid"},{"$i":"event-delete","$v":"Slett hendelse"},{"$i":"event-is-deleting","$v":"Sletter…"},{"$i":"remove-account-data","$v":"Fjern kalenderkonto"},{"$i":"remove-account-dialog","$v":"Fjern konto"},{"$i":"remove-account-dialog-details","$v":["Fjerne «",{"t":"idOrVar","v":"email"},"» fra enheten?"]},{"$i":"remove","$v":"Fjern"},{"$i":"drawer-sync-icon-button","ariaLabel":"Synkroniser"},{"$i":"sync-progress-syncing","ariaValueText":"Synkroniserer"},{"$i":"sync-progress-complete","ariaValueText":"Synkronisering fullført"},{"$i":"sync-frequency","$v":"Synkroniser kalender"},{"$i":"sync-frequency-15min","$v":"Hvert 15 minutt"},{"$i":"sync-frequency-30min","$v":"Hvert 30 minutt"},{"$i":"sync-frequency-manual","$v":"Manuelt"},{"$i":"from","$v":"Fra"},{"$i":"to","$v":"Til"},{"$i":"one-day-duration-title","$v":[{"t":"idOrVar","v":"startDate"}]},{"$i":"one-day-duration-content","$v":[{"t":"idOrVar","v":"startTime"}," - ",{"t":"idOrVar","v":"endTime"}]},{"$i":"multiple-day-duration-title","$v":[{"t":"idOrVar","v":"startTime"}," ",{"t":"idOrVar","v":"startDate"}]},{"$i":"multiple-day-duration-content","$v":[{"t":"idOrVar","v":"endTime"}," ",{"t":"idOrVar","v":"endDate"}]},{"$i":"one-all-day-duration-title","$v":[{"t":"idOrVar","v":"startDate"}]},{"$i":"all-day-duration-content","$v":"Heldagshendelse"},{"$i":"multiple-all-day-duration-title","$v":["Fra ",{"t":"idOrVar","v":"startDate"}]},{"$i":"multiple-all-day-duration-content","$v":["Til ",{"t":"idOrVar","v":"endDate"}]},{"$i":"none","$v":"Ingen"},{"$i":"reminder","$v":"Hendelsespåminnelse"},{"$i":"remind-me","$v":"Påminn meg"},{"$i":"alarm-at-event-standard","$v":"Ved hendelsestiden"},{"$i":"alarm-at-event-allday","$v":"På hendelsesdagen"},{"$i":"alarm-at-event-allday-hour12","$v":"På hendelsesdagen (09.00)"},{"$i":"alarm-at-event-allday-hour24","$v":"På hendelsesdagen (09.00)"},{"$i":"alarm-start-notice","$v":[{"t":"idOrVar","v":"title"}," starter ",{"t":"idOrVar","v":"distance"}]},{"$i":"alarm-started-notice","$v":[{"t":"idOrVar","v":"title"}," startet ",{"t":"idOrVar","v":"distance"}]},{"$i":"alarm-start-notice-two-days","$v":[{"t":"idOrVar","v":"title"}," starter om to dager"]},{"$i":"alarm-start-notice-few-days","$v":[{"t":"idOrVar","v":"title"}," starter ",{"t":"idOrVar","v":"distance"}]},{"$i":"days-before-hour12","$v":{"few":[{"t":"idOrVar","v":"value"}," dager før (09.00)"],"many":[{"t":"idOrVar","v":"value"}," dager før (09.00)"],"one":"1 dag før (09.00)","other":[{"t":"idOrVar","v":"value"}," dager før (09.00)"],"two":[{"t":"idOrVar","v":"value"}," dager før (09.00)"],"zero":"0 dager før (09.00)"},"$x":[{"t":"idOrVar","v":"plural"},"value"]},{"$i":"weeks-before-hour12","$v":{"few":[{"t":"idOrVar","v":"value"}," uker før (09.00)"],"many":[{"t":"idOrVar","v":"value"}," uker før (09.00)"],"one":"1 uke før (09.00)","other":[{"t":"idOrVar","v":"value"}," uker før (09.00)"],"two":[{"t":"idOrVar","v":"value"}," uker før (09.00)"],"zero":"0 uker før (09.00)"},"$x":[{"t":"idOrVar","v":"plural"},"value"]},{"$i":"days-before-hour24","$v":{"few":[{"t":"idOrVar","v":"value"}," dager før (09.00)"],"many":[{"t":"idOrVar","v":"value"}," dager før (09.00)"],"one":"1 dag før (09.00)","other":[{"t":"idOrVar","v":"value"}," dager før (09.00)"],"two":[{"t":"idOrVar","v":"value"}," dager før (09.00)"],"zero":"0 dager før (09.00)"},"$x":[{"t":"idOrVar","v":"plural"},"value"]},{"$i":"weeks-before-hour24","$v":{"few":[{"t":"idOrVar","v":"value"}," uker før (09.00)"],"many":[{"t":"idOrVar","v":"value"}," uker før (09.00)"],"one":"1 uke før (09.00)","other":[{"t":"idOrVar","v":"value"}," uker før (09.00)"],"two":[{"t":"idOrVar","v":"value"}," uker før (09.00)"],"zero":"0 uker før (09.00)"},"$x":[{"t":"idOrVar","v":"plural"},"value"]},{"$i":"minutes-before","$v":{"few":[{"t":"idOrVar","v":"value"}," minutter før"],"many":[{"t":"idOrVar","v":"value"}," minutter før"],"one":"1 minutt før","other":[{"t":"idOrVar","v":"value"}," minutter før"],"two":[{"t":"idOrVar","v":"value"}," minutter før"],"zero":"0 minutter før"},"$x":[{"t":"idOrVar","v":"plural"},"value"]},{"$i":"hours-before","$v":{"few":[{"t":"idOrVar","v":"value"}," timer før"],"many":[{"t":"idOrVar","v":"value"}," timer før"],"one":"1 time før","other":[{"t":"idOrVar","v":"value"}," timer før"],"two":[{"t":"idOrVar","v":"value"}," timer før"],"zero":"0 timer før"},"$x":[{"t":"idOrVar","v":"plural"},"value"]},{"$i":"days-before","$v":{"few":[{"t":"idOrVar","v":"value"}," dager før"],"many":[{"t":"idOrVar","v":"value"}," dager før"],"one":"1 dag før","other":[{"t":"idOrVar","v":"value"}," dager før"],"two":[{"t":"idOrVar","v":"value"}," dager før"],"zero":"0 dager før"},"$x":[{"t":"idOrVar","v":"plural"},"value"]},{"$i":"weeks-before","$v":{"few":[{"t":"idOrVar","v":"value"}," uker før"],"many":[{"t":"idOrVar","v":"value"}," uker før"],"one":"1 uke før","other":[{"t":"idOrVar","v":"value"}," uker før"],"two":[{"t":"idOrVar","v":"value"}," uker før"],"zero":"0 uker før"},"$x":[{"t":"idOrVar","v":"plural"},"value"]},{"$i":"months-before","$v":{"few":[{"t":"idOrVar","v":"value"}," måneder før"],"many":[{"t":"idOrVar","v":"value"}," måneder før"],"one":"1 måned før","other":[{"t":"idOrVar","v":"value"}," måneder før"],"two":[{"t":"idOrVar","v":"value"}," måneder før"],"zero":"0 minutter før"},"$x":[{"t":"idOrVar","v":"plural"},"value"]},{"$i":"years-before","$v":{"few":[{"t":"idOrVar","v":"value"}," år før"],"many":[{"t":"idOrVar","v":"value"}," år før"],"one":"1 år før","other":[{"t":"idOrVar","v":"value"}," år før"],"two":[{"t":"idOrVar","v":"value"}," år før"],"zero":"0 år før"},"$x":[{"t":"idOrVar","v":"plural"},"value"]},{"$i":"minutes-after","$v":{"few":[{"t":"idOrVar","v":"value"}," minutter etter"],"many":[{"t":"idOrVar","v":"value"}," minutter etter"],"one":"1 minutt etter","other":[{"t":"idOrVar","v":"value"}," minutter etter"],"two":[{"t":"idOrVar","v":"value"}," minutter etter"],"zero":"0 minutter etter"},"$x":[{"t":"idOrVar","v":"plural"},"value"]},{"$i":"hours-after","$v":{"few":[{"t":"idOrVar","v":"value"}," timer etter"],"many":[{"t":"idOrVar","v":"value"}," timer etter"],"one":"1 time etter","other":[{"t":"idOrVar","v":"value"}," timer etter"],"two":[{"t":"idOrVar","v":"value"}," timer etter"],"zero":"0 timer etter"},"$x":[{"t":"idOrVar","v":"plural"},"value"]},{"$i":"days-after","$v":{"few":[{"t":"idOrVar","v":"value"}," dager etter"],"many":[{"t":"idOrVar","v":"value"}," dager etter"],"one":"1 dag etter","other":[{"t":"idOrVar","v":"value"}," dager etter"],"two":[{"t":"idOrVar","v":"value"}," dager etter"],"zero":"0 dager etter"},"$x":[{"t":"idOrVar","v":"plural"},"value"]},{"$i":"weeks-after","$v":{"few":[{"t":"idOrVar","v":"value"}," uker etter"],"many":[{"t":"idOrVar","v":"value"}," uker etter"],"one":"1 uke etter","other":[{"t":"idOrVar","v":"value"}," uker etter"],"two":[{"t":"idOrVar","v":"value"}," uker etter"],"zero":"0 uker etter"},"$x":[{"t":"idOrVar","v":"plural"},"value"]},{"$i":"months-after","$v":{"few":[{"t":"idOrVar","v":"value"}," måneder etter"],"many":[{"t":"idOrVar","v":"value"}," måneder etter"],"one":"1 måned etter","other":[{"t":"idOrVar","v":"value"}," måneder etter"],"two":[{"t":"idOrVar","v":"value"}," måneder etter"],"zero":"0 minutter etter"},"$x":[{"t":"idOrVar","v":"plural"},"value"]},{"$i":"years-after","$v":{"few":[{"t":"idOrVar","v":"value"}," år etter"],"many":[{"t":"idOrVar","v":"value"}," år etter"],"one":"1 år etter","other":[{"t":"idOrVar","v":"value"}," år etter"],"two":[{"t":"idOrVar","v":"value"}," år etter"],"zero":"0 år etter"},"$x":[{"t":"idOrVar","v":"plural"},"value"]},{"$i":"hour-format12","$v":"%I %p"},{"$i":"hour-format24","$v":"%H"},{"$i":"week-hour-format12","$v":"%I %p"},{"$i":"week-hour-format24","$v":"%H"},{"$i":"hour-allday","$v":"Hele dagen"},{"$i":"kai-week-day","$v":"%a\\n%e"},{"$i":"current-time12","$v":"%I:%M"},{"$i":"current-time24","$v":"%H:%M"},{"$i":"multi-month-view-header-format","$v":"%B %Y"},{"$i":"day-view-header-format","$v":"%A, %B %e"},{"$i":"months-day-view-header-format","$v":"%A, %B %e"},{"$i":"months-day-view-header-format-small","$v":{"$o":"%a <br/> %b, %e"}},{"$i":"week-view-header-format","$v":["Uke ",{"t":"idOrVar","v":"value"},", %B %Y"]},{"$i":"longDateFormat","$v":"%a, %B %d, %Y"},{"$i":"longTimeFormat","$v":"%A %B %d"},{"$i":"longTimeFormat12","$v":"%A %B %d %I %p"},{"$i":"longTimeFormat24","$v":"klokken %A %B %d %H"},{"$i":"weekTimeFormat12","$v":"%I %p"},{"$i":"weekTimeFormat24","$v":"klokken %H"},{"$i":"weekDayFormat","$v":"%A den %d"},{"$i":"alldayLongTimeFormat","$v":"%A %B %dHele dagen"},{"$i":"dayHour12","$v":"%I %p"},{"$i":"dayHour24","$v":"klokken %H"},{"$i":"longDateTime12","$v":"%I %p, %a, %d %b, %Y"},{"$i":"longDateTime24","$v":"%H, %a, %d %b, %Y"},{"$i":"upcoming-events","$v":"Fremtidige hendelser"},{"$i":"search-results","$v":"Søkeresultater"},{"$i":"no-event-found","$v":"Ingen hendelser funnet"},{"$i":"longDateTimeNew12","$v":"%a, %B %e, %Y, %I:%M %p"},{"$i":"longDateTimeNew24","$v":"%a, %B %e, %Y, %H:%M"},{"$i":"error-start-date-after-end-date","$v":"Hendelsen kan ikke avsluttes før startdatoen."},{"$i":"error-start-time-after-end-time","$v":"Hendelsen kan ikke avsluttes før startdatoen."},{"$i":"error-unauthenticated","$v":"Feil brukern. eller passord, prøv igjen."},{"$i":"error-internal-server-error","$v":"Serverfeil, prøv igjen."},{"$i":"error-unkown","$v":"Serveren er utilgjengelig. Prøv igjen senere."},{"$i":"error-default","$v":"Noe gikk galt. Prøv igjen."},{"$i":"error-offline","$v":"Kan ikke koble til Internett. Du kan bruke Wi-Fi eller mobildata for Internett-tilgang."},{"$i":"error-account-exist","$v":"Kontoen finnes allerede."},{"$i":"error-confirmation-title","$v":"Feil"},{"$i":"error-edit-online-event","$v":"Kunne ikke redigere en netthendelse da det ikke er noen Internett-tilkobling."},{"$i":"error-delete-online-event","$v":"Kunne ikke slette en netthendelse da det ikke er noen Internett-tilkobling."},{"$i":"notification-error-sync-title","$v":"Synk.-feil i kalender"},{"$i":"notification-error-sync-description","$v":"Trykk for mer informasjon"},{"$i":"notification-error-caldav-sync-title","$v":"Kontofeil"},{"$i":"notification-error-caldav-sync-description","$v":"Logg inn på nytt"},{"$i":"weekday-0-single-char","$v":"S","ariaLabel":"Søndag"},{"$i":"weekday-1-single-char","$v":"M","ariaLabel":"Mandag"},{"$i":"weekday-2-single-char","$v":"T","ariaLabel":"Tirsdag"},{"$i":"weekday-3-single-char","$v":"W","ariaLabel":"Onsdag"},{"$i":"weekday-4-single-char","$v":"T","ariaLabel":"Torsdag"},{"$i":"weekday-5-single-char","$v":"F","ariaLabel":"Fredag"},{"$i":"weekday-6-single-char","$v":"S","ariaLabel":"Lørdag"},{"$i":"busy","$v":{"few":[{"t":"idOrVar","v":"n"}," hendelser"],"many":[{"t":"idOrVar","v":"n"}," hendelser"],"one":[{"t":"idOrVar","v":"n"}," hendelse"],"other":[{"t":"idOrVar","v":"n"}," hendelser"],"two":[{"t":"idOrVar","v":"n"}," hendelser"],"zero":"Ingen hendelser"},"$x":[{"t":"idOrVar","v":"plural"},"n"]},{"$i":"present","ariaLabel":"I dag"},{"$i":"past-other-month-description","ariaLabel":"Annen måned"},{"$i":"future-other-month-description","ariaLabel":"Annen måned"},{"$i":"icon-calendar-alarm","ariaLabel":"Har alarm"},{"$i":"calendars","ariaLabel":"Kalendere"},{"$i":"multi-day-new-event-link","ariaLabel":"Legg til hendelse"},{"$i":"title","ariaLabel":"Tittel"},{"$i":"location","ariaLabel":"Lokasjon"},{"$i":"duration","ariaLabel":"Varighet"},{"$i":"calendar","ariaLabel":"Kalender"},{"$i":"alarms","ariaLabel":"Alarmer"},{"$i":"description","ariaLabel":"Beskrivelse"},{"$i":"start-date","ariaLabel":"Startdato"},{"$i":"start-time","ariaLabel":"Starttid"},{"$i":"end-date","ariaLabel":"Sluttdato"},{"$i":"end-time","ariaLabel":"Sluttid"},{"$i":"during-progress-loading","ariaValueText":"Laster inn"},{"$i":"all-day","ariaLabel":"Hele dagen"},{"$i":"create-event","ariaLabel":"Opprett hendelse"},{"$i":"create-all-day-event","ariaLabel":"Oppr. heldagshendelse"},{"$i":"event-one-day-duration","ariaLabel":["fra ",{"t":"idOrVar","v":"startTime"}," til ",{"t":"idOrVar","v":"endTime"}]},{"$i":"week-event-one-day-duration","ariaLabel":[{"t":"idOrVar","v":"startDate"}," fra ",{"t":"idOrVar","v":"startTime"}," til ",{"t":"idOrVar","v":"endTime"}]},{"$i":"event-multiple-day-duration","ariaLabel":["Fra ",{"t":"idOrVar","v":"startTime"}," ",{"t":"idOrVar","v":"startDate"}," til ",{"t":"idOrVar","v":"endTime"}," ",{"t":"idOrVar","v":"endDate"}]},{"$i":"kai-event-added","$v":"Hendelse lagt til"},{"$i":"kai-event-updated","$v":"Hendelse oppdatert"},{"$i":"kai-event-deleted","$v":"Hendelse slettet"},{"$i":"kai-change-save","$v":"Endringer lagret"},{"$i":"event-sync-failure","$v":"Kan ikke synkronisere"},{"$i":"kai-event-calendar","$v":"Kalender"},{"$i":"kai-single-event","$v":"Hendelse"},{"$i":"kai-event-count","$v":"Hendelser"},{"$i":"kai-sync-progress-syncing","$v":"Synkroniserer"},{"$i":"kai-sync-progress-complete","$v":"Kalender er oppdatert"},{"$i":"kai-settings-sounds","$v":"Lyder"},{"$i":"kai-tones","$v":"Toner"},{"$i":"kai-multi-events","$v":"Hendelser"},{"$i":"kai-confirmation-title","$v":"Bekreftelse"},{"$i":"kai-delete-selectedEvent-confirmation","$v":"Slette valgte hendelse?"},{"$i":"kai-deleteEvent-confirmation","$v":"Slette hendelse?"},{"$i":"kai-event-search-header","$v":"Søk","placeholder":"Søk"},{"$i":"kai-event-search-upcoming-events","$v":"Fremtidige hendelser"},{"$i":"kai-delete","$v":"Slett"},{"$i":"kai-cancel","$v":"Avbryt"},{"$i":"kai-dialog-delete-sel","$v":"Er du sikker du vil slette valgt hendelse?"},{"$i":"kai-delete-title","$v":"Slett hendelse"},{"$i":"kai-save-changes","$v":"Lagre endinger?"},{"$i":"kai-save-message-back","$v":"Alle angitte data blir tapt. Vil du lagre endringene?"},{"$i":"kai-save-message-close","$v":"Programmet blir lukket med datatap. Vil lagre endringene?"},{"$i":"yes","$v":"Ja"},{"$i":"no","$v":"Nei"},{"$i":"confirmation","$v":"Bekreftelse"},{"$i":"ok","$v":"Ok"},{"$i":"delete-event","$v":"Slette valgte hendelse?"},{"$i":"edit-event-no-net","$v":"Kunne ikke redigere en netthendelse da det ikke er noen Internett-forbindelse."},{"$i":"kai-settings-header","$v":"Kalender å vise"},{"$i":"kai-syncing","$v":"Synker ..."},{"$i":"kai-syncing-header","$v":"Kontosynkronisering"},{"$i":"select","$v":"Velg"},{"$i":"add-event","$v":"legg t hend"},{"$i":"week-view","$v":"Ukesvisning"},{"$i":"day-view","$v":"Dagsvisning"},{"$i":"month-view","$v":"Månedsvisning"},{"$i":"today","$v":"I dag"},{"$i":"go","$v":"Gå til dato"},{"$i":"search","$v":"Søk"},{"$i":"calendar-to-display","$v":"Kalender å vise"},{"$i":"settings","$v":"Innstillinger"},{"$i":"delete","$v":"Slett"},{"$i":"enter","$v":"Angi"},{"$i":"sync-calendar","$v":"Synkroniser kalender"},{"$i":"lunar-calendar","$v":"Månedag"},{"$i":"present-description","$v":["I dag ",{"t":"idOrVar","v":"weekday"}," den ",{"t":"idOrVar","v":"date"},"."]},{"$i":"day-description","$v":[{"t":"idOrVar","v":"weekday"}," den ",{"t":"idOrVar","v":"date"},"."]},{"$i":"weekday-5","$v":"Fredag"},{"$i":"weekday-4","$v":"Torsdag"},{"$i":"weekday-3","$v":"Onsdag"},{"$i":"weekday-2","$v":"Tirsdag"},{"$i":"weekday-1","$v":"Mandag"},{"$i":"weekday-0","$v":"Søndag"},{"$i":"weekday-6","$v":"Lørdag"},{"$i":"no-title","$v":"(Ingen tittel)"},{"$i":"weekday-0-long","$v":"Søndag"},{"$i":"weekday-1-long","$v":"Mandag"},{"$i":"weekday-2-long","$v":"Tirsdag"},{"$i":"weekday-3-long","$v":"Onsdag"},{"$i":"weekday-4-long","$v":"Torsdag"},{"$i":"weekday-5-long","$v":"Fredag"},{"$i":"weekday-6-long","$v":"Lørdag"},{"$i":"weekday-0-short","$v":"Sø."},{"$i":"weekday-1-short","$v":"Ma."},{"$i":"weekday-2-short","$v":"Ti."},{"$i":"weekday-3-short","$v":"On."},{"$i":"weekday-4-short","$v":"To."},{"$i":"weekday-5-short","$v":"Fr."},{"$i":"weekday-6-short","$v":"Lø."},{"$i":"month-0-long","$v":"Januar"},{"$i":"month-1-long","$v":"Februar"},{"$i":"month-2-long","$v":"Mars"},{"$i":"month-3-long","$v":"April"},{"$i":"month-4-long","$v":"Mai"},{"$i":"month-5-long","$v":"Juni"},{"$i":"month-6-long","$v":"Juli"},{"$i":"month-7-long","$v":"August"},{"$i":"month-8-long","$v":"September"},{"$i":"month-9-long","$v":"Oktober"},{"$i":"month-10-long","$v":"November"},{"$i":"month-11-long","$v":"Desember"},{"$i":"month-0-genitive","$v":"Januar"},{"$i":"month-1-genitive","$v":"Februar"},{"$i":"month-2-genitive","$v":"Mars"},{"$i":"month-3-genitive","$v":"April"},{"$i":"month-4-genitive","$v":"Mai"},{"$i":"month-5-genitive","$v":"Juni"},{"$i":"month-6-genitive","$v":"Juli"},{"$i":"month-7-genitive","$v":"August"},{"$i":"month-8-genitive","$v":"September"},{"$i":"month-9-genitive","$v":"Oktober"},{"$i":"month-10-genitive","$v":"November"},{"$i":"month-11-genitive","$v":"Desember"},{"$i":"month-0-short","$v":"Jan."},{"$i":"month-1-short","$v":"Feb."},{"$i":"month-2-short","$v":"Mars"},{"$i":"month-3-short","$v":"Apr."},{"$i":"month-4-short","$v":"Mai"},{"$i":"month-5-short","$v":"Juni"},{"$i":"month-6-short","$v":"Juli"},{"$i":"month-7-short","$v":"Aug."},{"$i":"month-8-short","$v":"Sep."},{"$i":"month-9-short","$v":"Okt."},{"$i":"month-10-short","$v":"Nov."},{"$i":"month-11-short","$v":"Des."},{"$i":"minutes-ago-long","$v":{"few":[{"t":"idOrVar","v":"value"}," minutter siden"],"many":[{"t":"idOrVar","v":"value"}," minutter siden"],"one":"et minutt siden","other":[{"t":"idOrVar","v":"value"}," minutter siden"],"two":[{"t":"idOrVar","v":"value"}," minutter siden"],"zero":"akkurat nå"},"$x":[{"t":"idOrVar","v":"plural"},"value"]},{"$i":"hours-ago-long","$v":{"few":[{"t":"idOrVar","v":"value"}," timer siden"],"many":[{"t":"idOrVar","v":"value"}," timer siden"],"one":"en time siden","other":[{"t":"idOrVar","v":"value"}," timer siden"],"two":[{"t":"idOrVar","v":"value"}," timer siden"],"zero":"akkurat nå"},"$x":[{"t":"idOrVar","v":"plural"},"value"]},{"$i":"days-ago-long","$v":{"few":[{"t":"idOrVar","v":"value"}," dager siden"],"many":[{"t":"idOrVar","v":"value"}," dager siden"],"one":"i går","other":[{"t":"idOrVar","v":"value"}," dager siden"],"two":[{"t":"idOrVar","v":"value"}," dager siden"],"zero":"i dag"},"$x":[{"t":"idOrVar","v":"plural"},"value"]},{"$i":"weeks-ago-long","$v":{"few":[{"t":"idOrVar","v":"value"}," uker siden"],"many":[{"t":"idOrVar","v":"value"}," uker siden"],"one":"sist uke","other":[{"t":"idOrVar","v":"value"}," uker siden"],"two":[{"t":"idOrVar","v":"value"}," uker siden"],"zero":"denne uken"},"$x":[{"t":"idOrVar","v":"plural"},"value"]},{"$i":"months-ago-long","$v":{"few":[{"t":"idOrVar","v":"value"}," måneder siden"],"many":[{"t":"idOrVar","v":"value"}," måneder siden"],"one":"sist måned","other":[{"t":"idOrVar","v":"value"}," måneder siden"],"two":[{"t":"idOrVar","v":"value"}," måneder siden"],"zero":"denne måneden"},"$x":[{"t":"idOrVar","v":"plural"},"value"]},{"$i":"years-ago-long","$v":{"few":[{"t":"idOrVar","v":"value"}," år siden"],"many":[{"t":"idOrVar","v":"value"}," år siden"],"one":"i fjor","other":[{"t":"idOrVar","v":"value"}," år siden"],"two":[{"t":"idOrVar","v":"value"}," år siden"],"zero":"i år"},"$x":[{"t":"idOrVar","v":"plural"},"value"]},{"$i":"minutes-until-long","$v":{"few":["om ",{"t":"idOrVar","v":"value"}," minutter"],"many":["om ",{"t":"idOrVar","v":"value"}," minutter"],"one":"om ett minutt","other":["om ",{"t":"idOrVar","v":"value"}," minutter"],"two":["om ",{"t":"idOrVar","v":"value"}," minutter"],"zero":"nå"},"$x":[{"t":"idOrVar","v":"plural"},"value"]},{"$i":"hours-until-long","$v":{"few":["om ",{"t":"idOrVar","v":"value"}," timer"],"many":["om ",{"t":"idOrVar","v":"value"}," timer"],"one":"om én time","other":["om ",{"t":"idOrVar","v":"value"}," timer"],"two":["om ",{"t":"idOrVar","v":"value"}," timer"],"zero":"nå"},"$x":[{"t":"idOrVar","v":"plural"},"value"]},{"$i":"days-until-long","$v":{"few":["om ",{"t":"idOrVar","v":"value"}," dager"],"many":["om ",{"t":"idOrVar","v":"value"}," dager"],"one":"i morgen","other":["om ",{"t":"idOrVar","v":"value"}," dager"],"two":["om ",{"t":"idOrVar","v":"value"}," dager"],"zero":"i dag"},"$x":[{"t":"idOrVar","v":"plural"},"value"]},{"$i":"weeks-until-long","$v":{"few":["om ",{"t":"idOrVar","v":"value"}," uker"],"many":["om ",{"t":"idOrVar","v":"value"}," uker"],"one":"neste uke","other":["om ",{"t":"idOrVar","v":"value"}," uker"],"two":["om ",{"t":"idOrVar","v":"value"}," uker"],"zero":"denne uken"},"$x":[{"t":"idOrVar","v":"plural"},"value"]},{"$i":"months-until-long","$v":{"few":["om ",{"t":"idOrVar","v":"value"}," måneder"],"many":["om ",{"t":"idOrVar","v":"value"}," måneder"],"one":"neste måned","other":["om ",{"t":"idOrVar","v":"value"}," måneder"],"two":["om ",{"t":"idOrVar","v":"value"}," måneder"],"zero":"denne måneden"},"$x":[{"t":"idOrVar","v":"plural"},"value"]},{"$i":"years-until-long","$v":{"few":["om ",{"t":"idOrVar","v":"value"}," år"],"many":["om ",{"t":"idOrVar","v":"value"}," år"],"one":"neste år","other":["om ",{"t":"idOrVar","v":"value"}," år"],"two":["om ",{"t":"idOrVar","v":"value"}," år"],"zero":"i år"},"$x":[{"t":"idOrVar","v":"plural"},"value"]},{"$i":"minutes-ago-short","$v":{"other":[{"t":"idOrVar","v":"value"}," m siden"],"zero":"akkurat nå"},"$x":[{"t":"idOrVar","v":"plural"},"value"]},{"$i":"hours-ago-short","$v":{"other":[{"t":"idOrVar","v":"value"}," t siden"],"zero":"akkurat nå"},"$x":[{"t":"idOrVar","v":"plural"},"value"]},{"$i":"days-ago-short","$v":{"other":[{"t":"idOrVar","v":"value"}," d siden"],"zero":"i dag"},"$x":[{"t":"idOrVar","v":"plural"},"value"]},{"$i":"minutes-until-short","$v":{"other":["om ",{"t":"idOrVar","v":"value"},"m"],"zero":"nå"},"$x":[{"t":"idOrVar","v":"plural"},"value"]},{"$i":"hours-until-short","$v":{"other":["om ",{"t":"idOrVar","v":"value"},"t"],"zero":"nå"},"$x":[{"t":"idOrVar","v":"plural"},"value"]},{"$i":"days-until-short","$v":{"other":["om ",{"t":"idOrVar","v":"value"},"d"],"zero":"i dag"},"$x":[{"t":"idOrVar","v":"plural"},"value"]},{"$i":"incorrectDate","$v":"(feil dato)"},{"$i":"dateTimeFormat_%c","$v":"%a %b %e %Y %I:%M:%S %p"},{"$i":"dateTimeFormat_%x","$v":"%m/%d/%Y"},{"$i":"dateTimeFormat_%X","$v":"%I:%M:%S %p"},{"$i":"shortTimeFormat","$v":"%I:%M %p"},{"$i":"shortTimeFormat12","$v":"%I:%M %p"},{"$i":"shortTimeFormat24","$v":"%H:%M"},{"$i":"shortDateTimeFormat","$v":"%x %I:%M %p"},{"$i":"weekStartsOnMonday","$v":"0.0"},{"$i":"firstDayOfTheWeek","$v":"1.0"},{"$i":"time_am","$v":"AM"},{"$i":"time_pm","$v":"PM"},{"$i":"softkey-options","$v":"Valg"}]