[{"$i":"back","$v":"पछाडि"},{"$i":"save","$v":"सुरक्षित गर्नुहोस्"},{"$i":"cancel","$v":"रद्द गर्नुहोस्"},{"$i":"next","$v":"अर्को"},{"$i":"hide","$v":"लुकाउनुहोस्"},{"$i":"confirm","$v":"निश्चित गर्नुहोस्"},{"$i":"done","$v":"भयो"},{"$i":"events","$v":"घटनाहरू सम्झाउनी"},{"$i":"edit","$v":"सम्पादन गर्नुहोस्"},{"$i":"allday-events","$v":"दिन-भरीको घटनाहरू सम्झने"},{"$i":"no-events","$v":"कुनै घटनाहरू छैनन्"},{"$i":"default","$v":"पूर्वनिर्धारित"},{"$i":"sync","$v":"सिंक गर्नुहोस्"},{"$i":"repeat","$v":"दोहोर्‍याउनुहोस्"},{"$i":"never","$v":"कहिल्यै पनि होइन"},{"$i":"every-day","$v":"प्रत्येक दिन"},{"$i":"every-week","$v":"प्रत्येक हप्ता"},{"$i":"every-2-weeks","$v":"प्रत्येक 2 हप्ता"},{"$i":"every-month","$v":"प्रत्येक महिना"},{"$i":"view-never","$v":"दोहोर्‍याउनुहोस्: कहिल्यै पनि होइन"},{"$i":"view-every-day","$v":"दोहोर्‍याउनुहोस्: दैनिक"},{"$i":"view-every-week","$v":"दोहोर्‍याउनुहोस्: साप्ताहिक रूपमा"},{"$i":"view-every-2-weeks","$v":"दोहोर्‍याउनुहोस्: प्रत्येक दुई हप्ता"},{"$i":"view-every-month","$v":"दोहोर्‍याउनुहोस्: मासिक रूपमा"},{"$i":"repeat-event-header","$v":"यो दोहोरिने घटना हो।"},{"$i":"delete-this-only","$v":"यसलाई मात्र मेटाउनुहोस्"},{"$i":"delete-all","$v":"सबै मेटाउनुहोस्"},{"$i":"event-edit-all","$v":"सबै कार्यक्रमहरू सम्पादन गर्नुहोस्"},{"$i":"event-edit-all-future","$v":"सबै भविष्यका कार्यक्रमहरू सम्पादन गर्नुहोस्"},{"$i":"options","$v":"विकल्पहरू"},{"$i":"event-delete-all","$v":"सबै मेटाउनुहोस्"},{"$i":"event-delete-all-future","$v":"सबै भविष्यका कार्यक्रमहरूलाई मेटाउनुहोस्"},{"$i":"delete-account","$v":"कार्य मेटाउनुहोस्"},{"$i":"exchange-account","$v":"ActiveSync"},{"$i":"account-user-name","$v":"एक-पटके पाठ सन्देश"},{"$i":"incorrect-password-description","$v":"सर्भरमा साइन इन गर्न असक्षम भयो, कृपया आफ्नो पासवर्ड सहि छ भनी सुनिश्चित गर्नुहोस्।"},{"$i":"incorrect-password","$v":"गलत पासवर्डला, कृपया पुन: प्रयास गर्नुहोस्।"},{"$i":"account-duplicate","$v":"खाता पहिले नै छ। समक्रमण चालू गरिएको छ।"},{"$i":"error-account","$v":"सर्भर अनुपलब्ध छ। कृपया पछि फेरि प्रयास गर्नुहोस्।"},{"$i":"error-access-denied","$v":"अज्ञात त्रुटि भयो, कृपया पछि फेरि प्रयास गर्नुहोस्।"},{"$i":"error-time-out","$v":[{"t":"idOrVar","v":"server"},"\" सँग जडान स्थापना गर्न असक्षम। त्यहाँ सञ्जालसँग समस्या हुनसक्छ।"]},{"$i":"caldav-account-exist","$v":"खाता पहिले नै विद्यमान छ।"},{"$i":"save-password","$v":"पासवर्ड बचत भयो।"},{"$i":"account-login","$v":"खाता लगइन"},{"$i":"setting-up-account","$v":"खाता सेट अप गर्दै"},{"$i":"setup-account-usedInfo","$v":"यो खाता तलका एपहरूद्वारा प्रयोग गरिनेछ। तपाईंले यसलाई सेटिङहरू>खातामा परिवर्तन गर्न सक्नुहुन्छ।"},{"$i":"app-calendar","$v":"पात्रो"},{"$i":"show-today","$v":"आज"},{"$i":"show-month-view","$v":"महिना"},{"$i":"show-week-view","$v":"हप्ता"},{"$i":"show-day-view","$v":"दिन"},{"$i":"settings-show","$v":"सेटिङ्हरू"},{"$i":"settings-hide","$v":"सेटिङहरू लुकाउनुहोस्"},{"$i":"add-account","$v":"एउटा खाता थप्नुहोस्"},{"$i":"new-event","$v":"घटना थप्नुहोस्"},{"$i":"view-event-header","$v":"घटना विवणहरू"},{"$i":"new-event-header","$v":"घटना थप्नुहोस्"},{"$i":"edit-event-header","$v":"घटनालाई सम्पादन गर्नुहोस्"},{"$i":"account-header","$v":"खाता"},{"$i":"account-list-header","$v":"खाताहरू"},{"$i":"advanced-settings-short-icon-button","ariaLabel":"सेटिङ्हरू"},{"$i":"advanced-settings-header","$v":"क्यालेण्डरका सेटिङ्हरू"},{"$i":"advanced-settings-personalization","$v":"आवृत्ति अद्यावधिक गर्नुहोस्"},{"$i":"advanced-settings-reminders","$v":"सम्झाउनी"},{"$i":"advanced-settings-add-account","$v":"खाता थप्नुहोस्"},{"$i":"field-user","$v":"एक-पटके पाठ सन्देश"},{"$i":"field-password","$v":"पासवर्ड"},{"$i":"show-password","$v":"पासवर्ड देखाउनु"},{"$i":"field-full-url","$v":"URL"},{"$i":"modify-account-setting-up","$v":"तपाईंको खाता सेट अप छन कृपया पर्खनुहोस्"},{"$i":"modify-account-unable-to-sync","$v":"समक्रमण गर्न सकेन"},{"$i":"modify-account-sign-in","$v":"साइन इन गर्नुहोस्"},{"$i":"kai-caldav","$v":"CalDav"},{"$i":"kai-yahoo","$v":"Yahoo!"},{"$i":"kai-google","$v":"Google"},{"$i":"preset-mozilla","$v":"मोजिला जिम्ब्रा"},{"$i":"calendar-local","$v":"फोन पात्रो"},{"$i":"event-title","$v":"शीर्षक"},{"$i":"event-location","$v":"स्थान"},{"$i":"event-description","$v":"टिप्पणीहरू"},{"$i":"event-is-allday","$v":"पूरा-दिन घटना"},{"$i":"event-start-date","$v":"सुरु मिति"},{"$i":"event-end-date","$v":"समाप्ति मिति"},{"$i":"event-start-time","$v":"सुरूवात समय"},{"$i":"event-end-time","$v":"समाप्ति समय"},{"$i":"event-delete","$v":"घटना हटाउनुहोस्"},{"$i":"event-is-deleting","$v":"मेटाउँदै..."},{"$i":"remove-account-data","$v":"Remove Account"},{"$i":"remove-account-dialog","$v":"खाता हटाउनुहोस्"},{"$i":"remove-account-dialog-details","$v":["तपाईंको यन्त्रबाट \"",{"t":"idOrVar","v":"email"},"\" हटाउनुहोस् ?"]},{"$i":"remove","$v":"हटाउनुहोस्"},{"$i":"drawer-sync-icon-button","ariaLabel":"सिंक गर्नुहोस्"},{"$i":"sync-progress-syncing","ariaValueText":"समक्रमण हुँदै"},{"$i":"sync-progress-complete","ariaValueText":"समक्रमण पूराभयो"},{"$i":"sync-frequency","$v":"पात्रो समक्रमण गर्नुहोस्"},{"$i":"sync-frequency-15min","$v":"हरेक १५ मिनेट"},{"$i":"sync-frequency-30min","$v":"हरेक ३० मिनेट"},{"$i":"sync-frequency-manual","$v":"मानवचालित रूपमा"},{"$i":"from","$v":"प्रेषक"},{"$i":"to","$v":"सम्म"},{"$i":"one-day-duration-title","$v":[{"t":"idOrVar","v":"startDate"}]},{"$i":"one-day-duration-content","$v":[{"t":"idOrVar","v":"startTime"}," देखि ",{"t":"idOrVar","v":"endTime"}," सम्म"]},{"$i":"multiple-day-duration-title","$v":[{"t":"idOrVar","v":"startTime"}," ",{"t":"idOrVar","v":"startDate"}]},{"$i":"multiple-day-duration-content","$v":[{"t":"idOrVar","v":"endTime"}," ",{"t":"idOrVar","v":"endDate"}]},{"$i":"one-all-day-duration-title","$v":[{"t":"idOrVar","v":"startDate"}]},{"$i":"all-day-duration-content","$v":"दिनभरिको कार्यक्रम"},{"$i":"multiple-all-day-duration-title","$v":[{"t":"idOrVar","v":"startDate"}," बाट"]},{"$i":"multiple-all-day-duration-content","$v":[{"t":"idOrVar","v":"endDate"}," गर्न"]},{"$i":"none","$v":"कुनै पनि होइन"},{"$i":"reminder","$v":"घटना सम्झाउनी"},{"$i":"remind-me","$v":"मलाई सम्झाउनुहोस्"},{"$i":"alarm-at-event-standard","$v":"घटनाको समय"},{"$i":"alarm-at-event-allday","$v":"घटनाको दिनमा"},{"$i":"alarm-at-event-allday-hour12","$v":"कार्यक्रम हुने दिनमा (बिहान 9:00 बजे)"},{"$i":"alarm-at-event-allday-hour24","$v":"कार्यक्रम हुने दिनमा (09:00)"},{"$i":"alarm-start-notice","$v":[{"t":"idOrVar","v":"title"}," सुरु हुँदै ",{"t":"idOrVar","v":"distance"}]},{"$i":"alarm-started-notice","$v":[{"t":"idOrVar","v":"title"}," सुरु भयो ",{"t":"idOrVar","v":"distance"}]},{"$i":"alarm-start-notice-two-days","$v":["दुई दिनमा ",{"t":"idOrVar","v":"title"}," सुरु हुँदै"]},{"$i":"alarm-start-notice-few-days","$v":[{"t":"idOrVar","v":"distance"}," मा ",{"t":"idOrVar","v":"title"}," सुरु हुँदै"]},{"$i":"days-before-hour12","$v":{"few":[{"t":"idOrVar","v":"value"}," दिन अघि (बिहान 9:00 बजे)"],"many":[{"t":"idOrVar","v":"value"}," दिन अघि (बिहान 9:00 बजे)"],"one":"1 दिन अघि (बिहान 9:00 बजे)","other":[{"t":"idOrVar","v":"value"}," दिन अघि (बिहान 9:00 बजे)"],"two":[{"t":"idOrVar","v":"value"}," दिन अघि (बिहान 9:00 बजे)"],"zero":"0 दिन अघि (बिहान 9:00 बजे)"},"$x":[{"t":"idOrVar","v":"plural"},"value"]},{"$i":"weeks-before-hour12","$v":{"few":[{"t":"idOrVar","v":"value"}," साताअघि (बिहान 9:00 बजे)"],"many":[{"t":"idOrVar","v":"value"}," साताअघि (बिहान 9:00 बजे)"],"one":"1 साताअघि (बिहान 9:00 बजे)","other":[{"t":"idOrVar","v":"value"}," साताअघि (बिहान 9:00 बजे)"],"two":[{"t":"idOrVar","v":"value"}," साताअघि (बिहान 9:00 बजे)"],"zero":"0 साताअघि (बिहान 9:00 बजे)"},"$x":[{"t":"idOrVar","v":"plural"},"value"]},{"$i":"days-before-hour24","$v":{"few":[{"t":"idOrVar","v":"value"}," दिन अघि (09:00)"],"many":[{"t":"idOrVar","v":"value"}," दिन अघि (09:00)"],"one":"1 दिन अघि (09:00)","other":[{"t":"idOrVar","v":"value"}," दिन अघि (09:00)"],"two":[{"t":"idOrVar","v":"value"}," दिन अघि (09:00)"],"zero":"0 दिन अघि (09:00)"},"$x":[{"t":"idOrVar","v":"plural"},"value"]},{"$i":"weeks-before-hour24","$v":{"few":[{"t":"idOrVar","v":"value"}," साताअघि (09:00)"],"many":[{"t":"idOrVar","v":"value"}," साताअघि (09:00)"],"one":"1 साताअघि (09:00)","other":[{"t":"idOrVar","v":"value"}," साताअघि (09:00)"],"two":[{"t":"idOrVar","v":"value"}," साताअघि (09:00)"],"zero":"0 साताअघि (09:00)"},"$x":[{"t":"idOrVar","v":"plural"},"value"]},{"$i":"minutes-before","$v":{"few":[{"t":"idOrVar","v":"value"}," मिनेट अघि"],"many":[{"t":"idOrVar","v":"value"}," मिनेट अघि"],"one":"1 मिनेट अगाडि","other":[{"t":"idOrVar","v":"value"}," मिनेट अघि"],"two":[{"t":"idOrVar","v":"value"}," मिनेट अघि"],"zero":"0 मिनेट अगाडि"},"$x":[{"t":"idOrVar","v":"plural"},"value"]},{"$i":"hours-before","$v":{"few":[{"t":"idOrVar","v":"value"}," घण्टा अघि"],"many":[{"t":"idOrVar","v":"value"}," घण्टा अघि"],"one":"1 घण्टा अगाडि","other":[{"t":"idOrVar","v":"value"}," घण्टा अघि"],"two":[{"t":"idOrVar","v":"value"}," घण्टा अघि"],"zero":"0 घण्टा अगाडि"},"$x":[{"t":"idOrVar","v":"plural"},"value"]},{"$i":"days-before","$v":{"few":[{"t":"idOrVar","v":"value"}," दिन अघि"],"many":[{"t":"idOrVar","v":"value"}," दिन अघि"],"one":"1 दिन अघि","other":[{"t":"idOrVar","v":"value"}," दिन अघि"],"two":[{"t":"idOrVar","v":"value"}," दिन अघि"],"zero":"0 दिन अगाडि"},"$x":[{"t":"idOrVar","v":"plural"},"value"]},{"$i":"weeks-before","$v":{"few":[{"t":"idOrVar","v":"value"}," हप्ता अघि"],"many":[{"t":"idOrVar","v":"value"}," हप्ता अघि"],"one":"1 हप्ता अघि","other":[{"t":"idOrVar","v":"value"}," हप्ता अघि"],"two":[{"t":"idOrVar","v":"value"}," हप्ता अघि"],"zero":"0 हप्ता अगाडि"},"$x":[{"t":"idOrVar","v":"plural"},"value"]},{"$i":"months-before","$v":{"few":[{"t":"idOrVar","v":"value"}," महिना अघि"],"many":[{"t":"idOrVar","v":"value"}," महिना अघि"],"one":"1 महिना अघि","other":[{"t":"idOrVar","v":"value"}," महिना अघि"],"two":[{"t":"idOrVar","v":"value"}," महिना अघि"],"zero":"0 महिना अगाडि"},"$x":[{"t":"idOrVar","v":"plural"},"value"]},{"$i":"years-before","$v":{"few":[{"t":"idOrVar","v":"value"}," वर्ष अघि"],"many":[{"t":"idOrVar","v":"value"}," वर्ष अघि"],"one":"1 वर्ष अगाडि","other":[{"t":"idOrVar","v":"value"}," वर्ष अघि"],"two":[{"t":"idOrVar","v":"value"}," वर्ष अघि"],"zero":"0 वर्ष अघि"},"$x":[{"t":"idOrVar","v":"plural"},"value"]},{"$i":"minutes-after","$v":{"few":[{"t":"idOrVar","v":"value"}," मिनेट पछि"],"many":[{"t":"idOrVar","v":"value"}," मिनेट पछि"],"one":"1 मिनेट पछि","other":[{"t":"idOrVar","v":"value"}," मिनेट पछि"],"two":[{"t":"idOrVar","v":"value"}," मिनेट पछि"],"zero":"0 मिनेट पछि"},"$x":[{"t":"idOrVar","v":"plural"},"value"]},{"$i":"hours-after","$v":{"few":[{"t":"idOrVar","v":"value"}," घण्टा पछि"],"many":[{"t":"idOrVar","v":"value"}," घण्टा पछि"],"one":"1 घण्टा पछि","other":[{"t":"idOrVar","v":"value"}," घण्टा पछि"],"two":[{"t":"idOrVar","v":"value"}," घण्टा पछि"],"zero":"0 घण्टा पछि"},"$x":[{"t":"idOrVar","v":"plural"},"value"]},{"$i":"days-after","$v":{"few":[{"t":"idOrVar","v":"value"}," दिन पछि"],"many":[{"t":"idOrVar","v":"value"}," दिन पछि"],"one":"1 दिन पछि","other":[{"t":"idOrVar","v":"value"}," दिन पछि"],"two":[{"t":"idOrVar","v":"value"}," दिन पछि"],"zero":"0 दिन पछि"},"$x":[{"t":"idOrVar","v":"plural"},"value"]},{"$i":"weeks-after","$v":{"few":[{"t":"idOrVar","v":"value"}," हप्ता पछि"],"many":[{"t":"idOrVar","v":"value"}," हप्ता पछि"],"one":"1हप्ता पछि","other":[{"t":"idOrVar","v":"value"}," हप्ता पछि"],"two":[{"t":"idOrVar","v":"value"}," हप्ता पछि"],"zero":"0 हप्ता पछि"},"$x":[{"t":"idOrVar","v":"plural"},"value"]},{"$i":"months-after","$v":{"few":[{"t":"idOrVar","v":"value"}," महिना पछि"],"many":[{"t":"idOrVar","v":"value"}," महिना पछि"],"one":"1 महिना पछि","other":[{"t":"idOrVar","v":"value"}," महिना पछि"],"two":[{"t":"idOrVar","v":"value"}," महिना पछि"],"zero":"0 महिना पछि"},"$x":[{"t":"idOrVar","v":"plural"},"value"]},{"$i":"years-after","$v":{"few":[{"t":"idOrVar","v":"value"}," वर्ष पछि"],"many":[{"t":"idOrVar","v":"value"}," वर्ष पछि"],"one":"1 वर्ष पछि","other":[{"t":"idOrVar","v":"value"}," वर्ष पछि"],"two":[{"t":"idOrVar","v":"value"}," वर्ष पछि"],"zero":"0 वर्ष पछि"},"$x":[{"t":"idOrVar","v":"plural"},"value"]},{"$i":"hour-format12","$v":"%I %p"},{"$i":"hour-format24","$v":"%H"},{"$i":"week-hour-format12","$v":"%I %p"},{"$i":"week-hour-format24","$v":"%H"},{"$i":"hour-allday","$v":"सबै दिन"},{"$i":"kai-week-day","$v":"%a\\n%e"},{"$i":"current-time12","$v":"%I:%M"},{"$i":"current-time24","$v":"%H:%M"},{"$i":"multi-month-view-header-format","$v":"%B %Y"},{"$i":"day-view-header-format","$v":"%A, %B %e"},{"$i":"months-day-view-header-format","$v":"%A, %B %e"},{"$i":"months-day-view-header-format-small","$v":{"$o":"%a <br/> %b, %e"}},{"$i":"week-view-header-format","$v":["हप्ता ",{"t":"idOrVar","v":"value"},", %B %Y"]},{"$i":"longDateFormat","$v":"%A, %B %d, %Y"},{"$i":"longTimeFormat","$v":"%A %B %d"},{"$i":"longTimeFormat12","$v":"%A %B %d %I %p"},{"$i":"longTimeFormat24","$v":"%A %B %d %H o बजे"},{"$i":"weekTimeFormat12","$v":"%I %p"},{"$i":"weekTimeFormat24","$v":"%H o बजे"},{"$i":"weekDayFormat","$v":"%A the %d"},{"$i":"alldayLongTimeFormat","$v":"%A %B %d पूरै दिन भरी"},{"$i":"dayHour12","$v":"%I %p"},{"$i":"dayHour24","$v":"%H o बजे"},{"$i":"longDateTime12","$v":"%I %p, %a, %d %b, %Y"},{"$i":"longDateTime24","$v":"%H, %a, %d %b, %Y"},{"$i":"upcoming-events","$v":"आउँदो कार्यक्रमहरू"},{"$i":"search-results","$v":"खोज परिणामहरू"},{"$i":"no-event-found","$v":"कुनै घटनाहरू फेला परेन"},{"$i":"longDateTimeNew12","$v":"%a, %B %e, %Y, %I:%M %p"},{"$i":"longDateTimeNew24","$v":"%a, %B %e, %Y, %H:%M"},{"$i":"error-start-date-after-end-date","$v":"कार्यक्रमको सुरु मिति भन्दा अगाडि यसको अन्त्य हुँदैन।"},{"$i":"error-start-time-after-end-time","$v":"कार्यक्रमको सुरु समय भन्दा अगाडि यसको अन्त्य हुँदैन।"},{"$i":"error-unauthenticated","$v":"गलत प्रयोगकर्ताको नाम वा पासवर्ड, कृपया पुन: प्रयास गर्नुहोस्।"},{"$i":"error-internal-server-error","$v":"सर्भर त्रुटि भयो, कृपया पुन: प्रयास गर्नुहोस्।"},{"$i":"error-unkown","$v":"सर्भर अनुपलब्ध छ। कृपया पछि फेरि प्रयास गर्नुहोस्।"},{"$i":"error-default","$v":"केही गलत छ। पछि पुनः प्रयास गर्नुहोस् ."},{"$i":"error-offline","$v":"इन्टरनेटमा जडान हुन सकेन तपाईंले इन्टरनेट पहुँच गर्न WiFi वा मोबाइल डेटा प्रयोग गर्न सक्नुहुन्छ।"},{"$i":"error-account-exist","$v":"यो खाता पहिले नै अवस्थित छ।"},{"$i":"error-confirmation-title","$v":"त्रुटि"},{"$i":"error-edit-online-event","$v":"त्यहाँ इन्टरनेट जडान नहुदाँ अनलाइन घटना सम्पादन असफल भयो।"},{"$i":"error-delete-online-event","$v":"त्यहाँ इन्टरनेट जडान नहुदाँ अनलाइन घटना हटाउन असफल भयो।"},{"$i":"notification-error-sync-title","$v":"क्यालेण्डर समक्रमण त्रुटि"},{"$i":"notification-error-sync-description","$v":"थप जानकारीको लागि ट्याप गर्नुहोस्"},{"$i":"notification-error-caldav-sync-title","$v":"खाता त्रुटि"},{"$i":"notification-error-caldav-sync-description","$v":"पुनः लग-इन गर्नुहोस्"},{"$i":"weekday-0-single-char","$v":"S","ariaLabel":"आइतबार"},{"$i":"weekday-1-single-char","$v":"M","ariaLabel":"सोमबार"},{"$i":"weekday-2-single-char","$v":"T","ariaLabel":"मङ्गलबार"},{"$i":"weekday-3-single-char","$v":"W","ariaLabel":"बुधबार"},{"$i":"weekday-4-single-char","$v":"T","ariaLabel":"बिहिबार"},{"$i":"weekday-5-single-char","$v":"F","ariaLabel":"शुक्रबार"},{"$i":"weekday-6-single-char","$v":"S","ariaLabel":"शनिबार"},{"$i":"busy","$v":{"few":[{"t":"idOrVar","v":"n"}," चयन गरियो"],"many":[{"t":"idOrVar","v":"n"}," चयन गरियो"],"one":[{"t":"idOrVar","v":"n"}," चयन गरियो"],"other":[{"t":"idOrVar","v":"n"}," चयन गरियो"],"two":[{"t":"idOrVar","v":"n"}," चयन गरियो"],"zero":"कुनै घटनाहरू छैनन्"},"$x":[{"t":"idOrVar","v":"plural"},"n"]},{"$i":"present","ariaLabel":"आज"},{"$i":"past-other-month-description","ariaLabel":"अन्य महिना"},{"$i":"future-other-month-description","ariaLabel":"अन्य महिना"},{"$i":"icon-calendar-alarm","ariaLabel":"आलार्म छ"},{"$i":"calendars","ariaLabel":"क्यालेण्डरहरू"},{"$i":"multi-day-new-event-link","ariaLabel":"घटना थप्नुहोस्"},{"$i":"title","ariaLabel":"शीर्षक"},{"$i":"location","ariaLabel":"स्थान"},{"$i":"duration","ariaLabel":"अवधि"},{"$i":"calendar","ariaLabel":"पात्रो"},{"$i":"alarms","ariaLabel":"अलार्महरू"},{"$i":"description","ariaLabel":"वर्णन"},{"$i":"start-date","ariaLabel":"सुरु मिति"},{"$i":"start-time","ariaLabel":"सुरूवात समय"},{"$i":"end-date","ariaLabel":"समाप्ति मिति"},{"$i":"end-time","ariaLabel":"समाप्ति समय"},{"$i":"during-progress-loading","ariaValueText":"लोड हुँदै"},{"$i":"all-day","ariaLabel":"सबै दिन"},{"$i":"create-event","ariaLabel":"घटना सिर्जना गर्नुहोस्"},{"$i":"create-all-day-event","ariaLabel":"पूरा दिनको घटना सिर्जना गर्नुहोस्"},{"$i":"event-one-day-duration","ariaLabel":["बाट ",{"t":"idOrVar","v":"startTime"}," देखि ",{"t":"idOrVar","v":"endTime"}," सम्म"]},{"$i":"week-event-one-day-duration","ariaLabel":[{"t":"idOrVar","v":"startDate"}," बाट ",{"t":"idOrVar","v":"startTime"}," देखि ",{"t":"idOrVar","v":"endTime"}," सम्म"]},{"$i":"event-multiple-day-duration","ariaLabel":[{"t":"idOrVar","v":"startTime"}," ",{"t":"idOrVar","v":"startDate"}," बाट ",{"t":"idOrVar","v":"endTime"}," ",{"t":"idOrVar","v":"endDate"}," सम्म"]},{"$i":"kai-event-added","$v":"कार्यक्रम थपियो।"},{"$i":"kai-event-updated","$v":"घटना अद्यावधिक गरियो।"},{"$i":"kai-event-deleted","$v":"कार्यक्रम मेटाइयो।"},{"$i":"kai-change-save","$v":"परिवर्तनहरू बचत गरियो"},{"$i":"event-sync-failure","$v":"समक्रमण गर्न सकेन"},{"$i":"kai-event-calendar","$v":"पात्रो"},{"$i":"kai-single-event","$v":"घटना"},{"$i":"kai-event-count","$v":"घटनाहरू"},{"$i":"kai-sync-progress-syncing","$v":"समक्रमण हुँदै"},{"$i":"kai-sync-progress-complete","$v":"पात्रो नविनतम छ।"},{"$i":"kai-settings-sounds","$v":"आवाज"},{"$i":"kai-tones","$v":"टोनहरू"},{"$i":"kai-multi-events","$v":"घटनाहरू"},{"$i":"kai-confirmation-title","$v":"पुष्टिकरण"},{"$i":"kai-delete-selectedEvent-confirmation","$v":"चयन गरिएको घटना मेटाउनुहोस् ?"},{"$i":"kai-deleteEvent-confirmation","$v":"घटना हटाउनुहोस् ?"},{"$i":"kai-event-search-header","$v":"खोज्नुहोस्","placeholder":"खोज्नुहोस्"},{"$i":"kai-event-search-upcoming-events","$v":"आउँदो कार्यक्रमहरू"},{"$i":"kai-delete","$v":"मेट्नुहोस्"},{"$i":"kai-cancel","$v":"रद्द गर्नुहोस्"},{"$i":"kai-dialog-delete-sel","$v":"तपाईं निश्चित रूपमा चयन गरिएको घटनालाई मेटाउन चाहनुहुन्छ ?"},{"$i":"kai-delete-title","$v":"घटना हटाउनुहोस्"},{"$i":"kai-save-changes","$v":"परिवर्तनहरूलाई बचत गर्नुहोस् ?"},{"$i":"kai-save-message-back","$v":"सबै प्रविष्ट डेटा हरायो। तपाईं परिवर्तनहरूलाई बचत गर्न चाहनुहुन्छ ?"},{"$i":"kai-save-message-close","$v":"एप्लिकेसन डेटा क्षतिसँग बन्द गरियो। तपाईं परिवर्तनहरूलाई बचत गर्न चाहनुहुन्छ ?"},{"$i":"yes","$v":"हो"},{"$i":"no","$v":"होइन"},{"$i":"confirmation","$v":"पुष्टिकरण"},{"$i":"ok","$v":"ठीक छ"},{"$i":"delete-event","$v":"चयन गरिएको घटना मेटाउनुहोस् ?"},{"$i":"edit-event-no-net","$v":"इन्टरनेट जडान नभएको कारणले अनलाइन कार्यक्रम सम्पादन गर्न असफल भयौं।"},{"$i":"kai-settings-header","$v":"प्रदर्शनको लागि क्यालेण्डर"},{"$i":"kai-syncing","$v":"समक्रमण हुँदै..."},{"$i":"kai-syncing-header","$v":"खाता समक्रमण"},{"$i":"select","$v":"चयन गर्नुहोस्"},{"$i":"add-event","$v":"थप्नुहोस्"},{"$i":"week-view","$v":"साप्ताहिक दृश्य"},{"$i":"day-view","$v":"दिनको दृश्य"},{"$i":"month-view","$v":"महिनाको दृश्य"},{"$i":"today","$v":"आज"},{"$i":"go","$v":"मितिमा जानुहोस्"},{"$i":"search","$v":"खोज्नुहोस्"},{"$i":"calendar-to-display","$v":"प्रदर्शनको लागि क्यालेण्डर"},{"$i":"settings","$v":"सेटिङ्हरू"},{"$i":"delete","$v":"मेट्नुहोस्"},{"$i":"enter","$v":"प्रविष्टि गर्नुहोस्"},{"$i":"sync-calendar","$v":"पात्रो समक्रमण गर्नुहोस्"},{"$i":"lunar-calendar","$v":"चन्द्र दिन"},{"$i":"present-description","$v":["आज ",{"t":"idOrVar","v":"weekday"}," ",{"t":"idOrVar","v":"date"}]},{"$i":"day-description","$v":[{"t":"idOrVar","v":"Weekday"}," ",{"t":"idOrVar","v":"date"},"औं"]},{"$i":"weekday-5","$v":"शुक्रबार"},{"$i":"weekday-4","$v":"बिहिबार"},{"$i":"weekday-3","$v":"बुधबार"},{"$i":"weekday-2","$v":"मङ्गलबार"},{"$i":"weekday-1","$v":"सोमबार"},{"$i":"weekday-0","$v":"आइतबार"},{"$i":"weekday-6","$v":"शनिबार"},{"$i":"no-title","$v":"(कुनै शीर्षक छैन)"},{"$i":"weekday-0-long","$v":"आइतबार"},{"$i":"weekday-1-long","$v":"सोमबार"},{"$i":"weekday-2-long","$v":"मङ्गलबार"},{"$i":"weekday-3-long","$v":"बुधबार"},{"$i":"weekday-4-long","$v":"बिहिबार"},{"$i":"weekday-5-long","$v":"शुक्रबार"},{"$i":"weekday-6-long","$v":"शनिबार"},{"$i":"weekday-0-short","$v":"सूर्य"},{"$i":"weekday-1-short","$v":"सोमबार"},{"$i":"weekday-2-short","$v":"मङ्गलबार"},{"$i":"weekday-3-short","$v":"बुधबार"},{"$i":"weekday-4-short","$v":"बिहीबार"},{"$i":"weekday-5-short","$v":"शुक्रबार"},{"$i":"weekday-6-short","$v":"शनिबार"},{"$i":"month-0-long","$v":"जनवरी"},{"$i":"month-1-long","$v":"फेब्रुअरी"},{"$i":"month-2-long","$v":"मार्च"},{"$i":"month-3-long","$v":"अप्रिल"},{"$i":"month-4-long","$v":"मे"},{"$i":"month-5-long","$v":"जुन"},{"$i":"month-6-long","$v":"जुलाइ"},{"$i":"month-7-long","$v":"अगस्ट"},{"$i":"month-8-long","$v":"सेप्टेम्बर"},{"$i":"month-9-long","$v":"अक्टुबर"},{"$i":"month-10-long","$v":"नोभेम्बर"},{"$i":"month-11-long","$v":"डिसेम्बर"},{"$i":"month-0-genitive","$v":"जनवरी"},{"$i":"month-1-genitive","$v":"फेब्रुअरी"},{"$i":"month-2-genitive","$v":"मार्च"},{"$i":"month-3-genitive","$v":"अप्रिल"},{"$i":"month-4-genitive","$v":"मे"},{"$i":"month-5-genitive","$v":"जुन"},{"$i":"month-6-genitive","$v":"जुलाइ"},{"$i":"month-7-genitive","$v":"अगस्ट"},{"$i":"month-8-genitive","$v":"सेप्टेम्बर"},{"$i":"month-9-genitive","$v":"अक्टुबर"},{"$i":"month-10-genitive","$v":"नोभेम्बर"},{"$i":"month-11-genitive","$v":"डिसेम्बर"},{"$i":"month-0-short","$v":"जनवरी"},{"$i":"month-1-short","$v":"फेब्रुअरी"},{"$i":"month-2-short","$v":"मार्च"},{"$i":"month-3-short","$v":"अप्रिल"},{"$i":"month-4-short","$v":"मे"},{"$i":"month-5-short","$v":"जुन"},{"$i":"month-6-short","$v":"जुलाई"},{"$i":"month-7-short","$v":"अगस्ट"},{"$i":"month-8-short","$v":"सेप्टेम्बर"},{"$i":"month-9-short","$v":"अक्टोबर"},{"$i":"month-10-short","$v":"नोभेम्बर"},{"$i":"month-11-short","$v":"डिसेम्बर"},{"$i":"minutes-ago-long","$v":{"few":[{"t":"idOrVar","v":"value"}," मिनेट पहिला"],"many":[{"t":"idOrVar","v":"value"}," मिनेट पहिला"],"one":"एक मिनेट अघि","other":[{"t":"idOrVar","v":"value"}," मिनेट पहिला"],"two":[{"t":"idOrVar","v":"value"}," मिनेट पहिला"],"zero":"अहिले भर्खर"},"$x":[{"t":"idOrVar","v":"plural"},"value"]},{"$i":"hours-ago-long","$v":{"few":[{"t":"idOrVar","v":"value"}," घण्टा पहिला"],"many":[{"t":"idOrVar","v":"value"}," घण्टा पहिला"],"one":"एक घण्टा अघि","other":[{"t":"idOrVar","v":"value"}," घण्टा पहिला"],"two":[{"t":"idOrVar","v":"value"}," घण्टा पहिला"],"zero":"अहिले भर्खर"},"$x":[{"t":"idOrVar","v":"plural"},"value"]},{"$i":"days-ago-long","$v":{"few":[{"t":"idOrVar","v":"value"}," दिन पहिला"],"many":[{"t":"idOrVar","v":"value"}," दिन पहिला"],"one":"हिजो","other":[{"t":"idOrVar","v":"value"}," दिन पहिला"],"two":[{"t":"idOrVar","v":"value"}," दिन पहिला"],"zero":"आज"},"$x":[{"t":"idOrVar","v":"plural"},"value"]},{"$i":"weeks-ago-long","$v":{"few":[{"t":"idOrVar","v":"value"}," हप्ता पहिला"],"many":[{"t":"idOrVar","v":"value"}," हप्ता पहिला"],"one":"गत हप्ता","other":[{"t":"idOrVar","v":"value"}," हप्ता पहिला"],"two":[{"t":"idOrVar","v":"value"}," हप्ता पहिला"],"zero":"यो हप्ता"},"$x":[{"t":"idOrVar","v":"plural"},"value"]},{"$i":"months-ago-long","$v":{"few":[{"t":"idOrVar","v":"value"}," महिना पहिला"],"many":[{"t":"idOrVar","v":"value"}," महिना पहिला"],"one":"गत महिना","other":[{"t":"idOrVar","v":"value"}," महिना पहिला"],"two":[{"t":"idOrVar","v":"value"}," महिना पहिला"],"zero":"यो महिना"},"$x":[{"t":"idOrVar","v":"plural"},"value"]},{"$i":"years-ago-long","$v":{"few":[{"t":"idOrVar","v":"value"}," वर्ष पहिला"],"many":[{"t":"idOrVar","v":"value"}," वर्ष पहिला"],"one":"गएको वर्ष","other":[{"t":"idOrVar","v":"value"}," वर्ष पहिला"],"two":[{"t":"idOrVar","v":"value"}," वर्ष पहिला"],"zero":"यो वर्ष"},"$x":[{"t":"idOrVar","v":"plural"},"value"]},{"$i":"minutes-until-long","$v":{"few":[{"t":"idOrVar","v":"value"}," मिनेटमा"],"many":[{"t":"idOrVar","v":"value"}," मिनेटमा"],"one":"एक मिनेटमा","other":[{"t":"idOrVar","v":"value"}," मिनेटमा"],"two":[{"t":"idOrVar","v":"value"}," मिनेटमा"],"zero":"अहिले"},"$x":[{"t":"idOrVar","v":"plural"},"value"]},{"$i":"hours-until-long","$v":{"few":[{"t":"idOrVar","v":"value"}," घण्टामा"],"many":[{"t":"idOrVar","v":"value"}," घण्टामा"],"one":"एक घण्टामा","other":[{"t":"idOrVar","v":"value"}," घण्टामा"],"two":[{"t":"idOrVar","v":"value"}," घण्टामा"],"zero":"अहिले"},"$x":[{"t":"idOrVar","v":"plural"},"value"]},{"$i":"days-until-long","$v":{"few":[{"t":"idOrVar","v":"value"}," दिनमा"],"many":[{"t":"idOrVar","v":"value"}," दिनमा"],"one":"भोली","other":[{"t":"idOrVar","v":"value"}," दिनमा"],"two":[{"t":"idOrVar","v":"value"}," दिनमा"],"zero":"आज"},"$x":[{"t":"idOrVar","v":"plural"},"value"]},{"$i":"weeks-until-long","$v":{"few":[{"t":"idOrVar","v":"value"}," हप्तामा"],"many":[{"t":"idOrVar","v":"value"}," हप्तामा"],"one":"अर्को हप्ता","other":[{"t":"idOrVar","v":"value"}," हप्तामा"],"two":[{"t":"idOrVar","v":"value"}," हप्तामा"],"zero":"यो हप्ता"},"$x":[{"t":"idOrVar","v":"plural"},"value"]},{"$i":"months-until-long","$v":{"few":[{"t":"idOrVar","v":"value"}," महिनामा"],"many":[{"t":"idOrVar","v":"value"}," महिनामा"],"one":"अर्को महिना","other":[{"t":"idOrVar","v":"value"}," महिनामा"],"two":[{"t":"idOrVar","v":"value"}," महिनामा"],"zero":"यो महिना"},"$x":[{"t":"idOrVar","v":"plural"},"value"]},{"$i":"years-until-long","$v":{"few":[{"t":"idOrVar","v":"value"}," वर्षमा"],"many":[{"t":"idOrVar","v":"value"}," वर्षमा"],"one":"अर्को वर्ष","other":[{"t":"idOrVar","v":"value"}," वर्षमा"],"two":[{"t":"idOrVar","v":"value"}," वर्षमा"],"zero":"यो वर्ष"},"$x":[{"t":"idOrVar","v":"plural"},"value"]},{"$i":"minutes-ago-short","$v":{"other":[{"t":"idOrVar","v":"value"}," मिनेट पहिला"],"zero":"अहिले भर्खर"},"$x":[{"t":"idOrVar","v":"plural"},"value"]},{"$i":"hours-ago-short","$v":{"other":[{"t":"idOrVar","v":"value"},"घण्टा पहिला"],"zero":"अहिले भर्खर"},"$x":[{"t":"idOrVar","v":"plural"},"value"]},{"$i":"days-ago-short","$v":{"other":[{"t":"idOrVar","v":"value"},"दिन पहिला"],"zero":"आज"},"$x":[{"t":"idOrVar","v":"plural"},"value"]},{"$i":"minutes-until-short","$v":{"other":[{"t":"idOrVar","v":"value"}," मिनेटमा"],"zero":"अहिले"},"$x":[{"t":"idOrVar","v":"plural"},"value"]},{"$i":"hours-until-short","$v":{"other":[{"t":"idOrVar","v":"value"}," घण्टामा"],"zero":"अहिले"},"$x":[{"t":"idOrVar","v":"plural"},"value"]},{"$i":"days-until-short","$v":{"other":[{"t":"idOrVar","v":"value"}," दिनमा"],"zero":"आज"},"$x":[{"t":"idOrVar","v":"plural"},"value"]},{"$i":"incorrectDate","$v":"(गलत मिति)"},{"$i":"dateTimeFormat_%c","$v":"%a %b %e %Y %I:%M:%S %p"},{"$i":"dateTimeFormat_%x","$v":"%m/%d/%Y"},{"$i":"dateTimeFormat_%X","$v":"%I:%M:%S %p"},{"$i":"shortTimeFormat","$v":"%I:%M %p"},{"$i":"shortTimeFormat12","$v":"%I:%M %p"},{"$i":"shortTimeFormat24","$v":"%H:%M"},{"$i":"shortDateTimeFormat","$v":"%x %I:%M %p"},{"$i":"weekStartsOnMonday","$v":"0.0"},{"$i":"firstDayOfTheWeek","$v":"0.0"},{"$i":"time_am","$v":"AM"},{"$i":"time_pm","$v":"PM"},{"$i":"softkey-options","$v":"विकल्पहरू"}]