[{"$i":"back","$v":"Terug"},{"$i":"save","$v":"Opslaan"},{"$i":"cancel","$v":"Annuleren"},{"$i":"next","$v":"Volgende"},{"$i":"hide","$v":"Verbergen"},{"$i":"confirm","$v":"Bevestigen"},{"$i":"done","$v":"Gereed"},{"$i":"events","$v":"Herinnering voor gebeurtenissen"},{"$i":"edit","$v":"Bewerken"},{"$i":"allday-events","$v":"Herinnering voor gebeurtenissen voor gehele dag"},{"$i":"no-events","$v":"Geen afspraken"},{"$i":"default","$v":"Standaard"},{"$i":"sync","$v":"Synchroniseren"},{"$i":"repeat","$v":"Herhalen"},{"$i":"never","$v":"Nooit"},{"$i":"every-day","$v":"Elke dag"},{"$i":"every-week","$v":"Elke week"},{"$i":"every-2-weeks","$v":"Elke twee weken"},{"$i":"every-month","$v":"Elke maand"},{"$i":"view-never","$v":"Herhalen: Nooit"},{"$i":"view-every-day","$v":"Herhalen: Dagelijks"},{"$i":"view-every-week","$v":"Herhalen: Wekelijks"},{"$i":"view-every-2-weeks","$v":"Herhalen: Elke twee weken"},{"$i":"view-every-month","$v":"Herhalen: Maandelijks"},{"$i":"repeat-event-header","$v":"Dit is een herhalende gebeurtenis."},{"$i":"delete-this-only","$v":"Alleen dit verwijderen"},{"$i":"delete-all","$v":"Alles verwijderen"},{"$i":"event-edit-all","$v":"Alle gebeurtenissen bewerken"},{"$i":"event-edit-all-future","$v":"Alle toekomstige gebeurtenissen bewerken"},{"$i":"options","$v":"Opties"},{"$i":"event-delete-all","$v":"Alles verwijderen"},{"$i":"event-delete-all-future","$v":"Alle toekomstige gebeurtenissen verwijderen"},{"$i":"delete-account","$v":"Account verwijderen"},{"$i":"exchange-account","$v":"ActiveSync"},{"$i":"account-user-name","$v":"Gebruikersnaam"},{"$i":"incorrect-password-description","$v":"Kan niet op de server aanmelden. Zorg ervoor dat uw wachtwoord juist is."},{"$i":"incorrect-password","$v":"Wachtwoord onjuist. Probeer het opnieuw."},{"$i":"account-duplicate","$v":"Account bestaat al. Synchroniseren is ingeschakeld."},{"$i":"error-account","$v":"Server niet beschikbaar. Probeer het later opnieuw."},{"$i":"error-access-denied","$v":"Er is een onbekende fout opgetreden. Probeer het later opnieuw."},{"$i":"error-time-out","$v":["Kan geen verbinding maken met \"",{"t":"idOrVar","v":"server"},"\". Er is mogelijk een probleem met het netwerk."]},{"$i":"caldav-account-exist","$v":"Account bestaat al."},{"$i":"save-password","$v":"Wachtwoord opgeslagen."},{"$i":"account-login","$v":"Accountaanmelding"},{"$i":"setting-up-account","$v":"Account instellen"},{"$i":"setup-account-usedInfo","$v":"Dit account wordt gebruikt door de onderstaande apps. U kunt dit wijzigen in Instellingen>Account."},{"$i":"app-calendar","$v":"Agenda"},{"$i":"show-today","$v":"Vandaag"},{"$i":"show-month-view","$v":"Maand"},{"$i":"show-week-view","$v":"Week"},{"$i":"show-day-view","$v":"Dag"},{"$i":"settings-show","$v":"Instellingen"},{"$i":"settings-hide","$v":"Instellingen verbergen"},{"$i":"add-account","$v":"Een account toevoegen"},{"$i":"new-event","$v":"Gebeurtenis toevoegen"},{"$i":"view-event-header","$v":"Details van gebeurtenis"},{"$i":"new-event-header","$v":"Gebeurtenis toevoegen"},{"$i":"edit-event-header","$v":"Gebeurtenis bewerken"},{"$i":"account-header","$v":"Account"},{"$i":"account-list-header","$v":"Accounts"},{"$i":"advanced-settings-short-icon-button","ariaLabel":"Instellingen"},{"$i":"advanced-settings-header","$v":"Agenda-instellingen"},{"$i":"advanced-settings-personalization","$v":"Bijwerkfrequentie"},{"$i":"advanced-settings-reminders","$v":"Herinnering"},{"$i":"advanced-settings-add-account","$v":"Account toevoegen"},{"$i":"field-user","$v":"Gebruikersnaam"},{"$i":"field-password","$v":"Wachtwoord"},{"$i":"show-password","$v":"Wachtwoord weergeven"},{"$i":"field-full-url","$v":"URL"},{"$i":"modify-account-setting-up","$v":"Wacht totdat uw account is ingesteld"},{"$i":"modify-account-unable-to-sync","$v":"Synchroniseren niet mogelijk"},{"$i":"modify-account-sign-in","$v":"Aanmelden"},{"$i":"kai-caldav","$v":"CalDav"},{"$i":"kai-yahoo","$v":"Yahoo!"},{"$i":"kai-google","$v":"Google"},{"$i":"preset-mozilla","$v":"Mozilla Zimbra"},{"$i":"calendar-local","$v":"Telefoonagenda"},{"$i":"event-title","$v":"Titel"},{"$i":"event-location","$v":"Locatie"},{"$i":"event-description","$v":"Notities"},{"$i":"event-is-allday","$v":"Gebeurtenis voor gehele dag"},{"$i":"event-start-date","$v":"Startdatum"},{"$i":"event-end-date","$v":"Einddatum"},{"$i":"event-start-time","$v":"Starttijd"},{"$i":"event-end-time","$v":"Eindtijd"},{"$i":"event-delete","$v":"Gebeurtenis verwijderen"},{"$i":"event-is-deleting","$v":"Verwijderen..."},{"$i":"remove-account-data","$v":"Account verwijderen"},{"$i":"remove-account-dialog","$v":"Account verwijderen"},{"$i":"remove-account-dialog-details","$v":["'",{"t":"idOrVar","v":"email"},"' verwijderen van uw apparaat?"]},{"$i":"remove","$v":"Verwijderen"},{"$i":"drawer-sync-icon-button","ariaLabel":"Synchroniseren"},{"$i":"sync-progress-syncing","ariaValueText":"Synchroniseren"},{"$i":"sync-progress-complete","ariaValueText":"Synchroniseren is voltooid"},{"$i":"sync-frequency","$v":"Agenda synchroniseren"},{"$i":"sync-frequency-15min","$v":"Elke 15 minuten"},{"$i":"sync-frequency-30min","$v":"Elke 30 minuten"},{"$i":"sync-frequency-manual","$v":"Handmatig"},{"$i":"from","$v":"Van"},{"$i":"to","$v":"Naar"},{"$i":"one-day-duration-title","$v":[{"t":"idOrVar","v":"startDate"}]},{"$i":"one-day-duration-content","$v":[{"t":"idOrVar","v":"startTime"}," tot ",{"t":"idOrVar","v":"endTime"}]},{"$i":"multiple-day-duration-title","$v":[{"t":"idOrVar","v":"startTime"}," ",{"t":"idOrVar","v":"startDate"}]},{"$i":"multiple-day-duration-content","$v":[{"t":"idOrVar","v":"endTime"}," ",{"t":"idOrVar","v":"endDate"}]},{"$i":"one-all-day-duration-title","$v":[{"t":"idOrVar","v":"startDate"}]},{"$i":"all-day-duration-content","$v":"Afspraak die de hele dag duurt"},{"$i":"multiple-all-day-duration-title","$v":["Van ",{"t":"idOrVar","v":"startDate"}]},{"$i":"multiple-all-day-duration-content","$v":["Tot ",{"t":"idOrVar","v":"endDate"}]},{"$i":"none","$v":"Geen"},{"$i":"reminder","$v":"Herinnering voor gebeurtenis"},{"$i":"remind-me","$v":"Herinner mij"},{"$i":"alarm-at-event-standard","$v":"Op tijd van gebeurtenis"},{"$i":"alarm-at-event-allday","$v":"Op dag van gebeurtenis"},{"$i":"alarm-at-event-allday-hour12","$v":"Op de dag van de gebeurtenis (9:00 uur)"},{"$i":"alarm-at-event-allday-hour24","$v":"Op de dag van de gebeurtenis (9:00)"},{"$i":"alarm-start-notice","$v":[{"t":"idOrVar","v":"title"}," die start op ",{"t":"idOrVar","v":"distance"}]},{"$i":"alarm-started-notice","$v":[{"t":"idOrVar","v":"title"}," gestart op ",{"t":"idOrVar","v":"distance"}]},{"$i":"alarm-start-notice-two-days","$v":[{"t":"idOrVar","v":"title"}," begint over twee dagen"]},{"$i":"alarm-start-notice-few-days","$v":[{"t":"idOrVar","v":"title"}," begint bij ",{"t":"idOrVar","v":"distance"}]},{"$i":"days-before-hour12","$v":{"few":[{"t":"idOrVar","v":"value"}," dagen van te voren (9:00 uur)"],"many":[{"t":"idOrVar","v":"value"}," dagen van te voren (9:00 uur)"],"one":"1 dag van te voren (9:00 uur)","other":[{"t":"idOrVar","v":"value"}," dagen van te voren (9:00 uur)"],"two":[{"t":"idOrVar","v":"value"}," dagen van te voren (9:00 uur)"],"zero":"0 dagen van te voren (9:00 uur)"},"$x":[{"t":"idOrVar","v":"plural"},"value"]},{"$i":"weeks-before-hour12","$v":{"few":[{"t":"idOrVar","v":"value"}," weken van te voren (9:00 uur)"],"many":[{"t":"idOrVar","v":"value"}," weken van te voren (9:00 uur)"],"one":"1 week van te voren (9:00 uur)","other":[{"t":"idOrVar","v":"value"}," weken van te voren (9:00 uur)"],"two":[{"t":"idOrVar","v":"value"}," weken van te voren (9:00 uur)"],"zero":"0 weken van te voren (9:00 uur)"},"$x":[{"t":"idOrVar","v":"plural"},"value"]},{"$i":"days-before-hour24","$v":{"few":[{"t":"idOrVar","v":"value"}," dagen van te voren (9:00 uur)"],"many":[{"t":"idOrVar","v":"value"}," dagen van te voren (9:00 uur)"],"one":"1 dag van te voren (9:00 uur)","other":[{"t":"idOrVar","v":"value"}," dagen van te voren (9:00 uur)"],"two":[{"t":"idOrVar","v":"value"}," dagen van te voren (9:00 uur)"],"zero":"0 dagen van te voren (9:00 uur)"},"$x":[{"t":"idOrVar","v":"plural"},"value"]},{"$i":"weeks-before-hour24","$v":{"few":[{"t":"idOrVar","v":"value"}," weken van te voren (9:00 uur)"],"many":[{"t":"idOrVar","v":"value"}," weken van te voren (9:00 uur)"],"one":"1 week van te voren (9:00 uur)","other":[{"t":"idOrVar","v":"value"}," weken van te voren (9:00 uur)"],"two":[{"t":"idOrVar","v":"value"}," weken van te voren (9:00 uur)"],"zero":"0 weken van te voren (9:00 uur)"},"$x":[{"t":"idOrVar","v":"plural"},"value"]},{"$i":"minutes-before","$v":{"few":[{"t":"idOrVar","v":"value"}," minuten ervoor"],"many":[{"t":"idOrVar","v":"value"}," minuten ervoor"],"one":"1 minuut ervoor","other":[{"t":"idOrVar","v":"value"}," minuten ervoor"],"two":[{"t":"idOrVar","v":"value"}," minuten ervoor"],"zero":"0 minuten ervoor"},"$x":[{"t":"idOrVar","v":"plural"},"value"]},{"$i":"hours-before","$v":{"few":[{"t":"idOrVar","v":"value"}," uren ervoor"],"many":[{"t":"idOrVar","v":"value"}," uren ervoor"],"one":"1 uur ervoor","other":[{"t":"idOrVar","v":"value"}," uren ervoor"],"two":[{"t":"idOrVar","v":"value"}," uren ervoor"],"zero":"0 uren ervoor"},"$x":[{"t":"idOrVar","v":"plural"},"value"]},{"$i":"days-before","$v":{"few":[{"t":"idOrVar","v":"value"}," dagen ervoor"],"many":[{"t":"idOrVar","v":"value"}," dagen ervoor"],"one":"1 dag ervoor","other":[{"t":"idOrVar","v":"value"}," dagen ervoor"],"two":[{"t":"idOrVar","v":"value"}," dagen ervoor"],"zero":"0 dagen ervoor"},"$x":[{"t":"idOrVar","v":"plural"},"value"]},{"$i":"weeks-before","$v":{"few":[{"t":"idOrVar","v":"value"}," weken ervoor"],"many":[{"t":"idOrVar","v":"value"}," weken ervoor"],"one":"1 week ervoor","other":[{"t":"idOrVar","v":"value"}," weken ervoor"],"two":[{"t":"idOrVar","v":"value"}," weken ervoor"],"zero":"0 weken ervoor"},"$x":[{"t":"idOrVar","v":"plural"},"value"]},{"$i":"months-before","$v":{"few":[{"t":"idOrVar","v":"value"}," maanden ervoor"],"many":[{"t":"idOrVar","v":"value"}," maanden ervoor"],"one":"1 maand ervoor","other":[{"t":"idOrVar","v":"value"}," maanden ervoor"],"two":[{"t":"idOrVar","v":"value"}," maanden ervoor"],"zero":"0 maanden ervoor"},"$x":[{"t":"idOrVar","v":"plural"},"value"]},{"$i":"years-before","$v":{"few":[{"t":"idOrVar","v":"value"}," jaren ervoor"],"many":[{"t":"idOrVar","v":"value"}," jaren ervoor"],"one":"1 jaar ervoor","other":[{"t":"idOrVar","v":"value"}," jaren ervoor"],"two":[{"t":"idOrVar","v":"value"}," jaren ervoor"],"zero":"0 jaren ervoor"},"$x":[{"t":"idOrVar","v":"plural"},"value"]},{"$i":"minutes-after","$v":{"few":[{"t":"idOrVar","v":"value"}," minuten erna"],"many":[{"t":"idOrVar","v":"value"}," minuten erna"],"one":"1 minuut erna","other":[{"t":"idOrVar","v":"value"}," minuten erna"],"two":[{"t":"idOrVar","v":"value"}," minuten erna"],"zero":"0 minuten erna"},"$x":[{"t":"idOrVar","v":"plural"},"value"]},{"$i":"hours-after","$v":{"few":[{"t":"idOrVar","v":"value"}," uren erna"],"many":[{"t":"idOrVar","v":"value"}," uren erna"],"one":"1 uur erna","other":[{"t":"idOrVar","v":"value"}," uren erna"],"two":[{"t":"idOrVar","v":"value"}," uren erna"],"zero":"0 uren erna"},"$x":[{"t":"idOrVar","v":"plural"},"value"]},{"$i":"days-after","$v":{"few":[{"t":"idOrVar","v":"value"}," dagen erna"],"many":[{"t":"idOrVar","v":"value"}," dagen erna"],"one":"1 dag erna","other":[{"t":"idOrVar","v":"value"}," dagen erna"],"two":[{"t":"idOrVar","v":"value"}," dagen erna"],"zero":"0 dagen erna"},"$x":[{"t":"idOrVar","v":"plural"},"value"]},{"$i":"weeks-after","$v":{"few":[{"t":"idOrVar","v":"value"}," weken erna"],"many":[{"t":"idOrVar","v":"value"}," weken erna"],"one":"1 week erna","other":[{"t":"idOrVar","v":"value"}," weken erna"],"two":[{"t":"idOrVar","v":"value"}," weken erna"],"zero":"0 weken erna"},"$x":[{"t":"idOrVar","v":"plural"},"value"]},{"$i":"months-after","$v":{"few":[{"t":"idOrVar","v":"value"}," maanden erna"],"many":[{"t":"idOrVar","v":"value"}," maanden erna"],"one":"1 maand erna","other":[{"t":"idOrVar","v":"value"}," maanden erna"],"two":[{"t":"idOrVar","v":"value"}," maanden erna"],"zero":"0 maanden erna"},"$x":[{"t":"idOrVar","v":"plural"},"value"]},{"$i":"years-after","$v":{"few":[{"t":"idOrVar","v":"value"}," jaren erna"],"many":[{"t":"idOrVar","v":"value"}," jaren erna"],"one":"1 jaar erna","other":[{"t":"idOrVar","v":"value"}," jaren erna"],"two":[{"t":"idOrVar","v":"value"}," jaren erna"],"zero":"0 jaren erna"},"$x":[{"t":"idOrVar","v":"plural"},"value"]},{"$i":"hour-format12","$v":"%I %p"},{"$i":"hour-format24","$v":"%H"},{"$i":"week-hour-format12","$v":"%I %p"},{"$i":"week-hour-format24","$v":"%H"},{"$i":"hour-allday","$v":"Hele dag"},{"$i":"kai-week-day","$v":"%a\\n%e"},{"$i":"current-time12","$v":"%I:%M"},{"$i":"current-time24","$v":"%H:%M"},{"$i":"multi-month-view-header-format","$v":"%B %Y"},{"$i":"day-view-header-format","$v":"%A, %B %e"},{"$i":"months-day-view-header-format","$v":"%A, %B %e"},{"$i":"months-day-view-header-format-small","$v":{"$o":"%a <br/> %b, %e"}},{"$i":"week-view-header-format","$v":["Week ",{"t":"idOrVar","v":"value"},", %B %Y"]},{"$i":"longDateFormat","$v":"%A, %B %d, %Y"},{"$i":"longTimeFormat","$v":"%A %B %d"},{"$i":"longTimeFormat12","$v":"%A %B %d %I %p"},{"$i":"longTimeFormat24","$v":"%A %B %d %H uur"},{"$i":"weekTimeFormat12","$v":"%I %p"},{"$i":"weekTimeFormat24","$v":"%H uur"},{"$i":"weekDayFormat","$v":"%A de %d"},{"$i":"alldayLongTimeFormat","$v":"%A %B %d gehele dag"},{"$i":"dayHour12","$v":"%I %p"},{"$i":"dayHour24","$v":"%H uur"},{"$i":"longDateTime12","$v":"%I %p, %a, %d %b, %Y"},{"$i":"longDateTime24","$v":"%H, %a, %d %b, %Y"},{"$i":"upcoming-events","$v":"Aanstaande gebeurtenissen"},{"$i":"search-results","$v":"Zoekresultaten"},{"$i":"no-event-found","$v":"Geen gebeurtenissen gevonden"},{"$i":"longDateTimeNew12","$v":"%a, %B %e, %Y, %I:%M %p"},{"$i":"longDateTimeNew24","$v":"%a, %B %e, %Y, %H:%M"},{"$i":"error-start-date-after-end-date","$v":"De gebeurtenis kan niet vóór de startdatum eindigen."},{"$i":"error-start-time-after-end-time","$v":"De gebeurtenis kan niet vóór de starttijd eindigen."},{"$i":"error-unauthenticated","$v":"Gebruikersnaam of wachtwoord onjuist. Probeer het opnieuw."},{"$i":"error-internal-server-error","$v":"Serverfout. Probeer het opnieuw."},{"$i":"error-unkown","$v":"Server niet beschikbaar. Probeer het later opnieuw."},{"$i":"error-default","$v":"Er is iets misgegaan. Probeer het later opnieuw."},{"$i":"error-offline","$v":"Kan geen verbinding maken met internet. U kunt wifi of mobiele data gebruiken voor toegang tot internet."},{"$i":"error-account-exist","$v":"Dit account bestaat al."},{"$i":"error-confirmation-title","$v":"Fout"},{"$i":"error-edit-online-event","$v":"Onlinegebeurtenis kan niet worden bewerkt omdat er geen internetverbinding is."},{"$i":"error-delete-online-event","$v":"Onlinegebeurtenis kan niet worden verwijderd omdat er geen internetverbinding is."},{"$i":"notification-error-sync-title","$v":"Fout bij synchroniseren van agenda"},{"$i":"notification-error-sync-description","$v":"Tik voor meer informatie"},{"$i":"notification-error-caldav-sync-title","$v":"Accountfout"},{"$i":"notification-error-caldav-sync-description","$v":"Opnieuw aanmelden"},{"$i":"weekday-0-single-char","$v":"Z","ariaLabel":"zondag"},{"$i":"weekday-1-single-char","$v":"M","ariaLabel":"maandag"},{"$i":"weekday-2-single-char","$v":"D","ariaLabel":"dinsdag"},{"$i":"weekday-3-single-char","$v":"W","ariaLabel":"woensdag"},{"$i":"weekday-4-single-char","$v":"D","ariaLabel":"donderdag"},{"$i":"weekday-5-single-char","$v":"V","ariaLabel":"vrijdag"},{"$i":"weekday-6-single-char","$v":"Z","ariaLabel":"zaterdag"},{"$i":"busy","$v":{"few":[{"t":"idOrVar","v":"n"}," gebeurtenissen"],"many":[{"t":"idOrVar","v":"n"}," gebeurtenissen"],"one":[{"t":"idOrVar","v":"n"}," gebeurtenis"],"other":[{"t":"idOrVar","v":"n"}," gebeurtenissen"],"two":[{"t":"idOrVar","v":"n"}," gebeurtenissen"],"zero":"Geen afspraken"},"$x":[{"t":"idOrVar","v":"plural"},"n"]},{"$i":"present","ariaLabel":"Vandaag"},{"$i":"past-other-month-description","ariaLabel":"Andere maand"},{"$i":"future-other-month-description","ariaLabel":"Andere maand"},{"$i":"icon-calendar-alarm","ariaLabel":"Heeft alarm"},{"$i":"calendars","ariaLabel":"Agenda's"},{"$i":"multi-day-new-event-link","ariaLabel":"Gebeurtenis toevoegen"},{"$i":"title","ariaLabel":"Titel"},{"$i":"location","ariaLabel":"Locatie"},{"$i":"duration","ariaLabel":"Duur"},{"$i":"calendar","ariaLabel":"Agenda"},{"$i":"alarms","ariaLabel":"Alarmen"},{"$i":"description","ariaLabel":"Beschrijving"},{"$i":"start-date","ariaLabel":"Startdatum"},{"$i":"start-time","ariaLabel":"Starttijd"},{"$i":"end-date","ariaLabel":"Einddatum"},{"$i":"end-time","ariaLabel":"Eindtijd"},{"$i":"during-progress-loading","ariaValueText":"Bezig met laden"},{"$i":"all-day","ariaLabel":"Gehele dag"},{"$i":"create-event","ariaLabel":"Gebeurtenis maken"},{"$i":"create-all-day-event","ariaLabel":"Gebeurtenis maken die hele dag duurt"},{"$i":"event-one-day-duration","ariaLabel":["van ",{"t":"idOrVar","v":"startTime"}," tot ",{"t":"idOrVar","v":"endTime"}]},{"$i":"week-event-one-day-duration","ariaLabel":[{"t":"idOrVar","v":"startDate"}," van ",{"t":"idOrVar","v":"startTime"}," tot ",{"t":"idOrVar","v":"endTime"}]},{"$i":"event-multiple-day-duration","ariaLabel":["Van ",{"t":"idOrVar","v":"startTime"}," ",{"t":"idOrVar","v":"startDate"}," tot ",{"t":"idOrVar","v":"endTime"}," ",{"t":"idOrVar","v":"endDate"}]},{"$i":"kai-event-added","$v":"Gebeurtenis toegevoegd."},{"$i":"kai-event-updated","$v":"Gebeurtenis bijgewerkt."},{"$i":"kai-event-deleted","$v":"Gebeurtenis verwijderd."},{"$i":"kai-change-save","$v":"Wijzigingen opgeslagen"},{"$i":"event-sync-failure","$v":"Synchroniseren niet mogelijk"},{"$i":"kai-event-calendar","$v":"Agenda"},{"$i":"kai-single-event","$v":"afspraak"},{"$i":"kai-event-count","$v":"afspraken"},{"$i":"kai-sync-progress-syncing","$v":"Synchroniseren"},{"$i":"kai-sync-progress-complete","$v":"Actuele agenda."},{"$i":"kai-settings-sounds","$v":"Geluiden"},{"$i":"kai-tones","$v":"Tonen"},{"$i":"kai-multi-events","$v":"Afspraken"},{"$i":"kai-confirmation-title","$v":"Bevestiging"},{"$i":"kai-delete-selectedEvent-confirmation","$v":"Geselecteerde gebeurtenis verwijderen?"},{"$i":"kai-deleteEvent-confirmation","$v":"Gebeurtenis verwijderen?"},{"$i":"kai-event-search-header","$v":"Zoeken","placeholder":"Zoeken"},{"$i":"kai-event-search-upcoming-events","$v":"Aanstaande gebeurtenissen"},{"$i":"kai-delete","$v":"Verwijderen"},{"$i":"kai-cancel","$v":"Annuleren"},{"$i":"kai-dialog-delete-sel","$v":"Weet u zeker dat u de geselecteerde gebeurtenis wilt verwijderen?"},{"$i":"kai-delete-title","$v":"Gebeurtenis verwijderen"},{"$i":"kai-save-changes","$v":"Wijzigingen opslaan?"},{"$i":"kai-save-message-back","$v":"Alle ingevoerde gegevens gaan verloren. Wilt u de wijzigingen opslaan?"},{"$i":"kai-save-message-close","$v":"Applicatie wordt gesloten en er gaan gegevens verloren. Wilt u de wijzigingen opslaan?"},{"$i":"yes","$v":"Ja"},{"$i":"no","$v":"Nee"},{"$i":"confirmation","$v":"Bevestiging"},{"$i":"ok","$v":"OK"},{"$i":"delete-event","$v":"Geselecteerde gebeurtenis verwijderen?"},{"$i":"edit-event-no-net","$v":"Online gebeurtenis wijzigen mislukt omdat er geen internetverbinding is."},{"$i":"kai-settings-header","$v":"Agenda om weer te geven"},{"$i":"kai-syncing","$v":"Synchroniseren..."},{"$i":"kai-syncing-header","$v":"Accountsynchronisatie"},{"$i":"select","$v":"Selecteer"},{"$i":"add-event","$v":"Toevoegen"},{"$i":"week-view","$v":"Weekweergave"},{"$i":"day-view","$v":"Dagweergave"},{"$i":"month-view","$v":"Maandweergave"},{"$i":"today","$v":"Vandaag"},{"$i":"go","$v":"Ga naar datum"},{"$i":"search","$v":"Zoeken"},{"$i":"calendar-to-display","$v":"Agenda om weer te geven"},{"$i":"settings","$v":"Instellingen"},{"$i":"delete","$v":"Verwijderen"},{"$i":"enter","$v":"Invoeren"},{"$i":"sync-calendar","$v":"Agenda synchroniseren"},{"$i":"lunar-calendar","$v":"Maan-dag"},{"$i":"present-description","$v":["Vandaag ",{"t":"idOrVar","v":"weekday"}," de ",{"t":"idOrVar","v":"date"},"e"]},{"$i":"day-description","$v":[{"t":"idOrVar","v":"weekday"}," de ",{"t":"idOrVar","v":"date"},"e"]},{"$i":"weekday-5","$v":"vrijdag"},{"$i":"weekday-4","$v":"donderdag"},{"$i":"weekday-3","$v":"woensdag"},{"$i":"weekday-2","$v":"dinsdag"},{"$i":"weekday-1","$v":"maandag"},{"$i":"weekday-0","$v":"zondag"},{"$i":"weekday-6","$v":"zaterdag"},{"$i":"no-title","$v":"(Geen titel)"},{"$i":"weekday-0-long","$v":"zondag"},{"$i":"weekday-1-long","$v":"maandag"},{"$i":"weekday-2-long","$v":"dinsdag"},{"$i":"weekday-3-long","$v":"woensdag"},{"$i":"weekday-4-long","$v":"donderdag"},{"$i":"weekday-5-long","$v":"vrijdag"},{"$i":"weekday-6-long","$v":"zaterdag"},{"$i":"weekday-0-short","$v":"Zon"},{"$i":"weekday-1-short","$v":"Maa"},{"$i":"weekday-2-short","$v":"Din"},{"$i":"weekday-3-short","$v":"Woe"},{"$i":"weekday-4-short","$v":"Don"},{"$i":"weekday-5-short","$v":"Vrij"},{"$i":"weekday-6-short","$v":"Zat"},{"$i":"month-0-long","$v":"januari"},{"$i":"month-1-long","$v":"februari"},{"$i":"month-2-long","$v":"maart"},{"$i":"month-3-long","$v":"april"},{"$i":"month-4-long","$v":"mei"},{"$i":"month-5-long","$v":"juni"},{"$i":"month-6-long","$v":"juli"},{"$i":"month-7-long","$v":"augustus"},{"$i":"month-8-long","$v":"september"},{"$i":"month-9-long","$v":"oktober"},{"$i":"month-10-long","$v":"november"},{"$i":"month-11-long","$v":"december"},{"$i":"month-0-genitive","$v":"januari"},{"$i":"month-1-genitive","$v":"februari"},{"$i":"month-2-genitive","$v":"maart"},{"$i":"month-3-genitive","$v":"april"},{"$i":"month-4-genitive","$v":"mei"},{"$i":"month-5-genitive","$v":"juni"},{"$i":"month-6-genitive","$v":"juli"},{"$i":"month-7-genitive","$v":"augustus"},{"$i":"month-8-genitive","$v":"september"},{"$i":"month-9-genitive","$v":"oktober"},{"$i":"month-10-genitive","$v":"november"},{"$i":"month-11-genitive","$v":"december"},{"$i":"month-0-short","$v":"Jan"},{"$i":"month-1-short","$v":"Feb"},{"$i":"month-2-short","$v":"Maa"},{"$i":"month-3-short","$v":"Apr"},{"$i":"month-4-short","$v":"mei"},{"$i":"month-5-short","$v":"Jun"},{"$i":"month-6-short","$v":"Jul"},{"$i":"month-7-short","$v":"Aug"},{"$i":"month-8-short","$v":"Sep"},{"$i":"month-9-short","$v":"Okt"},{"$i":"month-10-short","$v":"Nov"},{"$i":"month-11-short","$v":"Dec"},{"$i":"minutes-ago-long","$v":{"few":[{"t":"idOrVar","v":"value"}," minuten geleden"],"many":[{"t":"idOrVar","v":"value"}," minuten geleden"],"one":"een minuut geleden","other":[{"t":"idOrVar","v":"value"}," minuten geleden"],"two":[{"t":"idOrVar","v":"value"}," minuten geleden"],"zero":"zojuist"},"$x":[{"t":"idOrVar","v":"plural"},"value"]},{"$i":"hours-ago-long","$v":{"few":[{"t":"idOrVar","v":"value"}," uur geleden"],"many":[{"t":"idOrVar","v":"value"}," uur geleden"],"one":"een uur geleden","other":[{"t":"idOrVar","v":"value"}," uur geleden"],"two":[{"t":"idOrVar","v":"value"}," uur geleden"],"zero":"zojuist"},"$x":[{"t":"idOrVar","v":"plural"},"value"]},{"$i":"days-ago-long","$v":{"few":[{"t":"idOrVar","v":"value"}," dagen geleden"],"many":[{"t":"idOrVar","v":"value"}," dagen geleden"],"one":"gisteren","other":[{"t":"idOrVar","v":"value"}," dagen geleden"],"two":[{"t":"idOrVar","v":"value"}," dagen geleden"],"zero":"vandaag"},"$x":[{"t":"idOrVar","v":"plural"},"value"]},{"$i":"weeks-ago-long","$v":{"few":[{"t":"idOrVar","v":"value"}," weken geleden"],"many":[{"t":"idOrVar","v":"value"}," weken geleden"],"one":"vorige week","other":[{"t":"idOrVar","v":"value"}," weken geleden"],"two":[{"t":"idOrVar","v":"value"}," weken geleden"],"zero":"deze week"},"$x":[{"t":"idOrVar","v":"plural"},"value"]},{"$i":"months-ago-long","$v":{"few":[{"t":"idOrVar","v":"value"}," maanden geleden"],"many":[{"t":"idOrVar","v":"value"}," maanden geleden"],"one":"vorige maand","other":[{"t":"idOrVar","v":"value"}," maanden geleden"],"two":[{"t":"idOrVar","v":"value"}," maanden geleden"],"zero":"deze maand"},"$x":[{"t":"idOrVar","v":"plural"},"value"]},{"$i":"years-ago-long","$v":{"few":[{"t":"idOrVar","v":"value"}," jaar geleden"],"many":[{"t":"idOrVar","v":"value"}," jaar geleden"],"one":"vorig jaar","other":[{"t":"idOrVar","v":"value"}," jaar geleden"],"two":[{"t":"idOrVar","v":"value"}," jaar geleden"],"zero":"dit jaar"},"$x":[{"t":"idOrVar","v":"plural"},"value"]},{"$i":"minutes-until-long","$v":{"few":["over ",{"t":"idOrVar","v":"value"}," minuten"],"many":["over ",{"t":"idOrVar","v":"value"}," minuten"],"one":"over een minuut","other":["over ",{"t":"idOrVar","v":"value"}," minuten"],"two":["over ",{"t":"idOrVar","v":"value"}," minuten"],"zero":"nu"},"$x":[{"t":"idOrVar","v":"plural"},"value"]},{"$i":"hours-until-long","$v":{"few":["over ",{"t":"idOrVar","v":"value"}," uur"],"many":["over ",{"t":"idOrVar","v":"value"}," uur"],"one":"over een uur","other":["over ",{"t":"idOrVar","v":"value"}," uur"],"two":["over ",{"t":"idOrVar","v":"value"}," uur"],"zero":"nu"},"$x":[{"t":"idOrVar","v":"plural"},"value"]},{"$i":"days-until-long","$v":{"few":["over ",{"t":"idOrVar","v":"value"}," dagen"],"many":["over ",{"t":"idOrVar","v":"value"}," dagen"],"one":"morgen","other":["over ",{"t":"idOrVar","v":"value"}," dagen"],"two":["over ",{"t":"idOrVar","v":"value"}," dagen"],"zero":"vandaag"},"$x":[{"t":"idOrVar","v":"plural"},"value"]},{"$i":"weeks-until-long","$v":{"few":["over ",{"t":"idOrVar","v":"value"}," weken"],"many":["over ",{"t":"idOrVar","v":"value"}," weken"],"one":"volgende week","other":["over ",{"t":"idOrVar","v":"value"}," weken"],"two":["over ",{"t":"idOrVar","v":"value"}," weken"],"zero":"deze week"},"$x":[{"t":"idOrVar","v":"plural"},"value"]},{"$i":"months-until-long","$v":{"few":["over ",{"t":"idOrVar","v":"value"}," maanden"],"many":["over ",{"t":"idOrVar","v":"value"}," maanden"],"one":"volgende maand","other":["over ",{"t":"idOrVar","v":"value"}," maanden"],"two":["over ",{"t":"idOrVar","v":"value"}," maanden"],"zero":"deze maand"},"$x":[{"t":"idOrVar","v":"plural"},"value"]},{"$i":"years-until-long","$v":{"few":["over ",{"t":"idOrVar","v":"value"}," jaar"],"many":["over ",{"t":"idOrVar","v":"value"}," jaar"],"one":"volgend jaar","other":["over ",{"t":"idOrVar","v":"value"}," jaar"],"two":["over ",{"t":"idOrVar","v":"value"}," jaar"],"zero":"dit jaar"},"$x":[{"t":"idOrVar","v":"plural"},"value"]},{"$i":"minutes-ago-short","$v":{"other":[{"t":"idOrVar","v":"value"},"m geleden"],"zero":"zojuist"},"$x":[{"t":"idOrVar","v":"plural"},"value"]},{"$i":"hours-ago-short","$v":{"other":[{"t":"idOrVar","v":"value"},"u geleden"],"zero":"zojuist"},"$x":[{"t":"idOrVar","v":"plural"},"value"]},{"$i":"days-ago-short","$v":{"other":[{"t":"idOrVar","v":"value"},"d geleden"],"zero":"vandaag"},"$x":[{"t":"idOrVar","v":"plural"},"value"]},{"$i":"minutes-until-short","$v":{"other":["over ",{"t":"idOrVar","v":"value"},"m"],"zero":"nu"},"$x":[{"t":"idOrVar","v":"plural"},"value"]},{"$i":"hours-until-short","$v":{"other":["over ",{"t":"idOrVar","v":"value"},"u"],"zero":"nu"},"$x":[{"t":"idOrVar","v":"plural"},"value"]},{"$i":"days-until-short","$v":{"other":["over ",{"t":"idOrVar","v":"value"},"d"],"zero":"vandaag"},"$x":[{"t":"idOrVar","v":"plural"},"value"]},{"$i":"incorrectDate","$v":"(onjuiste datum)"},{"$i":"dateTimeFormat_%c","$v":"%a %b %e %Y %I:%M:%S %p"},{"$i":"dateTimeFormat_%x","$v":"%m/%d/%Y"},{"$i":"dateTimeFormat_%X","$v":"%I:%M:%S %p"},{"$i":"shortTimeFormat","$v":"%I:%M %p"},{"$i":"shortTimeFormat12","$v":"%I:%M %p"},{"$i":"shortTimeFormat24","$v":"%H:%M"},{"$i":"shortDateTimeFormat","$v":"%x %I:%M %p"},{"$i":"weekStartsOnMonday","$v":"0.0"},{"$i":"firstDayOfTheWeek","$v":"1.0"},{"$i":"time_am","$v":"AM"},{"$i":"time_pm","$v":"PM"},{"$i":"softkey-options","$v":"Opties"}]