[{"$i":"back","$v":"Wstecz"},{"$i":"save","$v":"Zapisz"},{"$i":"cancel","$v":"Anuluj"},{"$i":"next","$v":"Dalej"},{"$i":"hide","$v":"Ukryj"},{"$i":"confirm","$v":"Potwierdź"},{"$i":"done","$v":"Gotowe"},{"$i":"events","$v":"Przypomnienie o wydarzeniach"},{"$i":"edit","$v":"Edytuj"},{"$i":"allday-events","$v":"Dzienne przypomnienie"},{"$i":"no-events","$v":"Brak wydarzeń"},{"$i":"default","$v":"Domyślnie"},{"$i":"sync","$v":"Synchronizacja"},{"$i":"repeat","$v":"Powtarzaj"},{"$i":"never","$v":"Nigdy"},{"$i":"every-day","$v":"Codziennie"},{"$i":"every-week","$v":"Co tydzień"},{"$i":"every-2-weeks","$v":"Co 2 tygodnie"},{"$i":"every-month","$v":"Co miesiąc"},{"$i":"view-never","$v":"Powtarzaj: Nigdy"},{"$i":"view-every-day","$v":"Powtarzaj: Codziennie"},{"$i":"view-every-week","$v":"Powtarzaj: Co tydzień"},{"$i":"view-every-2-weeks","$v":"Powtarzaj: Co dwa tygodnie"},{"$i":"view-every-month","$v":"Powtarzaj: Co miesiąc"},{"$i":"repeat-event-header","$v":"To wydarzenie powtarza się."},{"$i":"delete-this-only","$v":"Usuń tylko to wydarzenie"},{"$i":"delete-all","$v":"Usuń wszystkie"},{"$i":"event-edit-all","$v":"Edytuj wszystkie wydarzenia"},{"$i":"event-edit-all-future","$v":"Edytuj wszystkie nadchodzące wydarzenia"},{"$i":"options","$v":"Opcje"},{"$i":"event-delete-all","$v":"Usuń wszystkie"},{"$i":"event-delete-all-future","$v":"Usuń wszystkie nadchodzące wydarzenia"},{"$i":"delete-account","$v":"Usuń konto"},{"$i":"exchange-account","$v":"ActiveSync"},{"$i":"account-user-name","$v":"Nazwa użytkownika"},{"$i":"incorrect-password-description","$v":"Nie można zalogować się do serwera. Upewnij się, że hasło jest prawidłowe."},{"$i":"incorrect-password","$v":"Błędne hasło, spróbuj ponownie."},{"$i":"account-duplicate","$v":"Konto już istnieje. Synchronizacja włączona."},{"$i":"error-account","$v":"Serwer jest niedostępny. Spróbuj ponownie później."},{"$i":"error-access-denied","$v":"Wystąpił nieznany błąd, spróbuj ponownie później."},{"$i":"error-time-out","$v":["Nie udało się nawiązać połączenia z „",{"t":"idOrVar","v":"server"},"”. Możliwe, że wystąpił problem z siecią."]},{"$i":"caldav-account-exist","$v":"Konto już istnieje."},{"$i":"save-password","$v":"Zapisano hasło."},{"$i":"account-login","$v":"Logowanie do konta"},{"$i":"setting-up-account","$v":"Konfiguracja konta"},{"$i":"setup-account-usedInfo","$v":"To konto wykorzystywane będzie przez poniższe aplikacje. Ustawienia te można zmienić w menu Ustawienia>Aplikacje."},{"$i":"app-calendar","$v":"Kalendarz"},{"$i":"show-today","$v":"Dzisiaj"},{"$i":"show-month-view","$v":"Miesiąc"},{"$i":"show-week-view","$v":"Tydzień"},{"$i":"show-day-view","$v":"Dzień"},{"$i":"settings-show","$v":"Ustawienia"},{"$i":"settings-hide","$v":"Ukryj ustawienia"},{"$i":"add-account","$v":"Dodaj konto"},{"$i":"new-event","$v":"Dodaj wydarzenie"},{"$i":"view-event-header","$v":"Szczegóły wydarzenia"},{"$i":"new-event-header","$v":"Dodaj wydarzenie"},{"$i":"edit-event-header","$v":"Edytuj wydarzenie"},{"$i":"account-header","$v":"Konto"},{"$i":"account-list-header","$v":"Konta"},{"$i":"advanced-settings-short-icon-button","ariaLabel":"Ustawienia"},{"$i":"advanced-settings-header","$v":"Ustawienia kalendarza"},{"$i":"advanced-settings-personalization","$v":"Częstotliwość aktualizacji"},{"$i":"advanced-settings-reminders","$v":"Przypomnienie"},{"$i":"advanced-settings-add-account","$v":"Dodaj konto"},{"$i":"field-user","$v":"Nazwa użytkownika"},{"$i":"field-password","$v":"Hasło"},{"$i":"show-password","$v":"Pokaż hasło"},{"$i":"field-full-url","$v":"URL"},{"$i":"modify-account-setting-up","$v":"Zaczekaj na ukończenie konfiguracji konta"},{"$i":"modify-account-unable-to-sync","$v":"Nie można zsynchronizować"},{"$i":"modify-account-sign-in","$v":"Zaloguj się"},{"$i":"kai-caldav","$v":"CalDav"},{"$i":"kai-yahoo","$v":"Yahoo!"},{"$i":"kai-google","$v":"Google"},{"$i":"preset-mozilla","$v":"Mozilla Zimbra"},{"$i":"calendar-local","$v":"Kalendarz w telefonie"},{"$i":"event-title","$v":"Tytuł"},{"$i":"event-location","$v":"Lokalizacja"},{"$i":"event-description","$v":"Notatki"},{"$i":"event-is-allday","$v":"Wydarzenie całodniowe"},{"$i":"event-start-date","$v":"Data rozpoczęcia"},{"$i":"event-end-date","$v":"Data zakończenia"},{"$i":"event-start-time","$v":"Czas rozpoczęcia"},{"$i":"event-end-time","$v":"Czas zakończenia"},{"$i":"event-delete","$v":"Usuń wydarzenie"},{"$i":"event-is-deleting","$v":"Usuwanie…"},{"$i":"remove-account-data","$v":"Usuń konto"},{"$i":"remove-account-dialog","$v":"Usuń konto"},{"$i":"remove-account-dialog-details","$v":["Usunąć „",{"t":"idOrVar","v":"email"},"” z urządzenia?"]},{"$i":"remove","$v":"Usuń"},{"$i":"drawer-sync-icon-button","ariaLabel":"Synchronizacja"},{"$i":"sync-progress-syncing","ariaValueText":"Synchronizacja"},{"$i":"sync-progress-complete","ariaValueText":"Synchronizacja zakończona"},{"$i":"sync-frequency","$v":"Synchronizacja kalendarza"},{"$i":"sync-frequency-15min","$v":"Co 15 minut"},{"$i":"sync-frequency-30min","$v":"Co 30 minut"},{"$i":"sync-frequency-manual","$v":"Ręcznie"},{"$i":"from","$v":"Od"},{"$i":"to","$v":"Do"},{"$i":"one-day-duration-title","$v":[{"t":"idOrVar","v":"startDate"}]},{"$i":"one-day-duration-content","$v":["Od ",{"t":"idOrVar","v":"startTime"}," do ",{"t":"idOrVar","v":"endTime"}]},{"$i":"multiple-day-duration-title","$v":[{"t":"idOrVar","v":"startTime"}," ",{"t":"idOrVar","v":"startDate"}]},{"$i":"multiple-day-duration-content","$v":[{"t":"idOrVar","v":"endTime"}," ",{"t":"idOrVar","v":"endDate"}]},{"$i":"one-all-day-duration-title","$v":[{"t":"idOrVar","v":"startDate"}]},{"$i":"all-day-duration-content","$v":"Wydarzenie całodniowe"},{"$i":"multiple-all-day-duration-title","$v":["Od ",{"t":"idOrVar","v":"startDate"}]},{"$i":"multiple-all-day-duration-content","$v":["Do ",{"t":"idOrVar","v":"endDate"}]},{"$i":"none","$v":"Brak"},{"$i":"reminder","$v":"Przypomnienie o wydarzeniach"},{"$i":"remind-me","$v":"Przypomnij mi"},{"$i":"alarm-at-event-standard","$v":"O godzinie wydarzenia"},{"$i":"alarm-at-event-allday","$v":"W dniu wydarzenia"},{"$i":"alarm-at-event-allday-hour12","$v":"W dniu wydarzenia (9:00)"},{"$i":"alarm-at-event-allday-hour24","$v":"W dniu wydarzenia (09:00)"},{"$i":"alarm-start-notice","$v":[{"t":"idOrVar","v":"title"}," zacznię się ",{"t":"idOrVar","v":"distance"}]},{"$i":"alarm-started-notice","$v":[{"t":"idOrVar","v":"title"}," rozpoczęło się ",{"t":"idOrVar","v":"distance"}]},{"$i":"alarm-start-notice-two-days","$v":[{"t":"idOrVar","v":"title"}," zaczyna się za dwa dni"]},{"$i":"alarm-start-notice-few-days","$v":[{"t":"idOrVar","v":"title"}," zaczyna się za ",{"t":"idOrVar","v":"distance"}]},{"$i":"days-before-hour12","$v":{"few":[{"t":"idOrVar","v":"value"}," dni wcześniej (9:00)"],"many":[{"t":"idOrVar","v":"value"}," dni wcześniej (9:00)"],"one":"1 dzień wcześniej (9:00)","other":[{"t":"idOrVar","v":"value"}," dni wcześniej (9:00)"],"two":[{"t":"idOrVar","v":"value"}," dni wcześniej (9:00)"],"zero":"0 dni wcześniej (9:00)"},"$x":[{"t":"idOrVar","v":"plural"},"value"]},{"$i":"weeks-before-hour12","$v":{"few":[{"t":"idOrVar","v":"value"}," tygodni wcześniej (9:00)"],"many":[{"t":"idOrVar","v":"value"}," tygodni wcześniej (9:00)"],"one":"1 tydzień wcześniej (9:00)","other":[{"t":"idOrVar","v":"value"}," tygodni wcześniej (9:00)"],"two":[{"t":"idOrVar","v":"value"}," tygodni wcześniej (9:00)"],"zero":"0 tygodni wcześniej (9:00)"},"$x":[{"t":"idOrVar","v":"plural"},"value"]},{"$i":"days-before-hour24","$v":{"few":[{"t":"idOrVar","v":"value"}," dni wcześniej (09:00)"],"many":[{"t":"idOrVar","v":"value"}," dni wcześniej (09:00)"],"one":"1 dzień wcześniej (09:00)","other":[{"t":"idOrVar","v":"value"}," dni wcześniej (09:00)"],"two":[{"t":"idOrVar","v":"value"}," dni wcześniej (09:00)"],"zero":"0 dni wcześniej (09:00)"},"$x":[{"t":"idOrVar","v":"plural"},"value"]},{"$i":"weeks-before-hour24","$v":{"few":[{"t":"idOrVar","v":"value"}," tygodni wcześniej (09:00)"],"many":[{"t":"idOrVar","v":"value"}," tygodni wcześniej (09:00)"],"one":"1 tydzień wcześniej (09:00)","other":[{"t":"idOrVar","v":"value"}," tygodni wcześniej (09:00)"],"two":[{"t":"idOrVar","v":"value"}," tygodni wcześniej (09:00)"],"zero":"0 tygodni wcześniej (09:00)"},"$x":[{"t":"idOrVar","v":"plural"},"value"]},{"$i":"minutes-before","$v":{"few":[{"t":"idOrVar","v":"value"}," minut wcześniej"],"many":[{"t":"idOrVar","v":"value"}," minut wcześniej"],"one":"1 minutę temu","other":[{"t":"idOrVar","v":"value"}," minut wcześniej"],"two":[{"t":"idOrVar","v":"value"}," minut wcześniej"],"zero":"0 minut temu"},"$x":[{"t":"idOrVar","v":"plural"},"value"]},{"$i":"hours-before","$v":{"few":[{"t":"idOrVar","v":"value"}," godzin(y) temu"],"many":[{"t":"idOrVar","v":"value"}," godzin(y) temu"],"one":"1 godzinię wcześniej","other":[{"t":"idOrVar","v":"value"}," godzin(y) temu"],"two":"2 godziny wcześniej","zero":"0 godzin temu"},"$x":[{"t":"idOrVar","v":"plural"},"value"]},{"$i":"days-before","$v":{"few":[{"t":"idOrVar","v":"value"}," dni temu"],"many":[{"t":"idOrVar","v":"value"}," dni temu"],"one":"1 dzień wcześniej","other":[{"t":"idOrVar","v":"value"}," dni temu"],"two":[{"t":"idOrVar","v":"value"}," dni wcześniej"],"zero":"0 dni temu"},"$x":[{"t":"idOrVar","v":"plural"},"value"]},{"$i":"weeks-before","$v":{"few":[{"t":"idOrVar","v":"value"}," tygodni(e) temu"],"many":[{"t":"idOrVar","v":"value"}," tygodni(e) temu"],"one":"1 tydzień wcześniej","other":[{"t":"idOrVar","v":"value"}," tygodni(e) temu"],"two":[{"t":"idOrVar","v":"value"}," tygodnie wcześniej"],"zero":"0 tygodni temu"},"$x":[{"t":"idOrVar","v":"plural"},"value"]},{"$i":"months-before","$v":{"few":[{"t":"idOrVar","v":"value"}," miesiące/miesięcy temu"],"many":[{"t":"idOrVar","v":"value"}," miesiące/miesięcy temu"],"one":"1 miesiąc temu","other":[{"t":"idOrVar","v":"value"}," miesiące/miesięcy temu"],"two":[{"t":"idOrVar","v":"value"}," miesiące/miesięcy temu"],"zero":"0 miesięcy temu"},"$x":[{"t":"idOrVar","v":"plural"},"value"]},{"$i":"years-before","$v":{"few":[{"t":"idOrVar","v":"value"}," lat(a) temu"],"many":[{"t":"idOrVar","v":"value"}," lat(a) temu"],"one":"1 rok temu","other":[{"t":"idOrVar","v":"value"}," lat(a) temu"],"two":[{"t":"idOrVar","v":"value"}," lat(a) temu"],"zero":"0 lat temu"},"$x":[{"t":"idOrVar","v":"plural"},"value"]},{"$i":"minutes-after","$v":{"few":["za ",{"t":"idOrVar","v":"value"}," minut(y)"],"many":["za ",{"t":"idOrVar","v":"value"}," minut(y)"],"one":"za 1 minutę","other":["za ",{"t":"idOrVar","v":"value"}," minut(y)"],"two":["za ",{"t":"idOrVar","v":"value"}," minut(y)"],"zero":"za 0 minut"},"$x":[{"t":"idOrVar","v":"plural"},"value"]},{"$i":"hours-after","$v":{"few":["za ",{"t":"idOrVar","v":"value"}," godzin(y)"],"many":["za ",{"t":"idOrVar","v":"value"}," godzin(y)"],"one":"za 1 godzinę","other":["za ",{"t":"idOrVar","v":"value"}," godzin(y)"],"two":["za ",{"t":"idOrVar","v":"value"}," godzin(y)"],"zero":"za 0 godzin"},"$x":[{"t":"idOrVar","v":"plural"},"value"]},{"$i":"days-after","$v":{"few":["za ",{"t":"idOrVar","v":"value"}," dni"],"many":["za ",{"t":"idOrVar","v":"value"}," dni"],"one":"za 1 dzień","other":["za ",{"t":"idOrVar","v":"value"}," dni"],"two":["za ",{"t":"idOrVar","v":"value"}," dni"],"zero":"za 0 dni"},"$x":[{"t":"idOrVar","v":"plural"},"value"]},{"$i":"weeks-after","$v":{"few":["za ",{"t":"idOrVar","v":"value"}," tygodni(e)"],"many":["za ",{"t":"idOrVar","v":"value"}," tygodni(e)"],"one":"za 1 tydzień","other":["za ",{"t":"idOrVar","v":"value"}," tygodni(e)"],"two":["za ",{"t":"idOrVar","v":"value"}," tygodni(e)"],"zero":"za 0 tygodni"},"$x":[{"t":"idOrVar","v":"plural"},"value"]},{"$i":"months-after","$v":{"few":["za ",{"t":"idOrVar","v":"value"}," miesiące/miesięcy"],"many":["za ",{"t":"idOrVar","v":"value"}," miesiące/miesięcy"],"one":"za 1 miesiąc","other":["za ",{"t":"idOrVar","v":"value"}," miesiące/miesięcy"],"two":["za ",{"t":"idOrVar","v":"value"}," miesiące/miesięcy"],"zero":"za 0 miesięcy"},"$x":[{"t":"idOrVar","v":"plural"},"value"]},{"$i":"years-after","$v":{"few":["za ",{"t":"idOrVar","v":"value"}," lat(a)"],"many":["za ",{"t":"idOrVar","v":"value"}," lat(a)"],"one":"za 1 rok","other":["za ",{"t":"idOrVar","v":"value"}," lat(a)"],"two":["za ",{"t":"idOrVar","v":"value"}," lat(a)"],"zero":"za 0 lat"},"$x":[{"t":"idOrVar","v":"plural"},"value"]},{"$i":"hour-format12","$v":"%I %p"},{"$i":"hour-format24","$v":"%H"},{"$i":"week-hour-format12","$v":"%I %p"},{"$i":"week-hour-format24","$v":"%H"},{"$i":"hour-allday","$v":"Cały dzień"},{"$i":"kai-week-day","$v":"%a\\n%e"},{"$i":"current-time12","$v":"%I:%M"},{"$i":"current-time24","$v":"%H:%M"},{"$i":"multi-month-view-header-format","$v":"%B %Y"},{"$i":"day-view-header-format","$v":"%A, %B %e"},{"$i":"months-day-view-header-format","$v":"%A, %B %e"},{"$i":"months-day-view-header-format-small","$v":{"$o":"%a <br/> %b, %e"}},{"$i":"week-view-header-format","$v":["Tydzień ",{"t":"idOrVar","v":"value"},", %B %Y"]},{"$i":"longDateFormat","$v":"%A, %B %d, %Y"},{"$i":"longTimeFormat","$v":"%A %B %d"},{"$i":"longTimeFormat12","$v":"%A %B %d %I %p"},{"$i":"longTimeFormat24","$v":"%A %B %d %H"},{"$i":"weekTimeFormat12","$v":"%I %p"},{"$i":"weekTimeFormat24","$v":"godzina %H"},{"$i":"weekDayFormat","$v":"%A %d"},{"$i":"alldayLongTimeFormat","$v":"%A %B %d cały dzień"},{"$i":"dayHour12","$v":"%I %p"},{"$i":"dayHour24","$v":"godzina %H"},{"$i":"longDateTime12","$v":"%I %p, %a, %d %b, %Y"},{"$i":"longDateTime24","$v":"%H, %a, %d %b, %Y"},{"$i":"upcoming-events","$v":"Nadchodzące wydarzenia"},{"$i":"search-results","$v":"Wyniki wyszukiwania"},{"$i":"no-event-found","$v":"Nie znaleziono wydarzeń"},{"$i":"longDateTimeNew12","$v":"%a, %B %e, %Y, %I:%M %p"},{"$i":"longDateTimeNew24","$v":"%a, %B %e, %Y, %H:%M"},{"$i":"error-start-date-after-end-date","$v":"Wydarzenie nie może kończyć się przed datą rozpoczęcia."},{"$i":"error-start-time-after-end-time","$v":"Wydarzenie nie może kończyć się przed godziną rozpoczęcia."},{"$i":"error-unauthenticated","$v":"Nieprawidłowa nazwa użytkownika lub hasło, spróbuj ponownie."},{"$i":"error-internal-server-error","$v":"Błąd serwera, spróbuj ponownie."},{"$i":"error-unkown","$v":"Serwer niedostępny. Spróbuj ponownie później."},{"$i":"error-default","$v":"Coś poszło nie tak. Spróbuj ponownie później."},{"$i":"error-offline","$v":"Nie można połączyć z Internetem. Możesz uzyskać dostęp do Internetu, korzystając z Wi-Fi lub danych komórkowych."},{"$i":"error-account-exist","$v":"To konto już istnieje."},{"$i":"error-confirmation-title","$v":"Błąd"},{"$i":"error-edit-online-event","$v":"Nie udało się edytować wydarzenia online; brak połączenia internetowego."},{"$i":"error-delete-online-event","$v":"Nie udało się usunąć wydarzenia online; brak połączenia internetowego."},{"$i":"notification-error-sync-title","$v":"Błąd synchronizacji kalendarza"},{"$i":"notification-error-sync-description","$v":"Dotknij, aby wyświetlić więcej informacji"},{"$i":"notification-error-caldav-sync-title","$v":"Błąd konta"},{"$i":"notification-error-caldav-sync-description","$v":"Zaloguj się ponownie"},{"$i":"weekday-0-single-char","$v":"Ni","ariaLabel":"Niedziela"},{"$i":"weekday-1-single-char","$v":"Pn","ariaLabel":"Poniedziałek"},{"$i":"weekday-2-single-char","$v":"Wt","ariaLabel":"Wtorek"},{"$i":"weekday-3-single-char","$v":"Śr","ariaLabel":"Środa"},{"$i":"weekday-4-single-char","$v":"Cz","ariaLabel":"Czwartek"},{"$i":"weekday-5-single-char","$v":"Pt","ariaLabel":"Piątek"},{"$i":"weekday-6-single-char","$v":"So","ariaLabel":"Sobota"},{"$i":"busy","$v":{"few":["Liczba wydarzeń: ",{"t":"idOrVar","v":"n"}],"many":["Liczba wydarzeń: ",{"t":"idOrVar","v":"n"}],"one":[{"t":"idOrVar","v":"n"}," wydarzenie"],"other":["Liczba wydarzeń: ",{"t":"idOrVar","v":"n"}],"two":["Liczba wydarzeń: ",{"t":"idOrVar","v":"n"}],"zero":"Brak wydarzeń"},"$x":[{"t":"idOrVar","v":"plural"},"n"]},{"$i":"present","ariaLabel":"Dzisiaj"},{"$i":"past-other-month-description","ariaLabel":"Inny miesiąc"},{"$i":"future-other-month-description","ariaLabel":"Inny miesiąc"},{"$i":"icon-calendar-alarm","ariaLabel":"Alarm aktywny"},{"$i":"calendars","ariaLabel":"Kalendarze"},{"$i":"multi-day-new-event-link","ariaLabel":"Dodaj wydarzenie"},{"$i":"title","ariaLabel":"Tytuł"},{"$i":"location","ariaLabel":"Lokalizacja"},{"$i":"duration","ariaLabel":"Czas trwania"},{"$i":"calendar","ariaLabel":"Kalendarz"},{"$i":"alarms","ariaLabel":"Alarmy"},{"$i":"description","ariaLabel":"Opis"},{"$i":"start-date","ariaLabel":"Data rozpoczęcia"},{"$i":"start-time","ariaLabel":"Czas rozpoczęcia"},{"$i":"end-date","ariaLabel":"Data zakończenia"},{"$i":"end-time","ariaLabel":"Czas zakończenia"},{"$i":"during-progress-loading","ariaValueText":"Wczytywanie"},{"$i":"all-day","ariaLabel":"Cały dzień"},{"$i":"create-event","ariaLabel":"Utwórz wydarzenie"},{"$i":"create-all-day-event","ariaLabel":"Utwórz wydarzenie całodniowe"},{"$i":"event-one-day-duration","ariaLabel":["od ",{"t":"idOrVar","v":"startTime"}," do ",{"t":"idOrVar","v":"endTime"}]},{"$i":"week-event-one-day-duration","ariaLabel":[{"t":"idOrVar","v":"startDate"}," od ",{"t":"idOrVar","v":"startTime"}," do ",{"t":"idOrVar","v":"endTime"}]},{"$i":"event-multiple-day-duration","ariaLabel":["Od ",{"t":"idOrVar","v":"startTime"}," ",{"t":"idOrVar","v":"startDate"}," do ",{"t":"idOrVar","v":"endTime"}," ",{"t":"idOrVar","v":"endDate"}]},{"$i":"kai-event-added","$v":"Dodano wydarzenie."},{"$i":"kai-event-updated","$v":"Zaktualizowano wydarzenie."},{"$i":"kai-event-deleted","$v":"Usunięto wydarzenie."},{"$i":"kai-change-save","$v":"Zapisano zmiany"},{"$i":"event-sync-failure","$v":"Nie można zsynchronizować"},{"$i":"kai-event-calendar","$v":"Kalendarz"},{"$i":"kai-single-event","$v":"wydarzenie"},{"$i":"kai-event-count","$v":"wydarzenia"},{"$i":"kai-sync-progress-syncing","$v":"Synchronizacja"},{"$i":"kai-sync-progress-complete","$v":"Kalendarz jest aktualny."},{"$i":"kai-settings-sounds","$v":"Dźwięki"},{"$i":"kai-tones","$v":"Tony"},{"$i":"kai-multi-events","$v":"Wydarzenia"},{"$i":"kai-confirmation-title","$v":"Potwierdzenie"},{"$i":"kai-delete-selectedEvent-confirmation","$v":"Usunąć wybrane wydarzenie?"},{"$i":"kai-deleteEvent-confirmation","$v":"Usunąć wydarzenie?"},{"$i":"kai-event-search-header","$v":"Szukaj","placeholder":"Szukaj"},{"$i":"kai-event-search-upcoming-events","$v":"Nadchodzące wydarzenia"},{"$i":"kai-delete","$v":"Usuń"},{"$i":"kai-cancel","$v":"Anuluj"},{"$i":"kai-dialog-delete-sel","$v":"Czy na pewno chcesz usunąć wybrane wydarzenie?"},{"$i":"kai-delete-title","$v":"Usuń wydarzenie"},{"$i":"kai-save-changes","$v":"Zapisać zmiany?"},{"$i":"kai-save-message-back","$v":"Wszystkie wprowadzone dane zostaną utracone. Czy chcesz zapisać zmiany?"},{"$i":"kai-save-message-close","$v":"Aplikacja zostanie zamknięta i nastąpi utrata danych. Czy chcesz zapisać zmiany?"},{"$i":"yes","$v":"Tak"},{"$i":"no","$v":"Nie"},{"$i":"confirmation","$v":"Potwierdzenie"},{"$i":"ok","$v":"Ok"},{"$i":"delete-event","$v":"Usunąć wybrane wydarzenie?"},{"$i":"edit-event-no-net","$v":"Nie udało się edytować wydarzenia online; brak połączenia internetowego."},{"$i":"kai-settings-header","$v":"Kalendarz do wyświetlenia"},{"$i":"kai-syncing","$v":"Synchronizacja..."},{"$i":"kai-syncing-header","$v":"Synchronizacja kont"},{"$i":"select","$v":"Wybierz"},{"$i":"add-event","$v":"Dodaj"},{"$i":"week-view","$v":"Widok tygodnia"},{"$i":"day-view","$v":"Widok dnia"},{"$i":"month-view","$v":"Widok miesiąca"},{"$i":"today","$v":"Dzisiaj"},{"$i":"go","$v":"Przejdź do daty"},{"$i":"search","$v":"Szukaj"},{"$i":"calendar-to-display","$v":"Kalendarz do wyświetlenia"},{"$i":"settings","$v":"Ustawienia"},{"$i":"delete","$v":"Usuń"},{"$i":"enter","$v":"Wprowadź"},{"$i":"sync-calendar","$v":"Synchronizacja kalendarza"},{"$i":"lunar-calendar","$v":"Dzień księżycowy"},{"$i":"present-description","$v":["Dzisiaj, ",{"t":"idOrVar","v":"weekday"}," ",{"t":"idOrVar","v":"date"}]},{"$i":"day-description","$v":[{"t":"idOrVar","v":"weekday"}," ",{"t":"idOrVar","v":"date"}]},{"$i":"weekday-5","$v":"Piątek"},{"$i":"weekday-4","$v":"Czwartek"},{"$i":"weekday-3","$v":"Środa"},{"$i":"weekday-2","$v":"Wtorek"},{"$i":"weekday-1","$v":"Poniedziałek"},{"$i":"weekday-0","$v":"Niedziela"},{"$i":"weekday-6","$v":"Sobota"},{"$i":"no-title","$v":"(Brak tytułu)"},{"$i":"weekday-0-long","$v":"Niedziela"},{"$i":"weekday-1-long","$v":"Poniedziałek"},{"$i":"weekday-2-long","$v":"Wtorek"},{"$i":"weekday-3-long","$v":"Środa"},{"$i":"weekday-4-long","$v":"Czwartek"},{"$i":"weekday-5-long","$v":"Piątek"},{"$i":"weekday-6-long","$v":"Sobota"},{"$i":"weekday-0-short","$v":"Nd"},{"$i":"weekday-1-short","$v":"Pn"},{"$i":"weekday-2-short","$v":"Wt"},{"$i":"weekday-3-short","$v":"Śr"},{"$i":"weekday-4-short","$v":"Czw"},{"$i":"weekday-5-short","$v":"Pt"},{"$i":"weekday-6-short","$v":"Sob"},{"$i":"month-0-long","$v":"Styczeń"},{"$i":"month-1-long","$v":"Luty"},{"$i":"month-2-long","$v":"Marzec"},{"$i":"month-3-long","$v":"Kwiecień"},{"$i":"month-4-long","$v":"Maj"},{"$i":"month-5-long","$v":"Czerwiec"},{"$i":"month-6-long","$v":"Lipiec"},{"$i":"month-7-long","$v":"Sierpień"},{"$i":"month-8-long","$v":"Wrzesień"},{"$i":"month-9-long","$v":"Październik"},{"$i":"month-10-long","$v":"Listopad"},{"$i":"month-11-long","$v":"Grudzień"},{"$i":"month-0-genitive","$v":"Styczeń"},{"$i":"month-1-genitive","$v":"Luty"},{"$i":"month-2-genitive","$v":"Marzec"},{"$i":"month-3-genitive","$v":"Kwiecień"},{"$i":"month-4-genitive","$v":"Maj"},{"$i":"month-5-genitive","$v":"Czerwiec"},{"$i":"month-6-genitive","$v":"Lipiec"},{"$i":"month-7-genitive","$v":"Sierpień"},{"$i":"month-8-genitive","$v":"Wrzesień"},{"$i":"month-9-genitive","$v":"Październik"},{"$i":"month-10-genitive","$v":"Listopad"},{"$i":"month-11-genitive","$v":"Grudzień"},{"$i":"month-0-short","$v":"Sty"},{"$i":"month-1-short","$v":"Lut"},{"$i":"month-2-short","$v":"Mar"},{"$i":"month-3-short","$v":"Kwi"},{"$i":"month-4-short","$v":"Maj"},{"$i":"month-5-short","$v":"Cze"},{"$i":"month-6-short","$v":"Lip"},{"$i":"month-7-short","$v":"Sie"},{"$i":"month-8-short","$v":"Wrz"},{"$i":"month-9-short","$v":"Paź"},{"$i":"month-10-short","$v":"Lis"},{"$i":"month-11-short","$v":"Gru"},{"$i":"minutes-ago-long","$v":{"few":[{"t":"idOrVar","v":"value"}," minut(y) temu"],"many":[{"t":"idOrVar","v":"value"}," minut(y) temu"],"one":"minutę temu","other":[{"t":"idOrVar","v":"value"}," minut"],"two":[{"t":"idOrVar","v":"value"}," minut(y) temu"],"zero":"teraz"},"$x":[{"t":"idOrVar","v":"plural"},"value"]},{"$i":"hours-ago-long","$v":{"few":[{"t":"idOrVar","v":"value"}," godzin(y) temu"],"many":[{"t":"idOrVar","v":"value"}," godzin(y) temu"],"one":"godzinę temu","other":[{"t":"idOrVar","v":"value"}," godzin(y) temu"],"two":[{"t":"idOrVar","v":"value"}," godzin(y) temu"],"zero":"teraz"},"$x":[{"t":"idOrVar","v":"plural"},"value"]},{"$i":"days-ago-long","$v":{"few":[{"t":"idOrVar","v":"value"}," dni temu"],"many":[{"t":"idOrVar","v":"value"}," dni temu"],"one":"wczoraj","other":[{"t":"idOrVar","v":"value"}," dni temu"],"two":[{"t":"idOrVar","v":"value"}," dni temu"],"zero":"dzisiaj"},"$x":[{"t":"idOrVar","v":"plural"},"value"]},{"$i":"weeks-ago-long","$v":{"few":[{"t":"idOrVar","v":"value"}," tygodni(e) temu"],"many":[{"t":"idOrVar","v":"value"}," tygodni(e) temu"],"one":"w zeszłym tygodniu","other":[{"t":"idOrVar","v":"value"}," tygodni(e) temu"],"two":[{"t":"idOrVar","v":"value"}," tygodni(e) temu"],"zero":"w tym tygodniu"},"$x":[{"t":"idOrVar","v":"plural"},"value"]},{"$i":"months-ago-long","$v":{"few":[{"t":"idOrVar","v":"value"}," miesiące/miesięcy temu"],"many":[{"t":"idOrVar","v":"value"}," miesiące/miesięcy temu"],"one":"w zeszłym miesiącu","other":[{"t":"idOrVar","v":"value"}," miesiące/miesięcy temu"],"two":[{"t":"idOrVar","v":"value"}," miesiące/miesięcy temu"],"zero":"w tym miesiącu"},"$x":[{"t":"idOrVar","v":"plural"},"value"]},{"$i":"years-ago-long","$v":{"few":[{"t":"idOrVar","v":"value"}," lat(a) temu"],"many":[{"t":"idOrVar","v":"value"}," lat(a) temu"],"one":"w zeszłym roku","other":[{"t":"idOrVar","v":"value"}," lat(a) temu"],"two":[{"t":"idOrVar","v":"value"}," lat(a) temu"],"zero":"w tym roku"},"$x":[{"t":"idOrVar","v":"plural"},"value"]},{"$i":"minutes-until-long","$v":{"few":["za ",{"t":"idOrVar","v":"value"}," minut(y)"],"many":["za ",{"t":"idOrVar","v":"value"}," minut(y)"],"one":"za minutę","other":["za ",{"t":"idOrVar","v":"value"}," minut"],"two":["za ",{"t":"idOrVar","v":"value"}," minut(y)"],"zero":"teraz"},"$x":[{"t":"idOrVar","v":"plural"},"value"]},{"$i":"hours-until-long","$v":{"few":["za ",{"t":"idOrVar","v":"value"}," godzin(y)"],"many":["za ",{"t":"idOrVar","v":"value"}," godzin(y)"],"one":"za godzinę","other":["za ",{"t":"idOrVar","v":"value"}," godzin"],"two":["za ",{"t":"idOrVar","v":"value"}," godzin(y)"],"zero":"teraz"},"$x":[{"t":"idOrVar","v":"plural"},"value"]},{"$i":"days-until-long","$v":{"few":["za ",{"t":"idOrVar","v":"value"}," dni"],"many":["za ",{"t":"idOrVar","v":"value"}," dni"],"one":"jutro","other":["za ",{"t":"idOrVar","v":"value"}," dni"],"two":["za ",{"t":"idOrVar","v":"value"}," dni"],"zero":"dzisiaj"},"$x":[{"t":"idOrVar","v":"plural"},"value"]},{"$i":"weeks-until-long","$v":{"few":["za ",{"t":"idOrVar","v":"value"}," tygodni(e)"],"many":["za ",{"t":"idOrVar","v":"value"}," tygodni(e)"],"one":"w następnym tygodniu","other":["za ",{"t":"idOrVar","v":"value"}," tygodni(e)"],"two":["za ",{"t":"idOrVar","v":"value"}," tygodni(e)"],"zero":"w tym tygodniu"},"$x":[{"t":"idOrVar","v":"plural"},"value"]},{"$i":"months-until-long","$v":{"few":["za ",{"t":"idOrVar","v":"value"}," miesiące/miesięcy"],"many":["za ",{"t":"idOrVar","v":"value"}," miesiące/miesięcy"],"one":"w następnym miesiącu","other":["za ",{"t":"idOrVar","v":"value"}," miesiące/miesięcy"],"two":["za ",{"t":"idOrVar","v":"value"}," miesiące/miesięcy"],"zero":"w tym miesiącu"},"$x":[{"t":"idOrVar","v":"plural"},"value"]},{"$i":"years-until-long","$v":{"few":["za ",{"t":"idOrVar","v":"value"}," lat(a)"],"many":["za ",{"t":"idOrVar","v":"value"}," lat(a)"],"one":"w następnym roku","other":["za ",{"t":"idOrVar","v":"value"}," lat(a)"],"two":["za ",{"t":"idOrVar","v":"value"}," lat(a)"],"zero":"w tym roku"},"$x":[{"t":"idOrVar","v":"plural"},"value"]},{"$i":"minutes-ago-short","$v":{"other":[{"t":"idOrVar","v":"value"}," m temu"],"zero":"przed chwilą"},"$x":[{"t":"idOrVar","v":"plural"},"value"]},{"$i":"hours-ago-short","$v":{"other":[{"t":"idOrVar","v":"value"}," g temu"],"zero":"przed chwilą"},"$x":[{"t":"idOrVar","v":"plural"},"value"]},{"$i":"days-ago-short","$v":{"other":[{"t":"idOrVar","v":"value"}," d temu"],"zero":"dzisiaj"},"$x":[{"t":"idOrVar","v":"plural"},"value"]},{"$i":"minutes-until-short","$v":{"other":["za ",{"t":"idOrVar","v":"value"}," m"],"zero":"teraz"},"$x":[{"t":"idOrVar","v":"plural"},"value"]},{"$i":"hours-until-short","$v":{"other":["za ",{"t":"idOrVar","v":"value"}," g"],"zero":"teraz"},"$x":[{"t":"idOrVar","v":"plural"},"value"]},{"$i":"days-until-short","$v":{"other":["za ",{"t":"idOrVar","v":"value"}," d"],"zero":"dzisiaj"},"$x":[{"t":"idOrVar","v":"plural"},"value"]},{"$i":"incorrectDate","$v":"(nieprawidłowa data)"},{"$i":"dateTimeFormat_%c","$v":"%a %b %e %Y %I:%M:%S %p"},{"$i":"dateTimeFormat_%x","$v":"%m/%d/%Y"},{"$i":"dateTimeFormat_%X","$v":"%I:%M:%S %p"},{"$i":"shortTimeFormat","$v":"%I:%M %p"},{"$i":"shortTimeFormat12","$v":"%I:%M %p"},{"$i":"shortTimeFormat24","$v":"%H:%M"},{"$i":"shortDateTimeFormat","$v":"%x %I:%M %p"},{"$i":"weekStartsOnMonday","$v":"0.0"},{"$i":"firstDayOfTheWeek","$v":"1.0"},{"$i":"time_am","$v":"AM"},{"$i":"time_pm","$v":"PM"},{"$i":"softkey-options","$v":"Opcje"}]