[{"$i":"back","$v":"شاته"},{"$i":"save","$v":"محفوظ کړئ"},{"$i":"cancel","$v":"کول"},{"$i":"next","$v":"راتلونکۍ"},{"$i":"hide","$v":"پټ کړئ"},{"$i":"confirm","$v":"باوری کړئ"},{"$i":"done","$v":"وشو"},{"$i":"events","$v":"د پیښو یادونکی"},{"$i":"edit","$v":"اصلاح کول"},{"$i":"allday-events","$v":"د ټولې ورځې د پیښو یادونکی"},{"$i":"no-events","$v":"پیښې‎ نشته"},{"$i":"default","$v":"اصلي عیارونه"},{"$i":"sync","$v":"هم مهاله"},{"$i":"repeat","$v":"تکرار کړئ"},{"$i":"never","$v":"هیڅ کله نه"},{"$i":"every-day","$v":"هره ورځ"},{"$i":"every-week","$v":"هره اونۍ"},{"$i":"every-2-weeks","$v":"هر دوه اونۍ"},{"$i":"every-month","$v":"هره میاشت"},{"$i":"view-never","$v":"تکرار کړئ: هیڅکله"},{"$i":"view-every-day","$v":"تکرار: ورځني"},{"$i":"view-every-week","$v":"تکرار: اونۍ"},{"$i":"view-every-2-weeks","$v":"تکرار: هر دوې اونۍ"},{"$i":"view-every-month","$v":"تکرار: میاشتنی"},{"$i":"repeat-event-header","$v":"دا یوه تکرارېدونکې پېښه ده."},{"$i":"delete-this-only","$v":"دا یوازې لرې کړئ"},{"$i":"delete-all","$v":"ټول لرې کړئ"},{"$i":"event-edit-all","$v":"ټولې پېښې ایدیت کړئ"},{"$i":"event-edit-all-future","$v":"ټولې راتلونکې پېښې ایدیت کړئ"},{"$i":"options","$v":"غوراوي"},{"$i":"event-delete-all","$v":"ټول لرې کړئ"},{"$i":"event-delete-all-future","$v":"ټولې راتلونکې پېښې وړنګوئ"},{"$i":"delete-account","$v":"اکاونټ لرې کړئ"},{"$i":"exchange-account","$v":"ActiveSync"},{"$i":"account-user-name","$v":"کاري نوم"},{"$i":"incorrect-password-description","$v":"سرور ته نه شي ساین کیدی. لطفاً په پاس ورډ بیا کوشش وکړئ."},{"$i":"incorrect-password","$v":"غلط پاسورډ، مهرباني وکړئ بیا هڅه وکړئ."},{"$i":"account-duplicate","$v":"اکاونټ له مخکې نه موجود دی، هممهالي کیدل آن دي.‏"},{"$i":"error-account","$v":"سرور نشته. وروسته بیا هڅه وکړئ."},{"$i":"error-access-denied","$v":"نامعلومه تیروتنه رامنځته شوه، لطفاً بیا کوشش وکړئ.‏"},{"$i":"error-time-out","$v":["‏د \"",{"t":"idOrVar","v":"server"},"\" سره خوندي کنیکشن نه برابریږي. ښایي په نیټ ورک کې ستونزه وي."]},{"$i":"caldav-account-exist","$v":"دا اکاونټ د مخه شتون لري."},{"$i":"save-password","$v":"شفر خوندي شو."},{"$i":"account-login","$v":"د کارن ننوتل"},{"$i":"setting-up-account","$v":"اکاونټ جوړول"},{"$i":"setup-account-usedInfo","$v":"اکاؤنټ خپل کاره هممهالي اؤ ترتیبات> اکاؤنټ. سیٹ کول"},{"$i":"app-calendar","$v":"کیلنډر"},{"$i":"show-today","$v":"نن"},{"$i":"show-month-view","$v":"میاشت"},{"$i":"show-week-view","$v":"اونۍ"},{"$i":"show-day-view","$v":"ورځ"},{"$i":"settings-show","$v":"تنظیمات"},{"$i":"settings-hide","$v":"تنظیمات پټ کړئ"},{"$i":"add-account","$v":"یو حساب داخل کړئ"},{"$i":"new-event","$v":"محفل زیات کړئ"},{"$i":"view-event-header","$v":"د پیښې تفصیل"},{"$i":"new-event-header","$v":"محفل زیات کړئ"},{"$i":"edit-event-header","$v":"پیښې اصلاح کړئ"},{"$i":"account-header","$v":"اکاونټ"},{"$i":"account-list-header","$v":"اکاونټونه"},{"$i":"advanced-settings-short-icon-button","ariaLabel":"تنظیمات"},{"$i":"advanced-settings-header","$v":"د کلیزي تنظیمات"},{"$i":"advanced-settings-personalization","$v":"فریکونسي آپډیټ کړئ"},{"$i":"advanced-settings-reminders","$v":"یادونکی"},{"$i":"advanced-settings-add-account","$v":"حساب اضافه کړئ"},{"$i":"field-user","$v":"کاري نوم"},{"$i":"field-password","$v":"پاسورډ"},{"$i":"show-password","$v":"پاسورډ ښکاره کړئ"},{"$i":"field-full-url","$v":"‏URL"},{"$i":"modify-account-setting-up","$v":"مهرباني وکړئ انتظار وکړئ ترڅو ستاسو اکاونټ ترتیب شي"},{"$i":"modify-account-unable-to-sync","$v":"هممهالي کولی نشي"},{"$i":"modify-account-sign-in","$v":"ننوتل"},{"$i":"kai-caldav","$v":"CalDav"},{"$i":"kai-yahoo","$v":"Yahoo!"},{"$i":"kai-google","$v":"ګوګل"},{"$i":"preset-mozilla","$v":"موزیلا زیمبرا"},{"$i":"calendar-local","$v":"ټیلیفون کلیزه"},{"$i":"event-title","$v":"عنوان"},{"$i":"event-location","$v":"موقیعت"},{"$i":"event-description","$v":"یادښتونه"},{"$i":"event-is-allday","$v":"د ټولې ورځې پیښې"},{"$i":"event-start-date","$v":"د پیل نیټه"},{"$i":"event-end-date","$v":"وروستۍ نیټه"},{"$i":"event-start-time","$v":"د پیل وخت"},{"$i":"event-end-time","$v":"ورستی وخت"},{"$i":"event-delete","$v":"پیښه لرې کړئ"},{"$i":"event-is-deleting","$v":"لرې کول…"},{"$i":"remove-account-data","$v":"د کلیزې اکاونټ لرې کړئ"},{"$i":"remove-account-dialog","$v":"حساب لری کړئ"},{"$i":"remove-account-dialog-details","$v":["ایا \"",{"t":"idOrVar","v":"email"},"\" ستاسو د الې څخه لرې کړي؟"]},{"$i":"remove","$v":"لرې کړئ"},{"$i":"drawer-sync-icon-button","ariaLabel":"هم مهاله"},{"$i":"sync-progress-syncing","ariaValueText":"هممهاله کول"},{"$i":"sync-progress-complete","ariaValueText":"هممهاله کول پوره شو"},{"$i":"sync-frequency","$v":"کلیزه هممهاله کړئ"},{"$i":"sync-frequency-15min","$v":"هر 15 دقیقې"},{"$i":"sync-frequency-30min","$v":"هر 30 دقیقې"},{"$i":"sync-frequency-manual","$v":"په لاسي ډول"},{"$i":"from","$v":"له"},{"$i":"to","$v":"ته"},{"$i":"one-day-duration-title","$v":[{"t":"idOrVar","v":"startDate"}]},{"$i":"one-day-duration-content","$v":[{"t":"idOrVar","v":"startTime"}," تر  ",{"t":"idOrVar","v":"endTime"}]},{"$i":"multiple-day-duration-title","$v":[{"t":"idOrVar","v":"startTime"}," ",{"t":"idOrVar","v":"startDate"}]},{"$i":"multiple-day-duration-content","$v":[{"t":"idOrVar","v":"endTime"}," ",{"t":"idOrVar","v":"endDate"}]},{"$i":"one-all-day-duration-title","$v":[{"t":"idOrVar","v":"startDate"}]},{"$i":"all-day-duration-content","$v":"د ټولې ورځې پېښه"},{"$i":"multiple-all-day-duration-title","$v":["څخه ",{"t":"idOrVar","v":"startDate"}]},{"$i":"multiple-all-day-duration-content","$v":["ته ",{"t":"idOrVar","v":"endDate"}]},{"$i":"none","$v":"هیڅ یو"},{"$i":"reminder","$v":"د پیښي یادونکی"},{"$i":"remind-me","$v":"ماته يي یاد کړئ"},{"$i":"alarm-at-event-standard","$v":"د پیښې پر مهال"},{"$i":"alarm-at-event-allday","$v":"د پیښې یوه ورځ"},{"$i":"alarm-at-event-allday-hour12","$v":"د پیښې په ورځ (9:00 AM)"},{"$i":"alarm-at-event-allday-hour24","$v":"د پیښې په ورځ (09:00)"},{"$i":"alarm-start-notice","$v":["‏",{"t":"idOrVar","v":"title"}," پیل کیږي  ",{"t":"idOrVar","v":"distance"}]},{"$i":"alarm-started-notice","$v":["‏",{"t":"idOrVar","v":"title"}," پیل شو  ",{"t":"idOrVar","v":"distance"}]},{"$i":"alarm-start-notice-two-days","$v":[{"t":"idOrVar","v":"title"}," zaczyna się za dwa dni"]},{"$i":"alarm-start-notice-few-days","$v":[{"t":"idOrVar","v":"title"}," zaczyna się na ",{"t":"idOrVar","v":"distance"}]},{"$i":"days-before-hour12","$v":{"few":[{"t":"idOrVar","v":"value"}," ورځي مخکې (9:00 AM) "],"many":[{"t":"idOrVar","v":"value"}," ورځي مخکې (9:00 AM)"],"one":"1 ورځ مخکې (9:00 AM) ","other":[{"t":"idOrVar","v":"value"}," ورځي مخکې (9:00 AM)"],"two":[{"t":"idOrVar","v":"value"}," ورځي مخکې (9:00 AM)"],"zero":"0 ورځ مخکې (9:00 AM) "},"$x":[{"t":"idOrVar","v":"plural"},"value"]},{"$i":"weeks-before-hour12","$v":{"few":[{"t":"idOrVar","v":"value"}," اونۍ مخکې (9:00 AM) "],"many":[{"t":"idOrVar","v":"value"}," اونۍ مخکې (9:00 AM)"],"one":"1 اونۍ مخکې (9:00 AM)","other":[{"t":"idOrVar","v":"value"}," اونۍ مخکې (9:00 AM)"],"two":[{"t":"idOrVar","v":"value"}," اونۍ مخکې (9:00 AM)"],"zero":"0 اونۍ مخکې (9:00 AM)"},"$x":[{"t":"idOrVar","v":"plural"},"value"]},{"$i":"days-before-hour24","$v":{"few":[{"t":"idOrVar","v":"value"}," ورځي مخکې (09:00)"],"many":[{"t":"idOrVar","v":"value"}," ورځي مخکې (09:00)"],"one":"1 ورځ مخکې (09:00)","other":[{"t":"idOrVar","v":"value"}," ورځي مخکې (09:00)"],"two":[{"t":"idOrVar","v":"value"}," ورځي مخکې (09:00)"],"zero":"0 ورځ مخکې (09:00)"},"$x":[{"t":"idOrVar","v":"plural"},"value"]},{"$i":"weeks-before-hour24","$v":{"few":[{"t":"idOrVar","v":"value"}," اونۍ مخکې (09:00)"],"many":[{"t":"idOrVar","v":"value"}," اونۍ مخکې (09:00)"],"one":"1 اونۍ مخکې (09:00)","other":[{"t":"idOrVar","v":"value"}," اونۍ مخکې (09:00)"],"two":[{"t":"idOrVar","v":"value"}," اونۍ مخکې (09:00)"],"zero":"0 اونۍ مخکې (09:00)"},"$x":[{"t":"idOrVar","v":"plural"},"value"]},{"$i":"minutes-before","$v":{"few":[{"t":"idOrVar","v":"value"}," دقی وړاندي"],"many":[{"t":"idOrVar","v":"value"}," دقی وړاندي"],"one":"1 دقیقه مخکې","other":[{"t":"idOrVar","v":"value"}," دقی وړاندي"],"two":[{"t":"idOrVar","v":"value"}," دقی وړاندي"],"zero":"0 دقی مخکې"},"$x":[{"t":"idOrVar","v":"plural"},"value"]},{"$i":"hours-before","$v":{"few":[{"t":"idOrVar","v":"value"}," ساعته وړاندي"],"many":[{"t":"idOrVar","v":"value"}," ساعته وړاندي"],"one":"1 ساعت مخکې","other":[{"t":"idOrVar","v":"value"}," ساعته وړاندي"],"two":[{"t":"idOrVar","v":"value"}," ساعته وړاندي"],"zero":"0 ساعته مخکې"},"$x":[{"t":"idOrVar","v":"plural"},"value"]},{"$i":"days-before","$v":{"few":[{"t":"idOrVar","v":"value"}," ورځي وړاندي"],"many":[{"t":"idOrVar","v":"value"}," ورځي وړاندي"],"one":"1 ورځ مخکې","other":[{"t":"idOrVar","v":"value"}," ورځي وړاندي"],"two":[{"t":"idOrVar","v":"value"}," ورځي وړاندي"],"zero":"0 ورځې مخکې"},"$x":[{"t":"idOrVar","v":"plural"},"value"]},{"$i":"weeks-before","$v":{"few":[{"t":"idOrVar","v":"value"}," اوونئ وړاندي"],"many":[{"t":"idOrVar","v":"value"}," اوونئ وړاندي"],"one":"1 اوونئ مخکې","other":[{"t":"idOrVar","v":"value"}," اوونئ وړاندي"],"two":[{"t":"idOrVar","v":"value"}," اوونئ وړاندي"],"zero":"0 اوونۍ وړاندي"},"$x":[{"t":"idOrVar","v":"plural"},"value"]},{"$i":"months-before","$v":{"few":[{"t":"idOrVar","v":"value"}," میاشتي وړاندي"],"many":[{"t":"idOrVar","v":"value"}," میاشتي وړاندي"],"one":"1 میاشت مخکې","other":[{"t":"idOrVar","v":"value"}," میاشتي وړاندي"],"two":[{"t":"idOrVar","v":"value"}," میاشتي وړاندي"],"zero":"0 میاشتي وړاندي"},"$x":[{"t":"idOrVar","v":"plural"},"value"]},{"$i":"years-before","$v":{"few":[{"t":"idOrVar","v":"value"}," کاله وړاندي"],"many":[{"t":"idOrVar","v":"value"}," کاله وړاندي"],"one":"1 کال مخکې","other":[{"t":"idOrVar","v":"value"}," کاله وړاندي"],"two":[{"t":"idOrVar","v":"value"}," کاله وړاندي"],"zero":"0 کاله وړاندي"},"$x":[{"t":"idOrVar","v":"plural"},"value"]},{"$i":"minutes-after","$v":{"few":[{"t":"idOrVar","v":"value"}," دقی وروسته"],"many":[{"t":"idOrVar","v":"value"}," دقی وروسته"],"one":"1 دقیقه وروسته","other":[{"t":"idOrVar","v":"value"}," دقی وروسته"],"two":[{"t":"idOrVar","v":"value"}," دقی وروسته"],"zero":"0 دقی وروسته"},"$x":[{"t":"idOrVar","v":"plural"},"value"]},{"$i":"hours-after","$v":{"few":[{"t":"idOrVar","v":"value"}," ساعته وروسته"],"many":[{"t":"idOrVar","v":"value"}," ساعته وروسته"],"one":"1 ساعت وروسته","other":[{"t":"idOrVar","v":"value"}," ساعته وروسته"],"two":[{"t":"idOrVar","v":"value"}," ساعته وروسته"],"zero":"0 ساعته وروسته"},"$x":[{"t":"idOrVar","v":"plural"},"value"]},{"$i":"days-after","$v":{"few":[{"t":"idOrVar","v":"value"}," ورځي وروسته"],"many":[{"t":"idOrVar","v":"value"}," ورځي وروسته"],"one":"1 ورځ وروسته","other":[{"t":"idOrVar","v":"value"}," ورځي وروسته"],"two":[{"t":"idOrVar","v":"value"}," ورځي وروسته"],"zero":"0 ورځې وروسته"},"$x":[{"t":"idOrVar","v":"plural"},"value"]},{"$i":"weeks-after","$v":{"few":[{"t":"idOrVar","v":"value"}," اوونئ وروسته"],"many":[{"t":"idOrVar","v":"value"}," اوونئ وروسته"],"one":"1 اوونئ وورسته","other":[{"t":"idOrVar","v":"value"}," اوونئ وروسته"],"two":[{"t":"idOrVar","v":"value"}," اوونئ وروسته"],"zero":"0 اوونئ وروسته"},"$x":[{"t":"idOrVar","v":"plural"},"value"]},{"$i":"months-after","$v":{"few":[{"t":"idOrVar","v":"value"}," میاشتي وروسته"],"many":[{"t":"idOrVar","v":"value"}," میاشتي وروسته"],"one":"1 میاشت وروسته","other":[{"t":"idOrVar","v":"value"}," میاشتي وروسته"],"two":[{"t":"idOrVar","v":"value"}," میاشتي وروسته"],"zero":"0 میاشتي وروسته"},"$x":[{"t":"idOrVar","v":"plural"},"value"]},{"$i":"years-after","$v":{"few":[{"t":"idOrVar","v":"value"}," کاله وروسته"],"many":[{"t":"idOrVar","v":"value"}," کاله وروسته"],"one":"1 کال وروسته","other":[{"t":"idOrVar","v":"value"}," کاله وروسته"],"two":[{"t":"idOrVar","v":"value"}," کاله وروسته"],"zero":"0 کاله وروسته"},"$x":[{"t":"idOrVar","v":"plural"},"value"]},{"$i":"hour-format12","$v":"%I %p"},{"$i":"hour-format24","$v":"%H"},{"$i":"week-hour-format12","$v":"%I %p"},{"$i":"week-hour-format24","$v":"%H"},{"$i":"hour-allday","$v":"ټوله ورځ"},{"$i":"kai-week-day","$v":"%a\\n%e"},{"$i":"current-time12","$v":"%I:%M"},{"$i":"current-time24","$v":"%H:%M"},{"$i":"multi-month-view-header-format","$v":"%B %Y"},{"$i":"day-view-header-format","$v":"%A, %B %e"},{"$i":"months-day-view-header-format","$v":"%A, %B %e"},{"$i":"months-day-view-header-format-small","$v":{"$o":"%a <br/> %b, %e"}},{"$i":"week-view-header-format","$v":["اونۍ ",{"t":"idOrVar","v":"value"},", %B %Y"]},{"$i":"longDateFormat","$v":"%a, %B %d, %Y"},{"$i":"longTimeFormat","$v":"%A %B %d"},{"$i":"longTimeFormat12","$v":"%A %B %d %I %p"},{"$i":"longTimeFormat24","$v":"%A %B %d %H بجې"},{"$i":"weekTimeFormat12","$v":"%I %p"},{"$i":"weekTimeFormat24","$v":"%H بجې"},{"$i":"weekDayFormat","$v":"%A  د  %d"},{"$i":"alldayLongTimeFormat","$v":"%A %B %d ټوله ورځ"},{"$i":"dayHour12","$v":"%I %p"},{"$i":"dayHour24","$v":"%H بجې"},{"$i":"longDateTime12","$v":"%I %p, %a, %d %b, %Y"},{"$i":"longDateTime24","$v":"%H, %a, %d %b, %Y"},{"$i":"upcoming-events","$v":"راتلونکې پیښې"},{"$i":"search-results","$v":"پایلې ولټوئ"},{"$i":"no-event-found","$v":"پیښې پیدا نشوې"},{"$i":"longDateTimeNew12","$v":"%a, %B %e, %Y, %I:%M %p"},{"$i":"longDateTimeNew24","$v":"%a, %B %e, %Y, %H:%M"},{"$i":"error-start-date-after-end-date","$v":"پیښه د هغې د پیل د تاریخ څخه د مخه پای ته رسیدلی نشي."},{"$i":"error-start-time-after-end-time","$v":"پیښه د هغې د پیل د تاریخ څخه د مخه پای ته رسیدلی نشي."},{"$i":"error-unauthenticated","$v":"غلط کارن-نوم یا پاسورډ، مهرباني وکړئ بیا هڅه وکړئ."},{"$i":"error-internal-server-error","$v":"د سرور تیروتنه، مهرباني وکړئ بیا هڅه وکړئ"},{"$i":"error-unkown","$v":"سرور نشته. وروسته بیا هڅه وکړئ."},{"$i":"error-default","$v":"څه شی ناسم دی. بیا هڅه وکړئ."},{"$i":"error-offline","$v":"انټرنیټ سره وصل کیدای نشي. تاسو کولی شئ د انټرنیټ د لاسرسي لپاره Wi-Fi یا د موبائیل ډیټا وکاروئ."},{"$i":"error-account-exist","$v":"دا اکاونټ د مخه شتون لري."},{"$i":"error-confirmation-title","$v":"ستونزه"},{"$i":"error-edit-online-event","$v":"څرنګه چې انټرنیټ نشته د انلاین پیښو اصلاح ناکامه شوه"},{"$i":"error-delete-online-event","$v":"څرنګه چې انټرنیټ نشته د انلاین پیښو پاکول ناکام شو."},{"$i":"notification-error-sync-title","$v":"د کلیزه سینک تیروتنه"},{"$i":"notification-error-sync-description","$v":"د زیاتو معلوماتو لپاره زور کړئ"},{"$i":"notification-error-caldav-sync-title","$v":"د حساب تېروتنه"},{"$i":"notification-error-caldav-sync-description","$v":"بيا ننوځئ"},{"$i":"weekday-0-single-char","$v":"S","ariaLabel":"یکشنبه"},{"$i":"weekday-1-single-char","$v":"M","ariaLabel":"دوشنبه"},{"$i":"weekday-2-single-char","$v":"T","ariaLabel":"سه شنبه"},{"$i":"weekday-3-single-char","$v":"W","ariaLabel":"چهارشنبه"},{"$i":"weekday-4-single-char","$v":"T","ariaLabel":"پنجشنبه"},{"$i":"weekday-5-single-char","$v":"F","ariaLabel":"جمعه"},{"$i":"weekday-6-single-char","$v":"S","ariaLabel":"شنبه"},{"$i":"busy","$v":{"few":[{"t":"idOrVar","v":"n"}," محفلونه"],"many":[{"t":"idOrVar","v":"n"}," محفلونه"],"one":[{"t":"idOrVar","v":"n"}," محفل"],"other":[{"t":"idOrVar","v":"n"}," محفلونه"],"two":[{"t":"idOrVar","v":"n"}," محفلونه"],"zero":"پیښې نشته"},"$x":[{"t":"idOrVar","v":"plural"},"n"]},{"$i":"present","ariaLabel":"نن"},{"$i":"past-other-month-description","ariaLabel":"بله میاشت"},{"$i":"future-other-month-description","ariaLabel":"بله میاشت"},{"$i":"icon-calendar-alarm","ariaLabel":"خبرونکی زنګ لري"},{"$i":"calendars","ariaLabel":"کلیزې"},{"$i":"multi-day-new-event-link","ariaLabel":"محفل زیات کړئ"},{"$i":"title","ariaLabel":"عنوان"},{"$i":"location","ariaLabel":"موقیعت"},{"$i":"duration","ariaLabel":"موده"},{"$i":"calendar","ariaLabel":"کلیزه"},{"$i":"alarms","ariaLabel":"خطر زنګونه"},{"$i":"description","ariaLabel":"تشریح"},{"$i":"start-date","ariaLabel":"د پیل نیټه"},{"$i":"start-time","ariaLabel":"د پیل وخت"},{"$i":"end-date","ariaLabel":"وروستۍ نیټه"},{"$i":"end-time","ariaLabel":"ورستی وخت"},{"$i":"during-progress-loading","ariaValueText":"پورته کول"},{"$i":"all-day","ariaLabel":"ټوله ورځ"},{"$i":"create-event","ariaLabel":"پیښه جوړه کړئ"},{"$i":"create-all-day-event","ariaLabel":"د ټولې ورځې پیښې جوړې کړئ"},{"$i":"event-one-day-duration","ariaLabel":["له ",{"t":"idOrVar","v":"startTime"}," تر ",{"t":"idOrVar","v":"endTime"}]},{"$i":"week-event-one-day-duration","ariaLabel":[{"t":"idOrVar","v":"startDate"}," له  ",{"t":"idOrVar","v":"startTime"}," تر ",{"t":"idOrVar","v":"endTime"}]},{"$i":"event-multiple-day-duration","ariaLabel":["له ",{"t":"idOrVar","v":"startTime"}," ",{"t":"idOrVar","v":"startDate"}," تر ",{"t":"idOrVar","v":"endTime"}," ",{"t":"idOrVar","v":"endDate"}]},{"$i":"kai-event-added","$v":"پیښه اضافه شوه"},{"$i":"kai-event-updated","$v":"پیښه نوي شوه"},{"$i":"kai-event-deleted","$v":"واقعه لری شو"},{"$i":"kai-change-save","$v":"تغیرات ثبت شول"},{"$i":"event-sync-failure","$v":"هممهالي کولی نشي"},{"$i":"kai-event-calendar","$v":"کلیزه"},{"$i":"kai-single-event","$v":"پيښه"},{"$i":"kai-event-count","$v":"پیښې"},{"$i":"kai-sync-progress-syncing","$v":"هممهاله کول"},{"$i":"kai-sync-progress-complete","$v":"د جنتري اوسنۍ بڼه."},{"$i":"kai-settings-sounds","$v":"اوازونه"},{"$i":"kai-tones","$v":"نغمي"},{"$i":"kai-multi-events","$v":"پیښې"},{"$i":"kai-confirmation-title","$v":"تصدیق"},{"$i":"kai-delete-selectedEvent-confirmation","$v":"انتخاب شوې پیښه لرې کړئ؟"},{"$i":"kai-deleteEvent-confirmation","$v":"پیښه لرې کړي؟"},{"$i":"kai-event-search-header","$v":"لټون","placeholder":"لټون"},{"$i":"kai-event-search-upcoming-events","$v":"راتلونکې پیښې"},{"$i":"kai-delete","$v":"لرې کول"},{"$i":"kai-cancel","$v":"کول"},{"$i":"kai-dialog-delete-sel","$v":"ایا غواړئ ټاکل شوې پيښه لرئ کړئ؟"},{"$i":"kai-delete-title","$v":"پیښه لرې کړئ"},{"$i":"kai-save-changes","$v":"تغیرات محفوظ کړي؟"},{"$i":"kai-save-message-back","$v":"داخل شوې ټوله ډیټا به له منځه لاړ شي. غواړئ تغیرات ثبت کړئ؟"},{"$i":"kai-save-message-close","$v":"د ډیټا د ورکیدو سره به اپلیکیشن بند شي. غواړی تغیرات ثبت کړئ؟"},{"$i":"yes","$v":"هو"},{"$i":"no","$v":"نه"},{"$i":"confirmation","$v":"تصدیق"},{"$i":"ok","$v":"اوکی"},{"$i":"delete-event","$v":"انتخاب شوې پیښه لرې کړئ؟"},{"$i":"edit-event-no-net","$v":"د انلاین پېښې اېدیت د انټرنټ اتصال د نه شتون له وجې ناکام شو."},{"$i":"kai-settings-header","$v":"د ښکاره کولو کلیزه"},{"$i":"kai-syncing","$v":"هممهاله کول..."},{"$i":"kai-syncing-header","$v":"اکاونټ هم مهاله کول"},{"$i":"select","$v":"انتخال کړئ"},{"$i":"add-event","$v":"محفل زیات کړئ"},{"$i":"week-view","$v":"کمذوري کتنه"},{"$i":"day-view","$v":"د ورځې منظر"},{"$i":"month-view","$v":"د میاشت ښودنه"},{"$i":"today","$v":"نن"},{"$i":"go","$v":"تاریخ لاړ شئ"},{"$i":"search","$v":"لټون"},{"$i":"calendar-to-display","$v":"د ښکاره کولو کلیزه"},{"$i":"settings","$v":"تنظیمات"},{"$i":"delete","$v":"لرې کول"},{"$i":"enter","$v":"داخل کړه"},{"$i":"sync-calendar","$v":"کلیزه هممهاله کړئ"},{"$i":"lunar-calendar","$v":"چنګاښ ورځ"},{"$i":"present-description","$v":["نن ",{"t":"idOrVar","v":"weekday"}," د ",{"t":"idOrVar","v":"date"},"اوم"]},{"$i":"day-description","$v":[{"t":"idOrVar","v":"weekday"}," د ",{"t":"idOrVar","v":"date"},"th"]},{"$i":"weekday-5","$v":"جمعه"},{"$i":"weekday-4","$v":"پنجشنبه"},{"$i":"weekday-3","$v":"چهارشنبه"},{"$i":"weekday-2","$v":"سه شنبه"},{"$i":"weekday-1","$v":"دوشنبه"},{"$i":"weekday-0","$v":"یکشنبه"},{"$i":"weekday-6","$v":"شنبه"},{"$i":"no-title","$v":"(عنوان نشته)"},{"$i":"weekday-0-long","$v":"یکشنبه"},{"$i":"weekday-1-long","$v":"دوشنبه"},{"$i":"weekday-2-long","$v":"سه شنبه"},{"$i":"weekday-3-long","$v":"چهارشنبه"},{"$i":"weekday-4-long","$v":"پنجشنبه"},{"$i":"weekday-5-long","$v":"جمعه"},{"$i":"weekday-6-long","$v":"شنبه"},{"$i":"weekday-0-short","$v":"لمر"},{"$i":"weekday-1-short","$v":"دو"},{"$i":"weekday-2-short","$v":"سه"},{"$i":"weekday-3-short","$v":"چهار"},{"$i":"weekday-4-short","$v":"پنج."},{"$i":"weekday-5-short","$v":"جمعه"},{"$i":"weekday-6-short","$v":"هفته"},{"$i":"month-0-long","$v":"جنوری"},{"$i":"month-1-long","$v":"فروری"},{"$i":"month-2-long","$v":"مارچ"},{"$i":"month-3-long","$v":"اپریل"},{"$i":"month-4-long","$v":"مئی"},{"$i":"month-5-long","$v":"جون"},{"$i":"month-6-long","$v":"جولائی"},{"$i":"month-7-long","$v":"اګست"},{"$i":"month-8-long","$v":"ستمبر"},{"$i":"month-9-long","$v":"اکتوبر"},{"$i":"month-10-long","$v":"نومبر"},{"$i":"month-11-long","$v":"دسمبر"},{"$i":"month-0-genitive","$v":"جنوری"},{"$i":"month-1-genitive","$v":"فروری"},{"$i":"month-2-genitive","$v":"مارچ"},{"$i":"month-3-genitive","$v":"اپریل"},{"$i":"month-4-genitive","$v":"مئی"},{"$i":"month-5-genitive","$v":"جون"},{"$i":"month-6-genitive","$v":"جولائی"},{"$i":"month-7-genitive","$v":"اګست"},{"$i":"month-8-genitive","$v":"ستمبر"},{"$i":"month-9-genitive","$v":"اکتوبر"},{"$i":"month-10-genitive","$v":"نومبر"},{"$i":"month-11-genitive","$v":"دسمبر"},{"$i":"month-0-short","$v":"جنوری"},{"$i":"month-1-short","$v":"فروری"},{"$i":"month-2-short","$v":"مارچ"},{"$i":"month-3-short","$v":"اپریل"},{"$i":"month-4-short","$v":"مئی"},{"$i":"month-5-short","$v":"جون"},{"$i":"month-6-short","$v":"جولائی"},{"$i":"month-7-short","$v":"اګست"},{"$i":"month-8-short","$v":"ستمبر"},{"$i":"month-9-short","$v":"اکتوبر"},{"$i":"month-10-short","$v":"نومبر"},{"$i":"month-11-short","$v":"دسمبر"},{"$i":"minutes-ago-long","$v":{"few":[{"t":"idOrVar","v":"value"}," دقی مخکې"],"many":[{"t":"idOrVar","v":"value"}," دقی مخکې"],"one":"یو دقیقه مخکې","other":[{"t":"idOrVar","v":"value"}," دقی مخکې"],"two":[{"t":"idOrVar","v":"value"}," دقی مخکې"],"zero":"همدا اوس"},"$x":[{"t":"idOrVar","v":"plural"},"value"]},{"$i":"hours-ago-long","$v":{"few":[{"t":"idOrVar","v":"value"}," ساعته مخکې"],"many":[{"t":"idOrVar","v":"value"}," ساعته مخکې"],"one":"یو ساعت مخکې","other":[{"t":"idOrVar","v":"value"}," ساعته مخکې"],"two":[{"t":"idOrVar","v":"value"}," ساعته مخکې"],"zero":"همدا اوس"},"$x":[{"t":"idOrVar","v":"plural"},"value"]},{"$i":"days-ago-long","$v":{"few":[{"t":"idOrVar","v":"value"}," ورځي مخکې"],"many":[{"t":"idOrVar","v":"value"}," ورځي مخکې"],"one":"پرون","other":[{"t":"idOrVar","v":"value"}," ورځي مخکې"],"two":[{"t":"idOrVar","v":"value"}," ورځي مخکې"],"zero":"نن"},"$x":[{"t":"idOrVar","v":"plural"},"value"]},{"$i":"weeks-ago-long","$v":{"few":[{"t":"idOrVar","v":"value"}," اوونئ مخکې"],"many":[{"t":"idOrVar","v":"value"}," اوونئ مخکې"],"one":"تیره اوونۍ","other":[{"t":"idOrVar","v":"value"}," اوونئ مخکې"],"two":[{"t":"idOrVar","v":"value"}," اوونئ مخکې"],"zero":"دا اونۍ"},"$x":[{"t":"idOrVar","v":"plural"},"value"]},{"$i":"months-ago-long","$v":{"few":[{"t":"idOrVar","v":"value"}," میاشتي مخکې"],"many":[{"t":"idOrVar","v":"value"}," میاشتي مخکې"],"one":"تیره میاشت","other":[{"t":"idOrVar","v":"value"}," میاشتي مخکې"],"two":[{"t":"idOrVar","v":"value"}," میاشتي مخکې"],"zero":"دا میاشت"},"$x":[{"t":"idOrVar","v":"plural"},"value"]},{"$i":"years-ago-long","$v":{"few":[{"t":"idOrVar","v":"value"}," کاله مخکې"],"many":[{"t":"idOrVar","v":"value"}," کاله مخکې"],"one":"تیر کال","other":[{"t":"idOrVar","v":"value"}," کاله مخکې"],"two":[{"t":"idOrVar","v":"value"}," کاله مخکې"],"zero":"دا کال"},"$x":[{"t":"idOrVar","v":"plural"},"value"]},{"$i":"minutes-until-long","$v":{"few":["په ",{"t":"idOrVar","v":"value"}," دقیقو"],"many":["په ",{"t":"idOrVar","v":"value"}," دقیقو"],"one":"په یوه دقیقه کې","other":["په ",{"t":"idOrVar","v":"value"}," دقیقو"],"two":["په ",{"t":"idOrVar","v":"value"}," دقیقو"],"zero":"اوس"},"$x":[{"t":"idOrVar","v":"plural"},"value"]},{"$i":"hours-until-long","$v":{"few":["په ",{"t":"idOrVar","v":"value"}," ساعتونو"],"many":["په ",{"t":"idOrVar","v":"value"}," ساعتونو"],"one":"په یو ساعت کې","other":["په ",{"t":"idOrVar","v":"value"}," ساعتونو"],"two":["په ",{"t":"idOrVar","v":"value"}," ساعتونو"],"zero":"اوس"},"$x":[{"t":"idOrVar","v":"plural"},"value"]},{"$i":"days-until-long","$v":{"few":["په ",{"t":"idOrVar","v":"value"}," ورځو"],"many":["په ",{"t":"idOrVar","v":"value"}," ورځو"],"one":"سبا","other":["په ",{"t":"idOrVar","v":"value"}," ورځو"],"two":["په ",{"t":"idOrVar","v":"value"}," ورځو"],"zero":"نن"},"$x":[{"t":"idOrVar","v":"plural"},"value"]},{"$i":"weeks-until-long","$v":{"few":["په ",{"t":"idOrVar","v":"value"}," اوونیو"],"many":["په ",{"t":"idOrVar","v":"value"}," اوونیو"],"one":"راتلونکې اوونۍ","other":["په ",{"t":"idOrVar","v":"value"}," اوونیو"],"two":["په ",{"t":"idOrVar","v":"value"}," اوونیو"],"zero":"دا اونۍ"},"$x":[{"t":"idOrVar","v":"plural"},"value"]},{"$i":"months-until-long","$v":{"few":["په ",{"t":"idOrVar","v":"value"}," میاشتو"],"many":["په ",{"t":"idOrVar","v":"value"}," میاشتو"],"one":"راتلونکې میاشت","other":["په ",{"t":"idOrVar","v":"value"}," میاشتو"],"two":["په ",{"t":"idOrVar","v":"value"}," میاشتو"],"zero":"دا میاشت"},"$x":[{"t":"idOrVar","v":"plural"},"value"]},{"$i":"years-until-long","$v":{"few":["په ",{"t":"idOrVar","v":"value"}," کلونو"],"many":["په ",{"t":"idOrVar","v":"value"}," کلونو"],"one":"راتلونکی کال","other":["په ",{"t":"idOrVar","v":"value"}," کلونو"],"two":["په ",{"t":"idOrVar","v":"value"}," کلونو"],"zero":"دا کال"},"$x":[{"t":"idOrVar","v":"plural"},"value"]},{"$i":"minutes-ago-short","$v":{"other":[{"t":"idOrVar","v":"value"},"دقه مخکې"],"zero":"همدا اوس"},"$x":[{"t":"idOrVar","v":"plural"},"value"]},{"$i":"hours-ago-short","$v":{"other":[{"t":"idOrVar","v":"value"},"ساعت مخکې"],"zero":"همدا اوس"},"$x":[{"t":"idOrVar","v":"plural"},"value"]},{"$i":"days-ago-short","$v":{"other":[{"t":"idOrVar","v":"value"},"ورځ مخکې"],"zero":"نن"},"$x":[{"t":"idOrVar","v":"plural"},"value"]},{"$i":"minutes-until-short","$v":{"other":["په ",{"t":"idOrVar","v":"value"}," دقیقو"],"zero":"اوس"},"$x":[{"t":"idOrVar","v":"plural"},"value"]},{"$i":"hours-until-short","$v":{"other":["په ",{"t":"idOrVar","v":"value"}," ساعتونو"],"zero":"اوس"},"$x":[{"t":"idOrVar","v":"plural"},"value"]},{"$i":"days-until-short","$v":{"other":["په ",{"t":"idOrVar","v":"value"}," ورځو"],"zero":"نن"},"$x":[{"t":"idOrVar","v":"plural"},"value"]},{"$i":"incorrectDate","$v":"(غلطه نیټه)"},{"$i":"dateTimeFormat_%c","$v":"%a %b %e %Y %I:%M:%S %p"},{"$i":"dateTimeFormat_%x","$v":"%m/%d/%Y"},{"$i":"dateTimeFormat_%X","$v":"%I:%M:%S %p"},{"$i":"shortTimeFormat","$v":"%I:%M %p"},{"$i":"shortTimeFormat12","$v":"%I:%M %p"},{"$i":"shortTimeFormat24","$v":"%H:%M"},{"$i":"shortDateTimeFormat","$v":"%x %I:%M %p"},{"$i":"weekStartsOnMonday","$v":"0.0"},{"$i":"firstDayOfTheWeek","$v":"0.0"},{"$i":"time_am","$v":"سهار"},{"$i":"time_pm","$v":"ماښام"},{"$i":"softkey-options","$v":"غوراوي"}]