[{"$i":"back","$v":"Voltar"},{"$i":"save","$v":"Salvar"},{"$i":"cancel","$v":"Cancelar"},{"$i":"next","$v":"Avançar"},{"$i":"hide","$v":"Ocultar"},{"$i":"confirm","$v":"Confirmar"},{"$i":"done","$v":"Concluído"},{"$i":"events","$v":"Lembrete de eventos"},{"$i":"edit","$v":"Editar"},{"$i":"allday-events","$v":"Lembrete de eventos de dia inteiro"},{"$i":"no-events","$v":"Nenhum evento"},{"$i":"default","$v":"Padrão"},{"$i":"sync","$v":"Sincronizar"},{"$i":"repeat","$v":"Repetir"},{"$i":"never","$v":"Nunca"},{"$i":"every-day","$v":"Todos os dias"},{"$i":"every-week","$v":"Todas as semanas"},{"$i":"every-2-weeks","$v":"A cada 2 semanas"},{"$i":"every-month","$v":"Todos os meses"},{"$i":"view-never","$v":"Repetir: Nunca"},{"$i":"view-every-day","$v":"Repetir: Diariamente"},{"$i":"view-every-week","$v":"Repetir: Semanalmente"},{"$i":"view-every-2-weeks","$v":"Repetir: A cada duas semanas"},{"$i":"view-every-month","$v":"Repetir: Mensalmente"},{"$i":"repeat-event-header","$v":"Este é um evento que se repete."},{"$i":"delete-this-only","$v":"Excluir somente esta"},{"$i":"delete-all","$v":"Excluir tudo"},{"$i":"event-edit-all","$v":"Editar todos os eventos"},{"$i":"event-edit-all-future","$v":"Editar todos os eventos futuros"},{"$i":"options","$v":"Opções"},{"$i":"event-delete-all","$v":"Excluir tudo"},{"$i":"event-delete-all-future","$v":"Excluir todos os eventos futuros"},{"$i":"delete-account","$v":"Excluir conta"},{"$i":"exchange-account","$v":"ActiveSync"},{"$i":"account-user-name","$v":"Nome de usuário"},{"$i":"incorrect-password-description","$v":"Não foi possível conectar ao servidor, certifique-se de que a senha está correta."},{"$i":"incorrect-password","$v":"Senha incorreta, tente de novo."},{"$i":"account-duplicate","$v":"A conta já existe. A sincronização está ativada."},{"$i":"error-account","$v":"Servidor indisponível. Tente novamente mais tarde."},{"$i":"error-access-denied","$v":"Ocorreu um erro desconhecido. Tente novamente mais tarde."},{"$i":"error-time-out","$v":["Não é possível estabelecer conexão com \"",{"t":"idOrVar","v":"server"},"\". Pode haver um problema com a rede."]},{"$i":"caldav-account-exist","$v":"A conta já existe."},{"$i":"save-password","$v":"Senha salva."},{"$i":"account-login","$v":"Login de conta"},{"$i":"setting-up-account","$v":"Configurando conta"},{"$i":"setup-account-usedInfo","$v":"Esta conta será usada pelos aplicativos abaixo. Você pode mudar isso em Configurações>Conta."},{"$i":"app-calendar","$v":"Agenda"},{"$i":"show-today","$v":"Hoje"},{"$i":"show-month-view","$v":"Mês"},{"$i":"show-week-view","$v":"Semana"},{"$i":"show-day-view","$v":"Dia"},{"$i":"settings-show","$v":"Configurações"},{"$i":"settings-hide","$v":"Ocultar configurações"},{"$i":"add-account","$v":"Adicionar uma conta"},{"$i":"new-event","$v":"Adicionar evento"},{"$i":"view-event-header","$v":"Detalhes do evento"},{"$i":"new-event-header","$v":"Adicionar evento"},{"$i":"edit-event-header","$v":"Editar evento"},{"$i":"account-header","$v":"Conta"},{"$i":"account-list-header","$v":"Contas"},{"$i":"advanced-settings-short-icon-button","ariaLabel":"Configurações"},{"$i":"advanced-settings-header","$v":"Configurações de agenda"},{"$i":"advanced-settings-personalization","$v":"Frequência de atualização"},{"$i":"advanced-settings-reminders","$v":"Lembrete"},{"$i":"advanced-settings-add-account","$v":"Adicionar conta"},{"$i":"field-user","$v":"Nome de usuário"},{"$i":"field-password","$v":"Senha"},{"$i":"show-password","$v":"Mostrar senha"},{"$i":"field-full-url","$v":"URL"},{"$i":"modify-account-setting-up","$v":"Aguarde enquanto sua conta é configurada"},{"$i":"modify-account-unable-to-sync","$v":"Não é possível sincronizar"},{"$i":"modify-account-sign-in","$v":"Iniciar sessão"},{"$i":"kai-caldav","$v":"CalDav"},{"$i":"kai-yahoo","$v":"Yahoo!"},{"$i":"kai-google","$v":"Google"},{"$i":"preset-mozilla","$v":"Mozilla Zimbra"},{"$i":"calendar-local","$v":"Agenda do telefone"},{"$i":"event-title","$v":"Título"},{"$i":"event-location","$v":"Localização"},{"$i":"event-description","$v":"Anotações"},{"$i":"event-is-allday","$v":"Evento de dia inteiro"},{"$i":"event-start-date","$v":"Data de início"},{"$i":"event-end-date","$v":"Data de término"},{"$i":"event-start-time","$v":"Hora de início"},{"$i":"event-end-time","$v":"Hora de término"},{"$i":"event-delete","$v":"Excluir evento"},{"$i":"event-is-deleting","$v":"Excluindo..."},{"$i":"remove-account-data","$v":"Remover conta"},{"$i":"remove-account-dialog","$v":"Remover conta"},{"$i":"remove-account-dialog-details","$v":["Remover \"",{"t":"idOrVar","v":"email"},"\" de seu dispositivo?"]},{"$i":"remove","$v":"Remover"},{"$i":"drawer-sync-icon-button","ariaLabel":"Sincronizar"},{"$i":"sync-progress-syncing","ariaValueText":"Sincronizando"},{"$i":"sync-progress-complete","ariaValueText":"Sincronização concluída"},{"$i":"sync-frequency","$v":"Sincronizar agenda"},{"$i":"sync-frequency-15min","$v":"A cada 15 minutos"},{"$i":"sync-frequency-30min","$v":"A cada 30 minutos"},{"$i":"sync-frequency-manual","$v":"Manualmente"},{"$i":"from","$v":"De"},{"$i":"to","$v":"Para"},{"$i":"one-day-duration-title","$v":[{"t":"idOrVar","v":"startDate"}]},{"$i":"one-day-duration-content","$v":[{"t":"idOrVar","v":"startTime"}," às ",{"t":"idOrVar","v":"endTime"}]},{"$i":"multiple-day-duration-title","$v":[{"t":"idOrVar","v":"startTime"}," ",{"t":"idOrVar","v":"startDate"}]},{"$i":"multiple-day-duration-content","$v":[{"t":"idOrVar","v":"endTime"}," ",{"t":"idOrVar","v":"endDate"}]},{"$i":"one-all-day-duration-title","$v":[{"t":"idOrVar","v":"startDate"}]},{"$i":"all-day-duration-content","$v":"Evento de dia inteiro"},{"$i":"multiple-all-day-duration-title","$v":["De ",{"t":"idOrVar","v":"startDate"}]},{"$i":"multiple-all-day-duration-content","$v":["Até ",{"t":"idOrVar","v":"endDate"}]},{"$i":"none","$v":"Nenhum"},{"$i":"reminder","$v":"Lembrete de evento"},{"$i":"remind-me","$v":"Lembre-me"},{"$i":"alarm-at-event-standard","$v":"Na hora do evento"},{"$i":"alarm-at-event-allday","$v":"No dia do evento"},{"$i":"alarm-at-event-allday-hour12","$v":"No dia do evento (9:00 AM)"},{"$i":"alarm-at-event-allday-hour24","$v":"No dia do evento (9:00 AM)"},{"$i":"alarm-start-notice","$v":[{"t":"idOrVar","v":"title"}," iniciando ",{"t":"idOrVar","v":"distance"}]},{"$i":"alarm-started-notice","$v":[{"t":"idOrVar","v":"título"}," iniciou ",{"t":"idOrVar","v":"distance"}]},{"$i":"alarm-start-notice-two-days","$v":[{"t":"idOrVar","v":"title"}," iniciando em dois dias"]},{"$i":"alarm-start-notice-few-days","$v":[{"t":"idOrVar","v":"title"}," iniciando em ",{"t":"idOrVar","v":"distance"}]},{"$i":"days-before-hour12","$v":{"few":[{"t":"idOrVar","v":"value"}," Dias antes (9:00 AM)"],"many":[{"t":"idOrVar","v":"value"}," Dias antes (9:00 AM)"],"one":"1 dia antes (9:00 AM)","other":[{"t":"idOrVar","v":"value"}," Dias antes (9:00 AM)"],"two":[{"t":"idOrVar","v":"value"}," Dias antes (9:00 AM)"],"zero":"0 dias antes (9:00 AM)"},"$x":[{"t":"idOrVar","v":"plural"},"value"]},{"$i":"weeks-before-hour12","$v":{"few":[{"t":"idOrVar","v":"value"}," Semanas antes (9:00 AM)"],"many":[{"t":"idOrVar","v":"value"}," Semanas antes (9:00 AM)"],"one":"1 semana antes (9:00 AM)","other":[{"t":"idOrVar","v":"value"}," Semanas antes (9:00 AM)"],"two":[{"t":"idOrVar","v":"value"}," Semanas antes (9:00 AM)"],"zero":"0 semanas antes (9:00 AM)"},"$x":[{"t":"idOrVar","v":"plural"},"value"]},{"$i":"days-before-hour24","$v":{"few":[{"t":"idOrVar","v":"value"}," Dias antes (9:00 AM)"],"many":[{"t":"idOrVar","v":"value"}," Dias antes (9:00 AM)"],"one":"1 dia antes (9:00 AM)","other":[{"t":"idOrVar","v":"value"}," Dias antes (9:00 AM)"],"two":[{"t":"idOrVar","v":"value"}," Dias antes (9:00 AM)"],"zero":"0 dias antes (9:00 AM)"},"$x":[{"t":"idOrVar","v":"plural"},"value"]},{"$i":"weeks-before-hour24","$v":{"few":[{"t":"idOrVar","v":"value"}," Semanas antes (9:00 AM)"],"many":[{"t":"idOrVar","v":"value"}," Semanas antes (9:00 AM)"],"one":"1 semana antes (9:00 AM)","other":[{"t":"idOrVar","v":"value"}," Semanas antes (9:00 AM)"],"two":[{"t":"idOrVar","v":"value"}," Semanas antes (9:00 AM)"],"zero":"0 semanas antes (9:00 AM)"},"$x":[{"t":"idOrVar","v":"plural"},"value"]},{"$i":"minutes-before","$v":{"few":[{"t":"idOrVar","v":"value"}," minutos antes"],"many":[{"t":"idOrVar","v":"value"}," minutos antes"],"one":"1 minuto antes","other":[{"t":"idOrVar","v":"value"}," minutos antes"],"two":[{"t":"idOrVar","v":"value"}," minutos antes"],"zero":"0 minutos antes"},"$x":[{"t":"idOrVar","v":"plural"},"value"]},{"$i":"hours-before","$v":{"few":[{"t":"idOrVar","v":"value"}," horas antes"],"many":[{"t":"idOrVar","v":"value"}," horas antes"],"one":"1 hora antes","other":[{"t":"idOrVar","v":"value"}," horas antes"],"two":[{"t":"idOrVar","v":"value"}," horas antes"],"zero":"0 horas antes"},"$x":[{"t":"idOrVar","v":"plural"},"value"]},{"$i":"days-before","$v":{"few":[{"t":"idOrVar","v":"value"}," dias antes"],"many":[{"t":"idOrVar","v":"value"}," dias antes"],"one":"1 dia antes","other":[{"t":"idOrVar","v":"value"}," dias antes"],"two":[{"t":"idOrVar","v":"value"}," dias antes"],"zero":"0 dias antes"},"$x":[{"t":"idOrVar","v":"plural"},"value"]},{"$i":"weeks-before","$v":{"few":[{"t":"idOrVar","v":"value"}," semanas antes"],"many":[{"t":"idOrVar","v":"value"}," semanas antes"],"one":"1 semana antes","other":[{"t":"idOrVar","v":"value"}," semanas antes"],"two":[{"t":"idOrVar","v":"value"}," semanas antes"],"zero":"0 semanas antes"},"$x":[{"t":"idOrVar","v":"plural"},"value"]},{"$i":"months-before","$v":{"few":[{"t":"idOrVar","v":"value"}," meses antes"],"many":[{"t":"idOrVar","v":"value"}," meses antes"],"one":"1 mês antes","other":[{"t":"idOrVar","v":"value"}," meses antes"],"two":[{"t":"idOrVar","v":"value"}," meses antes"],"zero":"0 meses antes"},"$x":[{"t":"idOrVar","v":"plural"},"value"]},{"$i":"years-before","$v":{"few":[{"t":"idOrVar","v":"value"}," anos antes"],"many":[{"t":"idOrVar","v":"value"}," anos antes"],"one":"1 ano antes","other":[{"t":"idOrVar","v":"value"}," anos antes"],"two":[{"t":"idOrVar","v":"value"}," anos antes"],"zero":"0 anos antes"},"$x":[{"t":"idOrVar","v":"plural"},"value"]},{"$i":"minutes-after","$v":{"few":[{"t":"idOrVar","v":"value"}," minutos depois"],"many":[{"t":"idOrVar","v":"value"}," minutos depois"],"one":"1 minuto depois","other":[{"t":"idOrVar","v":"value"}," minutos depois"],"two":[{"t":"idOrVar","v":"value"}," minutos depois"],"zero":"0 minutos depois"},"$x":[{"t":"idOrVar","v":"plural"},"value"]},{"$i":"hours-after","$v":{"few":[{"t":"idOrVar","v":"value"}," horas depois"],"many":[{"t":"idOrVar","v":"value"}," horas depois"],"one":"1 hora depois","other":[{"t":"idOrVar","v":"value"}," horas depois"],"two":[{"t":"idOrVar","v":"value"}," horas depois"],"zero":"0 horas depois"},"$x":[{"t":"idOrVar","v":"plural"},"value"]},{"$i":"days-after","$v":{"few":[{"t":"idOrVar","v":"value"}," dias depois"],"many":[{"t":"idOrVar","v":"value"}," dias depois"],"one":"1 dia depois","other":[{"t":"idOrVar","v":"value"}," dias depois"],"two":[{"t":"idOrVar","v":"value"}," dias depois"],"zero":"0 dias depois"},"$x":[{"t":"idOrVar","v":"plural"},"value"]},{"$i":"weeks-after","$v":{"few":[{"t":"idOrVar","v":"value"}," semanas depois"],"many":[{"t":"idOrVar","v":"value"}," semanas depois"],"one":"1 semana depois","other":[{"t":"idOrVar","v":"value"}," semanas depois"],"two":[{"t":"idOrVar","v":"value"}," semanas depois"],"zero":"0 semanas depois"},"$x":[{"t":"idOrVar","v":"plural"},"value"]},{"$i":"months-after","$v":{"few":[{"t":"idOrVar","v":"value"}," meses depois"],"many":[{"t":"idOrVar","v":"value"}," meses depois"],"one":"1 mês depois","other":[{"t":"idOrVar","v":"value"}," meses depois"],"two":[{"t":"idOrVar","v":"value"}," meses depois"],"zero":"0 meses depois"},"$x":[{"t":"idOrVar","v":"plural"},"value"]},{"$i":"years-after","$v":{"few":[{"t":"idOrVar","v":"value"}," anos depois"],"many":[{"t":"idOrVar","v":"value"}," anos depois"],"one":"1 ano depois","other":[{"t":"idOrVar","v":"value"}," anos depois"],"two":[{"t":"idOrVar","v":"value"}," anos depois"],"zero":"0 anos depois"},"$x":[{"t":"idOrVar","v":"plural"},"value"]},{"$i":"hour-format12","$v":"%I %p"},{"$i":"hour-format24","$v":"%H"},{"$i":"week-hour-format12","$v":"%I %p"},{"$i":"week-hour-format24","$v":"%H"},{"$i":"hour-allday","$v":"O dia inteiro"},{"$i":"kai-week-day","$v":"%a\\n%e"},{"$i":"current-time12","$v":"%I:%M"},{"$i":"current-time24","$v":"%H:%M"},{"$i":"multi-month-view-header-format","$v":"%B %Y"},{"$i":"day-view-header-format","$v":"%A, %B %e"},{"$i":"months-day-view-header-format","$v":"%A, %B %e"},{"$i":"months-day-view-header-format-small","$v":{"$o":"%a <br/> %b, %e"}},{"$i":"week-view-header-format","$v":["Semana ",{"t":"idOrVar","v":"value"},", %B %Y"]},{"$i":"longDateFormat","$v":"%A, %d de %B de %Y"},{"$i":"longTimeFormat","$v":"%A %B %d"},{"$i":"longTimeFormat12","$v":"%A %B %d %I %p"},{"$i":"longTimeFormat24","$v":"%A %B %d %H horas"},{"$i":"weekTimeFormat12","$v":"%I %p"},{"$i":"weekTimeFormat24","$v":"%H horas"},{"$i":"weekDayFormat","$v":"%A o %d"},{"$i":"alldayLongTimeFormat","$v":"%A %B %d de dia inteiro"},{"$i":"dayHour12","$v":"%I %p"},{"$i":"dayHour24","$v":"%H horas"},{"$i":"longDateTime12","$v":"%I %p, %a, %d %b, %Y"},{"$i":"longDateTime24","$v":"%H, %a, %d de %b de %Y"},{"$i":"upcoming-events","$v":"Próximos eventos"},{"$i":"search-results","$v":"Resultados da pesquisa"},{"$i":"no-event-found","$v":"Nenhum evento encontrado"},{"$i":"longDateTimeNew12","$v":"%a, %B %e, %Y, %I:%M %p"},{"$i":"longDateTimeNew24","$v":"%a, %B %e, %Y, %H:%M"},{"$i":"error-start-date-after-end-date","$v":"O evento não pode terminar antes da data de início."},{"$i":"error-start-time-after-end-time","$v":"O evento não pode terminar antes da hora de início."},{"$i":"error-unauthenticated","$v":"Senha ou nome de usuário incorreto. Tente novamente."},{"$i":"error-internal-server-error","$v":"Erro de servidor. Tente novamente."},{"$i":"error-unkown","$v":"Servidor indisponível. Tente novamente mais tarde."},{"$i":"error-default","$v":"Algo está errado. Tente novamente mais tarde."},{"$i":"error-offline","$v":"Não é possível conectar-se à Internet. Você pode usar dados das redes móveis ou Wi-Fi para acessar a Internet."},{"$i":"error-account-exist","$v":"Esta conta já existe."},{"$i":"error-confirmation-title","$v":"Erro"},{"$i":"error-edit-online-event","$v":"Falha ao editar evento on-line porque não existe conexão com a Internet."},{"$i":"error-delete-online-event","$v":"Falha ao excluir evento on-line porque não existe conexão com a Internet."},{"$i":"notification-error-sync-title","$v":"Erro de sincronização de agenda"},{"$i":"notification-error-sync-description","$v":"Tocar para obter mais informações"},{"$i":"notification-error-caldav-sync-title","$v":"Erro da conta"},{"$i":"notification-error-caldav-sync-description","$v":"Faça login novamente"},{"$i":"weekday-0-single-char","$v":"D","ariaLabel":"Domingo"},{"$i":"weekday-1-single-char","$v":"S","ariaLabel":"Segunda-feira"},{"$i":"weekday-2-single-char","$v":"T","ariaLabel":"Terça-feira"},{"$i":"weekday-3-single-char","$v":"Q","ariaLabel":"Quarta-feira"},{"$i":"weekday-4-single-char","$v":"Q","ariaLabel":"Quinta-feira"},{"$i":"weekday-5-single-char","$v":"S","ariaLabel":"Sexta-feira"},{"$i":"weekday-6-single-char","$v":"S","ariaLabel":"Sábado"},{"$i":"busy","$v":{"few":[{"t":"idOrVar","v":"n"}," eventos"],"many":[{"t":"idOrVar","v":"n"}," eventos"],"one":[{"t":"idOrVar","v":"n"}," evento"],"other":[{"t":"idOrVar","v":"n"}," eventos"],"two":[{"t":"idOrVar","v":"n"}," eventos"],"zero":"Nenhum evento"},"$x":[{"t":"idOrVar","v":"plural"},"n"]},{"$i":"present","ariaLabel":"Hoje"},{"$i":"past-other-month-description","ariaLabel":"Outro mês"},{"$i":"future-other-month-description","ariaLabel":"Outro mês"},{"$i":"icon-calendar-alarm","ariaLabel":"Tem alarme"},{"$i":"calendars","ariaLabel":"Agendas"},{"$i":"multi-day-new-event-link","ariaLabel":"Adicionar evento"},{"$i":"title","ariaLabel":"Título"},{"$i":"location","ariaLabel":"Localização"},{"$i":"duration","ariaLabel":"Duração"},{"$i":"calendar","ariaLabel":"Agenda"},{"$i":"alarms","ariaLabel":"Alarmes"},{"$i":"description","ariaLabel":"Descrição"},{"$i":"start-date","ariaLabel":"Data de início"},{"$i":"start-time","ariaLabel":"Hora de início"},{"$i":"end-date","ariaLabel":"Data de término"},{"$i":"end-time","ariaLabel":"Hora de término"},{"$i":"during-progress-loading","ariaValueText":"Carregando"},{"$i":"all-day","ariaLabel":"O dia inteiro"},{"$i":"create-event","ariaLabel":"Criar evento"},{"$i":"create-all-day-event","ariaLabel":"Criar evento de dia inteiro"},{"$i":"event-one-day-duration","ariaLabel":["de ",{"t":"idOrVar","v":"startTime"}," a ",{"t":"idOrVar","v":"endTime"}]},{"$i":"week-event-one-day-duration","ariaLabel":[{"t":"idOrVar","v":"startDate"}," das ",{"t":"idOrVar","v":"startTime"}," às ",{"t":"idOrVar","v":"endTime"}]},{"$i":"event-multiple-day-duration","ariaLabel":["De ",{"t":"idOrVar","v":"startTime"}," ",{"t":"idOrVar","v":"startDate"}," a ",{"t":"idOrVar","v":"endTime"}," ",{"t":"idOrVar","v":"endDate"}]},{"$i":"kai-event-added","$v":"Evento adicionado."},{"$i":"kai-event-updated","$v":"Evento atualizado."},{"$i":"kai-event-deleted","$v":"Evento excluído."},{"$i":"kai-change-save","$v":"Alterações salvas"},{"$i":"event-sync-failure","$v":"Não é possível sincronizar"},{"$i":"kai-event-calendar","$v":"Agenda"},{"$i":"kai-single-event","$v":"evento"},{"$i":"kai-event-count","$v":"eventos"},{"$i":"kai-sync-progress-syncing","$v":"Sincronizando"},{"$i":"kai-sync-progress-complete","$v":"Agenda atualizada."},{"$i":"kai-settings-sounds","$v":"Sons"},{"$i":"kai-tones","$v":"Tons"},{"$i":"kai-multi-events","$v":"Eventos"},{"$i":"kai-confirmation-title","$v":"Confirmação"},{"$i":"kai-delete-selectedEvent-confirmation","$v":"Excluir evento selecionado?"},{"$i":"kai-deleteEvent-confirmation","$v":"Excluir evento?"},{"$i":"kai-event-search-header","$v":"Pesquisar","placeholder":"Pesquisar"},{"$i":"kai-event-search-upcoming-events","$v":"Próximos eventos"},{"$i":"kai-delete","$v":"Excluir"},{"$i":"kai-cancel","$v":"Cancelar"},{"$i":"kai-dialog-delete-sel","$v":"Tem certeza de que deseja excluir o evento selecionado?"},{"$i":"kai-delete-title","$v":"Excluir evento"},{"$i":"kai-save-changes","$v":"Salvar alterações?"},{"$i":"kai-save-message-back","$v":"Todos os dados inseridos serão perdidos. Deseja salvar as alterações?"},{"$i":"kai-save-message-close","$v":"O aplicativo será fechado com perda de dados. Deseja salvar as alterações?"},{"$i":"yes","$v":"Sim"},{"$i":"no","$v":"Não"},{"$i":"confirmation","$v":"Confirmação"},{"$i":"ok","$v":"Ok"},{"$i":"delete-event","$v":"Excluir evento selecionado?"},{"$i":"edit-event-no-net","$v":"Falha ao editar evento on-line porque não existe conexão com a Internet."},{"$i":"kai-settings-header","$v":"Agenda a exibir"},{"$i":"kai-syncing","$v":"Sincronizando..."},{"$i":"kai-syncing-header","$v":"Sincronização da conta"},{"$i":"select","$v":"Selecionar"},{"$i":"add-event","$v":"Adicionar"},{"$i":"week-view","$v":"Visualização semanal"},{"$i":"day-view","$v":"Visualização diária"},{"$i":"month-view","$v":"Visualização mensal"},{"$i":"today","$v":"Hoje"},{"$i":"go","$v":"Ir para data"},{"$i":"search","$v":"Pesquisar"},{"$i":"calendar-to-display","$v":"Agenda a exibir"},{"$i":"settings","$v":"Configurações"},{"$i":"delete","$v":"Excluir"},{"$i":"enter","$v":"Entrar"},{"$i":"sync-calendar","$v":"Sincronizar agenda"},{"$i":"lunar-calendar","$v":"Dia lunar"},{"$i":"present-description","$v":["Hoje ",{"t":"idOrVar","v":"weekday"},", dia ",{"t":"idOrVar","v":"date"}]},{"$i":"day-description","$v":[{"t":"idOrVar","v":"weekday"}," dia ",{"t":"idOrVar","v":"date"}]},{"$i":"weekday-5","$v":"Sexta-feira"},{"$i":"weekday-4","$v":"Quinta-feira"},{"$i":"weekday-3","$v":"Quarta-feira"},{"$i":"weekday-2","$v":"Terça-feira"},{"$i":"weekday-1","$v":"Segunda-feira"},{"$i":"weekday-0","$v":"Domingo"},{"$i":"weekday-6","$v":"Sábado"},{"$i":"no-title","$v":"(Sem título)"},{"$i":"weekday-0-long","$v":"Domingo"},{"$i":"weekday-1-long","$v":"Segunda-feira"},{"$i":"weekday-2-long","$v":"Terça-feira"},{"$i":"weekday-3-long","$v":"Quarta-feira"},{"$i":"weekday-4-long","$v":"Quinta-feira"},{"$i":"weekday-5-long","$v":"Sexta-feira"},{"$i":"weekday-6-long","$v":"Sábado"},{"$i":"weekday-0-short","$v":"Dom"},{"$i":"weekday-1-short","$v":"Seg"},{"$i":"weekday-2-short","$v":"Ter"},{"$i":"weekday-3-short","$v":"Qua"},{"$i":"weekday-4-short","$v":"Qui"},{"$i":"weekday-5-short","$v":"Sex"},{"$i":"weekday-6-short","$v":"Sáb"},{"$i":"month-0-long","$v":"Janeiro"},{"$i":"month-1-long","$v":"Fevereiro"},{"$i":"month-2-long","$v":"Março"},{"$i":"month-3-long","$v":"Abril"},{"$i":"month-4-long","$v":"Maio"},{"$i":"month-5-long","$v":"Junho"},{"$i":"month-6-long","$v":"Julho"},{"$i":"month-7-long","$v":"Agosto"},{"$i":"month-8-long","$v":"Setembro"},{"$i":"month-9-long","$v":"Outubro"},{"$i":"month-10-long","$v":"Novembro"},{"$i":"month-11-long","$v":"Dezembro"},{"$i":"month-0-genitive","$v":"Janeiro"},{"$i":"month-1-genitive","$v":"Fevereiro"},{"$i":"month-2-genitive","$v":"Março"},{"$i":"month-3-genitive","$v":"Abril"},{"$i":"month-4-genitive","$v":"Maio"},{"$i":"month-5-genitive","$v":"Junho"},{"$i":"month-6-genitive","$v":"Julho"},{"$i":"month-7-genitive","$v":"Agosto"},{"$i":"month-8-genitive","$v":"Setembro"},{"$i":"month-9-genitive","$v":"Outubro"},{"$i":"month-10-genitive","$v":"Novembro"},{"$i":"month-11-genitive","$v":"Dezembro"},{"$i":"month-0-short","$v":"Jan"},{"$i":"month-1-short","$v":"Fev"},{"$i":"month-2-short","$v":"Mar"},{"$i":"month-3-short","$v":"Abr"},{"$i":"month-4-short","$v":"Mai"},{"$i":"month-5-short","$v":"Jun"},{"$i":"month-6-short","$v":"Jul"},{"$i":"month-7-short","$v":"Ago"},{"$i":"month-8-short","$v":"Set"},{"$i":"month-9-short","$v":"Out"},{"$i":"month-10-short","$v":"Nov"},{"$i":"month-11-short","$v":"Dez"},{"$i":"minutes-ago-long","$v":{"few":[{"t":"idOrVar","v":"value"}," minutos atrás"],"many":[{"t":"idOrVar","v":"value"}," minutos atrás"],"one":"um minuto atrás","other":[{"t":"idOrVar","v":"value"}," minutos atrás"],"two":[{"t":"idOrVar","v":"value"}," minutos atrás"],"zero":"agora mesmo"},"$x":[{"t":"idOrVar","v":"plural"},"value"]},{"$i":"hours-ago-long","$v":{"few":["horas ",{"t":"idOrVar","v":"value"}," atrás"],"many":["horas ",{"t":"idOrVar","v":"value"}," atrás"],"one":"uma hora atrás","other":["horas ",{"t":"idOrVar","v":"value"}," atrás"],"two":["horas ",{"t":"idOrVar","v":"value"}," atrás"],"zero":"agora mesmo"},"$x":[{"t":"idOrVar","v":"plural"},"value"]},{"$i":"days-ago-long","$v":{"few":[{"t":"idOrVar","v":"value"}," dias antes"],"many":[{"t":"idOrVar","v":"value"}," dias antes"],"one":"ontem","other":[{"t":"idOrVar","v":"value"}," dias antes"],"two":[{"t":"idOrVar","v":"value"}," dias antes"],"zero":"hoje"},"$x":[{"t":"idOrVar","v":"plural"},"value"]},{"$i":"weeks-ago-long","$v":{"few":[{"t":"idOrVar","v":"value"}," semanas antes"],"many":[{"t":"idOrVar","v":"value"}," semanas antes"],"one":"semana passada","other":[{"t":"idOrVar","v":"value"}," semanas antes"],"two":[{"t":"idOrVar","v":"value"}," semanas antes"],"zero":"esta semana"},"$x":[{"t":"idOrVar","v":"plural"},"value"]},{"$i":"months-ago-long","$v":{"few":[{"t":"idOrVar","v":"value"}," meses antes"],"many":[{"t":"idOrVar","v":"value"}," meses antes"],"one":"no mês passado","other":[{"t":"idOrVar","v":"value"}," meses antes"],"two":[{"t":"idOrVar","v":"value"}," meses antes"],"zero":"este mês"},"$x":[{"t":"idOrVar","v":"plural"},"value"]},{"$i":"years-ago-long","$v":{"few":[{"t":"idOrVar","v":"value"}," anos antes"],"many":[{"t":"idOrVar","v":"value"}," anos antes"],"one":"ano passado","other":[{"t":"idOrVar","v":"value"}," anos antes"],"two":[{"t":"idOrVar","v":"value"}," anos antes"],"zero":"este ano"},"$x":[{"t":"idOrVar","v":"plural"},"value"]},{"$i":"minutes-until-long","$v":{"few":["em ",{"t":"idOrVar","v":"value"}," minutos"],"many":["em ",{"t":"idOrVar","v":"value"}," minutos"],"one":"em um minuto","other":["em ",{"t":"idOrVar","v":"value"}," minutos"],"two":["em ",{"t":"idOrVar","v":"value"}," minutos"],"zero":"agora"},"$x":[{"t":"idOrVar","v":"plural"},"value"]},{"$i":"hours-until-long","$v":{"few":["em ",{"t":"idOrVar","v":"value"}," horas"],"many":["em ",{"t":"idOrVar","v":"value"}," horas"],"one":"em uma hora","other":["em ",{"t":"idOrVar","v":"value"}," horas"],"two":["em ",{"t":"idOrVar","v":"value"}," horas"],"zero":"agora"},"$x":[{"t":"idOrVar","v":"plural"},"value"]},{"$i":"days-until-long","$v":{"few":["em ",{"t":"idOrVar","v":"value"}," dias"],"many":["em ",{"t":"idOrVar","v":"value"}," dias"],"one":"amanhã","other":["em ",{"t":"idOrVar","v":"value"}," dias"],"two":["em ",{"t":"idOrVar","v":"value"}," dias"],"zero":"hoje"},"$x":[{"t":"idOrVar","v":"plural"},"value"]},{"$i":"weeks-until-long","$v":{"few":["em ",{"t":"idOrVar","v":"value"}," semanas"],"many":["em ",{"t":"idOrVar","v":"value"}," semanas"],"one":"próxima semana","other":["em ",{"t":"idOrVar","v":"value"}," semanas"],"two":["em ",{"t":"idOrVar","v":"value"}," semanas"],"zero":"esta semana"},"$x":[{"t":"idOrVar","v":"plural"},"value"]},{"$i":"months-until-long","$v":{"few":["em ",{"t":"idOrVar","v":"value"}," meses"],"many":["em ",{"t":"idOrVar","v":"value"}," meses"],"one":"próximo mês","other":["em ",{"t":"idOrVar","v":"value"}," meses"],"two":["em ",{"t":"idOrVar","v":"value"}," meses"],"zero":"este mês"},"$x":[{"t":"idOrVar","v":"plural"},"value"]},{"$i":"years-until-long","$v":{"few":["em ",{"t":"idOrVar","v":"value"}," anos"],"many":["em ",{"t":"idOrVar","v":"value"}," anos"],"one":"próximo ano","other":["em ",{"t":"idOrVar","v":"value"}," anos"],"two":["em ",{"t":"idOrVar","v":"value"}," anos"],"zero":"este ano"},"$x":[{"t":"idOrVar","v":"plural"},"value"]},{"$i":"minutes-ago-short","$v":{"other":[{"t":"idOrVar","v":"value"},"m atrás"],"zero":"agora mesmo"},"$x":[{"t":"idOrVar","v":"plural"},"value"]},{"$i":"hours-ago-short","$v":{"other":[{"t":"idOrVar","v":"value"},"h atrás"],"zero":"agora mesmo"},"$x":[{"t":"idOrVar","v":"plural"},"value"]},{"$i":"days-ago-short","$v":{"other":[{"t":"idOrVar","v":"value"},"d antes"],"zero":"hoje"},"$x":[{"t":"idOrVar","v":"plural"},"value"]},{"$i":"minutes-until-short","$v":{"other":["em ",{"t":"idOrVar","v":"value"},"m"],"zero":"agora"},"$x":[{"t":"idOrVar","v":"plural"},"value"]},{"$i":"hours-until-short","$v":{"other":["em ",{"t":"idOrVar","v":"value"},"h"],"zero":"agora"},"$x":[{"t":"idOrVar","v":"plural"},"value"]},{"$i":"days-until-short","$v":{"other":["em ",{"t":"idOrVar","v":"value"},"d"],"zero":"hoje"},"$x":[{"t":"idOrVar","v":"plural"},"value"]},{"$i":"incorrectDate","$v":"(data incorreta)"},{"$i":"dateTimeFormat_%c","$v":"%a %b %e %Y %I:%M:%S %p"},{"$i":"dateTimeFormat_%x","$v":"%d/%m/%Y"},{"$i":"dateTimeFormat_%X","$v":"%I:%M:%S %p"},{"$i":"shortTimeFormat","$v":"%I:%M %p"},{"$i":"shortTimeFormat12","$v":"%I:%M %p"},{"$i":"shortTimeFormat24","$v":"%H:%M"},{"$i":"shortDateTimeFormat","$v":"%x %I:%M %p"},{"$i":"weekStartsOnMonday","$v":"0.0"},{"$i":"firstDayOfTheWeek","$v":"0.0"},{"$i":"time_am","$v":"AM"},{"$i":"time_pm","$v":"PM"},{"$i":"softkey-options","$v":"Opções"}]