[{"$i":"back","$v":"Voltar"},{"$i":"save","$v":"Guardar"},{"$i":"cancel","$v":"Cancelar"},{"$i":"next","$v":"Avançar"},{"$i":"hide","$v":"Ocultar"},{"$i":"confirm","$v":"Confirmar"},{"$i":"done","$v":"Concluído"},{"$i":"events","$v":"Lembrete de eventos"},{"$i":"edit","$v":"Editar"},{"$i":"allday-events","$v":"Lembrete de eventos de o dia todo"},{"$i":"no-events","$v":"Nenhum evento"},{"$i":"default","$v":"Predefinição"},{"$i":"sync","$v":"Sincronização"},{"$i":"repeat","$v":"Repetir"},{"$i":"never","$v":"Nunca"},{"$i":"every-day","$v":"Todos os dias"},{"$i":"every-week","$v":"Semanalmente"},{"$i":"every-2-weeks","$v":"A cada 2 semanas"},{"$i":"every-month","$v":"Mensalmente"},{"$i":"view-never","$v":"Repetir: Nunca"},{"$i":"view-every-day","$v":"Repetir: Diariamente"},{"$i":"view-every-week","$v":"Repetir: Semanalmente"},{"$i":"view-every-2-weeks","$v":"Repetir: a cada duas semanas"},{"$i":"view-every-month","$v":"Repetir: Mensalmente"},{"$i":"repeat-event-header","$v":"Este é um evento repetido."},{"$i":"delete-this-only","$v":"Eliminar apenas esta"},{"$i":"delete-all","$v":"Eliminar tudo"},{"$i":"event-edit-all","$v":"Editar todos os eventos"},{"$i":"event-edit-all-future","$v":"Editar todos os eventos futuros"},{"$i":"options","$v":"Opções"},{"$i":"event-delete-all","$v":"Eliminar tudo"},{"$i":"event-delete-all-future","$v":"Eliminar todos os eventos futuros"},{"$i":"delete-account","$v":"Eliminar conta"},{"$i":"exchange-account","$v":"ActiveSync"},{"$i":"account-user-name","$v":"Nome de utilizador"},{"$i":"incorrect-password-description","$v":"Não foi possível iniciar sessão no servidor, certifique-se de que a palavra-passe está correta."},{"$i":"incorrect-password","$v":"Palavra-passe incorreta, tente novamente."},{"$i":"account-duplicate","$v":"A conta já existe. A sincronização está ativada."},{"$i":"error-account","$v":"Servidor indisponível. Tente mais tarde."},{"$i":"error-access-denied","$v":"Ocorreu um erro desconhecido. Tente mais tarde."},{"$i":"error-time-out","$v":["Não foi possível estabelecer ligação a \"",{"t":"idOrVar","v":"server"},"\". Pode existir um problema com a rede."]},{"$i":"caldav-account-exist","$v":"A conta já existe."},{"$i":"save-password","$v":"Palavra-passe guardada."},{"$i":"account-login","$v":"Início de sessão na conta"},{"$i":"setting-up-account","$v":"Configurar uma conta"},{"$i":"setup-account-usedInfo","$v":"Esta conta será utilizada pelas aplicações abaixo. Pode alterá-lo em Definições > Conta."},{"$i":"app-calendar","$v":"Calendário"},{"$i":"show-today","$v":"Hoje"},{"$i":"show-month-view","$v":"Mês"},{"$i":"show-week-view","$v":"Semana"},{"$i":"show-day-view","$v":"Dia"},{"$i":"settings-show","$v":"Definições"},{"$i":"settings-hide","$v":"Ocultar definições"},{"$i":"add-account","$v":"Adicionar uma conta"},{"$i":"new-event","$v":"Adicionar evento"},{"$i":"view-event-header","$v":"Detalhes do evento"},{"$i":"new-event-header","$v":"Adicionar evento"},{"$i":"edit-event-header","$v":"Editar evento"},{"$i":"account-header","$v":"Conta"},{"$i":"account-list-header","$v":"Contas"},{"$i":"advanced-settings-short-icon-button","ariaLabel":"Definições"},{"$i":"advanced-settings-header","$v":"Definições de calendário"},{"$i":"advanced-settings-personalization","$v":"Frequência de atualização"},{"$i":"advanced-settings-reminders","$v":"Lembrete"},{"$i":"advanced-settings-add-account","$v":"Adicionar conta"},{"$i":"field-user","$v":"Nome de utilizador"},{"$i":"field-password","$v":"Palavra-passe"},{"$i":"show-password","$v":"Mostrar palavra-passe"},{"$i":"field-full-url","$v":"URL"},{"$i":"modify-account-setting-up","$v":"Aguarde enquanto a sua conta é configurada"},{"$i":"modify-account-unable-to-sync","$v":"Não foi possível sincronizar"},{"$i":"modify-account-sign-in","$v":"Iniciar sessão"},{"$i":"kai-caldav","$v":"CalDav"},{"$i":"kai-yahoo","$v":"Yahoo!"},{"$i":"kai-google","$v":"Google"},{"$i":"preset-mozilla","$v":"Mozilla Zimbra"},{"$i":"calendar-local","$v":"Calendário do telefone"},{"$i":"event-title","$v":"Título"},{"$i":"event-location","$v":"Localização"},{"$i":"event-description","$v":"Notas"},{"$i":"event-is-allday","$v":"Evento para o dia todo"},{"$i":"event-start-date","$v":"Data de início"},{"$i":"event-end-date","$v":"Data de fim"},{"$i":"event-start-time","$v":"Hora de início"},{"$i":"event-end-time","$v":"Hora de fim"},{"$i":"event-delete","$v":"Eliminar evento"},{"$i":"event-is-deleting","$v":"A eliminar..."},{"$i":"remove-account-data","$v":"Remover conta"},{"$i":"remove-account-dialog","$v":"Remover conta"},{"$i":"remove-account-dialog-details","$v":["Remover \"",{"t":"idOrVar","v":"email"},"\" do seu dispositivo?"]},{"$i":"remove","$v":"Remover"},{"$i":"drawer-sync-icon-button","ariaLabel":"Sincronização"},{"$i":"sync-progress-syncing","ariaValueText":"A sincronizar"},{"$i":"sync-progress-complete","ariaValueText":"Sincronização concluída"},{"$i":"sync-frequency","$v":"Sincronizar calendário"},{"$i":"sync-frequency-15min","$v":"A cada 15 minutos"},{"$i":"sync-frequency-30min","$v":"A cada 30 minutos"},{"$i":"sync-frequency-manual","$v":"Manualmente"},{"$i":"from","$v":"De"},{"$i":"to","$v":"Para"},{"$i":"one-day-duration-title","$v":"Day of the week, day (de) month (de) year"},{"$i":"one-day-duration-content","$v":[{"t":"idOrVar","v":"startTime"}," às ",{"t":"idOrVar","v":"endTime"}]},{"$i":"multiple-day-duration-title","$v":[{"t":"idOrVar","v":"startTime"}," ",{"t":"idOrVar","v":"startDate"}]},{"$i":"multiple-day-duration-content","$v":[{"t":"idOrVar","v":"endTime"}," ",{"t":"idOrVar","v":"endDate"}]},{"$i":"one-all-day-duration-title","$v":[{"t":"idOrVar","v":"startDate"}]},{"$i":"all-day-duration-content","$v":"Evento durante o dia inteiro"},{"$i":"multiple-all-day-duration-title","$v":["De ",{"t":"idOrVar","v":"startDate"}]},{"$i":"multiple-all-day-duration-content","$v":["Até ",{"t":"idOrVar","v":"endDate"}]},{"$i":"none","$v":"Nenhum"},{"$i":"reminder","$v":"Lembrete de evento"},{"$i":"remind-me","$v":"Lembrar-me"},{"$i":"alarm-at-event-standard","$v":"Na altura do evento"},{"$i":"alarm-at-event-allday","$v":"No dia do evento"},{"$i":"alarm-at-event-allday-hour12","$v":"No dia do evento (9:00)"},{"$i":"alarm-at-event-allday-hour24","$v":"No dia do evento (9:00)"},{"$i":"alarm-start-notice","$v":[{"t":"idOrVar","v":"title"}," a iniciar ",{"t":"idOrVar","v":"distance"}]},{"$i":"alarm-started-notice","$v":[{"t":"idOrVar","v":"title"}," iniciado ",{"t":"idOrVar","v":"distance"}]},{"$i":"alarm-start-notice-two-days","$v":[{"t":"idOrVar","v":"title"}," a iniciar em dois dias"]},{"$i":"alarm-start-notice-few-days","$v":[{"t":"idOrVar","v":"title"}," a iniciar em ",{"t":"idOrVar","v":"distance"}]},{"$i":"days-before-hour12","$v":{"few":[{"t":"idOrVar","v":"value"}," dias antes (9:00)"],"many":[{"t":"idOrVar","v":"value"}," dias antes (9:00)"],"one":"1 dia antes (9:00)","other":[{"t":"idOrVar","v":"value"}," dias antes (9:00)"],"two":[{"t":"idOrVar","v":"value"}," dias antes (9:00)"],"zero":"0 dias antes (9:00)"},"$x":[{"t":"idOrVar","v":"plural"},"value"]},{"$i":"weeks-before-hour12","$v":{"few":[{"t":"idOrVar","v":"value"}," semanas antes (9:00)"],"many":[{"t":"idOrVar","v":"value"}," semanas antes (9:00)"],"one":"1 semana antes (9:00)","other":[{"t":"idOrVar","v":"value"}," semanas antes (9:00)"],"two":[{"t":"idOrVar","v":"value"}," semanas antes (9:00)"],"zero":"0 semanas antes (9:00)"},"$x":[{"t":"idOrVar","v":"plural"},"value"]},{"$i":"days-before-hour24","$v":{"few":[{"t":"idOrVar","v":"value"}," dias antes (9:00)"],"many":[{"t":"idOrVar","v":"value"}," dias antes (9:00)"],"one":"1 dia antes (9:00)","other":[{"t":"idOrVar","v":"value"}," dias antes (9:00)"],"two":[{"t":"idOrVar","v":"value"}," dias antes (9:00)"],"zero":"0 dias antes (9:00)"},"$x":[{"t":"idOrVar","v":"plural"},"value"]},{"$i":"weeks-before-hour24","$v":{"few":[{"t":"idOrVar","v":"value"}," semanas antes (9:00)"],"many":[{"t":"idOrVar","v":"value"}," semanas antes (9:00)"],"one":"1 semana antes (9:00)","other":[{"t":"idOrVar","v":"value"}," semanas antes (9:00)"],"two":[{"t":"idOrVar","v":"value"}," semanas antes (9:00)"],"zero":"0 semanas antes (9:00)"},"$x":[{"t":"idOrVar","v":"plural"},"value"]},{"$i":"minutes-before","$v":{"few":[{"t":"idOrVar","v":"value"}," minutos antes"],"many":[{"t":"idOrVar","v":"value"}," minutos antes"],"one":"1 minuto antes","other":[{"t":"idOrVar","v":"value"}," minutos antes"],"two":[{"t":"idOrVar","v":"value"}," minutos antes"],"zero":"0 minutos antes"},"$x":[{"t":"idOrVar","v":"plural"},"value"]},{"$i":"hours-before","$v":{"few":[{"t":"idOrVar","v":"value"}," horas antes"],"many":[{"t":"idOrVar","v":"value"}," horas antes"],"one":"1 hora antes","other":[{"t":"idOrVar","v":"value"}," horas antes"],"two":[{"t":"idOrVar","v":"value"}," horas antes"],"zero":"0 horas antes"},"$x":[{"t":"idOrVar","v":"plural"},"value"]},{"$i":"days-before","$v":{"few":[{"t":"idOrVar","v":"value"}," dias antes"],"many":[{"t":"idOrVar","v":"value"}," dias antes"],"one":"1 dia antes","other":[{"t":"idOrVar","v":"value"}," dias antes"],"two":[{"t":"idOrVar","v":"value"}," dias antes"],"zero":"0 dias antes"},"$x":[{"t":"idOrVar","v":"plural"},"value"]},{"$i":"weeks-before","$v":{"few":[{"t":"idOrVar","v":"value"}," semanas antes"],"many":[{"t":"idOrVar","v":"value"}," semanas antes"],"one":"1 semana antes","other":[{"t":"idOrVar","v":"value"}," semanas antes"],"two":[{"t":"idOrVar","v":"value"}," semanas antes"],"zero":"0 semanas antes"},"$x":[{"t":"idOrVar","v":"plural"},"value"]},{"$i":"months-before","$v":{"few":[{"t":"idOrVar","v":"value"}," meses antes"],"many":[{"t":"idOrVar","v":"value"}," meses antes"],"one":"1 mês antes","other":[{"t":"idOrVar","v":"value"}," meses antes"],"two":[{"t":"idOrVar","v":"value"}," meses antes"],"zero":"0 meses antes"},"$x":[{"t":"idOrVar","v":"plural"},"value"]},{"$i":"years-before","$v":{"few":[{"t":"idOrVar","v":"value"}," anos antes"],"many":[{"t":"idOrVar","v":"value"}," anos antes"],"one":"1 ano antes","other":[{"t":"idOrVar","v":"value"}," anos antes"],"two":[{"t":"idOrVar","v":"value"}," anos antes"],"zero":"0 anos antes"},"$x":[{"t":"idOrVar","v":"plural"},"value"]},{"$i":"minutes-after","$v":{"few":[{"t":"idOrVar","v":"value"}," minutos depois"],"many":[{"t":"idOrVar","v":"value"}," minutos depois"],"one":"1 minuto depois","other":[{"t":"idOrVar","v":"value"}," minutos depois"],"two":[{"t":"idOrVar","v":"value"}," minutos depois"],"zero":"0 minutos depois"},"$x":[{"t":"idOrVar","v":"plural"},"value"]},{"$i":"hours-after","$v":{"few":[{"t":"idOrVar","v":"value"}," horas depois"],"many":[{"t":"idOrVar","v":"value"}," horas depois"],"one":"1 hora depois","other":[{"t":"idOrVar","v":"value"}," horas depois"],"two":[{"t":"idOrVar","v":"value"}," horas depois"],"zero":"0 horas depois"},"$x":[{"t":"idOrVar","v":"plural"},"value"]},{"$i":"days-after","$v":{"few":[{"t":"idOrVar","v":"value"}," dias depois"],"many":[{"t":"idOrVar","v":"value"}," dias depois"],"one":"1 dia depois","other":[{"t":"idOrVar","v":"value"}," dias depois"],"two":[{"t":"idOrVar","v":"value"}," dias depois"],"zero":"0 dias depois"},"$x":[{"t":"idOrVar","v":"plural"},"value"]},{"$i":"weeks-after","$v":{"few":[{"t":"idOrVar","v":"value"}," semanas depois"],"many":[{"t":"idOrVar","v":"value"}," semanas depois"],"one":"1 semana depois","other":[{"t":"idOrVar","v":"value"}," semanas depois"],"two":[{"t":"idOrVar","v":"value"}," semanas depois"],"zero":"0 semanas depois"},"$x":[{"t":"idOrVar","v":"plural"},"value"]},{"$i":"months-after","$v":{"few":[{"t":"idOrVar","v":"value"}," meses depois"],"many":[{"t":"idOrVar","v":"value"}," meses depois"],"one":"1 mês depois","other":[{"t":"idOrVar","v":"value"}," meses depois"],"two":[{"t":"idOrVar","v":"value"}," meses depois"],"zero":"0 meses depois"},"$x":[{"t":"idOrVar","v":"plural"},"value"]},{"$i":"years-after","$v":{"few":[{"t":"idOrVar","v":"value"}," anos depois"],"many":[{"t":"idOrVar","v":"value"}," anos depois"],"one":"1 ano depois","other":[{"t":"idOrVar","v":"value"}," anos depois"],"two":[{"t":"idOrVar","v":"value"}," anos depois"],"zero":"0 anos depois"},"$x":[{"t":"idOrVar","v":"plural"},"value"]},{"$i":"hour-format12","$v":"%I %p"},{"$i":"hour-format24","$v":"%H"},{"$i":"week-hour-format12","$v":"%I %p"},{"$i":"week-hour-format24","$v":"%H"},{"$i":"hour-allday","$v":"O dia todo"},{"$i":"kai-week-day","$v":"%a\\n%e"},{"$i":"current-time12","$v":"%I:%M"},{"$i":"current-time24","$v":"%H:%M"},{"$i":"multi-month-view-header-format","$v":"%B %Y"},{"$i":"day-view-header-format","$v":"%A, %e de %B"},{"$i":"months-day-view-header-format","$v":"%A, %B %e"},{"$i":"months-day-view-header-format-small","$v":{"$o":"%a <br/> %b, %e"}},{"$i":"week-view-header-format","$v":["Semana ",{"t":"idOrVar","v":"value"},", %B %Y"]},{"$i":"longDateFormat","$v":"%A, %d de %B de %Y"},{"$i":"longTimeFormat","$v":"%A %B %d"},{"$i":"longTimeFormat12","$v":"%A %B %d %I %p"},{"$i":"longTimeFormat24","$v":"%A %B %d %H"},{"$i":"weekTimeFormat12","$v":"%I %p"},{"$i":"weekTimeFormat24","$v":"%H"},{"$i":"weekDayFormat","$v":"%A o %d"},{"$i":"alldayLongTimeFormat","$v":"%A %B %d o dia todo"},{"$i":"dayHour12","$v":"%I %p"},{"$i":"dayHour24","$v":"%H"},{"$i":"longDateTime12","$v":"%I %p, %a, %d %b, %Y"},{"$i":"longDateTime24","$v":"%H (hh:mm), %a , %d de %b de %Y"},{"$i":"upcoming-events","$v":"Eventos futuros"},{"$i":"search-results","$v":"Resultados de pesquisa"},{"$i":"no-event-found","$v":"Nenhum evento encontrado"},{"$i":"longDateTimeNew12","$v":"%a, %B %e, %Y, %I:%M %p"},{"$i":"longDateTimeNew24","$v":"%a, %B %e, %Y, %H:%M"},{"$i":"error-start-date-after-end-date","$v":"O evento não pode terminar antes da data de início."},{"$i":"error-start-time-after-end-time","$v":"O evento não pode terminar antes da hora de início."},{"$i":"error-unauthenticated","$v":"Nome de utilizador ou palavra-passe incorretos, tente novamente."},{"$i":"error-internal-server-error","$v":"Erro de servidor. Tente novamente."},{"$i":"error-unkown","$v":"Servidor indisponível. Tente mais tarde."},{"$i":"error-default","$v":"Ocorreu um erro. Tente mais tarde."},{"$i":"error-offline","$v":"Não é possível ligar à Internet. Pode utilizar o Wi-Fi ou os dados móveis para aceder à Internet."},{"$i":"error-account-exist","$v":"Esta conta já existe."},{"$i":"error-confirmation-title","$v":"Erro"},{"$i":"error-edit-online-event","$v":"Erro ao editar evento online porque não existe ligação à Internet."},{"$i":"error-delete-online-event","$v":"Erro ao eliminar evento online porque não existe ligação à Internet."},{"$i":"notification-error-sync-title","$v":"Erro de sincronização do calendário"},{"$i":"notification-error-sync-description","$v":"Toque para mais informações"},{"$i":"notification-error-caldav-sync-title","$v":"Erro de conta"},{"$i":"notification-error-caldav-sync-description","$v":"Inicie sessão novamente"},{"$i":"weekday-0-single-char","$v":"D","ariaLabel":"Domingo"},{"$i":"weekday-1-single-char","$v":"S","ariaLabel":"Segunda-feira"},{"$i":"weekday-2-single-char","$v":"T","ariaLabel":"Terça-feira"},{"$i":"weekday-3-single-char","$v":"Q","ariaLabel":"Quarta-feira"},{"$i":"weekday-4-single-char","$v":"Q","ariaLabel":"Quinta-feira"},{"$i":"weekday-5-single-char","$v":"S","ariaLabel":"Sexta-feira"},{"$i":"weekday-6-single-char","$v":"S","ariaLabel":"Sábado"},{"$i":"busy","$v":{"few":[{"t":"idOrVar","v":"n"}," eventos"],"many":[{"t":"idOrVar","v":"n"}," eventos"],"one":[{"t":"idOrVar","v":"n"}," evento"],"other":[{"t":"idOrVar","v":"n"}," eventos"],"two":[{"t":"idOrVar","v":"n"}," eventos"],"zero":"Nenhum evento"},"$x":[{"t":"idOrVar","v":"plural"},"n"]},{"$i":"present","ariaLabel":"Hoje"},{"$i":"past-other-month-description","ariaLabel":"Outro mês"},{"$i":"future-other-month-description","ariaLabel":"Outro mês"},{"$i":"icon-calendar-alarm","ariaLabel":"Tem alarme"},{"$i":"calendars","ariaLabel":"Calendários"},{"$i":"multi-day-new-event-link","ariaLabel":"Adicionar evento"},{"$i":"title","ariaLabel":"Título"},{"$i":"location","ariaLabel":"Localização"},{"$i":"duration","ariaLabel":"Duração"},{"$i":"calendar","ariaLabel":"Calendário"},{"$i":"alarms","ariaLabel":"Alarmes"},{"$i":"description","ariaLabel":"Descrição"},{"$i":"start-date","ariaLabel":"Data de início"},{"$i":"start-time","ariaLabel":"Hora de início"},{"$i":"end-date","ariaLabel":"Data de fim"},{"$i":"end-time","ariaLabel":"Hora de fim"},{"$i":"during-progress-loading","ariaValueText":"A carregar"},{"$i":"all-day","ariaLabel":"O dia todo"},{"$i":"create-event","ariaLabel":"Criar evento"},{"$i":"create-all-day-event","ariaLabel":"Criar evento de todo o dia"},{"$i":"event-one-day-duration","ariaLabel":["das ",{"t":"idOrVar","v":"startTime"}," às ",{"t":"idOrVar","v":"endTime"}]},{"$i":"week-event-one-day-duration","ariaLabel":[{"t":"idOrVar","v":"startDate"}," das ",{"t":"idOrVar","v":"startTime"}," às ",{"t":"idOrVar","v":"endTime"}]},{"$i":"event-multiple-day-duration","ariaLabel":["Das ",{"t":"idOrVar","v":"startTime"}," ",{"t":"idOrVar","v":"startDate"}," às ",{"t":"idOrVar","v":"endTime"}," ",{"t":"idOrVar","v":"endDate"}]},{"$i":"kai-event-added","$v":"Evento adicionado."},{"$i":"kai-event-updated","$v":"Evento atualizado."},{"$i":"kai-event-deleted","$v":"Evento eliminado."},{"$i":"kai-change-save","$v":"Alterações guardadas"},{"$i":"event-sync-failure","$v":"Não foi possível sincronizar"},{"$i":"kai-event-calendar","$v":"Calendário"},{"$i":"kai-single-event","$v":"evento"},{"$i":"kai-event-count","$v":"eventos"},{"$i":"kai-sync-progress-syncing","$v":"A sincronizar"},{"$i":"kai-sync-progress-complete","$v":"Calendário atualizado."},{"$i":"kai-settings-sounds","$v":"Sons"},{"$i":"kai-tones","$v":"Tons"},{"$i":"kai-multi-events","$v":"Eventos"},{"$i":"kai-confirmation-title","$v":"Confirmação"},{"$i":"kai-delete-selectedEvent-confirmation","$v":"Eliminar evento selecionado?"},{"$i":"kai-deleteEvent-confirmation","$v":"Eliminar evento?"},{"$i":"kai-event-search-header","$v":"Pesquisar","placeholder":"Pesquisar"},{"$i":"kai-event-search-upcoming-events","$v":"Eventos futuros"},{"$i":"kai-delete","$v":"Eliminar"},{"$i":"kai-cancel","$v":"Cancelar"},{"$i":"kai-dialog-delete-sel","$v":"Pretende eliminar o evento selecionado?"},{"$i":"kai-delete-title","$v":"Eliminar evento"},{"$i":"kai-save-changes","$v":"Guardar alterações?"},{"$i":"kai-save-message-back","$v":"Todos os dados introduzidos serão perdidos. Pretende guardar as alterações?"},{"$i":"kai-save-message-close","$v":"A aplicação será fechada com perda de dados. Pretende guardar alterações?"},{"$i":"yes","$v":"Sim"},{"$i":"no","$v":"Não"},{"$i":"confirmation","$v":"Confirmação"},{"$i":"ok","$v":"Ok"},{"$i":"delete-event","$v":"Eliminar evento selecionado?"},{"$i":"edit-event-no-net","$v":"Falha ao editar evento online devido a ausência de ligação à Internet."},{"$i":"kai-settings-header","$v":"Calendário a apresentar"},{"$i":"kai-syncing","$v":"A sincronizar..."},{"$i":"kai-syncing-header","$v":"Sincronização da conta"},{"$i":"select","$v":"Selecionar"},{"$i":"add-event","$v":"Adicionar"},{"$i":"week-view","$v":"Vista semanal"},{"$i":"day-view","$v":"Vista diária"},{"$i":"month-view","$v":"Vista mensal"},{"$i":"today","$v":"Hoje"},{"$i":"go","$v":"Ir para data"},{"$i":"search","$v":"Pesquisar"},{"$i":"calendar-to-display","$v":"Calendário a apresentar"},{"$i":"settings","$v":"Definições"},{"$i":"delete","$v":"Eliminar"},{"$i":"enter","$v":"Introduzir"},{"$i":"sync-calendar","$v":"Sincronizar calendário"},{"$i":"lunar-calendar","$v":"Dia lunar"},{"$i":"present-description","$v":["Hoje ",{"t":"idOrVar","v":"weekday"},", ",{"t":"idOrVar","v":"date"}]},{"$i":"day-description","$v":[{"t":"idOrVar","v":"weekday"}," ",{"t":"idOrVar","v":"date"}]},{"$i":"weekday-5","$v":"Sexta-feira"},{"$i":"weekday-4","$v":"Quinta-feira"},{"$i":"weekday-3","$v":"Quarta-feira"},{"$i":"weekday-2","$v":"Terça-feira"},{"$i":"weekday-1","$v":"Segunda-feira"},{"$i":"weekday-0","$v":"Domingo"},{"$i":"weekday-6","$v":"Sábado"},{"$i":"no-title","$v":"(Sem título)"},{"$i":"weekday-0-long","$v":"Domingo"},{"$i":"weekday-1-long","$v":"Segunda-feira"},{"$i":"weekday-2-long","$v":"Terça-feira"},{"$i":"weekday-3-long","$v":"Quarta-feira"},{"$i":"weekday-4-long","$v":"Quinta-feira"},{"$i":"weekday-5-long","$v":"Sexta-feira"},{"$i":"weekday-6-long","$v":"Sábado"},{"$i":"weekday-0-short","$v":"Dom"},{"$i":"weekday-1-short","$v":"Seg"},{"$i":"weekday-2-short","$v":"Ter"},{"$i":"weekday-3-short","$v":"Qua"},{"$i":"weekday-4-short","$v":"Qui"},{"$i":"weekday-5-short","$v":"Sex"},{"$i":"weekday-6-short","$v":"Sáb"},{"$i":"month-0-long","$v":"Janeiro"},{"$i":"month-1-long","$v":"Fevereiro"},{"$i":"month-2-long","$v":"Março"},{"$i":"month-3-long","$v":"Abril"},{"$i":"month-4-long","$v":"Maio"},{"$i":"month-5-long","$v":"Junho"},{"$i":"month-6-long","$v":"Julho"},{"$i":"month-7-long","$v":"Agosto"},{"$i":"month-8-long","$v":"Setembro"},{"$i":"month-9-long","$v":"Outubro"},{"$i":"month-10-long","$v":"Novembro"},{"$i":"month-11-long","$v":"Dezembro"},{"$i":"month-0-genitive","$v":"Janeiro"},{"$i":"month-1-genitive","$v":"Fevereiro"},{"$i":"month-2-genitive","$v":"Março"},{"$i":"month-3-genitive","$v":"Abril"},{"$i":"month-4-genitive","$v":"Maio"},{"$i":"month-5-genitive","$v":"Junho"},{"$i":"month-6-genitive","$v":"Julho"},{"$i":"month-7-genitive","$v":"Agosto"},{"$i":"month-8-genitive","$v":"Setembro"},{"$i":"month-9-genitive","$v":"Outubro"},{"$i":"month-10-genitive","$v":"Novembro"},{"$i":"month-11-genitive","$v":"Dezembro"},{"$i":"month-0-short","$v":"Jan"},{"$i":"month-1-short","$v":"Fev"},{"$i":"month-2-short","$v":"Mar"},{"$i":"month-3-short","$v":"Abr"},{"$i":"month-4-short","$v":"Mai"},{"$i":"month-5-short","$v":"Jun"},{"$i":"month-6-short","$v":"Jul"},{"$i":"month-7-short","$v":"Ago"},{"$i":"month-8-short","$v":"Set"},{"$i":"month-9-short","$v":"Out"},{"$i":"month-10-short","$v":"Nov"},{"$i":"month-11-short","$v":"Dez"},{"$i":"minutes-ago-long","$v":{"few":[{"t":"idOrVar","v":"value"}," minutos atrás"],"many":[{"t":"idOrVar","v":"value"}," minutos atrás"],"one":"há um minuto","other":[{"t":"idOrVar","v":"value"}," minutos atrás"],"two":[{"t":"idOrVar","v":"value"}," minutos atrás"],"zero":"mesmo agora"},"$x":[{"t":"idOrVar","v":"plural"},"value"]},{"$i":"hours-ago-long","$v":{"few":[{"t":"idOrVar","v":"value"}," horas atrás"],"many":[{"t":"idOrVar","v":"value"}," horas atrás"],"one":"há uma hora","other":[{"t":"idOrVar","v":"value"}," horas atrás"],"two":[{"t":"idOrVar","v":"value"}," horas atrás"],"zero":"mesmo agora"},"$x":[{"t":"idOrVar","v":"plural"},"value"]},{"$i":"days-ago-long","$v":{"few":[{"t":"idOrVar","v":"value"}," dias atrás"],"many":[{"t":"idOrVar","v":"value"}," dias atrás"],"one":"ontem","other":[{"t":"idOrVar","v":"value"}," dias atrás"],"two":[{"t":"idOrVar","v":"value"}," dias atrás"],"zero":"hoje"},"$x":[{"t":"idOrVar","v":"plural"},"value"]},{"$i":"weeks-ago-long","$v":{"few":[{"t":"idOrVar","v":"value"}," semanas atrás"],"many":[{"t":"idOrVar","v":"value"}," semanas atrás"],"one":"semana passada","other":[{"t":"idOrVar","v":"value"}," semanas atrás"],"two":[{"t":"idOrVar","v":"value"}," semanas atrás"],"zero":"esta semana"},"$x":[{"t":"idOrVar","v":"plural"},"value"]},{"$i":"months-ago-long","$v":{"few":[{"t":"idOrVar","v":"value"}," meses atrás"],"many":[{"t":"idOrVar","v":"value"}," meses atrás"],"one":"mês passado","other":[{"t":"idOrVar","v":"value"}," meses atrás"],"two":[{"t":"idOrVar","v":"value"}," meses atrás"],"zero":"este mês"},"$x":[{"t":"idOrVar","v":"plural"},"value"]},{"$i":"years-ago-long","$v":{"few":[{"t":"idOrVar","v":"value"}," anos atrás"],"many":[{"t":"idOrVar","v":"value"}," anos atrás"],"one":"ano passado","other":[{"t":"idOrVar","v":"value"}," anos atrás"],"two":[{"t":"idOrVar","v":"value"}," anos atrás"],"zero":"este ano"},"$x":[{"t":"idOrVar","v":"plural"},"value"]},{"$i":"minutes-until-long","$v":{"few":["em ",{"t":"idOrVar","v":"value"}," minutos"],"many":["em ",{"t":"idOrVar","v":"value"}," minutos"],"one":"em um minuto","other":["em ",{"t":"idOrVar","v":"value"}," minutos"],"two":["em ",{"t":"idOrVar","v":"value"}," minutos"],"zero":"agora"},"$x":[{"t":"idOrVar","v":"plural"},"value"]},{"$i":"hours-until-long","$v":{"few":["em ",{"t":"idOrVar","v":"value"}," horas"],"many":["em ",{"t":"idOrVar","v":"value"}," horas"],"one":"dentro de uma hora","other":["em ",{"t":"idOrVar","v":"value"}," horas"],"two":["em ",{"t":"idOrVar","v":"value"}," horas"],"zero":"agora"},"$x":[{"t":"idOrVar","v":"plural"},"value"]},{"$i":"days-until-long","$v":{"few":["em ",{"t":"idOrVar","v":"value"}," dias"],"many":["em ",{"t":"idOrVar","v":"value"}," dias"],"one":"amanhã","other":["em ",{"t":"idOrVar","v":"value"}," dias"],"two":["em ",{"t":"idOrVar","v":"value"}," dias"],"zero":"hoje"},"$x":[{"t":"idOrVar","v":"plural"},"value"]},{"$i":"weeks-until-long","$v":{"few":["em ",{"t":"idOrVar","v":"value"}," semanas"],"many":["em ",{"t":"idOrVar","v":"value"}," semanas"],"one":"próxima semana","other":["em ",{"t":"idOrVar","v":"value"}," semanas"],"two":["em ",{"t":"idOrVar","v":"value"}," semanas"],"zero":"esta semana"},"$x":[{"t":"idOrVar","v":"plural"},"value"]},{"$i":"months-until-long","$v":{"few":["em ",{"t":"idOrVar","v":"value"}," meses"],"many":["em ",{"t":"idOrVar","v":"value"}," meses"],"one":"próximo mês","other":["em ",{"t":"idOrVar","v":"value"}," meses"],"two":["em ",{"t":"idOrVar","v":"value"}," meses"],"zero":"este mês"},"$x":[{"t":"idOrVar","v":"plural"},"value"]},{"$i":"years-until-long","$v":{"few":["em ",{"t":"idOrVar","v":"value"}," anos"],"many":["em ",{"t":"idOrVar","v":"value"}," anos"],"one":"próximo ano","other":["em ",{"t":"idOrVar","v":"value"}," anos"],"two":["em ",{"t":"idOrVar","v":"value"}," anos"],"zero":"este ano"},"$x":[{"t":"idOrVar","v":"plural"},"value"]},{"$i":"minutes-ago-short","$v":{"other":[{"t":"idOrVar","v":"value"},"m atrás"],"zero":"mesmo agora"},"$x":[{"t":"idOrVar","v":"plural"},"value"]},{"$i":"hours-ago-short","$v":{"other":[{"t":"idOrVar","v":"value"},"h atrás"],"zero":"mesmo agora"},"$x":[{"t":"idOrVar","v":"plural"},"value"]},{"$i":"days-ago-short","$v":{"other":[{"t":"idOrVar","v":"value"},"d atrás"],"zero":"hoje"},"$x":[{"t":"idOrVar","v":"plural"},"value"]},{"$i":"minutes-until-short","$v":{"other":["em ",{"t":"idOrVar","v":"value"},"m"],"zero":"agora"},"$x":[{"t":"idOrVar","v":"plural"},"value"]},{"$i":"hours-until-short","$v":{"other":["em ",{"t":"idOrVar","v":"value"},"h"],"zero":"agora"},"$x":[{"t":"idOrVar","v":"plural"},"value"]},{"$i":"days-until-short","$v":{"other":["em ",{"t":"idOrVar","v":"value"},"d"],"zero":"hoje"},"$x":[{"t":"idOrVar","v":"plural"},"value"]},{"$i":"incorrectDate","$v":"(data incorreta)"},{"$i":"dateTimeFormat_%c","$v":"%a %b %e %Y %I:%M:%S %p"},{"$i":"dateTimeFormat_%x","$v":"%d/%m/%Y"},{"$i":"dateTimeFormat_%X","$v":"%I:%M:%S %p"},{"$i":"shortTimeFormat","$v":"%I:%M %p"},{"$i":"shortTimeFormat12","$v":"%I:%M %p"},{"$i":"shortTimeFormat24","$v":"%H:%M"},{"$i":"shortDateTimeFormat","$v":"%x %I:%M %p"},{"$i":"weekStartsOnMonday","$v":"0.0"},{"$i":"firstDayOfTheWeek","$v":"1.0"},{"$i":"time_am","$v":"AM"},{"$i":"time_pm","$v":"PM"},{"$i":"softkey-options","$v":"Opções"}]