[{"$i":"back","$v":"ආපසු"},{"$i":"save","$v":"සුරකින්න"},{"$i":"cancel","$v":"අවලංගු කරන්න"},{"$i":"next","$v":"ඊලඟ"},{"$i":"hide","$v":"සඟවන්න"},{"$i":"confirm","$v":"තහවුරු කරන්න"},{"$i":"done","$v":"ඉටු කළා"},{"$i":"events","$v":"අවස්ථා සිහිපත් කිරීම"},{"$i":"edit","$v":"සංස්කරණය කරන්න"},{"$i":"allday-events","$v":"දවස පුරා සිදු වීම් සිහිපත් කිරීම"},{"$i":"no-events","$v":"සිද්ධි නැත"},{"$i":"default","$v":"පෙරනිමිය"},{"$i":"sync","$v":"සමමු කරන්න"},{"$i":"repeat","$v":"නැවත කරන්න"},{"$i":"never","$v":"කිසිවිට නැත"},{"$i":"every-day","$v":"දෛනික"},{"$i":"every-week","$v":"සෑම සතියකම"},{"$i":"every-2-weeks","$v":"සෑම සති 2 ක්"},{"$i":"every-month","$v":"සෑම මාසයකම"},{"$i":"view-never","$v":"නැවත නැවත: කිසිදා"},{"$i":"view-every-day","$v":"නැවතත්: ඩේලි"},{"$i":"view-every-week","$v":"නැවත නැවත: සතිපතා"},{"$i":"view-every-2-weeks","$v":"පුනරාවර්තනය කරන්න: සෑම දෙසතියකටම වරක්"},{"$i":"view-every-month","$v":"නැවත නැවත: මාසිකව"},{"$i":"repeat-event-header","$v":"මෙය පුනරාවර්තී සිද්ධියකි."},{"$i":"delete-this-only","$v":"මෙය මකන්න"},{"$i":"delete-all","$v":"සියල්ල මකන්න"},{"$i":"event-edit-all","$v":"සියලු සිද්ධි සංස්කරණය කරන්න"},{"$i":"event-edit-all-future","$v":"සියලු අනාගත සිද්ධි සංස්කරණය කරන්න"},{"$i":"options","$v":"විකල්ප"},{"$i":"event-delete-all","$v":"සියල්ල මකන්න"},{"$i":"event-delete-all-future","$v":"සියලු අනාගත සිද්ධි මකන්න"},{"$i":"delete-account","$v":"ගිණුම මකන්න"},{"$i":"exchange-account","$v":"ActiveSync"},{"$i":"account-user-name","$v":"භාවිතනම"},{"$i":"incorrect-password-description","$v":"සේවාදායකයට පිරිය නොහැකි විය. කරුණාකර මුරපදය නැවත යොදා බලන්න."},{"$i":"incorrect-password","$v":"වැරදි මුරපදය, කරුණාකර නැවත උත්සාහ කරන්න."},{"$i":"account-duplicate","$v":"ගිණුම දැනටමත් පවතී. සමමුහුර්තය සක්‍රීයයි."},{"$i":"error-account","$v":"සර්වරය ලද නොහැකිය. කරුණාකර පසුව නැවත උත්සාහ කරන්න."},{"$i":"error-access-denied","$v":"නොදන්නා දෝෂයක් ඇතිව තිබේ, කරුණාකර පසුව උත්සාහ කරන්න."},{"$i":"error-time-out","$v":[{"t":"idOrVar","v":"server"},"\" සමග සම්බන්ධතාව පිහිටුවිය නොහැක. ජාලයේ ගැටලුවක් තිබීමට ඉඩ ඇත."]},{"$i":"caldav-account-exist","$v":"මෙම ගිණුම දැනටමත් තිබේ."},{"$i":"save-password","$v":"මුරපදය සුරකින ලදි."},{"$i":"account-login","$v":"ගිණුම් ලොග්"},{"$i":"setting-up-account","$v":"ගිණුම පිහිටුවීම"},{"$i":"setup-account-usedInfo","$v":"මෙම ගිණුම පහත යෙදුම් මගින් භාවිතා කෙරෙනු ඇත. ඔබට මෙය පසුතල>ගිණුම වෙතින් වෙනස් කළ හැක."},{"$i":"app-calendar","$v":"දින දර්."},{"$i":"show-today","$v":"අද"},{"$i":"show-month-view","$v":"මාසය"},{"$i":"show-week-view","$v":"සතිය"},{"$i":"show-day-view","$v":"දවස"},{"$i":"settings-show","$v":"පසුතල"},{"$i":"settings-hide","$v":"පසුතල සඟවන්න"},{"$i":"add-account","$v":"ගිණුමක් එ. කර"},{"$i":"new-event","$v":"ඉසව්ව එක්කරන්න"},{"$i":"view-event-header","$v":"අවස්ථා විස්තර"},{"$i":"new-event-header","$v":"ඉසව්ව එක්කරන්න"},{"$i":"edit-event-header","$v":"අවස්ථාව වෙනස් කරන්න"},{"$i":"account-header","$v":"ගිණුම"},{"$i":"account-list-header","$v":"ගිණුම්"},{"$i":"advanced-settings-short-icon-button","ariaLabel":"පසුතල"},{"$i":"advanced-settings-header","$v":"දිනදර්ශන පසුතල"},{"$i":"advanced-settings-personalization","$v":"වාර ගණන යාවත් කරන්න"},{"$i":"advanced-settings-reminders","$v":"සිහි කැඳවීම"},{"$i":"advanced-settings-add-account","$v":"ගිණුම එක්කරන්න"},{"$i":"field-user","$v":"භාවිතනම"},{"$i":"field-password","$v":"රහස් වචනය"},{"$i":"show-password","$v":"රහස්වචනය පෙන්වන්න"},{"$i":"field-full-url","$v":"URL"},{"$i":"modify-account-setting-up","$v":"ඔබේ ගිණුම සකසන තෙක් රැඳී සිටින්න"},{"$i":"modify-account-unable-to-sync","$v":"සමමු කළ නොහැක"},{"$i":"modify-account-sign-in","$v":"පුරන්න"},{"$i":"kai-caldav","$v":"CalDav"},{"$i":"kai-yahoo","$v":"Yahoo!"},{"$i":"kai-google","$v":"Google"},{"$i":"preset-mozilla","$v":"Mozilla Zimbra"},{"$i":"calendar-local","$v":"දුරකථන දින දර්ශනය"},{"$i":"event-title","$v":"ශීර්ෂය"},{"$i":"event-location","$v":"ස්ථානය"},{"$i":"event-description","$v":"සටහන්"},{"$i":"event-is-allday","$v":"දවස පුරා සිදුවීම"},{"$i":"event-start-date","$v":"දිනය අරඹන්න"},{"$i":"event-end-date","$v":"දිනය අවසන් කරන්න"},{"$i":"event-start-time","$v":"වේලාව අරඹන්න"},{"$i":"event-end-time","$v":"අවසන් වේලාව"},{"$i":"event-delete","$v":"අවස්ථාව මකන්න"},{"$i":"event-is-deleting","$v":"මකමින්…"},{"$i":"remove-account-data","$v":"දින දර්ශන ගිණුම ඉවත් කරන්න"},{"$i":"remove-account-dialog","$v":"ගිණුම ඉවත් කරන්න"},{"$i":"remove-account-dialog-details","$v":["ඔබේ උපාංගයෙන් \"",{"t":"idOrVar","v":"email"},"\" ඉවත් කරන්නද?"]},{"$i":"remove","$v":"ඉවත් කරන්න"},{"$i":"drawer-sync-icon-button","ariaLabel":"සමමු කරන්න"},{"$i":"sync-progress-syncing","ariaValueText":"සමමු වෙමින්"},{"$i":"sync-progress-complete","ariaValueText":"සමමු සම්පඋර්ණයි"},{"$i":"sync-frequency","$v":"දිනදර්ශනය සමමු කරන්න"},{"$i":"sync-frequency-15min","$v":"සෑම විනාඩි 15 කින්"},{"$i":"sync-frequency-30min","$v":"සෑම විනාඩි 30 කින්"},{"$i":"sync-frequency-manual","$v":"අතින්"},{"$i":"from","$v":"සිට"},{"$i":"to","$v":"වෙත"},{"$i":"one-day-duration-title","$v":[{"t":"idOrVar","v":"startDate"}]},{"$i":"one-day-duration-content","$v":[{"t":"idOrVar","v":"startTime"}," දක්වා ",{"t":"idOrVar","v":"endTime"}]},{"$i":"multiple-day-duration-title","$v":[{"t":"idOrVar","v":"startTime"}," ",{"t":"idOrVar","v":"startDate"}]},{"$i":"multiple-day-duration-content","$v":[{"t":"idOrVar","v":"endTime"}," ",{"t":"idOrVar","v":"endDate"}]},{"$i":"one-all-day-duration-title","$v":[{"t":"idOrVar","v":"startDate"}]},{"$i":"all-day-duration-content","$v":"දවස පුරා සිද්ධිය"},{"$i":"multiple-all-day-duration-title","$v":[{"t":"idOrVar","v":"startDate"}," සිට"]},{"$i":"multiple-all-day-duration-content","$v":["වෙත ",{"t":"idOrVar","v":"endDate"}]},{"$i":"none","$v":"කිසිත් නැත"},{"$i":"reminder","$v":"අවස්ථා සිහිපත් කිරීම"},{"$i":"remind-me","$v":"මතක් කරන්න"},{"$i":"alarm-at-event-standard","$v":"සිද්ධිය අවස්ථාව වන විට"},{"$i":"alarm-at-event-allday","$v":"සිදුවීම දිනයේ"},{"$i":"alarm-at-event-allday-hour12","$v":"සිදුවීම් දිනයේ (09:00)"},{"$i":"alarm-at-event-allday-hour24","$v":"සිදුවීම් දිනයේ (09:00)"},{"$i":"alarm-start-notice","$v":[{"t":"idOrVar","v":"title"}," ආරම්භ කරමින් ",{"t":"idOrVar","v":"distance"}]},{"$i":"alarm-started-notice","$v":[{"t":"idOrVar","v":"title"}," ආරම්භ කරන ලදී ",{"t":"idOrVar","v":"distance"}]},{"$i":"alarm-start-notice-two-days","$v":[{"t":"idOrVar","v":"title"}," දින දෙකකින් ආරම්භ වේ"]},{"$i":"alarm-start-notice-few-days","$v":[{"t":"idOrVar","v":"title"}," ",{"t":"idOrVar","v":"distance"}," ට ආරම්භ වේ"]},{"$i":"days-before-hour12","$v":{"few":["දින ",{"t":"idOrVar","v":"value"}," කට පෙර (09:00)"],"many":["දින ",{"t":"idOrVar","v":"value"}," කට පෙර (09:00)"],"one":"දින 1 කට පෙර (පෙ.ව. 9:00)","other":["දින ",{"t":"idOrVar","v":"value"}," කට පෙර (09:00)"],"two":["දින ",{"t":"idOrVar","v":"value"}," කට පෙර (09:00)"],"zero":"දින 0 කට පෙර (පෙ.ව. 9:00)"},"$x":[{"t":"idOrVar","v":"plural"},"value"]},{"$i":"weeks-before-hour12","$v":{"few":["සති ",{"t":"idOrVar","v":"value"}," කට පෙර (09:00)"],"many":["සති ",{"t":"idOrVar","v":"value"}," කට පෙර (09:00)"],"one":"1 සතියකට පෙර (පෙ.ව. 9:00)","other":["සති ",{"t":"idOrVar","v":"value"}," කට පෙර (09:00)"],"two":["සති ",{"t":"idOrVar","v":"value"}," කට පෙර (09:00)"],"zero":"සති 0 කට පෙර (පෙ.ව. 9:00)"},"$x":[{"t":"idOrVar","v":"plural"},"value"]},{"$i":"days-before-hour24","$v":{"few":["දින ",{"t":"idOrVar","v":"value"}," කට පෙර (09:00)"],"many":["දින ",{"t":"idOrVar","v":"value"}," කට පෙර (09:00)"],"one":"දින 1 කට පෙර (පෙ.ව. 9:00)","other":["දින ",{"t":"idOrVar","v":"value"}," කට පෙර (09:00)"],"two":["දින ",{"t":"idOrVar","v":"value"}," කට පෙර (09:00)"],"zero":"දින 0 කට පෙර (පෙ.ව. 9:00)"},"$x":[{"t":"idOrVar","v":"plural"},"value"]},{"$i":"weeks-before-hour24","$v":{"few":["සති ",{"t":"idOrVar","v":"value"}," කට පෙර (09:00)"],"many":["සති ",{"t":"idOrVar","v":"value"}," කට පෙර (09:00)"],"one":"1 සතියකට පෙර (පෙ.ව. 9:00)","other":["සති ",{"t":"idOrVar","v":"value"}," කට පෙර (09:00)"],"two":["සති ",{"t":"idOrVar","v":"value"}," කට පෙර (09:00)"],"zero":"සති 0 කට පෙර (පෙ.ව. 9:00)"},"$x":[{"t":"idOrVar","v":"plural"},"value"]},{"$i":"minutes-before","$v":{"few":[{"t":"idOrVar","v":"value"}," මිනිත්තුවකට පෙර"],"many":[{"t":"idOrVar","v":"value"}," මිනිත්තුවකට පෙර"],"one":"1 මිනිත්තුවකට පෙර","other":[{"t":"idOrVar","v":"value"}," මිනිත්තුවකට පෙර"],"two":[{"t":"idOrVar","v":"value"}," මිනිත්තුවකට පෙර"],"zero":"0 මිනිත්තුවකට පෙර"},"$x":[{"t":"idOrVar","v":"plural"},"value"]},{"$i":"hours-before","$v":{"few":[{"t":"idOrVar","v":"value"}," පැයකට පෙර"],"many":[{"t":"idOrVar","v":"value"}," පැයකට පෙර"],"one":"1 පැයකට පෙර","other":[{"t":"idOrVar","v":"value"}," පැයකට පෙර"],"two":[{"t":"idOrVar","v":"value"}," පැයකට පෙර"],"zero":"0 පැයකට පෙර"},"$x":[{"t":"idOrVar","v":"plural"},"value"]},{"$i":"days-before","$v":{"few":[{"t":"idOrVar","v":"value"}," දවසකට පෙර"],"many":[{"t":"idOrVar","v":"value"}," දවසකට පෙර"],"one":"1 දවසකට පෙර","other":[{"t":"idOrVar","v":"value"}," දවසකට පෙර"],"two":[{"t":"idOrVar","v":"value"}," දවසකට පෙර"],"zero":"0 දවසකට පෙර"},"$x":[{"t":"idOrVar","v":"plural"},"value"]},{"$i":"weeks-before","$v":{"few":[{"t":"idOrVar","v":"value"}," සතියකට පෙර"],"many":[{"t":"idOrVar","v":"value"}," සතියකට පෙර"],"one":"1 සතියකට පෙර","other":[{"t":"idOrVar","v":"value"}," සතියකට පෙර"],"two":[{"t":"idOrVar","v":"value"}," සතියකට පෙර"],"zero":"0 සතියකට පෙර"},"$x":[{"t":"idOrVar","v":"plural"},"value"]},{"$i":"months-before","$v":{"few":[{"t":"idOrVar","v":"value"}," මසකට පෙර"],"many":[{"t":"idOrVar","v":"value"}," මසකට පෙර"],"one":"1 මසකට පෙර","other":[{"t":"idOrVar","v":"value"}," මසකට පෙර"],"two":[{"t":"idOrVar","v":"value"}," මසකට පෙර"],"zero":"0 මසකට පෙර"},"$x":[{"t":"idOrVar","v":"plural"},"value"]},{"$i":"years-before","$v":{"few":[{"t":"idOrVar","v":"value"}," වසරකට පෙර"],"many":[{"t":"idOrVar","v":"value"}," වසරකට පෙර"],"one":"1 වසරකට පෙර","other":[{"t":"idOrVar","v":"value"}," වසරකට පෙර"],"two":[{"t":"idOrVar","v":"value"}," වසරකට පෙර"],"zero":"0 වසරකට පෙර"},"$x":[{"t":"idOrVar","v":"plural"},"value"]},{"$i":"minutes-after","$v":{"few":[{"t":"idOrVar","v":"value"}," මිනිත්තුවකට පසු"],"many":[{"t":"idOrVar","v":"value"}," මිනිත්තුවකට පසු"],"one":"1 මිනිත්තුවකට පසු","other":[{"t":"idOrVar","v":"value"}," මිනිත්තුවකට පසු"],"two":[{"t":"idOrVar","v":"value"}," මිනිත්තුවකට පසු"],"zero":"0 මිනිත්තුවකට පසු"},"$x":[{"t":"idOrVar","v":"plural"},"value"]},{"$i":"hours-after","$v":{"few":[{"t":"idOrVar","v":"value"}," පැයකට පසු"],"many":[{"t":"idOrVar","v":"value"}," පැයකට පසු"],"one":"1 පැයකට පසු","other":[{"t":"idOrVar","v":"value"}," පැයකට පසු"],"two":[{"t":"idOrVar","v":"value"}," පැයකට පසු"],"zero":"0 පැයකට පසු"},"$x":[{"t":"idOrVar","v":"plural"},"value"]},{"$i":"days-after","$v":{"few":[{"t":"idOrVar","v":"value"}," දිනකට පසු"],"many":[{"t":"idOrVar","v":"value"}," දිනකට පසු"],"one":"1 දවසකට පසු","other":[{"t":"idOrVar","v":"value"}," දිනකට පසු"],"two":[{"t":"idOrVar","v":"value"}," දිනකට පසු"],"zero":"0 දිනකට පසු"},"$x":[{"t":"idOrVar","v":"plural"},"value"]},{"$i":"weeks-after","$v":{"few":[{"t":"idOrVar","v":"value"}," සතියකට පසු"],"many":[{"t":"idOrVar","v":"value"}," සතියකට පසු"],"one":"1 සතියකට පසු","other":[{"t":"idOrVar","v":"value"}," සතියකට පසු"],"two":[{"t":"idOrVar","v":"value"}," සතියකට පසු"],"zero":"0 සතියකට පසු"},"$x":[{"t":"idOrVar","v":"plural"},"value"]},{"$i":"months-after","$v":{"few":[{"t":"idOrVar","v":"value"}," මසකට පසු"],"many":[{"t":"idOrVar","v":"value"}," මසකට පසු"],"one":"1 මසකට පසු","other":[{"t":"idOrVar","v":"value"}," මසකට පසු"],"two":[{"t":"idOrVar","v":"value"}," මසකට පසු"],"zero":"0 මසකට පසු"},"$x":[{"t":"idOrVar","v":"plural"},"value"]},{"$i":"years-after","$v":{"few":[{"t":"idOrVar","v":"value"}," වමසරකට පසු"],"many":[{"t":"idOrVar","v":"value"}," වමසරකට පසු"],"one":"1 වසරකට පසු","other":[{"t":"idOrVar","v":"value"}," වමසරකට පසු"],"two":[{"t":"idOrVar","v":"value"}," වමසරකට පසු"],"zero":"0 වමසරකට පසු"},"$x":[{"t":"idOrVar","v":"plural"},"value"]},{"$i":"hour-format12","$v":"%I %p"},{"$i":"hour-format24","$v":"%H"},{"$i":"week-hour-format12","$v":"%I %p"},{"$i":"week-hour-format24","$v":"%H"},{"$i":"hour-allday","$v":"දවස පුරා"},{"$i":"kai-week-day","$v":"%a\\n%e"},{"$i":"current-time12","$v":"%I:%M"},{"$i":"current-time24","$v":"%H:%M"},{"$i":"multi-month-view-header-format","$v":"%B %Y"},{"$i":"day-view-header-format","$v":"%A, %B %e"},{"$i":"months-day-view-header-format","$v":"%A, %B %e"},{"$i":"months-day-view-header-format-small","$v":{"$o":"%a <br/> %b, %e"}},{"$i":"week-view-header-format","$v":["සතිය ",{"t":"idOrVar","v":"value"},",%B%Y"]},{"$i":"longDateFormat","$v":"%a, %B %d, %Y"},{"$i":"longTimeFormat","$v":"%A %B %d"},{"$i":"longTimeFormat12","$v":"%A %B %d %I %p"},{"$i":"longTimeFormat24","$v":"%A %B %d %Hඔරලෝසුව"},{"$i":"weekTimeFormat12","$v":"%I %p"},{"$i":"weekTimeFormat24","$v":"%H ඔරලෝසුව"},{"$i":"weekDayFormat","$v":"%A එම %d"},{"$i":"alldayLongTimeFormat","$v":"%A %B %d මුළු දවසම"},{"$i":"dayHour12","$v":"%I %p"},{"$i":"dayHour24","$v":"%H ඔරලෝසුව"},{"$i":"longDateTime12","$v":"%I %p, %a, %d %b, %Y"},{"$i":"longDateTime24","$v":"%H, %a, %d %b, %Y"},{"$i":"upcoming-events","$v":"ඉදිරි සිදුවීම්"},{"$i":"search-results","$v":"ප්‍රතිඵල සොයන්න"},{"$i":"no-event-found","$v":"කිසිදු අවස්ථාවක් හමු නොවීය"},{"$i":"longDateTimeNew12","$v":"%a, %B %e, %Y, %I:%M %p"},{"$i":"longDateTimeNew24","$v":"%a, %B %e, %Y, %H:%M"},{"$i":"error-start-date-after-end-date","$v":"අවස්ථාව එය ආරම්භක දිනට පෙර අවසන් කළ නොහැක."},{"$i":"error-start-time-after-end-time","$v":"අවස්ථාව එය ආරම්භක දිනට පෙර අවසන් කළ නොහැක."},{"$i":"error-unauthenticated","$v":"භාවිත නාමය හෝ රහස් වචනය වැරදියි, කරුණාකර නැවත උත්සාහ කරන්න."},{"$i":"error-internal-server-error","$v":"සර්වර දෝෂය, කරුණාකර පසුව නැවත උත්සාහ කරන්න."},{"$i":"error-unkown","$v":"සර්වරය ලද නොහැකිය. කරුණාකර පසුව නැවත උත්සාහ කරන්න."},{"$i":"error-default","$v":"යම් දෙයක් වැරදිය. පසුව නැවත උත්සාහ කරන්න."},{"$i":"error-offline","$v":"අන්තර්ජාලයට සම්බන්ධ කළ නොහැක. අන්තර්ජාලයට පිවිසීමට ඔබට Wi-Fi හෝ ජංගම දත්ත භාවිතා කළ හැකිය."},{"$i":"error-account-exist","$v":"මෙම ගිණුම දැනටමත් තිබේ."},{"$i":"error-confirmation-title","$v":"දෝෂය"},{"$i":"error-edit-online-event","$v":"අන්තර්ජාල සම්බන්ධයක් නොමැති බැවින් ඔන්ලයින් අවස්ථා සංස්කරණය කිරීම අසාර්ථක විය."},{"$i":"error-delete-online-event","$v":"අන්තර්ජාල සම්බන්ධයක් නොමැති බැවින් ඔන්ලයින් අවස්ථා මැකීම අසාර්ථක විය."},{"$i":"notification-error-sync-title","$v":"දිනදර්ශන සමමු දෝෂය"},{"$i":"notification-error-sync-description","$v":"වැඩි විස්තර සඳහා තට්ටු කරන්න"},{"$i":"notification-error-caldav-sync-title","$v":"ගිණුම් දෝෂය"},{"$i":"notification-error-caldav-sync-description","$v":"නැවත ලොගින් වන්න"},{"$i":"weekday-0-single-char","$v":"ඉ","ariaLabel":"ඉරිදා"},{"$i":"weekday-1-single-char","$v":"ස","ariaLabel":"සඳුදා"},{"$i":"weekday-2-single-char","$v":"අ","ariaLabel":"අඟහරුවාදා"},{"$i":"weekday-3-single-char","$v":"බ","ariaLabel":"බදාදා"},{"$i":"weekday-4-single-char","$v":"බ්ර","ariaLabel":"බ්‍රහස්පතින්දා"},{"$i":"weekday-5-single-char","$v":"සි","ariaLabel":"සිකුරාදා"},{"$i":"weekday-6-single-char","$v":"සෙ","ariaLabel":"සෙනසුරාදා"},{"$i":"busy","$v":{"few":[{"t":"idOrVar","v":"n"}," ඉසව්"],"many":[{"t":"idOrVar","v":"n"}," ඉසව්"],"one":[{"t":"idOrVar","v":"n"}," ඉසව්ව"],"other":[{"t":"idOrVar","v":"n"}," ඉසව්"],"two":[{"t":"idOrVar","v":"n"}," ඉසව්"],"zero":"අවස්ථා නැත"},"$x":[{"t":"idOrVar","v":"plural"},"n"]},{"$i":"present","ariaLabel":"අද"},{"$i":"past-other-month-description","ariaLabel":"වෙනත් මාසයක්"},{"$i":"future-other-month-description","ariaLabel":"වෙනත් මාසයක්"},{"$i":"icon-calendar-alarm","ariaLabel":"හැස් එලාම්"},{"$i":"calendars","ariaLabel":"දිනදර්ශන"},{"$i":"multi-day-new-event-link","ariaLabel":"ඉසව්ව එක්කරන්න"},{"$i":"title","ariaLabel":"ශීර්ෂය"},{"$i":"location","ariaLabel":"ස්ථානය"},{"$i":"duration","ariaLabel":"කාලසීමාව"},{"$i":"calendar","ariaLabel":"දිනදර්ශනය"},{"$i":"alarms","ariaLabel":"එලාම්"},{"$i":"description","ariaLabel":"විස්තරය"},{"$i":"start-date","ariaLabel":"දිනය අරඹන්න"},{"$i":"start-time","ariaLabel":"වේලාව අරඹන්න"},{"$i":"end-date","ariaLabel":"දිනය අවසන් කරන්න"},{"$i":"end-time","ariaLabel":"අවසන් වේලාව"},{"$i":"during-progress-loading","ariaValueText":"පැටවෙමින්"},{"$i":"all-day","ariaLabel":"දවස පුරා"},{"$i":"create-event","ariaLabel":"සිදුවීම් සාදන්න"},{"$i":"create-all-day-event","ariaLabel":"දවස පුරා සිදුවීම් සාදන්න"},{"$i":"event-one-day-duration","ariaLabel":[{"t":"idOrVar","v":"startTime"}," සිට ",{"t":"idOrVar","v":"endTime"}," දක්වා"]},{"$i":"week-event-one-day-duration","ariaLabel":[{"t":"idOrVar","v":"startDate"}," සිට ",{"t":"idOrVar","v":"startTime"}," දක්වා ",{"t":"idOrVar","v":"endTime"}]},{"$i":"event-multiple-day-duration","ariaLabel":[{"t":"idOrVar","v":"startTime"}," ",{"t":"idOrVar","v":"startDate"}," සිට ",{"t":"idOrVar","v":"endTime"}," ",{"t":"idOrVar","v":"endDate"}," දක්වා"]},{"$i":"kai-event-added","$v":"අවස්ථාව එක් කරන ලදි"},{"$i":"kai-event-updated","$v":"අවස්ථාව යාවත්කාල කරන ලදි"},{"$i":"kai-event-deleted","$v":"අවස්ථාව මකන ලදී"},{"$i":"kai-change-save","$v":"වෙනස්කම් සුරකින ලදි"},{"$i":"event-sync-failure","$v":"සමමු කළ නොහැක"},{"$i":"kai-event-calendar","$v":"දිනදර්ශනය"},{"$i":"kai-single-event","$v":"සිද්ධිය"},{"$i":"kai-event-count","$v":"සිද්ධි"},{"$i":"kai-sync-progress-syncing","$v":"සමමු වෙමින්"},{"$i":"kai-sync-progress-complete","$v":"දින දර්ශනය යාවත්කාලීනයි."},{"$i":"kai-settings-sounds","$v":"හඬ"},{"$i":"kai-tones","$v":"නාද"},{"$i":"kai-multi-events","$v":"අවස්ථා"},{"$i":"kai-confirmation-title","$v":"තහවුරු කිරීම"},{"$i":"kai-delete-selectedEvent-confirmation","$v":"තේරූ අවස්ථාව මකන්නද?"},{"$i":"kai-deleteEvent-confirmation","$v":"අවස්ථාව මකන්නද?"},{"$i":"kai-event-search-header","$v":"සොයන්න","placeholder":"සොයන්න"},{"$i":"kai-event-search-upcoming-events","$v":"ඉදිරි සිදුවීම්"},{"$i":"kai-delete","$v":"මකන්න"},{"$i":"kai-cancel","$v":"අවලංගු කරන්න"},{"$i":"kai-dialog-delete-sel","$v":"තෝරන ලද අවස්ථාව මැකීමට අවශ්‍ය බව ඔබට සහතිකද?"},{"$i":"kai-delete-title","$v":"අවස්ථාව මකන්න"},{"$i":"kai-save-changes","$v":"වෙනස්කම් සුරකින්නද?"},{"$i":"kai-save-message-back","$v":"ඇතුළු කළ සියලු දත්ත නැති වනු ඇත. වෙනස්කම් සුරැකීමට ඔබට අවශ්‍යද?"},{"$i":"kai-save-message-close","$v":"දත්ත අහිමි වීම සමඟ යෙදුම වැසෙනු ඇත. ඔබට වෙනස්කම් සුරැකීමට අවශ්‍යද?"},{"$i":"yes","$v":"ඔව්"},{"$i":"no","$v":"නැත"},{"$i":"confirmation","$v":"තහවුරු කිරීම"},{"$i":"ok","$v":"Ok"},{"$i":"delete-event","$v":"තේරූ අවස්ථාව මකන්නද?"},{"$i":"edit-event-no-net","$v":"අන්තර්ජාල සම්බන්ධයක් නොමැති වීමෙන් ඔන්ලයින් සිද්ධි සංස්කරණය කිරීම අසාර්ථක විය."},{"$i":"kai-settings-header","$v":"ප්‍රදර්ශනය කළ යුතු දිනදර්ශනය"},{"$i":"kai-syncing","$v":"සමමු වෙමින්..."},{"$i":"kai-syncing-header","$v":"ගිණුම් සමමුහු"},{"$i":"select","$v":"තෝරන්න"},{"$i":"add-event","$v":"ඉසව්ව එක්කරන්න"},{"$i":"week-view","$v":"සති දසුන"},{"$i":"day-view","$v":"දවසේ අදහස්"},{"$i":"month-view","$v":"මාසික පෙනුම"},{"$i":"today","$v":"අද"},{"$i":"go","$v":"දිනය වෙත යන්න"},{"$i":"search","$v":"සොයන්න"},{"$i":"calendar-to-display","$v":"ප්‍රදර්ශනය කළ යුතු දිනදර්ශනය"},{"$i":"settings","$v":"පසුතල"},{"$i":"delete","$v":"මකන්න"},{"$i":"enter","$v":"ඇතුළු කරන්න"},{"$i":"sync-calendar","$v":"දිනදර්ශනය සමමු කරන්න"},{"$i":"lunar-calendar","$v":"චන්ද්‍ර දිනය"},{"$i":"present-description","$v":["අද ",{"t":"idOrVar","v":"weekday"}," ",{"t":"idOrVar","v":"date"}]},{"$i":"day-description","$v":[{"t":"idOrVar","v":"weekday"}," එම ",{"t":"idOrVar","v":"date"},"වෙනි"]},{"$i":"weekday-5","$v":"සිකුරාදා"},{"$i":"weekday-4","$v":"බ්‍රහස්පතින්දා"},{"$i":"weekday-3","$v":"බදාදා"},{"$i":"weekday-2","$v":"අඟහරුවාදා"},{"$i":"weekday-1","$v":"සඳුදා"},{"$i":"weekday-0","$v":"ඉරිදා"},{"$i":"weekday-6","$v":"සෙනසුරාදා"},{"$i":"no-title","$v":"(මාතෘකාව නැත)"},{"$i":"weekday-0-long","$v":"ඉරිදා"},{"$i":"weekday-1-long","$v":"සඳුදා"},{"$i":"weekday-2-long","$v":"අඟහරුවාදා"},{"$i":"weekday-3-long","$v":"බදාදා"},{"$i":"weekday-4-long","$v":"බ්‍රහස්පතින්දා"},{"$i":"weekday-5-long","$v":"සිකුරාදා"},{"$i":"weekday-6-long","$v":"සෙනසුරාදා"},{"$i":"weekday-0-short","$v":"ඉරිදා"},{"$i":"weekday-1-short","$v":"සඳු"},{"$i":"weekday-2-short","$v":"අඟ"},{"$i":"weekday-3-short","$v":"බදා"},{"$i":"weekday-4-short","$v":"බ්‍රහස්"},{"$i":"weekday-5-short","$v":"සිකු"},{"$i":"weekday-6-short","$v":"සෙන"},{"$i":"month-0-long","$v":"ජනවාරි"},{"$i":"month-1-long","$v":"පෙබරවාරි"},{"$i":"month-2-long","$v":"මාර්තු"},{"$i":"month-3-long","$v":"අප්‍රේල්"},{"$i":"month-4-long","$v":"මැයි"},{"$i":"month-5-long","$v":"ජුනි"},{"$i":"month-6-long","$v":"ජූලි"},{"$i":"month-7-long","$v":"අගෝස්තු"},{"$i":"month-8-long","$v":"සැප්තැම්බර්"},{"$i":"month-9-long","$v":"ඔක්තෝබර්"},{"$i":"month-10-long","$v":"නොවැම්බර්"},{"$i":"month-11-long","$v":"දෙසැම්බර්"},{"$i":"month-0-genitive","$v":"ජනවාරි"},{"$i":"month-1-genitive","$v":"පෙබරවාරි"},{"$i":"month-2-genitive","$v":"මාර්තු"},{"$i":"month-3-genitive","$v":"අප්‍රේල්"},{"$i":"month-4-genitive","$v":"මැයි"},{"$i":"month-5-genitive","$v":"ජූනි"},{"$i":"month-6-genitive","$v":"ජුලි"},{"$i":"month-7-genitive","$v":"අගෝස්තු"},{"$i":"month-8-genitive","$v":"සැප්තැම්බර්"},{"$i":"month-9-genitive","$v":"ඔක්තෝබර්"},{"$i":"month-10-genitive","$v":"නොවැම්බර්"},{"$i":"month-11-genitive","$v":"දෙසැම්බර්"},{"$i":"month-0-short","$v":"ජන"},{"$i":"month-1-short","$v":"පෙබ"},{"$i":"month-2-short","$v":"මාර්."},{"$i":"month-3-short","$v":"අප්‍රේ"},{"$i":"month-4-short","$v":"මැයි"},{"$i":"month-5-short","$v":"ජූනි"},{"$i":"month-6-short","$v":"ජූලි"},{"$i":"month-7-short","$v":"අගෝ"},{"$i":"month-8-short","$v":"සැප්"},{"$i":"month-9-short","$v":"ඔක්"},{"$i":"month-10-short","$v":"නොවැ"},{"$i":"month-11-short","$v":"දෙසැ"},{"$i":"minutes-ago-long","$v":{"few":[{"t":"idOrVar","v":"value"}," මිනිත්තුවකට පෙර"],"many":[{"t":"idOrVar","v":"value"}," මිනිත්තුවකට පෙර"],"one":"මිනිත්තුවකට පෙර","other":[{"t":"idOrVar","v":"value"}," මිනිත්තුවකට පෙර"],"two":[{"t":"idOrVar","v":"value"}," මිනිත්තුවකට පෙර"],"zero":"මේ දැන්"},"$x":[{"t":"idOrVar","v":"plural"},"value"]},{"$i":"hours-ago-long","$v":{"few":[{"t":"idOrVar","v":"value"}," පැයකට ඉහත"],"many":[{"t":"idOrVar","v":"value"}," පැයකට ඉහත"],"one":"පැයකට පෙර","other":[{"t":"idOrVar","v":"value"}," පැයකට ඉහත"],"two":[{"t":"idOrVar","v":"value"}," පැයකට ඉහත"],"zero":"මේ දැන්"},"$x":[{"t":"idOrVar","v":"plural"},"value"]},{"$i":"days-ago-long","$v":{"few":[{"t":"idOrVar","v":"value"}," දවසකට ඉහත"],"many":[{"t":"idOrVar","v":"value"}," දවසකට ඉහත"],"one":"ඊයේ","other":[{"t":"idOrVar","v":"value"}," දවසකට ඉහත"],"two":[{"t":"idOrVar","v":"value"}," දවසකට ඉහත"],"zero":"අද"},"$x":[{"t":"idOrVar","v":"plural"},"value"]},{"$i":"weeks-ago-long","$v":{"few":[{"t":"idOrVar","v":"value"}," සතියකට ඉහත"],"many":[{"t":"idOrVar","v":"value"}," සතියකට ඉහත"],"one":"පසුගිය සතිය","other":[{"t":"idOrVar","v":"value"}," සතියකට ඉහත"],"two":[{"t":"idOrVar","v":"value"}," සතියකට ඉහත"],"zero":"මේ සතිය"},"$x":[{"t":"idOrVar","v":"plural"},"value"]},{"$i":"months-ago-long","$v":{"few":[{"t":"idOrVar","v":"value"}," මසකට ඉහත"],"many":[{"t":"idOrVar","v":"value"}," මසකට ඉහත"],"one":"අවසන් මාසය","other":[{"t":"idOrVar","v":"value"}," මසකට ඉහත"],"two":[{"t":"idOrVar","v":"value"}," මසකට ඉහත"],"zero":"මේ මාසය"},"$x":[{"t":"idOrVar","v":"plural"},"value"]},{"$i":"years-ago-long","$v":{"few":[{"t":"idOrVar","v":"value"}," වසරකට ඉහත"],"many":[{"t":"idOrVar","v":"value"}," වසරකට ඉහත"],"one":"පසුගිය වසර","other":[{"t":"idOrVar","v":"value"}," වසරකට ඉහත"],"two":[{"t":"idOrVar","v":"value"}," වසරකට ඉහත"],"zero":"මෙම වසර"},"$x":[{"t":"idOrVar","v":"plural"},"value"]},{"$i":"minutes-until-long","$v":{"few":["මිනිත්තු",{"t":"idOrVar","v":"value"}," කින්"],"many":["මිනිත්තු",{"t":"idOrVar","v":"value"}," කින්"],"one":"මිනිත්තුවකදී","other":["මිනිත්තු",{"t":"idOrVar","v":"value"}," කින්"],"two":["මිනිත්තු",{"t":"idOrVar","v":"value"}," කින්"],"zero":"දැන්"},"$x":[{"t":"idOrVar","v":"plural"},"value"]},{"$i":"hours-until-long","$v":{"few":["පැය ",{"t":"idOrVar","v":"value"}," කින්"],"many":["පැය ",{"t":"idOrVar","v":"value"}," කින්"],"one":"පැයකදී","other":["පැය ",{"t":"idOrVar","v":"value"}," කින්"],"two":["පැය ",{"t":"idOrVar","v":"value"}," කින්"],"zero":"දැන්"},"$x":[{"t":"idOrVar","v":"plural"},"value"]},{"$i":"days-until-long","$v":{"few":["දින ",{"t":"idOrVar","v":"value"}," කින්"],"many":["දින ",{"t":"idOrVar","v":"value"}," කින්"],"one":"හෙට","other":["දින ",{"t":"idOrVar","v":"value"}," කින්"],"two":["දින ",{"t":"idOrVar","v":"value"}," කින්"],"zero":"අද"},"$x":[{"t":"idOrVar","v":"plural"},"value"]},{"$i":"weeks-until-long","$v":{"few":["සති ",{"t":"idOrVar","v":"value"}," කින්"],"many":["සති ",{"t":"idOrVar","v":"value"}," කින්"],"one":"ඊළඟ සතිය","other":["සති ",{"t":"idOrVar","v":"value"}," කින්"],"two":["සති ",{"t":"idOrVar","v":"value"}," කින්"],"zero":"මේ සතිය"},"$x":[{"t":"idOrVar","v":"plural"},"value"]},{"$i":"months-until-long","$v":{"few":["මාස ",{"t":"idOrVar","v":"value"}," කින්"],"many":["මාස ",{"t":"idOrVar","v":"value"}," කින්"],"one":"ඊළඟ මාසය","other":["මාස ",{"t":"idOrVar","v":"value"}," කින්"],"two":["මාස ",{"t":"idOrVar","v":"value"}," කින්"],"zero":"මේ මාසය"},"$x":[{"t":"idOrVar","v":"plural"},"value"]},{"$i":"years-until-long","$v":{"few":["වසර ",{"t":"idOrVar","v":"value"}," කින්"],"many":["වසර ",{"t":"idOrVar","v":"value"}," කින්"],"one":"ඊළඟ වසර","other":["වසර ",{"t":"idOrVar","v":"value"}," කින්"],"two":["වසර ",{"t":"idOrVar","v":"value"}," කින්"],"zero":"මෙම වසර"},"$x":[{"t":"idOrVar","v":"plural"},"value"]},{"$i":"minutes-ago-short","$v":{"other":[{"t":"idOrVar","v":"value"},"මි. පෙර"],"zero":"මේ දැන්"},"$x":[{"t":"idOrVar","v":"plural"},"value"]},{"$i":"hours-ago-short","$v":{"other":[{"t":"idOrVar","v":"value"},"පැ. පෙර"],"zero":"මේ දැන්"},"$x":[{"t":"idOrVar","v":"plural"},"value"]},{"$i":"days-ago-short","$v":{"other":[{"t":"idOrVar","v":"value"},"දි. පෙර"],"zero":"අද"},"$x":[{"t":"idOrVar","v":"plural"},"value"]},{"$i":"minutes-until-short","$v":{"other":["මාස ",{"t":"idOrVar","v":"value"},"කින්"],"zero":"දැන්"},"$x":[{"t":"idOrVar","v":"plural"},"value"]},{"$i":"hours-until-short","$v":{"other":["පැය ",{"t":"idOrVar","v":"value"},"කින්"],"zero":"දැන්"},"$x":[{"t":"idOrVar","v":"plural"},"value"]},{"$i":"days-until-short","$v":{"other":["දින ",{"t":"idOrVar","v":"value"},"කින්"],"zero":"අද"},"$x":[{"t":"idOrVar","v":"plural"},"value"]},{"$i":"incorrectDate","$v":"(වැරදිදිනය)"},{"$i":"dateTimeFormat_%c","$v":"%a %b %e %Y %I:%M:%S %p"},{"$i":"dateTimeFormat_%x","$v":"%m/%d/%Y"},{"$i":"dateTimeFormat_%X","$v":"%I:%M:%S %p"},{"$i":"shortTimeFormat","$v":"%I:%M %p"},{"$i":"shortTimeFormat12","$v":"%I:%M %p"},{"$i":"shortTimeFormat24","$v":"%H:%M"},{"$i":"shortDateTimeFormat","$v":"%x %I:%M %p"},{"$i":"weekStartsOnMonday","$v":"0.0"},{"$i":"firstDayOfTheWeek","$v":"0.0"},{"$i":"time_am","$v":"AM"},{"$i":"time_pm","$v":"PM"},{"$i":"softkey-options","$v":"විකල්ප"}]