[{"$i":"back","$v":"Prapa"},{"$i":"save","$v":"Ruaj"},{"$i":"cancel","$v":"Anulo"},{"$i":"next","$v":"Vijues"},{"$i":"hide","$v":"Fshih"},{"$i":"confirm","$v":"Konfirmo"},{"$i":"done","$v":"U krye"},{"$i":"events","$v":"Rikujtesë për ngjarjet"},{"$i":"edit","$v":"Modifiko"},{"$i":"allday-events","$v":"Rikujtesë për ngjarjet mbarëditore"},{"$i":"no-events","$v":"Nuk ka ngjarje"},{"$i":"default","$v":"Standard"},{"$i":"sync","$v":"Sinkronizim"},{"$i":"repeat","$v":"Përsërit"},{"$i":"never","$v":"Kurrë"},{"$i":"every-day","$v":"Çdo ditë"},{"$i":"every-week","$v":"Çdo javë"},{"$i":"every-2-weeks","$v":"Çdo 2 javë"},{"$i":"every-month","$v":"Cdo muaj"},{"$i":"view-never","$v":"Përsërit: Asnjëherë"},{"$i":"view-every-day","$v":"Përsërit: Çdo ditë"},{"$i":"view-every-week","$v":"Përsërit: Weekly"},{"$i":"view-every-2-weeks","$v":"Përsërit: Çdo dy javë "},{"$i":"view-every-month","$v":"Përsërit: Mujor"},{"$i":"repeat-event-header","$v":"Kjo është ngjarje e përsëritur."},{"$i":"delete-this-only","$v":"Fshini këtë vetëm"},{"$i":"delete-all","$v":"Fshi të gjitha"},{"$i":"event-edit-all","$v":"Modifiko të gjitha ngjarjet"},{"$i":"event-edit-all-future","$v":"Modifiko të gjitha ngjarjet e ardhshme"},{"$i":"options","$v":"Opsionet"},{"$i":"event-delete-all","$v":"Fshi të gjitha"},{"$i":"event-delete-all-future","$v":"Fshi të gjitha ngjarjet e ardhshme "},{"$i":"delete-account","$v":"Fshi llogarinë"},{"$i":"exchange-account","$v":"ActiveSync"},{"$i":"account-user-name","$v":"Emri i përdoruesit"},{"$i":"incorrect-password-description","$v":"Nuk hyn dot në server. Riprovo fjalëkalimin."},{"$i":"incorrect-password","$v":"Fjalëkalim i pasaktë, riprovo."},{"$i":"account-duplicate","$v":"Llogaria ekziston tashmë. Sinkronizimi është aktiv."},{"$i":"error-account","$v":"Gabim në server. Provo sërish më vonë."},{"$i":"error-access-denied","$v":"Ndodhi një gabim i panjohur; provo sërish më vonë."},{"$i":"error-time-out","$v":["Nuk vendoset dot lidhje me \"",{"t":"idOrVar","v":"server"},"\". Mund të ketë problem me rrjetin."]},{"$i":"caldav-account-exist","$v":"Kjo llogari ekziston."},{"$i":"save-password","$v":"Fjalëkalimi u ruajt."},{"$i":"account-login","$v":"Identifikimi i llogarisë"},{"$i":"setting-up-account","$v":"Konfigurimi i llogarisë"},{"$i":"setup-account-usedInfo","$v":"Kjo llogari do të përdoret nga aplikacionet e mëposhtme. Mund ta ndryshosh këtë te Cilësimet>Llogaria."},{"$i":"app-calendar","$v":"Kalendari"},{"$i":"show-today","$v":"Sot"},{"$i":"show-month-view","$v":"Muaji"},{"$i":"show-week-view","$v":"Java"},{"$i":"show-day-view","$v":"Dita"},{"$i":"settings-show","$v":"Cilësimet"},{"$i":"settings-hide","$v":"Fshih cilësimet"},{"$i":"add-account","$v":"Shto një llogari"},{"$i":"new-event","$v":"Shto ngjarje"},{"$i":"view-event-header","$v":"Detajet e ngjarjes"},{"$i":"new-event-header","$v":"Shto ngjarje"},{"$i":"edit-event-header","$v":"Modifiko ngjarjen"},{"$i":"account-header","$v":"Llogaria"},{"$i":"account-list-header","$v":"Llogaritë"},{"$i":"advanced-settings-short-icon-button","ariaLabel":"Cilësimet"},{"$i":"advanced-settings-header","$v":"Cilësimet e kalendarit"},{"$i":"advanced-settings-personalization","$v":"Përditëso frekuencën"},{"$i":"advanced-settings-reminders","$v":"Rikujtesë"},{"$i":"advanced-settings-add-account","$v":"Shto llogari"},{"$i":"field-user","$v":"Emri i përdoruesit"},{"$i":"field-password","$v":"Fjalëkalimi"},{"$i":"show-password","$v":"Shfaq fjalëkalimin"},{"$i":"field-full-url","$v":"URL"},{"$i":"modify-account-setting-up","$v":"Prit sa të konfigurohet llogaria"},{"$i":"modify-account-unable-to-sync","$v":"Nuk sinkronizohet dot"},{"$i":"modify-account-sign-in","$v":"Identifikohu"},{"$i":"kai-caldav","$v":"CalDav"},{"$i":"kai-yahoo","$v":"Yahoo!"},{"$i":"kai-google","$v":"Google"},{"$i":"preset-mozilla","$v":"Mozilla Zimbra"},{"$i":"calendar-local","$v":"Kalendari i telefonit"},{"$i":"event-title","$v":"Titulli"},{"$i":"event-location","$v":"Vendndodhja"},{"$i":"event-description","$v":"Shënimet"},{"$i":"event-is-allday","$v":"Ngjarje mbarëditore"},{"$i":"event-start-date","$v":"Data e fillimit"},{"$i":"event-end-date","$v":"Data e mbylljes"},{"$i":"event-start-time","$v":"Ora e fillimit"},{"$i":"event-end-time","$v":"Koha e mbylljes"},{"$i":"event-delete","$v":"Fshi ngjarjen"},{"$i":"event-is-deleting","$v":"Po fshihen…"},{"$i":"remove-account-data","$v":"Hiq llogarinë e kalendarit"},{"$i":"remove-account-dialog","$v":"Hiq llogarinë"},{"$i":"remove-account-dialog-details","$v":["Të hiqet \"",{"t":"idOrVar","v":"email"},"\" nga pajisja?"]},{"$i":"remove","$v":"Hiq"},{"$i":"drawer-sync-icon-button","ariaLabel":"Sinkronizim"},{"$i":"sync-progress-syncing","ariaValueText":"Po sinkronizohet"},{"$i":"sync-progress-complete","ariaValueText":"Sinkronizimi përfundoi"},{"$i":"sync-frequency","$v":"Sinkronizo kalendarin"},{"$i":"sync-frequency-15min","$v":"Çdo 15 minuta"},{"$i":"sync-frequency-30min","$v":"Çdo 30 minuta"},{"$i":"sync-frequency-manual","$v":"Manualisht"},{"$i":"from","$v":"Nga"},{"$i":"to","$v":"Për"},{"$i":"one-day-duration-title","$v":[{"t":"idOrVar","v":"startDate"}]},{"$i":"one-day-duration-content","$v":[{"t":"idOrVar","v":"startTime"}," deri ",{"t":"idOrVar","v":"endTime"}]},{"$i":"multiple-day-duration-title","$v":[{"t":"idOrVar","v":"startTime"}," ",{"t":"idOrVar","v":"startDate"}]},{"$i":"multiple-day-duration-content","$v":[{"t":"idOrVar","v":"endTime"}," ",{"t":"idOrVar","v":"endDate"}]},{"$i":"one-all-day-duration-title","$v":[{"t":"idOrVar","v":"startDate"}]},{"$i":"all-day-duration-content","$v":"Ngjarje mbarëditore"},{"$i":"multiple-all-day-duration-title","$v":["Nga ",{"t":"idOrVar","v":"startDate"}]},{"$i":"multiple-all-day-duration-content","$v":["Për ",{"t":"idOrVar","v":"endDate"}]},{"$i":"none","$v":"Asnjë"},{"$i":"reminder","$v":"Rikujtesë për ngjarjen"},{"$i":"remind-me","$v":"Më kujto"},{"$i":"alarm-at-event-standard","$v":"Në kohën e ngjarjes"},{"$i":"alarm-at-event-allday","$v":"Ditën e ngjarjes"},{"$i":"alarm-at-event-allday-hour12","$v":"Ditën e ngjarjes (9:00 p.d.)"},{"$i":"alarm-at-event-allday-hour24","$v":"Ditën e ngjarjes (9:00 p.d.)"},{"$i":"alarm-start-notice","$v":[{"t":"idOrVar","v":"title"}," fillon ",{"t":"idOrVar","v":"distance"}]},{"$i":"alarm-started-notice","$v":[{"t":"idOrVar","v":"title"}," filloi ",{"t":"idOrVar","v":"distance"}]},{"$i":"alarm-start-notice-two-days","$v":[{"t":"idOrVar","v":"title"}," fillon për dy ditë"]},{"$i":"alarm-start-notice-few-days","$v":[{"t":"idOrVar","v":"title"}," fillon më ",{"t":"idOrVar","v":"distance"}]},{"$i":"days-before-hour12","$v":{"few":[{"t":"idOrVar","v":"value"}," ditë përpara (9:00 p.d.)"],"many":[{"t":"idOrVar","v":"value"}," ditë përpara (9:00 p.d.)"],"one":"1 ditë përpara (9:00 p.d.)","other":[{"t":"idOrVar","v":"value"}," ditë përpara (9:00 p.d.)"],"two":[{"t":"idOrVar","v":"value"}," ditë përpara (9:00 p.d.)"],"zero":"0 ditë përpara (9:00 p.d.)"},"$x":[{"t":"idOrVar","v":"plural"},"value"]},{"$i":"weeks-before-hour12","$v":{"few":[{"t":"idOrVar","v":"value"}," javë përpara (9:00 p.d.)"],"many":[{"t":"idOrVar","v":"value"}," javë përpara (9:00 p.d.)"],"one":"1 javë përpara (9:00 p.d.)","other":[{"t":"idOrVar","v":"value"}," javë përpara (9:00 p.d.)"],"two":[{"t":"idOrVar","v":"value"}," javë përpara (9:00 p.d.)"],"zero":"0 javë përpara (9:00 p.d.)"},"$x":[{"t":"idOrVar","v":"plural"},"value"]},{"$i":"days-before-hour24","$v":{"few":[{"t":"idOrVar","v":"value"}," ditë përpara (9:00 p.d.)"],"many":[{"t":"idOrVar","v":"value"}," ditë përpara (9:00 p.d.)"],"one":"1 ditë përpara (9:00 p.d.)","other":[{"t":"idOrVar","v":"value"}," ditë përpara (9:00 p.d.)"],"two":[{"t":"idOrVar","v":"value"}," ditë përpara (9:00 p.d.)"],"zero":"0 ditë përpara (9:00 p.d.)"},"$x":[{"t":"idOrVar","v":"plural"},"value"]},{"$i":"weeks-before-hour24","$v":{"few":[{"t":"idOrVar","v":"value"}," javë përpara (9:00 p.d.)"],"many":[{"t":"idOrVar","v":"value"}," javë përpara (9:00 p.d.)"],"one":"1 javë përpara (9:00 p.d.)","other":[{"t":"idOrVar","v":"value"}," javë përpara (9:00 p.d.)"],"two":[{"t":"idOrVar","v":"value"}," javë përpara (9:00 p.d.)"],"zero":"0 javë përpara (9:00 p.d.)"},"$x":[{"t":"idOrVar","v":"plural"},"value"]},{"$i":"minutes-before","$v":{"few":[{"t":"idOrVar","v":"value"}," minuta para"],"many":[{"t":"idOrVar","v":"value"}," minuta para"],"one":"1 minutë para","other":[{"t":"idOrVar","v":"value"}," minuta para"],"two":[{"t":"idOrVar","v":"value"}," minuta para"],"zero":"0 minuta para"},"$x":[{"t":"idOrVar","v":"plural"},"value"]},{"$i":"hours-before","$v":{"few":[{"t":"idOrVar","v":"value"}," orë para"],"many":[{"t":"idOrVar","v":"value"}," orë para"],"one":"1 orë para","other":[{"t":"idOrVar","v":"value"}," orë para"],"two":[{"t":"idOrVar","v":"value"}," orë para"],"zero":"0 orë para"},"$x":[{"t":"idOrVar","v":"plural"},"value"]},{"$i":"days-before","$v":{"few":[{"t":"idOrVar","v":"value"}," ditë para"],"many":[{"t":"idOrVar","v":"value"}," ditë para"],"one":"1 ditë para","other":[{"t":"idOrVar","v":"value"}," ditë para"],"two":[{"t":"idOrVar","v":"value"}," ditë para"],"zero":"0 ditë para"},"$x":[{"t":"idOrVar","v":"plural"},"value"]},{"$i":"weeks-before","$v":{"few":[{"t":"idOrVar","v":"value"}," javë para"],"many":[{"t":"idOrVar","v":"value"}," javë para"],"one":"1 javë para","other":[{"t":"idOrVar","v":"value"}," javë para"],"two":[{"t":"idOrVar","v":"value"}," javë para"],"zero":"0 javë para"},"$x":[{"t":"idOrVar","v":"plural"},"value"]},{"$i":"months-before","$v":{"few":[{"t":"idOrVar","v":"value"}," muaj para"],"many":[{"t":"idOrVar","v":"value"}," muaj para"],"one":"1 muaj para","other":[{"t":"idOrVar","v":"value"}," muaj para"],"two":[{"t":"idOrVar","v":"value"}," muaj para"],"zero":"0 muaj para"},"$x":[{"t":"idOrVar","v":"plural"},"value"]},{"$i":"years-before","$v":{"few":[{"t":"idOrVar","v":"value"}," vite para"],"many":[{"t":"idOrVar","v":"value"}," vite para"],"one":"1 vit para","other":[{"t":"idOrVar","v":"value"}," vite para"],"two":[{"t":"idOrVar","v":"value"}," vite para"],"zero":"0 vite para"},"$x":[{"t":"idOrVar","v":"plural"},"value"]},{"$i":"minutes-after","$v":{"few":[{"t":"idOrVar","v":"value"}," minuta pas"],"many":[{"t":"idOrVar","v":"value"}," minuta pas"],"one":"1 minutë pas","other":[{"t":"idOrVar","v":"value"}," minuta pas"],"two":[{"t":"idOrVar","v":"value"}," minuta pas"],"zero":"0 minuta pas"},"$x":[{"t":"idOrVar","v":"plural"},"value"]},{"$i":"hours-after","$v":{"few":[{"t":"idOrVar","v":"value"}," orë pas"],"many":[{"t":"idOrVar","v":"value"}," orë pas"],"one":"1 orë pas","other":[{"t":"idOrVar","v":"value"}," orë pas"],"two":[{"t":"idOrVar","v":"value"}," orë pas"],"zero":"0 orë pas"},"$x":[{"t":"idOrVar","v":"plural"},"value"]},{"$i":"days-after","$v":{"few":[{"t":"idOrVar","v":"value"}," ditë më pas"],"many":[{"t":"idOrVar","v":"value"}," ditë më pas"],"one":"1 ditë pas","other":[{"t":"idOrVar","v":"value"}," ditë më pas"],"two":[{"t":"idOrVar","v":"value"}," ditë më pas"],"zero":"0 ditë pas"},"$x":[{"t":"idOrVar","v":"plural"},"value"]},{"$i":"weeks-after","$v":{"few":[{"t":"idOrVar","v":"value"}," javë pas"],"many":[{"t":"idOrVar","v":"value"}," javë pas"],"one":"1 javë pas","other":[{"t":"idOrVar","v":"value"}," javë pas"],"two":[{"t":"idOrVar","v":"value"}," javë pas"],"zero":"0 javë pas"},"$x":[{"t":"idOrVar","v":"plural"},"value"]},{"$i":"months-after","$v":{"few":[{"t":"idOrVar","v":"value"}," muaj pas"],"many":[{"t":"idOrVar","v":"value"}," muaj pas"],"one":"1 muaj pas","other":[{"t":"idOrVar","v":"value"}," muaj pas"],"two":[{"t":"idOrVar","v":"value"}," muaj pas"],"zero":"0 muaj pas"},"$x":[{"t":"idOrVar","v":"plural"},"value"]},{"$i":"years-after","$v":{"few":[{"t":"idOrVar","v":"value"}," vite pas"],"many":[{"t":"idOrVar","v":"value"}," vite pas"],"one":"1 vit pas","other":[{"t":"idOrVar","v":"value"}," vite pas"],"two":[{"t":"idOrVar","v":"value"}," vite pas"],"zero":"0 vite pas"},"$x":[{"t":"idOrVar","v":"plural"},"value"]},{"$i":"hour-format12","$v":"%I %p"},{"$i":"hour-format24","$v":"%H"},{"$i":"week-hour-format12","$v":"%I %p"},{"$i":"week-hour-format24","$v":"%H"},{"$i":"hour-allday","$v":"Gjithë ditën"},{"$i":"kai-week-day","$v":"%a\\n%e"},{"$i":"current-time12","$v":"%I:%M"},{"$i":"current-time24","$v":"%H:%M"},{"$i":"multi-month-view-header-format","$v":"%B %Y"},{"$i":"day-view-header-format","$v":"%A, %B %e"},{"$i":"months-day-view-header-format","$v":"%A, %B %e"},{"$i":"months-day-view-header-format-small","$v":{"$o":"%a <br/> %b, %e"}},{"$i":"week-view-header-format","$v":["Java ",{"t":"idOrVar","v":"value"},", %B %Y"]},{"$i":"longDateFormat","$v":"%a, %B %d, %Y"},{"$i":"longTimeFormat","$v":"%A %B %d"},{"$i":"longTimeFormat12","$v":"%A %B %d %I %p"},{"$i":"longTimeFormat24","$v":"%A %B %d %H fiks"},{"$i":"weekTimeFormat12","$v":"%I %p"},{"$i":"weekTimeFormat24","$v":"%H fiks"},{"$i":"weekDayFormat","$v":"%A %d"},{"$i":"alldayLongTimeFormat","$v":"%A %B %d gjithë ditën"},{"$i":"dayHour12","$v":"%I %p"},{"$i":"dayHour24","$v":"%H fiks"},{"$i":"longDateTime12","$v":"%I %p, %a, %d %b, %Y"},{"$i":"longDateTime24","$v":"%H, %a, %d %b, %Y"},{"$i":"upcoming-events","$v":"Ngjarje të ardhshme"},{"$i":"search-results","$v":"Rezultatet e kërkimit"},{"$i":"no-event-found","$v":"Nuk u gjetën ngjarje"},{"$i":"longDateTimeNew12","$v":"%a, %B %e, %Y, %I:%M %p"},{"$i":"longDateTimeNew24","$v":"%a, %B %e, %Y, %H:%M"},{"$i":"error-start-date-after-end-date","$v":"Ngjarja nuk mund të mbarojë para datës së fillimit."},{"$i":"error-start-time-after-end-time","$v":"Ngjarja nuk mund të mbarojë para orës së fillimit."},{"$i":"error-unauthenticated","$v":"Përdorues/fjalëkalim i gabuar, provo sërish."},{"$i":"error-internal-server-error","$v":"Gabim në server, provo sërish."},{"$i":"error-unkown","$v":"Gabim në server. Provo sërish më vonë."},{"$i":"error-default","$v":"Diçka nuk shkon. Provo sërish më vonë."},{"$i":"error-offline","$v":"Nuk lidhet dot me internetin. Mund të përdorësh \"Wi-Fi\" ose të dhëna celulare për të hapur internetin."},{"$i":"error-account-exist","$v":"Kjo llogari ekziston."},{"$i":"error-confirmation-title","$v":"Gabim"},{"$i":"error-edit-online-event","$v":"Ngjarja në internet nuk u modifikua dot pasi nuk ka lidhje interneti."},{"$i":"error-delete-online-event","$v":"Ngjarja në internet nuk u fshi dot pasi nuk ka lidhje interneti."},{"$i":"notification-error-sync-title","$v":"Gabim sink. me kalendarin"},{"$i":"notification-error-sync-description","$v":"Shtype për më shumë informacion"},{"$i":"notification-error-caldav-sync-title","$v":"Llogari Gabim"},{"$i":"notification-error-caldav-sync-description","$v":"Identifikohu sërish"},{"$i":"weekday-0-single-char","$v":"D","ariaLabel":"E diel"},{"$i":"weekday-1-single-char","$v":"H","ariaLabel":"E hënë"},{"$i":"weekday-2-single-char","$v":"M","ariaLabel":"E martë"},{"$i":"weekday-3-single-char","$v":"M","ariaLabel":"E mërkurë"},{"$i":"weekday-4-single-char","$v":"E","ariaLabel":"E enjte"},{"$i":"weekday-5-single-char","$v":"P","ariaLabel":"E premte"},{"$i":"weekday-6-single-char","$v":"S","ariaLabel":"E shtunë"},{"$i":"busy","$v":{"few":[{"t":"idOrVar","v":"n"}," ngjarje"],"many":[{"t":"idOrVar","v":"n"}," ngjarje"],"one":[{"t":"idOrVar","v":"n"}," ngjarje"],"other":[{"t":"idOrVar","v":"n"}," ngjarje"],"two":[{"t":"idOrVar","v":"n"}," ngjarje"],"zero":"Nuk ka ngjarje"},"$x":[{"t":"idOrVar","v":"plural"},"n"]},{"$i":"present","ariaLabel":"Sot"},{"$i":"past-other-month-description","ariaLabel":"Muaj tjetër"},{"$i":"future-other-month-description","ariaLabel":"Muaj tjetër"},{"$i":"icon-calendar-alarm","ariaLabel":"Ka alarm"},{"$i":"calendars","ariaLabel":"Kalendarët"},{"$i":"multi-day-new-event-link","ariaLabel":"Shto ngjarje"},{"$i":"title","ariaLabel":"Titulli"},{"$i":"location","ariaLabel":"Vendndodhja"},{"$i":"duration","ariaLabel":"Kohëzgjatja"},{"$i":"calendar","ariaLabel":"Kalendari"},{"$i":"alarms","ariaLabel":"Alarmet"},{"$i":"description","ariaLabel":"Përshkrim"},{"$i":"start-date","ariaLabel":"Data e fillimit"},{"$i":"start-time","ariaLabel":"Ora e fillimit"},{"$i":"end-date","ariaLabel":"Data e mbylljes"},{"$i":"end-time","ariaLabel":"Koha e mbylljes"},{"$i":"during-progress-loading","ariaValueText":"Po ngarkohet"},{"$i":"all-day","ariaLabel":"Gjithë ditën"},{"$i":"create-event","ariaLabel":"Krijo ngjarje"},{"$i":"create-all-day-event","ariaLabel":"Krijo ngjarje ditore"},{"$i":"event-one-day-duration","ariaLabel":["nga ",{"t":"idOrVar","v":"startTime"}," në ",{"t":"idOrVar","v":"endTime"}]},{"$i":"week-event-one-day-duration","ariaLabel":[{"t":"idOrVar","v":"startDate"}," nga ",{"t":"idOrVar","v":"startTime"}," deri ",{"t":"idOrVar","v":"endTime"}]},{"$i":"event-multiple-day-duration","ariaLabel":["Nga ",{"t":"idOrVar","v":"startTime"}," ",{"t":"idOrVar","v":"startDate"}," në ",{"t":"idOrVar","v":"endTime"}," ",{"t":"idOrVar","v":"endDate"}]},{"$i":"kai-event-added","$v":"Ngjarja u shtua"},{"$i":"kai-event-updated","$v":"Ngjarja u përditësua"},{"$i":"kai-event-deleted","$v":"Ngjarja u fshi"},{"$i":"kai-change-save","$v":"Ndryshimet u ruajtën"},{"$i":"event-sync-failure","$v":"Nuk sinkronizohet dot"},{"$i":"kai-event-calendar","$v":"Kalendari"},{"$i":"kai-single-event","$v":"ngjarje"},{"$i":"kai-event-count","$v":"ngjarjet"},{"$i":"kai-sync-progress-syncing","$v":"Po sinkronizohet"},{"$i":"kai-sync-progress-complete","$v":"Kalendari është i përditësuar."},{"$i":"kai-settings-sounds","$v":"Tingujt"},{"$i":"kai-tones","$v":"Tingujt"},{"$i":"kai-multi-events","$v":"Ngjarje"},{"$i":"kai-confirmation-title","$v":"Konfirmimi"},{"$i":"kai-delete-selectedEvent-confirmation","$v":"Të fshihet ngjarja e zgjedhur?"},{"$i":"kai-deleteEvent-confirmation","$v":"Të fshihet ngjarja?"},{"$i":"kai-event-search-header","$v":"Kërko","placeholder":"Kërko"},{"$i":"kai-event-search-upcoming-events","$v":"Ngjarje të ardhshme"},{"$i":"kai-delete","$v":"Fshi"},{"$i":"kai-cancel","$v":"Anulo"},{"$i":"kai-dialog-delete-sel","$v":"Je i sigurt për fshirjen e ngjarjes së zgjedhur?"},{"$i":"kai-delete-title","$v":"Fshi ngjarjen"},{"$i":"kai-save-changes","$v":"Të ruhen ndryshimet?"},{"$i":"kai-save-message-back","$v":"Të gjitha të dhënat e futura do të humbasin. Të ruhen ndryshimet?"},{"$i":"kai-save-message-close","$v":"Aplikacioni do të mbyllet me humbje të dhënash.  Të ruhen ndryshimet?"},{"$i":"yes","$v":"Po"},{"$i":"no","$v":"Jo"},{"$i":"confirmation","$v":"Konfirmimi"},{"$i":"ok","$v":"OK"},{"$i":"delete-event","$v":"Të fshihet ngjarja e zgjedhur?"},{"$i":"edit-event-no-net","$v":"Ngjarja në internet nuk u modifikua sepse nuk ka lidhje interneti."},{"$i":"kai-settings-header","$v":"Kal. për t'u shfaqur"},{"$i":"kai-syncing","$v":"Po sinkronizohet..."},{"$i":"kai-syncing-header","$v":"Sinkronizimi i llogarisë"},{"$i":"select","$v":"Zgjidh"},{"$i":"add-event","$v":"Shto ngjarje"},{"$i":"week-view","$v":"Pamja javore"},{"$i":"day-view","$v":"Pamja ditore"},{"$i":"month-view","$v":"Pamja mujore"},{"$i":"today","$v":"Sot"},{"$i":"go","$v":"Shko te data"},{"$i":"search","$v":"Kërko"},{"$i":"calendar-to-display","$v":"Kalendari për t'u shfaqur"},{"$i":"settings","$v":"Cilësimet"},{"$i":"delete","$v":"Fshi"},{"$i":"enter","$v":"Jep"},{"$i":"sync-calendar","$v":"Sinkronizo kalendarin"},{"$i":"lunar-calendar","$v":"Ditë e kalendarit hënor"},{"$i":"present-description","$v":["Sot më ",{"t":"idOrVar","v":"date"}," ",{"t":"idOrVar","v":"weekday"}]},{"$i":"day-description","$v":[{"t":"idOrVar","v":"weekday"},", datë ",{"t":"idOrVar","v":"date"}]},{"$i":"weekday-5","$v":"E premte"},{"$i":"weekday-4","$v":"E enjte"},{"$i":"weekday-3","$v":"E mërkurë"},{"$i":"weekday-2","$v":"E martë"},{"$i":"weekday-1","$v":"E hënë"},{"$i":"weekday-0","$v":"E diel"},{"$i":"weekday-6","$v":"E shtunë"},{"$i":"no-title","$v":"(Asnjë titull)"},{"$i":"weekday-0-long","$v":"E diel"},{"$i":"weekday-1-long","$v":"E hënë"},{"$i":"weekday-2-long","$v":"E martë"},{"$i":"weekday-3-long","$v":"E mërkurë"},{"$i":"weekday-4-long","$v":"E enjte"},{"$i":"weekday-5-long","$v":"E premte"},{"$i":"weekday-6-long","$v":"E shtunë"},{"$i":"weekday-0-short","$v":"Die"},{"$i":"weekday-1-short","$v":"Hën"},{"$i":"weekday-2-short","$v":"Mar"},{"$i":"weekday-3-short","$v":"Mër"},{"$i":"weekday-4-short","$v":"Enj"},{"$i":"weekday-5-short","$v":"Pre"},{"$i":"weekday-6-short","$v":"Sht"},{"$i":"month-0-long","$v":"Janar"},{"$i":"month-1-long","$v":"Shkurt"},{"$i":"month-2-long","$v":"Mars"},{"$i":"month-3-long","$v":"Prill"},{"$i":"month-4-long","$v":"Maj"},{"$i":"month-5-long","$v":"Qershor"},{"$i":"month-6-long","$v":"Korrik"},{"$i":"month-7-long","$v":"Gusht"},{"$i":"month-8-long","$v":"Shtator"},{"$i":"month-9-long","$v":"Tetor"},{"$i":"month-10-long","$v":"Nëntor"},{"$i":"month-11-long","$v":"Dhjetor"},{"$i":"month-0-genitive","$v":"Janar"},{"$i":"month-1-genitive","$v":"Shkurt"},{"$i":"month-2-genitive","$v":"Mars"},{"$i":"month-3-genitive","$v":"Prill"},{"$i":"month-4-genitive","$v":"Maj"},{"$i":"month-5-genitive","$v":"Qershor"},{"$i":"month-6-genitive","$v":"Korrik"},{"$i":"month-7-genitive","$v":"Gusht"},{"$i":"month-8-genitive","$v":"Shtator"},{"$i":"month-9-genitive","$v":"Tetor"},{"$i":"month-10-genitive","$v":"Nëntor"},{"$i":"month-11-genitive","$v":"Dhjetor"},{"$i":"month-0-short","$v":"Jan"},{"$i":"month-1-short","$v":"Shku"},{"$i":"month-2-short","$v":"Mar"},{"$i":"month-3-short","$v":"Pri"},{"$i":"month-4-short","$v":"Maj"},{"$i":"month-5-short","$v":"Qer"},{"$i":"month-6-short","$v":"Korr"},{"$i":"month-7-short","$v":"Gush"},{"$i":"month-8-short","$v":"Shta"},{"$i":"month-9-short","$v":"Tet"},{"$i":"month-10-short","$v":"Nën"},{"$i":"month-11-short","$v":"Dhj"},{"$i":"minutes-ago-long","$v":{"few":[{"t":"idOrVar","v":"value"}," minuta më parë"],"many":[{"t":"idOrVar","v":"value"}," minuta më parë"],"one":"një minutë më parë","other":[{"t":"idOrVar","v":"value"}," minuta më parë"],"two":[{"t":"idOrVar","v":"value"}," minuta më parë"],"zero":"sapo"},"$x":[{"t":"idOrVar","v":"plural"},"value"]},{"$i":"hours-ago-long","$v":{"few":[{"t":"idOrVar","v":"value"}," orë më parë"],"many":[{"t":"idOrVar","v":"value"}," orë më parë"],"one":"një orë më parë","other":[{"t":"idOrVar","v":"value"}," orë më parë"],"two":[{"t":"idOrVar","v":"value"}," orë më parë"],"zero":"sapo"},"$x":[{"t":"idOrVar","v":"plural"},"value"]},{"$i":"days-ago-long","$v":{"few":[{"t":"idOrVar","v":"value"}," ditë më parë"],"many":[{"t":"idOrVar","v":"value"}," ditë më parë"],"one":"dje","other":[{"t":"idOrVar","v":"value"}," ditë më parë"],"two":[{"t":"idOrVar","v":"value"}," ditë më parë"],"zero":"sot"},"$x":[{"t":"idOrVar","v":"plural"},"value"]},{"$i":"weeks-ago-long","$v":{"few":[{"t":"idOrVar","v":"value"}," javë më parë"],"many":[{"t":"idOrVar","v":"value"}," javë më parë"],"one":"javën e kaluar","other":[{"t":"idOrVar","v":"value"}," javë më parë"],"two":[{"t":"idOrVar","v":"value"}," javë më parë"],"zero":"këtë javë"},"$x":[{"t":"idOrVar","v":"plural"},"value"]},{"$i":"months-ago-long","$v":{"few":[{"t":"idOrVar","v":"value"}," muaj më parë"],"many":[{"t":"idOrVar","v":"value"}," muaj më parë"],"one":"muajin e kaluar","other":[{"t":"idOrVar","v":"value"}," muaj më parë"],"two":[{"t":"idOrVar","v":"value"}," muaj më parë"],"zero":"këtë muaj"},"$x":[{"t":"idOrVar","v":"plural"},"value"]},{"$i":"years-ago-long","$v":{"few":[{"t":"idOrVar","v":"value"}," vite më parë"],"many":[{"t":"idOrVar","v":"value"}," vite më parë"],"one":"vitin e kaluar","other":[{"t":"idOrVar","v":"value"}," vite më parë"],"two":[{"t":"idOrVar","v":"value"}," vite më parë"],"zero":"këtë vit"},"$x":[{"t":"idOrVar","v":"plural"},"value"]},{"$i":"minutes-until-long","$v":{"few":["për ",{"t":"idOrVar","v":"value"}," minuta"],"many":["për ",{"t":"idOrVar","v":"value"}," minuta"],"one":"për një minutë","other":["për ",{"t":"idOrVar","v":"value"}," minuta"],"two":["për ",{"t":"idOrVar","v":"value"}," minuta"],"zero":"tani"},"$x":[{"t":"idOrVar","v":"plural"},"value"]},{"$i":"hours-until-long","$v":{"few":["për ",{"t":"idOrVar","v":"value"}," orë"],"many":["për ",{"t":"idOrVar","v":"value"}," orë"],"one":"për një orë","other":["për ",{"t":"idOrVar","v":"value"}," orë"],"two":["për ",{"t":"idOrVar","v":"value"}," orë"],"zero":"tani"},"$x":[{"t":"idOrVar","v":"plural"},"value"]},{"$i":"days-until-long","$v":{"few":["për ",{"t":"idOrVar","v":"value"}," ditë"],"many":["për ",{"t":"idOrVar","v":"value"}," ditë"],"one":"nesër","other":["për ",{"t":"idOrVar","v":"value"}," ditë"],"two":["për ",{"t":"idOrVar","v":"value"}," ditë"],"zero":"sot"},"$x":[{"t":"idOrVar","v":"plural"},"value"]},{"$i":"weeks-until-long","$v":{"few":["për ",{"t":"idOrVar","v":"value"}," javë"],"many":["për ",{"t":"idOrVar","v":"value"}," javë"],"one":"javën tjetër","other":["për ",{"t":"idOrVar","v":"value"}," javë"],"two":["për ",{"t":"idOrVar","v":"value"}," javë"],"zero":"këtë javë"},"$x":[{"t":"idOrVar","v":"plural"},"value"]},{"$i":"months-until-long","$v":{"few":["për ",{"t":"idOrVar","v":"value"}," muaj"],"many":["për ",{"t":"idOrVar","v":"value"}," muaj"],"one":"muajin tjetër","other":["për ",{"t":"idOrVar","v":"value"}," muaj"],"two":["për ",{"t":"idOrVar","v":"value"}," muaj"],"zero":"këtë muaj"},"$x":[{"t":"idOrVar","v":"plural"},"value"]},{"$i":"years-until-long","$v":{"few":["për ",{"t":"idOrVar","v":"value"}," vjet"],"many":["për ",{"t":"idOrVar","v":"value"}," vjet"],"one":"vitin tjetër","other":["për ",{"t":"idOrVar","v":"value"}," vjet"],"two":["për ",{"t":"idOrVar","v":"value"}," vjet"],"zero":"këtë vit"},"$x":[{"t":"idOrVar","v":"plural"},"value"]},{"$i":"minutes-ago-short","$v":{"other":[{"t":"idOrVar","v":"value"}," min më parë"],"zero":"sapo"},"$x":[{"t":"idOrVar","v":"plural"},"value"]},{"$i":"hours-ago-short","$v":{"other":[{"t":"idOrVar","v":"value"}," orë më parë"],"zero":"sapo"},"$x":[{"t":"idOrVar","v":"plural"},"value"]},{"$i":"days-ago-short","$v":{"other":[{"t":"idOrVar","v":"value"}," ditë më parë"],"zero":"sot"},"$x":[{"t":"idOrVar","v":"plural"},"value"]},{"$i":"minutes-until-short","$v":{"other":["për ",{"t":"idOrVar","v":"value"}," min"],"zero":"tani"},"$x":[{"t":"idOrVar","v":"plural"},"value"]},{"$i":"hours-until-short","$v":{"other":["për ",{"t":"idOrVar","v":"value"}," orë"],"zero":"tani"},"$x":[{"t":"idOrVar","v":"plural"},"value"]},{"$i":"days-until-short","$v":{"other":["për ",{"t":"idOrVar","v":"value"}," ditë"],"zero":"sot"},"$x":[{"t":"idOrVar","v":"plural"},"value"]},{"$i":"incorrectDate","$v":"(datë e pasaktë)"},{"$i":"dateTimeFormat_%c","$v":"%a %b %e %Y %I:%M:%S %p"},{"$i":"dateTimeFormat_%x","$v":"%m/%d/%Y"},{"$i":"dateTimeFormat_%X","$v":"%I:%M:%S %p"},{"$i":"shortTimeFormat","$v":"%I:%M %p"},{"$i":"shortTimeFormat12","$v":"%I:%M %p"},{"$i":"shortTimeFormat24","$v":"%H:%M"},{"$i":"shortDateTimeFormat","$v":"%x %I:%M %p"},{"$i":"weekStartsOnMonday","$v":"0.0"},{"$i":"firstDayOfTheWeek","$v":"1.0"},{"$i":"time_am","$v":"p.d."},{"$i":"time_pm","$v":"m.d."},{"$i":"softkey-options","$v":"Opsionet"}]