[{"$i":"back","$v":"Nazad"},{"$i":"save","$v":"Sačuvaj"},{"$i":"cancel","$v":"Otkaži"},{"$i":"next","$v":"Sledeće"},{"$i":"hide","$v":"Sakrij"},{"$i":"confirm","$v":"Potvrdi"},{"$i":"done","$v":"Gotovo"},{"$i":"events","$v":"Podsetnik za događaje"},{"$i":"edit","$v":"Uređivanje"},{"$i":"allday-events","$v":"Podsetnik za celodnevne događaje"},{"$i":"no-events","$v":"Nema događaja"},{"$i":"default","$v":"Podrazumevano"},{"$i":"sync","$v":"Sinhronizacija"},{"$i":"repeat","$v":"Ponavljanje"},{"$i":"never","$v":"Nikada"},{"$i":"every-day","$v":"Svaki dan"},{"$i":"every-week","$v":"Сваке недеље"},{"$i":"every-2-weeks","$v":"Сваке 2 недеље"},{"$i":"every-month","$v":"Сваког месеца"},{"$i":"view-never","$v":"Понављање: Никада"},{"$i":"view-every-day","$v":"Понављање: Дневно"},{"$i":"view-every-week","$v":"Понављање: Недељно"},{"$i":"view-every-2-weeks","$v":"Ponavljanje: na svake dve nedelje"},{"$i":"view-every-month","$v":"Понављање: Месечно"},{"$i":"repeat-event-header","$v":"Ovaj događaj se ponavlja."},{"$i":"delete-this-only","$v":"Избришите само ово"},{"$i":"delete-all","$v":"Izbriši sve"},{"$i":"event-edit-all","$v":"Izmeni sve događaje"},{"$i":"event-edit-all-future","$v":"Izmeni sve buduće događaje"},{"$i":"options","$v":"Opcije"},{"$i":"event-delete-all","$v":"Izbriši sve"},{"$i":"event-delete-all-future","$v":"Obriši sve buduće događaje"},{"$i":"delete-account","$v":"Obriši nalog"},{"$i":"exchange-account","$v":"ActiveSync"},{"$i":"account-user-name","$v":"Korisničko ime"},{"$i":"incorrect-password-description","$v":"Nije moguće prijavljivanje na server. Ponovo unesite lozinku."},{"$i":"incorrect-password","$v":"Netačna lozinka, pokušajte ponovo."},{"$i":"account-duplicate","$v":"Nalog već postoji. Sinhronizacija je uključena."},{"$i":"error-account","$v":"Server je nedostupan. Pokušajte ponovo kasnije."},{"$i":"error-access-denied","$v":"Došlo je do nepoznate greške, pokušajte ponovo kasnije."},{"$i":"error-time-out","$v":["Nije moguće uspostaviti vezu sa serverom „",{"t":"idOrVar","v":"server"},"“. Možda postoji problem sa mrežom."]},{"$i":"caldav-account-exist","$v":"Ovaj nalog već postoji."},{"$i":"save-password","$v":"Лозинка је сачувана."},{"$i":"account-login","$v":"Аццоунт Логин"},{"$i":"setting-up-account","$v":"Podešavanje naloga"},{"$i":"setup-account-usedInfo","$v":"Dolenavedene aplikacije će koristiti ovaj nalog. To možete da promenite ako izaberete Podešavanja > Nalog."},{"$i":"app-calendar","$v":"Kalendar"},{"$i":"show-today","$v":"Danas"},{"$i":"show-month-view","$v":"Mesec"},{"$i":"show-week-view","$v":"Ned"},{"$i":"show-day-view","$v":"Dan"},{"$i":"settings-show","$v":"Podešavanja"},{"$i":"settings-hide","$v":"Sakrij podešavanja"},{"$i":"add-account","$v":"Dodaj nalog"},{"$i":"new-event","$v":"Dodaj događaj"},{"$i":"view-event-header","$v":"Detalji događaja"},{"$i":"new-event-header","$v":"Dodaj događaj"},{"$i":"edit-event-header","$v":"Uredi događaj"},{"$i":"account-header","$v":"Nalog"},{"$i":"account-list-header","$v":"Nalozi"},{"$i":"advanced-settings-short-icon-button","ariaLabel":"Podešavanja"},{"$i":"advanced-settings-header","$v":"Podešavanja kalendara"},{"$i":"advanced-settings-personalization","$v":"Frekvencija ažuriranja"},{"$i":"advanced-settings-reminders","$v":"Podsetnik"},{"$i":"advanced-settings-add-account","$v":"Dodaj nalog"},{"$i":"field-user","$v":"Korisničko ime"},{"$i":"field-password","$v":"Lozinka"},{"$i":"show-password","$v":"Prikaži lozinku"},{"$i":"field-full-url","$v":"URL"},{"$i":"modify-account-setting-up","$v":"Saček. da se završi podeš. naloga"},{"$i":"modify-account-unable-to-sync","$v":"Nije moguće sinhronizovati"},{"$i":"modify-account-sign-in","$v":"Prijava"},{"$i":"kai-caldav","$v":"CalDav"},{"$i":"kai-yahoo","$v":"Yahoo!"},{"$i":"kai-google","$v":"Google"},{"$i":"preset-mozilla","$v":"Mozilla Zimbra"},{"$i":"calendar-local","$v":"Kalendar telefona"},{"$i":"event-title","$v":"Naslov"},{"$i":"event-location","$v":"Lokacija"},{"$i":"event-description","$v":"Napomene"},{"$i":"event-is-allday","$v":"Celodnevni događaj"},{"$i":"event-start-date","$v":"Datum početka"},{"$i":"event-end-date","$v":"Datum završetka"},{"$i":"event-start-time","$v":"Vreme početka"},{"$i":"event-end-time","$v":"Vreme završetka"},{"$i":"event-delete","$v":"Izbriši događaj"},{"$i":"event-is-deleting","$v":"Brisanje…"},{"$i":"remove-account-data","$v":"Ukloni nalog kalendara"},{"$i":"remove-account-dialog","$v":"Ukloni nalog"},{"$i":"remove-account-dialog-details","$v":["Želite li da uklonite „",{"t":"idOrVar","v":"email"},"“ sa svog uređaja?"]},{"$i":"remove","$v":"Ukloni"},{"$i":"drawer-sync-icon-button","ariaLabel":"Sinhronizacija"},{"$i":"sync-progress-syncing","ariaValueText":"Sinhronizacija"},{"$i":"sync-progress-complete","ariaValueText":"Sinhronizacija završena"},{"$i":"sync-frequency","$v":"Sinhronizuj kalendar"},{"$i":"sync-frequency-15min","$v":"Svakih 15 minuta"},{"$i":"sync-frequency-30min","$v":"Svakih 30 minuta"},{"$i":"sync-frequency-manual","$v":"Ručno"},{"$i":"from","$v":"Od"},{"$i":"to","$v":"Do"},{"$i":"one-day-duration-title","$v":[{"t":"idOrVar","v":"startDate"}]},{"$i":"one-day-duration-content","$v":[{"t":"idOrVar","v":"startTime"}," - ",{"t":"idOrVar","v":"endTime"}]},{"$i":"multiple-day-duration-title","$v":[{"t":"idOrVar","v":"startTime"}," ",{"t":"idOrVar","v":"startDate"}]},{"$i":"multiple-day-duration-content","$v":[{"t":"idOrVar","v":"endTime"}," ",{"t":"idOrVar","v":"endDate"}]},{"$i":"one-all-day-duration-title","$v":[{"t":"idOrVar","v":"startDate"}]},{"$i":"all-day-duration-content","$v":"Celodnevni događaj"},{"$i":"multiple-all-day-duration-title","$v":["Od ",{"t":"idOrVar","v":"startDate"}]},{"$i":"multiple-all-day-duration-content","$v":["Do ",{"t":"idOrVar","v":"endDate"}]},{"$i":"none","$v":"Nema"},{"$i":"reminder","$v":"Podsetnik za događaj"},{"$i":"remind-me","$v":"Podseti me"},{"$i":"alarm-at-event-standard","$v":"U vreme događaja"},{"$i":"alarm-at-event-allday","$v":"Na dan događaja"},{"$i":"alarm-at-event-allday-hour12","$v":"Na dan događaja (9:00)"},{"$i":"alarm-at-event-allday-hour24","$v":"Na dan događaja (9:00)"},{"$i":"alarm-start-notice","$v":[{"t":"idOrVar","v":"title"}," počinje ",{"t":"idOrVar","v":"distance"}]},{"$i":"alarm-started-notice","$v":[{"t":"idOrVar","v":"title"}," je počelo ",{"t":"idOrVar","v":"distance"}]},{"$i":"alarm-start-notice-two-days","$v":[{"t":"idOrVar","v":"title"}," se pokreće za dva dana"]},{"$i":"alarm-start-notice-few-days","$v":[{"t":"idOrVar","v":"title"}," se pokreće na ",{"t":"idOrVar","v":"distance"}]},{"$i":"days-before-hour12","$v":{"few":[{"t":"idOrVar","v":"value"}," dana ranije (9:00)"],"many":[{"t":"idOrVar","v":"value"}," dana ranije (9:00)"],"one":"1 dan ranije (9:00)","other":[{"t":"idOrVar","v":"value"}," dana ranije (9:00)"],"two":[{"t":"idOrVar","v":"value"}," dana ranije (9:00)"],"zero":"0 dana ranije (9:00)"},"$x":[{"t":"idOrVar","v":"plural"},"value"]},{"$i":"weeks-before-hour12","$v":{"few":[{"t":"idOrVar","v":"value"}," nedelje/a ranije (9:00)"],"many":[{"t":"idOrVar","v":"value"}," nedelje/a ranije (9:00)"],"one":"1 nedelju ranije (9:00)","other":[{"t":"idOrVar","v":"value"}," nedelje/a ranije (9:00)"],"two":[{"t":"idOrVar","v":"value"}," nedelje/a ranije (9:00)"],"zero":"0 nedelja ranije (9:00)"},"$x":[{"t":"idOrVar","v":"plural"},"value"]},{"$i":"days-before-hour24","$v":{"few":[{"t":"idOrVar","v":"value"}," dana ranije (9:00)"],"many":[{"t":"idOrVar","v":"value"}," dana ranije (9:00)"],"one":"1 dan ranije (9:00)","other":[{"t":"idOrVar","v":"value"}," dana ranije (9:00)"],"two":[{"t":"idOrVar","v":"value"}," dana ranije (9:00)"],"zero":"0 dana ranije (9:00)"},"$x":[{"t":"idOrVar","v":"plural"},"value"]},{"$i":"weeks-before-hour24","$v":{"few":[{"t":"idOrVar","v":"value"}," nedelje/a ranije (9:00)"],"many":[{"t":"idOrVar","v":"value"}," nedelje/a ranije (9:00)"],"one":"1 nedelju ranije (9:00)","other":[{"t":"idOrVar","v":"value"}," nedelje/a ranije (9:00)"],"two":[{"t":"idOrVar","v":"value"}," nedelje/a ranije (9:00)"],"zero":"0 nedelja ranije (9:00)"},"$x":[{"t":"idOrVar","v":"plural"},"value"]},{"$i":"minutes-before","$v":{"few":[{"t":"idOrVar","v":"value"}," minuta pre"],"many":[{"t":"idOrVar","v":"value"}," minuta pre"],"one":"1 minut pre","other":[{"t":"idOrVar","v":"value"}," minuta pre"],"two":[{"t":"idOrVar","v":"value"}," minuta pre"],"zero":"0 minuta pre"},"$x":[{"t":"idOrVar","v":"plural"},"value"]},{"$i":"hours-before","$v":{"few":[{"t":"idOrVar","v":"value"}," sata pre"],"many":[{"t":"idOrVar","v":"value"}," sati pre"],"one":"1 sat pre","other":[{"t":"idOrVar","v":"value"}," sati pre"],"two":[{"t":"idOrVar","v":"value"}," sata pre"],"zero":"0 sati pre"},"$x":[{"t":"idOrVar","v":"plural"},"value"]},{"$i":"days-before","$v":{"few":[{"t":"idOrVar","v":"value"}," dana pre"],"many":[{"t":"idOrVar","v":"value"}," dana pre"],"one":"1 dan pre","other":[{"t":"idOrVar","v":"value"}," dana pre"],"two":[{"t":"idOrVar","v":"value"}," dana pre"],"zero":"0 dana pre"},"$x":[{"t":"idOrVar","v":"plural"},"value"]},{"$i":"weeks-before","$v":{"few":[{"t":"idOrVar","v":"value"}," nedelje pre"],"many":[{"t":"idOrVar","v":"value"}," nedelja pre"],"one":"1 nedelja pre","other":[{"t":"idOrVar","v":"value"}," nedelja pre"],"two":[{"t":"idOrVar","v":"value"}," nedelje pre"],"zero":"0 nedelja pre"},"$x":[{"t":"idOrVar","v":"plural"},"value"]},{"$i":"months-before","$v":{"few":[{"t":"idOrVar","v":"value"}," meseca pre"],"many":[{"t":"idOrVar","v":"value"}," meseci pre"],"one":"1 mesec pre","other":[{"t":"idOrVar","v":"value"}," meseci pre"],"two":[{"t":"idOrVar","v":"value"}," meseca pre"],"zero":"0 meseci pre"},"$x":[{"t":"idOrVar","v":"plural"},"value"]},{"$i":"years-before","$v":{"few":[{"t":"idOrVar","v":"value"}," godine pre"],"many":[{"t":"idOrVar","v":"value"}," godina pre"],"one":"1 godina pre","other":[{"t":"idOrVar","v":"value"}," godina pre"],"two":[{"t":"idOrVar","v":"value"}," godine pre"],"zero":"0 godina pre"},"$x":[{"t":"idOrVar","v":"plural"},"value"]},{"$i":"minutes-after","$v":{"few":[{"t":"idOrVar","v":"value"}," minuta posle"],"many":[{"t":"idOrVar","v":"value"}," minuta posle"],"one":"1 minut posle","other":[{"t":"idOrVar","v":"value"}," minuta posle"],"two":[{"t":"idOrVar","v":"value"}," minuta posle"],"zero":"0 minuta posle"},"$x":[{"t":"idOrVar","v":"plural"},"value"]},{"$i":"hours-after","$v":{"few":[{"t":"idOrVar","v":"value"}," sata posle"],"many":[{"t":"idOrVar","v":"value"}," sati posle"],"one":"1 sat posle","other":[{"t":"idOrVar","v":"value"}," sati posle"],"two":[{"t":"idOrVar","v":"value"}," sata posle"],"zero":"0 sati posle"},"$x":[{"t":"idOrVar","v":"plural"},"value"]},{"$i":"days-after","$v":{"few":[{"t":"idOrVar","v":"value"}," dana posle"],"many":[{"t":"idOrVar","v":"value"}," dana posle"],"one":"1 dan posle","other":[{"t":"idOrVar","v":"value"}," dana posle"],"two":[{"t":"idOrVar","v":"value"}," dana posle"],"zero":"0 dana posle"},"$x":[{"t":"idOrVar","v":"plural"},"value"]},{"$i":"weeks-after","$v":{"few":[{"t":"idOrVar","v":"value"}," nedelje posle"],"many":[{"t":"idOrVar","v":"value"}," nedelja posle"],"one":"1 nedelja posle","other":[{"t":"idOrVar","v":"value"}," nedelja posle"],"two":[{"t":"idOrVar","v":"value"}," nedelje posle"],"zero":"0 nedelja posle"},"$x":[{"t":"idOrVar","v":"plural"},"value"]},{"$i":"months-after","$v":{"few":[{"t":"idOrVar","v":"value"}," meseca posle"],"many":[{"t":"idOrVar","v":"value"}," meseci posle"],"one":"1 mesec posle","other":[{"t":"idOrVar","v":"value"}," meseci posle"],"two":[{"t":"idOrVar","v":"value"}," meseca posle"],"zero":"0 meseci posle"},"$x":[{"t":"idOrVar","v":"plural"},"value"]},{"$i":"years-after","$v":{"few":[{"t":"idOrVar","v":"value"}," godine posle"],"many":[{"t":"idOrVar","v":"value"}," godina posle"],"one":"1 godina posle","other":[{"t":"idOrVar","v":"value"}," godina posle"],"two":[{"t":"idOrVar","v":"value"}," godine posle"],"zero":"0 godina posle"},"$x":[{"t":"idOrVar","v":"plural"},"value"]},{"$i":"hour-format12","$v":"%I %p"},{"$i":"hour-format24","$v":"%H"},{"$i":"week-hour-format12","$v":"%I %p"},{"$i":"week-hour-format24","$v":"%H"},{"$i":"hour-allday","$v":"Ceo dan"},{"$i":"kai-week-day","$v":"%a\\n%e"},{"$i":"current-time12","$v":"%I:%M"},{"$i":"current-time24","$v":"%H:%M"},{"$i":"multi-month-view-header-format","$v":"%B %Y"},{"$i":"day-view-header-format","$v":"%A, %B %e"},{"$i":"months-day-view-header-format","$v":"%A, %B %e"},{"$i":"months-day-view-header-format-small","$v":{"$o":"%a <br/> %b, %e"}},{"$i":"week-view-header-format","$v":["Nedelja ",{"t":"idOrVar","v":"value"},", %B %Y"]},{"$i":"longDateFormat","$v":"%a, %d %B, %Y"},{"$i":"longTimeFormat","$v":"%A %B %d"},{"$i":"longTimeFormat12","$v":"%A %B %d %I %p"},{"$i":"longTimeFormat24","$v":"%A %B %d %H sat/i"},{"$i":"weekTimeFormat12","$v":"%I %p"},{"$i":"weekTimeFormat24","$v":"%H sat/i"},{"$i":"weekDayFormat","$v":"%A, %d."},{"$i":"alldayLongTimeFormat","$v":"%A %B %d ceo dan"},{"$i":"dayHour12","$v":"%I %p"},{"$i":"dayHour24","$v":"%H sat/i"},{"$i":"longDateTime12","$v":"%I %p, %a, %d %b, %Y"},{"$i":"longDateTime24","$v":"%H, %a, %d %b, %Y"},{"$i":"upcoming-events","$v":"Predstojeći događaji"},{"$i":"search-results","$v":"Rezultati pretrage"},{"$i":"no-event-found","$v":"Događaji nisu nađeni"},{"$i":"longDateTimeNew12","$v":"%a, %B %e, %Y, %I:%M %p"},{"$i":"longDateTimeNew24","$v":"%a, %B %e, %Y, %H:%M"},{"$i":"error-start-date-after-end-date","$v":"Događaj se ne može završiti pre datuma početka."},{"$i":"error-start-time-after-end-time","$v":"Događaj se ne može završiti pre datuma početka."},{"$i":"error-unauthenticated","$v":"Netačno kor. ime ili lozinka, pokuš. pon."},{"$i":"error-internal-server-error","$v":"Greška servera, pokušajte ponovo."},{"$i":"error-unkown","$v":"Server je nedostupan. Pokušajte ponovo kasnije."},{"$i":"error-default","$v":"Nešto nije u redu. Pok. pon. kasn."},{"$i":"error-offline","$v":"Povezivanje sa internetom nije moguće. Možete da koristite Wi-Fi ili mobilne podatke da biste pristupili internetu."},{"$i":"error-account-exist","$v":"Ovaj nalog već postoji."},{"$i":"error-confirmation-title","$v":"Greška"},{"$i":"error-edit-online-event","$v":"Uređivanje onlajn događaja nije uspelo jer nema internet veze."},{"$i":"error-delete-online-event","$v":"Brisanje onlajn događaja nije uspelo jer nema internet veze."},{"$i":"notification-error-sync-title","$v":"Greška pri sinhr. kalend."},{"$i":"notification-error-sync-description","$v":"Dodirnite za više inf."},{"$i":"notification-error-caldav-sync-title","$v":"Грешка налога"},{"$i":"notification-error-caldav-sync-description","$v":"Ponovo se prijavite"},{"$i":"weekday-0-single-char","$v":"N","ariaLabel":"Nedelja"},{"$i":"weekday-1-single-char","$v":"P","ariaLabel":"Ponedeljak"},{"$i":"weekday-2-single-char","$v":"U","ariaLabel":"Utorak"},{"$i":"weekday-3-single-char","$v":"S","ariaLabel":"Sre"},{"$i":"weekday-4-single-char","$v":"Č","ariaLabel":"Četvrtak"},{"$i":"weekday-5-single-char","$v":"P","ariaLabel":"Petak"},{"$i":"weekday-6-single-char","$v":"S","ariaLabel":"Subota"},{"$i":"busy","$v":{"few":[{"t":"idOrVar","v":"n"}," događaja"],"many":[{"t":"idOrVar","v":"n"}," događaja"],"one":[{"t":"idOrVar","v":"n"}," događaj"],"other":[{"t":"idOrVar","v":"n"}," događaja"],"two":[{"t":"idOrVar","v":"n"}," događaja"],"zero":"Nema događaja"},"$x":[{"t":"idOrVar","v":"plural"},"n"]},{"$i":"present","ariaLabel":"Danas"},{"$i":"past-other-month-description","ariaLabel":"Drugi mesec"},{"$i":"future-other-month-description","ariaLabel":"Drugi mesec"},{"$i":"icon-calendar-alarm","ariaLabel":"Ima alarm"},{"$i":"calendars","ariaLabel":"Kalendari"},{"$i":"multi-day-new-event-link","ariaLabel":"Dodaj događaj"},{"$i":"title","ariaLabel":"Naslov"},{"$i":"location","ariaLabel":"Lokacija"},{"$i":"duration","ariaLabel":"Trajanje"},{"$i":"calendar","ariaLabel":"Kalendar"},{"$i":"alarms","ariaLabel":"Alarmi"},{"$i":"description","ariaLabel":"Opis"},{"$i":"start-date","ariaLabel":"Datum početka"},{"$i":"start-time","ariaLabel":"Vreme početka"},{"$i":"end-date","ariaLabel":"Datum završetka"},{"$i":"end-time","ariaLabel":"Vreme završetka"},{"$i":"during-progress-loading","ariaValueText":"Učitavanje"},{"$i":"all-day","ariaLabel":"Ceo dan"},{"$i":"create-event","ariaLabel":"Kreiraj događaj"},{"$i":"create-all-day-event","ariaLabel":"Kreir. celod. dog."},{"$i":"event-one-day-duration","ariaLabel":["od ",{"t":"idOrVar","v":"startTime"}," do ",{"t":"idOrVar","v":"endTime"}]},{"$i":"week-event-one-day-duration","ariaLabel":[{"t":"idOrVar","v":"startDate"}," od ",{"t":"idOrVar","v":"startTime"}," do ",{"t":"idOrVar","v":"endTime"}]},{"$i":"event-multiple-day-duration","ariaLabel":["Od ",{"t":"idOrVar","v":"startTime"}," ",{"t":"idOrVar","v":"startDate"}," do ",{"t":"idOrVar","v":"endTime"}," ",{"t":"idOrVar","v":"endDate"}]},{"$i":"kai-event-added","$v":"Događaj je dodat"},{"$i":"kai-event-updated","$v":"Događaj je ažuriran"},{"$i":"kai-event-deleted","$v":"Događaj je izbrisan"},{"$i":"kai-change-save","$v":"Promene su sačuvane"},{"$i":"event-sync-failure","$v":"Nije moguće sinhronizovati"},{"$i":"kai-event-calendar","$v":"Kalendar"},{"$i":"kai-single-event","$v":"Događaj"},{"$i":"kai-event-count","$v":"Događaji"},{"$i":"kai-sync-progress-syncing","$v":"Sinhronizacija"},{"$i":"kai-sync-progress-complete","$v":"Kalendar je ažuriran."},{"$i":"kai-settings-sounds","$v":"Zvuci"},{"$i":"kai-tones","$v":"Tonovi"},{"$i":"kai-multi-events","$v":"Događaji"},{"$i":"kai-confirmation-title","$v":"Potvrda"},{"$i":"kai-delete-selectedEvent-confirmation","$v":"Izbrisati odabrani događaj?"},{"$i":"kai-deleteEvent-confirmation","$v":"Izbrisati događaj?"},{"$i":"kai-event-search-header","$v":"Traži","placeholder":"Traži"},{"$i":"kai-event-search-upcoming-events","$v":"Predstojeći događaji"},{"$i":"kai-delete","$v":"Izbriši"},{"$i":"kai-cancel","$v":"Otkaži"},{"$i":"kai-dialog-delete-sel","$v":"Želite li sigurno da izbrišete odabrani događaj?"},{"$i":"kai-delete-title","$v":"Izbriši događaj"},{"$i":"kai-save-changes","$v":"Sačuvati promene?"},{"$i":"kai-save-message-back","$v":"Svi podaci koje ste uneli će biti izgubljeni. Želite li da sačuvate promene?"},{"$i":"kai-save-message-close","$v":"Aplikacija će biti zatvorena i podaci će biti izgubljeni. Želite li da sačuvate promene?"},{"$i":"yes","$v":"Da"},{"$i":"no","$v":"Ne"},{"$i":"confirmation","$v":"Potvrda"},{"$i":"ok","$v":"Ok"},{"$i":"delete-event","$v":"Izbrisati odabrani događaj?"},{"$i":"edit-event-no-net","$v":"Izmena onlajn događaja nije uspela jer nema internet veze."},{"$i":"kai-settings-header","$v":"Kalendar na ekranu"},{"$i":"kai-syncing","$v":"Sinhronizacija..."},{"$i":"kai-syncing-header","$v":"Sinhronizacija naloga"},{"$i":"select","$v":"Odaberi"},{"$i":"add-event","$v":"Dodaj događaj"},{"$i":"week-view","$v":"Nedeljni pregled"},{"$i":"day-view","$v":"Prikaz dana"},{"$i":"month-view","$v":"Mesečni pogled"},{"$i":"today","$v":"Danas"},{"$i":"go","$v":"Idi na datum"},{"$i":"search","$v":"Traži"},{"$i":"calendar-to-display","$v":"Kalendar za prikaz"},{"$i":"settings","$v":"Podešavanja"},{"$i":"delete","$v":"Izbriši"},{"$i":"enter","$v":"Unesi"},{"$i":"sync-calendar","$v":"Sinhronizuj kalendar"},{"$i":"lunar-calendar","$v":"Lunarni dan"},{"$i":"present-description","$v":["Danas ",{"t":"idOrVar","v":"weekday"}," ",{"t":"idOrVar","v":"date"}]},{"$i":"day-description","$v":[{"t":"idOrVar","v":"weekday"}," ",{"t":"idOrVar","v":"date"},"."]},{"$i":"weekday-5","$v":"Petak"},{"$i":"weekday-4","$v":"Četvrtak"},{"$i":"weekday-3","$v":"Sre"},{"$i":"weekday-2","$v":"Utorak"},{"$i":"weekday-1","$v":"Ponedeljak"},{"$i":"weekday-0","$v":"Nedelja"},{"$i":"weekday-6","$v":"Subota"},{"$i":"no-title","$v":"(Nema naslova)"},{"$i":"weekday-0-long","$v":"Nedelja"},{"$i":"weekday-1-long","$v":"Ponedeljak"},{"$i":"weekday-2-long","$v":"Utorak"},{"$i":"weekday-3-long","$v":"Sreda"},{"$i":"weekday-4-long","$v":"Četvrtak"},{"$i":"weekday-5-long","$v":"Petak"},{"$i":"weekday-6-long","$v":"Subota"},{"$i":"weekday-0-short","$v":"Ned"},{"$i":"weekday-1-short","$v":"Pon"},{"$i":"weekday-2-short","$v":"Uto"},{"$i":"weekday-3-short","$v":"Sre"},{"$i":"weekday-4-short","$v":"Čet"},{"$i":"weekday-5-short","$v":"Pet"},{"$i":"weekday-6-short","$v":"Sub"},{"$i":"month-0-long","$v":"Januar"},{"$i":"month-1-long","$v":"Februar"},{"$i":"month-2-long","$v":"Mart"},{"$i":"month-3-long","$v":"April"},{"$i":"month-4-long","$v":"Maj"},{"$i":"month-5-long","$v":"Jun"},{"$i":"month-6-long","$v":"Jul"},{"$i":"month-7-long","$v":"Avgust"},{"$i":"month-8-long","$v":"Septembar"},{"$i":"month-9-long","$v":"Oktobar"},{"$i":"month-10-long","$v":"Novembar"},{"$i":"month-11-long","$v":"Decembar"},{"$i":"month-0-genitive","$v":"Januar"},{"$i":"month-1-genitive","$v":"Februar"},{"$i":"month-2-genitive","$v":"Mart"},{"$i":"month-3-genitive","$v":"April"},{"$i":"month-4-genitive","$v":"Maj"},{"$i":"month-5-genitive","$v":"Jun"},{"$i":"month-6-genitive","$v":"Jul"},{"$i":"month-7-genitive","$v":"Avgust"},{"$i":"month-8-genitive","$v":"Septembar"},{"$i":"month-9-genitive","$v":"Oktobar"},{"$i":"month-10-genitive","$v":"Novembar"},{"$i":"month-11-genitive","$v":"Decembar"},{"$i":"month-0-short","$v":"Jan"},{"$i":"month-1-short","$v":"Feb"},{"$i":"month-2-short","$v":"Mar"},{"$i":"month-3-short","$v":"Apr"},{"$i":"month-4-short","$v":"Maj"},{"$i":"month-5-short","$v":"Jun"},{"$i":"month-6-short","$v":"Jul"},{"$i":"month-7-short","$v":"Avg"},{"$i":"month-8-short","$v":"Sep"},{"$i":"month-9-short","$v":"Okt"},{"$i":"month-10-short","$v":"Nov"},{"$i":"month-11-short","$v":"Dec"},{"$i":"minutes-ago-long","$v":{"few":["Pre ",{"t":"idOrVar","v":"value"}," minuta"],"many":["Pre ",{"t":"idOrVar","v":"value"}," minuta"],"one":"pre jednog minuta","other":["Pre ",{"t":"idOrVar","v":"value"}," minuta"],"two":["Pre ",{"t":"idOrVar","v":"value"}," minuta"],"zero":"malopre"},"$x":[{"t":"idOrVar","v":"plural"},"value"]},{"$i":"hours-ago-long","$v":{"few":["Pre ovoliko sati: ",{"t":"idOrVar","v":"value"}],"many":["Pre ovoliko sati: ",{"t":"idOrVar","v":"value"}],"one":"pre sat vremena","other":["Pre ovoliko sati: ",{"t":"idOrVar","v":"value"}],"two":["Pre ovoliko sati: ",{"t":"idOrVar","v":"value"}],"zero":"malopre"},"$x":[{"t":"idOrVar","v":"plural"},"value"]},{"$i":"days-ago-long","$v":{"few":["Pre ",{"t":"idOrVar","v":"value"}," dana"],"many":["Pre ",{"t":"idOrVar","v":"value"}," dana"],"one":"juče","other":["Pre ",{"t":"idOrVar","v":"value"}," dana"],"two":["Pre ",{"t":"idOrVar","v":"value"}," dana"],"zero":"danas"},"$x":[{"t":"idOrVar","v":"plural"},"value"]},{"$i":"weeks-ago-long","$v":{"few":["Pre ovoliko nedelja: ",{"t":"idOrVar","v":"value"}],"many":["Pre ovoliko nedelja: ",{"t":"idOrVar","v":"value"}],"one":"prošle nedelje","other":["Pre ovoliko nedelja: ",{"t":"idOrVar","v":"value"}],"two":["Pre ovoliko nedelja: ",{"t":"idOrVar","v":"value"}],"zero":"ove nedelje"},"$x":[{"t":"idOrVar","v":"plural"},"value"]},{"$i":"months-ago-long","$v":{"few":["Pre ovoliko meseci: ",{"t":"idOrVar","v":"value"}],"many":["Pre ovoliko meseci: ",{"t":"idOrVar","v":"value"}],"one":"prošli mesec","other":["Pre ovoliko meseci: ",{"t":"idOrVar","v":"value"}],"two":["Pre ovoliko meseci: ",{"t":"idOrVar","v":"value"}],"zero":"ovog meseca"},"$x":[{"t":"idOrVar","v":"plural"},"value"]},{"$i":"years-ago-long","$v":{"few":["Pre ovoliko godina: ",{"t":"idOrVar","v":"value"}],"many":["Pre ovoliko godina: ",{"t":"idOrVar","v":"value"}],"one":"prošle godine","other":["Pre ovoliko godina: ",{"t":"idOrVar","v":"value"}],"two":["Pre ovoliko godina: ",{"t":"idOrVar","v":"value"}],"zero":"ove godine"},"$x":[{"t":"idOrVar","v":"plural"},"value"]},{"$i":"minutes-until-long","$v":{"few":["za ",{"t":"idOrVar","v":"value"}," minuta"],"many":["za ",{"t":"idOrVar","v":"value"}," minuta"],"one":"za jedan minut","other":["za ",{"t":"idOrVar","v":"value"}," minuta"],"two":["za ",{"t":"idOrVar","v":"value"}," minuta"],"zero":"sada"},"$x":[{"t":"idOrVar","v":"plural"},"value"]},{"$i":"hours-until-long","$v":{"few":["za ",{"t":"idOrVar","v":"value"}," sata/i"],"many":["za ",{"t":"idOrVar","v":"value"}," sata/i"],"one":"za jedan sat","other":["za ",{"t":"idOrVar","v":"value"}," sata/i"],"two":["za ",{"t":"idOrVar","v":"value"}," sata/i"],"zero":"sada"},"$x":[{"t":"idOrVar","v":"plural"},"value"]},{"$i":"days-until-long","$v":{"few":["za ",{"t":"idOrVar","v":"value"}," dana"],"many":["za ",{"t":"idOrVar","v":"value"}," dana"],"one":"sutra","other":["za ",{"t":"idOrVar","v":"value"}," dana"],"two":["za ",{"t":"idOrVar","v":"value"}," dana"],"zero":"danas"},"$x":[{"t":"idOrVar","v":"plural"},"value"]},{"$i":"weeks-until-long","$v":{"few":["za ",{"t":"idOrVar","v":"value"}," nedelje/a"],"many":["za ",{"t":"idOrVar","v":"value"}," nedelje/a"],"one":"sledeća nedelja","other":["za ",{"t":"idOrVar","v":"value"}," nedelje/a"],"two":["za ",{"t":"idOrVar","v":"value"}," nedelje/a"],"zero":"ove nedelje"},"$x":[{"t":"idOrVar","v":"plural"},"value"]},{"$i":"months-until-long","$v":{"few":["za ",{"t":"idOrVar","v":"value"}," meseca/i"],"many":["za ",{"t":"idOrVar","v":"value"}," meseca/i"],"one":"sledeći mesec","other":["za ",{"t":"idOrVar","v":"value"}," meseca/i"],"two":["za ",{"t":"idOrVar","v":"value"}," meseca/i"],"zero":"ovog meseca"},"$x":[{"t":"idOrVar","v":"plural"},"value"]},{"$i":"years-until-long","$v":{"few":["za ",{"t":"idOrVar","v":"value"}," godine/a"],"many":["za ",{"t":"idOrVar","v":"value"}," godine/a"],"one":"sledeća godina","other":["za ",{"t":"idOrVar","v":"value"}," godine/a"],"two":["za ",{"t":"idOrVar","v":"value"}," godine/a"],"zero":"ove godine"},"$x":[{"t":"idOrVar","v":"plural"},"value"]},{"$i":"minutes-ago-short","$v":{"other":["Pre ",{"t":"idOrVar","v":"value"}," m"],"zero":"malopre"},"$x":[{"t":"idOrVar","v":"plural"},"value"]},{"$i":"hours-ago-short","$v":{"other":["Pre ",{"t":"idOrVar","v":"value"}," h"],"zero":"malopre"},"$x":[{"t":"idOrVar","v":"plural"},"value"]},{"$i":"days-ago-short","$v":{"other":["Pre ",{"t":"idOrVar","v":"value"}," d"],"zero":"danas"},"$x":[{"t":"idOrVar","v":"plural"},"value"]},{"$i":"minutes-until-short","$v":{"other":["za ",{"t":"idOrVar","v":"value"}," m"],"zero":"sada"},"$x":[{"t":"idOrVar","v":"plural"},"value"]},{"$i":"hours-until-short","$v":{"other":["za ",{"t":"idOrVar","v":"value"}," h"],"zero":"sada"},"$x":[{"t":"idOrVar","v":"plural"},"value"]},{"$i":"days-until-short","$v":{"other":["za ",{"t":"idOrVar","v":"value"}," d"],"zero":"danas"},"$x":[{"t":"idOrVar","v":"plural"},"value"]},{"$i":"incorrectDate","$v":"(netačan datum)"},{"$i":"dateTimeFormat_%c","$v":"%a %b %e %Y %I:%M:%S %p"},{"$i":"dateTimeFormat_%x","$v":"%m/%d/%Y"},{"$i":"dateTimeFormat_%X","$v":"%I:%M:%S %p"},{"$i":"shortTimeFormat","$v":"%I:%M %p"},{"$i":"shortTimeFormat12","$v":"%I:%M %p"},{"$i":"shortTimeFormat24","$v":"%H:%M"},{"$i":"shortDateTimeFormat","$v":"%x %I:%M %p"},{"$i":"weekStartsOnMonday","$v":"0.0"},{"$i":"firstDayOfTheWeek","$v":"1.0"},{"$i":"time_am","$v":"AM"},{"$i":"time_pm","$v":"Posle podne"},{"$i":"softkey-options","$v":"Opcije"}]