[{"$i":"back","$v":"Tillbaka"},{"$i":"save","$v":"Spara"},{"$i":"cancel","$v":"Avbryt"},{"$i":"next","$v":"Nästa"},{"$i":"hide","$v":"Dölj"},{"$i":"confirm","$v":"Bekräfta"},{"$i":"done","$v":"Klar"},{"$i":"events","$v":"Påminnelse om händelser"},{"$i":"edit","$v":"Redigera"},{"$i":"allday-events","$v":"Heldagshändelser, påminnelse"},{"$i":"no-events","$v":"Inga händelser"},{"$i":"default","$v":"Standard"},{"$i":"sync","$v":"Synkr."},{"$i":"repeat","$v":"Upprepa"},{"$i":"never","$v":"Aldrig"},{"$i":"every-day","$v":"Varje dag"},{"$i":"every-week","$v":"Varje vecka"},{"$i":"every-2-weeks","$v":"Varannan vecka"},{"$i":"every-month","$v":"Varje månad"},{"$i":"view-never","$v":"Upprepa: Aldrig"},{"$i":"view-every-day","$v":"Upprepa: Dagligen"},{"$i":"view-every-week","$v":"Upprepa: Veckovis"},{"$i":"view-every-2-weeks","$v":"Upprepa: varannan vecka"},{"$i":"view-every-month","$v":"Upprepa: Månadsvis"},{"$i":"repeat-event-header","$v":"Det här är en upprepande händelse."},{"$i":"delete-this-only","$v":"Ta bort det här bara"},{"$i":"delete-all","$v":"Ta bort alla"},{"$i":"event-edit-all","$v":"Redigera alla händelser"},{"$i":"event-edit-all-future","$v":"Redigera alla framtida händelser"},{"$i":"options","$v":"Alternativ"},{"$i":"event-delete-all","$v":"Ta bort alla"},{"$i":"event-delete-all-future","$v":"Ta bor alla framtida händelser"},{"$i":"delete-account","$v":"Ta bort konto"},{"$i":"exchange-account","$v":"ActiveSync"},{"$i":"account-user-name","$v":"Användarnamn"},{"$i":"incorrect-password-description","$v":"Det gick inte att logga in på servern. Försök att ange lösenordet igen."},{"$i":"incorrect-password","$v":"Fel lösenord. Försök igen."},{"$i":"account-duplicate","$v":"Kontot finns redan. Synkning är på."},{"$i":"error-account","$v":"Server inte tillgänglig. Försök senare."},{"$i":"error-access-denied","$v":"Ett okänt fel har uppstått, försök igen senare."},{"$i":"error-time-out","$v":["Det går inte att skapa anslutning med \"",{"t":"idOrVar","v":"server"},"\". Det kan finnas problem med nätverket."]},{"$i":"caldav-account-exist","$v":"Det här kontot finns redan."},{"$i":"save-password","$v":"Lösenordet sparat."},{"$i":"account-login","$v":"Kontoinloggning"},{"$i":"setting-up-account","$v":"Konfigurera konto"},{"$i":"setup-account-usedInfo","$v":"Det här kontot kommer att användas av apparna nedan. Du kan ändra detta i Inställningar>Konto."},{"$i":"app-calendar","$v":"Kalender"},{"$i":"show-today","$v":"Idag"},{"$i":"show-month-view","$v":"Månad"},{"$i":"show-week-view","$v":"Vecka"},{"$i":"show-day-view","$v":"Dag"},{"$i":"settings-show","$v":"Inställningar"},{"$i":"settings-hide","$v":"Dölj inställningar"},{"$i":"add-account","$v":"Lägg till ett konto"},{"$i":"new-event","$v":"Lägg till händ."},{"$i":"view-event-header","$v":"Händelseinformation"},{"$i":"new-event-header","$v":"Lägg till händelse"},{"$i":"edit-event-header","$v":"Redigera händelse"},{"$i":"account-header","$v":"Konto"},{"$i":"account-list-header","$v":"Konton"},{"$i":"advanced-settings-short-icon-button","ariaLabel":"Inställningar"},{"$i":"advanced-settings-header","$v":"Kalenderinställningar"},{"$i":"advanced-settings-personalization","$v":"Uppdatera frekvens"},{"$i":"advanced-settings-reminders","$v":"Påminnelse"},{"$i":"advanced-settings-add-account","$v":"Lägg till konto"},{"$i":"field-user","$v":"Användarnamn"},{"$i":"field-password","$v":"Lösenord"},{"$i":"show-password","$v":"Visa lösenord"},{"$i":"field-full-url","$v":"URL"},{"$i":"modify-account-setting-up","$v":"Vänta medan kontot skapas"},{"$i":"modify-account-unable-to-sync","$v":"Det går inte att synkronisera"},{"$i":"modify-account-sign-in","$v":"Logga in"},{"$i":"kai-caldav","$v":"CalDav"},{"$i":"kai-yahoo","$v":"Yahoo!"},{"$i":"kai-google","$v":"Google"},{"$i":"preset-mozilla","$v":"Mozilla Zimbra"},{"$i":"calendar-local","$v":"Telefonkalender"},{"$i":"event-title","$v":"Titel"},{"$i":"event-location","$v":"Plats"},{"$i":"event-description","$v":"Anteckningar"},{"$i":"event-is-allday","$v":"Heldagshändelse"},{"$i":"event-start-date","$v":"Startdatum"},{"$i":"event-end-date","$v":"Slutdatum"},{"$i":"event-start-time","$v":"Starttid"},{"$i":"event-end-time","$v":"Sluttid"},{"$i":"event-delete","$v":"Ta bort händelse"},{"$i":"event-is-deleting","$v":"Tar bort..."},{"$i":"remove-account-data","$v":"Ta bort kalenderkonto"},{"$i":"remove-account-dialog","$v":"Ta bort konto"},{"$i":"remove-account-dialog-details","$v":["Ta bort \"",{"t":"idOrVar","v":"email"},"\" från din enhet?"]},{"$i":"remove","$v":"Ta bort"},{"$i":"drawer-sync-icon-button","ariaLabel":"Synkr."},{"$i":"sync-progress-syncing","ariaValueText":"Synkroniserar"},{"$i":"sync-progress-complete","ariaValueText":"Synkronisering slutförd"},{"$i":"sync-frequency","$v":"Synka kalender"},{"$i":"sync-frequency-15min","$v":"Var 15 minut"},{"$i":"sync-frequency-30min","$v":"Var 30 minut"},{"$i":"sync-frequency-manual","$v":"Manuellt"},{"$i":"from","$v":"Från"},{"$i":"to","$v":"För att"},{"$i":"one-day-duration-title","$v":[{"t":"idOrVar","v":"startDate"}]},{"$i":"one-day-duration-content","$v":[{"t":"idOrVar","v":"startTime"}," - ",{"t":"idOrVar","v":"endTime"}]},{"$i":"multiple-day-duration-title","$v":[{"t":"idOrVar","v":"startTime"}," ",{"t":"idOrVar","v":"startDate"}]},{"$i":"multiple-day-duration-content","$v":[{"t":"idOrVar","v":"endTime"}," ",{"t":"idOrVar","v":"endDate"}]},{"$i":"one-all-day-duration-title","$v":[{"t":"idOrVar","v":"startDate"}]},{"$i":"all-day-duration-content","$v":"Heldagshändelse"},{"$i":"multiple-all-day-duration-title","$v":["Från ",{"t":"idOrVar","v":"startDate"}]},{"$i":"multiple-all-day-duration-content","$v":["Till ",{"t":"idOrVar","v":"endDate"}]},{"$i":"none","$v":"Inget"},{"$i":"reminder","$v":"Påminnelse om händelse"},{"$i":"remind-me","$v":"Påminn mig"},{"$i":"alarm-at-event-standard","$v":"Vid tiden för händelsen"},{"$i":"alarm-at-event-allday","$v":"På dagen för händelsen"},{"$i":"alarm-at-event-allday-hour12","$v":"På dagen för händelsen (09:00)"},{"$i":"alarm-at-event-allday-hour24","$v":"På dagen för händelsen (09:00)"},{"$i":"alarm-start-notice","$v":[{"t":"idOrVar","v":"title"}," startar ",{"t":"idOrVar","v":"distance"}]},{"$i":"alarm-started-notice","$v":[{"t":"idOrVar","v":"title"}," startade",{"t":"idOrVar","v":"distance"}]},{"$i":"alarm-start-notice-two-days","$v":[{"t":"idOrVar","v":"title"}," startar om två dagar"]},{"$i":"alarm-start-notice-few-days","$v":[{"t":"idOrVar","v":"title"}," startar om ",{"t":"idOrVar","v":"distance"}]},{"$i":"days-before-hour12","$v":{"few":[{"t":"idOrVar","v":"value"}," dagar innan (09:00)"],"many":[{"t":"idOrVar","v":"value"}," dagar innan (09:00)"],"one":"1 dag innan (09:00)","other":[{"t":"idOrVar","v":"value"}," dagar innan (09:00)"],"two":[{"t":"idOrVar","v":"value"}," dagar innan (09:00)"],"zero":"0 dag innan (09:00)"},"$x":[{"t":"idOrVar","v":"plural"},"value"]},{"$i":"weeks-before-hour12","$v":{"few":[{"t":"idOrVar","v":"value"}," veckor innan (09:00)"],"many":[{"t":"idOrVar","v":"value"}," veckor innan (09:00)"],"one":"1 vecka innan (09:00)","other":[{"t":"idOrVar","v":"value"}," veckor innan (09:00)"],"two":[{"t":"idOrVar","v":"value"}," veckor innan (09:00)"],"zero":"0 veckor innan (09:00)"},"$x":[{"t":"idOrVar","v":"plural"},"value"]},{"$i":"days-before-hour24","$v":{"few":[{"t":"idOrVar","v":"value"}," dagar innan (09:00)"],"many":[{"t":"idOrVar","v":"value"}," dagar innan (09:00)"],"one":"1 dag innan (09:00)","other":[{"t":"idOrVar","v":"value"}," dagar innan (09:00)"],"two":[{"t":"idOrVar","v":"value"}," dagar innan (09:00)"],"zero":"0 dag innan (09:00)"},"$x":[{"t":"idOrVar","v":"plural"},"value"]},{"$i":"weeks-before-hour24","$v":{"few":[{"t":"idOrVar","v":"value"}," veckor innan (09:00)"],"many":[{"t":"idOrVar","v":"value"}," veckor innan (09:00)"],"one":"1 vecka innan (09:00)","other":[{"t":"idOrVar","v":"value"}," veckor innan (09:00)"],"two":[{"t":"idOrVar","v":"value"}," veckor innan (09:00)"],"zero":"0 veckor innan (09:00)"},"$x":[{"t":"idOrVar","v":"plural"},"value"]},{"$i":"minutes-before","$v":{"few":[{"t":"idOrVar","v":"value"}," minuter innan"],"many":[{"t":"idOrVar","v":"value"}," minuter innan"],"one":"1 minut innan","other":[{"t":"idOrVar","v":"value"}," minuter innan"],"two":[{"t":"idOrVar","v":"value"}," minuter innan"],"zero":"0 minuter innan"},"$x":[{"t":"idOrVar","v":"plural"},"value"]},{"$i":"hours-before","$v":{"few":[{"t":"idOrVar","v":"value"}," timmar innan"],"many":[{"t":"idOrVar","v":"value"}," timmar innan"],"one":"1 timme innan","other":[{"t":"idOrVar","v":"value"}," timmar innan"],"two":[{"t":"idOrVar","v":"value"}," timmar innan"],"zero":"0 timmar innan"},"$x":[{"t":"idOrVar","v":"plural"},"value"]},{"$i":"days-before","$v":{"few":[{"t":"idOrVar","v":"value"}," dagar innan"],"many":[{"t":"idOrVar","v":"value"}," dagar innan"],"one":"1 dag innan","other":[{"t":"idOrVar","v":"value"}," dagar innan"],"two":[{"t":"idOrVar","v":"value"}," dagar innan"],"zero":"0 dagar innan"},"$x":[{"t":"idOrVar","v":"plural"},"value"]},{"$i":"weeks-before","$v":{"few":[{"t":"idOrVar","v":"value"}," veckor innan"],"many":[{"t":"idOrVar","v":"value"}," veckor innan"],"one":"1 vecka innan","other":[{"t":"idOrVar","v":"value"}," veckor innan"],"two":[{"t":"idOrVar","v":"value"}," veckor innan"],"zero":"0 veckor innan"},"$x":[{"t":"idOrVar","v":"plural"},"value"]},{"$i":"months-before","$v":{"few":[{"t":"idOrVar","v":"value"}," månader innan"],"many":[{"t":"idOrVar","v":"value"}," månader innan"],"one":"1 månad innan","other":[{"t":"idOrVar","v":"value"}," månader innan"],"two":[{"t":"idOrVar","v":"value"}," månader innan"],"zero":"0 månader innan"},"$x":[{"t":"idOrVar","v":"plural"},"value"]},{"$i":"years-before","$v":{"few":[{"t":"idOrVar","v":"value"}," år innan"],"many":[{"t":"idOrVar","v":"value"}," år innan"],"one":"1 år innan","other":[{"t":"idOrVar","v":"value"}," år innan"],"two":[{"t":"idOrVar","v":"value"}," år innan"],"zero":"0 år innan"},"$x":[{"t":"idOrVar","v":"plural"},"value"]},{"$i":"minutes-after","$v":{"few":[{"t":"idOrVar","v":"value"}," minuter efter"],"many":[{"t":"idOrVar","v":"value"}," minuter efter"],"one":"1 minut efter","other":[{"t":"idOrVar","v":"value"}," minuter efter"],"two":[{"t":"idOrVar","v":"value"}," minuter efter"],"zero":"0 minuter efter"},"$x":[{"t":"idOrVar","v":"plural"},"value"]},{"$i":"hours-after","$v":{"few":[{"t":"idOrVar","v":"value"}," timmar efter"],"many":[{"t":"idOrVar","v":"value"}," timmar efter"],"one":"1 timme efter","other":[{"t":"idOrVar","v":"value"}," timmar efter"],"two":[{"t":"idOrVar","v":"value"}," timmar efter"],"zero":"0 timmar efter"},"$x":[{"t":"idOrVar","v":"plural"},"value"]},{"$i":"days-after","$v":{"few":[{"t":"idOrVar","v":"value"}," dagar efter"],"many":[{"t":"idOrVar","v":"value"}," dagar efter"],"one":"1 dag efter","other":[{"t":"idOrVar","v":"value"}," dagar efter"],"two":[{"t":"idOrVar","v":"value"}," dagar efter"],"zero":"0 dagar efter"},"$x":[{"t":"idOrVar","v":"plural"},"value"]},{"$i":"weeks-after","$v":{"few":[{"t":"idOrVar","v":"value"}," veckor efter"],"many":[{"t":"idOrVar","v":"value"}," veckor efter"],"one":"1 vecka efter","other":[{"t":"idOrVar","v":"value"}," veckor efter"],"two":[{"t":"idOrVar","v":"value"}," veckor efter"],"zero":"0 veckor efter"},"$x":[{"t":"idOrVar","v":"plural"},"value"]},{"$i":"months-after","$v":{"few":[{"t":"idOrVar","v":"value"}," månader efter"],"many":[{"t":"idOrVar","v":"value"}," månader efter"],"one":"1 månad efter","other":[{"t":"idOrVar","v":"value"}," månader efter"],"two":[{"t":"idOrVar","v":"value"}," månader efter"],"zero":"0 månader efter"},"$x":[{"t":"idOrVar","v":"plural"},"value"]},{"$i":"years-after","$v":{"few":[{"t":"idOrVar","v":"value"}," år efter"],"many":[{"t":"idOrVar","v":"value"}," år efter"],"one":"1 år efter","other":[{"t":"idOrVar","v":"value"}," år efter"],"two":[{"t":"idOrVar","v":"value"}," år efter"],"zero":"0 år efter"},"$x":[{"t":"idOrVar","v":"plural"},"value"]},{"$i":"hour-format12","$v":"%I %p"},{"$i":"hour-format24","$v":"%H"},{"$i":"week-hour-format12","$v":"%I %p"},{"$i":"week-hour-format24","$v":"%H"},{"$i":"hour-allday","$v":"Hela dagen"},{"$i":"kai-week-day","$v":"%a\\n%e"},{"$i":"current-time12","$v":"%I:%M"},{"$i":"current-time24","$v":"%H:%M"},{"$i":"multi-month-view-header-format","$v":"%B %Y"},{"$i":"day-view-header-format","$v":"%A, %B %e"},{"$i":"months-day-view-header-format","$v":"%A, %B %e"},{"$i":"months-day-view-header-format-small","$v":{"$o":"%a <br/> %b, %e"}},{"$i":"week-view-header-format","$v":["Vecka ",{"t":"idOrVar","v":"value"},", %B %Y"]},{"$i":"longDateFormat","$v":"%a, %B %d, %Y"},{"$i":"longTimeFormat","$v":"%A %B %d"},{"$i":"longTimeFormat12","$v":"%A %B %d %I %p"},{"$i":"longTimeFormat24","$v":"Klockan %A %B %d %H"},{"$i":"weekTimeFormat12","$v":"%I %p"},{"$i":"weekTimeFormat24","$v":"Klockan %H"},{"$i":"weekDayFormat","$v":"%A den %d"},{"$i":"alldayLongTimeFormat","$v":"%A %B %d hela dagen"},{"$i":"dayHour12","$v":"%I %p"},{"$i":"dayHour24","$v":"Klockan %H"},{"$i":"longDateTime12","$v":"%I %p, %a, %d %b, %Y"},{"$i":"longDateTime24","$v":"%H, %a, %d %b, %Y"},{"$i":"upcoming-events","$v":"Kommande händelser"},{"$i":"search-results","$v":"Sökresultat"},{"$i":"no-event-found","$v":"Inga händelser hittades"},{"$i":"longDateTimeNew12","$v":"%a, %B %e, %Y, %I:%M %p"},{"$i":"longDateTimeNew24","$v":"%a, %B %e, %Y, %H:%M"},{"$i":"error-start-date-after-end-date","$v":"Händelsen kan inte sluta före sitt startdatum."},{"$i":"error-start-time-after-end-time","$v":"Händelsen kan inte sluta före sitt startdatum."},{"$i":"error-unauthenticated","$v":"Fel anv.namn eller lösenord. Försök igen."},{"$i":"error-internal-server-error","$v":"Serverfel. Försök igen."},{"$i":"error-unkown","$v":"Server inte tillgänglig. Försök senare."},{"$i":"error-default","$v":"Något gick fel. Försök senare."},{"$i":"error-offline","$v":"Det går inte att ansluta till internet. Du kan använda Wi-Fi eller mobildata för att få åtkomst till internet."},{"$i":"error-account-exist","$v":"Det här kontot finns redan."},{"$i":"error-confirmation-title","$v":"Fel"},{"$i":"error-edit-online-event","$v":"Det gick inte att redigera onlinehändelse eftersom det inte finns någon internetanslutning."},{"$i":"error-delete-online-event","$v":"Det gick inte att ta bort onlinehändelse eftersom det inte finns någon internetanslutning."},{"$i":"notification-error-sync-title","$v":"Synk.fel för kalender"},{"$i":"notification-error-sync-description","$v":"Tryck för mer info"},{"$i":"notification-error-caldav-sync-title","$v":"Kontofel"},{"$i":"notification-error-caldav-sync-description","$v":"Logga in igen"},{"$i":"weekday-0-single-char","$v":"S","ariaLabel":"Sön."},{"$i":"weekday-1-single-char","$v":"M","ariaLabel":"Måndag"},{"$i":"weekday-2-single-char","$v":"T","ariaLabel":"Tis."},{"$i":"weekday-3-single-char","$v":"O","ariaLabel":"Ons."},{"$i":"weekday-4-single-char","$v":"T","ariaLabel":"Tors."},{"$i":"weekday-5-single-char","$v":"F","ariaLabel":"Fredag"},{"$i":"weekday-6-single-char","$v":"L","ariaLabel":"Lördag"},{"$i":"busy","$v":{"few":[{"t":"idOrVar","v":"n"}," händelser"],"many":[{"t":"idOrVar","v":"n"}," händelser"],"one":[{"t":"idOrVar","v":"n"}," händelse"],"other":[{"t":"idOrVar","v":"n"}," händelser"],"two":[{"t":"idOrVar","v":"n"}," händelser"],"zero":"Inga händelser"},"$x":[{"t":"idOrVar","v":"plural"},"n"]},{"$i":"present","ariaLabel":"Idag"},{"$i":"past-other-month-description","ariaLabel":"Annan månad"},{"$i":"future-other-month-description","ariaLabel":"Annan månad"},{"$i":"icon-calendar-alarm","ariaLabel":"Har alarm"},{"$i":"calendars","ariaLabel":"Kalendrar"},{"$i":"multi-day-new-event-link","ariaLabel":"Lägg till händelse"},{"$i":"title","ariaLabel":"Titel"},{"$i":"location","ariaLabel":"Plats"},{"$i":"duration","ariaLabel":"Varaktighet"},{"$i":"calendar","ariaLabel":"Kalender"},{"$i":"alarms","ariaLabel":"Alarm"},{"$i":"description","ariaLabel":"Beskrivning"},{"$i":"start-date","ariaLabel":"Startdatum"},{"$i":"start-time","ariaLabel":"Starttid"},{"$i":"end-date","ariaLabel":"Slutdatum"},{"$i":"end-time","ariaLabel":"Sluttid"},{"$i":"during-progress-loading","ariaValueText":"Läser in"},{"$i":"all-day","ariaLabel":"Hela dagen"},{"$i":"create-event","ariaLabel":"Skapa händelse"},{"$i":"create-all-day-event","ariaLabel":"Skapa heldagshändelse"},{"$i":"event-one-day-duration","ariaLabel":["från ",{"t":"idOrVar","v":"startTime"}," till ",{"t":"idOrVar","v":"endTime"}]},{"$i":"week-event-one-day-duration","ariaLabel":[{"t":"idOrVar","v":"startDate"}," från ",{"t":"idOrVar","v":"startTime"}," till ",{"t":"idOrVar","v":"endTime"}]},{"$i":"event-multiple-day-duration","ariaLabel":["Från ",{"t":"idOrVar","v":"startTime"}," ",{"t":"idOrVar","v":"startDate"}," till ",{"t":"idOrVar","v":"endTime"}," ",{"t":"idOrVar","v":"endDate"}]},{"$i":"kai-event-added","$v":"Händelse tillagd"},{"$i":"kai-event-updated","$v":"Händelse uppdaterad"},{"$i":"kai-event-deleted","$v":"Händelsen raderades"},{"$i":"kai-change-save","$v":"Ändringar sparade"},{"$i":"event-sync-failure","$v":"Det går inte att synkronisera"},{"$i":"kai-event-calendar","$v":"Kalender"},{"$i":"kai-single-event","$v":"händelse"},{"$i":"kai-event-count","$v":"händelser"},{"$i":"kai-sync-progress-syncing","$v":"Synkroniserar"},{"$i":"kai-sync-progress-complete","$v":"Kalendern är uppdaterad."},{"$i":"kai-settings-sounds","$v":"Ljud"},{"$i":"kai-tones","$v":"Toner"},{"$i":"kai-multi-events","$v":"Händelser"},{"$i":"kai-confirmation-title","$v":"Bekräftelse"},{"$i":"kai-delete-selectedEvent-confirmation","$v":"Ta bort vald händelse?"},{"$i":"kai-deleteEvent-confirmation","$v":"Ta bort händelse?"},{"$i":"kai-event-search-header","$v":"Sök","placeholder":"Sök"},{"$i":"kai-event-search-upcoming-events","$v":"Kommande händelser"},{"$i":"kai-delete","$v":"Ta bort"},{"$i":"kai-cancel","$v":"Avbryt"},{"$i":"kai-dialog-delete-sel","$v":"Är du säker på att du vill ta bort vald händelse?"},{"$i":"kai-delete-title","$v":"Ta bort händelse"},{"$i":"kai-save-changes","$v":"Spara ändringar?"},{"$i":"kai-save-message-back","$v":"Alla angivna data kommer att gå förlorade. Vill du spara ändringarna?"},{"$i":"kai-save-message-close","$v":"Programmet kommer att stängas med förlorade data.  Vill du spara ändringar?"},{"$i":"yes","$v":"Ja"},{"$i":"no","$v":"Nej"},{"$i":"confirmation","$v":"Bekräftelse"},{"$i":"ok","$v":"Ok"},{"$i":"delete-event","$v":"Ta bort vald händelse?"},{"$i":"edit-event-no-net","$v":"Det gick inte att redigera onlinehändelsen på grund av det inte finns någon internetanslutning."},{"$i":"kai-settings-header","$v":"Kalender att visa"},{"$i":"kai-syncing","$v":"Synkroniserar..."},{"$i":"kai-syncing-header","$v":"Kontosynkronisering"},{"$i":"select","$v":"Välj"},{"$i":"add-event","$v":"Lägg till händ."},{"$i":"week-view","$v":"Veckovy"},{"$i":"day-view","$v":"Dagsvy"},{"$i":"month-view","$v":"Måndasvy"},{"$i":"today","$v":"Idag"},{"$i":"go","$v":"Gå till datum"},{"$i":"search","$v":"Sök"},{"$i":"calendar-to-display","$v":"Kalender att visa"},{"$i":"settings","$v":"Inställningar"},{"$i":"delete","$v":"Ta bort"},{"$i":"enter","$v":"Ange"},{"$i":"sync-calendar","$v":"Synka kalender"},{"$i":"lunar-calendar","$v":"Måndag"},{"$i":"present-description","$v":["Idag ",{"t":"idOrVar","v":"weekday"}," den ",{"t":"idOrVar","v":"date"}]},{"$i":"day-description","$v":[{"t":"idOrVar","v":"weekday"}," den ",{"t":"idOrVar","v":"date"}]},{"$i":"weekday-5","$v":"Fredag"},{"$i":"weekday-4","$v":"Tors."},{"$i":"weekday-3","$v":"Ons."},{"$i":"weekday-2","$v":"Tis."},{"$i":"weekday-1","$v":"Måndag"},{"$i":"weekday-0","$v":"Sön."},{"$i":"weekday-6","$v":"Lördag"},{"$i":"no-title","$v":"(Ingen titel)"},{"$i":"weekday-0-long","$v":"Söndag"},{"$i":"weekday-1-long","$v":"Måndag"},{"$i":"weekday-2-long","$v":"Tisdag"},{"$i":"weekday-3-long","$v":"Onsdag"},{"$i":"weekday-4-long","$v":"Torsdag"},{"$i":"weekday-5-long","$v":"Fredag"},{"$i":"weekday-6-long","$v":"Lördag"},{"$i":"weekday-0-short","$v":"Sön"},{"$i":"weekday-1-short","$v":"Mån"},{"$i":"weekday-2-short","$v":"Tis"},{"$i":"weekday-3-short","$v":"Ons"},{"$i":"weekday-4-short","$v":"Tor"},{"$i":"weekday-5-short","$v":"Fre"},{"$i":"weekday-6-short","$v":"Lör"},{"$i":"month-0-long","$v":"Januari"},{"$i":"month-1-long","$v":"Februari"},{"$i":"month-2-long","$v":"Mars"},{"$i":"month-3-long","$v":"April"},{"$i":"month-4-long","$v":"Maj"},{"$i":"month-5-long","$v":"Juni"},{"$i":"month-6-long","$v":"Juli"},{"$i":"month-7-long","$v":"Augusti"},{"$i":"month-8-long","$v":"September"},{"$i":"month-9-long","$v":"Oktober"},{"$i":"month-10-long","$v":"November"},{"$i":"month-11-long","$v":"December"},{"$i":"month-0-genitive","$v":"Januari"},{"$i":"month-1-genitive","$v":"Februari"},{"$i":"month-2-genitive","$v":"Mars"},{"$i":"month-3-genitive","$v":"April"},{"$i":"month-4-genitive","$v":"Maj"},{"$i":"month-5-genitive","$v":"Juni"},{"$i":"month-6-genitive","$v":"Juli"},{"$i":"month-7-genitive","$v":"Augusti"},{"$i":"month-8-genitive","$v":"September"},{"$i":"month-9-genitive","$v":"Oktober"},{"$i":"month-10-genitive","$v":"November"},{"$i":"month-11-genitive","$v":"December"},{"$i":"month-0-short","$v":"Jan"},{"$i":"month-1-short","$v":"Feb"},{"$i":"month-2-short","$v":"Mar"},{"$i":"month-3-short","$v":"Apr"},{"$i":"month-4-short","$v":"Maj"},{"$i":"month-5-short","$v":"Jun"},{"$i":"month-6-short","$v":"Jul"},{"$i":"month-7-short","$v":"Aug"},{"$i":"month-8-short","$v":"Sep"},{"$i":"month-9-short","$v":"Okt"},{"$i":"month-10-short","$v":"Nov"},{"$i":"month-11-short","$v":"Dec"},{"$i":"minutes-ago-long","$v":{"few":[{"t":"idOrVar","v":"value"}," minuter sedan"],"many":[{"t":"idOrVar","v":"value"}," minuter sedan"],"one":"en minut sedan","other":[{"t":"idOrVar","v":"value"}," minuter sedan"],"two":[{"t":"idOrVar","v":"value"}," minuter sedan"],"zero":"just nu"},"$x":[{"t":"idOrVar","v":"plural"},"value"]},{"$i":"hours-ago-long","$v":{"few":[{"t":"idOrVar","v":"value"}," timmar sedan"],"many":[{"t":"idOrVar","v":"value"}," timmar sedan"],"one":"en timme sedan","other":[{"t":"idOrVar","v":"value"}," timmar sedan"],"two":[{"t":"idOrVar","v":"value"}," timmar sedan"],"zero":"just nu"},"$x":[{"t":"idOrVar","v":"plural"},"value"]},{"$i":"days-ago-long","$v":{"few":[{"t":"idOrVar","v":"value"}," dagar sedan"],"many":[{"t":"idOrVar","v":"value"}," dagar sedan"],"one":"igår","other":[{"t":"idOrVar","v":"value"}," dagar sedan"],"two":[{"t":"idOrVar","v":"value"}," dagar sedan"],"zero":"idag"},"$x":[{"t":"idOrVar","v":"plural"},"value"]},{"$i":"weeks-ago-long","$v":{"few":[{"t":"idOrVar","v":"value"}," veckor sedan"],"many":[{"t":"idOrVar","v":"value"}," veckor sedan"],"one":"förra veckan","other":[{"t":"idOrVar","v":"value"}," veckor sedan"],"two":[{"t":"idOrVar","v":"value"}," veckor sedan"],"zero":"den här veckan"},"$x":[{"t":"idOrVar","v":"plural"},"value"]},{"$i":"months-ago-long","$v":{"few":[{"t":"idOrVar","v":"value"}," månader sedan"],"many":[{"t":"idOrVar","v":"value"}," månader sedan"],"one":"förra månaden","other":[{"t":"idOrVar","v":"value"}," månader sedan"],"two":[{"t":"idOrVar","v":"value"}," månader sedan"],"zero":"den här månaden"},"$x":[{"t":"idOrVar","v":"plural"},"value"]},{"$i":"years-ago-long","$v":{"few":[{"t":"idOrVar","v":"value"}," år sedan"],"many":[{"t":"idOrVar","v":"value"}," år sedan"],"one":"förra året","other":[{"t":"idOrVar","v":"value"}," år sedan"],"two":[{"t":"idOrVar","v":"value"}," år sedan"],"zero":"det här året"},"$x":[{"t":"idOrVar","v":"plural"},"value"]},{"$i":"minutes-until-long","$v":{"few":["om ",{"t":"idOrVar","v":"value"}," minuter"],"many":["om ",{"t":"idOrVar","v":"value"}," minuter"],"one":"om en minut","other":["om ",{"t":"idOrVar","v":"value"}," minuter"],"two":["om ",{"t":"idOrVar","v":"value"}," minuter"],"zero":"nu"},"$x":[{"t":"idOrVar","v":"plural"},"value"]},{"$i":"hours-until-long","$v":{"few":["om ",{"t":"idOrVar","v":"value"}," timmar"],"many":["om ",{"t":"idOrVar","v":"value"}," timmar"],"one":"om en timme","other":["om ",{"t":"idOrVar","v":"value"}," timmar"],"two":["om ",{"t":"idOrVar","v":"value"}," timmar"],"zero":"nu"},"$x":[{"t":"idOrVar","v":"plural"},"value"]},{"$i":"days-until-long","$v":{"few":["om ",{"t":"idOrVar","v":"value"}," dagar"],"many":["om ",{"t":"idOrVar","v":"value"}," dagar"],"one":"imorgon","other":["om ",{"t":"idOrVar","v":"value"}," dagar"],"two":["om ",{"t":"idOrVar","v":"value"}," dagar"],"zero":"idag"},"$x":[{"t":"idOrVar","v":"plural"},"value"]},{"$i":"weeks-until-long","$v":{"few":["om ",{"t":"idOrVar","v":"value"}," veckor"],"many":["om ",{"t":"idOrVar","v":"value"}," veckor"],"one":"nästa vecka","other":["om ",{"t":"idOrVar","v":"value"}," veckor"],"two":["om ",{"t":"idOrVar","v":"value"}," veckor"],"zero":"den här veckan"},"$x":[{"t":"idOrVar","v":"plural"},"value"]},{"$i":"months-until-long","$v":{"few":["om ",{"t":"idOrVar","v":"value"}," månader"],"many":["om ",{"t":"idOrVar","v":"value"}," månader"],"one":"nästa månad","other":["om ",{"t":"idOrVar","v":"value"}," månader"],"two":["om ",{"t":"idOrVar","v":"value"}," månader"],"zero":"den här månaden"},"$x":[{"t":"idOrVar","v":"plural"},"value"]},{"$i":"years-until-long","$v":{"few":["om ",{"t":"idOrVar","v":"value"}," år"],"many":["om ",{"t":"idOrVar","v":"value"}," år"],"one":"nästa år","other":["om ",{"t":"idOrVar","v":"value"}," år"],"two":["om ",{"t":"idOrVar","v":"value"}," år"],"zero":"det här året"},"$x":[{"t":"idOrVar","v":"plural"},"value"]},{"$i":"minutes-ago-short","$v":{"other":[{"t":"idOrVar","v":"value"}," m sedan"],"zero":"just nu"},"$x":[{"t":"idOrVar","v":"plural"},"value"]},{"$i":"hours-ago-short","$v":{"other":[{"t":"idOrVar","v":"value"}," tim. sedan"],"zero":"just nu"},"$x":[{"t":"idOrVar","v":"plural"},"value"]},{"$i":"days-ago-short","$v":{"other":[{"t":"idOrVar","v":"value"}," d sedan"],"zero":"idag"},"$x":[{"t":"idOrVar","v":"plural"},"value"]},{"$i":"minutes-until-short","$v":{"other":["om ",{"t":"idOrVar","v":"value"}," min."],"zero":"nu"},"$x":[{"t":"idOrVar","v":"plural"},"value"]},{"$i":"hours-until-short","$v":{"other":["om ",{"t":"idOrVar","v":"value"}," tim."],"zero":"nu"},"$x":[{"t":"idOrVar","v":"plural"},"value"]},{"$i":"days-until-short","$v":{"other":["om ",{"t":"idOrVar","v":"value"}," dag"],"zero":"idag"},"$x":[{"t":"idOrVar","v":"plural"},"value"]},{"$i":"incorrectDate","$v":"(fel datum)"},{"$i":"dateTimeFormat_%c","$v":"%a %b %e %Y %I:%M:%S %p"},{"$i":"dateTimeFormat_%x","$v":"%m/%d/%Y"},{"$i":"dateTimeFormat_%X","$v":"%I:%M:%S %p"},{"$i":"shortTimeFormat","$v":"%I:%M %p"},{"$i":"shortTimeFormat12","$v":"%I:%M %p"},{"$i":"shortTimeFormat24","$v":"%H:%M"},{"$i":"shortDateTimeFormat","$v":"%x %I:%M %p"},{"$i":"weekStartsOnMonday","$v":"0.0"},{"$i":"firstDayOfTheWeek","$v":"1.0"},{"$i":"time_am","$v":"am"},{"$i":"time_pm","$v":"PM"},{"$i":"softkey-options","$v":"Alternativ"}]