[{"$i":"back","$v":"Nyuma"},{"$i":"save","$v":"Hifadhi"},{"$i":"cancel","$v":"Ghairi"},{"$i":"next","$v":"Inayofuata"},{"$i":"hide","$v":"Ficha"},{"$i":"confirm","$v":"Thibitisha"},{"$i":"done","$v":"Gotoka"},{"$i":"events","$v":"Ukumbusho wa Matukio"},{"$i":"edit","$v":"Hariri"},{"$i":"allday-events","$v":"Ukumbusho wa Matukio wa Siku Nzima"},{"$i":"no-events","$v":"Hakuna matukio"},{"$i":"default","$v":"Chaguo-msingi"},{"$i":"sync","$v":"Landanisha"},{"$i":"repeat","$v":"Rudia"},{"$i":"never","$v":"Kamwe"},{"$i":"every-day","$v":"Kila siku"},{"$i":"every-week","$v":"Kila wiki"},{"$i":"every-2-weeks","$v":"Kila wiki 2"},{"$i":"every-month","$v":"Kila mwezi"},{"$i":"view-never","$v":"Rudia: Usirudie"},{"$i":"view-every-day","$v":"Rudia: Kila siku"},{"$i":"view-every-week","$v":"Rudia: Kila wiki"},{"$i":"view-every-2-weeks","$v":"Rudia: Kila wiki mbili"},{"$i":"view-every-month","$v":"Rudia: Kila mwezi"},{"$i":"repeat-event-header","$v":"Hili ni tukio la kurudia."},{"$i":"delete-this-only","$v":"Futa kipengele hiki pekee"},{"$i":"delete-all","$v":"Futa yote"},{"$i":"event-edit-all","$v":"Badilisha matukio yote"},{"$i":"event-edit-all-future","$v":"Badilisha matukio yote ya baadaye"},{"$i":"options","$v":"Chaguo"},{"$i":"event-delete-all","$v":"Futa yote"},{"$i":"event-delete-all-future","$v":"Futa matukio yote ya baadaye"},{"$i":"delete-account","$v":"Futa akaunti"},{"$i":"exchange-account","$v":"ActiveSync"},{"$i":"account-user-name","$v":"Jina la mtumiaji"},{"$i":"incorrect-password-description","$v":"Hukuweza kuingia katika seva, tafadhali hakikisha nenosiri lako ni sahihi."},{"$i":"incorrect-password","$v":"Nenosiri sio sahihi, tafadhali jaribu tena."},{"$i":"account-duplicate","$v":"Tayari akaunti ipo. Uswazishaji umewashwa."},{"$i":"error-account","$v":"Seva haipatikani. Tafadhali jaribu tena baadaye."},{"$i":"error-access-denied","$v":"Hitilafu isiyojulikana imetokea, tafadhali jaribu tena baadaye."},{"$i":"error-time-out","$v":["Imeshindwa kuunganisha kwenye \"",{"t":"idOrVar","v":"server"},"\". Huenda kuna hitilafu ya mtandao."]},{"$i":"caldav-account-exist","$v":"Akaunti hii tayari ipo."},{"$i":"save-password","$v":"Nenosiri limehifadhiwa."},{"$i":"account-login","$v":"Kuingia katika Akaunti"},{"$i":"setting-up-account","$v":"Kuunda akaunti"},{"$i":"setup-account-usedInfo","$v":"Akaunti hii itatumiwa na programu zilizo hapa chini. Unaweza kubadilisha hali hii katika Mipangilio>Akaunti."},{"$i":"app-calendar","$v":"Kalenda"},{"$i":"show-today","$v":"Leo"},{"$i":"show-month-view","$v":"Mwezi"},{"$i":"show-week-view","$v":"Wiki"},{"$i":"show-day-view","$v":"Siku"},{"$i":"settings-show","$v":"Mipangilio"},{"$i":"settings-hide","$v":"Ficha mipangilio"},{"$i":"add-account","$v":"Ongeza akaunti"},{"$i":"new-event","$v":"Ongeza tukio"},{"$i":"view-event-header","$v":"Maelezo ya Matukio"},{"$i":"new-event-header","$v":"Ongeza Tukio"},{"$i":"edit-event-header","$v":"Hariri Tukio"},{"$i":"account-header","$v":"Akaunti"},{"$i":"account-list-header","$v":"Akaunti"},{"$i":"advanced-settings-short-icon-button","ariaLabel":"Mipangilio"},{"$i":"advanced-settings-header","$v":"Mipangilio ya Kalenda"},{"$i":"advanced-settings-personalization","$v":"Sasisha Wimbi"},{"$i":"advanced-settings-reminders","$v":"Ukumbusho"},{"$i":"advanced-settings-add-account","$v":"Ongeza Akaunti"},{"$i":"field-user","$v":"Jina la mtumiaji"},{"$i":"field-password","$v":"Nenosiri"},{"$i":"show-password","$v":"Onyesha nenosiri"},{"$i":"field-full-url","$v":"URL"},{"$i":"modify-account-setting-up","$v":"Tafadhali subiri akaunti yako ikisanidiwa"},{"$i":"modify-account-unable-to-sync","$v":"Haiwezi kulandanisha"},{"$i":"modify-account-sign-in","$v":"Ingia"},{"$i":"kai-caldav","$v":"CalDav"},{"$i":"kai-yahoo","$v":"Yahoo!"},{"$i":"kai-google","$v":"Google"},{"$i":"preset-mozilla","$v":"Mozilla Zimbra"},{"$i":"calendar-local","$v":"Kalenda ya Simu"},{"$i":"event-title","$v":"Kichwa"},{"$i":"event-location","$v":"Eneo"},{"$i":"event-description","$v":"Vidokezo"},{"$i":"event-is-allday","$v":"Tukio la Siku Nzima"},{"$i":"event-start-date","$v":"Tarehe ya Kuanza"},{"$i":"event-end-date","$v":"Tarehe ya Mwisho"},{"$i":"event-start-time","$v":"Saa ya Kuanza"},{"$i":"event-end-time","$v":"Saa ya Mwisho"},{"$i":"event-delete","$v":"Futa tukio"},{"$i":"event-is-deleting","$v":"Inafuta…"},{"$i":"remove-account-data","$v":"Ondoa Akaunti"},{"$i":"remove-account-dialog","$v":"Ondoa akaunti"},{"$i":"remove-account-dialog-details","$v":["Unataka kuondoa \"",{"t":"idOrVar","v":"email"},"” kutoka kifaa chako?"]},{"$i":"remove","$v":"Ondoa"},{"$i":"drawer-sync-icon-button","ariaLabel":"Landanisha"},{"$i":"sync-progress-syncing","ariaValueText":"Ulandanishaji"},{"$i":"sync-progress-complete","ariaValueText":"Ulandanishaji umekamilika"},{"$i":"sync-frequency","$v":"Landanisha Kalenda"},{"$i":"sync-frequency-15min","$v":"Kila dakika 15"},{"$i":"sync-frequency-30min","$v":"Kila dakika 30"},{"$i":"sync-frequency-manual","$v":"Mwenyewe"},{"$i":"from","$v":"Kutoka"},{"$i":"to","$v":"Kwa"},{"$i":"one-day-duration-title","$v":[{"t":"idOrVar","v":"startDate"}]},{"$i":"one-day-duration-content","$v":[{"t":"idOrVar","v":"startTime"}," hadi ",{"t":"idOrVar","v":"endTime"}]},{"$i":"multiple-day-duration-title","$v":[{"t":"idOrVar","v":"startTime"}," ",{"t":"idOrVar","v":"startDate"}]},{"$i":"multiple-day-duration-content","$v":[{"t":"idOrVar","v":"endTime"}," ",{"t":"idOrVar","v":"endDate"}]},{"$i":"one-all-day-duration-title","$v":[{"t":"idOrVar","v":"startDate"}]},{"$i":"all-day-duration-content","$v":"Tukio la siku nzima"},{"$i":"multiple-all-day-duration-title","$v":["Kutoka ",{"t":"idOrVar","v":"startDate"}]},{"$i":"multiple-all-day-duration-content","$v":["Hadi ",{"t":"idOrVar","v":"endDate"}]},{"$i":"none","$v":"Hamna"},{"$i":"reminder","$v":"Ukumbusho wa Tukio"},{"$i":"remind-me","$v":"Nikumbushe"},{"$i":"alarm-at-event-standard","$v":"Wakati wa Tukio"},{"$i":"alarm-at-event-allday","$v":"Siku ya Tukio"},{"$i":"alarm-at-event-allday-hour12","$v":"Siku ya Tukio (9:00 AM)"},{"$i":"alarm-at-event-allday-hour24","$v":"Siku ya Tukio (9:00 )"},{"$i":"alarm-start-notice","$v":[{"t":"idOrVar","v":"title"}," inaanza ",{"t":"idOrVar","v":"distance"}]},{"$i":"alarm-started-notice","$v":[{"t":"idOrVar","v":"title"}," imeanza ",{"t":"idOrVar","v":"distance"}]},{"$i":"alarm-start-notice-two-days","$v":[{"t":"idOrVar","v":"title"}," starting in two days"]},{"$i":"alarm-start-notice-few-days","$v":[{"t":"idOrVar","v":"title"}," itaanza ",{"t":"idOrVar","v":"distance"}]},{"$i":"days-before-hour12","$v":{"few":[{"t":"idOrVar","v":"value"}," Siku Kabla (9:00 AM)"],"many":[{"t":"idOrVar","v":"value"}," Siku Kabla (9:00 AM)"],"one":"Siku 1 Kabla (9:00 AM)","other":[{"t":"idOrVar","v":"value"}," Siku Kabla (9:00 AM)"],"two":[{"t":"idOrVar","v":"value"}," Siku Kabla (9:00 AM)"],"zero":"Siku 0 Kabla (9:00 AM)"},"$x":[{"t":"idOrVar","v":"plural"},"value"]},{"$i":"weeks-before-hour12","$v":{"few":[{"t":"idOrVar","v":"value"}," Wiki Kabla (9:00 AM)"],"many":[{"t":"idOrVar","v":"value"}," Wiki Kabla (9:00 AM)"],"one":"Wiki 1 Kabla (9:00 AM)","other":[{"t":"idOrVar","v":"value"}," Wiki Kabla (9:00 AM)"],"two":[{"t":"idOrVar","v":"value"}," Wiki Kabla (9:00 AM)"],"zero":"Wiki 0 Kabla (9:00 AM)"},"$x":[{"t":"idOrVar","v":"plural"},"value"]},{"$i":"days-before-hour24","$v":{"few":[{"t":"idOrVar","v":"value"}," Siku Kabla (9:00)"],"many":[{"t":"idOrVar","v":"value"}," Siku Kabla (9:00)"],"one":"Siku 1 Kabla (9:00)","other":[{"t":"idOrVar","v":"value"}," Siku Kabla (9:00)"],"two":[{"t":"idOrVar","v":"value"}," Siku Kabla (9:00)"],"zero":"Siku 0 Kabla (9:00)"},"$x":[{"t":"idOrVar","v":"plural"},"value"]},{"$i":"weeks-before-hour24","$v":{"few":[{"t":"idOrVar","v":"value"}," Wiki Kabla (9:00)"],"many":[{"t":"idOrVar","v":"value"}," Wiki Kabla (9:00)"],"one":"Wiki 1 Kabla (9:00)","other":[{"t":"idOrVar","v":"value"}," Wiki Kabla (9:00)"],"two":[{"t":"idOrVar","v":"value"}," Wiki Kabla (9:00)"],"zero":"Wiki 0 Kabla (9:00)"},"$x":[{"t":"idOrVar","v":"plural"},"value"]},{"$i":"minutes-before","$v":{"few":["Dakika ",{"t":"idOrVar","v":"value"}," Kabla"],"many":["Dakika ",{"t":"idOrVar","v":"value"}," Kabla"],"one":"Dakika 1 Kabla","other":["Dakika ",{"t":"idOrVar","v":"value"}," Kabla"],"two":["Dakika ",{"t":"idOrVar","v":"value"}," Kabla"],"zero":"Dakika 0 Kabla"},"$x":[{"t":"idOrVar","v":"plural"},"value"]},{"$i":"hours-before","$v":{"few":["Saa ",{"t":"idOrVar","v":"value"}," Kabla"],"many":["Saa ",{"t":"idOrVar","v":"value"}," Kabla"],"one":"Saa 1 Kabla","other":["Saa ",{"t":"idOrVar","v":"value"}," Kabla"],"two":["Saa ",{"t":"idOrVar","v":"value"}," Kabla"],"zero":"Saa 0 Kabla"},"$x":[{"t":"idOrVar","v":"plural"},"value"]},{"$i":"days-before","$v":{"few":["Siku ",{"t":"idOrVar","v":"value"}," Kabla"],"many":["Siku ",{"t":"idOrVar","v":"value"}," Kabla"],"one":"Siku 1 Kabla","other":["Siku ",{"t":"idOrVar","v":"value"}," Kabla"],"two":["Siku ",{"t":"idOrVar","v":"value"}," Kabla"],"zero":"Siku 0 Kabla"},"$x":[{"t":"idOrVar","v":"plural"},"value"]},{"$i":"weeks-before","$v":{"few":["Wiki ",{"t":"idOrVar","v":"value"}," Kabla"],"many":["Wiki ",{"t":"idOrVar","v":"value"}," Kabla"],"one":"Wiki 1 Kabla","other":["Wiki ",{"t":"idOrVar","v":"value"}," Kabla"],"two":["Wiki ",{"t":"idOrVar","v":"value"}," Kabla"],"zero":"Wiki 0 Kabla"},"$x":[{"t":"idOrVar","v":"plural"},"value"]},{"$i":"months-before","$v":{"few":["Miezi ",{"t":"idOrVar","v":"value"}," Kabla"],"many":["Miezi ",{"t":"idOrVar","v":"value"}," Kabla"],"one":"Mwezi 1 Kabla","other":["Miezi ",{"t":"idOrVar","v":"value"}," Kabla"],"two":["Miezi ",{"t":"idOrVar","v":"value"}," Kabla"],"zero":"Miezi 0 Kabla"},"$x":[{"t":"idOrVar","v":"plural"},"value"]},{"$i":"years-before","$v":{"few":["Miaka ",{"t":"idOrVar","v":"value"}," Kabla"],"many":["Miaka ",{"t":"idOrVar","v":"value"}," Kabla"],"one":"Mwaka 1 Kabla","other":["Miaka ",{"t":"idOrVar","v":"value"}," Kabla"],"two":["Miaka ",{"t":"idOrVar","v":"value"}," Kabla"],"zero":"Mwaka 0 Kabla"},"$x":[{"t":"idOrVar","v":"plural"},"value"]},{"$i":"minutes-after","$v":{"few":["Dakika ",{"t":"idOrVar","v":"value"}," Baadaye"],"many":["Dakika ",{"t":"idOrVar","v":"value"}," Baadaye"],"one":"Dakika 1 Baadaye","other":["Dakika ",{"t":"idOrVar","v":"value"}," Baadaye"],"two":["Dakika ",{"t":"idOrVar","v":"value"}," Baadaye"],"zero":"Dakika 0 Baadaye"},"$x":[{"t":"idOrVar","v":"plural"},"value"]},{"$i":"hours-after","$v":{"few":["Saa ",{"t":"idOrVar","v":"value"}," Baadaye"],"many":["Saa ",{"t":"idOrVar","v":"value"}," Baadaye"],"one":"Saa 1 Baadaye","other":["Saa ",{"t":"idOrVar","v":"value"}," Baadaye"],"two":["Saa ",{"t":"idOrVar","v":"value"}," Baadaye"],"zero":"Saa 0 Baadaye"},"$x":[{"t":"idOrVar","v":"plural"},"value"]},{"$i":"days-after","$v":{"few":["Siku ",{"t":"idOrVar","v":"value"}," Baadaye"],"many":["Siku ",{"t":"idOrVar","v":"value"}," Baadaye"],"one":"Siku 1 Baadaye","other":["Siku ",{"t":"idOrVar","v":"value"}," Baadaye"],"two":["Siku ",{"t":"idOrVar","v":"value"}," Baadaye"],"zero":"Siku 0 Baadaye"},"$x":[{"t":"idOrVar","v":"plural"},"value"]},{"$i":"weeks-after","$v":{"few":["Wiki ",{"t":"idOrVar","v":"value"}," Baadaye"],"many":["Wiki ",{"t":"idOrVar","v":"value"}," Baadaye"],"one":"Wiki 1 Baadaye","other":["Wiki ",{"t":"idOrVar","v":"value"}," Baadaye"],"two":["Wiki ",{"t":"idOrVar","v":"value"}," Baadaye"],"zero":"Wiki 0 Baadaye"},"$x":[{"t":"idOrVar","v":"plural"},"value"]},{"$i":"months-after","$v":{"few":["Miezi ",{"t":"idOrVar","v":"value"}," Baadaye"],"many":["Miezi ",{"t":"idOrVar","v":"value"}," Baadaye"],"one":"Mwezi 1 Baadaye","other":["Miezi ",{"t":"idOrVar","v":"value"}," Baadaye"],"two":["Miezi ",{"t":"idOrVar","v":"value"}," Baadaye"],"zero":"Miezi 0 Baadaye"},"$x":[{"t":"idOrVar","v":"plural"},"value"]},{"$i":"years-after","$v":{"few":["Miaka ",{"t":"idOrVar","v":"value"}," Baadaye"],"many":["Miaka ",{"t":"idOrVar","v":"value"}," Baadaye"],"one":"Mwaka 1 Baadaye","other":["Miaka ",{"t":"idOrVar","v":"value"}," Baadaye"],"two":["Miaka ",{"t":"idOrVar","v":"value"}," Baadaye"],"zero":"Mwaka 0 Baadaye"},"$x":[{"t":"idOrVar","v":"plural"},"value"]},{"$i":"hour-format12","$v":"%I %p"},{"$i":"hour-format24","$v":"%H"},{"$i":"week-hour-format12","$v":"%I %p"},{"$i":"week-hour-format24","$v":"%H"},{"$i":"hour-allday","$v":"Siku Nzima"},{"$i":"kai-week-day","$v":"%a\\n%e"},{"$i":"current-time12","$v":"%I:%M"},{"$i":"current-time24","$v":"%H:%M"},{"$i":"multi-month-view-header-format","$v":"%B %Y"},{"$i":"day-view-header-format","$v":"%A, %B %e"},{"$i":"months-day-view-header-format","$v":"%A, %B %e"},{"$i":"months-day-view-header-format-small","$v":{"$o":"%a <br/> %b, %e"}},{"$i":"week-view-header-format","$v":["Wiki ",{"t":"idOrVar","v":"value"},", %B %Y"]},{"$i":"longDateFormat","$v":"%A, %B %d, %Y"},{"$i":"longTimeFormat","$v":"%A %B %d"},{"$i":"longTimeFormat12","$v":"%A %B %d %I %p"},{"$i":"longTimeFormat24","$v":"%A %B %d saa %H"},{"$i":"weekTimeFormat12","$v":"%I %p"},{"$i":"weekTimeFormat24","$v":"Saa %H"},{"$i":"weekDayFormat","$v":"%A %d"},{"$i":"alldayLongTimeFormat","$v":"%A %B %d siku nzima"},{"$i":"dayHour12","$v":"%I %p"},{"$i":"dayHour24","$v":"Saa %H"},{"$i":"longDateTime12","$v":"%I %p, %a, %d %b, %Y"},{"$i":"longDateTime24","$v":"%H, %a, %d %b, %Y"},{"$i":"upcoming-events","$v":"Matukio Yajayo"},{"$i":"search-results","$v":"Matokeo ya Utafutaji"},{"$i":"no-event-found","$v":"Hakuna Tukio Limepatikana"},{"$i":"longDateTimeNew12","$v":"%a, %B %e, %Y, %I:%M %p"},{"$i":"longDateTimeNew24","$v":"%a, %B %e, %Y, %H:%M"},{"$i":"error-start-date-after-end-date","$v":"Tukio hili haliwezi kuisha kabla ya tarehe yake ya kuanza."},{"$i":"error-start-time-after-end-time","$v":"Tukio hili haliwezi kuisha kabla ya saa yake ya kuanza."},{"$i":"error-unauthenticated","$v":"Jina la mtumiaji au nenosiri sio sahihi, tafadhali jaribu tena."},{"$i":"error-internal-server-error","$v":"Hitilafu ya seva, tafadhali jaribu tena."},{"$i":"error-unkown","$v":"Seva haipatikani. Tafadhali jaribu tena baadaye."},{"$i":"error-default","$v":"Kuna hitilafu. Jaribu tena baadaye."},{"$i":"error-offline","$v":"Huwezi kuunganisha kwenye wavuti. Unaweza kutumia Wi-Fi au data ya simu kufikia wavuti."},{"$i":"error-account-exist","$v":"Tayari akaunti hii inatumika."},{"$i":"error-confirmation-title","$v":"Hitilafu"},{"$i":"error-edit-online-event","$v":"Haijafaulu kuhariri tukio la mtandaoni kwa sababu hakuna muungano wa wavuti."},{"$i":"error-delete-online-event","$v":"Haijafaulu kufuta tukio la mtandaoni kwa sababu hakuna muungano wa wavuti."},{"$i":"notification-error-sync-title","$v":"Hitilafu ya kulandanisha kalenda"},{"$i":"notification-error-sync-description","$v":"Gusa kwa maelezo zaidi"},{"$i":"notification-error-caldav-sync-title","$v":"Hitilafu ya Akaunti"},{"$i":"notification-error-caldav-sync-description","$v":"Ingia tena"},{"$i":"weekday-0-single-char","$v":"S","ariaLabel":"Jumapili"},{"$i":"weekday-1-single-char","$v":"M","ariaLabel":"Jumatatu"},{"$i":"weekday-2-single-char","$v":"T","ariaLabel":"Jumanne"},{"$i":"weekday-3-single-char","$v":"W","ariaLabel":"Jumatano"},{"$i":"weekday-4-single-char","$v":"T","ariaLabel":"Alhamisi"},{"$i":"weekday-5-single-char","$v":"F","ariaLabel":"Ijumaa"},{"$i":"weekday-6-single-char","$v":"S","ariaLabel":"Jumamosi"},{"$i":"busy","$v":{"few":["Matukio ",{"t":"idOrVar","v":"n"}],"many":["Matukio ",{"t":"idOrVar","v":"n"}],"one":["Tukio ",{"t":"idOrVar","v":"n"}],"other":["Matukio ",{"t":"idOrVar","v":"n"}],"two":["Matukio ",{"t":"idOrVar","v":"n"}],"zero":"Hakuna matukio"},"$x":[{"t":"idOrVar","v":"plural"},"n"]},{"$i":"present","ariaLabel":"Leo"},{"$i":"past-other-month-description","ariaLabel":"Mwezi mwingine"},{"$i":"future-other-month-description","ariaLabel":"Mwezi mwingine"},{"$i":"icon-calendar-alarm","ariaLabel":"Una king’ora"},{"$i":"calendars","ariaLabel":"Kalenda"},{"$i":"multi-day-new-event-link","ariaLabel":"Ongeza tukio"},{"$i":"title","ariaLabel":"Kichwa"},{"$i":"location","ariaLabel":"Eneo"},{"$i":"duration","ariaLabel":"Muda"},{"$i":"calendar","ariaLabel":"Kalenda"},{"$i":"alarms","ariaLabel":"Ving’ora"},{"$i":"description","ariaLabel":"Maelezo"},{"$i":"start-date","ariaLabel":"Tarehe ya kuanza"},{"$i":"start-time","ariaLabel":"Saa ya kuanza"},{"$i":"end-date","ariaLabel":"Tarehe ya mwisho"},{"$i":"end-time","ariaLabel":"Saa ya kumaliza"},{"$i":"during-progress-loading","ariaValueText":"Kupakia"},{"$i":"all-day","ariaLabel":"Siku nzima"},{"$i":"create-event","ariaLabel":"Unda tukio"},{"$i":"create-all-day-event","ariaLabel":"Unda tukio la siku nzima"},{"$i":"event-one-day-duration","ariaLabel":["kuanzia ",{"t":"idOrVar","v":"startTime"}," hadi ",{"t":"idOrVar","v":"endTime"}]},{"$i":"week-event-one-day-duration","ariaLabel":[{"t":"idOrVar","v":"startDate"}," kuanzia ",{"t":"idOrVar","v":"startTime"}," hadi ",{"t":"idOrVar","v":"endTime"}]},{"$i":"event-multiple-day-duration","ariaLabel":["Kuanzia ",{"t":"idOrVar","v":"startTime"}," ",{"t":"idOrVar","v":"startDate"}," hadi ",{"t":"idOrVar","v":"endTime"}," ",{"t":"idOrVar","v":"endDate"}]},{"$i":"kai-event-added","$v":"Tukio limeongezwa."},{"$i":"kai-event-updated","$v":"Tukio limebadilishwa."},{"$i":"kai-event-deleted","$v":"Tukio limefutwa."},{"$i":"kai-change-save","$v":"Mabadiliko yamehifadhiwa"},{"$i":"event-sync-failure","$v":"Haiwezi kulandanisha"},{"$i":"kai-event-calendar","$v":"Kalenda"},{"$i":"kai-single-event","$v":"tukio"},{"$i":"kai-event-count","$v":"matukio"},{"$i":"kai-sync-progress-syncing","$v":"Ulandanishaji"},{"$i":"kai-sync-progress-complete","$v":"Kalenda imesawazishwa."},{"$i":"kai-settings-sounds","$v":"Sauti"},{"$i":"kai-tones","$v":"Milio"},{"$i":"kai-multi-events","$v":"Matukio"},{"$i":"kai-confirmation-title","$v":"Uthibitishaji"},{"$i":"kai-delete-selectedEvent-confirmation","$v":"Je, ungependa kufuta tukio lililochaguliwa?"},{"$i":"kai-deleteEvent-confirmation","$v":"Unataka kufuta tukio?"},{"$i":"kai-event-search-header","$v":"Tafuta","placeholder":"Tafuta"},{"$i":"kai-event-search-upcoming-events","$v":"Matukio Yajayo"},{"$i":"kai-delete","$v":"Futa"},{"$i":"kai-cancel","$v":"Ghairi"},{"$i":"kai-dialog-delete-sel","$v":"Una uhakika unataka kufuta tukio lililochaguliwa?"},{"$i":"kai-delete-title","$v":"Futa Tukio"},{"$i":"kai-save-changes","$v":"Unataka kuhifadhi mabadiliko?"},{"$i":"kai-save-message-back","$v":"Data yote iliyoingizwa itapotea. Unataka kuhifadhi mabadiliko?"},{"$i":"kai-save-message-close","$v":"Programu itafungwa kwa upotezaji wa data. Unataka kuhifadhi mabadiliko?"},{"$i":"yes","$v":"Ndiyo"},{"$i":"no","$v":"Hakuna"},{"$i":"confirmation","$v":"Uthibitishaji"},{"$i":"ok","$v":"Sawa"},{"$i":"delete-event","$v":"Je, ungependa kufuta tukio lililochaguliwa?"},{"$i":"edit-event-no-net","$v":"Imeshindwa kubadilisha tukio la mtandaoni kutokana na ukosefu wa muunganisho wa intaneti."},{"$i":"kai-settings-header","$v":"Kalenda ya Kuonyesha"},{"$i":"kai-syncing","$v":"Inalandanisha..."},{"$i":"kai-syncing-header","$v":"Ulandanishaji wa Akaunti"},{"$i":"select","$v":"Chagua"},{"$i":"add-event","$v":"Ongeza"},{"$i":"week-view","$v":"Mtazamo wa Wiki"},{"$i":"day-view","$v":"Mwonekano wa Mchana"},{"$i":"month-view","$v":"Mwonekano wa Mwezi"},{"$i":"today","$v":"Leo"},{"$i":"go","$v":"Nenda kwenye Tarehe"},{"$i":"search","$v":"Tafuta"},{"$i":"calendar-to-display","$v":"Kalenda ya Kuonyesha"},{"$i":"settings","$v":"Mipangilio"},{"$i":"delete","$v":"Futa"},{"$i":"enter","$v":"Ingiza"},{"$i":"sync-calendar","$v":"Landanisha kalenda"},{"$i":"lunar-calendar","$v":"Siku ya Lunar"},{"$i":"present-description","$v":["Leo ",{"t":"idOrVar","v":"weekday"}," tarehe ",{"t":"idOrVar","v":"date"}]},{"$i":"day-description","$v":[{"t":"idOrVar","v":"weekday"}," tarehe ",{"t":"idOrVar","v":"date"}]},{"$i":"weekday-5","$v":"Ijumaa"},{"$i":"weekday-4","$v":"Alhamisi"},{"$i":"weekday-3","$v":"Jumatano"},{"$i":"weekday-2","$v":"Jumanne"},{"$i":"weekday-1","$v":"Jumatatu"},{"$i":"weekday-0","$v":"Jumapili"},{"$i":"weekday-6","$v":"Jumamosi"},{"$i":"no-title","$v":"(Hakuna Kichwa)"},{"$i":"weekday-0-long","$v":"Jumapili"},{"$i":"weekday-1-long","$v":"Jumatatu"},{"$i":"weekday-2-long","$v":"Jumanne"},{"$i":"weekday-3-long","$v":"Jumatano"},{"$i":"weekday-4-long","$v":"Alhamisi"},{"$i":"weekday-5-long","$v":"Ijumaa"},{"$i":"weekday-6-long","$v":"Jumamosi"},{"$i":"weekday-0-short","$v":"Jumapili"},{"$i":"weekday-1-short","$v":"Jumatatu"},{"$i":"weekday-2-short","$v":"Jumanne"},{"$i":"weekday-3-short","$v":"Jumatano"},{"$i":"weekday-4-short","$v":"Alhamisi"},{"$i":"weekday-5-short","$v":"Ijumaa"},{"$i":"weekday-6-short","$v":"Jumamosi"},{"$i":"month-0-long","$v":"Januari"},{"$i":"month-1-long","$v":"Februari"},{"$i":"month-2-long","$v":"Machi"},{"$i":"month-3-long","$v":"Aprili"},{"$i":"month-4-long","$v":"Mei"},{"$i":"month-5-long","$v":"Juni"},{"$i":"month-6-long","$v":"Julai"},{"$i":"month-7-long","$v":"Agosti"},{"$i":"month-8-long","$v":"Septemba"},{"$i":"month-9-long","$v":"Oktoba"},{"$i":"month-10-long","$v":"Novemba"},{"$i":"month-11-long","$v":"Desemba"},{"$i":"month-0-genitive","$v":"Januari"},{"$i":"month-1-genitive","$v":"Februari"},{"$i":"month-2-genitive","$v":"Machi"},{"$i":"month-3-genitive","$v":"Aprili"},{"$i":"month-4-genitive","$v":"Mei"},{"$i":"month-5-genitive","$v":"Juni"},{"$i":"month-6-genitive","$v":"Julai"},{"$i":"month-7-genitive","$v":"Agosti"},{"$i":"month-8-genitive","$v":"Septemba"},{"$i":"month-9-genitive","$v":"Oktoba"},{"$i":"month-10-genitive","$v":"Novemba"},{"$i":"month-11-genitive","$v":"Desemba"},{"$i":"month-0-short","$v":"Januari"},{"$i":"month-1-short","$v":"Februari"},{"$i":"month-2-short","$v":"Machi"},{"$i":"month-3-short","$v":"Aprili"},{"$i":"month-4-short","$v":"Mei"},{"$i":"month-5-short","$v":"Juni"},{"$i":"month-6-short","$v":"Julai"},{"$i":"month-7-short","$v":"Agosti"},{"$i":"month-8-short","$v":"Septemba"},{"$i":"month-9-short","$v":"Oktoba"},{"$i":"month-10-short","$v":"Novemba"},{"$i":"month-11-short","$v":"Disemba"},{"$i":"minutes-ago-long","$v":{"few":["dakika ",{"t":"idOrVar","v":"value"}," zilizopita"],"many":["dakika ",{"t":"idOrVar","v":"value"}," zilizopita"],"one":"dakika moja iliyopita","other":["dakika ",{"t":"idOrVar","v":"value"}," zilizopita"],"two":["dakika ",{"t":"idOrVar","v":"value"}," zilizopita"],"zero":"sasa hivi tu"},"$x":[{"t":"idOrVar","v":"plural"},"value"]},{"$i":"hours-ago-long","$v":{"few":["saa ",{"t":"idOrVar","v":"value"}," zilizopita"],"many":["saa ",{"t":"idOrVar","v":"value"}," zilizopita"],"one":"saa moja iliyopita","other":["saa ",{"t":"idOrVar","v":"value"}," zilizopita"],"two":["saa ",{"t":"idOrVar","v":"value"}," zilizopita"],"zero":"sasa hivi tu"},"$x":[{"t":"idOrVar","v":"plural"},"value"]},{"$i":"days-ago-long","$v":{"few":["Siku ",{"t":"idOrVar","v":"value"}," zilizopita"],"many":["Siku ",{"t":"idOrVar","v":"value"}," zilizopita"],"one":"jana","other":["Siku ",{"t":"idOrVar","v":"value"}," zilizopita"],"two":["Siku ",{"t":"idOrVar","v":"value"}," zilizopita"],"zero":"leo"},"$x":[{"t":"idOrVar","v":"plural"},"value"]},{"$i":"weeks-ago-long","$v":{"few":["wiki ",{"t":"idOrVar","v":"value"}," zilizopita"],"many":["wiki ",{"t":"idOrVar","v":"value"}," zilizopita"],"one":"wiki iliyopita","other":["wiki ",{"t":"idOrVar","v":"value"}," zilizopita"],"two":["wiki ",{"t":"idOrVar","v":"value"}," zilizopita"],"zero":"wiki hii"},"$x":[{"t":"idOrVar","v":"plural"},"value"]},{"$i":"months-ago-long","$v":{"few":["miezi ",{"t":"idOrVar","v":"value"}," iliyopita"],"many":["miezi ",{"t":"idOrVar","v":"value"}," iliyopita"],"one":"mwezi uliopita","other":["miezi ",{"t":"idOrVar","v":"value"}," iliyopita"],"two":["miezi ",{"t":"idOrVar","v":"value"}," iliyopita"],"zero":"mwezi huu"},"$x":[{"t":"idOrVar","v":"plural"},"value"]},{"$i":"years-ago-long","$v":{"few":["mwaka ",{"t":"idOrVar","v":"value"}," uliopita"],"many":["mwaka ",{"t":"idOrVar","v":"value"}," uliopita"],"one":"mwaka jana","other":["mwaka ",{"t":"idOrVar","v":"value"}," uliopita"],"two":["mwaka ",{"t":"idOrVar","v":"value"}," uliopita"],"zero":"mwaka huu"},"$x":[{"t":"idOrVar","v":"plural"},"value"]},{"$i":"minutes-until-long","$v":{"few":["baada ya dakika ",{"t":"idOrVar","v":"value"}],"many":["baada ya dakika ",{"t":"idOrVar","v":"value"}],"one":"baada ya dakika moja","other":["baada ya dakika ",{"t":"idOrVar","v":"value"}],"two":["baada ya dakika ",{"t":"idOrVar","v":"value"}],"zero":"sasa hivi"},"$x":[{"t":"idOrVar","v":"plural"},"value"]},{"$i":"hours-until-long","$v":{"few":["baada ya saa ",{"t":"idOrVar","v":"value"}],"many":["baada ya saa ",{"t":"idOrVar","v":"value"}],"one":"baada ya saa moja","other":["baada ya saa ",{"t":"idOrVar","v":"value"}],"two":["baada ya saa ",{"t":"idOrVar","v":"value"}],"zero":"sasa hivi"},"$x":[{"t":"idOrVar","v":"plural"},"value"]},{"$i":"days-until-long","$v":{"few":["baada ya siku ",{"t":"idOrVar","v":"value"}],"many":["baada ya siku ",{"t":"idOrVar","v":"value"}],"one":"kesho","other":["baada ya siku ",{"t":"idOrVar","v":"value"}],"two":["baada ya siku ",{"t":"idOrVar","v":"value"}],"zero":"leo"},"$x":[{"t":"idOrVar","v":"plural"},"value"]},{"$i":"weeks-until-long","$v":{"few":["baada ya wiki ",{"t":"idOrVar","v":"value"}],"many":["baada ya wiki ",{"t":"idOrVar","v":"value"}],"one":"wiki ijayo","other":["baada ya wiki ",{"t":"idOrVar","v":"value"}],"two":["baada ya wiki ",{"t":"idOrVar","v":"value"}],"zero":"wiki hii"},"$x":[{"t":"idOrVar","v":"plural"},"value"]},{"$i":"months-until-long","$v":{"few":["baada ya miezi ",{"t":"idOrVar","v":"value"}],"many":["baada ya miezi ",{"t":"idOrVar","v":"value"}],"one":"mwezi ujao","other":["baada ya miezi ",{"t":"idOrVar","v":"value"}],"two":["baada ya miezi ",{"t":"idOrVar","v":"value"}],"zero":"mwezi huu"},"$x":[{"t":"idOrVar","v":"plural"},"value"]},{"$i":"years-until-long","$v":{"few":["baada ya miaka ",{"t":"idOrVar","v":"value"}],"many":["baada ya miaka ",{"t":"idOrVar","v":"value"}],"one":"mwaka ujao","other":["baada ya miaka ",{"t":"idOrVar","v":"value"}],"two":["baada ya miaka ",{"t":"idOrVar","v":"value"}],"zero":"mwaka huu"},"$x":[{"t":"idOrVar","v":"plural"},"value"]},{"$i":"minutes-ago-short","$v":{"other":["dakika ",{"t":"idOrVar","v":"value"}," iliyopita"],"zero":"sasa hivi tu"},"$x":[{"t":"idOrVar","v":"plural"},"value"]},{"$i":"hours-ago-short","$v":{"other":["saa ",{"t":"idOrVar","v":"value"}," iliyopita"],"zero":"sasa hivi tu"},"$x":[{"t":"idOrVar","v":"plural"},"value"]},{"$i":"days-ago-short","$v":{"other":["Siku ",{"t":"idOrVar","v":"value"}," iliyopita"],"zero":"leo"},"$x":[{"t":"idOrVar","v":"plural"},"value"]},{"$i":"minutes-until-short","$v":{"other":["baada ya dakika ",{"t":"idOrVar","v":"value"}],"zero":"sasa hivi"},"$x":[{"t":"idOrVar","v":"plural"},"value"]},{"$i":"hours-until-short","$v":{"other":["baada ya saa ",{"t":"idOrVar","v":"value"}],"zero":"sasa hivi"},"$x":[{"t":"idOrVar","v":"plural"},"value"]},{"$i":"days-until-short","$v":{"other":["baada ya siku ",{"t":"idOrVar","v":"value"}],"zero":"leo"},"$x":[{"t":"idOrVar","v":"plural"},"value"]},{"$i":"incorrectDate","$v":"(Tarehe isiyo sahihi)"},{"$i":"dateTimeFormat_%c","$v":"%a %b %e %Y %I:%M:%S %p"},{"$i":"dateTimeFormat_%x","$v":"%m/%d/%Y"},{"$i":"dateTimeFormat_%X","$v":"%I:%M:%S %p"},{"$i":"shortTimeFormat","$v":"%I:%M %p"},{"$i":"shortTimeFormat12","$v":"%I:%M %p"},{"$i":"shortTimeFormat24","$v":"%H:%M"},{"$i":"shortDateTimeFormat","$v":"%x %I:%M %p"},{"$i":"weekStartsOnMonday","$v":"0.0"},{"$i":"firstDayOfTheWeek","$v":"0.0"},{"$i":"time_am","$v":"Asubuhi"},{"$i":"time_pm","$v":"PM"},{"$i":"softkey-options","$v":"Chaguo"}]