[{"$i":"back","$v":"ย้อนกลับ"},{"$i":"save","$v":"บันทึก"},{"$i":"cancel","$v":"ยกเลิก"},{"$i":"next","$v":"ถัดไป"},{"$i":"hide","$v":"ซ่อน"},{"$i":"confirm","$v":"ยืนยัน"},{"$i":"done","$v":"เสร็จสิ้น"},{"$i":"events","$v":"การแจ้งเตือนกิจกรรม"},{"$i":"edit","$v":"แก้ไข"},{"$i":"allday-events","$v":"การแจ้งเตือนกิจกรรมตลอดวัน"},{"$i":"no-events","$v":"ไม่มีกิจกรรม"},{"$i":"default","$v":"ค่าเริ่มต้น"},{"$i":"sync","$v":"ซิงค์"},{"$i":"repeat","$v":"ซ้ำ"},{"$i":"never","$v":"ห้ามทุกครั้ง"},{"$i":"every-day","$v":"ทุกวัน"},{"$i":"every-week","$v":"ทุกสัปดาห์"},{"$i":"every-2-weeks","$v":"ทุก 2 สัปดาห์"},{"$i":"every-month","$v":"ทุกเดือน"},{"$i":"view-never","$v":"ซ้ำ: ไม่เคย"},{"$i":"view-every-day","$v":"ซ้ำ: รายวัน"},{"$i":"view-every-week","$v":"ซ้ำ: รายสัปดาห์"},{"$i":"view-every-2-weeks","$v":"ซ้ำ: ทุกสองสัปดาห์"},{"$i":"view-every-month","$v":"ซ้ำ: ต่อเดือน"},{"$i":"repeat-event-header","$v":"นี่เป็นเหตุการณ์ซ้ำ"},{"$i":"delete-this-only","$v":"ลบนี่เท่านั้น"},{"$i":"delete-all","$v":"ลบทั้งหมด"},{"$i":"event-edit-all","$v":"แก้ไขกิจกรรมทั้งหมด"},{"$i":"event-edit-all-future","$v":"แก้ไขกิจกรรมในอนาคตทั้งหมด"},{"$i":"options","$v":"ตัวเลือก"},{"$i":"event-delete-all","$v":"ลบกิจกรรมทั้งหมด"},{"$i":"event-delete-all-future","$v":"ลบกิจกรรมในอนาคตทั้งหมด"},{"$i":"delete-account","$v":"ลบบัญชี"},{"$i":"exchange-account","$v":"ActiveSync"},{"$i":"account-user-name","$v":"ชื่อผู้ใช้"},{"$i":"incorrect-password-description","$v":"ไม่สามารถลงชื่อเข้าใช้เซิร์ฟเวอร์ โปรดตรวจสอบให้แน่ใจว่ารหัสผ่านของคุณถูกต้อง"},{"$i":"incorrect-password","$v":"รหัสผ่านไม่ถูกต้อง"},{"$i":"account-duplicate","$v":"มีบัญชีนี้แล้ว เปิดระบบซิงก์ข้อมูล"},{"$i":"error-account","$v":"เซิร์ฟเวอร์ใช้งานไม่ได้ โปรดลองอีกครั้งในภายหลัง"},{"$i":"error-access-denied","$v":"เกิดข้อผิดพลาดที่ไม่ทราบสาเหตุ โปรดลองอีกครั้งภายหลัง"},{"$i":"error-time-out","$v":["ไม่สามารถเชื่อมต่อกับ \"",{"t":"idOrVar","v":"server"},"\" เกิดปัญหากับเครือข่าย"]},{"$i":"caldav-account-exist","$v":"มีบัญชีอยู่แล้ว"},{"$i":"save-password","$v":"บันทึกรหัสผ่านแล้ว"},{"$i":"account-login","$v":"ลงชื่อเข้าใช้บัญชี"},{"$i":"setting-up-account","$v":"การตั้งค่าบัญชี"},{"$i":"setup-account-usedInfo","$v":"บัญชีนี้จะถูกใช้โดยแอปด้านล่าง คุณสามารถเปลี่ยนได้ในการตั้งค่า > บัญชี"},{"$i":"app-calendar","$v":"ปฏิทิน"},{"$i":"show-today","$v":"วันนี้"},{"$i":"show-month-view","$v":"เดือน"},{"$i":"show-week-view","$v":"สัปดาห์"},{"$i":"show-day-view","$v":"วัน"},{"$i":"settings-show","$v":"การตั้งค่า"},{"$i":"settings-hide","$v":"ซ่อนการตั้งค่า"},{"$i":"add-account","$v":"เพิ่มบัญชี"},{"$i":"new-event","$v":"เพิ่มกิจกรรม"},{"$i":"view-event-header","$v":"รายละเอียดกิจกรรม"},{"$i":"new-event-header","$v":"เพิ่มกิจกรรม"},{"$i":"edit-event-header","$v":"แก้ไขกิจกรรม"},{"$i":"account-header","$v":"บัญชี"},{"$i":"account-list-header","$v":"บัญชี"},{"$i":"advanced-settings-short-icon-button","ariaLabel":"การตั้งค่า"},{"$i":"advanced-settings-header","$v":"การตั้งค่าปฏิทิน"},{"$i":"advanced-settings-personalization","$v":"ความถี่ในการอัปเดต"},{"$i":"advanced-settings-reminders","$v":"การเตือนความจำ"},{"$i":"advanced-settings-add-account","$v":"เพิ่มบัญชี"},{"$i":"field-user","$v":"ชื่อผู้ใช้"},{"$i":"field-password","$v":"รหัสผ่าน"},{"$i":"show-password","$v":"แสดงรหัสผ่าน"},{"$i":"field-full-url","$v":"URL"},{"$i":"modify-account-setting-up","$v":"โปรดรอขณะที่กำลังตั้งค่าบัญชีของคุณ"},{"$i":"modify-account-unable-to-sync","$v":"ไม่สามารถซิงค์ได้"},{"$i":"modify-account-sign-in","$v":"ลงชื่อเข้าใช้"},{"$i":"kai-caldav","$v":"CalDav"},{"$i":"kai-yahoo","$v":"Yahoo!"},{"$i":"kai-google","$v":"Google"},{"$i":"preset-mozilla","$v":"Mozilla Zimbra"},{"$i":"calendar-local","$v":"ปฏิทินโทรศัพท์"},{"$i":"event-title","$v":"ชื่อเรื่อง"},{"$i":"event-location","$v":"ตำแหน่งที่ตั้ง"},{"$i":"event-description","$v":"หมายเหตุ"},{"$i":"event-is-allday","$v":"กิจกรรมตลอดวัน"},{"$i":"event-start-date","$v":"วันที่เริ่มต้น"},{"$i":"event-end-date","$v":"วันสิ้นสุด"},{"$i":"event-start-time","$v":"เวลาที่เริ่มต้น"},{"$i":"event-end-time","$v":"เวลาสิ้นสุด"},{"$i":"event-delete","$v":"ลบกิจกรรม"},{"$i":"event-is-deleting","$v":"กำลังลบ..."},{"$i":"remove-account-data","$v":"ลบบัญชีออก"},{"$i":"remove-account-dialog","$v":"ลบบัญชี"},{"$i":"remove-account-dialog-details","$v":"ถ้าคุณลบบัญชีนี้ แอปที่ใช้บัญชีนี้จะได้รับผลกระทบเช่นกัน"},{"$i":"remove","$v":"ลบ"},{"$i":"drawer-sync-icon-button","ariaLabel":"ซิงค์"},{"$i":"sync-progress-syncing","ariaValueText":"กำลังซิงค์"},{"$i":"sync-progress-complete","ariaValueText":"การซิงค์เสร็จสิ้น"},{"$i":"sync-frequency","$v":"ซิงค์ปฏิทิน"},{"$i":"sync-frequency-15min","$v":"ทุก 15 นาที"},{"$i":"sync-frequency-30min","$v":"ทุก 30 นาที"},{"$i":"sync-frequency-manual","$v":"ด้วยตนเอง"},{"$i":"from","$v":"จาก"},{"$i":"to","$v":"ถึง"},{"$i":"one-day-duration-title","$v":[{"t":"idOrVar","v":"startDate"}]},{"$i":"one-day-duration-content","$v":["จาก ",{"t":"idOrVar","v":"startTime"}," ถึง ",{"t":"idOrVar","v":"endTime"}]},{"$i":"multiple-day-duration-title","$v":[{"t":"idOrVar","v":"startTime"}," ",{"t":"idOrVar","v":"startDate"}]},{"$i":"multiple-day-duration-content","$v":[{"t":"idOrVar","v":"endTime"}," ",{"t":"idOrVar","v":"endDate"}]},{"$i":"one-all-day-duration-title","$v":[{"t":"idOrVar","v":"startDate"}]},{"$i":"all-day-duration-content","$v":"กิจกรรมตลอดวัน"},{"$i":"multiple-all-day-duration-title","$v":["จาก ",{"t":"idOrVar","v":"startDate"}]},{"$i":"multiple-all-day-duration-content","$v":["ถึง ",{"t":"idOrVar","v":"endDate"}]},{"$i":"none","$v":"ไม่มี"},{"$i":"reminder","$v":"การแจ้งเตือนกิจกรรม"},{"$i":"remind-me","$v":"เตือนฉัน"},{"$i":"alarm-at-event-standard","$v":"ในเวลาที่จัดกิจกรรม"},{"$i":"alarm-at-event-allday","$v":"ในวันที่จัดกิจกรรม"},{"$i":"alarm-at-event-allday-hour12","$v":"ในวันของเหตุการณ์ (9:00 น.)"},{"$i":"alarm-at-event-allday-hour24","$v":"ในวันของเหตุการณ์ (09:00)"},{"$i":"alarm-start-notice","$v":[{"t":"idOrVar","v":"title"}," กำลังเริ่มต้น ",{"t":"idOrVar","v":"distance"}]},{"$i":"alarm-started-notice","$v":[{"t":"idOrVar","v":"title"}," เริ่มต้น ",{"t":"idOrVar","v":"distance"}]},{"$i":"alarm-start-notice-two-days","$v":[{"t":"idOrVar","v":"title"}," เริ่มทำงานในอีกสองวัน"]},{"$i":"alarm-start-notice-few-days","$v":[{"t":"idOrVar","v":"title"}," เริ่มทำงานใน ",{"t":"idOrVar","v":"distance"}]},{"$i":"days-before-hour12","$v":{"few":[{"t":"idOrVar","v":"value"}," วันก่อน (9:00 น.)"],"many":[{"t":"idOrVar","v":"value"}," วันก่อน (9:00 น.)"],"one":"1 วันก่อน (9:00 น.)","other":[{"t":"idOrVar","v":"value"}," วันก่อน (9:00 น.)"],"two":[{"t":"idOrVar","v":"value"}," วันก่อน (9:00 น.)"],"zero":"0 วันก่อน (9:00 น.)"},"$x":[{"t":"idOrVar","v":"plural"},"value"]},{"$i":"weeks-before-hour12","$v":{"few":[{"t":"idOrVar","v":"value"}," สัปดาห์ก่อน (9:00 น.)"],"many":[{"t":"idOrVar","v":"value"}," สัปดาห์ก่อน (9:00 น.)"],"one":"1 สัปดาห์ก่อน (9:00 น.)","other":[{"t":"idOrVar","v":"value"}," สัปดาห์ก่อน (9:00 น.)"],"two":[{"t":"idOrVar","v":"value"}," สัปดาห์ก่อน (9:00 น.)"],"zero":"0 สัปดาห์ก่อน (9:00 น.)"},"$x":[{"t":"idOrVar","v":"plural"},"value"]},{"$i":"days-before-hour24","$v":{"few":[{"t":"idOrVar","v":"value"}," วันก่อน (09:00)"],"many":[{"t":"idOrVar","v":"value"}," วันก่อน (09:00)"],"one":"1 วันก่อน (09:00)","other":[{"t":"idOrVar","v":"value"}," วันก่อน (09:00)"],"two":[{"t":"idOrVar","v":"value"}," วันก่อน (09:00)"],"zero":"0 วันก่อน (09:00)"},"$x":[{"t":"idOrVar","v":"plural"},"value"]},{"$i":"weeks-before-hour24","$v":{"few":[{"t":"idOrVar","v":"value"}," สัปดาห์ก่อน (09:00)"],"many":[{"t":"idOrVar","v":"value"}," สัปดาห์ก่อน (09:00)"],"one":"1 สัปดาห์ก่อน (09:00)","other":[{"t":"idOrVar","v":"value"}," สัปดาห์ก่อน (09:00)"],"two":[{"t":"idOrVar","v":"value"}," สัปดาห์ก่อน (09:00)"],"zero":"0 สัปดาห์ก่อน (09:00)"},"$x":[{"t":"idOrVar","v":"plural"},"value"]},{"$i":"minutes-before","$v":{"few":["อีก ",{"t":"idOrVar","v":"value"}," นาที"],"many":["อีก ",{"t":"idOrVar","v":"value"}," นาที"],"one":"อีก 1 นาที","other":["อีก ",{"t":"idOrVar","v":"value"}," นาที"],"two":["อีก ",{"t":"idOrVar","v":"value"}," นาที"],"zero":"อีก 0 นาที"},"$x":[{"t":"idOrVar","v":"plural"},"value"]},{"$i":"hours-before","$v":{"few":["อีก ",{"t":"idOrVar","v":"value"}," ชั่วโมง"],"many":["อีก ",{"t":"idOrVar","v":"value"}," ชั่วโมง"],"one":"อีก 1 ชั่วโมง","other":["อีก ",{"t":"idOrVar","v":"value"}," ชั่วโมง"],"two":["อีก ",{"t":"idOrVar","v":"value"}," ชั่วโมง"],"zero":"อีก 0 ชั่วโมง"},"$x":[{"t":"idOrVar","v":"plural"},"value"]},{"$i":"days-before","$v":{"few":["อีก ",{"t":"idOrVar","v":"value"}," วัน"],"many":["อีก ",{"t":"idOrVar","v":"value"}," วัน"],"one":"อีก 1 วัน","other":["อีก ",{"t":"idOrVar","v":"value"}," วัน"],"two":["อีก ",{"t":"idOrVar","v":"value"}," วัน"],"zero":"อีก 0 วัน"},"$x":[{"t":"idOrVar","v":"plural"},"value"]},{"$i":"weeks-before","$v":{"few":["อีก ",{"t":"idOrVar","v":"value"}," สัปดาห์"],"many":["อีก ",{"t":"idOrVar","v":"value"}," สัปดาห์"],"one":"อีก 1 สัปดาห์","other":["อีก ",{"t":"idOrVar","v":"value"}," สัปดาห์"],"two":["อีก ",{"t":"idOrVar","v":"value"}," สัปดาห์"],"zero":"อีก 0 สัปดาห์"},"$x":[{"t":"idOrVar","v":"plural"},"value"]},{"$i":"months-before","$v":{"few":["อีก ",{"t":"idOrVar","v":"value"}," เดือน"],"many":["อีก ",{"t":"idOrVar","v":"value"}," เดือน"],"one":"อีก 1 เดือน","other":["อีก ",{"t":"idOrVar","v":"value"}," เดือน"],"two":["อีก ",{"t":"idOrVar","v":"value"}," เดือน"],"zero":"อีก 0 เดือน"},"$x":[{"t":"idOrVar","v":"plural"},"value"]},{"$i":"years-before","$v":{"few":["อีก ",{"t":"idOrVar","v":"value"}," ปี"],"many":["อีก ",{"t":"idOrVar","v":"value"}," ปี"],"one":"อีก 1 ปี","other":["อีก ",{"t":"idOrVar","v":"value"}," ปี"],"two":["อีก ",{"t":"idOrVar","v":"value"}," ปี"],"zero":"อีก 0 ปี"},"$x":[{"t":"idOrVar","v":"plural"},"value"]},{"$i":"minutes-after","$v":{"few":[{"t":"idOrVar","v":"value"}," นาทีที่แล้ว"],"many":[{"t":"idOrVar","v":"value"}," นาทีที่แล้ว"],"one":"1 นาทีที่แล้ว","other":[{"t":"idOrVar","v":"value"}," นาทีที่แล้ว"],"two":[{"t":"idOrVar","v":"value"}," นาทีที่แล้ว"],"zero":"0 นาทีที่แล้ว"},"$x":[{"t":"idOrVar","v":"plural"},"value"]},{"$i":"hours-after","$v":{"few":[{"t":"idOrVar","v":"value"}," ชั่วโมงที่แล้ว"],"many":[{"t":"idOrVar","v":"value"}," ชั่วโมงที่แล้ว"],"one":"1 ชั่วโมงที่แล้ว","other":[{"t":"idOrVar","v":"value"}," ชั่วโมงที่แล้ว"],"two":[{"t":"idOrVar","v":"value"}," ชั่วโมงที่แล้ว"],"zero":"0 ชั่วโมงที่แล้ว"},"$x":[{"t":"idOrVar","v":"plural"},"value"]},{"$i":"days-after","$v":{"few":[{"t":"idOrVar","v":"value"}," วันที่แล้ว"],"many":[{"t":"idOrVar","v":"value"}," วันที่แล้ว"],"one":"1 วันที่แล้ว","other":[{"t":"idOrVar","v":"value"}," วันที่แล้ว"],"two":[{"t":"idOrVar","v":"value"}," วันที่แล้ว"],"zero":"0 วันที่แล้ว"},"$x":[{"t":"idOrVar","v":"plural"},"value"]},{"$i":"weeks-after","$v":{"few":[{"t":"idOrVar","v":"value"}," สัปดาห์ที่แล้ว"],"many":[{"t":"idOrVar","v":"value"}," สัปดาห์ที่แล้ว"],"one":"1 สัปดาห์ที่แล้ว","other":[{"t":"idOrVar","v":"value"}," สัปดาห์ที่แล้ว"],"two":[{"t":"idOrVar","v":"value"}," สัปดาห์ที่แล้ว"],"zero":"0 สัปดาห์ที่แล้ว"},"$x":[{"t":"idOrVar","v":"plural"},"value"]},{"$i":"months-after","$v":{"few":[{"t":"idOrVar","v":"value"}," เดือนที่แล้ว"],"many":[{"t":"idOrVar","v":"value"}," เดือนที่แล้ว"],"one":"1 เดือนที่แล้ว","other":[{"t":"idOrVar","v":"value"}," เดือนที่แล้ว"],"two":[{"t":"idOrVar","v":"value"}," เดือนที่แล้ว"],"zero":"0 เดือนที่แล้ว"},"$x":[{"t":"idOrVar","v":"plural"},"value"]},{"$i":"years-after","$v":{"few":[{"t":"idOrVar","v":"value"}," ปีที่แล้ว"],"many":[{"t":"idOrVar","v":"value"}," ปีที่แล้ว"],"one":"1 ปีที่แล้ว","other":[{"t":"idOrVar","v":"value"}," ปีที่แล้ว"],"two":[{"t":"idOrVar","v":"value"}," ปีที่แล้ว"],"zero":"0 ปีที่แล้ว"},"$x":[{"t":"idOrVar","v":"plural"},"value"]},{"$i":"hour-format12","$v":"%I %p"},{"$i":"hour-format24","$v":"%H"},{"$i":"week-hour-format12","$v":"%I %p"},{"$i":"week-hour-format24","$v":"%H"},{"$i":"hour-allday","$v":"ตลอดวัน"},{"$i":"kai-week-day","$v":"%a\\n%e"},{"$i":"current-time12","$v":"%I:%M"},{"$i":"current-time24","$v":"%H:%M"},{"$i":"multi-month-view-header-format","$v":"%B %Y"},{"$i":"day-view-header-format","$v":"%A, %B %e"},{"$i":"months-day-view-header-format","$v":"%A, %B %e"},{"$i":"months-day-view-header-format-small","$v":{"$o":"%a <br/> %b, %e"}},{"$i":"week-view-header-format","$v":["สัปดาห์ ",{"t":"idOrVar","v":"value"},", %B %Y"]},{"$i":"longDateFormat","$v":"%A, %B %e, %Y"},{"$i":"longTimeFormat","$v":"%A %B %d"},{"$i":"longTimeFormat12","$v":"%A %B %d %I %p"},{"$i":"longTimeFormat24","$v":"%A %B %d %H นาฬิกา"},{"$i":"weekTimeFormat12","$v":"%I %p"},{"$i":"weekTimeFormat24","$v":"%H น."},{"$i":"weekDayFormat","$v":"%A the %d"},{"$i":"alldayLongTimeFormat","$v":"%A %B %d ตลอดวัน"},{"$i":"dayHour12","$v":"%I %p"},{"$i":"dayHour24","$v":"%H น."},{"$i":"longDateTime12","$v":"%I %p, %a, %d %b, %Y"},{"$i":"longDateTime24","$v":"%H, %a, %d %b, %Y"},{"$i":"upcoming-events","$v":"กิจกรรมที่กำลังมีขึ้น"},{"$i":"search-results","$v":"ผลลัพธ์การค้นหา"},{"$i":"no-event-found","$v":"ไม่พบกิจกรรม"},{"$i":"longDateTimeNew12","$v":"%a, %B %e, %Y, %I:%M %p"},{"$i":"longDateTimeNew24","$v":"%a, %B %e, %Y, %H:%M"},{"$i":"error-start-date-after-end-date","$v":"กิจกรรมไม่สามารถสิ้นสุดได้ก่อนวันเริ่ม"},{"$i":"error-start-time-after-end-time","$v":"กิจกรรมไม่สามารถสิ้นสุดได้ก่อนเวลาเริ่ม"},{"$i":"error-unauthenticated","$v":"ชื่อผู้ใช้หรือรหัสผ่านไม่ถูกต้อง โปรดลองอีกครั้ง"},{"$i":"error-internal-server-error","$v":"เซิร์ฟเวอร์เกิดข้อผิดพลาด โปรดลองอีกครั้ง"},{"$i":"error-unkown","$v":"เซิร์ฟเวอร์ใช้งานไม่ได้ โปรดลองอีกครั้งใสภายหลัง"},{"$i":"error-default","$v":"มีบางสิ่งผิดพลาด ลองอีกครั้งภายหลัง"},{"$i":"error-offline","$v":"ไม่มีการเชื่อมต่ออินเทอร์เน็ต"},{"$i":"error-account-exist","$v":"มีบัญชีนี้อยู่แล้ว"},{"$i":"error-confirmation-title","$v":"ข้อผิดพลาด"},{"$i":"error-edit-online-event","$v":"แก้ไขกิจกรรมออนไลน์ไม่สำเร็จเพราะไม่มีสัญญาณเชื่อมต่ออินเทอร์เน็ต"},{"$i":"error-delete-online-event","$v":"ลบกิจกรรมออนไลน์ไม่สำเร็จเพราะไม่มีสัญญาณเชื่อมต่ออินเทอร์เน็ต"},{"$i":"notification-error-sync-title","$v":"การซิงค์ปฏิทินผิดพลาด"},{"$i":"notification-error-sync-description","$v":"แตะเพื่อรับข้อมูลเพิ่ม"},{"$i":"notification-error-caldav-sync-title","$v":"บัญชีเกิดข้อผิดพลาด"},{"$i":"notification-error-caldav-sync-description","$v":"เข้าสู่ระบบอีกครั้ง"},{"$i":"weekday-0-single-char","$v":"อา.","ariaLabel":"อาทิตย์"},{"$i":"weekday-1-single-char","$v":"จ.","ariaLabel":"จันทร์"},{"$i":"weekday-2-single-char","$v":"อ.","ariaLabel":"อังคาร"},{"$i":"weekday-3-single-char","$v":"พ.","ariaLabel":"พุธ"},{"$i":"weekday-4-single-char","$v":"พฤ.","ariaLabel":"พฤหัสบดี"},{"$i":"weekday-5-single-char","$v":"ศ.","ariaLabel":"ศุกร์"},{"$i":"weekday-6-single-char","$v":"ส.","ariaLabel":"เสาร์"},{"$i":"busy","$v":{"few":[{"t":"idOrVar","v":"n"}," กิจกรรม"],"many":[{"t":"idOrVar","v":"n"}," กิจกรรม"],"one":[{"t":"idOrVar","v":"n"}," กิจกรรม"],"other":[{"t":"idOrVar","v":"n"}," กิจกรรม"],"two":[{"t":"idOrVar","v":"n"}," กิจกรรม"],"zero":"ไม่มีกิจกรรม"},"$x":[{"t":"idOrVar","v":"plural"},"n"]},{"$i":"present","ariaLabel":"วันนี้"},{"$i":"past-other-month-description","ariaLabel":"เดือนอื่น"},{"$i":"future-other-month-description","ariaLabel":"เดือนอื่น"},{"$i":"icon-calendar-alarm","ariaLabel":"มีการปลุก"},{"$i":"calendars","ariaLabel":"ปฏิทิน"},{"$i":"multi-day-new-event-link","ariaLabel":"เพิ่มกิจกรรม"},{"$i":"title","ariaLabel":"ชื่อเรื่อง"},{"$i":"location","ariaLabel":"ตำแหน่งที่ตั้ง"},{"$i":"duration","ariaLabel":"ระยะเวลา"},{"$i":"calendar","ariaLabel":"ปฏิทิน"},{"$i":"alarms","ariaLabel":"การปลุก"},{"$i":"description","ariaLabel":"คำอธิบาย"},{"$i":"start-date","ariaLabel":"วันที่เริ่มต้น"},{"$i":"start-time","ariaLabel":"เวลาที่เริ่มต้น"},{"$i":"end-date","ariaLabel":"วันสิ้นสุด"},{"$i":"end-time","ariaLabel":"เวลาสิ้นสุด"},{"$i":"during-progress-loading","ariaValueText":"กำลังโหลด"},{"$i":"all-day","ariaLabel":"ตลอดวัน"},{"$i":"create-event","ariaLabel":"สร้างกิจกรรม"},{"$i":"create-all-day-event","ariaLabel":"สร้างกิจกรรมตลอดวัน"},{"$i":"event-one-day-duration","ariaLabel":["ตั้งแต่ ",{"t":"idOrVar","v":"startTime"}," ถึง ",{"t":"idOrVar","v":"endTime"}]},{"$i":"week-event-one-day-duration","ariaLabel":[{"t":"idOrVar","v":"startDate"}," ตั้งแต่ ",{"t":"idOrVar","v":"startTime"}," ถึง ",{"t":"idOrVar","v":"endTime"}]},{"$i":"event-multiple-day-duration","ariaLabel":["ตั้งแต่ ",{"t":"idOrVar","v":"startTime"}," ",{"t":"idOrVar","v":"startDate"}," ถึง ",{"t":"idOrVar","v":"endTime"}," ",{"t":"idOrVar","v":"endDate"}]},{"$i":"kai-event-added","$v":"เพิ่มกิจกรรมแล้ว"},{"$i":"kai-event-updated","$v":"อัปเดตกิจกรรมแล้ว"},{"$i":"kai-event-deleted","$v":"ลบกิจกรรมแล้ว"},{"$i":"kai-change-save","$v":"บันทึกการเปลี่ยนแปลงแล้ว"},{"$i":"event-sync-failure","$v":"ไม่สามารถซิงก์ปฏิทินออนไลน์"},{"$i":"kai-event-calendar","$v":"ปฏิทิน"},{"$i":"kai-single-event","$v":"กิจกรรม"},{"$i":"kai-event-count","$v":"กิจกรรม"},{"$i":"kai-sync-progress-syncing","$v":"กำลังซิงค์"},{"$i":"kai-sync-progress-complete","$v":"ปฏิทินเป็นปัจจุบันแล้ว"},{"$i":"kai-settings-sounds","$v":"เสียง"},{"$i":"kai-tones","$v":"แบบเสียง"},{"$i":"kai-multi-events","$v":"กิจกรรม"},{"$i":"kai-confirmation-title","$v":"การยืนยัน"},{"$i":"kai-delete-selectedEvent-confirmation","$v":"ลบกิจกรรมเลือกหรือไม่"},{"$i":"kai-deleteEvent-confirmation","$v":"ลบกิจกรรมหรือไม่"},{"$i":"kai-event-search-header","$v":"ค้นหา","placeholder":"ค้นหา"},{"$i":"kai-event-search-upcoming-events","$v":"กิจกรรมที่กำลังมีขึ้น"},{"$i":"kai-delete","$v":"ลบ"},{"$i":"kai-cancel","$v":"ยกเลิก"},{"$i":"kai-dialog-delete-sel","$v":"แน่ใจหรือว่าคุณต้องการลกิจกรรมที่เลือก"},{"$i":"kai-delete-title","$v":"ลบกิจกรรม"},{"$i":"kai-save-changes","$v":"บันทึกการเปลี่ยนแปลงหรือไม่"},{"$i":"kai-save-message-back","$v":"ข้อมูลทั้งหมดที่ป้องจะสูญหาย บันทึกการเปลี่ยนแปลงเหล่านี้หรือไม่"},{"$i":"kai-save-message-close","$v":"แอปพลิเคชันจะถูกปิด และข้อความจะสูญหาย บันทึกการเปลี่ยนแปลงเหล่านี้หรือไม่"},{"$i":"yes","$v":"ใช่"},{"$i":"no","$v":"ไม่ใช่"},{"$i":"confirmation","$v":"การยืนยัน"},{"$i":"ok","$v":"ตกลง"},{"$i":"delete-event","$v":"ลบกิจกรรมหรือไม่"},{"$i":"edit-event-no-net","$v":"แก้ไขกิจกรรมออนไลน์ไม่สำเร็จเพราะไม่มีสัญญาณเชื่อมต่ออินเทอร์เน็ต"},{"$i":"kai-settings-header","$v":"ปฏิทินที่แสดง"},{"$i":"kai-syncing","$v":"กำลังซิงค์..."},{"$i":"kai-syncing-header","$v":"ซิงค์บัญชี"},{"$i":"select","$v":"เลือก"},{"$i":"add-event","$v":"เพิ่ม"},{"$i":"week-view","$v":"การดูรายสัปดาห์"},{"$i":"day-view","$v":"ดูแบบวัน"},{"$i":"month-view","$v":"ดูแบบเดือน"},{"$i":"today","$v":"วันนี้"},{"$i":"go","$v":"ไปที่วันที่"},{"$i":"search","$v":"ค้นหา"},{"$i":"calendar-to-display","$v":"ปฏิทินที่แสดง"},{"$i":"settings","$v":"การตั้งค่า"},{"$i":"delete","$v":"ลบ"},{"$i":"enter","$v":"ป้อน"},{"$i":"sync-calendar","$v":"ซิงค์ปฏิทิน"},{"$i":"lunar-calendar","$v":"วันตามจันทรคติ"},{"$i":"present-description","$v":["วันนี้ ",{"t":"idOrVar","v":"Weekday"}," ที่ ",{"t":"idOrVar","v":"date"}]},{"$i":"day-description","$v":[{"t":"idOrVar","v":"weekday"}," ที่ ",{"t":"idOrVar","v":"date"}]},{"$i":"weekday-5","$v":"ศุกร์"},{"$i":"weekday-4","$v":"พฤหัสบดี"},{"$i":"weekday-3","$v":"พุธ"},{"$i":"weekday-2","$v":"อังคาร"},{"$i":"weekday-1","$v":"จันทร์"},{"$i":"weekday-0","$v":"อาทิตย์"},{"$i":"weekday-6","$v":"เสาร์"},{"$i":"no-title","$v":"(ชื่อเรื่อง)"},{"$i":"weekday-0-long","$v":"อาทิตย์"},{"$i":"weekday-1-long","$v":"จันทร์"},{"$i":"weekday-2-long","$v":"อังคาร"},{"$i":"weekday-3-long","$v":"พุธ"},{"$i":"weekday-4-long","$v":"พฤหัสบดี"},{"$i":"weekday-5-long","$v":"ศุกร์"},{"$i":"weekday-6-long","$v":"เสาร์"},{"$i":"weekday-0-short","$v":"อาทิตย์"},{"$i":"weekday-1-short","$v":"จันทร์"},{"$i":"weekday-2-short","$v":"อังคาร"},{"$i":"weekday-3-short","$v":"พุธ"},{"$i":"weekday-4-short","$v":"พฤหัสบดี"},{"$i":"weekday-5-short","$v":"ศุกร์"},{"$i":"weekday-6-short","$v":"เสาร์"},{"$i":"month-0-long","$v":"มกราคม"},{"$i":"month-1-long","$v":"กุมภาพันธ์"},{"$i":"month-2-long","$v":"มีนาคม"},{"$i":"month-3-long","$v":"เมษายน"},{"$i":"month-4-long","$v":"พฤษภาคม"},{"$i":"month-5-long","$v":"มิถุนายน"},{"$i":"month-6-long","$v":"กรกฎาคม"},{"$i":"month-7-long","$v":"สิงหาคม"},{"$i":"month-8-long","$v":"กันยายน"},{"$i":"month-9-long","$v":"ตุลาคม"},{"$i":"month-10-long","$v":"พฤศจิกายน"},{"$i":"month-11-long","$v":"ธันวาคม"},{"$i":"month-0-genitive","$v":"มกราคม"},{"$i":"month-1-genitive","$v":"กุมภาพันธ์"},{"$i":"month-2-genitive","$v":"มีนาคม"},{"$i":"month-3-genitive","$v":"เมษายน"},{"$i":"month-4-genitive","$v":"พฤษภาคม"},{"$i":"month-5-genitive","$v":"มิถุนายน"},{"$i":"month-6-genitive","$v":"กรกฎาคม"},{"$i":"month-7-genitive","$v":"สิงหาคม"},{"$i":"month-8-genitive","$v":"กันยายน"},{"$i":"month-9-genitive","$v":"ตุลาคม"},{"$i":"month-10-genitive","$v":"พฤศจิกายน"},{"$i":"month-11-genitive","$v":"ธันวาคม"},{"$i":"month-0-short","$v":"ม.ค."},{"$i":"month-1-short","$v":"ก.พ."},{"$i":"month-2-short","$v":"มี.ค."},{"$i":"month-3-short","$v":"เม.ย."},{"$i":"month-4-short","$v":"พ.ค."},{"$i":"month-5-short","$v":"มิ.ย."},{"$i":"month-6-short","$v":"ก.ค."},{"$i":"month-7-short","$v":"ส.ค."},{"$i":"month-8-short","$v":"ก.ย."},{"$i":"month-9-short","$v":"ต.ค."},{"$i":"month-10-short","$v":"พ.ย."},{"$i":"month-11-short","$v":"ธ.ค."},{"$i":"minutes-ago-long","$v":{"few":[{"t":"idOrVar","v":"value"}," นาทีที่แล้ว"],"many":[{"t":"idOrVar","v":"value"}," นาทีที่แล้ว"],"one":"1 นาทีที่แล้ว","other":[{"t":"idOrVar","v":"value"}," นาทีที่แล้ว"],"two":[{"t":"idOrVar","v":"value"}," นาทีที่แล้ว"],"zero":"เมื่อสักครู่"},"$x":[{"t":"idOrVar","v":"plural"},"value"]},{"$i":"hours-ago-long","$v":{"few":[{"t":"idOrVar","v":"value"}," ชั่วโมงที่แล้ว"],"many":[{"t":"idOrVar","v":"value"}," ชั่วโมงที่แล้ว"],"one":"ชั่วโมงที่แล้ว","other":[{"t":"idOrVar","v":"value"}," ชั่วโมงที่แล้ว"],"two":[{"t":"idOrVar","v":"value"}," ชั่วโมงที่แล้ว"],"zero":"เมื่อสักครู่"},"$x":[{"t":"idOrVar","v":"plural"},"value"]},{"$i":"days-ago-long","$v":{"few":[{"t":"idOrVar","v":"value"}," วันที่แล้ว"],"many":[{"t":"idOrVar","v":"value"}," วันที่แล้ว"],"one":"เมื่อวานนี้","other":[{"t":"idOrVar","v":"value"}," วันที่แล้ว"],"two":[{"t":"idOrVar","v":"value"}," วันที่แล้ว"],"zero":"วันนี้"},"$x":[{"t":"idOrVar","v":"plural"},"value"]},{"$i":"weeks-ago-long","$v":{"few":[{"t":"idOrVar","v":"value"}," สัปดาห์ที่แล้ว"],"many":[{"t":"idOrVar","v":"value"}," สัปดาห์ที่แล้ว"],"one":"สัปดาห์ที่แล้ว","other":[{"t":"idOrVar","v":"value"}," สัปดาห์ที่แล้ว"],"two":[{"t":"idOrVar","v":"value"}," สัปดาห์ที่แล้ว"],"zero":"สัปดาห์นี้"},"$x":[{"t":"idOrVar","v":"plural"},"value"]},{"$i":"months-ago-long","$v":{"few":[{"t":"idOrVar","v":"value"}," เดือนที่แล้ว"],"many":[{"t":"idOrVar","v":"value"}," เดือนที่แล้ว"],"one":"เดือนที่แล้ว","other":[{"t":"idOrVar","v":"value"}," เดือนที่แล้ว"],"two":[{"t":"idOrVar","v":"value"}," เดือนที่แล้ว"],"zero":"เดือนนี้"},"$x":[{"t":"idOrVar","v":"plural"},"value"]},{"$i":"years-ago-long","$v":{"few":[{"t":"idOrVar","v":"value"}," ปีที่แล้ว"],"many":[{"t":"idOrVar","v":"value"}," ปีที่แล้ว"],"one":"ปีที่แล้ว","other":[{"t":"idOrVar","v":"value"}," ปีที่แล้ว"],"two":[{"t":"idOrVar","v":"value"}," ปีที่แล้ว"],"zero":"ปีนี้"},"$x":[{"t":"idOrVar","v":"plural"},"value"]},{"$i":"minutes-until-long","$v":{"few":["ใน ",{"t":"idOrVar","v":"value"}," นาที"],"many":["ใน ",{"t":"idOrVar","v":"value"}," นาที"],"one":"ใน 1 นาที","other":["ใน ",{"t":"idOrVar","v":"value"}," นาที"],"two":["ใน ",{"t":"idOrVar","v":"value"}," นาที"],"zero":"ตอนนี้"},"$x":[{"t":"idOrVar","v":"plural"},"value"]},{"$i":"hours-until-long","$v":{"few":["ใน ",{"t":"idOrVar","v":"value"}," ชั่วโมง"],"many":["ใน ",{"t":"idOrVar","v":"value"}," ชั่วโมง"],"one":"ใน 1 ชั่วโมง","other":["ใน ",{"t":"idOrVar","v":"value"}," ชั่วโมง"],"two":["ใน ",{"t":"idOrVar","v":"value"}," ชั่วโมง"],"zero":"ตอนนี้"},"$x":[{"t":"idOrVar","v":"plural"},"value"]},{"$i":"days-until-long","$v":{"few":["ใน ",{"t":"idOrVar","v":"value"}," วัน"],"many":["ใน ",{"t":"idOrVar","v":"value"}," วัน"],"one":"พรุ่งนี้","other":["ใน ",{"t":"idOrVar","v":"value"}," วัน"],"two":["ใน ",{"t":"idOrVar","v":"value"}," วัน"],"zero":"วันนี้"},"$x":[{"t":"idOrVar","v":"plural"},"value"]},{"$i":"weeks-until-long","$v":{"few":["ใน ",{"t":"idOrVar","v":"value"}," สัปดาห์"],"many":["ใน ",{"t":"idOrVar","v":"value"}," สัปดาห์"],"one":"สัปดาห์ถัดไป","other":["ใน ",{"t":"idOrVar","v":"value"}," สัปดาห์"],"two":["ใน ",{"t":"idOrVar","v":"value"}," สัปดาห์"],"zero":"สัปดาห์นี้"},"$x":[{"t":"idOrVar","v":"plural"},"value"]},{"$i":"months-until-long","$v":{"few":["ใน ",{"t":"idOrVar","v":"value"}," เดือน"],"many":["ใน ",{"t":"idOrVar","v":"value"}," เดือน"],"one":"เดือนถัดไป","other":["ใน ",{"t":"idOrVar","v":"value"}," เดือน"],"two":["ใน ",{"t":"idOrVar","v":"value"}," เดือน"],"zero":"เดือนนี้"},"$x":[{"t":"idOrVar","v":"plural"},"value"]},{"$i":"years-until-long","$v":{"few":["ใน ",{"t":"idOrVar","v":"value"}," ปี"],"many":["ใน ",{"t":"idOrVar","v":"value"}," ปี"],"one":"ปีถัดไป","other":["ใน ",{"t":"idOrVar","v":"value"}," ปี"],"two":["ใน ",{"t":"idOrVar","v":"value"}," ปี"],"zero":"ปีนี้"},"$x":[{"t":"idOrVar","v":"plural"},"value"]},{"$i":"minutes-ago-short","$v":{"other":[{"t":"idOrVar","v":"value"}," นาทีที่แล้ว"],"zero":"เมื่อสักครู่"},"$x":[{"t":"idOrVar","v":"plural"},"value"]},{"$i":"hours-ago-short","$v":{"other":[{"t":"idOrVar","v":"value"}," ชั่วโมงที่แล้ว"],"zero":"เมื่อสักครู่"},"$x":[{"t":"idOrVar","v":"plural"},"value"]},{"$i":"days-ago-short","$v":{"other":[{"t":"idOrVar","v":"value"}," วันที่แล้ว"],"zero":"วันนี้"},"$x":[{"t":"idOrVar","v":"plural"},"value"]},{"$i":"minutes-until-short","$v":{"other":["ใน ",{"t":"idOrVar","v":"value"}," นาที"],"zero":"ตอนนี้"},"$x":[{"t":"idOrVar","v":"plural"},"value"]},{"$i":"hours-until-short","$v":{"other":["ใน ",{"t":"idOrVar","v":"value"}," ชั่วโมง"],"zero":"ตอนนี้"},"$x":[{"t":"idOrVar","v":"plural"},"value"]},{"$i":"days-until-short","$v":{"other":["ใน ",{"t":"idOrVar","v":"value"}," วัน"],"zero":"วันนี้"},"$x":[{"t":"idOrVar","v":"plural"},"value"]},{"$i":"incorrectDate","$v":"(วันที่ไม่ถูกต้อง)"},{"$i":"dateTimeFormat_%c","$v":"%a %b %e %Y %I:%M:%S %p"},{"$i":"dateTimeFormat_%x","$v":"%d/%m/%Y"},{"$i":"dateTimeFormat_%X","$v":"%I:%M:%S %p"},{"$i":"shortTimeFormat","$v":"%I:%M %p"},{"$i":"shortTimeFormat12","$v":"%I:%M %p"},{"$i":"shortTimeFormat24","$v":"%H:%M"},{"$i":"shortDateTimeFormat","$v":"%x %I:%M %p"},{"$i":"weekStartsOnMonday","$v":"0.0"},{"$i":"firstDayOfTheWeek","$v":"0.0"},{"$i":"time_am","$v":"AM"},{"$i":"time_pm","$v":"PM"},{"$i":"softkey-options","$v":"ตัวเลือก"}]