[{"$i":"back","$v":"Назад"},{"$i":"save","$v":"Зберегти"},{"$i":"cancel","$v":"Скасувати"},{"$i":"next","$v":"Далі"},{"$i":"hide","$v":"Приховати"},{"$i":"confirm","$v":"Підтвердити"},{"$i":"done","$v":"Готово"},{"$i":"events","$v":"Нагадування про події"},{"$i":"edit","$v":"Редагувати"},{"$i":"allday-events","$v":"Нагадування про події на весь день"},{"$i":"no-events","$v":"Подій немає"},{"$i":"default","$v":"За умовчанням"},{"$i":"sync","$v":"Синхронізувати"},{"$i":"repeat","$v":"Повторити"},{"$i":"never","$v":"Ніколи"},{"$i":"every-day","$v":"Щодня"},{"$i":"every-week","$v":"Щотижня"},{"$i":"every-2-weeks","$v":"Кожні 2 тижні"},{"$i":"every-month","$v":"Щомісяця"},{"$i":"view-never","$v":"Повторити: Ніколи"},{"$i":"view-every-day","$v":"Повторити: щодня"},{"$i":"view-every-week","$v":"Повторити: щотижня"},{"$i":"view-every-2-weeks","$v":"Повторення: кожні два тижні"},{"$i":"view-every-month","$v":"Повторити: щомісяця"},{"$i":"repeat-event-header","$v":"Це повторювана подія."},{"$i":"delete-this-only","$v":"Видаліть це лише"},{"$i":"delete-all","$v":"Видалити все"},{"$i":"event-edit-all","$v":"Редагувати всі події"},{"$i":"event-edit-all-future","$v":"Редагувати всі майбутні події"},{"$i":"options","$v":"Опції"},{"$i":"event-delete-all","$v":"Видалити все"},{"$i":"event-delete-all-future","$v":"Видалити всі майбутні події"},{"$i":"delete-account","$v":"Видалити обліковий запис"},{"$i":"exchange-account","$v":"ActiveSync"},{"$i":"account-user-name","$v":"Ім’я користувача"},{"$i":"incorrect-password-description","$v":"Помилка входу на сервер. Введіть пароль іще раз."},{"$i":"incorrect-password","$v":"Неправильний пароль. Спробуйте ще раз."},{"$i":"account-duplicate","$v":"Обліковий запис уже існує. Синхр. ввімкнено."},{"$i":"error-account","$v":"Сервер недоступний. Повторіть спробу пізніше."},{"$i":"error-access-denied","$v":"Сталася невідома помилка, спробуйте знову пізніше."},{"$i":"error-time-out","$v":["Не вдалося встановити з’єднання із сервером ",{"t":"idOrVar","v":"server"},". Можливо, сталася помилка мережі."]},{"$i":"caldav-account-exist","$v":"Цей облік. запис вже існує."},{"$i":"save-password","$v":"Пароль збережено."},{"$i":"account-login","$v":"Вхід до облікового запису"},{"$i":"setting-up-account","$v":"Настроювання облікового запису"},{"$i":"setup-account-usedInfo","$v":"Цей обліковий запис використовуватиметься вказаними нижче програмами. Щоб змінити це, перейдіть у розділ \"Настройки\" > \"Обліковий запис\"."},{"$i":"app-calendar","$v":"Календар"},{"$i":"show-today","$v":"Сьогодні"},{"$i":"show-month-view","$v":"Місяць"},{"$i":"show-week-view","$v":"Тиждень"},{"$i":"show-day-view","$v":"День"},{"$i":"settings-show","$v":"Настройки"},{"$i":"settings-hide","$v":"Приховати настройки"},{"$i":"add-account","$v":"Додати облік. запис"},{"$i":"new-event","$v":"Додати подію"},{"$i":"view-event-header","$v":"Деталі події"},{"$i":"new-event-header","$v":"Додати подію"},{"$i":"edit-event-header","$v":"Редагувати подію"},{"$i":"account-header","$v":"Обліковий запис"},{"$i":"account-list-header","$v":"Облік. записи"},{"$i":"advanced-settings-short-icon-button","ariaLabel":"Настройки"},{"$i":"advanced-settings-header","$v":"Настройки календаря"},{"$i":"advanced-settings-personalization","$v":"Частота оновлення"},{"$i":"advanced-settings-reminders","$v":"Нагадування"},{"$i":"advanced-settings-add-account","$v":"Додати облік. запис"},{"$i":"field-user","$v":"Ім’я користувача"},{"$i":"field-password","$v":"Пароль"},{"$i":"show-password","$v":"Відобразити пароль"},{"$i":"field-full-url","$v":"URL-адреса"},{"$i":"modify-account-setting-up","$v":"Зачекайте, поки налаштується облік. запис"},{"$i":"modify-account-unable-to-sync","$v":"Не вдалося виконати синхронізацію"},{"$i":"modify-account-sign-in","$v":"Вхід"},{"$i":"kai-caldav","$v":"CalDav"},{"$i":"kai-yahoo","$v":"Yahoo!"},{"$i":"kai-google","$v":"Google"},{"$i":"preset-mozilla","$v":"Mozilla Zimbra"},{"$i":"calendar-local","$v":"Календар телефону"},{"$i":"event-title","$v":"Заголовок"},{"$i":"event-location","$v":"Розташування"},{"$i":"event-description","$v":"Нотатки"},{"$i":"event-is-allday","$v":"Подія на весь день"},{"$i":"event-start-date","$v":"Дата початку"},{"$i":"event-end-date","$v":"Дата завершення"},{"$i":"event-start-time","$v":"Час запуску"},{"$i":"event-end-time","$v":"Час завершення"},{"$i":"event-delete","$v":"Видалити подію"},{"$i":"event-is-deleting","$v":"Видалення…"},{"$i":"remove-account-data","$v":"Видалити облік. запис календаря"},{"$i":"remove-account-dialog","$v":"Видалити облік. запис"},{"$i":"remove-account-dialog-details","$v":["Видалити \"",{"t":"idOrVar","v":"email"},"\" з пристрою?"]},{"$i":"remove","$v":"Видалити"},{"$i":"drawer-sync-icon-button","ariaLabel":"Синхронізувати"},{"$i":"sync-progress-syncing","ariaValueText":"Синхронізація"},{"$i":"sync-progress-complete","ariaValueText":"Синхронізацію завершено"},{"$i":"sync-frequency","$v":"Синхронізувати календар"},{"$i":"sync-frequency-15min","$v":"Кожні 15 хвилин"},{"$i":"sync-frequency-30min","$v":"Кожні 30 хвилин"},{"$i":"sync-frequency-manual","$v":"Уручну"},{"$i":"from","$v":"Від"},{"$i":"to","$v":"Кому"},{"$i":"one-day-duration-title","$v":[{"t":"idOrVar","v":"startDate"}]},{"$i":"one-day-duration-content","$v":[{"t":"idOrVar","v":"startTime"},"–",{"t":"idOrVar","v":"endTime"}]},{"$i":"multiple-day-duration-title","$v":[{"t":"idOrVar","v":"startTime"}," ",{"t":"idOrVar","v":"startDate"}]},{"$i":"multiple-day-duration-content","$v":[{"t":"idOrVar","v":"endTime"}," ",{"t":"idOrVar","v":"endDate"}]},{"$i":"one-all-day-duration-title","$v":[{"t":"idOrVar","v":"startDate"}]},{"$i":"all-day-duration-content","$v":"Подія на весь день"},{"$i":"multiple-all-day-duration-title","$v":["Від ",{"t":"idOrVar","v":"startDate"}]},{"$i":"multiple-all-day-duration-content","$v":["До ",{"t":"idOrVar","v":"endDate"}]},{"$i":"none","$v":"Немає"},{"$i":"reminder","$v":"Нагадування про подію"},{"$i":"remind-me","$v":"Нагадати"},{"$i":"alarm-at-event-standard","$v":"Під час події"},{"$i":"alarm-at-event-allday","$v":"У день події"},{"$i":"alarm-at-event-allday-hour12","$v":"У день події (9:00 дп)"},{"$i":"alarm-at-event-allday-hour24","$v":"У день події (09:00)"},{"$i":"alarm-start-notice","$v":[{"t":"idOrVar","v":"title"}," – розпочинається (",{"t":"idOrVar","v":"distance"},")"]},{"$i":"alarm-started-notice","$v":[{"t":"idOrVar","v":"title"}," – вже триває (",{"t":"idOrVar","v":"distance"},")"]},{"$i":"alarm-start-notice-two-days","$v":[{"t":"idOrVar","v":"title"}," розпочнеться через два дні"]},{"$i":"alarm-start-notice-few-days","$v":[{"t":"idOrVar","v":"title"}," – розпочинається (",{"t":"idOrVar","v":"distance"},")"]},{"$i":"days-before-hour12","$v":{"few":[{"t":"idOrVar","v":"value"}," дні до початку (9:00 дп)"],"many":[{"t":"idOrVar","v":"value"}," днів до початку (9:00 дп)"],"one":"1 день до початку (9:00 дп)","other":[{"t":"idOrVar","v":"value"}," дня до початку (9:00 дп)"],"two":[{"t":"idOrVar","v":"value"}," дні до початку (9:00 дп)"],"zero":"0 днів до початку (9:00 дп)"},"$x":[{"t":"idOrVar","v":"plural"},"value"]},{"$i":"weeks-before-hour12","$v":{"few":[{"t":"idOrVar","v":"value"}," тижні до початку (9:00 дп)"],"many":[{"t":"idOrVar","v":"value"}," тижнів до початку (9:00 дп)"],"one":"1 тиждень до початку (9:00 дп)","other":[{"t":"idOrVar","v":"value"}," тижня до початку (9:00 дп)"],"two":[{"t":"idOrVar","v":"value"}," тижні до початку (9:00 дп)"],"zero":"0 тижнів до початку (9:00 дп)"},"$x":[{"t":"idOrVar","v":"plural"},"value"]},{"$i":"days-before-hour24","$v":{"few":[{"t":"idOrVar","v":"value"}," дні до початку (09:00)"],"many":[{"t":"idOrVar","v":"value"}," днів до початку (09:00)"],"one":"1 день до початку (09:00)","other":[{"t":"idOrVar","v":"value"}," дня до початку (09:00)"],"two":[{"t":"idOrVar","v":"value"}," дні до початку (09:00)"],"zero":"0 днів до початку (09:00)"},"$x":[{"t":"idOrVar","v":"plural"},"value"]},{"$i":"weeks-before-hour24","$v":{"few":[{"t":"idOrVar","v":"value"}," тижні до початку (09:00)"],"many":[{"t":"idOrVar","v":"value"}," тижнів до початку (09:00)"],"one":"1 тиждень до початку (09:00)","other":[{"t":"idOrVar","v":"value"}," тижня до початку (09:00)"],"two":[{"t":"idOrVar","v":"value"}," тижні до початку (09:00)"],"zero":"0 тижнів до початку (09:00)"},"$x":[{"t":"idOrVar","v":"plural"},"value"]},{"$i":"minutes-before","$v":{"few":[{"t":"idOrVar","v":"value"}," хвилини тому"],"many":[{"t":"idOrVar","v":"value"}," хвилин тому"],"one":"1 хвилину тому","other":[{"t":"idOrVar","v":"value"}," хвилини тому"],"two":[{"t":"idOrVar","v":"value"}," хвилини тому"],"zero":"0 хвилин тому"},"$x":[{"t":"idOrVar","v":"plural"},"value"]},{"$i":"hours-before","$v":{"few":[{"t":"idOrVar","v":"value"}," години тому"],"many":[{"t":"idOrVar","v":"value"}," годин тому"],"one":"1 годину тому","other":[{"t":"idOrVar","v":"value"}," години тому"],"two":[{"t":"idOrVar","v":"value"}," години тому"],"zero":"0 годин тому"},"$x":[{"t":"idOrVar","v":"plural"},"value"]},{"$i":"days-before","$v":{"few":[{"t":"idOrVar","v":"value"}," дні тому"],"many":[{"t":"idOrVar","v":"value"}," днів тому"],"one":"1 день тому","other":[{"t":"idOrVar","v":"value"}," дня тому"],"two":[{"t":"idOrVar","v":"value"}," дні тому"],"zero":"0 днів тому"},"$x":[{"t":"idOrVar","v":"plural"},"value"]},{"$i":"weeks-before","$v":{"few":[{"t":"idOrVar","v":"value"}," тижні тому"],"many":[{"t":"idOrVar","v":"value"}," тижнів тому"],"one":"1 тиждень тому","other":[{"t":"idOrVar","v":"value"}," тижня тому"],"two":[{"t":"idOrVar","v":"value"}," тижні тому"],"zero":"0 тижнів тому"},"$x":[{"t":"idOrVar","v":"plural"},"value"]},{"$i":"months-before","$v":{"few":[{"t":"idOrVar","v":"value"}," місяці тому"],"many":[{"t":"idOrVar","v":"value"}," місяців тому"],"one":"1 місяць тому","other":[{"t":"idOrVar","v":"value"}," місяця тому"],"two":[{"t":"idOrVar","v":"value"}," місяці тому"],"zero":"0 місяців тому"},"$x":[{"t":"idOrVar","v":"plural"},"value"]},{"$i":"years-before","$v":{"few":[{"t":"idOrVar","v":"value"}," роки тому"],"many":[{"t":"idOrVar","v":"value"}," років тому"],"one":"1 рік тому","other":[{"t":"idOrVar","v":"value"}," року тому"],"two":[{"t":"idOrVar","v":"value"}," роки тому"],"zero":"0 років тому"},"$x":[{"t":"idOrVar","v":"plural"},"value"]},{"$i":"minutes-after","$v":{"few":[{"t":"idOrVar","v":"value"}," хвилини потому"],"many":[{"t":"idOrVar","v":"value"}," хвилин потому"],"one":"1 хвилину потому","other":[{"t":"idOrVar","v":"value"}," хвилини потому"],"two":[{"t":"idOrVar","v":"value"}," хвилини потому"],"zero":"0 хвилин потому"},"$x":[{"t":"idOrVar","v":"plural"},"value"]},{"$i":"hours-after","$v":{"few":[{"t":"idOrVar","v":"value"}," години потому"],"many":[{"t":"idOrVar","v":"value"}," годин потому"],"one":"1 годину потому","other":[{"t":"idOrVar","v":"value"}," години потому"],"two":[{"t":"idOrVar","v":"value"}," години потому"],"zero":"0 годин потому"},"$x":[{"t":"idOrVar","v":"plural"},"value"]},{"$i":"days-after","$v":{"few":[{"t":"idOrVar","v":"value"}," дні потому"],"many":[{"t":"idOrVar","v":"value"}," днів потому"],"one":"1 день потому","other":[{"t":"idOrVar","v":"value"}," дня потому"],"two":[{"t":"idOrVar","v":"value"}," дні потому"],"zero":"0 днів потому"},"$x":[{"t":"idOrVar","v":"plural"},"value"]},{"$i":"weeks-after","$v":{"few":[{"t":"idOrVar","v":"value"}," тижні потому"],"many":[{"t":"idOrVar","v":"value"}," тижнів потому"],"one":"1 тиждень потому","other":[{"t":"idOrVar","v":"value"}," тижня потому"],"two":[{"t":"idOrVar","v":"value"}," тижні потому"],"zero":"0 тижнів потому"},"$x":[{"t":"idOrVar","v":"plural"},"value"]},{"$i":"months-after","$v":{"few":[{"t":"idOrVar","v":"value"}," місяці потому"],"many":[{"t":"idOrVar","v":"value"}," місяців потому"],"one":"1 місяць потому","other":[{"t":"idOrVar","v":"value"}," місяця потому"],"two":[{"t":"idOrVar","v":"value"}," місяці потому"],"zero":"0 місяців потому"},"$x":[{"t":"idOrVar","v":"plural"},"value"]},{"$i":"years-after","$v":{"few":[{"t":"idOrVar","v":"value"}," р. потому"],"many":[{"t":"idOrVar","v":"value"}," р. потому"],"one":"1 рік потому","other":[{"t":"idOrVar","v":"value"}," р. потому"],"two":[{"t":"idOrVar","v":"value"}," роки потому"],"zero":"0 років потому"},"$x":[{"t":"idOrVar","v":"plural"},"value"]},{"$i":"hour-format12","$v":"%I %p"},{"$i":"hour-format24","$v":"%H"},{"$i":"week-hour-format12","$v":"%I %p"},{"$i":"week-hour-format24","$v":"%H"},{"$i":"hour-allday","$v":"Увесь день"},{"$i":"kai-week-day","$v":"%a\\n%e"},{"$i":"current-time12","$v":"%I:%M"},{"$i":"current-time24","$v":"%H:%M"},{"$i":"multi-month-view-header-format","$v":"%B %Y"},{"$i":"day-view-header-format","$v":"%A, %B %e"},{"$i":"months-day-view-header-format","$v":"%A, %B %e"},{"$i":"months-day-view-header-format-small","$v":{"$o":"%a <br/> %b, %e"}},{"$i":"week-view-header-format","$v":["Тиждень ",{"t":"idOrVar","v":"value"},", %B %Y"]},{"$i":"longDateFormat","$v":"%a, %d %B %Y"},{"$i":"longTimeFormat","$v":"%A %B %d"},{"$i":"longTimeFormat12","$v":"%A %B %d %I %p"},{"$i":"longTimeFormat24","$v":"%A %B %d %H"},{"$i":"weekTimeFormat12","$v":"%I %p"},{"$i":"weekTimeFormat24","$v":"%H"},{"$i":"weekDayFormat","$v":"%A %d"},{"$i":"alldayLongTimeFormat","$v":"%A %B %d увесь день"},{"$i":"dayHour12","$v":"%I %p"},{"$i":"dayHour24","$v":"%H"},{"$i":"longDateTime12","$v":"%I %p, %a, %d %b, %Y"},{"$i":"longDateTime24","$v":"%H, %a, %d %b, %Y"},{"$i":"upcoming-events","$v":"Майбутні події"},{"$i":"search-results","$v":"Результати пошуку"},{"$i":"no-event-found","$v":"Подій не знайдено"},{"$i":"longDateTimeNew12","$v":"%a, %B %e, %Y, %I:%M %p"},{"$i":"longDateTimeNew24","$v":"%a, %B %e, %Y, %H:%M"},{"$i":"error-start-date-after-end-date","$v":"Подія не може завершитися раніше дати її початку."},{"$i":"error-start-time-after-end-time","$v":"Подія не може завершитися раніше дати її початку."},{"$i":"error-unauthenticated","$v":"Неправ. ім’я користув. або пароль. Спробуйте ще раз."},{"$i":"error-internal-server-error","$v":"Помилка сервера. Спробуйте ще раз."},{"$i":"error-unkown","$v":"Сервер недоступний. Спробуйте знову пізніше."},{"$i":"error-default","$v":"Сталася невідома помилка. Спробуйте ще раз пізніше."},{"$i":"error-offline","$v":"Не вдалося підключитися до Інтернету. Для доступу до Інтернету можна використовувати Wi-Fi або мобільні дані."},{"$i":"error-account-exist","$v":"Цей облік. запис вже існує."},{"$i":"error-confirmation-title","$v":"Помилка"},{"$i":"error-edit-online-event","$v":"Не вдалося відредагувати онлайн-подію. Немає з’єднання з Інтернетом."},{"$i":"error-delete-online-event","$v":"Не вдалося видалити онлайн-подію. Немає з’єднання з Інтернетом."},{"$i":"notification-error-sync-title","$v":"Помилка синх. календаря"},{"$i":"notification-error-sync-description","$v":"Торкніться, щоб отримати докладну інформацію."},{"$i":"notification-error-caldav-sync-title","$v":"Помилка облікового запису"},{"$i":"notification-error-caldav-sync-description","$v":"Увійти знову"},{"$i":"weekday-0-single-char","$v":"Нд","ariaLabel":"Неділя"},{"$i":"weekday-1-single-char","$v":"Пн","ariaLabel":"Понеділок"},{"$i":"weekday-2-single-char","$v":"Вт","ariaLabel":"Вівторок"},{"$i":"weekday-3-single-char","$v":"Ср","ariaLabel":"Середа"},{"$i":"weekday-4-single-char","$v":"Чт","ariaLabel":"Четвер"},{"$i":"weekday-5-single-char","$v":"Пт","ariaLabel":"П’ятниця"},{"$i":"weekday-6-single-char","$v":"Сб","ariaLabel":"Субота"},{"$i":"busy","$v":{"few":[{"t":"idOrVar","v":"n"}," події"],"many":[{"t":"idOrVar","v":"n"}," подій"],"one":[{"t":"idOrVar","v":"n"}," подія"],"other":[{"t":"idOrVar","v":"n"}," події"],"two":[{"t":"idOrVar","v":"n"}," події"],"zero":"Подій немає"},"$x":[{"t":"idOrVar","v":"plural"},"n"]},{"$i":"present","ariaLabel":"Сьогодні"},{"$i":"past-other-month-description","ariaLabel":"Інший місяць"},{"$i":"future-other-month-description","ariaLabel":"Інший місяць"},{"$i":"icon-calendar-alarm","ariaLabel":"З сигналом"},{"$i":"calendars","ariaLabel":"Календарі"},{"$i":"multi-day-new-event-link","ariaLabel":"Додати подію"},{"$i":"title","ariaLabel":"Заголовок"},{"$i":"location","ariaLabel":"Розташування"},{"$i":"duration","ariaLabel":"Тривалість"},{"$i":"calendar","ariaLabel":"Календар"},{"$i":"alarms","ariaLabel":"Будильники"},{"$i":"description","ariaLabel":"Опис"},{"$i":"start-date","ariaLabel":"Дата початку"},{"$i":"start-time","ariaLabel":"Час запуску"},{"$i":"end-date","ariaLabel":"Дата завершення"},{"$i":"end-time","ariaLabel":"Час завершення"},{"$i":"during-progress-loading","ariaValueText":"Завантаження"},{"$i":"all-day","ariaLabel":"Увесь день"},{"$i":"create-event","ariaLabel":"Створити подію"},{"$i":"create-all-day-event","ariaLabel":"Створити подію на весь день"},{"$i":"event-one-day-duration","ariaLabel":["з ",{"t":"idOrVar","v":"startTime"}," до ",{"t":"idOrVar","v":"endTime"}]},{"$i":"week-event-one-day-duration","ariaLabel":[{"t":"idOrVar","v":"startDate"},", ",{"t":"idOrVar","v":"startTime"},"–",{"t":"idOrVar","v":"endTime"}]},{"$i":"event-multiple-day-duration","ariaLabel":["З ",{"t":"idOrVar","v":"startTime"}," ",{"t":"idOrVar","v":"startDate"}," до ",{"t":"idOrVar","v":"endTime"}," ",{"t":"idOrVar","v":"endDate"}]},{"$i":"kai-event-added","$v":"Подію додано"},{"$i":"kai-event-updated","$v":"Подію оновлено"},{"$i":"kai-event-deleted","$v":"Подію видалено"},{"$i":"kai-change-save","$v":"Зміни збережено"},{"$i":"event-sync-failure","$v":"Не вдалося виконати синхронізацію"},{"$i":"kai-event-calendar","$v":"Календар"},{"$i":"kai-single-event","$v":"подія"},{"$i":"kai-event-count","$v":"події"},{"$i":"kai-sync-progress-syncing","$v":"Синхронізація"},{"$i":"kai-sync-progress-complete","$v":"Календар оновлений."},{"$i":"kai-settings-sounds","$v":"Звуки"},{"$i":"kai-tones","$v":"Тони"},{"$i":"kai-multi-events","$v":"Події"},{"$i":"kai-confirmation-title","$v":"Підтвердження"},{"$i":"kai-delete-selectedEvent-confirmation","$v":"Видалити вибрану подію?"},{"$i":"kai-deleteEvent-confirmation","$v":"Видалити подію?"},{"$i":"kai-event-search-header","$v":"Пошук","placeholder":"Пошук"},{"$i":"kai-event-search-upcoming-events","$v":"Майбутні події"},{"$i":"kai-delete","$v":"Видалити"},{"$i":"kai-cancel","$v":"Скасувати"},{"$i":"kai-dialog-delete-sel","$v":"Видалити вибрану подію?"},{"$i":"kai-delete-title","$v":"Видалити подію"},{"$i":"kai-save-changes","$v":"Зберегти зміни?"},{"$i":"kai-save-message-back","$v":"Усі введені дані буде втрачено. Зберегти зміни?"},{"$i":"kai-save-message-close","$v":"Програму буде закрито, а дані – втрачено. Зберегти зміни?"},{"$i":"yes","$v":"Так"},{"$i":"no","$v":"Ні"},{"$i":"confirmation","$v":"Підтвердження"},{"$i":"ok","$v":"OK"},{"$i":"delete-event","$v":"Видалити вибрану подію?"},{"$i":"edit-event-no-net","$v":"Не вдалося відредагувати онлайн-подію через відсутність з’єднання з Інтернетом."},{"$i":"kai-settings-header","$v":"Календар для відображ"},{"$i":"kai-syncing","$v":"Синхр-ція…"},{"$i":"kai-syncing-header","$v":"Синхр. облік. запису"},{"$i":"select","$v":"Вибрати"},{"$i":"add-event","$v":"Додати подію"},{"$i":"week-view","$v":"Подання тижня"},{"$i":"day-view","$v":"Огляд дня"},{"$i":"month-view","$v":"Огляд місяця"},{"$i":"today","$v":"Сьогодні"},{"$i":"go","$v":"Перейти до дати"},{"$i":"search","$v":"Пошук"},{"$i":"calendar-to-display","$v":"Календар для відображ."},{"$i":"settings","$v":"Настройки"},{"$i":"delete","$v":"Видалити"},{"$i":"enter","$v":"Ввести"},{"$i":"sync-calendar","$v":"Синхронізувати календар"},{"$i":"lunar-calendar","$v":"Місячний день"},{"$i":"present-description","$v":["Сьогодні ",{"t":"idOrVar","v":"weekday"},", ",{"t":"idOrVar","v":"date"}]},{"$i":"day-description","$v":[{"t":"idOrVar","v":"weekday"},", ",{"t":"idOrVar","v":"date"}]},{"$i":"weekday-5","$v":"П’ятниця"},{"$i":"weekday-4","$v":"Четвер"},{"$i":"weekday-3","$v":"Середа"},{"$i":"weekday-2","$v":"Вівторок"},{"$i":"weekday-1","$v":"Понеділок"},{"$i":"weekday-0","$v":"Неділя"},{"$i":"weekday-6","$v":"Субота"},{"$i":"no-title","$v":"(Немає назви)"},{"$i":"weekday-0-long","$v":"Неділя"},{"$i":"weekday-1-long","$v":"Понеділок"},{"$i":"weekday-2-long","$v":"Вівторок"},{"$i":"weekday-3-long","$v":"Середа"},{"$i":"weekday-4-long","$v":"Четвер"},{"$i":"weekday-5-long","$v":"П’ятниця"},{"$i":"weekday-6-long","$v":"Субота"},{"$i":"weekday-0-short","$v":"Нд"},{"$i":"weekday-1-short","$v":"Пн"},{"$i":"weekday-2-short","$v":"Вт"},{"$i":"weekday-3-short","$v":"Ср"},{"$i":"weekday-4-short","$v":"Чт"},{"$i":"weekday-5-short","$v":"Пт"},{"$i":"weekday-6-short","$v":"Сб"},{"$i":"month-0-long","$v":"Січень"},{"$i":"month-1-long","$v":"Лютий"},{"$i":"month-2-long","$v":"Березень"},{"$i":"month-3-long","$v":"Квітень"},{"$i":"month-4-long","$v":"Травень"},{"$i":"month-5-long","$v":"Червень"},{"$i":"month-6-long","$v":"Липень"},{"$i":"month-7-long","$v":"Серпень"},{"$i":"month-8-long","$v":"Вересень"},{"$i":"month-9-long","$v":"Жовтень"},{"$i":"month-10-long","$v":"Листопад"},{"$i":"month-11-long","$v":"Грудень"},{"$i":"month-0-genitive","$v":"січня"},{"$i":"month-1-genitive","$v":"лютого"},{"$i":"month-2-genitive","$v":"березня"},{"$i":"month-3-genitive","$v":"квітня"},{"$i":"month-4-genitive","$v":"травня"},{"$i":"month-5-genitive","$v":"червня"},{"$i":"month-6-genitive","$v":"липня"},{"$i":"month-7-genitive","$v":"серпня"},{"$i":"month-8-genitive","$v":"вересня"},{"$i":"month-9-genitive","$v":"жовтня"},{"$i":"month-10-genitive","$v":"листопада"},{"$i":"month-11-genitive","$v":"грудня"},{"$i":"month-0-short","$v":"Січ"},{"$i":"month-1-short","$v":"Лют"},{"$i":"month-2-short","$v":"Бер"},{"$i":"month-3-short","$v":"Кві"},{"$i":"month-4-short","$v":"Тра"},{"$i":"month-5-short","$v":"Чер"},{"$i":"month-6-short","$v":"Лип"},{"$i":"month-7-short","$v":"Сер"},{"$i":"month-8-short","$v":"Вер"},{"$i":"month-9-short","$v":"Жов"},{"$i":"month-10-short","$v":"Лис"},{"$i":"month-11-short","$v":"Гру"},{"$i":"minutes-ago-long","$v":{"few":[{"t":"idOrVar","v":"value"}," хвилини тому"],"many":[{"t":"idOrVar","v":"value"}," хвилин тому"],"one":"Хвилину тому","other":[{"t":"idOrVar","v":"value"}," хвилини тому"],"two":[{"t":"idOrVar","v":"value"}," хвилини тому"],"zero":"просто зараз"},"$x":[{"t":"idOrVar","v":"plural"},"value"]},{"$i":"hours-ago-long","$v":{"few":[{"t":"idOrVar","v":"value"}," години тому"],"many":[{"t":"idOrVar","v":"value"}," годин тому"],"one":"годину тому","other":[{"t":"idOrVar","v":"value"}," години тому"],"two":[{"t":"idOrVar","v":"value"}," години тому"],"zero":"просто зараз"},"$x":[{"t":"idOrVar","v":"plural"},"value"]},{"$i":"days-ago-long","$v":{"few":[{"t":"idOrVar","v":"value"}," дні тому"],"many":[{"t":"idOrVar","v":"value"}," днів тому"],"one":"учора","other":[{"t":"idOrVar","v":"value"}," дня тому"],"two":[{"t":"idOrVar","v":"value"}," дні тому"],"zero":"сьогодні"},"$x":[{"t":"idOrVar","v":"plural"},"value"]},{"$i":"weeks-ago-long","$v":{"few":[{"t":"idOrVar","v":"value"}," тижні тому"],"many":[{"t":"idOrVar","v":"value"}," тижнів тому"],"one":"минулий тиждень","other":[{"t":"idOrVar","v":"value"}," тижня тому"],"two":[{"t":"idOrVar","v":"value"}," тижні тому"],"zero":"цього тижня"},"$x":[{"t":"idOrVar","v":"plural"},"value"]},{"$i":"months-ago-long","$v":{"few":[{"t":"idOrVar","v":"value"}," місяці тому"],"many":[{"t":"idOrVar","v":"value"}," місяців тому"],"one":"минулий місяць","other":[{"t":"idOrVar","v":"value"}," місяця тому"],"two":[{"t":"idOrVar","v":"value"}," місяці тому"],"zero":"цього місяця"},"$x":[{"t":"idOrVar","v":"plural"},"value"]},{"$i":"years-ago-long","$v":{"few":[{"t":"idOrVar","v":"value"}," роки тому"],"many":[{"t":"idOrVar","v":"value"}," років тому"],"one":"минулий рік","other":[{"t":"idOrVar","v":"value"}," року тому"],"two":[{"t":"idOrVar","v":"value"}," роки тому"],"zero":"цього року"},"$x":[{"t":"idOrVar","v":"plural"},"value"]},{"$i":"minutes-until-long","$v":{"few":["через ",{"t":"idOrVar","v":"value"}," хв."],"many":["через ",{"t":"idOrVar","v":"value"}," хв."],"one":"через хвилину","other":["через ",{"t":"idOrVar","v":"value"}," хв."],"two":["через ",{"t":"idOrVar","v":"value"}," хв."],"zero":"зараз"},"$x":[{"t":"idOrVar","v":"plural"},"value"]},{"$i":"hours-until-long","$v":{"few":["через ",{"t":"idOrVar","v":"value"}," год."],"many":["через ",{"t":"idOrVar","v":"value"}," год."],"one":"через годину","other":["через ",{"t":"idOrVar","v":"value"}," год."],"two":["через ",{"t":"idOrVar","v":"value"}," год."],"zero":"зараз"},"$x":[{"t":"idOrVar","v":"plural"},"value"]},{"$i":"days-until-long","$v":{"few":["через ",{"t":"idOrVar","v":"value"}," дн."],"many":["через ",{"t":"idOrVar","v":"value"}," дн."],"one":"завтра","other":["через ",{"t":"idOrVar","v":"value"}," дн."],"two":["через ",{"t":"idOrVar","v":"value"}," дн."],"zero":"сьогодні"},"$x":[{"t":"idOrVar","v":"plural"},"value"]},{"$i":"weeks-until-long","$v":{"few":["через ",{"t":"idOrVar","v":"value"}," тиж."],"many":["через ",{"t":"idOrVar","v":"value"}," тиж."],"one":"наступного тижня","other":["через ",{"t":"idOrVar","v":"value"}," тиж."],"two":["через ",{"t":"idOrVar","v":"value"}," тиж."],"zero":"цього тижня"},"$x":[{"t":"idOrVar","v":"plural"},"value"]},{"$i":"months-until-long","$v":{"few":["через ",{"t":"idOrVar","v":"value"}," міс."],"many":["через ",{"t":"idOrVar","v":"value"}," міс."],"one":"наступного місяця","other":["через ",{"t":"idOrVar","v":"value"}," міс."],"two":["через ",{"t":"idOrVar","v":"value"}," міс."],"zero":"цього місяця"},"$x":[{"t":"idOrVar","v":"plural"},"value"]},{"$i":"years-until-long","$v":{"few":["через ",{"t":"idOrVar","v":"value"}," р."],"many":["через ",{"t":"idOrVar","v":"value"}," р."],"one":"наступного року","other":["через ",{"t":"idOrVar","v":"value"}," р."],"two":["через ",{"t":"idOrVar","v":"value"}," р."],"zero":"цього року"},"$x":[{"t":"idOrVar","v":"plural"},"value"]},{"$i":"minutes-ago-short","$v":{"other":[{"t":"idOrVar","v":"value"}," хвилини тому"],"zero":"просто зараз"},"$x":[{"t":"idOrVar","v":"plural"},"value"]},{"$i":"hours-ago-short","$v":{"other":[{"t":"idOrVar","v":"value"}," години тому"],"zero":"просто зараз"},"$x":[{"t":"idOrVar","v":"plural"},"value"]},{"$i":"days-ago-short","$v":{"other":[{"t":"idOrVar","v":"value"}," дня тому"],"zero":"сьогодні"},"$x":[{"t":"idOrVar","v":"plural"},"value"]},{"$i":"minutes-until-short","$v":{"other":["через ",{"t":"idOrVar","v":"value"}," хв."],"zero":"зараз"},"$x":[{"t":"idOrVar","v":"plural"},"value"]},{"$i":"hours-until-short","$v":{"other":["через ",{"t":"idOrVar","v":"value"}," год."],"zero":"зараз"},"$x":[{"t":"idOrVar","v":"plural"},"value"]},{"$i":"days-until-short","$v":{"other":["через ",{"t":"idOrVar","v":"value"}," дн."],"zero":"сьогодні"},"$x":[{"t":"idOrVar","v":"plural"},"value"]},{"$i":"incorrectDate","$v":"(неправильна дата)"},{"$i":"dateTimeFormat_%c","$v":"%a %b %e %Y %I:%M:%S %p"},{"$i":"dateTimeFormat_%x","$v":"%m/%d/%Y"},{"$i":"dateTimeFormat_%X","$v":"%I:%M:%S %p"},{"$i":"shortTimeFormat","$v":"%I:%M %p"},{"$i":"shortTimeFormat12","$v":"%I:%M %p"},{"$i":"shortTimeFormat24","$v":"%H:%M"},{"$i":"shortDateTimeFormat","$v":"%x %I:%M %p"},{"$i":"weekStartsOnMonday","$v":"0.0"},{"$i":"firstDayOfTheWeek","$v":"1.0"},{"$i":"time_am","$v":"ДП"},{"$i":"time_pm","$v":"ПП"},{"$i":"softkey-options","$v":"Опції"}]