[{"$i":"back","$v":"Quay lại"},{"$i":"save","$v":"Lưu"},{"$i":"cancel","$v":"Hủy"},{"$i":"next","$v":"Tiếp"},{"$i":"hide","$v":"Ẩn"},{"$i":"confirm","$v":"Xác nhận"},{"$i":"done","$v":"Đã xong"},{"$i":"events","$v":"Trình nhắc Sự kiện"},{"$i":"edit","$v":"Chỉnh sửa"},{"$i":"allday-events","$v":"Trình nhắc Sự kiện Cả ngày"},{"$i":"no-events","$v":"Không có sự kiện nào"},{"$i":"default","$v":"Mặc định"},{"$i":"sync","$v":"Đồng bộ"},{"$i":"repeat","$v":"Lặp lại"},{"$i":"never","$v":"Không bao giờ"},{"$i":"every-day","$v":"Hàng ngày"},{"$i":"every-week","$v":"Hàng tuần"},{"$i":"every-2-weeks","$v":"2 tuần một lần"},{"$i":"every-month","$v":"Hàng tháng"},{"$i":"view-never","$v":"Lặp lại: Không bao giờ"},{"$i":"view-every-day","$v":"Lặp lại: Hàng ngày"},{"$i":"view-every-week","$v":"Lặp lại: Hàng tuần"},{"$i":"view-every-2-weeks","$v":"Lặp lại: Mỗi hai tuần"},{"$i":"view-every-month","$v":"Lặp lại: Hàng tháng"},{"$i":"repeat-event-header","$v":"Đây là sự kiện lập lại."},{"$i":"delete-this-only","$v":"Chỉ xóa mục này"},{"$i":"delete-all","$v":"Xóa tất cả"},{"$i":"event-edit-all","$v":"Chỉnh sửa tất cả sự kiện"},{"$i":"event-edit-all-future","$v":"Chỉnh sửa tất cả sự kiện tương lai"},{"$i":"options","$v":"Tùy chọn"},{"$i":"event-delete-all","$v":"Xóa tất cả"},{"$i":"event-delete-all-future","$v":"Xóa tất cả sự kiện tương lai"},{"$i":"delete-account","$v":"Xóa tài khoản"},{"$i":"exchange-account","$v":"ActiveSync"},{"$i":"account-user-name","$v":"Tên người dùng"},{"$i":"incorrect-password-description","$v":"Không thể đăng nhập vào máy chủ, hãy đảm bảo mật khẩu của bạn chính xác."},{"$i":"incorrect-password","$v":"Mật khẩu sai, vui lòng thử lại."},{"$i":"account-duplicate","$v":"Tài khoản đã tồn tại. Đã bật đồng bộ hóa."},{"$i":"error-account","$v":"Máy chủ không khả dụng. Vui lòng thử lại sau."},{"$i":"error-access-denied","$v":"Đã xảy ra lỗi không xác định, vui lòng thử lại sau."},{"$i":"error-time-out","$v":["Không thể tạo lập kết nối với \"",{"t":"idOrVar","v":"server"},"\". Có thể có vấn đề với mạng."]},{"$i":"caldav-account-exist","$v":"Tài khoản đã tồn tại."},{"$i":"save-password","$v":"Đã lưu mật khẩu."},{"$i":"account-login","$v":"Đăng nhập Tài khoản"},{"$i":"setting-up-account","$v":"Thiết lập tài khoản"},{"$i":"setup-account-usedInfo","$v":"Tài khoản này sẽ được những ứng dụng dưới đây sử dụng. Bạn có thể thay đổi điều này bất cứ lúc nào trong Cài đặt>Tài khoản."},{"$i":"app-calendar","$v":"Lịch"},{"$i":"show-today","$v":"Hôm nay"},{"$i":"show-month-view","$v":"Tháng"},{"$i":"show-week-view","$v":"Tuần"},{"$i":"show-day-view","$v":"Ngày"},{"$i":"settings-show","$v":"Cài đặt"},{"$i":"settings-hide","$v":"Ẩn cài đặt"},{"$i":"add-account","$v":"Thêm tài khoản"},{"$i":"new-event","$v":"Thêm sự kiện"},{"$i":"view-event-header","$v":"Chi tiết Sự kiện"},{"$i":"new-event-header","$v":"Thêm Sự kiện"},{"$i":"edit-event-header","$v":"Chỉnh sửa Sự kiện"},{"$i":"account-header","$v":"Tài khoản"},{"$i":"account-list-header","$v":"Tài khoản"},{"$i":"advanced-settings-short-icon-button","ariaLabel":"Cài đặt"},{"$i":"advanced-settings-header","$v":"Cài đặt Lịch"},{"$i":"advanced-settings-personalization","$v":"Cập nhật Tần số"},{"$i":"advanced-settings-reminders","$v":"Nhắc nhở"},{"$i":"advanced-settings-add-account","$v":"Thêm Tài khoản"},{"$i":"field-user","$v":"Tên người dùng"},{"$i":"field-password","$v":"Mật khẩu"},{"$i":"show-password","$v":"Hiển thị mật khẩu"},{"$i":"field-full-url","$v":"URL"},{"$i":"modify-account-setting-up","$v":"Vui lòng chờ trong khi tài khoản của bạn được thiết lập"},{"$i":"modify-account-unable-to-sync","$v":"Không thể đồng bộ hóa"},{"$i":"modify-account-sign-in","$v":"Đăng nhập"},{"$i":"kai-caldav","$v":"CalDav"},{"$i":"kai-yahoo","$v":"Yahoo"},{"$i":"kai-google","$v":"Google"},{"$i":"preset-mozilla","$v":"Mozilla Zimbra"},{"$i":"calendar-local","$v":"Lịch trên Điện thoại"},{"$i":"event-title","$v":"Tiêu đề"},{"$i":"event-location","$v":"Vị trí"},{"$i":"event-description","$v":"Ghi chú"},{"$i":"event-is-allday","$v":"Sự kiện Cả ngày"},{"$i":"event-start-date","$v":"Ngày Bắt đầu"},{"$i":"event-end-date","$v":"Ngày Kết thúc"},{"$i":"event-start-time","$v":"Thời gian Bắt đầu"},{"$i":"event-end-time","$v":"Thời gian Kết thúc"},{"$i":"event-delete","$v":"Xóa sự kiện"},{"$i":"event-is-deleting","$v":"Đang xóa..."},{"$i":"remove-account-data","$v":"Gỡ Tài khoản"},{"$i":"remove-account-dialog","$v":"Xóa tài khoản"},{"$i":"remove-account-dialog-details","$v":["Xóa \"",{"t":"idOrVar","v":"email"},"\" khỏi thiết bị của bạn?"]},{"$i":"remove","$v":"Xóa"},{"$i":"drawer-sync-icon-button","ariaLabel":"Đồng bộ"},{"$i":"sync-progress-syncing","ariaValueText":"Đang đồng bộ hóa"},{"$i":"sync-progress-complete","ariaValueText":"Hoàn tất đồng bộ hóa"},{"$i":"sync-frequency","$v":"Đồng bộ hóa Lịch"},{"$i":"sync-frequency-15min","$v":"15 phút một lần"},{"$i":"sync-frequency-30min","$v":"30 phút một lần"},{"$i":"sync-frequency-manual","$v":"Thủ công"},{"$i":"from","$v":"Từ"},{"$i":"to","$v":"Tới"},{"$i":"one-day-duration-title","$v":[{"t":"idOrVar","v":"startDate"}]},{"$i":"one-day-duration-content","$v":[{"t":"idOrVar","v":"startTime"}," đến ",{"t":"idOrVar","v":"endTime"}]},{"$i":"multiple-day-duration-title","$v":[{"t":"idOrVar","v":"startTime"}," ",{"t":"idOrVar","v":"startDate"}]},{"$i":"multiple-day-duration-content","$v":[{"t":"idOrVar","v":"endTime"}," ",{"t":"idOrVar","v":"endDate"}]},{"$i":"one-all-day-duration-title","$v":[{"t":"idOrVar","v":"startDate"}]},{"$i":"all-day-duration-content","$v":"Sự kiện cả ngày"},{"$i":"multiple-all-day-duration-title","$v":["Từ ",{"t":"idOrVar","v":"startDate"}]},{"$i":"multiple-all-day-duration-content","$v":["Đến ",{"t":"idOrVar","v":"endDate"}]},{"$i":"none","$v":"Không"},{"$i":"reminder","$v":"Trình nhắc Sự kiện"},{"$i":"remind-me","$v":"Nhắc nhở tôi"},{"$i":"alarm-at-event-standard","$v":"Tại thời điểm diễn ra Sự kiện"},{"$i":"alarm-at-event-allday","$v":"Vào ngày diễn ra Sự kiện"},{"$i":"alarm-at-event-allday-hour12","$v":"Ngày diễn ra Sự kiện (9:00 SA)"},{"$i":"alarm-at-event-allday-hour24","$v":"Ngày diễn ra Sự kiện (09:00)"},{"$i":"alarm-start-notice","$v":[{"t":"idOrVar","v":"title"}," đang bắt đầu ",{"t":"idOrVar","v":"distance"}]},{"$i":"alarm-started-notice","$v":[{"t":"idOrVar","v":"title"}," đã bắt đầu ",{"t":"idOrVar","v":"distance"}]},{"$i":"alarm-start-notice-two-days","$v":[{"t":"idOrVar","v":"title"}," bắt đầu trong hai ngày"]},{"$i":"alarm-start-notice-few-days","$v":[{"t":"idOrVar","v":"title"}," bắt đầu vào ",{"t":"idOrVar","v":"distance"}]},{"$i":"days-before-hour12","$v":{"few":[{"t":"idOrVar","v":"value"}," Ngày Trước (9:00 SA)"],"many":[{"t":"idOrVar","v":"value"}," Ngày Trước (9:00 SA)"],"one":"1 Ngày Trước (9:00 SA)","other":[{"t":"idOrVar","v":"value"}," Ngày Trước (9:00 SA)"],"two":[{"t":"idOrVar","v":"value"}," Ngày Trước (9:00 SA)"],"zero":"0 Ngày Trước (9:00 SA)"},"$x":[{"t":"idOrVar","v":"plural"},"value"]},{"$i":"weeks-before-hour12","$v":{"few":[{"t":"idOrVar","v":"value"}," Tuần Trước (9:00 SA)"],"many":[{"t":"idOrVar","v":"value"}," Tuần Trước (9:00 SA)"],"one":"1 Tuần Trước (9:00 SA)","other":[{"t":"idOrVar","v":"value"}," Tuần Trước (9:00 SA)"],"two":[{"t":"idOrVar","v":"value"}," Tuần Trước (9:00 SA)"],"zero":"0 Tuần Trước (9:00 SA)"},"$x":[{"t":"idOrVar","v":"plural"},"value"]},{"$i":"days-before-hour24","$v":{"few":[{"t":"idOrVar","v":"value"}," Ngày Trước (09:00)"],"many":[{"t":"idOrVar","v":"value"}," Ngày Trước (09:00)"],"one":"1 Ngày Trước (09:00)","other":[{"t":"idOrVar","v":"value"}," Ngày Trước (09:00)"],"two":[{"t":"idOrVar","v":"value"}," Ngày Trước (09:00)"],"zero":"0 Ngày Trước (09:00)"},"$x":[{"t":"idOrVar","v":"plural"},"value"]},{"$i":"weeks-before-hour24","$v":{"few":[{"t":"idOrVar","v":"value"}," Tuần Trước (09:00)"],"many":[{"t":"idOrVar","v":"value"}," Tuần Trước (09:00)"],"one":"1 Tuần Trước (09:00)","other":[{"t":"idOrVar","v":"value"}," Tuần Trước (09:00)"],"two":[{"t":"idOrVar","v":"value"}," Tuần Trước (09:00)"],"zero":"0 Tuần Trước (09:00)"},"$x":[{"t":"idOrVar","v":"plural"},"value"]},{"$i":"minutes-before","$v":{"few":[{"t":"idOrVar","v":"value"}," Phút Trước"],"many":[{"t":"idOrVar","v":"value"}," Phút Trước"],"one":"1 Phút Trước","other":[{"t":"idOrVar","v":"value"}," Phút Trước"],"two":[{"t":"idOrVar","v":"value"}," Phút Trước"],"zero":"0 Phút Trước"},"$x":[{"t":"idOrVar","v":"plural"},"value"]},{"$i":"hours-before","$v":{"few":[{"t":"idOrVar","v":"value"}," Giờ Trước"],"many":[{"t":"idOrVar","v":"value"}," Giờ Trước"],"one":"1 Giờ Trước","other":[{"t":"idOrVar","v":"value"}," Giờ Trước"],"two":[{"t":"idOrVar","v":"value"}," Giờ Trước"],"zero":"0 Giờ Trước"},"$x":[{"t":"idOrVar","v":"plural"},"value"]},{"$i":"days-before","$v":{"few":[{"t":"idOrVar","v":"value"}," Ngày Trước"],"many":[{"t":"idOrVar","v":"value"}," Ngày Trước"],"one":"1 Ngày Trước","other":[{"t":"idOrVar","v":"value"}," Ngày Trước"],"two":[{"t":"idOrVar","v":"value"}," Ngày Trước"],"zero":"0 Ngày Trước"},"$x":[{"t":"idOrVar","v":"plural"},"value"]},{"$i":"weeks-before","$v":{"few":[{"t":"idOrVar","v":"value"}," Tuần Trước"],"many":[{"t":"idOrVar","v":"value"}," Tuần Trước"],"one":"1 Tuần Trước","other":[{"t":"idOrVar","v":"value"}," Tuần Trước"],"two":[{"t":"idOrVar","v":"value"}," Tuần Trước"],"zero":"0 Tuần Trước"},"$x":[{"t":"idOrVar","v":"plural"},"value"]},{"$i":"months-before","$v":{"few":[{"t":"idOrVar","v":"value"}," Tháng Trước"],"many":[{"t":"idOrVar","v":"value"}," Tháng Trước"],"one":"1 Tháng Trước","other":[{"t":"idOrVar","v":"value"}," Tháng Trước"],"two":[{"t":"idOrVar","v":"value"}," Tháng Trước"],"zero":"0 Tháng Trước"},"$x":[{"t":"idOrVar","v":"plural"},"value"]},{"$i":"years-before","$v":{"few":[{"t":"idOrVar","v":"value"}," Năm Trước"],"many":[{"t":"idOrVar","v":"value"}," Năm Trước"],"one":"1 Năm Trước","other":[{"t":"idOrVar","v":"value"}," Năm Trước"],"two":[{"t":"idOrVar","v":"value"}," Năm Trước"],"zero":"0 Năm Trước"},"$x":[{"t":"idOrVar","v":"plural"},"value"]},{"$i":"minutes-after","$v":{"few":[{"t":"idOrVar","v":"value"}," Phút Sau"],"many":[{"t":"idOrVar","v":"value"}," Phút Sau"],"one":"1 Phút Sau","other":[{"t":"idOrVar","v":"value"}," Phút Sau"],"two":[{"t":"idOrVar","v":"value"}," Phút Sau"],"zero":"0 Phút Sau"},"$x":[{"t":"idOrVar","v":"plural"},"value"]},{"$i":"hours-after","$v":{"few":[{"t":"idOrVar","v":"value"}," Giờ Sau"],"many":[{"t":"idOrVar","v":"value"}," Giờ Sau"],"one":"1 Giờ Sau","other":[{"t":"idOrVar","v":"value"}," Giờ Sau"],"two":[{"t":"idOrVar","v":"value"}," Giờ Sau"],"zero":"0 Giờ Sau"},"$x":[{"t":"idOrVar","v":"plural"},"value"]},{"$i":"days-after","$v":{"few":[{"t":"idOrVar","v":"value"}," Ngày Sau"],"many":[{"t":"idOrVar","v":"value"}," Ngày Sau"],"one":"1 Ngày Sau","other":[{"t":"idOrVar","v":"value"}," Ngày Sau"],"two":[{"t":"idOrVar","v":"value"}," Ngày Sau"],"zero":"0 Ngày Sau"},"$x":[{"t":"idOrVar","v":"plural"},"value"]},{"$i":"weeks-after","$v":{"few":[{"t":"idOrVar","v":"value"}," Tuần Sau"],"many":[{"t":"idOrVar","v":"value"}," Tuần Sau"],"one":"1 Tuần Sau","other":[{"t":"idOrVar","v":"value"}," Tuần Sau"],"two":[{"t":"idOrVar","v":"value"}," Tuần Sau"],"zero":"0 Tuần Sau"},"$x":[{"t":"idOrVar","v":"plural"},"value"]},{"$i":"months-after","$v":{"few":[{"t":"idOrVar","v":"value"}," Tháng Sau"],"many":[{"t":"idOrVar","v":"value"}," Tháng Sau"],"one":"1 Tháng Sau","other":[{"t":"idOrVar","v":"value"}," Tháng Sau"],"two":[{"t":"idOrVar","v":"value"}," Tháng Sau"],"zero":"0 Tháng Sau"},"$x":[{"t":"idOrVar","v":"plural"},"value"]},{"$i":"years-after","$v":{"few":[{"t":"idOrVar","v":"value"}," Năm Sau"],"many":[{"t":"idOrVar","v":"value"}," Năm Sau"],"one":"1 Năm Sau","other":[{"t":"idOrVar","v":"value"}," Năm Sau"],"two":[{"t":"idOrVar","v":"value"}," Năm Sau"],"zero":"0 Năm Sau"},"$x":[{"t":"idOrVar","v":"plural"},"value"]},{"$i":"hour-format12","$v":"%I %p"},{"$i":"hour-format24","$v":"%H"},{"$i":"week-hour-format12","$v":"%I %p"},{"$i":"week-hour-format24","$v":"%H"},{"$i":"hour-allday","$v":"Cả Ngày"},{"$i":"kai-week-day","$v":"%a\\n%e"},{"$i":"current-time12","$v":"%I:%M"},{"$i":"current-time24","$v":"%H:%M"},{"$i":"multi-month-view-header-format","$v":"%B %Y"},{"$i":"day-view-header-format","$v":"%A, %B %e"},{"$i":"months-day-view-header-format","$v":"%A, %B %e"},{"$i":"months-day-view-header-format-small","$v":{"$o":"%a <br/> %b, %e"}},{"$i":"week-view-header-format","$v":["Tuần ",{"t":"idOrVar","v":"value"},", %B %Y"]},{"$i":"longDateFormat","$v":"%A, %B %d, %Y"},{"$i":"longTimeFormat","$v":"%A %B %d"},{"$i":"longTimeFormat12","$v":"%A %B %d %I %p"},{"$i":"longTimeFormat24","$v":"%A %B %d %H giờ"},{"$i":"weekTimeFormat12","$v":"%I %p"},{"$i":"weekTimeFormat24","$v":"%H giờ"},{"$i":"weekDayFormat","$v":"%A the %d"},{"$i":"alldayLongTimeFormat","$v":"%A %B %d cả ngày"},{"$i":"dayHour12","$v":"%I %p"},{"$i":"dayHour24","$v":"%H giờ"},{"$i":"longDateTime12","$v":"%I %p, %a, %d %b, %Y"},{"$i":"longDateTime24","$v":"%H, %a, %d %b, %Y"},{"$i":"upcoming-events","$v":"Các sự kiện Sắp tới"},{"$i":"search-results","$v":"Kết quả Tìm kiếm"},{"$i":"no-event-found","$v":"Không Tìm thấy Sự kiện nào"},{"$i":"longDateTimeNew12","$v":"%a, %B %e, %Y, %I:%M %p"},{"$i":"longDateTimeNew24","$v":"%a, %B %e, %Y, %H:%M"},{"$i":"error-start-date-after-end-date","$v":"Sự kiện không thể kết thúc trước ngày bắt đầu."},{"$i":"error-start-time-after-end-time","$v":"Sự kiện không thể kết thúc trước thời điểm bắt đầu."},{"$i":"error-unauthenticated","$v":"Tên người dùng hoặc mật khẩu không chính xác, vui lòng thử lại."},{"$i":"error-internal-server-error","$v":"Lỗi máy chủ, vui lòng thử lại."},{"$i":"error-unkown","$v":"Máy chủ không khả dụng. Vui lòng thử lại sau."},{"$i":"error-default","$v":"Đã xảy ra lỗi. Thử lại sau."},{"$i":"error-offline","$v":"Không thể kết nối internet. Bạn có thể sử dụng Wi-Fi hoặc dữ liệu di động để truy cập internet."},{"$i":"error-account-exist","$v":"Tài khoản này đã tồn tại."},{"$i":"error-confirmation-title","$v":"Lỗi"},{"$i":"error-edit-online-event","$v":"Không thể chỉnh sửa sự kiện trực tuyến do không có kết nối internet."},{"$i":"error-delete-online-event","$v":"Không thể xóa sự kiện trực tuyến do không có kết nối internet."},{"$i":"notification-error-sync-title","$v":"Lỗi đồng bộ hóa lịch"},{"$i":"notification-error-sync-description","$v":"Chạm để biết thêm thông tin"},{"$i":"notification-error-caldav-sync-title","$v":"Lỗi Tài khoản"},{"$i":"notification-error-caldav-sync-description","$v":"Đăng nhập lại"},{"$i":"weekday-0-single-char","$v":"CN","ariaLabel":"Chủ Nhật"},{"$i":"weekday-1-single-char","$v":"T2","ariaLabel":"Thứ Hai"},{"$i":"weekday-2-single-char","$v":"T3","ariaLabel":"Thứ Ba"},{"$i":"weekday-3-single-char","$v":"T4","ariaLabel":"Thứ Tư"},{"$i":"weekday-4-single-char","$v":"T5","ariaLabel":"Thứ Năm"},{"$i":"weekday-5-single-char","$v":"T6","ariaLabel":"Thứ Sáu"},{"$i":"weekday-6-single-char","$v":"T7","ariaLabel":"Thứ Bảy"},{"$i":"busy","$v":{"few":[{"t":"idOrVar","v":"n"}," sự kiện"],"many":[{"t":"idOrVar","v":"n"}," sự kiện"],"one":[{"t":"idOrVar","v":"n"}," sự kiện"],"other":[{"t":"idOrVar","v":"n"}," sự kiện"],"two":[{"t":"idOrVar","v":"n"}," sự kiện"],"zero":"Không có sự kiện nào"},"$x":[{"t":"idOrVar","v":"plural"},"n"]},{"$i":"present","ariaLabel":"Hôm nay"},{"$i":"past-other-month-description","ariaLabel":"Tháng khác"},{"$i":"future-other-month-description","ariaLabel":"Tháng khác"},{"$i":"icon-calendar-alarm","ariaLabel":"Có báo thức"},{"$i":"calendars","ariaLabel":"Lịch"},{"$i":"multi-day-new-event-link","ariaLabel":"Thêm sự kiện"},{"$i":"title","ariaLabel":"Tiêu đề"},{"$i":"location","ariaLabel":"Vị trí"},{"$i":"duration","ariaLabel":"Thời lượng"},{"$i":"calendar","ariaLabel":"Lịch"},{"$i":"alarms","ariaLabel":"Báo thức"},{"$i":"description","ariaLabel":"Mô tả"},{"$i":"start-date","ariaLabel":"Ngày bắt đầu"},{"$i":"start-time","ariaLabel":"Thời gian bắt đầu"},{"$i":"end-date","ariaLabel":"Ngày kết thúc"},{"$i":"end-time","ariaLabel":"Thời gian kết thúc"},{"$i":"during-progress-loading","ariaValueText":"Đang tải"},{"$i":"all-day","ariaLabel":"Cả ngày"},{"$i":"create-event","ariaLabel":"Tạo sự kiện"},{"$i":"create-all-day-event","ariaLabel":"Tạo sự kiện cả ngày"},{"$i":"event-one-day-duration","ariaLabel":["từ ",{"t":"idOrVar","v":"startTime"}," đến ",{"t":"idOrVar","v":"endTime"}]},{"$i":"week-event-one-day-duration","ariaLabel":[{"t":"idOrVar","v":"startDate"}," từ ",{"t":"idOrVar","v":"startTime"}," đến ",{"t":"idOrVar","v":"endTime"}]},{"$i":"event-multiple-day-duration","ariaLabel":["Từ ",{"t":"idOrVar","v":"startTime"}," ",{"t":"idOrVar","v":"startDate"}," đến ",{"t":"idOrVar","v":"endTime"}," ",{"t":"idOrVar","v":"endDate"}]},{"$i":"kai-event-added","$v":"Đã thêm sự kiện."},{"$i":"kai-event-updated","$v":"Đã cập nhật sự kiện."},{"$i":"kai-event-deleted","$v":"Đã xóa sự kiện."},{"$i":"kai-change-save","$v":"Đã lưu các thay đổi"},{"$i":"event-sync-failure","$v":"Không thể đồng bộ hóa"},{"$i":"kai-event-calendar","$v":"Lịch"},{"$i":"kai-single-event","$v":"sự kiện"},{"$i":"kai-event-count","$v":"sự kiện"},{"$i":"kai-sync-progress-syncing","$v":"Đang đồng bộ hóa"},{"$i":"kai-sync-progress-complete","$v":"Lịch cập nhật."},{"$i":"kai-settings-sounds","$v":"Âm thanh"},{"$i":"kai-tones","$v":"Âm thanh"},{"$i":"kai-multi-events","$v":"Sự kiện"},{"$i":"kai-confirmation-title","$v":"Xác nhận"},{"$i":"kai-delete-selectedEvent-confirmation","$v":"Xóa sự kiện Đã chọn?"},{"$i":"kai-deleteEvent-confirmation","$v":"Xóa sự kiện?"},{"$i":"kai-event-search-header","$v":"Tìm kiếm","placeholder":"Tìm kiếm"},{"$i":"kai-event-search-upcoming-events","$v":"Các sự kiện Sắp tới"},{"$i":"kai-delete","$v":"Xóa"},{"$i":"kai-cancel","$v":"Hủy"},{"$i":"kai-dialog-delete-sel","$v":"Bạn có chắc c hắn muốn xóa sự kiện đã chọn không?"},{"$i":"kai-delete-title","$v":"Xóa Sự kiện"},{"$i":"kai-save-changes","$v":"Lưu Thay đổi?"},{"$i":"kai-save-message-back","$v":"Tất cả dữ liệu đã nhập sẽ bị mất. Bạn có muốn lưu các thay đổi không?"},{"$i":"kai-save-message-close","$v":"Ứng dụng sẽ bị đóng và mất dữ liệu. Bạn có muốn lưu các thay đổi không?"},{"$i":"yes","$v":"Có"},{"$i":"no","$v":"Không"},{"$i":"confirmation","$v":"Xác nhận"},{"$i":"ok","$v":"Ok"},{"$i":"delete-event","$v":"Xóa sự kiện Đã chọn?"},{"$i":"edit-event-no-net","$v":"Không chỉnh sửa được sự kiện trực tuyến do không có kết nối mạng."},{"$i":"kai-settings-header","$v":"Lịch để Hiển thị"},{"$i":"kai-syncing","$v":"Đang đồng bộ hóa..."},{"$i":"kai-syncing-header","$v":"Đồng bộ hóa tài khoản"},{"$i":"select","$v":"Chọn"},{"$i":"add-event","$v":"Thêm"},{"$i":"week-view","$v":"Chế độ xem theo Tuần"},{"$i":"day-view","$v":"Xem ngày"},{"$i":"month-view","$v":"Xem Tháng"},{"$i":"today","$v":"Hôm nay"},{"$i":"go","$v":"Đến ngày"},{"$i":"search","$v":"Tìm kiếm"},{"$i":"calendar-to-display","$v":"Lịch để Hiển thị"},{"$i":"settings","$v":"Cài đặt"},{"$i":"delete","$v":"Xóa"},{"$i":"enter","$v":"Nhập"},{"$i":"sync-calendar","$v":"Đồng bộ hóa lịch"},{"$i":"lunar-calendar","$v":"Ngày âm"},{"$i":"present-description","$v":["Hôm nay ",{"t":"idOrVar","v":"weekday"}," ngày ",{"t":"idOrVar","v":"date"}]},{"$i":"day-description","$v":[{"t":"idOrVar","v":"weekday"}," ngày ",{"t":"idOrVar","v":"date"}]},{"$i":"weekday-5","$v":"Thứ Sáu"},{"$i":"weekday-4","$v":"Thứ Năm"},{"$i":"weekday-3","$v":"Thứ Tư"},{"$i":"weekday-2","$v":"Thứ Ba"},{"$i":"weekday-1","$v":"Thứ Hai"},{"$i":"weekday-0","$v":"Chủ Nhật"},{"$i":"weekday-6","$v":"Thứ Bảy"},{"$i":"no-title","$v":"(Không có Tiêu đề)"},{"$i":"weekday-0-long","$v":"Chủ nhật"},{"$i":"weekday-1-long","$v":"Thứ Hai"},{"$i":"weekday-2-long","$v":"Thứ Ba"},{"$i":"weekday-3-long","$v":"Thứ Tư"},{"$i":"weekday-4-long","$v":"Thứ Năm"},{"$i":"weekday-5-long","$v":"Thứ Sáu"},{"$i":"weekday-6-long","$v":"Thứ Bảy"},{"$i":"weekday-0-short","$v":"CN"},{"$i":"weekday-1-short","$v":"Thứ 2"},{"$i":"weekday-2-short","$v":"Thứ 3"},{"$i":"weekday-3-short","$v":"Thứ 4"},{"$i":"weekday-4-short","$v":"Thứ 5"},{"$i":"weekday-5-short","$v":"Thứ 6"},{"$i":"weekday-6-short","$v":"Thứ 7"},{"$i":"month-0-long","$v":"Tháng 1"},{"$i":"month-1-long","$v":"Tháng 2"},{"$i":"month-2-long","$v":"Tháng 3"},{"$i":"month-3-long","$v":"Tháng 4"},{"$i":"month-4-long","$v":"Tháng 5"},{"$i":"month-5-long","$v":"Tháng 6"},{"$i":"month-6-long","$v":"Tháng 7"},{"$i":"month-7-long","$v":"Tháng 8"},{"$i":"month-8-long","$v":"Tháng 9"},{"$i":"month-9-long","$v":"Tháng 10"},{"$i":"month-10-long","$v":"Tháng 11"},{"$i":"month-11-long","$v":"Tháng 12"},{"$i":"month-0-genitive","$v":"Tháng 1"},{"$i":"month-1-genitive","$v":"Tháng 2"},{"$i":"month-2-genitive","$v":"Tháng 3"},{"$i":"month-3-genitive","$v":"Tháng 4"},{"$i":"month-4-genitive","$v":"Tháng 5"},{"$i":"month-5-genitive","$v":"Tháng 6"},{"$i":"month-6-genitive","$v":"Tháng 7"},{"$i":"month-7-genitive","$v":"Tháng 8"},{"$i":"month-8-genitive","$v":"Tháng 9"},{"$i":"month-9-genitive","$v":"Tháng 10"},{"$i":"month-10-genitive","$v":"Tháng 11"},{"$i":"month-11-genitive","$v":"Tháng 12"},{"$i":"month-0-short","$v":"Tháng 1"},{"$i":"month-1-short","$v":"Tháng 2"},{"$i":"month-2-short","$v":"Tháng 3"},{"$i":"month-3-short","$v":"Tháng 4"},{"$i":"month-4-short","$v":"Tháng 5"},{"$i":"month-5-short","$v":"Tháng 6"},{"$i":"month-6-short","$v":"Tháng 7"},{"$i":"month-7-short","$v":"Tháng 8"},{"$i":"month-8-short","$v":"Tháng 9"},{"$i":"month-9-short","$v":"Tháng 10"},{"$i":"month-10-short","$v":"Tháng 11"},{"$i":"month-11-short","$v":"Tháng 12"},{"$i":"minutes-ago-long","$v":{"few":[{"t":"idOrVar","v":"value"}," phút trước"],"many":[{"t":"idOrVar","v":"value"}," phút trước"],"one":"một phút trước","other":[{"t":"idOrVar","v":"value"}," phút trước"],"two":[{"t":"idOrVar","v":"value"}," phút trước"],"zero":"ngay bây giờ"},"$x":[{"t":"idOrVar","v":"plural"},"value"]},{"$i":"hours-ago-long","$v":{"few":[{"t":"idOrVar","v":"value"}," giờ trước"],"many":[{"t":"idOrVar","v":"value"}," giờ trước"],"one":"giờ trước","other":[{"t":"idOrVar","v":"value"}," giờ trước"],"two":[{"t":"idOrVar","v":"value"}," giờ trước"],"zero":"ngay bây giờ"},"$x":[{"t":"idOrVar","v":"plural"},"value"]},{"$i":"days-ago-long","$v":{"few":[{"t":"idOrVar","v":"value"}," ngày trước"],"many":[{"t":"idOrVar","v":"value"}," ngày trước"],"one":"hôm qua","other":[{"t":"idOrVar","v":"value"}," ngày trước"],"two":[{"t":"idOrVar","v":"value"}," ngày trước"],"zero":"hôm nay"},"$x":[{"t":"idOrVar","v":"plural"},"value"]},{"$i":"weeks-ago-long","$v":{"few":[{"t":"idOrVar","v":"value"}," tuần trước"],"many":[{"t":"idOrVar","v":"value"}," tuần trước"],"one":"tuần trước","other":[{"t":"idOrVar","v":"value"}," tuần trước"],"two":[{"t":"idOrVar","v":"value"}," tuần trước"],"zero":"tuần này"},"$x":[{"t":"idOrVar","v":"plural"},"value"]},{"$i":"months-ago-long","$v":{"few":[{"t":"idOrVar","v":"value"}," tháng trước"],"many":[{"t":"idOrVar","v":"value"}," tháng trước"],"one":"tháng trước","other":[{"t":"idOrVar","v":"value"}," tháng trước"],"two":[{"t":"idOrVar","v":"value"}," tháng trước"],"zero":"tháng này"},"$x":[{"t":"idOrVar","v":"plural"},"value"]},{"$i":"years-ago-long","$v":{"few":[{"t":"idOrVar","v":"value"}," năm trước"],"many":[{"t":"idOrVar","v":"value"}," năm trước"],"one":"năm ngoái","other":[{"t":"idOrVar","v":"value"}," năm trước"],"two":[{"t":"idOrVar","v":"value"}," năm trước"],"zero":"năm nay"},"$x":[{"t":"idOrVar","v":"plural"},"value"]},{"$i":"minutes-until-long","$v":{"few":["trong ",{"t":"idOrVar","v":"value"}," phút"],"many":["trong ",{"t":"idOrVar","v":"value"}," phút"],"one":"trong một phút","other":["trong ",{"t":"idOrVar","v":"value"}," phút"],"two":["trong ",{"t":"idOrVar","v":"value"}," phút"],"zero":"hiện tại"},"$x":[{"t":"idOrVar","v":"plural"},"value"]},{"$i":"hours-until-long","$v":{"few":["trong ",{"t":"idOrVar","v":"value"}," giờ"],"many":["trong ",{"t":"idOrVar","v":"value"}," giờ"],"one":"trong một giờ","other":["trong ",{"t":"idOrVar","v":"value"}," giờ"],"two":["trong ",{"t":"idOrVar","v":"value"}," giờ"],"zero":"hiện tại"},"$x":[{"t":"idOrVar","v":"plural"},"value"]},{"$i":"days-until-long","$v":{"few":["trong ",{"t":"idOrVar","v":"value"}," ngày"],"many":["trong ",{"t":"idOrVar","v":"value"}," ngày"],"one":"ngày mai","other":["trong ",{"t":"idOrVar","v":"value"}," ngày"],"two":["trong ",{"t":"idOrVar","v":"value"}," ngày"],"zero":"hôm nay"},"$x":[{"t":"idOrVar","v":"plural"},"value"]},{"$i":"weeks-until-long","$v":{"few":["trong ",{"t":"idOrVar","v":"value"}," tuần"],"many":["trong ",{"t":"idOrVar","v":"value"}," tuần"],"one":"tuần tới","other":["trong ",{"t":"idOrVar","v":"value"}," tuần"],"two":["trong ",{"t":"idOrVar","v":"value"}," tuần"],"zero":"tuần này"},"$x":[{"t":"idOrVar","v":"plural"},"value"]},{"$i":"months-until-long","$v":{"few":["trong ",{"t":"idOrVar","v":"value"}," tháng"],"many":["trong ",{"t":"idOrVar","v":"value"}," tháng"],"one":"tháng tiếp theo","other":["trong ",{"t":"idOrVar","v":"value"}," tháng"],"two":["trong ",{"t":"idOrVar","v":"value"}," tháng"],"zero":"tháng này"},"$x":[{"t":"idOrVar","v":"plural"},"value"]},{"$i":"years-until-long","$v":{"few":["trong ",{"t":"idOrVar","v":"value"}," năm"],"many":["trong ",{"t":"idOrVar","v":"value"}," năm"],"one":"năm tới","other":["trong ",{"t":"idOrVar","v":"value"}," năm"],"two":["trong ",{"t":"idOrVar","v":"value"}," năm"],"zero":"năm nay"},"$x":[{"t":"idOrVar","v":"plural"},"value"]},{"$i":"minutes-ago-short","$v":{"other":[{"t":"idOrVar","v":"value"}," tháng trước"],"zero":"ngay bây giờ"},"$x":[{"t":"idOrVar","v":"plural"},"value"]},{"$i":"hours-ago-short","$v":{"other":[{"t":"idOrVar","v":"value"}," giờ trước"],"zero":"ngay bây giờ"},"$x":[{"t":"idOrVar","v":"plural"},"value"]},{"$i":"days-ago-short","$v":{"other":[{"t":"idOrVar","v":"value"}," ngày trước"],"zero":"hôm nay"},"$x":[{"t":"idOrVar","v":"plural"},"value"]},{"$i":"minutes-until-short","$v":{"other":["trong ",{"t":"idOrVar","v":"value"},"m"],"zero":"hiện tại"},"$x":[{"t":"idOrVar","v":"plural"},"value"]},{"$i":"hours-until-short","$v":{"other":["trong ",{"t":"idOrVar","v":"value"}],"zero":"hiện tại"},"$x":[{"t":"idOrVar","v":"plural"},"value"]},{"$i":"days-until-short","$v":{"other":["in ",{"t":"idOrVar","v":"value"},"d"],"zero":"hôm nay"},"$x":[{"t":"idOrVar","v":"plural"},"value"]},{"$i":"incorrectDate","$v":"(ngày không chính xác)"},{"$i":"dateTimeFormat_%c","$v":"%a %b %e %Y %I:%M:%S %p"},{"$i":"dateTimeFormat_%x","$v":"%m/%d/%Y"},{"$i":"dateTimeFormat_%X","$v":"%I:%M:%S %p"},{"$i":"shortTimeFormat","$v":"%I:%M %p"},{"$i":"shortTimeFormat12","$v":"%I:%M %p"},{"$i":"shortTimeFormat24","$v":"%H:%M"},{"$i":"shortDateTimeFormat","$v":"%x %I:%M %p"},{"$i":"weekStartsOnMonday","$v":"0.0"},{"$i":"firstDayOfTheWeek","$v":"0.0"},{"$i":"time_am","$v":"AM"},{"$i":"time_pm","$v":"PM"},{"$i":"softkey-options","$v":"Tùy chọn"}]