[{"$i":"back","$v":"返回"},{"$i":"save","$v":"保存"},{"$i":"cancel","$v":"取消"},{"$i":"next","$v":"下一步"},{"$i":"hide","$v":"隐藏"},{"$i":"confirm","$v":"确认"},{"$i":"done","$v":"完成"},{"$i":"events","$v":"事项提醒"},{"$i":"edit","$v":"编辑"},{"$i":"allday-events","$v":"全天事项提醒"},{"$i":"no-events","$v":"无事项"},{"$i":"default","$v":"默认"},{"$i":"sync","$v":"同步"},{"$i":"repeat","$v":"重复"},{"$i":"never","$v":"永不"},{"$i":"every-day","$v":"每天"},{"$i":"every-week","$v":"每周"},{"$i":"every-2-weeks","$v":"每两周"},{"$i":"every-month","$v":"每月"},{"$i":"view-never","$v":"重复：永不"},{"$i":"view-every-day","$v":"重复：每天"},{"$i":"view-every-week","$v":"重复：每周"},{"$i":"view-every-2-weeks","$v":"重复：每两周"},{"$i":"view-every-month","$v":"重复：每月"},{"$i":"repeat-event-header","$v":"此为重复事件。"},{"$i":"delete-this-only","$v":"仅删除此项"},{"$i":"delete-all","$v":"全部删除"},{"$i":"event-edit-all","$v":"编辑所有事件"},{"$i":"event-edit-all-future","$v":"编辑所有未来事件"},{"$i":"options","$v":"选项"},{"$i":"event-delete-all","$v":"全部删除"},{"$i":"event-delete-all-future","$v":"删除所有未来事件"},{"$i":"delete-account","$v":"删除账户"},{"$i":"exchange-account","$v":"ActiveSync"},{"$i":"account-user-name","$v":"用户名"},{"$i":"incorrect-password-description","$v":"无法登录服务器，请确保密码无误。"},{"$i":"incorrect-password","$v":"密码不正确，请再试。"},{"$i":"account-duplicate","$v":"账号已存在。同步已开启。"},{"$i":"error-account","$v":"服务器不可用，请稍后重试。"},{"$i":"error-access-denied","$v":"发生未知错误，请稍后重试。"},{"$i":"error-time-out","$v":["无法与“",{"t":"idOrVar","v":"server"},"”建立连接。网络可能出错。"]},{"$i":"caldav-account-exist","$v":"账户已存在。"},{"$i":"save-password","$v":"密码已保存。"},{"$i":"account-login","$v":"账户登录"},{"$i":"setting-up-account","$v":"设置账户"},{"$i":"setup-account-usedInfo","$v":"以下应用使用此账户。可以在设置 > 账户中更改。"},{"$i":"app-calendar","$v":"日历"},{"$i":"show-today","$v":"今天"},{"$i":"show-month-view","$v":"月"},{"$i":"show-week-view","$v":"周"},{"$i":"show-day-view","$v":"天"},{"$i":"settings-show","$v":"设置"},{"$i":"settings-hide","$v":"隐藏设置"},{"$i":"add-account","$v":"添加帐号"},{"$i":"new-event","$v":"添加事件"},{"$i":"view-event-header","$v":"事件详情"},{"$i":"new-event-header","$v":"添加事件"},{"$i":"edit-event-header","$v":"编辑事项"},{"$i":"account-header","$v":"帐号"},{"$i":"account-list-header","$v":"帐号"},{"$i":"advanced-settings-short-icon-button","ariaLabel":"设置"},{"$i":"advanced-settings-header","$v":"日历设置"},{"$i":"advanced-settings-personalization","$v":"更新频率"},{"$i":"advanced-settings-reminders","$v":"提示"},{"$i":"advanced-settings-add-account","$v":"添加帐号"},{"$i":"field-user","$v":"用户名"},{"$i":"field-password","$v":"密码"},{"$i":"show-password","$v":"显示密码"},{"$i":"field-full-url","$v":"网址"},{"$i":"modify-account-setting-up","$v":"请等待您的账号设置完成"},{"$i":"modify-account-unable-to-sync","$v":"无法同步"},{"$i":"modify-account-sign-in","$v":"登录"},{"$i":"kai-caldav","$v":"CalDav"},{"$i":"kai-yahoo","$v":"雅虎"},{"$i":"kai-google","$v":"谷歌"},{"$i":"preset-mozilla","$v":"Mozilla Zimbra"},{"$i":"calendar-local","$v":"手机日历"},{"$i":"event-title","$v":"标题"},{"$i":"event-location","$v":"位置信息"},{"$i":"event-description","$v":"备注"},{"$i":"event-is-allday","$v":"全天事件"},{"$i":"event-start-date","$v":"开始日期"},{"$i":"event-end-date","$v":"结束日期"},{"$i":"event-start-time","$v":"开始时间"},{"$i":"event-end-time","$v":"结束时间"},{"$i":"event-delete","$v":"刪除事项"},{"$i":"event-is-deleting","$v":"正在删除…"},{"$i":"remove-account-data","$v":"删除账户"},{"$i":"remove-account-dialog","$v":"删除账号"},{"$i":"remove-account-dialog-details","$v":["从您的设备上删除\"",{"t":"idOrVar","v":"email"},"\" ?"]},{"$i":"remove","$v":"删除"},{"$i":"drawer-sync-icon-button","ariaLabel":"同步"},{"$i":"sync-progress-syncing","ariaValueText":"同步"},{"$i":"sync-progress-complete","ariaValueText":"同步完成"},{"$i":"sync-frequency","$v":"同步日历"},{"$i":"sync-frequency-15min","$v":"每隔15分钟"},{"$i":"sync-frequency-30min","$v":"每隔30分钟"},{"$i":"sync-frequency-manual","$v":"手动"},{"$i":"from","$v":"来自"},{"$i":"to","$v":"到"},{"$i":"one-day-duration-title","$v":[{"t":"idOrVar","v":"startDate"}]},{"$i":"one-day-duration-content","$v":[{"t":"idOrVar","v":"startTime"}," 到 ",{"t":"idOrVar","v":"endTime"}]},{"$i":"multiple-day-duration-title","$v":[{"t":"idOrVar","v":"startTime"}," ",{"t":"idOrVar","v":"startDate"}]},{"$i":"multiple-day-duration-content","$v":[{"t":"idOrVar","v":"endTime"}," ",{"t":"idOrVar","v":"endDate"}]},{"$i":"one-all-day-duration-title","$v":[{"t":"idOrVar","v":"startDate"}]},{"$i":"all-day-duration-content","$v":"全天事件"},{"$i":"multiple-all-day-duration-title","$v":["开始日期 ",{"t":"idOrVar","v":"startDate"}]},{"$i":"multiple-all-day-duration-content","$v":["结束日期 ",{"t":"idOrVar","v":"endDate"}]},{"$i":"none","$v":"无"},{"$i":"reminder","$v":"事件提醒"},{"$i":"remind-me","$v":"提醒我"},{"$i":"alarm-at-event-standard","$v":"事件发生时"},{"$i":"alarm-at-event-allday","$v":"事件当天"},{"$i":"alarm-at-event-allday-hour12","$v":"发生时间（上午 9:00）"},{"$i":"alarm-at-event-allday-hour24","$v":"发生时间（9:00）"},{"$i":"alarm-start-notice","$v":[{"t":"idOrVar","v":"distance"},"开始",{"t":"idOrVar","v":"title"}]},{"$i":"alarm-started-notice","$v":[{"t":"idOrVar","v":"distance"},"已开始",{"t":"idOrVar","v":"title"}]},{"$i":"alarm-start-notice-two-days","$v":[{"t":"idOrVar","v":"title"},"将在两天后开始"]},{"$i":"alarm-start-notice-few-days","$v":[{"t":"idOrVar","v":"title"},"将在",{"t":"idOrVar","v":"distance"},"后开始"]},{"$i":"days-before-hour12","$v":{"few":[{"t":"idOrVar","v":"value"}," 日前 （上午 9:00）"],"many":[{"t":"idOrVar","v":"value"}," 日前 （上午 9:00）"],"one":"1 日前 （上午9:00）","other":[{"t":"idOrVar","v":"value"}," 日前 （上午 9:00）"],"two":[{"t":"idOrVar","v":"value"}," 日前 （上午 9:00）"],"zero":"0 日前 （上午 9:00）"},"$x":[{"t":"idOrVar","v":"plural"},"value"]},{"$i":"weeks-before-hour12","$v":{"few":[{"t":"idOrVar","v":"value"}," 周前（上午 9:00）"],"many":[{"t":"idOrVar","v":"value"}," 周前（上午 9:00）"],"one":"1 周前（上午 9:00）","other":[{"t":"idOrVar","v":"value"}," 周前（上午 9:00）"],"two":[{"t":"idOrVar","v":"value"}," 周前（上午 9:00）"],"zero":"0 周前（上午 9:00）"},"$x":[{"t":"idOrVar","v":"plural"},"value"]},{"$i":"days-before-hour24","$v":{"few":[{"t":"idOrVar","v":"value"}," 日前 （9:00）"],"many":[{"t":"idOrVar","v":"value"}," 日前 （9:00）"],"one":"1 日前 （9:00）","other":[{"t":"idOrVar","v":"value"}," 日前 （9:00）"],"two":[{"t":"idOrVar","v":"value"}," 日前 （9:00）"],"zero":"0 日前 （9:00）"},"$x":[{"t":"idOrVar","v":"plural"},"value"]},{"$i":"weeks-before-hour24","$v":{"few":[{"t":"idOrVar","v":"value"}," 周前（9:00）"],"many":[{"t":"idOrVar","v":"value"}," 周前（9:00）"],"one":"1 周前（9:00）","other":[{"t":"idOrVar","v":"value"}," 周前（9:00）"],"two":[{"t":"idOrVar","v":"value"}," 周前（9:00）"],"zero":"0 周前（9:00）"},"$x":[{"t":"idOrVar","v":"plural"},"value"]},{"$i":"minutes-before","$v":{"few":[{"t":"idOrVar","v":"value"}," 分钟前"],"many":[{"t":"idOrVar","v":"value"}," 分钟前"],"one":"1分钟前","other":[{"t":"idOrVar","v":"value"}," 分钟前"],"two":[{"t":"idOrVar","v":"value"}," 分钟前"],"zero":"0分钟前"},"$x":[{"t":"idOrVar","v":"plural"},"value"]},{"$i":"hours-before","$v":{"few":"3小时前","many":[{"t":"idOrVar","v":"value"}," 小时前"],"one":"1小时前","other":[{"t":"idOrVar","v":"value"}," 小時前"],"two":"2小时前","zero":"0小时前"},"$x":[{"t":"idOrVar","v":"plural"},"value"]},{"$i":"days-before","$v":{"few":[{"t":"idOrVar","v":"value"}," 天前"],"many":[{"t":"idOrVar","v":"value"}," 天前"],"one":"1天前","other":[{"t":"idOrVar","v":"value"}," 天前"],"two":[{"t":"idOrVar","v":"value"}," 天前"],"zero":"0 天前"},"$x":[{"t":"idOrVar","v":"plural"},"value"]},{"$i":"weeks-before","$v":{"few":[{"t":"idOrVar","v":"value"}," 周前"],"many":[{"t":"idOrVar","v":"value"}," 周前"],"one":"1周前","other":[{"t":"idOrVar","v":"value"}," 周前"],"two":[{"t":"idOrVar","v":"value"}," 周前"],"zero":"0周前"},"$x":[{"t":"idOrVar","v":"plural"},"value"]},{"$i":"months-before","$v":{"few":[{"t":"idOrVar","v":"value"}," 个月前"],"many":[{"t":"idOrVar","v":"value"}," 个月前"],"one":"1 个月前","other":[{"t":"idOrVar","v":"value"}," 个月前"],"two":[{"t":"idOrVar","v":"value"}," 个月前"],"zero":"0月前"},"$x":[{"t":"idOrVar","v":"plural"},"value"]},{"$i":"years-before","$v":{"few":[{"t":"idOrVar","v":"value"}," 年前"],"many":[{"t":"idOrVar","v":"value"}," 年前"],"one":"1 年前","other":[{"t":"idOrVar","v":"value"}," 年前"],"two":[{"t":"idOrVar","v":"value"}," 年前"],"zero":"0 年前"},"$x":[{"t":"idOrVar","v":"plural"},"value"]},{"$i":"minutes-after","$v":{"few":[{"t":"idOrVar","v":"value"},"分钟后"],"many":[{"t":"idOrVar","v":"value"},"分钟后"],"one":"1分钟后","other":[{"t":"idOrVar","v":"value"},"分钟后"],"two":[{"t":"idOrVar","v":"value"},"分钟后"],"zero":"0分钟后"},"$x":[{"t":"idOrVar","v":"plural"},"value"]},{"$i":"hours-after","$v":{"few":"3小时后","many":[{"t":"idOrVar","v":"value"}," 小时后"],"one":"1小时后","other":[{"t":"idOrVar","v":"value"}," 小时后"],"two":[{"t":"idOrVar","v":"value"}," 小时后"],"zero":"0小时后"},"$x":[{"t":"idOrVar","v":"plural"},"value"]},{"$i":"days-after","$v":{"few":[{"t":"idOrVar","v":"value"}," 天后"],"many":[{"t":"idOrVar","v":"value"}," 天后"],"one":"1天后","other":[{"t":"idOrVar","v":"value"}," 天后"],"two":[{"t":"idOrVar","v":"value"}," 天后"],"zero":"0天后"},"$x":[{"t":"idOrVar","v":"plural"},"value"]},{"$i":"weeks-after","$v":{"few":[{"t":"idOrVar","v":"value"}," 周后"],"many":[{"t":"idOrVar","v":"value"}," 周后"],"one":"1周后","other":[{"t":"idOrVar","v":"value"}," 周后"],"two":[{"t":"idOrVar","v":"value"}," 周后"],"zero":"0周后"},"$x":[{"t":"idOrVar","v":"plural"},"value"]},{"$i":"months-after","$v":{"few":[{"t":"idOrVar","v":"value"}," 个月后"],"many":[{"t":"idOrVar","v":"value"}," 个月后"],"one":"1个月后","other":[{"t":"idOrVar","v":"value"}," 个月后"],"two":[{"t":"idOrVar","v":"value"}," 个月后"],"zero":"0个月后"},"$x":[{"t":"idOrVar","v":"plural"},"value"]},{"$i":"years-after","$v":{"few":[{"t":"idOrVar","v":"value"}," 年后"],"many":[{"t":"idOrVar","v":"value"}," 年后"],"one":"1年后","other":[{"t":"idOrVar","v":"value"}," 年后"],"two":[{"t":"idOrVar","v":"value"}," 年后"],"zero":"0年后"},"$x":[{"t":"idOrVar","v":"plural"},"value"]},{"$i":"hour-format12","$v":"%I %p"},{"$i":"hour-format24","$v":"%H"},{"$i":"week-hour-format12","$v":"%I %p"},{"$i":"week-hour-format24","$v":"%H"},{"$i":"hour-allday","$v":"全天"},{"$i":"kai-week-day","$v":"%a\\n%e"},{"$i":"current-time12","$v":"%I:%M"},{"$i":"current-time24","$v":"%H:%M"},{"$i":"multi-month-view-header-format","$v":"%B %Y"},{"$i":"day-view-header-format","$v":"%B %e，%A"},{"$i":"months-day-view-header-format","$v":"%A, %B %e"},{"$i":"months-day-view-header-format-small","$v":{"$o":"%a <br/> %b, %e"}},{"$i":"week-view-header-format","$v":["%Y %B，周",{"t":"idOrVar","v":"value"}]},{"$i":"longDateFormat","$v":"%A, %B %d, %Y"},{"$i":"longTimeFormat","$v":"%A %B %d"},{"$i":"longTimeFormat12","$v":"%A %B %d %I %p"},{"$i":"longTimeFormat24","$v":"%A %B %d %H o clock"},{"$i":"weekTimeFormat12","$v":"%I %p"},{"$i":"weekTimeFormat24","$v":"%H 时"},{"$i":"weekDayFormat","$v":"%A the %d"},{"$i":"alldayLongTimeFormat","$v":"%A %B %d 全天"},{"$i":"dayHour12","$v":"%I %p"},{"$i":"dayHour24","$v":"%H 时"},{"$i":"longDateTime12","$v":"%I %p, %a, %d %b, %Y"},{"$i":"longDateTime24","$v":"%H, %a, %d %b, %Y"},{"$i":"upcoming-events","$v":"即将到来的事件"},{"$i":"search-results","$v":"搜索结果"},{"$i":"no-event-found","$v":"未发现事项"},{"$i":"longDateTimeNew12","$v":"%a, %B %d, %Y, %I:%M %p"},{"$i":"longDateTimeNew24","$v":"%a, %B %d, %Y, %H:%M"},{"$i":"error-start-date-after-end-date","$v":"事件结束日期不得早于开始日期。"},{"$i":"error-start-time-after-end-time","$v":"事件结束时间不得早于开始时间。"},{"$i":"error-unauthenticated","$v":"账号名或密码错误，请重试"},{"$i":"error-internal-server-error","$v":"服务器错误，请重试"},{"$i":"error-unkown","$v":"服务器不可用。请稍后重试。"},{"$i":"error-default","$v":"发生错误，请稍后再试"},{"$i":"error-offline","$v":"无法连接网络。您可通过 Wi-Fi 或移动数据访问网络。"},{"$i":"error-account-exist","$v":"此账号已存在"},{"$i":"error-confirmation-title","$v":"错误"},{"$i":"error-edit-online-event","$v":"由于未连接网络，无法编辑在线事件。"},{"$i":"error-delete-online-event","$v":"由于未连接网络，无法删除在线事件。"},{"$i":"notification-error-sync-title","$v":"日历同步错误"},{"$i":"notification-error-sync-description","$v":"点击获取更多信息"},{"$i":"notification-error-caldav-sync-title","$v":"账户出错"},{"$i":"notification-error-caldav-sync-description","$v":"重新登录"},{"$i":"weekday-0-single-char","$v":"日","ariaLabel":"星期日"},{"$i":"weekday-1-single-char","$v":"一","ariaLabel":"星期一"},{"$i":"weekday-2-single-char","$v":"二","ariaLabel":"星期二"},{"$i":"weekday-3-single-char","$v":"三","ariaLabel":"星期三"},{"$i":"weekday-4-single-char","$v":"四","ariaLabel":"星期四"},{"$i":"weekday-5-single-char","$v":"五","ariaLabel":"星期五"},{"$i":"weekday-6-single-char","$v":"六","ariaLabel":"星期六"},{"$i":"busy","$v":{"few":[{"t":"idOrVar","v":"n"}," 个事件"],"many":[{"t":"idOrVar","v":"n"}," 个事件"],"one":[{"t":"idOrVar","v":"n"},"事项"],"other":[{"t":"idOrVar","v":"n"}," 个事件"],"two":[{"t":"idOrVar","v":"n"}," 个事件"],"zero":"无事项"},"$x":[{"t":"idOrVar","v":"plural"},"n"]},{"$i":"present","ariaLabel":"今天"},{"$i":"past-other-month-description","ariaLabel":"其他月份"},{"$i":"future-other-month-description","ariaLabel":"其他月份"},{"$i":"icon-calendar-alarm","ariaLabel":"提醒"},{"$i":"calendars","ariaLabel":"日历"},{"$i":"multi-day-new-event-link","ariaLabel":"添加事项"},{"$i":"title","ariaLabel":"标题"},{"$i":"location","ariaLabel":"位置信息"},{"$i":"duration","ariaLabel":"时长"},{"$i":"calendar","ariaLabel":"日历"},{"$i":"alarms","ariaLabel":"闹钟"},{"$i":"description","ariaLabel":"说明"},{"$i":"start-date","ariaLabel":"开始日期"},{"$i":"start-time","ariaLabel":"开始时间"},{"$i":"end-date","ariaLabel":"结束日期"},{"$i":"end-time","ariaLabel":"结束时间"},{"$i":"during-progress-loading","ariaValueText":"生成中"},{"$i":"all-day","ariaLabel":"All day"},{"$i":"create-event","ariaLabel":"创建事项"},{"$i":"create-all-day-event","ariaLabel":"创建全天事项"},{"$i":"event-one-day-duration","ariaLabel":["从",{"t":"idOrVar","v":"startTime"}," 到 ",{"t":"idOrVar","v":"endTime"}]},{"$i":"week-event-one-day-duration","ariaLabel":[{"t":"idOrVar","v":"startDate"}," 从",{"t":"idOrVar","v":"startTime"}," 到 ",{"t":"idOrVar","v":"endTime"}]},{"$i":"event-multiple-day-duration","ariaLabel":["从 ",{"t":"idOrVar","v":"startTime"}," ",{"t":"idOrVar","v":"startDate"}," 到",{"t":"idOrVar","v":"endTime"}," ",{"t":"idOrVar","v":"endDate"}]},{"$i":"kai-event-added","$v":"事件已添加。"},{"$i":"kai-event-updated","$v":"事件已更新。"},{"$i":"kai-event-deleted","$v":"事件已删除。"},{"$i":"kai-change-save","$v":"更改已保存"},{"$i":"event-sync-failure","$v":"无法同步"},{"$i":"kai-event-calendar","$v":"日历"},{"$i":"kai-single-event","$v":"事件"},{"$i":"kai-event-count","$v":"事件"},{"$i":"kai-sync-progress-syncing","$v":"同步"},{"$i":"kai-sync-progress-complete","$v":"日历已更新。"},{"$i":"kai-settings-sounds","$v":"声音"},{"$i":"kai-tones","$v":"铃声"},{"$i":"kai-multi-events","$v":"活动"},{"$i":"kai-confirmation-title","$v":"确认"},{"$i":"kai-delete-selectedEvent-confirmation","$v":"删除选中事件？"},{"$i":"kai-deleteEvent-confirmation","$v":"删除事件？"},{"$i":"kai-event-search-header","$v":"搜索","placeholder":"搜索"},{"$i":"kai-event-search-upcoming-events","$v":"即将到来的事件"},{"$i":"kai-delete","$v":"删除"},{"$i":"kai-cancel","$v":"取消"},{"$i":"kai-dialog-delete-sel","$v":"确定删除所选事件？"},{"$i":"kai-delete-title","$v":"删除事件"},{"$i":"kai-save-changes","$v":"保存更改？"},{"$i":"kai-save-message-back","$v":"所有已输入数据将丢失。是否保存更改？"},{"$i":"kai-save-message-close","$v":"应用将被关闭，并有数据丢失。是否保存更改？"},{"$i":"yes","$v":"是"},{"$i":"no","$v":"否"},{"$i":"confirmation","$v":"确认"},{"$i":"ok","$v":"确定"},{"$i":"delete-event","$v":"删除所选事件？"},{"$i":"edit-event-no-net","$v":"没有网络连接，无法编辑在线事件。"},{"$i":"kai-settings-header","$v":"将显示的日历"},{"$i":"kai-syncing","$v":"同步中"},{"$i":"kai-syncing-header","$v":"账号同步"},{"$i":"select","$v":"选择"},{"$i":"add-event","$v":"添加"},{"$i":"week-view","$v":"周视图"},{"$i":"day-view","$v":"日视图"},{"$i":"month-view","$v":"月视图"},{"$i":"today","$v":"今天"},{"$i":"go","$v":"前往日期"},{"$i":"search","$v":"搜索"},{"$i":"calendar-to-display","$v":"将显示的日历"},{"$i":"settings","$v":"设置"},{"$i":"delete","$v":"删除"},{"$i":"enter","$v":"回车"},{"$i":"sync-calendar","$v":"同步日历"},{"$i":"lunar-calendar","$v":"农历日"},{"$i":"present-description","$v":["今天 ",{"t":"idOrVar","v":"weekday"}," 第 ",{"t":"idOrVar","v":"date"}," 日"]},{"$i":"day-description","$v":[{"t":"idOrVar","v":"weekday"}," 第 ",{"t":"idOrVar","v":"date"}," 天"]},{"$i":"weekday-5","$v":"周五"},{"$i":"weekday-4","$v":"周四"},{"$i":"weekday-3","$v":"周三"},{"$i":"weekday-2","$v":"周二"},{"$i":"weekday-1","$v":"周一"},{"$i":"weekday-0","$v":"星期日"},{"$i":"weekday-6","$v":"周六"},{"$i":"no-title","$v":"（无标题）"},{"$i":"weekday-0-long","$v":"周日"},{"$i":"weekday-1-long","$v":"周一"},{"$i":"weekday-2-long","$v":"周二"},{"$i":"weekday-3-long","$v":"周三"},{"$i":"weekday-4-long","$v":"周四"},{"$i":"weekday-5-long","$v":"周五"},{"$i":"weekday-6-long","$v":"周六"},{"$i":"weekday-0-short","$v":"周日"},{"$i":"weekday-1-short","$v":"周一"},{"$i":"weekday-2-short","$v":"周二"},{"$i":"weekday-3-short","$v":"周三"},{"$i":"weekday-4-short","$v":"周四"},{"$i":"weekday-5-short","$v":"周五"},{"$i":"weekday-6-short","$v":"周六"},{"$i":"month-0-long","$v":"一月"},{"$i":"month-1-long","$v":"二月"},{"$i":"month-2-long","$v":"三月"},{"$i":"month-3-long","$v":"四月"},{"$i":"month-4-long","$v":"五月"},{"$i":"month-5-long","$v":"六月"},{"$i":"month-6-long","$v":"七月"},{"$i":"month-7-long","$v":"八月"},{"$i":"month-8-long","$v":"九月"},{"$i":"month-9-long","$v":"十月"},{"$i":"month-10-long","$v":"十一月"},{"$i":"month-11-long","$v":"十二月"},{"$i":"month-0-genitive","$v":"一月"},{"$i":"month-1-genitive","$v":"二月"},{"$i":"month-2-genitive","$v":"三月"},{"$i":"month-3-genitive","$v":"四月"},{"$i":"month-4-genitive","$v":"五月"},{"$i":"month-5-genitive","$v":"六月"},{"$i":"month-6-genitive","$v":"七月"},{"$i":"month-7-genitive","$v":"八月"},{"$i":"month-8-genitive","$v":"九月"},{"$i":"month-9-genitive","$v":"十月"},{"$i":"month-10-genitive","$v":"十一月"},{"$i":"month-11-genitive","$v":"十二月"},{"$i":"month-0-short","$v":"1 月"},{"$i":"month-1-short","$v":"2 月"},{"$i":"month-2-short","$v":"3 月"},{"$i":"month-3-short","$v":"4 月"},{"$i":"month-4-short","$v":"5 月"},{"$i":"month-5-short","$v":"6 月"},{"$i":"month-6-short","$v":"7 月"},{"$i":"month-7-short","$v":"8 月"},{"$i":"month-8-short","$v":"9 月"},{"$i":"month-9-short","$v":"10 月"},{"$i":"month-10-short","$v":"11 月"},{"$i":"month-11-short","$v":"12 月"},{"$i":"minutes-ago-long","$v":{"few":[{"t":"idOrVar","v":"value"}," 分钟前"],"many":[{"t":"idOrVar","v":"value"}," 分钟前"],"one":"一分钟前","other":[{"t":"idOrVar","v":"value"}," 分钟前"],"two":[{"t":"idOrVar","v":"value"}," 分钟前"],"zero":"刚刚"},"$x":[{"t":"idOrVar","v":"plural"},"value"]},{"$i":"hours-ago-long","$v":{"few":[{"t":"idOrVar","v":"value"}," 小时前"],"many":[{"t":"idOrVar","v":"value"}," 小时前"],"one":"一小时前","other":[{"t":"idOrVar","v":"value"}," 小时前"],"two":[{"t":"idOrVar","v":"value"}," 小时前"],"zero":"刚刚"},"$x":[{"t":"idOrVar","v":"plural"},"value"]},{"$i":"days-ago-long","$v":{"few":[{"t":"idOrVar","v":"value"}," 天前"],"many":[{"t":"idOrVar","v":"value"}," 天前"],"one":"昨天","other":[{"t":"idOrVar","v":"value"}," 天前"],"two":[{"t":"idOrVar","v":"value"}," 天前"],"zero":"今天"},"$x":[{"t":"idOrVar","v":"plural"},"value"]},{"$i":"weeks-ago-long","$v":{"few":[{"t":"idOrVar","v":"value"}," 周前"],"many":[{"t":"idOrVar","v":"value"}," 周前"],"one":"最近一周","other":[{"t":"idOrVar","v":"value"}," 周前"],"two":[{"t":"idOrVar","v":"value"}," 周前"],"zero":"本周"},"$x":[{"t":"idOrVar","v":"plural"},"value"]},{"$i":"months-ago-long","$v":{"few":[{"t":"idOrVar","v":"value"}," 月前"],"many":[{"t":"idOrVar","v":"value"}," 月前"],"one":"上月","other":[{"t":"idOrVar","v":"value"}," 月前"],"two":[{"t":"idOrVar","v":"value"}," 月前"],"zero":"本月"},"$x":[{"t":"idOrVar","v":"plural"},"value"]},{"$i":"years-ago-long","$v":{"few":[{"t":"idOrVar","v":"value"}," 年前"],"many":[{"t":"idOrVar","v":"value"}," 年前"],"one":"去年","other":[{"t":"idOrVar","v":"value"}," 年前"],"two":[{"t":"idOrVar","v":"value"}," 年前"],"zero":"今年"},"$x":[{"t":"idOrVar","v":"plural"},"value"]},{"$i":"minutes-until-long","$v":{"few":[{"t":"idOrVar","v":"value"}," 分钟内"],"many":[{"t":"idOrVar","v":"value"}," 分钟内"],"one":"一分钟内","other":[{"t":"idOrVar","v":"value"}," 分钟"],"two":[{"t":"idOrVar","v":"value"}," 分钟内"],"zero":"現在"},"$x":[{"t":"idOrVar","v":"plural"},"value"]},{"$i":"hours-until-long","$v":{"few":[{"t":"idOrVar","v":"value"}," 小时内"],"many":[{"t":"idOrVar","v":"value"}," 小时内"],"one":"一小时","other":[{"t":"idOrVar","v":"value"}," 小时内"],"two":[{"t":"idOrVar","v":"value"}," 小时"],"zero":"現在"},"$x":[{"t":"idOrVar","v":"plural"},"value"]},{"$i":"days-until-long","$v":{"few":[{"t":"idOrVar","v":"value"}," 天内"],"many":[{"t":"idOrVar","v":"value"}," 天内"],"one":"明天","other":[{"t":"idOrVar","v":"value"}," 天内"],"two":[{"t":"idOrVar","v":"value"}," 天内"],"zero":"今天"},"$x":[{"t":"idOrVar","v":"plural"},"value"]},{"$i":"weeks-until-long","$v":{"few":[{"t":"idOrVar","v":"value"}," 周内"],"many":[{"t":"idOrVar","v":"value"}," 周内"],"one":"下周","other":[{"t":"idOrVar","v":"value"}," 周内"],"two":[{"t":"idOrVar","v":"value"}," 周内"],"zero":"本周"},"$x":[{"t":"idOrVar","v":"plural"},"value"]},{"$i":"months-until-long","$v":{"few":[{"t":"idOrVar","v":"value"}," 个月内"],"many":[{"t":"idOrVar","v":"value"}," 个月内"],"one":"下个月","other":[{"t":"idOrVar","v":"value"}," 个月内"],"two":[{"t":"idOrVar","v":"value"}," 个月内"],"zero":"本月"},"$x":[{"t":"idOrVar","v":"plural"},"value"]},{"$i":"years-until-long","$v":{"few":[{"t":"idOrVar","v":"value"}," 年内"],"many":[{"t":"idOrVar","v":"value"}," 年内"],"one":"明年","other":[{"t":"idOrVar","v":"value"}," 年内"],"two":[{"t":"idOrVar","v":"value"}," 年内"],"zero":"今年"},"$x":[{"t":"idOrVar","v":"plural"},"value"]},{"$i":"minutes-ago-short","$v":{"other":[{"t":"idOrVar","v":"value"}," 分钟前"],"zero":"刚刚"},"$x":[{"t":"idOrVar","v":"plural"},"value"]},{"$i":"hours-ago-short","$v":{"other":[{"t":"idOrVar","v":"value"}," 小时前"],"zero":"刚刚"},"$x":[{"t":"idOrVar","v":"plural"},"value"]},{"$i":"days-ago-short","$v":{"other":[{"t":"idOrVar","v":"value"}," 天前"],"zero":"今天"},"$x":[{"t":"idOrVar","v":"plural"},"value"]},{"$i":"minutes-until-short","$v":{"other":[{"t":"idOrVar","v":"value"}," 分內"],"zero":"現在"},"$x":[{"t":"idOrVar","v":"plural"},"value"]},{"$i":"hours-until-short","$v":{"other":[{"t":"idOrVar","v":"value"}," 小时内"],"zero":"現在"},"$x":[{"t":"idOrVar","v":"plural"},"value"]},{"$i":"days-until-short","$v":{"other":[{"t":"idOrVar","v":"value"}," 天内"],"zero":"今天"},"$x":[{"t":"idOrVar","v":"plural"},"value"]},{"$i":"incorrectDate","$v":"（日期有误）"},{"$i":"dateTimeFormat_%c","$v":"%Y年%b%d日 %a %I:%M:%S %p"},{"$i":"dateTimeFormat_%x","$v":"%Y/%m/%d"},{"$i":"dateTimeFormat_%X","$v":"%I:%M:%S %p"},{"$i":"shortTimeFormat","$v":"%p %I:%M"},{"$i":"shortTimeFormat12","$v":"%p %I:%M"},{"$i":"shortTimeFormat24","$v":"%H:%M"},{"$i":"shortDateTimeFormat","$v":"%p %x %I:%M"},{"$i":"weekStartsOnMonday","$v":"0.0"},{"$i":"firstDayOfTheWeek","$v":"0.0"},{"$i":"time_am","$v":"上午"},{"$i":"time_pm","$v":"下午"},{"$i":"softkey-options","$v":"选项"}]