[{"$i":"back","$v":"返回"},{"$i":"save","$v":"儲存"},{"$i":"cancel","$v":"取消"},{"$i":"next","$v":"下一步"},{"$i":"hide","$v":"隱藏"},{"$i":"confirm","$v":"確認"},{"$i":"done","$v":"完成"},{"$i":"events","$v":"事件提示"},{"$i":"edit","$v":"編輯"},{"$i":"allday-events","$v":"全天事件提示"},{"$i":"no-events","$v":"無事件"},{"$i":"default","$v":"預設"},{"$i":"sync","$v":"同步"},{"$i":"repeat","$v":"重複"},{"$i":"never","$v":"永不"},{"$i":"every-day","$v":"每天"},{"$i":"every-week","$v":"每週"},{"$i":"every-2-weeks","$v":"每兩週一次"},{"$i":"every-month","$v":"每個月"},{"$i":"view-never","$v":"重複：從不"},{"$i":"view-every-day","$v":"重複：每日"},{"$i":"view-every-week","$v":"重複：每週"},{"$i":"view-every-2-weeks","$v":"重複：每兩週"},{"$i":"view-every-month","$v":"重複：每月"},{"$i":"repeat-event-header","$v":"這是一個重複的活動。"},{"$i":"delete-this-only","$v":"僅刪除此內容"},{"$i":"delete-all","$v":"全部刪除"},{"$i":"event-edit-all","$v":"編輯所有活動"},{"$i":"event-edit-all-future","$v":"編輯所有未來活動"},{"$i":"options","$v":"選項"},{"$i":"event-delete-all","$v":"全部刪除"},{"$i":"event-delete-all-future","$v":"刪除所有未來活動"},{"$i":"delete-account","$v":"刪除帳號"},{"$i":"exchange-account","$v":"ActiveSync"},{"$i":"account-user-name","$v":"用戶名稱"},{"$i":"incorrect-password-description","$v":"無法登入伺服器。請嘗試重新輸入密碼。"},{"$i":"incorrect-password","$v":"密碼不正確，請重試。"},{"$i":"account-duplicate","$v":"帳號已存在。已開啟同步。"},{"$i":"error-account","$v":"伺服器不可用。請稍後重試。"},{"$i":"error-access-denied","$v":"發生未知錯誤，請稍後再試一次。"},{"$i":"error-time-out","$v":["無法與「",{"t":"idOrVar","v":"server"},"」建立連接。網絡可能存在問題。"]},{"$i":"caldav-account-exist","$v":"此帳號已存在。"},{"$i":"save-password","$v":"密碼已保存。"},{"$i":"account-login","$v":"帳號登錄"},{"$i":"setting-up-account","$v":"設定帳號"},{"$i":"setup-account-usedInfo","$v":"此帳號將用於下列應用程式。您可以在「設定」>「帳號」中變更此設定。"},{"$i":"app-calendar","$v":"日曆"},{"$i":"show-today","$v":"今日"},{"$i":"show-month-view","$v":"月份"},{"$i":"show-week-view","$v":"週"},{"$i":"show-day-view","$v":"日"},{"$i":"settings-show","$v":"設定"},{"$i":"settings-hide","$v":"隱藏設定"},{"$i":"add-account","$v":"新增帳號"},{"$i":"new-event","$v":"新增事件"},{"$i":"view-event-header","$v":"事件詳情"},{"$i":"new-event-header","$v":"新增事件"},{"$i":"edit-event-header","$v":"編輯事件"},{"$i":"account-header","$v":"帳號"},{"$i":"account-list-header","$v":"帳號"},{"$i":"advanced-settings-short-icon-button","ariaLabel":"設定"},{"$i":"advanced-settings-header","$v":"日曆設定"},{"$i":"advanced-settings-personalization","$v":"更新頻率"},{"$i":"advanced-settings-reminders","$v":"提示"},{"$i":"advanced-settings-add-account","$v":"新增帳號"},{"$i":"field-user","$v":"用戶名稱"},{"$i":"field-password","$v":"密碼"},{"$i":"show-password","$v":"顯示密碼"},{"$i":"field-full-url","$v":"URL"},{"$i":"modify-account-setting-up","$v":"請稍候，正在設定您的帳號"},{"$i":"modify-account-unable-to-sync","$v":"無法同步"},{"$i":"modify-account-sign-in","$v":"登入"},{"$i":"kai-caldav","$v":"CalDav"},{"$i":"kai-yahoo","$v":"Yahoo!"},{"$i":"kai-google","$v":"Google"},{"$i":"preset-mozilla","$v":"Mozilla Zimbra"},{"$i":"calendar-local","$v":"手機行事曆"},{"$i":"event-title","$v":"標題"},{"$i":"event-location","$v":"位置"},{"$i":"event-description","$v":"備註"},{"$i":"event-is-allday","$v":"全天事件"},{"$i":"event-start-date","$v":"開始日期"},{"$i":"event-end-date","$v":"結束日期"},{"$i":"event-start-time","$v":"開始時間"},{"$i":"event-end-time","$v":"結束時間"},{"$i":"event-delete","$v":"刪除事件"},{"$i":"event-is-deleting","$v":"正在刪除..."},{"$i":"remove-account-data","$v":"移除行事曆帳號"},{"$i":"remove-account-dialog","$v":"移除帳號"},{"$i":"remove-account-dialog-details","$v":["從您的裝置中移除「",{"t":"idOrVar","v":"email"},"」？"]},{"$i":"remove","$v":"移除"},{"$i":"drawer-sync-icon-button","ariaLabel":"同步"},{"$i":"sync-progress-syncing","ariaValueText":"正在同步"},{"$i":"sync-progress-complete","ariaValueText":"同步完成"},{"$i":"sync-frequency","$v":"同步行事曆"},{"$i":"sync-frequency-15min","$v":"每15分鐘"},{"$i":"sync-frequency-30min","$v":"每30分鐘"},{"$i":"sync-frequency-manual","$v":"手動"},{"$i":"from","$v":"從"},{"$i":"to","$v":"至"},{"$i":"one-day-duration-title","$v":[{"t":"idOrVar","v":"startDate"}]},{"$i":"one-day-duration-content","$v":[{"t":"idOrVar","v":"startTime"},"至",{"t":"idOrVar","v":"endTime"}]},{"$i":"multiple-day-duration-title","$v":[{"t":"idOrVar","v":"startTime"}," ",{"t":"idOrVar","v":"startDate"}]},{"$i":"multiple-day-duration-content","$v":[{"t":"idOrVar","v":"endTime"}," ",{"t":"idOrVar","v":"endDate"}]},{"$i":"one-all-day-duration-title","$v":[{"t":"idOrVar","v":"startDate"}]},{"$i":"all-day-duration-content","$v":"整日活動"},{"$i":"multiple-all-day-duration-title","$v":["從",{"t":"idOrVar","v":"startDate"}]},{"$i":"multiple-all-day-duration-content","$v":["至",{"t":"idOrVar","v":"endDate"}]},{"$i":"none","$v":"無"},{"$i":"reminder","$v":"事件提示"},{"$i":"remind-me","$v":"提示我"},{"$i":"alarm-at-event-standard","$v":"事件發生時"},{"$i":"alarm-at-event-allday","$v":"事件發生當天"},{"$i":"alarm-at-event-allday-hour12","$v":"事件發生當天(9:00 AM)"},{"$i":"alarm-at-event-allday-hour24","$v":"事件發生當天(09:00)"},{"$i":"alarm-start-notice","$v":[{"t":"idOrVar","v":"title"}," 正在啟動 ",{"t":"idOrVar","v":"distance"}]},{"$i":"alarm-started-notice","$v":[{"t":"idOrVar","v":"title"}," 已啟動 ",{"t":"idOrVar","v":"distance"}]},{"$i":"alarm-start-notice-two-days","$v":[{"t":"idOrVar","v":"title"},"將在兩天後啟動"]},{"$i":"alarm-start-notice-few-days","$v":[{"t":"idOrVar","v":"title"},"將於",{"t":"idOrVar","v":"distance"},"後啟動"]},{"$i":"days-before-hour12","$v":{"few":["(9:00 AM)之前",{"t":"idOrVar","v":"value"},"天"],"many":["(9:00 AM)之前",{"t":"idOrVar","v":"value"},"天"],"one":"(9:00 AM)之前1天","other":["(9:00 AM)之前",{"t":"idOrVar","v":"value"},"天"],"two":["(9:00 AM)之前",{"t":"idOrVar","v":"value"},"天"],"zero":"(9:00 AM)之前0天"},"$x":[{"t":"idOrVar","v":"plural"},"value"]},{"$i":"weeks-before-hour12","$v":{"few":["(9:00 AM)之前",{"t":"idOrVar","v":"value"},"週"],"many":["(9:00 AM)之前",{"t":"idOrVar","v":"value"},"週"],"one":"(9:00 AM)之前1週","other":["(9:00 AM)之前",{"t":"idOrVar","v":"value"},"週"],"two":["(9:00 AM)之前",{"t":"idOrVar","v":"value"},"週"],"zero":"(9:00 AM)之前0週"},"$x":[{"t":"idOrVar","v":"plural"},"value"]},{"$i":"days-before-hour24","$v":{"few":["(09:00)之前",{"t":"idOrVar","v":"value"},"天"],"many":["(09:00)之前",{"t":"idOrVar","v":"value"},"天"],"one":"(09:00)之前1天","other":["(09:00)之前",{"t":"idOrVar","v":"value"},"天"],"two":["(09:00)之前",{"t":"idOrVar","v":"value"},"天"],"zero":"(09:00)之前0天"},"$x":[{"t":"idOrVar","v":"plural"},"value"]},{"$i":"weeks-before-hour24","$v":{"few":["(09:00)之前",{"t":"idOrVar","v":"value"},"週"],"many":["(09:00)之前",{"t":"idOrVar","v":"value"},"週"],"one":"(09:00)之前1週","other":["(09:00)之前",{"t":"idOrVar","v":"value"},"週"],"two":["(09:00)之前",{"t":"idOrVar","v":"value"},"週"],"zero":"(09:00)之前0週"},"$x":[{"t":"idOrVar","v":"plural"},"value"]},{"$i":"minutes-before","$v":{"few":["以下時間之前",{"t":"idOrVar","v":"value"},"分鐘"],"many":["以下時間之前",{"t":"idOrVar","v":"value"},"分鐘"],"one":"以下時間之前1分鐘","other":["事件發生前",{"t":"idOrVar","v":"value"},"分鐘"],"two":["以下時間之前",{"t":"idOrVar","v":"value"},"分鐘"],"zero":"以下時間之前0分鐘"},"$x":[{"t":"idOrVar","v":"plural"},"value"]},{"$i":"hours-before","$v":{"few":["以下時間之前",{"t":"idOrVar","v":"value"},"小時"],"many":["以下時間之前",{"t":"idOrVar","v":"value"},"小時"],"one":"事件發生前1小時","other":["以下時間之前",{"t":"idOrVar","v":"value"},"小時"],"two":["事件發生前",{"t":"idOrVar","v":"value"},"小時"],"zero":"以下時間之前0小時"},"$x":[{"t":"idOrVar","v":"plural"},"value"]},{"$i":"days-before","$v":{"few":["以下時間之前",{"t":"idOrVar","v":"value"},"天"],"many":["以下時間之前",{"t":"idOrVar","v":"value"},"天"],"one":"事件發生前1天","other":["以下時間之前",{"t":"idOrVar","v":"value"},"天"],"two":["以下時間之前",{"t":"idOrVar","v":"value"},"天"],"zero":"以下時間之前0天"},"$x":[{"t":"idOrVar","v":"plural"},"value"]},{"$i":"weeks-before","$v":{"few":["以下時間之前",{"t":"idOrVar","v":"value"},"週"],"many":["以下時間之前",{"t":"idOrVar","v":"value"},"週"],"one":"以下時間之前1週","other":["以下時間之前",{"t":"idOrVar","v":"value"},"週"],"two":["以下時間之前",{"t":"idOrVar","v":"value"},"週"],"zero":"以下時間之前0週"},"$x":[{"t":"idOrVar","v":"plural"},"value"]},{"$i":"months-before","$v":{"few":["以下時間之前",{"t":"idOrVar","v":"value"},"個月"],"many":["以下時間之前",{"t":"idOrVar","v":"value"},"個月"],"one":"以下時間之前1個月","other":["以下時間之前",{"t":"idOrVar","v":"value"},"個月"],"two":["以下時間之前",{"t":"idOrVar","v":"value"},"個月"],"zero":"以下時間之前0個月"},"$x":[{"t":"idOrVar","v":"plural"},"value"]},{"$i":"years-before","$v":{"few":["以下時間之前",{"t":"idOrVar","v":"value"},"年"],"many":["以下時間之前",{"t":"idOrVar","v":"value"},"年"],"one":"以下時間之前1年","other":["以下時間之前",{"t":"idOrVar","v":"value"},"年"],"two":["以下時間之前",{"t":"idOrVar","v":"value"},"年"],"zero":"以下時間之前0年"},"$x":[{"t":"idOrVar","v":"plural"},"value"]},{"$i":"minutes-after","$v":{"few":["以下時間之後",{"t":"idOrVar","v":"value"},"分鐘"],"many":["以下時間之後",{"t":"idOrVar","v":"value"},"分鐘"],"one":"以下時間之後1分鐘","other":["以下時間之後",{"t":"idOrVar","v":"value"},"分鐘"],"two":["以下時間之後",{"t":"idOrVar","v":"value"},"分鐘"],"zero":"以下時間之後0分鐘"},"$x":[{"t":"idOrVar","v":"plural"},"value"]},{"$i":"hours-after","$v":{"few":["以下時間之後",{"t":"idOrVar","v":"value"},"小時"],"many":["以下時間之後",{"t":"idOrVar","v":"value"},"小時"],"one":"以下時間之後1小時","other":["以下時間之後",{"t":"idOrVar","v":"value"},"小時"],"two":["以下時間之後",{"t":"idOrVar","v":"value"},"小時"],"zero":"以下時間之後0小時"},"$x":[{"t":"idOrVar","v":"plural"},"value"]},{"$i":"days-after","$v":{"few":["以下時間之後",{"t":"idOrVar","v":"value"},"天"],"many":["以下時間之後",{"t":"idOrVar","v":"value"},"天"],"one":"以下時間之後1天","other":["以下時間之後",{"t":"idOrVar","v":"value"},"天"],"two":["以下時間之後",{"t":"idOrVar","v":"value"},"天"],"zero":"以下時間之後0天"},"$x":[{"t":"idOrVar","v":"plural"},"value"]},{"$i":"weeks-after","$v":{"few":["以下時間之後",{"t":"idOrVar","v":"value"},"週"],"many":["以下時間之後",{"t":"idOrVar","v":"value"},"週"],"one":"以下時間之後1週","other":["以下時間之後",{"t":"idOrVar","v":"value"},"週"],"two":["以下時間之後",{"t":"idOrVar","v":"value"},"週"],"zero":"以下時間之後0週"},"$x":[{"t":"idOrVar","v":"plural"},"value"]},{"$i":"months-after","$v":{"few":["以下時間之後",{"t":"idOrVar","v":"value"},"個月"],"many":["以下時間之後",{"t":"idOrVar","v":"value"},"個月"],"one":"以下時間之後1個月","other":["以下時間之後",{"t":"idOrVar","v":"value"},"個月"],"two":["以下時間之後",{"t":"idOrVar","v":"value"},"個月"],"zero":"以下時間之後0個月"},"$x":[{"t":"idOrVar","v":"plural"},"value"]},{"$i":"years-after","$v":{"few":["以下時間之後",{"t":"idOrVar","v":"value"},"年"],"many":["以下時間之後",{"t":"idOrVar","v":"value"},"年"],"one":"以下時間之後1年","other":["以下時間之後",{"t":"idOrVar","v":"value"},"年"],"two":["以下時間之後",{"t":"idOrVar","v":"value"},"年"],"zero":"以下時間之後0年"},"$x":[{"t":"idOrVar","v":"plural"},"value"]},{"$i":"hour-format12","$v":"%I %p"},{"$i":"hour-format24","$v":"%H"},{"$i":"week-hour-format12","$v":"%I %p"},{"$i":"week-hour-format24","$v":"%H"},{"$i":"hour-allday","$v":"全天"},{"$i":"kai-week-day","$v":"%a\\n%e"},{"$i":"current-time12","$v":"%I:%M"},{"$i":"current-time24","$v":"%H:%M"},{"$i":"multi-month-view-header-format","$v":"%B %Y"},{"$i":"day-view-header-format","$v":"%A, %B %e"},{"$i":"months-day-view-header-format","$v":"%A, %B %e"},{"$i":"months-day-view-header-format-small","$v":{"$o":"%a <br/> %b, %e"}},{"$i":"week-view-header-format","$v":["第",{"t":"idOrVar","v":"value"},"週，%B %Y"]},{"$i":"longDateFormat","$v":"%Y年，%B %d日，%a"},{"$i":"longTimeFormat","$v":"%A %B %d"},{"$i":"longTimeFormat12","$v":"%A %B %d %I %p"},{"$i":"longTimeFormat24","$v":"%A %B %d %H點"},{"$i":"weekTimeFormat12","$v":"%I %p"},{"$i":"weekTimeFormat24","$v":"%H點"},{"$i":"weekDayFormat","$v":"%A，%d"},{"$i":"alldayLongTimeFormat","$v":"%A%B%d全天"},{"$i":"dayHour12","$v":"%I %p"},{"$i":"dayHour24","$v":"%H點"},{"$i":"longDateTime12","$v":"%I %p, %a, %d %b, %Y"},{"$i":"longDateTime24","$v":"%H, %a, %d %b, %Y"},{"$i":"upcoming-events","$v":"近期事件"},{"$i":"search-results","$v":"搜尋結果"},{"$i":"no-event-found","$v":"找不到任何事件"},{"$i":"longDateTimeNew12","$v":"%a, %B %e, %Y, %I:%M %p"},{"$i":"longDateTimeNew24","$v":"%a, %B %e, %Y, %H:%M"},{"$i":"error-start-date-after-end-date","$v":"事件結束日期不可早於開始日期。"},{"$i":"error-start-time-after-end-time","$v":"事件結束日期不可早於開始日期。"},{"$i":"error-unauthenticated","$v":"用戶名稱或密碼不正確，請重試。"},{"$i":"error-internal-server-error","$v":"伺服器錯誤，請重試。"},{"$i":"error-unkown","$v":"伺服器不可用。請稍後再試一次。"},{"$i":"error-default","$v":"發生錯誤。請稍後重試。"},{"$i":"error-offline","$v":"無法連接至互聯網。您可以使用Wi-Fi或流動數據來存取互聯網。"},{"$i":"error-account-exist","$v":"此帳號已存在。"},{"$i":"error-confirmation-title","$v":"錯誤"},{"$i":"error-edit-online-event","$v":"無法編輯網上事件，因為無互聯網連接。"},{"$i":"error-delete-online-event","$v":"無法刪除網上事件，因為無互聯網連接。"},{"$i":"notification-error-sync-title","$v":"日曆同步錯誤"},{"$i":"notification-error-sync-description","$v":"輕觸以取得詳細資訊"},{"$i":"notification-error-caldav-sync-title","$v":"帳戶錯誤"},{"$i":"notification-error-caldav-sync-description","$v":"重新登入"},{"$i":"weekday-0-single-char","$v":"日","ariaLabel":"星期日"},{"$i":"weekday-1-single-char","$v":"一","ariaLabel":"星期一"},{"$i":"weekday-2-single-char","$v":"二","ariaLabel":"星期二"},{"$i":"weekday-3-single-char","$v":"三","ariaLabel":"星期三"},{"$i":"weekday-4-single-char","$v":"四","ariaLabel":"星期四"},{"$i":"weekday-5-single-char","$v":"五","ariaLabel":"星期五"},{"$i":"weekday-6-single-char","$v":"六","ariaLabel":"星期六"},{"$i":"busy","$v":{"few":[{"t":"idOrVar","v":"n"},"個事件"],"many":[{"t":"idOrVar","v":"n"},"個事件"],"one":[{"t":"idOrVar","v":"n"},"個事件"],"other":[{"t":"idOrVar","v":"n"},"個事件"],"two":[{"t":"idOrVar","v":"n"},"個事件"],"zero":"無事件"},"$x":[{"t":"idOrVar","v":"plural"},"n"]},{"$i":"present","ariaLabel":"今日"},{"$i":"past-other-month-description","ariaLabel":"其他月份"},{"$i":"future-other-month-description","ariaLabel":"其他月份"},{"$i":"icon-calendar-alarm","ariaLabel":"有鬧鐘"},{"$i":"calendars","ariaLabel":"日曆"},{"$i":"multi-day-new-event-link","ariaLabel":"新增事件"},{"$i":"title","ariaLabel":"標題"},{"$i":"location","ariaLabel":"位置"},{"$i":"duration","ariaLabel":"持續時間"},{"$i":"calendar","ariaLabel":"日曆"},{"$i":"alarms","ariaLabel":"鬧鐘"},{"$i":"description","ariaLabel":"說明"},{"$i":"start-date","ariaLabel":"開始日期"},{"$i":"start-time","ariaLabel":"開始時間"},{"$i":"end-date","ariaLabel":"結束日期"},{"$i":"end-time","ariaLabel":"結束時間"},{"$i":"during-progress-loading","ariaValueText":"正在載入"},{"$i":"all-day","ariaLabel":"全天"},{"$i":"create-event","ariaLabel":"建立事件"},{"$i":"create-all-day-event","ariaLabel":"建立全天事件"},{"$i":"event-one-day-duration","ariaLabel":["從",{"t":"idOrVar","v":"startTime"},"至",{"t":"idOrVar","v":"endTime"}]},{"$i":"week-event-one-day-duration","ariaLabel":[{"t":"idOrVar","v":"startDate"},"，",{"t":"idOrVar","v":"startTime"},"至",{"t":"idOrVar","v":"endTime"}]},{"$i":"event-multiple-day-duration","ariaLabel":["從",{"t":"idOrVar","v":"startDate"},{"t":"idOrVar","v":"startTime"},"至",{"t":"idOrVar","v":"endDate"},{"t":"idOrVar","v":"endTime"}]},{"$i":"kai-event-added","$v":"已新增事件"},{"$i":"kai-event-updated","$v":"已更新事件"},{"$i":"kai-event-deleted","$v":"已刪除事件"},{"$i":"kai-change-save","$v":"已儲存變更"},{"$i":"event-sync-failure","$v":"無法同步"},{"$i":"kai-event-calendar","$v":"日曆"},{"$i":"kai-single-event","$v":"事件"},{"$i":"kai-event-count","$v":"事件"},{"$i":"kai-sync-progress-syncing","$v":"正在同步"},{"$i":"kai-sync-progress-complete","$v":"行事曆已是最新。"},{"$i":"kai-settings-sounds","$v":"音效"},{"$i":"kai-tones","$v":"鈴聲"},{"$i":"kai-multi-events","$v":"事件"},{"$i":"kai-confirmation-title","$v":"確認"},{"$i":"kai-delete-selectedEvent-confirmation","$v":"刪除所選事件？"},{"$i":"kai-deleteEvent-confirmation","$v":"刪除事件？"},{"$i":"kai-event-search-header","$v":"搜尋","placeholder":"搜尋"},{"$i":"kai-event-search-upcoming-events","$v":"近期事件"},{"$i":"kai-delete","$v":"刪除"},{"$i":"kai-cancel","$v":"取消"},{"$i":"kai-dialog-delete-sel","$v":"是否確定要刪除所選事件？"},{"$i":"kai-delete-title","$v":"刪除事件"},{"$i":"kai-save-changes","$v":"儲存變更？"},{"$i":"kai-save-message-back","$v":"將遺失所有輸入的數據。是否要儲存變更？"},{"$i":"kai-save-message-close","$v":"將關閉應用程式，但會遺失數據。是否要儲存變更？"},{"$i":"yes","$v":"是"},{"$i":"no","$v":"否"},{"$i":"confirmation","$v":"確認"},{"$i":"ok","$v":"確定"},{"$i":"delete-event","$v":"刪除所選事件？"},{"$i":"edit-event-no-net","$v":"無法編輯線上活動，因為無互聯網連接。"},{"$i":"kai-settings-header","$v":"要顯示的日曆"},{"$i":"kai-syncing","$v":"正在同步..."},{"$i":"kai-syncing-header","$v":"帳號同步"},{"$i":"select","$v":"選擇"},{"$i":"add-event","$v":"新增事件"},{"$i":"week-view","$v":"週視圖"},{"$i":"day-view","$v":"日視圖"},{"$i":"month-view","$v":"月視圖"},{"$i":"today","$v":"今日"},{"$i":"go","$v":"前往「日期」"},{"$i":"search","$v":"搜尋"},{"$i":"calendar-to-display","$v":"要顯示的日曆"},{"$i":"settings","$v":"設定"},{"$i":"delete","$v":"刪除"},{"$i":"enter","$v":"輸入"},{"$i":"sync-calendar","$v":"同步行事曆"},{"$i":"lunar-calendar","$v":"農曆日"},{"$i":"present-description","$v":["今日，",{"t":"idOrVar","v":"weekday"},"，",{"t":"idOrVar","v":"date"},"日"]},{"$i":"day-description","$v":[{"t":"idOrVar","v":"weekday"},"，第",{"t":"idOrVar","v":"date"},"天"]},{"$i":"weekday-5","$v":"星期五"},{"$i":"weekday-4","$v":"星期四"},{"$i":"weekday-3","$v":"星期三"},{"$i":"weekday-2","$v":"星期二"},{"$i":"weekday-1","$v":"星期一"},{"$i":"weekday-0","$v":"星期日"},{"$i":"weekday-6","$v":"星期六"},{"$i":"no-title","$v":"(無標題)"},{"$i":"weekday-0-long","$v":"星期日"},{"$i":"weekday-1-long","$v":"星期一"},{"$i":"weekday-2-long","$v":"星期二"},{"$i":"weekday-3-long","$v":"星期三"},{"$i":"weekday-4-long","$v":"星期四"},{"$i":"weekday-5-long","$v":"星期五"},{"$i":"weekday-6-long","$v":"星期六"},{"$i":"weekday-0-short","$v":"星期日"},{"$i":"weekday-1-short","$v":"星期一"},{"$i":"weekday-2-short","$v":"星期二"},{"$i":"weekday-3-short","$v":"星期三"},{"$i":"weekday-4-short","$v":"星期四"},{"$i":"weekday-5-short","$v":"星期五"},{"$i":"weekday-6-short","$v":"星期六"},{"$i":"month-0-long","$v":"一月"},{"$i":"month-1-long","$v":"二月"},{"$i":"month-2-long","$v":"三月"},{"$i":"month-3-long","$v":"四月"},{"$i":"month-4-long","$v":"五月"},{"$i":"month-5-long","$v":"六月"},{"$i":"month-6-long","$v":"七月"},{"$i":"month-7-long","$v":"八月"},{"$i":"month-8-long","$v":"九月"},{"$i":"month-9-long","$v":"十月"},{"$i":"month-10-long","$v":"十一月"},{"$i":"month-11-long","$v":"十二月"},{"$i":"month-0-genitive","$v":"一月"},{"$i":"month-1-genitive","$v":"二月"},{"$i":"month-2-genitive","$v":"三月"},{"$i":"month-3-genitive","$v":"四月"},{"$i":"month-4-genitive","$v":"五月"},{"$i":"month-5-genitive","$v":"六月"},{"$i":"month-6-genitive","$v":"七月"},{"$i":"month-7-genitive","$v":"八月"},{"$i":"month-8-genitive","$v":"九月"},{"$i":"month-9-genitive","$v":"十月"},{"$i":"month-10-genitive","$v":"十一月"},{"$i":"month-11-genitive","$v":"十二月"},{"$i":"month-0-short","$v":"1月"},{"$i":"month-1-short","$v":"2月"},{"$i":"month-2-short","$v":"3月"},{"$i":"month-3-short","$v":"4月"},{"$i":"month-4-short","$v":"5月"},{"$i":"month-5-short","$v":"6月"},{"$i":"month-6-short","$v":"7月"},{"$i":"month-7-short","$v":"8月"},{"$i":"month-8-short","$v":"9月"},{"$i":"month-9-short","$v":"10月"},{"$i":"month-10-short","$v":"11月"},{"$i":"month-11-short","$v":"12月"},{"$i":"minutes-ago-long","$v":{"few":[{"t":"idOrVar","v":"value"},"分鐘前"],"many":[{"t":"idOrVar","v":"value"},"分鐘前"],"one":"1分鐘前","other":[{"t":"idOrVar","v":"value"},"分鐘前"],"two":[{"t":"idOrVar","v":"value"},"分鐘前"],"zero":"剛才"},"$x":[{"t":"idOrVar","v":"plural"},"value"]},{"$i":"hours-ago-long","$v":{"few":[{"t":"idOrVar","v":"value"},"小時前"],"many":[{"t":"idOrVar","v":"value"},"小時前"],"one":"1小時前","other":[{"t":"idOrVar","v":"value"},"小時前"],"two":[{"t":"idOrVar","v":"value"},"小時前"],"zero":"剛才"},"$x":[{"t":"idOrVar","v":"plural"},"value"]},{"$i":"days-ago-long","$v":{"few":[{"t":"idOrVar","v":"value"},"天前"],"many":[{"t":"idOrVar","v":"value"},"天前"],"one":"昨日","other":[{"t":"idOrVar","v":"value"},"天前"],"two":[{"t":"idOrVar","v":"value"},"天前"],"zero":"今日"},"$x":[{"t":"idOrVar","v":"plural"},"value"]},{"$i":"weeks-ago-long","$v":{"few":[{"t":"idOrVar","v":"value"},"週前"],"many":[{"t":"idOrVar","v":"value"},"週前"],"one":"上週","other":[{"t":"idOrVar","v":"value"},"週前"],"two":[{"t":"idOrVar","v":"value"},"週前"],"zero":"本週"},"$x":[{"t":"idOrVar","v":"plural"},"value"]},{"$i":"months-ago-long","$v":{"few":[{"t":"idOrVar","v":"value"},"個月前"],"many":[{"t":"idOrVar","v":"value"},"個月前"],"one":"上個月","other":[{"t":"idOrVar","v":"value"},"個月前"],"two":[{"t":"idOrVar","v":"value"},"個月前"],"zero":"本月"},"$x":[{"t":"idOrVar","v":"plural"},"value"]},{"$i":"years-ago-long","$v":{"few":[{"t":"idOrVar","v":"value"},"年前"],"many":[{"t":"idOrVar","v":"value"},"年前"],"one":"上一年","other":[{"t":"idOrVar","v":"value"},"年前"],"two":[{"t":"idOrVar","v":"value"},"年前"],"zero":"今年"},"$x":[{"t":"idOrVar","v":"plural"},"value"]},{"$i":"minutes-until-long","$v":{"few":[{"t":"idOrVar","v":"value"},"分鐘後"],"many":[{"t":"idOrVar","v":"value"},"分鐘後"],"one":"1分鐘後","other":[{"t":"idOrVar","v":"value"},"分鐘"],"two":[{"t":"idOrVar","v":"value"},"分鐘後"],"zero":"現在"},"$x":[{"t":"idOrVar","v":"plural"},"value"]},{"$i":"hours-until-long","$v":{"few":[{"t":"idOrVar","v":"value"},"小時後"],"many":[{"t":"idOrVar","v":"value"},"小時後"],"one":"1小時","other":[{"t":"idOrVar","v":"value"},"小時後"],"two":[{"t":"idOrVar","v":"value"},"小時"],"zero":"現在"},"$x":[{"t":"idOrVar","v":"plural"},"value"]},{"$i":"days-until-long","$v":{"few":[{"t":"idOrVar","v":"value"},"天後"],"many":[{"t":"idOrVar","v":"value"},"天後"],"one":"明日","other":[{"t":"idOrVar","v":"value"},"天後"],"two":[{"t":"idOrVar","v":"value"},"天後"],"zero":"今日"},"$x":[{"t":"idOrVar","v":"plural"},"value"]},{"$i":"weeks-until-long","$v":{"few":[{"t":"idOrVar","v":"value"},"週後"],"many":[{"t":"idOrVar","v":"value"},"週後"],"one":"下週","other":[{"t":"idOrVar","v":"value"},"週後"],"two":[{"t":"idOrVar","v":"value"},"週後"],"zero":"本週"},"$x":[{"t":"idOrVar","v":"plural"},"value"]},{"$i":"months-until-long","$v":{"few":[{"t":"idOrVar","v":"value"},"個月後"],"many":[{"t":"idOrVar","v":"value"},"個月後"],"one":"下個月","other":[{"t":"idOrVar","v":"value"},"個月後"],"two":[{"t":"idOrVar","v":"value"},"個月後"],"zero":"本月"},"$x":[{"t":"idOrVar","v":"plural"},"value"]},{"$i":"years-until-long","$v":{"few":[{"t":"idOrVar","v":"value"},"年後"],"many":[{"t":"idOrVar","v":"value"},"年後"],"one":"下一年","other":[{"t":"idOrVar","v":"value"},"年後"],"two":[{"t":"idOrVar","v":"value"},"年後"],"zero":"今年"},"$x":[{"t":"idOrVar","v":"plural"},"value"]},{"$i":"minutes-ago-short","$v":{"other":[{"t":"idOrVar","v":"value"},"m前"],"zero":"剛才"},"$x":[{"t":"idOrVar","v":"plural"},"value"]},{"$i":"hours-ago-short","$v":{"other":[{"t":"idOrVar","v":"value"},"h前"],"zero":"剛才"},"$x":[{"t":"idOrVar","v":"plural"},"value"]},{"$i":"days-ago-short","$v":{"other":[{"t":"idOrVar","v":"value"},"d前"],"zero":"今日"},"$x":[{"t":"idOrVar","v":"plural"},"value"]},{"$i":"minutes-until-short","$v":{"other":[{"t":"idOrVar","v":"value"},"分鐘後"],"zero":"現在"},"$x":[{"t":"idOrVar","v":"plural"},"value"]},{"$i":"hours-until-short","$v":{"other":[{"t":"idOrVar","v":"value"},"小時後"],"zero":"現在"},"$x":[{"t":"idOrVar","v":"plural"},"value"]},{"$i":"days-until-short","$v":{"other":[{"t":"idOrVar","v":"value"},"天後"],"zero":"今日"},"$x":[{"t":"idOrVar","v":"plural"},"value"]},{"$i":"incorrectDate","$v":"(日期不正確)"},{"$i":"dateTimeFormat_%c","$v":"%a %b %e %Y %I:%M:%S %p"},{"$i":"dateTimeFormat_%x","$v":"%m/%d/%Y"},{"$i":"dateTimeFormat_%X","$v":"%I:%M:%S %p"},{"$i":"shortTimeFormat","$v":"%I:%M %p"},{"$i":"shortTimeFormat12","$v":"%I:%M %p"},{"$i":"shortTimeFormat24","$v":"%H:%M"},{"$i":"shortDateTimeFormat","$v":"%x %I:%M %p"},{"$i":"weekStartsOnMonday","$v":"0.0"},{"$i":"firstDayOfTheWeek","$v":"0.0"},{"$i":"time_am","$v":"AM"},{"$i":"time_pm","$v":"PM"},{"$i":"softkey-options","$v":"選項"}]