[{"$i":"back","$v":"返回"},{"$i":"save","$v":"儲存"},{"$i":"cancel","$v":"取消"},{"$i":"next","$v":"下一步"},{"$i":"hide","$v":"隱藏"},{"$i":"confirm","$v":"確認"},{"$i":"done","$v":"已完成"},{"$i":"events","$v":"活動提醒"},{"$i":"edit","$v":"編輯"},{"$i":"allday-events","$v":"全天活動提醒"},{"$i":"no-events","$v":"無活動"},{"$i":"default","$v":"預設"},{"$i":"sync","$v":"同步"},{"$i":"repeat","$v":"重複"},{"$i":"never","$v":"不必重複"},{"$i":"every-day","$v":"每天"},{"$i":"every-week","$v":"每週"},{"$i":"every-2-weeks","$v":"每兩週一次"},{"$i":"every-month","$v":"每個月"},{"$i":"view-never","$v":"重複：從不"},{"$i":"view-every-day","$v":"重複：每日"},{"$i":"view-every-week","$v":"重複：每週"},{"$i":"view-every-2-weeks","$v":"重複：每兩週"},{"$i":"view-every-month","$v":"重複：每月"},{"$i":"repeat-event-header","$v":"此為重複活動。"},{"$i":"delete-this-only","$v":"僅刪除此內容"},{"$i":"delete-all","$v":"全部刪除"},{"$i":"event-edit-all","$v":"編輯所有活動"},{"$i":"event-edit-all-future","$v":"編輯所有未來活動"},{"$i":"options","$v":"選項"},{"$i":"event-delete-all","$v":"全部刪除"},{"$i":"event-delete-all-future","$v":"刪除所有未來活動"},{"$i":"delete-account","$v":"刪除帳號"},{"$i":"exchange-account","$v":"ActiveSync"},{"$i":"account-user-name","$v":"使用者名稱"},{"$i":"incorrect-password-description","$v":"無法登入伺服器。請重試密碼。"},{"$i":"incorrect-password","$v":"密碼不正確，請再試一次。"},{"$i":"account-duplicate","$v":"帳號已存在。已開啟同步。"},{"$i":"error-account","$v":"伺服器無法使用，請稍後再試一次。"},{"$i":"error-access-denied","$v":"發生不明錯誤，請稍後再試一次。"},{"$i":"error-time-out","$v":["無法建立與「",{"t":"idOrVar","v":"server"},"」的連線。網路可能存在問題。"]},{"$i":"caldav-account-exist","$v":"此帳號已存在。"},{"$i":"save-password","$v":"密碼已保存。"},{"$i":"account-login","$v":"帳號登錄"},{"$i":"setting-up-account","$v":"正在設定帳號"},{"$i":"setup-account-usedInfo","$v":"此帳號將用於下列應用程式。您可以在「設定」>「帳號」中變更此設定。"},{"$i":"app-calendar","$v":"行事曆"},{"$i":"show-today","$v":"今天"},{"$i":"show-month-view","$v":"月份"},{"$i":"show-week-view","$v":"週"},{"$i":"show-day-view","$v":"天"},{"$i":"settings-show","$v":"設定"},{"$i":"settings-hide","$v":"隱藏設定"},{"$i":"add-account","$v":"增加帳號"},{"$i":"new-event","$v":"增加活動"},{"$i":"view-event-header","$v":"活動詳情"},{"$i":"new-event-header","$v":"增加活動"},{"$i":"edit-event-header","$v":"編輯活動"},{"$i":"account-header","$v":"帳號"},{"$i":"account-list-header","$v":"帳號設定"},{"$i":"advanced-settings-short-icon-button","ariaLabel":"設定"},{"$i":"advanced-settings-header","$v":"行事曆設定"},{"$i":"advanced-settings-personalization","$v":"更新頻率"},{"$i":"advanced-settings-reminders","$v":"提醒"},{"$i":"advanced-settings-add-account","$v":"增加帳號"},{"$i":"field-user","$v":"使用者名稱"},{"$i":"field-password","$v":"密碼"},{"$i":"show-password","$v":"顯示密碼"},{"$i":"field-full-url","$v":"網址"},{"$i":"modify-account-setting-up","$v":"您的帳號正在設定中，請稍候"},{"$i":"modify-account-unable-to-sync","$v":"無法同步"},{"$i":"modify-account-sign-in","$v":"登入"},{"$i":"kai-caldav","$v":"CalDav"},{"$i":"kai-yahoo","$v":"Yahoo!"},{"$i":"kai-google","$v":"Google"},{"$i":"preset-mozilla","$v":"Mozilla Zimbra"},{"$i":"calendar-local","$v":"手機行事曆"},{"$i":"event-title","$v":"標題"},{"$i":"event-location","$v":"位置"},{"$i":"event-description","$v":"備註"},{"$i":"event-is-allday","$v":"全天活動"},{"$i":"event-start-date","$v":"開始日期"},{"$i":"event-end-date","$v":"結束日期"},{"$i":"event-start-time","$v":"開始時間"},{"$i":"event-end-time","$v":"結束時間"},{"$i":"event-delete","$v":"刪除活動"},{"$i":"event-is-deleting","$v":"刪除中..."},{"$i":"remove-account-data","$v":"移除行事曆帳號"},{"$i":"remove-account-dialog","$v":"移除帳號"},{"$i":"remove-account-dialog-details","$v":["從您的裝置移除「",{"t":"idOrVar","v":"email"},"」？"]},{"$i":"remove","$v":"移除"},{"$i":"drawer-sync-icon-button","ariaLabel":"同步"},{"$i":"sync-progress-syncing","ariaValueText":"正在同步"},{"$i":"sync-progress-complete","ariaValueText":"同步完成"},{"$i":"sync-frequency","$v":"同步行事曆"},{"$i":"sync-frequency-15min","$v":"每15分鐘"},{"$i":"sync-frequency-30min","$v":"每30分鐘"},{"$i":"sync-frequency-manual","$v":"手動"},{"$i":"from","$v":"從"},{"$i":"to","$v":"至"},{"$i":"one-day-duration-title","$v":[{"t":"idOrVar","v":"startDate"}]},{"$i":"one-day-duration-content","$v":[{"t":"idOrVar","v":"startTime"},"到",{"t":"idOrVar","v":"endTime"}]},{"$i":"multiple-day-duration-title","$v":[{"t":"idOrVar","v":"startTime"}," ",{"t":"idOrVar","v":"startDate"}]},{"$i":"multiple-day-duration-content","$v":[{"t":"idOrVar","v":"endTime"}," ",{"t":"idOrVar","v":"endDate"}]},{"$i":"one-all-day-duration-title","$v":[{"t":"idOrVar","v":"startDate"}]},{"$i":"all-day-duration-content","$v":"全天活動"},{"$i":"multiple-all-day-duration-title","$v":["從",{"t":"idOrVar","v":"startDate"}]},{"$i":"multiple-all-day-duration-content","$v":["至",{"t":"idOrVar","v":"endDate"}]},{"$i":"none","$v":"無"},{"$i":"reminder","$v":"活動提醒"},{"$i":"remind-me","$v":"提醒我"},{"$i":"alarm-at-event-standard","$v":"活動時"},{"$i":"alarm-at-event-allday","$v":"活動當天"},{"$i":"alarm-at-event-allday-hour12","$v":"活動當天(上午9:00)"},{"$i":"alarm-at-event-allday-hour24","$v":"活動當天(09:00)"},{"$i":"alarm-start-notice","$v":[{"t":"idOrVar","v":"title"},"正在啟動",{"t":"idOrVar","v":"distance"}]},{"$i":"alarm-started-notice","$v":[{"t":"idOrVar","v":"title"},"已啟動",{"t":"idOrVar","v":"distance"}]},{"$i":"alarm-start-notice-two-days","$v":[{"t":"idOrVar","v":"title"},"將於兩天後啟動"]},{"$i":"alarm-start-notice-few-days","$v":[{"t":"idOrVar","v":"title"},"將於",{"t":"idOrVar","v":"distance"},"後啟動"]},{"$i":"days-before-hour12","$v":{"few":[{"t":"idOrVar","v":"value"},"天前(上午9:00)"],"many":[{"t":"idOrVar","v":"value"},"天前(上午9:00)"],"one":"1天前(上午9:00)","other":[{"t":"idOrVar","v":"value"},"天前(上午9:00)"],"two":[{"t":"idOrVar","v":"value"},"天前(上午9:00)"],"zero":"0天前(上午9:00)"},"$x":[{"t":"idOrVar","v":"plural"},"value"]},{"$i":"weeks-before-hour12","$v":{"few":[{"t":"idOrVar","v":"value"},"週前(上午9:00)"],"many":[{"t":"idOrVar","v":"value"},"週前(上午9:00)"],"one":"1週前(上午9:00)","other":[{"t":"idOrVar","v":"value"},"週前(上午9:00)"],"two":[{"t":"idOrVar","v":"value"},"週前(上午9:00)"],"zero":"0週前(上午9:00)"},"$x":[{"t":"idOrVar","v":"plural"},"value"]},{"$i":"days-before-hour24","$v":{"few":[{"t":"idOrVar","v":"value"},"天前(09:00)"],"many":[{"t":"idOrVar","v":"value"},"天前(09:00)"],"one":"1天前(09:00)","other":[{"t":"idOrVar","v":"value"},"天前(09:00)"],"two":[{"t":"idOrVar","v":"value"},"天前(09:00)"],"zero":"0天前(09:00)"},"$x":[{"t":"idOrVar","v":"plural"},"value"]},{"$i":"weeks-before-hour24","$v":{"few":[{"t":"idOrVar","v":"value"},"週前(09:00)"],"many":[{"t":"idOrVar","v":"value"},"週前(09:00)"],"one":"1週前(09:00)","other":[{"t":"idOrVar","v":"value"},"週前(09:00)"],"two":[{"t":"idOrVar","v":"value"},"週前(09:00)"],"zero":"0週前(09:00)"},"$x":[{"t":"idOrVar","v":"plural"},"value"]},{"$i":"minutes-before","$v":{"few":[{"t":"idOrVar","v":"value"},"分鐘前"],"many":[{"t":"idOrVar","v":"value"},"分鐘前"],"one":"1分鐘前","other":[{"t":"idOrVar","v":"value"},"分鐘前"],"two":[{"t":"idOrVar","v":"value"},"分鐘前"],"zero":"0分鐘前"},"$x":[{"t":"idOrVar","v":"plural"},"value"]},{"$i":"hours-before","$v":{"few":[{"t":"idOrVar","v":"value"},"小時前"],"many":[{"t":"idOrVar","v":"value"},"小時前"],"one":"1小時前","other":[{"t":"idOrVar","v":"value"},"小時前"],"two":[{"t":"idOrVar","v":"value"},"小時前"],"zero":"0小時前"},"$x":[{"t":"idOrVar","v":"plural"},"value"]},{"$i":"days-before","$v":{"few":[{"t":"idOrVar","v":"value"},"天前"],"many":[{"t":"idOrVar","v":"value"},"天前"],"one":"1天前","other":[{"t":"idOrVar","v":"value"},"天前"],"two":[{"t":"idOrVar","v":"value"},"天前"],"zero":"0天前"},"$x":[{"t":"idOrVar","v":"plural"},"value"]},{"$i":"weeks-before","$v":{"few":[{"t":"idOrVar","v":"value"},"星期前"],"many":[{"t":"idOrVar","v":"value"},"星期前"],"one":"1星期前","other":[{"t":"idOrVar","v":"value"},"星期前"],"two":[{"t":"idOrVar","v":"value"},"星期前"],"zero":"0星期前"},"$x":[{"t":"idOrVar","v":"plural"},"value"]},{"$i":"months-before","$v":{"few":[{"t":"idOrVar","v":"value"},"個月前"],"many":[{"t":"idOrVar","v":"value"},"個月前"],"one":"1個月前","other":[{"t":"idOrVar","v":"value"},"個月前"],"two":[{"t":"idOrVar","v":"value"},"個月前"],"zero":"0個月前"},"$x":[{"t":"idOrVar","v":"plural"},"value"]},{"$i":"years-before","$v":{"few":[{"t":"idOrVar","v":"value"},"年前"],"many":[{"t":"idOrVar","v":"value"},"年前"],"one":"1年前","other":[{"t":"idOrVar","v":"value"},"年前"],"two":[{"t":"idOrVar","v":"value"},"年前"],"zero":"0年前"},"$x":[{"t":"idOrVar","v":"plural"},"value"]},{"$i":"minutes-after","$v":{"few":[{"t":"idOrVar","v":"value"},"分鐘後"],"many":[{"t":"idOrVar","v":"value"},"分鐘後"],"one":"1分鐘後","other":[{"t":"idOrVar","v":"value"},"分鐘後"],"two":[{"t":"idOrVar","v":"value"},"分鐘後"],"zero":"0分鐘後"},"$x":[{"t":"idOrVar","v":"plural"},"value"]},{"$i":"hours-after","$v":{"few":[{"t":"idOrVar","v":"value"},"小時後"],"many":[{"t":"idOrVar","v":"value"},"小時後"],"one":"1小時後","other":[{"t":"idOrVar","v":"value"},"小時後"],"two":[{"t":"idOrVar","v":"value"},"小時後"],"zero":"0小時後"},"$x":[{"t":"idOrVar","v":"plural"},"value"]},{"$i":"days-after","$v":{"few":[{"t":"idOrVar","v":"value"},"天後"],"many":[{"t":"idOrVar","v":"value"},"天後"],"one":"1天後","other":[{"t":"idOrVar","v":"value"},"天後"],"two":[{"t":"idOrVar","v":"value"},"天後"],"zero":"0天後"},"$x":[{"t":"idOrVar","v":"plural"},"value"]},{"$i":"weeks-after","$v":{"few":[{"t":"idOrVar","v":"value"},"星期後"],"many":[{"t":"idOrVar","v":"value"},"星期後"],"one":"1星期後","other":[{"t":"idOrVar","v":"value"},"星期後"],"two":[{"t":"idOrVar","v":"value"},"星期後"],"zero":"0星期後"},"$x":[{"t":"idOrVar","v":"plural"},"value"]},{"$i":"months-after","$v":{"few":[{"t":"idOrVar","v":"value"},"個月後"],"many":[{"t":"idOrVar","v":"value"},"個月後"],"one":"1個月後","other":[{"t":"idOrVar","v":"value"},"個月後"],"two":[{"t":"idOrVar","v":"value"},"個月後"],"zero":"0個月後"},"$x":[{"t":"idOrVar","v":"plural"},"value"]},{"$i":"years-after","$v":{"few":[{"t":"idOrVar","v":"value"},"年後"],"many":[{"t":"idOrVar","v":"value"},"年後"],"one":"1年後","other":[{"t":"idOrVar","v":"value"},"年後"],"two":[{"t":"idOrVar","v":"value"},"年後"],"zero":"0年後"},"$x":[{"t":"idOrVar","v":"plural"},"value"]},{"$i":"hour-format12","$v":"%I %p"},{"$i":"hour-format24","$v":"%H"},{"$i":"week-hour-format12","$v":"%I %p"},{"$i":"week-hour-format24","$v":"%H"},{"$i":"hour-allday","$v":"全天"},{"$i":"kai-week-day","$v":"%a\\n%e"},{"$i":"current-time12","$v":"%I:%M"},{"$i":"current-time24","$v":"%H:%M"},{"$i":"multi-month-view-header-format","$v":"%B %Y"},{"$i":"day-view-header-format","$v":"%A, %B %e"},{"$i":"months-day-view-header-format","$v":"%A, %B %e"},{"$i":"months-day-view-header-format-small","$v":{"$o":"%a <br/> %b，%e"}},{"$i":"week-view-header-format","$v":["週",{"t":"idOrVar","v":"value"},"，%B %Y"]},{"$i":"longDateFormat","$v":"%Y年%B%d日%a"},{"$i":"longTimeFormat","$v":"%A %B %d"},{"$i":"longTimeFormat12","$v":"%A %B %d %I %p"},{"$i":"longTimeFormat24","$v":"%A %B %d %H點鐘"},{"$i":"weekTimeFormat12","$v":"%I %p"},{"$i":"weekTimeFormat24","$v":"%H點鐘"},{"$i":"weekDayFormat","$v":"%A %d"},{"$i":"alldayLongTimeFormat","$v":"%A %B %d全天"},{"$i":"dayHour12","$v":"%I %p"},{"$i":"dayHour24","$v":"%H點鐘"},{"$i":"longDateTime12","$v":"%I %p, %a, %d %b, %Y"},{"$i":"longDateTime24","$v":"%H, %a, %d %b, %Y"},{"$i":"upcoming-events","$v":"即將進行的活動"},{"$i":"search-results","$v":"搜尋結果"},{"$i":"no-event-found","$v":"找不到活動"},{"$i":"longDateTimeNew12","$v":"%a, %B %e, %Y, %I:%M %p"},{"$i":"longDateTimeNew24","$v":"%a, %B %e, %Y, %H:%M"},{"$i":"error-start-date-after-end-date","$v":"在開始日期前，無法結束活動。"},{"$i":"error-start-time-after-end-time","$v":"在開始日期前，無法結束活動。"},{"$i":"error-unauthenticated","$v":"使用者名稱或密碼不正確，請再試一次。"},{"$i":"error-internal-server-error","$v":"伺服器錯誤，請再試一次。"},{"$i":"error-unkown","$v":"伺服器無法使用，請稍後再試一次。"},{"$i":"error-default","$v":"發生問題。請稍後再試。"},{"$i":"error-offline","$v":"無法連線至網際網路。您可以使用Wi-Fi或行動數據來存取網際網路。"},{"$i":"error-account-exist","$v":"此帳號已存在。"},{"$i":"error-confirmation-title","$v":"錯誤"},{"$i":"error-edit-online-event","$v":"由於沒有網際網路連線，因此無法編輯線上活動。"},{"$i":"error-delete-online-event","$v":"由於沒有網際網路連線，因此無法刪除線上活動。"},{"$i":"notification-error-sync-title","$v":"行事曆同步錯誤"},{"$i":"notification-error-sync-description","$v":"點擊以取得詳細資訊"},{"$i":"notification-error-caldav-sync-title","$v":"帳戶錯誤"},{"$i":"notification-error-caldav-sync-description","$v":"再次登入"},{"$i":"weekday-0-single-char","$v":"S","ariaLabel":"星期日"},{"$i":"weekday-1-single-char","$v":"M","ariaLabel":"星期一"},{"$i":"weekday-2-single-char","$v":"T","ariaLabel":"星期二"},{"$i":"weekday-3-single-char","$v":"W","ariaLabel":"星期三"},{"$i":"weekday-4-single-char","$v":"T","ariaLabel":"星期四"},{"$i":"weekday-5-single-char","$v":"F","ariaLabel":"星期五"},{"$i":"weekday-6-single-char","$v":"S","ariaLabel":"星期六"},{"$i":"busy","$v":{"few":[{"t":"idOrVar","v":"n"},"個活動"],"many":[{"t":"idOrVar","v":"n"},"個活動"],"one":[{"t":"idOrVar","v":"n"},"個活動"],"other":[{"t":"idOrVar","v":"n"},"個活動"],"two":[{"t":"idOrVar","v":"n"},"個活動"],"zero":"無活動"},"$x":[{"t":"idOrVar","v":"plural"},"n"]},{"$i":"present","ariaLabel":"今天"},{"$i":"past-other-month-description","ariaLabel":"其他月份"},{"$i":"future-other-month-description","ariaLabel":"其他月份"},{"$i":"icon-calendar-alarm","ariaLabel":"有鬧鐘"},{"$i":"calendars","ariaLabel":"行事曆"},{"$i":"multi-day-new-event-link","ariaLabel":"增加活動"},{"$i":"title","ariaLabel":"標題"},{"$i":"location","ariaLabel":"位置"},{"$i":"duration","ariaLabel":"時長"},{"$i":"calendar","ariaLabel":"行事曆"},{"$i":"alarms","ariaLabel":"鬧鐘"},{"$i":"description","ariaLabel":"說明"},{"$i":"start-date","ariaLabel":"開始日期"},{"$i":"start-time","ariaLabel":"開始時間"},{"$i":"end-date","ariaLabel":"結束日期"},{"$i":"end-time","ariaLabel":"結束時間"},{"$i":"during-progress-loading","ariaValueText":"正在載入"},{"$i":"all-day","ariaLabel":"全天"},{"$i":"create-event","ariaLabel":"建立活動"},{"$i":"create-all-day-event","ariaLabel":"建立全天活動"},{"$i":"event-one-day-duration","ariaLabel":["從",{"t":"idOrVar","v":"startTime"},"到",{"t":"idOrVar","v":"endTime"}]},{"$i":"week-event-one-day-duration","ariaLabel":[{"t":"idOrVar","v":"startDate"},"從",{"t":"idOrVar","v":"startTime"},"到",{"t":"idOrVar","v":"endTime"}]},{"$i":"event-multiple-day-duration","ariaLabel":["從",{"t":"idOrVar","v":"startTime"}," ",{"t":"idOrVar","v":"startDate"},"到",{"t":"idOrVar","v":"endTime"}," ",{"t":"idOrVar","v":"endDate"}]},{"$i":"kai-event-added","$v":"活動已增加"},{"$i":"kai-event-updated","$v":"活動已更新"},{"$i":"kai-event-deleted","$v":"活動已刪除"},{"$i":"kai-change-save","$v":"變更已儲存"},{"$i":"event-sync-failure","$v":"無法同步"},{"$i":"kai-event-calendar","$v":"行事曆"},{"$i":"kai-single-event","$v":"活動"},{"$i":"kai-event-count","$v":"活動"},{"$i":"kai-sync-progress-syncing","$v":"正在同步"},{"$i":"kai-sync-progress-complete","$v":"行事曆已是最新狀態。"},{"$i":"kai-settings-sounds","$v":"聲音"},{"$i":"kai-tones","$v":"鈴聲"},{"$i":"kai-multi-events","$v":"活動"},{"$i":"kai-confirmation-title","$v":"確認"},{"$i":"kai-delete-selectedEvent-confirmation","$v":"刪除所選的活動？"},{"$i":"kai-deleteEvent-confirmation","$v":"刪除活動？"},{"$i":"kai-event-search-header","$v":"搜尋","placeholder":"搜尋"},{"$i":"kai-event-search-upcoming-events","$v":"即將進行的活動"},{"$i":"kai-delete","$v":"刪除"},{"$i":"kai-cancel","$v":"取消"},{"$i":"kai-dialog-delete-sel","$v":"確認要刪除選取的活動？"},{"$i":"kai-delete-title","$v":"刪除活動"},{"$i":"kai-save-changes","$v":"儲存變更？"},{"$i":"kai-save-message-back","$v":"將遺失所有輸入的資料。是否要儲存變更？"},{"$i":"kai-save-message-close","$v":"應用程式將會關閉且資料遺失。是否要儲存變更？"},{"$i":"yes","$v":"是"},{"$i":"no","$v":"否"},{"$i":"confirmation","$v":"確認"},{"$i":"ok","$v":"確認"},{"$i":"delete-event","$v":"刪除所選的活動？"},{"$i":"edit-event-no-net","$v":"無法編輯線上活動，因為沒有網際網路連線。"},{"$i":"kai-settings-header","$v":"要顯示的行事曆"},{"$i":"kai-syncing","$v":"正在同步..."},{"$i":"kai-syncing-header","$v":"帳號同步處理"},{"$i":"select","$v":"選取"},{"$i":"add-event","$v":"增加活動"},{"$i":"week-view","$v":"週檢視"},{"$i":"day-view","$v":"日檢視"},{"$i":"month-view","$v":"月檢視"},{"$i":"today","$v":"今天"},{"$i":"go","$v":"選擇日期"},{"$i":"search","$v":"搜尋"},{"$i":"calendar-to-display","$v":"要顯示的行事曆"},{"$i":"settings","$v":"設定"},{"$i":"delete","$v":"刪除"},{"$i":"enter","$v":"輸入"},{"$i":"sync-calendar","$v":"同步行事曆"},{"$i":"lunar-calendar","$v":"農曆日"},{"$i":"present-description","$v":["今天",{"t":"idOrVar","v":"weekday"},{"t":"idOrVar","v":"date"},"日"]},{"$i":"day-description","$v":[{"t":"idOrVar","v":"weekday"},"，第",{"t":"idOrVar","v":"date"},"天"]},{"$i":"weekday-5","$v":"星期五"},{"$i":"weekday-4","$v":"星期四"},{"$i":"weekday-3","$v":"星期三"},{"$i":"weekday-2","$v":"星期二"},{"$i":"weekday-1","$v":"星期一"},{"$i":"weekday-0","$v":"星期日"},{"$i":"weekday-6","$v":"星期六"},{"$i":"no-title","$v":"(無標題)"},{"$i":"weekday-0-long","$v":"星期日"},{"$i":"weekday-1-long","$v":"星期一"},{"$i":"weekday-2-long","$v":"星期二"},{"$i":"weekday-3-long","$v":"星期三"},{"$i":"weekday-4-long","$v":"星期四"},{"$i":"weekday-5-long","$v":"星期五"},{"$i":"weekday-6-long","$v":"星期六"},{"$i":"weekday-0-short","$v":"周日"},{"$i":"weekday-1-short","$v":"周一"},{"$i":"weekday-2-short","$v":"周二"},{"$i":"weekday-3-short","$v":"周三"},{"$i":"weekday-4-short","$v":"周四"},{"$i":"weekday-5-short","$v":"周五"},{"$i":"weekday-6-short","$v":"周六"},{"$i":"month-0-long","$v":"一月"},{"$i":"month-1-long","$v":"二月"},{"$i":"month-2-long","$v":"三月"},{"$i":"month-3-long","$v":"四月"},{"$i":"month-4-long","$v":"五月"},{"$i":"month-5-long","$v":"六月"},{"$i":"month-6-long","$v":"七月"},{"$i":"month-7-long","$v":"八月"},{"$i":"month-8-long","$v":"九月"},{"$i":"month-9-long","$v":"十月"},{"$i":"month-10-long","$v":"十一月"},{"$i":"month-11-long","$v":"十二月"},{"$i":"month-0-genitive","$v":"一月"},{"$i":"month-1-genitive","$v":"二月"},{"$i":"month-2-genitive","$v":"三月"},{"$i":"month-3-genitive","$v":"四月"},{"$i":"month-4-genitive","$v":"五月"},{"$i":"month-5-genitive","$v":"六月"},{"$i":"month-6-genitive","$v":"七月"},{"$i":"month-7-genitive","$v":"八月"},{"$i":"month-8-genitive","$v":"九月"},{"$i":"month-9-genitive","$v":"十月"},{"$i":"month-10-genitive","$v":"十一月"},{"$i":"month-11-genitive","$v":"十二月"},{"$i":"month-0-short","$v":"1月"},{"$i":"month-1-short","$v":"2月"},{"$i":"month-2-short","$v":"3月"},{"$i":"month-3-short","$v":"4月"},{"$i":"month-4-short","$v":"5月"},{"$i":"month-5-short","$v":"6月"},{"$i":"month-6-short","$v":"7月"},{"$i":"month-7-short","$v":"8月"},{"$i":"month-8-short","$v":"9月"},{"$i":"month-9-short","$v":"10月"},{"$i":"month-10-short","$v":"11月"},{"$i":"month-11-short","$v":"12月"},{"$i":"minutes-ago-long","$v":{"few":[{"t":"idOrVar","v":"value"},"分鐘前"],"many":[{"t":"idOrVar","v":"value"},"分鐘前"],"one":"一分鐘前","other":[{"t":"idOrVar","v":"value"},"分鐘前"],"two":[{"t":"idOrVar","v":"value"},"分鐘前"],"zero":"現在"},"$x":[{"t":"idOrVar","v":"plural"},"value"]},{"$i":"hours-ago-long","$v":{"few":[{"t":"idOrVar","v":"value"},"小時前"],"many":[{"t":"idOrVar","v":"value"},"小時前"],"one":"1小時前","other":[{"t":"idOrVar","v":"value"},"小時前"],"two":[{"t":"idOrVar","v":"value"},"小時前"],"zero":"現在"},"$x":[{"t":"idOrVar","v":"plural"},"value"]},{"$i":"days-ago-long","$v":{"few":[{"t":"idOrVar","v":"value"},"天前"],"many":[{"t":"idOrVar","v":"value"},"天前"],"one":"昨天","other":[{"t":"idOrVar","v":"value"},"天前"],"two":[{"t":"idOrVar","v":"value"},"天前"],"zero":"今天"},"$x":[{"t":"idOrVar","v":"plural"},"value"]},{"$i":"weeks-ago-long","$v":{"few":[{"t":"idOrVar","v":"value"},"星期前"],"many":[{"t":"idOrVar","v":"value"},"星期前"],"one":"上週","other":[{"t":"idOrVar","v":"value"},"星期前"],"two":[{"t":"idOrVar","v":"value"},"星期前"],"zero":"本週"},"$x":[{"t":"idOrVar","v":"plural"},"value"]},{"$i":"months-ago-long","$v":{"few":[{"t":"idOrVar","v":"value"},"個月前"],"many":[{"t":"idOrVar","v":"value"},"個月前"],"one":"上個月","other":[{"t":"idOrVar","v":"value"},"個月前"],"two":[{"t":"idOrVar","v":"value"},"個月前"],"zero":"本月"},"$x":[{"t":"idOrVar","v":"plural"},"value"]},{"$i":"years-ago-long","$v":{"few":[{"t":"idOrVar","v":"value"},"年前"],"many":[{"t":"idOrVar","v":"value"},"年前"],"one":"上一年","other":[{"t":"idOrVar","v":"value"},"年前"],"two":[{"t":"idOrVar","v":"value"},"年前"],"zero":"今年"},"$x":[{"t":"idOrVar","v":"plural"},"value"]},{"$i":"minutes-until-long","$v":{"few":["在",{"t":"idOrVar","v":"value"},"分鐘後"],"many":["在",{"t":"idOrVar","v":"value"},"分鐘後"],"one":"在1分鐘後","other":[{"t":"idOrVar","v":"value"},"分鐘"],"two":["在",{"t":"idOrVar","v":"value"},"分鐘後"],"zero":"現在"},"$x":[{"t":"idOrVar","v":"plural"},"value"]},{"$i":"hours-until-long","$v":{"few":["在",{"t":"idOrVar","v":"value"},"小時後"],"many":["在",{"t":"idOrVar","v":"value"},"小時後"],"one":"1小時","other":["在",{"t":"idOrVar","v":"value"},"小時後"],"two":[{"t":"idOrVar","v":"value"},"小時"],"zero":"現在"},"$x":[{"t":"idOrVar","v":"plural"},"value"]},{"$i":"days-until-long","$v":{"few":["在",{"t":"idOrVar","v":"value"},"天後"],"many":["在",{"t":"idOrVar","v":"value"},"天後"],"one":"明天","other":["在",{"t":"idOrVar","v":"value"},"天後"],"two":["在",{"t":"idOrVar","v":"value"},"天後"],"zero":"今天"},"$x":[{"t":"idOrVar","v":"plural"},"value"]},{"$i":"weeks-until-long","$v":{"few":["在",{"t":"idOrVar","v":"value"},"週後"],"many":["在",{"t":"idOrVar","v":"value"},"週後"],"one":"下週","other":["在",{"t":"idOrVar","v":"value"},"週後"],"two":["在",{"t":"idOrVar","v":"value"},"週後"],"zero":"本週"},"$x":[{"t":"idOrVar","v":"plural"},"value"]},{"$i":"months-until-long","$v":{"few":["在",{"t":"idOrVar","v":"value"},"個月後"],"many":["在",{"t":"idOrVar","v":"value"},"個月後"],"one":"下個月","other":["在",{"t":"idOrVar","v":"value"},"個月後"],"two":["在",{"t":"idOrVar","v":"value"},"個月後"],"zero":"本月"},"$x":[{"t":"idOrVar","v":"plural"},"value"]},{"$i":"years-until-long","$v":{"few":["在",{"t":"idOrVar","v":"value"},"年後"],"many":["在",{"t":"idOrVar","v":"value"},"年後"],"one":"明年","other":["在",{"t":"idOrVar","v":"value"},"年後"],"two":["在",{"t":"idOrVar","v":"value"},"年後"],"zero":"今年"},"$x":[{"t":"idOrVar","v":"plural"},"value"]},{"$i":"minutes-ago-short","$v":{"other":[{"t":"idOrVar","v":"value"},"分鐘前"],"zero":"現在"},"$x":[{"t":"idOrVar","v":"plural"},"value"]},{"$i":"hours-ago-short","$v":{"other":[{"t":"idOrVar","v":"value"},"小時前"],"zero":"現在"},"$x":[{"t":"idOrVar","v":"plural"},"value"]},{"$i":"days-ago-short","$v":{"other":[{"t":"idOrVar","v":"value"},"天前"],"zero":"今天"},"$x":[{"t":"idOrVar","v":"plural"},"value"]},{"$i":"minutes-until-short","$v":{"other":["在",{"t":"idOrVar","v":"value"},"分鐘後"],"zero":"現在"},"$x":[{"t":"idOrVar","v":"plural"},"value"]},{"$i":"hours-until-short","$v":{"other":["在",{"t":"idOrVar","v":"value"},"小時後"],"zero":"現在"},"$x":[{"t":"idOrVar","v":"plural"},"value"]},{"$i":"days-until-short","$v":{"other":["在",{"t":"idOrVar","v":"value"},"天後"],"zero":"今天"},"$x":[{"t":"idOrVar","v":"plural"},"value"]},{"$i":"incorrectDate","$v":"(日期不正確)"},{"$i":"dateTimeFormat_%c","$v":"%a %b %e %Y %I:%M:%S %p"},{"$i":"dateTimeFormat_%x","$v":"%m/%d/%Y"},{"$i":"dateTimeFormat_%X","$v":"%I:%M:%S %p"},{"$i":"shortTimeFormat","$v":"%I:%M %p"},{"$i":"shortTimeFormat12","$v":"%I:%M %p"},{"$i":"shortTimeFormat24","$v":"%H:%M"},{"$i":"shortDateTimeFormat","$v":"%x %I:%M %p"},{"$i":"weekStartsOnMonday","$v":"0.0"},{"$i":"firstDayOfTheWeek","$v":"0.0"},{"$i":"time_am","$v":"上午"},{"$i":"time_pm","$v":"下午"},{"$i":"softkey-options","$v":"選項"}]