[{"$i":"back","$v":"Emuva"},{"$i":"save","$v":"Londoloza"},{"$i":"cancel","$v":"Khansela"},{"$i":"next","$v":"Okulandelayo"},{"$i":"hide","$v":"Fihla"},{"$i":"confirm","$v":"Qinisekisa"},{"$i":"done","$v":"Kwenziwe"},{"$i":"events","$v":"Isikhumbuzo Sezenzakalo"},{"$i":"edit","$v":"Hlela"},{"$i":"allday-events","$v":"Usuku lonke Isikhumbuzo Sesenzakalo"},{"$i":"no-events","$v":"Akukho okwenzekayo"},{"$i":"default","$v":"Okumisiwe"},{"$i":"sync","$v":"Vumelanisa"},{"$i":"repeat","$v":"Phinda"},{"$i":"never","$v":"Akusoze"},{"$i":"every-day","$v":"Nsuku zonke"},{"$i":"every-week","$v":"Njalo ngesonto"},{"$i":"every-2-weeks","$v":"Njalo emasontweni angu-2"},{"$i":"every-month","$v":"Njalo ngenyanga"},{"$i":"view-never","$v":"Phinda: Lutho"},{"$i":"view-every-day","$v":"Phinda: Nsuku zonke"},{"$i":"view-every-week","$v":"Phinda: Njalo ngesonto"},{"$i":"view-every-2-weeks","$v":"Phinda: Njalo emasontweni amabili"},{"$i":"view-every-month","$v":"Phinda: Ngenyanga"},{"$i":"repeat-event-header","$v":"Lo umcimbi ophindayo."},{"$i":"delete-this-only","$v":"Sula lokhu kuphela"},{"$i":"delete-all","$v":"Sula konke"},{"$i":"event-edit-all","$v":"Hlela yonke imicimbi"},{"$i":"event-edit-all-future","$v":"Hlela yonke imicimbi yangakusasa"},{"$i":"options","$v":"Okhetha kukho"},{"$i":"event-delete-all","$v":"Sula konke"},{"$i":"event-delete-all-future","$v":"Sula yonke imicimbi yangakusasa"},{"$i":"delete-account","$v":"Susa i-akhawunti"},{"$i":"exchange-account","$v":"ActiveSync"},{"$i":"account-user-name","$v":"Igama lomsebenzisi"},{"$i":"incorrect-password-description","$v":"Ayikwazi ukungena kuseva, sicela uqiniseke ukuthi iphasiwedi yakho ilungile."},{"$i":"incorrect-password","$v":"Iphasiwedi engalungile, sicela uzame futhi."},{"$i":"account-duplicate","$v":"I-akhawunti isikhona kakade. Ukuvumelanisa kuvuliwe."},{"$i":"error-account","$v":"Iseva ayitholakali. Sicela uzame futhi kamuva."},{"$i":"error-access-denied","$v":"Kuvele iphutha elingaziwa, sicela uphinde uzame ngemva kwesikhathi."},{"$i":"error-time-out","$v":["Ayikwazi ukuqalisa uxhumo ne-\"",{"t":"idOrVar","v":"server"},"\". Kungahle kube nenkinga ngenethiwekhi."]},{"$i":"caldav-account-exist","$v":"I-akhawunti isivele ikhona."},{"$i":"save-password","$v":"Iphasiwedi ilondoloziwe."},{"$i":"account-login","$v":"Ukungena kwe-akhawunti"},{"$i":"setting-up-account","$v":"Ukusetha i-akhawunti"},{"$i":"setup-account-usedInfo","$v":"Le akhawunti izosetshenziswa izinhlelo ezingezansi. Ungashintsha lokhu kokuthi Amasethingi>I-akhawunti."},{"$i":"app-calendar","$v":"Ikhalenda"},{"$i":"show-today","$v":"Namhlanje"},{"$i":"show-month-view","$v":"Inyanga"},{"$i":"show-week-view","$v":"Iviki"},{"$i":"show-day-view","$v":"Usuku"},{"$i":"settings-show","$v":"Amasethingi"},{"$i":"settings-hide","$v":"Fihla amasethingi"},{"$i":"add-account","$v":"Engeza i-akhawunti"},{"$i":"new-event","$v":"Faka isenzakalo"},{"$i":"view-event-header","$v":"Imininingwane Yesenzakalo"},{"$i":"new-event-header","$v":"Faka Isenzakalo"},{"$i":"edit-event-header","$v":"Hlela Isenzakalo"},{"$i":"account-header","$v":"I-akhawunti"},{"$i":"account-list-header","$v":"Ama-akhawunti"},{"$i":"advanced-settings-short-icon-button","ariaLabel":"Amasethingi"},{"$i":"advanced-settings-header","$v":"Amasethingi Ekhalenda"},{"$i":"advanced-settings-personalization","$v":"Hlela Kabusha Amahlandla"},{"$i":"advanced-settings-reminders","$v":"Isikhumbuzi"},{"$i":"advanced-settings-add-account","$v":"Faka i-akhawunti"},{"$i":"field-user","$v":"Igama lomsebenzisi"},{"$i":"field-password","$v":"Iphasiwedi"},{"$i":"show-password","$v":"Bonisa iphasiwedi"},{"$i":"field-full-url","$v":"I-URL"},{"$i":"modify-account-setting-up","$v":"Sicela ulinde ngenkathi i-akhawunti yakho ihlelwa."},{"$i":"modify-account-unable-to-sync","$v":"Ayikwazi ukuvumelanisa"},{"$i":"modify-account-sign-in","$v":"Ngena ngemvume"},{"$i":"kai-caldav","$v":"ICalDay"},{"$i":"kai-yahoo","$v":"I-Yahoo!"},{"$i":"kai-google","$v":"I-Google"},{"$i":"preset-mozilla","$v":"IMozilla Zimbra"},{"$i":"calendar-local","$v":"Ikhalenda Yefoni"},{"$i":"event-title","$v":"Isihloko"},{"$i":"event-location","$v":"Indawo"},{"$i":"event-description","$v":"Amanothi"},{"$i":"event-is-allday","$v":"Isenzakalo Esenzeka Usuku Lonke"},{"$i":"event-start-date","$v":"Usuku Lokuqala"},{"$i":"event-end-date","$v":"Usuku Lokuphela"},{"$i":"event-start-time","$v":"Isikhathi Sokuqala"},{"$i":"event-end-time","$v":"Isikhathi Sokuphela"},{"$i":"event-delete","$v":"Susa isenzakalo"},{"$i":"event-is-deleting","$v":"Iyasula..."},{"$i":"remove-account-data","$v":"Susa i-akhawunti"},{"$i":"remove-account-dialog","$v":"Susa i-akhawunti"},{"$i":"remove-account-dialog-details","$v":["Susa \"",{"t":"idOrVar","v":"email"},"\" kwidivayisi yakho?"]},{"$i":"remove","$v":"Susa"},{"$i":"drawer-sync-icon-button","ariaLabel":"Ukuhambisana"},{"$i":"sync-progress-syncing","ariaValueText":"Iyavumelanisa"},{"$i":"sync-progress-complete","ariaValueText":"Ukuvumelanisa kupheleli"},{"$i":"sync-frequency","$v":"Vumelanisa Ikhalenda"},{"$i":"sync-frequency-15min","$v":"Njalo ngemva kwemizuzu engu-15"},{"$i":"sync-frequency-30min","$v":"Njalo ngemva kwemizuzu engu-30"},{"$i":"sync-frequency-manual","$v":"Ngokuzenzela"},{"$i":"from","$v":"Ivela ku"},{"$i":"to","$v":"Iya"},{"$i":"one-day-duration-title","$v":[{"t":"idOrVar","v":"startDate"}]},{"$i":"one-day-duration-content","$v":[{"t":"idOrVar","v":"startTime"}," kuya ",{"t":"idOrVar","v":"endTime"}]},{"$i":"multiple-day-duration-title","$v":[{"t":"idOrVar","v":"startTime"}," ",{"t":"idOrVar","v":"startDate"}]},{"$i":"multiple-day-duration-content","$v":[{"t":"idOrVar","v":"endTime"}," ",{"t":"idOrVar","v":"endDate"}]},{"$i":"one-all-day-duration-title","$v":[{"t":"idOrVar","v":"startDate"}]},{"$i":"all-day-duration-content","$v":"Isenzakalo salo lonke usuku"},{"$i":"multiple-all-day-duration-title","$v":["Kusuka ku-",{"t":"idOrVar","v":"startDate"}]},{"$i":"multiple-all-day-duration-content","$v":["Kuya ku ",{"t":"idOrVar","v":"endDate"}]},{"$i":"none","$v":"Lutho"},{"$i":"reminder","$v":"Isikhumbuzo Sesenzakalo"},{"$i":"remind-me","$v":"Ngikhumbuze"},{"$i":"alarm-at-event-standard","$v":"Ngesikhathi Sesenzakalo"},{"$i":"alarm-at-event-allday","$v":"Ngosuku Lwesenzakalo"},{"$i":"alarm-at-event-allday-hour12","$v":"Ngosuku lomcimbi (9:00 AM)"},{"$i":"alarm-at-event-allday-hour24","$v":"Ngosuku lomcimbi (09:00)"},{"$i":"alarm-start-notice","$v":[{"t":"idOrVar","v":"title"}," iqala ",{"t":"idOrVar","v":"distance"}]},{"$i":"alarm-started-notice","$v":[{"t":"idOrVar","v":"title"}," iqala ",{"t":"idOrVar","v":"distance"}]},{"$i":"alarm-start-notice-two-days","$v":[{"t":"idOrVar","v":"title"}," iyaqala ezinsukwini ezimbili"]},{"$i":"alarm-start-notice-few-days","$v":[{"t":"idOrVar","v":"title"}," kusuka ku-",{"t":"idOrVar","v":"distance"}]},{"$i":"days-before-hour12","$v":{"few":[{"t":"idOrVar","v":"value"}," Izinsuku ngaphambilini (9:00 AM)"],"many":[{"t":"idOrVar","v":"value"}," Izinsuku naphambilini (9:00 AM)"],"one":"1 Usuku ngaphambilini (9:00 AM)","other":[{"t":"idOrVar","v":"value"}," Izinsuku ngaphambilini (9:00 AM)"],"two":[{"t":"idOrVar","v":"value"}," Izinsuku ngaphambilini (9:00 AM)"],"zero":"0 Izinsuku ngaphambilini (9:00 AM)"},"$x":[{"t":"idOrVar","v":"plural"},"value"]},{"$i":"weeks-before-hour12","$v":{"few":[{"t":"idOrVar","v":"value"}," Amaviki ngaphambilini (9:00 AM)"],"many":[{"t":"idOrVar","v":"value"}," Amaviki ngaphambilini (9:00 AM)"],"one":"1 Iviki ngaphambilini (9:00 AM)","other":[{"t":"idOrVar","v":"value"}," Amaviki ngaphambilini (9:00 AM)"],"two":[{"t":"idOrVar","v":"value"}," Amaviki ngaphambilini (9:00 AM)"],"zero":"0 Amaviki ngaphambilini (9:00 AM)"},"$x":[{"t":"idOrVar","v":"plural"},"value"]},{"$i":"days-before-hour24","$v":{"few":[{"t":"idOrVar","v":"value"}," Izinsuku ngaphambilini (09:00)"],"many":[{"t":"idOrVar","v":"value"}," Izinsuku ngaphambilini (09:00)"],"one":"1 Usuku ngaphambilini (09:00)","other":[{"t":"idOrVar","v":"value"}," Izinsuku ngaphambilini (09:00)"],"two":[{"t":"idOrVar","v":"value"}," Izinsuku ngaphambilini (09:00)"],"zero":"0 Izinsuku ngaphambilini (09:00)"},"$x":[{"t":"idOrVar","v":"plural"},"value"]},{"$i":"weeks-before-hour24","$v":{"few":[{"t":"idOrVar","v":"value"}," Amaviki ngaphambilini (09:00)"],"many":[{"t":"idOrVar","v":"value"}," Amaviki ngaphambilini (09:00)"],"one":"1 Iviki ngaphambilini (09:00)","other":[{"t":"idOrVar","v":"value"}," Amaviki ngaphambilini (09:00)"],"two":[{"t":"idOrVar","v":"value"}," Amaviki ngaphambilini (09:00)"],"zero":"0 Amaviki ngaphambilini (09:00)"},"$x":[{"t":"idOrVar","v":"plural"},"value"]},{"$i":"minutes-before","$v":{"few":[{"t":"idOrVar","v":"value"}," Imizuzu Ngaphambi Kwalokho"],"many":[{"t":"idOrVar","v":"value"}," Imizuzu Ngaphambi Kwalokho"],"one":"Umzuzu Owodwa Ngaphambi Kwalokho","other":[{"t":"idOrVar","v":"value"}," Imizuzu Ngaphambi Kwalokho"],"two":[{"t":"idOrVar","v":"value"}," Imizuzu Ngaphambi Kwalokho"],"zero":"Imizuzu Engu-0 Ngaphambi Kwalokho"},"$x":[{"t":"idOrVar","v":"plural"},"value"]},{"$i":"hours-before","$v":{"few":[{"t":"idOrVar","v":"value"}," Amahora Ngaphambi Kwalokho"],"many":[{"t":"idOrVar","v":"value"}," Amahora Ngaphambi Kwalokho"],"one":"Ihora elilodwa Ngaphambi Kwalokho","other":[{"t":"idOrVar","v":"value"}," Amahora Ngaphambi Kwalokho"],"two":[{"t":"idOrVar","v":"value"}," Amahora Ngaphambi Kwalokho"],"zero":"0 Amahora Ngaphambi Kwalokho"},"$x":[{"t":"idOrVar","v":"plural"},"value"]},{"$i":"days-before","$v":{"few":[{"t":"idOrVar","v":"value"}," Izinsuku Ezingaphambi Kwalokho"],"many":[{"t":"idOrVar","v":"value"}," Izinsuku Ezingaphambi Kwalokho"],"one":"Usuku Olulodwa Ngaphambi Kwalokho","other":[{"t":"idOrVar","v":"value"}," Izinsuku Ezingaphambi Kwalokho"],"two":[{"t":"idOrVar","v":"value"}," Izinsuku Ezingaphambi Kwalokho"],"zero":"Izinsuku Ezingu-0 Ngaphambi Kwalokho"},"$x":[{"t":"idOrVar","v":"plural"},"value"]},{"$i":"weeks-before","$v":{"few":[{"t":"idOrVar","v":"value"}," Amaviki Ngaphambi Kwalokho"],"many":[{"t":"idOrVar","v":"value"}," Amaviki Ngaphambi Kwalokho"],"one":"Iviki Elilodwa Ngaphambi Kwalokho","other":[{"t":"idOrVar","v":"value"}," Amaviki Ngaphambi Kwalokho"],"two":[{"t":"idOrVar","v":"value"}," Amaviki Ngaphambi Kwalokho"],"zero":"Amaviki Angu-0 Ngaphambi Kwalokho"},"$x":[{"t":"idOrVar","v":"plural"},"value"]},{"$i":"months-before","$v":{"few":[{"t":"idOrVar","v":"value"}," Izinyanga Ngaphambi Kwalokho"],"many":[{"t":"idOrVar","v":"value"}," Izinyanga Ngaphambi Kwalokho"],"one":"Inyanga Eyodwa Ngaphambi Kwalokho","other":[{"t":"idOrVar","v":"value"}," Izinyanga Ngaphambi Kwalokho"],"two":[{"t":"idOrVar","v":"value"}," Izinyanga Ngaphambi Kwalokho"],"zero":"Izinyanga Ezingu-0 Ngaphambi Kwalokho"},"$x":[{"t":"idOrVar","v":"plural"},"value"]},{"$i":"years-before","$v":{"few":[{"t":"idOrVar","v":"value"}," Iminyaka Ngaphambi Kwalokho"],"many":[{"t":"idOrVar","v":"value"}," Iminyaka Ngaphambi Kwalokho"],"one":"Unyaka Owodwa Ngaphambi Kwalokho","other":[{"t":"idOrVar","v":"value"}," Iminyaka Ngaphambi Kwalokho"],"two":[{"t":"idOrVar","v":"value"}," Iminyaka Ngaphambi Kwalokho"],"zero":"Iminyaka Engu-0 Ngaphambi Kwalokho"},"$x":[{"t":"idOrVar","v":"plural"},"value"]},{"$i":"minutes-after","$v":{"few":[{"t":"idOrVar","v":"value"}," Imizuzu Kamuva"],"many":[{"t":"idOrVar","v":"value"}," Imizuzu Kamuva"],"one":"Umzuzu Owodwa Kamuva","other":[{"t":"idOrVar","v":"value"}," Imizuzu Kamuva"],"two":[{"t":"idOrVar","v":"value"}," Imizuzu Kamuva"],"zero":"0 Umzuzu Kamuva"},"$x":[{"t":"idOrVar","v":"plural"},"value"]},{"$i":"hours-after","$v":{"few":[{"t":"idOrVar","v":"value"}," Amahora Kamuva"],"many":[{"t":"idOrVar","v":"value"}," Amahora Kamuva"],"one":"Ihora elilodwa Kamuva","other":[{"t":"idOrVar","v":"value"}," Amahora Kamuva"],"two":[{"t":"idOrVar","v":"value"}," Amahora Kamuva"],"zero":"0 Amahora Kamuva"},"$x":[{"t":"idOrVar","v":"plural"},"value"]},{"$i":"days-after","$v":{"few":[{"t":"idOrVar","v":"value"}," Izinsuku Kamuva"],"many":[{"t":"idOrVar","v":"value"}," Izinsuku Kamuva"],"one":"Ngemva Kosuku Olulodwa","other":[{"t":"idOrVar","v":"value"}," Izinsuku Kamuva"],"two":[{"t":"idOrVar","v":"value"}," Izinsuku Kamuva"],"zero":"Ngemva Kwezinsuku Ezingu-0"},"$x":[{"t":"idOrVar","v":"plural"},"value"]},{"$i":"weeks-after","$v":{"few":[{"t":"idOrVar","v":"value"}," Amaviki Kamuva"],"many":[{"t":"idOrVar","v":"value"}," Amaviki Kamuva"],"one":"Iviki Elilodwa Kamuva","other":[{"t":"idOrVar","v":"value"}," Amaviki Kamuva"],"two":[{"t":"idOrVar","v":"value"}," Amaviki Kamuva"],"zero":"Amaviki Angu-0 Kamuva"},"$x":[{"t":"idOrVar","v":"plural"},"value"]},{"$i":"months-after","$v":{"few":[{"t":"idOrVar","v":"value"}," Izinyanga Kamuva"],"many":[{"t":"idOrVar","v":"value"}," Izinyanga Kamuva"],"one":"Inyanga Eyodwa Kamuva","other":[{"t":"idOrVar","v":"value"}," Izinyanga Kamuva"],"two":[{"t":"idOrVar","v":"value"}," Izinyanga Kamuva"],"zero":"0 Izinyanga Kamuva"},"$x":[{"t":"idOrVar","v":"plural"},"value"]},{"$i":"years-after","$v":{"few":[{"t":"idOrVar","v":"value"}," Iminyaka Kamuva"],"many":[{"t":"idOrVar","v":"value"}," Iminyaka Kamuva"],"one":"Unyaka Owodwa Kamuva","other":[{"t":"idOrVar","v":"value"}," Iminyaka Kamuva"],"two":[{"t":"idOrVar","v":"value"}," Iminyaka Kamuva"],"zero":"Iminyaka Engu-0 Kamuva"},"$x":[{"t":"idOrVar","v":"plural"},"value"]},{"$i":"hour-format12","$v":"%I %p"},{"$i":"hour-format24","$v":"%H"},{"$i":"week-hour-format12","$v":"%I %p"},{"$i":"week-hour-format24","$v":"%H"},{"$i":"hour-allday","$v":"Usuku Lonke"},{"$i":"kai-week-day","$v":"%a\\n%e"},{"$i":"current-time12","$v":"%I:%M"},{"$i":"current-time24","$v":"%H:%M"},{"$i":"multi-month-view-header-format","$v":"%B %Y"},{"$i":"day-view-header-format","$v":"%A, %B %e"},{"$i":"months-day-view-header-format","$v":"%A, %B %e"},{"$i":"months-day-view-header-format-small","$v":{"$o":"%a <br/> %b, %e"}},{"$i":"week-view-header-format","$v":["Iviki ",{"t":"idOrVar","v":"value"},", %B %Y"]},{"$i":"longDateFormat","$v":"%A, %B %d, %Y"},{"$i":"longTimeFormat","$v":"%A %B %d"},{"$i":"longTimeFormat12","$v":"%A %B %d %I %p"},{"$i":"longTimeFormat24","$v":"%A %B %d %H isikhathi"},{"$i":"weekTimeFormat12","$v":"%I %p"},{"$i":"weekTimeFormat24","$v":"%H isikhathi"},{"$i":"weekDayFormat","$v":"%A the %d"},{"$i":"alldayLongTimeFormat","$v":"%A %B %d usuku lonke"},{"$i":"dayHour12","$v":"%I %p"},{"$i":"dayHour24","$v":"%H isikhathi"},{"$i":"longDateTime12","$v":"%I %p, %a, %d %b, %Y"},{"$i":"longDateTime24","$v":"%H, %a, %d %b, %Y"},{"$i":"upcoming-events","$v":"Izenzakalo Ezizayo"},{"$i":"search-results","$v":"Imiphumela Yokucinga"},{"$i":"no-event-found","$v":"Azikho Izenzakalo Ezitholakele"},{"$i":"longDateTimeNew12","$v":"%a, %B %e, %Y, %I:%M %p"},{"$i":"longDateTimeNew24","$v":"%a, %B %e, %Y, %H:%M"},{"$i":"error-start-date-after-end-date","$v":"Isenzakalo asikwazi ukuphela lungakafiki usuku lokuqala kwaso."},{"$i":"error-start-time-after-end-time","$v":"Isenzakalo asikwazi ukuphela singakafiki isikhathi sokuqala kwaso."},{"$i":"error-unauthenticated","$v":"Igama elinganembile lomsebenzisi noma iphasiwedi yakhe, sicela uzame futhi."},{"$i":"error-internal-server-error","$v":"Iphutha leseva, sicela uzame futhi."},{"$i":"error-unkown","$v":"Iseva ayitholakali. Sicela uzame futhi kamuva."},{"$i":"error-default","$v":"Kukhona okungahambi kahle. Phinde uzame ngemva kwesikhathi."},{"$i":"error-offline","$v":"Ayikwazi ukuxhuma ku-inthanethi. Ungasebenzisa iWi-Fi noma idatha yefoni ukuze ungene ku-inthanethi."},{"$i":"error-account-exist","$v":"Le akhawunti isikhona kakade."},{"$i":"error-confirmation-title","$v":"Iphutha"},{"$i":"error-edit-online-event","$v":"Yehlulekile ukusula isenzakalo ku-inthanethi ngenxa yokuthi ibingakwazi ukuxhuma ku-inthanethi."},{"$i":"error-delete-online-event","$v":"Yehlulekile ukusula isenzakalo ku-inthanethi ngenxa yokuthi ibingakwazi ukuxhuma ku-inthanethi."},{"$i":"notification-error-sync-title","$v":"Ikhalenda inephutha lokuvumelanisaa"},{"$i":"notification-error-sync-description","$v":"Thepha ukuze uthole ulwazi olwengeziwe"},{"$i":"notification-error-caldav-sync-title","$v":"Iphutha le-akhawunti"},{"$i":"notification-error-caldav-sync-description","$v":"Ngena futhi"},{"$i":"weekday-0-single-char","$v":"S","ariaLabel":"ISonto"},{"$i":"weekday-1-single-char","$v":"M","ariaLabel":"UMsombuluko"},{"$i":"weekday-2-single-char","$v":"T","ariaLabel":"ULwesibili"},{"$i":"weekday-3-single-char","$v":"W","ariaLabel":"ULwesithathu"},{"$i":"weekday-4-single-char","$v":"T","ariaLabel":"ULwesine"},{"$i":"weekday-5-single-char","$v":"F","ariaLabel":"ULwesihlanu"},{"$i":"weekday-6-single-char","$v":"S","ariaLabel":"UMgqibelo"},{"$i":"busy","$v":{"few":[{"t":"idOrVar","v":"n"}," izenzakalo"],"many":[{"t":"idOrVar","v":"n"}," izenzakalo"],"one":[{"t":"idOrVar","v":"n"}," isenzakalo"],"other":[{"t":"idOrVar","v":"n"}," izenzakalo"],"two":[{"t":"idOrVar","v":"n"}," izenzakalo"],"zero":"Akukho okwenzekayo"},"$x":[{"t":"idOrVar","v":"plural"},"n"]},{"$i":"present","ariaLabel":"Namhlanje"},{"$i":"past-other-month-description","ariaLabel":"Enye inyanga"},{"$i":"future-other-month-description","ariaLabel":"Enye inyanga"},{"$i":"icon-calendar-alarm","ariaLabel":"Ine-alamu"},{"$i":"calendars","ariaLabel":"Amakhalenda"},{"$i":"multi-day-new-event-link","ariaLabel":"Faka isenzakalo"},{"$i":"title","ariaLabel":"Isihloko"},{"$i":"location","ariaLabel":"Indawo"},{"$i":"duration","ariaLabel":"Ubude besikhathi"},{"$i":"calendar","ariaLabel":"Ikhalenda"},{"$i":"alarms","ariaLabel":"Ama-Alamu"},{"$i":"description","ariaLabel":"Incazelo"},{"$i":"start-date","ariaLabel":"Usuku lokuqala"},{"$i":"start-time","ariaLabel":"Isikhathi sokuqala"},{"$i":"end-date","ariaLabel":"Usuku lokuphela"},{"$i":"end-time","ariaLabel":"Isikhathi sokuphela"},{"$i":"during-progress-loading","ariaValueText":"Iyalowuda"},{"$i":"all-day","ariaLabel":"Usuku lonke"},{"$i":"create-event","ariaLabel":"Yakha isenzakalo"},{"$i":"create-all-day-event","ariaLabel":"Yakha isenzakalo esithatha usuku lonke"},{"$i":"event-one-day-duration","ariaLabel":["kusukela ",{"t":"idOrVar","v":"startTime"}," kuya ",{"t":"idOrVar","v":"endTime"}]},{"$i":"week-event-one-day-duration","ariaLabel":[{"t":"idOrVar","v":"startDate"}," kusukela ",{"t":"idOrVar","v":"startTime"}," kuya ",{"t":"idOrVar","v":"endTime"}]},{"$i":"event-multiple-day-duration","ariaLabel":["Kusukela ",{"t":"idOrVar","v":"startTime"}," ",{"t":"idOrVar","v":"startDate"}," kuya ",{"t":"idOrVar","v":"endTime"}," ",{"t":"idOrVar","v":"endDate"}]},{"$i":"kai-event-added","$v":"Umcimbi ungeziwe."},{"$i":"kai-event-updated","$v":"Umcimbi ubuyekeziwe."},{"$i":"kai-event-deleted","$v":"Umcimbi ususiwe."},{"$i":"kai-change-save","$v":"Ushintsho lulondoloziwe"},{"$i":"event-sync-failure","$v":"Ayikwazi ukuvumelanisa"},{"$i":"kai-event-calendar","$v":"Ikhalenda"},{"$i":"kai-single-event","$v":"isenzakalo"},{"$i":"kai-event-count","$v":"izenzakalo"},{"$i":"kai-sync-progress-syncing","$v":"Iyavumelanisa"},{"$i":"kai-sync-progress-complete","$v":"Ikhalenda isesikhathini samanje."},{"$i":"kai-settings-sounds","$v":"Imisindo"},{"$i":"kai-tones","$v":"Izingoma"},{"$i":"kai-multi-events","$v":"Izenzakalo"},{"$i":"kai-confirmation-title","$v":"Ukuqinisekisa"},{"$i":"kai-delete-selectedEvent-confirmation","$v":"Susa Isenzakalo Osikhethile?"},{"$i":"kai-deleteEvent-confirmation","$v":"Susa isenzakalo"},{"$i":"kai-event-search-header","$v":"Cinga","placeholder":"Cinga"},{"$i":"kai-event-search-upcoming-events","$v":"Izenzakalo Ezizayo"},{"$i":"kai-delete","$v":"Susa"},{"$i":"kai-cancel","$v":"Khansela"},{"$i":"kai-dialog-delete-sel","$v":"Uqinisekile ukuthi ufuna ukususa lesi senzakalo osikhethile?"},{"$i":"kai-delete-title","$v":"Susa isenzakalo"},{"$i":"kai-save-changes","$v":"Londoloza Izinguquko?"},{"$i":"kai-save-message-back","$v":"Yonke idatha efakiwe izolahleka. Ingabe ufuna ukulondoloza izinguquko?"},{"$i":"kai-save-message-close","$v":"I-aplikheshini izovalwa bese kulahleka idatha. Uyafuna ukulondoloza izinguquko?"},{"$i":"yes","$v":"Yebo"},{"$i":"no","$v":"Cha"},{"$i":"confirmation","$v":"Ukuqinisekisa"},{"$i":"ok","$v":"Kulungile"},{"$i":"delete-event","$v":"Susa Isenzakalo Osikhethile?"},{"$i":"edit-event-no-net","$v":"Yehlulekile ukuhlela umcimbi we-inthanthi ngenxa yoxhumo lwe-inthanethi."},{"$i":"kai-settings-header","$v":"Amakhalenda Azoboniswa"},{"$i":"kai-syncing","$v":"Iyavumelanisa..."},{"$i":"kai-syncing-header","$v":"Ukuvumelanisa I-Akhawunti"},{"$i":"select","$v":"Khetha"},{"$i":"add-event","$v":"Faka"},{"$i":"week-view","$v":"Ukubheka Iviki"},{"$i":"day-view","$v":"Ukubuka Usuku"},{"$i":"month-view","$v":"Ukubuka Inyanga"},{"$i":"today","$v":"Namhlanje"},{"$i":"go","$v":"Iya Osukwini"},{"$i":"search","$v":"Cinga"},{"$i":"calendar-to-display","$v":"Amakhalenda Azoboniswa"},{"$i":"settings","$v":"Amasethingi"},{"$i":"delete","$v":"Susa"},{"$i":"enter","$v":"Faka"},{"$i":"sync-calendar","$v":"Vumelanisa ikhalenda"},{"$i":"lunar-calendar","$v":"Usuku lwe-Lunar"},{"$i":"present-description","$v":["Namuhla ",{"t":"idOrVar","v":"weekday"}," i ",{"t":"idOrVar","v":"date"},"th"]},{"$i":"day-description","$v":[{"t":"idOrVar","v":"weekday"}," i ",{"t":"idOrVar","v":"date"},"th"]},{"$i":"weekday-5","$v":"ULwesihlanu"},{"$i":"weekday-4","$v":"ULwesine"},{"$i":"weekday-3","$v":"ULwesithathu"},{"$i":"weekday-2","$v":"ULwesibili"},{"$i":"weekday-1","$v":"UMsombuluko"},{"$i":"weekday-0","$v":"ISonto"},{"$i":"weekday-6","$v":"UMgqibelo"},{"$i":"no-title","$v":"(Asikho Isihloko)"},{"$i":"weekday-0-long","$v":"ISonto"},{"$i":"weekday-1-long","$v":"UMsombuluko"},{"$i":"weekday-2-long","$v":"ULwesibili"},{"$i":"weekday-3-long","$v":"ULwesithathu"},{"$i":"weekday-4-long","$v":"ULwesine"},{"$i":"weekday-5-long","$v":"ULwesihlanu"},{"$i":"weekday-6-long","$v":"UMgqibelo"},{"$i":"weekday-0-short","$v":"Isonto"},{"$i":"weekday-1-short","$v":"Mso"},{"$i":"weekday-2-short","$v":"Lwbl"},{"$i":"weekday-3-short","$v":"Lwth"},{"$i":"weekday-4-short","$v":"Lwesn"},{"$i":"weekday-5-short","$v":"Lwshl"},{"$i":"weekday-6-short","$v":"Mgq"},{"$i":"month-0-long","$v":"Januwari"},{"$i":"month-1-long","$v":"Febhuwari"},{"$i":"month-2-long","$v":"Mashi"},{"$i":"month-3-long","$v":"Ephreli"},{"$i":"month-4-long","$v":"Meyi"},{"$i":"month-5-long","$v":"Juni"},{"$i":"month-6-long","$v":"Julayi"},{"$i":"month-7-long","$v":"Agasti"},{"$i":"month-8-long","$v":"Septhemba"},{"$i":"month-9-long","$v":"Okthoba"},{"$i":"month-10-long","$v":"Novemba"},{"$i":"month-11-long","$v":"Disemba"},{"$i":"month-0-genitive","$v":"Januwari"},{"$i":"month-1-genitive","$v":"Febhuwari"},{"$i":"month-2-genitive","$v":"Mashi"},{"$i":"month-3-genitive","$v":"Ephreli"},{"$i":"month-4-genitive","$v":"Meyi"},{"$i":"month-5-genitive","$v":"Juni"},{"$i":"month-6-genitive","$v":"Julayi"},{"$i":"month-7-genitive","$v":"Agasti"},{"$i":"month-8-genitive","$v":"Septhemba"},{"$i":"month-9-genitive","$v":"Okthoba"},{"$i":"month-10-genitive","$v":"Novemba"},{"$i":"month-11-genitive","$v":"Disemba"},{"$i":"month-0-short","$v":"Jan"},{"$i":"month-1-short","$v":"Feb"},{"$i":"month-2-short","$v":"Mas"},{"$i":"month-3-short","$v":"Ephr"},{"$i":"month-4-short","$v":"Meyi"},{"$i":"month-5-short","$v":"Jun"},{"$i":"month-6-short","$v":"Jul"},{"$i":"month-7-short","$v":"Aga"},{"$i":"month-8-short","$v":"Sep"},{"$i":"month-9-short","$v":"Okt"},{"$i":"month-10-short","$v":"Nov"},{"$i":"month-11-short","$v":"Dis"},{"$i":"minutes-ago-long","$v":{"few":[{"t":"idOrVar","v":"value"}," imizuzu edlule"],"many":[{"t":"idOrVar","v":"value"}," imizuzu edlule"],"one":"Umzuzu odlule","other":[{"t":"idOrVar","v":"value"}," imizuzu edlule"],"two":[{"t":"idOrVar","v":"value"}," imizuzu edlule"],"zero":"manje"},"$x":[{"t":"idOrVar","v":"plural"},"value"]},{"$i":"hours-ago-long","$v":{"few":[{"t":"idOrVar","v":"value"}," amahora adlule"],"many":[{"t":"idOrVar","v":"value"}," amahora adlule"],"one":"ihora elidlule","other":[{"t":"idOrVar","v":"value"}," amahora adlule"],"two":[{"t":"idOrVar","v":"value"}," amahora adlule"],"zero":"manje"},"$x":[{"t":"idOrVar","v":"plural"},"value"]},{"$i":"days-ago-long","$v":{"few":[{"t":"idOrVar","v":"value"}," izinsuku ezidlule"],"many":[{"t":"idOrVar","v":"value"}," izinsuku ezidlule"],"one":"izolo","other":[{"t":"idOrVar","v":"value"}," izinsuku ezidlule"],"two":[{"t":"idOrVar","v":"value"}," izinsuku ezidlule"],"zero":"namuhla"},"$x":[{"t":"idOrVar","v":"plural"},"value"]},{"$i":"weeks-ago-long","$v":{"few":[{"t":"idOrVar","v":"value"}," amaviki adlule"],"many":[{"t":"idOrVar","v":"value"}," amaviki adlule"],"one":"iviki eledlule","other":[{"t":"idOrVar","v":"value"}," amaviki adlule"],"two":[{"t":"idOrVar","v":"value"}," amaviki adlule"],"zero":"kuleli viki"},"$x":[{"t":"idOrVar","v":"plural"},"value"]},{"$i":"months-ago-long","$v":{"few":[{"t":"idOrVar","v":"value"}," izinyanga ezidlule"],"many":[{"t":"idOrVar","v":"value"}," izinyanga ezidlule"],"one":"inyanga edlule","other":[{"t":"idOrVar","v":"value"}," izinyanga ezidlule"],"two":[{"t":"idOrVar","v":"value"}," izinyanga ezidlule"],"zero":"kule nyanga"},"$x":[{"t":"idOrVar","v":"plural"},"value"]},{"$i":"years-ago-long","$v":{"few":[{"t":"idOrVar","v":"value"}," iminyaka edlule"],"many":[{"t":"idOrVar","v":"value"}," iminyaka edlule"],"one":"ngonyaka odlule","other":[{"t":"idOrVar","v":"value"}," iminyaka edlule"],"two":[{"t":"idOrVar","v":"value"}," iminyaka edlule"],"zero":"kulo nyaka"},"$x":[{"t":"idOrVar","v":"plural"},"value"]},{"$i":"minutes-until-long","$v":{"few":["emizuzwini engu ",{"t":"idOrVar","v":"value"}],"many":["emizuzwini engu ",{"t":"idOrVar","v":"value"}],"one":"Ngemva komzuzu","other":["emizuzwini engu ",{"t":"idOrVar","v":"value"}],"two":["emizuzwini engu ",{"t":"idOrVar","v":"value"}],"zero":"manje"},"$x":[{"t":"idOrVar","v":"plural"},"value"]},{"$i":"hours-until-long","$v":{"few":["emahoreni angu ",{"t":"idOrVar","v":"value"}],"many":["emahoreni angu ",{"t":"idOrVar","v":"value"}],"one":"Ngemva kwehora","other":["emahoreni angu ",{"t":"idOrVar","v":"value"}],"two":["emahoreni angu ",{"t":"idOrVar","v":"value"}],"zero":"manje"},"$x":[{"t":"idOrVar","v":"plural"},"value"]},{"$i":"days-until-long","$v":{"few":["Ezinsukwini ezingu ",{"t":"idOrVar","v":"value"}],"many":["Ezinsukwini ezingu ",{"t":"idOrVar","v":"value"}],"one":"kusasa","other":["Ezinsukwini ezingu ",{"t":"idOrVar","v":"value"}],"two":["Ezinsukwini ezingu ",{"t":"idOrVar","v":"value"}],"zero":"namuhla"},"$x":[{"t":"idOrVar","v":"plural"},"value"]},{"$i":"weeks-until-long","$v":{"few":["emavikini angu ",{"t":"idOrVar","v":"value"}],"many":["emavikini angu ",{"t":"idOrVar","v":"value"}],"one":"ngeviki elizayo","other":["emavikini angu ",{"t":"idOrVar","v":"value"}],"two":["emavikini angu ",{"t":"idOrVar","v":"value"}],"zero":"kuleli viki"},"$x":[{"t":"idOrVar","v":"plural"},"value"]},{"$i":"months-until-long","$v":{"few":["ezinyangeni ezingu ",{"t":"idOrVar","v":"value"}],"many":["ezinyangeni ezingu ",{"t":"idOrVar","v":"value"}],"one":"ngenyanga ezayo","other":["ezinyangeni ezingu ",{"t":"idOrVar","v":"value"}],"two":["ezinyangeni ezingu ",{"t":"idOrVar","v":"value"}],"zero":"kule nyanga"},"$x":[{"t":"idOrVar","v":"plural"},"value"]},{"$i":"years-until-long","$v":{"few":["eminyakeni engu ",{"t":"idOrVar","v":"value"}],"many":["eminyakeni engu ",{"t":"idOrVar","v":"value"}],"one":"ngonyaka ozayo","other":["eminyakeni engu ",{"t":"idOrVar","v":"value"}],"two":["eminyakeni engu ",{"t":"idOrVar","v":"value"}],"zero":"kulo nyaka"},"$x":[{"t":"idOrVar","v":"plural"},"value"]},{"$i":"minutes-ago-short","$v":{"other":[{"t":"idOrVar","v":"value"}," umzuzu odlule"],"zero":"manje"},"$x":[{"t":"idOrVar","v":"plural"},"value"]},{"$i":"hours-ago-short","$v":{"other":[{"t":"idOrVar","v":"value"}," ihora elidlule"],"zero":"manje"},"$x":[{"t":"idOrVar","v":"plural"},"value"]},{"$i":"days-ago-short","$v":{"other":[{"t":"idOrVar","v":"value"}," usuku oludlule"],"zero":"namuhla"},"$x":[{"t":"idOrVar","v":"plural"},"value"]},{"$i":"minutes-until-short","$v":{"other":["Ngemva kwemizuzu engu ",{"t":"idOrVar","v":"value"}],"zero":"manje"},"$x":[{"t":"idOrVar","v":"plural"},"value"]},{"$i":"hours-until-short","$v":{"other":["Ngehora ",{"t":"idOrVar","v":"value"}],"zero":"manje"},"$x":[{"t":"idOrVar","v":"plural"},"value"]},{"$i":"days-until-short","$v":{"other":["osukwini ",{"t":"idOrVar","v":"value"}],"zero":"namuhla"},"$x":[{"t":"idOrVar","v":"plural"},"value"]},{"$i":"incorrectDate","$v":"(Usuku olunganembile)"},{"$i":"dateTimeFormat_%c","$v":"%a %b %e %Y %I:%M:%S %p"},{"$i":"dateTimeFormat_%x","$v":"%m/%d/%Y"},{"$i":"dateTimeFormat_%X","$v":"%I:%M:%S %p"},{"$i":"shortTimeFormat","$v":"%I:%M %p"},{"$i":"shortTimeFormat12","$v":"%I:%M %p"},{"$i":"shortTimeFormat24","$v":"%H:%M"},{"$i":"shortDateTimeFormat","$v":"%x %I:%M %p"},{"$i":"weekStartsOnMonday","$v":"0.0"},{"$i":"firstDayOfTheWeek","$v":"0.0"},{"$i":"time_am","$v":"AM"},{"$i":"time_pm","$v":"PM"},{"$i":"softkey-options","$v":"Okhetha kukho"}]