[{"$i":"toast-audio-save","$v":"Запіс захаваны"},{"$i":"toast-audio-discarded","$v":"Запіс адхілены"},{"$i":"toast-save-rate","$v":"Змены захаваны."},{"$i":"toast-audio-deleted","$v":"Запіс выдалены"},{"$i":"toast-audio-files-deleted","$v":"Аўдыё файлы выдаленыя."},{"$i":"toast-audio-rename-ok","$v":"Імя зменена"},{"$i":"toast-audio-rename-failed","$v":"Памылка перайм"},{"$i":"toast-music-library-save","$v":[{"t":"idOrVar","v":"name"}," Захаваны ў музычную бібліятэку"]},{"$i":"toast-audio-import-save","$v":["Файл ",{"t":"idOrVar","v":"name"}," захав. на прыл. запісу."]},{"$i":"toast-audio-save-failed","$v":"Захаваны не ўдалося."},{"$i":"soft-key-new","$v":"Стварыць"},{"$i":"soft-key-option","$v":"Опцыя"},{"$i":"soft-key-play","$v":"Прайграваць"},{"$i":"soft-key-ok","$v":"ОК"},{"$i":"soft-key-options","$v":"Опцыі"},{"$i":"soft-key-back","$v":"Назад"},{"$i":"soft-key-pause","$v":"Паўза"},{"$i":"soft-key-cancel","$v":"Скасаваць"},{"$i":"soft-key-delete","$v":"Выдаліць"},{"$i":"soft-key-done","$v":"Гатова"},{"$i":"soft-key-save","$v":"Захаваць"},{"$i":"soft-key-discard","$v":"Скінуць"},{"$i":"soft-key-all","$v":"Усе"},{"$i":"soft-key-deselect","$v":"Адмяніць выбар"},{"$i":"soft-key-none","$v":"Няма"},{"$i":"menu-header","$v":"Опцыі"},{"$i":"menu-delete","$v":"Выдаліць"},{"$i":"menu-share","$v":"Абагуліць"},{"$i":"menu-rename","$v":"Перайменаваць"},{"$i":"menu-save-as-ringtone","$v":"Зах. як сігнал выкліку"},{"$i":"menu-settings","$v":"Настройкі"},{"$i":"menu-volume","$v":"Гучнасць"},{"$i":"menu-save-to-music-library","$v":"Захаваць у музычную бібліятэку"},{"$i":"menu-select-multiple","$v":"Выбраць некалькі"},{"$i":"number-selected","$v":{"few":[{"t":"idOrVar","v":"number"}," выбрана"],"many":[{"t":"idOrVar","v":"number"}," выбрана"],"one":[{"t":"idOrVar","v":"number"}," выбрана"],"other":[{"t":"idOrVar","v":"number"}," выбрана"],"two":[{"t":"idOrVar","v":"number"}," выбрана"],"zero":[{"t":"idOrVar","v":"number"}," выбрана"]},"$x":[{"t":"idOrVar","v":"plural"},"number"]},{"$i":"title-audio-list","$v":"Прылада запісу аўдыя"},{"$i":"title-rename","$v":"Перайменаваць"},{"$i":"title-settings","$v":"Настройкі"},{"$i":"title-save-confirmation","$v":"Пацверджанне"},{"$i":"title-delete-confirmation","$v":"Пацверджанне"},{"$i":"title-recording-bitrate","$v":"Хуткасць запісу"},{"$i":"title-pick-audio-list","$v":"Выбраць прыладу запісу"},{"$i":"dialog-delete-audio-file","$v":"Выдаліць аўдыяфайл?"},{"$i":"dialog-save-audio-recording","$v":"Захаваць аўдыязапіс?"},{"$i":"dialog-delete-select-audio","$v":{"few":[{"t":"idOrVar","v":"Number"}," сцерці допіс?"],"many":[{"t":"idOrVar","v":"Number"}," сцерці допіс?"],"one":"Выдаліць абраныя запісы?","other":[{"t":"idOrVar","v":"Number"}," сцерці допіс?"],"two":[{"t":"idOrVar","v":"Number"}," сцерці допіс?"]},"$x":[{"t":"idOrVar","v":"plural"},"number"]},{"$i":"settings-bitrate-8k","$v":"8K (меншы памер)"},{"$i":"settings-bitrate-44k","$v":"44K (большы памер)"},{"$i":"settings-bitrate-err","$v":"Памылка настроек"},{"$i":"audio-recorder-is-empty","$v":"Прылада запісу аўдыя пустая."},{"$i":"audio-pick-is-empty","$v":"Прылада запісу аўдыя пустая."},{"$i":"input-title-enter-new-name","$v":"Увесці новае імя"},{"$i":"new-recording","$v":"Новы запіс"},{"$i":"save-input","placeholder":"Новы запіс"},{"$i":"save-audio-input","$v":"Імя"},{"$i":"audio-player-state","$v":"Прайграецца..."},{"$i":"audio-player-state-pause","$v":""},{"$i":"audio-recorder-loading","$v":"Сканав. у пош. аўдыязап..."},{"$i":"unsupport-file-name","$v":{"$o":"Немагчыма выкарыстоўваць імя, якое ўтрымлівае сімвалы, што не падтрымліваюцца: \\/:*?&quot;&lt;&gt;|"}},{"$i":"import-file-error","$v":"Назва ўжо занятая. Выберыце іншую"},{"$i":"import-file-exist","$v":"Такая назва файла ўжо існуе."},{"$i":"state_storage_no_memory_card","$v":"Картка памяці не знойдзена. Устаўце картку памяці"},{"$i":"state_storage_full","$v":"Сховішча запоўнена"},{"$i":"state_storage_full_sdcard","$v":"SD-карта поўная."},{"$i":"state_storage_full_content_new","$v":"Не ўдаецца запісаць. Каб вызваліць месца, выдаліце медыяфайлы."},{"$i":"state_storage_full_content_new_sdcard","$v":"Не ўдаецца запісаць. Каб вызваліць месца, выдаліце файлы на SD-картцы."},{"$i":"state_storage_full_content_record","$v":"Не ўдаецца запісаць. Каб вызваліць месца, можна захаваць ужо запісаны файл і выдаліць медыяфайлы."},{"$i":"state_storage_full_content_record_sdcard","$v":"Не ўдаецца запісаць. Каб вызваліць месца, можна захаваць ужо запісаны файл і выдаліць файлы на SD-картцы."},{"$i":"state_storage_full_content_save","$v":"Не ўдаецца захав. файл. Каб вызв. месца, выдал. медыяфайлы."},{"$i":"state_storage_full_content_save_sdcard","$v":"Не ўдаецца захав. файл. Каб вызв. месца, выдал файлы на SD-карце."},{"$i":"state_storage_in_use","$v":"Сховішча зараз выкарыстоўваецца. Адключыце тэлефон ад сілкавання."},{"$i":"options","$v":"Параметры"},{"$i":"cancel","$v":"Скасаваць"},{"$i":"delete","$v":"Выдаліць"},{"$i":"save","$v":"Захаваць"},{"$i":"ok","$v":"ОК"},{"$i":"back","$v":"Назад"},{"$i":"select","$v":"Выбраць"},{"$i":"deselect","$v":"Адмяніць выбар"},{"$i":"rename-same-name","$v":"Імя не зменена"},{"$i":"weekday-0-long","$v":"Нядзеля"},{"$i":"weekday-1-long","$v":"Панядзелак"},{"$i":"weekday-2-long","$v":"Аўторак"},{"$i":"weekday-3-long","$v":"Серада"},{"$i":"weekday-4-long","$v":"Чацвер"},{"$i":"weekday-5-long","$v":"Пятніца"},{"$i":"weekday-6-long","$v":"Субота"},{"$i":"weekday-0-short","$v":"Нядз"},{"$i":"weekday-1-short","$v":"Пан"},{"$i":"weekday-2-short","$v":"Аўт"},{"$i":"weekday-3-short","$v":"Сер"},{"$i":"weekday-4-short","$v":"Чацв"},{"$i":"weekday-5-short","$v":"Пят"},{"$i":"weekday-6-short","$v":"Суб"},{"$i":"month-0-long","$v":"Студзень"},{"$i":"month-1-long","$v":"Люты"},{"$i":"month-2-long","$v":"Сакавік"},{"$i":"month-3-long","$v":"Красавік"},{"$i":"month-4-long","$v":"Май"},{"$i":"month-5-long","$v":"Чэрвень"},{"$i":"month-6-long","$v":"Ліпень"},{"$i":"month-7-long","$v":"Жнівень"},{"$i":"month-8-long","$v":"Верасень"},{"$i":"month-9-long","$v":"Кастрычнік"},{"$i":"month-10-long","$v":"Лістапад"},{"$i":"month-11-long","$v":"Снежань"},{"$i":"month-0-genitive","$v":"Студзень"},{"$i":"month-1-genitive","$v":"Люты"},{"$i":"month-2-genitive","$v":"Сакавік"},{"$i":"month-3-genitive","$v":"Красавік"},{"$i":"month-4-genitive","$v":"Май"},{"$i":"month-5-genitive","$v":"Чэрвень"},{"$i":"month-6-genitive","$v":"Ліпень"},{"$i":"month-7-genitive","$v":"Жнівень"},{"$i":"month-8-genitive","$v":"Верасень"},{"$i":"month-9-genitive","$v":"Кастрычнік"},{"$i":"month-10-genitive","$v":"Лістапад"},{"$i":"month-11-genitive","$v":"Снежань"},{"$i":"month-0-short","$v":"Сту"},{"$i":"month-1-short","$v":"Лют"},{"$i":"month-2-short","$v":"Сак"},{"$i":"month-3-short","$v":"Кра"},{"$i":"month-4-short","$v":"Май"},{"$i":"month-5-short","$v":"Чэр"},{"$i":"month-6-short","$v":"Ліп"},{"$i":"month-7-short","$v":"Жні"},{"$i":"month-8-short","$v":"Вер"},{"$i":"month-9-short","$v":"Кас"},{"$i":"month-10-short","$v":"Ліс"},{"$i":"month-11-short","$v":"Снж"},{"$i":"minutes-ago-long","$v":{"few":["Хвілін таму: ",{"t":"idOrVar","v":"value"}],"many":["Хвілін таму: ",{"t":"idOrVar","v":"value"}],"one":"хвіліну таму","other":["Хвілін таму: ",{"t":"idOrVar","v":"value"}],"two":["Хвілін таму: ",{"t":"idOrVar","v":"value"}],"zero":"толькі цяпер"},"$x":[{"t":"idOrVar","v":"plural"},"n"]},{"$i":"hours-ago-long","$v":{"few":["Гадзін таму: ",{"t":"idOrVar","v":"value"}],"many":["Гадзін таму: ",{"t":"idOrVar","v":"value"}],"one":"гадзіну таму","other":["Гадзін таму: ",{"t":"idOrVar","v":"value"}],"two":["Гадзін таму: ",{"t":"idOrVar","v":"value"}],"zero":"толькі цяпер"},"$x":[{"t":"idOrVar","v":"plural"},"n"]},{"$i":"days-ago-long","$v":{"few":["Дзён таму: ",{"t":"idOrVar","v":"value"}],"many":["Дзён таму: ",{"t":"idOrVar","v":"value"}],"one":"учора","other":["Дзён таму: ",{"t":"idOrVar","v":"value"}],"two":["Дзён таму: ",{"t":"idOrVar","v":"value"}],"zero":"сёння"},"$x":[{"t":"idOrVar","v":"plural"},"n"]},{"$i":"weeks-ago-long","$v":{"few":["Тыдняў таму: ",{"t":"idOrVar","v":"value"}],"many":["Тыдняў таму: ",{"t":"idOrVar","v":"value"}],"one":"на мінулым тыдні","other":["Тыдняў таму: ",{"t":"idOrVar","v":"value"}],"two":["Тыдняў таму: ",{"t":"idOrVar","v":"value"}],"zero":"на гэтым тыдні"},"$x":[{"t":"idOrVar","v":"plural"},"n"]},{"$i":"months-ago-long","$v":{"few":["Месяцаў таму: ",{"t":"idOrVar","v":"value"}],"many":["Месяцаў таму: ",{"t":"idOrVar","v":"value"}],"one":"у мінулым месяцы","other":["Месяцаў таму: ",{"t":"idOrVar","v":"value"}],"two":["Месяцаў таму: ",{"t":"idOrVar","v":"value"}],"zero":"у гэтым месяцы"},"$x":[{"t":"idOrVar","v":"plural"},"n"]},{"$i":"years-ago-long","$v":{"few":["Гадоў таму: ",{"t":"idOrVar","v":"value"}],"many":["Гадоў таму: ",{"t":"idOrVar","v":"value"}],"one":"у мінулым годзе","other":["Гадоў таму: ",{"t":"idOrVar","v":"value"}],"two":["Гадоў таму: ",{"t":"idOrVar","v":"value"}],"zero":"у гэтым годзе"},"$x":[{"t":"idOrVar","v":"plural"},"n"]},{"$i":"minutes-until-long","$v":{"few":["праз ",{"t":"idOrVar","v":"value"}," хвілін(-ы)"],"many":["праз ",{"t":"idOrVar","v":"value"}," хвілін(-ы)"],"one":"праз хвіліну","other":["праз ",{"t":"idOrVar","v":"value"}," хвілін(-ы)"],"two":["праз ",{"t":"idOrVar","v":"value"}," хвілін(-ы)"],"zero":"цяпер"},"$x":[{"t":"idOrVar","v":"plural"},"n"]},{"$i":"hours-until-long","$v":{"few":["праз ",{"t":"idOrVar","v":"value"}," гадзін(-ы)"],"many":["праз ",{"t":"idOrVar","v":"value"}," гадзін(-ы)"],"one":"праз гадзіну","other":["праз ",{"t":"idOrVar","v":"value"}," гадзін(-ы)"],"two":["праз ",{"t":"idOrVar","v":"value"}," гадзін(-ы)"],"zero":"цяпер"},"$x":[{"t":"idOrVar","v":"plural"},"n"]},{"$i":"days-until-long","$v":{"few":["праз ",{"t":"idOrVar","v":"value"}," дні(дзён)"],"many":["праз ",{"t":"idOrVar","v":"value"}," дні(дзён)"],"one":"заўтра","other":["праз ",{"t":"idOrVar","v":"value"}," дні(дзён)"],"two":["праз ",{"t":"idOrVar","v":"value"}," дні(дзён)"],"zero":"сёння"},"$x":[{"t":"idOrVar","v":"plural"},"n"]},{"$i":"weeks-until-long","$v":{"few":["праз ",{"t":"idOrVar","v":"value"}," тыдні(-яў)"],"many":["праз ",{"t":"idOrVar","v":"value"}," тыдні(-яў)"],"one":"на наступным тыдні","other":["праз ",{"t":"idOrVar","v":"value"}," тыдні(-яў)"],"two":["праз ",{"t":"idOrVar","v":"value"}," тыдні(-яў)"],"zero":"на гэтым тыдні"},"$x":[{"t":"idOrVar","v":"plural"},"n"]},{"$i":"months-until-long","$v":{"few":["праз ",{"t":"idOrVar","v":"value"}," месяц(-аў)"],"many":["праз ",{"t":"idOrVar","v":"value"}," месяц(-аў)"],"one":"у наступным месяцы","other":["праз ",{"t":"idOrVar","v":"value"}," месяц(-аў)"],"two":["праз ",{"t":"idOrVar","v":"value"}," месяц(-аў)"],"zero":"у гэтым месяцы"},"$x":[{"t":"idOrVar","v":"plural"},"n"]},{"$i":"years-until-long","$v":{"few":["праз ",{"t":"idOrVar","v":"value"}," гады (год)"],"many":["праз ",{"t":"idOrVar","v":"value"}," гады (год)"],"one":"у наступным годзе","other":["праз ",{"t":"idOrVar","v":"value"}," гады (год)"],"two":["праз ",{"t":"idOrVar","v":"value"}," гады (год)"],"zero":"у гэтым годзе"},"$x":[{"t":"idOrVar","v":"plural"},"n"]},{"$i":"minutes-ago-short","$v":{"other":[{"t":"idOrVar","v":"value"},"хв таму"],"zero":"толькі цяпер"},"$x":[{"t":"idOrVar","v":"plural"},"n"]},{"$i":"hours-ago-short","$v":{"other":[{"t":"idOrVar","v":"value"},"гадз таму"],"zero":"толькі цяпер"},"$x":[{"t":"idOrVar","v":"plural"},"n"]},{"$i":"days-ago-short","$v":{"other":[{"t":"idOrVar","v":"value"},"д таму"],"zero":"сёння"},"$x":[{"t":"idOrVar","v":"plural"},"n"]},{"$i":"minutes-until-short","$v":{"other":["праз ",{"t":"idOrVar","v":"value"},"хв"],"zero":"цяпер"},"$x":[{"t":"idOrVar","v":"plural"},"n"]},{"$i":"hours-until-short","$v":{"other":["праз ",{"t":"idOrVar","v":"value"},"гадз"],"zero":"цяпер"},"$x":[{"t":"idOrVar","v":"plural"},"n"]},{"$i":"days-until-short","$v":{"other":["праз ",{"t":"idOrVar","v":"value"},"д"],"zero":"сёння"},"$x":[{"t":"idOrVar","v":"plural"},"n"]},{"$i":"incorrectDate","$v":"(няправільная дата)"},{"$i":"dateTimeFormat_%c","$v":"%a %b %e %Y %I:%M:%S %p"},{"$i":"dateTimeFormat_%x","$v":"%m/%d/%Y"},{"$i":"dateTimeFormat_%X","$v":"%I:%M:%S %p"},{"$i":"shortTimeFormat","$v":"%I:%M %p"},{"$i":"shortTimeFormat12","$v":"%I:%M %p"},{"$i":"shortTimeFormat24","$v":"%H:%M"},{"$i":"shortDateTimeFormat","$v":"%x %I:%M %p"},{"$i":"weekStartsOnMonday","$v":"0.0"},{"$i":"firstDayOfTheWeek","$v":"1.0"},{"$i":"time_am","$v":"Ран."},{"$i":"time_pm","$v":"PM"}]