[{"$i":"toast-audio-save","$v":"Записът е запаметен"},{"$i":"toast-audio-discarded","$v":"Записването е отхвърлено"},{"$i":"toast-save-rate","$v":"Промените са записани."},{"$i":"toast-audio-deleted","$v":"Записът е изтрит"},{"$i":"toast-audio-files-deleted","$v":"Аудио файловете са изтрити."},{"$i":"toast-audio-rename-ok","$v":"Името е променено"},{"$i":"toast-audio-rename-failed","$v":"Неусп преименуване"},{"$i":"toast-music-library-save","$v":[{"t":"idOrVar","v":"name"}," Запаметен в музикалната библиотека"]},{"$i":"toast-audio-import-save","$v":[{"t":"idOrVar","v":"name"}," е записано в рекордера."]},{"$i":"toast-audio-save-failed","$v":"Запазено е неуспешно."},{"$i":"soft-key-new","$v":"Нов"},{"$i":"soft-key-option","$v":"Опция"},{"$i":"soft-key-play","$v":"Възпроизвеждане"},{"$i":"soft-key-ok","$v":"ОК"},{"$i":"soft-key-options","$v":"Опции"},{"$i":"soft-key-back","$v":"Назад"},{"$i":"soft-key-pause","$v":"Пауза"},{"$i":"soft-key-cancel","$v":"Отмяна"},{"$i":"soft-key-delete","$v":"Изтриване"},{"$i":"soft-key-done","$v":"Готово"},{"$i":"soft-key-save","$v":"Запис"},{"$i":"soft-key-discard","$v":"Отхвърляне"},{"$i":"soft-key-all","$v":"Всички"},{"$i":"soft-key-deselect","$v":"Размаркиране"},{"$i":"soft-key-none","$v":"Няма"},{"$i":"menu-header","$v":"Опции"},{"$i":"menu-delete","$v":"Изтриване"},{"$i":"menu-share","$v":"Споделяне"},{"$i":"menu-rename","$v":"Преименуване"},{"$i":"menu-save-as-ringtone","$v":"Запамет. като мелодия"},{"$i":"menu-settings","$v":"Настройки"},{"$i":"menu-volume","$v":"Сила на звука"},{"$i":"menu-save-to-music-library","$v":"Запамет. в муз. библиотека"},{"$i":"menu-select-multiple","$v":"Изберете множество"},{"$i":"number-selected","$v":{"few":[{"t":"idOrVar","v":"number"}," избрани"],"many":[{"t":"idOrVar","v":"number"}," избрани"],"one":[{"t":"idOrVar","v":"number"}," избрани"],"other":[{"t":"idOrVar","v":"number"}," избрани"],"two":[{"t":"idOrVar","v":"number"}," избрани"],"zero":[{"t":"idOrVar","v":"number"}," избрани"]},"$x":[{"t":"idOrVar","v":"plural"},"number"]},{"$i":"title-audio-list","$v":"Аудио рекордер"},{"$i":"title-rename","$v":"Преименуване"},{"$i":"title-settings","$v":"Настройки"},{"$i":"title-save-confirmation","$v":"Потвърждаване"},{"$i":"title-delete-confirmation","$v":"Потвърждаване"},{"$i":"title-recording-bitrate","$v":"Честота на записване"},{"$i":"title-pick-audio-list","$v":"Изберете рекордер"},{"$i":"dialog-delete-audio-file","$v":"Изтриване на аудио файла?"},{"$i":"dialog-save-audio-recording","$v":"Запазване на аудио записа?"},{"$i":"dialog-delete-select-audio","$v":{"few":["Да се изтрият ли записите от ",{"t":"idOrVar","v":"number"},"?"],"many":["Да се изтрият ли записите от ",{"t":"idOrVar","v":"number"},"?"],"one":"Изтриване на избраните записи?","other":["Да се изтрият ли записите от ",{"t":"idOrVar","v":"number"},"?"],"two":["Да се изтрият ли записите от ",{"t":"idOrVar","v":"number"},"?"]},"$x":[{"t":"idOrVar","v":"plural"},"number"]},{"$i":"settings-bitrate-8k","$v":"8 K (По-малък размер)"},{"$i":"settings-bitrate-44k","$v":"44 K (По-голям размер)"},{"$i":"settings-bitrate-err","$v":"Грешка при настройка"},{"$i":"audio-recorder-is-empty","$v":"Аудио рекордерът е празен."},{"$i":"audio-pick-is-empty","$v":"Аудио рекордерът е празен."},{"$i":"input-title-enter-new-name","$v":"Въведете ново име"},{"$i":"new-recording","$v":"Нов запис"},{"$i":"save-input","placeholder":"Нов запис"},{"$i":"save-audio-input","$v":"Име"},{"$i":"audio-player-state","$v":"Възпроизвеждане..."},{"$i":"audio-player-state-pause","$v":""},{"$i":"audio-recorder-loading","$v":"Скан. аудио записи..."},{"$i":"unsupport-file-name","$v":{"$o":"Не може да се използва име, съдържащо непозволени знаци: \\/:*?&quot;&lt;&gt;|"}},{"$i":"import-file-error","$v":"Името вече е заето. Изберете друго име"},{"$i":"import-file-exist","$v":"Вече съществува същото име на файл"},{"$i":"state_storage_no_memory_card","$v":"Картата с памет не е намерена. Поставете карта с памет."},{"$i":"state_storage_full","$v":"Паметта е пълна"},{"$i":"state_storage_full_sdcard","$v":"SD картата е пълна"},{"$i":"state_storage_full_content_new","$v":"Неуспешен запис. Изтрийте мултимедийни файлове, за да освободите място."},{"$i":"state_storage_full_content_new_sdcard","$v":"Неуспешен запис. Изтрийте файлове в SD картата, за да освободите място."},{"$i":"state_storage_full_content_record","$v":"Неуспешен запис. Може да запишете вече записания файл и да изтриете мултимедийни файлове, за да освободите място."},{"$i":"state_storage_full_content_record_sdcard","$v":"Неуспешен запис. Може да запишете вече записания файл и да изтриете файлове в SD картата, за да освободите място."},{"$i":"state_storage_full_content_save","$v":"Неуспешно записване на файл. Изтрийте мултимедийни файлове, за да освободите място."},{"$i":"state_storage_full_content_save_sdcard","$v":"Неуспешно записване на файл. Изтрийте файлове от SD картата, за да освободите място."},{"$i":"state_storage_in_use","$v":"Паметта се използва в момента. Изключете кабела от телефона."},{"$i":"options","$v":"Опции"},{"$i":"cancel","$v":"Отказ"},{"$i":"delete","$v":"Изтриване"},{"$i":"save","$v":"Запис"},{"$i":"ok","$v":"OK"},{"$i":"back","$v":"Назад"},{"$i":"select","$v":"Избор"},{"$i":"deselect","$v":"Размаркиране"},{"$i":"rename-same-name","$v":"Името не е променено"},{"$i":"weekday-0-long","$v":"Неделя"},{"$i":"weekday-1-long","$v":"Понеделник"},{"$i":"weekday-2-long","$v":"Вторник"},{"$i":"weekday-3-long","$v":"Сряда"},{"$i":"weekday-4-long","$v":"Четвъртък"},{"$i":"weekday-5-long","$v":"Петък"},{"$i":"weekday-6-long","$v":"Събота"},{"$i":"weekday-0-short","$v":"нед"},{"$i":"weekday-1-short","$v":"пон"},{"$i":"weekday-2-short","$v":"втор"},{"$i":"weekday-3-short","$v":"ср"},{"$i":"weekday-4-short","$v":"чт"},{"$i":"weekday-5-short","$v":"пет"},{"$i":"weekday-6-short","$v":"сб"},{"$i":"month-0-long","$v":"Януари"},{"$i":"month-1-long","$v":"Февруари"},{"$i":"month-2-long","$v":"Март"},{"$i":"month-3-long","$v":"Април"},{"$i":"month-4-long","$v":"май"},{"$i":"month-5-long","$v":"Юни"},{"$i":"month-6-long","$v":"Юли"},{"$i":"month-7-long","$v":"Август"},{"$i":"month-8-long","$v":"Септември"},{"$i":"month-9-long","$v":"Октомври"},{"$i":"month-10-long","$v":"Ноември"},{"$i":"month-11-long","$v":"Декември"},{"$i":"month-0-genitive","$v":"Януари"},{"$i":"month-1-genitive","$v":"Февруари"},{"$i":"month-2-genitive","$v":"Март"},{"$i":"month-3-genitive","$v":"Април"},{"$i":"month-4-genitive","$v":"май"},{"$i":"month-5-genitive","$v":"Юни"},{"$i":"month-6-genitive","$v":"Юли"},{"$i":"month-7-genitive","$v":"Август"},{"$i":"month-8-genitive","$v":"Септември"},{"$i":"month-9-genitive","$v":"Октомври"},{"$i":"month-10-genitive","$v":"Ноември"},{"$i":"month-11-genitive","$v":"Декември"},{"$i":"month-0-short","$v":"ян"},{"$i":"month-1-short","$v":"фев"},{"$i":"month-2-short","$v":"март"},{"$i":"month-3-short","$v":"апр"},{"$i":"month-4-short","$v":"май"},{"$i":"month-5-short","$v":"юни"},{"$i":"month-6-short","$v":"юли"},{"$i":"month-7-short","$v":"авг"},{"$i":"month-8-short","$v":"септ"},{"$i":"month-9-short","$v":"окт"},{"$i":"month-10-short","$v":"ноем"},{"$i":"month-11-short","$v":"дек"},{"$i":"minutes-ago-long","$v":{"few":["Преди ",{"t":"idOrVar","v":"value"}," минути"],"many":["Преди ",{"t":"idOrVar","v":"value"}," минути"],"one":"преди минута","other":["Преди ",{"t":"idOrVar","v":"value"}," минути"],"two":["Преди ",{"t":"idOrVar","v":"value"}," минути"],"zero":"точно сега"},"$x":[{"t":"idOrVar","v":"plural"},"value"]},{"$i":"hours-ago-long","$v":{"few":["Преди ",{"t":"idOrVar","v":"value"}," часа"],"many":["Преди ",{"t":"idOrVar","v":"value"}," часа"],"one":"преди час","other":["Преди ",{"t":"idOrVar","v":"value"}," часа"],"two":["Преди ",{"t":"idOrVar","v":"value"}," часа"],"zero":"точно сега"},"$x":[{"t":"idOrVar","v":"plural"},"value"]},{"$i":"days-ago-long","$v":{"few":["Преди ",{"t":"idOrVar","v":"value"}," дни"],"many":["Преди ",{"t":"idOrVar","v":"value"}," дни"],"one":"вчера","other":["Преди ",{"t":"idOrVar","v":"value"}," дни"],"two":["Преди ",{"t":"idOrVar","v":"value"}," дни"],"zero":"днес"},"$x":[{"t":"idOrVar","v":"plural"},"value"]},{"$i":"weeks-ago-long","$v":{"few":["Преди ",{"t":"idOrVar","v":"value"}," седмици"],"many":["Преди ",{"t":"idOrVar","v":"value"}," седмици"],"one":"последната седмица","other":["Преди ",{"t":"idOrVar","v":"value"}," седмици"],"two":["Преди ",{"t":"idOrVar","v":"value"}," седмици"],"zero":"тази седмица"},"$x":[{"t":"idOrVar","v":"plural"},"value"]},{"$i":"months-ago-long","$v":{"few":["Преди ",{"t":"idOrVar","v":"value"}," месеца"],"many":["Преди ",{"t":"idOrVar","v":"value"}," месеца"],"one":"последния месец","other":["Преди ",{"t":"idOrVar","v":"value"}," месеца"],"two":["Преди ",{"t":"idOrVar","v":"value"}," месеца"],"zero":"този месец"},"$x":[{"t":"idOrVar","v":"plural"},"value"]},{"$i":"years-ago-long","$v":{"few":["Преди ",{"t":"idOrVar","v":"value"}," години"],"many":["Преди ",{"t":"idOrVar","v":"value"}," години"],"one":"последната година","other":["Преди ",{"t":"idOrVar","v":"value"}," години"],"two":["Преди ",{"t":"idOrVar","v":"value"}," години"],"zero":"тази година"},"$x":[{"t":"idOrVar","v":"plural"},"value"]},{"$i":"minutes-until-long","$v":{"few":["след ",{"t":"idOrVar","v":"value"}," минути"],"many":["след ",{"t":"idOrVar","v":"value"}," минути"],"one":"след минута","other":["след ",{"t":"idOrVar","v":"value"}," минути"],"two":["след ",{"t":"idOrVar","v":"value"}," минути"],"zero":"сега"},"$x":[{"t":"idOrVar","v":"plural"},"value"]},{"$i":"hours-until-long","$v":{"few":["след ",{"t":"idOrVar","v":"value"}," часа"],"many":["след ",{"t":"idOrVar","v":"value"}," часа"],"one":"след час","other":["след ",{"t":"idOrVar","v":"value"}," часа"],"two":["след ",{"t":"idOrVar","v":"value"}," часа"],"zero":"сега"},"$x":[{"t":"idOrVar","v":"plural"},"value"]},{"$i":"days-until-long","$v":{"few":["след ",{"t":"idOrVar","v":"value"}," дни"],"many":["след ",{"t":"idOrVar","v":"value"}," дни"],"one":"утре","other":["след ",{"t":"idOrVar","v":"value"}," дни"],"two":["след ",{"t":"idOrVar","v":"value"}," дни"],"zero":"днес"},"$x":[{"t":"idOrVar","v":"plural"},"value"]},{"$i":"weeks-until-long","$v":{"few":["след ",{"t":"idOrVar","v":"value"}," седмици"],"many":["след ",{"t":"idOrVar","v":"value"}," седмици"],"one":"следващата седмица","other":["след ",{"t":"idOrVar","v":"value"}," седмици"],"two":["след ",{"t":"idOrVar","v":"value"}," седмици"],"zero":"тази седмица"},"$x":[{"t":"idOrVar","v":"plural"},"value"]},{"$i":"months-until-long","$v":{"few":["след ",{"t":"idOrVar","v":"value"}," месеца"],"many":["след ",{"t":"idOrVar","v":"value"}," месеца"],"one":"следващия месец","other":["след ",{"t":"idOrVar","v":"value"}," месеца"],"two":["след ",{"t":"idOrVar","v":"value"}," месеца"],"zero":"този месец"},"$x":[{"t":"idOrVar","v":"plural"},"value"]},{"$i":"years-until-long","$v":{"few":["след ",{"t":"idOrVar","v":"value"}," години"],"many":["след ",{"t":"idOrVar","v":"value"}," години"],"one":"следващата година","other":["след ",{"t":"idOrVar","v":"value"}," години"],"two":["след ",{"t":"idOrVar","v":"value"}," години"],"zero":"тази година"},"$x":[{"t":"idOrVar","v":"plural"},"value"]},{"$i":"minutes-ago-short","$v":{"other":["Преди ",{"t":"idOrVar","v":"value"}," мин."],"zero":"точно сега"},"$x":[{"t":"idOrVar","v":"plural"},"value"]},{"$i":"hours-ago-short","$v":{"other":["Преди ",{"t":"idOrVar","v":"value"}," ч."],"zero":"точно сега"},"$x":[{"t":"idOrVar","v":"plural"},"value"]},{"$i":"days-ago-short","$v":{"other":["Преди ",{"t":"idOrVar","v":"value"}," дни"],"zero":"днес"},"$x":[{"t":"idOrVar","v":"plural"},"value"]},{"$i":"minutes-until-short","$v":{"other":["след ",{"t":"idOrVar","v":"value"},"м."],"zero":"сега"},"$x":[{"t":"idOrVar","v":"plural"},"value"]},{"$i":"hours-until-short","$v":{"other":["след ",{"t":"idOrVar","v":"value"},"ч."],"zero":"сега"},"$x":[{"t":"idOrVar","v":"plural"},"value"]},{"$i":"days-until-short","$v":{"other":["след ",{"t":"idOrVar","v":"value"},"д."],"zero":"днес"},"$x":[{"t":"idOrVar","v":"plural"},"value"]},{"$i":"incorrectDate","$v":"(неправилна дата)"},{"$i":"dateTimeFormat_%c","$v":"%a %b %e %Y %I:%M:%S %p"},{"$i":"dateTimeFormat_%x","$v":"%m/%d/%Y"},{"$i":"dateTimeFormat_%X","$v":"%I:%M:%S %p"},{"$i":"shortTimeFormat","$v":"%I:%M %p"},{"$i":"shortTimeFormat12","$v":"%I:%M %p"},{"$i":"shortTimeFormat24","$v":"%H:%M"},{"$i":"shortDateTimeFormat","$v":"%x %I:%M %p"},{"$i":"weekStartsOnMonday","$v":"0.0"},{"$i":"firstDayOfTheWeek","$v":"1.0"},{"$i":"time_am","$v":"AM"},{"$i":"time_pm","$v":"PM"}]