[{"$i":"toast-audio-save","$v":"Nahrávka uložena"},{"$i":"toast-audio-discarded","$v":"Záznam zahozen"},{"$i":"toast-save-rate","$v":"Změny uloženy."},{"$i":"toast-audio-deleted","$v":"Nahrávka byla odstraněna"},{"$i":"toast-audio-files-deleted","$v":"Zvukové soubory byly smazány."},{"$i":"toast-audio-rename-ok","$v":"Jméno změněno"},{"$i":"toast-audio-rename-failed","$v":"Přejmenování selhalo"},{"$i":"toast-music-library-save","$v":[{"t":"idOrVar","v":"name"}," Uloženo do hudební knihovny"]},{"$i":"toast-audio-import-save","$v":["Soubor ",{"t":"idOrVar","v":"name"}," byl uložen do rekordéru."]},{"$i":"toast-audio-save-failed","$v":"Uloženo se nezdařilo."},{"$i":"soft-key-new","$v":"Nový"},{"$i":"soft-key-option","$v":"Možnost"},{"$i":"soft-key-play","$v":"Přehrát"},{"$i":"soft-key-ok","$v":"OK"},{"$i":"soft-key-options","$v":"Možnosti"},{"$i":"soft-key-back","$v":"Zpět"},{"$i":"soft-key-pause","$v":"Pozastavit"},{"$i":"soft-key-cancel","$v":"Zrušit"},{"$i":"soft-key-delete","$v":"Odstranit"},{"$i":"soft-key-done","$v":"Hotovo"},{"$i":"soft-key-save","$v":"Uložit"},{"$i":"soft-key-discard","$v":"Zahodit"},{"$i":"soft-key-all","$v":"Vše"},{"$i":"soft-key-deselect","$v":"Zrušit výběr"},{"$i":"soft-key-none","$v":"Žádný"},{"$i":"menu-header","$v":"Možnosti"},{"$i":"menu-delete","$v":"Odstranit"},{"$i":"menu-share","$v":"Sdílet"},{"$i":"menu-rename","$v":"Přejmenovat"},{"$i":"menu-save-as-ringtone","$v":"Uložit jako vyzv. tón"},{"$i":"menu-settings","$v":"Nastavení"},{"$i":"menu-volume","$v":"Hlasitost"},{"$i":"menu-save-to-music-library","$v":"Uložit do hudební knihovny"},{"$i":"menu-select-multiple","$v":"Vybrat více"},{"$i":"number-selected","$v":{"few":[{"t":"idOrVar","v":"number"}," vybráno"],"many":[{"t":"idOrVar","v":"number"}," vybráno"],"one":[{"t":"idOrVar","v":"number"}," vybráno"],"other":[{"t":"idOrVar","v":"number"}," vybráno"],"two":[{"t":"idOrVar","v":"number"}," vybráno"],"zero":[{"t":"idOrVar","v":"number"}," vybráno"]},"$x":[{"t":"idOrVar","v":"plural"},"number"]},{"$i":"title-audio-list","$v":"Záznamník"},{"$i":"title-rename","$v":"Přejmenovat"},{"$i":"title-settings","$v":"Nastavení"},{"$i":"title-save-confirmation","$v":"Potvrzení"},{"$i":"title-delete-confirmation","$v":"Potvrzení"},{"$i":"title-recording-bitrate","$v":"Tok nahrávání"},{"$i":"title-pick-audio-list","$v":"Vyberte rekordér"},{"$i":"dialog-delete-audio-file","$v":"Odstranit zvukový soubor?"},{"$i":"dialog-save-audio-recording","$v":"Uložit audiozáznam?"},{"$i":"dialog-delete-select-audio","$v":{"few":["Smazat nahrávky ",{"t":"idOrVar","v":"number"},"?"],"many":["Smazat nahrávky ",{"t":"idOrVar","v":"number"},"?"],"one":"Smazat vybrané nahrávky?","other":["Smazat nahrávky ",{"t":"idOrVar","v":"number"},"?"],"two":["Smazat nahrávky ",{"t":"idOrVar","v":"number"},"?"]},"$x":[{"t":"idOrVar","v":"plural"},"number"]},{"$i":"settings-bitrate-8k","$v":"8K (menší)"},{"$i":"settings-bitrate-44k","$v":"44K (větší)"},{"$i":"settings-bitrate-err","$v":"Chyba nastavení"},{"$i":"audio-recorder-is-empty","$v":"Žádné nahrávky."},{"$i":"audio-pick-is-empty","$v":"Audiorekordér je prázdný."},{"$i":"input-title-enter-new-name","$v":"Zadejte nový název"},{"$i":"new-recording","$v":"Nový záznam"},{"$i":"save-input","placeholder":"Nový záznam"},{"$i":"save-audio-input","$v":"Jméno"},{"$i":"audio-player-state","$v":"Přehrává se..."},{"$i":"audio-player-state-pause","$v":""},{"$i":"audio-recorder-loading","$v":"Hledání audiozáznamů..."},{"$i":"unsupport-file-name","$v":{"$o":"Nelze použít název obsahující nepodporované znaky: \\/:*?&quot;&lt;&gt;|"}},{"$i":"import-file-error","$v":"Název se již používá. Zvolte jiný."},{"$i":"import-file-exist","$v":"Soubor s tímto názvem již existuje."},{"$i":"state_storage_no_memory_card","$v":"Paměťová karta nenalezena. Vložte paměťovou kartu."},{"$i":"state_storage_full","$v":"Úložiště je plné"},{"$i":"state_storage_full_sdcard","$v":"SD karta je plná."},{"$i":"state_storage_full_content_new","$v":"Nelze nahrávat. Vymažte soubory médií a uvolněte místo."},{"$i":"state_storage_full_content_new_sdcard","$v":"Nelze nahrávat. Vymažte soubory na kartě SD a uvolněte místo."},{"$i":"state_storage_full_content_record","$v":"Záznam nelze pořídit. Můžete uložit již nahraný soubor a odstraněním mediálních souborů uvolnit místo."},{"$i":"state_storage_full_content_record_sdcard","$v":"Záznam nelze pořídit. Můžete uložit již nahraný soubor a odstraněním souborů na kartě SD uvolnit místo."},{"$i":"state_storage_full_content_save","$v":"Soubor se nepodařilo uložit. Smazáním souborů médií uvolněte místo."},{"$i":"state_storage_full_content_save_sdcard","$v":"Soubor se nepodařilo uložit. Smazáním souborů uvolněte místo na kartě SD."},{"$i":"state_storage_in_use","$v":"Úložiště se nyní používá. Odpojte telefon od zdroje napájení."},{"$i":"options","$v":"Možnosti"},{"$i":"cancel","$v":"Zrušit"},{"$i":"delete","$v":"Odstranit"},{"$i":"save","$v":"Uložit"},{"$i":"ok","$v":"OK"},{"$i":"back","$v":"Zpět"},{"$i":"select","$v":"Vybrat"},{"$i":"deselect","$v":"Zrušit výběr"},{"$i":"rename-same-name","$v":"Jméno nebylo změněno"},{"$i":"weekday-0-long","$v":"Neděle"},{"$i":"weekday-1-long","$v":"Pondělí"},{"$i":"weekday-2-long","$v":"Úterý"},{"$i":"weekday-3-long","$v":"Středa"},{"$i":"weekday-4-long","$v":"Čtvrtek"},{"$i":"weekday-5-long","$v":"Pátek"},{"$i":"weekday-6-long","$v":"Sobota"},{"$i":"weekday-0-short","$v":"Ne"},{"$i":"weekday-1-short","$v":"Po"},{"$i":"weekday-2-short","$v":"Út"},{"$i":"weekday-3-short","$v":"St"},{"$i":"weekday-4-short","$v":"Čt"},{"$i":"weekday-5-short","$v":"Pá"},{"$i":"weekday-6-short","$v":"So"},{"$i":"month-0-long","$v":"Leden"},{"$i":"month-1-long","$v":"Únor"},{"$i":"month-2-long","$v":"Březen"},{"$i":"month-3-long","$v":"Duben"},{"$i":"month-4-long","$v":"Květen"},{"$i":"month-5-long","$v":"Červen"},{"$i":"month-6-long","$v":"Červenec"},{"$i":"month-7-long","$v":"Srpen"},{"$i":"month-8-long","$v":"Září"},{"$i":"month-9-long","$v":"Říjen"},{"$i":"month-10-long","$v":"Listopad"},{"$i":"month-11-long","$v":"Prosinec"},{"$i":"month-0-genitive","$v":"Leden"},{"$i":"month-1-genitive","$v":"Únor"},{"$i":"month-2-genitive","$v":"Březen"},{"$i":"month-3-genitive","$v":"Duben"},{"$i":"month-4-genitive","$v":"Květen"},{"$i":"month-5-genitive","$v":"Červen"},{"$i":"month-6-genitive","$v":"Červenec"},{"$i":"month-7-genitive","$v":"Srpen"},{"$i":"month-8-genitive","$v":"Září"},{"$i":"month-9-genitive","$v":"Říjen"},{"$i":"month-10-genitive","$v":"Listopad"},{"$i":"month-11-genitive","$v":"Prosinec"},{"$i":"month-0-short","$v":"Led"},{"$i":"month-1-short","$v":"Úno"},{"$i":"month-2-short","$v":"Bře"},{"$i":"month-3-short","$v":"Dub"},{"$i":"month-4-short","$v":"Kvě"},{"$i":"month-5-short","$v":"Čer"},{"$i":"month-6-short","$v":"Čvc"},{"$i":"month-7-short","$v":"Srp"},{"$i":"month-8-short","$v":"Zář"},{"$i":"month-9-short","$v":"Říj"},{"$i":"month-10-short","$v":"Lis"},{"$i":"month-11-short","$v":"Pro"},{"$i":"minutes-ago-long","$v":{"few":["před ",{"t":"idOrVar","v":"value"}," minutami"],"many":["před ",{"t":"idOrVar","v":"value"}," minutami"],"one":"před minutou","other":["před ",{"t":"idOrVar","v":"value"}," minutami"],"two":["před ",{"t":"idOrVar","v":"value"}," minutami"],"zero":"právě teď"},"$x":[{"t":"idOrVar","v":"plural"},"value"]},{"$i":"hours-ago-long","$v":{"few":["před ",{"t":"idOrVar","v":"value"}," hodinami"],"many":["před ",{"t":"idOrVar","v":"value"}," hodinami"],"one":"před hodinou","other":["před ",{"t":"idOrVar","v":"value"}," hodinami"],"two":["před ",{"t":"idOrVar","v":"value"}," hodinami"],"zero":"právě teď"},"$x":[{"t":"idOrVar","v":"plural"},"value"]},{"$i":"days-ago-long","$v":{"few":["před ",{"t":"idOrVar","v":"value"}," dny"],"many":["před ",{"t":"idOrVar","v":"value"}," dny"],"one":"včera","other":["před ",{"t":"idOrVar","v":"value"}," dny"],"two":["před ",{"t":"idOrVar","v":"value"}," dny"],"zero":"dnes"},"$x":[{"t":"idOrVar","v":"plural"},"value"]},{"$i":"weeks-ago-long","$v":{"few":["před ",{"t":"idOrVar","v":"value"}," týdny"],"many":["před ",{"t":"idOrVar","v":"value"}," týdny"],"one":"minulý týden","other":["před ",{"t":"idOrVar","v":"value"}," týdny"],"two":["před ",{"t":"idOrVar","v":"value"}," týdny"],"zero":"tento týden"},"$x":[{"t":"idOrVar","v":"plural"},"value"]},{"$i":"months-ago-long","$v":{"few":["před ",{"t":"idOrVar","v":"value"}," měsíci"],"many":["před ",{"t":"idOrVar","v":"value"}," měsíci"],"one":"poslední měsíc","other":["před ",{"t":"idOrVar","v":"value"}," měsíci"],"two":["před ",{"t":"idOrVar","v":"value"}," měsíci"],"zero":"tento měsíc"},"$x":[{"t":"idOrVar","v":"plural"},"value"]},{"$i":"years-ago-long","$v":{"few":["před ",{"t":"idOrVar","v":"value"}," lety"],"many":["před ",{"t":"idOrVar","v":"value"}," lety"],"one":"minulý rok","other":["před ",{"t":"idOrVar","v":"value"}," lety"],"two":["před ",{"t":"idOrVar","v":"value"}," lety"],"zero":"tento rok"},"$x":[{"t":"idOrVar","v":"plural"},"value"]},{"$i":"minutes-until-long","$v":{"few":["za ",{"t":"idOrVar","v":"value"}," min."],"many":["za ",{"t":"idOrVar","v":"value"}," min."],"one":"za minutu","other":["za ",{"t":"idOrVar","v":"value"}," min."],"two":["za ",{"t":"idOrVar","v":"value"}," min."],"zero":"nyní"},"$x":[{"t":"idOrVar","v":"plural"},"value"]},{"$i":"hours-until-long","$v":{"few":["za ",{"t":"idOrVar","v":"value"}," hod."],"many":["za ",{"t":"idOrVar","v":"value"}," hod."],"one":"za hodinu","other":["za ",{"t":"idOrVar","v":"value"}," hod."],"two":["za ",{"t":"idOrVar","v":"value"}," hod."],"zero":"nyní"},"$x":[{"t":"idOrVar","v":"plural"},"value"]},{"$i":"days-until-long","$v":{"few":["za ",{"t":"idOrVar","v":"value"}," dny/dní"],"many":["za ",{"t":"idOrVar","v":"value"}," dny/dní"],"one":"zítra","other":["za ",{"t":"idOrVar","v":"value"}," dny/dní"],"two":["za ",{"t":"idOrVar","v":"value"}," dny/dní"],"zero":"dnes"},"$x":[{"t":"idOrVar","v":"plural"},"value"]},{"$i":"weeks-until-long","$v":{"few":["za ",{"t":"idOrVar","v":"value"}," týdny/týdnů"],"many":["za ",{"t":"idOrVar","v":"value"}," týdny/týdnů"],"one":"příští týden","other":["za ",{"t":"idOrVar","v":"value"}," týdny/týdnů"],"two":["za ",{"t":"idOrVar","v":"value"}," týdny/týdnů"],"zero":"tento týden"},"$x":[{"t":"idOrVar","v":"plural"},"value"]},{"$i":"months-until-long","$v":{"few":["za ",{"t":"idOrVar","v":"value"}," měsíce/měsíců"],"many":["za ",{"t":"idOrVar","v":"value"}," měsíce/měsíců"],"one":"příští měsíc","other":["za ",{"t":"idOrVar","v":"value"}," měsíce/měsíců"],"two":["za ",{"t":"idOrVar","v":"value"}," měsíce/měsíců"],"zero":"tento měsíc"},"$x":[{"t":"idOrVar","v":"plural"},"value"]},{"$i":"years-until-long","$v":{"few":["za ",{"t":"idOrVar","v":"value"}," roky/let"],"many":["za ",{"t":"idOrVar","v":"value"}," roky/let"],"one":"příští rok","other":["za ",{"t":"idOrVar","v":"value"}," roky/let"],"two":["za ",{"t":"idOrVar","v":"value"}," roky/let"],"zero":"tento rok"},"$x":[{"t":"idOrVar","v":"plural"},"value"]},{"$i":"minutes-ago-short","$v":{"other":["před ",{"t":"idOrVar","v":"value"}," m"],"zero":"právě teď"},"$x":[{"t":"idOrVar","v":"plural"},"value"]},{"$i":"hours-ago-short","$v":{"other":["před ",{"t":"idOrVar","v":"value"}," h"],"zero":"právě teď"},"$x":[{"t":"idOrVar","v":"plural"},"value"]},{"$i":"days-ago-short","$v":{"other":["před ",{"t":"idOrVar","v":"value"}," d"],"zero":"dnes"},"$x":[{"t":"idOrVar","v":"plural"},"value"]},{"$i":"minutes-until-short","$v":{"other":["za ",{"t":"idOrVar","v":"value"}," m"],"zero":"nyní"},"$x":[{"t":"idOrVar","v":"plural"},"value"]},{"$i":"hours-until-short","$v":{"other":["za ",{"t":"idOrVar","v":"value"}," h"],"zero":"nyní"},"$x":[{"t":"idOrVar","v":"plural"},"value"]},{"$i":"days-until-short","$v":{"other":["za ",{"t":"idOrVar","v":"value"}," d"],"zero":"dnes"},"$x":[{"t":"idOrVar","v":"plural"},"value"]},{"$i":"incorrectDate","$v":"(nesprávné datum)"},{"$i":"dateTimeFormat_%c","$v":"%a %b %e %Y %I:%M:%S %p"},{"$i":"dateTimeFormat_%x","$v":"%m/%d/%Y"},{"$i":"dateTimeFormat_%X","$v":"%I:%M:%S %p"},{"$i":"shortTimeFormat","$v":"%I:%M %p"},{"$i":"shortTimeFormat12","$v":"%I:%M %p"},{"$i":"shortTimeFormat24","$v":"%H:%M"},{"$i":"shortDateTimeFormat","$v":"%x %I:%M %p"},{"$i":"weekStartsOnMonday","$v":"0.0"},{"$i":"firstDayOfTheWeek","$v":"1.0"},{"$i":"time_am","$v":"dop."},{"$i":"time_pm","$v":"odp."}]