[{"$i":"toast-audio-save","$v":"Optagelse gemt"},{"$i":"toast-audio-discarded","$v":"Optagelse kasseret"},{"$i":"toast-save-rate","$v":"Ændringerne er gemt."},{"$i":"toast-audio-deleted","$v":"Optagelse slettet"},{"$i":"toast-audio-files-deleted","$v":"Lydfiler slettet."},{"$i":"toast-audio-rename-ok","$v":"Navn ændret"},{"$i":"toast-audio-rename-failed","$v":"Kunne ikke omdøbe"},{"$i":"toast-music-library-save","$v":[{"t":"idOrVar","v":"name"}," Gemt til musikbibliotek"]},{"$i":"toast-audio-import-save","$v":[{"t":"idOrVar","v":"name"}," er gemt i optageren."]},{"$i":"toast-audio-save-failed","$v":"Gemt mislykkedes."},{"$i":"soft-key-new","$v":"Ny"},{"$i":"soft-key-option","$v":"Valg"},{"$i":"soft-key-play","$v":"Afspil"},{"$i":"soft-key-ok","$v":"OK"},{"$i":"soft-key-options","$v":"Valg"},{"$i":"soft-key-back","$v":"Tilbage"},{"$i":"soft-key-pause","$v":"Pause"},{"$i":"soft-key-cancel","$v":"Annuller"},{"$i":"soft-key-delete","$v":"Slet"},{"$i":"soft-key-done","$v":"Udført"},{"$i":"soft-key-save","$v":"Gem"},{"$i":"soft-key-discard","$v":"Kassér"},{"$i":"soft-key-all","$v":"Alle"},{"$i":"soft-key-deselect","$v":"Fravælg"},{"$i":"soft-key-none","$v":"Intet"},{"$i":"menu-header","$v":"Valg"},{"$i":"menu-delete","$v":"Slet"},{"$i":"menu-share","$v":"Del"},{"$i":"menu-rename","$v":"Omdøb"},{"$i":"menu-save-as-ringtone","$v":"Gem som ringetone"},{"$i":"menu-settings","$v":"Indstillinger"},{"$i":"menu-volume","$v":"Lydstyrke"},{"$i":"menu-save-to-music-library","$v":"Gem i musikbibliotek"},{"$i":"menu-select-multiple","$v":"Vælg flere"},{"$i":"number-selected","$v":{"few":[{"t":"idOrVar","v":"number"}," valgt"],"many":[{"t":"idOrVar","v":"number"}," valgt"],"one":[{"t":"idOrVar","v":"number"}," valgt"],"other":[{"t":"idOrVar","v":"number"}," valgt"],"two":[{"t":"idOrVar","v":"number"}," valgt"],"zero":[{"t":"idOrVar","v":"number"}," valgt"]},"$x":[{"t":"idOrVar","v":"plural"},"number"]},{"$i":"title-audio-list","$v":"Lydoptager"},{"$i":"title-rename","$v":"Omdøb"},{"$i":"title-settings","$v":"Indstillinger"},{"$i":"title-save-confirmation","$v":"Bekræftelse"},{"$i":"title-delete-confirmation","$v":"Bekræftelse"},{"$i":"title-recording-bitrate","$v":"Optagelseshastighed"},{"$i":"title-pick-audio-list","$v":"Vælg en optager"},{"$i":"dialog-delete-audio-file","$v":"Slet lydfilen?"},{"$i":"dialog-save-audio-recording","$v":"Gem lydoptagelsen?"},{"$i":"dialog-delete-select-audio","$v":{"few":["Slet ",{"t":"idOrVar","v":"number"}," optagelser?"],"many":["Slet ",{"t":"idOrVar","v":"number"}," optagelser?"],"one":"Delete selected recording?","other":["Slet ",{"t":"idOrVar","v":"number"}," optagelser?"],"two":["Slet ",{"t":"idOrVar","v":"number"}," optagelser?"]},"$x":[{"t":"idOrVar","v":"plural"},"number"]},{"$i":"settings-bitrate-8k","$v":"8K (mindre størrelse)"},{"$i":"settings-bitrate-44k","$v":"44K (større størrelse)"},{"$i":"settings-bitrate-err","$v":"Indstillingsfejl"},{"$i":"audio-recorder-is-empty","$v":"Lydoptager er tom."},{"$i":"audio-pick-is-empty","$v":"Lydoptageren er tom."},{"$i":"input-title-enter-new-name","$v":"Indtast nyt navn"},{"$i":"new-recording","$v":"Ny optagelse"},{"$i":"save-input","placeholder":"Ny optagelse"},{"$i":"save-audio-input","$v":"Navn"},{"$i":"audio-player-state","$v":"Afspiller..."},{"$i":"audio-player-state-pause","$v":""},{"$i":"audio-recorder-loading","$v":"Søger efter lydoptagelser..."},{"$i":"unsupport-file-name","$v":{"$o":"Kan ikke bruge et navn, der indeholder ikke-understøttede tegn: \\/:*?&quot;&lt;&gt;|"}},{"$i":"import-file-error","$v":"Navnet bruges allerede. Vælg et andet navn."},{"$i":"import-file-exist","$v":"Filnavnet findes allerede."},{"$i":"state_storage_no_memory_card","$v":"Hukommelseskort blev ikke fundet. Indsæt et hukommelseskort."},{"$i":"state_storage_full","$v":"Lager er fuldt"},{"$i":"state_storage_full_sdcard","$v":"SD-kort er fuldt."},{"$i":"state_storage_full_content_new","$v":"Der kan ikke optages. Slet mediefiler for at frigøre plads."},{"$i":"state_storage_full_content_new_sdcard","$v":"Der kan ikke optages. Slet filer på SD-kortet for at frigøre plads."},{"$i":"state_storage_full_content_record","$v":"Der kan ikke optages. Du kan gemme den fil, der allerede er optaget, og slette mediefiler for at frigøre plads."},{"$i":"state_storage_full_content_record_sdcard","$v":"Der kan ikke optages. Du kan gemme den fil, der allerede er optaget, og slette filer på SD-kortet for at frigøre plads."},{"$i":"state_storage_full_content_save","$v":"Filen kunne ikke gemmes. Slet mediefiler for at frigøre plads."},{"$i":"state_storage_full_content_save_sdcard","$v":"Filen kan ikke gemmes. Slet filer på SD-kortet for at frigøre plads."},{"$i":"state_storage_in_use","$v":"Lageret er aktuelt i brug. Fjern tilslutningen til telefonen."},{"$i":"options","$v":"Valg"},{"$i":"cancel","$v":"Annuller"},{"$i":"delete","$v":"Slet"},{"$i":"save","$v":"Gem"},{"$i":"ok","$v":"OK"},{"$i":"back","$v":"Tilbage"},{"$i":"select","$v":"Vælg"},{"$i":"deselect","$v":"Fravælg"},{"$i":"rename-same-name","$v":"Navn ikke ændret"},{"$i":"weekday-0-long","$v":"Søndag"},{"$i":"weekday-1-long","$v":"Mandag"},{"$i":"weekday-2-long","$v":"Tirsdag"},{"$i":"weekday-3-long","$v":"Onsdag"},{"$i":"weekday-4-long","$v":"Torsdag"},{"$i":"weekday-5-long","$v":"Fredag"},{"$i":"weekday-6-long","$v":"Lørdag"},{"$i":"weekday-0-short","$v":"Søn"},{"$i":"weekday-1-short","$v":"Man"},{"$i":"weekday-2-short","$v":"Tir"},{"$i":"weekday-3-short","$v":"Ons"},{"$i":"weekday-4-short","$v":"Tor"},{"$i":"weekday-5-short","$v":"Fre"},{"$i":"weekday-6-short","$v":"Lør"},{"$i":"month-0-long","$v":"Januar"},{"$i":"month-1-long","$v":"Februar"},{"$i":"month-2-long","$v":"Marts"},{"$i":"month-3-long","$v":"April"},{"$i":"month-4-long","$v":"Maj"},{"$i":"month-5-long","$v":"Juni"},{"$i":"month-6-long","$v":"Juli"},{"$i":"month-7-long","$v":"August"},{"$i":"month-8-long","$v":"September"},{"$i":"month-9-long","$v":"Oktober"},{"$i":"month-10-long","$v":"November"},{"$i":"month-11-long","$v":"December"},{"$i":"month-0-genitive","$v":"Januar"},{"$i":"month-1-genitive","$v":"Februar"},{"$i":"month-2-genitive","$v":"Marts"},{"$i":"month-3-genitive","$v":"April"},{"$i":"month-4-genitive","$v":"Maj"},{"$i":"month-5-genitive","$v":"Juni"},{"$i":"month-6-genitive","$v":"Juli"},{"$i":"month-7-genitive","$v":"August"},{"$i":"month-8-genitive","$v":"September"},{"$i":"month-9-genitive","$v":"Oktober"},{"$i":"month-10-genitive","$v":"November"},{"$i":"month-11-genitive","$v":"December"},{"$i":"month-0-short","$v":"Jan"},{"$i":"month-1-short","$v":"Feb"},{"$i":"month-2-short","$v":"Mar"},{"$i":"month-3-short","$v":"Apr"},{"$i":"month-4-short","$v":"Maj"},{"$i":"month-5-short","$v":"Jun"},{"$i":"month-6-short","$v":"Jul"},{"$i":"month-7-short","$v":"Aug"},{"$i":"month-8-short","$v":"Sep"},{"$i":"month-9-short","$v":"Okt"},{"$i":"month-10-short","$v":"Nov"},{"$i":"month-11-short","$v":"Dec"},{"$i":"minutes-ago-long","$v":{"few":[{"t":"idOrVar","v":"value"}," minutter siden"],"many":[{"t":"idOrVar","v":"value"}," minutter siden"],"one":"et minut siden","other":[{"t":"idOrVar","v":"value"}," minutter siden"],"two":[{"t":"idOrVar","v":"value"}," minutter siden"],"zero":"lige nu"},"$x":[{"t":"idOrVar","v":"plural"},"value"]},{"$i":"hours-ago-long","$v":{"few":[{"t":"idOrVar","v":"value"}," timer siden"],"many":[{"t":"idOrVar","v":"value"}," timer siden"],"one":"for en time siden","other":[{"t":"idOrVar","v":"value"}," timer siden"],"two":[{"t":"idOrVar","v":"value"}," timer siden"],"zero":"lige nu"},"$x":[{"t":"idOrVar","v":"plural"},"value"]},{"$i":"days-ago-long","$v":{"few":[{"t":"idOrVar","v":"value"}," dage siden"],"many":[{"t":"idOrVar","v":"value"}," dage siden"],"one":"i går","other":[{"t":"idOrVar","v":"value"}," dage siden"],"two":[{"t":"idOrVar","v":"value"}," dage siden"],"zero":"i dag"},"$x":[{"t":"idOrVar","v":"plural"},"value"]},{"$i":"weeks-ago-long","$v":{"few":[{"t":"idOrVar","v":"value"}," uger siden"],"many":[{"t":"idOrVar","v":"value"}," uger siden"],"one":"sidste uge","other":[{"t":"idOrVar","v":"value"}," uger siden"],"two":[{"t":"idOrVar","v":"value"}," uger siden"],"zero":"denne uge"},"$x":[{"t":"idOrVar","v":"plural"},"value"]},{"$i":"months-ago-long","$v":{"few":[{"t":"idOrVar","v":"value"}," måneder siden"],"many":[{"t":"idOrVar","v":"value"}," måneder siden"],"one":"sidste måned","other":[{"t":"idOrVar","v":"value"}," måneder siden"],"two":[{"t":"idOrVar","v":"value"}," måneder siden"],"zero":"denne måned"},"$x":[{"t":"idOrVar","v":"plural"},"value"]},{"$i":"years-ago-long","$v":{"few":[{"t":"idOrVar","v":"value"}," år siden"],"many":[{"t":"idOrVar","v":"value"}," år siden"],"one":"sidste år","other":[{"t":"idOrVar","v":"value"}," år siden"],"two":[{"t":"idOrVar","v":"value"}," år siden"],"zero":"i år"},"$x":[{"t":"idOrVar","v":"plural"},"value"]},{"$i":"minutes-until-long","$v":{"few":["om ",{"t":"idOrVar","v":"value"}," minutter"],"many":["om ",{"t":"idOrVar","v":"value"}," minutter"],"one":"om et minut","other":["om ",{"t":"idOrVar","v":"value"}," minutter"],"two":["om ",{"t":"idOrVar","v":"value"}," minutter"],"zero":"nu"},"$x":[{"t":"idOrVar","v":"plural"},"value"]},{"$i":"hours-until-long","$v":{"few":["om ",{"t":"idOrVar","v":"value"}," timer"],"many":["om ",{"t":"idOrVar","v":"value"}," timer"],"one":"om en time","other":["om ",{"t":"idOrVar","v":"value"}," timer"],"two":["om ",{"t":"idOrVar","v":"value"}," timer"],"zero":"nu"},"$x":[{"t":"idOrVar","v":"plural"},"value"]},{"$i":"days-until-long","$v":{"few":["om ",{"t":"idOrVar","v":"value"}," dage"],"many":["om ",{"t":"idOrVar","v":"value"}," dage"],"one":"i morgen","other":["om ",{"t":"idOrVar","v":"value"}," dage"],"two":["om ",{"t":"idOrVar","v":"value"}," dage"],"zero":"i dag"},"$x":[{"t":"idOrVar","v":"plural"},"value"]},{"$i":"weeks-until-long","$v":{"few":["om ",{"t":"idOrVar","v":"value"}," uger"],"many":["om ",{"t":"idOrVar","v":"value"}," uger"],"one":"næste uge","other":["om ",{"t":"idOrVar","v":"value"}," uger"],"two":["om ",{"t":"idOrVar","v":"value"}," uger"],"zero":"denne uge"},"$x":[{"t":"idOrVar","v":"plural"},"value"]},{"$i":"months-until-long","$v":{"few":["om ",{"t":"idOrVar","v":"value"}," måneder"],"many":["om ",{"t":"idOrVar","v":"value"}," måneder"],"one":"næste måned","other":["om ",{"t":"idOrVar","v":"value"}," måneder"],"two":["om ",{"t":"idOrVar","v":"value"}," måneder"],"zero":"denne måned"},"$x":[{"t":"idOrVar","v":"plural"},"value"]},{"$i":"years-until-long","$v":{"few":["om ",{"t":"idOrVar","v":"value"}," år"],"many":["om ",{"t":"idOrVar","v":"value"}," år"],"one":"næste år","other":["om ",{"t":"idOrVar","v":"value"}," år"],"two":["om ",{"t":"idOrVar","v":"value"}," år"],"zero":"i år"},"$x":[{"t":"idOrVar","v":"plural"},"value"]},{"$i":"minutes-ago-short","$v":{"other":[{"t":"idOrVar","v":"value"},"m siden"],"zero":"lige nu"},"$x":[{"t":"idOrVar","v":"plural"},"value"]},{"$i":"hours-ago-short","$v":{"other":[{"t":"idOrVar","v":"value"},"t siden"],"zero":"lige nu"},"$x":[{"t":"idOrVar","v":"plural"},"value"]},{"$i":"days-ago-short","$v":{"other":[{"t":"idOrVar","v":"value"},"d siden"],"zero":"i dag"},"$x":[{"t":"idOrVar","v":"plural"},"value"]},{"$i":"minutes-until-short","$v":{"other":["om ",{"t":"idOrVar","v":"value"},"m"],"zero":"nu"},"$x":[{"t":"idOrVar","v":"plural"},"value"]},{"$i":"hours-until-short","$v":{"other":["om ",{"t":"idOrVar","v":"value"},"t"],"zero":"nu"},"$x":[{"t":"idOrVar","v":"plural"},"value"]},{"$i":"days-until-short","$v":{"other":["om ",{"t":"idOrVar","v":"value"},"d"],"zero":"i dag"},"$x":[{"t":"idOrVar","v":"plural"},"value"]},{"$i":"incorrectDate","$v":"(forkert dato)"},{"$i":"dateTimeFormat_%c","$v":"%a %b %e %Y %I:%M:%S %p"},{"$i":"dateTimeFormat_%x","$v":"%m/%d/%Y"},{"$i":"dateTimeFormat_%X","$v":"%I:%M:%S %p"},{"$i":"shortTimeFormat","$v":"%I:%M %p"},{"$i":"shortTimeFormat12","$v":"%I:%M %p"},{"$i":"shortTimeFormat24","$v":"%H:%M"},{"$i":"shortDateTimeFormat","$v":"%x %I:%M %p"},{"$i":"weekStartsOnMonday","$v":"0.0"},{"$i":"firstDayOfTheWeek","$v":"1.0"},{"$i":"time_am","$v":"AM"},{"$i":"time_pm","$v":"PM"}]