[{"$i":"toast-audio-save","$v":"Η εγγραφή αποθηκεύτηκε"},{"$i":"toast-audio-discarded","$v":"Η εγγραφή απορρίφθηκε"},{"$i":"toast-save-rate","$v":"Οι αλλαγές αποθηκεύτηκαν."},{"$i":"toast-audio-deleted","$v":"Η εγγραφή διαγράφηκε"},{"$i":"toast-audio-files-deleted","$v":"Τα αρχεία ήχου διαγράφηκαν."},{"$i":"toast-audio-rename-ok","$v":"Το όνομα άλλαξε"},{"$i":"toast-audio-rename-failed","$v":"Αποτυχία μετονομ"},{"$i":"toast-music-library-save","$v":[{"t":"idOrVar","v":"name"}," Αποθηκεύτηκε στη μουσική βιβλιοθήκη"]},{"$i":"toast-audio-import-save","$v":["Το ",{"t":"idOrVar","v":"name"}," αποθηκεύτηκε στην Εγγραφή."]},{"$i":"toast-audio-save-failed","$v":"Αποθηκεύθηκε απέτυχε."},{"$i":"soft-key-new","$v":"Δημιουργία"},{"$i":"soft-key-option","$v":"Επιλογή"},{"$i":"soft-key-play","$v":"Αναπαραγωγή"},{"$i":"soft-key-ok","$v":"OK"},{"$i":"soft-key-options","$v":"Επιλογές"},{"$i":"soft-key-back","$v":"Πίσω"},{"$i":"soft-key-pause","$v":"Παύση"},{"$i":"soft-key-cancel","$v":"Ακύρωση"},{"$i":"soft-key-delete","$v":"Διαγραφή"},{"$i":"soft-key-done","$v":"Τέλος"},{"$i":"soft-key-save","$v":"Αποθήκευση"},{"$i":"soft-key-discard","$v":"Απόρριψη"},{"$i":"soft-key-all","$v":"Όλα"},{"$i":"soft-key-deselect","$v":"Αναίρεση επιλογής"},{"$i":"soft-key-none","$v":"Κανένα"},{"$i":"menu-header","$v":"Επιλογές"},{"$i":"menu-delete","$v":"Διαγραφή"},{"$i":"menu-share","$v":"Κοινή χρήση"},{"$i":"menu-rename","$v":"Μετονομασία"},{"$i":"menu-save-as-ringtone","$v":"Αποθήκ. ως ήχος κλήσης"},{"$i":"menu-settings","$v":"Ρυθμίσεις"},{"$i":"menu-volume","$v":"Ένταση"},{"$i":"menu-save-to-music-library","$v":"Αποθήκ. στη μουσική βιβλιοθήκη"},{"$i":"menu-select-multiple","$v":"Επιλογή πολλών"},{"$i":"number-selected","$v":{"few":["Επιλέχθηκαν ",{"t":"idOrVar","v":"number"}],"many":["Επιλέχθηκαν ",{"t":"idOrVar","v":"number"}],"one":["Επιλέχθηκαν ",{"t":"idOrVar","v":"number"}],"other":["Επιλέχθηκαν ",{"t":"idOrVar","v":"number"}],"two":["Επιλέχθηκαν ",{"t":"idOrVar","v":"number"}],"zero":["Επιλέχθηκαν ",{"t":"idOrVar","v":"number"}]},"$x":[{"t":"idOrVar","v":"plural"},"number"]},{"$i":"title-audio-list","$v":"Εγγραφή ήχου"},{"$i":"title-rename","$v":"Μετονομασία"},{"$i":"title-settings","$v":"Ρυθμίσεις"},{"$i":"title-save-confirmation","$v":"Επιβεβαίωση"},{"$i":"title-delete-confirmation","$v":"Επιβεβαίωση"},{"$i":"title-recording-bitrate","$v":"Ταχύτητα εγγραφής"},{"$i":"title-pick-audio-list","$v":"Επιλέξτε Εγγραφή"},{"$i":"dialog-delete-audio-file","$v":"Να διαγραφεί το αρχείο ήχου;"},{"$i":"dialog-save-audio-recording","$v":"Αποθήκευση ηχ/σης;"},{"$i":"dialog-delete-select-audio","$v":{"few":["Να διαγράψετε ",{"t":"idOrVar","v":"number"}," εγγραφές;"],"many":["Να διαγράψετε ",{"t":"idOrVar","v":"number"}," εγγραφές;"],"one":"Διαγραφή επιλεγμένων εγγραφών;","other":["Να διαγράψετε ",{"t":"idOrVar","v":"number"}," εγγραφές;"],"two":["Να διαγράψετε ",{"t":"idOrVar","v":"number"}," εγγραφές;"]},"$x":[{"t":"idOrVar","v":"plural"},"number"]},{"$i":"settings-bitrate-8k","$v":"8Κ (μικρότερο μέγεθος)"},{"$i":"settings-bitrate-44k","$v":"44 K (μεγαλύτερο μέγεθος)"},{"$i":"settings-bitrate-err","$v":"Σφάλμα ρύθμισης"},{"$i":"audio-recorder-is-empty","$v":"Η εγγραφή ήχου είναι κενή."},{"$i":"audio-pick-is-empty","$v":"Η εγγραφή ήχου είναι κενή."},{"$i":"input-title-enter-new-name","$v":"Εισαγ. νέο όνομα"},{"$i":"new-recording","$v":"Νέα εγγραφή"},{"$i":"save-input","placeholder":"Νέα εγγραφή"},{"$i":"save-audio-input","$v":"Όνομα"},{"$i":"audio-player-state","$v":"Αναπαραγωγή..."},{"$i":"audio-player-state-pause","$v":""},{"$i":"audio-recorder-loading","$v":"Σάρωση για ηχ/φήσεις..."},{"$i":"unsupport-file-name","$v":{"$o":"Δεν είναι δυνατή η χρήση ονόματος με μη υποστηριζόμενους χαρακτήρες: \\/:*?&quot;&lt;&gt;|"}},{"$i":"import-file-error","$v":"Το όνομα χρησιμοποιείται ήδη. Επιλέξτε άλλο όνομα."},{"$i":"import-file-exist","$v":"Το ίδιο όνομα αρχείου υπάρχει ήδη."},{"$i":"state_storage_no_memory_card","$v":"Δεν βρέθηκε κάρτα μνήμης. Τοποθετήστε κάρτα μνήμης."},{"$i":"state_storage_full","$v":"Χώρος αποθήκευσης πλήρης"},{"$i":"state_storage_full_sdcard","$v":"Κάρτα SD πλήρης."},{"$i":"state_storage_full_content_new","$v":"Δεν είναι δυνατή η εγγραφή. Διαγράψτε αρχεία πολυμέσων για να ελευθερώσετε χώρο."},{"$i":"state_storage_full_content_new_sdcard","$v":"Δεν είναι δυνατή η εγγραφή. Διαγράψτε αρχεία στην κάρτα SD για να ελευθερώσετε χώρο."},{"$i":"state_storage_full_content_record","$v":"Δεν είναι δυνατή η εγγραφή. Μπορείτε να αποθηκεύσετε το αρχείο που έχετε ήδη εγγράψει και να διαγράψετε αρχεία πολυμέσων για να ελευθερώσετε χώρο."},{"$i":"state_storage_full_content_record_sdcard","$v":"Δεν είναι δυνατή η εγγραφή. Μπορείτε να αποθηκεύσετε το αρχείο που έχετε ήδη εγγράψει και να διαγράψετε αρχεία στην κάρτα SD για να ελευθερώσετε χώρο."},{"$i":"state_storage_full_content_save","$v":"Δεν ήταν δυνατή η αποθήκευση του αρχείου. Διαγράψτε αρχεία πολυμέσων για να ελευθερώσετε χώρο."},{"$i":"state_storage_full_content_save_sdcard","$v":"Δεν ήταν δυνατή η αποθήκευση του αρχείου. Διαγράψτε αρχεία στην κάρτα SD για να ελευθερώσετε χώρο."},{"$i":"state_storage_in_use","$v":"Ο χώρος αποθήκευσης χρησιμοποιείται αυτήν τη στιγμή. Αποσυνδέστε το τηλέφωνο."},{"$i":"options","$v":"Επιλογές"},{"$i":"cancel","$v":"Ακύρωση"},{"$i":"delete","$v":"Διαγραφή"},{"$i":"save","$v":"Αποθήκευση"},{"$i":"ok","$v":"OK"},{"$i":"back","$v":"Πίσω"},{"$i":"select","$v":"Επιλογή"},{"$i":"deselect","$v":"Αναίρεση επιλογής"},{"$i":"rename-same-name","$v":"Το όνομα δεν άλλαξε"},{"$i":"weekday-0-long","$v":"Κυριακή"},{"$i":"weekday-1-long","$v":"Δευτέρα"},{"$i":"weekday-2-long","$v":"Τρίτη"},{"$i":"weekday-3-long","$v":"Τετάρτη"},{"$i":"weekday-4-long","$v":"Πέμπτη"},{"$i":"weekday-5-long","$v":"Παρασκευή"},{"$i":"weekday-6-long","$v":"Σάββατο"},{"$i":"weekday-0-short","$v":"Κυρ"},{"$i":"weekday-1-short","$v":"Δευ"},{"$i":"weekday-2-short","$v":"Τρ"},{"$i":"weekday-3-short","$v":"Τετ"},{"$i":"weekday-4-short","$v":"Πέμ"},{"$i":"weekday-5-short","$v":"Παρ"},{"$i":"weekday-6-short","$v":"Σάβ"},{"$i":"month-0-long","$v":"Ιανουάριος"},{"$i":"month-1-long","$v":"Φεβρουάριος"},{"$i":"month-2-long","$v":"Μάρτιος"},{"$i":"month-3-long","$v":"Απρίλιος"},{"$i":"month-4-long","$v":"Μάιος"},{"$i":"month-5-long","$v":"Ιούνιος"},{"$i":"month-6-long","$v":"Ιούλιος"},{"$i":"month-7-long","$v":"Αύγουστος"},{"$i":"month-8-long","$v":"Σεπτέμβριος"},{"$i":"month-9-long","$v":"Οκτώβριος"},{"$i":"month-10-long","$v":"Νοέμβριος"},{"$i":"month-11-long","$v":"Δεκέμβριος"},{"$i":"month-0-genitive","$v":"Ιανουάριος"},{"$i":"month-1-genitive","$v":"Φεβρουάριος"},{"$i":"month-2-genitive","$v":"Μάρτιος"},{"$i":"month-3-genitive","$v":"Απρίλιος"},{"$i":"month-4-genitive","$v":"Μάι"},{"$i":"month-5-genitive","$v":"Ιούνιος"},{"$i":"month-6-genitive","$v":"Ιούλιος"},{"$i":"month-7-genitive","$v":"Αύγουστος"},{"$i":"month-8-genitive","$v":"Σεπτέμβριος"},{"$i":"month-9-genitive","$v":"Οκτώβριος"},{"$i":"month-10-genitive","$v":"Νοέμβριος"},{"$i":"month-11-genitive","$v":"Δεκέμβριος"},{"$i":"month-0-short","$v":"Ιαν"},{"$i":"month-1-short","$v":"Φεβ"},{"$i":"month-2-short","$v":"Μάρ"},{"$i":"month-3-short","$v":"Απρ"},{"$i":"month-4-short","$v":"Μάι"},{"$i":"month-5-short","$v":"Ιούν"},{"$i":"month-6-short","$v":"Ιούλ"},{"$i":"month-7-short","$v":"Αύγ"},{"$i":"month-8-short","$v":"Σεπ"},{"$i":"month-9-short","$v":"Οκτ"},{"$i":"month-10-short","$v":"Νοέ"},{"$i":"month-11-short","$v":"Δεκ"},{"$i":"minutes-ago-long","$v":{"few":[{"t":"idOrVar","v":"value"}," λεπτά πριν"],"many":[{"t":"idOrVar","v":"value"}," λεπτά πριν"],"one":"ένα λεπτό πριν","other":[{"t":"idOrVar","v":"value"}," λεπτά πριν"],"two":[{"t":"idOrVar","v":"value"}," λεπτά πριν"],"zero":"μόλις τώρα"},"$x":[{"t":"idOrVar","v":"plural"},"value"]},{"$i":"hours-ago-long","$v":{"few":[{"t":"idOrVar","v":"value"}," ώρες πριν"],"many":[{"t":"idOrVar","v":"value"}," ώρες πριν"],"one":"πριν από μία ώρα","other":[{"t":"idOrVar","v":"value"}," ώρες πριν"],"two":[{"t":"idOrVar","v":"value"}," ώρες πριν"],"zero":"μόλις τώρα"},"$x":[{"t":"idOrVar","v":"plural"},"value"]},{"$i":"days-ago-long","$v":{"few":[{"t":"idOrVar","v":"value"}," ημέρες πριν"],"many":[{"t":"idOrVar","v":"value"}," ημέρες πριν"],"one":"χθες","other":[{"t":"idOrVar","v":"value"}," ημέρες πριν"],"two":[{"t":"idOrVar","v":"value"}," ημέρες πριν"],"zero":"σήμερα"},"$x":[{"t":"idOrVar","v":"plural"},"value"]},{"$i":"weeks-ago-long","$v":{"few":[{"t":"idOrVar","v":"value"}," εβδομάδες πριν"],"many":[{"t":"idOrVar","v":"value"}," εβδομάδες πριν"],"one":"προηγούμενη εβδομάδα","other":[{"t":"idOrVar","v":"value"}," εβδομάδες πριν"],"two":[{"t":"idOrVar","v":"value"}," εβδομάδες πριν"],"zero":"αυτήν την εβδομάδα"},"$x":[{"t":"idOrVar","v":"plural"},"value"]},{"$i":"months-ago-long","$v":{"few":[{"t":"idOrVar","v":"value"}," μήνες πριν"],"many":[{"t":"idOrVar","v":"value"}," μήνες πριν"],"one":"τελευταίος μήνας","other":[{"t":"idOrVar","v":"value"}," μήνες πριν"],"two":[{"t":"idOrVar","v":"value"}," μήνες πριν"],"zero":"αυτόν τον μήνα"},"$x":[{"t":"idOrVar","v":"plural"},"value"]},{"$i":"years-ago-long","$v":{"few":[{"t":"idOrVar","v":"value"}," έτη πριν"],"many":[{"t":"idOrVar","v":"value"}," έτη πριν"],"one":"προηγούμενο έτος","other":[{"t":"idOrVar","v":"value"}," έτη πριν"],"two":[{"t":"idOrVar","v":"value"}," έτη πριν"],"zero":"αυτό το έτος"},"$x":[{"t":"idOrVar","v":"plural"},"value"]},{"$i":"minutes-until-long","$v":{"few":["σε ",{"t":"idOrVar","v":"value"}," λεπτά"],"many":["σε ",{"t":"idOrVar","v":"value"}," λεπτά"],"one":"σε ένα λεπτό","other":["σε ",{"t":"idOrVar","v":"value"}," λεπτά"],"two":["σε ",{"t":"idOrVar","v":"value"}," λεπτά"],"zero":"τώρα"},"$x":[{"t":"idOrVar","v":"plural"},"value"]},{"$i":"hours-until-long","$v":{"few":["σε ",{"t":"idOrVar","v":"value"}," ώρες"],"many":["σε ",{"t":"idOrVar","v":"value"}," ώρες"],"one":"σε μια ώρα","other":["σε ",{"t":"idOrVar","v":"value"}," ώρες"],"two":["σε ",{"t":"idOrVar","v":"value"}," ώρες"],"zero":"τώρα"},"$x":[{"t":"idOrVar","v":"plural"},"value"]},{"$i":"days-until-long","$v":{"few":["σε ",{"t":"idOrVar","v":"value"}," ημέρες"],"many":["σε ",{"t":"idOrVar","v":"value"}," ημέρες"],"one":"αύριο","other":["σε ",{"t":"idOrVar","v":"value"}," ημέρες"],"two":["σε ",{"t":"idOrVar","v":"value"}," ημέρες"],"zero":"σήμερα"},"$x":[{"t":"idOrVar","v":"plural"},"value"]},{"$i":"weeks-until-long","$v":{"few":["σε ",{"t":"idOrVar","v":"value"}," εβδομάδες"],"many":["σε ",{"t":"idOrVar","v":"value"}," εβδομάδες"],"one":"επόμενη εβδομάδα","other":["σε ",{"t":"idOrVar","v":"value"}," εβδομάδες"],"two":["σε ",{"t":"idOrVar","v":"value"}," εβδομάδες"],"zero":"αυτήν την εβδομάδα"},"$x":[{"t":"idOrVar","v":"plural"},"value"]},{"$i":"months-until-long","$v":{"few":["σε ",{"t":"idOrVar","v":"value"}," μήνες"],"many":["σε ",{"t":"idOrVar","v":"value"}," μήνες"],"one":"επόμενος μήνας","other":["σε ",{"t":"idOrVar","v":"value"}," μήνες"],"two":["σε ",{"t":"idOrVar","v":"value"}," μήνες"],"zero":"αυτόν τον μήνα"},"$x":[{"t":"idOrVar","v":"plural"},"value"]},{"$i":"years-until-long","$v":{"few":["σε ",{"t":"idOrVar","v":"value"}," έτη"],"many":["σε ",{"t":"idOrVar","v":"value"}," έτη"],"one":"επόμενο έτος","other":["σε ",{"t":"idOrVar","v":"value"}," έτη"],"two":["σε ",{"t":"idOrVar","v":"value"}," έτη"],"zero":"αυτό το έτος"},"$x":[{"t":"idOrVar","v":"plural"},"value"]},{"$i":"minutes-ago-short","$v":{"other":[{"t":"idOrVar","v":"value"}," μήνα πριν"],"zero":"μόλις τώρα"},"$x":[{"t":"idOrVar","v":"plural"},"value"]},{"$i":"hours-ago-short","$v":{"other":[{"t":"idOrVar","v":"value"}," ώρες πριν"],"zero":"μόλις τώρα"},"$x":[{"t":"idOrVar","v":"plural"},"value"]},{"$i":"days-ago-short","$v":{"other":[{"t":"idOrVar","v":"value"}," ημ. πριν"],"zero":"σήμερα"},"$x":[{"t":"idOrVar","v":"plural"},"value"]},{"$i":"minutes-until-short","$v":{"other":["σε ",{"t":"idOrVar","v":"value"}," λεπτ."],"zero":"τώρα"},"$x":[{"t":"idOrVar","v":"plural"},"value"]},{"$i":"hours-until-short","$v":{"other":["σε ",{"t":"idOrVar","v":"value"}," ώρ."],"zero":"τώρα"},"$x":[{"t":"idOrVar","v":"plural"},"value"]},{"$i":"days-until-short","$v":{"other":["σε ",{"t":"idOrVar","v":"value"}," ημ."],"zero":"σήμερα"},"$x":[{"t":"idOrVar","v":"plural"},"value"]},{"$i":"incorrectDate","$v":"(εσφαλμένη ημερομηνία)"},{"$i":"dateTimeFormat_%c","$v":"%a %b %e %Y %I:%M:%S %p"},{"$i":"dateTimeFormat_%x","$v":"%m/%d/%Y"},{"$i":"dateTimeFormat_%X","$v":"%I:%M:%S %p"},{"$i":"shortTimeFormat","$v":"%I:%M %p"},{"$i":"shortTimeFormat12","$v":"%I:%M %p"},{"$i":"shortTimeFormat24","$v":"%H:%M"},{"$i":"shortDateTimeFormat","$v":"%x %I:%M %p"},{"$i":"weekStartsOnMonday","$v":"0.0"},{"$i":"firstDayOfTheWeek","$v":"1.0"},{"$i":"time_am","$v":"ΠΜ"},{"$i":"time_pm","$v":"ΜΜ"}]