[{"$i":"toast-audio-save","$v":"Recording saved"},{"$i":"toast-audio-discarded","$v":"Recording discarded"},{"$i":"toast-save-rate","$v":"Changes saved."},{"$i":"toast-audio-deleted","$v":"Audio file deleted."},{"$i":"toast-audio-files-deleted","$v":"Audio files deleted."},{"$i":"toast-audio-rename-ok","$v":"Name changed"},{"$i":"toast-audio-rename-failed","$v":"Rename Failed"},{"$i":"toast-music-library-save","$v":[{"t":"idOrVar","v":"name"}," Saved to music library"]},{"$i":"toast-audio-import-save","$v":[{"t":"idOrVar","v":"name"}," saved to Recorder."]},{"$i":"toast-audio-save-failed","$v":"Saved failed."},{"$i":"soft-key-new","$v":"New"},{"$i":"soft-key-option","$v":"Option"},{"$i":"soft-key-play","$v":"Play"},{"$i":"soft-key-ok","$v":"OK"},{"$i":"soft-key-options","$v":"Options"},{"$i":"soft-key-back","$v":"Back"},{"$i":"soft-key-pause","$v":"Pause"},{"$i":"soft-key-cancel","$v":"Cancel"},{"$i":"soft-key-delete","$v":"Delete"},{"$i":"soft-key-done","$v":"Done"},{"$i":"soft-key-save","$v":"Save"},{"$i":"soft-key-discard","$v":"Discard"},{"$i":"soft-key-all","$v":"All"},{"$i":"soft-key-deselect","$v":"Deselect"},{"$i":"soft-key-none","$v":"None"},{"$i":"menu-header","$v":"Options"},{"$i":"menu-delete","$v":"Delete"},{"$i":"menu-share","$v":"Share"},{"$i":"menu-rename","$v":"Rename"},{"$i":"menu-save-as-ringtone","$v":"Save as ringtone"},{"$i":"menu-settings","$v":"Settings"},{"$i":"menu-volume","$v":"Volume"},{"$i":"menu-save-to-music-library","$v":"Save to music library"},{"$i":"menu-select-multiple","$v":"Select Multiple"},{"$i":"number-selected","$v":{"few":[{"t":"idOrVar","v":"number"}," Selected"],"many":[{"t":"idOrVar","v":"number"}," Selected"],"one":[{"t":"idOrVar","v":"number"}," Selected"],"other":[{"t":"idOrVar","v":"number"}," Selected"],"two":[{"t":"idOrVar","v":"number"}," Selected"],"zero":[{"t":"idOrVar","v":"number"}," Selected"]},"$x":[{"t":"idOrVar","v":"plural"},"number"]},{"$i":"title-audio-list","$v":"Audio Recorder"},{"$i":"title-rename","$v":"Rename"},{"$i":"title-settings","$v":"Settings"},{"$i":"title-save-confirmation","$v":"Confirmation"},{"$i":"title-delete-confirmation","$v":"Confirmation"},{"$i":"title-recording-bitrate","$v":"Recording Rate"},{"$i":"title-pick-audio-list","$v":"Select a Recorder"},{"$i":"dialog-delete-audio-file","$v":"Delete the audio file?"},{"$i":"dialog-save-audio-recording","$v":"Save the audio recording?"},{"$i":"dialog-delete-select-audio","$v":{"few":["Delete ",{"t":"idOrVar","v":"number"}," recordings?"],"many":["Delete ",{"t":"idOrVar","v":"number"}," recordings?"],"one":"Delete selected recording?","other":["Delete ",{"t":"idOrVar","v":"number"}," recordings?"],"two":["Delete ",{"t":"idOrVar","v":"number"}," recordings?"]},"$x":[{"t":"idOrVar","v":"plural"},"number"]},{"$i":"settings-bitrate-8k","$v":"8K (Smaller size)"},{"$i":"settings-bitrate-44k","$v":"44K (Larger size)"},{"$i":"settings-bitrate-err","$v":"Setting Error"},{"$i":"audio-recorder-is-empty","$v":"Recorder is empty, press New to start recording."},{"$i":"audio-pick-is-empty","$v":"Audio Recorder is empty."},{"$i":"input-title-enter-new-name","$v":"Enter new name"},{"$i":"new-recording","$v":"New Recording"},{"$i":"save-input","placeholder":"New Recording"},{"$i":"save-audio-input","$v":"Name"},{"$i":"audio-player-state","$v":"Playing..."},{"$i":"audio-player-state-pause","$v":""},{"$i":"audio-recorder-loading","$v":"Scanning for audio recordings..."},{"$i":"unsupport-file-name","$v":{"$o":"Cannot use a name containing unsupported characters: \\/:*?\"<>|"}},{"$i":"import-file-error","$v":"The name is already taken. Choose another name."},{"$i":"import-file-exist","$v":"Same file name already exists."},{"$i":"state_storage_no_memory_card","$v":"Memory card is not found. Please insert a memory card."},{"$i":"state_storage_full","$v":"Storage is full"},{"$i":"state_storage_full_sdcard","$v":"SD Card is full"},{"$i":"state_storage_full_content_new","$v":"Unable to record. Delete media files to free up space."},{"$i":"state_storage_full_content_new_sdcard","$v":"Unable to record. Delete files in SD card to free up space."},{"$i":"state_storage_full_content_record","$v":"Unable to record. You can save the file already recorded and delete media files to free up space."},{"$i":"state_storage_full_content_record_sdcard","$v":"Unable to record. You can save the file already recorded and delete files in SD card to free up space."},{"$i":"state_storage_full_content_save","$v":"Unable to save file. Delete media files to free up space."},{"$i":"state_storage_full_content_save_sdcard","$v":"Unable to save file. Delete files in SD card to free up space."},{"$i":"state_storage_in_use","$v":"Storage is currently in use. Please unplug the phone."},{"$i":"options","$v":"Options"},{"$i":"cancel","$v":"Cancel"},{"$i":"delete","$v":"Delete"},{"$i":"save","$v":"Save"},{"$i":"ok","$v":"OK"},{"$i":"back","$v":"Back"},{"$i":"select","$v":"Select"},{"$i":"deselect","$v":"Deselect"},{"$i":"rename-same-name","$v":"Name not changed"},{"$i":"weekday-0-long","$v":"Sunday"},{"$i":"weekday-1-long","$v":"Monday"},{"$i":"weekday-2-long","$v":"Tuesday"},{"$i":"weekday-3-long","$v":"Wednesday"},{"$i":"weekday-4-long","$v":"Thursday"},{"$i":"weekday-5-long","$v":"Friday"},{"$i":"weekday-6-long","$v":"Saturday"},{"$i":"weekday-0-short","$v":"Sun"},{"$i":"weekday-1-short","$v":"Mon"},{"$i":"weekday-2-short","$v":"Tue"},{"$i":"weekday-3-short","$v":"Wed"},{"$i":"weekday-4-short","$v":"Thu"},{"$i":"weekday-5-short","$v":"Fri"},{"$i":"weekday-6-short","$v":"Sat"},{"$i":"month-0-long","$v":"January"},{"$i":"month-1-long","$v":"February"},{"$i":"month-2-long","$v":"March"},{"$i":"month-3-long","$v":"April"},{"$i":"month-4-long","$v":"May"},{"$i":"month-5-long","$v":"June"},{"$i":"month-6-long","$v":"July"},{"$i":"month-7-long","$v":"August"},{"$i":"month-8-long","$v":"September"},{"$i":"month-9-long","$v":"October"},{"$i":"month-10-long","$v":"November"},{"$i":"month-11-long","$v":"December"},{"$i":"month-0-genitive","$v":"January"},{"$i":"month-1-genitive","$v":"February"},{"$i":"month-2-genitive","$v":"March"},{"$i":"month-3-genitive","$v":"April"},{"$i":"month-4-genitive","$v":"May"},{"$i":"month-5-genitive","$v":"June"},{"$i":"month-6-genitive","$v":"July"},{"$i":"month-7-genitive","$v":"August"},{"$i":"month-8-genitive","$v":"September"},{"$i":"month-9-genitive","$v":"October"},{"$i":"month-10-genitive","$v":"November"},{"$i":"month-11-genitive","$v":"December"},{"$i":"month-0-short","$v":"Jan"},{"$i":"month-1-short","$v":"Feb"},{"$i":"month-2-short","$v":"Mar"},{"$i":"month-3-short","$v":"Apr"},{"$i":"month-4-short","$v":"May"},{"$i":"month-5-short","$v":"Jun"},{"$i":"month-6-short","$v":"Jul"},{"$i":"month-7-short","$v":"Aug"},{"$i":"month-8-short","$v":"Sep"},{"$i":"month-9-short","$v":"Oct"},{"$i":"month-10-short","$v":"Nov"},{"$i":"month-11-short","$v":"Dec"},{"$i":"minutes-ago-long","$v":{"few":[{"t":"idOrVar","v":"value"}," minutes ago"],"many":[{"t":"idOrVar","v":"value"}," minutes ago"],"one":"a minute ago","other":[{"t":"idOrVar","v":"value"}," minutes ago"],"two":[{"t":"idOrVar","v":"value"}," minutes ago"],"zero":"just now"},"$x":[{"t":"idOrVar","v":"plural"},"value"]},{"$i":"hours-ago-long","$v":{"few":[{"t":"idOrVar","v":"value"}," hours ago"],"many":[{"t":"idOrVar","v":"value"}," hours ago"],"one":"an hour ago","other":[{"t":"idOrVar","v":"value"}," hours ago"],"two":[{"t":"idOrVar","v":"value"}," hours ago"],"zero":"just now"},"$x":[{"t":"idOrVar","v":"plural"},"value"]},{"$i":"days-ago-long","$v":{"few":[{"t":"idOrVar","v":"value"}," days ago"],"many":[{"t":"idOrVar","v":"value"}," days ago"],"one":"yesterday","other":[{"t":"idOrVar","v":"value"}," days ago"],"two":[{"t":"idOrVar","v":"value"}," days ago"],"zero":"today"},"$x":[{"t":"idOrVar","v":"plural"},"value"]},{"$i":"weeks-ago-long","$v":{"few":[{"t":"idOrVar","v":"value"}," weeks ago"],"many":[{"t":"idOrVar","v":"value"}," weeks ago"],"one":"last week","other":[{"t":"idOrVar","v":"value"}," weeks ago"],"two":[{"t":"idOrVar","v":"value"}," weeks ago"],"zero":"this week"},"$x":[{"t":"idOrVar","v":"plural"},"value"]},{"$i":"months-ago-long","$v":{"few":[{"t":"idOrVar","v":"value"}," months ago"],"many":[{"t":"idOrVar","v":"value"}," months ago"],"one":"last month","other":[{"t":"idOrVar","v":"value"}," months ago"],"two":[{"t":"idOrVar","v":"value"}," months ago"],"zero":"this month"},"$x":[{"t":"idOrVar","v":"plural"},"value"]},{"$i":"years-ago-long","$v":{"few":[{"t":"idOrVar","v":"value"}," years ago"],"many":[{"t":"idOrVar","v":"value"}," years ago"],"one":"last year","other":[{"t":"idOrVar","v":"value"}," years ago"],"two":[{"t":"idOrVar","v":"value"}," years ago"],"zero":"this year"},"$x":[{"t":"idOrVar","v":"plural"},"value"]},{"$i":"minutes-until-long","$v":{"few":["in ",{"t":"idOrVar","v":"value"}," minutes"],"many":["in ",{"t":"idOrVar","v":"value"}," minutes"],"one":"in a minute","other":["in ",{"t":"idOrVar","v":"value"}," minutes"],"two":["in ",{"t":"idOrVar","v":"value"}," minutes"],"zero":"now"},"$x":[{"t":"idOrVar","v":"plural"},"value"]},{"$i":"hours-until-long","$v":{"few":["in ",{"t":"idOrVar","v":"value"}," hours"],"many":["in ",{"t":"idOrVar","v":"value"}," hours"],"one":"in an hour","other":["in ",{"t":"idOrVar","v":"value"}," hours"],"two":["in ",{"t":"idOrVar","v":"value"}," hours"],"zero":"now"},"$x":[{"t":"idOrVar","v":"plural"},"value"]},{"$i":"days-until-long","$v":{"few":["in ",{"t":"idOrVar","v":"value"}," days"],"many":["in ",{"t":"idOrVar","v":"value"}," days"],"one":"tomorrow","other":["in ",{"t":"idOrVar","v":"value"}," days"],"two":["in ",{"t":"idOrVar","v":"value"}," days"],"zero":"today"},"$x":[{"t":"idOrVar","v":"plural"},"value"]},{"$i":"weeks-until-long","$v":{"few":["in ",{"t":"idOrVar","v":"value"}," weeks"],"many":["in ",{"t":"idOrVar","v":"value"}," weeks"],"one":"next week","other":["in ",{"t":"idOrVar","v":"value"}," weeks"],"two":["in ",{"t":"idOrVar","v":"value"}," weeks"],"zero":"this week"},"$x":[{"t":"idOrVar","v":"plural"},"value"]},{"$i":"months-until-long","$v":{"few":["in ",{"t":"idOrVar","v":"value"}," months"],"many":["in ",{"t":"idOrVar","v":"value"}," months"],"one":"next month","other":["in ",{"t":"idOrVar","v":"value"}," months"],"two":["in ",{"t":"idOrVar","v":"value"}," months"],"zero":"this month"},"$x":[{"t":"idOrVar","v":"plural"},"value"]},{"$i":"years-until-long","$v":{"few":["in ",{"t":"idOrVar","v":"value"}," years"],"many":["in ",{"t":"idOrVar","v":"value"}," years"],"one":"next year","other":["in ",{"t":"idOrVar","v":"value"}," years"],"two":["in ",{"t":"idOrVar","v":"value"}," years"],"zero":"this year"},"$x":[{"t":"idOrVar","v":"plural"},"value"]},{"$i":"minutes-ago-short","$v":{"other":[{"t":"idOrVar","v":"value"},"m ago"],"zero":"just now"},"$x":[{"t":"idOrVar","v":"plural"},"value"]},{"$i":"hours-ago-short","$v":{"other":[{"t":"idOrVar","v":"value"},"h ago"],"zero":"just now"},"$x":[{"t":"idOrVar","v":"plural"},"value"]},{"$i":"days-ago-short","$v":{"other":[{"t":"idOrVar","v":"value"},"d ago"],"zero":"today"},"$x":[{"t":"idOrVar","v":"plural"},"value"]},{"$i":"minutes-until-short","$v":{"other":["in ",{"t":"idOrVar","v":"value"},"m"],"zero":"now"},"$x":[{"t":"idOrVar","v":"plural"},"value"]},{"$i":"hours-until-short","$v":{"other":["in ",{"t":"idOrVar","v":"value"},"h"],"zero":"now"},"$x":[{"t":"idOrVar","v":"plural"},"value"]},{"$i":"days-until-short","$v":{"other":["in ",{"t":"idOrVar","v":"value"},"d"],"zero":"today"},"$x":[{"t":"idOrVar","v":"plural"},"value"]},{"$i":"incorrectDate","$v":"(incorrect date)"},{"$i":"dateTimeFormat_%c","$v":"%a %b %e %Y %I:%M:%S %p"},{"$i":"dateTimeFormat_%x","$v":"%m/%d/%Y"},{"$i":"dateTimeFormat_%X","$v":"%I:%M:%S %p"},{"$i":"shortTimeFormat","$v":"%I:%M %p"},{"$i":"shortTimeFormat12","$v":"%I:%M %p"},{"$i":"shortTimeFormat24","$v":"%H:%M"},{"$i":"shortDateTimeFormat","$v":"%x %I:%M %p"},{"$i":"weekStartsOnMonday","$v":"0.0"},{"$i":"firstDayOfTheWeek","$v":"0.0"},{"$i":"time_am","$v":"AM"},{"$i":"time_pm","$v":"PM"}]