[{"$i":"toast-audio-save","$v":"Grabación guardada"},{"$i":"toast-audio-discarded","$v":"La grabación se ha descartado."},{"$i":"toast-save-rate","$v":"Cambios guardados."},{"$i":"toast-audio-deleted","$v":"El archivo de audio se ha eliminado."},{"$i":"toast-audio-files-deleted","$v":"Archivos de audio eliminados."},{"$i":"toast-audio-rename-ok","$v":"El nombre ha cambiado."},{"$i":"toast-audio-rename-failed","$v":"Error al cambiar el nombre."},{"$i":"toast-music-library-save","$v":[{"t":"idOrVar","v":"name"}," se ha guardado en la biblioteca de música"]},{"$i":"toast-audio-import-save","$v":[{"t":"idOrVar","v":"name"}," guardado en Grabadora."]},{"$i":"toast-audio-save-failed","$v":"Error al guardar."},{"$i":"soft-key-new","$v":"Nuevo"},{"$i":"soft-key-option","$v":"Opción"},{"$i":"soft-key-play","$v":"Reproducir"},{"$i":"soft-key-ok","$v":"Aceptar"},{"$i":"soft-key-options","$v":"Opciones"},{"$i":"soft-key-back","$v":"Atrás"},{"$i":"soft-key-pause","$v":"Pausar"},{"$i":"soft-key-cancel","$v":"Cancelar"},{"$i":"soft-key-delete","$v":"Eliminar"},{"$i":"soft-key-done","$v":"Parar"},{"$i":"soft-key-save","$v":"Guardar"},{"$i":"soft-key-discard","$v":"Descartar"},{"$i":"soft-key-all","$v":"Todo"},{"$i":"soft-key-deselect","$v":"Deseleccionar"},{"$i":"soft-key-none","$v":"Ninguno"},{"$i":"menu-header","$v":"Opciones"},{"$i":"menu-delete","$v":"Eliminar"},{"$i":"menu-share","$v":"Compartir"},{"$i":"menu-rename","$v":"Cambiar nombre"},{"$i":"menu-save-as-ringtone","$v":"Guardar como tono"},{"$i":"menu-settings","$v":"Ajustes"},{"$i":"menu-volume","$v":"Volumen"},{"$i":"menu-save-to-music-library","$v":"Guardar en la biblioteca de música"},{"$i":"menu-select-multiple","$v":"Seleccionar varios"},{"$i":"number-selected","$v":{"few":[{"t":"idOrVar","v":"number"}," seleccionados"],"many":[{"t":"idOrVar","v":"number"}," seleccionados"],"one":[{"t":"idOrVar","v":"number"}," seleccionado"],"other":[{"t":"idOrVar","v":"number"}," seleccionados"],"two":[{"t":"idOrVar","v":"number"}," seleccionados"],"zero":[{"t":"idOrVar","v":"number"}," seleccionados"]},"$x":[{"t":"idOrVar","v":"plural"},"number"]},{"$i":"title-audio-list","$v":"Grabadora"},{"$i":"title-rename","$v":"Cambiar nombre"},{"$i":"title-settings","$v":"Ajustes"},{"$i":"title-save-confirmation","$v":"Confirmación"},{"$i":"title-delete-confirmation","$v":"Confirmación"},{"$i":"title-recording-bitrate","$v":"Frecuencia de grabación"},{"$i":"title-pick-audio-list","$v":"Seleccionar una grabadora"},{"$i":"dialog-delete-audio-file","$v":"¿Desea eliminar el archivo de audio?"},{"$i":"dialog-save-audio-recording","$v":"¿Quiere guardar la grabación de audio?"},{"$i":"dialog-delete-select-audio","$v":{"few":["¿Desea borrar ",{"t":"idOrVar","v":"number"}," grabaciones?"],"many":["¿Desea borrar ",{"t":"idOrVar","v":"number"}," grabaciones?"],"one":"¿Desea borrar la grabación seleccionada?","other":["¿Desea borrar ",{"t":"idOrVar","v":"number"}," grabaciones?"],"two":["¿Desea borrar ",{"t":"idOrVar","v":"number"}," grabaciones?"]},"$x":[{"t":"idOrVar","v":"plural"},"number"]},{"$i":"settings-bitrate-8k","$v":"8K (tamaño más pequeño)"},{"$i":"settings-bitrate-44k","$v":"44 K (tamaño más grande)"},{"$i":"settings-bitrate-err","$v":"Error de ajuste"},{"$i":"audio-recorder-is-empty","$v":"No hay grabaciones. Pulse Nuevo para empezar a grabar."},{"$i":"audio-pick-is-empty","$v":"El grabador de audio está vacío."},{"$i":"input-title-enter-new-name","$v":"Introducir nuevo nombre"},{"$i":"new-recording","$v":"Nueva grabación"},{"$i":"save-input","placeholder":"Nueva grabación"},{"$i":"save-audio-input","$v":"Nombre"},{"$i":"audio-player-state","$v":"Reproduciendo..."},{"$i":"audio-player-state-pause","$v":""},{"$i":"audio-recorder-loading","$v":"Buscando grabaciones de audio..."},{"$i":"unsupport-file-name","$v":{"$o":"No se pueden usar nombres que contengan caracteres no admitidos: \\/:*?\"<>|"}},{"$i":"import-file-error","$v":"Este nombre ya está  en uso, elija otro."},{"$i":"import-file-exist","$v":"Este nombre de archivo ya existe."},{"$i":"state_storage_no_memory_card","$v":"La tarjeta de memoria no se ha encontrado. Inserte una tarjeta de memoria."},{"$i":"state_storage_full","$v":"Memoria completa"},{"$i":"state_storage_full_sdcard","$v":"La tarjeta SD está llena."},{"$i":"state_storage_full_content_new","$v":"No se puede grabar. Elimine archivos multimedia para liberar espacio."},{"$i":"state_storage_full_content_new_sdcard","$v":"No se puede grabar. Elimine archivos de la tarjeta SD para liberar espacio."},{"$i":"state_storage_full_content_record","$v":"No se puede grabar. Puede guardar el archivo ya grabado y eliminar archivos para liberar espacio."},{"$i":"state_storage_full_content_record_sdcard","$v":"No se puede grabar. Puede guardar el archivo ya grabado y eliminar archivos de la tarjeta SD para liberar espacio."},{"$i":"state_storage_full_content_save","$v":"No se puede guardar el archivo. Elimine archivos multimedia para liberar espacio."},{"$i":"state_storage_full_content_save_sdcard","$v":"No se puede guardar el archivo. Elimine archivos de la tarjeta SD para liberar espacio."},{"$i":"state_storage_in_use","$v":"El almacenamiento está en uso. Desconecte el teléfono."},{"$i":"options","$v":"Opciones"},{"$i":"cancel","$v":"Cancelar"},{"$i":"delete","$v":"Eliminar"},{"$i":"save","$v":"Guardar"},{"$i":"ok","$v":"Aceptar"},{"$i":"back","$v":"Atrás"},{"$i":"select","$v":"Seleccionar"},{"$i":"deselect","$v":"Deseleccionar"},{"$i":"rename-same-name","$v":"El nombre no ha cambiado."},{"$i":"weekday-0-long","$v":"domingo"},{"$i":"weekday-1-long","$v":"lunes"},{"$i":"weekday-2-long","$v":"martes"},{"$i":"weekday-3-long","$v":"miércoles"},{"$i":"weekday-4-long","$v":"jueves"},{"$i":"weekday-5-long","$v":"viernes"},{"$i":"weekday-6-long","$v":"sábado"},{"$i":"weekday-0-short","$v":"dom."},{"$i":"weekday-1-short","$v":"lun."},{"$i":"weekday-2-short","$v":"mar."},{"$i":"weekday-3-short","$v":"mié.  "},{"$i":"weekday-4-short","$v":"jue."},{"$i":"weekday-5-short","$v":"vie."},{"$i":"weekday-6-short","$v":"sáb."},{"$i":"month-0-long","$v":"enero"},{"$i":"month-1-long","$v":"febrero"},{"$i":"month-2-long","$v":"marzo"},{"$i":"month-3-long","$v":"abril"},{"$i":"month-4-long","$v":"mayo"},{"$i":"month-5-long","$v":"junio"},{"$i":"month-6-long","$v":"julio"},{"$i":"month-7-long","$v":"agosto"},{"$i":"month-8-long","$v":"septiembre"},{"$i":"month-9-long","$v":"octubre"},{"$i":"month-10-long","$v":"noviembre"},{"$i":"month-11-long","$v":"diciembre"},{"$i":"month-0-genitive","$v":"enero"},{"$i":"month-1-genitive","$v":"febrero"},{"$i":"month-2-genitive","$v":"marzo"},{"$i":"month-3-genitive","$v":"abril"},{"$i":"month-4-genitive","$v":"mayo"},{"$i":"month-5-genitive","$v":"junio"},{"$i":"month-6-genitive","$v":"julio"},{"$i":"month-7-genitive","$v":"agosto"},{"$i":"month-8-genitive","$v":"septiembre"},{"$i":"month-9-genitive","$v":"octubre"},{"$i":"month-10-genitive","$v":"noviembre"},{"$i":"month-11-genitive","$v":"diciembre"},{"$i":"month-0-short","$v":"ene"},{"$i":"month-1-short","$v":"feb"},{"$i":"month-2-short","$v":"mar"},{"$i":"month-3-short","$v":"abr"},{"$i":"month-4-short","$v":"mayo"},{"$i":"month-5-short","$v":"jun"},{"$i":"month-6-short","$v":"jul"},{"$i":"month-7-short","$v":"ago"},{"$i":"month-8-short","$v":"sep"},{"$i":"month-9-short","$v":"oct"},{"$i":"month-10-short","$v":"nov"},{"$i":"month-11-short","$v":"dic"},{"$i":"minutes-ago-long","$v":{"few":["Hace ",{"t":"idOrVar","v":"value"}," minutos"],"many":["Hace ",{"t":"idOrVar","v":"value"}," minutos"],"one":"Hace un minuto","other":["Hace ",{"t":"idOrVar","v":"value"}," minutos"],"two":["Hace ",{"t":"idOrVar","v":"value"}," minutos"],"zero":"justo ahora"},"$x":[{"t":"idOrVar","v":"plural"},"value"]},{"$i":"hours-ago-long","$v":{"few":["Hace ",{"t":"idOrVar","v":"value"}," horas"],"many":["Hace ",{"t":"idOrVar","v":"value"}," horas"],"one":"Hace una hora","other":["Hace ",{"t":"idOrVar","v":"value"}," horas"],"two":["Hace ",{"t":"idOrVar","v":"value"}," horas"],"zero":"justo ahora"},"$x":[{"t":"idOrVar","v":"plural"},"value"]},{"$i":"days-ago-long","$v":{"few":["Hace ",{"t":"idOrVar","v":"value"}," días"],"many":["Hace ",{"t":"idOrVar","v":"value"}," días"],"one":"Ayer","other":["Hace ",{"t":"idOrVar","v":"value"}," días"],"two":["Hace ",{"t":"idOrVar","v":"value"}," días"],"zero":"Hoy"},"$x":[{"t":"idOrVar","v":"plural"},"value"]},{"$i":"weeks-ago-long","$v":{"few":["Hace ",{"t":"idOrVar","v":"value"}," semanas"],"many":["Hace ",{"t":"idOrVar","v":"value"}," semanas"],"one":"La semana pasada","other":["Hace ",{"t":"idOrVar","v":"value"}," semanas"],"two":["Hace ",{"t":"idOrVar","v":"value"}," semanas"],"zero":"Esta semana"},"$x":[{"t":"idOrVar","v":"plural"},"value"]},{"$i":"months-ago-long","$v":{"few":["Hace ",{"t":"idOrVar","v":"value"}," meses"],"many":["Hace ",{"t":"idOrVar","v":"value"}," meses"],"one":"Último mes","other":["Hace ",{"t":"idOrVar","v":"value"}," meses"],"two":["Hace ",{"t":"idOrVar","v":"value"}," meses"],"zero":"este mes"},"$x":[{"t":"idOrVar","v":"plural"},"value"]},{"$i":"years-ago-long","$v":{"few":["Hace ",{"t":"idOrVar","v":"value"}," años"],"many":["Hace ",{"t":"idOrVar","v":"value"}," años"],"one":"El año pasado","other":["Hace ",{"t":"idOrVar","v":"value"}," años"],"two":["Hace ",{"t":"idOrVar","v":"value"}," años"],"zero":"Este año"},"$x":[{"t":"idOrVar","v":"plural"},"value"]},{"$i":"minutes-until-long","$v":{"few":["Dentro de ",{"t":"idOrVar","v":"value"}," minutos"],"many":["Dentro de ",{"t":"idOrVar","v":"value"}," minutos"],"one":"Dentro de un minuto","other":["Dentro de ",{"t":"idOrVar","v":"value"}," minutos"],"two":["Dentro de ",{"t":"idOrVar","v":"value"}," minutos"],"zero":"ahora"},"$x":[{"t":"idOrVar","v":"plural"},"value"]},{"$i":"hours-until-long","$v":{"few":["Dentro de ",{"t":"idOrVar","v":"value"}," horas"],"many":["Dentro de ",{"t":"idOrVar","v":"value"}," horas"],"one":"Dentro de una hora","other":["Dentro de ",{"t":"idOrVar","v":"value"}," horas"],"two":["Dentro de ",{"t":"idOrVar","v":"value"}," horas"],"zero":"ahora"},"$x":[{"t":"idOrVar","v":"plural"},"value"]},{"$i":"days-until-long","$v":{"few":["Dentro de ",{"t":"idOrVar","v":"value"}," días"],"many":["Dentro de ",{"t":"idOrVar","v":"value"}," días"],"one":"Mañana","other":["Dentro de ",{"t":"idOrVar","v":"value"}," días"],"two":["Dentro de ",{"t":"idOrVar","v":"value"}," días"],"zero":"Hoy"},"$x":[{"t":"idOrVar","v":"plural"},"value"]},{"$i":"weeks-until-long","$v":{"few":["Dentro de ",{"t":"idOrVar","v":"value"}," semanas"],"many":["Dentro de ",{"t":"idOrVar","v":"value"}," semanas"],"one":"La próxima semana","other":["Dentro de ",{"t":"idOrVar","v":"value"}," semanas"],"two":["Dentro de ",{"t":"idOrVar","v":"value"}," semanas"],"zero":"Esta semana"},"$x":[{"t":"idOrVar","v":"plural"},"value"]},{"$i":"months-until-long","$v":{"few":["Dentro de ",{"t":"idOrVar","v":"value"}," meses"],"many":["Dentro de ",{"t":"idOrVar","v":"value"}," meses"],"one":"Mes siguiente","other":["Dentro de ",{"t":"idOrVar","v":"value"}," meses"],"two":["Dentro de ",{"t":"idOrVar","v":"value"}," meses"],"zero":"Este mes"},"$x":[{"t":"idOrVar","v":"plural"},"value"]},{"$i":"years-until-long","$v":{"few":["Dentro de ",{"t":"idOrVar","v":"value"}," años"],"many":["Dentro de ",{"t":"idOrVar","v":"value"}," años"],"one":"El año que viene","other":["Dentro de ",{"t":"idOrVar","v":"value"}," años"],"two":["Dentro de ",{"t":"idOrVar","v":"value"}," años"],"zero":"Este año"},"$x":[{"t":"idOrVar","v":"plural"},"value"]},{"$i":"minutes-ago-short","$v":{"other":["Hace ",{"t":"idOrVar","v":"value"}," m"],"zero":"Justo ahora"},"$x":[{"t":"idOrVar","v":"plural"},"value"]},{"$i":"hours-ago-short","$v":{"other":["Hace ",{"t":"idOrVar","v":"value"}," h"],"zero":"justo ahora"},"$x":[{"t":"idOrVar","v":"plural"},"value"]},{"$i":"days-ago-short","$v":{"other":["Hace ",{"t":"idOrVar","v":"value"}," d"],"zero":"Hoy"},"$x":[{"t":"idOrVar","v":"plural"},"value"]},{"$i":"minutes-until-short","$v":{"other":["Dentro de ",{"t":"idOrVar","v":"value"}," m"],"zero":"ahora"},"$x":[{"t":"idOrVar","v":"plural"},"value"]},{"$i":"hours-until-short","$v":{"other":["Dentro de ",{"t":"idOrVar","v":"value"}," h"],"zero":"ahora"},"$x":[{"t":"idOrVar","v":"plural"},"value"]},{"$i":"days-until-short","$v":{"other":["Dentro de ",{"t":"idOrVar","v":"value"}," d"],"zero":"Hoy"},"$x":[{"t":"idOrVar","v":"plural"},"value"]},{"$i":"incorrectDate","$v":"(fecha incorrecta)"},{"$i":"dateTimeFormat_%c","$v":"%a %b %e %Y %I:%M:%S %p"},{"$i":"dateTimeFormat_%x","$v":"%d/%m/%Y"},{"$i":"dateTimeFormat_%X","$v":"%I:%M:%S %p"},{"$i":"shortTimeFormat","$v":"%I:%M %p"},{"$i":"shortTimeFormat12","$v":"%I:%M %p"},{"$i":"shortTimeFormat24","$v":"%H:%M"},{"$i":"shortDateTimeFormat","$v":"%x %I:%M %p"},{"$i":"weekStartsOnMonday","$v":"0.0"},{"$i":"firstDayOfTheWeek","$v":"1.0"},{"$i":"time_am","$v":"AM"},{"$i":"time_pm","$v":"PM"}]