[{"$i":"toast-audio-save","$v":"Lindistus salvestatud"},{"$i":"toast-audio-discarded","$v":"Salvestis on kõrvaldatud"},{"$i":"toast-save-rate","$v":"Muudatused on salvestatud."},{"$i":"toast-audio-deleted","$v":"Lindistused kustutatud"},{"$i":"toast-audio-files-deleted","$v":"Helifailid kustutati."},{"$i":"toast-audio-rename-ok","$v":"Nimi on muudetud"},{"$i":"toast-audio-rename-failed","$v":"Ümbernimetamine nurjus"},{"$i":"toast-music-library-save","$v":[{"t":"idOrVar","v":"name"}," Salvestatud muusikakogusse"]},{"$i":"toast-audio-import-save","$v":[{"t":"idOrVar","v":"name"}," salvestati salvestisse."]},{"$i":"toast-audio-save-failed","$v":"Salvestatud nurjus."},{"$i":"soft-key-new","$v":"Uus"},{"$i":"soft-key-option","$v":"Valik"},{"$i":"soft-key-play","$v":"Esita"},{"$i":"soft-key-ok","$v":"OK"},{"$i":"soft-key-options","$v":"Valikud"},{"$i":"soft-key-back","$v":"Tagasi"},{"$i":"soft-key-pause","$v":"Peata"},{"$i":"soft-key-cancel","$v":"Tühista"},{"$i":"soft-key-delete","$v":"Kustuta"},{"$i":"soft-key-done","$v":"Valmis"},{"$i":"soft-key-save","$v":"Salvesta"},{"$i":"soft-key-discard","$v":"Loobu"},{"$i":"soft-key-all","$v":"Kõik"},{"$i":"soft-key-deselect","$v":"Tühista valik"},{"$i":"soft-key-none","$v":"Puudub"},{"$i":"menu-header","$v":"Valikud"},{"$i":"menu-delete","$v":"Kustuta"},{"$i":"menu-share","$v":"Jaga"},{"$i":"menu-rename","$v":"Ümbernimetamine"},{"$i":"menu-save-as-ringtone","$v":"Salv. helinaks"},{"$i":"menu-settings","$v":"Seaded"},{"$i":"menu-volume","$v":"Helitugevus"},{"$i":"menu-save-to-music-library","$v":"Salvesta muusikakogusse"},{"$i":"menu-select-multiple","$v":"Vali mitu"},{"$i":"number-selected","$v":{"few":[{"t":"idOrVar","v":"number"}," valitud"],"many":[{"t":"idOrVar","v":"number"}," valitud"],"one":[{"t":"idOrVar","v":"number"}," valitud"],"other":[{"t":"idOrVar","v":"number"}," valitud"],"two":[{"t":"idOrVar","v":"number"}," valitud"],"zero":[{"t":"idOrVar","v":"number"}," valitud"]},"$x":[{"t":"idOrVar","v":"plural"},"number"]},{"$i":"title-audio-list","$v":"Helisalvesti"},{"$i":"title-rename","$v":"Ümbernimetamine"},{"$i":"title-settings","$v":"Seaded"},{"$i":"title-save-confirmation","$v":"Kinnitus"},{"$i":"title-delete-confirmation","$v":"Kinnitus"},{"$i":"title-recording-bitrate","$v":"Salvestuskiirus"},{"$i":"title-pick-audio-list","$v":"Valige salvesti"},{"$i":"dialog-delete-audio-file","$v":"Kas kustutada helifail?"},{"$i":"dialog-save-audio-recording","$v":"Kas salvestada helisalvestis?"},{"$i":"dialog-delete-select-audio","$v":{"few":["Delete ",{"t":"idOrVar","v":"number"}," recordings?"],"many":["Delete ",{"t":"idOrVar","v":"number"}," recordings?"],"one":"Slet valgte optagelser?","other":["Delete ",{"t":"idOrVar","v":"number"}," recordings?"],"two":["Delete ",{"t":"idOrVar","v":"number"}," recordings?"]},"$x":[{"t":"idOrVar","v":"plural"},"number"]},{"$i":"settings-bitrate-8k","$v":"8K (väiksem suurus)"},{"$i":"settings-bitrate-44k","$v":"44K (suurem suurus)"},{"$i":"settings-bitrate-err","$v":"Seadistusviga"},{"$i":"audio-recorder-is-empty","$v":"Helisalvesti on tühi."},{"$i":"audio-pick-is-empty","$v":"Helisalvesti on tühi."},{"$i":"input-title-enter-new-name","$v":"Sisestage uus nimi"},{"$i":"new-recording","$v":"Uus salvestus"},{"$i":"save-input","placeholder":"Uus salvestus"},{"$i":"save-audio-input","$v":"Nimi"},{"$i":"audio-player-state","$v":"Esitamine ..."},{"$i":"audio-player-state-pause","$v":""},{"$i":"audio-recorder-loading","$v":"Helisalvestiste skannimine ..."},{"$i":"unsupport-file-name","$v":{"$o":"Ei saa kasutada nime, mis sisaldab toetuseta märke: \\/:*?&quot;&lt;&gt;|"}},{"$i":"import-file-error","$v":"Nimi on juba võetud. Valige teine nimi"},{"$i":"import-file-exist","$v":"Sama faili nimi on juba olemas."},{"$i":"state_storage_no_memory_card","$v":"Mälukaarti ei leitud. Sisestage mälukaart."},{"$i":"state_storage_full","$v":"Salvestusruum on täis"},{"$i":"state_storage_full_sdcard","$v":"SD-kaart on täis."},{"$i":"state_storage_full_content_new","$v":"Ei saa salvestada. Mäluruumi vabastamiseks kustutage meediumifaile."},{"$i":"state_storage_full_content_new_sdcard","$v":"Ei saa salvestada. Mäluruumi vabastamiseks kustutage SD-kaardilt faile."},{"$i":"state_storage_full_content_record","$v":"Ei saa salvestada. Saate juba salvestatud faili talletada ja kustutada mäluruumi vabastamiseks meediumifaile."},{"$i":"state_storage_full_content_record_sdcard","$v":"Ei saa salvestada. Saate juba salvestatud faili talletada ja kustutada mäluruumi vabastamiseks SD-kaardilt faile."},{"$i":"state_storage_full_content_save","$v":"Faili ei saa salvestada. Kustutage mäluruumi vabastamiseks meediumifaile."},{"$i":"state_storage_full_content_save_sdcard","$v":"Faili ei saa salvestada. Kustutage mäluruumi vabastamiseks SD-kaardilt faile."},{"$i":"state_storage_in_use","$v":"Salvestusruum on hetkel kasutusel. Ühendage telefon lahti."},{"$i":"options","$v":"Valikud"},{"$i":"cancel","$v":"Tühista"},{"$i":"delete","$v":"Kustuta"},{"$i":"save","$v":"Salvesta"},{"$i":"ok","$v":"OK"},{"$i":"back","$v":"Tagasi"},{"$i":"select","$v":"Vali"},{"$i":"deselect","$v":"Tühista valik"},{"$i":"rename-same-name","$v":"Nime ei muudetud"},{"$i":"weekday-0-long","$v":"Pühapäev"},{"$i":"weekday-1-long","$v":"Esmaspäev"},{"$i":"weekday-2-long","$v":"Teisipäev"},{"$i":"weekday-3-long","$v":"Kolmapäev"},{"$i":"weekday-4-long","$v":"Neljapäev"},{"$i":"weekday-5-long","$v":"Reede"},{"$i":"weekday-6-long","$v":"Laupäev"},{"$i":"weekday-0-short","$v":"P"},{"$i":"weekday-1-short","$v":"E"},{"$i":"weekday-2-short","$v":"T"},{"$i":"weekday-3-short","$v":"K"},{"$i":"weekday-4-short","$v":"N"},{"$i":"weekday-5-short","$v":"R"},{"$i":"weekday-6-short","$v":"L"},{"$i":"month-0-long","$v":"Jaanuar"},{"$i":"month-1-long","$v":"Veebruar"},{"$i":"month-2-long","$v":"Märts"},{"$i":"month-3-long","$v":"Aprill"},{"$i":"month-4-long","$v":"Mai"},{"$i":"month-5-long","$v":"Juuni"},{"$i":"month-6-long","$v":"Juuli"},{"$i":"month-7-long","$v":"August"},{"$i":"month-8-long","$v":"September"},{"$i":"month-9-long","$v":"Oktoober"},{"$i":"month-10-long","$v":"November"},{"$i":"month-11-long","$v":"Detsember"},{"$i":"month-0-genitive","$v":"Jaanuar"},{"$i":"month-1-genitive","$v":"Veebruar"},{"$i":"month-2-genitive","$v":"Märts"},{"$i":"month-3-genitive","$v":"Aprill"},{"$i":"month-4-genitive","$v":"Mai"},{"$i":"month-5-genitive","$v":"Juuni"},{"$i":"month-6-genitive","$v":"Juuli"},{"$i":"month-7-genitive","$v":"August"},{"$i":"month-8-genitive","$v":"September"},{"$i":"month-9-genitive","$v":"Oktoober"},{"$i":"month-10-genitive","$v":"November"},{"$i":"month-11-genitive","$v":"Detsember"},{"$i":"month-0-short","$v":"jaan"},{"$i":"month-1-short","$v":"veebr"},{"$i":"month-2-short","$v":"märts"},{"$i":"month-3-short","$v":"apr"},{"$i":"month-4-short","$v":"Mai"},{"$i":"month-5-short","$v":"juuni"},{"$i":"month-6-short","$v":"juuli"},{"$i":"month-7-short","$v":"aug"},{"$i":"month-8-short","$v":"sept"},{"$i":"month-9-short","$v":"okt"},{"$i":"month-10-short","$v":"nov"},{"$i":"month-11-short","$v":"dets"},{"$i":"minutes-ago-long","$v":{"few":[{"t":"idOrVar","v":"value"}," minutit tagasi"],"many":[{"t":"idOrVar","v":"value"}," minutit tagasi"],"one":"üks minut tagasi","other":[{"t":"idOrVar","v":"value"}," minutit tagasi"],"two":[{"t":"idOrVar","v":"value"}," minutit tagasi"],"zero":"just nüüd"},"$x":[{"t":"idOrVar","v":"plural"},"value"]},{"$i":"hours-ago-long","$v":{"few":[{"t":"idOrVar","v":"value"}," tundi tagasi"],"many":[{"t":"idOrVar","v":"value"}," tundi tagasi"],"one":"tund aega tagasi","other":[{"t":"idOrVar","v":"value"}," tundi tagasi"],"two":[{"t":"idOrVar","v":"value"}," tundi tagasi"],"zero":"just nüüd"},"$x":[{"t":"idOrVar","v":"plural"},"value"]},{"$i":"days-ago-long","$v":{"few":[{"t":"idOrVar","v":"value"}," päeva tagasi"],"many":[{"t":"idOrVar","v":"value"}," päeva tagasi"],"one":"eile","other":[{"t":"idOrVar","v":"value"}," päeva tagasi"],"two":[{"t":"idOrVar","v":"value"}," päeva tagasi"],"zero":"täna"},"$x":[{"t":"idOrVar","v":"plural"},"value"]},{"$i":"weeks-ago-long","$v":{"few":[{"t":"idOrVar","v":"value"}," nädalat tagasi"],"many":[{"t":"idOrVar","v":"value"}," nädalat tagasi"],"one":"eelmine nädal","other":[{"t":"idOrVar","v":"value"}," nädalat tagasi"],"two":[{"t":"idOrVar","v":"value"}," nädalat tagasi"],"zero":"sel nädalal"},"$x":[{"t":"idOrVar","v":"plural"},"value"]},{"$i":"months-ago-long","$v":{"few":[{"t":"idOrVar","v":"value"}," kuud tagasi"],"many":[{"t":"idOrVar","v":"value"}," kuud tagasi"],"one":"eelmine kuu","other":[{"t":"idOrVar","v":"value"}," kuud tagasi"],"two":[{"t":"idOrVar","v":"value"}," kuud tagasi"],"zero":"see kuu"},"$x":[{"t":"idOrVar","v":"plural"},"value"]},{"$i":"years-ago-long","$v":{"few":[{"t":"idOrVar","v":"value"}," aastat tagasi"],"many":[{"t":"idOrVar","v":"value"}," aastat tagasi"],"one":"eelmine aasta","other":[{"t":"idOrVar","v":"value"}," aastat tagasi"],"two":[{"t":"idOrVar","v":"value"}," aastat tagasi"],"zero":"see aasta"},"$x":[{"t":"idOrVar","v":"plural"},"value"]},{"$i":"minutes-until-long","$v":{"few":[{"t":"idOrVar","v":"value"}," minuti pärast"],"many":[{"t":"idOrVar","v":"value"}," minuti pärast"],"one":"minuti pärast","other":[{"t":"idOrVar","v":"value"}," minuti pärast"],"two":[{"t":"idOrVar","v":"value"}," minuti pärast"],"zero":"kohe"},"$x":[{"t":"idOrVar","v":"plural"},"value"]},{"$i":"hours-until-long","$v":{"few":[{"t":"idOrVar","v":"value"}," tunni pärast"],"many":[{"t":"idOrVar","v":"value"}," tunni pärast"],"one":"tunni pärast","other":[{"t":"idOrVar","v":"value"}," tunni pärast"],"two":[{"t":"idOrVar","v":"value"}," tunni pärast"],"zero":"kohe"},"$x":[{"t":"idOrVar","v":"plural"},"value"]},{"$i":"days-until-long","$v":{"few":[{"t":"idOrVar","v":"value"}," päeva pärast"],"many":[{"t":"idOrVar","v":"value"}," päeva pärast"],"one":"homme","other":[{"t":"idOrVar","v":"value"}," päeva pärast"],"two":[{"t":"idOrVar","v":"value"}," päeva pärast"],"zero":"täna"},"$x":[{"t":"idOrVar","v":"plural"},"value"]},{"$i":"weeks-until-long","$v":{"few":[{"t":"idOrVar","v":"value"}," nädala pärast"],"many":[{"t":"idOrVar","v":"value"}," nädala pärast"],"one":"järgmine nädal","other":[{"t":"idOrVar","v":"value"}," nädala pärast"],"two":[{"t":"idOrVar","v":"value"}," nädala pärast"],"zero":"sel nädalal"},"$x":[{"t":"idOrVar","v":"plural"},"value"]},{"$i":"months-until-long","$v":{"few":[{"t":"idOrVar","v":"value"}," kuu pärast"],"many":[{"t":"idOrVar","v":"value"}," kuu pärast"],"one":"järgmine kuu","other":[{"t":"idOrVar","v":"value"}," kuu pärast"],"two":[{"t":"idOrVar","v":"value"}," kuu pärast"],"zero":"see kuu"},"$x":[{"t":"idOrVar","v":"plural"},"value"]},{"$i":"years-until-long","$v":{"few":[{"t":"idOrVar","v":"value"}," aasta pärast"],"many":[{"t":"idOrVar","v":"value"}," aasta pärast"],"one":"järgmine aasta","other":[{"t":"idOrVar","v":"value"}," aasta pärast"],"two":[{"t":"idOrVar","v":"value"}," aasta pärast"],"zero":"see aasta"},"$x":[{"t":"idOrVar","v":"plural"},"value"]},{"$i":"minutes-ago-short","$v":{"other":[{"t":"idOrVar","v":"value"}," m tagasi"],"zero":"just nüüd"},"$x":[{"t":"idOrVar","v":"plural"},"value"]},{"$i":"hours-ago-short","$v":{"other":[{"t":"idOrVar","v":"value"}," h tagasi"],"zero":"just nüüd"},"$x":[{"t":"idOrVar","v":"plural"},"value"]},{"$i":"days-ago-short","$v":{"other":[{"t":"idOrVar","v":"value"}," p tagasi"],"zero":"täna"},"$x":[{"t":"idOrVar","v":"plural"},"value"]},{"$i":"minutes-until-short","$v":{"other":[{"t":"idOrVar","v":"value"}," min pärast"],"zero":"kohe"},"$x":[{"t":"idOrVar","v":"plural"},"value"]},{"$i":"hours-until-short","$v":{"other":[{"t":"idOrVar","v":"value"},"h pärast"],"zero":"kohe"},"$x":[{"t":"idOrVar","v":"plural"},"value"]},{"$i":"days-until-short","$v":{"other":[{"t":"idOrVar","v":"value"},"p pärast"],"zero":"täna"},"$x":[{"t":"idOrVar","v":"plural"},"value"]},{"$i":"incorrectDate","$v":"(vale kuupäev)"},{"$i":"dateTimeFormat_%c","$v":"%a %b %e %Y %I:%M:%S %p"},{"$i":"dateTimeFormat_%x","$v":"%m/%d/%Y"},{"$i":"dateTimeFormat_%X","$v":"%I:%M:%S %p"},{"$i":"shortTimeFormat","$v":"%I:%M %p"},{"$i":"shortTimeFormat12","$v":"%I:%M %p"},{"$i":"shortTimeFormat24","$v":"%H:%M"},{"$i":"shortDateTimeFormat","$v":"%x %I:%M %p"},{"$i":"weekStartsOnMonday","$v":"0.0"},{"$i":"firstDayOfTheWeek","$v":"1.0"},{"$i":"time_am","$v":"AM"},{"$i":"time_pm","$v":"PM"}]