[{"$i":"toast-audio-save","$v":"Enregistrement enregistré"},{"$i":"toast-audio-discarded","$v":"Enregistrement supprimé."},{"$i":"toast-save-rate","$v":"Modifications enregistrées."},{"$i":"toast-audio-deleted","$v":"Fichier audio supprimé."},{"$i":"toast-audio-files-deleted","$v":"Fichiers audio supprimés."},{"$i":"toast-audio-rename-ok","$v":"Le nom a été modifié."},{"$i":"toast-audio-rename-failed","$v":"Impossible de renommer."},{"$i":"toast-music-library-save","$v":[{"t":"idOrVar","v":"name"}," enregistré dans la bibliothèque de musique"]},{"$i":"toast-audio-import-save","$v":[{"t":"idOrVar","v":"name"}," enregistré dans l'Enregistreur."]},{"$i":"toast-audio-save-failed","$v":"Échec de l'enregistrement."},{"$i":"soft-key-new","$v":"Nouveau"},{"$i":"soft-key-option","$v":"Option"},{"$i":"soft-key-play","$v":"Écouter"},{"$i":"soft-key-ok","$v":"OK"},{"$i":"soft-key-options","$v":"Options"},{"$i":"soft-key-back","$v":"Retour"},{"$i":"soft-key-pause","$v":"Pause"},{"$i":"soft-key-cancel","$v":"Annuler"},{"$i":"soft-key-delete","$v":"Supprimer"},{"$i":"soft-key-done","$v":"Terminé"},{"$i":"soft-key-save","$v":"Enregistrer"},{"$i":"soft-key-discard","$v":"Ignorer"},{"$i":"soft-key-all","$v":"Tout"},{"$i":"soft-key-deselect","$v":"Désélectionner"},{"$i":"soft-key-none","$v":"Aucun"},{"$i":"menu-header","$v":"Options"},{"$i":"menu-delete","$v":"Supprimer"},{"$i":"menu-share","$v":"Partager"},{"$i":"menu-rename","$v":"Renommer"},{"$i":"menu-save-as-ringtone","$v":"Établir comme sonnerie"},{"$i":"menu-settings","$v":"Paramètres"},{"$i":"menu-volume","$v":"Volume"},{"$i":"menu-save-to-music-library","$v":"Enregistrer dans la bibliothèque de musique"},{"$i":"menu-select-multiple","$v":"Sélectionner plusieurs"},{"$i":"number-selected","$v":{"few":[{"t":"idOrVar","v":"number"}," sélectionnés"],"many":[{"t":"idOrVar","v":"number"}," sélectionnés"],"one":[{"t":"idOrVar","v":"number"}," sélectionné"],"other":[{"t":"idOrVar","v":"number"}," sélectionnés"],"two":[{"t":"idOrVar","v":"number"}," sélectionnés"],"zero":[{"t":"idOrVar","v":"number"}," sélectionné"]},"$x":[{"t":"idOrVar","v":"plural"},"number"]},{"$i":"title-audio-list","$v":"Enregistreur"},{"$i":"title-rename","$v":"Renommer"},{"$i":"title-settings","$v":"Paramètres"},{"$i":"title-save-confirmation","$v":"Confirmation"},{"$i":"title-delete-confirmation","$v":"Confirmation"},{"$i":"title-recording-bitrate","$v":"Taux d'enregistrement"},{"$i":"title-pick-audio-list","$v":"Sélectionner un enregistreur"},{"$i":"dialog-delete-audio-file","$v":"Supprimer le fichier audio?"},{"$i":"dialog-save-audio-recording","$v":"Enregistrer l'enregistrement audio?"},{"$i":"dialog-delete-select-audio","$v":{"few":["Supprimer ",{"t":"idOrVar","v":"number"}," enregistrements?"],"many":["Supprimer ",{"t":"idOrVar","v":"number"}," enregistrements?"],"one":"Supprimer l'enregistrement sélectionné?","other":["Supprimer ",{"t":"idOrVar","v":"number"}," enregistrements?"],"two":["Supprimer ",{"t":"idOrVar","v":"number"}," enregistrements?"]},"$x":[{"t":"idOrVar","v":"plural"},"number"]},{"$i":"settings-bitrate-8k","$v":"8 K (taille réduite)"},{"$i":"settings-bitrate-44k","$v":"44 K (grande taille)"},{"$i":"settings-bitrate-err","$v":"Erreur de paramètres"},{"$i":"audio-recorder-is-empty","$v":"L'enregistreur est vide; appuyez sur Nouveau pour démarrer l'enregistrement."},{"$i":"audio-pick-is-empty","$v":"Enregistreur de son vide."},{"$i":"input-title-enter-new-name","$v":"Saisir le nouveau nom"},{"$i":"new-recording","$v":"Nouvel enregistrement"},{"$i":"save-input","placeholder":"Nouvel enregistrement"},{"$i":"save-audio-input","$v":"Nom"},{"$i":"audio-player-state","$v":"Lecture..."},{"$i":"audio-player-state-pause","$v":""},{"$i":"audio-recorder-loading","$v":"Recherche d'enregistrements audio..."},{"$i":"unsupport-file-name","$v":{"$o":"Le nom ne doit pas de contenir de caractères non compatibles : \\/:*?\"<>|"}},{"$i":"import-file-error","$v":"Nom déjà utilisé. Choisissez un autre nom."},{"$i":"import-file-exist","$v":"Ce nom de fichier existe déjà."},{"$i":"state_storage_no_memory_card","$v":"La carte mémoire est introuvable. Veuillez insérer une carte mémoire."},{"$i":"state_storage_full","$v":"Espace de stockage plein"},{"$i":"state_storage_full_sdcard","$v":"La carte SD est pleine."},{"$i":"state_storage_full_content_new","$v":"Échec d'enregistrement. Supprimer des fichiers multimédias pour libérer de l'espace."},{"$i":"state_storage_full_content_new_sdcard","$v":"Échec d'enregistrement. Supprimer des fichiers de la carte SD pour libérer de l'espace."},{"$i":"state_storage_full_content_record","$v":"Échec d'enregistrement. Vous pouvez enregistrer le fichier déjà enregistré et supprimer des fichiers multimédias pour libérer de l'espace."},{"$i":"state_storage_full_content_record_sdcard","$v":"Échec d'enregistrement. Vous pouvez enregistrer le fichier déjà enregistré et supprimer des fichiers de la carte SD pour libérer de l'espace."},{"$i":"state_storage_full_content_save","$v":"Échec d'enregistrement du fichier. Supprimer des fichiers multimédias pour libérer de l'espace."},{"$i":"state_storage_full_content_save_sdcard","$v":"Échec d'enregistrement du fichier. Supprimer des fichiers de la carte SD pour libérer de l'espace."},{"$i":"state_storage_in_use","$v":"Le stockage est occupé. Veuillez débrancher le téléphone."},{"$i":"options","$v":"Options"},{"$i":"cancel","$v":"Annuler"},{"$i":"delete","$v":"Supprimer"},{"$i":"save","$v":"Enregistrer"},{"$i":"ok","$v":"OK"},{"$i":"back","$v":"Retour"},{"$i":"select","$v":"Sélectionner"},{"$i":"deselect","$v":"Désélectionner"},{"$i":"rename-same-name","$v":"Le nom n'a pas été modifié."},{"$i":"weekday-0-long","$v":"Dimanche"},{"$i":"weekday-1-long","$v":"Lundi"},{"$i":"weekday-2-long","$v":"Mardi"},{"$i":"weekday-3-long","$v":"Mercredi"},{"$i":"weekday-4-long","$v":"Jeudi"},{"$i":"weekday-5-long","$v":"Vendredi"},{"$i":"weekday-6-long","$v":"Samedi"},{"$i":"weekday-0-short","$v":"Dim"},{"$i":"weekday-1-short","$v":"Lun"},{"$i":"weekday-2-short","$v":"Mar"},{"$i":"weekday-3-short","$v":"Mer"},{"$i":"weekday-4-short","$v":"Jeu"},{"$i":"weekday-5-short","$v":"Ven"},{"$i":"weekday-6-short","$v":"Sam"},{"$i":"month-0-long","$v":"Janvier"},{"$i":"month-1-long","$v":"Février"},{"$i":"month-2-long","$v":"Mars"},{"$i":"month-3-long","$v":"Avril"},{"$i":"month-4-long","$v":"Mai"},{"$i":"month-5-long","$v":"Juin"},{"$i":"month-6-long","$v":"Juillet"},{"$i":"month-7-long","$v":"Août"},{"$i":"month-8-long","$v":"Septembre"},{"$i":"month-9-long","$v":"Octobre"},{"$i":"month-10-long","$v":"Novembre"},{"$i":"month-11-long","$v":"Décembre"},{"$i":"month-0-genitive","$v":"Janvier"},{"$i":"month-1-genitive","$v":"Février"},{"$i":"month-2-genitive","$v":"Mars"},{"$i":"month-3-genitive","$v":"Avril"},{"$i":"month-4-genitive","$v":"Mai"},{"$i":"month-5-genitive","$v":"Juin"},{"$i":"month-6-genitive","$v":"Juillet"},{"$i":"month-7-genitive","$v":"Août"},{"$i":"month-8-genitive","$v":"Septembre"},{"$i":"month-9-genitive","$v":"Octobre"},{"$i":"month-10-genitive","$v":"Novembre"},{"$i":"month-11-genitive","$v":"Décembre"},{"$i":"month-0-short","$v":"Jan"},{"$i":"month-1-short","$v":"Fév"},{"$i":"month-2-short","$v":"Mar"},{"$i":"month-3-short","$v":"Avr"},{"$i":"month-4-short","$v":"Mai"},{"$i":"month-5-short","$v":"Jun"},{"$i":"month-6-short","$v":"Jul"},{"$i":"month-7-short","$v":"Aoû"},{"$i":"month-8-short","$v":"Sep"},{"$i":"month-9-short","$v":"Oct"},{"$i":"month-10-short","$v":"Nov"},{"$i":"month-11-short","$v":"Déc"},{"$i":"minutes-ago-long","$v":{"few":["il y a ",{"t":"idOrVar","v":"value"}," minutes"],"many":["il y a ",{"t":"idOrVar","v":"value"}," minutes"],"one":"il y a une minute","other":["il y a ",{"t":"idOrVar","v":"value"}," minutes"],"two":["il y a ",{"t":"idOrVar","v":"value"}," minutes"],"zero":"juste maintenant"},"$x":[{"t":"idOrVar","v":"plural"},"value"]},{"$i":"hours-ago-long","$v":{"few":["il y a ",{"t":"idOrVar","v":"value"}," heures"],"many":["il y a ",{"t":"idOrVar","v":"value"}," heures"],"one":"il y a une heure","other":["il y a ",{"t":"idOrVar","v":"value"}," heures"],"two":["il y a ",{"t":"idOrVar","v":"value"}," heures"],"zero":"juste maintenant"},"$x":[{"t":"idOrVar","v":"plural"},"value"]},{"$i":"days-ago-long","$v":{"few":["il y a ",{"t":"idOrVar","v":"value"}," jours"],"many":["il y a ",{"t":"idOrVar","v":"value"}," jours"],"one":"hier","other":["il y a ",{"t":"idOrVar","v":"value"}," jours"],"two":["il y a ",{"t":"idOrVar","v":"value"}," jours"],"zero":"aujourd'hui"},"$x":[{"t":"idOrVar","v":"plural"},"value"]},{"$i":"weeks-ago-long","$v":{"few":["il y a ",{"t":"idOrVar","v":"value"}," semaines"],"many":["il y a ",{"t":"idOrVar","v":"value"}," semaines"],"one":"la semaine dernière","other":["il y a ",{"t":"idOrVar","v":"value"}," semaines"],"two":["il y a ",{"t":"idOrVar","v":"value"}," semaines"],"zero":"cette semaine"},"$x":[{"t":"idOrVar","v":"plural"},"value"]},{"$i":"months-ago-long","$v":{"few":["il y a ",{"t":"idOrVar","v":"value"}," mois"],"many":["il y a ",{"t":"idOrVar","v":"value"}," mois"],"one":"le mois dernier","other":["il y a ",{"t":"idOrVar","v":"value"}," mois"],"two":["il y a ",{"t":"idOrVar","v":"value"}," mois"],"zero":"ce mois"},"$x":[{"t":"idOrVar","v":"plural"},"value"]},{"$i":"years-ago-long","$v":{"few":["il y a ",{"t":"idOrVar","v":"value"}," années"],"many":["il y a ",{"t":"idOrVar","v":"value"}," années"],"one":"l'année dernière","other":["il y a ",{"t":"idOrVar","v":"value"}," années"],"two":["il y a ",{"t":"idOrVar","v":"value"}," années"],"zero":"cette année"},"$x":[{"t":"idOrVar","v":"plural"},"value"]},{"$i":"minutes-until-long","$v":{"few":["dans ",{"t":"idOrVar","v":"value"}," minutes"],"many":["dans ",{"t":"idOrVar","v":"value"}," minutes"],"one":"dans une minute","other":["dans ",{"t":"idOrVar","v":"value"}," minutes"],"two":["dans ",{"t":"idOrVar","v":"value"}," minutes"],"zero":"maintenant"},"$x":[{"t":"idOrVar","v":"plural"},"value"]},{"$i":"hours-until-long","$v":{"few":["dans ",{"t":"idOrVar","v":"value"}," heures"],"many":["dans ",{"t":"idOrVar","v":"value"}," heures"],"one":"dans une heure","other":["dans ",{"t":"idOrVar","v":"value"}," heures"],"two":["dans ",{"t":"idOrVar","v":"value"}," heures"],"zero":"maintenant"},"$x":[{"t":"idOrVar","v":"plural"},"value"]},{"$i":"days-until-long","$v":{"few":["dans ",{"t":"idOrVar","v":"value"}," jours"],"many":["dans ",{"t":"idOrVar","v":"value"}," jours"],"one":"demain","other":["dans ",{"t":"idOrVar","v":"value"}," jours"],"two":["dans ",{"t":"idOrVar","v":"value"}," jours"],"zero":"aujourd'hui"},"$x":[{"t":"idOrVar","v":"plural"},"value"]},{"$i":"weeks-until-long","$v":{"few":["dans ",{"t":"idOrVar","v":"value"}," semaines"],"many":["dans ",{"t":"idOrVar","v":"value"}," semaines"],"one":"la semaine prochaine","other":["dans ",{"t":"idOrVar","v":"value"}," semaines"],"two":["dans ",{"t":"idOrVar","v":"value"}," semaines"],"zero":"cette semaine"},"$x":[{"t":"idOrVar","v":"plural"},"value"]},{"$i":"months-until-long","$v":{"few":["dans ",{"t":"idOrVar","v":"value"}," mois"],"many":["dans ",{"t":"idOrVar","v":"value"}," mois"],"one":"le mois prochain","other":["dans ",{"t":"idOrVar","v":"value"}," mois"],"two":["dans ",{"t":"idOrVar","v":"value"}," mois"],"zero":"ce mois"},"$x":[{"t":"idOrVar","v":"plural"},"value"]},{"$i":"years-until-long","$v":{"few":["dans ",{"t":"idOrVar","v":"value"}," années"],"many":["dans ",{"t":"idOrVar","v":"value"}," années"],"one":"l'année prochaine","other":["dans ",{"t":"idOrVar","v":"value"}," années"],"two":["dans ",{"t":"idOrVar","v":"value"}," années"],"zero":"cette année"},"$x":[{"t":"idOrVar","v":"plural"},"value"]},{"$i":"minutes-ago-short","$v":{"other":["il y a ",{"t":"idOrVar","v":"value"}," m"],"zero":"juste maintenant"},"$x":[{"t":"idOrVar","v":"plural"},"value"]},{"$i":"hours-ago-short","$v":{"other":["il y a ",{"t":"idOrVar","v":"value"}," h"],"zero":"juste maintenant"},"$x":[{"t":"idOrVar","v":"plural"},"value"]},{"$i":"days-ago-short","$v":{"other":["il y a ",{"t":"idOrVar","v":"value"}," j"],"zero":"aujourd'hui"},"$x":[{"t":"idOrVar","v":"plural"},"value"]},{"$i":"minutes-until-short","$v":{"other":["dans ",{"t":"idOrVar","v":"value"}," m"],"zero":"maintenant"},"$x":[{"t":"idOrVar","v":"plural"},"value"]},{"$i":"hours-until-short","$v":{"other":["dans ",{"t":"idOrVar","v":"value"}," h"],"zero":"maintenant"},"$x":[{"t":"idOrVar","v":"plural"},"value"]},{"$i":"days-until-short","$v":{"other":["dans ",{"t":"idOrVar","v":"value"}," j"],"zero":"aujourd'hui"},"$x":[{"t":"idOrVar","v":"plural"},"value"]},{"$i":"incorrectDate","$v":"(date erronée)"},{"$i":"dateTimeFormat_%c","$v":"%a %b %e %Y %I:%M:%S %p"},{"$i":"dateTimeFormat_%x","$v":"%m/%d/%Y"},{"$i":"dateTimeFormat_%X","$v":"%I:%M:%S %p"},{"$i":"shortTimeFormat","$v":"%I:%M %p"},{"$i":"shortTimeFormat12","$v":"%I:%M %p"},{"$i":"shortTimeFormat24","$v":"%H:%M"},{"$i":"shortDateTimeFormat","$v":"%x %I:%M %p"},{"$i":"weekStartsOnMonday","$v":"0.0"},{"$i":"firstDayOfTheWeek","$v":"0.0"},{"$i":"time_am","$v":"AM"},{"$i":"time_pm","$v":"PM"}]