[{"$i":"toast-audio-save","$v":"Enregistrement sauvegardé"},{"$i":"toast-audio-discarded","$v":"L’enregistrement est supprimé."},{"$i":"toast-save-rate","$v":"Les modifications sont enregistrées."},{"$i":"toast-audio-deleted","$v":"Le fichiers audio est supprimé."},{"$i":"toast-audio-files-deleted","$v":"Les fichiers audio sont supprimés."},{"$i":"toast-audio-rename-ok","$v":"Le nom est modifié."},{"$i":"toast-audio-rename-failed","$v":"Le changement de nom a échoué."},{"$i":"toast-music-library-save","$v":[{"t":"idOrVar","v":"name"}," enregistré dans la bibliothèque musicale"]},{"$i":"toast-audio-import-save","$v":["Le fichier ",{"t":"idOrVar","v":"name"}," est enregistré dans Dictaphone."]},{"$i":"toast-audio-save-failed","$v":"L’enregistrement a échoué."},{"$i":"soft-key-new","$v":"Nouveau"},{"$i":"soft-key-option","$v":"Option"},{"$i":"soft-key-play","$v":"Lecture"},{"$i":"soft-key-ok","$v":"OK"},{"$i":"soft-key-options","$v":"Options"},{"$i":"soft-key-back","$v":"Retour"},{"$i":"soft-key-pause","$v":"Pause"},{"$i":"soft-key-cancel","$v":"Annuler"},{"$i":"soft-key-delete","$v":"Supprimer"},{"$i":"soft-key-done","$v":"OK"},{"$i":"soft-key-save","$v":"Sauvegarder"},{"$i":"soft-key-discard","$v":"Ignorer"},{"$i":"soft-key-all","$v":"Tout"},{"$i":"soft-key-deselect","$v":"DÉSÉLECT."},{"$i":"soft-key-none","$v":"Jamais"},{"$i":"menu-header","$v":"Options"},{"$i":"menu-delete","$v":"Supprimer"},{"$i":"menu-share","$v":"Partager"},{"$i":"menu-rename","$v":"Renommer"},{"$i":"menu-save-as-ringtone","$v":"Enreg. com. Sonnerie"},{"$i":"menu-settings","$v":"Paramètres"},{"$i":"menu-volume","$v":"Volume"},{"$i":"menu-save-to-music-library","$v":"Enreg. dans musique"},{"$i":"menu-select-multiple","$v":"Sélection multiple"},{"$i":"number-selected","$v":{"few":[{"t":"idOrVar","v":"number"}," sélectionnés"],"many":[{"t":"idOrVar","v":"number"}," sélectionnés"],"one":[{"t":"idOrVar","v":"number"}," sélectionné"],"other":[{"t":"idOrVar","v":"number"}," sélectionné"],"two":[{"t":"idOrVar","v":"number"}," sélectionnés"],"zero":[{"t":"idOrVar","v":"number"}," sélectionné"]},"$x":[{"t":"idOrVar","v":"plural"},"number"]},{"$i":"title-audio-list","$v":"Magnétophone"},{"$i":"title-rename","$v":"Renommer"},{"$i":"title-settings","$v":"Paramètres"},{"$i":"title-save-confirmation","$v":"Confirmation"},{"$i":"title-delete-confirmation","$v":"Confirmation"},{"$i":"title-recording-bitrate","$v":"Fréquence d’enregistrement"},{"$i":"title-pick-audio-list","$v":"Sélectionner un enregistreur"},{"$i":"dialog-delete-audio-file","$v":"Supprimer le fichier audio ?"},{"$i":"dialog-save-audio-recording","$v":"Sauvegarder l’enregistrement audio ?"},{"$i":"dialog-delete-select-audio","$v":{"few":["Supprimer ",{"t":"idOrVar","v":"number"}," enregistrements ?"],"many":["Supprimer ",{"t":"idOrVar","v":"number"}," enregistrements ?"],"one":"Supprimer l’enregistrement sélectionné ?","other":["Supprimer ",{"t":"idOrVar","v":"number"}," enregistrement ?"],"two":["Supprimer ",{"t":"idOrVar","v":"number"}," enregistrements ?"]},"$x":[{"t":"idOrVar","v":"plural"},"number"]},{"$i":"settings-bitrate-8k","$v":"8 Kbit/s (taille inférieure)"},{"$i":"settings-bitrate-44k","$v":"44 Kbit/s (taille supérieure)"},{"$i":"settings-bitrate-err","$v":"Erreur de paramètre"},{"$i":"audio-recorder-is-empty","$v":"Il n'y a aucun enregistrement pour le moment; appuyez sur Nouveau pour démarrer un enregistrement."},{"$i":"audio-pick-is-empty","$v":"Dictaphone vide."},{"$i":"input-title-enter-new-name","$v":"Entrer le nouveau nom"},{"$i":"new-recording","$v":"Nouvel enregistrement"},{"$i":"save-input","placeholder":"Nouvel enregistrement"},{"$i":"save-audio-input","$v":"Nom"},{"$i":"audio-player-state","$v":"Lecture en cours…"},{"$i":"audio-player-state-pause","$v":""},{"$i":"audio-recorder-loading","$v":"Recherche d’enregistrements audio…"},{"$i":"unsupport-file-name","$v":{"$o":"Impossible d’utiliser un nom avec des caractères incompatibles : \\/:*?\"<>|"}},{"$i":"import-file-error","$v":"Le nom est déjà pris. Choisissez-en un autre."},{"$i":"import-file-exist","$v":"Ce nom est déjà utilisé pour un autre fichier."},{"$i":"state_storage_no_memory_card","$v":"La carte mémoire est introuvable. Veuillez en insérer une."},{"$i":"state_storage_full","$v":"Mémoire pleine"},{"$i":"state_storage_full_sdcard","$v":"La carte SD est pleine."},{"$i":"state_storage_full_content_new","$v":"L’enregistrement est impossible. Supprimez des éléments multimédias pour libérer de l’espace."},{"$i":"state_storage_full_content_new_sdcard","$v":"L’enregistrement est impossible. Supprimez des fichiers sur la carte SD pour libérer de l’espace."},{"$i":"state_storage_full_content_record","$v":"L’enregistrement est impossible. Vous pouvez sauvegarder le fichier enregistré et supprimer des éléments multimédias pour libérer de l’espace."},{"$i":"state_storage_full_content_record_sdcard","$v":"L’enregistrement est impossible. Vous pouvez sauvegarder le fichier enregistré et supprimer des fichiers sur la carte SD pour libérer de l’espace."},{"$i":"state_storage_full_content_save","$v":"Impossible d’enregistrer le fichier. Supprimez des éléments multimédias pour libérer de l’espace."},{"$i":"state_storage_full_content_save_sdcard","$v":"Impossible d’enregistrer le fichier. Supprimez des fichiers sur la carte SD pour libérer de l’espace."},{"$i":"state_storage_in_use","$v":"La mémoire est en cours d’utilisation. Veuillez débrancher le téléphone."},{"$i":"options","$v":"Options"},{"$i":"cancel","$v":"Annuler"},{"$i":"delete","$v":"Supprimer"},{"$i":"save","$v":"Enregistrer"},{"$i":"ok","$v":"OK"},{"$i":"back","$v":"Retour"},{"$i":"select","$v":"Sélectionner"},{"$i":"deselect","$v":"DÉSÉLECT."},{"$i":"rename-same-name","$v":"Le nom n’a pas été changé."},{"$i":"weekday-0-long","$v":"Dimanche"},{"$i":"weekday-1-long","$v":"Lundi"},{"$i":"weekday-2-long","$v":"Mardi"},{"$i":"weekday-3-long","$v":"Mercredi"},{"$i":"weekday-4-long","$v":"Jeudi"},{"$i":"weekday-5-long","$v":"Vendredi"},{"$i":"weekday-6-long","$v":"Samedi"},{"$i":"weekday-0-short","$v":"dim"},{"$i":"weekday-1-short","$v":"lun"},{"$i":"weekday-2-short","$v":"mar"},{"$i":"weekday-3-short","$v":"mer"},{"$i":"weekday-4-short","$v":"jeu"},{"$i":"weekday-5-short","$v":"ven"},{"$i":"weekday-6-short","$v":"sam"},{"$i":"month-0-long","$v":"Janvier"},{"$i":"month-1-long","$v":"Février"},{"$i":"month-2-long","$v":"Mars"},{"$i":"month-3-long","$v":"Avril"},{"$i":"month-4-long","$v":"Mai"},{"$i":"month-5-long","$v":"Juin"},{"$i":"month-6-long","$v":"Juillet"},{"$i":"month-7-long","$v":"Août"},{"$i":"month-8-long","$v":"Septembre"},{"$i":"month-9-long","$v":"Octobre"},{"$i":"month-10-long","$v":"Novembre"},{"$i":"month-11-long","$v":"Décembre"},{"$i":"month-0-genitive","$v":"janvier"},{"$i":"month-1-genitive","$v":"février"},{"$i":"month-2-genitive","$v":"mars"},{"$i":"month-3-genitive","$v":"avril"},{"$i":"month-4-genitive","$v":"mai"},{"$i":"month-5-genitive","$v":"juin"},{"$i":"month-6-genitive","$v":"juillet"},{"$i":"month-7-genitive","$v":"août"},{"$i":"month-8-genitive","$v":"septembre"},{"$i":"month-9-genitive","$v":"octobre"},{"$i":"month-10-genitive","$v":"novembre"},{"$i":"month-11-genitive","$v":"décembre"},{"$i":"month-0-short","$v":"jan."},{"$i":"month-1-short","$v":"fév."},{"$i":"month-2-short","$v":"mars"},{"$i":"month-3-short","$v":"avr."},{"$i":"month-4-short","$v":"mai"},{"$i":"month-5-short","$v":"juin"},{"$i":"month-6-short","$v":"juil."},{"$i":"month-7-short","$v":"août"},{"$i":"month-8-short","$v":"sep."},{"$i":"month-9-short","$v":"oct."},{"$i":"month-10-short","$v":"nov."},{"$i":"month-11-short","$v":"déc."},{"$i":"minutes-ago-long","$v":{"few":["il y a ",{"t":"idOrVar","v":"value"}," minutes"],"many":["Il y a ",{"t":"idOrVar","v":"value"}," minutes"],"one":"Il y a 1 minute","other":["il y a ",{"t":"idOrVar","v":"value"}," minutes"],"two":["il y a ",{"t":"idOrVar","v":"value"}," minutes"],"zero":"à l’instant"},"$x":[{"t":"idOrVar","v":"plural"},"value"]},{"$i":"hours-ago-long","$v":{"few":["il y a ",{"t":"idOrVar","v":"value"}," heures"],"many":["Il y a ",{"t":"idOrVar","v":"value"}," heures"],"one":"Il y a 1 heure","other":["il y a ",{"t":"idOrVar","v":"value"}," heures"],"two":["il y a ",{"t":"idOrVar","v":"value"}," heures"],"zero":"à l’instant"},"$x":[{"t":"idOrVar","v":"plural"},"value"]},{"$i":"days-ago-long","$v":{"few":["il y a ",{"t":"idOrVar","v":"value"}," jours"],"many":["il y a ",{"t":"idOrVar","v":"value"}," jours"],"one":"hier","other":["il y a ",{"t":"idOrVar","v":"value"}," jours"],"two":["il y a ",{"t":"idOrVar","v":"value"}," jours"],"zero":"aujourd’hui"},"$x":[{"t":"idOrVar","v":"plural"},"value"]},{"$i":"weeks-ago-long","$v":{"few":["il y a ",{"t":"idOrVar","v":"value"}," semaines"],"many":["il y a ",{"t":"idOrVar","v":"value"}," semaines"],"one":"la semaine dernière","other":["il y a ",{"t":"idOrVar","v":"value"}," semaines"],"two":["il y a ",{"t":"idOrVar","v":"value"}," semaines"],"zero":"cette semaine"},"$x":[{"t":"idOrVar","v":"plural"},"value"]},{"$i":"months-ago-long","$v":{"few":["il y a ",{"t":"idOrVar","v":"value"}," mois"],"many":["il y a ",{"t":"idOrVar","v":"value"}," mois"],"one":"le mois dernier","other":["il y a ",{"t":"idOrVar","v":"value"}," mois"],"two":["il y a ",{"t":"idOrVar","v":"value"}," mois"],"zero":"ce mois-ci"},"$x":[{"t":"idOrVar","v":"plural"},"value"]},{"$i":"years-ago-long","$v":{"few":["il y a ",{"t":"idOrVar","v":"value"}," ans"],"many":["il y a ",{"t":"idOrVar","v":"value"}," ans"],"one":"l’année dernière","other":["il y a ",{"t":"idOrVar","v":"value"}," ans"],"two":["il y a ",{"t":"idOrVar","v":"value"}," ans"],"zero":"cette année"},"$x":[{"t":"idOrVar","v":"plural"},"value"]},{"$i":"minutes-until-long","$v":{"few":["dans ",{"t":"idOrVar","v":"value"}," minutes"],"many":["dans ",{"t":"idOrVar","v":"value"}," minutes"],"one":["dans ",{"t":"idOrVar","v":"value"}," minute"],"other":["dans ",{"t":"idOrVar","v":"value"}," minutes"],"two":["dans ",{"t":"idOrVar","v":"value"}," minutes"],"zero":"maintenant"},"$x":[{"t":"idOrVar","v":"plural"},"value"]},{"$i":"hours-until-long","$v":{"few":["dans ",{"t":"idOrVar","v":"value"}," heures"],"many":["dans ",{"t":"idOrVar","v":"value"}," heures"],"one":["dans ",{"t":"idOrVar","v":"value"}," heure"],"other":["dans ",{"t":"idOrVar","v":"value"}," heures"],"two":["dans ",{"t":"idOrVar","v":"value"}," heures"],"zero":"maintenant"},"$x":[{"t":"idOrVar","v":"plural"},"value"]},{"$i":"days-until-long","$v":{"few":["dans ",{"t":"idOrVar","v":"value"}," jours"],"many":["dans ",{"t":"idOrVar","v":"value"}," jours"],"one":"demain","other":["dans ",{"t":"idOrVar","v":"value"}," jours"],"two":["dans ",{"t":"idOrVar","v":"value"}," jours"],"zero":"aujourd’hui"},"$x":[{"t":"idOrVar","v":"plural"},"value"]},{"$i":"weeks-until-long","$v":{"few":["dans ",{"t":"idOrVar","v":"value"}," semaines"],"many":["dans ",{"t":"idOrVar","v":"value"}," semaines"],"one":"la semaine prochaine","other":["dans ",{"t":"idOrVar","v":"value"}," semaines"],"two":["dans ",{"t":"idOrVar","v":"value"}," semaines"],"zero":"cette semaine"},"$x":[{"t":"idOrVar","v":"plural"},"value"]},{"$i":"months-until-long","$v":{"few":["dans ",{"t":"idOrVar","v":"value"}," mois"],"many":["dans ",{"t":"idOrVar","v":"value"}," mois"],"one":"le mois prochain","other":["dans ",{"t":"idOrVar","v":"value"}," mois"],"two":["dans ",{"t":"idOrVar","v":"value"}," mois"],"zero":"ce mois-ci"},"$x":[{"t":"idOrVar","v":"plural"},"value"]},{"$i":"years-until-long","$v":{"few":["dans ",{"t":"idOrVar","v":"value"}," ans"],"many":["dans ",{"t":"idOrVar","v":"value"}," ans"],"one":"l’année prochaine","other":["dans ",{"t":"idOrVar","v":"value"}," ans"],"two":["dans ",{"t":"idOrVar","v":"value"}," ans"],"zero":"cette année"},"$x":[{"t":"idOrVar","v":"plural"},"value"]},{"$i":"minutes-ago-short","$v":{"other":["il y a ",{"t":"idOrVar","v":"value"}," min"],"zero":"à l’instant"},"$x":[{"t":"idOrVar","v":"plural"},"value"]},{"$i":"hours-ago-short","$v":{"other":["il y a ",{"t":"idOrVar","v":"value"},"h"],"zero":"à l’instant"},"$x":[{"t":"idOrVar","v":"plural"},"value"]},{"$i":"days-ago-short","$v":{"other":["il y a ",{"t":"idOrVar","v":"value"},"j"],"zero":"aujourd’hui"},"$x":[{"t":"idOrVar","v":"plural"},"value"]},{"$i":"minutes-until-short","$v":{"other":["dans ",{"t":"idOrVar","v":"value"},"m"],"zero":"maintenant"},"$x":[{"t":"idOrVar","v":"plural"},"value"]},{"$i":"hours-until-short","$v":{"other":["dans ",{"t":"idOrVar","v":"value"},"h"],"zero":"maintenant"},"$x":[{"t":"idOrVar","v":"plural"},"value"]},{"$i":"days-until-short","$v":{"other":["dans ",{"t":"idOrVar","v":"value"},"j"],"zero":"aujourd’hui"},"$x":[{"t":"idOrVar","v":"plural"},"value"]},{"$i":"incorrectDate","$v":"(date incorrecte)"},{"$i":"dateTimeFormat_%c","$v":"%a %e %b %Y %H:%M:%S"},{"$i":"dateTimeFormat_%x","$v":"%d/%m/%Y"},{"$i":"dateTimeFormat_%X","$v":"%I:%M:%S %p"},{"$i":"shortTimeFormat","$v":"%H:%M"},{"$i":"shortTimeFormat12","$v":"%I:%M %p"},{"$i":"shortTimeFormat24","$v":"%H:%M"},{"$i":"shortDateTimeFormat","$v":"%x %H:%M"},{"$i":"weekStartsOnMonday","$v":"0.0"},{"$i":"firstDayOfTheWeek","$v":"1.0"},{"$i":"time_am","$v":"AM"},{"$i":"time_pm","$v":"PM"}]