[{"$i":"toast-audio-save","$v":"ההקלטה נשמרה"},{"$i":"toast-audio-discarded","$v":"ההקלטה נמחקה"},{"$i":"toast-save-rate","$v":"השינויים נשמרו."},{"$i":"toast-audio-deleted","$v":"ההקלטה נמחקה"},{"$i":"toast-audio-files-deleted","$v":"קבצי שמע נמחקו."},{"$i":"toast-audio-rename-ok","$v":"השם שונה"},{"$i":"toast-audio-rename-failed","$v":"שינוי שם נכשל"},{"$i":"toast-music-library-save","$v":[{"t":"idOrVar","v":"name"}," נשמר בספריית המוסיקה"]},{"$i":"toast-audio-import-save","$v":[{"t":"idOrVar","v":"name"}," נשמר ברשמקול."]},{"$i":"toast-audio-save-failed","$v":"נשמר נכשל."},{"$i":"soft-key-new","$v":"חדש"},{"$i":"soft-key-option","$v":"אפשרות"},{"$i":"soft-key-play","$v":"נגן"},{"$i":"soft-key-ok","$v":"OK"},{"$i":"soft-key-options","$v":"אפשרויות"},{"$i":"soft-key-back","$v":"חזרה"},{"$i":"soft-key-pause","$v":"הפסקה"},{"$i":"soft-key-cancel","$v":"בטל"},{"$i":"soft-key-delete","$v":"מחק"},{"$i":"soft-key-done","$v":"בוצע"},{"$i":"soft-key-save","$v":"שמור"},{"$i":"soft-key-discard","$v":"מחק"},{"$i":"soft-key-all","$v":"הכל"},{"$i":"soft-key-deselect","$v":"בטל בחירה"},{"$i":"soft-key-none","$v":"אין"},{"$i":"menu-header","$v":"אפשרויות"},{"$i":"menu-delete","$v":"מחק"},{"$i":"menu-share","$v":"שתף"},{"$i":"menu-rename","$v":"שנה שם"},{"$i":"menu-save-as-ringtone","$v":"שמור בתור רינגטון"},{"$i":"menu-settings","$v":"הגדרות"},{"$i":"menu-volume","$v":"עוצמת קול"},{"$i":"menu-save-to-music-library","$v":"שמור לספריית המוזיקה"},{"$i":"menu-select-multiple","$v":"בחר כמה"},{"$i":"number-selected","$v":{"few":[{"t":"idOrVar","v":"number"}," נבחרו"],"many":[{"t":"idOrVar","v":"number"}," נבחרו"],"one":[{"t":"idOrVar","v":"number"}," נבחרו"],"other":[{"t":"idOrVar","v":"number"}," נבחרו"],"two":[{"t":"idOrVar","v":"number"}," נבחרו"],"zero":[{"t":"idOrVar","v":"number"}," נבחרו"]},"$x":[{"t":"idOrVar","v":"plural"},"number"]},{"$i":"title-audio-list","$v":"מקליט אודיו"},{"$i":"title-rename","$v":"שנה שם"},{"$i":"title-settings","$v":"הגדרות"},{"$i":"title-save-confirmation","$v":"אישור"},{"$i":"title-delete-confirmation","$v":"אישור"},{"$i":"title-recording-bitrate","$v":"קצב הקלטה"},{"$i":"title-pick-audio-list","$v":"בחר רשמקול"},{"$i":"dialog-delete-audio-file","$v":"למחוק את קובץ השמע שנבחר?"},{"$i":"dialog-save-audio-recording","$v":"לשמור את הקלטת השמע?"},{"$i":"dialog-delete-select-audio","$v":{"few":["למחוק ",{"t":"idOrVar","v":"number"}," הקלטות?"],"many":["למחוק ",{"t":"idOrVar","v":"number"}," הקלטות?"],"one":"למחוק הקלטות שנבחרו?","other":["למחוק ",{"t":"idOrVar","v":"number"}," הקלטות?"],"two":["למחוק ",{"t":"idOrVar","v":"number"}," הקלטות?"]},"$x":[{"t":"idOrVar","v":"plural"},"number"]},{"$i":"settings-bitrate-8k","$v":"8K (גודל קטן יותר)"},{"$i":"settings-bitrate-44k","$v":"44K (גודל גדול יותר)"},{"$i":"settings-bitrate-err","$v":"שגיאת הגדרה"},{"$i":"audio-recorder-is-empty","$v":"מקליט אודיו ריק."},{"$i":"audio-pick-is-empty","$v":"מקליט האודיו ריק."},{"$i":"input-title-enter-new-name","$v":"הזן שם חדש"},{"$i":"new-recording","$v":"הקלטה חדשה"},{"$i":"save-input","placeholder":"הקלטה חדשה"},{"$i":"save-audio-input","$v":"שם"},{"$i":"audio-player-state","$v":"מנגן..."},{"$i":"audio-player-state-pause","$v":""},{"$i":"audio-recorder-loading","$v":"סורק למציאת הקלטות אודיו..."},{"$i":"unsupport-file-name","$v":{"$o":"לא ניתן להשתמש בשם שמכיל תווים שאינם נתמכים: \\/:*?&quot;&lt;&gt;|"}},{"$i":"import-file-error","$v":"השם כבר תפוס. בחר שם אחר."},{"$i":"import-file-exist","$v":"קובץ בשם זהה קיים כבר."},{"$i":"state_storage_no_memory_card","$v":"כרטיס זיכרון לא נמצא. הכנס כרטיס זיכרון."},{"$i":"state_storage_full","$v":"האחסון מלא"},{"$i":"state_storage_full_sdcard","$v":"כרטיס ה-SD מלא."},{"$i":"state_storage_full_content_new","$v":"לא ניתן להקליט. מחק קובצי מדיה כדי לפנות שטח אחסון."},{"$i":"state_storage_full_content_new_sdcard","$v":"לא ניתן להקליט. מחק קבצים בכרטיס ה-SD כדי לפנות שטח אחסון."},{"$i":"state_storage_full_content_record","$v":"לא ניתן להקליט. באפשרותך לשמור את הקובץ המוקלט ולמחוק קובצי מדיה כדי לפנות שטח אחסון."},{"$i":"state_storage_full_content_record_sdcard","$v":"לא ניתן להקליט. באפשרותך לשמור את הקובץ המוקלט ולמחוק קבצים בכרטיס ה-SD כדי לפנות שטח אחסון."},{"$i":"state_storage_full_content_save","$v":"לא ניתן לשמור את הקובץ. מחק קובצי מדיה כדי לפנות מקום."},{"$i":"state_storage_full_content_save_sdcard","$v":"לא ניתן לשמור את הקובץ. מחק קבצים בכרטיס ה-SD כדי לפנות מקום."},{"$i":"state_storage_in_use","$v":"האחסון נמצא בשימוש כרגע. נתק את הטלפון."},{"$i":"options","$v":"אפשרויות"},{"$i":"cancel","$v":"ביטול"},{"$i":"delete","$v":"מחיקה"},{"$i":"save","$v":"שמירה"},{"$i":"ok","$v":"אישור"},{"$i":"back","$v":"הקודם"},{"$i":"select","$v":"בחר"},{"$i":"deselect","$v":"בטל בחירה"},{"$i":"rename-same-name","$v":"השם לא השתנה"},{"$i":"weekday-0-long","$v":"ראשון"},{"$i":"weekday-1-long","$v":"שני"},{"$i":"weekday-2-long","$v":"שלישי"},{"$i":"weekday-3-long","$v":"רביעי"},{"$i":"weekday-4-long","$v":"חמישי"},{"$i":"weekday-5-long","$v":"שישי"},{"$i":"weekday-6-long","$v":"שבת"},{"$i":"weekday-0-short","$v":"א'"},{"$i":"weekday-1-short","$v":"ב'"},{"$i":"weekday-2-short","$v":"ג'"},{"$i":"weekday-3-short","$v":"ד'"},{"$i":"weekday-4-short","$v":"ה'"},{"$i":"weekday-5-short","$v":"ו'"},{"$i":"weekday-6-short","$v":"ש'"},{"$i":"month-0-long","$v":"ינואר"},{"$i":"month-1-long","$v":"פברואר"},{"$i":"month-2-long","$v":"מרץ"},{"$i":"month-3-long","$v":"אפריל"},{"$i":"month-4-long","$v":"מאי"},{"$i":"month-5-long","$v":"יוני"},{"$i":"month-6-long","$v":"יולי"},{"$i":"month-7-long","$v":"אוגוסט"},{"$i":"month-8-long","$v":"ספטמבר"},{"$i":"month-9-long","$v":"אוקטובר"},{"$i":"month-10-long","$v":"נובמבר"},{"$i":"month-11-long","$v":"דצמבר"},{"$i":"month-0-genitive","$v":"ינואר"},{"$i":"month-1-genitive","$v":"פברואר"},{"$i":"month-2-genitive","$v":"מרץ"},{"$i":"month-3-genitive","$v":"אפריל"},{"$i":"month-4-genitive","$v":"מאי"},{"$i":"month-5-genitive","$v":"יוני"},{"$i":"month-6-genitive","$v":"יולי"},{"$i":"month-7-genitive","$v":"אוגוסט"},{"$i":"month-8-genitive","$v":"ספטמבר"},{"$i":"month-9-genitive","$v":"אוקטובר"},{"$i":"month-10-genitive","$v":"נובמבר"},{"$i":"month-11-genitive","$v":"דצמבר"},{"$i":"month-0-short","$v":"ינו"},{"$i":"month-1-short","$v":"פבר"},{"$i":"month-2-short","$v":"מרץ"},{"$i":"month-3-short","$v":"אפר"},{"$i":"month-4-short","$v":"מאי"},{"$i":"month-5-short","$v":"יונ"},{"$i":"month-6-short","$v":"יול"},{"$i":"month-7-short","$v":"אוג"},{"$i":"month-8-short","$v":"ספט"},{"$i":"month-9-short","$v":"אוק"},{"$i":"month-10-short","$v":"נוב"},{"$i":"month-11-short","$v":"דצמ"},{"$i":"minutes-ago-long","$v":{"few":["לפני ",{"t":"idOrVar","v":"value"}," דקות"],"many":["לפני ",{"t":"idOrVar","v":"value"}," דקות"],"one":"לפני דקה","other":["לפני ",{"t":"idOrVar","v":"value"}," דקות"],"two":["לפני ",{"t":"idOrVar","v":"value"}," דקות"],"zero":"בדיוק כעת"},"$x":[{"t":"idOrVar","v":"plural"},"value"]},{"$i":"hours-ago-long","$v":{"few":["לפני ",{"t":"idOrVar","v":"value"}," שעות"],"many":["לפני ",{"t":"idOrVar","v":"value"}," שעות"],"one":"לפני שעה","other":["לפני ",{"t":"idOrVar","v":"value"}," שעות"],"two":["לפני ",{"t":"idOrVar","v":"value"}," שעות"],"zero":"בדיוק כעת"},"$x":[{"t":"idOrVar","v":"plural"},"value"]},{"$i":"days-ago-long","$v":{"few":["לפני ",{"t":"idOrVar","v":"value"}," ימים"],"many":["לפני ",{"t":"idOrVar","v":"value"}," ימים"],"one":"אתמול","other":["לפני ",{"t":"idOrVar","v":"value"}," ימים"],"two":["לפני ",{"t":"idOrVar","v":"value"}," ימים"],"zero":"היום"},"$x":[{"t":"idOrVar","v":"plural"},"value"]},{"$i":"weeks-ago-long","$v":{"few":["לפני ",{"t":"idOrVar","v":"value"}," שבועות"],"many":["לפני ",{"t":"idOrVar","v":"value"}," שבועות"],"one":"השבוע שעבר","other":["לפני ",{"t":"idOrVar","v":"value"}," שבועות"],"two":["לפני ",{"t":"idOrVar","v":"value"}," שבועות"],"zero":"השבוע"},"$x":[{"t":"idOrVar","v":"plural"},"value"]},{"$i":"months-ago-long","$v":{"few":["לפני ",{"t":"idOrVar","v":"value"}," חודשים"],"many":["לפני ",{"t":"idOrVar","v":"value"}," חודשים"],"one":"חודש האחרון","other":["לפני ",{"t":"idOrVar","v":"value"}," חודשים"],"two":["לפני ",{"t":"idOrVar","v":"value"}," חודשים"],"zero":"החודש"},"$x":[{"t":"idOrVar","v":"plural"},"value"]},{"$i":"years-ago-long","$v":{"few":["לפני ",{"t":"idOrVar","v":"value"}," שנים"],"many":["לפני ",{"t":"idOrVar","v":"value"}," שנים"],"one":"השנה שעברה","other":["לפני ",{"t":"idOrVar","v":"value"}," שנים"],"two":["לפני ",{"t":"idOrVar","v":"value"}," שנים"],"zero":"השנה"},"$x":[{"t":"idOrVar","v":"plural"},"value"]},{"$i":"minutes-until-long","$v":{"few":["בתוך ",{"t":"idOrVar","v":"value"}," דקות"],"many":["בתוך ",{"t":"idOrVar","v":"value"}," דקות"],"one":"בתוך דקה","other":["בתוך ",{"t":"idOrVar","v":"value"}," דקות"],"two":["בתוך ",{"t":"idOrVar","v":"value"}," דקות"],"zero":"כעת"},"$x":[{"t":"idOrVar","v":"plural"},"value"]},{"$i":"hours-until-long","$v":{"few":["בתוך ",{"t":"idOrVar","v":"value"}," שעות"],"many":["בתוך ",{"t":"idOrVar","v":"value"}," שעות"],"one":"בתוך שעה","other":["בתוך ",{"t":"idOrVar","v":"value"}," שעות"],"two":["בתוך ",{"t":"idOrVar","v":"value"}," שעות"],"zero":"כעת"},"$x":[{"t":"idOrVar","v":"plural"},"value"]},{"$i":"days-until-long","$v":{"few":["בתוך ",{"t":"idOrVar","v":"value"}," ימים"],"many":["בתוך ",{"t":"idOrVar","v":"value"}," ימים"],"one":"מחר","other":["בתוך ",{"t":"idOrVar","v":"value"}," ימים"],"two":["בתוך ",{"t":"idOrVar","v":"value"}," ימים"],"zero":"היום"},"$x":[{"t":"idOrVar","v":"plural"},"value"]},{"$i":"weeks-until-long","$v":{"few":["בתוך ",{"t":"idOrVar","v":"value"}," שבועות"],"many":["בתוך ",{"t":"idOrVar","v":"value"}," שבועות"],"one":"השבוע הבא","other":["בתוך ",{"t":"idOrVar","v":"value"}," שבועות"],"two":["בתוך ",{"t":"idOrVar","v":"value"}," שבועות"],"zero":"השבוע"},"$x":[{"t":"idOrVar","v":"plural"},"value"]},{"$i":"months-until-long","$v":{"few":["בתוך ",{"t":"idOrVar","v":"value"}," חודשים"],"many":["בתוך ",{"t":"idOrVar","v":"value"}," חודשים"],"one":"החודש הבא","other":["בתוך ",{"t":"idOrVar","v":"value"}," חודשים"],"two":["בתוך ",{"t":"idOrVar","v":"value"}," חודשים"],"zero":"החודש"},"$x":[{"t":"idOrVar","v":"plural"},"value"]},{"$i":"years-until-long","$v":{"few":["בתוך ",{"t":"idOrVar","v":"value"}," שנים"],"many":["בתוך ",{"t":"idOrVar","v":"value"}," שנים"],"one":"השנה הבאה","other":["בתוך ",{"t":"idOrVar","v":"value"}," שנים"],"two":["בתוך ",{"t":"idOrVar","v":"value"}," שנים"],"zero":"השנה"},"$x":[{"t":"idOrVar","v":"plural"},"value"]},{"$i":"minutes-ago-short","$v":{"other":[{"t":"idOrVar","v":"value"}," דק' לפני"],"zero":"בדיוק כעת"},"$x":[{"t":"idOrVar","v":"plural"},"value"]},{"$i":"hours-ago-short","$v":{"other":[{"t":"idOrVar","v":"value"}," שע' לפני"],"zero":"בדיוק כעת"},"$x":[{"t":"idOrVar","v":"plural"},"value"]},{"$i":"days-ago-short","$v":{"other":[{"t":"idOrVar","v":"value"}," ימים לפני"],"zero":"היום"},"$x":[{"t":"idOrVar","v":"plural"},"value"]},{"$i":"minutes-until-short","$v":{"other":["בתוך ",{"t":"idOrVar","v":"value"},"דקות"],"zero":"כעת"},"$x":[{"t":"idOrVar","v":"plural"},"value"]},{"$i":"hours-until-short","$v":{"other":["בתוך ",{"t":"idOrVar","v":"value"},"שעות"],"zero":"כעת"},"$x":[{"t":"idOrVar","v":"plural"},"value"]},{"$i":"days-until-short","$v":{"other":["בתוך ",{"t":"idOrVar","v":"value"},"ימים"],"zero":"היום"},"$x":[{"t":"idOrVar","v":"plural"},"value"]},{"$i":"incorrectDate","$v":"(תאריך שגוי)"},{"$i":"dateTimeFormat_%c","$v":"%a %b %e %Y %I:%M:%S %p"},{"$i":"dateTimeFormat_%x","$v":"%m/%d/%Y"},{"$i":"dateTimeFormat_%X","$v":"%I:%M:%S %p"},{"$i":"shortTimeFormat","$v":"%I:%M %p"},{"$i":"shortTimeFormat12","$v":"%I:%M %p"},{"$i":"shortTimeFormat24","$v":"%H:%M"},{"$i":"shortDateTimeFormat","$v":"%x %I:%M %p"},{"$i":"weekStartsOnMonday","$v":"0.0"},{"$i":"firstDayOfTheWeek","$v":"0.0"},{"$i":"time_am","$v":"בבוקר"},{"$i":"time_pm","$v":"אחר הצהריים"}]