[{"$i":"toast-audio-save","$v":"Գրառումը պահվեց"},{"$i":"toast-audio-discarded","$v":"Գրառումը մերժված է:"},{"$i":"toast-save-rate","$v":"Փոփոխությունները պահվեցին:"},{"$i":"toast-audio-deleted","$v":"Գրառումը ջնջվեց"},{"$i":"toast-audio-files-deleted","$v":"Աուդիո ֆայլերը ջնջվել են:"},{"$i":"toast-audio-rename-ok","$v":"Անունը փոխվեց:"},{"$i":"toast-audio-rename-failed","$v":"Վերանվանումը չհջղվց:"},{"$i":"toast-music-library-save","$v":[{"t":"idOrVar","v":"name"}," Ձայնագրված երաժշտական գրադարան"]},{"$i":"toast-audio-import-save","$v":[{"t":"idOrVar","v":"name"}," պահվեց Ձայնագրիչում։"]},{"$i":"toast-audio-save-failed","$v":"Պահվածը ձախողվեց:"},{"$i":"soft-key-new","$v":"Նոր"},{"$i":"soft-key-option","$v":"Ընտրանք"},{"$i":"soft-key-play","$v":"Նվագարկել"},{"$i":"soft-key-ok","$v":"Լավ"},{"$i":"soft-key-options","$v":"Ընտրանքներ"},{"$i":"soft-key-back","$v":"Հետ"},{"$i":"soft-key-pause","$v":"Դադարեցնել"},{"$i":"soft-key-cancel","$v":"Չեղարկել"},{"$i":"soft-key-delete","$v":"Ջնջել"},{"$i":"soft-key-done","$v":"Արված է"},{"$i":"soft-key-save","$v":"Պահել"},{"$i":"soft-key-discard","$v":"Հրաժարվել"},{"$i":"soft-key-all","$v":"Բոլորը"},{"$i":"soft-key-deselect","$v":"Ապընտրել"},{"$i":"soft-key-none","$v":"Ոչ մի"},{"$i":"menu-header","$v":"Ընտրանքներ"},{"$i":"menu-delete","$v":"Ջնջել"},{"$i":"menu-share","$v":"Համօգտագործել"},{"$i":"menu-rename","$v":"Վերանվանել"},{"$i":"menu-save-as-ringtone","$v":"Պհլ որպս զնգի հնչերնգ"},{"$i":"menu-settings","$v":"Պարամետրեր"},{"$i":"menu-volume","$v":"Ձայն"},{"$i":"menu-save-to-music-library","$v":"Պահել երաժշտադարանում"},{"$i":"menu-select-multiple","$v":"Ընտրել բազմակի"},{"$i":"number-selected","$v":{"few":["Ընտրվեցին ",{"t":"idOrVar","v":"number"}],"many":["Ընտրվեցին ",{"t":"idOrVar","v":"number"}],"one":["Ընտրվեցին ",{"t":"idOrVar","v":"number"}],"other":["Ընտրվեցին ",{"t":"idOrVar","v":"number"}],"two":["Ընտրվեցին ",{"t":"idOrVar","v":"number"}],"zero":["Ընտրվեցին ",{"t":"idOrVar","v":"number"}]},"$x":[{"t":"idOrVar","v":"plural"},"number"]},{"$i":"title-audio-list","$v":"Ձայնի ձայնագրիչ"},{"$i":"title-rename","$v":"Վերանվանել"},{"$i":"title-settings","$v":"Պարամետրեր"},{"$i":"title-save-confirmation","$v":"Հաստատում"},{"$i":"title-delete-confirmation","$v":"Հաստատում"},{"$i":"title-recording-bitrate","$v":"Գրառման գնհտկ"},{"$i":"title-pick-audio-list","$v":"Ընտրեք ձայնագրիչը"},{"$i":"dialog-delete-audio-file","$v":"Ջնջե՞լ ընտրված աուդիո ֆայլը:"},{"$i":"dialog-save-audio-recording","$v":"Պահե՞լ ձայնային ձայնագրությունը:"},{"$i":"dialog-delete-select-audio","$v":{"few":["Delete ",{"t":"idOrVar","v":"number"}," recordings?"],"many":["Delete ",{"t":"idOrVar","v":"number"}," recordings?"],"one":"Delete selected recording?","other":["Delete ",{"t":"idOrVar","v":"number"}," recordings?"],"two":["Delete ",{"t":"idOrVar","v":"number"}," recordings?"]},"$x":[{"t":"idOrVar","v":"plural"},"number"]},{"$i":"settings-bitrate-8k","$v":"8 Կ (Ավելի փոքր չափ)"},{"$i":"settings-bitrate-44k","$v":"44 Կ (Ավելի մեծ չափ)"},{"$i":"settings-bitrate-err","$v":"Պարամետրի սխալ"},{"$i":"audio-recorder-is-empty","$v":"Ձայնի ձայնագրիչը դատարկ է:"},{"$i":"audio-pick-is-empty","$v":"Ձայնի ձայնագրիչը դատարկ է։"},{"$i":"input-title-enter-new-name","$v":"Մտքգրեք նոր անուն"},{"$i":"new-recording","$v":"Նոր ձայնագրում"},{"$i":"save-input","placeholder":"Նոր ձայնագրում"},{"$i":"save-audio-input","$v":"Անուն"},{"$i":"audio-player-state","$v":"Նվագարվում է..."},{"$i":"audio-player-state-pause","$v":""},{"$i":"audio-recorder-loading","$v":"Սկնվրվմ է ձյնի ձյնգրչն հմր..."},{"$i":"unsupport-file-name","$v":{"$o":"Հնարավոր չէ օգտագործել \\/:*?&quot;&lt;&gt;| չաջակցվող նիշքերով անուն"}},{"$i":"import-file-error","$v":"Անունն արդեն զբաղված է։ Ընտրեք մեկ այլ անուն"},{"$i":"import-file-exist","$v":"Նույն անունով նիշք արդեն գոյություն ունի։"},{"$i":"state_storage_no_memory_card","$v":"Հիշաքարտ չի հայտնաբերվել: Տեղադրեք հիշաքարտ:"},{"$i":"state_storage_full","$v":"Պահոցը լիքն է"},{"$i":"state_storage_full_sdcard","$v":"SD քարտը լիքն է։"},{"$i":"state_storage_full_content_new","$v":"Չհաջողվեց ձայնագրել: Ջնջեք մեդիա ֆայլերը՝ տարածք ազատելու համար:"},{"$i":"state_storage_full_content_new_sdcard","$v":"Չհաջողվեց ձայնագրել: Ջնջեք SD քարտի վրայի ֆայլերը՝ տարածք ազատելու համար:"},{"$i":"state_storage_full_content_record","$v":"Չհաջողվեց ձայնագրել: Դուք կարող եք պահել արդեն ձայնագրված ֆայլը և ջնջել մեդիա ֆայլերը՝ տարածք ազատելու համար:"},{"$i":"state_storage_full_content_record_sdcard","$v":"Չհաջողվեց ձայնագրել: Դուք կարող եք պահել արդեն ձայնագրված ֆայլը և ջնջել SD քարտի վրայի ֆայլերը՝ տարածք ազատելու համար:"},{"$i":"state_storage_full_content_save","$v":"Չհաջողվեց պահել նիշքը։ Ջնջեք մեդիա նիշքերը՝ տարածք ազատելու համար։"},{"$i":"state_storage_full_content_save_sdcard","$v":"Չհաջողվեց պահել նիշքը։ Ջնջեք SD քարտի նիշքերը՝ տարածք ազատելու համար։"},{"$i":"state_storage_in_use","$v":"Պահոցն այժմ օգտագործվում է: Անջատեք հեռախոսը հոսանքից:"},{"$i":"options","$v":"Ընտրանքներ"},{"$i":"cancel","$v":"Չեղարկել"},{"$i":"delete","$v":"Ջնջել"},{"$i":"save","$v":"Պահել"},{"$i":"ok","$v":"OK"},{"$i":"back","$v":"Հետ"},{"$i":"select","$v":"Ընտրել"},{"$i":"deselect","$v":"Ապընտրել"},{"$i":"rename-same-name","$v":"Անունը չփոխվեց:"},{"$i":"weekday-0-long","$v":"Կիրակի"},{"$i":"weekday-1-long","$v":"Երկուշաբթի"},{"$i":"weekday-2-long","$v":"Երեքշաբթի"},{"$i":"weekday-3-long","$v":"Չորեքշաբթի"},{"$i":"weekday-4-long","$v":"Հինգշաբթի"},{"$i":"weekday-5-long","$v":"Ուրբաթ"},{"$i":"weekday-6-long","$v":"Շաբաթ"},{"$i":"weekday-0-short","$v":"Կիր"},{"$i":"weekday-1-short","$v":"Երկ"},{"$i":"weekday-2-short","$v":"Երք"},{"$i":"weekday-3-short","$v":"Չրք"},{"$i":"weekday-4-short","$v":"Հնգ"},{"$i":"weekday-5-short","$v":"Ուրբ"},{"$i":"weekday-6-short","$v":"Շբթ"},{"$i":"month-0-long","$v":"Հունվար"},{"$i":"month-1-long","$v":"Փետրվար"},{"$i":"month-2-long","$v":"Մարտ"},{"$i":"month-3-long","$v":"Ապրիլ"},{"$i":"month-4-long","$v":"Մյս"},{"$i":"month-5-long","$v":"Հունիս"},{"$i":"month-6-long","$v":"Հուլիս"},{"$i":"month-7-long","$v":"Օգոստոս"},{"$i":"month-8-long","$v":"Սեպտեմբեր"},{"$i":"month-9-long","$v":"Հոկտեմբեր"},{"$i":"month-10-long","$v":"Նոյեմբեր"},{"$i":"month-11-long","$v":"Դեկտեմբեր"},{"$i":"month-0-genitive","$v":"Հունվար"},{"$i":"month-1-genitive","$v":"Փետրվար"},{"$i":"month-2-genitive","$v":"Մարտ"},{"$i":"month-3-genitive","$v":"Ապրիլ"},{"$i":"month-4-genitive","$v":"Մյս"},{"$i":"month-5-genitive","$v":"Հունիս"},{"$i":"month-6-genitive","$v":"Հուլիս"},{"$i":"month-7-genitive","$v":"Օգոստոս"},{"$i":"month-8-genitive","$v":"Սեպտեմբեր"},{"$i":"month-9-genitive","$v":"Հոկտեմբեր"},{"$i":"month-10-genitive","$v":"Նոյեմբեր"},{"$i":"month-11-genitive","$v":"Դեկտեմբեր"},{"$i":"month-0-short","$v":"Հունվ"},{"$i":"month-1-short","$v":"Փետ"},{"$i":"month-2-short","$v":"Մրտ"},{"$i":"month-3-short","$v":"Ապլ"},{"$i":"month-4-short","$v":"Մյս"},{"$i":"month-5-short","$v":"Հուն"},{"$i":"month-6-short","$v":"Հուլ"},{"$i":"month-7-short","$v":"Օգս"},{"$i":"month-8-short","$v":"Սպտ"},{"$i":"month-9-short","$v":"Հոկտ"},{"$i":"month-10-short","$v":"Նոյ"},{"$i":"month-11-short","$v":"Դեկ"},{"$i":"minutes-ago-long","$v":{"few":[{"t":"idOrVar","v":"value"}," րոպե առաջ"],"many":[{"t":"idOrVar","v":"value"}," րոպե առաջ"],"one":"րոպե առաջ","other":[{"t":"idOrVar","v":"value"}," րոպե առաջ"],"two":[{"t":"idOrVar","v":"value"}," րոպե առաջ"],"zero":"հենց նոր"},"$x":[{"t":"idOrVar","v":"plural"},"value"]},{"$i":"hours-ago-long","$v":{"few":[{"t":"idOrVar","v":"value"}," ժամ առաջ"],"many":[{"t":"idOrVar","v":"value"}," ժամ առաջ"],"one":"մեկ ժամ առաջ","other":[{"t":"idOrVar","v":"value"}," ժամ առաջ"],"two":[{"t":"idOrVar","v":"value"}," ժամ առաջ"],"zero":"հենց նոր"},"$x":[{"t":"idOrVar","v":"plural"},"value"]},{"$i":"days-ago-long","$v":{"few":[{"t":"idOrVar","v":"value"}," օր առաջ"],"many":[{"t":"idOrVar","v":"value"}," օր առաջ"],"one":"երեկ","other":[{"t":"idOrVar","v":"value"}," օր առաջ"],"two":[{"t":"idOrVar","v":"value"}," օր առաջ"],"zero":"այսօր"},"$x":[{"t":"idOrVar","v":"plural"},"value"]},{"$i":"weeks-ago-long","$v":{"few":[{"t":"idOrVar","v":"value"}," շաբաթ առաջ"],"many":[{"t":"idOrVar","v":"value"}," շաբաթ առաջ"],"one":"անցյալ շաբաթ","other":[{"t":"idOrVar","v":"value"}," շաբաթ առաջ"],"two":[{"t":"idOrVar","v":"value"}," շաբաթ առաջ"],"zero":"այս շաբաթ"},"$x":[{"t":"idOrVar","v":"plural"},"value"]},{"$i":"months-ago-long","$v":{"few":[{"t":"idOrVar","v":"value"}," ամիս առաջ"],"many":[{"t":"idOrVar","v":"value"}," ամիս առաջ"],"one":"անցած ամիս","other":[{"t":"idOrVar","v":"value"}," ամիս առաջ"],"two":[{"t":"idOrVar","v":"value"}," ամիս առաջ"],"zero":"այս ամիս"},"$x":[{"t":"idOrVar","v":"plural"},"value"]},{"$i":"years-ago-long","$v":{"few":[{"t":"idOrVar","v":"value"}," տարի առաջ"],"many":[{"t":"idOrVar","v":"value"}," տարի առաջ"],"one":"անցյալ տարի","other":[{"t":"idOrVar","v":"value"}," տարի առաջ"],"two":[{"t":"idOrVar","v":"value"}," տարի առաջ"],"zero":"այս տարի"},"$x":[{"t":"idOrVar","v":"plural"},"value"]},{"$i":"minutes-until-long","$v":{"few":[{"t":"idOrVar","v":"value"}," րոպեից"],"many":[{"t":"idOrVar","v":"value"}," րոպեից"],"one":"մեկ րոպեից","other":[{"t":"idOrVar","v":"value"}," րոպեից"],"two":[{"t":"idOrVar","v":"value"}," րոպեից"],"zero":"հիմա"},"$x":[{"t":"idOrVar","v":"plural"},"value"]},{"$i":"hours-until-long","$v":{"few":[{"t":"idOrVar","v":"value"}," ժամից"],"many":[{"t":"idOrVar","v":"value"}," ժամից"],"one":"մեկ ժամից","other":[{"t":"idOrVar","v":"value"}," ժամից"],"two":[{"t":"idOrVar","v":"value"}," ժամից"],"zero":"հիմա"},"$x":[{"t":"idOrVar","v":"plural"},"value"]},{"$i":"days-until-long","$v":{"few":[{"t":"idOrVar","v":"value"}," օրից"],"many":[{"t":"idOrVar","v":"value"}," օրից"],"one":"վաղը","other":[{"t":"idOrVar","v":"value"}," օրից"],"two":[{"t":"idOrVar","v":"value"}," օրից"],"zero":"այսօր"},"$x":[{"t":"idOrVar","v":"plural"},"value"]},{"$i":"weeks-until-long","$v":{"few":[{"t":"idOrVar","v":"value"}," շաբաթից"],"many":[{"t":"idOrVar","v":"value"}," շաբաթից"],"one":"հաջորդ շաբաթ","other":[{"t":"idOrVar","v":"value"}," շաբաթից"],"two":[{"t":"idOrVar","v":"value"}," շաբաթից"],"zero":"այս շաբաթ"},"$x":[{"t":"idOrVar","v":"plural"},"value"]},{"$i":"months-until-long","$v":{"few":[{"t":"idOrVar","v":"value"}," ամսից"],"many":[{"t":"idOrVar","v":"value"}," ամսից"],"one":"հաջորդ ամիս","other":[{"t":"idOrVar","v":"value"}," ամսից"],"two":[{"t":"idOrVar","v":"value"}," ամսից"],"zero":"այս ամիս"},"$x":[{"t":"idOrVar","v":"plural"},"value"]},{"$i":"years-until-long","$v":{"few":[{"t":"idOrVar","v":"value"}," տարուց"],"many":[{"t":"idOrVar","v":"value"}," տարուց"],"one":"հաջորդ տարի","other":[{"t":"idOrVar","v":"value"}," տարուց"],"two":[{"t":"idOrVar","v":"value"}," տարուց"],"zero":"այս տարի"},"$x":[{"t":"idOrVar","v":"plural"},"value"]},{"$i":"minutes-ago-short","$v":{"other":[{"t":"idOrVar","v":"value"}," ր առաջ"],"zero":"հենց նոր"},"$x":[{"t":"idOrVar","v":"plural"},"value"]},{"$i":"hours-ago-short","$v":{"other":[{"t":"idOrVar","v":"value"}," ժ առաջ"],"zero":"հենց նոր"},"$x":[{"t":"idOrVar","v":"plural"},"value"]},{"$i":"days-ago-short","$v":{"other":[{"t":"idOrVar","v":"value"}," օր առաջ"],"zero":"այսօր"},"$x":[{"t":"idOrVar","v":"plural"},"value"]},{"$i":"minutes-until-short","$v":{"other":[{"t":"idOrVar","v":"value"}," ր-ից"],"zero":"հիմա"},"$x":[{"t":"idOrVar","v":"plural"},"value"]},{"$i":"hours-until-short","$v":{"other":[{"t":"idOrVar","v":"value"}," ժ-ից"],"zero":"հիմա"},"$x":[{"t":"idOrVar","v":"plural"},"value"]},{"$i":"days-until-short","$v":{"other":[{"t":"idOrVar","v":"value"}," օրից"],"zero":"այսօր"},"$x":[{"t":"idOrVar","v":"plural"},"value"]},{"$i":"incorrectDate","$v":"(սխալ ամսաթիվ)"},{"$i":"dateTimeFormat_%c","$v":"%a %b %e %Y %I:%M:%S %p"},{"$i":"dateTimeFormat_%x","$v":"%m/%d/%Y"},{"$i":"dateTimeFormat_%X","$v":"%I:%M:%S %p"},{"$i":"shortTimeFormat","$v":"%I:%M %p"},{"$i":"shortTimeFormat12","$v":"%I:%M %p"},{"$i":"shortTimeFormat24","$v":"%H:%M"},{"$i":"shortDateTimeFormat","$v":"%x %I:%M %p"},{"$i":"weekStartsOnMonday","$v":"0.0"},{"$i":"firstDayOfTheWeek","$v":"1.0"},{"$i":"time_am","$v":"AM"},{"$i":"time_pm","$v":"PM"}]