[{"$i":"toast-audio-save","$v":"Rekaman disimpan"},{"$i":"toast-audio-discarded","$v":"Rekaman dibuang"},{"$i":"toast-save-rate","$v":"Perubahan disimpan."},{"$i":"toast-audio-deleted","$v":"File audio dihapus."},{"$i":"toast-audio-files-deleted","$v":"File audio dihapus."},{"$i":"toast-audio-rename-ok","$v":"Nama diubah."},{"$i":"toast-audio-rename-failed","$v":"Ubah Nama Gagal."},{"$i":"toast-music-library-save","$v":[{"t":"idOrVar","v":"name"}," Tersimpan ke perpustakaan musik"]},{"$i":"toast-audio-import-save","$v":[{"t":"idOrVar","v":"name"}," disimpan ke Perekam."]},{"$i":"toast-audio-save-failed","$v":"Gagal simpan."},{"$i":"soft-key-new","$v":"Baru"},{"$i":"soft-key-option","$v":"Opsi"},{"$i":"soft-key-play","$v":"Putar"},{"$i":"soft-key-ok","$v":"OK"},{"$i":"soft-key-options","$v":"Opsi"},{"$i":"soft-key-back","$v":"Kembali"},{"$i":"soft-key-pause","$v":"Jeda"},{"$i":"soft-key-cancel","$v":"Batal"},{"$i":"soft-key-delete","$v":"Hapus"},{"$i":"soft-key-done","$v":"Selesai"},{"$i":"soft-key-save","$v":"Simpan"},{"$i":"soft-key-discard","$v":"Buang"},{"$i":"soft-key-all","$v":"Semua"},{"$i":"soft-key-deselect","$v":"Hapus pilihan"},{"$i":"soft-key-none","$v":"Tidak ada"},{"$i":"menu-header","$v":"Opsi"},{"$i":"menu-delete","$v":"Hapus"},{"$i":"menu-share","$v":"Bagikan"},{"$i":"menu-rename","$v":"Ganti nama"},{"$i":"menu-save-as-ringtone","$v":"Simpan sebagai nada dering"},{"$i":"menu-settings","$v":"Pengaturan"},{"$i":"menu-volume","$v":"Volume"},{"$i":"menu-save-to-music-library","$v":"Simpa ke perpustakaan musik"},{"$i":"menu-select-multiple","$v":"Pilih Banyak"},{"$i":"number-selected","$v":{"few":[{"t":"idOrVar","v":"number"}," Dipilih"],"many":[{"t":"idOrVar","v":"number"}," Dipilih"],"one":[{"t":"idOrVar","v":"number"}," Dipilih"],"other":[{"t":"idOrVar","v":"number"}," Dipilih"],"two":[{"t":"idOrVar","v":"number"}," Dipilih"],"zero":[{"t":"idOrVar","v":"number"}," Dipilih"]},"$x":[{"t":"idOrVar","v":"plural"},"number"]},{"$i":"title-audio-list","$v":"Perekam"},{"$i":"title-rename","$v":"Ganti nama"},{"$i":"title-settings","$v":"Pengaturan"},{"$i":"title-save-confirmation","$v":"Konfirmasi"},{"$i":"title-delete-confirmation","$v":"Konfirmasi"},{"$i":"title-recording-bitrate","$v":"Rasio Rekaman"},{"$i":"title-pick-audio-list","$v":"Pilih Perekam"},{"$i":"dialog-delete-audio-file","$v":"Hapus file audio?"},{"$i":"dialog-save-audio-recording","$v":"Simpan rekaman suara?"},{"$i":"dialog-delete-select-audio","$v":{"few":["Hapus ",{"t":"idOrVar","v":"number"}," rekaman?"],"many":["Hapus ",{"t":"idOrVar","v":"number"}," rekaman?"],"one":"Hapus rekaman terpilih?","other":["Hapus ",{"t":"idOrVar","v":"number"}," rekaman?"],"two":["Hapus ",{"t":"idOrVar","v":"number"}," rekaman?"]},"$x":[{"t":"idOrVar","v":"plural"},"number"]},{"$i":"settings-bitrate-8k","$v":"8K (Ukuran lebih kecil)"},{"$i":"settings-bitrate-44k","$v":"44K (Ukuran lebih besar)"},{"$i":"settings-bitrate-err","$v":"Kesalahan Pengaturan"},{"$i":"audio-recorder-is-empty","$v":"Perekam audio kosong, tekan Baru untuk memulai perekaman."},{"$i":"audio-pick-is-empty","$v":"Perekam Audio kosong."},{"$i":"input-title-enter-new-name","$v":"Tulis nama baru"},{"$i":"new-recording","$v":"Rekaman Baru"},{"$i":"save-input","placeholder":"Rekaman Baru"},{"$i":"save-audio-input","$v":"Nama"},{"$i":"audio-player-state","$v":"Sedang memutar..."},{"$i":"audio-player-state-pause","$v":""},{"$i":"audio-recorder-loading","$v":"Memindai rekaman audio..."},{"$i":"unsupport-file-name","$v":{"$o":"Tidak dapat menggunakan nama yang berisi karakter yang tidak didukung: \\/:*?\"<>|"}},{"$i":"import-file-error","$v":"Nama sudah dipakai. Pilih nama lain"},{"$i":"import-file-exist","$v":"File dengan nama sama sudah ada."},{"$i":"state_storage_no_memory_card","$v":"Kartu memori tidak ditemukan. Tolong pasang kartu memori."},{"$i":"state_storage_full","$v":"Penyimpanan Telepon Penuh"},{"$i":"state_storage_full_sdcard","$v":"Kartu SD Penuh"},{"$i":"state_storage_full_content_new","$v":"Tidak dapat merekam. Hapus file media untuk membebaskan ruang."},{"$i":"state_storage_full_content_new_sdcard","$v":"Tidak dapat merekam. Hapus file dalam kartu SD untuk membebaskan ruang."},{"$i":"state_storage_full_content_record","$v":"Tidak dapat merekam. Anda dapat menyimpan file yang sudah terekam dan menghapus file media untuk membebaskan ruang."},{"$i":"state_storage_full_content_record_sdcard","$v":"Tidak dapat merekam. Anda dapat menyimpan file yang sudah terekam dan menghapus file dalam kartu SD untuk membebaskan ruang."},{"$i":"state_storage_full_content_save","$v":"Tidak dapat menyimpan file. Hapus file media untuk membebaskan ruang."},{"$i":"state_storage_full_content_save_sdcard","$v":"Tidak dapat menyimpan file. Hapus file dalam kartu SD untuk membebaskan ruang."},{"$i":"state_storage_in_use","$v":"Penyimpanan sedang digunakan. Tolong cabut ponsel."},{"$i":"options","$v":"Opsi"},{"$i":"cancel","$v":"Batal"},{"$i":"delete","$v":"Hapus"},{"$i":"save","$v":"Simpan"},{"$i":"ok","$v":"OK"},{"$i":"back","$v":"Kembali"},{"$i":"select","$v":"Pilih"},{"$i":"deselect","$v":"Hapus pilihan"},{"$i":"rename-same-name","$v":"Nama tidak diubah."},{"$i":"weekday-0-long","$v":"Minggu"},{"$i":"weekday-1-long","$v":"Senin"},{"$i":"weekday-2-long","$v":"Selasa"},{"$i":"weekday-3-long","$v":"Rabu"},{"$i":"weekday-4-long","$v":"Kamis"},{"$i":"weekday-5-long","$v":"Jumat"},{"$i":"weekday-6-long","$v":"Sabtu"},{"$i":"weekday-0-short","$v":"Min"},{"$i":"weekday-1-short","$v":"Sen"},{"$i":"weekday-2-short","$v":"Sel"},{"$i":"weekday-3-short","$v":"Rab"},{"$i":"weekday-4-short","$v":"Kam"},{"$i":"weekday-5-short","$v":"Jum"},{"$i":"weekday-6-short","$v":"Sab"},{"$i":"month-0-long","$v":"Januari"},{"$i":"month-1-long","$v":"Februari"},{"$i":"month-2-long","$v":"Maret"},{"$i":"month-3-long","$v":"April"},{"$i":"month-4-long","$v":"Mei"},{"$i":"month-5-long","$v":"Juni"},{"$i":"month-6-long","$v":"Juli"},{"$i":"month-7-long","$v":"Agustus"},{"$i":"month-8-long","$v":"September"},{"$i":"month-9-long","$v":"Oktober"},{"$i":"month-10-long","$v":"November"},{"$i":"month-11-long","$v":"Desember"},{"$i":"month-0-genitive","$v":"Januari"},{"$i":"month-1-genitive","$v":"Februari"},{"$i":"month-2-genitive","$v":"Maret"},{"$i":"month-3-genitive","$v":"April"},{"$i":"month-4-genitive","$v":"Mei"},{"$i":"month-5-genitive","$v":"Juni"},{"$i":"month-6-genitive","$v":"Juli"},{"$i":"month-7-genitive","$v":"Agustus"},{"$i":"month-8-genitive","$v":"September"},{"$i":"month-9-genitive","$v":"Oktober"},{"$i":"month-10-genitive","$v":"November"},{"$i":"month-11-genitive","$v":"Desember"},{"$i":"month-0-short","$v":"Jan"},{"$i":"month-1-short","$v":"Feb"},{"$i":"month-2-short","$v":"Mar"},{"$i":"month-3-short","$v":"Apr"},{"$i":"month-4-short","$v":"Mei"},{"$i":"month-5-short","$v":"Jun"},{"$i":"month-6-short","$v":"Jul"},{"$i":"month-7-short","$v":"Agt"},{"$i":"month-8-short","$v":"Sep"},{"$i":"month-9-short","$v":"Okt"},{"$i":"month-10-short","$v":"Nov"},{"$i":"month-11-short","$v":"Des"},{"$i":"minutes-ago-long","$v":{"few":[{"t":"idOrVar","v":"value"}," menit yang lalu"],"many":[{"t":"idOrVar","v":"value"}," menit yang lalu"],"one":"semenit yang lalu","other":[{"t":"idOrVar","v":"value"}," menit yang lalu"],"two":[{"t":"idOrVar","v":"value"}," menit yang lalu"],"zero":"baru saja"},"$x":[{"t":"idOrVar","v":"plural"},"value"]},{"$i":"hours-ago-long","$v":{"few":[{"t":"idOrVar","v":"value"}," jam yang lalu"],"many":[{"t":"idOrVar","v":"value"}," jam yang lalu"],"one":"sejam yang lalu","other":[{"t":"idOrVar","v":"value"}," jam yang lalu"],"two":[{"t":"idOrVar","v":"value"}," jam yang lalu"],"zero":"baru saja"},"$x":[{"t":"idOrVar","v":"plural"},"value"]},{"$i":"days-ago-long","$v":{"few":[{"t":"idOrVar","v":"value"}," hari yang lalu"],"many":[{"t":"idOrVar","v":"value"}," hari yang lalu"],"one":"kemarin","other":[{"t":"idOrVar","v":"value"}," hari yang lalu"],"two":[{"t":"idOrVar","v":"value"}," hari yang lalu"],"zero":"hari ini"},"$x":[{"t":"idOrVar","v":"plural"},"value"]},{"$i":"weeks-ago-long","$v":{"few":[{"t":"idOrVar","v":"value"}," pekan yang lalu"],"many":[{"t":"idOrVar","v":"value"}," pekan yang lalu"],"one":"pekan lalu","other":[{"t":"idOrVar","v":"value"}," pekan yang lalu"],"two":[{"t":"idOrVar","v":"value"}," pekan yang lalu"],"zero":"pekan ini"},"$x":[{"t":"idOrVar","v":"plural"},"value"]},{"$i":"months-ago-long","$v":{"few":[{"t":"idOrVar","v":"value"}," bulan yang lalu"],"many":[{"t":"idOrVar","v":"value"}," bulan yang lalu"],"one":"bulan lalu","other":[{"t":"idOrVar","v":"value"}," bulan yang lalu"],"two":[{"t":"idOrVar","v":"value"}," bulan yang lalu"],"zero":"bulan ini"},"$x":[{"t":"idOrVar","v":"plural"},"value"]},{"$i":"years-ago-long","$v":{"few":[{"t":"idOrVar","v":"value"}," tahun yang lalu"],"many":[{"t":"idOrVar","v":"value"}," tahun yang lalu"],"one":"tahun lalu","other":[{"t":"idOrVar","v":"value"}," tahun yang lalu"],"two":[{"t":"idOrVar","v":"value"}," tahun yang lalu"],"zero":"tahun ini"},"$x":[{"t":"idOrVar","v":"plural"},"value"]},{"$i":"minutes-until-long","$v":{"few":["dalam ",{"t":"idOrVar","v":"value"}," menit"],"many":["dalam ",{"t":"idOrVar","v":"value"}," menit"],"one":"dalam satu menit","other":["dalam ",{"t":"idOrVar","v":"value"}," menit"],"two":["dalam ",{"t":"idOrVar","v":"value"}," menit"],"zero":"sekarang"},"$x":[{"t":"idOrVar","v":"plural"},"value"]},{"$i":"hours-until-long","$v":{"few":["dalam ",{"t":"idOrVar","v":"value"}," jam"],"many":["dalam ",{"t":"idOrVar","v":"value"}," jam"],"one":"dalam satu jam","other":["dalam ",{"t":"idOrVar","v":"value"}," jam"],"two":["dalam ",{"t":"idOrVar","v":"value"}," jam"],"zero":"sekarang"},"$x":[{"t":"idOrVar","v":"plural"},"value"]},{"$i":"days-until-long","$v":{"few":["dalam ",{"t":"idOrVar","v":"value"}," hari"],"many":["dalam ",{"t":"idOrVar","v":"value"}," hari"],"one":"besok","other":["dalam ",{"t":"idOrVar","v":"value"}," hari"],"two":["dalam ",{"t":"idOrVar","v":"value"}," hari"],"zero":"hari ini"},"$x":[{"t":"idOrVar","v":"plural"},"value"]},{"$i":"weeks-until-long","$v":{"few":["dalam ",{"t":"idOrVar","v":"value"}," pekan"],"many":["dalam ",{"t":"idOrVar","v":"value"}," pekan"],"one":"pekan depan","other":["dalam ",{"t":"idOrVar","v":"value"}," pekan"],"two":["dalam ",{"t":"idOrVar","v":"value"}," pekan"],"zero":"pekan ini"},"$x":[{"t":"idOrVar","v":"plural"},"value"]},{"$i":"months-until-long","$v":{"few":["dalam ",{"t":"idOrVar","v":"value"}," bulan"],"many":["dalam ",{"t":"idOrVar","v":"value"}," bulan"],"one":"bulan depan","other":["dalam ",{"t":"idOrVar","v":"value"}," bulan"],"two":["dalam ",{"t":"idOrVar","v":"value"}," bulan"],"zero":"bulan ini"},"$x":[{"t":"idOrVar","v":"plural"},"value"]},{"$i":"years-until-long","$v":{"few":["dalam ",{"t":"idOrVar","v":"value"}," tahun"],"many":["dalam ",{"t":"idOrVar","v":"value"}," tahun"],"one":"tahun depan","other":["dalam ",{"t":"idOrVar","v":"value"}," tahun"],"two":["dalam ",{"t":"idOrVar","v":"value"}," tahun"],"zero":"tahun ini"},"$x":[{"t":"idOrVar","v":"plural"},"value"]},{"$i":"minutes-ago-short","$v":{"other":[{"t":"idOrVar","v":"value"},"menit yang lalu"],"zero":"baru saja"},"$x":[{"t":"idOrVar","v":"plural"},"value"]},{"$i":"hours-ago-short","$v":{"other":[{"t":"idOrVar","v":"value"},"j yang lalu"],"zero":"baru saja"},"$x":[{"t":"idOrVar","v":"plural"},"value"]},{"$i":"days-ago-short","$v":{"other":[{"t":"idOrVar","v":"value"},"h yang lalu"],"zero":"hari ini"},"$x":[{"t":"idOrVar","v":"plural"},"value"]},{"$i":"minutes-until-short","$v":{"other":["dalam ",{"t":"idOrVar","v":"value"},"m"],"zero":"sekarang"},"$x":[{"t":"idOrVar","v":"plural"},"value"]},{"$i":"hours-until-short","$v":{"other":["dalam ",{"t":"idOrVar","v":"value"},"j"],"zero":"sekarang"},"$x":[{"t":"idOrVar","v":"plural"},"value"]},{"$i":"days-until-short","$v":{"other":["dalam ",{"t":"idOrVar","v":"value"},"h"],"zero":"hari ini"},"$x":[{"t":"idOrVar","v":"plural"},"value"]},{"$i":"incorrectDate","$v":"(tanggal salah)"},{"$i":"dateTimeFormat_%c","$v":"%a %b %e %Y %I:%M:%S %p"},{"$i":"dateTimeFormat_%x","$v":"%m/%d/%Y"},{"$i":"dateTimeFormat_%X","$v":"%I:%M:%S %p"},{"$i":"shortTimeFormat","$v":"%I:%M %p"},{"$i":"shortTimeFormat12","$v":"%I:%M %p"},{"$i":"shortTimeFormat24","$v":"%H:%M"},{"$i":"shortDateTimeFormat","$v":"%x %I:%M %p"},{"$i":"weekStartsOnMonday","$v":"0.0"},{"$i":"firstDayOfTheWeek","$v":"0.0"},{"$i":"time_am","$v":"AM"},{"$i":"time_pm","$v":"PM"}]