[{"$i":"toast-audio-save","$v":"ჩანაწ. შეინახა"},{"$i":"toast-audio-discarded","$v":"ჩაწერა უარყოფილია"},{"$i":"toast-save-rate","$v":"ცვლილებები შენახულია."},{"$i":"toast-audio-deleted","$v":"ჩანაწერი წაიშალა"},{"$i":"toast-audio-files-deleted","$v":"აუდიო ფაილები წაშლილია."},{"$i":"toast-audio-rename-ok","$v":"სახელი შეცვლილია"},{"$i":"toast-audio-rename-failed","$v":"სახ გადარქმ ვერ მოხერხდა"},{"$i":"toast-music-library-save","$v":[{"t":"idOrVar","v":"name"}," მუსიკის ბიბლიოთეკაში შენახულია"]},{"$i":"toast-audio-import-save","$v":[{"t":"idOrVar","v":"name"}," შენახულია ჩამწერზე."]},{"$i":"toast-audio-save-failed","$v":"შენახული ვერ მოხერხდა."},{"$i":"soft-key-new","$v":"ახალი"},{"$i":"soft-key-option","$v":"ოფცია"},{"$i":"soft-key-play","$v":"დაკვრა"},{"$i":"soft-key-ok","$v":"OK"},{"$i":"soft-key-options","$v":"ვარიანტები"},{"$i":"soft-key-back","$v":"უკან"},{"$i":"soft-key-pause","$v":"პაუზა"},{"$i":"soft-key-cancel","$v":"გაუქმება"},{"$i":"soft-key-delete","$v":"წაშლა"},{"$i":"soft-key-done","$v":"დას."},{"$i":"soft-key-save","$v":"შენახვა"},{"$i":"soft-key-discard","$v":"გაუქმება"},{"$i":"soft-key-all","$v":"ყველა"},{"$i":"soft-key-deselect","$v":"მონიშვნის მოხსნა"},{"$i":"soft-key-none","$v":"არცერთი"},{"$i":"menu-header","$v":"ვარიანტები"},{"$i":"menu-delete","$v":"წაშლა"},{"$i":"menu-share","$v":"გაზიარება"},{"$i":"menu-rename","$v":"სახელის გადარქმევა"},{"$i":"menu-save-as-ringtone","$v":"შეინახე ზარ. მელ."},{"$i":"menu-settings","$v":"პარამეტრები"},{"$i":"menu-volume","$v":"ხმა"},{"$i":"menu-save-to-music-library","$v":"მუსიკის ბიბლიოთეკაში შენახვა"},{"$i":"menu-select-multiple","$v":"აირჩიეთ მრავალი"},{"$i":"number-selected","$v":{"few":[{"t":"idOrVar","v":"number"}," არჩეული"],"many":[{"t":"idOrVar","v":"number"}," არჩეული"],"one":[{"t":"idOrVar","v":"number"}," არჩეული"],"other":[{"t":"idOrVar","v":"number"}," არჩეული"],"two":[{"t":"idOrVar","v":"number"}," არჩეული"],"zero":[{"t":"idOrVar","v":"number"}," არჩეული"]},"$x":[{"t":"idOrVar","v":"plural"},"number"]},{"$i":"title-audio-list","$v":"ხმის ჩამწერი"},{"$i":"title-rename","$v":"სახელის გადარქმევა"},{"$i":"title-settings","$v":"პარამეტრები"},{"$i":"title-save-confirmation","$v":"დადასტურება"},{"$i":"title-delete-confirmation","$v":"დადასტურება"},{"$i":"title-recording-bitrate","$v":"ჩაწერის ტემპი"},{"$i":"title-pick-audio-list","$v":"აირჩიეთ ჩამწერი"},{"$i":"dialog-delete-audio-file","$v":"წავშალო აუდიო ფაილი?"},{"$i":"dialog-save-audio-recording","$v":"შევინახო აუდიო ჩანაწერი?"},{"$i":"dialog-delete-select-audio","$v":{"few":["წაიშალოს ",{"t":"idOrVar","v":"number"}," ჩანაწერები?"],"many":["წაიშალოს ",{"t":"idOrVar","v":"number"}," ჩანაწერები?"],"one":"შერჩეული ჩანაწერების წაშლა?","other":["წაიშალოს ",{"t":"idOrVar","v":"number"}," ჩანაწერები?"],"two":["წაიშალოს ",{"t":"idOrVar","v":"number"}," ჩანაწერები?"]},"$x":[{"t":"idOrVar","v":"plural"},"number"]},{"$i":"settings-bitrate-8k","$v":"8კ (მცირე მოცულობა)"},{"$i":"settings-bitrate-44k","$v":"44კ (დიდი მოცულობა)"},{"$i":"settings-bitrate-err","$v":"პარამეტრის შეცდომა"},{"$i":"audio-recorder-is-empty","$v":"ხმის ჩამწერი ცარიელია."},{"$i":"audio-pick-is-empty","$v":"აუდიო ჩამწ. ცარიელია."},{"$i":"input-title-enter-new-name","$v":"შეიყვანეთ ახალი სახელი"},{"$i":"new-recording","$v":"ახალი ჩანაწერი"},{"$i":"save-input","placeholder":"ახალი ჩანაწერი"},{"$i":"save-audio-input","$v":"სახელი"},{"$i":"audio-player-state","$v":"დაკვრა..."},{"$i":"audio-player-state-pause","$v":""},{"$i":"audio-recorder-loading","$v":"აუდიო ჩანაწერების სკანირება..."},{"$i":"unsupport-file-name","$v":{"$o":"შეუძლ. სიმბ. შემცველი სახელის გამოყ., რომლებსაც არ აქვთ მხარდაჭერა: \\/:*?&quot;&lt;&gt;|"}},{"$i":"import-file-error","$v":"ეს სახელი უკვე არსებობს. აირჩიეთ სხვა სახელი"},{"$i":"import-file-exist","$v":"ფაილის ეს სახელი უკვე არსებობს."},{"$i":"state_storage_no_memory_card","$v":"მეხსიერების ბარათი ნაპოვნი არ არის. გთხოვთ, ჩასვათ მეხს. ბარათი."},{"$i":"state_storage_full","$v":"მეხს. სავსეა"},{"$i":"state_storage_full_sdcard","$v":"SD ბარათი სავსეა."},{"$i":"state_storage_full_content_new","$v":"ჩაწერა ვერ ხერხდება. წაშალეთ მედია ფაილები ადგილის გასათავისუფლებლად."},{"$i":"state_storage_full_content_new_sdcard","$v":"ჩაწერა ვერ ხერხდება. წაშალეთ ფაილები SD ბარათზე ადგილის გასათავისუფლებლად."},{"$i":"state_storage_full_content_record","$v":"ჩაწერა ვერ ხერხდება. შეგიძლიათ შეინახოთ უკვე ჩაწერილი ფაილი და წაშალოთ მედია ფაილები ადგილის გასათავისუფლებლად."},{"$i":"state_storage_full_content_record_sdcard","$v":"ჩაწერა ვერ ხერხდება. შეგიძლიათ შეინახოთ უკვე ჩაწერილი ფაილი და წაშალოთ ფაილები SD ბარათზე ადგილის გასათავისუფლებლად."},{"$i":"state_storage_full_content_save","$v":"ფაილის შენახვა შეუძლებელია. წაშალეთ მედია ფაილები სივრცის გასათავისუფლებლად."},{"$i":"state_storage_full_content_save_sdcard","$v":"ფაილის შენახვა შეუძლებელია. წაშალეთ ფაილები SD ბარათზე სივრცის გასათავისუფლებლად."},{"$i":"state_storage_in_use","$v":"მეხსიერება ამჟამად გამოყენების პროცესშია. გთხოვთ, გათიშოთ ტელეფონი."},{"$i":"options","$v":"ვარიანტები"},{"$i":"cancel","$v":"გაუქმება"},{"$i":"delete","$v":"წაშლა"},{"$i":"save","$v":"შენახვა"},{"$i":"ok","$v":"OK"},{"$i":"back","$v":"უკან"},{"$i":"select","$v":"არჩევა"},{"$i":"deselect","$v":"მონიშვნის მოხსნა"},{"$i":"rename-same-name","$v":"სახელი შეცვლილი არ არის"},{"$i":"weekday-0-long","$v":"კვირა"},{"$i":"weekday-1-long","$v":"ორშაბათი"},{"$i":"weekday-2-long","$v":"სამშაბათი"},{"$i":"weekday-3-long","$v":"ოთხშაბათი"},{"$i":"weekday-4-long","$v":"ხუთშაბათი"},{"$i":"weekday-5-long","$v":"პარასკევი"},{"$i":"weekday-6-long","$v":"შაბათი"},{"$i":"weekday-0-short","$v":"კვი"},{"$i":"weekday-1-short","$v":"ორშ"},{"$i":"weekday-2-short","$v":"სამ"},{"$i":"weekday-3-short","$v":"ოთხ"},{"$i":"weekday-4-short","$v":"ხუთ"},{"$i":"weekday-5-short","$v":"პარ"},{"$i":"weekday-6-short","$v":"შაბ"},{"$i":"month-0-long","$v":"იანვარი"},{"$i":"month-1-long","$v":"თებერვალი"},{"$i":"month-2-long","$v":"მარტი"},{"$i":"month-3-long","$v":"აპრილი"},{"$i":"month-4-long","$v":"მაისი"},{"$i":"month-5-long","$v":"ივნისი"},{"$i":"month-6-long","$v":"ივლისი"},{"$i":"month-7-long","$v":"აგვისტო"},{"$i":"month-8-long","$v":"სექტემბერი"},{"$i":"month-9-long","$v":"ოქტომბერი"},{"$i":"month-10-long","$v":"ნოემბერი"},{"$i":"month-11-long","$v":"დეკემბერი"},{"$i":"month-0-genitive","$v":"იანვარი"},{"$i":"month-1-genitive","$v":"თებერვალი"},{"$i":"month-2-genitive","$v":"მარტი"},{"$i":"month-3-genitive","$v":"აპრილი"},{"$i":"month-4-genitive","$v":"მაისი"},{"$i":"month-5-genitive","$v":"ივნისი"},{"$i":"month-6-genitive","$v":"ივლისი"},{"$i":"month-7-genitive","$v":"აგვისტო"},{"$i":"month-8-genitive","$v":"სექტემბერი"},{"$i":"month-9-genitive","$v":"ოქტომბერი"},{"$i":"month-10-genitive","$v":"ნოემბერი"},{"$i":"month-11-genitive","$v":"დეკემბერი"},{"$i":"month-0-short","$v":"იანვ"},{"$i":"month-1-short","$v":"თებ"},{"$i":"month-2-short","$v":"მარ"},{"$i":"month-3-short","$v":"აპრ"},{"$i":"month-4-short","$v":"მაისი"},{"$i":"month-5-short","$v":"ივნ"},{"$i":"month-6-short","$v":"ივლ"},{"$i":"month-7-short","$v":"აგვ"},{"$i":"month-8-short","$v":"სექ"},{"$i":"month-9-short","$v":"ოქტ"},{"$i":"month-10-short","$v":"ნოე"},{"$i":"month-11-short","$v":"დეკ"},{"$i":"minutes-ago-long","$v":{"few":[{"t":"idOrVar","v":"value"}," წუთის წინ"],"many":[{"t":"idOrVar","v":"value"}," წუთის წინ"],"one":"ერთი წუთის წინ","other":[{"t":"idOrVar","v":"value"}," წუთის წინ"],"two":[{"t":"idOrVar","v":"value"}," წუთის წინ"],"zero":"ეს-ეს არის"},"$x":[{"t":"idOrVar","v":"plural"},"value"]},{"$i":"hours-ago-long","$v":{"few":[{"t":"idOrVar","v":"value"}," საათის წინ"],"many":[{"t":"idOrVar","v":"value"}," საათის წინ"],"one":"ერთი საათის წინ","other":[{"t":"idOrVar","v":"value"}," საათის წინ"],"two":[{"t":"idOrVar","v":"value"}," საათის წინ"],"zero":"ეს-ეს არის"},"$x":[{"t":"idOrVar","v":"plural"},"value"]},{"$i":"days-ago-long","$v":{"few":[{"t":"idOrVar","v":"value"}," დღის წინ"],"many":[{"t":"idOrVar","v":"value"}," დღის წინ"],"one":"გუშინ","other":[{"t":"idOrVar","v":"value"}," დღის წინ"],"two":[{"t":"idOrVar","v":"value"}," დღის წინ"],"zero":"დღეს"},"$x":[{"t":"idOrVar","v":"plural"},"value"]},{"$i":"weeks-ago-long","$v":{"few":[{"t":"idOrVar","v":"value"}," კვირის წინ"],"many":[{"t":"idOrVar","v":"value"}," კვირის წინ"],"one":"გასული კვირა","other":[{"t":"idOrVar","v":"value"}," კვირის წინ"],"two":[{"t":"idOrVar","v":"value"}," კვირის წინ"],"zero":"ეს კვირა"},"$x":[{"t":"idOrVar","v":"plural"},"value"]},{"$i":"months-ago-long","$v":{"few":[{"t":"idOrVar","v":"value"}," თვის წინ"],"many":[{"t":"idOrVar","v":"value"}," თვის წინ"],"one":"გასული თვე","other":[{"t":"idOrVar","v":"value"}," თვის წინ"],"two":[{"t":"idOrVar","v":"value"}," თვის წინ"],"zero":"ეს თვე"},"$x":[{"t":"idOrVar","v":"plural"},"value"]},{"$i":"years-ago-long","$v":{"few":[{"t":"idOrVar","v":"value"}," წლის წინ"],"many":[{"t":"idOrVar","v":"value"}," წლის წინ"],"one":"გასული წელი","other":[{"t":"idOrVar","v":"value"}," წლის წინ"],"two":[{"t":"idOrVar","v":"value"}," წლის წინ"],"zero":"ეს წელი"},"$x":[{"t":"idOrVar","v":"plural"},"value"]},{"$i":"minutes-until-long","$v":{"few":[{"t":"idOrVar","v":"value"}," წუთში"],"many":[{"t":"idOrVar","v":"value"}," წუთში"],"one":"წუთში","other":[{"t":"idOrVar","v":"value"}," წუთში"],"two":[{"t":"idOrVar","v":"value"}," წუთში"],"zero":"ახლა"},"$x":[{"t":"idOrVar","v":"plural"},"value"]},{"$i":"hours-until-long","$v":{"few":[{"t":"idOrVar","v":"value"}," საათში"],"many":[{"t":"idOrVar","v":"value"}," საათში"],"one":"საათში","other":[{"t":"idOrVar","v":"value"}," საათში"],"two":[{"t":"idOrVar","v":"value"}," საათში"],"zero":"ახლა"},"$x":[{"t":"idOrVar","v":"plural"},"value"]},{"$i":"days-until-long","$v":{"few":[{"t":"idOrVar","v":"value"}," დღეში"],"many":[{"t":"idOrVar","v":"value"}," დღეში"],"one":"ხვალ","other":[{"t":"idOrVar","v":"value"}," დღეში"],"two":[{"t":"idOrVar","v":"value"}," დღეში"],"zero":"დღეს"},"$x":[{"t":"idOrVar","v":"plural"},"value"]},{"$i":"weeks-until-long","$v":{"few":[{"t":"idOrVar","v":"value"}," კვირაში"],"many":[{"t":"idOrVar","v":"value"}," კვირაში"],"one":"მომდევნო კვირა","other":[{"t":"idOrVar","v":"value"}," კვირაში"],"two":[{"t":"idOrVar","v":"value"}," კვირაში"],"zero":"ეს კვირა"},"$x":[{"t":"idOrVar","v":"plural"},"value"]},{"$i":"months-until-long","$v":{"few":[{"t":"idOrVar","v":"value"}," თვეში"],"many":[{"t":"idOrVar","v":"value"}," თვეში"],"one":"მომდევნო თვე","other":[{"t":"idOrVar","v":"value"}," თვეში"],"two":[{"t":"idOrVar","v":"value"}," თვეში"],"zero":"ეს თვე"},"$x":[{"t":"idOrVar","v":"plural"},"value"]},{"$i":"years-until-long","$v":{"few":[{"t":"idOrVar","v":"value"}," წელში"],"many":[{"t":"idOrVar","v":"value"}," წელში"],"one":"მომდევნო წელი","other":[{"t":"idOrVar","v":"value"}," წელში"],"two":[{"t":"idOrVar","v":"value"}," წელში"],"zero":"ეს წელი"},"$x":[{"t":"idOrVar","v":"plural"},"value"]},{"$i":"minutes-ago-short","$v":{"other":[{"t":"idOrVar","v":"value"},"თ წინ"],"zero":"ეს-ეს არის"},"$x":[{"t":"idOrVar","v":"plural"},"value"]},{"$i":"hours-ago-short","$v":{"other":[{"t":"idOrVar","v":"value"},"სთ წინ"],"zero":"ეს-ეს არის"},"$x":[{"t":"idOrVar","v":"plural"},"value"]},{"$i":"days-ago-short","$v":{"other":[{"t":"idOrVar","v":"value"},"დ წინ"],"zero":"დღეს"},"$x":[{"t":"idOrVar","v":"plural"},"value"]},{"$i":"minutes-until-short","$v":{"other":[{"t":"idOrVar","v":"value"},"წთ-ში"],"zero":"ახლა"},"$x":[{"t":"idOrVar","v":"plural"},"value"]},{"$i":"hours-until-short","$v":{"other":[{"t":"idOrVar","v":"value"},"სთ-ში"],"zero":"ახლა"},"$x":[{"t":"idOrVar","v":"plural"},"value"]},{"$i":"days-until-short","$v":{"other":[{"t":"idOrVar","v":"value"},"დღ-ში"],"zero":"დღეს"},"$x":[{"t":"idOrVar","v":"plural"},"value"]},{"$i":"incorrectDate","$v":"(არასწორი თარიღი)"},{"$i":"dateTimeFormat_%c","$v":"%a %b %e %Y %I:%M:%S %p"},{"$i":"dateTimeFormat_%x","$v":"%m/%d/%Y"},{"$i":"dateTimeFormat_%X","$v":"%I:%M:%S %p"},{"$i":"shortTimeFormat","$v":"%I:%M %p"},{"$i":"shortTimeFormat12","$v":"%I:%M %p"},{"$i":"shortTimeFormat24","$v":"%H:%M"},{"$i":"shortDateTimeFormat","$v":"%x %I:%M %p"},{"$i":"weekStartsOnMonday","$v":"0.0"},{"$i":"firstDayOfTheWeek","$v":"1.0"},{"$i":"time_am","$v":"AM"},{"$i":"time_pm","$v":"PM"}]