[{"$i":"toast-audio-save","$v":"ບັນທຶກການບັນທຶກແລ້ວ"},{"$i":"toast-audio-discarded","$v":"ໂປຣແກມຈົດບັນທຶກ"},{"$i":"toast-save-rate","$v":"ບັນທຶກການປ່ຽນແປງແລ້ວ."},{"$i":"toast-audio-deleted","$v":"ບັນທຶກຖືກລຶບແລ້ວ"},{"$i":"toast-audio-files-deleted","$v":"ໄຟລ໌ສຽງຖືກລຶບ."},{"$i":"toast-audio-rename-ok","$v":"ໄດ້ປ່ຽນຊື່ແລ້ວ"},{"$i":"toast-audio-rename-failed","$v":"ການຕັ້ງຊື່ໃໝ່ໄດ້ຫຼົ້ມເຫຼວ"},{"$i":"toast-music-library-save","$v":[{"t":"idOrVar","v":"name"}," ບັນທຶກໄວ້ໃນຫ້ອງສະຫມຸດດົນຕີ"]},{"$i":"toast-audio-import-save","$v":["ໄດ້ບັນທຶກ ",{"t":"idOrVar","v":"name"}," ໄປທີ່ຕົວບັນທຶກແລ້ວ."]},{"$i":"toast-audio-save-failed","$v":"ບັນທຶກທີ່ລົ້ມເຫລວ."},{"$i":"soft-key-new","$v":"ໃໝ່"},{"$i":"soft-key-option","$v":"ຕົວເລືອກ"},{"$i":"soft-key-play","$v":"ຫຼິ້ນ"},{"$i":"soft-key-ok","$v":"ຕົກລົງ"},{"$i":"soft-key-options","$v":"ຕົວເລືອກ"},{"$i":"soft-key-back","$v":"ກັບຄືນ"},{"$i":"soft-key-pause","$v":"ຢຸດຊົ່ວຄາວ"},{"$i":"soft-key-cancel","$v":"ຍົກເລີກ"},{"$i":"soft-key-delete","$v":"ລຶບ"},{"$i":"soft-key-done","$v":"ສຳເລັດ"},{"$i":"soft-key-save","$v":"ບັນທຶກໄວ້"},{"$i":"soft-key-discard","$v":"ບົກເລີກ"},{"$i":"soft-key-all","$v":"ທັງໝົດ"},{"$i":"soft-key-deselect","$v":"ຍົກເລີກການເລືອກ"},{"$i":"soft-key-none","$v":"ບໍ່ມີ"},{"$i":"menu-header","$v":"ຕົວເລືອກ"},{"$i":"menu-delete","$v":"ລຶບ"},{"$i":"menu-share","$v":"ແຊຣ໌"},{"$i":"menu-rename","$v":"ປ່ຽນຊື່ໃໝ່"},{"$i":"menu-save-as-ringtone","$v":"ບັນທຶກເປັນສຽງເອີ້ນເຂົ້າ"},{"$i":"menu-settings","$v":"ການຕັ້ງຄ່າ"},{"$i":"menu-volume","$v":"ບໍ​ລິ​ມາດ"},{"$i":"menu-save-to-music-library","$v":"ບັນທຶກລົງໃນຫ້ອງດົນຕີ"},{"$i":"menu-select-multiple","$v":"ເລືອກຫຼາຍລາຍການ"},{"$i":"number-selected","$v":{"few":[{"t":"idOrVar","v":"number"}," ລາຍການທີ່ເລືອກ"],"many":[{"t":"idOrVar","v":"number"}," ລາຍການທີ່ເລືອກ"],"one":[{"t":"idOrVar","v":"number"}," ລາຍການທີ່ເລືອກ"],"other":[{"t":"idOrVar","v":"number"}," ລາຍການທີ່ເລືອກ"],"two":[{"t":"idOrVar","v":"number"}," ລາຍການທີ່ເລືອກ"],"zero":[{"t":"idOrVar","v":"number"}," ລາຍການທີ່ເລືອກ"]},"$x":[{"t":"idOrVar","v":"plural"},"number"]},{"$i":"title-audio-list","$v":"ເຄື່ອງບັນທຶກສຽງ."},{"$i":"title-rename","$v":"ປ່ຽນຊື່ໃໝ່"},{"$i":"title-settings","$v":"ການຕັ້ງຄ່າ"},{"$i":"title-save-confirmation","$v":"ການຢືນຢັນ"},{"$i":"title-delete-confirmation","$v":"ການຢືນຢັນ"},{"$i":"title-recording-bitrate","$v":"ອັດຕາການບັນທຶກສຽງ"},{"$i":"title-pick-audio-list","$v":"ເລືອກຕົວບັນທຶກ"},{"$i":"dialog-delete-audio-file","$v":"ໃຫ້ລຶບສຽງບັນທຶກນີ້ບໍ່?"},{"$i":"dialog-save-audio-recording","$v":"ບັນທຶກການບັນທຶກສຽງ ຫຼືບໍ?"},{"$i":"dialog-delete-select-audio","$v":{"few":["លុប ",{"t":"idOrVar","v":"number"}," ថត?"],"many":["លុប ",{"t":"idOrVar","v":"number"}," ថត?"],"one":"លុបការថតដែលបានជ្រើស?","other":["លុប ",{"t":"idOrVar","v":"number"}," ថត?"],"two":["លុប ",{"t":"idOrVar","v":"number"}," ថត?"]},"$x":[{"t":"idOrVar","v":"plural"},"number"]},{"$i":"settings-bitrate-8k","$v":"8K (ຂະໜາດນ້ອຍກວ່າ)"},{"$i":"settings-bitrate-44k","$v":"44K (ຂະໜາດໃຫຍ່ກວ່າ)"},{"$i":"settings-bitrate-err","$v":"ການຕັ້ງຄ່າຜິດພາດ"},{"$i":"audio-recorder-is-empty","$v":"ການບັນທຶກສຽງວ່າງເປົ່າ."},{"$i":"audio-pick-is-empty","$v":"ຕົວບັນທຶກສຽງວ່າງເປົ່າ."},{"$i":"input-title-enter-new-name","$v":"ປ້ອນຊື່ໃໝ່"},{"$i":"new-recording","$v":"ການບັນທຶກສຽງໃໝ່"},{"$i":"save-input","placeholder":"ການບັນທຶກສຽງໃໝ່"},{"$i":"save-audio-input","$v":"ຊື່"},{"$i":"audio-player-state","$v":"ກໍາລັງຫຼິ້ນ"},{"$i":"audio-player-state-pause","$v":""},{"$i":"audio-recorder-loading","$v":"ກຳລັງສະແກນຫາການບັນທຶກສຽງ..."},{"$i":"unsupport-file-name","$v":{"$o":"ບໍ່ສາມາດນຳໃຊ້ຊື່ທີ່ມີຕົວອັກສອນທີ່ບໍ່ຮອງຮັບ: \\/:*?&quot;<>|"}},{"$i":"import-file-error","$v":"ຊື່ນີ້ຖືກໃຊ້ໄປແລ້ວ. ເລືອກຊື່ອື່ນ"},{"$i":"import-file-exist","$v":"ມີຊື່ໄຟລ໌ດຽວກັນແລ້ວ."},{"$i":"state_storage_no_memory_card","$v":"ກາດໜ່ວຍຄວາມຈຳບໍ່ພົບ. ກະລຸນາໃສ່ກາດໜ່ວຍຄວາມຈຳ."},{"$i":"state_storage_full","$v":"ໜ່ວຍບັນຈຸເຕັມ"},{"$i":"state_storage_full_sdcard","$v":"ກາດ SD ເຕັມ."},{"$i":"state_storage_full_content_new","$v":"ບໍ່ສາມາດບັນທຶກໄດ້. ໃຫ້ລຶບໄຟລ໌ບັນເທິງເພື່ອເພີ່ມພື້ນທີ່ຫວ່າງ."},{"$i":"state_storage_full_content_new_sdcard","$v":"ບໍ່ສາມາດບັນທຶກໄດ້. ໃຫ້ລຶບໄຟລ໌ໃນ SD ກາດເພື່ອເພີ່ມພື້ນທີ່ຫວ່າງ."},{"$i":"state_storage_full_content_record","$v":"ບໍ່ສາມາດບັນທຶກໄດ້. ທ່ານສາມາດບັນທຶກໄຟລ໌ທີ່ຖືກບັນທຶກໄວ້ແລ້ວ ແລະ ລຶບໄຟລ໌ມີເດຍເພື່ອສ້າງພື້ນທີ່ຫວ່າງ."},{"$i":"state_storage_full_content_record_sdcard","$v":"ບໍ່ສາມາດບັນທຶກໄດ້. ທ່ານສາມາດບັນທຶກໄຟລ໌ທີ່ຖືກບັນທຶກແລ້ວ ແລະ ລຶບໄຟລ໌ໃນ SD ກາດເພື່ອເພີ່ມພື້ນທີ່ຫວ່າງໄດ້."},{"$i":"state_storage_full_content_save","$v":"ບໍ່ສາມາດບັນທຶກໄຟລ໌. ລຶບໄຟລ໌ສື່ ເພື່ອເພີ່ມພື້ນທີ່ວ່າງ."},{"$i":"state_storage_full_content_save_sdcard","$v":"ບໍ່ສາມາດບັນທຶກໄຟລ໌. ລຶບໄຟລ໌ໃນກາດ SD ເພື່ອເພີ່ມພື້ນທີ່ວ່າງ."},{"$i":"state_storage_in_use","$v":"ໜ່ວຍບັນຈຸກຳລັງໃຊ້ຢູ່. ກະລຸນາຖອດສາຍໂທລະສັບ."},{"$i":"options","$v":"ຕົວເລືອກ"},{"$i":"cancel","$v":"ຍົກເລີກ"},{"$i":"delete","$v":"ລົບອອກ"},{"$i":"save","$v":"ບັນທຶກ"},{"$i":"ok","$v":"ຕົກລົງ"},{"$i":"back","$v":"ກັບຄືນ"},{"$i":"select","$v":"ເລືອກ"},{"$i":"deselect","$v":"ຍົກເລີກການເລືອກ"},{"$i":"rename-same-name","$v":"ຊື່ບໍ່ໄດ້ປ່ຽນ"},{"$i":"weekday-0-long","$v":"ວັນອາທິດ"},{"$i":"weekday-1-long","$v":"ວັນ​ຈັນ"},{"$i":"weekday-2-long","$v":"ວັນຄານ"},{"$i":"weekday-3-long","$v":"ວັນ​ພຸດ"},{"$i":"weekday-4-long","$v":"ວັນພະຫັດ"},{"$i":"weekday-5-long","$v":"ວັນ​ສຸກ"},{"$i":"weekday-6-long","$v":"ວັນ​ເສົາ"},{"$i":"weekday-0-short","$v":"ອາທິດ"},{"$i":"weekday-1-short","$v":"ຈັນ"},{"$i":"weekday-2-short","$v":"ຄານ"},{"$i":"weekday-3-short","$v":"ພຸດ"},{"$i":"weekday-4-short","$v":"ພະຫັດ"},{"$i":"weekday-5-short","$v":"ສຸກ"},{"$i":"weekday-6-short","$v":"ເສົາ"},{"$i":"month-0-long","$v":"ມັງ​ກອນ"},{"$i":"month-1-long","$v":"ມ​ພາ"},{"$i":"month-2-long","$v":"ມີ​ນາ"},{"$i":"month-3-long","$v":"ເມ​ສາ"},{"$i":"month-4-long","$v":"ພຶດ​ສະ​ພາ"},{"$i":"month-5-long","$v":"ມິ​ຖຸ​ນາ"},{"$i":"month-6-long","$v":"ກໍ​ລະ​ກົດ"},{"$i":"month-7-long","$v":"ສິງຫາ"},{"$i":"month-8-long","$v":"ກັນ​ຍາ"},{"$i":"month-9-long","$v":"ຕຸ​ລາ"},{"$i":"month-10-long","$v":"ພະ​ຈິກ"},{"$i":"month-11-long","$v":"ທັນ​ວາ"},{"$i":"month-0-genitive","$v":"ມັງ​ກອນ"},{"$i":"month-1-genitive","$v":"ມ​ພາ"},{"$i":"month-2-genitive","$v":"ມີ​ນາ"},{"$i":"month-3-genitive","$v":"ເມ​ສາ"},{"$i":"month-4-genitive","$v":"ພຶດ​ສະ​ພາ"},{"$i":"month-5-genitive","$v":"ມິ​ຖຸ​ນາ"},{"$i":"month-6-genitive","$v":"ກໍ​ລະ​ກົດ"},{"$i":"month-7-genitive","$v":"ສິງຫາ"},{"$i":"month-8-genitive","$v":"ກັນ​ຍາ"},{"$i":"month-9-genitive","$v":"ຕຸ​ລາ"},{"$i":"month-10-genitive","$v":"ພະ​ຈິກ"},{"$i":"month-11-genitive","$v":"ທັນ​ວາ"},{"$i":"month-0-short","$v":"ມັງ​ກອນ"},{"$i":"month-1-short","$v":"ກຸມພາ"},{"$i":"month-2-short","$v":"ມີ​ນາ"},{"$i":"month-3-short","$v":"ເມ​ສາ"},{"$i":"month-4-short","$v":"ພຶດ​ສະ​ພາ"},{"$i":"month-5-short","$v":"ມິ​ຖຸ​ນາ"},{"$i":"month-6-short","$v":"ກໍ​​ລະ​​ກົດ"},{"$i":"month-7-short","$v":"ສິງຫາ"},{"$i":"month-8-short","$v":"ກັນຍາ"},{"$i":"month-9-short","$v":"ຕຸ​ລາ"},{"$i":"month-10-short","$v":"ພະ​ຈິກ"},{"$i":"month-11-short","$v":"ທັນ​ວາ"},{"$i":"minutes-ago-long","$v":{"few":[{"t":"idOrVar","v":"value"}," ນາທີກ່ອນ"],"many":[{"t":"idOrVar","v":"value"}," ນາທີກ່ອນ"],"one":"ໜຶ່ງນາທີຜ່ານມາ","other":[{"t":"idOrVar","v":"value"}," ນາທີກ່ອນ"],"two":[{"t":"idOrVar","v":"value"}," ນາທີກ່ອນ"],"zero":"ຕອນນີ້"},"$x":[{"t":"idOrVar","v":"plural"},"value"]},{"$i":"hours-ago-long","$v":{"few":[{"t":"idOrVar","v":"value"}," ຊົ່ວໂມງກ່ອນ"],"many":[{"t":"idOrVar","v":"value"}," ຊົ່ວໂມງກ່ອນ"],"one":"ໜຶ່ງຊົ່ວໂມງຜ່ານມາ","other":[{"t":"idOrVar","v":"value"}," ຊົ່ວໂມງກ່ອນ"],"two":[{"t":"idOrVar","v":"value"}," ຊົ່ວໂມງກ່ອນ"],"zero":"ຕອນນີ້"},"$x":[{"t":"idOrVar","v":"plural"},"value"]},{"$i":"days-ago-long","$v":{"few":[{"t":"idOrVar","v":"value"}," ມື້ກ່ອນ"],"many":[{"t":"idOrVar","v":"value"}," ມື້ກ່ອນ"],"one":"ມື້ວານ","other":[{"t":"idOrVar","v":"value"}," ມື້ກ່ອນ"],"two":[{"t":"idOrVar","v":"value"}," ມື້ກ່ອນ"],"zero":"ມື້ນີ້"},"$x":[{"t":"idOrVar","v":"plural"},"value"]},{"$i":"weeks-ago-long","$v":{"few":[{"t":"idOrVar","v":"value"}," ເດືອນກ່ອນໜ້າ"],"many":[{"t":"idOrVar","v":"value"}," ເດືອນກ່ອນໜ້າ"],"one":"ອາທິດຜ່ານມາ","other":[{"t":"idOrVar","v":"value"}," ເດືອນກ່ອນໜ້າ"],"two":[{"t":"idOrVar","v":"value"}," ເດືອນກ່ອນໜ້າ"],"zero":"ທິດນີ້"},"$x":[{"t":"idOrVar","v":"plural"},"value"]},{"$i":"months-ago-long","$v":{"few":[{"t":"idOrVar","v":"value"}," ເດືອນກ່ອນ"],"many":[{"t":"idOrVar","v":"value"}," ເດືອນກ່ອນ"],"one":"ເດືອນກ່ອນນີ້","other":[{"t":"idOrVar","v":"value"}," ເດືອນກ່ອນ"],"two":[{"t":"idOrVar","v":"value"}," ເດືອນກ່ອນ"],"zero":"ເດືອນນີ້"},"$x":[{"t":"idOrVar","v":"plural"},"value"]},{"$i":"years-ago-long","$v":{"few":[{"t":"idOrVar","v":"value"}," ປີຕໍ່ໄປ"],"many":[{"t":"idOrVar","v":"value"}," ປີຕໍ່ໄປ"],"one":"ປີກາຍນີ້","other":[{"t":"idOrVar","v":"value"}," ປີຕໍ່ໄປ"],"two":[{"t":"idOrVar","v":"value"}," ປີຕໍ່ໄປ"],"zero":"ປີນີ້"},"$x":[{"t":"idOrVar","v":"plural"},"value"]},{"$i":"minutes-until-long","$v":{"few":["ໃນ ",{"t":"idOrVar","v":"value"}," ຫຼາຍນາທີ"],"many":["ໃນ ",{"t":"idOrVar","v":"value"}," ຫຼາຍນາທີ"],"one":"ໃນໜຶ່ງນາທີ","other":["ໃນ ",{"t":"idOrVar","v":"value"}," ຫຼາຍນາທີ"],"two":["ໃນ ",{"t":"idOrVar","v":"value"}," ຫຼາຍນາທີ"],"zero":"ຕອນນີ້"},"$x":[{"t":"idOrVar","v":"plural"},"value"]},{"$i":"hours-until-long","$v":{"few":["ໃນ ",{"t":"idOrVar","v":"value"}," ຫຼາຍຊົ່ວໂມງ"],"many":["ໃນ ",{"t":"idOrVar","v":"value"}," ຫຼາຍຊົ່ວໂມງ"],"one":"ໃນໜຶ່ງຊົ່ວໂມງ","other":["ໃນ ",{"t":"idOrVar","v":"value"}," ຫຼາຍຊົ່ວໂມງ"],"two":["ໃນ ",{"t":"idOrVar","v":"value"}," ຫຼາຍຊົ່ວໂມງ"],"zero":"ຕອນນີ້"},"$x":[{"t":"idOrVar","v":"plural"},"value"]},{"$i":"days-until-long","$v":{"few":["ໃນ ",{"t":"idOrVar","v":"value"}," ຫຼາຍວັນ"],"many":["ໃນ ",{"t":"idOrVar","v":"value"}," ຫຼາຍວັນ"],"one":"ມື້ອື່ນ","other":["ໃນ ",{"t":"idOrVar","v":"value"}," ຫຼາຍວັນ"],"two":["ໃນ ",{"t":"idOrVar","v":"value"}," ຫຼາຍວັນ"],"zero":"ມື້ນີ້"},"$x":[{"t":"idOrVar","v":"plural"},"value"]},{"$i":"weeks-until-long","$v":{"few":["ໃນ ",{"t":"idOrVar","v":"value"}," ຫຼາຍອາທິດ"],"many":["ໃນ ",{"t":"idOrVar","v":"value"}," ຫຼາຍອາທິດ"],"one":"ອາທິດໜ້າ","other":["ໃນ ",{"t":"idOrVar","v":"value"}," ຫຼາຍອາທິດ"],"two":["ໃນ ",{"t":"idOrVar","v":"value"}," ຫຼາຍອາທິດ"],"zero":"ທິດນີ້"},"$x":[{"t":"idOrVar","v":"plural"},"value"]},{"$i":"months-until-long","$v":{"few":["ໃນ ",{"t":"idOrVar","v":"value"}," ຫຼາຍເດືອນ"],"many":["ໃນ ",{"t":"idOrVar","v":"value"}," ຫຼາຍເດືອນ"],"one":"ເດືອນໜ້າ","other":["ໃນ ",{"t":"idOrVar","v":"value"}," ຫຼາຍເດືອນ"],"two":["ໃນ ",{"t":"idOrVar","v":"value"}," ຫຼາຍເດືອນ"],"zero":"ເດືອນນີ້"},"$x":[{"t":"idOrVar","v":"plural"},"value"]},{"$i":"years-until-long","$v":{"few":["ໃນ ",{"t":"idOrVar","v":"value"}," ຫຼາຍປີ"],"many":["ໃນ ",{"t":"idOrVar","v":"value"}," ຫຼາຍປີ"],"one":"ປີໜ້າ","other":["ໃນ ",{"t":"idOrVar","v":"value"}," ຫຼາຍປີ"],"two":["ໃນ ",{"t":"idOrVar","v":"value"}," ຫຼາຍປີ"],"zero":"ປີນີ້"},"$x":[{"t":"idOrVar","v":"plural"},"value"]},{"$i":"minutes-ago-short","$v":{"other":[{"t":"idOrVar","v":"value"},"ນ ກ່ອນ"],"zero":"ຕອນນີ້"},"$x":[{"t":"idOrVar","v":"plural"},"value"]},{"$i":"hours-ago-short","$v":{"other":[{"t":"idOrVar","v":"value"},"ມ ກ່ອນ"],"zero":"ຕອນນີ້"},"$x":[{"t":"idOrVar","v":"plural"},"value"]},{"$i":"days-ago-short","$v":{"other":[{"t":"idOrVar","v":"value"},"ມື້ກ່ອນ"],"zero":"ມື້ນີ້"},"$x":[{"t":"idOrVar","v":"plural"},"value"]},{"$i":"minutes-until-short","$v":{"other":["ໃນ ",{"t":"idOrVar","v":"value"},"ດ"],"zero":"ຕອນນີ້"},"$x":[{"t":"idOrVar","v":"plural"},"value"]},{"$i":"hours-until-short","$v":{"other":["ໃນ ",{"t":"idOrVar","v":"value"},"ຊ.ມ"],"zero":"ຕອນນີ້"},"$x":[{"t":"idOrVar","v":"plural"},"value"]},{"$i":"days-until-short","$v":{"other":["ໃນ ",{"t":"idOrVar","v":"value"},"ວ"],"zero":"ມື້ນີ້"},"$x":[{"t":"idOrVar","v":"plural"},"value"]},{"$i":"incorrectDate","$v":"(ວັນທີບໍ່ຖືກຕ້ອງ)"},{"$i":"dateTimeFormat_%c","$v":"%a %b %e %Y %I:%M:%S %p"},{"$i":"dateTimeFormat_%x","$v":"%m/%d/%Y"},{"$i":"dateTimeFormat_%X","$v":"%I:%M:%S %p"},{"$i":"shortTimeFormat","$v":"%I:%M %p"},{"$i":"shortTimeFormat12","$v":"%I:%M %p"},{"$i":"shortTimeFormat24","$v":"%H:%M"},{"$i":"shortDateTimeFormat","$v":"%x %I:%M %p"},{"$i":"weekStartsOnMonday","$v":"0.0"},{"$i":"firstDayOfTheWeek","$v":"0.0"},{"$i":"time_am","$v":"AM"},{"$i":"time_pm","$v":"ຕອນເຊົ້າ"}]