[{"$i":"toast-audio-save","$v":"Įrašas išsaugotas"},{"$i":"toast-audio-discarded","$v":"Įrašymas atmestas"},{"$i":"toast-save-rate","$v":"Pak. išsaug."},{"$i":"toast-audio-deleted","$v":"Įrašas ištrintas"},{"$i":"toast-audio-files-deleted","$v":"Ištrinti garso failai."},{"$i":"toast-audio-rename-ok","$v":"Pav pakeis"},{"$i":"toast-audio-rename-failed","$v":"Pervar nepav"},{"$i":"toast-music-library-save","$v":[{"t":"idOrVar","v":"name"}," Išsaugota muzikos bibliotekoje"]},{"$i":"toast-audio-import-save","$v":["„",{"t":"idOrVar","v":"name"},"“ išsaugotas įrašymo priemonėje."]},{"$i":"toast-audio-save-failed","$v":"Išsaugota nepavyko."},{"$i":"soft-key-new","$v":"Nauj."},{"$i":"soft-key-option","$v":"Funkc."},{"$i":"soft-key-play","$v":"Atk."},{"$i":"soft-key-ok","$v":"GERAI"},{"$i":"soft-key-options","$v":"Funkc."},{"$i":"soft-key-back","$v":"Grįž."},{"$i":"soft-key-pause","$v":"Prist."},{"$i":"soft-key-cancel","$v":"Atš."},{"$i":"soft-key-delete","$v":"Ištrin."},{"$i":"soft-key-done","$v":"Atl."},{"$i":"soft-key-save","$v":"Išsg."},{"$i":"soft-key-discard","$v":"Atmesti"},{"$i":"soft-key-all","$v":"Visi"},{"$i":"soft-key-deselect","$v":"Atsisak."},{"$i":"soft-key-none","$v":"Nėra"},{"$i":"menu-header","$v":"Funkc."},{"$i":"menu-delete","$v":"Ištrin."},{"$i":"menu-share","$v":"Dalintis"},{"$i":"menu-rename","$v":"Pervd."},{"$i":"menu-save-as-ringtone","$v":"Išsg. kaip skmb. t."},{"$i":"menu-settings","$v":"Parametrai"},{"$i":"menu-volume","$v":"Garsas"},{"$i":"menu-save-to-music-library","$v":"Išsaugoti fonotekoje"},{"$i":"menu-select-multiple","$v":"Rinktis kelis"},{"$i":"number-selected","$v":{"few":["Pasir.: ",{"t":"idOrVar","v":"number"}],"many":["Pasir.: ",{"t":"idOrVar","v":"number"}],"one":["Pasir.: ",{"t":"idOrVar","v":"number"}],"other":["Pasir.: ",{"t":"idOrVar","v":"number"}],"two":["Pasir.: ",{"t":"idOrVar","v":"number"}],"zero":["Pasir.: ",{"t":"idOrVar","v":"number"}]},"$x":[{"t":"idOrVar","v":"plural"},"number"]},{"$i":"title-audio-list","$v":"Gar. įraš. pr."},{"$i":"title-rename","$v":"Pervd."},{"$i":"title-settings","$v":"Parametrai"},{"$i":"title-save-confirmation","$v":"Patvirtinim."},{"$i":"title-delete-confirmation","$v":"Patvirtinim."},{"$i":"title-recording-bitrate","$v":"Įrašymo greit."},{"$i":"title-pick-audio-list","$v":"Pasirinkite įrašymo priemonę"},{"$i":"dialog-delete-audio-file","$v":"Ištr. garso įr. failą?"},{"$i":"dialog-save-audio-recording","$v":"Išsaugoti garso įrašą?"},{"$i":"dialog-delete-select-audio","$v":{"few":["Ištrinti ",{"t":"idOrVar","v":"number"}," įrašus?"],"many":["Ištrinti ",{"t":"idOrVar","v":"number"}," įrašus?"],"one":"Ištrinti pasirinktus įrašus?","other":["Ištrinti ",{"t":"idOrVar","v":"number"}," įrašus?"],"two":["Ištrinti ",{"t":"idOrVar","v":"number"}," įrašus?"]},"$x":[{"t":"idOrVar","v":"plural"},"number"]},{"$i":"settings-bitrate-8k","$v":"8 K (maž. dydž.)"},{"$i":"settings-bitrate-44k","$v":"44 K (did. dyd.)"},{"$i":"settings-bitrate-err","$v":"Parametro klaida"},{"$i":"audio-recorder-is-empty","$v":"Gar. įraš. pr. tuščia."},{"$i":"audio-pick-is-empty","$v":"Garso įrašymo priemonė tuščia."},{"$i":"input-title-enter-new-name","$v":"Įves. nauj. vard."},{"$i":"new-recording","$v":"Naujas įrašas"},{"$i":"save-input","placeholder":"Naujas įrašas"},{"$i":"save-audio-input","$v":"Vard."},{"$i":"audio-player-state","$v":"Atkuriama..."},{"$i":"audio-player-state-pause","$v":""},{"$i":"audio-recorder-loading","$v":"Garso įrašų nuskaitymas..."},{"$i":"unsupport-file-name","$v":{"$o":"Negalite naudoti pavadinimo, kurį sudaro nepalaikomi simboliai: \\/:*?&quot;&lt;&gt;|"}},{"$i":"import-file-error","$v":"Pavadinimas jau naudojamas. Pasirinkite kitą pavadinimą"},{"$i":"import-file-exist","$v":"Toks pat failo pavadinimas jau yra."},{"$i":"state_storage_no_memory_card","$v":"Atminties kortelė nerasta. Įdėkite atminties kortelę."},{"$i":"state_storage_full","$v":"Nebėra vietos atmintyje"},{"$i":"state_storage_full_sdcard","$v":"SD kort. pilna."},{"$i":"state_storage_full_content_new","$v":"Negalima įrašyti. Ištrinkite medijos failus, kad atlaisvintumėte vietos."},{"$i":"state_storage_full_content_new_sdcard","$v":"Negalima įrašyti. Ištrinkite failus, esančius SD kortelėje, kad atlaisvintumėte vietos."},{"$i":"state_storage_full_content_record","$v":"Negalima įrašyti. Galite išsaugoti jau įrašytą failą ir ištrinti medijos failus, kad atlaisvintumėte vietos."},{"$i":"state_storage_full_content_record_sdcard","$v":"Negalima įrašyti. Galite išsaugoti jau įrašytą failą ir ištrinti failus, esančius SD kortelėje, kad atlaisvintumėte vietos."},{"$i":"state_storage_full_content_save","$v":"Nepavyko išsaugoti failo. Ištrinkite medijos failų, kad atlaisvintumėte vietos."},{"$i":"state_storage_full_content_save_sdcard","$v":"Nepavyko išsaugoti failo. Ištrinkite failų SD kortelėje, kad atlaisvintumėte vietos."},{"$i":"state_storage_in_use","$v":"Saugykla šiuo metu naudojama. Atjunkite telefoną."},{"$i":"options","$v":"Parinktys"},{"$i":"cancel","$v":"Atšaukti"},{"$i":"delete","$v":"Šalinti"},{"$i":"save","$v":"Įrašyti"},{"$i":"ok","$v":"Gerai"},{"$i":"back","$v":"Atgal"},{"$i":"select","$v":"Rinkt."},{"$i":"deselect","$v":"Atsisak."},{"$i":"rename-same-name","$v":"Vardas nepakeistas"},{"$i":"weekday-0-long","$v":"Sekmadienis"},{"$i":"weekday-1-long","$v":"Pirmadienis"},{"$i":"weekday-2-long","$v":"Antradienis"},{"$i":"weekday-3-long","$v":"Trečiadienis"},{"$i":"weekday-4-long","$v":"Ketvirtadienis"},{"$i":"weekday-5-long","$v":"Penktadienis"},{"$i":"weekday-6-long","$v":"Šeštadienis"},{"$i":"weekday-0-short","$v":"Sk"},{"$i":"weekday-1-short","$v":"Pr"},{"$i":"weekday-2-short","$v":"An"},{"$i":"weekday-3-short","$v":"Tr"},{"$i":"weekday-4-short","$v":"Kt"},{"$i":"weekday-5-short","$v":"Pn"},{"$i":"weekday-6-short","$v":"Št"},{"$i":"month-0-long","$v":"Sausis"},{"$i":"month-1-long","$v":"Vasaris"},{"$i":"month-2-long","$v":"Kovas"},{"$i":"month-3-long","$v":"Balandis"},{"$i":"month-4-long","$v":"Gegužė"},{"$i":"month-5-long","$v":"Birželis"},{"$i":"month-6-long","$v":"Liepa"},{"$i":"month-7-long","$v":"Rugpjūtis"},{"$i":"month-8-long","$v":"Rugsėjis"},{"$i":"month-9-long","$v":"Spalis"},{"$i":"month-10-long","$v":"Lapkritis"},{"$i":"month-11-long","$v":"Gruodis"},{"$i":"month-0-genitive","$v":"Sausis"},{"$i":"month-1-genitive","$v":"Vasaris"},{"$i":"month-2-genitive","$v":"Kovas"},{"$i":"month-3-genitive","$v":"Balandis"},{"$i":"month-4-genitive","$v":"Gegužė"},{"$i":"month-5-genitive","$v":"Birželis"},{"$i":"month-6-genitive","$v":"Liepa"},{"$i":"month-7-genitive","$v":"Rugpjūtis"},{"$i":"month-8-genitive","$v":"Rugsėjis"},{"$i":"month-9-genitive","$v":"Spalis"},{"$i":"month-10-genitive","$v":"Lapkritis"},{"$i":"month-11-genitive","$v":"Gruodis"},{"$i":"month-0-short","$v":"saus."},{"$i":"month-1-short","$v":"vasar."},{"$i":"month-2-short","$v":"kov."},{"$i":"month-3-short","$v":"balan."},{"$i":"month-4-short","$v":"Geg"},{"$i":"month-5-short","$v":"birž."},{"$i":"month-6-short","$v":"liep."},{"$i":"month-7-short","$v":"rugpj."},{"$i":"month-8-short","$v":"rugs"},{"$i":"month-9-short","$v":"spal."},{"$i":"month-10-short","$v":"lapkr."},{"$i":"month-11-short","$v":"grd."},{"$i":"minutes-ago-long","$v":{"few":["Prieš ",{"t":"idOrVar","v":"value"}," min."],"many":["Prieš ",{"t":"idOrVar","v":"value"}," min."],"one":"prieš minutę","other":["Prieš ",{"t":"idOrVar","v":"value"}," min."],"two":["Prieš ",{"t":"idOrVar","v":"value"}," min."],"zero":"ką tik"},"$x":[{"t":"idOrVar","v":"plural"},"value"]},{"$i":"hours-ago-long","$v":{"few":["Prieš ",{"t":"idOrVar","v":"value"}," val."],"many":["Prieš ",{"t":"idOrVar","v":"value"}," val."],"one":"prieš valandą","other":["Prieš ",{"t":"idOrVar","v":"value"}," val."],"two":["Prieš ",{"t":"idOrVar","v":"value"}," val."],"zero":"ką tik"},"$x":[{"t":"idOrVar","v":"plural"},"value"]},{"$i":"days-ago-long","$v":{"few":["Prieš ",{"t":"idOrVar","v":"value"}," d."],"many":["Prieš ",{"t":"idOrVar","v":"value"}," d."],"one":"vakar","other":["Prieš ",{"t":"idOrVar","v":"value"}," d."],"two":["Prieš ",{"t":"idOrVar","v":"value"}," d."],"zero":"šiandien"},"$x":[{"t":"idOrVar","v":"plural"},"value"]},{"$i":"weeks-ago-long","$v":{"few":["Prieš ",{"t":"idOrVar","v":"value"}," sav."],"many":["Prieš ",{"t":"idOrVar","v":"value"}," sav."],"one":"pas. sav.","other":["Prieš ",{"t":"idOrVar","v":"value"}," sav."],"two":["Prieš ",{"t":"idOrVar","v":"value"}," sav."],"zero":"ši savaitė"},"$x":[{"t":"idOrVar","v":"plural"},"value"]},{"$i":"months-ago-long","$v":{"few":[{"t":"idOrVar","v":"value"}," mėn. po"],"many":[{"t":"idOrVar","v":"value"}," mėn. po"],"one":"pask. mėn.","other":[{"t":"idOrVar","v":"value"}," mėn. po"],"two":[{"t":"idOrVar","v":"value"}," mėn. po"],"zero":"šis mėnuo"},"$x":[{"t":"idOrVar","v":"plural"},"value"]},{"$i":"years-ago-long","$v":{"few":["Prieš ",{"t":"idOrVar","v":"value"}," met."],"many":["Prieš ",{"t":"idOrVar","v":"value"}," met."],"one":"Pas. met.","other":["Prieš ",{"t":"idOrVar","v":"value"}," met."],"two":["Prieš ",{"t":"idOrVar","v":"value"}," met."],"zero":"šie metai"},"$x":[{"t":"idOrVar","v":"plural"},"value"]},{"$i":"minutes-until-long","$v":{"few":["per ",{"t":"idOrVar","v":"value"}," min."],"many":["per ",{"t":"idOrVar","v":"value"}," min."],"one":"per min.","other":["per ",{"t":"idOrVar","v":"value"}," min."],"two":["per ",{"t":"idOrVar","v":"value"}," min."],"zero":"dabar"},"$x":[{"t":"idOrVar","v":"plural"},"value"]},{"$i":"hours-until-long","$v":{"few":["per ",{"t":"idOrVar","v":"value"}," val."],"many":["per ",{"t":"idOrVar","v":"value"}," val."],"one":"per val.","other":["per ",{"t":"idOrVar","v":"value"}," val."],"two":["per ",{"t":"idOrVar","v":"value"}," val."],"zero":"dabar"},"$x":[{"t":"idOrVar","v":"plural"},"value"]},{"$i":"days-until-long","$v":{"few":["per ",{"t":"idOrVar","v":"value"}," d."],"many":["per ",{"t":"idOrVar","v":"value"}," d."],"one":"rytoj","other":["per ",{"t":"idOrVar","v":"value"}," d."],"two":["per ",{"t":"idOrVar","v":"value"}," d."],"zero":"šiandien"},"$x":[{"t":"idOrVar","v":"plural"},"value"]},{"$i":"weeks-until-long","$v":{"few":["per ",{"t":"idOrVar","v":"value"}," sav."],"many":["per ",{"t":"idOrVar","v":"value"}," sav."],"one":"kita sav.","other":["per ",{"t":"idOrVar","v":"value"}," sav."],"two":["per ",{"t":"idOrVar","v":"value"}," sav."],"zero":"ši savaitė"},"$x":[{"t":"idOrVar","v":"plural"},"value"]},{"$i":"months-until-long","$v":{"few":["per ",{"t":"idOrVar","v":"value"}," mėn."],"many":["per ",{"t":"idOrVar","v":"value"}," mėn."],"one":"kit. mėn.","other":["per ",{"t":"idOrVar","v":"value"}," mėn."],"two":["per ",{"t":"idOrVar","v":"value"}," mėn."],"zero":"šis mėnuo"},"$x":[{"t":"idOrVar","v":"plural"},"value"]},{"$i":"years-until-long","$v":{"few":["per ",{"t":"idOrVar","v":"value"}," met."],"many":["per ",{"t":"idOrVar","v":"value"}," met."],"one":"kit. met.","other":["per ",{"t":"idOrVar","v":"value"}," met."],"two":["per ",{"t":"idOrVar","v":"value"}," met."],"zero":"šie metai"},"$x":[{"t":"idOrVar","v":"plural"},"value"]},{"$i":"minutes-ago-short","$v":{"other":["Prieš ",{"t":"idOrVar","v":"value"},"min."],"zero":"ką tik"},"$x":[{"t":"idOrVar","v":"plural"},"value"]},{"$i":"hours-ago-short","$v":{"other":["Prieš ",{"t":"idOrVar","v":"value"},"val."],"zero":"ką tik"},"$x":[{"t":"idOrVar","v":"plural"},"value"]},{"$i":"days-ago-short","$v":{"other":["Prieš ",{"t":"idOrVar","v":"value"},"d."],"zero":"šiandien"},"$x":[{"t":"idOrVar","v":"plural"},"value"]},{"$i":"minutes-until-short","$v":{"other":["per ",{"t":"idOrVar","v":"value"},"min."],"zero":"dabar"},"$x":[{"t":"idOrVar","v":"plural"},"value"]},{"$i":"hours-until-short","$v":{"other":["per ",{"t":"idOrVar","v":"value"},"val."],"zero":"dabar"},"$x":[{"t":"idOrVar","v":"plural"},"value"]},{"$i":"days-until-short","$v":{"other":["per ",{"t":"idOrVar","v":"value"},"d"],"zero":"šiandien"},"$x":[{"t":"idOrVar","v":"plural"},"value"]},{"$i":"incorrectDate","$v":"(neteisinga data)"},{"$i":"dateTimeFormat_%c","$v":"%a %b %e %Y %I:%M:%S %p"},{"$i":"dateTimeFormat_%x","$v":"%m/%d/%Y"},{"$i":"dateTimeFormat_%X","$v":"%I:%M:%S %p"},{"$i":"shortTimeFormat","$v":"%I:%M %p"},{"$i":"shortTimeFormat12","$v":"%I:%M %p"},{"$i":"shortTimeFormat24","$v":"%H:%M"},{"$i":"shortDateTimeFormat","$v":"%x %I:%M %p"},{"$i":"weekStartsOnMonday","$v":"0.0"},{"$i":"firstDayOfTheWeek","$v":"1.0"},{"$i":"time_am","$v":"AM"},{"$i":"time_pm","$v":"PM"}]