[{"$i":"toast-audio-save","$v":"Ieraksts saglabāts"},{"$i":"toast-audio-discarded","$v":"Ieraksts atmests"},{"$i":"toast-save-rate","$v":"Izmaiņas saglabātas."},{"$i":"toast-audio-deleted","$v":"Ieraksts dzēsts"},{"$i":"toast-audio-files-deleted","$v":"Dzēsti audio faili."},{"$i":"toast-audio-rename-ok","$v":"Nosaukums mainīts"},{"$i":"toast-audio-rename-failed","$v":"Pārdēvēšana neizdevās"},{"$i":"toast-music-library-save","$v":[{"t":"idOrVar","v":"name"}," Saglabāts mūzikas bibliotēkā"]},{"$i":"toast-audio-import-save","$v":["Fails ",{"t":"idOrVar","v":"name"}," saglabāts ierakstītājā."]},{"$i":"toast-audio-save-failed","$v":"Saglabāts neizdevās."},{"$i":"soft-key-new","$v":"Jauns"},{"$i":"soft-key-option","$v":"Iespēja"},{"$i":"soft-key-play","$v":"Atskaņot"},{"$i":"soft-key-ok","$v":"LABI"},{"$i":"soft-key-options","$v":"Iespējas"},{"$i":"soft-key-back","$v":"Atpakaļ"},{"$i":"soft-key-pause","$v":"Apturēt"},{"$i":"soft-key-cancel","$v":"Atcelt"},{"$i":"soft-key-delete","$v":"Dzēst"},{"$i":"soft-key-done","$v":"Gatavs"},{"$i":"soft-key-save","$v":"Saglabāt"},{"$i":"soft-key-discard","$v":"Atmest"},{"$i":"soft-key-all","$v":"Visi"},{"$i":"soft-key-deselect","$v":"Noņemt izvēli"},{"$i":"soft-key-none","$v":"Nav"},{"$i":"menu-header","$v":"Iespējas"},{"$i":"menu-delete","$v":"Dzēst"},{"$i":"menu-share","$v":"Kopīgot"},{"$i":"menu-rename","$v":"Pārdēvēt"},{"$i":"menu-save-as-ringtone","$v":"Saglabāt kā zv. signālu"},{"$i":"menu-settings","$v":"Uzstādījumi"},{"$i":"menu-volume","$v":"Skaļums"},{"$i":"menu-save-to-music-library","$v":"Saglabāt mūzikas bibliotēkā"},{"$i":"menu-select-multiple","$v":"Atlasīt vairākus"},{"$i":"number-selected","$v":{"few":["Atlasīti ",{"t":"idOrVar","v":"number"}],"many":["Atlasīti ",{"t":"idOrVar","v":"number"}],"one":["Atlasīti ",{"t":"idOrVar","v":"number"}],"other":["Atlasīti ",{"t":"idOrVar","v":"number"}],"two":["Atlasīti ",{"t":"idOrVar","v":"number"}],"zero":["Atlasīti ",{"t":"idOrVar","v":"number"}]},"$x":[{"t":"idOrVar","v":"plural"},"number"]},{"$i":"title-audio-list","$v":"Audio ierakstītājs"},{"$i":"title-rename","$v":"Pārdēvēt"},{"$i":"title-settings","$v":"Uzstādījumi"},{"$i":"title-save-confirmation","$v":"Apstiprinājums"},{"$i":"title-delete-confirmation","$v":"Apstiprinājums"},{"$i":"title-recording-bitrate","$v":"Ierakstīšanas ātrums"},{"$i":"title-pick-audio-list","$v":"Izvēlēties ierakstītāju"},{"$i":"dialog-delete-audio-file","$v":"Vai dzēst audio failu?"},{"$i":"dialog-save-audio-recording","$v":"Vai saglabāt šo audio ierakstu?"},{"$i":"dialog-delete-select-audio","$v":{"few":["Vai dzēst ",{"t":"idOrVar","v":"number"}," ierakstus?"],"many":["Vai dzēst ",{"t":"idOrVar","v":"number"}," ierakstus?"],"one":"Vai izdzēst atlasītos ierakstus?","other":["Vai dzēst ",{"t":"idOrVar","v":"number"}," ierakstus?"],"two":["Vai dzēst ",{"t":"idOrVar","v":"number"}," ierakstus?"]},"$x":[{"t":"idOrVar","v":"plural"},"number"]},{"$i":"settings-bitrate-8k","$v":"8K (mazāks izmērs)"},{"$i":"settings-bitrate-44k","$v":"44K (lielāks izmērs)"},{"$i":"settings-bitrate-err","$v":"Uzstādīšanas kļūda"},{"$i":"audio-recorder-is-empty","$v":"Audio ierakstītājs ir tukšs."},{"$i":"audio-pick-is-empty","$v":"Audio ierakstītājs ir tukšs."},{"$i":"input-title-enter-new-name","$v":"Ievadiet jaunu nosaukumu"},{"$i":"new-recording","$v":"Jauns ieraksts"},{"$i":"save-input","placeholder":"Jauns ieraksts"},{"$i":"save-audio-input","$v":"Nosaukums"},{"$i":"audio-player-state","$v":"Notiek atskaņošana..."},{"$i":"audio-player-state-pause","$v":""},{"$i":"audio-recorder-loading","$v":"Skenē audio ierakstus..."},{"$i":"unsupport-file-name","$v":{"$o":"Nevar izmantot nosaukumu, kas ietver neatbalstītās rakstzīmes: \\/:*?&quot;&lt;&gt;|"}},{"$i":"import-file-error","$v":"Nosaukums jau ir izmantots. Izvēlieties citu nosaukumu."},{"$i":"import-file-exist","$v":"Fails ar tādu pašu nosaukumu jau pastāv."},{"$i":"state_storage_no_memory_card","$v":"Atmiņas karte nav atrasta. Lūdzu, ievietojiet atmiņas karti."},{"$i":"state_storage_full","$v":"Krātuve ir pilna"},{"$i":"state_storage_full_sdcard","$v":"SD karte ir pilna."},{"$i":"state_storage_full_content_new","$v":"Nevar ierakstīt. Lai atbrīvotu vietu, izdzēsiet multivides failus."},{"$i":"state_storage_full_content_new_sdcard","$v":"Nevar ierakstīt. Lai atbrīvotu vietu, izdzēsiet failus no SD kartes."},{"$i":"state_storage_full_content_record","$v":"Nevar ierakstīt. Lai atbrīvotu vietu, varat saglabāt jau ierakstīto failu un izdzēst multivides failus."},{"$i":"state_storage_full_content_record_sdcard","$v":"Nevar ierakstīt. Lai atbrīvotu vietu, varat saglabāt jau ierakstīto failu un izdzēst failus no SD kartes."},{"$i":"state_storage_full_content_save","$v":"Nevar saglabāt failu. Dzēsiet multivides failus, lai atbrīvotu vietu."},{"$i":"state_storage_full_content_save_sdcard","$v":"Nevar saglabāt failu. Dzēsiet failus SD kartē, lai atbrīvotu vietu."},{"$i":"state_storage_in_use","$v":"Krātuve pašlaik tiek izmantota. Lūdzu, atvienojiet tālruni."},{"$i":"options","$v":"Iespējas"},{"$i":"cancel","$v":"Atcelt"},{"$i":"delete","$v":"Dzēst"},{"$i":"save","$v":"Saglabāt"},{"$i":"ok","$v":"Labi"},{"$i":"back","$v":"aizmugure"},{"$i":"select","$v":"Izvēlēties"},{"$i":"deselect","$v":"Noņemt izvēli"},{"$i":"rename-same-name","$v":"Vārds nav mainīts"},{"$i":"weekday-0-long","$v":"Svētdiena"},{"$i":"weekday-1-long","$v":"Pirmdiena"},{"$i":"weekday-2-long","$v":"Otrdiena"},{"$i":"weekday-3-long","$v":"Trešdiens"},{"$i":"weekday-4-long","$v":"Ceturtdiena"},{"$i":"weekday-5-long","$v":"Piektdiena"},{"$i":"weekday-6-long","$v":"Sestdiena"},{"$i":"weekday-0-short","$v":"Sv"},{"$i":"weekday-1-short","$v":"P"},{"$i":"weekday-2-short","$v":"O"},{"$i":"weekday-3-short","$v":"T"},{"$i":"weekday-4-short","$v":"C"},{"$i":"weekday-5-short","$v":"Pk"},{"$i":"weekday-6-short","$v":"S"},{"$i":"month-0-long","$v":"Janvāris"},{"$i":"month-1-long","$v":"Februāris"},{"$i":"month-2-long","$v":"Marts"},{"$i":"month-3-long","$v":"Aprīlis"},{"$i":"month-4-long","$v":"Maijs"},{"$i":"month-5-long","$v":"Jūnijs"},{"$i":"month-6-long","$v":"Jūlijs"},{"$i":"month-7-long","$v":"Augusts"},{"$i":"month-8-long","$v":"Septembris"},{"$i":"month-9-long","$v":"Oktobris"},{"$i":"month-10-long","$v":"Novembris"},{"$i":"month-11-long","$v":"Decembris"},{"$i":"month-0-genitive","$v":"Janvāris"},{"$i":"month-1-genitive","$v":"Februāris"},{"$i":"month-2-genitive","$v":"Marts"},{"$i":"month-3-genitive","$v":"Aprīlis"},{"$i":"month-4-genitive","$v":"Maijs"},{"$i":"month-5-genitive","$v":"Jūnijs"},{"$i":"month-6-genitive","$v":"Jūlijs"},{"$i":"month-7-genitive","$v":"Augusts"},{"$i":"month-8-genitive","$v":"Septembris"},{"$i":"month-9-genitive","$v":"Oktobris"},{"$i":"month-10-genitive","$v":"Novembris"},{"$i":"month-11-genitive","$v":"Decembris"},{"$i":"month-0-short","$v":"Jan."},{"$i":"month-1-short","$v":"Febr."},{"$i":"month-2-short","$v":"Marts"},{"$i":"month-3-short","$v":"Apr."},{"$i":"month-4-short","$v":"Maijs"},{"$i":"month-5-short","$v":"Jūn."},{"$i":"month-6-short","$v":"Jūl."},{"$i":"month-7-short","$v":"Aug."},{"$i":"month-8-short","$v":"Sept."},{"$i":"month-9-short","$v":"Okt."},{"$i":"month-10-short","$v":"Nov."},{"$i":"month-11-short","$v":"Dec."},{"$i":"minutes-ago-long","$v":{"few":["Pirms ",{"t":"idOrVar","v":"value"}," minūtēm"],"many":["Pirms ",{"t":"idOrVar","v":"value"}," minūtēm"],"one":"pirms minūtes","other":["Pirms ",{"t":"idOrVar","v":"value"}," minūtēm"],"two":["Pirms ",{"t":"idOrVar","v":"value"}," minūtēm"],"zero":"tikko"},"$x":[{"t":"idOrVar","v":"plural"},"value"]},{"$i":"hours-ago-long","$v":{"few":["Pirms ",{"t":"idOrVar","v":"value"}," stundām"],"many":["Pirms ",{"t":"idOrVar","v":"value"}," stundām"],"one":"pirms stundas","other":["Pirms ",{"t":"idOrVar","v":"value"}," stundām"],"two":["Pirms ",{"t":"idOrVar","v":"value"}," stundām"],"zero":"tikko"},"$x":[{"t":"idOrVar","v":"plural"},"value"]},{"$i":"days-ago-long","$v":{"few":["Pirms ",{"t":"idOrVar","v":"value"}," dienām"],"many":["Pirms ",{"t":"idOrVar","v":"value"}," dienām"],"one":"vakar","other":["Pirms ",{"t":"idOrVar","v":"value"}," dienām"],"two":["Pirms ",{"t":"idOrVar","v":"value"}," dienām"],"zero":"šodien"},"$x":[{"t":"idOrVar","v":"plural"},"value"]},{"$i":"weeks-ago-long","$v":{"few":["Pirms ",{"t":"idOrVar","v":"value"}," nedēļām"],"many":["Pirms ",{"t":"idOrVar","v":"value"}," nedēļām"],"one":"pagājušajā nedēļā","other":["Pirms ",{"t":"idOrVar","v":"value"}," nedēļām"],"two":["Pirms ",{"t":"idOrVar","v":"value"}," nedēļām"],"zero":"šonedēļ"},"$x":[{"t":"idOrVar","v":"plural"},"value"]},{"$i":"months-ago-long","$v":{"few":["Pirms ",{"t":"idOrVar","v":"value"}," mēnešiem"],"many":["Pirms ",{"t":"idOrVar","v":"value"}," mēnešiem"],"one":"pagājušajā mēnesī","other":["Pirms ",{"t":"idOrVar","v":"value"}," mēnešiem"],"two":["Pirms ",{"t":"idOrVar","v":"value"}," mēnešiem"],"zero":"šomēnes"},"$x":[{"t":"idOrVar","v":"plural"},"value"]},{"$i":"years-ago-long","$v":{"few":["Pirms ",{"t":"idOrVar","v":"value"}," gadiem"],"many":["Pirms ",{"t":"idOrVar","v":"value"}," gadiem"],"one":"pagājušajā gadā","other":["Pirms ",{"t":"idOrVar","v":"value"}," gadiem"],"two":["Pirms ",{"t":"idOrVar","v":"value"}," gadiem"],"zero":"šogad"},"$x":[{"t":"idOrVar","v":"plural"},"value"]},{"$i":"minutes-until-long","$v":{"few":[{"t":"idOrVar","v":"value"}," minūtēs"],"many":[{"t":"idOrVar","v":"value"}," minūtēs"],"one":"minūtē","other":[{"t":"idOrVar","v":"value"}," minūtēs"],"two":[{"t":"idOrVar","v":"value"}," minūtēs"],"zero":"tūlīt"},"$x":[{"t":"idOrVar","v":"plural"},"value"]},{"$i":"hours-until-long","$v":{"few":[{"t":"idOrVar","v":"value"}," stundās"],"many":[{"t":"idOrVar","v":"value"}," stundās"],"one":"stundā","other":[{"t":"idOrVar","v":"value"}," stundās"],"two":[{"t":"idOrVar","v":"value"}," stundās"],"zero":"tūlīt"},"$x":[{"t":"idOrVar","v":"plural"},"value"]},{"$i":"days-until-long","$v":{"few":[{"t":"idOrVar","v":"value"}," dienās"],"many":[{"t":"idOrVar","v":"value"}," dienās"],"one":"rīt","other":[{"t":"idOrVar","v":"value"}," dienās"],"two":[{"t":"idOrVar","v":"value"}," dienās"],"zero":"šodien"},"$x":[{"t":"idOrVar","v":"plural"},"value"]},{"$i":"weeks-until-long","$v":{"few":[{"t":"idOrVar","v":"value"}," nedēļās"],"many":[{"t":"idOrVar","v":"value"}," nedēļās"],"one":"nākamā nedēļa","other":[{"t":"idOrVar","v":"value"}," nedēļās"],"two":[{"t":"idOrVar","v":"value"}," nedēļās"],"zero":"šonedēļ"},"$x":[{"t":"idOrVar","v":"plural"},"value"]},{"$i":"months-until-long","$v":{"few":[{"t":"idOrVar","v":"value"}," mēnešos"],"many":[{"t":"idOrVar","v":"value"}," mēnešos"],"one":"nākamais mēnesis","other":[{"t":"idOrVar","v":"value"}," mēnešos"],"two":[{"t":"idOrVar","v":"value"}," mēnešos"],"zero":"šomēnes"},"$x":[{"t":"idOrVar","v":"plural"},"value"]},{"$i":"years-until-long","$v":{"few":[{"t":"idOrVar","v":"value"}," gados"],"many":[{"t":"idOrVar","v":"value"}," gados"],"one":"nākamais gads","other":[{"t":"idOrVar","v":"value"}," gados"],"two":[{"t":"idOrVar","v":"value"}," gados"],"zero":"šogad"},"$x":[{"t":"idOrVar","v":"plural"},"value"]},{"$i":"minutes-ago-short","$v":{"other":["Pirms ",{"t":"idOrVar","v":"value"}," min."],"zero":"tikko"},"$x":[{"t":"idOrVar","v":"plural"},"value"]},{"$i":"hours-ago-short","$v":{"other":["Pirms ",{"t":"idOrVar","v":"value"}," stundām"],"zero":"tikko"},"$x":[{"t":"idOrVar","v":"plural"},"value"]},{"$i":"days-ago-short","$v":{"other":["Pirms ",{"t":"idOrVar","v":"value"}," d."],"zero":"šodien"},"$x":[{"t":"idOrVar","v":"plural"},"value"]},{"$i":"minutes-until-short","$v":{"other":[{"t":"idOrVar","v":"value"}," min."],"zero":"tūlīt"},"$x":[{"t":"idOrVar","v":"plural"},"value"]},{"$i":"hours-until-short","$v":{"other":[{"t":"idOrVar","v":"value"}," st."],"zero":"tūlīt"},"$x":[{"t":"idOrVar","v":"plural"},"value"]},{"$i":"days-until-short","$v":{"other":[{"t":"idOrVar","v":"value"}," dienās"],"zero":"šodien"},"$x":[{"t":"idOrVar","v":"plural"},"value"]},{"$i":"incorrectDate","$v":"(nepareizs datums)"},{"$i":"dateTimeFormat_%c","$v":"%a %b %e %Y %I:%M:%S %p"},{"$i":"dateTimeFormat_%x","$v":"%m/%d/%Y"},{"$i":"dateTimeFormat_%X","$v":"%I:%M:%S %p"},{"$i":"shortTimeFormat","$v":"%I:%M %p"},{"$i":"shortTimeFormat12","$v":"%I:%M %p"},{"$i":"shortTimeFormat24","$v":"%H:%M"},{"$i":"shortDateTimeFormat","$v":"%x %I:%M %p"},{"$i":"weekStartsOnMonday","$v":"0.0"},{"$i":"firstDayOfTheWeek","$v":"1.0"},{"$i":"time_am","$v":"no rīta"},{"$i":"time_pm","$v":"Pēc plkst."}]