[{"$i":"toast-audio-save","$v":"Записот е зачуван"},{"$i":"toast-audio-discarded","$v":"Снимањето е отфрлено"},{"$i":"toast-save-rate","$v":"Промените се зачувани."},{"$i":"toast-audio-deleted","$v":"Записот е избришан"},{"$i":"toast-audio-files-deleted","$v":"Аудио датотеките се бришат."},{"$i":"toast-audio-rename-ok","$v":"Името е променето"},{"$i":"toast-audio-rename-failed","$v":"Неуспешно преимен"},{"$i":"toast-music-library-save","$v":[{"t":"idOrVar","v":"name"}," Зачувана во музичката библиотека"]},{"$i":"toast-audio-import-save","$v":[{"t":"idOrVar","v":"name"}," е зачувано во Снимач."]},{"$i":"toast-audio-save-failed","$v":"Зачуван не успеа."},{"$i":"soft-key-new","$v":"Нова"},{"$i":"soft-key-option","$v":"Опција"},{"$i":"soft-key-play","$v":"Репродукција"},{"$i":"soft-key-ok","$v":"ОК"},{"$i":"soft-key-options","$v":"Опции"},{"$i":"soft-key-back","$v":"Назад"},{"$i":"soft-key-pause","$v":"Паузирај"},{"$i":"soft-key-cancel","$v":"Откажи"},{"$i":"soft-key-delete","$v":"Избриши"},{"$i":"soft-key-done","$v":"Готово"},{"$i":"soft-key-save","$v":"Зачувај"},{"$i":"soft-key-discard","$v":"Отфрли"},{"$i":"soft-key-all","$v":"Сите"},{"$i":"soft-key-deselect","$v":"Пон.ги избр."},{"$i":"soft-key-none","$v":"Ништо"},{"$i":"menu-header","$v":"Опции"},{"$i":"menu-delete","$v":"Избриши"},{"$i":"menu-share","$v":"Споделете"},{"$i":"menu-rename","$v":"Преименувај"},{"$i":"menu-save-as-ringtone","$v":"Зачувајте како мелодија"},{"$i":"menu-settings","$v":"Параметри"},{"$i":"menu-volume","$v":"Јачина"},{"$i":"menu-save-to-music-library","$v":"Зачувајте во музичката библиотека"},{"$i":"menu-select-multiple","$v":"Изберете неколку"},{"$i":"number-selected","$v":{"few":[{"t":"idOrVar","v":"number"}," избрано"],"many":[{"t":"idOrVar","v":"number"}," избрано"],"one":[{"t":"idOrVar","v":"number"}," избрано"],"other":[{"t":"idOrVar","v":"number"}," избрано"],"two":[{"t":"idOrVar","v":"number"}," избрано"],"zero":[{"t":"idOrVar","v":"number"}," избрано"]},"$x":[{"t":"idOrVar","v":"plural"},"number"]},{"$i":"title-audio-list","$v":"Аудио рекордер"},{"$i":"title-rename","$v":"Преименување"},{"$i":"title-settings","$v":"Параметри"},{"$i":"title-save-confirmation","$v":"Потврдување"},{"$i":"title-delete-confirmation","$v":"Потврдување"},{"$i":"title-recording-bitrate","$v":"Стапка на снимање"},{"$i":"title-pick-audio-list","$v":"Изберете Снимач"},{"$i":"dialog-delete-audio-file","$v":"Избриши ја аудио датотеката?"},{"$i":"dialog-save-audio-recording","$v":"Зачувај ја оваа аудио снимка?"},{"$i":"dialog-delete-select-audio","$v":{"few":["Избриши ",{"t":"idOrVar","v":"број"}," снимки?"],"many":["Избриши ",{"t":"idOrVar","v":"број"}," снимки?"],"one":"Избриши ги избраните снимки?","other":["Избриши ",{"t":"idOrVar","v":"број"}," снимки?"],"two":["Избриши ",{"t":"idOrVar","v":"број"}," снимки?"]},"$x":[{"t":"idOrVar","v":"plural"},"number"]},{"$i":"settings-bitrate-8k","$v":"8K (Помала големина)"},{"$i":"settings-bitrate-44k","$v":"44K (Поголема големина)"},{"$i":"settings-bitrate-err","$v":"Поставување на грешка"},{"$i":"audio-recorder-is-empty","$v":"Аудио рекордерот е празен."},{"$i":"audio-pick-is-empty","$v":"Аудио Снимачот е празен."},{"$i":"input-title-enter-new-name","$v":"Внесете ново име"},{"$i":"new-recording","$v":"Ново снимање"},{"$i":"save-input","placeholder":"Ново снимање"},{"$i":"save-audio-input","$v":"Име"},{"$i":"audio-player-state","$v":"Репродукција..."},{"$i":"audio-player-state-pause","$v":""},{"$i":"audio-recorder-loading","$v":"Скенирање за аудио."},{"$i":"unsupport-file-name","$v":{"$o":"Не можете да користите име што содржи знаци што не се поддржуваат: \\/:*?&quot;&lt;&gt;|"}},{"$i":"import-file-error","$v":"Името е веќе употребено. Изберете друго име."},{"$i":"import-file-exist","$v":"Веќе постои датотека со исто име."},{"$i":"state_storage_no_memory_card","$v":"Мемор. карт. не е откриена. Поставете мемор. картичка."},{"$i":"state_storage_full","$v":"Складот е полн"},{"$i":"state_storage_full_sdcard","$v":"SD карт. е полна."},{"$i":"state_storage_full_content_new","$v":"Не може да се сними. Избришете медиумски датотеки за да ослободите простор."},{"$i":"state_storage_full_content_new_sdcard","$v":"Не може да се сними. Избришете датотеки на СД-картичката за да ослободите простор."},{"$i":"state_storage_full_content_record","$v":"Не може да се сними. Зачувајте ја веќе снимената датотека и избришете медиумски датотеки за да ослободите простор."},{"$i":"state_storage_full_content_record_sdcard","$v":"Не може да се сними. Зачувајте ја веќе снимената датотека и избришете датотеки од СД-картичката за да ослободите простор."},{"$i":"state_storage_full_content_save","$v":"Датотеката не може да се зачува. Избришете медиумски датотеки за да ослободите простор."},{"$i":"state_storage_full_content_save_sdcard","$v":"Датотеката не може да се зачува. Избришете датотеки во SD-картичката за да ослободите простор."},{"$i":"state_storage_in_use","$v":"Складот моментално се користи. Исклучете го телефонот."},{"$i":"options","$v":"Опции"},{"$i":"cancel","$v":"Откажи"},{"$i":"delete","$v":"Избриши"},{"$i":"save","$v":"Зачувај"},{"$i":"ok","$v":"ОК"},{"$i":"back","$v":"Назад"},{"$i":"select","$v":"Избирање"},{"$i":"deselect","$v":"Пон.ги избр."},{"$i":"rename-same-name","$v":"Името не е променето"},{"$i":"weekday-0-long","$v":"Недела"},{"$i":"weekday-1-long","$v":"Понеделник"},{"$i":"weekday-2-long","$v":"Вторник"},{"$i":"weekday-3-long","$v":"Среда"},{"$i":"weekday-4-long","$v":"Четврток"},{"$i":"weekday-5-long","$v":"Петок"},{"$i":"weekday-6-long","$v":"Сабота"},{"$i":"weekday-0-short","$v":"Нед"},{"$i":"weekday-1-short","$v":"Пон"},{"$i":"weekday-2-short","$v":"Вто"},{"$i":"weekday-3-short","$v":"Сре"},{"$i":"weekday-4-short","$v":"Чет"},{"$i":"weekday-5-short","$v":"Пет"},{"$i":"weekday-6-short","$v":"Саб"},{"$i":"month-0-long","$v":"Јануари"},{"$i":"month-1-long","$v":"Фебруари"},{"$i":"month-2-long","$v":"Март"},{"$i":"month-3-long","$v":"Април"},{"$i":"month-4-long","$v":"Мај"},{"$i":"month-5-long","$v":"Јуни"},{"$i":"month-6-long","$v":"Јули"},{"$i":"month-7-long","$v":"Август"},{"$i":"month-8-long","$v":"Септември"},{"$i":"month-9-long","$v":"Октомври"},{"$i":"month-10-long","$v":"Ноември"},{"$i":"month-11-long","$v":"Декември"},{"$i":"month-0-genitive","$v":"Јануари"},{"$i":"month-1-genitive","$v":"Февруари"},{"$i":"month-2-genitive","$v":"Март"},{"$i":"month-3-genitive","$v":"Април"},{"$i":"month-4-genitive","$v":"Мај"},{"$i":"month-5-genitive","$v":"Јуни"},{"$i":"month-6-genitive","$v":"Јули"},{"$i":"month-7-genitive","$v":"Август"},{"$i":"month-8-genitive","$v":"Септември"},{"$i":"month-9-genitive","$v":"Октомври"},{"$i":"month-10-genitive","$v":"Ноември"},{"$i":"month-11-genitive","$v":"Декември"},{"$i":"month-0-short","$v":"Јан"},{"$i":"month-1-short","$v":"Фев"},{"$i":"month-2-short","$v":"Мар"},{"$i":"month-3-short","$v":"Апр"},{"$i":"month-4-short","$v":"Мај"},{"$i":"month-5-short","$v":"Јун"},{"$i":"month-6-short","$v":"Јул"},{"$i":"month-7-short","$v":"Авг"},{"$i":"month-8-short","$v":"Сеп"},{"$i":"month-9-short","$v":"Окт"},{"$i":"month-10-short","$v":"Ное"},{"$i":"month-11-short","$v":"Дек"},{"$i":"minutes-ago-long","$v":{"few":[{"t":"idOrVar","v":"value"}," минути пред"],"many":[{"t":"idOrVar","v":"value"}," минути пред"],"one":"пред 1 минута","other":["Пред ",{"t":"idOrVar","v":"value"}," Минути"],"two":[{"t":"idOrVar","v":"value"}," минути пред"],"zero":"само што"},"$x":[{"t":"idOrVar","v":"plural"},"value"]},{"$i":"hours-ago-long","$v":{"few":[{"t":"idOrVar","v":"value"}," часови пред"],"many":[{"t":"idOrVar","v":"value"}," часови пред"],"one":"пред еден час","other":["Пред ",{"t":"idOrVar","v":"value"}," Часа"],"two":[{"t":"idOrVar","v":"value"}," часови пред"],"zero":"само што"},"$x":[{"t":"idOrVar","v":"plural"},"value"]},{"$i":"days-ago-long","$v":{"few":[{"t":"idOrVar","v":"value"}," денови пред"],"many":[{"t":"idOrVar","v":"value"}," денови пред"],"one":"вчера","other":["Пред ",{"t":"idOrVar","v":"value"}," Дена"],"two":[{"t":"idOrVar","v":"value"}," денови пред"],"zero":"денес"},"$x":[{"t":"idOrVar","v":"plural"},"value"]},{"$i":"weeks-ago-long","$v":{"few":[{"t":"idOrVar","v":"value"}," седмици пред"],"many":[{"t":"idOrVar","v":"value"}," седмици пред"],"one":"минатата недела","other":[{"t":"idOrVar","v":"value"}," седмици пред"],"two":[{"t":"idOrVar","v":"value"}," седмици пред"],"zero":"оваа седмица"},"$x":[{"t":"idOrVar","v":"plural"},"value"]},{"$i":"months-ago-long","$v":{"few":[{"t":"idOrVar","v":"value"}," месеци пред"],"many":[{"t":"idOrVar","v":"value"}," месеци пред"],"one":"минатиот месец","other":[{"t":"idOrVar","v":"value"}," месеци пред"],"two":[{"t":"idOrVar","v":"value"}," месеци пред"],"zero":"овој месец"},"$x":[{"t":"idOrVar","v":"plural"},"value"]},{"$i":"years-ago-long","$v":{"few":[{"t":"idOrVar","v":"value"}," години пред"],"many":[{"t":"idOrVar","v":"value"}," години пред"],"one":"минатата година","other":[{"t":"idOrVar","v":"value"}," години пред"],"two":[{"t":"idOrVar","v":"value"}," години пред"],"zero":"оваа година"},"$x":[{"t":"idOrVar","v":"plural"},"value"]},{"$i":"minutes-until-long","$v":{"few":["за ",{"t":"idOrVar","v":"value"}," минути"],"many":["за ",{"t":"idOrVar","v":"value"}," минути"],"one":"за една минута","other":["за ",{"t":"idOrVar","v":"value"}," минути"],"two":["за ",{"t":"idOrVar","v":"value"}," минути"],"zero":"сега"},"$x":[{"t":"idOrVar","v":"plural"},"value"]},{"$i":"hours-until-long","$v":{"few":["за ",{"t":"idOrVar","v":"value"}," часа"],"many":["за ",{"t":"idOrVar","v":"value"}," часа"],"one":"за еден час","other":["за ",{"t":"idOrVar","v":"value"}," часа"],"two":["за ",{"t":"idOrVar","v":"value"}," часа"],"zero":"сега"},"$x":[{"t":"idOrVar","v":"plural"},"value"]},{"$i":"days-until-long","$v":{"few":["за ",{"t":"idOrVar","v":"value"}," дена"],"many":["за ",{"t":"idOrVar","v":"value"}," дена"],"one":"утре","other":["за ",{"t":"idOrVar","v":"value"}," дена"],"two":["за ",{"t":"idOrVar","v":"value"}," дена"],"zero":"денес"},"$x":[{"t":"idOrVar","v":"plural"},"value"]},{"$i":"weeks-until-long","$v":{"few":["за ",{"t":"idOrVar","v":"value"}," седмици"],"many":["за ",{"t":"idOrVar","v":"value"}," седмици"],"one":"следната седмица","other":["за ",{"t":"idOrVar","v":"value"}," седмици"],"two":["за ",{"t":"idOrVar","v":"value"}," седмици"],"zero":"оваа седмица"},"$x":[{"t":"idOrVar","v":"plural"},"value"]},{"$i":"months-until-long","$v":{"few":["за ",{"t":"idOrVar","v":"value"}," месеци"],"many":["за ",{"t":"idOrVar","v":"value"}," месеци"],"one":"следниот месец","other":["за ",{"t":"idOrVar","v":"value"}," месеци"],"two":["за ",{"t":"idOrVar","v":"value"}," месеци"],"zero":"овој месец"},"$x":[{"t":"idOrVar","v":"plural"},"value"]},{"$i":"years-until-long","$v":{"few":["за ",{"t":"idOrVar","v":"value"}," години"],"many":["за ",{"t":"idOrVar","v":"value"}," години"],"one":"следната година","other":["за ",{"t":"idOrVar","v":"value"}," години"],"two":["за ",{"t":"idOrVar","v":"value"}," години"],"zero":"оваа година"},"$x":[{"t":"idOrVar","v":"plural"},"value"]},{"$i":"minutes-ago-short","$v":{"other":[{"t":"idOrVar","v":"value"},"м. пред"],"zero":"само што"},"$x":[{"t":"idOrVar","v":"plural"},"value"]},{"$i":"hours-ago-short","$v":{"other":[{"t":"idOrVar","v":"value"},"ч. пред"],"zero":"само што"},"$x":[{"t":"idOrVar","v":"plural"},"value"]},{"$i":"days-ago-short","$v":{"other":[{"t":"idOrVar","v":"value"},"д. пред"],"zero":"денес"},"$x":[{"t":"idOrVar","v":"plural"},"value"]},{"$i":"minutes-until-short","$v":{"other":["за ",{"t":"idOrVar","v":"value"},"м"],"zero":"сега"},"$x":[{"t":"idOrVar","v":"plural"},"value"]},{"$i":"hours-until-short","$v":{"other":["за ",{"t":"idOrVar","v":"value"},"ч"],"zero":"сега"},"$x":[{"t":"idOrVar","v":"plural"},"value"]},{"$i":"days-until-short","$v":{"other":["за ",{"t":"idOrVar","v":"value"},"д"],"zero":"денес"},"$x":[{"t":"idOrVar","v":"plural"},"value"]},{"$i":"incorrectDate","$v":"(неточна дата)"},{"$i":"dateTimeFormat_%c","$v":"%a %b %e %Y %I:%M:%S %p"},{"$i":"dateTimeFormat_%x","$v":"%m/%d/%Y"},{"$i":"dateTimeFormat_%X","$v":"%I:%M:%S %p"},{"$i":"shortTimeFormat","$v":"%I:%M %p"},{"$i":"shortTimeFormat12","$v":"%I:%M %p"},{"$i":"shortTimeFormat24","$v":"%H:%M"},{"$i":"shortDateTimeFormat","$v":"%x %I:%M %p"},{"$i":"weekStartsOnMonday","$v":"0.0"},{"$i":"firstDayOfTheWeek","$v":"1.0"},{"$i":"time_am","$v":"Претпл."},{"$i":"time_pm","$v":"пм"}]