[{"$i":"toast-audio-save","$v":"Înregistrare salvată"},{"$i":"toast-audio-discarded","$v":"Înregistrare eliminată"},{"$i":"toast-save-rate","$v":"Modificări salvate."},{"$i":"toast-audio-deleted","$v":"Înregistrare ștearsă"},{"$i":"toast-audio-files-deleted","$v":"Fișiere audio șterse."},{"$i":"toast-audio-rename-ok","$v":"Denumire modificată"},{"$i":"toast-audio-rename-failed","$v":"Redenumire nereușită"},{"$i":"toast-music-library-save","$v":[{"t":"idOrVar","v":"name"}," Salvată în biblioteca muzicală"]},{"$i":"toast-audio-import-save","$v":[{"t":"idOrVar","v":"name"}," salvat în Înregistrator."]},{"$i":"toast-audio-save-failed","$v":"Salvarea a eșuat."},{"$i":"soft-key-new","$v":"Nou"},{"$i":"soft-key-option","$v":"Opțiune"},{"$i":"soft-key-play","$v":"Redare"},{"$i":"soft-key-ok","$v":"OK"},{"$i":"soft-key-options","$v":"Opțiuni"},{"$i":"soft-key-back","$v":"Înapoi"},{"$i":"soft-key-pause","$v":"Pauză"},{"$i":"soft-key-cancel","$v":"Anulare"},{"$i":"soft-key-delete","$v":"Ștergere"},{"$i":"soft-key-done","$v":"Efectuat"},{"$i":"soft-key-save","$v":"Salvare"},{"$i":"soft-key-discard","$v":"Renunțare"},{"$i":"soft-key-all","$v":"Toate"},{"$i":"soft-key-deselect","$v":"Deselectați"},{"$i":"soft-key-none","$v":"Niciunul"},{"$i":"menu-header","$v":"Opțiuni"},{"$i":"menu-delete","$v":"Ștergere"},{"$i":"menu-share","$v":"Partajare"},{"$i":"menu-rename","$v":"Redenumire"},{"$i":"menu-save-as-ringtone","$v":"Salvare ca sunet de apel"},{"$i":"menu-settings","$v":"Setări"},{"$i":"menu-volume","$v":"Volum"},{"$i":"menu-save-to-music-library","$v":"Salvați în biblioteca muzicală"},{"$i":"menu-select-multiple","$v":"Selectați multiplu"},{"$i":"number-selected","$v":{"few":[{"t":"idOrVar","v":"number"}," selectat"],"many":[{"t":"idOrVar","v":"number"}," selectat"],"one":[{"t":"idOrVar","v":"number"}," selectat"],"other":[{"t":"idOrVar","v":"number"}," selectat"],"two":[{"t":"idOrVar","v":"number"}," selectat"],"zero":[{"t":"idOrVar","v":"number"}," selectat"]},"$x":[{"t":"idOrVar","v":"plural"},"number"]},{"$i":"title-audio-list","$v":"Înregistrator audio"},{"$i":"title-rename","$v":"Redenumire"},{"$i":"title-settings","$v":"Setări"},{"$i":"title-save-confirmation","$v":"Confirmare"},{"$i":"title-delete-confirmation","$v":"Confirmare"},{"$i":"title-recording-bitrate","$v":"Rată de înregistrare"},{"$i":"title-pick-audio-list","$v":"Selectați un înregistrator"},{"$i":"dialog-delete-audio-file","$v":"Ștergeți fișierul audio?"},{"$i":"dialog-save-audio-recording","$v":"Salvați înregistrarea audio?"},{"$i":"dialog-delete-select-audio","$v":{"few":["Delete ",{"t":"idOrVar","v":"number"}," recordings?"],"many":["Delete ",{"t":"idOrVar","v":"number"}," recordings?"],"one":"Delete selected recording?","other":["Delete ",{"t":"idOrVar","v":"number"}," recordings?"],"two":["Delete ",{"t":"idOrVar","v":"number"}," recordings?"]},"$x":[{"t":"idOrVar","v":"plural"},"number"]},{"$i":"settings-bitrate-8k","$v":"8K (Dim. mai mică)"},{"$i":"settings-bitrate-44k","$v":"44K (Dim. mai mare)"},{"$i":"settings-bitrate-err","$v":"Eroare setare"},{"$i":"audio-recorder-is-empty","$v":"Înregistratorul audio este gol."},{"$i":"audio-pick-is-empty","$v":"Înregistratorul audio este gol."},{"$i":"input-title-enter-new-name","$v":"Introduceți numele nou"},{"$i":"new-recording","$v":"Înregistrare nouă"},{"$i":"save-input","placeholder":"Înregistrare nouă"},{"$i":"save-audio-input","$v":"Denumire"},{"$i":"audio-player-state","$v":"Redare..."},{"$i":"audio-player-state-pause","$v":""},{"$i":"audio-recorder-loading","$v":"Scanare pentru înregis. audio..."},{"$i":"unsupport-file-name","$v":{"$o":"Imposibil de utilizat o denumire care conține caractere nesuportate: \\/:*?&quot;&lt;&gt;|"}},{"$i":"import-file-error","$v":"Denumirea este utilizată deja. Alegeți o altă denumire"},{"$i":"import-file-exist","$v":"Aceeași denumire de fișier există deja."},{"$i":"state_storage_no_memory_card","$v":"Cardul de memorie nu a fost găsit. Introduceți un card de memorie."},{"$i":"state_storage_full","$v":"Memorie plină"},{"$i":"state_storage_full_sdcard","$v":"Cardul SD este plin."},{"$i":"state_storage_full_content_new","$v":"Înregistrarea nu poate fi efectuată. Ștergeți fișiere media pentru a elibera spațiu."},{"$i":"state_storage_full_content_new_sdcard","$v":"Înregistrarea nu poate fi efectuată. Ștergeți fișiere de pe cardul SD pentru a elibera spațiu."},{"$i":"state_storage_full_content_record","$v":"Înregistrarea nu poate fi efectuată. Puteți salva fișierul deja înregistrat și șterge fișiere media pentru a elibera spațiu."},{"$i":"state_storage_full_content_record_sdcard","$v":"Înregistrarea nu poate fi efectuată. Puteți salva fișierul deja înregistrat și șterge fișiere de pe cardul SD pentru a elibera spațiu."},{"$i":"state_storage_full_content_save","$v":"Imposibil de salvat fișierul. Ștergeți fișierele media pentru a elibera spațiu."},{"$i":"state_storage_full_content_save_sdcard","$v":"Imposibil de salvat fișierul. Ștergeți fișierele de pe cardul SD pentru a elibera spațiu."},{"$i":"state_storage_in_use","$v":"Memoria este utilizată momentan. Deconectați telefonul."},{"$i":"options","$v":"Opțiuni"},{"$i":"cancel","$v":"Anulare"},{"$i":"delete","$v":"Ștergere"},{"$i":"save","$v":"Salvare"},{"$i":"ok","$v":"OK"},{"$i":"back","$v":"Înapoi"},{"$i":"select","$v":"Selectare"},{"$i":"deselect","$v":"Deselectați"},{"$i":"rename-same-name","$v":"Denumire nemodificată"},{"$i":"weekday-0-long","$v":"Duminică"},{"$i":"weekday-1-long","$v":"Luni"},{"$i":"weekday-2-long","$v":"Marți"},{"$i":"weekday-3-long","$v":"Miercuri"},{"$i":"weekday-4-long","$v":"Joi"},{"$i":"weekday-5-long","$v":"Vineri"},{"$i":"weekday-6-long","$v":"Sâmbătă"},{"$i":"weekday-0-short","$v":"Dum"},{"$i":"weekday-1-short","$v":"Lun"},{"$i":"weekday-2-short","$v":"Ma"},{"$i":"weekday-3-short","$v":"Mie"},{"$i":"weekday-4-short","$v":"Joi"},{"$i":"weekday-5-short","$v":"Vi"},{"$i":"weekday-6-short","$v":"Sâm"},{"$i":"month-0-long","$v":"Ianuarie"},{"$i":"month-1-long","$v":"Februarie"},{"$i":"month-2-long","$v":"Martie"},{"$i":"month-3-long","$v":"Aprilie"},{"$i":"month-4-long","$v":"Mai"},{"$i":"month-5-long","$v":"Iunie"},{"$i":"month-6-long","$v":"Iulie"},{"$i":"month-7-long","$v":"August"},{"$i":"month-8-long","$v":"Septembrie"},{"$i":"month-9-long","$v":"Octombrie"},{"$i":"month-10-long","$v":"Noiembrie"},{"$i":"month-11-long","$v":"Decembrie"},{"$i":"month-0-genitive","$v":"Ianuarie"},{"$i":"month-1-genitive","$v":"Februarie"},{"$i":"month-2-genitive","$v":"Martie"},{"$i":"month-3-genitive","$v":"Aprilie"},{"$i":"month-4-genitive","$v":"Mai"},{"$i":"month-5-genitive","$v":"Iunie"},{"$i":"month-6-genitive","$v":"Iulie"},{"$i":"month-7-genitive","$v":"August"},{"$i":"month-8-genitive","$v":"Septembrie"},{"$i":"month-9-genitive","$v":"Octombrie"},{"$i":"month-10-genitive","$v":"Noiembrie"},{"$i":"month-11-genitive","$v":"Decembrie"},{"$i":"month-0-short","$v":"Ian"},{"$i":"month-1-short","$v":"Feb"},{"$i":"month-2-short","$v":"Mar"},{"$i":"month-3-short","$v":"Apr"},{"$i":"month-4-short","$v":"Mai"},{"$i":"month-5-short","$v":"Iun"},{"$i":"month-6-short","$v":"Iul"},{"$i":"month-7-short","$v":"Aug"},{"$i":"month-8-short","$v":"Sep"},{"$i":"month-9-short","$v":"Oct"},{"$i":"month-10-short","$v":"Nov"},{"$i":"month-11-short","$v":"Dec"},{"$i":"minutes-ago-long","$v":{"few":[{"t":"idOrVar","v":"value"}," minute în urmă"],"many":[{"t":"idOrVar","v":"value"}," minute în urmă"],"one":"un minut în urmă","other":[{"t":"idOrVar","v":"value"}," minute în urmă"],"two":[{"t":"idOrVar","v":"value"}," minute în urmă"],"zero":"chiar acum"},"$x":[{"t":"idOrVar","v":"plural"},"value"]},{"$i":"hours-ago-long","$v":{"few":[{"t":"idOrVar","v":"value"}," ore în urmă"],"many":[{"t":"idOrVar","v":"value"}," ore în urmă"],"one":"o oră în urmă","other":[{"t":"idOrVar","v":"value"}," ore în urmă"],"two":[{"t":"idOrVar","v":"value"}," ore în urmă"],"zero":"chiar acum"},"$x":[{"t":"idOrVar","v":"plural"},"value"]},{"$i":"days-ago-long","$v":{"few":[{"t":"idOrVar","v":"value"}," zile în urmă"],"many":[{"t":"idOrVar","v":"value"}," zile în urmă"],"one":"ieri","other":[{"t":"idOrVar","v":"value"}," zile în urmă"],"two":[{"t":"idOrVar","v":"value"}," zile în urmă"],"zero":"azi"},"$x":[{"t":"idOrVar","v":"plural"},"value"]},{"$i":"weeks-ago-long","$v":{"few":[{"t":"idOrVar","v":"value"}," săptămâni în urmă"],"many":[{"t":"idOrVar","v":"value"}," săptămâni în urmă"],"one":"ultima săptămână","other":[{"t":"idOrVar","v":"value"}," săptămâni în urmă"],"two":[{"t":"idOrVar","v":"value"}," săptămâni în urmă"],"zero":"această săptămână"},"$x":[{"t":"idOrVar","v":"plural"},"value"]},{"$i":"months-ago-long","$v":{"few":[{"t":"idOrVar","v":"value"}," luni în urmă"],"many":[{"t":"idOrVar","v":"value"}," luni în urmă"],"one":"ultima lună","other":[{"t":"idOrVar","v":"value"}," luni în urmă"],"two":[{"t":"idOrVar","v":"value"}," luni în urmă"],"zero":"această lună"},"$x":[{"t":"idOrVar","v":"plural"},"value"]},{"$i":"years-ago-long","$v":{"few":[{"t":"idOrVar","v":"value"}," ani în urmă"],"many":[{"t":"idOrVar","v":"value"}," ani în urmă"],"one":"ultimul an","other":[{"t":"idOrVar","v":"value"}," ani în urmă"],"two":[{"t":"idOrVar","v":"value"}," ani în urmă"],"zero":"acest an"},"$x":[{"t":"idOrVar","v":"plural"},"value"]},{"$i":"minutes-until-long","$v":{"few":["în ",{"t":"idOrVar","v":"value"}," minute"],"many":["în ",{"t":"idOrVar","v":"value"}," minute"],"one":"într-un minut","other":["în ",{"t":"idOrVar","v":"value"}," minute"],"two":["în ",{"t":"idOrVar","v":"value"}," minute"],"zero":"acum"},"$x":[{"t":"idOrVar","v":"plural"},"value"]},{"$i":"hours-until-long","$v":{"few":["în ",{"t":"idOrVar","v":"value"}," ore"],"many":["în ",{"t":"idOrVar","v":"value"}," ore"],"one":"într-o oră","other":["în ",{"t":"idOrVar","v":"value"}," ore"],"two":["în ",{"t":"idOrVar","v":"value"}," ore"],"zero":"acum"},"$x":[{"t":"idOrVar","v":"plural"},"value"]},{"$i":"days-until-long","$v":{"few":["în ",{"t":"idOrVar","v":"value"}," zile"],"many":["în ",{"t":"idOrVar","v":"value"}," zile"],"one":"mâine","other":["în ",{"t":"idOrVar","v":"value"}," zile"],"two":["în ",{"t":"idOrVar","v":"value"}," zile"],"zero":"azi"},"$x":[{"t":"idOrVar","v":"plural"},"value"]},{"$i":"weeks-until-long","$v":{"few":["în ",{"t":"idOrVar","v":"value"}," săptămâni"],"many":["în ",{"t":"idOrVar","v":"value"}," săptămâni"],"one":"săptămâna viitoare","other":["în ",{"t":"idOrVar","v":"value"}," săptămâni"],"two":["în ",{"t":"idOrVar","v":"value"}," săptămâni"],"zero":"această săptămână"},"$x":[{"t":"idOrVar","v":"plural"},"value"]},{"$i":"months-until-long","$v":{"few":["în ",{"t":"idOrVar","v":"value"}," luni"],"many":["în ",{"t":"idOrVar","v":"value"}," luni"],"one":"luna viitoare","other":["în ",{"t":"idOrVar","v":"value"}," luni"],"two":["în ",{"t":"idOrVar","v":"value"}," luni"],"zero":"această lună"},"$x":[{"t":"idOrVar","v":"plural"},"value"]},{"$i":"years-until-long","$v":{"few":["în ",{"t":"idOrVar","v":"value"}," ani"],"many":["în ",{"t":"idOrVar","v":"value"}," ani"],"one":"anul viitor","other":["în ",{"t":"idOrVar","v":"value"}," ani"],"two":["în ",{"t":"idOrVar","v":"value"}," ani"],"zero":"acest an"},"$x":[{"t":"idOrVar","v":"plural"},"value"]},{"$i":"minutes-ago-short","$v":{"other":[{"t":"idOrVar","v":"value"},"m în urmă"],"zero":"chiar acum"},"$x":[{"t":"idOrVar","v":"plural"},"value"]},{"$i":"hours-ago-short","$v":{"other":[{"t":"idOrVar","v":"value"},"h în urmă"],"zero":"chiar acum"},"$x":[{"t":"idOrVar","v":"plural"},"value"]},{"$i":"days-ago-short","$v":{"other":[{"t":"idOrVar","v":"value"},"z în urmă"],"zero":"azi"},"$x":[{"t":"idOrVar","v":"plural"},"value"]},{"$i":"minutes-until-short","$v":{"other":["în ",{"t":"idOrVar","v":"value"},"m"],"zero":"acum"},"$x":[{"t":"idOrVar","v":"plural"},"value"]},{"$i":"hours-until-short","$v":{"other":["în ",{"t":"idOrVar","v":"value"},"h"],"zero":"acum"},"$x":[{"t":"idOrVar","v":"plural"},"value"]},{"$i":"days-until-short","$v":{"other":["în ",{"t":"idOrVar","v":"value"},"z"],"zero":"azi"},"$x":[{"t":"idOrVar","v":"plural"},"value"]},{"$i":"incorrectDate","$v":"(dată incorectă)"},{"$i":"dateTimeFormat_%c","$v":"%a %b %e %Y %I:%M:%S %p"},{"$i":"dateTimeFormat_%x","$v":"%m/%d/%Y"},{"$i":"dateTimeFormat_%X","$v":"%I:%M:%S %p"},{"$i":"shortTimeFormat","$v":"%I:%M %p"},{"$i":"shortTimeFormat12","$v":"%I:%M %p"},{"$i":"shortTimeFormat24","$v":"%H:%M"},{"$i":"shortDateTimeFormat","$v":"%x %I:%M %p"},{"$i":"weekStartsOnMonday","$v":"0.0"},{"$i":"firstDayOfTheWeek","$v":"1.0"},{"$i":"time_am","$v":"AM"},{"$i":"time_pm","$v":"PM"}]