[{"$i":"toast-audio-save","$v":"Rakaman disimpan"},{"$i":"toast-audio-discarded","$v":"Rakaman dibuang."},{"$i":"toast-save-rate","$v":"Perubahan disimpan."},{"$i":"toast-audio-deleted","$v":"Fail audio dipadam."},{"$i":"toast-audio-files-deleted","$v":"Fail audio dipadam."},{"$i":"toast-audio-rename-ok","$v":"Nama ditukar."},{"$i":"toast-audio-rename-failed","$v":"Gagal Menamakan Semula."},{"$i":"toast-music-library-save","$v":[{"t":"idOrVar","v":"name"}," Disimpan ke pustaka muzik"]},{"$i":"toast-audio-import-save","$v":[{"t":"idOrVar","v":"name"}," disimpan ke Perakam."]},{"$i":"toast-audio-save-failed","$v":"Menyimpan gagal."},{"$i":"soft-key-new","$v":"Baharu"},{"$i":"soft-key-option","$v":"Pilihan"},{"$i":"soft-key-play","$v":"Main"},{"$i":"soft-key-ok","$v":"OK"},{"$i":"soft-key-options","$v":"Pilihan"},{"$i":"soft-key-back","$v":"Undur"},{"$i":"soft-key-pause","$v":"Jeda"},{"$i":"soft-key-cancel","$v":"Batal"},{"$i":"soft-key-delete","$v":"Padam"},{"$i":"soft-key-done","$v":"Selesai"},{"$i":"soft-key-save","$v":"Simpan"},{"$i":"soft-key-discard","$v":"Buang"},{"$i":"soft-key-all","$v":"Semua"},{"$i":"soft-key-deselect","$v":"Nyahpilih"},{"$i":"soft-key-none","$v":"Tiada"},{"$i":"menu-header","$v":"Pilihan"},{"$i":"menu-delete","$v":"Padam"},{"$i":"menu-share","$v":"Kongsi"},{"$i":"menu-rename","$v":"Namakan Semula"},{"$i":"menu-save-as-ringtone","$v":"Simpan sebagai nada dering"},{"$i":"menu-settings","$v":"Tetapan"},{"$i":"menu-volume","$v":"Kelantangan"},{"$i":"menu-save-to-music-library","$v":"Simpan ke pustaka muzik"},{"$i":"menu-select-multiple","$v":"Pilih Berbilang"},{"$i":"number-selected","$v":{"few":[{"t":"idOrVar","v":"number"}," Dipilih"],"many":[{"t":"idOrVar","v":"number"}," Dipilih"],"one":[{"t":"idOrVar","v":"number"}," Dipilih"],"other":[{"t":"idOrVar","v":"number"}," Dipilih"],"two":[{"t":"idOrVar","v":"number"}," Dipilih"],"zero":[{"t":"idOrVar","v":"number"}," Dipilih"]},"$x":[{"t":"idOrVar","v":"plural"},"number"]},{"$i":"title-audio-list","$v":"Perakam"},{"$i":"title-rename","$v":"Namakan Semula"},{"$i":"title-settings","$v":"Tetapan"},{"$i":"title-save-confirmation","$v":"Pengesahan"},{"$i":"title-delete-confirmation","$v":"Pengesahan"},{"$i":"title-recording-bitrate","$v":"Kadar Rakaman"},{"$i":"title-pick-audio-list","$v":"Pilih Perakam"},{"$i":"dialog-delete-audio-file","$v":"Padam fail audio?"},{"$i":"dialog-save-audio-recording","$v":"Simpan rakaman audio?"},{"$i":"dialog-delete-select-audio","$v":{"few":["Padam ",{"t":"idOrVar","v":"number"}," rakaman?"],"many":["Padam ",{"t":"idOrVar","v":"number"}," rakaman?"],"one":"Padam rakaman yang dipilih?","other":["Padam ",{"t":"idOrVar","v":"number"}," rakaman?"],"two":["Padam ",{"t":"idOrVar","v":"number"}," rakaman?"]},"$x":[{"t":"idOrVar","v":"plural"},"number"]},{"$i":"settings-bitrate-8k","$v":"8K (Saiz lebih kecil)"},{"$i":"settings-bitrate-44k","$v":"44K (Saiz lebih besar)"},{"$i":"settings-bitrate-err","$v":"Ralat Tetapan"},{"$i":"audio-recorder-is-empty","$v":"Perakam audio kosong, tekan Baharu untuk mula merakam."},{"$i":"audio-pick-is-empty","$v":"Perakam Audio kosong."},{"$i":"input-title-enter-new-name","$v":"Masukkan nama baharu"},{"$i":"new-recording","$v":"Rakaman Baharu"},{"$i":"save-input","placeholder":"Rakaman Baharu"},{"$i":"save-audio-input","$v":"Nama"},{"$i":"audio-player-state","$v":"Sedang dimainkan..."},{"$i":"audio-player-state-pause","$v":""},{"$i":"audio-recorder-loading","$v":"Mengimbas rakaman audio..."},{"$i":"unsupport-file-name","$v":{"$o":"Tidak boleh menggunakan nama yang mengandungi aksara yang tidak disokong: \\/:*?\"<>|"}},{"$i":"import-file-error","$v":"Nama telah diambil. Pilih nama lain"},{"$i":"import-file-exist","$v":"Nama fail sama telah wujud."},{"$i":"state_storage_no_memory_card","$v":"Kad memori tidak dijumpai. Sila masukkan kad memori."},{"$i":"state_storage_full","$v":"Storan Telefon Penuh"},{"$i":"state_storage_full_sdcard","$v":"Kad SD Penuh"},{"$i":"state_storage_full_content_new","$v":"Tidak dapat merakam. Padam fail media untuk membebaskan ruang."},{"$i":"state_storage_full_content_new_sdcard","$v":"Tidak dapat merakam. Padam fail dalam kad SD untuk membebaskan ruang."},{"$i":"state_storage_full_content_record","$v":"Tidak dapat merakam. Anda boleh menyimpan fail yang telah dirakam dan memadam fail media untuk membebaskan ruang."},{"$i":"state_storage_full_content_record_sdcard","$v":"Tidak dapat merakam. Anda boleh menyimpan fail yang telah dirakam dan memadam fail dalam kad SD untuk membebaskan ruang."},{"$i":"state_storage_full_content_save","$v":"Tidak dapat menyimpan fail. Padam fail media untuk membebaskan ruang."},{"$i":"state_storage_full_content_save_sdcard","$v":"Tidak dapat menyimpan fail. Padam fail dalam kad SD untuk membebaskan ruang."},{"$i":"state_storage_in_use","$v":"Storan digunakan pada masa ini. Sila cabut palam telefon."},{"$i":"options","$v":"Pilihan"},{"$i":"cancel","$v":"Batal"},{"$i":"delete","$v":"Padam"},{"$i":"save","$v":"Simpan"},{"$i":"ok","$v":"OK"},{"$i":"back","$v":"Undur"},{"$i":"select","$v":"Pilih"},{"$i":"deselect","$v":"Nyahpilih"},{"$i":"rename-same-name","$v":"Nama tidak ditukar."},{"$i":"weekday-0-long","$v":"Ahad"},{"$i":"weekday-1-long","$v":"Isnin"},{"$i":"weekday-2-long","$v":"Selasa"},{"$i":"weekday-3-long","$v":"Rabu"},{"$i":"weekday-4-long","$v":"Khamis"},{"$i":"weekday-5-long","$v":"Jumaat"},{"$i":"weekday-6-long","$v":"Sabtu"},{"$i":"weekday-0-short","$v":"Aha"},{"$i":"weekday-1-short","$v":"Isn"},{"$i":"weekday-2-short","$v":"Sel"},{"$i":"weekday-3-short","$v":"Rab"},{"$i":"weekday-4-short","$v":"Kha"},{"$i":"weekday-5-short","$v":"Jum"},{"$i":"weekday-6-short","$v":"Sab"},{"$i":"month-0-long","$v":"Januari"},{"$i":"month-1-long","$v":"Februari"},{"$i":"month-2-long","$v":"Mac"},{"$i":"month-3-long","$v":"April"},{"$i":"month-4-long","$v":"Mei"},{"$i":"month-5-long","$v":"Jun"},{"$i":"month-6-long","$v":"Julai"},{"$i":"month-7-long","$v":"Ogos"},{"$i":"month-8-long","$v":"September"},{"$i":"month-9-long","$v":"Oktober"},{"$i":"month-10-long","$v":"November"},{"$i":"month-11-long","$v":"Disember"},{"$i":"month-0-genitive","$v":"Januari"},{"$i":"month-1-genitive","$v":"Februari"},{"$i":"month-2-genitive","$v":"Mac"},{"$i":"month-3-genitive","$v":"April"},{"$i":"month-4-genitive","$v":"Mei"},{"$i":"month-5-genitive","$v":"Jun"},{"$i":"month-6-genitive","$v":"Julai"},{"$i":"month-7-genitive","$v":"Ogos"},{"$i":"month-8-genitive","$v":"September"},{"$i":"month-9-genitive","$v":"Oktober"},{"$i":"month-10-genitive","$v":"November"},{"$i":"month-11-genitive","$v":"Disember"},{"$i":"month-0-short","$v":"Jan"},{"$i":"month-1-short","$v":"Feb"},{"$i":"month-2-short","$v":"Mac"},{"$i":"month-3-short","$v":"Apr"},{"$i":"month-4-short","$v":"Mei"},{"$i":"month-5-short","$v":"Jun"},{"$i":"month-6-short","$v":"Jul"},{"$i":"month-7-short","$v":"Ogo"},{"$i":"month-8-short","$v":"Sep"},{"$i":"month-9-short","$v":"Okt"},{"$i":"month-10-short","$v":"Nov"},{"$i":"month-11-short","$v":"Dis"},{"$i":"minutes-ago-long","$v":{"few":[{"t":"idOrVar","v":"value"}," minit yang lalu"],"many":[{"t":"idOrVar","v":"value"}," minit yang lalu"],"one":"seminit yang lalu","other":[{"t":"idOrVar","v":"value"}," minit yang lalu"],"two":[{"t":"idOrVar","v":"value"}," minit yang lalu"],"zero":"sebentar tadi"},"$x":[{"t":"idOrVar","v":"plural"},"value"]},{"$i":"hours-ago-long","$v":{"few":[{"t":"idOrVar","v":"value"}," jam yang lalu"],"many":[{"t":"idOrVar","v":"value"}," jam yang lalu"],"one":"sejam yang lalu","other":[{"t":"idOrVar","v":"value"}," jam yang lalu"],"two":[{"t":"idOrVar","v":"value"}," jam yang lalu"],"zero":"sebentar tadi"},"$x":[{"t":"idOrVar","v":"plural"},"value"]},{"$i":"days-ago-long","$v":{"few":[{"t":"idOrVar","v":"value"}," hari yang lalu"],"many":[{"t":"idOrVar","v":"value"}," hari yang lalu"],"one":"semalam","other":[{"t":"idOrVar","v":"value"}," hari yang lalu"],"two":[{"t":"idOrVar","v":"value"}," hari yang lalu"],"zero":"hari ini"},"$x":[{"t":"idOrVar","v":"plural"},"value"]},{"$i":"weeks-ago-long","$v":{"few":[{"t":"idOrVar","v":"value"}," minggu yang lalu"],"many":[{"t":"idOrVar","v":"value"}," minggu yang lalu"],"one":"minggu lepas","other":[{"t":"idOrVar","v":"value"}," minggu yang lalu"],"two":[{"t":"idOrVar","v":"value"}," minggu yang lalu"],"zero":"minggu ini"},"$x":[{"t":"idOrVar","v":"plural"},"value"]},{"$i":"months-ago-long","$v":{"few":[{"t":"idOrVar","v":"value"}," bulan yang lalu"],"many":[{"t":"idOrVar","v":"value"}," bulan yang lalu"],"one":"bulan lepas","other":[{"t":"idOrVar","v":"value"}," bulan yang lalu"],"two":[{"t":"idOrVar","v":"value"}," bulan yang lalu"],"zero":"bulan ini"},"$x":[{"t":"idOrVar","v":"plural"},"value"]},{"$i":"years-ago-long","$v":{"few":[{"t":"idOrVar","v":"value"}," tahun yang lalu"],"many":[{"t":"idOrVar","v":"value"}," tahun yang lalu"],"one":"tahun lepas","other":[{"t":"idOrVar","v":"value"}," tahun yang lalu"],"two":[{"t":"idOrVar","v":"value"}," tahun yang lalu"],"zero":"tahun ini"},"$x":[{"t":"idOrVar","v":"plural"},"value"]},{"$i":"minutes-until-long","$v":{"few":["dalam ",{"t":"idOrVar","v":"value"}," minit"],"many":["dalam ",{"t":"idOrVar","v":"value"}," minit"],"one":"dalam masa seminit","other":["dalam ",{"t":"idOrVar","v":"value"}," minit"],"two":["dalam ",{"t":"idOrVar","v":"value"}," minit"],"zero":"sekarang"},"$x":[{"t":"idOrVar","v":"plural"},"value"]},{"$i":"hours-until-long","$v":{"few":["dalam ",{"t":"idOrVar","v":"value"}," jam"],"many":["dalam ",{"t":"idOrVar","v":"value"}," jam"],"one":"dalam masa sejam","other":["dalam ",{"t":"idOrVar","v":"value"}," jam"],"two":["dalam ",{"t":"idOrVar","v":"value"}," jam"],"zero":"sekarang"},"$x":[{"t":"idOrVar","v":"plural"},"value"]},{"$i":"days-until-long","$v":{"few":["dalam ",{"t":"idOrVar","v":"value"}," hari"],"many":["dalam ",{"t":"idOrVar","v":"value"}," hari"],"one":"esok","other":["dalam ",{"t":"idOrVar","v":"value"}," hari"],"two":["dalam ",{"t":"idOrVar","v":"value"}," hari"],"zero":"hari ini"},"$x":[{"t":"idOrVar","v":"plural"},"value"]},{"$i":"weeks-until-long","$v":{"few":["dalam ",{"t":"idOrVar","v":"value"}," minggu"],"many":["dalam ",{"t":"idOrVar","v":"value"}," minggu"],"one":"minggu depan","other":["dalam ",{"t":"idOrVar","v":"value"}," minggu"],"two":["dalam ",{"t":"idOrVar","v":"value"}," minggu"],"zero":"minggu ini"},"$x":[{"t":"idOrVar","v":"plural"},"value"]},{"$i":"months-until-long","$v":{"few":["dalam ",{"t":"idOrVar","v":"value"}," bulan"],"many":["dalam ",{"t":"idOrVar","v":"value"}," bulan"],"one":"bulan depan","other":["dalam ",{"t":"idOrVar","v":"value"}," bulan"],"two":["dalam ",{"t":"idOrVar","v":"value"}," bulan"],"zero":"bulan ini"},"$x":[{"t":"idOrVar","v":"plural"},"value"]},{"$i":"years-until-long","$v":{"few":["dalam ",{"t":"idOrVar","v":"value"}," tahun"],"many":["dalam ",{"t":"idOrVar","v":"value"}," tahun"],"one":"tahun depan","other":["dalam ",{"t":"idOrVar","v":"value"}," tahun"],"two":["dalam ",{"t":"idOrVar","v":"value"}," tahun"],"zero":"tahun ini"},"$x":[{"t":"idOrVar","v":"plural"},"value"]},{"$i":"minutes-ago-short","$v":{"other":[{"t":"idOrVar","v":"value"},"m yang lalu"],"zero":"sebentar tadi"},"$x":[{"t":"idOrVar","v":"plural"},"value"]},{"$i":"hours-ago-short","$v":{"other":[{"t":"idOrVar","v":"value"},"j yang lalu"],"zero":"sebentar tadi"},"$x":[{"t":"idOrVar","v":"plural"},"value"]},{"$i":"days-ago-short","$v":{"other":[{"t":"idOrVar","v":"value"},"h yang lalu"],"zero":"hari ini"},"$x":[{"t":"idOrVar","v":"plural"},"value"]},{"$i":"minutes-until-short","$v":{"other":["dalam ",{"t":"idOrVar","v":"value"},"m"],"zero":"sekarang"},"$x":[{"t":"idOrVar","v":"plural"},"value"]},{"$i":"hours-until-short","$v":{"other":["dalam ",{"t":"idOrVar","v":"value"},"j"],"zero":"sekarang"},"$x":[{"t":"idOrVar","v":"plural"},"value"]},{"$i":"days-until-short","$v":{"other":["dalam ",{"t":"idOrVar","v":"value"},"h"],"zero":"hari ini"},"$x":[{"t":"idOrVar","v":"plural"},"value"]},{"$i":"incorrectDate","$v":"(tarikh salah)"},{"$i":"dateTimeFormat_%c","$v":"%a %b %e %Y %I:%M:%S %p"},{"$i":"dateTimeFormat_%x","$v":"%d/%m/%Y"},{"$i":"dateTimeFormat_%X","$v":"%I:%M:%S %p"},{"$i":"shortTimeFormat","$v":"%I:%M %p"},{"$i":"shortTimeFormat12","$v":"%I:%M %p"},{"$i":"shortTimeFormat24","$v":"%H:%M"},{"$i":"shortDateTimeFormat","$v":"%x %I:%M %p"},{"$i":"weekStartsOnMonday","$v":"0.0"},{"$i":"firstDayOfTheWeek","$v":"0.0"},{"$i":"time_am","$v":"Pagi"},{"$i":"time_pm","$v":"Petang"}]