[{"$i":"toast-audio-save","$v":"रेकर्डिङ बचत गरियो"},{"$i":"toast-audio-discarded","$v":"रेकर्डिङलाई रद्द गरियो।"},{"$i":"toast-save-rate","$v":"परिवर्तनहरू बचत गरियो।"},{"$i":"toast-audio-deleted","$v":"अडियो फाइल मेटाइयो।"},{"$i":"toast-audio-files-deleted","$v":"अडियो फाइलहरू मेटाइयो।"},{"$i":"toast-audio-rename-ok","$v":"परिवर्तन गरिएको नाम।"},{"$i":"toast-audio-rename-failed","$v":"पुन: नामाकरण असफल भयो।"},{"$i":"toast-music-library-save","$v":["संगीत पुस्तकालयमा ",{"t":"idOrVar","v":"name"}," बचत गरिएको छ।"]},{"$i":"toast-audio-import-save","$v":[{"t":"idOrVar","v":"name"}," लाई रेकर्डरमा बचत गरियो।"]},{"$i":"toast-audio-save-failed","$v":"बचत गरिएको असफल भयो।"},{"$i":"soft-key-new","$v":"नयाँ"},{"$i":"soft-key-option","$v":"विकल्प"},{"$i":"soft-key-play","$v":"चलाउनुहोस्"},{"$i":"soft-key-ok","$v":"ठीक छ"},{"$i":"soft-key-options","$v":"विकल्पहरू"},{"$i":"soft-key-back","$v":"पछाडि"},{"$i":"soft-key-pause","$v":"पज गर्नुहोस्"},{"$i":"soft-key-cancel","$v":"रद्द गर्नुहोस्"},{"$i":"soft-key-delete","$v":"मेट्नुहोस्"},{"$i":"soft-key-done","$v":"भयो"},{"$i":"soft-key-save","$v":"सुरक्षित गर्नुहोस्"},{"$i":"soft-key-discard","$v":"त्याग्नुहोस्"},{"$i":"soft-key-all","$v":"सबै"},{"$i":"soft-key-deselect","$v":"चयन हटाउनुहोस्"},{"$i":"soft-key-none","$v":"कुनै पनि होइन"},{"$i":"menu-header","$v":"विकल्पहरू"},{"$i":"menu-delete","$v":"मेट्नुहोस्"},{"$i":"menu-share","$v":"साझेदारी"},{"$i":"menu-rename","$v":"पुनःनामाकरण गर्नुहोस्"},{"$i":"menu-save-as-ringtone","$v":"रिङ्टोनको रूपमा बचत गर्नुहोस्"},{"$i":"menu-settings","$v":"सेटिङ्हरू"},{"$i":"menu-volume","$v":"मात्रा"},{"$i":"menu-save-to-music-library","$v":"म्युजिक लाइब्रेरीरमा बचत गर्नुहोस्"},{"$i":"menu-select-multiple","$v":"विविध चयन गर्नुहोस्"},{"$i":"number-selected","$v":{"few":[{"t":"idOrVar","v":"number"}," चयन गरियो"],"many":[{"t":"idOrVar","v":"number"}," चयन गरियो"],"one":[{"t":"idOrVar","v":"number"}," चयन गरियो"],"other":[{"t":"idOrVar","v":"number"}," चयन गरियो"],"two":[{"t":"idOrVar","v":"number"}," चयन गरियो"],"zero":[{"t":"idOrVar","v":"number"}," चयन गरियो"]},"$x":[{"t":"idOrVar","v":"plural"},"number"]},{"$i":"title-audio-list","$v":"रेकर्डर"},{"$i":"title-rename","$v":"पुनःनामाकरण गर्नुहोस्"},{"$i":"title-settings","$v":"सेटिङ्हरू"},{"$i":"title-save-confirmation","$v":"पुष्टिकरण"},{"$i":"title-delete-confirmation","$v":"पुष्टिकरण"},{"$i":"title-recording-bitrate","$v":"रेकर्डिङ दर"},{"$i":"title-pick-audio-list","$v":"रेकर्डर चयन गर्नुहोस्"},{"$i":"dialog-delete-audio-file","$v":"अडियो फाइल हटाउने?"},{"$i":"dialog-save-audio-recording","$v":"अडियो रेकर्डिङलाई बचत गर्ने?"},{"$i":"dialog-delete-select-audio","$v":{"few":[{"t":"idOrVar","v":"number"}," रेकर्डिङहरू मेटउने हो?"],"many":[{"t":"idOrVar","v":"number"}," रेकर्डिङहरू मेटउने हो?"],"one":"चयन गरिएको रेकर्डिङलाई मेटाउने?","other":[{"t":"idOrVar","v":"number"}," रेकर्डिङहरू मेटउने हो?"],"two":[{"t":"idOrVar","v":"number"}," रेकर्डिङहरू मेटउने हो?"]},"$x":[{"t":"idOrVar","v":"plural"},"number"]},{"$i":"settings-bitrate-8k","$v":"8K (सानो साइज)"},{"$i":"settings-bitrate-44k","$v":"44K (ठूलो साइज)"},{"$i":"settings-bitrate-err","$v":"सेटिङ्ग त्रुटि"},{"$i":"audio-recorder-is-empty","$v":"रेकर्डर खाली छ, रेकर्डिङ शुरु गर्न नयाँ थिच्नुहोस्।"},{"$i":"audio-pick-is-empty","$v":"अडियो रेकर्डर खाली छ।"},{"$i":"input-title-enter-new-name","$v":"नयाँ नाम प्रविष्ट गर्नुहोस्"},{"$i":"new-recording","$v":"नयाँ रेकर्डिङ"},{"$i":"save-input","placeholder":"नयाँ रेकर्डिङ"},{"$i":"save-audio-input","$v":"नाम"},{"$i":"audio-player-state","$v":"प्ले हुँदै..."},{"$i":"audio-player-state-pause","$v":""},{"$i":"audio-recorder-loading","$v":"अडियो रेकर्डिङको लागि स्क्यानिङ......"},{"$i":"unsupport-file-name","$v":{"$o":"असमर्थित वर्णहरू समावेश भएको नाम प्रयोग गर्न सकिँदैन: \\/:*?\"<>|"}},{"$i":"import-file-error","$v":"नाम पहिले नै लिइएको छ। अर्को नाम छनोट गर्नुहोस्"},{"$i":"import-file-exist","$v":"समान फाइलको नाम पहिल्यै विद्यमान छ।"},{"$i":"state_storage_no_memory_card","$v":"मेमोरी कार्ड फेला परेको छैन। कृपया मेमोरी कार्ड घुसाउनुहोस्।"},{"$i":"state_storage_full","$v":"भण्‍डारण पूर्ण भयो"},{"$i":"state_storage_full_sdcard","$v":"SDकार्डभरिछ"},{"$i":"state_storage_full_content_new","$v":"रेकर्ड गर्न असक्षम। स्थान खाली गर्न मिडिया फाइलहरू मेटाउनुहोस्।"},{"$i":"state_storage_full_content_new_sdcard","$v":"रेकर्ड गर्न असक्षम। स्थान खाली गर्न एस.डी कार्डमा रहेका फाइलहरू मेटाउनुहोस्।"},{"$i":"state_storage_full_content_record","$v":"रेकर्ड गर्न असक्षम। तपाईंले स्थान खाली गर्न पहिले नै रेकर्ड गरिएका फाइललाई बचत गर्न र स्थान खाली गर्न मिडिया फाइलहरूलाई मेटाउन सक्नुहुन्छ।"},{"$i":"state_storage_full_content_record_sdcard","$v":"रेकर्ड गर्न असक्षम। तपाईंले स्थान खाली गर्न पहिले नै रेकर्ड गरिएको फाइललाई बचत गर्न सक्नुहुन्छ र एस.डी कार्डमा रहेका फाइलहरूलाई मेटाउन सक्नुहुन्छ।"},{"$i":"state_storage_full_content_save","$v":"फाइल बचत गर्न असक्षम। स्थान खाली गर्न मिडिया फाइलहरूलाई मेटाउनुहोस्।"},{"$i":"state_storage_full_content_save_sdcard","$v":"फाइल बचत गर्न असक्षम। स्थान खाली गर्नको लागि एस.डी कार्डमा फाइलहरूलाई मेटाउनुहोस्।"},{"$i":"state_storage_in_use","$v":"भण्डार अहिले प्रयोगमा छ। कृपया फोन अनप्लग गर्नुहोस्।"},{"$i":"options","$v":"विकल्पहरू"},{"$i":"cancel","$v":"रद्द गर्नुहोस्"},{"$i":"delete","$v":"मेट्नुहोस्"},{"$i":"save","$v":"सुरक्षित गर्नुहोस्"},{"$i":"ok","$v":"ठीक छ"},{"$i":"back","$v":"पछाडि"},{"$i":"select","$v":"चयन गर्नुहोस्"},{"$i":"deselect","$v":"चयन हटाउनुहोस्"},{"$i":"rename-same-name","$v":"परिवर्तन नगरिएका नाम।"},{"$i":"weekday-0-long","$v":"आइतबार"},{"$i":"weekday-1-long","$v":"सोमबार"},{"$i":"weekday-2-long","$v":"मङ्गलबार"},{"$i":"weekday-3-long","$v":"बुधबार"},{"$i":"weekday-4-long","$v":"बिहिबार"},{"$i":"weekday-5-long","$v":"शुक्रबार"},{"$i":"weekday-6-long","$v":"शनिबार"},{"$i":"weekday-0-short","$v":"सूर्य"},{"$i":"weekday-1-short","$v":"सोमबार"},{"$i":"weekday-2-short","$v":"मङ्गलबार"},{"$i":"weekday-3-short","$v":"बुधबार"},{"$i":"weekday-4-short","$v":"बिहीबार"},{"$i":"weekday-5-short","$v":"शुक्रबार"},{"$i":"weekday-6-short","$v":"शनिबार"},{"$i":"month-0-long","$v":"जनवरी"},{"$i":"month-1-long","$v":"फेब्रुअरी"},{"$i":"month-2-long","$v":"मार्च"},{"$i":"month-3-long","$v":"अप्रिल"},{"$i":"month-4-long","$v":"मे"},{"$i":"month-5-long","$v":"जुन"},{"$i":"month-6-long","$v":"जुलाइ"},{"$i":"month-7-long","$v":"अगस्ट"},{"$i":"month-8-long","$v":"सेप्टेम्बर"},{"$i":"month-9-long","$v":"अक्टुबर"},{"$i":"month-10-long","$v":"नोभेम्बर"},{"$i":"month-11-long","$v":"डिसेम्बर"},{"$i":"month-0-genitive","$v":"जनवरी"},{"$i":"month-1-genitive","$v":"फेब्रुअरी"},{"$i":"month-2-genitive","$v":"मार्च"},{"$i":"month-3-genitive","$v":"अप्रिल"},{"$i":"month-4-genitive","$v":"मे"},{"$i":"month-5-genitive","$v":"जुन"},{"$i":"month-6-genitive","$v":"जुलाइ"},{"$i":"month-7-genitive","$v":"अगस्ट"},{"$i":"month-8-genitive","$v":"सेप्टेम्बर"},{"$i":"month-9-genitive","$v":"अक्टुबर"},{"$i":"month-10-genitive","$v":"नोभेम्बर"},{"$i":"month-11-genitive","$v":"डिसेम्बर"},{"$i":"month-0-short","$v":"जनवरी"},{"$i":"month-1-short","$v":"फेब्रुअरी"},{"$i":"month-2-short","$v":"मार्च"},{"$i":"month-3-short","$v":"अप्रिल"},{"$i":"month-4-short","$v":"मे"},{"$i":"month-5-short","$v":"जुन"},{"$i":"month-6-short","$v":"जुलाई"},{"$i":"month-7-short","$v":"अगस्ट"},{"$i":"month-8-short","$v":"सेप्टेम्बर"},{"$i":"month-9-short","$v":"अक्टोबर"},{"$i":"month-10-short","$v":"नोभेम्बर"},{"$i":"month-11-short","$v":"डिसेम्बर"},{"$i":"minutes-ago-long","$v":{"few":[{"t":"idOrVar","v":"value"}," मिनेट पहिला"],"many":[{"t":"idOrVar","v":"value"}," मिनेट पहिला"],"one":"एक मिनेट अघि","other":[{"t":"idOrVar","v":"value"}," मिनेट पहिला"],"two":[{"t":"idOrVar","v":"value"}," मिनेट पहिला"],"zero":"अहिले भर्खर"},"$x":[{"t":"idOrVar","v":"plural"},"value"]},{"$i":"hours-ago-long","$v":{"few":[{"t":"idOrVar","v":"value"}," घण्टा पहिला"],"many":[{"t":"idOrVar","v":"value"}," घण्टा पहिला"],"one":"एक घण्टा अघि","other":[{"t":"idOrVar","v":"value"}," घण्टा पहिला"],"two":[{"t":"idOrVar","v":"value"}," घण्टा पहिला"],"zero":"अहिले भर्खर"},"$x":[{"t":"idOrVar","v":"plural"},"value"]},{"$i":"days-ago-long","$v":{"few":[{"t":"idOrVar","v":"value"}," दिन पहिला"],"many":[{"t":"idOrVar","v":"value"}," दिन पहिला"],"one":"हिजो","other":[{"t":"idOrVar","v":"value"}," दिन पहिला"],"two":[{"t":"idOrVar","v":"value"}," दिन पहिला"],"zero":"आज"},"$x":[{"t":"idOrVar","v":"plural"},"value"]},{"$i":"weeks-ago-long","$v":{"few":[{"t":"idOrVar","v":"value"}," हप्ता पहिला"],"many":[{"t":"idOrVar","v":"value"}," हप्ता पहिला"],"one":"गत हप्ता","other":[{"t":"idOrVar","v":"value"}," हप्ता पहिला"],"two":[{"t":"idOrVar","v":"value"}," हप्ता पहिला"],"zero":"यो हप्ता"},"$x":[{"t":"idOrVar","v":"plural"},"value"]},{"$i":"months-ago-long","$v":{"few":[{"t":"idOrVar","v":"value"}," महिना पहिला"],"many":[{"t":"idOrVar","v":"value"}," महिना पहिला"],"one":"गत महिना","other":[{"t":"idOrVar","v":"value"}," महिना पहिला"],"two":[{"t":"idOrVar","v":"value"}," महिना पहिला"],"zero":"यो महिना"},"$x":[{"t":"idOrVar","v":"plural"},"value"]},{"$i":"years-ago-long","$v":{"few":[{"t":"idOrVar","v":"value"}," वर्ष पहिला"],"many":[{"t":"idOrVar","v":"value"}," वर्ष पहिला"],"one":"गएको वर्ष","other":[{"t":"idOrVar","v":"value"}," वर्ष पहिला"],"two":[{"t":"idOrVar","v":"value"}," वर्ष पहिला"],"zero":"यो वर्ष"},"$x":[{"t":"idOrVar","v":"plural"},"value"]},{"$i":"minutes-until-long","$v":{"few":[{"t":"idOrVar","v":"value"}," मिनेटमा"],"many":[{"t":"idOrVar","v":"value"}," मिनेटमा"],"one":"एक मिनेटमा","other":[{"t":"idOrVar","v":"value"}," मिनेटमा"],"two":[{"t":"idOrVar","v":"value"}," मिनेटमा"],"zero":"अहिले"},"$x":[{"t":"idOrVar","v":"plural"},"value"]},{"$i":"hours-until-long","$v":{"few":[{"t":"idOrVar","v":"value"}," घण्टामा"],"many":[{"t":"idOrVar","v":"value"}," घण्टामा"],"one":"एक घण्टामा","other":[{"t":"idOrVar","v":"value"}," घण्टामा"],"two":[{"t":"idOrVar","v":"value"}," घण्टामा"],"zero":"अहिले"},"$x":[{"t":"idOrVar","v":"plural"},"value"]},{"$i":"days-until-long","$v":{"few":[{"t":"idOrVar","v":"value"}," दिनमा"],"many":[{"t":"idOrVar","v":"value"}," दिनमा"],"one":"भोली","other":[{"t":"idOrVar","v":"value"}," दिनमा"],"two":[{"t":"idOrVar","v":"value"}," दिनमा"],"zero":"आज"},"$x":[{"t":"idOrVar","v":"plural"},"value"]},{"$i":"weeks-until-long","$v":{"few":[{"t":"idOrVar","v":"value"}," हप्तामा"],"many":[{"t":"idOrVar","v":"value"}," हप्तामा"],"one":"अर्को हप्ता","other":[{"t":"idOrVar","v":"value"}," हप्तामा"],"two":[{"t":"idOrVar","v":"value"}," हप्तामा"],"zero":"यो हप्ता"},"$x":[{"t":"idOrVar","v":"plural"},"value"]},{"$i":"months-until-long","$v":{"few":[{"t":"idOrVar","v":"value"}," महिनामा"],"many":[{"t":"idOrVar","v":"value"}," महिनामा"],"one":"अर्को महिना","other":[{"t":"idOrVar","v":"value"}," महिनामा"],"two":[{"t":"idOrVar","v":"value"}," महिनामा"],"zero":"यो महिना"},"$x":[{"t":"idOrVar","v":"plural"},"value"]},{"$i":"years-until-long","$v":{"few":[{"t":"idOrVar","v":"value"}," वर्षमा"],"many":[{"t":"idOrVar","v":"value"}," वर्षमा"],"one":"अर्को वर्ष","other":[{"t":"idOrVar","v":"value"}," वर्षमा"],"two":[{"t":"idOrVar","v":"value"}," वर्षमा"],"zero":"यो वर्ष"},"$x":[{"t":"idOrVar","v":"plural"},"value"]},{"$i":"minutes-ago-short","$v":{"other":[{"t":"idOrVar","v":"value"}," मिनेट पहिला"],"zero":"अहिले भर्खर"},"$x":[{"t":"idOrVar","v":"plural"},"value"]},{"$i":"hours-ago-short","$v":{"other":[{"t":"idOrVar","v":"value"},"घण्टा पहिला"],"zero":"अहिले भर्खर"},"$x":[{"t":"idOrVar","v":"plural"},"value"]},{"$i":"days-ago-short","$v":{"other":[{"t":"idOrVar","v":"value"},"दिन पहिला"],"zero":"आज"},"$x":[{"t":"idOrVar","v":"plural"},"value"]},{"$i":"minutes-until-short","$v":{"other":[{"t":"idOrVar","v":"value"}," मिनेटमा"],"zero":"अहिले"},"$x":[{"t":"idOrVar","v":"plural"},"value"]},{"$i":"hours-until-short","$v":{"other":[{"t":"idOrVar","v":"value"}," घण्टामा"],"zero":"अहिले"},"$x":[{"t":"idOrVar","v":"plural"},"value"]},{"$i":"days-until-short","$v":{"other":[{"t":"idOrVar","v":"value"}," दिनमा"],"zero":"आज"},"$x":[{"t":"idOrVar","v":"plural"},"value"]},{"$i":"incorrectDate","$v":"(गलत मिति)"},{"$i":"dateTimeFormat_%c","$v":"%a %b %e %Y %I:%M:%S %p"},{"$i":"dateTimeFormat_%x","$v":"%m/%d/%Y"},{"$i":"dateTimeFormat_%X","$v":"%I:%M:%S %p"},{"$i":"shortTimeFormat","$v":"%I:%M %p"},{"$i":"shortTimeFormat12","$v":"%I:%M %p"},{"$i":"shortTimeFormat24","$v":"%H:%M"},{"$i":"shortDateTimeFormat","$v":"%x %I:%M %p"},{"$i":"weekStartsOnMonday","$v":"0.0"},{"$i":"firstDayOfTheWeek","$v":"0.0"},{"$i":"time_am","$v":"AM"},{"$i":"time_pm","$v":"PM"}]