[{"$i":"toast-audio-save","$v":"Zapisano nagranie"},{"$i":"toast-audio-discarded","$v":"Odrzucono nagranie."},{"$i":"toast-save-rate","$v":"Zapisano zmiany."},{"$i":"toast-audio-deleted","$v":"Usunięto plik audio."},{"$i":"toast-audio-files-deleted","$v":"Usunięto pliki audio."},{"$i":"toast-audio-rename-ok","$v":"Zmieniono nazwę."},{"$i":"toast-audio-rename-failed","$v":"Zmiana nazwy nie powiodła się."},{"$i":"toast-music-library-save","$v":["Zapisano ",{"t":"idOrVar","v":"name"}," w bibliotece muzycznej"]},{"$i":"toast-audio-import-save","$v":[{"t":"idOrVar","v":"name"}," zapisano w Dyktafonie."]},{"$i":"toast-audio-save-failed","$v":"Zapisywanie nie powiodło się."},{"$i":"soft-key-new","$v":"Nowe"},{"$i":"soft-key-option","$v":"Opcja"},{"$i":"soft-key-play","$v":"Odtwórz"},{"$i":"soft-key-ok","$v":"OK"},{"$i":"soft-key-options","$v":"Opcje"},{"$i":"soft-key-back","$v":"Wstecz"},{"$i":"soft-key-pause","$v":"Wstrzymaj"},{"$i":"soft-key-cancel","$v":"Anuluj"},{"$i":"soft-key-delete","$v":"Usuń"},{"$i":"soft-key-done","$v":"Gotowe"},{"$i":"soft-key-save","$v":"Zapisz"},{"$i":"soft-key-discard","$v":"Odrzuć"},{"$i":"soft-key-all","$v":"Wszystko"},{"$i":"soft-key-deselect","$v":"Odznacz"},{"$i":"soft-key-none","$v":"Brak"},{"$i":"menu-header","$v":"Opcje"},{"$i":"menu-delete","$v":"Usuń"},{"$i":"menu-share","$v":"Udostępnij"},{"$i":"menu-rename","$v":"Zmień nazwę"},{"$i":"menu-save-as-ringtone","$v":"Zapisz jako dzwonek"},{"$i":"menu-settings","$v":"Ustawienia"},{"$i":"menu-volume","$v":"Głośność"},{"$i":"menu-save-to-music-library","$v":"Zapisz w bibliotece muzycznej"},{"$i":"menu-select-multiple","$v":"Zaznacz kilka"},{"$i":"number-selected","$v":{"few":["Wybrano ",{"t":"idOrVar","v":"number"}],"many":["Wybrano ",{"t":"idOrVar","v":"number"}],"one":["Wybrano ",{"t":"idOrVar","v":"number"}],"other":["Wybrano ",{"t":"idOrVar","v":"number"}],"two":["Wybrano ",{"t":"idOrVar","v":"number"}],"zero":["Wybrano ",{"t":"idOrVar","v":"number"}]},"$x":[{"t":"idOrVar","v":"plural"},"number"]},{"$i":"title-audio-list","$v":"Dyktafon"},{"$i":"title-rename","$v":"Zmień nazwę"},{"$i":"title-settings","$v":"Ustawienia"},{"$i":"title-save-confirmation","$v":"Potwierdzenie"},{"$i":"title-delete-confirmation","$v":"Potwierdzenie"},{"$i":"title-recording-bitrate","$v":"Prędkość nagrania"},{"$i":"title-pick-audio-list","$v":"Wybierz Dyktafon"},{"$i":"dialog-delete-audio-file","$v":"Usunąć ten plik audio?"},{"$i":"dialog-save-audio-recording","$v":"Zapisać nagranie audio?"},{"$i":"dialog-delete-select-audio","$v":{"few":["Usunąć ",{"t":"idOrVar","v":"number"}," nagrania?"],"many":["Usunąć ",{"t":"idOrVar","v":"number"}," nagrań?"],"one":"Usunąć wybrane nagranie?","other":["Usunąć ",{"t":"idOrVar","v":"number"}," nagrania?"],"two":["Usunąć ",{"t":"idOrVar","v":"number"}," nagrania?"]},"$x":[{"t":"idOrVar","v":"plural"},"number"]},{"$i":"settings-bitrate-8k","$v":"8K (mały rozmiar)"},{"$i":"settings-bitrate-44k","$v":"44K (duży rozmiar)"},{"$i":"settings-bitrate-err","$v":"Błąd ustawień"},{"$i":"audio-recorder-is-empty","$v":"Odtwarzacz jest pusty, naciśnij przycisk „Nowe”, aby rozpocząć nagrywanie."},{"$i":"audio-pick-is-empty","$v":"Rejestrator dźwięku jest pusty."},{"$i":"input-title-enter-new-name","$v":"Wprowadź nową nazwę"},{"$i":"new-recording","$v":"Nowe nagranie"},{"$i":"save-input","placeholder":"Nowe nagranie"},{"$i":"save-audio-input","$v":"Nazwa"},{"$i":"audio-player-state","$v":"Odtwarzanie..."},{"$i":"audio-player-state-pause","$v":""},{"$i":"audio-recorder-loading","$v":"Skanowanie w poszukiwaniu nagrań audio..."},{"$i":"unsupport-file-name","$v":{"$o":"Nie można użyć nazwy zawierającej znaki nieobsługiwane: \\/:*?\"<>|"}},{"$i":"import-file-error","$v":"Nazwa jest zajęta. Wybierz inną nazwę"},{"$i":"import-file-exist","$v":"Plik o takiej nazwie już istnieje."},{"$i":"state_storage_no_memory_card","$v":"Nie znaleziono karty pamięci. Włóż kartę pamięci."},{"$i":"state_storage_full","$v":"Pamięć jest pełna"},{"$i":"state_storage_full_sdcard","$v":"Karta SD jest pełna."},{"$i":"state_storage_full_content_new","$v":"Nie można nagrać. Usuń pliki multimedialne, aby zwolnić miejsce."},{"$i":"state_storage_full_content_new_sdcard","$v":"Nie można nagrać. Aby zwolnić miejsce, usuń pliki znajdujące się na karcie SD."},{"$i":"state_storage_full_content_record","$v":"Nie można nagrać. Możesz zapisać nagrany dotąd plik i usunąć pliki multimedialne, aby zwolnić miejsce."},{"$i":"state_storage_full_content_record_sdcard","$v":"Nie można nagrać. Możesz zapisać nagrany dotąd plik i usunąć pliki z karty SD, aby zwolnić miejsce."},{"$i":"state_storage_full_content_save","$v":"Nie można zapisać pliku. Usuń pliki multimedialne, aby zwolnić miejsce."},{"$i":"state_storage_full_content_save_sdcard","$v":"Nie można zapisać pliku. Aby zwolnić miejsce, usuń pliki znajdujące się na karcie SD."},{"$i":"state_storage_in_use","$v":"Pamięć jest aktualnie w użyciu. Odłącz telefon."},{"$i":"options","$v":"Opcje"},{"$i":"cancel","$v":"Anuluj"},{"$i":"delete","$v":"Usuń"},{"$i":"save","$v":"Zapisz"},{"$i":"ok","$v":"OK"},{"$i":"back","$v":"Wstecz"},{"$i":"select","$v":"Wybierz"},{"$i":"deselect","$v":"Odznacz"},{"$i":"rename-same-name","$v":"Nie zmieniono nazwy."},{"$i":"weekday-0-long","$v":"Niedziela"},{"$i":"weekday-1-long","$v":"Poniedziałek"},{"$i":"weekday-2-long","$v":"Wtorek"},{"$i":"weekday-3-long","$v":"Środa"},{"$i":"weekday-4-long","$v":"Czwartek"},{"$i":"weekday-5-long","$v":"Piątek"},{"$i":"weekday-6-long","$v":"Sobota"},{"$i":"weekday-0-short","$v":"Nd"},{"$i":"weekday-1-short","$v":"Pn"},{"$i":"weekday-2-short","$v":"Wt"},{"$i":"weekday-3-short","$v":"Śr"},{"$i":"weekday-4-short","$v":"Czw"},{"$i":"weekday-5-short","$v":"Pt"},{"$i":"weekday-6-short","$v":"Sob"},{"$i":"month-0-long","$v":"Styczeń"},{"$i":"month-1-long","$v":"Luty"},{"$i":"month-2-long","$v":"Marzec"},{"$i":"month-3-long","$v":"Kwiecień"},{"$i":"month-4-long","$v":"Maj"},{"$i":"month-5-long","$v":"Czerwiec"},{"$i":"month-6-long","$v":"Lipiec"},{"$i":"month-7-long","$v":"Sierpień"},{"$i":"month-8-long","$v":"Wrzesień"},{"$i":"month-9-long","$v":"Październik"},{"$i":"month-10-long","$v":"Listopad"},{"$i":"month-11-long","$v":"Grudzień"},{"$i":"month-0-genitive","$v":"Styczeń"},{"$i":"month-1-genitive","$v":"Luty"},{"$i":"month-2-genitive","$v":"Marzec"},{"$i":"month-3-genitive","$v":"Kwiecień"},{"$i":"month-4-genitive","$v":"Maj"},{"$i":"month-5-genitive","$v":"Czerwiec"},{"$i":"month-6-genitive","$v":"Lipiec"},{"$i":"month-7-genitive","$v":"Sierpień"},{"$i":"month-8-genitive","$v":"Wrzesień"},{"$i":"month-9-genitive","$v":"Październik"},{"$i":"month-10-genitive","$v":"Listopad"},{"$i":"month-11-genitive","$v":"Grudzień"},{"$i":"month-0-short","$v":"Sty"},{"$i":"month-1-short","$v":"Lut"},{"$i":"month-2-short","$v":"Mar"},{"$i":"month-3-short","$v":"Kwi"},{"$i":"month-4-short","$v":"Maj"},{"$i":"month-5-short","$v":"Cze"},{"$i":"month-6-short","$v":"Lip"},{"$i":"month-7-short","$v":"Sie"},{"$i":"month-8-short","$v":"Wrz"},{"$i":"month-9-short","$v":"Paź"},{"$i":"month-10-short","$v":"Lis"},{"$i":"month-11-short","$v":"Gru"},{"$i":"minutes-ago-long","$v":{"few":[{"t":"idOrVar","v":"value"}," minut(y) temu"],"many":[{"t":"idOrVar","v":"value"}," minut(y) temu"],"one":"minutę temu","other":[{"t":"idOrVar","v":"value"}," minut"],"two":[{"t":"idOrVar","v":"value"}," minut(y) temu"],"zero":"teraz"},"$x":[{"t":"idOrVar","v":"plural"},"value"]},{"$i":"hours-ago-long","$v":{"few":[{"t":"idOrVar","v":"value"}," godzin(y) temu"],"many":[{"t":"idOrVar","v":"value"}," godzin(y) temu"],"one":"godzinę temu","other":[{"t":"idOrVar","v":"value"}," godzin(y) temu"],"two":[{"t":"idOrVar","v":"value"}," godzin(y) temu"],"zero":"teraz"},"$x":[{"t":"idOrVar","v":"plural"},"value"]},{"$i":"days-ago-long","$v":{"few":[{"t":"idOrVar","v":"value"}," dni temu"],"many":[{"t":"idOrVar","v":"value"}," dni temu"],"one":"wczoraj","other":[{"t":"idOrVar","v":"value"}," dni temu"],"two":[{"t":"idOrVar","v":"value"}," dni temu"],"zero":"dzisiaj"},"$x":[{"t":"idOrVar","v":"plural"},"value"]},{"$i":"weeks-ago-long","$v":{"few":[{"t":"idOrVar","v":"value"}," tygodni(e) temu"],"many":[{"t":"idOrVar","v":"value"}," tygodni(e) temu"],"one":"w zeszłym tygodniu","other":[{"t":"idOrVar","v":"value"}," tygodni(e) temu"],"two":[{"t":"idOrVar","v":"value"}," tygodni(e) temu"],"zero":"w tym tygodniu"},"$x":[{"t":"idOrVar","v":"plural"},"value"]},{"$i":"months-ago-long","$v":{"few":[{"t":"idOrVar","v":"value"}," miesiące/miesięcy temu"],"many":[{"t":"idOrVar","v":"value"}," miesiące/miesięcy temu"],"one":"w zeszłym miesiącu","other":[{"t":"idOrVar","v":"value"}," miesiące/miesięcy temu"],"two":[{"t":"idOrVar","v":"value"}," miesiące/miesięcy temu"],"zero":"w tym miesiącu"},"$x":[{"t":"idOrVar","v":"plural"},"value"]},{"$i":"years-ago-long","$v":{"few":[{"t":"idOrVar","v":"value"}," lat(a) temu"],"many":[{"t":"idOrVar","v":"value"}," lat(a) temu"],"one":"w zeszłym roku","other":[{"t":"idOrVar","v":"value"}," lat(a) temu"],"two":[{"t":"idOrVar","v":"value"}," lat(a) temu"],"zero":"w tym roku"},"$x":[{"t":"idOrVar","v":"plural"},"value"]},{"$i":"minutes-until-long","$v":{"few":["za ",{"t":"idOrVar","v":"value"}," minut(y)"],"many":["za ",{"t":"idOrVar","v":"value"}," minut(y)"],"one":"za minutę","other":["za ",{"t":"idOrVar","v":"value"}," minut"],"two":["za ",{"t":"idOrVar","v":"value"}," minut(y)"],"zero":"teraz"},"$x":[{"t":"idOrVar","v":"plural"},"value"]},{"$i":"hours-until-long","$v":{"few":["za ",{"t":"idOrVar","v":"value"}," godzin(y)"],"many":["za ",{"t":"idOrVar","v":"value"}," godzin(y)"],"one":"za godzinę","other":["za ",{"t":"idOrVar","v":"value"}," godzin"],"two":["za ",{"t":"idOrVar","v":"value"}," godzin(y)"],"zero":"teraz"},"$x":[{"t":"idOrVar","v":"plural"},"value"]},{"$i":"days-until-long","$v":{"few":["za ",{"t":"idOrVar","v":"value"}," dni"],"many":["za ",{"t":"idOrVar","v":"value"}," dni"],"one":"jutro","other":["za ",{"t":"idOrVar","v":"value"}," dni"],"two":["za ",{"t":"idOrVar","v":"value"}," dni"],"zero":"dzisiaj"},"$x":[{"t":"idOrVar","v":"plural"},"value"]},{"$i":"weeks-until-long","$v":{"few":["za ",{"t":"idOrVar","v":"value"}," tygodni(e)"],"many":["za ",{"t":"idOrVar","v":"value"}," tygodni(e)"],"one":"w następnym tygodniu","other":["za ",{"t":"idOrVar","v":"value"}," tygodni(e)"],"two":["za ",{"t":"idOrVar","v":"value"}," tygodni(e)"],"zero":"w tym tygodniu"},"$x":[{"t":"idOrVar","v":"plural"},"value"]},{"$i":"months-until-long","$v":{"few":["za ",{"t":"idOrVar","v":"value"}," miesiące/miesięcy"],"many":["za ",{"t":"idOrVar","v":"value"}," miesiące/miesięcy"],"one":"w następnym miesiącu","other":["za ",{"t":"idOrVar","v":"value"}," miesiące/miesięcy"],"two":["za ",{"t":"idOrVar","v":"value"}," miesiące/miesięcy"],"zero":"w tym miesiącu"},"$x":[{"t":"idOrVar","v":"plural"},"value"]},{"$i":"years-until-long","$v":{"few":["za ",{"t":"idOrVar","v":"value"}," lat(a)"],"many":["za ",{"t":"idOrVar","v":"value"}," lat(a)"],"one":"w następnym roku","other":["za ",{"t":"idOrVar","v":"value"}," lat(a)"],"two":["za ",{"t":"idOrVar","v":"value"}," lat(a)"],"zero":"w tym roku"},"$x":[{"t":"idOrVar","v":"plural"},"value"]},{"$i":"minutes-ago-short","$v":{"other":[{"t":"idOrVar","v":"value"}," m temu"],"zero":"przed chwilą"},"$x":[{"t":"idOrVar","v":"plural"},"value"]},{"$i":"hours-ago-short","$v":{"other":[{"t":"idOrVar","v":"value"}," g temu"],"zero":"przed chwilą"},"$x":[{"t":"idOrVar","v":"plural"},"value"]},{"$i":"days-ago-short","$v":{"other":[{"t":"idOrVar","v":"value"}," d temu"],"zero":"dzisiaj"},"$x":[{"t":"idOrVar","v":"plural"},"value"]},{"$i":"minutes-until-short","$v":{"other":["za ",{"t":"idOrVar","v":"value"}," m"],"zero":"teraz"},"$x":[{"t":"idOrVar","v":"plural"},"value"]},{"$i":"hours-until-short","$v":{"other":["za ",{"t":"idOrVar","v":"value"}," g"],"zero":"teraz"},"$x":[{"t":"idOrVar","v":"plural"},"value"]},{"$i":"days-until-short","$v":{"other":["za ",{"t":"idOrVar","v":"value"}," d"],"zero":"dzisiaj"},"$x":[{"t":"idOrVar","v":"plural"},"value"]},{"$i":"incorrectDate","$v":"(nieprawidłowa data)"},{"$i":"dateTimeFormat_%c","$v":"%a %b %e %Y %I:%M:%S %p"},{"$i":"dateTimeFormat_%x","$v":"%m/%d/%Y"},{"$i":"dateTimeFormat_%X","$v":"%I:%M:%S %p"},{"$i":"shortTimeFormat","$v":"%I:%M %p"},{"$i":"shortTimeFormat12","$v":"%I:%M %p"},{"$i":"shortTimeFormat24","$v":"%H:%M"},{"$i":"shortDateTimeFormat","$v":"%x %I:%M %p"},{"$i":"weekStartsOnMonday","$v":"0.0"},{"$i":"firstDayOfTheWeek","$v":"1.0"},{"$i":"time_am","$v":"AM"},{"$i":"time_pm","$v":"PM"}]