[{"$i":"toast-audio-save","$v":"පටිගත කිරීම සුරකින ලදී"},{"$i":"toast-audio-discarded","$v":"පටිගත කිරීම නොතකා හරින ලදි"},{"$i":"toast-save-rate","$v":"වෙනස්කම් සුරකින ලදි."},{"$i":"toast-audio-deleted","$v":"පටිගත කිරීම මකන ලදී"},{"$i":"toast-audio-files-deleted","$v":"ශ්රව්ය ගොනු මකාදමා ඇත."},{"$i":"toast-audio-rename-ok","$v":"නම වෙනස් කරන ලදි"},{"$i":"toast-audio-rename-failed","$v":"නැවත නම් කිරීම අසාර්ථක විය"},{"$i":"toast-music-library-save","$v":[{"t":"idOrVar","v":"name"},"සංගීත පුස්තකාලයට සුරකින ලදි"]},{"$i":"toast-audio-import-save","$v":[{"t":"idOrVar","v":"name"}," රෙකෝඩරයට සුරැකිණි."]},{"$i":"toast-audio-save-failed","$v":"සුරැකුණු අසාර්ථක විය."},{"$i":"soft-key-new","$v":"නව"},{"$i":"soft-key-option","$v":"විකල්ප"},{"$i":"soft-key-play","$v":"වාදනය කරන්න"},{"$i":"soft-key-ok","$v":"OK"},{"$i":"soft-key-options","$v":"විකල්ප"},{"$i":"soft-key-back","$v":"ආපසු"},{"$i":"soft-key-pause","$v":"මදකට නවතින්න"},{"$i":"soft-key-cancel","$v":"අවලංගු කරන්න"},{"$i":"soft-key-delete","$v":"මකන්න"},{"$i":"soft-key-done","$v":"ඉටු කළා"},{"$i":"soft-key-save","$v":"සුරකින්න"},{"$i":"soft-key-discard","$v":"ඉවත් කරන්න"},{"$i":"soft-key-all","$v":"සියල්ල"},{"$i":"soft-key-deselect","$v":"තේරීම ඉවත් කරන්න"},{"$i":"soft-key-none","$v":"කිසිත් නැත"},{"$i":"menu-header","$v":"විකල්ප"},{"$i":"menu-delete","$v":"මකන්න"},{"$i":"menu-share","$v":"හුවමාරු කරන්න"},{"$i":"menu-rename","$v":"නැවත නම් කරන්න"},{"$i":"menu-save-as-ringtone","$v":"නාද රටාව ලෙස සුරකින්න"},{"$i":"menu-settings","$v":"පසුතල"},{"$i":"menu-volume","$v":"ශබ්ද පරිමාණය"},{"$i":"menu-save-to-music-library","$v":"සංගීත  ගබඩාවට සුර."},{"$i":"menu-select-multiple","$v":"කිහිපයක් තෝරන්න"},{"$i":"number-selected","$v":{"few":[{"t":"idOrVar","v":"number"}," තෝරා ගැණිනි"],"many":[{"t":"idOrVar","v":"number"}," තෝරා ගැණිනි"],"one":[{"t":"idOrVar","v":"number"}," තෝරා ගැණිනි"],"other":[{"t":"idOrVar","v":"number"}," තෝරා ගැණිනි"],"two":[{"t":"idOrVar","v":"number"}," තෝරා ගැණිනි"],"zero":[{"t":"idOrVar","v":"number"}," තෝරා ගැණිනි"]},"$x":[{"t":"idOrVar","v":"plural"},"number"]},{"$i":"title-audio-list","$v":"ශ්‍රව්‍ය රෙකෝඩරය"},{"$i":"title-rename","$v":"නැවත නම් කරන්න"},{"$i":"title-settings","$v":"පසුතල"},{"$i":"title-save-confirmation","$v":"තහවුරු කිරීම"},{"$i":"title-delete-confirmation","$v":"තහවුරු කිරීම"},{"$i":"title-recording-bitrate","$v":"පටිගත කිරීමේ අනුපාතය"},{"$i":"title-pick-audio-list","$v":"රෙකෝඩරයක් තෝරන්න"},{"$i":"dialog-delete-audio-file","$v":"ශ්‍රව්‍ය ගොනුව මකන්නද?"},{"$i":"dialog-save-audio-recording","$v":"ශ්‍රව්‍ය පටිගත කිරීම සුරකින්නද?"},{"$i":"dialog-delete-select-audio","$v":{"few":[{"t":"idOrVar","v":"අංකය"}," පටිගත කිරීම් මකන්නද?"],"many":[{"t":"idOrVar","v":"අංකය"}," පටිගත කිරීම් මකන්නද?"],"one":"තෝරාගත් පටිගත කිරීම් මකන්නද?","other":[{"t":"idOrVar","v":"අංකය"}," පටිගත කිරීම් මකන්නද?"],"two":[{"t":"idOrVar","v":"අංකය"}," පටිගත කිරීම් මකන්නද?"]},"$x":[{"t":"idOrVar","v":"plural"},"number"]},{"$i":"settings-bitrate-8k","$v":"8K (කුඩා ප්‍රමාණය)"},{"$i":"settings-bitrate-44k","$v":"44K (විශාල ප්‍රමාණය)"},{"$i":"settings-bitrate-err","$v":"සැකසීම් දෝෂය"},{"$i":"audio-recorder-is-empty","$v":"ශ්‍රව්‍ය රෙකෝඩරය හිස්ය."},{"$i":"audio-pick-is-empty","$v":"ශ්‍රව්‍ය රෙකෝඩරය හිස්ය."},{"$i":"input-title-enter-new-name","$v":"නව නම ඇතුළු කරන්න"},{"$i":"new-recording","$v":"නව පටිගත කිරීම"},{"$i":"save-input","placeholder":"නව පටිගත කිරීම"},{"$i":"save-audio-input","$v":"නම"},{"$i":"audio-player-state","$v":"වාදනය කරයි..."},{"$i":"audio-player-state-pause","$v":""},{"$i":"audio-recorder-loading","$v":"ශ්‍රව්‍ය පටිගත කිරිම් සඳහා ස්කෑන් වේ..."},{"$i":"unsupport-file-name","$v":{"$o":"සහය නොදක්වන අනුලකුණු සහිත නමක් භාවිතා කළ නොහැක: \\/:*?&quot;&lt;&gt;|"}},{"$i":"import-file-error","$v":"නම දැනටමත් ගෙන ඇත. වෙනත් නමක් තෝරාගන්න"},{"$i":"import-file-exist","$v":"එම ගොනු නම දැනටමත් පවතී."},{"$i":"state_storage_no_memory_card","$v":"මතක කාඩ්පත හමු නොවීය. කරුණාකර මතක කාඩ්පතක් ඇතුලත් කරන්න."},{"$i":"state_storage_full","$v":"ගබඩාව පිරී ඇත"},{"$i":"state_storage_full_sdcard","$v":"SD කාඩ්පත පිරී ඇත."},{"$i":"state_storage_full_content_new","$v":"පටිගත කළ නොහැක. ඉඩ හිස් කර ගැනීමට මාධ්‍ය ගොනු මකන්න."},{"$i":"state_storage_full_content_new_sdcard","$v":"පටිගත කළ නොහැක. ඉඩ හිස් කර ගැනීමට SD පතෙහි ගොනු මකන්න."},{"$i":"state_storage_full_content_record","$v":"පටිගත කළ නොහැක. ඉඩ හිස් කර ගැනීම සඳහා ඔබට දැනටමත් පටිගත කර ඇති ගොනුව සුරැක මාධ්‍ය ගොනු මැකිය හැක."},{"$i":"state_storage_full_content_record_sdcard","$v":"පටිගත කළ නොහැක. ඉඩ හිස් කර ගැනීම සඳහා ඔබට දැනටමත් පටිගත කර ඇති ගොනුව සුරැක SD පතෙහි ඇති ගොනු මැකිය හැක."},{"$i":"state_storage_full_content_save","$v":"ගොනුව සුරැකීමට නොහැක. ඉඩ නිදහස් කිරීමට මාධ්‍ය ගොනු මකන්න."},{"$i":"state_storage_full_content_save_sdcard","$v":"ගොනුව සුරැකීමට නොහැක. ඉඩ නිදහස් කිරීමට SD කාඩ්පතේ ඇති ගොනු මකන්න."},{"$i":"state_storage_in_use","$v":"ගබඩාව දැනට භාවිතා වේ. කරුණාකර දුරකථනය පේනුවෙන් ගලවන්න."},{"$i":"options","$v":"විකල්ප"},{"$i":"cancel","$v":"අවලංගු කරන්න"},{"$i":"delete","$v":"මකන්න"},{"$i":"save","$v":"සුරකින්න"},{"$i":"ok","$v":"OK"},{"$i":"back","$v":"ආපස්සට"},{"$i":"select","$v":"තෝරන්න"},{"$i":"deselect","$v":"තේරීම ඉවත් කරන්න"},{"$i":"rename-same-name","$v":"නම වෙනස් නොකෙරිණි"},{"$i":"weekday-0-long","$v":"ඉරිදා"},{"$i":"weekday-1-long","$v":"සඳුදා"},{"$i":"weekday-2-long","$v":"අඟහරුවාදා"},{"$i":"weekday-3-long","$v":"බදාදා"},{"$i":"weekday-4-long","$v":"බ්‍රහස්පතින්දා"},{"$i":"weekday-5-long","$v":"සිකුරාදා"},{"$i":"weekday-6-long","$v":"සෙනසුරාදා"},{"$i":"weekday-0-short","$v":"ඉරිදා"},{"$i":"weekday-1-short","$v":"සඳු"},{"$i":"weekday-2-short","$v":"අඟ"},{"$i":"weekday-3-short","$v":"බදා"},{"$i":"weekday-4-short","$v":"බ්‍රහස්"},{"$i":"weekday-5-short","$v":"සිකු"},{"$i":"weekday-6-short","$v":"සෙන"},{"$i":"month-0-long","$v":"ජනවාරි"},{"$i":"month-1-long","$v":"පෙබරවාරි"},{"$i":"month-2-long","$v":"මාර්තු"},{"$i":"month-3-long","$v":"අප්‍රේල්"},{"$i":"month-4-long","$v":"මැයි"},{"$i":"month-5-long","$v":"ජුනි"},{"$i":"month-6-long","$v":"ජූලි"},{"$i":"month-7-long","$v":"අගෝස්තු"},{"$i":"month-8-long","$v":"සැප්තැම්බර්"},{"$i":"month-9-long","$v":"ඔක්තෝබර්"},{"$i":"month-10-long","$v":"නොවැම්බර්"},{"$i":"month-11-long","$v":"දෙසැම්බර්"},{"$i":"month-0-genitive","$v":"ජනවාරි"},{"$i":"month-1-genitive","$v":"පෙබරවාරි"},{"$i":"month-2-genitive","$v":"මාර්තු"},{"$i":"month-3-genitive","$v":"අප්‍රේල්"},{"$i":"month-4-genitive","$v":"මැයි"},{"$i":"month-5-genitive","$v":"ජූනි"},{"$i":"month-6-genitive","$v":"ජුලි"},{"$i":"month-7-genitive","$v":"අගෝස්තු"},{"$i":"month-8-genitive","$v":"සැප්තැම්බර්"},{"$i":"month-9-genitive","$v":"ඔක්තෝබර්"},{"$i":"month-10-genitive","$v":"නොවැම්බර්"},{"$i":"month-11-genitive","$v":"දෙසැම්බර්"},{"$i":"month-0-short","$v":"ජන"},{"$i":"month-1-short","$v":"පෙබ"},{"$i":"month-2-short","$v":"මාර්."},{"$i":"month-3-short","$v":"අප්‍රේ"},{"$i":"month-4-short","$v":"මැයි"},{"$i":"month-5-short","$v":"ජූනි"},{"$i":"month-6-short","$v":"ජූලි"},{"$i":"month-7-short","$v":"අගෝ"},{"$i":"month-8-short","$v":"සැප්"},{"$i":"month-9-short","$v":"ඔක්"},{"$i":"month-10-short","$v":"නොවැ"},{"$i":"month-11-short","$v":"දෙසැ"},{"$i":"minutes-ago-long","$v":{"few":[{"t":"idOrVar","v":"value"}," මිනිත්තුවකට පෙර"],"many":[{"t":"idOrVar","v":"value"}," මිනිත්තුවකට පෙර"],"one":"මිනිත්තුවකට පෙර","other":[{"t":"idOrVar","v":"value"}," මිනිත්තුවකට පෙර"],"two":[{"t":"idOrVar","v":"value"}," මිනිත්තුවකට පෙර"],"zero":"මේ දැන්"},"$x":[{"t":"idOrVar","v":"plural"},"value"]},{"$i":"hours-ago-long","$v":{"few":[{"t":"idOrVar","v":"value"}," පැයකට ඉහත"],"many":[{"t":"idOrVar","v":"value"}," පැයකට ඉහත"],"one":"පැයකට පෙර","other":[{"t":"idOrVar","v":"value"}," පැයකට ඉහත"],"two":[{"t":"idOrVar","v":"value"}," පැයකට ඉහත"],"zero":"මේ දැන්"},"$x":[{"t":"idOrVar","v":"plural"},"value"]},{"$i":"days-ago-long","$v":{"few":[{"t":"idOrVar","v":"value"}," දවසකට ඉහත"],"many":[{"t":"idOrVar","v":"value"}," දවසකට ඉහත"],"one":"ඊයේ","other":[{"t":"idOrVar","v":"value"}," දවසකට ඉහත"],"two":[{"t":"idOrVar","v":"value"}," දවසකට ඉහත"],"zero":"අද"},"$x":[{"t":"idOrVar","v":"plural"},"value"]},{"$i":"weeks-ago-long","$v":{"few":[{"t":"idOrVar","v":"value"}," සතියකට ඉහත"],"many":[{"t":"idOrVar","v":"value"}," සතියකට ඉහත"],"one":"පසුගිය සතිය","other":[{"t":"idOrVar","v":"value"}," සතියකට ඉහත"],"two":[{"t":"idOrVar","v":"value"}," සතියකට ඉහත"],"zero":"මේ සතිය"},"$x":[{"t":"idOrVar","v":"plural"},"value"]},{"$i":"months-ago-long","$v":{"few":[{"t":"idOrVar","v":"value"}," මසකට ඉහත"],"many":[{"t":"idOrVar","v":"value"}," මසකට ඉහත"],"one":"අවසන් මාසය","other":[{"t":"idOrVar","v":"value"}," මසකට ඉහත"],"two":[{"t":"idOrVar","v":"value"}," මසකට ඉහත"],"zero":"මේ මාසය"},"$x":[{"t":"idOrVar","v":"plural"},"value"]},{"$i":"years-ago-long","$v":{"few":[{"t":"idOrVar","v":"value"}," වසරකට ඉහත"],"many":[{"t":"idOrVar","v":"value"}," වසරකට ඉහත"],"one":"පසුගිය වසර","other":[{"t":"idOrVar","v":"value"}," වසරකට ඉහත"],"two":[{"t":"idOrVar","v":"value"}," වසරකට ඉහත"],"zero":"මෙම වසර"},"$x":[{"t":"idOrVar","v":"plural"},"value"]},{"$i":"minutes-until-long","$v":{"few":["මිනිත්තු",{"t":"idOrVar","v":"value"}," කින්"],"many":["මිනිත්තු",{"t":"idOrVar","v":"value"}," කින්"],"one":"මිනිත්තුවකදී","other":["මිනිත්තු",{"t":"idOrVar","v":"value"}," කින්"],"two":["මිනිත්තු",{"t":"idOrVar","v":"value"}," කින්"],"zero":"දැන්"},"$x":[{"t":"idOrVar","v":"plural"},"value"]},{"$i":"hours-until-long","$v":{"few":["පැය ",{"t":"idOrVar","v":"value"}," කින්"],"many":["පැය ",{"t":"idOrVar","v":"value"}," කින්"],"one":"පැයකදී","other":["පැය ",{"t":"idOrVar","v":"value"}," කින්"],"two":["පැය ",{"t":"idOrVar","v":"value"}," කින්"],"zero":"දැන්"},"$x":[{"t":"idOrVar","v":"plural"},"value"]},{"$i":"days-until-long","$v":{"few":["දින ",{"t":"idOrVar","v":"value"}," කින්"],"many":["දින ",{"t":"idOrVar","v":"value"}," කින්"],"one":"හෙට","other":["දින ",{"t":"idOrVar","v":"value"}," කින්"],"two":["දින ",{"t":"idOrVar","v":"value"}," කින්"],"zero":"අද"},"$x":[{"t":"idOrVar","v":"plural"},"value"]},{"$i":"weeks-until-long","$v":{"few":["සති ",{"t":"idOrVar","v":"value"}," කින්"],"many":["සති ",{"t":"idOrVar","v":"value"}," කින්"],"one":"ඊළඟ සතිය","other":["සති ",{"t":"idOrVar","v":"value"}," කින්"],"two":["සති ",{"t":"idOrVar","v":"value"}," කින්"],"zero":"මේ සතිය"},"$x":[{"t":"idOrVar","v":"plural"},"value"]},{"$i":"months-until-long","$v":{"few":["මාස ",{"t":"idOrVar","v":"value"}," කින්"],"many":["මාස ",{"t":"idOrVar","v":"value"}," කින්"],"one":"ඊළඟ මාසය","other":["මාස ",{"t":"idOrVar","v":"value"}," කින්"],"two":["මාස ",{"t":"idOrVar","v":"value"}," කින්"],"zero":"මේ මාසය"},"$x":[{"t":"idOrVar","v":"plural"},"value"]},{"$i":"years-until-long","$v":{"few":["වසර ",{"t":"idOrVar","v":"value"}," කින්"],"many":["වසර ",{"t":"idOrVar","v":"value"}," කින්"],"one":"ඊළඟ වසර","other":["වසර ",{"t":"idOrVar","v":"value"}," කින්"],"two":["වසර ",{"t":"idOrVar","v":"value"}," කින්"],"zero":"මෙම වසර"},"$x":[{"t":"idOrVar","v":"plural"},"value"]},{"$i":"minutes-ago-short","$v":{"other":[{"t":"idOrVar","v":"value"},"මි. පෙර"],"zero":"මේ දැන්"},"$x":[{"t":"idOrVar","v":"plural"},"value"]},{"$i":"hours-ago-short","$v":{"other":[{"t":"idOrVar","v":"value"},"පැ. පෙර"],"zero":"මේ දැන්"},"$x":[{"t":"idOrVar","v":"plural"},"value"]},{"$i":"days-ago-short","$v":{"other":[{"t":"idOrVar","v":"value"},"දි. පෙර"],"zero":"අද"},"$x":[{"t":"idOrVar","v":"plural"},"value"]},{"$i":"minutes-until-short","$v":{"other":["මාස ",{"t":"idOrVar","v":"value"},"කින්"],"zero":"දැන්"},"$x":[{"t":"idOrVar","v":"plural"},"value"]},{"$i":"hours-until-short","$v":{"other":["පැය ",{"t":"idOrVar","v":"value"},"කින්"],"zero":"දැන්"},"$x":[{"t":"idOrVar","v":"plural"},"value"]},{"$i":"days-until-short","$v":{"other":["දින ",{"t":"idOrVar","v":"value"},"කින්"],"zero":"අද"},"$x":[{"t":"idOrVar","v":"plural"},"value"]},{"$i":"incorrectDate","$v":"(වැරදිදිනය)"},{"$i":"dateTimeFormat_%c","$v":"%a %b %e %Y %I:%M:%S %p"},{"$i":"dateTimeFormat_%x","$v":"%m/%d/%Y"},{"$i":"dateTimeFormat_%X","$v":"%I:%M:%S %p"},{"$i":"shortTimeFormat","$v":"%I:%M %p"},{"$i":"shortTimeFormat12","$v":"%I:%M %p"},{"$i":"shortTimeFormat24","$v":"%H:%M"},{"$i":"shortDateTimeFormat","$v":"%x %I:%M %p"},{"$i":"weekStartsOnMonday","$v":"0.0"},{"$i":"firstDayOfTheWeek","$v":"0.0"},{"$i":"time_am","$v":"AM"},{"$i":"time_pm","$v":"PM"}]