[{"$i":"toast-audio-save","$v":"பதிவு சேமிக்கப்பட்டது"},{"$i":"toast-audio-discarded","$v":"ரெக்கார்ட்ங் நிராகரிக்கப்பட்டது."},{"$i":"toast-save-rate","$v":"மாற்றங்கள் சேமிக்கப்பட்டன."},{"$i":"toast-audio-deleted","$v":"ஆடியோ ஃபைல் நீக்கப்பட்டது."},{"$i":"toast-audio-files-deleted","$v":"ஆடியோ ஃபைல்கள் நீக்கப்பட்டது."},{"$i":"toast-audio-rename-ok","$v":"பெயர் மாற்றப்பட்டது."},{"$i":"toast-audio-rename-failed","$v":"மறுபெயரிடல் தோல்வியடைந்தது."},{"$i":"toast-music-library-save","$v":[{"t":"idOrVar","v":"name"}," இசை லைப்ரரி-இல் சேமிக்கப்பட்டது"]},{"$i":"toast-audio-import-save","$v":[{"t":"idOrVar","v":"name"}," ரெக்கார்டரில் சேமிக்கப்பட்டது."]},{"$i":"toast-audio-save-failed","$v":"சேமித்தது தோல்வியடைந்தது."},{"$i":"soft-key-new","$v":"புதிய"},{"$i":"soft-key-option","$v":"தெரிவு"},{"$i":"soft-key-play","$v":"இயக்கு"},{"$i":"soft-key-ok","$v":"சரி"},{"$i":"soft-key-options","$v":"விருப்பங்கள்"},{"$i":"soft-key-back","$v":"பின் செல்"},{"$i":"soft-key-pause","$v":"இடைநிறுத்து"},{"$i":"soft-key-cancel","$v":"ரத்து செய்க"},{"$i":"soft-key-delete","$v":"நீக்கு"},{"$i":"soft-key-done","$v":"முடிந்தது"},{"$i":"soft-key-save","$v":"சேமி"},{"$i":"soft-key-discard","$v":"நிராகரி"},{"$i":"soft-key-all","$v":"எல்லாம்"},{"$i":"soft-key-deselect","$v":"தேர்வுநீக்கு"},{"$i":"soft-key-none","$v":"எதுவுமில்லை"},{"$i":"menu-header","$v":"விருப்பங்கள்"},{"$i":"menu-delete","$v":"நீக்கு"},{"$i":"menu-share","$v":"பகிர்"},{"$i":"menu-rename","$v":"மறுபெயரிடு"},{"$i":"menu-save-as-ringtone","$v":"ரிங்டோனாக சேமி"},{"$i":"menu-settings","$v":"செட்டிங்ஸ்"},{"$i":"menu-volume","$v":"வால்யூம்"},{"$i":"menu-save-to-music-library","$v":"இசை லைப்ரரி-இல் சேமிக்கவும்"},{"$i":"menu-select-multiple","$v":"ஒன்றுக்கு மேற்பட்டதை தேர்ந்தெடு"},{"$i":"number-selected","$v":{"few":[{"t":"idOrVar","v":"number"}," தேர்ந்தெடுக்கப்பட்டது"],"many":[{"t":"idOrVar","v":"number"}," தேர்ந்தெடுக்கப்பட்டது"],"one":[{"t":"idOrVar","v":"number"}," தேர்ந்தெடுக்கப்பட்டது"],"other":[{"t":"idOrVar","v":"number"}," தேர்ந்தெடுக்கப்பட்டது"],"two":[{"t":"idOrVar","v":"number"}," தேர்ந்தெடுக்கப்பட்டது"],"zero":[{"t":"idOrVar","v":"number"}," தேர்ந்தெடுக்கப்பட்டது"]},"$x":[{"t":"idOrVar","v":"plural"},"number"]},{"$i":"title-audio-list","$v":"ரெக்கார்டர்"},{"$i":"title-rename","$v":"மறுபெயரிடு"},{"$i":"title-settings","$v":"செட்டிங்ஸ்"},{"$i":"title-save-confirmation","$v":"உறுதிப்படுத்துதல்"},{"$i":"title-delete-confirmation","$v":"உறுதிப்படுத்துதல்"},{"$i":"title-recording-bitrate","$v":"ரெக்கார்ட்ங் ரேட்"},{"$i":"title-pick-audio-list","$v":"ரெக்கார்டரை தேர்ந்தெடுக்கவும்"},{"$i":"dialog-delete-audio-file","$v":"ஆடியோ ஃபைல்-ஐ நீக்கவா?"},{"$i":"dialog-save-audio-recording","$v":"ஆடியோ ரெக்கார்டிங்கை சேமிக்கவா?"},{"$i":"dialog-delete-select-audio","$v":{"few":[{"t":"idOrVar","v":"number"}," பதிவுகளை நீக்கவா?"],"many":[{"t":"idOrVar","v":"number"}," பதிவுகளை நீக்கவா?"],"one":"தேர்ந்தெடுத்த பதிவை நீக்கவா?","other":[{"t":"idOrVar","v":"number"}," பதிவுகளை நீக்கவா?"],"two":[{"t":"idOrVar","v":"number"}," பதிவுகளை நீக்கவா?"]},"$x":[{"t":"idOrVar","v":"plural"},"number"]},{"$i":"settings-bitrate-8k","$v":"8K (சிறிய அளவு)"},{"$i":"settings-bitrate-44k","$v":"44K (பெரிய அளவு)"},{"$i":"settings-bitrate-err","$v":"செட்டிங் பிழை"},{"$i":"audio-recorder-is-empty","$v":"ரெக்கார்டர் காலியாக உள்ளது, ரெக்கார்ட் செய்தலை தொடங்க நியூ என்பதை அழுத்தவும்."},{"$i":"audio-pick-is-empty","$v":"ஆடியோ ரெக்கார்டர் காலியாக உள்ளது."},{"$i":"input-title-enter-new-name","$v":"புதிய பெயரை உள்ளிடுக"},{"$i":"new-recording","$v":"புதிய ரெக்கார்ட்ங்"},{"$i":"save-input","placeholder":"புதிய ரெக்கார்ட்ங்"},{"$i":"save-audio-input","$v":"பெயர்"},{"$i":"audio-player-state","$v":"ப்ளே ஆகுகிறது"},{"$i":"audio-player-state-pause","$v":""},{"$i":"audio-recorder-loading","$v":"ஆடியோ ரெக்கார்ட்ங்-ஐ ஸ்கேன் செய்கிறது ..."},{"$i":"unsupport-file-name","$v":{"$o":"ஆதரிக்கப்படாத எழுத்துகள் கொண்ட பெயரை பயன்படுத்த முடியாது: \\/:*?\"<>|"}},{"$i":"import-file-error","$v":"பெயர் ஏற்கெனவே பயன்படுத்தப்பட்டுள்ளது. மற்றொரு பெயரைத் தேர்வுசெய்யவும்"},{"$i":"import-file-exist","$v":"அதே ஃபைல் பெயர் ஏற்கனவே உள்ளது."},{"$i":"state_storage_no_memory_card","$v":"மெமரி கார்டு காணப்படவில்லை.தயவுசெய்து மெமரி கார்டை செருகுகவும்."},{"$i":"state_storage_full","$v":"ஸ்டோரேஜ் நிரைந்தது"},{"$i":"state_storage_full_sdcard","$v":"SD கார்டு நிரம்பியுள்ளது."},{"$i":"state_storage_full_content_new","$v":"பதிவுசெய்ய முடியவில்லை. இடத்தைக் காலியாக்க, ஊடகக் கோப்புகளை நீக்கவும்."},{"$i":"state_storage_full_content_new_sdcard","$v":"பதிவுசெய்ய முடியவில்லை. இடத்தைக் காலியாக்க, எஸ்.டி கார்டிலுள்ள கோப்புகளை நீக்கவும்."},{"$i":"state_storage_full_content_record","$v":"பதிவுசெய்ய முடியவில்லை. இடத்தைக் காலியாக்க, ஏற்கனவே பதிவுசெய்யப்பட்ட கோப்பைச் சேமிக்கலாம் மற்றும் ஊடகக் கோப்புகளை நீக்கலாம்."},{"$i":"state_storage_full_content_record_sdcard","$v":"பதிவுசெய்ய முடியவில்லை. இடத்தைக் காலியாக்க, ஏற்கனவே பதிவுசெய்யப்பட்ட கோப்பைச் சேமிக்கலாம் மற்றும் எஸ்.டி கார்டிலுள்ள கோப்புகளை நீக்கலாம்."},{"$i":"state_storage_full_content_save","$v":"கோப்பைச் சேமிக்க முடியவில்லை. இடத்தைக் காலியாக்க, ஊடகக் கோப்புகளை நீக்கவும்."},{"$i":"state_storage_full_content_save_sdcard","$v":"கோப்பைச் சேமிக்க முடியவில்லை. இடத்தைக் காலியாக்க, எஸ்.டி கார்டிலுள்ள கோப்புகளை நீக்கவும்."},{"$i":"state_storage_in_use","$v":"ஸ்டோரேஜ் தற்போது பயன்படுத்தப்படுகிறது. தயவுசெய்து ஃபோன்-ஐ அன்பிளக் செய்யவும்"},{"$i":"options","$v":"விருப்பங்கள்"},{"$i":"cancel","$v":"ரத்து செய்க"},{"$i":"delete","$v":"நீக்கு"},{"$i":"save","$v":"சேமி"},{"$i":"ok","$v":"சரி"},{"$i":"back","$v":"பின் செல்"},{"$i":"select","$v":"தேர்ந்தெடு"},{"$i":"deselect","$v":"தேர்வுநீக்கு"},{"$i":"rename-same-name","$v":"பெயர் மாற்றப்படவில்லை."},{"$i":"weekday-0-long","$v":"ஞாயிறுக்கிழமை"},{"$i":"weekday-1-long","$v":"திங்கள்"},{"$i":"weekday-2-long","$v":"செவ்வாய்க்கிழமை"},{"$i":"weekday-3-long","$v":"புதன்கிழமை"},{"$i":"weekday-4-long","$v":"வியாழக்கிழமை"},{"$i":"weekday-5-long","$v":"வெள்ளி"},{"$i":"weekday-6-long","$v":"சனிக்கிழமை"},{"$i":"weekday-0-short","$v":"ஞாயிறுக்கிழமை"},{"$i":"weekday-1-short","$v":"திங்கள்"},{"$i":"weekday-2-short","$v":"செவ்வாய்க்கிழமை"},{"$i":"weekday-3-short","$v":"புதன்கிழமை"},{"$i":"weekday-4-short","$v":"வியாழன்"},{"$i":"weekday-5-short","$v":"வெள்ளி"},{"$i":"weekday-6-short","$v":"சனிக்கிழமை"},{"$i":"month-0-long","$v":"ஜனவரி"},{"$i":"month-1-long","$v":"பிப்ரவரி"},{"$i":"month-2-long","$v":"மார்ச்"},{"$i":"month-3-long","$v":"ஏப்ரல்"},{"$i":"month-4-long","$v":"மே"},{"$i":"month-5-long","$v":"ஜூன்"},{"$i":"month-6-long","$v":"ஜூலை"},{"$i":"month-7-long","$v":"ஆகஸ்ட்"},{"$i":"month-8-long","$v":"செப்டம்பர்"},{"$i":"month-9-long","$v":"அக்டோபர்"},{"$i":"month-10-long","$v":"நவம்பர்"},{"$i":"month-11-long","$v":"டிசம்பர்"},{"$i":"month-0-genitive","$v":"ஜனவரி"},{"$i":"month-1-genitive","$v":"பிப்ரவரி"},{"$i":"month-2-genitive","$v":"மார்ச்"},{"$i":"month-3-genitive","$v":"ஏப்ரல்"},{"$i":"month-4-genitive","$v":"மே"},{"$i":"month-5-genitive","$v":"ஜூன்"},{"$i":"month-6-genitive","$v":"ஜூலை"},{"$i":"month-7-genitive","$v":"ஆகஸ்ட்"},{"$i":"month-8-genitive","$v":"செப்டம்பர்"},{"$i":"month-9-genitive","$v":"அக்டோபர்"},{"$i":"month-10-genitive","$v":"நவம்பர்"},{"$i":"month-11-genitive","$v":"டிசம்பர்"},{"$i":"month-0-short","$v":"ஜனவரி"},{"$i":"month-1-short","$v":"பிப்ரவரி"},{"$i":"month-2-short","$v":"மார்ச்"},{"$i":"month-3-short","$v":"ஏப்ரல்"},{"$i":"month-4-short","$v":"மே"},{"$i":"month-5-short","$v":"ஜூன்"},{"$i":"month-6-short","$v":"ஜூலை"},{"$i":"month-7-short","$v":"ஆகஸ்ட்"},{"$i":"month-8-short","$v":"செப்டம்பர்"},{"$i":"month-9-short","$v":"அக்டோபர்"},{"$i":"month-10-short","$v":"நவம்பர்"},{"$i":"month-11-short","$v":"டிசம்பர்"},{"$i":"minutes-ago-long","$v":{"few":[{"t":"idOrVar","v":"value"}," நிமிடங்களுக்கு முன்பு"],"many":[{"t":"idOrVar","v":"value"}," நிமிடங்களுக்கு முன்பு"],"one":"ஒரு நிமிடம் முன்பாக","other":[{"t":"idOrVar","v":"value"}," நிமிடங்களுக்கு முன்பு"],"two":[{"t":"idOrVar","v":"value"}," நிமிடங்களுக்கு முன்பு"],"zero":"இப்போது தான்"},"$x":[{"t":"idOrVar","v":"plural"},"value"]},{"$i":"hours-ago-long","$v":{"few":[{"t":"idOrVar","v":"value"}," மணிநேரங்களுக்கு முன்பு"],"many":[{"t":"idOrVar","v":"value"}," மணிநேரங்களுக்கு முன்பு"],"one":"ஒரு மணிநேரம் முன்பாக","other":[{"t":"idOrVar","v":"value"}," மணிநேரங்களுக்கு முன்பு"],"two":[{"t":"idOrVar","v":"value"}," மணிநேரங்களுக்கு முன்பு"],"zero":"இப்போது தான்"},"$x":[{"t":"idOrVar","v":"plural"},"value"]},{"$i":"days-ago-long","$v":{"few":[{"t":"idOrVar","v":"value"}," நாட்களுக்கு முன்பு"],"many":[{"t":"idOrVar","v":"value"}," நாட்களுக்கு முன்பு"],"one":"நேற்று","other":[{"t":"idOrVar","v":"value"}," நாட்களுக்கு முன்பு"],"two":[{"t":"idOrVar","v":"value"}," நாட்களுக்கு முன்பு"],"zero":"இன்று"},"$x":[{"t":"idOrVar","v":"plural"},"value"]},{"$i":"weeks-ago-long","$v":{"few":[{"t":"idOrVar","v":"value"}," வாரங்களுக்கு முன்பு"],"many":[{"t":"idOrVar","v":"value"}," வாரங்களுக்கு முன்பு"],"one":"கடந்த வாரம்","other":[{"t":"idOrVar","v":"value"}," வாரங்களுக்கு முன்பு"],"two":[{"t":"idOrVar","v":"value"}," வாரங்களுக்கு முன்பு"],"zero":"இந்த வாரம்"},"$x":[{"t":"idOrVar","v":"plural"},"value"]},{"$i":"months-ago-long","$v":{"few":[{"t":"idOrVar","v":"value"}," மாதங்களுக்கு முன்பு"],"many":[{"t":"idOrVar","v":"value"}," மாதங்களுக்கு முன்பு"],"one":"கடந்த மாதம்","other":[{"t":"idOrVar","v":"value"}," மாதங்களுக்கு முன்பு"],"two":[{"t":"idOrVar","v":"value"}," மாதங்களுக்கு முன்பு"],"zero":"இந்த மாதம்"},"$x":[{"t":"idOrVar","v":"plural"},"value"]},{"$i":"years-ago-long","$v":{"few":[{"t":"idOrVar","v":"value"}," வருடங்களுக்கு முன்பு"],"many":[{"t":"idOrVar","v":"value"}," வருடங்களுக்கு முன்பு"],"one":"கடந்த வருடம்","other":[{"t":"idOrVar","v":"value"}," வருடங்களுக்கு முன்பு"],"two":[{"t":"idOrVar","v":"value"}," வருடங்களுக்கு முன்பு"],"zero":"இந்த வருடம்"},"$x":[{"t":"idOrVar","v":"plural"},"value"]},{"$i":"minutes-until-long","$v":{"few":[{"t":"idOrVar","v":"value"}," நிமிடங்களில்"],"many":[{"t":"idOrVar","v":"value"}," நிமிடங்களில்"],"one":"ஒரு நிமிடத்தில்","other":[{"t":"idOrVar","v":"value"}," நிமிடங்களில்"],"two":[{"t":"idOrVar","v":"value"}," நிமிடங்களில்"],"zero":"இப்போதே"},"$x":[{"t":"idOrVar","v":"plural"},"value"]},{"$i":"hours-until-long","$v":{"few":[{"t":"idOrVar","v":"value"}," மணிநேரங்களில்"],"many":[{"t":"idOrVar","v":"value"}," மணிநேரங்களில்"],"one":"ஒரு மணிநேரத்தில்","other":[{"t":"idOrVar","v":"value"}," மணிநேரங்களில்"],"two":[{"t":"idOrVar","v":"value"}," மணிநேரங்களில்"],"zero":"இப்போதே"},"$x":[{"t":"idOrVar","v":"plural"},"value"]},{"$i":"days-until-long","$v":{"few":[{"t":"idOrVar","v":"value"}," நாட்களில்"],"many":[{"t":"idOrVar","v":"value"}," நாட்களில்"],"one":"நாளை","other":[{"t":"idOrVar","v":"value"}," நாட்களில்"],"two":[{"t":"idOrVar","v":"value"}," நாட்களில்"],"zero":"இன்று"},"$x":[{"t":"idOrVar","v":"plural"},"value"]},{"$i":"weeks-until-long","$v":{"few":[{"t":"idOrVar","v":"value"}," வாரங்களில்"],"many":[{"t":"idOrVar","v":"value"}," வாரங்களில்"],"one":"அடுத்த வாரம்","other":[{"t":"idOrVar","v":"value"}," வாரங்களில்"],"two":[{"t":"idOrVar","v":"value"}," வாரங்களில்"],"zero":"இந்த வாரம்"},"$x":[{"t":"idOrVar","v":"plural"},"value"]},{"$i":"months-until-long","$v":{"few":[{"t":"idOrVar","v":"value"}," மாதங்களில்"],"many":[{"t":"idOrVar","v":"value"}," மாதங்களில்"],"one":"அடுத்த மாதம்","other":[{"t":"idOrVar","v":"value"}," மாதங்களில்"],"two":[{"t":"idOrVar","v":"value"}," மாதங்களில்"],"zero":"இந்த மாதம்"},"$x":[{"t":"idOrVar","v":"plural"},"value"]},{"$i":"years-until-long","$v":{"few":[{"t":"idOrVar","v":"value"}," வருடங்களில்"],"many":[{"t":"idOrVar","v":"value"}," வருடங்களில்"],"one":"அடுத்த ஆண்டு","other":[{"t":"idOrVar","v":"value"}," வருடங்களில்"],"two":[{"t":"idOrVar","v":"value"}," வருடங்களில்"],"zero":"இந்த வருடம்"},"$x":[{"t":"idOrVar","v":"plural"},"value"]},{"$i":"minutes-ago-short","$v":{"other":[{"t":"idOrVar","v":"value"},"நிமிடம் முன்பு"],"zero":"இப்போது தான்"},"$x":[{"t":"idOrVar","v":"plural"},"value"]},{"$i":"hours-ago-short","$v":{"other":[{"t":"idOrVar","v":"value"},"மணிநேரம் முன்பு"],"zero":"இப்போது தான்"},"$x":[{"t":"idOrVar","v":"plural"},"value"]},{"$i":"days-ago-short","$v":{"other":[{"t":"idOrVar","v":"value"},"நாள் முன்பு"],"zero":"இன்று"},"$x":[{"t":"idOrVar","v":"plural"},"value"]},{"$i":"minutes-until-short","$v":{"other":[{"t":"idOrVar","v":"value"},"நிமிடத்தில்"],"zero":"இப்போதே"},"$x":[{"t":"idOrVar","v":"plural"},"value"]},{"$i":"hours-until-short","$v":{"other":[{"t":"idOrVar","v":"value"},"மணிநேரத்தில்"],"zero":"இப்போதே"},"$x":[{"t":"idOrVar","v":"plural"},"value"]},{"$i":"days-until-short","$v":{"other":[{"t":"idOrVar","v":"value"},"நாள் இல்"],"zero":"இன்று"},"$x":[{"t":"idOrVar","v":"plural"},"value"]},{"$i":"incorrectDate","$v":"(தவறான தேதி)"},{"$i":"dateTimeFormat_%c","$v":"%a %b %e %Y %I:%M:%S %p"},{"$i":"dateTimeFormat_%x","$v":"%m/%d/%Y"},{"$i":"dateTimeFormat_%X","$v":"%I:%M:%S %p"},{"$i":"shortTimeFormat","$v":"%I:%M %p"},{"$i":"shortTimeFormat12","$v":"%I:%M %p"},{"$i":"shortTimeFormat24","$v":"%H:%M"},{"$i":"shortDateTimeFormat","$v":"%x %I:%M %p"},{"$i":"weekStartsOnMonday","$v":"0.0"},{"$i":"firstDayOfTheWeek","$v":"0.0"},{"$i":"time_am","$v":"AM"},{"$i":"time_pm","$v":"PM"}]