[{"$i":"toast-audio-save","$v":"บันทึกงานบันทึกแล้ว"},{"$i":"toast-audio-discarded","$v":"ยกเลิกการบันทึกแล้ว"},{"$i":"toast-save-rate","$v":"บันทึกการเปลี่ยนแปลงแล้ว"},{"$i":"toast-audio-deleted","$v":"ลบไฟล์เสียงแล้ว"},{"$i":"toast-audio-files-deleted","$v":"ลบไฟล์เสียงแล้ว"},{"$i":"toast-audio-rename-ok","$v":"เปลี่ยนชื่อแล้ว"},{"$i":"toast-audio-rename-failed","$v":"การเปลี่ยนชื่อล้มเหลว"},{"$i":"toast-music-library-save","$v":[{"t":"idOrVar","v":"name"}," ถูกบันทึกไปยังไลบรารีเพลง"]},{"$i":"toast-audio-import-save","$v":[{"t":"idOrVar","v":"name"}," บันทึกไปที่อุปกรณ์บันทึกเสียง"]},{"$i":"toast-audio-save-failed","$v":"บันทึกไม่สำเร็จ"},{"$i":"soft-key-new","$v":"ใหม่"},{"$i":"soft-key-option","$v":"ตัวเลือก"},{"$i":"soft-key-play","$v":"เล่น"},{"$i":"soft-key-ok","$v":"ตกลง"},{"$i":"soft-key-options","$v":"ตัวเลือก"},{"$i":"soft-key-back","$v":"ย้อนกลับ"},{"$i":"soft-key-pause","$v":"หยุดชั่วคราว"},{"$i":"soft-key-cancel","$v":"ยกเลิก"},{"$i":"soft-key-delete","$v":"ลบ"},{"$i":"soft-key-done","$v":"เสร็จสิ้น"},{"$i":"soft-key-save","$v":"บันทึก"},{"$i":"soft-key-discard","$v":"ยกเลิก"},{"$i":"soft-key-all","$v":"ทั้งหมด"},{"$i":"soft-key-deselect","$v":"ยกเลิกการเลือก"},{"$i":"soft-key-none","$v":"ไม่มี"},{"$i":"menu-header","$v":"ตัวเลือก"},{"$i":"menu-delete","$v":"ลบ"},{"$i":"menu-share","$v":"แชร์"},{"$i":"menu-rename","$v":"เปลี่ยนชื่อ"},{"$i":"menu-save-as-ringtone","$v":"บันทึกเป็นเสียงสายเรียกเข้า"},{"$i":"menu-settings","$v":"การตั้งค่า"},{"$i":"menu-volume","$v":"ระดับเสียง"},{"$i":"menu-save-to-music-library","$v":"บันทึกไปยังไลบรารีเพลง"},{"$i":"menu-select-multiple","$v":"เลือกหลายรายการ"},{"$i":"number-selected","$v":{"few":["เลือกแล้ว ",{"t":"idOrVar","v":"number"}," รายการ"],"many":["เลือกแล้ว ",{"t":"idOrVar","v":"number"}," รายการ"],"one":["เลือกแล้ว ",{"t":"idOrVar","v":"number"}," รายการ"],"other":["เลือกแล้ว ",{"t":"idOrVar","v":"number"}," รายการ"],"two":["เลือกแล้ว ",{"t":"idOrVar","v":"number"}," รายการ"],"zero":["เลือกแล้ว ",{"t":"idOrVar","v":"number"}," รายการ"]},"$x":[{"t":"idOrVar","v":"plural"},"number"]},{"$i":"title-audio-list","$v":"เครื่องบันทึก"},{"$i":"title-rename","$v":"เปลี่ยนชื่อ"},{"$i":"title-settings","$v":"การตั้งค่า"},{"$i":"title-save-confirmation","$v":"การยืนยัน"},{"$i":"title-delete-confirmation","$v":"การยืนยัน"},{"$i":"title-recording-bitrate","$v":"อัตราการบันทึก"},{"$i":"title-pick-audio-list","$v":"เลือกอุปกรณ์บันทึกเสียง"},{"$i":"dialog-delete-audio-file","$v":"ลบไฟล์เสียงหรือไม่"},{"$i":"dialog-save-audio-recording","$v":"บันทึกไฟล์บันทึกเสียงใช่หรือไม่?"},{"$i":"dialog-delete-select-audio","$v":{"few":["ลบ ",{"t":"idOrVar","v":"number"}," การบันทึก?"],"many":["ลบ ",{"t":"idOrVar","v":"number"}," การบันทึก?"],"one":"ลบการบันทึกที่เลือก?","other":["ลบ ",{"t":"idOrVar","v":"number"}," การบันทึก?"],"two":["ลบ ",{"t":"idOrVar","v":"number"}," การบันทึก?"]},"$x":[{"t":"idOrVar","v":"plural"},"number"]},{"$i":"settings-bitrate-8k","$v":"8K (ขนาดที่เล็กกว่า)"},{"$i":"settings-bitrate-44k","$v":"44K (ขนาดที่ใหญ่กว่า)"},{"$i":"settings-bitrate-err","$v":"ข้อผิดพลาดการตั้งค่า"},{"$i":"audio-recorder-is-empty","$v":"อุปกรณ์บันทึกเสียงว่างเปล่า กด ‘ใหม่’ เพื่อเริ่มบันทึกเสียง"},{"$i":"audio-pick-is-empty","$v":"อุปกรณ์บันทึกเสียงว่างเปล่า"},{"$i":"input-title-enter-new-name","$v":"ป้อนชื่อใหม่"},{"$i":"new-recording","$v":"การบันทึกใหม่"},{"$i":"save-input","placeholder":"การบันทึกใหม่"},{"$i":"save-audio-input","$v":"ชื่อ"},{"$i":"audio-player-state","$v":"กำลังเล่น..."},{"$i":"audio-player-state-pause","$v":""},{"$i":"audio-recorder-loading","$v":"กำลังสแกนหาการบันทึกเสียง..."},{"$i":"unsupport-file-name","$v":{"$o":"ไม่สามารถใช้ชื่อที่มีอักขระที่ไม่รองรับ: \\/:*?\"<>|"}},{"$i":"import-file-error","$v":"ชื่อนี้ถูกใช้งานแล้ว เลือกชื่ออื่น"},{"$i":"import-file-exist","$v":"มีชื่อไฟล์แล้ว"},{"$i":"state_storage_no_memory_card","$v":"ไม่พบการ์ดหน่วยความจำ โปรดใส่การ์ดหน่วยความจำ"},{"$i":"state_storage_full","$v":"พื้นที่เก็บในโทรศัพท์เต็ม"},{"$i":"state_storage_full_sdcard","$v":"การ์ด SD เต็ม"},{"$i":"state_storage_full_content_new","$v":"ไม่สามารถบันทึกเสียง เพิ่มพื้นที่ว่างด้วยการลบไฟล์สื่อ"},{"$i":"state_storage_full_content_new_sdcard","$v":"ไม่สามารถบันทึกเสียง เพิ่มพื้นที่ว่างด้วยการลบไฟล์ในการ์ด SD"},{"$i":"state_storage_full_content_record","$v":"ไม่สามารถบันทึกเสียง คุณสามารถบันทึกไฟล์ที่บันทึกเสียงแล้วและลบไฟล์สื่อเพื่อเพิ่มพื่นที่ว่าง"},{"$i":"state_storage_full_content_record_sdcard","$v":"ไม่สามารถบันทึกเสียง คุณสามารถบันทึกไฟล์ที่บันทึกเสียงแล้วและลบไฟล์ในการ์ด SD เพื่อเพิ่มพื่นที่ว่าง"},{"$i":"state_storage_full_content_save","$v":"ไม่สามารถบันทึกไฟล์ เพิ่มพื้นที่ว่างด้วยการลบไฟล์สื่อ"},{"$i":"state_storage_full_content_save_sdcard","$v":"ไม่สามารถบันทึกไฟล์ เพิ่มพื้นที่ว่างด้วยการลบไฟล์ในการ์ด SD"},{"$i":"state_storage_in_use","$v":"พื้นที่เก็บข้อมูลถูกใช้อยู่ตอนนี้ กรุณาถอดปลั๊กโทรศัพท์"},{"$i":"options","$v":"ตัวเลือก"},{"$i":"cancel","$v":"ยกเลิก"},{"$i":"delete","$v":"ลบ"},{"$i":"save","$v":"บันทึก"},{"$i":"ok","$v":"ตกลง"},{"$i":"back","$v":"ย้อนกลับ"},{"$i":"select","$v":"เลือก"},{"$i":"deselect","$v":"ยกเลิกการเลือก"},{"$i":"rename-same-name","$v":"ชื่อไม่ถูกเปลี่ยน"},{"$i":"weekday-0-long","$v":"อาทิตย์"},{"$i":"weekday-1-long","$v":"จันทร์"},{"$i":"weekday-2-long","$v":"อังคาร"},{"$i":"weekday-3-long","$v":"พุธ"},{"$i":"weekday-4-long","$v":"พฤหัสบดี"},{"$i":"weekday-5-long","$v":"ศุกร์"},{"$i":"weekday-6-long","$v":"เสาร์"},{"$i":"weekday-0-short","$v":"อาทิตย์"},{"$i":"weekday-1-short","$v":"จันทร์"},{"$i":"weekday-2-short","$v":"อังคาร"},{"$i":"weekday-3-short","$v":"พุธ"},{"$i":"weekday-4-short","$v":"พฤหัสบดี"},{"$i":"weekday-5-short","$v":"ศุกร์"},{"$i":"weekday-6-short","$v":"เสาร์"},{"$i":"month-0-long","$v":"มกราคม"},{"$i":"month-1-long","$v":"กุมภาพันธ์"},{"$i":"month-2-long","$v":"มีนาคม"},{"$i":"month-3-long","$v":"เมษายน"},{"$i":"month-4-long","$v":"พฤษภาคม"},{"$i":"month-5-long","$v":"มิถุนายน"},{"$i":"month-6-long","$v":"กรกฎาคม"},{"$i":"month-7-long","$v":"สิงหาคม"},{"$i":"month-8-long","$v":"กันยายน"},{"$i":"month-9-long","$v":"ตุลาคม"},{"$i":"month-10-long","$v":"พฤศจิกายน"},{"$i":"month-11-long","$v":"ธันวาคม"},{"$i":"month-0-genitive","$v":"มกราคม"},{"$i":"month-1-genitive","$v":"กุมภาพันธ์"},{"$i":"month-2-genitive","$v":"มีนาคม"},{"$i":"month-3-genitive","$v":"เมษายน"},{"$i":"month-4-genitive","$v":"พฤษภาคม"},{"$i":"month-5-genitive","$v":"มิถุนายน"},{"$i":"month-6-genitive","$v":"กรกฎาคม"},{"$i":"month-7-genitive","$v":"สิงหาคม"},{"$i":"month-8-genitive","$v":"กันยายน"},{"$i":"month-9-genitive","$v":"ตุลาคม"},{"$i":"month-10-genitive","$v":"พฤศจิกายน"},{"$i":"month-11-genitive","$v":"ธันวาคม"},{"$i":"month-0-short","$v":"ม.ค."},{"$i":"month-1-short","$v":"ก.พ."},{"$i":"month-2-short","$v":"มี.ค."},{"$i":"month-3-short","$v":"เม.ย."},{"$i":"month-4-short","$v":"พ.ค."},{"$i":"month-5-short","$v":"มิ.ย."},{"$i":"month-6-short","$v":"ก.ค."},{"$i":"month-7-short","$v":"ส.ค."},{"$i":"month-8-short","$v":"ก.ย."},{"$i":"month-9-short","$v":"ต.ค."},{"$i":"month-10-short","$v":"พ.ย."},{"$i":"month-11-short","$v":"ธ.ค."},{"$i":"minutes-ago-long","$v":{"few":[{"t":"idOrVar","v":"value"}," นาทีที่แล้ว"],"many":[{"t":"idOrVar","v":"value"}," นาทีที่แล้ว"],"one":"1 นาทีที่แล้ว","other":[{"t":"idOrVar","v":"value"}," นาทีที่แล้ว"],"two":[{"t":"idOrVar","v":"value"}," นาทีที่แล้ว"],"zero":"เมื่อสักครู่"},"$x":[{"t":"idOrVar","v":"plural"},"value"]},{"$i":"hours-ago-long","$v":{"few":[{"t":"idOrVar","v":"value"}," ชั่วโมงที่แล้ว"],"many":[{"t":"idOrVar","v":"value"}," ชั่วโมงที่แล้ว"],"one":"ชั่วโมงที่แล้ว","other":[{"t":"idOrVar","v":"value"}," ชั่วโมงที่แล้ว"],"two":[{"t":"idOrVar","v":"value"}," ชั่วโมงที่แล้ว"],"zero":"เมื่อสักครู่"},"$x":[{"t":"idOrVar","v":"plural"},"value"]},{"$i":"days-ago-long","$v":{"few":[{"t":"idOrVar","v":"value"}," วันที่แล้ว"],"many":[{"t":"idOrVar","v":"value"}," วันที่แล้ว"],"one":"เมื่อวานนี้","other":[{"t":"idOrVar","v":"value"}," วันที่แล้ว"],"two":[{"t":"idOrVar","v":"value"}," วันที่แล้ว"],"zero":"วันนี้"},"$x":[{"t":"idOrVar","v":"plural"},"value"]},{"$i":"weeks-ago-long","$v":{"few":[{"t":"idOrVar","v":"value"}," สัปดาห์ที่แล้ว"],"many":[{"t":"idOrVar","v":"value"}," สัปดาห์ที่แล้ว"],"one":"สัปดาห์ที่แล้ว","other":[{"t":"idOrVar","v":"value"}," สัปดาห์ที่แล้ว"],"two":[{"t":"idOrVar","v":"value"}," สัปดาห์ที่แล้ว"],"zero":"สัปดาห์นี้"},"$x":[{"t":"idOrVar","v":"plural"},"value"]},{"$i":"months-ago-long","$v":{"few":[{"t":"idOrVar","v":"value"}," เดือนที่แล้ว"],"many":[{"t":"idOrVar","v":"value"}," เดือนที่แล้ว"],"one":"เดือนที่แล้ว","other":[{"t":"idOrVar","v":"value"}," เดือนที่แล้ว"],"two":[{"t":"idOrVar","v":"value"}," เดือนที่แล้ว"],"zero":"เดือนนี้"},"$x":[{"t":"idOrVar","v":"plural"},"value"]},{"$i":"years-ago-long","$v":{"few":[{"t":"idOrVar","v":"value"}," ปีที่แล้ว"],"many":[{"t":"idOrVar","v":"value"}," ปีที่แล้ว"],"one":"ปีที่แล้ว","other":[{"t":"idOrVar","v":"value"}," ปีที่แล้ว"],"two":[{"t":"idOrVar","v":"value"}," ปีที่แล้ว"],"zero":"ปีนี้"},"$x":[{"t":"idOrVar","v":"plural"},"value"]},{"$i":"minutes-until-long","$v":{"few":["ใน ",{"t":"idOrVar","v":"value"}," นาที"],"many":["ใน ",{"t":"idOrVar","v":"value"}," นาที"],"one":"ใน 1 นาที","other":["ใน ",{"t":"idOrVar","v":"value"}," นาที"],"two":["ใน ",{"t":"idOrVar","v":"value"}," นาที"],"zero":"ตอนนี้"},"$x":[{"t":"idOrVar","v":"plural"},"value"]},{"$i":"hours-until-long","$v":{"few":["ใน ",{"t":"idOrVar","v":"value"}," ชั่วโมง"],"many":["ใน ",{"t":"idOrVar","v":"value"}," ชั่วโมง"],"one":"ใน 1 ชั่วโมง","other":["ใน ",{"t":"idOrVar","v":"value"}," ชั่วโมง"],"two":["ใน ",{"t":"idOrVar","v":"value"}," ชั่วโมง"],"zero":"ตอนนี้"},"$x":[{"t":"idOrVar","v":"plural"},"value"]},{"$i":"days-until-long","$v":{"few":["ใน ",{"t":"idOrVar","v":"value"}," วัน"],"many":["ใน ",{"t":"idOrVar","v":"value"}," วัน"],"one":"พรุ่งนี้","other":["ใน ",{"t":"idOrVar","v":"value"}," วัน"],"two":["ใน ",{"t":"idOrVar","v":"value"}," วัน"],"zero":"วันนี้"},"$x":[{"t":"idOrVar","v":"plural"},"value"]},{"$i":"weeks-until-long","$v":{"few":["ใน ",{"t":"idOrVar","v":"value"}," สัปดาห์"],"many":["ใน ",{"t":"idOrVar","v":"value"}," สัปดาห์"],"one":"สัปดาห์ถัดไป","other":["ใน ",{"t":"idOrVar","v":"value"}," สัปดาห์"],"two":["ใน ",{"t":"idOrVar","v":"value"}," สัปดาห์"],"zero":"สัปดาห์นี้"},"$x":[{"t":"idOrVar","v":"plural"},"value"]},{"$i":"months-until-long","$v":{"few":["ใน ",{"t":"idOrVar","v":"value"}," เดือน"],"many":["ใน ",{"t":"idOrVar","v":"value"}," เดือน"],"one":"เดือนถัดไป","other":["ใน ",{"t":"idOrVar","v":"value"}," เดือน"],"two":["ใน ",{"t":"idOrVar","v":"value"}," เดือน"],"zero":"เดือนนี้"},"$x":[{"t":"idOrVar","v":"plural"},"value"]},{"$i":"years-until-long","$v":{"few":["ใน ",{"t":"idOrVar","v":"value"}," ปี"],"many":["ใน ",{"t":"idOrVar","v":"value"}," ปี"],"one":"ปีถัดไป","other":["ใน ",{"t":"idOrVar","v":"value"}," ปี"],"two":["ใน ",{"t":"idOrVar","v":"value"}," ปี"],"zero":"ปีนี้"},"$x":[{"t":"idOrVar","v":"plural"},"value"]},{"$i":"minutes-ago-short","$v":{"other":[{"t":"idOrVar","v":"value"}," นาทีที่แล้ว"],"zero":"เมื่อสักครู่"},"$x":[{"t":"idOrVar","v":"plural"},"value"]},{"$i":"hours-ago-short","$v":{"other":[{"t":"idOrVar","v":"value"}," ชั่วโมงที่แล้ว"],"zero":"เมื่อสักครู่"},"$x":[{"t":"idOrVar","v":"plural"},"value"]},{"$i":"days-ago-short","$v":{"other":[{"t":"idOrVar","v":"value"}," วันที่แล้ว"],"zero":"วันนี้"},"$x":[{"t":"idOrVar","v":"plural"},"value"]},{"$i":"minutes-until-short","$v":{"other":["ใน ",{"t":"idOrVar","v":"value"}," นาที"],"zero":"ตอนนี้"},"$x":[{"t":"idOrVar","v":"plural"},"value"]},{"$i":"hours-until-short","$v":{"other":["ใน ",{"t":"idOrVar","v":"value"}," ชั่วโมง"],"zero":"ตอนนี้"},"$x":[{"t":"idOrVar","v":"plural"},"value"]},{"$i":"days-until-short","$v":{"other":["ใน ",{"t":"idOrVar","v":"value"}," วัน"],"zero":"วันนี้"},"$x":[{"t":"idOrVar","v":"plural"},"value"]},{"$i":"incorrectDate","$v":"(วันที่ไม่ถูกต้อง)"},{"$i":"dateTimeFormat_%c","$v":"%a %b %e %Y %I:%M:%S %p"},{"$i":"dateTimeFormat_%x","$v":"%d/%m/%Y"},{"$i":"dateTimeFormat_%X","$v":"%I:%M:%S %p"},{"$i":"shortTimeFormat","$v":"%I:%M %p"},{"$i":"shortTimeFormat12","$v":"%I:%M %p"},{"$i":"shortTimeFormat24","$v":"%H:%M"},{"$i":"shortDateTimeFormat","$v":"%x %I:%M %p"},{"$i":"weekStartsOnMonday","$v":"0.0"},{"$i":"firstDayOfTheWeek","$v":"0.0"},{"$i":"time_am","$v":"AM"},{"$i":"time_pm","$v":"PM"}]