[{"$i":"toast-audio-save","$v":"Запис збережено"},{"$i":"toast-audio-discarded","$v":"Запис скасовано"},{"$i":"toast-save-rate","$v":"Зміни збережено."},{"$i":"toast-audio-deleted","$v":"Запис видалено"},{"$i":"toast-audio-files-deleted","$v":"Аудіофайли видалено."},{"$i":"toast-audio-rename-ok","$v":"Ім’я змінено"},{"$i":"toast-audio-rename-failed","$v":"Не вдалося перейменувати"},{"$i":"toast-music-library-save","$v":[{"t":"idOrVar","v":"name"}," Збережено до музичної бібліотеки"]},{"$i":"toast-audio-import-save","$v":[{"t":"idOrVar","v":"name"}," збережено в диктофоні."]},{"$i":"toast-audio-save-failed","$v":"Не вдалося зберегти."},{"$i":"soft-key-new","$v":"Створити"},{"$i":"soft-key-option","$v":"Опція"},{"$i":"soft-key-play","$v":"Відтворити"},{"$i":"soft-key-ok","$v":"OK"},{"$i":"soft-key-options","$v":"Опції"},{"$i":"soft-key-back","$v":"Назад"},{"$i":"soft-key-pause","$v":"Пауза"},{"$i":"soft-key-cancel","$v":"Скасувати"},{"$i":"soft-key-delete","$v":"Видалити"},{"$i":"soft-key-done","$v":"Готово"},{"$i":"soft-key-save","$v":"Зберегти"},{"$i":"soft-key-discard","$v":"Відхилити"},{"$i":"soft-key-all","$v":"Усі"},{"$i":"soft-key-deselect","$v":"Скасувати вибір"},{"$i":"soft-key-none","$v":"Немає"},{"$i":"menu-header","$v":"Опції"},{"$i":"menu-delete","$v":"Видалити"},{"$i":"menu-share","$v":"Обмінятися"},{"$i":"menu-rename","$v":"Перейменувати"},{"$i":"menu-save-as-ringtone","$v":"Зберегти як тон дзвінка"},{"$i":"menu-settings","$v":"Настройки"},{"$i":"menu-volume","$v":"Гучність"},{"$i":"menu-save-to-music-library","$v":"Зберегти в музичній бібліотеці"},{"$i":"menu-select-multiple","$v":"Вибрати декілька"},{"$i":"number-selected","$v":{"few":["Вибрано: ",{"t":"idOrVar","v":"number"}],"many":["Вибрано: ",{"t":"idOrVar","v":"number"}],"one":["Вибрано: ",{"t":"idOrVar","v":"number"}],"other":["Вибрано: ",{"t":"idOrVar","v":"number"}],"two":["Вибрано: ",{"t":"idOrVar","v":"number"}],"zero":["Вибрано: ",{"t":"idOrVar","v":"number"}]},"$x":[{"t":"idOrVar","v":"plural"},"number"]},{"$i":"title-audio-list","$v":"Диктофон"},{"$i":"title-rename","$v":"Перейменувати"},{"$i":"title-settings","$v":"Настройки"},{"$i":"title-save-confirmation","$v":"Підтвердження"},{"$i":"title-delete-confirmation","$v":"Підтвердження"},{"$i":"title-recording-bitrate","$v":"Швидкість запису"},{"$i":"title-pick-audio-list","$v":"Виберіть диктофон"},{"$i":"dialog-delete-audio-file","$v":"Видалити аудіофайл?"},{"$i":"dialog-save-audio-recording","$v":"Зберегти аудіозапис?"},{"$i":"dialog-delete-select-audio","$v":{"few":["Видалити записи ",{"t":"idOrVar","v":"number"},"?"],"many":["Видалити записи ",{"t":"idOrVar","v":"number"},"?"],"one":"Видалити вибрані записи?","other":["Видалити записи ",{"t":"idOrVar","v":"number"},"?"],"two":["Видалити записи ",{"t":"idOrVar","v":"number"},"?"]},"$x":[{"t":"idOrVar","v":"plural"},"number"]},{"$i":"settings-bitrate-8k","$v":"8K (менший розмір)"},{"$i":"settings-bitrate-44k","$v":"44K (більший розмір)"},{"$i":"settings-bitrate-err","$v":"Помилка настройки"},{"$i":"audio-recorder-is-empty","$v":"У диктофоні немає записів."},{"$i":"audio-pick-is-empty","$v":"У диктофоні немає записів."},{"$i":"input-title-enter-new-name","$v":"Введіть нове ім’я"},{"$i":"new-recording","$v":"Новий запис"},{"$i":"save-input","placeholder":"Новий запис"},{"$i":"save-audio-input","$v":"Ім’я"},{"$i":"audio-player-state","$v":"Відтворення..."},{"$i":"audio-player-state-pause","$v":""},{"$i":"audio-recorder-loading","$v":"Сканування аудіозаписів…"},{"$i":"unsupport-file-name","$v":{"$o":"Не можна використовувати ім’я, що містить непідтримувані символи: \\/:*?&quot;&lt;&gt;|"}},{"$i":"import-file-error","$v":"Ім’я вже використовується. Виберіть інше."},{"$i":"import-file-exist","$v":"Файл із таким іменем уже існує."},{"$i":"state_storage_no_memory_card","$v":"Картку пам’яті не знайдено. Вставте картку пам’яті."},{"$i":"state_storage_full","$v":"Пам’ять заповнена"},{"$i":"state_storage_full_sdcard","$v":"SD-картку заповнено."},{"$i":"state_storage_full_content_new","$v":"Помилка записування. Видаліть мультимедійні файли, щоб звільнити простір."},{"$i":"state_storage_full_content_new_sdcard","$v":"Помилка записування. Видаліть файли на карті пам’яті SD, щоб звільнити простір."},{"$i":"state_storage_full_content_record","$v":"Помилка записування. Можна зберегти вже записаний файл і видалити мультимедійні файли, щоб звільнити простір."},{"$i":"state_storage_full_content_record_sdcard","$v":"Помилка записування. Можна зберегти вже записаний файл і видалити файли на карті пам’яті SD, щоб звільнити простір."},{"$i":"state_storage_full_content_save","$v":"Не вдалося зберегти файл. Видаліть медіафайли, щоб звільнити місце."},{"$i":"state_storage_full_content_save_sdcard","$v":"Не вдалося зберегти файл. Видаліть файли із SD-картки, щоб звільнити місце."},{"$i":"state_storage_in_use","$v":"Пам’ять зараз використовується. Від’єднайте телефон."},{"$i":"options","$v":"Опції"},{"$i":"cancel","$v":"Скасувати"},{"$i":"delete","$v":"Видалити"},{"$i":"save","$v":"Зберегти"},{"$i":"ok","$v":"OK"},{"$i":"back","$v":"Назад"},{"$i":"select","$v":"Вибрати"},{"$i":"deselect","$v":"Скасувати вибір"},{"$i":"rename-same-name","$v":"Ім’я не змінено"},{"$i":"weekday-0-long","$v":"Неділя"},{"$i":"weekday-1-long","$v":"Понеділок"},{"$i":"weekday-2-long","$v":"Вівторок"},{"$i":"weekday-3-long","$v":"Середа"},{"$i":"weekday-4-long","$v":"Четвер"},{"$i":"weekday-5-long","$v":"П’ятниця"},{"$i":"weekday-6-long","$v":"Субота"},{"$i":"weekday-0-short","$v":"Нд"},{"$i":"weekday-1-short","$v":"Пн"},{"$i":"weekday-2-short","$v":"Вт"},{"$i":"weekday-3-short","$v":"Ср"},{"$i":"weekday-4-short","$v":"Чт"},{"$i":"weekday-5-short","$v":"Пт"},{"$i":"weekday-6-short","$v":"Сб"},{"$i":"month-0-long","$v":"Січень"},{"$i":"month-1-long","$v":"Лютий"},{"$i":"month-2-long","$v":"Березень"},{"$i":"month-3-long","$v":"Квітень"},{"$i":"month-4-long","$v":"Травень"},{"$i":"month-5-long","$v":"Червень"},{"$i":"month-6-long","$v":"Липень"},{"$i":"month-7-long","$v":"Серпень"},{"$i":"month-8-long","$v":"Вересень"},{"$i":"month-9-long","$v":"Жовтень"},{"$i":"month-10-long","$v":"Листопад"},{"$i":"month-11-long","$v":"Грудень"},{"$i":"month-0-genitive","$v":"січня"},{"$i":"month-1-genitive","$v":"лютого"},{"$i":"month-2-genitive","$v":"березня"},{"$i":"month-3-genitive","$v":"квітня"},{"$i":"month-4-genitive","$v":"травня"},{"$i":"month-5-genitive","$v":"червня"},{"$i":"month-6-genitive","$v":"липня"},{"$i":"month-7-genitive","$v":"серпня"},{"$i":"month-8-genitive","$v":"вересня"},{"$i":"month-9-genitive","$v":"жовтня"},{"$i":"month-10-genitive","$v":"листопада"},{"$i":"month-11-genitive","$v":"грудня"},{"$i":"month-0-short","$v":"Січ"},{"$i":"month-1-short","$v":"Лют"},{"$i":"month-2-short","$v":"Бер"},{"$i":"month-3-short","$v":"Кві"},{"$i":"month-4-short","$v":"Тра"},{"$i":"month-5-short","$v":"Чер"},{"$i":"month-6-short","$v":"Лип"},{"$i":"month-7-short","$v":"Сер"},{"$i":"month-8-short","$v":"Вер"},{"$i":"month-9-short","$v":"Жов"},{"$i":"month-10-short","$v":"Лис"},{"$i":"month-11-short","$v":"Гру"},{"$i":"minutes-ago-long","$v":{"few":[{"t":"idOrVar","v":"value"}," хвилини тому"],"many":[{"t":"idOrVar","v":"value"}," хвилин тому"],"one":"Хвилину тому","other":[{"t":"idOrVar","v":"value"}," хвилини тому"],"two":[{"t":"idOrVar","v":"value"}," хвилини тому"],"zero":"просто зараз"},"$x":[{"t":"idOrVar","v":"plural"},"value"]},{"$i":"hours-ago-long","$v":{"few":[{"t":"idOrVar","v":"value"}," години тому"],"many":[{"t":"idOrVar","v":"value"}," годин тому"],"one":"годину тому","other":[{"t":"idOrVar","v":"value"}," години тому"],"two":[{"t":"idOrVar","v":"value"}," години тому"],"zero":"просто зараз"},"$x":[{"t":"idOrVar","v":"plural"},"value"]},{"$i":"days-ago-long","$v":{"few":[{"t":"idOrVar","v":"value"}," дні тому"],"many":[{"t":"idOrVar","v":"value"}," днів тому"],"one":"учора","other":[{"t":"idOrVar","v":"value"}," дня тому"],"two":[{"t":"idOrVar","v":"value"}," дні тому"],"zero":"сьогодні"},"$x":[{"t":"idOrVar","v":"plural"},"value"]},{"$i":"weeks-ago-long","$v":{"few":[{"t":"idOrVar","v":"value"}," тижні тому"],"many":[{"t":"idOrVar","v":"value"}," тижнів тому"],"one":"минулий тиждень","other":[{"t":"idOrVar","v":"value"}," тижня тому"],"two":[{"t":"idOrVar","v":"value"}," тижні тому"],"zero":"цього тижня"},"$x":[{"t":"idOrVar","v":"plural"},"value"]},{"$i":"months-ago-long","$v":{"few":[{"t":"idOrVar","v":"value"}," місяці тому"],"many":[{"t":"idOrVar","v":"value"}," місяців тому"],"one":"минулий місяць","other":[{"t":"idOrVar","v":"value"}," місяця тому"],"two":[{"t":"idOrVar","v":"value"}," місяці тому"],"zero":"цього місяця"},"$x":[{"t":"idOrVar","v":"plural"},"value"]},{"$i":"years-ago-long","$v":{"few":[{"t":"idOrVar","v":"value"}," роки тому"],"many":[{"t":"idOrVar","v":"value"}," років тому"],"one":"минулий рік","other":[{"t":"idOrVar","v":"value"}," року тому"],"two":[{"t":"idOrVar","v":"value"}," роки тому"],"zero":"цього року"},"$x":[{"t":"idOrVar","v":"plural"},"value"]},{"$i":"minutes-until-long","$v":{"few":["через ",{"t":"idOrVar","v":"value"}," хв."],"many":["через ",{"t":"idOrVar","v":"value"}," хв."],"one":"через хвилину","other":["через ",{"t":"idOrVar","v":"value"}," хв."],"two":["через ",{"t":"idOrVar","v":"value"}," хв."],"zero":"зараз"},"$x":[{"t":"idOrVar","v":"plural"},"value"]},{"$i":"hours-until-long","$v":{"few":["через ",{"t":"idOrVar","v":"value"}," год."],"many":["через ",{"t":"idOrVar","v":"value"}," год."],"one":"через годину","other":["через ",{"t":"idOrVar","v":"value"}," год."],"two":["через ",{"t":"idOrVar","v":"value"}," год."],"zero":"зараз"},"$x":[{"t":"idOrVar","v":"plural"},"value"]},{"$i":"days-until-long","$v":{"few":["через ",{"t":"idOrVar","v":"value"}," дн."],"many":["через ",{"t":"idOrVar","v":"value"}," дн."],"one":"завтра","other":["через ",{"t":"idOrVar","v":"value"}," дн."],"two":["через ",{"t":"idOrVar","v":"value"}," дн."],"zero":"сьогодні"},"$x":[{"t":"idOrVar","v":"plural"},"value"]},{"$i":"weeks-until-long","$v":{"few":["через ",{"t":"idOrVar","v":"value"}," тиж."],"many":["через ",{"t":"idOrVar","v":"value"}," тиж."],"one":"наступного тижня","other":["через ",{"t":"idOrVar","v":"value"}," тиж."],"two":["через ",{"t":"idOrVar","v":"value"}," тиж."],"zero":"цього тижня"},"$x":[{"t":"idOrVar","v":"plural"},"value"]},{"$i":"months-until-long","$v":{"few":["через ",{"t":"idOrVar","v":"value"}," міс."],"many":["через ",{"t":"idOrVar","v":"value"}," міс."],"one":"наступного місяця","other":["через ",{"t":"idOrVar","v":"value"}," міс."],"two":["через ",{"t":"idOrVar","v":"value"}," міс."],"zero":"цього місяця"},"$x":[{"t":"idOrVar","v":"plural"},"value"]},{"$i":"years-until-long","$v":{"few":["через ",{"t":"idOrVar","v":"value"}," р."],"many":["через ",{"t":"idOrVar","v":"value"}," р."],"one":"наступного року","other":["через ",{"t":"idOrVar","v":"value"}," р."],"two":["через ",{"t":"idOrVar","v":"value"}," р."],"zero":"цього року"},"$x":[{"t":"idOrVar","v":"plural"},"value"]},{"$i":"minutes-ago-short","$v":{"other":[{"t":"idOrVar","v":"value"}," хвилини тому"],"zero":"просто зараз"},"$x":[{"t":"idOrVar","v":"plural"},"value"]},{"$i":"hours-ago-short","$v":{"other":[{"t":"idOrVar","v":"value"}," години тому"],"zero":"просто зараз"},"$x":[{"t":"idOrVar","v":"plural"},"value"]},{"$i":"days-ago-short","$v":{"other":[{"t":"idOrVar","v":"value"}," дня тому"],"zero":"сьогодні"},"$x":[{"t":"idOrVar","v":"plural"},"value"]},{"$i":"minutes-until-short","$v":{"other":["через ",{"t":"idOrVar","v":"value"}," хв."],"zero":"зараз"},"$x":[{"t":"idOrVar","v":"plural"},"value"]},{"$i":"hours-until-short","$v":{"other":["через ",{"t":"idOrVar","v":"value"}," год."],"zero":"зараз"},"$x":[{"t":"idOrVar","v":"plural"},"value"]},{"$i":"days-until-short","$v":{"other":["через ",{"t":"idOrVar","v":"value"}," дн."],"zero":"сьогодні"},"$x":[{"t":"idOrVar","v":"plural"},"value"]},{"$i":"incorrectDate","$v":"(неправильна дата)"},{"$i":"dateTimeFormat_%c","$v":"%a %b %e %Y %I:%M:%S %p"},{"$i":"dateTimeFormat_%x","$v":"%m/%d/%Y"},{"$i":"dateTimeFormat_%X","$v":"%I:%M:%S %p"},{"$i":"shortTimeFormat","$v":"%I:%M %p"},{"$i":"shortTimeFormat12","$v":"%I:%M %p"},{"$i":"shortTimeFormat24","$v":"%H:%M"},{"$i":"shortDateTimeFormat","$v":"%x %I:%M %p"},{"$i":"weekStartsOnMonday","$v":"0.0"},{"$i":"firstDayOfTheWeek","$v":"1.0"},{"$i":"time_am","$v":"ДП"},{"$i":"time_pm","$v":"ПП"}]