[{"$i":"toast-audio-save","$v":"Đã lưu bản ghi"},{"$i":"toast-audio-discarded","$v":"Đã xóa bản ghi."},{"$i":"toast-save-rate","$v":"Đã lưu thay đổi."},{"$i":"toast-audio-deleted","$v":"Đã xóa tập tin âm thanh."},{"$i":"toast-audio-files-deleted","$v":"Đã xóa các tập tin âm thanh."},{"$i":"toast-audio-rename-ok","$v":"Đã thay đổi tên."},{"$i":"toast-audio-rename-failed","$v":"Đổi tên Thất bại."},{"$i":"toast-music-library-save","$v":[{"t":"idOrVar","v":"name"}," Đã lưu vào thư viện"]},{"$i":"toast-audio-import-save","$v":[{"t":"idOrVar","v":"name"}," đã lưu vào Máy ghi."]},{"$i":"toast-audio-save-failed","$v":"Lưu thất bại."},{"$i":"soft-key-new","$v":"Mới"},{"$i":"soft-key-option","$v":"Tùy chọn"},{"$i":"soft-key-play","$v":"Phát"},{"$i":"soft-key-ok","$v":"OK"},{"$i":"soft-key-options","$v":"Tùy chọn"},{"$i":"soft-key-back","$v":"Quay lại"},{"$i":"soft-key-pause","$v":"Tạm dừng"},{"$i":"soft-key-cancel","$v":"Hủy"},{"$i":"soft-key-delete","$v":"Xóa"},{"$i":"soft-key-done","$v":"Đã xong"},{"$i":"soft-key-save","$v":"Lưu"},{"$i":"soft-key-discard","$v":"Loại bỏ"},{"$i":"soft-key-all","$v":"Tất cả"},{"$i":"soft-key-deselect","$v":"Bỏ chọn"},{"$i":"soft-key-none","$v":"Không"},{"$i":"menu-header","$v":"Tùy chọn"},{"$i":"menu-delete","$v":"Xóa"},{"$i":"menu-share","$v":"Chia sẻ"},{"$i":"menu-rename","$v":"Đổi tên"},{"$i":"menu-save-as-ringtone","$v":"Lưu làm nhạc chuông"},{"$i":"menu-settings","$v":"Cài đặt"},{"$i":"menu-volume","$v":"Âm lượng"},{"$i":"menu-save-to-music-library","$v":"Lưu vào thư viện nhạc"},{"$i":"menu-select-multiple","$v":"Đa Lựa chọn"},{"$i":"number-selected","$v":{"few":[{"t":"idOrVar","v":"number"}," Đã chọn"],"many":[{"t":"idOrVar","v":"number"}," Đã chọn"],"one":[{"t":"idOrVar","v":"number"}," Đã chọn"],"other":[{"t":"idOrVar","v":"number"}," Đã chọn"],"two":[{"t":"idOrVar","v":"number"}," Đã chọn"],"zero":[{"t":"idOrVar","v":"number"}," Đã chọn"]},"$x":[{"t":"idOrVar","v":"plural"},"number"]},{"$i":"title-audio-list","$v":"Trình ghi"},{"$i":"title-rename","$v":"Đổi tên"},{"$i":"title-settings","$v":"Cài đặt"},{"$i":"title-save-confirmation","$v":"Xác nhận"},{"$i":"title-delete-confirmation","$v":"Xác nhận"},{"$i":"title-recording-bitrate","$v":"Đánh giá Bản ghi"},{"$i":"title-pick-audio-list","$v":"Chọn một Máy ghi"},{"$i":"dialog-delete-audio-file","$v":"Xóa tập tin âm thanh?"},{"$i":"dialog-save-audio-recording","$v":"Lưu bản ghi âm?"},{"$i":"dialog-delete-select-audio","$v":{"few":["Xóa ",{"t":"idOrVar","v":"number"}," bản ghi?"],"many":["Xóa ",{"t":"idOrVar","v":"number"}," bản ghi?"],"one":"Xóa các bản ghi đã chọn?","other":["Xóa ",{"t":"idOrVar","v":"number"}," bản ghi?"],"two":["Xóa ",{"t":"idOrVar","v":"number"}," bản ghi?"]},"$x":[{"t":"idOrVar","v":"plural"},"number"]},{"$i":"settings-bitrate-8k","$v":"8K (Kích cỡ nhỏ hơn)"},{"$i":"settings-bitrate-44k","$v":"44K (Kích cỡ lớn hơn)"},{"$i":"settings-bitrate-err","$v":"Lỗi Cài đặt"},{"$i":"audio-recorder-is-empty","$v":"Trình ghi trống,nhấn Mới để bắt đầu ghi."},{"$i":"audio-pick-is-empty","$v":"Máy ghi Âm trống."},{"$i":"input-title-enter-new-name","$v":"Nhập tên mới"},{"$i":"new-recording","$v":"Bản ghi Mới"},{"$i":"save-input","placeholder":"Bản ghi Mới"},{"$i":"save-audio-input","$v":"Tên"},{"$i":"audio-player-state","$v":"Đang phát..."},{"$i":"audio-player-state-pause","$v":""},{"$i":"audio-recorder-loading","$v":"Đang quét các bản ghi âm..."},{"$i":"unsupport-file-name","$v":{"$o":"Không thể sử dụng tên chứa các ký tự không được hỗ trợ: \\/:*?\"<>|"}},{"$i":"import-file-error","$v":"Tên đó đã được sử dụng. Hãy chọn tên khác"},{"$i":"import-file-exist","$v":"Tên tập tin tương tự đã tồn tại."},{"$i":"state_storage_no_memory_card","$v":"Không tìm thấy thẻ nhớ.Vui lòng lắp một thẻ nhớ."},{"$i":"state_storage_full","$v":"Bộ lưu trữ đầy"},{"$i":"state_storage_full_sdcard","$v":"Thẻ nhớ đầy."},{"$i":"state_storage_full_content_new","$v":"Không thể ghi. Xóa tập tin phương tiện để giải phóng dung lượng trống."},{"$i":"state_storage_full_content_new_sdcard","$v":"Không thể ghi. Xóa các tập tin trong thẻ SD để giải phóng dung lượng trống."},{"$i":"state_storage_full_content_record","$v":"Không thể ghi. Bạn có thể lưu tập tin đã được ghi và xóa tập tin phương tiện để giải phóng dung lượng trống."},{"$i":"state_storage_full_content_record_sdcard","$v":"Không thể ghi. Bạn có thể lưu tập tin đã được ghi và xóa các tập tin trong thẻ SD để giải phóng dung lượng trống."},{"$i":"state_storage_full_content_save","$v":"Không thể lưu tập tin. Xóa tập tin phương tiện để giải phóng dung lượng trống."},{"$i":"state_storage_full_content_save_sdcard","$v":"Không thể lưu tập tin. Xóa các tập tin trong thẻ SD để giải phóng dung lượng trống."},{"$i":"state_storage_in_use","$v":"Hiện đang dùng bộ nhớ. Vui lòng rút phích cắm điện thoại."},{"$i":"options","$v":"Tùy chọn"},{"$i":"cancel","$v":"Hủy"},{"$i":"delete","$v":"Xóa"},{"$i":"save","$v":"Lưu"},{"$i":"ok","$v":"OK"},{"$i":"back","$v":"Quay lại"},{"$i":"select","$v":"Chọn"},{"$i":"deselect","$v":"Bỏ chọn"},{"$i":"rename-same-name","$v":"Tên không được thay đổi."},{"$i":"weekday-0-long","$v":"Chủ nhật"},{"$i":"weekday-1-long","$v":"Thứ Hai"},{"$i":"weekday-2-long","$v":"Thứ Ba"},{"$i":"weekday-3-long","$v":"Thứ Tư"},{"$i":"weekday-4-long","$v":"Thứ Năm"},{"$i":"weekday-5-long","$v":"Thứ Sáu"},{"$i":"weekday-6-long","$v":"Thứ Bảy"},{"$i":"weekday-0-short","$v":"CN"},{"$i":"weekday-1-short","$v":"Thứ 2"},{"$i":"weekday-2-short","$v":"Thứ 3"},{"$i":"weekday-3-short","$v":"Thứ 4"},{"$i":"weekday-4-short","$v":"Thứ 5"},{"$i":"weekday-5-short","$v":"Thứ 6"},{"$i":"weekday-6-short","$v":"Thứ 7"},{"$i":"month-0-long","$v":"Tháng 1"},{"$i":"month-1-long","$v":"Tháng 2"},{"$i":"month-2-long","$v":"Tháng 3"},{"$i":"month-3-long","$v":"Tháng 4"},{"$i":"month-4-long","$v":"Tháng 5"},{"$i":"month-5-long","$v":"Tháng 6"},{"$i":"month-6-long","$v":"Tháng 7"},{"$i":"month-7-long","$v":"Tháng 8"},{"$i":"month-8-long","$v":"Tháng 9"},{"$i":"month-9-long","$v":"Tháng 10"},{"$i":"month-10-long","$v":"Tháng 11"},{"$i":"month-11-long","$v":"Tháng 12"},{"$i":"month-0-genitive","$v":"Tháng 1"},{"$i":"month-1-genitive","$v":"Tháng 2"},{"$i":"month-2-genitive","$v":"Tháng 3"},{"$i":"month-3-genitive","$v":"Tháng 4"},{"$i":"month-4-genitive","$v":"Tháng 5"},{"$i":"month-5-genitive","$v":"Tháng 6"},{"$i":"month-6-genitive","$v":"Tháng 7"},{"$i":"month-7-genitive","$v":"Tháng 8"},{"$i":"month-8-genitive","$v":"Tháng 9"},{"$i":"month-9-genitive","$v":"Tháng 10"},{"$i":"month-10-genitive","$v":"Tháng 11"},{"$i":"month-11-genitive","$v":"Tháng 12"},{"$i":"month-0-short","$v":"Tháng 1"},{"$i":"month-1-short","$v":"Tháng 2"},{"$i":"month-2-short","$v":"Tháng 3"},{"$i":"month-3-short","$v":"Tháng 4"},{"$i":"month-4-short","$v":"Tháng 5"},{"$i":"month-5-short","$v":"Tháng 6"},{"$i":"month-6-short","$v":"Tháng 7"},{"$i":"month-7-short","$v":"Tháng 8"},{"$i":"month-8-short","$v":"Tháng 9"},{"$i":"month-9-short","$v":"Tháng 10"},{"$i":"month-10-short","$v":"Tháng 11"},{"$i":"month-11-short","$v":"Tháng 12"},{"$i":"minutes-ago-long","$v":{"few":[{"t":"idOrVar","v":"value"}," phút trước"],"many":[{"t":"idOrVar","v":"value"}," phút trước"],"one":"một phút trước","other":[{"t":"idOrVar","v":"value"}," phút trước"],"two":[{"t":"idOrVar","v":"value"}," phút trước"],"zero":"ngay bây giờ"},"$x":[{"t":"idOrVar","v":"plural"},"value"]},{"$i":"hours-ago-long","$v":{"few":[{"t":"idOrVar","v":"value"}," giờ trước"],"many":[{"t":"idOrVar","v":"value"}," giờ trước"],"one":"giờ trước","other":[{"t":"idOrVar","v":"value"}," giờ trước"],"two":[{"t":"idOrVar","v":"value"}," giờ trước"],"zero":"ngay bây giờ"},"$x":[{"t":"idOrVar","v":"plural"},"value"]},{"$i":"days-ago-long","$v":{"few":[{"t":"idOrVar","v":"value"}," ngày trước"],"many":[{"t":"idOrVar","v":"value"}," ngày trước"],"one":"hôm qua","other":[{"t":"idOrVar","v":"value"}," ngày trước"],"two":[{"t":"idOrVar","v":"value"}," ngày trước"],"zero":"hôm nay"},"$x":[{"t":"idOrVar","v":"plural"},"value"]},{"$i":"weeks-ago-long","$v":{"few":[{"t":"idOrVar","v":"value"}," tuần trước"],"many":[{"t":"idOrVar","v":"value"}," tuần trước"],"one":"tuần trước","other":[{"t":"idOrVar","v":"value"}," tuần trước"],"two":[{"t":"idOrVar","v":"value"}," tuần trước"],"zero":"tuần này"},"$x":[{"t":"idOrVar","v":"plural"},"value"]},{"$i":"months-ago-long","$v":{"few":[{"t":"idOrVar","v":"value"}," tháng trước"],"many":[{"t":"idOrVar","v":"value"}," tháng trước"],"one":"tháng trước","other":[{"t":"idOrVar","v":"value"}," tháng trước"],"two":[{"t":"idOrVar","v":"value"}," tháng trước"],"zero":"tháng này"},"$x":[{"t":"idOrVar","v":"plural"},"value"]},{"$i":"years-ago-long","$v":{"few":[{"t":"idOrVar","v":"value"}," năm trước"],"many":[{"t":"idOrVar","v":"value"}," năm trước"],"one":"năm ngoái","other":[{"t":"idOrVar","v":"value"}," năm trước"],"two":[{"t":"idOrVar","v":"value"}," năm trước"],"zero":"năm nay"},"$x":[{"t":"idOrVar","v":"plural"},"value"]},{"$i":"minutes-until-long","$v":{"few":["trong ",{"t":"idOrVar","v":"value"}," phút"],"many":["trong ",{"t":"idOrVar","v":"value"}," phút"],"one":"trong một phút","other":["trong ",{"t":"idOrVar","v":"value"}," phút"],"two":["trong ",{"t":"idOrVar","v":"value"}," phút"],"zero":"hiện tại"},"$x":[{"t":"idOrVar","v":"plural"},"value"]},{"$i":"hours-until-long","$v":{"few":["trong ",{"t":"idOrVar","v":"value"}," giờ"],"many":["trong ",{"t":"idOrVar","v":"value"}," giờ"],"one":"trong một giờ","other":["trong ",{"t":"idOrVar","v":"value"}," giờ"],"two":["trong ",{"t":"idOrVar","v":"value"}," giờ"],"zero":"hiện tại"},"$x":[{"t":"idOrVar","v":"plural"},"value"]},{"$i":"days-until-long","$v":{"few":["trong ",{"t":"idOrVar","v":"value"}," ngày"],"many":["trong ",{"t":"idOrVar","v":"value"}," ngày"],"one":"ngày mai","other":["trong ",{"t":"idOrVar","v":"value"}," ngày"],"two":["trong ",{"t":"idOrVar","v":"value"}," ngày"],"zero":"hôm nay"},"$x":[{"t":"idOrVar","v":"plural"},"value"]},{"$i":"weeks-until-long","$v":{"few":["trong ",{"t":"idOrVar","v":"value"}," tuần"],"many":["trong ",{"t":"idOrVar","v":"value"}," tuần"],"one":"tuần tới","other":["trong ",{"t":"idOrVar","v":"value"}," tuần"],"two":["trong ",{"t":"idOrVar","v":"value"}," tuần"],"zero":"tuần này"},"$x":[{"t":"idOrVar","v":"plural"},"value"]},{"$i":"months-until-long","$v":{"few":["trong ",{"t":"idOrVar","v":"value"}," tháng"],"many":["trong ",{"t":"idOrVar","v":"value"}," tháng"],"one":"tháng tiếp theo","other":["trong ",{"t":"idOrVar","v":"value"}," tháng"],"two":["trong ",{"t":"idOrVar","v":"value"}," tháng"],"zero":"tháng này"},"$x":[{"t":"idOrVar","v":"plural"},"value"]},{"$i":"years-until-long","$v":{"few":["trong ",{"t":"idOrVar","v":"value"}," năm"],"many":["trong ",{"t":"idOrVar","v":"value"}," năm"],"one":"năm tới","other":["trong ",{"t":"idOrVar","v":"value"}," năm"],"two":["trong ",{"t":"idOrVar","v":"value"}," năm"],"zero":"năm nay"},"$x":[{"t":"idOrVar","v":"plural"},"value"]},{"$i":"minutes-ago-short","$v":{"other":[{"t":"idOrVar","v":"value"}," tháng trước"],"zero":"ngay bây giờ"},"$x":[{"t":"idOrVar","v":"plural"},"value"]},{"$i":"hours-ago-short","$v":{"other":[{"t":"idOrVar","v":"value"}," giờ trước"],"zero":"ngay bây giờ"},"$x":[{"t":"idOrVar","v":"plural"},"value"]},{"$i":"days-ago-short","$v":{"other":[{"t":"idOrVar","v":"value"}," ngày trước"],"zero":"hôm nay"},"$x":[{"t":"idOrVar","v":"plural"},"value"]},{"$i":"minutes-until-short","$v":{"other":["trong ",{"t":"idOrVar","v":"value"},"m"],"zero":"hiện tại"},"$x":[{"t":"idOrVar","v":"plural"},"value"]},{"$i":"hours-until-short","$v":{"other":["trong ",{"t":"idOrVar","v":"value"}],"zero":"hiện tại"},"$x":[{"t":"idOrVar","v":"plural"},"value"]},{"$i":"days-until-short","$v":{"other":["in ",{"t":"idOrVar","v":"value"},"d"],"zero":"hôm nay"},"$x":[{"t":"idOrVar","v":"plural"},"value"]},{"$i":"incorrectDate","$v":"(ngày không chính xác)"},{"$i":"dateTimeFormat_%c","$v":"%a %b %e %Y %I:%M:%S %p"},{"$i":"dateTimeFormat_%x","$v":"%m/%d/%Y"},{"$i":"dateTimeFormat_%X","$v":"%I:%M:%S %p"},{"$i":"shortTimeFormat","$v":"%I:%M %p"},{"$i":"shortTimeFormat12","$v":"%I:%M %p"},{"$i":"shortTimeFormat24","$v":"%H:%M"},{"$i":"shortDateTimeFormat","$v":"%x %I:%M %p"},{"$i":"weekStartsOnMonday","$v":"0.0"},{"$i":"firstDayOfTheWeek","$v":"0.0"},{"$i":"time_am","$v":"AM"},{"$i":"time_pm","$v":"PM"}]