[{"$i":"toast-audio-save","$v":"Ushicilelo lugciniwe"},{"$i":"toast-audio-discarded","$v":"Ushicilelo lususiwe"},{"$i":"toast-save-rate","$v":"Utshintsho Lugciniwe."},{"$i":"toast-audio-deleted","$v":"Ushicilelo lucinyiwe"},{"$i":"toast-audio-files-deleted","$v":"Iifayile zomsindo zisusiwe."},{"$i":"toast-audio-rename-ok","$v":"Igama litshintshiwe"},{"$i":"toast-audio-rename-failed","$v":"Uthiyo lusilele"},{"$i":"toast-music-library-save","$v":[{"t":"idOrVar","v":"name"}," Ugcinwe kumathala eencwadi"]},{"$i":"toast-audio-import-save","$v":[{"t":"idOrVar","v":"name"}," igcinwe kwiSIshicileli"]},{"$i":"toast-audio-save-failed","$v":"Ukulondolozwa kwehlulekile."},{"$i":"soft-key-new","$v":"Entsha"},{"$i":"soft-key-option","$v":"Ukhetho"},{"$i":"soft-key-play","$v":"Dlala"},{"$i":"soft-key-ok","$v":"KULUNGILE"},{"$i":"soft-key-options","$v":"Iinketho"},{"$i":"soft-key-back","$v":"Umva"},{"$i":"soft-key-pause","$v":"Misa"},{"$i":"soft-key-cancel","$v":"Rhoxisa"},{"$i":"soft-key-delete","$v":"Cima"},{"$i":"soft-key-done","$v":"Ugqibile"},{"$i":"soft-key-save","$v":"Gcina"},{"$i":"soft-key-discard","$v":"Lahla"},{"$i":"soft-key-all","$v":"Zonke"},{"$i":"soft-key-deselect","$v":"Yekisa ukukhetha"},{"$i":"soft-key-none","$v":"Nanye"},{"$i":"menu-header","$v":"Iinketho"},{"$i":"menu-delete","$v":"Cima"},{"$i":"menu-share","$v":"Yabelana"},{"$i":"menu-rename","$v":"Thiya"},{"$i":"menu-save-as-ringtone","$v":"Gcina njenge ringithoni"},{"$i":"menu-settings","$v":"Iisethingi"},{"$i":"menu-volume","$v":"Ivolyum"},{"$i":"menu-save-to-music-library","$v":"Gcina isisele somculo"},{"$i":"menu-select-multiple","$v":"Khetha eZininzi"},{"$i":"number-selected","$v":{"few":[{"t":"idOrVar","v":"number"}," khethiwe"],"many":[{"t":"idOrVar","v":"number"}," khethiwe"],"one":[{"t":"idOrVar","v":"number"}," khethiwe"],"other":[{"t":"idOrVar","v":"number"}," khethiwe"],"two":[{"t":"idOrVar","v":"number"}," khethiwe"],"zero":[{"t":"idOrVar","v":"number"}," khethiwe"]},"$x":[{"t":"idOrVar","v":"plural"},"number"]},{"$i":"title-audio-list","$v":"Ukurekhoda Kwe-odiyo"},{"$i":"title-rename","$v":"Thiya"},{"$i":"title-settings","$v":"Iisethingi"},{"$i":"title-save-confirmation","$v":"Isiqinisekiso"},{"$i":"title-delete-confirmation","$v":"Isiqinisekiso"},{"$i":"title-recording-bitrate","$v":"Umlinganiselo woshicilelo"},{"$i":"title-pick-audio-list","$v":"Khetha isishicileli"},{"$i":"dialog-delete-audio-file","$v":"Cima iifayile ye-odiyo?"},{"$i":"dialog-save-audio-recording","$v":"Gcina ushicilelo lwelizwi?"},{"$i":"dialog-delete-select-audio","$v":{"few":["Cima ",{"t":"idOrVar","v":"number"}," ukurekhodwa?"],"many":["Cima ",{"t":"idOrVar","v":"number"}," ukurekhodwa?"],"one":"Susa iirekhodi ezikhethiweyo?","other":["Cima ",{"t":"idOrVar","v":"number"}," ukurekhodwa?"],"two":["Cima ",{"t":"idOrVar","v":"number"}," ukurekhodwa?"]},"$x":[{"t":"idOrVar","v":"plural"},"number"]},{"$i":"settings-bitrate-8k","$v":"8K (Ncinane mlinganiso)"},{"$i":"settings-bitrate-44k","$v":"44K (Omkhulu mlinganiso)"},{"$i":"settings-bitrate-err","$v":"Impazamo yeSethingi"},{"$i":"audio-recorder-is-empty","$v":"Isirekhodi Se-odiyo asinanto."},{"$i":"audio-pick-is-empty","$v":"Isirekhodi Se-odiyo asinanto."},{"$i":"input-title-enter-new-name","$v":"Faka igama elitsha"},{"$i":"new-recording","$v":"Olutsha uShicilelo"},{"$i":"save-input","placeholder":"Olutsha uShicilelo"},{"$i":"save-audio-input","$v":"Igama"},{"$i":"audio-player-state","$v":"Iyadlala..."},{"$i":"audio-player-state-pause","$v":""},{"$i":"audio-recorder-loading","$v":"Iskena iitshicilelo zelizwi..."},{"$i":"unsupport-file-name","$v":{"$o":"Ayinakusebenzisa igama elinonobumba abangaxhaswanga: \\/:*?&quot;&lt;&gt;|"}},{"$i":"import-file-error","$v":"Igama sele lithathiwe. Khetha elinye."},{"$i":"import-file-exist","$v":"Igama elifanayo lefayile sele likhona."},{"$i":"state_storage_no_memory_card","$v":"Ikhadi lememori alifunyanwa. Nceda ufake ikhadi lememori."},{"$i":"state_storage_full","$v":"Uvimba ugcwele"},{"$i":"state_storage_full_sdcard","$v":"I-SD khadi igcwele."},{"$i":"state_storage_full_content_new","$v":"Ayikwazi ukurekhoda. Cima iifayile zemidiya ukuvula isithuba."},{"$i":"state_storage_full_content_new_sdcard","$v":"Ayikwazi ukurekhoda. Cima iifayile kwi-SD khadi ukuvula isithuba."},{"$i":"state_storage_full_content_record","$v":"Ayikwazi ukurekhoda. Ungagcina ifayile esele irekhodiwe uze ucime iifayile zemidiya ukuvula isithuba."},{"$i":"state_storage_full_content_record_sdcard","$v":"Ayikwazi ukurekhoda. Ungagcina ifayile esele irekhodiwe uze ucime iifayile kwi-SD khadi ukuvula isithuba."},{"$i":"state_storage_full_content_save","$v":"Ayikwazi ukulondoloza ifayile. Cima iifayile zeendaba ukuze ukhulule isikhala."},{"$i":"state_storage_full_content_save_sdcard","$v":"Ayikwazi ukulondoloza ifayile. Cima iifayile kwikhadi le-SD ukukhulula isikhala."},{"$i":"state_storage_in_use","$v":"Uvimba uyasetyenziswa okwangoku. Nceda ukhuphe ifowuni eplagini."},{"$i":"options","$v":"Okunokukhethwa"},{"$i":"cancel","$v":"Rhoxisa"},{"$i":"delete","$v":"Cima"},{"$i":"save","$v":"Gcina"},{"$i":"ok","$v":"Kulungile"},{"$i":"back","$v":"Emva"},{"$i":"select","$v":"Khetha"},{"$i":"deselect","$v":"Yekisa ukukhetha"},{"$i":"rename-same-name","$v":"Igama alitshintshwanga"},{"$i":"weekday-0-long","$v":"Ngecawe"},{"$i":"weekday-1-long","$v":"NgoMvulo"},{"$i":"weekday-2-long","$v":"Lwesibini"},{"$i":"weekday-3-long","$v":"Lwesithathu"},{"$i":"weekday-4-long","$v":"Lwesine"},{"$i":"weekday-5-long","$v":"Lwesihlanu"},{"$i":"weekday-6-long","$v":"Mgqibelo"},{"$i":"weekday-0-short","$v":"Ca"},{"$i":"weekday-1-short","$v":"Mvu"},{"$i":"weekday-2-short","$v":"Lb"},{"$i":"weekday-3-short","$v":"Lt"},{"$i":"weekday-4-short","$v":"Ln"},{"$i":"weekday-5-short","$v":"Lh"},{"$i":"weekday-6-short","$v":"Mg"},{"$i":"month-0-long","$v":"EyoMqungu"},{"$i":"month-1-long","$v":"EyoMdumba"},{"$i":"month-2-long","$v":"EyoKwindla"},{"$i":"month-3-long","$v":"Tshazimpuzi"},{"$i":"month-4-long","$v":"UCanzibe"},{"$i":"month-5-long","$v":"Isilimela"},{"$i":"month-6-long","$v":"EyeKhala"},{"$i":"month-7-long","$v":"EyeThupha"},{"$i":"month-8-long","$v":"EyoMsintsi"},{"$i":"month-9-long","$v":"EyeDwarha"},{"$i":"month-10-long","$v":"EyeNkanga"},{"$i":"month-11-long","$v":"EyoMnga"},{"$i":"month-0-genitive","$v":"Januwari"},{"$i":"month-1-genitive","$v":"Februwari"},{"$i":"month-2-genitive","$v":"Matshi"},{"$i":"month-3-genitive","$v":"Tshazimpuzi"},{"$i":"month-4-genitive","$v":"Meyi"},{"$i":"month-5-genitive","$v":"Juni"},{"$i":"month-6-genitive","$v":"Julayi"},{"$i":"month-7-genitive","$v":"Agasti"},{"$i":"month-8-genitive","$v":"Septemba"},{"$i":"month-9-genitive","$v":"Oktobha"},{"$i":"month-10-genitive","$v":"Novemba"},{"$i":"month-11-genitive","$v":"Disemba"},{"$i":"month-0-short","$v":"Jan"},{"$i":"month-1-short","$v":"Feb"},{"$i":"month-2-short","$v":"Mat"},{"$i":"month-3-short","$v":"Tshaz"},{"$i":"month-4-short","$v":"Meyi"},{"$i":"month-5-short","$v":"Juni"},{"$i":"month-6-short","$v":"Julayi"},{"$i":"month-7-short","$v":"Agasti"},{"$i":"month-8-short","$v":"Sep"},{"$i":"month-9-short","$v":"Okto"},{"$i":"month-10-short","$v":"Nov"},{"$i":"month-11-short","$v":"Dis"},{"$i":"minutes-ago-long","$v":{"few":[{"t":"idOrVar","v":"value"}," imizuzu edlileyo"],"many":[{"t":"idOrVar","v":"value"}," imizuzu edlileyo"],"one":"Umzuzu odluleyo","other":[{"t":"idOrVar","v":"value"}," imizuzu edlileyo"],"two":[{"t":"idOrVar","v":"value"}," imizuzu edlileyo"],"zero":"nje ngoku"},"$x":[{"t":"idOrVar","v":"izininzi"},"inani"]},{"$i":"hours-ago-long","$v":{"few":[{"t":"idOrVar","v":"value"}," iiyure ezidluleyo"],"many":[{"t":"idOrVar","v":"value"}," iiyure ezidluleyo"],"one":"kwiyure edluleyo","other":[{"t":"idOrVar","v":"value"}," iiyure ezidluleyo"],"two":[{"t":"idOrVar","v":"value"}," iiyure ezidluleyo"],"zero":"nje ngoku"},"$x":[{"t":"idOrVar","v":"izininzi"},"inani"]},{"$i":"days-ago-long","$v":{"few":[{"t":"idOrVar","v":"value"}," iintsuku ezidluleyo"],"many":[{"t":"idOrVar","v":"value"}," iintsuku ezidluleyo"],"one":"izolo","other":[{"t":"idOrVar","v":"value"}," iintsuku ezidluleyo"],"two":[{"t":"idOrVar","v":"value"}," iintsuku ezidluleyo"],"zero":"namhlanje"},"$x":[{"t":"idOrVar","v":"izininzi"},"inani"]},{"$i":"weeks-ago-long","$v":{"few":[{"t":"idOrVar","v":"value"}," iiveki ezidluleyo"],"many":[{"t":"idOrVar","v":"value"}," iiveki ezidluleyo"],"one":"kwiveki edluleyo","other":[{"t":"idOrVar","v":"value"}," iiveki ezidluleyo"],"two":[{"t":"idOrVar","v":"value"}," iiveki ezidluleyo"],"zero":"kule veki"},"$x":[{"t":"idOrVar","v":"izininzi"},"inani"]},{"$i":"months-ago-long","$v":{"few":[{"t":"idOrVar","v":"value"}," iinyanga ezidluyo"],"many":[{"t":"idOrVar","v":"value"}," iinyanga ezidluyo"],"one":"Kwinyanga edluleyo","other":[{"t":"idOrVar","v":"value"}," iinyanga ezidluyo"],"two":[{"t":"idOrVar","v":"value"}," iinyanga ezidluyo"],"zero":"kule nyanga"},"$x":[{"t":"idOrVar","v":"izininzi"},"inani"]},{"$i":"years-ago-long","$v":{"few":[{"t":"idOrVar","v":"value"}," iiminyak edluleyo"],"many":[{"t":"idOrVar","v":"value"}," iiminyak edluleyo"],"one":"kunyaka odluleyo","other":[{"t":"idOrVar","v":"value"}," iiminyak edluleyo"],"two":[{"t":"idOrVar","v":"value"}," iiminyak edluleyo"],"zero":"kulo nyaka"},"$x":[{"t":"idOrVar","v":"izininzi"},"inani"]},{"$i":"minutes-until-long","$v":{"few":["in ",{"t":"idOrVar","v":"value"}," imizuzu"],"many":["in ",{"t":"idOrVar","v":"value"}," imizuzu"],"one":"kumzuzu","other":["in ",{"t":"idOrVar","v":"value"}," imizuzu"],"two":["in ",{"t":"idOrVar","v":"value"}," imizuzu"],"zero":"Ngoku"},"$x":[{"t":"idOrVar","v":"izininzi"},"inani"]},{"$i":"hours-until-long","$v":{"few":["in ",{"t":"idOrVar","v":"value"}," iiyure"],"many":["in ",{"t":"idOrVar","v":"value"}," iiyure"],"one":"kwiyure","other":["in ",{"t":"idOrVar","v":"value"}," iiyure"],"two":["in ",{"t":"idOrVar","v":"value"}," iiyure"],"zero":"Ngoku"},"$x":[{"t":"idOrVar","v":"izininzi"},"inani"]},{"$i":"days-until-long","$v":{"few":["in ",{"t":"idOrVar","v":"value"}," iintsuku"],"many":["in ",{"t":"idOrVar","v":"value"}," iintsuku"],"one":"ngomso","other":["in ",{"t":"idOrVar","v":"value"}," iintsuku"],"two":["in ",{"t":"idOrVar","v":"value"}," iintsuku"],"zero":"namhlanje"},"$x":[{"t":"idOrVar","v":"izininzi"},"inani"]},{"$i":"weeks-until-long","$v":{"few":["in ",{"t":"idOrVar","v":"value"}," iiveki"],"many":["in ",{"t":"idOrVar","v":"value"}," iiveki"],"one":"iveki ezayo","other":["in ",{"t":"idOrVar","v":"value"}," iiveki"],"two":["in ",{"t":"idOrVar","v":"value"}," iiveki"],"zero":"kule veki"},"$x":[{"t":"idOrVar","v":"izininzi"},"inani"]},{"$i":"months-until-long","$v":{"few":["in ",{"t":"idOrVar","v":"value"}," iinyanga"],"many":["in ",{"t":"idOrVar","v":"value"}," iinyanga"],"one":"inyanga ezayo","other":["in ",{"t":"idOrVar","v":"value"}," iinyanga"],"two":["in ",{"t":"idOrVar","v":"value"}," iinyanga"],"zero":"kule nyanga"},"$x":[{"t":"idOrVar","v":"izininzi"},"inani"]},{"$i":"years-until-long","$v":{"few":["in ",{"t":"idOrVar","v":"value"}," iiminyaka"],"many":["in ",{"t":"idOrVar","v":"value"}," iiminyaka"],"one":"unyaka ozayou","other":["in ",{"t":"idOrVar","v":"value"}," iiminyaka"],"two":["in ",{"t":"idOrVar","v":"value"}," iiminyaka"],"zero":"kulo nyaka"},"$x":[{"t":"idOrVar","v":"izininzi"},"inani"]},{"$i":"minutes-ago-short","$v":{"other":[{"t":"idOrVar","v":"value"},"m dluleyo"],"zero":"nje ngoku"},"$x":[{"t":"idOrVar","v":"izininzi"},"inani"]},{"$i":"hours-ago-short","$v":{"other":[{"t":"idOrVar","v":"value"},"y dluleyo"],"zero":"nje ngoku"},"$x":[{"t":"idOrVar","v":"izininzi"},"inani"]},{"$i":"days-ago-short","$v":{"other":[{"t":"idOrVar","v":"value"},"s dluleyo"],"zero":"namhlanje"},"$x":[{"t":"idOrVar","v":"izininzi"},"inani"]},{"$i":"minutes-until-short","$v":{"other":["in ",{"t":"idOrVar","v":"value"},"m"],"zero":"Ngoku"},"$x":[{"t":"idOrVar","v":"izininzi"},"inani"]},{"$i":"hours-until-short","$v":{"other":["in ",{"t":"idOrVar","v":"value"},"h"],"zero":"Ngoku"},"$x":[{"t":"idOrVar","v":"izininzi"},"inani"]},{"$i":"days-until-short","$v":{"other":["in ",{"t":"idOrVar","v":"value"},"d"],"zero":"namhlanje"},"$x":[{"t":"idOrVar","v":"izininzi"},"inani"]},{"$i":"incorrectDate","$v":"(umhla awulunganga)"},{"$i":"dateTimeFormat_%c","$v":"%a %b %e %Y %I:%M:%S %p"},{"$i":"dateTimeFormat_%x","$v":"%m/%d/%Y"},{"$i":"dateTimeFormat_%X","$v":"%I:%M:%S %p"},{"$i":"shortTimeFormat","$v":"%I:%M %p"},{"$i":"shortTimeFormat12","$v":"%I:%M %p"},{"$i":"shortTimeFormat24","$v":"%H:%M"},{"$i":"shortDateTimeFormat","$v":"%x %I:%M %p"},{"$i":"weekStartsOnMonday","$v":"0.0"},{"$i":"firstDayOfTheWeek","$v":"0.0"},{"$i":"time_am","$v":"AM"},{"$i":"time_pm","$v":"PM"}]