[{"$i":"toast-audio-save","$v":"錄音已儲存"},{"$i":"toast-audio-discarded","$v":"錄製已放棄"},{"$i":"toast-save-rate","$v":"變更已儲存。"},{"$i":"toast-audio-deleted","$v":"錄音已刪除"},{"$i":"toast-audio-files-deleted","$v":"音頻文件已刪除。"},{"$i":"toast-audio-rename-ok","$v":"已變更名稱"},{"$i":"toast-audio-rename-failed","$v":"重新命名失敗"},{"$i":"toast-music-library-save","$v":[{"t":"idOrVar","v":"name"},"保存到音樂庫"]},{"$i":"toast-audio-import-save","$v":[{"t":"idOrVar","v":"name"},"已儲存至備忘。"]},{"$i":"toast-audio-save-failed","$v":"保存失敗。"},{"$i":"soft-key-new","$v":"新增"},{"$i":"soft-key-option","$v":"選項"},{"$i":"soft-key-play","$v":"播放"},{"$i":"soft-key-ok","$v":"確認"},{"$i":"soft-key-options","$v":"選項"},{"$i":"soft-key-back","$v":"返回"},{"$i":"soft-key-pause","$v":"暫停"},{"$i":"soft-key-cancel","$v":"取消"},{"$i":"soft-key-delete","$v":"刪除"},{"$i":"soft-key-done","$v":"已完成"},{"$i":"soft-key-save","$v":"儲存"},{"$i":"soft-key-discard","$v":"放棄"},{"$i":"soft-key-all","$v":"全部"},{"$i":"soft-key-deselect","$v":"取消選取"},{"$i":"soft-key-none","$v":"無"},{"$i":"menu-header","$v":"選項"},{"$i":"menu-delete","$v":"刪除"},{"$i":"menu-share","$v":"分享"},{"$i":"menu-rename","$v":"重新命名"},{"$i":"menu-save-as-ringtone","$v":"另存為鈴聲"},{"$i":"menu-settings","$v":"設定"},{"$i":"menu-volume","$v":"音量"},{"$i":"menu-save-to-music-library","$v":"儲存至音樂資料庫"},{"$i":"menu-select-multiple","$v":"多選"},{"$i":"number-selected","$v":{"few":["已選取",{"t":"idOrVar","v":"number"}],"many":["已選取",{"t":"idOrVar","v":"number"}],"one":["已選取",{"t":"idOrVar","v":"number"}],"other":["已選取",{"t":"idOrVar","v":"number"}],"two":["已選取",{"t":"idOrVar","v":"number"}],"zero":["已選取",{"t":"idOrVar","v":"number"}]},"$x":[{"t":"idOrVar","v":"plural"},"number"]},{"$i":"title-audio-list","$v":"錄音機"},{"$i":"title-rename","$v":"重新命名"},{"$i":"title-settings","$v":"設定"},{"$i":"title-save-confirmation","$v":"確認"},{"$i":"title-delete-confirmation","$v":"確認"},{"$i":"title-recording-bitrate","$v":"錄音品質"},{"$i":"title-pick-audio-list","$v":"選取備忘"},{"$i":"dialog-delete-audio-file","$v":"刪除音訊檔案？"},{"$i":"dialog-save-audio-recording","$v":"儲存錄音？"},{"$i":"dialog-delete-select-audio","$v":{"few":["刪除",{"t":"idOrVar","v":"number"},"個錄音？"],"many":["刪除",{"t":"idOrVar","v":"number"},"個錄音？"],"one":"刪除所選錄音？","other":["刪除",{"t":"idOrVar","v":"number"},"個錄音？"],"two":["刪除",{"t":"idOrVar","v":"number"},"個錄音？"]},"$x":[{"t":"idOrVar","v":"plural"},"number"]},{"$i":"settings-bitrate-8k","$v":"8K(較小)"},{"$i":"settings-bitrate-44k","$v":"44K(較大)"},{"$i":"settings-bitrate-err","$v":"設定錯誤"},{"$i":"audio-recorder-is-empty","$v":"音訊備忘空白。"},{"$i":"audio-pick-is-empty","$v":"音訊備忘空白。"},{"$i":"input-title-enter-new-name","$v":"輸入新名稱"},{"$i":"new-recording","$v":"新錄音"},{"$i":"save-input","placeholder":"新錄音"},{"$i":"save-audio-input","$v":"名稱"},{"$i":"audio-player-state","$v":"正在播放..."},{"$i":"audio-player-state-pause","$v":""},{"$i":"audio-recorder-loading","$v":"正在掃描錄音..."},{"$i":"unsupport-file-name","$v":{"$o":"不能使用包含不支援字元的名稱：\\/:*?&quot;&lt;&gt;|"}},{"$i":"import-file-error","$v":"該名稱已被採用。請選擇其他名稱"},{"$i":"import-file-exist","$v":"已存在相同的檔案名稱。"},{"$i":"state_storage_no_memory_card","$v":"找不到記憶卡。請插入記憶卡。"},{"$i":"state_storage_full","$v":"儲存已滿"},{"$i":"state_storage_full_sdcard","$v":"SD卡已滿。"},{"$i":"state_storage_full_content_new","$v":"無法錄製。請刪除媒體檔案以釋出空間。"},{"$i":"state_storage_full_content_new_sdcard","$v":"無法錄製。請刪除 SD 記憶卡中的檔案以釋出空間。"},{"$i":"state_storage_full_content_record","$v":"無法錄製。您可以儲存已錄製的檔案，並刪除媒體檔案以釋出空間。"},{"$i":"state_storage_full_content_record_sdcard","$v":"無法錄製。您可以儲存已錄製的檔案，並刪除 SD 記憶卡中的檔案以釋出空間。"},{"$i":"state_storage_full_content_save","$v":"無法儲存檔案。請刪除媒體檔案以釋放空間。"},{"$i":"state_storage_full_content_save_sdcard","$v":"無法儲存檔案。請刪除SD卡中的檔案以釋放空間。"},{"$i":"state_storage_in_use","$v":"儲存目前正在使用中。請拔除手機。"},{"$i":"options","$v":"選項"},{"$i":"cancel","$v":"取消"},{"$i":"delete","$v":"刪除"},{"$i":"save","$v":"儲存"},{"$i":"ok","$v":"確認"},{"$i":"back","$v":"返回"},{"$i":"select","$v":"選取"},{"$i":"deselect","$v":"取消選取"},{"$i":"rename-same-name","$v":"名稱未變更"},{"$i":"weekday-0-long","$v":"星期日"},{"$i":"weekday-1-long","$v":"星期一"},{"$i":"weekday-2-long","$v":"星期二"},{"$i":"weekday-3-long","$v":"星期三"},{"$i":"weekday-4-long","$v":"星期四"},{"$i":"weekday-5-long","$v":"星期五"},{"$i":"weekday-6-long","$v":"星期六"},{"$i":"weekday-0-short","$v":"周日"},{"$i":"weekday-1-short","$v":"周一"},{"$i":"weekday-2-short","$v":"周二"},{"$i":"weekday-3-short","$v":"周三"},{"$i":"weekday-4-short","$v":"周四"},{"$i":"weekday-5-short","$v":"周五"},{"$i":"weekday-6-short","$v":"周六"},{"$i":"month-0-long","$v":"一月"},{"$i":"month-1-long","$v":"二月"},{"$i":"month-2-long","$v":"三月"},{"$i":"month-3-long","$v":"四月"},{"$i":"month-4-long","$v":"五月"},{"$i":"month-5-long","$v":"六月"},{"$i":"month-6-long","$v":"七月"},{"$i":"month-7-long","$v":"八月"},{"$i":"month-8-long","$v":"九月"},{"$i":"month-9-long","$v":"十月"},{"$i":"month-10-long","$v":"十一月"},{"$i":"month-11-long","$v":"十二月"},{"$i":"month-0-genitive","$v":"一月"},{"$i":"month-1-genitive","$v":"二月"},{"$i":"month-2-genitive","$v":"三月"},{"$i":"month-3-genitive","$v":"四月"},{"$i":"month-4-genitive","$v":"五月"},{"$i":"month-5-genitive","$v":"六月"},{"$i":"month-6-genitive","$v":"七月"},{"$i":"month-7-genitive","$v":"八月"},{"$i":"month-8-genitive","$v":"九月"},{"$i":"month-9-genitive","$v":"十月"},{"$i":"month-10-genitive","$v":"十一月"},{"$i":"month-11-genitive","$v":"十二月"},{"$i":"month-0-short","$v":"1月"},{"$i":"month-1-short","$v":"2月"},{"$i":"month-2-short","$v":"3月"},{"$i":"month-3-short","$v":"4月"},{"$i":"month-4-short","$v":"5月"},{"$i":"month-5-short","$v":"6月"},{"$i":"month-6-short","$v":"7月"},{"$i":"month-7-short","$v":"8月"},{"$i":"month-8-short","$v":"9月"},{"$i":"month-9-short","$v":"10月"},{"$i":"month-10-short","$v":"11月"},{"$i":"month-11-short","$v":"12月"},{"$i":"minutes-ago-long","$v":{"few":[{"t":"idOrVar","v":"value"},"分鐘前"],"many":[{"t":"idOrVar","v":"value"},"分鐘前"],"one":"一分鐘前","other":[{"t":"idOrVar","v":"value"},"分鐘前"],"two":[{"t":"idOrVar","v":"value"},"分鐘前"],"zero":"現在"},"$x":[{"t":"idOrVar","v":"plural"},"value"]},{"$i":"hours-ago-long","$v":{"few":[{"t":"idOrVar","v":"value"},"小時前"],"many":[{"t":"idOrVar","v":"value"},"小時前"],"one":"1小時前","other":[{"t":"idOrVar","v":"value"},"小時前"],"two":[{"t":"idOrVar","v":"value"},"小時前"],"zero":"現在"},"$x":[{"t":"idOrVar","v":"plural"},"value"]},{"$i":"days-ago-long","$v":{"few":[{"t":"idOrVar","v":"value"},"天前"],"many":[{"t":"idOrVar","v":"value"},"天前"],"one":"昨天","other":[{"t":"idOrVar","v":"value"},"天前"],"two":[{"t":"idOrVar","v":"value"},"天前"],"zero":"今天"},"$x":[{"t":"idOrVar","v":"plural"},"value"]},{"$i":"weeks-ago-long","$v":{"few":[{"t":"idOrVar","v":"value"},"星期前"],"many":[{"t":"idOrVar","v":"value"},"星期前"],"one":"上週","other":[{"t":"idOrVar","v":"value"},"星期前"],"two":[{"t":"idOrVar","v":"value"},"星期前"],"zero":"本週"},"$x":[{"t":"idOrVar","v":"plural"},"value"]},{"$i":"months-ago-long","$v":{"few":[{"t":"idOrVar","v":"value"},"個月前"],"many":[{"t":"idOrVar","v":"value"},"個月前"],"one":"上個月","other":[{"t":"idOrVar","v":"value"},"個月前"],"two":[{"t":"idOrVar","v":"value"},"個月前"],"zero":"本月"},"$x":[{"t":"idOrVar","v":"plural"},"value"]},{"$i":"years-ago-long","$v":{"few":[{"t":"idOrVar","v":"value"},"年前"],"many":[{"t":"idOrVar","v":"value"},"年前"],"one":"上一年","other":[{"t":"idOrVar","v":"value"},"年前"],"two":[{"t":"idOrVar","v":"value"},"年前"],"zero":"今年"},"$x":[{"t":"idOrVar","v":"plural"},"value"]},{"$i":"minutes-until-long","$v":{"few":["在",{"t":"idOrVar","v":"value"},"分鐘後"],"many":["在",{"t":"idOrVar","v":"value"},"分鐘後"],"one":"在1分鐘後","other":[{"t":"idOrVar","v":"value"},"分鐘"],"two":["在",{"t":"idOrVar","v":"value"},"分鐘後"],"zero":"現在"},"$x":[{"t":"idOrVar","v":"plural"},"value"]},{"$i":"hours-until-long","$v":{"few":["在",{"t":"idOrVar","v":"value"},"小時後"],"many":["在",{"t":"idOrVar","v":"value"},"小時後"],"one":"1小時","other":["在",{"t":"idOrVar","v":"value"},"小時後"],"two":[{"t":"idOrVar","v":"value"},"小時"],"zero":"現在"},"$x":[{"t":"idOrVar","v":"plural"},"value"]},{"$i":"days-until-long","$v":{"few":["在",{"t":"idOrVar","v":"value"},"天後"],"many":["在",{"t":"idOrVar","v":"value"},"天後"],"one":"明天","other":["在",{"t":"idOrVar","v":"value"},"天後"],"two":["在",{"t":"idOrVar","v":"value"},"天後"],"zero":"今天"},"$x":[{"t":"idOrVar","v":"plural"},"value"]},{"$i":"weeks-until-long","$v":{"few":["在",{"t":"idOrVar","v":"value"},"週後"],"many":["在",{"t":"idOrVar","v":"value"},"週後"],"one":"下週","other":["在",{"t":"idOrVar","v":"value"},"週後"],"two":["在",{"t":"idOrVar","v":"value"},"週後"],"zero":"本週"},"$x":[{"t":"idOrVar","v":"plural"},"value"]},{"$i":"months-until-long","$v":{"few":["在",{"t":"idOrVar","v":"value"},"個月後"],"many":["在",{"t":"idOrVar","v":"value"},"個月後"],"one":"下個月","other":["在",{"t":"idOrVar","v":"value"},"個月後"],"two":["在",{"t":"idOrVar","v":"value"},"個月後"],"zero":"本月"},"$x":[{"t":"idOrVar","v":"plural"},"value"]},{"$i":"years-until-long","$v":{"few":["在",{"t":"idOrVar","v":"value"},"年後"],"many":["在",{"t":"idOrVar","v":"value"},"年後"],"one":"明年","other":["在",{"t":"idOrVar","v":"value"},"年後"],"two":["在",{"t":"idOrVar","v":"value"},"年後"],"zero":"今年"},"$x":[{"t":"idOrVar","v":"plural"},"value"]},{"$i":"minutes-ago-short","$v":{"other":[{"t":"idOrVar","v":"value"},"分鐘前"],"zero":"現在"},"$x":[{"t":"idOrVar","v":"plural"},"value"]},{"$i":"hours-ago-short","$v":{"other":[{"t":"idOrVar","v":"value"},"小時前"],"zero":"現在"},"$x":[{"t":"idOrVar","v":"plural"},"value"]},{"$i":"days-ago-short","$v":{"other":[{"t":"idOrVar","v":"value"},"天前"],"zero":"今天"},"$x":[{"t":"idOrVar","v":"plural"},"value"]},{"$i":"minutes-until-short","$v":{"other":["在",{"t":"idOrVar","v":"value"},"分鐘後"],"zero":"現在"},"$x":[{"t":"idOrVar","v":"plural"},"value"]},{"$i":"hours-until-short","$v":{"other":["在",{"t":"idOrVar","v":"value"},"小時後"],"zero":"現在"},"$x":[{"t":"idOrVar","v":"plural"},"value"]},{"$i":"days-until-short","$v":{"other":["在",{"t":"idOrVar","v":"value"},"天後"],"zero":"今天"},"$x":[{"t":"idOrVar","v":"plural"},"value"]},{"$i":"incorrectDate","$v":"(日期不正確)"},{"$i":"dateTimeFormat_%c","$v":"%a %b %e %Y %I:%M:%S %p"},{"$i":"dateTimeFormat_%x","$v":"%m/%d/%Y"},{"$i":"dateTimeFormat_%X","$v":"%I:%M:%S %p"},{"$i":"shortTimeFormat","$v":"%I:%M %p"},{"$i":"shortTimeFormat12","$v":"%I:%M %p"},{"$i":"shortTimeFormat24","$v":"%H:%M"},{"$i":"shortDateTimeFormat","$v":"%x %I:%M %p"},{"$i":"weekStartsOnMonday","$v":"0.0"},{"$i":"firstDayOfTheWeek","$v":"0.0"},{"$i":"time_am","$v":"上午"},{"$i":"time_pm","$v":"下午"}]