[{"$i":"toast-audio-save","$v":"Okurekhodiwe kulondoloziwe"},{"$i":"toast-audio-discarded","$v":"Ukurekhodwa kuyekiwe."},{"$i":"toast-save-rate","$v":"Ushintsho lulondoloziwe."},{"$i":"toast-audio-deleted","$v":"Ifayela elilalwayo lisusiwe."},{"$i":"toast-audio-files-deleted","$v":"Amafayela omsindo adilithiwe."},{"$i":"toast-audio-rename-ok","$v":"Igama lishintshiwe."},{"$i":"toast-audio-rename-failed","$v":"Ukuqamba kabusha kwehlulekile."},{"$i":"toast-music-library-save","$v":[{"t":"idOrVar","v":"name"}," Ilondolozwe kwilabhulali Yomculo"]},{"$i":"toast-audio-import-save","$v":[{"t":"idOrVar","v":"name"}," ilondolozwe kwiRekhoda."]},{"$i":"toast-audio-save-failed","$v":"Ukulondoloza kuhlulekile."},{"$i":"soft-key-new","$v":"Okusha"},{"$i":"soft-key-option","$v":"Okhetha kukho"},{"$i":"soft-key-play","$v":"Dlala"},{"$i":"soft-key-ok","$v":"KULUNGILE"},{"$i":"soft-key-options","$v":"Okhetha kukho"},{"$i":"soft-key-back","$v":"Emuva"},{"$i":"soft-key-pause","$v":"Misa"},{"$i":"soft-key-cancel","$v":"Khansela"},{"$i":"soft-key-delete","$v":"Susa"},{"$i":"soft-key-done","$v":"Kwenziwe"},{"$i":"soft-key-save","$v":"Londoloza"},{"$i":"soft-key-discard","$v":"Lahla"},{"$i":"soft-key-all","$v":"Konke"},{"$i":"soft-key-deselect","$v":"Yeka ukukhetha"},{"$i":"soft-key-none","$v":"Lutho"},{"$i":"menu-header","$v":"Okhetha kukho"},{"$i":"menu-delete","$v":"Susa"},{"$i":"menu-share","$v":"Yabelana"},{"$i":"menu-rename","$v":"Qamba kabusha"},{"$i":"menu-save-as-ringtone","$v":"Londoloza njengeringithoni"},{"$i":"menu-settings","$v":"Amasethingi"},{"$i":"menu-volume","$v":"Ivolumu"},{"$i":"menu-save-to-music-library","$v":"Ilondolozwe kwilabhulali Yomculo"},{"$i":"menu-select-multiple","$v":"Khetha Okuningi"},{"$i":"number-selected","$v":{"few":[{"t":"idOrVar","v":"number"}," Kukhethiwe"],"many":[{"t":"idOrVar","v":"number"}," Kukhethiwe"],"one":[{"t":"idOrVar","v":"number"}," Kukhethiwe"],"other":[{"t":"idOrVar","v":"number"}," Kukhethiwe"],"two":[{"t":"idOrVar","v":"number"}," Kukhethiwe"],"zero":[{"t":"idOrVar","v":"number"}," Kukhethiwe"]},"$x":[{"t":"idOrVar","v":"plural"},"number"]},{"$i":"title-audio-list","$v":"Isirekhodi"},{"$i":"title-rename","$v":"Qamba kabusha"},{"$i":"title-settings","$v":"Amasethingi"},{"$i":"title-save-confirmation","$v":"Ukuqinisekisa"},{"$i":"title-delete-confirmation","$v":"Ukuqinisekisa"},{"$i":"title-recording-bitrate","$v":"Izinga Lokurekhoda"},{"$i":"title-pick-audio-list","$v":"Khetha Irekhoda"},{"$i":"dialog-delete-audio-file","$v":"Susa ifayela elilalelwayo?"},{"$i":"dialog-save-audio-recording","$v":"Londoloza umsindo oqoshiwe?"},{"$i":"dialog-delete-select-audio","$v":{"few":["Susa ukurekhoda okungu-",{"t":"idOrVar","v":"number"},"?"],"many":["Susa ukurekhoda okungu-",{"t":"idOrVar","v":"number"},"?"],"one":"Sula ukurekhoda okukhethiwe?","other":["Susa ukurekhoda okungu-",{"t":"idOrVar","v":"number"},"?"],"two":["Susa ukurekhoda okungu-",{"t":"idOrVar","v":"number"},"?"]},"$x":[{"t":"idOrVar","v":"plural"},"kilobytes"]},{"$i":"settings-bitrate-8k","$v":"8K (Usayizi omncane)"},{"$i":"settings-bitrate-44k","$v":"44K (Usayizi omkhulu)"},{"$i":"settings-bitrate-err","$v":"Iphutha Lokusetha"},{"$i":"audio-recorder-is-empty","$v":"Irekhoda ayinalutho, cindezela Okusha ukuze uqale ukurekhoda."},{"$i":"audio-pick-is-empty","$v":"Isiqophi somsindo asinalutho."},{"$i":"input-title-enter-new-name","$v":"Faka igama elisha"},{"$i":"new-recording","$v":"Umniningwane omusha"},{"$i":"save-input","placeholder":"Umniningwane omusha"},{"$i":"save-audio-input","$v":"Igama"},{"$i":"audio-player-state","$v":"Iyadlala..."},{"$i":"audio-player-state-pause","$v":""},{"$i":"audio-recorder-loading","$v":"Ukuthungatha umsindo orekhodiwe..."},{"$i":"unsupport-file-name","$v":{"$o":"Ayikwazi ukusebenzisa igama eliqukethe izinhlamvu ezingasekelwa: \\/:*?\"<>|"}},{"$i":"import-file-error","$v":"Igama selivele lithathiwe. Khetha elinye igama"},{"$i":"import-file-exist","$v":"Igama elifanayo lefayela selikhona kakade."},{"$i":"state_storage_no_memory_card","$v":"Akukho khadi lememori. Sicela ufake ikhadi lememori."},{"$i":"state_storage_full","$v":"Isikhala Sigcwele."},{"$i":"state_storage_full_sdcard","$v":"Ikhadi le-SD ligcwele"},{"$i":"state_storage_full_content_new","$v":"Ayikwazi ukurekhoda. Sula amafayela emidiya ukuze ukhulule isikhala."},{"$i":"state_storage_full_content_new_sdcard","$v":"Ayikwazi ukurekhoda. Sula amafayela ekhadini le-SD ukuze ukhulule isikhala."},{"$i":"state_storage_full_content_record","$v":"Ayikwazi ukurekhoda. Ungalondoloza ifayela eselivele lirekhodiwe futhi usule amafayela emidiya ukuze ukhulule isikhala."},{"$i":"state_storage_full_content_record_sdcard","$v":"Ayikwazi ukurekhoda. Ungalondoloza ifayela eselivele lirekhodiwe futhi usule amafayela ekhadini le-SD ukuze ukhulule isikhala."},{"$i":"state_storage_full_content_save","$v":"Ayikwazi ukulondoloza ifayela. Sula amafayela emidiya ukuze ukhulule isikhala."},{"$i":"state_storage_full_content_save_sdcard","$v":"Ayikwazi ukulondoloza ifayela. Sula amafayela ekhadini le-SD ukuze ukhulule isikhala."},{"$i":"state_storage_in_use","$v":"Isitoreji siyasebenza njengamanje. Sicela ukhiphe ifoni yakho."},{"$i":"options","$v":"Okhetha kukho"},{"$i":"cancel","$v":"Khansela"},{"$i":"delete","$v":"Susa"},{"$i":"save","$v":"Londoloza"},{"$i":"ok","$v":"KULUNGILE"},{"$i":"back","$v":"Emuva"},{"$i":"select","$v":"Khetha"},{"$i":"deselect","$v":"Yeka ukukhetha"},{"$i":"rename-same-name","$v":"Igama alishintshiwe."},{"$i":"weekday-0-long","$v":"ISonto"},{"$i":"weekday-1-long","$v":"UMsombuluko"},{"$i":"weekday-2-long","$v":"ULwesibili"},{"$i":"weekday-3-long","$v":"ULwesithathu"},{"$i":"weekday-4-long","$v":"ULwesine"},{"$i":"weekday-5-long","$v":"ULwesihlanu"},{"$i":"weekday-6-long","$v":"UMgqibelo"},{"$i":"weekday-0-short","$v":"Isonto"},{"$i":"weekday-1-short","$v":"Mso"},{"$i":"weekday-2-short","$v":"Lwbl"},{"$i":"weekday-3-short","$v":"Lwth"},{"$i":"weekday-4-short","$v":"Lwesn"},{"$i":"weekday-5-short","$v":"Lwshl"},{"$i":"weekday-6-short","$v":"Mgq"},{"$i":"month-0-long","$v":"Januwari"},{"$i":"month-1-long","$v":"Febhuwari"},{"$i":"month-2-long","$v":"Mashi"},{"$i":"month-3-long","$v":"Ephreli"},{"$i":"month-4-long","$v":"Meyi"},{"$i":"month-5-long","$v":"Juni"},{"$i":"month-6-long","$v":"Julayi"},{"$i":"month-7-long","$v":"Agasti"},{"$i":"month-8-long","$v":"Septhemba"},{"$i":"month-9-long","$v":"Okthoba"},{"$i":"month-10-long","$v":"Novemba"},{"$i":"month-11-long","$v":"Disemba"},{"$i":"month-0-genitive","$v":"Januwari"},{"$i":"month-1-genitive","$v":"Febhuwari"},{"$i":"month-2-genitive","$v":"Mashi"},{"$i":"month-3-genitive","$v":"Ephreli"},{"$i":"month-4-genitive","$v":"Meyi"},{"$i":"month-5-genitive","$v":"Juni"},{"$i":"month-6-genitive","$v":"Julayi"},{"$i":"month-7-genitive","$v":"Agasti"},{"$i":"month-8-genitive","$v":"Septhemba"},{"$i":"month-9-genitive","$v":"Okthoba"},{"$i":"month-10-genitive","$v":"Novemba"},{"$i":"month-11-genitive","$v":"Disemba"},{"$i":"month-0-short","$v":"Jan"},{"$i":"month-1-short","$v":"Feb"},{"$i":"month-2-short","$v":"Mas"},{"$i":"month-3-short","$v":"Ephr"},{"$i":"month-4-short","$v":"Meyi"},{"$i":"month-5-short","$v":"Jun"},{"$i":"month-6-short","$v":"Jul"},{"$i":"month-7-short","$v":"Aga"},{"$i":"month-8-short","$v":"Sep"},{"$i":"month-9-short","$v":"Okt"},{"$i":"month-10-short","$v":"Nov"},{"$i":"month-11-short","$v":"Dis"},{"$i":"minutes-ago-long","$v":{"few":[{"t":"idOrVar","v":"value"}," imizuzu edlule"],"many":[{"t":"idOrVar","v":"value"}," imizuzu edlule"],"one":"Umzuzu odlule","other":[{"t":"idOrVar","v":"value"}," imizuzu edlule"],"two":[{"t":"idOrVar","v":"value"}," imizuzu edlule"],"zero":"manje"},"$x":[{"t":"idOrVar","v":"plural"},"value"]},{"$i":"hours-ago-long","$v":{"few":[{"t":"idOrVar","v":"value"}," amahora adlule"],"many":[{"t":"idOrVar","v":"value"}," amahora adlule"],"one":"ihora elidlule","other":[{"t":"idOrVar","v":"value"}," amahora adlule"],"two":[{"t":"idOrVar","v":"value"}," amahora adlule"],"zero":"manje"},"$x":[{"t":"idOrVar","v":"plural"},"value"]},{"$i":"days-ago-long","$v":{"few":[{"t":"idOrVar","v":"value"}," izinsuku ezidlule"],"many":[{"t":"idOrVar","v":"value"}," izinsuku ezidlule"],"one":"izolo","other":[{"t":"idOrVar","v":"value"}," izinsuku ezidlule"],"two":[{"t":"idOrVar","v":"value"}," izinsuku ezidlule"],"zero":"namuhla"},"$x":[{"t":"idOrVar","v":"plural"},"value"]},{"$i":"weeks-ago-long","$v":{"few":[{"t":"idOrVar","v":"value"}," amaviki adlule"],"many":[{"t":"idOrVar","v":"value"}," amaviki adlule"],"one":"iviki eledlule","other":[{"t":"idOrVar","v":"value"}," amaviki adlule"],"two":[{"t":"idOrVar","v":"value"}," amaviki adlule"],"zero":"kuleli viki"},"$x":[{"t":"idOrVar","v":"plural"},"value"]},{"$i":"months-ago-long","$v":{"few":[{"t":"idOrVar","v":"value"}," izinyanga ezidlule"],"many":[{"t":"idOrVar","v":"value"}," izinyanga ezidlule"],"one":"inyanga edlule","other":[{"t":"idOrVar","v":"value"}," izinyanga ezidlule"],"two":[{"t":"idOrVar","v":"value"}," izinyanga ezidlule"],"zero":"kule nyanga"},"$x":[{"t":"idOrVar","v":"plural"},"value"]},{"$i":"years-ago-long","$v":{"few":[{"t":"idOrVar","v":"value"}," iminyaka edlule"],"many":[{"t":"idOrVar","v":"value"}," iminyaka edlule"],"one":"ngonyaka odlule","other":[{"t":"idOrVar","v":"value"}," iminyaka edlule"],"two":[{"t":"idOrVar","v":"value"}," iminyaka edlule"],"zero":"kulo nyaka"},"$x":[{"t":"idOrVar","v":"plural"},"value"]},{"$i":"minutes-until-long","$v":{"few":["emizuzwini engu ",{"t":"idOrVar","v":"value"}],"many":["emizuzwini engu ",{"t":"idOrVar","v":"value"}],"one":"Ngemva komzuzu","other":["emizuzwini engu ",{"t":"idOrVar","v":"value"}],"two":["emizuzwini engu ",{"t":"idOrVar","v":"value"}],"zero":"manje"},"$x":[{"t":"idOrVar","v":"plural"},"value"]},{"$i":"hours-until-long","$v":{"few":["emahoreni angu ",{"t":"idOrVar","v":"value"}],"many":["emahoreni angu ",{"t":"idOrVar","v":"value"}],"one":"Ngemva kwehora","other":["emahoreni angu ",{"t":"idOrVar","v":"value"}],"two":["emahoreni angu ",{"t":"idOrVar","v":"value"}],"zero":"manje"},"$x":[{"t":"idOrVar","v":"plural"},"value"]},{"$i":"days-until-long","$v":{"few":["Ezinsukwini ezingu ",{"t":"idOrVar","v":"value"}],"many":["Ezinsukwini ezingu ",{"t":"idOrVar","v":"value"}],"one":"kusasa","other":["Ezinsukwini ezingu ",{"t":"idOrVar","v":"value"}],"two":["Ezinsukwini ezingu ",{"t":"idOrVar","v":"value"}],"zero":"namuhla"},"$x":[{"t":"idOrVar","v":"plural"},"value"]},{"$i":"weeks-until-long","$v":{"few":["emavikini angu ",{"t":"idOrVar","v":"value"}],"many":["emavikini angu ",{"t":"idOrVar","v":"value"}],"one":"ngeviki elizayo","other":["emavikini angu ",{"t":"idOrVar","v":"value"}],"two":["emavikini angu ",{"t":"idOrVar","v":"value"}],"zero":"kuleli viki"},"$x":[{"t":"idOrVar","v":"plural"},"value"]},{"$i":"months-until-long","$v":{"few":["ezinyangeni ezingu ",{"t":"idOrVar","v":"value"}],"many":["ezinyangeni ezingu ",{"t":"idOrVar","v":"value"}],"one":"ngenyanga ezayo","other":["ezinyangeni ezingu ",{"t":"idOrVar","v":"value"}],"two":["ezinyangeni ezingu ",{"t":"idOrVar","v":"value"}],"zero":"kule nyanga"},"$x":[{"t":"idOrVar","v":"plural"},"value"]},{"$i":"years-until-long","$v":{"few":["eminyakeni engu ",{"t":"idOrVar","v":"value"}],"many":["eminyakeni engu ",{"t":"idOrVar","v":"value"}],"one":"ngonyaka ozayo","other":["eminyakeni engu ",{"t":"idOrVar","v":"value"}],"two":["eminyakeni engu ",{"t":"idOrVar","v":"value"}],"zero":"kulo nyaka"},"$x":[{"t":"idOrVar","v":"plural"},"value"]},{"$i":"minutes-ago-short","$v":{"other":[{"t":"idOrVar","v":"value"}," umzuzu odlule"],"zero":"manje"},"$x":[{"t":"idOrVar","v":"plural"},"value"]},{"$i":"hours-ago-short","$v":{"other":[{"t":"idOrVar","v":"value"}," ihora elidlule"],"zero":"manje"},"$x":[{"t":"idOrVar","v":"plural"},"value"]},{"$i":"days-ago-short","$v":{"other":[{"t":"idOrVar","v":"value"}," usuku oludlule"],"zero":"namuhla"},"$x":[{"t":"idOrVar","v":"plural"},"value"]},{"$i":"minutes-until-short","$v":{"other":["Ngemva kwemizuzu engu ",{"t":"idOrVar","v":"value"}],"zero":"manje"},"$x":[{"t":"idOrVar","v":"plural"},"value"]},{"$i":"hours-until-short","$v":{"other":["Ngehora ",{"t":"idOrVar","v":"value"}],"zero":"manje"},"$x":[{"t":"idOrVar","v":"plural"},"value"]},{"$i":"days-until-short","$v":{"other":["osukwini ",{"t":"idOrVar","v":"value"}],"zero":"namuhla"},"$x":[{"t":"idOrVar","v":"plural"},"value"]},{"$i":"incorrectDate","$v":"(Usuku olunganembile)"},{"$i":"dateTimeFormat_%c","$v":"%a %b %e %Y %I:%M:%S %p"},{"$i":"dateTimeFormat_%x","$v":"%m/%d/%Y"},{"$i":"dateTimeFormat_%X","$v":"%I:%M:%S %p"},{"$i":"shortTimeFormat","$v":"%I:%M %p"},{"$i":"shortTimeFormat12","$v":"%I:%M %p"},{"$i":"shortTimeFormat24","$v":"%H:%M"},{"$i":"shortDateTimeFormat","$v":"%x %I:%M %p"},{"$i":"weekStartsOnMonday","$v":"0.0"},{"$i":"firstDayOfTheWeek","$v":"0.0"},{"$i":"time_am","$v":"AM"},{"$i":"time_pm","$v":"PM"}]