[{"$i":"messages","$v":"Boodskappe"},{"$i":"deleteMessages-title","$v":"Kies"},{"$i":"selectThreads-title","$v":"Kies"},{"$i":"edit","$v":"Wysig"},{"$i":"back","$v":"Terug"},{"$i":"cancel","$v":"Kanselleer"},{"$i":"delete","$v":"Skrap"},{"$i":"deleting-messages","$v":"Skrap tans"},{"$i":"deselect","$v":"Deselekteer"},{"$i":"selected-threads","$v":{"few":[{"t":"idOrVar","v":"n"}," Gekies"],"many":[{"t":"idOrVar","v":"n"}," Gekies"],"one":[{"t":"idOrVar","v":"n"}," Gekies"],"other":[{"t":"idOrVar","v":"n"}," Gekies"],"two":[{"t":"idOrVar","v":"n"}," Gekies"],"zero":"0 Gekies"},"$x":[{"t":"idOrVar","v":"plural"},"n"]},{"$i":"selected-messages","$v":{"few":[{"t":"idOrVar","v":"n"}," Gekies"],"many":[{"t":"idOrVar","v":"n"}," Gekies"],"one":[{"t":"idOrVar","v":"n"}," Gekies"],"other":[{"t":"idOrVar","v":"n"}," Gekies"],"two":[{"t":"idOrVar","v":"n"}," Gekies"],"zero":"0 Gekies"},"$x":[{"t":"idOrVar","v":"plural"},"n"]},{"$i":"selectThreads-label","$v":"Kies Drade"},{"$i":"selectMessages-label","$v":"Kies boodskappe"},{"$i":"new-message","$v":"Nuwe"},{"$i":"delete-thread","$v":"Skrap draad"},{"$i":"create-new-contact","$v":"Skep nuwe kontak"},{"$i":"add-to-contact","$v":"Voeg by bestaande kontak"},{"$i":"select-thread","$v":"Kies draad"},{"$i":"settings","$v":"Instellings"},{"$i":"select-all","$v":"Almal"},{"$i":"deselect-all","$v":"Geen"},{"$i":"select","$v":"Kies"},{"$i":"sk-save-as-draft","$v":"Stoor as Onvoltooid"},{"$i":"next","$v":"Volgende"},{"$i":"send","$v":"Stuur"},{"$i":"add-contact","$v":"Voeg by"},{"$i":"add-suggestion","$v":"Kies"},{"$i":"add-subject","$v":"Voeg onderwerp by"},{"$i":"remove-subject","$v":"Verwyder onderwerp"},{"$i":"add-attachment","$v":"Voeg aanhegsel by"},{"$i":"remove-attachment","$v":"Verwyder aanhegsel"},{"$i":"replace-attachment","$v":"Vervang aanhegsel"},{"$i":"select-messages","$v":"Kies boodskappe"},{"$i":"call","$v":"Skakel"},{"$i":"forward","$v":"Stuur deur"},{"$i":"view-message-report","$v":"Bekyk boodskapbesonderhede"},{"$i":"cancel-view-report","$v":"Kanselleer"},{"$i":"ok","$v":"Goed"},{"$i":"enter","$v":"Invoer"},{"$i":"open","$v":"Maak oop"},{"$i":"to","$v":"Aan"},{"$i":"new","$v":"Nuwe"},{"$i":"message","$v":"Boodskap"},{"$i":"messagesInput_placeholder","$v":"Boodskap"},{"$i":"messagesSubjectInput_placeholder","$v":"Onderwerp"},{"$i":"subjectComposerInput_placeholder","$v":"Onderwerp"},{"$i":"converted-to-mms","$v":"Skakel om na multimedia-boodskap"},{"$i":"converted-to-sms","$v":"Skakel om na teksboodskap"},{"$i":"messages-max-length-text","$v":"Jy het die maksimum lengte bereik."},{"$i":"messages-max-subject-length-text","$v":"Maksimum lengte van onderwerp bereik."},{"$i":"multimedia-message-exceeded-max-length","$v":["Hierdie boodskap oorskry die ",{"t":"idOrVar","v":"mmsSize"},"-MB groottelimiet van ‘n enkele multimediaboodskap."]},{"$i":"newMessage","$v":"Nuwe boodskap"},{"$i":"sendMessage","$v":"Stuur boodskap"},{"$i":"sendMMSToEmail","$v":"Stuur multimedia-boodskap"},{"$i":"no-recipient","$v":"(Geen ontvanger)"},{"$i":"recipient","$v":{"few":[{"t":"idOrVar","v":"n"}," ontvangers"],"many":[{"t":"idOrVar","v":"n"}," ontvangers"],"one":[{"t":"idOrVar","v":"n"}," ontvanger"],"other":[{"t":"idOrVar","v":"n"}," ontvangers"],"two":[{"t":"idOrVar","v":"n"}," ontvangers"]},"$x":[{"t":"idOrVar","v":"plural"},"n"]},{"$i":"attachmentSizeB","$v":[{"t":"idOrVar","v":"n"}," G"]},{"$i":"attachmentSizeKB","$v":[{"t":"idOrVar","v":"n"}," KG"]},{"$i":"attachmentSizeMB","$v":[{"t":"idOrVar","v":"n"}," MG"]},{"$i":"attachmentOpenError","$v":"Daar is geen toepassing beskikbaar om hierdie lêertipe oop te maak nie."},{"$i":"remove","$v":"Verwyder"},{"$i":"participant","$v":{"few":[{"t":"idOrVar","v":"n"}," deelnemers"],"many":[{"t":"idOrVar","v":"n"}," deelnemers"],"one":[{"t":"idOrVar","v":"n"}," deelnemer"],"other":[{"t":"idOrVar","v":"n"}," deelnemers"],"two":[{"t":"idOrVar","v":"n"}," deelnemers"]},"$x":[{"t":"idOrVar","v":"plural"},"n"]},{"$i":"message-report","$v":"Boodskapverslag"},{"$i":"message-type-sms","$v":"Teksboodskap (SMS)"},{"$i":"message-type-mms","$v":"Multimediaboodskap (MMS)"},{"$i":"sms-report-description","$v":["Jou Teksboodskap {SMS}, was gestuur op ",{"t":"idOrVar","v":"datumtyd"}]},{"$i":"mms-report-description","$v":["Jou Multimedia-Boodskap (MMS), onderwerp ",{"t":"idOrVar","v":"onderwerp"},", was gestuur op ",{"t":"idOrVar","v":"datumtyd"}]},{"$i":"mms-no-subject-report-description","$v":["Jou Multimedia-Boodskap (MMS), was gestuur op ",{"t":"idOrVar","v":"datumtyd"}]},{"$i":"message-subject","$v":"Onderwerp:"},{"$i":"report-status-error","$v":"Kon nie boodskap stuur nie"},{"$i":"report-status-not-downloaded","$v":"Nie afgelaai nie"},{"$i":"report-status-delivered","$v":"Afgelewer:"},{"$i":"report-status-read","$v":"Gelees:"},{"$i":"report-status-pending","$v":"Verslag versoek"},{"$i":"report-status-rejected","$v":"Boodskap verwerp"},{"$i":"message-size-was","$v":"Boodskapgrootte:"},{"$i":"report-to-title","$v":"Aan"},{"$i":"report-from-title","$v":"Van"},{"$i":"message-sent","$v":"Gestuur:"},{"$i":"message-sending","$v":[{"t":"idOrVar","v":"message-delivery-status-sending"}]},{"$i":"message-received","$v":"Het ontvang:"},{"$i":"message-via","$v":"via"},{"$i":"message-resend","$v":"Stuur weer"},{"$i":"search","$v":"Soek"},{"$i":"unknown-contact-title","$v":"Onbekende Kontak"},{"$i":"phone-type-separator","$v":", "},{"$i":"phone-carrier-separator","$v":" "},{"$i":"thread-participant-separator","$v":", "},{"$i":"replace-draft","$v":"Vervang bestaande Konsep"},{"$i":"save-as-draft","$v":"Stoor"},{"$i":"discard-message","$v":"Skrap"},{"$i":"discard-sms","$v":"Is jy seker jy wil hierdie boodskap skrap?"},{"$i":"discard-new-message","$v":"Skrap die boodskap wat jy tans skryf en maak ‘n nuwe boodskap oop?"},{"$i":"resend-confirmation","$v":"Die boodskap kon nie gestuur word nie. Probeer weer?"},{"$i":"resend-message","$v":"Stuur hierdie boodskap weer"},{"$i":"deleteMessage-confirmation","$v":"Skrap gekose boodskap?"},{"$i":"deleteMessages-confirmation","$v":"Skrap gekose boodskappe?"},{"$i":"deleteThreads-confirmation2","$v":{"one":"Skrap gekose boodskapdraad?","other":"Skrap gekose boodskapdrade?"},"$x":[{"t":"idOrVar","v":"plural"},"n"]},{"$i":"new-message-notice-text","$v":"Nuwe boodskap van"},{"$i":"new-message-notice-a-text","$v":"Lees dit"},{"$i":"noMessages-title","$v":"Geen boodskappe nie"},{"$i":"noMessages-text","$v":"Druk Nuwe om te begin kommunikeer."},{"$i":"sendDefaultErrorTitle","$v":"Stuur mislukking"},{"$i":"sendDefaultErrorBody","$v":"Daar was ‘n probleem met die stuur van die boodskap. Probeer asseblief weer."},{"$i":"sendDefaultErrorBtnOk","$v":"Goed"},{"$i":"sendMissingSimCardTitle","$v":"Stuur mislukking"},{"$i":"sendMissingSimCardBody","$v":"Voeg ‘n geldige SIM-kaart in om voort te gaan."},{"$i":"sendMissingSimCardBtnOk","$v":"Goed"},{"$i":"sendFlightModeTitle","$v":"Stuur mislukking"},{"$i":"sendFlightModeBody","$v":"Skakel vliegtuigmodus af om boodskappe te stuur."},{"$i":"sendFlightModeBtnOk","$v":"Goed"},{"$i":"radioDisabledToDownloadTitle","$v":"Kon nie aflaai nie"},{"$i":"radioDisabledToDownloadBody","$v":"Skakel vliegtuigmodus af om aanhegsels af te laai."},{"$i":"radioDisabledToDownloadBtnOk","$v":[{"t":"idOrVar","v":"sendFlightModeBtnOk"}]},{"$i":"downloadDefaultErrorTitle","$v":"Aflaai het misluk"},{"$i":"downloadDefaultErrorBody","$v":"laai tans die boodskap af. Probeer asseblief weer."},{"$i":"downloadDefaultErrorBtnOk","$v":[{"t":"idOrVar","v":"sendDefaultErrorBtnOk"}]},{"$i":"fdnErrorTitle","$v":"Stuur mislukking"},{"$i":"needConnectWifiBody","$v":"Geen sellulêre netwerk beskikbaar. Koppel aan ‘n beskikbare WIFI-netwerk vir boodskappe."},{"$i":"needConnectWifiTitle","$v":"Boodskap nie gestuur nie"},{"$i":"mmsChanelUsedBody","$v":"Daar is MMS-versending deur nie-DDS-sub; wag asseblief vir die versendingsproses om af te handel."},{"$i":"mmsChanelUsedTitle","$v":"MMS-kanaal gebruik"},{"$i":"sms-counter-notice-label","$v":["Wysig SMS ",{"t":"idOrVar","v":"nommer"}]},{"$i":"fdnErrorBody","$v":{"few":"VBN (vasgestelde belnommers) is geaktiveer. Maak seker dat die SMS-sentrum en die volgende ontvangers in jou VBN-lys is.","many":"VBN (vasgestelde belnommers) is geaktiveer. Maak seker dat die SMS-sentrum en die volgende ontvangers in jou VBN-lys is.","one":"VBN (vasgestelde belnommers) is geaktiveer. Maak seker dat die SMS-sentrum en die volgende ontvanger in jou VBN-lys is.","other":"VBN (vasgestelde belnommers) is geaktiveer. Maak seker dat die SMS-sentrum en die volgende ontvangers in jou VBN-lys is.","two":"VBN (vasgestelde belnommers) is geaktiveer. Maak seker dat die SMS-sentrum en die volgende ontvangers in jou VBN-lys is."},"$x":[{"t":"idOrVar","v":"plural"},"n"]},{"$i":"fdnErrorBtnOk","$v":"Goed"},{"$i":"sendNoSignalErrorTitle","$v":"Stuur mislukking"},{"$i":"sendNoSignalErrorBody","$v":"Maak seker jy het ‘n selfoonsein en probeer weer."},{"$i":"sendNoSignalErrorBtnOk","$v":"Goed"},{"$i":"sendNotFoundErrorTitle","$v":"Stuur mislukking"},{"$i":"sendNotFoundErrorBody","$v":"Die boodskap wat jy soek is nie meer beskikbaar nie."},{"$i":"sendNotFoundErrorBtnOk","$v":"Goed"},{"$i":"sendInvalidAddressErrorTitle","$v":"Stuur mislukking"},{"$i":"sendInvalidAddressErrorBody","$v":"Maak seker dat die selfoonnommer waarheen jy stuur geldig is."},{"$i":"sendInvalidAddressErrorBtnOk","$v":"Goed"},{"$i":"simNotMatchedErrorTitle","$v":"Kan nie aflaai nie."},{"$i":"simNotMatchedErrorBody","$v":"Maak asseblief seker dat die ingevoede SIM-kaart die een is wat gebruik is om hierdie boodskap te ontvang."},{"$i":"simNotMatchedErrorBtnOk","$v":"Goed"},{"$i":"netWorkErrorTitle","$v":"Netwerkmislukking"},{"$i":"netWorkErrorBody","$v":"Die netwerk het probleme, gaan dit asseblief eers na."},{"$i":"netWorkErrorBtnOk","$v":"Goed"},{"$i":"deleted-sms","$v":"Hierdie boodskap is reeds geskrap."},{"$i":"view-attachment-image","$v":"Bekyk"},{"$i":"view-attachment-audio","$v":"Luister"},{"$i":"view-attachment-video","$v":"Bekyk"},{"$i":"view-attachment-other","$v":"Bekyk"},{"$i":"remove-attachment-image","$v":"Verwyder beeld"},{"$i":"remove-attachment-audio","$v":"Verwyder oudio"},{"$i":"remove-attachment-video","$v":"Verwyder video"},{"$i":"remove-attachment-other","$v":"Verwyder aanhegsel"},{"$i":"replace-attachment-image","$v":"Vervang beeld"},{"$i":"replace-attachment-audio","$v":"Vervang oudio"},{"$i":"replace-attachment-video","$v":"Vervang video"},{"$i":"replace-attachment-other","$v":"Vervang aanhegsel"},{"$i":"unsent-message-title","$v":"Ongestuurde Boodskap"},{"$i":"unsent-message-description","$v":"Jou vorige boodskap is nie gestuur nie. Wil jy die ongestuurde boodskap wysig of weggooi en voortgaan?"},{"$i":"unsent-message-option-edit","$v":"Wysig"},{"$i":"unsent-message-option-discard","$v":"Skrap"},{"$i":"message-options","$v":"Boodskapopsies"},{"$i":"select-text","$v":"Kies teks"},{"$i":"mobile","$v":"Selfoon"},{"$i":"home","$v":"Tuis"},{"$i":"work","$v":"Werk"},{"$i":"personal","$v":"Persoonlik"},{"$i":"faxHome","$v":"Faks huis"},{"$i":"faxOffice","$v":"Faks kantoor"},{"$i":"faxOther","$v":"Faks ander"},{"$i":"another","$v":"Nog een"},{"$i":"other","$v":"Ander"},{"$i":"today","$v":"Vandag"},{"$i":"yesterday","$v":"Gister"},{"$i":"incorrectDate","$v":"(verkeerde datum)"},{"$i":"addToExistingContact","$v":"Voeg by bestaande kontak"},{"$i":"createNewContact","$v":"Skep nuwe kontak"},{"$i":"viewContact","$v":"Bekyk kontak"},{"$i":"sendEmail","$v":"Stuur e-pos"},{"$i":"mms-message","$v":"MMS-boodskap"},{"$i":"notDownloaded-title","$v":"Boodskap is nog nie afgelaai nie."},{"$i":"tobedownloaded-attachment","$v":["Jy het ‘n multimedia-boodskap ontvang. Druk Laai af om die inhoud voor ",{"t":"idOrVar","v":"datum"}," te verkry."]},{"$i":"expired-attachment","$v":["Jammer, die boodskap het verval op ",{"t":"idOrVar","v":"date"}," en kan nie afgelaai word nie."]},{"$i":"download-attachment","$v":"Laai af"},{"$i":"downloading-attachment","$v":"Laai tans af…"},{"$i":"download-complete","$v":"Aflaai voltooi"},{"$i":"unnamed-attachment","$v":"Ongetiteld"},{"$i":"mms-label","$v":"MMS"},{"$i":"group-label","$v":"GROEP"},{"$i":"attached-files-too-large","$v":{"few":["Hierdie boodskappe oorskry die ",{"t":"idOrVar","v":"mmsSize"}," MB-grootteperk van ’n enkele multimediaboodskap."],"many":["Hierdie boodskappe oorskry die ",{"t":"idOrVar","v":"mmsSize"}," MB-grootteperk van ’n enkele multimediaboodskap."],"one":["Hierdie boodskap oorskry die ",{"t":"idOrVar","v":"mmsSize"},"-MB groottelimiet van ‘n enkele multimediaboodskap."],"other":["Hierdie boodskappe oorskry die ",{"t":"idOrVar","v":"mmsSize"}," MB-grootteperk van ’n enkele multimediaboodskap."],"two":["Hierdie boodskappe oorskry die ",{"t":"idOrVar","v":"mmsSize"}," MB-grootteperk van ’n enkele multimediaboodskap."],"zero":["Hierdie boodskappe oorskry die ",{"t":"idOrVar","v":"mmsSize"}," MB-grootteperk van ’n enkele multimediaboodskap."]},"$x":[{"t":"idOrVar","v":"plural"},"n"]},{"$i":"resize-image","$v":"Die grootte van die aangehegde beeld"},{"$i":"no-attachment-text","$v":"Daar is ‘n probleem met die aangehegde lêer en dit kan nie afgelaai word nie."},{"$i":"message-draft-saved","$v":"Boodskap is as konsep gestoor"},{"$i":"sim-id-label","$v":["SIM ",{"t":"idOrVar","v":"id"}]},{"$i":"sim-detail","$v":["SIM ",{"t":"idOrVar","v":"id"},", ",{"t":"idOrVar","v":"detailString"}]},{"$i":"dsds-notification-title-with-sim","$v":["(",{"t":"idOrVar","v":"sim"},") ",{"t":"idOrVar","v":"sender"}]},{"$i":"send-button","ariaLabel":"Stuur"},{"$i":"send-button-sim-indication","$v":[{"t":"idOrVar","v":"n"}],"ariaLabel":["deur SIM ",{"t":"idOrVar","v":"n"}," te gebruik"]},{"$i":"expiry-date-format","$v":"%A, %b %e"},{"$i":"attach-button","ariaLabel":"Voeg aanhegsel by"},{"$i":"contact-photo","ariaLabel":"Kontakfoto"},{"$i":"unread-thread","ariaLabel":"Ongelees"},{"$i":"has-draft","ariaLabel":"Het konsep"},{"$i":"is-draft","ariaLabel":"Konsep"},{"$i":"message-delivery-status-sending","$v":"Stuur tans…"},{"$i":"message-delivery-status-delivered","$v":"Afgelewer:"},{"$i":"message-delivery-status-read","ariaLabel":"Lees"},{"$i":"message-delivery-status-error","ariaLabel":"Fout"},{"$i":"modal-dialog-ok-button","$v":"Goed"},{"$i":"modal-dialog-cancel-button","$v":"Kanselleer"},{"$i":"modal-dialog-default-title","$v":"Boodskappe"},{"$i":"delete-message","$v":"Boodskap uitgevee"},{"$i":"message-converted-to-toast","$v":["Boodskap omgeskakel na ",{"t":"idOrVar","v":"type"}]},{"$i":"message-sent-toast","$v":"Boodskap gestuur"},{"$i":"deleteMessage-confirmation2","$v":"Skrap gekose boodskapdraad?"},{"$i":"deleted-message","$v":{"few":[{"t":"idOrVar","v":"n"}," boodskappe geskrap"],"many":[{"t":"idOrVar","v":"n"}," boodskappe geskrap"],"one":[{"t":"idOrVar","v":"n"}," boodskap geskrap"],"other":[{"t":"idOrVar","v":"n"}," boodskappe geskrap"],"two":[{"t":"idOrVar","v":"n"}," boodskappe geskrap"],"zero":"0 boodskap geskrap"},"$x":[{"t":"idOrVar","v":"plural"},"n"]},{"$i":"deleted-threads","$v":{"few":[{"t":"idOrVar","v":"n"}," boodskapdrade geskrap"],"many":[{"t":"idOrVar","v":"n"}," boodskapdrade geskrap"],"one":"Draad geskrap","other":[{"t":"idOrVar","v":"n"}," boodskapdrade geskrap"],"two":[{"t":"idOrVar","v":"n"}," boodskapdrade geskrap"],"zero":"0 Draad geskrap"},"$x":[{"t":"idOrVar","v":"plural"},"n"]},{"$i":"wapPushMessages","$v":"WAP-stootboodskappe"},{"$i":"auto-retrieve-messages","$v":"Herwin boodskappe outomaties"},{"$i":"auto-retrieve-messages-title","$v":"Haal boodskappe outomaties op"},{"$i":"auto-roaming-retrieve","$v":"Aan met swerwing"},{"$i":"auto-no-roaming-retrieve","$v":"Aan sonder swerwing"},{"$i":"mmsTitle","$v":"Multimediaboodskap (MMS)"},{"$i":"message-delivery-reports","$v":"Leweringsverslae"},{"$i":"message-delivery-reports-title","$v":"Leweringsverslae"},{"$i":"messageReport-title","$v":"Boodskapbesonderhede"},{"$i":"sms-label","$v":"SMS"},{"$i":"messaging-settings","$v":"Boodskapinstellings"},{"$i":"messagingSettings-header","$v":[{"t":"idOrVar","v":"messaging-settings"}]},{"$i":"confirmation-title","$v":"Bevestiging"},{"$i":"draft-save-content","$v":"Stoor as Konsep?"},{"$i":"draft-discard-content","$v":"Boodskap geskrap"},{"$i":"switch-on","$v":"Aan"},{"$i":"switch-off","$v":"Af"},{"$i":"auto-retrieve-desc","$v":"Haal boodskappe outomaties op"},{"$i":"confirm-dialog-ok","$v":"Goed"},{"$i":"yes","$v":"Ja"},{"$i":"no","$v":"Nee"},{"$i":"delete-current-thread?","$v":"Skrap gekose boodskapdraad?"},{"$i":"attention","$v":"Aandag"},{"$i":"delivery-title","$v":"Teksboodskap (SMS)"},{"$i":"send-failed","$v":"Stuur het misluk"},{"$i":"subject-removed","$v":"Onderwerp verwyder."},{"$i":"data-storage-limit-alert-title","$v":"Foonberging is vol."},{"$i":"data-storage-limit-send-body","$v":"Nie moontlik om MMS te stuur nie. Vee boodskappe uit of gaan na Instellings om stoorspasie te bevry."},{"$i":"data-storage-limit-download-body","$v":"MMS kon nie afgelaai word nie. Vee boodskappe uit of gaan na Instellings om stoorspasie te bevry.."},{"$i":"data-storage-limit-alert-cancel","$v":"Kanselleer"},{"$i":"data-storage-limit-alert-setting","$v":"Instellings"},{"$i":"recipient-repeat","$v":"Duplikaatkontak."},{"$i":"email","$v":"e-pos"},{"$i":"options","$v":"Opsies"},{"$i":"emergency-alert-title","$v":"Waarskuwings oor koordlose noodgevalle"},{"$i":"emergency-alert","$v":"Waarskuwings oor koordlose noodgevalle"},{"$i":"wappushNormal","$v":"Wap-stoot"},{"$i":"wappushSIM1","$v":"WAP-stoot – SIM 1"},{"$i":"wappushSIM2","$v":"WAP-stoot – SIM 2"},{"$i":"not-assigned","$v":"Nie toegeken nie"},{"$i":"switchSIMDataSendAlertTitle","$v":"MMS kon nie gestuur word nie."},{"$i":"switchSIMDataSendAlertBody","$v":["Om MMS te kan stuur, moet jy die SIM-kaart vir data verander na SIM ",{"t":"idOrVar","v":"nonActiveSimId"}," in SIM Manager-instellings."]},{"$i":"switchSIMDataSendAlertDesc","$v":"Gaan na Instellingsprogram om die instellings by te werk."},{"$i":"switchSIMDataReceiveAlertTitle","$v":"MMS kon nie ontvang word nie."},{"$i":"switchSIMDataReceiveAlertBody","$v":["Om MMS te kan ontvang, moet jy die SIM-kaart vir data verander na SIM ",{"t":"idOrVar","v":"nonActiveSimId"}," in SIM Manager-instellings."]},{"$i":"switchSIMDataReceiveAlertDesc","$v":"Gaan na Instellingsprogram om die instellings by te werk."},{"$i":"group-message","$v":"Groepboodskap"},{"$i":"individual-message","$v":"Individuele boodskap"},{"$i":"group-message-alert-title","$v":"Groepboodskap"},{"$i":"group-message-alert-body","$v":"Skep ’n groepboodskap? (Groepboodskap sal via MMS en SMS gestuur word en sal bykomende heffings van boodskap se koordlose verskaffer veroorsaak afhangende van diensplan.)"},{"$i":"group-message-individual","$v":"Behou Individuele"},{"$i":"group-message-setting","$v":"Skep groep"},{"$i":"new-message-individual","$v":"Nuwe boodskap (Individu)"},{"$i":"new-message-group","$v":"Nuwe boodskap (Groep)"},{"$i":"no-phone-number","$v":"Nie toegewys nie"},{"$i":"device-phone-number","$v":"My foonnommer"},{"$i":"group-message-phone","$v":"Groepboodskappe"},{"$i":"my-phone-number","$v":"My foonnommer"},{"$i":"delivery-notification","$v":"Boodskap afgelewer"},{"$i":"wait","$v":"besig om te wag"},{"$i":"isTextTooLongAlert","$v":"Maksimum boodskaplengte oortref."},{"$i":"video-call","$v":"Video-oproep"},{"$i":"normal-call","$v":"Skakel"},{"$i":"attachment","$v":"Aanhegsel"},{"$i":"limit-MMS-recipients","$v":"Kan na slegs 20 ontvangers per MMS stuur."},{"$i":"block-contact","$v":"Blokkeer kontak"},{"$i":"blocked","$v":"Blokkeer"},{"$i":"unblocked","$v":"Deblokkeer"},{"$i":"rtt-call","$v":"RTT oproep"},{"$i":"remove-all-attachments","$v":"Verwyder alle aanhegsels"},{"$i":"block-confirmation","$v":"Jy sal nie oproepe of boodskappe ontvang van mense op die blokkeerlys nie."},{"$i":"space-low-not-save","$v":"Stoorspasie is vol, kan nie konsep stoor nie."},{"$i":"sms-encoding-mode","$v":"SMS-enkodering"},{"$i":"sms-reduced-format","$v":"Verkleinde formaat"},{"$i":"sms-full-format","$v":"Volledige formaat"},{"$i":"smscNormal","$v":"Dienssentrum"},{"$i":"smscSIM1","$v":"Dienssentrum SIM1"},{"$i":"smscSIM2","$v":"Dienssentrum SIM2"},{"$i":"withoutDataTitle","$v":"Onsuksesvol"},{"$i":"withoutDataBody","$v":"Aktiveer asb. Data-verbinding by Instellings om MMS te stuur of af te laai."},{"$i":"withoutDataBtnOk","$v":"Goed"},{"$i":"withoutDataBtnSettings","$v":"Instellings"},{"$i":"weekday-0-long","$v":"Sondag"},{"$i":"weekday-1-long","$v":"Maandag"},{"$i":"weekday-2-long","$v":"Dinsdag"},{"$i":"weekday-3-long","$v":"Woensdag"},{"$i":"weekday-4-long","$v":"Donderdag"},{"$i":"weekday-5-long","$v":"Vrydag"},{"$i":"weekday-6-long","$v":"Saterdag"},{"$i":"weekday-0-short","$v":"So"},{"$i":"weekday-1-short","$v":"Ma"},{"$i":"weekday-2-short","$v":"Di"},{"$i":"weekday-3-short","$v":"Wo"},{"$i":"weekday-4-short","$v":"Do"},{"$i":"weekday-5-short","$v":"Vr"},{"$i":"weekday-6-short","$v":"Sa"},{"$i":"month-0-long","$v":"Januarie"},{"$i":"month-1-long","$v":"Februarie"},{"$i":"month-2-long","$v":"Maart"},{"$i":"month-3-long","$v":"April"},{"$i":"month-4-long","$v":"Mei"},{"$i":"month-5-long","$v":"Junie"},{"$i":"month-6-long","$v":"Julie"},{"$i":"month-7-long","$v":"Augustus"},{"$i":"month-8-long","$v":"September"},{"$i":"month-9-long","$v":"Oktober"},{"$i":"month-10-long","$v":"November"},{"$i":"month-11-long","$v":"Desember"},{"$i":"month-0-genitive","$v":"Januarie"},{"$i":"month-1-genitive","$v":"Februarie"},{"$i":"month-2-genitive","$v":"Maart"},{"$i":"month-3-genitive","$v":"April"},{"$i":"month-4-genitive","$v":"Mei"},{"$i":"month-5-genitive","$v":"Junie"},{"$i":"month-6-genitive","$v":"Julie"},{"$i":"month-7-genitive","$v":"Augustus"},{"$i":"month-8-genitive","$v":"September"},{"$i":"month-9-genitive","$v":"Oktober"},{"$i":"month-10-genitive","$v":"November"},{"$i":"month-11-genitive","$v":"Desember"},{"$i":"month-0-short","$v":"Jan"},{"$i":"month-1-short","$v":"Feb"},{"$i":"month-2-short","$v":"Mrt"},{"$i":"month-3-short","$v":"Apr"},{"$i":"month-4-short","$v":"Mei"},{"$i":"month-5-short","$v":"Jun"},{"$i":"month-6-short","$v":"Jul"},{"$i":"month-7-short","$v":"Aug"},{"$i":"month-8-short","$v":"Sep"},{"$i":"month-9-short","$v":"Okt"},{"$i":"month-10-short","$v":"Nov"},{"$i":"month-11-short","$v":"Des"},{"$i":"minutes-ago-long","$v":{"few":[{"t":"idOrVar","v":"value"},"minute gelede"],"many":[{"t":"idOrVar","v":"value"},"minute gelede"],"one":"‘n minuut gelede","other":[{"t":"idOrVar","v":"value"},"minute gelede"],"two":[{"t":"idOrVar","v":"value"},"minute gelede"],"zero":"nou net"},"$x":[{"t":"idOrVar","v":"plural"},"value"]},{"$i":"hours-ago-long","$v":{"few":[{"t":"idOrVar","v":"value"}," ure gelede"],"many":[{"t":"idOrVar","v":"value"}," ure gelede"],"one":"‘n uur gelede","other":[{"t":"idOrVar","v":"value"}," ure gelede"],"two":[{"t":"idOrVar","v":"value"}," ure gelede"],"zero":"nou net"},"$x":[{"t":"idOrVar","v":"plural"},"value"]},{"$i":"days-ago-long","$v":{"few":[{"t":"idOrVar","v":"value"}," dae gelede"],"many":[{"t":"idOrVar","v":"value"}," dae gelede"],"one":"gister","other":[{"t":"idOrVar","v":"value"}," dae gelede"],"two":[{"t":"idOrVar","v":"value"}," dae gelede"],"zero":"Vandag"},"$x":[{"t":"idOrVar","v":"plural"},"value"]},{"$i":"weeks-ago-long","$v":{"few":[{"t":"idOrVar","v":"value"}," weke gelede"],"many":[{"t":"idOrVar","v":"value"}," weke gelede"],"one":"Verlede week","other":[{"t":"idOrVar","v":"value"}," weke gelede"],"two":[{"t":"idOrVar","v":"value"}," weke gelede"],"zero":"Hierdie week"},"$x":[{"t":"idOrVar","v":"plural"},"value"]},{"$i":"months-ago-long","$v":{"few":[{"t":"idOrVar","v":"value"}," maande gelede"],"many":[{"t":"idOrVar","v":"value"}," maande gelede"],"one":"Verlede maand","other":[{"t":"idOrVar","v":"value"}," maande gelede"],"two":[{"t":"idOrVar","v":"value"}," maande gelede"],"zero":"hierdie maand"},"$x":[{"t":"idOrVar","v":"plural"},"value"]},{"$i":"years-ago-long","$v":{"few":[{"t":"idOrVar","v":"value"}," jare gelede"],"many":[{"t":"idOrVar","v":"value"}," jare gelede"],"one":"Verlede jaar","other":[{"t":"idOrVar","v":"value"}," jare gelede"],"two":[{"t":"idOrVar","v":"value"}," jare gelede"],"zero":"Hierdie jaar"},"$x":[{"t":"idOrVar","v":"plural"},"value"]},{"$i":"minutes-until-long","$v":{"few":["In ",{"t":"idOrVar","v":"value"}," minute"],"many":["In ",{"t":"idOrVar","v":"value"}," minute"],"one":"In ‘n minuut","other":["In ",{"t":"idOrVar","v":"value"}," minute"],"two":["In ",{"t":"idOrVar","v":"value"}," minute"],"zero":"Nou"},"$x":[{"t":"idOrVar","v":"plural"},"value"]},{"$i":"hours-until-long","$v":{"few":["In ",{"t":"idOrVar","v":"value"}," ure"],"many":["In ",{"t":"idOrVar","v":"value"}," ure"],"one":"In ‘n uur","other":["In ",{"t":"idOrVar","v":"value"}," ure"],"two":["In ",{"t":"idOrVar","v":"value"}," ure"],"zero":"Nou"},"$x":[{"t":"idOrVar","v":"plural"},"value"]},{"$i":"days-until-long","$v":{"few":["In ",{"t":"idOrVar","v":"value"}," dae"],"many":["In ",{"t":"idOrVar","v":"value"}," dae"],"one":"môre","other":["In ",{"t":"idOrVar","v":"value"}," dae"],"two":["In ",{"t":"idOrVar","v":"value"}," dae"],"zero":"Vandag"},"$x":[{"t":"idOrVar","v":"plural"},"value"]},{"$i":"weeks-until-long","$v":{"few":["In ",{"t":"idOrVar","v":"value"}," weke"],"many":["In ",{"t":"idOrVar","v":"value"}," weke"],"one":"volgende week","other":["In ",{"t":"idOrVar","v":"value"}," weke"],"two":["In ",{"t":"idOrVar","v":"value"}," weke"],"zero":"Hierdie week"},"$x":[{"t":"idOrVar","v":"plural"},"value"]},{"$i":"months-until-long","$v":{"few":["In ",{"t":"idOrVar","v":"value"}," maande"],"many":["In ",{"t":"idOrVar","v":"value"}," maande"],"one":"Volgende maand","other":["In ",{"t":"idOrVar","v":"value"}," maande"],"two":["In ",{"t":"idOrVar","v":"value"}," maande"],"zero":"hierdie maand"},"$x":[{"t":"idOrVar","v":"plural"},"value"]},{"$i":"years-until-long","$v":{"few":["In ",{"t":"idOrVar","v":"value"}," jare"],"many":["In ",{"t":"idOrVar","v":"value"}," jare"],"one":"Volgende jaar","other":["In ",{"t":"idOrVar","v":"value"}," jare"],"two":["In ",{"t":"idOrVar","v":"value"}," jare"],"zero":"Hierdie jaar"},"$x":[{"t":"idOrVar","v":"plural"},"value"]},{"$i":"minutes-ago-short","$v":{"other":[{"t":"idOrVar","v":"value"},"m gelede"],"zero":"nou net"},"$x":[{"t":"idOrVar","v":"plural"},"value"]},{"$i":"hours-ago-short","$v":{"other":[{"t":"idOrVar","v":"value"},"u gelede"],"zero":"nou net"},"$x":[{"t":"idOrVar","v":"plural"},"value"]},{"$i":"days-ago-short","$v":{"other":[{"t":"idOrVar","v":"value"},"d gelede"],"zero":"Vandag"},"$x":[{"t":"idOrVar","v":"plural"},"value"]},{"$i":"minutes-until-short","$v":{"other":["In ",{"t":"idOrVar","v":"value"},"m"],"zero":"Nou"},"$x":[{"t":"idOrVar","v":"plural"},"value"]},{"$i":"hours-until-short","$v":{"other":["In ",{"t":"idOrVar","v":"value"}," u"],"zero":"Nou"},"$x":[{"t":"idOrVar","v":"plural"},"value"]},{"$i":"days-until-short","$v":{"other":["In ",{"t":"idOrVar","v":"value"},"d"],"zero":"Vandag"},"$x":[{"t":"idOrVar","v":"plural"},"value"]},{"$i":"dateTimeFormat_%c","$v":"%a %b %e %Y %I:%M:%S %p"},{"$i":"dateTimeFormat_%x","$v":"%m/%d/%Y"},{"$i":"dateTimeFormat_%X","$v":"%I:%M:%S %p"},{"$i":"shortTimeFormat","$v":"%I:%M %p"},{"$i":"shortTimeFormat12","$v":"%I:%M %p"},{"$i":"shortTimeFormat24","$v":"%H:%M"},{"$i":"shortDateTimeFormat","$v":"%X %I:%M %p"},{"$i":"weekStartsOnMonday","$v":"0.0"},{"$i":"firstDayOfTheWeek","$v":"0.0"},{"$i":"time_am","$v":"VM"},{"$i":"time_pm","$v":"NM"},{"$i":"softkey-options","$v":"Opsies"},{"$i":"emergencyNumber","$v":"Noodnommer"},{"$i":"callAirplaneModeMessage","$v":"Om ‘n oproep te maak moet jy vliegtuigmodus deaktiveer in instellings."},{"$i":"callAirplaneModeBtnOk","$v":"Goed"},{"$i":"callAirplaneModeTitle","$v":"Vliegtuigmodus geaktiveer"},{"$i":"numberIsBusyTitle","$v":"Nommer is beset"},{"$i":"numberIsBusyMessage","$v":"Die nommer is tans beset. Probeer asseblief later weer."},{"$i":"fdnIsActiveTitle","$v":"VBN aktief"},{"$i":"fdnIsActiveMessage","$v":["VBN (Vasgestelde Belnommers) is geaktiveer en die volgende nommer is nie in jou VBN-lys nie: ",{"t":"idOrVar","v":"number"}]},{"$i":"emergencyDialogBodyBadNumber","$v":"Om ‘n oproep te maak moet die telefoon aan ‘n netwerk gekoppel wees."},{"$i":"emergencyDialogBodyDeviceNotAccepted","$v":"Noodoproepe word nie deur die netwerk toegelaat nie."},{"$i":"emergencyDialogBtnOk","$v":"Goed"},{"$i":"emergencyDialogTitle","$v":"Geen netwerkverbinding"},{"$i":"invalidNumberToDialTitle","$v":"Ongeldige foonnommer."},{"$i":"invalidNumberToDialMessage","$v":"Die foonnommer wat jy skakel is ongeldig."},{"$i":"unableToCallTitle","$v":"Kan nie ’n oproep maak nie"},{"$i":"unableToCallMessage","$v":"Kan nie nou ’n foonoproep maak nie."},{"$i":"otherConnectionInUseTitle","$v":"Ander verbinding in gebruik"},{"$i":"otherConnectionInUseMessage","$v":"Jy het ‘n aktiewe oproep op ‘n ander verbinding. Jy kan slegs een verbinding op ‘n slag gebruik."},{"$i":"connectingEllipsis","$v":"Besig om te verbind..."}]