[{"$i":"messages","$v":"Mesaj"},{"$i":"deleteMessages-title","$v":"Seç"},{"$i":"selectThreads-title","$v":"Seç"},{"$i":"edit","$v":"Redaktə et"},{"$i":"back","$v":"Geriyə"},{"$i":"cancel","$v":"Ləğv et"},{"$i":"delete","$v":"Sil"},{"$i":"deleting-messages","$v":"Silinir…"},{"$i":"deselect","$v":"Ləğv et"},{"$i":"selected-threads","$v":{"few":[{"t":"idOrVar","v":"n"}," Seçildi"],"many":[{"t":"idOrVar","v":"n"}," Seçildi"],"one":[{"t":"idOrVar","v":"n"}," Seçildi"],"other":[{"t":"idOrVar","v":"n"}," Seçildi"],"two":[{"t":"idOrVar","v":"n"}," Seçildi"],"zero":"0 Seçildi"},"$x":[{"t":"idOrVar","v":"plural"},"n"]},{"$i":"selected-messages","$v":{"few":[{"t":"idOrVar","v":"n"}," Seçildi"],"many":[{"t":"idOrVar","v":"n"}," Seçildi"],"one":[{"t":"idOrVar","v":"n"}," Seçildi"],"other":[{"t":"idOrVar","v":"n"}," Seçildi"],"two":[{"t":"idOrVar","v":"n"}," Seçildi"],"zero":"0 Seçildi"},"$x":[{"t":"idOrVar","v":"plural"},"n"]},{"$i":"selectThreads-label","$v":"Axinları seç"},{"$i":"selectMessages-label","$v":"Mesajları seç"},{"$i":"new-message","$v":"Yeni Mesaj"},{"$i":"delete-thread","$v":"Axını sil"},{"$i":"create-new-contact","$v":"Yeni Kontakt yarat"},{"$i":"add-to-contact","$v":"Mövcud Kontakta əlavə et"},{"$i":"select-thread","$v":"Axinı seç"},{"$i":"settings","$v":"Parametrlər"},{"$i":"select-all","$v":"Hamısını seç"},{"$i":"deselect-all","$v":"Hamısını ləğv et"},{"$i":"select","$v":"Seç"},{"$i":"sk-save-as-draft","$v":"Qaralama kimi saxla"},{"$i":"next","$v":"Növbəti"},{"$i":"send","$v":"Göndər"},{"$i":"add-contact","$v":"Kontakt əlavə et"},{"$i":"add-suggestion","$v":"Seç"},{"$i":"add-subject","$v":"Mövzu əlavə et"},{"$i":"remove-subject","$v":"Mövzunu Sil"},{"$i":"add-attachment","$v":"Qoşma əlavə et"},{"$i":"remove-attachment","$v":"Qoşmanı sil"},{"$i":"replace-attachment","$v":"Qoşmanı Dəyişdir"},{"$i":"select-messages","$v":"Mesajları seç"},{"$i":"call","$v":"Zəng"},{"$i":"forward","$v":"Yönəlt"},{"$i":"view-message-report","$v":"Mesaj təfsilatlarına bax"},{"$i":"cancel-view-report","$v":"Ləğv et"},{"$i":"ok","$v":"OK"},{"$i":"enter","$v":"Daxil et"},{"$i":"open","$v":"Aç"},{"$i":"to","$v":"Üçün"},{"$i":"new","$v":"Yeni"},{"$i":"message","$v":"Mesaj"},{"$i":"messagesInput_placeholder","$v":"Mesaj"},{"$i":"messagesSubjectInput_placeholder","$v":"Mövzu"},{"$i":"subjectComposerInput_placeholder","$v":"Mövzu"},{"$i":"converted-to-mms","$v":"Multimedia mesajına çevirmə."},{"$i":"converted-to-sms","$v":"Mətn mesajına çevirmə."},{"$i":"messages-max-length-text","$v":"Maksimum uzunluğa çatdınız."},{"$i":"messages-max-subject-length-text","$v":"Mövzunun maksimum uzunluğuna çatıldı."},{"$i":"multimedia-message-exceeded-max-length","$v":["Bu mesaj bir multimedia mesajının ",{"t":"idOrVar","v":"mmsSize"}," MB limitini aşır."]},{"$i":"newMessage","$v":"Yeni mesaj"},{"$i":"sendMessage","$v":"Mesajı göndər"},{"$i":"sendMMSToEmail","$v":"Multimedia mesajı göndər"},{"$i":"no-recipient","$v":"(Qəbuledən yoxdur)"},{"$i":"recipient","$v":{"few":[{"t":"idOrVar","v":"n"}," qəbuledən"],"many":[{"t":"idOrVar","v":"n"}," qəbuledən"],"one":[{"t":"idOrVar","v":"n"}," qəbuledən"],"other":[{"t":"idOrVar","v":"n"}," qəbuledən"],"two":[{"t":"idOrVar","v":"n"}," qəbuledən"]},"$x":[{"t":"idOrVar","v":"plural"},"n"]},{"$i":"attachmentSizeB","$v":[{"t":"idOrVar","v":"n"}," B"]},{"$i":"attachmentSizeKB","$v":[{"t":"idOrVar","v":"n"}," KB"]},{"$i":"attachmentSizeMB","$v":[{"t":"idOrVar","v":"n"}," MB"]},{"$i":"attachmentOpenError","$v":"Bu fayl növünü açmaq üçün mövcud proqram yoxdur."},{"$i":"remove","$v":"Sil"},{"$i":"participant","$v":{"few":[{"t":"idOrVar","v":"n"}," iştirakçı"],"many":[{"t":"idOrVar","v":"n"}," iştirakçı"],"one":[{"t":"idOrVar","v":"n"}," iştirakçı"],"other":[{"t":"idOrVar","v":"n"}," iştirakçı"],"two":[{"t":"idOrVar","v":"n"}," iştirakçı"]},"$x":[{"t":"idOrVar","v":"plural"},"n"]},{"$i":"message-report","$v":"Mesaj hesabatı"},{"$i":"message-type-sms","$v":"Mətn Mesajı (SMS)"},{"$i":"message-type-mms","$v":"Multimedia Mesajı (MMS)"},{"$i":"sms-report-description","$v":["Mətn Mesajınız (SMS) ",{"t":"idOrVar","v":"datetime"}," tarixində göndərildi"]},{"$i":"mms-report-description","$v":["Multimedia Mesajınız (MMS), mövzu ",{"t":"idOrVar","v":"subject"},", ",{"t":"idOrVar","v":"datetime"}," tarixində göndərildi"]},{"$i":"mms-no-subject-report-description","$v":["Multimedia Mesajınız (MMS), ",{"t":"idOrVar","v":"datetime"}," tarixində göndərildi"]},{"$i":"message-subject","$v":"Mövzu:"},{"$i":"report-status-error","$v":"Mesaj göndərilə bilmədi"},{"$i":"report-status-not-downloaded","$v":"yüklənmədi"},{"$i":"report-status-delivered","$v":"Çatdırıldı:"},{"$i":"report-status-read","$v":"Oxu:"},{"$i":"report-status-pending","$v":"Hesabat tələb olundu"},{"$i":"report-status-rejected","$v":"Mesaj rədd edildi"},{"$i":"message-size-was","$v":"Mesaj ölçüsü:"},{"$i":"report-to-title","$v":"Üçün"},{"$i":"report-from-title","$v":"-dan(-dən)"},{"$i":"message-sent","$v":"Göndərildi:"},{"$i":"message-sending","$v":[{"t":"idOrVar","v":"message-delivery-status-sending"}]},{"$i":"message-received","$v":"Qəbul edildi:"},{"$i":"message-via","$v":"Vasitəsilə:"},{"$i":"message-resend","$v":"Yen. göndər"},{"$i":"search","$v":"Axtar"},{"$i":"unknown-contact-title","$v":"Naməlum Kontakt"},{"$i":"phone-type-separator","$v":", "},{"$i":"phone-carrier-separator","$v":" "},{"$i":"thread-participant-separator","$v":", "},{"$i":"replace-draft","$v":"Mövcud layihəni dəyişdir"},{"$i":"save-as-draft","$v":"Saxla"},{"$i":"discard-message","$v":"Sil"},{"$i":"discard-sms","$v":"Bu mesajı ləğv etmək istədiyinizə əminsiniz?"},{"$i":"discard-new-message","$v":"Tərtib etdiyiniz mesaj silinsin və yeni mesaj açılsın?"},{"$i":"resend-confirmation","$v":"Mesaj göndərilə bilmədi. Yenidən cəhd edilsin?"},{"$i":"resend-message","$v":"Bu Mes Təkr Gönd"},{"$i":"deleteMessage-confirmation","$v":"Seçilmiş mesaj silinsin?"},{"$i":"deleteMessages-confirmation","$v":"Seçilmiş mesajlar silinsin?"},{"$i":"deleteThreads-confirmation2","$v":{"one":"Seçilmiş mesaj axını silinsin?","other":"Seçilmiş mesaj axınları silinsin?"},"$x":[{"t":"idOrVar","v":"plural"},"n"]},{"$i":"new-message-notice-text","$v":"Yeni mesaj, buradan:"},{"$i":"new-message-notice-a-text","$v":"Onu oxu"},{"$i":"noMessages-title","$v":"Heç bir mesaj yoxdur"},{"$i":"noMessages-text","$v":"Ünisyyətə başlamaq üçün \"Yeni\" düyməsinə basın."},{"$i":"sendDefaultErrorTitle","$v":"Arızanı göndər"},{"$i":"sendDefaultErrorBody","$v":"Mesajı göndərərkən problem baş verdi. Yenidən cəhd edin."},{"$i":"sendDefaultErrorBtnOk","$v":"OK"},{"$i":"sendMissingSimCardTitle","$v":"Arızanı göndər"},{"$i":"sendMissingSimCardBody","$v":"Davam etmək üçün etibarlı SIM kart daxil edin."},{"$i":"sendMissingSimCardBtnOk","$v":"OK"},{"$i":"sendFlightModeTitle","$v":"Arızanı göndər"},{"$i":"sendFlightModeBody","$v":"Mesaj göndərmək üçün təyyarə rejimini bağla."},{"$i":"sendFlightModeBtnOk","$v":"OK"},{"$i":"radioDisabledToDownloadTitle","$v":"Failure yükləyin"},{"$i":"radioDisabledToDownloadBody","$v":"Qoşma yükləmək üçün təyyarə rejimini bağla."},{"$i":"radioDisabledToDownloadBtnOk","$v":[{"t":"idOrVar","v":"sendFlightModeBtnOk"}]},{"$i":"downloadDefaultErrorTitle","$v":"Failure yükləyin"},{"$i":"downloadDefaultErrorBody","$v":"Mesajı endirməyən bir problem var idi. Zəhmət olmasa bir daha cəhd edin."},{"$i":"downloadDefaultErrorBtnOk","$v":[{"t":"idOrVar","v":"sendDefaultErrorBtnOk"}]},{"$i":"fdnErrorTitle","$v":"Arızanı göndər"},{"$i":"needConnectWifiBody","$v":"Heç bir mobil məlumat şəbəkəsi mövcud deyil. Mesajlaşma üçün mövcud Wi-Fi şəbəkəsinə qoşulun."},{"$i":"needConnectWifiTitle","$v":"Mesaj göndərilmədi"},{"$i":"mmsChanelUsedBody","$v":"Qeyri-DDS yardımçısı tərəfindən göndərilən MMS, göndərilmə prosesinin tamamlanmasını gözləyin"},{"$i":"mmsChanelUsedTitle","$v":"İstifadə Edilən MMS Kanalı"},{"$i":"sms-counter-notice-label","$v":["SMS ",{"t":"idOrVar","v":"number"}," redaktəsi"]},{"$i":"fdnErrorBody","$v":{"few":"FDN (Sabit Nömrə Yığımı Nömrələri) aktiv edildi. SMS mərkəzinin və aşağıdakı qəbuledənlərin FDN siyahınızda olduğundan əmin olun.","many":"FDN (Sabit Nömrə Yığımı Nömrələri) aktiv edildi. SMS mərkəzinin və aşağıdakı qəbuledənlərin FDN siyahınızda olduğundan əmin olun.","one":"FDN (Sabit Nömrə Yığımı Nömrələri) aktiv edildi. SMS mərkəzinin və aşağıdakı qəbuledənin FDN siyahınızda olduğundan əmin olun.","other":"FDN (Sabit Nömrə Yığımı Nömrələri) aktiv edildi. SMS mərkəzinin və aşağıdakı qəbuledənlərin FDN siyahınızda olduğundan əmin olun.","two":"FDN (Sabit Nömrə Yığımı Nömrələri) aktiv edildi. SMS mərkəzinin və aşağıdakı qəbuledənlərin FDN siyahınızda olduğundan əmin olun."},"$x":[{"t":"idOrVar","v":"plural"},"n"]},{"$i":"fdnErrorBtnOk","$v":"OK"},{"$i":"sendNoSignalErrorTitle","$v":"Arızanı göndər"},{"$i":"sendNoSignalErrorBody","$v":"Mobil siqnalınız olduğundan əmin olun və yenidən cəhd edin."},{"$i":"sendNoSignalErrorBtnOk","$v":"OK"},{"$i":"sendNotFoundErrorTitle","$v":"Arızanı göndər"},{"$i":"sendNotFoundErrorBody","$v":"Axtardığınız mesaj artıq mövcud deyil."},{"$i":"sendNotFoundErrorBtnOk","$v":"OK"},{"$i":"sendInvalidAddressErrorTitle","$v":"Arızanı göndər"},{"$i":"sendInvalidAddressErrorBody","$v":"Göndərdiyiniz mobil nömrənin etibarlı olduğundan əmin olun."},{"$i":"sendInvalidAddressErrorBtnOk","$v":"OK"},{"$i":"simNotMatchedErrorTitle","$v":"Yükləmək olmur"},{"$i":"simNotMatchedErrorBody","$v":"Daxil edilən SIM kartın bu mesajı qəbul etmək üçün istifadə edildiyi olduğuna əmin olun."},{"$i":"simNotMatchedErrorBtnOk","$v":"OK"},{"$i":"netWorkErrorTitle","$v":"Şəbəkə xətası"},{"$i":"netWorkErrorBody","$v":"Şəbəkədə problemlər var, əvvəlcə onu yoxlayın."},{"$i":"netWorkErrorBtnOk","$v":"OK"},{"$i":"deleted-sms","$v":"Bu mesaj artıq silinmişdi."},{"$i":"view-attachment-image","$v":"Bax"},{"$i":"view-attachment-audio","$v":"Dinlə"},{"$i":"view-attachment-video","$v":"Bax"},{"$i":"view-attachment-other","$v":"Bax"},{"$i":"remove-attachment-image","$v":"Şəkli sil"},{"$i":"remove-attachment-audio","$v":"Audionu sil"},{"$i":"remove-attachment-video","$v":"Videonu sil"},{"$i":"remove-attachment-other","$v":"Qoşmanı sil"},{"$i":"replace-attachment-image","$v":"Şəkli dəyişdir"},{"$i":"replace-attachment-audio","$v":"Audionu dəyişdir"},{"$i":"replace-attachment-video","$v":"Videonu dəyişdir"},{"$i":"replace-attachment-other","$v":"Qoşmanı dəyişdir"},{"$i":"unsent-message-title","$v":"Göndərilməyən Mesaj"},{"$i":"unsent-message-description","$v":"Əvvəlki mesajınız göndərilmədi. Göndərilməyən mesajı redaktə etmək və ya onu ləğv edib davam etmək istəyirsiniz?"},{"$i":"unsent-message-option-edit","$v":"Redaktə et"},{"$i":"unsent-message-option-discard","$v":"Sil"},{"$i":"message-options","$v":"Mesaj seçimləri"},{"$i":"select-text","$v":"Mətni seç"},{"$i":"mobile","$v":"Mobil"},{"$i":"home","$v":"Ev"},{"$i":"work","$v":"İş"},{"$i":"personal","$v":"Şəxsi"},{"$i":"faxHome","$v":"Faks ev"},{"$i":"faxOffice","$v":"Faks ofis"},{"$i":"faxOther","$v":"Faks digər"},{"$i":"another","$v":"Başqa"},{"$i":"other","$v":"Digər"},{"$i":"today","$v":"Bu gün"},{"$i":"yesterday","$v":"Dünən"},{"$i":"incorrectDate","$v":"(yanlış tarix)"},{"$i":"addToExistingContact","$v":"Mövcud kontakta əlavə et"},{"$i":"createNewContact","$v":"Yeni kontakt yarat"},{"$i":"viewContact","$v":"Kont bax"},{"$i":"sendEmail","$v":"E-poçt məktubu göndər"},{"$i":"mms-message","$v":"MMS mesajı"},{"$i":"notDownloaded-title","$v":"Mesaj hələ yüklənmədi."},{"$i":"tobedownloaded-attachment","$v":["Siz multimedia mesajı aldınız, onun məzmununu ",{"t":"idOrVar","v":"date"}," tarixindən əvvəl almaq üçün Yüklə düyməsini sıxın."]},{"$i":"expired-attachment","$v":["Bağışlayın, mesajın müddəti ",{"t":"idOrVar","v":"date"}," bitdi və yüklənə bilməz."]},{"$i":"download-attachment","$v":"Yükləmə"},{"$i":"downloading-attachment","$v":"Yüklənir…"},{"$i":"download-complete","$v":"Yükləmə bitdi"},{"$i":"unnamed-attachment","$v":"adsız"},{"$i":"mms-label","$v":"MMS"},{"$i":"group-label","$v":"QRUP"},{"$i":"attached-files-too-large","$v":{"few":["Bu mesajlar bir multimedia mesajının ",{"t":"idOrVar","v":"mmsSize"}," MB limitini aşır."],"many":["Bu mesajlar bir multimedia mesajının ",{"t":"idOrVar","v":"mmsSize"}," MB limitini aşır."],"one":["Bu mesaj bir multimedia mesajının ",{"t":"idOrVar","v":"mmsSize"}," MB limitini aşır."],"other":["Bu mesajlar bir multimedia mesajının ",{"t":"idOrVar","v":"mmsSize"}," MB limitini aşır."],"two":["Bu mesajlar bir multimedia mesajının ",{"t":"idOrVar","v":"mmsSize"}," MB limitini aşır."],"zero":["Bu mesajlar bir multimedia mesajının ",{"t":"idOrVar","v":"mmsSize"}," MB limitini aşır."]},"$x":[{"t":"idOrVar","v":"plural"},"n"]},{"$i":"resize-image","$v":"Qoşma şəklin ölçül dəyişilir"},{"$i":"no-attachment-text","$v":"Qoşma faylda problem var və o, yüklənmir."},{"$i":"message-draft-saved","$v":"Mesaj qaralama kimi saxlanıldı"},{"$i":"sim-id-label","$v":["SIM ",{"t":"idOrVar","v":"id"}]},{"$i":"sim-detail","$v":["SIM ",{"t":"idOrVar","v":"id"},", ",{"t":"idOrVar","v":"detailString"}]},{"$i":"dsds-notification-title-with-sim","$v":["(",{"t":"idOrVar","v":"sim"},") ",{"t":"idOrVar","v":"sender"}]},{"$i":"send-button","ariaLabel":"Göndər"},{"$i":"send-button-sim-indication","$v":[{"t":"idOrVar","v":"n"}],"ariaLabel":["SIM ",{"t":"idOrVar","v":"n"}," istifadə edir"]},{"$i":"expiry-date-format","$v":"%A, %b %e"},{"$i":"attach-button","ariaLabel":"Qoşma əlavə et"},{"$i":"contact-photo","ariaLabel":"Kontakt şəkli"},{"$i":"unread-thread","ariaLabel":"Oxunmamış"},{"$i":"has-draft","ariaLabel":"Layihə var"},{"$i":"is-draft","ariaLabel":"Layihə"},{"$i":"message-delivery-status-sending","$v":"Göndə​rilir…"},{"$i":"message-delivery-status-delivered","$v":"Çatdırıldı"},{"$i":"message-delivery-status-read","ariaLabel":"Oxu"},{"$i":"message-delivery-status-error","ariaLabel":"Xəta"},{"$i":"modal-dialog-ok-button","$v":"OK"},{"$i":"modal-dialog-cancel-button","$v":"Ləğv et"},{"$i":"modal-dialog-default-title","$v":"Mesajlar"},{"$i":"delete-message","$v":"Mesaj silindi"},{"$i":"message-converted-to-toast","$v":["Mesaj ",{"t":"idOrVar","v":"type"}," növünə çevrildi"]},{"$i":"message-sent-toast","$v":"Mesaj göndərildi"},{"$i":"deleteMessage-confirmation2","$v":"Seçilmiş mesaj axını silinsin?"},{"$i":"deleted-message","$v":{"few":[{"t":"idOrVar","v":"n"}," mesaj silindi"],"many":[{"t":"idOrVar","v":"n"}," mesaj silindi"],"one":[{"t":"idOrVar","v":"n"}," mesaj silindi"],"other":[{"t":"idOrVar","v":"n"}," mesaj silindi"],"two":[{"t":"idOrVar","v":"n"}," mesaj silindi"],"zero":"0 mesaj silindi"},"$x":[{"t":"idOrVar","v":"plural"},"n"]},{"$i":"deleted-threads","$v":{"few":[{"t":"idOrVar","v":"n"}," mesaj axını silindi"],"many":[{"t":"idOrVar","v":"n"}," mesaj axını silindi"],"one":"Axın silindi","other":[{"t":"idOrVar","v":"n"}," mesaj axını silindi"],"two":[{"t":"idOrVar","v":"n"}," mesaj axını silindi"],"zero":"0 Axın silindi"},"$x":[{"t":"idOrVar","v":"plural"},"n"]},{"$i":"wapPushMessages","$v":"WAP Push Mesajları"},{"$i":"auto-retrieve-messages","$v":"Mesajların avto çıxarılması"},{"$i":"auto-retrieve-messages-title","$v":"Mesajların Avto Çıxarılması"},{"$i":"auto-roaming-retrieve","$v":"Rouminq ilə aktivdir"},{"$i":"auto-no-roaming-retrieve","$v":"Rouminq ilə aktivdir"},{"$i":"mmsTitle","$v":"Multimedia Mesajlaşma (MMS)"},{"$i":"message-delivery-reports","$v":"Çatdırılma hesabatları"},{"$i":"message-delivery-reports-title","$v":"Çatdırılma Hesabatları"},{"$i":"messageReport-title","$v":"Mesaj Təfsilatları"},{"$i":"sms-label","$v":"SMS"},{"$i":"messaging-settings","$v":"Mesajlaşma Parametrləri"},{"$i":"messagingSettings-header","$v":[{"t":"idOrVar","v":"messaging-settings"}]},{"$i":"confirmation-title","$v":"Təsdiq"},{"$i":"draft-save-content","$v":"Qaralama kimi saxlansın?"},{"$i":"draft-discard-content","$v":"Mesaj ləğv edildi"},{"$i":"switch-on","$v":"Açıq"},{"$i":"switch-off","$v":"Bağlı"},{"$i":"auto-retrieve-desc","$v":"Mesajların avtomatik olaraq çıxarılması"},{"$i":"confirm-dialog-ok","$v":"OK"},{"$i":"yes","$v":"Bəli"},{"$i":"no","$v":"Xeyr"},{"$i":"delete-current-thread?","$v":"Seçilmiş mesaj axını silinsin?"},{"$i":"attention","$v":"Diqqət"},{"$i":"delivery-title","$v":"Mətn Mesajlaşması (SMS)"},{"$i":"send-failed","$v":"Göndərmə uğursuz oldu."},{"$i":"subject-removed","$v":"Mövzu silindi."},{"$i":"data-storage-limit-alert-title","$v":"Telefon yaddaşı doludur."},{"$i":"data-storage-limit-send-body","$v":"MMS göndərmək olmur. Yer boşaltmaq üçün mesajları silin və ya Parametrlərə keçin."},{"$i":"data-storage-limit-download-body","$v":"MMS endirmək olmur. Yer boşaltmaq üçün mesajları silin və ya Parametrlərə keçin."},{"$i":"data-storage-limit-alert-cancel","$v":"Ləğv et"},{"$i":"data-storage-limit-alert-setting","$v":"Parametrlər"},{"$i":"recipient-repeat","$v":"Kontaktın dublikatını çıxar."},{"$i":"email","$v":"E-POÇT"},{"$i":"options","$v":"Seçimlər"},{"$i":"emergency-alert-title","$v":"Təcili Siqnallar"},{"$i":"emergency-alert","$v":"Təcili siqnallar"},{"$i":"wappushNormal","$v":"Wap Push mesajı"},{"$i":"wappushSIM1","$v":"WAP Push mesajı — SIM 1"},{"$i":"wappushSIM2","$v":"WAP Push mesajı — SIM 2"},{"$i":"not-assigned","$v":"Təyin edilməyib"},{"$i":"switchSIMDataSendAlertTitle","$v":"MMS-i göndərmək alınmadı."},{"$i":"switchSIMDataSendAlertBody","$v":["MMS göndərmək üçün SIM Menecer parametrlərində verilənlər üçün SIM kartı SIM ",{"t":"idOrVar","v":"nonActiveSimId"},"-ə dəyişdirməlisiniz."]},{"$i":"switchSIMDataSendAlertDesc","$v":"Parametrləri yeniləmək üçün Parametrlər proqramına keçin."},{"$i":"switchSIMDataReceiveAlertTitle","$v":"MMS-i qəbul etmək alınmadı."},{"$i":"switchSIMDataReceiveAlertBody","$v":["MMS qəbul etmək üçün SIM Menecer parametrlərində verilənlər üçün SIM kartı SIM ",{"t":"idOrVar","v":"nonActiveSimId"},"-ə dəyişdirməlisiniz."]},{"$i":"switchSIMDataReceiveAlertDesc","$v":"Parametrləri yeniləmək üçün Parametrlər proqramına keçin."},{"$i":"group-message","$v":"Qrup mesajı"},{"$i":"individual-message","$v":"Fərdi mesaj"},{"$i":"group-message-alert-title","$v":"Qrup mesajı"},{"$i":"group-message-alert-body","$v":"Qrup mesajı yaradılsın? (Qrup mesajı SMS və MMS vasitəsilə göndəriləcək və xidmət planından asılı olaraq əlavə ödənişlər Mesaj üçün sismsiz provayderdən tutulacaq.)"},{"$i":"group-message-individual","$v":"Fərdi saxlayın"},{"$i":"group-message-setting","$v":"Qrup yarat"},{"$i":"new-message-individual","$v":"Yeni mesaj (Fərdi)"},{"$i":"new-message-group","$v":"Yeni mesaj (Qrup)"},{"$i":"no-phone-number","$v":"Təyin edilməyib"},{"$i":"device-phone-number","$v":"Telefon nömrəm"},{"$i":"group-message-phone","$v":"Qrup Mesajları"},{"$i":"my-phone-number","$v":"Telefon nömrəm"},{"$i":"delivery-notification","$v":"Mesaj çatdırıldı"},{"$i":"wait","$v":"gözləyir"},{"$i":"isTextTooLongAlert","$v":"Maksimum mesaj uzunluğu aşılıb."},{"$i":"video-call","$v":"Video zəng"},{"$i":"normal-call","$v":"Zəng edin"},{"$i":"attachment","$v":"Qoşma"},{"$i":"limit-MMS-recipients","$v":"Hər MMS maksimum 20 qəbuledənə göndərilə bilər."},{"$i":"block-contact","$v":"Kontaktı bloklayın"},{"$i":"blocked","$v":"Bloklayın"},{"$i":"unblocked","$v":"Blokdan çıxartın"},{"$i":"rtt-call","$v":"RTT zəngi"},{"$i":"remove-all-attachments","$v":"Bütün qoşmaları silin"},{"$i":"block-confirmation","$v":"Blok siyahısında olan şəxslərdən telefon zəngləri, mesajlar almayacaqsınız."},{"$i":"space-low-not-save","$v":"Yaddaş doludur, qaralamanı saxlamaq olmur."},{"$i":"sms-encoding-mode","$v":"Sms Kodlaşdırma"},{"$i":"sms-reduced-format","$v":"Kiçildilmiş format"},{"$i":"sms-full-format","$v":"Tam format"},{"$i":"smscNormal","$v":"Xidmət Mərkəzi"},{"$i":"smscSIM1","$v":"Xidmət Mərkəzi SIM1"},{"$i":"smscSIM2","$v":"Xidmət Mərkəzi SIM2"},{"$i":"withoutDataTitle","$v":"Alınmadı"},{"$i":"withoutDataBody","$v":"MMS göndərmək və ya yükləmək üçün Parametrlərdə Məlumat Başlantısını aktiv edin"},{"$i":"withoutDataBtnOk","$v":"OK"},{"$i":"withoutDataBtnSettings","$v":"Parametrlər"},{"$i":"weekday-0-long","$v":"Bazar"},{"$i":"weekday-1-long","$v":"Bazar ertəsi"},{"$i":"weekday-2-long","$v":"Çərşənbə axşamı"},{"$i":"weekday-3-long","$v":"Çərşənbə"},{"$i":"weekday-4-long","$v":"Cümə axşamı"},{"$i":"weekday-5-long","$v":"Cümə"},{"$i":"weekday-6-long","$v":"Şənbə"},{"$i":"weekday-0-short","$v":"Bazar"},{"$i":"weekday-1-short","$v":"Bazar ertəsi"},{"$i":"weekday-2-short","$v":"Çərşənbə axşamı"},{"$i":"weekday-3-short","$v":"Çərşənbə"},{"$i":"weekday-4-short","$v":"Cümə axşamı"},{"$i":"weekday-5-short","$v":"Cüm"},{"$i":"weekday-6-short","$v":"Şənbə"},{"$i":"month-0-long","$v":"Yanvar"},{"$i":"month-1-long","$v":"Fevral"},{"$i":"month-2-long","$v":"Mart"},{"$i":"month-3-long","$v":"Aprel"},{"$i":"month-4-long","$v":"May"},{"$i":"month-5-long","$v":"İyun"},{"$i":"month-6-long","$v":"İyul"},{"$i":"month-7-long","$v":"Avqust"},{"$i":"month-8-long","$v":"Sentyabr"},{"$i":"month-9-long","$v":"Oktyabr"},{"$i":"month-10-long","$v":"Noyabr"},{"$i":"month-11-long","$v":"Dekabr"},{"$i":"month-0-genitive","$v":"Yanvar"},{"$i":"month-1-genitive","$v":"Fevral"},{"$i":"month-2-genitive","$v":"Mart"},{"$i":"month-3-genitive","$v":"Aprel"},{"$i":"month-4-genitive","$v":"May"},{"$i":"month-5-genitive","$v":"İyun"},{"$i":"month-6-genitive","$v":"İyul"},{"$i":"month-7-genitive","$v":"Avqust"},{"$i":"month-8-genitive","$v":"Sentyabr"},{"$i":"month-9-genitive","$v":"Oktyabr"},{"$i":"month-10-genitive","$v":"Noyabr"},{"$i":"month-11-genitive","$v":"Dekabr"},{"$i":"month-0-short","$v":"Yan"},{"$i":"month-1-short","$v":"Fev"},{"$i":"month-2-short","$v":"Mar"},{"$i":"month-3-short","$v":"Apr"},{"$i":"month-4-short","$v":"May"},{"$i":"month-5-short","$v":"İyun"},{"$i":"month-6-short","$v":"İyul"},{"$i":"month-7-short","$v":"Avq"},{"$i":"month-8-short","$v":"Sen"},{"$i":"month-9-short","$v":"Okt"},{"$i":"month-10-short","$v":"Noy"},{"$i":"month-11-short","$v":"Dek"},{"$i":"minutes-ago-long","$v":{"few":[{"t":"idOrVar","v":"value"}," dəqiqə əvvəl"],"many":[{"t":"idOrVar","v":"value"}," dəqiqə əvvəl"],"one":"bir dəqiqə əvvəl","other":[{"t":"idOrVar","v":"value"}," dəqiqə əvvəl"],"two":[{"t":"idOrVar","v":"value"}," dəqiqə əvvəl"],"zero":"indicə"},"$x":[{"t":"idOrVar","v":"plural"},"value"]},{"$i":"hours-ago-long","$v":{"few":[{"t":"idOrVar","v":"value"}," saat əvvəl"],"many":[{"t":"idOrVar","v":"value"}," saat əvvəl"],"one":"bir saat əvvəl","other":[{"t":"idOrVar","v":"value"}," saat əvvəl"],"two":[{"t":"idOrVar","v":"value"}," saat əvvəl"],"zero":"indicə"},"$x":[{"t":"idOrVar","v":"plural"},"value"]},{"$i":"days-ago-long","$v":{"few":[{"t":"idOrVar","v":"value"}," gün əvvəl"],"many":[{"t":"idOrVar","v":"value"}," gün əvvəl"],"one":"dünən","other":[{"t":"idOrVar","v":"value"}," gün əvvəl"],"two":[{"t":"idOrVar","v":"value"}," gün əvvəl"],"zero":"bu gün"},"$x":[{"t":"idOrVar","v":"plural"},"value"]},{"$i":"weeks-ago-long","$v":{"few":[{"t":"idOrVar","v":"value"}," həftə əvvəl"],"many":[{"t":"idOrVar","v":"value"}," həftə əvvəl"],"one":"sonuncu həftə","other":[{"t":"idOrVar","v":"value"}," həftə əvvəl"],"two":[{"t":"idOrVar","v":"value"}," həftə əvvəl"],"zero":"bu həftə"},"$x":[{"t":"idOrVar","v":"plural"},"value"]},{"$i":"months-ago-long","$v":{"few":[{"t":"idOrVar","v":"value"}," ay əvvəl"],"many":[{"t":"idOrVar","v":"value"}," ay əvvəl"],"one":"sonuncu ay","other":[{"t":"idOrVar","v":"value"}," ay əvvəl"],"two":[{"t":"idOrVar","v":"value"}," ay əvvəl"],"zero":"bu ay"},"$x":[{"t":"idOrVar","v":"plural"},"value"]},{"$i":"years-ago-long","$v":{"few":[{"t":"idOrVar","v":"value"}," il əvvəl"],"many":[{"t":"idOrVar","v":"value"}," il əvvəl"],"one":"sonuncu il","other":[{"t":"idOrVar","v":"value"}," il əvvəl"],"two":[{"t":"idOrVar","v":"value"}," il əvvəl"],"zero":"bu il"},"$x":[{"t":"idOrVar","v":"plural"},"value"]},{"$i":"minutes-until-long","$v":{"few":[{"t":"idOrVar","v":"value"}," dəqiqədə"],"many":[{"t":"idOrVar","v":"value"}," dəqiqədə"],"one":"bir dəqiqədə","other":[{"t":"idOrVar","v":"value"}," dəqiqədə"],"two":[{"t":"idOrVar","v":"value"}," dəqiqədə"],"zero":"indi"},"$x":[{"t":"idOrVar","v":"plural"},"value"]},{"$i":"hours-until-long","$v":{"few":[{"t":"idOrVar","v":"value"}," saatda"],"many":[{"t":"idOrVar","v":"value"}," saatda"],"one":"bir saatda","other":[{"t":"idOrVar","v":"value"}," saatda"],"two":[{"t":"idOrVar","v":"value"}," saatda"],"zero":"indi"},"$x":[{"t":"idOrVar","v":"plural"},"value"]},{"$i":"days-until-long","$v":{"few":[{"t":"idOrVar","v":"value"}," gündə"],"many":[{"t":"idOrVar","v":"value"}," gündə"],"one":"sabah","other":[{"t":"idOrVar","v":"value"}," gündə"],"two":[{"t":"idOrVar","v":"value"}," gündə"],"zero":"bu gün"},"$x":[{"t":"idOrVar","v":"plural"},"value"]},{"$i":"weeks-until-long","$v":{"few":[{"t":"idOrVar","v":"value"}," həftədə"],"many":[{"t":"idOrVar","v":"value"}," həftədə"],"one":"növbəti həftə","other":[{"t":"idOrVar","v":"value"}," həftədə"],"two":[{"t":"idOrVar","v":"value"}," həftədə"],"zero":"bu həftə"},"$x":[{"t":"idOrVar","v":"plural"},"value"]},{"$i":"months-until-long","$v":{"few":[{"t":"idOrVar","v":"value"}," ayda"],"many":[{"t":"idOrVar","v":"value"}," ayda"],"one":"növbəti ay","other":[{"t":"idOrVar","v":"value"}," ayda"],"two":[{"t":"idOrVar","v":"value"}," ayda"],"zero":"bu ay"},"$x":[{"t":"idOrVar","v":"plural"},"value"]},{"$i":"years-until-long","$v":{"few":[{"t":"idOrVar","v":"value"}," ildə"],"many":[{"t":"idOrVar","v":"value"}," ildə"],"one":"növbəti il","other":[{"t":"idOrVar","v":"value"}," ildə"],"two":[{"t":"idOrVar","v":"value"}," ildə"],"zero":"bu il"},"$x":[{"t":"idOrVar","v":"plural"},"value"]},{"$i":"minutes-ago-short","$v":{"other":[{"t":"idOrVar","v":"value"},"d əvvəl"],"zero":"indicə"},"$x":[{"t":"idOrVar","v":"plural"},"value"]},{"$i":"hours-ago-short","$v":{"other":[{"t":"idOrVar","v":"value"},"s əvvəl"],"zero":"indicə"},"$x":[{"t":"idOrVar","v":"plural"},"value"]},{"$i":"days-ago-short","$v":{"other":[{"t":"idOrVar","v":"value"},"g əvvəl"],"zero":"bu gün"},"$x":[{"t":"idOrVar","v":"plural"},"value"]},{"$i":"minutes-until-short","$v":{"other":[{"t":"idOrVar","v":"value"}," d-də"],"zero":"indi"},"$x":[{"t":"idOrVar","v":"plural"},"value"]},{"$i":"hours-until-short","$v":{"other":[{"t":"idOrVar","v":"value"}," s-da"],"zero":"indi"},"$x":[{"t":"idOrVar","v":"plural"},"value"]},{"$i":"days-until-short","$v":{"other":[{"t":"idOrVar","v":"value"}," g-də"],"zero":"bu gün"},"$x":[{"t":"idOrVar","v":"plural"},"value"]},{"$i":"dateTimeFormat_%c","$v":"%a %b %e %Y %I:%M:%S %p"},{"$i":"dateTimeFormat_%x","$v":"%m/%d/%Y"},{"$i":"dateTimeFormat_%X","$v":"%I:%M:%S %p"},{"$i":"shortTimeFormat","$v":"%I:%M %p"},{"$i":"shortTimeFormat12","$v":"%I:%M %p"},{"$i":"shortTimeFormat24","$v":"%H:%M"},{"$i":"shortDateTimeFormat","$v":"%x %I:%M %p"},{"$i":"weekStartsOnMonday","$v":"0.0"},{"$i":"firstDayOfTheWeek","$v":"1.0"},{"$i":"time_am","$v":"AM"},{"$i":"time_pm","$v":"PM"},{"$i":"softkey-options","$v":"Seçimlər"},{"$i":"emergencyNumber","$v":"Təcili nömrə"},{"$i":"callAirplaneModeMessage","$v":"Zəng etmək üçün parametrlərdə təyyarə rejimini qeyri-aktiv etməlisiniz."},{"$i":"callAirplaneModeBtnOk","$v":"OK"},{"$i":"callAirplaneModeTitle","$v":"Təyyarə rejimi aktiv edildi"},{"$i":"numberIsBusyTitle","$v":"Nömrə məşğuldur"},{"$i":"numberIsBusyMessage","$v":"Nömrə hazırda məşğuldur. Daha sonra yenidən cəhd edin."},{"$i":"fdnIsActiveTitle","$v":"FDN aktivdir"},{"$i":"fdnIsActiveMessage","$v":["FDN (Sabit Nömrə Yığımı Nömrələri) aktiv edildi və aşağıdakı nömrə FDN siyahınızda deyil: ",{"t":"idOrVar","v":"number"}]},{"$i":"emergencyDialogBodyBadNumber","$v":"Zəng etmək üçün telefon şəbəkəyə qoşulmalıdır."},{"$i":"emergencyDialogBodyDeviceNotAccepted","$v":"Təcili zənglərə şəbəkə tərəfindən icazə verilmir."},{"$i":"emergencyDialogBtnOk","$v":"OK"},{"$i":"emergencyDialogTitle","$v":"Heç bir şəbəkə bağlantısı yoxdur"},{"$i":"invalidNumberToDialTitle","$v":"Yanlış telefon nömrəsi"},{"$i":"invalidNumberToDialMessage","$v":"Zəng etdiyiniz telefon nömrəsi etibarsızdır."},{"$i":"unableToCallTitle","$v":"Zəng etmək olmur. "},{"$i":"unableToCallMessage","$v":"İndi telefon zəngi etmək olmur"},{"$i":"otherConnectionInUseTitle","$v":"Dig bağl istif edilir"},{"$i":"otherConnectionInUseMessage","$v":"Sizin başqa bağlantıda aktiv zənginiz var. Eyni vaxtda yalnız bir bağlantı istifadə edə bilərsiniz."},{"$i":"connectingEllipsis","$v":"Qoşulur..."}]