[{"$i":"messages","$v":"Паведамленне"},{"$i":"deleteMessages-title","$v":"Выбраць"},{"$i":"selectThreads-title","$v":"Выбраць"},{"$i":"edit","$v":"Рэдагаваць"},{"$i":"back","$v":"Назад"},{"$i":"cancel","$v":"Скасаваць"},{"$i":"delete","$v":"Выдаліць"},{"$i":"deleting-messages","$v":"Выдаляецца…"},{"$i":"deselect","$v":"Адмяніць выбар"},{"$i":"selected-threads","$v":{"few":[{"t":"idOrVar","v":"n"}," выбрана"],"many":[{"t":"idOrVar","v":"n"}," выбрана"],"one":[{"t":"idOrVar","v":"n"}," выбрана"],"other":[{"t":"idOrVar","v":"n"}," выбрана"],"two":[{"t":"idOrVar","v":"n"}," выбрана"],"zero":"0 выбрана"},"$x":[{"t":"idOrVar","v":"plural"},"n"]},{"$i":"selected-messages","$v":{"few":[{"t":"idOrVar","v":"n"}," выбрана"],"many":[{"t":"idOrVar","v":"n"}," выбрана"],"one":[{"t":"idOrVar","v":"n"}," выбрана"],"other":[{"t":"idOrVar","v":"n"}," выбрана"],"two":[{"t":"idOrVar","v":"n"}," выбрана"],"zero":"0 выбрана"},"$x":[{"t":"idOrVar","v":"plural"},"n"]},{"$i":"selectThreads-label","$v":"Выбраць ланцужкі"},{"$i":"selectMessages-label","$v":"Выбраць паведамленні"},{"$i":"new-message","$v":"Новае паведамленне"},{"$i":"delete-thread","$v":"Выдаліць ланцужок"},{"$i":"create-new-contact","$v":"Ствар. новы кант."},{"$i":"add-to-contact","$v":"Дад. да існ. кант."},{"$i":"select-thread","$v":"Выбраць ланцужок"},{"$i":"settings","$v":"Настройкі"},{"$i":"select-all","$v":"Выбраць усе"},{"$i":"deselect-all","$v":"Адмяніць выбар усяго"},{"$i":"select","$v":"Выбраць"},{"$i":"sk-save-as-draft","$v":"Захаваць як чарнавік"},{"$i":"next","$v":"Далей"},{"$i":"send","$v":"Адпраўлена"},{"$i":"add-contact","$v":"Дадаць кантакт"},{"$i":"add-suggestion","$v":"Выбраць"},{"$i":"add-subject","$v":"Дадаць тэму"},{"$i":"remove-subject","$v":"Выдаліць тэму"},{"$i":"add-attachment","$v":"Дадаць прымацаванне"},{"$i":"remove-attachment","$v":"Выдаліць прымацаванне"},{"$i":"replace-attachment","$v":"Замяніць прымацаванне"},{"$i":"select-messages","$v":"Выбраць паведамленні"},{"$i":"call","$v":"Выклік"},{"$i":"forward","$v":"Перанакіраваць"},{"$i":"view-message-report","$v":"Гл. дэталі паведамлення"},{"$i":"cancel-view-report","$v":"Скасаваць"},{"$i":"ok","$v":"ОК"},{"$i":"enter","$v":"Увод"},{"$i":"open","$v":"Адкрыць"},{"$i":"to","$v":"Каму"},{"$i":"new","$v":"Стварыць"},{"$i":"message","$v":"Паведамленне"},{"$i":"messagesInput_placeholder","$v":"Паведамленне"},{"$i":"messagesSubjectInput_placeholder","$v":"Тэма"},{"$i":"subjectComposerInput_placeholder","$v":"Тэма"},{"$i":"converted-to-mms","$v":"Пераўтварэнне ў мультымедыйнае паведамленне."},{"$i":"converted-to-sms","$v":"Пераўтварэнне ў тэкставае паведамленне."},{"$i":"messages-max-length-text","$v":"Вы дасягнулі максімальнай даўжыні."},{"$i":"messages-max-subject-length-text","$v":"Дасягнута максімаьная даўжыня прадмета."},{"$i":"multimedia-message-exceeded-max-length","$v":["Гэта паведамленне перавышае мяжа памераў ",{"t":"idOrVar","v":"mmsSize"}," МБ аднаго мультымедыйнага паведамлення."]},{"$i":"newMessage","$v":"Новае паведамленне"},{"$i":"sendMessage","$v":"Адправіць павед."},{"$i":"sendMMSToEmail","$v":"Адпр. мультым. павед."},{"$i":"no-recipient","$v":"(Няма атрымальніка)"},{"$i":"recipient","$v":{"few":["Атрымальнікі: ",{"t":"idOrVar","v":"n"}],"many":["Атрымальнікі: ",{"t":"idOrVar","v":"n"}],"one":[{"t":"idOrVar","v":"n"}," атрымальнік"],"other":["Атрымальнікі: ",{"t":"idOrVar","v":"n"}],"two":["Атрымальнікі: ",{"t":"idOrVar","v":"n"}]},"$x":[{"t":"idOrVar","v":"plural"},"n"]},{"$i":"attachmentSizeB","$v":[{"t":"idOrVar","v":"n"}," B"]},{"$i":"attachmentSizeKB","$v":[{"t":"idOrVar","v":"n"}," КБ"]},{"$i":"attachmentSizeMB","$v":[{"t":"idOrVar","v":"n"}," МБ"]},{"$i":"attachmentOpenError","$v":"Няма даступнай праграмы для адкрыцця гэтага тыпу файлаў."},{"$i":"remove","$v":"Выдаліць"},{"$i":"participant","$v":{"few":["Удзельнікі: ",{"t":"idOrVar","v":"n"}],"many":["Удзельнікі: ",{"t":"idOrVar","v":"n"}],"one":[{"t":"idOrVar","v":"n"}," удзельнік"],"other":["Удзельнікі: ",{"t":"idOrVar","v":"n"}],"two":["Удзельнікі: ",{"t":"idOrVar","v":"n"}]},"$x":[{"t":"idOrVar","v":"plural"},"n"]},{"$i":"message-report","$v":"Справазд. павед."},{"$i":"message-type-sms","$v":"Тэкставае паведамленне (SMS)"},{"$i":"message-type-mms","$v":"Мультымедыйнае паведамленне (MMS)"},{"$i":"sms-report-description","$v":["Ваша тэкставае паведамленне (SMS) было адпраўлена ",{"t":"idOrVar","v":"datetime"}]},{"$i":"mms-report-description","$v":["Ваша мультымедыйнае паведамленне (MMS), тэма ",{"t":"idOrVar","v":"subject"},", было адпраўлена ",{"t":"idOrVar","v":"datetime"}]},{"$i":"mms-no-subject-report-description","$v":["Ваша мультымедыйнае паведамленне (MMS) было адпраўлена ",{"t":"idOrVar","v":"datetime"}]},{"$i":"message-subject","$v":"Тэма:"},{"$i":"report-status-error","$v":"Паведамленне немагчыма адправіць"},{"$i":"report-status-not-downloaded","$v":"не спампавана"},{"$i":"report-status-delivered","$v":"Дастаўлена:"},{"$i":"report-status-read","$v":"Чытаць:"},{"$i":"report-status-pending","$v":"Запытана справаздача"},{"$i":"report-status-rejected","$v":"Паведамленне адхілена"},{"$i":"message-size-was","$v":"Памер паведамлення:"},{"$i":"report-to-title","$v":"Каму"},{"$i":"report-from-title","$v":"Ад"},{"$i":"message-sent","$v":"Адпраўлена:"},{"$i":"message-sending","$v":[{"t":"idOrVar","v":"message-delivery-status-sending"}]},{"$i":"message-received","$v":"Атрыманыя:"},{"$i":"message-via","$v":"Праз:"},{"$i":"message-resend","$v":"Адпр. яшчэ раз"},{"$i":"search","$v":"Пошук"},{"$i":"unknown-contact-title","$v":"Невядомы кантакт"},{"$i":"phone-type-separator","$v":", "},{"$i":"phone-carrier-separator","$v":" "},{"$i":"thread-participant-separator","$v":", "},{"$i":"replace-draft","$v":"Замяніць існуючы чарнавік"},{"$i":"save-as-draft","$v":"Захаваць"},{"$i":"discard-message","$v":"Скінуць"},{"$i":"discard-sms","$v":"Напэўна хочаце скінуць гэта паведамленне?"},{"$i":"discard-new-message","$v":"Скінуць паведамленне, якое вы пішаце, а адкрыць новае?"},{"$i":"resend-confirmation","$v":"Немагчыма адправіць паведамленне. Паўтарыць спробу?"},{"$i":"resend-message","$v":"Адпр. гэта павед. паўт."},{"$i":"deleteMessage-confirmation","$v":"Выдаліць выбранае паведамленне?"},{"$i":"deleteMessages-confirmation","$v":"Выдаліць выбраныя паведамленні?"},{"$i":"deleteThreads-confirmation2","$v":{"one":"Выдаліць выбраны ланцужок паведамленняў?","other":"Выдаліць выбраныя ланцужкі паведамленняў?"},"$x":[{"t":"idOrVar","v":"plural"},"n"]},{"$i":"new-message-notice-text","$v":"Новае паведамленне ад"},{"$i":"new-message-notice-a-text","$v":"Прачытаць"},{"$i":"noMessages-title","$v":"Няма паведамленняў"},{"$i":"noMessages-text","$v":"Каб пачаць камунікацыю, націсніце \"Новы\"."},{"$i":"sendDefaultErrorTitle","$v":"Адправіць адмову"},{"$i":"sendDefaultErrorBody","$v":"Адбылася праблема падчас адпраўкі паведамлення. Паўтарыце спробу."},{"$i":"sendDefaultErrorBtnOk","$v":"ОК"},{"$i":"sendMissingSimCardTitle","$v":"Адправіць адмову"},{"$i":"sendMissingSimCardBody","$v":"Устаўце правільную SIM-картку, каб працягваць."},{"$i":"sendMissingSimCardBtnOk","$v":"ОК"},{"$i":"sendFlightModeTitle","$v":"Адправіць адмову"},{"$i":"sendFlightModeBody","$v":"Выкл. рэжым \"У самалёце\", каб адпр. павед."},{"$i":"sendFlightModeBtnOk","$v":"ОК"},{"$i":"radioDisabledToDownloadTitle","$v":"Памылка пры загрузцы"},{"$i":"radioDisabledToDownloadBody","$v":"Выключыце рэжым \"У самалёце\", каб спампаваць прымацаванні."},{"$i":"radioDisabledToDownloadBtnOk","$v":[{"t":"idOrVar","v":"sendFlightModeBtnOk"}]},{"$i":"downloadDefaultErrorTitle","$v":"Памылка пры загрузцы"},{"$i":"downloadDefaultErrorBody","$v":"Была праблема загрузкі паведамленні. Калі ласка, паспрабуйце яшчэ раз."},{"$i":"downloadDefaultErrorBtnOk","$v":[{"t":"idOrVar","v":"sendDefaultErrorBtnOk"}]},{"$i":"fdnErrorTitle","$v":"Адправіць адмову"},{"$i":"needConnectWifiBody","$v":"Няма даступнай сеткі мабільных даных. Для абмену паведамленнямі падключыцеся да сеткі Wi-Fi."},{"$i":"needConnectWifiTitle","$v":"Паведамленне не адпраўлена"},{"$i":"mmsChanelUsedBody","$v":"MMS адпраўляецца не DDS, пачакайце да заканчэння працэсу адпраўкі."},{"$i":"mmsChanelUsedTitle","$v":"Выкарыстоўваецца канал MMS"},{"$i":"sms-counter-notice-label","$v":["Рэдагуецца SMS ",{"t":"idOrVar","v":"number"}]},{"$i":"fdnErrorBody","$v":{"few":"Функцыя FDN (фіксаваны набор нумароў) уключана. Упэўніцеся, што цэнтр SMS і наступныя атрымальнікі знаходзяцца ў вашым спісе FDN:","many":"Функцыя FDN (фіксаваны набор нумароў) уключана. Упэўніцеся, што цэнтр SMS і наступныя атрымальнікі знаходзяцца ў вашым спісе FDN:","one":"Функцыя FDN (фіксаваны набор нумароў) уключана. Упэўніцеся, што цэнтр SMS і наступныя атрымальнікі знаходзяцца ў вашым спісе FDN:","other":"Функцыя FDN (фіксаваны набор нумароў) уключана. Упэўніцеся, што цэнтр SMS і наступныя атрымальнікі знаходзяцца ў вашым спісе FDN:","two":"Функцыя FDN (фіксаваны набор нумароў) уключана. Упэўніцеся, што цэнтр SMS і наступныя атрымальнікі знаходзяцца ў вашым спісе FDN:"},"$x":[{"t":"idOrVar","v":"plural"},"n"]},{"$i":"fdnErrorBtnOk","$v":"ОК"},{"$i":"sendNoSignalErrorTitle","$v":"Адправіць адмову"},{"$i":"sendNoSignalErrorBody","$v":"Упэніцеся, што маеце сігнал мабільнай сеткі і паўтарыце спробу."},{"$i":"sendNoSignalErrorBtnOk","$v":"ОК"},{"$i":"sendNotFoundErrorTitle","$v":"Адправіць адмову"},{"$i":"sendNotFoundErrorBody","$v":"Паведамленне, якое вы шукаеце, больш не даступна."},{"$i":"sendNotFoundErrorBtnOk","$v":"ОК"},{"$i":"sendInvalidAddressErrorTitle","$v":"Адправіць адмову"},{"$i":"sendInvalidAddressErrorBody","$v":"Упэўніцеся, што нумар, на які вы адпраўляеце, сапраўдны."},{"$i":"sendInvalidAddressErrorBtnOk","$v":"ОК"},{"$i":"simNotMatchedErrorTitle","$v":"Немагчыма спампаваць"},{"$i":"simNotMatchedErrorBody","$v":"Упэўніцеся, што ўстаўленая SIM-картка выкарыстоўваецца для атрымання гэтана паведамлення."},{"$i":"simNotMatchedErrorBtnOk","$v":"ОК"},{"$i":"netWorkErrorTitle","$v":"Памылка сеткі"},{"$i":"netWorkErrorBody","$v":"У сетцы праблемы, праверце яе."},{"$i":"netWorkErrorBtnOk","$v":"OK"},{"$i":"deleted-sms","$v":"Гэта павед. ужо выд."},{"$i":"view-attachment-image","$v":"Глядзець"},{"$i":"view-attachment-audio","$v":"Праслухаць"},{"$i":"view-attachment-video","$v":"Глядзець"},{"$i":"view-attachment-other","$v":"Глядзець"},{"$i":"remove-attachment-image","$v":"Выдаліць відарыс"},{"$i":"remove-attachment-audio","$v":"Выдаліць аўдыя"},{"$i":"remove-attachment-video","$v":"Выдаліць відэа"},{"$i":"remove-attachment-other","$v":"Выдаліць прымацаванне"},{"$i":"replace-attachment-image","$v":"Замяніць відарыс"},{"$i":"replace-attachment-audio","$v":"Замяніць аўдыя"},{"$i":"replace-attachment-video","$v":"Замяніць відэа"},{"$i":"replace-attachment-other","$v":"Замяніць прымац."},{"$i":"unsent-message-title","$v":"Неадпр. паведамленне"},{"$i":"unsent-message-description","$v":"Ваша папярэдняе паведамленне не было адпраўлена. Хочаце рэдагаваць неадпраўленае паведамленне або скасаваць яго і працягнуць?"},{"$i":"unsent-message-option-edit","$v":"Рэдагаваць"},{"$i":"unsent-message-option-discard","$v":"Скінуць"},{"$i":"message-options","$v":"Опцыі паведамлення"},{"$i":"select-text","$v":"Выбраць тэкст"},{"$i":"mobile","$v":"Мабільны"},{"$i":"home","$v":"Хатні"},{"$i":"work","$v":"Праца"},{"$i":"personal","$v":"Персанальны"},{"$i":"faxHome","$v":"Хатні факс"},{"$i":"faxOffice","$v":"Працоўны факс"},{"$i":"faxOther","$v":"Іншы факс"},{"$i":"another","$v":"Іншы(-ая)"},{"$i":"other","$v":"Іншае"},{"$i":"today","$v":"Сёння"},{"$i":"yesterday","$v":"Учора"},{"$i":"incorrectDate","$v":"(няправільная дата)"},{"$i":"addToExistingContact","$v":"Дад. да існ. кант."},{"$i":"createNewContact","$v":"Стварыць новы кантакт"},{"$i":"viewContact","$v":"Глядзець кантакт"},{"$i":"sendEmail","$v":"Адправіць электронны ліст"},{"$i":"mms-message","$v":"Паведамленне MMS"},{"$i":"notDownloaded-title","$v":"Паведамленне не спампавана."},{"$i":"tobedownloaded-attachment","$v":["Вы атрымалі мультымедыйнае паведамленне, націсніце Спампаваць, каб атрымаць яго змесціва да ",{"t":"idOrVar","v":"date"},"."]},{"$i":"expired-attachment","$v":["На жаль, час дзеяння паведамлення скончыўся ",{"t":"idOrVar","v":"date"}," і яго нельга спампаваць."]},{"$i":"download-attachment","$v":"Спампаваць"},{"$i":"downloading-attachment","$v":"Спампоўваецца…"},{"$i":"download-complete","$v":"Спампаванне завершана"},{"$i":"unnamed-attachment","$v":"без назвы"},{"$i":"mms-label","$v":"MMS"},{"$i":"group-label","$v":"ГРУПА"},{"$i":"attached-files-too-large","$v":{"few":["Гэтыя паведамленні перавышаюць ліміт у ",{"t":"idOrVar","v":"mmsSize"}," МБ для аднаго мультымедыйнага паведамлення."],"many":["Гэтыя паведамленні перавышаюць ліміт у ",{"t":"idOrVar","v":"mmsSize"}," МБ для аднаго мультымедыйнага паведамлення."],"one":["Гэта паведамленне перавышае абмежаванне ў ",{"t":"idOrVar","v":"mmsSize"}," МБ па памеры для аднаго мультымедыйнага паведамлення."],"other":["Гэтыя паведамленні перавышаюць ліміт у ",{"t":"idOrVar","v":"mmsSize"}," МБ для аднаго мультымедыйнага паведамлення."],"two":["Гэтыя паведамленні перавышаюць ліміт у ",{"t":"idOrVar","v":"mmsSize"}," МБ для аднаго мультымедыйнага паведамлення."],"zero":["Гэтыя паведамленні перавышаюць ліміт у ",{"t":"idOrVar","v":"mmsSize"}," МБ для аднаго мультымедыйнага паведамлення."]},"$x":[{"t":"idOrVar","v":"plural"},"n"]},{"$i":"resize-image","$v":"Змена памеру прымац. відар."},{"$i":"no-attachment-text","$v":"Ёсць праблема з далучаным файлам. і яго немагчыма спампаваць."},{"$i":"message-draft-saved","$v":"Павед. захав. як чарн."},{"$i":"sim-id-label","$v":["SIM-картка ",{"t":"idOrVar","v":"id"}]},{"$i":"sim-detail","$v":["SIM ",{"t":"idOrVar","v":"id"},", ",{"t":"idOrVar","v":"detailString"}]},{"$i":"dsds-notification-title-with-sim","$v":["(",{"t":"idOrVar","v":"sim"},") ",{"t":"idOrVar","v":"sender"}]},{"$i":"send-button","ariaLabel":"Адпраўлена"},{"$i":"send-button-sim-indication","$v":[{"t":"idOrVar","v":"n"}],"ariaLabel":["з выкар. SIM ",{"t":"idOrVar","v":"n"}]},{"$i":"expiry-date-format","$v":"%A, %b %e"},{"$i":"attach-button","ariaLabel":"Дадаць прымацаванне"},{"$i":"contact-photo","ariaLabel":"Фота кантакту"},{"$i":"unread-thread","ariaLabel":"Непрачытанае"},{"$i":"has-draft","ariaLabel":"Мае чарнавік"},{"$i":"is-draft","ariaLabel":"Чарнавік"},{"$i":"message-delivery-status-sending","$v":"Адпр.…"},{"$i":"message-delivery-status-delivered","$v":"Дастаўлена"},{"$i":"message-delivery-status-read","ariaLabel":"Чытаць"},{"$i":"message-delivery-status-error","ariaLabel":"Памылка"},{"$i":"modal-dialog-ok-button","$v":"ОК"},{"$i":"modal-dialog-cancel-button","$v":"Скасаваць"},{"$i":"modal-dialog-default-title","$v":"Паведамленні"},{"$i":"delete-message","$v":"Паведамленне выдалена"},{"$i":"message-converted-to-toast","$v":["Паведамленне ператворана ў ",{"t":"idOrVar","v":"type"}]},{"$i":"message-sent-toast","$v":"Паведамленне адпраўлена"},{"$i":"deleteMessage-confirmation2","$v":"Выдаліць выбраны ланцужок паведамленняў?"},{"$i":"deleted-message","$v":{"few":["Выдалена паведамленняў: ",{"t":"idOrVar","v":"n"}],"many":["Выдалена паведамленняў: ",{"t":"idOrVar","v":"n"}],"one":[{"t":"idOrVar","v":"n"}," паведамленне выдалена"],"other":["Выдалена паведамленняў: ",{"t":"idOrVar","v":"n"}],"two":["Выдалена паведамленняў: ",{"t":"idOrVar","v":"n"}],"zero":"0 павед. выдалена"},"$x":[{"t":"idOrVar","v":"plural"},"n"]},{"$i":"deleted-threads","$v":{"few":["Выдалена ланцугоў паведамленняў: ",{"t":"idOrVar","v":"n"}],"many":["Выдалена ланцугоў паведамленняў: ",{"t":"idOrVar","v":"n"}],"one":"Ланц. выдал.","other":["Выдалена ланцугоў паведамленняў: ",{"t":"idOrVar","v":"n"}],"two":["Выдалена ланцугоў паведамленняў: ",{"t":"idOrVar","v":"n"}],"zero":"0 ланцугоў выдалена"},"$x":[{"t":"idOrVar","v":"plural"},"n"]},{"$i":"wapPushMessages","$v":"Пуш-паведамленні WAP"},{"$i":"auto-retrieve-messages","$v":"Аўтаматычнае аднаўленне паведамленняў"},{"$i":"auto-retrieve-messages-title","$v":"Аўтаматычнае аднаўленне паведамленняў"},{"$i":"auto-roaming-retrieve","$v":"Уключыць без роўмінгу"},{"$i":"auto-no-roaming-retrieve","$v":"Уключыць з роўмінгам"},{"$i":"mmsTitle","$v":"Абмен мультымедыйнымі паведамленнямі (MMS)"},{"$i":"message-delivery-reports","$v":"Справаздачы аб дастаўцы"},{"$i":"message-delivery-reports-title","$v":"Справаздачы аб дастаўцы"},{"$i":"messageReport-title","$v":"Дэталі паведамлення"},{"$i":"sms-label","$v":"SMS-паведамленне"},{"$i":"messaging-settings","$v":"Настройкі абмену паведамленнямі"},{"$i":"messagingSettings-header","$v":[{"t":"idOrVar","v":"messaging-settings"}]},{"$i":"confirmation-title","$v":"Пацверджанне"},{"$i":"draft-save-content","$v":"Захаваць як чарнавік?"},{"$i":"draft-discard-content","$v":"Паведамленне адкладзена"},{"$i":"switch-on","$v":"Укл"},{"$i":"switch-off","$v":"выкл"},{"$i":"auto-retrieve-desc","$v":"Аўтаматычна аднаўляць паведамленні"},{"$i":"confirm-dialog-ok","$v":"OK"},{"$i":"yes","$v":"Так"},{"$i":"no","$v":"Не"},{"$i":"delete-current-thread?","$v":"Выдаліць выбраны ланцужок паведамленняў?"},{"$i":"attention","$v":"Увага"},{"$i":"delivery-title","$v":"Служба тэкставых паведамленняў (SMS)"},{"$i":"send-failed","$v":"Памылка адпраўкі."},{"$i":"subject-removed","$v":"Тэма выдалена."},{"$i":"data-storage-limit-alert-title","$v":"Сховішча тэлефона поўнае."},{"$i":"data-storage-limit-send-body","$v":"Не ўдаецца адправіць MMS. Каб вызваліць месца, выдаліце паведамленні або перайдзіце ў \"Налады\"."},{"$i":"data-storage-limit-download-body","$v":"Не ўдаецца спампаваць MMS. Каб вызваліць месца, выдаліце паведамленні або перайдзіце ў \"Налады\"."},{"$i":"data-storage-limit-alert-cancel","$v":"Скасаваць"},{"$i":"data-storage-limit-alert-setting","$v":"Настройкі"},{"$i":"recipient-repeat","$v":"Дубліраваны кантакт."},{"$i":"email","$v":"ЭЛЕКТРОННАЯ ПОШТА"},{"$i":"options","$v":"Параметрыі"},{"$i":"emergency-alert-title","$v":"Сігналы надзв. сітуац."},{"$i":"emergency-alert","$v":"Сігналы надзв. сітуац."},{"$i":"wappushNormal","$v":"Push-апавяшчэнні WAP"},{"$i":"wappushSIM1","$v":"Push-апавяшчэнні WAP — SIM 1"},{"$i":"wappushSIM2","$v":"Push-апавяшчэнні WAP — SIM 2"},{"$i":"not-assigned","$v":"Не прызначана"},{"$i":"switchSIMDataSendAlertTitle","$v":"Памылка адпраўкі MMS."},{"$i":"switchSIMDataSendAlertBody","$v":["Каб адпраўляць MMS, трэба памяняць налады SIM-карткі на «даныя на SIM» ",{"t":"idOrVar","v":"nonActiveSimId"}," у наладах Дыспечара SIM."]},{"$i":"switchSIMDataSendAlertDesc","$v":"Каб абнавіць налады, перайдзіце ў праграму Налад."},{"$i":"switchSIMDataReceiveAlertTitle","$v":"Памылка атрымання MMS."},{"$i":"switchSIMDataReceiveAlertBody","$v":["Каб атрымліваць MMS, трэба памяняць налады SIM-карткі на «даныя на SIM» ",{"t":"idOrVar","v":"nonActiveSimId"}," у наладах Дыспечара SIM."]},{"$i":"switchSIMDataReceiveAlertDesc","$v":"Каб абнавіць налады, перайдзіце ў праграму Налад."},{"$i":"group-message","$v":"Групавое паведамленне"},{"$i":"individual-message","$v":"Індывідуальнае паведамленне"},{"$i":"group-message-alert-title","$v":"Групавое паведамленне"},{"$i":"group-message-alert-body","$v":"Стварыць групавое паведамленне? (Групавое паведамленне будзе адпраўлена праз MMS і SMS, і прывядзе да дадатковай аплаты аператару бесправадной сувязі, у залежнасці ад тарыфнага плана.)"},{"$i":"group-message-individual","$v":"Заставіць як індывідуальнае"},{"$i":"group-message-setting","$v":"Стварыць групу"},{"$i":"new-message-individual","$v":"Новае паведамленне (індывідуальнае)"},{"$i":"new-message-group","$v":"Новае паведамленне (групавое)"},{"$i":"no-phone-number","$v":"Не прызначана"},{"$i":"device-phone-number","$v":"Мой тэлефонны нумар"},{"$i":"group-message-phone","$v":"Групавыя паведамленні"},{"$i":"my-phone-number","$v":"Мой тэлефонны нумар"},{"$i":"delivery-notification","$v":"Паведамленне дастаўленае"},{"$i":"wait","$v":"чакае"},{"$i":"isTextTooLongAlert","$v":"Перавыш. макс. памер павед."},{"$i":"video-call","$v":"Відэавыклік"},{"$i":"normal-call","$v":"Выклік"},{"$i":"attachment","$v":"Далучэнне"},{"$i":"limit-MMS-recipients","$v":"Адно MMS можна адпр. не больш чым 20 атрым.."},{"$i":"block-contact","$v":"Блакір. кантакт"},{"$i":"blocked","$v":"Блакіраваць"},{"$i":"unblocked","$v":"адкрыць"},{"$i":"rtt-call","$v":"Выклік RTT"},{"$i":"remove-all-attachments","$v":"Выдаліць усе далучэнні"},{"$i":"block-confirmation","$v":"Вы не буд. атрым. выклікі, павед. ад людз. са спіса блакіроўкі."},{"$i":"space-low-not-save","$v":"Сховішча запоўненае, не ўдаецца захав. чарнавік."},{"$i":"sms-encoding-mode","$v":"Кадзіраванне SMS"},{"$i":"sms-reduced-format","$v":"Зменшаны фармат"},{"$i":"sms-full-format","$v":"Поўнафарматны"},{"$i":"smscNormal","$v":"Сэрвісны цэнтр"},{"$i":"smscSIM1","$v":"Сэрвісны цэнтр SIM1"},{"$i":"smscSIM2","$v":"Сэрвісны цэнтр SIM2"},{"$i":"withoutDataTitle","$v":"Збой"},{"$i":"withoutDataBody","$v":"Каб адправіць або спампаваць MMS, уключыце ў Наладах \"Падключэнне да інтэрнэту"},{"$i":"withoutDataBtnOk","$v":"OK"},{"$i":"withoutDataBtnSettings","$v":"Настройкі"},{"$i":"weekday-0-long","$v":"Нядзеля"},{"$i":"weekday-1-long","$v":"Панядзелак"},{"$i":"weekday-2-long","$v":"Аўторак"},{"$i":"weekday-3-long","$v":"Серада"},{"$i":"weekday-4-long","$v":"Чацвер"},{"$i":"weekday-5-long","$v":"Пятніца"},{"$i":"weekday-6-long","$v":"Субота"},{"$i":"weekday-0-short","$v":"Нядз"},{"$i":"weekday-1-short","$v":"Пан"},{"$i":"weekday-2-short","$v":"Аўт"},{"$i":"weekday-3-short","$v":"Сер"},{"$i":"weekday-4-short","$v":"Чацв"},{"$i":"weekday-5-short","$v":"Пят"},{"$i":"weekday-6-short","$v":"Суб"},{"$i":"month-0-long","$v":"Студзень"},{"$i":"month-1-long","$v":"Люты"},{"$i":"month-2-long","$v":"Сакавік"},{"$i":"month-3-long","$v":"Красавік"},{"$i":"month-4-long","$v":"Май"},{"$i":"month-5-long","$v":"Чэрвень"},{"$i":"month-6-long","$v":"Ліпень"},{"$i":"month-7-long","$v":"Жнівень"},{"$i":"month-8-long","$v":"Верасень"},{"$i":"month-9-long","$v":"Кастрычнік"},{"$i":"month-10-long","$v":"Лістапад"},{"$i":"month-11-long","$v":"Снежань"},{"$i":"month-0-genitive","$v":"Студзень"},{"$i":"month-1-genitive","$v":"Люты"},{"$i":"month-2-genitive","$v":"Сакавік"},{"$i":"month-3-genitive","$v":"Красавік"},{"$i":"month-4-genitive","$v":"Май"},{"$i":"month-5-genitive","$v":"Чэрвень"},{"$i":"month-6-genitive","$v":"Ліпень"},{"$i":"month-7-genitive","$v":"Жнівень"},{"$i":"month-8-genitive","$v":"Верасень"},{"$i":"month-9-genitive","$v":"Кастрычнік"},{"$i":"month-10-genitive","$v":"Лістапад"},{"$i":"month-11-genitive","$v":"Снежань"},{"$i":"month-0-short","$v":"Сту"},{"$i":"month-1-short","$v":"Лют"},{"$i":"month-2-short","$v":"Сак"},{"$i":"month-3-short","$v":"Кра"},{"$i":"month-4-short","$v":"Май"},{"$i":"month-5-short","$v":"Чэр"},{"$i":"month-6-short","$v":"Ліп"},{"$i":"month-7-short","$v":"Жні"},{"$i":"month-8-short","$v":"Вер"},{"$i":"month-9-short","$v":"Кас"},{"$i":"month-10-short","$v":"Ліс"},{"$i":"month-11-short","$v":"Снж"},{"$i":"minutes-ago-long","$v":{"few":["Хвілін таму: ",{"t":"idOrVar","v":"value"}],"many":["Хвілін таму: ",{"t":"idOrVar","v":"value"}],"one":"хвіліну таму","other":["Хвілін таму: ",{"t":"idOrVar","v":"value"}],"two":["Хвілін таму: ",{"t":"idOrVar","v":"value"}],"zero":"толькі цяпер"},"$x":[{"t":"idOrVar","v":"plural"},"n"]},{"$i":"hours-ago-long","$v":{"few":["Гадзін таму: ",{"t":"idOrVar","v":"value"}],"many":["Гадзін таму: ",{"t":"idOrVar","v":"value"}],"one":"гадзіну таму","other":["Гадзін таму: ",{"t":"idOrVar","v":"value"}],"two":["Гадзін таму: ",{"t":"idOrVar","v":"value"}],"zero":"толькі цяпер"},"$x":[{"t":"idOrVar","v":"plural"},"n"]},{"$i":"days-ago-long","$v":{"few":["Дзён таму: ",{"t":"idOrVar","v":"value"}],"many":["Дзён таму: ",{"t":"idOrVar","v":"value"}],"one":"учора","other":["Дзён таму: ",{"t":"idOrVar","v":"value"}],"two":["Дзён таму: ",{"t":"idOrVar","v":"value"}],"zero":"сёння"},"$x":[{"t":"idOrVar","v":"plural"},"n"]},{"$i":"weeks-ago-long","$v":{"few":["Тыдняў таму: ",{"t":"idOrVar","v":"value"}],"many":["Тыдняў таму: ",{"t":"idOrVar","v":"value"}],"one":"на мінулым тыдні","other":["Тыдняў таму: ",{"t":"idOrVar","v":"value"}],"two":["Тыдняў таму: ",{"t":"idOrVar","v":"value"}],"zero":"на гэтым тыдні"},"$x":[{"t":"idOrVar","v":"plural"},"n"]},{"$i":"months-ago-long","$v":{"few":["Месяцаў таму: ",{"t":"idOrVar","v":"value"}],"many":["Месяцаў таму: ",{"t":"idOrVar","v":"value"}],"one":"у мінулым месяцы","other":["Месяцаў таму: ",{"t":"idOrVar","v":"value"}],"two":["Месяцаў таму: ",{"t":"idOrVar","v":"value"}],"zero":"у гэтым месяцы"},"$x":[{"t":"idOrVar","v":"plural"},"n"]},{"$i":"years-ago-long","$v":{"few":["Гадоў таму: ",{"t":"idOrVar","v":"value"}],"many":["Гадоў таму: ",{"t":"idOrVar","v":"value"}],"one":"у мінулым годзе","other":["Гадоў таму: ",{"t":"idOrVar","v":"value"}],"two":["Гадоў таму: ",{"t":"idOrVar","v":"value"}],"zero":"у гэтым годзе"},"$x":[{"t":"idOrVar","v":"plural"},"n"]},{"$i":"minutes-until-long","$v":{"few":["праз ",{"t":"idOrVar","v":"value"}," хвілін(-ы)"],"many":["праз ",{"t":"idOrVar","v":"value"}," хвілін(-ы)"],"one":"праз хвіліну","other":["праз ",{"t":"idOrVar","v":"value"}," хвілін(-ы)"],"two":["праз ",{"t":"idOrVar","v":"value"}," хвілін(-ы)"],"zero":"цяпер"},"$x":[{"t":"idOrVar","v":"plural"},"n"]},{"$i":"hours-until-long","$v":{"few":["праз ",{"t":"idOrVar","v":"value"}," гадзін(-ы)"],"many":["праз ",{"t":"idOrVar","v":"value"}," гадзін(-ы)"],"one":"праз гадзіну","other":["праз ",{"t":"idOrVar","v":"value"}," гадзін(-ы)"],"two":["праз ",{"t":"idOrVar","v":"value"}," гадзін(-ы)"],"zero":"цяпер"},"$x":[{"t":"idOrVar","v":"plural"},"n"]},{"$i":"days-until-long","$v":{"few":["праз ",{"t":"idOrVar","v":"value"}," дні(дзён)"],"many":["праз ",{"t":"idOrVar","v":"value"}," дні(дзён)"],"one":"заўтра","other":["праз ",{"t":"idOrVar","v":"value"}," дні(дзён)"],"two":["праз ",{"t":"idOrVar","v":"value"}," дні(дзён)"],"zero":"сёння"},"$x":[{"t":"idOrVar","v":"plural"},"n"]},{"$i":"weeks-until-long","$v":{"few":["праз ",{"t":"idOrVar","v":"value"}," тыдні(-яў)"],"many":["праз ",{"t":"idOrVar","v":"value"}," тыдні(-яў)"],"one":"на наступным тыдні","other":["праз ",{"t":"idOrVar","v":"value"}," тыдні(-яў)"],"two":["праз ",{"t":"idOrVar","v":"value"}," тыдні(-яў)"],"zero":"на гэтым тыдні"},"$x":[{"t":"idOrVar","v":"plural"},"n"]},{"$i":"months-until-long","$v":{"few":["праз ",{"t":"idOrVar","v":"value"}," месяц(-аў)"],"many":["праз ",{"t":"idOrVar","v":"value"}," месяц(-аў)"],"one":"у наступным месяцы","other":["праз ",{"t":"idOrVar","v":"value"}," месяц(-аў)"],"two":["праз ",{"t":"idOrVar","v":"value"}," месяц(-аў)"],"zero":"у гэтым месяцы"},"$x":[{"t":"idOrVar","v":"plural"},"n"]},{"$i":"years-until-long","$v":{"few":["праз ",{"t":"idOrVar","v":"value"}," гады (год)"],"many":["праз ",{"t":"idOrVar","v":"value"}," гады (год)"],"one":"у наступным годзе","other":["праз ",{"t":"idOrVar","v":"value"}," гады (год)"],"two":["праз ",{"t":"idOrVar","v":"value"}," гады (год)"],"zero":"у гэтым годзе"},"$x":[{"t":"idOrVar","v":"plural"},"n"]},{"$i":"minutes-ago-short","$v":{"other":[{"t":"idOrVar","v":"value"},"хв таму"],"zero":"толькі цяпер"},"$x":[{"t":"idOrVar","v":"plural"},"n"]},{"$i":"hours-ago-short","$v":{"other":[{"t":"idOrVar","v":"value"},"гадз таму"],"zero":"толькі цяпер"},"$x":[{"t":"idOrVar","v":"plural"},"n"]},{"$i":"days-ago-short","$v":{"other":[{"t":"idOrVar","v":"value"},"д таму"],"zero":"сёння"},"$x":[{"t":"idOrVar","v":"plural"},"n"]},{"$i":"minutes-until-short","$v":{"other":["праз ",{"t":"idOrVar","v":"value"},"хв"],"zero":"цяпер"},"$x":[{"t":"idOrVar","v":"plural"},"n"]},{"$i":"hours-until-short","$v":{"other":["праз ",{"t":"idOrVar","v":"value"},"гадз"],"zero":"цяпер"},"$x":[{"t":"idOrVar","v":"plural"},"n"]},{"$i":"days-until-short","$v":{"other":["праз ",{"t":"idOrVar","v":"value"},"д"],"zero":"сёння"},"$x":[{"t":"idOrVar","v":"plural"},"n"]},{"$i":"dateTimeFormat_%c","$v":"%a %b %e %Y %I:%M:%S %p"},{"$i":"dateTimeFormat_%x","$v":"%m/%d/%Y"},{"$i":"dateTimeFormat_%X","$v":"%I:%M:%S %p"},{"$i":"shortTimeFormat","$v":"%I:%M %p"},{"$i":"shortTimeFormat12","$v":"%I:%M %p"},{"$i":"shortTimeFormat24","$v":"%H:%M"},{"$i":"shortDateTimeFormat","$v":"%x %I:%M %p"},{"$i":"weekStartsOnMonday","$v":"0.0"},{"$i":"firstDayOfTheWeek","$v":"1.0"},{"$i":"time_am","$v":"Ран."},{"$i":"time_pm","$v":"PM"},{"$i":"softkey-options","$v":"Параметры"},{"$i":"emergencyNumber","$v":"Экстраны нумар"},{"$i":"callAirplaneModeMessage","$v":"Каб зрабіць выклік, трэба адключыць рэжым \"У самалёце\" у настройках."},{"$i":"callAirplaneModeBtnOk","$v":"ОК"},{"$i":"callAirplaneModeTitle","$v":"Рэжым \"У самалёце\" уключаны"},{"$i":"numberIsBusyTitle","$v":"Нумар заняты"},{"$i":"numberIsBusyMessage","$v":"Номер зараз заняты. Паўтарыце спробу пазней."},{"$i":"fdnIsActiveTitle","$v":"FDN актыўна"},{"$i":"fdnIsActiveMessage","$v":["Функцыя FDN (фіксаваны набор нумароў) уключана, і наступны нумар не знаходзіцца ў вашым спісе FDN: ",{"t":"idOrVar","v":"number"}]},{"$i":"emergencyDialogBodyBadNumber","$v":"Каб зрабіць выклік, тэлефон павінен быць падключаны да сеткі."},{"$i":"emergencyDialogBodyDeviceNotAccepted","$v":"Экстраныя выклікі не дазволены сеткай."},{"$i":"emergencyDialogBtnOk","$v":"ОК"},{"$i":"emergencyDialogTitle","$v":"Няма падключэння да сеткі"},{"$i":"invalidNumberToDialTitle","$v":"Няправільны нумар тэлефона"},{"$i":"invalidNumberToDialMessage","$v":"Нумар тэлефона, па якім вы званіце, несапраўдны."},{"$i":"unableToCallTitle","$v":"Немагчыма зрабіць выклік. "},{"$i":"unableToCallMessage","$v":"Зараз немагчыма пазваніць па тэлефоне"},{"$i":"otherConnectionInUseTitle","$v":"Выкар. іншае падкл."},{"$i":"otherConnectionInUseMessage","$v":"У вас актыўны выклік на іншым падлучэнні. Адначасова можна карыстацца толькі адным падлучэннем."},{"$i":"connectingEllipsis","$v":"Падлучаецца..."}]