[{"$i":"messages","$v":"বার্তা"},{"$i":"deleteMessages-title","$v":"নির্বাচন করুন"},{"$i":"selectThreads-title","$v":"নির্বাচন করুন"},{"$i":"edit","$v":"সম্পাদনা করুন"},{"$i":"back","$v":"ফিরুন"},{"$i":"cancel","$v":"বাতিল করুন"},{"$i":"delete","$v":"মুছুন"},{"$i":"deleting-messages","$v":"মোছা হচ্ছে…"},{"$i":"deselect","$v":"অনির্বাচন করুন"},{"$i":"selected-threads","$v":{"few":[{"t":"idOrVar","v":"n"}," নির্বাচিত হয়েছে"],"many":[{"t":"idOrVar","v":"n"}," নির্বাচিত হয়েছে"],"one":[{"t":"idOrVar","v":"n"}," নির্বাচিত হয়েছে"],"other":[{"t":"idOrVar","v":"n"}," নির্বাচিত হয়েছে"],"two":[{"t":"idOrVar","v":"n"}," নির্বাচিত হয়েছে"],"zero":"0 টি নির্বাচিত"},"$x":[{"t":"idOrVar","v":"plural"},"n"]},{"$i":"selected-messages","$v":{"few":[{"t":"idOrVar","v":"n"}," নির্বাচিত হয়েছে"],"many":[{"t":"idOrVar","v":"n"}," নির্বাচিত হয়েছে"],"one":[{"t":"idOrVar","v":"n"}," নির্বাচিত হয়েছে"],"other":[{"t":"idOrVar","v":"n"}," নির্বাচিত হয়েছে"],"two":[{"t":"idOrVar","v":"n"}," নির্বাচিত হয়েছে"],"zero":"0 টি নির্বাচিত"},"$x":[{"t":"idOrVar","v":"plural"},"n"]},{"$i":"selectThreads-label","$v":"সূত্রগুলি বেছে নিন"},{"$i":"selectMessages-label","$v":"বার্তাগুলি বেছে নিন"},{"$i":"new-message","$v":"নতুন মেসেজ"},{"$i":"delete-thread","$v":"থ্রেড মুছুন"},{"$i":"create-new-contact","$v":"নতুন পরিচিতি তৈরি করুন"},{"$i":"add-to-contact","$v":"একটি বর্তমান পরিচিতিতে যোগ করুন"},{"$i":"select-thread","$v":"সূত্রটি বেছে নিন"},{"$i":"settings","$v":"সেটিং"},{"$i":"select-all","$v":"সমস্ত নির্বাচন করুন"},{"$i":"deselect-all","$v":"সবগুলি নির্বাচনমুক্ত করুন"},{"$i":"select","$v":"নির্বাচন করুন"},{"$i":"sk-save-as-draft","$v":"খসড়া হিসেবে সংরক্ষণ করুন"},{"$i":"next","$v":"পরবর্তী"},{"$i":"send","$v":"পাঠান"},{"$i":"add-contact","$v":"পরিচিতি জুড়ুন"},{"$i":"add-suggestion","$v":"নির্বাচন করুন"},{"$i":"add-subject","$v":"সাবজেক্ট যোগ করুন"},{"$i":"remove-subject","$v":"বিষয় সরান"},{"$i":"add-attachment","$v":"সংযুক্তি যোগ করুন"},{"$i":"remove-attachment","$v":"সংযুক্তি অপসারণ করুন"},{"$i":"replace-attachment","$v":"সংযুক্তি প্রতিস্থাপন করুন"},{"$i":"select-messages","$v":"বার্তাগুলি বেছে নিন"},{"$i":"call","$v":"কল"},{"$i":"forward","$v":"ফরোয়ার্ড"},{"$i":"view-message-report","$v":"বার্তার বিশদ বিবরণ দেখুন"},{"$i":"cancel-view-report","$v":"বাতিল করুন"},{"$i":"ok","$v":"ঠিক আছে"},{"$i":"enter","$v":"লিখুন"},{"$i":"open","$v":"খুলুন"},{"$i":"to","$v":"To"},{"$i":"new","$v":"নতুন"},{"$i":"message","$v":"বার্তা"},{"$i":"messagesInput_placeholder","$v":"বার্তা"},{"$i":"messagesSubjectInput_placeholder","$v":"বিষয়"},{"$i":"subjectComposerInput_placeholder","$v":"বিষয়"},{"$i":"converted-to-mms","$v":"মাল্টিমিডিয়া বার্তায় রূপান্তরিত করা হচ্ছে।"},{"$i":"converted-to-sms","$v":"পাঠ্য বার্তায় রূপান্তরিত করা হচ্ছে।"},{"$i":"messages-max-length-text","$v":"আপনি দৈর্ঘ্যের সর্বোচ্চ সীমায় পৌঁছেছেন।"},{"$i":"messages-max-subject-length-text","$v":"বিষয়ের সর্বাধিক দৈর্ঘ্য পৌঁছেছে।"},{"$i":"multimedia-message-exceeded-max-length","$v":["যে বার্তাটি একক মাল্টিমিডিয়া বার্তার ",{"t":"idOrVar","v":"mmsSize"}," MB আকারের সীমা অতিক্রম করে গেছে।"]},{"$i":"newMessage","$v":"নতুন মেসেজ"},{"$i":"sendMessage","$v":"বার্তা পাঠান"},{"$i":"sendMMSToEmail","$v":"মাল্টিমিডিয়া বার্তা পাঠান"},{"$i":"no-recipient","$v":"(কোনো প্রাপক নেই)"},{"$i":"recipient","$v":{"few":[{"t":"idOrVar","v":"n"}," জন প্রাপক"],"many":[{"t":"idOrVar","v":"n"}," জন প্রাপক"],"one":[{"t":"idOrVar","v":"n"}," জন প্রাপক"],"other":[{"t":"idOrVar","v":"n"}," জন প্রাপক"],"two":[{"t":"idOrVar","v":"n"}," জন প্রাপক"]},"$x":[{"t":"idOrVar","v":"plural"},"n"]},{"$i":"attachmentSizeB","$v":[{"t":"idOrVar","v":"n"}," B"]},{"$i":"attachmentSizeKB","$v":[{"t":"idOrVar","v":"n"}," KB"]},{"$i":"attachmentSizeMB","$v":[{"t":"idOrVar","v":"n"}," MB"]},{"$i":"attachmentOpenError","$v":"এই ধরনের ফাইল খোলার জন্য কোনো অ্যাপ উপলভ্য নয়।"},{"$i":"remove","$v":"সরান"},{"$i":"participant","$v":{"few":[{"t":"idOrVar","v":"n"}," জন রোগী"],"many":[{"t":"idOrVar","v":"n"}," জন রোগী"],"one":[{"t":"idOrVar","v":"n"}," জন রোগী"],"other":[{"t":"idOrVar","v":"n"}," জন রোগী"],"two":[{"t":"idOrVar","v":"n"}," জন রোগী"]},"$x":[{"t":"idOrVar","v":"plural"},"n"]},{"$i":"message-report","$v":"বার্তা প্রতিবেদন"},{"$i":"message-type-sms","$v":"টেক্সট মেসেজ (SMS)"},{"$i":"message-type-mms","$v":"মাল্টিমিডিয়া বার্তা (MMS)"},{"$i":"sms-report-description","$v":["আপনার পাঠ্য বার্তা (SMS), এ পাঠানো হয়েছে ",{"t":"idOrVar","v":"datetime"}]},{"$i":"mms-report-description","$v":["আপনার মাল্টিমিডিয়া বার্তা (MMS), বিষয় ",{"t":"idOrVar","v":"subject"}," ",{"t":"idOrVar","v":"datetime"}," এ পাঠানো হয়েছে"]},{"$i":"mms-no-subject-report-description","$v":["আপনার মাল্টিমিডিয়া বার্তা (MMS), এ পাঠানো হয়েছে",{"t":"idOrVar","v":"datetime"}]},{"$i":"message-subject","$v":"বিষয়:"},{"$i":"report-status-error","$v":"বার্তা পাঠানো যায়নি"},{"$i":"report-status-not-downloaded","$v":"ডাউনলোড করা হয়নি"},{"$i":"report-status-delivered","$v":"বিতরিত:"},{"$i":"report-status-read","$v":"পড়ুন:"},{"$i":"report-status-pending","$v":"রিপোর্টের অনুরোধ করা হয়েছে"},{"$i":"report-status-rejected","$v":"বার্তা প্রত্যাখ্যান করা হয়েছে"},{"$i":"message-size-was","$v":"বার্তার আকার:"},{"$i":"report-to-title","$v":"To"},{"$i":"report-from-title","$v":"প্রাপক"},{"$i":"message-sent","$v":"পাঠান:"},{"$i":"message-sending","$v":[{"t":"idOrVar","v":"message-delivery-status-sending"}]},{"$i":"message-received","$v":"গ্রহণ করা হয়েছে:"},{"$i":"message-via","$v":"মারফত:"},{"$i":"message-resend","$v":"আবার পাঠান"},{"$i":"search","$v":"অনুসন্ধান করুন"},{"$i":"unknown-contact-title","$v":"অজানা পরিচিতি"},{"$i":"phone-type-separator","$v":", "},{"$i":"phone-carrier-separator","$v":" "},{"$i":"thread-participant-separator","$v":", "},{"$i":"replace-draft","$v":"বিদ্যমান খস‌ড়া প্রতিস্থাপন করুন"},{"$i":"save-as-draft","$v":"সংরক্ষণ করুন"},{"$i":"discard-message","$v":"বর্জন করুন"},{"$i":"discard-sms","$v":"আপনি কি এই বার্তাটিকে বাতিল করার বিষয়ে নিশ্চিত?"},{"$i":"discard-new-message","$v":"আপনি যে বার্তাটি লিখছেন সেটি বাতিল করবেন এবং নতুন বার্তা খুলবেন?"},{"$i":"resend-confirmation","$v":"বার্তাটি পাঠানো যায়নি৷ আবার চেষ্টা করুন।"},{"$i":"resend-message","$v":"এই বার্তাটি আবার পাঠান"},{"$i":"deleteMessage-confirmation","$v":"নির্বাচিত বার্তা মুছবেন?"},{"$i":"deleteMessages-confirmation","$v":"নির্বাচিত বার্তাগুলি মুছবেন?"},{"$i":"deleteThreads-confirmation2","$v":{"one":"নির্বাচিত বার্তার থ্রেড মুছবেন?","other":"নির্বাচিত বার্তার থ্রেডগুলি মুছবেন?"},"$x":[{"t":"idOrVar","v":"plural"},"n"]},{"$i":"new-message-notice-text","$v":"এর থেকে নতুন বার্তা"},{"$i":"new-message-notice-a-text","$v":"এটি পড়ুন"},{"$i":"noMessages-title","$v":"কোনো বার্তা নয়"},{"$i":"noMessages-text","$v":"যোগাযোগ করা শুরু করতে নতুন টিপুন।"},{"$i":"sendDefaultErrorTitle","$v":"ব্যর্থতা পাঠান"},{"$i":"sendDefaultErrorBody","$v":"বার্তাটি পাঠাতে একটি সমস্যা হয়েছে। অনুগ্রহ করে আবার চেষ্টা করুন।"},{"$i":"sendDefaultErrorBtnOk","$v":"ঠিক আছে"},{"$i":"sendMissingSimCardTitle","$v":"ব্যর্থতা পাঠান"},{"$i":"sendMissingSimCardBody","$v":"চালিয়ে যেতে একটি বৈধ SIM কার্ড ঢোকান।"},{"$i":"sendMissingSimCardBtnOk","$v":"ঠিক আছে"},{"$i":"sendFlightModeTitle","$v":"ব্যর্থতা পাঠান"},{"$i":"sendFlightModeBody","$v":"বার্তা পাঠাতে বিমান মোড বন্ধ করুন।"},{"$i":"sendFlightModeBtnOk","$v":"ঠিক আছে"},{"$i":"radioDisabledToDownloadTitle","$v":"ডাউনলোড ব্যর্থতা"},{"$i":"radioDisabledToDownloadBody","$v":"সংযুক্তি ডাউনলোড করতে বিমান মোড বন্ধ করুন।"},{"$i":"radioDisabledToDownloadBtnOk","$v":[{"t":"idOrVar","v":"sendFlightModeBtnOk"}]},{"$i":"downloadDefaultErrorTitle","$v":"ডাউনলোড ব্যর্থতা"},{"$i":"downloadDefaultErrorBody","$v":"বার্তা ডাউনলোড করার সময় একটি সমস্যা ছিল। অনুগ্রহপূর্বক আবার চেষ্টা করুন."},{"$i":"downloadDefaultErrorBtnOk","$v":[{"t":"idOrVar","v":"sendDefaultErrorBtnOk"}]},{"$i":"fdnErrorTitle","$v":"ব্যর্থতা পাঠান"},{"$i":"needConnectWifiBody","$v":"কোন মোবাইল ডেটা নেটওয়ার্ক উপলব্ধ নয়। বার্তা পাঠানোর জন্য উপলব্ধ কোন Wi-Fi নেটওয়ার্কের সাথে যুক্ত করুন।"},{"$i":"needConnectWifiTitle","$v":"মেসেজ পাঠানো হয়নি"},{"$i":"mmsChanelUsedBody","$v":"নন-DDS সাবের তরফ থেকে MMS পাঠানো হচ্ছে, অনুগ্রহ করে পাঠানোর প্রক্রিয়া সম্পূর্ণ হওয়া পর্যন্ত অপেক্ষা করুন।"},{"$i":"mmsChanelUsedTitle","$v":"ব্যবহৃত MMS চ্যানেল"},{"$i":"sms-counter-notice-label","$v":["SMS ",{"t":"idOrVar","v":"number"}," সম্পাদনা করা হচ্ছে"]},{"$i":"fdnErrorBody","$v":{"few":"FDN (ফিক্সড ডায়ালিং নম্বর) সক্রিয় করা হয়েছে। নিশ্চিত করুন যে SMS কেন্দ্র এবং নিম্নলিখিত প্রাপকরা আপনার FDN তালিকায় আছে।","many":"FDN (ফিক্সড ডায়ালিং নম্বর) সক্রিয় করা হয়েছে। নিশ্চিত করুন যে SMS কেন্দ্র এবং নিম্নলিখিত প্রাপকরা আপনার FDN তালিকায় আছে।","one":"FDN (ফিক্সড ডায়ালিং নম্বর) সক্রিয় করা হয়েছে। নিশ্চিত করুন যে SMS কেন্দ্র এবং নিম্নলিখিত প্রাপক আপনার FDN তালিকায় আছে।","other":"FDN (ফিক্সড ডায়ালিং নম্বর) সক্রিয় করা হয়েছে। নিশ্চিত করুন যে SMS কেন্দ্র এবং নিম্নলিখিত প্রাপকরা আপনার FDN তালিকায় আছে।","two":"FDN (ফিক্সড ডায়ালিং নম্বর) সক্রিয় করা হয়েছে। নিশ্চিত করুন যে SMS কেন্দ্র এবং নিম্নলিখিত প্রাপকরা আপনার FDN তালিকায় আছে।"},"$x":[{"t":"idOrVar","v":"plural"},"n"]},{"$i":"fdnErrorBtnOk","$v":"ঠিক আছে"},{"$i":"sendNoSignalErrorTitle","$v":"ব্যর্থতা পাঠান"},{"$i":"sendNoSignalErrorBody","$v":"নিশ্চিত করুন যে আপনার একটি মোবাইল সিগন্যাল আছে এবং চেষ্টা করুন।"},{"$i":"sendNoSignalErrorBtnOk","$v":"ঠিক আছে"},{"$i":"sendNotFoundErrorTitle","$v":"ব্যর্থতা পাঠান"},{"$i":"sendNotFoundErrorBody","$v":"আপনি যে বার্তাটি খুঁজছেন সেটি আর উপলভ্য নয়।"},{"$i":"sendNotFoundErrorBtnOk","$v":"ঠিক আছে"},{"$i":"sendInvalidAddressErrorTitle","$v":"ব্যর্থতা পাঠান"},{"$i":"sendInvalidAddressErrorBody","$v":"নিশ্চিত করুন যে আপনি যে মোবাইল নম্বরটি পাঠাচ্ছেন সেটি বৈধ।"},{"$i":"sendInvalidAddressErrorBtnOk","$v":"ঠিক আছে"},{"$i":"simNotMatchedErrorTitle","$v":"ডাউনলোড করা যাবে না"},{"$i":"simNotMatchedErrorBody","$v":"অনুগ্রহ করে নিশ্চিত করুন যে সিম কার্ডটি আপনি ঢুকিয়েছেন সেটি এই একই SIM কার্ড যেটি আপনি এই বার্তাটি পেতে ব্যবহার করেছেন।"},{"$i":"simNotMatchedErrorBtnOk","$v":"ঠিক আছে"},{"$i":"netWorkErrorTitle","$v":"নেটওয়ার্কের ব্যর্থতা"},{"$i":"netWorkErrorBody","$v":"নেটওয়ার্কের কিছু সমস্যা আছে, অনুগ্রহ করে প্রথমে চেক করুন।"},{"$i":"netWorkErrorBtnOk","$v":"ঠিক আছে"},{"$i":"deleted-sms","$v":"এই বার্তাটি ইতিমধ্যেই মুছে দেয়া হয়েছে।"},{"$i":"view-attachment-image","$v":"দেখুন"},{"$i":"view-attachment-audio","$v":"শুনুন"},{"$i":"view-attachment-video","$v":"দেখুন"},{"$i":"view-attachment-other","$v":"দেখুন"},{"$i":"remove-attachment-image","$v":"ছবি সরান"},{"$i":"remove-attachment-audio","$v":"অডিও সরান"},{"$i":"remove-attachment-video","$v":"ভিডিও সরান"},{"$i":"remove-attachment-other","$v":"সংযুক্তি অপসারণ করুন"},{"$i":"replace-attachment-image","$v":"ছবি প্রতিস্থাপন করুন"},{"$i":"replace-attachment-audio","$v":"অডিও প্রতিস্থাপন করুন"},{"$i":"replace-attachment-video","$v":"ভিডিও প্রতিস্থাপন করুন"},{"$i":"replace-attachment-other","$v":"সংযুক্তি প্রতিস্থাপন করুন"},{"$i":"unsent-message-title","$v":"পাঠানো হয়নি এমন বার্তা"},{"$i":"unsent-message-description","$v":"আপনার আগের বার্তাগুলি পাঠানো যায়। আপনি পাঠানো হয়নি এমন বার্তাগুলি সম্পাদনা করতে চান না খারিজ করে এগিয়ে যেতে চান?"},{"$i":"unsent-message-option-edit","$v":"সম্পাদনা করুন"},{"$i":"unsent-message-option-discard","$v":"বর্জন করুন"},{"$i":"message-options","$v":"বার্তার বিকল্প"},{"$i":"select-text","$v":"পাঠ্যাংশ নির্বাচন করুন"},{"$i":"mobile","$v":"মোবাইল"},{"$i":"home","$v":"হোম"},{"$i":"work","$v":"কর্মক্ষেত্র"},{"$i":"personal","$v":"ব্যক্তিগত"},{"$i":"faxHome","$v":"বা‌ড়ির ফ্যাক্স"},{"$i":"faxOffice","$v":"অফিসের ফ্যাক্স"},{"$i":"faxOther","$v":"অন্যান্য ফ্যাক্স"},{"$i":"another","$v":"আরেকটি"},{"$i":"other","$v":"অন্যান্য"},{"$i":"today","$v":"আজ"},{"$i":"yesterday","$v":"গতকাল"},{"$i":"incorrectDate","$v":"(ভুল তারিখ)"},{"$i":"addToExistingContact","$v":"একটি বর্তমান পরিচিতিতে যোগ করুন"},{"$i":"createNewContact","$v":"নতুন পরিচিতি তৈরি করুন"},{"$i":"viewContact","$v":"পরিচিতি দেখুন"},{"$i":"sendEmail","$v":"ইমেল পাঠান"},{"$i":"mms-message","$v":"MMS বার্তা"},{"$i":"notDownloaded-title","$v":"বার্তা এখনও ডাউনলোড করা হয়নি।"},{"$i":"tobedownloaded-attachment","$v":["আপনি মাল্টিমিডিয়া বার্তা পেয়েছেন, এর আগে ডাউনলোড করে সামগ্রীটি দেখে নিন।",{"t":"idOrVar","v":"date"}]},{"$i":"expired-attachment","$v":["দুঃখিত, বার্তাটির মেয়াদ ",{"t":"idOrVar","v":"date"}," তারিখে শেষ হয়ে গেছে এবং ডাউনলোড করা যাবে না।"]},{"$i":"download-attachment","$v":"ডাউনলোড"},{"$i":"downloading-attachment","$v":"ডাউনলোড হচ্ছে…"},{"$i":"download-complete","$v":"ডাউনলোড সম্পূর্ণ হয়েছে"},{"$i":"unnamed-attachment","$v":"শিরোনামহীন"},{"$i":"mms-label","$v":"মাল্টিমিডিয়া বার্তা"},{"$i":"group-label","$v":"গ্রুপ"},{"$i":"attached-files-too-large","$v":{"few":["এইসব বার্তা একক মাল্টিমিডিয়া বার্তার ",{"t":"idOrVar","v":"mmsSize"}," MB আকারের সীমা অতিক্রম করে গেছে।"],"many":["এইসব বার্তা একক মাল্টিমিডিয়া বার্তার ",{"t":"idOrVar","v":"mmsSize"}," MB আকারের সীমা অতিক্রম করে গেছে।"],"one":["যে বার্তাটি একক মাল্টিমিডিয়া বার্তার ",{"t":"idOrVar","v":"mmsSize"}," MB আকারের সীমা অতিক্রম করে গেছে।"],"other":["এইসব বার্তা একক মাল্টিমিডিয়া বার্তার ",{"t":"idOrVar","v":"mmsSize"}," MB আকারের সীমা অতিক্রম করে গেছে।"],"two":["এইসব বার্তা একক মাল্টিমিডিয়া বার্তার ",{"t":"idOrVar","v":"mmsSize"}," MB আকারের সীমা অতিক্রম করে গেছে।"],"zero":["এইসব বার্তা একক মাল্টিমিডিয়া বার্তার ",{"t":"idOrVar","v":"mmsSize"}," MB আকারের সীমা অতিক্রম করে গেছে।"]},"$x":[{"t":"idOrVar","v":"plural"},"n"]},{"$i":"resize-image","$v":"সংযুক্ত ছবিটি রিসাইজ করা হচ্ছে"},{"$i":"no-attachment-text","$v":"ফাইলটি সংযুক্ত করতে সমস্যা হচ্ছে এবং এটি ডাউনলোড করা যাবে না।"},{"$i":"message-draft-saved","$v":"বার্তা খসড়া হিসাবে সংরক্ষিত হয়েছে"},{"$i":"sim-id-label","$v":["SIM ",{"t":"idOrVar","v":"id"}]},{"$i":"sim-detail","$v":["SIM ",{"t":"idOrVar","v":"id"},", ",{"t":"idOrVar","v":"detailString"}]},{"$i":"dsds-notification-title-with-sim","$v":["(",{"t":"idOrVar","v":"sim"},") ",{"t":"idOrVar","v":"sender"}]},{"$i":"send-button","ariaLabel":"পাঠান"},{"$i":"send-button-sim-indication","$v":[{"t":"idOrVar","v":"n"}],"ariaLabel":["SIM ",{"t":"idOrVar","v":"n"}," ব্যবহার করা"]},{"$i":"expiry-date-format","$v":"%A, %b %e"},{"$i":"attach-button","ariaLabel":"সংযুক্তি যোগ করুন"},{"$i":"contact-photo","ariaLabel":"পরিচিতি ফটো"},{"$i":"unread-thread","ariaLabel":"অপঠিত"},{"$i":"has-draft","ariaLabel":"Has draft"},{"$i":"is-draft","ariaLabel":"খসড়া"},{"$i":"message-delivery-status-sending","$v":"পাঠানো হচ্ছে…"},{"$i":"message-delivery-status-delivered","$v":"বিতরিত"},{"$i":"message-delivery-status-read","ariaLabel":"পড়ুন"},{"$i":"message-delivery-status-error","ariaLabel":"ত্রুটি"},{"$i":"modal-dialog-ok-button","$v":"ঠিক আছে"},{"$i":"modal-dialog-cancel-button","$v":"বাতিল করুন"},{"$i":"modal-dialog-default-title","$v":"বার্তা"},{"$i":"delete-message","$v":"বার্তা মোছা হয়েছে"},{"$i":"message-converted-to-toast","$v":["বার্তা -তে রূপান্তরিত হয়েছে ",{"t":"idOrVar","v":"type"}]},{"$i":"message-sent-toast","$v":"বার্তা পাঠানো হয়েছে"},{"$i":"deleteMessage-confirmation2","$v":"নির্বাচিত বার্তার থ্রেড মুছবেন?"},{"$i":"deleted-message","$v":{"few":[{"t":"idOrVar","v":"n"},"টি বার্তা মোছা হয়েছে"],"many":[{"t":"idOrVar","v":"n"},"টি বার্তা মোছা হয়েছে"],"one":[{"t":"idOrVar","v":"n"},"টি বার্তা মোছা হয়েছে"],"other":[{"t":"idOrVar","v":"n"},"টি বার্তা মোছা হয়েছে"],"two":[{"t":"idOrVar","v":"n"},"টি বার্তা মোছা হয়েছে"],"zero":"0 টি বার্তা মোছা হয়েছে"},"$x":[{"t":"idOrVar","v":"plural"},"n"]},{"$i":"deleted-threads","$v":{"few":[{"t":"idOrVar","v":"n"},"টি বার্তার থেড মুছে ফেলা হয়েছে"],"many":[{"t":"idOrVar","v":"n"},"টি বার্তার থেড মুছে ফেলা হয়েছে"],"one":"থ্রেড মুছে দেয়া হয়েছে","other":[{"t":"idOrVar","v":"n"},"টি বার্তার থেড মুছে ফেলা হয়েছে"],"two":[{"t":"idOrVar","v":"n"},"টি বার্তার থেড মুছে ফেলা হয়েছে"],"zero":"0 থ্রেড মুছে দেয়া হয়েছে"},"$x":[{"t":"idOrVar","v":"plural"},"n"]},{"$i":"wapPushMessages","$v":"WAP পুশ বার্তা"},{"$i":"auto-retrieve-messages","$v":"বার্তাগুলি স্বতঃ পুনরুদ্ধার করুন"},{"$i":"auto-retrieve-messages-title","$v":"বার্তাগুলি স্বতঃ পুনরুদ্ধার করুন"},{"$i":"auto-roaming-retrieve","$v":"রোমিং এ"},{"$i":"auto-no-roaming-retrieve","$v":"রোমিং ছাড়া"},{"$i":"mmsTitle","$v":"মাল্টিমিডিয়া বার্তা (MMS)"},{"$i":"message-delivery-reports","$v":"বিতরণ রিপোর্ট"},{"$i":"message-delivery-reports-title","$v":"বিতরণ রিপোর্ট"},{"$i":"messageReport-title","$v":"মেসেজের বিশদ বিবরণ"},{"$i":"sms-label","$v":"SMS"},{"$i":"messaging-settings","$v":"বার্তার সেটিংস"},{"$i":"messagingSettings-header","$v":[{"t":"idOrVar","v":"messaging-settings"}]},{"$i":"confirmation-title","$v":"নিশ্চিতকরণ"},{"$i":"draft-save-content","$v":"খসড়া হিসেবে সংরক্ষণ করবেন?"},{"$i":"draft-discard-content","$v":"বার্তা বাতিল করা হয়েছে"},{"$i":"switch-on","$v":"চালু"},{"$i":"switch-off","$v":"বন্ধ"},{"$i":"auto-retrieve-desc","$v":"স্বয়ংক্রিয়ভাবে বার্তা পুনরুদ্ধার করুন"},{"$i":"confirm-dialog-ok","$v":"ঠিক আছে"},{"$i":"yes","$v":"হ্যাঁ"},{"$i":"no","$v":"না"},{"$i":"delete-current-thread?","$v":"নির্বাচিত বার্তার থ্রেড মুছবেন?"},{"$i":"attention","$v":"মনোযোগ দিন"},{"$i":"delivery-title","$v":"টেক্সট মেসেজ (SMS)"},{"$i":"send-failed","$v":"পাঠানো ব্যর্থ হয়েছে।"},{"$i":"subject-removed","$v":"বিষয় সরানো হয়েছে।"},{"$i":"data-storage-limit-alert-title","$v":"ফোনের সঞ্চয়স্থান পূর্ণ।"},{"$i":"data-storage-limit-send-body","$v":"MMS পাঠানো যাবে না। স্থান খালি করতে বার্তা মুছুন বা সেটিংসে যান।"},{"$i":"data-storage-limit-download-body","$v":"MMS ডাউনলোড করা যাচ্ছে না। স্থান খালি করতে বার্তা মুছুন বা সেটিংসে যান।"},{"$i":"data-storage-limit-alert-cancel","$v":"বাতিল করুন"},{"$i":"data-storage-limit-alert-setting","$v":"সেটিং"},{"$i":"recipient-repeat","$v":"ডুপ্লিকেট পরিচিতি।"},{"$i":"email","$v":"ইমেল"},{"$i":"options","$v":"বিকল্প"},{"$i":"emergency-alert-title","$v":"জরুরি সতর্কতা"},{"$i":"emergency-alert","$v":"জরুরি সতর্কতা"},{"$i":"wappushNormal","$v":"WAP পুশ"},{"$i":"wappushSIM1","$v":"WAP পুশ - SIM 1"},{"$i":"wappushSIM2","$v":"WAP পুশ - SIM 2"},{"$i":"not-assigned","$v":"নির্ধারণ করা হয়নি"},{"$i":"switchSIMDataSendAlertTitle","$v":"MMS পাঠানো সম্ভব হল না।"},{"$i":"switchSIMDataSendAlertBody","$v":["MMS পাঠাতে, আপনাকে SIM ম্যানেজার সেটিংসয়ে গিয়ে ডেটার SIM কার্ড SIM",{"t":"idOrVar","v":"nonActiveSimId"}," এ পাল্টাতে হবে।"]},{"$i":"switchSIMDataSendAlertDesc","$v":"সেটিংস আপডেট করতে অনুগ্রহ করে সেটিংস অ্যাপে যান।"},{"$i":"switchSIMDataReceiveAlertTitle","$v":"MMS পাওয়া সম্ভব হল না।"},{"$i":"switchSIMDataReceiveAlertBody","$v":["MMS পেতে, আপনাকে SIM ম্যানেজার সেটিংসয়ে গিয়ে ডেটার SIM কার্ড SIM",{"t":"idOrVar","v":"nonActiveSimId"}," এ পাল্টাতে হবে।"]},{"$i":"switchSIMDataReceiveAlertDesc","$v":"সেটিংস আপডেট করতে অনুগ্রহ করে সেটিংস অ্যাপে যান।"},{"$i":"group-message","$v":"গ্রুপ বার্তা"},{"$i":"individual-message","$v":"ব্যক্তিগত বার্তা"},{"$i":"group-message-alert-title","$v":"গ্রুপ বার্তা"},{"$i":"group-message-alert-body","$v":"একটি গ্রুপ বার্তা তৈরি করবেন? (MMS এবং SMS হয়ে গ্রুপ বার্তা পাঠানো হবে, পরিষেবা প্ল্যান অনুসারে বার্তা বেতার প্রোডাইভারের পক্ষ থেকে আলাদা করে চার্জ করা হবে।)"},{"$i":"group-message-individual","$v":"ব্যক্তি হিসাবে রাখুন"},{"$i":"group-message-setting","$v":"গ্রুপ তৈরি করুন"},{"$i":"new-message-individual","$v":"নতুন বার্তা (ব্যক্তিগত)"},{"$i":"new-message-group","$v":"নতুন বার্তা (গ্রুপ)"},{"$i":"no-phone-number","$v":"অ্যাসাইন করা হয়নি"},{"$i":"device-phone-number","$v":"আমার ফোন নম্বর"},{"$i":"group-message-phone","$v":"গ্রুপ বার্তাগুলি"},{"$i":"my-phone-number","$v":"আমার ফোন নম্বর"},{"$i":"delivery-notification","$v":"বার্তা পাঠানো হয়েছে"},{"$i":"wait","$v":"অপেক্ষারত"},{"$i":"isTextTooLongAlert","$v":"মেসেজের সর্বোচ্চ দৈর্ঘ্য অতিক্রম করেছে।"},{"$i":"video-call","$v":"ভিডিও কল"},{"$i":"normal-call","$v":"কল"},{"$i":"attachment","$v":"সংযুক্তি"},{"$i":"limit-MMS-recipients","$v":"প্রতিটি MMS কেবল 20 জনকে পাঠানো যাবে।"},{"$i":"block-contact","$v":"পরিচিতি ব্লক করুন"},{"$i":"blocked","$v":"ব্লক করুন"},{"$i":"unblocked","$v":"অবরোধ মুক্ত করুন"},{"$i":"rtt-call","$v":"RTT কল"},{"$i":"remove-all-attachments","$v":"সমস্ত সংযুক্তি সরান"},{"$i":"block-confirmation","$v":"ব্লক করা তালিকায় থাকা লোকজনদের থেকে আপনি কল, মেসেজ পাবেন না।"},{"$i":"space-low-not-save","$v":"সঞ্চয়স্থান পূর্ণ, খসড়া সংরক্ষণ করা যাচ্ছে না।"},{"$i":"sms-encoding-mode","$v":"Sms এনকোডিং"},{"$i":"sms-reduced-format","$v":"সংকুচিত ফরম্যাট"},{"$i":"sms-full-format","$v":"সম্পূর্ণ ফরম্যাট"},{"$i":"smscNormal","$v":"পরিষেবা কেন্দ্র"},{"$i":"smscSIM1","$v":"পরিষেবা কেন্দ্র SIM1"},{"$i":"smscSIM2","$v":"পরিষেবা কেন্দ্র SIM2"},{"$i":"withoutDataTitle","$v":"ব্যর্থতা"},{"$i":"withoutDataBody","$v":"MMS পাঠাতে বা ডাউনলোড করতে সেটিংসে ডেটা সংযোগ সক্রিয় করুন"},{"$i":"withoutDataBtnOk","$v":"ঠিক আছে"},{"$i":"withoutDataBtnSettings","$v":"সেটিং"},{"$i":"weekday-0-long","$v":"রবিবার"},{"$i":"weekday-1-long","$v":"সোমবার"},{"$i":"weekday-2-long","$v":"মঙ্গলবার"},{"$i":"weekday-3-long","$v":"বুধবার"},{"$i":"weekday-4-long","$v":"বৃহস্পতিবার"},{"$i":"weekday-5-long","$v":"শুক্রবার"},{"$i":"weekday-6-long","$v":"শনিবার"},{"$i":"weekday-0-short","$v":"রবি"},{"$i":"weekday-1-short","$v":"সোম"},{"$i":"weekday-2-short","$v":"মঙ্গল"},{"$i":"weekday-3-short","$v":"বুধ"},{"$i":"weekday-4-short","$v":"বৃহ"},{"$i":"weekday-5-short","$v":"শুক্র"},{"$i":"weekday-6-short","$v":"শনি"},{"$i":"month-0-long","$v":"জানুয়ারী"},{"$i":"month-1-long","$v":"ফেব্রুয়ারী"},{"$i":"month-2-long","$v":"মার্চ"},{"$i":"month-3-long","$v":"এপ্রিল"},{"$i":"month-4-long","$v":"মে"},{"$i":"month-5-long","$v":"জুন"},{"$i":"month-6-long","$v":"জুলাই"},{"$i":"month-7-long","$v":"আগস্ট"},{"$i":"month-8-long","$v":"সেপ্টেম্বর"},{"$i":"month-9-long","$v":"অক্টোবর"},{"$i":"month-10-long","$v":"নভেম্বর"},{"$i":"month-11-long","$v":"ডিসেম্বর"},{"$i":"month-0-genitive","$v":"জানুয়ারী"},{"$i":"month-1-genitive","$v":"ফেব্রুয়ারী"},{"$i":"month-2-genitive","$v":"মার্চ"},{"$i":"month-3-genitive","$v":"এপ্রিল"},{"$i":"month-4-genitive","$v":"মে"},{"$i":"month-5-genitive","$v":"জুন"},{"$i":"month-6-genitive","$v":"জুলাই"},{"$i":"month-7-genitive","$v":"আগস্ট"},{"$i":"month-8-genitive","$v":"সেপ্টেম্বর"},{"$i":"month-9-genitive","$v":"অক্টোবর"},{"$i":"month-10-genitive","$v":"নভেম্বর"},{"$i":"month-11-genitive","$v":"ডিসেম্বর"},{"$i":"month-0-short","$v":"জানু"},{"$i":"month-1-short","$v":"ফেব্রু"},{"$i":"month-2-short","$v":"মার্চ"},{"$i":"month-3-short","$v":"এপ্রি"},{"$i":"month-4-short","$v":"মে"},{"$i":"month-5-short","$v":"জুন"},{"$i":"month-6-short","$v":"জুলা"},{"$i":"month-7-short","$v":"আগ"},{"$i":"month-8-short","$v":"সেপ্টে"},{"$i":"month-9-short","$v":"অক্টো"},{"$i":"month-10-short","$v":"নভে"},{"$i":"month-11-short","$v":"ডিসে"},{"$i":"minutes-ago-long","$v":{"few":[{"t":"idOrVar","v":"value"}," মিনিট আগে"],"many":[{"t":"idOrVar","v":"value"}," মিনিট আগে"],"one":"এক মিনিট আগে","other":[{"t":"idOrVar","v":"value"}," মিনিট আগে"],"two":[{"t":"idOrVar","v":"value"}," মিনিট আগে"],"zero":"এখনই"},"$x":[{"t":"idOrVar","v":"plural"},"value"]},{"$i":"hours-ago-long","$v":{"few":[{"t":"idOrVar","v":"value"}," ঘন্টা আগে"],"many":[{"t":"idOrVar","v":"value"}," ঘন্টা আগে"],"one":"এক ঘন্টা আগে","other":[{"t":"idOrVar","v":"value"}," ঘন্টা আগে"],"two":[{"t":"idOrVar","v":"value"}," ঘন্টা আগে"],"zero":"এখনই"},"$x":[{"t":"idOrVar","v":"plural"},"value"]},{"$i":"days-ago-long","$v":{"few":[{"t":"idOrVar","v":"value"}," দিন আগে"],"many":[{"t":"idOrVar","v":"value"}," দিন আগে"],"one":"গতকাল","other":[{"t":"idOrVar","v":"value"}," দিন আগে"],"two":[{"t":"idOrVar","v":"value"}," দিন আগে"],"zero":"আজ"},"$x":[{"t":"idOrVar","v":"plural"},"value"]},{"$i":"weeks-ago-long","$v":{"few":[{"t":"idOrVar","v":"value"}," সপ্তাহ আগে"],"many":[{"t":"idOrVar","v":"value"}," সপ্তাহ আগে"],"one":"গত সপ্তাহ","other":[{"t":"idOrVar","v":"value"}," সপ্তাহ আগে"],"two":[{"t":"idOrVar","v":"value"}," সপ্তাহ আগে"],"zero":"এই সপ্তাহ"},"$x":[{"t":"idOrVar","v":"plural"},"value"]},{"$i":"months-ago-long","$v":{"few":[{"t":"idOrVar","v":"value"}," মাস আগে"],"many":[{"t":"idOrVar","v":"value"}," মাস আগে"],"one":"গত মাস","other":[{"t":"idOrVar","v":"value"}," মাস আগে"],"two":[{"t":"idOrVar","v":"value"}," মাস আগে"],"zero":"এই মাস"},"$x":[{"t":"idOrVar","v":"plural"},"value"]},{"$i":"years-ago-long","$v":{"few":[{"t":"idOrVar","v":"value"}," বছর আগে"],"many":[{"t":"idOrVar","v":"value"}," বছর আগে"],"one":"গত বছর","other":[{"t":"idOrVar","v":"value"}," বছর আগে"],"two":[{"t":"idOrVar","v":"value"}," বছর আগে"],"zero":"এই বছর"},"$x":[{"t":"idOrVar","v":"plural"},"value"]},{"$i":"minutes-until-long","$v":{"few":["মিনিটে ",{"t":"idOrVar","v":"value"}],"many":["মিনিটে ",{"t":"idOrVar","v":"value"}],"one":"এক মিনিটে","other":["মিনিটে ",{"t":"idOrVar","v":"value"}],"two":["মিনিটে ",{"t":"idOrVar","v":"value"}],"zero":"এখনই"},"$x":[{"t":"idOrVar","v":"plural"},"value"]},{"$i":"hours-until-long","$v":{"few":["ঘন্টায় ",{"t":"idOrVar","v":"value"}],"many":["ঘন্টায় ",{"t":"idOrVar","v":"value"}],"one":"এক ঘন্টায়","other":["ঘন্টায় ",{"t":"idOrVar","v":"value"}],"two":["ঘন্টায় ",{"t":"idOrVar","v":"value"}],"zero":"এখনই"},"$x":[{"t":"idOrVar","v":"plural"},"value"]},{"$i":"days-until-long","$v":{"few":["দিনে ",{"t":"idOrVar","v":"value"}],"many":["দিনে ",{"t":"idOrVar","v":"value"}],"one":"আগামীকাল","other":["দিনে ",{"t":"idOrVar","v":"value"}],"two":["দিনে ",{"t":"idOrVar","v":"value"}],"zero":"আজ"},"$x":[{"t":"idOrVar","v":"plural"},"value"]},{"$i":"weeks-until-long","$v":{"few":["সপ্তাহে ",{"t":"idOrVar","v":"value"}],"many":["সপ্তাহে ",{"t":"idOrVar","v":"value"}],"one":"পরের সপ্তাহ","other":["সপ্তাহে ",{"t":"idOrVar","v":"value"}],"two":["সপ্তাহে ",{"t":"idOrVar","v":"value"}],"zero":"এই সপ্তাহ"},"$x":[{"t":"idOrVar","v":"plural"},"value"]},{"$i":"months-until-long","$v":{"few":["মাসে ",{"t":"idOrVar","v":"value"}],"many":["মাসে ",{"t":"idOrVar","v":"value"}],"one":"পরের মাস","other":["মাসে ",{"t":"idOrVar","v":"value"}],"two":["মাসে ",{"t":"idOrVar","v":"value"}],"zero":"এই মাস"},"$x":[{"t":"idOrVar","v":"plural"},"value"]},{"$i":"years-until-long","$v":{"few":["বছরে ",{"t":"idOrVar","v":"value"}],"many":["বছরে ",{"t":"idOrVar","v":"value"}],"one":"পরের বছর","other":["বছরে ",{"t":"idOrVar","v":"value"}],"two":["বছরে ",{"t":"idOrVar","v":"value"}],"zero":"এই বছর"},"$x":[{"t":"idOrVar","v":"plural"},"value"]},{"$i":"minutes-ago-short","$v":{"other":[{"t":"idOrVar","v":"value"},"মিঃ আগে"],"zero":"এখনই"},"$x":[{"t":"idOrVar","v":"plural"},"value"]},{"$i":"hours-ago-short","$v":{"other":[{"t":"idOrVar","v":"value"},"ঘঃ আগে"],"zero":"এখনই"},"$x":[{"t":"idOrVar","v":"plural"},"value"]},{"$i":"days-ago-short","$v":{"other":[{"t":"idOrVar","v":"value"},"দিন আগে"],"zero":"আজ"},"$x":[{"t":"idOrVar","v":"plural"},"value"]},{"$i":"minutes-until-short","$v":{"other":["m ",{"t":"idOrVar","v":"value"}],"zero":"এখনই"},"$x":[{"t":"idOrVar","v":"plural"},"value"]},{"$i":"hours-until-short","$v":{"other":["h ",{"t":"idOrVar","v":"value"}],"zero":"এখনই"},"$x":[{"t":"idOrVar","v":"plural"},"value"]},{"$i":"days-until-short","$v":{"other":["d ",{"t":"idOrVar","v":"value"}],"zero":"আজ"},"$x":[{"t":"idOrVar","v":"plural"},"value"]},{"$i":"dateTimeFormat_%c","$v":"%a %b %e %Y %I:%M:%S %p"},{"$i":"dateTimeFormat_%x","$v":"%m/%d/%Y"},{"$i":"dateTimeFormat_%X","$v":"%I:%M:%S %p"},{"$i":"shortTimeFormat","$v":"%I:%M %p"},{"$i":"shortTimeFormat12","$v":"%I:%M %p"},{"$i":"shortTimeFormat24","$v":"%H:%M"},{"$i":"shortDateTimeFormat","$v":"%x %I:%M %p"},{"$i":"weekStartsOnMonday","$v":"0.0"},{"$i":"firstDayOfTheWeek","$v":"0.0"},{"$i":"time_am","$v":"AM"},{"$i":"time_pm","$v":"PM"},{"$i":"softkey-options","$v":"বিকল্প"},{"$i":"emergencyNumber","$v":"জরুরি নম্বর"},{"$i":"callAirplaneModeMessage","$v":"কল করতে আপনাকে সেটিংসে বিমোন মোড অক্ষম করতে হবে।"},{"$i":"callAirplaneModeBtnOk","$v":"ঠিক আছে"},{"$i":"callAirplaneModeTitle","$v":"বিমান মোড সক্রিয় করা হয়েছে"},{"$i":"numberIsBusyTitle","$v":"নম্বর ব্যস্ত"},{"$i":"numberIsBusyMessage","$v":"নম্বরটি বর্তমানে ব্যস্ত। অনুগ্রহ করে পরে চেষ্টা করুন।"},{"$i":"fdnIsActiveTitle","$v":"FDN সক্রিয়"},{"$i":"fdnIsActiveMessage","$v":["FDN (ফিক্সড ডায়ালিং নম্বর) সক্রিয় করা হয়েছে এবং নিচের নম্বরটি আপনার FDN তালিকায় নেই: ",{"t":"idOrVar","v":"number"}]},{"$i":"emergencyDialogBodyBadNumber","$v":"ফোন করতে ফোন অবশ্যই নেটওয়ার্কের সঙ্গে ফোন সংযুক্ত থাকতে হবে।"},{"$i":"emergencyDialogBodyDeviceNotAccepted","$v":"জরুরি কলগুলি নেটওয়ার্ক দ্বারা অনুমোদিত নয়।"},{"$i":"emergencyDialogBtnOk","$v":"ঠিক আছে"},{"$i":"emergencyDialogTitle","$v":"কোনো নেটওয়ার্ক সংযোগ নেই"},{"$i":"invalidNumberToDialTitle","$v":"অবৈধ ফোন নম্বর"},{"$i":"invalidNumberToDialMessage","$v":"আপনি যে ফোন নম্বরে কল করছেন সেটি বৈধ নয়।"},{"$i":"unableToCallTitle","$v":"এখনই ফোন করা যাবে না"},{"$i":"unableToCallMessage","$v":"এখনই ফোন করা যাবে না"},{"$i":"otherConnectionInUseTitle","$v":"অন্য সংযোগ ব্যবহার হচ্ছে"},{"$i":"otherConnectionInUseMessage","$v":"অন্য সংযোগে আপনার একটি সক্রিয় কল রয়েছে। আপনি একই সময়ে কেবল একটি সংযোগ ব্যবহার করতে পারেন।"},{"$i":"connectingEllipsis","$v":"সংযোগ করা হচ্ছে..."}]