[{"$i":"messages","$v":"বার্তাগুলি"},{"$i":"deleteMessages-title","$v":"নির্বাচন করুন"},{"$i":"selectThreads-title","$v":"নির্বাচন করুন"},{"$i":"edit","$v":"সম্পাদনা করুন"},{"$i":"back","$v":"ফিরে যান"},{"$i":"cancel","$v":"বাতিল করুন"},{"$i":"delete","$v":"মুছুন"},{"$i":"deleting-messages","$v":"মুছে ফেলছে..."},{"$i":"deselect","$v":"অনির্বাচন করুন"},{"$i":"selected-threads","$v":{"few":[{"t":"idOrVar","v":"n"},"টি নির্বাচিত"],"many":[{"t":"idOrVar","v":"n"},"টি নির্বাচিত"],"one":[{"t":"idOrVar","v":"n"},"টি নির্বাচিত"],"other":[{"t":"idOrVar","v":"n"},"টি নির্বাচিত"],"two":[{"t":"idOrVar","v":"n"},"টি নির্বাচিত"],"zero":"0 নির্বাচিত"},"$x":[{"t":"idOrVar","v":"plural"},"n"]},{"$i":"selected-messages","$v":{"few":[{"t":"idOrVar","v":"n"},"টি নির্বাচিত"],"many":[{"t":"idOrVar","v":"n"},"টি নির্বাচিত"],"one":[{"t":"idOrVar","v":"n"},"টি নির্বাচিত"],"other":[{"t":"idOrVar","v":"n"},"টি নির্বাচিত"],"two":[{"t":"idOrVar","v":"n"},"টি নির্বাচিত"],"zero":"0 নির্বাচিত"},"$x":[{"t":"idOrVar","v":"plural"},"n"]},{"$i":"selectThreads-label","$v":"থ্রেডগুলি নির্বাচন করুন"},{"$i":"selectMessages-label","$v":"বার্তাগুলি নির্বাচন করুন"},{"$i":"new-message","$v":"নতুন"},{"$i":"delete-thread","$v":"থ্রেড মুছুন"},{"$i":"create-new-contact","$v":"নতুন পরিচিতি তৈরি করুন"},{"$i":"add-to-contact","$v":"একটি বিদ্যমান পরিচিতিতে যোগ করুন"},{"$i":"select-thread","$v":"থ্রেড নির্বাচন করুন"},{"$i":"settings","$v":"সেটিংস"},{"$i":"select-all","$v":"সমস্ত"},{"$i":"deselect-all","$v":"কোনো কিছুই নয়"},{"$i":"select","$v":"নির্বাচন করুন"},{"$i":"sk-save-as-draft","$v":"ড্রাফ্ট হিসেবে সেভ করুন"},{"$i":"next","$v":"পরবর্তী"},{"$i":"send","$v":"পাঠান"},{"$i":"add-contact","$v":"যোগ করুন"},{"$i":"add-suggestion","$v":"নির্বাচন করুন"},{"$i":"add-subject","$v":"বিষয় যোগ করুন"},{"$i":"remove-subject","$v":"বিষয় সরান"},{"$i":"add-attachment","$v":"অ্যাটাচ্মেন্ট যোগ করুন"},{"$i":"remove-attachment","$v":"সংযুক্তি সরান"},{"$i":"replace-attachment","$v":"সংযুক্তি বদল করুন"},{"$i":"select-messages","$v":"বার্তাগুলি নির্বাচন করুন"},{"$i":"call","$v":"কল"},{"$i":"forward","$v":"ফরওয়ার্ড করুন"},{"$i":"view-message-report","$v":"বার্তার বিবরণ দেখুন"},{"$i":"cancel-view-report","$v":"বাতিল করুন"},{"$i":"ok","$v":"ঠিক আছে"},{"$i":"enter","$v":"লিখুন"},{"$i":"open","$v":"খুলুন"},{"$i":"to","$v":"প্রতি"},{"$i":"new","$v":"নতুন"},{"$i":"message","$v":"বার্তা"},{"$i":"messagesInput_placeholder","$v":"বার্তা"},{"$i":"messagesSubjectInput_placeholder","$v":"বিষয়"},{"$i":"subjectComposerInput_placeholder","$v":"বিষয়"},{"$i":"converted-to-mms","$v":"মাল্টিমিডিয়া বার্তায় রূপান্তরিত করা হচ্ছে।"},{"$i":"converted-to-sms","$v":"টেক্সট বার্তায় রূপান্তরিত করা হচ্ছে।"},{"$i":"messages-max-length-text","$v":"আপনি দৈর্ঘ্যের সর্বোচ্চ সীমায় পৌঁছেছেন।"},{"$i":"messages-max-subject-length-text","$v":"বিষয়ের সর্বোচ্চ দৈর্ঘ্যে পৌঁছেছেন।"},{"$i":"multimedia-message-exceeded-max-length","$v":["এই বার্তাটি একটি একক মাল্টিমিডিয়া বার্তার ",{"t":"idOrVar","v":"mmsSize"}," MB আকার সীমা অতিক্রম করেছে।"]},{"$i":"newMessage","$v":"নতুন বার্তা"},{"$i":"sendMessage","$v":"বার্তা পাঠান"},{"$i":"sendMMSToEmail","$v":"মাল্টিমিডিয়া বার্তা পাঠান"},{"$i":"no-recipient","$v":"(কোনো প্রাপক নেই)"},{"$i":"recipient","$v":{"few":[{"t":"idOrVar","v":"n"}," জন প্রাপক"],"many":[{"t":"idOrVar","v":"n"}," জন প্রাপক"],"one":[{"t":"idOrVar","v":"n"}," জন প্রাপক"],"other":[{"t":"idOrVar","v":"n"}," জন প্রাপক"],"two":[{"t":"idOrVar","v":"n"}," জন প্রাপক"]},"$x":[{"t":"idOrVar","v":"plural"},"n"]},{"$i":"attachmentSizeB","$v":[{"t":"idOrVar","v":"n"}," B"]},{"$i":"attachmentSizeKB","$v":[{"t":"idOrVar","v":"n"}," KB"]},{"$i":"attachmentSizeMB","$v":[{"t":"idOrVar","v":"n"}," MB"]},{"$i":"attachmentOpenError","$v":"এই ধরনের ফাইল খোলার জন্য কোনো অ্যাপ উপলব্ধ নয়।"},{"$i":"remove","$v":"সরান"},{"$i":"participant","$v":{"few":[{"t":"idOrVar","v":"n"}," জন অংশগ্রহণকারী"],"many":[{"t":"idOrVar","v":"n"}," জন অংশগ্রহণকারী"],"one":[{"t":"idOrVar","v":"n"}," জন অংশগ্রহণকারী"],"other":[{"t":"idOrVar","v":"n"}," জন অংশগ্রহণকারী"],"two":[{"t":"idOrVar","v":"n"}," জন অংশগ্রহণকারী"]},"$x":[{"t":"idOrVar","v":"plural"},"n"]},{"$i":"message-report","$v":"বার্তার রিপোর্ট"},{"$i":"message-type-sms","$v":"টেক্সট বার্তা (SMS)"},{"$i":"message-type-mms","$v":"মাল্টিমিডিয়া বার্তা (MMS)"},{"$i":"sms-report-description","$v":["আপনার টেক্সট বার্তা (SMS), ",{"t":"idOrVar","v":"datetime"}," তে পাঠানো হয়েছে"]},{"$i":"mms-report-description","$v":["আপনার মাল্টিমিডিয়া বার্তা (MMS), বিষয় ",{"t":"idOrVar","v":"subject"},", ",{"t":"idOrVar","v":"datetime"}," তারিখে পাঠানো হয়েছে"]},{"$i":"mms-no-subject-report-description","$v":["আপনার মাল্টিমিডিয়া বার্তা (MMS), ",{"t":"idOrVar","v":"datetime"}," তারিখে পাঠানো হয়েছে"]},{"$i":"message-subject","$v":"বিষয়:"},{"$i":"report-status-error","$v":"এই বার্তাটি পাঠানো যায়নি"},{"$i":"report-status-not-downloaded","$v":"ডাউনলোড করা হয়নি"},{"$i":"report-status-delivered","$v":"ডেলিভারী করা হয়েছে :"},{"$i":"report-status-read","$v":"পড়েছেন :"},{"$i":"report-status-pending","$v":"রিপোর্ট অনুরোধ করা হয়েছে"},{"$i":"report-status-rejected","$v":"বার্তা প্রত্যাখান করা হয়েছে"},{"$i":"message-size-was","$v":"বার্তার আকার:"},{"$i":"report-to-title","$v":"প্রতি"},{"$i":"report-from-title","$v":"থেকে"},{"$i":"message-sent","$v":"পাঠানো হয়েছে:"},{"$i":"message-sending","$v":[{"t":"idOrVar","v":"message-delivery-status-sending"}]},{"$i":"message-received","$v":"প্রাপ্ত করা হয়েছে:"},{"$i":"message-via","$v":"মাধ্যমে :"},{"$i":"message-resend","$v":"আবার পাঠান"},{"$i":"search","$v":"অনুসন্ধান করুন"},{"$i":"unknown-contact-title","$v":"অজানা পরিচিতি"},{"$i":"phone-type-separator","$v":", "},{"$i":"phone-carrier-separator","$v":" "},{"$i":"thread-participant-separator","$v":", "},{"$i":"replace-draft","$v":"বিদ্যমান ড্রাফ্ট বদল করুন"},{"$i":"save-as-draft","$v":"সেভ করুন"},{"$i":"discard-message","$v":"খারিজ করুন"},{"$i":"discard-sms","$v":"আপনি কি এই বার্তাটিকে বাতিল করতে চান?"},{"$i":"discard-new-message","$v":"আপনি যে বার্তাটি লিখছেন সেটি বাতিল করবেন এবং নতুন বার্তা খুলবেন?"},{"$i":"resend-confirmation","$v":"বার্তাটি পাঠানো যাবে না। আবার চেষ্টা করবেন?"},{"$i":"resend-message","$v":"এই বার্তাটি আবার পাঠান"},{"$i":"deleteMessage-confirmation","$v":"নির্বাচিত বার্তাগুলি মুছুন"},{"$i":"deleteMessages-confirmation","$v":"নির্বাচিত বার্তাগুলি মুছবেন?"},{"$i":"deleteThreads-confirmation2","$v":{"one":"নির্বাচিত বার্তার থ্রেডগুলি মুছুন","other":"নির্বাচিত বার্তার থ্রেডগুলি মুছবেন?"},"$x":[{"t":"idOrVar","v":"plural"},"n"]},{"$i":"new-message-notice-text","$v":"থেকে নতুন বার্তা"},{"$i":"new-message-notice-a-text","$v":"এটি পড়ুন"},{"$i":"noMessages-title","$v":"কোনো বার্তা নেই"},{"$i":"noMessages-text","$v":"যোগাযোগ শুরু করার জন্য নতুন চাপুন।"},{"$i":"sendDefaultErrorTitle","$v":"পাঠানো ব্যর্থ হয়েছে"},{"$i":"sendDefaultErrorBody","$v":"বার্তা পাঠাতে কোনো সমস্যা হয়েছে। পরে চেষ্টা করুন।"},{"$i":"sendDefaultErrorBtnOk","$v":"ঠিক আছে"},{"$i":"sendMissingSimCardTitle","$v":"পাঠানো ব্যর্থ হয়েছে"},{"$i":"sendMissingSimCardBody","$v":"চালিয়ে যেতে একটি বৈধ সিম কার্ড ঢোকান।"},{"$i":"sendMissingSimCardBtnOk","$v":"ঠিক আছে"},{"$i":"sendFlightModeTitle","$v":"পাঠানো ব্যর্থ হয়েছে"},{"$i":"sendFlightModeBody","$v":"বার্তা পাঠাতে এয়ারপ্লেন মোড অফ করুন।"},{"$i":"sendFlightModeBtnOk","$v":"ঠিক আছে"},{"$i":"radioDisabledToDownloadTitle","$v":"ডাউনলোড ব্যর্থতা"},{"$i":"radioDisabledToDownloadBody","$v":"সংযুক্তি ডাউনলোড করতে এয়ারপ্লেন মোড অফ করুন।"},{"$i":"radioDisabledToDownloadBtnOk","$v":[{"t":"idOrVar","v":"sendFlightModeBtnOk"}]},{"$i":"downloadDefaultErrorTitle","$v":"ডাউনলোড ব্যর্থ হয়েছে।"},{"$i":"downloadDefaultErrorBody","$v":"There was a problem downloading the message. Please try again."},{"$i":"downloadDefaultErrorBtnOk","$v":[{"t":"idOrVar","v":"sendDefaultErrorBtnOk"}]},{"$i":"fdnErrorTitle","$v":"পাঠানো ব্যর্থ হয়েছে"},{"$i":"needConnectWifiBody","$v":"সেলুলার নেটওয়ার্ক উপলব্ধ নয় । বার্তা পাঠানোর জন্য কোনো উপলব্ধ WiFi নেটওয়ার্কে সংযোগ করুন।"},{"$i":"needConnectWifiTitle","$v":"বার্তা পাঠানো হয়নি"},{"$i":"mmsChanelUsedBody","$v":"নন-ডি.ডি.এস সাব এর দ্বারা এম.এম.এস পাঠানো হচ্ছে, পাঠানোর প্রক্রিয়া সম্পূর্ণ হওয়ার জন্য অনুগ্রহ করে অপেক্ষা করুন।"},{"$i":"mmsChanelUsedTitle","$v":"এম.এম.এস চ্যানেল ব্যবহৃত"},{"$i":"sms-counter-notice-label","$v":["SMS ",{"t":"idOrVar","v":"number"}," সম্পাদনা করছে"]},{"$i":"fdnErrorBody","$v":{"few":"এফ.ডি.এন (ফিক্সড ডায়ালিং নাম্বার) সক্রিয় আছে I এস.এম.এস সেন্টারটি এবং নিম্নলিখিত প্রাপকেরা আপনার এফ.ডি.এন তালিকাতে আছে তা নিশ্চিত করুন I","many":"এফ.ডি.এন (ফিক্সড ডায়ালিং নাম্বার) সক্রিয় আছে I এস.এম.এস সেন্টারটি এবং নিম্নলিখিত প্রাপকেরা আপনার এফ.ডি.এন তালিকাতে আছে তা নিশ্চিত করুন I","one":"এফ.ডি.এন (ফিক্সড ডায়ালিং নাম্বার) সক্রিয় আছে I এস.এম.এস সেন্টারটি এবং নিম্নলিখিত প্রাপকেরা আপনার এফ.ডি.এন তালিকাতে আছে তা নিশ্চিত করুন I","other":"এফ.ডি.এন (ফিক্সড ডায়ালিং নাম্বার) সক্রিয় আছে I এস.এম.এস সেন্টারটি এবং নিম্নলিখিত প্রাপকেরা আপনার এফ.ডি.এন তালিকাতে আছে তা নিশ্চিত করুন I","two":"এফ.ডি.এন (ফিক্সড ডায়ালিং নাম্বার) সক্রিয় আছে I এস.এম.এস সেন্টারটি এবং নিম্নলিখিত প্রাপকেরা আপনার এফ.ডি.এন তালিকাতে আছে তা নিশ্চিত করুন I"},"$x":[{"t":"idOrVar","v":"plural"},"n"]},{"$i":"fdnErrorBtnOk","$v":"ঠিক আছে"},{"$i":"sendNoSignalErrorTitle","$v":"পাঠানো ব্যর্থ হয়েছে"},{"$i":"sendNoSignalErrorBody","$v":"নিশ্চিত করুন যে আপনার মোবাইল সিগন্যাল আছে এবং আবার চেষ্টা করুন।"},{"$i":"sendNoSignalErrorBtnOk","$v":"ঠিক আছে"},{"$i":"sendNotFoundErrorTitle","$v":"পাঠানো ব্যর্থ হয়েছে"},{"$i":"sendNotFoundErrorBody","$v":"আপনি যে বার্তাটি খুঁজছেন সেটি আর উপলব্ধ নয়।"},{"$i":"sendNotFoundErrorBtnOk","$v":"ঠিক আছে"},{"$i":"sendInvalidAddressErrorTitle","$v":"পাঠানো ব্যর্থ হয়েছে"},{"$i":"sendInvalidAddressErrorBody","$v":"নিশ্চিত করুন যে আপনি যে মোবাইল নম্বরটি পাঠাচ্ছেন সেটি বৈধ।"},{"$i":"sendInvalidAddressErrorBtnOk","$v":"ঠিক আছে"},{"$i":"simNotMatchedErrorTitle","$v":"ডাউনলোড করতে অক্ষম"},{"$i":"simNotMatchedErrorBody","$v":"অনুগ্রহ করে নিশ্চিত করুন যে সিম কার্ডটি আপনি ঢুকিয়েছেন সেটি এই একই সিম কার্ড যেটি আপনি এই বার্তাটি পেতে ব্যবহার করেছেন।"},{"$i":"simNotMatchedErrorBtnOk","$v":"ঠিক আছে"},{"$i":"netWorkErrorTitle","$v":"নেটওয়ার্ক ব্যর্থতা"},{"$i":"netWorkErrorBody","$v":"নেটওয়ার্কের কিছু সমস্যা আছে, অনুগ্রহ করে প্রথমে এটি চেক করুন।"},{"$i":"netWorkErrorBtnOk","$v":"ঠিক আছে"},{"$i":"deleted-sms","$v":"এই বার্তাটি ইতিমধ্যেই মুছে দেয়া হয়েছে।"},{"$i":"view-attachment-image","$v":"দেখুন"},{"$i":"view-attachment-audio","$v":"শুনুন"},{"$i":"view-attachment-video","$v":"দেখুন"},{"$i":"view-attachment-other","$v":"দেখুন"},{"$i":"remove-attachment-image","$v":"ছবি সরান"},{"$i":"remove-attachment-audio","$v":"অডিও সরান"},{"$i":"remove-attachment-video","$v":"ভিডিও সরান"},{"$i":"remove-attachment-other","$v":"সংযুক্তি সরান"},{"$i":"replace-attachment-image","$v":"ছবি বদল করুন"},{"$i":"replace-attachment-audio","$v":"অডিও বদল করুন"},{"$i":"replace-attachment-video","$v":"ভিডিও বদল করুন"},{"$i":"replace-attachment-other","$v":"সংযুক্তি বদল করুন"},{"$i":"unsent-message-title","$v":"পাঠানো হয়নি এমন বার্তা"},{"$i":"unsent-message-description","$v":"আপনার আগের বার্তা পাঠানো হয়নি। আপনি কি না পাঠানো বার্তা সম্পাদনা করতে চান না এটিকে পরিত্যাগ করে এগিয়ে যাবেন?"},{"$i":"unsent-message-option-edit","$v":"সম্পাদনা করুন"},{"$i":"unsent-message-option-discard","$v":"খারিজ করুন"},{"$i":"message-options","$v":"বার্তা বিকল্পগুলি"},{"$i":"select-text","$v":"টেক্সট নির্বাচন করুন"},{"$i":"mobile","$v":"মোবাইল"},{"$i":"home","$v":"হোম"},{"$i":"work","$v":"ওয়ার্ক"},{"$i":"personal","$v":"ব্যক্তিগত"},{"$i":"faxHome","$v":"Fax হোম"},{"$i":"faxOffice","$v":"Fax অফিস"},{"$i":"faxOther","$v":"Fax অন্যান্য"},{"$i":"another","$v":"অন্য"},{"$i":"other","$v":"অন্যান্য"},{"$i":"today","$v":"আজ"},{"$i":"yesterday","$v":"গতকাল"},{"$i":"incorrectDate","$v":"(ভুল তারিখ)"},{"$i":"addToExistingContact","$v":"একটি বিদ্যমান পরিচিতিতে যোগ করুন"},{"$i":"createNewContact","$v":"নতুন পরিচিতি তৈরি করুন"},{"$i":"viewContact","$v":"পরিচিতি দেখুন"},{"$i":"sendEmail","$v":"মেল পাঠান"},{"$i":"mms-message","$v":"MMS বার্তা"},{"$i":"notDownloaded-title","$v":"বার্তা এখনও ডাউনলোড করা হয়নি।"},{"$i":"tobedownloaded-attachment","$v":["আপনি একটি মাল্টিমিডিয়া বার্তা পেয়েছেন, ",{"t":"idOrVar","v":"date"}," এর আগে তার বিষয়বস্তু পুনরুদ্ধারের জন্য ডাউনলোড টিপুন।"]},{"$i":"expired-attachment","$v":["দুঃখিত, বার্তাটির মেয়াদ ",{"t":"idOrVar","v":"date"}," তারিখে শেষ হয়ে গেছে এবং ডাউনলোড করা যাবে না।"]},{"$i":"download-attachment","$v":"ডাউনলোড"},{"$i":"downloading-attachment","$v":"ডাউনলোড হচ্ছে..."},{"$i":"download-complete","$v":"ডাউনলোড সম্পন্ন"},{"$i":"unnamed-attachment","$v":"শিরোনামহীন"},{"$i":"mms-label","$v":"MMS"},{"$i":"group-label","$v":"গ্রুপ"},{"$i":"attached-files-too-large","$v":{"few":["এইসব বার্তা একক মাল্টিমিডিয়া বার্তার ",{"t":"idOrVar","v":"mmsSize"}," MB আকারের সীমা অতিক্রম করে গেছে।"],"many":["এইসব বার্তা একক মাল্টিমিডিয়া বার্তার ",{"t":"idOrVar","v":"mmsSize"}," MB আকারের সীমা অতিক্রম করে গেছে।"],"one":["এই বার্তাটি একটি একক মাল্টিমিডিয়া বার্তার ",{"t":"idOrVar","v":"mmsSize"}," MB আকার সীমা অতিক্রম করেছে।"],"other":["এইসব বার্তা একক মাল্টিমিডিয়া বার্তার ",{"t":"idOrVar","v":"mmsSize"}," MB আকারের সীমা অতিক্রম করে গেছে।"],"two":["এইসব বার্তা একক মাল্টিমিডিয়া বার্তার ",{"t":"idOrVar","v":"mmsSize"}," MB আকারের সীমা অতিক্রম করে গেছে।"],"zero":["এইসব বার্তা একক মাল্টিমিডিয়া বার্তার ",{"t":"idOrVar","v":"mmsSize"}," MB আকারের সীমা অতিক্রম করে গেছে।"]},"$x":[{"t":"idOrVar","v":"plural"},"n"]},{"$i":"resize-image","$v":"সংযুক্ত ছবিটি আকার বদলে যাচ্ছে"},{"$i":"no-attachment-text","$v":"সংযুক্ত ফাইলটিতে কোনো সমস্যা আছে তাই এটি ডাউনলোড করা যাবে না।"},{"$i":"message-draft-saved","$v":"বার্তা ড্রাফ্ট হিসেবে সেভ করা হয়েছে"},{"$i":"sim-id-label","$v":["সিম ",{"t":"idOrVar","v":"id"}]},{"$i":"sim-detail","$v":["সিম ",{"t":"idOrVar","v":"id"},", ",{"t":"idOrVar","v":"detailString"}]},{"$i":"dsds-notification-title-with-sim","$v":["(",{"t":"idOrVar","v":"sim"},") ",{"t":"idOrVar","v":"sender"}]},{"$i":"send-button","ariaLabel":"পাঠান"},{"$i":"send-button-sim-indication","$v":[{"t":"idOrVar","v":"n"}],"ariaLabel":["সিম ",{"t":"idOrVar","v":"n"}," ব্যবহার করে"]},{"$i":"expiry-date-format","$v":"%A, %B %e"},{"$i":"attach-button","ariaLabel":"অ্যাটাচ্মেন্ট যোগ করুন"},{"$i":"contact-photo","ariaLabel":"পরিচিতির ফটো"},{"$i":"unread-thread","ariaLabel":"আনরীড"},{"$i":"has-draft","ariaLabel":"খসড়া আছে"},{"$i":"is-draft","ariaLabel":"ড্রাফ্ট"},{"$i":"message-delivery-status-sending","$v":"পাঠানো হচ্ছে..."},{"$i":"message-delivery-status-delivered","$v":"ডেলিভারী করা হয়েছে"},{"$i":"message-delivery-status-read","ariaLabel":"পঠন"},{"$i":"message-delivery-status-error","ariaLabel":"ত্রুটি"},{"$i":"modal-dialog-ok-button","$v":"ঠিক আছে"},{"$i":"modal-dialog-cancel-button","$v":"বাতিল করুন"},{"$i":"modal-dialog-default-title","$v":"বার্তাগুলি"},{"$i":"delete-message","$v":"বার্তা মুছে ফেলা হয়েছে"},{"$i":"message-converted-to-toast","$v":["বার্তা ",{"t":"idOrVar","v":"type"},"-তে রূপান্তরিত করা হয়েছে"]},{"$i":"message-sent-toast","$v":"বার্তা পাঠানো হয়েছে"},{"$i":"deleteMessage-confirmation2","$v":"নির্বাচিত বার্তার থ্রেডগুলি মুছুন"},{"$i":"deleted-message","$v":{"few":[{"t":"idOrVar","v":"n"},"টি বার্তা মোছা হয়েছে"],"many":[{"t":"idOrVar","v":"n"},"টি বার্তা মোছা হয়েছে"],"one":[{"t":"idOrVar","v":"n"},"টি বার্তা মোছা হয়েছে"],"other":[{"t":"idOrVar","v":"n"},"টি বার্তা মোছা হয়েছে"],"two":[{"t":"idOrVar","v":"n"},"টি বার্তা মোছা হয়েছে"],"zero":"0টি বার্তা মুছে ফেলা হয়েছে"},"$x":[{"t":"idOrVar","v":"plural"},"n"]},{"$i":"deleted-threads","$v":{"few":[{"t":"idOrVar","v":"n"},"টি বার্তার থ্রেড মুছে ফেলা হয়েছে"],"many":[{"t":"idOrVar","v":"n"},"টি বার্তার থ্রেড মুছে ফেলা হয়েছে"],"one":"থ্রেড মোছা হয়েছে","other":[{"t":"idOrVar","v":"n"},"টি বার্তার থ্রেড মুছে ফেলা হয়েছে"],"two":[{"t":"idOrVar","v":"n"},"টি বার্তার থ্রেড মুছে ফেলা হয়েছে"],"zero":"0টি থ্রেড মুছে ফেলা হয়েছে"},"$x":[{"t":"idOrVar","v":"plural"},"n"]},{"$i":"wapPushMessages","$v":"WAP পুশ বার্তাগুলি"},{"$i":"auto-retrieve-messages","$v":"বার্তা কে স্বতঃ পুনরুদ্ধার করুন"},{"$i":"auto-retrieve-messages-title","$v":"বার্তা কে স্বতঃ পুনরুদ্ধার করুন"},{"$i":"auto-roaming-retrieve","$v":"রোমিং এ থাকাকালীন অন"},{"$i":"auto-no-roaming-retrieve","$v":"রোমিং ছাড়া অন"},{"$i":"mmsTitle","$v":"মাল্টিমিডিয়া বার্তা প্রেরণ (MMS)"},{"$i":"message-delivery-reports","$v":"ডেলিভারী রিপোর্ট"},{"$i":"message-delivery-reports-title","$v":"ডেলিভারী রিপোর্ট"},{"$i":"messageReport-title","$v":"বার্তার বিবরণ"},{"$i":"sms-label","$v":"SMS"},{"$i":"messaging-settings","$v":"র্বার্তা সেটিংস"},{"$i":"messagingSettings-header","$v":[{"t":"idOrVar","v":"messaging-settings"}]},{"$i":"confirmation-title","$v":"নিশ্চিতকরণ"},{"$i":"draft-save-content","$v":"ড্রাফ্ট হিসেবে সেভ করবেন?"},{"$i":"draft-discard-content","$v":"বার্তা বাতিল করা হয়েছে"},{"$i":"switch-on","$v":"অন"},{"$i":"switch-off","$v":"অফ"},{"$i":"auto-retrieve-desc","$v":"স্বয়ংক্রিয়ভাবে বার্তা পুনরুদ্ধার করুন"},{"$i":"confirm-dialog-ok","$v":"ঠিক আছে"},{"$i":"yes","$v":"হ্যাঁ"},{"$i":"no","$v":"না"},{"$i":"delete-current-thread?","$v":"নির্বাচিত বার্তার থ্রেডগুলি মুছুন"},{"$i":"attention","$v":"মনোযোগ"},{"$i":"delivery-title","$v":"টেক্সট বার্তা (এস.এম.এস)"},{"$i":"send-failed","$v":"পাঠানো ব্যর্থ হয়েছে।"},{"$i":"subject-removed","$v":"বিষয় সরানো হয়েছে।"},{"$i":"data-storage-limit-alert-title","$v":"ফোন স্টোরেজ সম্পূর্ণ ভর্তি I"},{"$i":"data-storage-limit-send-body","$v":"এম.এম.এস পাঠাতে অক্ষম। বার্তা মুছুন বা স্থান খালি করতে সেটিংসে যান।"},{"$i":"data-storage-limit-download-body","$v":"এম.এম.এস ডাউনলোড করতে অক্ষম। বার্তা মুছুন বা স্থান খালি করতে সেটিংসে যান।"},{"$i":"data-storage-limit-alert-cancel","$v":"বাতিল করুন"},{"$i":"data-storage-limit-alert-setting","$v":"সেটিংস"},{"$i":"recipient-repeat","$v":"নকল পরিচিতি I"},{"$i":"email","$v":"ইমেল"},{"$i":"options","$v":"বিকল্পগুলি"},{"$i":"emergency-alert-title","$v":"ওয়্যারলেস আপতকালীন অ্য়ালার্ট"},{"$i":"emergency-alert","$v":"ওয়্যারলেস আপতকালীন অ্য়ালার্ট"},{"$i":"wappushNormal","$v":"WAP পুশ"},{"$i":"wappushSIM1","$v":"ওয়্যাপ পুশ- সিম 1"},{"$i":"wappushSIM2","$v":"ওয়্যাপ পুশ- সিম 2"},{"$i":"not-assigned","$v":"নির্ধারণ করা হয়নি"},{"$i":"switchSIMDataSendAlertTitle","$v":"এম.এম.এস পাঠাতে ব্যর্থ।"},{"$i":"switchSIMDataSendAlertBody","$v":["এম.এম.এস পাঠানোর জন্য, সিম ম্যানেজার সেটিংসে ডেটার জন্য আপনাকে সিম কার্ড সিম ",{"t":"idOrVar","v":"nonActiveSimId"}," পরিবর্তন করতে হবে।"]},{"$i":"switchSIMDataSendAlertDesc","$v":"অনুগ্রহ করে সেটিংস আপডেট করার জন্য সেটিংস অ্যাপে যান।"},{"$i":"switchSIMDataReceiveAlertTitle","$v":"এম.এম.এস পেতে ব্যর্থ।"},{"$i":"switchSIMDataReceiveAlertBody","$v":["এম.এম.এস প্রাপ্ত করার জন্য, সিম ম্যানেজার সেটিংসে ডেটার জন্য আপনাকে সিম কার্ড সিম ",{"t":"idOrVar","v":"nonActiveSimId"}," পরিবর্তন করতে হবে।"]},{"$i":"switchSIMDataReceiveAlertDesc","$v":"অনুগ্রহ করে সেটিংস আপডেট করার জন্য সেটিংস অ্যাপে যান।"},{"$i":"group-message","$v":"গ্রুপ বার্তা"},{"$i":"individual-message","$v":"ব্যক্তিগত বার্তা"},{"$i":"group-message-alert-title","$v":"গ্রুপ বার্তা"},{"$i":"group-message-alert-body","$v":"একটি গ্রুপ বার্তা তৈরি করুন? (গ্রুপ বার্তাটি এম.এম.এস এর মাধ্যমে পাঠানো হবে এবং এস.এম.এস  সার্ভিস চার্জের উপর নির্ভর করে বার্তা  ওয়্যারলেস প্রেরণকারী থেকে অতিরিক্ত চার্জ এর কারন হবে ।)"},{"$i":"group-message-individual","$v":"ব্যক্তিগত রাখুন"},{"$i":"group-message-setting","$v":"গ্রুপ তৈরি করুন"},{"$i":"new-message-individual","$v":"নতুন বার্তা(ব্যক্তিগত)"},{"$i":"new-message-group","$v":"নতুন বার্তা(গ্রুপ)"},{"$i":"no-phone-number","$v":"নির্ধারণ করা হয়নি"},{"$i":"device-phone-number","$v":"আমার ফোন নাম্বার"},{"$i":"group-message-phone","$v":"গ্রুপ বার্তাসমূহ"},{"$i":"my-phone-number","$v":"আমার ফোন নাম্বার"},{"$i":"delivery-notification","$v":"বার্তা ডেলিভারী করা হয়েছে"},{"$i":"wait","$v":"অপেক্ষা করছে"},{"$i":"isTextTooLongAlert","$v":"বার্তাটি সর্বোচ্চ দৈর্ঘ্য অতিক্রম করেছে।"},{"$i":"video-call","$v":"ভিডিও কল"},{"$i":"normal-call","$v":"কল"},{"$i":"attachment","$v":"অ্য়াটাচমেন্ট"},{"$i":"limit-MMS-recipients","$v":"একটি এম.এম.এস শুধুমাত্র 20 জন প্রাপককে পাঠাতে পারেন।"},{"$i":"block-contact","$v":"পরিচিতি ব্লক করুন"},{"$i":"blocked","$v":"ব্লক"},{"$i":"unblocked","$v":"আনব্লক"},{"$i":"rtt-call","$v":"আর.টি.টি কল"},{"$i":"remove-all-attachments","$v":"সমস্ত অ্য়াটাচমেন্ট অপসারণ করুন"},{"$i":"block-confirmation","$v":"ব্লক লিস্টের ব্যক্তিদের কাছ থেকে আপনি বার্তা, ফোন কল পাবেন না।"},{"$i":"space-low-not-save","$v":"স্টোরেজ ভর্তি, ড্রাফ্ট সেভ করতে অক্ষম।"},{"$i":"sms-encoding-mode","$v":"Sms এনকোডিং"},{"$i":"sms-reduced-format","$v":"সঙ্কুচিত ফর্ম্যাট"},{"$i":"sms-full-format","$v":"সম্পূর্ণ ফর্ম্যাট"},{"$i":"smscNormal","$v":"পরিষেবা কেন্দ্র"},{"$i":"smscSIM1","$v":"পরিষেবা কেন্দ্র সিম1"},{"$i":"smscSIM2","$v":"পরিষেবা কেন্দ্র সিম2"},{"$i":"withoutDataTitle","$v":"ব্যর্থতা"},{"$i":"withoutDataBody","$v":"এম.এম.এস পাঠাতে বা ডাউনলোড করতে অনুগ্রহ করে সেটিংসে ডেটা সংযোগ সক্ষম করুন"},{"$i":"withoutDataBtnOk","$v":"ঠিক আছে"},{"$i":"withoutDataBtnSettings","$v":"সেটিংস"},{"$i":"weekday-0-long","$v":"রবিবার"},{"$i":"weekday-1-long","$v":"সোমবার"},{"$i":"weekday-2-long","$v":"মঙ্গলবার"},{"$i":"weekday-3-long","$v":"বুধবার"},{"$i":"weekday-4-long","$v":"বৃহস্পতিবার"},{"$i":"weekday-5-long","$v":"শুক্রবার"},{"$i":"weekday-6-long","$v":"শনিবার"},{"$i":"weekday-0-short","$v":"রবি"},{"$i":"weekday-1-short","$v":"সোম"},{"$i":"weekday-2-short","$v":"মঙ্গল"},{"$i":"weekday-3-short","$v":"বুধ"},{"$i":"weekday-4-short","$v":"বৃহস্পতি"},{"$i":"weekday-5-short","$v":"শুক্র"},{"$i":"weekday-6-short","$v":"শনি"},{"$i":"month-0-long","$v":"জানুয়ারি"},{"$i":"month-1-long","$v":"ফেব্রুয়ারি"},{"$i":"month-2-long","$v":"মার্চ"},{"$i":"month-3-long","$v":"এপ্রিল"},{"$i":"month-4-long","$v":"মে"},{"$i":"month-5-long","$v":"জুন"},{"$i":"month-6-long","$v":"জুলাই"},{"$i":"month-7-long","$v":"আগস্ট"},{"$i":"month-8-long","$v":"সেপ্টেম্বর"},{"$i":"month-9-long","$v":"অক্টোবর"},{"$i":"month-10-long","$v":"নভেম্বর"},{"$i":"month-11-long","$v":"ডিসেম্বর"},{"$i":"month-0-genitive","$v":"জানুয়ারি"},{"$i":"month-1-genitive","$v":"ফেব্রুয়ারি"},{"$i":"month-2-genitive","$v":"মার্চ"},{"$i":"month-3-genitive","$v":"এপ্রিল"},{"$i":"month-4-genitive","$v":"মে"},{"$i":"month-5-genitive","$v":"জুন"},{"$i":"month-6-genitive","$v":"জুলাই"},{"$i":"month-7-genitive","$v":"আগস্ট"},{"$i":"month-8-genitive","$v":"সেপ্টেম্বর"},{"$i":"month-9-genitive","$v":"অক্টোবর"},{"$i":"month-10-genitive","$v":"নভেম্বর"},{"$i":"month-11-genitive","$v":"ডিসেম্বর"},{"$i":"month-0-short","$v":"জানুয়ারী"},{"$i":"month-1-short","$v":"ফেব্রুয়ারি"},{"$i":"month-2-short","$v":"মার্চ"},{"$i":"month-3-short","$v":"এপ্রিল"},{"$i":"month-4-short","$v":"মে"},{"$i":"month-5-short","$v":"জুন"},{"$i":"month-6-short","$v":"জুলাই"},{"$i":"month-7-short","$v":"আগস্ট"},{"$i":"month-8-short","$v":"সেপ্টেম্বর"},{"$i":"month-9-short","$v":"অক্টোবর"},{"$i":"month-10-short","$v":"নভেম্বর"},{"$i":"month-11-short","$v":"ডিসেম্বর"},{"$i":"minutes-ago-long","$v":{"few":[{"t":"idOrVar","v":"value"}," মিনিট আগে"],"many":[{"t":"idOrVar","v":"value"}," মিনিট আগে"],"one":"এক মিনিট আগে","other":[{"t":"idOrVar","v":"value"}," মিনিট আগে"],"two":[{"t":"idOrVar","v":"value"}," মিনিট আগে"],"zero":"এখনই"},"$x":[{"t":"idOrVar","v":"plural"},"value"]},{"$i":"hours-ago-long","$v":{"few":[{"t":"idOrVar","v":"value"}," ঘন্টা আগে"],"many":[{"t":"idOrVar","v":"value"}," ঘন্টা আগে"],"one":"এক ঘন্টা আগে","other":[{"t":"idOrVar","v":"value"}," ঘন্টা আগে"],"two":[{"t":"idOrVar","v":"value"}," ঘন্টা আগে"],"zero":"এখনই"},"$x":[{"t":"idOrVar","v":"plural"},"value"]},{"$i":"days-ago-long","$v":{"few":[{"t":"idOrVar","v":"value"}," দিন আগে"],"many":[{"t":"idOrVar","v":"value"}," দিন আগে"],"one":"গতকাল","other":[{"t":"idOrVar","v":"value"}," দিন আগে"],"two":[{"t":"idOrVar","v":"value"}," দিন আগে"],"zero":"আজ"},"$x":[{"t":"idOrVar","v":"plural"},"value"]},{"$i":"weeks-ago-long","$v":{"few":[{"t":"idOrVar","v":"value"}," সপ্তাহ আগে"],"many":[{"t":"idOrVar","v":"value"}," সপ্তাহ আগে"],"one":"গত সপ্তাহ","other":[{"t":"idOrVar","v":"value"}," সপ্তাহ আগে"],"two":[{"t":"idOrVar","v":"value"}," সপ্তাহ আগে"],"zero":"এই সপ্তাহ"},"$x":[{"t":"idOrVar","v":"plural"},"value"]},{"$i":"months-ago-long","$v":{"few":[{"t":"idOrVar","v":"value"}," মাস আগে"],"many":[{"t":"idOrVar","v":"value"}," মাস আগে"],"one":"গত মাস","other":[{"t":"idOrVar","v":"value"}," মাস আগে"],"two":[{"t":"idOrVar","v":"value"}," মাস আগে"],"zero":"এই মাস"},"$x":[{"t":"idOrVar","v":"plural"},"value"]},{"$i":"years-ago-long","$v":{"few":[{"t":"idOrVar","v":"value"}," বছর আগে"],"many":[{"t":"idOrVar","v":"value"}," বছর আগে"],"one":"গত বছর","other":[{"t":"idOrVar","v":"value"}," বছর আগে"],"two":[{"t":"idOrVar","v":"value"}," বছর আগে"],"zero":"এই বছর"},"$x":[{"t":"idOrVar","v":"plural"},"value"]},{"$i":"minutes-until-long","$v":{"few":[{"t":"idOrVar","v":"value"}," মিনিটে"],"many":[{"t":"idOrVar","v":"value"}," মিনিটে"],"one":"এক মিনিটে","other":[{"t":"idOrVar","v":"value"}," মিনিটে"],"two":[{"t":"idOrVar","v":"value"}," মিনিটে"],"zero":"এখন"},"$x":[{"t":"idOrVar","v":"plural"},"value"]},{"$i":"hours-until-long","$v":{"few":[{"t":"idOrVar","v":"value"}," ঘন্টায়"],"many":[{"t":"idOrVar","v":"value"}," ঘন্টায়"],"one":"এক ঘন্টায়","other":[{"t":"idOrVar","v":"value"}," ঘন্টায়"],"two":[{"t":"idOrVar","v":"value"}," ঘন্টায়"],"zero":"এখন"},"$x":[{"t":"idOrVar","v":"plural"},"value"]},{"$i":"days-until-long","$v":{"few":[{"t":"idOrVar","v":"value"}," দিনে"],"many":[{"t":"idOrVar","v":"value"}," দিনে"],"one":"আগামীকাল","other":[{"t":"idOrVar","v":"value"}," দিনে"],"two":[{"t":"idOrVar","v":"value"}," দিনে"],"zero":"আজ"},"$x":[{"t":"idOrVar","v":"plural"},"value"]},{"$i":"weeks-until-long","$v":{"few":[{"t":"idOrVar","v":"value"}," সপ্তাহে"],"many":[{"t":"idOrVar","v":"value"}," সপ্তাহে"],"one":"পরের সপ্তাহ","other":[{"t":"idOrVar","v":"value"}," সপ্তাহে"],"two":[{"t":"idOrVar","v":"value"}," সপ্তাহে"],"zero":"এই সপ্তাহ"},"$x":[{"t":"idOrVar","v":"plural"},"value"]},{"$i":"months-until-long","$v":{"few":[{"t":"idOrVar","v":"value"}," মাসে"],"many":[{"t":"idOrVar","v":"value"}," মাসে"],"one":"পরের মাস","other":[{"t":"idOrVar","v":"value"}," মাসে"],"two":[{"t":"idOrVar","v":"value"}," মাসে"],"zero":"এই মাস"},"$x":[{"t":"idOrVar","v":"plural"},"value"]},{"$i":"years-until-long","$v":{"few":[{"t":"idOrVar","v":"value"}," বছরে"],"many":[{"t":"idOrVar","v":"value"}," বছরে"],"one":"পরের বছর","other":[{"t":"idOrVar","v":"value"}," বছরে"],"two":[{"t":"idOrVar","v":"value"}," বছরে"],"zero":"এই বছর"},"$x":[{"t":"idOrVar","v":"plural"},"value"]},{"$i":"minutes-ago-short","$v":{"other":[{"t":"idOrVar","v":"value"},"মিনিট আগে"],"zero":"এখনই"},"$x":[{"t":"idOrVar","v":"plural"},"value"]},{"$i":"hours-ago-short","$v":{"other":[{"t":"idOrVar","v":"value"},"ঘন্টা আগে"],"zero":"এখনই"},"$x":[{"t":"idOrVar","v":"plural"},"value"]},{"$i":"days-ago-short","$v":{"other":[{"t":"idOrVar","v":"value"},"দিন আগে"],"zero":"আজ"},"$x":[{"t":"idOrVar","v":"plural"},"value"]},{"$i":"minutes-until-short","$v":{"other":[{"t":"idOrVar","v":"value"},"মাসে"],"zero":"এখন"},"$x":[{"t":"idOrVar","v":"plural"},"value"]},{"$i":"hours-until-short","$v":{"other":[{"t":"idOrVar","v":"value"},"ঘন্টায়"],"zero":"এখন"},"$x":[{"t":"idOrVar","v":"plural"},"value"]},{"$i":"days-until-short","$v":{"other":[{"t":"idOrVar","v":"value"},"দিনে"],"zero":"আজ"},"$x":[{"t":"idOrVar","v":"plural"},"value"]},{"$i":"dateTimeFormat_%c","$v":"%a %b %e %Y %I:%M:%S %p"},{"$i":"dateTimeFormat_%x","$v":"%m/%d/%Y"},{"$i":"dateTimeFormat_%X","$v":"%I:%M:%S %p"},{"$i":"shortTimeFormat","$v":"%I:%M %p"},{"$i":"shortTimeFormat12","$v":"%I:%M %p"},{"$i":"shortTimeFormat24","$v":"%H:%M"},{"$i":"shortDateTimeFormat","$v":"%x %I:%M %p"},{"$i":"weekStartsOnMonday","$v":"0.0"},{"$i":"firstDayOfTheWeek","$v":"0.0"},{"$i":"time_am","$v":"AM"},{"$i":"time_pm","$v":"PM"},{"$i":"softkey-options","$v":"বিকল্পগুলি"},{"$i":"emergencyNumber","$v":"জরুরী নম্বর"},{"$i":"callAirplaneModeMessage","$v":"ফোন করতে আপনাকে সেটিংসে এয়ারপ্লেন মোড অক্ষম করতে হবে।"},{"$i":"callAirplaneModeBtnOk","$v":"ঠিক আছে"},{"$i":"callAirplaneModeTitle","$v":"এয়ারপ্লেন মোড সক্রিয় করা হয়েছে"},{"$i":"numberIsBusyTitle","$v":"নম্বর ব্যস্ত আছে"},{"$i":"numberIsBusyMessage","$v":"নম্বরটি এখন ব্যস্ত আছে। পরে আবার চেষ্টা করুন।"},{"$i":"fdnIsActiveTitle","$v":"FDN সক্রিয় আছে"},{"$i":"fdnIsActiveMessage","$v":["FDN(ফিক্সড ডায়ালিং নম্বর) সক্রিয় করা হয়েছে এবং নিম্নলিখিত নম্বরটি আপনার FDN তালিকায় নেই: ",{"t":"idOrVar","v":"number"}]},{"$i":"emergencyDialogBodyBadNumber","$v":"ফোন করতে ফোন অবশ্যই নেটওয়ার্কের সঙ্গে ফোন সংযুক্ত থাকতে হবে।"},{"$i":"emergencyDialogBodyDeviceNotAccepted","$v":"জরুরি কলগুলি নেটওয়ার্ক দ্বারা অনুমোদিত নয়।"},{"$i":"emergencyDialogBtnOk","$v":"ঠিক আছে"},{"$i":"emergencyDialogTitle","$v":"নেটওয়ার্ক সংযোগ নেই"},{"$i":"invalidNumberToDialTitle","$v":"অবৈধ ফোন নম্বর"},{"$i":"invalidNumberToDialMessage","$v":"আপনি যে ফোন নম্বরে কল করছেন সেটি বৈধ নয়।"},{"$i":"unableToCallTitle","$v":"কল করতে পারবেন না"},{"$i":"unableToCallMessage","$v":"এখনই ফোন করতে অক্ষমI"},{"$i":"otherConnectionInUseTitle","$v":"অন্য সংযোগ ব্যবহার করা হচ্ছে"},{"$i":"otherConnectionInUseMessage","$v":"আপনি অন্য সংযোগে কল সক্রিয় করতে পারেন। আপনি একবারে একটি সংযোগ ব্যবহার করতে পারেন।"},{"$i":"connectingEllipsis","$v":"সংযুক্ত হচ্ছে..."}]