[{"$i":"messages","$v":"Poruka"},{"$i":"deleteMessages-title","$v":"Odaberi"},{"$i":"selectThreads-title","$v":"Odaberi"},{"$i":"edit","$v":"Uredi"},{"$i":"back","$v":"Nazad"},{"$i":"cancel","$v":"Otkaži"},{"$i":"delete","$v":"Izbriši"},{"$i":"deleting-messages","$v":"Brisanje..."},{"$i":"deselect","$v":"Poništi odabir"},{"$i":"selected-threads","$v":{"few":[{"t":"idOrVar","v":"n"}," Izabrano"],"many":[{"t":"idOrVar","v":"n"}," Izabrano"],"one":[{"t":"idOrVar","v":"n"}," Izabrano"],"other":[{"t":"idOrVar","v":"n"}," Izabrano"],"two":[{"t":"idOrVar","v":"n"}," Izabrano"],"zero":"0 Izabrano"},"$x":[{"t":"idOrVar","v":"plural"},"n"]},{"$i":"selected-messages","$v":{"few":[{"t":"idOrVar","v":"n"}," Izabrano"],"many":[{"t":"idOrVar","v":"n"}," Izabrano"],"one":[{"t":"idOrVar","v":"n"}," Izabrano"],"other":[{"t":"idOrVar","v":"n"}," Izabrano"],"two":[{"t":"idOrVar","v":"n"}," Izabrano"],"zero":"0 Izabrano"},"$x":[{"t":"idOrVar","v":"plural"},"n"]},{"$i":"selectThreads-label","$v":"Odaberi teme"},{"$i":"selectMessages-label","$v":"Odaberi poruke"},{"$i":"new-message","$v":"Nova poruka"},{"$i":"delete-thread","$v":"Izbriši temu"},{"$i":"create-new-contact","$v":"Kreiraj novi kontakt"},{"$i":"add-to-contact","$v":"Dodaj postojećem kontaktu"},{"$i":"select-thread","$v":"Odaberi temu"},{"$i":"settings","$v":"Postavke"},{"$i":"select-all","$v":"Odaberi sve"},{"$i":"deselect-all","$v":"Poništi sve"},{"$i":"select","$v":"Odaberi"},{"$i":"sk-save-as-draft","$v":"Sačuvaj kao skicu"},{"$i":"next","$v":"Sljedeće"},{"$i":"send","$v":"Pošalji"},{"$i":"add-contact","$v":"Dodaj kontakt"},{"$i":"add-suggestion","$v":"Odaberi"},{"$i":"add-subject","$v":"Dodaj naslov"},{"$i":"remove-subject","$v":"Ukloni temu"},{"$i":"add-attachment","$v":"Dodaj prilog"},{"$i":"remove-attachment","$v":"Ukloni prilog"},{"$i":"replace-attachment","$v":"Zamijeni prilog"},{"$i":"select-messages","$v":"Odaberi poruke"},{"$i":"call","$v":"Poziv"},{"$i":"forward","$v":"Proslijedi"},{"$i":"view-message-report","$v":"Prikaži detalje poruke"},{"$i":"cancel-view-report","$v":"Otkaži"},{"$i":"ok","$v":"U redu"},{"$i":"enter","$v":"Unesi"},{"$i":"open","$v":"Otvori"},{"$i":"to","$v":"Za"},{"$i":"new","$v":"Novo"},{"$i":"message","$v":"Poruka"},{"$i":"messagesInput_placeholder","$v":"Poruka"},{"$i":"messagesSubjectInput_placeholder","$v":"Predmet"},{"$i":"subjectComposerInput_placeholder","$v":"Predmet"},{"$i":"converted-to-mms","$v":"Konvertovanje u multimedijalnu poruku."},{"$i":"converted-to-sms","$v":"Konvertovanje u tekstualnu poruku."},{"$i":"messages-max-length-text","$v":"Dostigli ste maksimalnu dužinu."},{"$i":"messages-max-subject-length-text","$v":"Dosegnut je maksimalni broj predmeta."},{"$i":"multimedia-message-exceeded-max-length","$v":["Ova datoteka prekoračuje ograničenje jedne multimedijalne poruke od ",{"t":"idOrVar","v":"mmsSize"}," MB."]},{"$i":"newMessage","$v":"Nova poruka"},{"$i":"sendMessage","$v":"Pošalji poruku"},{"$i":"sendMMSToEmail","$v":"Pošalji multim. poruku"},{"$i":"no-recipient","$v":"(Bez primaoca)"},{"$i":"recipient","$v":{"few":[{"t":"idOrVar","v":"n"}," primaoca"],"many":[{"t":"idOrVar","v":"n"}," primaoca"],"one":[{"t":"idOrVar","v":"n"}," primalac"],"other":[{"t":"idOrVar","v":"n"}," primaoca"],"two":[{"t":"idOrVar","v":"n"}," primaoca"]},"$x":[{"t":"idOrVar","v":"plural"},"n"]},{"$i":"attachmentSizeB","$v":[{"t":"idOrVar","v":"n"}," B"]},{"$i":"attachmentSizeKB","$v":[{"t":"idOrVar","v":"n"}," KB"]},{"$i":"attachmentSizeMB","$v":[{"t":"idOrVar","v":"n"}," MB"]},{"$i":"attachmentOpenError","$v":"Nije dostupna aplikacija za otvaranje ove vrste datoteke."},{"$i":"remove","$v":"Ukloni"},{"$i":"participant","$v":{"few":[{"t":"idOrVar","v":"n"}," učesnika"],"many":[{"t":"idOrVar","v":"n"}," učesnika"],"one":[{"t":"idOrVar","v":"n"}," učesnik"],"other":[{"t":"idOrVar","v":"n"}," učesnika"],"two":[{"t":"idOrVar","v":"n"}," učesnika"]},"$x":[{"t":"idOrVar","v":"plural"},"n"]},{"$i":"message-report","$v":"Izvještaj o poruci"},{"$i":"message-type-sms","$v":"Tekstualna poruka (SMS)"},{"$i":"message-type-mms","$v":"Multimedijalne poruke (MMS)"},{"$i":"sms-report-description","$v":["Vaša tekstualna poruka (SMS), je poslata na ",{"t":"idOrVar","v":"datetime"}]},{"$i":"mms-report-description","$v":["Vaša multimedijalna poruka (MMS), predmet ",{"t":"idOrVar","v":"subject"},", je poslat na ",{"t":"idOrVar","v":"datetime"}]},{"$i":"mms-no-subject-report-description","$v":["Vaša multimedijalna poruka (MMS), je poslatana ",{"t":"idOrVar","v":"datetime"}]},{"$i":"message-subject","$v":"Predmet:"},{"$i":"report-status-error","$v":"Nije moguće poslati poruku"},{"$i":"report-status-not-downloaded","$v":"nije preuzeto"},{"$i":"report-status-delivered","$v":"Isporučeno:"},{"$i":"report-status-read","$v":"Čutaj:"},{"$i":"report-status-pending","$v":"Zatraženi izvještaj"},{"$i":"report-status-rejected","$v":"Poruka odbijena"},{"$i":"message-size-was","$v":"Veličina poruke:"},{"$i":"report-to-title","$v":"Za"},{"$i":"report-from-title","$v":"Od"},{"$i":"message-sent","$v":"Poslano:"},{"$i":"message-sending","$v":[{"t":"idOrVar","v":"message-delivery-status-sending"}]},{"$i":"message-received","$v":"Primljeno:"},{"$i":"message-via","$v":"Putem:"},{"$i":"message-resend","$v":"Ponovo pošalji"},{"$i":"search","$v":"Traži"},{"$i":"unknown-contact-title","$v":"Nepoznat kontakt"},{"$i":"phone-type-separator","$v":", "},{"$i":"phone-carrier-separator","$v":" "},{"$i":"thread-participant-separator","$v":", "},{"$i":"replace-draft","$v":"Zamijeni postojeću nezavršenu poruku"},{"$i":"save-as-draft","$v":"Sačuvaj"},{"$i":"discard-message","$v":"Otkaži"},{"$i":"discard-sms","$v":"Jeste li sigurni da želite otkazati ovu poruku?"},{"$i":"discard-new-message","$v":"Otkaži trenutnu poruku i otvori novu poruku?"},{"$i":"resend-confirmation","$v":"Poruku nije moguće poslati. Pokušaj ponovo?"},{"$i":"resend-message","$v":"Ponovo pošalji poruku"},{"$i":"deleteMessage-confirmation","$v":"Izbriši odabrane poruke?"},{"$i":"deleteMessages-confirmation","$v":"Izbriši odabrane poruke?"},{"$i":"deleteThreads-confirmation2","$v":{"one":"Izbriši odabranu temu poruka?","other":"Izbriši odabrane teme poruka?"},"$x":[{"t":"idOrVar","v":"plural"},"n"]},{"$i":"new-message-notice-text","$v":"Nova poruka od"},{"$i":"new-message-notice-a-text","$v":"Pročitaj ga"},{"$i":"noMessages-title","$v":"Nema poruka"},{"$i":"noMessages-text","$v":"Pritisnite opciju Novo da započnete komunikaciju."},{"$i":"sendDefaultErrorTitle","$v":"Send Failure"},{"$i":"sendDefaultErrorBody","$v":"Došlo je do greške prilikom slanja poruke. Pokušaj ponovo."},{"$i":"sendDefaultErrorBtnOk","$v":"U redu"},{"$i":"sendMissingSimCardTitle","$v":"Send Failure"},{"$i":"sendMissingSimCardBody","$v":"Umetnite važeću SIM karticu za nastavak."},{"$i":"sendMissingSimCardBtnOk","$v":"U redu"},{"$i":"sendFlightModeTitle","$v":"Send Failure"},{"$i":"sendFlightModeBody","$v":"Isključi avio. režim za slanje poruka."},{"$i":"sendFlightModeBtnOk","$v":"U redu"},{"$i":"radioDisabledToDownloadTitle","$v":"Preuzimanje greške"},{"$i":"radioDisabledToDownloadBody","$v":"Isključi avio. režim za preuzimanje dodataka."},{"$i":"radioDisabledToDownloadBtnOk","$v":[{"t":"idOrVar","v":"sendFlightModeBtnOk"}]},{"$i":"downloadDefaultErrorTitle","$v":"Preuzimanje greške"},{"$i":"downloadDefaultErrorBody","$v":"Došlo je do problema pri preuzimanju poruke. Molimo pokušajte ponovo."},{"$i":"downloadDefaultErrorBtnOk","$v":[{"t":"idOrVar","v":"sendDefaultErrorBtnOk"}]},{"$i":"fdnErrorTitle","$v":"Send Failure"},{"$i":"needConnectWifiBody","$v":"Nema dostupne mreže za mobilne podatke. Povežite se na dostupnu Wi-Fi mrežu za slanje poruka."},{"$i":"needConnectWifiTitle","$v":"Poruka nije poslata"},{"$i":"mmsChanelUsedBody","$v":"Podaplikacija non-DDS šalje MMS. Sačekajte završetak slanja."},{"$i":"mmsChanelUsedTitle","$v":"MMS kanal se koristi"},{"$i":"sms-counter-notice-label","$v":["Uređivanje SMS ",{"t":"idOrVar","v":"number"}]},{"$i":"fdnErrorBody","$v":{"few":"FDN (brojevi fiksnog biranja) je aktiviran. Uvjerite se da su SMS centar i sljedeći primaoci na vašoj FDN listi.","many":"FDN (brojevi fiksnog biranja) je aktiviran. Uvjerite se da su SMS centar i sljedeći primaoci na vašoj FDN listi.","one":"FDN (brojevi fiksnog biranja) je aktiviran. Uvjerite se da su SMS centar i sljedeći primalac na vašoj FDN listi.","other":"FDN (brojevi fiksnog biranja) je aktiviran. Uvjerite se da su SMS centar i sljedeći primaoci na vašoj FDN listi.","two":"FDN (brojevi fiksnog biranja) je aktiviran. Uvjerite se da su SMS centar i sljedeći primaoci na vašoj FDN listi."},"$x":[{"t":"idOrVar","v":"plural"},"n"]},{"$i":"fdnErrorBtnOk","$v":"U redu"},{"$i":"sendNoSignalErrorTitle","$v":"Send Failure"},{"$i":"sendNoSignalErrorBody","$v":"Provjeri da li imate mobilnog signala i pokušajte ponovo."},{"$i":"sendNoSignalErrorBtnOk","$v":"U redu"},{"$i":"sendNotFoundErrorTitle","$v":"Send Failure"},{"$i":"sendNotFoundErrorBody","$v":"Poruka koju tražite više nije dostupna."},{"$i":"sendNotFoundErrorBtnOk","$v":"U redu"},{"$i":"sendInvalidAddressErrorTitle","$v":"Send Failure"},{"$i":"sendInvalidAddressErrorBody","$v":"Provjeri da li je broj mobilnog telefona koji šaljete važeći."},{"$i":"sendInvalidAddressErrorBtnOk","$v":"U redu"},{"$i":"simNotMatchedErrorTitle","$v":"Preuzimanje nije uspjelo"},{"$i":"simNotMatchedErrorBody","$v":"Provjerite da li je umetnuta SIM kartica ona koja se koristi da primi ovu poruku."},{"$i":"simNotMatchedErrorBtnOk","$v":"U redu"},{"$i":"netWorkErrorTitle","$v":"Greška na mreži"},{"$i":"netWorkErrorBody","$v":"Postoje problemi s mrežom. Prvo je provjerite."},{"$i":"netWorkErrorBtnOk","$v":"Uredu"},{"$i":"deleted-sms","$v":"Ova poruka je već obrisana."},{"$i":"view-attachment-image","$v":"Prikaži"},{"$i":"view-attachment-audio","$v":"Preslušaj"},{"$i":"view-attachment-video","$v":"Prikaži"},{"$i":"view-attachment-other","$v":"Prikaži"},{"$i":"remove-attachment-image","$v":"Ukloni sliku"},{"$i":"remove-attachment-audio","$v":"Ukloni audio"},{"$i":"remove-attachment-video","$v":"Ukloni video zapis"},{"$i":"remove-attachment-other","$v":"Ukloni prilog"},{"$i":"replace-attachment-image","$v":"Zamijeni sliku"},{"$i":"replace-attachment-audio","$v":"Zamijeni audio"},{"$i":"replace-attachment-video","$v":"Zamijeni video zapis"},{"$i":"replace-attachment-other","$v":"Zamijeni prilog"},{"$i":"unsent-message-title","$v":"Neposlate poruke"},{"$i":"unsent-message-description","$v":"Vaša prethodna poruka nije poslata. Želite li urediti neposlatu poruku ili odbaciti i nastaviti?"},{"$i":"unsent-message-option-edit","$v":"Uredi"},{"$i":"unsent-message-option-discard","$v":"Otkaži"},{"$i":"message-options","$v":"Opcije poruke"},{"$i":"select-text","$v":"Odaberi tekst"},{"$i":"mobile","$v":"Mobilni"},{"$i":"home","$v":"Kućni"},{"$i":"work","$v":"Posao"},{"$i":"personal","$v":"Lično"},{"$i":"faxHome","$v":"Kućni faks"},{"$i":"faxOffice","$v":"Uredski faks"},{"$i":"faxOther","$v":"Drugi faks"},{"$i":"another","$v":"Još jedna"},{"$i":"other","$v":"Drugo"},{"$i":"today","$v":"Danas"},{"$i":"yesterday","$v":"Juče"},{"$i":"incorrectDate","$v":"(netačan datum)"},{"$i":"addToExistingContact","$v":"Dodaj postojećem kontaktu"},{"$i":"createNewContact","$v":"Kreiraj novi kontakt"},{"$i":"viewContact","$v":"Prikaži kontakt"},{"$i":"sendEmail","$v":"Pošalji e-poštu"},{"$i":"mms-message","$v":"MMS poruka"},{"$i":"notDownloaded-title","$v":"Poruka još nije preuzeta."},{"$i":"tobedownloaded-attachment","$v":["Primili ste multimedijalnu poruku, pritisnite Download da biste ranije preuzeli svoj sadržaj ",{"t":"idOrVar","v":"date"},"."]},{"$i":"expired-attachment","$v":["Nažalost, poruka je istekla na ",{"t":"idOrVar","v":"date"}," i ne može biti preuzeta."]},{"$i":"download-attachment","$v":"Preuzmi"},{"$i":"downloading-attachment","$v":"Preuzimanje…"},{"$i":"download-complete","$v":"Preuzimanje završeno"},{"$i":"unnamed-attachment","$v":"bez naslova"},{"$i":"mms-label","$v":"MMS"},{"$i":"group-label","$v":"GRUPA"},{"$i":"attached-files-too-large","$v":{"few":["Ove poruke prekoračuju ograničenje jedne multimedijalne poruke od ",{"t":"idOrVar","v":"mmsSize"}," MB."],"many":["Ove poruke prekoračuju ograničenje jedne multimedijalne poruke od ",{"t":"idOrVar","v":"mmsSize"}," MB."],"one":["Ova datoteka prekoračuje ograničenje jedne multimedijalne poruke od ",{"t":"idOrVar","v":"mmsSize"}," MB."],"other":["Ove poruke prekoračuju ograničenje jedne multimedijalne poruke od ",{"t":"idOrVar","v":"mmsSize"}," MB."],"two":["Ove poruke prekoračuju ograničenje jedne multimedijalne poruke od ",{"t":"idOrVar","v":"mmsSize"}," MB."],"zero":["Ove poruke prekoračuju ograničenje jedne multimedijalne poruke od ",{"t":"idOrVar","v":"mmsSize"}," MB."]},"$x":[{"t":"idOrVar","v":"plural"},"n"]},{"$i":"resize-image","$v":"Promjena velič. prilož. slike"},{"$i":"no-attachment-text","$v":"Postoji problem sa priloženom datotekom i ona se ne može preuzeti."},{"$i":"message-draft-saved","$v":"Poruka spremljena kao skica"},{"$i":"sim-id-label","$v":["SIM ",{"t":"idOrVar","v":"id"}]},{"$i":"sim-detail","$v":["SIM ",{"t":"idOrVar","v":"id"},", ",{"t":"idOrVar","v":"detailString"}]},{"$i":"dsds-notification-title-with-sim","$v":["(",{"t":"idOrVar","v":"sim"},") ",{"t":"idOrVar","v":"sender"}]},{"$i":"send-button","ariaLabel":"Pošalji"},{"$i":"send-button-sim-indication","$v":[{"t":"idOrVar","v":"n"}],"ariaLabel":["korištenje SIM ",{"t":"idOrVar","v":"n"}]},{"$i":"expiry-date-format","$v":"%A, %b %e"},{"$i":"attach-button","ariaLabel":"Dodaj prilog"},{"$i":"contact-photo","ariaLabel":"Slika kontakta"},{"$i":"unread-thread","ariaLabel":"Nepročitano"},{"$i":"has-draft","ariaLabel":"Ima nacrt"},{"$i":"is-draft","ariaLabel":"Skica"},{"$i":"message-delivery-status-sending","$v":"Slanje…"},{"$i":"message-delivery-status-delivered","$v":"Isporučeno"},{"$i":"message-delivery-status-read","ariaLabel":"Čitaj"},{"$i":"message-delivery-status-error","ariaLabel":"Greška"},{"$i":"modal-dialog-ok-button","$v":"U redu"},{"$i":"modal-dialog-cancel-button","$v":"Otkaži"},{"$i":"modal-dialog-default-title","$v":"Poruke"},{"$i":"delete-message","$v":"Poruka obrisana"},{"$i":"message-converted-to-toast","$v":["Poruka konvertovana u ",{"t":"idOrVar","v":"type"}]},{"$i":"message-sent-toast","$v":"Poruka poslata"},{"$i":"deleteMessage-confirmation2","$v":"Izbriši odabranu temu poruka?"},{"$i":"deleted-message","$v":{"few":[{"t":"idOrVar","v":"n"}," poruka obrisano"],"many":[{"t":"idOrVar","v":"n"}," poruka obrisano"],"one":[{"t":"idOrVar","v":"n"}," poruka obrisana"],"other":[{"t":"idOrVar","v":"n"}," poruka obrisano"],"two":[{"t":"idOrVar","v":"n"}," poruka obrisano"],"zero":"Izbrisano je 0 poruka"},"$x":[{"t":"idOrVar","v":"plural"},"n"]},{"$i":"deleted-threads","$v":{"few":[{"t":"idOrVar","v":"n"}," nizova poruka obrisano"],"many":[{"t":"idOrVar","v":"n"}," nizova poruka obrisano"],"one":"Tema je izbrisana","other":[{"t":"idOrVar","v":"n"}," nizova poruka obrisano"],"two":[{"t":"idOrVar","v":"n"}," nizova poruka obrisano"],"zero":"0 niz obrisan"},"$x":[{"t":"idOrVar","v":"plural"},"n"]},{"$i":"wapPushMessages","$v":"WAP push poruka"},{"$i":"auto-retrieve-messages","$v":"Auto. preuzmi poruke"},{"$i":"auto-retrieve-messages-title","$v":"Auto. preuzimanje poruka"},{"$i":"auto-roaming-retrieve","$v":"Uključeno s roamingom"},{"$i":"auto-no-roaming-retrieve","$v":"Uključeno bez roaminga"},{"$i":"mmsTitle","$v":"Multimedijalno slanje poruka (MMS)"},{"$i":"message-delivery-reports","$v":"Izvještaji o isporuci"},{"$i":"message-delivery-reports-title","$v":"Izvještaji o isporuci"},{"$i":"messageReport-title","$v":"Detalji poruke"},{"$i":"sms-label","$v":"SMS"},{"$i":"messaging-settings","$v":"Podešavanja slanja poruka"},{"$i":"messagingSettings-header","$v":[{"t":"idOrVar","v":"messaging-settings"}]},{"$i":"confirmation-title","$v":"Potvrda"},{"$i":"draft-save-content","$v":"Sačuvaj kao skicu?"},{"$i":"draft-discard-content","$v":"Poruka otkazana"},{"$i":"switch-on","$v":"Uklj."},{"$i":"switch-off","$v":"Isklj."},{"$i":"auto-retrieve-desc","$v":"Auto. preuzimanje poruka"},{"$i":"confirm-dialog-ok","$v":"Uredu"},{"$i":"yes","$v":"Da"},{"$i":"no","$v":"Ne"},{"$i":"delete-current-thread?","$v":"Izbriši odabranu temu poruka?"},{"$i":"attention","$v":"Pažnja"},{"$i":"delivery-title","$v":"Tekstualna poruka (SMS)"},{"$i":"send-failed","$v":"Slanje nije uspjelo."},{"$i":"subject-removed","$v":"Tema je uklonjena."},{"$i":"data-storage-limit-alert-title","$v":"Pohrana telefona je puna."},{"$i":"data-storage-limit-send-body","$v":"Nije moguće poslati MMS. Izbrišite poruke ili idite na Podešavanja kako biste oslobodili prostor."},{"$i":"data-storage-limit-download-body","$v":"Nije moguće preuzeti MMS. Izbrišite poruke ili idite na Podešavanja kako biste oslobodili prostor."},{"$i":"data-storage-limit-alert-cancel","$v":"Otkaži"},{"$i":"data-storage-limit-alert-setting","$v":"Postavke"},{"$i":"recipient-repeat","$v":"Duplicirajte kontakt."},{"$i":"email","$v":"E-POŠTA"},{"$i":"options","$v":"Opcije"},{"$i":"emergency-alert-title","$v":"Upozorenja u hitnim slučajevima"},{"$i":"emergency-alert","$v":"Upozorenja u hitnim slučajevima"},{"$i":"wappushNormal","$v":"Wap prosljeđivanje"},{"$i":"wappushSIM1","$v":"WAP prosljeđivanje - SIM 1"},{"$i":"wappushSIM2","$v":"WAP prosljeđivanje - SIM 2"},{"$i":"not-assigned","$v":"Nedodijeljeno"},{"$i":"switchSIMDataSendAlertTitle","$v":"Slanje MMS poruke nije uspjelo."},{"$i":"switchSIMDataSendAlertBody","$v":["Za slanje MMS poruka, promijenite podatkovnu SIM karticu na SIM karticu ",{"t":"idOrVar","v":"nonActiveSimId"}," u postavkama Upravitelja SIM kartica."]},{"$i":"switchSIMDataSendAlertDesc","$v":"Idite u aplikaciju Postavke da ažurirate postavke."},{"$i":"switchSIMDataReceiveAlertTitle","$v":"Prijem MMS poruke nije uspio."},{"$i":"switchSIMDataReceiveAlertBody","$v":["Za prijem MMS poruka, promijenite podatkovnu SIM karticu na SIM karticu ",{"t":"idOrVar","v":"nonActiveSimId"}," u postavkama Upravitelja SIM kartica."]},{"$i":"switchSIMDataReceiveAlertDesc","$v":"Idite u aplikaciju Postavke da ažurirate postavke."},{"$i":"group-message","$v":"Grupna poruka"},{"$i":"individual-message","$v":"Pojedinačna poruka"},{"$i":"group-message-alert-title","$v":"Grupna poruka"},{"$i":"group-message-alert-body","$v":"Kreirati grupnu poruku? (Grupna poruka će biti poslana putem MMS-a i SMS-a što će uzrokovati dodatne troškove kod davaoca bežične usluge poruka u zavisnost od tarifnog paketa.)"},{"$i":"group-message-individual","$v":"Koristi pojedinačnu poruku"},{"$i":"group-message-setting","$v":"Kreiraj grupu"},{"$i":"new-message-individual","$v":"Nova poruka (pojedinačna)"},{"$i":"new-message-group","$v":"Nova poruka (grupna)"},{"$i":"no-phone-number","$v":"Nije dodijeljeno"},{"$i":"device-phone-number","$v":"Moj broj telefona"},{"$i":"group-message-phone","$v":"Grupne poruke"},{"$i":"my-phone-number","$v":"Moj broj telefona"},{"$i":"delivery-notification","$v":"Poruka je isporučena"},{"$i":"wait","$v":"na čekanju"},{"$i":"isTextTooLongAlert","$v":"Prekoračena je maksimalna dužina poruke."},{"$i":"video-call","$v":"Video poziv"},{"$i":"normal-call","$v":"Poziv"},{"$i":"attachment","$v":"Prilog"},{"$i":"limit-MMS-recipients","$v":"Slanje MMS-a je moguće najviše na 20 primalaca."},{"$i":"block-contact","$v":"Blokiraj kontakt"},{"$i":"blocked","$v":"Blokiraj"},{"$i":"unblocked","$v":"Deblokiraj"},{"$i":"rtt-call","$v":"RTT poziv"},{"$i":"remove-all-attachments","$v":"Ukloni sve priloge"},{"$i":"block-confirmation","$v":"Nećete primati telefonske pozive niti poruke od osoba sa spiska blokiranih."},{"$i":"space-low-not-save","$v":"Pohrana je puna, nije moguće sačuvati nacrt."},{"$i":"sms-encoding-mode","$v":"Sms kodiranje"},{"$i":"sms-reduced-format","$v":"Skraćeni format"},{"$i":"sms-full-format","$v":"Pun format"},{"$i":"smscNormal","$v":"Servisni centar"},{"$i":"smscSIM1","$v":"Servisni centar SIM1"},{"$i":"smscSIM2","$v":"Servisni centar SIM2"},{"$i":"withoutDataTitle","$v":"Neuspješno"},{"$i":"withoutDataBody","$v":"Omogućite vezu za prijenos podataka u Podešavanjima da biste poslali ili preuzeli MMS"},{"$i":"withoutDataBtnOk","$v":"Uredu"},{"$i":"withoutDataBtnSettings","$v":"Postavke"},{"$i":"weekday-0-long","$v":"Nedjelja"},{"$i":"weekday-1-long","$v":"Ponedjeljak"},{"$i":"weekday-2-long","$v":"Utorak"},{"$i":"weekday-3-long","$v":"Srijeda"},{"$i":"weekday-4-long","$v":"Četvrtak"},{"$i":"weekday-5-long","$v":"Petak"},{"$i":"weekday-6-long","$v":"Subota"},{"$i":"weekday-0-short","$v":"Ned."},{"$i":"weekday-1-short","$v":"Pon."},{"$i":"weekday-2-short","$v":"Uto."},{"$i":"weekday-3-short","$v":"Sri."},{"$i":"weekday-4-short","$v":"Čet."},{"$i":"weekday-5-short","$v":"Pet."},{"$i":"weekday-6-short","$v":"Sub."},{"$i":"month-0-long","$v":"Januar"},{"$i":"month-1-long","$v":"Februar"},{"$i":"month-2-long","$v":"Mart"},{"$i":"month-3-long","$v":"April"},{"$i":"month-4-long","$v":"Maj"},{"$i":"month-5-long","$v":"Juni"},{"$i":"month-6-long","$v":"Juli"},{"$i":"month-7-long","$v":"Avgust"},{"$i":"month-8-long","$v":"Septembar"},{"$i":"month-9-long","$v":"Oktobar"},{"$i":"month-10-long","$v":"Novembar"},{"$i":"month-11-long","$v":"Decembar"},{"$i":"month-0-genitive","$v":"Januar"},{"$i":"month-1-genitive","$v":"Februar"},{"$i":"month-2-genitive","$v":"Mart"},{"$i":"month-3-genitive","$v":"April"},{"$i":"month-4-genitive","$v":"Maj"},{"$i":"month-5-genitive","$v":"Juni"},{"$i":"month-6-genitive","$v":"Juli"},{"$i":"month-7-genitive","$v":"Avgust"},{"$i":"month-8-genitive","$v":"Septembar"},{"$i":"month-9-genitive","$v":"Oktobar"},{"$i":"month-10-genitive","$v":"Novembar"},{"$i":"month-11-genitive","$v":"Decembar"},{"$i":"month-0-short","$v":"Jan."},{"$i":"month-1-short","$v":"Feb."},{"$i":"month-2-short","$v":"Mart"},{"$i":"month-3-short","$v":"Apr."},{"$i":"month-4-short","$v":"Maj"},{"$i":"month-5-short","$v":"Juni"},{"$i":"month-6-short","$v":"Juli"},{"$i":"month-7-short","$v":"Avg."},{"$i":"month-8-short","$v":"Sep."},{"$i":"month-9-short","$v":"Okt."},{"$i":"month-10-short","$v":"Nov."},{"$i":"month-11-short","$v":"Dec."},{"$i":"minutes-ago-long","$v":{"few":["Prije ",{"t":"idOrVar","v":"value"}," minute/a"],"many":["Prije ",{"t":"idOrVar","v":"value"}," minute/a"],"one":"prije jedan minut","other":["Prije ",{"t":"idOrVar","v":"value"}," minute/a"],"two":["Prije ",{"t":"idOrVar","v":"value"}," minute/a"],"zero":"sada"},"$x":[{"t":"idOrVar","v":"plural"},"value"]},{"$i":"hours-ago-long","$v":{"few":["Prije ",{"t":"idOrVar","v":"value"}," sata/i"],"many":["Prije ",{"t":"idOrVar","v":"value"}," sata/i"],"one":"prije sat vremena","other":["Prije ",{"t":"idOrVar","v":"value"}," sata/i"],"two":["Prije ",{"t":"idOrVar","v":"value"}," sata/i"],"zero":"sada"},"$x":[{"t":"idOrVar","v":"plural"},"value"]},{"$i":"days-ago-long","$v":{"few":["prije ",{"t":"idOrVar","v":"value"}," dana"],"many":["prije ",{"t":"idOrVar","v":"value"}," dana"],"one":"jučer","other":["prije ",{"t":"idOrVar","v":"value"}," dana"],"two":["prije ",{"t":"idOrVar","v":"value"}," dana"],"zero":"danas"},"$x":[{"t":"idOrVar","v":"plural"},"value"]},{"$i":"weeks-ago-long","$v":{"few":["Prije ",{"t":"idOrVar","v":"value"}," sedmice/a"],"many":["Prije ",{"t":"idOrVar","v":"value"}," sedmice/a"],"one":"prošle sedmice","other":["Prije ",{"t":"idOrVar","v":"value"}," sedmice/a"],"two":["Prije ",{"t":"idOrVar","v":"value"}," sedmice/a"],"zero":"ova sedmica"},"$x":[{"t":"idOrVar","v":"plural"},"value"]},{"$i":"months-ago-long","$v":{"few":["Prije ",{"t":"idOrVar","v":"value"}," mjeseca/i"],"many":["Prije ",{"t":"idOrVar","v":"value"}," mjeseca/i"],"one":"prošli mjesec","other":["Prije ",{"t":"idOrVar","v":"value"}," mjeseca/i"],"two":["Prije ",{"t":"idOrVar","v":"value"}," mjeseca/i"],"zero":"ovaj mjesec"},"$x":[{"t":"idOrVar","v":"plural"},"value"]},{"$i":"years-ago-long","$v":{"few":["Prije ",{"t":"idOrVar","v":"value"}," godine/a"],"many":["Prije ",{"t":"idOrVar","v":"value"}," godine/a"],"one":"prošle godine","other":["Prije ",{"t":"idOrVar","v":"value"}," godine/a"],"two":["Prije ",{"t":"idOrVar","v":"value"}," godine/a"],"zero":"ova godina"},"$x":[{"t":"idOrVar","v":"plural"},"value"]},{"$i":"minutes-until-long","$v":{"few":["za ",{"t":"idOrVar","v":"value"}," minuta"],"many":["za ",{"t":"idOrVar","v":"value"}," minuta"],"one":"za minut","other":["za ",{"t":"idOrVar","v":"value"}," minuta"],"two":["za ",{"t":"idOrVar","v":"value"}," minuta"],"zero":"sada"},"$x":[{"t":"idOrVar","v":"plural"},"value"]},{"$i":"hours-until-long","$v":{"few":["za ",{"t":"idOrVar","v":"value"}," sati"],"many":["za ",{"t":"idOrVar","v":"value"}," sati"],"one":"za sat","other":["za ",{"t":"idOrVar","v":"value"}," sati"],"two":["za ",{"t":"idOrVar","v":"value"}," sati"],"zero":"sada"},"$x":[{"t":"idOrVar","v":"plural"},"value"]},{"$i":"days-until-long","$v":{"few":["za ",{"t":"idOrVar","v":"value"}," dana"],"many":["za ",{"t":"idOrVar","v":"value"}," dana"],"one":"sutra","other":["za ",{"t":"idOrVar","v":"value"}," dana"],"two":["za ",{"t":"idOrVar","v":"value"}," dana"],"zero":"danas"},"$x":[{"t":"idOrVar","v":"plural"},"value"]},{"$i":"weeks-until-long","$v":{"few":["za ",{"t":"idOrVar","v":"value"}," sedmica"],"many":["za ",{"t":"idOrVar","v":"value"}," sedmica"],"one":"sljedeća sedmica","other":["za ",{"t":"idOrVar","v":"value"}," sedmica"],"two":["za ",{"t":"idOrVar","v":"value"}," sedmica"],"zero":"ova sedmica"},"$x":[{"t":"idOrVar","v":"plural"},"value"]},{"$i":"months-until-long","$v":{"few":["za ",{"t":"idOrVar","v":"value"}," mjeseci"],"many":["za ",{"t":"idOrVar","v":"value"}," mjeseci"],"one":"sljedeći mjesec","other":["za ",{"t":"idOrVar","v":"value"}," mjeseci"],"two":["za ",{"t":"idOrVar","v":"value"}," mjeseci"],"zero":"ovaj mjesec"},"$x":[{"t":"idOrVar","v":"plural"},"value"]},{"$i":"years-until-long","$v":{"few":["za ",{"t":"idOrVar","v":"value"}," godina"],"many":["za ",{"t":"idOrVar","v":"value"}," godina"],"one":"sljedeća godina","other":["za ",{"t":"idOrVar","v":"value"}," godina"],"two":["za ",{"t":"idOrVar","v":"value"}," godina"],"zero":"ova godina"},"$x":[{"t":"idOrVar","v":"plural"},"value"]},{"$i":"minutes-ago-short","$v":{"other":["Prije ",{"t":"idOrVar","v":"value"},"m"],"zero":"sada"},"$x":[{"t":"idOrVar","v":"plural"},"value"]},{"$i":"hours-ago-short","$v":{"other":["Prije ",{"t":"idOrVar","v":"value"},"h"],"zero":"sada"},"$x":[{"t":"idOrVar","v":"plural"},"value"]},{"$i":"days-ago-short","$v":{"other":["Prije ",{"t":"idOrVar","v":"value"},"d"],"zero":"danas"},"$x":[{"t":"idOrVar","v":"plural"},"value"]},{"$i":"minutes-until-short","$v":{"other":["za ",{"t":"idOrVar","v":"value"},"m"],"zero":"sada"},"$x":[{"t":"idOrVar","v":"plural"},"value"]},{"$i":"hours-until-short","$v":{"other":["za ",{"t":"idOrVar","v":"value"},"s"],"zero":"sada"},"$x":[{"t":"idOrVar","v":"plural"},"value"]},{"$i":"days-until-short","$v":{"other":["za ",{"t":"idOrVar","v":"value"},"d"],"zero":"danas"},"$x":[{"t":"idOrVar","v":"plural"},"value"]},{"$i":"dateTimeFormat_%c","$v":"%a %b %e %Y %I:%M:%S %p"},{"$i":"dateTimeFormat_%x","$v":"%m/%d/%Y"},{"$i":"dateTimeFormat_%X","$v":"%I:%M:%S %p"},{"$i":"shortTimeFormat","$v":"%I:%M %p"},{"$i":"shortTimeFormat12","$v":"%I:%M %p"},{"$i":"shortTimeFormat24","$v":"%H:%M"},{"$i":"shortDateTimeFormat","$v":"%x %I:%M %p"},{"$i":"weekStartsOnMonday","$v":"0.0"},{"$i":"firstDayOfTheWeek","$v":"1.0"},{"$i":"time_am","$v":"AM"},{"$i":"time_pm","$v":"PM"},{"$i":"softkey-options","$v":"Opcije"},{"$i":"emergencyNumber","$v":"Broj za hitne sluč."},{"$i":"callAirplaneModeMessage","$v":"Da uputite poziv, onemogućite način rada u avionu u postavkama."},{"$i":"callAirplaneModeBtnOk","$v":"OK"},{"$i":"callAirplaneModeTitle","$v":"Način rada u avionu je aktiviran"},{"$i":"numberIsBusyTitle","$v":"Broj je zauzet"},{"$i":"numberIsBusyMessage","$v":"Broj je trenutno zauzet. Pokušajte ponovo kasnije."},{"$i":"fdnIsActiveTitle","$v":"FDN je aktiviran"},{"$i":"fdnIsActiveMessage","$v":["FDN (brojevi fiksnog biranja) je aktiviran i sljedeći broj nije na vašoj FDN listi: ",{"t":"idOrVar","v":"number"}]},{"$i":"emergencyDialogBodyBadNumber","$v":"Da biste uputili poziv, telefon mora biti povezan na mrežu."},{"$i":"emergencyDialogBodyDeviceNotAccepted","$v":"Pozive u hitnim slučajevima ne dozvoljava mreža."},{"$i":"emergencyDialogBtnOk","$v":"OK"},{"$i":"emergencyDialogTitle","$v":"Nema internet veze"},{"$i":"invalidNumberToDialTitle","$v":"Nevažeći broj telefona"},{"$i":"invalidNumberToDialMessage","$v":"Broj telefona koji zovete nije važeći."},{"$i":"unableToCallTitle","$v":"Nije moguće obaviti poziv."},{"$i":"unableToCallMessage","$v":"Trenutno nije moguće obaviti poziv"},{"$i":"otherConnectionInUseTitle","$v":"Druga veza u upotrebi"},{"$i":"otherConnectionInUseMessage","$v":"Imate aktivan poziv na drugoj vezi. Ne možete koristiti obje veze u isto vrijeme."},{"$i":"connectingEllipsis","$v":"Povezivanje..."}]