[{"$i":"messages","$v":"Zpráva"},{"$i":"deleteMessages-title","$v":"Vybrat"},{"$i":"selectThreads-title","$v":"Vybrat"},{"$i":"edit","$v":"Upravit"},{"$i":"back","$v":"Zpět"},{"$i":"cancel","$v":"Zrušit"},{"$i":"delete","$v":"Odstranit"},{"$i":"deleting-messages","$v":"Odstraňování…"},{"$i":"deselect","$v":"Zrušit výběr"},{"$i":"selected-threads","$v":{"few":[{"t":"idOrVar","v":"n"}," vybráno"],"many":[{"t":"idOrVar","v":"n"}," vybráno"],"one":[{"t":"idOrVar","v":"n"}," vybráno"],"other":[{"t":"idOrVar","v":"n"}," vybráno"],"two":[{"t":"idOrVar","v":"n"}," vybráno"],"zero":"0 vybráno"},"$x":[{"t":"idOrVar","v":"plural"},"n"]},{"$i":"selected-messages","$v":{"few":[{"t":"idOrVar","v":"n"}," vybráno"],"many":[{"t":"idOrVar","v":"n"}," vybráno"],"one":[{"t":"idOrVar","v":"n"}," vybráno"],"other":[{"t":"idOrVar","v":"n"}," vybráno"],"two":[{"t":"idOrVar","v":"n"}," vybráno"],"zero":"0 vybráno"},"$x":[{"t":"idOrVar","v":"plural"},"n"]},{"$i":"selectThreads-label","$v":"Vybrat vlákna"},{"$i":"selectMessages-label","$v":"Vybrat zprávy"},{"$i":"new-message","$v":"Nová zpráva"},{"$i":"delete-thread","$v":"Odstranit vlákno"},{"$i":"create-new-contact","$v":"Vytvořit nový kontakt"},{"$i":"add-to-contact","$v":"Přidat ke stáv. kontaktu"},{"$i":"select-thread","$v":"Vybrat vlákno"},{"$i":"settings","$v":"Nastavení"},{"$i":"select-all","$v":"Vybrat vše"},{"$i":"deselect-all","$v":"Zrušit výběr všeho"},{"$i":"select","$v":"Vybrat"},{"$i":"sk-save-as-draft","$v":"Uložit jako koncept"},{"$i":"next","$v":"Další"},{"$i":"send","$v":"Odeslat"},{"$i":"add-contact","$v":"Přidat kontakt"},{"$i":"add-suggestion","$v":"Vybrat"},{"$i":"add-subject","$v":"Přidat předmět"},{"$i":"remove-subject","$v":"Odebrat předmět"},{"$i":"add-attachment","$v":"Přidat přílohu"},{"$i":"remove-attachment","$v":"Odebrat přílohu"},{"$i":"replace-attachment","$v":"Nahradit přílohu"},{"$i":"select-messages","$v":"Vybrat zprávy"},{"$i":"call","$v":"Volat"},{"$i":"forward","$v":"Přeposlat"},{"$i":"view-message-report","$v":"Zobrazit detaily zprávy"},{"$i":"cancel-view-report","$v":"Zrušit"},{"$i":"ok","$v":"OK"},{"$i":"enter","$v":"Zadat"},{"$i":"open","$v":"Otevřít"},{"$i":"to","$v":"Komu"},{"$i":"new","$v":"Nový"},{"$i":"message","$v":"Zpráva"},{"$i":"messagesInput_placeholder","$v":"Zpráva"},{"$i":"messagesSubjectInput_placeholder","$v":"Předmět"},{"$i":"subjectComposerInput_placeholder","$v":"Předmět"},{"$i":"converted-to-mms","$v":"Převádí se na multimediální zprávu."},{"$i":"converted-to-sms","$v":"Převádí se na text. zprávu."},{"$i":"messages-max-length-text","$v":"Byla dosažena maximální délka."},{"$i":"messages-max-subject-length-text","$v":"Byla dosažena max. délka předmětu."},{"$i":"multimedia-message-exceeded-max-length","$v":["Tato zpráva překračuje limit velikosti ",{"t":"idOrVar","v":"mmsSize"}," MB pro jednotlivé multimediální zprávy."]},{"$i":"newMessage","$v":"Nová zpráva"},{"$i":"sendMessage","$v":"Odeslat zprávu"},{"$i":"sendMMSToEmail","$v":"Odeslat multimed. zprávu"},{"$i":"no-recipient","$v":"(Žádný příjemce)"},{"$i":"recipient","$v":{"few":[{"t":"idOrVar","v":"n"}," příjemci/příjemců"],"many":[{"t":"idOrVar","v":"n"}," příjemci/příjemců"],"one":[{"t":"idOrVar","v":"n"}," příjemce"],"other":[{"t":"idOrVar","v":"n"}," příjemci/příjemců"],"two":[{"t":"idOrVar","v":"n"}," příjemci/příjemců"]},"$x":[{"t":"idOrVar","v":"plural"},"n"]},{"$i":"attachmentSizeB","$v":[{"t":"idOrVar","v":"n"}," B"]},{"$i":"attachmentSizeKB","$v":[{"t":"idOrVar","v":"n"}," KB"]},{"$i":"attachmentSizeMB","$v":[{"t":"idOrVar","v":"n"}," MB"]},{"$i":"attachmentOpenError","$v":"K otevření souboru tohoto typu není k dispozici žádná aplikace."},{"$i":"remove","$v":"Odebrat"},{"$i":"participant","$v":{"few":[{"t":"idOrVar","v":"n"}," účastníci/účastníků"],"many":[{"t":"idOrVar","v":"n"}," účastníci/účastníků"],"one":[{"t":"idOrVar","v":"n"}," účastník"],"other":[{"t":"idOrVar","v":"n"}," účastníci/účastníků"],"two":[{"t":"idOrVar","v":"n"}," účastníci/účastníků"]},"$x":[{"t":"idOrVar","v":"plural"},"n"]},{"$i":"message-report","$v":"Hlášení o zprávě"},{"$i":"message-type-sms","$v":"Textová zpráva (SMS)"},{"$i":"message-type-mms","$v":"Multimediální zpráva (MMS)"},{"$i":"sms-report-description","$v":["SMS zpráva byla odeslána ",{"t":"idOrVar","v":"datetime"}]},{"$i":"mms-report-description","$v":["MMS s předmětem ",{"t":"idOrVar","v":"subject"}," byla odeslána ",{"t":"idOrVar","v":"datetime"}]},{"$i":"mms-no-subject-report-description","$v":["MMS byla odeslána ",{"t":"idOrVar","v":"datetime"}]},{"$i":"message-subject","$v":"Předmět:"},{"$i":"report-status-error","$v":"Zprávu nelze odeslat"},{"$i":"report-status-not-downloaded","$v":"nestaženo"},{"$i":"report-status-delivered","$v":"Doručeno:"},{"$i":"report-status-read","$v":"Číst:"},{"$i":"report-status-pending","$v":"Požadována zpráva"},{"$i":"report-status-rejected","$v":"Zpráva odmítnuta"},{"$i":"message-size-was","$v":"Velikost zprávy:"},{"$i":"report-to-title","$v":"Komu"},{"$i":"report-from-title","$v":"Od"},{"$i":"message-sent","$v":"Odesláno:"},{"$i":"message-sending","$v":[{"t":"idOrVar","v":"message-delivery-status-sending"}]},{"$i":"message-received","$v":"Přijato:"},{"$i":"message-via","$v":"Přes:"},{"$i":"message-resend","$v":"Odeslat znovu"},{"$i":"search","$v":"Hledat"},{"$i":"unknown-contact-title","$v":"Neznámý kontakt"},{"$i":"phone-type-separator","$v":", "},{"$i":"phone-carrier-separator","$v":" "},{"$i":"thread-participant-separator","$v":", "},{"$i":"replace-draft","$v":"Nahradit stávající koncept"},{"$i":"save-as-draft","$v":"Uložit"},{"$i":"discard-message","$v":"Zahodit"},{"$i":"discard-sms","$v":"Opravdu chcete tuto zprávu zahodit?"},{"$i":"discard-new-message","$v":"Zahodit rozepsanou zprávu a otevřít novou?"},{"$i":"resend-confirmation","$v":"Zprávu nebylo možné odeslat. Zkusit znovu?"},{"$i":"resend-message","$v":"Odeslat zprávu znovu"},{"$i":"deleteMessage-confirmation","$v":"Odstranit vybranou zprávu?"},{"$i":"deleteMessages-confirmation","$v":"Odstranit vybrané zprávy?"},{"$i":"deleteThreads-confirmation2","$v":{"one":"Odstranit vybrané vlákno zpráv?","other":"Odstranit vybraná vlákna zpráv?"},"$x":[{"t":"idOrVar","v":"plural"},"n"]},{"$i":"new-message-notice-text","$v":"Nová zpráva od"},{"$i":"new-message-notice-a-text","$v":"Přečíst"},{"$i":"noMessages-title","$v":"Žádné zprávy"},{"$i":"noMessages-text","$v":"Stisknutím Nová začnete komunikovat."},{"$i":"sendDefaultErrorTitle","$v":"Odeslat selhání"},{"$i":"sendDefaultErrorBody","$v":"Při odesílání zprávy došlo k potížím. Akci opakujte."},{"$i":"sendDefaultErrorBtnOk","$v":"OK"},{"$i":"sendMissingSimCardTitle","$v":"Odeslat selhání"},{"$i":"sendMissingSimCardBody","$v":"Pokračujte vložením platné SIM karty."},{"$i":"sendMissingSimCardBtnOk","$v":"OK"},{"$i":"sendFlightModeTitle","$v":"Odeslat selhání"},{"$i":"sendFlightModeBody","$v":"Pro odesílání zpráv vypněte režim V letadle."},{"$i":"sendFlightModeBtnOk","$v":"OK"},{"$i":"radioDisabledToDownloadTitle","$v":"Stažení chyby"},{"$i":"radioDisabledToDownloadBody","$v":"Chcete-li použít stahování přílohy, vypněte režim V letadle."},{"$i":"radioDisabledToDownloadBtnOk","$v":[{"t":"idOrVar","v":"sendFlightModeBtnOk"}]},{"$i":"downloadDefaultErrorTitle","$v":"Stažení chyby"},{"$i":"downloadDefaultErrorBody","$v":"Při stahování zprávy došlo k problému. Prosím zkuste to znovu."},{"$i":"downloadDefaultErrorBtnOk","$v":[{"t":"idOrVar","v":"sendDefaultErrorBtnOk"}]},{"$i":"fdnErrorTitle","$v":"Odeslat selhání"},{"$i":"needConnectWifiBody","$v":"Není k dispozici žádná síť pro paketová data. Zprávy odešlete po připojení k dostupné síti Wi-Fi."},{"$i":"needConnectWifiTitle","$v":"Zpráva neodeslána"},{"$i":"mmsChanelUsedBody","$v":"Nalezena zpráva MMS odeslaná jiným odb. než DDS. Vyčkejte na dokončení odesílání."},{"$i":"mmsChanelUsedTitle","$v":"Použitý kanál MMS"},{"$i":"sms-counter-notice-label","$v":["Upravování zprávy SMS ",{"t":"idOrVar","v":"number"}]},{"$i":"fdnErrorBody","$v":{"few":"Je aktivována funkce FDN (pevná vytáčecí čísla). Zajistěte, aby v seznamu FDN bylo středisko SMS a následující příjemci.","many":"Je aktivována funkce FDN (pevná vytáčecí čísla). Zajistěte, aby v seznamu FDN bylo středisko SMS a následující příjemci.","one":"Je aktivována funkce FDN (pevná vytáčecí čísla). Zajistěte, aby v seznamu FDN bylo středisko SMS a následující příjemce.","other":"Je aktivována funkce FDN (pevná vytáčecí čísla). Zajistěte, aby v seznamu FDN bylo středisko SMS a následující příjemci.","two":"Je aktivována funkce FDN (pevná vytáčecí čísla). Zajistěte, aby v seznamu FDN bylo středisko SMS a následující příjemci."},"$x":[{"t":"idOrVar","v":"plural"},"n"]},{"$i":"fdnErrorBtnOk","$v":"OK"},{"$i":"sendNoSignalErrorTitle","$v":"Odeslat selhání"},{"$i":"sendNoSignalErrorBody","$v":"Ověřte, zda máte signál, a akci opakujte."},{"$i":"sendNoSignalErrorBtnOk","$v":"OK"},{"$i":"sendNotFoundErrorTitle","$v":"Odeslat selhání"},{"$i":"sendNotFoundErrorBody","$v":"Hledaná zpráva již není dostupná."},{"$i":"sendNotFoundErrorBtnOk","$v":"OK"},{"$i":"sendInvalidAddressErrorTitle","$v":"Odeslat selhání"},{"$i":"sendInvalidAddressErrorBody","$v":"Ověřte, zda je mobilní číslo, na které data odesíláte, platné."},{"$i":"sendInvalidAddressErrorBtnOk","$v":"OK"},{"$i":"simNotMatchedErrorTitle","$v":"Nelze stáhnout"},{"$i":"simNotMatchedErrorBody","$v":"Ověřte, zda se k přijetí této zprávy používá vložená SIM karta."},{"$i":"simNotMatchedErrorBtnOk","$v":"OK"},{"$i":"netWorkErrorTitle","$v":"Chyba sítě"},{"$i":"netWorkErrorBody","$v":"Došlo k problémům se sítí. Zkontrolujte připojení."},{"$i":"netWorkErrorBtnOk","$v":"OK"},{"$i":"deleted-sms","$v":"Tato zpráva již byla odstraněna."},{"$i":"view-attachment-image","$v":"Zobrazit"},{"$i":"view-attachment-audio","$v":"Poslouchat"},{"$i":"view-attachment-video","$v":"Zobrazit"},{"$i":"view-attachment-other","$v":"Zobrazit"},{"$i":"remove-attachment-image","$v":"Odebrat obrázek"},{"$i":"remove-attachment-audio","$v":"Odebrat audio"},{"$i":"remove-attachment-video","$v":"Odebrat video"},{"$i":"remove-attachment-other","$v":"Odebrat přílohu"},{"$i":"replace-attachment-image","$v":"Nahradit obrázek"},{"$i":"replace-attachment-audio","$v":"Nahradit audio"},{"$i":"replace-attachment-video","$v":"Nahradit video"},{"$i":"replace-attachment-other","$v":"Nahradit přílohu"},{"$i":"unsent-message-title","$v":"Neodeslaná zpráva"},{"$i":"unsent-message-description","$v":"Předchozí zpráva nebyla odeslána. Chcete neodeslanou zprávu upravit nebo zahodit a pokračovat?"},{"$i":"unsent-message-option-edit","$v":"Upravit"},{"$i":"unsent-message-option-discard","$v":"Zahodit"},{"$i":"message-options","$v":"Možnosti zprávy"},{"$i":"select-text","$v":"Vybrat text"},{"$i":"mobile","$v":"Mobilní"},{"$i":"home","$v":"Domů"},{"$i":"work","$v":"Práce"},{"$i":"personal","$v":"Osobní"},{"$i":"faxHome","$v":"Fax domů"},{"$i":"faxOffice","$v":"Fax pracovní"},{"$i":"faxOther","$v":"Fax jiný"},{"$i":"another","$v":"Jiný"},{"$i":"other","$v":"Jiné"},{"$i":"today","$v":"Dnes"},{"$i":"yesterday","$v":"Včera"},{"$i":"incorrectDate","$v":"(nesprávné datum)"},{"$i":"addToExistingContact","$v":"Přidat ke stáv. kontaktu"},{"$i":"createNewContact","$v":"Vytvořit nový kontakt"},{"$i":"viewContact","$v":"Zobrazit kontakt"},{"$i":"sendEmail","$v":"Odeslat e-mail"},{"$i":"mms-message","$v":"Zpráva MMS"},{"$i":"notDownloaded-title","$v":"Zpráva ještě nebyla stažena."},{"$i":"tobedownloaded-attachment","$v":["Obdrželi jste multimediální zprávu. Stisknutím Stáhnout ji stáhněte před ",{"t":"idOrVar","v":"date"},"."]},{"$i":"expired-attachment","$v":["Zpráva bohužel vypršela dne ",{"t":"idOrVar","v":"date"}," a nelze ji stáhnout."]},{"$i":"download-attachment","$v":"Stáhnout"},{"$i":"downloading-attachment","$v":"Stahování…"},{"$i":"download-complete","$v":"Stažení dokončeno"},{"$i":"unnamed-attachment","$v":"bez názvu"},{"$i":"mms-label","$v":"MMS"},{"$i":"group-label","$v":"SKUPINA"},{"$i":"attached-files-too-large","$v":{"few":["Tyto zprávy překračují limit velikosti ",{"t":"idOrVar","v":"mmsSize"}," MB pro jednotlivé multimediální zprávy."],"many":["Tyto zprávy překračují limit velikosti ",{"t":"idOrVar","v":"mmsSize"}," MB pro jednotlivé multimediální zprávy."],"one":["Tato zpráva překračuje limit velikosti ",{"t":"idOrVar","v":"mmsSize"}," MB pro jednotlivé multimediální zprávy."],"other":["Tyto zprávy překračují limit velikosti ",{"t":"idOrVar","v":"mmsSize"}," MB pro jednotlivé multimediální zprávy."],"two":["Tyto zprávy překračují limit velikosti ",{"t":"idOrVar","v":"mmsSize"}," MB pro jednotlivé multimediální zprávy."],"zero":["Tyto zprávy překračují limit velikosti ",{"t":"idOrVar","v":"mmsSize"}," MB pro jednotlivé multimediální zprávy."]},"$x":[{"t":"idOrVar","v":"plural"},"n"]},{"$i":"resize-image","$v":"Změna velikosti připoj. obrázku"},{"$i":"no-attachment-text","$v":"U připojeného souboru byl zjištěn problém a nelze jej stáhnout."},{"$i":"message-draft-saved","$v":"Zpráva uložena jako koncept"},{"$i":"sim-id-label","$v":["SIM ",{"t":"idOrVar","v":"id"}]},{"$i":"sim-detail","$v":["SIM ",{"t":"idOrVar","v":"id"},", ",{"t":"idOrVar","v":"detailString"}]},{"$i":"dsds-notification-title-with-sim","$v":["(",{"t":"idOrVar","v":"sim"},") ",{"t":"idOrVar","v":"sender"}]},{"$i":"send-button","ariaLabel":"Odeslat"},{"$i":"send-button-sim-indication","$v":[{"t":"idOrVar","v":"n"}],"ariaLabel":["používá se SIM ",{"t":"idOrVar","v":"n"}]},{"$i":"expiry-date-format","$v":"%A, %b %e"},{"$i":"attach-button","ariaLabel":"Přidat přílohu"},{"$i":"contact-photo","ariaLabel":"Foto kontaktu"},{"$i":"unread-thread","ariaLabel":"Nepřečtené"},{"$i":"has-draft","ariaLabel":"Má koncept"},{"$i":"is-draft","ariaLabel":"Koncept"},{"$i":"message-delivery-status-sending","$v":"Odesílání…"},{"$i":"message-delivery-status-delivered","$v":"Doručeno"},{"$i":"message-delivery-status-read","ariaLabel":"Přečíst"},{"$i":"message-delivery-status-error","ariaLabel":"Chyba"},{"$i":"modal-dialog-ok-button","$v":"OK"},{"$i":"modal-dialog-cancel-button","$v":"Zrušit"},{"$i":"modal-dialog-default-title","$v":"Zprávy"},{"$i":"delete-message","$v":"Zpráva odstraněna"},{"$i":"message-converted-to-toast","$v":["Zpráva převedena na ",{"t":"idOrVar","v":"type"}]},{"$i":"message-sent-toast","$v":"Zpráva odeslána"},{"$i":"deleteMessage-confirmation2","$v":"Odstranit vybrané vlákno zpráv?"},{"$i":"deleted-message","$v":{"few":["Počet odstraněných zpráv: ",{"t":"idOrVar","v":"n"}],"many":["Počet odstraněných zpráv: ",{"t":"idOrVar","v":"n"}],"one":["Počet odstraněných zpráv: ",{"t":"idOrVar","v":"n"}],"other":["Počet odstraněných zpráv: ",{"t":"idOrVar","v":"n"}],"two":["Počet odstraněných zpráv: ",{"t":"idOrVar","v":"n"}],"zero":"0 odstraněných zpráv"},"$x":[{"t":"idOrVar","v":"plural"},"n"]},{"$i":"deleted-threads","$v":{"few":["Počet odstraněných vláken zpráv: ",{"t":"idOrVar","v":"n"}],"many":["Počet odstraněných vláken zpráv: ",{"t":"idOrVar","v":"n"}],"one":"Vlákno odstraněno","other":["Počet odstraněných vláken zpráv: ",{"t":"idOrVar","v":"n"}],"two":["Počet odstraněných vláken zpráv: ",{"t":"idOrVar","v":"n"}],"zero":"0 odstraněných vláken"},"$x":[{"t":"idOrVar","v":"plural"},"n"]},{"$i":"wapPushMessages","$v":"Nabízené zprávy WAP"},{"$i":"auto-retrieve-messages","$v":"Autom. načíst zprávy"},{"$i":"auto-retrieve-messages-title","$v":"Autom. načíst zprávy"},{"$i":"auto-roaming-retrieve","$v":"Zapnuto s roamingem"},{"$i":"auto-no-roaming-retrieve","$v":"Zapnuto bez roamingu"},{"$i":"mmsTitle","$v":"Multimediální zprávy (MMS)"},{"$i":"message-delivery-reports","$v":"Doručenky"},{"$i":"message-delivery-reports-title","$v":"Doručenky"},{"$i":"messageReport-title","$v":"Detaily zprávy"},{"$i":"sms-label","$v":"SMS"},{"$i":"messaging-settings","$v":"Nastavení zpráv"},{"$i":"messagingSettings-header","$v":[{"t":"idOrVar","v":"messaging-settings"}]},{"$i":"confirmation-title","$v":"Potvrzení"},{"$i":"draft-save-content","$v":"Uložit jako koncept?"},{"$i":"draft-discard-content","$v":"Zpráva zahozena"},{"$i":"switch-on","$v":"Zap."},{"$i":"switch-off","$v":"Vyp."},{"$i":"auto-retrieve-desc","$v":"Automaticky načíst zprávy"},{"$i":"confirm-dialog-ok","$v":"OK"},{"$i":"yes","$v":"Ano"},{"$i":"no","$v":"Ne"},{"$i":"delete-current-thread?","$v":"Odstranit vybrané vlákno zpráv?"},{"$i":"attention","$v":"Pozor"},{"$i":"delivery-title","$v":"Textové zprávy (SMS)"},{"$i":"send-failed","$v":"Odeslání selhalo."},{"$i":"subject-removed","$v":"Předmět odebrán."},{"$i":"data-storage-limit-alert-title","$v":"Úložiště telefonu je plné."},{"$i":"data-storage-limit-send-body","$v":"MMS nelze odeslat. Vymažte zprávy nebo přejděte do nastavení a uvolněte místo."},{"$i":"data-storage-limit-download-body","$v":"MMS nelze stáhnout. Vymažte zprávy nebo přejděte do nastavení a uvolněte místo."},{"$i":"data-storage-limit-alert-cancel","$v":"Zrušit"},{"$i":"data-storage-limit-alert-setting","$v":"Nastavení"},{"$i":"recipient-repeat","$v":"Zkopírovat kontakt."},{"$i":"email","$v":"E-MAIL"},{"$i":"options","$v":"Možnosti"},{"$i":"emergency-alert-title","$v":"Nouzová upozornění"},{"$i":"emergency-alert","$v":"Nouzová upozornění"},{"$i":"wappushNormal","$v":"Nabízené zprávy WAP"},{"$i":"wappushSIM1","$v":"Nabízené zprávy WAP – SIM 1"},{"$i":"wappushSIM2","$v":"Nabízené zprávy WAP – SIM 2"},{"$i":"not-assigned","$v":"Nepřiřazeno"},{"$i":"switchSIMDataSendAlertTitle","$v":"Zprávu MMS se nepodařilo odeslat."},{"$i":"switchSIMDataSendAlertBody","$v":["Odeslání zprávy MMS vyžaduje, abyste v nastavení Správce SIM změnili SIM kartu pro data na SIM kartu ",{"t":"idOrVar","v":"nonActiveSimId"},"."]},{"$i":"switchSIMDataSendAlertDesc","$v":"Nastavení je možné změnit v aplikaci Nastavení."},{"$i":"switchSIMDataReceiveAlertTitle","$v":"Zprávu MMS se nepodařilo přijmout."},{"$i":"switchSIMDataReceiveAlertBody","$v":["Příjem zprávy MMS vyžaduje, abyste v nastavení Správce SIM změnili SIM kartu pro data na SIM kartu ",{"t":"idOrVar","v":"nonActiveSimId"},"."]},{"$i":"switchSIMDataReceiveAlertDesc","$v":"Nastavení je možné změnit v aplikaci Nastavení."},{"$i":"group-message","$v":"Skupinová zpráva"},{"$i":"individual-message","$v":"Zpráva pro jednoho"},{"$i":"group-message-alert-title","$v":"Skupinová zpráva"},{"$i":"group-message-alert-body","$v":"Vytvořit skupinovou zprávu? (Skupinová zpráva bude odeslána jako MMS a SMS, což v závislosti na vašem tarifu může znamenat další poplatky účtované poskytovatelem služby bezdrátové sítě pro zasílání zpráv.)"},{"$i":"group-message-individual","$v":"Zachovat jednotlivé"},{"$i":"group-message-setting","$v":"Vytvořit skupinu"},{"$i":"new-message-individual","$v":"Nová zpráva (jedna osoba)"},{"$i":"new-message-group","$v":"Nová zpráva (skupina)"},{"$i":"no-phone-number","$v":"Nepřiřazeno"},{"$i":"device-phone-number","$v":"Moje tel. číslo"},{"$i":"group-message-phone","$v":"Skupinové zprávy"},{"$i":"my-phone-number","$v":"Moje tel. číslo"},{"$i":"delivery-notification","$v":"Zpráva doručena"},{"$i":"wait","$v":"čeká"},{"$i":"isTextTooLongAlert","$v":"Byla překročena maximální délka zprávy."},{"$i":"video-call","$v":"Videohovor"},{"$i":"normal-call","$v":"Hovor"},{"$i":"attachment","$v":"Příloha"},{"$i":"limit-MMS-recipients","$v":"Pro zprávy MMS lze nastavit maximálně 20 příjemců."},{"$i":"block-contact","$v":"Zablokovat kontakt"},{"$i":"blocked","$v":"Zablokovat"},{"$i":"unblocked","$v":"Odblokovat"},{"$i":"rtt-call","$v":"RTT volání"},{"$i":"remove-all-attachments","$v":"Odebrat všechny přílohy"},{"$i":"block-confirmation","$v":"Zablokovaní lidé vám nebudou moci volat ani posílat zprávy."},{"$i":"space-low-not-save","$v":"Úložiště je plné, koncept nelze uložit."},{"$i":"sms-encoding-mode","$v":"Kódování SMS zpráv"},{"$i":"sms-reduced-format","$v":"Zkrácený formát"},{"$i":"sms-full-format","$v":"Plný formát"},{"$i":"smscNormal","$v":"Servisní středisko"},{"$i":"smscSIM1","$v":"SIM1 – servisní středisko"},{"$i":"smscSIM2","$v":"SIM2 – servisní středisko"},{"$i":"withoutDataTitle","$v":"Selhání"},{"$i":"withoutDataBody","$v":"Chcete-li odesílat nebo stahovat zprávy MMS, povolte v aplikaci Nastavení datového připojení"},{"$i":"withoutDataBtnOk","$v":"OK"},{"$i":"withoutDataBtnSettings","$v":"Nastavení"},{"$i":"weekday-0-long","$v":"Neděle"},{"$i":"weekday-1-long","$v":"Pondělí"},{"$i":"weekday-2-long","$v":"Úterý"},{"$i":"weekday-3-long","$v":"Středa"},{"$i":"weekday-4-long","$v":"Čtvrtek"},{"$i":"weekday-5-long","$v":"Pátek"},{"$i":"weekday-6-long","$v":"Sobota"},{"$i":"weekday-0-short","$v":"Ne"},{"$i":"weekday-1-short","$v":"Po"},{"$i":"weekday-2-short","$v":"Út"},{"$i":"weekday-3-short","$v":"St"},{"$i":"weekday-4-short","$v":"Čt"},{"$i":"weekday-5-short","$v":"Pá"},{"$i":"weekday-6-short","$v":"So"},{"$i":"month-0-long","$v":"Leden"},{"$i":"month-1-long","$v":"Únor"},{"$i":"month-2-long","$v":"Březen"},{"$i":"month-3-long","$v":"Duben"},{"$i":"month-4-long","$v":"Květen"},{"$i":"month-5-long","$v":"Červen"},{"$i":"month-6-long","$v":"Červenec"},{"$i":"month-7-long","$v":"Srpen"},{"$i":"month-8-long","$v":"Září"},{"$i":"month-9-long","$v":"Říjen"},{"$i":"month-10-long","$v":"Listopad"},{"$i":"month-11-long","$v":"Prosinec"},{"$i":"month-0-genitive","$v":"Leden"},{"$i":"month-1-genitive","$v":"Únor"},{"$i":"month-2-genitive","$v":"Březen"},{"$i":"month-3-genitive","$v":"Duben"},{"$i":"month-4-genitive","$v":"Květen"},{"$i":"month-5-genitive","$v":"Červen"},{"$i":"month-6-genitive","$v":"Červenec"},{"$i":"month-7-genitive","$v":"Srpen"},{"$i":"month-8-genitive","$v":"Září"},{"$i":"month-9-genitive","$v":"Říjen"},{"$i":"month-10-genitive","$v":"Listopad"},{"$i":"month-11-genitive","$v":"Prosinec"},{"$i":"month-0-short","$v":"Led"},{"$i":"month-1-short","$v":"Úno"},{"$i":"month-2-short","$v":"Bře"},{"$i":"month-3-short","$v":"Dub"},{"$i":"month-4-short","$v":"Kvě"},{"$i":"month-5-short","$v":"Čer"},{"$i":"month-6-short","$v":"Čvc"},{"$i":"month-7-short","$v":"Srp"},{"$i":"month-8-short","$v":"Zář"},{"$i":"month-9-short","$v":"Říj"},{"$i":"month-10-short","$v":"Lis"},{"$i":"month-11-short","$v":"Pro"},{"$i":"minutes-ago-long","$v":{"few":["před ",{"t":"idOrVar","v":"value"}," minutami"],"many":["před ",{"t":"idOrVar","v":"value"}," minutami"],"one":"před minutou","other":["před ",{"t":"idOrVar","v":"value"}," minutami"],"two":["před ",{"t":"idOrVar","v":"value"}," minutami"],"zero":"právě teď"},"$x":[{"t":"idOrVar","v":"plural"},"value"]},{"$i":"hours-ago-long","$v":{"few":["před ",{"t":"idOrVar","v":"value"}," hodinami"],"many":["před ",{"t":"idOrVar","v":"value"}," hodinami"],"one":"před hodinou","other":["před ",{"t":"idOrVar","v":"value"}," hodinami"],"two":["před ",{"t":"idOrVar","v":"value"}," hodinami"],"zero":"právě teď"},"$x":[{"t":"idOrVar","v":"plural"},"value"]},{"$i":"days-ago-long","$v":{"few":["před ",{"t":"idOrVar","v":"value"}," dny"],"many":["před ",{"t":"idOrVar","v":"value"}," dny"],"one":"včera","other":["před ",{"t":"idOrVar","v":"value"}," dny"],"two":["před ",{"t":"idOrVar","v":"value"}," dny"],"zero":"dnes"},"$x":[{"t":"idOrVar","v":"plural"},"value"]},{"$i":"weeks-ago-long","$v":{"few":["před ",{"t":"idOrVar","v":"value"}," týdny"],"many":["před ",{"t":"idOrVar","v":"value"}," týdny"],"one":"minulý týden","other":["před ",{"t":"idOrVar","v":"value"}," týdny"],"two":["před ",{"t":"idOrVar","v":"value"}," týdny"],"zero":"tento týden"},"$x":[{"t":"idOrVar","v":"plural"},"value"]},{"$i":"months-ago-long","$v":{"few":["před ",{"t":"idOrVar","v":"value"}," měsíci"],"many":["před ",{"t":"idOrVar","v":"value"}," měsíci"],"one":"poslední měsíc","other":["před ",{"t":"idOrVar","v":"value"}," měsíci"],"two":["před ",{"t":"idOrVar","v":"value"}," měsíci"],"zero":"tento měsíc"},"$x":[{"t":"idOrVar","v":"plural"},"value"]},{"$i":"years-ago-long","$v":{"few":["před ",{"t":"idOrVar","v":"value"}," lety"],"many":["před ",{"t":"idOrVar","v":"value"}," lety"],"one":"minulý rok","other":["před ",{"t":"idOrVar","v":"value"}," lety"],"two":["před ",{"t":"idOrVar","v":"value"}," lety"],"zero":"tento rok"},"$x":[{"t":"idOrVar","v":"plural"},"value"]},{"$i":"minutes-until-long","$v":{"few":["za ",{"t":"idOrVar","v":"value"}," min."],"many":["za ",{"t":"idOrVar","v":"value"}," min."],"one":"za minutu","other":["za ",{"t":"idOrVar","v":"value"}," min."],"two":["za ",{"t":"idOrVar","v":"value"}," min."],"zero":"nyní"},"$x":[{"t":"idOrVar","v":"plural"},"value"]},{"$i":"hours-until-long","$v":{"few":["za ",{"t":"idOrVar","v":"value"}," hod."],"many":["za ",{"t":"idOrVar","v":"value"}," hod."],"one":"za hodinu","other":["za ",{"t":"idOrVar","v":"value"}," hod."],"two":["za ",{"t":"idOrVar","v":"value"}," hod."],"zero":"nyní"},"$x":[{"t":"idOrVar","v":"plural"},"value"]},{"$i":"days-until-long","$v":{"few":["za ",{"t":"idOrVar","v":"value"}," dny/dní"],"many":["za ",{"t":"idOrVar","v":"value"}," dny/dní"],"one":"zítra","other":["za ",{"t":"idOrVar","v":"value"}," dny/dní"],"two":["za ",{"t":"idOrVar","v":"value"}," dny/dní"],"zero":"dnes"},"$x":[{"t":"idOrVar","v":"plural"},"value"]},{"$i":"weeks-until-long","$v":{"few":["za ",{"t":"idOrVar","v":"value"}," týdny/týdnů"],"many":["za ",{"t":"idOrVar","v":"value"}," týdny/týdnů"],"one":"příští týden","other":["za ",{"t":"idOrVar","v":"value"}," týdny/týdnů"],"two":["za ",{"t":"idOrVar","v":"value"}," týdny/týdnů"],"zero":"tento týden"},"$x":[{"t":"idOrVar","v":"plural"},"value"]},{"$i":"months-until-long","$v":{"few":["za ",{"t":"idOrVar","v":"value"}," měsíce/měsíců"],"many":["za ",{"t":"idOrVar","v":"value"}," měsíce/měsíců"],"one":"příští měsíc","other":["za ",{"t":"idOrVar","v":"value"}," měsíce/měsíců"],"two":["za ",{"t":"idOrVar","v":"value"}," měsíce/měsíců"],"zero":"tento měsíc"},"$x":[{"t":"idOrVar","v":"plural"},"value"]},{"$i":"years-until-long","$v":{"few":["za ",{"t":"idOrVar","v":"value"}," roky/let"],"many":["za ",{"t":"idOrVar","v":"value"}," roky/let"],"one":"příští rok","other":["za ",{"t":"idOrVar","v":"value"}," roky/let"],"two":["za ",{"t":"idOrVar","v":"value"}," roky/let"],"zero":"tento rok"},"$x":[{"t":"idOrVar","v":"plural"},"value"]},{"$i":"minutes-ago-short","$v":{"other":["před ",{"t":"idOrVar","v":"value"}," m"],"zero":"právě teď"},"$x":[{"t":"idOrVar","v":"plural"},"value"]},{"$i":"hours-ago-short","$v":{"other":["před ",{"t":"idOrVar","v":"value"}," h"],"zero":"právě teď"},"$x":[{"t":"idOrVar","v":"plural"},"value"]},{"$i":"days-ago-short","$v":{"other":["před ",{"t":"idOrVar","v":"value"}," d"],"zero":"dnes"},"$x":[{"t":"idOrVar","v":"plural"},"value"]},{"$i":"minutes-until-short","$v":{"other":["za ",{"t":"idOrVar","v":"value"}," m"],"zero":"nyní"},"$x":[{"t":"idOrVar","v":"plural"},"value"]},{"$i":"hours-until-short","$v":{"other":["za ",{"t":"idOrVar","v":"value"}," h"],"zero":"nyní"},"$x":[{"t":"idOrVar","v":"plural"},"value"]},{"$i":"days-until-short","$v":{"other":["za ",{"t":"idOrVar","v":"value"}," d"],"zero":"dnes"},"$x":[{"t":"idOrVar","v":"plural"},"value"]},{"$i":"dateTimeFormat_%c","$v":"%a %b %e %Y %I:%M:%S %p"},{"$i":"dateTimeFormat_%x","$v":"%m/%d/%Y"},{"$i":"dateTimeFormat_%X","$v":"%I:%M:%S %p"},{"$i":"shortTimeFormat","$v":"%I:%M %p"},{"$i":"shortTimeFormat12","$v":"%I:%M %p"},{"$i":"shortTimeFormat24","$v":"%H:%M"},{"$i":"shortDateTimeFormat","$v":"%x %I:%M %p"},{"$i":"weekStartsOnMonday","$v":"0.0"},{"$i":"firstDayOfTheWeek","$v":"1.0"},{"$i":"time_am","$v":"dop."},{"$i":"time_pm","$v":"odp."},{"$i":"softkey-options","$v":"Možnosti"},{"$i":"emergencyNumber","$v":"Číslo tísňového volání"},{"$i":"callAirplaneModeMessage","$v":"K uskutečnění hovoru je nutno v nastavení zakázat režim letadla."},{"$i":"callAirplaneModeBtnOk","$v":"OK"},{"$i":"callAirplaneModeTitle","$v":"Režim letadla aktivován"},{"$i":"numberIsBusyTitle","$v":"Číslo je obsazeno"},{"$i":"numberIsBusyMessage","$v":"Číslo je nyní obsazené. Zkuste to později znovu."},{"$i":"fdnIsActiveTitle","$v":"FDN aktivní"},{"$i":"fdnIsActiveMessage","$v":["Je aktivována funkce FDN (pevná vytáčecí čísla) a toto číslo není v seznam FDN: ",{"t":"idOrVar","v":"number"}]},{"$i":"emergencyDialogBodyBadNumber","$v":"K uskutečnění hovoru je nutno telefon připojit k síti."},{"$i":"emergencyDialogBodyDeviceNotAccepted","$v":"Síť tísňová volání neumožňuje."},{"$i":"emergencyDialogBtnOk","$v":"OK"},{"$i":"emergencyDialogTitle","$v":"Žádné připojení k síti"},{"$i":"invalidNumberToDialTitle","$v":"Neplatné telefonní číslo"},{"$i":"invalidNumberToDialMessage","$v":"Volané telefonní číslo není platné."},{"$i":"unableToCallTitle","$v":"Volání nelze uskutečnit."},{"$i":"unableToCallMessage","$v":"Nyní nelze volat"},{"$i":"otherConnectionInUseTitle","$v":"Používá se jiné připojení"},{"$i":"otherConnectionInUseMessage","$v":"Máte aktivní volání na dalším připojení. V jednom okamžiku lze použít jen jedno připojení."},{"$i":"connectingEllipsis","$v":"Připojování…"}]