[{"$i":"messages","$v":"Besked"},{"$i":"deleteMessages-title","$v":"Vælg"},{"$i":"selectThreads-title","$v":"Vælg"},{"$i":"edit","$v":"Rediger"},{"$i":"back","$v":"Tilbage"},{"$i":"cancel","$v":"Annuller"},{"$i":"delete","$v":"Slet"},{"$i":"deleting-messages","$v":"Sletter…"},{"$i":"deselect","$v":"Fravælg"},{"$i":"selected-threads","$v":{"few":[{"t":"idOrVar","v":"n"}," valgt"],"many":[{"t":"idOrVar","v":"n"}," valgt"],"one":[{"t":"idOrVar","v":"n"}," valgt"],"other":[{"t":"idOrVar","v":"n"}," valgt"],"two":[{"t":"idOrVar","v":"n"}," valgt"],"zero":"0 valgt"},"$x":[{"t":"idOrVar","v":"plural"},"n"]},{"$i":"selected-messages","$v":{"few":[{"t":"idOrVar","v":"n"}," valgt"],"many":[{"t":"idOrVar","v":"n"}," valgt"],"one":[{"t":"idOrVar","v":"n"}," valgt"],"other":[{"t":"idOrVar","v":"n"}," valgt"],"two":[{"t":"idOrVar","v":"n"}," valgt"],"zero":"0 valgt"},"$x":[{"t":"idOrVar","v":"plural"},"n"]},{"$i":"selectThreads-label","$v":"Vælg tråde"},{"$i":"selectMessages-label","$v":"Vælg beskeder"},{"$i":"new-message","$v":"Ny besked"},{"$i":"delete-thread","$v":"Slet tråd"},{"$i":"create-new-contact","$v":"Opret ny kontakt"},{"$i":"add-to-contact","$v":"Føj til en eksisterende kontakt"},{"$i":"select-thread","$v":"Vælg tråd"},{"$i":"settings","$v":"Indstillinger"},{"$i":"select-all","$v":"Vælg alle"},{"$i":"deselect-all","$v":"Fravælg alle"},{"$i":"select","$v":"Vælg"},{"$i":"sk-save-as-draft","$v":"Gem som kladde"},{"$i":"next","$v":"Næste"},{"$i":"send","$v":"Send"},{"$i":"add-contact","$v":"Tilføj kontakt"},{"$i":"add-suggestion","$v":"Vælg"},{"$i":"add-subject","$v":"Tilføj emne"},{"$i":"remove-subject","$v":"Fjern emne"},{"$i":"add-attachment","$v":"Tilføj vedhæftet fil"},{"$i":"remove-attachment","$v":"Fjern vedhæftet fil"},{"$i":"replace-attachment","$v":"Udskift vedhæftet fil"},{"$i":"select-messages","$v":"Vælg beskeder"},{"$i":"call","$v":"Opkald"},{"$i":"forward","$v":"Omstil"},{"$i":"view-message-report","$v":"Vis beskeddetaljer"},{"$i":"cancel-view-report","$v":"Annuller"},{"$i":"ok","$v":"OK"},{"$i":"enter","$v":"Indtast"},{"$i":"open","$v":"Åbn"},{"$i":"to","$v":"Til"},{"$i":"new","$v":"Ny"},{"$i":"message","$v":"Besked"},{"$i":"messagesInput_placeholder","$v":"Besked"},{"$i":"messagesSubjectInput_placeholder","$v":"Emne"},{"$i":"subjectComposerInput_placeholder","$v":"Emne"},{"$i":"converted-to-mms","$v":"Konverterer til mms-besked."},{"$i":"converted-to-sms","$v":"Konverterer til sms-besked."},{"$i":"messages-max-length-text","$v":"Du har nået den maksimale længde."},{"$i":"messages-max-subject-length-text","$v":"Maksimal længde på emne nået."},{"$i":"multimedia-message-exceeded-max-length","$v":["Denne besked overstiger grænsen på ",{"t":"idOrVar","v":"mmsSize"}," MB for en enkelt mms-besked."]},{"$i":"newMessage","$v":"Ny besked"},{"$i":"sendMessage","$v":"Send besked"},{"$i":"sendMMSToEmail","$v":"Send mms-besked"},{"$i":"no-recipient","$v":"(Ingen modtager)"},{"$i":"recipient","$v":{"few":[{"t":"idOrVar","v":"n"}," modtagere"],"many":[{"t":"idOrVar","v":"n"}," modtagere"],"one":[{"t":"idOrVar","v":"n"}," modtager"],"other":[{"t":"idOrVar","v":"n"}," modtagere"],"two":[{"t":"idOrVar","v":"n"}," modtagere"]},"$x":[{"t":"idOrVar","v":"plural"},"n"]},{"$i":"attachmentSizeB","$v":[{"t":"idOrVar","v":"n"}," B"]},{"$i":"attachmentSizeKB","$v":[{"t":"idOrVar","v":"n"}," KB"]},{"$i":"attachmentSizeMB","$v":[{"t":"idOrVar","v":"n"}," MB"]},{"$i":"attachmentOpenError","$v":"Der er ingen tilgængelig app, som kan åbne denne filtype."},{"$i":"remove","$v":"Fjern"},{"$i":"participant","$v":{"few":[{"t":"idOrVar","v":"n"}," deltagere"],"many":[{"t":"idOrVar","v":"n"}," deltagere"],"one":[{"t":"idOrVar","v":"n"}," deltager"],"other":[{"t":"idOrVar","v":"n"}," deltagere"],"two":[{"t":"idOrVar","v":"n"}," deltagere"]},"$x":[{"t":"idOrVar","v":"plural"},"n"]},{"$i":"message-report","$v":"Beskedrapport"},{"$i":"message-type-sms","$v":"Tekstmeddelelse (SMS)"},{"$i":"message-type-mms","$v":"Multimediemeddelelse (MMS)"},{"$i":"sms-report-description","$v":["Din SMS blev sendt ",{"t":"idOrVar","v":"datetime"}]},{"$i":"mms-report-description","$v":["Din mms-besked med emnet ",{"t":"idOrVar","v":"subject"}," blev sendt ",{"t":"idOrVar","v":"datetime"}]},{"$i":"mms-no-subject-report-description","$v":["Din mms-besked blev sendt ",{"t":"idOrVar","v":"datetime"}]},{"$i":"message-subject","$v":"Emne:"},{"$i":"report-status-error","$v":"Beskeden kunne ikke sendes"},{"$i":"report-status-not-downloaded","$v":"ikke downloadet"},{"$i":"report-status-delivered","$v":"Leveret:"},{"$i":"report-status-read","$v":"Læs:"},{"$i":"report-status-pending","$v":"Anmodet om rapport"},{"$i":"report-status-rejected","$v":"Besked afvist"},{"$i":"message-size-was","$v":"Beskedstørrelse:"},{"$i":"report-to-title","$v":"Til"},{"$i":"report-from-title","$v":"Fra"},{"$i":"message-sent","$v":"Sendt:"},{"$i":"message-sending","$v":[{"t":"idOrVar","v":"message-delivery-status-sending"}]},{"$i":"message-received","$v":"Modtaget:"},{"$i":"message-via","$v":"Via:"},{"$i":"message-resend","$v":"Send igen"},{"$i":"search","$v":"Søg"},{"$i":"unknown-contact-title","$v":"Ukendt kontakt"},{"$i":"phone-type-separator","$v":", "},{"$i":"phone-carrier-separator","$v":" "},{"$i":"thread-participant-separator","$v":", "},{"$i":"replace-draft","$v":"Erstat eksisterende kladde"},{"$i":"save-as-draft","$v":"Gem"},{"$i":"discard-message","$v":"Kassér"},{"$i":"discard-sms","$v":"Er du sikker på, at du vil kassere denne meddelelse?"},{"$i":"discard-new-message","$v":"Kassér den meddelelse, du er ved at oprette, og åbn den nye meddelelse?"},{"$i":"resend-confirmation","$v":"Beskeden kunne ikke sendes. Prøv igen?"},{"$i":"resend-message","$v":"Send denne besked igen"},{"$i":"deleteMessage-confirmation","$v":"Slet den valgte besked?"},{"$i":"deleteMessages-confirmation","$v":"Slet de valgte beskeder?"},{"$i":"deleteThreads-confirmation2","$v":{"one":"Slet den valgte meddelelsestråd?","other":"Slet de valgte meddelelsestråde?"},"$x":[{"t":"idOrVar","v":"plural"},"n"]},{"$i":"new-message-notice-text","$v":"Ny besked fra"},{"$i":"new-message-notice-a-text","$v":"Læs det"},{"$i":"noMessages-title","$v":"Ingen beskeder"},{"$i":"noMessages-text","$v":"Tryk på Ny for at begynde at kommunikere."},{"$i":"sendDefaultErrorTitle","$v":"Send fejl"},{"$i":"sendDefaultErrorBody","$v":"Der opstod en fejl under afsendelse af meddelelsen. Prøv igen."},{"$i":"sendDefaultErrorBtnOk","$v":"OK"},{"$i":"sendMissingSimCardTitle","$v":"Send fejl"},{"$i":"sendMissingSimCardBody","$v":"Indsæt et gyldigt SIM-kort for at fortsætte."},{"$i":"sendMissingSimCardBtnOk","$v":"OK"},{"$i":"sendFlightModeTitle","$v":"Send fejl"},{"$i":"sendFlightModeBody","$v":"Slå flytilstand fra for at sende beskeder."},{"$i":"sendFlightModeBtnOk","$v":"OK"},{"$i":"radioDisabledToDownloadTitle","$v":"Download fejl"},{"$i":"radioDisabledToDownloadBody","$v":"Slå flytilstand fra for at downloade vedhæftede filer."},{"$i":"radioDisabledToDownloadBtnOk","$v":[{"t":"idOrVar","v":"sendFlightModeBtnOk"}]},{"$i":"downloadDefaultErrorTitle","$v":"Download fejl"},{"$i":"downloadDefaultErrorBody","$v":"Der opstod et problem ved at downloade beskeden. Prøv igen."},{"$i":"downloadDefaultErrorBtnOk","$v":[{"t":"idOrVar","v":"sendDefaultErrorBtnOk"}]},{"$i":"fdnErrorTitle","$v":"Send fejl"},{"$i":"needConnectWifiBody","$v":"Intet mobilt datanetværk tilgængeligt. Opret forbindelse til et tilgængeligt Wi-Fi-netværk for at se beskeder."},{"$i":"needConnectWifiTitle","$v":"Beskeden blev ikke sendt"},{"$i":"mmsChanelUsedBody","$v":"En MMS-besked er ved at blive sendt via et ikke-DDS undersystem. Vent, indtil afsendelsen er færdig."},{"$i":"mmsChanelUsedTitle","$v":"Anvendt MMS-kanal"},{"$i":"sms-counter-notice-label","$v":["Redigerer SMS ",{"t":"idOrVar","v":"number"}]},{"$i":"fdnErrorBody","$v":{"few":"Begrænsede numre er aktiveret. Sørg for, at SMS-center og følgende modtagere er på din liste over begrænsede numre.","many":"Begrænsede numre er aktiveret. Sørg for, at SMS-center og følgende modtagere er på din liste over begrænsede numre.","one":"Begrænsede numre er aktiveret. Sørg for, at SMS-center og følgende modtager er på din liste over begrænsede numre.","other":"Begrænsede numre er aktiveret. Sørg for, at SMS-center og følgende modtagere er på din liste over begrænsede numre.","two":"Begrænsede numre er aktiveret. Sørg for, at SMS-center og følgende modtagere er på din liste over begrænsede numre."},"$x":[{"t":"idOrVar","v":"plural"},"n"]},{"$i":"fdnErrorBtnOk","$v":"OK"},{"$i":"sendNoSignalErrorTitle","$v":"Send fejl"},{"$i":"sendNoSignalErrorBody","$v":"Sørg for, at du har et mobilsignal, og prøv igen."},{"$i":"sendNoSignalErrorBtnOk","$v":"OK"},{"$i":"sendNotFoundErrorTitle","$v":"Send fejl"},{"$i":"sendNotFoundErrorBody","$v":"Den besked, du søger efter, er ikke længere tilgængelig."},{"$i":"sendNotFoundErrorBtnOk","$v":"OK"},{"$i":"sendInvalidAddressErrorTitle","$v":"Send fejl"},{"$i":"sendInvalidAddressErrorBody","$v":"Sørg for, at det mobilnummer, du sender til, er gyldigt."},{"$i":"sendInvalidAddressErrorBtnOk","$v":"OK"},{"$i":"simNotMatchedErrorTitle","$v":"Kunne ikke downloade"},{"$i":"simNotMatchedErrorBody","$v":"Sørg for, at det indsatte SIM-kort er det kort, der bruges til at modtage denne besked."},{"$i":"simNotMatchedErrorBtnOk","$v":"OK"},{"$i":"netWorkErrorTitle","$v":"Netværksfejl"},{"$i":"netWorkErrorBody","$v":"Der er problemer med netværket, kontrollér det først."},{"$i":"netWorkErrorBtnOk","$v":"OK"},{"$i":"deleted-sms","$v":"Denne besked er allerede slettet."},{"$i":"view-attachment-image","$v":"Vis"},{"$i":"view-attachment-audio","$v":"Aflyt"},{"$i":"view-attachment-video","$v":"Vis"},{"$i":"view-attachment-other","$v":"Vis"},{"$i":"remove-attachment-image","$v":"Fjern billede"},{"$i":"remove-attachment-audio","$v":"Fjern lyd"},{"$i":"remove-attachment-video","$v":"Fjern video"},{"$i":"remove-attachment-other","$v":"Fjern vedhæftet fil"},{"$i":"replace-attachment-image","$v":"Udskift billede"},{"$i":"replace-attachment-audio","$v":"Udskift lyd"},{"$i":"replace-attachment-video","$v":"Udskift video"},{"$i":"replace-attachment-other","$v":"Udskift vedhæftet fil"},{"$i":"unsent-message-title","$v":"Ikke-sendt besked"},{"$i":"unsent-message-description","$v":"Din forrige besked blev ikke sendt. Vil du redigere den ikke-sendte besked eller kassere den og fortsætte?"},{"$i":"unsent-message-option-edit","$v":"Rediger"},{"$i":"unsent-message-option-discard","$v":"Kassér"},{"$i":"message-options","$v":"Beskedindstillinger"},{"$i":"select-text","$v":"Vælg tekst"},{"$i":"mobile","$v":"Mobil"},{"$i":"home","$v":"Hjem"},{"$i":"work","$v":"Arbejde"},{"$i":"personal","$v":"Personlig"},{"$i":"faxHome","$v":"Fax privat"},{"$i":"faxOffice","$v":"Fax kontor"},{"$i":"faxOther","$v":"Fax andet"},{"$i":"another","$v":"En anden"},{"$i":"other","$v":"Andet"},{"$i":"today","$v":"I dag"},{"$i":"yesterday","$v":"I går"},{"$i":"incorrectDate","$v":"(forkert dato)"},{"$i":"addToExistingContact","$v":"Føj til en eksisterende kontakt"},{"$i":"createNewContact","$v":"Opret ny kontakt"},{"$i":"viewContact","$v":"Vis kontakt"},{"$i":"sendEmail","$v":"Send e-mail"},{"$i":"mms-message","$v":"MMS-besked"},{"$i":"notDownloaded-title","$v":"Besked er ikke downloadet endnu."},{"$i":"tobedownloaded-attachment","$v":["Du har modtaget en mms-besked. Tryk på Download for at hente indholdet inden ",{"t":"idOrVar","v":"date"},"."]},{"$i":"expired-attachment","$v":["Meddelelsen udløb den ",{"t":"idOrVar","v":"date"}," og kan ikke hentes."]},{"$i":"download-attachment","$v":"Overfør"},{"$i":"downloading-attachment","$v":"Henter…"},{"$i":"download-complete","$v":"Overførsel fuldført"},{"$i":"unnamed-attachment","$v":"uden titel"},{"$i":"mms-label","$v":"MMS-besked"},{"$i":"group-label","$v":"GRUPPE"},{"$i":"attached-files-too-large","$v":{"few":["Disse beskeder overstiger grænsen på ",{"t":"idOrVar","v":"mmsSize"}," MB for en enkelt mms-besked."],"many":["Disse beskeder overstiger grænsen på ",{"t":"idOrVar","v":"mmsSize"}," MB for en enkelt mms-besked."],"one":["Denne besked overstiger grænsen på ",{"t":"idOrVar","v":"mmsSize"}," MB for en enkelt mms-besked."],"other":["Disse beskeder overstiger grænsen på ",{"t":"idOrVar","v":"mmsSize"}," MB for en enkelt mms-besked."],"two":["Disse beskeder overstiger grænsen på ",{"t":"idOrVar","v":"mmsSize"}," MB for en enkelt mms-besked."],"zero":["Disse beskeder overstiger grænsen på ",{"t":"idOrVar","v":"mmsSize"}," MB for en enkelt mms-besked."]},"$x":[{"t":"idOrVar","v":"plural"},"n"]},{"$i":"resize-image","$v":"Tilpasser størrelsen på det vedhæftede billede"},{"$i":"no-attachment-text","$v":"Der er et problem med den vedhæftede fil, og den kan ikke hentes."},{"$i":"message-draft-saved","$v":"Beskeden er gemt som kladde"},{"$i":"sim-id-label","$v":["SIM ",{"t":"idOrVar","v":"id"}]},{"$i":"sim-detail","$v":["SIM ",{"t":"idOrVar","v":"id"},", ",{"t":"idOrVar","v":"detailString"}]},{"$i":"dsds-notification-title-with-sim","$v":["(",{"t":"idOrVar","v":"sim"},") ",{"t":"idOrVar","v":"sender"}]},{"$i":"send-button","ariaLabel":"Send"},{"$i":"send-button-sim-indication","$v":[{"t":"idOrVar","v":"n"}],"ariaLabel":["bruger SIM ",{"t":"idOrVar","v":"n"}]},{"$i":"expiry-date-format","$v":"%A, %b %e"},{"$i":"attach-button","ariaLabel":"Vedhæft fil"},{"$i":"contact-photo","ariaLabel":"Kontaktfoto"},{"$i":"unread-thread","ariaLabel":"Gør ulæst"},{"$i":"has-draft","ariaLabel":"Har kladde"},{"$i":"is-draft","ariaLabel":"Kladde"},{"$i":"message-delivery-status-sending","$v":"Sender…"},{"$i":"message-delivery-status-delivered","$v":"Leveret"},{"$i":"message-delivery-status-read","ariaLabel":"Læs"},{"$i":"message-delivery-status-error","ariaLabel":"Fejl"},{"$i":"modal-dialog-ok-button","$v":"OK"},{"$i":"modal-dialog-cancel-button","$v":"Annuller"},{"$i":"modal-dialog-default-title","$v":"Beskeder"},{"$i":"delete-message","$v":"Beskeden er slettet"},{"$i":"message-converted-to-toast","$v":["Besked konverteret til ",{"t":"idOrVar","v":"type"}]},{"$i":"message-sent-toast","$v":"Beskeden er sendt"},{"$i":"deleteMessage-confirmation2","$v":"Slet den valgte meddelelsestråd?"},{"$i":"deleted-message","$v":{"few":[{"t":"idOrVar","v":"n"}," meddelelser slettet"],"many":[{"t":"idOrVar","v":"n"}," meddelelser slettet"],"one":[{"t":"idOrVar","v":"n"}," meddelelse slettet"],"other":[{"t":"idOrVar","v":"n"}," meddelelser slettet"],"two":[{"t":"idOrVar","v":"n"}," meddelelser slettet"],"zero":"0 meddelelser slettet"},"$x":[{"t":"idOrVar","v":"plural"},"n"]},{"$i":"deleted-threads","$v":{"few":[{"t":"idOrVar","v":"n"}," meddelelsestråde slettet"],"many":[{"t":"idOrVar","v":"n"}," meddelelsestråde slettet"],"one":"Tråd slettet","other":[{"t":"idOrVar","v":"n"}," meddelelsestråde slettet"],"two":[{"t":"idOrVar","v":"n"}," meddelelsestråde slettet"],"zero":"0 tråde slettet"},"$x":[{"t":"idOrVar","v":"plural"},"n"]},{"$i":"wapPushMessages","$v":"WAP-push-beskeder"},{"$i":"auto-retrieve-messages","$v":"Hent automatisk beskeder"},{"$i":"auto-retrieve-messages-title","$v":"Hent automatisk beskeder"},{"$i":"auto-roaming-retrieve","$v":"Til med roaming"},{"$i":"auto-no-roaming-retrieve","$v":"Til uden roaming"},{"$i":"mmsTitle","$v":"Multimediemeddelelser (MMS)"},{"$i":"message-delivery-reports","$v":"Leveringsrapporter"},{"$i":"message-delivery-reports-title","$v":"Leveringsrapporter"},{"$i":"messageReport-title","$v":"Beskeddetaljer"},{"$i":"sms-label","$v":"Sms"},{"$i":"messaging-settings","$v":"Indstillinger for Beskeder"},{"$i":"messagingSettings-header","$v":[{"t":"idOrVar","v":"messaging-settings"}]},{"$i":"confirmation-title","$v":"Bekræftelse"},{"$i":"draft-save-content","$v":"Vil du gemme som kladde?"},{"$i":"draft-discard-content","$v":"Besked kasseret"},{"$i":"switch-on","$v":"Til"},{"$i":"switch-off","$v":"Fra"},{"$i":"auto-retrieve-desc","$v":"Hent automatisk meddelelser"},{"$i":"confirm-dialog-ok","$v":"OK"},{"$i":"yes","$v":"Ja"},{"$i":"no","$v":"Nej"},{"$i":"delete-current-thread?","$v":"Slet den valgte meddelelsestråd?"},{"$i":"attention","$v":"Bemærk"},{"$i":"delivery-title","$v":"Tekstmeddelelser (SMS)"},{"$i":"send-failed","$v":"Kunne ikke sendes."},{"$i":"subject-removed","$v":"Emne fjernet."},{"$i":"data-storage-limit-alert-title","$v":"Telefonens lager er fuldt."},{"$i":"data-storage-limit-send-body","$v":"Mms-beskeden kunne ikke sendes. Slet beskeder, eller gå til Indstillinger for at frigøre plads."},{"$i":"data-storage-limit-download-body","$v":"Mms-beskeden kunne ikke hentes. Slet beskeder, eller gå til Indstillinger for at frigøre plads."},{"$i":"data-storage-limit-alert-cancel","$v":"Annuller"},{"$i":"data-storage-limit-alert-setting","$v":"Indstillinger"},{"$i":"recipient-repeat","$v":"Dublet af kontakt."},{"$i":"email","$v":"E-MAIL"},{"$i":"options","$v":"Valg"},{"$i":"emergency-alert-title","$v":"Nødadvarsler"},{"$i":"emergency-alert","$v":"Nødadvarsler"},{"$i":"wappushNormal","$v":"WAP-push"},{"$i":"wappushSIM1","$v":"WAP-push - SIM 1"},{"$i":"wappushSIM2","$v":"WAP-push - SIM 2"},{"$i":"not-assigned","$v":"Ikke tildelt"},{"$i":"switchSIMDataSendAlertTitle","$v":"MMS-besked blev ikke sendt."},{"$i":"switchSIMDataSendAlertBody","$v":["For at sende MMS-beskeder skal du ændre SIM-kortet for data til SIM ",{"t":"idOrVar","v":"nonActiveSimId"}," under indstillingerne for SIM-styring."]},{"$i":"switchSIMDataSendAlertDesc","$v":"Gå til appen Indstillinger for at opdatere indstillingerne."},{"$i":"switchSIMDataReceiveAlertTitle","$v":"MMS-besked blev ikke modtaget."},{"$i":"switchSIMDataReceiveAlertBody","$v":["For at modtage MMS-beskeder skal du ændre SIM-kortet for data til SIM ",{"t":"idOrVar","v":"nonActiveSimId"}," under indstillingerne for SIM-styring."]},{"$i":"switchSIMDataReceiveAlertDesc","$v":"Gå til appen Indstillinger for at opdatere indstillingerne."},{"$i":"group-message","$v":"Gruppebesked"},{"$i":"individual-message","$v":"Individuel besked"},{"$i":"group-message-alert-title","$v":"Gruppebesked"},{"$i":"group-message-alert-body","$v":"Opret en gruppebesked? (Gruppebesked sendes via MMS og SMS, og der kan påløbe ekstra gebyrer fra leverandøren af trådløse beskeder, afhængigt af tjenesteplanen)."},{"$i":"group-message-individual","$v":"Bevar individuelle"},{"$i":"group-message-setting","$v":"Opret gruppe"},{"$i":"new-message-individual","$v":"Ny besked (individuel)"},{"$i":"new-message-group","$v":"Ny besked (gruppe)"},{"$i":"no-phone-number","$v":"Ikke tildelt"},{"$i":"device-phone-number","$v":"Mit telefonnummer"},{"$i":"group-message-phone","$v":"Gruppebeskeder"},{"$i":"my-phone-number","$v":"Mit telefonnummer"},{"$i":"delivery-notification","$v":"Beskeden er leveret"},{"$i":"wait","$v":"venter"},{"$i":"isTextTooLongAlert","$v":"Beskedens maksimale længde overskredet."},{"$i":"video-call","$v":"Videoopkald"},{"$i":"normal-call","$v":"Ring op"},{"$i":"attachment","$v":"Vedhæftet fil"},{"$i":"limit-MMS-recipients","$v":"Kan kun sende til op til 20 modtagere pr. MMS-besked."},{"$i":"block-contact","$v":"Blokér kontakt"},{"$i":"blocked","$v":"Blokér"},{"$i":"unblocked","$v":"Unblock"},{"$i":"rtt-call","$v":"RTT-opkald"},{"$i":"remove-all-attachments","$v":"Fjern alle vedhæftede"},{"$i":"block-confirmation","$v":"Du kan ikke modtage telefonopkald eller beskeder fra personer på listen Blokeret."},{"$i":"space-low-not-save","$v":"Lageret er fuldt. Kladden kan ikke gemmes."},{"$i":"sms-encoding-mode","$v":"Sms-kodning"},{"$i":"sms-reduced-format","$v":"Reduceret format"},{"$i":"sms-full-format","$v":"Fuldt format"},{"$i":"smscNormal","$v":"Servicecenter"},{"$i":"smscSIM1","$v":"Servicecenter SIM1"},{"$i":"smscSIM2","$v":"Servicecenter SIM2"},{"$i":"withoutDataTitle","$v":"Fejl"},{"$i":"withoutDataBody","$v":"Du skal aktivere Dataforbindelse i Indstillinger for at sende eller downloade MMS"},{"$i":"withoutDataBtnOk","$v":"OK"},{"$i":"withoutDataBtnSettings","$v":"Indstillinger"},{"$i":"weekday-0-long","$v":"Søndag"},{"$i":"weekday-1-long","$v":"Mandag"},{"$i":"weekday-2-long","$v":"Tirsdag"},{"$i":"weekday-3-long","$v":"Onsdag"},{"$i":"weekday-4-long","$v":"Torsdag"},{"$i":"weekday-5-long","$v":"Fredag"},{"$i":"weekday-6-long","$v":"Lørdag"},{"$i":"weekday-0-short","$v":"Søn"},{"$i":"weekday-1-short","$v":"Man"},{"$i":"weekday-2-short","$v":"Tir"},{"$i":"weekday-3-short","$v":"Ons"},{"$i":"weekday-4-short","$v":"Tor"},{"$i":"weekday-5-short","$v":"Fre"},{"$i":"weekday-6-short","$v":"Lør"},{"$i":"month-0-long","$v":"Januar"},{"$i":"month-1-long","$v":"Februar"},{"$i":"month-2-long","$v":"Marts"},{"$i":"month-3-long","$v":"April"},{"$i":"month-4-long","$v":"Maj"},{"$i":"month-5-long","$v":"Juni"},{"$i":"month-6-long","$v":"Juli"},{"$i":"month-7-long","$v":"August"},{"$i":"month-8-long","$v":"September"},{"$i":"month-9-long","$v":"Oktober"},{"$i":"month-10-long","$v":"November"},{"$i":"month-11-long","$v":"December"},{"$i":"month-0-genitive","$v":"Januar"},{"$i":"month-1-genitive","$v":"Februar"},{"$i":"month-2-genitive","$v":"Marts"},{"$i":"month-3-genitive","$v":"April"},{"$i":"month-4-genitive","$v":"Maj"},{"$i":"month-5-genitive","$v":"Juni"},{"$i":"month-6-genitive","$v":"Juli"},{"$i":"month-7-genitive","$v":"August"},{"$i":"month-8-genitive","$v":"September"},{"$i":"month-9-genitive","$v":"Oktober"},{"$i":"month-10-genitive","$v":"November"},{"$i":"month-11-genitive","$v":"December"},{"$i":"month-0-short","$v":"Jan"},{"$i":"month-1-short","$v":"Feb"},{"$i":"month-2-short","$v":"Mar"},{"$i":"month-3-short","$v":"Apr"},{"$i":"month-4-short","$v":"Maj"},{"$i":"month-5-short","$v":"Jun"},{"$i":"month-6-short","$v":"Jul"},{"$i":"month-7-short","$v":"Aug"},{"$i":"month-8-short","$v":"Sep"},{"$i":"month-9-short","$v":"Okt"},{"$i":"month-10-short","$v":"Nov"},{"$i":"month-11-short","$v":"Dec"},{"$i":"minutes-ago-long","$v":{"few":[{"t":"idOrVar","v":"value"}," minutter siden"],"many":[{"t":"idOrVar","v":"value"}," minutter siden"],"one":"et minut siden","other":[{"t":"idOrVar","v":"value"}," minutter siden"],"two":[{"t":"idOrVar","v":"value"}," minutter siden"],"zero":"lige nu"},"$x":[{"t":"idOrVar","v":"plural"},"value"]},{"$i":"hours-ago-long","$v":{"few":[{"t":"idOrVar","v":"value"}," timer siden"],"many":[{"t":"idOrVar","v":"value"}," timer siden"],"one":"for en time siden","other":[{"t":"idOrVar","v":"value"}," timer siden"],"two":[{"t":"idOrVar","v":"value"}," timer siden"],"zero":"lige nu"},"$x":[{"t":"idOrVar","v":"plural"},"value"]},{"$i":"days-ago-long","$v":{"few":[{"t":"idOrVar","v":"value"}," dage siden"],"many":[{"t":"idOrVar","v":"value"}," dage siden"],"one":"i går","other":[{"t":"idOrVar","v":"value"}," dage siden"],"two":[{"t":"idOrVar","v":"value"}," dage siden"],"zero":"i dag"},"$x":[{"t":"idOrVar","v":"plural"},"value"]},{"$i":"weeks-ago-long","$v":{"few":[{"t":"idOrVar","v":"value"}," uger siden"],"many":[{"t":"idOrVar","v":"value"}," uger siden"],"one":"sidste uge","other":[{"t":"idOrVar","v":"value"}," uger siden"],"two":[{"t":"idOrVar","v":"value"}," uger siden"],"zero":"denne uge"},"$x":[{"t":"idOrVar","v":"plural"},"value"]},{"$i":"months-ago-long","$v":{"few":[{"t":"idOrVar","v":"value"}," måneder siden"],"many":[{"t":"idOrVar","v":"value"}," måneder siden"],"one":"sidste måned","other":[{"t":"idOrVar","v":"value"}," måneder siden"],"two":[{"t":"idOrVar","v":"value"}," måneder siden"],"zero":"denne måned"},"$x":[{"t":"idOrVar","v":"plural"},"value"]},{"$i":"years-ago-long","$v":{"few":[{"t":"idOrVar","v":"value"}," år siden"],"many":[{"t":"idOrVar","v":"value"}," år siden"],"one":"sidste år","other":[{"t":"idOrVar","v":"value"}," år siden"],"two":[{"t":"idOrVar","v":"value"}," år siden"],"zero":"i år"},"$x":[{"t":"idOrVar","v":"plural"},"value"]},{"$i":"minutes-until-long","$v":{"few":["om ",{"t":"idOrVar","v":"value"}," minutter"],"many":["om ",{"t":"idOrVar","v":"value"}," minutter"],"one":"om et minut","other":["om ",{"t":"idOrVar","v":"value"}," minutter"],"two":["om ",{"t":"idOrVar","v":"value"}," minutter"],"zero":"nu"},"$x":[{"t":"idOrVar","v":"plural"},"value"]},{"$i":"hours-until-long","$v":{"few":["om ",{"t":"idOrVar","v":"value"}," timer"],"many":["om ",{"t":"idOrVar","v":"value"}," timer"],"one":"om en time","other":["om ",{"t":"idOrVar","v":"value"}," timer"],"two":["om ",{"t":"idOrVar","v":"value"}," timer"],"zero":"nu"},"$x":[{"t":"idOrVar","v":"plural"},"value"]},{"$i":"days-until-long","$v":{"few":["om ",{"t":"idOrVar","v":"value"}," dage"],"many":["om ",{"t":"idOrVar","v":"value"}," dage"],"one":"i morgen","other":["om ",{"t":"idOrVar","v":"value"}," dage"],"two":["om ",{"t":"idOrVar","v":"value"}," dage"],"zero":"i dag"},"$x":[{"t":"idOrVar","v":"plural"},"value"]},{"$i":"weeks-until-long","$v":{"few":["om ",{"t":"idOrVar","v":"value"}," uger"],"many":["om ",{"t":"idOrVar","v":"value"}," uger"],"one":"næste uge","other":["om ",{"t":"idOrVar","v":"value"}," uger"],"two":["om ",{"t":"idOrVar","v":"value"}," uger"],"zero":"denne uge"},"$x":[{"t":"idOrVar","v":"plural"},"value"]},{"$i":"months-until-long","$v":{"few":["om ",{"t":"idOrVar","v":"value"}," måneder"],"many":["om ",{"t":"idOrVar","v":"value"}," måneder"],"one":"næste måned","other":["om ",{"t":"idOrVar","v":"value"}," måneder"],"two":["om ",{"t":"idOrVar","v":"value"}," måneder"],"zero":"denne måned"},"$x":[{"t":"idOrVar","v":"plural"},"value"]},{"$i":"years-until-long","$v":{"few":["om ",{"t":"idOrVar","v":"value"}," år"],"many":["om ",{"t":"idOrVar","v":"value"}," år"],"one":"næste år","other":["om ",{"t":"idOrVar","v":"value"}," år"],"two":["om ",{"t":"idOrVar","v":"value"}," år"],"zero":"i år"},"$x":[{"t":"idOrVar","v":"plural"},"value"]},{"$i":"minutes-ago-short","$v":{"other":[{"t":"idOrVar","v":"value"},"m siden"],"zero":"lige nu"},"$x":[{"t":"idOrVar","v":"plural"},"value"]},{"$i":"hours-ago-short","$v":{"other":[{"t":"idOrVar","v":"value"},"t siden"],"zero":"lige nu"},"$x":[{"t":"idOrVar","v":"plural"},"value"]},{"$i":"days-ago-short","$v":{"other":[{"t":"idOrVar","v":"value"},"d siden"],"zero":"i dag"},"$x":[{"t":"idOrVar","v":"plural"},"value"]},{"$i":"minutes-until-short","$v":{"other":["om ",{"t":"idOrVar","v":"value"},"m"],"zero":"nu"},"$x":[{"t":"idOrVar","v":"plural"},"value"]},{"$i":"hours-until-short","$v":{"other":["om ",{"t":"idOrVar","v":"value"},"t"],"zero":"nu"},"$x":[{"t":"idOrVar","v":"plural"},"value"]},{"$i":"days-until-short","$v":{"other":["om ",{"t":"idOrVar","v":"value"},"d"],"zero":"i dag"},"$x":[{"t":"idOrVar","v":"plural"},"value"]},{"$i":"dateTimeFormat_%c","$v":"%a %b %e %Y %I:%M:%S %p"},{"$i":"dateTimeFormat_%x","$v":"%m/%d/%Y"},{"$i":"dateTimeFormat_%X","$v":"%I:%M:%S %p"},{"$i":"shortTimeFormat","$v":"%I:%M %p"},{"$i":"shortTimeFormat12","$v":"%I:%M %p"},{"$i":"shortTimeFormat24","$v":"%H:%M"},{"$i":"shortDateTimeFormat","$v":"%x %I:%M %p"},{"$i":"weekStartsOnMonday","$v":"0.0"},{"$i":"firstDayOfTheWeek","$v":"1.0"},{"$i":"time_am","$v":"AM"},{"$i":"time_pm","$v":"PM"},{"$i":"softkey-options","$v":"Valg"},{"$i":"emergencyNumber","$v":"Alarmnummer"},{"$i":"callAirplaneModeMessage","$v":"Hvis du vil foretage et opkald, skal du deaktivere flytilstand i Indstillinger."},{"$i":"callAirplaneModeBtnOk","$v":"OK"},{"$i":"callAirplaneModeTitle","$v":"Flytilstand aktiveret"},{"$i":"numberIsBusyTitle","$v":"Nummeret er optaget"},{"$i":"numberIsBusyMessage","$v":"Nummeret er optaget. Prøv igen senere."},{"$i":"fdnIsActiveTitle","$v":"Begrænsede numre aktiv"},{"$i":"fdnIsActiveMessage","$v":["Begrænsede numre er aktiveret, og følgende nummer er ikke på din liste over begrænsede numre: ",{"t":"idOrVar","v":"number"}]},{"$i":"emergencyDialogBodyBadNumber","$v":"Hvis du vil foretage et opkald, skal telefonen være forbundet til et netværk."},{"$i":"emergencyDialogBodyDeviceNotAccepted","$v":"Nødopkald er ikke tilladt af netværket."},{"$i":"emergencyDialogBtnOk","$v":"OK"},{"$i":"emergencyDialogTitle","$v":"Ingen netværksforbindelse"},{"$i":"invalidNumberToDialTitle","$v":"Ugyldigt telefonnummer"},{"$i":"invalidNumberToDialMessage","$v":"Det telefonnummer, du ringer til, er ikke gyldigt."},{"$i":"unableToCallTitle","$v":"Kan ikke foretage et opkald. "},{"$i":"unableToCallMessage","$v":"Der kan ikke foretages et telefonopkald nu"},{"$i":"otherConnectionInUseTitle","$v":"Anden forbindelse i brug"},{"$i":"otherConnectionInUseMessage","$v":"Du har et aktivt opkald på en anden forbindelse. Du kan kun bruge en forbindelse ad gangen."},{"$i":"connectingEllipsis","$v":"Opretter forbindelse..."}]