[{"$i":"messages","$v":"Message"},{"$i":"deleteMessages-title","$v":"Select"},{"$i":"selectThreads-title","$v":"Select"},{"$i":"edit","$v":"Edit"},{"$i":"back","$v":"Back"},{"$i":"cancel","$v":"Cancel"},{"$i":"delete","$v":"Delete"},{"$i":"deleting-messages","$v":"Deleting…"},{"$i":"deselect","$v":"Deselect"},{"$i":"selected-threads","$v":{"few":[{"t":"idOrVar","v":"n"}," Selected"],"many":[{"t":"idOrVar","v":"n"}," Selected"],"one":[{"t":"idOrVar","v":"n"}," Selected"],"other":[{"t":"idOrVar","v":"n"}," Selected"],"two":[{"t":"idOrVar","v":"n"}," Selected"],"zero":"0 Selected"},"$x":[{"t":"idOrVar","v":"plural"},"n"]},{"$i":"selected-messages","$v":{"few":[{"t":"idOrVar","v":"n"}," Selected"],"many":[{"t":"idOrVar","v":"n"}," Selected"],"one":[{"t":"idOrVar","v":"n"}," Selected"],"other":[{"t":"idOrVar","v":"n"}," Selected"],"two":[{"t":"idOrVar","v":"n"}," Selected"],"zero":"0 Selected"},"$x":[{"t":"idOrVar","v":"plural"},"n"]},{"$i":"selectThreads-label","$v":"Select Threads"},{"$i":"selectMessages-label","$v":"Select Messages"},{"$i":"new-message","$v":"New"},{"$i":"delete-thread","$v":"Delete Thread"},{"$i":"create-new-contact","$v":"Create New Contact"},{"$i":"add-to-contact","$v":"Add to an Existing Contact"},{"$i":"select-thread","$v":"Select Thread"},{"$i":"settings","$v":"Settings"},{"$i":"select-all","$v":"Select all"},{"$i":"deselect-all","$v":"None"},{"$i":"select","$v":"Select"},{"$i":"sk-save-as-draft","$v":"Save as draft"},{"$i":"next","$v":"Next"},{"$i":"send","$v":"Send"},{"$i":"add-contact","$v":"Add Contact"},{"$i":"add-suggestion","$v":"Select"},{"$i":"add-subject","$v":"Add Subject"},{"$i":"remove-subject","$v":"Remove Subject"},{"$i":"add-attachment","$v":"Add Attachment"},{"$i":"remove-attachment","$v":"Remove Attachment"},{"$i":"replace-attachment","$v":"Replace Attachment"},{"$i":"select-messages","$v":"Select Messages"},{"$i":"call","$v":"Call"},{"$i":"forward","$v":"Forward"},{"$i":"view-message-report","$v":"View message details"},{"$i":"cancel-view-report","$v":"Cancel"},{"$i":"ok","$v":"OK"},{"$i":"enter","$v":"Enter"},{"$i":"open","$v":"Open"},{"$i":"to","$v":"To"},{"$i":"new","$v":"New"},{"$i":"message","$v":"Message"},{"$i":"messagesInput_placeholder","$v":"Message"},{"$i":"messagesSubjectInput_placeholder","$v":"Subject"},{"$i":"subjectComposerInput_placeholder","$v":"Subject"},{"$i":"converted-to-mms","$v":"Converting to multimedia message."},{"$i":"converted-to-sms","$v":"Converting to text message."},{"$i":"messages-max-length-text","$v":"You’ve reached the maximum length."},{"$i":"messages-max-subject-length-text","$v":"Maximum length of subject reached."},{"$i":"multimedia-message-exceeded-max-length","$v":["This message exceeds the ",{"t":"idOrVar","v":"mmsSize"}," MB size limit of a single multimedia message."]},{"$i":"newMessage","$v":"New message"},{"$i":"sendMessage","$v":"Send message"},{"$i":"sendMMSToEmail","$v":"Send multimedia message"},{"$i":"no-recipient","$v":"(No recipient)"},{"$i":"recipient","$v":{"few":[{"t":"idOrVar","v":"n"}," recipients"],"many":[{"t":"idOrVar","v":"n"}," recipients"],"one":[{"t":"idOrVar","v":"n"}," recipient"],"other":[{"t":"idOrVar","v":"n"}," recipients"],"two":[{"t":"idOrVar","v":"n"}," recipients"]},"$x":[{"t":"idOrVar","v":"plural"},"n"]},{"$i":"attachmentSizeB","$v":[{"t":"idOrVar","v":"n"}," B"]},{"$i":"attachmentSizeKB","$v":[{"t":"idOrVar","v":"n"}," KB"]},{"$i":"attachmentSizeMB","$v":[{"t":"idOrVar","v":"n"}," MB"]},{"$i":"attachmentOpenError","$v":"There is no application available to open this file type."},{"$i":"remove","$v":"Remove"},{"$i":"participant","$v":{"few":[{"t":"idOrVar","v":"n"}," participants"],"many":[{"t":"idOrVar","v":"n"}," participants"],"one":[{"t":"idOrVar","v":"n"}," participant"],"other":[{"t":"idOrVar","v":"n"}," participants"],"two":[{"t":"idOrVar","v":"n"}," participants"]},"$x":[{"t":"idOrVar","v":"plural"},"n"]},{"$i":"message-report","$v":"Message report"},{"$i":"message-type-sms","$v":"Text Message (SMS)"},{"$i":"message-type-mms","$v":"Multimedia Message (MMS)"},{"$i":"sms-report-description","$v":["Your Text Message (SMS), was sent on ",{"t":"idOrVar","v":"datetime"}]},{"$i":"mms-report-description","$v":["Your Multimedia Message (MMS), subject ",{"t":"idOrVar","v":"subject"},", was sent on ",{"t":"idOrVar","v":"datetime"}]},{"$i":"mms-no-subject-report-description","$v":["Your Multimedia Message (MMS), was sent on ",{"t":"idOrVar","v":"datetime"}]},{"$i":"message-subject","$v":"Subject:"},{"$i":"report-status-error","$v":"Message could not be sent"},{"$i":"report-status-not-downloaded","$v":"not downloaded"},{"$i":"report-status-delivered","$v":"Delivered:"},{"$i":"report-status-read","$v":"Read:"},{"$i":"report-status-pending","$v":"Report requested"},{"$i":"report-status-rejected","$v":"Message rejected"},{"$i":"message-size-was","$v":"Message size:"},{"$i":"report-to-title","$v":"To"},{"$i":"report-from-title","$v":"From"},{"$i":"message-sent","$v":"Sent:"},{"$i":"message-sending","$v":[{"t":"idOrVar","v":"message-delivery-status-sending"}]},{"$i":"message-received","$v":"Received:"},{"$i":"message-via","$v":"Via:"},{"$i":"message-resend","$v":"Resend"},{"$i":"search","$v":"Search"},{"$i":"unknown-contact-title","$v":"Unknown Contact"},{"$i":"phone-type-separator","$v":", "},{"$i":"phone-carrier-separator","$v":" "},{"$i":"thread-participant-separator","$v":", "},{"$i":"replace-draft","$v":"Replace existing Draft"},{"$i":"save-as-draft","$v":"Save"},{"$i":"discard-message","$v":"Discard"},{"$i":"discard-sms","$v":"Are you sure you want to discard this message?"},{"$i":"discard-new-message","$v":"Discard the message you’re composing and open the new message?"},{"$i":"resend-confirmation","$v":"The message could not be sent. Try again?"},{"$i":"resend-message","$v":"Resend This Message"},{"$i":"deleteMessage-confirmation","$v":"Delete selected message?"},{"$i":"deleteMessages-confirmation","$v":"Delete selected messages?"},{"$i":"deleteThreads-confirmation2","$v":{"one":"Delete selected message thread?","other":"Delete selected message threads?"},"$x":[{"t":"idOrVar","v":"plural"},"n"]},{"$i":"new-message-notice-text","$v":"New message from"},{"$i":"new-message-notice-a-text","$v":"Read it"},{"$i":"noMessages-title","$v":"No messages"},{"$i":"noMessages-text","$v":"Press New to start communicating."},{"$i":"sendDefaultErrorTitle","$v":"Send Failure"},{"$i":"sendDefaultErrorBody","$v":"There was a problem sending the message. Please try again."},{"$i":"sendDefaultErrorBtnOk","$v":"OK"},{"$i":"sendMissingSimCardTitle","$v":"Send Failure"},{"$i":"sendMissingSimCardBody","$v":"Insert a valid SIM card to continue."},{"$i":"sendMissingSimCardBtnOk","$v":"OK"},{"$i":"sendFlightModeTitle","$v":"Send Failure"},{"$i":"sendFlightModeBody","$v":"Turn off airplane mode to send messages."},{"$i":"sendFlightModeBtnOk","$v":"OK"},{"$i":"radioDisabledToDownloadTitle","$v":"Download Failure"},{"$i":"radioDisabledToDownloadBody","$v":"Turn off airplane mode to download attachments."},{"$i":"radioDisabledToDownloadBtnOk","$v":[{"t":"idOrVar","v":"sendFlightModeBtnOk"}]},{"$i":"downloadDefaultErrorTitle","$v":"Download Failure"},{"$i":"downloadDefaultErrorBody","$v":"There was a problem downloading the message. Please try again."},{"$i":"downloadDefaultErrorBtnOk","$v":[{"t":"idOrVar","v":"sendDefaultErrorBtnOk"}]},{"$i":"fdnErrorTitle","$v":"Send Failure"},{"$i":"needConnectWifiBody","$v":"No mobile data network available. Connect to an available Wi-Fi network for messaging."},{"$i":"needConnectWifiTitle","$v":"Message not sent"},{"$i":"mmsChanelUsedBody","$v":"There is MMS sending by non-DDS sub, please wait for the sending process complete."},{"$i":"mmsChanelUsedTitle","$v":"MMS Chanel Used"},{"$i":"sms-counter-notice-label","$v":["Editing SMS ",{"t":"idOrVar","v":"number"}]},{"$i":"fdnErrorBody","$v":{"few":"FDN (Fixed Dialling Numbers) is activated. Make sure the SMS centre and the following recipients are in your FDN list.","many":"FDN (Fixed Dialling Numbers) is activated. Make sure the SMS centre and the following recipients are in your FDN list.","one":"FDN (Fixed Dialling Numbers) is activated. Make sure the SMS centre and the following recipient are in your FDN list.","other":"FDN (Fixed Dialling Numbers) is activated. Make sure the SMS centre and the following recipients are in your FDN list.","two":"FDN (Fixed Dialling Numbers) is activated. Make sure the SMS centre and the following recipients are in your FDN list."},"$x":[{"t":"idOrVar","v":"plural"},"n"]},{"$i":"fdnErrorBtnOk","$v":"OK"},{"$i":"sendNoSignalErrorTitle","$v":"Send Failure"},{"$i":"sendNoSignalErrorBody","$v":"Make sure you have a mobile signal and try again."},{"$i":"sendNoSignalErrorBtnOk","$v":"OK"},{"$i":"sendNotFoundErrorTitle","$v":"Send Failure"},{"$i":"sendNotFoundErrorBody","$v":"The message you’re looking for is no longer available."},{"$i":"sendNotFoundErrorBtnOk","$v":"OK"},{"$i":"sendInvalidAddressErrorTitle","$v":"Send Failure"},{"$i":"sendInvalidAddressErrorBody","$v":"Make sure the mobile number you’re sending to is valid."},{"$i":"sendInvalidAddressErrorBtnOk","$v":"OK"},{"$i":"simNotMatchedErrorTitle","$v":"Unable to download"},{"$i":"simNotMatchedErrorBody","$v":"Please make sure the SIM card inserted is the one used to receive this message."},{"$i":"simNotMatchedErrorBtnOk","$v":"OK"},{"$i":"netWorkErrorTitle","$v":"Network Failure"},{"$i":"netWorkErrorBody","$v":"The network has some problems, please check it first."},{"$i":"netWorkErrorBtnOk","$v":"OK"},{"$i":"deleted-sms","$v":"This message has already been deleted."},{"$i":"view-attachment-image","$v":"View"},{"$i":"view-attachment-audio","$v":"Listen"},{"$i":"view-attachment-video","$v":"View"},{"$i":"view-attachment-other","$v":"View"},{"$i":"remove-attachment-image","$v":"Remove image"},{"$i":"remove-attachment-audio","$v":"Remove audio"},{"$i":"remove-attachment-video","$v":"Remove video"},{"$i":"remove-attachment-other","$v":"Remove attachment"},{"$i":"replace-attachment-image","$v":"Replace image"},{"$i":"replace-attachment-audio","$v":"Replace audio"},{"$i":"replace-attachment-video","$v":"Replace video"},{"$i":"replace-attachment-other","$v":"Replace attachment"},{"$i":"unsent-message-title","$v":"Unsent Message"},{"$i":"unsent-message-description","$v":"Your previous message was not sent. Do you wish to edit the unsent message or discard it and continue?"},{"$i":"unsent-message-option-edit","$v":"Edit"},{"$i":"unsent-message-option-discard","$v":"Discard"},{"$i":"message-options","$v":"Message options"},{"$i":"select-text","$v":"Select text"},{"$i":"mobile","$v":"Mobile"},{"$i":"home","$v":"Home"},{"$i":"work","$v":"Work"},{"$i":"personal","$v":"Personal"},{"$i":"faxHome","$v":"Fax home"},{"$i":"faxOffice","$v":"Fax office"},{"$i":"faxOther","$v":"Fax other"},{"$i":"another","$v":"Another"},{"$i":"other","$v":"Other"},{"$i":"today","$v":"Today"},{"$i":"yesterday","$v":"Yesterday"},{"$i":"incorrectDate","$v":"(incorrect date)"},{"$i":"addToExistingContact","$v":"Add to an existing contact"},{"$i":"createNewContact","$v":"Create new contact"},{"$i":"viewContact","$v":"View contact"},{"$i":"sendEmail","$v":"Send Email"},{"$i":"mms-message","$v":"MMS message"},{"$i":"notDownloaded-title","$v":"Message is not downloaded yet."},{"$i":"tobedownloaded-attachment","$v":["You received a multimedia message, press Download to retrieve its content before ",{"t":"idOrVar","v":"date"},"."]},{"$i":"expired-attachment","$v":["Sorry, the message expired on ",{"t":"idOrVar","v":"date"}," and cannot be downloaded."]},{"$i":"download-attachment","$v":"Download"},{"$i":"downloading-attachment","$v":"Downloading…"},{"$i":"download-complete","$v":"Download complete"},{"$i":"unnamed-attachment","$v":"untitled"},{"$i":"mms-label","$v":"MMS"},{"$i":"group-label","$v":"GROUP"},{"$i":"attached-files-too-large","$v":{"few":["These messages exceed the ",{"t":"idOrVar","v":"mmsSize"}," MB size limit of a single multimedia message."],"many":["These messages exceed the ",{"t":"idOrVar","v":"mmsSize"}," MB size limit of a single multimedia message."],"one":["This message exceeds the ",{"t":"idOrVar","v":"mmsSize"}," MB size limit of a single multimedia message."],"other":["These messages exceed the ",{"t":"idOrVar","v":"mmsSize"}," MB size limit of a single multimedia message."],"two":["These messages exceed the ",{"t":"idOrVar","v":"mmsSize"}," MB size limit of a single multimedia message."],"zero":["These messages exceed the ",{"t":"idOrVar","v":"mmsSize"}," MB size limit of a single multimedia message."]},"$x":[{"t":"idOrVar","v":"plural"},"n"]},{"$i":"resize-image","$v":"Resizing the attached image"},{"$i":"no-attachment-text","$v":"There is a problem with the attached file and it cannot be downloaded."},{"$i":"message-draft-saved","$v":"Message saved as draft"},{"$i":"sim-id-label","$v":["SIM ",{"t":"idOrVar","v":"id"}]},{"$i":"sim-detail","$v":["SIM ",{"t":"idOrVar","v":"id"},", ",{"t":"idOrVar","v":"detailString"}]},{"$i":"dsds-notification-title-with-sim","$v":["(",{"t":"idOrVar","v":"sim"},") ",{"t":"idOrVar","v":"sender"}]},{"$i":"send-button","ariaLabel":"Send"},{"$i":"send-button-sim-indication","$v":[{"t":"idOrVar","v":"n"}],"ariaLabel":["using SIM ",{"t":"idOrVar","v":"n"}]},{"$i":"expiry-date-format","$v":"%A, %b %e"},{"$i":"attach-button","ariaLabel":"Add attachment"},{"$i":"contact-photo","ariaLabel":"Contact photo"},{"$i":"unread-thread","ariaLabel":"Unread"},{"$i":"has-draft","ariaLabel":"Has draft"},{"$i":"is-draft","ariaLabel":"Draft"},{"$i":"message-delivery-status-sending","$v":"Sending…"},{"$i":"message-delivery-status-delivered","$v":"Delivered"},{"$i":"message-delivery-status-read","ariaLabel":"Read"},{"$i":"message-delivery-status-error","ariaLabel":"Error"},{"$i":"modal-dialog-ok-button","$v":"OK"},{"$i":"modal-dialog-cancel-button","$v":"Cancel"},{"$i":"modal-dialog-default-title","$v":"Messages"},{"$i":"delete-message","$v":"Message deleted"},{"$i":"message-converted-to-toast","$v":["Message converted to ",{"t":"idOrVar","v":"type"}]},{"$i":"message-sent-toast","$v":"Message sent"},{"$i":"deleteMessage-confirmation2","$v":"Delete selected message thread?"},{"$i":"deleted-message","$v":{"few":[{"t":"idOrVar","v":"n"}," messages deleted"],"many":[{"t":"idOrVar","v":"n"}," messages deleted"],"one":[{"t":"idOrVar","v":"n"}," message deleted"],"other":[{"t":"idOrVar","v":"n"}," messages deleted"],"two":[{"t":"idOrVar","v":"n"}," messages deleted"],"zero":"0 message deleted"},"$x":[{"t":"idOrVar","v":"plural"},"n"]},{"$i":"deleted-threads","$v":{"few":[{"t":"idOrVar","v":"n"}," message threads deleted"],"many":[{"t":"idOrVar","v":"n"}," message threads deleted"],"one":"Thread deleted","other":[{"t":"idOrVar","v":"n"}," message threads deleted"],"two":[{"t":"idOrVar","v":"n"}," message threads deleted"],"zero":"0 Thread deleted"},"$x":[{"t":"idOrVar","v":"plural"},"n"]},{"$i":"wapPushMessages","$v":"WAP Push Messages"},{"$i":"auto-retrieve-messages","$v":"Auto retrieve messages"},{"$i":"auto-retrieve-messages-title","$v":"Auto Retrieve Messages"},{"$i":"auto-roaming-retrieve","$v":"On with roaming"},{"$i":"auto-no-roaming-retrieve","$v":"On without roaming"},{"$i":"mmsTitle","$v":"Multimedia Messaging (MMS)"},{"$i":"message-delivery-reports","$v":"Delivery report"},{"$i":"message-delivery-reports-title","$v":"Delivery Report"},{"$i":"messageReport-title","$v":"Message Details"},{"$i":"sms-label","$v":"SMS"},{"$i":"messaging-settings","$v":"Messaging Settings"},{"$i":"messagingSettings-header","$v":[{"t":"idOrVar","v":"messaging-settings"}]},{"$i":"confirmation-title","$v":"Confirmation"},{"$i":"draft-save-content","$v":"Save as Draft?"},{"$i":"draft-discard-content","$v":"Message discarded"},{"$i":"switch-on","$v":"On"},{"$i":"switch-off","$v":"Off"},{"$i":"auto-retrieve-desc","$v":"Automatically retrieve messages"},{"$i":"confirm-dialog-ok","$v":"OK"},{"$i":"yes","$v":"Yes"},{"$i":"no","$v":"No"},{"$i":"delete-current-thread?","$v":"Delete selected message thread?"},{"$i":"attention","$v":"Attention"},{"$i":"delivery-title","$v":"Text Messaging (SMS)"},{"$i":"send-failed","$v":"Send failed."},{"$i":"subject-removed","$v":"Subject removed."},{"$i":"data-storage-limit-alert-title","$v":"Phone Storage Full"},{"$i":"data-storage-limit-send-body","$v":"Unable to send MMS. Delete messages or go to Settings to free up space."},{"$i":"data-storage-limit-download-body","$v":"Unable to download MMS. Delete messages or go to Settings to free up space."},{"$i":"data-storage-limit-alert-cancel","$v":"Cancel"},{"$i":"data-storage-limit-alert-setting","$v":"Settings"},{"$i":"recipient-repeat","$v":"Duplicate contact."},{"$i":"email","$v":"EMAIL"},{"$i":"options","$v":"Options"},{"$i":"emergency-alert-title","$v":"Wireless Emergency Alerts"},{"$i":"emergency-alert","$v":"Wireless Emergency Alerts"},{"$i":"wappushNormal","$v":"Wap push"},{"$i":"wappushSIM1","$v":"WAP push - SIM 1"},{"$i":"wappushSIM2","$v":"WAP push - SIM 2"},{"$i":"not-assigned","$v":"Not Assigned"},{"$i":"switchSIMDataSendAlertTitle","$v":"MMS failed to send."},{"$i":"switchSIMDataSendAlertBody","$v":["In order to send MMS, you need change the SIM card for data to SIM ",{"t":"idOrVar","v":"nonActiveSimId"}," in SIM Manager settings."]},{"$i":"switchSIMDataSendAlertDesc","$v":"Please go to Settings app to update the settings."},{"$i":"switchSIMDataReceiveAlertTitle","$v":"MMS failed to receive."},{"$i":"switchSIMDataReceiveAlertBody","$v":["In order to receive MMS, you need change the SIM card for data to SIM ",{"t":"idOrVar","v":"nonActiveSimId"}," in SIM Manager settings."]},{"$i":"switchSIMDataReceiveAlertDesc","$v":"Please go to Settings app to update the settings."},{"$i":"group-message","$v":"Group Message"},{"$i":"individual-message","$v":"Individual message"},{"$i":"group-message-alert-title","$v":"Group Message"},{"$i":"group-message-alert-body","$v":"Create a group message? (Group message will be sent via MMS and SMS will cause additional charges from Message wireless provider depending on service plan.)"},{"$i":"group-message-individual","$v":"Keep Individual"},{"$i":"group-message-setting","$v":"Create Group"},{"$i":"new-message-individual","$v":"New Message (Individual)"},{"$i":"new-message-group","$v":"New Message (Group)"},{"$i":"no-phone-number","$v":"Not assigned"},{"$i":"device-phone-number","$v":"My phone number"},{"$i":"group-message-phone","$v":"Group Messages"},{"$i":"my-phone-number","$v":"My phone number"},{"$i":"delivery-notification","$v":"Message delivered"},{"$i":"wait","$v":"waiting"},{"$i":"isTextTooLongAlert","$v":"Message max length exceeded."},{"$i":"video-call","$v":"Video call"},{"$i":"normal-call","$v":"Call"},{"$i":"attachment","$v":"Attachment"},{"$i":"limit-MMS-recipients","$v":"Only can send up to 20 recipients per MMS."},{"$i":"block-contact","$v":"Block contact"},{"$i":"blocked","$v":"Block"},{"$i":"unblocked","$v":"Unblock"},{"$i":"rtt-call","$v":"RTT call"},{"$i":"remove-all-attachments","$v":"Remove all attachments"},{"$i":"block-confirmation","$v":"You will not receive phone calls, messages from people on the block list."},{"$i":"space-low-not-save","$v":"Storage is full, unable to save draft."},{"$i":"sms-encoding-mode","$v":"Sms Encoding"},{"$i":"sms-reduced-format","$v":"Reduced Format"},{"$i":"sms-full-format","$v":"Full Format"},{"$i":"smscNormal","$v":"Service Centre"},{"$i":"smscSIM1","$v":"Service Centre SIM1"},{"$i":"smscSIM2","$v":"Service Centre SIM2"},{"$i":"withoutDataTitle","$v":"Failure"},{"$i":"withoutDataBody","$v":"Please enable Data Connection in Settings to send or download MMS"},{"$i":"withoutDataBtnOk","$v":"OK"},{"$i":"withoutDataBtnSettings","$v":"Settings"},{"$i":"weekday-0-long","$v":"Sunday"},{"$i":"weekday-1-long","$v":"Monday"},{"$i":"weekday-2-long","$v":"Tuesday"},{"$i":"weekday-3-long","$v":"Wednesday"},{"$i":"weekday-4-long","$v":"Thursday"},{"$i":"weekday-5-long","$v":"Friday"},{"$i":"weekday-6-long","$v":"Saturday"},{"$i":"weekday-0-short","$v":"Sun"},{"$i":"weekday-1-short","$v":"Mon"},{"$i":"weekday-2-short","$v":"Tue"},{"$i":"weekday-3-short","$v":"Wed"},{"$i":"weekday-4-short","$v":"Thu"},{"$i":"weekday-5-short","$v":"Fri"},{"$i":"weekday-6-short","$v":"Sat"},{"$i":"month-0-long","$v":"January"},{"$i":"month-1-long","$v":"February"},{"$i":"month-2-long","$v":"March"},{"$i":"month-3-long","$v":"April"},{"$i":"month-4-long","$v":"May"},{"$i":"month-5-long","$v":"June"},{"$i":"month-6-long","$v":"July"},{"$i":"month-7-long","$v":"August"},{"$i":"month-8-long","$v":"September"},{"$i":"month-9-long","$v":"October"},{"$i":"month-10-long","$v":"November"},{"$i":"month-11-long","$v":"December"},{"$i":"month-0-genitive","$v":"January"},{"$i":"month-1-genitive","$v":"February"},{"$i":"month-2-genitive","$v":"March"},{"$i":"month-3-genitive","$v":"April"},{"$i":"month-4-genitive","$v":"May"},{"$i":"month-5-genitive","$v":"June"},{"$i":"month-6-genitive","$v":"July"},{"$i":"month-7-genitive","$v":"August"},{"$i":"month-8-genitive","$v":"September"},{"$i":"month-9-genitive","$v":"October"},{"$i":"month-10-genitive","$v":"November"},{"$i":"month-11-genitive","$v":"December"},{"$i":"month-0-short","$v":"Jan"},{"$i":"month-1-short","$v":"Feb"},{"$i":"month-2-short","$v":"Mar"},{"$i":"month-3-short","$v":"Apr"},{"$i":"month-4-short","$v":"May"},{"$i":"month-5-short","$v":"Jun"},{"$i":"month-6-short","$v":"Jul"},{"$i":"month-7-short","$v":"Aug"},{"$i":"month-8-short","$v":"Sep"},{"$i":"month-9-short","$v":"Oct"},{"$i":"month-10-short","$v":"Nov"},{"$i":"month-11-short","$v":"Dec"},{"$i":"minutes-ago-long","$v":{"few":[{"t":"idOrVar","v":"value"}," minutes ago"],"many":[{"t":"idOrVar","v":"value"}," minutes ago"],"one":"a minute ago","other":[{"t":"idOrVar","v":"value"}," minutes ago"],"two":[{"t":"idOrVar","v":"value"}," minutes ago"],"zero":"just now"},"$x":[{"t":"idOrVar","v":"plural"},"value"]},{"$i":"hours-ago-long","$v":{"few":[{"t":"idOrVar","v":"value"}," hours ago"],"many":[{"t":"idOrVar","v":"value"}," hours ago"],"one":"an hour ago","other":[{"t":"idOrVar","v":"value"}," hours ago"],"two":[{"t":"idOrVar","v":"value"}," hours ago"],"zero":"just now"},"$x":[{"t":"idOrVar","v":"plural"},"value"]},{"$i":"days-ago-long","$v":{"few":[{"t":"idOrVar","v":"value"}," days ago"],"many":[{"t":"idOrVar","v":"value"}," days ago"],"one":"yesterday","other":[{"t":"idOrVar","v":"value"}," days ago"],"two":[{"t":"idOrVar","v":"value"}," days ago"],"zero":"today"},"$x":[{"t":"idOrVar","v":"plural"},"value"]},{"$i":"weeks-ago-long","$v":{"few":[{"t":"idOrVar","v":"value"}," weeks ago"],"many":[{"t":"idOrVar","v":"value"}," weeks ago"],"one":"last week","other":[{"t":"idOrVar","v":"value"}," weeks ago"],"two":[{"t":"idOrVar","v":"value"}," weeks ago"],"zero":"this week"},"$x":[{"t":"idOrVar","v":"plural"},"value"]},{"$i":"months-ago-long","$v":{"few":[{"t":"idOrVar","v":"value"}," months ago"],"many":[{"t":"idOrVar","v":"value"}," months ago"],"one":"last month","other":[{"t":"idOrVar","v":"value"}," months ago"],"two":[{"t":"idOrVar","v":"value"}," months ago"],"zero":"this month"},"$x":[{"t":"idOrVar","v":"plural"},"value"]},{"$i":"years-ago-long","$v":{"few":[{"t":"idOrVar","v":"value"}," years ago"],"many":[{"t":"idOrVar","v":"value"}," years ago"],"one":"last year","other":[{"t":"idOrVar","v":"value"}," years ago"],"two":[{"t":"idOrVar","v":"value"}," years ago"],"zero":"this year"},"$x":[{"t":"idOrVar","v":"plural"},"value"]},{"$i":"minutes-until-long","$v":{"few":["in ",{"t":"idOrVar","v":"value"}," minutes"],"many":["in ",{"t":"idOrVar","v":"value"}," minutes"],"one":"in a minute","other":["in ",{"t":"idOrVar","v":"value"}," minutes"],"two":["in ",{"t":"idOrVar","v":"value"}," minutes"],"zero":"now"},"$x":[{"t":"idOrVar","v":"plural"},"value"]},{"$i":"hours-until-long","$v":{"few":["in ",{"t":"idOrVar","v":"value"}," hours"],"many":["in ",{"t":"idOrVar","v":"value"}," hours"],"one":"in an hour","other":["in ",{"t":"idOrVar","v":"value"}," hours"],"two":["in ",{"t":"idOrVar","v":"value"}," hours"],"zero":"now"},"$x":[{"t":"idOrVar","v":"plural"},"value"]},{"$i":"days-until-long","$v":{"few":["in ",{"t":"idOrVar","v":"value"}," days"],"many":["in ",{"t":"idOrVar","v":"value"}," days"],"one":"tomorrow","other":["in ",{"t":"idOrVar","v":"value"}," days"],"two":["in ",{"t":"idOrVar","v":"value"}," days"],"zero":"today"},"$x":[{"t":"idOrVar","v":"plural"},"value"]},{"$i":"weeks-until-long","$v":{"few":["in ",{"t":"idOrVar","v":"value"}," weeks"],"many":["in ",{"t":"idOrVar","v":"value"}," weeks"],"one":"next week","other":["in ",{"t":"idOrVar","v":"value"}," weeks"],"two":["in ",{"t":"idOrVar","v":"value"}," weeks"],"zero":"this week"},"$x":[{"t":"idOrVar","v":"plural"},"value"]},{"$i":"months-until-long","$v":{"few":["in ",{"t":"idOrVar","v":"value"}," months"],"many":["in ",{"t":"idOrVar","v":"value"}," months"],"one":"next month","other":["in ",{"t":"idOrVar","v":"value"}," months"],"two":["in ",{"t":"idOrVar","v":"value"}," months"],"zero":"this month"},"$x":[{"t":"idOrVar","v":"plural"},"value"]},{"$i":"years-until-long","$v":{"few":["in ",{"t":"idOrVar","v":"value"}," years"],"many":["in ",{"t":"idOrVar","v":"value"}," years"],"one":"next year","other":["in ",{"t":"idOrVar","v":"value"}," years"],"two":["in ",{"t":"idOrVar","v":"value"}," years"],"zero":"this year"},"$x":[{"t":"idOrVar","v":"plural"},"value"]},{"$i":"minutes-ago-short","$v":{"other":[{"t":"idOrVar","v":"value"},"m ago"],"zero":"just now"},"$x":[{"t":"idOrVar","v":"plural"},"value"]},{"$i":"hours-ago-short","$v":{"other":[{"t":"idOrVar","v":"value"},"h ago"],"zero":"just now"},"$x":[{"t":"idOrVar","v":"plural"},"value"]},{"$i":"days-ago-short","$v":{"other":[{"t":"idOrVar","v":"value"},"d ago"],"zero":"today"},"$x":[{"t":"idOrVar","v":"plural"},"value"]},{"$i":"minutes-until-short","$v":{"other":["in ",{"t":"idOrVar","v":"value"},"m"],"zero":"now"},"$x":[{"t":"idOrVar","v":"plural"},"value"]},{"$i":"hours-until-short","$v":{"other":["in ",{"t":"idOrVar","v":"value"},"h"],"zero":"now"},"$x":[{"t":"idOrVar","v":"plural"},"value"]},{"$i":"days-until-short","$v":{"other":["in ",{"t":"idOrVar","v":"value"},"d"],"zero":"today"},"$x":[{"t":"idOrVar","v":"plural"},"value"]},{"$i":"dateTimeFormat_%c","$v":"%a %b %e %Y %I:%M:%S %p"},{"$i":"dateTimeFormat_%x","$v":"%m/%d/%Y"},{"$i":"dateTimeFormat_%X","$v":"%I:%M:%S %p"},{"$i":"shortTimeFormat","$v":"%I:%M %p"},{"$i":"shortTimeFormat12","$v":"%I:%M %p"},{"$i":"shortTimeFormat24","$v":"%H:%M"},{"$i":"shortDateTimeFormat","$v":"%x %I:%M %p"},{"$i":"weekStartsOnMonday","$v":"0.0"},{"$i":"firstDayOfTheWeek","$v":"0.0"},{"$i":"time_am","$v":"AM"},{"$i":"time_pm","$v":"PM"},{"$i":"softkey-options","$v":"Options"},{"$i":"emergencyNumber","$v":"Emergency number"},{"$i":"callAirplaneModeMessage","$v":"To make a call you need to disable airplane mode in settings."},{"$i":"callAirplaneModeBtnOk","$v":"OK"},{"$i":"callAirplaneModeTitle","$v":"Airplane mode activated"},{"$i":"numberIsBusyTitle","$v":"Number is busy"},{"$i":"numberIsBusyMessage","$v":"The number is currently busy. Please try again later."},{"$i":"fdnIsActiveTitle","$v":"FDN active"},{"$i":"fdnIsActiveMessage","$v":["FDN (Fixed Dialling Numbers) is activated and the following number is not in your FDN list: ",{"t":"idOrVar","v":"number"}]},{"$i":"emergencyDialogBodyBadNumber","$v":"To make a call, the phone must be connected to a network."},{"$i":"emergencyDialogBodyDeviceNotAccepted","$v":"Emergency calls are not allowed by the network."},{"$i":"emergencyDialogBtnOk","$v":"OK"},{"$i":"emergencyDialogTitle","$v":"No network connection"},{"$i":"invalidNumberToDialTitle","$v":"Invalid phone number"},{"$i":"invalidNumberToDialMessage","$v":"The phone number you are calling is not valid."},{"$i":"unableToCallTitle","$v":"Cannot make a call"},{"$i":"unableToCallMessage","$v":"Unable to make a phone call now."},{"$i":"otherConnectionInUseTitle","$v":"Other connection in use"},{"$i":"otherConnectionInUseMessage","$v":"You have an active call on another connection. You can only use one connection at a time."},{"$i":"connectingEllipsis","$v":"Connecting..."}]