[{"$i":"messages","$v":"Mensajes"},{"$i":"deleteMessages-title","$v":"Seleccionar"},{"$i":"selectThreads-title","$v":"Seleccionar"},{"$i":"edit","$v":"Editar"},{"$i":"back","$v":"Atrás"},{"$i":"cancel","$v":"Atrás"},{"$i":"delete","$v":"Eliminar"},{"$i":"deleting-messages","$v":"Eliminando..."},{"$i":"deselect","$v":"Deseleccionar"},{"$i":"selected-threads","$v":{"few":[{"t":"idOrVar","v":"n"}," seleccionados"],"many":[{"t":"idOrVar","v":"n"}," seleccionados"],"one":[{"t":"idOrVar","v":"n"}," seleccionados"],"other":[{"t":"idOrVar","v":"n"}," seleccionados"],"two":[{"t":"idOrVar","v":"n"}," seleccionados"],"zero":"0 seleccionados"},"$x":[{"t":"idOrVar","v":"plural"},"n"]},{"$i":"selected-messages","$v":{"few":[{"t":"idOrVar","v":"n"}," seleccionados"],"many":[{"t":"idOrVar","v":"n"}," seleccionados"],"one":[{"t":"idOrVar","v":"n"}," seleccionados"],"other":[{"t":"idOrVar","v":"n"}," seleccionados"],"two":[{"t":"idOrVar","v":"n"}," seleccionados"],"zero":"0 seleccionados"},"$x":[{"t":"idOrVar","v":"plural"},"n"]},{"$i":"selectThreads-label","$v":"Seleccionar conversaciones"},{"$i":"selectMessages-label","$v":"Seleccionar mensajes"},{"$i":"new-message","$v":"Nuevo"},{"$i":"delete-thread","$v":"Borrar conversación"},{"$i":"create-new-contact","$v":"Crear contacto"},{"$i":"add-to-contact","$v":"Añadir a contacto existente"},{"$i":"select-thread","$v":"Seleccionar conversación"},{"$i":"settings","$v":"Ajustes"},{"$i":"select-all","$v":"Todo"},{"$i":"deselect-all","$v":"Ninguno"},{"$i":"select","$v":"Seleccionar"},{"$i":"sk-save-as-draft","$v":"Guardar como borrador"},{"$i":"next","$v":"Siguiente"},{"$i":"send","$v":"Enviar"},{"$i":"add-contact","$v":"Añadir"},{"$i":"add-suggestion","$v":"Seleccionar"},{"$i":"add-subject","$v":"Añadir asunto"},{"$i":"remove-subject","$v":"Eliminar asunto"},{"$i":"add-attachment","$v":"Añadir adjunto"},{"$i":"remove-attachment","$v":"Eliminar adjunto"},{"$i":"replace-attachment","$v":"Reemplazar adjunto"},{"$i":"select-messages","$v":"Seleccionar mensajes"},{"$i":"call","$v":"Llamar"},{"$i":"forward","$v":"Reenviar"},{"$i":"view-message-report","$v":"Ver detalles del mensaje"},{"$i":"cancel-view-report","$v":"Cancelar"},{"$i":"ok","$v":"Aceptar"},{"$i":"enter","$v":"Introducir"},{"$i":"open","$v":"Abrir"},{"$i":"to","$v":"Para"},{"$i":"new","$v":"Nuevo"},{"$i":"message","$v":"Mensaje"},{"$i":"messagesInput_placeholder","$v":"Mensaje"},{"$i":"messagesSubjectInput_placeholder","$v":"Asunto"},{"$i":"subjectComposerInput_placeholder","$v":"Asunto"},{"$i":"converted-to-mms","$v":"Convirtiendo en mensaje multimedia."},{"$i":"converted-to-sms","$v":"Convirtiendo en mensaje de texto."},{"$i":"messages-max-length-text","$v":"Ha alcanzado la longitud máxima."},{"$i":"messages-max-subject-length-text","$v":"Ha alcanzado la longitud máxima permitida para el asunto."},{"$i":"multimedia-message-exceeded-max-length","$v":["Este mensaje sobrepasa el límite de tamaño de ",{"t":"idOrVar","v":"mmsSize"}," MB para un mensaje multimedia."]},{"$i":"newMessage","$v":"Nuevo mensaje"},{"$i":"sendMessage","$v":"Enviar mensaje"},{"$i":"sendMMSToEmail","$v":"Enviar MMS"},{"$i":"no-recipient","$v":"(Sin destinatario)"},{"$i":"recipient","$v":{"few":[{"t":"idOrVar","v":"n"}," destinatarios"],"many":[{"t":"idOrVar","v":"n"}," destinatarios"],"one":[{"t":"idOrVar","v":"n"}," destinatario"],"other":[{"t":"idOrVar","v":"n"}," destinatarios"],"two":[{"t":"idOrVar","v":"n"}," destinatarios"]},"$x":[{"t":"idOrVar","v":"plural"},"n"]},{"$i":"attachmentSizeB","$v":[{"t":"idOrVar","v":"n"}," B"]},{"$i":"attachmentSizeKB","$v":[{"t":"idOrVar","v":"n"}," KB"]},{"$i":"attachmentSizeMB","$v":[{"t":"idOrVar","v":"n"}," MB"]},{"$i":"attachmentOpenError","$v":"No hay ninguna aplicación disponible para abrir este tipo de archivo."},{"$i":"remove","$v":"Eliminar"},{"$i":"participant","$v":{"few":[{"t":"idOrVar","v":"n"}," participantes"],"many":[{"t":"idOrVar","v":"n"}," participantes"],"one":[{"t":"idOrVar","v":"n"}," participante"],"other":[{"t":"idOrVar","v":"n"}," participantes"],"two":[{"t":"idOrVar","v":"n"}," participantes"]},"$x":[{"t":"idOrVar","v":"plural"},"n"]},{"$i":"message-report","$v":"Informe de mensaje"},{"$i":"message-type-sms","$v":"Mensaje de texto (SMS)"},{"$i":"message-type-mms","$v":"Mensaje multimedia (MMS)"},{"$i":"sms-report-description","$v":["El mensaje de texto (SMS) se envió el ",{"t":"idOrVar","v":"datetime"}]},{"$i":"mms-report-description","$v":["Su mensaje multimedia (MMS), con el asunto ",{"t":"idOrVar","v":"subject"},", se ha enviado el ",{"t":"idOrVar","v":"datetime"}]},{"$i":"mms-no-subject-report-description","$v":["Su mensaje multimedia (MMS)se ha enviado el ",{"t":"idOrVar","v":"datetime"}]},{"$i":"message-subject","$v":"Asunto:"},{"$i":"report-status-error","$v":"No se ha podido enviar el mensaje"},{"$i":"report-status-not-downloaded","$v":"no descargado"},{"$i":"report-status-delivered","$v":"Enviadas:"},{"$i":"report-status-read","$v":"Leer:"},{"$i":"report-status-pending","$v":"Informe solicitado"},{"$i":"report-status-rejected","$v":"Mensaje rechazado"},{"$i":"message-size-was","$v":"Tamaño del mensaje:"},{"$i":"report-to-title","$v":"Para"},{"$i":"report-from-title","$v":"De"},{"$i":"message-sent","$v":"Enviado:"},{"$i":"message-sending","$v":[{"t":"idOrVar","v":"message-delivery-status-sending"}]},{"$i":"message-received","$v":"Recibido:"},{"$i":"message-via","$v":"A través de:"},{"$i":"message-resend","$v":"Reenviar"},{"$i":"search","$v":"Buscar"},{"$i":"unknown-contact-title","$v":"Contacto desconocido"},{"$i":"phone-type-separator","$v":", "},{"$i":"phone-carrier-separator","$v":" "},{"$i":"thread-participant-separator","$v":", "},{"$i":"replace-draft","$v":"Reemplazar borrador existente"},{"$i":"save-as-draft","$v":"Guardar"},{"$i":"discard-message","$v":"Descartar"},{"$i":"discard-sms","$v":"¿Seguro que desea descartar este mensaje?"},{"$i":"discard-new-message","$v":"¿Desea descartar el mensaje que está redactando y abrir el mensaje nuevo?"},{"$i":"resend-confirmation","$v":"El mensaje no se ha podido enviar. ¿Desea intentarlo de nuevo?"},{"$i":"resend-message","$v":"Volver a enviar este mensaje"},{"$i":"deleteMessage-confirmation","$v":"¿Desea eliminar el mensaje seleccionado?"},{"$i":"deleteMessages-confirmation","$v":"¿Desea eliminar los mensajes seleccionados?"},{"$i":"deleteThreads-confirmation2","$v":{"one":"¿Desea eliminar la conversación seleccionada?","other":"¿Desea eliminar las conversaciones seleccionadas?"},"$x":[{"t":"idOrVar","v":"plural"},"n"]},{"$i":"new-message-notice-text","$v":"Nuevo mensaje de"},{"$i":"new-message-notice-a-text","$v":"Leerlo"},{"$i":"noMessages-title","$v":"No hay mensajes"},{"$i":"noMessages-text","$v":"Pulsa Nuevo para crear un mensaje."},{"$i":"sendDefaultErrorTitle","$v":"Error de envío"},{"$i":"sendDefaultErrorBody","$v":"Se ha producido un problema al enviar el tono. Inténtelo de nuevo."},{"$i":"sendDefaultErrorBtnOk","$v":"Aceptar"},{"$i":"sendMissingSimCardTitle","$v":"Error de envío"},{"$i":"sendMissingSimCardBody","$v":"Inserte una tarjeta SIM válida para continuar."},{"$i":"sendMissingSimCardBtnOk","$v":"Aceptar"},{"$i":"sendFlightModeTitle","$v":"Error de envío"},{"$i":"sendFlightModeBody","$v":"Desactive el modo de vuelo para enviar mensajes."},{"$i":"sendFlightModeBtnOk","$v":"Aceptar"},{"$i":"radioDisabledToDownloadTitle","$v":"Error en la descarga"},{"$i":"radioDisabledToDownloadBody","$v":"Desactive el modo vuelo para descargar adjuntos."},{"$i":"radioDisabledToDownloadBtnOk","$v":[{"t":"idOrVar","v":"sendFlightModeBtnOk"}]},{"$i":"downloadDefaultErrorTitle","$v":"Error de descarga"},{"$i":"downloadDefaultErrorBody","$v":"No se ha podido descargar el mensaje. Inténtelo de nuevo."},{"$i":"downloadDefaultErrorBtnOk","$v":[{"t":"idOrVar","v":"sendDefaultErrorBtnOk"}]},{"$i":"fdnErrorTitle","$v":"Error de envío"},{"$i":"needConnectWifiBody","$v":"No hay ninguna red móvil disponible. Conéctese a una red Wi-Fi disponible para enviar mensajes."},{"$i":"needConnectWifiTitle","$v":"Mensaje no enviado"},{"$i":"mmsChanelUsedBody","$v":"Se está enviando un mensaje MMS a través de un “non-DDS sub”, espere a que se complete el proceso de envío."},{"$i":"mmsChanelUsedTitle","$v":"Canal MMS utilizado"},{"$i":"sms-counter-notice-label","$v":["Editar SMS ",{"t":"idOrVar","v":"number"}]},{"$i":"fdnErrorBody","$v":{"few":"La función FDN (Números de marcación fija) está activada. Asegúrese de que el centro de SMS y los destinatarios siguientes se encuentren en su lista de FDN.","many":"La función FDN (Números de marcación fija) está activada. Asegúrese de que el centro de SMS y los destinatarios siguientes se encuentren en su lista de FDN.","one":"La función FDN (Números de marcación fija) está activada. Asegúrese de que el centro de SMS y el destinatario siguiente se encuentren en su lista de FDN.","other":"La función FDN (Números de marcación fija) está activada. Asegúrese de que el centro de SMS y los destinatarios siguientes se encuentren en su lista de FDN.","two":"La función FDN (Números de marcación fija) está activada. Asegúrese de que el centro de SMS y los destinatarios siguientes se encuentren en su lista de FDN."},"$x":[{"t":"idOrVar","v":"plural"},"n"]},{"$i":"fdnErrorBtnOk","$v":"Aceptar"},{"$i":"sendNoSignalErrorTitle","$v":"Error de envío"},{"$i":"sendNoSignalErrorBody","$v":"Compruebe que dispone de señal móvil e inténtelo de nuevo."},{"$i":"sendNoSignalErrorBtnOk","$v":"Aceptar"},{"$i":"sendNotFoundErrorTitle","$v":"Error de envío"},{"$i":"sendNotFoundErrorBody","$v":"El mensaje que está buscando ya no está disponible."},{"$i":"sendNotFoundErrorBtnOk","$v":"Aceptar"},{"$i":"sendInvalidAddressErrorTitle","$v":"Error de envío"},{"$i":"sendInvalidAddressErrorBody","$v":"Asegúrese de que el número de teléfono para el que realiza el envío es válido."},{"$i":"sendInvalidAddressErrorBtnOk","$v":"Aceptar"},{"$i":"simNotMatchedErrorTitle","$v":"No se puede descargar"},{"$i":"simNotMatchedErrorBody","$v":"Compruebe que la tarjeta SIM que ha insertado es la utilizada para recibir este mensaje."},{"$i":"simNotMatchedErrorBtnOk","$v":"Aceptar"},{"$i":"netWorkErrorTitle","$v":"Fallo de red"},{"$i":"netWorkErrorBody","$v":"La red tiene problemas, compruébela primero."},{"$i":"netWorkErrorBtnOk","$v":"Aceptar"},{"$i":"deleted-sms","$v":"Este mensaje ya se ha eliminado."},{"$i":"view-attachment-image","$v":"Ver"},{"$i":"view-attachment-audio","$v":"Escuchar"},{"$i":"view-attachment-video","$v":"Ver"},{"$i":"view-attachment-other","$v":"Ver"},{"$i":"remove-attachment-image","$v":"Eliminar imagen"},{"$i":"remove-attachment-audio","$v":"Eliminar audio"},{"$i":"remove-attachment-video","$v":"Eliminar vídeo"},{"$i":"remove-attachment-other","$v":"Eliminar adjunto"},{"$i":"replace-attachment-image","$v":"Reemplazar imagen"},{"$i":"replace-attachment-audio","$v":"Reemplazar audio"},{"$i":"replace-attachment-video","$v":"Reemplazar vídeo"},{"$i":"replace-attachment-other","$v":"Reemplazar adjunto"},{"$i":"unsent-message-title","$v":"Mensaje no enviado"},{"$i":"unsent-message-description","$v":"El mensaje anterior no se ha enviado. ¿Desea editar el mensaje no enviado o descartarlo y continuar?"},{"$i":"unsent-message-option-edit","$v":"Editar"},{"$i":"unsent-message-option-discard","$v":"Descartar"},{"$i":"message-options","$v":"Opciones de mensaje"},{"$i":"select-text","$v":"Seleccionar texto"},{"$i":"mobile","$v":"Móvil"},{"$i":"home","$v":"Particular"},{"$i":"work","$v":"Trabajo"},{"$i":"personal","$v":"Personal"},{"$i":"faxHome","$v":"Fax particular"},{"$i":"faxOffice","$v":"Fax del trabajo"},{"$i":"faxOther","$v":"Otro fax"},{"$i":"another","$v":"Otro"},{"$i":"other","$v":"Otro"},{"$i":"today","$v":"Hoy"},{"$i":"yesterday","$v":"Ayer"},{"$i":"incorrectDate","$v":"(fecha incorrecta)"},{"$i":"addToExistingContact","$v":"Añadir a contacto existente"},{"$i":"createNewContact","$v":"Crear contacto nuevo"},{"$i":"viewContact","$v":"Ver contacto"},{"$i":"sendEmail","$v":"Enviar email"},{"$i":"mms-message","$v":"Mensaje MMS"},{"$i":"notDownloaded-title","$v":"El mensaje todavía no se ha descargado."},{"$i":"tobedownloaded-attachment","$v":["Ha recibido un mensaje multimedia. Pulse Descargar para recuperar su contenido antes del día ",{"t":"idOrVar","v":"date"},"."]},{"$i":"expired-attachment","$v":["El mensaje caducó el ",{"t":"idOrVar","v":"date"},"  y no se puede descargar."]},{"$i":"download-attachment","$v":"Descargar"},{"$i":"downloading-attachment","$v":"Descargando..."},{"$i":"download-complete","$v":"Descarga completada"},{"$i":"unnamed-attachment","$v":"sin título"},{"$i":"mms-label","$v":"MMS"},{"$i":"group-label","$v":"GRUPO"},{"$i":"attached-files-too-large","$v":{"few":["Estos mensajes superan el tamaño de ",{"t":"idOrVar","v":"mmsSize"}," MB para un solo mensaje multimedia."],"many":["Estos mensajes superan el tamaño de ",{"t":"idOrVar","v":"mmsSize"}," MB para un solo mensaje multimedia."],"one":["Este mensaje sobrepasa el límite de tamaño de ",{"t":"idOrVar","v":"mmsSize"}," MB para un mensaje multimedia."],"other":["Estos mensajes superan el tamaño de ",{"t":"idOrVar","v":"mmsSize"}," MB para un solo mensaje multimedia."],"two":["Estos mensajes superan el tamaño de ",{"t":"idOrVar","v":"mmsSize"}," MB para un solo mensaje multimedia."],"zero":["Estos mensajes superan el tamaño de ",{"t":"idOrVar","v":"mmsSize"}," MB para un solo mensaje multimedia."]},"$x":[{"t":"idOrVar","v":"plural"},"n"]},{"$i":"resize-image","$v":"Cambiando el tamaño de la imagen adjunta"},{"$i":"no-attachment-text","$v":"Se ha producido un problema con el archivo adjunto y no se puede descargar."},{"$i":"message-draft-saved","$v":"Mensaje guardado como borrador"},{"$i":"sim-id-label","$v":["SIM ",{"t":"idOrVar","v":"id"}]},{"$i":"sim-detail","$v":["SIM ",{"t":"idOrVar","v":"id"},", ",{"t":"idOrVar","v":"detailString"}]},{"$i":"dsds-notification-title-with-sim","$v":["(",{"t":"idOrVar","v":"sim"},") ",{"t":"idOrVar","v":"sender"}]},{"$i":"send-button","ariaLabel":"Enviar"},{"$i":"send-button-sim-indication","$v":[{"t":"idOrVar","v":"n"}],"ariaLabel":["utilizando SIM ",{"t":"idOrVar","v":"n"}]},{"$i":"expiry-date-format","$v":"%A, %b %e"},{"$i":"attach-button","ariaLabel":"Añadir adjunto"},{"$i":"contact-photo","ariaLabel":"Foto del contacto"},{"$i":"unread-thread","ariaLabel":"Sin leer"},{"$i":"has-draft","ariaLabel":"Tiene borrador"},{"$i":"is-draft","ariaLabel":"Borrador"},{"$i":"message-delivery-status-sending","$v":"Enviando..."},{"$i":"message-delivery-status-delivered","$v":"Entregado"},{"$i":"message-delivery-status-read","ariaLabel":"Leer"},{"$i":"message-delivery-status-error","ariaLabel":"Error"},{"$i":"modal-dialog-ok-button","$v":"Aceptar"},{"$i":"modal-dialog-cancel-button","$v":"Cancelar"},{"$i":"modal-dialog-default-title","$v":"Mensajes"},{"$i":"delete-message","$v":"Mensaje eliminado"},{"$i":"message-converted-to-toast","$v":["Mensaje convertido a ",{"t":"idOrVar","v":"type"}]},{"$i":"message-sent-toast","$v":"Mensaje enviado"},{"$i":"deleteMessage-confirmation2","$v":"¿Desea eliminar la conversación seleccionada?"},{"$i":"deleted-message","$v":{"few":[{"t":"idOrVar","v":"n"}," mensajes eliminados"],"many":[{"t":"idOrVar","v":"n"}," mensajes eliminados"],"one":[{"t":"idOrVar","v":"n"}," mensaje eliminado"],"other":[{"t":"idOrVar","v":"n"}," mensajes eliminados"],"two":[{"t":"idOrVar","v":"n"}," mensajes eliminados"],"zero":"0 mensajes eliminados"},"$x":[{"t":"idOrVar","v":"plural"},"n"]},{"$i":"deleted-threads","$v":{"few":[{"t":"idOrVar","v":"n"}," hilos de mensajes eliminados"],"many":[{"t":"idOrVar","v":"n"}," hilos de mensajes eliminados"],"one":"Hilo de mensajes eliminado","other":[{"t":"idOrVar","v":"n"}," hilos de mensajes eliminados"],"two":[{"t":"idOrVar","v":"n"}," hilos de mensajes eliminados"],"zero":"0 hilos de mensajes eliminados"},"$x":[{"t":"idOrVar","v":"plural"},"n"]},{"$i":"wapPushMessages","$v":"Mensajes WAP Push"},{"$i":"auto-retrieve-messages","$v":"Descarga automática"},{"$i":"auto-retrieve-messages-title","$v":"Descarga automática"},{"$i":"auto-roaming-retrieve","$v":"Activado con roaming"},{"$i":"auto-no-roaming-retrieve","$v":"Activado (no roaming)"},{"$i":"mmsTitle","$v":"Mensaje multimedia (MMS)"},{"$i":"message-delivery-reports","$v":"Informe de entrega"},{"$i":"message-delivery-reports-title","$v":"Informe de entrega"},{"$i":"messageReport-title","$v":"Detalles del mensaje"},{"$i":"sms-label","$v":"SMS"},{"$i":"messaging-settings","$v":"Ajustes de mensajería"},{"$i":"messagingSettings-header","$v":[{"t":"idOrVar","v":"messaging-settings"}]},{"$i":"confirmation-title","$v":"Confirmación"},{"$i":"draft-save-content","$v":"¿Desea guardarlo como borrador?"},{"$i":"draft-discard-content","$v":"Mensaje descartado"},{"$i":"switch-on","$v":"Activado"},{"$i":"switch-off","$v":"Desactivado"},{"$i":"auto-retrieve-desc","$v":"Recuperar mensajes automáticamente"},{"$i":"confirm-dialog-ok","$v":"Aceptar"},{"$i":"yes","$v":"Sí"},{"$i":"no","$v":"No"},{"$i":"delete-current-thread?","$v":"¿Desea eliminar la conversación seleccionada?"},{"$i":"attention","$v":"Atención"},{"$i":"delivery-title","$v":"Mensajes de texto (SMS)"},{"$i":"send-failed","$v":"Error en el envío."},{"$i":"subject-removed","$v":"Asunto eliminado."},{"$i":"data-storage-limit-alert-title","$v":"El almacenamiento del teléfono está lleno."},{"$i":"data-storage-limit-send-body","$v":"No se ha podido enviar el MMS. Elimine mensajes o vaya a Ajustes para liberar espacio."},{"$i":"data-storage-limit-download-body","$v":"No se ha podido descargar el MMS. Elimine mensajes o vaya a Ajustes para liberar espacio."},{"$i":"data-storage-limit-alert-cancel","$v":"Cancelar"},{"$i":"data-storage-limit-alert-setting","$v":"Ajustes"},{"$i":"recipient-repeat","$v":"Contacto duplicado."},{"$i":"email","$v":"EMAIL"},{"$i":"options","$v":"Opciones"},{"$i":"emergency-alert-title","$v":"Alertas de emergencia inalámbricas"},{"$i":"emergency-alert","$v":"Alertas de emergencia inalámbricas"},{"$i":"wappushNormal","$v":"WAP Push"},{"$i":"wappushSIM1","$v":"WAP Push - SIM 1"},{"$i":"wappushSIM2","$v":"WAP Push - SIM 2"},{"$i":"not-assigned","$v":"No asignado"},{"$i":"switchSIMDataSendAlertTitle","$v":"No se ha podido enviar el MMS."},{"$i":"switchSIMDataSendAlertBody","$v":["Para poder enviar MMS, deberá cambiar la tarjeta SIM para datos a la SIM ",{"t":"idOrVar","v":"nonActiveSimId"}," en los ajustes del gestor de la SIM."]},{"$i":"switchSIMDataSendAlertDesc","$v":"Para actualizar los ajustes, acceda a la aplicación Ajustes."},{"$i":"switchSIMDataReceiveAlertTitle","$v":"No se ha podido recibir el MMS."},{"$i":"switchSIMDataReceiveAlertBody","$v":["Para poder recibir MMS, deberá cambiar la tarjeta SIM para datos a la SIM ",{"t":"idOrVar","v":"nonActiveSimId"}," en los ajustes del gestor de la SIM."]},{"$i":"switchSIMDataReceiveAlertDesc","$v":"Para actualizar los ajustes, acceda a la aplicación Ajustes."},{"$i":"group-message","$v":"Mensaje de grupo"},{"$i":"individual-message","$v":"Mensaje individual"},{"$i":"group-message-alert-title","$v":"Mensaje de grupo"},{"$i":"group-message-alert-body","$v":"¿Desea crear un mensaje de grupo? (El mensaje de grupo se enviará por MMS y SMS, lo que puede comportar cargos adicionales por parte del proveedor de conexiones inalámbricas del mensaje según el plan de servicios.)"},{"$i":"group-message-individual","$v":"Mantener como individual"},{"$i":"group-message-setting","$v":"Crear grupo"},{"$i":"new-message-individual","$v":"Nuevo mensaje (individual)"},{"$i":"new-message-group","$v":"Nuevo mensaje (grupo)"},{"$i":"no-phone-number","$v":"No asignado"},{"$i":"device-phone-number","$v":"Mi número de teléfono"},{"$i":"group-message-phone","$v":"Mensajes de grupo"},{"$i":"my-phone-number","$v":"Mi número de teléfono"},{"$i":"delivery-notification","$v":"Mensaje entregado"},{"$i":"wait","$v":"esperando"},{"$i":"isTextTooLongAlert","$v":"Se ha superado la longitud máxima del mensaje."},{"$i":"video-call","$v":"Llamada de vídeo"},{"$i":"normal-call","$v":"Llamar"},{"$i":"attachment","$v":"Archivo adjunto"},{"$i":"limit-MMS-recipients","$v":"Solo se pueden enviar un MMS a 20 destinatarios a la vez."},{"$i":"block-contact","$v":"Bloquear contacto"},{"$i":"blocked","$v":"Bloquear"},{"$i":"unblocked","$v":"Desbloquear"},{"$i":"rtt-call","$v":"Llamada RTT"},{"$i":"remove-all-attachments","$v":"Eliminar todos los adjuntos"},{"$i":"block-confirmation","$v":"No recibirá llamadas ni mensajes de las personas que se encuentren en la lista de bloqueos."},{"$i":"space-low-not-save","$v":"Memoria llena; no se puede guardar el borrador."},{"$i":"sms-encoding-mode","$v":"Codificación de SMS"},{"$i":"sms-reduced-format","$v":"Formato reducido"},{"$i":"sms-full-format","$v":"Formato completo"},{"$i":"smscNormal","$v":"Centro de servicios"},{"$i":"smscSIM1","$v":"Centro de servicios SIM1"},{"$i":"smscSIM2","$v":"Centro de servicios SIM2"},{"$i":"withoutDataTitle","$v":"Error"},{"$i":"withoutDataBody","$v":"Active la Conexión de datos en Ajustes para enviar o descargar MMS"},{"$i":"withoutDataBtnOk","$v":"Aceptar"},{"$i":"withoutDataBtnSettings","$v":"Ajustes"},{"$i":"weekday-0-long","$v":"domingo"},{"$i":"weekday-1-long","$v":"lunes"},{"$i":"weekday-2-long","$v":"martes"},{"$i":"weekday-3-long","$v":"miércoles"},{"$i":"weekday-4-long","$v":"jueves"},{"$i":"weekday-5-long","$v":"viernes"},{"$i":"weekday-6-long","$v":"sábado"},{"$i":"weekday-0-short","$v":"dom."},{"$i":"weekday-1-short","$v":"lun."},{"$i":"weekday-2-short","$v":"mar."},{"$i":"weekday-3-short","$v":"mié.  "},{"$i":"weekday-4-short","$v":"jue."},{"$i":"weekday-5-short","$v":"vie."},{"$i":"weekday-6-short","$v":"sáb."},{"$i":"month-0-long","$v":"enero"},{"$i":"month-1-long","$v":"febrero"},{"$i":"month-2-long","$v":"marzo"},{"$i":"month-3-long","$v":"abril"},{"$i":"month-4-long","$v":"mayo"},{"$i":"month-5-long","$v":"junio"},{"$i":"month-6-long","$v":"julio"},{"$i":"month-7-long","$v":"agosto"},{"$i":"month-8-long","$v":"septiembre"},{"$i":"month-9-long","$v":"octubre"},{"$i":"month-10-long","$v":"noviembre"},{"$i":"month-11-long","$v":"diciembre"},{"$i":"month-0-genitive","$v":"enero"},{"$i":"month-1-genitive","$v":"febrero"},{"$i":"month-2-genitive","$v":"marzo"},{"$i":"month-3-genitive","$v":"abril"},{"$i":"month-4-genitive","$v":"mayo"},{"$i":"month-5-genitive","$v":"junio"},{"$i":"month-6-genitive","$v":"julio"},{"$i":"month-7-genitive","$v":"agosto"},{"$i":"month-8-genitive","$v":"septiembre"},{"$i":"month-9-genitive","$v":"octubre"},{"$i":"month-10-genitive","$v":"noviembre"},{"$i":"month-11-genitive","$v":"diciembre"},{"$i":"month-0-short","$v":"ene"},{"$i":"month-1-short","$v":"feb"},{"$i":"month-2-short","$v":"mar"},{"$i":"month-3-short","$v":"abr"},{"$i":"month-4-short","$v":"mayo"},{"$i":"month-5-short","$v":"jun"},{"$i":"month-6-short","$v":"jul"},{"$i":"month-7-short","$v":"ago"},{"$i":"month-8-short","$v":"sep"},{"$i":"month-9-short","$v":"oct"},{"$i":"month-10-short","$v":"nov"},{"$i":"month-11-short","$v":"dic"},{"$i":"minutes-ago-long","$v":{"few":["Hace ",{"t":"idOrVar","v":"value"}," minutos"],"many":["Hace ",{"t":"idOrVar","v":"value"}," minutos"],"one":"Hace un minuto","other":["Hace ",{"t":"idOrVar","v":"value"}," minutos"],"two":["Hace ",{"t":"idOrVar","v":"value"}," minutos"],"zero":"justo ahora"},"$x":[{"t":"idOrVar","v":"plural"},"value"]},{"$i":"hours-ago-long","$v":{"few":["Hace ",{"t":"idOrVar","v":"value"}," horas"],"many":["Hace ",{"t":"idOrVar","v":"value"}," horas"],"one":"Hace una hora","other":["Hace ",{"t":"idOrVar","v":"value"}," horas"],"two":["Hace ",{"t":"idOrVar","v":"value"}," horas"],"zero":"justo ahora"},"$x":[{"t":"idOrVar","v":"plural"},"value"]},{"$i":"days-ago-long","$v":{"few":["Hace ",{"t":"idOrVar","v":"value"}," días"],"many":["Hace ",{"t":"idOrVar","v":"value"}," días"],"one":"Ayer","other":["Hace ",{"t":"idOrVar","v":"value"}," días"],"two":["Hace ",{"t":"idOrVar","v":"value"}," días"],"zero":"Hoy"},"$x":[{"t":"idOrVar","v":"plural"},"value"]},{"$i":"weeks-ago-long","$v":{"few":["Hace ",{"t":"idOrVar","v":"value"}," semanas"],"many":["Hace ",{"t":"idOrVar","v":"value"}," semanas"],"one":"La semana pasada","other":["Hace ",{"t":"idOrVar","v":"value"}," semanas"],"two":["Hace ",{"t":"idOrVar","v":"value"}," semanas"],"zero":"Esta semana"},"$x":[{"t":"idOrVar","v":"plural"},"value"]},{"$i":"months-ago-long","$v":{"few":["Hace ",{"t":"idOrVar","v":"value"}," meses"],"many":["Hace ",{"t":"idOrVar","v":"value"}," meses"],"one":"Último mes","other":["Hace ",{"t":"idOrVar","v":"value"}," meses"],"two":["Hace ",{"t":"idOrVar","v":"value"}," meses"],"zero":"este mes"},"$x":[{"t":"idOrVar","v":"plural"},"value"]},{"$i":"years-ago-long","$v":{"few":["Hace ",{"t":"idOrVar","v":"value"}," años"],"many":["Hace ",{"t":"idOrVar","v":"value"}," años"],"one":"El año pasado","other":["Hace ",{"t":"idOrVar","v":"value"}," años"],"two":["Hace ",{"t":"idOrVar","v":"value"}," años"],"zero":"Este año"},"$x":[{"t":"idOrVar","v":"plural"},"value"]},{"$i":"minutes-until-long","$v":{"few":["Dentro de ",{"t":"idOrVar","v":"value"}," minutos"],"many":["Dentro de ",{"t":"idOrVar","v":"value"}," minutos"],"one":"Dentro de un minuto","other":["Dentro de ",{"t":"idOrVar","v":"value"}," minutos"],"two":["Dentro de ",{"t":"idOrVar","v":"value"}," minutos"],"zero":"ahora"},"$x":[{"t":"idOrVar","v":"plural"},"value"]},{"$i":"hours-until-long","$v":{"few":["Dentro de ",{"t":"idOrVar","v":"value"}," horas"],"many":["Dentro de ",{"t":"idOrVar","v":"value"}," horas"],"one":"Dentro de una hora","other":["Dentro de ",{"t":"idOrVar","v":"value"}," horas"],"two":["Dentro de ",{"t":"idOrVar","v":"value"}," horas"],"zero":"ahora"},"$x":[{"t":"idOrVar","v":"plural"},"value"]},{"$i":"days-until-long","$v":{"few":["Dentro de ",{"t":"idOrVar","v":"value"}," días"],"many":["Dentro de ",{"t":"idOrVar","v":"value"}," días"],"one":"Mañana","other":["Dentro de ",{"t":"idOrVar","v":"value"}," días"],"two":["Dentro de ",{"t":"idOrVar","v":"value"}," días"],"zero":"Hoy"},"$x":[{"t":"idOrVar","v":"plural"},"value"]},{"$i":"weeks-until-long","$v":{"few":["Dentro de ",{"t":"idOrVar","v":"value"}," semanas"],"many":["Dentro de ",{"t":"idOrVar","v":"value"}," semanas"],"one":"La próxima semana","other":["Dentro de ",{"t":"idOrVar","v":"value"}," semanas"],"two":["Dentro de ",{"t":"idOrVar","v":"value"}," semanas"],"zero":"Esta semana"},"$x":[{"t":"idOrVar","v":"plural"},"value"]},{"$i":"months-until-long","$v":{"few":["Dentro de ",{"t":"idOrVar","v":"value"}," meses"],"many":["Dentro de ",{"t":"idOrVar","v":"value"}," meses"],"one":"Mes siguiente","other":["Dentro de ",{"t":"idOrVar","v":"value"}," meses"],"two":["Dentro de ",{"t":"idOrVar","v":"value"}," meses"],"zero":"Este mes"},"$x":[{"t":"idOrVar","v":"plural"},"value"]},{"$i":"years-until-long","$v":{"few":["Dentro de ",{"t":"idOrVar","v":"value"}," años"],"many":["Dentro de ",{"t":"idOrVar","v":"value"}," años"],"one":"El año que viene","other":["Dentro de ",{"t":"idOrVar","v":"value"}," años"],"two":["Dentro de ",{"t":"idOrVar","v":"value"}," años"],"zero":"Este año"},"$x":[{"t":"idOrVar","v":"plural"},"value"]},{"$i":"minutes-ago-short","$v":{"other":["Hace ",{"t":"idOrVar","v":"value"}," m"],"zero":"Justo ahora"},"$x":[{"t":"idOrVar","v":"plural"},"value"]},{"$i":"hours-ago-short","$v":{"other":["Hace ",{"t":"idOrVar","v":"value"}," h"],"zero":"justo ahora"},"$x":[{"t":"idOrVar","v":"plural"},"value"]},{"$i":"days-ago-short","$v":{"other":["Hace ",{"t":"idOrVar","v":"value"}," d"],"zero":"Hoy"},"$x":[{"t":"idOrVar","v":"plural"},"value"]},{"$i":"minutes-until-short","$v":{"other":["Dentro de ",{"t":"idOrVar","v":"value"}," m"],"zero":"ahora"},"$x":[{"t":"idOrVar","v":"plural"},"value"]},{"$i":"hours-until-short","$v":{"other":["Dentro de ",{"t":"idOrVar","v":"value"}," h"],"zero":"ahora"},"$x":[{"t":"idOrVar","v":"plural"},"value"]},{"$i":"days-until-short","$v":{"other":["Dentro de ",{"t":"idOrVar","v":"value"}," d"],"zero":"Hoy"},"$x":[{"t":"idOrVar","v":"plural"},"value"]},{"$i":"dateTimeFormat_%c","$v":"%a %b %e %Y %I:%M:%S %p"},{"$i":"dateTimeFormat_%x","$v":"%d/%m/%Y"},{"$i":"dateTimeFormat_%X","$v":"%I:%M:%S %p"},{"$i":"shortTimeFormat","$v":"%I:%M %p"},{"$i":"shortTimeFormat12","$v":"%I:%M %p"},{"$i":"shortTimeFormat24","$v":"%H:%M"},{"$i":"shortDateTimeFormat","$v":"%x %I:%M %p"},{"$i":"weekStartsOnMonday","$v":"0.0"},{"$i":"firstDayOfTheWeek","$v":"1.0"},{"$i":"time_am","$v":"AM"},{"$i":"time_pm","$v":"PM"},{"$i":"softkey-options","$v":"Opciones"},{"$i":"emergencyNumber","$v":"Número de emergencia"},{"$i":"callAirplaneModeMessage","$v":"Para realizar una llamada, debe desactivar el modo vuelo en los ajustes."},{"$i":"callAirplaneModeBtnOk","$v":"Aceptar"},{"$i":"callAirplaneModeTitle","$v":"Modo vuelo activado"},{"$i":"numberIsBusyTitle","$v":"El número está ocupado"},{"$i":"numberIsBusyMessage","$v":"El número está ocupado. Vuelva a intentarlo más tarde."},{"$i":"fdnIsActiveTitle","$v":"Números de marcación fija activos"},{"$i":"fdnIsActiveMessage","$v":["Los números de marcación fija están activados y el número siguiente no se encuentra en la lista de dichos números: ",{"t":"idOrVar","v":"number"}]},{"$i":"emergencyDialogBodyBadNumber","$v":"Para realizar una llamada, el teléfono debe estar conectado a una red."},{"$i":"emergencyDialogBodyDeviceNotAccepted","$v":"La red no permite llamadas de emergencia."},{"$i":"emergencyDialogBtnOk","$v":"Aceptar"},{"$i":"emergencyDialogTitle","$v":"Sin conexión de red"},{"$i":"invalidNumberToDialTitle","$v":"Número de teléfono no válido"},{"$i":"invalidNumberToDialMessage","$v":"El número de teléfono al que está llamando no es válido."},{"$i":"unableToCallTitle","$v":"No puede realizar una llamada."},{"$i":"unableToCallMessage","$v":"No se puede realizar la llamada de teléfono ahora."},{"$i":"otherConnectionInUseTitle","$v":"Hay otra conexión en uso"},{"$i":"otherConnectionInUseMessage","$v":"Tiene una llamada activa en otra conexión. ¿Solo puede utilizar una conexión a la vez."},{"$i":"connectingEllipsis","$v":"Conectando..."}]