[{"$i":"messages","$v":"پيام ها"},{"$i":"deleteMessages-title","$v":"انتخاب"},{"$i":"selectThreads-title","$v":"انتخاب"},{"$i":"edit","$v":"ویرایش"},{"$i":"back","$v":"برگشت"},{"$i":"cancel","$v":"لغو کردن"},{"$i":"delete","$v":"حذف"},{"$i":"deleting-messages","$v":"در حال حذف..."},{"$i":"deselect","$v":"عدم انتخاب"},{"$i":"selected-threads","$v":{"few":[{"t":"idOrVar","v":"n"}," انتخاب شد"],"many":[{"t":"idOrVar","v":"n"}," انتخاب شد"],"one":[{"t":"idOrVar","v":"n"}," انتخاب شد"],"other":[{"t":"idOrVar","v":"n"}," انتخاب شد"],"two":[{"t":"idOrVar","v":"n"}," انتخاب شد"],"zero":"0 انتخاب شد"},"$x":[{"t":"idOrVar","v":"plural"},"n"]},{"$i":"selected-messages","$v":{"few":[{"t":"idOrVar","v":"n"}," انتخاب شد"],"many":[{"t":"idOrVar","v":"n"}," انتخاب شد"],"one":[{"t":"idOrVar","v":"n"}," انتخاب شد"],"other":[{"t":"idOrVar","v":"n"}," انتخاب شد"],"two":[{"t":"idOrVar","v":"n"}," انتخاب شد"],"zero":"0 انتخاب شد"},"$x":[{"t":"idOrVar","v":"plural"},"n"]},{"$i":"selectThreads-label","$v":"انتخاب رشته ها"},{"$i":"selectMessages-label","$v":"انتخاب پيام ها"},{"$i":"new-message","$v":"جديد"},{"$i":"delete-thread","$v":"حذف رشته"},{"$i":"create-new-contact","$v":"ایجاد مخاطب جدید"},{"$i":"add-to-contact","$v":"افزودن به مخاطب موجود"},{"$i":"select-thread","$v":"انتخاب رشته"},{"$i":"settings","$v":"تنظیمات"},{"$i":"select-all","$v":"همه"},{"$i":"deselect-all","$v":"هيچكدام"},{"$i":"select","$v":"انتخاب"},{"$i":"sk-save-as-draft","$v":"تنظیم به عنوان پیش نویس"},{"$i":"next","$v":"بعد"},{"$i":"send","$v":"ارسال"},{"$i":"add-contact","$v":"افزودن"},{"$i":"add-suggestion","$v":"انتخاب"},{"$i":"add-subject","$v":"افزودن موضوع"},{"$i":"remove-subject","$v":"حذف موضوع"},{"$i":"add-attachment","$v":"افزودن پیوست"},{"$i":"remove-attachment","$v":"حذف پیوست"},{"$i":"replace-attachment","$v":"جايگزين کردن پيوست"},{"$i":"select-messages","$v":"انتخاب پيام ها"},{"$i":"call","$v":"تماس"},{"$i":"forward","$v":"ارسال"},{"$i":"view-message-report","$v":"دیدن جزئیات پیام"},{"$i":"cancel-view-report","$v":"لغو کردن"},{"$i":"ok","$v":"تأیید"},{"$i":"enter","$v":"وارد کردن"},{"$i":"open","$v":"باز كردن"},{"$i":"to","$v":"به"},{"$i":"new","$v":"جديد"},{"$i":"message","$v":"پيام"},{"$i":"messagesInput_placeholder","$v":"پيام"},{"$i":"messagesSubjectInput_placeholder","$v":"موضوع"},{"$i":"subjectComposerInput_placeholder","$v":"موضوع"},{"$i":"converted-to-mms","$v":"تبدیل به پیام چند رسانه ای."},{"$i":"converted-to-sms","$v":"تبدیل به پیام متنی."},{"$i":"messages-max-length-text","$v":"به حداکثر طول رسیده اید."},{"$i":"messages-max-subject-length-text","$v":"به حداکثر طول موضوع رسيده است."},{"$i":"multimedia-message-exceeded-max-length","$v":["این پیام از ",{"t":"idOrVar","v":"mmsSize"}," محدودیت اندازه مک یک پیام چندرسانه ای فراتر رفته است."]},{"$i":"newMessage","$v":"پیام جدید"},{"$i":"sendMessage","$v":"ارسال پيام"},{"$i":"sendMMSToEmail","$v":"ارسال پيام چند رسانه ای"},{"$i":"no-recipient","$v":"(بدون گیرنده)"},{"$i":"recipient","$v":{"few":[{"t":"idOrVar","v":"n"}," گیرنده"],"many":[{"t":"idOrVar","v":"n"}," گیرنده"],"one":[{"t":"idOrVar","v":"n"}," گیرنده"],"other":[{"t":"idOrVar","v":"n"}," گیرنده"],"two":[{"t":"idOrVar","v":"n"}," گیرنده"]},"$x":[{"t":"idOrVar","v":"plural"},"n"]},{"$i":"attachmentSizeB","$v":[{"t":"idOrVar","v":"n"}," بایت"]},{"$i":"attachmentSizeKB","$v":[{"t":"idOrVar","v":"n"}," کیلوبایت"]},{"$i":"attachmentSizeMB","$v":[{"t":"idOrVar","v":"n"}," مگابایت"]},{"$i":"attachmentOpenError","$v":"برنامه ای برای باز کردن این نوع فایل موجود نیست."},{"$i":"remove","$v":"حذف"},{"$i":"participant","$v":{"few":[{"t":"idOrVar","v":"n"}," شرکت کننده"],"many":[{"t":"idOrVar","v":"n"}," شرکت کننده"],"one":[{"t":"idOrVar","v":"n"}," شرکت کننده"],"other":[{"t":"idOrVar","v":"n"}," شرکت کننده"],"two":[{"t":"idOrVar","v":"n"}," شرکت کننده"]},"$x":[{"t":"idOrVar","v":"plural"},"n"]},{"$i":"message-report","$v":"گزارش پیام"},{"$i":"message-type-sms","$v":"پيام متنی (SMS)"},{"$i":"message-type-mms","$v":"پيام چند رسانه ای (MMS)"},{"$i":"sms-report-description","$v":["پیام متنی (SMS) در ",{"t":"idOrVar","v":"datetime"}," ارسال شد"]},{"$i":"mms-report-description","$v":["پیام چند رسانه ای (MMS)، موضوع ",{"t":"idOrVar","v":"subject"}," در ",{"t":"idOrVar","v":"datetime"}," ارسال شد"]},{"$i":"mms-no-subject-report-description","$v":["پیام چند رسانه ای (MMS) در ",{"t":"idOrVar","v":"datetime"}," ارسال شد"]},{"$i":"message-subject","$v":"موضوع:"},{"$i":"report-status-error","$v":"پیام نمی تواند ارسال شود."},{"$i":"report-status-not-downloaded","$v":"دانلود نشد"},{"$i":"report-status-delivered","$v":"تحويل داده شد:"},{"$i":"report-status-read","$v":"خواندن:"},{"$i":"report-status-pending","$v":"گزارش درخواست شد"},{"$i":"report-status-rejected","$v":"پیام رد شد"},{"$i":"message-size-was","$v":"اندازه پیام:"},{"$i":"report-to-title","$v":"به"},{"$i":"report-from-title","$v":"از"},{"$i":"message-sent","$v":"ارسال شد:"},{"$i":"message-sending","$v":[{"t":"idOrVar","v":"message-delivery-status-sending"}]},{"$i":"message-received","$v":"دریافت شد:"},{"$i":"message-via","$v":"از طریق:"},{"$i":"message-resend","$v":"ارسال مجدد"},{"$i":"search","$v":"جستجو"},{"$i":"unknown-contact-title","$v":"مخاطب ناشناخته"},{"$i":"phone-type-separator","$v":", "},{"$i":"phone-carrier-separator","$v":" "},{"$i":"thread-participant-separator","$v":", "},{"$i":"replace-draft","$v":"جایگزین کردن پیش نویس موجود"},{"$i":"save-as-draft","$v":"ذخيره"},{"$i":"discard-message","$v":"رد کردن"},{"$i":"discard-sms","$v":"آیا از رد کردن این پیام مطمئن هستید؟"},{"$i":"discard-new-message","$v":"پیامی را که می نویسید رد کرده و پیام جدیدی باز می کنید؟"},{"$i":"resend-confirmation","$v":"پیام نمی تواند ارسال شود. دوباره امتحان می کنید؟"},{"$i":"resend-message","$v":"ارسال مجدد این پیام"},{"$i":"deleteMessage-confirmation","$v":"حذف پیام انتخابی؟"},{"$i":"deleteMessages-confirmation","$v":"حذف پیام های انتخابی؟"},{"$i":"deleteThreads-confirmation2","$v":{"one":"حذف رشته پیام انتخابی؟","other":"حذف رشته های پیام انتخابی؟"},"$x":[{"t":"idOrVar","v":"plural"},"n"]},{"$i":"new-message-notice-text","$v":"پیام جدید از"},{"$i":"new-message-notice-a-text","$v":"آن را بخوانید"},{"$i":"noMessages-title","$v":"پیامی موجود نیست"},{"$i":"noMessages-text","$v":"برای شروع ارتباط، New را فشار دهید."},{"$i":"sendDefaultErrorTitle","$v":"ارسال نشد"},{"$i":"sendDefaultErrorBody","$v":"در ارسال پیام مشکلی وجود داشت. لطفاً دوباره امتحان کنید."},{"$i":"sendDefaultErrorBtnOk","$v":"تأیید"},{"$i":"sendMissingSimCardTitle","$v":"ارسال نشد"},{"$i":"sendMissingSimCardBody","$v":"سیم کارت معتبری برای ادامه وارد کنید."},{"$i":"sendMissingSimCardBtnOk","$v":"تأیید"},{"$i":"sendFlightModeTitle","$v":"ارسال نشد"},{"$i":"sendFlightModeBody","$v":"برای ارسال پیام ها حالت هواپیما را خاموش کنید."},{"$i":"sendFlightModeBtnOk","$v":"تأیید"},{"$i":"radioDisabledToDownloadTitle","$v":"دانلود نشد"},{"$i":"radioDisabledToDownloadBody","$v":"برای دانلود پیوست ها حالت هواپیما را خاموش کنید."},{"$i":"radioDisabledToDownloadBtnOk","$v":[{"t":"idOrVar","v":"sendFlightModeBtnOk"}]},{"$i":"downloadDefaultErrorTitle","$v":"دانلود انجام نشد"},{"$i":"downloadDefaultErrorBody","$v":"مشکلی در دانلود پیام وجود داشت. لطفاً دوباره امتحان کنید."},{"$i":"downloadDefaultErrorBtnOk","$v":[{"t":"idOrVar","v":"sendDefaultErrorBtnOk"}]},{"$i":"fdnErrorTitle","$v":"ارسال نشد"},{"$i":"needConnectWifiBody","$v":"هیچ شبکه سلولی موجود نیست.به یک شبکه Wi-Fi موجود وصل شوید تا پیام رسانی شود."},{"$i":"needConnectWifiTitle","$v":"پیام ارسال نشد"},{"$i":"mmsChanelUsedBody","$v":"ارسال MMS از طریق بخش فرعی غیر DDS در جریان است، لطفاً صبر کنید تا روند ارسال کامل شود."},{"$i":"mmsChanelUsedTitle","$v":"کانال MMS استفاده شد"},{"$i":"sms-counter-notice-label","$v":["ویرایش شماره ",{"t":"idOrVar","v":"number"}]},{"$i":"fdnErrorBody","$v":{"few":"FDN (شماره های شماره گیری ثابت) فعال شد. دقت کنید مرکز SMS و گیرندگان زیر در لیست FDN شما باشند.","many":"FDN (شماره های شماره گیری ثابت) فعال شد. دقت کنید مرکز SMS و گیرندگان زیر در لیست FDN شما باشند.","one":"FDN (شماره های شماره گیری ثابت) فعال شد. دقت کنید مرکز SMS و گیرنده زیر در لیست FDN شما باشند.","other":"FDN (شماره های شماره گیری ثابت) فعال شد. دقت کنید مرکز SMS و گیرندگان زیر در لیست FDN شما باشند.","two":"FDN (شماره های شماره گیری ثابت) فعال شد. دقت کنید مرکز SMS و گیرندگان زیر در لیست FDN شما باشند."},"$x":[{"t":"idOrVar","v":"plural"},"n"]},{"$i":"fdnErrorBtnOk","$v":"تأیید"},{"$i":"sendNoSignalErrorTitle","$v":"ارسال نشد"},{"$i":"sendNoSignalErrorBody","$v":"دقت کنید سیگنال تلفن همراه دارید و دوباره امتحان کنید."},{"$i":"sendNoSignalErrorBtnOk","$v":"تأیید"},{"$i":"sendNotFoundErrorTitle","$v":"ارسال نشد"},{"$i":"sendNotFoundErrorBody","$v":"پیامی که جستجو می کنید دیگر موجود نیست."},{"$i":"sendNotFoundErrorBtnOk","$v":"تأیید"},{"$i":"sendInvalidAddressErrorTitle","$v":"ارسال نشد"},{"$i":"sendInvalidAddressErrorBody","$v":"دقت کنید شماره تلفن همراهی که به آن ارسال می کنید معتبر باشد."},{"$i":"sendInvalidAddressErrorBtnOk","$v":"تأیید"},{"$i":"simNotMatchedErrorTitle","$v":"دانلود ممکن نيست"},{"$i":"simNotMatchedErrorBody","$v":"دقت کنید سیم کارتی که وارد شده است همان باشد که برای دریافت این پیام استفاده می شود."},{"$i":"simNotMatchedErrorBtnOk","$v":"تأیید"},{"$i":"netWorkErrorTitle","$v":"خرابی شبکه"},{"$i":"netWorkErrorBody","$v":"شبکه مشکلاتی دارد، لطفاً ابتدا آن را بررسی کنید."},{"$i":"netWorkErrorBtnOk","$v":"تأیید"},{"$i":"deleted-sms","$v":"این پیام از قبل حذف شده است."},{"$i":"view-attachment-image","$v":"نمایش"},{"$i":"view-attachment-audio","$v":"گوش کردن"},{"$i":"view-attachment-video","$v":"نمایش"},{"$i":"view-attachment-other","$v":"نمایش"},{"$i":"remove-attachment-image","$v":"حذف تصویر"},{"$i":"remove-attachment-audio","$v":"حذف صدا"},{"$i":"remove-attachment-video","$v":"حذف ویدئو"},{"$i":"remove-attachment-other","$v":"حذف پیوست"},{"$i":"replace-attachment-image","$v":"جایگزین کردن تصویر"},{"$i":"replace-attachment-audio","$v":"جایگزین کردن صدا"},{"$i":"replace-attachment-video","$v":"جایگزین کردن ویدیو"},{"$i":"replace-attachment-other","$v":"جايگزين کردن پيوست"},{"$i":"unsent-message-title","$v":"پیام ارسال نشده"},{"$i":"unsent-message-description","$v":"پیام قبلی شما ارسال نشد. می خواهید پیام ارسال نشده را ویرایش کنید یا آن را نادیده گرفته و ادامه می دهید؟"},{"$i":"unsent-message-option-edit","$v":"ویرایش"},{"$i":"unsent-message-option-discard","$v":"رد کردن"},{"$i":"message-options","$v":"گزینه های پیام"},{"$i":"select-text","$v":"انتخاب متن"},{"$i":"mobile","$v":"تلفن همراه"},{"$i":"home","$v":"صفحه اصلی"},{"$i":"work","$v":"کار"},{"$i":"personal","$v":"شخصی"},{"$i":"faxHome","$v":"فاکس خانه"},{"$i":"faxOffice","$v":"فاکس اداره"},{"$i":"faxOther","$v":"فاکس دیگر"},{"$i":"another","$v":"دیگر"},{"$i":"other","$v":"مورد دیگر"},{"$i":"today","$v":"امروز"},{"$i":"yesterday","$v":"ديروز"},{"$i":"incorrectDate","$v":"(تاریخ نادرست)"},{"$i":"addToExistingContact","$v":"افزودن به مخاطب موجود"},{"$i":"createNewContact","$v":"ایجاد مخاطب جدید"},{"$i":"viewContact","$v":"مشاهده مخاطب"},{"$i":"sendEmail","$v":"ارسال ايميل"},{"$i":"mms-message","$v":"پیام MMS"},{"$i":"notDownloaded-title","$v":"پیام هنوز دانلود نشده است."},{"$i":"tobedownloaded-attachment","$v":["یک پیام چند رسانه ای دریافت کردید، برای بازیابی محتوای آن قبل از ",{"t":"idOrVar","v":"date"}," روی دانلود فشار آورید."]},{"$i":"expired-attachment","$v":["متأسفیم، پیام در ",{"t":"idOrVar","v":"date"}," منقضی شده و نمی تواند دانلود شود."]},{"$i":"download-attachment","$v":"دانلود"},{"$i":"downloading-attachment","$v":"در حال دانلود..."},{"$i":"download-complete","$v":"دانلود تکمیل شد"},{"$i":"unnamed-attachment","$v":"بدون عنوان"},{"$i":"mms-label","$v":"MMS"},{"$i":"group-label","$v":"گروه"},{"$i":"attached-files-too-large","$v":{"few":["این پیام ها از محدوده اندازه ",{"t":"idOrVar","v":"mmsSize"}," مگابایت یک پیام چند رسانه ای تکی بیشتر است."],"many":["این پیام ها از محدوده اندازه ",{"t":"idOrVar","v":"mmsSize"}," مگابایت یک پیام چند رسانه ای تکی بیشتر است."],"one":["این پیام از محدوده اندازه ",{"t":"idOrVar","v":"mmsSize"}," مگابایت یک پیام چند رسانه ای تکی بیشتر است."],"other":["این پیام ها از محدوده اندازه ",{"t":"idOrVar","v":"mmsSize"}," مگابایت یک پیام چند رسانه ای تکی بیشتر است."],"two":["این پیام ها از محدوده اندازه ",{"t":"idOrVar","v":"mmsSize"}," مگابایت یک پیام چند رسانه ای تکی بیشتر است."],"zero":["این پیام ها از محدوده اندازه ",{"t":"idOrVar","v":"mmsSize"}," مگابایت یک پیام چند رسانه ای تکی بیشتر است."]},"$x":[{"t":"idOrVar","v":"plural"},"n"]},{"$i":"resize-image","$v":"تغییر اندازه تصویر پیوست شده"},{"$i":"no-attachment-text","$v":"مشکلی در فایل پیوست شده وجود دارد و قابل دانلود نیست."},{"$i":"message-draft-saved","$v":"پیام بعنوان پیش نویس ذخیره شد"},{"$i":"sim-id-label","$v":[{"t":"idOrVar","v":"id"}," سیم"]},{"$i":"sim-detail","$v":[{"t":"idOrVar","v":"id"}," سیم، ",{"t":"idOrVar","v":"detailString"}]},{"$i":"dsds-notification-title-with-sim","$v":["(",{"t":"idOrVar","v":"sim"},") ",{"t":"idOrVar","v":"sender"}]},{"$i":"send-button","ariaLabel":"ارسال"},{"$i":"send-button-sim-indication","$v":[{"t":"idOrVar","v":"n"}],"ariaLabel":["استفاده از سیم ",{"t":"idOrVar","v":"n"}]},{"$i":"expiry-date-format","$v":"%A، %b %e"},{"$i":"attach-button","ariaLabel":"افزودن پیوست"},{"$i":"contact-photo","ariaLabel":"عكس مخاطب"},{"$i":"unread-thread","ariaLabel":"خوانده نشده"},{"$i":"has-draft","ariaLabel":"پیش نویس دارد"},{"$i":"is-draft","ariaLabel":"پیش نویس"},{"$i":"message-delivery-status-sending","$v":"در حال ارسال..."},{"$i":"message-delivery-status-delivered","$v":"تحویل داده شد"},{"$i":"message-delivery-status-read","ariaLabel":"خواندن"},{"$i":"message-delivery-status-error","ariaLabel":"خطا"},{"$i":"modal-dialog-ok-button","$v":"تأیید"},{"$i":"modal-dialog-cancel-button","$v":"لغو کردن"},{"$i":"modal-dialog-default-title","$v":"پيام ها"},{"$i":"delete-message","$v":"پيام حذف شد"},{"$i":"message-converted-to-toast","$v":["پیام تبدیل شد به ",{"t":"idOrVar","v":"type"}]},{"$i":"message-sent-toast","$v":"پیام ارسال شد"},{"$i":"deleteMessage-confirmation2","$v":"حذف رشته پیام انتخابی؟"},{"$i":"deleted-message","$v":{"few":[{"t":"idOrVar","v":"n"}," پیام حذف شد"],"many":[{"t":"idOrVar","v":"n"}," پیام حذف شد"],"one":[{"t":"idOrVar","v":"n"}," پیام حذف شد"],"other":[{"t":"idOrVar","v":"n"}," پیام حذف شد"],"two":[{"t":"idOrVar","v":"n"}," پیام حذف شد"],"zero":"0 پیام حذف شد"},"$x":[{"t":"idOrVar","v":"plural"},"n"]},{"$i":"deleted-threads","$v":{"few":[{"t":"idOrVar","v":"n"}," رشته پیام حذف شد"],"many":[{"t":"idOrVar","v":"n"}," رشته پیام حذف شد"],"one":"رشته حذف شد","other":[{"t":"idOrVar","v":"n"}," رشته پیام حذف شد"],"two":[{"t":"idOrVar","v":"n"}," رشته پیام حذف شد"],"zero":"0 رشته حذف شد"},"$x":[{"t":"idOrVar","v":"plural"},"n"]},{"$i":"wapPushMessages","$v":"پيام های WAP Push"},{"$i":"auto-retrieve-messages","$v":"بازیابی خودکار پیام ها"},{"$i":"auto-retrieve-messages-title","$v":"بازیابی خودکار پیام ها"},{"$i":"auto-roaming-retrieve","$v":"روشن شود با رومینگ"},{"$i":"auto-no-roaming-retrieve","$v":"On without roaming"},{"$i":"mmsTitle","$v":"پيام رسانی چند رسانه ای (MMS)"},{"$i":"message-delivery-reports","$v":"گزارش های تحویل"},{"$i":"message-delivery-reports-title","$v":"گزارش های تحویل"},{"$i":"messageReport-title","$v":"جزئیات پیام"},{"$i":"sms-label","$v":"SMS"},{"$i":"messaging-settings","$v":"تنظیمات پیام رسانی"},{"$i":"messagingSettings-header","$v":[{"t":"idOrVar","v":"messaging-settings"}]},{"$i":"confirmation-title","$v":"تأييد"},{"$i":"draft-save-content","$v":"ذخیره به عنوان پیش نویس؟"},{"$i":"draft-discard-content","$v":"پیام رد شد"},{"$i":"switch-on","$v":"روشن"},{"$i":"switch-off","$v":"خاموش"},{"$i":"auto-retrieve-desc","$v":"بازیابی خودکار پیام ها"},{"$i":"confirm-dialog-ok","$v":"تأیید"},{"$i":"yes","$v":"بله"},{"$i":"no","$v":"خير"},{"$i":"delete-current-thread?","$v":"حذف رشته پیام انتخابی؟"},{"$i":"attention","$v":"توجه"},{"$i":"delivery-title","$v":"پيام رسانی متنی (SMS)"},{"$i":"send-failed","$v":"ارسال نشد."},{"$i":"subject-removed","$v":"موضوع حذف شد"},{"$i":"data-storage-limit-alert-title","$v":"حافظه تلفن پر است."},{"$i":"data-storage-limit-send-body","$v":"MMS ارسال نشد. برای آزاد کردن فضا، پیام ها را حذف کنید یا به تنظیمات بروید."},{"$i":"data-storage-limit-download-body","$v":"MMS دانلود نشد برای آزاد کردن فضا، پیام ها را حذف کنید یا به تنظیمات بروید."},{"$i":"data-storage-limit-alert-cancel","$v":"لغو کردن"},{"$i":"data-storage-limit-alert-setting","$v":"تنظیمات"},{"$i":"recipient-repeat","$v":"مخاطب تکراری."},{"$i":"email","$v":"ایمیل"},{"$i":"options","$v":"گزینه ها"},{"$i":"emergency-alert-title","$v":"هشدارهای اضطراری بی سیم"},{"$i":"emergency-alert","$v":"هشدارهای اضطراری بی سیم"},{"$i":"wappushNormal","$v":"Wap push"},{"$i":"wappushSIM1","$v":"WAP Push - سیم 1"},{"$i":"wappushSIM2","$v":"WAP Push - سیم 2"},{"$i":"not-assigned","$v":"تخصیص داده نشد"},{"$i":"switchSIMDataSendAlertTitle","$v":"MMS ارسال نشد."},{"$i":"switchSIMDataSendAlertBody","$v":["برای ارسال MMS، باید از تنظیمات مدیر سیم، سیم کارت برای داده را به سیم ",{"t":"idOrVar","v":"nonActiveSimId"}," تغییر دهید."]},{"$i":"switchSIMDataSendAlertDesc","$v":"لطفاً برای به روزرسانی تنظیمات به برنامه تنظیمات بروید."},{"$i":"switchSIMDataReceiveAlertTitle","$v":"MMS دريافت نشد."},{"$i":"switchSIMDataReceiveAlertBody","$v":["برای دریافت MMS، باید از تنظیمات مدیر سیم، سیم کارت برای داده را به سیم ",{"t":"idOrVar","v":"nonActiveSimId"}," تغییر دهید."]},{"$i":"switchSIMDataReceiveAlertDesc","$v":"لطفاً برای به روزرسانی تنظیمات به برنامه تنظیمات بروید."},{"$i":"group-message","$v":"پيام گروهی"},{"$i":"individual-message","$v":"پیام تکی"},{"$i":"group-message-alert-title","$v":"پيام گروهی"},{"$i":"group-message-alert-body","$v":"یک پیام گروهی ایجاد شود؟ (پیام گروهی از طریق MMS ارسال می شود و SMS بسته به برنامه سرویس موجب هزینه اضافی از ارائه دهنده بی سیم پیام می شود.)"},{"$i":"group-message-individual","$v":"به صورت تکی نگه دارید"},{"$i":"group-message-setting","$v":"ایجاد گروه"},{"$i":"new-message-individual","$v":"پیام جدید (تکی)"},{"$i":"new-message-group","$v":"پیام جدید (گروهی)"},{"$i":"no-phone-number","$v":"تعیین نشد"},{"$i":"device-phone-number","$v":"شماره تلفن من"},{"$i":"group-message-phone","$v":"پيام های گروهی"},{"$i":"my-phone-number","$v":"شماره تلفن من"},{"$i":"delivery-notification","$v":"پیام ارسال شد"},{"$i":"wait","$v":"در انتظار"},{"$i":"isTextTooLongAlert","$v":"از حداکثر طول پیام فراتر رفته است."},{"$i":"video-call","$v":"تماس ویدیویی"},{"$i":"normal-call","$v":"تماس"},{"$i":"attachment","$v":"پیوست"},{"$i":"limit-MMS-recipients","$v":"می توانید هر MMS را حداکثر برای 20 گیرنده ارسال کنید."},{"$i":"block-contact","$v":"مسدود کردن مخاطب"},{"$i":"blocked","$v":"مسدود کردن"},{"$i":"unblocked","$v":"رفع انسداد"},{"$i":"rtt-call","$v":"تماس RTT"},{"$i":"remove-all-attachments","$v":"حذف همه پیوست ها"},{"$i":"block-confirmation","$v":"از افرادی که در لیست مسدود شده ها قرار دارند، تماس تلفنی و پیامی دریافت نمی کنید."},{"$i":"space-low-not-save","$v":"حافظه پر است، نمی توانید پیش نویس را ذخیره کنید."},{"$i":"sms-encoding-mode","$v":"رمزگذاری Sms"},{"$i":"sms-reduced-format","$v":"فرمت کاهش‌یافته"},{"$i":"sms-full-format","$v":"فرمت کامل"},{"$i":"smscNormal","$v":"مرکز سرویس"},{"$i":"smscSIM1","$v":"مرکز سرویس سیم1"},{"$i":"smscSIM2","$v":"مرکز سرویس سیم2"},{"$i":"withoutDataTitle","$v":"انجام نشد"},{"$i":"withoutDataBody","$v":"لطفاً برای ارسال یا دانلود MMS، اتصال داده را از قسمت تنظیمات فعال کنید"},{"$i":"withoutDataBtnOk","$v":"تأیید"},{"$i":"withoutDataBtnSettings","$v":"تنظیمات"},{"$i":"weekday-0-long","$v":"يكشنبه"},{"$i":"weekday-1-long","$v":"دوشنبه"},{"$i":"weekday-2-long","$v":"سه شنبه"},{"$i":"weekday-3-long","$v":"چهارشنبه"},{"$i":"weekday-4-long","$v":"پنج شنبه"},{"$i":"weekday-5-long","$v":"جمعه"},{"$i":"weekday-6-long","$v":"شنبه"},{"$i":"weekday-0-short","$v":"یکشنبه"},{"$i":"weekday-1-short","$v":"دوشنبه"},{"$i":"weekday-2-short","$v":"سه شنبه"},{"$i":"weekday-3-short","$v":"چهارشنبه"},{"$i":"weekday-4-short","$v":"پنج شنبه"},{"$i":"weekday-5-short","$v":"جمعه"},{"$i":"weekday-6-short","$v":"شنبه"},{"$i":"month-0-long","$v":"ژانویه"},{"$i":"month-1-long","$v":"فوریه"},{"$i":"month-2-long","$v":"مارس"},{"$i":"month-3-long","$v":"آوریل"},{"$i":"month-4-long","$v":"مه"},{"$i":"month-5-long","$v":"ژوئن"},{"$i":"month-6-long","$v":"ژوئیه"},{"$i":"month-7-long","$v":"اوت"},{"$i":"month-8-long","$v":"سپتامبر"},{"$i":"month-9-long","$v":"اکتبر"},{"$i":"month-10-long","$v":"نوامبر"},{"$i":"month-11-long","$v":"دسامبر"},{"$i":"month-0-genitive","$v":"ژانویه"},{"$i":"month-1-genitive","$v":"فوریه"},{"$i":"month-2-genitive","$v":"مارس"},{"$i":"month-3-genitive","$v":"آوریل"},{"$i":"month-4-genitive","$v":"مه"},{"$i":"month-5-genitive","$v":"ژوئن"},{"$i":"month-6-genitive","$v":"ژوئیه"},{"$i":"month-7-genitive","$v":"اوت"},{"$i":"month-8-genitive","$v":"سپتامبر"},{"$i":"month-9-genitive","$v":"اکتبر"},{"$i":"month-10-genitive","$v":"نوامبر"},{"$i":"month-11-genitive","$v":"دسامبر"},{"$i":"month-0-short","$v":"ژانويه"},{"$i":"month-1-short","$v":"فوريه"},{"$i":"month-2-short","$v":"مارس"},{"$i":"month-3-short","$v":"آوريل"},{"$i":"month-4-short","$v":"مه"},{"$i":"month-5-short","$v":"ژوئن"},{"$i":"month-6-short","$v":"ژوئيه"},{"$i":"month-7-short","$v":"اوت"},{"$i":"month-8-short","$v":"سپتامبر"},{"$i":"month-9-short","$v":"اكتبر"},{"$i":"month-10-short","$v":"نوامبر"},{"$i":"month-11-short","$v":"دسامبر"},{"$i":"minutes-ago-long","$v":{"few":[{"t":"idOrVar","v":"value"}," دقیقه قبل"],"many":[{"t":"idOrVar","v":"value"}," دقیقه قبل"],"one":"یک دقيقه قبل","other":[{"t":"idOrVar","v":"value"}," دقیقه قبل"],"two":[{"t":"idOrVar","v":"value"}," دقیقه قبل"],"zero":"درست اکنون"},"$x":[{"t":"idOrVar","v":"plural"},"value"]},{"$i":"hours-ago-long","$v":{"few":[{"t":"idOrVar","v":"value"}," ساعت قبل"],"many":[{"t":"idOrVar","v":"value"}," ساعت قبل"],"one":"یک ساعت قبل","other":[{"t":"idOrVar","v":"value"}," ساعت قبل"],"two":[{"t":"idOrVar","v":"value"}," ساعت قبل"],"zero":"درست اکنون"},"$x":[{"t":"idOrVar","v":"plural"},"value"]},{"$i":"days-ago-long","$v":{"few":[{"t":"idOrVar","v":"value"}," روز قبل"],"many":[{"t":"idOrVar","v":"value"}," روز قبل"],"one":"دیروز","other":[{"t":"idOrVar","v":"value"}," روز قبل"],"two":[{"t":"idOrVar","v":"value"}," روز قبل"],"zero":"امروز"},"$x":[{"t":"idOrVar","v":"plural"},"value"]},{"$i":"weeks-ago-long","$v":{"few":[{"t":"idOrVar","v":"value"}," هفته قبل"],"many":[{"t":"idOrVar","v":"value"}," هفته قبل"],"one":"هفته قبل","other":[{"t":"idOrVar","v":"value"}," هفته قبل"],"two":[{"t":"idOrVar","v":"value"}," هفته قبل"],"zero":"این هفته"},"$x":[{"t":"idOrVar","v":"plural"},"value"]},{"$i":"months-ago-long","$v":{"few":[{"t":"idOrVar","v":"value"}," ماه قبل"],"many":[{"t":"idOrVar","v":"value"}," ماه قبل"],"one":"ماه قبل","other":[{"t":"idOrVar","v":"value"}," ماه قبل"],"two":[{"t":"idOrVar","v":"value"}," ماه قبل"],"zero":"این ماه"},"$x":[{"t":"idOrVar","v":"plural"},"value"]},{"$i":"years-ago-long","$v":{"few":[{"t":"idOrVar","v":"value"}," سال قبل"],"many":[{"t":"idOrVar","v":"value"}," سال قبل"],"one":"سال قبل","other":[{"t":"idOrVar","v":"value"}," سال قبل"],"two":[{"t":"idOrVar","v":"value"}," سال قبل"],"zero":"امسال"},"$x":[{"t":"idOrVar","v":"plural"},"value"]},{"$i":"minutes-until-long","$v":{"few":"در {value}} دقیقه","many":"در {value}} دقیقه","one":"در یک دقیقه","other":"در {value}} دقیقه","two":"در {value}} دقیقه","zero":"اکنون"},"$x":[{"t":"idOrVar","v":"plural"},"value"]},{"$i":"hours-until-long","$v":{"few":"در {value}} ساعت","many":"در {value}} ساعت","one":"در یک ساعت","other":"در {value}} ساعت","two":"در {value}} ساعت","zero":"اکنون"},"$x":[{"t":"idOrVar","v":"plural"},"value"]},{"$i":"days-until-long","$v":{"few":["در ",{"t":"idOrVar","v":"value"}," روز"],"many":["در ",{"t":"idOrVar","v":"value"}," روز"],"one":"فردا","other":["در ",{"t":"idOrVar","v":"value"}," روز"],"two":["در ",{"t":"idOrVar","v":"value"}," روز"],"zero":"امروز"},"$x":[{"t":"idOrVar","v":"plural"},"value"]},{"$i":"weeks-until-long","$v":{"few":["در ",{"t":"idOrVar","v":"value"}," هفته"],"many":["در ",{"t":"idOrVar","v":"value"}," هفته"],"one":"هفته بعد","other":["در ",{"t":"idOrVar","v":"value"}," هفته"],"two":["در ",{"t":"idOrVar","v":"value"}," هفته"],"zero":"این هفته"},"$x":[{"t":"idOrVar","v":"plural"},"value"]},{"$i":"months-until-long","$v":{"few":["در ",{"t":"idOrVar","v":"value"}," ماه"],"many":["در ",{"t":"idOrVar","v":"value"}," ماه"],"one":"ماه بعد","other":["در ",{"t":"idOrVar","v":"value"}," ماه"],"two":["در ",{"t":"idOrVar","v":"value"}," ماه"],"zero":"این ماه"},"$x":[{"t":"idOrVar","v":"plural"},"value"]},{"$i":"years-until-long","$v":{"few":["در ",{"t":"idOrVar","v":"value"}," سال"],"many":["در ",{"t":"idOrVar","v":"value"}," سال"],"one":"سال بعد","other":["در ",{"t":"idOrVar","v":"value"}," سال"],"two":["در ",{"t":"idOrVar","v":"value"}," سال"],"zero":"امسال"},"$x":[{"t":"idOrVar","v":"plural"},"value"]},{"$i":"minutes-ago-short","$v":{"other":[{"t":"idOrVar","v":"value"},"دقیقه قبل"],"zero":"درست اکنون"},"$x":[{"t":"idOrVar","v":"plural"},"value"]},{"$i":"hours-ago-short","$v":{"other":[{"t":"idOrVar","v":"value"}," ساعت قبل"],"zero":"درست اکنون"},"$x":[{"t":"idOrVar","v":"plural"},"value"]},{"$i":"days-ago-short","$v":{"other":[{"t":"idOrVar","v":"value"}," روز قبل"],"zero":"امروز"},"$x":[{"t":"idOrVar","v":"plural"},"value"]},{"$i":"minutes-until-short","$v":{"other":"در {value}} دقیقه","zero":"اکنون"},"$x":[{"t":"idOrVar","v":"plural"},"value"]},{"$i":"hours-until-short","$v":{"other":"در {value}} ساعت","zero":"اکنون"},"$x":[{"t":"idOrVar","v":"plural"},"value"]},{"$i":"days-until-short","$v":{"other":"در {value}} روز","zero":"امروز"},"$x":[{"t":"idOrVar","v":"plural"},"value"]},{"$i":"dateTimeFormat_%c","$v":"%a %b %e %Y %I:%M:%S %p"},{"$i":"dateTimeFormat_%x","$v":"%m/%d/%Y"},{"$i":"dateTimeFormat_%X","$v":"%I:%M:%S %p"},{"$i":"shortTimeFormat","$v":"%I:%M %p"},{"$i":"shortTimeFormat12","$v":"%I:%M %p"},{"$i":"shortTimeFormat24","$v":"%H:%M"},{"$i":"shortDateTimeFormat","$v":"%x %I:%M %p"},{"$i":"weekStartsOnMonday","$v":"0.0"},{"$i":"firstDayOfTheWeek","$v":"0.0"},{"$i":"time_am","$v":"ب.ظ"},{"$i":"time_pm","$v":"ق.ظ"},{"$i":"softkey-options","$v":"گزینه ها"},{"$i":"emergencyNumber","$v":"شماره اضطراری"},{"$i":"callAirplaneModeMessage","$v":"برای برقراری تماس، لازم است حالت هواپیما را از قسمت تنظیمات غیرفعال کنید."},{"$i":"callAirplaneModeBtnOk","$v":"تأیید"},{"$i":"callAirplaneModeTitle","$v":"حالت هواپیما فعال شد"},{"$i":"numberIsBusyTitle","$v":"شماره مشغول است"},{"$i":"numberIsBusyMessage","$v":"شماره در حال حاضر مشغول است. لطفاً بعداً دوباره امتحان کنید."},{"$i":"fdnIsActiveTitle","$v":"FDN فعال"},{"$i":"fdnIsActiveMessage","$v":["FDN (شماره های شماره گیری ثابت) فعال شد و شماره زیر در لیست FDN موجود نیست: ",{"t":"idOrVar","v":"number"}]},{"$i":"emergencyDialogBodyBadNumber","$v":"برای برقراری یک تماس، تلفن باید به یک شبکه وصل باشد."},{"$i":"emergencyDialogBodyDeviceNotAccepted","$v":"تماس های اضطراری از طرف شبکه مجاز نیستند."},{"$i":"emergencyDialogBtnOk","$v":"تأیید"},{"$i":"emergencyDialogTitle","$v":"بدون اتصال شبکه"},{"$i":"invalidNumberToDialTitle","$v":"شماره تلفن نامعتبر"},{"$i":"invalidNumberToDialMessage","$v":"شماره تلفنی که با آن تماس می گیرید معتبر نیست."},{"$i":"unableToCallTitle","$v":"نمی توانید تماسی برقرار کنید"},{"$i":"unableToCallMessage","$v":"اکنون نمی توانید تماس تلفنی برقرار کنید."},{"$i":"otherConnectionInUseTitle","$v":"اتصال دیگر در حال استفاده است"},{"$i":"otherConnectionInUseMessage","$v":"یک تماس فعال در اتصال دیگر دارید. هر بار فقط می توانید از یک اتصال استفاده کنید."},{"$i":"connectingEllipsis","$v":"در حال اتصال..."}]