[{"$i":"messages","$v":"Mensahe"},{"$i":"deleteMessages-title","$v":"Piliin"},{"$i":"selectThreads-title","$v":"Piliin"},{"$i":"edit","$v":"I-edit"},{"$i":"back","$v":"Bumalik"},{"$i":"cancel","$v":"Kanselahin"},{"$i":"delete","$v":"I-delete"},{"$i":"deleting-messages","$v":"Dine-delete…"},{"$i":"deselect","$v":"Alisin ang pagkakapili"},{"$i":"selected-threads","$v":{"few":[{"t":"idOrVar","v":"n"}," ang Napili"],"many":[{"t":"idOrVar","v":"n"}," ang Napili"],"one":[{"t":"idOrVar","v":"n"}," ang Napili"],"other":[{"t":"idOrVar","v":"n"}," ang Napili"],"two":[{"t":"idOrVar","v":"n"}," ang Napili"],"zero":"0 ang Napili"},"$x":[{"t":"idOrVar","v":"plural"},"n"]},{"$i":"selected-messages","$v":{"few":[{"t":"idOrVar","v":"n"}," ang Napili"],"many":[{"t":"idOrVar","v":"n"}," ang Napili"],"one":[{"t":"idOrVar","v":"n"}," ang Napili"],"other":[{"t":"idOrVar","v":"n"}," ang Napili"],"two":[{"t":"idOrVar","v":"n"}," ang Napili"],"zero":"0 ang Napili"},"$x":[{"t":"idOrVar","v":"plural"},"n"]},{"$i":"selectThreads-label","$v":"Pumili ng Mga Thread"},{"$i":"selectMessages-label","$v":"Pumili ng Mga Mensahe"},{"$i":"new-message","$v":"Bagong Mensahe"},{"$i":"delete-thread","$v":"I-delete ang Thread"},{"$i":"create-new-contact","$v":"Gumawa ng Bagong Contact"},{"$i":"add-to-contact","$v":"Idagdag sa isang Kasalukuyang Contact"},{"$i":"select-thread","$v":"Pumili ng Thread"},{"$i":"settings","$v":"Mga Setting"},{"$i":"select-all","$v":"Piliin lahat"},{"$i":"deselect-all","$v":"Alisin ang pagkakapili sa lahat"},{"$i":"select","$v":"Piliin"},{"$i":"sk-save-as-draft","$v":"I-save bilang draft"},{"$i":"next","$v":"Susunod"},{"$i":"send","$v":"Ipadala"},{"$i":"add-contact","$v":"Magdagdag ng Contact"},{"$i":"add-suggestion","$v":"Piliin"},{"$i":"add-subject","$v":"Magdagdag ng Paksa"},{"$i":"remove-subject","$v":"Alisin ang Paksa"},{"$i":"add-attachment","$v":"Magdagdag ng Attachment"},{"$i":"remove-attachment","$v":"Alisin ang Attachment"},{"$i":"replace-attachment","$v":"Palitan ang Attachment"},{"$i":"select-messages","$v":"Pumili ng Mga Mensahe"},{"$i":"call","$v":"Tawag"},{"$i":"forward","$v":"I-forward"},{"$i":"view-message-report","$v":"Tingnan ang mga detalye ng mensahe"},{"$i":"cancel-view-report","$v":"Kanselahin"},{"$i":"ok","$v":"OK"},{"$i":"enter","$v":"Ipasok"},{"$i":"open","$v":"Buksan"},{"$i":"to","$v":"Sa"},{"$i":"new","$v":"Bago"},{"$i":"message","$v":"Mensahe"},{"$i":"messagesInput_placeholder","$v":"Mensahe"},{"$i":"messagesSubjectInput_placeholder","$v":"Paksa"},{"$i":"subjectComposerInput_placeholder","$v":"Paksa"},{"$i":"converted-to-mms","$v":"Kino-convert sa multimedia na mensahe."},{"$i":"converted-to-sms","$v":"Kino-convert sa text message."},{"$i":"messages-max-length-text","$v":"Naabot mo ang maximum na haba."},{"$i":"messages-max-subject-length-text","$v":"Naabot ang maximum na haba ng paksa."},{"$i":"multimedia-message-exceeded-max-length","$v":["Lumalagpas ang mensaheng ito sa ",{"t":"idOrVar","v":"mmsSize"}," MB na limitasyon sa laki ng isang multimedia message."]},{"$i":"newMessage","$v":"Bagong mensahe"},{"$i":"sendMessage","$v":"Magpadala ng mensahe"},{"$i":"sendMMSToEmail","$v":"Magpadala ng multimedia message"},{"$i":"no-recipient","$v":"(Walang tatanggap)"},{"$i":"recipient","$v":{"few":[{"t":"idOrVar","v":"n"}," (na) tatanggap"],"many":[{"t":"idOrVar","v":"n"}," (na) tatanggap"],"one":[{"t":"idOrVar","v":"n"}," tatanggap"],"other":[{"t":"idOrVar","v":"n"}," (na) tatanggap"],"two":[{"t":"idOrVar","v":"n"}," (na) tatanggap"]},"$x":[{"t":"idOrVar","v":"plural"},"n"]},{"$i":"attachmentSizeB","$v":[{"t":"idOrVar","v":"n"}," B"]},{"$i":"attachmentSizeKB","$v":[{"t":"idOrVar","v":"n"}," KB"]},{"$i":"attachmentSizeMB","$v":[{"t":"idOrVar","v":"n"}," MB"]},{"$i":"attachmentOpenError","$v":"Walang available na application upang mabuksan ang ganitong uri ng file."},{"$i":"remove","$v":"Alisin"},{"$i":"participant","$v":{"few":[{"t":"idOrVar","v":"n"}," (na) kalahok"],"many":[{"t":"idOrVar","v":"n"}," (na) kalahok"],"one":[{"t":"idOrVar","v":"n"}," kalahok"],"other":[{"t":"idOrVar","v":"n"}," (na) kalahok"],"two":[{"t":"idOrVar","v":"n"}," (na) kalahok"]},"$x":[{"t":"idOrVar","v":"plural"},"n"]},{"$i":"message-report","$v":"Ulat ng mensahe"},{"$i":"message-type-sms","$v":"Text Message (SMS)"},{"$i":"message-type-mms","$v":"Multimedia Message (MMS)"},{"$i":"sms-report-description","$v":["Naipadala ang iyong Text Message (SMS) noong ",{"t":"idOrVar","v":"datetime"}]},{"$i":"mms-report-description","$v":["Naipadala ang iyong Multimedia Message (MMS), paksa ",{"t":"idOrVar","v":"subject"},", noong ",{"t":"idOrVar","v":"datetime"}]},{"$i":"mms-no-subject-report-description","$v":["Naipadala ang iyong Multimedia Message (MMS) noong ",{"t":"idOrVar","v":"datetime"}]},{"$i":"message-subject","$v":"Paksa:"},{"$i":"report-status-error","$v":"Hindi maipadala ang mensahe"},{"$i":"report-status-not-downloaded","$v":"hindi na-download"},{"$i":"report-status-delivered","$v":"Naihatid:"},{"$i":"report-status-read","$v":"Basahin:"},{"$i":"report-status-pending","$v":"Nakahiling ng ulat"},{"$i":"report-status-rejected","$v":"Tinanggihan ang mensahe"},{"$i":"message-size-was","$v":"Laki ng mensahe:"},{"$i":"report-to-title","$v":"Sa"},{"$i":"report-from-title","$v":"Mula sa"},{"$i":"message-sent","$v":"Naipadala:"},{"$i":"message-sending","$v":[{"t":"idOrVar","v":"message-delivery-status-sending"}]},{"$i":"message-received","$v":"Natanggap:"},{"$i":"message-via","$v":"Sa pamamagitan ng:"},{"$i":"message-resend","$v":"I-resend"},{"$i":"search","$v":"Hanapin"},{"$i":"unknown-contact-title","$v":"Hindi Kilalang Contact"},{"$i":"phone-type-separator","$v":", "},{"$i":"phone-carrier-separator","$v":" "},{"$i":"thread-participant-separator","$v":", "},{"$i":"replace-draft","$v":"Palitan ang kasalukuyang Draft"},{"$i":"save-as-draft","$v":"I-save"},{"$i":"discard-message","$v":"I-discard"},{"$i":"discard-sms","$v":"Sigurado ka bang gusto mong i-discard ang mensaheng ito?"},{"$i":"discard-new-message","$v":"I-discard ang mensaheng binubuo mo at buksan ang bagong mensahe?"},{"$i":"resend-confirmation","$v":"Hindi maipapadala ang mensahe. Subukang muli?"},{"$i":"resend-message","$v":"Muling Ipadala ang Mensaheng Ito"},{"$i":"deleteMessage-confirmation","$v":"I-delete ang napiling mensahe?"},{"$i":"deleteMessages-confirmation","$v":"I-delete ang napiling mga mensahe?"},{"$i":"deleteThreads-confirmation2","$v":{"one":"I-delete ang napiling thread ng mensahe?","other":"I-delete ang mga napiling thread ng mensahe?"},"$x":[{"t":"idOrVar","v":"plural"},"n"]},{"$i":"new-message-notice-text","$v":"Bagong mensahe mula sa"},{"$i":"new-message-notice-a-text","$v":"Basahin ito"},{"$i":"noMessages-title","$v":"Walang mensahe"},{"$i":"noMessages-text","$v":"Pindutin ang Bago para magsimulang makipag-usap."},{"$i":"sendDefaultErrorTitle","$v":"Ipadala ang Pagkabigo"},{"$i":"sendDefaultErrorBody","$v":"Nagkaproblema sa pagpapadala ng mensahe. Pakisubukang muli."},{"$i":"sendDefaultErrorBtnOk","$v":"OK"},{"$i":"sendMissingSimCardTitle","$v":"Ipadala ang Pagkabigo"},{"$i":"sendMissingSimCardBody","$v":"Maglagay ng valid na SIM card upang magpatuloy."},{"$i":"sendMissingSimCardBtnOk","$v":"OK"},{"$i":"sendFlightModeTitle","$v":"Ipadala ang Pagkabigo"},{"$i":"sendFlightModeBody","$v":"I-off ang airplane mode upang magpadala ng mga mensahe."},{"$i":"sendFlightModeBtnOk","$v":"OK"},{"$i":"radioDisabledToDownloadTitle","$v":"I-download ang pagkabigo"},{"$i":"radioDisabledToDownloadBody","$v":"I-off ang airplane mode upang mag-download ng mga attachment."},{"$i":"radioDisabledToDownloadBtnOk","$v":[{"t":"idOrVar","v":"sendFlightModeBtnOk"}]},{"$i":"downloadDefaultErrorTitle","$v":"I-download ang pagkabigo"},{"$i":"downloadDefaultErrorBody","$v":"There was a problem downloading the message. Please try again."},{"$i":"downloadDefaultErrorBtnOk","$v":[{"t":"idOrVar","v":"sendDefaultErrorBtnOk"}]},{"$i":"fdnErrorTitle","$v":"Ipadala ang Pagkabigo"},{"$i":"needConnectWifiBody","$v":"Walang available na mobile data network. Kumonekta sa isang available na Wi-Fi network para sa pagmemensahe."},{"$i":"needConnectWifiTitle","$v":"Hindi naipadala ang mensahe"},{"$i":"mmsChanelUsedBody","$v":"May MMS na ipinapadala ng non-DDS sub, hintaying matapos ang pagpapadala."},{"$i":"mmsChanelUsedTitle","$v":"Ginamit ang MMS Channel"},{"$i":"sms-counter-notice-label","$v":["Ine-edit ang SMS ",{"t":"idOrVar","v":"number"}]},{"$i":"fdnErrorBody","$v":{"few":"Na-activate ang FDN (mga Fixed Dialling Number). Tiyaking ang SMS center at mga sumusunod na tatanggap ay nasa iyong listahan ng FDN.","many":"Na-activate ang FDN (mga Fixed Dialling Number). Tiyaking ang SMS center at mga sumusunod na tatanggap ay nasa iyong listahan ng FDN.","one":"Na-activate ang FDN (mga Fixed Dialling Number). Tiyaking ang SMS center at sumusunod na tatanggap ay nasa iyong listahan ng FDN.","other":"Na-activate ang FDN (mga Fixed Dialling Number). Tiyaking ang SMS center at mga sumusunod na tatanggap ay nasa iyong listahan ng FDN.","two":"Na-activate ang FDN (mga Fixed Dialling Number). Tiyaking ang SMS center at mga sumusunod na tatanggap ay nasa iyong listahan ng FDN."},"$x":[{"t":"idOrVar","v":"plural"},"n"]},{"$i":"fdnErrorBtnOk","$v":"OK"},{"$i":"sendNoSignalErrorTitle","$v":"Ipadala ang Pagkabigo"},{"$i":"sendNoSignalErrorBody","$v":"Tiyaking mayroon kang mobile signal at subukang muli."},{"$i":"sendNoSignalErrorBtnOk","$v":"OK"},{"$i":"sendNotFoundErrorTitle","$v":"Ipadala ang Pagkabigo"},{"$i":"sendNotFoundErrorBody","$v":"Hindi na available ang mensaheng hinahanap mo."},{"$i":"sendNotFoundErrorBtnOk","$v":"OK"},{"$i":"sendInvalidAddressErrorTitle","$v":"Ipadala ang Pagkabigo"},{"$i":"sendInvalidAddressErrorBody","$v":"Tiyaking valid ang numero ng mobile kung saan ka nagpapadala."},{"$i":"sendInvalidAddressErrorBtnOk","$v":"OK"},{"$i":"simNotMatchedErrorTitle","$v":"Hindi ma-download"},{"$i":"simNotMatchedErrorBody","$v":"Pakitiyak na ang nakapasok na SIM card ay ang SIM card na ginamit sa pagtanggap ng mensaheng ito."},{"$i":"simNotMatchedErrorBtnOk","$v":"OK"},{"$i":"netWorkErrorTitle","$v":"Pagpalya ng Network"},{"$i":"netWorkErrorBody","$v":"May ilang problema ang network, pakitingnan muna ito."},{"$i":"netWorkErrorBtnOk","$v":"OK"},{"$i":"deleted-sms","$v":"Na-delete na ang mensaheng ito."},{"$i":"view-attachment-image","$v":"Tingnan"},{"$i":"view-attachment-audio","$v":"Makinig"},{"$i":"view-attachment-video","$v":"Tingnan"},{"$i":"view-attachment-other","$v":"Tingnan"},{"$i":"remove-attachment-image","$v":"Alisin ang larawan"},{"$i":"remove-attachment-audio","$v":"Alisin ang audio"},{"$i":"remove-attachment-video","$v":"Alisin ang video"},{"$i":"remove-attachment-other","$v":"Alisin ang attachment"},{"$i":"replace-attachment-image","$v":"Palitan ang larawan"},{"$i":"replace-attachment-audio","$v":"Palitan ang audio"},{"$i":"replace-attachment-video","$v":"Palitan ang video"},{"$i":"replace-attachment-other","$v":"Palitan ang attachment"},{"$i":"unsent-message-title","$v":"Hindi Naipadalang Mensahe"},{"$i":"unsent-message-description","$v":"Hindi naipadala ang nakaraan mong mensahe. Gusto mo bang i-edit ang hindi naipadalang mensahe o i-discard ito at magpatuloy?"},{"$i":"unsent-message-option-edit","$v":"I-edit"},{"$i":"unsent-message-option-discard","$v":"I-discard"},{"$i":"message-options","$v":"Mga opsyon sa mensahe"},{"$i":"select-text","$v":"Pumili ng text"},{"$i":"mobile","$v":"Mobile"},{"$i":"home","$v":"Tahanan"},{"$i":"work","$v":"Trabaho"},{"$i":"personal","$v":"Personal"},{"$i":"faxHome","$v":"I-fax sa tahanan"},{"$i":"faxOffice","$v":"I-fax sa opisina"},{"$i":"faxOther","$v":"I-fax sa iba pa"},{"$i":"another","$v":"Iba"},{"$i":"other","$v":"Iba pa"},{"$i":"today","$v":"Ngayon"},{"$i":"yesterday","$v":"Kahapon"},{"$i":"incorrectDate","$v":"(mali ang petsa)"},{"$i":"addToExistingContact","$v":"Idagdag sa isang kasalukuyang contact"},{"$i":"createNewContact","$v":"Gumawa ng bagong contact"},{"$i":"viewContact","$v":"Tingnan ang contact"},{"$i":"sendEmail","$v":"Ipadala ang Email"},{"$i":"mms-message","$v":"MMS message"},{"$i":"notDownloaded-title","$v":"Hindi pa nada-download ang mensahe."},{"$i":"tobedownloaded-attachment","$v":["Nakatanggap ka ng multimedia message, pindutin ang I-download upang ma-retrieve ang content nito bago ang ",{"t":"idOrVar","v":"date"},"."]},{"$i":"expired-attachment","$v":["Paumanhin, nag-expire ang mensahe noong ",{"t":"idOrVar","v":"date"}," at hindi ito mada-download."]},{"$i":"download-attachment","$v":"I-download"},{"$i":"downloading-attachment","$v":"Dina-download…"},{"$i":"download-complete","$v":"Natapos na ang pag-download"},{"$i":"unnamed-attachment","$v":"walang pamagat"},{"$i":"mms-label","$v":"MMS"},{"$i":"group-label","$v":"GRUPO"},{"$i":"attached-files-too-large","$v":{"few":["Lumalagpas ang mga mensaheng ito sa ",{"t":"idOrVar","v":"mmsSize"}," MB na limitasyon sa laki ng isang multimedia message."],"many":["Lumalagpas ang mga mensaheng ito sa ",{"t":"idOrVar","v":"mmsSize"}," MB na limitasyon sa laki ng isang multimedia message."],"one":["Lumalagpas ang mensaheng ito sa ",{"t":"idOrVar","v":"mmsSize"}," MB na limitasyon sa laki ng isang multimedia message."],"other":["Lumalagpas ang mga mensaheng ito sa ",{"t":"idOrVar","v":"mmsSize"}," MB na limitasyon sa laki ng isang multimedia message."],"two":["Lumalagpas ang mga mensaheng ito sa ",{"t":"idOrVar","v":"mmsSize"}," MB na limitasyon sa laki ng isang multimedia message."],"zero":["Lumalagpas ang mga mensaheng ito sa ",{"t":"idOrVar","v":"mmsSize"}," MB na limitasyon sa laki ng isang multimedia message."]},"$x":[{"t":"idOrVar","v":"plural"},"n"]},{"$i":"resize-image","$v":"Binabago ang laki ng naka-attach na larawan"},{"$i":"no-attachment-text","$v":"Nagkakaproblema sa naka-attach na file at hindi ito ma-download."},{"$i":"message-draft-saved","$v":"Na-save bilang draft ang mensahe"},{"$i":"sim-id-label","$v":["SIM ",{"t":"idOrVar","v":"id"}]},{"$i":"sim-detail","$v":["SIM ",{"t":"idOrVar","v":"id"},", ",{"t":"idOrVar","v":"detailString"}]},{"$i":"dsds-notification-title-with-sim","$v":["(",{"t":"idOrVar","v":"sim"},") ",{"t":"idOrVar","v":"sender"}]},{"$i":"send-button","ariaLabel":"Ipadala"},{"$i":"send-button-sim-indication","$v":[{"t":"idOrVar","v":"n"}],"ariaLabel":["gamit ang SIM ",{"t":"idOrVar","v":"n"}]},{"$i":"expiry-date-format","$v":"%A, %b %e"},{"$i":"attach-button","ariaLabel":"Magdagdag ng attachment"},{"$i":"contact-photo","ariaLabel":"Larawan ng contact"},{"$i":"unread-thread","ariaLabel":"I-unread"},{"$i":"has-draft","ariaLabel":"May draft"},{"$i":"is-draft","ariaLabel":"Draft"},{"$i":"message-delivery-status-sending","$v":"Nagpapadala …"},{"$i":"message-delivery-status-delivered","$v":"Naihatid"},{"$i":"message-delivery-status-read","ariaLabel":"Basahin"},{"$i":"message-delivery-status-error","ariaLabel":"Error"},{"$i":"modal-dialog-ok-button","$v":"OK"},{"$i":"modal-dialog-cancel-button","$v":"Kanselahin"},{"$i":"modal-dialog-default-title","$v":"Mga Mensahe"},{"$i":"delete-message","$v":"Na-delete ang mensahe"},{"$i":"message-converted-to-toast","$v":["Na-convert ang mensahe sa ",{"t":"idOrVar","v":"type"}]},{"$i":"message-sent-toast","$v":"Naipadala ang mensahe"},{"$i":"deleteMessage-confirmation2","$v":"I-delete ang napiling thread ng mensahe?"},{"$i":"deleted-message","$v":{"few":[{"t":"idOrVar","v":"n"}," (na) mensahe ang na-delete"],"many":[{"t":"idOrVar","v":"n"}," (na) mensahe ang na-delete"],"one":[{"t":"idOrVar","v":"n"}," mensahe ang na-delete"],"other":[{"t":"idOrVar","v":"n"}," (na) mensahe ang na-delete"],"two":[{"t":"idOrVar","v":"n"}," (na) mensahe ang na-delete"],"zero":"0 mensahe ang na-delete"},"$x":[{"t":"idOrVar","v":"plural"},"n"]},{"$i":"deleted-threads","$v":{"few":[{"t":"idOrVar","v":"n"}," (na) thread ng mensahe ang na-delete"],"many":[{"t":"idOrVar","v":"n"}," (na) thread ng mensahe ang na-delete"],"one":"Na-delete ang thread","other":[{"t":"idOrVar","v":"n"}," (na) thread ng mensahe ang na-delete"],"two":[{"t":"idOrVar","v":"n"}," (na) thread ng mensahe ang na-delete"],"zero":"0 thread ang na-delete"},"$x":[{"t":"idOrVar","v":"plural"},"n"]},{"$i":"wapPushMessages","$v":"Mga WAP Push Message"},{"$i":"auto-retrieve-messages","$v":"Awtomatikong kunin ang mga mensahe"},{"$i":"auto-retrieve-messages-title","$v":"Awtomatikong Kunin Ang Mga Mensahe"},{"$i":"auto-roaming-retrieve","$v":"On with roaming"},{"$i":"auto-no-roaming-retrieve","$v":"On without roaming"},{"$i":"mmsTitle","$v":"Multimedia Messaging (MMS)"},{"$i":"message-delivery-reports","$v":"Mga ulat ng paghatid"},{"$i":"message-delivery-reports-title","$v":"Mga Ulat ng Paghatid"},{"$i":"messageReport-title","$v":"Mga Detalye ng Mensahe"},{"$i":"sms-label","$v":"SMS"},{"$i":"messaging-settings","$v":"Mga Setting ng Pagmemensahe"},{"$i":"messagingSettings-header","$v":[{"t":"idOrVar","v":"messaging-settings"}]},{"$i":"confirmation-title","$v":"Kumpirmasyon"},{"$i":"draft-save-content","$v":"I-save bilang Draft?"},{"$i":"draft-discard-content","$v":"Na-discard ang mensahe"},{"$i":"switch-on","$v":"Bukas"},{"$i":"switch-off","$v":"I-off"},{"$i":"auto-retrieve-desc","$v":"Awtomatikong nare-retrieve ang mga mensahe"},{"$i":"confirm-dialog-ok","$v":"OK"},{"$i":"yes","$v":"Oo"},{"$i":"no","$v":"Hindi"},{"$i":"delete-current-thread?","$v":"I-delete ang napiling thread ng mensahe?"},{"$i":"attention","$v":"Atensyon"},{"$i":"delivery-title","$v":"Text Messaging (SMS)"},{"$i":"send-failed","$v":"Hindi naipadala."},{"$i":"subject-removed","$v":"Naalis ang paksa."},{"$i":"data-storage-limit-alert-title","$v":"Puno ang storage ng telepono."},{"$i":"data-storage-limit-send-body","$v":"Hindi mapadala ang MMS. Mag-delete ng mga mensahe o pumunta sa Mga Setting para magbakente ng espasyo."},{"$i":"data-storage-limit-download-body","$v":"Hindi ma-download ang MMS. Mag-delete ng mga mensahe o pumunta sa Mga Setting para magbakente ng espasyo."},{"$i":"data-storage-limit-alert-cancel","$v":"Kanselahin"},{"$i":"data-storage-limit-alert-setting","$v":"Mga Setting"},{"$i":"recipient-repeat","$v":"Dobleng contact."},{"$i":"email","$v":"EMAIL"},{"$i":"options","$v":"Mga Opsyon"},{"$i":"emergency-alert-title","$v":"Mga Alerto ng Emergency"},{"$i":"emergency-alert","$v":"Mga alerto ng emergency"},{"$i":"wappushNormal","$v":"Wap push"},{"$i":"wappushSIM1","$v":"WAP push - SIM 1"},{"$i":"wappushSIM2","$v":"WAP push - SIM 2"},{"$i":"not-assigned","$v":"Hindi Nakatalaga"},{"$i":"switchSIMDataSendAlertTitle","$v":"Di napadala ang MMS."},{"$i":"switchSIMDataSendAlertBody","$v":["Para magpadala ng MMS, kailangan mong gawing SIM ",{"t":"idOrVar","v":"nonActiveSimId"}," ang SIM card para sa data sa mga setting ng SIM Manager."]},{"$i":"switchSIMDataSendAlertDesc","$v":"Pumunta sa app na Mga Setting para i-update ang mga setting."},{"$i":"switchSIMDataReceiveAlertTitle","$v":"Di natanggap ang MMS."},{"$i":"switchSIMDataReceiveAlertBody","$v":["Para makatanggap ng MMS, kailangan mong gawing SIM ",{"t":"idOrVar","v":"nonActiveSimId"}," ang SIM card para sa data sa mga setting ng SIM Manager."]},{"$i":"switchSIMDataReceiveAlertDesc","$v":"Pumunta sa app na Mga Setting para i-update ang mga setting."},{"$i":"group-message","$v":"Mensahe ng Grupo"},{"$i":"individual-message","$v":"Indibidwal na mensahe"},{"$i":"group-message-alert-title","$v":"Mensahe ng Grupo"},{"$i":"group-message-alert-body","$v":"Gumawa ng mensahe ng grupo? (Ang pagpapadala ng mga mensahe ng grupo sa pamamagitan ng MMS at SMS ay magdudulot ng mga karagdagang singil mula sa wireless provider ng Mensahe depende sa service plan.)"},{"$i":"group-message-individual","$v":"Panatilihing Indibidwal"},{"$i":"group-message-setting","$v":"Gumawa ng Grupo"},{"$i":"new-message-individual","$v":"Bagong Mensahe (Indibidwal)"},{"$i":"new-message-group","$v":"Bagong Mensahe (Grupo)"},{"$i":"no-phone-number","$v":"Hindi nakatalaga"},{"$i":"device-phone-number","$v":"Numero ng telepono ko"},{"$i":"group-message-phone","$v":"Mga Mensahe ng Grupo"},{"$i":"my-phone-number","$v":"Numero ng telepono ko"},{"$i":"delivery-notification","$v":"Nahatid ang mensahe"},{"$i":"wait","$v":"naghihintay"},{"$i":"isTextTooLongAlert","$v":"Nalagpasan ang max na haba ng mensahe."},{"$i":"video-call","$v":"Video call"},{"$i":"normal-call","$v":"Tumawag"},{"$i":"attachment","$v":"Attachment"},{"$i":"limit-MMS-recipients","$v":"Maaari lang magpadala ng hanggang 20 tatanggap kada MMS."},{"$i":"block-contact","$v":"I-block ang contact"},{"$i":"blocked","$v":"I-block"},{"$i":"unblocked","$v":"I-unblock"},{"$i":"rtt-call","$v":"RTT call"},{"$i":"remove-all-attachments","$v":"Alisin ang lahat ng attachment"},{"$i":"block-confirmation","$v":"Hindi ka makakatanggap ng mga tawag sa telepono, mensahe mula sa mga tao sa block list."},{"$i":"space-low-not-save","$v":"Puno na ang storage, hindi ma-save ang draft."},{"$i":"sms-encoding-mode","$v":"Nag-e-encode ng Sms"},{"$i":"sms-reduced-format","$v":"Pinaliit na Format"},{"$i":"sms-full-format","$v":"Buong Format"},{"$i":"smscNormal","$v":"Service Center"},{"$i":"smscSIM1","$v":"Service Center SIM1"},{"$i":"smscSIM2","$v":"Service Center SIM2"},{"$i":"withoutDataTitle","$v":"Nabigo"},{"$i":"withoutDataBody","$v":"Paki-enable ang Koneksyon sa Data sa Mga Setting para magpadala o mag-download ng MMS"},{"$i":"withoutDataBtnOk","$v":"OK"},{"$i":"withoutDataBtnSettings","$v":"Mga Setting"},{"$i":"weekday-0-long","$v":"Linggo"},{"$i":"weekday-1-long","$v":"Lunes"},{"$i":"weekday-2-long","$v":"Martes"},{"$i":"weekday-3-long","$v":"Miyerkules"},{"$i":"weekday-4-long","$v":"Huwebes"},{"$i":"weekday-5-long","$v":"Biyernes"},{"$i":"weekday-6-long","$v":"Sabado"},{"$i":"weekday-0-short","$v":"Lin"},{"$i":"weekday-1-short","$v":"Lun"},{"$i":"weekday-2-short","$v":"Mar"},{"$i":"weekday-3-short","$v":"Miy"},{"$i":"weekday-4-short","$v":"Hwe"},{"$i":"weekday-5-short","$v":"Biy"},{"$i":"weekday-6-short","$v":"Sab"},{"$i":"month-0-long","$v":"Enero"},{"$i":"month-1-long","$v":"Pebrero"},{"$i":"month-2-long","$v":"Marso"},{"$i":"month-3-long","$v":"Abril"},{"$i":"month-4-long","$v":"Mayo"},{"$i":"month-5-long","$v":"Hunyo"},{"$i":"month-6-long","$v":"Hulyo"},{"$i":"month-7-long","$v":"Agosto"},{"$i":"month-8-long","$v":"Setyembre"},{"$i":"month-9-long","$v":"Oktubre"},{"$i":"month-10-long","$v":"Nobyembre"},{"$i":"month-11-long","$v":"Disyembre"},{"$i":"month-0-genitive","$v":"Enero"},{"$i":"month-1-genitive","$v":"Pebrero"},{"$i":"month-2-genitive","$v":"Marso"},{"$i":"month-3-genitive","$v":"Abril"},{"$i":"month-4-genitive","$v":"Mayo"},{"$i":"month-5-genitive","$v":"Hunyo"},{"$i":"month-6-genitive","$v":"Hulyo"},{"$i":"month-7-genitive","$v":"Agosto"},{"$i":"month-8-genitive","$v":"Setyembre"},{"$i":"month-9-genitive","$v":"Oktubre"},{"$i":"month-10-genitive","$v":"Nobyembre"},{"$i":"month-11-genitive","$v":"Disyembre"},{"$i":"month-0-short","$v":"Ene"},{"$i":"month-1-short","$v":"Peb"},{"$i":"month-2-short","$v":"Mar"},{"$i":"month-3-short","$v":"Abr"},{"$i":"month-4-short","$v":"Mayo"},{"$i":"month-5-short","$v":"Hun"},{"$i":"month-6-short","$v":"Hul"},{"$i":"month-7-short","$v":"Ago"},{"$i":"month-8-short","$v":"Set"},{"$i":"month-9-short","$v":"Okt"},{"$i":"month-10-short","$v":"Nob"},{"$i":"month-11-short","$v":"Dis"},{"$i":"minutes-ago-long","$v":{"few":[{"t":"idOrVar","v":"value"}," (na) minuto ang nakalipas"],"many":[{"t":"idOrVar","v":"value"}," (na) minuto ang nakalipas"],"one":"isang minuto ang nakalipas","other":[{"t":"idOrVar","v":"value"}," (na) minuto ang nakalipas"],"two":[{"t":"idOrVar","v":"value"}," (na) minuto ang nakalipas"],"zero":"ngayon lang"},"$x":[{"t":"idOrVar","v":"plural"},"value"]},{"$i":"hours-ago-long","$v":{"few":[{"t":"idOrVar","v":"value"}," (na) oras ang nakalipas"],"many":[{"t":"idOrVar","v":"value"}," (na) oras ang nakalipas"],"one":"isang oras ang nakalipas","other":[{"t":"idOrVar","v":"value"}," (na) oras ang nakalipas"],"two":[{"t":"idOrVar","v":"value"}," (na) oras ang nakalipas"],"zero":"ngayon lang"},"$x":[{"t":"idOrVar","v":"plural"},"value"]},{"$i":"days-ago-long","$v":{"few":[{"t":"idOrVar","v":"value"}," (na) araw ang nakalipas"],"many":[{"t":"idOrVar","v":"value"}," (na) araw ang nakalipas"],"one":"kahapon","other":[{"t":"idOrVar","v":"value"}," (na) araw ang nakalipas"],"two":[{"t":"idOrVar","v":"value"}," (na) araw ang nakalipas"],"zero":"ngayon"},"$x":[{"t":"idOrVar","v":"plural"},"value"]},{"$i":"weeks-ago-long","$v":{"few":[{"t":"idOrVar","v":"value"}," (na) linggo ang nakalipas"],"many":[{"t":"idOrVar","v":"value"}," (na) linggo ang nakalipas"],"one":"nakaraang linggo","other":[{"t":"idOrVar","v":"value"}," (na) linggo ang nakalipas"],"two":[{"t":"idOrVar","v":"value"}," (na) linggo ang nakalipas"],"zero":"ngayong linggo"},"$x":[{"t":"idOrVar","v":"plural"},"value"]},{"$i":"months-ago-long","$v":{"few":[{"t":"idOrVar","v":"value"}," (na) buwan ang nakalipas"],"many":[{"t":"idOrVar","v":"value"}," (na) buwan ang nakalipas"],"one":"nakaraang buwan","other":[{"t":"idOrVar","v":"value"}," (na) buwan ang nakalipas"],"two":[{"t":"idOrVar","v":"value"}," (na) buwan ang nakalipas"],"zero":"ngayong buwan"},"$x":[{"t":"idOrVar","v":"plural"},"value"]},{"$i":"years-ago-long","$v":{"few":[{"t":"idOrVar","v":"value"}," (na) taon ang nakalipas"],"many":[{"t":"idOrVar","v":"value"}," (na) taon ang nakalipas"],"one":"nakaraang taon","other":[{"t":"idOrVar","v":"value"}," (na) taon ang nakalipas"],"two":[{"t":"idOrVar","v":"value"}," (na) taon ang nakalipas"],"zero":"ngayong taon"},"$x":[{"t":"idOrVar","v":"plural"},"value"]},{"$i":"minutes-until-long","$v":{"few":["sa loob ng ",{"t":"idOrVar","v":"value"}," (na) minuto"],"many":["sa loob ng ",{"t":"idOrVar","v":"value"}," (na) minuto"],"one":"sa loob ng isang minuto","other":["sa loob ng ",{"t":"idOrVar","v":"value"}," (na) minuto"],"two":["sa loob ng ",{"t":"idOrVar","v":"value"}," (na) minuto"],"zero":"ngayon"},"$x":[{"t":"idOrVar","v":"plural"},"value"]},{"$i":"hours-until-long","$v":{"few":["sa loob ng ",{"t":"idOrVar","v":"value"}," (na) oras"],"many":["sa loob ng ",{"t":"idOrVar","v":"value"}," (na) oras"],"one":"sa loob ng isang oras","other":["sa loob ng ",{"t":"idOrVar","v":"value"}," (na) oras"],"two":["sa loob ng ",{"t":"idOrVar","v":"value"}," (na) oras"],"zero":"ngayon"},"$x":[{"t":"idOrVar","v":"plural"},"value"]},{"$i":"days-until-long","$v":{"few":["sa loob ng ",{"t":"idOrVar","v":"value"}," (na) araw"],"many":["sa loob ng ",{"t":"idOrVar","v":"value"}," (na) araw"],"one":"bukas","other":["sa loob ng ",{"t":"idOrVar","v":"value"}," (na) araw"],"two":["sa loob ng ",{"t":"idOrVar","v":"value"}," (na) araw"],"zero":"ngayon"},"$x":[{"t":"idOrVar","v":"plural"},"value"]},{"$i":"weeks-until-long","$v":{"few":["sa loob ng ",{"t":"idOrVar","v":"value"}," (na) linggo"],"many":["sa loob ng ",{"t":"idOrVar","v":"value"}," (na) linggo"],"one":"susunod na linggo","other":["sa loob ng ",{"t":"idOrVar","v":"value"}," (na) linggo"],"two":["sa loob ng ",{"t":"idOrVar","v":"value"}," (na) linggo"],"zero":"ngayong linggo"},"$x":[{"t":"idOrVar","v":"plural"},"value"]},{"$i":"months-until-long","$v":{"few":["sa loob ng ",{"t":"idOrVar","v":"value"}," (na) buwan"],"many":["sa loob ng ",{"t":"idOrVar","v":"value"}," (na) buwan"],"one":"susunod na buwan","other":["sa loob ng ",{"t":"idOrVar","v":"value"}," (na) buwan"],"two":["sa loob ng ",{"t":"idOrVar","v":"value"}," (na) buwan"],"zero":"ngayong buwan"},"$x":[{"t":"idOrVar","v":"plural"},"value"]},{"$i":"years-until-long","$v":{"few":["sa loob ng ",{"t":"idOrVar","v":"value"}," (na) taon"],"many":["sa loob ng ",{"t":"idOrVar","v":"value"}," (na) taon"],"one":"susunod na taon","other":["sa loob ng ",{"t":"idOrVar","v":"value"}," (na) taon"],"two":["sa loob ng ",{"t":"idOrVar","v":"value"}," (na) taon"],"zero":"ngayong taon"},"$x":[{"t":"idOrVar","v":"plural"},"value"]},{"$i":"minutes-ago-short","$v":{"other":[{"t":"idOrVar","v":"value"},"m ang nakalipas"],"zero":"ngayon lang"},"$x":[{"t":"idOrVar","v":"plural"},"value"]},{"$i":"hours-ago-short","$v":{"other":[{"t":"idOrVar","v":"value"},"h ang nakalipas"],"zero":"ngayon lang"},"$x":[{"t":"idOrVar","v":"plural"},"value"]},{"$i":"days-ago-short","$v":{"other":[{"t":"idOrVar","v":"value"},"d ang nakalipas"],"zero":"ngayon"},"$x":[{"t":"idOrVar","v":"plural"},"value"]},{"$i":"minutes-until-short","$v":{"other":["sa loob ng ",{"t":"idOrVar","v":"value"},"m"],"zero":"ngayon"},"$x":[{"t":"idOrVar","v":"plural"},"value"]},{"$i":"hours-until-short","$v":{"other":["sa loob ng ",{"t":"idOrVar","v":"value"},"o"],"zero":"ngayon"},"$x":[{"t":"idOrVar","v":"plural"},"value"]},{"$i":"days-until-short","$v":{"other":["sa loob ng ",{"t":"idOrVar","v":"value"},"a"],"zero":"ngayon"},"$x":[{"t":"idOrVar","v":"plural"},"value"]},{"$i":"dateTimeFormat_%c","$v":"%a %b %e %Y %I:%M:%S %p"},{"$i":"dateTimeFormat_%x","$v":"%m/%d/%Y"},{"$i":"dateTimeFormat_%X","$v":"%I:%M:%S %p"},{"$i":"shortTimeFormat","$v":"%I:%M %p"},{"$i":"shortTimeFormat12","$v":"%I:%M %p"},{"$i":"shortTimeFormat24","$v":"%H:%M"},{"$i":"shortDateTimeFormat","$v":"%x %I:%M %p"},{"$i":"weekStartsOnMonday","$v":"0.0"},{"$i":"firstDayOfTheWeek","$v":"0.0"},{"$i":"time_am","$v":"AM"},{"$i":"time_pm","$v":"PM"},{"$i":"softkey-options","$v":"Mga Opsyon"},{"$i":"emergencyNumber","$v":"Pang-emergency na numero"},{"$i":"callAirplaneModeMessage","$v":"Para makatawag, kailangan mong i-disable ang airplane mode sa mga setting."},{"$i":"callAirplaneModeBtnOk","$v":"OK"},{"$i":"callAirplaneModeTitle","$v":"Na-activate ang airplane mode"},{"$i":"numberIsBusyTitle","$v":"Busy ang numero"},{"$i":"numberIsBusyMessage","$v":"Kasalukuyang busy ang numero. Pakisubukang muli sa ibang pagkakataon."},{"$i":"fdnIsActiveTitle","$v":"Aktibo ang FDN"},{"$i":"fdnIsActiveMessage","$v":["Na-activate ang FDN (mga Fixed Dialling Number) at ang mga sumusunod na numero ay wala sa iyong listahan ng FDN: ",{"t":"idOrVar","v":"number"}]},{"$i":"emergencyDialogBodyBadNumber","$v":"Upang makatawag, dapat maikonekta ang telepono sa isang network."},{"$i":"emergencyDialogBodyDeviceNotAccepted","$v":"Hindi pinapayagan ng network ang mga pang-emergency na tawag."},{"$i":"emergencyDialogBtnOk","$v":"OK"},{"$i":"emergencyDialogTitle","$v":"Walang koneksyon sa network"},{"$i":"invalidNumberToDialTitle","$v":"Invalid na numero ng telepono"},{"$i":"invalidNumberToDialMessage","$v":"Hindi valid ang numero ng teleponong tinatawagan mo."},{"$i":"unableToCallTitle","$v":"Hindi makatawag. "},{"$i":"unableToCallMessage","$v":"Hindi makatawag ngayon"},{"$i":"otherConnectionInUseTitle","$v":"Ginagamit ang iba pang koneksyon"},{"$i":"otherConnectionInUseMessage","$v":"Mayroon kang aktibong tawag sa ibang koneksyon. Maaari ka lang gumamit ng isang koneksyon sa bawat sandali."},{"$i":"connectingEllipsis","$v":"Kumokonekta..."}]