[{"$i":"messages","$v":"Poruka"},{"$i":"deleteMessages-title","$v":"Odaberi"},{"$i":"selectThreads-title","$v":"Odaberi"},{"$i":"edit","$v":"Uredi"},{"$i":"back","$v":"Natrag"},{"$i":"cancel","$v":"Poništi"},{"$i":"delete","$v":"Izbriši"},{"$i":"deleting-messages","$v":"Brisanje…"},{"$i":"deselect","$v":"Poništi odabir"},{"$i":"selected-threads","$v":{"few":["Odabrano: ",{"t":"idOrVar","v":"n"}],"many":["Odabrano: ",{"t":"idOrVar","v":"n"}],"one":["Odabrano: ",{"t":"idOrVar","v":"n"}],"other":["Odabrano: ",{"t":"idOrVar","v":"n"}],"two":["Odabrano: ",{"t":"idOrVar","v":"n"}],"zero":"0 odabrano"},"$x":[{"t":"idOrVar","v":"plural"},"n"]},{"$i":"selected-messages","$v":{"few":["Odabrano: ",{"t":"idOrVar","v":"n"}],"many":["Odabrano: ",{"t":"idOrVar","v":"n"}],"one":["Odabrano: ",{"t":"idOrVar","v":"n"}],"other":["Odabrano: ",{"t":"idOrVar","v":"n"}],"two":["Odabrano: ",{"t":"idOrVar","v":"n"}],"zero":"0 odabrano"},"$x":[{"t":"idOrVar","v":"plural"},"n"]},{"$i":"selectThreads-label","$v":"Odabir niti"},{"$i":"selectMessages-label","$v":"Odabir poruka"},{"$i":"new-message","$v":"Nova poruka"},{"$i":"delete-thread","$v":"Brisanje niti"},{"$i":"create-new-contact","$v":"Izr. novog kontakta"},{"$i":"add-to-contact","$v":"Dodavanje u postojeći kontakt"},{"$i":"select-thread","$v":"Odabir niti"},{"$i":"settings","$v":"Postavke"},{"$i":"select-all","$v":"Odaberi sve"},{"$i":"deselect-all","$v":"Poništi odabir svega"},{"$i":"select","$v":"Odaberi"},{"$i":"sk-save-as-draft","$v":"Spremi kao nacrt"},{"$i":"next","$v":"Dalje"},{"$i":"send","$v":"Pošalji"},{"$i":"add-contact","$v":"Dodaj kontakt"},{"$i":"add-suggestion","$v":"Odaberi"},{"$i":"add-subject","$v":"Dodavanje predmeta"},{"$i":"remove-subject","$v":"Ukloni predmet"},{"$i":"add-attachment","$v":"Dodaj privitke"},{"$i":"remove-attachment","$v":"Ukloni privitak"},{"$i":"replace-attachment","$v":"Zamijeni privitak"},{"$i":"select-messages","$v":"Odabir poruka"},{"$i":"call","$v":"Poziv"},{"$i":"forward","$v":"Proslijedi"},{"$i":"view-message-report","$v":"Prikaži pojedinosti poruke"},{"$i":"cancel-view-report","$v":"Poništi"},{"$i":"ok","$v":"U redu"},{"$i":"enter","$v":"Unos"},{"$i":"open","$v":"Otvori"},{"$i":"to","$v":"Primatelj"},{"$i":"new","$v":"Novo"},{"$i":"message","$v":"Poruka"},{"$i":"messagesInput_placeholder","$v":"Poruka"},{"$i":"messagesSubjectInput_placeholder","$v":"Predmet"},{"$i":"subjectComposerInput_placeholder","$v":"Predmet"},{"$i":"converted-to-mms","$v":"Pretvorba u multimedijsku poruku."},{"$i":"converted-to-sms","$v":"Pretvorba u tekstnu poruku."},{"$i":"messages-max-length-text","$v":"Dosegnuli ste najveću dopuštenu duljinu."},{"$i":"messages-max-subject-length-text","$v":"Dosegnuta je maksimalna dužina predmeta."},{"$i":"multimedia-message-exceeded-max-length","$v":["Ova poruka veća je od maksimalnih ",{"t":"idOrVar","v":"mmsSize"}," MB za multimedijsku poruku."]},{"$i":"newMessage","$v":"Nova poruka"},{"$i":"sendMessage","$v":"Pošalji poruku"},{"$i":"sendMMSToEmail","$v":"Pošalji multim. por."},{"$i":"no-recipient","$v":"(nema primatelja)"},{"$i":"recipient","$v":{"few":[{"t":"idOrVar","v":"n"}," primatelja"],"many":[{"t":"idOrVar","v":"n"}," primatelja"],"one":[{"t":"idOrVar","v":"n"}," primatelj"],"other":[{"t":"idOrVar","v":"n"}," primatelja"],"two":[{"t":"idOrVar","v":"n"}," primatelja"]},"$x":[{"t":"idOrVar","v":"plural"},"n"]},{"$i":"attachmentSizeB","$v":[{"t":"idOrVar","v":"n"}," B"]},{"$i":"attachmentSizeKB","$v":[{"t":"idOrVar","v":"n"}," kB"]},{"$i":"attachmentSizeMB","$v":[{"t":"idOrVar","v":"n"}," MB"]},{"$i":"attachmentOpenError","$v":"Nijedna dostupna aplikacija ne može otvoriti tu vrstu datoteke."},{"$i":"remove","$v":"Ukloni"},{"$i":"participant","$v":{"few":[{"t":"idOrVar","v":"n"}," sudionika"],"many":[{"t":"idOrVar","v":"n"}," sudionika"],"one":[{"t":"idOrVar","v":"n"}," sudionik"],"other":[{"t":"idOrVar","v":"n"}," sudionika"],"two":[{"t":"idOrVar","v":"n"}," sudionika"]},"$x":[{"t":"idOrVar","v":"plural"},"n"]},{"$i":"message-report","$v":"Izvješće o isporuci"},{"$i":"message-type-sms","$v":"Tekstna poruka (SMS)"},{"$i":"message-type-mms","$v":"Multimedijska poruka (MMS)"},{"$i":"sms-report-description","$v":["Vaša tekstna poruka (SMS) poslana je ",{"t":"idOrVar","v":"datetime"}]},{"$i":"mms-report-description","$v":["Vaša multimedijska poruka (MMS) predmeta ",{"t":"idOrVar","v":"subject"}," poslana je ",{"t":"idOrVar","v":"datetime"}]},{"$i":"mms-no-subject-report-description","$v":["Vaša multimedijska poruka (MMS) poslana je ",{"t":"idOrVar","v":"datetime"}]},{"$i":"message-subject","$v":"Predmet:"},{"$i":"report-status-error","$v":"Poruku nije moguće poslati"},{"$i":"report-status-not-downloaded","$v":"nije preuzeto"},{"$i":"report-status-delivered","$v":"Isporučeno:"},{"$i":"report-status-read","$v":"Čitaj:"},{"$i":"report-status-pending","$v":"Zatraženo izvješće"},{"$i":"report-status-rejected","$v":"Poruka je odbijena"},{"$i":"message-size-was","$v":"Veličina poruke:"},{"$i":"report-to-title","$v":"Primatelj"},{"$i":"report-from-title","$v":"Od"},{"$i":"message-sent","$v":"Poslano:"},{"$i":"message-sending","$v":[{"t":"idOrVar","v":"message-delivery-status-sending"}]},{"$i":"message-received","$v":"Primljeno:"},{"$i":"message-via","$v":"Putem:"},{"$i":"message-resend","$v":"Ponovno pošalji"},{"$i":"search","$v":"Traži"},{"$i":"unknown-contact-title","$v":"Nepoznati kontakt"},{"$i":"phone-type-separator","$v":", "},{"$i":"phone-carrier-separator","$v":" "},{"$i":"thread-participant-separator","$v":", "},{"$i":"replace-draft","$v":"Zamijeni postojeću skicu"},{"$i":"save-as-draft","$v":"Spremi"},{"$i":"discard-message","$v":"Odbaci"},{"$i":"discard-sms","$v":"Želite li doista odbaciti tu poruku?"},{"$i":"discard-new-message","$v":"Želite li odbaciti poruku koju ste sastavljali i otvoriti novu poruku?"},{"$i":"resend-confirmation","$v":"Poruka se ne može poslati. Pokušati ponovno?"},{"$i":"resend-message","$v":"Pon. pošalji poruku"},{"$i":"deleteMessage-confirmation","$v":"Želite li izbrisati odabranu poruku?"},{"$i":"deleteMessages-confirmation","$v":"Želite li izbrisati odabrane poruke?"},{"$i":"deleteThreads-confirmation2","$v":{"one":"Želite li izbrisati odabranu nit poruka?","other":"Želite li izbrisati odabrane niti poruka?"},"$x":[{"t":"idOrVar","v":"plural"},"n"]},{"$i":"new-message-notice-text","$v":"Nova poruka pošiljatelja"},{"$i":"new-message-notice-a-text","$v":"Čitaj"},{"$i":"noMessages-title","$v":"Nema poruka"},{"$i":"noMessages-text","$v":"Za poč. kom. prit. Novo."},{"$i":"sendDefaultErrorTitle","$v":"Pošalji neuspjeh"},{"$i":"sendDefaultErrorBody","$v":"Pojavio se problem pri slanju poruke. Pokušajte ponovno."},{"$i":"sendDefaultErrorBtnOk","$v":"U redu"},{"$i":"sendMissingSimCardTitle","$v":"Pošalji neuspjeh"},{"$i":"sendMissingSimCardBody","$v":"Da biste nastavili, umetnite valjanu SIM karticu."},{"$i":"sendMissingSimCardBtnOk","$v":"U redu"},{"$i":"sendFlightModeTitle","$v":"Pošalji neuspjeh"},{"$i":"sendFlightModeBody","$v":"Za sl. poruka isklj. zrak. način."},{"$i":"sendFlightModeBtnOk","$v":"U redu"},{"$i":"radioDisabledToDownloadTitle","$v":"Preuzimanje neuspjeha"},{"$i":"radioDisabledToDownloadBody","$v":"Za preuzimanje privitaka isključite zrakoplovni način rada."},{"$i":"radioDisabledToDownloadBtnOk","$v":[{"t":"idOrVar","v":"sendFlightModeBtnOk"}]},{"$i":"downloadDefaultErrorTitle","$v":"Preuzimanje neuspjeha"},{"$i":"downloadDefaultErrorBody","$v":"Došlo je do problema prilikom preuzimanja poruke. Molim te pokušaj ponovno."},{"$i":"downloadDefaultErrorBtnOk","$v":[{"t":"idOrVar","v":"sendDefaultErrorBtnOk"}]},{"$i":"fdnErrorTitle","$v":"Pošalji neuspjeh"},{"$i":"needConnectWifiBody","$v":"Nije dostupna nijedna mreža za mobilni promet. Ako želite razmjenjivati poruke, povežite se s dostupnom Wi-Fi mrežom."},{"$i":"needConnectWifiTitle","$v":"Poruka nije poslana"},{"$i":"mmsChanelUsedBody","$v":"MMS se šalje u indeksu koji nije DDS, pričekajte da se dovrši postupak slanja."},{"$i":"mmsChanelUsedTitle","$v":"Koristi se MMS kanal"},{"$i":"sms-counter-notice-label","$v":["Uređivanje SMS-a: ",{"t":"idOrVar","v":"number"}]},{"$i":"fdnErrorBody","$v":{"few":"FDN (fiksni brojevi za biranje) su aktivirani. Provjerite jesu li SMS centar i sljedeći primatelj na popisu FDN.","many":"FDN (fiksni brojevi za biranje) su aktivirani. Provjerite jesu li SMS centar i sljedeći primatelj na popisu FDN.","one":"FDN (fiksni brojevi za biranje) su aktivirani. Provjerite jesu li SMS centar i sljedeći primatelj na popisu FDN.","other":"FDN (fiksni brojevi za biranje) su aktivirani. Provjerite jesu li SMS centar i sljedeći primatelj na popisu FDN.","two":"FDN (fiksni brojevi za biranje) su aktivirani. Provjerite jesu li SMS centar i sljedeći primatelj na popisu FDN."},"$x":[{"t":"idOrVar","v":"plural"},"n"]},{"$i":"fdnErrorBtnOk","$v":"U redu"},{"$i":"sendNoSignalErrorTitle","$v":"Pošalji neuspjeh"},{"$i":"sendNoSignalErrorBody","$v":"Provjerite imate li mobilni signal pa pokušajte ponovno."},{"$i":"sendNoSignalErrorBtnOk","$v":"U redu"},{"$i":"sendNotFoundErrorTitle","$v":"Pošalji neuspjeh"},{"$i":"sendNotFoundErrorBody","$v":"Poruka koju tražite više nije dostupna."},{"$i":"sendNotFoundErrorBtnOk","$v":"U redu"},{"$i":"sendInvalidAddressErrorTitle","$v":"Pošalji neuspjeh"},{"$i":"sendInvalidAddressErrorBody","$v":"Provjerite je li broj mobilnog telefona na koji šaljete valjan."},{"$i":"sendInvalidAddressErrorBtnOk","$v":"U redu"},{"$i":"simNotMatchedErrorTitle","$v":"Preuzimanje nije moguće"},{"$i":"simNotMatchedErrorBody","$v":"Provjerite je li umetnuta SIM kartica ona pomoću koje je primljena ova poruka."},{"$i":"simNotMatchedErrorBtnOk","$v":"U redu"},{"$i":"netWorkErrorTitle","$v":"Kvar mreže"},{"$i":"netWorkErrorBody","$v":"Mreža ima određene probleme, provjerite je prvo."},{"$i":"netWorkErrorBtnOk","$v":"U redu"},{"$i":"deleted-sms","$v":"Por. je već izbris."},{"$i":"view-attachment-image","$v":"Prikaži"},{"$i":"view-attachment-audio","$v":"Slušaj"},{"$i":"view-attachment-video","$v":"Prikaži"},{"$i":"view-attachment-other","$v":"Prikaži"},{"$i":"remove-attachment-image","$v":"Ukloni sliku"},{"$i":"remove-attachment-audio","$v":"Ukloni zvuk"},{"$i":"remove-attachment-video","$v":"Ukloni videozapis"},{"$i":"remove-attachment-other","$v":"Ukloni privitak"},{"$i":"replace-attachment-image","$v":"Zamijeni sliku"},{"$i":"replace-attachment-audio","$v":"Zamijeni zvuk"},{"$i":"replace-attachment-video","$v":"Zamijeni videozapis"},{"$i":"replace-attachment-other","$v":"Zamijeni privitak"},{"$i":"unsent-message-title","$v":"Neposlana poruka"},{"$i":"unsent-message-description","$v":"Vaša prethodna poruka nije poslana. Želite li urediti neposlanu poruku ili je odbaciti i nastaviti?"},{"$i":"unsent-message-option-edit","$v":"Uredi"},{"$i":"unsent-message-option-discard","$v":"Odbaci"},{"$i":"message-options","$v":"Mogućnosti poruke"},{"$i":"select-text","$v":"Odabir teksta"},{"$i":"mobile","$v":"Mobitel"},{"$i":"home","$v":"Početno"},{"$i":"work","$v":"Posao"},{"$i":"personal","$v":"Osobno"},{"$i":"faxHome","$v":"Faks kod kuće"},{"$i":"faxOffice","$v":"Faks u uredu"},{"$i":"faxOther","$v":"Faks drugdje"},{"$i":"another","$v":"Nešto drugo"},{"$i":"other","$v":"Drugo"},{"$i":"today","$v":"Danas"},{"$i":"yesterday","$v":"Jučer"},{"$i":"incorrectDate","$v":"(netočan datum)"},{"$i":"addToExistingContact","$v":"Dodaj u postojeći kontakt"},{"$i":"createNewContact","$v":"Izradi novi kontakt"},{"$i":"viewContact","$v":"Prikaži kontakt"},{"$i":"sendEmail","$v":"Pošalji e-poštu"},{"$i":"mms-message","$v":"MMS poruka"},{"$i":"notDownloaded-title","$v":"Poruka još nije preuzeta."},{"$i":"tobedownloaded-attachment","$v":["Primili ste multimedijsku poruku. Pritisnite Preuzmi da biste preuzeli sadržaj do dana ",{"t":"idOrVar","v":"date"},"."]},{"$i":"expired-attachment","$v":["Nažalost, poruka je istekla dana ",{"t":"idOrVar","v":"date"}," i ne može se preuzeti."]},{"$i":"download-attachment","$v":"Preuzimanje"},{"$i":"downloading-attachment","$v":"Preuzimanje…"},{"$i":"download-complete","$v":"Preuzimanje je dovršeno"},{"$i":"unnamed-attachment","$v":"bez naslova"},{"$i":"mms-label","$v":"Multimedij. poruke"},{"$i":"group-label","$v":"GRUPA"},{"$i":"attached-files-too-large","$v":{"few":["Ove poruke veće su od maksimalnih ",{"t":"idOrVar","v":"mmsSize"}," MB za multimedijsku poruku."],"many":["Ove poruke veće su od maksimalnih ",{"t":"idOrVar","v":"mmsSize"}," MB za multimedijsku poruku."],"one":["Ova poruka veća je od maksimalnih ",{"t":"idOrVar","v":"mmsSize"}," MB za multimedijsku poruku."],"other":["Ove poruke veće su od maksimalnih ",{"t":"idOrVar","v":"mmsSize"}," MB za multimedijsku poruku."],"two":["Ove poruke veće su od maksimalnih ",{"t":"idOrVar","v":"mmsSize"}," MB za multimedijsku poruku."],"zero":["Ove poruke veće su od maksimalnih ",{"t":"idOrVar","v":"mmsSize"}," MB za multimedijsku poruku."]},"$x":[{"t":"idOrVar","v":"plural"},"n"]},{"$i":"resize-image","$v":"Promj. vel. priložene slike"},{"$i":"no-attachment-text","$v":"Postoji problem s priloženom datotekom pa se ona ne može preuzeti."},{"$i":"message-draft-saved","$v":"Poruka je spremljena kao skica"},{"$i":"sim-id-label","$v":["SIM ",{"t":"idOrVar","v":"id"}]},{"$i":"sim-detail","$v":["SIM ",{"t":"idOrVar","v":"id"},", ",{"t":"idOrVar","v":"detailString"}]},{"$i":"dsds-notification-title-with-sim","$v":["(",{"t":"idOrVar","v":"sim"},") ",{"t":"idOrVar","v":"sender"}]},{"$i":"send-button","ariaLabel":"Pošalji"},{"$i":"send-button-sim-indication","$v":[{"t":"idOrVar","v":"n"}],"ariaLabel":["korištenje SIM-a ",{"t":"idOrVar","v":"n"}]},{"$i":"expiry-date-format","$v":"%A, %b %e"},{"$i":"attach-button","ariaLabel":"Dodaj privitak"},{"$i":"contact-photo","ariaLabel":"Fotografija kont."},{"$i":"unread-thread","ariaLabel":"Nepročitano"},{"$i":"has-draft","ariaLabel":"Ima skicu"},{"$i":"is-draft","ariaLabel":"Skica"},{"$i":"message-delivery-status-sending","$v":"Slanje…"},{"$i":"message-delivery-status-delivered","$v":"Isporučeno"},{"$i":"message-delivery-status-read","ariaLabel":"Čitaj"},{"$i":"message-delivery-status-error","ariaLabel":"Pogreška"},{"$i":"modal-dialog-ok-button","$v":"U redu"},{"$i":"modal-dialog-cancel-button","$v":"Poništi"},{"$i":"modal-dialog-default-title","$v":"Poruke"},{"$i":"delete-message","$v":"Poruka izbrisana"},{"$i":"message-converted-to-toast","$v":["Poruka je pretvorena u ",{"t":"idOrVar","v":"type"}]},{"$i":"message-sent-toast","$v":"Poruka je poslana"},{"$i":"deleteMessage-confirmation2","$v":"Želite li izbrisati odabranu nit poruka?"},{"$i":"deleted-message","$v":{"few":["Izbrisano poruka: ",{"t":"idOrVar","v":"n"}],"many":["Izbrisano poruka: ",{"t":"idOrVar","v":"n"}],"one":[{"t":"idOrVar","v":"n"}," izbrisana poruka"],"other":["Izbrisano poruka: ",{"t":"idOrVar","v":"n"}],"two":["Izbrisano poruka: ",{"t":"idOrVar","v":"n"}],"zero":"0 izbrisanih poruka"},"$x":[{"t":"idOrVar","v":"plural"},"n"]},{"$i":"deleted-threads","$v":{"few":["Izbrisano niti poruka: ",{"t":"idOrVar","v":"n"}],"many":["Izbrisano niti poruka: ",{"t":"idOrVar","v":"n"}],"one":"Nit izbr.","other":["Izbrisano niti poruka: ",{"t":"idOrVar","v":"n"}],"two":["Izbrisano niti poruka: ",{"t":"idOrVar","v":"n"}],"zero":"0 izbrisanih niti"},"$x":[{"t":"idOrVar","v":"plural"},"n"]},{"$i":"wapPushMessages","$v":"WAP Push poruke"},{"$i":"auto-retrieve-messages","$v":"Automatsko dohvaćanje poruka"},{"$i":"auto-retrieve-messages-title","$v":"Automatsko dohvaćanje poruka"},{"$i":"auto-roaming-retrieve","$v":"Uklj. uz roaming"},{"$i":"auto-no-roaming-retrieve","$v":"Uključeno bez roaminga"},{"$i":"mmsTitle","$v":"Razmjena multimedijskih poruka (MMS)"},{"$i":"message-delivery-reports","$v":"Izvješća o isporuci"},{"$i":"message-delivery-reports-title","$v":"Izvješća o isporuci"},{"$i":"messageReport-title","$v":"Detalji poruke"},{"$i":"sms-label","$v":"SMS"},{"$i":"messaging-settings","$v":"Postavke razmjene poruka"},{"$i":"messagingSettings-header","$v":[{"t":"idOrVar","v":"messaging-settings"}]},{"$i":"confirmation-title","$v":"Potvrda"},{"$i":"draft-save-content","$v":"Spremiti kao nacrt?"},{"$i":"draft-discard-content","$v":"Poruka je odbačena"},{"$i":"switch-on","$v":"Uključeno"},{"$i":"switch-off","$v":"Isključeno"},{"$i":"auto-retrieve-desc","$v":"Automatsko dohvaćanje poruka"},{"$i":"confirm-dialog-ok","$v":"U redu"},{"$i":"yes","$v":"Da"},{"$i":"no","$v":"Ne"},{"$i":"delete-current-thread?","$v":"Želite li izbrisati odabranu nit poruka?"},{"$i":"attention","$v":"Pozor"},{"$i":"delivery-title","$v":"Tekstne poruke (SMS)"},{"$i":"send-failed","$v":"Slanje nije uspjelo."},{"$i":"subject-removed","$v":"Predmet uklonjen."},{"$i":"data-storage-limit-alert-title","$v":"Pohr. tel. puna."},{"$i":"data-storage-limit-send-body","$v":"MMS nije moguće poslati. Da biste oslobodili prostor, izbrišite poruke ili otvorite Postavke."},{"$i":"data-storage-limit-download-body","$v":"MMS nije moguće preuzeti. Da biste oslobodili prostor, izbrišite poruke ili otvorite Postavke."},{"$i":"data-storage-limit-alert-cancel","$v":"Poništi"},{"$i":"data-storage-limit-alert-setting","$v":"Postavke"},{"$i":"recipient-repeat","$v":"Duplicirajte kontakt."},{"$i":"email","$v":"E-POŠTA"},{"$i":"options","$v":"Opcije"},{"$i":"emergency-alert-title","$v":"Hitna upozorenja"},{"$i":"emergency-alert","$v":"Hitna upozorenja"},{"$i":"wappushNormal","$v":"WAP push"},{"$i":"wappushSIM1","$v":"WAP push - SIM 1"},{"$i":"wappushSIM2","$v":"WAP push - SIM 2"},{"$i":"not-assigned","$v":"Nije dodijeljeno"},{"$i":"switchSIMDataSendAlertTitle","$v":"Slanje MMS-a nije uspjelo."},{"$i":"switchSIMDataSendAlertBody","$v":["Da biste poslali MMS, trebate promijeniti SIM karticu za podatke u SIM ",{"t":"idOrVar","v":"nonActiveSimId"}," u postavkama SIM upravitelja."]},{"$i":"switchSIMDataSendAlertDesc","$v":"Idite na aplikaciju Postavke za ažuriranje postavki."},{"$i":"switchSIMDataReceiveAlertTitle","$v":"Primanje MMS-a nije uspjelo."},{"$i":"switchSIMDataReceiveAlertBody","$v":["Da biste primili MMS, trebate promijeniti SIM karticu za podatke u SIM ",{"t":"idOrVar","v":"nonActiveSimId"}," u postavkama SIM upravitelja."]},{"$i":"switchSIMDataReceiveAlertDesc","$v":"Idite na aplikaciju Postavke za ažuriranje postavki."},{"$i":"group-message","$v":"Grupna poruka"},{"$i":"individual-message","$v":"Pojedinačna poruka"},{"$i":"group-message-alert-title","$v":"Grupna poruka"},{"$i":"group-message-alert-body","$v":"Izraditi grupnu poruku? (Grupna će se poruka poslati putem MMS-a i SMS će zahtijevati dodatnu naplatu iz bežičnog pružatelja usluga poruka, ovisno o planu usluge)."},{"$i":"group-message-individual","$v":"Zadr. pojedinačno"},{"$i":"group-message-setting","$v":"Stvori grupu"},{"$i":"new-message-individual","$v":"Nova poruka (pojed.)"},{"$i":"new-message-group","$v":"Nova poruka (grupa)"},{"$i":"no-phone-number","$v":"Nije dodijeljeno"},{"$i":"device-phone-number","$v":"Moj tel. broj"},{"$i":"group-message-phone","$v":"Grupne poruke"},{"$i":"my-phone-number","$v":"Moj tel. broj"},{"$i":"delivery-notification","$v":"Poruka isporučena"},{"$i":"wait","$v":"na čekanju"},{"$i":"isTextTooLongAlert","$v":"Premašena maksimalna duljina poruke."},{"$i":"video-call","$v":"Videopoziv"},{"$i":"normal-call","$v":"Nazovi"},{"$i":"attachment","$v":"Privitak"},{"$i":"limit-MMS-recipients","$v":"Može imati samo do 20 primatelja po MMS-u."},{"$i":"block-contact","$v":"Blokiraj kontakt"},{"$i":"blocked","$v":"Blokiraj"},{"$i":"unblocked","$v":"odblokirati"},{"$i":"rtt-call","$v":"RTT poziv"},{"$i":"remove-all-attachments","$v":"Ukloni sve privitke"},{"$i":"block-confirmation","$v":"Nećete primati telefonske pozive ni poruke od osoba na popisu blokiranih."},{"$i":"space-low-not-save","$v":"Memorija je puna. Skicu nije moguće spremiti."},{"$i":"sms-encoding-mode","$v":"Kodiranje SMS-ova"},{"$i":"sms-reduced-format","$v":"Ogran. format"},{"$i":"sms-full-format","$v":"Puni format"},{"$i":"smscNormal","$v":"Servisni centar"},{"$i":"smscSIM1","$v":"Servisni centar SIM1"},{"$i":"smscSIM2","$v":"Servisni centar SIM2"},{"$i":"withoutDataTitle","$v":"Neuspješno"},{"$i":"withoutDataBody","$v":"Za slanje i preuzimanje MMS-a omogućite podatkovnu vezu u Postavkama."},{"$i":"withoutDataBtnOk","$v":"U redu"},{"$i":"withoutDataBtnSettings","$v":"Postavke"},{"$i":"weekday-0-long","$v":"Nedjelja"},{"$i":"weekday-1-long","$v":"Ponedjeljak"},{"$i":"weekday-2-long","$v":"Utorak"},{"$i":"weekday-3-long","$v":"Srijeda"},{"$i":"weekday-4-long","$v":"Četvrtak"},{"$i":"weekday-5-long","$v":"Petak"},{"$i":"weekday-6-long","$v":"Subota"},{"$i":"weekday-0-short","$v":"Ned"},{"$i":"weekday-1-short","$v":"Pon"},{"$i":"weekday-2-short","$v":"Uto"},{"$i":"weekday-3-short","$v":"Sri"},{"$i":"weekday-4-short","$v":"Čet"},{"$i":"weekday-5-short","$v":"Pet"},{"$i":"weekday-6-short","$v":"Sub"},{"$i":"month-0-long","$v":"Siječanj"},{"$i":"month-1-long","$v":"Veljača"},{"$i":"month-2-long","$v":"Ožujak"},{"$i":"month-3-long","$v":"Travanj"},{"$i":"month-4-long","$v":"Svibanj"},{"$i":"month-5-long","$v":"Lipanj"},{"$i":"month-6-long","$v":"Srpanj"},{"$i":"month-7-long","$v":"Kolovoz"},{"$i":"month-8-long","$v":"Rujan"},{"$i":"month-9-long","$v":"Listopad"},{"$i":"month-10-long","$v":"Studeni"},{"$i":"month-11-long","$v":"Prosinac"},{"$i":"month-0-genitive","$v":"Siječanj"},{"$i":"month-1-genitive","$v":"Veljača"},{"$i":"month-2-genitive","$v":"Ožujak"},{"$i":"month-3-genitive","$v":"Travanj"},{"$i":"month-4-genitive","$v":"Svibanj"},{"$i":"month-5-genitive","$v":"Lipanj"},{"$i":"month-6-genitive","$v":"Srpanj"},{"$i":"month-7-genitive","$v":"Kolovoz"},{"$i":"month-8-genitive","$v":"Rujan"},{"$i":"month-9-genitive","$v":"Listopad"},{"$i":"month-10-genitive","$v":"Studeni"},{"$i":"month-11-genitive","$v":"Prosinac"},{"$i":"month-0-short","$v":"SIJEC."},{"$i":"month-1-short","$v":"VELJ."},{"$i":"month-2-short","$v":"OZUJ."},{"$i":"month-3-short","$v":"TRAV."},{"$i":"month-4-short","$v":"SVIB."},{"$i":"month-5-short","$v":"LIP."},{"$i":"month-6-short","$v":"SRP."},{"$i":"month-7-short","$v":"KOL."},{"$i":"month-8-short","$v":"RUJ."},{"$i":"month-9-short","$v":"LIST."},{"$i":"month-10-short","$v":"STUD."},{"$i":"month-11-short","$v":"PROS."},{"$i":"minutes-ago-long","$v":{"few":["Prije ",{"t":"idOrVar","v":"value"}," min"],"many":["Prije ",{"t":"idOrVar","v":"value"}," min"],"one":"prije 1 min","other":["Prije ",{"t":"idOrVar","v":"value"}," min"],"two":["Prije ",{"t":"idOrVar","v":"value"}," min"],"zero":"upravo sad"},"$x":[{"t":"idOrVar","v":"plural"},"value"]},{"$i":"hours-ago-long","$v":{"few":["Prije ",{"t":"idOrVar","v":"value"}," h"],"many":["Prije ",{"t":"idOrVar","v":"value"}," h"],"one":"prije jednog sata","other":["Prije ",{"t":"idOrVar","v":"value"}," h"],"two":["Prije ",{"t":"idOrVar","v":"value"}," h"],"zero":"upravo sad"},"$x":[{"t":"idOrVar","v":"plural"},"value"]},{"$i":"days-ago-long","$v":{"few":["Prije ",{"t":"idOrVar","v":"value"}," dana"],"many":["Prije ",{"t":"idOrVar","v":"value"}," dana"],"one":"jučer","other":["Prije ",{"t":"idOrVar","v":"value"}," dana"],"two":["Prije ",{"t":"idOrVar","v":"value"}," dana"],"zero":"danas"},"$x":[{"t":"idOrVar","v":"plural"},"value"]},{"$i":"weeks-ago-long","$v":{"few":["Prije ",{"t":"idOrVar","v":"value"}," tjed(a)na"],"many":["Prije ",{"t":"idOrVar","v":"value"}," tjed(a)na"],"one":"prošli tjedan","other":["Prije ",{"t":"idOrVar","v":"value"}," tjed(a)na"],"two":["Prije ",{"t":"idOrVar","v":"value"}," tjed(a)na"],"zero":"ovaj tjedan"},"$x":[{"t":"idOrVar","v":"plural"},"value"]},{"$i":"months-ago-long","$v":{"few":["Prije ",{"t":"idOrVar","v":"value"}," mjeseci(a)"],"many":["Prije ",{"t":"idOrVar","v":"value"}," mjeseci(a)"],"one":"prošli mjesec","other":["Prije ",{"t":"idOrVar","v":"value"}," mjeseci(a)"],"two":["Prije ",{"t":"idOrVar","v":"value"}," mjeseci(a)"],"zero":"ovaj mjesec"},"$x":[{"t":"idOrVar","v":"plural"},"value"]},{"$i":"years-ago-long","$v":{"few":["Prije ",{"t":"idOrVar","v":"value"}," godina"],"many":["Prije ",{"t":"idOrVar","v":"value"}," godina"],"one":"prošle godine","other":["Prije ",{"t":"idOrVar","v":"value"}," godina"],"two":["Prije ",{"t":"idOrVar","v":"value"}," godina"],"zero":"ova godina"},"$x":[{"t":"idOrVar","v":"plural"},"value"]},{"$i":"minutes-until-long","$v":{"few":["za ",{"t":"idOrVar","v":"value"}," min"],"many":["za ",{"t":"idOrVar","v":"value"}," min"],"one":"za minutu","other":["za ",{"t":"idOrVar","v":"value"}," min"],"two":["za ",{"t":"idOrVar","v":"value"}," min"],"zero":"sada"},"$x":[{"t":"idOrVar","v":"plural"},"value"]},{"$i":"hours-until-long","$v":{"few":["za ",{"t":"idOrVar","v":"value"}," h"],"many":["za ",{"t":"idOrVar","v":"value"}," h"],"one":"za sat vremena","other":["za ",{"t":"idOrVar","v":"value"}," h"],"two":["za ",{"t":"idOrVar","v":"value"}," h"],"zero":"sada"},"$x":[{"t":"idOrVar","v":"plural"},"value"]},{"$i":"days-until-long","$v":{"few":["za ",{"t":"idOrVar","v":"value"}," dana"],"many":["za ",{"t":"idOrVar","v":"value"}," dana"],"one":"sutra","other":["za ",{"t":"idOrVar","v":"value"}," dana"],"two":["za ",{"t":"idOrVar","v":"value"}," dana"],"zero":"danas"},"$x":[{"t":"idOrVar","v":"plural"},"value"]},{"$i":"weeks-until-long","$v":{"few":["za ",{"t":"idOrVar","v":"value"}," tjed(a)na"],"many":["za ",{"t":"idOrVar","v":"value"}," tjed(a)na"],"one":"sljedećeg tjedna","other":["za ",{"t":"idOrVar","v":"value"}," tjed(a)na"],"two":["za ",{"t":"idOrVar","v":"value"}," tjed(a)na"],"zero":"ovaj tjedan"},"$x":[{"t":"idOrVar","v":"plural"},"value"]},{"$i":"months-until-long","$v":{"few":["za ",{"t":"idOrVar","v":"value"}," mjeseci(a)"],"many":["za ",{"t":"idOrVar","v":"value"}," mjeseci(a)"],"one":"sljedećeg mjeseca","other":["za ",{"t":"idOrVar","v":"value"}," mjeseci(a)"],"two":["za ",{"t":"idOrVar","v":"value"}," mjeseci(a)"],"zero":"ovaj mjesec"},"$x":[{"t":"idOrVar","v":"plural"},"value"]},{"$i":"years-until-long","$v":{"few":["za ",{"t":"idOrVar","v":"value"}," godina"],"many":["za ",{"t":"idOrVar","v":"value"}," godina"],"one":"sljedeće godine","other":["za ",{"t":"idOrVar","v":"value"}," godina"],"two":["za ",{"t":"idOrVar","v":"value"}," godina"],"zero":"ova godina"},"$x":[{"t":"idOrVar","v":"plural"},"value"]},{"$i":"minutes-ago-short","$v":{"other":["Prije ",{"t":"idOrVar","v":"value"}," min"],"zero":"upravo sad"},"$x":[{"t":"idOrVar","v":"plural"},"value"]},{"$i":"hours-ago-short","$v":{"other":["Prije ",{"t":"idOrVar","v":"value"}," h"],"zero":"upravo sad"},"$x":[{"t":"idOrVar","v":"plural"},"value"]},{"$i":"days-ago-short","$v":{"other":["Prije ",{"t":"idOrVar","v":"value"}," dana"],"zero":"danas"},"$x":[{"t":"idOrVar","v":"plural"},"value"]},{"$i":"minutes-until-short","$v":{"other":["za ",{"t":"idOrVar","v":"value"}," min"],"zero":"sada"},"$x":[{"t":"idOrVar","v":"plural"},"value"]},{"$i":"hours-until-short","$v":{"other":["za ",{"t":"idOrVar","v":"value"}," h"],"zero":"sada"},"$x":[{"t":"idOrVar","v":"plural"},"value"]},{"$i":"days-until-short","$v":{"other":["za ",{"t":"idOrVar","v":"value"}," d."],"zero":"danas"},"$x":[{"t":"idOrVar","v":"plural"},"value"]},{"$i":"dateTimeFormat_%c","$v":"%a %b %e %Y %I:%M:%S %p"},{"$i":"dateTimeFormat_%x","$v":"%m/%d/%Y"},{"$i":"dateTimeFormat_%X","$v":"%I:%M:%S %p"},{"$i":"shortTimeFormat","$v":"%x %I:%M %p"},{"$i":"shortTimeFormat12","$v":"%x %I:%M %p"},{"$i":"shortTimeFormat24","$v":"%H:%M"},{"$i":"shortDateTimeFormat","$v":"%x %I:%M %p"},{"$i":"weekStartsOnMonday","$v":"0.0"},{"$i":"firstDayOfTheWeek","$v":"1.0"},{"$i":"time_am","$v":"AM"},{"$i":"time_pm","$v":"PM"},{"$i":"softkey-options","$v":"Opcije"},{"$i":"emergencyNumber","$v":"Hitni broj"},{"$i":"callAirplaneModeMessage","$v":"Za uspostavu poziva morate u postavkama onemogućiti način rada u zrakoplovu."},{"$i":"callAirplaneModeBtnOk","$v":"U redu"},{"$i":"callAirplaneModeTitle","$v":"Aktiviran je zrakoplovni način"},{"$i":"numberIsBusyTitle","$v":"Broj je zauzet"},{"$i":"numberIsBusyMessage","$v":"Broj je trenutno zauzet. Pokušajte ponovno poslije."},{"$i":"fdnIsActiveTitle","$v":"FDN je aktivan"},{"$i":"fdnIsActiveMessage","$v":["FDN (fiksni brojevi za biranje) aktivirani su, a sljedeći broj nije na vašem popisu FDN: ",{"t":"idOrVar","v":"number"}]},{"$i":"emergencyDialogBodyBadNumber","$v":"Za uspostavu poziva telefon mora biti povezan s mrežom."},{"$i":"emergencyDialogBodyDeviceNotAccepted","$v":"Mreža ne dopušta hitne pozive."},{"$i":"emergencyDialogBtnOk","$v":"U redu"},{"$i":"emergencyDialogTitle","$v":"Nema mrežne veze"},{"$i":"invalidNumberToDialTitle","$v":"Broj telefona nije valjan"},{"$i":"invalidNumberToDialMessage","$v":"Broj telefona koji zovete nije valjan."},{"$i":"unableToCallTitle","$v":"Poziv se ne može uputiti. "},{"$i":"unableToCallMessage","$v":"Sada nije moguće uspostaviti poziv"},{"$i":"otherConnectionInUseTitle","$v":"Druge veze koje se koriste"},{"$i":"otherConnectionInUseMessage","$v":"Imate aktivan poziv na drugoj vezi. Ne možete koristiti više veza odjednom."},{"$i":"connectingEllipsis","$v":"Povezivanje..."}]