[{"$i":"messages","$v":"Հաղորդագրություն"},{"$i":"deleteMessages-title","$v":"Ընտրել"},{"$i":"selectThreads-title","$v":"Ընտրել"},{"$i":"edit","$v":"Խմբգրլ"},{"$i":"back","$v":"Հետ"},{"$i":"cancel","$v":"Չեղարկել"},{"$i":"delete","$v":"Ջնջել"},{"$i":"deleting-messages","$v":"Ջնջվում է…"},{"$i":"deselect","$v":"Ապընտրել"},{"$i":"selected-threads","$v":{"few":["Ընտրվեցին ",{"t":"idOrVar","v":"n"}],"many":["Ընտրվեցին ",{"t":"idOrVar","v":"n"}],"one":["Ընտրվեց ",{"t":"idOrVar","v":"n"}],"other":["Ընտրվեցին ",{"t":"idOrVar","v":"n"}],"two":["Ընտրվեցին ",{"t":"idOrVar","v":"n"}],"zero":"Ընտրվեց 0"},"$x":[{"t":"idOrVar","v":"plural"},"n"]},{"$i":"selected-messages","$v":{"few":["Ընտրվեցին ",{"t":"idOrVar","v":"n"}],"many":["Ընտրվեցին ",{"t":"idOrVar","v":"n"}],"one":["Ընտրվեց ",{"t":"idOrVar","v":"n"}],"other":["Ընտրվեցին ",{"t":"idOrVar","v":"n"}],"two":["Ընտրվեցին ",{"t":"idOrVar","v":"n"}],"zero":"Ընտրվեց 0"},"$x":[{"t":"idOrVar","v":"plural"},"n"]},{"$i":"selectThreads-label","$v":"Ընտրել շղթանները"},{"$i":"selectMessages-label","$v":"Ընտրել հղրդգրություններ"},{"$i":"new-message","$v":"Նոր հղրդգրթյն"},{"$i":"delete-thread","$v":"Ջնջել շղթան"},{"$i":"create-new-contact","$v":"Ստղծլ նոր կնտկտ"},{"$i":"add-to-contact","$v":"Ավլցն առկա կոնտակտին"},{"$i":"select-thread","$v":"Ընտրել շղթան"},{"$i":"settings","$v":"Պարամետրեր"},{"$i":"select-all","$v":"Ընտրել բոլորը"},{"$i":"deselect-all","$v":"Ապընտրել բոլորը"},{"$i":"select","$v":"Ընտրել"},{"$i":"sk-save-as-draft","$v":"Պահել որպես սևագիր"},{"$i":"next","$v":"Հաջորդ"},{"$i":"send","$v":"Ուղրկլ"},{"$i":"add-contact","$v":"Ավլցն կնտկտ"},{"$i":"add-suggestion","$v":"Ընտրել"},{"$i":"add-subject","$v":"Ավլցն թեմա"},{"$i":"remove-subject","$v":"Հեռացնել թեման"},{"$i":"add-attachment","$v":"Ավլցն կցորդ"},{"$i":"remove-attachment","$v":"Հռցնլ կցրդնրը"},{"$i":"replace-attachment","$v":"Փոխարինել կցորդը"},{"$i":"select-messages","$v":"Ընտրել հղրդգրություններ"},{"$i":"call","$v":"Զանգել"},{"$i":"forward","$v":"Վերհսցեվրլ"},{"$i":"view-message-report","$v":"Դտլ հղրդգրթյն տվյլնրը"},{"$i":"cancel-view-report","$v":"Չեղարկել"},{"$i":"ok","$v":"Լավ"},{"$i":"enter","$v":"Մուտք գործել"},{"$i":"open","$v":"Բացել"},{"$i":"to","$v":"Ում՝"},{"$i":"new","$v":"Նոր"},{"$i":"message","$v":"Հաղորդագրություն"},{"$i":"messagesInput_placeholder","$v":"Հաղորդագրություն"},{"$i":"messagesSubjectInput_placeholder","$v":"Նյութ"},{"$i":"subjectComposerInput_placeholder","$v":"Թեմա"},{"$i":"converted-to-mms","$v":"Փոխարկվում է մուլտիմեդիա հաղորդագրության:"},{"$i":"converted-to-sms","$v":"Փոխարկվում է տեքստային հաղորդագրության:"},{"$i":"messages-max-length-text","$v":"Դուք հասել եք առավելագույն երկարության:"},{"$i":"messages-max-subject-length-text","$v":"Գերազանցվեց թեմայի երկարության առավել չափը:"},{"$i":"multimedia-message-exceeded-max-length","$v":["Այս հաղորդագրությունը գերազանցում է մեկ մուլտիմեդիա հաղորդագրության ",{"t":"idOrVar","v":"mmsSize"}," ՄԲ չափի սահմանը:"]},{"$i":"newMessage","$v":"Նոր հղրդգրթյն"},{"$i":"sendMessage","$v":"Ուղարկել հղգն"},{"$i":"sendMMSToEmail","$v":"Ուղրկլ մլտմեդիա հղրգրն"},{"$i":"no-recipient","$v":"(Հասցեատեր չկա)"},{"$i":"recipient","$v":{"few":[{"t":"idOrVar","v":"n"}," հասցեատերեր"],"many":[{"t":"idOrVar","v":"n"}," հասցեատերեր"],"one":[{"t":"idOrVar","v":"n"}," հասցեատեր"],"other":[{"t":"idOrVar","v":"n"}," հասցեատերեր"],"two":[{"t":"idOrVar","v":"n"}," հասցեատերեր"]},"$x":[{"t":"idOrVar","v":"plural"},"n"]},{"$i":"attachmentSizeB","$v":[{"t":"idOrVar","v":"n"}," Բ"]},{"$i":"attachmentSizeKB","$v":[{"t":"idOrVar","v":"n"}," ԿԲ"]},{"$i":"attachmentSizeMB","$v":[{"t":"idOrVar","v":"n"}," ՄԲ"]},{"$i":"attachmentOpenError","$v":"Այս տեսակի ֆայլը բացելու համար հասանելի ծրագիր չկա:"},{"$i":"remove","$v":"Հեռացնել"},{"$i":"participant","$v":{"few":[{"t":"idOrVar","v":"n"}," մասնակիցներ"],"many":[{"t":"idOrVar","v":"n"}," մասնակիցներ"],"one":[{"t":"idOrVar","v":"n"}," մասնակից"],"other":[{"t":"idOrVar","v":"n"}," մասնակիցներ"],"two":[{"t":"idOrVar","v":"n"}," մասնակիցներ"]},"$x":[{"t":"idOrVar","v":"plural"},"n"]},{"$i":"message-report","$v":"Հղրդգրթյն զեկույց"},{"$i":"message-type-sms","$v":"Տեքստային հղրդգրթյն (SMS)"},{"$i":"message-type-mms","$v":"Մուլտիմեդիա հղրդգրթյն (MMS)"},{"$i":"sms-report-description","$v":["Ձեր Տեքստային հաղորդագրությունը (անգլ.՝ SMS), ուղարկվեց ",{"t":"idOrVar","v":"datetime"},"-ին"]},{"$i":"mms-report-description","$v":["Ձեր Մուլտիմեդիա հաղորդագրությունը (անգլ.՝ MMS), նյութ՝ ",{"t":"idOrVar","v":"subject"},", ուղարկվեց ",{"t":"idOrVar","v":"datetime"},"-ին"]},{"$i":"mms-no-subject-report-description","$v":["Ձեր Մուլտիմեդիա հաղորդագրությունը (անգլ.՝ MMS), ուղարկվեց ",{"t":"idOrVar","v":"datetime"},"-ին"]},{"$i":"message-subject","$v":"Նյութ՝"},{"$i":"report-status-error","$v":"Հղրդգրթյնը հնարավոր չէ ուղարկել"},{"$i":"report-status-not-downloaded","$v":"բեռնված չէ"},{"$i":"report-status-delivered","$v":"Ուղարկված է՝"},{"$i":"report-status-read","$v":"Կարդալ՝"},{"$i":"report-status-pending","$v":"Հայցվել է հաղորդում"},{"$i":"report-status-rejected","$v":"Հղրդգրթյնը մերժվեց"},{"$i":"message-size-was","$v":"Հղրդգրթյն չափ՝"},{"$i":"report-to-title","$v":"Ում՝"},{"$i":"report-from-title","$v":"Սկսած"},{"$i":"message-sent","$v":"Ուղրկվց՝"},{"$i":"message-sending","$v":[{"t":"idOrVar","v":"message-delivery-status-sending"}]},{"$i":"message-received","$v":"Ստացված՝"},{"$i":"message-via","$v":"Միջոցով՝"},{"$i":"message-resend","$v":"Նրց ուղրկլ"},{"$i":"search","$v":"Որոնել"},{"$i":"unknown-contact-title","$v":"Անհայտ կոնտակտ"},{"$i":"phone-type-separator","$v":", "},{"$i":"phone-carrier-separator","$v":" "},{"$i":"thread-participant-separator","$v":", "},{"$i":"replace-draft","$v":"Փոխարինել առկա սևագիրը"},{"$i":"save-as-draft","$v":"Պահել"},{"$i":"discard-message","$v":"Հրաժարվել"},{"$i":"discard-sms","$v":"Իսկապես հեռացնե՞լ այս հաղորդագրությունը:"},{"$i":"discard-new-message","$v":"Հեռացնե՞լ հաղորդագրությունը, որը կազմում եք և բացել նոր հաղորդագրություն:"},{"$i":"resend-confirmation","$v":"Հաղորդագրությունը չհաջողվեց ուղարկել: Կրկին փորձե՞լ:"},{"$i":"resend-message","$v":"Նրց ուղրկլ հղրդգրթյնը"},{"$i":"deleteMessage-confirmation","$v":"Ջնջե՞լ ընտրված հղրդգրությունը:"},{"$i":"deleteMessages-confirmation","$v":"Ջնջե՞լ ընտրված հղրդգրները:"},{"$i":"deleteThreads-confirmation2","$v":{"one":"Ջնջե՞լ ընտրված հաղորդագրության շղթան:","other":"Ջնջե՞լ ընտրված հղրդգրությունների շղթաները:"},"$x":[{"t":"idOrVar","v":"plural"},"n"]},{"$i":"new-message-notice-text","$v":"Նոր հղրդգրթյն՝"},{"$i":"new-message-notice-a-text","$v":"Կարդալ սա"},{"$i":"noMessages-title","$v":"Հղրդգրթննր չկան"},{"$i":"noMessages-text","$v":"Սեղմեք Նոր՝ շփվելու համար:"},{"$i":"sendDefaultErrorTitle","$v":"Ուղարկեք ձախողում"},{"$i":"sendDefaultErrorBody","$v":"Հաղորդագրությունն ուղարկելիս խնդիր առաջացավ: Կրկին փորձեք:"},{"$i":"sendDefaultErrorBtnOk","$v":"Լավ"},{"$i":"sendMissingSimCardTitle","$v":"Ուղարկեք ձախողում"},{"$i":"sendMissingSimCardBody","$v":"Շարունակելու համար տեղադրեք վավեր SIM քարտ:"},{"$i":"sendMissingSimCardBtnOk","$v":"Լավ"},{"$i":"sendFlightModeTitle","$v":"Ուղարկեք ձախողում"},{"$i":"sendFlightModeBody","$v":"Անջտ ինքնթռ ռժմ հղրդ ուղրկլ հմր:"},{"$i":"sendFlightModeBtnOk","$v":"Լավ"},{"$i":"radioDisabledToDownloadTitle","$v":"Ներբեռնեք սխալը"},{"$i":"radioDisabledToDownloadBody","$v":"Անջատել ինքնաթիռի ռեժիմը կցորդները ներբեռնելու համար:"},{"$i":"radioDisabledToDownloadBtnOk","$v":[{"t":"idOrVar","v":"sendFlightModeBtnOk"}]},{"$i":"downloadDefaultErrorTitle","$v":"Ներբեռնեք սխալը"},{"$i":"downloadDefaultErrorBody","$v":"Հաղորդագրությունը բեռնելիս խնդիր առաջացավ: Խնդրում եմ կրկին փորձեք."},{"$i":"downloadDefaultErrorBtnOk","$v":[{"t":"idOrVar","v":"sendDefaultErrorBtnOk"}]},{"$i":"fdnErrorTitle","$v":"Ուղարկեք ձախողում"},{"$i":"needConnectWifiBody","$v":"Հասանելի շարժական տվյալների ցանց չկա: Միացեք հասանելի Wi-Fi ցանցին հղրդգրմն համար:"},{"$i":"needConnectWifiTitle","$v":"Հղրդգրթյնը չուղարկվեց"},{"$i":"mmsChanelUsedBody","$v":"MMS-ն ուղարկվում է non-DDS ենթախմբի կողմից։ Սպասեք ուղարկման ավարտին։"},{"$i":"mmsChanelUsedTitle","$v":"MMS-ի օգտագործված ուղի"},{"$i":"sms-counter-notice-label","$v":["Խմբագրվում են SMS ",{"t":"idOrVar","v":"number"}]},{"$i":"fdnErrorBody","$v":{"few":"FDN-ը (Ֆիքսված հավաքման համարներ) ակտիվացված է: Համոզվեք, որ SMS կենտրոնը և հետևյալ հասցեատերերը ձեր FDN ցանկում են։","many":"FDN-ը (Ֆիքսված հավաքման համարներ) ակտիվացված է: Համոզվեք, որ SMS կենտրոնը և հետևյալ հասցեատերերը ձեր FDN ցանկում են։","one":"FDN-ը (Ֆիքսված հավաքման համարներ) ակտիվացված է: Համոզվեք, որ SMS կենտրոնը և հետևյալ հասցեատերը ձեր FDN ցանկում է։","other":"FDN-ը (Ֆիքսված հավաքման համարներ) ակտիվացված է: Համոզվեք, որ SMS կենտրոնը և հետևյալ հասցեատերերը ձեր FDN ցանկում են։","two":"FDN-ը (Ֆիքսված հավաքման համարներ) ակտիվացված է: Համոզվեք, որ SMS կենտրոնը և հետևյալ հասցեատերերը ձեր FDN ցանկում են։"},"$x":[{"t":"idOrVar","v":"plural"},"n"]},{"$i":"fdnErrorBtnOk","$v":"Լավ"},{"$i":"sendNoSignalErrorTitle","$v":"Ուղարկեք ձախողում"},{"$i":"sendNoSignalErrorBody","$v":"Համոզվեք, որ առկա է բջջային ազդանշան և կրկին փորձեք:"},{"$i":"sendNoSignalErrorBtnOk","$v":"Լավ"},{"$i":"sendNotFoundErrorTitle","$v":"Ուղարկեք ձախողում"},{"$i":"sendNotFoundErrorBody","$v":"Ձեր փնտրած հաղորդագրությունն այլևս հասանելի չէ:"},{"$i":"sendNotFoundErrorBtnOk","$v":"Լավ"},{"$i":"sendInvalidAddressErrorTitle","$v":"Ուղարկեք ձախողում"},{"$i":"sendInvalidAddressErrorBody","$v":"Համոցվեք, որ ուղարկվող բջջային համարը վավեր է:"},{"$i":"sendInvalidAddressErrorBtnOk","$v":"Լավ"},{"$i":"simNotMatchedErrorTitle","$v":"Հնարավոր չէ ներբեռնել"},{"$i":"simNotMatchedErrorBody","$v":"Համողվեք, որ տեղադրված SIM քարտն այս հաղորդագրությունը ստանալու համար օգտագործվողն է:"},{"$i":"simNotMatchedErrorBtnOk","$v":"Լավ"},{"$i":"netWorkErrorTitle","$v":"Ցանցի սխալ"},{"$i":"netWorkErrorBody","$v":"Ցանցը որոշ խնդիրներ ունի, ստուգեք այն։"},{"$i":"netWorkErrorBtnOk","$v":"OK"},{"$i":"deleted-sms","$v":"Հղրդն արդեն ջնջվել է:"},{"$i":"view-attachment-image","$v":"Դիտել"},{"$i":"view-attachment-audio","$v":"Լսել"},{"$i":"view-attachment-video","$v":"Դիտել"},{"$i":"view-attachment-other","$v":"Դիտել"},{"$i":"remove-attachment-image","$v":"Հեռացնել պատկերը"},{"$i":"remove-attachment-audio","$v":"Հեռացնել ձայնը"},{"$i":"remove-attachment-video","$v":"Հեռացնել տեսանյութը"},{"$i":"remove-attachment-other","$v":"Հռցնլ կցրդնրը"},{"$i":"replace-attachment-image","$v":"Փոխարինել պատկերը"},{"$i":"replace-attachment-audio","$v":"Փոխարինել ձայնը"},{"$i":"replace-attachment-video","$v":"Փոխարինել տեսանյութը"},{"$i":"replace-attachment-other","$v":"Փոխարինել կցորդը"},{"$i":"unsent-message-title","$v":"Չուղրկվծ հղրդգր"},{"$i":"unsent-message-description","$v":"Ձեր նախկին հաղորդագրությունը չուղարկվեց: Ուզո՞ւմ եք խմբագրել չուղարկված հաղորդագրությունը, թե հեռացնել այն և շարունակել:"},{"$i":"unsent-message-option-edit","$v":"Խմբգրլ"},{"$i":"unsent-message-option-discard","$v":"Հրաժարվել"},{"$i":"message-options","$v":"Հղրդգրթյն ընտրանքներ"},{"$i":"select-text","$v":"Ընտրել տեքստ"},{"$i":"mobile","$v":"Բջջային"},{"$i":"home","$v":"Գլխավոր էջ"},{"$i":"work","$v":"Աշխատանք"},{"$i":"personal","$v":"Անձնական"},{"$i":"faxHome","$v":"Ֆաքս տուն"},{"$i":"faxOffice","$v":"Ֆաքս գրասենյակ"},{"$i":"faxOther","$v":"Ֆաքս այլ"},{"$i":"another","$v":"Մեկ այլ"},{"$i":"other","$v":"Այլ"},{"$i":"today","$v":"Այսօր"},{"$i":"yesterday","$v":"Երեկ"},{"$i":"incorrectDate","$v":"(սխալ ամսաթիվ)"},{"$i":"addToExistingContact","$v":"Ավլցն առկա կոնտակտին"},{"$i":"createNewContact","$v":"Ստեղծել նոր կոնտակտ"},{"$i":"viewContact","$v":"Դիտլ կնտկտ"},{"$i":"sendEmail","$v":"Ուղրկլ էլփոստ"},{"$i":"mms-message","$v":"MMS հղդրգրթյն"},{"$i":"notDownloaded-title","$v":"Հղրդգրթյնը դեռ չի ներբեռվնել:"},{"$i":"tobedownloaded-attachment","$v":["Դուք ստացել եք մուլտիմեդիա հաղորդագրություն, սեղմեք Ներբեռնել՝ ստանալու դրա բովանդակությունը մինչ ",{"t":"idOrVar","v":"date"},":"]},{"$i":"expired-attachment","$v":["Ներեցեք, հաղորդագրությունը սպառվել է ",{"t":"idOrVar","v":"date"},"ին և հնարավոր չէ ներբեռնել:"]},{"$i":"download-attachment","$v":"Նրբռնլ"},{"$i":"downloading-attachment","$v":"Ներբեռվում է…"},{"$i":"download-complete","$v":"Նրբռնմ ավարտվեց"},{"$i":"unnamed-attachment","$v":"անանուն"},{"$i":"mms-label","$v":"MMS"},{"$i":"group-label","$v":"ԽՈՒՄԲ"},{"$i":"attached-files-too-large","$v":{"few":["Հաղորդագրությունները գերազանցում են ",{"t":"idOrVar","v":"mmsSize"}," ՄԲ-ի սահմանաչափը մեկ մուլտիմեդիա հաղորդագրության համար:"],"many":["Հաղորդագրությունները գերազանցում են ",{"t":"idOrVar","v":"mmsSize"}," ՄԲ-ի սահմանաչափը մեկ մուլտիմեդիա հաղորդագրության համար:"],"one":["Այս հաղորդագրությունը գերազանցում է ",{"t":"idOrVar","v":"mmsSize"}," ՄԲ-ի սահմանափակումը մեկ մուլտիմեդիա հաղորդագրության համար:"],"other":["Հաղորդագրությունները գերազանցում են ",{"t":"idOrVar","v":"mmsSize"}," ՄԲ-ի սահմանաչափը մեկ մուլտիմեդիա հաղորդագրության համար:"],"two":["Հաղորդագրությունները գերազանցում են ",{"t":"idOrVar","v":"mmsSize"}," ՄԲ-ի սահմանաչափը մեկ մուլտիմեդիա հաղորդագրության համար:"],"zero":["Հաղորդագրությունները գերազանցում են ",{"t":"idOrVar","v":"mmsSize"}," ՄԲ-ի սահմանաչափը մեկ մուլտիմեդիա հաղորդագրության համար:"]},"$x":[{"t":"idOrVar","v":"plural"},"n"]},{"$i":"resize-image","$v":"Կցվծ պտկրի չափափոխմ"},{"$i":"no-attachment-text","$v":"Կցված ֆայլի հետ խնդիր կա և այն հնարավոր չէ ներբեռնել:"},{"$i":"message-draft-saved","$v":"Հղրդգրթյնը պհվ որպ սևգր"},{"$i":"sim-id-label","$v":["SIM ",{"t":"idOrVar","v":"id"}]},{"$i":"sim-detail","$v":["SIM ",{"t":"idOrVar","v":"id"},", ",{"t":"idOrVar","v":"detailString"}]},{"$i":"dsds-notification-title-with-sim","$v":["(",{"t":"idOrVar","v":"sim"},") ",{"t":"idOrVar","v":"sender"}]},{"$i":"send-button","ariaLabel":"Ուղրկլ"},{"$i":"send-button-sim-indication","$v":[{"t":"idOrVar","v":"n"}],"ariaLabel":["օգտագործվում է SIM ",{"t":"idOrVar","v":"n"}]},{"$i":"expiry-date-format","$v":"%A, %b %e"},{"$i":"attach-button","ariaLabel":"Ավլցն կցորդ"},{"$i":"contact-photo","ariaLabel":"Կնտկտի լսնկր"},{"$i":"unread-thread","ariaLabel":"Ապաընթերցել"},{"$i":"has-draft","ariaLabel":"Ունի սևագիր"},{"$i":"is-draft","ariaLabel":"Սևագիր"},{"$i":"message-delivery-status-sending","$v":"Ուղրկմ…"},{"$i":"message-delivery-status-delivered","$v":"Ուղարկված է"},{"$i":"message-delivery-status-read","ariaLabel":"Կարդալ"},{"$i":"message-delivery-status-error","ariaLabel":"Սխալ"},{"$i":"modal-dialog-ok-button","$v":"Լավ"},{"$i":"modal-dialog-cancel-button","$v":"Չեղարկել"},{"$i":"modal-dialog-default-title","$v":"Հղրդգրթյննր"},{"$i":"delete-message","$v":"Հղրդգրթյնը ջնջվեց"},{"$i":"message-converted-to-toast","$v":["Հղրդգրթյնը ձևափոխվեց ",{"t":"idOrVar","v":"type"},"-ի"]},{"$i":"message-sent-toast","$v":"Հղրդգրթյնն ուղարկվեց"},{"$i":"deleteMessage-confirmation2","$v":"Ջնջե՞լ ընտրված հաղորդագրության շղթան:"},{"$i":"deleted-message","$v":{"few":["Ջնջվեցին ",{"t":"idOrVar","v":"n"}," հաղորդագրություններ"],"many":["Ջնջվեցին ",{"t":"idOrVar","v":"n"}," հաղորդագրություններ"],"one":["Ջնջվեց ",{"t":"idOrVar","v":"n"}," հաղորդագրություն"],"other":["Ջնջվեցին ",{"t":"idOrVar","v":"n"}," հաղորդագրություններ"],"two":["Ջնջվեցին ",{"t":"idOrVar","v":"n"}," հաղորդագրություններ"],"zero":"Ջնջվեց 0 հաղորդագրություն"},"$x":[{"t":"idOrVar","v":"plural"},"n"]},{"$i":"deleted-threads","$v":{"few":["Ջնջվեցին ",{"t":"idOrVar","v":"n"}," հաղորդագրության շղթաներ"],"many":["Ջնջվեցին ",{"t":"idOrVar","v":"n"}," հաղորդագրության շղթաներ"],"one":"Շղթն ջնջվծ է","other":["Ջնջվեցին ",{"t":"idOrVar","v":"n"}," հաղորդագրության շղթաներ"],"two":["Ջնջվեցին ",{"t":"idOrVar","v":"n"}," հաղորդագրության շղթաներ"],"zero":"Ջնջվեց 0 շղթա"},"$x":[{"t":"idOrVar","v":"plural"},"n"]},{"$i":"wapPushMessages","$v":"WAP սեղմվ հղրդգր"},{"$i":"auto-retrieve-messages","$v":"Ինքնշխտ առբերել հղրդգրթյնները"},{"$i":"auto-retrieve-messages-title","$v":"Ինքնշխտ առբերել հղրդգրթյնները"},{"$i":"auto-roaming-retrieve","$v":"Ակտիվ է՝ ռոումինգով"},{"$i":"auto-no-roaming-retrieve","$v":"Ակտիվ է՝ առանց ռոումինգի"},{"$i":"mmsTitle","$v":"Մուլտիմեդիա հղրդգրմ (MMS)"},{"$i":"message-delivery-reports","$v":"Ուղարկման զեկույցներ"},{"$i":"message-delivery-reports-title","$v":"Ուղարկման զեկույցներ"},{"$i":"messageReport-title","$v":"Հղրդգրթյն մանրամասներ"},{"$i":"sms-label","$v":"SMS"},{"$i":"messaging-settings","$v":"Հղրդգրմն պարամետրեր"},{"$i":"messagingSettings-header","$v":[{"t":"idOrVar","v":"messaging-settings"}]},{"$i":"confirmation-title","$v":"Հաստատում"},{"$i":"draft-save-content","$v":"Պահե՞լ որպես Սևագիր"},{"$i":"draft-discard-content","$v":"Հղրդգրթյնը հեռացվեց"},{"$i":"switch-on","$v":"Միացված է"},{"$i":"switch-off","$v":"Անջատված է"},{"$i":"auto-retrieve-desc","$v":"Ինքնշխտ առբերել հղրդգրթյնները"},{"$i":"confirm-dialog-ok","$v":"OK"},{"$i":"yes","$v":"Այո"},{"$i":"no","$v":"Ոչ"},{"$i":"delete-current-thread?","$v":"Ջնջե՞լ ընտրված հաղորդագրության շղթան:"},{"$i":"attention","$v":"Ուշադրություն"},{"$i":"delivery-title","$v":"Տեքստային հղրդգր (SMS)"},{"$i":"send-failed","$v":"Ուղրկմը ձխղվց:"},{"$i":"subject-removed","$v":"Նյութը հեռացված է:"},{"$i":"data-storage-limit-alert-title","$v":"Հեռախոսի պահոցը լիքն է։"},{"$i":"data-storage-limit-send-body","$v":"Չհաջողվեց ուղարկել MMS-ը: Ջնջեք հաղորդագրությունները կամ անցեք Պարամետրեր բաժին՝ տարածք ազատելու համար:"},{"$i":"data-storage-limit-download-body","$v":"Չհաջողվեց ներբեռնել MMS-ը: Ջնջեք հաղորդագրությունները կամ անցեք Պարամետրեր բաժին՝ տարածք ազատելու համար:"},{"$i":"data-storage-limit-alert-cancel","$v":"Չեղարկել"},{"$i":"data-storage-limit-alert-setting","$v":"Պարամետրեր"},{"$i":"recipient-repeat","$v":"Կրկնակել կոնտակտը։"},{"$i":"email","$v":"ԷԼ․ ՆԱՄԱԿ"},{"$i":"options","$v":"Ընտրանքներ"},{"$i":"emergency-alert-title","$v":"Արտակարգ իրավիճակի զգուշացումներ"},{"$i":"emergency-alert","$v":"Արտակարգ իրավիճակի զգուշացումներ"},{"$i":"wappushNormal","$v":"Wap սեղմում"},{"$i":"wappushSIM1","$v":"WAP սեղմում — SIM 1"},{"$i":"wappushSIM2","$v":"WAP սեղմում — SIM 2"},{"$i":"not-assigned","$v":"Նշանակված չէ"},{"$i":"switchSIMDataSendAlertTitle","$v":"MMS-ը չուղարկվեց։"},{"$i":"switchSIMDataSendAlertBody","$v":["MMS ուղարկելու համար SIM-ի Կառավարի կարգավորումներում պետք է փոխեք SIM քարտի տվյալները SIM ",{"t":"idOrVar","v":"nonActiveSimId"},"-ի։"]},{"$i":"switchSIMDataSendAlertDesc","$v":"Անցեք Կարգավորումներ հավելված՝ կարգավորումները թարմացնելու համար։"},{"$i":"switchSIMDataReceiveAlertTitle","$v":"Չհաջողվեց ստանալ MMS-ը։"},{"$i":"switchSIMDataReceiveAlertBody","$v":["MMS ստանալու համար SIM-ի Կառավարի կարգավորումներում պետք է փոխեք SIM քարտի տվյալները SIM ",{"t":"idOrVar","v":"nonActiveSimId"},"-ի։"]},{"$i":"switchSIMDataReceiveAlertDesc","$v":"Անցեք Կարգավորումներ հավելված՝ կարգավորումները թարմացնելու համար։"},{"$i":"group-message","$v":"Խմբային հաղորդագրություն"},{"$i":"individual-message","$v":"Անհատական հաղորդագրություն"},{"$i":"group-message-alert-title","$v":"Խմբային հաղորդագրություն"},{"$i":"group-message-alert-body","$v":"Ստեղծե՞լ խմբային հաղորդագրություն։ (Խմբային հաղորդագրությունը կուղարկվի MMS-ի և SMS-ի միջոցով, և կարող է առաջացնել լրացուցիչ գանձումներ Հաղորդագրությունների անցանց մատակարարի կողմից՝ կախված ծառայությունների պլանից։)"},{"$i":"group-message-individual","$v":"Անհատական"},{"$i":"group-message-setting","$v":"Ստեղծել խումբ"},{"$i":"new-message-individual","$v":"Նոր հղրդգրթյն՝ (Անհատական)"},{"$i":"new-message-group","$v":"Նոր հղրդգրթյն՝ (Խումբ)"},{"$i":"no-phone-number","$v":"Հեռախոսահամար չկա"},{"$i":"device-phone-number","$v":"Իմ հեռախոսահամարը"},{"$i":"group-message-phone","$v":"Խմբային հաղորդագրություններ"},{"$i":"my-phone-number","$v":"Իմ հեռախոսահամարը"},{"$i":"delivery-notification","$v":"Հաղորդագրությունն ուղարկվեց"},{"$i":"wait","$v":"սպասվում է"},{"$i":"isTextTooLongAlert","$v":"Հաղորդագրության երկարությունը գերազանցվեց։"},{"$i":"video-call","$v":"Տեսականչ"},{"$i":"normal-call","$v":"Կանչել"},{"$i":"attachment","$v":"Կցորդ"},{"$i":"limit-MMS-recipients","$v":"Մեկ MMS-ը կարող է ստանալ մինչև 20 ստացող։"},{"$i":"block-contact","$v":"Արգելափակել կոնտակտը"},{"$i":"blocked","$v":"Արգելափակել"},{"$i":"unblocked","$v":"Բաց թողնել"},{"$i":"rtt-call","$v":"RTT կանչ"},{"$i":"remove-all-attachments","$v":"Հեռացնել բոլոր կցորդները"},{"$i":"block-confirmation","$v":"Դուք չեք ստանա հեռախոսային կանչեր, հաղորդագրություններ սև ցուցակում գտնվող օգտվողներից։"},{"$i":"space-low-not-save","$v":"Պահոցը լիքն է, չհաջողվեց պահել սևագիրը:"},{"$i":"sms-encoding-mode","$v":"Sms գաղտնագրում"},{"$i":"sms-reduced-format","$v":"Նվազեցված ձևաչափ"},{"$i":"sms-full-format","$v":"Ամբողջական ձևաչափ"},{"$i":"smscNormal","$v":"Ծառայությունների կենտրոն"},{"$i":"smscSIM1","$v":"Ծառայությունների կենտրոնի SIM1"},{"$i":"smscSIM2","$v":"Ծառայությունների կենտրոնի SIM2"},{"$i":"withoutDataTitle","$v":"Ձախողում"},{"$i":"withoutDataBody","$v":"Միացրեք Տվյալների միացումը Կարգավորումներից՝ MMS ուղարկելու կամ ներբեռնելու համար"},{"$i":"withoutDataBtnOk","$v":"OK"},{"$i":"withoutDataBtnSettings","$v":"Պարամետրեր"},{"$i":"weekday-0-long","$v":"Կիրակի"},{"$i":"weekday-1-long","$v":"Երկուշաբթի"},{"$i":"weekday-2-long","$v":"Երեքշաբթի"},{"$i":"weekday-3-long","$v":"Չորեքշաբթի"},{"$i":"weekday-4-long","$v":"Հինգշաբթի"},{"$i":"weekday-5-long","$v":"Ուրբաթ"},{"$i":"weekday-6-long","$v":"Շաբաթ"},{"$i":"weekday-0-short","$v":"Կիր"},{"$i":"weekday-1-short","$v":"Երկ"},{"$i":"weekday-2-short","$v":"Երք"},{"$i":"weekday-3-short","$v":"Չրք"},{"$i":"weekday-4-short","$v":"Հնգ"},{"$i":"weekday-5-short","$v":"Ուրբ"},{"$i":"weekday-6-short","$v":"Շբթ"},{"$i":"month-0-long","$v":"Հունվար"},{"$i":"month-1-long","$v":"Փետրվար"},{"$i":"month-2-long","$v":"Մարտ"},{"$i":"month-3-long","$v":"Ապրիլ"},{"$i":"month-4-long","$v":"Մյս"},{"$i":"month-5-long","$v":"Հունիս"},{"$i":"month-6-long","$v":"Հուլիս"},{"$i":"month-7-long","$v":"Օգոստոս"},{"$i":"month-8-long","$v":"Սեպտեմբեր"},{"$i":"month-9-long","$v":"Հոկտեմբեր"},{"$i":"month-10-long","$v":"Նոյեմբեր"},{"$i":"month-11-long","$v":"Դեկտեմբեր"},{"$i":"month-0-genitive","$v":"Հունվար"},{"$i":"month-1-genitive","$v":"Փետրվար"},{"$i":"month-2-genitive","$v":"Մարտ"},{"$i":"month-3-genitive","$v":"Ապրիլ"},{"$i":"month-4-genitive","$v":"Մյս"},{"$i":"month-5-genitive","$v":"Հունիս"},{"$i":"month-6-genitive","$v":"Հուլիս"},{"$i":"month-7-genitive","$v":"Օգոստոս"},{"$i":"month-8-genitive","$v":"Սեպտեմբեր"},{"$i":"month-9-genitive","$v":"Հոկտեմբեր"},{"$i":"month-10-genitive","$v":"Նոյեմբեր"},{"$i":"month-11-genitive","$v":"Դեկտեմբեր"},{"$i":"month-0-short","$v":"Հունվ"},{"$i":"month-1-short","$v":"Փետ"},{"$i":"month-2-short","$v":"Մրտ"},{"$i":"month-3-short","$v":"Ապլ"},{"$i":"month-4-short","$v":"Մյս"},{"$i":"month-5-short","$v":"Հուն"},{"$i":"month-6-short","$v":"Հուլ"},{"$i":"month-7-short","$v":"Օգս"},{"$i":"month-8-short","$v":"Սպտ"},{"$i":"month-9-short","$v":"Հոկտ"},{"$i":"month-10-short","$v":"Նոյ"},{"$i":"month-11-short","$v":"Դեկ"},{"$i":"minutes-ago-long","$v":{"few":[{"t":"idOrVar","v":"value"}," րոպե առաջ"],"many":[{"t":"idOrVar","v":"value"}," րոպե առաջ"],"one":"րոպե առաջ","other":[{"t":"idOrVar","v":"value"}," րոպե առաջ"],"two":[{"t":"idOrVar","v":"value"}," րոպե առաջ"],"zero":"հենց նոր"},"$x":[{"t":"idOrVar","v":"plural"},"value"]},{"$i":"hours-ago-long","$v":{"few":[{"t":"idOrVar","v":"value"}," ժամ առաջ"],"many":[{"t":"idOrVar","v":"value"}," ժամ առաջ"],"one":"մեկ ժամ առաջ","other":[{"t":"idOrVar","v":"value"}," ժամ առաջ"],"two":[{"t":"idOrVar","v":"value"}," ժամ առաջ"],"zero":"հենց նոր"},"$x":[{"t":"idOrVar","v":"plural"},"value"]},{"$i":"days-ago-long","$v":{"few":[{"t":"idOrVar","v":"value"}," օր առաջ"],"many":[{"t":"idOrVar","v":"value"}," օր առաջ"],"one":"երեկ","other":[{"t":"idOrVar","v":"value"}," օր առաջ"],"two":[{"t":"idOrVar","v":"value"}," օր առաջ"],"zero":"այսօր"},"$x":[{"t":"idOrVar","v":"plural"},"value"]},{"$i":"weeks-ago-long","$v":{"few":[{"t":"idOrVar","v":"value"}," շաբաթ առաջ"],"many":[{"t":"idOrVar","v":"value"}," շաբաթ առաջ"],"one":"անցյալ շաբաթ","other":[{"t":"idOrVar","v":"value"}," շաբաթ առաջ"],"two":[{"t":"idOrVar","v":"value"}," շաբաթ առաջ"],"zero":"այս շաբաթ"},"$x":[{"t":"idOrVar","v":"plural"},"value"]},{"$i":"months-ago-long","$v":{"few":[{"t":"idOrVar","v":"value"}," ամիս առաջ"],"many":[{"t":"idOrVar","v":"value"}," ամիս առաջ"],"one":"անցած ամիս","other":[{"t":"idOrVar","v":"value"}," ամիս առաջ"],"two":[{"t":"idOrVar","v":"value"}," ամիս առաջ"],"zero":"այս ամիս"},"$x":[{"t":"idOrVar","v":"plural"},"value"]},{"$i":"years-ago-long","$v":{"few":[{"t":"idOrVar","v":"value"}," տարի առաջ"],"many":[{"t":"idOrVar","v":"value"}," տարի առաջ"],"one":"անցյալ տարի","other":[{"t":"idOrVar","v":"value"}," տարի առաջ"],"two":[{"t":"idOrVar","v":"value"}," տարի առաջ"],"zero":"այս տարի"},"$x":[{"t":"idOrVar","v":"plural"},"value"]},{"$i":"minutes-until-long","$v":{"few":[{"t":"idOrVar","v":"value"}," րոպեից"],"many":[{"t":"idOrVar","v":"value"}," րոպեից"],"one":"մեկ րոպեից","other":[{"t":"idOrVar","v":"value"}," րոպեից"],"two":[{"t":"idOrVar","v":"value"}," րոպեից"],"zero":"հիմա"},"$x":[{"t":"idOrVar","v":"plural"},"value"]},{"$i":"hours-until-long","$v":{"few":[{"t":"idOrVar","v":"value"}," ժամից"],"many":[{"t":"idOrVar","v":"value"}," ժամից"],"one":"մեկ ժամից","other":[{"t":"idOrVar","v":"value"}," ժամից"],"two":[{"t":"idOrVar","v":"value"}," ժամից"],"zero":"հիմա"},"$x":[{"t":"idOrVar","v":"plural"},"value"]},{"$i":"days-until-long","$v":{"few":[{"t":"idOrVar","v":"value"}," օրից"],"many":[{"t":"idOrVar","v":"value"}," օրից"],"one":"վաղը","other":[{"t":"idOrVar","v":"value"}," օրից"],"two":[{"t":"idOrVar","v":"value"}," օրից"],"zero":"այսօր"},"$x":[{"t":"idOrVar","v":"plural"},"value"]},{"$i":"weeks-until-long","$v":{"few":[{"t":"idOrVar","v":"value"}," շաբաթից"],"many":[{"t":"idOrVar","v":"value"}," շաբաթից"],"one":"հաջորդ շաբաթ","other":[{"t":"idOrVar","v":"value"}," շաբաթից"],"two":[{"t":"idOrVar","v":"value"}," շաբաթից"],"zero":"այս շաբաթ"},"$x":[{"t":"idOrVar","v":"plural"},"value"]},{"$i":"months-until-long","$v":{"few":[{"t":"idOrVar","v":"value"}," ամսից"],"many":[{"t":"idOrVar","v":"value"}," ամսից"],"one":"հաջորդ ամիս","other":[{"t":"idOrVar","v":"value"}," ամսից"],"two":[{"t":"idOrVar","v":"value"}," ամսից"],"zero":"այս ամիս"},"$x":[{"t":"idOrVar","v":"plural"},"value"]},{"$i":"years-until-long","$v":{"few":[{"t":"idOrVar","v":"value"}," տարուց"],"many":[{"t":"idOrVar","v":"value"}," տարուց"],"one":"հաջորդ տարի","other":[{"t":"idOrVar","v":"value"}," տարուց"],"two":[{"t":"idOrVar","v":"value"}," տարուց"],"zero":"այս տարի"},"$x":[{"t":"idOrVar","v":"plural"},"value"]},{"$i":"minutes-ago-short","$v":{"other":[{"t":"idOrVar","v":"value"}," ր առաջ"],"zero":"հենց նոր"},"$x":[{"t":"idOrVar","v":"plural"},"value"]},{"$i":"hours-ago-short","$v":{"other":[{"t":"idOrVar","v":"value"}," ժ առաջ"],"zero":"հենց նոր"},"$x":[{"t":"idOrVar","v":"plural"},"value"]},{"$i":"days-ago-short","$v":{"other":[{"t":"idOrVar","v":"value"}," օր առաջ"],"zero":"այսօր"},"$x":[{"t":"idOrVar","v":"plural"},"value"]},{"$i":"minutes-until-short","$v":{"other":[{"t":"idOrVar","v":"value"}," ր-ից"],"zero":"հիմա"},"$x":[{"t":"idOrVar","v":"plural"},"value"]},{"$i":"hours-until-short","$v":{"other":[{"t":"idOrVar","v":"value"}," ժ-ից"],"zero":"հիմա"},"$x":[{"t":"idOrVar","v":"plural"},"value"]},{"$i":"days-until-short","$v":{"other":[{"t":"idOrVar","v":"value"}," օրից"],"zero":"այսօր"},"$x":[{"t":"idOrVar","v":"plural"},"value"]},{"$i":"dateTimeFormat_%c","$v":"%a %b %e %Y %I:%M:%S %p"},{"$i":"dateTimeFormat_%x","$v":"%m/%d/%Y"},{"$i":"dateTimeFormat_%X","$v":"%I:%M:%S %p"},{"$i":"shortTimeFormat","$v":"%I:%M %p"},{"$i":"shortTimeFormat12","$v":"%I:%M %p"},{"$i":"shortTimeFormat24","$v":"%H:%M"},{"$i":"shortDateTimeFormat","$v":"%x %I:%M %p"},{"$i":"weekStartsOnMonday","$v":"0.0"},{"$i":"firstDayOfTheWeek","$v":"1.0"},{"$i":"time_am","$v":"AM"},{"$i":"time_pm","$v":"PM"},{"$i":"softkey-options","$v":"Ընտրանքներ"},{"$i":"emergencyNumber","$v":"Արտակարգ իրավիճակի համար"},{"$i":"callAirplaneModeMessage","$v":"Կանչ կատարելու համար անջատեք օդանավի ռեժիմը պարամետրերից:"},{"$i":"callAirplaneModeBtnOk","$v":"OK"},{"$i":"callAirplaneModeTitle","$v":"Օդանավի ռեժիմն ակտիվացված է"},{"$i":"numberIsBusyTitle","$v":"Համարը զբաղված է"},{"$i":"numberIsBusyMessage","$v":"Այս պահին համարը զբաղված է: Կրկին փորձեք ավելի ուշ:"},{"$i":"fdnIsActiveTitle","$v":"FDN-ն ակտիվ է"},{"$i":"fdnIsActiveMessage","$v":["FDN-ը (Ֆիքսված հավաքման համարներ) ակտիվացված է և հետևյալ համարը FDN ցանկում չէ. ",{"t":"idOrVar","v":"number"}]},{"$i":"emergencyDialogBodyBadNumber","$v":"Կանչ կատարելու համար հեռախոսը պետք է միացված լինի ցանցին:"},{"$i":"emergencyDialogBodyDeviceNotAccepted","$v":"Արտակարգ իրավիճակի կանչերը թույլատրելի չեն առանց ցանցի:"},{"$i":"emergencyDialogBtnOk","$v":"OK"},{"$i":"emergencyDialogTitle","$v":"Ցանց չկա"},{"$i":"invalidNumberToDialTitle","$v":"Անվավեր հեռախոսահամար"},{"$i":"invalidNumberToDialMessage","$v":"Հեռախոսահամարը, որին զանգում եք, վավեր չէ:"},{"$i":"unableToCallTitle","$v":"Հնարավոր չէ կանչ կատարել:"},{"$i":"unableToCallMessage","$v":"Հնարավոր չէ կանչ կատարել հիմա"},{"$i":"otherConnectionInUseTitle","$v":"Օգտգրծվծ այլ միացում"},{"$i":"otherConnectionInUseMessage","$v":"Դուք ունեք ակտիվ կանչ կամ մեկ այլ միացում: Դուք կարող եք միայն օգտագործել մեկ միացում միաժամանակ:"},{"$i":"connectingEllipsis","$v":"Միանում է..."}]