[{"$i":"messages","$v":"Pesan"},{"$i":"deleteMessages-title","$v":"Pilih"},{"$i":"selectThreads-title","$v":"Pilih"},{"$i":"edit","$v":"Edit"},{"$i":"back","$v":"Kembali"},{"$i":"cancel","$v":"Batal"},{"$i":"delete","$v":"Hapus"},{"$i":"deleting-messages","$v":"Menghapus..."},{"$i":"deselect","$v":"Hapus pilihan"},{"$i":"selected-threads","$v":{"few":[{"t":"idOrVar","v":"n"}," Dipilih"],"many":[{"t":"idOrVar","v":"n"}," Dipilih"],"one":[{"t":"idOrVar","v":"n"}," Dipilih"],"other":[{"t":"idOrVar","v":"n"}," Dipilih"],"two":[{"t":"idOrVar","v":"n"}," Dipilih"],"zero":"0 dipilih"},"$x":[{"t":"idOrVar","v":"plural"},"n"]},{"$i":"selected-messages","$v":{"few":[{"t":"idOrVar","v":"n"}," Dipilih"],"many":[{"t":"idOrVar","v":"n"}," Dipilih"],"one":[{"t":"idOrVar","v":"n"}," Dipilih"],"other":[{"t":"idOrVar","v":"n"}," Dipilih"],"two":[{"t":"idOrVar","v":"n"}," Dipilih"],"zero":"0 dipilih"},"$x":[{"t":"idOrVar","v":"plural"},"n"]},{"$i":"selectThreads-label","$v":"Pilih Berkas"},{"$i":"selectMessages-label","$v":"Pilih Pesan"},{"$i":"new-message","$v":"Baru"},{"$i":"delete-thread","$v":"Hapus berkas"},{"$i":"create-new-contact","$v":"Buat Kontak Baru"},{"$i":"add-to-contact","$v":"Tambah ke kontak yang ada"},{"$i":"select-thread","$v":"Pilih berkas"},{"$i":"settings","$v":"Pengaturan"},{"$i":"select-all","$v":"Semua"},{"$i":"deselect-all","$v":"Tidak ada"},{"$i":"select","$v":"Pilih"},{"$i":"sk-save-as-draft","$v":"Simpan sebagai konsep"},{"$i":"next","$v":"Berikutnya"},{"$i":"send","$v":"Kirim"},{"$i":"add-contact","$v":"Tambah"},{"$i":"add-suggestion","$v":"Pilih"},{"$i":"add-subject","$v":"Tambah subjek"},{"$i":"remove-subject","$v":"Hapus subjek"},{"$i":"add-attachment","$v":"Tambah lampiran"},{"$i":"remove-attachment","$v":"Hapus lampiran"},{"$i":"replace-attachment","$v":"Ganti lampiran"},{"$i":"select-messages","$v":"Pilih pesan"},{"$i":"call","$v":"Panggilan"},{"$i":"forward","$v":"Teruskan"},{"$i":"view-message-report","$v":"Lihat rincian pesan"},{"$i":"cancel-view-report","$v":"Batal"},{"$i":"ok","$v":"OK"},{"$i":"enter","$v":"Masuk"},{"$i":"open","$v":"Buka"},{"$i":"to","$v":"Ke"},{"$i":"new","$v":"Baru"},{"$i":"message","$v":"Pesan"},{"$i":"messagesInput_placeholder","$v":"Pesan"},{"$i":"messagesSubjectInput_placeholder","$v":"Subjek"},{"$i":"subjectComposerInput_placeholder","$v":"Subjek"},{"$i":"converted-to-mms","$v":"Mengkonversi ke pesan multimedia"},{"$i":"converted-to-sms","$v":"Mengkonversi ke pesan teks"},{"$i":"messages-max-length-text","$v":"Anda telah mencapai batas maksimal."},{"$i":"messages-max-subject-length-text","$v":"Batas maksimal subjek tercapai."},{"$i":"multimedia-message-exceeded-max-length","$v":["Pesan ini melebihi batas ukuran ",{"t":"idOrVar","v":"mmsSize"}," MB dari satu pesan multimedia."]},{"$i":"newMessage","$v":"Pesan baru"},{"$i":"sendMessage","$v":"Kirim pesan"},{"$i":"sendMMSToEmail","$v":"Kirim pesan multimedia"},{"$i":"no-recipient","$v":"(Tidak ada penerima)"},{"$i":"recipient","$v":{"few":[{"t":"idOrVar","v":"n"}," penerima"],"many":[{"t":"idOrVar","v":"n"}," penerima"],"one":[{"t":"idOrVar","v":"n"}," penerima"],"other":[{"t":"idOrVar","v":"n"}," penerima"],"two":[{"t":"idOrVar","v":"n"}," penerima"]},"$x":[{"t":"idOrVar","v":"plural"},"n"]},{"$i":"attachmentSizeB","$v":[{"t":"idOrVar","v":"n"}," B"]},{"$i":"attachmentSizeKB","$v":[{"t":"idOrVar","v":"n"}," KB"]},{"$i":"attachmentSizeMB","$v":[{"t":"idOrVar","v":"n"}," MB"]},{"$i":"attachmentOpenError","$v":"Tidak ada aplikasi tersedia untuk membuka jenis file ini."},{"$i":"remove","$v":"Hapus"},{"$i":"participant","$v":{"few":[{"t":"idOrVar","v":"n"}," peserta"],"many":[{"t":"idOrVar","v":"n"}," peserta"],"one":[{"t":"idOrVar","v":"n"}," peserta"],"other":[{"t":"idOrVar","v":"n"}," peserta"],"two":[{"t":"idOrVar","v":"n"}," peserta"]},"$x":[{"t":"idOrVar","v":"plural"},"n"]},{"$i":"message-report","$v":"Laporan pesan"},{"$i":"message-type-sms","$v":"Pesan Teks (SMS)"},{"$i":"message-type-mms","$v":"Pesan Multimedia (MMS)"},{"$i":"sms-report-description","$v":["Pesan Teks Anda (SMS), telah terkirim pada ",{"t":"idOrVar","v":"datetime"}]},{"$i":"mms-report-description","$v":["Pesan Multimedia (MMS) Anda, subjek ",{"t":"idOrVar","v":"subject"},", terkirim pada ",{"t":"idOrVar","v":"datetime"}]},{"$i":"mms-no-subject-report-description","$v":["Pesan Multimedia (MMS) Anda, terkirim pada ",{"t":"idOrVar","v":"datetime"}]},{"$i":"message-subject","$v":"Subjek:"},{"$i":"report-status-error","$v":"Pesan tidak dapat dikirimkan"},{"$i":"report-status-not-downloaded","$v":"tidak terunduh"},{"$i":"report-status-delivered","$v":"Terkirim:"},{"$i":"report-status-read","$v":"Baca:"},{"$i":"report-status-pending","$v":"Laporan diminta"},{"$i":"report-status-rejected","$v":"Pesan ditolak"},{"$i":"message-size-was","$v":"Ukuran pesan:"},{"$i":"report-to-title","$v":"Ke"},{"$i":"report-from-title","$v":"Dari"},{"$i":"message-sent","$v":"Terkirim:"},{"$i":"message-sending","$v":[{"t":"idOrVar","v":"message-delivery-status-sending"}]},{"$i":"message-received","$v":"Diterima:"},{"$i":"message-via","$v":"Melalui:"},{"$i":"message-resend","$v":"Kirim ulang"},{"$i":"search","$v":"Cari"},{"$i":"unknown-contact-title","$v":"Kontak Tidak Diketahui"},{"$i":"phone-type-separator","$v":", "},{"$i":"phone-carrier-separator","$v":" "},{"$i":"thread-participant-separator","$v":", "},{"$i":"replace-draft","$v":"Ganti Draf yang ada"},{"$i":"save-as-draft","$v":"Simpan"},{"$i":"discard-message","$v":"Buang"},{"$i":"discard-sms","$v":"Anda yakin ingin membuang pesan ini?"},{"$i":"discard-new-message","$v":"Buang pesan yang Anda susun dan buka pesan baru?"},{"$i":"resend-confirmation","$v":"Pesan tidak dapat dikirimkan. Coba lagi?"},{"$i":"resend-message","$v":"Kirim ulang pesan ini"},{"$i":"deleteMessage-confirmation","$v":"Hapus pesan yang dipilih?"},{"$i":"deleteMessages-confirmation","$v":"Hapus pesan yang dipilih?"},{"$i":"deleteThreads-confirmation2","$v":{"one":"Hapus berkas pesan yang dipilih?","other":"Hapus berkas pesan yang dipilih?"},"$x":[{"t":"idOrVar","v":"plural"},"n"]},{"$i":"new-message-notice-text","$v":"Pesan baru dari"},{"$i":"new-message-notice-a-text","$v":"Baca"},{"$i":"noMessages-title","$v":"Tidak ada pesan"},{"$i":"noMessages-text","$v":"Tekan Baru untuk memulai komunikasi."},{"$i":"sendDefaultErrorTitle","$v":"Mengirim Gagal"},{"$i":"sendDefaultErrorBody","$v":"Ada masalah saat mengirim pesan. Silakan coba lagi."},{"$i":"sendDefaultErrorBtnOk","$v":"OK"},{"$i":"sendMissingSimCardTitle","$v":"Mengirim Gagal"},{"$i":"sendMissingSimCardBody","$v":"Masukkan kartu SIM yang valid untuk melanjutkan."},{"$i":"sendMissingSimCardBtnOk","$v":"OK"},{"$i":"sendFlightModeTitle","$v":"Mengirim Gagal"},{"$i":"sendFlightModeBody","$v":"Matikan mode pesawat untuk mengirim pesan."},{"$i":"sendFlightModeBtnOk","$v":"OK"},{"$i":"radioDisabledToDownloadTitle","$v":"Pengunduhan Gagal"},{"$i":"radioDisabledToDownloadBody","$v":"Matikan mode pesawat untuk mengunduh lampiran."},{"$i":"radioDisabledToDownloadBtnOk","$v":[{"t":"idOrVar","v":"sendFlightModeBtnOk"}]},{"$i":"downloadDefaultErrorTitle","$v":"Pengunduhan Gagal"},{"$i":"downloadDefaultErrorBody","$v":"Ada masalah saat menguduh pesan. Silakan coba lagi."},{"$i":"downloadDefaultErrorBtnOk","$v":[{"t":"idOrVar","v":"sendDefaultErrorBtnOk"}]},{"$i":"fdnErrorTitle","$v":"Mengirim Gagal"},{"$i":"needConnectWifiBody","$v":"Tidak ada jaringan seluler tersedia. Sambung ke jaringan Wi-Fi tersedia untuk perpesanan."},{"$i":"needConnectWifiTitle","$v":"Pesan tidak terkirim"},{"$i":"mmsChanelUsedBody","$v":"Ada pengiriman MMS oleh sub non-DDS, tunggu hingga proses pengiriman selesai."},{"$i":"mmsChanelUsedTitle","$v":"Saluran MMS Digunakan"},{"$i":"sms-counter-notice-label","$v":["Mengedit SMS ",{"t":"idOrVar","v":"number"}]},{"$i":"fdnErrorBody","$v":{"few":"FDN (Nomor Panggilan Tetap) diaktifkan. Pastikan pusat SMS dan penerima berikut berada di daftar FDN Anda.","many":"FDN (Nomor Panggilan Tetap) diaktifkan. Pastikan pusat SMS dan penerima berikut berada di daftar FDN Anda.","one":"FDN (Nomor Panggilan Tetap) diaktifkan. Pastikan pusat SMS dan penerima berikut berada di daftar FDN Anda.","other":"FDN (Nomor Panggilan Tetap) diaktifkan. Pastikan pusat SMS dan penerima berikut berada di daftar FDN Anda.","two":"FDN (Nomor Panggilan Tetap) diaktifkan. Pastikan pusat SMS dan penerima berikut berada di daftar FDN Anda."},"$x":[{"t":"idOrVar","v":"plural"},"n"]},{"$i":"fdnErrorBtnOk","$v":"OK"},{"$i":"sendNoSignalErrorTitle","$v":"Mengirim Gagal"},{"$i":"sendNoSignalErrorBody","$v":"Pastikan Anda memiliki sinyal seluler dan coba lagi."},{"$i":"sendNoSignalErrorBtnOk","$v":"OK"},{"$i":"sendNotFoundErrorTitle","$v":"Mengirim Gagal"},{"$i":"sendNotFoundErrorBody","$v":"Pesan yang Anda cari sudah tidak tersedia."},{"$i":"sendNotFoundErrorBtnOk","$v":"OK"},{"$i":"sendInvalidAddressErrorTitle","$v":"Mengirim Gagal"},{"$i":"sendInvalidAddressErrorBody","$v":"Pastikan nomor seluler yang Anda kirim valid."},{"$i":"sendInvalidAddressErrorBtnOk","$v":"OK"},{"$i":"simNotMatchedErrorTitle","$v":"Tidak dapat mengunduh"},{"$i":"simNotMatchedErrorBody","$v":"Tolong pastikan kartu SIM yang dimasukkan adalah yang digunakan untuk menerima pesan ini."},{"$i":"simNotMatchedErrorBtnOk","$v":"OK"},{"$i":"netWorkErrorTitle","$v":"Kegagalan Jaringan"},{"$i":"netWorkErrorBody","$v":"Jaringan mengalami gangguan, mohon periksa dulu."},{"$i":"netWorkErrorBtnOk","$v":"OK"},{"$i":"deleted-sms","$v":"Pesan ini telah selesai dihapus."},{"$i":"view-attachment-image","$v":"Lihat"},{"$i":"view-attachment-audio","$v":"Dengar"},{"$i":"view-attachment-video","$v":"Lihat"},{"$i":"view-attachment-other","$v":"Lihat"},{"$i":"remove-attachment-image","$v":"Hapus gambar"},{"$i":"remove-attachment-audio","$v":"Hapus audio"},{"$i":"remove-attachment-video","$v":"Hapus video"},{"$i":"remove-attachment-other","$v":"Hapus lampiran"},{"$i":"replace-attachment-image","$v":"Ganti gambar"},{"$i":"replace-attachment-audio","$v":"Ganti audio"},{"$i":"replace-attachment-video","$v":"Ganti video"},{"$i":"replace-attachment-other","$v":"Ganti lampiran"},{"$i":"unsent-message-title","$v":"Pesan Tidak Terkirim"},{"$i":"unsent-message-description","$v":"Pesan Anda sebelumnya tidak terkirim. Apakan Anda ingin mengedit pesan yang tidak terkirim atau membuangnya dan lanjut?"},{"$i":"unsent-message-option-edit","$v":"Edit"},{"$i":"unsent-message-option-discard","$v":"Buang"},{"$i":"message-options","$v":"Opsi pesan"},{"$i":"select-text","$v":"Pilih teks"},{"$i":"mobile","$v":"Seluler"},{"$i":"home","$v":"Rumah"},{"$i":"work","$v":"Kantor"},{"$i":"personal","$v":"Pribadi"},{"$i":"faxHome","$v":"Fax rumah"},{"$i":"faxOffice","$v":"Fax kantor"},{"$i":"faxOther","$v":"Fax lainnya"},{"$i":"another","$v":"Lainnya"},{"$i":"other","$v":"Lainnya"},{"$i":"today","$v":"Hari ini"},{"$i":"yesterday","$v":"Kemarin"},{"$i":"incorrectDate","$v":"(tanggal salah)"},{"$i":"addToExistingContact","$v":"Tambah ke kontak yang ada"},{"$i":"createNewContact","$v":"Buat Kontak Baru"},{"$i":"viewContact","$v":"Lihat kontak"},{"$i":"sendEmail","$v":"Kirim Email"},{"$i":"mms-message","$v":"Pesan MMS"},{"$i":"notDownloaded-title","$v":"Pesan belum diunduh."},{"$i":"tobedownloaded-attachment","$v":["Anda menerima pesan multimedia, tekan Unduh untuk mengambil kontennya sebelu ",{"t":"idOrVar","v":"date"},"."]},{"$i":"expired-attachment","$v":["Maaf, pesan kedaluwarsa pada ",{"t":"idOrVar","v":"date"}," dan tidak dapat diunduh."]},{"$i":"download-attachment","$v":"Unduh"},{"$i":"downloading-attachment","$v":"Mengunduh..."},{"$i":"download-complete","$v":"Unduhan selesai"},{"$i":"unnamed-attachment","$v":"tanpa judul"},{"$i":"mms-label","$v":"MMS"},{"$i":"group-label","$v":"GRUP"},{"$i":"attached-files-too-large","$v":{"few":["Pesan ini melebihi batas ukuran ",{"t":"idOrVar","v":"mmsSize"}," MB dari pesan multimedia tunggal."],"many":["Pesan ini melebihi batas ukuran ",{"t":"idOrVar","v":"mmsSize"}," MB dari pesan multimedia tunggal."],"one":["Pesan ini melebihi batas ukuran ",{"t":"idOrVar","v":"mmsSize"}," MB dari satu pesan multimedia."],"other":["Pesan ini melebihi batas ukuran ",{"t":"idOrVar","v":"mmsSize"}," MB dari pesan multimedia tunggal."],"two":["Pesan ini melebihi batas ukuran ",{"t":"idOrVar","v":"mmsSize"}," MB dari pesan multimedia tunggal."],"zero":["Pesan ini melebihi batas ukuran ",{"t":"idOrVar","v":"mmsSize"}," MB dari pesan multimedia tunggal."]},"$x":[{"t":"idOrVar","v":"plural"},"n"]},{"$i":"resize-image","$v":"Mengubah ukuran gambar terlampir"},{"$i":"no-attachment-text","$v":"Ada masalah dengan file lampiran dan tidak dapat diunduh."},{"$i":"message-draft-saved","$v":"Pesan disimpan sebagai konsep"},{"$i":"sim-id-label","$v":["SIM ",{"t":"idOrVar","v":"id"}]},{"$i":"sim-detail","$v":["SIM ",{"t":"idOrVar","v":"id"},", ",{"t":"idOrVar","v":"detailString"}]},{"$i":"dsds-notification-title-with-sim","$v":["(",{"t":"idOrVar","v":"sim"},") ",{"t":"idOrVar","v":"sender"}]},{"$i":"send-button","ariaLabel":"Kirim"},{"$i":"send-button-sim-indication","$v":[{"t":"idOrVar","v":"n"}],"ariaLabel":["menggunakan SIM ",{"t":"idOrVar","v":"n"}]},{"$i":"expiry-date-format","$v":"%A, %b %e"},{"$i":"attach-button","ariaLabel":"Tambah lampiran"},{"$i":"contact-photo","ariaLabel":"Foto kontak"},{"$i":"unread-thread","ariaLabel":"Belum dibaca"},{"$i":"has-draft","ariaLabel":"Memiliki Draf"},{"$i":"is-draft","ariaLabel":"Konsep"},{"$i":"message-delivery-status-sending","$v":"Mengirim…"},{"$i":"message-delivery-status-delivered","$v":"Terkirim"},{"$i":"message-delivery-status-read","ariaLabel":"Baca"},{"$i":"message-delivery-status-error","ariaLabel":"Kesalahan"},{"$i":"modal-dialog-ok-button","$v":"OK"},{"$i":"modal-dialog-cancel-button","$v":"Batal"},{"$i":"modal-dialog-default-title","$v":"Pesan"},{"$i":"delete-message","$v":"Pesan dihapus"},{"$i":"message-converted-to-toast","$v":["Pesan dikonversikan ke ",{"t":"idOrVar","v":"type"}]},{"$i":"message-sent-toast","$v":"Pesan terkirim"},{"$i":"deleteMessage-confirmation2","$v":"Hapus berkas pesan yang dipilih?"},{"$i":"deleted-message","$v":{"few":[{"t":"idOrVar","v":"n"}," pesan dihapus"],"many":[{"t":"idOrVar","v":"n"}," pesan dihapus"],"one":[{"t":"idOrVar","v":"n"}," pesan dihapus"],"other":[{"t":"idOrVar","v":"n"}," pesan dihapus"],"two":[{"t":"idOrVar","v":"n"}," pesan dihapus"],"zero":"0 pesan dihapus"},"$x":[{"t":"idOrVar","v":"plural"},"n"]},{"$i":"deleted-threads","$v":{"few":[{"t":"idOrVar","v":"n"}," berkas pesan dihapus"],"many":[{"t":"idOrVar","v":"n"}," berkas pesan dihapus"],"one":"Berkas dihapus","other":[{"t":"idOrVar","v":"n"}," berkas pesan dihapus"],"two":[{"t":"idOrVar","v":"n"}," berkas pesan dihapus"],"zero":"0 Berkas dihapus"},"$x":[{"t":"idOrVar","v":"plural"},"n"]},{"$i":"wapPushMessages","$v":"Pesan WAP Push"},{"$i":"auto-retrieve-messages","$v":"Menerima pesan otomatis"},{"$i":"auto-retrieve-messages-title","$v":"Menerima Pesan Otomatis"},{"$i":"auto-roaming-retrieve","$v":"Menyala dengan roaming"},{"$i":"auto-no-roaming-retrieve","$v":"Menyala tanpa roaming"},{"$i":"mmsTitle","$v":"Perpesanan Multimedia (MMS)"},{"$i":"message-delivery-reports","$v":"Laporan pengiriman"},{"$i":"message-delivery-reports-title","$v":"Laporan Pengiriman"},{"$i":"messageReport-title","$v":"Rincian Pesan"},{"$i":"sms-label","$v":"SMS"},{"$i":"messaging-settings","$v":"Pengaturan Perpesanan"},{"$i":"messagingSettings-header","$v":[{"t":"idOrVar","v":"messaging-settings"}]},{"$i":"confirmation-title","$v":"Konfirmasi"},{"$i":"draft-save-content","$v":"Simpan sebagai draf?"},{"$i":"draft-discard-content","$v":"Pesan dibuang"},{"$i":"switch-on","$v":"Aktif"},{"$i":"switch-off","$v":"Mati"},{"$i":"auto-retrieve-desc","$v":"Ambil pesan secara otomatis"},{"$i":"confirm-dialog-ok","$v":"OK"},{"$i":"yes","$v":"Ya"},{"$i":"no","$v":"Tidak"},{"$i":"delete-current-thread?","$v":"Hapus berkas pesan yang dipilih?"},{"$i":"attention","$v":"Perhatian"},{"$i":"delivery-title","$v":"Pesan Teks (SMS)"},{"$i":"send-failed","$v":"Gagal mengirim."},{"$i":"subject-removed","$v":"Subject dihapuskan."},{"$i":"data-storage-limit-alert-title","$v":"Penyimpanan Telepon Penuh"},{"$i":"data-storage-limit-send-body","$v":"Tidak dapat mengirim MMS. Hapus pesan atau buka Pengaturan untuk membebaskan ruang."},{"$i":"data-storage-limit-download-body","$v":"Tidak dapat mengunduh MMS. Hapus pesan atau buka Pengaturan untuk membebaskan ruang."},{"$i":"data-storage-limit-alert-cancel","$v":"Batal"},{"$i":"data-storage-limit-alert-setting","$v":"Pengaturan"},{"$i":"recipient-repeat","$v":"Kontak duplikasi."},{"$i":"email","$v":"Email"},{"$i":"options","$v":"Opsi"},{"$i":"emergency-alert-title","$v":"Peringatan Darurat Nirkabel"},{"$i":"emergency-alert","$v":"Pengingat darurat nirkabel"},{"$i":"wappushNormal","$v":"Wap push"},{"$i":"wappushSIM1","$v":"WAP push - SIM 1"},{"$i":"wappushSIM2","$v":"WAP push - SIM 2"},{"$i":"not-assigned","$v":"Tidak ditetapkan"},{"$i":"switchSIMDataSendAlertTitle","$v":"MMS gagal dikirim."},{"$i":"switchSIMDataSendAlertBody","$v":["Untuk dapat mengirim MMS, Anda perlu mengubah kartu SIM untuk data ke SIM ",{"t":"idOrVar","v":"nonActiveSimId"}," dalam pengaturan Pengelola SIM."]},{"$i":"switchSIMDataSendAlertDesc","$v":"Buka apl Pengaturan untuk memperbarui pengaturan."},{"$i":"switchSIMDataReceiveAlertTitle","$v":"MMS gagal diterima."},{"$i":"switchSIMDataReceiveAlertBody","$v":["Untuk dapat menerima MMS, Anda perlu mengubah kartu SIM untuk data ke SIM ",{"t":"idOrVar","v":"nonActiveSimId"}," dalam pengaturan Pengelola SIM."]},{"$i":"switchSIMDataReceiveAlertDesc","$v":"Buka apl Pengaturan untuk memperbarui pengaturan."},{"$i":"group-message","$v":"Pesan Grup"},{"$i":"individual-message","$v":"Pesan individual"},{"$i":"group-message-alert-title","$v":"Pesan Grup"},{"$i":"group-message-alert-body","$v":"Buat pesan grup? (Pesan grup akan dikirim melalui MMS dan SMS akan menyebabkan biaya tambahan dari Penyedia pesan nirkabel tergantung pada paket layanan.)"},{"$i":"group-message-individual","$v":"Tetap Individual"},{"$i":"group-message-setting","$v":"Buat Grup"},{"$i":"new-message-individual","$v":"Pesan Baru (Individual)"},{"$i":"new-message-group","$v":"Pesan Baru (Grup)"},{"$i":"no-phone-number","$v":"Tidak ditetapkan"},{"$i":"device-phone-number","$v":"Nomor telepon saya"},{"$i":"group-message-phone","$v":"Pesan Grup"},{"$i":"my-phone-number","$v":"Nomor telepon saya"},{"$i":"delivery-notification","$v":"Pesan terkirim"},{"$i":"wait","$v":"menunggu"},{"$i":"isTextTooLongAlert","$v":"Panjang maks pesan terlampaui."},{"$i":"video-call","$v":"Panggilan video"},{"$i":"normal-call","$v":"Panggilan"},{"$i":"attachment","$v":"Lampiran"},{"$i":"limit-MMS-recipients","$v":"Hanya dapat mengirim ke maksimal 20 penerima per MMS."},{"$i":"block-contact","$v":"Blokir kontak"},{"$i":"blocked","$v":"Blokir"},{"$i":"unblocked","$v":"Hapus blokir"},{"$i":"rtt-call","$v":"Panggilan RTT"},{"$i":"remove-all-attachments","$v":"Hapus semua lampiran"},{"$i":"block-confirmation","$v":"Anda tidak akan menerima panggilan telepon, pesan dari orang dalam daftar blokir."},{"$i":"space-low-not-save","$v":"Penyimpanan penuh, tidak dapat menyimpan draf."},{"$i":"sms-encoding-mode","$v":"Penyandian Sms"},{"$i":"sms-reduced-format","$v":"Format Tereduksi"},{"$i":"sms-full-format","$v":"Format Penuh"},{"$i":"smscNormal","$v":"Pusat Servis"},{"$i":"smscSIM1","$v":"Pusat Layanan SIM1"},{"$i":"smscSIM2","$v":"Pusat Layanan SIM2"},{"$i":"withoutDataTitle","$v":"Kegagalan"},{"$i":"withoutDataBody","$v":"Aktifkan Koneksi Data dalam Pengaturan untuk mengirim atau mengunduh MMS"},{"$i":"withoutDataBtnOk","$v":"OK"},{"$i":"withoutDataBtnSettings","$v":"Pengaturan"},{"$i":"weekday-0-long","$v":"Minggu"},{"$i":"weekday-1-long","$v":"Senin"},{"$i":"weekday-2-long","$v":"Selasa"},{"$i":"weekday-3-long","$v":"Rabu"},{"$i":"weekday-4-long","$v":"Kamis"},{"$i":"weekday-5-long","$v":"Jumat"},{"$i":"weekday-6-long","$v":"Sabtu"},{"$i":"weekday-0-short","$v":"Min"},{"$i":"weekday-1-short","$v":"Sen"},{"$i":"weekday-2-short","$v":"Sel"},{"$i":"weekday-3-short","$v":"Rab"},{"$i":"weekday-4-short","$v":"Kam"},{"$i":"weekday-5-short","$v":"Jum"},{"$i":"weekday-6-short","$v":"Sab"},{"$i":"month-0-long","$v":"Januari"},{"$i":"month-1-long","$v":"Februari"},{"$i":"month-2-long","$v":"Maret"},{"$i":"month-3-long","$v":"April"},{"$i":"month-4-long","$v":"Mei"},{"$i":"month-5-long","$v":"Juni"},{"$i":"month-6-long","$v":"Juli"},{"$i":"month-7-long","$v":"Agustus"},{"$i":"month-8-long","$v":"September"},{"$i":"month-9-long","$v":"Oktober"},{"$i":"month-10-long","$v":"November"},{"$i":"month-11-long","$v":"Desember"},{"$i":"month-0-genitive","$v":"Januari"},{"$i":"month-1-genitive","$v":"Februari"},{"$i":"month-2-genitive","$v":"Maret"},{"$i":"month-3-genitive","$v":"April"},{"$i":"month-4-genitive","$v":"Mei"},{"$i":"month-5-genitive","$v":"Juni"},{"$i":"month-6-genitive","$v":"Juli"},{"$i":"month-7-genitive","$v":"Agustus"},{"$i":"month-8-genitive","$v":"September"},{"$i":"month-9-genitive","$v":"Oktober"},{"$i":"month-10-genitive","$v":"November"},{"$i":"month-11-genitive","$v":"Desember"},{"$i":"month-0-short","$v":"Jan"},{"$i":"month-1-short","$v":"Feb"},{"$i":"month-2-short","$v":"Mar"},{"$i":"month-3-short","$v":"Apr"},{"$i":"month-4-short","$v":"Mei"},{"$i":"month-5-short","$v":"Jun"},{"$i":"month-6-short","$v":"Jul"},{"$i":"month-7-short","$v":"Agt"},{"$i":"month-8-short","$v":"Sep"},{"$i":"month-9-short","$v":"Okt"},{"$i":"month-10-short","$v":"Nov"},{"$i":"month-11-short","$v":"Des"},{"$i":"minutes-ago-long","$v":{"few":[{"t":"idOrVar","v":"value"}," menit yang lalu"],"many":[{"t":"idOrVar","v":"value"}," menit yang lalu"],"one":"semenit yang lalu","other":[{"t":"idOrVar","v":"value"}," menit yang lalu"],"two":[{"t":"idOrVar","v":"value"}," menit yang lalu"],"zero":"baru saja"},"$x":[{"t":"idOrVar","v":"plural"},"value"]},{"$i":"hours-ago-long","$v":{"few":[{"t":"idOrVar","v":"value"}," jam yang lalu"],"many":[{"t":"idOrVar","v":"value"}," jam yang lalu"],"one":"sejam yang lalu","other":[{"t":"idOrVar","v":"value"}," jam yang lalu"],"two":[{"t":"idOrVar","v":"value"}," jam yang lalu"],"zero":"baru saja"},"$x":[{"t":"idOrVar","v":"plural"},"value"]},{"$i":"days-ago-long","$v":{"few":[{"t":"idOrVar","v":"value"}," hari yang lalu"],"many":[{"t":"idOrVar","v":"value"}," hari yang lalu"],"one":"kemarin","other":[{"t":"idOrVar","v":"value"}," hari yang lalu"],"two":[{"t":"idOrVar","v":"value"}," hari yang lalu"],"zero":"hari ini"},"$x":[{"t":"idOrVar","v":"plural"},"value"]},{"$i":"weeks-ago-long","$v":{"few":[{"t":"idOrVar","v":"value"}," pekan yang lalu"],"many":[{"t":"idOrVar","v":"value"}," pekan yang lalu"],"one":"pekan lalu","other":[{"t":"idOrVar","v":"value"}," pekan yang lalu"],"two":[{"t":"idOrVar","v":"value"}," pekan yang lalu"],"zero":"pekan ini"},"$x":[{"t":"idOrVar","v":"plural"},"value"]},{"$i":"months-ago-long","$v":{"few":[{"t":"idOrVar","v":"value"}," bulan yang lalu"],"many":[{"t":"idOrVar","v":"value"}," bulan yang lalu"],"one":"bulan lalu","other":[{"t":"idOrVar","v":"value"}," bulan yang lalu"],"two":[{"t":"idOrVar","v":"value"}," bulan yang lalu"],"zero":"bulan ini"},"$x":[{"t":"idOrVar","v":"plural"},"value"]},{"$i":"years-ago-long","$v":{"few":[{"t":"idOrVar","v":"value"}," tahun yang lalu"],"many":[{"t":"idOrVar","v":"value"}," tahun yang lalu"],"one":"tahun lalu","other":[{"t":"idOrVar","v":"value"}," tahun yang lalu"],"two":[{"t":"idOrVar","v":"value"}," tahun yang lalu"],"zero":"tahun ini"},"$x":[{"t":"idOrVar","v":"plural"},"value"]},{"$i":"minutes-until-long","$v":{"few":["dalam ",{"t":"idOrVar","v":"value"}," menit"],"many":["dalam ",{"t":"idOrVar","v":"value"}," menit"],"one":"dalam satu menit","other":["dalam ",{"t":"idOrVar","v":"value"}," menit"],"two":["dalam ",{"t":"idOrVar","v":"value"}," menit"],"zero":"sekarang"},"$x":[{"t":"idOrVar","v":"plural"},"value"]},{"$i":"hours-until-long","$v":{"few":["dalam ",{"t":"idOrVar","v":"value"}," jam"],"many":["dalam ",{"t":"idOrVar","v":"value"}," jam"],"one":"dalam satu jam","other":["dalam ",{"t":"idOrVar","v":"value"}," jam"],"two":["dalam ",{"t":"idOrVar","v":"value"}," jam"],"zero":"sekarang"},"$x":[{"t":"idOrVar","v":"plural"},"value"]},{"$i":"days-until-long","$v":{"few":["dalam ",{"t":"idOrVar","v":"value"}," hari"],"many":["dalam ",{"t":"idOrVar","v":"value"}," hari"],"one":"besok","other":["dalam ",{"t":"idOrVar","v":"value"}," hari"],"two":["dalam ",{"t":"idOrVar","v":"value"}," hari"],"zero":"hari ini"},"$x":[{"t":"idOrVar","v":"plural"},"value"]},{"$i":"weeks-until-long","$v":{"few":["dalam ",{"t":"idOrVar","v":"value"}," pekan"],"many":["dalam ",{"t":"idOrVar","v":"value"}," pekan"],"one":"pekan depan","other":["dalam ",{"t":"idOrVar","v":"value"}," pekan"],"two":["dalam ",{"t":"idOrVar","v":"value"}," pekan"],"zero":"pekan ini"},"$x":[{"t":"idOrVar","v":"plural"},"value"]},{"$i":"months-until-long","$v":{"few":["dalam ",{"t":"idOrVar","v":"value"}," bulan"],"many":["dalam ",{"t":"idOrVar","v":"value"}," bulan"],"one":"bulan depan","other":["dalam ",{"t":"idOrVar","v":"value"}," bulan"],"two":["dalam ",{"t":"idOrVar","v":"value"}," bulan"],"zero":"bulan ini"},"$x":[{"t":"idOrVar","v":"plural"},"value"]},{"$i":"years-until-long","$v":{"few":["dalam ",{"t":"idOrVar","v":"value"}," tahun"],"many":["dalam ",{"t":"idOrVar","v":"value"}," tahun"],"one":"tahun depan","other":["dalam ",{"t":"idOrVar","v":"value"}," tahun"],"two":["dalam ",{"t":"idOrVar","v":"value"}," tahun"],"zero":"tahun ini"},"$x":[{"t":"idOrVar","v":"plural"},"value"]},{"$i":"minutes-ago-short","$v":{"other":[{"t":"idOrVar","v":"value"},"menit yang lalu"],"zero":"baru saja"},"$x":[{"t":"idOrVar","v":"plural"},"value"]},{"$i":"hours-ago-short","$v":{"other":[{"t":"idOrVar","v":"value"},"j yang lalu"],"zero":"baru saja"},"$x":[{"t":"idOrVar","v":"plural"},"value"]},{"$i":"days-ago-short","$v":{"other":[{"t":"idOrVar","v":"value"},"h yang lalu"],"zero":"hari ini"},"$x":[{"t":"idOrVar","v":"plural"},"value"]},{"$i":"minutes-until-short","$v":{"other":["dalam ",{"t":"idOrVar","v":"value"},"m"],"zero":"sekarang"},"$x":[{"t":"idOrVar","v":"plural"},"value"]},{"$i":"hours-until-short","$v":{"other":["dalam ",{"t":"idOrVar","v":"value"},"j"],"zero":"sekarang"},"$x":[{"t":"idOrVar","v":"plural"},"value"]},{"$i":"days-until-short","$v":{"other":["dalam ",{"t":"idOrVar","v":"value"},"h"],"zero":"hari ini"},"$x":[{"t":"idOrVar","v":"plural"},"value"]},{"$i":"dateTimeFormat_%c","$v":"%a %b %e %Y %I:%M:%S %p"},{"$i":"dateTimeFormat_%x","$v":"%m/%d/%Y"},{"$i":"dateTimeFormat_%X","$v":"%I:%M:%S %p"},{"$i":"shortTimeFormat","$v":"%I:%M %p"},{"$i":"shortTimeFormat12","$v":"%I:%M %p"},{"$i":"shortTimeFormat24","$v":"%H:%M"},{"$i":"shortDateTimeFormat","$v":"%x %I:%M %p"},{"$i":"weekStartsOnMonday","$v":"0.0"},{"$i":"firstDayOfTheWeek","$v":"0.0"},{"$i":"time_am","$v":"AM"},{"$i":"time_pm","$v":"PM"},{"$i":"softkey-options","$v":"Opsi"},{"$i":"emergencyNumber","$v":"Nomor darurat"},{"$i":"callAirplaneModeMessage","$v":"Untuk melakukan panggilan Anda perlu mematikan mode pesawat terbang di pengaturan."},{"$i":"callAirplaneModeBtnOk","$v":"OK"},{"$i":"callAirplaneModeTitle","$v":"Mode pesawat terbang aktif"},{"$i":"numberIsBusyTitle","$v":"Nomor sedang sibuk"},{"$i":"numberIsBusyMessage","$v":"Nomor sedang sibuk. Silakan coba sesaat lagi."},{"$i":"fdnIsActiveTitle","$v":"NPT aktif"},{"$i":"fdnIsActiveMessage","$v":["FDN (Fixed Dialing Numbers) diaktifkan dan nomor berikut tidak dalam daftar NPT Anda: ",{"t":"idOrVar","v":"number"}]},{"$i":"emergencyDialogBodyBadNumber","$v":"Untuk melakukan panggilan, ponsel harus tersambung ke jaringan."},{"$i":"emergencyDialogBodyDeviceNotAccepted","$v":"Panggilan darurat tidak diizinkan oleh jaringan."},{"$i":"emergencyDialogBtnOk","$v":"OK"},{"$i":"emergencyDialogTitle","$v":"Tidak ada koneksi jaringan"},{"$i":"invalidNumberToDialTitle","$v":"Nomor telepon tidak valid"},{"$i":"invalidNumberToDialMessage","$v":"Nomor telepon yang ada panggil tidak valid."},{"$i":"unableToCallTitle","$v":"Tidak dapat menelepon"},{"$i":"unableToCallMessage","$v":"Tidak dapat melakukan panggilan telepon sekarang."},{"$i":"otherConnectionInUseTitle","$v":"Koneksi lain sedang digunakan"},{"$i":"otherConnectionInUseMessage","$v":"Anda memiliki panggilan aktif di koneksi lain. Anda hanya dapat menggunakan satu koneksi pada satu waktu."},{"$i":"connectingEllipsis","$v":"Menyambungkan..."}]