[{"$i":"messages","$v":"შეტყობინება"},{"$i":"deleteMessages-title","$v":"არჩევა"},{"$i":"selectThreads-title","$v":"არჩევა"},{"$i":"edit","$v":"რედაქტირება"},{"$i":"back","$v":"უკან"},{"$i":"cancel","$v":"გაუქმება"},{"$i":"delete","$v":"წაშლა"},{"$i":"deleting-messages","$v":"წაშლა…"},{"$i":"deselect","$v":"მონიშვნის მოხსნა"},{"$i":"selected-threads","$v":{"few":[{"t":"idOrVar","v":"n"}," არჩეული"],"many":[{"t":"idOrVar","v":"n"}," არჩეული"],"one":[{"t":"idOrVar","v":"n"}," არჩეული"],"other":[{"t":"idOrVar","v":"n"}," არჩეული"],"two":[{"t":"idOrVar","v":"n"}," არჩეული"],"zero":"0 არჩეულია"},"$x":[{"t":"idOrVar","v":"plural"},"n"]},{"$i":"selected-messages","$v":{"few":[{"t":"idOrVar","v":"n"}," არჩეული"],"many":[{"t":"idOrVar","v":"n"}," არჩეული"],"one":[{"t":"idOrVar","v":"n"}," არჩეული"],"other":[{"t":"idOrVar","v":"n"}," არჩეული"],"two":[{"t":"idOrVar","v":"n"}," არჩეული"],"zero":"0 არჩეულია"},"$x":[{"t":"idOrVar","v":"plural"},"n"]},{"$i":"selectThreads-label","$v":"აირჩიეთ თემები"},{"$i":"selectMessages-label","$v":"აირჩიეთ შეტყობინებები"},{"$i":"new-message","$v":"ახალი შეტყობინება"},{"$i":"delete-thread","$v":"მიმოწერის წაშლა"},{"$i":"create-new-contact","$v":"ახალი კონტაქ. შექმნა"},{"$i":"add-to-contact","$v":"არს. კონტაქტზე დამატება"},{"$i":"select-thread","$v":"აირჩიეთ თემა"},{"$i":"settings","$v":"პარამეტრები"},{"$i":"select-all","$v":"ყველას არჩევა"},{"$i":"deselect-all","$v":"ყველა მონიშვნის მოხსნა"},{"$i":"select","$v":"არჩევა"},{"$i":"sk-save-as-draft","$v":"მონახაზად შენახვა"},{"$i":"next","$v":"შემდეგი"},{"$i":"send","$v":"გაგზავნა"},{"$i":"add-contact","$v":"კონტაქტის დამატება"},{"$i":"add-suggestion","$v":"არჩევა"},{"$i":"add-subject","$v":"საგნის დამატება"},{"$i":"remove-subject","$v":"სუბიექტის წაშლა"},{"$i":"add-attachment","$v":"დანართის დამატება"},{"$i":"remove-attachment","$v":"დანართის წაშლა"},{"$i":"replace-attachment","$v":"დანართის ჩანაცვლება"},{"$i":"select-messages","$v":"აირჩიეთ შეტყობინებები"},{"$i":"call","$v":"ზარი"},{"$i":"forward","$v":"გადამისამართება"},{"$i":"view-message-report","$v":"შეტყ. დეტალების ნახვა"},{"$i":"cancel-view-report","$v":"გაუქმება"},{"$i":"ok","$v":"OK"},{"$i":"enter","$v":"შესვლა"},{"$i":"open","$v":"გახსნა"},{"$i":"to","$v":"ვისთან"},{"$i":"new","$v":"ახალი"},{"$i":"message","$v":"შეტყობინება"},{"$i":"messagesInput_placeholder","$v":"შეტყობინება"},{"$i":"messagesSubjectInput_placeholder","$v":"თემა"},{"$i":"subjectComposerInput_placeholder","$v":"თემა"},{"$i":"converted-to-mms","$v":"მულტიმედია შეტყობინებაზე გარდაქმნა."},{"$i":"converted-to-sms","$v":"ტექსტურ შეტყობინებაზე გარდაქმნა."},{"$i":"messages-max-length-text","$v":"თქვენ მიაღწიეთ მაქსიმალურ სიგრძეს."},{"$i":"messages-max-subject-length-text","$v":"სუბიექტის მაქსიმალური სიგრძე მიღწეულია."},{"$i":"multimedia-message-exceeded-max-length","$v":["ეს შეტყობინება აღემატება ",{"t":"idOrVar","v":"mmsSize"}," ერთ მულტიმედიურ გზავნილს MB ზომის ლიმიტს."]},{"$i":"newMessage","$v":"ახალი შეტყობინება"},{"$i":"sendMessage","$v":"გააგზავნე შეტყობინება"},{"$i":"sendMMSToEmail","$v":"გააგზავნე მულტიმ. შეტყობ."},{"$i":"no-recipient","$v":"(მიმღები არ არის)"},{"$i":"recipient","$v":{"few":[{"t":"idOrVar","v":"n"}," მიმღები"],"many":[{"t":"idOrVar","v":"n"}," მიმღები"],"one":[{"t":"idOrVar","v":"n"}," მიმღები"],"other":[{"t":"idOrVar","v":"n"}," მიმღები"],"two":[{"t":"idOrVar","v":"n"}," მიმღები"]},"$x":[{"t":"idOrVar","v":"plural"},"n"]},{"$i":"attachmentSizeB","$v":[{"t":"idOrVar","v":"n"}," ბ"]},{"$i":"attachmentSizeKB","$v":[{"t":"idOrVar","v":"n"}," კბ"]},{"$i":"attachmentSizeMB","$v":[{"t":"idOrVar","v":"n"}," მბ"]},{"$i":"attachmentOpenError","$v":"არ არსებობს აპლიკაცია ამ ტიპის ფაილის გასახსნელად."},{"$i":"remove","$v":"ამოშლა"},{"$i":"participant","$v":{"few":[{"t":"idOrVar","v":"n"}," მონაწილე"],"many":[{"t":"idOrVar","v":"n"}," მონაწილე"],"one":[{"t":"idOrVar","v":"n"}," მონაწილე"],"other":[{"t":"idOrVar","v":"n"}," მონაწილე"],"two":[{"t":"idOrVar","v":"n"}," მონაწილე"]},"$x":[{"t":"idOrVar","v":"plural"},"n"]},{"$i":"message-report","$v":"შეტყობინების ანგარიში"},{"$i":"message-type-sms","$v":"ტექსტური შეტყობინება (SMS)"},{"$i":"message-type-mms","$v":"მულტიმედია შეტყობინება (MMS)"},{"$i":"sms-report-description","$v":["თქვენი ტექსტური შეტყობინება (MMS), გაიგზავნა ",{"t":"idOrVar","v":"datetime"}]},{"$i":"mms-report-description","$v":["თქვენი მულტიმედიური შეტყობინება (MMS), საგანი ",{"t":"idOrVar","v":"subject"},", გაიგზავნა ",{"t":"idOrVar","v":"datetime"}]},{"$i":"mms-no-subject-report-description","$v":["თქვენი მულტიმედიური შეტყობინება (MMS), გაიგზავნა ",{"t":"idOrVar","v":"datetime"}]},{"$i":"message-subject","$v":"საგანი:"},{"$i":"report-status-error","$v":"შეტყობინების გაგზავნა შეუძლებელია"},{"$i":"report-status-not-downloaded","$v":"ჩამოტვირთული არ არის"},{"$i":"report-status-delivered","$v":"მიწოდებულია:"},{"$i":"report-status-read","$v":"კთხვა:"},{"$i":"report-status-pending","$v":"ანგარიშის მოთხოვნა"},{"$i":"report-status-rejected","$v":"შეტყობინება უარყოფილია"},{"$i":"message-size-was","$v":"შეტყობინების ზომა:"},{"$i":"report-to-title","$v":"იმისათვის, რომ"},{"$i":"report-from-title","$v":"გამომგზავნი"},{"$i":"message-sent","$v":"გაგზავნილი:"},{"$i":"message-sending","$v":[{"t":"idOrVar","v":"message-delivery-status-sending"}]},{"$i":"message-received","$v":"მღებული:"},{"$i":"message-via","$v":"საშუალებით:"},{"$i":"message-resend","$v":"ხელ. გაგზ."},{"$i":"search","$v":"ძებნა"},{"$i":"unknown-contact-title","$v":"უცნობი კონტაქტი"},{"$i":"phone-type-separator","$v":", "},{"$i":"phone-carrier-separator","$v":" "},{"$i":"thread-participant-separator","$v":", "},{"$i":"replace-draft","$v":"არსებული მონახაზის ჩანაცვლება"},{"$i":"save-as-draft","$v":"შენახვა"},{"$i":"discard-message","$v":"გაუქმება"},{"$i":"discard-sms","$v":"დარწმუნებული ხართ, რომ გსურთ ამ შეტყობინების გაუქმება?"},{"$i":"discard-new-message","$v":"გავაუქმოთ მესიჯი, რომელსაც კრეფთ და გავხსნათ ახალი შეტყობინების ფანჯარა?"},{"$i":"resend-confirmation","$v":"შეტყობინების გაგზავნა შეუძლებელია. კიდევ ვცადო?"},{"$i":"resend-message","$v":"ხელ. გააგზავნე ეს შეტყობინება"},{"$i":"deleteMessage-confirmation","$v":"წავშალო არჩეული შეტყობინება?"},{"$i":"deleteMessages-confirmation","$v":"წავშალოთ არჩეული შეტყობინებები?"},{"$i":"deleteThreads-confirmation2","$v":{"one":"წავშალო არჩეული შეტყობინების მიმოწერა?","other":"წავშალო არჩეული შეტყობინების მიმოწერები?"},"$x":[{"t":"idOrVar","v":"plural"},"n"]},{"$i":"new-message-notice-text","$v":"ახალი შეტყ. გამომგზ."},{"$i":"new-message-notice-a-text","$v":"წაიკითხე"},{"$i":"noMessages-title","$v":"შეტყობინებები არ არის"},{"$i":"noMessages-text","$v":"კომუნიკ. დასაწყებად, დააჭირეთ ღილაკს „ახალი“."},{"$i":"sendDefaultErrorTitle","$v":"პირადი წარუმატებლობა"},{"$i":"sendDefaultErrorBody","$v":"შეტყობინების გაგზავნისას პრობლემა წარმოიშვა. გთხოვთ, კიდევ სცადოთ."},{"$i":"sendDefaultErrorBtnOk","$v":"OK"},{"$i":"sendMissingSimCardTitle","$v":"პირადი წარუმატებლობა"},{"$i":"sendMissingSimCardBody","$v":"გასაგრძელებლად, ჩასვით მოქმედი SIM ბარათი."},{"$i":"sendMissingSimCardBtnOk","$v":"OK"},{"$i":"sendFlightModeTitle","$v":"პირადი წარუმატებლობა"},{"$i":"sendFlightModeBody","$v":"შეტყ. გასაგზავნად, გამორთეთ ფრენის რეჟიმი."},{"$i":"sendFlightModeBtnOk","$v":"OK"},{"$i":"radioDisabledToDownloadTitle","$v":"ჩამოტვირთვა ვერ მოხერხდა"},{"$i":"radioDisabledToDownloadBody","$v":"დანართების ჩამოსატვირთად, გამორთეთ ფრენის რეჟიმი."},{"$i":"radioDisabledToDownloadBtnOk","$v":[{"t":"idOrVar","v":"sendFlightModeBtnOk"}]},{"$i":"downloadDefaultErrorTitle","$v":"ჩამოტვირთვა ვერ მოხერხდა"},{"$i":"downloadDefaultErrorBody","$v":"შეტყობინება ჩამოტვირთვისას წარმოიქმნა პრობლემა. Გთხოვთ კიდევ სცადეთ."},{"$i":"downloadDefaultErrorBtnOk","$v":[{"t":"idOrVar","v":"sendDefaultErrorBtnOk"}]},{"$i":"fdnErrorTitle","$v":"პირადი წარუმატებლობა"},{"$i":"needConnectWifiBody","$v":"მობილური მონაცემების ქსელი ხელმისაწვდომი არ არის. დაუკავშირდით ხელმისაწვდომი Wi-Fi ქსელს შეტყობინების გასაგზავნად."},{"$i":"needConnectWifiTitle","$v":"შეტყობინება არ გაიგზავნა"},{"$i":"mmsChanelUsedBody","$v":"MMS იგზავნება არა-DDS დაბ. სიხშირით, გთხოვთ, დაიცადოთ, სანამ გაგზავნის პროცესი არ დასრულდება."},{"$i":"mmsChanelUsedTitle","$v":"გამოყ. MMS არხი"},{"$i":"sms-counter-notice-label","$v":["SMS-ის რედაქტირება ",{"t":"idOrVar","v":"number"}]},{"$i":"fdnErrorBody","$v":{"one":"FDN (Fixed Dialing Numbers) is activated. Make sure the SMS center and the following recipient are in your FDN list.","two":"FDN (Fixed Dialing Numbers) is activated. Make sure the SMS center and the following recipients are in your FDN list.","few":"FDN (Fixed Dialing Numbers) is activated. Make sure the SMS center and the following recipients are in your FDN list.","many":"FDN (Fixed Dialing Numbers) is activated. Make sure the SMS center and the following recipients are in your FDN list.","other":"FDN (Fixed Dialing Numbers) is activated. Make sure the SMS center and the following recipients are in your FDN list."},"$x":[{"t":"idOrVar","v":"plural"},"n"]},{"$i":"fdnErrorBtnOk","$v":"OK"},{"$i":"sendNoSignalErrorTitle","$v":"პირადი წარუმატებლობა"},{"$i":"sendNoSignalErrorBody","$v":"დარწმუნდით, რომ გაქვთ მობილური სიგნალი და კიდევ სცადეთ."},{"$i":"sendNoSignalErrorBtnOk","$v":"OK"},{"$i":"sendNotFoundErrorTitle","$v":"პირადი წარუმატებლობა"},{"$i":"sendNotFoundErrorBody","$v":"შეტყობინება, რომელსაც ეძებთ, აღარ არის ხელმისაწვდომი."},{"$i":"sendNotFoundErrorBtnOk","$v":"OK"},{"$i":"sendInvalidAddressErrorTitle","$v":"პირადი წარუმატებლობა"},{"$i":"sendInvalidAddressErrorBody","$v":"დარწმუნდით, რომ მობილური ნომერი, რომელზეც აგზავნით, სწორია."},{"$i":"sendInvalidAddressErrorBtnOk","$v":"OK"},{"$i":"simNotMatchedErrorTitle","$v":"ჩამოტვირთვა შეუძლებელია"},{"$i":"simNotMatchedErrorBody","$v":"გთხოვთ, დარწმუნდეთ, რომ ჩადებული SIM ბარათი სწორედ ის ბარათია, რომელიც გამოიყენეთ ამ შეტყობინების მისაღებად."},{"$i":"simNotMatchedErrorBtnOk","$v":"OK"},{"$i":"netWorkErrorTitle","$v":"კავშირი არ არის"},{"$i":"netWorkErrorBody","$v":"ქსელს რაღაც პრობლემა აქვს, გთხოვთ ჯერ შეამოწმოთ."},{"$i":"netWorkErrorBtnOk","$v":"კარგი"},{"$i":"deleted-sms","$v":"ეს შეტყობინება უკვე წაიშალა."},{"$i":"view-attachment-image","$v":"ნახვა"},{"$i":"view-attachment-audio","$v":"მოსმენა"},{"$i":"view-attachment-video","$v":"ნახვა"},{"$i":"view-attachment-other","$v":"ნახვა"},{"$i":"remove-attachment-image","$v":"გამოსახულების წაშლა"},{"$i":"remove-attachment-audio","$v":"აუდიო ფაილის წაშლა"},{"$i":"remove-attachment-video","$v":"ვიდეოს წაშლა"},{"$i":"remove-attachment-other","$v":"დანართის წაშლა"},{"$i":"replace-attachment-image","$v":"გამოსახულების ჩანაცვლება"},{"$i":"replace-attachment-audio","$v":"ხმის ჩანაცვლება"},{"$i":"replace-attachment-video","$v":"ვიდეოს ჩანაცვლება"},{"$i":"replace-attachment-other","$v":"დანართის ჩანაცვლება"},{"$i":"unsent-message-title","$v":"გაუგზავნელი შეტყ."},{"$i":"unsent-message-description","$v":"თქვენი წინა შეტყობინება არ გაიგზავნა. გსურთ, შეცვალოთ გაუგზავნელი შეტყობინება ან გააუქმოთ ის და გააგრძელოთ?"},{"$i":"unsent-message-option-edit","$v":"რედაქტირება"},{"$i":"unsent-message-option-discard","$v":"გაუქმება"},{"$i":"message-options","$v":"შეტყობინების ოფციები"},{"$i":"select-text","$v":"აირჩიეთ ტექსტი"},{"$i":"mobile","$v":"მობილური"},{"$i":"home","$v":"სახლი"},{"$i":"work","$v":"სამუშაო"},{"$i":"personal","$v":"პირადი"},{"$i":"faxHome","$v":"ფაქსი სახლი"},{"$i":"faxOffice","$v":"ფაქსი ოფისი"},{"$i":"faxOther","$v":"ფაქსი სხვა"},{"$i":"another","$v":"სხვა"},{"$i":"other","$v":"სხვა"},{"$i":"today","$v":"დღეს"},{"$i":"yesterday","$v":"გუშინ"},{"$i":"incorrectDate","$v":"(არასწორი თარიღი)"},{"$i":"addToExistingContact","$v":"არს. კონტაქტზე დამატება"},{"$i":"createNewContact","$v":"ახალი კონტაქ. შექმნა"},{"$i":"viewContact","$v":"კონტაქტის ნახვა"},{"$i":"sendEmail","$v":"გააგზავნე ელწერილი"},{"$i":"mms-message","$v":"MMS შეტყობინება"},{"$i":"notDownloaded-title","$v":"შეტყობინება ჯერ ჩამოტვირთული არ არის."},{"$i":"tobedownloaded-attachment","$v":["თქვენ მიიღეთ მულტიმედიური შეტყობინება, დააჭირეთ “ჩამოტვირთვას” მისი შიგთავსის ჩასატვირთად ",{"t":"idOrVar","v":"date"},"-მდე."]},{"$i":"expired-attachment","$v":["ბოდიშს გიხდით, შეტყობინების ვადა ამოიწურა ",{"t":"idOrVar","v":"date"}," და მისი ჩამოტვირთვა შეუძლებელია."]},{"$i":"download-attachment","$v":"ჩამოტვირთვა"},{"$i":"downloading-attachment","$v":"ჩამოტვირთვა…"},{"$i":"download-complete","$v":"ჩამოტვირთვა დას."},{"$i":"unnamed-attachment","$v":"უსათაურო"},{"$i":"mms-label","$v":"MMS"},{"$i":"group-label","$v":"ჯგუფი"},{"$i":"attached-files-too-large","$v":{"few":["ეს შეტყობინებები აღემატება ",{"t":"idOrVar","v":"mmsSize"}," ერთი მულტიმედიური შეტყობინების მბ ზომის ლიმიტს."],"many":["ეს შეტყობინებები აღემატება ",{"t":"idOrVar","v":"mmsSize"}," ერთი მულტიმედიური შეტყობინების მბ ზომის ლიმიტს."],"one":["თქვენ მიერ არჩეული ფაილი აღემატება ",{"t":"idOrVar","v":"mmsSize"}," კბ ერთი მულტიმედიური შეტყობინების ზომის ლიმიტს."],"other":["ეს შეტყობინებები აღემატება ",{"t":"idOrVar","v":"mmsSize"}," ერთი მულტიმედიური შეტყობინების მბ ზომის ლიმიტს."],"two":["ეს შეტყობინებები აღემატება ",{"t":"idOrVar","v":"mmsSize"}," ერთი მულტიმედიური შეტყობინების მბ ზომის ლიმიტს."],"zero":["ეს შეტყობინებები აღემატება ",{"t":"idOrVar","v":"mmsSize"}," ერთი მულტიმედიური შეტყობინების მბ ზომის ლიმიტს."]},"$x":[{"t":"idOrVar","v":"plural"},"n"]},{"$i":"resize-image","$v":"დართული გამოსახ. ზომის შეცვლა"},{"$i":"no-attachment-text","$v":"პრობლემა არსებობს მიბმულ ფაილთან დაკავშირებით და შეუძლებელია მისი ჩამოტვირთვა."},{"$i":"message-draft-saved","$v":"შეტყობინება შეინახა მონახაზად"},{"$i":"sim-id-label","$v":["SIM",{"t":"idOrVar","v":"id"}]},{"$i":"sim-detail","$v":["SIM ",{"t":"idOrVar","v":"id"},", ",{"t":"idOrVar","v":"detailString"}]},{"$i":"dsds-notification-title-with-sim","$v":["(",{"t":"idOrVar","v":"sim"},") ",{"t":"idOrVar","v":"sender"}]},{"$i":"send-button","ariaLabel":"გაგზავნა"},{"$i":"send-button-sim-indication","$v":[{"t":"idOrVar","v":"n"}],"ariaLabel":["SIM ",{"t":"idOrVar","v":"n"},"-ის გამოყენება"]},{"$i":"expiry-date-format","$v":"%A, %b %e"},{"$i":"attach-button","ariaLabel":"დანართის დამატება"},{"$i":"contact-photo","ariaLabel":"კონტაქტის ფოტო"},{"$i":"unread-thread","ariaLabel":"წაუკითხავი"},{"$i":"has-draft","ariaLabel":"აქვს მონახაზი"},{"$i":"is-draft","ariaLabel":"მონახ."},{"$i":"message-delivery-status-sending","$v":"გაგზავნა…"},{"$i":"message-delivery-status-delivered","$v":"მიწოდებულია"},{"$i":"message-delivery-status-read","ariaLabel":"წაკითხვა"},{"$i":"message-delivery-status-error","ariaLabel":"შეცდომა"},{"$i":"modal-dialog-ok-button","$v":"OK"},{"$i":"modal-dialog-cancel-button","$v":"გაუქმება"},{"$i":"modal-dialog-default-title","$v":"შეტყობინებები"},{"$i":"delete-message","$v":"შეტყობინება წაშლილია"},{"$i":"message-converted-to-toast","$v":["შეტყობინება გარდაიქმნა ",{"t":"idOrVar","v":"type"},"-დ"]},{"$i":"message-sent-toast","$v":"შეტყობინება გაიგზავნა"},{"$i":"deleteMessage-confirmation2","$v":"წავშალო არჩეული შეტყობინების მიმოწერა?"},{"$i":"deleted-message","$v":{"few":[{"t":"idOrVar","v":"n"}," შეტყობინება წაშლილია"],"many":[{"t":"idOrVar","v":"n"}," შეტყობინება წაშლილია"],"one":[{"t":"idOrVar","v":"n"}," შეტყობინება წაშლილია"],"other":[{"t":"idOrVar","v":"n"}," შეტყობინება წაშლილია"],"two":[{"t":"idOrVar","v":"n"}," შეტყობინება წაშლილია"],"zero":"0 შეტყობინება წაშლილია"},"$x":[{"t":"idOrVar","v":"plural"},"n"]},{"$i":"deleted-threads","$v":{"few":[{"t":"idOrVar","v":"n"}," მიმოწერა წაშლილია"],"many":[{"t":"idOrVar","v":"n"}," მიმოწერა წაშლილია"],"one":"თემა წაშლილია","other":[{"t":"idOrVar","v":"n"}," მიმოწერა წაშლილია"],"two":[{"t":"idOrVar","v":"n"}," მიმოწერა წაშლილია"],"zero":"0 მიმოწერა წაშლილია"},"$x":[{"t":"idOrVar","v":"plural"},"n"]},{"$i":"wapPushMessages","$v":"WAP ღილაკის შეტყ."},{"$i":"auto-retrieve-messages","$v":"შეტყობინებების ავტომატური ჩატვირთვა"},{"$i":"auto-retrieve-messages-title","$v":"შეტყობინებების ავტომატური ჩატვირთვა"},{"$i":"auto-roaming-retrieve","$v":"ჩართულია როუმინგთან ერთად"},{"$i":"auto-no-roaming-retrieve","$v":"ჩართულია როუმინგის გარეშე"},{"$i":"mmsTitle","$v":"მულტიმედია შეტყობინების გაგზავნა (MMS)"},{"$i":"message-delivery-reports","$v":"მიწოდების ოქმები"},{"$i":"message-delivery-reports-title","$v":"მიწოდების ოქმები"},{"$i":"messageReport-title","$v":"შეტყობინების დეტალები"},{"$i":"sms-label","$v":"SMS"},{"$i":"messaging-settings","$v":"შეტყობინების პარამეტრები"},{"$i":"messagingSettings-header","$v":[{"t":"idOrVar","v":"messaging-settings"}]},{"$i":"confirmation-title","$v":"დადასტურება"},{"$i":"draft-save-content","$v":"შევინახო მონახაზად?"},{"$i":"draft-discard-content","$v":"შეტყობინება გაუქმებულია"},{"$i":"switch-on","$v":"ჩართული"},{"$i":"switch-off","$v":"გამორთული"},{"$i":"auto-retrieve-desc","$v":"ავტომატურად ჩატვირთული შეტყობინებები"},{"$i":"confirm-dialog-ok","$v":"კარგი"},{"$i":"yes","$v":"დიახ"},{"$i":"no","$v":"არა"},{"$i":"delete-current-thread?","$v":"წავშალო არჩეული შეტყობინების მიმოწერა?"},{"$i":"attention","$v":"ყურადღება"},{"$i":"delivery-title","$v":"ტექსტ. შეტყ. (SMS)"},{"$i":"send-failed","$v":"გაგზავნა ვერ მოხერხდა."},{"$i":"subject-removed","$v":"საგანი წაშლილია."},{"$i":"data-storage-limit-alert-title","$v":"ტელეფონის მეხსიერება სავსეა."},{"$i":"data-storage-limit-send-body","$v":"MMS ვერ იგზავნება. წაშალეთ შეტყობინებები ან გახსენით პარამეტრები ადგილის გასათავისუფლებლად."},{"$i":"data-storage-limit-download-body","$v":"MMS-ის ჩამოტვირთვა ვერ ხერხდება. წაშალეთ შეტყობინებები ან გახსენით პარამეტრები ადგილის გასათავისუფლებლად."},{"$i":"data-storage-limit-alert-cancel","$v":"გაუქმება"},{"$i":"data-storage-limit-alert-setting","$v":"პარამ."},{"$i":"recipient-repeat","$v":"კონტაქტის გაორმაგება."},{"$i":"email","$v":"ელფოსტა"},{"$i":"options","$v":"ვარიანტები"},{"$i":"emergency-alert-title","$v":"საგანგებო სიგნალები"},{"$i":"emergency-alert","$v":"საგანგებო სიგნალები"},{"$i":"wappushNormal","$v":"WAP ღილაკი"},{"$i":"wappushSIM1","$v":"WAP ღილაკი — SIM 1"},{"$i":"wappushSIM2","$v":"WAP ღილაკი — SIM 2"},{"$i":"not-assigned","$v":"დანიშნ. არ არის"},{"$i":"switchSIMDataSendAlertTitle","$v":"MMS-ის გაგზ. ვერ მოხერხდა."},{"$i":"switchSIMDataSendAlertBody","$v":["MMS-ის გასაგზავნად, თქვენ უნდა შეცვალოთ SIM ბარათი SIM მონაცემებზე ",{"t":"idOrVar","v":"nonActiveSimId"}," „SIM მმართველის“ პარამეტრებში."]},{"$i":"switchSIMDataSendAlertDesc","$v":"პარამეტრების განსაახლებლად, გთხოვთ გადახვიდეთ „პარამეტრების“ პროგრამაში."},{"$i":"switchSIMDataReceiveAlertTitle","$v":"MMS-ის მიღება ვერ მოხერხდა."},{"$i":"switchSIMDataReceiveAlertBody","$v":["MMS-ის მისაღებად, თქვენ უნდა შეცვალოთ SIM ბარათი SIM მონაცემებზე ",{"t":"idOrVar","v":"nonActiveSimId"}," „SIM მმართველის“ პარამეტრებში."]},{"$i":"switchSIMDataReceiveAlertDesc","$v":"პარამეტრების განსაახლებლად, გთხოვთ გადახვიდეთ „პარამეტრების“ პროგრამაში."},{"$i":"group-message","$v":"ჯგუფური შეტყობინება"},{"$i":"individual-message","$v":"ინდივიდუალური შეტყობინება"},{"$i":"group-message-alert-title","$v":"ჯგუფური შეტყობინება"},{"$i":"group-message-alert-body","$v":"შევქმნა ჯგუფური შეტყობინება? (ჯგუფური შეტყობინება გაიგზავნება MMS, ხოლო SMS გამოიწვევს დამატებით ხარჯებს შეტყობინების უსადენო პროვაიდერისგან მომსახურების გეგმის მიხედვით.)"},{"$i":"group-message-individual","$v":"დაიცავით ინდივიდუალობა"},{"$i":"group-message-setting","$v":"შექმენით ჯგუფი"},{"$i":"new-message-individual","$v":"ახალი შეტყ. (ინდივიდუალური)"},{"$i":"new-message-group","$v":"ახალი შეტყ. (ჯგუფი)"},{"$i":"no-phone-number","$v":"განსაზღვრული არ არის"},{"$i":"device-phone-number","$v":"ჩემი ტელეფონის ნომერი"},{"$i":"group-message-phone","$v":"ჯგუფური შეტყობინებები"},{"$i":"my-phone-number","$v":"ჩემი ტელეფონის ნომერი"},{"$i":"delivery-notification","$v":"შეტყობინება მიწოდებულია"},{"$i":"wait","$v":"მოლოდინის რეჟიმში"},{"$i":"isTextTooLongAlert","$v":"წერილის მაქს. სიგრძე გადაჭარბებულია."},{"$i":"video-call","$v":"ვიდ. ზარი"},{"$i":"normal-call","$v":"ზარი"},{"$i":"attachment","$v":"მიმაგრება"},{"$i":"limit-MMS-recipients","$v":"MMS შეგიძლიათ გაუგზავნოთ მხოლოდ 20-მდე მიმღებს."},{"$i":"block-contact","$v":"კონტაქტის დაბლოკვა"},{"$i":"blocked","$v":"დაბლოკვა"},{"$i":"unblocked","$v":"განბლოკვა"},{"$i":"rtt-call","$v":"RTT ზარი"},{"$i":"remove-all-attachments","$v":"წაშალეთ ყველა დანართი"},{"$i":"block-confirmation","$v":"თქვენ ვერ მიიღებთ სატელეფონო ზარებს, წერილებს დაბლოკილ სიაში მყოფი პირებისგან."},{"$i":"space-low-not-save","$v":"მეხსიერება სავსეა, მონახაზი ვერ შეინახა."},{"$i":"sms-encoding-mode","$v":"Sms კოდირება"},{"$i":"sms-reduced-format","$v":"შემცირებული ფორმატი"},{"$i":"sms-full-format","$v":"სრული ფორმატი"},{"$i":"smscNormal","$v":"სერვის ცენტრი"},{"$i":"smscSIM1","$v":"სერვის ცენტრი SIM1"},{"$i":"smscSIM2","$v":"სერვის ცენტრი SIM2"},{"$i":"withoutDataTitle","$v":"ვერ შესრულდა"},{"$i":"withoutDataBody","$v":"გაააქტიურეთ მონაცემთა კავშირი პარამეტრებში, რომ გაგზავნოთ ან ჩამოტვირთოთ MMS"},{"$i":"withoutDataBtnOk","$v":"კარგი"},{"$i":"withoutDataBtnSettings","$v":"პარამ."},{"$i":"weekday-0-long","$v":"კვირა"},{"$i":"weekday-1-long","$v":"ორშაბათი"},{"$i":"weekday-2-long","$v":"სამშაბათი"},{"$i":"weekday-3-long","$v":"ოთხშაბათი"},{"$i":"weekday-4-long","$v":"ხუთშაბათი"},{"$i":"weekday-5-long","$v":"პარასკევი"},{"$i":"weekday-6-long","$v":"შაბათი"},{"$i":"weekday-0-short","$v":"კვი"},{"$i":"weekday-1-short","$v":"ორშ"},{"$i":"weekday-2-short","$v":"სამ"},{"$i":"weekday-3-short","$v":"ოთხ"},{"$i":"weekday-4-short","$v":"ხუთ"},{"$i":"weekday-5-short","$v":"პარ"},{"$i":"weekday-6-short","$v":"შაბ"},{"$i":"month-0-long","$v":"იანვარი"},{"$i":"month-1-long","$v":"თებერვალი"},{"$i":"month-2-long","$v":"მარტი"},{"$i":"month-3-long","$v":"აპრილი"},{"$i":"month-4-long","$v":"მაისი"},{"$i":"month-5-long","$v":"ივნისი"},{"$i":"month-6-long","$v":"ივლისი"},{"$i":"month-7-long","$v":"აგვისტო"},{"$i":"month-8-long","$v":"სექტემბერი"},{"$i":"month-9-long","$v":"ოქტომბერი"},{"$i":"month-10-long","$v":"ნოემბერი"},{"$i":"month-11-long","$v":"დეკემბერი"},{"$i":"month-0-genitive","$v":"იანვარი"},{"$i":"month-1-genitive","$v":"თებერვალი"},{"$i":"month-2-genitive","$v":"მარტი"},{"$i":"month-3-genitive","$v":"აპრილი"},{"$i":"month-4-genitive","$v":"მაისი"},{"$i":"month-5-genitive","$v":"ივნისი"},{"$i":"month-6-genitive","$v":"ივლისი"},{"$i":"month-7-genitive","$v":"აგვისტო"},{"$i":"month-8-genitive","$v":"სექტემბერი"},{"$i":"month-9-genitive","$v":"ოქტომბერი"},{"$i":"month-10-genitive","$v":"ნოემბერი"},{"$i":"month-11-genitive","$v":"დეკემბერი"},{"$i":"month-0-short","$v":"იანვ"},{"$i":"month-1-short","$v":"თებ"},{"$i":"month-2-short","$v":"მარ"},{"$i":"month-3-short","$v":"აპრ"},{"$i":"month-4-short","$v":"მაისი"},{"$i":"month-5-short","$v":"ივნ"},{"$i":"month-6-short","$v":"ივლ"},{"$i":"month-7-short","$v":"აგვ"},{"$i":"month-8-short","$v":"სექ"},{"$i":"month-9-short","$v":"ოქტ"},{"$i":"month-10-short","$v":"ნოე"},{"$i":"month-11-short","$v":"დეკ"},{"$i":"minutes-ago-long","$v":{"few":[{"t":"idOrVar","v":"value"}," წუთის წინ"],"many":[{"t":"idOrVar","v":"value"}," წუთის წინ"],"one":"ერთი წუთის წინ","other":[{"t":"idOrVar","v":"value"}," წუთის წინ"],"two":[{"t":"idOrVar","v":"value"}," წუთის წინ"],"zero":"ეს-ეს არის"},"$x":[{"t":"idOrVar","v":"plural"},"value"]},{"$i":"hours-ago-long","$v":{"few":[{"t":"idOrVar","v":"value"}," საათის წინ"],"many":[{"t":"idOrVar","v":"value"}," საათის წინ"],"one":"ერთი საათის წინ","other":[{"t":"idOrVar","v":"value"}," საათის წინ"],"two":[{"t":"idOrVar","v":"value"}," საათის წინ"],"zero":"ეს-ეს არის"},"$x":[{"t":"idOrVar","v":"plural"},"value"]},{"$i":"days-ago-long","$v":{"few":[{"t":"idOrVar","v":"value"}," დღის წინ"],"many":[{"t":"idOrVar","v":"value"}," დღის წინ"],"one":"გუშინ","other":[{"t":"idOrVar","v":"value"}," დღის წინ"],"two":[{"t":"idOrVar","v":"value"}," დღის წინ"],"zero":"დღეს"},"$x":[{"t":"idOrVar","v":"plural"},"value"]},{"$i":"weeks-ago-long","$v":{"few":[{"t":"idOrVar","v":"value"}," კვირის წინ"],"many":[{"t":"idOrVar","v":"value"}," კვირის წინ"],"one":"გასული კვირა","other":[{"t":"idOrVar","v":"value"}," კვირის წინ"],"two":[{"t":"idOrVar","v":"value"}," კვირის წინ"],"zero":"ეს კვირა"},"$x":[{"t":"idOrVar","v":"plural"},"value"]},{"$i":"months-ago-long","$v":{"few":[{"t":"idOrVar","v":"value"}," თვის წინ"],"many":[{"t":"idOrVar","v":"value"}," თვის წინ"],"one":"გასული თვე","other":[{"t":"idOrVar","v":"value"}," თვის წინ"],"two":[{"t":"idOrVar","v":"value"}," თვის წინ"],"zero":"ეს თვე"},"$x":[{"t":"idOrVar","v":"plural"},"value"]},{"$i":"years-ago-long","$v":{"few":[{"t":"idOrVar","v":"value"}," წლის წინ"],"many":[{"t":"idOrVar","v":"value"}," წლის წინ"],"one":"გასული წელი","other":[{"t":"idOrVar","v":"value"}," წლის წინ"],"two":[{"t":"idOrVar","v":"value"}," წლის წინ"],"zero":"ეს წელი"},"$x":[{"t":"idOrVar","v":"plural"},"value"]},{"$i":"minutes-until-long","$v":{"few":[{"t":"idOrVar","v":"value"}," წუთში"],"many":[{"t":"idOrVar","v":"value"}," წუთში"],"one":"წუთში","other":[{"t":"idOrVar","v":"value"}," წუთში"],"two":[{"t":"idOrVar","v":"value"}," წუთში"],"zero":"ახლა"},"$x":[{"t":"idOrVar","v":"plural"},"value"]},{"$i":"hours-until-long","$v":{"few":[{"t":"idOrVar","v":"value"}," საათში"],"many":[{"t":"idOrVar","v":"value"}," საათში"],"one":"საათში","other":[{"t":"idOrVar","v":"value"}," საათში"],"two":[{"t":"idOrVar","v":"value"}," საათში"],"zero":"ახლა"},"$x":[{"t":"idOrVar","v":"plural"},"value"]},{"$i":"days-until-long","$v":{"few":[{"t":"idOrVar","v":"value"}," დღეში"],"many":[{"t":"idOrVar","v":"value"}," დღეში"],"one":"ხვალ","other":[{"t":"idOrVar","v":"value"}," დღეში"],"two":[{"t":"idOrVar","v":"value"}," დღეში"],"zero":"დღეს"},"$x":[{"t":"idOrVar","v":"plural"},"value"]},{"$i":"weeks-until-long","$v":{"few":[{"t":"idOrVar","v":"value"}," კვირაში"],"many":[{"t":"idOrVar","v":"value"}," კვირაში"],"one":"მომდევნო კვირა","other":[{"t":"idOrVar","v":"value"}," კვირაში"],"two":[{"t":"idOrVar","v":"value"}," კვირაში"],"zero":"ეს კვირა"},"$x":[{"t":"idOrVar","v":"plural"},"value"]},{"$i":"months-until-long","$v":{"few":[{"t":"idOrVar","v":"value"}," თვეში"],"many":[{"t":"idOrVar","v":"value"}," თვეში"],"one":"მომდევნო თვე","other":[{"t":"idOrVar","v":"value"}," თვეში"],"two":[{"t":"idOrVar","v":"value"}," თვეში"],"zero":"ეს თვე"},"$x":[{"t":"idOrVar","v":"plural"},"value"]},{"$i":"years-until-long","$v":{"few":[{"t":"idOrVar","v":"value"}," წელში"],"many":[{"t":"idOrVar","v":"value"}," წელში"],"one":"მომდევნო წელი","other":[{"t":"idOrVar","v":"value"}," წელში"],"two":[{"t":"idOrVar","v":"value"}," წელში"],"zero":"ეს წელი"},"$x":[{"t":"idOrVar","v":"plural"},"value"]},{"$i":"minutes-ago-short","$v":{"other":[{"t":"idOrVar","v":"value"},"თ წინ"],"zero":"ეს-ეს არის"},"$x":[{"t":"idOrVar","v":"plural"},"value"]},{"$i":"hours-ago-short","$v":{"other":[{"t":"idOrVar","v":"value"},"სთ წინ"],"zero":"ეს-ეს არის"},"$x":[{"t":"idOrVar","v":"plural"},"value"]},{"$i":"days-ago-short","$v":{"other":[{"t":"idOrVar","v":"value"},"დ წინ"],"zero":"დღეს"},"$x":[{"t":"idOrVar","v":"plural"},"value"]},{"$i":"minutes-until-short","$v":{"other":[{"t":"idOrVar","v":"value"},"წთ-ში"],"zero":"ახლა"},"$x":[{"t":"idOrVar","v":"plural"},"value"]},{"$i":"hours-until-short","$v":{"other":[{"t":"idOrVar","v":"value"},"სთ-ში"],"zero":"ახლა"},"$x":[{"t":"idOrVar","v":"plural"},"value"]},{"$i":"days-until-short","$v":{"other":[{"t":"idOrVar","v":"value"},"დღ-ში"],"zero":"დღეს"},"$x":[{"t":"idOrVar","v":"plural"},"value"]},{"$i":"dateTimeFormat_%c","$v":"%a %b %e %Y %I:%M:%S %p"},{"$i":"dateTimeFormat_%x","$v":"%m/%d/%Y"},{"$i":"dateTimeFormat_%X","$v":"%I:%M:%S %p"},{"$i":"shortTimeFormat","$v":"%I:%M %p"},{"$i":"shortTimeFormat12","$v":"%I:%M %p"},{"$i":"shortTimeFormat24","$v":"%H:%M"},{"$i":"shortDateTimeFormat","$v":"%x %I:%M %p"},{"$i":"weekStartsOnMonday","$v":"0.0"},{"$i":"firstDayOfTheWeek","$v":"1.0"},{"$i":"time_am","$v":"AM"},{"$i":"time_pm","$v":"PM"},{"$i":"softkey-options","$v":"ვარიანტები"},{"$i":"emergencyNumber","$v":"საგანგებო სამსახურის ნომერი"},{"$i":"callAirplaneModeMessage","$v":"ზარის განსახორციელებლად, თქვენ უნდა გამორთოთ ფრენის რეჟიმი პარამეტრებიდან."},{"$i":"callAirplaneModeBtnOk","$v":"OK"},{"$i":"callAirplaneModeTitle","$v":"ფრენის რეჟიმი გააქტიურებულია"},{"$i":"numberIsBusyTitle","$v":"ნომერი დაკავებულია"},{"$i":"numberIsBusyMessage","$v":"ნომერი ამჟამად დაკავებული. გთხოვთ, მოგვიანებით კიდევ სცადეთ."},{"$i":"fdnIsActiveTitle","$v":"FDN აქტიური"},{"$i":"fdnIsActiveMessage","$v":["FDN (ფიქსირებული ასაკრეფი ნომრები) გააქტიურებულია, ხოლო შემდეგი ნომერი არ არის თქვენი FDN-ის სიაში: ",{"t":"idOrVar","v":"number"}]},{"$i":"emergencyDialogBodyBadNumber","$v":"ზარის განსახორციელებლად, ტელეფონი ჩართული უნდა იყოს ინტერნეტში."},{"$i":"emergencyDialogBodyDeviceNotAccepted","$v":"საგანგებო ზარების განხორციელება ქსელით დაუშვებელია."},{"$i":"emergencyDialogBtnOk","$v":"OK"},{"$i":"emergencyDialogTitle","$v":"ქსელთან კავშირი არ არის"},{"$i":"invalidNumberToDialTitle","$v":"არასწორი ტელეფონის ნომერი"},{"$i":"invalidNumberToDialMessage","$v":"ტელეფონის ნომერი, რომელზეც რეკავთ, არასწორია."},{"$i":"unableToCallTitle","$v":"ზარის განხორციელება შეუძლებელია. "},{"$i":"unableToCallMessage","$v":"სატელეფონო ზარის განხორციელება ახლა შეუძლებელია"},{"$i":"otherConnectionInUseTitle","$v":"სხვა მოქმედი კავშირები"},{"$i":"otherConnectionInUseMessage","$v":"თქვენ გაქვთ აქტიური ზარი მეორე ხაზზე. ერთ ჯერზე მხოლოდ ერთი კავშირის გამოყენება შეგიძლიათ."},{"$i":"connectingEllipsis","$v":"დაკავშირება..."}]