[{"$i":"messages","$v":"Хабар"},{"$i":"deleteMessages-title","$v":"Таңдау"},{"$i":"selectThreads-title","$v":"Таңдау"},{"$i":"edit","$v":"Өзгерту"},{"$i":"back","$v":"Артқа"},{"$i":"cancel","$v":"Бас тарту"},{"$i":"delete","$v":"Жою"},{"$i":"deleting-messages","$v":"… жойылуда"},{"$i":"deselect","$v":"Таңдауды алу"},{"$i":"selected-threads","$v":{"few":[{"t":"idOrVar","v":"n"}," таңдалды"],"many":[{"t":"idOrVar","v":"n"}," таңдалды"],"one":[{"t":"idOrVar","v":"n"}," таңдалды"],"other":[{"t":"idOrVar","v":"n"}," таңдалды"],"two":[{"t":"idOrVar","v":"n"}," таңдалды"],"zero":"0 таңдалды"},"$x":[{"t":"idOrVar","v":"plural"},"n"]},{"$i":"selected-messages","$v":{"few":[{"t":"idOrVar","v":"n"}," таңдалды"],"many":[{"t":"idOrVar","v":"n"}," таңдалды"],"one":[{"t":"idOrVar","v":"n"}," таңдалды"],"other":[{"t":"idOrVar","v":"n"}," таңдалды"],"two":[{"t":"idOrVar","v":"n"}," таңдалды"],"zero":"0 таңдалды"},"$x":[{"t":"idOrVar","v":"plural"},"n"]},{"$i":"selectThreads-label","$v":"Тізбектерді таңдау"},{"$i":"selectMessages-label","$v":"Хабарларды таңдау"},{"$i":"new-message","$v":"Жаңа хабар"},{"$i":"delete-thread","$v":"Тізбекті жою"},{"$i":"create-new-contact","$v":"Жаңа конт. жасау"},{"$i":"add-to-contact","$v":"Бар контактіге қосу"},{"$i":"select-thread","$v":"Тізбекті таңдау"},{"$i":"settings","$v":"Параметрлер"},{"$i":"select-all","$v":"Барлығын таңдау"},{"$i":"deselect-all","$v":"Барлығынан таңдауды алу"},{"$i":"select","$v":"Таңдау"},{"$i":"sk-save-as-draft","$v":"Жоба ретінде сақтау"},{"$i":"next","$v":"Келесі"},{"$i":"send","$v":"Жіберу"},{"$i":"add-contact","$v":"Контакт қосу"},{"$i":"add-suggestion","$v":"Таңдау"},{"$i":"add-subject","$v":"Тақырып қосу"},{"$i":"remove-subject","$v":"Тақырыпты шығару"},{"$i":"add-attachment","$v":"Қосымша қосу"},{"$i":"remove-attachment","$v":"Қосымшаны шығару"},{"$i":"replace-attachment","$v":"Қосымшаны ауыстыру"},{"$i":"select-messages","$v":"Хабарларды таңдау"},{"$i":"call","$v":"Қоңырау"},{"$i":"forward","$v":"Бұру"},{"$i":"view-message-report","$v":"Хабар туралы мәлім. көру"},{"$i":"cancel-view-report","$v":"Бас тарту"},{"$i":"ok","$v":"OK"},{"$i":"enter","$v":"Енгізу"},{"$i":"open","$v":"Ашу"},{"$i":"to","$v":"-"},{"$i":"new","$v":"Жаңа"},{"$i":"message","$v":"Хабар"},{"$i":"messagesInput_placeholder","$v":"Хабар"},{"$i":"messagesSubjectInput_placeholder","$v":"Тақырып"},{"$i":"subjectComposerInput_placeholder","$v":"Тақырып"},{"$i":"converted-to-mms","$v":"Мультимедиалық хабарға түрлендірілуде."},{"$i":"converted-to-sms","$v":"Мәтіндік хабарға түрлендірілуде."},{"$i":"messages-max-length-text","$v":"Максималды ұзындыққа жеттіңіз."},{"$i":"messages-max-subject-length-text","$v":"Тақырыптың максималды ұзындығына жетті."},{"$i":"multimedia-message-exceeded-max-length","$v":["Бұл хабарлама бір мультимедиалық хабарламаның ",{"t":"idOrVar","v":"mmsSize"}," МБ өлшемінен асады."]},{"$i":"newMessage","$v":"Жаңа хабар"},{"$i":"sendMessage","$v":"Хабар жіберу"},{"$i":"sendMMSToEmail","$v":"Мультимед. хабар жіберу"},{"$i":"no-recipient","$v":"(Алушы жоқ)"},{"$i":"recipient","$v":{"few":[{"t":"idOrVar","v":"n"}," алушы"],"many":[{"t":"idOrVar","v":"n"}," алушы"],"one":[{"t":"idOrVar","v":"n"}," алушы"],"other":[{"t":"idOrVar","v":"n"}," алушы"],"two":[{"t":"idOrVar","v":"n"}," алушы"]},"$x":[{"t":"idOrVar","v":"plural"},"n"]},{"$i":"attachmentSizeB","$v":[{"t":"idOrVar","v":"n"}," Б"]},{"$i":"attachmentSizeKB","$v":[{"t":"idOrVar","v":"n"}," КБ"]},{"$i":"attachmentSizeMB","$v":[{"t":"idOrVar","v":"n"}," МБ"]},{"$i":"attachmentOpenError","$v":"Бұл файл түрін ашу үшін қолжетімді қолданба жоқ."},{"$i":"remove","$v":"Жою"},{"$i":"participant","$v":{"few":[{"t":"idOrVar","v":"n"}," қатысушы"],"many":[{"t":"idOrVar","v":"n"}," қатысушы"],"one":[{"t":"idOrVar","v":"n"}," қатысушы"],"other":[{"t":"idOrVar","v":"n"}," қатысушы"],"two":[{"t":"idOrVar","v":"n"}," қатысушы"]},"$x":[{"t":"idOrVar","v":"plural"},"n"]},{"$i":"message-report","$v":"Хабар есебі"},{"$i":"message-type-sms","$v":"Мәтіндік хабар (SMS)"},{"$i":"message-type-mms","$v":"Мультимедиалық хабар (MMS)"},{"$i":"sms-report-description","$v":["Мәтіндік хабарыңыз (SMS) ",{"t":"idOrVar","v":"datetime"}," жіберілді"]},{"$i":"mms-report-description","$v":["Мультимедиалық хабарыңыз (MMS), тақырыбы ",{"t":"idOrVar","v":"subject"},", ",{"t":"idOrVar","v":"datetime"}," жіберілді"]},{"$i":"mms-no-subject-report-description","$v":["Мультимедиалық хабарыңыз (MMS) ",{"t":"idOrVar","v":"datetime"}," жіберілді"]},{"$i":"message-subject","$v":"Тақырып:"},{"$i":"report-status-error","$v":"Хабар жіберілмеді"},{"$i":"report-status-not-downloaded","$v":"жүктеп алынбады"},{"$i":"report-status-delivered","$v":"Жеткізілді:"},{"$i":"report-status-read","$v":"Оқу:"},{"$i":"report-status-pending","$v":"Есеп сұралды"},{"$i":"report-status-rejected","$v":"Хабар қабылданбады"},{"$i":"message-size-was","$v":"Хабар өлшемі:"},{"$i":"report-to-title","$v":"-"},{"$i":"report-from-title","$v":"Кімнен:"},{"$i":"message-sent","$v":"Жіберілді:"},{"$i":"message-sending","$v":[{"t":"idOrVar","v":"message-delivery-status-sending"}]},{"$i":"message-received","$v":"Алынған:"},{"$i":"message-via","$v":"Арқылы:"},{"$i":"message-resend","$v":"Қайта жіберу"},{"$i":"search","$v":"Іздеу"},{"$i":"unknown-contact-title","$v":"Белгісіз контакт"},{"$i":"phone-type-separator","$v":", "},{"$i":"phone-carrier-separator","$v":" "},{"$i":"thread-participant-separator","$v":", "},{"$i":"replace-draft","$v":"Бар жобаны ауыстыру"},{"$i":"save-as-draft","$v":"Сақтау"},{"$i":"discard-message","$v":"Бас тарту"},{"$i":"discard-sms","$v":"Хабарды жабу керек пе?"},{"$i":"discard-new-message","$v":"Жазып жатқан хабарды жойып, жаңасын ашу керек пе?"},{"$i":"resend-confirmation","$v":"Хабар жіберілмеді. Қайталау керек пе?"},{"$i":"resend-message","$v":"Хабарды қайта жіберу"},{"$i":"deleteMessage-confirmation","$v":"Таңдалған хабарды жою керек пе?"},{"$i":"deleteMessages-confirmation","$v":"Таңдалған хабарларды жою керек пе?"},{"$i":"deleteThreads-confirmation2","$v":{"one":"Таңдалған хабарлар тізбегін жою керек пе?","other":"Таңдалған хабарлар тізбектерін жою керек пе?"},"$x":[{"t":"idOrVar","v":"plural"},"n"]},{"$i":"new-message-notice-text","$v":"Жаңа хабар:"},{"$i":"new-message-notice-a-text","$v":"Оқыңыз"},{"$i":"noMessages-title","$v":"Хабарлар жоқ"},{"$i":"noMessages-text","$v":"Байланысты бастау үшін \"Жаңа\" опциясын басыңыз."},{"$i":"sendDefaultErrorTitle","$v":"Қате жіберіңіз"},{"$i":"sendDefaultErrorBody","$v":"Хабарды жіберу кезінде проблема пайда болды. Қайталап көріңіз."},{"$i":"sendDefaultErrorBtnOk","$v":"OK"},{"$i":"sendMissingSimCardTitle","$v":"Қате жіберіңіз"},{"$i":"sendMissingSimCardBody","$v":"Жалғастыру үшін жарамды SIM картасын салыңыз."},{"$i":"sendMissingSimCardBtnOk","$v":"OK"},{"$i":"sendFlightModeTitle","$v":"Қате жіберіңіз"},{"$i":"sendFlightModeBody","$v":"Хабар жіб. үш. ұшақ өш."},{"$i":"sendFlightModeBtnOk","$v":"OK"},{"$i":"radioDisabledToDownloadTitle","$v":"Жүктелмеді"},{"$i":"radioDisabledToDownloadBody","$v":"Қосымшаларды жүктеп алу үшін ұшақ режимін өшіріңіз."},{"$i":"radioDisabledToDownloadBtnOk","$v":[{"t":"idOrVar","v":"sendFlightModeBtnOk"}]},{"$i":"downloadDefaultErrorTitle","$v":"Жүктелмеді"},{"$i":"downloadDefaultErrorBody","$v":"Хабарды жүктеу кезінде қате пайда болды. Әрекетті қайталап көріңіз."},{"$i":"downloadDefaultErrorBtnOk","$v":[{"t":"idOrVar","v":"sendDefaultErrorBtnOk"}]},{"$i":"fdnErrorTitle","$v":"Қате жіберіңіз"},{"$i":"needConnectWifiBody","$v":"Мобильді деректер желісі жоқ. Хабар алмасу үшін қолжетімді Wi-Fi желісіне қосылыңыз."},{"$i":"needConnectWifiTitle","$v":"Хабар жіберілмеді"},{"$i":"mmsChanelUsedBody","$v":"DDS емес суб MMS жіберуде, жіберу аяқталғанша күтіңіз."},{"$i":"mmsChanelUsedTitle","$v":"Пайдаланылатын MMS арнасы"},{"$i":"sms-counter-notice-label","$v":["SMS өзгертілуде ",{"t":"idOrVar","v":"number"}]},{"$i":"fdnErrorBody","$v":{"few":"FDN (Бекітілген терілетін нөмірлер) функциясы белсенді. SMS орталығы мен келесі алушылардың FDN тізімінде бар екенін тексеріңіз.","many":"FDN (Бекітілген терілетін нөмірлер) функциясы белсенді. SMS орталығы мен келесі алушылардың FDN тізімінде бар екенін тексеріңіз.","one":"FDN (Бекітілген терілетін нөмірлер) функциясы белсенді. SMS орталығы мен келесі алушының FDN тізімінде бар екенін тексеріңіз.","other":"FDN (Бекітілген терілетін нөмірлер) функциясы белсенді. SMS орталығы мен келесі алушылардың FDN тізімінде бар екенін тексеріңіз.","two":"FDN (Бекітілген терілетін нөмірлер) функциясы белсенді. SMS орталығы мен келесі алушылардың FDN тізімінде бар екенін тексеріңіз."},"$x":[{"t":"idOrVar","v":"plural"},"n"]},{"$i":"fdnErrorBtnOk","$v":"OK"},{"$i":"sendNoSignalErrorTitle","$v":"Қате жіберіңіз"},{"$i":"sendNoSignalErrorBody","$v":"Мобильді байланыс сигналын тексеріп, қайталап көріңіз."},{"$i":"sendNoSignalErrorBtnOk","$v":"OK"},{"$i":"sendNotFoundErrorTitle","$v":"Қате жіберіңіз"},{"$i":"sendNotFoundErrorBody","$v":"Іздеген хабарыңыз бұдан былай қолжетімді емес."},{"$i":"sendNotFoundErrorBtnOk","$v":"OK"},{"$i":"sendInvalidAddressErrorTitle","$v":"Қате жіберіңіз"},{"$i":"sendInvalidAddressErrorBody","$v":"Сіз жіберіп жатқан мобильді нөмірдің жарамдылығын тексеріңіз."},{"$i":"sendInvalidAddressErrorBtnOk","$v":"OK"},{"$i":"simNotMatchedErrorTitle","$v":"Жүктеп алу мүмкін емес"},{"$i":"simNotMatchedErrorBody","$v":"Салынған SIM картасының осы хабарды алуға арналғанын тексеріңіз."},{"$i":"simNotMatchedErrorBtnOk","$v":"OK"},{"$i":"netWorkErrorTitle","$v":"Желі ақауы"},{"$i":"netWorkErrorBody","$v":"Желіде проблемалар бар, алдымен тексеріңіз."},{"$i":"netWorkErrorBtnOk","$v":"OK"},{"$i":"deleted-sms","$v":"Бұл хабар жойылған."},{"$i":"view-attachment-image","$v":"Көру"},{"$i":"view-attachment-audio","$v":"Тыңдау"},{"$i":"view-attachment-video","$v":"Көру"},{"$i":"view-attachment-other","$v":"Көру"},{"$i":"remove-attachment-image","$v":"Кескінді шығару"},{"$i":"remove-attachment-audio","$v":"Дыбысты шығару"},{"$i":"remove-attachment-video","$v":"Бейнені шығару"},{"$i":"remove-attachment-other","$v":"Қосымшаны шығару"},{"$i":"replace-attachment-image","$v":"Кескінді ауыстыру"},{"$i":"replace-attachment-audio","$v":"Дыбысты ауыстыру"},{"$i":"replace-attachment-video","$v":"Бейнені ауыстыру"},{"$i":"replace-attachment-other","$v":"Қосымшаны ауыстыру"},{"$i":"unsent-message-title","$v":"Жіберілмеген хабар"},{"$i":"unsent-message-description","$v":"Алдыңғы хабарыңыз жіберілмеді. Жіберілмеген хабарды өзгерткіңіз келе ме немесе оны жойып, жалғастыру керек пе?"},{"$i":"unsent-message-option-edit","$v":"Өзгерту"},{"$i":"unsent-message-option-discard","$v":"Бас тарту"},{"$i":"message-options","$v":"Хабар опциялары"},{"$i":"select-text","$v":"Мәтін таңдау"},{"$i":"mobile","$v":"Мобильді"},{"$i":"home","$v":"Үй"},{"$i":"work","$v":"Жұмыс"},{"$i":"personal","$v":"Жеке"},{"$i":"faxHome","$v":"Үйдегі факс"},{"$i":"faxOffice","$v":"Кеңседегі факс"},{"$i":"faxOther","$v":"Басқа факс"},{"$i":"another","$v":"Басқа"},{"$i":"other","$v":"Басқа"},{"$i":"today","$v":"Бүгін"},{"$i":"yesterday","$v":"Кеше"},{"$i":"incorrectDate","$v":"(дұрыс емес күн)"},{"$i":"addToExistingContact","$v":"Бар контактіге қосу"},{"$i":"createNewContact","$v":"Жаңа конт. жасау"},{"$i":"viewContact","$v":"Контактіні көру"},{"$i":"sendEmail","$v":"Электрондық хат жіберу"},{"$i":"mms-message","$v":"MMS хабары"},{"$i":"notDownloaded-title","$v":"Хабар әлі жүктеп алынбады."},{"$i":"tobedownloaded-attachment","$v":["Мультимедиалық хабар алдыңыз, оның контентін ",{"t":"idOrVar","v":"date"}," дейін шығарып алу үшін \"Жүктеп алу\" түймесін басыңыз."]},{"$i":"expired-attachment","$v":["Кешіріңіз, хабардың мерзімі ",{"t":"idOrVar","v":"date"}," аяқталған және оны жүктеп алу мүмкін емес."]},{"$i":"download-attachment","$v":"Жүктеп алу"},{"$i":"downloading-attachment","$v":"Жүктеп алынуда…"},{"$i":"download-complete","$v":"Жүктеп алу аяқталды"},{"$i":"unnamed-attachment","$v":"атаусыз"},{"$i":"mms-label","$v":"MMS"},{"$i":"group-label","$v":"ТОП"},{"$i":"attached-files-too-large","$v":{"few":["Бұл хабарлардың өлшемі бір мультимедиалық хабардың ",{"t":"idOrVar","v":"mmsSize"}," МБ шегінен асады."],"many":["Бұл хабарлардың өлшемі бір мультимедиалық хабардың ",{"t":"idOrVar","v":"mmsSize"}," МБ шегінен асады."],"one":["Бұл хабардың өлшемі бір мультимедиалық хабардың ",{"t":"idOrVar","v":"mmsSize"}," МБ шегінен асады."],"other":["Бұл хабарлардың өлшемі бір мультимедиалық хабардың ",{"t":"idOrVar","v":"mmsSize"}," МБ шегінен асады."],"two":["Бұл хабарлардың өлшемі бір мультимедиалық хабардың ",{"t":"idOrVar","v":"mmsSize"}," МБ шегінен асады."],"zero":["Бұл хабарлардың өлшемі бір мультимедиалық хабардың ",{"t":"idOrVar","v":"mmsSize"}," МБ шегінен асады."]},"$x":[{"t":"idOrVar","v":"plural"},"n"]},{"$i":"resize-image","$v":"Тірк. кескін өлш. өзг."},{"$i":"no-attachment-text","$v":"Тіркелген файлға қатысты проблема бар және оны жүктеп алу мүмкін емес."},{"$i":"message-draft-saved","$v":"Хабар жоба ретінде сақталды"},{"$i":"sim-id-label","$v":["SIM ",{"t":"idOrVar","v":"id"}]},{"$i":"sim-detail","$v":["SIM ",{"t":"idOrVar","v":"id"},", ",{"t":"idOrVar","v":"detailString"}]},{"$i":"dsds-notification-title-with-sim","$v":["(",{"t":"idOrVar","v":"sim"},") ",{"t":"idOrVar","v":"sender"}]},{"$i":"send-button","ariaLabel":"Жіберу"},{"$i":"send-button-sim-indication","$v":[{"t":"idOrVar","v":"n"}],"ariaLabel":["SIM ",{"t":"idOrVar","v":"n"}," пайдалану"]},{"$i":"expiry-date-format","$v":"%A, %b %e"},{"$i":"attach-button","ariaLabel":"Қосымша қосу"},{"$i":"contact-photo","ariaLabel":"Конт. фотосы"},{"$i":"unread-thread","ariaLabel":"Оқылмаған"},{"$i":"has-draft","ariaLabel":"Жобасы бар"},{"$i":"is-draft","ariaLabel":"Жоба"},{"$i":"message-delivery-status-sending","$v":"Жіб.…"},{"$i":"message-delivery-status-delivered","$v":"Жеткізілді"},{"$i":"message-delivery-status-read","ariaLabel":"Оқу"},{"$i":"message-delivery-status-error","ariaLabel":"Қате"},{"$i":"modal-dialog-ok-button","$v":"OK"},{"$i":"modal-dialog-cancel-button","$v":"Бас тарту"},{"$i":"modal-dialog-default-title","$v":"Хабарлар"},{"$i":"delete-message","$v":"Хабар жойылды"},{"$i":"message-converted-to-toast","$v":["Хабар ",{"t":"idOrVar","v":"type"}," етіп түрлендірілді"]},{"$i":"message-sent-toast","$v":"Хабар жіберілді"},{"$i":"deleteMessage-confirmation2","$v":"Таңдалған хабарлар тізбегін жою керек пе?"},{"$i":"deleted-message","$v":{"few":[{"t":"idOrVar","v":"n"}," хабар жойылды"],"many":[{"t":"idOrVar","v":"n"}," хабар жойылды"],"one":[{"t":"idOrVar","v":"n"}," хабар жойылды"],"other":[{"t":"idOrVar","v":"n"}," хабар жойылды"],"two":[{"t":"idOrVar","v":"n"}," хабар жойылды"],"zero":"0 хабар жойылды"},"$x":[{"t":"idOrVar","v":"plural"},"n"]},{"$i":"deleted-threads","$v":{"few":[{"t":"idOrVar","v":"n"}," хабарлар ағыны жойылды"],"many":[{"t":"idOrVar","v":"n"}," хабарлар ағыны жойылды"],"one":"Тізбек жойылды","other":[{"t":"idOrVar","v":"n"}," хабарлар ағыны жойылды"],"two":[{"t":"idOrVar","v":"n"}," хабарлар ағыны жойылды"],"zero":"0 ағын жойылды"},"$x":[{"t":"idOrVar","v":"plural"},"n"]},{"$i":"wapPushMessages","$v":"WAP Push хабарлары"},{"$i":"auto-retrieve-messages","$v":"Хабарларды автоматты түрде алу"},{"$i":"auto-retrieve-messages-title","$v":"Хабарларды автоматты түрде алу"},{"$i":"auto-roaming-retrieve","$v":"Роумингпен қосу"},{"$i":"auto-no-roaming-retrieve","$v":"Роумингсіз қосу"},{"$i":"mmsTitle","$v":"Мультимедиалық хабарлар (MMS)"},{"$i":"message-delivery-reports","$v":"Жеткізу туралы есептер"},{"$i":"message-delivery-reports-title","$v":"Жеткізу туралы есептер"},{"$i":"messageReport-title","$v":"Хабар туралы мәліметтер"},{"$i":"sms-label","$v":"SMS"},{"$i":"messaging-settings","$v":"Хабарлар параметрлері"},{"$i":"messagingSettings-header","$v":[{"t":"idOrVar","v":"messaging-settings"}]},{"$i":"confirmation-title","$v":"Растау"},{"$i":"draft-save-content","$v":"Жоба ретінде сақтау?"},{"$i":"draft-discard-content","$v":"Хабар алып тасталды"},{"$i":"switch-on","$v":"Қосулы"},{"$i":"switch-off","$v":"Өшірулі"},{"$i":"auto-retrieve-desc","$v":"Хабарларды автоматты алу"},{"$i":"confirm-dialog-ok","$v":"OK"},{"$i":"yes","$v":"Иә"},{"$i":"no","$v":"Жоқ"},{"$i":"delete-current-thread?","$v":"Таңдалған хабарлар тізбегін жою керек пе?"},{"$i":"attention","$v":"Назар аударыңыз"},{"$i":"delivery-title","$v":"Мәтіндік хабар алмасу (SMS)"},{"$i":"send-failed","$v":"Жіберілмеді."},{"$i":"subject-removed","$v":"Тақырып жойылды."},{"$i":"data-storage-limit-alert-title","$v":"Телефон жады толы."},{"$i":"data-storage-limit-send-body","$v":"MMS жіберу мүмкін емес. Орынды босату үшін хабарларды жойыңыз немесе \"Параметрлер\" тармағына өтіңіз."},{"$i":"data-storage-limit-download-body","$v":"MMS жүктеп алу мүмкін емес. Орынды босату үшін хабарларды жойыңыз немесе \"Параметрлер\" тармағына өтіңіз."},{"$i":"data-storage-limit-alert-cancel","$v":"Бас тарту"},{"$i":"data-storage-limit-alert-setting","$v":"Параметрлер"},{"$i":"recipient-repeat","$v":"Қайталанған контакт."},{"$i":"email","$v":"ЭЛ. ПОШТА"},{"$i":"options","$v":"Опциялар"},{"$i":"emergency-alert-title","$v":"Төтенше жағдай дабылдары"},{"$i":"emergency-alert","$v":"Төтенше жағдай дабылдары"},{"$i":"wappushNormal","$v":"Wap push"},{"$i":"wappushSIM1","$v":"WAP push — SIM 1"},{"$i":"wappushSIM2","$v":"WAP push — SIM 2"},{"$i":"not-assigned","$v":"Тағайындалмаған"},{"$i":"switchSIMDataSendAlertTitle","$v":"MMS жіберілмеді."},{"$i":"switchSIMDataSendAlertBody","$v":["MMS жіберу үшін SIM менеджері параметрлерінде деректерге арналған SIM картасын SIM ",{"t":"idOrVar","v":"nonActiveSimId"}," картасына өзгерту қажет."]},{"$i":"switchSIMDataSendAlertDesc","$v":"Параметрлерді жаңарту үшін \"Параметрлер\" қолданбасына өтіңіз."},{"$i":"switchSIMDataReceiveAlertTitle","$v":"MMS алынбады."},{"$i":"switchSIMDataReceiveAlertBody","$v":["MMS алу үшін SIM менеджері параметрлерінде деректерге арналған SIM картасын SIM ",{"t":"idOrVar","v":"nonActiveSimId"}," картасына өзгерту қажет."]},{"$i":"switchSIMDataReceiveAlertDesc","$v":"Параметрлерді жаңарту үшін \"Параметрлер\" қолданбасына өтіңіз."},{"$i":"group-message","$v":"Топтық хабар"},{"$i":"individual-message","$v":"Жеке хабар"},{"$i":"group-message-alert-title","$v":"Топтық хабар"},{"$i":"group-message-alert-body","$v":"Топтық хабар жасау керек пе? (Топтық хабар MMS және SMS арқылы жіберіледі, тарифтік жоспарға байланысты хабар жіберу үшін сымсыз байланыс провайдері қосымша ақы алуы мүмкін.)"},{"$i":"group-message-individual","$v":"Жеке сақтау"},{"$i":"group-message-setting","$v":"Топ жасау"},{"$i":"new-message-individual","$v":"Жаңа хабар (Жеке)"},{"$i":"new-message-group","$v":"Жаңа хабар (Топтық)"},{"$i":"no-phone-number","$v":"Тағайындалмады"},{"$i":"device-phone-number","$v":"Телефон нөмірім"},{"$i":"group-message-phone","$v":"Топтық хабарлар"},{"$i":"my-phone-number","$v":"Телефон нөмірім"},{"$i":"delivery-notification","$v":"Хабар жеткізілді"},{"$i":"wait","$v":"күту"},{"$i":"isTextTooLongAlert","$v":"Хабардың максимал ұзындығынан асып кетті."},{"$i":"video-call","$v":"Бейне қоңырау"},{"$i":"normal-call","$v":"Қоңырау"},{"$i":"attachment","$v":"Қосымша"},{"$i":"limit-MMS-recipients","$v":"Әр MMS тек 20 алушыға дейін жіберіледі."},{"$i":"block-contact","$v":"Контактіні блоктау"},{"$i":"blocked","$v":"Блоктау"},{"$i":"unblocked","$v":"Бұғаттамау"},{"$i":"rtt-call","$v":"RTT қоңырауы"},{"$i":"remove-all-attachments","$v":"Барлық қосымшаларды жою"},{"$i":"block-confirmation","$v":"Блокталған нөмірлер тізіміндегі адамдардан телефон қоңырауларын, хабарларды алмайсыз."},{"$i":"space-low-not-save","$v":"Қойма толы, жоба жазбаны сақтау мүмкін емес."},{"$i":"sms-encoding-mode","$v":"Sms кодтау"},{"$i":"sms-reduced-format","$v":"Қысқа пішім"},{"$i":"sms-full-format","$v":"Толық пішім"},{"$i":"smscNormal","$v":"Қызмет көрсету орталығы"},{"$i":"smscSIM1","$v":"Қызмет көрсету орталығы SIM1"},{"$i":"smscSIM2","$v":"Қызмет көрсету орталығы SIM2"},{"$i":"withoutDataTitle","$v":"Орындалмады"},{"$i":"withoutDataBody","$v":"MMS жіберу немесе жүктеп алу үшін \"Параметрлер\" бөлімінде \"Деректер байланысы\" опциясын қосыңыз"},{"$i":"withoutDataBtnOk","$v":"OK"},{"$i":"withoutDataBtnSettings","$v":"Параметрлер"},{"$i":"weekday-0-long","$v":"Жексенбі"},{"$i":"weekday-1-long","$v":"Дүйсенбі"},{"$i":"weekday-2-long","$v":"Сейсенбі"},{"$i":"weekday-3-long","$v":"Сәрсенбі"},{"$i":"weekday-4-long","$v":"Бейсенбі"},{"$i":"weekday-5-long","$v":"Жұма"},{"$i":"weekday-6-long","$v":"Сенбі"},{"$i":"weekday-0-short","$v":"Жс"},{"$i":"weekday-1-short","$v":"Дс"},{"$i":"weekday-2-short","$v":"Сс"},{"$i":"weekday-3-short","$v":"Ср"},{"$i":"weekday-4-short","$v":"Бс"},{"$i":"weekday-5-short","$v":"Жм"},{"$i":"weekday-6-short","$v":"Сб"},{"$i":"month-0-long","$v":"Қаңтар"},{"$i":"month-1-long","$v":"Ақпан"},{"$i":"month-2-long","$v":"Наурыз"},{"$i":"month-3-long","$v":"Сәуір"},{"$i":"month-4-long","$v":"Мамыр"},{"$i":"month-5-long","$v":"Маусым"},{"$i":"month-6-long","$v":"Шілде"},{"$i":"month-7-long","$v":"Тамыз"},{"$i":"month-8-long","$v":"Қыркүйек"},{"$i":"month-9-long","$v":"Қазан"},{"$i":"month-10-long","$v":"Қараша"},{"$i":"month-11-long","$v":"Желтоқсан"},{"$i":"month-0-genitive","$v":"Қаңтар"},{"$i":"month-1-genitive","$v":"Ақпан"},{"$i":"month-2-genitive","$v":"Наурыз"},{"$i":"month-3-genitive","$v":"Сәуір"},{"$i":"month-4-genitive","$v":"Мам"},{"$i":"month-5-genitive","$v":"Маусым"},{"$i":"month-6-genitive","$v":"Шілде"},{"$i":"month-7-genitive","$v":"Тамыз"},{"$i":"month-8-genitive","$v":"Қыркүйек"},{"$i":"month-9-genitive","$v":"Қазан"},{"$i":"month-10-genitive","$v":"Қараша"},{"$i":"month-11-genitive","$v":"Желтоқсан"},{"$i":"month-0-short","$v":"Қаң"},{"$i":"month-1-short","$v":"Ақп"},{"$i":"month-2-short","$v":"Нау"},{"$i":"month-3-short","$v":"Сәу"},{"$i":"month-4-short","$v":"Мам"},{"$i":"month-5-short","$v":"Мау"},{"$i":"month-6-short","$v":"Шілде"},{"$i":"month-7-short","$v":"Там"},{"$i":"month-8-short","$v":"Қыр"},{"$i":"month-9-short","$v":"Қаз"},{"$i":"month-10-short","$v":"Қар"},{"$i":"month-11-short","$v":"Жел"},{"$i":"minutes-ago-long","$v":{"few":[{"t":"idOrVar","v":"value"}," минут бұрын"],"many":[{"t":"idOrVar","v":"value"}," минут бұрын"],"one":"бір минут бұрын","other":[{"t":"idOrVar","v":"value"}," минут бұрын"],"two":[{"t":"idOrVar","v":"value"}," минут бұрын"],"zero":"қазір ғана"},"$x":[{"t":"idOrVar","v":"plural"},"value"]},{"$i":"hours-ago-long","$v":{"few":[{"t":"idOrVar","v":"value"}," сағат бұрын"],"many":[{"t":"idOrVar","v":"value"}," сағат бұрын"],"one":"бір сағат бұрын","other":[{"t":"idOrVar","v":"value"}," сағат бұрын"],"two":[{"t":"idOrVar","v":"value"}," сағат бұрын"],"zero":"қазір ғана"},"$x":[{"t":"idOrVar","v":"plural"},"value"]},{"$i":"days-ago-long","$v":{"few":[{"t":"idOrVar","v":"value"}," күн бұрын"],"many":[{"t":"idOrVar","v":"value"}," күн бұрын"],"one":"кеше","other":[{"t":"idOrVar","v":"value"}," күн бұрын"],"two":[{"t":"idOrVar","v":"value"}," күн бұрын"],"zero":"бүгін"},"$x":[{"t":"idOrVar","v":"plural"},"value"]},{"$i":"weeks-ago-long","$v":{"few":[{"t":"idOrVar","v":"value"}," апта бұрын"],"many":[{"t":"idOrVar","v":"value"}," апта бұрын"],"one":"өткен апта","other":[{"t":"idOrVar","v":"value"}," апта бұрын"],"two":[{"t":"idOrVar","v":"value"}," апта бұрын"],"zero":"осы апта"},"$x":[{"t":"idOrVar","v":"plural"},"value"]},{"$i":"months-ago-long","$v":{"few":[{"t":"idOrVar","v":"value"}," ай бұрын"],"many":[{"t":"idOrVar","v":"value"}," ай бұрын"],"one":"өткен ай","other":[{"t":"idOrVar","v":"value"}," ай бұрын"],"two":[{"t":"idOrVar","v":"value"}," ай бұрын"],"zero":"осы ай"},"$x":[{"t":"idOrVar","v":"plural"},"value"]},{"$i":"years-ago-long","$v":{"few":[{"t":"idOrVar","v":"value"}," жыл бұрын"],"many":[{"t":"idOrVar","v":"value"}," жыл бұрын"],"one":"өткен жыл","other":[{"t":"idOrVar","v":"value"}," жыл бұрын"],"two":[{"t":"idOrVar","v":"value"}," жыл бұрын"],"zero":"осы жыл"},"$x":[{"t":"idOrVar","v":"plural"},"value"]},{"$i":"minutes-until-long","$v":{"few":[{"t":"idOrVar","v":"value"}," минутта"],"many":[{"t":"idOrVar","v":"value"}," минутта"],"one":"бір минутта","other":[{"t":"idOrVar","v":"value"}," минутта"],"two":[{"t":"idOrVar","v":"value"}," минутта"],"zero":"қазір"},"$x":[{"t":"idOrVar","v":"plural"},"value"]},{"$i":"hours-until-long","$v":{"few":[{"t":"idOrVar","v":"value"}," сағатта"],"many":[{"t":"idOrVar","v":"value"}," сағатта"],"one":"бір сағатта","other":[{"t":"idOrVar","v":"value"}," сағатта"],"two":[{"t":"idOrVar","v":"value"}," сағатта"],"zero":"қазір"},"$x":[{"t":"idOrVar","v":"plural"},"value"]},{"$i":"days-until-long","$v":{"few":[{"t":"idOrVar","v":"value"}," күнде"],"many":[{"t":"idOrVar","v":"value"}," күнде"],"one":"ертең","other":[{"t":"idOrVar","v":"value"}," күнде"],"two":[{"t":"idOrVar","v":"value"}," күнде"],"zero":"бүгін"},"$x":[{"t":"idOrVar","v":"plural"},"value"]},{"$i":"weeks-until-long","$v":{"few":[{"t":"idOrVar","v":"value"}," аптада"],"many":[{"t":"idOrVar","v":"value"}," аптада"],"one":"келесі апта","other":[{"t":"idOrVar","v":"value"}," аптада"],"two":[{"t":"idOrVar","v":"value"}," аптада"],"zero":"осы апта"},"$x":[{"t":"idOrVar","v":"plural"},"value"]},{"$i":"months-until-long","$v":{"few":[{"t":"idOrVar","v":"value"}," айда"],"many":[{"t":"idOrVar","v":"value"}," айда"],"one":"келесі ай","other":[{"t":"idOrVar","v":"value"}," айда"],"two":[{"t":"idOrVar","v":"value"}," айда"],"zero":"осы ай"},"$x":[{"t":"idOrVar","v":"plural"},"value"]},{"$i":"years-until-long","$v":{"few":[{"t":"idOrVar","v":"value"}," жылда"],"many":[{"t":"idOrVar","v":"value"}," жылда"],"one":"келесі жыл","other":[{"t":"idOrVar","v":"value"}," жылда"],"two":[{"t":"idOrVar","v":"value"}," жылда"],"zero":"осы жыл"},"$x":[{"t":"idOrVar","v":"plural"},"value"]},{"$i":"minutes-ago-short","$v":{"other":[{"t":"idOrVar","v":"value"}," минут бұрын"],"zero":"қазір ғана"},"$x":[{"t":"idOrVar","v":"plural"},"value"]},{"$i":"hours-ago-short","$v":{"other":[{"t":"idOrVar","v":"value"}," сағат бұрын"],"zero":"қазір ғана"},"$x":[{"t":"idOrVar","v":"plural"},"value"]},{"$i":"days-ago-short","$v":{"other":[{"t":"idOrVar","v":"value"}," күн бұрын"],"zero":"бүгін"},"$x":[{"t":"idOrVar","v":"plural"},"value"]},{"$i":"minutes-until-short","$v":{"other":[{"t":"idOrVar","v":"value"}," минутта"],"zero":"қазір"},"$x":[{"t":"idOrVar","v":"plural"},"value"]},{"$i":"hours-until-short","$v":{"other":[{"t":"idOrVar","v":"value"}," сағатта"],"zero":"қазір"},"$x":[{"t":"idOrVar","v":"plural"},"value"]},{"$i":"days-until-short","$v":{"other":[{"t":"idOrVar","v":"value"}," күнде"],"zero":"бүгін"},"$x":[{"t":"idOrVar","v":"plural"},"value"]},{"$i":"dateTimeFormat_%c","$v":"%a %b %e %Y %I:%M:%S %p"},{"$i":"dateTimeFormat_%x","$v":"%m/%d/%Y"},{"$i":"dateTimeFormat_%X","$v":"%I:%M:%S %p"},{"$i":"shortTimeFormat","$v":"%I:%M %p"},{"$i":"shortTimeFormat12","$v":"%I:%M %p"},{"$i":"shortTimeFormat24","$v":"%H:%M"},{"$i":"shortDateTimeFormat","$v":"%x %I:%M %p"},{"$i":"weekStartsOnMonday","$v":"0.0"},{"$i":"firstDayOfTheWeek","$v":"1.0"},{"$i":"time_am","$v":"ТД"},{"$i":"time_pm","$v":"түстен кейін"},{"$i":"softkey-options","$v":"Опциялар"},{"$i":"emergencyNumber","$v":"Төтенше байланыс нөмірі"},{"$i":"callAirplaneModeMessage","$v":"Қоңырау шалу үшін параметрлерде ұшақ режимін ажырату қажет."},{"$i":"callAirplaneModeBtnOk","$v":"OK"},{"$i":"callAirplaneModeTitle","$v":"Ұшақ режимі қосылды"},{"$i":"numberIsBusyTitle","$v":"Нөмір бос емес"},{"$i":"numberIsBusyMessage","$v":"Нөмір қазір бос емес. Кейінірек қайталап көріңіз."},{"$i":"fdnIsActiveTitle","$v":"FDN белсенді"},{"$i":"fdnIsActiveMessage","$v":["FDN (Бекітілген терілетін нөмірлер) функциясы белсенді және сіздің FDN тізіміңізде келесі нөмір жоқ: ",{"t":"idOrVar","v":"number"}]},{"$i":"emergencyDialogBodyBadNumber","$v":"Қоңырау шалу үшін телефон желіге қосылуы тиіс."},{"$i":"emergencyDialogBodyDeviceNotAccepted","$v":"Желіде төтенше қоңырауларға рұқсат жоқ."},{"$i":"emergencyDialogBtnOk","$v":"OK"},{"$i":"emergencyDialogTitle","$v":"Желі байланысы жоқ"},{"$i":"invalidNumberToDialTitle","$v":"Жарамсыз телефон нөмірі"},{"$i":"invalidNumberToDialMessage","$v":"Сіз қоңырау шалып жатқан телефон нөмірі жарамсыз."},{"$i":"unableToCallTitle","$v":"Қоңырау шалу мүмкін емес. "},{"$i":"unableToCallMessage","$v":"Қазір телефон арқылы қоңырау шалу мүмкін емес"},{"$i":"otherConnectionInUseTitle","$v":"Пайд. басқа байланыс"},{"$i":"otherConnectionInUseMessage","$v":"Басқа қосылымда белсенді қоңырау бар. Бір уақытта тек бір қосылымды пайдалана аласыз."},{"$i":"connectingEllipsis","$v":"Қосылуда..."}]