[{"$i":"messages","$v":"សារ"},{"$i":"deleteMessages-title","$v":"ជ្រើស"},{"$i":"selectThreads-title","$v":"ជ្រើស"},{"$i":"edit","$v":"កែ​សម្រួល"},{"$i":"back","$v":"ថយ​ក្រោយ"},{"$i":"cancel","$v":"បោះ​បង់"},{"$i":"delete","$v":"លុប"},{"$i":"deleting-messages","$v":"កំពុង​លុប…"},{"$i":"deselect","$v":"ដក​ការជ្រើស"},{"$i":"selected-threads","$v":{"few":["បាន​ជ្រើស ",{"t":"idOrVar","v":"n"}],"many":["បាន​ជ្រើស ",{"t":"idOrVar","v":"n"}],"one":["បាន​ជ្រើស ",{"t":"idOrVar","v":"n"}],"other":["បាន​ជ្រើស ",{"t":"idOrVar","v":"n"}],"two":["បាន​ជ្រើស ",{"t":"idOrVar","v":"n"}],"zero":"បាន​ជ្រើស 0"},"$x":[{"t":"idOrVar","v":"plural"},"n"]},{"$i":"selected-messages","$v":{"few":["បាន​ជ្រើស ",{"t":"idOrVar","v":"n"}],"many":["បាន​ជ្រើស ",{"t":"idOrVar","v":"n"}],"one":["បាន​ជ្រើស ",{"t":"idOrVar","v":"n"}],"other":["បាន​ជ្រើស ",{"t":"idOrVar","v":"n"}],"two":["បាន​ជ្រើស ",{"t":"idOrVar","v":"n"}],"zero":"បាន​ជ្រើស 0"},"$x":[{"t":"idOrVar","v":"plural"},"n"]},{"$i":"selectThreads-label","$v":"ជ្រើស​បណ្ដុំ​សារ"},{"$i":"selectMessages-label","$v":"ជ្រើស​សារ"},{"$i":"new-message","$v":"សារ​ថ្មី"},{"$i":"delete-thread","$v":"លុប​បណ្ដុំ​សារ"},{"$i":"create-new-contact","$v":"បង្កើត​ទំ.ទំ.​ថ្មី"},{"$i":"add-to-contact","$v":"បន្ថែម​ចូល​ទំនាក់ទំនង​ដែល​មាន​ស្រាប់"},{"$i":"select-thread","$v":"ជ្រើស​បណ្ដុំ​សារ"},{"$i":"settings","$v":"ការកំណត់"},{"$i":"select-all","$v":"ជ្រើស​ទាំង​អស់"},{"$i":"deselect-all","$v":"ដក​ការជ្រើស​ទាំង​អស់"},{"$i":"select","$v":"ជ្រើស"},{"$i":"sk-save-as-draft","$v":"រក្សា​ទុក​ជា​ពង្រាង"},{"$i":"next","$v":"បន្ទាប់"},{"$i":"send","$v":"ផ្ញើ"},{"$i":"add-contact","$v":"បន្ថែម​ទំនាក់ទំនង"},{"$i":"add-suggestion","$v":"ជ្រើស"},{"$i":"add-subject","$v":"បន្ថែម​ប្រធាន​បទ"},{"$i":"remove-subject","$v":"លុប​ប្រធាន​បទ​ចេញ"},{"$i":"add-attachment","$v":"បន្ថែម​ឯកសារ​ភ្ជាប់"},{"$i":"remove-attachment","$v":"លុប​ឯកសារ​ភ្ជាប់​ចេញ"},{"$i":"replace-attachment","$v":"ប្ដូរ​ឯកសារ​ភ្ជាប់"},{"$i":"select-messages","$v":"ជ្រើស​សារ"},{"$i":"call","$v":"ការហៅ"},{"$i":"forward","$v":"បញ្ជូន​បន្ត"},{"$i":"view-message-report","$v":"មើល​ព័ត៌មាន​សារ​លម្អិត"},{"$i":"cancel-view-report","$v":"បោះ​បង់"},{"$i":"ok","$v":"យល់​ព្រម"},{"$i":"enter","$v":"បញ្ចូល"},{"$i":"open","$v":"បើក"},{"$i":"to","$v":"ទៅ"},{"$i":"new","$v":"ថ្មី"},{"$i":"message","$v":"សារ"},{"$i":"messagesInput_placeholder","$v":"សារ"},{"$i":"messagesSubjectInput_placeholder","$v":"ប្រធាន​បទ"},{"$i":"subjectComposerInput_placeholder","$v":"ប្រធាន​បទ"},{"$i":"converted-to-mms","$v":"បម្លែង​ជា​សារ​មេឌៀ​ចម្រុះ។"},{"$i":"converted-to-sms","$v":"បម្លែង​ជា​សារ​អត្ថបទ។"},{"$i":"messages-max-length-text","$v":"អ្នក​បាន​ឈាន​ដល់​ប្រវែង​អតិ​បរមា​ហើយ។"},{"$i":"messages-max-subject-length-text","$v":"បាន​ឈាន​ដល់​ប្រវែង​អតិ​បរមា។"},{"$i":"multimedia-message-exceeded-max-length","$v":["សារនេះលើសពីដែនកំណត់ទំហំ ",{"t":"idOrVar","v":"mmsSize"}," MB នៃសារពហុមេឌៀតែមួយ។"]},{"$i":"newMessage","$v":"សារ​ថ្មី"},{"$i":"sendMessage","$v":"ផ្ញើ​សារ"},{"$i":"sendMMSToEmail","$v":"ផ្ញើ​សារ​ពហុ​ព័ត៌មាន"},{"$i":"no-recipient","$v":"(គ្មាន​អ្នក​ទទួល)"},{"$i":"recipient","$v":{"few":["អ្នក​ទទួល ",{"t":"idOrVar","v":"n"}," នាក់"],"many":["អ្នក​ទទួល ",{"t":"idOrVar","v":"n"}," នាក់"],"one":["អ្នក​ទទួល ",{"t":"idOrVar","v":"n"}," នាក់"],"other":["អ្នក​ទទួល ",{"t":"idOrVar","v":"n"}," នាក់"],"two":["អ្នក​ទទួល ",{"t":"idOrVar","v":"n"}," នាក់"]},"$x":[{"t":"idOrVar","v":"plural"},"n"]},{"$i":"attachmentSizeB","$v":[{"t":"idOrVar","v":"n"}," បៃ"]},{"$i":"attachmentSizeKB","$v":[{"t":"idOrVar","v":"n"}," គ.បៃ"]},{"$i":"attachmentSizeMB","$v":[{"t":"idOrVar","v":"n"}," ម.បៃ"]},{"$i":"attachmentOpenError","$v":"គ្មាន​កម្មវិធី​ដែល​អាច​ប្រើ​សម្រាប់​បើក​ប្រភេទ​ឯកសារ​នេះ​ទេ។"},{"$i":"remove","$v":"លុប​ចេញ"},{"$i":"participant","$v":{"few":["អ្នក​ចូល​រួម ",{"t":"idOrVar","v":"n"}," នាក់"],"many":["អ្នក​ចូល​រួម ",{"t":"idOrVar","v":"n"}," នាក់"],"one":["អ្នក​ចូល​រួម ",{"t":"idOrVar","v":"n"}," នាក់"],"other":["អ្នក​ចូល​រួម ",{"t":"idOrVar","v":"n"}," នាក់"],"two":["អ្នក​ចូល​រួម ",{"t":"idOrVar","v":"n"}," នាក់"]},"$x":[{"t":"idOrVar","v":"plural"},"n"]},{"$i":"message-report","$v":"របាយការណ៍​សារ"},{"$i":"message-type-sms","$v":"សារ​អត្ថបទ (SMS)"},{"$i":"message-type-mms","$v":"សារ​ពហុ​ព័ត៌មាន (MMS)"},{"$i":"sms-report-description","$v":["បាន​ផ្ញើ​សារ​អត្ថបទ (SMS) របស់​អ្នក​នៅ​ថ្ងៃ ",{"t":"idOrVar","v":"datetime"}]},{"$i":"mms-report-description","$v":["បាន​ផ្ញើ​សារ​ពហុ​ព័ត៌មាន (MMS) របស់​អ្នក ក្រោម​ប្រធាន​បទ ",{"t":"idOrVar","v":"subject"}," នៅ​ថ្ងៃ ",{"t":"idOrVar","v":"datetime"}]},{"$i":"mms-no-subject-report-description","$v":["បាន​ផ្ញើ​សារ​ពហុ​ព័ត៌មាន (MMS) របស់​អ្នក​នៅ​ថ្ងៃ ",{"t":"idOrVar","v":"datetime"}]},{"$i":"message-subject","$v":"ប្រធាន​បទ៖"},{"$i":"report-status-error","$v":"មិន​អាច​ផ្ញើ​សារ​បាន"},{"$i":"report-status-not-downloaded","$v":"មិន​បាន​ទាញ​យក"},{"$i":"report-status-delivered","$v":"បាន​ចែកចាយ៖"},{"$i":"report-status-read","$v":"អាន៖"},{"$i":"report-status-pending","$v":"បាន​ស្នើ​របាយការណ៍"},{"$i":"report-status-rejected","$v":"បាន​បដិសេធ​សារ"},{"$i":"message-size-was","$v":"ទំហំ​សារ៖"},{"$i":"report-to-title","$v":"ទៅ"},{"$i":"report-from-title","$v":"ពី"},{"$i":"message-sent","$v":"បាន​ផ្ញើ៖"},{"$i":"message-sending","$v":[{"t":"idOrVar","v":"message-delivery-status-sending"}]},{"$i":"message-received","$v":"បាន​ទទួល៖"},{"$i":"message-via","$v":"តាម៖"},{"$i":"message-resend","$v":"ផ្ញើ​ឡើង​វិញ"},{"$i":"search","$v":"ស្វែង​រក"},{"$i":"unknown-contact-title","$v":"ទំនាក់ទំនង​មិន​ស្គាល់"},{"$i":"phone-type-separator","$v":", "},{"$i":"phone-carrier-separator","$v":" "},{"$i":"thread-participant-separator","$v":", "},{"$i":"replace-draft","$v":"ប្ដូរ​ពង្រាង​ដែល​មាន​ស្រាប់"},{"$i":"save-as-draft","$v":"រក្សា​ទុក"},{"$i":"discard-message","$v":"ចោល"},{"$i":"discard-sms","$v":"តើ​អ្នក​ប្រាកដ​ថា​ចង់​បោះ​បង់​សារ​នេះ​មែន​ឬ?"},{"$i":"discard-new-message","$v":"បោះបង់​សារ​ដែល​អ្នក​កំពុង​សរសេរ ហើយ​បើក​សារ​ថ្មី​ឬ?"},{"$i":"resend-confirmation","$v":"មិន​អាច​ផ្ញើ​សារ​បាន​ទេ។ តើ​ព្យាយាម​ម្ដង​ទៀត​ឬ?"},{"$i":"resend-message","$v":"ផ្ញើ​សារ​នេះ​ឡើង​វិញ"},{"$i":"deleteMessage-confirmation","$v":"លុប​សារ​ដែល​បាន​ជ្រើស​ឬ?"},{"$i":"deleteMessages-confirmation","$v":"លុប​សារ​ដែល​បាន​ជ្រើស​ឬ?"},{"$i":"deleteThreads-confirmation2","$v":{"one":"លុប​បណ្ដុំ​សារ​ដែល​បាន​ជ្រើស​ឬ?","other":"លុប​បណ្ដុំ​សារ​ដែល​បាន​ជ្រើស​ឬ?"},"$x":[{"t":"idOrVar","v":"plural"},"n"]},{"$i":"new-message-notice-text","$v":"សារ​ថ្មី​ពី"},{"$i":"new-message-notice-a-text","$v":"អាន​វា"},{"$i":"noMessages-title","$v":"គ្មាន​សារ​ទេ"},{"$i":"noMessages-text","$v":"ចុច ថ្មី ដើម្បី​ចាប់​ផ្ដើម​ទាក់ទង។"},{"$i":"sendDefaultErrorTitle","$v":"ការបញ្ជូនបរាជ័យ"},{"$i":"sendDefaultErrorBody","$v":"មាន​បញ្ហា​ក្នុង​ការផ្ញើ​សារ។ សូម​ព្យាយាម​ម្ដង​ទៀត។"},{"$i":"sendDefaultErrorBtnOk","$v":"យល់​ព្រម"},{"$i":"sendMissingSimCardTitle","$v":"ការបញ្ជូនបរាជ័យ"},{"$i":"sendMissingSimCardBody","$v":"ស៊ក​បញ្ចូល​ស៊ីម​កាត​ត្រឹមត្រូវ​ដើម្បី​បន្ត។"},{"$i":"sendMissingSimCardBtnOk","$v":"យល់​ព្រម"},{"$i":"sendFlightModeTitle","$v":"ការបញ្ជូនបរាជ័យ"},{"$i":"sendFlightModeBody","$v":"បិទ​ម៉ូដ​យន្តហោះ​ដើម្បី​ផ្ញើ​សារ។"},{"$i":"sendFlightModeBtnOk","$v":"យល់​ព្រម"},{"$i":"radioDisabledToDownloadTitle","$v":"ទាញយកបរាជ័យ"},{"$i":"radioDisabledToDownloadBody","$v":"បិទ​ទម្រង់​លើ​យន្តហោះ​ដើម្បី​ទាញ​យក​ឯកសារ​ភ្ជាប់។"},{"$i":"radioDisabledToDownloadBtnOk","$v":[{"t":"idOrVar","v":"sendFlightModeBtnOk"}]},{"$i":"downloadDefaultErrorTitle","$v":"ទាញយកបរាជ័យ"},{"$i":"downloadDefaultErrorBody","$v":"មានបញ្ហាក្នុងការទាញយកសារ។ សូម​ព្យាយាម​ម្តង​ទៀត។"},{"$i":"downloadDefaultErrorBtnOk","$v":[{"t":"idOrVar","v":"sendDefaultErrorBtnOk"}]},{"$i":"fdnErrorTitle","$v":"ការបញ្ជូនបរាជ័យ"},{"$i":"needConnectWifiBody","$v":"គ្មាន​បណ្ដាញ​ទិន្នន័យ​ចល័ត​ដែល​អាច​រក​បាន​ទេ។ ភ្ជាប់​ទៅ​បណ្ដាញ Wi-Fi ដែល​មាន​ដើម្បី​ផ្ញើ​សារ។"},{"$i":"needConnectWifiTitle","$v":"មិន​បាន​ផ្ញើ​សារ​ទេ"},{"$i":"mmsChanelUsedBody","$v":"មាន MMS កំពុង​ផ្ញើ​ដោយ​ការជាវ​ដែល​មិន​ប្រើ DDS សូម​រង់ចាំ​ឱ្យ​ដំណើរការ​ផ្ញើ​ចប់​សិន។"},{"$i":"mmsChanelUsedTitle","$v":"បាន​ប្រើ​ប៉ុស្តិ៍ MMS"},{"$i":"sms-counter-notice-label","$v":["កែ​សម្រួល SMS ",{"t":"idOrVar","v":"number"}]},{"$i":"fdnErrorBody","$v":{"few":"FDN (លេខ​ហៅ​ដែល​បាន​កំណត់) ត្រូវ​បាន​ដាក់​ដំណើរការ។ ត្រូវ​ប្រាកដ​ថា មជ្ឈមណ្ឌល SMS និង​អ្នក​ទទួល​ខាង​ក្រោម​ស្ថិត​ក្នុង​បញ្ជី FDN របស់​អ្នក។","many":"FDN (លេខ​ហៅ​ដែល​បាន​កំណត់) ត្រូវ​បាន​ដាក់​ដំណើរការ។ ត្រូវ​ប្រាកដ​ថា មជ្ឈមណ្ឌល SMS និង​អ្នក​ទទួល​ខាង​ក្រោម​ស្ថិត​ក្នុង​បញ្ជី FDN របស់​អ្នក។","one":"FDN (លេខ​ហៅ​ដែល​បាន​កំណត់) ត្រូវ​បាន​ដាក់​ដំណើរការ។ ត្រូវ​ប្រាកដ​ថា មជ្ឈមណ្ឌល SMS និង​អ្នក​ទទួល​ខាង​ក្រោម​ស្ថិត​ក្នុង​បញ្ជី FDN របស់​អ្នក។","other":"FDN (លេខ​ហៅ​ដែល​បាន​កំណត់) ត្រូវ​បាន​ដាក់​ដំណើរការ។ ត្រូវ​ប្រាកដ​ថា មជ្ឈមណ្ឌល SMS និង​អ្នក​ទទួល​ខាង​ក្រោម​ស្ថិត​ក្នុង​បញ្ជី FDN របស់​អ្នក។","two":"FDN (លេខ​ហៅ​ដែល​បាន​កំណត់) ត្រូវ​បាន​ដាក់​ដំណើរការ។ ត្រូវ​ប្រាកដ​ថា មជ្ឈមណ្ឌល SMS និង​អ្នក​ទទួល​ខាង​ក្រោម​ស្ថិត​ក្នុង​បញ្ជី FDN របស់​អ្នក។"},"$x":[{"t":"idOrVar","v":"plural"},"n"]},{"$i":"fdnErrorBtnOk","$v":"យល់​ព្រម"},{"$i":"sendNoSignalErrorTitle","$v":"ការបញ្ជូនបរាជ័យ"},{"$i":"sendNoSignalErrorBody","$v":"ត្រូវ​ប្រាកដ​ថា អ្នក​មាន​សញ្ញា​ទូរស័ព្ទ​ចល័ត ហើយ​ព្យាយាម​ម្ដង​ទៀត។"},{"$i":"sendNoSignalErrorBtnOk","$v":"យល់​ព្រម"},{"$i":"sendNotFoundErrorTitle","$v":"ការបញ្ជូនបរាជ័យ"},{"$i":"sendNotFoundErrorBody","$v":"សារ​ដែល​អ្នក​កំពុង​រក​លែង​មាន​ទៀត​ហើយ។"},{"$i":"sendNotFoundErrorBtnOk","$v":"យល់​ព្រម"},{"$i":"sendInvalidAddressErrorTitle","$v":"ការបញ្ជូនបរាជ័យ"},{"$i":"sendInvalidAddressErrorBody","$v":"ត្រូវ​ប្រាកដ​ថា លេខ​ទូរស័ព្ទ​ចល័ត​ដែល​អ្នក​កំពុង​ផ្ញើ​ទៅ​ត្រឹមត្រូវ។"},{"$i":"sendInvalidAddressErrorBtnOk","$v":"យល់​ព្រម"},{"$i":"simNotMatchedErrorTitle","$v":"មិន​អាច​ភ្ជាប់​បាន​ទេ"},{"$i":"simNotMatchedErrorBody","$v":"សូម​ប្រាកដ​ថា ស៊ីម​កាត​ដែល​ស៊ក​បញ្ចូល​ជា​ស៊ីម​ដែល​ប្រើ​សម្រាប់​ទទួល​សារ​នេះ។"},{"$i":"simNotMatchedErrorBtnOk","$v":"យល់​ព្រម"},{"$i":"netWorkErrorTitle","$v":"បញ្ហា​បណ្ដាញ"},{"$i":"netWorkErrorBody","$v":"បណ្ដាញ​មាន​បញ្ហា​មួយ​ចំនួន សូម​ពិនិត្យ​មើល​វា​ជា​មុន​សិន។"},{"$i":"netWorkErrorBtnOk","$v":"យល់ព្រម"},{"$i":"deleted-sms","$v":"បាន​លុប​សារ​នេះ​រួច​ហើយ។"},{"$i":"view-attachment-image","$v":"មើល"},{"$i":"view-attachment-audio","$v":"ស្ដាប់"},{"$i":"view-attachment-video","$v":"មើល"},{"$i":"view-attachment-other","$v":"មើល"},{"$i":"remove-attachment-image","$v":"លុប​រូបភាព​ចេញ"},{"$i":"remove-attachment-audio","$v":"លុប​អូឌីយ៉ូ​ចេញ"},{"$i":"remove-attachment-video","$v":"លុប​វីដេអូ​ចេញ"},{"$i":"remove-attachment-other","$v":"លុប​ឯកសារ​ភ្ជាប់​ចេញ"},{"$i":"replace-attachment-image","$v":"ប្ដូរ​រូបភាព"},{"$i":"replace-attachment-audio","$v":"ប្ដូរ​អូឌីយ៉ូ"},{"$i":"replace-attachment-video","$v":"ប្ដូរ​វីដេអូ"},{"$i":"replace-attachment-other","$v":"ប្ដូរ​ឯកសារ​ភ្ជាប់"},{"$i":"unsent-message-title","$v":"សារ​មិន​បាន​ផ្ញើ"},{"$i":"unsent-message-description","$v":"មិន​បាន​ផ្ញើ​សារ​ពី​មុន​របស់​អ្នក​ទេ។ តើ​អ្នក​ចង់​កែ​សម្រួល​សារ​ដែល​មិន​បាន​ផ្ញើ ឬ​បោះ​បង់​វា រួច​បន្ត?"},{"$i":"unsent-message-option-edit","$v":"កែ​សម្រួល"},{"$i":"unsent-message-option-discard","$v":"បោះបង់"},{"$i":"message-options","$v":"ជម្រើស​សារ"},{"$i":"select-text","$v":"ជ្រើស​អត្ថបទ"},{"$i":"mobile","$v":"ចល័ត"},{"$i":"home","$v":"ផ្ទះ"},{"$i":"work","$v":"ការងារ"},{"$i":"personal","$v":"ផ្ទាល់​ខ្លួន"},{"$i":"faxHome","$v":"ទូរសារ​ផ្ទះ"},{"$i":"faxOffice","$v":"ទូរសារ​ការិយាល័យ"},{"$i":"faxOther","$v":"ទូរសារ​ផ្សេង​ទៀត"},{"$i":"another","$v":"មួយ​ទៀត"},{"$i":"other","$v":"ផ្សេង"},{"$i":"today","$v":"ថ្ងៃ​នេះ"},{"$i":"yesterday","$v":"ម្សិល​មិញ"},{"$i":"incorrectDate","$v":"(កាល​បរិច្ឆេទ​ខុស)"},{"$i":"addToExistingContact","$v":"ថែម​ទៅ​ទំនាក់ទំនង​ដែល​មាន"},{"$i":"createNewContact","$v":"បង្កើត​ទំនាក់ទំនង​ថ្មី"},{"$i":"viewContact","$v":"មើល​ទំនាក់​ទំនង"},{"$i":"sendEmail","$v":"ផ្ញើ​អ៊ីមែល"},{"$i":"mms-message","$v":"សារ MMS"},{"$i":"notDownloaded-title","$v":"មិន​ទាន់​ទាញ​យក​សារ​នៅ​ឡើយ​ទេ។"},{"$i":"tobedownloaded-attachment","$v":["អ្នក​បាន​ទទួល​សារ​ពហុ​ព័ត៌មាន ចុច​ទាញ​យក​ដើម្បី​ទាញ​ខ្លឹមសារ​វា មុន​ថ្ងៃ ",{"t":"idOrVar","v":"date"},"។"]},{"$i":"expired-attachment","$v":["សូម​អភ័យ​ទោស សារ​បាន​ផុត​កំណត់​នៅ​ថ្ងៃ ",{"t":"idOrVar","v":"date"}," ហើយ​មិន​អាច​ទាញ​យក​បាន​ទេ។"]},{"$i":"download-attachment","$v":"ទាញ​យក"},{"$i":"downloading-attachment","$v":"កំពុង​ទាញ​យក…"},{"$i":"download-complete","$v":"ការទាញ​យក​បញ្ចប់"},{"$i":"unnamed-attachment","$v":"គ្មាន​ចំណង​ជើង"},{"$i":"mms-label","$v":"MMS"},{"$i":"group-label","$v":"ក្រុម"},{"$i":"attached-files-too-large","$v":{"few":["សារ​ទាំង​នេះ​លើស​ទំហំ​កំណត់ ",{"t":"idOrVar","v":"mmsSize"}," គ.បមេកា​បៃ របស់​សារ​ពហុ​ព័ត៌មាន​មួយ។"],"many":["សារ​ទាំង​នេះ​លើស​ទំហំ​កំណត់ ",{"t":"idOrVar","v":"mmsSize"}," គ.បមេកា​បៃ របស់​សារ​ពហុ​ព័ត៌មាន​មួយ។"],"one":["សារ​នេះ​លើស​ដែន​កម្រិត​ទំហំ ",{"t":"idOrVar","v":"mmsSize"}," គ.ប របស់​សារ​ពហុ​ព័ត៌មាន​មួយ។"],"other":["សារ​ទាំង​នេះ​លើស​ទំហំ​កំណត់ ",{"t":"idOrVar","v":"mmsSize"}," គ.បមេកា​បៃ របស់​សារ​ពហុ​ព័ត៌មាន​មួយ។"],"two":["សារ​ទាំង​នេះ​លើស​ទំហំ​កំណត់ ",{"t":"idOrVar","v":"mmsSize"}," គ.បមេកា​បៃ របស់​សារ​ពហុ​ព័ត៌មាន​មួយ។"],"zero":["សារ​ទាំង​នេះ​លើស​ទំហំ​កំណត់ ",{"t":"idOrVar","v":"mmsSize"}," គ.បមេកា​បៃ របស់​សារ​ពហុ​ព័ត៌មាន​មួយ។"]},"$x":[{"t":"idOrVar","v":"plural"},"n"]},{"$i":"resize-image","$v":"ប្ដូរ​ទំហំ​រូប​ភ្ជាប់"},{"$i":"no-attachment-text","$v":"មាន​បញ្ហា​ជាមួយ​ឯកសារ​ភ្ជាប់ ហើយ​មិន​អាច​ទាញ​យក​វា​បាន​ទេ។"},{"$i":"message-draft-saved","$v":"បាន​រក្សា​ទុក​សារ​ជា​ពង្រាង"},{"$i":"sim-id-label","$v":["ស៊ីម ",{"t":"idOrVar","v":"id"}]},{"$i":"sim-detail","$v":["ស៊ីម ",{"t":"idOrVar","v":"id"}," ",{"t":"idOrVar","v":"detailString"}]},{"$i":"dsds-notification-title-with-sim","$v":["(",{"t":"idOrVar","v":"sim"},") ",{"t":"idOrVar","v":"sender"}]},{"$i":"send-button","ariaLabel":"ផ្ញើ"},{"$i":"send-button-sim-indication","$v":[{"t":"idOrVar","v":"n"}],"ariaLabel":["កំពុង​ប្រើ​ស៊ីម ",{"t":"idOrVar","v":"n"}]},{"$i":"expiry-date-format","$v":"%A, %b %e"},{"$i":"attach-button","ariaLabel":"បន្ថែម​ឯកសារ​ភ្ជាប់"},{"$i":"contact-photo","ariaLabel":"រូប​ថត​ទំនាក់ទំនង"},{"$i":"unread-thread","ariaLabel":"មិន​ទាន់​អាន"},{"$i":"has-draft","ariaLabel":"មាន​ពង្រាង"},{"$i":"is-draft","ariaLabel":"ពង្រាង"},{"$i":"message-delivery-status-sending","$v":"ផ្ញើ…"},{"$i":"message-delivery-status-delivered","$v":"បាន​ចែកចាយ"},{"$i":"message-delivery-status-read","ariaLabel":"អាន"},{"$i":"message-delivery-status-error","ariaLabel":"មាន​បញ្ហា"},{"$i":"modal-dialog-ok-button","$v":"យល់​ព្រម"},{"$i":"modal-dialog-cancel-button","$v":"បោះ​បង់"},{"$i":"modal-dialog-default-title","$v":"សារ"},{"$i":"delete-message","$v":"បាន​លុប​សារ"},{"$i":"message-converted-to-toast","$v":["បាន​បម្លែង​សារ​ជា ",{"t":"idOrVar","v":"type"}]},{"$i":"message-sent-toast","$v":"បាន​ផ្ញើ​សារ"},{"$i":"deleteMessage-confirmation2","$v":"លុប​បណ្ដុំ​សារ​ដែល​បាន​ជ្រើស​ឬ?"},{"$i":"deleted-message","$v":{"few":["បាន​លុប​សារ ",{"t":"idOrVar","v":"n"}],"many":["បាន​លុប​សារ ",{"t":"idOrVar","v":"n"}],"one":["បាន​លុប​សារ ",{"t":"idOrVar","v":"n"}],"other":["បាន​លុប​សារ ",{"t":"idOrVar","v":"n"}],"two":["បាន​លុប​សារ ",{"t":"idOrVar","v":"n"}],"zero":"បាន​លុប​សារ 0"},"$x":[{"t":"idOrVar","v":"plural"},"n"]},{"$i":"deleted-threads","$v":{"few":["បាន​លុប​បណ្ដុំ​សារ ",{"t":"idOrVar","v":"n"}],"many":["បាន​លុប​បណ្ដុំ​សារ ",{"t":"idOrVar","v":"n"}],"one":"បាន​លុប​បណ្ដុំ​សារ","other":["បាន​លុប​បណ្ដុំ​សារ ",{"t":"idOrVar","v":"n"}],"two":["បាន​លុប​បណ្ដុំ​សារ ",{"t":"idOrVar","v":"n"}],"zero":"បាន​លុប​បណ្ដុំ​សារ 0"},"$x":[{"t":"idOrVar","v":"plural"},"n"]},{"$i":"wapPushMessages","$v":"សារ​ជូន​ដំណឹង WAP"},{"$i":"auto-retrieve-messages","$v":"ទាញ​សារ​ដោយ​ស្វ័យ​ប្រវត្តិ"},{"$i":"auto-retrieve-messages-title","$v":"ទាញ​សារ​ដោយ​ស្វ័យ​ប្រវត្តិ"},{"$i":"auto-roaming-retrieve","$v":"បើក​ដោយ​មាន​រ៉ូមីង"},{"$i":"auto-no-roaming-retrieve","$v":"បើក​ដោយ​គ្មាន​រ៉ូមីង"},{"$i":"mmsTitle","$v":"ការ​ផ្ញើ​សារ​ពហុ​ព័ត៌មាន (MMS)"},{"$i":"message-delivery-reports","$v":"របាយការណ៍​បញ្ជូន"},{"$i":"message-delivery-reports-title","$v":"របាយការណ៍​បញ្ជូន"},{"$i":"messageReport-title","$v":"ព័ត៌មាន​សារ​លម្អិត"},{"$i":"sms-label","$v":"SMS"},{"$i":"messaging-settings","$v":"ការ​កំណត់​ផ្ញើ​សារ"},{"$i":"messagingSettings-header","$v":[{"t":"idOrVar","v":"messaging-settings"}]},{"$i":"confirmation-title","$v":"ការបញ្ជាក់"},{"$i":"draft-save-content","$v":"រក្សា​ទុក​ជា​ពង្រាង"},{"$i":"draft-discard-content","$v":"សារបានចោល"},{"$i":"switch-on","$v":"បើក"},{"$i":"switch-off","$v":"បិទ"},{"$i":"auto-retrieve-desc","$v":"ទាញ​សារ​ដោយ​ស្វ័យ​ប្រវត្តិ"},{"$i":"confirm-dialog-ok","$v":"យល់ព្រម"},{"$i":"yes","$v":"បាទ/ចាស"},{"$i":"no","$v":"ទេ"},{"$i":"delete-current-thread?","$v":"លុប​បណ្ដុំ​សារ​ដែល​បាន​ជ្រើស​ឬ?"},{"$i":"attention","$v":"បម្រុង​ប្រយ័ត្ន"},{"$i":"delivery-title","$v":"ការផ្ញើ​សារ​អត្ថបទ (SMS)"},{"$i":"send-failed","$v":"ផ្ញើ​មិន​បាន​សម្រេច។"},{"$i":"subject-removed","$v":"បាន​លុប​ប្រធាន​បទ​ចេញ។"},{"$i":"data-storage-limit-alert-title","$v":"ទូរសព្ទ​អស់​ទំហំ​ផ្ទុក​ទំនេរ។"},{"$i":"data-storage-limit-send-body","$v":"មិនអាចផ្ញើរ MMS។ លុបសារផ្សេងៗ ឬចូលទៅកាន់ Settings ដើម្បីបង្កើនទំហំរក្សាទុក។"},{"$i":"data-storage-limit-download-body","$v":"មិន​អាចទាញយក MMS។ លុបសារផ្សេងៗ ឬចូលទៅកាន់ Settings ដើម្បីបង្កើនទំហំរក្សាទុក។"},{"$i":"data-storage-limit-alert-cancel","$v":"បោះបង់"},{"$i":"data-storage-limit-alert-setting","$v":"ការ​កំណត់"},{"$i":"recipient-repeat","$v":"ចម្លង​ទំនាក់ទំនង។"},{"$i":"email","$v":"អ៊ីមែល"},{"$i":"options","$v":"ជម្រើស"},{"$i":"emergency-alert-title","$v":"សារ​ជូន​ដំណឹង​បន្ទាន់"},{"$i":"emergency-alert","$v":"សារ​ជូន​ដំណឹង​បន្ទាន់"},{"$i":"wappushNormal","$v":"សារ​ជូន​ដំណឹង WAP"},{"$i":"wappushSIM1","$v":"សារ​ជូន​ដំណឹង WAP - ស៊ីម 1"},{"$i":"wappushSIM2","$v":"សារ​ជូន​ដំណឹង WAP - ស៊ីម 2"},{"$i":"not-assigned","$v":"មិន​បាន​កំណត់​ដាក់"},{"$i":"switchSIMDataSendAlertTitle","$v":"មិន​អាច​ផ្ញើ MMS បាន។"},{"$i":"switchSIMDataSendAlertBody","$v":["ដើម្បី​ផ្ញើ MMS អ្នក​ត្រូវ​ប្ដូរ​ស៊ីម​កាត​សម្រាប់​ទិន្នន័យ​ទៅ​ជា​ស៊ីម ",{"t":"idOrVar","v":"nonActiveSimId"}," ក្នុង​ការកំណត់​កម្មវិធី​គ្រប់គ្រង​ស៊ីម។"]},{"$i":"switchSIMDataSendAlertDesc","$v":"សូម​ទៅ​កាន់​កម្មវិធី​ការកំណត់​ដើម្បី​ធ្វើ​បច្ចុប្បន្នភាព​ការកំណត់។"},{"$i":"switchSIMDataReceiveAlertTitle","$v":"មិន​អាច​ទទួល MMS បាន។"},{"$i":"switchSIMDataReceiveAlertBody","$v":["ដើម្បី​ទទួល​បាន MMS អ្នក​ត្រូវ​ប្ដូរ​ស៊ីម​កាត​សម្រាប់​ទិន្នន័យ​ទៅ​ជា​ស៊ីម ",{"t":"idOrVar","v":"nonActiveSimId"}," ក្នុង​ការកំណត់​កម្មវិធី​គ្រប់គ្រង​ស៊ីម។"]},{"$i":"switchSIMDataReceiveAlertDesc","$v":"សូម​ទៅ​កាន់​កម្មវិធី​ការកំណត់​ដើម្បី​ធ្វើ​បច្ចុប្បន្នភាព​ការកំណត់។"},{"$i":"group-message","$v":"សារ​ក្រុម"},{"$i":"individual-message","$v":"សារ​សម្រាប់​ម្នាក់ៗ"},{"$i":"group-message-alert-title","$v":"សារ​ក្រុម"},{"$i":"group-message-alert-body","$v":"បង្កើត​សារ​ក្រុម​ឬ? (សារ​ក្រុម​នឹង​ត្រូវ​បាន​ផ្ញើ​តាម MMS និង SMS ដែល​នាំ​ឱ្យ​ក្រុមហ៊ុន​ផ្ដល់​សេវា​ឥត​ខ្សែ​របស់​សារ គិត​លុយ​បន្ថែម ផ្អែក​តាម​គម្រោង​សេវា។)"},{"$i":"group-message-individual","$v":"សម្រាប់​ម្នាក់ៗ"},{"$i":"group-message-setting","$v":"បង្កើត​ក្រុម"},{"$i":"new-message-individual","$v":"សារ​ថ្មី (ម្នាក់ៗ)"},{"$i":"new-message-group","$v":"សារ​ថ្មី (ក្រុម)"},{"$i":"no-phone-number","$v":"មិន​បាន​កំណត់​ឱ្យ"},{"$i":"device-phone-number","$v":"លេខ​ទូរសព្ទ​របស់​ខ្ញុំ"},{"$i":"group-message-phone","$v":"សារ​ក្រុម"},{"$i":"my-phone-number","$v":"លេខ​ទូរសព្ទ​របស់​ខ្ញុំ"},{"$i":"delivery-notification","$v":"បាន​បញ្ជូន​សារ"},{"$i":"wait","$v":"កំពុង​រង់ចាំ"},{"$i":"isTextTooLongAlert","$v":"លើស​ប្រវែង​សារ​វែង​បំផុត។"},{"$i":"video-call","$v":"ហៅ​វីដេអូ"},{"$i":"normal-call","$v":"ហៅ"},{"$i":"attachment","$v":"ឯកសារភ្ជាប់"},{"$i":"limit-MMS-recipients","$v":"អាច​ផ្ញើ​ទៅ​អ្នក​ទទួល​បាន​ដល់​ត្រឹម 20 នាក់​ប៉ុណ្ណោះ​ក្នុង MMS មួយ។"},{"$i":"block-contact","$v":"ទប់ស្កាត់​ទំនាក់ទំនង"},{"$i":"blocked","$v":"ទប់ស្កាត់"},{"$i":"unblocked","$v":"មិនទប់ស្កាត់"},{"$i":"rtt-call","$v":"ការហៅ RTT"},{"$i":"remove-all-attachments","$v":"លុប​ឯកសារ​ភ្ជាប់​ទាំង​អស់​ចេញ"},{"$i":"block-confirmation","$v":"អ្នក​នឹង​មិន​ទទួល​បាន​ការហៅ​ទូរសព្ទ និង​សារ​ពី​អ្នក​នៅ​លើ​បញ្ជី​ទប់ស្កាត់​ទេ។"},{"$i":"space-low-not-save","$v":"អង្គ​ចង​ចាំ​ទូរស័ព្ទ​ពេញ មិន​អាច​រក្សា​ទុក​ឯកសារគំរូ​បាន។"},{"$i":"sms-encoding-mode","$v":"ការអ៊ិនកូដ Sms"},{"$i":"sms-reduced-format","$v":"ទម្រង់​កាត់"},{"$i":"sms-full-format","$v":"ទម្រង់​ពេញ"},{"$i":"smscNormal","$v":"មជ្ឈមណ្ឌល​សេវា"},{"$i":"smscSIM1","$v":"មជ្ឈមណ្ឌល​សេវា​ស៊ីម1"},{"$i":"smscSIM2","$v":"មជ្ឈមណ្ឌល​សេវា​ស៊ីម2"},{"$i":"withoutDataTitle","$v":"បញ្ហា"},{"$i":"withoutDataBody","$v":"សូម​បើក​ការភ្ជាប់​ទិន្នន័យ​នៅ​ក្នុង​ការកំណត់ ដើម្បី​ផ្ញើ ឬ​ទាញយក​សារ MMS"},{"$i":"withoutDataBtnOk","$v":"យល់ព្រម"},{"$i":"withoutDataBtnSettings","$v":"ការ​កំណត់"},{"$i":"weekday-0-long","$v":"អាទិត្យ"},{"$i":"weekday-1-long","$v":"ចន្ទ"},{"$i":"weekday-2-long","$v":"អង្គារ"},{"$i":"weekday-3-long","$v":"ពុធ"},{"$i":"weekday-4-long","$v":"ព្រហស្បតិ៍"},{"$i":"weekday-5-long","$v":"សុក្រ"},{"$i":"weekday-6-long","$v":"សៅរ៍"},{"$i":"weekday-0-short","$v":"អា"},{"$i":"weekday-1-short","$v":"ច"},{"$i":"weekday-2-short","$v":"អ"},{"$i":"weekday-3-short","$v":"ពុ"},{"$i":"weekday-4-short","$v":"ព្រ"},{"$i":"weekday-5-short","$v":"សុ"},{"$i":"weekday-6-short","$v":"ស"},{"$i":"month-0-long","$v":"មករា"},{"$i":"month-1-long","$v":"កុម្ភៈ"},{"$i":"month-2-long","$v":"មីនា"},{"$i":"month-3-long","$v":"មេសា"},{"$i":"month-4-long","$v":"ឧសភា"},{"$i":"month-5-long","$v":"មិថុនា"},{"$i":"month-6-long","$v":"កក្កដា"},{"$i":"month-7-long","$v":"សីហា"},{"$i":"month-8-long","$v":"កញ្ញា"},{"$i":"month-9-long","$v":"តុលា"},{"$i":"month-10-long","$v":"វិច្ឆិកា"},{"$i":"month-11-long","$v":"ធ្នូ"},{"$i":"month-0-genitive","$v":"មករា"},{"$i":"month-1-genitive","$v":"កុម្ភៈ"},{"$i":"month-2-genitive","$v":"មីនា"},{"$i":"month-3-genitive","$v":"មេសា"},{"$i":"month-4-genitive","$v":"ឧសភា"},{"$i":"month-5-genitive","$v":"មិថុនា"},{"$i":"month-6-genitive","$v":"កក្កដា"},{"$i":"month-7-genitive","$v":"សីហា"},{"$i":"month-8-genitive","$v":"កញ្ញា"},{"$i":"month-9-genitive","$v":"តុលា"},{"$i":"month-10-genitive","$v":"វិច្ឆិកា"},{"$i":"month-11-genitive","$v":"ធ្នូ"},{"$i":"month-0-short","$v":"មករា"},{"$i":"month-1-short","$v":"កុម្ភៈ"},{"$i":"month-2-short","$v":"មីនា"},{"$i":"month-3-short","$v":"មេសា"},{"$i":"month-4-short","$v":"ឧសភា"},{"$i":"month-5-short","$v":"មិថុនា"},{"$i":"month-6-short","$v":"កក្កដា"},{"$i":"month-7-short","$v":"សីហា"},{"$i":"month-8-short","$v":"កញ្ញា"},{"$i":"month-9-short","$v":"តុលា"},{"$i":"month-10-short","$v":"វិច្ឆិកា"},{"$i":"month-11-short","$v":"ធ្នូ"},{"$i":"minutes-ago-long","$v":{"few":[{"t":"idOrVar","v":"value"}," នាទី​មុន"],"many":[{"t":"idOrVar","v":"value"}," នាទី​មុន"],"one":"មួយ​នាទី​មុន","other":[{"t":"idOrVar","v":"value"}," នាទី​មុន"],"two":[{"t":"idOrVar","v":"value"}," នាទី​មុន"],"zero":"អម្បាញ់​មិញ"},"$x":[{"t":"idOrVar","v":"plural"},"value"]},{"$i":"hours-ago-long","$v":{"few":[{"t":"idOrVar","v":"value"}," ម៉ោង​មុន"],"many":[{"t":"idOrVar","v":"value"}," ម៉ោង​មុន"],"one":"មួយ​ម៉ោង​មុន","other":[{"t":"idOrVar","v":"value"}," ម៉ោង​មុន"],"two":[{"t":"idOrVar","v":"value"}," ម៉ោង​មុន"],"zero":"អម្បាញ់​មិញ"},"$x":[{"t":"idOrVar","v":"plural"},"value"]},{"$i":"days-ago-long","$v":{"few":[{"t":"idOrVar","v":"value"}," ថ្ងៃ​មុន"],"many":[{"t":"idOrVar","v":"value"}," ថ្ងៃ​មុន"],"one":"ម្សិល​មិញ","other":[{"t":"idOrVar","v":"value"}," ថ្ងៃ​មុន"],"two":[{"t":"idOrVar","v":"value"}," ថ្ងៃ​មុន"],"zero":"ថ្ងៃ​នេះ"},"$x":[{"t":"idOrVar","v":"plural"},"value"]},{"$i":"weeks-ago-long","$v":{"few":[{"t":"idOrVar","v":"value"}," សប្ដាហ៍​មុន"],"many":[{"t":"idOrVar","v":"value"}," សប្ដាហ៍​មុន"],"one":"សប្ដាហ៍​មុន","other":[{"t":"idOrVar","v":"value"}," សប្ដាហ៍​មុន"],"two":[{"t":"idOrVar","v":"value"}," សប្ដាហ៍​មុន"],"zero":"សប្ដាហ៍​នេះ"},"$x":[{"t":"idOrVar","v":"plural"},"value"]},{"$i":"months-ago-long","$v":{"few":[{"t":"idOrVar","v":"value"}," ខែ​មុន"],"many":[{"t":"idOrVar","v":"value"}," ខែ​មុន"],"one":"ខែ​មុន","other":[{"t":"idOrVar","v":"value"}," ខែ​មុន"],"two":[{"t":"idOrVar","v":"value"}," ខែ​មុន"],"zero":"ខែ​នេះ"},"$x":[{"t":"idOrVar","v":"plural"},"value"]},{"$i":"years-ago-long","$v":{"few":[{"t":"idOrVar","v":"value"}," ឆ្នាំ​មុន"],"many":[{"t":"idOrVar","v":"value"}," ឆ្នាំ​មុន"],"one":"ឆ្នាំ​មុន","other":[{"t":"idOrVar","v":"value"}," ឆ្នាំ​មុន"],"two":[{"t":"idOrVar","v":"value"}," ឆ្នាំ​មុន"],"zero":"ឆ្នាំ​នេះ"},"$x":[{"t":"idOrVar","v":"plural"},"value"]},{"$i":"minutes-until-long","$v":{"few":["ក្នុង​ពេល ",{"t":"idOrVar","v":"value"}," នាទី"],"many":["ក្នុង​ពេល ",{"t":"idOrVar","v":"value"}," នាទី"],"one":"ក្នុង​ពេល​មួយ​នាទី","other":["ក្នុង​ពេល ",{"t":"idOrVar","v":"value"}," នាទី"],"two":["ក្នុង​ពេល ",{"t":"idOrVar","v":"value"}," នាទី"],"zero":"ឥឡូវ"},"$x":[{"t":"idOrVar","v":"plural"},"value"]},{"$i":"hours-until-long","$v":{"few":["ក្នុង​ពេល ",{"t":"idOrVar","v":"value"}," ម៉ោង"],"many":["ក្នុង​ពេល ",{"t":"idOrVar","v":"value"}," ម៉ោង"],"one":"ក្នុង​ពេល​មួយ​ម៉ោង","other":["ក្នុង​ពេល ",{"t":"idOrVar","v":"value"}," ម៉ោង"],"two":["ក្នុង​ពេល ",{"t":"idOrVar","v":"value"}," ម៉ោង"],"zero":"ឥឡូវ"},"$x":[{"t":"idOrVar","v":"plural"},"value"]},{"$i":"days-until-long","$v":{"few":["ក្នុង​ពេល ",{"t":"idOrVar","v":"value"}," ថ្ងៃ"],"many":["ក្នុង​ពេល ",{"t":"idOrVar","v":"value"}," ថ្ងៃ"],"one":"ស្អែក","other":["ក្នុង​ពេល ",{"t":"idOrVar","v":"value"}," ថ្ងៃ"],"two":["ក្នុង​ពេល ",{"t":"idOrVar","v":"value"}," ថ្ងៃ"],"zero":"ថ្ងៃ​នេះ"},"$x":[{"t":"idOrVar","v":"plural"},"value"]},{"$i":"weeks-until-long","$v":{"few":["ក្នុង​ពេល ",{"t":"idOrVar","v":"value"}," សប្ដាហ៍"],"many":["ក្នុង​ពេល ",{"t":"idOrVar","v":"value"}," សប្ដាហ៍"],"one":"សប្ដាហ៍​ក្រោយ","other":["ក្នុង​ពេល ",{"t":"idOrVar","v":"value"}," សប្ដាហ៍"],"two":["ក្នុង​ពេល ",{"t":"idOrVar","v":"value"}," សប្ដាហ៍"],"zero":"សប្ដាហ៍​នេះ"},"$x":[{"t":"idOrVar","v":"plural"},"value"]},{"$i":"months-until-long","$v":{"few":["ក្នុង​ពេល ",{"t":"idOrVar","v":"value"}," ខែ"],"many":["ក្នុង​ពេល ",{"t":"idOrVar","v":"value"}," ខែ"],"one":"ខែ​ក្រោយ","other":["ក្នុង​ពេល ",{"t":"idOrVar","v":"value"}," ខែ"],"two":["ក្នុង​ពេល ",{"t":"idOrVar","v":"value"}," ខែ"],"zero":"ខែ​នេះ"},"$x":[{"t":"idOrVar","v":"plural"},"value"]},{"$i":"years-until-long","$v":{"few":["ក្នុង​ពេល ",{"t":"idOrVar","v":"value"}," ឆ្នាំ"],"many":["ក្នុង​ពេល ",{"t":"idOrVar","v":"value"}," ឆ្នាំ"],"one":"ឆ្នាំ​ក្រោយ","other":["ក្នុង​ពេល ",{"t":"idOrVar","v":"value"}," ឆ្នាំ"],"two":["ក្នុង​ពេល ",{"t":"idOrVar","v":"value"}," ឆ្នាំ"],"zero":"ឆ្នាំ​នេះ"},"$x":[{"t":"idOrVar","v":"plural"},"value"]},{"$i":"minutes-ago-short","$v":{"other":[{"t":"idOrVar","v":"value"}," នា. មុន"],"zero":"អម្បាញ់​មិញ"},"$x":[{"t":"idOrVar","v":"plural"},"value"]},{"$i":"hours-ago-short","$v":{"other":[{"t":"idOrVar","v":"value"}," ម៉. មុន"],"zero":"អម្បាញ់​មិញ"},"$x":[{"t":"idOrVar","v":"plural"},"value"]},{"$i":"days-ago-short","$v":{"other":[{"t":"idOrVar","v":"value"}," ថ្ងៃ​មុន"],"zero":"ថ្ងៃ​នេះ"},"$x":[{"t":"idOrVar","v":"plural"},"value"]},{"$i":"minutes-until-short","$v":{"other":["ក្នុង​ពេល ",{"t":"idOrVar","v":"value"}," នា"],"zero":"ឥឡូវ"},"$x":[{"t":"idOrVar","v":"plural"},"value"]},{"$i":"hours-until-short","$v":{"other":["ក្នុងពេល  ",{"t":"idOrVar","v":"value"}," ម៉"],"zero":"ឥឡូវ"},"$x":[{"t":"idOrVar","v":"plural"},"value"]},{"$i":"days-until-short","$v":{"other":["ក្នុង​ពេល ",{"t":"idOrVar","v":"value"}," ថ្ងៃ"],"zero":"ថ្ងៃ​នេះ"},"$x":[{"t":"idOrVar","v":"plural"},"value"]},{"$i":"dateTimeFormat_%c","$v":"%a %b %e %Y %I:%M:%S %p"},{"$i":"dateTimeFormat_%x","$v":"%d/%m/%Y"},{"$i":"dateTimeFormat_%X","$v":"%I:%M:%S %p"},{"$i":"shortTimeFormat","$v":"%I:%M %p"},{"$i":"shortTimeFormat12","$v":"%I:%M %p"},{"$i":"shortTimeFormat24","$v":"%H:%M"},{"$i":"shortDateTimeFormat","$v":"%x %I:%M %p"},{"$i":"weekStartsOnMonday","$v":"0.0"},{"$i":"firstDayOfTheWeek","$v":"0.0"},{"$i":"time_am","$v":"ព្រឹក"},{"$i":"time_pm","$v":"រសៀល"},{"$i":"softkey-options","$v":"ជម្រើស"},{"$i":"emergencyNumber","$v":"លេខ​ហៅ​បន្ទាន់"},{"$i":"callAirplaneModeMessage","$v":"ដើម្បី​ធ្វើ​ការហៅ អ្នក​ត្រូវ​បិទ​ទម្រង់​លើ​យន្តហោះ​ក្នុង​ការកំណត់។"},{"$i":"callAirplaneModeBtnOk","$v":"យល់ព្រម"},{"$i":"callAirplaneModeTitle","$v":"បាន​ដំណើរការ​ទម្រង់​លើ​យន្តហោះ"},{"$i":"numberIsBusyTitle","$v":"លេខ​ជាប់​រវល់"},{"$i":"numberIsBusyMessage","$v":"ឥឡូវ លេខ​កំពុង​ជាប់​រវល់។ សូម​ព្យាយាម​ម្ដង​ទៀត​ពេល​ក្រោយ។"},{"$i":"fdnIsActiveTitle","$v":"FDN ដែល​ដំណើរការ"},{"$i":"fdnIsActiveMessage","$v":["FDN (លេខ​ហៅ​ដែល​បាន​កំណត់) ត្រូវ​បាន​ដាក់​ដំណើរការ ហើយ​លេខ​ដូច​ត​ទៅ​មិន​ស្ថិត​នៅ​ក្នុង​បញ្ជី FDN អ្នក​ទេ៖ ",{"t":"idOrVar","v":"number"}]},{"$i":"emergencyDialogBodyBadNumber","$v":"ដើម្បី​ធ្វើ​ការហៅ ត្រូវ​ភ្ជាប់​ទូរសព្ទ​ទៅ​បណ្ដាញ។"},{"$i":"emergencyDialogBodyDeviceNotAccepted","$v":"បណ្ដាញ​មិន​អនុញ្ញាត​ការហៅ​បន្ទាន់។"},{"$i":"emergencyDialogBtnOk","$v":"យល់ព្រម"},{"$i":"emergencyDialogTitle","$v":"គ្មាន​ការភ្ជាប់​បណ្ដាញ​ទេ"},{"$i":"invalidNumberToDialTitle","$v":"លេខ​ទូរសព្ទ​មិន​ត្រឹមត្រូវ"},{"$i":"invalidNumberToDialMessage","$v":"លេខ​ទូរសព្ទ​ដែល​អ្នក​កំពុង​ហៅ​មិន​ត្រឹមត្រូវ​ទេ។"},{"$i":"unableToCallTitle","$v":"មិន​អាច​ធ្វើ​ការហៅ​បាន​ទេ។ "},{"$i":"unableToCallMessage","$v":"មិន​អាច​ធ្វើ​ការហៅ​ទូរសព្ទ​ឥឡូវ​ទេ"},{"$i":"otherConnectionInUseTitle","$v":"ការភ្ជាប់​ផ្សេង​ជាប់​ប្រើ"},{"$i":"otherConnectionInUseMessage","$v":"អ្នក​មាន​ការហៅ​ដំណើរការ​លើ​ការភ្ជាប់​មួយ​ទៀត។ អ្នក​អាច​ប្រើ​ការភ្ជាប់​ម្ដង​បាន​តែ​មួយ​ប៉ុណ្ណោះ។"},{"$i":"connectingEllipsis","$v":"កំពុង​ភ្ជាប់..."}]