[{"$i":"messages","$v":"Pranešimas"},{"$i":"deleteMessages-title","$v":"Rinktis"},{"$i":"selectThreads-title","$v":"Rinktis"},{"$i":"edit","$v":"Red."},{"$i":"back","$v":"Grįž."},{"$i":"cancel","$v":"Atš."},{"$i":"delete","$v":"Ištrin."},{"$i":"deleting-messages","$v":"Ištrinama…"},{"$i":"deselect","$v":"Atsisak."},{"$i":"selected-threads","$v":{"few":["Pasir.: ",{"t":"idOrVar","v":"n"}],"many":["Pasir.: ",{"t":"idOrVar","v":"n"}],"one":["Pasir.: ",{"t":"idOrVar","v":"n"}],"other":["Pasir.: ",{"t":"idOrVar","v":"n"}],"two":["Pasir.: ",{"t":"idOrVar","v":"n"}],"zero":"0 pasir."},"$x":[{"t":"idOrVar","v":"plural"},"n"]},{"$i":"selected-messages","$v":{"few":["Pasir.: ",{"t":"idOrVar","v":"n"}],"many":["Pasir.: ",{"t":"idOrVar","v":"n"}],"one":["Pasir.: ",{"t":"idOrVar","v":"n"}],"other":["Pasir.: ",{"t":"idOrVar","v":"n"}],"two":["Pasir.: ",{"t":"idOrVar","v":"n"}],"zero":"0 pasir."},"$x":[{"t":"idOrVar","v":"plural"},"n"]},{"$i":"selectThreads-label","$v":"Rinktis gijas"},{"$i":"selectMessages-label","$v":"Rinktis žinutes"},{"$i":"new-message","$v":"Naujas"},{"$i":"delete-thread","$v":"Gijos trynim."},{"$i":"create-new-contact","$v":"Naujo adresato kūr."},{"$i":"add-to-contact","$v":"Įtr. į esamą adresatą"},{"$i":"select-thread","$v":"Rinktis giją"},{"$i":"settings","$v":"Parametrai"},{"$i":"select-all","$v":"Rinktis viską"},{"$i":"deselect-all","$v":"Ats. visų pas."},{"$i":"select","$v":"Rinktis"},{"$i":"sk-save-as-draft","$v":"Išsg. kaip juodr."},{"$i":"next","$v":"Toliau"},{"$i":"send","$v":"Siųsti"},{"$i":"add-contact","$v":"Įtr. adres."},{"$i":"add-suggestion","$v":"Rinktis"},{"$i":"add-subject","$v":"Įtr. temą"},{"$i":"remove-subject","$v":"Temos pašalin."},{"$i":"add-attachment","$v":"Įtrauk. priedą"},{"$i":"remove-attachment","$v":"Priedo pašalinim."},{"$i":"replace-attachment","$v":"Pakeisti priedą"},{"$i":"select-messages","$v":"Rinktis žinutes"},{"$i":"call","$v":"Skam."},{"$i":"forward","$v":"Pers."},{"$i":"view-message-report","$v":"Peržiūrėti išsamią praneš. informaciją"},{"$i":"cancel-view-report","$v":"Atš."},{"$i":"ok","$v":"GERAI"},{"$i":"enter","$v":"Įves."},{"$i":"open","$v":"Atid."},{"$i":"to","$v":"Skirta"},{"$i":"new","$v":"Nauj."},{"$i":"message","$v":"Pranešimas"},{"$i":"messagesInput_placeholder","$v":"Pranešimas"},{"$i":"messagesSubjectInput_placeholder","$v":"Tema"},{"$i":"subjectComposerInput_placeholder","$v":"Tema"},{"$i":"converted-to-mms","$v":"Konvertuoj. į daugiaform. praneš."},{"$i":"converted-to-sms","$v":"Konvertuoj. į tekst. pran."},{"$i":"messages-max-length-text","$v":"Pasiekėte maksimalų ilgį."},{"$i":"messages-max-subject-length-text","$v":"Pasiektas didžiausias temos ilgis."},{"$i":"multimedia-message-exceeded-max-length","$v":["Šis pranešimas viršija vieno daugiaformačio pranešimo ",{"t":"idOrVar","v":"mmsSize"}," MB dydžio limitą."]},{"$i":"newMessage","$v":"Nauj. pran."},{"$i":"sendMessage","$v":"Siųsti pranešimą"},{"$i":"sendMMSToEmail","$v":"Siųsti daugiaf. pranešimą"},{"$i":"no-recipient","$v":"(Gavėjo nėra)"},{"$i":"recipient","$v":{"few":["Gavėjų: ",{"t":"idOrVar","v":"n"}],"many":["Gavėjų: ",{"t":"idOrVar","v":"n"}],"one":[{"t":"idOrVar","v":"n"}," gavėj."],"other":["Gavėjų: ",{"t":"idOrVar","v":"n"}],"two":["Gavėjų: ",{"t":"idOrVar","v":"n"}]},"$x":[{"t":"idOrVar","v":"plural"},"n"]},{"$i":"attachmentSizeB","$v":[{"t":"idOrVar","v":"n"}," B"]},{"$i":"attachmentSizeKB","$v":[{"t":"idOrVar","v":"n"}," KB"]},{"$i":"attachmentSizeMB","$v":[{"t":"idOrVar","v":"n"}," MB"]},{"$i":"attachmentOpenError","$v":"Tokios programos, kuri galėtų atidaryti šio tipo failą, nėra."},{"$i":"remove","$v":"Pašal."},{"$i":"participant","$v":{"few":["Dalyvių: ",{"t":"idOrVar","v":"n"}],"many":["Dalyvių: ",{"t":"idOrVar","v":"n"}],"one":[{"t":"idOrVar","v":"n"}," dalyvis"],"other":["Dalyvių: ",{"t":"idOrVar","v":"n"}],"two":["Dalyvių: ",{"t":"idOrVar","v":"n"}]},"$x":[{"t":"idOrVar","v":"plural"},"n"]},{"$i":"message-report","$v":"Praneš. atask."},{"$i":"message-type-sms","$v":"Tekstinis pranešimas (SMS)"},{"$i":"message-type-mms","$v":"Daugiafor. praneš. (MMS)"},{"$i":"sms-report-description","$v":["Jūsų tekstinis pranešimas (SMS) buvo išsiųstas ",{"t":"idOrVar","v":"datetime"}]},{"$i":"mms-report-description","$v":["Jūsų daugiaformatis pranešimas (MMS), tema ",{"t":"idOrVar","v":"subject"},", buvo išsiųstas ",{"t":"idOrVar","v":"datetime"}]},{"$i":"mms-no-subject-report-description","$v":["Jūsų daugiaformatis pranešimas (MMS) buvo išsiųstas ",{"t":"idOrVar","v":"datetime"}]},{"$i":"message-subject","$v":"Tema:"},{"$i":"report-status-error","$v":"Praneš. išsiųsti nepavyko"},{"$i":"report-status-not-downloaded","$v":"neparsisiųsta"},{"$i":"report-status-delivered","$v":"Pristat.:"},{"$i":"report-status-read","$v":"Pers.:"},{"$i":"report-status-pending","$v":"Gauta ataskaita"},{"$i":"report-status-rejected","$v":"Praneš. atmestas"},{"$i":"message-size-was","$v":"Pran. dydis:"},{"$i":"report-to-title","$v":"Skirta"},{"$i":"report-from-title","$v":"Nuo"},{"$i":"message-sent","$v":"Išsiųsta:"},{"$i":"message-sending","$v":[{"t":"idOrVar","v":"message-delivery-status-sending"}]},{"$i":"message-received","$v":"Gauta:"},{"$i":"message-via","$v":"Per:"},{"$i":"message-resend","$v":"Pers."},{"$i":"search","$v":"Paieš."},{"$i":"unknown-contact-title","$v":"Nežinomas adresatas"},{"$i":"phone-type-separator","$v":", "},{"$i":"phone-carrier-separator","$v":" "},{"$i":"thread-participant-separator","$v":", "},{"$i":"replace-draft","$v":"Pakeisti esamą juodr."},{"$i":"save-as-draft","$v":"Išsg."},{"$i":"discard-message","$v":"Atmesti"},{"$i":"discard-sms","$v":"Ar tikrai norite atmesti šį pranešimą?"},{"$i":"discard-new-message","$v":"Atmesti rašomą pranešimą ir atidaryti naują?"},{"$i":"resend-confirmation","$v":"Pranešimo nepavyko išsiųsti. Bandyti iš naujo?"},{"$i":"resend-message","$v":"Persiųsti šį pran."},{"$i":"deleteMessage-confirmation","$v":"Ištr. pasir. pranešimą?"},{"$i":"deleteMessages-confirmation","$v":"Ištr. pasir. pranešimus?"},{"$i":"deleteThreads-confirmation2","$v":{"one":"Ištrinti pasir. pranešimo giją?","other":"Ištrinti pasir. pranešimo gijas?"},"$x":[{"t":"idOrVar","v":"plural"},"n"]},{"$i":"new-message-notice-text","$v":"Naujas pran. nuo"},{"$i":"new-message-notice-a-text","$v":"Persk."},{"$i":"noMessages-title","$v":"Pran. nėra"},{"$i":"noMessages-text","$v":"Pasp. „Nauj.“ ir pradėkite pokalbį."},{"$i":"sendDefaultErrorTitle","$v":"Siųsti gedimą"},{"$i":"sendDefaultErrorBody","$v":"Siunčiant pranešimą įvyko klaida. Bandykite dar kartą."},{"$i":"sendDefaultErrorBtnOk","$v":"GERAI"},{"$i":"sendMissingSimCardTitle","$v":"Siųsti gedimą"},{"$i":"sendMissingSimCardBody","$v":"Įdėkite tinkamą SIM kortelę ir tęsk."},{"$i":"sendMissingSimCardBtnOk","$v":"GERAI"},{"$i":"sendFlightModeTitle","$v":"Siųsti gedimą"},{"$i":"sendFlightModeBody","$v":"Išjunkite lėktuvo režimą, kad atsisiųstumėte priedus."},{"$i":"sendFlightModeBtnOk","$v":"GERAI"},{"$i":"radioDisabledToDownloadTitle","$v":"Atsisiųsti nesėkmę"},{"$i":"radioDisabledToDownloadBody","$v":"Išjungti lėktuvo režimą ir atsisiųsti priedus."},{"$i":"radioDisabledToDownloadBtnOk","$v":[{"t":"idOrVar","v":"sendFlightModeBtnOk"}]},{"$i":"downloadDefaultErrorTitle","$v":"Atsisiųsti nesėkmę"},{"$i":"downloadDefaultErrorBody","$v":"Išsiųsti pranešimą įvyko klaida. Prašau, pabandykite dar kartą."},{"$i":"downloadDefaultErrorBtnOk","$v":[{"t":"idOrVar","v":"sendDefaultErrorBtnOk"}]},{"$i":"fdnErrorTitle","$v":"Siųsti gedimą"},{"$i":"needConnectWifiBody","$v":"Nėra pasiek. mob. duom. tinklo. Prisij. prie pasiek. „Wi-Fi“ t., kad gal. rašy. pran."},{"$i":"needConnectWifiTitle","$v":"Praneš. neišsiųs."},{"$i":"mmsChanelUsedBody","$v":"Ne DDS prenum. siunčia MMS, palaukite, kol siuntimo procesas bus baigtas."},{"$i":"mmsChanelUsedTitle","$v":"Naudoj. MMS kanal."},{"$i":"sms-counter-notice-label","$v":[{"t":"idOrVar","v":"number"}," SMS redag."]},{"$i":"fdnErrorBody","$v":{"few":"Įjungta FDN (apribotojo rinkimo numerių) funkc. Įsitikinkite, kad SMS centro nr. ir šie gavėjai yra jūsų FDN sąraše:","many":"Įjungta FDN (apribotojo rinkimo numerių) funkc. Įsitikinkite, kad SMS centro nr. ir šie gavėjai yra jūsų FDN sąraše:","one":"Įjungta FDN (apribotojo rinkimo numerių) funkc. Įsitikinkite, kad SMS centro nr. ir šis gavėjas yra jūsų FDN sąraše:","other":"Įjungta FDN (apribotojo rinkimo numerių) funkc. Įsitikinkite, kad SMS centro nr. ir šie gavėjai yra jūsų FDN sąraše:","two":"Įjungta FDN (apribotojo rinkimo numerių) funkc. Įsitikinkite, kad SMS centro nr. ir šie gavėjai yra jūsų FDN sąraše:"},"$x":[{"t":"idOrVar","v":"plural"},"n"]},{"$i":"fdnErrorBtnOk","$v":"GERAI"},{"$i":"sendNoSignalErrorTitle","$v":"Siųsti gedimą"},{"$i":"sendNoSignalErrorBody","$v":"Įsitikink., kad yra mob. ryš. sign. ir band. vėl."},{"$i":"sendNoSignalErrorBtnOk","$v":"GERAI"},{"$i":"sendNotFoundErrorTitle","$v":"Siųsti gedimą"},{"$i":"sendNotFoundErrorBody","$v":"Pranešimas, kurio ieškote, nebepasiekiamas."},{"$i":"sendNotFoundErrorBtnOk","$v":"GERAI"},{"$i":"sendInvalidAddressErrorTitle","$v":"Siųsti gedimą"},{"$i":"sendInvalidAddressErrorBody","$v":"Įsitikink., kad mob. tel. nr., kuriuo siunč., yra tink."},{"$i":"sendInvalidAddressErrorBtnOk","$v":"GERAI"},{"$i":"simNotMatchedErrorTitle","$v":"Nepavyko atsisiųsti"},{"$i":"simNotMatchedErrorBody","$v":"Įsitikinkite, kad įdėta SIM kort. yra ta pati, kurią naud. šiam praneš. gauti."},{"$i":"simNotMatchedErrorBtnOk","$v":"GERAI"},{"$i":"netWorkErrorTitle","$v":"Tinklo gedimas"},{"$i":"netWorkErrorBody","$v":"Kilo su tinklu susijusių problemų, pirmiausia patikrinkite."},{"$i":"netWorkErrorBtnOk","$v":"Gerai"},{"$i":"deleted-sms","$v":"Šis pranešimas jau buvo ištrintas."},{"$i":"view-attachment-image","$v":"Peržiūrėti"},{"$i":"view-attachment-audio","$v":"Klaus."},{"$i":"view-attachment-video","$v":"Peržiūrėti"},{"$i":"view-attachment-other","$v":"Peržiūrėti"},{"$i":"remove-attachment-image","$v":"Pašal. atv."},{"$i":"remove-attachment-audio","$v":"Pašal. garsą"},{"$i":"remove-attachment-video","$v":"Paš. vaiz. įr."},{"$i":"remove-attachment-other","$v":"Pašalinti priedą"},{"$i":"replace-attachment-image","$v":"Pakeisti atv."},{"$i":"replace-attachment-audio","$v":"Pakeis. gar. įr."},{"$i":"replace-attachment-video","$v":"Pak. vaiz. įr."},{"$i":"replace-attachment-other","$v":"Pakeisti priedą"},{"$i":"unsent-message-title","$v":"Neišsiųstas pranešimas"},{"$i":"unsent-message-description","$v":"Jūsų ankstesnis pranešimas nebuvo išsiųstas. Ar norite redaguoti neišsiųstą pranešimą, ar jį atmesti ir tęsti toliau?"},{"$i":"unsent-message-option-edit","$v":"Red."},{"$i":"unsent-message-option-discard","$v":"Atmesti"},{"$i":"message-options","$v":"Praneš. parink."},{"$i":"select-text","$v":"Rinktis tekstą"},{"$i":"mobile","$v":"Mobil."},{"$i":"home","$v":"Prd."},{"$i":"work","$v":"Darbas"},{"$i":"personal","$v":"Asmenin."},{"$i":"faxHome","$v":"Namų f."},{"$i":"faxOffice","$v":"Darbo fak."},{"$i":"faxOther","$v":"Kit. faks"},{"$i":"another","$v":"Kitas"},{"$i":"other","$v":"Kita"},{"$i":"today","$v":"Šiandien"},{"$i":"yesterday","$v":"Vakar"},{"$i":"incorrectDate","$v":"(neteisinga data)"},{"$i":"addToExistingContact","$v":"Įtr. į esamą adresatą"},{"$i":"createNewContact","$v":"Kurti naują adresatą"},{"$i":"viewContact","$v":"Peržiūrėti adresatą"},{"$i":"sendEmail","$v":"Siųsti el. laišką"},{"$i":"mms-message","$v":"MMS praneš."},{"$i":"notDownloaded-title","$v":"Pranešimas dar neparsisiųstas."},{"$i":"tobedownloaded-attachment","$v":["Gavote daugiaformatį pranešimą. Spauskite „Atsisiųsti“, jei norite išsaugoti jo turinį iki ",{"t":"idOrVar","v":"date"},"."]},{"$i":"expired-attachment","$v":["Deja, pranešimo galiojimo laikas baigėsi ",{"t":"idOrVar","v":"date"}," ir jo atsiųsti negalima."]},{"$i":"download-attachment","$v":"Parsis."},{"$i":"downloading-attachment","$v":"Parsis..."},{"$i":"download-complete","$v":"Parsis. baigtas"},{"$i":"unnamed-attachment","$v":"be pavadinimo"},{"$i":"mms-label","$v":"MMS"},{"$i":"group-label","$v":"GRUPĖ"},{"$i":"attached-files-too-large","$v":{"few":["Šie pranešimai viršija vieno daugiaformačio pranešimo ",{"t":"idOrVar","v":"mmsSize"}," MB dydžio limitą."],"many":["Šie pranešimai viršija vieno daugiaformačio pranešimo ",{"t":"idOrVar","v":"mmsSize"}," MB dydžio limitą."],"one":["Šis pranešimas viršija vieno daugiaformačio pranešimo ",{"t":"idOrVar","v":"mmsSize"}," MB dydžio limitą."],"other":["Šie pranešimai viršija vieno daugiaformačio pranešimo ",{"t":"idOrVar","v":"mmsSize"}," MB dydžio limitą."],"two":["Šie pranešimai viršija vieno daugiaformačio pranešimo ",{"t":"idOrVar","v":"mmsSize"}," MB dydžio limitą."],"zero":["Šie pranešimai viršija vieno daugiaformačio pranešimo ",{"t":"idOrVar","v":"mmsSize"}," MB dydžio limitą."]},"$x":[{"t":"idOrVar","v":"plural"},"n"]},{"$i":"resize-image","$v":"Pridėto atvzd. dydž. keit."},{"$i":"no-attachment-text","$v":"Kilo problema dėl pridėto failo ir jo negalima atsisiųsti."},{"$i":"message-draft-saved","$v":"Pran. išsg. kaip juod."},{"$i":"sim-id-label","$v":["SIM ",{"t":"idOrVar","v":"id"}]},{"$i":"sim-detail","$v":["SIM ",{"t":"idOrVar","v":"id"},", ",{"t":"idOrVar","v":"detailString"}]},{"$i":"dsds-notification-title-with-sim","$v":["(",{"t":"idOrVar","v":"sim"},") ",{"t":"idOrVar","v":"sender"}]},{"$i":"send-button","ariaLabel":"Siųsti"},{"$i":"send-button-sim-indication","$v":[{"t":"idOrVar","v":"n"}],"ariaLabel":["naudojant SIM ",{"t":"idOrVar","v":"n"}]},{"$i":"expiry-date-format","$v":"%A, %b %e"},{"$i":"attach-button","ariaLabel":"Įtrauk. priedą"},{"$i":"contact-photo","ariaLabel":"Adres. nuotr."},{"$i":"unread-thread","ariaLabel":"Neskaityta"},{"$i":"has-draft","ariaLabel":"Yra juod."},{"$i":"is-draft","ariaLabel":"Juod."},{"$i":"message-delivery-status-sending","$v":"Siunčiama…"},{"$i":"message-delivery-status-delivered","$v":"Pristatyta"},{"$i":"message-delivery-status-read","ariaLabel":"Skait."},{"$i":"message-delivery-status-error","ariaLabel":"Klaida"},{"$i":"modal-dialog-ok-button","$v":"GERAI"},{"$i":"modal-dialog-cancel-button","$v":"Atš."},{"$i":"modal-dialog-default-title","$v":"Praneš."},{"$i":"delete-message","$v":"Pranešimas ištrintas"},{"$i":"message-converted-to-toast","$v":["Pranešimas konv. į ",{"t":"idOrVar","v":"type"}]},{"$i":"message-sent-toast","$v":"Pran. išsiųs."},{"$i":"deleteMessage-confirmation2","$v":"Ištrinti pasir. pranešimo giją?"},{"$i":"deleted-message","$v":{"few":["Ištr. praneš.: ",{"t":"idOrVar","v":"n"}],"many":["Ištr. praneš.: ",{"t":"idOrVar","v":"n"}],"one":["Ištr. ",{"t":"idOrVar","v":"n"}," praneš."],"other":["Ištr. praneš.: ",{"t":"idOrVar","v":"n"}],"two":["Ištr. praneš.: ",{"t":"idOrVar","v":"n"}],"zero":"Ištrinta 0 pran."},"$x":[{"t":"idOrVar","v":"plural"},"n"]},{"$i":"deleted-threads","$v":{"few":["Ištr. pranešimų gijų: ",{"t":"idOrVar","v":"n"}],"many":["Ištr. pranešimų gijų: ",{"t":"idOrVar","v":"n"}],"one":"Gija ištrinta","other":["Ištr. pranešimų gijų: ",{"t":"idOrVar","v":"n"}],"two":["Ištr. pranešimų gijų: ",{"t":"idOrVar","v":"n"}],"zero":"0 ištrintų gijų"},"$x":[{"t":"idOrVar","v":"plural"},"n"]},{"$i":"wapPushMessages","$v":"WAP greitieji pranešimai"},{"$i":"auto-retrieve-messages","$v":"Automat. priim. pran."},{"$i":"auto-retrieve-messages-title","$v":"Automat. priim. pran."},{"$i":"auto-roaming-retrieve","$v":"Įj. Naud. užs. tinklas"},{"$i":"auto-no-roaming-retrieve","$v":"Įj. Užs. tinklas nenaud."},{"$i":"mmsTitle","$v":"Daugiaform. praneš. (MMS)"},{"$i":"message-delivery-reports","$v":"Pristat. atask."},{"$i":"message-delivery-reports-title","$v":"Pristat. atask."},{"$i":"messageReport-title","$v":"Praneš. inform."},{"$i":"sms-label","$v":"SMS"},{"$i":"messaging-settings","$v":"Pranešimų paramet."},{"$i":"messagingSettings-header","$v":[{"t":"idOrVar","v":"messaging-settings"}]},{"$i":"confirmation-title","$v":"Patvirtinim."},{"$i":"draft-save-content","$v":"Išsg. kaip juodr.?"},{"$i":"draft-discard-content","$v":"Praneš. atmestas"},{"$i":"switch-on","$v":"Įj."},{"$i":"switch-off","$v":"Išjungti"},{"$i":"auto-retrieve-desc","$v":"Automatiškai priimti pranešimus"},{"$i":"confirm-dialog-ok","$v":"Gerai"},{"$i":"yes","$v":"Taip"},{"$i":"no","$v":"Ne"},{"$i":"delete-current-thread?","$v":"Ištrinti pasir. pranešimo giją?"},{"$i":"attention","$v":"Dėmesio"},{"$i":"delivery-title","$v":"Tekstiniai pranešimai (SMS)"},{"$i":"send-failed","$v":"Nepavyko išsiųsti."},{"$i":"subject-removed","$v":"Tema pašalinta."},{"$i":"data-storage-limit-alert-title","$v":"Tel. saugykla pilna."},{"$i":"data-storage-limit-send-body","$v":"Negalima išsiųsti MMS. Ištrinkite pranešimus arba eikite į „Parametrus“, kad atlaisvintumėte vietos."},{"$i":"data-storage-limit-download-body","$v":"Nepavyko atsisiųsti MMS. Ištrinkite pranešimus arba eikite į „Parametrus“, kad atlaisvintumėte vietos."},{"$i":"data-storage-limit-alert-cancel","$v":"Atšaukti"},{"$i":"data-storage-limit-alert-setting","$v":"Parametrai"},{"$i":"recipient-repeat","$v":"Dubliuotas adresatas."},{"$i":"email","$v":"EL. PAŠTAS"},{"$i":"options","$v":"Parinktys"},{"$i":"emergency-alert-title","$v":"Pagalbos tarnybų įspėjimai"},{"$i":"emergency-alert","$v":"Pagalbos tarnybų įspėjimai"},{"$i":"wappushNormal","$v":"WAP pran."},{"$i":"wappushSIM1","$v":"WAP pran. – SIM 1"},{"$i":"wappushSIM2","$v":"WAP pran. – SIM 2"},{"$i":"not-assigned","$v":"Nepriskirta"},{"$i":"switchSIMDataSendAlertTitle","$v":"MMS išsiųsti nepavyko."},{"$i":"switchSIMDataSendAlertBody","$v":["Kad galėtumėte siųsti MMS, SIM valdyklės parametruose duomenų SIM turite pakeisti į SIM ",{"t":"idOrVar","v":"nonActiveSimId"},"."]},{"$i":"switchSIMDataSendAlertDesc","$v":"Jei norite atnaujinti parametrus, eikite į programą „Parametrai“."},{"$i":"switchSIMDataReceiveAlertTitle","$v":"MMS gauti nepavyko."},{"$i":"switchSIMDataReceiveAlertBody","$v":["Kad galėtumėte gauti MMS, SIM valdyklės parametruose duomenų SIM turite pakeisti į SIM ",{"t":"idOrVar","v":"nonActiveSimId"},"."]},{"$i":"switchSIMDataReceiveAlertDesc","$v":"Jei norite atnaujinti parametrus, eikite į programą „Parametrai“."},{"$i":"group-message","$v":"Grupės praneš."},{"$i":"individual-message","$v":"Asmen. pranešimas"},{"$i":"group-message-alert-title","$v":"Grupės praneš."},{"$i":"group-message-alert-body","$v":"Kurti grupės pranešimą? (Jei grupės pranešimas siunčiamas kaip MMS arba SMS, priklausomai nuo paslaugų plano, gali būti taikomi papildomi belaid. pran. paslaugų teikėjo mokesčiai.)"},{"$i":"group-message-individual","$v":"Siųsti asmen."},{"$i":"group-message-setting","$v":"Kurti grupę"},{"$i":"new-message-individual","$v":"Naujas pran. (asmeninis)"},{"$i":"new-message-group","$v":"Naujas pran. (grupei)"},{"$i":"no-phone-number","$v":"Nepriskirta"},{"$i":"device-phone-number","$v":"Mano tel. Nr."},{"$i":"group-message-phone","$v":"Grupės praneš."},{"$i":"my-phone-number","$v":"Mano tel. Nr."},{"$i":"delivery-notification","$v":"Pran. pristatytas"},{"$i":"wait","$v":"laukiama"},{"$i":"isTextTooLongAlert","$v":"Viršytas didžiausias leistinas pranešimo ilgis."},{"$i":"video-call","$v":"Vaizdo skambutis"},{"$i":"normal-call","$v":"Skambinti"},{"$i":"attachment","$v":"Priedas"},{"$i":"limit-MMS-recipients","$v":"MMS galima siųsti iki 20 gavėjų."},{"$i":"block-contact","$v":"Blokuoti adresatą"},{"$i":"blocked","$v":"Blokuoti"},{"$i":"unblocked","$v":"Atblokuoti"},{"$i":"rtt-call","$v":"ISD skambutis"},{"$i":"remove-all-attachments","$v":"Pašalinti visus priedus"},{"$i":"block-confirmation","$v":"Negausite skambučių ir pranešimų iš žmonių, esančių blokuojamų numerių sąraše."},{"$i":"space-low-not-save","$v":"Saugykla yra pilna, negalima išsaugoti juodraščio."},{"$i":"sms-encoding-mode","$v":"Sms kodavimas"},{"$i":"sms-reduced-format","$v":"Sumažintas formatas"},{"$i":"sms-full-format","$v":"Visas formatas"},{"$i":"smscNormal","$v":"Paslaugų centras"},{"$i":"smscSIM1","$v":"Paslaugų centras SIM1"},{"$i":"smscSIM2","$v":"Paslaugų centras SIM2"},{"$i":"withoutDataTitle","$v":"Klaida"},{"$i":"withoutDataBody","$v":"„Parametruose“ įj. duom. ryšį, kad siųst. arba atsisiųst. MMS"},{"$i":"withoutDataBtnOk","$v":"Gerai"},{"$i":"withoutDataBtnSettings","$v":"Parametrai"},{"$i":"weekday-0-long","$v":"Sekmadienis"},{"$i":"weekday-1-long","$v":"Pirmadienis"},{"$i":"weekday-2-long","$v":"Antradienis"},{"$i":"weekday-3-long","$v":"Trečiadienis"},{"$i":"weekday-4-long","$v":"Ketvirtadienis"},{"$i":"weekday-5-long","$v":"Penktadienis"},{"$i":"weekday-6-long","$v":"Šeštadienis"},{"$i":"weekday-0-short","$v":"Sk"},{"$i":"weekday-1-short","$v":"Pr"},{"$i":"weekday-2-short","$v":"An"},{"$i":"weekday-3-short","$v":"Tr"},{"$i":"weekday-4-short","$v":"Kt"},{"$i":"weekday-5-short","$v":"Pn"},{"$i":"weekday-6-short","$v":"Št"},{"$i":"month-0-long","$v":"Sausis"},{"$i":"month-1-long","$v":"Vasaris"},{"$i":"month-2-long","$v":"Kovas"},{"$i":"month-3-long","$v":"Balandis"},{"$i":"month-4-long","$v":"Gegužė"},{"$i":"month-5-long","$v":"Birželis"},{"$i":"month-6-long","$v":"Liepa"},{"$i":"month-7-long","$v":"Rugpjūtis"},{"$i":"month-8-long","$v":"Rugsėjis"},{"$i":"month-9-long","$v":"Spalis"},{"$i":"month-10-long","$v":"Lapkritis"},{"$i":"month-11-long","$v":"Gruodis"},{"$i":"month-0-genitive","$v":"Sausis"},{"$i":"month-1-genitive","$v":"Vasaris"},{"$i":"month-2-genitive","$v":"Kovas"},{"$i":"month-3-genitive","$v":"Balandis"},{"$i":"month-4-genitive","$v":"Gegužė"},{"$i":"month-5-genitive","$v":"Birželis"},{"$i":"month-6-genitive","$v":"Liepa"},{"$i":"month-7-genitive","$v":"Rugpjūtis"},{"$i":"month-8-genitive","$v":"Rugsėjis"},{"$i":"month-9-genitive","$v":"Spalis"},{"$i":"month-10-genitive","$v":"Lapkritis"},{"$i":"month-11-genitive","$v":"Gruodis"},{"$i":"month-0-short","$v":"saus."},{"$i":"month-1-short","$v":"vasar."},{"$i":"month-2-short","$v":"kov."},{"$i":"month-3-short","$v":"balan."},{"$i":"month-4-short","$v":"Geg"},{"$i":"month-5-short","$v":"birž."},{"$i":"month-6-short","$v":"liep."},{"$i":"month-7-short","$v":"rugpj."},{"$i":"month-8-short","$v":"rugs"},{"$i":"month-9-short","$v":"spal."},{"$i":"month-10-short","$v":"lapkr."},{"$i":"month-11-short","$v":"grd."},{"$i":"minutes-ago-long","$v":{"few":["Prieš ",{"t":"idOrVar","v":"value"}," min."],"many":["Prieš ",{"t":"idOrVar","v":"value"}," min."],"one":"prieš minutę","other":["Prieš ",{"t":"idOrVar","v":"value"}," min."],"two":["Prieš ",{"t":"idOrVar","v":"value"}," min."],"zero":"ką tik"},"$x":[{"t":"idOrVar","v":"plural"},"value"]},{"$i":"hours-ago-long","$v":{"few":["Prieš ",{"t":"idOrVar","v":"value"}," val."],"many":["Prieš ",{"t":"idOrVar","v":"value"}," val."],"one":"prieš valandą","other":["Prieš ",{"t":"idOrVar","v":"value"}," val."],"two":["Prieš ",{"t":"idOrVar","v":"value"}," val."],"zero":"ką tik"},"$x":[{"t":"idOrVar","v":"plural"},"value"]},{"$i":"days-ago-long","$v":{"few":["Prieš ",{"t":"idOrVar","v":"value"}," d."],"many":["Prieš ",{"t":"idOrVar","v":"value"}," d."],"one":"vakar","other":["Prieš ",{"t":"idOrVar","v":"value"}," d."],"two":["Prieš ",{"t":"idOrVar","v":"value"}," d."],"zero":"šiandien"},"$x":[{"t":"idOrVar","v":"plural"},"value"]},{"$i":"weeks-ago-long","$v":{"few":["Prieš ",{"t":"idOrVar","v":"value"}," sav."],"many":["Prieš ",{"t":"idOrVar","v":"value"}," sav."],"one":"pas. sav.","other":["Prieš ",{"t":"idOrVar","v":"value"}," sav."],"two":["Prieš ",{"t":"idOrVar","v":"value"}," sav."],"zero":"ši savaitė"},"$x":[{"t":"idOrVar","v":"plural"},"value"]},{"$i":"months-ago-long","$v":{"few":[{"t":"idOrVar","v":"value"}," mėn. po"],"many":[{"t":"idOrVar","v":"value"}," mėn. po"],"one":"pask. mėn.","other":[{"t":"idOrVar","v":"value"}," mėn. po"],"two":[{"t":"idOrVar","v":"value"}," mėn. po"],"zero":"šis mėnuo"},"$x":[{"t":"idOrVar","v":"plural"},"value"]},{"$i":"years-ago-long","$v":{"few":["Prieš ",{"t":"idOrVar","v":"value"}," met."],"many":["Prieš ",{"t":"idOrVar","v":"value"}," met."],"one":"Pas. met.","other":["Prieš ",{"t":"idOrVar","v":"value"}," met."],"two":["Prieš ",{"t":"idOrVar","v":"value"}," met."],"zero":"šie metai"},"$x":[{"t":"idOrVar","v":"plural"},"value"]},{"$i":"minutes-until-long","$v":{"few":["per ",{"t":"idOrVar","v":"value"}," min."],"many":["per ",{"t":"idOrVar","v":"value"}," min."],"one":"per min.","other":["per ",{"t":"idOrVar","v":"value"}," min."],"two":["per ",{"t":"idOrVar","v":"value"}," min."],"zero":"dabar"},"$x":[{"t":"idOrVar","v":"plural"},"value"]},{"$i":"hours-until-long","$v":{"few":["per ",{"t":"idOrVar","v":"value"}," val."],"many":["per ",{"t":"idOrVar","v":"value"}," val."],"one":"per val.","other":["per ",{"t":"idOrVar","v":"value"}," val."],"two":["per ",{"t":"idOrVar","v":"value"}," val."],"zero":"dabar"},"$x":[{"t":"idOrVar","v":"plural"},"value"]},{"$i":"days-until-long","$v":{"few":["per ",{"t":"idOrVar","v":"value"}," d."],"many":["per ",{"t":"idOrVar","v":"value"}," d."],"one":"rytoj","other":["per ",{"t":"idOrVar","v":"value"}," d."],"two":["per ",{"t":"idOrVar","v":"value"}," d."],"zero":"šiandien"},"$x":[{"t":"idOrVar","v":"plural"},"value"]},{"$i":"weeks-until-long","$v":{"few":["per ",{"t":"idOrVar","v":"value"}," sav."],"many":["per ",{"t":"idOrVar","v":"value"}," sav."],"one":"kita sav.","other":["per ",{"t":"idOrVar","v":"value"}," sav."],"two":["per ",{"t":"idOrVar","v":"value"}," sav."],"zero":"ši savaitė"},"$x":[{"t":"idOrVar","v":"plural"},"value"]},{"$i":"months-until-long","$v":{"few":["per ",{"t":"idOrVar","v":"value"}," mėn."],"many":["per ",{"t":"idOrVar","v":"value"}," mėn."],"one":"kit. mėn.","other":["per ",{"t":"idOrVar","v":"value"}," mėn."],"two":["per ",{"t":"idOrVar","v":"value"}," mėn."],"zero":"šis mėnuo"},"$x":[{"t":"idOrVar","v":"plural"},"value"]},{"$i":"years-until-long","$v":{"few":["per ",{"t":"idOrVar","v":"value"}," met."],"many":["per ",{"t":"idOrVar","v":"value"}," met."],"one":"kit. met.","other":["per ",{"t":"idOrVar","v":"value"}," met."],"two":["per ",{"t":"idOrVar","v":"value"}," met."],"zero":"šie metai"},"$x":[{"t":"idOrVar","v":"plural"},"value"]},{"$i":"minutes-ago-short","$v":{"other":["Prieš ",{"t":"idOrVar","v":"value"},"min."],"zero":"ką tik"},"$x":[{"t":"idOrVar","v":"plural"},"value"]},{"$i":"hours-ago-short","$v":{"other":["Prieš ",{"t":"idOrVar","v":"value"},"val."],"zero":"ką tik"},"$x":[{"t":"idOrVar","v":"plural"},"value"]},{"$i":"days-ago-short","$v":{"other":["Prieš ",{"t":"idOrVar","v":"value"},"d."],"zero":"šiandien"},"$x":[{"t":"idOrVar","v":"plural"},"value"]},{"$i":"minutes-until-short","$v":{"other":["per ",{"t":"idOrVar","v":"value"},"min."],"zero":"dabar"},"$x":[{"t":"idOrVar","v":"plural"},"value"]},{"$i":"hours-until-short","$v":{"other":["per ",{"t":"idOrVar","v":"value"},"val."],"zero":"dabar"},"$x":[{"t":"idOrVar","v":"plural"},"value"]},{"$i":"days-until-short","$v":{"other":["per ",{"t":"idOrVar","v":"value"},"d"],"zero":"šiandien"},"$x":[{"t":"idOrVar","v":"plural"},"value"]},{"$i":"dateTimeFormat_%c","$v":"%a %b %e %Y %I:%M:%S %p"},{"$i":"dateTimeFormat_%x","$v":"%m/%d/%Y"},{"$i":"dateTimeFormat_%X","$v":"%I:%M:%S %p"},{"$i":"shortTimeFormat","$v":"%I:%M %p"},{"$i":"shortTimeFormat12","$v":"%I:%M %p"},{"$i":"shortTimeFormat24","$v":"%H:%M"},{"$i":"shortDateTimeFormat","$v":"%x %I:%M %p"},{"$i":"weekStartsOnMonday","$v":"0.0"},{"$i":"firstDayOfTheWeek","$v":"1.0"},{"$i":"time_am","$v":"AM"},{"$i":"time_pm","$v":"PM"},{"$i":"softkey-options","$v":"Funkc."},{"$i":"emergencyNumber","$v":"Pagalbos tarnybos numeris"},{"$i":"callAirplaneModeMessage","$v":"Norinti skambinti, reikia išjungti lėktuvo režimą param. skiltyje."},{"$i":"callAirplaneModeBtnOk","$v":"GERAI"},{"$i":"callAirplaneModeTitle","$v":"Lėkt. režimas įjungtas"},{"$i":"numberIsBusyTitle","$v":"Numeris užimtas"},{"$i":"numberIsBusyMessage","$v":"Šiuo metu numeris užimtas. Bandykite dar kartą vėliau."},{"$i":"fdnIsActiveTitle","$v":"FDN įjung."},{"$i":"fdnIsActiveMessage","$v":["FDN (apribotojo rinkimo numerių) funkc. yra įjungta, bet šio numerio nėra jūsų FDN sąraše: ",{"t":"idOrVar","v":"number"}]},{"$i":"emergencyDialogBodyBadNumber","$v":"Norint skambinti, telefonas turi būti prijungtas prie tinklo."},{"$i":"emergencyDialogBodyDeviceNotAccepted","$v":"Tinkle skambučiai pagalbos tarnyboms neleidžiami."},{"$i":"emergencyDialogBtnOk","$v":"Gerai"},{"$i":"emergencyDialogTitle","$v":"Nėra tinklo ryšio"},{"$i":"invalidNumberToDialTitle","$v":"Neteis. telef. num."},{"$i":"invalidNumberToDialMessage","$v":"Telefono numeris, kuriuo skambinate, neteisingas."},{"$i":"unableToCallTitle","$v":"Nepav. paskambinti. "},{"$i":"unableToCallMessage","$v":"Nepavyksta paskambinti"},{"$i":"otherConnectionInUseTitle","$v":"Naudojamas kitas ryšys"},{"$i":"otherConnectionInUseMessage","$v":"Šiuo metu aktyviai skambinate kitam ryšiui. Galite naudotis tik vienu ryšiu tuo pačiu metu."},{"$i":"connectingEllipsis","$v":"Jungiamasi..."}]