[{"$i":"messages","$v":"Ziņa"},{"$i":"deleteMessages-title","$v":"Atlasīt"},{"$i":"selectThreads-title","$v":"Atlasīt"},{"$i":"edit","$v":"Rediģēt"},{"$i":"back","$v":"Atpakaļ"},{"$i":"cancel","$v":"Atcelt"},{"$i":"delete","$v":"Dzēst"},{"$i":"deleting-messages","$v":"Notiek dzēšana…"},{"$i":"deselect","$v":"Noņemt izvēli"},{"$i":"selected-threads","$v":{"few":["Atlasīti ",{"t":"idOrVar","v":"n"}],"many":["Atlasīti ",{"t":"idOrVar","v":"n"}],"one":["Atlasīts: ",{"t":"idOrVar","v":"n"}],"other":["Atlasīti ",{"t":"idOrVar","v":"n"}],"two":["Atlasīti ",{"t":"idOrVar","v":"n"}],"zero":"Atlasīts: 0"},"$x":[{"t":"idOrVar","v":"plural"},"n"]},{"$i":"selected-messages","$v":{"few":["Atlasīti ",{"t":"idOrVar","v":"n"}],"many":["Atlasīti ",{"t":"idOrVar","v":"n"}],"one":["Atlasīti ",{"t":"idOrVar","v":"n"}],"other":["Atlasīti ",{"t":"idOrVar","v":"n"}],"two":["Atlasīti ",{"t":"idOrVar","v":"n"}],"zero":"Atlasīta 0"},"$x":[{"t":"idOrVar","v":"plural"},"n"]},{"$i":"selectThreads-label","$v":"Atlasīt pavedienus"},{"$i":"selectMessages-label","$v":"Atlasiet ziņas"},{"$i":"new-message","$v":"Jauna ziņa"},{"$i":"delete-thread","$v":"Dzēst pavedienu"},{"$i":"create-new-contact","$v":"Izv. jaunu kontaktu"},{"$i":"add-to-contact","$v":"Pievienot esošai kontaktper."},{"$i":"select-thread","$v":"Atlasīt pavedienu"},{"$i":"settings","$v":"Uzstādījumi"},{"$i":"select-all","$v":"Visi"},{"$i":"deselect-all","$v":"Neviens"},{"$i":"select","$v":"Atlasīt"},{"$i":"sk-save-as-draft","$v":"Saglabāt kā melnrakstu"},{"$i":"next","$v":"Tālāk"},{"$i":"send","$v":"Sūtīt"},{"$i":"add-contact","$v":"Piev. kont."},{"$i":"add-suggestion","$v":"Atlasīt"},{"$i":"add-subject","$v":"Pievienot tēmu"},{"$i":"remove-subject","$v":"Noņemt tēmu"},{"$i":"add-attachment","$v":"Pievienot pielikumu"},{"$i":"remove-attachment","$v":"Noņemt pielikumu"},{"$i":"replace-attachment","$v":"Aizstāt pielikumu"},{"$i":"select-messages","$v":"Atlasiet ziņas"},{"$i":"call","$v":"Zvans"},{"$i":"forward","$v":"Pāradresēt"},{"$i":"view-message-report","$v":"Skatīt ziņas datus"},{"$i":"cancel-view-report","$v":"Atcelt"},{"$i":"ok","$v":"LABI"},{"$i":"enter","$v":"Ievadīt"},{"$i":"open","$v":"Atvērt"},{"$i":"to","$v":"Kam:"},{"$i":"new","$v":"Jauns"},{"$i":"message","$v":"Ziņa"},{"$i":"messagesInput_placeholder","$v":"Ziņa"},{"$i":"messagesSubjectInput_placeholder","$v":"Tēma"},{"$i":"subjectComposerInput_placeholder","$v":"Tēma"},{"$i":"converted-to-mms","$v":"Konvertēšana uz multiziņu."},{"$i":"converted-to-sms","$v":"Konvertēšana uz īsziņu."},{"$i":"messages-max-length-text","$v":"Ir sasniegts maksimālais garums."},{"$i":"messages-max-subject-length-text","$v":"Sasniegts maksimālais objekta garums."},{"$i":"multimedia-message-exceeded-max-length","$v":["Šī ziņa pārsniedz ",{"t":"idOrVar","v":"mmsSize"}," MB lieluma vienas multiziņas ierobežojumu."]},{"$i":"newMessage","$v":"Jauna ziņa"},{"$i":"sendMessage","$v":"Sūtīt ziņu"},{"$i":"sendMMSToEmail","$v":"Sūtīt multiziņu"},{"$i":"no-recipient","$v":"(nav adresāta)"},{"$i":"recipient","$v":{"few":[{"t":"idOrVar","v":"n"}," adresāti"],"many":[{"t":"idOrVar","v":"n"}," adresāti"],"one":[{"t":"idOrVar","v":"n"}," adresāts"],"other":[{"t":"idOrVar","v":"n"}," adresāti"],"two":[{"t":"idOrVar","v":"n"}," adresāti"]},"$x":[{"t":"idOrVar","v":"plural"},"n"]},{"$i":"attachmentSizeB","$v":[{"t":"idOrVar","v":"n"}," B"]},{"$i":"attachmentSizeKB","$v":[{"t":"idOrVar","v":"n"}," KB"]},{"$i":"attachmentSizeMB","$v":[{"t":"idOrVar","v":"n"}," MB"]},{"$i":"attachmentOpenError","$v":"Lai atvērtu šādu faila veidu, nav pieejama neviena programma."},{"$i":"remove","$v":"Noņemt"},{"$i":"participant","$v":{"few":[{"t":"idOrVar","v":"n"}," dalībnieki"],"many":[{"t":"idOrVar","v":"n"}," dalībnieki"],"one":[{"t":"idOrVar","v":"n"}," dalībnieks"],"other":[{"t":"idOrVar","v":"n"}," dalībnieki"],"two":[{"t":"idOrVar","v":"n"}," dalībnieki"]},"$x":[{"t":"idOrVar","v":"plural"},"n"]},{"$i":"message-report","$v":"Ziņas atskaite"},{"$i":"message-type-sms","$v":"Īsziņa"},{"$i":"message-type-mms","$v":"Multiziņa (MMS)"},{"$i":"sms-report-description","$v":["Jūsu īsziņa tika nosūtīta ",{"t":"idOrVar","v":"datetime"}]},{"$i":"mms-report-description","$v":["Jūsu multiziņa ar tēmu ",{"t":"idOrVar","v":"subject"}," tika nosūtīta ",{"t":"idOrVar","v":"datetime"}]},{"$i":"mms-no-subject-report-description","$v":["Jūsu multiziņa tika nosūtīta ",{"t":"idOrVar","v":"datetime"}]},{"$i":"message-subject","$v":"Tēma:"},{"$i":"report-status-error","$v":"Nevarēja nosūtīt ziņu"},{"$i":"report-status-not-downloaded","$v":"nav lejupielādēts"},{"$i":"report-status-delivered","$v":"Piegādāts:"},{"$i":"report-status-read","$v":"Lasīt:"},{"$i":"report-status-pending","$v":"Pieprasīta atskaite"},{"$i":"report-status-rejected","$v":"Ziņa noraidīta"},{"$i":"message-size-was","$v":"Ziņas lielums:"},{"$i":"report-to-title","$v":"Darbība"},{"$i":"report-from-title","$v":"No"},{"$i":"message-sent","$v":"Nosūtīta:"},{"$i":"message-sending","$v":[{"t":"idOrVar","v":"message-delivery-status-sending"}]},{"$i":"message-received","$v":"Saņemts:"},{"$i":"message-via","$v":"Izmantojot:"},{"$i":"message-resend","$v":"Sūtīt vēlreiz"},{"$i":"search","$v":"Meklēt"},{"$i":"unknown-contact-title","$v":"Nezināms kontakts"},{"$i":"phone-type-separator","$v":", "},{"$i":"phone-carrier-separator","$v":" "},{"$i":"thread-participant-separator","$v":", "},{"$i":"replace-draft","$v":"Aizstāt esošo melnrakstu"},{"$i":"save-as-draft","$v":"Saglabāt"},{"$i":"discard-message","$v":"Atmest"},{"$i":"discard-sms","$v":"Vai tiešām vēlaties atmest šo ziņojumu?"},{"$i":"discard-new-message","$v":"Vai atmest ziņu, kuru veidojat, un atvērt jauno ziņu?"},{"$i":"resend-confirmation","$v":"Ziņu neizdevās nosūtīt. Vai mēģināt vēlreiz?"},{"$i":"resend-message","$v":"Atkārtoti nosūtīt šo ziņu"},{"$i":"deleteMessage-confirmation","$v":"Vai dzēst izvēlēto ziņu?"},{"$i":"deleteMessages-confirmation","$v":"Vai dzēst izvēlētās ziņas?"},{"$i":"deleteThreads-confirmation2","$v":{"one":"Vai dzēst izvēlēto ziņu pavedienu?","other":"Vai dzēst izvēlētos ziņu pavedienus?"},"$x":[{"t":"idOrVar","v":"plural"},"n"]},{"$i":"new-message-notice-text","$v":"Jauna ziņa no"},{"$i":"new-message-notice-a-text","$v":"Izlasiet"},{"$i":"noMessages-title","$v":"Nav neviens ziņas"},{"$i":"noMessages-text","$v":"Nospiediet Jauns, lai sazinātos."},{"$i":"sendDefaultErrorTitle","$v":"Sūtīt neveiksmi"},{"$i":"sendDefaultErrorBody","$v":"Sūtot ziņu, radās problēma. Mēģiniet vēlreiz."},{"$i":"sendDefaultErrorBtnOk","$v":"LABI"},{"$i":"sendMissingSimCardTitle","$v":"Sūtīt neveiksmi"},{"$i":"sendMissingSimCardBody","$v":"Lai turpinātu, ievietojiet derīgu SIM karti."},{"$i":"sendMissingSimCardBtnOk","$v":"LABI"},{"$i":"sendFlightModeTitle","$v":"Sūtīt neveiksmi"},{"$i":"sendFlightModeBody","$v":"Izslēdziet lidm. rež., lai sūtītu ziņas."},{"$i":"sendFlightModeBtnOk","$v":"LABI"},{"$i":"radioDisabledToDownloadTitle","$v":"Lejupielādēt kļūdu"},{"$i":"radioDisabledToDownloadBody","$v":"Izslēdziet lidmašīnas režīmu, lai lejupielādētu pielikumus."},{"$i":"radioDisabledToDownloadBtnOk","$v":[{"t":"idOrVar","v":"sendFlightModeBtnOk"}]},{"$i":"downloadDefaultErrorTitle","$v":"Lejupielādēt kļūdu"},{"$i":"downloadDefaultErrorBody","$v":"Notiek ziņas lejupielāde. Lūdzu mēģiniet vēlreiz."},{"$i":"downloadDefaultErrorBtnOk","$v":[{"t":"idOrVar","v":"sendDefaultErrorBtnOk"}]},{"$i":"fdnErrorTitle","$v":"Sūtīt neveiksmi"},{"$i":"needConnectWifiBody","$v":"Mobilo datu tīkls nav pieejams. Lai veiktu ziņapmaiņu, izveidojiet savienojumu ar pieejamo Wi-Fi tīklu."},{"$i":"needConnectWifiTitle","$v":"Ziņa nav nosūtīta"},{"$i":"mmsChanelUsedBody","$v":"MMS ziņu sūta apakšpakalpojums, kas nav DDS. Lūdzu, uzgaidiet, līdz sūtīšana ir pabeigta."},{"$i":"mmsChanelUsedTitle","$v":"Izmantotais MMS kanāls"},{"$i":"sms-counter-notice-label","$v":["Notiek ",{"t":"idOrVar","v":"number"}," īsziņu rediģēšana"]},{"$i":"fdnErrorBody","$v":{"few":"FDN (Fixed Dialling Numbers — fiksētie zvanu numuri) ir aktivizēti. Pārliecinieties, vai SMS centrs un šie adresāti ir iekļauti jūsu FDN sarakstā.","many":"FDN (Fixed Dialling Numbers — fiksētie zvanu numuri) ir aktivizēti. Pārliecinieties, vai SMS centrs un šie adresāti ir iekļauti jūsu FDN sarakstā.","one":"FDN (Fixed Dialling Numbers — fiksētie zvanu numuri) ir aktivizēti. Pārliecinieties, vai SMS centrs un šis adresāts ir iekļauts jūsu FDN sarakstā.","other":"FDN (Fixed Dialling Numbers — fiksētie zvanu numuri) ir aktivizēti. Pārliecinieties, vai SMS centrs un šie adresāti ir iekļauti jūsu FDN sarakstā.","two":"FDN (Fixed Dialling Numbers — fiksētie zvanu numuri) ir aktivizēti. Pārliecinieties, vai SMS centrs un šie adresāti ir iekļauti jūsu FDN sarakstā."},"$x":[{"t":"idOrVar","v":"plural"},"n"]},{"$i":"fdnErrorBtnOk","$v":"LABI"},{"$i":"sendNoSignalErrorTitle","$v":"Sūtīt neveiksmi"},{"$i":"sendNoSignalErrorBody","$v":"Pārbaudiet, vai ir mobilais signāls, un mēģiniet vēlreiz."},{"$i":"sendNoSignalErrorBtnOk","$v":"LABI"},{"$i":"sendNotFoundErrorTitle","$v":"Sūtīt neveiksmi"},{"$i":"sendNotFoundErrorBody","$v":"Ziņa, kuru jūs meklējat, vairs nav pieejama."},{"$i":"sendNotFoundErrorBtnOk","$v":"LABI"},{"$i":"sendInvalidAddressErrorTitle","$v":"Sūtīt neveiksmi"},{"$i":"sendInvalidAddressErrorBody","$v":"Pārliecinieties, vai mobilais numurs, uz kuru sūtāt ziņu, ir derīgs."},{"$i":"sendInvalidAddressErrorBtnOk","$v":"LABI"},{"$i":"simNotMatchedErrorTitle","$v":"Nevar lejupielādēt"},{"$i":"simNotMatchedErrorBody","$v":"Lūdzu, pārliecinieties, vai ievietotā SIM karte tiek izmantota, lai saņemtu šo ziņu."},{"$i":"simNotMatchedErrorBtnOk","$v":"LABI"},{"$i":"netWorkErrorTitle","$v":"Tīkla kļūda"},{"$i":"netWorkErrorBody","$v":"Radās tīkla problēmas. Vispirms pārbaudiet tīklu."},{"$i":"netWorkErrorBtnOk","$v":"LABI"},{"$i":"deleted-sms","$v":"Šī ziņa jau ir dzēsta."},{"$i":"view-attachment-image","$v":"Skatīt"},{"$i":"view-attachment-audio","$v":"Klausīties"},{"$i":"view-attachment-video","$v":"Skatīt"},{"$i":"view-attachment-other","$v":"Skatīt"},{"$i":"remove-attachment-image","$v":"Noņemt attēlu"},{"$i":"remove-attachment-audio","$v":"Noņemt audio"},{"$i":"remove-attachment-video","$v":"Noņemt video"},{"$i":"remove-attachment-other","$v":"Noņemt pielikumu"},{"$i":"replace-attachment-image","$v":"Aizstāt attēlu"},{"$i":"replace-attachment-audio","$v":"Aizstāt audio"},{"$i":"replace-attachment-video","$v":"Aizstāt video"},{"$i":"replace-attachment-other","$v":"Aizstāt pielikumu"},{"$i":"unsent-message-title","$v":"Nenosūtīta ziņa"},{"$i":"unsent-message-description","$v":"Jūsu iepriekšējā ziņa netika nosūtīta. Vai vēlaties rediģēt nesaņemto ziņu vai atmest to un turpināt?"},{"$i":"unsent-message-option-edit","$v":"Rediģēt"},{"$i":"unsent-message-option-discard","$v":"Atmest"},{"$i":"message-options","$v":"Ziņas iespējas"},{"$i":"select-text","$v":"Atlasīt tekstu"},{"$i":"mobile","$v":"Mobilais"},{"$i":"home","$v":"Mājas"},{"$i":"work","$v":"Darbs"},{"$i":"personal","$v":"Personiski"},{"$i":"faxHome","$v":"Fakss mājās"},{"$i":"faxOffice","$v":"Faksa birojā"},{"$i":"faxOther","$v":"Fakss cits"},{"$i":"another","$v":"Cita"},{"$i":"other","$v":"Cits"},{"$i":"today","$v":"Šodien"},{"$i":"yesterday","$v":"Vakar"},{"$i":"incorrectDate","$v":"(nepareizs datums)"},{"$i":"addToExistingContact","$v":"Piev. esošai kontaktpers."},{"$i":"createNewContact","$v":"Izveidot jaunu kontaktu"},{"$i":"viewContact","$v":"Skatīt kontaktu"},{"$i":"sendEmail","$v":"Sūtīt e-pastu"},{"$i":"mms-message","$v":"MMS ziņa"},{"$i":"notDownloaded-title","$v":"Ziņa vēl nav lejupielādēta."},{"$i":"tobedownloaded-attachment","$v":["Jūs saņēmāt multiziņu. Nospiediet Lejupielādēt, lai ielādētu tās saturu pirms ",{"t":"idOrVar","v":"date"},"."]},{"$i":"expired-attachment","$v":["Diemžēl ziņojuma derīgums beidzās ",{"t":"idOrVar","v":"date"},", un to nevar lejupielādēt."]},{"$i":"download-attachment","$v":"Lejupielāde"},{"$i":"downloading-attachment","$v":"Notiek lejupielāde..."},{"$i":"download-complete","$v":"Lejupielāde pabeigta"},{"$i":"unnamed-attachment","$v":"bez nosaukuma"},{"$i":"mms-label","$v":"MMS"},{"$i":"group-label","$v":"GRUPA"},{"$i":"attached-files-too-large","$v":{"few":["Šīs ziņas pārsniedz vienas multiziņas ierobežojumu (",{"t":"idOrVar","v":"mmsSize"}," MB)."],"many":["Šīs ziņas pārsniedz vienas multiziņas ierobežojumu (",{"t":"idOrVar","v":"mmsSize"}," MB)."],"one":["Šī ziņa pārsniedz ",{"t":"idOrVar","v":"mmsSize"}," MB lieluma vienas multiziņas ierobežojumu."],"other":["Šīs ziņas pārsniedz vienas multiziņas ierobežojumu (",{"t":"idOrVar","v":"mmsSize"}," MB)."],"two":["Šīs ziņas pārsniedz vienas multiziņas ierobežojumu (",{"t":"idOrVar","v":"mmsSize"}," MB)."],"zero":["Šīs ziņas pārsniedz vienas multiziņas ierobežojumu (",{"t":"idOrVar","v":"mmsSize"}," MB)."]},"$x":[{"t":"idOrVar","v":"plural"},"n"]},{"$i":"resize-image","$v":"Piev. att. izmēru maiņa"},{"$i":"no-attachment-text","$v":"Pievienotajā failā ir problēma, un to nevar lejupielādēt."},{"$i":"message-draft-saved","$v":"Ziņa saglabāta kā melnraksts"},{"$i":"sim-id-label","$v":["SIM ",{"t":"idOrVar","v":"id"}]},{"$i":"sim-detail","$v":["SIM ",{"t":"idOrVar","v":"id"},", ",{"t":"idOrVar","v":"detailString"}]},{"$i":"dsds-notification-title-with-sim","$v":["(",{"t":"idOrVar","v":"sim"},") ",{"t":"idOrVar","v":"sender"}]},{"$i":"send-button","ariaLabel":"Sūtīt"},{"$i":"send-button-sim-indication","$v":[{"t":"idOrVar","v":"n"}],"ariaLabel":["izmantot SIM ",{"t":"idOrVar","v":"n"}]},{"$i":"expiry-date-format","$v":"%A, %b %e"},{"$i":"attach-button","ariaLabel":"Pievienot pielikumu"},{"$i":"contact-photo","ariaLabel":"Kontakta fotoattēls"},{"$i":"unread-thread","ariaLabel":"Nelasīti"},{"$i":"has-draft","ariaLabel":"Ir melnraksts"},{"$i":"is-draft","ariaLabel":"Melnraksts"},{"$i":"message-delivery-status-sending","$v":"Sūta..."},{"$i":"message-delivery-status-delivered","$v":"Piegādāts"},{"$i":"message-delivery-status-read","ariaLabel":"Lasīt"},{"$i":"message-delivery-status-error","ariaLabel":"Kļūda"},{"$i":"modal-dialog-ok-button","$v":"LABI"},{"$i":"modal-dialog-cancel-button","$v":"Atcelt"},{"$i":"modal-dialog-default-title","$v":"Ziņas"},{"$i":"delete-message","$v":"Ziņojums izdzēsts"},{"$i":"message-converted-to-toast","$v":["Ziņa konvertēta uz ",{"t":"idOrVar","v":"type"}]},{"$i":"message-sent-toast","$v":"Ziņa nosūtīta"},{"$i":"deleteMessage-confirmation2","$v":"Vai dzēst izvēlēto ziņu pavedienu?"},{"$i":"deleted-message","$v":{"few":[{"t":"idOrVar","v":"n"}," ziņojumi ir dzēsti"],"many":[{"t":"idOrVar","v":"n"}," ziņojumi ir dzēsti"],"one":[{"t":"idOrVar","v":"n"}," ziņojums ir dzēsts"],"other":[{"t":"idOrVar","v":"n"}," ziņojumi ir dzēsti"],"two":[{"t":"idOrVar","v":"n"}," ziņojumi ir dzēsti"],"zero":"0 ziņojumi ir izdzēsti"},"$x":[{"t":"idOrVar","v":"plural"},"n"]},{"$i":"deleted-threads","$v":{"few":[{"t":"idOrVar","v":"n"}," ziņojumu pavedieni ir dzēsti"],"many":[{"t":"idOrVar","v":"n"}," ziņojumu pavedieni ir dzēsti"],"one":"Pavediens dzēsts","other":[{"t":"idOrVar","v":"n"}," ziņojumu pavedieni ir dzēsti"],"two":[{"t":"idOrVar","v":"n"}," ziņojumu pavedieni ir dzēsti"],"zero":"0 pavediens ir dzēsts"},"$x":[{"t":"idOrVar","v":"plural"},"n"]},{"$i":"wapPushMessages","$v":"WAP stūmējtehn. paz."},{"$i":"auto-retrieve-messages","$v":"Automātiska ziņu ielāde"},{"$i":"auto-retrieve-messages-title","$v":"Automātiska ziņu ielāde"},{"$i":"auto-roaming-retrieve","$v":"Viesabonēšanā"},{"$i":"auto-no-roaming-retrieve","$v":"Ieslēgts bez viesabon."},{"$i":"mmsTitle","$v":"Multivides ziņapmaiņa (MMS)"},{"$i":"message-delivery-reports","$v":"Piegādes atskaites"},{"$i":"message-delivery-reports-title","$v":"Piegādes atskaites"},{"$i":"messageReport-title","$v":"Informācija par ziņu"},{"$i":"sms-label","$v":"Īsziņa"},{"$i":"messaging-settings","$v":"Ziņapmaiņas uzstādījumi"},{"$i":"messagingSettings-header","$v":[{"t":"idOrVar","v":"messaging-settings"}]},{"$i":"confirmation-title","$v":"Apstiprinājums"},{"$i":"draft-save-content","$v":"Vai sagl. kā melnr.?"},{"$i":"draft-discard-content","$v":"Ziņa atmesta"},{"$i":"switch-on","$v":"Ieslēgts"},{"$i":"switch-off","$v":"Izslēgta"},{"$i":"auto-retrieve-desc","$v":"Automātiski ielādēt ziņas"},{"$i":"confirm-dialog-ok","$v":"LABI"},{"$i":"yes","$v":"Jā"},{"$i":"no","$v":"Nē"},{"$i":"delete-current-thread?","$v":"Vai dzēst izvēlēto ziņu pavedienu?"},{"$i":"attention","$v":"Uzmanību!"},{"$i":"delivery-title","$v":"Īsziņa (SMS)"},{"$i":"send-failed","$v":"Sūtīšana neizdevās."},{"$i":"subject-removed","$v":"Tēma noņemta."},{"$i":"data-storage-limit-alert-title","$v":"Tālruņa krātuve ir pilna."},{"$i":"data-storage-limit-send-body","$v":"Nevar nosūtīt multiziņu. Lai atbrīvotu vietu, izdzēsiet ziņojumus vai dodieties uz Iestatījumi."},{"$i":"data-storage-limit-download-body","$v":"Nevar lejupielādēt multiziņu. Lai atbrīvotu vietu, izdzēsiet ziņojumus vai dodieties uz Iestatījumi."},{"$i":"data-storage-limit-alert-cancel","$v":"Atcelt"},{"$i":"data-storage-limit-alert-setting","$v":"Iestatījumi"},{"$i":"recipient-repeat","$v":"Dublēt kontaktpersonu."},{"$i":"email","$v":"E-PASTS"},{"$i":"options","$v":"Iespējas"},{"$i":"emergency-alert-title","$v":"Ārkārtas brīdinājumi"},{"$i":"emergency-alert","$v":"Ārkārtas brīdinājumi"},{"$i":"wappushNormal","$v":"Wap stūmējtehnoloģija"},{"$i":"wappushSIM1","$v":"WAP stūmējtehnoloģija – SIM 1"},{"$i":"wappushSIM2","$v":"WAP stūmējtehnoloģija – SIM 2"},{"$i":"not-assigned","$v":"Nav piešķirts"},{"$i":"switchSIMDataSendAlertTitle","$v":"MMS ziņu neizdevās nosūtīt."},{"$i":"switchSIMDataSendAlertBody","$v":["Lai sūtītu MMS, SIM pārvaldnieka iestatījumos datu SIM karte jānomaina pret SIM ",{"t":"idOrVar","v":"nonActiveSimId"},"."]},{"$i":"switchSIMDataSendAlertDesc","$v":"Lūdzu, atveriet programmu Iestatījumi un atjauniniet iestatījumus."},{"$i":"switchSIMDataReceiveAlertTitle","$v":"MMS ziņu neizdevās saņemt."},{"$i":"switchSIMDataReceiveAlertBody","$v":["Lai saņemtu MMS, SIM pārvaldnieka iestatījumos datu SIM karte jānomaina pret SIM ",{"t":"idOrVar","v":"nonActiveSimId"},"."]},{"$i":"switchSIMDataReceiveAlertDesc","$v":"Lūdzu, atveriet programmu Iestatījumi un atjauniniet iestatījumus."},{"$i":"group-message","$v":"Grupas ziņa"},{"$i":"individual-message","$v":"Individuāla ziņa"},{"$i":"group-message-alert-title","$v":"Grupas ziņa"},{"$i":"group-message-alert-body","$v":"Vai izveidot grupas ziņu? (Grupas ziņa, kas tiks sūtīta, izmantojot MMS un SMS, var radīt ziņu bezvadu nodrošinātāja papildu izmaksas atkarībā no pakalpojumu plāna.)"},{"$i":"group-message-individual","$v":"Paturēt individuālu"},{"$i":"group-message-setting","$v":"Izveidot grupu"},{"$i":"new-message-individual","$v":"Jauna ziņa (individuala)"},{"$i":"new-message-group","$v":"Jauna ziņa (grupas)"},{"$i":"no-phone-number","$v":"Nav piešķirts"},{"$i":"device-phone-number","$v":"Mans tālruņa numurs"},{"$i":"group-message-phone","$v":"Grupas ziņas"},{"$i":"my-phone-number","$v":"Mans tālruņa numurs"},{"$i":"delivery-notification","$v":"Ziņa ir piegādāta"},{"$i":"wait","$v":"gaida"},{"$i":"isTextTooLongAlert","$v":"Pārsniegts ziņas maksimālais garums."},{"$i":"video-call","$v":"Videozvans"},{"$i":"normal-call","$v":"Zvanīt"},{"$i":"attachment","$v":"Pielikums"},{"$i":"limit-MMS-recipients","$v":"MMS vienlaikus var sūtīt ne vairāk kā 20 adresātiem."},{"$i":"block-contact","$v":"Bloķēt kontaktu"},{"$i":"blocked","$v":"Bloķēt"},{"$i":"unblocked","$v":"Atbloķēt"},{"$i":"rtt-call","$v":"RTT zvans"},{"$i":"remove-all-attachments","$v":"Noņemt visus pielikumus"},{"$i":"block-confirmation","$v":"Jūs nesaņemsiet tālruņa zvanus un ziņas no personām, kas iekļautas bloķēto sarakstā."},{"$i":"space-low-not-save","$v":"Krātuve ir pilna, nevar saglabāt melnrakstu."},{"$i":"sms-encoding-mode","$v":"Īsziņu kodēšana"},{"$i":"sms-reduced-format","$v":"Samazinātais formāts"},{"$i":"sms-full-format","$v":"Pilnais formāts"},{"$i":"smscNormal","$v":"Pakalpojumu centrs"},{"$i":"smscSIM1","$v":"SIM1 pakalpojumu centrs"},{"$i":"smscSIM2","$v":"SIM2 pakalpojumu centrs"},{"$i":"withoutDataTitle","$v":"Kļūda"},{"$i":"withoutDataBody","$v":"Lūdzu, uzstādījumos iespējojiet datu savienojumu, lai nosūtītu vai lejupielādētu MMS"},{"$i":"withoutDataBtnOk","$v":"LABI"},{"$i":"withoutDataBtnSettings","$v":"Iestatījumi"},{"$i":"weekday-0-long","$v":"Svētdiena"},{"$i":"weekday-1-long","$v":"Pirmdiena"},{"$i":"weekday-2-long","$v":"Otrdiena"},{"$i":"weekday-3-long","$v":"Trešdiens"},{"$i":"weekday-4-long","$v":"Ceturtdiena"},{"$i":"weekday-5-long","$v":"Piektdiena"},{"$i":"weekday-6-long","$v":"Sestdiena"},{"$i":"weekday-0-short","$v":"Sv"},{"$i":"weekday-1-short","$v":"P"},{"$i":"weekday-2-short","$v":"O"},{"$i":"weekday-3-short","$v":"T"},{"$i":"weekday-4-short","$v":"C"},{"$i":"weekday-5-short","$v":"Pk"},{"$i":"weekday-6-short","$v":"S"},{"$i":"month-0-long","$v":"Janvāris"},{"$i":"month-1-long","$v":"Februāris"},{"$i":"month-2-long","$v":"Marts"},{"$i":"month-3-long","$v":"Aprīlis"},{"$i":"month-4-long","$v":"Maijs"},{"$i":"month-5-long","$v":"Jūnijs"},{"$i":"month-6-long","$v":"Jūlijs"},{"$i":"month-7-long","$v":"Augusts"},{"$i":"month-8-long","$v":"Septembris"},{"$i":"month-9-long","$v":"Oktobris"},{"$i":"month-10-long","$v":"Novembris"},{"$i":"month-11-long","$v":"Decembris"},{"$i":"month-0-genitive","$v":"Janvāris"},{"$i":"month-1-genitive","$v":"Februāris"},{"$i":"month-2-genitive","$v":"Marts"},{"$i":"month-3-genitive","$v":"Aprīlis"},{"$i":"month-4-genitive","$v":"Maijs"},{"$i":"month-5-genitive","$v":"Jūnijs"},{"$i":"month-6-genitive","$v":"Jūlijs"},{"$i":"month-7-genitive","$v":"Augusts"},{"$i":"month-8-genitive","$v":"Septembris"},{"$i":"month-9-genitive","$v":"Oktobris"},{"$i":"month-10-genitive","$v":"Novembris"},{"$i":"month-11-genitive","$v":"Decembris"},{"$i":"month-0-short","$v":"Jan."},{"$i":"month-1-short","$v":"Febr."},{"$i":"month-2-short","$v":"Marts"},{"$i":"month-3-short","$v":"Apr."},{"$i":"month-4-short","$v":"Maijs"},{"$i":"month-5-short","$v":"Jūn."},{"$i":"month-6-short","$v":"Jūl."},{"$i":"month-7-short","$v":"Aug."},{"$i":"month-8-short","$v":"Sept."},{"$i":"month-9-short","$v":"Okt."},{"$i":"month-10-short","$v":"Nov."},{"$i":"month-11-short","$v":"Dec."},{"$i":"minutes-ago-long","$v":{"few":["Pirms ",{"t":"idOrVar","v":"value"}," minūtēm"],"many":["Pirms ",{"t":"idOrVar","v":"value"}," minūtēm"],"one":"pirms minūtes","other":["Pirms ",{"t":"idOrVar","v":"value"}," minūtēm"],"two":["Pirms ",{"t":"idOrVar","v":"value"}," minūtēm"],"zero":"tikko"},"$x":[{"t":"idOrVar","v":"plural"},"value"]},{"$i":"hours-ago-long","$v":{"few":["Pirms ",{"t":"idOrVar","v":"value"}," stundām"],"many":["Pirms ",{"t":"idOrVar","v":"value"}," stundām"],"one":"pirms stundas","other":["Pirms ",{"t":"idOrVar","v":"value"}," stundām"],"two":["Pirms ",{"t":"idOrVar","v":"value"}," stundām"],"zero":"tikko"},"$x":[{"t":"idOrVar","v":"plural"},"value"]},{"$i":"days-ago-long","$v":{"few":["Pirms ",{"t":"idOrVar","v":"value"}," dienām"],"many":["Pirms ",{"t":"idOrVar","v":"value"}," dienām"],"one":"vakar","other":["Pirms ",{"t":"idOrVar","v":"value"}," dienām"],"two":["Pirms ",{"t":"idOrVar","v":"value"}," dienām"],"zero":"šodien"},"$x":[{"t":"idOrVar","v":"plural"},"value"]},{"$i":"weeks-ago-long","$v":{"few":["Pirms ",{"t":"idOrVar","v":"value"}," nedēļām"],"many":["Pirms ",{"t":"idOrVar","v":"value"}," nedēļām"],"one":"pagājušajā nedēļā","other":["Pirms ",{"t":"idOrVar","v":"value"}," nedēļām"],"two":["Pirms ",{"t":"idOrVar","v":"value"}," nedēļām"],"zero":"šonedēļ"},"$x":[{"t":"idOrVar","v":"plural"},"value"]},{"$i":"months-ago-long","$v":{"few":["Pirms ",{"t":"idOrVar","v":"value"}," mēnešiem"],"many":["Pirms ",{"t":"idOrVar","v":"value"}," mēnešiem"],"one":"pagājušajā mēnesī","other":["Pirms ",{"t":"idOrVar","v":"value"}," mēnešiem"],"two":["Pirms ",{"t":"idOrVar","v":"value"}," mēnešiem"],"zero":"šomēnes"},"$x":[{"t":"idOrVar","v":"plural"},"value"]},{"$i":"years-ago-long","$v":{"few":["Pirms ",{"t":"idOrVar","v":"value"}," gadiem"],"many":["Pirms ",{"t":"idOrVar","v":"value"}," gadiem"],"one":"pagājušajā gadā","other":["Pirms ",{"t":"idOrVar","v":"value"}," gadiem"],"two":["Pirms ",{"t":"idOrVar","v":"value"}," gadiem"],"zero":"šogad"},"$x":[{"t":"idOrVar","v":"plural"},"value"]},{"$i":"minutes-until-long","$v":{"few":[{"t":"idOrVar","v":"value"}," minūtēs"],"many":[{"t":"idOrVar","v":"value"}," minūtēs"],"one":"minūtē","other":[{"t":"idOrVar","v":"value"}," minūtēs"],"two":[{"t":"idOrVar","v":"value"}," minūtēs"],"zero":"tūlīt"},"$x":[{"t":"idOrVar","v":"plural"},"value"]},{"$i":"hours-until-long","$v":{"few":[{"t":"idOrVar","v":"value"}," stundās"],"many":[{"t":"idOrVar","v":"value"}," stundās"],"one":"stundā","other":[{"t":"idOrVar","v":"value"}," stundās"],"two":[{"t":"idOrVar","v":"value"}," stundās"],"zero":"tūlīt"},"$x":[{"t":"idOrVar","v":"plural"},"value"]},{"$i":"days-until-long","$v":{"few":[{"t":"idOrVar","v":"value"}," dienās"],"many":[{"t":"idOrVar","v":"value"}," dienās"],"one":"rīt","other":[{"t":"idOrVar","v":"value"}," dienās"],"two":[{"t":"idOrVar","v":"value"}," dienās"],"zero":"šodien"},"$x":[{"t":"idOrVar","v":"plural"},"value"]},{"$i":"weeks-until-long","$v":{"few":[{"t":"idOrVar","v":"value"}," nedēļās"],"many":[{"t":"idOrVar","v":"value"}," nedēļās"],"one":"nākamā nedēļa","other":[{"t":"idOrVar","v":"value"}," nedēļās"],"two":[{"t":"idOrVar","v":"value"}," nedēļās"],"zero":"šonedēļ"},"$x":[{"t":"idOrVar","v":"plural"},"value"]},{"$i":"months-until-long","$v":{"few":[{"t":"idOrVar","v":"value"}," mēnešos"],"many":[{"t":"idOrVar","v":"value"}," mēnešos"],"one":"nākamais mēnesis","other":[{"t":"idOrVar","v":"value"}," mēnešos"],"two":[{"t":"idOrVar","v":"value"}," mēnešos"],"zero":"šomēnes"},"$x":[{"t":"idOrVar","v":"plural"},"value"]},{"$i":"years-until-long","$v":{"few":[{"t":"idOrVar","v":"value"}," gados"],"many":[{"t":"idOrVar","v":"value"}," gados"],"one":"nākamais gads","other":[{"t":"idOrVar","v":"value"}," gados"],"two":[{"t":"idOrVar","v":"value"}," gados"],"zero":"šogad"},"$x":[{"t":"idOrVar","v":"plural"},"value"]},{"$i":"minutes-ago-short","$v":{"other":["Pirms ",{"t":"idOrVar","v":"value"}," min."],"zero":"tikko"},"$x":[{"t":"idOrVar","v":"plural"},"value"]},{"$i":"hours-ago-short","$v":{"other":["Pirms ",{"t":"idOrVar","v":"value"}," stundām"],"zero":"tikko"},"$x":[{"t":"idOrVar","v":"plural"},"value"]},{"$i":"days-ago-short","$v":{"other":["Pirms ",{"t":"idOrVar","v":"value"}," d."],"zero":"šodien"},"$x":[{"t":"idOrVar","v":"plural"},"value"]},{"$i":"minutes-until-short","$v":{"other":[{"t":"idOrVar","v":"value"}," min."],"zero":"tūlīt"},"$x":[{"t":"idOrVar","v":"plural"},"value"]},{"$i":"hours-until-short","$v":{"other":[{"t":"idOrVar","v":"value"}," st."],"zero":"tūlīt"},"$x":[{"t":"idOrVar","v":"plural"},"value"]},{"$i":"days-until-short","$v":{"other":[{"t":"idOrVar","v":"value"}," dienās"],"zero":"šodien"},"$x":[{"t":"idOrVar","v":"plural"},"value"]},{"$i":"dateTimeFormat_%c","$v":"%a %b %e %Y %I:%M:%S %p"},{"$i":"dateTimeFormat_%x","$v":"%m/%d/%Y"},{"$i":"dateTimeFormat_%X","$v":"%I:%M:%S %p"},{"$i":"shortTimeFormat","$v":"%I:%M %p"},{"$i":"shortTimeFormat12","$v":"%I:%M %p"},{"$i":"shortTimeFormat24","$v":"%H:%M"},{"$i":"shortDateTimeFormat","$v":"%x %I:%M %p"},{"$i":"weekStartsOnMonday","$v":"0.0"},{"$i":"firstDayOfTheWeek","$v":"1.0"},{"$i":"time_am","$v":"no rīta"},{"$i":"time_pm","$v":"Pēc plkst."},{"$i":"softkey-options","$v":"Iespējas"},{"$i":"emergencyNumber","$v":"Ārkārtas numurs"},{"$i":"callAirplaneModeMessage","$v":"Lai veiktu zvanu, sadaļā Uzstādījumi nepieciešams deaktivizēt lidmašīnas režīmu."},{"$i":"callAirplaneModeBtnOk","$v":"Labi"},{"$i":"callAirplaneModeTitle","$v":"Lidmašīnas režīms ir aktivizēts"},{"$i":"numberIsBusyTitle","$v":"Numurs ir aizņemts"},{"$i":"numberIsBusyMessage","$v":"Pašlaik šis numurs ir aizņemts. Vēlāk mēģiniet vēlreiz."},{"$i":"fdnIsActiveTitle","$v":"FDN aktīvs"},{"$i":"fdnIsActiveMessage","$v":["FDN (Fixed Dialling Numbers — fiksēto zvanu numuri) ir aktivizēti, bet šis numurs nav iekļauts jūsu FDN sarakstā: ",{"t":"idOrVar","v":"number"}]},{"$i":"emergencyDialogBodyBadNumber","$v":"Lai veiktu zvanu, tālrunim jābūt savienotam ar tīklu."},{"$i":"emergencyDialogBodyDeviceNotAccepted","$v":"Tīklā ārkārtas zvani nav atļauti."},{"$i":"emergencyDialogBtnOk","$v":"Labi"},{"$i":"emergencyDialogTitle","$v":"Nav tīkla savienojuma"},{"$i":"invalidNumberToDialTitle","$v":"Nederīgs tālruņa numurs"},{"$i":"invalidNumberToDialMessage","$v":"Jūsu izsauktais tālruņa numurs nav derīgs."},{"$i":"unableToCallTitle","$v":"Nevar veikt zvanu. "},{"$i":"unableToCallMessage","$v":"Šobrīd nevar veikt tālruņa zvanu"},{"$i":"otherConnectionInUseTitle","$v":"Izmanto citu savienojumu"},{"$i":"otherConnectionInUseMessage","$v":"Jums ir aktīvs zvans citā savienojumā. Vienlaikus varat izmantot tikai vienu savienojumu."},{"$i":"connectingEllipsis","$v":"Notiek savienojuma izveide..."}]