[{"$i":"messages","$v":"Порака"},{"$i":"deleteMessages-title","$v":"Избор"},{"$i":"selectThreads-title","$v":"Избор"},{"$i":"edit","$v":"Уредување"},{"$i":"back","$v":"Назад"},{"$i":"cancel","$v":"Откажи"},{"$i":"delete","$v":"Избриши"},{"$i":"deleting-messages","$v":"Бришење…"},{"$i":"deselect","$v":"Пон.ги избр."},{"$i":"selected-threads","$v":{"few":[{"t":"idOrVar","v":"n"}," избрано"],"many":[{"t":"idOrVar","v":"n"}," избрано"],"one":[{"t":"idOrVar","v":"n"}," избрано"],"other":[{"t":"idOrVar","v":"n"}," избрано"],"two":[{"t":"idOrVar","v":"n"}," избрано"],"zero":"0 Избрани"},"$x":[{"t":"idOrVar","v":"plural"},"n"]},{"$i":"selected-messages","$v":{"few":[{"t":"idOrVar","v":"n"}," избрано"],"many":[{"t":"idOrVar","v":"n"}," избрано"],"one":[{"t":"idOrVar","v":"n"}," избрано"],"other":[{"t":"idOrVar","v":"n"}," избрано"],"two":[{"t":"idOrVar","v":"n"}," избрано"],"zero":"0 Избрани"},"$x":[{"t":"idOrVar","v":"plural"},"n"]},{"$i":"selectThreads-label","$v":"Изберете разговори"},{"$i":"selectMessages-label","$v":"Изберете пораки"},{"$i":"new-message","$v":"Нова порака"},{"$i":"delete-thread","$v":"Избриши разговор"},{"$i":"create-new-contact","$v":"Созд.нов конт."},{"$i":"add-to-contact","$v":"Дод.кон постоеч.контакт"},{"$i":"select-thread","$v":"Изберете разговор"},{"$i":"settings","$v":"Параметри"},{"$i":"select-all","$v":"Изберете ги сите"},{"$i":"deselect-all","$v":"Поништи избор на сите"},{"$i":"select","$v":"Избор"},{"$i":"sk-save-as-draft","$v":"Зачувајте како нацрт"},{"$i":"next","$v":"Следно"},{"$i":"send","$v":"Испрати"},{"$i":"add-contact","$v":"Додајте Контакт"},{"$i":"add-suggestion","$v":"Избор"},{"$i":"add-subject","$v":"Додајте Предмет"},{"$i":"remove-subject","$v":"Отст. на предмет"},{"$i":"add-attachment","$v":"Додајте Прилог"},{"$i":"remove-attachment","$v":"Отстранување на прилог"},{"$i":"replace-attachment","$v":"Замена на прилог"},{"$i":"select-messages","$v":"Изберете пораки"},{"$i":"call","$v":"Повик"},{"$i":"forward","$v":"Препрати"},{"$i":"view-message-report","$v":"Вид. ги дет. на пораката"},{"$i":"cancel-view-report","$v":"Откажи"},{"$i":"ok","$v":"ОК"},{"$i":"enter","$v":"Внесете"},{"$i":"open","$v":"Отворен"},{"$i":"to","$v":"До"},{"$i":"new","$v":"Нова"},{"$i":"message","$v":"Порака"},{"$i":"messagesInput_placeholder","$v":"Порака"},{"$i":"messagesSubjectInput_placeholder","$v":"Предмет"},{"$i":"subjectComposerInput_placeholder","$v":"Предмет"},{"$i":"converted-to-mms","$v":"Конвертирање во мултимедијална порака."},{"$i":"converted-to-sms","$v":"Конвертирање во текстова порака."},{"$i":"messages-max-length-text","$v":"Ја достигнавте максималната должина."},{"$i":"messages-max-subject-length-text","$v":"Достигната е максим. должина на предметот."},{"$i":"multimedia-message-exceeded-max-length","$v":["Оваа порака го надминува ограничувањето од ",{"t":"idOrVar","v":"mmsSize"}," MB за една мултимедијална порака."]},{"$i":"newMessage","$v":"Нова порака"},{"$i":"sendMessage","$v":"Испратете порака"},{"$i":"sendMMSToEmail","$v":"Испр. мултимед. порака"},{"$i":"no-recipient","$v":"(Нема примач)"},{"$i":"recipient","$v":{"few":[{"t":"idOrVar","v":"n"}," примачи"],"many":[{"t":"idOrVar","v":"n"}," примачи"],"one":[{"t":"idOrVar","v":"n"}," примач"],"other":[{"t":"idOrVar","v":"n"}," примачи"],"two":[{"t":"idOrVar","v":"n"}," примачи"]},"$x":[{"t":"idOrVar","v":"plural"},"n"]},{"$i":"attachmentSizeB","$v":[{"t":"idOrVar","v":"n"}," B"]},{"$i":"attachmentSizeKB","$v":[{"t":"idOrVar","v":"n"}," KB"]},{"$i":"attachmentSizeMB","$v":[{"t":"idOrVar","v":"n"}," MB"]},{"$i":"attachmentOpenError","$v":"Нема достапна апликација за отворање на овој тип датотека."},{"$i":"remove","$v":"Отстрани"},{"$i":"participant","$v":{"few":[{"t":"idOrVar","v":"n"}," учесници"],"many":[{"t":"idOrVar","v":"n"}," учесници"],"one":[{"t":"idOrVar","v":"n"}," учесник"],"other":[{"t":"idOrVar","v":"n"}," учесници"],"two":[{"t":"idOrVar","v":"n"}," учесници"]},"$x":[{"t":"idOrVar","v":"plural"},"n"]},{"$i":"message-report","$v":"Извештај за пораката"},{"$i":"message-type-sms","$v":"Текстуална порака (SMS)"},{"$i":"message-type-mms","$v":"Мултимедијална порака (MMS)"},{"$i":"sms-report-description","$v":["Вашата текст.порака (SMS), беше испратена на ",{"t":"idOrVar","v":"datetime"}]},{"$i":"mms-report-description","$v":["Вашата мултимедијална порака (MMS), предмет ",{"t":"idOrVar","v":"subject"},", беше испратена на ",{"t":"idOrVar","v":"datetime"}]},{"$i":"mms-no-subject-report-description","$v":["Вашата мултимедијална порака (MMS), беше испратена на ",{"t":"idOrVar","v":"datetime"}]},{"$i":"message-subject","$v":"Предмет:"},{"$i":"report-status-error","$v":"Пораката не може да се испрати"},{"$i":"report-status-not-downloaded","$v":"не е преземено"},{"$i":"report-status-delivered","$v":"Испорачано:"},{"$i":"report-status-read","$v":"Прочитајте:"},{"$i":"report-status-pending","$v":"Побаран е извештај"},{"$i":"report-status-rejected","$v":"Пораката е одбиена"},{"$i":"message-size-was","$v":"Големина на пораката:"},{"$i":"report-to-title","$v":"До"},{"$i":"report-from-title","$v":"Од"},{"$i":"message-sent","$v":"Испратено:"},{"$i":"message-sending","$v":[{"t":"idOrVar","v":"message-delivery-status-sending"}]},{"$i":"message-received","$v":"Примено:"},{"$i":"message-via","$v":"Преку:"},{"$i":"message-resend","$v":"Испр. повторно"},{"$i":"search","$v":"Пребарување"},{"$i":"unknown-contact-title","$v":"Непознат контакт"},{"$i":"phone-type-separator","$v":", "},{"$i":"phone-carrier-separator","$v":" "},{"$i":"thread-participant-separator","$v":", "},{"$i":"replace-draft","$v":"Замена на постоечки нацрт"},{"$i":"save-as-draft","$v":"Зачувај"},{"$i":"discard-message","$v":"Отфрли"},{"$i":"discard-sms","$v":"Сигурни ли сте дека сакате да ја отфрлите оваа порака?"},{"$i":"discard-new-message","$v":"Да се отфрли пораката што ја составувате и да се отвори нова порака?"},{"$i":"resend-confirmation","$v":"Пораката не може да се испрати. Обидете се повторно?"},{"$i":"resend-message","$v":"Преп. ја оваа порака"},{"$i":"deleteMessage-confirmation","$v":"Избриши ги избраните пораки?"},{"$i":"deleteMessages-confirmation","$v":"Избриши ги одбраните пораки?"},{"$i":"deleteThreads-confirmation2","$v":{"one":"Избриши ги избраниот разговор?","other":"Избриши ги избраните разговори?"},"$x":[{"t":"idOrVar","v":"plural"},"n"]},{"$i":"new-message-notice-text","$v":"Нова порака од"},{"$i":"new-message-notice-a-text","$v":"Прочитајте ја:"},{"$i":"noMessages-title","$v":"Нема пораки."},{"$i":"noMessages-text","$v":"Притиснете Нов за да започнете да комуниц."},{"$i":"sendDefaultErrorTitle","$v":"Испрати неуспех"},{"$i":"sendDefaultErrorBody","$v":"Имаше проблем при испраќањето на пораката. Обидете се повторно."},{"$i":"sendDefaultErrorBtnOk","$v":"ОК"},{"$i":"sendMissingSimCardTitle","$v":"Испрати неуспех"},{"$i":"sendMissingSimCardBody","$v":"Вметнете валидна SIM карт. за да продолжите."},{"$i":"sendMissingSimCardBtnOk","$v":"ОК"},{"$i":"sendFlightModeTitle","$v":"Испрати неуспех"},{"$i":"sendFlightModeBody","$v":"Иск.го ав.реж.за да исп.пор."},{"$i":"sendFlightModeBtnOk","$v":"ОК"},{"$i":"radioDisabledToDownloadTitle","$v":"Преземање неуспех"},{"$i":"radioDisabledToDownloadBody","$v":"Исклучете го авионскиот режим за да преземате прилози."},{"$i":"radioDisabledToDownloadBtnOk","$v":[{"t":"idOrVar","v":"sendFlightModeBtnOk"}]},{"$i":"downloadDefaultErrorTitle","$v":"Преземање неуспех"},{"$i":"downloadDefaultErrorBody","$v":"Имаше проблем при преземањето на пораката. Обидете се повторно."},{"$i":"downloadDefaultErrorBtnOk","$v":[{"t":"idOrVar","v":"sendDefaultErrorBtnOk"}]},{"$i":"fdnErrorTitle","$v":"Испрати неуспех"},{"$i":"needConnectWifiBody","$v":"Нема достапна мрежа за моб.под. Поврзете се на достапна Wi-Fi мрежа за размена на пораки."},{"$i":"needConnectWifiTitle","$v":"Пораката не е испратена"},{"$i":"mmsChanelUsedBody","$v":"Има ММS што се испраќа од не-DDS копија, почекајте процесот на испраќање да заврши."},{"$i":"mmsChanelUsedTitle","$v":"Се користи MMS канал"},{"$i":"sms-counter-notice-label","$v":["Уредување на SMS ",{"t":"idOrVar","v":"number"}]},{"$i":"fdnErrorBody","$v":{"few":"ФБП (Фиксирани Броеви за Повикување) е активиран. Осигурете се дека SMS центарот и следните примачи се во вашиот ФБП список.","many":"ФБП (Фиксирани Броеви за Повикување) е активиран. Осигурете се дека SMS центарот и следните примачи се во вашиот ФБП список.","one":"ФБП (Фиксирани Броеви за Повикување) е активиран. Осигурете се дека SMS центарот и следниот примач е во вашиот ФБП список.","other":"ФБП (Фиксирани Броеви за Повикување) е активиран. Осигурете се дека SMS центарот и следните примачи се во вашиот ФБП список.","two":"ФБП (Фиксирани Броеви за Повикување) е активиран. Осигурете се дека SMS центарот и следните примачи се во вашиот ФБП список."},"$x":[{"t":"idOrVar","v":"plural"},"n"]},{"$i":"fdnErrorBtnOk","$v":"ОК"},{"$i":"sendNoSignalErrorTitle","$v":"Испрати неуспех"},{"$i":"sendNoSignalErrorBody","$v":"Осигурете се дека имате моб.сигнал и обид.се повторно."},{"$i":"sendNoSignalErrorBtnOk","$v":"ОК"},{"$i":"sendNotFoundErrorTitle","$v":"Испрати неуспех"},{"$i":"sendNotFoundErrorBody","$v":"Пораката што ја барате повеќе не е достапна."},{"$i":"sendNotFoundErrorBtnOk","$v":"ОК"},{"$i":"sendInvalidAddressErrorTitle","$v":"Испрати неуспех"},{"$i":"sendInvalidAddressErrorBody","$v":"Осигурете се дека моб.број на кој што праќате е валиден."},{"$i":"sendInvalidAddressErrorBtnOk","$v":"ОК"},{"$i":"simNotMatchedErrorTitle","$v":"Не може да се преземе"},{"$i":"simNotMatchedErrorBody","$v":"Осигурете се дека вметнатата SIM карт. е истата што се користи за примање на оваа порака."},{"$i":"simNotMatchedErrorBtnOk","$v":"ОК"},{"$i":"netWorkErrorTitle","$v":"Грешка во мрежата."},{"$i":"netWorkErrorBody","$v":"Мрежата има некои проблеми, прво проверете ја."},{"$i":"netWorkErrorBtnOk","$v":"OK"},{"$i":"deleted-sms","$v":"Оваа пор. веќе била изб."},{"$i":"view-attachment-image","$v":"Види"},{"$i":"view-attachment-audio","$v":"Слушај"},{"$i":"view-attachment-video","$v":"Види"},{"$i":"view-attachment-other","$v":"Види"},{"$i":"remove-attachment-image","$v":"Отстранување на слика"},{"$i":"remove-attachment-audio","$v":"Отстранување на аудио"},{"$i":"remove-attachment-video","$v":"Отстранување на видео"},{"$i":"remove-attachment-other","$v":"Отстранување на прилог"},{"$i":"replace-attachment-image","$v":"Замена на слика"},{"$i":"replace-attachment-audio","$v":"Замена на аудио"},{"$i":"replace-attachment-video","$v":"Замена на видео"},{"$i":"replace-attachment-other","$v":"Замена на прилог"},{"$i":"unsent-message-title","$v":"Неиспратена порака"},{"$i":"unsent-message-description","$v":"Вашата претходна порака не беше испратена. Сакате ли да ја уредите неиспратената порака или да ја отфрлите и да продолжите?"},{"$i":"unsent-message-option-edit","$v":"Уредување"},{"$i":"unsent-message-option-discard","$v":"Отфрли"},{"$i":"message-options","$v":"Опции за пораката"},{"$i":"select-text","$v":"Изберете текст"},{"$i":"mobile","$v":"Mobile"},{"$i":"home","$v":"Домашен"},{"$i":"work","$v":"Работа"},{"$i":"personal","$v":"Лични"},{"$i":"faxHome","$v":"Факс дома"},{"$i":"faxOffice","$v":"Факс канц."},{"$i":"faxOther","$v":"Факс друго"},{"$i":"another","$v":"Друг"},{"$i":"other","$v":"Друго"},{"$i":"today","$v":"Денес"},{"$i":"yesterday","$v":"Вчера"},{"$i":"incorrectDate","$v":"(неточна дата)"},{"$i":"addToExistingContact","$v":"Додајте кон пост. контакт"},{"$i":"createNewContact","$v":"Создадете нов контакт"},{"$i":"viewContact","$v":"Прегледај контакт"},{"$i":"sendEmail","$v":"Испратете е-пошта"},{"$i":"mms-message","$v":"MMS порака"},{"$i":"notDownloaded-title","$v":"Пораката сѐ уште не е преземена."},{"$i":"tobedownloaded-attachment","$v":["Примивте мултимедијална порака, притиснете Преземи за да ја вчитате содржината пред ",{"t":"idOrVar","v":"date"},"."]},{"$i":"expired-attachment","$v":["Се извинуваме, пораката истекла на ",{"t":"idOrVar","v":"date"}," и не може да биде преземена."]},{"$i":"download-attachment","$v":"Преземи"},{"$i":"downloading-attachment","$v":"Преземање…"},{"$i":"download-complete","$v":"Преземањето е готово"},{"$i":"unnamed-attachment","$v":"неименувано"},{"$i":"mms-label","$v":"MMS"},{"$i":"group-label","$v":"ГРУПА"},{"$i":"attached-files-too-large","$v":{"few":["Овие пораки го надминуваат ограничувањето од ",{"t":"idOrVar","v":"mmsSize"}," MB за една мултимедијална порака."],"many":["Овие пораки го надминуваат ограничувањето од ",{"t":"idOrVar","v":"mmsSize"}," MB за една мултимедијална порака."],"one":["Оваа порака го надминува ограничувањето од ",{"t":"idOrVar","v":"mmsSize"}," MB за една мултимедијална порака."],"other":["Овие пораки го надминуваат ограничувањето од ",{"t":"idOrVar","v":"mmsSize"}," MB за една мултимедијална порака."],"two":["Овие пораки го надминуваат ограничувањето од ",{"t":"idOrVar","v":"mmsSize"}," MB за една мултимедијална порака."],"zero":["Овие пораки го надминуваат ограничувањето од ",{"t":"idOrVar","v":"mmsSize"}," MB за една мултимедијална порака."]},"$x":[{"t":"idOrVar","v":"plural"},"n"]},{"$i":"resize-image","$v":"Пром. на голем. на прилож. слика"},{"$i":"no-attachment-text","$v":"Има проблем со прилогот и не може да биде преземен."},{"$i":"message-draft-saved","$v":"Пораката е зачувана како нацрт"},{"$i":"sim-id-label","$v":["SIM ",{"t":"idOrVar","v":"id"}]},{"$i":"sim-detail","$v":["SIM ",{"t":"idOrVar","v":"id"},", ",{"t":"idOrVar","v":"detailString"}]},{"$i":"dsds-notification-title-with-sim","$v":["(",{"t":"idOrVar","v":"sim"},") ",{"t":"idOrVar","v":"sender"}]},{"$i":"send-button","ariaLabel":"Испрати"},{"$i":"send-button-sim-indication","$v":[{"t":"idOrVar","v":"n"}],"ariaLabel":["користејќи SIM ",{"t":"idOrVar","v":"n"}]},{"$i":"expiry-date-format","$v":"%A, %b %e"},{"$i":"attach-button","ariaLabel":"Додајте прилог"},{"$i":"contact-photo","ariaLabel":"Слика на конт."},{"$i":"unread-thread","ariaLabel":"Непрочитано"},{"$i":"has-draft","ariaLabel":"Има скица"},{"$i":"is-draft","ariaLabel":"Нацрт"},{"$i":"message-delivery-status-sending","$v":"Исп.…"},{"$i":"message-delivery-status-delivered","$v":"Испорачано"},{"$i":"message-delivery-status-read","ariaLabel":"Прочитај"},{"$i":"message-delivery-status-error","ariaLabel":"Грешка"},{"$i":"modal-dialog-ok-button","$v":"ОК"},{"$i":"modal-dialog-cancel-button","$v":"Откажи"},{"$i":"modal-dialog-default-title","$v":"Пораки"},{"$i":"delete-message","$v":"Пораката е избришана"},{"$i":"message-converted-to-toast","$v":["Пораката е конвертирана во ",{"t":"idOrVar","v":"type"}]},{"$i":"message-sent-toast","$v":"Пораката е испратена"},{"$i":"deleteMessage-confirmation2","$v":"Избриши ги избраниот разговор?"},{"$i":"deleted-message","$v":{"few":[{"t":"idOrVar","v":"n"}," пораките се избришани"],"many":[{"t":"idOrVar","v":"n"}," пораките се избришани"],"one":[{"t":"idOrVar","v":"n"}," пораката е избришана"],"other":[{"t":"idOrVar","v":"n"}," пораките се избришани"],"two":[{"t":"idOrVar","v":"n"}," пораките се избришани"],"zero":"0 пораки се избришани"},"$x":[{"t":"idOrVar","v":"plural"},"n"]},{"$i":"deleted-threads","$v":{"few":[{"t":"idOrVar","v":"n"}," разговорите се избришани"],"many":[{"t":"idOrVar","v":"n"}," разговорите се избришани"],"one":"Раз.е из.","other":[{"t":"idOrVar","v":"n"}," разговорите се избришани"],"two":[{"t":"idOrVar","v":"n"}," разговорите се избришани"],"zero":"0 Разговори се избришани"},"$x":[{"t":"idOrVar","v":"plural"},"n"]},{"$i":"wapPushMessages","$v":"WAP Push пораки"},{"$i":"auto-retrieve-messages","$v":"Авто. враќање на пораките"},{"$i":"auto-retrieve-messages-title","$v":"Авто. враќање на пораките"},{"$i":"auto-roaming-retrieve","$v":"Вкл. без роаминг"},{"$i":"auto-no-roaming-retrieve","$v":"Вкл. без роаминг"},{"$i":"mmsTitle","$v":"Мултимедијална порака (MMS)"},{"$i":"message-delivery-reports","$v":"Извешт. за достава"},{"$i":"message-delivery-reports-title","$v":"Извешт. за достава"},{"$i":"messageReport-title","$v":"Детали за пораката"},{"$i":"sms-label","$v":"SMS"},{"$i":"messaging-settings","$v":"Прилаг. за пор."},{"$i":"messagingSettings-header","$v":[{"t":"idOrVar","v":"messaging-settings"}]},{"$i":"confirmation-title","$v":"Потврдување"},{"$i":"draft-save-content","$v":"Да се зач. ли како нацрт?"},{"$i":"draft-discard-content","$v":"Пораката е отфрлена"},{"$i":"switch-on","$v":"Вклучено"},{"$i":"switch-off","$v":"Исклучено"},{"$i":"auto-retrieve-desc","$v":"Авто. враќање на пораките"},{"$i":"confirm-dialog-ok","$v":"OK"},{"$i":"yes","$v":"Да"},{"$i":"no","$v":"Не"},{"$i":"delete-current-thread?","$v":"Избриши ги избраниот разговор?"},{"$i":"attention","$v":"Внимание"},{"$i":"delivery-title","$v":"Текстуална порака (SMS)"},{"$i":"send-failed","$v":"Неуспешно испраќање."},{"$i":"subject-removed","$v":"Предметот е отстранет."},{"$i":"data-storage-limit-alert-title","$v":"Складот на телефонот е полн."},{"$i":"data-storage-limit-send-body","$v":"Не може да се испрати MMS. Избришете пораки или појдете во Параметри за да ослободите простор."},{"$i":"data-storage-limit-download-body","$v":"Не може да се преземе MMS. Избришете пораки или појдете во Параметри за да ослободите простор."},{"$i":"data-storage-limit-alert-cancel","$v":"Откажи"},{"$i":"data-storage-limit-alert-setting","$v":"Поставувања"},{"$i":"recipient-repeat","$v":"Дуплиран контакт."},{"$i":"email","$v":"Е-пошта"},{"$i":"options","$v":"Опции"},{"$i":"emergency-alert-title","$v":"Итни тревоги"},{"$i":"emergency-alert","$v":"Итни тревоги"},{"$i":"wappushNormal","$v":"Wap push"},{"$i":"wappushSIM1","$v":"WAP push - СИМ 1"},{"$i":"wappushSIM2","$v":"WAP push - СИМ 2"},{"$i":"not-assigned","$v":"Не е доделен"},{"$i":"switchSIMDataSendAlertTitle","$v":"Испраќањето на MMS не успеа."},{"$i":"switchSIMDataSendAlertBody","$v":["За да праќате MMS, потребно е SIM-картичката за податоци да ја замените со SIM ",{"t":"idOrVar","v":"nonActiveSimId"}," во поставките во SIM Управувач."]},{"$i":"switchSIMDataSendAlertDesc","$v":"Одете во апликацијата Поставки за да ги ажурирате поставките."},{"$i":"switchSIMDataReceiveAlertTitle","$v":"Добивањето на MMS не успеа."},{"$i":"switchSIMDataReceiveAlertBody","$v":["За да добивате MMS, потребно е SIM-картичката за податоци да ја замените со SIM ",{"t":"idOrVar","v":"nonActiveSimId"}," во поставките во SIM Управувач."]},{"$i":"switchSIMDataReceiveAlertDesc","$v":"Одете во апликацијата Поставки за да ги ажурирате поставките."},{"$i":"group-message","$v":"Групна порака"},{"$i":"individual-message","$v":"Индивидуална порака"},{"$i":"group-message-alert-title","$v":"Групна порака"},{"$i":"group-message-alert-body","$v":"Создавање на групна порака? (Групната порака ќе биде испратена преку MMS и SMS и ќе доведе до дополнително таксување од провајдерот на безжични пораки според планот за услуги.)"},{"$i":"group-message-individual","$v":"Продолжи индивидуално"},{"$i":"group-message-setting","$v":"Создајте група"},{"$i":"new-message-individual","$v":"Нова порака (Индивидуална)"},{"$i":"new-message-group","$v":"Нова порака (Групна)"},{"$i":"no-phone-number","$v":"Не е доделено"},{"$i":"device-phone-number","$v":"Мојот тел. број"},{"$i":"group-message-phone","$v":"Групни пораки"},{"$i":"my-phone-number","$v":"Мојот тел. број"},{"$i":"delivery-notification","$v":"Пораката е испратена"},{"$i":"wait","$v":"чекање"},{"$i":"isTextTooLongAlert","$v":"Максималната должина на пораката е надмината."},{"$i":"video-call","$v":"Видео разговор"},{"$i":"normal-call","$v":"Повик"},{"$i":"attachment","$v":"Прилог"},{"$i":"limit-MMS-recipients","$v":"Може да се испрати најмногу на 20 примачи по MMS."},{"$i":"block-contact","$v":"Блокирај контакт"},{"$i":"blocked","$v":"Блокирај"},{"$i":"unblocked","$v":"Деблокирај"},{"$i":"rtt-call","$v":"RTT повикување"},{"$i":"remove-all-attachments","$v":"Отстрани ги сите прилози"},{"$i":"block-confirmation","$v":"Нема да добивате телефонски повици, пораки од луѓе на блок листата."},{"$i":"space-low-not-save","$v":"Складот е полн, нацртот не може да се зачува."},{"$i":"sms-encoding-mode","$v":"Енкодирање на СМС"},{"$i":"sms-reduced-format","$v":"Намален формат"},{"$i":"sms-full-format","$v":"Целосен формат"},{"$i":"smscNormal","$v":"Центар за услуги"},{"$i":"smscSIM1","$v":"Центар за услуги SIM1"},{"$i":"smscSIM2","$v":"Центар за услуги SIM2"},{"$i":"withoutDataTitle","$v":"Неуспешно"},{"$i":"withoutDataBody","$v":"Ве молиме вклучете ја Поврзување со податоци во Поставки за да испратите или да преземете MMS"},{"$i":"withoutDataBtnOk","$v":"OK"},{"$i":"withoutDataBtnSettings","$v":"Поставувања"},{"$i":"weekday-0-long","$v":"Недела"},{"$i":"weekday-1-long","$v":"Понеделник"},{"$i":"weekday-2-long","$v":"Вторник"},{"$i":"weekday-3-long","$v":"Среда"},{"$i":"weekday-4-long","$v":"Четврток"},{"$i":"weekday-5-long","$v":"Петок"},{"$i":"weekday-6-long","$v":"Сабота"},{"$i":"weekday-0-short","$v":"Нед"},{"$i":"weekday-1-short","$v":"Пон"},{"$i":"weekday-2-short","$v":"Вто"},{"$i":"weekday-3-short","$v":"Сре"},{"$i":"weekday-4-short","$v":"Чет"},{"$i":"weekday-5-short","$v":"Пет"},{"$i":"weekday-6-short","$v":"Саб"},{"$i":"month-0-long","$v":"Јануари"},{"$i":"month-1-long","$v":"Фебруари"},{"$i":"month-2-long","$v":"Март"},{"$i":"month-3-long","$v":"Април"},{"$i":"month-4-long","$v":"Мај"},{"$i":"month-5-long","$v":"Јуни"},{"$i":"month-6-long","$v":"Јули"},{"$i":"month-7-long","$v":"Август"},{"$i":"month-8-long","$v":"Септември"},{"$i":"month-9-long","$v":"Октомври"},{"$i":"month-10-long","$v":"Ноември"},{"$i":"month-11-long","$v":"Декември"},{"$i":"month-0-genitive","$v":"Јануари"},{"$i":"month-1-genitive","$v":"Февруари"},{"$i":"month-2-genitive","$v":"Март"},{"$i":"month-3-genitive","$v":"Април"},{"$i":"month-4-genitive","$v":"Мај"},{"$i":"month-5-genitive","$v":"Јуни"},{"$i":"month-6-genitive","$v":"Јули"},{"$i":"month-7-genitive","$v":"Август"},{"$i":"month-8-genitive","$v":"Септември"},{"$i":"month-9-genitive","$v":"Октомври"},{"$i":"month-10-genitive","$v":"Ноември"},{"$i":"month-11-genitive","$v":"Декември"},{"$i":"month-0-short","$v":"Јан"},{"$i":"month-1-short","$v":"Фев"},{"$i":"month-2-short","$v":"Мар"},{"$i":"month-3-short","$v":"Апр"},{"$i":"month-4-short","$v":"Мај"},{"$i":"month-5-short","$v":"Јун"},{"$i":"month-6-short","$v":"Јул"},{"$i":"month-7-short","$v":"Авг"},{"$i":"month-8-short","$v":"Сеп"},{"$i":"month-9-short","$v":"Окт"},{"$i":"month-10-short","$v":"Ное"},{"$i":"month-11-short","$v":"Дек"},{"$i":"minutes-ago-long","$v":{"few":[{"t":"idOrVar","v":"value"}," минути пред"],"many":[{"t":"idOrVar","v":"value"}," минути пред"],"one":"пред 1 минута","other":["Пред ",{"t":"idOrVar","v":"value"}," Минути"],"two":[{"t":"idOrVar","v":"value"}," минути пред"],"zero":"само што"},"$x":[{"t":"idOrVar","v":"plural"},"value"]},{"$i":"hours-ago-long","$v":{"few":[{"t":"idOrVar","v":"value"}," часови пред"],"many":[{"t":"idOrVar","v":"value"}," часови пред"],"one":"пред еден час","other":["Пред ",{"t":"idOrVar","v":"value"}," Часа"],"two":[{"t":"idOrVar","v":"value"}," часови пред"],"zero":"само што"},"$x":[{"t":"idOrVar","v":"plural"},"value"]},{"$i":"days-ago-long","$v":{"few":[{"t":"idOrVar","v":"value"}," денови пред"],"many":[{"t":"idOrVar","v":"value"}," денови пред"],"one":"вчера","other":["Пред ",{"t":"idOrVar","v":"value"}," Дена"],"two":[{"t":"idOrVar","v":"value"}," денови пред"],"zero":"денес"},"$x":[{"t":"idOrVar","v":"plural"},"value"]},{"$i":"weeks-ago-long","$v":{"few":[{"t":"idOrVar","v":"value"}," седмици пред"],"many":[{"t":"idOrVar","v":"value"}," седмици пред"],"one":"минатата недела","other":[{"t":"idOrVar","v":"value"}," седмици пред"],"two":[{"t":"idOrVar","v":"value"}," седмици пред"],"zero":"оваа седмица"},"$x":[{"t":"idOrVar","v":"plural"},"value"]},{"$i":"months-ago-long","$v":{"few":[{"t":"idOrVar","v":"value"}," месеци пред"],"many":[{"t":"idOrVar","v":"value"}," месеци пред"],"one":"минатиот месец","other":[{"t":"idOrVar","v":"value"}," месеци пред"],"two":[{"t":"idOrVar","v":"value"}," месеци пред"],"zero":"овој месец"},"$x":[{"t":"idOrVar","v":"plural"},"value"]},{"$i":"years-ago-long","$v":{"few":[{"t":"idOrVar","v":"value"}," години пред"],"many":[{"t":"idOrVar","v":"value"}," години пред"],"one":"минатата година","other":[{"t":"idOrVar","v":"value"}," години пред"],"two":[{"t":"idOrVar","v":"value"}," години пред"],"zero":"оваа година"},"$x":[{"t":"idOrVar","v":"plural"},"value"]},{"$i":"minutes-until-long","$v":{"few":["за ",{"t":"idOrVar","v":"value"}," минути"],"many":["за ",{"t":"idOrVar","v":"value"}," минути"],"one":"за една минута","other":["за ",{"t":"idOrVar","v":"value"}," минути"],"two":["за ",{"t":"idOrVar","v":"value"}," минути"],"zero":"сега"},"$x":[{"t":"idOrVar","v":"plural"},"value"]},{"$i":"hours-until-long","$v":{"few":["за ",{"t":"idOrVar","v":"value"}," часа"],"many":["за ",{"t":"idOrVar","v":"value"}," часа"],"one":"за еден час","other":["за ",{"t":"idOrVar","v":"value"}," часа"],"two":["за ",{"t":"idOrVar","v":"value"}," часа"],"zero":"сега"},"$x":[{"t":"idOrVar","v":"plural"},"value"]},{"$i":"days-until-long","$v":{"few":["за ",{"t":"idOrVar","v":"value"}," дена"],"many":["за ",{"t":"idOrVar","v":"value"}," дена"],"one":"утре","other":["за ",{"t":"idOrVar","v":"value"}," дена"],"two":["за ",{"t":"idOrVar","v":"value"}," дена"],"zero":"денес"},"$x":[{"t":"idOrVar","v":"plural"},"value"]},{"$i":"weeks-until-long","$v":{"few":["за ",{"t":"idOrVar","v":"value"}," седмици"],"many":["за ",{"t":"idOrVar","v":"value"}," седмици"],"one":"следната седмица","other":["за ",{"t":"idOrVar","v":"value"}," седмици"],"two":["за ",{"t":"idOrVar","v":"value"}," седмици"],"zero":"оваа седмица"},"$x":[{"t":"idOrVar","v":"plural"},"value"]},{"$i":"months-until-long","$v":{"few":["за ",{"t":"idOrVar","v":"value"}," месеци"],"many":["за ",{"t":"idOrVar","v":"value"}," месеци"],"one":"следниот месец","other":["за ",{"t":"idOrVar","v":"value"}," месеци"],"two":["за ",{"t":"idOrVar","v":"value"}," месеци"],"zero":"овој месец"},"$x":[{"t":"idOrVar","v":"plural"},"value"]},{"$i":"years-until-long","$v":{"few":["за ",{"t":"idOrVar","v":"value"}," години"],"many":["за ",{"t":"idOrVar","v":"value"}," години"],"one":"следната година","other":["за ",{"t":"idOrVar","v":"value"}," години"],"two":["за ",{"t":"idOrVar","v":"value"}," години"],"zero":"оваа година"},"$x":[{"t":"idOrVar","v":"plural"},"value"]},{"$i":"minutes-ago-short","$v":{"other":[{"t":"idOrVar","v":"value"},"м. пред"],"zero":"само што"},"$x":[{"t":"idOrVar","v":"plural"},"value"]},{"$i":"hours-ago-short","$v":{"other":[{"t":"idOrVar","v":"value"},"ч. пред"],"zero":"само што"},"$x":[{"t":"idOrVar","v":"plural"},"value"]},{"$i":"days-ago-short","$v":{"other":[{"t":"idOrVar","v":"value"},"д. пред"],"zero":"денес"},"$x":[{"t":"idOrVar","v":"plural"},"value"]},{"$i":"minutes-until-short","$v":{"other":["за ",{"t":"idOrVar","v":"value"},"м"],"zero":"сега"},"$x":[{"t":"idOrVar","v":"plural"},"value"]},{"$i":"hours-until-short","$v":{"other":["за ",{"t":"idOrVar","v":"value"},"ч"],"zero":"сега"},"$x":[{"t":"idOrVar","v":"plural"},"value"]},{"$i":"days-until-short","$v":{"other":["за ",{"t":"idOrVar","v":"value"},"д"],"zero":"денес"},"$x":[{"t":"idOrVar","v":"plural"},"value"]},{"$i":"dateTimeFormat_%c","$v":"%a %b %e %Y %I:%M:%S %p"},{"$i":"dateTimeFormat_%x","$v":"%m/%d/%Y"},{"$i":"dateTimeFormat_%X","$v":"%I:%M:%S %p"},{"$i":"shortTimeFormat","$v":"%I:%M %p"},{"$i":"shortTimeFormat12","$v":"%I:%M %p"},{"$i":"shortTimeFormat24","$v":"%H:%M"},{"$i":"shortDateTimeFormat","$v":"%x %I:%M %p"},{"$i":"weekStartsOnMonday","$v":"0.0"},{"$i":"firstDayOfTheWeek","$v":"1.0"},{"$i":"time_am","$v":"Претпл."},{"$i":"time_pm","$v":"пм"},{"$i":"softkey-options","$v":"Опции"},{"$i":"emergencyNumber","$v":"Број за итни случаи"},{"$i":"callAirplaneModeMessage","$v":"За да остварите повик, треба да го оневозможите авионскиот режим во поставувања."},{"$i":"callAirplaneModeBtnOk","$v":"ОК"},{"$i":"callAirplaneModeTitle","$v":"Авионскиот режим е активиран"},{"$i":"numberIsBusyTitle","$v":"Бројот е зафатен"},{"$i":"numberIsBusyMessage","$v":"Бројот е зафатен во моментот. Обидете се повторно подоцна."},{"$i":"fdnIsActiveTitle","$v":"ФБП е активен"},{"$i":"fdnIsActiveMessage","$v":["ФБП (Фиксирани Броеви за Повикување) е активиран и следниот број не е во списокот на ФБП: ",{"t":"idOrVar","v":"number"}]},{"$i":"emergencyDialogBodyBadNumber","$v":"За да остварите повик, телефонот треба да биде поврзан кон мрежа."},{"$i":"emergencyDialogBodyDeviceNotAccepted","$v":"Мрежата не дозволува итни повици."},{"$i":"emergencyDialogBtnOk","$v":"ОК"},{"$i":"emergencyDialogTitle","$v":"Нема врска со мрежата"},{"$i":"invalidNumberToDialTitle","$v":"Невалиден тел.број"},{"$i":"invalidNumberToDialMessage","$v":"Тел. број што го повикувате е невалиден."},{"$i":"unableToCallTitle","$v":"Повикот не може да биде направен."},{"$i":"unableToCallMessage","$v":"Сега не може да се воспостави тел. повик"},{"$i":"otherConnectionInUseTitle","$v":"Во упот. е др.поврз."},{"$i":"otherConnectionInUseMessage","$v":"Имате активен повик на друга врска. Одеднаш можете да користите само една врска."},{"$i":"connectingEllipsis","$v":"Поврзување..."}]