[{"$i":"messages","$v":"Mesej"},{"$i":"deleteMessages-title","$v":"Pilih"},{"$i":"selectThreads-title","$v":"Pilih"},{"$i":"edit","$v":"Edit"},{"$i":"back","$v":"Undur"},{"$i":"cancel","$v":"Batal"},{"$i":"delete","$v":"Padam"},{"$i":"deleting-messages","$v":"Memadam…"},{"$i":"deselect","$v":"Nyahpilih"},{"$i":"selected-threads","$v":{"few":[{"t":"idOrVar","v":"n"}," Dipilih"],"many":[{"t":"idOrVar","v":"n"}," Dipilih"],"one":[{"t":"idOrVar","v":"n"}," Dipilih"],"other":[{"t":"idOrVar","v":"n"}," Dipilih"],"two":[{"t":"idOrVar","v":"n"}," Dipilih"],"zero":"0 Dipilih"},"$x":[{"t":"idOrVar","v":"plural"},"n"]},{"$i":"selected-messages","$v":{"few":[{"t":"idOrVar","v":"n"}," Dipilih"],"many":[{"t":"idOrVar","v":"n"}," Dipilih"],"one":[{"t":"idOrVar","v":"n"}," Dipilih"],"other":[{"t":"idOrVar","v":"n"}," Dipilih"],"two":[{"t":"idOrVar","v":"n"}," Dipilih"],"zero":"0 Dipilih"},"$x":[{"t":"idOrVar","v":"plural"},"n"]},{"$i":"selectThreads-label","$v":"Pilih Bebenang"},{"$i":"selectMessages-label","$v":"Pilih Mesej"},{"$i":"new-message","$v":"Baharu"},{"$i":"delete-thread","$v":"Padam bebenang"},{"$i":"create-new-contact","$v":"Buat Kenalan Baharu"},{"$i":"add-to-contact","$v":"Tambah ke kenalan sedia ada"},{"$i":"select-thread","$v":"Pilih bebenang"},{"$i":"settings","$v":"Tetapan"},{"$i":"select-all","$v":"Semua"},{"$i":"deselect-all","$v":"Tiada"},{"$i":"select","$v":"Pilih"},{"$i":"sk-save-as-draft","$v":"Simpan sebagai draf"},{"$i":"next","$v":"Seterusnya"},{"$i":"send","$v":"Hantar"},{"$i":"add-contact","$v":"Tambah"},{"$i":"add-suggestion","$v":"Pilih"},{"$i":"add-subject","$v":"Tambah subjek"},{"$i":"remove-subject","$v":"Alih keluar subjek"},{"$i":"add-attachment","$v":"Tambah lampiran"},{"$i":"remove-attachment","$v":"Alih keluar lampiran"},{"$i":"replace-attachment","$v":"Gantikan lampiran"},{"$i":"select-messages","$v":"Pilih mesej"},{"$i":"call","$v":"Panggil"},{"$i":"forward","$v":"Majukan"},{"$i":"view-message-report","$v":"Lihat butiran mesej"},{"$i":"cancel-view-report","$v":"Batal"},{"$i":"ok","$v":"OK"},{"$i":"enter","$v":"Masuk"},{"$i":"open","$v":"Buka"},{"$i":"to","$v":"Kepada"},{"$i":"new","$v":"Baharu"},{"$i":"message","$v":"Mesej"},{"$i":"messagesInput_placeholder","$v":"Mesej"},{"$i":"messagesSubjectInput_placeholder","$v":"Subjek"},{"$i":"subjectComposerInput_placeholder","$v":"Subjek"},{"$i":"converted-to-mms","$v":"Menukar kepada mesej multimedia."},{"$i":"converted-to-sms","$v":"Menukar kepada mesej teks."},{"$i":"messages-max-length-text","$v":"Anda telah mencapai panjang maksimum."},{"$i":"messages-max-subject-length-text","$v":"Panjang maksimum subjek dicapai."},{"$i":"multimedia-message-exceeded-max-length","$v":["Mesej ini melebihi had saiz ",{"t":"idOrVar","v":"mmsSize"}," MB bagi satu mesej multimedia."]},{"$i":"newMessage","$v":"Mesej baharu"},{"$i":"sendMessage","$v":"Hantar mesej"},{"$i":"sendMMSToEmail","$v":"Hantar mesej multimedia"},{"$i":"no-recipient","$v":"(Tiada penerima)"},{"$i":"recipient","$v":{"few":[{"t":"idOrVar","v":"n"}," penerima"],"many":[{"t":"idOrVar","v":"n"}," penerima"],"one":[{"t":"idOrVar","v":"n"}," penerima"],"other":[{"t":"idOrVar","v":"n"}," penerima"],"two":[{"t":"idOrVar","v":"n"}," penerima"]},"$x":[{"t":"idOrVar","v":"plural"},"n"]},{"$i":"attachmentSizeB","$v":[{"t":"idOrVar","v":"n"}," B"]},{"$i":"attachmentSizeKB","$v":[{"t":"idOrVar","v":"n"}," KB"]},{"$i":"attachmentSizeMB","$v":[{"t":"idOrVar","v":"n"}," MB"]},{"$i":"attachmentOpenError","$v":"Tiada aplikasi yang ada untuk membuka jenis fail ini."},{"$i":"remove","$v":"Alih keluar"},{"$i":"participant","$v":{"few":[{"t":"idOrVar","v":"n"}," peserta"],"many":[{"t":"idOrVar","v":"n"}," peserta"],"one":[{"t":"idOrVar","v":"n"}," peserta"],"other":[{"t":"idOrVar","v":"n"}," peserta"],"two":[{"t":"idOrVar","v":"n"}," peserta"]},"$x":[{"t":"idOrVar","v":"plural"},"n"]},{"$i":"message-report","$v":"Laporan mesej"},{"$i":"message-type-sms","$v":"Mesej Teks (SMS)"},{"$i":"message-type-mms","$v":"Mesej Multimedia (MMS)"},{"$i":"sms-report-description","$v":["Mesej Teks (SMS) anda telah dihantar pada ",{"t":"idOrVar","v":"datetime"}]},{"$i":"mms-report-description","$v":["Mesej Multimedia (MMS) anda, subjek ",{"t":"idOrVar","v":"subject"},", telah dihantar pada ",{"t":"idOrVar","v":"datetime"}]},{"$i":"mms-no-subject-report-description","$v":["Mesej Multimedia (MMS) anda telah dihantar pada ",{"t":"idOrVar","v":"datetime"}]},{"$i":"message-subject","$v":"Subjek:"},{"$i":"report-status-error","$v":"Mesej tidak dapat dihantar"},{"$i":"report-status-not-downloaded","$v":"tidak dimuat turun"},{"$i":"report-status-delivered","$v":"Dihantar:"},{"$i":"report-status-read","$v":"Baca:"},{"$i":"report-status-pending","$v":"Laporan diminta"},{"$i":"report-status-rejected","$v":"Mesej ditolak"},{"$i":"message-size-was","$v":"Saiz mesej:"},{"$i":"report-to-title","$v":"Kepada"},{"$i":"report-from-title","$v":"Daripada"},{"$i":"message-sent","$v":"Dihantar:"},{"$i":"message-sending","$v":[{"t":"idOrVar","v":"message-delivery-status-sending"}]},{"$i":"message-received","$v":"Diterima:"},{"$i":"message-via","$v":"Melalui:"},{"$i":"message-resend","$v":"Hantar semula"},{"$i":"search","$v":"Cari"},{"$i":"unknown-contact-title","$v":"Kenalan Tidak Diketahui"},{"$i":"phone-type-separator","$v":", "},{"$i":"phone-carrier-separator","$v":" "},{"$i":"thread-participant-separator","$v":", "},{"$i":"replace-draft","$v":"Gantikan Draf yang sedia ada"},{"$i":"save-as-draft","$v":"Simpan"},{"$i":"discard-message","$v":"Buang"},{"$i":"discard-sms","$v":"Adakah anda pasti anda ingin membuang mesej ini?"},{"$i":"discard-new-message","$v":"Buang mesej yang anda karang dan buka mesej baharu?"},{"$i":"resend-confirmation","$v":"Mesej tidak dapat dihantar. Cuba lagi?"},{"$i":"resend-message","$v":"Hantar semula mesej ini"},{"$i":"deleteMessage-confirmation","$v":"Padam mesej yang dipilih?"},{"$i":"deleteMessages-confirmation","$v":"Padam mesej yang dipilih?"},{"$i":"deleteThreads-confirmation2","$v":{"one":"Padam bebenang mesej yang dipilih?","other":"Padam bebenang mesej yang dipilih?"},"$x":[{"t":"idOrVar","v":"plural"},"n"]},{"$i":"new-message-notice-text","$v":"Mesej baharu daripada"},{"$i":"new-message-notice-a-text","$v":"Baca"},{"$i":"noMessages-title","$v":"Tiada mesej"},{"$i":"noMessages-text","$v":"Tekan Baharu untuk mula berkomunikasi."},{"$i":"sendDefaultErrorTitle","$v":"Gagal Menghantar"},{"$i":"sendDefaultErrorBody","$v":"Terdapat masalah sewaktu menghantar mesej. Sila cuba lagi."},{"$i":"sendDefaultErrorBtnOk","$v":"OK"},{"$i":"sendMissingSimCardTitle","$v":"Gagal Menghantar"},{"$i":"sendMissingSimCardBody","$v":"Masukkan kad SIM yang sah untuk meneruskan."},{"$i":"sendMissingSimCardBtnOk","$v":"OK"},{"$i":"sendFlightModeTitle","$v":"Gagal Menghantar"},{"$i":"sendFlightModeBody","$v":"Matikan mod pesawat untuk menghantar mesej."},{"$i":"sendFlightModeBtnOk","$v":"OK"},{"$i":"radioDisabledToDownloadTitle","$v":"Kegagalan Muat Turun"},{"$i":"radioDisabledToDownloadBody","$v":"Matikan mod pesawat untuk memuat turun lampiran."},{"$i":"radioDisabledToDownloadBtnOk","$v":[{"t":"idOrVar","v":"sendFlightModeBtnOk"}]},{"$i":"downloadDefaultErrorTitle","$v":"Kegagalan Muat Turun"},{"$i":"downloadDefaultErrorBody","$v":"Terdapat masalah memuat turun mesej. Sila cuba lagi."},{"$i":"downloadDefaultErrorBtnOk","$v":[{"t":"idOrVar","v":"sendDefaultErrorBtnOk"}]},{"$i":"fdnErrorTitle","$v":"Gagal Menghantar"},{"$i":"needConnectWifiBody","$v":"Tiada rangkaian selular tersedia. Sambung kepada rangkaian Wi-Fi yang tersedia untuk pemesejan."},{"$i":"needConnectWifiTitle","$v":"Mesej tidak dihantar"},{"$i":"mmsChanelUsedBody","$v":"Terdapat penghantaran MMS oleh sub bukan DDS, sila tunggu sehingga proses penghantaran selesai."},{"$i":"mmsChanelUsedTitle","$v":"Saluran MMS Digunakan"},{"$i":"sms-counter-notice-label","$v":["Mengedit SMS ",{"t":"idOrVar","v":"number"}]},{"$i":"fdnErrorBody","$v":{"few":"FDN (Nombor Dailan Tetap) diaktifkan. Pastikan pusat SMS dan penerima yang berikut ada dalam senarai FDN anda.","many":"FDN (Nombor Dailan Tetap) diaktifkan. Pastikan pusat SMS dan penerima yang berikut ada dalam senarai FDN anda.","one":"FDN (Nombor Dailan Tetap) diaktifkan. Pastikan pusat SMS dan penerima yang berikut ada dalam senarai FDN anda.","other":"FDN (Nombor Dailan Tetap) diaktifkan. Pastikan pusat SMS dan penerima yang berikut ada dalam senarai FDN anda.","two":"FDN (Nombor Dailan Tetap) diaktifkan. Pastikan pusat SMS dan penerima yang berikut ada dalam senarai FDN anda."},"$x":[{"t":"idOrVar","v":"plural"},"n"]},{"$i":"fdnErrorBtnOk","$v":"OK"},{"$i":"sendNoSignalErrorTitle","$v":"Gagal Menghantar"},{"$i":"sendNoSignalErrorBody","$v":"Pastikan anda mempunyai isyarat mudah alih dan cuba lagi."},{"$i":"sendNoSignalErrorBtnOk","$v":"OK"},{"$i":"sendNotFoundErrorTitle","$v":"Gagal Menghantar"},{"$i":"sendNotFoundErrorBody","$v":"Mesej yang anda cari tidak lagi tersedia."},{"$i":"sendNotFoundErrorBtnOk","$v":"OK"},{"$i":"sendInvalidAddressErrorTitle","$v":"Gagal Menghantar"},{"$i":"sendInvalidAddressErrorBody","$v":"Pastikan nombor mudah alih yang anda buat penghantaran kepadanya adalah sah."},{"$i":"sendInvalidAddressErrorBtnOk","$v":"OK"},{"$i":"simNotMatchedErrorTitle","$v":"Tidak dapat memuat turun"},{"$i":"simNotMatchedErrorBody","$v":"Sila pastikan kad SIM dimasukkan dan merupakan SIM yang digunakan untuk menerima mesej ini."},{"$i":"simNotMatchedErrorBtnOk","$v":"OK"},{"$i":"netWorkErrorTitle","$v":"Kegagalan Rangkaian"},{"$i":"netWorkErrorBody","$v":"Rangkaian mempunyai beberapa masalah, sila semak ia dahulu."},{"$i":"netWorkErrorBtnOk","$v":"OK"},{"$i":"deleted-sms","$v":"Mesej ini sudah dipadam."},{"$i":"view-attachment-image","$v":"Lihat"},{"$i":"view-attachment-audio","$v":"Dengar"},{"$i":"view-attachment-video","$v":"Lihat"},{"$i":"view-attachment-other","$v":"Lihat"},{"$i":"remove-attachment-image","$v":"Alih keluar imej"},{"$i":"remove-attachment-audio","$v":"Alih keluar audio"},{"$i":"remove-attachment-video","$v":"Alih keluar video"},{"$i":"remove-attachment-other","$v":"Alih keluar lampiran"},{"$i":"replace-attachment-image","$v":"Gantikan imej"},{"$i":"replace-attachment-audio","$v":"Gantikan audio"},{"$i":"replace-attachment-video","$v":"Gantikan video"},{"$i":"replace-attachment-other","$v":"Gantikan lampiran"},{"$i":"unsent-message-title","$v":"Mesej Tidak Dihantar"},{"$i":"unsent-message-description","$v":"Mesej anda yang sebelum ini tidak dihantar. Adakah anda ingin mengedit mesej yang tidak dihantar itu atau membuangnya dan meneruskan?"},{"$i":"unsent-message-option-edit","$v":"Edit"},{"$i":"unsent-message-option-discard","$v":"Buang"},{"$i":"message-options","$v":"Pilihan mesej"},{"$i":"select-text","$v":"Pilih teks"},{"$i":"mobile","$v":"Mudah alih"},{"$i":"home","$v":"Rumah"},{"$i":"work","$v":"Kerja"},{"$i":"personal","$v":"Peribadi"},{"$i":"faxHome","$v":"Faks rumah"},{"$i":"faxOffice","$v":"Faks pejabat"},{"$i":"faxOther","$v":"Faks lain-lain"},{"$i":"another","$v":"Yang lain"},{"$i":"other","$v":"Lain-lain"},{"$i":"today","$v":"Hari ini"},{"$i":"yesterday","$v":"Semalam"},{"$i":"incorrectDate","$v":"(tarikh salah)"},{"$i":"addToExistingContact","$v":"Tambah ke kenalan sedia ada"},{"$i":"createNewContact","$v":"Buat Kenalan Baharu"},{"$i":"viewContact","$v":"Lihat kenalan"},{"$i":"sendEmail","$v":"Hantar E-mel"},{"$i":"mms-message","$v":"Mesej MMS"},{"$i":"notDownloaded-title","$v":"Mesej masih belum dimuat turun."},{"$i":"tobedownloaded-attachment","$v":["Anda menerima mesej multimedia, tekan Muat Turun untuk mendapatkan semula kandungannya sebelum ",{"t":"idOrVar","v":"date"},"."]},{"$i":"expired-attachment","$v":["Maaf, mesej tamat tempoh pada ",{"t":"idOrVar","v":"date"}," dan tidak boleh dimuat turun."]},{"$i":"download-attachment","$v":"Muat turun"},{"$i":"downloading-attachment","$v":"Memuat turun…"},{"$i":"download-complete","$v":"Muat turun lengkap"},{"$i":"unnamed-attachment","$v":"tidak bertajuk"},{"$i":"mms-label","$v":"MMS"},{"$i":"group-label","$v":"KUMPULAN"},{"$i":"attached-files-too-large","$v":{"few":["Mesej ini melebihi had saiz ",{"t":"idOrVar","v":"mmsSize"}," MB bagi satu mesej multimedia."],"many":["Mesej ini melebihi had saiz ",{"t":"idOrVar","v":"mmsSize"}," MB bagi satu mesej multimedia."],"one":["Mesej ini melebihi had saiz ",{"t":"idOrVar","v":"mmsSize"}," MB bagi satu mesej multimedia."],"other":["Mesej ini melebihi had saiz ",{"t":"idOrVar","v":"mmsSize"}," MB bagi satu mesej multimedia."],"two":["Mesej ini melebihi had saiz ",{"t":"idOrVar","v":"mmsSize"}," MB bagi satu mesej multimedia."],"zero":["Mesej ini melebihi had saiz ",{"t":"idOrVar","v":"mmsSize"}," MB bagi satu mesej multimedia."]},"$x":[{"t":"idOrVar","v":"plural"},"n"]},{"$i":"resize-image","$v":"Menukar saiz imej yang dilampirkan"},{"$i":"no-attachment-text","$v":"Terdapat masalah dengan fail yang dilampirkan dan ia tidak dapat dimuat turun."},{"$i":"message-draft-saved","$v":"Mesej disimpan sebagai draf"},{"$i":"sim-id-label","$v":["SIM ",{"t":"idOrVar","v":"id"}]},{"$i":"sim-detail","$v":["SIM ",{"t":"idOrVar","v":"id"},", ",{"t":"idOrVar","v":"detailString"}]},{"$i":"dsds-notification-title-with-sim","$v":["(",{"t":"idOrVar","v":"sim"},") ",{"t":"idOrVar","v":"sender"}]},{"$i":"send-button","ariaLabel":"Hantar"},{"$i":"send-button-sim-indication","$v":[{"t":"idOrVar","v":"n"}],"ariaLabel":["menggunakan SIM ",{"t":"idOrVar","v":"n"}]},{"$i":"expiry-date-format","$v":"%A, %b %e"},{"$i":"attach-button","ariaLabel":"Tambah lampiran"},{"$i":"contact-photo","ariaLabel":"Foto kenalan"},{"$i":"unread-thread","ariaLabel":"Belum dibaca"},{"$i":"has-draft","ariaLabel":"Mempunyai draf"},{"$i":"is-draft","ariaLabel":"Draf"},{"$i":"message-delivery-status-sending","$v":"Menghantar…"},{"$i":"message-delivery-status-delivered","$v":"Dihantar"},{"$i":"message-delivery-status-read","ariaLabel":"Baca"},{"$i":"message-delivery-status-error","ariaLabel":"Ralat"},{"$i":"modal-dialog-ok-button","$v":"OK"},{"$i":"modal-dialog-cancel-button","$v":"Batal"},{"$i":"modal-dialog-default-title","$v":"Mesej"},{"$i":"delete-message","$v":"Mesej dipadam"},{"$i":"message-converted-to-toast","$v":["Mesej ditukar kepada ",{"t":"idOrVar","v":"type"}]},{"$i":"message-sent-toast","$v":"Mesej dihantar"},{"$i":"deleteMessage-confirmation2","$v":"Padam bebenang mesej yang dipilih?"},{"$i":"deleted-message","$v":{"few":[{"t":"idOrVar","v":"n"}," mesej dipadam"],"many":[{"t":"idOrVar","v":"n"}," mesej dipadam"],"one":[{"t":"idOrVar","v":"n"}," mesej dipadam"],"other":[{"t":"idOrVar","v":"n"}," mesej dipadam"],"two":[{"t":"idOrVar","v":"n"}," mesej dipadam"],"zero":"0 mesej dipadam"},"$x":[{"t":"idOrVar","v":"plural"},"n"]},{"$i":"deleted-threads","$v":{"few":[{"t":"idOrVar","v":"n"}," bebenang mesej dipadam"],"many":[{"t":"idOrVar","v":"n"}," bebenang mesej dipadam"],"one":"Bebenang dipadam","other":[{"t":"idOrVar","v":"n"}," bebenang mesej dipadam"],"two":[{"t":"idOrVar","v":"n"}," bebenang mesej dipadam"],"zero":"0 Bebenang dipadam"},"$x":[{"t":"idOrVar","v":"plural"},"n"]},{"$i":"wapPushMessages","$v":"Mesej Tolakan WAP"},{"$i":"auto-retrieve-messages","$v":"Dapatkan semula mesej secara automatik"},{"$i":"auto-retrieve-messages-title","$v":"Dapatkan Semula Mesej Secara Automatik"},{"$i":"auto-roaming-retrieve","$v":"Dihidupkan dengan perayauan"},{"$i":"auto-no-roaming-retrieve","$v":"Dihidupkan tanpa perayauan"},{"$i":"mmsTitle","$v":"Pemesejan Multimedia (MMS)"},{"$i":"message-delivery-reports","$v":"Laporan penghantaran"},{"$i":"message-delivery-reports-title","$v":"Laporan Penghantaran"},{"$i":"messageReport-title","$v":"Butiran Mesej"},{"$i":"sms-label","$v":"SMS"},{"$i":"messaging-settings","$v":"Tetapan Pemesejan"},{"$i":"messagingSettings-header","$v":[{"t":"idOrVar","v":"messaging-settings"}]},{"$i":"confirmation-title","$v":"Pengesahan"},{"$i":"draft-save-content","$v":"Simpan sebagai draf?"},{"$i":"draft-discard-content","$v":"Mesej dibuang"},{"$i":"switch-on","$v":"Hidupkan"},{"$i":"switch-off","$v":"Matikan"},{"$i":"auto-retrieve-desc","$v":"Dapatkan semula mesej secara automatik"},{"$i":"confirm-dialog-ok","$v":"OK"},{"$i":"yes","$v":"Ya"},{"$i":"no","$v":"Tidak"},{"$i":"delete-current-thread?","$v":"Padam bebenang mesej yang dipilih?"},{"$i":"attention","$v":"Perhatian"},{"$i":"delivery-title","$v":"Pemesejan Teks (SMS)"},{"$i":"send-failed","$v":"Penghantaran gagal."},{"$i":"subject-removed","$v":"Subjek dialih keluar."},{"$i":"data-storage-limit-alert-title","$v":"Storan Telefon Penuh"},{"$i":"data-storage-limit-send-body","$v":"Tidak dapat menghantar MMS. Padam mesej atau pergi ke Tetapan untuk membebaskan ruang."},{"$i":"data-storage-limit-download-body","$v":"Tidak dapat memuat turun MMS. Padam mesej atau pergi ke Tetapan untuk membebaskan ruang."},{"$i":"data-storage-limit-alert-cancel","$v":"Batal"},{"$i":"data-storage-limit-alert-setting","$v":"Tetapan"},{"$i":"recipient-repeat","$v":"Kenalan pendua."},{"$i":"email","$v":"E-mel"},{"$i":"options","$v":"Pilihan"},{"$i":"emergency-alert-title","$v":"Isyarat Kecemasan Wayarles"},{"$i":"emergency-alert","$v":"Ingatan kecemasan wayarles"},{"$i":"wappushNormal","$v":"Tolakan Wap"},{"$i":"wappushSIM1","$v":"Tolakan WAP - SIM 1"},{"$i":"wappushSIM2","$v":"Tolakan WAP - SIM 2"},{"$i":"not-assigned","$v":"Tidak Diperuntukkan"},{"$i":"switchSIMDataSendAlertTitle","$v":"MMS gagal dihantar."},{"$i":"switchSIMDataSendAlertBody","$v":["Untuk menghantar MMS, anda perlu mengubah kad SIM untuk data ke SIM ",{"t":"idOrVar","v":"nonActiveSimId"}," dalam tetapan Pengurus SIM."]},{"$i":"switchSIMDataSendAlertDesc","$v":"Sila pergi ke apl Tetapan untuk mengemas kini tetapan."},{"$i":"switchSIMDataReceiveAlertTitle","$v":"MMS gagal diterima."},{"$i":"switchSIMDataReceiveAlertBody","$v":["Untuk menerima MMS, anda perlu mengubah kad SIM untuk data ke SIM ",{"t":"idOrVar","v":"nonActiveSimId"}," dalam tetapan Pengurus SIM."]},{"$i":"switchSIMDataReceiveAlertDesc","$v":"Sila pergi ke apl Tetapan untuk mengemas kini tetapan."},{"$i":"group-message","$v":"Mesej Kumpulan"},{"$i":"individual-message","$v":"Mesej individu"},{"$i":"group-message-alert-title","$v":"Mesej Kumpulan"},{"$i":"group-message-alert-body","$v":"Buat mesej kumpulan? (Mesej kumpulan akan dihantar melalui MMS dan SMS akan menyebabkan caj tambahan daripada penyedia wayarles Mesej bergantung kepada pelan perkhidmatan.)"},{"$i":"group-message-individual","$v":"Kekalkan individu"},{"$i":"group-message-setting","$v":"Buat Kumpulan"},{"$i":"new-message-individual","$v":"Mesej Baharu (Individu)"},{"$i":"new-message-group","$v":"Mesej Baharu (Kumpulan)"},{"$i":"no-phone-number","$v":"Tidak diperuntukkan"},{"$i":"device-phone-number","$v":"Nombor telefon saya"},{"$i":"group-message-phone","$v":"Mesej Kumpulan"},{"$i":"my-phone-number","$v":"Nombor telefon saya"},{"$i":"delivery-notification","$v":"Mesej dihantar"},{"$i":"wait","$v":"menunggu"},{"$i":"isTextTooLongAlert","$v":"Panjang maksimum mesej dilepasi."},{"$i":"video-call","$v":"Panggilan video"},{"$i":"normal-call","$v":"Panggil"},{"$i":"attachment","$v":"Lampiran"},{"$i":"limit-MMS-recipients","$v":"Hanya boleh hantar kepada sehingga 20 penerima setiap MMS."},{"$i":"block-contact","$v":"Sekat kenalan"},{"$i":"blocked","$v":"Sekat"},{"$i":"unblocked","$v":"Buka sekatan"},{"$i":"rtt-call","$v":"Panggilan RTT"},{"$i":"remove-all-attachments","$v":"Alih keluar semua lampiran"},{"$i":"block-confirmation","$v":"Anda tidak akan menerima panggilan telefon, mesej daripada orang di senarai sekatan."},{"$i":"space-low-not-save","$v":"Storan penuh, tidak dapat menyimpan draf."},{"$i":"sms-encoding-mode","$v":"Pengekodan Sms"},{"$i":"sms-reduced-format","$v":"Format Yang Dikurangkan"},{"$i":"sms-full-format","$v":"Format Lengkap"},{"$i":"smscNormal","$v":"Pusat Perkhidmatan"},{"$i":"smscSIM1","$v":"Pusat Perkhidmatan SIM1"},{"$i":"smscSIM2","$v":"Pusat Perkhidmatan SIM2"},{"$i":"withoutDataTitle","$v":"Kegagalan"},{"$i":"withoutDataBody","$v":"Sila dayakan Sambungan Data dalam Tetapan untuk menghantar atau memuat turun MMS"},{"$i":"withoutDataBtnOk","$v":"OK"},{"$i":"withoutDataBtnSettings","$v":"Tetapan"},{"$i":"weekday-0-long","$v":"Ahad"},{"$i":"weekday-1-long","$v":"Isnin"},{"$i":"weekday-2-long","$v":"Selasa"},{"$i":"weekday-3-long","$v":"Rabu"},{"$i":"weekday-4-long","$v":"Khamis"},{"$i":"weekday-5-long","$v":"Jumaat"},{"$i":"weekday-6-long","$v":"Sabtu"},{"$i":"weekday-0-short","$v":"Aha"},{"$i":"weekday-1-short","$v":"Isn"},{"$i":"weekday-2-short","$v":"Sel"},{"$i":"weekday-3-short","$v":"Rab"},{"$i":"weekday-4-short","$v":"Kha"},{"$i":"weekday-5-short","$v":"Jum"},{"$i":"weekday-6-short","$v":"Sab"},{"$i":"month-0-long","$v":"Januari"},{"$i":"month-1-long","$v":"Februari"},{"$i":"month-2-long","$v":"Mac"},{"$i":"month-3-long","$v":"April"},{"$i":"month-4-long","$v":"Mei"},{"$i":"month-5-long","$v":"Jun"},{"$i":"month-6-long","$v":"Julai"},{"$i":"month-7-long","$v":"Ogos"},{"$i":"month-8-long","$v":"September"},{"$i":"month-9-long","$v":"Oktober"},{"$i":"month-10-long","$v":"November"},{"$i":"month-11-long","$v":"Disember"},{"$i":"month-0-genitive","$v":"Januari"},{"$i":"month-1-genitive","$v":"Februari"},{"$i":"month-2-genitive","$v":"Mac"},{"$i":"month-3-genitive","$v":"April"},{"$i":"month-4-genitive","$v":"Mei"},{"$i":"month-5-genitive","$v":"Jun"},{"$i":"month-6-genitive","$v":"Julai"},{"$i":"month-7-genitive","$v":"Ogos"},{"$i":"month-8-genitive","$v":"September"},{"$i":"month-9-genitive","$v":"Oktober"},{"$i":"month-10-genitive","$v":"November"},{"$i":"month-11-genitive","$v":"Disember"},{"$i":"month-0-short","$v":"Jan"},{"$i":"month-1-short","$v":"Feb"},{"$i":"month-2-short","$v":"Mac"},{"$i":"month-3-short","$v":"Apr"},{"$i":"month-4-short","$v":"Mei"},{"$i":"month-5-short","$v":"Jun"},{"$i":"month-6-short","$v":"Jul"},{"$i":"month-7-short","$v":"Ogo"},{"$i":"month-8-short","$v":"Sep"},{"$i":"month-9-short","$v":"Okt"},{"$i":"month-10-short","$v":"Nov"},{"$i":"month-11-short","$v":"Dis"},{"$i":"minutes-ago-long","$v":{"few":[{"t":"idOrVar","v":"value"}," minit yang lalu"],"many":[{"t":"idOrVar","v":"value"}," minit yang lalu"],"one":"seminit yang lalu","other":[{"t":"idOrVar","v":"value"}," minit yang lalu"],"two":[{"t":"idOrVar","v":"value"}," minit yang lalu"],"zero":"sebentar tadi"},"$x":[{"t":"idOrVar","v":"plural"},"value"]},{"$i":"hours-ago-long","$v":{"few":[{"t":"idOrVar","v":"value"}," jam yang lalu"],"many":[{"t":"idOrVar","v":"value"}," jam yang lalu"],"one":"sejam yang lalu","other":[{"t":"idOrVar","v":"value"}," jam yang lalu"],"two":[{"t":"idOrVar","v":"value"}," jam yang lalu"],"zero":"sebentar tadi"},"$x":[{"t":"idOrVar","v":"plural"},"value"]},{"$i":"days-ago-long","$v":{"few":[{"t":"idOrVar","v":"value"}," hari yang lalu"],"many":[{"t":"idOrVar","v":"value"}," hari yang lalu"],"one":"semalam","other":[{"t":"idOrVar","v":"value"}," hari yang lalu"],"two":[{"t":"idOrVar","v":"value"}," hari yang lalu"],"zero":"hari ini"},"$x":[{"t":"idOrVar","v":"plural"},"value"]},{"$i":"weeks-ago-long","$v":{"few":[{"t":"idOrVar","v":"value"}," minggu yang lalu"],"many":[{"t":"idOrVar","v":"value"}," minggu yang lalu"],"one":"minggu lepas","other":[{"t":"idOrVar","v":"value"}," minggu yang lalu"],"two":[{"t":"idOrVar","v":"value"}," minggu yang lalu"],"zero":"minggu ini"},"$x":[{"t":"idOrVar","v":"plural"},"value"]},{"$i":"months-ago-long","$v":{"few":[{"t":"idOrVar","v":"value"}," bulan yang lalu"],"many":[{"t":"idOrVar","v":"value"}," bulan yang lalu"],"one":"bulan lepas","other":[{"t":"idOrVar","v":"value"}," bulan yang lalu"],"two":[{"t":"idOrVar","v":"value"}," bulan yang lalu"],"zero":"bulan ini"},"$x":[{"t":"idOrVar","v":"plural"},"value"]},{"$i":"years-ago-long","$v":{"few":[{"t":"idOrVar","v":"value"}," tahun yang lalu"],"many":[{"t":"idOrVar","v":"value"}," tahun yang lalu"],"one":"tahun lepas","other":[{"t":"idOrVar","v":"value"}," tahun yang lalu"],"two":[{"t":"idOrVar","v":"value"}," tahun yang lalu"],"zero":"tahun ini"},"$x":[{"t":"idOrVar","v":"plural"},"value"]},{"$i":"minutes-until-long","$v":{"few":["dalam ",{"t":"idOrVar","v":"value"}," minit"],"many":["dalam ",{"t":"idOrVar","v":"value"}," minit"],"one":"dalam masa seminit","other":["dalam ",{"t":"idOrVar","v":"value"}," minit"],"two":["dalam ",{"t":"idOrVar","v":"value"}," minit"],"zero":"sekarang"},"$x":[{"t":"idOrVar","v":"plural"},"value"]},{"$i":"hours-until-long","$v":{"few":["dalam ",{"t":"idOrVar","v":"value"}," jam"],"many":["dalam ",{"t":"idOrVar","v":"value"}," jam"],"one":"dalam masa sejam","other":["dalam ",{"t":"idOrVar","v":"value"}," jam"],"two":["dalam ",{"t":"idOrVar","v":"value"}," jam"],"zero":"sekarang"},"$x":[{"t":"idOrVar","v":"plural"},"value"]},{"$i":"days-until-long","$v":{"few":["dalam ",{"t":"idOrVar","v":"value"}," hari"],"many":["dalam ",{"t":"idOrVar","v":"value"}," hari"],"one":"esok","other":["dalam ",{"t":"idOrVar","v":"value"}," hari"],"two":["dalam ",{"t":"idOrVar","v":"value"}," hari"],"zero":"hari ini"},"$x":[{"t":"idOrVar","v":"plural"},"value"]},{"$i":"weeks-until-long","$v":{"few":["dalam ",{"t":"idOrVar","v":"value"}," minggu"],"many":["dalam ",{"t":"idOrVar","v":"value"}," minggu"],"one":"minggu depan","other":["dalam ",{"t":"idOrVar","v":"value"}," minggu"],"two":["dalam ",{"t":"idOrVar","v":"value"}," minggu"],"zero":"minggu ini"},"$x":[{"t":"idOrVar","v":"plural"},"value"]},{"$i":"months-until-long","$v":{"few":["dalam ",{"t":"idOrVar","v":"value"}," bulan"],"many":["dalam ",{"t":"idOrVar","v":"value"}," bulan"],"one":"bulan depan","other":["dalam ",{"t":"idOrVar","v":"value"}," bulan"],"two":["dalam ",{"t":"idOrVar","v":"value"}," bulan"],"zero":"bulan ini"},"$x":[{"t":"idOrVar","v":"plural"},"value"]},{"$i":"years-until-long","$v":{"few":["dalam ",{"t":"idOrVar","v":"value"}," tahun"],"many":["dalam ",{"t":"idOrVar","v":"value"}," tahun"],"one":"tahun depan","other":["dalam ",{"t":"idOrVar","v":"value"}," tahun"],"two":["dalam ",{"t":"idOrVar","v":"value"}," tahun"],"zero":"tahun ini"},"$x":[{"t":"idOrVar","v":"plural"},"value"]},{"$i":"minutes-ago-short","$v":{"other":[{"t":"idOrVar","v":"value"},"m yang lalu"],"zero":"sebentar tadi"},"$x":[{"t":"idOrVar","v":"plural"},"value"]},{"$i":"hours-ago-short","$v":{"other":[{"t":"idOrVar","v":"value"},"j yang lalu"],"zero":"sebentar tadi"},"$x":[{"t":"idOrVar","v":"plural"},"value"]},{"$i":"days-ago-short","$v":{"other":[{"t":"idOrVar","v":"value"},"h yang lalu"],"zero":"hari ini"},"$x":[{"t":"idOrVar","v":"plural"},"value"]},{"$i":"minutes-until-short","$v":{"other":["dalam ",{"t":"idOrVar","v":"value"},"m"],"zero":"sekarang"},"$x":[{"t":"idOrVar","v":"plural"},"value"]},{"$i":"hours-until-short","$v":{"other":["dalam ",{"t":"idOrVar","v":"value"},"j"],"zero":"sekarang"},"$x":[{"t":"idOrVar","v":"plural"},"value"]},{"$i":"days-until-short","$v":{"other":["dalam ",{"t":"idOrVar","v":"value"},"h"],"zero":"hari ini"},"$x":[{"t":"idOrVar","v":"plural"},"value"]},{"$i":"dateTimeFormat_%c","$v":"%a %b %e %Y %I:%M:%S %p"},{"$i":"dateTimeFormat_%x","$v":"%d/%m/%Y"},{"$i":"dateTimeFormat_%X","$v":"%I:%M:%S %p"},{"$i":"shortTimeFormat","$v":"%I:%M %p"},{"$i":"shortTimeFormat12","$v":"%I:%M %p"},{"$i":"shortTimeFormat24","$v":"%H:%M"},{"$i":"shortDateTimeFormat","$v":"%x %I:%M %p"},{"$i":"weekStartsOnMonday","$v":"0.0"},{"$i":"firstDayOfTheWeek","$v":"0.0"},{"$i":"time_am","$v":"Pagi"},{"$i":"time_pm","$v":"Petang"},{"$i":"softkey-options","$v":"Pilihan"},{"$i":"emergencyNumber","$v":"Nombor kecemasan"},{"$i":"callAirplaneModeMessage","$v":"Untuk membuat panggilan, anda perlu menyahdayakan mod pesawat dalam tetapan."},{"$i":"callAirplaneModeBtnOk","$v":"OK"},{"$i":"callAirplaneModeTitle","$v":"Mod pesawat diaktifkan"},{"$i":"numberIsBusyTitle","$v":"Nombor sibuk"},{"$i":"numberIsBusyMessage","$v":"Nombor tidak tersedia pada masa ini. Sila cuba lagi kemudian."},{"$i":"fdnIsActiveTitle","$v":"FDN aktif"},{"$i":"fdnIsActiveMessage","$v":["FDN (Nombor Dailan Tetap) diaktifkan dan nombor yang berikut tiada dalam senarai FDN anda: ",{"t":"idOrVar","v":"number"}]},{"$i":"emergencyDialogBodyBadNumber","$v":"Untuk membuat panggilan, telefon mestilah bersambung kepada rangkaian."},{"$i":"emergencyDialogBodyDeviceNotAccepted","$v":"Panggilan kecemasan tidak dibenarkan oleh rangkaian."},{"$i":"emergencyDialogBtnOk","$v":"OK"},{"$i":"emergencyDialogTitle","$v":"Tiada sambungan rangkaian"},{"$i":"invalidNumberToDialTitle","$v":"Nombor telefon tidak sah"},{"$i":"invalidNumberToDialMessage","$v":"Nombor telefon yang anda panggil tidak sah."},{"$i":"unableToCallTitle","$v":"Tidak dapat membuat panggilan"},{"$i":"unableToCallMessage","$v":"Tidak dapat membuat panggilan telefon sekarang."},{"$i":"otherConnectionInUseTitle","$v":"Sambungan yang satu lagi sedang digunakan"},{"$i":"otherConnectionInUseMessage","$v":"Anda mempunyai panggilan aktif dalam sambungan yang lain. Anda hanya boleh menggunakan satu sambungan pada satu-satu masa."},{"$i":"connectingEllipsis","$v":"Menyambung..."}]