[{"$i":"messages","$v":"Melding"},{"$i":"deleteMessages-title","$v":"Velg"},{"$i":"selectThreads-title","$v":"Velg"},{"$i":"edit","$v":"Rediger"},{"$i":"back","$v":"Tilbake"},{"$i":"cancel","$v":"Avbryt"},{"$i":"delete","$v":"Slett"},{"$i":"deleting-messages","$v":"Sletter…"},{"$i":"deselect","$v":"Velg bort"},{"$i":"selected-threads","$v":{"few":[{"t":"idOrVar","v":"n"}," valgt"],"many":[{"t":"idOrVar","v":"n"}," valgt"],"one":[{"t":"idOrVar","v":"n"}," valgt"],"other":[{"t":"idOrVar","v":"n"}," valgt"],"two":[{"t":"idOrVar","v":"n"}," valgt"],"zero":"0 valgt"},"$x":[{"t":"idOrVar","v":"plural"},"n"]},{"$i":"selected-messages","$v":{"few":[{"t":"idOrVar","v":"n"}," valgt"],"many":[{"t":"idOrVar","v":"n"}," valgt"],"one":[{"t":"idOrVar","v":"n"}," valgt"],"other":[{"t":"idOrVar","v":"n"}," valgt"],"two":[{"t":"idOrVar","v":"n"}," valgt"],"zero":"0 valgt"},"$x":[{"t":"idOrVar","v":"plural"},"n"]},{"$i":"selectThreads-label","$v":"Velg tråder"},{"$i":"selectMessages-label","$v":"Velg meldinger"},{"$i":"new-message","$v":"Ny melding"},{"$i":"delete-thread","$v":"Slett tråd"},{"$i":"create-new-contact","$v":"Opprett ny kontakt"},{"$i":"add-to-contact","$v":"Legg til eksisterende kontakt"},{"$i":"select-thread","$v":"Velg tråd"},{"$i":"settings","$v":"Innstillinger"},{"$i":"select-all","$v":"Velg alle"},{"$i":"deselect-all","$v":"Velg bort alle"},{"$i":"select","$v":"Velg"},{"$i":"sk-save-as-draft","$v":"Lagre som utkast"},{"$i":"next","$v":"Neste"},{"$i":"send","$v":"Send"},{"$i":"add-contact","$v":"Legg til kontakt"},{"$i":"add-suggestion","$v":"Velg"},{"$i":"add-subject","$v":"Legg til emne"},{"$i":"remove-subject","$v":"Fjern emne"},{"$i":"add-attachment","$v":"Legg til vedlegg"},{"$i":"remove-attachment","$v":"Fjern vedlegg"},{"$i":"replace-attachment","$v":"Bytt ut vedlegg"},{"$i":"select-messages","$v":"Velg meldinger"},{"$i":"call","$v":"Ring"},{"$i":"forward","$v":"Videresend"},{"$i":"view-message-report","$v":"Vis meldingsdetaljer"},{"$i":"cancel-view-report","$v":"Avbryt"},{"$i":"ok","$v":"OK"},{"$i":"enter","$v":"Angi"},{"$i":"open","$v":"Åpne"},{"$i":"to","$v":"Til"},{"$i":"new","$v":"Ny"},{"$i":"message","$v":"Melding"},{"$i":"messagesInput_placeholder","$v":"Melding"},{"$i":"messagesSubjectInput_placeholder","$v":"Emne"},{"$i":"subjectComposerInput_placeholder","$v":"Emne"},{"$i":"converted-to-mms","$v":"Konverterer til multimediamelding."},{"$i":"converted-to-sms","$v":"Konverterer til tekstmelding."},{"$i":"messages-max-length-text","$v":"Du har nådd den maksimale lengden."},{"$i":"messages-max-subject-length-text","$v":"Maksimal lengde på emne nådd."},{"$i":"multimedia-message-exceeded-max-length","$v":["Denne meldingen overskrider størrelsesgrensen på ",{"t":"idOrVar","v":"mmsSize"}," MB for en enkel multimediamelding."]},{"$i":"newMessage","$v":"Ny melding"},{"$i":"sendMessage","$v":"Send melding"},{"$i":"sendMMSToEmail","$v":"Send multimediamelding"},{"$i":"no-recipient","$v":"(Ingen mottaker)"},{"$i":"recipient","$v":{"few":[{"t":"idOrVar","v":"n"}," mottakere"],"many":[{"t":"idOrVar","v":"n"}," mottakere"],"one":[{"t":"idOrVar","v":"n"}," mottaker"],"other":[{"t":"idOrVar","v":"n"}," mottakere"],"two":[{"t":"idOrVar","v":"n"}," mottakere"]},"$x":[{"t":"idOrVar","v":"plural"},"n"]},{"$i":"attachmentSizeB","$v":[{"t":"idOrVar","v":"n"}," B"]},{"$i":"attachmentSizeKB","$v":[{"t":"idOrVar","v":"n"}," KB"]},{"$i":"attachmentSizeMB","$v":[{"t":"idOrVar","v":"n"}," MB"]},{"$i":"attachmentOpenError","$v":"Det finnes ingen tilgjengelige programmer for å åpne denne filtypen."},{"$i":"remove","$v":"Fjern"},{"$i":"participant","$v":{"few":[{"t":"idOrVar","v":"n"}," deltakere"],"many":[{"t":"idOrVar","v":"n"}," deltakere"],"one":[{"t":"idOrVar","v":"n"}," deltaker"],"other":[{"t":"idOrVar","v":"n"}," deltakere"],"two":[{"t":"idOrVar","v":"n"}," deltakere"]},"$x":[{"t":"idOrVar","v":"plural"},"n"]},{"$i":"message-report","$v":"Meldingsrapport"},{"$i":"message-type-sms","$v":"Tekstmelding (SMS)"},{"$i":"message-type-mms","$v":"Multimediamelding (MMS)"},{"$i":"sms-report-description","$v":["Din tekstmelding (SMS), ble sendt ",{"t":"idOrVar","v":"datetime"}]},{"$i":"mms-report-description","$v":["Din multimediamelding (MMS), emne ",{"t":"idOrVar","v":"subject"},", ble sendt ",{"t":"idOrVar","v":"datetime"}]},{"$i":"mms-no-subject-report-description","$v":["Din multimediamelding (MMS), ble sendt ",{"t":"idOrVar","v":"datetime"}]},{"$i":"message-subject","$v":"Emne:"},{"$i":"report-status-error","$v":"Kunne ikke sende melding"},{"$i":"report-status-not-downloaded","$v":"ikke nedlastet"},{"$i":"report-status-delivered","$v":"Levert:"},{"$i":"report-status-read","$v":"Les:"},{"$i":"report-status-pending","$v":"Rapport forespurt"},{"$i":"report-status-rejected","$v":"Melding avvist"},{"$i":"message-size-was","$v":"Meldingsstørrelse:"},{"$i":"report-to-title","$v":"Til"},{"$i":"report-from-title","$v":"Fra"},{"$i":"message-sent","$v":"Sendt:"},{"$i":"message-sending","$v":[{"t":"idOrVar","v":"message-delivery-status-sending"}]},{"$i":"message-received","$v":"Mottatt:"},{"$i":"message-via","$v":"Via:"},{"$i":"message-resend","$v":"Send igjen"},{"$i":"search","$v":"Søk"},{"$i":"unknown-contact-title","$v":"Ukjent kontakt"},{"$i":"phone-type-separator","$v":", "},{"$i":"phone-carrier-separator","$v":" "},{"$i":"thread-participant-separator","$v":", "},{"$i":"replace-draft","$v":"Bytt ut eksisterende utkast"},{"$i":"save-as-draft","$v":"Lagre"},{"$i":"discard-message","$v":"Forkast"},{"$i":"discard-sms","$v":"Er du sikker på at du forkaste denne meldingen?"},{"$i":"discard-new-message","$v":"Forkaste meldingen du skriver og åpne den nye meldingen?"},{"$i":"resend-confirmation","$v":"Kunne ikke sende meldingen. Prøve igjen?"},{"$i":"resend-message","$v":"Send meldingen igjen"},{"$i":"deleteMessage-confirmation","$v":"Slette valgte melding?"},{"$i":"deleteMessages-confirmation","$v":"Slette valgte meldinger?"},{"$i":"deleteThreads-confirmation2","$v":{"one":"Slette valgte meldingstråd?","other":"Slette valgte meldingstråder?"},"$x":[{"t":"idOrVar","v":"plural"},"n"]},{"$i":"new-message-notice-text","$v":"Ny melding fra"},{"$i":"new-message-notice-a-text","$v":"Les den"},{"$i":"noMessages-title","$v":"Ingen meldinger"},{"$i":"noMessages-text","$v":"Trykk Ny melding for å kommunisere."},{"$i":"sendDefaultErrorTitle","$v":"Send feil"},{"$i":"sendDefaultErrorBody","$v":"Det oppstod et problem ved sendingen av meldingen. Prøv igjen."},{"$i":"sendDefaultErrorBtnOk","$v":"OK"},{"$i":"sendMissingSimCardTitle","$v":"Send feil"},{"$i":"sendMissingSimCardBody","$v":"Sett inn et gyldig SIM-kort for å fortsette."},{"$i":"sendMissingSimCardBtnOk","$v":"OK"},{"$i":"sendFlightModeTitle","$v":"Send feil"},{"$i":"sendFlightModeBody","$v":"Slå av flymodus for å sende meldinger."},{"$i":"sendFlightModeBtnOk","$v":"OK"},{"$i":"radioDisabledToDownloadTitle","$v":"Last ned feil"},{"$i":"radioDisabledToDownloadBody","$v":"Slå av flymodus for å laste ned vedlegg."},{"$i":"radioDisabledToDownloadBtnOk","$v":[{"t":"idOrVar","v":"sendFlightModeBtnOk"}]},{"$i":"downloadDefaultErrorTitle","$v":"Last ned feil"},{"$i":"downloadDefaultErrorBody","$v":"Det oppstod et problem ved å laste ned meldingen. Vær så snill, prøv på nytt."},{"$i":"downloadDefaultErrorBtnOk","$v":[{"t":"idOrVar","v":"sendDefaultErrorBtnOk"}]},{"$i":"fdnErrorTitle","$v":"Send feil"},{"$i":"needConnectWifiBody","$v":"Ingen mobildatanettverk tilgjengelige. Koble til et tilgjengelig Wi-Fi-nettverk for meldinger."},{"$i":"needConnectWifiTitle","$v":"Melding ikke sendt"},{"$i":"mmsChanelUsedBody","$v":"MMS sendes via ikke-DDS-abonnement. Vent til sendingen er ferdig."},{"$i":"mmsChanelUsedTitle","$v":"MMS-kanal som brukes"},{"$i":"sms-counter-notice-label","$v":["Rediger SMS ",{"t":"idOrVar","v":"number"}]},{"$i":"fdnErrorBody","$v":{"few":"FDN (Fixed Dialling Numbers) er aktivert. Påse at SMS-senteret og følgende mottaker er i FDN-listen din.","many":"FDN (Fixed Dialling Numbers) er aktivert. Påse at SMS-senteret og følgende mottaker er i FDN-listen din.","one":"FDN (Fixed Dialling Numbers) er aktivert. Påse at SMS-senteret og følgende mottaker er i FDN-listen din.","other":"FDN (Fixed Dialling Numbers) er aktivert. Påse at SMS-senteret og følgende mottaker er i FDN-listen din.","two":"FDN (Fixed Dialling Numbers) er aktivert. Påse at SMS-senteret og følgende mottaker er i FDN-listen din."},"$x":[{"t":"idOrVar","v":"plural"},"n"]},{"$i":"fdnErrorBtnOk","$v":"OK"},{"$i":"sendNoSignalErrorTitle","$v":"Send feil"},{"$i":"sendNoSignalErrorBody","$v":"Påse at du har mobilsignal og prøv igjen."},{"$i":"sendNoSignalErrorBtnOk","$v":"OK"},{"$i":"sendNotFoundErrorTitle","$v":"Send feil"},{"$i":"sendNotFoundErrorBody","$v":"Meldingen du ser etter er ikke tilgjengelig lengre."},{"$i":"sendNotFoundErrorBtnOk","$v":"OK"},{"$i":"sendInvalidAddressErrorTitle","$v":"Send feil"},{"$i":"sendInvalidAddressErrorBody","$v":"Påse at mobilnummeret du sender til er gyldig."},{"$i":"sendInvalidAddressErrorBtnOk","$v":"OK"},{"$i":"simNotMatchedErrorTitle","$v":"Kan ikke laste ned"},{"$i":"simNotMatchedErrorBody","$v":"Påse at SIM-kortet som er satt inn er det som ble brukt for å motta denne meldingen."},{"$i":"simNotMatchedErrorBtnOk","$v":"OK"},{"$i":"netWorkErrorTitle","$v":"Nettverksfeil"},{"$i":"netWorkErrorBody","$v":"Nettverket har problemer, kontroller det først."},{"$i":"netWorkErrorBtnOk","$v":"OK"},{"$i":"deleted-sms","$v":"Denne meldingen er allerede slettet."},{"$i":"view-attachment-image","$v":"Vis"},{"$i":"view-attachment-audio","$v":"Lytt til"},{"$i":"view-attachment-video","$v":"Vis"},{"$i":"view-attachment-other","$v":"Vis"},{"$i":"remove-attachment-image","$v":"Fjern bilde"},{"$i":"remove-attachment-audio","$v":"Fjern lyd"},{"$i":"remove-attachment-video","$v":"Fjern video"},{"$i":"remove-attachment-other","$v":"Fjern vedlegg"},{"$i":"replace-attachment-image","$v":"Bytt ut bilde"},{"$i":"replace-attachment-audio","$v":"Bytt ut lyd"},{"$i":"replace-attachment-video","$v":"Bytt ut video"},{"$i":"replace-attachment-other","$v":"Bytt ut vedlegg"},{"$i":"unsent-message-title","$v":"Usendt melding"},{"$i":"unsent-message-description","$v":"Din forrige melding ble ikke sendt. Vil du redigere den usendte meldingen eller forkaste den og fortsette?"},{"$i":"unsent-message-option-edit","$v":"Rediger"},{"$i":"unsent-message-option-discard","$v":"Forkast"},{"$i":"message-options","$v":"Meldingsalternativer"},{"$i":"select-text","$v":"Velg tekst"},{"$i":"mobile","$v":"Mobil"},{"$i":"home","$v":"Hjem"},{"$i":"work","$v":"Arbeid"},{"$i":"personal","$v":"Personlig"},{"$i":"faxHome","$v":"Hjemmefaks"},{"$i":"faxOffice","$v":"Kontorfaks"},{"$i":"faxOther","$v":"Annen faks"},{"$i":"another","$v":"En annen"},{"$i":"other","$v":"Annet"},{"$i":"today","$v":"I dag"},{"$i":"yesterday","$v":"I går"},{"$i":"incorrectDate","$v":"(feil dato)"},{"$i":"addToExistingContact","$v":"Legg til eksist. kontakt"},{"$i":"createNewContact","$v":"Opprett ny kontakt"},{"$i":"viewContact","$v":"Vis kontakt"},{"$i":"sendEmail","$v":"Send e-post"},{"$i":"mms-message","$v":"MMS-melding"},{"$i":"notDownloaded-title","$v":"Melding er ikke lastet ned enda."},{"$i":"tobedownloaded-attachment","$v":["Du mottok en multimediamelding, trykk Last ned for å hente innholdet før ",{"t":"idOrVar","v":"date"},"."]},{"$i":"expired-attachment","$v":["Beklager, meldingen utløp den ",{"t":"idOrVar","v":"date"}," og kan ikke lastes ned."]},{"$i":"download-attachment","$v":"Last ned"},{"$i":"downloading-attachment","$v":"Laster ned…"},{"$i":"download-complete","$v":"Nedlasting fullstendig"},{"$i":"unnamed-attachment","$v":"uten tittel"},{"$i":"mms-label","$v":"MMS"},{"$i":"group-label","$v":"GRUPPE"},{"$i":"attached-files-too-large","$v":{"few":["Disse meldingene overskrider størrelsesgrensen på ",{"t":"idOrVar","v":"mmsSize"}," MB for en enkel multimediamelding."],"many":["Disse meldingene overskrider størrelsesgrensen på ",{"t":"idOrVar","v":"mmsSize"}," MB for en enkel multimediamelding."],"one":["Den valgte filen overskrider størrelsesgrensen på ",{"t":"idOrVar","v":"mmsSize"}," KB for en enkel multimediamelding."],"other":["Disse meldingene overskrider størrelsesgrensen på ",{"t":"idOrVar","v":"mmsSize"}," MB for en enkel multimediamelding."],"two":["Disse meldingene overskrider størrelsesgrensen på ",{"t":"idOrVar","v":"mmsSize"}," MB for en enkel multimediamelding."],"zero":["Disse meldingene overskrider størrelsesgrensen på ",{"t":"idOrVar","v":"mmsSize"}," MB for en enkel multimediamelding."]},"$x":[{"t":"idOrVar","v":"plural"},"n"]},{"$i":"resize-image","$v":"Endre størrelse på vedl. bilde"},{"$i":"no-attachment-text","$v":"Det er et problem med den vedlagte filen og den kan ikke lastes ned."},{"$i":"message-draft-saved","$v":"Meldinger lagret som utkast"},{"$i":"sim-id-label","$v":["SIM ",{"t":"idOrVar","v":"id"}]},{"$i":"sim-detail","$v":["SIM ",{"t":"idOrVar","v":"id"},", ",{"t":"idOrVar","v":"detailString"}]},{"$i":"dsds-notification-title-with-sim","$v":["(",{"t":"idOrVar","v":"sim"},") ",{"t":"idOrVar","v":"sender"}]},{"$i":"send-button","ariaLabel":"Send"},{"$i":"send-button-sim-indication","$v":[{"t":"idOrVar","v":"n"}],"ariaLabel":["bruker SIM ",{"t":"idOrVar","v":"n"}]},{"$i":"expiry-date-format","$v":"%A, %b %e"},{"$i":"attach-button","ariaLabel":"Legg til vedlegg"},{"$i":"contact-photo","ariaLabel":"Kontaktbilde"},{"$i":"unread-thread","ariaLabel":"Ulest"},{"$i":"has-draft","ariaLabel":"Har utkast"},{"$i":"is-draft","ariaLabel":"Utkast"},{"$i":"message-delivery-status-sending","$v":"Sender…"},{"$i":"message-delivery-status-delivered","$v":"Levert"},{"$i":"message-delivery-status-read","ariaLabel":"Les"},{"$i":"message-delivery-status-error","ariaLabel":"Feil"},{"$i":"modal-dialog-ok-button","$v":"OK"},{"$i":"modal-dialog-cancel-button","$v":"Avbryt"},{"$i":"modal-dialog-default-title","$v":"Meldinger"},{"$i":"delete-message","$v":"Melding slettet"},{"$i":"message-converted-to-toast","$v":["Melding konvertert til ",{"t":"idOrVar","v":"type"}]},{"$i":"message-sent-toast","$v":"Melding sendt"},{"$i":"deleteMessage-confirmation2","$v":"Slette valgte meldingstråd?"},{"$i":"deleted-message","$v":{"few":[{"t":"idOrVar","v":"n"}," meldinger slettet"],"many":[{"t":"idOrVar","v":"n"}," meldinger slettet"],"one":[{"t":"idOrVar","v":"n"}," melding slettet"],"other":[{"t":"idOrVar","v":"n"}," meldinger slettet"],"two":[{"t":"idOrVar","v":"n"}," meldinger slettet"],"zero":"0 melding slettet"},"$x":[{"t":"idOrVar","v":"plural"},"n"]},{"$i":"deleted-threads","$v":{"few":[{"t":"idOrVar","v":"n"}," meldingstråder slettet"],"many":[{"t":"idOrVar","v":"n"}," meldingstråder slettet"],"one":"Tråd slettet","other":[{"t":"idOrVar","v":"n"}," meldingstråder slettet"],"two":[{"t":"idOrVar","v":"n"}," meldingstråder slettet"],"zero":"0 tråd slettet"},"$x":[{"t":"idOrVar","v":"plural"},"n"]},{"$i":"wapPushMessages","$v":"WAP-push-meldinger"},{"$i":"auto-retrieve-messages","$v":"Autohent meldinger"},{"$i":"auto-retrieve-messages-title","$v":"Autohent meldinger"},{"$i":"auto-roaming-retrieve","$v":"På med roaming"},{"$i":"auto-no-roaming-retrieve","$v":"På uten roaming"},{"$i":"mmsTitle","$v":"Multimediamelding (MMS)"},{"$i":"message-delivery-reports","$v":"Leveringsrapporter"},{"$i":"message-delivery-reports-title","$v":"Leveringsrapport"},{"$i":"messageReport-title","$v":"Meldingsdetaljer"},{"$i":"sms-label","$v":"SMS"},{"$i":"messaging-settings","$v":"Meldingsinnstillinger"},{"$i":"messagingSettings-header","$v":[{"t":"idOrVar","v":"messaging-settings"}]},{"$i":"confirmation-title","$v":"Bekreftelse"},{"$i":"draft-save-content","$v":"Lagre som utkast?"},{"$i":"draft-discard-content","$v":"Melding forkastet"},{"$i":"switch-on","$v":"På"},{"$i":"switch-off","$v":"Av"},{"$i":"auto-retrieve-desc","$v":"Hend meldinger automatisk"},{"$i":"confirm-dialog-ok","$v":"OK"},{"$i":"yes","$v":"Ja"},{"$i":"no","$v":"Nei"},{"$i":"delete-current-thread?","$v":"Slette valgte meldingstråd?"},{"$i":"attention","$v":"Obs!"},{"$i":"delivery-title","$v":"Tekstmeldinger (SMS)"},{"$i":"send-failed","$v":"Sending mislyktes."},{"$i":"subject-removed","$v":"Emne fjernet."},{"$i":"data-storage-limit-alert-title","$v":"Telefonens lagringsplass er full.."},{"$i":"data-storage-limit-send-body","$v":"Kunne ikke sende MMS. Slett meldinger eller gå til Innstillinger for å frigjøre plass."},{"$i":"data-storage-limit-download-body","$v":"Kunne ikke laste ned MMS. Slett meldinger eller gå til Innstillinger for å frigjøre plass."},{"$i":"data-storage-limit-alert-cancel","$v":"Avbryt"},{"$i":"data-storage-limit-alert-setting","$v":"Innstillinger"},{"$i":"recipient-repeat","$v":"Dupliser kontakt."},{"$i":"email","$v":"E-POST"},{"$i":"options","$v":"Valg"},{"$i":"emergency-alert-title","$v":"Nødvarsler"},{"$i":"emergency-alert","$v":"Nødvarsler"},{"$i":"wappushNormal","$v":"WAP-push"},{"$i":"wappushSIM1","$v":"WAP-push – SIM 1"},{"$i":"wappushSIM2","$v":"WAP-push – SIM 2"},{"$i":"not-assigned","$v":"Ikke tilordnet"},{"$i":"switchSIMDataSendAlertTitle","$v":"Kunne ikke sende MMS."},{"$i":"switchSIMDataSendAlertBody","$v":["For å sende MMS må du endre data-SIM-kortet til SIM ",{"t":"idOrVar","v":"nonActiveSimId"}," i innstillingene i SIM-behandling."]},{"$i":"switchSIMDataSendAlertDesc","$v":"Gå til Innstillinger-appen for å endre innstillingene."},{"$i":"switchSIMDataReceiveAlertTitle","$v":"Kunne ikke motta MMS."},{"$i":"switchSIMDataReceiveAlertBody","$v":["For å motta MMS må du endre data-SIM-kortet til SIM ",{"t":"idOrVar","v":"nonActiveSimId"}," i innstillingene i SIM-behandling."]},{"$i":"switchSIMDataReceiveAlertDesc","$v":"Gå til Innstillinger-appen for å endre innstillingene."},{"$i":"group-message","$v":"Gruppemelding"},{"$i":"individual-message","$v":"Individuell melding"},{"$i":"group-message-alert-title","$v":"Gruppemelding"},{"$i":"group-message-alert-body","$v":"Opprette en gruppemelding? (Gruppemeldinger sendt via MMS og SMS kan forårsake ekstragebyr fra mobilnettleverandøren avhengig av tjenestekontrakt.)"},{"$i":"group-message-individual","$v":"Beholde individuelle"},{"$i":"group-message-setting","$v":"Opprett gruppe"},{"$i":"new-message-individual","$v":"Ny melding (individuell)"},{"$i":"new-message-group","$v":"Ny melding (gruppe)"},{"$i":"no-phone-number","$v":"Ikke tilordnet"},{"$i":"device-phone-number","$v":"Mitt telefonnummer"},{"$i":"group-message-phone","$v":"Gruppemeldinger"},{"$i":"my-phone-number","$v":"Mitt telefonnummer"},{"$i":"delivery-notification","$v":"Melding levert"},{"$i":"wait","$v":"venter"},{"$i":"isTextTooLongAlert","$v":"Maksimal meldingslengde overskredet."},{"$i":"video-call","$v":"Videoanrop"},{"$i":"normal-call","$v":"Anrop"},{"$i":"attachment","$v":"Vedlegg"},{"$i":"limit-MMS-recipients","$v":"Du kan sende til opptil 20 mottakere per MMS."},{"$i":"block-contact","$v":"Blokker kontakt"},{"$i":"blocked","$v":"Blokker"},{"$i":"unblocked","$v":"Unblock"},{"$i":"rtt-call","$v":"RTT-anrop"},{"$i":"remove-all-attachments","$v":"Fjern alle vedlegg"},{"$i":"block-confirmation","$v":"Du vil ikke motta telefonanrop, meldinger fra personer i blokkeringslisten."},{"$i":"space-low-not-save","$v":"Ingen ledig lagringsplass. Utkastet kan ikke lagres."},{"$i":"sms-encoding-mode","$v":"Sms-koding"},{"$i":"sms-reduced-format","$v":"Redusert format"},{"$i":"sms-full-format","$v":"Helformat"},{"$i":"smscNormal","$v":"Servicesenter"},{"$i":"smscSIM1","$v":"Servicesenter (SIM1)"},{"$i":"smscSIM2","$v":"Servicesenter (SIM2)"},{"$i":"withoutDataTitle","$v":"Feil"},{"$i":"withoutDataBody","$v":"Aktiver datatilkobling i innstillinger for å sende eller laste ned MMS"},{"$i":"withoutDataBtnOk","$v":"OK"},{"$i":"withoutDataBtnSettings","$v":"Innstillinger"},{"$i":"weekday-0-long","$v":"Søndag"},{"$i":"weekday-1-long","$v":"Mandag"},{"$i":"weekday-2-long","$v":"Tirsdag"},{"$i":"weekday-3-long","$v":"Onsdag"},{"$i":"weekday-4-long","$v":"Torsdag"},{"$i":"weekday-5-long","$v":"Fredag"},{"$i":"weekday-6-long","$v":"Lørdag"},{"$i":"weekday-0-short","$v":"Sø."},{"$i":"weekday-1-short","$v":"Ma."},{"$i":"weekday-2-short","$v":"Ti."},{"$i":"weekday-3-short","$v":"On."},{"$i":"weekday-4-short","$v":"To."},{"$i":"weekday-5-short","$v":"Fr."},{"$i":"weekday-6-short","$v":"Lø."},{"$i":"month-0-long","$v":"Januar"},{"$i":"month-1-long","$v":"Februar"},{"$i":"month-2-long","$v":"Mars"},{"$i":"month-3-long","$v":"April"},{"$i":"month-4-long","$v":"Mai"},{"$i":"month-5-long","$v":"Juni"},{"$i":"month-6-long","$v":"Juli"},{"$i":"month-7-long","$v":"August"},{"$i":"month-8-long","$v":"September"},{"$i":"month-9-long","$v":"Oktober"},{"$i":"month-10-long","$v":"November"},{"$i":"month-11-long","$v":"Desember"},{"$i":"month-0-genitive","$v":"Januar"},{"$i":"month-1-genitive","$v":"Februar"},{"$i":"month-2-genitive","$v":"Mars"},{"$i":"month-3-genitive","$v":"April"},{"$i":"month-4-genitive","$v":"Mai"},{"$i":"month-5-genitive","$v":"Juni"},{"$i":"month-6-genitive","$v":"Juli"},{"$i":"month-7-genitive","$v":"August"},{"$i":"month-8-genitive","$v":"September"},{"$i":"month-9-genitive","$v":"Oktober"},{"$i":"month-10-genitive","$v":"November"},{"$i":"month-11-genitive","$v":"Desember"},{"$i":"month-0-short","$v":"Jan."},{"$i":"month-1-short","$v":"Feb."},{"$i":"month-2-short","$v":"Mars"},{"$i":"month-3-short","$v":"Apr."},{"$i":"month-4-short","$v":"Mai"},{"$i":"month-5-short","$v":"Juni"},{"$i":"month-6-short","$v":"Juli"},{"$i":"month-7-short","$v":"Aug."},{"$i":"month-8-short","$v":"Sep."},{"$i":"month-9-short","$v":"Okt."},{"$i":"month-10-short","$v":"Nov."},{"$i":"month-11-short","$v":"Des."},{"$i":"minutes-ago-long","$v":{"few":[{"t":"idOrVar","v":"value"}," minutter siden"],"many":[{"t":"idOrVar","v":"value"}," minutter siden"],"one":"et minutt siden","other":[{"t":"idOrVar","v":"value"}," minutter siden"],"two":[{"t":"idOrVar","v":"value"}," minutter siden"],"zero":"akkurat nå"},"$x":[{"t":"idOrVar","v":"plural"},"value"]},{"$i":"hours-ago-long","$v":{"few":[{"t":"idOrVar","v":"value"}," timer siden"],"many":[{"t":"idOrVar","v":"value"}," timer siden"],"one":"en time siden","other":[{"t":"idOrVar","v":"value"}," timer siden"],"two":[{"t":"idOrVar","v":"value"}," timer siden"],"zero":"akkurat nå"},"$x":[{"t":"idOrVar","v":"plural"},"value"]},{"$i":"days-ago-long","$v":{"few":[{"t":"idOrVar","v":"value"}," dager siden"],"many":[{"t":"idOrVar","v":"value"}," dager siden"],"one":"i går","other":[{"t":"idOrVar","v":"value"}," dager siden"],"two":[{"t":"idOrVar","v":"value"}," dager siden"],"zero":"i dag"},"$x":[{"t":"idOrVar","v":"plural"},"value"]},{"$i":"weeks-ago-long","$v":{"few":[{"t":"idOrVar","v":"value"}," uker siden"],"many":[{"t":"idOrVar","v":"value"}," uker siden"],"one":"sist uke","other":[{"t":"idOrVar","v":"value"}," uker siden"],"two":[{"t":"idOrVar","v":"value"}," uker siden"],"zero":"denne uken"},"$x":[{"t":"idOrVar","v":"plural"},"value"]},{"$i":"months-ago-long","$v":{"few":[{"t":"idOrVar","v":"value"}," måneder siden"],"many":[{"t":"idOrVar","v":"value"}," måneder siden"],"one":"sist måned","other":[{"t":"idOrVar","v":"value"}," måneder siden"],"two":[{"t":"idOrVar","v":"value"}," måneder siden"],"zero":"denne måneden"},"$x":[{"t":"idOrVar","v":"plural"},"value"]},{"$i":"years-ago-long","$v":{"few":[{"t":"idOrVar","v":"value"}," år siden"],"many":[{"t":"idOrVar","v":"value"}," år siden"],"one":"i fjor","other":[{"t":"idOrVar","v":"value"}," år siden"],"two":[{"t":"idOrVar","v":"value"}," år siden"],"zero":"i år"},"$x":[{"t":"idOrVar","v":"plural"},"value"]},{"$i":"minutes-until-long","$v":{"few":["om ",{"t":"idOrVar","v":"value"}," minutter"],"many":["om ",{"t":"idOrVar","v":"value"}," minutter"],"one":"om ett minutt","other":["om ",{"t":"idOrVar","v":"value"}," minutter"],"two":["om ",{"t":"idOrVar","v":"value"}," minutter"],"zero":"nå"},"$x":[{"t":"idOrVar","v":"plural"},"value"]},{"$i":"hours-until-long","$v":{"few":["om ",{"t":"idOrVar","v":"value"}," timer"],"many":["om ",{"t":"idOrVar","v":"value"}," timer"],"one":"om én time","other":["om ",{"t":"idOrVar","v":"value"}," timer"],"two":["om ",{"t":"idOrVar","v":"value"}," timer"],"zero":"nå"},"$x":[{"t":"idOrVar","v":"plural"},"value"]},{"$i":"days-until-long","$v":{"few":["om ",{"t":"idOrVar","v":"value"}," dager"],"many":["om ",{"t":"idOrVar","v":"value"}," dager"],"one":"i morgen","other":["om ",{"t":"idOrVar","v":"value"}," dager"],"two":["om ",{"t":"idOrVar","v":"value"}," dager"],"zero":"i dag"},"$x":[{"t":"idOrVar","v":"plural"},"value"]},{"$i":"weeks-until-long","$v":{"few":["om ",{"t":"idOrVar","v":"value"}," uker"],"many":["om ",{"t":"idOrVar","v":"value"}," uker"],"one":"neste uke","other":["om ",{"t":"idOrVar","v":"value"}," uker"],"two":["om ",{"t":"idOrVar","v":"value"}," uker"],"zero":"denne uken"},"$x":[{"t":"idOrVar","v":"plural"},"value"]},{"$i":"months-until-long","$v":{"few":["om ",{"t":"idOrVar","v":"value"}," måneder"],"many":["om ",{"t":"idOrVar","v":"value"}," måneder"],"one":"neste måned","other":["om ",{"t":"idOrVar","v":"value"}," måneder"],"two":["om ",{"t":"idOrVar","v":"value"}," måneder"],"zero":"denne måneden"},"$x":[{"t":"idOrVar","v":"plural"},"value"]},{"$i":"years-until-long","$v":{"few":["om ",{"t":"idOrVar","v":"value"}," år"],"many":["om ",{"t":"idOrVar","v":"value"}," år"],"one":"neste år","other":["om ",{"t":"idOrVar","v":"value"}," år"],"two":["om ",{"t":"idOrVar","v":"value"}," år"],"zero":"i år"},"$x":[{"t":"idOrVar","v":"plural"},"value"]},{"$i":"minutes-ago-short","$v":{"other":[{"t":"idOrVar","v":"value"}," m siden"],"zero":"akkurat nå"},"$x":[{"t":"idOrVar","v":"plural"},"value"]},{"$i":"hours-ago-short","$v":{"other":[{"t":"idOrVar","v":"value"}," t siden"],"zero":"akkurat nå"},"$x":[{"t":"idOrVar","v":"plural"},"value"]},{"$i":"days-ago-short","$v":{"other":[{"t":"idOrVar","v":"value"}," d siden"],"zero":"i dag"},"$x":[{"t":"idOrVar","v":"plural"},"value"]},{"$i":"minutes-until-short","$v":{"other":["om ",{"t":"idOrVar","v":"value"},"m"],"zero":"nå"},"$x":[{"t":"idOrVar","v":"plural"},"value"]},{"$i":"hours-until-short","$v":{"other":["om ",{"t":"idOrVar","v":"value"},"t"],"zero":"nå"},"$x":[{"t":"idOrVar","v":"plural"},"value"]},{"$i":"days-until-short","$v":{"other":["om ",{"t":"idOrVar","v":"value"},"d"],"zero":"i dag"},"$x":[{"t":"idOrVar","v":"plural"},"value"]},{"$i":"dateTimeFormat_%c","$v":"%a %b %e %Y %I:%M:%S %p"},{"$i":"dateTimeFormat_%x","$v":"%m/%d/%Y"},{"$i":"dateTimeFormat_%X","$v":"%I:%M:%S %p"},{"$i":"shortTimeFormat","$v":"%I:%M %p"},{"$i":"shortTimeFormat12","$v":"%I:%M %p"},{"$i":"shortTimeFormat24","$v":"%H:%M"},{"$i":"shortDateTimeFormat","$v":"%x %I:%M %p"},{"$i":"weekStartsOnMonday","$v":"0.0"},{"$i":"firstDayOfTheWeek","$v":"1.0"},{"$i":"time_am","$v":"AM"},{"$i":"time_pm","$v":"PM"},{"$i":"softkey-options","$v":"Valg"},{"$i":"emergencyNumber","$v":"Nødnummer"},{"$i":"callAirplaneModeMessage","$v":"For å foreta et anrop må du deaktivere flymodus i innstillinger."},{"$i":"callAirplaneModeBtnOk","$v":"OK"},{"$i":"callAirplaneModeTitle","$v":"Flymodus aktivert"},{"$i":"numberIsBusyTitle","$v":"Nummer er opptatt"},{"$i":"numberIsBusyMessage","$v":"Nummeret er opptatt. Prøv igjen senere."},{"$i":"fdnIsActiveTitle","$v":"FDN aktiv"},{"$i":"fdnIsActiveMessage","$v":["FDN (Fixed Dialling Numbers) er aktivert og følgende nummer er ikke i FDN-listen din: ",{"t":"idOrVar","v":"number"}]},{"$i":"emergencyDialogBodyBadNumber","$v":"For å foreta et anrop må telefonen være tilkoblet et nettverk."},{"$i":"emergencyDialogBodyDeviceNotAccepted","$v":"Nødanrop er ikke tillatt av nettverket."},{"$i":"emergencyDialogBtnOk","$v":"OK"},{"$i":"emergencyDialogTitle","$v":"Ingen nettverkstilkobling"},{"$i":"invalidNumberToDialTitle","$v":"Ugyldig telefonnummer"},{"$i":"invalidNumberToDialMessage","$v":"Telefonnummeret du ringer er ugyldig."},{"$i":"unableToCallTitle","$v":"Kan ikke foreta et anrop. "},{"$i":"unableToCallMessage","$v":"Kan ikke foreta en oppringning nå"},{"$i":"otherConnectionInUseTitle","$v":"Annen tilkobling i bruk"},{"$i":"otherConnectionInUseMessage","$v":"Du har en annen aktiv samtale i en annen forbindelse. Du kan bare bruke én tilkobling om gangen."},{"$i":"connectingEllipsis","$v":"Kobler til…"}]