[{"$i":"messages","$v":"सन्देशहरू"},{"$i":"deleteMessages-title","$v":"चयन गर्नुहोस्"},{"$i":"selectThreads-title","$v":"चयन गर्नुहोस्"},{"$i":"edit","$v":"सम्पादन गर्नुहोस्"},{"$i":"back","$v":"पछाडि"},{"$i":"cancel","$v":"रद्द गर्नुहोस्"},{"$i":"delete","$v":"मेट्नुहोस्"},{"$i":"deleting-messages","$v":"मेटाउँदै..."},{"$i":"deselect","$v":"चयन हटाउनुहोस्"},{"$i":"selected-threads","$v":{"few":[{"t":"idOrVar","v":"n"}," चयन गरियो"],"many":[{"t":"idOrVar","v":"n"}," चयन गरियो"],"one":[{"t":"idOrVar","v":"n"}," चयन गरियो"],"other":[{"t":"idOrVar","v":"n"}," चयन गरियो"],"two":[{"t":"idOrVar","v":"n"}," चयन गरियो"],"zero":"0 चयन गर्नुहोस्"},"$x":[{"t":"idOrVar","v":"plural"},"n"]},{"$i":"selected-messages","$v":{"few":[{"t":"idOrVar","v":"n"}," चयन गरियो"],"many":[{"t":"idOrVar","v":"n"}," चयन गरियो"],"one":[{"t":"idOrVar","v":"n"}," चयन गरियो"],"other":[{"t":"idOrVar","v":"n"}," चयन गरियो"],"two":[{"t":"idOrVar","v":"n"}," चयन गरियो"],"zero":"0 चयन गर्नुहोस्"},"$x":[{"t":"idOrVar","v":"plural"},"n"]},{"$i":"selectThreads-label","$v":"थ्रेडहरू चयन गर्नुहोस्"},{"$i":"selectMessages-label","$v":"सन्देशहरू चयन गर्नुहोस्"},{"$i":"new-message","$v":"नयाँ"},{"$i":"delete-thread","$v":"थ्रेडहरू मेटाउनुहोस्"},{"$i":"create-new-contact","$v":"नयाँ सम्पर्क सिर्जना गर्नुहोस्"},{"$i":"add-to-contact","$v":"एक विद्यमान सम्पर्कमा थप्नुहोस्"},{"$i":"select-thread","$v":"थ्रेड चयन गर्नुहोस्"},{"$i":"settings","$v":"सेटिङ्हरू"},{"$i":"select-all","$v":"सबै"},{"$i":"deselect-all","$v":"कुनै पनि होइन"},{"$i":"select","$v":"चयन गर्नुहोस्"},{"$i":"sk-save-as-draft","$v":"मस्यौदाको रूपमा बचत गर्नुहोस्"},{"$i":"next","$v":"अर्को"},{"$i":"send","$v":"पठाउनुहोस्"},{"$i":"add-contact","$v":"थप्नुहोस्"},{"$i":"add-suggestion","$v":"चयन गर्नुहोस्"},{"$i":"add-subject","$v":"विषय थप्नुहोस्"},{"$i":"remove-subject","$v":"विषय हटाउनुहोस्"},{"$i":"add-attachment","$v":"संलग्न थप्नुहोस्"},{"$i":"remove-attachment","$v":"संयोजन हटाउनुहोस्"},{"$i":"replace-attachment","$v":"संलग्न बदल्नुहोस्"},{"$i":"select-messages","$v":"सन्देशहरू चयन गर्नुहोस्"},{"$i":"call","$v":"कल गर्नुहोस्"},{"$i":"forward","$v":"फर्वार्ड गर्नुहोस्"},{"$i":"view-message-report","$v":"सन्देश विवरणहरू हेर्नुहोस्"},{"$i":"cancel-view-report","$v":"रद्द गर्नुहोस्"},{"$i":"ok","$v":"ठीक छ"},{"$i":"enter","$v":"प्रविष्टि गर्नुहोस्"},{"$i":"open","$v":"खोल्नुहोस्"},{"$i":"to","$v":"सम्म"},{"$i":"new","$v":"नयाँ"},{"$i":"message","$v":"सन्देश"},{"$i":"messagesInput_placeholder","$v":"सन्देश"},{"$i":"messagesSubjectInput_placeholder","$v":"विषय"},{"$i":"subjectComposerInput_placeholder","$v":"विषय"},{"$i":"converted-to-mms","$v":"मल्टिमिडिया सन्देशमा रूपान्तर गर्दै।"},{"$i":"converted-to-sms","$v":"पाठ सन्देशमा रूपान्तर गर्दै"},{"$i":"messages-max-length-text","$v":"तपाईं अधिकतम लम्बाई सीमामा पुग्नुभएको छ।"},{"$i":"messages-max-subject-length-text","$v":"विषयको अधिकतम लम्बाइ पुग्यो।"},{"$i":"multimedia-message-exceeded-max-length","$v":["यस सन्देशले ",{"t":"idOrVar","v":"mmsSize"}," एमबी साइज बहु मल्टीमीडिया सन्देशको सीमा पार गर्दछ।"]},{"$i":"newMessage","$v":"नयाँ सन्देश"},{"$i":"sendMessage","$v":"सन्देश टाइप गर्नुहोस्"},{"$i":"sendMMSToEmail","$v":"मल्टिमिडिया सन्देश पठाउनुहोस्"},{"$i":"no-recipient","$v":"(कुनै प्राप्तकर्ता नभएको)"},{"$i":"recipient","$v":{"few":[{"t":"idOrVar","v":"n"}," प्राप्तकर्ताहरू"],"many":[{"t":"idOrVar","v":"n"}," प्राप्तकर्ताहरू"],"one":[{"t":"idOrVar","v":"n"}," प्राप्तकर्ता"],"other":[{"t":"idOrVar","v":"n"}," प्राप्तकर्ताहरू"],"two":[{"t":"idOrVar","v":"n"}," प्राप्तकर्ताहरू"]},"$x":[{"t":"idOrVar","v":"plural"},"n"]},{"$i":"attachmentSizeB","$v":[{"t":"idOrVar","v":"n"}," B"]},{"$i":"attachmentSizeKB","$v":[{"t":"idOrVar","v":"n"}," KB"]},{"$i":"attachmentSizeMB","$v":[{"t":"idOrVar","v":"n"}," MB"]},{"$i":"attachmentOpenError","$v":"यो फाइलको प्रकार खोल्नको लागि त्यहाँ एप्लिकेसन उपलब्ध छैन्"},{"$i":"remove","$v":"हटाउनुहोस्"},{"$i":"participant","$v":{"few":[{"t":"idOrVar","v":"n"}," सहभागीहरू"],"many":[{"t":"idOrVar","v":"n"}," सहभागीहरू"],"one":[{"t":"idOrVar","v":"n"}," चयन गरियो"],"other":[{"t":"idOrVar","v":"n"}," सहभागीहरू"],"two":[{"t":"idOrVar","v":"n"}," सहभागीहरू"]},"$x":[{"t":"idOrVar","v":"plural"},"n"]},{"$i":"message-report","$v":"सन्देश रिपोर्ट"},{"$i":"message-type-sms","$v":"पाठ सन्देश (SMS)"},{"$i":"message-type-mms","$v":"मल्टिमिडिया सन्देश (MMS)"},{"$i":"sms-report-description","$v":["तपाईंको पाठ सन्देश (SMS) लाई ",{"t":"idOrVar","v":"datetime"}," मा पठाइयो"]},{"$i":"mms-report-description","$v":["तपाईंको मल्टिमिडिया सन्देश (MMS), विषय ",{"t":"idOrVar","v":"subject"}," लाई ",{"t":"idOrVar","v":"datetime"}," मा पठाइयो"]},{"$i":"mms-no-subject-report-description","$v":["तपाईंको मल्टिमिडिया सन्देश (MMS) लाई ",{"t":"idOrVar","v":"datetime"}," मा पठाइयो"]},{"$i":"message-subject","$v":"विषय:"},{"$i":"report-status-error","$v":"सन्देश पठाउन सकिएन"},{"$i":"report-status-not-downloaded","$v":"डाउनलोड नगरिएको"},{"$i":"report-status-delivered","$v":"हस्तान्तर गरियो:"},{"$i":"report-status-read","$v":"पढ्नुहोस्:"},{"$i":"report-status-pending","$v":"रिपोर्ट अनुरोध गरियो"},{"$i":"report-status-rejected","$v":"सन्देश अस्वीकार गरियो"},{"$i":"message-size-was","$v":"सन्देशको आकार:"},{"$i":"report-to-title","$v":"सम्म"},{"$i":"report-from-title","$v":"प्रेषक"},{"$i":"message-sent","$v":"पठाइयो:"},{"$i":"message-sending","$v":[{"t":"idOrVar","v":"message-delivery-status-sending"}]},{"$i":"message-received","$v":"प्राप्त:"},{"$i":"message-via","$v":"मार्फत:"},{"$i":"message-resend","$v":"पुन: पठाउनुहोस्"},{"$i":"search","$v":"खोज्नुहोस्"},{"$i":"unknown-contact-title","$v":"अज्ञात सम्पर्क"},{"$i":"phone-type-separator","$v":", "},{"$i":"phone-carrier-separator","$v":" "},{"$i":"thread-participant-separator","$v":", "},{"$i":"replace-draft","$v":"प्रचलित ड्राफ्टलाई बदल्नुहोस्"},{"$i":"save-as-draft","$v":"सुरक्षित गर्नुहोस्"},{"$i":"discard-message","$v":"त्याग्नुहोस्"},{"$i":"discard-sms","$v":"तपाईंले निश्चित रूपमा यो सन्देश छोड्न चाहनुहुन्छ?"},{"$i":"discard-new-message","$v":"तपाईंले कम्पोज गरेको सन्देश छोडेर र नयाँ सन्देश खोल्ने?"},{"$i":"resend-confirmation","$v":"यो सन्देशलाई पठाउन सकिएन। फेरि प्रयास गर्नुहोस्?"},{"$i":"resend-message","$v":"यस सन्देश पुन: पठाउनुहोस्"},{"$i":"deleteMessage-confirmation","$v":"चयन गरिएका सन्देशहरू मेटाउनुहोस्"},{"$i":"deleteMessages-confirmation","$v":"चयन गरिएका सन्देशहरू मेटाउने?"},{"$i":"deleteThreads-confirmation2","$v":{"one":"चयन गरिएको सन्देश थ्रेडहरू मेटाउनुहोस्","other":"चयन गरिएको सन्देश थ्रेडहरू मेटाउने?"},"$x":[{"t":"idOrVar","v":"plural"},"n"]},{"$i":"new-message-notice-text","$v":"बाट नयाँ सन्देश"},{"$i":"new-message-notice-a-text","$v":"पढ्नुहोस्"},{"$i":"noMessages-title","$v":"कुनै सन्देशहरू छैनन्"},{"$i":"noMessages-text","$v":"सञ्चार सुरु गर्न नयाँ थिच्नुहोस्।"},{"$i":"sendDefaultErrorTitle","$v":"पठाउन असफल"},{"$i":"sendDefaultErrorBody","$v":"त्यहाँ सन्देश पठाउनमा समस्या थियो। कृपया फेरि प्रयास गर्नुहोस्।"},{"$i":"sendDefaultErrorBtnOk","$v":"ठीक छ"},{"$i":"sendMissingSimCardTitle","$v":"पठाउन असफल"},{"$i":"sendMissingSimCardBody","$v":"जारी राख्नको लागि मान्य SIM कार्ड घुसाउनुहोस्।"},{"$i":"sendMissingSimCardBtnOk","$v":"ठीक छ"},{"$i":"sendFlightModeTitle","$v":"पठाउन असफल"},{"$i":"sendFlightModeBody","$v":"सन्देशहरू पठाउन एयरप्लेन मोड बन्द गर्नुहोस्"},{"$i":"sendFlightModeBtnOk","$v":"ठीक छ"},{"$i":"radioDisabledToDownloadTitle","$v":"डाउनलोड असफलता"},{"$i":"radioDisabledToDownloadBody","$v":"संलग्नहरू डाउनलोड गर्न एयरप्लेन मोड बन्द गर्नुहोस्"},{"$i":"radioDisabledToDownloadBtnOk","$v":[{"t":"idOrVar","v":"sendFlightModeBtnOk"}]},{"$i":"downloadDefaultErrorTitle","$v":"डाउनलोड असफल भयो।"},{"$i":"downloadDefaultErrorBody","$v":"There was a problem downloading the message. Please try again."},{"$i":"downloadDefaultErrorBtnOk","$v":[{"t":"idOrVar","v":"sendDefaultErrorBtnOk"}]},{"$i":"fdnErrorTitle","$v":"पठाउन असफल"},{"$i":"needConnectWifiBody","$v":"कुनै सेलुलर नेटवर्क उपलब्ध छैन। मेसेजिङको लागि उपलब्ध WiFi मा जडान गर्नुहोस्।"},{"$i":"needConnectWifiTitle","$v":"सन्देश पठाइएन"},{"$i":"mmsChanelUsedBody","$v":"त्यहाँ गैर-डि.डि.एस सबद्वारा पठाइएको एम.एम.एस छ, कृपया पठाउने प्रक्रिया पूरा हुनेसम्म पर्खनुहोस्।"},{"$i":"mmsChanelUsedTitle","$v":"एम.एम.एस च्यानल प्रयोग गरियो"},{"$i":"sms-counter-notice-label","$v":["SMS ",{"t":"idOrVar","v":"number"}," लाई सम्पादन गर्दै"]},{"$i":"fdnErrorBody","$v":{"few":"एफ.डि.एन (फिक्स्ड डायलिङ नम्बर) सक्रिय भयो। तपाईंको एफ.डि.एन सुचीमा एस.एम.एस सेन्टर र निम्नानुसार प्राप्तकर्ताहरू छन् भनी निश्चित गर्नुहोस्।","many":"एफ.डि.एन (फिक्स्ड डायलिङ नम्बर) सक्रिय भयो। तपाईंको एफ.डि.एन सुचीमा एस.एम.एस सेन्टर र निम्नानुसार प्राप्तकर्ताहरू छन् भनी निश्चित गर्नुहोस्।","one":"एफ.डि.एन (फिक्स्ड डायलिङ नम्बर) सक्रिय भयो। तपाईंको एफ.डि.एन सुचीमा एस.एम.एस सेन्टर र निम्नानुसार प्राप्तकर्ताहरू छन् भनी निश्चित गर्नुहोस्।","other":"एफ.डि.एन (फिक्स्ड डायलिङ नम्बर) सक्रिय भयो। तपाईंको एफ.डि.एन सुचीमा एस.एम.एस सेन्टर र निम्नानुसार प्राप्तकर्ताहरू छन् भनी निश्चित गर्नुहोस्।","two":"एफ.डि.एन (फिक्स्ड डायलिङ नम्बर) सक्रिय भयो। तपाईंको एफ.डि.एन सुचीमा एस.एम.एस सेन्टर र निम्नानुसार प्राप्तकर्ताहरू छन् भनी निश्चित गर्नुहोस्।"},"$x":[{"t":"idOrVar","v":"plural"},"n"]},{"$i":"fdnErrorBtnOk","$v":"ठीक छ"},{"$i":"sendNoSignalErrorTitle","$v":"पठाउन असफल"},{"$i":"sendNoSignalErrorBody","$v":"तपाईंसँग मोबाइल सिग्नल भएको निश्चित गर्नुहोस् र पुन: प्रयास गर्नुहोस्।"},{"$i":"sendNoSignalErrorBtnOk","$v":"ठीक छ"},{"$i":"sendNotFoundErrorTitle","$v":"पठाउन असफल"},{"$i":"sendNotFoundErrorBody","$v":"तपाईंले हेर्न खोजिरहनु भएको सन्देश धेरै समय सम्म उपलब्ध हुने छैन्"},{"$i":"sendNotFoundErrorBtnOk","$v":"ठीक छ"},{"$i":"sendInvalidAddressErrorTitle","$v":"पठाउन असफल"},{"$i":"sendInvalidAddressErrorBody","$v":"तपाईंले पठाउँदै गरेको मोबाइल नम्बर मान्य भएको निश्चित गर्नुहोस्।"},{"$i":"sendInvalidAddressErrorBtnOk","$v":"ठीक छ"},{"$i":"simNotMatchedErrorTitle","$v":"डाउनलोड गर्न सकेन"},{"$i":"simNotMatchedErrorBody","$v":"कृपया यस सन्देश प्राप्त गर्न प्रयोग गरिएको SIM कार्ड घुसाइएको छ भनी निश्चत गर्नुहोस।"},{"$i":"simNotMatchedErrorBtnOk","$v":"ठीक छ"},{"$i":"netWorkErrorTitle","$v":"सञ्जाल असफलता"},{"$i":"netWorkErrorBody","$v":"सञ्जालमा केही समस्याहरू छन्, कृपया त्यसलाई पहिला जाँच्नुहोस्।"},{"$i":"netWorkErrorBtnOk","$v":"ठीक छ"},{"$i":"deleted-sms","$v":"यो सन्देश पहिले नै मेटाइएको छ"},{"$i":"view-attachment-image","$v":"हेर्नुहोस्"},{"$i":"view-attachment-audio","$v":"सुन्नुहोस्"},{"$i":"view-attachment-video","$v":"हेर्नुहोस्"},{"$i":"view-attachment-other","$v":"हेर्नुहोस्"},{"$i":"remove-attachment-image","$v":"छवि हटाउनुहोस्"},{"$i":"remove-attachment-audio","$v":"अडियो हटाउनुहोस्"},{"$i":"remove-attachment-video","$v":"भिडियो हटाउनुहोस्"},{"$i":"remove-attachment-other","$v":"संयोजन हटाउनुहोस्"},{"$i":"replace-attachment-image","$v":"छवि बदल्नुहोस्"},{"$i":"replace-attachment-audio","$v":"अडियो बदल्नुहोस्"},{"$i":"replace-attachment-video","$v":"भिडियो बदल्नुहोस्"},{"$i":"replace-attachment-other","$v":"संलग्न बदल्नुहोस्"},{"$i":"unsent-message-title","$v":"नपठाइएको सन्देश"},{"$i":"unsent-message-description","$v":"तपाईंको अघिल्लो सन्देशलाई पठाइएन। तपाईंले नपठाइएको सन्देशलाई सम्पादन गर्न वा खारेज गर्न तथा जारी राख्न चाहनुहुन्छ?"},{"$i":"unsent-message-option-edit","$v":"सम्पादन गर्नुहोस्"},{"$i":"unsent-message-option-discard","$v":"त्याग्नुहोस्"},{"$i":"message-options","$v":"सन्देश विकल्पहरू"},{"$i":"select-text","$v":"पाठ चयन गर्नुहोस्"},{"$i":"mobile","$v":"मोबाइल"},{"$i":"home","$v":"गृह"},{"$i":"work","$v":"काम"},{"$i":"personal","$v":"व्यक्तिगत"},{"$i":"faxHome","$v":"फ्याक्स गृह"},{"$i":"faxOffice","$v":"फ्याक्स अफिस"},{"$i":"faxOther","$v":"अन्य फ्याक्स गर्नुहोस्"},{"$i":"another","$v":"अर्को"},{"$i":"other","$v":"अन्य"},{"$i":"today","$v":"आज"},{"$i":"yesterday","$v":"हिजो"},{"$i":"incorrectDate","$v":"(गलत मिति)"},{"$i":"addToExistingContact","$v":"एक विद्यमान सम्पर्कमा थप्नुहोस्"},{"$i":"createNewContact","$v":"नयाँ सम्पर्क सिर्जना गर्नुहोस्"},{"$i":"viewContact","$v":"सम्पर्क हेर्नुहोस्"},{"$i":"sendEmail","$v":"इमेल पठाउनुहोस्"},{"$i":"mms-message","$v":"MMS सन्देश"},{"$i":"notDownloaded-title","$v":"सन्देश अझै डाउनलोड गरिएको छैन।"},{"$i":"tobedownloaded-attachment","$v":"तपाईंले मल्टिमिडिया सन्देश प्राप्त गर्नुभयो, अन्तिम मितिभन्दा अगाडि यसका सामाग्रीहरू पुन: प्राप्त गर्न डाउनलोड गर्नुहोस् दबाउनुहोस्।"},{"$i":"expired-attachment","$v":["माफ गर्नुहोस्, ",{"t":"idOrVar","v":"date"}," मा सन्देश समाप्त भयो र डाउनलोड गर्न सकिँदैन।"]},{"$i":"download-attachment","$v":"डाउनलोड गर्नुहोस्"},{"$i":"downloading-attachment","$v":"डाउनलोड गर्दै..."},{"$i":"download-complete","$v":"डाउनलोड सम्पन्न"},{"$i":"unnamed-attachment","$v":"शीर्षकविहिन"},{"$i":"mms-label","$v":"MMS"},{"$i":"group-label","$v":"समूह"},{"$i":"attached-files-too-large","$v":{"few":["यो सन्देशहरूले एकल मल्टिमिडिया सन्देशको ",{"t":"idOrVar","v":"mmsSize"}," एम.बी साइज सीमा नाघेको छ।"],"many":["यो सन्देशहरूले एकल मल्टिमिडिया सन्देशको ",{"t":"idOrVar","v":"mmsSize"}," एम.बी साइज सीमा नाघेको छ।"],"one":["यो सन्देशले एकल मल्टिमिडिया सन्देशको ",{"t":"idOrVar","v":"mmsSize"}," एम.बी साइज सीमा नाघेको छ।"],"other":["यो सन्देशहरूले एकल मल्टिमिडिया सन्देशको ",{"t":"idOrVar","v":"mmsSize"}," एम.बी साइज सीमा नाघेको छ।"],"two":["यो सन्देशहरूले एकल मल्टिमिडिया सन्देशको ",{"t":"idOrVar","v":"mmsSize"}," एम.बी साइज सीमा नाघेको छ।"],"zero":["यो सन्देशहरूले एकल मल्टिमिडिया सन्देशको ",{"t":"idOrVar","v":"mmsSize"}," एम.बी साइज सीमा नाघेको छ।"]},"$x":[{"t":"idOrVar","v":"plural"},"n"]},{"$i":"resize-image","$v":"संलग्न भएको छवि पुन: साइज मिलाउनुहोस्"},{"$i":"no-attachment-text","$v":"जोडिएको फाइलमा समस्या छ र यो डाउनलोड गर्न सकिनन्"},{"$i":"message-draft-saved","$v":"सन्देश ड्राफ्टको रूपमा बचत भयो"},{"$i":"sim-id-label","$v":["SIM ",{"t":"idOrVar","v":"id"}]},{"$i":"sim-detail","$v":["SIM ",{"t":"idOrVar","v":"id"},", ",{"t":"idOrVar","v":"detailString"}]},{"$i":"dsds-notification-title-with-sim","$v":["(",{"t":"idOrVar","v":"sim"},") ",{"t":"idOrVar","v":"sender"}]},{"$i":"send-button","ariaLabel":"पठाउनुहोस्"},{"$i":"send-button-sim-indication","$v":[{"t":"idOrVar","v":"n"}],"ariaLabel":["SIM ",{"t":"idOrVar","v":"n"}," प्रयोग गरेर"]},{"$i":"expiry-date-format","$v":"%A, %B %e"},{"$i":"attach-button","ariaLabel":"संलग्न थप्नुहोस्"},{"$i":"contact-photo","ariaLabel":"सम्पर्क तस्बिर"},{"$i":"unread-thread","ariaLabel":"पढ्न बाँकी"},{"$i":"has-draft","ariaLabel":"ड्राफ्ट छ"},{"$i":"is-draft","ariaLabel":"मस्यौदा"},{"$i":"message-delivery-status-sending","$v":"पठाउँदै..."},{"$i":"message-delivery-status-delivered","$v":"पुर्याइयो"},{"$i":"message-delivery-status-read","ariaLabel":"पढ्नुहोस्"},{"$i":"message-delivery-status-error","ariaLabel":"त्रुटि"},{"$i":"modal-dialog-ok-button","$v":"ठीक छ"},{"$i":"modal-dialog-cancel-button","$v":"रद्द गर्नुहोस्"},{"$i":"modal-dialog-default-title","$v":"सन्देशहरू"},{"$i":"delete-message","$v":"सन्देश मेटियो"},{"$i":"message-converted-to-toast","$v":[{"t":"idOrVar","v":"type"},"मा परिवर्तित सन्देश"]},{"$i":"message-sent-toast","$v":"सन्देश पठाइयो"},{"$i":"deleteMessage-confirmation2","$v":"चयन गरिएको सन्देश थ्रेडहरू मेटाउनुहोस्"},{"$i":"deleted-message","$v":{"few":[{"t":"idOrVar","v":"n"}," सन्देश मेटाइयो"],"many":[{"t":"idOrVar","v":"n"}," सन्देश मेटाइयो"],"one":[{"t":"idOrVar","v":"n"}," सन्देश मेटाइयो"],"other":[{"t":"idOrVar","v":"n"}," सन्देश मेटाइयो"],"two":[{"t":"idOrVar","v":"n"}," सन्देश मेटाइयो"],"zero":"0 सन्देश मेटियो"},"$x":[{"t":"idOrVar","v":"plural"},"n"]},{"$i":"deleted-threads","$v":{"few":[{"t":"idOrVar","v":"n"}," सन्देश मेटाइयो"],"many":[{"t":"idOrVar","v":"n"}," सन्देश मेटाइयो"],"one":"थ्रेड मेटाइएको छ","other":[{"t":"idOrVar","v":"n"}," सन्देश मेटाइयो"],"two":[{"t":"idOrVar","v":"n"}," सन्देश मेटाइयो"],"zero":"0 थ्रेड मेटाइएको छ"},"$x":[{"t":"idOrVar","v":"plural"},"n"]},{"$i":"wapPushMessages","$v":"WAP पुश सन्देशहरू"},{"$i":"auto-retrieve-messages","$v":"स्वतः सन्देशहरू पुन: प्राप्त गर्नुहोस्"},{"$i":"auto-retrieve-messages-title","$v":"स्वतः सन्देशहरू पुन: प्राप्त गर्नुहोस्"},{"$i":"auto-roaming-retrieve","$v":"रोमिङ सहित खुला छ"},{"$i":"auto-no-roaming-retrieve","$v":"रोमिङ बिना खुला छ"},{"$i":"mmsTitle","$v":"मल्टिमिडिया मेसेजिङ (MMS)"},{"$i":"message-delivery-reports","$v":"डेलिभरि रिपोर्ट"},{"$i":"message-delivery-reports-title","$v":"डेलिभरि रिपोर्ट"},{"$i":"messageReport-title","$v":"सन्देश विवरणहरू"},{"$i":"sms-label","$v":"SMS"},{"$i":"messaging-settings","$v":"मेसेन्जिङ सेटिङहरू"},{"$i":"messagingSettings-header","$v":[{"t":"idOrVar","v":"messaging-settings"}]},{"$i":"confirmation-title","$v":"पुष्टिकरण"},{"$i":"draft-save-content","$v":"मस्यौदाको रूपमा बचत गर्ने?"},{"$i":"draft-discard-content","$v":"सन्देश हटाइयो"},{"$i":"switch-on","$v":"खुला"},{"$i":"switch-off","$v":"निष्क्रिय"},{"$i":"auto-retrieve-desc","$v":"स्वचालित रूपमा सन्देशहरू पुन: प्राप्ति गर्नुहोस्"},{"$i":"confirm-dialog-ok","$v":"ठीक छ"},{"$i":"yes","$v":"हो"},{"$i":"no","$v":"होइन"},{"$i":"delete-current-thread?","$v":"चयन गरिएको सन्देश थ्रेडहरू मेटाउनुहोस्"},{"$i":"attention","$v":"सावधानी"},{"$i":"delivery-title","$v":"पाठ मेसेजिङ (एस.एम.एस)"},{"$i":"send-failed","$v":"पठाउने कार्य असफल भयो।"},{"$i":"subject-removed","$v":"विषय हटाइयो।"},{"$i":"data-storage-limit-alert-title","$v":"फोन भण्डारण भरिएको छ।"},{"$i":"data-storage-limit-send-body","$v":"एम.एम.एस पठाउन असक्षम। स्थान खाली गर्न सन्देशहरू मेटाउनुहोस् वा सेटिङहरूमा जानुहोस्।"},{"$i":"data-storage-limit-download-body","$v":"एम.एम.एस डाउनलोड गर्न असक्षम। स्थान खाली गर्न सन्देशहरू मेटाउनुहोस् वा सेटिङहरूमा जानुहोस्।"},{"$i":"data-storage-limit-alert-cancel","$v":"रद्द गर्नुहोस्"},{"$i":"data-storage-limit-alert-setting","$v":"सेटिङ्हरू"},{"$i":"recipient-repeat","$v":"नक्कली सम्पर्क।"},{"$i":"email","$v":"इमेल"},{"$i":"options","$v":"विकल्पहरू"},{"$i":"emergency-alert-title","$v":"वायरलेस आकस्मिक चेतावनी"},{"$i":"emergency-alert","$v":"वायरलेस आकस्मिक चेतावनी"},{"$i":"wappushNormal","$v":"WAP पुश"},{"$i":"wappushSIM1","$v":"डब्लु.ए.पि पुश - सिम 1"},{"$i":"wappushSIM2","$v":"डब्लु.ए.पि पुश - सिम 2"},{"$i":"not-assigned","$v":"निर्दिष्ट गरिएको छैन"},{"$i":"switchSIMDataSendAlertTitle","$v":"एम.एम.एस पठाउन असफल भयो।"},{"$i":"switchSIMDataSendAlertBody","$v":["एम.एम.एस पठाउनको लागि, तपाईंलाई सिम व्यवस्थापक सेटिङहरूमा सिम ",{"t":"idOrVar","v":"nonActiveSimId"}," मा सिम को लागि सिम कार्ड परिवर्तन गर्न आवश्यक पर्छ।"]},{"$i":"switchSIMDataSendAlertDesc","$v":"कृपया सेटिङहरू अद्यावधिक गर्न सेटिङहरूको एपमा जानुहोस्।"},{"$i":"switchSIMDataReceiveAlertTitle","$v":"एम.एम.एस प्राप्त गर्न असफल भयो।"},{"$i":"switchSIMDataReceiveAlertBody","$v":["एम.एम.एस प्राप्त गर्नको लागि, तपाईंलाई सिम व्यवस्थापक सेटिङहरूमा सिम ",{"t":"idOrVar","v":"nonActiveSimId"}," मा सिम को लागि सिम कार्ड परिवर्तन गर्न आवश्यक पर्छ।"]},{"$i":"switchSIMDataReceiveAlertDesc","$v":"कृपया सेटिङहरू अद्यावधिक गर्न सेटिङहरूको एपमा जानुहोस्।"},{"$i":"group-message","$v":"समूह सन्देश"},{"$i":"individual-message","$v":"व्यक्तिगत सन्देशहरू"},{"$i":"group-message-alert-title","$v":"समूह सन्देश"},{"$i":"group-message-alert-body","$v":"समूह सन्देश सिर्जना गर्ने? (एम.एम.एस र एस.एम.एस मार्फत पठाइएको समूह सन्देशले सेवा योजनामा आधार रहेर सन्देश वायरलेस प्रदायकबाट अतिरिक्त शुल्क लाग्नेछ।)"},{"$i":"group-message-individual","$v":"व्यक्तिगत राख्नुहोस्"},{"$i":"group-message-setting","$v":"समूह सिर्जना गर्नुहोस्"},{"$i":"new-message-individual","$v":"नयाँ सन्देश (एकल)"},{"$i":"new-message-group","$v":"नयाँ सन्देश (समूह)"},{"$i":"no-phone-number","$v":"निर्दिष्ट गरिएको छैन"},{"$i":"device-phone-number","$v":"मेरो फोन नम्बर"},{"$i":"group-message-phone","$v":"समूह सन्देशहरू"},{"$i":"my-phone-number","$v":"मेरो फोन नम्बर"},{"$i":"delivery-notification","$v":"सन्देश डेलिभर गरियो"},{"$i":"wait","$v":"पर्खदै"},{"$i":"isTextTooLongAlert","$v":"सन्देश अधिकतम लम्बाइ नाघ्यो।"},{"$i":"video-call","$v":"भिडियोकल"},{"$i":"normal-call","$v":"कल गर्नुहोस्"},{"$i":"attachment","$v":"संलग्नताहरू"},{"$i":"limit-MMS-recipients","$v":"प्रति एम.एम.एस 20 प्रापकहरूसम्म मात्रै पठाउन सकिन्छ।"},{"$i":"block-contact","$v":"सम्पर्क ब्लक गर्नुहोस्"},{"$i":"blocked","$v":"ब्लक गर्नुहोस्"},{"$i":"unblocked","$v":"अनब्लक गर्नुहोस्"},{"$i":"rtt-call","$v":"आर.टि.टि कल गर्नुहोस्"},{"$i":"remove-all-attachments","$v":"सबै संलग्नहरूलाई हटाउनुहोस्"},{"$i":"block-confirmation","$v":"तपाईंले ब्लक सूचीमा रहेको व्यक्तिबाट फोन कल, सन्देशहरू प्राप्त गर्नुहुनेछैन।"},{"$i":"space-low-not-save","$v":"भण्डारण पूरा छ, ड्राफ्ट बचत गर्न असक्षम।"},{"$i":"sms-encoding-mode","$v":"एसएमएस इन्कोडिंग"},{"$i":"sms-reduced-format","$v":"घटाइएको प्रारूप"},{"$i":"sms-full-format","$v":"पूर्ण प्रारूप"},{"$i":"smscNormal","$v":"सेवा केन्द्र"},{"$i":"smscSIM1","$v":"सेवा केन्द्र SIM1"},{"$i":"smscSIM2","$v":"सेवा केन्द्र SIM2"},{"$i":"withoutDataTitle","$v":"असफलता"},{"$i":"withoutDataBody","$v":"एम.एम.एस पठाउन वा डाउनलोड गर्न कृपया सेटिङहरूमा डाटा जडान सक्षम गर्नुहोस्"},{"$i":"withoutDataBtnOk","$v":"ठीक छ"},{"$i":"withoutDataBtnSettings","$v":"सेटिङ्हरू"},{"$i":"weekday-0-long","$v":"आइतबार"},{"$i":"weekday-1-long","$v":"सोमबार"},{"$i":"weekday-2-long","$v":"मङ्गलबार"},{"$i":"weekday-3-long","$v":"बुधबार"},{"$i":"weekday-4-long","$v":"बिहिबार"},{"$i":"weekday-5-long","$v":"शुक्रबार"},{"$i":"weekday-6-long","$v":"शनिबार"},{"$i":"weekday-0-short","$v":"सूर्य"},{"$i":"weekday-1-short","$v":"सोमबार"},{"$i":"weekday-2-short","$v":"मङ्गलबार"},{"$i":"weekday-3-short","$v":"बुधबार"},{"$i":"weekday-4-short","$v":"बिहीबार"},{"$i":"weekday-5-short","$v":"शुक्रबार"},{"$i":"weekday-6-short","$v":"शनिबार"},{"$i":"month-0-long","$v":"जनवरी"},{"$i":"month-1-long","$v":"फेब्रुअरी"},{"$i":"month-2-long","$v":"मार्च"},{"$i":"month-3-long","$v":"अप्रिल"},{"$i":"month-4-long","$v":"मे"},{"$i":"month-5-long","$v":"जुन"},{"$i":"month-6-long","$v":"जुलाइ"},{"$i":"month-7-long","$v":"अगस्ट"},{"$i":"month-8-long","$v":"सेप्टेम्बर"},{"$i":"month-9-long","$v":"अक्टुबर"},{"$i":"month-10-long","$v":"नोभेम्बर"},{"$i":"month-11-long","$v":"डिसेम्बर"},{"$i":"month-0-genitive","$v":"जनवरी"},{"$i":"month-1-genitive","$v":"फेब्रुअरी"},{"$i":"month-2-genitive","$v":"मार्च"},{"$i":"month-3-genitive","$v":"अप्रिल"},{"$i":"month-4-genitive","$v":"मे"},{"$i":"month-5-genitive","$v":"जुन"},{"$i":"month-6-genitive","$v":"जुलाइ"},{"$i":"month-7-genitive","$v":"अगस्ट"},{"$i":"month-8-genitive","$v":"सेप्टेम्बर"},{"$i":"month-9-genitive","$v":"अक्टुबर"},{"$i":"month-10-genitive","$v":"नोभेम्बर"},{"$i":"month-11-genitive","$v":"डिसेम्बर"},{"$i":"month-0-short","$v":"जनवरी"},{"$i":"month-1-short","$v":"फेब्रुअरी"},{"$i":"month-2-short","$v":"मार्च"},{"$i":"month-3-short","$v":"अप्रिल"},{"$i":"month-4-short","$v":"मे"},{"$i":"month-5-short","$v":"जुन"},{"$i":"month-6-short","$v":"जुलाई"},{"$i":"month-7-short","$v":"अगस्ट"},{"$i":"month-8-short","$v":"सेप्टेम्बर"},{"$i":"month-9-short","$v":"अक्टोबर"},{"$i":"month-10-short","$v":"नोभेम्बर"},{"$i":"month-11-short","$v":"डिसेम्बर"},{"$i":"minutes-ago-long","$v":{"few":[{"t":"idOrVar","v":"value"}," मिनेट पहिला"],"many":[{"t":"idOrVar","v":"value"}," मिनेट पहिला"],"one":"एक मिनेट अघि","other":[{"t":"idOrVar","v":"value"}," मिनेट पहिला"],"two":[{"t":"idOrVar","v":"value"}," मिनेट पहिला"],"zero":"अहिले भर्खर"},"$x":[{"t":"idOrVar","v":"plural"},"value"]},{"$i":"hours-ago-long","$v":{"few":[{"t":"idOrVar","v":"value"}," घण्टा पहिला"],"many":[{"t":"idOrVar","v":"value"}," घण्टा पहिला"],"one":"एक घण्टा अघि","other":[{"t":"idOrVar","v":"value"}," घण्टा पहिला"],"two":[{"t":"idOrVar","v":"value"}," घण्टा पहिला"],"zero":"अहिले भर्खर"},"$x":[{"t":"idOrVar","v":"plural"},"value"]},{"$i":"days-ago-long","$v":{"few":[{"t":"idOrVar","v":"value"}," दिन पहिला"],"many":[{"t":"idOrVar","v":"value"}," दिन पहिला"],"one":"हिजो","other":[{"t":"idOrVar","v":"value"}," दिन पहिला"],"two":[{"t":"idOrVar","v":"value"}," दिन पहिला"],"zero":"आज"},"$x":[{"t":"idOrVar","v":"plural"},"value"]},{"$i":"weeks-ago-long","$v":{"few":[{"t":"idOrVar","v":"value"}," हप्ता पहिला"],"many":[{"t":"idOrVar","v":"value"}," हप्ता पहिला"],"one":"गत हप्ता","other":[{"t":"idOrVar","v":"value"}," हप्ता पहिला"],"two":[{"t":"idOrVar","v":"value"}," हप्ता पहिला"],"zero":"यो हप्ता"},"$x":[{"t":"idOrVar","v":"plural"},"value"]},{"$i":"months-ago-long","$v":{"few":[{"t":"idOrVar","v":"value"}," महिना पहिला"],"many":[{"t":"idOrVar","v":"value"}," महिना पहिला"],"one":"गत महिना","other":[{"t":"idOrVar","v":"value"}," महिना पहिला"],"two":[{"t":"idOrVar","v":"value"}," महिना पहिला"],"zero":"यो महिना"},"$x":[{"t":"idOrVar","v":"plural"},"value"]},{"$i":"years-ago-long","$v":{"few":[{"t":"idOrVar","v":"value"}," वर्ष पहिला"],"many":[{"t":"idOrVar","v":"value"}," वर्ष पहिला"],"one":"गएको वर्ष","other":[{"t":"idOrVar","v":"value"}," वर्ष पहिला"],"two":[{"t":"idOrVar","v":"value"}," वर्ष पहिला"],"zero":"यो वर्ष"},"$x":[{"t":"idOrVar","v":"plural"},"value"]},{"$i":"minutes-until-long","$v":{"few":[{"t":"idOrVar","v":"value"}," मिनेटमा"],"many":[{"t":"idOrVar","v":"value"}," मिनेटमा"],"one":"एक मिनेटमा","other":[{"t":"idOrVar","v":"value"}," मिनेटमा"],"two":[{"t":"idOrVar","v":"value"}," मिनेटमा"],"zero":"अहिले"},"$x":[{"t":"idOrVar","v":"plural"},"value"]},{"$i":"hours-until-long","$v":{"few":[{"t":"idOrVar","v":"value"}," घण्टामा"],"many":[{"t":"idOrVar","v":"value"}," घण्टामा"],"one":"एक घण्टामा","other":[{"t":"idOrVar","v":"value"}," घण्टामा"],"two":[{"t":"idOrVar","v":"value"}," घण्टामा"],"zero":"अहिले"},"$x":[{"t":"idOrVar","v":"plural"},"value"]},{"$i":"days-until-long","$v":{"few":[{"t":"idOrVar","v":"value"}," दिनमा"],"many":[{"t":"idOrVar","v":"value"}," दिनमा"],"one":"भोली","other":[{"t":"idOrVar","v":"value"}," दिनमा"],"two":[{"t":"idOrVar","v":"value"}," दिनमा"],"zero":"आज"},"$x":[{"t":"idOrVar","v":"plural"},"value"]},{"$i":"weeks-until-long","$v":{"few":[{"t":"idOrVar","v":"value"}," हप्तामा"],"many":[{"t":"idOrVar","v":"value"}," हप्तामा"],"one":"अर्को हप्ता","other":[{"t":"idOrVar","v":"value"}," हप्तामा"],"two":[{"t":"idOrVar","v":"value"}," हप्तामा"],"zero":"यो हप्ता"},"$x":[{"t":"idOrVar","v":"plural"},"value"]},{"$i":"months-until-long","$v":{"few":[{"t":"idOrVar","v":"value"}," महिनामा"],"many":[{"t":"idOrVar","v":"value"}," महिनामा"],"one":"अर्को महिना","other":[{"t":"idOrVar","v":"value"}," महिनामा"],"two":[{"t":"idOrVar","v":"value"}," महिनामा"],"zero":"यो महिना"},"$x":[{"t":"idOrVar","v":"plural"},"value"]},{"$i":"years-until-long","$v":{"few":[{"t":"idOrVar","v":"value"}," वर्षमा"],"many":[{"t":"idOrVar","v":"value"}," वर्षमा"],"one":"अर्को वर्ष","other":[{"t":"idOrVar","v":"value"}," वर्षमा"],"two":[{"t":"idOrVar","v":"value"}," वर्षमा"],"zero":"यो वर्ष"},"$x":[{"t":"idOrVar","v":"plural"},"value"]},{"$i":"minutes-ago-short","$v":{"other":[{"t":"idOrVar","v":"value"}," मिनेट पहिला"],"zero":"अहिले भर्खर"},"$x":[{"t":"idOrVar","v":"plural"},"value"]},{"$i":"hours-ago-short","$v":{"other":[{"t":"idOrVar","v":"value"},"घण्टा पहिला"],"zero":"अहिले भर्खर"},"$x":[{"t":"idOrVar","v":"plural"},"value"]},{"$i":"days-ago-short","$v":{"other":[{"t":"idOrVar","v":"value"},"दिन पहिला"],"zero":"आज"},"$x":[{"t":"idOrVar","v":"plural"},"value"]},{"$i":"minutes-until-short","$v":{"other":[{"t":"idOrVar","v":"value"}," मिनेटमा"],"zero":"अहिले"},"$x":[{"t":"idOrVar","v":"plural"},"value"]},{"$i":"hours-until-short","$v":{"other":[{"t":"idOrVar","v":"value"}," घण्टामा"],"zero":"अहिले"},"$x":[{"t":"idOrVar","v":"plural"},"value"]},{"$i":"days-until-short","$v":{"other":[{"t":"idOrVar","v":"value"}," दिनमा"],"zero":"आज"},"$x":[{"t":"idOrVar","v":"plural"},"value"]},{"$i":"dateTimeFormat_%c","$v":"%a %b %e %Y %I:%M:%S %p"},{"$i":"dateTimeFormat_%x","$v":"%m/%d/%Y"},{"$i":"dateTimeFormat_%X","$v":"%I:%M:%S %p"},{"$i":"shortTimeFormat","$v":"%I:%M %p"},{"$i":"shortTimeFormat12","$v":"%I:%M %p"},{"$i":"shortTimeFormat24","$v":"%H:%M"},{"$i":"shortDateTimeFormat","$v":"%x %I:%M %p"},{"$i":"weekStartsOnMonday","$v":"0.0"},{"$i":"firstDayOfTheWeek","$v":"0.0"},{"$i":"time_am","$v":"AM"},{"$i":"time_pm","$v":"PM"},{"$i":"softkey-options","$v":"विकल्पहरू"},{"$i":"emergencyNumber","$v":"आपतकालीन नम्बर"},{"$i":"callAirplaneModeMessage","$v":"सम्पर्क राख्न चाहनु हुन्छ भनी तपाईंले सेटिङहरूमा गएर हवाइजहाज मोडलाई असक्षम गर्नुपर्छ"},{"$i":"callAirplaneModeBtnOk","$v":"ठीक छ"},{"$i":"callAirplaneModeTitle","$v":"विमान मोड सक्रिय भयो"},{"$i":"numberIsBusyTitle","$v":"नम्बर ब्यस्त छ"},{"$i":"numberIsBusyMessage","$v":"नम्बर हालैमा व्यस्त छ। कृपया पछि फेरि प्रयास गर्नुहोस्।"},{"$i":"fdnIsActiveTitle","$v":"FDN सक्रिय"},{"$i":"fdnIsActiveMessage","$v":["FDN (फिक्स्ड डायलिङ नम्बर) सक्रिय भयो र तपाईंको FDN नम्बर निम्नलिखित सुचीमा छैन्: ",{"t":"idOrVar","v":"number"}]},{"$i":"emergencyDialogBodyBadNumber","$v":"सम्पर्क राख्न चाहनु हुन्छ भनि फोनलाई नेटवर्कमा जडान गरिएको हुनुपर्छ"},{"$i":"emergencyDialogBodyDeviceNotAccepted","$v":"आपतकालीन कलहरू नेटवर्कद्वारा अनुमति छैन्।"},{"$i":"emergencyDialogBtnOk","$v":"ठीक छ"},{"$i":"emergencyDialogTitle","$v":"नेटवर्क जडान छैन"},{"$i":"invalidNumberToDialTitle","$v":"अवैधानिक फोन नम्बर"},{"$i":"invalidNumberToDialMessage","$v":"तपाईंले सम्पर्क गर्नु भएको फोन उपलब्ध छैन्"},{"$i":"unableToCallTitle","$v":"कल गर्न सकिँदैन"},{"$i":"unableToCallMessage","$v":"अहिले फोन कल गर्न सकेन।"},{"$i":"otherConnectionInUseTitle","$v":"अन्य जडानलाई प्रयोग गर्नुहोस्"},{"$i":"otherConnectionInUseMessage","$v":"तपाईंसँग अर्को जडानमा सक्रिय कल छ। एक पटकमा तपाईंले एउटा मात्र जडान गर्न सक्नुहुन्छ?"},{"$i":"connectingEllipsis","$v":"जडान हुँदै..."}]