[{"$i":"messages","$v":"Berichten"},{"$i":"deleteMessages-title","$v":"Selecteren"},{"$i":"selectThreads-title","$v":"Selecteren"},{"$i":"edit","$v":"Bewerken"},{"$i":"back","$v":"Terug"},{"$i":"cancel","$v":"Annuleren"},{"$i":"delete","$v":"Verwijderen"},{"$i":"deleting-messages","$v":"Verwijderen..."},{"$i":"deselect","$v":"Selectie opheffen"},{"$i":"selected-threads","$v":{"few":[{"t":"idOrVar","v":"n"}," geselecteerd"],"many":[{"t":"idOrVar","v":"n"}," geselecteerd"],"one":[{"t":"idOrVar","v":"n"}," geselecteerd"],"other":[{"t":"idOrVar","v":"n"}," geselecteerd"],"two":[{"t":"idOrVar","v":"n"}," geselecteerd"],"zero":"0 geselecteerd"},"$x":[{"t":"idOrVar","v":"plural"},"n"]},{"$i":"selected-messages","$v":{"few":[{"t":"idOrVar","v":"n"}," geselecteerd"],"many":[{"t":"idOrVar","v":"n"}," geselecteerd"],"one":[{"t":"idOrVar","v":"n"}," geselecteerd"],"other":[{"t":"idOrVar","v":"n"}," geselecteerd"],"two":[{"t":"idOrVar","v":"n"}," geselecteerd"],"zero":"0 geselecteerd"},"$x":[{"t":"idOrVar","v":"plural"},"n"]},{"$i":"selectThreads-label","$v":"Threads selecteren"},{"$i":"selectMessages-label","$v":"Berichten selecteren"},{"$i":"new-message","$v":"Nieuw"},{"$i":"delete-thread","$v":"Thread verwijderen"},{"$i":"create-new-contact","$v":"Nieuw contact maken"},{"$i":"add-to-contact","$v":"Toevoegen aan een bestaand contact"},{"$i":"select-thread","$v":"Thread selecteren"},{"$i":"settings","$v":"Instellingen"},{"$i":"select-all","$v":"Alle"},{"$i":"deselect-all","$v":"Geen"},{"$i":"select","$v":"Selecteren"},{"$i":"sk-save-as-draft","$v":"Opslaan als concept"},{"$i":"next","$v":"Volgende"},{"$i":"send","$v":"Verzenden"},{"$i":"add-contact","$v":"Toevoegen"},{"$i":"add-suggestion","$v":"Selecteer"},{"$i":"add-subject","$v":"Onderwerp toevoegen"},{"$i":"remove-subject","$v":"Onderwerp verwijderen"},{"$i":"add-attachment","$v":"Bijlage toevoegen"},{"$i":"remove-attachment","$v":"Bijlage verwijderen"},{"$i":"replace-attachment","$v":"Bijlage vervangen"},{"$i":"select-messages","$v":"Berichten selecteren"},{"$i":"call","$v":"Oproep"},{"$i":"forward","$v":"Doorsturen"},{"$i":"view-message-report","$v":"Berichtdetails weergeven"},{"$i":"cancel-view-report","$v":"Annuleren"},{"$i":"ok","$v":"OK"},{"$i":"enter","$v":"Invoeren"},{"$i":"open","$v":"Openen"},{"$i":"to","$v":"Naar"},{"$i":"new","$v":"Nieuw"},{"$i":"message","$v":"Bericht"},{"$i":"messagesInput_placeholder","$v":"Bericht"},{"$i":"messagesSubjectInput_placeholder","$v":"Onderwerp"},{"$i":"subjectComposerInput_placeholder","$v":"Onderwerp"},{"$i":"converted-to-mms","$v":"Converteren naar multimediabericht."},{"$i":"converted-to-sms","$v":"Converteren naar sms-bericht."},{"$i":"messages-max-length-text","$v":"U hebt de maximale lengte bereikt."},{"$i":"messages-max-subject-length-text","$v":"Maximale lengte van onderwerp bereikt."},{"$i":"multimedia-message-exceeded-max-length","$v":["Dit bericht overschrijdt de ",{"t":"idOrVar","v":"mmsSize"}," MB-limiet van één multimediabericht."]},{"$i":"newMessage","$v":"Nieuw bericht"},{"$i":"sendMessage","$v":"Bericht verzenden"},{"$i":"sendMMSToEmail","$v":"MMS versturen"},{"$i":"no-recipient","$v":"(Geen ontvanger)"},{"$i":"recipient","$v":{"few":[{"t":"idOrVar","v":"n"}," ontvangers"],"many":[{"t":"idOrVar","v":"n"}," ontvangers"],"one":[{"t":"idOrVar","v":"n"}," ontvanger"],"other":[{"t":"idOrVar","v":"n"}," ontvangers"],"two":[{"t":"idOrVar","v":"n"}," ontvangers"]},"$x":[{"t":"idOrVar","v":"plural"},"n"]},{"$i":"attachmentSizeB","$v":[{"t":"idOrVar","v":"n"}," B"]},{"$i":"attachmentSizeKB","$v":[{"t":"idOrVar","v":"n"}," KB"]},{"$i":"attachmentSizeMB","$v":[{"t":"idOrVar","v":"n"}," MB"]},{"$i":"attachmentOpenError","$v":"Er is geen applicatie beschikbaar om dit bestandstype te openen."},{"$i":"remove","$v":"Verwijderen"},{"$i":"participant","$v":{"few":[{"t":"idOrVar","v":"n"}," deelnemers"],"many":[{"t":"idOrVar","v":"n"}," deelnemers"],"one":[{"t":"idOrVar","v":"n"}," deelnemer"],"other":[{"t":"idOrVar","v":"n"}," deelnemers"],"two":[{"t":"idOrVar","v":"n"}," deelnemers"]},"$x":[{"t":"idOrVar","v":"plural"},"n"]},{"$i":"message-report","$v":"Berichtrapport"},{"$i":"message-type-sms","$v":"Tekstbericht (SMS)"},{"$i":"message-type-mms","$v":"Multimediabericht (MMS)"},{"$i":"sms-report-description","$v":["Uw tekstbericht (SMS) is verzonden op ",{"t":"idOrVar","v":"datetime"}]},{"$i":"mms-report-description","$v":["Uw multimediabericht (MMS), onderwerp ",{"t":"idOrVar","v":"subject"}," is verzonden op ",{"t":"idOrVar","v":"datetime"}]},{"$i":"mms-no-subject-report-description","$v":["Uw multimediabericht (MMS) is verzonden op ",{"t":"idOrVar","v":"datetime"}]},{"$i":"message-subject","$v":"Onderwerp:"},{"$i":"report-status-error","$v":"Bericht kon niet verzonden worden"},{"$i":"report-status-not-downloaded","$v":"niet gedownload"},{"$i":"report-status-delivered","$v":"Afgeleverd:"},{"$i":"report-status-read","$v":"Gelezen:"},{"$i":"report-status-pending","$v":"Rapport aangevraagd"},{"$i":"report-status-rejected","$v":"Bericht geweigerd"},{"$i":"message-size-was","$v":"Berichtomvang:"},{"$i":"report-to-title","$v":"Naar"},{"$i":"report-from-title","$v":"Van"},{"$i":"message-sent","$v":"Verzonden:"},{"$i":"message-sending","$v":[{"t":"idOrVar","v":"message-delivery-status-sending"}]},{"$i":"message-received","$v":"Ontvangen:"},{"$i":"message-via","$v":"Via:"},{"$i":"message-resend","$v":"Opnieuw verzenden"},{"$i":"search","$v":"Zoeken"},{"$i":"unknown-contact-title","$v":"Onbekend contact"},{"$i":"phone-type-separator","$v":", "},{"$i":"phone-carrier-separator","$v":" "},{"$i":"thread-participant-separator","$v":", "},{"$i":"replace-draft","$v":"Bestaande concept vervangen"},{"$i":"save-as-draft","$v":"Opslaan"},{"$i":"discard-message","$v":"Weggooien"},{"$i":"discard-sms","$v":"Weet u zeker dat u dit bericht wilt verwijderen?"},{"$i":"discard-new-message","$v":"Het bericht dat u opstelt weggooien en het nieuwe bericht openen?"},{"$i":"resend-confirmation","$v":"Het bericht kon niet verzonden worden. Opnieuw proberen?"},{"$i":"resend-message","$v":"Dit bericht opnieuw verzenden"},{"$i":"deleteMessage-confirmation","$v":"Geselecteerd bericht verwijderen?"},{"$i":"deleteMessages-confirmation","$v":"Geselecteerde berichten verwijderen?"},{"$i":"deleteThreads-confirmation2","$v":{"one":"Geselecteerde berichten-thread verwijderen?","other":"Geselecteerde berichten-threads verwijderen?"},"$x":[{"t":"idOrVar","v":"plural"},"n"]},{"$i":"new-message-notice-text","$v":"Nieuw bericht van"},{"$i":"new-message-notice-a-text","$v":"Lezen"},{"$i":"noMessages-title","$v":"Geen berichten"},{"$i":"noMessages-text","$v":"Druk op Nieuw om communicatie te starten."},{"$i":"sendDefaultErrorTitle","$v":"Verzenden mislukt"},{"$i":"sendDefaultErrorBody","$v":"Er is een probleem opgetreden bij het verzenden van het bericht. Probeer het opnieuw."},{"$i":"sendDefaultErrorBtnOk","$v":"OK"},{"$i":"sendMissingSimCardTitle","$v":"Verzenden mislukt"},{"$i":"sendMissingSimCardBody","$v":"Plaats een geldige SIM-kaart om door te gaan."},{"$i":"sendMissingSimCardBtnOk","$v":"OK"},{"$i":"sendFlightModeTitle","$v":"Verzenden mislukt"},{"$i":"sendFlightModeBody","$v":"Schakel vliegtuigmodus uit om berichten te verzenden."},{"$i":"sendFlightModeBtnOk","$v":"OK"},{"$i":"radioDisabledToDownloadTitle","$v":"Downloaden mislukt"},{"$i":"radioDisabledToDownloadBody","$v":"Schakel de vliegtuigmodus uit om bijlagen te downloaden."},{"$i":"radioDisabledToDownloadBtnOk","$v":[{"t":"idOrVar","v":"sendFlightModeBtnOk"}]},{"$i":"downloadDefaultErrorTitle","$v":"Fout tijdens downloaden"},{"$i":"downloadDefaultErrorBody","$v":"Er is een fout opgetreden tijdens het downloaden van het bericht. Probeer het opnieuw."},{"$i":"downloadDefaultErrorBtnOk","$v":[{"t":"idOrVar","v":"sendDefaultErrorBtnOk"}]},{"$i":"fdnErrorTitle","$v":"Verzenden mislukt"},{"$i":"needConnectWifiBody","$v":"Geen mobiel netwerk beschikbaar. Maak verbinding met een beschikbaar Wi-Fi-netwerk om berichten te verzenden."},{"$i":"needConnectWifiTitle","$v":"Bericht niet verzonden"},{"$i":"mmsChanelUsedBody","$v":"Er wordt een MMS verzonden met niet-DDS-sub, wacht even tot het verzendproces is voltooid."},{"$i":"mmsChanelUsedTitle","$v":"MMS-kanaal gebruikt"},{"$i":"sms-counter-notice-label","$v":["SMS ",{"t":"idOrVar","v":"number"}," bewerken"]},{"$i":"fdnErrorBody","$v":{"few":"FDN (Fixed Dialing Numbers) is geactiveerd. Controleer of het SMS-centrum en de volgende ontvangers in uw FDN-lijst staan.","many":"FDN (Fixed Dialing Numbers) is geactiveerd. Controleer of het SMS-centrum en de volgende ontvangers in uw FDN-lijst staan.","one":"FDN (Fixed Dialing Numbers) is geactiveerd. Controleer of het SMS-centrum en de volgende ontvanger in uw FDN-lijst staan.","other":"FDN (Fixed Dialing Numbers) is geactiveerd. Controleer of het SMS-centrum en de volgende ontvangers in uw FDN-lijst staan.","two":"FDN (Fixed Dialing Numbers) is geactiveerd. Controleer of het SMS-centrum en de volgende ontvangers in uw FDN-lijst staan."},"$x":[{"t":"idOrVar","v":"plural"},"n"]},{"$i":"fdnErrorBtnOk","$v":"OK"},{"$i":"sendNoSignalErrorTitle","$v":"Verzenden mislukt"},{"$i":"sendNoSignalErrorBody","$v":"Controleer of u een mobiel signaal hebt en probeer het opnieuw."},{"$i":"sendNoSignalErrorBtnOk","$v":"OK"},{"$i":"sendNotFoundErrorTitle","$v":"Verzenden mislukt"},{"$i":"sendNotFoundErrorBody","$v":"Het bericht dat u zoekt is niet langer beschikbaar."},{"$i":"sendNotFoundErrorBtnOk","$v":"OK"},{"$i":"sendInvalidAddressErrorTitle","$v":"Verzenden mislukt"},{"$i":"sendInvalidAddressErrorBody","$v":"Controleer of het mobiele nummer waar u naar verzendt, geldig is."},{"$i":"sendInvalidAddressErrorBtnOk","$v":"OK"},{"$i":"simNotMatchedErrorTitle","$v":"Kan niet downloaden"},{"$i":"simNotMatchedErrorBody","$v":"Controleer of de geplaatste SIM-kaart de kaart is die is gebruikt voor het ontvangen van dit bericht."},{"$i":"simNotMatchedErrorBtnOk","$v":"OK"},{"$i":"netWorkErrorTitle","$v":"Netwerkfout"},{"$i":"netWorkErrorBody","$v":"Het netwerk heeft een aantal problemen, controleer dit eerst."},{"$i":"netWorkErrorBtnOk","$v":"OK"},{"$i":"deleted-sms","$v":"Dit bericht is al verwijderd."},{"$i":"view-attachment-image","$v":"Weergeven"},{"$i":"view-attachment-audio","$v":"Afluisteren"},{"$i":"view-attachment-video","$v":"Weergeven"},{"$i":"view-attachment-other","$v":"Weergeven"},{"$i":"remove-attachment-image","$v":"Afbeelding verwijderen"},{"$i":"remove-attachment-audio","$v":"Audio verwijderen"},{"$i":"remove-attachment-video","$v":"Video verwijderen"},{"$i":"remove-attachment-other","$v":"Bijlage verwijderen"},{"$i":"replace-attachment-image","$v":"Afbeelding vervangen"},{"$i":"replace-attachment-audio","$v":"Audio vervangen"},{"$i":"replace-attachment-video","$v":"Video vervangen"},{"$i":"replace-attachment-other","$v":"Bijlage vervangen"},{"$i":"unsent-message-title","$v":"Niet verzonden bericht"},{"$i":"unsent-message-description","$v":"Uw vorige bericht is niet verzonden. Wilt u het niet verzonden bericht bewerken of het weggooien en doorgaan?"},{"$i":"unsent-message-option-edit","$v":"Bewerken"},{"$i":"unsent-message-option-discard","$v":"Weggooien"},{"$i":"message-options","$v":"Berichtopties"},{"$i":"select-text","$v":"Tekst selecteren"},{"$i":"mobile","$v":"Mobiel"},{"$i":"home","$v":"Thuis"},{"$i":"work","$v":"Werk"},{"$i":"personal","$v":"Persoonlijk"},{"$i":"faxHome","$v":"Fax thuis"},{"$i":"faxOffice","$v":"Fax kantoor"},{"$i":"faxOther","$v":"Fax anders"},{"$i":"another","$v":"Andere"},{"$i":"other","$v":"Anders"},{"$i":"today","$v":"Vandaag"},{"$i":"yesterday","$v":"Gisteren"},{"$i":"incorrectDate","$v":"(onjuiste datum)"},{"$i":"addToExistingContact","$v":"Toevoegen aan een bestaand contact"},{"$i":"createNewContact","$v":"Nieuw contact maken"},{"$i":"viewContact","$v":"Contact bekijken"},{"$i":"sendEmail","$v":"E-mail verzenden"},{"$i":"mms-message","$v":"MMS-bericht"},{"$i":"notDownloaded-title","$v":"Bericht is nog niet gedownload."},{"$i":"tobedownloaded-attachment","$v":["U hebt een multimediabericht ontvangen. Druk voor ",{"t":"idOrVar","v":"date"}," op Downloaden om de inhoud op te halen."]},{"$i":"expired-attachment","$v":["Sorry, het bericht is verlopen op ",{"t":"idOrVar","v":"date"}," en kan niet gedownload worden."]},{"$i":"download-attachment","$v":"Downloaden"},{"$i":"downloading-attachment","$v":"Downloaden…"},{"$i":"download-complete","$v":"Downloaden is voltooid"},{"$i":"unnamed-attachment","$v":"naamloos"},{"$i":"mms-label","$v":"MMS"},{"$i":"group-label","$v":"GROEP"},{"$i":"attached-files-too-large","$v":{"few":["Deze berichten overschrijden de limiet van ",{"t":"idOrVar","v":"mmsSize"}," MB voor één multimedibericht."],"many":["Deze berichten overschrijden de limiet van ",{"t":"idOrVar","v":"mmsSize"}," MB voor één multimedibericht."],"one":["Dit bericht overschrijdt de ",{"t":"idOrVar","v":"mmsSize"}," KB-limiet van één multimediabericht."],"other":["Deze berichten overschrijden de limiet van ",{"t":"idOrVar","v":"mmsSize"}," MB voor één multimedibericht."],"two":["Deze berichten overschrijden de limiet van ",{"t":"idOrVar","v":"mmsSize"}," MB voor één multimedibericht."],"zero":["Deze berichten overschrijden de limiet van ",{"t":"idOrVar","v":"mmsSize"}," MB voor één multimedibericht."]},"$x":[{"t":"idOrVar","v":"plural"},"n"]},{"$i":"resize-image","$v":"Afmetingen van bijgevoegde afbeelding aanpassen"},{"$i":"no-attachment-text","$v":"Er is een probleem met het bijgevoegde bestand en het kan niet gedownload worden."},{"$i":"message-draft-saved","$v":"Bericht opgeslagen als concept"},{"$i":"sim-id-label","$v":["SIM ",{"t":"idOrVar","v":"id"}]},{"$i":"sim-detail","$v":["SIM ",{"t":"idOrVar","v":"id"},", ",{"t":"idOrVar","v":"detailString"}]},{"$i":"dsds-notification-title-with-sim","$v":["(",{"t":"idOrVar","v":"sim"},") ",{"t":"idOrVar","v":"sender"}]},{"$i":"send-button","ariaLabel":"Verzenden"},{"$i":"send-button-sim-indication","$v":[{"t":"idOrVar","v":"n"}],"ariaLabel":["SIM ",{"t":"idOrVar","v":"n"}," gebruiken"]},{"$i":"expiry-date-format","$v":"%A, %b %e"},{"$i":"attach-button","ariaLabel":"Bijlage toevoegen"},{"$i":"contact-photo","ariaLabel":"Contactfoto"},{"$i":"unread-thread","ariaLabel":"Ongelezen"},{"$i":"has-draft","ariaLabel":"Heeft concept"},{"$i":"is-draft","ariaLabel":"Concept"},{"$i":"message-delivery-status-sending","$v":"Verzenden…"},{"$i":"message-delivery-status-delivered","$v":"Afgeleverd"},{"$i":"message-delivery-status-read","ariaLabel":"Lezen"},{"$i":"message-delivery-status-error","ariaLabel":"Fout"},{"$i":"modal-dialog-ok-button","$v":"OK"},{"$i":"modal-dialog-cancel-button","$v":"Annuleren"},{"$i":"modal-dialog-default-title","$v":"Berichten"},{"$i":"delete-message","$v":"Bericht gewist"},{"$i":"message-converted-to-toast","$v":["Bericht geconverteerd naar ",{"t":"idOrVar","v":"type"}]},{"$i":"message-sent-toast","$v":"Bericht verzonden"},{"$i":"deleteMessage-confirmation2","$v":"Geselecteerde berichten-thread verwijderen?"},{"$i":"deleted-message","$v":{"few":[{"t":"idOrVar","v":"n"}," berichten verwijderd"],"many":[{"t":"idOrVar","v":"n"}," berichten verwijderd"],"one":[{"t":"idOrVar","v":"n"}," bericht verwijderd"],"other":[{"t":"idOrVar","v":"n"}," berichten verwijderd"],"two":[{"t":"idOrVar","v":"n"}," berichten verwijderd"],"zero":"0 berichten verwijderd"},"$x":[{"t":"idOrVar","v":"plural"},"n"]},{"$i":"deleted-threads","$v":{"few":[{"t":"idOrVar","v":"n"}," berichten-threads verwijderd"],"many":[{"t":"idOrVar","v":"n"}," berichten-threads verwijderd"],"one":"Thread verwijderd","other":[{"t":"idOrVar","v":"n"}," berichten-threads verwijderd"],"two":[{"t":"idOrVar","v":"n"}," berichten-threads verwijderd"],"zero":"0 threads verwijderd"},"$x":[{"t":"idOrVar","v":"plural"},"n"]},{"$i":"wapPushMessages","$v":"WAP-pushberichten"},{"$i":"auto-retrieve-messages","$v":"Berichten automatisch ophalen"},{"$i":"auto-retrieve-messages-title","$v":"Berichten automatisch ophalen"},{"$i":"auto-roaming-retrieve","$v":"Aan met roaming"},{"$i":"auto-no-roaming-retrieve","$v":"Aan zonder roaming"},{"$i":"mmsTitle","$v":"Multimediaberichten (MMS)"},{"$i":"message-delivery-reports","$v":"Afleverrapporten"},{"$i":"message-delivery-reports-title","$v":"Afleverrapporten"},{"$i":"messageReport-title","$v":"Berichtdetails"},{"$i":"sms-label","$v":"SMS"},{"$i":"messaging-settings","$v":"Berichtinstellingen"},{"$i":"messagingSettings-header","$v":[{"t":"idOrVar","v":"messaging-settings"}]},{"$i":"confirmation-title","$v":"Bevestiging"},{"$i":"draft-save-content","$v":"Opslaan als concept?"},{"$i":"draft-discard-content","$v":"Bericht verwijderd"},{"$i":"switch-on","$v":"Aan"},{"$i":"switch-off","$v":"Uit"},{"$i":"auto-retrieve-desc","$v":"Berichten automatisch ophalen"},{"$i":"confirm-dialog-ok","$v":"OK"},{"$i":"yes","$v":"Ja"},{"$i":"no","$v":"Nee"},{"$i":"delete-current-thread?","$v":"Geselecteerde berichten-thread verwijderen?"},{"$i":"attention","$v":"Let op"},{"$i":"delivery-title","$v":"Tekstberichten (SMS)"},{"$i":"send-failed","$v":"Verzenden is mislukt."},{"$i":"subject-removed","$v":"Onderwerp verwijderd."},{"$i":"data-storage-limit-alert-title","$v":"Telefoonopslag is vol."},{"$i":"data-storage-limit-send-body","$v":"Kan MMS niet verzenden. Verwijder berichten of ga naar Instellingen om geheugen vrij te maken."},{"$i":"data-storage-limit-download-body","$v":"Kan MMS niet downloaden. Verwijder berichten of ga naar Instellingen om geheugen vrij te maken."},{"$i":"data-storage-limit-alert-cancel","$v":"Annuleren"},{"$i":"data-storage-limit-alert-setting","$v":"Instellingen"},{"$i":"recipient-repeat","$v":"Contact dupliceren."},{"$i":"email","$v":"E-MAIL"},{"$i":"options","$v":"Opties"},{"$i":"emergency-alert-title","$v":"Draadloze noodwaarschuwingen"},{"$i":"emergency-alert","$v":"Draadloze noodwaarschuwingen"},{"$i":"wappushNormal","$v":"WAP Push"},{"$i":"wappushSIM1","$v":"WAP Push - SIM 1"},{"$i":"wappushSIM2","$v":"WAP Push - SIM 2"},{"$i":"not-assigned","$v":"Niet toegewezen"},{"$i":"switchSIMDataSendAlertTitle","$v":"Kan MMS niet verzenden."},{"$i":"switchSIMDataSendAlertBody","$v":["Om MMS te kunnen verzenden, dient u de SIM-kaart voor data te wijzigen naar SIM ",{"t":"idOrVar","v":"nonActiveSimId"}," in de SIM Manager-instellingen."]},{"$i":"switchSIMDataSendAlertDesc","$v":"Ga naar de app Instellingen om de instellingen te updaten."},{"$i":"switchSIMDataReceiveAlertTitle","$v":"Kan MMS niet ontvangen."},{"$i":"switchSIMDataReceiveAlertBody","$v":["Om MMS te kunnen ontvangen, dient u de SIM-kaart voor data te wijzigen naar SIM ",{"t":"idOrVar","v":"nonActiveSimId"}," in de SIM Manager-instellingen."]},{"$i":"switchSIMDataReceiveAlertDesc","$v":"Ga naar de app Instellingen om de instellingen te updaten."},{"$i":"group-message","$v":"Groepsbericht"},{"$i":"individual-message","$v":"Individueel bericht"},{"$i":"group-message-alert-title","$v":"Groepsbericht"},{"$i":"group-message-alert-body","$v":"Groepsbericht maken? (Groepsbericht wordt verzonden via MMS en SMS; veroorzaken extra kosten van de draadloze provider voor berichten afhankelijk van het serviceplan.)"},{"$i":"group-message-individual","$v":"Individueel houden"},{"$i":"group-message-setting","$v":"Groep maken"},{"$i":"new-message-individual","$v":"Nieuw bericht (individueel)"},{"$i":"new-message-group","$v":"Nieuw bericht (groep)"},{"$i":"no-phone-number","$v":"Niet toegewezen"},{"$i":"device-phone-number","$v":"Mijn telefoonnummer"},{"$i":"group-message-phone","$v":"Groepsberichten"},{"$i":"my-phone-number","$v":"Mijn telefoonnummer"},{"$i":"delivery-notification","$v":"Bericht afgeleverd"},{"$i":"wait","$v":"wachten"},{"$i":"isTextTooLongAlert","$v":"Maximumlengte bericht overschreden."},{"$i":"video-call","$v":"Videogesprek"},{"$i":"normal-call","$v":"Oproep"},{"$i":"attachment","$v":"Bijlage"},{"$i":"limit-MMS-recipients","$v":"Kan MMS naar maximaal 20 ontvangers verzenden."},{"$i":"block-contact","$v":"Contact blokkeren"},{"$i":"blocked","$v":"Blokkeren"},{"$i":"unblocked","$v":"Blokkering opheffen"},{"$i":"rtt-call","$v":"RTT-gesprek"},{"$i":"remove-all-attachments","$v":"Alle bijlagen verwijderen"},{"$i":"block-confirmation","$v":"U ontvangt geen oproepen of berichten van personen die zijn geblokkeerd."},{"$i":"space-low-not-save","$v":"Geheugen is vol, concept kan niet worden opgeslagen."},{"$i":"sms-encoding-mode","$v":"Sms-codering"},{"$i":"sms-reduced-format","$v":"Verkort formaat"},{"$i":"sms-full-format","$v":"Volledig formaat"},{"$i":"smscNormal","$v":"Servicecentrum"},{"$i":"smscSIM1","$v":"Servicecentrum SIM1"},{"$i":"smscSIM2","$v":"Servicecentrum SIM2"},{"$i":"withoutDataTitle","$v":"Fout"},{"$i":"withoutDataBody","$v":"Schakel Gegevensverbinding in Instellingen in om MMS te verzenden of ontvangen"},{"$i":"withoutDataBtnOk","$v":"OK"},{"$i":"withoutDataBtnSettings","$v":"Instellingen"},{"$i":"weekday-0-long","$v":"zondag"},{"$i":"weekday-1-long","$v":"maandag"},{"$i":"weekday-2-long","$v":"dinsdag"},{"$i":"weekday-3-long","$v":"woensdag"},{"$i":"weekday-4-long","$v":"donderdag"},{"$i":"weekday-5-long","$v":"vrijdag"},{"$i":"weekday-6-long","$v":"zaterdag"},{"$i":"weekday-0-short","$v":"Zon"},{"$i":"weekday-1-short","$v":"Maa"},{"$i":"weekday-2-short","$v":"Din"},{"$i":"weekday-3-short","$v":"Woe"},{"$i":"weekday-4-short","$v":"Don"},{"$i":"weekday-5-short","$v":"Vrij"},{"$i":"weekday-6-short","$v":"Zat"},{"$i":"month-0-long","$v":"januari"},{"$i":"month-1-long","$v":"februari"},{"$i":"month-2-long","$v":"maart"},{"$i":"month-3-long","$v":"april"},{"$i":"month-4-long","$v":"mei"},{"$i":"month-5-long","$v":"juni"},{"$i":"month-6-long","$v":"juli"},{"$i":"month-7-long","$v":"augustus"},{"$i":"month-8-long","$v":"september"},{"$i":"month-9-long","$v":"oktober"},{"$i":"month-10-long","$v":"november"},{"$i":"month-11-long","$v":"december"},{"$i":"month-0-genitive","$v":"januari"},{"$i":"month-1-genitive","$v":"februari"},{"$i":"month-2-genitive","$v":"maart"},{"$i":"month-3-genitive","$v":"april"},{"$i":"month-4-genitive","$v":"mei"},{"$i":"month-5-genitive","$v":"juni"},{"$i":"month-6-genitive","$v":"juli"},{"$i":"month-7-genitive","$v":"augustus"},{"$i":"month-8-genitive","$v":"september"},{"$i":"month-9-genitive","$v":"oktober"},{"$i":"month-10-genitive","$v":"november"},{"$i":"month-11-genitive","$v":"december"},{"$i":"month-0-short","$v":"Jan"},{"$i":"month-1-short","$v":"Feb"},{"$i":"month-2-short","$v":"Maa"},{"$i":"month-3-short","$v":"Apr"},{"$i":"month-4-short","$v":"mei"},{"$i":"month-5-short","$v":"Jun"},{"$i":"month-6-short","$v":"Jul"},{"$i":"month-7-short","$v":"Aug"},{"$i":"month-8-short","$v":"Sep"},{"$i":"month-9-short","$v":"Okt"},{"$i":"month-10-short","$v":"Nov"},{"$i":"month-11-short","$v":"Dec"},{"$i":"minutes-ago-long","$v":{"few":[{"t":"idOrVar","v":"value"}," minuten geleden"],"many":[{"t":"idOrVar","v":"value"}," minuten geleden"],"one":"een minuut geleden","other":[{"t":"idOrVar","v":"value"}," minuten geleden"],"two":[{"t":"idOrVar","v":"value"}," minuten geleden"],"zero":"zojuist"},"$x":[{"t":"idOrVar","v":"plural"},"value"]},{"$i":"hours-ago-long","$v":{"few":[{"t":"idOrVar","v":"value"}," uur geleden"],"many":[{"t":"idOrVar","v":"value"}," uur geleden"],"one":"een uur geleden","other":[{"t":"idOrVar","v":"value"}," uur geleden"],"two":[{"t":"idOrVar","v":"value"}," uur geleden"],"zero":"zojuist"},"$x":[{"t":"idOrVar","v":"plural"},"value"]},{"$i":"days-ago-long","$v":{"few":[{"t":"idOrVar","v":"value"}," dagen geleden"],"many":[{"t":"idOrVar","v":"value"}," dagen geleden"],"one":"gisteren","other":[{"t":"idOrVar","v":"value"}," dagen geleden"],"two":[{"t":"idOrVar","v":"value"}," dagen geleden"],"zero":"vandaag"},"$x":[{"t":"idOrVar","v":"plural"},"value"]},{"$i":"weeks-ago-long","$v":{"few":[{"t":"idOrVar","v":"value"}," weken geleden"],"many":[{"t":"idOrVar","v":"value"}," weken geleden"],"one":"vorige week","other":[{"t":"idOrVar","v":"value"}," weken geleden"],"two":[{"t":"idOrVar","v":"value"}," weken geleden"],"zero":"deze week"},"$x":[{"t":"idOrVar","v":"plural"},"value"]},{"$i":"months-ago-long","$v":{"few":[{"t":"idOrVar","v":"value"}," maanden geleden"],"many":[{"t":"idOrVar","v":"value"}," maanden geleden"],"one":"vorige maand","other":[{"t":"idOrVar","v":"value"}," maanden geleden"],"two":[{"t":"idOrVar","v":"value"}," maanden geleden"],"zero":"deze maand"},"$x":[{"t":"idOrVar","v":"plural"},"value"]},{"$i":"years-ago-long","$v":{"few":[{"t":"idOrVar","v":"value"}," jaar geleden"],"many":[{"t":"idOrVar","v":"value"}," jaar geleden"],"one":"vorig jaar","other":[{"t":"idOrVar","v":"value"}," jaar geleden"],"two":[{"t":"idOrVar","v":"value"}," jaar geleden"],"zero":"dit jaar"},"$x":[{"t":"idOrVar","v":"plural"},"value"]},{"$i":"minutes-until-long","$v":{"few":["over ",{"t":"idOrVar","v":"value"}," minuten"],"many":["over ",{"t":"idOrVar","v":"value"}," minuten"],"one":"over een minuut","other":["over ",{"t":"idOrVar","v":"value"}," minuten"],"two":["over ",{"t":"idOrVar","v":"value"}," minuten"],"zero":"nu"},"$x":[{"t":"idOrVar","v":"plural"},"value"]},{"$i":"hours-until-long","$v":{"few":["over ",{"t":"idOrVar","v":"value"}," uur"],"many":["over ",{"t":"idOrVar","v":"value"}," uur"],"one":"over een uur","other":["over ",{"t":"idOrVar","v":"value"}," uur"],"two":["over ",{"t":"idOrVar","v":"value"}," uur"],"zero":"nu"},"$x":[{"t":"idOrVar","v":"plural"},"value"]},{"$i":"days-until-long","$v":{"few":["over ",{"t":"idOrVar","v":"value"}," dagen"],"many":["over ",{"t":"idOrVar","v":"value"}," dagen"],"one":"morgen","other":["over ",{"t":"idOrVar","v":"value"}," dagen"],"two":["over ",{"t":"idOrVar","v":"value"}," dagen"],"zero":"vandaag"},"$x":[{"t":"idOrVar","v":"plural"},"value"]},{"$i":"weeks-until-long","$v":{"few":["over ",{"t":"idOrVar","v":"value"}," weken"],"many":["over ",{"t":"idOrVar","v":"value"}," weken"],"one":"volgende week","other":["over ",{"t":"idOrVar","v":"value"}," weken"],"two":["over ",{"t":"idOrVar","v":"value"}," weken"],"zero":"deze week"},"$x":[{"t":"idOrVar","v":"plural"},"value"]},{"$i":"months-until-long","$v":{"few":["over ",{"t":"idOrVar","v":"value"}," maanden"],"many":["over ",{"t":"idOrVar","v":"value"}," maanden"],"one":"volgende maand","other":["over ",{"t":"idOrVar","v":"value"}," maanden"],"two":["over ",{"t":"idOrVar","v":"value"}," maanden"],"zero":"deze maand"},"$x":[{"t":"idOrVar","v":"plural"},"value"]},{"$i":"years-until-long","$v":{"few":["over ",{"t":"idOrVar","v":"value"}," jaar"],"many":["over ",{"t":"idOrVar","v":"value"}," jaar"],"one":"volgend jaar","other":["over ",{"t":"idOrVar","v":"value"}," jaar"],"two":["over ",{"t":"idOrVar","v":"value"}," jaar"],"zero":"dit jaar"},"$x":[{"t":"idOrVar","v":"plural"},"value"]},{"$i":"minutes-ago-short","$v":{"other":[{"t":"idOrVar","v":"value"},"m geleden"],"zero":"zojuist"},"$x":[{"t":"idOrVar","v":"plural"},"value"]},{"$i":"hours-ago-short","$v":{"other":[{"t":"idOrVar","v":"value"},"u geleden"],"zero":"zojuist"},"$x":[{"t":"idOrVar","v":"plural"},"value"]},{"$i":"days-ago-short","$v":{"other":[{"t":"idOrVar","v":"value"},"d geleden"],"zero":"vandaag"},"$x":[{"t":"idOrVar","v":"plural"},"value"]},{"$i":"minutes-until-short","$v":{"other":["over ",{"t":"idOrVar","v":"value"},"m"],"zero":"nu"},"$x":[{"t":"idOrVar","v":"plural"},"value"]},{"$i":"hours-until-short","$v":{"other":["over ",{"t":"idOrVar","v":"value"},"u"],"zero":"nu"},"$x":[{"t":"idOrVar","v":"plural"},"value"]},{"$i":"days-until-short","$v":{"other":["over ",{"t":"idOrVar","v":"value"},"d"],"zero":"vandaag"},"$x":[{"t":"idOrVar","v":"plural"},"value"]},{"$i":"dateTimeFormat_%c","$v":"%a %b %e %Y %I:%M:%S %p"},{"$i":"dateTimeFormat_%x","$v":"%m/%d/%Y"},{"$i":"dateTimeFormat_%X","$v":"%I:%M:%S %p"},{"$i":"shortTimeFormat","$v":"%I:%M %p"},{"$i":"shortTimeFormat12","$v":"%I:%M %p"},{"$i":"shortTimeFormat24","$v":"%H:%M"},{"$i":"shortDateTimeFormat","$v":"%x %I:%M %p"},{"$i":"weekStartsOnMonday","$v":"0.0"},{"$i":"firstDayOfTheWeek","$v":"1.0"},{"$i":"time_am","$v":"AM"},{"$i":"time_pm","$v":"PM"},{"$i":"softkey-options","$v":"Opties"},{"$i":"emergencyNumber","$v":"Noodnummer"},{"$i":"callAirplaneModeMessage","$v":"Om een oproep te plaatsen moet u de vliegtuigmodus uitschakelen in instellingen."},{"$i":"callAirplaneModeBtnOk","$v":"OK"},{"$i":"callAirplaneModeTitle","$v":"Vliegtuigmodus geactiveerd"},{"$i":"numberIsBusyTitle","$v":"Het nummer is in gesprek"},{"$i":"numberIsBusyMessage","$v":"Het nummer is op dit moment in gesprek. Probeer het later nog eens."},{"$i":"fdnIsActiveTitle","$v":"FDN actief"},{"$i":"fdnIsActiveMessage","$v":["FDN (vaste nummers bellen) is geactiveerd en het volgende nummer staat niet in uw FDN-lijst: ",{"t":"idOrVar","v":"number"}]},{"$i":"emergencyDialogBodyBadNumber","$v":"Om een oproep te plaatsen, moet de telefoon verbonden zijn met een netwerk."},{"$i":"emergencyDialogBodyDeviceNotAccepted","$v":"Noodoproepen zijn op het netwerk niet toegestaan."},{"$i":"emergencyDialogBtnOk","$v":"OK"},{"$i":"emergencyDialogTitle","$v":"Geen netwerkverbinding"},{"$i":"invalidNumberToDialTitle","$v":"Ongeldig telefoonnummer"},{"$i":"invalidNumberToDialMessage","$v":"Het telefoonnummer dat u belt is niet geldig."},{"$i":"unableToCallTitle","$v":"Bellen niet mogelijk"},{"$i":"unableToCallMessage","$v":"Bellen is nu niet mogelijk."},{"$i":"otherConnectionInUseTitle","$v":"Andere verbinding in gebruik"},{"$i":"otherConnectionInUseMessage","$v":"U hebt een actieve oproep op een andere verbinding. U kunt slechts één verbinding tegelijk gebruiken."},{"$i":"connectingEllipsis","$v":"Verbinding maken..."}]