[{"$i":"messages","$v":"پیغام"},{"$i":"deleteMessages-title","$v":"انتخال کړئ"},{"$i":"selectThreads-title","$v":"انتخال کړئ"},{"$i":"edit","$v":"اصلاح کول"},{"$i":"back","$v":"شاته"},{"$i":"cancel","$v":"کول"},{"$i":"delete","$v":"لرې کول"},{"$i":"deleting-messages","$v":"لرې کول…"},{"$i":"deselect","$v":"انتخاب ‎نه‎ کول"},{"$i":"selected-threads","$v":{"few":[{"t":"idOrVar","v":"n"}," انتخاب شو"],"many":[{"t":"idOrVar","v":"n"}," انتخاب شو"],"one":[{"t":"idOrVar","v":"n"}," انتخاب شو"],"other":[{"t":"idOrVar","v":"n"}," انتخاب شو"],"two":[{"t":"idOrVar","v":"n"}," انتخاب شو"],"zero":"0 انتخاب شو"},"$x":[{"t":"idOrVar","v":"plural"},"n"]},{"$i":"selected-messages","$v":{"few":[{"t":"idOrVar","v":"n"}," انتخاب شو"],"many":[{"t":"idOrVar","v":"n"}," انتخاب شو"],"one":[{"t":"idOrVar","v":"n"}," انتخاب شو"],"other":[{"t":"idOrVar","v":"n"}," انتخاب شو"],"two":[{"t":"idOrVar","v":"n"}," انتخاب شو"],"zero":"0 انتخاب شو"},"$x":[{"t":"idOrVar","v":"plural"},"n"]},{"$i":"selectThreads-label","$v":"تریډز انتخاب کړئ"},{"$i":"selectMessages-label","$v":"پیغامونه انتخاب کړئ"},{"$i":"new-message","$v":"نوی پیغام"},{"$i":"delete-thread","$v":"تهدید لرې کړئ"},{"$i":"create-new-contact","$v":"نوی اکاونټ جوړ کړئ"},{"$i":"add-to-contact","$v":"یو شته تماس ته زیات کړئ"},{"$i":"select-thread","$v":"تریډ انتخاب کړئ"},{"$i":"settings","$v":"تنظیمات"},{"$i":"select-all","$v":"ټول انتخاب کړئ"},{"$i":"deselect-all","$v":"ټول انتخاب نه کول"},{"$i":"select","$v":"انتخال کړئ"},{"$i":"sk-save-as-draft","$v":"د مسودې په ډول محفوظ کړئ"},{"$i":"next","$v":"راتلونکۍ"},{"$i":"send","$v":"ولیږئ"},{"$i":"add-contact","$v":"نمبر زیات کړئ"},{"$i":"add-suggestion","$v":"انتخال کړئ"},{"$i":"add-subject","$v":"موضوع زیاته کړظ"},{"$i":"remove-subject","$v":"موضوع لرې کړئ"},{"$i":"add-attachment","$v":"ضمیمه زیاته کړئ"},{"$i":"remove-attachment","$v":"ضمیمه لري کړئ"},{"$i":"replace-attachment","$v":"ضمیمه بدله کړئ"},{"$i":"select-messages","$v":"پیغامونه انتخاب کړئ"},{"$i":"call","$v":"کال"},{"$i":"forward","$v":"مخکې"},{"$i":"view-message-report","$v":"د پیغام تصفیل وښایاست"},{"$i":"cancel-view-report","$v":"کول"},{"$i":"ok","$v":"اوکی"},{"$i":"enter","$v":"داخل کړه"},{"$i":"open","$v":"خلاصول"},{"$i":"to","$v":"ته"},{"$i":"new","$v":"نوی"},{"$i":"message","$v":"پیغام"},{"$i":"messagesInput_placeholder","$v":"پیغام"},{"$i":"messagesSubjectInput_placeholder","$v":"موضوع"},{"$i":"subjectComposerInput_placeholder","$v":"موضوع"},{"$i":"converted-to-mms","$v":"ملټي میډیا پیِغام ته بدلول"},{"$i":"converted-to-sms","$v":"متنې پیغام ته بدلول"},{"$i":"messages-max-length-text","$v":"تاسو نهايي حد ته ورسیدئ."},{"$i":"messages-max-subject-length-text","$v":"د شیانو نهايي حد پوره شو."},{"$i":"multimedia-message-exceeded-max-length","$v":["دا پیغام د یو ملټی میډیا پیغام ‏",{"t":"idOrVar","v":"mmsSize"}," MB‏ حد څخه زیات دی."]},{"$i":"newMessage","$v":"نوی پیغام"},{"$i":"sendMessage","$v":"پیغام ولیږئ"},{"$i":"sendMMSToEmail","$v":"ملټې میډیا پيغام ولیږئ"},{"$i":"no-recipient","$v":"(ترلاسه کوونکې نشته)"},{"$i":"recipient","$v":{"few":[{"t":"idOrVar","v":"n"}," ترلاسه کوونکي"],"many":[{"t":"idOrVar","v":"n"}," ترلاسه کوونکي"],"one":[{"t":"idOrVar","v":"n"}," ترلاسه کوونکې"],"other":[{"t":"idOrVar","v":"n"}," ترلاسه کوونکي"],"two":[{"t":"idOrVar","v":"n"}," ترلاسه کوونکي"]},"$x":[{"t":"idOrVar","v":"plural"},"n"]},{"$i":"attachmentSizeB","$v":[{"t":"idOrVar","v":"n"}," B"]},{"$i":"attachmentSizeKB","$v":[{"t":"idOrVar","v":"n"}," KB"]},{"$i":"attachmentSizeMB","$v":[{"t":"idOrVar","v":"n"}," MB"]},{"$i":"attachmentOpenError","$v":"ددې ډول فایل د خلاصولو لپاره هیڅ آپلیکیشن شتون نلري."},{"$i":"remove","$v":"لرې کړئ"},{"$i":"participant","$v":{"few":[{"t":"idOrVar","v":"n"}," ګډونوالان"],"many":[{"t":"idOrVar","v":"n"}," ګډونوالان"],"one":[{"t":"idOrVar","v":"n"}," ګډونوال"],"other":[{"t":"idOrVar","v":"n"}," ګډونوالان"],"two":[{"t":"idOrVar","v":"n"}," ګډونوالان"]},"$x":[{"t":"idOrVar","v":"plural"},"n"]},{"$i":"message-report","$v":"د پیغام راپور"},{"$i":"message-type-sms","$v":"کتبي پیغام (SMS)"},{"$i":"message-type-mms","$v":"څو رسنیزه پیغام (MMS)"},{"$i":"sms-report-description","$v":["ستاسو متني پیغام (SMS) پر ",{"t":"idOrVar","v":"datetime"},"باندې و نه لیږل شو."]},{"$i":"mms-report-description","$v":["ستاسو دملټي میډیا پیغام (MMS)، موضوع ",{"t":"idOrVar","v":"subject"},"پر ",{"t":"idOrVar","v":"datetime"},"باندې واستول شوه."]},{"$i":"mms-no-subject-report-description","$v":["ستاسو دملټي میډیا پیغام (MMS)، موضوع پر ",{"t":"idOrVar","v":"datetime"},"باندې واستول شوه."]},{"$i":"message-subject","$v":"موضوع:"},{"$i":"report-status-error","$v":"پیغام و نه لیږل شو."},{"$i":"report-status-not-downloaded","$v":"راښکته شوی نه دی"},{"$i":"report-status-delivered","$v":"ولیږدول شو:"},{"$i":"report-status-read","$v":"ولولئ:"},{"$i":"report-status-pending","$v":"راپور وغوښتل شو"},{"$i":"report-status-rejected","$v":"پیغام رد شو"},{"$i":"message-size-was","$v":"د پیغام اندازه:"},{"$i":"report-to-title","$v":"ته"},{"$i":"report-from-title","$v":"له"},{"$i":"message-sent","$v":"ولیږل شو:"},{"$i":"message-sending","$v":[{"t":"idOrVar","v":"message-delivery-status-sending"}]},{"$i":"message-received","$v":"ترلاسه شو:"},{"$i":"message-via","$v":"له لارې:"},{"$i":"message-resend","$v":"بیا ولیږئ"},{"$i":"search","$v":"لټون"},{"$i":"unknown-contact-title","$v":"مامعلوم تماس"},{"$i":"phone-type-separator","$v":", "},{"$i":"phone-carrier-separator","$v":" "},{"$i":"thread-participant-separator","$v":", "},{"$i":"replace-draft","$v":"موجوده مسوده بدله کړئ"},{"$i":"save-as-draft","$v":"محفوظ کړئ"},{"$i":"discard-message","$v":"پریښودل"},{"$i":"discard-sms","$v":"ایا غواړئ پیغام ترک کړئ؟"},{"$i":"discard-new-message","$v":"هغه پیغام پریږدي چې تاسو يي لیکئ او نوی پیغام خلاص کړي؟"},{"$i":"resend-confirmation","$v":"پیغام ونه لیږل شو. ایا غواړئ بیا هڅه وکړئ؟"},{"$i":"resend-message","$v":"دا پیغام بیا ولیږئ"},{"$i":"deleteMessage-confirmation","$v":"انتخاب شوی پبغام لرې کړي؟"},{"$i":"deleteMessages-confirmation","$v":"انتخاب شوي مسجونه لری کړئ؟"},{"$i":"deleteThreads-confirmation2","$v":{"one":"د تهدید انتخاب شوی پیغام لرې کړي؟","other":"د تهدید انتخاب شوی پیغام لرې کړي؟"},"$x":[{"t":"idOrVar","v":"plural"},"n"]},{"$i":"new-message-notice-text","$v":"نوی پیغام له طرفه د"},{"$i":"new-message-notice-a-text","$v":"دا ولولئ"},{"$i":"noMessages-title","$v":"پیغامونه نشته"},{"$i":"noMessages-text","$v":"د اړیکو لپاره نوی کیکاږئ"},{"$i":"sendDefaultErrorTitle","$v":"ناکامي لیږل"},{"$i":"sendDefaultErrorBody","$v":"د پیغام په لیږلو کې ستونزه وه. مهربانې وکړئ بیا هڅه وکړئ."},{"$i":"sendDefaultErrorBtnOk","$v":"اوکی"},{"$i":"sendMissingSimCardTitle","$v":"ناکامي لیږل"},{"$i":"sendMissingSimCardBody","$v":"د جاري کولو لپاره یو باوري سیم کارډ داخل کړئ."},{"$i":"sendMissingSimCardBtnOk","$v":"اوکی"},{"$i":"sendFlightModeTitle","$v":"ناکامي لیږل"},{"$i":"sendFlightModeBody","$v":"د پیغام د لیږلو لپاره د هوايي چلند حالت غیر فعال کړئ."},{"$i":"sendFlightModeBtnOk","$v":"اوکی"},{"$i":"radioDisabledToDownloadTitle","$v":"د ناکامۍ کښته کول"},{"$i":"radioDisabledToDownloadBody","$v":"د ضمیمې د ډاونلوډ کولو لپاره د هوايي چلند حالت غیر فعال کړئ."},{"$i":"radioDisabledToDownloadBtnOk","$v":[{"t":"idOrVar","v":"sendFlightModeBtnOk"}]},{"$i":"downloadDefaultErrorTitle","$v":"د ناکامۍ کښته کول"},{"$i":"downloadDefaultErrorBody","$v":"د پيغام ډاونلوډ کې ستونځه وه. مهرباني وکړئ بیا هڅه وکړئ."},{"$i":"downloadDefaultErrorBtnOk","$v":[{"t":"idOrVar","v":"sendDefaultErrorBtnOk"}]},{"$i":"fdnErrorTitle","$v":"ناکامي لیږل"},{"$i":"needConnectWifiBody","$v":"د مبائیل د ډیټا نیټ ورک نشته. د پیغام استولو لپاره د Wi-Fi یوې شبکې سره وصل شئ."},{"$i":"needConnectWifiTitle","$v":"پیغم و نه لیږل شو"},{"$i":"mmsChanelUsedBody","$v":"هلته د ‏MMS‏ لیګل د یو غیر ‏DDS‏ فرعې څخه لیږل کیږي، تر پوره کیدو يي منتظر شئ."},{"$i":"mmsChanelUsedTitle","$v":"‏MMS چینل استعمال شو"},{"$i":"sms-counter-notice-label","$v":["SMS ",{"t":"idOrVar","v":"number"},"اصلاح کړئ"]},{"$i":"fdnErrorBody","$v":{"few":"‏FDN ( ثابتې‎ شمیرې‎) فعال‎ شوي‎. باوري‎ کړئ‎ چې‎ د SMSمرکز‎ او‎ لاندې‎ ترلاسه‎ کونکی‎ ستاسو‎ د FDN په‎ لست‎ کې‎ شته.","many":"‏FDN ( ثابتې‎ شمیرې‎) فعال‎ شوي‎. باوري‎ کړئ‎ چې‎ د SMSمرکز‎ او‎ لاندې‎ ترلاسه‎ کونکی‎ ستاسو‎ د FDN په‎ لست‎ کې‎ شته.","one":"‏FDN ( ثابتې‎ شمیرې‎) فعال‎ شوي‎. باوري‎ کړئ‎ چې‎ د SMSمرکز‎ او‎ لاندې‎ ترلاسه‎ کونکی‎ ستاسو‎ د FDN په‎ لست‎ کې‎ شته.","other":"‏FDN ( ثابتې‎ شمیرې‎) فعال‎ شوي‎. باوري‎ کړئ‎ چې‎ د SMSمرکز‎ او‎ لاندې‎ ترلاسه‎ کونکی‎ ستاسو‎ د FDN په‎ لست‎ کې‎ شته.","two":"‏FDN ( ثابتې‎ شمیرې‎) فعال‎ شوي‎. باوري‎ کړئ‎ چې‎ د SMSمرکز‎ او‎ لاندې‎ ترلاسه‎ کونکی‎ ستاسو‎ د FDN په‎ لست‎ کې‎ شته."},"$x":[{"t":"idOrVar","v":"plural"},"n"]},{"$i":"fdnErrorBtnOk","$v":"اوکی"},{"$i":"sendNoSignalErrorTitle","$v":"ناکامي لیږل"},{"$i":"sendNoSignalErrorBody","$v":"باوري کړئ چې د مبایل سګنل لرئ او بیا ځلي هڅه وکړئ."},{"$i":"sendNoSignalErrorBtnOk","$v":"اوکی"},{"$i":"sendNotFoundErrorTitle","$v":"ناکامي لیږل"},{"$i":"sendNotFoundErrorBody","$v":"د هغه پیغام په لټه چې تاسو یاست، نور شتون نلري."},{"$i":"sendNotFoundErrorBtnOk","$v":"اوکی"},{"$i":"sendInvalidAddressErrorTitle","$v":"ناکامي لیږل"},{"$i":"sendInvalidAddressErrorBody","$v":"باوري کړئ، د مبایل شمیره چې تاسو يي لیږئ سمه ده."},{"$i":"sendInvalidAddressErrorBtnOk","$v":"اوکی"},{"$i":"simNotMatchedErrorTitle","$v":"ډاونلوډ کولی نشي"},{"$i":"simNotMatchedErrorBody","$v":"مهرباني وکړئ، باوري کړئ چې داخل شوی سیم کارډ هغه دی چې دا پیغام ترلاسه کوي."},{"$i":"simNotMatchedErrorBtnOk","$v":"اوکی"},{"$i":"netWorkErrorTitle","$v":"د شبکې ناکامي"},{"$i":"netWorkErrorBody","$v":"شبکه ځينې ستونزې لري، لطفا یې لومړی چک کړئ."},{"$i":"netWorkErrorBtnOk","$v":"اوکی"},{"$i":"deleted-sms","$v":"دا پیغام د مخه لرې شوی."},{"$i":"view-attachment-image","$v":"ښکاره کړئ"},{"$i":"view-attachment-audio","$v":"واورئ"},{"$i":"view-attachment-video","$v":"ښکاره کړئ"},{"$i":"view-attachment-other","$v":"ښکاره کړئ"},{"$i":"remove-attachment-image","$v":"شکل لرې کړئ"},{"$i":"remove-attachment-audio","$v":"اډیو لرې کړئ"},{"$i":"remove-attachment-video","$v":"ویډیو لرې کړئ"},{"$i":"remove-attachment-other","$v":"ضمیمه لري کړئ"},{"$i":"replace-attachment-image","$v":"شکل بدل کړئ"},{"$i":"replace-attachment-audio","$v":"اډیو بدله کړئ"},{"$i":"replace-attachment-video","$v":"ویډیو بدله کړئ"},{"$i":"replace-attachment-other","$v":"ضمیمه بدله کړئ"},{"$i":"unsent-message-title","$v":"نالیږل شوی پیغام"},{"$i":"unsent-message-description","$v":"ستاسو مخکنی پیغام لیږل شوی نه وو. ایا غواړئ چې نالیږل شوی پیغام اصلاح کړې یا هغه ترک او ادامه ورکړئ؟"},{"$i":"unsent-message-option-edit","$v":"اصلاح کول"},{"$i":"unsent-message-option-discard","$v":"پریښودل"},{"$i":"message-options","$v":"د پیغام اپشنونه"},{"$i":"select-text","$v":"متن انتخاب کړئ"},{"$i":"mobile","$v":"مبائیل"},{"$i":"home","$v":"کور"},{"$i":"work","$v":"دنده"},{"$i":"personal","$v":"شخصي"},{"$i":"faxHome","$v":"د کور فکس"},{"$i":"faxOffice","$v":"د دفتر فکس"},{"$i":"faxOther","$v":"بل فکس"},{"$i":"another","$v":"بل"},{"$i":"other","$v":"بل"},{"$i":"today","$v":"نن"},{"$i":"yesterday","$v":"پرون"},{"$i":"incorrectDate","$v":"(غلطه نیټه)"},{"$i":"addToExistingContact","$v":"یو شته تماس ته زیات کړئ"},{"$i":"createNewContact","$v":"نوی اکاونټ جوړ کړئ"},{"$i":"viewContact","$v":"اړیکه وښایاست"},{"$i":"sendEmail","$v":"ایمیل ولیږئ"},{"$i":"mms-message","$v":"MMS پیغام"},{"$i":"notDownloaded-title","$v":"پیغام تر اوس نه دی راښکته شوی."},{"$i":"tobedownloaded-attachment","$v":["تاسو یو ملټي میډیا فایل ترلاسه کړی، ددې د محتویاتو د ترلاسه کولو لپاره د ",{"t":"idOrVar","v":"date"},". څخه د مخه ډاونلوډ زور کړئ."]},{"$i":"expired-attachment","$v":["په بخښنې، د پیغام وخت په ",{"t":"idOrVar","v":"date"}," سرته رسیدلی او ډاونلوډ کیدای نشي"]},{"$i":"download-attachment","$v":"ډاونلوډ"},{"$i":"downloading-attachment","$v":"ډاونلوډول …"},{"$i":"download-complete","$v":"ډاونلوډ پوره شو."},{"$i":"unnamed-attachment","$v":"بی نوم"},{"$i":"mms-label","$v":"MMS"},{"$i":"group-label","$v":"ګروپ"},{"$i":"attached-files-too-large","$v":{"few":["دا پیغامونه د ",{"t":"idOrVar","v":"mmsSize"}," د یو ملټی میډیا پیغام ‏MB‏ څخه له حد څخه زیات دی."],"many":["دا پیغامونه د ",{"t":"idOrVar","v":"mmsSize"}," د یو ملټی میډیا پیغام ‏MB‏ څخه له حد څخه زیات دی."],"one":["دا پیغام د یو ملټی میډیا پیغام ‏",{"t":"idOrVar","v":"mmsSize"}," MB‏ حد څخه زیات دی."],"other":["دا پیغامونه د ",{"t":"idOrVar","v":"mmsSize"}," د یو ملټی میډیا پیغام ‏MB‏ څخه له حد څخه زیات دی."],"two":["دا پیغامونه د ",{"t":"idOrVar","v":"mmsSize"}," د یو ملټی میډیا پیغام ‏MB‏ څخه له حد څخه زیات دی."],"zero":["دا پیغامونه د ",{"t":"idOrVar","v":"mmsSize"}," د یو ملټی میډیا پیغام ‏MB‏ څخه له حد څخه زیات دی."]},"$x":[{"t":"idOrVar","v":"plural"},"n"]},{"$i":"resize-image","$v":"د ضمیمه انځور بیا جوړونه"},{"$i":"no-attachment-text","$v":"ضمیمه فایل ستونزه لري او ډاونلوډ کیدای نشي."},{"$i":"message-draft-saved","$v":"چټلنویس پيغام ثبت شو"},{"$i":"sim-id-label","$v":["سیم ",{"t":"idOrVar","v":"id"}]},{"$i":"sim-detail","$v":["سیم",{"t":"idOrVar","v":"id"},", ",{"t":"idOrVar","v":"detailString"}]},{"$i":"dsds-notification-title-with-sim","$v":["(",{"t":"idOrVar","v":"sim"},") ",{"t":"idOrVar","v":"sender"}]},{"$i":"send-button","ariaLabel":"ولیږئ"},{"$i":"send-button-sim-indication","$v":[{"t":"idOrVar","v":"n"}],"ariaLabel":["سیم ",{"t":"idOrVar","v":"n"},"کارول"]},{"$i":"expiry-date-format","$v":"%A, %b %e"},{"$i":"attach-button","ariaLabel":"ضمیمه اضافه کړئ"},{"$i":"contact-photo","ariaLabel":"د تماس انځور"},{"$i":"unread-thread","ariaLabel":"نالوستل شوی"},{"$i":"has-draft","ariaLabel":"چټل نویس لري"},{"$i":"is-draft","ariaLabel":"چټل"},{"$i":"message-delivery-status-sending","$v":"لیږل…"},{"$i":"message-delivery-status-delivered","$v":"ولیږدول شو"},{"$i":"message-delivery-status-read","ariaLabel":"ولولئ"},{"$i":"message-delivery-status-error","ariaLabel":"خطا"},{"$i":"modal-dialog-ok-button","$v":"اوکی"},{"$i":"modal-dialog-cancel-button","$v":"کول"},{"$i":"modal-dialog-default-title","$v":"پیغامونه"},{"$i":"delete-message","$v":"پیغام لرې شو"},{"$i":"message-converted-to-toast","$v":["پیغام ",{"t":"idOrVar","v":"type"}," ته بدل شو"]},{"$i":"message-sent-toast","$v":"پیغام و نه لیږل شو"},{"$i":"deleteMessage-confirmation2","$v":"د تهدید انتخاب شوی پیغام لرې کړي؟"},{"$i":"deleted-message","$v":{"few":[{"t":"idOrVar","v":"n"}," پيغامونه لری شو"],"many":[{"t":"idOrVar","v":"n"}," پيغامونه لری شو"],"one":[{"t":"idOrVar","v":"n"}," پيغام لری شو"],"other":[{"t":"idOrVar","v":"n"}," پيغامونه لری شو"],"two":[{"t":"idOrVar","v":"n"}," پيغامونه لری شو"],"zero":"0 پیغام لری شو"},"$x":[{"t":"idOrVar","v":"plural"},"n"]},{"$i":"deleted-threads","$v":{"few":[{"t":"idOrVar","v":"n"}," پيغام موضوعات لری شو"],"many":[{"t":"idOrVar","v":"n"}," پيغام موضوعات لری شو"],"one":"کواښ لرې شو","other":[{"t":"idOrVar","v":"n"}," پيغام موضوعات لری شو"],"two":[{"t":"idOrVar","v":"n"}," پيغام موضوعات لری شو"],"zero":"0 موضوع لری شوه"},"$x":[{"t":"idOrVar","v":"plural"},"n"]},{"$i":"wapPushMessages","$v":"د WAP پوش پيغام"},{"$i":"auto-retrieve-messages","$v":"پيغامونه اتومات راولۍ"},{"$i":"auto-retrieve-messages-title","$v":"پيغامونه اتومات راولۍ"},{"$i":"auto-roaming-retrieve","$v":"رومینګ سره روښانه"},{"$i":"auto-no-roaming-retrieve","$v":"له رومینګ پرته روښانه دی"},{"$i":"mmsTitle","$v":"څو رسنیزه پیغام استول (MMS)"},{"$i":"message-delivery-reports","$v":"د ‎لیږد‎‏ راپورونه"},{"$i":"message-delivery-reports-title","$v":"د ‎لیږد‎ راپورونه"},{"$i":"messageReport-title","$v":"د پیغام تفصیل"},{"$i":"sms-label","$v":"ایس ایم ایس"},{"$i":"messaging-settings","$v":"د پیغام استولو تنظیمات"},{"$i":"messagingSettings-header","$v":[{"t":"idOrVar","v":"messaging-settings"}]},{"$i":"confirmation-title","$v":"تصدیق"},{"$i":"draft-save-content","$v":"د مسودې په ډول محفوظ کړي؟"},{"$i":"draft-discard-content","$v":"پیغام ترک شو"},{"$i":"switch-on","$v":"آن"},{"$i":"switch-off","$v":"خاموش"},{"$i":"auto-retrieve-desc","$v":"په اتومات ډول دوباره کولو پیغام"},{"$i":"confirm-dialog-ok","$v":"اوکی"},{"$i":"yes","$v":"هو"},{"$i":"no","$v":"نه"},{"$i":"delete-current-thread?","$v":"د تهدید انتخاب شوی پیغام لرې کړي؟"},{"$i":"attention","$v":"توجع"},{"$i":"delivery-title","$v":"ټیکسټ پیغام (SMS)"},{"$i":"send-failed","$v":"لیږل ناکام شو."},{"$i":"subject-removed","$v":"موضوع لرې شوه"},{"$i":"data-storage-limit-alert-title","$v":"فون ذخیره ډکه ده"},{"$i":"data-storage-limit-send-body","$v":"پیغامونه لرې کړئ یا د ځای پیدا کولو لپاره سیټنګونه ته لاړ شئ."},{"$i":"data-storage-limit-download-body","$v":"د MMS ډانلودلو توان نلري.د MMS لیږلو توان نلري.پیغامونه لرې کړئ یا د ځای پیدا کولو لپاره سیټنګونه ته لاړ شئ."},{"$i":"data-storage-limit-alert-cancel","$v":"لغوه کړئ"},{"$i":"data-storage-limit-alert-setting","$v":"تنظیمات"},{"$i":"recipient-repeat","$v":"مثنی تماس."},{"$i":"email","$v":"اي  میل"},{"$i":"options","$v":"غوراوي"},{"$i":"emergency-alert-title","$v":"ایمرجنسي خبرداري"},{"$i":"emergency-alert","$v":"ایمرجنسي خبرداري"},{"$i":"wappushNormal","$v":"‏Wap push"},{"$i":"wappushSIM1","$v":"‏WAP push - SIM 1"},{"$i":"wappushSIM2","$v":"‏WAP push - SIM 2"},{"$i":"not-assigned","$v":"نه دی سپارل شوی"},{"$i":"switchSIMDataSendAlertTitle","$v":"‏MMS لیږل فیل شو."},{"$i":"switchSIMDataSendAlertBody","$v":["د MMS د لېږلو لپاره تاسو ښايي سیم کارډ ډېټا سیم ته ",{"t":"idOrVar","v":"nonActiveSimId"}," د سیم ادارې په تنظیماتو کې بدل کړئ."]},{"$i":"switchSIMDataSendAlertDesc","$v":"د تنظیماتو د نوو کولو لپاره لطفا د تنظیماتو خپرونې ته ولاړ شئ."},{"$i":"switchSIMDataReceiveAlertTitle","$v":"‏MMS ترلاسه کول فیل شو."},{"$i":"switchSIMDataReceiveAlertBody","$v":["دد MMS د ترلاسه کولو لپاره تاسو ښايي سیم کارډ ډېټا سیم ته ",{"t":"idOrVar","v":"nonActiveSimId"}," د سیم ادارې په تنظیماتو کې بدل کړئ."]},{"$i":"switchSIMDataReceiveAlertDesc","$v":"د تنظیماتو د نوو کولو لپاره لطفا د تنظیماتو خپرونې ته ولاړ شئ."},{"$i":"group-message","$v":"ګروپ پیغام"},{"$i":"individual-message","$v":"انفرادي پیغام"},{"$i":"group-message-alert-title","$v":"ګروپ پيغام"},{"$i":"group-message-alert-body","$v":"یو ګروپ پیغام جوړ کړئ؟ (ګروپ پيغام د ‏MMS‏ له لاري استول کیږي او ‏SMS‏ به د خدماتي پلان مطابق اضافي لګښت ولري) "},{"$i":"group-message-individual","$v":"انفرادي پریدۍ"},{"$i":"group-message-setting","$v":"ګروپ جوړ کړئ"},{"$i":"new-message-individual","$v":"نوی پيغام (انفرادی)"},{"$i":"new-message-group","$v":"نوی پيغام (ګروپ)"},{"$i":"no-phone-number","$v":"نده ورکړل شوي"},{"$i":"device-phone-number","$v":"زما فون نمبر"},{"$i":"group-message-phone","$v":"ګروپ پيغام"},{"$i":"my-phone-number","$v":"زما فون نمبر"},{"$i":"delivery-notification","$v":"پیغام ولیږل شو"},{"$i":"wait","$v":"منتظر"},{"$i":"isTextTooLongAlert","$v":"د پیغام اوږدوالی له حد څخه ډېر شو."},{"$i":"video-call","$v":"ویډیویی زنګ"},{"$i":"normal-call","$v":"تماس"},{"$i":"attachment","$v":"ضمیمه"},{"$i":"limit-MMS-recipients","$v":"یواځې کولی شي په یوه MMS کې تر 20 پورې وصول کوونکي ولیږي."},{"$i":"block-contact","$v":"تماس بلاک کړئ"},{"$i":"blocked","$v":"بلاک"},{"$i":"unblocked","$v":"ړنګول"},{"$i":"rtt-call","$v":"RTT تماس"},{"$i":"remove-all-attachments","$v":"ټول ضميمې لری کړئ؟"},{"$i":"block-confirmation","$v":"تاسو به په بلاک لسټ کې خلکو څخه تماسونه، پیغامونه ترلاسه نکړئ."},{"$i":"space-low-not-save","$v":"ذخیره ډکه ده، د مسودې ساتلو توان نلري."},{"$i":"sms-encoding-mode","$v":"‏Sms کوډینګ"},{"$i":"sms-reduced-format","$v":"کم شوی فارمیټ"},{"$i":"sms-full-format","$v":"پوره فارمیټ"},{"$i":"smscNormal","$v":"د سرور مرکز"},{"$i":"smscSIM1","$v":"د SIM1 د سرور مرکز"},{"$i":"smscSIM2","$v":"د SIM2 د سرور مرکز"},{"$i":"withoutDataTitle","$v":"ناکامي"},{"$i":"withoutDataBody","$v":"د MMS لېږلو يا ډاونلوډ کولو لپاره په برابرونو کې ډيټا وصلونه فعال کړئ"},{"$i":"withoutDataBtnOk","$v":"اوکی"},{"$i":"withoutDataBtnSettings","$v":"تنظیمات"},{"$i":"weekday-0-long","$v":"یکشنبه"},{"$i":"weekday-1-long","$v":"دوشنبه"},{"$i":"weekday-2-long","$v":"سه شنبه"},{"$i":"weekday-3-long","$v":"چهارشنبه"},{"$i":"weekday-4-long","$v":"پنجشنبه"},{"$i":"weekday-5-long","$v":"جمعه"},{"$i":"weekday-6-long","$v":"شنبه"},{"$i":"weekday-0-short","$v":"لمر"},{"$i":"weekday-1-short","$v":"دو"},{"$i":"weekday-2-short","$v":"سه"},{"$i":"weekday-3-short","$v":"چهار"},{"$i":"weekday-4-short","$v":"پنج."},{"$i":"weekday-5-short","$v":"جمعه"},{"$i":"weekday-6-short","$v":"هفته"},{"$i":"month-0-long","$v":"جنوری"},{"$i":"month-1-long","$v":"فروری"},{"$i":"month-2-long","$v":"مارچ"},{"$i":"month-3-long","$v":"اپریل"},{"$i":"month-4-long","$v":"مئی"},{"$i":"month-5-long","$v":"جون"},{"$i":"month-6-long","$v":"جولائی"},{"$i":"month-7-long","$v":"اګست"},{"$i":"month-8-long","$v":"ستمبر"},{"$i":"month-9-long","$v":"اکتوبر"},{"$i":"month-10-long","$v":"نومبر"},{"$i":"month-11-long","$v":"دسمبر"},{"$i":"month-0-genitive","$v":"جنوری"},{"$i":"month-1-genitive","$v":"فروری"},{"$i":"month-2-genitive","$v":"مارچ"},{"$i":"month-3-genitive","$v":"اپریل"},{"$i":"month-4-genitive","$v":"مئی"},{"$i":"month-5-genitive","$v":"جون"},{"$i":"month-6-genitive","$v":"جولائی"},{"$i":"month-7-genitive","$v":"اګست"},{"$i":"month-8-genitive","$v":"ستمبر"},{"$i":"month-9-genitive","$v":"اکتوبر"},{"$i":"month-10-genitive","$v":"نومبر"},{"$i":"month-11-genitive","$v":"دسمبر"},{"$i":"month-0-short","$v":"جنوری"},{"$i":"month-1-short","$v":"فروری"},{"$i":"month-2-short","$v":"مارچ"},{"$i":"month-3-short","$v":"اپریل"},{"$i":"month-4-short","$v":"مئی"},{"$i":"month-5-short","$v":"جون"},{"$i":"month-6-short","$v":"جولائی"},{"$i":"month-7-short","$v":"اګست"},{"$i":"month-8-short","$v":"ستمبر"},{"$i":"month-9-short","$v":"اکتوبر"},{"$i":"month-10-short","$v":"نومبر"},{"$i":"month-11-short","$v":"دسمبر"},{"$i":"minutes-ago-long","$v":{"few":[{"t":"idOrVar","v":"value"}," دقی مخکې"],"many":[{"t":"idOrVar","v":"value"}," دقی مخکې"],"one":"یو دقیقه مخکې","other":[{"t":"idOrVar","v":"value"}," دقی مخکې"],"two":[{"t":"idOrVar","v":"value"}," دقی مخکې"],"zero":"همدا اوس"},"$x":[{"t":"idOrVar","v":"plural"},"value"]},{"$i":"hours-ago-long","$v":{"few":[{"t":"idOrVar","v":"value"}," ساعته مخکې"],"many":[{"t":"idOrVar","v":"value"}," ساعته مخکې"],"one":"یو ساعت مخکې","other":[{"t":"idOrVar","v":"value"}," ساعته مخکې"],"two":[{"t":"idOrVar","v":"value"}," ساعته مخکې"],"zero":"همدا اوس"},"$x":[{"t":"idOrVar","v":"plural"},"value"]},{"$i":"days-ago-long","$v":{"few":[{"t":"idOrVar","v":"value"}," ورځي مخکې"],"many":[{"t":"idOrVar","v":"value"}," ورځي مخکې"],"one":"پرون","other":[{"t":"idOrVar","v":"value"}," ورځي مخکې"],"two":[{"t":"idOrVar","v":"value"}," ورځي مخکې"],"zero":"نن"},"$x":[{"t":"idOrVar","v":"plural"},"value"]},{"$i":"weeks-ago-long","$v":{"few":[{"t":"idOrVar","v":"value"}," اوونئ مخکې"],"many":[{"t":"idOrVar","v":"value"}," اوونئ مخکې"],"one":"تیره اوونۍ","other":[{"t":"idOrVar","v":"value"}," اوونئ مخکې"],"two":[{"t":"idOrVar","v":"value"}," اوونئ مخکې"],"zero":"دا اونۍ"},"$x":[{"t":"idOrVar","v":"plural"},"value"]},{"$i":"months-ago-long","$v":{"few":[{"t":"idOrVar","v":"value"}," میاشتي مخکې"],"many":[{"t":"idOrVar","v":"value"}," میاشتي مخکې"],"one":"تیره میاشت","other":[{"t":"idOrVar","v":"value"}," میاشتي مخکې"],"two":[{"t":"idOrVar","v":"value"}," میاشتي مخکې"],"zero":"دا میاشت"},"$x":[{"t":"idOrVar","v":"plural"},"value"]},{"$i":"years-ago-long","$v":{"few":[{"t":"idOrVar","v":"value"}," کاله مخکې"],"many":[{"t":"idOrVar","v":"value"}," کاله مخکې"],"one":"تیر کال","other":[{"t":"idOrVar","v":"value"}," کاله مخکې"],"two":[{"t":"idOrVar","v":"value"}," کاله مخکې"],"zero":"دا کال"},"$x":[{"t":"idOrVar","v":"plural"},"value"]},{"$i":"minutes-until-long","$v":{"few":["په ",{"t":"idOrVar","v":"value"}," دقیقو"],"many":["په ",{"t":"idOrVar","v":"value"}," دقیقو"],"one":"په یوه دقیقه کې","other":["په ",{"t":"idOrVar","v":"value"}," دقیقو"],"two":["په ",{"t":"idOrVar","v":"value"}," دقیقو"],"zero":"اوس"},"$x":[{"t":"idOrVar","v":"plural"},"value"]},{"$i":"hours-until-long","$v":{"few":["په ",{"t":"idOrVar","v":"value"}," ساعتونو"],"many":["په ",{"t":"idOrVar","v":"value"}," ساعتونو"],"one":"په یو ساعت کې","other":["په ",{"t":"idOrVar","v":"value"}," ساعتونو"],"two":["په ",{"t":"idOrVar","v":"value"}," ساعتونو"],"zero":"اوس"},"$x":[{"t":"idOrVar","v":"plural"},"value"]},{"$i":"days-until-long","$v":{"few":["په ",{"t":"idOrVar","v":"value"}," ورځو"],"many":["په ",{"t":"idOrVar","v":"value"}," ورځو"],"one":"سبا","other":["په ",{"t":"idOrVar","v":"value"}," ورځو"],"two":["په ",{"t":"idOrVar","v":"value"}," ورځو"],"zero":"نن"},"$x":[{"t":"idOrVar","v":"plural"},"value"]},{"$i":"weeks-until-long","$v":{"few":["په ",{"t":"idOrVar","v":"value"}," اوونیو"],"many":["په ",{"t":"idOrVar","v":"value"}," اوونیو"],"one":"راتلونکې اوونۍ","other":["په ",{"t":"idOrVar","v":"value"}," اوونیو"],"two":["په ",{"t":"idOrVar","v":"value"}," اوونیو"],"zero":"دا اونۍ"},"$x":[{"t":"idOrVar","v":"plural"},"value"]},{"$i":"months-until-long","$v":{"few":["په ",{"t":"idOrVar","v":"value"}," میاشتو"],"many":["په ",{"t":"idOrVar","v":"value"}," میاشتو"],"one":"راتلونکې میاشت","other":["په ",{"t":"idOrVar","v":"value"}," میاشتو"],"two":["په ",{"t":"idOrVar","v":"value"}," میاشتو"],"zero":"دا میاشت"},"$x":[{"t":"idOrVar","v":"plural"},"value"]},{"$i":"years-until-long","$v":{"few":["په ",{"t":"idOrVar","v":"value"}," کلونو"],"many":["په ",{"t":"idOrVar","v":"value"}," کلونو"],"one":"راتلونکی کال","other":["په ",{"t":"idOrVar","v":"value"}," کلونو"],"two":["په ",{"t":"idOrVar","v":"value"}," کلونو"],"zero":"دا کال"},"$x":[{"t":"idOrVar","v":"plural"},"value"]},{"$i":"minutes-ago-short","$v":{"other":[{"t":"idOrVar","v":"value"},"دقه مخکې"],"zero":"همدا اوس"},"$x":[{"t":"idOrVar","v":"plural"},"value"]},{"$i":"hours-ago-short","$v":{"other":[{"t":"idOrVar","v":"value"},"ساعت مخکې"],"zero":"همدا اوس"},"$x":[{"t":"idOrVar","v":"plural"},"value"]},{"$i":"days-ago-short","$v":{"other":[{"t":"idOrVar","v":"value"},"ورځ مخکې"],"zero":"نن"},"$x":[{"t":"idOrVar","v":"plural"},"value"]},{"$i":"minutes-until-short","$v":{"other":["په ",{"t":"idOrVar","v":"value"}," دقیقو"],"zero":"اوس"},"$x":[{"t":"idOrVar","v":"plural"},"value"]},{"$i":"hours-until-short","$v":{"other":["په ",{"t":"idOrVar","v":"value"}," ساعتونو"],"zero":"اوس"},"$x":[{"t":"idOrVar","v":"plural"},"value"]},{"$i":"days-until-short","$v":{"other":["په ",{"t":"idOrVar","v":"value"}," ورځو"],"zero":"نن"},"$x":[{"t":"idOrVar","v":"plural"},"value"]},{"$i":"dateTimeFormat_%c","$v":"%a %b %e %Y %I:%M:%S %p"},{"$i":"dateTimeFormat_%x","$v":"%m/%d/%Y"},{"$i":"dateTimeFormat_%X","$v":"%I:%M:%S %p"},{"$i":"shortTimeFormat","$v":"%I:%M %p"},{"$i":"shortTimeFormat12","$v":"%I:%M %p"},{"$i":"shortTimeFormat24","$v":"%H:%M"},{"$i":"shortDateTimeFormat","$v":"%x %I:%M %p"},{"$i":"weekStartsOnMonday","$v":"0.0"},{"$i":"firstDayOfTheWeek","$v":"0.0"},{"$i":"time_am","$v":"سهار"},{"$i":"time_pm","$v":"ماښام"},{"$i":"softkey-options","$v":"غوراوي"},{"$i":"emergencyNumber","$v":"ایمرجنسي شمیره"},{"$i":"callAirplaneModeMessage","$v":"د ‎کال‎ کولو‎ لپاره‎ تاسو‎ په‎ تنظیماتو‎ کې‎ د‎ هوایی‎ چلند‎ غیر‎ فعالولو‎ ته‎ اړتیا‎ لرئ."},{"$i":"callAirplaneModeBtnOk","$v":"اوکی"},{"$i":"callAirplaneModeTitle","$v":"طیارې‎ حالت‎ فعال‎ شو"},{"$i":"numberIsBusyTitle","$v":"شمیره مصروفه ده"},{"$i":"numberIsBusyMessage","$v":"دا شمیره اوس مصروفه ده. مهرباني وکړئ وروسته کوښښ وکړئ."},{"$i":"fdnIsActiveTitle","$v":"‏FDN فعال"},{"$i":"fdnIsActiveMessage","$v":["‏FDN( ثابتې شمیرې) فعال شوي او لاندې شمیرې ستاسو د FDN په لست کې نشته: ",{"t":"idOrVar","v":"number"}]},{"$i":"emergencyDialogBodyBadNumber","$v":"د کال کولو لپاره، تلیفون باید د شبکې سره وصل شي."},{"$i":"emergencyDialogBodyDeviceNotAccepted","$v":"د شبکې لخوا د ایمرجنسي زنګ وهلو اجازه نه شته."},{"$i":"emergencyDialogBtnOk","$v":"اوکی"},{"$i":"emergencyDialogTitle","$v":"نیټ ورک اتصال نشته"},{"$i":"invalidNumberToDialTitle","$v":"د ټیلیفونه غلطه شمیره"},{"$i":"invalidNumberToDialMessage","$v":"د ټیلیفون شمیره چې تاسو ورته زنګ وهئ اعتبار نلري."},{"$i":"unableToCallTitle","$v":"اړیکه نه نیول کیږي. "},{"$i":"unableToCallMessage","$v":"اوس فون کال کولی نشي"},{"$i":"otherConnectionInUseTitle","$v":"بل کنیکشن مصروف دی"},{"$i":"otherConnectionInUseMessage","$v":"تاسو په بل کنکشن کې یو فعال کال لرئ. تاسو په یو وخت کې یواځې یو کنکشن کارولی شئ."},{"$i":"connectingEllipsis","$v":"وصلیدل"}]