[{"$i":"messages","$v":"Mesazh"},{"$i":"deleteMessages-title","$v":"Zgjidh"},{"$i":"selectThreads-title","$v":"Zgjidh"},{"$i":"edit","$v":"Modifiko"},{"$i":"back","$v":"Prapa"},{"$i":"cancel","$v":"Anulo"},{"$i":"delete","$v":"Fshi"},{"$i":"deleting-messages","$v":"Po fshihen…"},{"$i":"deselect","$v":"Çzgjidh"},{"$i":"selected-threads","$v":{"few":[{"t":"idOrVar","v":"n"}," zgjedhur"],"many":[{"t":"idOrVar","v":"n"}," zgjedhur"],"one":[{"t":"idOrVar","v":"n"}," zgjedhur"],"other":[{"t":"idOrVar","v":"n"}," zgjedhur"],"two":[{"t":"idOrVar","v":"n"}," zgjedhur"],"zero":"0 zgjedhur"},"$x":[{"t":"idOrVar","v":"plural"},"n"]},{"$i":"selected-messages","$v":{"few":[{"t":"idOrVar","v":"n"}," zgjedhur"],"many":[{"t":"idOrVar","v":"n"}," zgjedhur"],"one":[{"t":"idOrVar","v":"n"}," zgjedhur"],"other":[{"t":"idOrVar","v":"n"}," zgjedhur"],"two":[{"t":"idOrVar","v":"n"}," zgjedhur"],"zero":"0 zgjedhur"},"$x":[{"t":"idOrVar","v":"plural"},"n"]},{"$i":"selectThreads-label","$v":"Zgjidh bashkëbisedimet"},{"$i":"selectMessages-label","$v":"Zgjidh mesazhet"},{"$i":"new-message","$v":"Mesazh i ri"},{"$i":"delete-thread","$v":"Fshi bashkëbisedimin"},{"$i":"create-new-contact","$v":"Krijo kontakt të ri"},{"$i":"add-to-contact","$v":"Shto te një kontakt ekzistues"},{"$i":"select-thread","$v":"Zgjidh bashkëbisedimin"},{"$i":"settings","$v":"Cilësimet"},{"$i":"select-all","$v":"Zgjidhi të gjitha"},{"$i":"deselect-all","$v":"Çzgjidh të gjitha"},{"$i":"select","$v":"Zgjidh"},{"$i":"sk-save-as-draft","$v":"Ruaje si draft"},{"$i":"next","$v":"Vijues"},{"$i":"send","$v":"Dërgo"},{"$i":"add-contact","$v":"Shto kontakt"},{"$i":"add-suggestion","$v":"Zgjidh"},{"$i":"add-subject","$v":"Shto subjekt"},{"$i":"remove-subject","$v":"Hiq subjektin"},{"$i":"add-attachment","$v":"Shto bashkëngjitje"},{"$i":"remove-attachment","$v":"Hiq bashkëngjitjen"},{"$i":"replace-attachment","$v":"Zëvendëso bashkëngjitjen"},{"$i":"select-messages","$v":"Zgjidh mesazhet"},{"$i":"call","$v":"Telefonatë"},{"$i":"forward","$v":"Devijo"},{"$i":"view-message-report","$v":"Shfaq detajet e mesazhit"},{"$i":"cancel-view-report","$v":"Anulo"},{"$i":"ok","$v":"OK"},{"$i":"enter","$v":"Jep"},{"$i":"open","$v":"Hap"},{"$i":"to","$v":"Për"},{"$i":"new","$v":"Risi"},{"$i":"message","$v":"Mesazh"},{"$i":"messagesInput_placeholder","$v":"Mesazh"},{"$i":"messagesSubjectInput_placeholder","$v":"Subjekti"},{"$i":"subjectComposerInput_placeholder","$v":"Subjekti"},{"$i":"converted-to-mms","$v":"Po konvertohet në mesazh multimedia."},{"$i":"converted-to-sms","$v":"Po konvertohet në mesazh teksti."},{"$i":"messages-max-length-text","$v":"Ke arritur gjatësinë maksimale."},{"$i":"messages-max-subject-length-text","$v":"U arrit gjatësia maksimale e subjektit."},{"$i":"multimedia-message-exceeded-max-length","$v":["Ky mesazh e tejkalon kufirin prej ",{"t":"idOrVar","v":"mmsSize"}," MB të një mesazhi të vetëm multimedia."]},{"$i":"newMessage","$v":"Mesazh i ri"},{"$i":"sendMessage","$v":"Dërgo mesazh"},{"$i":"sendMMSToEmail","$v":"Dërgo mesazh multimedia"},{"$i":"no-recipient","$v":"(Asnjë marrës)"},{"$i":"recipient","$v":{"few":[{"t":"idOrVar","v":"n"}," marrës"],"many":[{"t":"idOrVar","v":"n"}," marrës"],"one":[{"t":"idOrVar","v":"n"}," marrës"],"other":[{"t":"idOrVar","v":"n"}," marrës"],"two":[{"t":"idOrVar","v":"n"}," marrës"]},"$x":[{"t":"idOrVar","v":"plural"},"n"]},{"$i":"attachmentSizeB","$v":[{"t":"idOrVar","v":"n"}," B"]},{"$i":"attachmentSizeKB","$v":[{"t":"idOrVar","v":"n"}," KB"]},{"$i":"attachmentSizeMB","$v":[{"t":"idOrVar","v":"n"}," MB"]},{"$i":"attachmentOpenError","$v":"Nuk ka aplikacion për hapjen e këtij lloji skedari."},{"$i":"remove","$v":"Hiq"},{"$i":"participant","$v":{"few":[{"t":"idOrVar","v":"n"}," pjesëmarrës"],"many":[{"t":"idOrVar","v":"n"}," pjesëmarrës"],"one":[{"t":"idOrVar","v":"n"}," pjesëmarrës"],"other":[{"t":"idOrVar","v":"n"}," pjesëmarrës"],"two":[{"t":"idOrVar","v":"n"}," pjesëmarrës"]},"$x":[{"t":"idOrVar","v":"plural"},"n"]},{"$i":"message-report","$v":"Raporti i mesazhit"},{"$i":"message-type-sms","$v":"Mesazh teksti (SMS)"},{"$i":"message-type-mms","$v":"Mesazhe multimedia (MMS)"},{"$i":"sms-report-description","$v":["Mesazhi yt me tekst (SMS), u dërgua më ",{"t":"idOrVar","v":"datetime"}]},{"$i":"mms-report-description","$v":["Mesazhi yt multimedia (MMS), me subjekt ",{"t":"idOrVar","v":"subject"},", u dërgua më ",{"t":"idOrVar","v":"datetime"}]},{"$i":"mms-no-subject-report-description","$v":["Mesazhi yt multimedia (MMS) u dërgua më ",{"t":"idOrVar","v":"datetime"}]},{"$i":"message-subject","$v":"Subjekti:"},{"$i":"report-status-error","$v":"Mesazhi nuk u dërgua dot"},{"$i":"report-status-not-downloaded","$v":"i pashkarkuar"},{"$i":"report-status-delivered","$v":"Dorëzuar:"},{"$i":"report-status-read","$v":"Lexo:"},{"$i":"report-status-pending","$v":"U kërkua raport"},{"$i":"report-status-rejected","$v":"Mesazhi u refuzua"},{"$i":"message-size-was","$v":"Përmasat e mesazhit:"},{"$i":"report-to-title","$v":"Për"},{"$i":"report-from-title","$v":"Nga"},{"$i":"message-sent","$v":"Dërguar:"},{"$i":"message-sending","$v":[{"t":"idOrVar","v":"message-delivery-status-sending"}]},{"$i":"message-received","$v":"Të marra:"},{"$i":"message-via","$v":"Nëpërmjet:"},{"$i":"message-resend","$v":"Ridërgo"},{"$i":"search","$v":"Kërko"},{"$i":"unknown-contact-title","$v":"Kontakt i panjohur"},{"$i":"phone-type-separator","$v":", "},{"$i":"phone-carrier-separator","$v":" "},{"$i":"thread-participant-separator","$v":", "},{"$i":"replace-draft","$v":"Zëvendëso draftin ekzistues"},{"$i":"save-as-draft","$v":"Ruaj"},{"$i":"discard-message","$v":"Skarto"},{"$i":"discard-sms","$v":"Je i sigurt për skartimin e këtij mesazhi?"},{"$i":"discard-new-message","$v":"Të skartohet mesazhi që po kompozon dhe të hapet një i ri?"},{"$i":"resend-confirmation","$v":"Mesazhi nuk u dërgua dot. Të provohet sërish?"},{"$i":"resend-message","$v":"Ridërgo mesazhin"},{"$i":"deleteMessage-confirmation","$v":"Të fshihet mesazhi i zgjedhur?"},{"$i":"deleteMessages-confirmation","$v":"Të fshihen mesazhet e zgjedhura?"},{"$i":"deleteThreads-confirmation2","$v":{"one":"Të fshihet bashkëbisedimi i zgjedhur?","other":"Të fshihen bashkëbisedimet e zgjedhura?"},"$x":[{"t":"idOrVar","v":"plural"},"n"]},{"$i":"new-message-notice-text","$v":"Mesazh i ri nga"},{"$i":"new-message-notice-a-text","$v":"Lexoje"},{"$i":"noMessages-title","$v":"Nuk ka mesazhe"},{"$i":"noMessages-text","$v":"Shtyp \"I ri\" për të fill. komuni."},{"$i":"sendDefaultErrorTitle","$v":"Dërgoni dështimin"},{"$i":"sendDefaultErrorBody","$v":"Ndodhi një problem me dërgimin e mesazhit. Provo sërish."},{"$i":"sendDefaultErrorBtnOk","$v":"OK"},{"$i":"sendMissingSimCardTitle","$v":"Dërgoni dështimin"},{"$i":"sendMissingSimCardBody","$v":"Fut një kartë të vlefshme SIM për të vazhduar."},{"$i":"sendMissingSimCardBtnOk","$v":"OK"},{"$i":"sendFlightModeTitle","$v":"Dërgoni dështimin"},{"$i":"sendFlightModeBody","$v":"Çaktiv. mod. e fluturimit për të dërguar mesa."},{"$i":"sendFlightModeBtnOk","$v":"OK"},{"$i":"radioDisabledToDownloadTitle","$v":"Shkarkoni Dështimin"},{"$i":"radioDisabledToDownloadBody","$v":"Çaktivizo modalitetin e fluturimit për të shkarkuar bashkëngjitje."},{"$i":"radioDisabledToDownloadBtnOk","$v":[{"t":"idOrVar","v":"sendFlightModeBtnOk"}]},{"$i":"downloadDefaultErrorTitle","$v":"Shkarkoni Dështimin"},{"$i":"downloadDefaultErrorBody","$v":"Kishte një problem të shkarkimit të mesazhit. Ju lutemi provoni përsëri."},{"$i":"downloadDefaultErrorBtnOk","$v":[{"t":"idOrVar","v":"sendDefaultErrorBtnOk"}]},{"$i":"fdnErrorTitle","$v":"Dërgoni dështimin"},{"$i":"needConnectWifiBody","$v":"Nuk ka rrjete të dhënash celulare. Lidhu me një rrjet të lirë Wi-Fi për shërbimin e mesazheve."},{"$i":"needConnectWifiTitle","$v":"Mesazhi nuk është dërguar"},{"$i":"mmsChanelUsedBody","$v":"Po dërgohet MMS nga \"non-DDS sub\", prit deri sa të përfundojë procesi i dërgimit."},{"$i":"mmsChanelUsedTitle","$v":"Kanali i përdorur MMS"},{"$i":"sms-counter-notice-label","$v":["Po modifikon SMS ",{"t":"idOrVar","v":"number"}]},{"$i":"fdnErrorBody","$v":{"few":"FDN (numra të caktuar telefoni) është aktive. Sigurohu që qendra e SMS dhe marrësit e mëposhtëm të jenë në listën FDN.","many":"FDN (numra të caktuar telefoni) është aktive. Sigurohu që qendra e SMS dhe marrësit e mëposhtëm të jenë në listën FDN.","one":"FDN (numra të caktuar telefoni) është aktive. Sigurohu që qendra e SMS dhe marrësi i mëposhtëm të jenë në listën FDN.","other":"FDN (numra të caktuar telefoni) është aktive. Sigurohu që qendra e SMS dhe marrësit e mëposhtëm të jenë në listën FDN.","two":"FDN (numra të caktuar telefoni) është aktive. Sigurohu që qendra e SMS dhe marrësit e mëposhtëm të jenë në listën FDN."},"$x":[{"t":"idOrVar","v":"plural"},"n"]},{"$i":"fdnErrorBtnOk","$v":"OK"},{"$i":"sendNoSignalErrorTitle","$v":"Dërgoni dështimin"},{"$i":"sendNoSignalErrorBody","$v":"Sigurohu që ka sinjal rrjeti celular dhe provo sërish."},{"$i":"sendNoSignalErrorBtnOk","$v":"OK"},{"$i":"sendNotFoundErrorTitle","$v":"Dërgoni dështimin"},{"$i":"sendNotFoundErrorBody","$v":"Mesazhi që po kërkon nuk disponohet më."},{"$i":"sendNotFoundErrorBtnOk","$v":"OK"},{"$i":"sendInvalidAddressErrorTitle","$v":"Dërgoni dështimin"},{"$i":"sendInvalidAddressErrorBody","$v":"Sigurohu që numri i celularit ku po dërgon është i saktë."},{"$i":"sendInvalidAddressErrorBtnOk","$v":"OK"},{"$i":"simNotMatchedErrorTitle","$v":"Nuk shkarkon dot"},{"$i":"simNotMatchedErrorBody","$v":"Sigurohu që karta e futur SIM të jetë ajo që përdoret për marrjen e këtij mesazhi."},{"$i":"simNotMatchedErrorBtnOk","$v":"OK"},{"$i":"netWorkErrorTitle","$v":"Defekt rrjeti"},{"$i":"netWorkErrorBody","$v":"Rrjeti ka disa probleme, kontrolloje në fillim."},{"$i":"netWorkErrorBtnOk","$v":"OK"},{"$i":"deleted-sms","$v":"Mesazhi është fshirë tashmë."},{"$i":"view-attachment-image","$v":"Shfaq"},{"$i":"view-attachment-audio","$v":"Dëgjo"},{"$i":"view-attachment-video","$v":"Shfaq"},{"$i":"view-attachment-other","$v":"Shfaq"},{"$i":"remove-attachment-image","$v":"Hiq figurën"},{"$i":"remove-attachment-audio","$v":"Hiq zërin"},{"$i":"remove-attachment-video","$v":"Hiq videon"},{"$i":"remove-attachment-other","$v":"Hiq bashkëngjitjen"},{"$i":"replace-attachment-image","$v":"Zëvendëso figurën"},{"$i":"replace-attachment-audio","$v":"Zëvendëso audion"},{"$i":"replace-attachment-video","$v":"Zëvendëso videon"},{"$i":"replace-attachment-other","$v":"Zëvend. bashkëngjitjen"},{"$i":"unsent-message-title","$v":"Mesazh i padërguar"},{"$i":"unsent-message-description","$v":"Mesazhi yt i mëparshëm nuk u dërgua. Dëshiron ta modifikosh mesazhin e padërguar apo do ta fshish e të vazhdosh?"},{"$i":"unsent-message-option-edit","$v":"Modifiko"},{"$i":"unsent-message-option-discard","$v":"Skarto"},{"$i":"message-options","$v":"Opsionet e mesazheve"},{"$i":"select-text","$v":"Zgjidh tekstin"},{"$i":"mobile","$v":"Celular"},{"$i":"home","$v":"Shtëpi"},{"$i":"work","$v":"Puna"},{"$i":"personal","$v":"Personal"},{"$i":"faxHome","$v":"Faksi i shtëpisë"},{"$i":"faxOffice","$v":"Faksi i zyrës"},{"$i":"faxOther","$v":"Faks tjetër"},{"$i":"another","$v":"Një tjetër"},{"$i":"other","$v":"Tjetër"},{"$i":"today","$v":"Sot"},{"$i":"yesterday","$v":"Dje"},{"$i":"incorrectDate","$v":"(datë e pasaktë)"},{"$i":"addToExistingContact","$v":"Shto në kontakt ekzistues"},{"$i":"createNewContact","$v":"Krijo kontakt të ri"},{"$i":"viewContact","$v":"Shfaq kontaktin"},{"$i":"sendEmail","$v":"Dërgo email"},{"$i":"mms-message","$v":"Mesazh MMS"},{"$i":"notDownloaded-title","$v":"Mesazhi nuk është shkarkuar ende."},{"$i":"tobedownloaded-attachment","$v":["Ke marrë një mesazh multimedia, shtyp \"Shkarko\" për t'i marrë përmbajtjen para datës ",{"t":"idOrVar","v":"date"},"."]},{"$i":"expired-attachment","$v":["Na vjen keq, mesazhi ka skaduar më ",{"t":"idOrVar","v":"date"}," dhe nuk mund të shkarkohet."]},{"$i":"download-attachment","$v":"Shkarko"},{"$i":"downloading-attachment","$v":"Po shkarkohet…"},{"$i":"download-complete","$v":"Shkarkimi u krye"},{"$i":"unnamed-attachment","$v":"pa titull"},{"$i":"mms-label","$v":"MMS"},{"$i":"group-label","$v":"GRUP"},{"$i":"attached-files-too-large","$v":{"few":["Këto mesazhe e tejkalojnë kufirin prej ",{"t":"idOrVar","v":"mmsSize"}," MB të një mesazhi të vetëm multimedia."],"many":["Këto mesazhe e tejkalojnë kufirin prej ",{"t":"idOrVar","v":"mmsSize"}," MB të një mesazhi të vetëm multimedia."],"one":["Ky mesazh e tejkalon kufirin prej ",{"t":"idOrVar","v":"mmsSize"}," MB të një mesazhi të vetëm multimedia."],"other":["Këto mesazhe e tejkalojnë kufirin prej ",{"t":"idOrVar","v":"mmsSize"}," MB të një mesazhi të vetëm multimedia."],"two":["Këto mesazhe e tejkalojnë kufirin prej ",{"t":"idOrVar","v":"mmsSize"}," MB të një mesazhi të vetëm multimedia."],"zero":["Këto mesazhe e tejkalojnë kufirin prej ",{"t":"idOrVar","v":"mmsSize"}," MB të një mesazhi të vetëm multimedia."]},"$x":[{"t":"idOrVar","v":"plural"},"n"]},{"$i":"resize-image","$v":"Po ripërmas. fig. e bashk."},{"$i":"no-attachment-text","$v":"Skedari i bashkëngjitur ka një problem dhe nuk shkarkohet dot."},{"$i":"message-draft-saved","$v":"Mesazhi u ruajt si draft"},{"$i":"sim-id-label","$v":["SIM ",{"t":"idOrVar","v":"id"}]},{"$i":"sim-detail","$v":["SIM ",{"t":"idOrVar","v":"id"},", ",{"t":"idOrVar","v":"detailString"}]},{"$i":"dsds-notification-title-with-sim","$v":["(",{"t":"idOrVar","v":"sim"},") ",{"t":"idOrVar","v":"sender"}]},{"$i":"send-button","ariaLabel":"Dërgo"},{"$i":"send-button-sim-indication","$v":[{"t":"idOrVar","v":"n"}],"ariaLabel":["po përdoret SIM ",{"t":"idOrVar","v":"n"}]},{"$i":"expiry-date-format","$v":"%A, %b %e"},{"$i":"attach-button","ariaLabel":"Shto bashkëngjitje"},{"$i":"contact-photo","ariaLabel":"Fotoja e kontaktit"},{"$i":"unread-thread","ariaLabel":"Paleaxuar"},{"$i":"has-draft","ariaLabel":"Ka draft"},{"$i":"is-draft","ariaLabel":"Draft"},{"$i":"message-delivery-status-sending","$v":"Po dërgohet…"},{"$i":"message-delivery-status-delivered","$v":"Dorëzuar"},{"$i":"message-delivery-status-read","ariaLabel":"Lexo"},{"$i":"message-delivery-status-error","ariaLabel":"Gabim"},{"$i":"modal-dialog-ok-button","$v":"OK"},{"$i":"modal-dialog-cancel-button","$v":"Anulo"},{"$i":"modal-dialog-default-title","$v":"Mesazhet"},{"$i":"delete-message","$v":"Mesazhi u fshi"},{"$i":"message-converted-to-toast","$v":["Mesazhi u konvertua në ",{"t":"idOrVar","v":"type"}]},{"$i":"message-sent-toast","$v":"Mesazhi u dërgua"},{"$i":"deleteMessage-confirmation2","$v":"Të fshihet bashkëbisedimi i zgjedhur?"},{"$i":"deleted-message","$v":{"few":[{"t":"idOrVar","v":"n"}," mesazhe u fshinë"],"many":[{"t":"idOrVar","v":"n"}," mesazhe u fshinë"],"one":[{"t":"idOrVar","v":"n"}," mesazh u fshi"],"other":[{"t":"idOrVar","v":"n"}," mesazhe u fshinë"],"two":[{"t":"idOrVar","v":"n"}," mesazhe u fshinë"],"zero":"0 mesazhe të fshira"},"$x":[{"t":"idOrVar","v":"plural"},"n"]},{"$i":"deleted-threads","$v":{"few":[{"t":"idOrVar","v":"n"}," mesazhkëmbime u fshinë"],"many":[{"t":"idOrVar","v":"n"}," mesazhkëmbime u fshinë"],"one":"Bashkëbis. u fshi","other":[{"t":"idOrVar","v":"n"}," mesazhkëmbime u fshinë"],"two":[{"t":"idOrVar","v":"n"}," mesazhkëmbime u fshinë"],"zero":"0 bashkëbisedime të fshira"},"$x":[{"t":"idOrVar","v":"plural"},"n"]},{"$i":"wapPushMessages","$v":"Mesazhet \"WAP Push"},{"$i":"auto-retrieve-messages","$v":"Gjetje automatike e mesazheve"},{"$i":"auto-retrieve-messages-title","$v":"Gjetje automatike e mesazheve"},{"$i":"auto-roaming-retrieve","$v":"Aktiv me roaming"},{"$i":"auto-no-roaming-retrieve","$v":"Aktiv pa roaming"},{"$i":"mmsTitle","$v":"Mesazhe multimedia (MMS)"},{"$i":"message-delivery-reports","$v":"Raporte dorëzimi"},{"$i":"message-delivery-reports-title","$v":"Raporte dorëzimi"},{"$i":"messageReport-title","$v":"Detajet e mesazhit"},{"$i":"sms-label","$v":"SMS"},{"$i":"messaging-settings","$v":"Cilësimet e mesazheve"},{"$i":"messagingSettings-header","$v":[{"t":"idOrVar","v":"messaging-settings"}]},{"$i":"confirmation-title","$v":"Konfirmimi"},{"$i":"draft-save-content","$v":"Të ruhet si draft?"},{"$i":"draft-discard-content","$v":"Mesazhi u skartua"},{"$i":"switch-on","$v":"Aktiv"},{"$i":"switch-off","$v":"Joaktiv"},{"$i":"auto-retrieve-desc","$v":"Gjeji automatikisht mesazhet"},{"$i":"confirm-dialog-ok","$v":"OK"},{"$i":"yes","$v":"Po"},{"$i":"no","$v":"Jo"},{"$i":"delete-current-thread?","$v":"Të fshihet bashkëbisedimi i zgjedhur?"},{"$i":"attention","$v":"Kujdes"},{"$i":"delivery-title","$v":"Mesazhet e tekstit (SMS)"},{"$i":"send-failed","$v":"Dërgimi pa sukses."},{"$i":"subject-removed","$v":"Subjekti u fshi."},{"$i":"data-storage-limit-alert-title","$v":"Memoria e telefonit plot."},{"$i":"data-storage-limit-send-body","$v":"E pamundur të dërgojë MMS. Fshij mesazhet ose shko te Cilësimet për të liruar hapësirë."},{"$i":"data-storage-limit-download-body","$v":"E pamundur të shkarkojë MMS. Fshij mesazhet ose shko te Cilësimet për të liruar hapësirë."},{"$i":"data-storage-limit-alert-cancel","$v":"Anulo"},{"$i":"data-storage-limit-alert-setting","$v":"Cilësimet"},{"$i":"recipient-repeat","$v":"Dubliko kontaktin."},{"$i":"email","$v":"EMAILI"},{"$i":"options","$v":"Opsionet"},{"$i":"emergency-alert-title","$v":"Sinjalizime emergjence"},{"$i":"emergency-alert","$v":"Sinjalizime emergjence"},{"$i":"wappushNormal","$v":"Wap Push"},{"$i":"wappushSIM1","$v":"WAP Push\" - SIM 1"},{"$i":"wappushSIM2","$v":"WAP Push\" - SIM 2"},{"$i":"not-assigned","$v":"Nuk është caktuar"},{"$i":"switchSIMDataSendAlertTitle","$v":"Dërgimi i MMS nuk u krye."},{"$i":"switchSIMDataSendAlertBody","$v":["Për të dërguar MMS, duhet të ndryshosh kartën SIM për të dhënat në SIM ",{"t":"idOrVar","v":"nonActiveSimId"}," te cilësimet e \"Menaxheri i SIM\". "]},{"$i":"switchSIMDataSendAlertDesc","$v":"Shko tek aplikacioni “Cilësimet” për të përditësuar cilësimet."},{"$i":"switchSIMDataReceiveAlertTitle","$v":"Marrja e MMS nuk u krye."},{"$i":"switchSIMDataReceiveAlertBody","$v":["Për të marrë MMS, duhet të ndryshosh kartën SIM për të dhënat në SIM ",{"t":"idOrVar","v":"nonActiveSimId"}," te cilësimet e \"Menaxheri i SIM\". "]},{"$i":"switchSIMDataReceiveAlertDesc","$v":"Shko tek aplikacioni “Cilësimet” për të përditësuar cilësimet. "},{"$i":"group-message","$v":"Mesazh në grup"},{"$i":"individual-message","$v":"Mesazh individual"},{"$i":"group-message-alert-title","$v":"Mesazh në grup"},{"$i":"group-message-alert-body","$v":"Të krijohet mesazh i ri në grup? (Mesazhi në grup do të dërgohet përmes MMS dhe SMS do të shkaktojë faturime shtesë nga operatori i mesazheve me valë në varësi të planit të shërbimit.)"},{"$i":"group-message-individual","$v":"Mbaje individual"},{"$i":"group-message-setting","$v":"Krijo grup"},{"$i":"new-message-individual","$v":"Mesazh i ri (Individual)"},{"$i":"new-message-group","$v":"Mesazh i ri (Në grup)"},{"$i":"no-phone-number","$v":"I pacaktuar"},{"$i":"device-phone-number","$v":"Numri im i telefonit"},{"$i":"group-message-phone","$v":"Mesazhe në grup"},{"$i":"my-phone-number","$v":"Numri im i telefonit"},{"$i":"delivery-notification","$v":"Mesazhi u dorëzua"},{"$i":"wait","$v":"në pritje"},{"$i":"isTextTooLongAlert","$v":"U tejkalua gjatësia maks. e mesazhit. "},{"$i":"video-call","$v":"Videotelefonatë"},{"$i":"normal-call","$v":"Thirrje"},{"$i":"attachment","$v":"Bashkëngjitje"},{"$i":"limit-MMS-recipients","$v":"Lejohen deri në 20 marrës për MMS. "},{"$i":"block-contact","$v":"Blloko kontaktin"},{"$i":"blocked","$v":"Blloko"},{"$i":"unblocked","$v":"zhbllokuar"},{"$i":"rtt-call","$v":"Thirrje RTT"},{"$i":"remove-all-attachments","$v":"Hiq gjithë bashkëngjitjet"},{"$i":"block-confirmation","$v":"Nuk do të marrësh thirrje dhe mesazhe nga kontaktet në listën e bllokimit."},{"$i":"space-low-not-save","$v":"Hap. ruaj. është plot, s’mund të ruajë draft."},{"$i":"sms-encoding-mode","$v":"Kodimi i SMS-ve"},{"$i":"sms-reduced-format","$v":"Format i reduktuar"},{"$i":"sms-full-format","$v":"Format i plotë"},{"$i":"smscNormal","$v":"Qendra e shërbimit"},{"$i":"smscSIM1","$v":"Qendra e shërbimit SIM1"},{"$i":"smscSIM2","$v":"Qendra e shërbimit SIM2"},{"$i":"withoutDataTitle","$v":"Nuk u krye"},{"$i":"withoutDataBody","$v":"Aktivizo \"Lidhja e të dhënave\" te \"Cilësimet\" për të dërguar apo shkarkuar MMS"},{"$i":"withoutDataBtnOk","$v":"OK"},{"$i":"withoutDataBtnSettings","$v":"Cilësimet"},{"$i":"weekday-0-long","$v":"E diel"},{"$i":"weekday-1-long","$v":"E hënë"},{"$i":"weekday-2-long","$v":"E martë"},{"$i":"weekday-3-long","$v":"E mërkurë"},{"$i":"weekday-4-long","$v":"E enjte"},{"$i":"weekday-5-long","$v":"E premte"},{"$i":"weekday-6-long","$v":"E shtunë"},{"$i":"weekday-0-short","$v":"Die"},{"$i":"weekday-1-short","$v":"Hën"},{"$i":"weekday-2-short","$v":"Mar"},{"$i":"weekday-3-short","$v":"Mër"},{"$i":"weekday-4-short","$v":"Enj"},{"$i":"weekday-5-short","$v":"Pre"},{"$i":"weekday-6-short","$v":"Sht"},{"$i":"month-0-long","$v":"Janar"},{"$i":"month-1-long","$v":"Shkurt"},{"$i":"month-2-long","$v":"Mars"},{"$i":"month-3-long","$v":"Prill"},{"$i":"month-4-long","$v":"Maj"},{"$i":"month-5-long","$v":"Qershor"},{"$i":"month-6-long","$v":"Korrik"},{"$i":"month-7-long","$v":"Gusht"},{"$i":"month-8-long","$v":"Shtator"},{"$i":"month-9-long","$v":"Tetor"},{"$i":"month-10-long","$v":"Nëntor"},{"$i":"month-11-long","$v":"Dhjetor"},{"$i":"month-0-genitive","$v":"Janar"},{"$i":"month-1-genitive","$v":"Shkurt"},{"$i":"month-2-genitive","$v":"Mars"},{"$i":"month-3-genitive","$v":"Prill"},{"$i":"month-4-genitive","$v":"Maj"},{"$i":"month-5-genitive","$v":"Qershor"},{"$i":"month-6-genitive","$v":"Korrik"},{"$i":"month-7-genitive","$v":"Gusht"},{"$i":"month-8-genitive","$v":"Shtator"},{"$i":"month-9-genitive","$v":"Tetor"},{"$i":"month-10-genitive","$v":"Nëntor"},{"$i":"month-11-genitive","$v":"Dhjetor"},{"$i":"month-0-short","$v":"Jan"},{"$i":"month-1-short","$v":"Shku"},{"$i":"month-2-short","$v":"Mar"},{"$i":"month-3-short","$v":"Pri"},{"$i":"month-4-short","$v":"Maj"},{"$i":"month-5-short","$v":"Qer"},{"$i":"month-6-short","$v":"Korr"},{"$i":"month-7-short","$v":"Gush"},{"$i":"month-8-short","$v":"Shta"},{"$i":"month-9-short","$v":"Tet"},{"$i":"month-10-short","$v":"Nën"},{"$i":"month-11-short","$v":"Dhj"},{"$i":"minutes-ago-long","$v":{"few":[{"t":"idOrVar","v":"value"}," minuta më parë"],"many":[{"t":"idOrVar","v":"value"}," minuta më parë"],"one":"një minutë më parë","other":[{"t":"idOrVar","v":"value"}," minuta më parë"],"two":[{"t":"idOrVar","v":"value"}," minuta më parë"],"zero":"sapo"},"$x":[{"t":"idOrVar","v":"plural"},"value"]},{"$i":"hours-ago-long","$v":{"few":[{"t":"idOrVar","v":"value"}," orë më parë"],"many":[{"t":"idOrVar","v":"value"}," orë më parë"],"one":"një orë më parë","other":[{"t":"idOrVar","v":"value"}," orë më parë"],"two":[{"t":"idOrVar","v":"value"}," orë më parë"],"zero":"sapo"},"$x":[{"t":"idOrVar","v":"plural"},"value"]},{"$i":"days-ago-long","$v":{"few":[{"t":"idOrVar","v":"value"}," ditë më parë"],"many":[{"t":"idOrVar","v":"value"}," ditë më parë"],"one":"dje","other":[{"t":"idOrVar","v":"value"}," ditë më parë"],"two":[{"t":"idOrVar","v":"value"}," ditë më parë"],"zero":"sot"},"$x":[{"t":"idOrVar","v":"plural"},"value"]},{"$i":"weeks-ago-long","$v":{"few":[{"t":"idOrVar","v":"value"}," javë më parë"],"many":[{"t":"idOrVar","v":"value"}," javë më parë"],"one":"javën e kaluar","other":[{"t":"idOrVar","v":"value"}," javë më parë"],"two":[{"t":"idOrVar","v":"value"}," javë më parë"],"zero":"këtë javë"},"$x":[{"t":"idOrVar","v":"plural"},"value"]},{"$i":"months-ago-long","$v":{"few":[{"t":"idOrVar","v":"value"}," muaj më parë"],"many":[{"t":"idOrVar","v":"value"}," muaj më parë"],"one":"muajin e kaluar","other":[{"t":"idOrVar","v":"value"}," muaj më parë"],"two":[{"t":"idOrVar","v":"value"}," muaj më parë"],"zero":"këtë muaj"},"$x":[{"t":"idOrVar","v":"plural"},"value"]},{"$i":"years-ago-long","$v":{"few":[{"t":"idOrVar","v":"value"}," vite më parë"],"many":[{"t":"idOrVar","v":"value"}," vite më parë"],"one":"vitin e kaluar","other":[{"t":"idOrVar","v":"value"}," vite më parë"],"two":[{"t":"idOrVar","v":"value"}," vite më parë"],"zero":"këtë vit"},"$x":[{"t":"idOrVar","v":"plural"},"value"]},{"$i":"minutes-until-long","$v":{"few":["për ",{"t":"idOrVar","v":"value"}," minuta"],"many":["për ",{"t":"idOrVar","v":"value"}," minuta"],"one":"për një minutë","other":["për ",{"t":"idOrVar","v":"value"}," minuta"],"two":["për ",{"t":"idOrVar","v":"value"}," minuta"],"zero":"tani"},"$x":[{"t":"idOrVar","v":"plural"},"value"]},{"$i":"hours-until-long","$v":{"few":["për ",{"t":"idOrVar","v":"value"}," orë"],"many":["për ",{"t":"idOrVar","v":"value"}," orë"],"one":"për një orë","other":["për ",{"t":"idOrVar","v":"value"}," orë"],"two":["për ",{"t":"idOrVar","v":"value"}," orë"],"zero":"tani"},"$x":[{"t":"idOrVar","v":"plural"},"value"]},{"$i":"days-until-long","$v":{"few":["për ",{"t":"idOrVar","v":"value"}," ditë"],"many":["për ",{"t":"idOrVar","v":"value"}," ditë"],"one":"nesër","other":["për ",{"t":"idOrVar","v":"value"}," ditë"],"two":["për ",{"t":"idOrVar","v":"value"}," ditë"],"zero":"sot"},"$x":[{"t":"idOrVar","v":"plural"},"value"]},{"$i":"weeks-until-long","$v":{"few":["për ",{"t":"idOrVar","v":"value"}," javë"],"many":["për ",{"t":"idOrVar","v":"value"}," javë"],"one":"javën tjetër","other":["për ",{"t":"idOrVar","v":"value"}," javë"],"two":["për ",{"t":"idOrVar","v":"value"}," javë"],"zero":"këtë javë"},"$x":[{"t":"idOrVar","v":"plural"},"value"]},{"$i":"months-until-long","$v":{"few":["për ",{"t":"idOrVar","v":"value"}," muaj"],"many":["për ",{"t":"idOrVar","v":"value"}," muaj"],"one":"muajin tjetër","other":["për ",{"t":"idOrVar","v":"value"}," muaj"],"two":["për ",{"t":"idOrVar","v":"value"}," muaj"],"zero":"këtë muaj"},"$x":[{"t":"idOrVar","v":"plural"},"value"]},{"$i":"years-until-long","$v":{"few":["për ",{"t":"idOrVar","v":"value"}," vjet"],"many":["për ",{"t":"idOrVar","v":"value"}," vjet"],"one":"vitin tjetër","other":["për ",{"t":"idOrVar","v":"value"}," vjet"],"two":["për ",{"t":"idOrVar","v":"value"}," vjet"],"zero":"këtë vit"},"$x":[{"t":"idOrVar","v":"plural"},"value"]},{"$i":"minutes-ago-short","$v":{"other":[{"t":"idOrVar","v":"value"}," min më parë"],"zero":"sapo"},"$x":[{"t":"idOrVar","v":"plural"},"value"]},{"$i":"hours-ago-short","$v":{"other":[{"t":"idOrVar","v":"value"}," orë më parë"],"zero":"sapo"},"$x":[{"t":"idOrVar","v":"plural"},"value"]},{"$i":"days-ago-short","$v":{"other":[{"t":"idOrVar","v":"value"}," ditë më parë"],"zero":"sot"},"$x":[{"t":"idOrVar","v":"plural"},"value"]},{"$i":"minutes-until-short","$v":{"other":["për ",{"t":"idOrVar","v":"value"}," min"],"zero":"tani"},"$x":[{"t":"idOrVar","v":"plural"},"value"]},{"$i":"hours-until-short","$v":{"other":["për ",{"t":"idOrVar","v":"value"}," orë"],"zero":"tani"},"$x":[{"t":"idOrVar","v":"plural"},"value"]},{"$i":"days-until-short","$v":{"other":["për ",{"t":"idOrVar","v":"value"}," ditë"],"zero":"sot"},"$x":[{"t":"idOrVar","v":"plural"},"value"]},{"$i":"dateTimeFormat_%c","$v":"%a %b %e %Y %I:%M:%S %p"},{"$i":"dateTimeFormat_%x","$v":"%m/%d/%Y"},{"$i":"dateTimeFormat_%X","$v":"%I:%M:%S %p"},{"$i":"shortTimeFormat","$v":"%I:%M %p"},{"$i":"shortTimeFormat12","$v":"%I:%M %p"},{"$i":"shortTimeFormat24","$v":"%H:%M"},{"$i":"shortDateTimeFormat","$v":"%x %I:%M %p"},{"$i":"weekStartsOnMonday","$v":"0.0"},{"$i":"firstDayOfTheWeek","$v":"1.0"},{"$i":"time_am","$v":"p.d."},{"$i":"time_pm","$v":"m.d."},{"$i":"softkey-options","$v":"Opsionet"},{"$i":"emergencyNumber","$v":"Numri i emergjencës"},{"$i":"callAirplaneModeMessage","$v":"Për të kryer telefonatë duhet të çaktivizosh modalitetin e fluturimit te cilësimet."},{"$i":"callAirplaneModeBtnOk","$v":"OK"},{"$i":"callAirplaneModeTitle","$v":"Modaliteti i fluturimit u aktivizua"},{"$i":"numberIsBusyTitle","$v":"Numri është i zënë"},{"$i":"numberIsBusyMessage","$v":"Numri është i zënë për momentin. Provo sërish më vonë."},{"$i":"fdnIsActiveTitle","$v":"FDN aktive"},{"$i":"fdnIsActiveMessage","$v":["FDN (numra të caktuar telefoni) është aktive dhe numri i mëposhtëm nuk është në listën FDN: ",{"t":"idOrVar","v":"number"}]},{"$i":"emergencyDialogBodyBadNumber","$v":"Për të kryer telefonatë, telefoni duhet të jetë i lidhur me një rrjet."},{"$i":"emergencyDialogBodyDeviceNotAccepted","$v":"Telefonatat e emergjencës nuk lejohen nga rrjeti."},{"$i":"emergencyDialogBtnOk","$v":"OK"},{"$i":"emergencyDialogTitle","$v":"Nuk ka lidhje rrjeti"},{"$i":"invalidNumberToDialTitle","$v":"Numër i pavlefshëm telefoni"},{"$i":"invalidNumberToDialMessage","$v":"Numri i telefonit që formove nuk është i vlefshëm."},{"$i":"unableToCallTitle","$v":"Nuk telefonon dot. "},{"$i":"unableToCallMessage","$v":"Nuk telefonon dot për momentin"},{"$i":"otherConnectionInUseTitle","$v":"Lidhje tjetër në përdorim"},{"$i":"otherConnectionInUseMessage","$v":"Ke një telefonatë aktive në lidhjen tjetër. Mund të përdorësh vetëm një lidhje për rast."},{"$i":"connectingEllipsis","$v":"Po lidhet..."}]