[{"$i":"messages","$v":"Meddelande"},{"$i":"deleteMessages-title","$v":"Välj"},{"$i":"selectThreads-title","$v":"Välj"},{"$i":"edit","$v":"Redigera"},{"$i":"back","$v":"Tillbaka"},{"$i":"cancel","$v":"Avbryt"},{"$i":"delete","$v":"Ta bort"},{"$i":"deleting-messages","$v":"Tar bort..."},{"$i":"deselect","$v":"Avmarkera"},{"$i":"selected-threads","$v":{"few":[{"t":"idOrVar","v":"n"}," valda"],"many":[{"t":"idOrVar","v":"n"}," valda"],"one":[{"t":"idOrVar","v":"n"}," vald"],"other":[{"t":"idOrVar","v":"n"}," valda"],"two":[{"t":"idOrVar","v":"n"}," valda"],"zero":"0 vald"},"$x":[{"t":"idOrVar","v":"plural"},"n"]},{"$i":"selected-messages","$v":{"few":[{"t":"idOrVar","v":"n"}," valda"],"many":[{"t":"idOrVar","v":"n"}," valda"],"one":[{"t":"idOrVar","v":"n"}," vald"],"other":[{"t":"idOrVar","v":"n"}," valda"],"two":[{"t":"idOrVar","v":"n"}," valda"],"zero":"0 vald"},"$x":[{"t":"idOrVar","v":"plural"},"n"]},{"$i":"selectThreads-label","$v":"Markera trådar"},{"$i":"selectMessages-label","$v":"Markera meddelanden"},{"$i":"new-message","$v":"Nytt meddelande"},{"$i":"delete-thread","$v":"Ta bort tråd"},{"$i":"create-new-contact","$v":"Skapa ny kontakt"},{"$i":"add-to-contact","$v":"Lägg till i en befintlig kontakt"},{"$i":"select-thread","$v":"Markera tråd"},{"$i":"settings","$v":"Inställningar"},{"$i":"select-all","$v":"Markera alla"},{"$i":"deselect-all","$v":"Avmarkera alla"},{"$i":"select","$v":"Välj"},{"$i":"sk-save-as-draft","$v":"Spara som utkast"},{"$i":"next","$v":"Nästa"},{"$i":"send","$v":"Skicka"},{"$i":"add-contact","$v":"Lägg till kontakt"},{"$i":"add-suggestion","$v":"Välj"},{"$i":"add-subject","$v":"Lägg till ämne"},{"$i":"remove-subject","$v":"Ta bort ämne"},{"$i":"add-attachment","$v":"Lägg till bilaga"},{"$i":"remove-attachment","$v":"Ta bort bilaga"},{"$i":"replace-attachment","$v":"Ersätt bilaga"},{"$i":"select-messages","$v":"Markera meddelanden"},{"$i":"call","$v":"Samtal"},{"$i":"forward","$v":"Vidarebefordra"},{"$i":"view-message-report","$v":"Visa meddelandeuppgifter"},{"$i":"cancel-view-report","$v":"Avbryt"},{"$i":"ok","$v":"OK"},{"$i":"enter","$v":"Ange"},{"$i":"open","$v":"Öppna"},{"$i":"to","$v":"Till"},{"$i":"new","$v":"Ny"},{"$i":"message","$v":"Meddelande"},{"$i":"messagesInput_placeholder","$v":"Meddelande"},{"$i":"messagesSubjectInput_placeholder","$v":"Ämne"},{"$i":"subjectComposerInput_placeholder","$v":"Ämne"},{"$i":"converted-to-mms","$v":"Konverterar till multimediameddelande."},{"$i":"converted-to-sms","$v":"Konverterar till textmeddelande."},{"$i":"messages-max-length-text","$v":"Du har nått maxlängden."},{"$i":"messages-max-subject-length-text","$v":"Ämnets maxlängd har uppnåtts."},{"$i":"multimedia-message-exceeded-max-length","$v":["Det här meddelandet överskrider storleksgränsen på ",{"t":"idOrVar","v":"mmsSize"}," MB för ett enskilt MMS."]},{"$i":"newMessage","$v":"Nytt meddelande"},{"$i":"sendMessage","$v":"Skicka meddelande"},{"$i":"sendMMSToEmail","$v":"Skicka multimediamed."},{"$i":"no-recipient","$v":"(Ingen mottagare)"},{"$i":"recipient","$v":{"few":[{"t":"idOrVar","v":"n"}," mottagare"],"many":[{"t":"idOrVar","v":"n"}," mottagare"],"one":[{"t":"idOrVar","v":"n"}," mottagare"],"other":[{"t":"idOrVar","v":"n"}," mottagare"],"two":[{"t":"idOrVar","v":"n"}," mottagare"]},"$x":[{"t":"idOrVar","v":"plural"},"n"]},{"$i":"attachmentSizeB","$v":[{"t":"idOrVar","v":"n"}," B"]},{"$i":"attachmentSizeKB","$v":[{"t":"idOrVar","v":"n"}," KB"]},{"$i":"attachmentSizeMB","$v":[{"t":"idOrVar","v":"n"}," MB"]},{"$i":"attachmentOpenError","$v":"Det finns inget tillgängligt program för att öppna den här filtypen."},{"$i":"remove","$v":"Ta bort"},{"$i":"participant","$v":{"few":[{"t":"idOrVar","v":"n"}," deltagare"],"many":[{"t":"idOrVar","v":"n"}," deltagare"],"one":[{"t":"idOrVar","v":"n"}," deltagare"],"other":[{"t":"idOrVar","v":"n"}," deltagare"],"two":[{"t":"idOrVar","v":"n"}," deltagare"]},"$x":[{"t":"idOrVar","v":"plural"},"n"]},{"$i":"message-report","$v":"Meddelanderapport"},{"$i":"message-type-sms","$v":"Textmeddelanden (SMS)"},{"$i":"message-type-mms","$v":"Multimediameddelanden (MMS)"},{"$i":"sms-report-description","$v":["Ditt textmeddelande (SMS) skickades ",{"t":"idOrVar","v":"datetime"}]},{"$i":"mms-report-description","$v":["Ditt multimediameddelande (MMS), med ämne ",{"t":"idOrVar","v":"subject"},", skickades ",{"t":"idOrVar","v":"datetime"}]},{"$i":"mms-no-subject-report-description","$v":["Ditt multimediameddelande (MMS) skickades ",{"t":"idOrVar","v":"datetime"}]},{"$i":"message-subject","$v":"Ämne:"},{"$i":"report-status-error","$v":"Det gick inte att skicka meddelande"},{"$i":"report-status-not-downloaded","$v":"inte nedladdad"},{"$i":"report-status-delivered","$v":"Levererad:"},{"$i":"report-status-read","$v":"Läs:"},{"$i":"report-status-pending","$v":"Rapport begärd"},{"$i":"report-status-rejected","$v":"Meddelandet hav avvisats"},{"$i":"message-size-was","$v":"Meddelandestorlek:"},{"$i":"report-to-title","$v":"För att"},{"$i":"report-from-title","$v":"Från"},{"$i":"message-sent","$v":"Skickat:"},{"$i":"message-sending","$v":[{"t":"idOrVar","v":"message-delivery-status-sending"}]},{"$i":"message-received","$v":"Mottaget"},{"$i":"message-via","$v":"Via:"},{"$i":"message-resend","$v":"Skicka igen"},{"$i":"search","$v":"Sök"},{"$i":"unknown-contact-title","$v":"Okänd kontakt"},{"$i":"phone-type-separator","$v":", "},{"$i":"phone-carrier-separator","$v":" "},{"$i":"thread-participant-separator","$v":", "},{"$i":"replace-draft","$v":"Ersätt befintligt utkast"},{"$i":"save-as-draft","$v":"Spara"},{"$i":"discard-message","$v":"Kasta bort"},{"$i":"discard-sms","$v":"Är du säker på att du vill kasta detta meddelande?"},{"$i":"discard-new-message","$v":"Ignorera meddelandet du skriver och öppna det nya meddelandet?"},{"$i":"resend-confirmation","$v":"Det gick inte att skicka meddelandet. Försök igen?"},{"$i":"resend-message","$v":"Skicka meddelandet igen"},{"$i":"deleteMessage-confirmation","$v":"Ta bort valt meddelande?"},{"$i":"deleteMessages-confirmation","$v":"Vill du ta bort markerade meddelanden?"},{"$i":"deleteThreads-confirmation2","$v":{"one":"Ta bort vald meddelandetråd?","other":"Ta bort valda meddelandetrådar?"},"$x":[{"t":"idOrVar","v":"plural"},"n"]},{"$i":"new-message-notice-text","$v":"Nytt meddelande från"},{"$i":"new-message-notice-a-text","$v":"Läs det"},{"$i":"noMessages-title","$v":"Inga meddelanden"},{"$i":"noMessages-text","$v":"Tryck på Nytt för att börja kommunicera."},{"$i":"sendDefaultErrorTitle","$v":"Skicka fel"},{"$i":"sendDefaultErrorBody","$v":"Det gick inte att skicka meddelandet. Försök igen."},{"$i":"sendDefaultErrorBtnOk","$v":"OK"},{"$i":"sendMissingSimCardTitle","$v":"Skicka fel"},{"$i":"sendMissingSimCardBody","$v":"Sätt i ett giltigt SIM-kort för att fortsätta."},{"$i":"sendMissingSimCardBtnOk","$v":"OK"},{"$i":"sendFlightModeTitle","$v":"Skicka fel"},{"$i":"sendFlightModeBody","$v":"Stäng av flygläge för att skicka medd."},{"$i":"sendFlightModeBtnOk","$v":"OK"},{"$i":"radioDisabledToDownloadTitle","$v":"Hämta fel"},{"$i":"radioDisabledToDownloadBody","$v":"Stäng av flygläge för att ladda ned bilagor."},{"$i":"radioDisabledToDownloadBtnOk","$v":[{"t":"idOrVar","v":"sendFlightModeBtnOk"}]},{"$i":"downloadDefaultErrorTitle","$v":"Hämta fel"},{"$i":"downloadDefaultErrorBody","$v":"Det gick inte att hämta meddelandet. Var god försök igen."},{"$i":"downloadDefaultErrorBtnOk","$v":[{"t":"idOrVar","v":"sendDefaultErrorBtnOk"}]},{"$i":"fdnErrorTitle","$v":"Skicka fel"},{"$i":"needConnectWifiBody","$v":"Inga tillgängliga mobildata. Anslut till ett tillgängligt Wi-Fi-nätverk för att skicka/ta emot meddelanden."},{"$i":"needConnectWifiTitle","$v":"Meddelandet har inte skickats"},{"$i":"mmsChanelUsedBody","$v":"MMS skickas med icke-DDS-leverantör, vänta tills sändningen är klar."},{"$i":"mmsChanelUsedTitle","$v":"Aktiv MMS-kanal"},{"$i":"sms-counter-notice-label","$v":["Redigerar SMS ",{"t":"idOrVar","v":"number"}]},{"$i":"fdnErrorBody","$v":{"few":"FDN (nummerbegränsningsnr) är aktivt. Se till att SMS-center och följande mottagare finns i FDN-listan.","many":"FDN (nummerbegränsningsnr) är aktivt. Se till att SMS-center och följande mottagare finns i FDN-listan.","one":"FDN (nummerbegränsningsnr) är aktivt. Se till att SMS-center och följande mottagare finns i FDN-listan.","other":"FDN (nummerbegränsningsnr) är aktivt. Se till att SMS-center och följande mottagare finns i FDN-listan.","two":"FDN (nummerbegränsningsnr) är aktivt. Se till att SMS-center och följande mottagare finns i FDN-listan."},"$x":[{"t":"idOrVar","v":"plural"},"n"]},{"$i":"fdnErrorBtnOk","$v":"OK"},{"$i":"sendNoSignalErrorTitle","$v":"Skicka fel"},{"$i":"sendNoSignalErrorBody","$v":"Se till att du har en mobilsignal och försök igen."},{"$i":"sendNoSignalErrorBtnOk","$v":"OK"},{"$i":"sendNotFoundErrorTitle","$v":"Skicka fel"},{"$i":"sendNotFoundErrorBody","$v":"Meddelandet du letar efter är inte längre tillgängligt."},{"$i":"sendNotFoundErrorBtnOk","$v":"OK"},{"$i":"sendInvalidAddressErrorTitle","$v":"Skicka fel"},{"$i":"sendInvalidAddressErrorBody","$v":"Se till att det mobilnummer du skickar till är giltigt."},{"$i":"sendInvalidAddressErrorBtnOk","$v":"OK"},{"$i":"simNotMatchedErrorTitle","$v":"Det går inte att ladda ned"},{"$i":"simNotMatchedErrorBody","$v":"Se till att det isatta SIM-kortet är det som användes för att ta emot detta meddelande."},{"$i":"simNotMatchedErrorBtnOk","$v":"OK"},{"$i":"netWorkErrorTitle","$v":"Nätverksfel"},{"$i":"netWorkErrorBody","$v":"Nätverket har problem. Kontrollera det först."},{"$i":"netWorkErrorBtnOk","$v":"OK"},{"$i":"deleted-sms","$v":"Detta medd. är redan borttaget."},{"$i":"view-attachment-image","$v":"Visa"},{"$i":"view-attachment-audio","$v":"Lyssna"},{"$i":"view-attachment-video","$v":"Visa"},{"$i":"view-attachment-other","$v":"Visa"},{"$i":"remove-attachment-image","$v":"Ta bort bild"},{"$i":"remove-attachment-audio","$v":"Ta bort ljud"},{"$i":"remove-attachment-video","$v":"Ta bort video"},{"$i":"remove-attachment-other","$v":"Ta bort bilaga"},{"$i":"replace-attachment-image","$v":"Ersätt bild"},{"$i":"replace-attachment-audio","$v":"Byt ut ljud"},{"$i":"replace-attachment-video","$v":"Ersätt video"},{"$i":"replace-attachment-other","$v":"Ersätt bilaga"},{"$i":"unsent-message-title","$v":"Ej skickat meddelande"},{"$i":"unsent-message-description","$v":"Ditt föregående meddelande har inte skickats. Vill du redigera det ej skickade meddelandet eller kasta det och fortsätta?"},{"$i":"unsent-message-option-edit","$v":"Redigera"},{"$i":"unsent-message-option-discard","$v":"Kasta bort"},{"$i":"message-options","$v":"Meddelandealternativ"},{"$i":"select-text","$v":"Välj text"},{"$i":"mobile","$v":"Mobil"},{"$i":"home","$v":"Hem"},{"$i":"work","$v":"Arbete"},{"$i":"personal","$v":"Privat"},{"$i":"faxHome","$v":"Fax hem"},{"$i":"faxOffice","$v":"Fax kontor"},{"$i":"faxOther","$v":"Fax annan"},{"$i":"another","$v":"En annan"},{"$i":"other","$v":"Annat"},{"$i":"today","$v":"Idag"},{"$i":"yesterday","$v":"Igår"},{"$i":"incorrectDate","$v":"(fel datum)"},{"$i":"addToExistingContact","$v":"Lägg till i befint. kontakt"},{"$i":"createNewContact","$v":"Skapa ny kontakt"},{"$i":"viewContact","$v":"Visa kontakt"},{"$i":"sendEmail","$v":"Skicka e-post"},{"$i":"mms-message","$v":"MMS-meddelande"},{"$i":"notDownloaded-title","$v":"Meddelandet har ännu inte laddats ned."},{"$i":"tobedownloaded-attachment","$v":["Du har fått ett multimediameddelande. Tryck på Ladda ned för att hämta innehållet senast ",{"t":"idOrVar","v":"date"},"."]},{"$i":"expired-attachment","$v":["Tyvärr, meddelandet förföll ",{"t":"idOrVar","v":"date"}," och kan inte laddas ned."]},{"$i":"download-attachment","$v":"Nedladdning"},{"$i":"downloading-attachment","$v":"Laddar ned…"},{"$i":"download-complete","$v":"Nedladdning är slutförd"},{"$i":"unnamed-attachment","$v":"utan namn"},{"$i":"mms-label","$v":"MMS"},{"$i":"group-label","$v":"GRUPP"},{"$i":"attached-files-too-large","$v":{"few":["De här meddelandena överskrider storleksgränsen på ",{"t":"idOrVar","v":"mmsSize"}," MB för ett enskilt MMS."],"many":["De här meddelandena överskrider storleksgränsen på ",{"t":"idOrVar","v":"mmsSize"}," MB för ett enskilt MMS."],"one":["Det här meddelandet överskrider storleksgränsen på ",{"t":"idOrVar","v":"mmsSize"}," MB för ett enskilt MMS."],"other":["De här meddelandena överskrider storleksgränsen på ",{"t":"idOrVar","v":"mmsSize"}," MB för ett enskilt MMS."],"two":["De här meddelandena överskrider storleksgränsen på ",{"t":"idOrVar","v":"mmsSize"}," MB för ett enskilt MMS."],"zero":["De här meddelandena överskrider storleksgränsen på ",{"t":"idOrVar","v":"mmsSize"}," MB för ett enskilt MMS."]},"$x":[{"t":"idOrVar","v":"plural"},"n"]},{"$i":"resize-image","$v":"Ändra storlek på bifogad bild"},{"$i":"no-attachment-text","$v":"Ett problem uppstod med den bifogade filen och den går inte att ladda ned."},{"$i":"message-draft-saved","$v":"Meddelande sparat som utkast"},{"$i":"sim-id-label","$v":["SIM ",{"t":"idOrVar","v":"id"}]},{"$i":"sim-detail","$v":["SIM ",{"t":"idOrVar","v":"id"},", ",{"t":"idOrVar","v":"detailString"}]},{"$i":"dsds-notification-title-with-sim","$v":["(",{"t":"idOrVar","v":"sim"},") ",{"t":"idOrVar","v":"sender"}]},{"$i":"send-button","ariaLabel":"Skicka"},{"$i":"send-button-sim-indication","$v":[{"t":"idOrVar","v":"n"}],"ariaLabel":["använder SIM ",{"t":"idOrVar","v":"n"}]},{"$i":"expiry-date-format","$v":"%A, %b %e"},{"$i":"attach-button","ariaLabel":"Lägg till bilaga"},{"$i":"contact-photo","ariaLabel":"Kontaktfoto"},{"$i":"unread-thread","ariaLabel":"Oläst"},{"$i":"has-draft","ariaLabel":"Har utkast"},{"$i":"is-draft","ariaLabel":"Utkast"},{"$i":"message-delivery-status-sending","$v":"Skickar…"},{"$i":"message-delivery-status-delivered","$v":"Levererad"},{"$i":"message-delivery-status-read","ariaLabel":"Läsa"},{"$i":"message-delivery-status-error","ariaLabel":"Fel"},{"$i":"modal-dialog-ok-button","$v":"OK"},{"$i":"modal-dialog-cancel-button","$v":"Avbryt"},{"$i":"modal-dialog-default-title","$v":"Meddelanden"},{"$i":"delete-message","$v":"Meddelandet har tagits bort"},{"$i":"message-converted-to-toast","$v":["Meddelandet har konverterats till ",{"t":"idOrVar","v":"type"}]},{"$i":"message-sent-toast","$v":"Meddelandet har skickats"},{"$i":"deleteMessage-confirmation2","$v":"Ta bort vald meddelandetråd?"},{"$i":"deleted-message","$v":{"few":[{"t":"idOrVar","v":"n"}," meddelanden har tagits bort"],"many":[{"t":"idOrVar","v":"n"}," meddelanden har tagits bort"],"one":[{"t":"idOrVar","v":"n"}," meddelande har tagits bort"],"other":[{"t":"idOrVar","v":"n"}," meddelanden har tagits bort"],"two":[{"t":"idOrVar","v":"n"}," meddelanden har tagits bort"],"zero":"0 meddelande borttaget"},"$x":[{"t":"idOrVar","v":"plural"},"n"]},{"$i":"deleted-threads","$v":{"few":[{"t":"idOrVar","v":"n"}," meddelandetrådar har tagits bort"],"many":[{"t":"idOrVar","v":"n"}," meddelandetrådar har tagits bort"],"one":"Tråd bortt.","other":[{"t":"idOrVar","v":"n"}," meddelandetrådar har tagits bort"],"two":[{"t":"idOrVar","v":"n"}," meddelandetrådar har tagits bort"],"zero":"0 tråd borttagen"},"$x":[{"t":"idOrVar","v":"plural"},"n"]},{"$i":"wapPushMessages","$v":"WAP-pushmeddelanden"},{"$i":"auto-retrieve-messages","$v":"Hämta meddelanden automatiskt"},{"$i":"auto-retrieve-messages-title","$v":"Hämta meddelanden automatiskt"},{"$i":"auto-roaming-retrieve","$v":"På med roaming"},{"$i":"auto-no-roaming-retrieve","$v":"På utan roaming"},{"$i":"mmsTitle","$v":"Multimediamed.tjänst (MMS)"},{"$i":"message-delivery-reports","$v":"Leveransrapporter"},{"$i":"message-delivery-reports-title","$v":"Leveransrapporter"},{"$i":"messageReport-title","$v":"Meddelandeuppgifter"},{"$i":"sms-label","$v":"SMS"},{"$i":"messaging-settings","$v":"Meddelandeinställningar"},{"$i":"messagingSettings-header","$v":[{"t":"idOrVar","v":"messaging-settings"}]},{"$i":"confirmation-title","$v":"Bekräftelse"},{"$i":"draft-save-content","$v":"Spara som utkast?"},{"$i":"draft-discard-content","$v":"Meddelandet har ignorerats"},{"$i":"switch-on","$v":"På"},{"$i":"switch-off","$v":"Av"},{"$i":"auto-retrieve-desc","$v":"Hämta meddelanden automatiskt"},{"$i":"confirm-dialog-ok","$v":"OK"},{"$i":"yes","$v":"Ja"},{"$i":"no","$v":"Nej"},{"$i":"delete-current-thread?","$v":"Ta bort vald meddelandetråd?"},{"$i":"attention","$v":"Obs!"},{"$i":"delivery-title","$v":"Textmeddelanden (SMS)"},{"$i":"send-failed","$v":"Det gick inte att skicka."},{"$i":"subject-removed","$v":"Ämne borttaget."},{"$i":"data-storage-limit-alert-title","$v":"Telefonens minne fullt."},{"$i":"data-storage-limit-send-body","$v":"Det går inte att skicka MMS. Ta bort meddelanden eller öppna Inställningar för att frigöra utrymme."},{"$i":"data-storage-limit-download-body","$v":"Det går inte att hämta MMS. Ta bort meddelanden eller öppna Inställningar för att frigöra utrymme."},{"$i":"data-storage-limit-alert-cancel","$v":"Avbryt"},{"$i":"data-storage-limit-alert-setting","$v":"Inställningar"},{"$i":"recipient-repeat","$v":"Duplicera kontakt."},{"$i":"email","$v":"E-POST"},{"$i":"options","$v":"Alternativ"},{"$i":"emergency-alert-title","$v":"Nödsituationsvarningar"},{"$i":"emergency-alert","$v":"Nödsituationsvarningar"},{"$i":"wappushNormal","$v":"Wap-push"},{"$i":"wappushSIM1","$v":"WAP-push – SIM 1"},{"$i":"wappushSIM2","$v":"WAP-push – SIM 2"},{"$i":"not-assigned","$v":"Inte tilldelad"},{"$i":"switchSIMDataSendAlertTitle","$v":"Det gick inte att skicka MMS."},{"$i":"switchSIMDataSendAlertBody","$v":["För att skicka MMS behöver du ändra SIM-kortet för data till SIM ",{"t":"idOrVar","v":"nonActiveSimId"}," i SIM-hanterarens inställningar."]},{"$i":"switchSIMDataSendAlertDesc","$v":"Gå till appen Inställningar för att uppdatera inställningarna."},{"$i":"switchSIMDataReceiveAlertTitle","$v":"Det gick inte att ta emot MMS."},{"$i":"switchSIMDataReceiveAlertBody","$v":["För att ta emot MMS behöver du ändra SIM-kortet för data till SIM ",{"t":"idOrVar","v":"nonActiveSimId"}," i SIM-hanterarens inställningar."]},{"$i":"switchSIMDataReceiveAlertDesc","$v":"Gå till appen Inställningar för att uppdatera inställningarna."},{"$i":"group-message","$v":"Gruppmeddelande"},{"$i":"individual-message","$v":"Enskilt meddelande"},{"$i":"group-message-alert-title","$v":"Gruppmeddelande"},{"$i":"group-message-alert-body","$v":"Skapa ett gruppmeddelande? (Gruppmeddelanden via MMS och SMS kan medföra extra avgifter från operatören för trådlösa meddelanden beroende på tjänsteplan.)"},{"$i":"group-message-individual","$v":"Behåll enskilt"},{"$i":"group-message-setting","$v":"Skapa grupp"},{"$i":"new-message-individual","$v":"Nytt meddelande (Enskilt)"},{"$i":"new-message-group","$v":"Nytt meddelande (Grupp)"},{"$i":"no-phone-number","$v":"Inte tilldelad"},{"$i":"device-phone-number","$v":"Mitt telefonnummer"},{"$i":"group-message-phone","$v":"Gruppmeddelanden"},{"$i":"my-phone-number","$v":"Mitt telefonnummer"},{"$i":"delivery-notification","$v":"Meddelanden levererat"},{"$i":"wait","$v":"väntar"},{"$i":"isTextTooLongAlert","$v":"Maxlängden för meddelanden har överskridits."},{"$i":"video-call","$v":"Videosamtal"},{"$i":"normal-call","$v":"Ringa"},{"$i":"attachment","$v":"Bilaga"},{"$i":"limit-MMS-recipients","$v":"Du kan endast skicka till upp till 20 mottagare per MMS."},{"$i":"block-contact","$v":"Blockera kontakt"},{"$i":"blocked","$v":"Blockera"},{"$i":"unblocked","$v":"avblockera"},{"$i":"rtt-call","$v":"RTT-samtal"},{"$i":"remove-all-attachments","$v":"Ta bort alla bilagor"},{"$i":"block-confirmation","$v":"Du får inga samtal eller meddelanden från personer på blockeringslistan."},{"$i":"space-low-not-save","$v":"Lagringsutrymmet är fullt, utkastet kan inte sparas."},{"$i":"sms-encoding-mode","$v":"Sms-kodning"},{"$i":"sms-reduced-format","$v":"Reducerat format"},{"$i":"sms-full-format","$v":"Fullständigt format"},{"$i":"smscNormal","$v":"Tjänstcentral"},{"$i":"smscSIM1","$v":"Tjänstcentral SIM1"},{"$i":"smscSIM2","$v":"Tjänstcentral SIM2"},{"$i":"withoutDataTitle","$v":"Fel"},{"$i":"withoutDataBody","$v":"Aktivera Data-anslutning i Inställningar för att skicka eller ladda ner MMS."},{"$i":"withoutDataBtnOk","$v":"OK"},{"$i":"withoutDataBtnSettings","$v":"Inställningar"},{"$i":"weekday-0-long","$v":"Söndag"},{"$i":"weekday-1-long","$v":"Måndag"},{"$i":"weekday-2-long","$v":"Tisdag"},{"$i":"weekday-3-long","$v":"Onsdag"},{"$i":"weekday-4-long","$v":"Torsdag"},{"$i":"weekday-5-long","$v":"Fredag"},{"$i":"weekday-6-long","$v":"Lördag"},{"$i":"weekday-0-short","$v":"Sön"},{"$i":"weekday-1-short","$v":"Mån"},{"$i":"weekday-2-short","$v":"Tis"},{"$i":"weekday-3-short","$v":"Ons"},{"$i":"weekday-4-short","$v":"Tor"},{"$i":"weekday-5-short","$v":"Fre"},{"$i":"weekday-6-short","$v":"Lör"},{"$i":"month-0-long","$v":"Januari"},{"$i":"month-1-long","$v":"Februari"},{"$i":"month-2-long","$v":"Mars"},{"$i":"month-3-long","$v":"April"},{"$i":"month-4-long","$v":"Maj"},{"$i":"month-5-long","$v":"Juni"},{"$i":"month-6-long","$v":"Juli"},{"$i":"month-7-long","$v":"Augusti"},{"$i":"month-8-long","$v":"September"},{"$i":"month-9-long","$v":"Oktober"},{"$i":"month-10-long","$v":"November"},{"$i":"month-11-long","$v":"December"},{"$i":"month-0-genitive","$v":"Januari"},{"$i":"month-1-genitive","$v":"Februari"},{"$i":"month-2-genitive","$v":"Mars"},{"$i":"month-3-genitive","$v":"April"},{"$i":"month-4-genitive","$v":"Maj"},{"$i":"month-5-genitive","$v":"Juni"},{"$i":"month-6-genitive","$v":"Juli"},{"$i":"month-7-genitive","$v":"Augusti"},{"$i":"month-8-genitive","$v":"September"},{"$i":"month-9-genitive","$v":"Oktober"},{"$i":"month-10-genitive","$v":"November"},{"$i":"month-11-genitive","$v":"December"},{"$i":"month-0-short","$v":"Jan"},{"$i":"month-1-short","$v":"Feb"},{"$i":"month-2-short","$v":"Mar"},{"$i":"month-3-short","$v":"Apr"},{"$i":"month-4-short","$v":"Maj"},{"$i":"month-5-short","$v":"Jun"},{"$i":"month-6-short","$v":"Jul"},{"$i":"month-7-short","$v":"Aug"},{"$i":"month-8-short","$v":"Sep"},{"$i":"month-9-short","$v":"Okt"},{"$i":"month-10-short","$v":"Nov"},{"$i":"month-11-short","$v":"Dec"},{"$i":"minutes-ago-long","$v":{"few":[{"t":"idOrVar","v":"value"}," minuter sedan"],"many":[{"t":"idOrVar","v":"value"}," minuter sedan"],"one":"en minut sedan","other":[{"t":"idOrVar","v":"value"}," minuter sedan"],"two":[{"t":"idOrVar","v":"value"}," minuter sedan"],"zero":"just nu"},"$x":[{"t":"idOrVar","v":"plural"},"value"]},{"$i":"hours-ago-long","$v":{"few":[{"t":"idOrVar","v":"value"}," timmar sedan"],"many":[{"t":"idOrVar","v":"value"}," timmar sedan"],"one":"en timme sedan","other":[{"t":"idOrVar","v":"value"}," timmar sedan"],"two":[{"t":"idOrVar","v":"value"}," timmar sedan"],"zero":"just nu"},"$x":[{"t":"idOrVar","v":"plural"},"value"]},{"$i":"days-ago-long","$v":{"few":[{"t":"idOrVar","v":"value"}," dagar sedan"],"many":[{"t":"idOrVar","v":"value"}," dagar sedan"],"one":"igår","other":[{"t":"idOrVar","v":"value"}," dagar sedan"],"two":[{"t":"idOrVar","v":"value"}," dagar sedan"],"zero":"idag"},"$x":[{"t":"idOrVar","v":"plural"},"value"]},{"$i":"weeks-ago-long","$v":{"few":[{"t":"idOrVar","v":"value"}," veckor sedan"],"many":[{"t":"idOrVar","v":"value"}," veckor sedan"],"one":"förra veckan","other":[{"t":"idOrVar","v":"value"}," veckor sedan"],"two":[{"t":"idOrVar","v":"value"}," veckor sedan"],"zero":"den här veckan"},"$x":[{"t":"idOrVar","v":"plural"},"value"]},{"$i":"months-ago-long","$v":{"few":[{"t":"idOrVar","v":"value"}," månader sedan"],"many":[{"t":"idOrVar","v":"value"}," månader sedan"],"one":"förra månaden","other":[{"t":"idOrVar","v":"value"}," månader sedan"],"two":[{"t":"idOrVar","v":"value"}," månader sedan"],"zero":"den här månaden"},"$x":[{"t":"idOrVar","v":"plural"},"value"]},{"$i":"years-ago-long","$v":{"few":[{"t":"idOrVar","v":"value"}," år sedan"],"many":[{"t":"idOrVar","v":"value"}," år sedan"],"one":"förra året","other":[{"t":"idOrVar","v":"value"}," år sedan"],"two":[{"t":"idOrVar","v":"value"}," år sedan"],"zero":"det här året"},"$x":[{"t":"idOrVar","v":"plural"},"value"]},{"$i":"minutes-until-long","$v":{"few":["om ",{"t":"idOrVar","v":"value"}," minuter"],"many":["om ",{"t":"idOrVar","v":"value"}," minuter"],"one":"om en minut","other":["om ",{"t":"idOrVar","v":"value"}," minuter"],"two":["om ",{"t":"idOrVar","v":"value"}," minuter"],"zero":"nu"},"$x":[{"t":"idOrVar","v":"plural"},"value"]},{"$i":"hours-until-long","$v":{"few":["om ",{"t":"idOrVar","v":"value"}," timmar"],"many":["om ",{"t":"idOrVar","v":"value"}," timmar"],"one":"om en timme","other":["om ",{"t":"idOrVar","v":"value"}," timmar"],"two":["om ",{"t":"idOrVar","v":"value"}," timmar"],"zero":"nu"},"$x":[{"t":"idOrVar","v":"plural"},"value"]},{"$i":"days-until-long","$v":{"few":["om ",{"t":"idOrVar","v":"value"}," dagar"],"many":["om ",{"t":"idOrVar","v":"value"}," dagar"],"one":"imorgon","other":["om ",{"t":"idOrVar","v":"value"}," dagar"],"two":["om ",{"t":"idOrVar","v":"value"}," dagar"],"zero":"idag"},"$x":[{"t":"idOrVar","v":"plural"},"value"]},{"$i":"weeks-until-long","$v":{"few":["om ",{"t":"idOrVar","v":"value"}," veckor"],"many":["om ",{"t":"idOrVar","v":"value"}," veckor"],"one":"nästa vecka","other":["om ",{"t":"idOrVar","v":"value"}," veckor"],"two":["om ",{"t":"idOrVar","v":"value"}," veckor"],"zero":"den här veckan"},"$x":[{"t":"idOrVar","v":"plural"},"value"]},{"$i":"months-until-long","$v":{"few":["om ",{"t":"idOrVar","v":"value"}," månader"],"many":["om ",{"t":"idOrVar","v":"value"}," månader"],"one":"nästa månad","other":["om ",{"t":"idOrVar","v":"value"}," månader"],"two":["om ",{"t":"idOrVar","v":"value"}," månader"],"zero":"den här månaden"},"$x":[{"t":"idOrVar","v":"plural"},"value"]},{"$i":"years-until-long","$v":{"few":["om ",{"t":"idOrVar","v":"value"}," år"],"many":["om ",{"t":"idOrVar","v":"value"}," år"],"one":"nästa år","other":["om ",{"t":"idOrVar","v":"value"}," år"],"two":["om ",{"t":"idOrVar","v":"value"}," år"],"zero":"det här året"},"$x":[{"t":"idOrVar","v":"plural"},"value"]},{"$i":"minutes-ago-short","$v":{"other":[{"t":"idOrVar","v":"value"}," m sedan"],"zero":"just nu"},"$x":[{"t":"idOrVar","v":"plural"},"value"]},{"$i":"hours-ago-short","$v":{"other":[{"t":"idOrVar","v":"value"}," tim. sedan"],"zero":"just nu"},"$x":[{"t":"idOrVar","v":"plural"},"value"]},{"$i":"days-ago-short","$v":{"other":[{"t":"idOrVar","v":"value"}," d sedan"],"zero":"idag"},"$x":[{"t":"idOrVar","v":"plural"},"value"]},{"$i":"minutes-until-short","$v":{"other":["om ",{"t":"idOrVar","v":"value"}," min."],"zero":"nu"},"$x":[{"t":"idOrVar","v":"plural"},"value"]},{"$i":"hours-until-short","$v":{"other":["om ",{"t":"idOrVar","v":"value"}," tim."],"zero":"nu"},"$x":[{"t":"idOrVar","v":"plural"},"value"]},{"$i":"days-until-short","$v":{"other":["om ",{"t":"idOrVar","v":"value"}," dag"],"zero":"idag"},"$x":[{"t":"idOrVar","v":"plural"},"value"]},{"$i":"dateTimeFormat_%c","$v":"%a %b %e %Y %I:%M:%S %p"},{"$i":"dateTimeFormat_%x","$v":"%m/%d/%Y"},{"$i":"dateTimeFormat_%X","$v":"%I:%M:%S %p"},{"$i":"shortTimeFormat","$v":"%I:%M %p"},{"$i":"shortTimeFormat12","$v":"%I:%M %p"},{"$i":"shortTimeFormat24","$v":"%H:%M"},{"$i":"shortDateTimeFormat","$v":"%x %I:%M %p"},{"$i":"weekStartsOnMonday","$v":"0.0"},{"$i":"firstDayOfTheWeek","$v":"1.0"},{"$i":"time_am","$v":"am"},{"$i":"time_pm","$v":"PM"},{"$i":"softkey-options","$v":"Alternativ"},{"$i":"emergencyNumber","$v":"Nödsitationsnummer"},{"$i":"callAirplaneModeMessage","$v":"Du måste inaktivera flygläge i inställningar för att kunna ringa ett samtal."},{"$i":"callAirplaneModeBtnOk","$v":"OK"},{"$i":"callAirplaneModeTitle","$v":"Flygläge aktiverat"},{"$i":"numberIsBusyTitle","$v":"Numret är upptaget"},{"$i":"numberIsBusyMessage","$v":"Numret är upptaget. Försök igen senare."},{"$i":"fdnIsActiveTitle","$v":"FDN aktiv"},{"$i":"fdnIsActiveMessage","$v":["FDN (nummerbegräsningsnr.) är aktivt och följande nr. finns i FDN-listan: ",{"t":"idOrVar","v":"number"}]},{"$i":"emergencyDialogBodyBadNumber","$v":"Du måste vara ansluten till ett nätverk för att kunna ringa ett samtal."},{"$i":"emergencyDialogBodyDeviceNotAccepted","$v":"Nödsamtal tillåts inte av nätverket."},{"$i":"emergencyDialogBtnOk","$v":"OK"},{"$i":"emergencyDialogTitle","$v":"Ingen nätverksanslutning"},{"$i":"invalidNumberToDialTitle","$v":"Ogiltigt telefonnummer"},{"$i":"invalidNumberToDialMessage","$v":"Telefonnumret du ringer är inte giltigt."},{"$i":"unableToCallTitle","$v":"Det går inte att ringa samtal. "},{"$i":"unableToCallMessage","$v":"Det går inte att ringa ett samtal nu"},{"$i":"otherConnectionInUseTitle","$v":"Annan anslutning används"},{"$i":"otherConnectionInUseMessage","$v":"Du har ett aktivt samtal på en annan anslutning. Du kan bara använda en anslutning åt gången."},{"$i":"connectingEllipsis","$v":"Ansluter..."}]