[{"$i":"messages","$v":"Ujumbe"},{"$i":"deleteMessages-title","$v":"Chagua"},{"$i":"selectThreads-title","$v":"Chagua"},{"$i":"edit","$v":"Hariri"},{"$i":"back","$v":"Nyuma"},{"$i":"cancel","$v":"Ghairi"},{"$i":"delete","$v":"Futa"},{"$i":"deleting-messages","$v":"Inafuta..."},{"$i":"deselect","$v":"Tengua uteuzi"},{"$i":"selected-threads","$v":{"few":[{"t":"idOrVar","v":"n"}," Imechaguliwa"],"many":[{"t":"idOrVar","v":"n"}," Imechaguliwa"],"one":[{"t":"idOrVar","v":"n"}," Imechaguliwa"],"other":[{"t":"idOrVar","v":"n"}," Imechaguliwa"],"two":[{"t":"idOrVar","v":"n"}," Imechaguliwa"],"zero":"0 Imechaguliwa"},"$x":[{"t":"idOrVar","v":"plural"},"n"]},{"$i":"selected-messages","$v":{"few":[{"t":"idOrVar","v":"n"}," Imechaguliwa"],"many":[{"t":"idOrVar","v":"n"}," Imechaguliwa"],"one":[{"t":"idOrVar","v":"n"}," Imechaguliwa"],"other":[{"t":"idOrVar","v":"n"}," Imechaguliwa"],"two":[{"t":"idOrVar","v":"n"}," Imechaguliwa"],"zero":"0 Imechaguliwa"},"$x":[{"t":"idOrVar","v":"plural"},"n"]},{"$i":"selectThreads-label","$v":"Chagua Mitungo"},{"$i":"selectMessages-label","$v":"Chagua Ujumbe"},{"$i":"new-message","$v":"Mpya"},{"$i":"delete-thread","$v":"Futa mtungo"},{"$i":"create-new-contact","$v":"Unda mwasiliani mpya"},{"$i":"add-to-contact","$v":"Ongeza kwenye anwani iliyopo"},{"$i":"select-thread","$v":"Chagua mtungo"},{"$i":"settings","$v":"Mipangilio"},{"$i":"select-all","$v":"Zote"},{"$i":"deselect-all","$v":"Hamna"},{"$i":"select","$v":"Chagua"},{"$i":"sk-save-as-draft","$v":"Hifadhi kama mswadajaribio"},{"$i":"next","$v":"Inayofuata"},{"$i":"send","$v":"Tuma"},{"$i":"add-contact","$v":"Ongeza"},{"$i":"add-suggestion","$v":"Chagua"},{"$i":"add-subject","$v":"Ongeza mada"},{"$i":"remove-subject","$v":"Ondoa mada"},{"$i":"add-attachment","$v":"Ongeza kiambatisho"},{"$i":"remove-attachment","$v":"Ondoa kiambatisho"},{"$i":"replace-attachment","$v":"Badilisha kiambatisho"},{"$i":"select-messages","$v":"Chagua ujumbe"},{"$i":"call","$v":"Piga simu"},{"$i":"forward","$v":"Sambaza"},{"$i":"view-message-report","$v":"Tazama maelezo ya ujumbe"},{"$i":"cancel-view-report","$v":"Ghairi"},{"$i":"ok","$v":"SAWA"},{"$i":"enter","$v":"Ingiza"},{"$i":"open","$v":"Fungua"},{"$i":"to","$v":"Kwa"},{"$i":"new","$v":"Mpya"},{"$i":"message","$v":"Ujumbe"},{"$i":"messagesInput_placeholder","$v":"Ujumbe"},{"$i":"messagesSubjectInput_placeholder","$v":"Mada"},{"$i":"subjectComposerInput_placeholder","$v":"Mada"},{"$i":"converted-to-mms","$v":"Kugeuza kuwa ujumbe wa medianuwai."},{"$i":"converted-to-sms","$v":"Kugeuza kuwa ujumbe mfupi wa maandishi."},{"$i":"messages-max-length-text","$v":"Umefikisha upeo wa urefu."},{"$i":"messages-max-subject-length-text","$v":"Upeo wa urefu umefikiwa."},{"$i":"multimedia-message-exceeded-max-length","$v":["Ujumbe huu umezidi kikomo cha ukubwa wa MB{{mms Size}}MB size huzuia umoja wa midianuwai"]},{"$i":"newMessage","$v":"Ujumbe mpya"},{"$i":"sendMessage","$v":"Tuma ujumbe"},{"$i":"sendMMSToEmail","$v":"Tuma ujumbe wa midia mbalimbali"},{"$i":"no-recipient","$v":"(Hakuna mpokeaji)"},{"$i":"recipient","$v":{"few":["Wapokeaji ",{"t":"idOrVar","v":"n"}],"many":["Wapokeaji ",{"t":"idOrVar","v":"n"}],"one":["Mpokeaji ",{"t":"idOrVar","v":"n"}],"other":["Wapokeaji ",{"t":"idOrVar","v":"n"}],"two":["Wapokeaji ",{"t":"idOrVar","v":"n"}]},"$x":[{"t":"idOrVar","v":"plural"},"n"]},{"$i":"attachmentSizeB","$v":["B ",{"t":"idOrVar","v":"n"}]},{"$i":"attachmentSizeKB","$v":["KB ",{"t":"idOrVar","v":"n"}]},{"$i":"attachmentSizeMB","$v":["MB ",{"t":"idOrVar","v":"n"}]},{"$i":"attachmentOpenError","$v":"Hakuna programu inapatikana kufungua aina hii ya faili."},{"$i":"remove","$v":"Ondoa"},{"$i":"participant","$v":{"few":["Washiriki ",{"t":"idOrVar","v":"n"}],"many":["Washiriki ",{"t":"idOrVar","v":"n"}],"one":["Mshiriki ",{"t":"idOrVar","v":"n"}],"other":["Washiriki ",{"t":"idOrVar","v":"n"}],"two":["Washiriki ",{"t":"idOrVar","v":"n"}]},"$x":[{"t":"idOrVar","v":"plural"},"n"]},{"$i":"message-report","$v":"Ripoti ya ujumbe"},{"$i":"message-type-sms","$v":"Ujumbe Mfupi (SMS)"},{"$i":"message-type-mms","$v":"Ujumbe wa Medianuwai (MMS)"},{"$i":"sms-report-description","$v":["Ujumbe wako wa Mfupi (SMS), ulitumwa tarehe ",{"t":"idOrVar","v":"datetime"}]},{"$i":"mms-report-description","$v":["Ujumbe wako wa Medianuwai (MMS), mada ",{"t":"idOrVar","v":"subject"},", ulitumwa tarehe ",{"t":"idOrVar","v":"datetime"}]},{"$i":"mms-no-subject-report-description","$v":["Ujumbe wako wa Medianuwai (MMS), ulitumwa tarehe ",{"t":"idOrVar","v":"datetime"}]},{"$i":"message-subject","$v":"Mada:"},{"$i":"report-status-error","$v":"Ujumbe haukuweza kutumwa"},{"$i":"report-status-not-downloaded","$v":"hakikupakuliwa"},{"$i":"report-status-delivered","$v":"Imewasilishwa:"},{"$i":"report-status-read","$v":"Umesomwa:"},{"$i":"report-status-pending","$v":"Ripoti imeagizwa"},{"$i":"report-status-rejected","$v":"Ujumbe umekataliwa"},{"$i":"message-size-was","$v":"Ukubwa wa ujumbe:"},{"$i":"report-to-title","$v":"Kwa"},{"$i":"report-from-title","$v":"Kutoka"},{"$i":"message-sent","$v":"Tuma:"},{"$i":"message-sending","$v":[{"t":"idOrVar","v":"message-delivery-status-sending"}]},{"$i":"message-received","$v":"Ulipokewa:"},{"$i":"message-via","$v":"kupitia:"},{"$i":"message-resend","$v":"Tuma tena"},{"$i":"search","$v":"Tafuta"},{"$i":"unknown-contact-title","$v":"Anwani Haijulikani"},{"$i":"phone-type-separator","$v":", "},{"$i":"phone-carrier-separator","$v":" "},{"$i":"thread-participant-separator","$v":", "},{"$i":"replace-draft","$v":"Badilisha Mswada uliopo"},{"$i":"save-as-draft","$v":"Hifadhi"},{"$i":"discard-message","$v":"Futa"},{"$i":"discard-sms","$v":"Una uhakika unataka kufuta ujumbe huu?"},{"$i":"discard-new-message","$v":"Futa ujumbe unaotunga na ufungue ujumbe mpya?"},{"$i":"resend-confirmation","$v":"Ujumbe haukuweza kutumwa. Unataka kujaribu tena?"},{"$i":"resend-message","$v":"Tuma ujumbe huu tena"},{"$i":"deleteMessage-confirmation","$v":"Unataka kufuta ujumbe uliochaguliwa?"},{"$i":"deleteMessages-confirmation","$v":"Unataka kufuta ujumbe uliochaguliwa?"},{"$i":"deleteThreads-confirmation2","$v":{"one":"Unataka kufuta mtungo uliochaguliwa wa ujumbe?","other":"Unataka kufuta mitungo iliyochaguliwa ya ujumbe?"},"$x":[{"t":"idOrVar","v":"plural"},"n"]},{"$i":"new-message-notice-text","$v":"Ujumbe mpya kutoka"},{"$i":"new-message-notice-a-text","$v":"Umesomwa"},{"$i":"noMessages-title","$v":"Hakuna ujumbe"},{"$i":"noMessages-text","$v":"Bonyeza Mpya ili uanzishe mawasiliano."},{"$i":"sendDefaultErrorTitle","$v":"Haijafaulu Kutuma"},{"$i":"sendDefaultErrorBody","$v":"Kulikuwa na tatizo la kutuma ujumbe. Tafadhali jaribu tena."},{"$i":"sendDefaultErrorBtnOk","$v":"SAWA"},{"$i":"sendMissingSimCardTitle","$v":"Haijafaulu Kutuma"},{"$i":"sendMissingSimCardBody","$v":"Ingiza kadi halali ya SIM ili uendelee."},{"$i":"sendMissingSimCardBtnOk","$v":"SAWA"},{"$i":"sendFlightModeTitle","$v":"Haijafaulu Kutuma"},{"$i":"sendFlightModeBody","$v":"Zima modi ya ndege ili utume ujumbe."},{"$i":"sendFlightModeBtnOk","$v":"SAWA"},{"$i":"radioDisabledToDownloadTitle","$v":"Imeshindwa Kupakua"},{"$i":"radioDisabledToDownloadBody","$v":"Zima modi ya ndege ili upakue viambatisho."},{"$i":"radioDisabledToDownloadBtnOk","$v":[{"t":"idOrVar","v":"sendFlightModeBtnOk"}]},{"$i":"downloadDefaultErrorTitle","$v":"Upakuaji umefeli."},{"$i":"downloadDefaultErrorBody","$v":"Kuna tatizo katika upakuaji wa ujumbe. Tafadhali jaribu tena."},{"$i":"downloadDefaultErrorBtnOk","$v":[{"t":"idOrVar","v":"sendDefaultErrorBtnOk"}]},{"$i":"fdnErrorTitle","$v":"Haijafaulu Kutuma"},{"$i":"needConnectWifiBody","$v":"Hakuna mtandao wa simu unapatikana. Unganisha kwenye mtandao wa Wi-Fi unaopatikana kwa utumaji ujumbe."},{"$i":"needConnectWifiTitle","$v":"Ujumbe haujatumwa"},{"$i":"mmsChanelUsedBody","$v":"Kuna MMS inayotumwa na programu isiyo ya DDS, tafadhali subiri mchakato wa kutuma ukamilike."},{"$i":"mmsChanelUsedTitle","$v":"MMS Chanel Iliyotumiwa"},{"$i":"sms-counter-notice-label","$v":["Kuhariri SMS ",{"t":"idOrVar","v":"number"}]},{"$i":"fdnErrorBody","$v":{"few":"FDN (Nambari za Kudayo za Kudumu) imeamilishwa. Hakikisha kituo cha SMS na wapokeaji wanaofuata wako katika orodha yako ya FDN.","many":"FDN (Nambari za Kudayo za Kudumu) imeamilishwa. Hakikisha kituo cha SMS na wapokeaji wanaofuata wako katika orodha yako ya FDN.","one":"FDN (Nambari za Kudayo za Kudumu) imeamilishwa. Hakikisha kituo cha SMS na mpokeaji anayefuata yuko katika orodha yako ya FDN.","other":"FDN (Nambari za Kudayo za Kudumu) imeamilishwa. Hakikisha kituo cha SMS na wapokeaji wanaofuata wako katika orodha yako ya FDN.","two":"FDN (Nambari za Kudayo za Kudumu) imeamilishwa. Hakikisha kituo cha SMS na wapokeaji wanaofuata wako katika orodha yako ya FDN."},"$x":[{"t":"idOrVar","v":"plural"},"n"]},{"$i":"fdnErrorBtnOk","$v":"SAWA"},{"$i":"sendNoSignalErrorTitle","$v":"Haijafaulu Kutuma"},{"$i":"sendNoSignalErrorBody","$v":"Hakikisha una mawimbi rununu na ujaribu tena."},{"$i":"sendNoSignalErrorBtnOk","$v":"SAWA"},{"$i":"sendNotFoundErrorTitle","$v":"Haijafaulu Kutuma"},{"$i":"sendNotFoundErrorBody","$v":"Ujumbe unatafuta haupatikani tena."},{"$i":"sendNotFoundErrorBtnOk","$v":"SAWA"},{"$i":"sendInvalidAddressErrorTitle","$v":"Haijafaulu Kutuma"},{"$i":"sendInvalidAddressErrorBody","$v":"Hakikisha nambari ya simu unayotumia ujumbe ni halali."},{"$i":"sendInvalidAddressErrorBtnOk","$v":"SAWA"},{"$i":"simNotMatchedErrorTitle","$v":"Haiwezi kupakua"},{"$i":"simNotMatchedErrorBody","$v":"Tafadhali hakikisha kadi ya SIM iliyoingizwa ndiyo inayotumiwa kupokea ujumbe huu."},{"$i":"simNotMatchedErrorBtnOk","$v":"SAWA"},{"$i":"netWorkErrorTitle","$v":"Mtandao Umeshindwa"},{"$i":"netWorkErrorBody","$v":"Mtandao una hitilafu fulani, tafadhali ukague kwanza."},{"$i":"netWorkErrorBtnOk","$v":"Kushindwa kwa Mtandao"},{"$i":"deleted-sms","$v":"Tayari ujumbe huu umefutwa."},{"$i":"view-attachment-image","$v":"Tazama"},{"$i":"view-attachment-audio","$v":"Sikiliza"},{"$i":"view-attachment-video","$v":"Tazama"},{"$i":"view-attachment-other","$v":"Tazama"},{"$i":"remove-attachment-image","$v":"Ondoa picha"},{"$i":"remove-attachment-audio","$v":"Ondoa sauti"},{"$i":"remove-attachment-video","$v":"Ondoa video"},{"$i":"remove-attachment-other","$v":"Ondoa kiambatisho"},{"$i":"replace-attachment-image","$v":"Badilisha picha"},{"$i":"replace-attachment-audio","$v":"Badilisha sauti"},{"$i":"replace-attachment-video","$v":"Badilisha video"},{"$i":"replace-attachment-other","$v":"Badilisha kiambatisho"},{"$i":"unsent-message-title","$v":"Ujumbe Ambao Haujatumwa"},{"$i":"unsent-message-description","$v":"Ujumbe wako wa awali haukutumwa. Unataka kuhariri ujumbe ambao haujatumwa au kuufuta na uendelee?"},{"$i":"unsent-message-option-edit","$v":"Hariri"},{"$i":"unsent-message-option-discard","$v":"Futa"},{"$i":"message-options","$v":"Chaguo za ujumbe"},{"$i":"select-text","$v":"Chagua maandishi"},{"$i":"mobile","$v":"Simu ya mkononi"},{"$i":"home","$v":"Mwanzo"},{"$i":"work","$v":"Kazi"},{"$i":"personal","$v":"Kibinafsi"},{"$i":"faxHome","$v":"Tuma faksi nyumbani"},{"$i":"faxOffice","$v":"Tuma faksi ofisini"},{"$i":"faxOther","$v":"Tuma faksi mahali pengine"},{"$i":"another","$v":"Nyingine"},{"$i":"other","$v":"Nyingine"},{"$i":"today","$v":"Leo"},{"$i":"yesterday","$v":"Jana"},{"$i":"incorrectDate","$v":"(Tarehe isiyo sahihi)"},{"$i":"addToExistingContact","$v":"Ongeza kwenye anwani iliyopo"},{"$i":"createNewContact","$v":"Unda mwasiliani mpya"},{"$i":"viewContact","$v":"Tazama mwasiliani"},{"$i":"sendEmail","$v":"Tuma Baruapepe"},{"$i":"mms-message","$v":"Ujumbe wa MMS"},{"$i":"notDownloaded-title","$v":"Bado ujumbe haujapakuliwa."},{"$i":"tobedownloaded-attachment","$v":["Ulipokea ujumbe wa medianuwai, bonyeza Pakua ili uepue maudhui yake kabla ya ",{"t":"idOrVar","v":"date"},"."]},{"$i":"expired-attachment","$v":["Samahani, ujumbe ulichina tarehe ",{"t":"idOrVar","v":"date"}," na hauwezi kupakuliwa."]},{"$i":"download-attachment","$v":"Pakua"},{"$i":"downloading-attachment","$v":"Inapakua..."},{"$i":"download-complete","$v":"Upakuzi umekamilika"},{"$i":"unnamed-attachment","$v":"bila kichwa"},{"$i":"mms-label","$v":"MMS"},{"$i":"group-label","$v":"KIKUNDI"},{"$i":"attached-files-too-large","$v":{"few":["Ujumbe huu unazidi ukubwa wa ujumbe mmoja wa midianuwai wa MB ",{"t":"idOrVar","v":"mmsSize"}," ."],"many":["Ujumbe huu unazidi ukubwa wa ujumbe mmoja wa midianuwai wa MB ",{"t":"idOrVar","v":"mmsSize"}," ."],"one":["Ujumbe huu umezidisha kikomo cha ukubwa wa MB ",{"t":"idOrVar","v":"mmsSize"}," cha ujumbe mmoja wa midianuwai."],"other":["Ujumbe huu unazidi ukubwa wa ujumbe mmoja wa midianuwai wa MB ",{"t":"idOrVar","v":"mmsSize"}," ."],"two":["Ujumbe huu unazidi ukubwa wa ujumbe mmoja wa midianuwai wa MB ",{"t":"idOrVar","v":"mmsSize"}," ."],"zero":["Ujumbe huu unazidi ukubwa wa ujumbe mmoja wa midianuwai wa MB ",{"t":"idOrVar","v":"mmsSize"}," ."]},"$x":[{"t":"idOrVar","v":"plural"},"n"]},{"$i":"resize-image","$v":"Kubadilisha ukubwa wa picha iliyoambatishwa"},{"$i":"no-attachment-text","$v":"Kuna tatizo na faili iliyoambatishwa na haiwezi kupakuliwa."},{"$i":"message-draft-saved","$v":"Ujumbe umehifadhiwa kama mswada"},{"$i":"sim-id-label","$v":["SIM ",{"t":"idOrVar","v":"id"}]},{"$i":"sim-detail","$v":["SIM ",{"t":"idOrVar","v":"id"},", ",{"t":"idOrVar","v":"detailString"}]},{"$i":"dsds-notification-title-with-sim","$v":["(",{"t":"idOrVar","v":"sim"},") ",{"t":"idOrVar","v":"sender"}]},{"$i":"send-button","ariaLabel":"Tuma"},{"$i":"send-button-sim-indication","$v":[{"t":"idOrVar","v":"n"}],"ariaLabel":["tumia SIM ",{"t":"idOrVar","v":"n"}]},{"$i":"expiry-date-format","$v":"%A, %b %e"},{"$i":"attach-button","ariaLabel":"Ongeza kiambatisho"},{"$i":"contact-photo","ariaLabel":"Picha ya anwani"},{"$i":"unread-thread","ariaLabel":"Haujasomwa"},{"$i":"has-draft","ariaLabel":"Ina mswada"},{"$i":"is-draft","ariaLabel":"Mswada"},{"$i":"message-delivery-status-sending","$v":"Inatuma..."},{"$i":"message-delivery-status-delivered","$v":"Imewasilishwa"},{"$i":"message-delivery-status-read","ariaLabel":"Soma"},{"$i":"message-delivery-status-error","ariaLabel":"Hitilafu"},{"$i":"modal-dialog-ok-button","$v":"SAWA"},{"$i":"modal-dialog-cancel-button","$v":"Ghairi"},{"$i":"modal-dialog-default-title","$v":"Ujumbe"},{"$i":"delete-message","$v":"Ujumbe umefutwa"},{"$i":"message-converted-to-toast","$v":["Ujumbe umegeuzwa kuwa ",{"t":"idOrVar","v":"type"}]},{"$i":"message-sent-toast","$v":"Ujumbe umetumwa"},{"$i":"deleteMessage-confirmation2","$v":"Unataka kufuta mtungo uliochaguliwa wa ujumbe?"},{"$i":"deleted-message","$v":{"few":["Ujumbe ",{"t":"idOrVar","v":"n"}," umefutwa"],"many":["Ujumbe ",{"t":"idOrVar","v":"n"}," umefutwa"],"one":["Ujumbe ",{"t":"idOrVar","v":"n"}," umefutwa"],"other":["Ujumbe ",{"t":"idOrVar","v":"n"}," umefutwa"],"two":["Ujumbe ",{"t":"idOrVar","v":"n"}," umefutwa"],"zero":"Ujumbe 0 umefutwa"},"$x":[{"t":"idOrVar","v":"plural"},"n"]},{"$i":"deleted-threads","$v":{"few":["Mitungo ",{"t":"idOrVar","v":"n"}," ya ujumbe imefutwa"],"many":["Mitungo ",{"t":"idOrVar","v":"n"}," ya ujumbe imefutwa"],"one":"Mtungo umefutwa","other":["Mitungo ",{"t":"idOrVar","v":"n"}," ya ujumbe imefutwa"],"two":["Mitungo ",{"t":"idOrVar","v":"n"}," ya ujumbe imefutwa"],"zero":"Mtungo 0 umefutwa"},"$x":[{"t":"idOrVar","v":"plural"},"n"]},{"$i":"wapPushMessages","$v":"Ujumbe wa WAP Push"},{"$i":"auto-retrieve-messages","$v":"Rejesha ujumbe kiotomatiki"},{"$i":"auto-retrieve-messages-title","$v":"Eupa Ujumbe Kiotomatiki"},{"$i":"auto-roaming-retrieve","$v":"Washa na utambizi"},{"$i":"auto-no-roaming-retrieve","$v":"Washa bila utambizi"},{"$i":"mmsTitle","$v":"Ujumbe wa Medianuwai (MMS)"},{"$i":"message-delivery-reports","$v":"Ripoti za uwasilishaji"},{"$i":"message-delivery-reports-title","$v":"Ripoti za Uwasilishaji"},{"$i":"messageReport-title","$v":"Maelezo ya Ujumbe"},{"$i":"sms-label","$v":"SMS"},{"$i":"messaging-settings","$v":"Mipangilio ya Kutuma Ujumbe"},{"$i":"messagingSettings-header","$v":[{"t":"idOrVar","v":"messaging-settings"}]},{"$i":"confirmation-title","$v":"Uthibitishaji"},{"$i":"draft-save-content","$v":"Unataka Kuhifadhi Kama Mswada?"},{"$i":"draft-discard-content","$v":"Ujumbe umefutwa"},{"$i":"switch-on","$v":"Washa"},{"$i":"switch-off","$v":"Zima"},{"$i":"auto-retrieve-desc","$v":"Epua ujumbe wa kiotomatiki"},{"$i":"confirm-dialog-ok","$v":"SAWA"},{"$i":"yes","$v":"Ndiyo"},{"$i":"no","$v":"Hakuna"},{"$i":"delete-current-thread?","$v":"Unataka kufuta mtungo uliochaguliwa wa ujumbe?"},{"$i":"attention","$v":"Zingatia"},{"$i":"delivery-title","$v":"Ujumbe Mfupi (SMS)"},{"$i":"send-failed","$v":"Haijafaulu kutuma."},{"$i":"subject-removed","$v":"Mada imeondolewa."},{"$i":"data-storage-limit-alert-title","$v":"Hifadhi ya simu imejaa."},{"$i":"data-storage-limit-send-body","$v":"Imeshindwa kutuma MMS. Futa ujumbe au uende kwenye Mipangilio ili uongeze nafasi."},{"$i":"data-storage-limit-download-body","$v":"Imeshindwa kupakua MMS. Futa ujumbe au uende kwenye Mipangilio ili uongeze nafasi."},{"$i":"data-storage-limit-alert-cancel","$v":"Ghairi"},{"$i":"data-storage-limit-alert-setting","$v":"Mipangilio"},{"$i":"recipient-repeat","$v":"Anwani rudufu."},{"$i":"email","$v":"BARUA PEPE"},{"$i":"options","$v":"Chaguo"},{"$i":"emergency-alert-title","$v":"Arifa Pasiwaya za Dharura"},{"$i":"emergency-alert","$v":"Arifa Pasiwaya za Dharura"},{"$i":"wappushNormal","$v":"Jumbe za Wap"},{"$i":"wappushSIM1","$v":"Jumbe za Wap - SIM 1"},{"$i":"wappushSIM2","$v":"Jumbe za Wap - SIM 2"},{"$i":"not-assigned","$v":"Haijapangwa"},{"$i":"switchSIMDataSendAlertTitle","$v":"MMS haijafaulu kutuma."},{"$i":"switchSIMDataSendAlertBody","$v":["Ili utume MMS, unahitaji kubadilisha SIM kadi kwa data kwa ",{"t":"idOrVar","v":"nonActiveSimId"}," ya SIM katika mipangilio ya Kidhibiti cha SIM."]},{"$i":"switchSIMDataSendAlertDesc","$v":"Tafadhali nenda kwenye programu ya Mipangilio ili ubadilishe mipangilio."},{"$i":"switchSIMDataReceiveAlertTitle","$v":"MMS haijafaulu kupokea."},{"$i":"switchSIMDataReceiveAlertBody","$v":["Ili upokee MMS, unahitaji kubadilisha SIM kadi kwa data kwa ",{"t":"idOrVar","v":"nonActiveSimId"}," ya SIM katika mipangilio ya Kidhibiti cha SIM."]},{"$i":"switchSIMDataReceiveAlertDesc","$v":"Tafadhali nenda kwenye programu ya Mipangilio ili ubadilishe mipangilio."},{"$i":"group-message","$v":"Ujumbe wa Kikundi"},{"$i":"individual-message","$v":"Ujumbe wa kibinafsi"},{"$i":"group-message-alert-title","$v":"Ujumbe wa Kikundi"},{"$i":"group-message-alert-body","$v":"Ungependa kuandika ukumbe wa kikundi? (Ujumbe wa kikundi utatumwa kupitia MMS na SMS na utasababisha mtoa huduma pasiwaya wa Ujumbe kulingana na mpango wa huduma)"},{"$i":"group-message-individual","$v":"Weka Binafsi"},{"$i":"group-message-setting","$v":"Anzisha Kikundi"},{"$i":"new-message-individual","$v":"Ujumbe Mpya (Mtu Binafsi)"},{"$i":"new-message-group","$v":"Ujumbe Mpya (Kikundi)"},{"$i":"no-phone-number","$v":"Haijapangwa"},{"$i":"device-phone-number","$v":"Nambari yangu ya simu"},{"$i":"group-message-phone","$v":"Ujumbe wa Kikundi"},{"$i":"my-phone-number","$v":"Nambari yangu ya simu"},{"$i":"delivery-notification","$v":"Ujumbe umewasilishwa"},{"$i":"wait","$v":"unasubiri"},{"$i":"isTextTooLongAlert","$v":"Umezidisha idadi ya herufi zinazoruhusiwa."},{"$i":"video-call","$v":"Simu ya video"},{"$i":"normal-call","$v":"Piga simu"},{"$i":"attachment","$v":"Kiambatisho"},{"$i":"limit-MMS-recipients","$v":"Unaweza kuwatumia wapokeaji 20 tu kwa kila MMS."},{"$i":"block-contact","$v":"Zuia anwani"},{"$i":"blocked","$v":"Zuia"},{"$i":"unblocked","$v":"Fungua"},{"$i":"rtt-call","$v":"Simu ya RTT"},{"$i":"remove-all-attachments","$v":"Ondoa viambatisho vyote"},{"$i":"block-confirmation","$v":"Hutaweza kupokea simu na ujumbe kutoka kwa watu walio kwenye orodha ya kuzuia."},{"$i":"space-low-not-save","$v":"Hifadhi imejaa, rasimu haiwezi kuhifadhiwa."},{"$i":"sms-encoding-mode","$v":"Usimbaji fiche wa Sms"},{"$i":"sms-reduced-format","$v":"Umbizo Lililopunguzwa"},{"$i":"sms-full-format","$v":"Umbizo Kamili"},{"$i":"smscNormal","$v":"Kituo cha Huduma"},{"$i":"smscSIM1","$v":"Kituo cha Huduma SIM1"},{"$i":"smscSIM2","$v":"Kituo cha Huduma SIM2"},{"$i":"withoutDataTitle","$v":"Imeshindikana"},{"$i":"withoutDataBody","$v":"Tafadhali wezesha Uunganishaji wa Mtandao kwenye Mipangilio kutuma au kupakua MMS"},{"$i":"withoutDataBtnOk","$v":"SAWA"},{"$i":"withoutDataBtnSettings","$v":"Mipangilio"},{"$i":"weekday-0-long","$v":"Jumapili"},{"$i":"weekday-1-long","$v":"Jumatatu"},{"$i":"weekday-2-long","$v":"Jumanne"},{"$i":"weekday-3-long","$v":"Jumatano"},{"$i":"weekday-4-long","$v":"Alhamisi"},{"$i":"weekday-5-long","$v":"Ijumaa"},{"$i":"weekday-6-long","$v":"Jumamosi"},{"$i":"weekday-0-short","$v":"Jumapili"},{"$i":"weekday-1-short","$v":"Jumatatu"},{"$i":"weekday-2-short","$v":"Jumanne"},{"$i":"weekday-3-short","$v":"Jumatano"},{"$i":"weekday-4-short","$v":"Alhamisi"},{"$i":"weekday-5-short","$v":"Ijumaa"},{"$i":"weekday-6-short","$v":"Jumamosi"},{"$i":"month-0-long","$v":"Januari"},{"$i":"month-1-long","$v":"Februari"},{"$i":"month-2-long","$v":"Machi"},{"$i":"month-3-long","$v":"Aprili"},{"$i":"month-4-long","$v":"Mei"},{"$i":"month-5-long","$v":"Juni"},{"$i":"month-6-long","$v":"Julai"},{"$i":"month-7-long","$v":"Agosti"},{"$i":"month-8-long","$v":"Septemba"},{"$i":"month-9-long","$v":"Oktoba"},{"$i":"month-10-long","$v":"Novemba"},{"$i":"month-11-long","$v":"Desemba"},{"$i":"month-0-genitive","$v":"Januari"},{"$i":"month-1-genitive","$v":"Februari"},{"$i":"month-2-genitive","$v":"Machi"},{"$i":"month-3-genitive","$v":"Aprili"},{"$i":"month-4-genitive","$v":"Mei"},{"$i":"month-5-genitive","$v":"Juni"},{"$i":"month-6-genitive","$v":"Julai"},{"$i":"month-7-genitive","$v":"Agosti"},{"$i":"month-8-genitive","$v":"Septemba"},{"$i":"month-9-genitive","$v":"Oktoba"},{"$i":"month-10-genitive","$v":"Novemba"},{"$i":"month-11-genitive","$v":"Desemba"},{"$i":"month-0-short","$v":"Januari"},{"$i":"month-1-short","$v":"Februari"},{"$i":"month-2-short","$v":"Machi"},{"$i":"month-3-short","$v":"Aprili"},{"$i":"month-4-short","$v":"Mei"},{"$i":"month-5-short","$v":"Juni"},{"$i":"month-6-short","$v":"Julai"},{"$i":"month-7-short","$v":"Agosti"},{"$i":"month-8-short","$v":"Septemba"},{"$i":"month-9-short","$v":"Oktoba"},{"$i":"month-10-short","$v":"Novemba"},{"$i":"month-11-short","$v":"Disemba"},{"$i":"minutes-ago-long","$v":{"few":["dakika ",{"t":"idOrVar","v":"value"}," zilizopita"],"many":["dakika ",{"t":"idOrVar","v":"value"}," zilizopita"],"one":"dakika moja iliyopita","other":["dakika ",{"t":"idOrVar","v":"value"}," zilizopita"],"two":["dakika ",{"t":"idOrVar","v":"value"}," zilizopita"],"zero":"sasa hivi tu"},"$x":[{"t":"idOrVar","v":"plural"},"value"]},{"$i":"hours-ago-long","$v":{"few":["saa ",{"t":"idOrVar","v":"value"}," zilizopita"],"many":["saa ",{"t":"idOrVar","v":"value"}," zilizopita"],"one":"saa moja iliyopita","other":["saa ",{"t":"idOrVar","v":"value"}," zilizopita"],"two":["saa ",{"t":"idOrVar","v":"value"}," zilizopita"],"zero":"sasa hivi tu"},"$x":[{"t":"idOrVar","v":"plural"},"value"]},{"$i":"days-ago-long","$v":{"few":["Siku ",{"t":"idOrVar","v":"value"}," zilizopita"],"many":["Siku ",{"t":"idOrVar","v":"value"}," zilizopita"],"one":"jana","other":["Siku ",{"t":"idOrVar","v":"value"}," zilizopita"],"two":["Siku ",{"t":"idOrVar","v":"value"}," zilizopita"],"zero":"leo"},"$x":[{"t":"idOrVar","v":"plural"},"value"]},{"$i":"weeks-ago-long","$v":{"few":["wiki ",{"t":"idOrVar","v":"value"}," zilizopita"],"many":["wiki ",{"t":"idOrVar","v":"value"}," zilizopita"],"one":"wiki iliyopita","other":["wiki ",{"t":"idOrVar","v":"value"}," zilizopita"],"two":["wiki ",{"t":"idOrVar","v":"value"}," zilizopita"],"zero":"wiki hii"},"$x":[{"t":"idOrVar","v":"plural"},"value"]},{"$i":"months-ago-long","$v":{"few":["miezi ",{"t":"idOrVar","v":"value"}," iliyopita"],"many":["miezi ",{"t":"idOrVar","v":"value"}," iliyopita"],"one":"mwezi uliopita","other":["miezi ",{"t":"idOrVar","v":"value"}," iliyopita"],"two":["miezi ",{"t":"idOrVar","v":"value"}," iliyopita"],"zero":"mwezi huu"},"$x":[{"t":"idOrVar","v":"plural"},"value"]},{"$i":"years-ago-long","$v":{"few":["mwaka ",{"t":"idOrVar","v":"value"}," uliopita"],"many":["mwaka ",{"t":"idOrVar","v":"value"}," uliopita"],"one":"mwaka jana","other":["mwaka ",{"t":"idOrVar","v":"value"}," uliopita"],"two":["mwaka ",{"t":"idOrVar","v":"value"}," uliopita"],"zero":"mwaka huu"},"$x":[{"t":"idOrVar","v":"plural"},"value"]},{"$i":"minutes-until-long","$v":{"few":["baada ya dakika ",{"t":"idOrVar","v":"value"}],"many":["baada ya dakika ",{"t":"idOrVar","v":"value"}],"one":"baada ya dakika moja","other":["baada ya dakika ",{"t":"idOrVar","v":"value"}],"two":["baada ya dakika ",{"t":"idOrVar","v":"value"}],"zero":"sasa hivi"},"$x":[{"t":"idOrVar","v":"plural"},"value"]},{"$i":"hours-until-long","$v":{"few":["baada ya saa ",{"t":"idOrVar","v":"value"}],"many":["baada ya saa ",{"t":"idOrVar","v":"value"}],"one":"baada ya saa moja","other":["baada ya saa ",{"t":"idOrVar","v":"value"}],"two":["baada ya saa ",{"t":"idOrVar","v":"value"}],"zero":"sasa hivi"},"$x":[{"t":"idOrVar","v":"plural"},"value"]},{"$i":"days-until-long","$v":{"few":["baada ya siku ",{"t":"idOrVar","v":"value"}],"many":["baada ya siku ",{"t":"idOrVar","v":"value"}],"one":"kesho","other":["baada ya siku ",{"t":"idOrVar","v":"value"}],"two":["baada ya siku ",{"t":"idOrVar","v":"value"}],"zero":"leo"},"$x":[{"t":"idOrVar","v":"plural"},"value"]},{"$i":"weeks-until-long","$v":{"few":["baada ya wiki ",{"t":"idOrVar","v":"value"}],"many":["baada ya wiki ",{"t":"idOrVar","v":"value"}],"one":"wiki ijayo","other":["baada ya wiki ",{"t":"idOrVar","v":"value"}],"two":["baada ya wiki ",{"t":"idOrVar","v":"value"}],"zero":"wiki hii"},"$x":[{"t":"idOrVar","v":"plural"},"value"]},{"$i":"months-until-long","$v":{"few":["baada ya miezi ",{"t":"idOrVar","v":"value"}],"many":["baada ya miezi ",{"t":"idOrVar","v":"value"}],"one":"mwezi ujao","other":["baada ya miezi ",{"t":"idOrVar","v":"value"}],"two":["baada ya miezi ",{"t":"idOrVar","v":"value"}],"zero":"mwezi huu"},"$x":[{"t":"idOrVar","v":"plural"},"value"]},{"$i":"years-until-long","$v":{"few":["baada ya miaka ",{"t":"idOrVar","v":"value"}],"many":["baada ya miaka ",{"t":"idOrVar","v":"value"}],"one":"mwaka ujao","other":["baada ya miaka ",{"t":"idOrVar","v":"value"}],"two":["baada ya miaka ",{"t":"idOrVar","v":"value"}],"zero":"mwaka huu"},"$x":[{"t":"idOrVar","v":"plural"},"value"]},{"$i":"minutes-ago-short","$v":{"other":["dakika ",{"t":"idOrVar","v":"value"}," iliyopita"],"zero":"sasa hivi tu"},"$x":[{"t":"idOrVar","v":"plural"},"value"]},{"$i":"hours-ago-short","$v":{"other":["saa ",{"t":"idOrVar","v":"value"}," iliyopita"],"zero":"sasa hivi tu"},"$x":[{"t":"idOrVar","v":"plural"},"value"]},{"$i":"days-ago-short","$v":{"other":["Siku ",{"t":"idOrVar","v":"value"}," iliyopita"],"zero":"leo"},"$x":[{"t":"idOrVar","v":"plural"},"value"]},{"$i":"minutes-until-short","$v":{"other":["baada ya dakika ",{"t":"idOrVar","v":"value"}],"zero":"sasa hivi"},"$x":[{"t":"idOrVar","v":"plural"},"value"]},{"$i":"hours-until-short","$v":{"other":["baada ya saa ",{"t":"idOrVar","v":"value"}],"zero":"sasa hivi"},"$x":[{"t":"idOrVar","v":"plural"},"value"]},{"$i":"days-until-short","$v":{"other":["baada ya siku ",{"t":"idOrVar","v":"value"}],"zero":"leo"},"$x":[{"t":"idOrVar","v":"plural"},"value"]},{"$i":"dateTimeFormat_%c","$v":"%a %b %e %Y %I:%M:%S %p"},{"$i":"dateTimeFormat_%x","$v":"%m/%d/%Y"},{"$i":"dateTimeFormat_%X","$v":"%I:%M:%S %p"},{"$i":"shortTimeFormat","$v":"%I:%M %p"},{"$i":"shortTimeFormat12","$v":"%I:%M %p"},{"$i":"shortTimeFormat24","$v":"%H:%M"},{"$i":"shortDateTimeFormat","$v":"%x %I:%M %p"},{"$i":"weekStartsOnMonday","$v":"0.0"},{"$i":"firstDayOfTheWeek","$v":"0.0"},{"$i":"time_am","$v":"Asubuhi"},{"$i":"time_pm","$v":"PM"},{"$i":"softkey-options","$v":"Chaguo"},{"$i":"emergencyNumber","$v":"Nambari ya dharura"},{"$i":"callAirplaneModeMessage","$v":"Ili upige simu unahitaji kulemaza modi ya ndege katika mipangilio."},{"$i":"callAirplaneModeBtnOk","$v":"SAWA"},{"$i":"callAirplaneModeTitle","$v":"Modi ya ndege imeamilishwa"},{"$i":"numberIsBusyTitle","$v":"Nambati inatumika"},{"$i":"numberIsBusyMessage","$v":"Nambari inatumika kwa sasa. Tafadhali jaribu tena baadaye."},{"$i":"fdnIsActiveTitle","$v":"FDN imeamilishwa"},{"$i":"fdnIsActiveMessage","$v":["FDN (Nambari ya Simu ya Kudumu) imeamilishwa na nambari inayofuata haiko katika orodha yako ya FDN: ",{"t":"idOrVar","v":"number"}]},{"$i":"emergencyDialogBodyBadNumber","$v":"Ili upige simu, lazime simu iwe imeunganishwa kwenye mtandao."},{"$i":"emergencyDialogBodyDeviceNotAccepted","$v":"Simu za dharura haziruhusiwi na mtandao."},{"$i":"emergencyDialogBtnOk","$v":"SAWA"},{"$i":"emergencyDialogTitle","$v":"Hakuna muunganisho wa mtandao"},{"$i":"invalidNumberToDialTitle","$v":"Nambari ya simu isiyo halali"},{"$i":"invalidNumberToDialMessage","$v":"Nambari ya simu unayopiga sio halali"},{"$i":"unableToCallTitle","$v":"Huwezi kupiga simu"},{"$i":"unableToCallMessage","$v":"Imeshindwa kupiga simu sasa."},{"$i":"otherConnectionInUseTitle","$v":"Muunganisho mwingine unatumika"},{"$i":"otherConnectionInUseMessage","$v":"Una simu inayoendelea kwenye muunganisho mwingine. Unaweza kutumia muunganisho mmoja tu kwa wakati mmoja."},{"$i":"connectingEllipsis","$v":"Inaunganisha..."}]