[{"$i":"messages","$v":"ข้อความ"},{"$i":"deleteMessages-title","$v":"เลือก"},{"$i":"selectThreads-title","$v":"เลือก"},{"$i":"edit","$v":"แก้ไข"},{"$i":"back","$v":"ย้อนกลับ"},{"$i":"cancel","$v":"ยกเลิก"},{"$i":"delete","$v":"ลบ"},{"$i":"deleting-messages","$v":"กำลังลบ..."},{"$i":"deselect","$v":"ยกเลิกการเลือก"},{"$i":"selected-threads","$v":{"few":["เลือก ",{"t":"idOrVar","v":"n"}," รายการ"],"many":["เลือก ",{"t":"idOrVar","v":"n"}," รายการ"],"one":["เลือก ",{"t":"idOrVar","v":"n"}," รายการ"],"other":["เลือก ",{"t":"idOrVar","v":"n"}," รายการ"],"two":["เลือก ",{"t":"idOrVar","v":"n"}," รายการ"],"zero":"เลือก 0 รายการ"},"$x":[{"t":"idOrVar","v":"plural"},"n"]},{"$i":"selected-messages","$v":{"few":["เลือก ",{"t":"idOrVar","v":"n"}," รายการ"],"many":["เลือก ",{"t":"idOrVar","v":"n"}," รายการ"],"one":["เลือก ",{"t":"idOrVar","v":"n"}," รายการ"],"other":["เลือก ",{"t":"idOrVar","v":"n"}," รายการ"],"two":["เลือก ",{"t":"idOrVar","v":"n"}," รายการ"],"zero":"เลือก 0 รายการ"},"$x":[{"t":"idOrVar","v":"plural"},"n"]},{"$i":"selectThreads-label","$v":"เลือกเธรด"},{"$i":"selectMessages-label","$v":"เลือกข้อความ"},{"$i":"new-message","$v":"ใหม่"},{"$i":"delete-thread","$v":"ลบเธรด"},{"$i":"create-new-contact","$v":"สร้างรายชื่อใหม่"},{"$i":"add-to-contact","$v":"เพิ่มไปยังรายชื่อที่มีอยู่"},{"$i":"select-thread","$v":"เลือกเธรด"},{"$i":"settings","$v":"การตั้งค่า"},{"$i":"select-all","$v":"ทั้งหมด"},{"$i":"deselect-all","$v":"ไม่มี"},{"$i":"select","$v":"เลือก"},{"$i":"sk-save-as-draft","$v":"บันทึกเป็นข้อความร่าง"},{"$i":"next","$v":"ถัดไป"},{"$i":"send","$v":"ส่ง"},{"$i":"add-contact","$v":"เพิ่ม"},{"$i":"add-suggestion","$v":"เลือก"},{"$i":"add-subject","$v":"เพิ่มชื่อเรื่อง"},{"$i":"remove-subject","$v":"ลบหัวเรื่อง"},{"$i":"add-attachment","$v":"เพิ่มข้อมูลแนบ"},{"$i":"remove-attachment","$v":"ลบข้อมูลแนบ"},{"$i":"replace-attachment","$v":"แทนที่ข้อมูลแนบ"},{"$i":"select-messages","$v":"เลือกข้อความ"},{"$i":"call","$v":"การโทร"},{"$i":"forward","$v":"ส่งต่อ"},{"$i":"view-message-report","$v":"ดูรายละเอียดข้อความ"},{"$i":"cancel-view-report","$v":"ยกเลิก"},{"$i":"ok","$v":"ตกลง"},{"$i":"enter","$v":"ป้อน"},{"$i":"open","$v":"เปิด"},{"$i":"to","$v":"ถึง"},{"$i":"new","$v":"ใหม่"},{"$i":"message","$v":"ข้อความ"},{"$i":"messagesInput_placeholder","$v":"ข้อความ"},{"$i":"messagesSubjectInput_placeholder","$v":"หัวเรื่อง"},{"$i":"subjectComposerInput_placeholder","$v":"หัวเรื่อง"},{"$i":"converted-to-mms","$v":"แปลงเป็นข้อความมัลติมีเดีย"},{"$i":"converted-to-sms","$v":"แปลงเป็นข้อความตัวอักษร"},{"$i":"messages-max-length-text","$v":"ความยาวถึงขีดจำกัดสูงสุดแล้ว"},{"$i":"messages-max-subject-length-text","$v":"ความยาวของหัวเรื่องถึงขีดจำกัดสูงสุดแล้ว"},{"$i":"multimedia-message-exceeded-max-length","$v":["ข้อความนี้เกินกว่าขนาดของข้อความมัลติมีเดียเดี่ยวที่กำหนด ",{"t":"idOrVar","v":"mmsSize"}," MB แล้ว"]},{"$i":"newMessage","$v":"ข้อความใหม่"},{"$i":"sendMessage","$v":"ส่งข้อความ"},{"$i":"sendMMSToEmail","$v":"ส่งข้อความมัลติมีเดีย"},{"$i":"no-recipient","$v":"(ไม่มีผู้รับ)"},{"$i":"recipient","$v":{"few":["ผู้รับ ",{"t":"idOrVar","v":"n"}," คน"],"many":["ผู้รับ ",{"t":"idOrVar","v":"n"}," คน"],"one":["ผู้รับ ",{"t":"idOrVar","v":"n"}," คน"],"other":["ผู้รับ ",{"t":"idOrVar","v":"n"}," คน"],"two":["ผู้รับ ",{"t":"idOrVar","v":"n"}," คน"]},"$x":[{"t":"idOrVar","v":"plural"},"n"]},{"$i":"attachmentSizeB","$v":[{"t":"idOrVar","v":"n"}," B"]},{"$i":"attachmentSizeKB","$v":[{"t":"idOrVar","v":"n"}," KB"]},{"$i":"attachmentSizeMB","$v":[{"t":"idOrVar","v":"n"}," MB"]},{"$i":"attachmentOpenError","$v":"ไม่มีแอปพลิเคชันที่สามารถเปิดไฟล์ประเภทนี้ได้"},{"$i":"remove","$v":"ลบ"},{"$i":"participant","$v":{"few":["ผู้เข้าร่วม ",{"t":"idOrVar","v":"n"}," คน"],"many":["ผู้เข้าร่วม ",{"t":"idOrVar","v":"n"}," คน"],"one":["ผู้เข้าร่วม ",{"t":"idOrVar","v":"n"}," คน"],"other":["ผู้เข้าร่วม ",{"t":"idOrVar","v":"n"}," คน"],"two":["ผู้เข้าร่วม ",{"t":"idOrVar","v":"n"}," คน"]},"$x":[{"t":"idOrVar","v":"plural"},"n"]},{"$i":"message-report","$v":"รายงานข้อความ"},{"$i":"message-type-sms","$v":"ข้อความ (SMS)"},{"$i":"message-type-mms","$v":"ข้อความมัลติมีเดีย (MMS)"},{"$i":"sms-report-description","$v":["ข้อความตัวอักษร (SMS) ของคุณถูกส่งเมื่อ ",{"t":"idOrVar","v":"datetime"}]},{"$i":"mms-report-description","$v":["ข้อความมัลติมีเดีย (MMS) ของคุณที่มีหัวเรื่อง ",{"t":"idOrVar","v":"subject"}," ถูกส่งเมื่อ ",{"t":"idOrVar","v":"datetime"}]},{"$i":"mms-no-subject-report-description","$v":["ข้อความมัลติมีเดีย (MMS) ของคุณถูกส่งเมื่อ ",{"t":"idOrVar","v":"datetime"}]},{"$i":"message-subject","$v":"ชื่อเรื่อง:"},{"$i":"report-status-error","$v":"ข้อความไม่สามารถส่งได้"},{"$i":"report-status-not-downloaded","$v":"ไม่ได้ดาวน์โหลด"},{"$i":"report-status-delivered","$v":"ส่งแล้ว:"},{"$i":"report-status-read","$v":"อ่าน:"},{"$i":"report-status-pending","$v":"รายงานที่ส่งคำขอ"},{"$i":"report-status-rejected","$v":"ข้อความถูกปฏิเสธ"},{"$i":"message-size-was","$v":"ขนาดข้อความ:"},{"$i":"report-to-title","$v":"ถึง"},{"$i":"report-from-title","$v":"จาก"},{"$i":"message-sent","$v":"ส่ง:"},{"$i":"message-sending","$v":[{"t":"idOrVar","v":"message-delivery-status-sending"}]},{"$i":"message-received","$v":"ได้รับแล้ว:"},{"$i":"message-via","$v":"ผ่าน:"},{"$i":"message-resend","$v":"ส่งใหม่"},{"$i":"search","$v":"ค้นหา"},{"$i":"unknown-contact-title","$v":"รายชื่อที่ไม่รู้จัก"},{"$i":"phone-type-separator","$v":", "},{"$i":"phone-carrier-separator","$v":" "},{"$i":"thread-participant-separator","$v":", "},{"$i":"replace-draft","$v":"แทนที่ข้อความร่างที่มีอยู่"},{"$i":"save-as-draft","$v":"บันทึก"},{"$i":"discard-message","$v":"ยกเลิก"},{"$i":"discard-sms","$v":"คุณแน่ใจหรือว่าต้องการยกเลิกข้อความนี้"},{"$i":"discard-new-message","$v":"ยกเลิกข้อความที่คุณกำลังเขียนและเปิดข้อความใหม่หรือไม่"},{"$i":"resend-confirmation","$v":"ไม่สามารถส่งข้อความได้ ลองอีกครั้ง?"},{"$i":"resend-message","$v":"ส่งข้อความนี้อีกครั้ง"},{"$i":"deleteMessage-confirmation","$v":"ลบข้อความที่เลือกหรือไม่"},{"$i":"deleteMessages-confirmation","$v":"ลบไฟล์เสียงที่เลือกหรือไม่"},{"$i":"deleteThreads-confirmation2","$v":{"one":"ลบเธรดข้อความที่เลือกหรือไม่","other":"ลบเธรดข้อความที่เลือกหรือไม่"},"$x":[{"t":"idOrVar","v":"plural"},"n"]},{"$i":"new-message-notice-text","$v":"ข้อความใหม่จาก"},{"$i":"new-message-notice-a-text","$v":"อ่าน"},{"$i":"noMessages-title","$v":"ไม่มีข้อความ"},{"$i":"noMessages-text","$v":"กด “ใหม่” เพื่อเริ่มการสื่อสาร"},{"$i":"sendDefaultErrorTitle","$v":"ไม่สามารถส่ง"},{"$i":"sendDefaultErrorBody","$v":"พบปัญหาในการส่งข้อความ โปรดลองอีกครั้ง"},{"$i":"sendDefaultErrorBtnOk","$v":"ตกลง"},{"$i":"sendMissingSimCardTitle","$v":"ไม่สามารถส่ง"},{"$i":"sendMissingSimCardBody","$v":"ใส่ซิมการ์ดเพื่อดำเนินการต่อ"},{"$i":"sendMissingSimCardBtnOk","$v":"ตกลง"},{"$i":"sendFlightModeTitle","$v":"ไม่สามารถส่ง"},{"$i":"sendFlightModeBody","$v":"ปิดโหมดเครื่องบินเพื่อส่งข้อความ"},{"$i":"sendFlightModeBtnOk","$v":"ตกลง"},{"$i":"radioDisabledToDownloadTitle","$v":"ดาวน์โหลดไม่สำเร็จ"},{"$i":"radioDisabledToDownloadBody","$v":"ปิดโหมดเครื่องบินเพื่อดาวน์โหลดข้อมูลแนบ"},{"$i":"radioDisabledToDownloadBtnOk","$v":[{"t":"idOrVar","v":"sendFlightModeBtnOk"}]},{"$i":"downloadDefaultErrorTitle","$v":"ดาวน์โหลดไม่สำเร็จ"},{"$i":"downloadDefaultErrorBody","$v":"เกิดข้อผิดพลาดในการดาวน์โหลดข้อความ โปรดลองอีกครั้ง"},{"$i":"downloadDefaultErrorBtnOk","$v":[{"t":"idOrVar","v":"sendDefaultErrorBtnOk"}]},{"$i":"fdnErrorTitle","$v":"ไม่สามารถส่ง"},{"$i":"needConnectWifiBody","$v":"ไม่มีเครือข่ายเซลลูลาร์ เชื่อมต่อกับเครือข่าย Wi-Fi ที่พร้อมใช้งานสำหรับการส่งข้อความ"},{"$i":"needConnectWifiTitle","$v":"ไม่ได้ส่งข้อความ"},{"$i":"mmsChanelUsedBody","$v":["ข้อความเหล่านี้มีขนาดเกิน ",{"t":"idOrVar","v":"mmsSize"}," MB ซึ่งเป็นขีดจำกัดของข้อความมัลติมีเดียหนึ่งข้อความ"]},{"$i":"mmsChanelUsedTitle","$v":"ช่องทาง MMS ที่ใช้งาน"},{"$i":"sms-counter-notice-label","$v":["การแก้ไข SMS ",{"t":"idOrVar","v":"number"}]},{"$i":"fdnErrorBody","$v":{"few":"เปิดใช้งาน FDN (หมายเลขโทรออกที่กำหนด) แล้ว ตรวจสอบว่าศูนย์ SMS และผู้รับต่อไปนี้อยู่ในรายการ FDN ของคุณ:","many":"เปิดใช้งาน FDN (หมายเลขโทรออกที่กำหนด) แล้ว ตรวจสอบว่าศูนย์ SMS และผู้รับต่อไปนี้อยู่ในรายการ FDN ของคุณ:","one":"เปิดใช้งาน FDN (หมายเลขโทรออกที่กำหนด) แล้ว ตรวจสอบว่าศูนย์ SMS และผู้รับต่อไปนี้อยู่ในรายการ FDN ของคุณ:","other":"เปิดใช้งาน FDN (หมายเลขโทรออกที่กำหนด) แล้ว ตรวจสอบว่าศูนย์ SMS และผู้รับต่อไปนี้อยู่ในรายการ FDN ของคุณ:","two":"เปิดใช้งาน FDN (หมายเลขโทรออกที่กำหนด) แล้ว ตรวจสอบว่าศูนย์ SMS และผู้รับต่อไปนี้อยู่ในรายการ FDN ของคุณ:"},"$x":[{"t":"idOrVar","v":"plural"},"n"]},{"$i":"fdnErrorBtnOk","$v":"ตกลง"},{"$i":"sendNoSignalErrorTitle","$v":"ไม่สามารถส่ง"},{"$i":"sendNoSignalErrorBody","$v":"ตรวจสอบว่าคุณมีสัญญาณเครือข่ายมือถือ จากนั้นลองใหม่อีกครั้ง"},{"$i":"sendNoSignalErrorBtnOk","$v":"ตกลง"},{"$i":"sendNotFoundErrorTitle","$v":"ไม่สามารถส่ง"},{"$i":"sendNotFoundErrorBody","$v":"ข้อความที่คุณค้นหาไม่สามารถใช้งานได้อีกต่อไป"},{"$i":"sendNotFoundErrorBtnOk","$v":"ตกลง"},{"$i":"sendInvalidAddressErrorTitle","$v":"ไม่สามารถส่ง"},{"$i":"sendInvalidAddressErrorBody","$v":"ตรวจสอบหมาขเลขโทรศัพท์มือถือที่คุณส่งว่าถูกต้องหรือไม่"},{"$i":"sendInvalidAddressErrorBtnOk","$v":"ตกลง"},{"$i":"simNotMatchedErrorTitle","$v":"ไม่สามารถดาวน์โหลด"},{"$i":"simNotMatchedErrorBody","$v":"โปรดตรวจสอบว่าซิมการ์ดที่ใส่เป็นซิมการ์ดเดียวกับที่รับข้อความนี้"},{"$i":"simNotMatchedErrorBtnOk","$v":"ตกลง"},{"$i":"netWorkErrorTitle","$v":"เครือข่ายล้มเหลว"},{"$i":"netWorkErrorBody","$v":"เครือข่ายมีปัญหา กรุณาตรวจสอบก่อน"},{"$i":"netWorkErrorBtnOk","$v":"ตกลง"},{"$i":"deleted-sms","$v":"ข้อความนี้ถูกลบออกแล้ว"},{"$i":"view-attachment-image","$v":"ดู"},{"$i":"view-attachment-audio","$v":"ฟัง"},{"$i":"view-attachment-video","$v":"ดู"},{"$i":"view-attachment-other","$v":"ดู"},{"$i":"remove-attachment-image","$v":"ลบภาพ"},{"$i":"remove-attachment-audio","$v":"ลบเสียง"},{"$i":"remove-attachment-video","$v":"ลบวิดีโอ"},{"$i":"remove-attachment-other","$v":"ลบข้อมูลแนบ"},{"$i":"replace-attachment-image","$v":"แทนที่ภาพ"},{"$i":"replace-attachment-audio","$v":"แทนที่เสียง"},{"$i":"replace-attachment-video","$v":"แทนที่วิดีโอ"},{"$i":"replace-attachment-other","$v":"แทนที่ข้อมูลแนบ"},{"$i":"unsent-message-title","$v":"ข้อความที่ยังไม่ได้ส่ง"},{"$i":"unsent-message-description","$v":"ข้อความก่อนหน้าของคุณยังไม่ถูกส่ง คุณต้องการแก้ไขข้อความที่ยังไม่ได้ส่งหรือยกเลิกแล้วดำเนินการต่อ"},{"$i":"unsent-message-option-edit","$v":"แก้ไข"},{"$i":"unsent-message-option-discard","$v":"ยกเลิก"},{"$i":"message-options","$v":"ตัวเลือกข้อความ"},{"$i":"select-text","$v":"เลือกข้อความ"},{"$i":"mobile","$v":"มือถือ"},{"$i":"home","$v":"หน้าหลัก"},{"$i":"work","$v":"ที่ทำงาน"},{"$i":"personal","$v":"ส่วนบุคคล"},{"$i":"faxHome","$v":"แฟกซ์บ้าน"},{"$i":"faxOffice","$v":"แฟกซ์ที่ทำงาน"},{"$i":"faxOther","$v":"แฟกซ์อื่นๆ"},{"$i":"another","$v":"อื่นๆ"},{"$i":"other","$v":"อื่น ๆ"},{"$i":"today","$v":"วันนี้"},{"$i":"yesterday","$v":"เมื่อวานนี้"},{"$i":"incorrectDate","$v":"(วันที่ไม่ถูกต้อง)"},{"$i":"addToExistingContact","$v":"เพิ่มไปยังรายชื่อที่มีอยู่"},{"$i":"createNewContact","$v":"สร้างรายชื่อใหม่"},{"$i":"viewContact","$v":"ดูรายชื่อ"},{"$i":"sendEmail","$v":"ส่งอีเมล"},{"$i":"mms-message","$v":"ข้อความ MMS"},{"$i":"notDownloaded-title","$v":"ยังไม่ได้ดาวน์โหลดข้อความ"},{"$i":"tobedownloaded-attachment","$v":["คุณได้รับข้อความมัลติมีเดีย กดดาวน์โหลดเพื่อเรียกดูเนื้อหาก่อน ",{"t":"idOrVar","v":"date"}]},{"$i":"expired-attachment","$v":["ขออภัย ข้อความได้หมดอายุเมื่อ ",{"t":"idOrVar","v":"date"}," และไม่สามารถดาวน์โหลดได้"]},{"$i":"download-attachment","$v":"ดาวน์โหลด"},{"$i":"downloading-attachment","$v":"กำลังดาวน์โหลด..."},{"$i":"download-complete","$v":"ดาวน์โหลดเสร็จสมบูรณ์"},{"$i":"unnamed-attachment","$v":"ไม่มีชื่อ"},{"$i":"mms-label","$v":"MMS"},{"$i":"group-label","$v":"กลุ่ม"},{"$i":"attached-files-too-large","$v":{"few":["ข้อความเหล่านี้มีขนาดเกิน ",{"t":"idOrVar","v":"mmsSize"}," MB ซึ่งเป็นขีดจำกัดของข้อความมัลติมีเดียหนึ่งข้อความ"],"many":["ข้อความเหล่านี้มีขนาดเกิน ",{"t":"idOrVar","v":"mmsSize"}," MB ซึ่งเป็นขีดจำกัดของข้อความมัลติมีเดียหนึ่งข้อความ"],"one":["ข้อความนี้เกินกว่าขนาดของข้อความมัลติมีเดียเดี่ยวที่กำหนด ",{"t":"idOrVar","v":"mmsSize"}," MB แล้ว"],"other":["ข้อความเหล่านี้มีขนาดเกิน ",{"t":"idOrVar","v":"mmsSize"}," MB ซึ่งเป็นขีดจำกัดของข้อความมัลติมีเดียหนึ่งข้อความ"],"two":["ข้อความเหล่านี้มีขนาดเกิน ",{"t":"idOrVar","v":"mmsSize"}," MB ซึ่งเป็นขีดจำกัดของข้อความมัลติมีเดียหนึ่งข้อความ"],"zero":["ข้อความเหล่านี้มีขนาดเกิน ",{"t":"idOrVar","v":"mmsSize"}," MB ซึ่งเป็นขีดจำกัดของข้อความมัลติมีเดียหนึ่งข้อความ"]},"$x":[{"t":"idOrVar","v":"plural"},"n"]},{"$i":"resize-image","$v":"ปรับขนาดภาพที่แนบ"},{"$i":"no-attachment-text","$v":"เกิดปัญหาเกี่ยวกับข้อมูลแนบ และไม่สามารถดาวน์โหลดได้"},{"$i":"message-draft-saved","$v":"ข้อความบันทึกเป็นข้อความร่างแล้ว"},{"$i":"sim-id-label","$v":["ซิม ",{"t":"idOrVar","v":"id"}]},{"$i":"sim-detail","$v":["ซิม ",{"t":"idOrVar","v":"id"},", ",{"t":"idOrVar","v":"detailString"}]},{"$i":"dsds-notification-title-with-sim","$v":["(",{"t":"idOrVar","v":"sim"},") ",{"t":"idOrVar","v":"sender"}]},{"$i":"send-button","ariaLabel":"ส่ง"},{"$i":"send-button-sim-indication","$v":[{"t":"idOrVar","v":"n"}],"ariaLabel":["กำลังใช้ซิม ",{"t":"idOrVar","v":"n"}," รายการ"]},{"$i":"expiry-date-format","$v":"%A, %b %e"},{"$i":"attach-button","ariaLabel":"เพิ่มข้อมูลแนบ"},{"$i":"contact-photo","ariaLabel":"ภาพผู้ติดต่อ"},{"$i":"unread-thread","ariaLabel":"ยังไม่อ่าน"},{"$i":"has-draft","ariaLabel":"มีข้อความร่าง"},{"$i":"is-draft","ariaLabel":"ข้อความร่าง"},{"$i":"message-delivery-status-sending","$v":"กำลังส่ง…"},{"$i":"message-delivery-status-delivered","$v":"ส่งแล้ว"},{"$i":"message-delivery-status-read","ariaLabel":"อ่าน"},{"$i":"message-delivery-status-error","ariaLabel":"ข้อผิดพลาด"},{"$i":"modal-dialog-ok-button","$v":"ตกลง"},{"$i":"modal-dialog-cancel-button","$v":"ยกเลิก"},{"$i":"modal-dialog-default-title","$v":"ข้อความ"},{"$i":"delete-message","$v":"ลบข้อความแล้ว"},{"$i":"message-converted-to-toast","$v":["แปลงข้อความเป็น ",{"t":"idOrVar","v":"type"}]},{"$i":"message-sent-toast","$v":"ส่งข้อความแล้ว"},{"$i":"deleteMessage-confirmation2","$v":"ลบเธรดข้อความที่เลือกหรือไม่"},{"$i":"deleted-message","$v":{"few":["ลบข้อความ ",{"t":"idOrVar","v":"n"}," รายการแล้ว"],"many":["ลบข้อความ ",{"t":"idOrVar","v":"n"}," รายการแล้ว"],"one":["ลบข้อความ ",{"t":"idOrVar","v":"n"}," รายการแล้ว"],"other":["ลบข้อความ ",{"t":"idOrVar","v":"n"}," รายการแล้ว"],"two":["ลบข้อความ ",{"t":"idOrVar","v":"n"}," รายการแล้ว"],"zero":"ลบข้อความ 0 รายการแล้ว"},"$x":[{"t":"idOrVar","v":"plural"},"n"]},{"$i":"deleted-threads","$v":{"few":["ลบเธรดข้อความ ",{"t":"idOrVar","v":"n"}," รายการแล้ว"],"many":["ลบเธรดข้อความ ",{"t":"idOrVar","v":"n"}," รายการแล้ว"],"one":"ลบเธรดแล้ว","other":["ลบเธรดข้อความ ",{"t":"idOrVar","v":"n"}," รายการแล้ว"],"two":["ลบเธรดข้อความ ",{"t":"idOrVar","v":"n"}," รายการแล้ว"],"zero":"ลบเธรด 0 รายการแล้ว"},"$x":[{"t":"idOrVar","v":"plural"},"n"]},{"$i":"wapPushMessages","$v":"ข้อความ WAP Push"},{"$i":"auto-retrieve-messages","$v":"เรียกดูข้อความโดยอัตโนมัติ"},{"$i":"auto-retrieve-messages-title","$v":"เรียกดูข้อความโดยอัตโนมัติ"},{"$i":"auto-roaming-retrieve","$v":"เปิดพร้อมโรมมิ่ง"},{"$i":"auto-no-roaming-retrieve","$v":"เปิดโดยไม่ต้องโรมมิ่ง"},{"$i":"mmsTitle","$v":"ข้อความมัลติมีเดีย (MMS)"},{"$i":"message-delivery-reports","$v":"รายงานการส่ง"},{"$i":"message-delivery-reports-title","$v":"รายงานการส่ง"},{"$i":"messageReport-title","$v":"รายละเอียดข้อความ"},{"$i":"sms-label","$v":"SMS"},{"$i":"messaging-settings","$v":"การตั้งค่าข้อความ"},{"$i":"messagingSettings-header","$v":[{"t":"idOrVar","v":"messaging-settings"}]},{"$i":"confirmation-title","$v":"การยืนยัน"},{"$i":"draft-save-content","$v":"บันทึกเป็นร่างหรือไม่?"},{"$i":"draft-discard-content","$v":"ยกเลิกข้อความแล้ว"},{"$i":"switch-on","$v":"เปิด"},{"$i":"switch-off","$v":"ปิด"},{"$i":"auto-retrieve-desc","$v":"เรียกดูข้อความอัตโนมัติ"},{"$i":"confirm-dialog-ok","$v":"ตกลง"},{"$i":"yes","$v":"ใช่"},{"$i":"no","$v":"ไม่ใช่"},{"$i":"delete-current-thread?","$v":"ลบเธรดข้อความที่เลือกหรือไม่"},{"$i":"attention","$v":"โปรดทราบ"},{"$i":"delivery-title","$v":"การส่งข้อความ (SMS)"},{"$i":"send-failed","$v":"ส่งไม่ได้"},{"$i":"subject-removed","$v":"ลบหัวเรื่องออกแล้ว"},{"$i":"data-storage-limit-alert-title","$v":"พื้นที่เก็บในโทรศัพท์เต็ม"},{"$i":"data-storage-limit-send-body","$v":"ไม่สามารถส่ง MMS ลบข้อความหรือไปที่การตั้งค่าเพื่อเพิ่มพื้นที่ว่าง"},{"$i":"data-storage-limit-download-body","$v":"ไม่สามารถดาวน์โหลด MMS ลบข้อความหรือไปที่การตั้งค่าเพื่อเพิ่มพื้นที่ว่าง"},{"$i":"data-storage-limit-alert-cancel","$v":"ยกเลิก"},{"$i":"data-storage-limit-alert-setting","$v":"การตั้งค่า"},{"$i":"recipient-repeat","$v":"รายชื่อที่ซ้ำ"},{"$i":"email","$v":"อีเมล"},{"$i":"options","$v":"ตัวเลือก"},{"$i":"emergency-alert-title","$v":"การแจ้งเตือนเหตุฉุกเฉินแบบไร้สาย"},{"$i":"emergency-alert","$v":"ข้อความแจ้งเตือนฉุกเฉินแบบไร้สาย"},{"$i":"wappushNormal","$v":"WAP Push"},{"$i":"wappushSIM1","$v":"WAP Push - ซิม 1"},{"$i":"wappushSIM2","$v":"WAP Push - ซิม 2"},{"$i":"not-assigned","$v":"ไม่ได้กำหนด"},{"$i":"switchSIMDataSendAlertTitle","$v":"ไม่สามารถส่ง MMS"},{"$i":"switchSIMDataSendAlertBody","$v":["คุณต้องเปลี่ยน SIM การ์ดสำหรับข้อมูลเป็นซิม ",{"t":"idOrVar","v":"nonActiveSimId"}," ในการตั้งค่า การจัดการซิม เพื่อส่ง MMS"]},{"$i":"switchSIMDataSendAlertDesc","$v":"โปรดไปที่แอปการตั้งค่าเพื่ออัปเดตการตั้งค่า"},{"$i":"switchSIMDataReceiveAlertTitle","$v":"ไม่สามารถรับ MMS"},{"$i":"switchSIMDataReceiveAlertBody","$v":["คุณต้องเปลี่ยน SIM การ์ดสำหรับข้อมูลเป็นซิม ",{"t":"idOrVar","v":"nonActiveSimId"}," ในการตั้งค่า การจัดการซิม เพื่อรับ MMS"]},{"$i":"switchSIMDataReceiveAlertDesc","$v":"โปรดไปที่แอปการตั้งค่าเพื่ออัปเดตการตั้งค่า"},{"$i":"group-message","$v":"ข้อความกลุ่ม"},{"$i":"individual-message","$v":"ข้อความส่วนตัว"},{"$i":"group-message-alert-title","$v":"ข้อความกลุ่ม"},{"$i":"group-message-alert-body","$v":"สร้างข้อความกลุ่มหรือไม่ (ข้อความกลุ่มที่ถูกส่งผ่าน MMS และ SMS จะมีค่าบริการเพิ่มเติมจากผู้ให้บริการข้อความแบบไร้สาย ขึ้นอยู่กับแผนการให้บริการ)"},{"$i":"group-message-individual","$v":"เก็บเป็นส่วนตัว"},{"$i":"group-message-setting","$v":"สร้างกลุ่ม"},{"$i":"new-message-individual","$v":"ข้อความใหม่ (ส่วนตัว)"},{"$i":"new-message-group","$v":"ข้อความใหม่ (กลุ่ม)"},{"$i":"no-phone-number","$v":"ยังไม่ได้มอบหมาย"},{"$i":"device-phone-number","$v":"หมายเลขโทรศัพท์ของฉัน"},{"$i":"group-message-phone","$v":"ข้อความกลุ่ม"},{"$i":"my-phone-number","$v":"หมายเลขโทรศัพท์ของฉัน"},{"$i":"delivery-notification","$v":"ส่งข้อความแล้ว"},{"$i":"wait","$v":"รอ"},{"$i":"isTextTooLongAlert","$v":"เกินความยาวสูงสุดของข้อความแล้ว"},{"$i":"video-call","$v":"การโทรผ่านวิดีโอ"},{"$i":"normal-call","$v":"การโทร"},{"$i":"attachment","$v":"ข้อมูลแนบ"},{"$i":"limit-MMS-recipients","$v":"ส่งให้ผู้รับได้สูงสุด 20 คนต่อ MMS เท่านั้น"},{"$i":"block-contact","$v":"บล็อกรายชื่อผู้ติดต่อ"},{"$i":"blocked","$v":"บล็อก"},{"$i":"unblocked","$v":"ปลดบล็อก"},{"$i":"rtt-call","$v":"การโทรผ่าน RTT"},{"$i":"remove-all-attachments","$v":"ลบไฟล์แนบทั้งหมด"},{"$i":"block-confirmation","$v":"คุณจะไม่ได้รับสายโทรศัพท์ ข้อความ จากนที่อยู่ในรายชื่อ"},{"$i":"space-low-not-save","$v":"ที่เก็บข้อมูลเต็มและไม่สามารถบันทึกฉบับร่าง"},{"$i":"sms-encoding-mode","$v":"การข้ารหัส Sms"},{"$i":"sms-reduced-format","$v":"รูปแบบย่อ"},{"$i":"sms-full-format","$v":"รูปแบบเต็ม"},{"$i":"smscNormal","$v":"ศูนย์บริการ"},{"$i":"smscSIM1","$v":"ศูนย์บริการซิม1"},{"$i":"smscSIM2","$v":"ศูนย์บริการซิม2"},{"$i":"withoutDataTitle","$v":"ล้มเหลว"},{"$i":"withoutDataBody","$v":"โปรดเปิดใช้งานการเชื่อมต่อข้อมูลในการตั้งค่าเพื่อส่งหรือดาวน์โหลด MMS"},{"$i":"withoutDataBtnOk","$v":"ตกลง"},{"$i":"withoutDataBtnSettings","$v":"การตั้งค่า"},{"$i":"weekday-0-long","$v":"อาทิตย์"},{"$i":"weekday-1-long","$v":"จันทร์"},{"$i":"weekday-2-long","$v":"อังคาร"},{"$i":"weekday-3-long","$v":"พุธ"},{"$i":"weekday-4-long","$v":"พฤหัสบดี"},{"$i":"weekday-5-long","$v":"ศุกร์"},{"$i":"weekday-6-long","$v":"เสาร์"},{"$i":"weekday-0-short","$v":"อาทิตย์"},{"$i":"weekday-1-short","$v":"จันทร์"},{"$i":"weekday-2-short","$v":"อังคาร"},{"$i":"weekday-3-short","$v":"พุธ"},{"$i":"weekday-4-short","$v":"พฤหัสบดี"},{"$i":"weekday-5-short","$v":"ศุกร์"},{"$i":"weekday-6-short","$v":"เสาร์"},{"$i":"month-0-long","$v":"มกราคม"},{"$i":"month-1-long","$v":"กุมภาพันธ์"},{"$i":"month-2-long","$v":"มีนาคม"},{"$i":"month-3-long","$v":"เมษายน"},{"$i":"month-4-long","$v":"พฤษภาคม"},{"$i":"month-5-long","$v":"มิถุนายน"},{"$i":"month-6-long","$v":"กรกฎาคม"},{"$i":"month-7-long","$v":"สิงหาคม"},{"$i":"month-8-long","$v":"กันยายน"},{"$i":"month-9-long","$v":"ตุลาคม"},{"$i":"month-10-long","$v":"พฤศจิกายน"},{"$i":"month-11-long","$v":"ธันวาคม"},{"$i":"month-0-genitive","$v":"มกราคม"},{"$i":"month-1-genitive","$v":"กุมภาพันธ์"},{"$i":"month-2-genitive","$v":"มีนาคม"},{"$i":"month-3-genitive","$v":"เมษายน"},{"$i":"month-4-genitive","$v":"พฤษภาคม"},{"$i":"month-5-genitive","$v":"มิถุนายน"},{"$i":"month-6-genitive","$v":"กรกฎาคม"},{"$i":"month-7-genitive","$v":"สิงหาคม"},{"$i":"month-8-genitive","$v":"กันยายน"},{"$i":"month-9-genitive","$v":"ตุลาคม"},{"$i":"month-10-genitive","$v":"พฤศจิกายน"},{"$i":"month-11-genitive","$v":"ธันวาคม"},{"$i":"month-0-short","$v":"ม.ค."},{"$i":"month-1-short","$v":"ก.พ."},{"$i":"month-2-short","$v":"มี.ค."},{"$i":"month-3-short","$v":"เม.ย."},{"$i":"month-4-short","$v":"พ.ค."},{"$i":"month-5-short","$v":"มิ.ย."},{"$i":"month-6-short","$v":"ก.ค."},{"$i":"month-7-short","$v":"ส.ค."},{"$i":"month-8-short","$v":"ก.ย."},{"$i":"month-9-short","$v":"ต.ค."},{"$i":"month-10-short","$v":"พ.ย."},{"$i":"month-11-short","$v":"ธ.ค."},{"$i":"minutes-ago-long","$v":{"few":[{"t":"idOrVar","v":"value"}," นาทีที่แล้ว"],"many":[{"t":"idOrVar","v":"value"}," นาทีที่แล้ว"],"one":"1 นาทีที่แล้ว","other":[{"t":"idOrVar","v":"value"}," นาทีที่แล้ว"],"two":[{"t":"idOrVar","v":"value"}," นาทีที่แล้ว"],"zero":"เมื่อสักครู่"},"$x":[{"t":"idOrVar","v":"plural"},"value"]},{"$i":"hours-ago-long","$v":{"few":[{"t":"idOrVar","v":"value"}," ชั่วโมงที่แล้ว"],"many":[{"t":"idOrVar","v":"value"}," ชั่วโมงที่แล้ว"],"one":"ชั่วโมงที่แล้ว","other":[{"t":"idOrVar","v":"value"}," ชั่วโมงที่แล้ว"],"two":[{"t":"idOrVar","v":"value"}," ชั่วโมงที่แล้ว"],"zero":"เมื่อสักครู่"},"$x":[{"t":"idOrVar","v":"plural"},"value"]},{"$i":"days-ago-long","$v":{"few":[{"t":"idOrVar","v":"value"}," วันที่แล้ว"],"many":[{"t":"idOrVar","v":"value"}," วันที่แล้ว"],"one":"เมื่อวานนี้","other":[{"t":"idOrVar","v":"value"}," วันที่แล้ว"],"two":[{"t":"idOrVar","v":"value"}," วันที่แล้ว"],"zero":"วันนี้"},"$x":[{"t":"idOrVar","v":"plural"},"value"]},{"$i":"weeks-ago-long","$v":{"few":[{"t":"idOrVar","v":"value"}," สัปดาห์ที่แล้ว"],"many":[{"t":"idOrVar","v":"value"}," สัปดาห์ที่แล้ว"],"one":"สัปดาห์ที่แล้ว","other":[{"t":"idOrVar","v":"value"}," สัปดาห์ที่แล้ว"],"two":[{"t":"idOrVar","v":"value"}," สัปดาห์ที่แล้ว"],"zero":"สัปดาห์นี้"},"$x":[{"t":"idOrVar","v":"plural"},"value"]},{"$i":"months-ago-long","$v":{"few":[{"t":"idOrVar","v":"value"}," เดือนที่แล้ว"],"many":[{"t":"idOrVar","v":"value"}," เดือนที่แล้ว"],"one":"เดือนที่แล้ว","other":[{"t":"idOrVar","v":"value"}," เดือนที่แล้ว"],"two":[{"t":"idOrVar","v":"value"}," เดือนที่แล้ว"],"zero":"เดือนนี้"},"$x":[{"t":"idOrVar","v":"plural"},"value"]},{"$i":"years-ago-long","$v":{"few":[{"t":"idOrVar","v":"value"}," ปีที่แล้ว"],"many":[{"t":"idOrVar","v":"value"}," ปีที่แล้ว"],"one":"ปีที่แล้ว","other":[{"t":"idOrVar","v":"value"}," ปีที่แล้ว"],"two":[{"t":"idOrVar","v":"value"}," ปีที่แล้ว"],"zero":"ปีนี้"},"$x":[{"t":"idOrVar","v":"plural"},"value"]},{"$i":"minutes-until-long","$v":{"few":["ใน ",{"t":"idOrVar","v":"value"}," นาที"],"many":["ใน ",{"t":"idOrVar","v":"value"}," นาที"],"one":"ใน 1 นาที","other":["ใน ",{"t":"idOrVar","v":"value"}," นาที"],"two":["ใน ",{"t":"idOrVar","v":"value"}," นาที"],"zero":"ตอนนี้"},"$x":[{"t":"idOrVar","v":"plural"},"value"]},{"$i":"hours-until-long","$v":{"few":["ใน ",{"t":"idOrVar","v":"value"}," ชั่วโมง"],"many":["ใน ",{"t":"idOrVar","v":"value"}," ชั่วโมง"],"one":"ใน 1 ชั่วโมง","other":["ใน ",{"t":"idOrVar","v":"value"}," ชั่วโมง"],"two":["ใน ",{"t":"idOrVar","v":"value"}," ชั่วโมง"],"zero":"ตอนนี้"},"$x":[{"t":"idOrVar","v":"plural"},"value"]},{"$i":"days-until-long","$v":{"few":["ใน ",{"t":"idOrVar","v":"value"}," วัน"],"many":["ใน ",{"t":"idOrVar","v":"value"}," วัน"],"one":"พรุ่งนี้","other":["ใน ",{"t":"idOrVar","v":"value"}," วัน"],"two":["ใน ",{"t":"idOrVar","v":"value"}," วัน"],"zero":"วันนี้"},"$x":[{"t":"idOrVar","v":"plural"},"value"]},{"$i":"weeks-until-long","$v":{"few":["ใน ",{"t":"idOrVar","v":"value"}," สัปดาห์"],"many":["ใน ",{"t":"idOrVar","v":"value"}," สัปดาห์"],"one":"สัปดาห์ถัดไป","other":["ใน ",{"t":"idOrVar","v":"value"}," สัปดาห์"],"two":["ใน ",{"t":"idOrVar","v":"value"}," สัปดาห์"],"zero":"สัปดาห์นี้"},"$x":[{"t":"idOrVar","v":"plural"},"value"]},{"$i":"months-until-long","$v":{"few":["ใน ",{"t":"idOrVar","v":"value"}," เดือน"],"many":["ใน ",{"t":"idOrVar","v":"value"}," เดือน"],"one":"เดือนถัดไป","other":["ใน ",{"t":"idOrVar","v":"value"}," เดือน"],"two":["ใน ",{"t":"idOrVar","v":"value"}," เดือน"],"zero":"เดือนนี้"},"$x":[{"t":"idOrVar","v":"plural"},"value"]},{"$i":"years-until-long","$v":{"few":["ใน ",{"t":"idOrVar","v":"value"}," ปี"],"many":["ใน ",{"t":"idOrVar","v":"value"}," ปี"],"one":"ปีถัดไป","other":["ใน ",{"t":"idOrVar","v":"value"}," ปี"],"two":["ใน ",{"t":"idOrVar","v":"value"}," ปี"],"zero":"ปีนี้"},"$x":[{"t":"idOrVar","v":"plural"},"value"]},{"$i":"minutes-ago-short","$v":{"other":[{"t":"idOrVar","v":"value"}," นาทีที่แล้ว"],"zero":"เมื่อสักครู่"},"$x":[{"t":"idOrVar","v":"plural"},"value"]},{"$i":"hours-ago-short","$v":{"other":[{"t":"idOrVar","v":"value"}," ชั่วโมงที่แล้ว"],"zero":"เมื่อสักครู่"},"$x":[{"t":"idOrVar","v":"plural"},"value"]},{"$i":"days-ago-short","$v":{"other":[{"t":"idOrVar","v":"value"}," วันที่แล้ว"],"zero":"วันนี้"},"$x":[{"t":"idOrVar","v":"plural"},"value"]},{"$i":"minutes-until-short","$v":{"other":["ใน ",{"t":"idOrVar","v":"value"}," นาที"],"zero":"ตอนนี้"},"$x":[{"t":"idOrVar","v":"plural"},"value"]},{"$i":"hours-until-short","$v":{"other":["ใน ",{"t":"idOrVar","v":"value"}," ชั่วโมง"],"zero":"ตอนนี้"},"$x":[{"t":"idOrVar","v":"plural"},"value"]},{"$i":"days-until-short","$v":{"other":["ใน ",{"t":"idOrVar","v":"value"}," วัน"],"zero":"วันนี้"},"$x":[{"t":"idOrVar","v":"plural"},"value"]},{"$i":"dateTimeFormat_%c","$v":"%a %b %e %Y %I:%M:%S %p"},{"$i":"dateTimeFormat_%x","$v":"%d/%m/%Y"},{"$i":"dateTimeFormat_%X","$v":"%I:%M:%S %p"},{"$i":"shortTimeFormat","$v":"%I:%M %p"},{"$i":"shortTimeFormat12","$v":"%I:%M %p"},{"$i":"shortTimeFormat24","$v":"%H:%M"},{"$i":"shortDateTimeFormat","$v":"%x %I:%M %p"},{"$i":"weekStartsOnMonday","$v":"0.0"},{"$i":"firstDayOfTheWeek","$v":"0.0"},{"$i":"time_am","$v":"AM"},{"$i":"time_pm","$v":"PM"},{"$i":"softkey-options","$v":"ตัวเลือก"},{"$i":"emergencyNumber","$v":"หมายเลขฉุกเฉิน"},{"$i":"callAirplaneModeMessage","$v":"หากต้องการโทรออก คุณต้องปิดใช้งานโหมดเครื่องบินในการตั้งค่า"},{"$i":"callAirplaneModeBtnOk","$v":"ตกลง"},{"$i":"callAirplaneModeTitle","$v":"เปิดใช้งานโหมดเครื่องบินแล้ว"},{"$i":"numberIsBusyTitle","$v":"หมายเลขไม่ว่าง"},{"$i":"numberIsBusyMessage","$v":"หมายเลขนี้ไม่ว่าง กรุณาลองใหม่ในภายหลัง"},{"$i":"fdnIsActiveTitle","$v":"FDN ใช้งานอยู่"},{"$i":"fdnIsActiveMessage","$v":["FDN (หมายเลขโทรออกที่กำหนด) เปิดใช้งานแล้ว และหมายเลขต่อไปนี้ไม่ได้อยู่ในรายการ FDN ของคุณ: ",{"t":"idOrVar","v":"number"}]},{"$i":"emergencyDialogBodyBadNumber","$v":"หากต้องการโทร โทรศัพท์จะต้องเชื่อมต่อกับเครือข่าย"},{"$i":"emergencyDialogBodyDeviceNotAccepted","$v":"การโทรฉุกเฉินไม่ได้รับอนุญาตโดยเครือข่าย"},{"$i":"emergencyDialogBtnOk","$v":"ตกลง"},{"$i":"emergencyDialogTitle","$v":"ไม่มีการเชื่อมต่อเครือข่าย"},{"$i":"invalidNumberToDialTitle","$v":"หมายเลขโทรศัพท์ไม่ถูกต้อง"},{"$i":"invalidNumberToDialMessage","$v":"หมายเลขโทรศัพท์ที่คุณกำลังโทรไม่ถูกต้อง"},{"$i":"unableToCallTitle","$v":"ไม่สามารถโทรออก"},{"$i":"unableToCallMessage","$v":"ไม่สามารถโทรออกได้ตอนนี้"},{"$i":"otherConnectionInUseTitle","$v":"การเชื่อมต่ออื่นที่กำลังใช้งานอยู่"},{"$i":"otherConnectionInUseMessage","$v":"คุณมีการโทรที่กำลังใช้งานอยู่ในการเชื่อมต่ออื่น คุณสามารถเพิ่มการเชื่อมต่อได้ครั้งละหนึ่งรายการเท่านั้น"},{"$i":"connectingEllipsis","$v":"กำลังเชื่อมต่อ..."}]