[{"$i":"messages","$v":"Mesajlar"},{"$i":"deleteMessages-title","$v":"Seç"},{"$i":"selectThreads-title","$v":"Seç"},{"$i":"edit","$v":"Düzenle"},{"$i":"back","$v":"Geri"},{"$i":"cancel","$v":"İptal"},{"$i":"delete","$v":"Sil"},{"$i":"deleting-messages","$v":"Siliniyor..."},{"$i":"deselect","$v":"Seçimi kaldır"},{"$i":"selected-threads","$v":{"few":[{"t":"idOrVar","v":"n"}," tane seçildi"],"many":[{"t":"idOrVar","v":"n"}," tane seçildi"],"one":[{"t":"idOrVar","v":"n"}," tane seçildi"],"other":[{"t":"idOrVar","v":"n"}," tane seçildi"],"two":[{"t":"idOrVar","v":"n"}," tane seçildi"],"zero":"0 tane seçildi"},"$x":[{"t":"idOrVar","v":"plural"},"n"]},{"$i":"selected-messages","$v":{"few":[{"t":"idOrVar","v":"n"}," tane seçildi"],"many":[{"t":"idOrVar","v":"n"}," tane seçildi"],"one":[{"t":"idOrVar","v":"n"}," tane seçildi"],"other":[{"t":"idOrVar","v":"n"}," tane seçildi"],"two":[{"t":"idOrVar","v":"n"}," tane seçildi"],"zero":"0 tane seçildi"},"$x":[{"t":"idOrVar","v":"plural"},"n"]},{"$i":"selectThreads-label","$v":"Başlıkları Seç"},{"$i":"selectMessages-label","$v":"Mesajları Seç"},{"$i":"new-message","$v":"Yeni"},{"$i":"delete-thread","$v":"Zinciri sil"},{"$i":"create-new-contact","$v":"Yeni kişi oluştur"},{"$i":"add-to-contact","$v":"Mevcut kişiye ekle"},{"$i":"select-thread","$v":"Başlık seç"},{"$i":"settings","$v":"Ayarlar"},{"$i":"select-all","$v":"Tümü"},{"$i":"deselect-all","$v":"Hiçbiri"},{"$i":"select","$v":"Seç"},{"$i":"sk-save-as-draft","$v":"Taslak olarak kaydet"},{"$i":"next","$v":"Sonraki"},{"$i":"send","$v":"Gönder"},{"$i":"add-contact","$v":"Ekle"},{"$i":"add-suggestion","$v":"Seç"},{"$i":"add-subject","$v":"Öğe ekle"},{"$i":"remove-subject","$v":"Öğeyi sil"},{"$i":"add-attachment","$v":"Ek ekle"},{"$i":"remove-attachment","$v":"Eki kaldır"},{"$i":"replace-attachment","$v":"Eki değiştir"},{"$i":"select-messages","$v":"Mesajları seç"},{"$i":"call","$v":"Ara"},{"$i":"forward","$v":"İlet"},{"$i":"view-message-report","$v":"Mesaj ayrıntılarını görüntüle"},{"$i":"cancel-view-report","$v":"İptal"},{"$i":"ok","$v":"Tamam"},{"$i":"enter","$v":"Gir"},{"$i":"open","$v":"Aç"},{"$i":"to","$v":"Alıcı"},{"$i":"new","$v":"Yeni"},{"$i":"message","$v":"Mesaj"},{"$i":"messagesInput_placeholder","$v":"Mesaj"},{"$i":"messagesSubjectInput_placeholder","$v":"Konu"},{"$i":"subjectComposerInput_placeholder","$v":"Konu"},{"$i":"converted-to-mms","$v":"Multimedya mesajına dönüştürülüyor."},{"$i":"converted-to-sms","$v":"Metin mesajına dönüştürülüyor."},{"$i":"messages-max-length-text","$v":"Maksimum uzunluğa ulaştınız."},{"$i":"messages-max-subject-length-text","$v":"Maksimum konu uzunluğuna ulaşıldı."},{"$i":"multimedia-message-exceeded-max-length","$v":["Bu mesaj tek multimedya mesajı için boyut sınırı olan ",{"t":"idOrVar","v":"mmsSize"}," MB'ı aşıyor."]},{"$i":"newMessage","$v":"Yeni mesaj"},{"$i":"sendMessage","$v":"Mesaj gönder"},{"$i":"sendMMSToEmail","$v":"Multimedya mesajı gönder"},{"$i":"no-recipient","$v":"(Alıcı yok)"},{"$i":"recipient","$v":{"few":[{"t":"idOrVar","v":"n"}," alıcı"],"many":[{"t":"idOrVar","v":"n"}," alıcı"],"one":[{"t":"idOrVar","v":"n"}," alıcı"],"other":[{"t":"idOrVar","v":"n"}," alıcı"],"two":[{"t":"idOrVar","v":"n"}," alıcı"]},"$x":[{"t":"idOrVar","v":"plural"},"n"]},{"$i":"attachmentSizeB","$v":[{"t":"idOrVar","v":"n"}," B"]},{"$i":"attachmentSizeKB","$v":[{"t":"idOrVar","v":"n"}," KB"]},{"$i":"attachmentSizeMB","$v":[{"t":"idOrVar","v":"n"}," MB"]},{"$i":"attachmentOpenError","$v":"Bu dosya türünü açmak için kullanılabilir uygulama yok."},{"$i":"remove","$v":"Kaldır"},{"$i":"participant","$v":{"few":[{"t":"idOrVar","v":"n"}," katılımcı"],"many":[{"t":"idOrVar","v":"n"}," katılımcı"],"one":[{"t":"idOrVar","v":"n"}," katılımcı"],"other":[{"t":"idOrVar","v":"n"}," katılımcı"],"two":[{"t":"idOrVar","v":"n"}," katılımcı"]},"$x":[{"t":"idOrVar","v":"plural"},"n"]},{"$i":"message-report","$v":"Mesaj raporu"},{"$i":"message-type-sms","$v":"Metin mesajı (SMS)"},{"$i":"message-type-mms","$v":"Multimedya Mesajı (MMS)"},{"$i":"sms-report-description","$v":["Metin Mesajınız (sMS) ",{"t":"idOrVar","v":"datetime"}," tarihinde gönderildi"]},{"$i":"mms-report-description","$v":[{"t":"idOrVar","v":"subject"}," konulu Multimedya Mesajınız (MMS) ",{"t":"idOrVar","v":"datetime"}," tarihinde gönderildi"]},{"$i":"mms-no-subject-report-description","$v":["Multimedya Mesajınız (MMS) ",{"t":"idOrVar","v":"datetime"}," tarihinde gönderildi"]},{"$i":"message-subject","$v":"Konu:"},{"$i":"report-status-error","$v":"Mesaj gönderilemedi."},{"$i":"report-status-not-downloaded","$v":"indirilmedi"},{"$i":"report-status-delivered","$v":"Gönderildi:"},{"$i":"report-status-read","$v":"Oku:"},{"$i":"report-status-pending","$v":"Rapor istendi"},{"$i":"report-status-rejected","$v":"Mesaj reddedildi"},{"$i":"message-size-was","$v":"Mesaj boyutu:"},{"$i":"report-to-title","$v":"Alıcı"},{"$i":"report-from-title","$v":"Gönderen"},{"$i":"message-sent","$v":"Gönderilen:"},{"$i":"message-sending","$v":[{"t":"idOrVar","v":"message-delivery-status-sending"}]},{"$i":"message-received","$v":"Alınan:"},{"$i":"message-via","$v":"İle:"},{"$i":"message-resend","$v":"Yeniden Gönder"},{"$i":"search","$v":"Arama"},{"$i":"unknown-contact-title","$v":"Bilinmeyen Kişi"},{"$i":"phone-type-separator","$v":", "},{"$i":"phone-carrier-separator","$v":" "},{"$i":"thread-participant-separator","$v":", "},{"$i":"replace-draft","$v":"Var olan Taslağı değiştir"},{"$i":"save-as-draft","$v":"Kaydet"},{"$i":"discard-message","$v":"Vazgeç"},{"$i":"discard-sms","$v":"Bu mesajdan vazgeçmek istediğinizden emin misiniz?"},{"$i":"discard-new-message","$v":"Oluşturduğunuz mesajdan vazgeçilsin ve yeni mesaj açılsın mı?"},{"$i":"resend-confirmation","$v":"Mesaj gönderilemedi. Yeniden denensin mi?"},{"$i":"resend-message","$v":"Bu mesajı yeniden gönder"},{"$i":"deleteMessage-confirmation","$v":"Seçilen mesaj silinsin mi?"},{"$i":"deleteMessages-confirmation","$v":"Seçilen mesajlar silinsin mi?"},{"$i":"deleteThreads-confirmation2","$v":{"one":"Seçilen mesaj zinciri silinsin mi?","other":"Seçilen mesaj zincirleri silinsin mi?"},"$x":[{"t":"idOrVar","v":"plural"},"n"]},{"$i":"new-message-notice-text","$v":"Kişisinden yeni mesaj"},{"$i":"new-message-notice-a-text","$v":"Oku"},{"$i":"noMessages-title","$v":"Mesaj yok"},{"$i":"noMessages-text","$v":"İletişime başlamak için Yeni’ye basın."},{"$i":"sendDefaultErrorTitle","$v":"Gönderme Hatası"},{"$i":"sendDefaultErrorBody","$v":"Mesaj gönderilirken bir problem oluştu. Lütfen tekrar deneyin."},{"$i":"sendDefaultErrorBtnOk","$v":"Tamam"},{"$i":"sendMissingSimCardTitle","$v":"Gönderme Hatası"},{"$i":"sendMissingSimCardBody","$v":"Devam etmek için geçerli bir SIM kart takın."},{"$i":"sendMissingSimCardBtnOk","$v":"Tamam"},{"$i":"sendFlightModeTitle","$v":"Gönderme Hatası"},{"$i":"sendFlightModeBody","$v":"Mesajları göndermek için uçuş modunu kapatın."},{"$i":"sendFlightModeBtnOk","$v":"Tamam"},{"$i":"radioDisabledToDownloadTitle","$v":"İndirme Hatası"},{"$i":"radioDisabledToDownloadBody","$v":"Ekleri indirmek için uçuş modunu kapatın."},{"$i":"radioDisabledToDownloadBtnOk","$v":[{"t":"idOrVar","v":"sendFlightModeBtnOk"}]},{"$i":"downloadDefaultErrorTitle","$v":"İndirme Sorunu"},{"$i":"downloadDefaultErrorBody","$v":"Mesaj indirilirken bir problemle karşılaşıldı. Lütfen tekrar deneyin."},{"$i":"downloadDefaultErrorBtnOk","$v":[{"t":"idOrVar","v":"sendDefaultErrorBtnOk"}]},{"$i":"fdnErrorTitle","$v":"Gönderme Hatası"},{"$i":"needConnectWifiBody","$v":"Kullanılabilir hücresel ağ yok. Mesajlaşma için kullanılabilir bir Wi-Fi ağına bağlanın."},{"$i":"needConnectWifiTitle","$v":"Mesaj gönderilmedi"},{"$i":"mmsChanelUsedBody","$v":"DDS olmayan alt bileşen ile gönderilen bir MMS var, gönderme işlemi tamamlanana kadar bekleyin."},{"$i":"mmsChanelUsedTitle","$v":"Kullanılan MMS Kanalı"},{"$i":"sms-counter-notice-label","$v":["SMS ",{"t":"idOrVar","v":"number"}," düzenleniyor"]},{"$i":"fdnErrorBody","$v":{"few":"FDN (Sabit Arama Numaraları) etkinleştirildi. SMS merkezinin ve belirtilen alıcıların FDN listenizde olduğundan emin olun.","many":"FDN (Sabit Arama Numaraları) etkinleştirildi. SMS merkezinin ve belirtilen alıcıların FDN listenizde olduğundan emin olun.","one":"FDN (Sabit Arama Numaraları) etkinleştirildi. SMS merkezinin ve belirtilen alıcıların FDN listenizde olduğundan emin olun.","other":"FDN (Sabit Arama Numaraları) etkinleştirildi. SMS merkezinin ve belirtilen alıcıların FDN listenizde olduğundan emin olun.","two":"FDN (Sabit Arama Numaraları) etkinleştirildi. SMS merkezinin ve belirtilen alıcıların FDN listenizde olduğundan emin olun."},"$x":[{"t":"idOrVar","v":"plural"},"n"]},{"$i":"fdnErrorBtnOk","$v":"Tamam"},{"$i":"sendNoSignalErrorTitle","$v":"Gönderme Hatası"},{"$i":"sendNoSignalErrorBody","$v":"Telefonunuzun mobil sinyali olduğundan emin olun ve tekrar deneyin."},{"$i":"sendNoSignalErrorBtnOk","$v":"Tamam"},{"$i":"sendNotFoundErrorTitle","$v":"Gönderme Hatası"},{"$i":"sendNotFoundErrorBody","$v":"Aradığınız mesaj artık kullanılamıyor."},{"$i":"sendNotFoundErrorBtnOk","$v":"Tamam"},{"$i":"sendInvalidAddressErrorTitle","$v":"Gönderme Hatası"},{"$i":"sendInvalidAddressErrorBody","$v":"Gönderdiğiniz numaranın geçerli olduğundan emin olun."},{"$i":"sendInvalidAddressErrorBtnOk","$v":"Tamam"},{"$i":"simNotMatchedErrorTitle","$v":"İndirilemiyor"},{"$i":"simNotMatchedErrorBody","$v":"Taktığınız SIM kartın bu mesajı almak için kullandığınız SIM kart olduğundan emin olum."},{"$i":"simNotMatchedErrorBtnOk","$v":"Tamam"},{"$i":"netWorkErrorTitle","$v":"Ağ Hatası"},{"$i":"netWorkErrorBody","$v":"Ağda bazı sorunlar var, lütfen önce bunları kontrol edin."},{"$i":"netWorkErrorBtnOk","$v":"Tamam"},{"$i":"deleted-sms","$v":"Bu mesaj zaten silinmiş."},{"$i":"view-attachment-image","$v":"Görüntüle"},{"$i":"view-attachment-audio","$v":"Dinle"},{"$i":"view-attachment-video","$v":"Görüntüle"},{"$i":"view-attachment-other","$v":"Görüntüle"},{"$i":"remove-attachment-image","$v":"Resmi kaldır"},{"$i":"remove-attachment-audio","$v":"Sesi kaldır"},{"$i":"remove-attachment-video","$v":"Videoyu kaldır"},{"$i":"remove-attachment-other","$v":"Eki kaldır"},{"$i":"replace-attachment-image","$v":"Resmi değiştir"},{"$i":"replace-attachment-audio","$v":"Sesi değiştir"},{"$i":"replace-attachment-video","$v":"Videoyu değiştir"},{"$i":"replace-attachment-other","$v":"Eki değiştir"},{"$i":"unsent-message-title","$v":"Gönderilmemiş Mesaj"},{"$i":"unsent-message-description","$v":"Önceki mesajınız gönderilmedi. Gönderilmeyen mesajı düzenlemek veya iptal edip devam etmek ister misiniz?"},{"$i":"unsent-message-option-edit","$v":"Düzenle"},{"$i":"unsent-message-option-discard","$v":"Vazgeç"},{"$i":"message-options","$v":"Mesaj seçenekleri"},{"$i":"select-text","$v":"Metin seç"},{"$i":"mobile","$v":"Mobil"},{"$i":"home","$v":"Ev"},{"$i":"work","$v":"İş"},{"$i":"personal","$v":"Kişisel"},{"$i":"faxHome","$v":"Eve faks gönder"},{"$i":"faxOffice","$v":"Ofise faks gönder"},{"$i":"faxOther","$v":"Başkasına faks gönder"},{"$i":"another","$v":"Başka"},{"$i":"other","$v":"Diğer"},{"$i":"today","$v":"Bugün"},{"$i":"yesterday","$v":"Dün"},{"$i":"incorrectDate","$v":"(hatalı tarih)"},{"$i":"addToExistingContact","$v":"Mevcut kişiye ekle"},{"$i":"createNewContact","$v":"Yeni kişi oluştur"},{"$i":"viewContact","$v":"Kişiyi görüntüle"},{"$i":"sendEmail","$v":"E-posta gönder"},{"$i":"mms-message","$v":"MMS mesajı"},{"$i":"notDownloaded-title","$v":"Mesaj henüz indirilmedi."},{"$i":"tobedownloaded-attachment","$v":["Multimedya mesajı aldınız, içeriğini almak için ",{"t":"idOrVar","v":"date"}," tarihinden önce İndir'e basın."]},{"$i":"expired-attachment","$v":["Üzgünüz, mesajın ",{"t":"idOrVar","v":"date"}," tarihinde süresi doldu ve indirilemiyor."]},{"$i":"download-attachment","$v":"İndir"},{"$i":"downloading-attachment","$v":"İndiriliyor..."},{"$i":"download-complete","$v":"İndirme tamamlandı"},{"$i":"unnamed-attachment","$v":"Başlıksız"},{"$i":"mms-label","$v":"MMS"},{"$i":"group-label","$v":"GRUP"},{"$i":"attached-files-too-large","$v":{"few":["Bu mesajlar tek multimedya mesajı için boyut sınırı olan ",{"t":"idOrVar","v":"mmsSize"}," MB'ı aşıyor."],"many":["Bu mesajlar tek multimedya mesajı için boyut sınırı olan ",{"t":"idOrVar","v":"mmsSize"}," MB'ı aşıyor."],"one":["Bu mesaj tek multimedya mesajı için boyut sınırı olan ",{"t":"idOrVar","v":"mmsSize"}," MB'ı aşıyor."],"other":["Bu mesajlar tek multimedya mesajı için boyut sınırı olan ",{"t":"idOrVar","v":"mmsSize"}," MB'ı aşıyor."],"two":["Bu mesajlar tek multimedya mesajı için boyut sınırı olan ",{"t":"idOrVar","v":"mmsSize"}," MB'ı aşıyor."],"zero":["Bu mesajlar tek multimedya mesajı için boyut sınırı olan ",{"t":"idOrVar","v":"mmsSize"}," MB'ı aşıyor."]},"$x":[{"t":"idOrVar","v":"plural"},"n"]},{"$i":"resize-image","$v":"Ekli resim yeniden boyutlandırılıyor"},{"$i":"no-attachment-text","$v":"Eklenen dosya ile ilgili bir problem var ve indirilemiyor."},{"$i":"message-draft-saved","$v":"Mesaj taslak olarak saklandı"},{"$i":"sim-id-label","$v":["SIM ",{"t":"idOrVar","v":"id"}]},{"$i":"sim-detail","$v":["SIM ",{"t":"idOrVar","v":"id"},", ",{"t":"idOrVar","v":"detailString"}]},{"$i":"dsds-notification-title-with-sim","$v":["(",{"t":"idOrVar","v":"sim"},") ",{"t":"idOrVar","v":"sender"}]},{"$i":"send-button","ariaLabel":"Gönder"},{"$i":"send-button-sim-indication","$v":[{"t":"idOrVar","v":"n"}],"ariaLabel":["SIM ",{"t":"idOrVar","v":"n"}," kullanılıyor"]},{"$i":"expiry-date-format","$v":"%A, %B %e"},{"$i":"attach-button","ariaLabel":"Ek ekle"},{"$i":"contact-photo","ariaLabel":"Kişi fotoğrafı"},{"$i":"unread-thread","ariaLabel":"Okunmamış"},{"$i":"has-draft","ariaLabel":"Taslak var"},{"$i":"is-draft","ariaLabel":"Taslak"},{"$i":"message-delivery-status-sending","$v":"Gönderiliyor…"},{"$i":"message-delivery-status-delivered","$v":"Gönderildi"},{"$i":"message-delivery-status-read","ariaLabel":"Oku"},{"$i":"message-delivery-status-error","ariaLabel":"Hata"},{"$i":"modal-dialog-ok-button","$v":"Tamam"},{"$i":"modal-dialog-cancel-button","$v":"İptal"},{"$i":"modal-dialog-default-title","$v":"Mesajlar"},{"$i":"delete-message","$v":"Mesaj silindi"},{"$i":"message-converted-to-toast","$v":["Mesaj ",{"t":"idOrVar","v":"type"}," türüne dönüştürüldü"]},{"$i":"message-sent-toast","$v":"Mesaj gönderildi"},{"$i":"deleteMessage-confirmation2","$v":"Seçilen mesaj zinciri silinsin mi?"},{"$i":"deleted-message","$v":{"few":[{"t":"idOrVar","v":"n"}," mesaj silindi"],"many":[{"t":"idOrVar","v":"n"}," mesaj silindi"],"one":[{"t":"idOrVar","v":"n"}," mesaj silindi"],"other":[{"t":"idOrVar","v":"n"}," mesaj silindi"],"two":[{"t":"idOrVar","v":"n"}," mesaj silindi"],"zero":"0 mesaj silindi"},"$x":[{"t":"idOrVar","v":"plural"},"n"]},{"$i":"deleted-threads","$v":{"few":[{"t":"idOrVar","v":"n"}," mesaj zinciri silindi"],"many":[{"t":"idOrVar","v":"n"}," mesaj zinciri silindi"],"one":"Zincir silindi","other":[{"t":"idOrVar","v":"n"}," mesaj zinciri silindi"],"two":[{"t":"idOrVar","v":"n"}," mesaj zinciri silindi"],"zero":"0 zincir silindi"},"$x":[{"t":"idOrVar","v":"plural"},"n"]},{"$i":"wapPushMessages","$v":"WAP Push mesajları"},{"$i":"auto-retrieve-messages","$v":"Mesajları otomatik al"},{"$i":"auto-retrieve-messages-title","$v":"Mesajları Otomatik Al"},{"$i":"auto-roaming-retrieve","$v":"Uluslararası dolaşım açık"},{"$i":"auto-no-roaming-retrieve","$v":"On without roaming"},{"$i":"mmsTitle","$v":"Multimedya Mesajı (MMS)"},{"$i":"message-delivery-reports","$v":"İletim raporları"},{"$i":"message-delivery-reports-title","$v":"İletim Raporları"},{"$i":"messageReport-title","$v":"Mesaj Ayrıntıları"},{"$i":"sms-label","$v":"SMS"},{"$i":"messaging-settings","$v":"Mesajlaşma Ayarları"},{"$i":"messagingSettings-header","$v":[{"t":"idOrVar","v":"messaging-settings"}]},{"$i":"confirmation-title","$v":"Onay"},{"$i":"draft-save-content","$v":"Taslak olarak kaydedilsin mi?"},{"$i":"draft-discard-content","$v":"Mesaj çıkarıldı"},{"$i":"switch-on","$v":"Açık"},{"$i":"switch-off","$v":"Kapalı"},{"$i":"auto-retrieve-desc","$v":"Mesajları otomatik al"},{"$i":"confirm-dialog-ok","$v":"Tamam"},{"$i":"yes","$v":"Evet"},{"$i":"no","$v":"Hayır"},{"$i":"delete-current-thread?","$v":"Seçilen mesaj zinciri silinsin mi?"},{"$i":"attention","$v":"Dikkat"},{"$i":"delivery-title","$v":"Metin mesajı (SMS)"},{"$i":"send-failed","$v":"Gönderilemedi."},{"$i":"subject-removed","$v":"Konu kaldırıldı."},{"$i":"data-storage-limit-alert-title","$v":"Telefon depolama birimi dolu."},{"$i":"data-storage-limit-send-body","$v":"MMS gönderilemiyor. Yer açmak için mesajları silin veya Ayarlar seçeneğine gidin."},{"$i":"data-storage-limit-download-body","$v":"MMS indirilemiyor. Yer açmak için mesajları silin veya Ayarlar seçeneğine gidin."},{"$i":"data-storage-limit-alert-cancel","$v":"İptal"},{"$i":"data-storage-limit-alert-setting","$v":"Ayarlar"},{"$i":"recipient-repeat","$v":"Yinelenen kişi."},{"$i":"email","$v":"E-POSTA"},{"$i":"options","$v":"Seçenekler"},{"$i":"emergency-alert-title","$v":"Kablosuz Acil Uyarısı"},{"$i":"emergency-alert","$v":"Kablosuz Acil Uyarısı"},{"$i":"wappushNormal","$v":"Wap push"},{"$i":"wappushSIM1","$v":"WAP push - SIM 1"},{"$i":"wappushSIM2","$v":"WAP push - SIM 2"},{"$i":"not-assigned","$v":"Atanmadı"},{"$i":"switchSIMDataSendAlertTitle","$v":"MMS gönderilemedi."},{"$i":"switchSIMDataSendAlertBody","$v":["MMS göndermek için SIM Yönetimi ayarlarından veri için SIM kartını SIM ",{"t":"idOrVar","v":"nonActiveSimId"}," olarak değiştirmeniz gerekir."]},{"$i":"switchSIMDataSendAlertDesc","$v":"Ayarları güncellemek için lütfen Ayarlar’a gidin."},{"$i":"switchSIMDataReceiveAlertTitle","$v":"MMS alınamadı."},{"$i":"switchSIMDataReceiveAlertBody","$v":["MMS almak için SIM Yönetimi ayarlarından veri için SIM kartını SIM ",{"t":"idOrVar","v":"nonActiveSimId"}," olarak değiştirmeniz gerekir."]},{"$i":"switchSIMDataReceiveAlertDesc","$v":"Ayarları güncellemek için lütfen Ayarlar’a gidin."},{"$i":"group-message","$v":"Grup Mesajı"},{"$i":"individual-message","$v":"Bireysel mesaj"},{"$i":"group-message-alert-title","$v":"Grup Mesajı"},{"$i":"group-message-alert-body","$v":"Grup mesajı oluşturulsun mu? (Grup mesajı MMS aracılığıyla gönderilecek ve SMS, hizmet tarifesine bağlı olarak Mesaj kablosuz sağlayıcısının ek ücret yansıtmasına yol açacaktır.)"},{"$i":"group-message-individual","$v":"Bireysel Olarak Kalsın"},{"$i":"group-message-setting","$v":"Grup Oluştur"},{"$i":"new-message-individual","$v":"Yeni Mesaj (Bireysel)"},{"$i":"new-message-group","$v":"Yeni Mesaj (Grup)"},{"$i":"no-phone-number","$v":"Atanmamış"},{"$i":"device-phone-number","$v":"Telefon numaram"},{"$i":"group-message-phone","$v":"Grup Mesajları"},{"$i":"my-phone-number","$v":"Telefon numaram"},{"$i":"delivery-notification","$v":"Mesaj iletildi"},{"$i":"wait","$v":"bekliyor"},{"$i":"isTextTooLongAlert","$v":"Maksimum mesaj uzunluğu aşıldı."},{"$i":"video-call","$v":"Görüntülü arama"},{"$i":"normal-call","$v":"Çağrı"},{"$i":"attachment","$v":"Ek"},{"$i":"limit-MMS-recipients","$v":"Her MMS en fazla 20 alıcıya gönderilebilir."},{"$i":"block-contact","$v":"Kişiyi engelle"},{"$i":"blocked","$v":"Engelle"},{"$i":"unblocked","$v":"Engeli kaldır"},{"$i":"rtt-call","$v":"RTT araması"},{"$i":"remove-all-attachments","$v":"Tüm ekleri kaldır"},{"$i":"block-confirmation","$v":"Engellediğiniz kişilerden telefon çağrısı ve mesaj almayacaksınız."},{"$i":"space-low-not-save","$v":"Saklama alanı dolu, taslak kaydedilemedi."},{"$i":"sms-encoding-mode","$v":"SMS Kodlama"},{"$i":"sms-reduced-format","$v":"İndirgenmiş Biçim"},{"$i":"sms-full-format","$v":"Tam Biçim"},{"$i":"smscNormal","$v":"Hizmet Merkezi"},{"$i":"smscSIM1","$v":"Hizmet Merkezi SIM1"},{"$i":"smscSIM2","$v":"Hizmet Merkezi SIM2"},{"$i":"withoutDataTitle","$v":"Başarısız"},{"$i":"withoutDataBody","$v":"MMS göndermek veya indirmek için lütfen Ayarlar’dan Veri Bağlantısı’nı etkinleştirin"},{"$i":"withoutDataBtnOk","$v":"Tamam"},{"$i":"withoutDataBtnSettings","$v":"Ayarlar"},{"$i":"weekday-0-long","$v":"Pazar"},{"$i":"weekday-1-long","$v":"Pazartesi"},{"$i":"weekday-2-long","$v":"Salı"},{"$i":"weekday-3-long","$v":"Çarşamba"},{"$i":"weekday-4-long","$v":"Perşembe"},{"$i":"weekday-5-long","$v":"Cuma"},{"$i":"weekday-6-long","$v":"Cumartesi"},{"$i":"weekday-0-short","$v":"Paz"},{"$i":"weekday-1-short","$v":"Pzt"},{"$i":"weekday-2-short","$v":"Sal"},{"$i":"weekday-3-short","$v":"Çrş"},{"$i":"weekday-4-short","$v":"Per"},{"$i":"weekday-5-short","$v":"Cum"},{"$i":"weekday-6-short","$v":"Cmt"},{"$i":"month-0-long","$v":"Ocak"},{"$i":"month-1-long","$v":"Şubat"},{"$i":"month-2-long","$v":"Mart"},{"$i":"month-3-long","$v":"Nisan"},{"$i":"month-4-long","$v":"Mayıs"},{"$i":"month-5-long","$v":"Haziran"},{"$i":"month-6-long","$v":"Temmuz"},{"$i":"month-7-long","$v":"Ağustos"},{"$i":"month-8-long","$v":"Eylül"},{"$i":"month-9-long","$v":"Ekim"},{"$i":"month-10-long","$v":"Kasım"},{"$i":"month-11-long","$v":"Aralık"},{"$i":"month-0-genitive","$v":"Ocak"},{"$i":"month-1-genitive","$v":"Şubat"},{"$i":"month-2-genitive","$v":"Mart"},{"$i":"month-3-genitive","$v":"Nisan"},{"$i":"month-4-genitive","$v":"Mayıs"},{"$i":"month-5-genitive","$v":"Haziran"},{"$i":"month-6-genitive","$v":"Temmuz"},{"$i":"month-7-genitive","$v":"Ağustos"},{"$i":"month-8-genitive","$v":"Eylül"},{"$i":"month-9-genitive","$v":"Ekim"},{"$i":"month-10-genitive","$v":"Kasım"},{"$i":"month-11-genitive","$v":"Aralık"},{"$i":"month-0-short","$v":"Oca"},{"$i":"month-1-short","$v":"Şub"},{"$i":"month-2-short","$v":"Mar"},{"$i":"month-3-short","$v":"Nis"},{"$i":"month-4-short","$v":"Mayıs"},{"$i":"month-5-short","$v":"Haz"},{"$i":"month-6-short","$v":"Tem"},{"$i":"month-7-short","$v":"Ağu"},{"$i":"month-8-short","$v":"Eyl"},{"$i":"month-9-short","$v":"Eki"},{"$i":"month-10-short","$v":"Kas"},{"$i":"month-11-short","$v":"Ara"},{"$i":"minutes-ago-long","$v":{"few":[{"t":"idOrVar","v":"value"}," dakika önce"],"many":[{"t":"idOrVar","v":"value"}," dakika önce"],"one":"bir dakika önce","other":[{"t":"idOrVar","v":"value"}," dakika önce"],"two":[{"t":"idOrVar","v":"value"}," dakika önce"],"zero":"az önce"},"$x":[{"t":"idOrVar","v":"plural"},"value"]},{"$i":"hours-ago-long","$v":{"few":[{"t":"idOrVar","v":"value"}," saat önce"],"many":[{"t":"idOrVar","v":"value"}," saat önce"],"one":"bir saat önce","other":[{"t":"idOrVar","v":"value"}," saat önce"],"two":[{"t":"idOrVar","v":"value"}," saat önce"],"zero":"az önce"},"$x":[{"t":"idOrVar","v":"plural"},"value"]},{"$i":"days-ago-long","$v":{"few":[{"t":"idOrVar","v":"value"}," gün önce"],"many":[{"t":"idOrVar","v":"value"}," gün önce"],"one":"dün","other":[{"t":"idOrVar","v":"value"}," gün önce"],"two":[{"t":"idOrVar","v":"value"}," gün önce"],"zero":"bugün"},"$x":[{"t":"idOrVar","v":"plural"},"value"]},{"$i":"weeks-ago-long","$v":{"few":[{"t":"idOrVar","v":"value"}," hafta önce"],"many":[{"t":"idOrVar","v":"value"}," hafta önce"],"one":"geçen hafta","other":[{"t":"idOrVar","v":"value"}," hafta önce"],"two":[{"t":"idOrVar","v":"value"}," hafta önce"],"zero":"bu hafta"},"$x":[{"t":"idOrVar","v":"plural"},"value"]},{"$i":"months-ago-long","$v":{"few":[{"t":"idOrVar","v":"value"}," ay önce"],"many":[{"t":"idOrVar","v":"value"}," ay önce"],"one":"geçen ay","other":[{"t":"idOrVar","v":"value"}," ay önce"],"two":[{"t":"idOrVar","v":"value"}," ay önce"],"zero":"bu ay"},"$x":[{"t":"idOrVar","v":"plural"},"value"]},{"$i":"years-ago-long","$v":{"few":[{"t":"idOrVar","v":"value"}," yıl önce"],"many":[{"t":"idOrVar","v":"value"}," yıl önce"],"one":"geçen yıl","other":[{"t":"idOrVar","v":"value"}," yıl önce"],"two":[{"t":"idOrVar","v":"value"}," yıl önce"],"zero":"bu yıl"},"$x":[{"t":"idOrVar","v":"plural"},"value"]},{"$i":"minutes-until-long","$v":{"few":[{"t":"idOrVar","v":"value"}," dakika içinde"],"many":[{"t":"idOrVar","v":"value"}," dakika içinde"],"one":"bir dakika içinde","other":[{"t":"idOrVar","v":"value"}," dakika içinde"],"two":[{"t":"idOrVar","v":"value"}," dakika içinde"],"zero":"şimdi"},"$x":[{"t":"idOrVar","v":"plural"},"value"]},{"$i":"hours-until-long","$v":{"few":[{"t":"idOrVar","v":"value"}," saat içinde"],"many":[{"t":"idOrVar","v":"value"}," saat içinde"],"one":"bir saat içinde","other":[{"t":"idOrVar","v":"value"}," saat içinde"],"two":[{"t":"idOrVar","v":"value"}," saat içinde"],"zero":"şimdi"},"$x":[{"t":"idOrVar","v":"plural"},"value"]},{"$i":"days-until-long","$v":{"few":[{"t":"idOrVar","v":"value"}," gün içinde"],"many":[{"t":"idOrVar","v":"value"}," gün içinde"],"one":"yarın","other":[{"t":"idOrVar","v":"value"}," gün içinde"],"two":[{"t":"idOrVar","v":"value"}," gün içinde"],"zero":"bugün"},"$x":[{"t":"idOrVar","v":"plural"},"value"]},{"$i":"weeks-until-long","$v":{"few":[{"t":"idOrVar","v":"value"}," hafta içinde"],"many":[{"t":"idOrVar","v":"value"}," hafta içinde"],"one":"gelecek hafta","other":[{"t":"idOrVar","v":"value"}," hafta içinde"],"two":[{"t":"idOrVar","v":"value"}," hafta içinde"],"zero":"bu hafta"},"$x":[{"t":"idOrVar","v":"plural"},"value"]},{"$i":"months-until-long","$v":{"few":[{"t":"idOrVar","v":"value"}," ay içinde"],"many":[{"t":"idOrVar","v":"value"}," ay içinde"],"one":"gelecek ay","other":[{"t":"idOrVar","v":"value"}," ay içinde"],"two":[{"t":"idOrVar","v":"value"}," ay içinde"],"zero":"bu ay"},"$x":[{"t":"idOrVar","v":"plural"},"value"]},{"$i":"years-until-long","$v":{"few":[{"t":"idOrVar","v":"value"}," yıl içinde"],"many":[{"t":"idOrVar","v":"value"}," yıl içinde"],"one":"gelecek yıl","other":[{"t":"idOrVar","v":"value"}," yıl içinde"],"two":[{"t":"idOrVar","v":"value"}," yıl içinde"],"zero":"bu yıl"},"$x":[{"t":"idOrVar","v":"plural"},"value"]},{"$i":"minutes-ago-short","$v":{"other":[{"t":"idOrVar","v":"value"},"d önce"],"zero":"az önce"},"$x":[{"t":"idOrVar","v":"plural"},"value"]},{"$i":"hours-ago-short","$v":{"other":[{"t":"idOrVar","v":"value"},"s önce"],"zero":"az önce"},"$x":[{"t":"idOrVar","v":"plural"},"value"]},{"$i":"days-ago-short","$v":{"other":[{"t":"idOrVar","v":"value"},"g önce"],"zero":"bugün"},"$x":[{"t":"idOrVar","v":"plural"},"value"]},{"$i":"minutes-until-short","$v":{"other":[{"t":"idOrVar","v":"value"},"d içinde"],"zero":"şimdi"},"$x":[{"t":"idOrVar","v":"plural"},"value"]},{"$i":"hours-until-short","$v":{"other":[{"t":"idOrVar","v":"value"},"s içinde"],"zero":"şimdi"},"$x":[{"t":"idOrVar","v":"plural"},"value"]},{"$i":"days-until-short","$v":{"other":[{"t":"idOrVar","v":"value"},"g içinde"],"zero":"bugün"},"$x":[{"t":"idOrVar","v":"plural"},"value"]},{"$i":"dateTimeFormat_%c","$v":"%a %b %e %Y %I:%M:%S %p"},{"$i":"dateTimeFormat_%x","$v":"%d/%m/%Y"},{"$i":"dateTimeFormat_%X","$v":"%I:%M:%S %p"},{"$i":"shortTimeFormat","$v":"%I:%M %p"},{"$i":"shortTimeFormat12","$v":"%I:%M %p"},{"$i":"shortTimeFormat24","$v":"%H:%M"},{"$i":"shortDateTimeFormat","$v":"%x %I:%M %p"},{"$i":"weekStartsOnMonday","$v":"0.0"},{"$i":"firstDayOfTheWeek","$v":"1.0"},{"$i":"time_am","$v":"AM"},{"$i":"time_pm","$v":"PM"},{"$i":"softkey-options","$v":"Seçenekler"},{"$i":"emergencyNumber","$v":"Acil durum numarası"},{"$i":"callAirplaneModeMessage","$v":"Çağrı yapabilmek için Ayarlar'da uçak modunu kapatmalısınız."},{"$i":"callAirplaneModeBtnOk","$v":"Tamam"},{"$i":"callAirplaneModeTitle","$v":"Uçak modu etkin"},{"$i":"numberIsBusyTitle","$v":"Numara meşgul"},{"$i":"numberIsBusyMessage","$v":"Aradığınız numara şu anda meşgul. Lütfen daha sonra tekrar deneyin."},{"$i":"fdnIsActiveTitle","$v":"FDN etkin"},{"$i":"fdnIsActiveMessage","$v":["FDN (Sabit Arama Numaraları) etkinleştirildi ve şu numara FDN listenizde değil: ",{"t":"idOrVar","v":"number"}]},{"$i":"emergencyDialogBodyBadNumber","$v":"Çağrı yapmak için telefon bir şebekeye bağlı olmalıdır."},{"$i":"emergencyDialogBodyDeviceNotAccepted","$v":"Acil çağrılara şebeke tarafından izin verilmemektedir."},{"$i":"emergencyDialogBtnOk","$v":"Tamam"},{"$i":"emergencyDialogTitle","$v":"Şebeke bağlantısı yok"},{"$i":"invalidNumberToDialTitle","$v":"Geçersiz telefon numarası"},{"$i":"invalidNumberToDialMessage","$v":"Aradığınız telefon numarası geçersiz."},{"$i":"unableToCallTitle","$v":"Çağrı yapılamaz"},{"$i":"unableToCallMessage","$v":"Şu an telefon çağrısı yapılamıyor."},{"$i":"otherConnectionInUseTitle","$v":"Başka bir bağlantı kullanımda"},{"$i":"otherConnectionInUseMessage","$v":"Başka bir bağlantıda aktif bir çağrınız var. Bir seferde sadece bir bağlantı kullanabilirsiniz."},{"$i":"connectingEllipsis","$v":"Bağlanıyor..."}]