[{"$i":"messages","$v":"Повідомлення"},{"$i":"deleteMessages-title","$v":"Вибрати"},{"$i":"selectThreads-title","$v":"Вибрати"},{"$i":"edit","$v":"Редагувати"},{"$i":"back","$v":"Назад"},{"$i":"cancel","$v":"Скасувати"},{"$i":"delete","$v":"Видалити"},{"$i":"deleting-messages","$v":"Видалення…"},{"$i":"deselect","$v":"Скасувати вибір"},{"$i":"selected-threads","$v":{"few":["Вибрано: ",{"t":"idOrVar","v":"n"}],"many":["Вибрано: ",{"t":"idOrVar","v":"n"}],"one":["Вибрано: ",{"t":"idOrVar","v":"n"}],"other":["Вибрано: ",{"t":"idOrVar","v":"n"}],"two":["Вибрано: ",{"t":"idOrVar","v":"n"}],"zero":"Вибрано 0"},"$x":[{"t":"idOrVar","v":"plural"},"n"]},{"$i":"selected-messages","$v":{"few":["Вибрано: ",{"t":"idOrVar","v":"n"}],"many":["Вибрано: ",{"t":"idOrVar","v":"n"}],"one":["Вибрано: ",{"t":"idOrVar","v":"n"}],"other":["Вибрано: ",{"t":"idOrVar","v":"n"}],"two":["Вибрано: ",{"t":"idOrVar","v":"n"}],"zero":"Вибрано 0"},"$x":[{"t":"idOrVar","v":"plural"},"n"]},{"$i":"selectThreads-label","$v":"Вибрати ланцюжки"},{"$i":"selectMessages-label","$v":"Вибрати повідомлення"},{"$i":"new-message","$v":"Нове повідомлення"},{"$i":"delete-thread","$v":"Видалити ланцюжок"},{"$i":"create-new-contact","$v":"Створити новий контакт"},{"$i":"add-to-contact","$v":"Додати до наявного контакту"},{"$i":"select-thread","$v":"Вибрати ланцюжок"},{"$i":"settings","$v":"Настройки"},{"$i":"select-all","$v":"Вибрати все"},{"$i":"deselect-all","$v":"Скасувати вибір усіх"},{"$i":"select","$v":"Вибрати"},{"$i":"sk-save-as-draft","$v":"Зберегти як чернетку"},{"$i":"next","$v":"Далі"},{"$i":"send","$v":"Надіслати"},{"$i":"add-contact","$v":"Додати контакт"},{"$i":"add-suggestion","$v":"Вибрати"},{"$i":"add-subject","$v":"Додати тему"},{"$i":"remove-subject","$v":"Видалити тему"},{"$i":"add-attachment","$v":"Додати вкладення"},{"$i":"remove-attachment","$v":"Видалити вкладення"},{"$i":"replace-attachment","$v":"Замінити вкладення"},{"$i":"select-messages","$v":"Вибрати повідомлення"},{"$i":"call","$v":"Подзвонити"},{"$i":"forward","$v":"Переадресувати"},{"$i":"view-message-report","$v":"Переглянути деталі повід."},{"$i":"cancel-view-report","$v":"Скасувати"},{"$i":"ok","$v":"OK"},{"$i":"enter","$v":"Ввести"},{"$i":"open","$v":"Відкрити"},{"$i":"to","$v":"Кому"},{"$i":"new","$v":"Створити"},{"$i":"message","$v":"Повідомлення"},{"$i":"messagesInput_placeholder","$v":"Повідомлення"},{"$i":"messagesSubjectInput_placeholder","$v":"Тема"},{"$i":"subjectComposerInput_placeholder","$v":"Тема"},{"$i":"converted-to-mms","$v":"Перетворення в мультимедійне повідомлення."},{"$i":"converted-to-sms","$v":"Перетворення в текстове повідомлення."},{"$i":"messages-max-length-text","$v":"Досягнуто максимальної довжини."},{"$i":"messages-max-subject-length-text","$v":"Досягнуто максимальної довжини теми."},{"$i":"multimedia-message-exceeded-max-length","$v":["Це повідомлення перевищує обмеження розміру МБ ",{"t":"idOrVar","v":"mmsSize"}," одного мультимедійного повідомлення."]},{"$i":"newMessage","$v":"Нове повідомлення"},{"$i":"sendMessage","$v":"Надіслати повідомлення"},{"$i":"sendMMSToEmail","$v":"Надіслати мультимедійне повід."},{"$i":"no-recipient","$v":"(Немає одержувача)"},{"$i":"recipient","$v":{"few":[{"t":"idOrVar","v":"n"}," одержувачі"],"many":[{"t":"idOrVar","v":"n"}," одержувачів"],"one":[{"t":"idOrVar","v":"n"}," одержувач"],"other":[{"t":"idOrVar","v":"n"}," одержувача"],"two":[{"t":"idOrVar","v":"n"}," одержувачі"]},"$x":[{"t":"idOrVar","v":"plural"},"n"]},{"$i":"attachmentSizeB","$v":[{"t":"idOrVar","v":"n"}," б"]},{"$i":"attachmentSizeKB","$v":[{"t":"idOrVar","v":"n"}," КБ"]},{"$i":"attachmentSizeMB","$v":[{"t":"idOrVar","v":"n"}," МБ"]},{"$i":"attachmentOpenError","$v":"На пристрої немає програм, які можуть відкрити такий тип файлу."},{"$i":"remove","$v":"Видалити"},{"$i":"participant","$v":{"few":[{"t":"idOrVar","v":"n"}," учасники"],"many":[{"t":"idOrVar","v":"n"}," учасників"],"one":[{"t":"idOrVar","v":"n"}," учасник"],"other":[{"t":"idOrVar","v":"n"}," учасника"],"two":[{"t":"idOrVar","v":"n"}," учасники"]},"$x":[{"t":"idOrVar","v":"plural"},"n"]},{"$i":"message-report","$v":"Звіт про повідомлення"},{"$i":"message-type-sms","$v":"Текстове повідомлення (SMS)"},{"$i":"message-type-mms","$v":"Мультимедійне повідомлення (MMS)"},{"$i":"sms-report-description","$v":["Ваше текстове повідомлення (SMS) надіслано ",{"t":"idOrVar","v":"datetime"}]},{"$i":"mms-report-description","$v":["Ваше мультимедійне повідомлення (MMS) з темою \"",{"t":"idOrVar","v":"subject"},"\" надіслано ",{"t":"idOrVar","v":"datetime"}]},{"$i":"mms-no-subject-report-description","$v":["Ваше мультимедійне повідомлення (MMS) надіслано ",{"t":"idOrVar","v":"datetime"}]},{"$i":"message-subject","$v":"Тема:"},{"$i":"report-status-error","$v":"Не вдалося надіслати повідомлення"},{"$i":"report-status-not-downloaded","$v":"не завантажено"},{"$i":"report-status-delivered","$v":"Доставлено:"},{"$i":"report-status-read","$v":"Читати:"},{"$i":"report-status-pending","$v":"Потрібен звіт"},{"$i":"report-status-rejected","$v":"Повідомлення відхилено"},{"$i":"message-size-was","$v":"Розмір повідомлення:"},{"$i":"report-to-title","$v":"Кому"},{"$i":"report-from-title","$v":"Від"},{"$i":"message-sent","$v":"Надіслано:"},{"$i":"message-sending","$v":[{"t":"idOrVar","v":"message-delivery-status-sending"}]},{"$i":"message-received","$v":"Отримано:"},{"$i":"message-via","$v":"Через:"},{"$i":"message-resend","$v":"Надіслати знову"},{"$i":"search","$v":"Пошук"},{"$i":"unknown-contact-title","$v":"Невідомий контакт"},{"$i":"phone-type-separator","$v":", "},{"$i":"phone-carrier-separator","$v":" "},{"$i":"thread-participant-separator","$v":", "},{"$i":"replace-draft","$v":"Замінити наявну чернетку"},{"$i":"save-as-draft","$v":"Зберегти"},{"$i":"discard-message","$v":"Відхилити"},{"$i":"discard-sms","$v":"Скасувати це повідомлення?"},{"$i":"discard-new-message","$v":"Скасувати поточне повідомлення і відкрити нове?"},{"$i":"resend-confirmation","$v":"Не вдалося надіслати повідомлення. Спробувати ще раз?"},{"$i":"resend-message","$v":"Надіслати це повід. знову"},{"$i":"deleteMessage-confirmation","$v":"Видалити вибране повідомлення?"},{"$i":"deleteMessages-confirmation","$v":"Видалити вибрані повідомлення?"},{"$i":"deleteThreads-confirmation2","$v":{"one":"Видалити вибраний ланцюжок повід.?","other":"Видалити вибрані ланцюжки повід.?"},"$x":[{"t":"idOrVar","v":"plural"},"n"]},{"$i":"new-message-notice-text","$v":"Нове повідомлення від"},{"$i":"new-message-notice-a-text","$v":"Прочитати"},{"$i":"noMessages-title","$v":"Повідомлень немає"},{"$i":"noMessages-text","$v":"Щоб розпочати спілкування, натисніть \"Створити\"."},{"$i":"sendDefaultErrorTitle","$v":"Надіслати помилку"},{"$i":"sendDefaultErrorBody","$v":"Сталася помилка під час надсилання повідомлення. Спробуйте ще раз."},{"$i":"sendDefaultErrorBtnOk","$v":"OK"},{"$i":"sendMissingSimCardTitle","$v":"Надіслати помилку"},{"$i":"sendMissingSimCardBody","$v":"Вставте дійсну SIM-картку, щоб продовжити."},{"$i":"sendMissingSimCardBtnOk","$v":"OK"},{"$i":"sendFlightModeTitle","$v":"Надіслати помилку"},{"$i":"sendFlightModeBody","$v":"Щоб надісл. повід., вимк. режим \"У літаку\"."},{"$i":"sendFlightModeBtnOk","$v":"OK"},{"$i":"radioDisabledToDownloadTitle","$v":"Помилка завантаження"},{"$i":"radioDisabledToDownloadBody","$v":"Щоб завантажити вкладення, вимкніть режим \"У літаку\"."},{"$i":"radioDisabledToDownloadBtnOk","$v":[{"t":"idOrVar","v":"sendFlightModeBtnOk"}]},{"$i":"downloadDefaultErrorTitle","$v":"Помилка завантаження"},{"$i":"downloadDefaultErrorBody","$v":"Під час завантаження повідомлення сталася помилка. Будь ласка спробуйте ще раз."},{"$i":"downloadDefaultErrorBtnOk","$v":[{"t":"idOrVar","v":"sendDefaultErrorBtnOk"}]},{"$i":"fdnErrorTitle","$v":"Надіслати помилку"},{"$i":"needConnectWifiBody","$v":"Немає доступної мережі моб. даних. Для обміну повід. підключіться до доступної мережі Wi-Fi."},{"$i":"needConnectWifiTitle","$v":"Повідомлення не надіслано"},{"$i":"mmsChanelUsedBody","$v":"Триває надсилання MMS-повідомлення не через службу розповсюдження даних. Зачекайте, доки процес надсилання завершиться."},{"$i":"mmsChanelUsedTitle","$v":"Канал передачі MMS зайнятий"},{"$i":"sms-counter-notice-label","$v":["Редагування SMS (",{"t":"idOrVar","v":"number"},")"]},{"$i":"fdnErrorBody","$v":{"few":"Номери фіксованого набору ввімкнено. Переконайтеся, що номер SMS-центру і наведені далі одержувачі є у вашому списку номерів фіксованого набору.","many":"Номери фіксованого набору ввімкнено. Переконайтеся, що номер SMS-центру і наведені далі одержувачі є у вашому списку номерів фіксованого набору.","one":"Номери фіксованого набору ввімкнено. Переконайтеся, що номер SMS-центру і наведений далі одержувач є у вашому списку номерів фіксованого набору.","other":"Номери фіксованого набору ввімкнено. Переконайтеся, що номер SMS-центру і наведені далі одержувачі є у вашому списку номерів фіксованого набору.","two":"Номери фіксованого набору ввімкнено. Переконайтеся, що номер SMS-центру і наведені далі одержувачі є у вашому списку номерів фіксованого набору."},"$x":[{"t":"idOrVar","v":"plural"},"n"]},{"$i":"fdnErrorBtnOk","$v":"OK"},{"$i":"sendNoSignalErrorTitle","$v":"Надіслати помилку"},{"$i":"sendNoSignalErrorBody","$v":"Перевірте наявність сигналу моб. мережі та спроб. ще раз."},{"$i":"sendNoSignalErrorBtnOk","$v":"OK"},{"$i":"sendNotFoundErrorTitle","$v":"Надіслати помилку"},{"$i":"sendNotFoundErrorBody","$v":"Повідомлення, на яке ви очікуєте, більше не доступне."},{"$i":"sendNotFoundErrorBtnOk","$v":"OK"},{"$i":"sendInvalidAddressErrorTitle","$v":"Надіслати помилку"},{"$i":"sendInvalidAddressErrorBody","$v":"Переконайтеся, що мобільний номер отримувача дійсний."},{"$i":"sendInvalidAddressErrorBtnOk","$v":"OK"},{"$i":"simNotMatchedErrorTitle","$v":"Не вдалося завантажити"},{"$i":"simNotMatchedErrorBody","$v":"Переконайтеся, що це повідомлення надходить на вставлену SIM-картку."},{"$i":"simNotMatchedErrorBtnOk","$v":"OK"},{"$i":"netWorkErrorTitle","$v":"Помилка мережі"},{"$i":"netWorkErrorBody","$v":"Виникли проблеми з доступом до мережі. Спочатку перевірте її."},{"$i":"netWorkErrorBtnOk","$v":"OK"},{"$i":"deleted-sms","$v":"Це повідомлення вже видалено."},{"$i":"view-attachment-image","$v":"Переглянути"},{"$i":"view-attachment-audio","$v":"Прослухати"},{"$i":"view-attachment-video","$v":"Переглянути"},{"$i":"view-attachment-other","$v":"Переглянути"},{"$i":"remove-attachment-image","$v":"Видалити зображення"},{"$i":"remove-attachment-audio","$v":"Видалити аудіо"},{"$i":"remove-attachment-video","$v":"Видалити відео"},{"$i":"remove-attachment-other","$v":"Видалити вкладення"},{"$i":"replace-attachment-image","$v":"Замінити зображення"},{"$i":"replace-attachment-audio","$v":"Замінити аудіо"},{"$i":"replace-attachment-video","$v":"Замінити відео"},{"$i":"replace-attachment-other","$v":"Замінити вкладення"},{"$i":"unsent-message-title","$v":"Ненадіслане повід."},{"$i":"unsent-message-description","$v":"Попереднє повідомлення не надіслано. Редагувати не надіслане повідомлення або скасувати його і продовжити?"},{"$i":"unsent-message-option-edit","$v":"Редагувати"},{"$i":"unsent-message-option-discard","$v":"Відхилити"},{"$i":"message-options","$v":"Опції повідомлень"},{"$i":"select-text","$v":"Вибрати текст"},{"$i":"mobile","$v":"Моб."},{"$i":"home","$v":"Дім"},{"$i":"work","$v":"Роб."},{"$i":"personal","$v":"Особист."},{"$i":"faxHome","$v":"Факс (дім)"},{"$i":"faxOffice","$v":"Факс (офіс)"},{"$i":"faxOther","$v":"Факс (інше)"},{"$i":"another","$v":"Інше"},{"$i":"other","$v":"Інше"},{"$i":"today","$v":"Сьогодні"},{"$i":"yesterday","$v":"Учора"},{"$i":"incorrectDate","$v":"(неправильна дата)"},{"$i":"addToExistingContact","$v":"Дод. до наявн. контакту"},{"$i":"createNewContact","$v":"Створити новий контакт"},{"$i":"viewContact","$v":"Переглянути дані контакту"},{"$i":"sendEmail","$v":"Надіслати ел. лист"},{"$i":"mms-message","$v":"MMS-повідомлення"},{"$i":"notDownloaded-title","$v":"Повідомлення ще не завантажено."},{"$i":"tobedownloaded-attachment","$v":["Ви отримали мультимедійне повідомлення. Натисніть \"Завантажити\", щоб отримання його вміст до ",{"t":"idOrVar","v":"date"},"."]},{"$i":"expired-attachment","$v":["На жаль, повідомлення анульовано ",{"t":"idOrVar","v":"date"},", і його не можна завантажити."]},{"$i":"download-attachment","$v":"Завантажити"},{"$i":"downloading-attachment","$v":"Завантаження…"},{"$i":"download-complete","$v":"Завантаження завершено"},{"$i":"unnamed-attachment","$v":"без імені"},{"$i":"mms-label","$v":"MMS"},{"$i":"group-label","$v":"ГРУПА"},{"$i":"attached-files-too-large","$v":{"few":["Розмір повідомлень перевищує обмеження в ",{"t":"idOrVar","v":"mmsSize"}," МБ на одне мультимедійне повідомлення."],"many":["Розмір повідомлень перевищує обмеження в ",{"t":"idOrVar","v":"mmsSize"}," МБ на одне мультимедійне повідомлення."],"one":["Розмір повідомлення перевищує обмеження в ",{"t":"idOrVar","v":"mmsSize"}," МБ на одне мультимедійне повідомлення."],"other":["Розмір повідомлень перевищує обмеження в ",{"t":"idOrVar","v":"mmsSize"}," МБ на одне мультимедійне повідомлення."],"two":["Розмір повідомлень перевищує обмеження в ",{"t":"idOrVar","v":"mmsSize"}," МБ на одне мультимедійне повідомлення."],"zero":["Розмір повідомлень перевищує обмеження в ",{"t":"idOrVar","v":"mmsSize"}," МБ на одне мультимедійне повідомлення."]},"$x":[{"t":"idOrVar","v":"plural"},"n"]},{"$i":"resize-image","$v":"Зміна розміру вклад. зображ."},{"$i":"no-attachment-text","$v":"Виникла проблема з вкладеним файлом, тому його не вдалося завантажити."},{"$i":"message-draft-saved","$v":"Повідомлення збережено як чернетку"},{"$i":"sim-id-label","$v":["SIM ",{"t":"idOrVar","v":"id"}]},{"$i":"sim-detail","$v":["SIM ",{"t":"idOrVar","v":"id"},", ",{"t":"idOrVar","v":"detailString"}]},{"$i":"dsds-notification-title-with-sim","$v":["(",{"t":"idOrVar","v":"sim"},") ",{"t":"idOrVar","v":"sender"}]},{"$i":"send-button","ariaLabel":"Надіслати"},{"$i":"send-button-sim-indication","$v":[{"t":"idOrVar","v":"n"}],"ariaLabel":["використовується SIM ",{"t":"idOrVar","v":"n"}]},{"$i":"expiry-date-format","$v":"%A, %e %b"},{"$i":"attach-button","ariaLabel":"Додати вкладення"},{"$i":"contact-photo","ariaLabel":"Фото контакту"},{"$i":"unread-thread","ariaLabel":"Не прочитано"},{"$i":"has-draft","ariaLabel":"З чернеткою"},{"$i":"is-draft","ariaLabel":"Чернетка"},{"$i":"message-delivery-status-sending","$v":"Надсилання…"},{"$i":"message-delivery-status-delivered","$v":"Доставлено"},{"$i":"message-delivery-status-read","ariaLabel":"Читати"},{"$i":"message-delivery-status-error","ariaLabel":"Помилка"},{"$i":"modal-dialog-ok-button","$v":"OK"},{"$i":"modal-dialog-cancel-button","$v":"Скасувати"},{"$i":"modal-dialog-default-title","$v":"Повідомлення"},{"$i":"delete-message","$v":"Повідомлення видалено"},{"$i":"message-converted-to-toast","$v":["Повідомлення перетворено на такий тип: ",{"t":"idOrVar","v":"type"}]},{"$i":"message-sent-toast","$v":"Повідомлення надіслано"},{"$i":"deleteMessage-confirmation2","$v":"Видалити вибраний ланцюжок повід.?"},{"$i":"deleted-message","$v":{"few":["Видалено ",{"t":"idOrVar","v":"n"}," повідомлення"],"many":["Видалено ",{"t":"idOrVar","v":"n"}," повідомлень"],"one":["Видалено ",{"t":"idOrVar","v":"n"}," повідомлення"],"other":["Видалено ",{"t":"idOrVar","v":"n"}," повідомлення"],"two":["Видалено ",{"t":"idOrVar","v":"n"}," повідомлення"],"zero":"Видалено 0 повідомлень"},"$x":[{"t":"idOrVar","v":"plural"},"n"]},{"$i":"deleted-threads","$v":{"few":["Видалено ",{"t":"idOrVar","v":"n"}," ланцюжка повідомлень"],"many":["Видалено ",{"t":"idOrVar","v":"n"}," ланцюжків повідомлень"],"one":"Ланцюжок видалено","other":["Видалено ",{"t":"idOrVar","v":"n"}," ланцюжка повідомлень"],"two":["Видалено ",{"t":"idOrVar","v":"n"}," ланцюжка повідомлень"],"zero":"Видалено 0 ланцюжків"},"$x":[{"t":"idOrVar","v":"plural"},"n"]},{"$i":"wapPushMessages","$v":"Повідомлення WAP-Push"},{"$i":"auto-retrieve-messages","$v":"Авт. отримання повідомлень"},{"$i":"auto-retrieve-messages-title","$v":"Авт. отримання повідомлень"},{"$i":"auto-roaming-retrieve","$v":"Увімкнено в роумінгу"},{"$i":"auto-no-roaming-retrieve","$v":"Увімкнути не в роумінгу"},{"$i":"mmsTitle","$v":"Обмін мультимедійними повідомленнями (MMS)"},{"$i":"message-delivery-reports","$v":"Звіти про доставку"},{"$i":"message-delivery-reports-title","$v":"Звіти про доставку"},{"$i":"messageReport-title","$v":"Деталі повідомлення"},{"$i":"sms-label","$v":"SMS"},{"$i":"messaging-settings","$v":"Настройки повідомлень"},{"$i":"messagingSettings-header","$v":[{"t":"idOrVar","v":"messaging-settings"}]},{"$i":"confirmation-title","$v":"Підтвердження"},{"$i":"draft-save-content","$v":"Зберегти як чернетку?"},{"$i":"draft-discard-content","$v":"Повідомлення скасовано"},{"$i":"switch-on","$v":"Увімкнено"},{"$i":"switch-off","$v":"Вимкнено"},{"$i":"auto-retrieve-desc","$v":"Автоматично отримувати повідомлення"},{"$i":"confirm-dialog-ok","$v":"OK"},{"$i":"yes","$v":"Так"},{"$i":"no","$v":"Ні"},{"$i":"delete-current-thread?","$v":"Видалити вибраний ланцюжок повід.?"},{"$i":"attention","$v":"Увага!"},{"$i":"delivery-title","$v":"Текстове повідомлення (SMS)"},{"$i":"send-failed","$v":"Помилка надсилання."},{"$i":"subject-removed","$v":"Тему видалено."},{"$i":"data-storage-limit-alert-title","$v":"Пам’ять телефону заповнена"},{"$i":"data-storage-limit-send-body","$v":"Не вдалося надіслати MMS. Видаліть повідомлення або перейдіть у настройки, щоб звільнити простір."},{"$i":"data-storage-limit-download-body","$v":"Не вдалося завантажити MMS. Видаліть повідомлення або перейдіть у настройки, щоб звільнити простір."},{"$i":"data-storage-limit-alert-cancel","$v":"Скасувати"},{"$i":"data-storage-limit-alert-setting","$v":"Настройки"},{"$i":"recipient-repeat","$v":"Дублікат контакту."},{"$i":"email","$v":"ЕЛЕКТРОННИЙ ЛИСТ"},{"$i":"options","$v":"Опції"},{"$i":"emergency-alert-title","$v":"Сигнали тривоги"},{"$i":"emergency-alert","$v":"Сигнали тривоги"},{"$i":"wappushNormal","$v":"Примусове оповіщення WAP"},{"$i":"wappushSIM1","$v":"Примусове оповіщення WAP – SIM1"},{"$i":"wappushSIM2","$v":"Примусове оповіщення WAP – SIM2"},{"$i":"not-assigned","$v":"Не призначено"},{"$i":"switchSIMDataSendAlertTitle","$v":"Не вдалося надіслати MMS-повідомлення."},{"$i":"switchSIMDataSendAlertBody","$v":["Щоб надсилати MMS-повідомлення, у настройках Менеджера SIM-карток змініть SIM-картку для передавання даних на SIM-картку ",{"t":"idOrVar","v":"nonActiveSimId"},"."]},{"$i":"switchSIMDataSendAlertDesc","$v":"Перейдіть до програми настройок, щоб оновити параметри."},{"$i":"switchSIMDataReceiveAlertTitle","$v":"Не вдалось отримати MMS-повідомлення."},{"$i":"switchSIMDataReceiveAlertBody","$v":["Щоб отримувати MMS-повідомлення, у настройках Менеджера SIM-карток змініть SIM-картку для передавання даних на SIM-картку ",{"t":"idOrVar","v":"nonActiveSimId"},"."]},{"$i":"switchSIMDataReceiveAlertDesc","$v":"Перейдіть до програми настройок, щоб оновити параметри."},{"$i":"group-message","$v":"Групове повідомлення"},{"$i":"individual-message","$v":"Особисте повідомлення"},{"$i":"group-message-alert-title","$v":"Групове повідомлення"},{"$i":"group-message-alert-body","$v":"Створити групове повідомлення? (Групове повідомлення буде надіслано як MMS або SMS. Постачальник послуг бездротового обміну повідомленнями може стягувати додаткову плату залежно від тарифного плану.)"},{"$i":"group-message-individual","$v":"Особисте повідомлення"},{"$i":"group-message-setting","$v":"Створити групове повідомлення"},{"$i":"new-message-individual","$v":"Нове повідомлення (особисте)"},{"$i":"new-message-group","$v":"Нове повідомлення (групове)"},{"$i":"no-phone-number","$v":"Не призначено"},{"$i":"device-phone-number","$v":"Мій номер телефону"},{"$i":"group-message-phone","$v":"Групові повідомлення"},{"$i":"my-phone-number","$v":"Мій номер телефону"},{"$i":"delivery-notification","$v":"Повідомлення доставлено"},{"$i":"wait","$v":"очікування"},{"$i":"isTextTooLongAlert","$v":"Перевищено максимально допустиму довжину повідомлення."},{"$i":"video-call","$v":"Відеодзвінок"},{"$i":"normal-call","$v":"Дзвінок"},{"$i":"attachment","$v":"Вкладення"},{"$i":"limit-MMS-recipients","$v":"Максимально допустима кількість одержувачів MMS-повідомлення становить 20."},{"$i":"block-contact","$v":"Заблокувати контакт"},{"$i":"blocked","$v":"Заблокувати"},{"$i":"unblocked","$v":"Розблокувати"},{"$i":"rtt-call","$v":"Дзвінок RTT"},{"$i":"remove-all-attachments","$v":"Видалити всі вкладення"},{"$i":"block-confirmation","$v":"Ви не отримуватимете телефонні дзвінки й повідомлення від користувачів зі списку заблокованих."},{"$i":"space-low-not-save","$v":"Сховище повне. Чернетку не збережено."},{"$i":"sms-encoding-mode","$v":"Кодування SMS"},{"$i":"sms-reduced-format","$v":"Обмежений формат"},{"$i":"sms-full-format","$v":"Повний формат"},{"$i":"smscNormal","$v":"Сервісний центр"},{"$i":"smscSIM1","$v":"Сервісний центр SIM1"},{"$i":"smscSIM2","$v":"Сервісний центр SIM2"},{"$i":"withoutDataTitle","$v":"Помилка"},{"$i":"withoutDataBody","$v":"Щоб надсилати або завантажувати MMS, увімкніть у меню \"Настройки\" з’єднання для передачі даних"},{"$i":"withoutDataBtnOk","$v":"OK"},{"$i":"withoutDataBtnSettings","$v":"Настройки"},{"$i":"weekday-0-long","$v":"Неділя"},{"$i":"weekday-1-long","$v":"Понеділок"},{"$i":"weekday-2-long","$v":"Вівторок"},{"$i":"weekday-3-long","$v":"Середа"},{"$i":"weekday-4-long","$v":"Четвер"},{"$i":"weekday-5-long","$v":"П’ятниця"},{"$i":"weekday-6-long","$v":"Субота"},{"$i":"weekday-0-short","$v":"Нд"},{"$i":"weekday-1-short","$v":"Пн"},{"$i":"weekday-2-short","$v":"Вт"},{"$i":"weekday-3-short","$v":"Ср"},{"$i":"weekday-4-short","$v":"Чт"},{"$i":"weekday-5-short","$v":"Пт"},{"$i":"weekday-6-short","$v":"Сб"},{"$i":"month-0-long","$v":"Січень"},{"$i":"month-1-long","$v":"Лютий"},{"$i":"month-2-long","$v":"Березень"},{"$i":"month-3-long","$v":"Квітень"},{"$i":"month-4-long","$v":"Травень"},{"$i":"month-5-long","$v":"Червень"},{"$i":"month-6-long","$v":"Липень"},{"$i":"month-7-long","$v":"Серпень"},{"$i":"month-8-long","$v":"Вересень"},{"$i":"month-9-long","$v":"Жовтень"},{"$i":"month-10-long","$v":"Листопад"},{"$i":"month-11-long","$v":"Грудень"},{"$i":"month-0-genitive","$v":"січня"},{"$i":"month-1-genitive","$v":"лютого"},{"$i":"month-2-genitive","$v":"березня"},{"$i":"month-3-genitive","$v":"квітня"},{"$i":"month-4-genitive","$v":"травня"},{"$i":"month-5-genitive","$v":"червня"},{"$i":"month-6-genitive","$v":"липня"},{"$i":"month-7-genitive","$v":"серпня"},{"$i":"month-8-genitive","$v":"вересня"},{"$i":"month-9-genitive","$v":"жовтня"},{"$i":"month-10-genitive","$v":"листопада"},{"$i":"month-11-genitive","$v":"грудня"},{"$i":"month-0-short","$v":"Січ"},{"$i":"month-1-short","$v":"Лют"},{"$i":"month-2-short","$v":"Бер"},{"$i":"month-3-short","$v":"Кві"},{"$i":"month-4-short","$v":"Тра"},{"$i":"month-5-short","$v":"Чер"},{"$i":"month-6-short","$v":"Лип"},{"$i":"month-7-short","$v":"Сер"},{"$i":"month-8-short","$v":"Вер"},{"$i":"month-9-short","$v":"Жов"},{"$i":"month-10-short","$v":"Лис"},{"$i":"month-11-short","$v":"Гру"},{"$i":"minutes-ago-long","$v":{"few":[{"t":"idOrVar","v":"value"}," хвилини тому"],"many":[{"t":"idOrVar","v":"value"}," хвилин тому"],"one":"Хвилину тому","other":[{"t":"idOrVar","v":"value"}," хвилини тому"],"two":[{"t":"idOrVar","v":"value"}," хвилини тому"],"zero":"просто зараз"},"$x":[{"t":"idOrVar","v":"plural"},"value"]},{"$i":"hours-ago-long","$v":{"few":[{"t":"idOrVar","v":"value"}," години тому"],"many":[{"t":"idOrVar","v":"value"}," годин тому"],"one":"годину тому","other":[{"t":"idOrVar","v":"value"}," години тому"],"two":[{"t":"idOrVar","v":"value"}," години тому"],"zero":"просто зараз"},"$x":[{"t":"idOrVar","v":"plural"},"value"]},{"$i":"days-ago-long","$v":{"few":[{"t":"idOrVar","v":"value"}," дні тому"],"many":[{"t":"idOrVar","v":"value"}," днів тому"],"one":"учора","other":[{"t":"idOrVar","v":"value"}," дня тому"],"two":[{"t":"idOrVar","v":"value"}," дні тому"],"zero":"сьогодні"},"$x":[{"t":"idOrVar","v":"plural"},"value"]},{"$i":"weeks-ago-long","$v":{"few":[{"t":"idOrVar","v":"value"}," тижні тому"],"many":[{"t":"idOrVar","v":"value"}," тижнів тому"],"one":"минулий тиждень","other":[{"t":"idOrVar","v":"value"}," тижня тому"],"two":[{"t":"idOrVar","v":"value"}," тижні тому"],"zero":"цього тижня"},"$x":[{"t":"idOrVar","v":"plural"},"value"]},{"$i":"months-ago-long","$v":{"few":[{"t":"idOrVar","v":"value"}," місяці тому"],"many":[{"t":"idOrVar","v":"value"}," місяців тому"],"one":"минулий місяць","other":[{"t":"idOrVar","v":"value"}," місяця тому"],"two":[{"t":"idOrVar","v":"value"}," місяці тому"],"zero":"цього місяця"},"$x":[{"t":"idOrVar","v":"plural"},"value"]},{"$i":"years-ago-long","$v":{"few":[{"t":"idOrVar","v":"value"}," роки тому"],"many":[{"t":"idOrVar","v":"value"}," років тому"],"one":"минулий рік","other":[{"t":"idOrVar","v":"value"}," року тому"],"two":[{"t":"idOrVar","v":"value"}," роки тому"],"zero":"цього року"},"$x":[{"t":"idOrVar","v":"plural"},"value"]},{"$i":"minutes-until-long","$v":{"few":["через ",{"t":"idOrVar","v":"value"}," хв."],"many":["через ",{"t":"idOrVar","v":"value"}," хв."],"one":"через хвилину","other":["через ",{"t":"idOrVar","v":"value"}," хв."],"two":["через ",{"t":"idOrVar","v":"value"}," хв."],"zero":"зараз"},"$x":[{"t":"idOrVar","v":"plural"},"value"]},{"$i":"hours-until-long","$v":{"few":["через ",{"t":"idOrVar","v":"value"}," год."],"many":["через ",{"t":"idOrVar","v":"value"}," год."],"one":"через годину","other":["через ",{"t":"idOrVar","v":"value"}," год."],"two":["через ",{"t":"idOrVar","v":"value"}," год."],"zero":"зараз"},"$x":[{"t":"idOrVar","v":"plural"},"value"]},{"$i":"days-until-long","$v":{"few":["через ",{"t":"idOrVar","v":"value"}," дн."],"many":["через ",{"t":"idOrVar","v":"value"}," дн."],"one":"завтра","other":["через ",{"t":"idOrVar","v":"value"}," дн."],"two":["через ",{"t":"idOrVar","v":"value"}," дн."],"zero":"сьогодні"},"$x":[{"t":"idOrVar","v":"plural"},"value"]},{"$i":"weeks-until-long","$v":{"few":["через ",{"t":"idOrVar","v":"value"}," тиж."],"many":["через ",{"t":"idOrVar","v":"value"}," тиж."],"one":"наступного тижня","other":["через ",{"t":"idOrVar","v":"value"}," тиж."],"two":["через ",{"t":"idOrVar","v":"value"}," тиж."],"zero":"цього тижня"},"$x":[{"t":"idOrVar","v":"plural"},"value"]},{"$i":"months-until-long","$v":{"few":["через ",{"t":"idOrVar","v":"value"}," міс."],"many":["через ",{"t":"idOrVar","v":"value"}," міс."],"one":"наступного місяця","other":["через ",{"t":"idOrVar","v":"value"}," міс."],"two":["через ",{"t":"idOrVar","v":"value"}," міс."],"zero":"цього місяця"},"$x":[{"t":"idOrVar","v":"plural"},"value"]},{"$i":"years-until-long","$v":{"few":["через ",{"t":"idOrVar","v":"value"}," р."],"many":["через ",{"t":"idOrVar","v":"value"}," р."],"one":"наступного року","other":["через ",{"t":"idOrVar","v":"value"}," р."],"two":["через ",{"t":"idOrVar","v":"value"}," р."],"zero":"цього року"},"$x":[{"t":"idOrVar","v":"plural"},"value"]},{"$i":"minutes-ago-short","$v":{"other":[{"t":"idOrVar","v":"value"}," хвилини тому"],"zero":"просто зараз"},"$x":[{"t":"idOrVar","v":"plural"},"value"]},{"$i":"hours-ago-short","$v":{"other":[{"t":"idOrVar","v":"value"}," години тому"],"zero":"просто зараз"},"$x":[{"t":"idOrVar","v":"plural"},"value"]},{"$i":"days-ago-short","$v":{"other":[{"t":"idOrVar","v":"value"}," дня тому"],"zero":"сьогодні"},"$x":[{"t":"idOrVar","v":"plural"},"value"]},{"$i":"minutes-until-short","$v":{"other":["через ",{"t":"idOrVar","v":"value"}," хв."],"zero":"зараз"},"$x":[{"t":"idOrVar","v":"plural"},"value"]},{"$i":"hours-until-short","$v":{"other":["через ",{"t":"idOrVar","v":"value"}," год."],"zero":"зараз"},"$x":[{"t":"idOrVar","v":"plural"},"value"]},{"$i":"days-until-short","$v":{"other":["через ",{"t":"idOrVar","v":"value"}," дн."],"zero":"сьогодні"},"$x":[{"t":"idOrVar","v":"plural"},"value"]},{"$i":"dateTimeFormat_%c","$v":"%a %b %e %Y %I:%M:%S %p"},{"$i":"dateTimeFormat_%x","$v":"%m/%d/%Y"},{"$i":"dateTimeFormat_%X","$v":"%I:%M:%S %p"},{"$i":"shortTimeFormat","$v":"%I:%M %p"},{"$i":"shortTimeFormat12","$v":"%I:%M %p"},{"$i":"shortTimeFormat24","$v":"%H:%M"},{"$i":"shortDateTimeFormat","$v":"%x %I:%M %p"},{"$i":"weekStartsOnMonday","$v":"0.0"},{"$i":"firstDayOfTheWeek","$v":"1.0"},{"$i":"time_am","$v":"ДП"},{"$i":"time_pm","$v":"ПП"},{"$i":"softkey-options","$v":"Опції"},{"$i":"emergencyNumber","$v":"Екстрений номер"},{"$i":"callAirplaneModeMessage","$v":"Щоб подзвонити, у настройках вимкніть режим \"Політ\"."},{"$i":"callAirplaneModeBtnOk","$v":"OK"},{"$i":"callAirplaneModeTitle","$v":"Режим \"Політ\" увімкнено"},{"$i":"numberIsBusyTitle","$v":"Номер зайнятий"},{"$i":"numberIsBusyMessage","$v":"Номер зараз зайнятий. Спробуйте ще раз пізніше."},{"$i":"fdnIsActiveTitle","$v":"Номери фіксованого набору ввімкнено"},{"$i":"fdnIsActiveMessage","$v":["Номери фіксованого набору ввімкнено. Наведений номер відсутній у вашому списку номерів фіксованого набору: ",{"t":"idOrVar","v":"number"}]},{"$i":"emergencyDialogBodyBadNumber","$v":"Щоб здійснити дзвінок, телефон має бути підключений до мережі."},{"$i":"emergencyDialogBodyDeviceNotAccepted","$v":"Екстрені дзвінки не дозволені мережею."},{"$i":"emergencyDialogBtnOk","$v":"OK"},{"$i":"emergencyDialogTitle","$v":"Немає з’єднання з мережею"},{"$i":"invalidNumberToDialTitle","$v":"Неправильний номер телефону"},{"$i":"invalidNumberToDialMessage","$v":"Номер телефону, на який ви дзвоните, недійсний."},{"$i":"unableToCallTitle","$v":"Не вдалося подзвонити. "},{"$i":"unableToCallMessage","$v":"Зараз не можна здійснити телефонний дзвінок"},{"$i":"otherConnectionInUseTitle","$v":"Використовується інше з’єднання"},{"$i":"otherConnectionInUseMessage","$v":"На іншому каналі очікує активний дзвінок. Одночасно можна використовувати тільки одне з’єднання."},{"$i":"connectingEllipsis","$v":"З’єднання..."}]