[{"$i":"messages","$v":"Хабар"},{"$i":"deleteMessages-title","$v":"Танлаш"},{"$i":"selectThreads-title","$v":"Танлаш"},{"$i":"edit","$v":"Таҳрирлаш"},{"$i":"back","$v":"Орқага"},{"$i":"cancel","$v":"Бекор"},{"$i":"delete","$v":"Ўчириш"},{"$i":"deleting-messages","$v":"Ўчирилмоқда…"},{"$i":"deselect","$v":"Белгини олиб ташлаш"},{"$i":"selected-threads","$v":{"few":[{"t":"idOrVar","v":"n"}," та танланди"],"many":[{"t":"idOrVar","v":"n"}," та танланди"],"one":[{"t":"idOrVar","v":"n"}," та танланди"],"other":[{"t":"idOrVar","v":"n"}," та танланди"],"two":[{"t":"idOrVar","v":"n"}," та танланди"],"zero":"0 та танланди"},"$x":[{"t":"idOrVar","v":"plural"},"n"]},{"$i":"selected-messages","$v":{"few":[{"t":"idOrVar","v":"n"}," та танланди"],"many":[{"t":"idOrVar","v":"n"}," та танланди"],"one":[{"t":"idOrVar","v":"n"}," та танланди"],"other":[{"t":"idOrVar","v":"n"}," та танланди"],"two":[{"t":"idOrVar","v":"n"}," та танланди"],"zero":"0 та танланди"},"$x":[{"t":"idOrVar","v":"plural"},"n"]},{"$i":"selectThreads-label","$v":"Ёзишма танлаш"},{"$i":"selectMessages-label","$v":"Хабар танланг"},{"$i":"new-message","$v":"Янги хабар"},{"$i":"delete-thread","$v":"Ёзишмани ўчириш"},{"$i":"create-new-contact","$v":"Янги контакт яр-ш"},{"$i":"add-to-contact","$v":"Мавжуд контактга қўшиш"},{"$i":"select-thread","$v":"Ёзишмани танлаш"},{"$i":"settings","$v":"Созламалар"},{"$i":"select-all","$v":"Ҳаммасини танлаш"},{"$i":"deselect-all","$v":"Барч-н белгини ўч-ш"},{"$i":"select","$v":"Танлаш"},{"$i":"sk-save-as-draft","$v":"Қоралама қилиб сақлаш"},{"$i":"next","$v":"Кейингиси"},{"$i":"send","$v":"Юбориш"},{"$i":"add-contact","$v":"Контакт қўшиш"},{"$i":"add-suggestion","$v":"Танлаш"},{"$i":"add-subject","$v":"Мавзу қўшиш"},{"$i":"remove-subject","$v":"Мавзуни олиб ташлаш"},{"$i":"add-attachment","$v":"Файл бириктириш"},{"$i":"remove-attachment","$v":"Иловани ўчириш"},{"$i":"replace-attachment","$v":"Иловани алмаштириш"},{"$i":"select-messages","$v":"Хабар танланг"},{"$i":"call","$v":"Чақирув"},{"$i":"forward","$v":"Йўналтириш"},{"$i":"view-message-report","$v":"Хабар тафс-ни к-ш"},{"$i":"cancel-view-report","$v":"Бекор"},{"$i":"ok","$v":"OK"},{"$i":"enter","$v":"Киритиш"},{"$i":"open","$v":"Очиш"},{"$i":"to","$v":"Кимга"},{"$i":"new","$v":"Янги"},{"$i":"message","$v":"Хабар"},{"$i":"messagesInput_placeholder","$v":"Хабар"},{"$i":"messagesSubjectInput_placeholder","$v":"Мавзу"},{"$i":"subjectComposerInput_placeholder","$v":"Мавзу"},{"$i":"converted-to-mms","$v":"Мултимедиа хабарга ўтказиш."},{"$i":"converted-to-sms","$v":"Матнли хабарга ўтказиш."},{"$i":"messages-max-length-text","$v":"Максимал узунликка етдингиз."},{"$i":"messages-max-subject-length-text","$v":"Мавзу максимал узунлигига етилди."},{"$i":"multimedia-message-exceeded-max-length","$v":["Ushbu xabar bitta {multimedia xabarining ",{"t":"idOrVar","v":"mmsSize"}," MB hajmidan oshib ketdi."]},{"$i":"newMessage","$v":"Янги хабар"},{"$i":"sendMessage","$v":"Хабар юбориш"},{"$i":"sendMMSToEmail","$v":"Мултимедиа хабар юб-ш"},{"$i":"no-recipient","$v":"(Олувчисиз)"},{"$i":"recipient","$v":{"few":[{"t":"idOrVar","v":"n"}," та олувчи"],"many":[{"t":"idOrVar","v":"n"}," та олувчи"],"one":[{"t":"idOrVar","v":"n"}," та олувчи"],"other":[{"t":"idOrVar","v":"n"}," та олувчи"],"two":[{"t":"idOrVar","v":"n"}," та олувчи"]},"$x":[{"t":"idOrVar","v":"plural"},"n"]},{"$i":"attachmentSizeB","$v":[{"t":"idOrVar","v":"n"}," Б"]},{"$i":"attachmentSizeKB","$v":[{"t":"idOrVar","v":"n"}," КБ"]},{"$i":"attachmentSizeMB","$v":[{"t":"idOrVar","v":"n"}," МБ"]},{"$i":"attachmentOpenError","$v":"Бу турдаги файлни очишга дастур йўқ."},{"$i":"remove","$v":"Олиб ташлаш"},{"$i":"participant","$v":{"few":[{"t":"idOrVar","v":"n"}," та қатнашчи"],"many":[{"t":"idOrVar","v":"n"}," та қатнашчи"],"one":[{"t":"idOrVar","v":"n"}," та қатнашчи"],"other":[{"t":"idOrVar","v":"n"}," та қатнашчи"],"two":[{"t":"idOrVar","v":"n"}," та қатнашчи"]},"$x":[{"t":"idOrVar","v":"plural"},"n"]},{"$i":"message-report","$v":"Хабар ҳисоботи"},{"$i":"message-type-sms","$v":"Матнли хабар (SMS)"},{"$i":"message-type-mms","$v":"Мултимедиа хабарлар (MMS)"},{"$i":"sms-report-description","$v":["Матнли хабарингиз (SMS) юборилди: ",{"t":"idOrVar","v":"datetime"}]},{"$i":"mms-report-description","$v":["Мултимедиа хабарингиз (MMS) мавзуси ",{"t":"idOrVar","v":"subject"},", юборилди: ",{"t":"idOrVar","v":"datetime"}]},{"$i":"mms-no-subject-report-description","$v":["Мултимедиа хабарингиз (MMS) юборилди: ",{"t":"idOrVar","v":"datetime"}]},{"$i":"message-subject","$v":"Мавзу:"},{"$i":"report-status-error","$v":"Хабар юборилмади"},{"$i":"report-status-not-downloaded","$v":"юклаб олинмади"},{"$i":"report-status-delivered","$v":"Етказилди:"},{"$i":"report-status-read","$v":"Ўқиш:"},{"$i":"report-status-pending","$v":"Ҳисобот сўралди"},{"$i":"report-status-rejected","$v":"Хабар рад этилди"},{"$i":"message-size-was","$v":"Хабар ҳажми:"},{"$i":"report-to-title","$v":"Кимга"},{"$i":"report-from-title","$v":"Кимдан"},{"$i":"message-sent","$v":"Юборилди:"},{"$i":"message-sending","$v":[{"t":"idOrVar","v":"message-delivery-status-sending"}]},{"$i":"message-received","$v":"Қабул қилинди:"},{"$i":"message-via","$v":"Бу орқали:"},{"$i":"message-resend","$v":"Қайта юбориш"},{"$i":"search","$v":"Қидирув"},{"$i":"unknown-contact-title","$v":"Номаълум контакт"},{"$i":"phone-type-separator","$v":", "},{"$i":"phone-carrier-separator","$v":" "},{"$i":"thread-participant-separator","$v":", "},{"$i":"replace-draft","$v":"Мавжуд қораламани алмаштириш"},{"$i":"save-as-draft","$v":"Сақлаш"},{"$i":"discard-message","$v":"Воз кечиш"},{"$i":"discard-sms","$v":"Ҳақиқатан ҳам бу хабардан воз кечасизми?"},{"$i":"discard-new-message","$v":"Ёзилаётганидан воз кечиб, бошқа очасизми?"},{"$i":"resend-confirmation","$v":"Хабар юборилмади. Қайта уринамизми?"},{"$i":"resend-message","$v":"Бу хабар. қайта юб-ш"},{"$i":"deleteMessage-confirmation","$v":"Танланган хабар ўчирилсинми?"},{"$i":"deleteMessages-confirmation","$v":"Танланган хабарлар ўчирилсинми?"},{"$i":"deleteThreads-confirmation2","$v":{"one":"Танланган хабар ёзишмаси ўчирилсинми?","other":"Танланган хабар ёзишмалари ўчирилсинми?"},"$x":[{"t":"idOrVar","v":"plural"},"n"]},{"$i":"new-message-notice-text","$v":"Янги хабар:"},{"$i":"new-message-notice-a-text","$v":"Ўқинг"},{"$i":"noMessages-title","$v":"Ҳеч қандай хабар йўқ"},{"$i":"noMessages-text","$v":"Мулоқот бошлаш у-н Янги тугмасини босинг."},{"$i":"sendDefaultErrorTitle","$v":"Фаилуре ыубориш"},{"$i":"sendDefaultErrorBody","$v":"Хабар юборишда муаммо бўлди. Қайта урининг."},{"$i":"sendDefaultErrorBtnOk","$v":"OK"},{"$i":"sendMissingSimCardTitle","$v":"Фаилуре ыубориш"},{"$i":"sendMissingSimCardBody","$v":"Давом этиш учун яроқли SIM карта солинг."},{"$i":"sendMissingSimCardBtnOk","$v":"OK"},{"$i":"sendFlightModeTitle","$v":"Фаилуре ыубориш"},{"$i":"sendFlightModeBody","$v":"Хабар юб-ш у-н парвоз режимини ўчиринг."},{"$i":"sendFlightModeBtnOk","$v":"OK"},{"$i":"radioDisabledToDownloadTitle","$v":"Фаилуре ыуклаб олинг"},{"$i":"radioDisabledToDownloadBody","$v":"Иловаларни олиш учун парвоз режимини ўчиринг."},{"$i":"radioDisabledToDownloadBtnOk","$v":[{"t":"idOrVar","v":"sendFlightModeBtnOk"}]},{"$i":"downloadDefaultErrorTitle","$v":"Фаилуре ыуклаб олинг"},{"$i":"downloadDefaultErrorBody","$v":"Xabarni yuklashda muammo yuz berdi. Iltimos, yana bir bor urinib ko'ring."},{"$i":"downloadDefaultErrorBtnOk","$v":[{"t":"idOrVar","v":"sendDefaultErrorBtnOk"}]},{"$i":"fdnErrorTitle","$v":"Фаилуре ыубориш"},{"$i":"needConnectWifiBody","$v":"Мобил интернет йўқ. Хабарлашиш учун мавжуд Wi-Fi тармоққа уланинг."},{"$i":"needConnectWifiTitle","$v":"Хабар юборилмади"},{"$i":"mmsChanelUsedBody","$v":"Но-DDS дастур MMS юбормоқда, жараён якунланишини кутинг."},{"$i":"mmsChanelUsedTitle","$v":"Ишлатилган MMS канал"},{"$i":"sms-counter-notice-label","$v":[{"t":"idOrVar","v":"number"},"-SMS таҳрирланмоқда"]},{"$i":"fdnErrorBody","$v":{"few":"FDN (Рухсат этилган рақамлар) ёқилди. SMS маркази ва қуйидаги олувчилар FDN рўйхатингизда:","many":"FDN (Рухсат этилган рақамлар) ёқилди. SMS маркази ва қуйидаги олувчилар FDN рўйхатингизда:","one":"FDN (Рухсат этилган рақамлар) ёқилди. SMS маркази ва қуйидаги олувчи FDN рўйхатингизда:","other":"FDN (Рухсат этилган рақамлар) ёқилди. SMS маркази ва қуйидаги олувчилар FDN рўйхатингизда:","two":"FDN (Рухсат этилган рақамлар) ёқилди. SMS маркази ва қуйидаги олувчилар FDN рўйхатингизда:"},"$x":[{"t":"idOrVar","v":"plural"},"n"]},{"$i":"fdnErrorBtnOk","$v":"OK"},{"$i":"sendNoSignalErrorTitle","$v":"Фаилуре ыубориш"},{"$i":"sendNoSignalErrorBody","$v":"Алоқа борлигига амин бўлгач, қайта урининг."},{"$i":"sendNoSignalErrorBtnOk","$v":"OK"},{"$i":"sendNotFoundErrorTitle","$v":"Фаилуре ыубориш"},{"$i":"sendNotFoundErrorBody","$v":"Сиз излаётган хабар энди йўқ."},{"$i":"sendNotFoundErrorBtnOk","$v":"OK"},{"$i":"sendInvalidAddressErrorTitle","$v":"Фаилуре ыубориш"},{"$i":"sendInvalidAddressErrorBody","$v":"Юбораётган мобил рақамингиз тўғри бўлсин."},{"$i":"sendInvalidAddressErrorBtnOk","$v":"OK"},{"$i":"simNotMatchedErrorTitle","$v":"Олиб бўлмайди"},{"$i":"simNotMatchedErrorBody","$v":"Шу хабар келган SIM картани солинг."},{"$i":"simNotMatchedErrorBtnOk","$v":"OK"},{"$i":"netWorkErrorTitle","$v":"Тармоқда муаммо юз берди"},{"$i":"netWorkErrorBody","$v":"Тармоқда муаммолар мавжуд, аввал уларни тузатинг."},{"$i":"netWorkErrorBtnOk","$v":"OK"},{"$i":"deleted-sms","$v":"Бу хабар ўч-б таш-н."},{"$i":"view-attachment-image","$v":"Кўриш"},{"$i":"view-attachment-audio","$v":"Тинглаш"},{"$i":"view-attachment-video","$v":"Кўриш"},{"$i":"view-attachment-other","$v":"Кўриш"},{"$i":"remove-attachment-image","$v":"Тасвирни олиб ташлаш"},{"$i":"remove-attachment-audio","$v":"Аудиони ўчириш"},{"$i":"remove-attachment-video","$v":"Видеони олиб ташлаш"},{"$i":"remove-attachment-other","$v":"Иловани ўчириш"},{"$i":"replace-attachment-image","$v":"Тасвирни алмаштириш"},{"$i":"replace-attachment-audio","$v":"Аудиони алмаштириш"},{"$i":"replace-attachment-video","$v":"Видеони алмаштириш"},{"$i":"replace-attachment-other","$v":"Иловани алмаштириш"},{"$i":"unsent-message-title","$v":"Юборилмаган хабар"},{"$i":"unsent-message-description","$v":"Олдинги хабарингиз юборилмади. Уни таҳрирлайсизми ёки ундан воз кечиб, давом этасизми?"},{"$i":"unsent-message-option-edit","$v":"Таҳрирлаш"},{"$i":"unsent-message-option-discard","$v":"Воз кечиш"},{"$i":"message-options","$v":"Хабар параметрлари"},{"$i":"select-text","$v":"Матнни танлаш"},{"$i":"mobile","$v":"Мобил"},{"$i":"home","$v":"Уй"},{"$i":"work","$v":"Иш"},{"$i":"personal","$v":"Шахсий"},{"$i":"faxHome","$v":"Факс уй"},{"$i":"faxOffice","$v":"Факс офис"},{"$i":"faxOther","$v":"Факс бошқа"},{"$i":"another","$v":"Бошқа"},{"$i":"other","$v":"Бошқа"},{"$i":"today","$v":"Бугун"},{"$i":"yesterday","$v":"Кеча"},{"$i":"incorrectDate","$v":"(сана хато)"},{"$i":"addToExistingContact","$v":"Мавжуд контактга қўшиш"},{"$i":"createNewContact","$v":"Янги контакт яратиш"},{"$i":"viewContact","$v":"Контактни кўриш"},{"$i":"sendEmail","$v":"Хат юбориш"},{"$i":"mms-message","$v":"MMS хабар"},{"$i":"notDownloaded-title","$v":"Хабар ҳали юклаб олинмади."},{"$i":"tobedownloaded-attachment","$v":["Мултимедиа хабар олдингиз, уни юклаш учун ",{"t":"idOrVar","v":"date"}," санасидан олдин Юклаб олишни босинг."]},{"$i":"expired-attachment","$v":["Узр, хабар муддати ",{"t":"idOrVar","v":"date"}," санасида тугаган, уни олиб бўлмайди."]},{"$i":"download-attachment","$v":"Юклаб олиш"},{"$i":"downloading-attachment","$v":"Юклаб олинмоқда…"},{"$i":"download-complete","$v":"Юклаб олинди"},{"$i":"unnamed-attachment","$v":"номсиз"},{"$i":"mms-label","$v":"MMS"},{"$i":"group-label","$v":"ГУРУҲ"},{"$i":"attached-files-too-large","$v":{"few":["Хабарлар ҳажми бир мултимедиа хабарининг ",{"t":"idOrVar","v":"mmsSize"}," МБ чекловидан катта."],"many":["Хабарлар ҳажми бир мултимедиа хабарининг ",{"t":"idOrVar","v":"mmsSize"}," МБ чекловидан катта."],"one":["Бу хабар ҳажми мултимедиа хабарининг ",{"t":"idOrVar","v":"mmsSize"}," МБ чекловидан катта."],"other":["Хабарлар ҳажми бир мултимедиа хабарининг ",{"t":"idOrVar","v":"mmsSize"}," МБ чекловидан катта."],"two":["Хабарлар ҳажми бир мултимедиа хабарининг ",{"t":"idOrVar","v":"mmsSize"}," МБ чекловидан катта."],"zero":["Хабарлар ҳажми бир мултимедиа хабарининг ",{"t":"idOrVar","v":"mmsSize"}," МБ чекловидан катта."]},"$x":[{"t":"idOrVar","v":"plural"},"n"]},{"$i":"resize-image","$v":"Қис-ган расм ҳажмини ўзг-ш"},{"$i":"no-attachment-text","$v":"Қистирилган файлда муаммо бор, уни олишнинг иложи йўқ."},{"$i":"message-draft-saved","$v":"Хабар қоралама сифатида сақланди"},{"$i":"sim-id-label","$v":["SIM ",{"t":"idOrVar","v":"id"}]},{"$i":"sim-detail","$v":["SIM ",{"t":"idOrVar","v":"id"},", ",{"t":"idOrVar","v":"detailString"}]},{"$i":"dsds-notification-title-with-sim","$v":["(",{"t":"idOrVar","v":"sim"},") ",{"t":"idOrVar","v":"sender"}]},{"$i":"send-button","ariaLabel":"Юбориш"},{"$i":"send-button-sim-indication","$v":[{"t":"idOrVar","v":"n"}],"ariaLabel":["SIM ",{"t":"idOrVar","v":"n"}," орқали"]},{"$i":"expiry-date-format","$v":"%A, %b %e"},{"$i":"attach-button","ariaLabel":"Файл бириктириш"},{"$i":"contact-photo","ariaLabel":"Контакт сурати"},{"$i":"unread-thread","ariaLabel":"Ўқилмаган"},{"$i":"has-draft","ariaLabel":"Қораламали"},{"$i":"is-draft","ariaLabel":"Қоралама"},{"$i":"message-delivery-status-sending","$v":"Юбор-да…"},{"$i":"message-delivery-status-delivered","$v":"Етказилди"},{"$i":"message-delivery-status-read","ariaLabel":"Ўқиш"},{"$i":"message-delivery-status-error","ariaLabel":"Хато"},{"$i":"modal-dialog-ok-button","$v":"OK"},{"$i":"modal-dialog-cancel-button","$v":"Бекор"},{"$i":"modal-dialog-default-title","$v":"Хабарлар"},{"$i":"delete-message","$v":"Хабар ўчирилди"},{"$i":"message-converted-to-toast","$v":["Хабар ",{"t":"idOrVar","v":"type"}," турига ўтказилди"]},{"$i":"message-sent-toast","$v":"Хабар юборилди"},{"$i":"deleteMessage-confirmation2","$v":"Танланган хабар ёзишмаси ўчирилсинми?"},{"$i":"deleted-message","$v":{"few":[{"t":"idOrVar","v":"n"}," та хабар ўчирилди"],"many":[{"t":"idOrVar","v":"n"}," та хабар ўчирилди"],"one":[{"t":"idOrVar","v":"n"}," та хабар ўчирилди"],"other":[{"t":"idOrVar","v":"n"}," та хабар ўчирилди"],"two":[{"t":"idOrVar","v":"n"}," та хабар ўчирилди"],"zero":"0 та хабар ўчирилди"},"$x":[{"t":"idOrVar","v":"plural"},"n"]},{"$i":"deleted-threads","$v":{"few":[{"t":"idOrVar","v":"n"}," та хабар ёзишмаси ўчирилди"],"many":[{"t":"idOrVar","v":"n"}," та хабар ёзишмаси ўчирилди"],"one":"Ёзишма ўч-ди","other":[{"t":"idOrVar","v":"n"}," та хабар ёзишмаси ўчирилди"],"two":[{"t":"idOrVar","v":"n"}," та хабар ёзишмаси ўчирилди"],"zero":"0 та ёзишма ўчирилди"},"$x":[{"t":"idOrVar","v":"plural"},"n"]},{"$i":"wapPushMessages","$v":"WAP Push хабарлар"},{"$i":"auto-retrieve-messages","$v":"Хабарларни автоматик олиш"},{"$i":"auto-retrieve-messages-title","$v":"Хабарларни автоматик олиш"},{"$i":"auto-roaming-retrieve","$v":"Роуминг билан ёниқ"},{"$i":"auto-no-roaming-retrieve","$v":"Роумингсиз ёниқ"},{"$i":"mmsTitle","$v":"Мултимедиа хабар (MMS)"},{"$i":"message-delivery-reports","$v":"Етказилганлик ҳисоботлари"},{"$i":"message-delivery-reports-title","$v":"Етказилганлик ҳисоботлари"},{"$i":"messageReport-title","$v":"Хабар тафсилотлари"},{"$i":"sms-label","$v":"SMS"},{"$i":"messaging-settings","$v":"Хабар созламалари"},{"$i":"messagingSettings-header","$v":[{"t":"idOrVar","v":"messaging-settings"}]},{"$i":"confirmation-title","$v":"Тасдиқ"},{"$i":"draft-save-content","$v":"Қоралама қ-б сақ-ми?"},{"$i":"draft-discard-content","$v":"Хабардан воз кечилди"},{"$i":"switch-on","$v":"Ёниқ"},{"$i":"switch-off","$v":"Ўчиқ"},{"$i":"auto-retrieve-desc","$v":"Хабарларни автоматик олиш"},{"$i":"confirm-dialog-ok","$v":"OK"},{"$i":"yes","$v":"Ҳа"},{"$i":"no","$v":"Йўқ"},{"$i":"delete-current-thread?","$v":"Танланган хабар ёзишмаси ўчирилсинми?"},{"$i":"attention","$v":"Диққат"},{"$i":"delivery-title","$v":"Матнли хабар (SMS)"},{"$i":"send-failed","$v":"Юборилмади."},{"$i":"subject-removed","$v":"Мавзу олиб ташланди."},{"$i":"data-storage-limit-alert-title","$v":"Телефон хотираси тўлган."},{"$i":"data-storage-limit-send-body","$v":"MMS юборилмади. Жой бўшатиш учун хабарларни ўчиринг ёки Созламаларга киринг."},{"$i":"data-storage-limit-download-body","$v":"MMS юклаб олинмади. Жой бўшатиш учун хабарларни ўчиринг ёки Созламаларга киринг."},{"$i":"data-storage-limit-alert-cancel","$v":"Бекор қилиш"},{"$i":"data-storage-limit-alert-setting","$v":"Созламалар"},{"$i":"recipient-repeat","$v":"Дубликат контакт."},{"$i":"email","$v":"Э-ПОЧТА"},{"$i":"options","$v":"Параметрлар"},{"$i":"emergency-alert-title","$v":"Фавқулодда сигналлар"},{"$i":"emergency-alert","$v":"Фавқулодда сигналлар"},{"$i":"wappushNormal","$v":"WAP Push"},{"$i":"wappushSIM1","$v":"WAP Push - SIM 1"},{"$i":"wappushSIM2","$v":"WAP Push - SIM 2"},{"$i":"not-assigned","$v":"Белгиланмаган"},{"$i":"switchSIMDataSendAlertTitle","$v":"MMS юборилмади."},{"$i":"switchSIMDataSendAlertBody","$v":["MMS хабар юбориш учун SIM бошқарувчиси созламаларида ",{"t":"idOrVar","v":"nonActiveSimId"}," SIM картани интернет алоқаси учун SIM карта қилиб белгиланг."]},{"$i":"switchSIMDataSendAlertDesc","$v":"Бу созламаларни янгилаш учун Созламалар иловасига киринг."},{"$i":"switchSIMDataReceiveAlertTitle","$v":"MMS олинмади."},{"$i":"switchSIMDataReceiveAlertBody","$v":["MMS хабарларни олиш учун SIM бошқарувчиси созламаларида ",{"t":"idOrVar","v":"nonActiveSimId"}," SIM картани интернет алоқаси учун SIM карта қилиб белгиланг."]},{"$i":"switchSIMDataReceiveAlertDesc","$v":"Бу созламаларни янгилаш учун Созламалар иловасига киринг."},{"$i":"group-message","$v":"Гуруҳ хабари"},{"$i":"individual-message","$v":"Алоҳида хабар"},{"$i":"group-message-alert-title","$v":"Гуруҳ хабари"},{"$i":"group-message-alert-body","$v":"Гуруҳ хабари яратилсинми? (Гуруҳ хабари MMS ва SMS орқали юборилиб, тариф режангизга қараб ҳақ олиниши мумкин.)"},{"$i":"group-message-individual","$v":"Алоҳида қолдириш"},{"$i":"group-message-setting","$v":"Гуруҳ яратиш"},{"$i":"new-message-individual","$v":"Янги хабар (алоҳида)"},{"$i":"new-message-group","$v":"Янги хабар (гуруҳ)"},{"$i":"no-phone-number","$v":"Тайинланмаган"},{"$i":"device-phone-number","$v":"Телефон рақамим"},{"$i":"group-message-phone","$v":"Гуруҳ хабарлари"},{"$i":"my-phone-number","$v":"Телефон рақамим"},{"$i":"delivery-notification","$v":"Хабар етказилди"},{"$i":"wait","$v":"кутилмоқда"},{"$i":"isTextTooLongAlert","$v":"Хабарнинг максимал узунлигидан ошдингиз."},{"$i":"video-call","$v":"Видео чақирув"},{"$i":"normal-call","$v":"Чақирув"},{"$i":"attachment","$v":"Бириктирма"},{"$i":"limit-MMS-recipients","$v":"MMS хабарни бир мартада фақат 20 кишига юбориш мумкин."},{"$i":"block-contact","$v":"Контактни блоклаш"},{"$i":"blocked","$v":"Блоклаш"},{"$i":"unblocked","$v":"Бекор qилинг"},{"$i":"rtt-call","$v":"RTT чақирув"},{"$i":"remove-all-attachments","$v":"Барча бириктирмаларни ўчириш"},{"$i":"block-confirmation","$v":"Қора рўйхатга киритилган контактлардан телефон чақируви ва хабарларни олмайсиз."},{"$i":"space-low-not-save","$v":"Хотира тўлган, қораламани сақлаш имконсиз."},{"$i":"sms-encoding-mode","$v":"SMS кодлаш"},{"$i":"sms-reduced-format","$v":"Қисқартирилган формат"},{"$i":"sms-full-format","$v":"Тўлиқ формат"},{"$i":"smscNormal","$v":"Хизмат маркази"},{"$i":"smscSIM1","$v":"Хизмат маркази SIM1"},{"$i":"smscSIM2","$v":"Хизмат маркази SIM2"},{"$i":"withoutDataTitle","$v":"Амалга ошмади"},{"$i":"withoutDataBody","$v":"MMS юбориш ёки олиш учун Созламаларга кириб, мобил интернет алоқасини ёқинг"},{"$i":"withoutDataBtnOk","$v":"OK"},{"$i":"withoutDataBtnSettings","$v":"Созламалар"},{"$i":"weekday-0-long","$v":"Якшанба"},{"$i":"weekday-1-long","$v":"Душанба"},{"$i":"weekday-2-long","$v":"Сешанба"},{"$i":"weekday-3-long","$v":"Чоршанба"},{"$i":"weekday-4-long","$v":"Пайшанба"},{"$i":"weekday-5-long","$v":"Жума"},{"$i":"weekday-6-long","$v":"Шанба"},{"$i":"weekday-0-short","$v":"Якш"},{"$i":"weekday-1-short","$v":"Душ"},{"$i":"weekday-2-short","$v":"Сеш"},{"$i":"weekday-3-short","$v":"Чор"},{"$i":"weekday-4-short","$v":"Пай"},{"$i":"weekday-5-short","$v":"Жум"},{"$i":"weekday-6-short","$v":"Шан"},{"$i":"month-0-long","$v":"Январ"},{"$i":"month-1-long","$v":"Феврал"},{"$i":"month-2-long","$v":"Март"},{"$i":"month-3-long","$v":"Апрель"},{"$i":"month-4-long","$v":"Май"},{"$i":"month-5-long","$v":"Июн"},{"$i":"month-6-long","$v":"Июл"},{"$i":"month-7-long","$v":"Август"},{"$i":"month-8-long","$v":"Сентябр"},{"$i":"month-9-long","$v":"Октябр"},{"$i":"month-10-long","$v":"Ноябр"},{"$i":"month-11-long","$v":"Декабр"},{"$i":"month-0-genitive","$v":"Январь"},{"$i":"month-1-genitive","$v":"Февраль"},{"$i":"month-2-genitive","$v":"Март"},{"$i":"month-3-genitive","$v":"Апрель"},{"$i":"month-4-genitive","$v":"Май"},{"$i":"month-5-genitive","$v":"Июнь"},{"$i":"month-6-genitive","$v":"Июль"},{"$i":"month-7-genitive","$v":"Август"},{"$i":"month-8-genitive","$v":"Сентябрь"},{"$i":"month-9-genitive","$v":"Октябрь"},{"$i":"month-10-genitive","$v":"Ноябрь"},{"$i":"month-11-genitive","$v":"Декабрь"},{"$i":"month-0-short","$v":"Янв"},{"$i":"month-1-short","$v":"Фев"},{"$i":"month-2-short","$v":"Мар"},{"$i":"month-3-short","$v":"Апр"},{"$i":"month-4-short","$v":"Май"},{"$i":"month-5-short","$v":"Июн"},{"$i":"month-6-short","$v":"Июл"},{"$i":"month-7-short","$v":"Авг"},{"$i":"month-8-short","$v":"Сен"},{"$i":"month-9-short","$v":"Окт"},{"$i":"month-10-short","$v":"Ноя"},{"$i":"month-11-short","$v":"Дек"},{"$i":"minutes-ago-long","$v":{"few":[{"t":"idOrVar","v":"value"}," дақиқа олдин"],"many":[{"t":"idOrVar","v":"value"}," дақиқа олдин"],"one":"бир дақиқа аввал","other":[{"t":"idOrVar","v":"value"}," дақиқа олдин"],"two":[{"t":"idOrVar","v":"value"}," дақиқа олдин"],"zero":"ҳозиргина"},"$x":[{"t":"idOrVar","v":"plural"},"value"]},{"$i":"hours-ago-long","$v":{"few":[{"t":"idOrVar","v":"value"}," соат олдин"],"many":[{"t":"idOrVar","v":"value"}," соат олдин"],"one":"бир соат олдин","other":[{"t":"idOrVar","v":"value"}," соат олдин"],"two":[{"t":"idOrVar","v":"value"}," соат олдин"],"zero":"ҳозиргина"},"$x":[{"t":"idOrVar","v":"plural"},"value"]},{"$i":"days-ago-long","$v":{"few":[{"t":"idOrVar","v":"value"}," кун олдин"],"many":[{"t":"idOrVar","v":"value"}," кун олдин"],"one":"кеча","other":[{"t":"idOrVar","v":"value"}," кун олдин"],"two":[{"t":"idOrVar","v":"value"}," кун олдин"],"zero":"бугун"},"$x":[{"t":"idOrVar","v":"plural"},"value"]},{"$i":"weeks-ago-long","$v":{"few":[{"t":"idOrVar","v":"value"}," ҳафта олдин"],"many":[{"t":"idOrVar","v":"value"}," ҳафта олдин"],"one":"ўтган ҳафта","other":[{"t":"idOrVar","v":"value"}," ҳафта олдин"],"two":[{"t":"idOrVar","v":"value"}," ҳафта олдин"],"zero":"шу ҳафта"},"$x":[{"t":"idOrVar","v":"plural"},"value"]},{"$i":"months-ago-long","$v":{"few":[{"t":"idOrVar","v":"value"}," ой олдин"],"many":[{"t":"idOrVar","v":"value"}," ой олдин"],"one":"ўтган ой","other":[{"t":"idOrVar","v":"value"}," ой олдин"],"two":[{"t":"idOrVar","v":"value"}," ой олдин"],"zero":"бу ой"},"$x":[{"t":"idOrVar","v":"plural"},"value"]},{"$i":"years-ago-long","$v":{"few":[{"t":"idOrVar","v":"value"}," йил олдин"],"many":[{"t":"idOrVar","v":"value"}," йил олдин"],"one":"ўтган йил","other":[{"t":"idOrVar","v":"value"}," йил олдин"],"two":[{"t":"idOrVar","v":"value"}," йил олдин"],"zero":"шу йил"},"$x":[{"t":"idOrVar","v":"plural"},"value"]},{"$i":"minutes-until-long","$v":{"few":[{"t":"idOrVar","v":"value"}," дақиқада"],"many":[{"t":"idOrVar","v":"value"}," дақиқада"],"one":"бир дақиқада","other":[{"t":"idOrVar","v":"value"}," дақиқада"],"two":[{"t":"idOrVar","v":"value"}," дақиқада"],"zero":"ҳозир"},"$x":[{"t":"idOrVar","v":"plural"},"value"]},{"$i":"hours-until-long","$v":{"few":[{"t":"idOrVar","v":"value"}," соатда"],"many":[{"t":"idOrVar","v":"value"}," соатда"],"one":"бир соатда","other":[{"t":"idOrVar","v":"value"}," соатда"],"two":[{"t":"idOrVar","v":"value"}," соатда"],"zero":"ҳозир"},"$x":[{"t":"idOrVar","v":"plural"},"value"]},{"$i":"days-until-long","$v":{"few":[{"t":"idOrVar","v":"value"}," кунда"],"many":[{"t":"idOrVar","v":"value"}," кунда"],"one":"эртага","other":[{"t":"idOrVar","v":"value"}," кунда"],"two":[{"t":"idOrVar","v":"value"}," кунда"],"zero":"бугун"},"$x":[{"t":"idOrVar","v":"plural"},"value"]},{"$i":"weeks-until-long","$v":{"few":[{"t":"idOrVar","v":"value"}," ҳафтада"],"many":[{"t":"idOrVar","v":"value"}," ҳафтада"],"one":"кейинги ҳафта","other":[{"t":"idOrVar","v":"value"}," ҳафтада"],"two":[{"t":"idOrVar","v":"value"}," ҳафтада"],"zero":"шу ҳафта"},"$x":[{"t":"idOrVar","v":"plural"},"value"]},{"$i":"months-until-long","$v":{"few":[{"t":"idOrVar","v":"value"}," ойда"],"many":[{"t":"idOrVar","v":"value"}," ойда"],"one":"кейинги ой","other":[{"t":"idOrVar","v":"value"}," ойда"],"two":[{"t":"idOrVar","v":"value"}," ойда"],"zero":"бу ой"},"$x":[{"t":"idOrVar","v":"plural"},"value"]},{"$i":"years-until-long","$v":{"few":[{"t":"idOrVar","v":"value"}," йилда"],"many":[{"t":"idOrVar","v":"value"}," йилда"],"one":"кейинги йил","other":[{"t":"idOrVar","v":"value"}," йилда"],"two":[{"t":"idOrVar","v":"value"}," йилда"],"zero":"шу йил"},"$x":[{"t":"idOrVar","v":"plural"},"value"]},{"$i":"minutes-ago-short","$v":{"other":[{"t":"idOrVar","v":"value"},"д олдин"],"zero":"ҳозиргина"},"$x":[{"t":"idOrVar","v":"plural"},"value"]},{"$i":"hours-ago-short","$v":{"other":[{"t":"idOrVar","v":"value"},"с олдин"],"zero":"ҳозиргина"},"$x":[{"t":"idOrVar","v":"plural"},"value"]},{"$i":"days-ago-short","$v":{"other":[{"t":"idOrVar","v":"value"},"к олдин"],"zero":"бугун"},"$x":[{"t":"idOrVar","v":"plural"},"value"]},{"$i":"minutes-until-short","$v":{"other":[{"t":"idOrVar","v":"value"},"д"],"zero":"ҳозир"},"$x":[{"t":"idOrVar","v":"plural"},"value"]},{"$i":"hours-until-short","$v":{"other":[{"t":"idOrVar","v":"value"},"с"],"zero":"ҳозир"},"$x":[{"t":"idOrVar","v":"plural"},"value"]},{"$i":"days-until-short","$v":{"other":[{"t":"idOrVar","v":"value"},"к"],"zero":"бугун"},"$x":[{"t":"idOrVar","v":"plural"},"value"]},{"$i":"dateTimeFormat_%c","$v":"%a %b %e %Y %I:%M:%S %p"},{"$i":"dateTimeFormat_%x","$v":"%m/%d/%Y"},{"$i":"dateTimeFormat_%X","$v":"%I:%M:%S %p"},{"$i":"shortTimeFormat","$v":"%I:%M %p"},{"$i":"shortTimeFormat12","$v":"%I:%M %p"},{"$i":"shortTimeFormat24","$v":"%H:%M"},{"$i":"shortDateTimeFormat","$v":"%x %I:%M %p"},{"$i":"weekStartsOnMonday","$v":"0.0"},{"$i":"firstDayOfTheWeek","$v":"1.0"},{"$i":"time_am","$v":"ТО"},{"$i":"time_pm","$v":"ТК"},{"$i":"softkey-options","$v":"Параметрлар"},{"$i":"emergencyNumber","$v":"Фавқулодда рақам"},{"$i":"callAirplaneModeMessage","$v":"Чақирув учун созламаларда парвоз режимини ўчиринг."},{"$i":"callAirplaneModeBtnOk","$v":"OK"},{"$i":"callAirplaneModeTitle","$v":"Парвоз режими фаоллашди"},{"$i":"numberIsBusyTitle","$v":"Рақам банд"},{"$i":"numberIsBusyMessage","$v":"Рақам ҳозирча банд. Кейинроқ қайта урининг."},{"$i":"fdnIsActiveTitle","$v":"FDN ёқилди"},{"$i":"fdnIsActiveMessage","$v":["FDN (Рухсат этилган рақамлар) ёқилди, аммо қуйидаги рақам FDN рўйхатида йўқ: ",{"t":"idOrVar","v":"number"}]},{"$i":"emergencyDialogBodyBadNumber","$v":"Чақирув учун телефон тармоққа уланиши керак."},{"$i":"emergencyDialogBodyDeviceNotAccepted","$v":"Тармоқ фавқулодда чақирувга рухсат бермайди."},{"$i":"emergencyDialogBtnOk","$v":"OK"},{"$i":"emergencyDialogTitle","$v":"Тармоққа уланмаган"},{"$i":"invalidNumberToDialTitle","$v":"Телефон рақами хато"},{"$i":"invalidNumberToDialMessage","$v":"Чақирилаётган рақам мавжуд эмас."},{"$i":"unableToCallTitle","$v":"Чақирувнинг иложи йўқ. "},{"$i":"unableToCallMessage","$v":"Ҳозир чақириб бўлмайди"},{"$i":"otherConnectionInUseTitle","$v":"Бошқа фаол уланиш"},{"$i":"otherConnectionInUseMessage","$v":"Бошқа уланишда чақирув кетмоқда. Бир вақтда биттагина уланиш ишлатасиз."},{"$i":"connectingEllipsis","$v":"Уланмоқда..."}]