[{"$i":"messages","$v":"Tin nhắn"},{"$i":"deleteMessages-title","$v":"Chọn"},{"$i":"selectThreads-title","$v":"Chọn"},{"$i":"edit","$v":"Chỉnh sửa"},{"$i":"back","$v":"Quay lại"},{"$i":"cancel","$v":"Hủy"},{"$i":"delete","$v":"Xóa"},{"$i":"deleting-messages","$v":"Đang xóa..."},{"$i":"deselect","$v":"Bỏ chọn"},{"$i":"selected-threads","$v":{"few":["Đã chọn ",{"t":"idOrVar","v":"n"}],"many":["Đã chọn ",{"t":"idOrVar","v":"n"}],"one":["Đã chọn ",{"t":"idOrVar","v":"n"}],"other":["Đã chọn ",{"t":"idOrVar","v":"n"}],"two":["Đã chọn ",{"t":"idOrVar","v":"n"}],"zero":"Đã chọn 0"},"$x":[{"t":"idOrVar","v":"plural"},"n"]},{"$i":"selected-messages","$v":{"few":["Đã chọn ",{"t":"idOrVar","v":"n"}],"many":["Đã chọn ",{"t":"idOrVar","v":"n"}],"one":["Đã chọn ",{"t":"idOrVar","v":"n"}],"other":["Đã chọn ",{"t":"idOrVar","v":"n"}],"two":["Đã chọn ",{"t":"idOrVar","v":"n"}],"zero":"Đã chọn 0"},"$x":[{"t":"idOrVar","v":"plural"},"n"]},{"$i":"selectThreads-label","$v":"Chọn các Chuỗi"},{"$i":"selectMessages-label","$v":"Chọn Tin nhắn"},{"$i":"new-message","$v":"Mới"},{"$i":"delete-thread","$v":"Xóa chuỗi"},{"$i":"create-new-contact","$v":"Tạo liên hệ mới"},{"$i":"add-to-contact","$v":"Thêm vào liên hệ hiện tại"},{"$i":"select-thread","$v":"Chọn chuỗi"},{"$i":"settings","$v":"Cài đặt"},{"$i":"select-all","$v":"Tất cả"},{"$i":"deselect-all","$v":"Không"},{"$i":"select","$v":"Chọn"},{"$i":"sk-save-as-draft","$v":"Lưu thành nháp"},{"$i":"next","$v":"Tiếp"},{"$i":"send","$v":"Gửi"},{"$i":"add-contact","$v":"Thêm"},{"$i":"add-suggestion","$v":"Chọn"},{"$i":"add-subject","$v":"Thêm chủ đề"},{"$i":"remove-subject","$v":"Xóa chủ đề"},{"$i":"add-attachment","$v":"Thêm tập tin đính kèm"},{"$i":"remove-attachment","$v":"Gỡ bỏ tập tin đính kèm"},{"$i":"replace-attachment","$v":"Thay thế tập tin đính kèm"},{"$i":"select-messages","$v":"Chọn tin nhắn"},{"$i":"call","$v":"Gọi"},{"$i":"forward","$v":"Chuyển tiếp"},{"$i":"view-message-report","$v":"Xem chi tiết tin nhắn"},{"$i":"cancel-view-report","$v":"Hủy"},{"$i":"ok","$v":"OK"},{"$i":"enter","$v":"Nhập"},{"$i":"open","$v":"Mở"},{"$i":"to","$v":"Tới"},{"$i":"new","$v":"Mới"},{"$i":"message","$v":"Tin nhắn"},{"$i":"messagesInput_placeholder","$v":"Tin nhắn"},{"$i":"messagesSubjectInput_placeholder","$v":"Chủ đề"},{"$i":"subjectComposerInput_placeholder","$v":"Chủ đề"},{"$i":"converted-to-mms","$v":"Đang chuyển đổi sang tin nhắn đa phương tiện."},{"$i":"converted-to-sms","$v":"Đang chuyển đổi sang tin nhắn văn bản."},{"$i":"messages-max-length-text","$v":"Bạn đã đạt đến độ dài ký tự tối đa."},{"$i":"messages-max-subject-length-text","$v":"Đã đạt đến độ dài chủ đề tối đa."},{"$i":"multimedia-message-exceeded-max-length","$v":["Tin nhắn này vượt quá giới hạn kích cỡ ",{"t":"idOrVar","v":"mmsSize"}," MB của một tin nhắn đa phương tiện."]},{"$i":"newMessage","$v":"Tin nhắn mới"},{"$i":"sendMessage","$v":"Gửi tin nhắn"},{"$i":"sendMMSToEmail","$v":"Gửi tin nhắn đa phương tiện"},{"$i":"no-recipient","$v":"(Không có người nhận)"},{"$i":"recipient","$v":{"few":[{"t":"idOrVar","v":"n"}," người nhận"],"many":[{"t":"idOrVar","v":"n"}," người nhận"],"one":[{"t":"idOrVar","v":"n"}," người nhận"],"other":[{"t":"idOrVar","v":"n"}," người nhận"],"two":[{"t":"idOrVar","v":"n"}," người nhận"]},"$x":[{"t":"idOrVar","v":"plural"},"n"]},{"$i":"attachmentSizeB","$v":[{"t":"idOrVar","v":"n"}," B"]},{"$i":"attachmentSizeKB","$v":[{"t":"idOrVar","v":"n"}," KB"]},{"$i":"attachmentSizeMB","$v":[{"t":"idOrVar","v":"n"}," MB"]},{"$i":"attachmentOpenError","$v":"Không có ứng dụng khả dụng để mở loại tập tin này."},{"$i":"remove","$v":"Xóa"},{"$i":"participant","$v":{"few":[{"t":"idOrVar","v":"n"}," người tham gia"],"many":[{"t":"idOrVar","v":"n"}," người tham gia"],"one":[{"t":"idOrVar","v":"n"}," người tham gia"],"other":[{"t":"idOrVar","v":"n"}," người tham gia"],"two":[{"t":"idOrVar","v":"n"}," người tham gia"]},"$x":[{"t":"idOrVar","v":"plural"},"n"]},{"$i":"message-report","$v":"Báo cáo tin nhắn"},{"$i":"message-type-sms","$v":"Tin nhắn Văn bản (SMS)"},{"$i":"message-type-mms","$v":"Tin nhắn Đa phương tiện (MMS)"},{"$i":"sms-report-description","$v":["Tin nhắn Văn bản của bạn (SMS), đã được gửi vào ",{"t":"idOrVar","v":"datetime"}]},{"$i":"mms-report-description","$v":["Tin nhắn Đa phương tiện của bạn (MMS), chủ đề ",{"t":"idOrVar","v":"subject"},", đã được gửi vào ",{"t":"idOrVar","v":"datetime"}]},{"$i":"mms-no-subject-report-description","$v":["Tin nhắn Đa phương tiện của bạn (MMS), đã được gửi vào ",{"t":"idOrVar","v":"datetime"}]},{"$i":"message-subject","$v":"Chủ đề:"},{"$i":"report-status-error","$v":"Không thể gửi tin nhắn"},{"$i":"report-status-not-downloaded","$v":"chưa được tải xuống"},{"$i":"report-status-delivered","$v":"Đã chuyển:"},{"$i":"report-status-read","$v":"Đọc:"},{"$i":"report-status-pending","$v":"Đã yêu cầu báo cáo"},{"$i":"report-status-rejected","$v":"Đã từ chối tin nhắn"},{"$i":"message-size-was","$v":"Kích cỡ tin nhắn:"},{"$i":"report-to-title","$v":"Tới"},{"$i":"report-from-title","$v":"Từ"},{"$i":"message-sent","$v":"Đã gửi:"},{"$i":"message-sending","$v":[{"t":"idOrVar","v":"message-delivery-status-sending"}]},{"$i":"message-received","$v":"Đã nhận:"},{"$i":"message-via","$v":"Qua:"},{"$i":"message-resend","$v":"Gửi lại"},{"$i":"search","$v":"Tìm kiếm"},{"$i":"unknown-contact-title","$v":"Liên hệ Không xác định"},{"$i":"phone-type-separator","$v":", "},{"$i":"phone-carrier-separator","$v":", "},{"$i":"thread-participant-separator","$v":", "},{"$i":"replace-draft","$v":"Thay thế Nháp hiện tại"},{"$i":"save-as-draft","$v":"Lưu"},{"$i":"discard-message","$v":"Hủy bỏ"},{"$i":"discard-sms","$v":"Bạn có chắn muốn hủy bỏ tin nhắn này không?"},{"$i":"discard-new-message","$v":"Hủy tin nhắn bạn đang soạn và mở tin nhắn mới?"},{"$i":"resend-confirmation","$v":"Không thể gửi tin nhắn. Thử lại?"},{"$i":"resend-message","$v":"Gửi lại tin nhắn này"},{"$i":"deleteMessage-confirmation","$v":"Xóa tin nhắn đã chọn?"},{"$i":"deleteMessages-confirmation","$v":"Xóa các tin nhắn đã chọn?"},{"$i":"deleteThreads-confirmation2","$v":{"one":"Xóa chuỗi tin nhắn đã chọn?","other":"Xóa chuỗi tin nhắn đã chọn?"},"$x":[{"t":"idOrVar","v":"plural"},"n"]},{"$i":"new-message-notice-text","$v":"Tin nhắn mới từ"},{"$i":"new-message-notice-a-text","$v":"Đọc"},{"$i":"noMessages-title","$v":"Không có tin nhắn"},{"$i":"noMessages-text","$v":"Nhấn Tin nhắn Mới để bắt đầu liên lạc."},{"$i":"sendDefaultErrorTitle","$v":"Không Gửi được"},{"$i":"sendDefaultErrorBody","$v":"Đã xảy ra sự cố khi gửi tin nhắn. Vui lòng thử lại."},{"$i":"sendDefaultErrorBtnOk","$v":"OK"},{"$i":"sendMissingSimCardTitle","$v":"Không Gửi được"},{"$i":"sendMissingSimCardBody","$v":"Lắp thẻ SIM hợp lệ để tiếp tục."},{"$i":"sendMissingSimCardBtnOk","$v":"OK"},{"$i":"sendFlightModeTitle","$v":"Không Gửi được"},{"$i":"sendFlightModeBody","$v":"Bạn phải tắt chế độ máy bay để gửi tin nhắn."},{"$i":"sendFlightModeBtnOk","$v":"OK"},{"$i":"radioDisabledToDownloadTitle","$v":"Lỗi Tải xuống"},{"$i":"radioDisabledToDownloadBody","$v":"Tắt chế độ máy bay để tải các tập tin đính kèm xuống."},{"$i":"radioDisabledToDownloadBtnOk","$v":[{"t":"idOrVar","v":"sendFlightModeBtnOk"}]},{"$i":"downloadDefaultErrorTitle","$v":"Lỗi Tải xuống"},{"$i":"downloadDefaultErrorBody","$v":"Đã xảy ra sự cố khi tải xuống tin nhắn. Vui lòng thử lại."},{"$i":"downloadDefaultErrorBtnOk","$v":[{"t":"idOrVar","v":"sendDefaultErrorBtnOk"}]},{"$i":"fdnErrorTitle","$v":"Không Gửi được"},{"$i":"needConnectWifiBody","$v":"Mạng di động không khả dụng. Hãy kết nối với Mạng Wi-Fi khả dụng để gửi tin nhắn."},{"$i":"needConnectWifiTitle","$v":"Tin nhắn không gửi được"},{"$i":"mmsChanelUsedBody","$v":"Có tin nhắn MMS đang được non-DDS sub gửi đến, vui lòng chờ quá trình gửi hoàn thành."},{"$i":"mmsChanelUsedTitle","$v":"Đã sử dụng Kênh MMS"},{"$i":"sms-counter-notice-label","$v":["Chỉnh sửa SMS ",{"t":"idOrVar","v":"number"}]},{"$i":"fdnErrorBody","$v":{"few":"FDN (Danh sách Số gọi Cố định) được kích hoạt. Đảm bảo trung tâm SMS và những người nhận sau đây thuộc danh sách FDN của bạn.","many":"FDN (Danh sách Số gọi Cố định) được kích hoạt. Đảm bảo trung tâm SMS và những người nhận sau đây thuộc danh sách FDN của bạn.","one":"FDN (Danh sách Số gọi Cố định) được kích hoạt. Đảm bảo trung tâm SMS và những người nhận sau đây thuộc danh sách FDN của bạn.","other":"FDN (Danh sách Số gọi Cố định) được kích hoạt. Đảm bảo trung tâm SMS và những người nhận sau đây thuộc danh sách FDN của bạn.","two":"FDN (Danh sách Số gọi Cố định) được kích hoạt. Đảm bảo trung tâm SMS và những người nhận sau đây thuộc danh sách FDN của bạn."},"$x":[{"t":"idOrVar","v":"plural"},"n"]},{"$i":"fdnErrorBtnOk","$v":"OK"},{"$i":"sendNoSignalErrorTitle","$v":"Không Gửi được"},{"$i":"sendNoSignalErrorBody","$v":"Chắc chắn rằng bạn có tín hiệu di động và thử lại."},{"$i":"sendNoSignalErrorBtnOk","$v":"OK"},{"$i":"sendNotFoundErrorTitle","$v":"Không Gửi được"},{"$i":"sendNotFoundErrorBody","$v":"Tin nhắn bạn đang tìm kiếm hiện không còn khả dụng."},{"$i":"sendNotFoundErrorBtnOk","$v":"OK"},{"$i":"sendInvalidAddressErrorTitle","$v":"Không Gửi được"},{"$i":"sendInvalidAddressErrorBody","$v":"Đảm bảo rằng bạn đang gửi đến số điện thoại di động hợp lệ."},{"$i":"sendInvalidAddressErrorBtnOk","$v":"OK"},{"$i":"simNotMatchedErrorTitle","$v":"Không thể tải xuống"},{"$i":"simNotMatchedErrorBody","$v":"Xin hãy chắc chắn rằng thẻ SIM đã lắp là thẻ được sử dụng để nhận tin nhắn này."},{"$i":"simNotMatchedErrorBtnOk","$v":"OK"},{"$i":"netWorkErrorTitle","$v":"Lỗi Mạng"},{"$i":"netWorkErrorBody","$v":"Mạng đang gặp một số vấn đề, xin vui lòng kiểm tra mạng trước."},{"$i":"netWorkErrorBtnOk","$v":"OK"},{"$i":"deleted-sms","$v":"Tin nhắn này đã bị xóa."},{"$i":"view-attachment-image","$v":"Xem"},{"$i":"view-attachment-audio","$v":"Nghe"},{"$i":"view-attachment-video","$v":"Xem"},{"$i":"view-attachment-other","$v":"Xem"},{"$i":"remove-attachment-image","$v":"Xóa hình ảnh"},{"$i":"remove-attachment-audio","$v":"Xóa âm thanh"},{"$i":"remove-attachment-video","$v":"Xóa video"},{"$i":"remove-attachment-other","$v":"Gỡ bỏ tập tin đính kèm"},{"$i":"replace-attachment-image","$v":"Thay thế hình ảnh"},{"$i":"replace-attachment-audio","$v":"Thay thế âm thanh"},{"$i":"replace-attachment-video","$v":"Thay thế video"},{"$i":"replace-attachment-other","$v":"Thay thế tập tin đính kèm"},{"$i":"unsent-message-title","$v":"Tin nhắn Chưa gửi"},{"$i":"unsent-message-description","$v":"Tin nhắn trước của bạn chưa được gửi. Bạn có muốn chỉnh sửa tin nhắn chưa gửi hoặc xóa nó và tiếp tục không?"},{"$i":"unsent-message-option-edit","$v":"Chỉnh sửa"},{"$i":"unsent-message-option-discard","$v":"Hủy bỏ"},{"$i":"message-options","$v":"Các tùy chọn tin nhắn"},{"$i":"select-text","$v":"Chọn văn bản"},{"$i":"mobile","$v":"Di động"},{"$i":"home","$v":"Màn hình chính"},{"$i":"work","$v":"Công việc"},{"$i":"personal","$v":"Cá nhân"},{"$i":"faxHome","$v":"Số fax nhà riêng"},{"$i":"faxOffice","$v":"Số fax văn phòng"},{"$i":"faxOther","$v":"Số fax khác"},{"$i":"another","$v":"Khác"},{"$i":"other","$v":"Khác"},{"$i":"today","$v":"Hôm nay"},{"$i":"yesterday","$v":"Hôm qua"},{"$i":"incorrectDate","$v":"(ngày không chính xác)"},{"$i":"addToExistingContact","$v":"Thêm vào liên hệ hiện tại"},{"$i":"createNewContact","$v":"Tạo liên hệ mới"},{"$i":"viewContact","$v":"Xem liên hệ"},{"$i":"sendEmail","$v":"Gửi Email"},{"$i":"mms-message","$v":"Tin nhắn MMS"},{"$i":"notDownloaded-title","$v":"Tin nhắn chưa được tải xuống."},{"$i":"tobedownloaded-attachment","$v":["Bạn đã nhận một tin nhắn đa phương tiện, nhấn Download (Tải xuống) để truy hồi nội dung của tin nhắn trước ",{"t":"idOrVar","v":"date"},"."]},{"$i":"expired-attachment","$v":["Rất tiếc, tin nhắn đã hết hạn vào ",{"t":"idOrVar","v":"date"}," và không thể tải xuống."]},{"$i":"download-attachment","$v":"Tải xuống"},{"$i":"downloading-attachment","$v":"Đang tải xuống..."},{"$i":"download-complete","$v":"Tải xuống hoàn tất"},{"$i":"unnamed-attachment","$v":"không có tiêu đề"},{"$i":"mms-label","$v":"MMS"},{"$i":"group-label","$v":"NHÓM"},{"$i":"attached-files-too-large","$v":{"few":["Các tin nhắn này vượt quá giới hạn kích thước ",{"t":"idOrVar","v":"mmsSize"}," MB của một tin nhắn đa phương tiện."],"many":["Các tin nhắn này vượt quá giới hạn kích thước ",{"t":"idOrVar","v":"mmsSize"}," MB của một tin nhắn đa phương tiện."],"one":["Tin nhắn này vượt quá giới hạn kích cỡ ",{"t":"idOrVar","v":"mmsSize"}," MB của một tin nhắn đa phương tiện."],"other":["Các tin nhắn này vượt quá giới hạn kích thước ",{"t":"idOrVar","v":"mmsSize"}," MB của một tin nhắn đa phương tiện."],"two":["Các tin nhắn này vượt quá giới hạn kích thước ",{"t":"idOrVar","v":"mmsSize"}," MB của một tin nhắn đa phương tiện."],"zero":["Các tin nhắn này vượt quá giới hạn kích thước ",{"t":"idOrVar","v":"mmsSize"}," MB của một tin nhắn đa phương tiện."]},"$x":[{"t":"idOrVar","v":"plural"},"n"]},{"$i":"resize-image","$v":"Thay đổi kích cỡ hình ảnh đính kèm"},{"$i":"no-attachment-text","$v":"Đã xảy ra sự cố với tập tin đính kèm và không thể tải xuống."},{"$i":"message-draft-saved","$v":"Tin nhắn đã lưu dưới dạng nháp"},{"$i":"sim-id-label","$v":["SIM ",{"t":"idOrVar","v":"id"}]},{"$i":"sim-detail","$v":["SIM ",{"t":"idOrVar","v":"id"},", ",{"t":"idOrVar","v":"detailString"}]},{"$i":"dsds-notification-title-with-sim","$v":["(",{"t":"idOrVar","v":"sim"},") ",{"t":"idOrVar","v":"sender"}]},{"$i":"send-button","ariaLabel":"Gửi"},{"$i":"send-button-sim-indication","$v":[{"t":"idOrVar","v":"n"}],"ariaLabel":["sử dụng SIM ",{"t":"idOrVar","v":"n"}]},{"$i":"expiry-date-format","$v":"%A, %b %e"},{"$i":"attach-button","ariaLabel":"Thêm tập tin đính kèm"},{"$i":"contact-photo","ariaLabel":"Ảnh của liên hệ"},{"$i":"unread-thread","ariaLabel":"Chưa đọc"},{"$i":"has-draft","ariaLabel":"Có bản nháp"},{"$i":"is-draft","ariaLabel":"Nháp"},{"$i":"message-delivery-status-sending","$v":"Đang gửi…"},{"$i":"message-delivery-status-delivered","$v":"Đã chuyển"},{"$i":"message-delivery-status-read","ariaLabel":"Đọc"},{"$i":"message-delivery-status-error","ariaLabel":"Lỗi"},{"$i":"modal-dialog-ok-button","$v":"OK"},{"$i":"modal-dialog-cancel-button","$v":"Hủy"},{"$i":"modal-dialog-default-title","$v":"Tin nhắn"},{"$i":"delete-message","$v":"Tin nhắn bị xóa"},{"$i":"message-converted-to-toast","$v":["Tin nhắn đã được chuyển thành ",{"t":"idOrVar","v":"type"}]},{"$i":"message-sent-toast","$v":"Đã gửi tin nhắn"},{"$i":"deleteMessage-confirmation2","$v":"Xóa chuỗi tin nhắn đã chọn?"},{"$i":"deleted-message","$v":{"few":["đã xóa ",{"t":"idOrVar","v":"n"}," tin nhắn"],"many":["đã xóa ",{"t":"idOrVar","v":"n"}," tin nhắn"],"one":["đã xóa ",{"t":"idOrVar","v":"n"}," tin nhắn"],"other":["đã xóa ",{"t":"idOrVar","v":"n"}," tin nhắn"],"two":["đã xóa ",{"t":"idOrVar","v":"n"}," tin nhắn"],"zero":"Đã xóa 0 tin nhắn"},"$x":[{"t":"idOrVar","v":"plural"},"n"]},{"$i":"deleted-threads","$v":{"few":["đã xóa ",{"t":"idOrVar","v":"n"}," chuỗi tin nhắn"],"many":["đã xóa ",{"t":"idOrVar","v":"n"}," chuỗi tin nhắn"],"one":"Đã xóa chuỗi","other":["đã xóa ",{"t":"idOrVar","v":"n"}," chuỗi tin nhắn"],"two":["đã xóa ",{"t":"idOrVar","v":"n"}," chuỗi tin nhắn"],"zero":"Đã xóa 0 Chuỗi"},"$x":[{"t":"idOrVar","v":"plural"},"n"]},{"$i":"wapPushMessages","$v":"Tin nhắn Đẩy WAP"},{"$i":"auto-retrieve-messages","$v":"Truy xuất tin nhắn tự động"},{"$i":"auto-retrieve-messages-title","$v":"Truy xuất Tin nhắn Tự động"},{"$i":"auto-roaming-retrieve","$v":"Mở khi chuyển vùng"},{"$i":"auto-no-roaming-retrieve","$v":"On without roaming"},{"$i":"mmsTitle","$v":"Nhắn tin Đa phương tiện (MMS)"},{"$i":"message-delivery-reports","$v":"Báo đã gửi"},{"$i":"message-delivery-reports-title","$v":"Báo đã Gửi"},{"$i":"messageReport-title","$v":"Chi tiết Tin nhắn"},{"$i":"sms-label","$v":"SMS"},{"$i":"messaging-settings","$v":"Cài đặt chế độ gửi Tin nhắn"},{"$i":"messagingSettings-header","$v":[{"t":"idOrVar","v":"messaging-settings"}]},{"$i":"confirmation-title","$v":"Xác nhận"},{"$i":"draft-save-content","$v":"Lưu dưới dạng Nháp?"},{"$i":"draft-discard-content","$v":"Đã hủy bỏ tin nhắn"},{"$i":"switch-on","$v":"Bật"},{"$i":"switch-off","$v":"Tắt"},{"$i":"auto-retrieve-desc","$v":"Tự động truy xuất tin nhắn"},{"$i":"confirm-dialog-ok","$v":"OK"},{"$i":"yes","$v":"Có"},{"$i":"no","$v":"Không"},{"$i":"delete-current-thread?","$v":"Xóa chuỗi tin nhắn đã chọn?"},{"$i":"attention","$v":"Chú ý"},{"$i":"delivery-title","$v":"Gửi tin nhắn Văn bản (SMS)"},{"$i":"send-failed","$v":"Gửi thất bại."},{"$i":"subject-removed","$v":"Đã xóa chủ đề."},{"$i":"data-storage-limit-alert-title","$v":"Bộ nhớ điện thoại đã đầy."},{"$i":"data-storage-limit-send-body","$v":"Không thể gửi MMS. Xóa tin nhắn hoặc đến Cài đặt để giải phóng dung lượng trống."},{"$i":"data-storage-limit-download-body","$v":"Không thể tải xuống MMS. Xóa tin nhắn hoặc đến Cài đặt để giải phóng dung lượng trống."},{"$i":"data-storage-limit-alert-cancel","$v":"Hủy"},{"$i":"data-storage-limit-alert-setting","$v":"Cài đặt"},{"$i":"recipient-repeat","$v":"Không có số liên hệ trùng lặp."},{"$i":"email","$v":"EMAIL"},{"$i":"options","$v":"Tùy chọn"},{"$i":"emergency-alert-title","$v":"Báo động Khẩn cấp Không dây"},{"$i":"emergency-alert","$v":"Báo động Khẩn cấp Không dây"},{"$i":"wappushNormal","$v":"Wap push"},{"$i":"wappushSIM1","$v":"WAP push - SIM 1"},{"$i":"wappushSIM2","$v":"WAP push - SIM 2"},{"$i":"not-assigned","$v":"Không được Gán"},{"$i":"switchSIMDataSendAlertTitle","$v":"Không thể gửi MMS."},{"$i":"switchSIMDataSendAlertBody","$v":["Để gừi MMS, bạn cần thay đổi thẻ SIM cho dữ liệu thành SIM ",{"t":"idOrVar","v":"nonActiveSimId"}," trong cài đặt Trình quản lý SIM."]},{"$i":"switchSIMDataSendAlertDesc","$v":"Vui lòng chuyển đến ứng dụng Cài đặt để cập nhật cài đặt."},{"$i":"switchSIMDataReceiveAlertTitle","$v":"Không nhận được MMS."},{"$i":"switchSIMDataReceiveAlertBody","$v":["Để nhận MMS, bạn cần thay đổi thẻ SIM cho dữ liệu thành SIM ",{"t":"idOrVar","v":"nonActiveSimId"}," trong cài đặt Trình quản lý SIM."]},{"$i":"switchSIMDataReceiveAlertDesc","$v":"Vui lòng chuyển đến ứng dụng Cài đặt để cập nhật cài đặt."},{"$i":"group-message","$v":"Tin nhắn Nhóm"},{"$i":"individual-message","$v":"Tin nhắn cá nhân"},{"$i":"group-message-alert-title","$v":"Tin nhắn Nhóm"},{"$i":"group-message-alert-body","$v":"Tạo một tin nhắn nhóm? (Tin nhắn nhóm sẽ được gửi thông qua MMS và SMS sẽ làm mất phí bổ sung từ nhà cung cấp Tin nhắn không dây tùy thuộc vào chương trình dịch vụ.)"},{"$i":"group-message-individual","$v":"Duy trì trạng thái Cá nhân"},{"$i":"group-message-setting","$v":"Tạo Nhóm"},{"$i":"new-message-individual","$v":"Tin nhắn Mới (Cá nhân)"},{"$i":"new-message-group","$v":"Tin nhắn Mới (Nhóm)"},{"$i":"no-phone-number","$v":"Chưa được gán"},{"$i":"device-phone-number","$v":"Số điện thoại của tôi"},{"$i":"group-message-phone","$v":"Tin nhắn Nhóm"},{"$i":"my-phone-number","$v":"Số điện thoại của tôi"},{"$i":"delivery-notification","$v":"Tin nhắn đã được gửi đi"},{"$i":"wait","$v":"đang đợi"},{"$i":"isTextTooLongAlert","$v":"Đã vượt quá độ dài tối đa của tin nhắn."},{"$i":"video-call","$v":"Cuộc gọi video"},{"$i":"normal-call","$v":"Gọi"},{"$i":"attachment","$v":"Tập tin đính kèm"},{"$i":"limit-MMS-recipients","$v":"Chỉ có thể gửi tối đa dến 20 người nhận trên mỗi MMS."},{"$i":"block-contact","$v":"Chặn liên hệ"},{"$i":"blocked","$v":"Chặn"},{"$i":"unblocked","$v":"Bỏ chặn"},{"$i":"rtt-call","$v":"Cuộc gọi RTT"},{"$i":"remove-all-attachments","$v":"Xóa tất cả tập tin đính kèm"},{"$i":"block-confirmation","$v":"Bạn sẽ không nhận được cuộc gọi điện thoại, tin nhắn từ những người trong danh sách chặn."},{"$i":"space-low-not-save","$v":"Bộ nhớ đã đầy, không thể lưu bản nháp."},{"$i":"sms-encoding-mode","$v":"Mã hóa Sms"},{"$i":"sms-reduced-format","$v":"Định dạng ngắn gọn"},{"$i":"sms-full-format","$v":"Định dạng đầy đủ"},{"$i":"smscNormal","$v":"Trung tâm Dịch vụ"},{"$i":"smscSIM1","$v":"Trung tâm Dịch vụ SIM1"},{"$i":"smscSIM2","$v":"Trung tâm Dịch vụ SIM2"},{"$i":"withoutDataTitle","$v":"Thất bại"},{"$i":"withoutDataBody","$v":"Vui lòng bật Kết nối Dữ liệu trong Cài đặt để gửi hoặc tải xuống MMS"},{"$i":"withoutDataBtnOk","$v":"OK"},{"$i":"withoutDataBtnSettings","$v":"Cài đặt"},{"$i":"weekday-0-long","$v":"Chủ nhật"},{"$i":"weekday-1-long","$v":"Thứ Hai"},{"$i":"weekday-2-long","$v":"Thứ Ba"},{"$i":"weekday-3-long","$v":"Thứ Tư"},{"$i":"weekday-4-long","$v":"Thứ Năm"},{"$i":"weekday-5-long","$v":"Thứ Sáu"},{"$i":"weekday-6-long","$v":"Thứ Bảy"},{"$i":"weekday-0-short","$v":"CN"},{"$i":"weekday-1-short","$v":"Thứ 2"},{"$i":"weekday-2-short","$v":"Thứ 3"},{"$i":"weekday-3-short","$v":"Thứ 4"},{"$i":"weekday-4-short","$v":"Thứ 5"},{"$i":"weekday-5-short","$v":"Thứ 6"},{"$i":"weekday-6-short","$v":"Thứ 7"},{"$i":"month-0-long","$v":"Tháng 1"},{"$i":"month-1-long","$v":"Tháng 2"},{"$i":"month-2-long","$v":"Tháng 3"},{"$i":"month-3-long","$v":"Tháng 4"},{"$i":"month-4-long","$v":"Tháng 5"},{"$i":"month-5-long","$v":"Tháng 6"},{"$i":"month-6-long","$v":"Tháng 7"},{"$i":"month-7-long","$v":"Tháng 8"},{"$i":"month-8-long","$v":"Tháng 9"},{"$i":"month-9-long","$v":"Tháng 10"},{"$i":"month-10-long","$v":"Tháng 11"},{"$i":"month-11-long","$v":"Tháng 12"},{"$i":"month-0-genitive","$v":"Tháng 1"},{"$i":"month-1-genitive","$v":"Tháng 2"},{"$i":"month-2-genitive","$v":"Tháng 3"},{"$i":"month-3-genitive","$v":"Tháng 4"},{"$i":"month-4-genitive","$v":"Tháng 5"},{"$i":"month-5-genitive","$v":"Tháng 6"},{"$i":"month-6-genitive","$v":"Tháng 7"},{"$i":"month-7-genitive","$v":"Tháng 8"},{"$i":"month-8-genitive","$v":"Tháng 9"},{"$i":"month-9-genitive","$v":"Tháng 10"},{"$i":"month-10-genitive","$v":"Tháng 11"},{"$i":"month-11-genitive","$v":"Tháng 12"},{"$i":"month-0-short","$v":"Tháng 1"},{"$i":"month-1-short","$v":"Tháng 2"},{"$i":"month-2-short","$v":"Tháng 3"},{"$i":"month-3-short","$v":"Tháng 4"},{"$i":"month-4-short","$v":"Tháng 5"},{"$i":"month-5-short","$v":"Tháng 6"},{"$i":"month-6-short","$v":"Tháng 7"},{"$i":"month-7-short","$v":"Tháng 8"},{"$i":"month-8-short","$v":"Tháng 9"},{"$i":"month-9-short","$v":"Tháng 10"},{"$i":"month-10-short","$v":"Tháng 11"},{"$i":"month-11-short","$v":"Tháng 12"},{"$i":"minutes-ago-long","$v":{"few":[{"t":"idOrVar","v":"value"}," phút trước"],"many":[{"t":"idOrVar","v":"value"}," phút trước"],"one":"một phút trước","other":[{"t":"idOrVar","v":"value"}," phút trước"],"two":[{"t":"idOrVar","v":"value"}," phút trước"],"zero":"ngay bây giờ"},"$x":[{"t":"idOrVar","v":"plural"},"value"]},{"$i":"hours-ago-long","$v":{"few":[{"t":"idOrVar","v":"value"}," giờ trước"],"many":[{"t":"idOrVar","v":"value"}," giờ trước"],"one":"giờ trước","other":[{"t":"idOrVar","v":"value"}," giờ trước"],"two":[{"t":"idOrVar","v":"value"}," giờ trước"],"zero":"ngay bây giờ"},"$x":[{"t":"idOrVar","v":"plural"},"value"]},{"$i":"days-ago-long","$v":{"few":[{"t":"idOrVar","v":"value"}," ngày trước"],"many":[{"t":"idOrVar","v":"value"}," ngày trước"],"one":"hôm qua","other":[{"t":"idOrVar","v":"value"}," ngày trước"],"two":[{"t":"idOrVar","v":"value"}," ngày trước"],"zero":"hôm nay"},"$x":[{"t":"idOrVar","v":"plural"},"value"]},{"$i":"weeks-ago-long","$v":{"few":[{"t":"idOrVar","v":"value"}," tuần trước"],"many":[{"t":"idOrVar","v":"value"}," tuần trước"],"one":"tuần trước","other":[{"t":"idOrVar","v":"value"}," tuần trước"],"two":[{"t":"idOrVar","v":"value"}," tuần trước"],"zero":"tuần này"},"$x":[{"t":"idOrVar","v":"plural"},"value"]},{"$i":"months-ago-long","$v":{"few":[{"t":"idOrVar","v":"value"}," tháng trước"],"many":[{"t":"idOrVar","v":"value"}," tháng trước"],"one":"tháng trước","other":[{"t":"idOrVar","v":"value"}," tháng trước"],"two":[{"t":"idOrVar","v":"value"}," tháng trước"],"zero":"tháng này"},"$x":[{"t":"idOrVar","v":"plural"},"value"]},{"$i":"years-ago-long","$v":{"few":[{"t":"idOrVar","v":"value"}," năm trước"],"many":[{"t":"idOrVar","v":"value"}," năm trước"],"one":"năm ngoái","other":[{"t":"idOrVar","v":"value"}," năm trước"],"two":[{"t":"idOrVar","v":"value"}," năm trước"],"zero":"năm nay"},"$x":[{"t":"idOrVar","v":"plural"},"value"]},{"$i":"minutes-until-long","$v":{"few":["trong ",{"t":"idOrVar","v":"value"}," phút"],"many":["trong ",{"t":"idOrVar","v":"value"}," phút"],"one":"trong một phút","other":["trong ",{"t":"idOrVar","v":"value"}," phút"],"two":["trong ",{"t":"idOrVar","v":"value"}," phút"],"zero":"hiện tại"},"$x":[{"t":"idOrVar","v":"plural"},"value"]},{"$i":"hours-until-long","$v":{"few":["trong ",{"t":"idOrVar","v":"value"}," giờ"],"many":["trong ",{"t":"idOrVar","v":"value"}," giờ"],"one":"trong một giờ","other":["trong ",{"t":"idOrVar","v":"value"}," giờ"],"two":["trong ",{"t":"idOrVar","v":"value"}," giờ"],"zero":"hiện tại"},"$x":[{"t":"idOrVar","v":"plural"},"value"]},{"$i":"days-until-long","$v":{"few":["trong ",{"t":"idOrVar","v":"value"}," ngày"],"many":["trong ",{"t":"idOrVar","v":"value"}," ngày"],"one":"ngày mai","other":["trong ",{"t":"idOrVar","v":"value"}," ngày"],"two":["trong ",{"t":"idOrVar","v":"value"}," ngày"],"zero":"hôm nay"},"$x":[{"t":"idOrVar","v":"plural"},"value"]},{"$i":"weeks-until-long","$v":{"few":["trong ",{"t":"idOrVar","v":"value"}," tuần"],"many":["trong ",{"t":"idOrVar","v":"value"}," tuần"],"one":"tuần tới","other":["trong ",{"t":"idOrVar","v":"value"}," tuần"],"two":["trong ",{"t":"idOrVar","v":"value"}," tuần"],"zero":"tuần này"},"$x":[{"t":"idOrVar","v":"plural"},"value"]},{"$i":"months-until-long","$v":{"few":["trong ",{"t":"idOrVar","v":"value"}," tháng"],"many":["trong ",{"t":"idOrVar","v":"value"}," tháng"],"one":"tháng tiếp theo","other":["trong ",{"t":"idOrVar","v":"value"}," tháng"],"two":["trong ",{"t":"idOrVar","v":"value"}," tháng"],"zero":"tháng này"},"$x":[{"t":"idOrVar","v":"plural"},"value"]},{"$i":"years-until-long","$v":{"few":["trong ",{"t":"idOrVar","v":"value"}," năm"],"many":["trong ",{"t":"idOrVar","v":"value"}," năm"],"one":"năm tới","other":["trong ",{"t":"idOrVar","v":"value"}," năm"],"two":["trong ",{"t":"idOrVar","v":"value"}," năm"],"zero":"năm nay"},"$x":[{"t":"idOrVar","v":"plural"},"value"]},{"$i":"minutes-ago-short","$v":{"other":[{"t":"idOrVar","v":"value"}," tháng trước"],"zero":"ngay bây giờ"},"$x":[{"t":"idOrVar","v":"plural"},"value"]},{"$i":"hours-ago-short","$v":{"other":[{"t":"idOrVar","v":"value"}," giờ trước"],"zero":"ngay bây giờ"},"$x":[{"t":"idOrVar","v":"plural"},"value"]},{"$i":"days-ago-short","$v":{"other":[{"t":"idOrVar","v":"value"}," ngày trước"],"zero":"hôm nay"},"$x":[{"t":"idOrVar","v":"plural"},"value"]},{"$i":"minutes-until-short","$v":{"other":["trong ",{"t":"idOrVar","v":"value"},"m"],"zero":"hiện tại"},"$x":[{"t":"idOrVar","v":"plural"},"value"]},{"$i":"hours-until-short","$v":{"other":["trong ",{"t":"idOrVar","v":"value"}],"zero":"hiện tại"},"$x":[{"t":"idOrVar","v":"plural"},"value"]},{"$i":"days-until-short","$v":{"other":["in ",{"t":"idOrVar","v":"value"},"d"],"zero":"hôm nay"},"$x":[{"t":"idOrVar","v":"plural"},"value"]},{"$i":"dateTimeFormat_%c","$v":"%a %b %e %Y %I:%M:%S %p"},{"$i":"dateTimeFormat_%x","$v":"%m/%d/%Y"},{"$i":"dateTimeFormat_%X","$v":"%I:%M:%S %p"},{"$i":"shortTimeFormat","$v":"%I:%M %p"},{"$i":"shortTimeFormat12","$v":"%I:%M %p"},{"$i":"shortTimeFormat24","$v":"%H:%M"},{"$i":"shortDateTimeFormat","$v":"%x %I:%M %p"},{"$i":"weekStartsOnMonday","$v":"0.0"},{"$i":"firstDayOfTheWeek","$v":"0.0"},{"$i":"time_am","$v":"AM"},{"$i":"time_pm","$v":"PM"},{"$i":"softkey-options","$v":"Tùy chọn"},{"$i":"emergencyNumber","$v":"Số khẩn cấp"},{"$i":"callAirplaneModeMessage","$v":"Để thực hiện cuộc gọi, bạn cần tắt chế độ máy bay trong cài đặt."},{"$i":"callAirplaneModeBtnOk","$v":"OK"},{"$i":"callAirplaneModeTitle","$v":"Chế độ máy bay được kích hoạt"},{"$i":"numberIsBusyTitle","$v":"Số điện thoại đang bận"},{"$i":"numberIsBusyMessage","$v":"Số điện thoại hiện đang bận. Vui lòng gọi lại sau."},{"$i":"fdnIsActiveTitle","$v":"FDN đang hoạt động"},{"$i":"fdnIsActiveMessage","$v":["FDN (Số Quay số Cố định) được kích hoạt và số sau đây không nằm trong danh sách FDN của bạn: ",{"t":"idOrVar","v":"number"}]},{"$i":"emergencyDialogBodyBadNumber","$v":"Để thực hiện một cuộc gọi, phải kết nối điện thoại với mạng."},{"$i":"emergencyDialogBodyDeviceNotAccepted","$v":"Mạng không cho phép các cuộc gọi khẩn cấp."},{"$i":"emergencyDialogBtnOk","$v":"OK"},{"$i":"emergencyDialogTitle","$v":"Không có kết nối mạng"},{"$i":"invalidNumberToDialTitle","$v":"Số điện thoại không hợp lệ"},{"$i":"invalidNumberToDialMessage","$v":"Số điện thoại bạn đang gọi không hợp lệ."},{"$i":"unableToCallTitle","$v":"Không thể thực hiện cuộc gọi"},{"$i":"unableToCallMessage","$v":"Không thể thực hiện cuộc gọi điện thoại ngay bây giờ."},{"$i":"otherConnectionInUseTitle","$v":"Đang sử dụng kết nối khác"},{"$i":"otherConnectionInUseMessage","$v":"Bạn đang có một cuộc gọi trên một kết nối khác. Bạn chỉ có thể sử dụng một kết nối một lần."},{"$i":"connectingEllipsis","$v":"Đang kết nối..."}]