[{"$i":"messages","$v":"Umyalezo"},{"$i":"deleteMessages-title","$v":"Khetha"},{"$i":"selectThreads-title","$v":"Khetha"},{"$i":"edit","$v":"Hlela"},{"$i":"back","$v":"Umva"},{"$i":"cancel","$v":"Rhoxisa"},{"$i":"delete","$v":"Cima"},{"$i":"deleting-messages","$v":"Iyacima..."},{"$i":"deselect","$v":"Yekisa ukukhetha"},{"$i":"selected-threads","$v":{"few":[{"t":"idOrVar","v":"n"}," Khethiwe"],"many":[{"t":"idOrVar","v":"n"}," Khethiwe"],"one":[{"t":"idOrVar","v":"n"}," Khethiwe"],"other":[{"t":"idOrVar","v":"n"}," Khethiwe"],"two":[{"t":"idOrVar","v":"n"}," Khethiwe"],"zero":"0 Khethiwe"},"$x":[{"t":"idOrVar","v":"plural"},"n"]},{"$i":"selected-messages","$v":{"few":[{"t":"idOrVar","v":"n"}," Khethiwe"],"many":[{"t":"idOrVar","v":"n"}," Khethiwe"],"one":[{"t":"idOrVar","v":"n"}," Khethiwe"],"other":[{"t":"idOrVar","v":"n"}," Khethiwe"],"two":[{"t":"idOrVar","v":"n"}," Khethiwe"],"zero":"0 Khethiwe"},"$x":[{"t":"idOrVar","v":"plural"},"n"]},{"$i":"selectThreads-label","$v":"Khetha iMisonto"},{"$i":"selectMessages-label","$v":"Khetha iMiyalezo"},{"$i":"new-message","$v":"Omtsha uMyalezo"},{"$i":"delete-thread","$v":"Cima Ungcelele"},{"$i":"create-new-contact","$v":"Yila Umqhagamshelwa Omtsha"},{"$i":"add-to-contact","$v":"Faka kumQhakamshelwa Osele ekhona"},{"$i":"select-thread","$v":"Khetha uMsonto"},{"$i":"settings","$v":"Iisethingi"},{"$i":"select-all","$v":"Khetha konke"},{"$i":"deselect-all","$v":"Yekisa ukukhetha yonke"},{"$i":"select","$v":"Khetha"},{"$i":"sk-save-as-draft","$v":"Gcina njenge drafy"},{"$i":"next","$v":"Landelayo"},{"$i":"send","$v":"Thumela"},{"$i":"add-contact","$v":"Faka umqhakamshelwa"},{"$i":"add-suggestion","$v":"Khetha"},{"$i":"add-subject","$v":"Faka Isihloko"},{"$i":"remove-subject","$v":"Susa isihloko"},{"$i":"add-attachment","$v":"Faka uqhobosho"},{"$i":"remove-attachment","$v":"Susa eqhotyoshelweyo"},{"$i":"replace-attachment","$v":"Tshintsha ucamathiselo"},{"$i":"select-messages","$v":"Khetha iMiyalezo"},{"$i":"call","$v":"Fowuna"},{"$i":"forward","$v":"Dlulisa"},{"$i":"view-message-report","$v":"Bona iinkcukacha zomyalezo"},{"$i":"cancel-view-report","$v":"Rhoxisa"},{"$i":"ok","$v":"KULUNGILE"},{"$i":"enter","$v":"Ngena"},{"$i":"open","$v":"Vula"},{"$i":"to","$v":"Iya"},{"$i":"new","$v":"Entsha"},{"$i":"message","$v":"Umyalezo"},{"$i":"messagesInput_placeholder","$v":"Umyalezo"},{"$i":"messagesSubjectInput_placeholder","$v":"Umxholo"},{"$i":"subjectComposerInput_placeholder","$v":"Umba"},{"$i":"converted-to-mms","$v":"Ukutshintsha umyalezo wemaltimidiya."},{"$i":"converted-to-sms","$v":"Ukutshintsha umyalezo weteksti."},{"$i":"messages-max-length-text","$v":"Ufikelele kobona bukhulu busikelweyo."},{"$i":"messages-max-subject-length-text","$v":"Isiphelo bude sesifundo sifikile."},{"$i":"multimedia-message-exceeded-max-length","$v":["Lomyalezo udlulel kwi ",{"t":"idOrVar","v":"mmsSize"}," MB umda wobukhulu umyalezo omnye we-multimedia ."]},{"$i":"newMessage","$v":"Omtsha uMyalezo"},{"$i":"sendMessage","$v":"Thumela myalezo"},{"$i":"sendMMSToEmail","$v":"Thumela umyalezo wemalthimidiya"},{"$i":"no-recipient","$v":"(Akukho mfumani)"},{"$i":"recipient","$v":{"few":[{"t":"idOrVar","v":"n"}," abafumani"],"many":[{"t":"idOrVar","v":"n"}," abafumani"],"one":[{"t":"idOrVar","v":"n"}," umfumani"],"other":[{"t":"idOrVar","v":"n"}," abafumani"],"two":[{"t":"idOrVar","v":"n"}," abafumani"]},"$x":[{"t":"idOrVar","v":"plural"},"n"]},{"$i":"attachmentSizeB","$v":[{"t":"idOrVar","v":"n"}," B"]},{"$i":"attachmentSizeKB","$v":[{"t":"idOrVar","v":"n"}," KB"]},{"$i":"attachmentSizeMB","$v":[{"t":"idOrVar","v":"n"}," MB"]},{"$i":"attachmentOpenError","$v":"Akukho aplikheshini ifumanekayo yokuvula olu hlobo lwefayile."},{"$i":"remove","$v":"Susa"},{"$i":"participant","$v":{"few":[{"t":"idOrVar","v":"n"}," abathathi nxaxheba"],"many":[{"t":"idOrVar","v":"n"}," abathathi nxaxheba"],"one":[{"t":"idOrVar","v":"n"}," umthathi nxaxheba"],"other":[{"t":"idOrVar","v":"n"}," abathathi nxaxheba"],"two":[{"t":"idOrVar","v":"n"}," abathathi nxaxheba"]},"$x":[{"t":"idOrVar","v":"plural"},"n"]},{"$i":"message-report","$v":"Inxelo yoMyalezo"},{"$i":"message-type-sms","$v":"Umyalezo woMbhalo (i-SMS)"},{"$i":"message-type-mms","$v":"Ninzi Lonwabo Myalezo (MMS)"},{"$i":"sms-report-description","$v":["Umyalezo oBhaliweyo wakho (i-SMS), ithunyelwe  ",{"t":"idOrVar","v":"datetime"}]},{"$i":"mms-report-description","$v":["Umxholo woMyalezo wakho weMalthimidiya (i-MMS), othi ",{"t":"idOrVar","v":"subject"},", uthunyelwe ",{"t":"idOrVar","v":"datetime"}]},{"$i":"mms-no-subject-report-description","$v":["Umxholo woMyalezo wakho weMalthimidiya (i-MMS), uthunyelwe ",{"t":"idOrVar","v":"datetime"}]},{"$i":"message-subject","$v":"Umxholo:"},{"$i":"report-status-error","$v":"Umyalezo awunakuthunyelwa"},{"$i":"report-status-not-downloaded","$v":"Aikhutshelwanga"},{"$i":"report-status-delivered","$v":"Ithunyelwe:"},{"$i":"report-status-read","$v":"Funda:"},{"$i":"report-status-pending","$v":"Isicelo ngxelo"},{"$i":"report-status-rejected","$v":"Umyalezo waliwe"},{"$i":"message-size-was","$v":"Ubungakani boMyalezo:"},{"$i":"report-to-title","$v":"Iya"},{"$i":"report-from-title","$v":"Ivela"},{"$i":"message-sent","$v":"Uthunyelwe:"},{"$i":"message-sending","$v":[{"t":"idOrVar","v":"message-delivery-status-sending"}]},{"$i":"message-received","$v":"Ifunyenwe:"},{"$i":"message-via","$v":"Nge:"},{"$i":"message-resend","$v":"Phinda uthumele"},{"$i":"search","$v":"Phendla"},{"$i":"unknown-contact-title","$v":"Umqhagamshelwan ongaziwayo"},{"$i":"phone-type-separator","$v":", "},{"$i":"phone-carrier-separator","$v":" "},{"$i":"thread-participant-separator","$v":", "},{"$i":"replace-draft","$v":"Thsintsha ekhona iDraft"},{"$i":"save-as-draft","$v":"Gcina"},{"$i":"discard-message","$v":"Lahla"},{"$i":"discard-sms","$v":"Uqinisekile ufuna ukulahla lo myalezo?"},{"$i":"discard-new-message","$v":"Yekisa imiyalezo ngokuqalisa ukuvula imiyalezo emitsha?"},{"$i":"resend-confirmation","$v":"Lo myalezo awubanga nakuthunyelwa. Ndizame kwakhona?"},{"$i":"resend-message","$v":"Phinda uthumele Lo Myalezo"},{"$i":"deleteMessage-confirmation","$v":"Cima umyalezo okhethiweyo?"},{"$i":"deleteMessages-confirmation","$v":"Cima imiyalezo ekhethiweyo?"},{"$i":"deleteThreads-confirmation2","$v":{"one":"Cima ungcelele lomyalezo okhethiweyo?","other":"Cima ungcelele lwemiyalezo ekhethiweyo?"},"$x":[{"t":"idOrVar","v":"plural"},"n"]},{"$i":"new-message-notice-text","$v":"Omtsha uMyalezo osuka"},{"$i":"new-message-notice-a-text","$v":"Yifunde"},{"$i":"noMessages-title","$v":"Akukho Miyalezo"},{"$i":"noMessages-text","$v":"Cinezela Entsha ukuqala unxibelelane."},{"$i":"sendDefaultErrorTitle","$v":"Thumela Ukungaphumeleli"},{"$i":"sendDefaultErrorBody","$v":"Kubekho ingxaki ukuthumela lo myalezo. Nceda uzame kwakhona."},{"$i":"sendDefaultErrorBtnOk","$v":"KULUNGILE"},{"$i":"sendMissingSimCardTitle","$v":"Thumela Ukungaphumeleli"},{"$i":"sendMissingSimCardBody","$v":"Faka iSIM khadi ekuyiyo ukuqhubeka."},{"$i":"sendMissingSimCardBtnOk","$v":"KULUNGILE"},{"$i":"sendFlightModeTitle","$v":"Thumela Ukungaphumeleli"},{"$i":"sendFlightModeBody","$v":"Cima imo yeepleyini ukuze uthumele imiyalezo."},{"$i":"sendFlightModeBtnOk","$v":"KULUNGILE"},{"$i":"radioDisabledToDownloadTitle","$v":"Ayivumanga ukufakeka"},{"$i":"radioDisabledToDownloadBody","$v":"Cima imo yeepleyini ukuze ukhuphele izihlomelo."},{"$i":"radioDisabledToDownloadBtnOk","$v":[{"t":"idOrVar","v":"sendFlightModeBtnOk"}]},{"$i":"downloadDefaultErrorTitle","$v":"Ayivumanga ukufakeka"},{"$i":"downloadDefaultErrorBody","$v":"Bekukho ingxaki ekufumaneni umyalezo. Sicela uphinde uzame"},{"$i":"downloadDefaultErrorBtnOk","$v":[{"t":"idOrVar","v":"sendDefaultErrorBtnOk"}]},{"$i":"fdnErrorTitle","$v":"Thumela Ukungaphumeleli"},{"$i":"needConnectWifiBody","$v":"Akukho datha kanomyayi yenethiwekhi efumanekayo. Qhakamshela kwinethiwekho yeWi-Fi efumanekayo yokuthumela umyalezo."},{"$i":"needConnectWifiTitle","$v":"Umyalezo awuthunyelwanga"},{"$i":"mmsChanelUsedBody","$v":"Kukhona iMMS ethunyelwa ngu non-DDS sub, nceda linda kude kuhle umsebenzi wokuthunyelwa."},{"$i":"mmsChanelUsedTitle","$v":"Ijelo le MMS lisetyenzisiwe"},{"$i":"sms-counter-notice-label","$v":["Iihlela iiSMS ",{"t":"idOrVar","v":"number"}]},{"$i":"fdnErrorBody","$v":{"few":"I-FDN (iinombolo Ezimiselwe Ukutsalelwa) ziyasebenza. Qiniseka ukuba iziko leSMS naba bantu baza kufumana bakuludwe lwe-FDN:","many":"I-FDN (iinombolo Ezimiselwe Ukutsalelwa) ziyasebenza. Qiniseka ukuba iziko leSMS naba bantu baza kufumana bakuludwe lwe-FDN:","one":"I-FDN (iinombolo Ezimiselwe Ukutsalelwa) ziyasebenza. Qiniseka ukuba iziko leSMS naba bantu baza kufumana bakuludwe lwe-FDN:","other":"I-FDN (iinombolo Ezimiselwe Ukutsalelwa) ziyasebenza. Qiniseka ukuba iziko leSMS naba bantu baza kufumana bakuludwe lwe-FDN:","two":"I-FDN (iinombolo Ezimiselwe Ukutsalelwa) ziyasebenza. Qiniseka ukuba iziko leSMS naba bantu baza kufumana bakuludwe lwe-FDN:"},"$x":[{"t":"idOrVar","v":"izininzi"},"n"]},{"$i":"fdnErrorBtnOk","$v":"KULUNGILE"},{"$i":"sendNoSignalErrorTitle","$v":"Thumela Ukungaphumeleli"},{"$i":"sendNoSignalErrorBody","$v":"Qinisekisa unophawu lukanomyayi kwaye uzame kwakhona."},{"$i":"sendNoSignalErrorBtnOk","$v":"KULUNGILE"},{"$i":"sendNotFoundErrorTitle","$v":"Thumela Ukungaphumeleli"},{"$i":"sendNotFoundErrorBody","$v":"Lo myalezo uwukhangelayo awusekho."},{"$i":"sendNotFoundErrorBtnOk","$v":"KULUNGILE"},{"$i":"sendInvalidAddressErrorTitle","$v":"Thumela Ukungaphumeleli"},{"$i":"sendInvalidAddressErrorBody","$v":"Qinisekisa ukuba inombolo kanomyayi othumela kuyo iyasebenza."},{"$i":"sendInvalidAddressErrorBtnOk","$v":"KULUNGILE"},{"$i":"simNotMatchedErrorTitle","$v":"Ayinakho ukukhuphela"},{"$i":"simNotMatchedErrorBody","$v":"Nceda qinisekisa iSIM khadi efakiweyo yile isetyenziselwa ukufumana umyalezo."},{"$i":"simNotMatchedErrorBtnOk","$v":"KULUNGILE"},{"$i":"netWorkErrorTitle","$v":"Ukungaphumeleli kwenethiwekhi"},{"$i":"netWorkErrorBody","$v":"Inethwekhi ineengxaki ezithile, nceda ukhangele kuqala."},{"$i":"netWorkErrorBtnOk","$v":"KULUNGILE"},{"$i":"deleted-sms","$v":"Lo myalezo sele ucinyiwe."},{"$i":"view-attachment-image","$v":"Bona"},{"$i":"view-attachment-audio","$v":"Mamela"},{"$i":"view-attachment-video","$v":"Bona"},{"$i":"view-attachment-other","$v":"Bona"},{"$i":"remove-attachment-image","$v":"Susa umfanekiso"},{"$i":"remove-attachment-audio","$v":"Susa ilizwi"},{"$i":"remove-attachment-video","$v":"Susa ividiyo"},{"$i":"remove-attachment-other","$v":"Susa eqhotyoshelweyo"},{"$i":"replace-attachment-image","$v":"Thsintsha umfanekiso"},{"$i":"replace-attachment-audio","$v":"Tshintsha ilizwi"},{"$i":"replace-attachment-video","$v":"Thsintsha ividiyo"},{"$i":"replace-attachment-other","$v":"Tshintsha ucamathiselo"},{"$i":"unsent-message-title","$v":"Umyalezo Ongathunyelwanga"},{"$i":"unsent-message-description","$v":"Umyalezo wakho wangaphambili awuthunyelwanga. Ingaba unqwenela ukuhlela?"},{"$i":"unsent-message-option-edit","$v":"Hlela"},{"$i":"unsent-message-option-discard","$v":"Lahla"},{"$i":"message-options","$v":"Iinketho zoMyalezo"},{"$i":"select-text","$v":"Khetha umbhalo"},{"$i":"mobile","$v":"Nomyayi"},{"$i":"home","$v":"Ikhaya"},{"$i":"work","$v":"Umsebenzi"},{"$i":"personal","$v":"Eyobuqu"},{"$i":"faxHome","$v":"Ifeksi yasekhaya"},{"$i":"faxOffice","$v":"Ifeksi yaseofisini"},{"$i":"faxOther","$v":"Enye ifeksi"},{"$i":"another","$v":"Okunye"},{"$i":"other","$v":"Ezinye"},{"$i":"today","$v":"Namhlanje"},{"$i":"yesterday","$v":"Izolo"},{"$i":"incorrectDate","$v":"(umhla awulunganga)"},{"$i":"addToExistingContact","$v":"Faka kumfowunelwa okhona."},{"$i":"createNewContact","$v":"Yila umqhagamshelwa omtsha"},{"$i":"viewContact","$v":"Jonga uqhagamshelo"},{"$i":"sendEmail","$v":"Thumela i-Imeyili"},{"$i":"mms-message","$v":"MMS Myalezo"},{"$i":"notDownloaded-title","$v":"Umyalezo awukhutshelwanga okwangoku."},{"$i":"tobedownloaded-attachment","$v":["Ufumene umyalezo wemalthimidiya, cofa uKhuphela ukuze utsale iziqulatho zawo ngaphambi ",{"t":"idOrVar","v":"date"},"."]},{"$i":"expired-attachment","$v":["Uxolo, umyalezo uphelelwe ngo- ",{"t":"idOrVar","v":"date"}," kwayi ayinakho ukukhutshelwa."]},{"$i":"download-attachment","$v":"Ukhuphelo"},{"$i":"downloading-attachment","$v":"Iyakhuphela..."},{"$i":"download-complete","$v":"Ukhuphelo lugqityiwe"},{"$i":"unnamed-attachment","$v":"engenasihloko"},{"$i":"mms-label","$v":"MMS"},{"$i":"group-label","$v":"IQELA"},{"$i":"attached-files-too-large","$v":{"few":["Le miyalezo idlule kwi ",{"t":"idOrVar","v":"mmsSize"}," MB umda wolinganiselo womyalezo monye we multimedia."],"many":["Le miyalezo idlule kwi ",{"t":"idOrVar","v":"mmsSize"}," MB umda wolinganiselo womyalezo monye we multimedia."],"one":["Lomyalezo udlulel kwi ",{"t":"idOrVar","v":"mmsSize"}," MB umda wobukhulu umyalezo omnye we-multimedia ."],"other":["Le miyalezo idlule kwi ",{"t":"idOrVar","v":"mmsSize"}," MB umda wolinganiselo womyalezo monye we multimedia."],"two":["Le miyalezo idlule kwi ",{"t":"idOrVar","v":"mmsSize"}," MB umda wolinganiselo womyalezo monye we multimedia."],"zero":["Le miyalezo idlule kwi ",{"t":"idOrVar","v":"mmsSize"}," MB umda wolinganiselo womyalezo monye we multimedia."]},"$x":[{"t":"idOrVar","v":"plural"},"n"]},{"$i":"resize-image","$v":"Ikala umfanekiso ocanyathiselweyo"},{"$i":"no-attachment-text","$v":"Kukho ingxaki nale fayile ihlonyelweyo kwaye ayinakukhutshelwa."},{"$i":"message-draft-saved","$v":"Umyalelo ugcinwe njenge draft"},{"$i":"sim-id-label","$v":["I-SIM ",{"t":"idOrVar","v":"id"}]},{"$i":"sim-detail","$v":["I-SIM ",{"t":"idOrVar","v":"id"},", ",{"t":"idOrVar","v":"detailString"}]},{"$i":"dsds-notification-title-with-sim","$v":["(",{"t":"idOrVar","v":"sim"},") ",{"t":"idOrVar","v":"sender"}]},{"$i":"send-button","ariaLabel":"Thumela"},{"$i":"send-button-sim-indication","$v":[{"t":"idOrVar","v":"n"}],"ariaLabel":["isebenzisa i-SIM ",{"t":"idOrVar","v":"n"}]},{"$i":"expiry-date-format","$v":"%A, %b %e"},{"$i":"attach-button","ariaLabel":"Faka uqhobosho"},{"$i":"contact-photo","ariaLabel":"Ifoto yomqhagamshelwa"},{"$i":"unread-thread","ariaLabel":"Yekisa u-ifundiwe"},{"$i":"has-draft","ariaLabel":"Inedrafti"},{"$i":"is-draft","ariaLabel":"Idrafti"},{"$i":"message-delivery-status-sending","$v":"Iyathumela…"},{"$i":"message-delivery-status-delivered","$v":"Ihanjisiwe"},{"$i":"message-delivery-status-read","ariaLabel":"Funda"},{"$i":"message-delivery-status-error","ariaLabel":"Impazamo"},{"$i":"modal-dialog-ok-button","$v":"KULUNGILE"},{"$i":"modal-dialog-cancel-button","$v":"Rhoxisa"},{"$i":"modal-dialog-default-title","$v":"Imiyalezo"},{"$i":"delete-message","$v":"Umyalezo ucinyiwe"},{"$i":"message-converted-to-toast","$v":["Umyalezo utshintshelwe kwi ",{"t":"idOrVar","v":"type"}]},{"$i":"message-sent-toast","$v":"UMyalezo uthunyelwe"},{"$i":"deleteMessage-confirmation2","$v":"Cima ungcelele lomyalezo okhethiweyo?"},{"$i":"deleted-message","$v":{"few":[{"t":"idOrVar","v":"n"}," imiyalezo icinyiwe"],"many":[{"t":"idOrVar","v":"n"}," imiyalezo icinyiwe"],"one":[{"t":"idOrVar","v":"n"}," umyalezo ucinyiwe"],"other":[{"t":"idOrVar","v":"n"}," imiyalezo icinyiwe"],"two":[{"t":"idOrVar","v":"n"}," imiyalezo icinyiwe"],"zero":"0 umyalezo ucinyiwe"},"$x":[{"t":"idOrVar","v":"plural"},"n"]},{"$i":"deleted-threads","$v":{"few":[{"t":"idOrVar","v":"n"}," uthotho lwemiyalezo lucinyiwe"],"many":[{"t":"idOrVar","v":"n"}," uthotho lwemiyalezo lucinyiwe"],"one":"Umtya ucinyiwe","other":[{"t":"idOrVar","v":"n"}," uthotho lwemiyalezo lucinyiwe"],"two":[{"t":"idOrVar","v":"n"}," uthotho lwemiyalezo lucinyiwe"],"zero":"0 Uthotho lucinyiwe"},"$x":[{"t":"idOrVar","v":"plural"},"n"]},{"$i":"wapPushMessages","$v":"ImiYalezo we-WAP Push"},{"$i":"auto-retrieve-messages","$v":"Fumana Ngokuzenzekelayo Imiyalezo"},{"$i":"auto-retrieve-messages-title","$v":"Fumana Ngokuzenzekelayo Imiyalezo"},{"$i":"auto-roaming-retrieve","$v":"Ilayitiwe ngozulazulo"},{"$i":"auto-no-roaming-retrieve","$v":"Iyaitiwe ngaphandle kozulazulo"},{"$i":"mmsTitle","$v":"Ninzi Lonwabo Myalezo (MMS)"},{"$i":"message-delivery-reports","$v":"Iingxelo zothunyelo"},{"$i":"message-delivery-reports-title","$v":"Iingxelo zothunyelo"},{"$i":"messageReport-title","$v":"Iinkcukacha zomyalezo"},{"$i":"sms-label","$v":"I-SMS"},{"$i":"messaging-settings","$v":"Messaging Settings"},{"$i":"messagingSettings-header","$v":[{"t":"idOrVar","v":"messaging-settings"}]},{"$i":"confirmation-title","$v":"Isiqinisekiso"},{"$i":"draft-save-content","$v":"Gicna njenge Draft?"},{"$i":"draft-discard-content","$v":"Umyalezo ususiwe"},{"$i":"switch-on","$v":"Ivuliwe"},{"$i":"switch-off","$v":"Icinyiwe"},{"$i":"auto-retrieve-desc","$v":"Ukufumana ngokuzenzekelayo imiyalezo"},{"$i":"confirm-dialog-ok","$v":"KULUNGILE"},{"$i":"yes","$v":"Ewe"},{"$i":"no","$v":"Hayi"},{"$i":"delete-current-thread?","$v":"Cima ungcelele lomyalezo okhethiweyo?"},{"$i":"attention","$v":"Qaphela"},{"$i":"delivery-title","$v":"Ubhalo womyalezo (SMS)"},{"$i":"send-failed","$v":"Ukuthumela akuphumelelanga."},{"$i":"subject-removed","$v":"Umxholo ususiwe."},{"$i":"data-storage-limit-alert-title","$v":"Uvumba wefowuni ugcwele"},{"$i":"data-storage-limit-send-body","$v":"Ayikwazi ukuthumela i-MMS. Cima imiyalezo okanye uye kwiiSethingi ukuvula isithuba."},{"$i":"data-storage-limit-download-body","$v":"Ayikwazi kudownlowuda i-MMS. Cima imiyalezo okanye uye kwiiSethingi ukuvula isithuba."},{"$i":"data-storage-limit-alert-cancel","$v":"Rhixisa"},{"$i":"data-storage-limit-alert-setting","$v":"Iisethingi"},{"$i":"recipient-repeat","$v":"Umfowunelwa ophindiweyo."},{"$i":"email","$v":"I-IMEYILI"},{"$i":"options","$v":"Okunokukhethwa"},{"$i":"emergency-alert-title","$v":"Izaziso Zongxamiseko"},{"$i":"emergency-alert","$v":"Izaziso zongxamiseko"},{"$i":"wappushNormal","$v":"Dudula i-Wap"},{"$i":"wappushSIM1","$v":"Dudula i-WAP ye- SIM 1"},{"$i":"wappushSIM2","$v":"Dudula i-WAP ye- SIM 2"},{"$i":"not-assigned","$v":"Ayifakwanga"},{"$i":"switchSIMDataSendAlertTitle","$v":"I-imeyili iphanzile ukuthunyelwa"},{"$i":"switchSIMDataSendAlertBody","$v":["Ukuze ufumane iMMS, udinga ukutshintsha SIM khadi yedatha ukuya SIM",{"t":"idOrVar","v":"nonActiveSimId"}," kwiisethingi zoLawulo SIM, nceda uye kwisethingi ze-app ukuhlaziya iisethingi."]},{"$i":"switchSIMDataSendAlertDesc","$v":"Nceda uye kwiSetingi zenkqubo ukuhlaziya izicwangciso."},{"$i":"switchSIMDataReceiveAlertTitle","$v":"iMMS isilele ukufumana."},{"$i":"switchSIMDataReceiveAlertBody","$v":["Ukuze ufumane iMMS, udinga ukutshintsha SIM khadi yedatha ukuya SIM",{"t":"idOrVar","v":"nonActiveSimId"}," kwiisethingi zoLawulo SIM, nceda uye kwisethingi ze-app ukuhlaziya iisethingi."]},{"$i":"switchSIMDataReceiveAlertDesc","$v":"Nceda uye kwiSetingi zenkqubo ukuhlaziya izicwangciso."},{"$i":"group-message","$v":"Uyalezo weQela"},{"$i":"individual-message","$v":"Uyalezo woMntu"},{"$i":"group-message-alert-title","$v":"Uyalezo weQela"},{"$i":"group-message-alert-body","$v":"Yila umyalezo weqela? (Uyalezo weqela uzakuthunyelwe nge MMS ne SMS izakwenza intlawulo eyongeziweyo ukusuka Kumnikezeli myalezo onganxunywanga ngokuxhomekeke kwisicwangciso nkonzo.)"},{"$i":"group-message-individual","$v":"Gcina Omnye"},{"$i":"group-message-setting","$v":"Yila Iqela"},{"$i":"new-message-individual","$v":"Omtsha Uyalezo (Umntul)"},{"$i":"new-message-group","$v":"Omtsha Umyalezo (Iqela)"},{"$i":"no-phone-number","$v":"Ayinikezelwanga"},{"$i":"device-phone-number","$v":"Inombolo yefowuni yam"},{"$i":"group-message-phone","$v":"Imiyalezo yeQela"},{"$i":"my-phone-number","$v":"Inombolo yefowuni yam"},{"$i":"delivery-notification","$v":"Uyalezo uthunyelwe"},{"$i":"wait","$v":"Ilindile"},{"$i":"isTextTooLongAlert","$v":"Umyalezo ophezulu ubude udlulile."},{"$i":"video-call","$v":"Umnxeba wevidiyo"},{"$i":"normal-call","$v":"Fowuna"},{"$i":"attachment","$v":"Isihlomelo"},{"$i":"limit-MMS-recipients","$v":"Kuphela kungathumela abafikelele kwi-20 kwi-MMS nganye."},{"$i":"block-contact","$v":"Vimba umnxeba"},{"$i":"blocked","$v":"Vimba"},{"$i":"unblocked","$v":"Vulela"},{"$i":"rtt-call","$v":"Umnxeba we RTT"},{"$i":"remove-all-attachments","$v":"Shenxisa zonke izincanyathiselwa?"},{"$i":"block-confirmation","$v":"Awuyi kufumana iiminxebalezo evela kubantu abakwiibhloko zebhloko."},{"$i":"space-low-not-save","$v":"Uvimba ugcwele, ayikwazi ukugcina idrafti."},{"$i":"sms-encoding-mode","$v":"Ukukhowudwa kwe-SMS"},{"$i":"sms-reduced-format","$v":"Ifomathi Ihliselwe"},{"$i":"sms-full-format","$v":"Ifomathi ingcwele"},{"$i":"smscNormal","$v":"Iziko leeNkonzo"},{"$i":"smscSIM1","$v":"Iziko leeNkonzo lika-SIM1"},{"$i":"smscSIM2","$v":"Iziko leeNkonzo lika-SIM2"},{"$i":"withoutDataTitle","$v":"Usilelo"},{"$i":"withoutDataBody","$v":"Nceda vulelela Ughakamshelo lwe Data kwi Sethingi ukuthumela okanye ukukhuphela i-MMS"},{"$i":"withoutDataBtnOk","$v":"KULUNGILE"},{"$i":"withoutDataBtnSettings","$v":"Iisethingi"},{"$i":"weekday-0-long","$v":"Ngecawe"},{"$i":"weekday-1-long","$v":"NgoMvulo"},{"$i":"weekday-2-long","$v":"Lwesibini"},{"$i":"weekday-3-long","$v":"Lwesithathu"},{"$i":"weekday-4-long","$v":"Lwesine"},{"$i":"weekday-5-long","$v":"Lwesihlanu"},{"$i":"weekday-6-long","$v":"Mgqibelo"},{"$i":"weekday-0-short","$v":"Ca"},{"$i":"weekday-1-short","$v":"Mvu"},{"$i":"weekday-2-short","$v":"Lb"},{"$i":"weekday-3-short","$v":"Lt"},{"$i":"weekday-4-short","$v":"Ln"},{"$i":"weekday-5-short","$v":"Lh"},{"$i":"weekday-6-short","$v":"Mg"},{"$i":"month-0-long","$v":"EyoMqungu"},{"$i":"month-1-long","$v":"EyoMdumba"},{"$i":"month-2-long","$v":"EyoKwindla"},{"$i":"month-3-long","$v":"Tshazimpuzi"},{"$i":"month-4-long","$v":"UCanzibe"},{"$i":"month-5-long","$v":"Isilimela"},{"$i":"month-6-long","$v":"EyeKhala"},{"$i":"month-7-long","$v":"EyeThupha"},{"$i":"month-8-long","$v":"EyoMsintsi"},{"$i":"month-9-long","$v":"EyeDwarha"},{"$i":"month-10-long","$v":"EyeNkanga"},{"$i":"month-11-long","$v":"EyoMnga"},{"$i":"month-0-genitive","$v":"Januwari"},{"$i":"month-1-genitive","$v":"Februwari"},{"$i":"month-2-genitive","$v":"Matshi"},{"$i":"month-3-genitive","$v":"Tshazimpuzi"},{"$i":"month-4-genitive","$v":"Meyi"},{"$i":"month-5-genitive","$v":"Juni"},{"$i":"month-6-genitive","$v":"Julayi"},{"$i":"month-7-genitive","$v":"Agasti"},{"$i":"month-8-genitive","$v":"Septemba"},{"$i":"month-9-genitive","$v":"Oktobha"},{"$i":"month-10-genitive","$v":"Novemba"},{"$i":"month-11-genitive","$v":"Disemba"},{"$i":"month-0-short","$v":"Jan"},{"$i":"month-1-short","$v":"Feb"},{"$i":"month-2-short","$v":"Mat"},{"$i":"month-3-short","$v":"Tshaz"},{"$i":"month-4-short","$v":"Meyi"},{"$i":"month-5-short","$v":"Juni"},{"$i":"month-6-short","$v":"Julayi"},{"$i":"month-7-short","$v":"Agasti"},{"$i":"month-8-short","$v":"Sep"},{"$i":"month-9-short","$v":"Okto"},{"$i":"month-10-short","$v":"Nov"},{"$i":"month-11-short","$v":"Dis"},{"$i":"minutes-ago-long","$v":{"few":[{"t":"idOrVar","v":"value"}," imizuzu edlileyo"],"many":[{"t":"idOrVar","v":"value"}," imizuzu edlileyo"],"one":"Umzuzu odluleyo","other":[{"t":"idOrVar","v":"value"}," imizuzu edlileyo"],"two":[{"t":"idOrVar","v":"value"}," imizuzu edlileyo"],"zero":"nje ngoku"},"$x":[{"t":"idOrVar","v":"izininzi"},"inani"]},{"$i":"hours-ago-long","$v":{"few":[{"t":"idOrVar","v":"value"}," iiyure ezidluleyo"],"many":[{"t":"idOrVar","v":"value"}," iiyure ezidluleyo"],"one":"kwiyure edluleyo","other":[{"t":"idOrVar","v":"value"}," iiyure ezidluleyo"],"two":[{"t":"idOrVar","v":"value"}," iiyure ezidluleyo"],"zero":"nje ngoku"},"$x":[{"t":"idOrVar","v":"izininzi"},"inani"]},{"$i":"days-ago-long","$v":{"few":[{"t":"idOrVar","v":"value"}," iintsuku ezidluleyo"],"many":[{"t":"idOrVar","v":"value"}," iintsuku ezidluleyo"],"one":"izolo","other":[{"t":"idOrVar","v":"value"}," iintsuku ezidluleyo"],"two":[{"t":"idOrVar","v":"value"}," iintsuku ezidluleyo"],"zero":"namhlanje"},"$x":[{"t":"idOrVar","v":"izininzi"},"inani"]},{"$i":"weeks-ago-long","$v":{"few":[{"t":"idOrVar","v":"value"}," iiveki ezidluleyo"],"many":[{"t":"idOrVar","v":"value"}," iiveki ezidluleyo"],"one":"kwiveki edluleyo","other":[{"t":"idOrVar","v":"value"}," iiveki ezidluleyo"],"two":[{"t":"idOrVar","v":"value"}," iiveki ezidluleyo"],"zero":"kule veki"},"$x":[{"t":"idOrVar","v":"izininzi"},"inani"]},{"$i":"months-ago-long","$v":{"few":[{"t":"idOrVar","v":"value"}," iinyanga ezidluyo"],"many":[{"t":"idOrVar","v":"value"}," iinyanga ezidluyo"],"one":"Kwinyanga edluleyo","other":[{"t":"idOrVar","v":"value"}," iinyanga ezidluyo"],"two":[{"t":"idOrVar","v":"value"}," iinyanga ezidluyo"],"zero":"kule nyanga"},"$x":[{"t":"idOrVar","v":"izininzi"},"inani"]},{"$i":"years-ago-long","$v":{"few":[{"t":"idOrVar","v":"value"}," iiminyak edluleyo"],"many":[{"t":"idOrVar","v":"value"}," iiminyak edluleyo"],"one":"kunyaka odluleyo","other":[{"t":"idOrVar","v":"value"}," iiminyak edluleyo"],"two":[{"t":"idOrVar","v":"value"}," iiminyak edluleyo"],"zero":"kulo nyaka"},"$x":[{"t":"idOrVar","v":"izininzi"},"inani"]},{"$i":"minutes-until-long","$v":{"few":["in ",{"t":"idOrVar","v":"value"}," imizuzu"],"many":["in ",{"t":"idOrVar","v":"value"}," imizuzu"],"one":"kumzuzu","other":["in ",{"t":"idOrVar","v":"value"}," imizuzu"],"two":["in ",{"t":"idOrVar","v":"value"}," imizuzu"],"zero":"Ngoku"},"$x":[{"t":"idOrVar","v":"izininzi"},"inani"]},{"$i":"hours-until-long","$v":{"few":["in ",{"t":"idOrVar","v":"value"}," iiyure"],"many":["in ",{"t":"idOrVar","v":"value"}," iiyure"],"one":"kwiyure","other":["in ",{"t":"idOrVar","v":"value"}," iiyure"],"two":["in ",{"t":"idOrVar","v":"value"}," iiyure"],"zero":"Ngoku"},"$x":[{"t":"idOrVar","v":"izininzi"},"inani"]},{"$i":"days-until-long","$v":{"few":["in ",{"t":"idOrVar","v":"value"}," iintsuku"],"many":["in ",{"t":"idOrVar","v":"value"}," iintsuku"],"one":"ngomso","other":["in ",{"t":"idOrVar","v":"value"}," iintsuku"],"two":["in ",{"t":"idOrVar","v":"value"}," iintsuku"],"zero":"namhlanje"},"$x":[{"t":"idOrVar","v":"izininzi"},"inani"]},{"$i":"weeks-until-long","$v":{"few":["in ",{"t":"idOrVar","v":"value"}," iiveki"],"many":["in ",{"t":"idOrVar","v":"value"}," iiveki"],"one":"iveki ezayo","other":["in ",{"t":"idOrVar","v":"value"}," iiveki"],"two":["in ",{"t":"idOrVar","v":"value"}," iiveki"],"zero":"kule veki"},"$x":[{"t":"idOrVar","v":"izininzi"},"inani"]},{"$i":"months-until-long","$v":{"few":["in ",{"t":"idOrVar","v":"value"}," iinyanga"],"many":["in ",{"t":"idOrVar","v":"value"}," iinyanga"],"one":"inyanga ezayo","other":["in ",{"t":"idOrVar","v":"value"}," iinyanga"],"two":["in ",{"t":"idOrVar","v":"value"}," iinyanga"],"zero":"kule nyanga"},"$x":[{"t":"idOrVar","v":"izininzi"},"inani"]},{"$i":"years-until-long","$v":{"few":["in ",{"t":"idOrVar","v":"value"}," iiminyaka"],"many":["in ",{"t":"idOrVar","v":"value"}," iiminyaka"],"one":"unyaka ozayou","other":["in ",{"t":"idOrVar","v":"value"}," iiminyaka"],"two":["in ",{"t":"idOrVar","v":"value"}," iiminyaka"],"zero":"kulo nyaka"},"$x":[{"t":"idOrVar","v":"izininzi"},"inani"]},{"$i":"minutes-ago-short","$v":{"other":[{"t":"idOrVar","v":"value"},"m dluleyo"],"zero":"nje ngoku"},"$x":[{"t":"idOrVar","v":"izininzi"},"inani"]},{"$i":"hours-ago-short","$v":{"other":[{"t":"idOrVar","v":"value"},"y dluleyo"],"zero":"nje ngoku"},"$x":[{"t":"idOrVar","v":"izininzi"},"inani"]},{"$i":"days-ago-short","$v":{"other":[{"t":"idOrVar","v":"value"},"s dluleyo"],"zero":"namhlanje"},"$x":[{"t":"idOrVar","v":"izininzi"},"inani"]},{"$i":"minutes-until-short","$v":{"other":["in ",{"t":"idOrVar","v":"value"},"m"],"zero":"Ngoku"},"$x":[{"t":"idOrVar","v":"izininzi"},"inani"]},{"$i":"hours-until-short","$v":{"other":["in ",{"t":"idOrVar","v":"value"},"h"],"zero":"Ngoku"},"$x":[{"t":"idOrVar","v":"izininzi"},"inani"]},{"$i":"days-until-short","$v":{"other":["in ",{"t":"idOrVar","v":"value"},"d"],"zero":"namhlanje"},"$x":[{"t":"idOrVar","v":"izininzi"},"inani"]},{"$i":"dateTimeFormat_%c","$v":"%a %b %e %Y %I:%M:%S %p"},{"$i":"dateTimeFormat_%x","$v":"%m/%d/%Y"},{"$i":"dateTimeFormat_%X","$v":"%I:%M:%S %p"},{"$i":"shortTimeFormat","$v":"%I:%M %p"},{"$i":"shortTimeFormat12","$v":"%I:%M %p"},{"$i":"shortTimeFormat24","$v":"%H:%M"},{"$i":"shortDateTimeFormat","$v":"%x %I:%M %p"},{"$i":"weekStartsOnMonday","$v":"0.0"},{"$i":"firstDayOfTheWeek","$v":"0.0"},{"$i":"time_am","$v":"AM"},{"$i":"time_pm","$v":"PM"},{"$i":"softkey-options","$v":"Iinketho"},{"$i":"emergencyNumber","$v":"Inombolo yongxamiseko"},{"$i":"callAirplaneModeMessage","$v":"Ukuze utsale umnxeba kufuneka uvale imo yepleyini kwiisethingi."},{"$i":"callAirplaneModeBtnOk","$v":"Lungile"},{"$i":"callAirplaneModeTitle","$v":"Imodi yenqwelo-moya ivuliwe"},{"$i":"numberIsBusyTitle","$v":"Inombolo ixakekile"},{"$i":"numberIsBusyMessage","$v":"Le nombolo ixakekile okwangoku. Nceda uzame kamva."},{"$i":"fdnIsActiveTitle","$v":"I-FDN iyasetyenziswa"},{"$i":"fdnIsActiveMessage","$v":["I-FDN (Iinombolo Ezimiselwe Ukutsalelwa) ivuliwe ibe ezi nombolo zilandelayo azikho kuludwe lwe-FDN: ",{"t":"idOrVar","v":"number"}]},{"$i":"emergencyDialogBodyBadNumber","$v":"Ukuze utsale umnxeba, ifowuni kumele inxibelelane nenetwekhi."},{"$i":"emergencyDialogBodyDeviceNotAccepted","$v":"Ifowuni zongxamiseko azilandelwa kwinethiwekhi."},{"$i":"emergencyDialogBtnOk","$v":"Lungile"},{"$i":"emergencyDialogTitle","$v":"Akukho qhakamshelo lanethiwekhi"},{"$i":"invalidNumberToDialTitle","$v":"Akuyiyo inombolo yefowuni"},{"$i":"invalidNumberToDialMessage","$v":"Le nombolo yefowuni uyifowunelayo ayilunganga."},{"$i":"unableToCallTitle","$v":"Asikwazi ukufowuna. "},{"$i":"unableToCallMessage","$v":"Ayinakho ukutsala umnxeba ngoku"},{"$i":"otherConnectionInUseTitle","$v":"Amanye oqhakamshelo asetyenziswayo"},{"$i":"otherConnectionInUseMessage","$v":"Usemnxebeni kolunye unxibelelwano. Ungasebenzisa kuphela unxibelelwano olunye ngexesha."},{"$i":"connectingEllipsis","$v":"Iyaqhagamshelana..."}]