[{"$i":"messages","$v":"信息"},{"$i":"deleteMessages-title","$v":"选择"},{"$i":"selectThreads-title","$v":"选择"},{"$i":"edit","$v":"编辑"},{"$i":"back","$v":"上一步"},{"$i":"cancel","$v":"取消"},{"$i":"delete","$v":"删除"},{"$i":"deleting-messages","$v":"删除中…"},{"$i":"deselect","$v":"取消选择"},{"$i":"selected-threads","$v":{"few":["已选 ",{"t":"idOrVar","v":"n"}," 项"],"many":["已选 ",{"t":"idOrVar","v":"n"}," 项"],"one":["已选 ",{"t":"idOrVar","v":"n"}," 项"],"other":["已选 ",{"t":"idOrVar","v":"n"}," 项"],"two":["已选 ",{"t":"idOrVar","v":"n"}," 项"],"zero":"已选 0 项"},"$x":[{"t":"idOrVar","v":"plural"},"n"]},{"$i":"selected-messages","$v":{"few":["已选 ",{"t":"idOrVar","v":"n"}," 项"],"many":["已选 ",{"t":"idOrVar","v":"n"}," 项"],"one":["已选 ",{"t":"idOrVar","v":"n"}," 项"],"other":["已选 ",{"t":"idOrVar","v":"n"}," 项"],"two":["已选 ",{"t":"idOrVar","v":"n"}," 项"],"zero":"已选 0 项"},"$x":[{"t":"idOrVar","v":"plural"},"n"]},{"$i":"selectThreads-label","$v":"选择对话"},{"$i":"selectMessages-label","$v":"选择信息"},{"$i":"new-message","$v":"新建"},{"$i":"delete-thread","$v":"删除会话"},{"$i":"create-new-contact","$v":"创建新联系人"},{"$i":"add-to-contact","$v":"添加至现有联系人"},{"$i":"select-thread","$v":"选择对话"},{"$i":"settings","$v":"设置"},{"$i":"select-all","$v":"全部"},{"$i":"deselect-all","$v":"取消"},{"$i":"select","$v":"选择"},{"$i":"sk-save-as-draft","$v":"保存为草稿"},{"$i":"next","$v":"下一个"},{"$i":"send","$v":"发送"},{"$i":"add-contact","$v":"添加"},{"$i":"add-suggestion","$v":"选择"},{"$i":"add-subject","$v":"添加主题"},{"$i":"remove-subject","$v":"删除主题"},{"$i":"add-attachment","$v":"添加附件"},{"$i":"remove-attachment","$v":"删除附件"},{"$i":"replace-attachment","$v":"替换附件"},{"$i":"select-messages","$v":"选择信息"},{"$i":"call","$v":"电话"},{"$i":"forward","$v":"转发"},{"$i":"view-message-report","$v":"查看信息详情"},{"$i":"cancel-view-report","$v":"取消"},{"$i":"ok","$v":"确定"},{"$i":"enter","$v":"回车"},{"$i":"open","$v":"打开"},{"$i":"to","$v":"到"},{"$i":"new","$v":"新"},{"$i":"message","$v":"发短信"},{"$i":"messagesInput_placeholder","$v":"发短信"},{"$i":"messagesSubjectInput_placeholder","$v":"主题"},{"$i":"subjectComposerInput_placeholder","$v":"主题"},{"$i":"converted-to-mms","$v":"正在转换为彩信。"},{"$i":"converted-to-sms","$v":"正在转换为短信。"},{"$i":"messages-max-length-text","$v":"已达到最大长度。"},{"$i":"messages-max-subject-length-text","$v":"已达到主题最大长度。"},{"$i":"multimedia-message-exceeded-max-length","$v":["此消息超过单个MMS消息",{"t":"idOrVar","v":"mmsSize"},"MB字节的大小限制。"]},{"$i":"newMessage","$v":"新信息"},{"$i":"sendMessage","$v":"发送短信"},{"$i":"sendMMSToEmail","$v":"发送彩信"},{"$i":"no-recipient","$v":"（无收件人）"},{"$i":"recipient","$v":{"few":[{"t":"idOrVar","v":"n"}," 位收件人"],"many":[{"t":"idOrVar","v":"n"}," 位收件人"],"one":[{"t":"idOrVar","v":"n"}," 位收件者"],"other":[{"t":"idOrVar","v":"n"}," 位收件人"],"two":[{"t":"idOrVar","v":"n"}," 位收件人"]},"$x":[{"t":"idOrVar","v":"plural"},"n"]},{"$i":"attachmentSizeB","$v":[{"t":"idOrVar","v":"n"}," B"]},{"$i":"attachmentSizeKB","$v":[{"t":"idOrVar","v":"n"}," KB"]},{"$i":"attachmentSizeMB","$v":[{"t":"idOrVar","v":"n"}," MB"]},{"$i":"attachmentOpenError","$v":"没有可打开此种文件类型的应用。"},{"$i":"remove","$v":"删除"},{"$i":"participant","$v":{"few":[{"t":"idOrVar","v":"n"}," 位参与者"],"many":[{"t":"idOrVar","v":"n"}," 位参与者"],"one":[{"t":"idOrVar","v":"n"}," 位参与者"],"other":[{"t":"idOrVar","v":"n"}," 位参与者"],"two":[{"t":"idOrVar","v":"n"}," 位参与者"]},"$x":[{"t":"idOrVar","v":"plural"},"n"]},{"$i":"message-report","$v":"信息报告"},{"$i":"message-type-sms","$v":"短信 (SMS)"},{"$i":"message-type-mms","$v":"彩信 (MMS)"},{"$i":"sms-report-description","$v":["您的短信 (SMS) 已于 ",{"t":"idOrVar","v":"datetime"}," 发送"]},{"$i":"mms-report-description","$v":["您的彩信 (MMS)，主题 ",{"t":"idOrVar","v":"subject"},"，已于 ",{"t":"idOrVar","v":"datetime"}," 发送"]},{"$i":"mms-no-subject-report-description","$v":["您的彩信 (MMS) 已于 ",{"t":"idOrVar","v":"datetime"}," 发送"]},{"$i":"message-subject","$v":"主题"},{"$i":"report-status-error","$v":"无法发送信息"},{"$i":"report-status-not-downloaded","$v":"未下载"},{"$i":"report-status-delivered","$v":"已发送："},{"$i":"report-status-read","$v":"阅读："},{"$i":"report-status-pending","$v":"已请求报告"},{"$i":"report-status-rejected","$v":"信息被拒收"},{"$i":"message-size-was","$v":"信息大小："},{"$i":"report-to-title","$v":"到"},{"$i":"report-from-title","$v":"来自"},{"$i":"message-sent","$v":"已发送："},{"$i":"message-sending","$v":[{"t":"idOrVar","v":"message-delivery-status-sending"}]},{"$i":"message-received","$v":"已接收："},{"$i":"message-via","$v":"通过:"},{"$i":"message-resend","$v":"重发"},{"$i":"search","$v":"搜索"},{"$i":"unknown-contact-title","$v":"未知联系人"},{"$i":"phone-type-separator","$v":", "},{"$i":"phone-carrier-separator","$v":" "},{"$i":"thread-participant-separator","$v":", "},{"$i":"replace-draft","$v":"取代现有草稿"},{"$i":"save-as-draft","$v":"保存"},{"$i":"discard-message","$v":"放弃"},{"$i":"discard-sms","$v":"确定放弃此信息？"},{"$i":"discard-new-message","$v":"是否放弃正在编辑的信息并打开新信息？"},{"$i":"resend-confirmation","$v":"无法发送邮件。是否重试？"},{"$i":"resend-message","$v":"重发此信息"},{"$i":"deleteMessage-confirmation","$v":"删除所选信息？"},{"$i":"deleteMessages-confirmation","$v":"删除所选信息？"},{"$i":"deleteThreads-confirmation2","$v":{"one":"删除所选对话？","other":"删除所选对话？"},"$x":[{"t":"idOrVar","v":"plural"},"n"]},{"$i":"new-message-notice-text","$v":"新信息来自"},{"$i":"new-message-notice-a-text","$v":"读取"},{"$i":"noMessages-title","$v":"无信息"},{"$i":"noMessages-text","$v":"按“新建”开始通讯。"},{"$i":"sendDefaultErrorTitle","$v":"发送失败"},{"$i":"sendDefaultErrorBody","$v":"发送信息时出错。请重试。"},{"$i":"sendDefaultErrorBtnOk","$v":"确定"},{"$i":"sendMissingSimCardTitle","$v":"发送失败"},{"$i":"sendMissingSimCardBody","$v":"插入有效的 SIM 卡，以便继续。"},{"$i":"sendMissingSimCardBtnOk","$v":"确定"},{"$i":"sendFlightModeTitle","$v":"发送失败"},{"$i":"sendFlightModeBody","$v":"关闭飞行模式以便发送信息。"},{"$i":"sendFlightModeBtnOk","$v":"确定"},{"$i":"radioDisabledToDownloadTitle","$v":"下载失败"},{"$i":"radioDisabledToDownloadBody","$v":"关闭飞行模式，以下载附件。"},{"$i":"radioDisabledToDownloadBtnOk","$v":[{"t":"idOrVar","v":"sendFlightModeBtnOk"}]},{"$i":"downloadDefaultErrorTitle","$v":"下载失败"},{"$i":"downloadDefaultErrorBody","$v":"下载消息时出现问题。 请重试。"},{"$i":"downloadDefaultErrorBtnOk","$v":[{"t":"idOrVar","v":"sendDefaultErrorBtnOk"}]},{"$i":"fdnErrorTitle","$v":"发送失败"},{"$i":"needConnectWifiBody","$v":"无可用的蜂窝网络。连接至可用的 Wi-Fi 网络，以便发送信息。"},{"$i":"needConnectWifiTitle","$v":"信息发送失败"},{"$i":"mmsChanelUsedBody","$v":"彩信正通过非默认数据服务卡发送，请等待发送完成。"},{"$i":"mmsChanelUsedTitle","$v":"彩信频道已用"},{"$i":"sms-counter-notice-label","$v":["正在编辑短信 ",{"t":"idOrVar","v":"number"}]},{"$i":"fdnErrorBody","$v":{"few":"FDN (固定拨号) 已激活。确保短信中心和下列收件人在您的 FDN 列表中。","many":"FDN (固定拨号) 已激活。确保短信中心和下列收件人在您的 FDN 列表中。","one":"FDN (固定拨号) 已激活。确保短信中心和下列收件人在您的 FDN 列表中。","other":"FDN (固定拨号) 已激活。确保短信中心和下列收件人在您的 FDN 列表中。","two":"FDN (固定拨号) 已激活。确保短信中心和下列收件人在您的 FDN 列表中。"},"$x":[{"t":"idOrVar","v":"plural"},"n"]},{"$i":"fdnErrorBtnOk","$v":"确定"},{"$i":"sendNoSignalErrorTitle","$v":"发送失败"},{"$i":"sendNoSignalErrorBody","$v":"确保有手机信号并重试。"},{"$i":"sendNoSignalErrorBtnOk","$v":"确定"},{"$i":"sendNotFoundErrorTitle","$v":"发送失败"},{"$i":"sendNotFoundErrorBody","$v":"您正在寻找的信息已不存在。"},{"$i":"sendNotFoundErrorBtnOk","$v":"确定"},{"$i":"sendInvalidAddressErrorTitle","$v":"发送失败"},{"$i":"sendInvalidAddressErrorBody","$v":"确保您正在发送的手机号有效。"},{"$i":"sendInvalidAddressErrorBtnOk","$v":"确定"},{"$i":"simNotMatchedErrorTitle","$v":"无法下载"},{"$i":"simNotMatchedErrorBody","$v":"请确保插入的 SIM 卡是用于接收此信息的卡。"},{"$i":"simNotMatchedErrorBtnOk","$v":"确定"},{"$i":"netWorkErrorTitle","$v":"网络故障"},{"$i":"netWorkErrorBody","$v":"网络有问题，请先检查。"},{"$i":"netWorkErrorBtnOk","$v":"确定"},{"$i":"deleted-sms","$v":"此信息已被删除"},{"$i":"view-attachment-image","$v":"查看"},{"$i":"view-attachment-audio","$v":"收听"},{"$i":"view-attachment-video","$v":"查看"},{"$i":"view-attachment-other","$v":"查看"},{"$i":"remove-attachment-image","$v":"删除图片"},{"$i":"remove-attachment-audio","$v":"删除音频"},{"$i":"remove-attachment-video","$v":"删除视频"},{"$i":"remove-attachment-other","$v":"删除附件"},{"$i":"replace-attachment-image","$v":"取代图片"},{"$i":"replace-attachment-audio","$v":"取代音频"},{"$i":"replace-attachment-video","$v":"取代视频"},{"$i":"replace-attachment-other","$v":"替换附件"},{"$i":"unsent-message-title","$v":"未发送信息"},{"$i":"unsent-message-description","$v":"您的上一条信息未发出。是否要编辑未发送的信息或放弃该信息并继续？"},{"$i":"unsent-message-option-edit","$v":"编辑"},{"$i":"unsent-message-option-discard","$v":"舍弃"},{"$i":"message-options","$v":"短信选项"},{"$i":"select-text","$v":"选择文字"},{"$i":"mobile","$v":"手机"},{"$i":"home","$v":"住宅"},{"$i":"work","$v":"单位"},{"$i":"personal","$v":"个人"},{"$i":"faxHome","$v":"家庭传真"},{"$i":"faxOffice","$v":"办公传真"},{"$i":"faxOther","$v":"其他传真"},{"$i":"another","$v":"另一个"},{"$i":"other","$v":"其他"},{"$i":"today","$v":"今天"},{"$i":"yesterday","$v":"昨天"},{"$i":"incorrectDate","$v":"（日期有误）"},{"$i":"addToExistingContact","$v":"添加至现有联系人"},{"$i":"createNewContact","$v":"创建新联系人"},{"$i":"viewContact","$v":"查看联系人"},{"$i":"sendEmail","$v":"发送电子邮件"},{"$i":"mms-message","$v":"彩信信息"},{"$i":"notDownloaded-title","$v":"尚未下载信息"},{"$i":"tobedownloaded-attachment","$v":["您收到了一条彩信，请在",{"t":"idOrVar","v":"date"}," 前点按“下载”以获取其内容。"]},{"$i":"expired-attachment","$v":["抱歉，此信息已于 ",{"t":"idOrVar","v":"date"}," 过期，无法下载。"]},{"$i":"download-attachment","$v":"下载"},{"$i":"downloading-attachment","$v":"正在下载…"},{"$i":"download-complete","$v":"下载完成"},{"$i":"unnamed-attachment","$v":"未命名"},{"$i":"mms-label","$v":"彩信"},{"$i":"group-label","$v":"群组"},{"$i":"attached-files-too-large","$v":{"few":["该消息超过彩信",{"t":"idOrVar","v":"mmsSize"},"MB的大小限制"],"many":["该消息超过彩信",{"t":"idOrVar","v":"mmsSize"},"MB的大小限制"],"one":["此消息超过单个MMS消息",{"t":"idOrVar","v":"mmsSize"},"兆字节的大小限制。"],"other":["该消息超过彩信",{"t":"idOrVar","v":"mmsSize"},"MB的大小限制"],"two":["该消息超过彩信",{"t":"idOrVar","v":"mmsSize"},"MB的大小限制"],"zero":["该消息超过彩信",{"t":"idOrVar","v":"mmsSize"},"MB的大小限制"]},"$x":[{"t":"idOrVar","v":"plural"},"n"]},{"$i":"resize-image","$v":"调整附件图片的大小"},{"$i":"no-attachment-text","$v":"附件文件有问题，无法下载。"},{"$i":"message-draft-saved","$v":"信息已保存为草稿"},{"$i":"sim-id-label","$v":["SIM ",{"t":"idOrVar","v":"id"}]},{"$i":"sim-detail","$v":["SIM ",{"t":"idOrVar","v":"id"},", ",{"t":"idOrVar","v":"detailString"}]},{"$i":"dsds-notification-title-with-sim","$v":["(",{"t":"idOrVar","v":"sim"},") ",{"t":"idOrVar","v":"sender"}]},{"$i":"send-button","ariaLabel":"发送"},{"$i":"send-button-sim-indication","$v":[{"t":"idOrVar","v":"n"}],"ariaLabel":["使用 SIM ",{"t":"idOrVar","v":"n"}]},{"$i":"expiry-date-format","$v":"%A, %b %e"},{"$i":"attach-button","ariaLabel":"添加附件"},{"$i":"contact-photo","ariaLabel":"联系人照片"},{"$i":"unread-thread","ariaLabel":"未读邮件"},{"$i":"has-draft","ariaLabel":"有草稿"},{"$i":"is-draft","ariaLabel":"草稿"},{"$i":"message-delivery-status-sending","$v":"正在发送…"},{"$i":"message-delivery-status-delivered","$v":"已送达"},{"$i":"message-delivery-status-read","ariaLabel":"阅读"},{"$i":"message-delivery-status-error","ariaLabel":"错误"},{"$i":"modal-dialog-ok-button","$v":"确定"},{"$i":"modal-dialog-cancel-button","$v":"取消"},{"$i":"modal-dialog-default-title","$v":"消息"},{"$i":"delete-message","$v":"已删除信息"},{"$i":"message-converted-to-toast","$v":["信息转换为",{"t":"idOrVar","v":"type"}]},{"$i":"message-sent-toast","$v":"消息已发送"},{"$i":"deleteMessage-confirmation2","$v":"删除所选对话？"},{"$i":"deleted-message","$v":{"few":[{"t":"idOrVar","v":"n"}," 条信息已删除"],"many":[{"t":"idOrVar","v":"n"}," 条信息已删除"],"one":[{"t":"idOrVar","v":"n"}," 条信息已删除"],"other":[{"t":"idOrVar","v":"n"}," 条信息已删除"],"two":[{"t":"idOrVar","v":"n"}," 条信息已删除"],"zero":"未删除任何信息"},"$x":[{"t":"idOrVar","v":"plural"},"n"]},{"$i":"deleted-threads","$v":{"few":[{"t":"idOrVar","v":"n"}," 个对话已删除"],"many":[{"t":"idOrVar","v":"n"}," 个对话已删除"],"one":"对话已删除","other":[{"t":"idOrVar","v":"n"}," 个对话已删除"],"two":[{"t":"idOrVar","v":"n"}," 个对话已删除"],"zero":"未删除任何对话"},"$x":[{"t":"idOrVar","v":"plural"},"n"]},{"$i":"wapPushMessages","$v":"WAP 推送消息"},{"$i":"auto-retrieve-messages","$v":"自动获取信息"},{"$i":"auto-retrieve-messages-title","$v":"自动获取信息"},{"$i":"auto-roaming-retrieve","$v":"开启且漫游"},{"$i":"auto-no-roaming-retrieve","$v":"开启但不漫游"},{"$i":"mmsTitle","$v":"正在发送彩信 (MMS)"},{"$i":"message-delivery-reports","$v":"发送报告"},{"$i":"message-delivery-reports-title","$v":"发送报告"},{"$i":"messageReport-title","$v":"邮件详情"},{"$i":"sms-label","$v":"短信"},{"$i":"messaging-settings","$v":"信息发送设置"},{"$i":"messagingSettings-header","$v":[{"t":"idOrVar","v":"messaging-settings"}]},{"$i":"confirmation-title","$v":"确认"},{"$i":"draft-save-content","$v":"是否保存为草稿？"},{"$i":"draft-discard-content","$v":"信息已丢弃"},{"$i":"switch-on","$v":"开启"},{"$i":"switch-off","$v":"关闭"},{"$i":"auto-retrieve-desc","$v":"自动获取信息"},{"$i":"confirm-dialog-ok","$v":"确定"},{"$i":"yes","$v":"是"},{"$i":"no","$v":"否"},{"$i":"delete-current-thread?","$v":"删除所选对话？"},{"$i":"attention","$v":"注意"},{"$i":"delivery-title","$v":"正在发送短信 (SMS)"},{"$i":"send-failed","$v":"发送失败。"},{"$i":"subject-removed","$v":"主题已删除。"},{"$i":"data-storage-limit-alert-title","$v":"手机存储满。"},{"$i":"data-storage-limit-send-body","$v":"无法发送彩信。删除信息或进入设置以释放空间。"},{"$i":"data-storage-limit-download-body","$v":"无法下载彩信。删除信息或进入设置以释放空间。"},{"$i":"data-storage-limit-alert-cancel","$v":"取消"},{"$i":"data-storage-limit-alert-setting","$v":"设置"},{"$i":"recipient-repeat","$v":"重复联系人。"},{"$i":"email","$v":"电子邮件"},{"$i":"options","$v":"选项"},{"$i":"emergency-alert-title","$v":"紧急警报"},{"$i":"emergency-alert","$v":"紧急警报"},{"$i":"wappushNormal","$v":"推送"},{"$i":"wappushSIM1","$v":"推送消息 - SIM 1"},{"$i":"wappushSIM2","$v":"推送消息 - SIM 2"},{"$i":"not-assigned","$v":"未指定"},{"$i":"switchSIMDataSendAlertTitle","$v":"彩信无法发送。"},{"$i":"switchSIMDataSendAlertBody","$v":["若要发送彩信，需在“SIM 卡管理器”设置中将 SIM 卡数据改为 SIM ",{"t":"idOrVar","v":"nonActiveSimId"},"。"]},{"$i":"switchSIMDataSendAlertDesc","$v":"请到“设置”应用中更新设置。"},{"$i":"switchSIMDataReceiveAlertTitle","$v":"彩信无法接收。"},{"$i":"switchSIMDataReceiveAlertBody","$v":["若要接收彩信，需在“SIM 卡管理器”设置中将 SIM 卡数据改为 SIM ",{"t":"idOrVar","v":"nonActiveSimId"},"。"]},{"$i":"switchSIMDataReceiveAlertDesc","$v":"请到“设置”应用中更新设置。"},{"$i":"group-message","$v":"群组消息"},{"$i":"individual-message","$v":"单个消息"},{"$i":"group-message-alert-title","$v":"群组消息"},{"$i":"group-message-alert-body","$v":"创建一个群组消息？（群组消息通过MMS或SMS发送根据合约计划运营商可能收取额外费用。）"},{"$i":"group-message-individual","$v":"保持单个"},{"$i":"group-message-setting","$v":"创建群组"},{"$i":"new-message-individual","$v":"新建单个消息"},{"$i":"new-message-group","$v":"新建群组消息"},{"$i":"no-phone-number","$v":"没有电话号码"},{"$i":"device-phone-number","$v":"我的号码"},{"$i":"group-message-phone","$v":"群组消息"},{"$i":"my-phone-number","$v":"我的号码"},{"$i":"delivery-notification","$v":"消息已传递"},{"$i":"wait","$v":"等待中"},{"$i":"isTextTooLongAlert","$v":"已超过信息字数上限。"},{"$i":"video-call","$v":"视频电话"},{"$i":"normal-call","$v":"电话"},{"$i":"attachment","$v":"附件"},{"$i":"limit-MMS-recipients","$v":"每条彩信最多仅能发给 20 个人。"},{"$i":"block-contact","$v":"屏蔽联系人"},{"$i":"blocked","$v":"屏蔽"},{"$i":"unblocked","$v":"解除屏蔽"},{"$i":"rtt-call","$v":"RTT 通话"},{"$i":"remove-all-attachments","$v":"移除所有附件"},{"$i":"block-confirmation","$v":"您将不会接到黑名单上人员的电话和信息。"},{"$i":"space-low-not-save","$v":"存储空间已满，无法保存草稿。"},{"$i":"sms-encoding-mode","$v":"短信编码"},{"$i":"sms-reduced-format","$v":"精简格式"},{"$i":"sms-full-format","$v":"完整格式"},{"$i":"smscNormal","$v":"服务中心"},{"$i":"smscSIM1","$v":"服务中心 SIM1"},{"$i":"smscSIM2","$v":"服务中心 SIM2"},{"$i":"withoutDataTitle","$v":"失败"},{"$i":"withoutDataBody","$v":"请在“设置”中开启“数据连接”以发送或下载彩信"},{"$i":"withoutDataBtnOk","$v":"确定"},{"$i":"withoutDataBtnSettings","$v":"设置"},{"$i":"weekday-0-long","$v":"周日"},{"$i":"weekday-1-long","$v":"周一"},{"$i":"weekday-2-long","$v":"周二"},{"$i":"weekday-3-long","$v":"周三"},{"$i":"weekday-4-long","$v":"周四"},{"$i":"weekday-5-long","$v":"周五"},{"$i":"weekday-6-long","$v":"周六"},{"$i":"weekday-0-short","$v":"周日"},{"$i":"weekday-1-short","$v":"周一"},{"$i":"weekday-2-short","$v":"周二"},{"$i":"weekday-3-short","$v":"周三"},{"$i":"weekday-4-short","$v":"周四"},{"$i":"weekday-5-short","$v":"周五"},{"$i":"weekday-6-short","$v":"周六"},{"$i":"month-0-long","$v":"一月"},{"$i":"month-1-long","$v":"二月"},{"$i":"month-2-long","$v":"三月"},{"$i":"month-3-long","$v":"四月"},{"$i":"month-4-long","$v":"五月"},{"$i":"month-5-long","$v":"六月"},{"$i":"month-6-long","$v":"七月"},{"$i":"month-7-long","$v":"八月"},{"$i":"month-8-long","$v":"九月"},{"$i":"month-9-long","$v":"十月"},{"$i":"month-10-long","$v":"十一月"},{"$i":"month-11-long","$v":"十二月"},{"$i":"month-0-genitive","$v":"一月"},{"$i":"month-1-genitive","$v":"二月"},{"$i":"month-2-genitive","$v":"三月"},{"$i":"month-3-genitive","$v":"四月"},{"$i":"month-4-genitive","$v":"五月"},{"$i":"month-5-genitive","$v":"六月"},{"$i":"month-6-genitive","$v":"七月"},{"$i":"month-7-genitive","$v":"八月"},{"$i":"month-8-genitive","$v":"九月"},{"$i":"month-9-genitive","$v":"十月"},{"$i":"month-10-genitive","$v":"十一月"},{"$i":"month-11-genitive","$v":"十二月"},{"$i":"month-0-short","$v":"1 月"},{"$i":"month-1-short","$v":"2 月"},{"$i":"month-2-short","$v":"3 月"},{"$i":"month-3-short","$v":"4 月"},{"$i":"month-4-short","$v":"5 月"},{"$i":"month-5-short","$v":"6 月"},{"$i":"month-6-short","$v":"7 月"},{"$i":"month-7-short","$v":"8 月"},{"$i":"month-8-short","$v":"9 月"},{"$i":"month-9-short","$v":"10 月"},{"$i":"month-10-short","$v":"11 月"},{"$i":"month-11-short","$v":"12 月"},{"$i":"minutes-ago-long","$v":{"few":[{"t":"idOrVar","v":"value"}," 分钟前"],"many":[{"t":"idOrVar","v":"value"}," 分钟前"],"one":"一分钟前","other":[{"t":"idOrVar","v":"value"}," 分钟前"],"two":[{"t":"idOrVar","v":"value"}," 分钟前"],"zero":"刚刚"},"$x":[{"t":"idOrVar","v":"plural"},"value"]},{"$i":"hours-ago-long","$v":{"few":[{"t":"idOrVar","v":"value"}," 小时前"],"many":[{"t":"idOrVar","v":"value"}," 小时前"],"one":"一小时前","other":[{"t":"idOrVar","v":"value"}," 小时前"],"two":[{"t":"idOrVar","v":"value"}," 小时前"],"zero":"刚刚"},"$x":[{"t":"idOrVar","v":"plural"},"value"]},{"$i":"days-ago-long","$v":{"few":[{"t":"idOrVar","v":"value"}," 天前"],"many":[{"t":"idOrVar","v":"value"}," 天前"],"one":"昨天","other":[{"t":"idOrVar","v":"value"}," 天前"],"two":[{"t":"idOrVar","v":"value"}," 天前"],"zero":"今天"},"$x":[{"t":"idOrVar","v":"plural"},"value"]},{"$i":"weeks-ago-long","$v":{"few":[{"t":"idOrVar","v":"value"}," 周前"],"many":[{"t":"idOrVar","v":"value"}," 周前"],"one":"最近一周","other":[{"t":"idOrVar","v":"value"}," 周前"],"two":[{"t":"idOrVar","v":"value"}," 周前"],"zero":"本周"},"$x":[{"t":"idOrVar","v":"plural"},"value"]},{"$i":"months-ago-long","$v":{"few":[{"t":"idOrVar","v":"value"}," 月前"],"many":[{"t":"idOrVar","v":"value"}," 月前"],"one":"上月","other":[{"t":"idOrVar","v":"value"}," 月前"],"two":[{"t":"idOrVar","v":"value"}," 月前"],"zero":"本月"},"$x":[{"t":"idOrVar","v":"plural"},"value"]},{"$i":"years-ago-long","$v":{"few":[{"t":"idOrVar","v":"value"}," 年前"],"many":[{"t":"idOrVar","v":"value"}," 年前"],"one":"去年","other":[{"t":"idOrVar","v":"value"}," 年前"],"two":[{"t":"idOrVar","v":"value"}," 年前"],"zero":"今年"},"$x":[{"t":"idOrVar","v":"plural"},"value"]},{"$i":"minutes-until-long","$v":{"few":[{"t":"idOrVar","v":"value"}," 分钟内"],"many":[{"t":"idOrVar","v":"value"}," 分钟内"],"one":"一分钟内","other":[{"t":"idOrVar","v":"value"}," 分钟"],"two":[{"t":"idOrVar","v":"value"}," 分钟内"],"zero":"現在"},"$x":[{"t":"idOrVar","v":"plural"},"value"]},{"$i":"hours-until-long","$v":{"few":[{"t":"idOrVar","v":"value"}," 小时内"],"many":[{"t":"idOrVar","v":"value"}," 小时内"],"one":"一小时","other":[{"t":"idOrVar","v":"value"}," 小时内"],"two":[{"t":"idOrVar","v":"value"}," 小时"],"zero":"現在"},"$x":[{"t":"idOrVar","v":"plural"},"value"]},{"$i":"days-until-long","$v":{"few":[{"t":"idOrVar","v":"value"}," 天内"],"many":[{"t":"idOrVar","v":"value"}," 天内"],"one":"明天","other":[{"t":"idOrVar","v":"value"}," 天内"],"two":[{"t":"idOrVar","v":"value"}," 天内"],"zero":"今天"},"$x":[{"t":"idOrVar","v":"plural"},"value"]},{"$i":"weeks-until-long","$v":{"few":[{"t":"idOrVar","v":"value"}," 周内"],"many":[{"t":"idOrVar","v":"value"}," 周内"],"one":"下周","other":[{"t":"idOrVar","v":"value"}," 周内"],"two":[{"t":"idOrVar","v":"value"}," 周内"],"zero":"本周"},"$x":[{"t":"idOrVar","v":"plural"},"value"]},{"$i":"months-until-long","$v":{"few":[{"t":"idOrVar","v":"value"}," 个月内"],"many":[{"t":"idOrVar","v":"value"}," 个月内"],"one":"下个月","other":[{"t":"idOrVar","v":"value"}," 个月内"],"two":[{"t":"idOrVar","v":"value"}," 个月内"],"zero":"本月"},"$x":[{"t":"idOrVar","v":"plural"},"value"]},{"$i":"years-until-long","$v":{"few":[{"t":"idOrVar","v":"value"}," 年内"],"many":[{"t":"idOrVar","v":"value"}," 年内"],"one":"明年","other":[{"t":"idOrVar","v":"value"}," 年内"],"two":[{"t":"idOrVar","v":"value"}," 年内"],"zero":"今年"},"$x":[{"t":"idOrVar","v":"plural"},"value"]},{"$i":"minutes-ago-short","$v":{"other":[{"t":"idOrVar","v":"value"}," 分钟前"],"zero":"刚刚"},"$x":[{"t":"idOrVar","v":"plural"},"value"]},{"$i":"hours-ago-short","$v":{"other":[{"t":"idOrVar","v":"value"}," 小时前"],"zero":"刚刚"},"$x":[{"t":"idOrVar","v":"plural"},"value"]},{"$i":"days-ago-short","$v":{"other":[{"t":"idOrVar","v":"value"}," 天前"],"zero":"今天"},"$x":[{"t":"idOrVar","v":"plural"},"value"]},{"$i":"minutes-until-short","$v":{"other":[{"t":"idOrVar","v":"value"}," 分內"],"zero":"現在"},"$x":[{"t":"idOrVar","v":"plural"},"value"]},{"$i":"hours-until-short","$v":{"other":[{"t":"idOrVar","v":"value"}," 小时内"],"zero":"現在"},"$x":[{"t":"idOrVar","v":"plural"},"value"]},{"$i":"days-until-short","$v":{"other":[{"t":"idOrVar","v":"value"}," 天内"],"zero":"今天"},"$x":[{"t":"idOrVar","v":"plural"},"value"]},{"$i":"dateTimeFormat_%c","$v":"%Y年%b%d日 %a %I:%M:%S %p"},{"$i":"dateTimeFormat_%x","$v":"%Y/%m/%d"},{"$i":"dateTimeFormat_%X","$v":"%I:%M:%S %p"},{"$i":"shortTimeFormat","$v":"%p %I:%M"},{"$i":"shortTimeFormat12","$v":"%p %I:%M"},{"$i":"shortTimeFormat24","$v":"%H:%M"},{"$i":"shortDateTimeFormat","$v":"%p %x %I:%M"},{"$i":"weekStartsOnMonday","$v":"0.0"},{"$i":"firstDayOfTheWeek","$v":"0.0"},{"$i":"time_am","$v":"上午"},{"$i":"time_pm","$v":"下午"},{"$i":"softkey-options","$v":"选项"},{"$i":"emergencyNumber","$v":"急救或报警电话"},{"$i":"callAirplaneModeMessage","$v":"如需拨打电话，需在“设置”中禁用飞行模式。"},{"$i":"callAirplaneModeBtnOk","$v":"确定"},{"$i":"callAirplaneModeTitle","$v":"飞行模式已启用"},{"$i":"numberIsBusyTitle","$v":"此号码正在通话中"},{"$i":"numberIsBusyMessage","$v":"此号码正在通话中。请稍后再拨。"},{"$i":"fdnIsActiveTitle","$v":"激活 FDN"},{"$i":"fdnIsActiveMessage","$v":["固定拨号 (FDN) 已激活，下列号码不在您的 FDN 列表中：",{"t":"idOrVar","v":"number"}]},{"$i":"emergencyDialogBodyBadNumber","$v":"手机必须连接网络才能拨打电话。"},{"$i":"emergencyDialogBodyDeviceNotAccepted","$v":"网络不允许紧急呼叫。"},{"$i":"emergencyDialogBtnOk","$v":"确定"},{"$i":"emergencyDialogTitle","$v":"无网络连接"},{"$i":"invalidNumberToDialTitle","$v":"无效电话号码"},{"$i":"invalidNumberToDialMessage","$v":"你拨打的号码无效。"},{"$i":"unableToCallTitle","$v":"无法拨打电话"},{"$i":"unableToCallMessage","$v":"此时无法拨打电话。"},{"$i":"otherConnectionInUseTitle","$v":"其他使用中的连线"},{"$i":"otherConnectionInUseMessage","$v":"您的另一连线正在通话中。一次只能使用一个连线。"},{"$i":"connectingEllipsis","$v":"正在连接..."}]