[{"$i":"noAntenna","$v":"Qulaqlığı birləşdirin"},{"$i":"noAntennaMsg","$v":"FM Radio radio siqnallarını qəbul etmək üçün qulaqlıq taxılmasını tələb edir."},{"$i":"airplaneModeHeader","$v":"Təyyarə rejimi açıqdır"},{"$i":"airplaneModeMsg","$v":"FM Radio istifadə etmək üçün təyyarə rejimini bağla."},{"$i":"noFavoritelistMsg","$v":"Sevimli stansiyaları buraya əlavə et!"},{"$i":"scan-stations-msg","$v":"Bütün əlçatan stansiyalar skanlansın?"},{"$i":"speaker-switch","ariaLabel":"Dinamik"},{"$i":"bookmark-button","ariaLabel":"Seçilmiş"},{"$i":"dialer-container","ariaLabel":"Tezlik"},{"$i":"frequency-op-seekdown","ariaLabel":"Aşağı axtar"},{"$i":"frequency-op-seekup","ariaLabel":"Yuxarı axtar"},{"$i":"power-switch-on","ariaLabel":"Açıq"},{"$i":"power-switch-off","ariaLabel":"Bağlı"},{"$i":"frequency-list-container","ariaLabel":"Seçilmiş stansiyalar"},{"$i":"kai-station-added","$v":"Stansiya seçilmişlərə əlavə edildi"},{"$i":"kai-station-removed","$v":"Stans Seç-dən silindi"},{"$i":"kai-changes-saved","$v":"Dəyişikliklər saxlandı"},{"$i":"kai-fm-radio","$v":"FM Radio"},{"$i":"kai-edit-favorites","$v":"Sevimliləri redaktə et"},{"$i":"kai-all-stations","$v":"Bütün stansiyalar"},{"$i":"kai-stations-scanning","$v":"Axtarır"},{"$i":"kai-scanning-completed","$v":"Skanlama tamamlandı"},{"$i":"kai-scanning-failed","$v":"Skanlanmadı"},{"$i":"kai-scanning-abort","$v":"Skanlama dayandırıldı"},{"$i":"options","$v":"Seçimlər"},{"$i":"stations-list-header","$v":"Stansiyalar"},{"$i":"switchToHeadphones","$v":"Qulaqlıqlara keçirin"},{"$i":"switchToSpeaker","$v":"Dinamikə çevir"},{"$i":"play","$v":"Səsləndir"},{"$i":"pause","$v":"Pauza"},{"$i":"rename","$v":"Adı dəyiş"},{"$i":"cancel","$v":"Ləğv et"},{"$i":"unfavorite","$v":"Seçilmələrdən sil"},{"$i":"add-to-favorites","$v":"Sevimlilərə əlavə et"},{"$i":"edit-favorites","$v":"Sevimliləri redaktə et"},{"$i":"save","$v":"Saxla"},{"$i":"select","$v":"Seç"},{"$i":"settings","$v":"Parametrlər"},{"$i":"volume","$v":"Səs səviyəsi"},{"$i":"abort","$v":"Dayandır"},{"$i":"allstations","$v":"Stansiyalar"},{"$i":"favorites","$v":"Sevimlilər"},{"$i":"scan-stations","$v":"Stansiyaları skanla"},{"$i":"turn-on","$v":"Aç"},{"$i":"turn-off","$v":"Bağla"},{"$i":"ok","$v":"OK"},{"$i":"default-ok","$v":"OK"},{"$i":"save-ok","$v":"OK"},{"$i":"station-renamed","$v":"Stansiya yenidən adlandırıldı."},{"$i":"turning-on","$v":"Açılır..."},{"$i":"not-now","$v":"İndi yox"},{"$i":"scan","$v":"Skanlayın"}]