[{"$i":"noAntenna","$v":"Připojte headset"},{"$i":"noAntennaMsg","$v":"FM rádio vyžaduje připojenou náhlavní soupravu pro příjem signálu."},{"$i":"airplaneModeHeader","$v":"Režim Letadlo je zapnutý"},{"$i":"airplaneModeMsg","$v":"Pro použití FM rádia vypněte režim V letadle."},{"$i":"noFavoritelistMsg","$v":"Sem přidejte oblíbené stanice!"},{"$i":"scan-stations-msg","$v":"Vyhledat všechny dostupné stanice?"},{"$i":"speaker-switch","ariaLabel":"Reproduktor"},{"$i":"bookmark-button","ariaLabel":"Oblíbený"},{"$i":"dialer-container","ariaLabel":"Frekvence"},{"$i":"frequency-op-seekdown","ariaLabel":"Hledat dole"},{"$i":"frequency-op-seekup","ariaLabel":"Hledat nahoře"},{"$i":"power-switch-on","ariaLabel":"Zap."},{"$i":"power-switch-off","ariaLabel":"Vyp."},{"$i":"frequency-list-container","ariaLabel":"Oblíbené stanice"},{"$i":"kai-station-added","$v":"Stanice přidána do oblíbených"},{"$i":"kai-station-removed","$v":"Stanice odebrána z oblíbených"},{"$i":"kai-changes-saved","$v":"Změny uloženy"},{"$i":"kai-fm-radio","$v":"FM rádio"},{"$i":"kai-edit-favorites","$v":"Upravit oblíbené"},{"$i":"kai-all-stations","$v":"Všechny stanice"},{"$i":"kai-stations-scanning","$v":"Hledání"},{"$i":"kai-scanning-completed","$v":"Hledání dokončeno"},{"$i":"kai-scanning-failed","$v":"Hledání se nezdařilo"},{"$i":"kai-scanning-abort","$v":"Hledání zrušeno"},{"$i":"options","$v":"Možnosti"},{"$i":"stations-list-header","$v":"Stanice"},{"$i":"switchToHeadphones","$v":"Přepnout na sluchátka"},{"$i":"switchToSpeaker","$v":"Přepnout na reproduktor"},{"$i":"play","$v":"Přehrát"},{"$i":"pause","$v":"Pozastavit"},{"$i":"rename","$v":"Přejmenovat"},{"$i":"cancel","$v":"Zrušit"},{"$i":"unfavorite","$v":"Vyřadit z oblíbených"},{"$i":"add-to-favorites","$v":"Přidat do oblíbených"},{"$i":"edit-favorites","$v":"Upravit oblíbené"},{"$i":"save","$v":"Uložit"},{"$i":"select","$v":"Vybrat"},{"$i":"settings","$v":"Nastavení"},{"$i":"volume","$v":"Hlasitost"},{"$i":"abort","$v":"Zrušit"},{"$i":"allstations","$v":"Stanice"},{"$i":"favorites","$v":"Oblíbené"},{"$i":"scan-stations","$v":"Vyhledat stanice"},{"$i":"turn-on","$v":"Zapnout"},{"$i":"turn-off","$v":"Vypnout"},{"$i":"ok","$v":"OK"},{"$i":"default-ok","$v":"OK"},{"$i":"save-ok","$v":"OK"},{"$i":"station-renamed","$v":"Stanice přejmenována."},{"$i":"turning-on","$v":"Zapínání..."},{"$i":"not-now","$v":"Teď ne"},{"$i":"scan","$v":"Hledat"}]