[{"$i":"noAntenna","$v":"Συνδέστε ακουστικά"},{"$i":"noAntennaMsg","$v":"Ραδιόφωνο FM: Για λήψη σήματος ραδιοφώνου απαιτείται σύνδεση ακουστικών. "},{"$i":"airplaneModeHeader","$v":"Λειτ. πτήσης ενεργοπ."},{"$i":"airplaneModeMsg","$v":"Απενεργοπ. τη λειτ. πτήσης για χρήση του ραδ. FM."},{"$i":"noFavoritelistMsg","$v":"Προσθέστε αγαπημένους σταθμούς εδώ!"},{"$i":"scan-stations-msg","$v":"Σάρωση για όλους τους διαθέσιμους σταθμούς;"},{"$i":"speaker-switch","ariaLabel":"Ηχείο"},{"$i":"bookmark-button","ariaLabel":"Αγαπημένο"},{"$i":"dialer-container","ariaLabel":"Συχνότητα"},{"$i":"frequency-op-seekdown","ariaLabel":"Αναζήτ. κάτω"},{"$i":"frequency-op-seekup","ariaLabel":"Αναζ. πάνω"},{"$i":"power-switch-on","ariaLabel":"Ενεργό"},{"$i":"power-switch-off","ariaLabel":"Απενεργοπ."},{"$i":"frequency-list-container","ariaLabel":"Αγαπημένοι σταθμοί"},{"$i":"kai-station-added","$v":"Ο σταθμ. προστ. στα Αγαπημ."},{"$i":"kai-station-removed","$v":"Ο σταθ. καταργ. από τα Αγαπημ."},{"$i":"kai-changes-saved","$v":"Οι αλλαγές αποθηκεύτηκαν"},{"$i":"kai-fm-radio","$v":"Ραδιόφωνο FM"},{"$i":"kai-edit-favorites","$v":"Επεξεργασία αγαπημένων"},{"$i":"kai-all-stations","$v":"Όλοι οι σταθμοί"},{"$i":"kai-stations-scanning","$v":"Σάρωση"},{"$i":"kai-scanning-completed","$v":"Η σάρωση ολοκληρώθηκε"},{"$i":"kai-scanning-failed","$v":"Η σάρωση απέτυχε"},{"$i":"kai-scanning-abort","$v":"Η σάρωση ματαιώθηκε"},{"$i":"options","$v":"Επιλογές"},{"$i":"stations-list-header","$v":"Σταθμοί"},{"$i":"switchToHeadphones","$v":"Μετάβαση στα ακουστικά"},{"$i":"switchToSpeaker","$v":"Εναλλαγή σε ηχείο"},{"$i":"play","$v":"Αναπαραγωγή"},{"$i":"pause","$v":"Παύση"},{"$i":"rename","$v":"Μετονομασία"},{"$i":"cancel","$v":"Ακύρωση"},{"$i":"unfavorite","$v":"Κατάργ. από Αγαπημένα"},{"$i":"add-to-favorites","$v":"Προσθήκη στα αγαπημένα"},{"$i":"edit-favorites","$v":"Επεξεργασία αγαπημένων"},{"$i":"save","$v":"Αποθήκευση"},{"$i":"select","$v":"Επιλογή"},{"$i":"settings","$v":"Ρυθμίσεις"},{"$i":"volume","$v":"Ένταση"},{"$i":"abort","$v":"Ματαίωση"},{"$i":"allstations","$v":"Σταθμοί"},{"$i":"favorites","$v":"Αγαπημένα"},{"$i":"scan-stations","$v":"Σάρωση σταθμών"},{"$i":"turn-on","$v":"Ενεργοπ."},{"$i":"turn-off","$v":"Απενεργοπ."},{"$i":"ok","$v":"OK"},{"$i":"default-ok","$v":"OK"},{"$i":"save-ok","$v":"OK"},{"$i":"station-renamed","$v":"Ο σταθμός μετονομάστηκε."},{"$i":"turning-on","$v":"Ενεργοποίηση..."},{"$i":"not-now","$v":"Όχι τώρα"},{"$i":"scan","$v":"Σάρωση"}]