[{"$i":"noAntenna","$v":"Conectar auriculares"},{"$i":"noAntennaMsg","$v":"Conecte los auriculares para recibir señales de radio."},{"$i":"airplaneModeHeader","$v":"Modo vuelo activado"},{"$i":"airplaneModeMsg","$v":"Desactive el modo vuelo para utilizar la radio FM."},{"$i":"noFavoritelistMsg","$v":"Añada aquí sus emisoras favoritas."},{"$i":"scan-stations-msg","$v":"¿Desea buscar todas las emisoras disponibles?"},{"$i":"speaker-switch","ariaLabel":"Altavoz"},{"$i":"bookmark-button","ariaLabel":"Favorito"},{"$i":"dialer-container","ariaLabel":"Frecuencia"},{"$i":"frequency-op-seekdown","ariaLabel":"Buscar hacia atrás"},{"$i":"frequency-op-seekup","ariaLabel":"Buscar hacia delante"},{"$i":"power-switch-on","ariaLabel":"Activado"},{"$i":"power-switch-off","ariaLabel":"Desactivado"},{"$i":"frequency-list-container","ariaLabel":"Emisoras favoritas"},{"$i":"kai-station-added","$v":"Emisora añadida a Favoritos"},{"$i":"kai-station-removed","$v":"Emisora eliminada de Favoritos"},{"$i":"kai-changes-saved","$v":"Cambios guardados"},{"$i":"kai-fm-radio","$v":"Radio FM"},{"$i":"kai-edit-favorites","$v":"Renombrar emisora"},{"$i":"kai-all-stations","$v":"Todas las emisoras"},{"$i":"kai-stations-scanning","$v":"Buscando..."},{"$i":"kai-scanning-completed","$v":"Búsqueda completada"},{"$i":"kai-scanning-failed","$v":"Búsqueda anómala"},{"$i":"kai-scanning-abort","$v":"Búsqueda cancelada"},{"$i":"options","$v":"Opciones"},{"$i":"stations-list-header","$v":"Emisoras"},{"$i":"switchToHeadphones","$v":"Cambiar a auriculares"},{"$i":"switchToSpeaker","$v":"Cambiar a altavoz"},{"$i":"play","$v":"Reproducir"},{"$i":"pause","$v":"Pausar"},{"$i":"rename","$v":"Renombrar emisora"},{"$i":"cancel","$v":"Cancelar"},{"$i":"unfavorite","$v":"Eliminar de favoritos"},{"$i":"add-to-favorites","$v":"Añadir a Favoritos"},{"$i":"edit-favorites","$v":"Editar favoritos"},{"$i":"save","$v":"Guardar"},{"$i":"select","$v":"Seleccionar"},{"$i":"settings","$v":"Ajustes"},{"$i":"volume","$v":"Volumen"},{"$i":"abort","$v":"Cancelar"},{"$i":"allstations","$v":"Emisoras"},{"$i":"favorites","$v":"Favoritos"},{"$i":"scan-stations","$v":"Escanear emisoras"},{"$i":"turn-on","$v":"Activar"},{"$i":"turn-off","$v":"Desactivar"},{"$i":"ok","$v":"Aceptar"},{"$i":"default-ok","$v":"Aceptar"},{"$i":"save-ok","$v":"Aceptar"},{"$i":"station-renamed","$v":"El nombre de emisora ha cambiado."},{"$i":"turning-on","$v":"Activando..."},{"$i":"not-now","$v":"Ahora no"},{"$i":"scan","$v":"Buscar"}]