[{"$i":"noAntenna","$v":"Enchufar un auricular"},{"$i":"noAntennaMsg","$v":"La Radio FM requiere un auricular enchufado para recibir las señales de radio."},{"$i":"airplaneModeHeader","$v":"Modo de avión activado"},{"$i":"airplaneModeMsg","$v":"Apague el Modo avión para usar la Radio FM."},{"$i":"noFavoritelistMsg","$v":"Añada aquí los canales favoritos."},{"$i":"scan-stations-msg","$v":"¿Desea buscar todos los canales disponibles?"},{"$i":"speaker-switch","ariaLabel":"Altavoz"},{"$i":"bookmark-button","ariaLabel":"Favorito"},{"$i":"dialer-container","ariaLabel":"Frecuencia"},{"$i":"frequency-op-seekdown","ariaLabel":"Buscar hacia abajo"},{"$i":"frequency-op-seekup","ariaLabel":"Buscar hacia arriba"},{"$i":"power-switch-on","ariaLabel":"Encendido"},{"$i":"power-switch-off","ariaLabel":"Apagado"},{"$i":"frequency-list-container","ariaLabel":"Canales favoritos"},{"$i":"kai-station-added","$v":"Estación añadida a favoritos"},{"$i":"kai-station-removed","$v":"Estación eliminada de favoritos"},{"$i":"kai-changes-saved","$v":"Cambios guardados"},{"$i":"kai-fm-radio","$v":"Radio FM"},{"$i":"kai-edit-favorites","$v":"Editar favoritos"},{"$i":"kai-all-stations","$v":"Todos los canales"},{"$i":"kai-stations-scanning","$v":"Buscando..."},{"$i":"kai-scanning-completed","$v":"Búsqueda completada"},{"$i":"kai-scanning-failed","$v":"Error al buscar"},{"$i":"kai-scanning-abort","$v":"Cancelación de la búsqueda"},{"$i":"options","$v":"Opciones"},{"$i":"stations-list-header","$v":"Emisoras"},{"$i":"switchToHeadphones","$v":"Cambiar a auriculares"},{"$i":"switchToSpeaker","$v":"Cambiar a altavoz"},{"$i":"play","$v":"Reproducir"},{"$i":"pause","$v":"Pausa"},{"$i":"rename","$v":"Renombrar emisora"},{"$i":"cancel","$v":"Cancelar"},{"$i":"unfavorite","$v":"Eliminar de favoritos"},{"$i":"add-to-favorites","$v":"Añadir a favoritos"},{"$i":"edit-favorites","$v":"Editar favoritos"},{"$i":"save","$v":"Guardar"},{"$i":"select","$v":"Selec."},{"$i":"settings","$v":"Ajustes"},{"$i":"volume","$v":"Volumen"},{"$i":"abort","$v":"Cancelar"},{"$i":"allstations","$v":"Emisoras"},{"$i":"favorites","$v":"Favoritos"},{"$i":"scan-stations","$v":"Buscar emisoras"},{"$i":"turn-on","$v":"Encender"},{"$i":"turn-off","$v":"Apagar"},{"$i":"ok","$v":"OK"},{"$i":"default-ok","$v":"OK"},{"$i":"save-ok","$v":"OK"},{"$i":"station-renamed","$v":"El nombre de emisora ha cambiado."},{"$i":"turning-on","$v":"Activando..."},{"$i":"not-now","$v":"Ahora no"},{"$i":"scan","$v":"Buscar"}]