[{"$i":"noAntenna","$v":"Casque débranché"},{"$i":"noAntennaMsg","$v":"La radio FM nécessite un casque branché pour servir d’antenne."},{"$i":"airplaneModeHeader","$v":"Le mode avion est activé"},{"$i":"airplaneModeMsg","$v":"Pour utiliser l’application Radio FM, désactivez le mode avion."},{"$i":"noFavoritelistMsg","$v":"Ajoutez vos stations favorites ici !"},{"$i":"scan-stations-msg","$v":"Rechercher les stations disponibles ?"},{"$i":"speaker-switch","ariaLabel":"Haut-parleur"},{"$i":"bookmark-button","ariaLabel":"Favori"},{"$i":"dialer-container","ariaLabel":"Fréquence"},{"$i":"frequency-op-seekdown","ariaLabel":{"$o":"Rechercher <"}},{"$i":"frequency-op-seekup","ariaLabel":"Rechercher >"},{"$i":"power-switch-on","ariaLabel":"Activé"},{"$i":"power-switch-off","ariaLabel":"Désactivé"},{"$i":"frequency-list-container","ariaLabel":"Stations favorites"},{"$i":"kai-station-added","$v":"Station ajoutée aux favoris"},{"$i":"kai-station-removed","$v":"Station supprimée des favoris"},{"$i":"kai-changes-saved","$v":"Modifications enregistrées"},{"$i":"kai-fm-radio","$v":"Radio FM"},{"$i":"kai-edit-favorites","$v":"Renommer la station"},{"$i":"kai-all-stations","$v":"Toutes les stations"},{"$i":"kai-stations-scanning","$v":"Recherche en cours…"},{"$i":"kai-scanning-completed","$v":"Recherche terminée"},{"$i":"kai-scanning-failed","$v":"Échec de la recherche"},{"$i":"kai-scanning-abort","$v":"Abandon de la recherche"},{"$i":"options","$v":"Options"},{"$i":"stations-list-header","$v":"Stations"},{"$i":"switchToHeadphones","$v":"Basculer sur les écouteurs"},{"$i":"switchToSpeaker","$v":"Basculer sur le haut-parleur"},{"$i":"play","$v":"Lecture"},{"$i":"pause","$v":"Pause"},{"$i":"rename","$v":"Renommer la station"},{"$i":"cancel","$v":"Annuler"},{"$i":"unfavorite","$v":"Supprimer des favoris"},{"$i":"add-to-favorites","$v":"Ajouter aux favoris"},{"$i":"edit-favorites","$v":"Modifier les favoris"},{"$i":"save","$v":"Enregistrer"},{"$i":"select","$v":"Sélectionner"},{"$i":"settings","$v":"Paramètres"},{"$i":"volume","$v":"Volume"},{"$i":"abort","$v":"Abandonner"},{"$i":"allstations","$v":"Stations"},{"$i":"favorites","$v":"Favoris"},{"$i":"scan-stations","$v":"Rechercher les stations"},{"$i":"turn-on","$v":"Activer"},{"$i":"turn-off","$v":"Désactiver"},{"$i":"ok","$v":"OK"},{"$i":"default-ok","$v":"OK"},{"$i":"save-ok","$v":"OK"},{"$i":"station-renamed","$v":"La station est renommée."},{"$i":"turning-on","$v":"Activation…"},{"$i":"not-now","$v":"Plus tard"},{"$i":"scan","$v":"Rechercher"}]