[{"$i":"noAntenna","$v":"हेडसेट डालें"},{"$i":"noAntennaMsg","$v":"रेडियो सिग्नल पाने के लिए, हेडफोन प्लग इन करें I"},{"$i":"airplaneModeHeader","$v":"एरोप्लेन मोड ऑन है"},{"$i":"airplaneModeMsg","$v":"FM रेडियो का उपयोग करने के लिए एयरप्लेन मोड ऑफ करें।"},{"$i":"noFavoritelistMsg","$v":"पसंदीदा स्टेशनों को यहां जोड़ें!"},{"$i":"scan-stations-msg","$v":"सभी उपलब्ध स्टेशनों को स्कैन करें?"},{"$i":"speaker-switch","ariaLabel":"स्पीकर"},{"$i":"bookmark-button","ariaLabel":"पसंदीदा"},{"$i":"dialer-container","ariaLabel":"फ्रीक्वेंसी"},{"$i":"frequency-op-seekdown","ariaLabel":"नीचे जाएं"},{"$i":"frequency-op-seekup","ariaLabel":"ऊपर जाएं"},{"$i":"power-switch-on","ariaLabel":"ऑन"},{"$i":"power-switch-off","ariaLabel":"ऑफ"},{"$i":"frequency-list-container","ariaLabel":"पसंदीदा किया गया स्टेशन"},{"$i":"kai-station-added","$v":"स्टेशन पसंदीदा में जोड़ा गया"},{"$i":"kai-station-removed","$v":"स्टेशन पसंदीदा से हटाया गया"},{"$i":"kai-changes-saved","$v":"परिवर्तन सेव हुए"},{"$i":"kai-fm-radio","$v":"FM रेडियो"},{"$i":"kai-edit-favorites","$v":"स्टेशन का नाम बदलें"},{"$i":"kai-all-stations","$v":"सभी स्टेशन"},{"$i":"kai-stations-scanning","$v":"स्कैन हो रहा है..."},{"$i":"kai-scanning-completed","$v":"स्कैनिंग पूर्ण हो गया"},{"$i":"kai-scanning-failed","$v":"स्कैनिंग विफल रहा"},{"$i":"kai-scanning-abort","$v":"स्कैनिंग रद्द किया"},{"$i":"options","$v":"विकल्प"},{"$i":"stations-list-header","$v":"स्टेशन"},{"$i":"switchToHeadphones","$v":"हेडफोन पर स्विच करें"},{"$i":"switchToSpeaker","$v":"स्पीकर पर स्विच करें"},{"$i":"play","$v":"बजाए"},{"$i":"pause","$v":"रोकें"},{"$i":"rename","$v":"स्टेशन का नाम बदलें"},{"$i":"cancel","$v":"रद्द करें"},{"$i":"unfavorite","$v":"पसंदीदा से निकालें"},{"$i":"add-to-favorites","$v":"पसंदीदा में जोड़ें"},{"$i":"edit-favorites","$v":"पसंदीदा संपादित करें"},{"$i":"save","$v":"सेव करें"},{"$i":"select","$v":"चुनें"},{"$i":"settings","$v":"सेटिंग्स"},{"$i":"volume","$v":"वॉल्यूम"},{"$i":"abort","$v":"विफल करें"},{"$i":"allstations","$v":"स्टेशन"},{"$i":"favorites","$v":"पसंदीदा"},{"$i":"scan-stations","$v":"स्टेशनों को स्कैन करें"},{"$i":"turn-on","$v":"ऑन करें"},{"$i":"turn-off","$v":"ऑफ करें"},{"$i":"ok","$v":"ठीक हैं"},{"$i":"default-ok","$v":"ठीक हैं"},{"$i":"save-ok","$v":"ठीक हैं"},{"$i":"station-renamed","$v":"स्टेशन का नाम बदल दिया गया"},{"$i":"turning-on","$v":"ऑन हो रहा है..."},{"$i":"not-now","$v":"अभी नहीं"},{"$i":"scan","$v":"स्कैन"}]