[{"$i":"noAntenna","$v":"Colok headset"},{"$i":"noAntennaMsg","$v":"Colok headphone untuk menerima sinyal radio."},{"$i":"airplaneModeHeader","$v":"Mode pesawat terbang menyala"},{"$i":"airplaneModeMsg","$v":"Padamkan mode pesawat terbang untuk menggunakan Radio FM."},{"$i":"noFavoritelistMsg","$v":"Tambah stasiun favorit di sini!"},{"$i":"scan-stations-msg","$v":"Pindai untuk semua stasiun yang tersedia?"},{"$i":"speaker-switch","ariaLabel":"Speaker"},{"$i":"bookmark-button","ariaLabel":"Favorit"},{"$i":"dialer-container","ariaLabel":"Frekuensi"},{"$i":"frequency-op-seekdown","ariaLabel":"Lihat ke bawah"},{"$i":"frequency-op-seekup","ariaLabel":"Lihat ke atas"},{"$i":"power-switch-on","ariaLabel":"Aktif"},{"$i":"power-switch-off","ariaLabel":"Mati"},{"$i":"frequency-list-container","ariaLabel":"Stasiun favorit"},{"$i":"kai-station-added","$v":"Stasiun ditambahkan ke Favorit"},{"$i":"kai-station-removed","$v":"Stasiun dibuang dari Favorit"},{"$i":"kai-changes-saved","$v":"Perubahan disimpan"},{"$i":"kai-fm-radio","$v":"Radio FM"},{"$i":"kai-edit-favorites","$v":"Menamai ulang Stasiun"},{"$i":"kai-all-stations","$v":"Semua Stasiun"},{"$i":"kai-stations-scanning","$v":"Sedang memindai..."},{"$i":"kai-scanning-completed","$v":"Pemindaian selesai"},{"$i":"kai-scanning-failed","$v":"Pemindaian gagal"},{"$i":"kai-scanning-abort","$v":"Batalkan pemindaian"},{"$i":"options","$v":"Opsi"},{"$i":"stations-list-header","$v":"Stasiun"},{"$i":"switchToHeadphones","$v":"Beralih ke headphone"},{"$i":"switchToSpeaker","$v":"Alihkan ke speaker"},{"$i":"play","$v":"Putar"},{"$i":"pause","$v":"Jeda"},{"$i":"rename","$v":"Menamai ulang stasiun"},{"$i":"cancel","$v":"Batal"},{"$i":"unfavorite","$v":"Hapus dari favorit"},{"$i":"add-to-favorites","$v":"Tambahkan ke favorit"},{"$i":"edit-favorites","$v":"Edit favorit"},{"$i":"save","$v":"Simpan"},{"$i":"select","$v":"Pilih"},{"$i":"settings","$v":"Pengaturan"},{"$i":"volume","$v":"Volume"},{"$i":"abort","$v":"Batalkan"},{"$i":"allstations","$v":"Stasiun"},{"$i":"favorites","$v":"Favorit"},{"$i":"scan-stations","$v":"Pindai Stasiun"},{"$i":"turn-on","$v":"Nyalakan"},{"$i":"turn-off","$v":"Matikan"},{"$i":"ok","$v":"OK"},{"$i":"default-ok","$v":"OK"},{"$i":"save-ok","$v":"OK"},{"$i":"station-renamed","$v":"Nama Stasiun Diganti."},{"$i":"turning-on","$v":"Mengaktifkan..."},{"$i":"not-now","$v":"Tidak sekarang"},{"$i":"scan","$v":"Pindai"}]