[{"$i":"noAntenna","$v":"Tengja höfuðtól"},{"$i":"noAntennaMsg","$v":"Stinga þarf heyrnartólum í samband til að FM-útvarp geti tekið við útvarpsbylgjum."},{"$i":"airplaneModeHeader","$v":"Kv. er á flugstill."},{"$i":"airplaneModeMsg","$v":"Sl. á flugst. til að nota FM-útv."},{"$i":"noFavoritelistMsg","$v":"Bættu v. uppáhaldsstöðv. hér!"},{"$i":"scan-stations-msg","$v":"Leita að öllum tiltækum stöðvum?"},{"$i":"speaker-switch","ariaLabel":"Hátalari"},{"$i":"bookmark-button","ariaLabel":"Uppáhald"},{"$i":"dialer-container","ariaLabel":"Tíðni"},{"$i":"frequency-op-seekdown","ariaLabel":"Leita niður"},{"$i":"frequency-op-seekup","ariaLabel":"Leita upp"},{"$i":"power-switch-on","ariaLabel":"Kv."},{"$i":"power-switch-off","ariaLabel":"Slökkt"},{"$i":"frequency-list-container","ariaLabel":"Uppáhaldsstöðvar"},{"$i":"kai-station-added","$v":"Stöð bætt við uppáhald"},{"$i":"kai-station-removed","$v":"Stöð fjarlægð úr uppáhaldi"},{"$i":"kai-changes-saved","$v":"Breyt. vist."},{"$i":"kai-fm-radio","$v":"FM-útvarp"},{"$i":"kai-edit-favorites","$v":"Br. uppáhaldi"},{"$i":"kai-all-stations","$v":"Allar stöðvar"},{"$i":"kai-stations-scanning","$v":"Leit"},{"$i":"kai-scanning-completed","$v":"Leit lokið"},{"$i":"kai-scanning-failed","$v":"Leit mistókst"},{"$i":"kai-scanning-abort","$v":"Hætta við leit"},{"$i":"options","$v":"Valkostir"},{"$i":"stations-list-header","$v":"Stöðvar"},{"$i":"switchToHeadphones","$v":"Skipta yfir í heyrnartól"},{"$i":"switchToSpeaker","$v":"Skipta í hátalara"},{"$i":"play","$v":"Spila"},{"$i":"pause","$v":"Gera hlé"},{"$i":"rename","$v":"Endurnefna"},{"$i":"cancel","$v":"H. við"},{"$i":"unfavorite","$v":"Taka úr uppáh."},{"$i":"add-to-favorites","$v":"Bæta við uppáhald"},{"$i":"edit-favorites","$v":"Br. uppáhaldi"},{"$i":"save","$v":"Vista"},{"$i":"select","$v":"Velja"},{"$i":"settings","$v":"Still."},{"$i":"volume","$v":"Hljóðst."},{"$i":"abort","$v":"Hætta við"},{"$i":"allstations","$v":"Stöðvar"},{"$i":"favorites","$v":"Uppáhald"},{"$i":"scan-stations","$v":"Leita að stöðvum"},{"$i":"turn-on","$v":"Kveikja"},{"$i":"turn-off","$v":"Slökkva"},{"$i":"ok","$v":"Í lagi"},{"$i":"default-ok","$v":"Í lagi"},{"$i":"save-ok","$v":"Í lagi"},{"$i":"station-renamed","$v":"Stöð endurnefnd."},{"$i":"turning-on","$v":"Ræsir ..."},{"$i":"not-now","$v":"Ekki núna"},{"$i":"scan","$v":"Skanna"}]