[{"$i":"noAntenna","$v":"Collegare un auricolare"},{"$i":"noAntennaMsg","$v":"Collegare le cuffie per ricevere i segnali radio."},{"$i":"airplaneModeHeader","$v":"Modalità aereo attivata"},{"$i":"airplaneModeMsg","$v":"Disattivare la modalità aereo per usare la radio FM."},{"$i":"noFavoritelistMsg","$v":"Aggiungere qui le stazioni preferite."},{"$i":"scan-stations-msg","$v":"Eseguire la ricerca di tutte le stazioni disponibili?"},{"$i":"speaker-switch","ariaLabel":"Altoparlante"},{"$i":"bookmark-button","ariaLabel":"Preferito"},{"$i":"dialer-container","ariaLabel":"Frequenza"},{"$i":"frequency-op-seekdown","ariaLabel":"Cerca in basso"},{"$i":"frequency-op-seekup","ariaLabel":"Cerca in alto"},{"$i":"power-switch-on","ariaLabel":"Attivato"},{"$i":"power-switch-off","ariaLabel":"Disattivato"},{"$i":"frequency-list-container","ariaLabel":"Stazioni preferite"},{"$i":"kai-station-added","$v":"Stazione aggiunta ai Preferiti"},{"$i":"kai-station-removed","$v":"Stazione rimossa dai Preferiti"},{"$i":"kai-changes-saved","$v":"Modifiche salvate"},{"$i":"kai-fm-radio","$v":"Radio FM"},{"$i":"kai-edit-favorites","$v":"Rinomina stazione"},{"$i":"kai-all-stations","$v":"Tutte le stazioni"},{"$i":"kai-stations-scanning","$v":"Scansione in corso..."},{"$i":"kai-scanning-completed","$v":"Scansione completata"},{"$i":"kai-scanning-failed","$v":"Scansione non riuscita"},{"$i":"kai-scanning-abort","$v":"Scansione interrotta"},{"$i":"options","$v":"Opzioni"},{"$i":"stations-list-header","$v":"Stazioni"},{"$i":"switchToHeadphones","$v":"Passa alle cuffie"},{"$i":"switchToSpeaker","$v":"Passa ad altoparlante"},{"$i":"play","$v":"Riproduci"},{"$i":"pause","$v":"Pausa"},{"$i":"rename","$v":"Rinomina stazione"},{"$i":"cancel","$v":"Annulla"},{"$i":"unfavorite","$v":"Rimuovi dai preferiti"},{"$i":"add-to-favorites","$v":"Aggiungi ai preferiti"},{"$i":"edit-favorites","$v":"Modifica preferiti"},{"$i":"save","$v":"Salva"},{"$i":"select","$v":"Seleziona"},{"$i":"settings","$v":"Impostazioni"},{"$i":"volume","$v":"Volume"},{"$i":"abort","$v":"Interrompi"},{"$i":"allstations","$v":"Stazioni"},{"$i":"favorites","$v":"Preferiti"},{"$i":"scan-stations","$v":"Scansiona stazioni"},{"$i":"turn-on","$v":"Attiva"},{"$i":"turn-off","$v":"Disattiva"},{"$i":"ok","$v":"OK"},{"$i":"default-ok","$v":"OK"},{"$i":"save-ok","$v":"OK"},{"$i":"station-renamed","$v":"Stazione ridenominata."},{"$i":"turning-on","$v":"Attivazione in corso..."},{"$i":"not-now","$v":"Non ora"},{"$i":"scan","$v":"Esegui ricerca"}]