[{"$i":"noAntenna","$v":"Гарнитураны қосу"},{"$i":"noAntennaMsg","$v":"Радио сигналдарын қабылдау үшін FM радиосы құлақаспапты талап етеді."},{"$i":"airplaneModeHeader","$v":"Ұшақ режимі қосулы"},{"$i":"airplaneModeMsg","$v":"FM радио пайд. үшін ұшақ өшіріңіз."},{"$i":"noFavoritelistMsg","$v":"Осында таңдаулы станцияларды қосыңыз!"},{"$i":"scan-stations-msg","$v":"Барлық қолжетімді станцияларды іздеу?"},{"$i":"speaker-switch","ariaLabel":"Динамик"},{"$i":"bookmark-button","ariaLabel":"Таңдаулы"},{"$i":"dialer-container","ariaLabel":"Жиілік"},{"$i":"frequency-op-seekdown","ariaLabel":"Төменде іздеу"},{"$i":"frequency-op-seekup","ariaLabel":"Жоғары іздеу"},{"$i":"power-switch-on","ariaLabel":"Қосулы"},{"$i":"power-switch-off","ariaLabel":"Өшірулі"},{"$i":"frequency-list-container","ariaLabel":"Таңдаулы станциялар"},{"$i":"kai-station-added","$v":"Станция таңдаул. қос."},{"$i":"kai-station-removed","$v":"Станция таңд. шығ."},{"$i":"kai-changes-saved","$v":"Өзгерістер сақталды"},{"$i":"kai-fm-radio","$v":"FM радиосы"},{"$i":"kai-edit-favorites","$v":"Таңдаулыларды өзгерту"},{"$i":"kai-all-stations","$v":"Барлық станциялар"},{"$i":"kai-stations-scanning","$v":"Іздеу"},{"$i":"kai-scanning-completed","$v":"Іздеу аяқталды"},{"$i":"kai-scanning-failed","$v":"Іздеу орындалмады"},{"$i":"kai-scanning-abort","$v":"Іздеуді тоқтату"},{"$i":"options","$v":"Опциялар"},{"$i":"stations-list-header","$v":"Станциялар"},{"$i":"switchToHeadphones","$v":"Құлақаспапқа ауысу"},{"$i":"switchToSpeaker","$v":"Динамикке ауыстыру"},{"$i":"play","$v":"Ойнату"},{"$i":"pause","$v":"Кідірту"},{"$i":"rename","$v":"Атын өзгерту"},{"$i":"cancel","$v":"Бас тарту"},{"$i":"unfavorite","$v":"Таңдаулылардан жою"},{"$i":"add-to-favorites","$v":"Таңдаулыларға қосу"},{"$i":"edit-favorites","$v":"Таңдаулыларды өзгерту"},{"$i":"save","$v":"Сақтау"},{"$i":"select","$v":"Таңдау"},{"$i":"settings","$v":"Параметрлер"},{"$i":"volume","$v":"Дыбыс деңгейі"},{"$i":"abort","$v":"Тоқтату"},{"$i":"allstations","$v":"Станциялар"},{"$i":"favorites","$v":"Таңдаулылар"},{"$i":"scan-stations","$v":"Станцияларды іздеу"},{"$i":"turn-on","$v":"Қосу"},{"$i":"turn-off","$v":"Өшіру"},{"$i":"ok","$v":"OK"},{"$i":"default-ok","$v":"OK"},{"$i":"save-ok","$v":"OK"},{"$i":"station-renamed","$v":"Станцияның аты өзгертілді."},{"$i":"turning-on","$v":"Қосу..."},{"$i":"not-now","$v":"Қазір емес"},{"$i":"scan","$v":"Іздеу"}]