[{"$i":"noAntenna","$v":"ສຽບຫູຟັງ"},{"$i":"noAntennaMsg","$v":"ວິທະຍຸ FM ຈະຕ້ອງສຽບຫູຟັງ ເພື່ອຮັບສັນຍານວິທະຍຸ."},{"$i":"airplaneModeHeader","$v":"ເປີດໂໝດເຄື່ອງບິນ"},{"$i":"airplaneModeMsg","$v":"ປິດໂໝດເຄື່ອງບິນເພື່ອໃຊ້ວິທະຍຸ FM."},{"$i":"noFavoritelistMsg","$v":"ເພີ່ມສະຖານີທີ່ມັກຢູ່ທີ່ນີ້!"},{"$i":"scan-stations-msg","$v":"ສະແກນຫາສະຖານີທີ່ນຳໃຊ້ໄດ້ທັງໝົດຫຼືບໍ່?"},{"$i":"speaker-switch","ariaLabel":"ລຳໂພງ"},{"$i":"bookmark-button","ariaLabel":"ໃຊ້ປະຈຳ"},{"$i":"dialer-container","ariaLabel":"ຄວາມຖີ່"},{"$i":"frequency-op-seekdown","ariaLabel":"ຄົ້ນຫາດ້ານລຸ່ມ"},{"$i":"frequency-op-seekup","ariaLabel":"ຄົ້ນຫາດ້ານເທິງ"},{"$i":"power-switch-on","ariaLabel":"ເປີດ"},{"$i":"power-switch-off","ariaLabel":"ປິດ"},{"$i":"frequency-list-container","ariaLabel":"ສະຖານີທີ່ມັກ"},{"$i":"kai-station-added","$v":"ເພີ່ມສະຖານີໃນລາຍການທີ່ມັກ"},{"$i":"kai-station-removed","$v":"ລຶບສະຖານີຈາກລາຍການທີ່ມັກ"},{"$i":"kai-changes-saved","$v":"ບັນທຶກການປ່ຽນແປງແລ້ວ"},{"$i":"kai-fm-radio","$v":"ວິທະຍຸ FM"},{"$i":"kai-edit-favorites","$v":"ແກ້ໄຂສິ່ງທີ່ມັກ"},{"$i":"kai-all-stations","$v":"ສະຖານີທັງໝົດ"},{"$i":"kai-stations-scanning","$v":"ກຳລັງສະແກນ"},{"$i":"kai-scanning-completed","$v":"ການສະແກນສຳເລັດ"},{"$i":"kai-scanning-failed","$v":"ການສະແກນບໍ່ສຳເລັດ"},{"$i":"kai-scanning-abort","$v":"ການສະແກນໄດ້ຍົກເລີກ"},{"$i":"options","$v":"ຕົວເລືອກ"},{"$i":"stations-list-header","$v":"ສະຖານີ"},{"$i":"switchToHeadphones","$v":"ປ່ຽນເປັນຫູຟັງ"},{"$i":"switchToSpeaker","$v":"ປ່ຽນເປັນລຳໂພງ"},{"$i":"play","$v":"ຫຼິ້ນ"},{"$i":"pause","$v":"ຢຸດຊົ່ວຄາວ"},{"$i":"rename","$v":"ປ່ຽນຊື່ໃໝ່"},{"$i":"cancel","$v":"ຍົກເລີກ"},{"$i":"unfavorite","$v":"ລາຍກາຍທີ່ບໍ່ມັກ"},{"$i":"add-to-favorites","$v":"ເພີ່ມເຂົ້າລາຍການທີ່ມັກ"},{"$i":"edit-favorites","$v":"ແກ້ໄຂສິ່ງທີ່ມັກ"},{"$i":"save","$v":"ບັນທຶກໄວ້"},{"$i":"select","$v":"ເລືອກ"},{"$i":"settings","$v":"ການຕັ້ງຄ່າ"},{"$i":"volume","$v":"ບໍ​ລິ​ມາດ"},{"$i":"abort","$v":"ຍົກເລີກ"},{"$i":"allstations","$v":"ສະຖານີ"},{"$i":"favorites","$v":"ລາຍການທີ່ມັກ"},{"$i":"scan-stations","$v":"ສະແກນສະຖານີ"},{"$i":"turn-on","$v":"ເປີດ"},{"$i":"turn-off","$v":"ປິດ"},{"$i":"ok","$v":"ຕົກລົງ"},{"$i":"default-ok","$v":"ຕົກລົງ"},{"$i":"save-ok","$v":"ຕົກລົງ"},{"$i":"station-renamed","$v":"ປ່ຽນຊື່ສະຖານີແລ້ວ."},{"$i":"turning-on","$v":"ກຳລັງເປີດ..."},{"$i":"not-now","$v":"ບໍ່ແມ່ນຕອນນີ້"},{"$i":"scan","$v":"ສະແກນ"}]