[{"$i":"noAntenna","$v":"Pievienojiet austiņas"},{"$i":"noAntennaMsg","$v":"Lai saņemtu radio signālus, FM radio ir jābūt pievienotām austiņām."},{"$i":"airplaneModeHeader","$v":"Lidmašīnas režīms ieslēgts"},{"$i":"airplaneModeMsg","$v":"Izslēdziet lidmašīnas režīmu, lai izmantotu FM Radio."},{"$i":"noFavoritelistMsg","$v":"Pievienojiet iecienītākās stacijas šeit!"},{"$i":"scan-stations-msg","$v":"Vai skenēt visas pieejamās stacijas?"},{"$i":"speaker-switch","ariaLabel":"Skaļrunis"},{"$i":"bookmark-button","ariaLabel":"Izlase"},{"$i":"dialer-container","ariaLabel":"Frekvence"},{"$i":"frequency-op-seekdown","ariaLabel":"Meklēt uz leju"},{"$i":"frequency-op-seekup","ariaLabel":"Meklēt uz augšu"},{"$i":"power-switch-on","ariaLabel":"Ieslēgts"},{"$i":"power-switch-off","ariaLabel":"Izslēgta"},{"$i":"frequency-list-container","ariaLabel":"Izlases stacijas"},{"$i":"kai-station-added","$v":"Stacija pievienota izlasei"},{"$i":"kai-station-removed","$v":"Stacija noņemta no izlases"},{"$i":"kai-changes-saved","$v":"Izmaiņas saglabātas"},{"$i":"kai-fm-radio","$v":"FM radio"},{"$i":"kai-edit-favorites","$v":"Rediģēt izlasi"},{"$i":"kai-all-stations","$v":"Visas stacijas"},{"$i":"kai-stations-scanning","$v":"Pārbaude"},{"$i":"kai-scanning-completed","$v":"Skenēšana pabeigta"},{"$i":"kai-scanning-failed","$v":"Skenēšana neizdevās"},{"$i":"kai-scanning-abort","$v":"Pārtraukt skenēšanu"},{"$i":"options","$v":"Iespējas"},{"$i":"stations-list-header","$v":"Stacijas"},{"$i":"switchToHeadphones","$v":"Pārslēgties uz austiņām"},{"$i":"switchToSpeaker","$v":"Pārslēgties uz skaļruni"},{"$i":"play","$v":"Atskaņot"},{"$i":"pause","$v":"Apturēt"},{"$i":"rename","$v":"Pārdēvēt"},{"$i":"cancel","$v":"Atcelt"},{"$i":"unfavorite","$v":"Noņemt no izlases"},{"$i":"add-to-favorites","$v":"Pievienot izlasei"},{"$i":"edit-favorites","$v":"Rediģēt izlasi"},{"$i":"save","$v":"Saglabāt"},{"$i":"select","$v":"Atlasīt"},{"$i":"settings","$v":"Uzstādījumi"},{"$i":"volume","$v":"Skaļums"},{"$i":"abort","$v":"Pārtraukt"},{"$i":"allstations","$v":"Stacijas"},{"$i":"favorites","$v":"Izlase"},{"$i":"scan-stations","$v":"Skenēt stacijas"},{"$i":"turn-on","$v":"Ieslēgt"},{"$i":"turn-off","$v":"Izslēgt"},{"$i":"ok","$v":"Labi"},{"$i":"default-ok","$v":"Labi"},{"$i":"save-ok","$v":"Labi"},{"$i":"station-renamed","$v":"Stacija pārdēvēta"},{"$i":"turning-on","$v":"Ieslēdz..."},{"$i":"not-now","$v":"Ne tagad"},{"$i":"scan","$v":"Skenēt"}]