[{"$i":"noAntenna","$v":"Приклучете слушалки"},{"$i":"noAntennaMsg","$v":"За да добиете радио сигнали, ФМ Радиото бара слушалките да бидат вклучени."},{"$i":"airplaneModeHeader","$v":"Авионскиот режим е вкл."},{"$i":"airplaneModeMsg","$v":"Иск.го ав.реж.за да кор.ФМ Рад."},{"$i":"noFavoritelistMsg","$v":"Додај ги омилените страници тука!"},{"$i":"scan-stations-msg","$v":"Скенирање на сите достапни станици?"},{"$i":"speaker-switch","ariaLabel":"Звучник"},{"$i":"bookmark-button","ariaLabel":"Омилен"},{"$i":"dialer-container","ariaLabel":"Фреквенција"},{"$i":"frequency-op-seekdown","ariaLabel":"Барање над."},{"$i":"frequency-op-seekup","ariaLabel":"Барање нагоре"},{"$i":"power-switch-on","ariaLabel":"Вклучено"},{"$i":"power-switch-off","ariaLabel":"Исклучено"},{"$i":"frequency-list-container","ariaLabel":"Омилени станици"},{"$i":"kai-station-added","$v":"Стан. е дод. во Омилени"},{"$i":"kai-station-removed","$v":"Стан. е отст. од Омилени"},{"$i":"kai-changes-saved","$v":"Промените се зачувани"},{"$i":"kai-fm-radio","$v":"ФМ Радио"},{"$i":"kai-edit-favorites","$v":"Уредување на омилени"},{"$i":"kai-all-stations","$v":"Сите станици"},{"$i":"kai-stations-scanning","$v":"Скенирање"},{"$i":"kai-scanning-completed","$v":"Скенирањето е завршено"},{"$i":"kai-scanning-failed","$v":"Скенирањето не успеа"},{"$i":"kai-scanning-abort","$v":"Скенирањето е прекинато"},{"$i":"options","$v":"Опции"},{"$i":"stations-list-header","$v":"Станици"},{"$i":"switchToHeadphones","$v":"Префрли на слушалки"},{"$i":"switchToSpeaker","$v":"Префрлете на звучник"},{"$i":"play","$v":"Репродукција"},{"$i":"pause","$v":"Паузирај"},{"$i":"rename","$v":"Преименување"},{"$i":"cancel","$v":"Откажи"},{"$i":"unfavorite","$v":"Неомилен"},{"$i":"add-to-favorites","$v":"Додајте во oмилени"},{"$i":"edit-favorites","$v":"Уредување на омилени"},{"$i":"save","$v":"Зачувај"},{"$i":"select","$v":"Избор"},{"$i":"settings","$v":"Параметри"},{"$i":"volume","$v":"Волумен"},{"$i":"abort","$v":"Прекини"},{"$i":"allstations","$v":"Станици"},{"$i":"favorites","$v":"Омилени"},{"$i":"scan-stations","$v":"Скенирање на станици"},{"$i":"turn-on","$v":"Вклучете"},{"$i":"turn-off","$v":"Исклучете"},{"$i":"ok","$v":"ОК"},{"$i":"default-ok","$v":"ОК"},{"$i":"save-ok","$v":"ОК"},{"$i":"station-renamed","$v":"Станицата е преименувана."},{"$i":"turning-on","$v":"Вклучување..."},{"$i":"not-now","$v":"Не сега"},{"$i":"scan","$v":"Скен."}]