[{"$i":"noAntenna","$v":"Conect. un set de căști cu microfon"},{"$i":"noAntennaMsg","$v":"Radio FM necesită un set căști cu microfon conectat pentru a primi semnale radio."},{"$i":"airplaneModeHeader","$v":"Modul avion este pornit"},{"$i":"airplaneModeMsg","$v":"Opriți modul avion pt. a utiliza Radio FM."},{"$i":"noFavoritelistMsg","$v":"Adăugați stațiile preferate aici!"},{"$i":"scan-stations-msg","$v":"Scanați toate stațiile disponibile?"},{"$i":"speaker-switch","ariaLabel":"Difuzor"},{"$i":"bookmark-button","ariaLabel":"Preferate"},{"$i":"dialer-container","ariaLabel":"Frecvență"},{"$i":"frequency-op-seekdown","ariaLabel":"Căutare în jos"},{"$i":"frequency-op-seekup","ariaLabel":"Căutare în sus"},{"$i":"power-switch-on","ariaLabel":"Pornit"},{"$i":"power-switch-off","ariaLabel":"Oprit"},{"$i":"frequency-list-container","ariaLabel":"Stații preferate"},{"$i":"kai-station-added","$v":"Stație adăugată la Preferate"},{"$i":"kai-station-removed","$v":"Stație eliminată din Preferate"},{"$i":"kai-changes-saved","$v":"Modificări salvate"},{"$i":"kai-fm-radio","$v":"Radio FM"},{"$i":"kai-edit-favorites","$v":"Editați Preferate"},{"$i":"kai-all-stations","$v":"Toate stațiile"},{"$i":"kai-stations-scanning","$v":"Scanare"},{"$i":"kai-scanning-completed","$v":"Scanare finalizată"},{"$i":"kai-scanning-failed","$v":"Scanare nereușită"},{"$i":"kai-scanning-abort","$v":"Renunțare la scanare"},{"$i":"options","$v":"Opțiuni"},{"$i":"stations-list-header","$v":"Stații"},{"$i":"switchToHeadphones","$v":"Comutare pe căști"},{"$i":"switchToSpeaker","$v":"Comutați la difuzor"},{"$i":"play","$v":"Redare"},{"$i":"pause","$v":"Pauză"},{"$i":"rename","$v":"Redenumire"},{"$i":"cancel","$v":"Anulare"},{"$i":"unfavorite","$v":"Nepreferat"},{"$i":"add-to-favorites","$v":"Adăugați la preferate"},{"$i":"edit-favorites","$v":"Editați preferate"},{"$i":"save","$v":"Salvare"},{"$i":"select","$v":"Selectare"},{"$i":"settings","$v":"Setări"},{"$i":"volume","$v":"Volum"},{"$i":"abort","$v":"Renunțare"},{"$i":"allstations","$v":"Stații"},{"$i":"favorites","$v":"Preferate"},{"$i":"scan-stations","$v":"Scanați stațiile"},{"$i":"turn-on","$v":"Pornire"},{"$i":"turn-off","$v":"Oprire"},{"$i":"ok","$v":"OK"},{"$i":"default-ok","$v":"OK"},{"$i":"save-ok","$v":"OK"},{"$i":"station-renamed","$v":"Stație redenumită."},{"$i":"turning-on","$v":"Pornire..."},{"$i":"not-now","$v":"Nu acum"},{"$i":"scan","$v":"Scanare"}]