[{"$i":"noAntenna","$v":"Pasangkan set kepala"},{"$i":"noAntennaMsg","$v":"Pasangkan fon kepala untuk menerima isyarat radio."},{"$i":"airplaneModeHeader","$v":"Mod pesawat dihidupkan"},{"$i":"airplaneModeMsg","$v":"Matikan mod pesawat untuk menggunakan Radio FM."},{"$i":"noFavoritelistMsg","$v":"Tambah stesen kegemaran di sini!"},{"$i":"scan-stations-msg","$v":"Imbas semua stesen yang tersedia?"},{"$i":"speaker-switch","ariaLabel":"Pembesar suara"},{"$i":"bookmark-button","ariaLabel":"Kegemaran"},{"$i":"dialer-container","ariaLabel":"Kekerapan"},{"$i":"frequency-op-seekdown","ariaLabel":"Jangkau ke Bawah"},{"$i":"frequency-op-seekup","ariaLabel":"Jangkau ke Atas"},{"$i":"power-switch-on","ariaLabel":"Hidupkan"},{"$i":"power-switch-off","ariaLabel":"Matikan"},{"$i":"frequency-list-container","ariaLabel":"Stesen dijadikan kegemaran"},{"$i":"kai-station-added","$v":"Stesen ditambah ke Kegemaran"},{"$i":"kai-station-removed","$v":"Stesen dialih keluar daripada Kegemaran"},{"$i":"kai-changes-saved","$v":"Perubahan disimpan"},{"$i":"kai-fm-radio","$v":"Radio FM"},{"$i":"kai-edit-favorites","$v":"Namakan Semula Stesen"},{"$i":"kai-all-stations","$v":"Semua Stesen"},{"$i":"kai-stations-scanning","$v":"Mengimbas..."},{"$i":"kai-scanning-completed","$v":"Pengimbasan lengkap"},{"$i":"kai-scanning-failed","$v":"Pengimbasan gagal"},{"$i":"kai-scanning-abort","$v":"Henti paksa pengimbasan"},{"$i":"options","$v":"Pilihan"},{"$i":"stations-list-header","$v":"Stesen"},{"$i":"switchToHeadphones","$v":"Tukar kepada fon kepala"},{"$i":"switchToSpeaker","$v":"Tukar kepada pembesar suara"},{"$i":"play","$v":"Main"},{"$i":"pause","$v":"Jeda"},{"$i":"rename","$v":"Namakan semula stesen"},{"$i":"cancel","$v":"Batal"},{"$i":"unfavorite","$v":"Alih keluar daripada kegemaran"},{"$i":"add-to-favorites","$v":"Tambah ke kegemaran"},{"$i":"edit-favorites","$v":"Edit kegemaran"},{"$i":"save","$v":"Simpan"},{"$i":"select","$v":"Pilih"},{"$i":"settings","$v":"Tetapan"},{"$i":"volume","$v":"Kelantangan"},{"$i":"abort","$v":"Henti paksa"},{"$i":"allstations","$v":"Stesen"},{"$i":"favorites","$v":"Kegemaran"},{"$i":"scan-stations","$v":"Imbas Stesen"},{"$i":"turn-on","$v":"Hidupkan"},{"$i":"turn-off","$v":"Matikan"},{"$i":"ok","$v":"OK"},{"$i":"default-ok","$v":"OK"},{"$i":"save-ok","$v":"OK"},{"$i":"station-renamed","$v":"Stesen Dinamakan Semula."},{"$i":"turning-on","$v":"Menghidupkan..."},{"$i":"not-now","$v":"Bukan sekarang"},{"$i":"scan","$v":"Imbas"}]