[{"$i":"noAntenna","$v":"Koble til et hodesett"},{"$i":"noAntennaMsg","$v":"FM-radio krever at du har plugget inn et hodesett for å motta radiosignaler."},{"$i":"airplaneModeHeader","$v":"Flymodus er på"},{"$i":"airplaneModeMsg","$v":"Slå av flymodus for å bruke FM-radio."},{"$i":"noFavoritelistMsg","$v":"Legg til favorittstasjoner her!"},{"$i":"scan-stations-msg","$v":"Skanne etter alle tilgjengelige stasjoner?"},{"$i":"speaker-switch","ariaLabel":"Høyttaler"},{"$i":"bookmark-button","ariaLabel":"Favoritt"},{"$i":"dialer-container","ariaLabel":"Frekvens"},{"$i":"frequency-op-seekdown","ariaLabel":"Søk ned"},{"$i":"frequency-op-seekup","ariaLabel":"Søk opp"},{"$i":"power-switch-on","ariaLabel":"På"},{"$i":"power-switch-off","ariaLabel":"Av"},{"$i":"frequency-list-container","ariaLabel":"Favorittstasjoner"},{"$i":"kai-station-added","$v":"Stasjon lagt til favoritter"},{"$i":"kai-station-removed","$v":"Stasjon fjernet fra favoritter"},{"$i":"kai-changes-saved","$v":"Endringer lagret"},{"$i":"kai-fm-radio","$v":"FM-radio"},{"$i":"kai-edit-favorites","$v":"Rediger favoritter"},{"$i":"kai-all-stations","$v":"Alle stasjoner"},{"$i":"kai-stations-scanning","$v":"Skanner"},{"$i":"kai-scanning-completed","$v":"Skanning fullført"},{"$i":"kai-scanning-failed","$v":"Skanning mislyktes"},{"$i":"kai-scanning-abort","$v":"Skanning avbrutt"},{"$i":"options","$v":"Valg"},{"$i":"stations-list-header","$v":"Kanaler"},{"$i":"switchToHeadphones","$v":"Bytt til hodetelefoner"},{"$i":"switchToSpeaker","$v":"Bytt til høyttaler"},{"$i":"play","$v":"Spill"},{"$i":"pause","$v":"Pause"},{"$i":"rename","$v":"Bytt navn"},{"$i":"cancel","$v":"Avbryt"},{"$i":"unfavorite","$v":"Fjern fra favoritter"},{"$i":"add-to-favorites","$v":"Legg til favoritter"},{"$i":"edit-favorites","$v":"Rediger favoritter"},{"$i":"save","$v":"Lagre"},{"$i":"select","$v":"Velg"},{"$i":"settings","$v":"Innstillinger"},{"$i":"volume","$v":"Volum"},{"$i":"abort","$v":"Avbryt"},{"$i":"allstations","$v":"Kanaler"},{"$i":"favorites","$v":"Favoritter"},{"$i":"scan-stations","$v":"Skann stasjoner"},{"$i":"turn-on","$v":"Slå på"},{"$i":"turn-off","$v":"Slå av"},{"$i":"ok","$v":"OK"},{"$i":"default-ok","$v":"OK"},{"$i":"save-ok","$v":"OK"},{"$i":"station-renamed","$v":"Kanalnavn endret."},{"$i":"turning-on","$v":"Slår på …"},{"$i":"not-now","$v":"Ikke nå"},{"$i":"scan","$v":"Skann"}]