[{"$i":"noAntenna","$v":"Een headset aansluiten"},{"$i":"noAntennaMsg","$v":"Sluit een koptelefoon aan om radiosignalen te ontvangen."},{"$i":"airplaneModeHeader","$v":"Vliegtuigmodus is ingeschakeld"},{"$i":"airplaneModeMsg","$v":"Schakel vliegtuigmodus uit om FM-radio te gebruiken."},{"$i":"noFavoritelistMsg","$v":"Voeg hier favoriete stations toe."},{"$i":"scan-stations-msg","$v":"Scannen op alle beschikbare zenders?"},{"$i":"speaker-switch","ariaLabel":"Luidspreker"},{"$i":"bookmark-button","ariaLabel":"Favoriet"},{"$i":"dialer-container","ariaLabel":"Frequentie"},{"$i":"frequency-op-seekdown","ariaLabel":"Naar beneden zoeken"},{"$i":"frequency-op-seekup","ariaLabel":"Naar boven zoeken"},{"$i":"power-switch-on","ariaLabel":"Aan"},{"$i":"power-switch-off","ariaLabel":"Uit"},{"$i":"frequency-list-container","ariaLabel":"Favoriete stations"},{"$i":"kai-station-added","$v":"Station toegevoegd aan favorieten"},{"$i":"kai-station-removed","$v":"Station verwijderd uit favorieten"},{"$i":"kai-changes-saved","$v":"Wijzigingen opgeslagen"},{"$i":"kai-fm-radio","$v":"FM-radio"},{"$i":"kai-edit-favorites","$v":"Station hernoemen"},{"$i":"kai-all-stations","$v":"Alle stations"},{"$i":"kai-stations-scanning","$v":"Scannen..."},{"$i":"kai-scanning-completed","$v":"Scannen is voltooid"},{"$i":"kai-scanning-failed","$v":"Scannen mislukt"},{"$i":"kai-scanning-abort","$v":"Scannen afbreken"},{"$i":"options","$v":"Opties"},{"$i":"stations-list-header","$v":"Zenders"},{"$i":"switchToHeadphones","$v":"Overschakelen naar hoofdtelefoon"},{"$i":"switchToSpeaker","$v":"Overschakelen naar luidspreker"},{"$i":"play","$v":"Afspelen"},{"$i":"pause","$v":"Pauzeren"},{"$i":"rename","$v":"Station hernoemen"},{"$i":"cancel","$v":"Annuleren"},{"$i":"unfavorite","$v":"Verwijderen uit favorieten"},{"$i":"add-to-favorites","$v":"Toevoegen aan favorieten"},{"$i":"edit-favorites","$v":"Favorieten bewerken"},{"$i":"save","$v":"Opslaan"},{"$i":"select","$v":"Selecteer"},{"$i":"settings","$v":"Instellingen"},{"$i":"volume","$v":"Volume"},{"$i":"abort","$v":"Afbreken"},{"$i":"allstations","$v":"Zenders"},{"$i":"favorites","$v":"Favorieten"},{"$i":"scan-stations","$v":"Stations scannen"},{"$i":"turn-on","$v":"Inschakelen"},{"$i":"turn-off","$v":"Uitschakelen"},{"$i":"ok","$v":"OK"},{"$i":"default-ok","$v":"OK"},{"$i":"save-ok","$v":"OK"},{"$i":"station-renamed","$v":"Naam van zender gewijzigd."},{"$i":"turning-on","$v":"Inschakelen..."},{"$i":"not-now","$v":"Niet nu"},{"$i":"scan","$v":"Scannen"}]