[{"$i":"noAntenna","$v":"Podłącz zestaw słuchawkowy"},{"$i":"noAntennaMsg","$v":"Podłącz słuchawki, aby odbierać sygnał radiowy."},{"$i":"airplaneModeHeader","$v":"Tryb samolotowy jest włączony"},{"$i":"airplaneModeMsg","$v":"Wyłącz tryb samolotowy, aby używać radia FM."},{"$i":"noFavoritelistMsg","$v":"Tu możesz dodać ulubione stacje!"},{"$i":"scan-stations-msg","$v":"Wyszukać wszystkie dostępne stacje?"},{"$i":"speaker-switch","ariaLabel":"Głośnik"},{"$i":"bookmark-button","ariaLabel":"Ulubione"},{"$i":"dialer-container","ariaLabel":"Częstotliwość"},{"$i":"frequency-op-seekdown","ariaLabel":"Szukaj w dół"},{"$i":"frequency-op-seekup","ariaLabel":"Szukaj w górę"},{"$i":"power-switch-on","ariaLabel":"Wł."},{"$i":"power-switch-off","ariaLabel":"Wył."},{"$i":"frequency-list-container","ariaLabel":"Ulubione stacje"},{"$i":"kai-station-added","$v":"Dodano stację do ulubionych"},{"$i":"kai-station-removed","$v":"Usunięto stację z ulubionych"},{"$i":"kai-changes-saved","$v":"Zapisano zmiany"},{"$i":"kai-fm-radio","$v":"Radio FM"},{"$i":"kai-edit-favorites","$v":"Zmień nazwę stacji"},{"$i":"kai-all-stations","$v":"Wszystkie stacje"},{"$i":"kai-stations-scanning","$v":"Skanowanie..."},{"$i":"kai-scanning-completed","$v":"Skanowanie zakończone"},{"$i":"kai-scanning-failed","$v":"Błąd skanowania"},{"$i":"kai-scanning-abort","$v":"Przerwano skanowanie"},{"$i":"options","$v":"Opcje"},{"$i":"stations-list-header","$v":"Stacje"},{"$i":"switchToHeadphones","$v":"Włącz słuchawki"},{"$i":"switchToSpeaker","$v":"Przełącz na głośnik"},{"$i":"play","$v":"Odtwórz"},{"$i":"pause","$v":"Wstrzymaj"},{"$i":"rename","$v":"Zmień nazwę stacji"},{"$i":"cancel","$v":"Anuluj"},{"$i":"unfavorite","$v":"Usuń z ulubionych"},{"$i":"add-to-favorites","$v":"Dodaj do ulubionych"},{"$i":"edit-favorites","$v":"Edytuj ulubione"},{"$i":"save","$v":"Zapisz"},{"$i":"select","$v":"Wybierz"},{"$i":"settings","$v":"Ustawienia"},{"$i":"volume","$v":"Głośność"},{"$i":"abort","$v":"Przerwij"},{"$i":"allstations","$v":"Stacje"},{"$i":"favorites","$v":"Ulubione"},{"$i":"scan-stations","$v":"Skanuj stacje"},{"$i":"turn-on","$v":"Włącz"},{"$i":"turn-off","$v":"Wyłącz"},{"$i":"ok","$v":"OK"},{"$i":"default-ok","$v":"OK"},{"$i":"save-ok","$v":"OK"},{"$i":"station-renamed","$v":"Zmieniono nazwę stacji."},{"$i":"turning-on","$v":"Włączanie..."},{"$i":"not-now","$v":"Nie teraz"},{"$i":"scan","$v":"Skanuj"}]