[{"$i":"noAntenna","$v":"Conectar um fone de ouvido"},{"$i":"noAntennaMsg","$v":"Conecte fones de ouvido para receber sinais de rádio."},{"$i":"airplaneModeHeader","$v":"Modo avião ativado"},{"$i":"airplaneModeMsg","$v":"Desative o modo avião para usar a rádio FM."},{"$i":"noFavoritelistMsg","$v":"Adicione estações favoritas aqui!"},{"$i":"scan-stations-msg","$v":"Verificar todas as estações disponíveis?"},{"$i":"speaker-switch","ariaLabel":"Viva-voz"},{"$i":"bookmark-button","ariaLabel":"Favorito"},{"$i":"dialer-container","ariaLabel":"Frequência"},{"$i":"frequency-op-seekdown","ariaLabel":"Buscar abaixo"},{"$i":"frequency-op-seekup","ariaLabel":"Buscar acima"},{"$i":"power-switch-on","ariaLabel":"Ativado"},{"$i":"power-switch-off","ariaLabel":"Desativado"},{"$i":"frequency-list-container","ariaLabel":"Estações favoritas"},{"$i":"kai-station-added","$v":"Estação adicionada aos favoritos"},{"$i":"kai-station-removed","$v":"Estação removida dos favoritos"},{"$i":"kai-changes-saved","$v":"Alterações salvas"},{"$i":"kai-fm-radio","$v":"Rádio FM"},{"$i":"kai-edit-favorites","$v":"Renomear estação"},{"$i":"kai-all-stations","$v":"Todas as estações"},{"$i":"kai-stations-scanning","$v":"Buscando..."},{"$i":"kai-scanning-completed","$v":"Pesquisa concluída"},{"$i":"kai-scanning-failed","$v":"Falha na pesquisa"},{"$i":"kai-scanning-abort","$v":"Pesquisa abortada"},{"$i":"options","$v":"Opções"},{"$i":"stations-list-header","$v":"Estações"},{"$i":"switchToHeadphones","$v":"Alternar para fones de ouvido"},{"$i":"switchToSpeaker","$v":"Mudar para viva-voz"},{"$i":"play","$v":"Reproduzir"},{"$i":"pause","$v":"Pausar"},{"$i":"rename","$v":"Renomear estação"},{"$i":"cancel","$v":"Cancelar"},{"$i":"unfavorite","$v":"Remover dos favoritos"},{"$i":"add-to-favorites","$v":"Adicionar aos favoritos"},{"$i":"edit-favorites","$v":"Editar favoritos"},{"$i":"save","$v":"Salvar"},{"$i":"select","$v":"Selecionar"},{"$i":"settings","$v":"Configurações"},{"$i":"volume","$v":"Volume"},{"$i":"abort","$v":"Anular"},{"$i":"allstations","$v":"Estações"},{"$i":"favorites","$v":"Favoritos"},{"$i":"scan-stations","$v":"Pesquisar estações"},{"$i":"turn-on","$v":"LIGAR"},{"$i":"turn-off","$v":"DESLIGAR"},{"$i":"ok","$v":"OK"},{"$i":"default-ok","$v":"OK"},{"$i":"save-ok","$v":"OK"},{"$i":"station-renamed","$v":"Estação renomeada."},{"$i":"turning-on","$v":"Ligando..."},{"$i":"not-now","$v":"Agora não"},{"$i":"scan","$v":"Verificar"}]