[{"$i":"noAntenna","$v":"Ligar um auricular"},{"$i":"noAntennaMsg","$v":"Ligue os auriculares para receber sinais de rádio."},{"$i":"airplaneModeHeader","$v":"Modo de voo ativado"},{"$i":"airplaneModeMsg","$v":"Desative o modo de voo para utilizar o Rádio FM."},{"$i":"noFavoritelistMsg","$v":"Adicionar estações favoritas aqui!"},{"$i":"scan-stations-msg","$v":"Procurar todas as estações disponíveis?"},{"$i":"speaker-switch","ariaLabel":"Altifalante"},{"$i":"bookmark-button","ariaLabel":"Favorito"},{"$i":"dialer-container","ariaLabel":"Frequência"},{"$i":"frequency-op-seekdown","ariaLabel":"Procurar para baixo"},{"$i":"frequency-op-seekup","ariaLabel":"Procurar para cima"},{"$i":"power-switch-on","ariaLabel":"Ativado"},{"$i":"power-switch-off","ariaLabel":"Desativado"},{"$i":"frequency-list-container","ariaLabel":"Estações favoritas"},{"$i":"kai-station-added","$v":"Estação adicionada aos favoritos"},{"$i":"kai-station-removed","$v":"Estação removida dos favoritos"},{"$i":"kai-changes-saved","$v":"Alterações guardadas"},{"$i":"kai-fm-radio","$v":"Rádio FM"},{"$i":"kai-edit-favorites","$v":"Mudar nome da estação"},{"$i":"kai-all-stations","$v":"Todas as estações"},{"$i":"kai-stations-scanning","$v":"A procurar..."},{"$i":"kai-scanning-completed","$v":"Procura concluída"},{"$i":"kai-scanning-failed","$v":"Falha ao procurar"},{"$i":"kai-scanning-abort","$v":"Procura anulada"},{"$i":"options","$v":"Opções"},{"$i":"stations-list-header","$v":"Estações"},{"$i":"switchToHeadphones","$v":"Mudar para auriculares"},{"$i":"switchToSpeaker","$v":"Mudar para altifalante"},{"$i":"play","$v":"Reproduzir"},{"$i":"pause","$v":"Pausa"},{"$i":"rename","$v":"Mudar nome da estação"},{"$i":"cancel","$v":"Cancelar"},{"$i":"unfavorite","$v":"Remover dos favoritos"},{"$i":"add-to-favorites","$v":"Adicionar aos favoritos"},{"$i":"edit-favorites","$v":"Editar favoritos"},{"$i":"save","$v":"Guardar"},{"$i":"select","$v":"Selecionar"},{"$i":"settings","$v":"Definições"},{"$i":"volume","$v":"Volume"},{"$i":"abort","$v":"Abortar"},{"$i":"allstations","$v":"Estações"},{"$i":"favorites","$v":"Favoritos"},{"$i":"scan-stations","$v":"Procurar estações"},{"$i":"turn-on","$v":"LIGAR"},{"$i":"turn-off","$v":"DESLIGAR"},{"$i":"ok","$v":"OK"},{"$i":"default-ok","$v":"OK"},{"$i":"save-ok","$v":"OK"},{"$i":"station-renamed","$v":"Nome da estação alterado."},{"$i":"turning-on","$v":"A ligar..."},{"$i":"not-now","$v":"Agora não"},{"$i":"scan","$v":"Procurar"}]