[{"$i":"noAntenna","$v":"Подключите гарнитуру"},{"$i":"noAntennaMsg","$v":"Подключите гарнитуру для приема радиосигналов."},{"$i":"airplaneModeHeader","$v":"Режим «В самолёте» включён"},{"$i":"airplaneModeMsg","$v":"Выключите режим «В самолёте», чтобы использовать FM-радио."},{"$i":"noFavoritelistMsg","$v":"Добавьте сюда любимые радиостанции!"},{"$i":"scan-stations-msg","$v":"Сканировать все станции?"},{"$i":"speaker-switch","ariaLabel":"Динамик"},{"$i":"bookmark-button","ariaLabel":"Избранная"},{"$i":"dialer-container","ariaLabel":"Частота"},{"$i":"frequency-op-seekdown","ariaLabel":"Поиск Вниз по частоте"},{"$i":"frequency-op-seekup","ariaLabel":"Поиск Вверх по частоте"},{"$i":"power-switch-on","ariaLabel":"Вкл"},{"$i":"power-switch-off","ariaLabel":"Выкл"},{"$i":"frequency-list-container","ariaLabel":"Избранные радиостанции"},{"$i":"kai-station-added","$v":"Радиостанция успешно добавлена в Избранное"},{"$i":"kai-station-removed","$v":"Радиостанция успешно удалена из Избранного"},{"$i":"kai-changes-saved","$v":"Изменения сохранены"},{"$i":"kai-fm-radio","$v":"Радио"},{"$i":"kai-edit-favorites","$v":"Переименовать Радиостанцию"},{"$i":"kai-all-stations","$v":"Все Радиостанции"},{"$i":"kai-stations-scanning","$v":"Сканирование…"},{"$i":"kai-scanning-completed","$v":"Сканирование завершено"},{"$i":"kai-scanning-failed","$v":"Ошибка сканирования"},{"$i":"kai-scanning-abort","$v":"Сканирование прервано"},{"$i":"options","$v":"Опции"},{"$i":"stations-list-header","$v":"Радиостанции"},{"$i":"switchToHeadphones","$v":"Переключить на гарнитуру"},{"$i":"switchToSpeaker","$v":"Переключить на динамик"},{"$i":"play","$v":"Воспроизведение"},{"$i":"pause","$v":"Пауза"},{"$i":"rename","$v":"Переименовать радиостанцию"},{"$i":"cancel","$v":"Отмена"},{"$i":"unfavorite","$v":"Удалить из избранного"},{"$i":"add-to-favorites","$v":"Добавить в избранное"},{"$i":"edit-favorites","$v":"Изменить избранные"},{"$i":"save","$v":"Сохранить"},{"$i":"select","$v":"Выбрать"},{"$i":"settings","$v":"Настройки"},{"$i":"volume","$v":"Громкость"},{"$i":"abort","$v":"Прервать"},{"$i":"allstations","$v":"Радиостанции"},{"$i":"favorites","$v":"Избранное"},{"$i":"scan-stations","$v":"Сканирование Радиостанций"},{"$i":"turn-on","$v":"Включить"},{"$i":"turn-off","$v":"ВЫКЛ"},{"$i":"ok","$v":"OK"},{"$i":"default-ok","$v":"OK"},{"$i":"save-ok","$v":"OK"},{"$i":"station-renamed","$v":"Радиостанция переименована"},{"$i":"turning-on","$v":"Включение..."},{"$i":"not-now","$v":"Нет"},{"$i":"scan","$v":"Да"}]