[{"$i":"noAntenna","$v":"හෙඩ් සෙට් එක ප්ලග් කරන්න"},{"$i":"noAntennaMsg","$v":"FM ගුවන්විදුලියට ගුවන්විදුලි සංඥා ලබා ගැනීමට හෙඩ්සෙට් එකකට සම්බන්ධ කර තිබිය යුතුය."},{"$i":"airplaneModeHeader","$v":"ගුවන්විදුලි මාදිලිය ඔන්"},{"$i":"airplaneModeMsg","$v":"FM ගුවන්විදුලිය භාවිතා කිරීමට ගුවන්යානා මාදිලිය අක්‍රීය කරන්න."},{"$i":"noFavoritelistMsg","$v":"ප්‍රියතම නාලිකා මෙතැනට එක් කරන්න!"},{"$i":"scan-stations-msg","$v":"සියලු ලද හැකි මධ්‍යස්ථාන සඳහා ස්කෑන් කරන්නද?"},{"$i":"speaker-switch","ariaLabel":"ස්පීකර්"},{"$i":"bookmark-button","ariaLabel":"ප්‍රියතම"},{"$i":"dialer-container","ariaLabel":"සංඛ්යාතය"},{"$i":"frequency-op-seekdown","ariaLabel":"පහතට සොයන්න"},{"$i":"frequency-op-seekup","ariaLabel":"ඉහළට සොයන්න"},{"$i":"power-switch-on","ariaLabel":"ඔන් කරන්න"},{"$i":"power-switch-off","ariaLabel":"ඕෆ්"},{"$i":"frequency-list-container","ariaLabel":"ප්‍රියතම නාලිකා"},{"$i":"kai-station-added","$v":"ස්ථානය ප්‍රියතම දෑ වෙත එක් කරන ලදි"},{"$i":"kai-station-removed","$v":"ස්ථානය ප්‍රියතම දෑ වෙතින් ඉවත් කරන ලදි"},{"$i":"kai-changes-saved","$v":"වෙනස්කම් සුරකින ලදි"},{"$i":"kai-fm-radio","$v":"FM ගුවන්විදුලිය"},{"$i":"kai-edit-favorites","$v":"ප්‍රියතම දෑ වෙනස් කරන්න"},{"$i":"kai-all-stations","$v":"සියලු නාලිකා"},{"$i":"kai-stations-scanning","$v":"ස්කෑන් කිරීම"},{"$i":"kai-scanning-completed","$v":"ස්කෑන් කිරීම සම්පූර්ණයි"},{"$i":"kai-scanning-failed","$v":"ස්කෑන් කිරීම අසාර්ථ විය"},{"$i":"kai-scanning-abort","$v":"ස්කෑන් කිරීම රෝධනය විය"},{"$i":"options","$v":"විකල්ප"},{"$i":"stations-list-header","$v":"මධ්‍යස්ථාන"},{"$i":"switchToHeadphones","$v":"හෙඩ්ෆෝන් වෙත මාරු කරන්න"},{"$i":"switchToSpeaker","$v":"ශබ්දවාහිනියට මාරු වන්න"},{"$i":"play","$v":"වාදනය කරන්න"},{"$i":"pause","$v":"මදකට නවතින්න"},{"$i":"rename","$v":"නැවත නම් කරන්න"},{"$i":"cancel","$v":"අවලංගු කරන්න"},{"$i":"unfavorite","$v":"ප්‍රියතම නොවන"},{"$i":"add-to-favorites","$v":"ප්රියතමයන්ට එක.කර."},{"$i":"edit-favorites","$v":"ප්‍රියතම දෑ වෙනස් කරන්න"},{"$i":"save","$v":"සුරකින්න"},{"$i":"select","$v":"තෝරන්න"},{"$i":"settings","$v":"පසුතල"},{"$i":"volume","$v":"හඬ පරිමාව"},{"$i":"abort","$v":"රෝධනය කරන්න"},{"$i":"allstations","$v":"මධ්‍යස්ථානය"},{"$i":"favorites","$v":"ප්‍රියතම දෑ"},{"$i":"scan-stations","$v":"නාලිකා ස්කෑන් කරන්න"},{"$i":"turn-on","$v":"සක්‍රීය කරන්න"},{"$i":"turn-off","$v":"අක්‍රීය කරන්න"},{"$i":"ok","$v":"හරි"},{"$i":"default-ok","$v":"OK"},{"$i":"save-ok","$v":"OK"},{"$i":"station-renamed","$v":"මධ්‍යස්ථානය යළි නම් කරන ලදී."},{"$i":"turning-on","$v":"සක්‍රීය කරමින්..."},{"$i":"not-now","$v":"දැන් නොවේ"},{"$i":"scan","$v":"ස්කෑන් කරන්න"}]