[{"$i":"noAntenna","$v":"Zapojte headset"},{"$i":"noAntennaMsg","$v":"FM rádio vyžaduje na príjem rádiosignálu pripojené slúchadlá."},{"$i":"airplaneModeHeader","$v":"Režim Lietadlo je zap."},{"$i":"airplaneModeMsg","$v":"Vypn. let. režim na použ. FM rádia."},{"$i":"noFavoritelistMsg","$v":"Tu si pridajte obľúbené stanice!"},{"$i":"scan-stations-msg","$v":"Vyhľadať všetky dostupné stanice?"},{"$i":"speaker-switch","ariaLabel":"Reproduktor"},{"$i":"bookmark-button","ariaLabel":"Obľúbené"},{"$i":"dialer-container","ariaLabel":"Frekvencia"},{"$i":"frequency-op-seekdown","ariaLabel":"Hľadať nadol"},{"$i":"frequency-op-seekup","ariaLabel":"Hľadať nahor"},{"$i":"power-switch-on","ariaLabel":"Zap."},{"$i":"power-switch-off","ariaLabel":"Vyp."},{"$i":"frequency-list-container","ariaLabel":"Obľúbené stanice"},{"$i":"kai-station-added","$v":"Stanica prid. medzi obľúb."},{"$i":"kai-station-removed","$v":"Stanica odstr. z obľúb."},{"$i":"kai-changes-saved","$v":"Zmeny uložené"},{"$i":"kai-fm-radio","$v":"FM rádio"},{"$i":"kai-edit-favorites","$v":"Upraviť obľúbené"},{"$i":"kai-all-stations","$v":"Všetky stanice"},{"$i":"kai-stations-scanning","$v":"Vyhľad."},{"$i":"kai-scanning-completed","$v":"Vyhľadávanie dokončené"},{"$i":"kai-scanning-failed","$v":"Vyhľadávanie zlyhalo"},{"$i":"kai-scanning-abort","$v":"Vyhľadávanie zrušené"},{"$i":"options","$v":"Možnosti"},{"$i":"stations-list-header","$v":"Stanice"},{"$i":"switchToHeadphones","$v":"Prepnúť na slúchadlá"},{"$i":"switchToSpeaker","$v":"Prepnúť na reproduktor"},{"$i":"play","$v":"Prehrať"},{"$i":"pause","$v":"Preruš."},{"$i":"rename","$v":"Premen."},{"$i":"cancel","$v":"Zrušiť"},{"$i":"unfavorite","$v":"Zrušiť obľúb."},{"$i":"add-to-favorites","$v":"Pridať k obľúbeným"},{"$i":"edit-favorites","$v":"Upraviť obľúbené"},{"$i":"save","$v":"Uložiť"},{"$i":"select","$v":"Vybrať"},{"$i":"settings","$v":"Nastavenia"},{"$i":"volume","$v":"Hlasitosť"},{"$i":"abort","$v":"Zrušiť"},{"$i":"allstations","$v":"Stanice"},{"$i":"favorites","$v":"Obľúbené"},{"$i":"scan-stations","$v":"Hľadať stanice"},{"$i":"turn-on","$v":"Zapnúť"},{"$i":"turn-off","$v":"Vypnúť"},{"$i":"ok","$v":"OK"},{"$i":"default-ok","$v":"OK"},{"$i":"save-ok","$v":"OK"},{"$i":"station-renamed","$v":"Stanica premenovaná."},{"$i":"turning-on","$v":"Prebieha zapínanie..."},{"$i":"not-now","$v":"Teraz nie"},{"$i":"scan","$v":"Vyhľadať"}]