[{"$i":"noAntenna","$v":"Priklopite slušalke"},{"$i":"noAntennaMsg","$v":"FM-radio za sprejem radijskega signala potrebuje priključene slušalke."},{"$i":"airplaneModeHeader","$v":"Način za letalo je vklopljen"},{"$i":"airplaneModeMsg","$v":"Za uporabo FM-radia izklopite nač. za letalo."},{"$i":"noFavoritelistMsg","$v":"Tukaj dodajte priljubljene postaje"},{"$i":"scan-stations-msg","$v":"Želite poiskati vse razpoložljive postaje?"},{"$i":"speaker-switch","ariaLabel":"Zvočnik"},{"$i":"bookmark-button","ariaLabel":"Priljubljeni"},{"$i":"dialer-container","ariaLabel":"Frekvenca"},{"$i":"frequency-op-seekdown","ariaLabel":"Iskanje dol"},{"$i":"frequency-op-seekup","ariaLabel":"Iskanje gor"},{"$i":"power-switch-on","ariaLabel":"Vklop"},{"$i":"power-switch-off","ariaLabel":"Izklopljen"},{"$i":"frequency-list-container","ariaLabel":"Priljubljene postaje"},{"$i":"kai-station-added","$v":"Postaja dod. med priljublj."},{"$i":"kai-station-removed","$v":"Postaja odstran. iz priljublj."},{"$i":"kai-changes-saved","$v":"Spremembe so shranjene"},{"$i":"kai-fm-radio","$v":"FM-radio"},{"$i":"kai-edit-favorites","$v":"Uredi priljubljene"},{"$i":"kai-all-stations","$v":"Vse postaje"},{"$i":"kai-stations-scanning","$v":"Iskanje"},{"$i":"kai-scanning-completed","$v":"Iskanje je končano"},{"$i":"kai-scanning-failed","$v":"Iskanje ni uspelo"},{"$i":"kai-scanning-abort","$v":"Iskanje je prekinjeno"},{"$i":"options","$v":"Možnosti"},{"$i":"stations-list-header","$v":"Postaje"},{"$i":"switchToHeadphones","$v":"Preklopi na slušalke"},{"$i":"switchToSpeaker","$v":"Preklopi na zvočnik"},{"$i":"play","$v":"Predvajaj"},{"$i":"pause","$v":"Premor"},{"$i":"rename","$v":"Preimenuj"},{"$i":"cancel","$v":"Prekliči"},{"$i":"unfavorite","$v":"Odstrani iz priljubljenih"},{"$i":"add-to-favorites","$v":"Dodaj med priljubljene"},{"$i":"edit-favorites","$v":"Uredi priljubljene"},{"$i":"save","$v":"Shrani"},{"$i":"select","$v":"Izberi"},{"$i":"settings","$v":"Nastavitve"},{"$i":"volume","$v":"Glasnost"},{"$i":"abort","$v":"Prekini"},{"$i":"allstations","$v":"Postaje"},{"$i":"favorites","$v":"Priljubljene"},{"$i":"scan-stations","$v":"Iskanje postaj"},{"$i":"turn-on","$v":"Vklopi"},{"$i":"turn-off","$v":"Izklopi"},{"$i":"ok","$v":"V redu"},{"$i":"default-ok","$v":"V redu"},{"$i":"save-ok","$v":"V redu"},{"$i":"station-renamed","$v":"Postaja je preimenovana."},{"$i":"turning-on","$v":"Vklapljanje ..."},{"$i":"not-now","$v":"Ne zdaj"},{"$i":"scan","$v":"Iskanje"}]