[{"$i":"noAntenna","$v":"Lidh një palë kufje"},{"$i":"noAntennaMsg","$v":"Radio FM kërkon të jenë futur kufjet për të marrë sinjale radioje."},{"$i":"airplaneModeHeader","$v":"Mod. fluturimit është aktiv"},{"$i":"airplaneModeMsg","$v":"Çaktiv. mod. e fluturimit për të përdorur radion FM."},{"$i":"noFavoritelistMsg","$v":"Shtoji këtu stacionet e preferuara!"},{"$i":"scan-stations-msg","$v":"Të kërkohen të gjitha stacionet e disponueshme?"},{"$i":"speaker-switch","ariaLabel":"Altoparlanti"},{"$i":"bookmark-button","ariaLabel":"Preferencë"},{"$i":"dialer-container","ariaLabel":"Frekuenca"},{"$i":"frequency-op-seekdown","ariaLabel":"Kërko poshtë"},{"$i":"frequency-op-seekup","ariaLabel":"Kërko sipër"},{"$i":"power-switch-on","ariaLabel":"Aktiv"},{"$i":"power-switch-off","ariaLabel":"Joaktiv"},{"$i":"frequency-list-container","ariaLabel":"Stacionet e preferuara"},{"$i":"kai-station-added","$v":"Stacioni u shtua te prefe."},{"$i":"kai-station-removed","$v":"Stacioni u hoq nga prefe."},{"$i":"kai-changes-saved","$v":"Ndryshimet u ruajtën"},{"$i":"kai-fm-radio","$v":"Radio FM"},{"$i":"kai-edit-favorites","$v":"Modifiko preferencat"},{"$i":"kai-all-stations","$v":"Të gjitha stacionet"},{"$i":"kai-stations-scanning","$v":"Po skanon"},{"$i":"kai-scanning-completed","$v":"Skanimi përfundoi"},{"$i":"kai-scanning-failed","$v":"Skanimi nuk u krye"},{"$i":"kai-scanning-abort","$v":"Skanimi u ndërpre"},{"$i":"options","$v":"Opsionet"},{"$i":"stations-list-header","$v":"Stacionet"},{"$i":"switchToHeadphones","$v":"Kalo në kufje"},{"$i":"switchToSpeaker","$v":"Kalo në altoparlant"},{"$i":"play","$v":"Luaj"},{"$i":"pause","$v":"Pezullo"},{"$i":"rename","$v":"Riemërto"},{"$i":"cancel","$v":"Anulo"},{"$i":"unfavorite","$v":"Mospëlqe"},{"$i":"add-to-favorites","$v":"Shto te preferencat"},{"$i":"edit-favorites","$v":"Modifiko preferencat"},{"$i":"save","$v":"Ruaj"},{"$i":"select","$v":"Zgjidh"},{"$i":"settings","$v":"Cilësimet"},{"$i":"volume","$v":"Volumi"},{"$i":"abort","$v":"Ndërprit"},{"$i":"allstations","$v":"Stacionet"},{"$i":"favorites","$v":"Preferencat"},{"$i":"scan-stations","$v":"Skano stacionet"},{"$i":"turn-on","$v":"Aktivizo"},{"$i":"turn-off","$v":"Çaktivizo"},{"$i":"ok","$v":"OK"},{"$i":"default-ok","$v":"OK"},{"$i":"save-ok","$v":"OK"},{"$i":"station-renamed","$v":"Stacioni u riemërtua."},{"$i":"turning-on","$v":"Po ndizet..."},{"$i":"not-now","$v":"Jo tani"},{"$i":"scan","$v":"Kërko"}]