[{"$i":"noAntenna","$v":"Priključite slušalice"},{"$i":"noAntennaMsg","$v":"Za prijem radio signala na FM Radiju neophodno je da slušalice budu priključene."},{"$i":"airplaneModeHeader","$v":"Rež.rada u av.je uklj."},{"$i":"airplaneModeMsg","$v":"Isklj. rež. rada u av. za kor. FM radija."},{"$i":"noFavoritelistMsg","$v":"Sve omiljene stanice su ovde!"},{"$i":"scan-stations-msg","$v":"Skenirati dostupne stanice?"},{"$i":"speaker-switch","ariaLabel":"Zvučnik"},{"$i":"bookmark-button","ariaLabel":"Favoriti"},{"$i":"dialer-container","ariaLabel":"Frekvencija"},{"$i":"frequency-op-seekdown","ariaLabel":"Traži nadole"},{"$i":"frequency-op-seekup","ariaLabel":"Traži nagore"},{"$i":"power-switch-on","ariaLabel":"Uključeno"},{"$i":"power-switch-off","ariaLabel":"Isključeno"},{"$i":"frequency-list-container","ariaLabel":"Omiljene stanice"},{"$i":"kai-station-added","$v":"Stan. je dodata u fav."},{"$i":"kai-station-removed","$v":"Stan. je ukl. iz favorita"},{"$i":"kai-changes-saved","$v":"Promene su sačuvane"},{"$i":"kai-fm-radio","$v":"FM Radio"},{"$i":"kai-edit-favorites","$v":"Uredi omiljene"},{"$i":"kai-all-stations","$v":"Sve stanice"},{"$i":"kai-stations-scanning","$v":"Skeniranje"},{"$i":"kai-scanning-completed","$v":"Skeniranje je dovršeno"},{"$i":"kai-scanning-failed","$v":"Skeniranje nije uspelo"},{"$i":"kai-scanning-abort","$v":"Prekid skeniranja"},{"$i":"options","$v":"Opcije"},{"$i":"stations-list-header","$v":"Stanice"},{"$i":"switchToHeadphones","$v":"Prebaci na žičane slušalice"},{"$i":"switchToSpeaker","$v":"Prebaci na zvučnik"},{"$i":"play","$v":"Reprodukuj"},{"$i":"pause","$v":"Pauziraj"},{"$i":"rename","$v":"Preimenuj"},{"$i":"cancel","$v":"Otkaži"},{"$i":"unfavorite","$v":"Ukloni omiljeno"},{"$i":"add-to-favorites","$v":"Dodaj u omiljene"},{"$i":"edit-favorites","$v":"Uredi omiljene"},{"$i":"save","$v":"Sačuvaj"},{"$i":"select","$v":"Odaberi"},{"$i":"settings","$v":"Podešavanja"},{"$i":"volume","$v":"Jačina zvuka"},{"$i":"abort","$v":"Prekini"},{"$i":"allstations","$v":"Stanice"},{"$i":"favorites","$v":"Favoriti"},{"$i":"scan-stations","$v":"Skeniraj stanice"},{"$i":"turn-on","$v":"Uključi"},{"$i":"turn-off","$v":"Isključi"},{"$i":"ok","$v":"OK"},{"$i":"default-ok","$v":"OK"},{"$i":"save-ok","$v":"OK"},{"$i":"station-renamed","$v":"Stanica preimenovana."},{"$i":"turning-on","$v":"Uključivanje..."},{"$i":"not-now","$v":"Ne sada"},{"$i":"scan","$v":"Skeniraj"}]