[{"$i":"noAntenna","$v":"ஹெட்செட்டைச் பிளக் இன் செய்க"},{"$i":"noAntennaMsg","$v":"ரேடியோ சிக்னல்களை பெறுவதற்கு ஹெட்போன்களை பிளக் இன் செய்யவும்."},{"$i":"airplaneModeHeader","$v":"ஏரோபிளேன் மோட் ஆன்-இல் உள்ளது"},{"$i":"airplaneModeMsg","$v":"FM ரேடியோவை பயன்படுத்த ஏரோப்ளைன் மோட்-ஐ ஆஃப் செய்யவும்."},{"$i":"noFavoritelistMsg","$v":"இங்கு பிடித்தமான நிலையங்களை சேர்க்கவும்!"},{"$i":"scan-stations-msg","$v":"கிடைக்கக்கூடிய எல்லா நிலையங்களையும் ஸ்கேன் செய்யவா?"},{"$i":"speaker-switch","ariaLabel":"ஸ்பீக்கர்"},{"$i":"bookmark-button","ariaLabel":"பிடித்தவை"},{"$i":"dialer-container","ariaLabel":"ஃபிரிகுயன்சி"},{"$i":"frequency-op-seekdown","ariaLabel":"கீழே தேடு"},{"$i":"frequency-op-seekup","ariaLabel":"மேலே தேடு"},{"$i":"power-switch-on","ariaLabel":"ஆன்"},{"$i":"power-switch-off","ariaLabel":"ஆஃப்"},{"$i":"frequency-list-container","ariaLabel":"பிடித்ததாக்கிய ஸ்டேஷன்"},{"$i":"kai-station-added","$v":"பிடித்தவையில் ஸ்டேஷன் சேர்க்கப்பட்டது"},{"$i":"kai-station-removed","$v":"பிடித்தவையிலிருந்து ஸ்டேஷன் அகற்றப்பட்டது"},{"$i":"kai-changes-saved","$v":"மாற்றங்கள் சேமிக்கப்பட்டது"},{"$i":"kai-fm-radio","$v":"FM ரேடியோ"},{"$i":"kai-edit-favorites","$v":"நிலையத்திற்கு மறுபெயரிடவும்"},{"$i":"kai-all-stations","$v":"அனைத்து நிலையங்கள்"},{"$i":"kai-stations-scanning","$v":"ஸ்கேன் செய்கிறது..."},{"$i":"kai-scanning-completed","$v":"ஸ்கேனிங் முடிந்தது"},{"$i":"kai-scanning-failed","$v":"ஸ்கேனிங் தோல்வியடைந்தது"},{"$i":"kai-scanning-abort","$v":"ஸ்கேனிங் கைவிடப்பட்டது"},{"$i":"options","$v":"விருப்பங்கள்"},{"$i":"stations-list-header","$v":"நிலையங்கள்"},{"$i":"switchToHeadphones","$v":"ஹெட்போன்ஸ்-க்கு மாறவும்"},{"$i":"switchToSpeaker","$v":"ஸ்பீக்கர்க்கு மாற்றவும்"},{"$i":"play","$v":"இயக்கு"},{"$i":"pause","$v":"இடைநிறுத்து"},{"$i":"rename","$v":"நிலையத்திற்கு மறுபெயரிடவும்"},{"$i":"cancel","$v":"ரத்து செய்க"},{"$i":"unfavorite","$v":"பிடித்தமானவைகளில் இருந்து நீக்கவும்"},{"$i":"add-to-favorites","$v":"பிடித்தமானவையில் சேர்"},{"$i":"edit-favorites","$v":"விருப்பமானவற்றைத் திருத்து"},{"$i":"save","$v":"சேமி"},{"$i":"select","$v":"தேர்ந்தெடு"},{"$i":"settings","$v":"செட்டிங்ஸ்"},{"$i":"volume","$v":"வால்யூம்"},{"$i":"abort","$v":"கைவிடு"},{"$i":"allstations","$v":"நிலையங்கள்"},{"$i":"favorites","$v":"பிடித்தமானவைகள்"},{"$i":"scan-stations","$v":"ஸ்கேன் நிலையங்கள்"},{"$i":"turn-on","$v":"ஆன் செய்யவும்"},{"$i":"turn-off","$v":"ஆஃப் செய்யவும்"},{"$i":"ok","$v":"சரி"},{"$i":"default-ok","$v":"சரி"},{"$i":"save-ok","$v":"சரி"},{"$i":"station-renamed","$v":"நிலையம் பெயர் மாற்றம் செய்யப்பட்டது."},{"$i":"turning-on","$v":"ஆன் ஆகின்றது..."},{"$i":"not-now","$v":"இப்போது வேண்டாம்"},{"$i":"scan","$v":"ஸ்கேன்"}]