[{"$i":"noAntenna","$v":"เสียบหูฟัง"},{"$i":"noAntennaMsg","$v":"เสียบหูฟังเพื่อรับสัญญาณวิทยุ"},{"$i":"airplaneModeHeader","$v":"โหมดเครื่องบินเปิดอยู่"},{"$i":"airplaneModeMsg","$v":"ปิดโหมดเครื่องบินเพื่อใช้วิทยุ FM"},{"$i":"noFavoritelistMsg","$v":"เพิ่มสถานีโปรดที่นี่!"},{"$i":"scan-stations-msg","$v":"สแกนหาสถานีที่พร้อมใช้งานทั้งหมดหรือไม่"},{"$i":"speaker-switch","ariaLabel":"ลำโพง"},{"$i":"bookmark-button","ariaLabel":"รายการโปรด"},{"$i":"dialer-container","ariaLabel":"ความถี่"},{"$i":"frequency-op-seekdown","ariaLabel":"เลื่อนขึ้นเพื่อค้นหา"},{"$i":"frequency-op-seekup","ariaLabel":"เลื่อนลงเพื่อค้นหา"},{"$i":"power-switch-on","ariaLabel":"เปิด"},{"$i":"power-switch-off","ariaLabel":"ปิด"},{"$i":"frequency-list-container","ariaLabel":"สถานีในรายการโปรด"},{"$i":"kai-station-added","$v":"เพิ่มสถานีไปยังรายการโปรดแล้ว"},{"$i":"kai-station-removed","$v":"ลบสถานีออกจากรายการโปรดแล้ว"},{"$i":"kai-changes-saved","$v":"บันทึกการเปลี่ยนแปลงแล้ว"},{"$i":"kai-fm-radio","$v":"วิทยุ FM"},{"$i":"kai-edit-favorites","$v":"ตั้งชื่อสถานีใหม่"},{"$i":"kai-all-stations","$v":"สถานีทั้งหมด"},{"$i":"kai-stations-scanning","$v":"กำลังสแกน..."},{"$i":"kai-scanning-completed","$v":"เสร็จสิ้นการสแกนแล้ว"},{"$i":"kai-scanning-failed","$v":"การสแกนล้มเหลว"},{"$i":"kai-scanning-abort","$v":"ยกเลิกการสแกนแล้ว"},{"$i":"options","$v":"ตัวเลือก"},{"$i":"stations-list-header","$v":"สถานี"},{"$i":"switchToHeadphones","$v":"เปลี่ยนเป็นหูฟัง"},{"$i":"switchToSpeaker","$v":"สลับไปเป็นลำโพง"},{"$i":"play","$v":"เล่น"},{"$i":"pause","$v":"หยุดชั่วคราว"},{"$i":"rename","$v":"ตั้งชื่อสถานีใหม่"},{"$i":"cancel","$v":"ยกเลิก"},{"$i":"unfavorite","$v":"ลบออกจากรายการโปรด"},{"$i":"add-to-favorites","$v":"เพิ่มไปที่รายการโปรด"},{"$i":"edit-favorites","$v":"แก้ไขรายการโปรด"},{"$i":"save","$v":"บันทึก"},{"$i":"select","$v":"เลือก"},{"$i":"settings","$v":"การตั้งค่า"},{"$i":"volume","$v":"ระดับเสียง"},{"$i":"abort","$v":"ยกเลิกหรือไม่"},{"$i":"allstations","$v":"สถานี"},{"$i":"favorites","$v":"รายการโปรด"},{"$i":"scan-stations","$v":"สแกนหาสถานี"},{"$i":"turn-on","$v":"เปิด"},{"$i":"turn-off","$v":"ปิด"},{"$i":"ok","$v":"ตกลง"},{"$i":"default-ok","$v":"ตกลง"},{"$i":"save-ok","$v":"ตกลง"},{"$i":"station-renamed","$v":"เปลี่ยนชื่อสถานีแล้ว"},{"$i":"turning-on","$v":"กำลังเปิด..."},{"$i":"not-now","$v":"ไม่ใช่ตอนนี้"},{"$i":"scan","$v":"สแกน"}]