[{"$i":"noAntenna","$v":"ایک ہیڈ سید پلگ ان کریں"},{"$i":"noAntennaMsg","$v":"ریڈیو سگنلز موصول کرنے کے لئے ہیڈفونز لگائیں۔"},{"$i":"airplaneModeHeader","$v":"ہوائی جہاز موڈ آن ہے"},{"$i":"airplaneModeMsg","$v":"ایف ایم ریڈیو استعمال کرنے کیلئے ایئر پلین موڈ آف کریں۔"},{"$i":"noFavoritelistMsg","$v":"پسندیدہ اسٹیشنز کو یہاں شامل کریں!"},{"$i":"scan-stations-msg","$v":"تمام دستیاب اسٹیشنز کے لئے اسکین کریں؟"},{"$i":"speaker-switch","ariaLabel":"اسپیکر"},{"$i":"bookmark-button","ariaLabel":"پسندیدہ"},{"$i":"dialer-container","ariaLabel":"فریکوئنسی"},{"$i":"frequency-op-seekdown","ariaLabel":"نیچے تلاش"},{"$i":"frequency-op-seekup","ariaLabel":"اوپر تلاش"},{"$i":"power-switch-on","ariaLabel":"آن"},{"$i":"power-switch-off","ariaLabel":"آف"},{"$i":"frequency-list-container","ariaLabel":"پسندیدہ اسٹیشنز"},{"$i":"kai-station-added","$v":"اسٹیش کو پسندیدہ میں شامل کیا گیا"},{"$i":"kai-station-removed","$v":"اسٹیشن کو پسندیدہ سے نکال دیا گیا"},{"$i":"kai-changes-saved","$v":"تبدیلیاں محفوظ ہوگئی"},{"$i":"kai-fm-radio","$v":"FM ریڈیو"},{"$i":"kai-edit-favorites","$v":"اسٹیشن کا نام بدلیں"},{"$i":"kai-all-stations","$v":"تمام اسٹیشنز"},{"$i":"kai-stations-scanning","$v":"اسکین کیا جا رہا ہے..."},{"$i":"kai-scanning-completed","$v":"اسکیننگ مکمل"},{"$i":"kai-scanning-failed","$v":"اسکیننگ ناکام ہوگئی"},{"$i":"kai-scanning-abort","$v":"اسکیننگ منسوخ"},{"$i":"options","$v":"اختیارات"},{"$i":"stations-list-header","$v":"اسٹیشنز"},{"$i":"switchToHeadphones","$v":"ہیڈ فونز میں سوئچ کریں"},{"$i":"switchToSpeaker","$v":"اسپیکر پر سوئچ کریں"},{"$i":"play","$v":"چلائیں"},{"$i":"pause","$v":"موقوف کریں"},{"$i":"rename","$v":"اسٹیشن کا نام بدلیں"},{"$i":"cancel","$v":"منسوخ کریں"},{"$i":"unfavorite","$v":"پسندیدگان میں سے ہٹائیں"},{"$i":"add-to-favorites","$v":"پسندیدہ میں شامل کریں"},{"$i":"edit-favorites","$v":"پسندیدہ میں ترمیم کریں"},{"$i":"save","$v":"محفوظ کریں"},{"$i":"select","$v":"منتخب کریں"},{"$i":"settings","$v":"ترتیبات"},{"$i":"volume","$v":"والیوم"},{"$i":"abort","$v":"منسوخ کریں"},{"$i":"allstations","$v":"اسٹیشنز"},{"$i":"favorites","$v":"پسندیدگان"},{"$i":"scan-stations","$v":"اسٹیشنز اسکین کریں"},{"$i":"turn-on","$v":"آن کریں"},{"$i":"turn-off","$v":"آف کریں"},{"$i":"ok","$v":"ٹھیک ہے"},{"$i":"default-ok","$v":"ٹھیک ہے"},{"$i":"save-ok","$v":"ٹھیک ہے"},{"$i":"station-renamed","$v":"اسٹیشن کا نام بدل دیا گیا۔"},{"$i":"turning-on","$v":"آن کر رہا ہے..."},{"$i":"not-now","$v":"ابھی نہیں"},{"$i":"scan","$v":"اسکین کریں"}]