[{"$i":"noAntenna","$v":"插入耳机"},{"$i":"noAntennaMsg","$v":"插入耳机以接收收音机信号。"},{"$i":"airplaneModeHeader","$v":"已开启飞行模式"},{"$i":"airplaneModeMsg","$v":"关闭飞行模式以使用调频收音机。"},{"$i":"noFavoritelistMsg","$v":"在此处添加收藏电台！"},{"$i":"scan-stations-msg","$v":"搜索所有频道？"},{"$i":"speaker-switch","ariaLabel":"扬声器"},{"$i":"bookmark-button","ariaLabel":"收藏"},{"$i":"dialer-container","ariaLabel":"频率"},{"$i":"frequency-op-seekdown","ariaLabel":"向下搜索"},{"$i":"frequency-op-seekup","ariaLabel":"向上搜索"},{"$i":"power-switch-on","ariaLabel":"开启"},{"$i":"power-switch-off","ariaLabel":"关闭"},{"$i":"frequency-list-container","ariaLabel":"已收藏电台"},{"$i":"kai-station-added","$v":"已将电台添加至“收藏”"},{"$i":"kai-station-removed","$v":"已将电台移出“收藏”"},{"$i":"kai-changes-saved","$v":"更改已保存"},{"$i":"kai-fm-radio","$v":"收音机"},{"$i":"kai-edit-favorites","$v":"电台重命名"},{"$i":"kai-all-stations","$v":"全部电台"},{"$i":"kai-stations-scanning","$v":"正在扫描..."},{"$i":"kai-scanning-completed","$v":"扫描完成"},{"$i":"kai-scanning-failed","$v":"扫描失败"},{"$i":"kai-scanning-abort","$v":"放弃扫描"},{"$i":"options","$v":"选项"},{"$i":"stations-list-header","$v":"电台"},{"$i":"switchToHeadphones","$v":"切换至听筒"},{"$i":"switchToSpeaker","$v":"切换至扬声器"},{"$i":"play","$v":"播放"},{"$i":"pause","$v":"暂停"},{"$i":"rename","$v":"电台重命名"},{"$i":"cancel","$v":"取消"},{"$i":"unfavorite","$v":"从收藏中移除"},{"$i":"add-to-favorites","$v":"添加到收藏"},{"$i":"edit-favorites","$v":"编辑收藏"},{"$i":"save","$v":"保存"},{"$i":"select","$v":"选择"},{"$i":"settings","$v":"设置"},{"$i":"volume","$v":"音量"},{"$i":"abort","$v":"中止"},{"$i":"allstations","$v":"全部电台"},{"$i":"favorites","$v":"收藏"},{"$i":"scan-stations","$v":"扫描电台"},{"$i":"turn-on","$v":"开启"},{"$i":"turn-off","$v":"关闭"},{"$i":"ok","$v":"确定"},{"$i":"default-ok","$v":"确定"},{"$i":"save-ok","$v":"确定"},{"$i":"station-renamed","$v":"电台已重命名"},{"$i":"turning-on","$v":"正在打开..."},{"$i":"not-now","$v":"暂不保存"},{"$i":"scan","$v":"搜索"}]