[{"$i":"noAntenna","$v":"插入耳機"},{"$i":"noAntennaMsg","$v":"FM收音機需要插入式耳機才能接收無線電訊號。"},{"$i":"airplaneModeHeader","$v":"飛航模式已開啟"},{"$i":"airplaneModeMsg","$v":"關閉航空模式以使用FM收音機。"},{"$i":"noFavoritelistMsg","$v":"在此增加我的最愛的電台！"},{"$i":"scan-stations-msg","$v":"掃描所有可用的電台？"},{"$i":"speaker-switch","ariaLabel":"擴音器"},{"$i":"bookmark-button","ariaLabel":"我的最愛"},{"$i":"dialer-container","ariaLabel":"頻率"},{"$i":"frequency-op-seekdown","ariaLabel":"往下搜尋"},{"$i":"frequency-op-seekup","ariaLabel":"往上搜尋"},{"$i":"power-switch-on","ariaLabel":"開啟"},{"$i":"power-switch-off","ariaLabel":"關閉"},{"$i":"frequency-list-container","ariaLabel":"已加入我的最愛的電台"},{"$i":"kai-station-added","$v":"電台已加入我的最愛"},{"$i":"kai-station-removed","$v":"已從我的最愛移除電台"},{"$i":"kai-changes-saved","$v":"變更已儲存"},{"$i":"kai-fm-radio","$v":"FM收音機"},{"$i":"kai-edit-favorites","$v":"編輯我的最愛"},{"$i":"kai-all-stations","$v":"所有電台"},{"$i":"kai-stations-scanning","$v":"正在掃描"},{"$i":"kai-scanning-completed","$v":"掃描完成"},{"$i":"kai-scanning-failed","$v":"掃描失敗"},{"$i":"kai-scanning-abort","$v":"掃描中止"},{"$i":"options","$v":"選項"},{"$i":"stations-list-header","$v":"電台"},{"$i":"switchToHeadphones","$v":"切換到耳機"},{"$i":"switchToSpeaker","$v":"切換到擴音器"},{"$i":"play","$v":"播放"},{"$i":"pause","$v":"暫停"},{"$i":"rename","$v":"重新命名"},{"$i":"cancel","$v":"取消"},{"$i":"unfavorite","$v":"移除最愛"},{"$i":"add-to-favorites","$v":"增加至我的最愛"},{"$i":"edit-favorites","$v":"編輯我的最愛"},{"$i":"save","$v":"儲存"},{"$i":"select","$v":"選取"},{"$i":"settings","$v":"設定"},{"$i":"volume","$v":"音量"},{"$i":"abort","$v":"中止"},{"$i":"allstations","$v":"電台"},{"$i":"favorites","$v":"我的最愛"},{"$i":"scan-stations","$v":"掃描電台"},{"$i":"turn-on","$v":"開啟"},{"$i":"turn-off","$v":"關閉"},{"$i":"ok","$v":"確認"},{"$i":"default-ok","$v":"確認"},{"$i":"save-ok","$v":"確認"},{"$i":"station-renamed","$v":"電台已重新命名。"},{"$i":"turning-on","$v":"正在開啟..."},{"$i":"not-now","$v":"不是現在"},{"$i":"scan","$v":"掃描"}]