[{"$i":"weekday-0-long","$v":"রবিবার"},{"$i":"weekday-1-long","$v":"সোমবার"},{"$i":"weekday-2-long","$v":"মঙ্গলবার"},{"$i":"weekday-3-long","$v":"বুধবার"},{"$i":"weekday-4-long","$v":"বৃহস্পতিবার"},{"$i":"weekday-5-long","$v":"শুক্রবার"},{"$i":"weekday-6-long","$v":"শনিবার"},{"$i":"weekday-0-short","$v":"রবি"},{"$i":"weekday-1-short","$v":"সোম"},{"$i":"weekday-2-short","$v":"মঙ্গল"},{"$i":"weekday-3-short","$v":"বুধ"},{"$i":"weekday-4-short","$v":"বৃহ"},{"$i":"weekday-5-short","$v":"শুক্র"},{"$i":"weekday-6-short","$v":"শনি"},{"$i":"month-0-long","$v":"জানুয়ারী"},{"$i":"month-1-long","$v":"ফেব্রুয়ারী"},{"$i":"month-2-long","$v":"মার্চ"},{"$i":"month-3-long","$v":"এপ্রিল"},{"$i":"month-4-long","$v":"মে"},{"$i":"month-5-long","$v":"জুন"},{"$i":"month-6-long","$v":"জুলাই"},{"$i":"month-7-long","$v":"আগস্ট"},{"$i":"month-8-long","$v":"সেপ্টেম্বর"},{"$i":"month-9-long","$v":"অক্টোবর"},{"$i":"month-10-long","$v":"নভেম্বর"},{"$i":"month-11-long","$v":"ডিসেম্বর"},{"$i":"month-0-genitive","$v":"জানুয়ারী"},{"$i":"month-1-genitive","$v":"ফেব্রুয়ারী"},{"$i":"month-2-genitive","$v":"মার্চ"},{"$i":"month-3-genitive","$v":"এপ্রিল"},{"$i":"month-4-genitive","$v":"মে"},{"$i":"month-5-genitive","$v":"জুন"},{"$i":"month-6-genitive","$v":"জুলাই"},{"$i":"month-7-genitive","$v":"আগস্ট"},{"$i":"month-8-genitive","$v":"সেপ্টেম্বর"},{"$i":"month-9-genitive","$v":"অক্টোবর"},{"$i":"month-10-genitive","$v":"নভেম্বর"},{"$i":"month-11-genitive","$v":"ডিসেম্বর"},{"$i":"month-0-short","$v":"জানু"},{"$i":"month-1-short","$v":"ফেব্রু"},{"$i":"month-2-short","$v":"মার্চ"},{"$i":"month-3-short","$v":"এপ্রি"},{"$i":"month-4-short","$v":"মে"},{"$i":"month-5-short","$v":"জুন"},{"$i":"month-6-short","$v":"জুলা"},{"$i":"month-7-short","$v":"আগ"},{"$i":"month-8-short","$v":"সেপ্টে"},{"$i":"month-9-short","$v":"অক্টো"},{"$i":"month-10-short","$v":"নভে"},{"$i":"month-11-short","$v":"ডিসে"},{"$i":"minutes-ago-long","$v":{"few":[{"t":"idOrVar","v":"value"}," মিনিট আগে"],"many":[{"t":"idOrVar","v":"value"}," মিনিট আগে"],"one":"এক মিনিট আগে","other":[{"t":"idOrVar","v":"value"}," মিনিট আগে"],"two":[{"t":"idOrVar","v":"value"}," মিনিট আগে"],"zero":"এখনই"},"$x":[{"t":"idOrVar","v":"plural"},"value"]},{"$i":"hours-ago-long","$v":{"few":[{"t":"idOrVar","v":"value"}," ঘন্টা আগে"],"many":[{"t":"idOrVar","v":"value"}," ঘন্টা আগে"],"one":"এক ঘন্টা আগে","other":[{"t":"idOrVar","v":"value"}," ঘন্টা আগে"],"two":[{"t":"idOrVar","v":"value"}," ঘন্টা আগে"],"zero":"এখনই"},"$x":[{"t":"idOrVar","v":"plural"},"value"]},{"$i":"days-ago-long","$v":{"few":[{"t":"idOrVar","v":"value"}," দিন আগে"],"many":[{"t":"idOrVar","v":"value"}," দিন আগে"],"one":"গতকাল","other":[{"t":"idOrVar","v":"value"}," দিন আগে"],"two":[{"t":"idOrVar","v":"value"}," দিন আগে"],"zero":"আজ"},"$x":[{"t":"idOrVar","v":"plural"},"value"]},{"$i":"weeks-ago-long","$v":{"few":[{"t":"idOrVar","v":"value"}," সপ্তাহ আগে"],"many":[{"t":"idOrVar","v":"value"}," সপ্তাহ আগে"],"one":"গত সপ্তাহ","other":[{"t":"idOrVar","v":"value"}," সপ্তাহ আগে"],"two":[{"t":"idOrVar","v":"value"}," সপ্তাহ আগে"],"zero":"এই সপ্তাহ"},"$x":[{"t":"idOrVar","v":"plural"},"value"]},{"$i":"months-ago-long","$v":{"few":[{"t":"idOrVar","v":"value"}," মাস আগে"],"many":[{"t":"idOrVar","v":"value"}," মাস আগে"],"one":"গত মাস","other":[{"t":"idOrVar","v":"value"}," মাস আগে"],"two":[{"t":"idOrVar","v":"value"}," মাস আগে"],"zero":"এই মাস"},"$x":[{"t":"idOrVar","v":"plural"},"value"]},{"$i":"years-ago-long","$v":{"few":[{"t":"idOrVar","v":"value"}," বছর আগে"],"many":[{"t":"idOrVar","v":"value"}," বছর আগে"],"one":"গত বছর","other":[{"t":"idOrVar","v":"value"}," বছর আগে"],"two":[{"t":"idOrVar","v":"value"}," বছর আগে"],"zero":"এই বছর"},"$x":[{"t":"idOrVar","v":"plural"},"value"]},{"$i":"minutes-until-long","$v":{"few":["মিনিটে ",{"t":"idOrVar","v":"value"}],"many":["মিনিটে ",{"t":"idOrVar","v":"value"}],"one":"এক মিনিটে","other":["মিনিটে ",{"t":"idOrVar","v":"value"}],"two":["মিনিটে ",{"t":"idOrVar","v":"value"}],"zero":"এখনই"},"$x":[{"t":"idOrVar","v":"plural"},"value"]},{"$i":"hours-until-long","$v":{"few":["ঘন্টায় ",{"t":"idOrVar","v":"value"}],"many":["ঘন্টায় ",{"t":"idOrVar","v":"value"}],"one":"এক ঘন্টায়","other":["ঘন্টায় ",{"t":"idOrVar","v":"value"}],"two":["ঘন্টায় ",{"t":"idOrVar","v":"value"}],"zero":"এখনই"},"$x":[{"t":"idOrVar","v":"plural"},"value"]},{"$i":"days-until-long","$v":{"few":["দিনে ",{"t":"idOrVar","v":"value"}],"many":["দিনে ",{"t":"idOrVar","v":"value"}],"one":"আগামীকাল","other":["দিনে ",{"t":"idOrVar","v":"value"}],"two":["দিনে ",{"t":"idOrVar","v":"value"}],"zero":"আজ"},"$x":[{"t":"idOrVar","v":"plural"},"value"]},{"$i":"weeks-until-long","$v":{"few":["সপ্তাহে ",{"t":"idOrVar","v":"value"}],"many":["সপ্তাহে ",{"t":"idOrVar","v":"value"}],"one":"পরের সপ্তাহ","other":["সপ্তাহে ",{"t":"idOrVar","v":"value"}],"two":["সপ্তাহে ",{"t":"idOrVar","v":"value"}],"zero":"এই সপ্তাহ"},"$x":[{"t":"idOrVar","v":"plural"},"value"]},{"$i":"months-until-long","$v":{"few":["মাসে ",{"t":"idOrVar","v":"value"}],"many":["মাসে ",{"t":"idOrVar","v":"value"}],"one":"পরের মাস","other":["মাসে ",{"t":"idOrVar","v":"value"}],"two":["মাসে ",{"t":"idOrVar","v":"value"}],"zero":"এই মাস"},"$x":[{"t":"idOrVar","v":"plural"},"value"]},{"$i":"years-until-long","$v":{"few":["বছরে ",{"t":"idOrVar","v":"value"}],"many":["বছরে ",{"t":"idOrVar","v":"value"}],"one":"পরের বছর","other":["বছরে ",{"t":"idOrVar","v":"value"}],"two":["বছরে ",{"t":"idOrVar","v":"value"}],"zero":"এই বছর"},"$x":[{"t":"idOrVar","v":"plural"},"value"]},{"$i":"minutes-ago-short","$v":{"other":[{"t":"idOrVar","v":"value"},"মিঃ আগে"],"zero":"এখনই"},"$x":[{"t":"idOrVar","v":"plural"},"value"]},{"$i":"hours-ago-short","$v":{"other":[{"t":"idOrVar","v":"value"},"ঘঃ আগে"],"zero":"এখনই"},"$x":[{"t":"idOrVar","v":"plural"},"value"]},{"$i":"days-ago-short","$v":{"other":[{"t":"idOrVar","v":"value"},"দিন আগে"],"zero":"আজ"},"$x":[{"t":"idOrVar","v":"plural"},"value"]},{"$i":"minutes-until-short","$v":{"other":["m ",{"t":"idOrVar","v":"value"}],"zero":"এখনই"},"$x":[{"t":"idOrVar","v":"plural"},"value"]},{"$i":"hours-until-short","$v":{"other":["h ",{"t":"idOrVar","v":"value"}],"zero":"এখনই"},"$x":[{"t":"idOrVar","v":"plural"},"value"]},{"$i":"days-until-short","$v":{"other":["d ",{"t":"idOrVar","v":"value"}],"zero":"আজ"},"$x":[{"t":"idOrVar","v":"plural"},"value"]},{"$i":"incorrectDate","$v":"(ভুল তারিখ)"},{"$i":"dateTimeFormat_%c","$v":"%a %b %e %Y %I:%M:%S %p"},{"$i":"dateTimeFormat_%x","$v":"%m/%d/%Y"},{"$i":"dateTimeFormat_%X","$v":"%I:%M:%S %p"},{"$i":"shortTimeFormat","$v":"%I:%M %p"},{"$i":"shortTimeFormat12","$v":"%I:%M %p"},{"$i":"shortTimeFormat24","$v":"%H:%M"},{"$i":"shortDateTimeFormat","$v":"%x %I:%M %p"},{"$i":"weekStartsOnMonday","$v":"0.0"},{"$i":"firstDayOfTheWeek","$v":"0.0"},{"$i":"time_am","$v":"AM"},{"$i":"time_pm","$v":"PM"},{"$i":"stopped_download_title","$v":"ডাউনলোড থামানো হয়েছে"},{"$i":"kai-stopped_download_message","$v":"This download was stopped. Would you like to resume downloading?"},{"$i":"stopped_download_left_button","$v":"বাতিল করুন"},{"$i":"stopped_download_right_button","$v":"পুনরায় চেষ্টা করুন"},{"$i":"failed_download_title","$v":"ডাউনলোড ব্যর্থ হয়েছে"},{"$i":"failed_download_message","$v":[{"t":"idOrVar","v":"name"}," ডাউনলোড করা যায়নি। আবার ডাউনলোড করার চেষ্টা করবেন?"]},{"$i":"failed_download_left_button","$v":"বাতিল করুন"},{"$i":"failed_download_right_button","$v":"পুনরায় চেষ্টা করুন"},{"$i":"stop_download_title","$v":"ডাউনলোড থামান"},{"$i":"stop_download_message","$v":"আপনি কি ডাউনলোড থামানোর বিষয়ে নিশ্চিত?"},{"$i":"stop_download_left_button","$v":"বাতিল করুন"},{"$i":"stop_download_right_button","$v":"থামান"},{"$i":"delete_download_title","$v":"মুছুন"},{"$i":"delete_download_message","$v":[{"t":"idOrVar","v":"name"},"\" মুছবেন?"]},{"$i":"delete_download_left_button","$v":"বাতিল করুন"},{"$i":"delete_download_right_button","$v":"মুছুন"},{"$i":"delete_all_download_title","$v":"মুছুন"},{"$i":"delete_all_download_left_button","$v":"বাতিল করুন"},{"$i":"delete_all_download_right_button","$v":"মুছুন"},{"$i":"delete_all_download_message_ext","$v":"নির্বাচিত ফাইলগুলি মুছবেন?"},{"$i":"delete_all_download_message","$v":{"few":["টি ফাইল",{"t":"idOrVar","v":"number"}," মুছবেন?"],"many":["টি ফাইল",{"t":"idOrVar","v":"number"}," মুছবেন?"],"one":"একটি ফাইল মুছবেন?","other":["টি ফাইল",{"t":"idOrVar","v":"number"}," মুছবেন?"],"two":["টি ফাইল",{"t":"idOrVar","v":"number"}," মুছবেন?"],"zero":"কোনো ফাইল মুছবেন না?"},"$x":[{"t":"idOrVar","v":"plural"},"number"]},{"$i":"unsupported_file_type_download_title","$v":"খোলা যাবে না"},{"$i":"unsupported_file_type_download_message","$v":["এমন কোনো অ্যাপ নেই যা ",{"t":"idOrVar","v":"name"}," খুলতে পারে। আপনি কি ফাইলটি সঞ্চয় করতে চান বা এটি মুছতে চান?"]},{"$i":"unsupported_file_type_download_left_button","$v":"ফাইল রাখুন"},{"$i":"unsupported_file_type_download_right_button","$v":"মুছুন"},{"$i":"file_not_found_download_title","$v":"ফাইল খুঁজে পাওয়া যায়নি"},{"$i":"file_not_found_download_message","$v":"যন্ত্রে ফাইলটি খুঁজে পাওয়া যায়নি"},{"$i":"file_not_found_download_right_button","$v":"ঠিক আছে"},{"$i":"unmounted_sdcard_2_download_title","$v":"মেমরি কার্ড ব্যবহার করা হচ্ছে"},{"$i":"unmounted_sdcard_2_download_message","$v":"ফোনটি আনপ্লাগ করুন"},{"$i":"unmounted_sdcard_2_download_right_button","$v":"ঠিক আছে"},{"$i":"no_provider_download_title","$v":"খোলা যাবে না"},{"$i":"no_provider_download_message","$v":"ফাইলের ফর্ম্যাটটি হয় অবৈধ অথবা সমর্থিত নয়।"},{"$i":"no_provider_download_right_button","$v":"ঠিক আছে"},{"$i":"no_memory_download_title","$v":"SD কার্ড পূর্ণ হয়ে গেছে"},{"$i":"no_memory_download_message","$v":"আপনার SD কার্ডে ডাউনলোড সংরক্ষণের মত কোন স্থান নেই। অনুগ্রহ করে ডাউনলোড আবার শুরু করার আগে কিছু ফাইল সরান।"},{"$i":"no_memory_download_right_button","$v":"ঠিক আছে"},{"$i":"no_sdcard_found_2_download_title","$v":"কোন মেমরি কার্ড খুঁজে পাওয়া যায়নি"},{"$i":"no_sdcard_found_2_download_message","$v":"একটি মেমরি কার্ড ঢোকান বা সেটিংসে একটি বিকল্প পূর্বনির্ধারিত মিডিয়ার অবস্থান বাছুন"},{"$i":"no_sdcard_found_2_download_right_button","$v":"ঠিক আছে"},{"$i":"file_open_error_download_title","$v":"নিশ্চিতকরণ"},{"$i":"file_open_error_download_message","$v":"এই ফাইল ফর্ম্যাটটি বৈধ নয় বা সমর্থিত নয়। আপনি কি ফাইলটি মুছে দিতে চান?"},{"$i":"file_open_error_download_left_button","$v":"ফাইল রাখুন"},{"$i":"file_open_error_download_right_button","$v":"মুছুন"},{"$i":"restart_download_error","$v":"ডাউনলোড আবার শুরু করার সময় একটি ত্রুটি হয়েছে। অনুগ্রহ করে আবার ডাউনলোড করার চেষ্টা করুন।"},{"$i":"no-downloads","$v":"কোন ডাউনলোড নেই"},{"$i":"byteUnit-B","$v":"B"},{"$i":"byteUnit-KB","$v":"KB"},{"$i":"byteUnit-MB","$v":"MB"},{"$i":"byteUnit-GB","$v":"GB"},{"$i":"byteUnit-TB","$v":"TB"},{"$i":"fileSize","$v":[{"t":"idOrVar","v":"size"}," ",{"t":"idOrVar","v":"unit"}]},{"$i":"percentage","$v":[{"t":"idOrVar","v":"percentage"}," %"]},{"$i":"partialResult","$v":[{"t":"idOrVar","v":"partial"}," / ",{"t":"idOrVar","v":"total"}]},{"$i":"summary","$v":[{"t":"idOrVar","v":"date"}," - ",{"t":"idOrVar","v":"status"}]},{"$i":"download-stopped","$v":"Stopped"},{"$i":"download-failed","$v":"ডাউনলোড ব্যর্থ হয়েছে"},{"$i":"open_downloaded_file","$v":"খুলুন"},{"$i":"share_downloaded_file","$v":"ভাগ করুন"},{"$i":"wallpaper_downloaded_file","$v":"ওয়ালপেপার হিসেবে সেট করুন"},{"$i":"ringtone_downloaded_file","$v":"সংকেত সুর রূপে সেট"},{"$i":"cancel_downloaded_file","$v":"বাতিল করুন"},{"$i":"select-download","$v":"ডাউনলোড বেছে নিন"},{"$i":"kai-select-download","$v":"একটি ফাইল নির্বাচন করুন"},{"$i":"kai-ok","$v":"নির্বাচন করুন"},{"$i":"kai-cancel","$v":"বাতিল করুন"}]