[{"$i":"weekday-0-long","$v":"Nedjelja"},{"$i":"weekday-1-long","$v":"Ponedjeljak"},{"$i":"weekday-2-long","$v":"Utorak"},{"$i":"weekday-3-long","$v":"Srijeda"},{"$i":"weekday-4-long","$v":"Četvrtak"},{"$i":"weekday-5-long","$v":"Petak"},{"$i":"weekday-6-long","$v":"Subota"},{"$i":"weekday-0-short","$v":"Ned."},{"$i":"weekday-1-short","$v":"Pon."},{"$i":"weekday-2-short","$v":"Uto."},{"$i":"weekday-3-short","$v":"Sri."},{"$i":"weekday-4-short","$v":"Čet."},{"$i":"weekday-5-short","$v":"Pet."},{"$i":"weekday-6-short","$v":"Sub."},{"$i":"month-0-long","$v":"Januar"},{"$i":"month-1-long","$v":"Februar"},{"$i":"month-2-long","$v":"Mart"},{"$i":"month-3-long","$v":"April"},{"$i":"month-4-long","$v":"Maj"},{"$i":"month-5-long","$v":"Juni"},{"$i":"month-6-long","$v":"Juli"},{"$i":"month-7-long","$v":"Avgust"},{"$i":"month-8-long","$v":"Septembar"},{"$i":"month-9-long","$v":"Oktobar"},{"$i":"month-10-long","$v":"Novembar"},{"$i":"month-11-long","$v":"Decembar"},{"$i":"month-0-genitive","$v":"Januar"},{"$i":"month-1-genitive","$v":"Februar"},{"$i":"month-2-genitive","$v":"Mart"},{"$i":"month-3-genitive","$v":"April"},{"$i":"month-4-genitive","$v":"Maj"},{"$i":"month-5-genitive","$v":"Juni"},{"$i":"month-6-genitive","$v":"Juli"},{"$i":"month-7-genitive","$v":"Avgust"},{"$i":"month-8-genitive","$v":"Septembar"},{"$i":"month-9-genitive","$v":"Oktobar"},{"$i":"month-10-genitive","$v":"Novembar"},{"$i":"month-11-genitive","$v":"Decembar"},{"$i":"month-0-short","$v":"Jan."},{"$i":"month-1-short","$v":"Feb."},{"$i":"month-2-short","$v":"Mart"},{"$i":"month-3-short","$v":"Apr."},{"$i":"month-4-short","$v":"Maj"},{"$i":"month-5-short","$v":"Juni"},{"$i":"month-6-short","$v":"Juli"},{"$i":"month-7-short","$v":"Avg."},{"$i":"month-8-short","$v":"Sep."},{"$i":"month-9-short","$v":"Okt."},{"$i":"month-10-short","$v":"Nov."},{"$i":"month-11-short","$v":"Dec."},{"$i":"minutes-ago-long","$v":{"few":["Prije ",{"t":"idOrVar","v":"value"}," minute/a"],"many":["Prije ",{"t":"idOrVar","v":"value"}," minute/a"],"one":"prije jedan minut","other":["Prije ",{"t":"idOrVar","v":"value"}," minute/a"],"two":["Prije ",{"t":"idOrVar","v":"value"}," minute/a"],"zero":"sada"},"$x":[{"t":"idOrVar","v":"plural"},"value"]},{"$i":"hours-ago-long","$v":{"few":["Prije ",{"t":"idOrVar","v":"value"}," sata/i"],"many":["Prije ",{"t":"idOrVar","v":"value"}," sata/i"],"one":"prije sat vremena","other":["Prije ",{"t":"idOrVar","v":"value"}," sata/i"],"two":["Prije ",{"t":"idOrVar","v":"value"}," sata/i"],"zero":"sada"},"$x":[{"t":"idOrVar","v":"plural"},"value"]},{"$i":"days-ago-long","$v":{"few":["prije ",{"t":"idOrVar","v":"value"}," dana"],"many":["prije ",{"t":"idOrVar","v":"value"}," dana"],"one":"jučer","other":["prije ",{"t":"idOrVar","v":"value"}," dana"],"two":["prije ",{"t":"idOrVar","v":"value"}," dana"],"zero":"danas"},"$x":[{"t":"idOrVar","v":"plural"},"value"]},{"$i":"weeks-ago-long","$v":{"few":["Prije ",{"t":"idOrVar","v":"value"}," sedmice/a"],"many":["Prije ",{"t":"idOrVar","v":"value"}," sedmice/a"],"one":"prošle sedmice","other":["Prije ",{"t":"idOrVar","v":"value"}," sedmice/a"],"two":["Prije ",{"t":"idOrVar","v":"value"}," sedmice/a"],"zero":"ova sedmica"},"$x":[{"t":"idOrVar","v":"plural"},"value"]},{"$i":"months-ago-long","$v":{"few":["Prije ",{"t":"idOrVar","v":"value"}," mjeseca/i"],"many":["Prije ",{"t":"idOrVar","v":"value"}," mjeseca/i"],"one":"prošli mjesec","other":["Prije ",{"t":"idOrVar","v":"value"}," mjeseca/i"],"two":["Prije ",{"t":"idOrVar","v":"value"}," mjeseca/i"],"zero":"ovaj mjesec"},"$x":[{"t":"idOrVar","v":"plural"},"value"]},{"$i":"years-ago-long","$v":{"few":["Prije ",{"t":"idOrVar","v":"value"}," godine/a"],"many":["Prije ",{"t":"idOrVar","v":"value"}," godine/a"],"one":"prošle godine","other":["Prije ",{"t":"idOrVar","v":"value"}," godine/a"],"two":["Prije ",{"t":"idOrVar","v":"value"}," godine/a"],"zero":"ova godina"},"$x":[{"t":"idOrVar","v":"plural"},"value"]},{"$i":"minutes-until-long","$v":{"few":["za ",{"t":"idOrVar","v":"value"}," minuta"],"many":["za ",{"t":"idOrVar","v":"value"}," minuta"],"one":"za minut","other":["za ",{"t":"idOrVar","v":"value"}," minuta"],"two":["za ",{"t":"idOrVar","v":"value"}," minuta"],"zero":"sada"},"$x":[{"t":"idOrVar","v":"plural"},"value"]},{"$i":"hours-until-long","$v":{"few":["za ",{"t":"idOrVar","v":"value"}," sati"],"many":["za ",{"t":"idOrVar","v":"value"}," sati"],"one":"za sat","other":["za ",{"t":"idOrVar","v":"value"}," sati"],"two":["za ",{"t":"idOrVar","v":"value"}," sati"],"zero":"sada"},"$x":[{"t":"idOrVar","v":"plural"},"value"]},{"$i":"days-until-long","$v":{"few":["za ",{"t":"idOrVar","v":"value"}," dana"],"many":["za ",{"t":"idOrVar","v":"value"}," dana"],"one":"sutra","other":["za ",{"t":"idOrVar","v":"value"}," dana"],"two":["za ",{"t":"idOrVar","v":"value"}," dana"],"zero":"danas"},"$x":[{"t":"idOrVar","v":"plural"},"value"]},{"$i":"weeks-until-long","$v":{"few":["za ",{"t":"idOrVar","v":"value"}," sedmica"],"many":["za ",{"t":"idOrVar","v":"value"}," sedmica"],"one":"sljedeća sedmica","other":["za ",{"t":"idOrVar","v":"value"}," sedmica"],"two":["za ",{"t":"idOrVar","v":"value"}," sedmica"],"zero":"ova sedmica"},"$x":[{"t":"idOrVar","v":"plural"},"value"]},{"$i":"months-until-long","$v":{"few":["za ",{"t":"idOrVar","v":"value"}," mjeseci"],"many":["za ",{"t":"idOrVar","v":"value"}," mjeseci"],"one":"sljedeći mjesec","other":["za ",{"t":"idOrVar","v":"value"}," mjeseci"],"two":["za ",{"t":"idOrVar","v":"value"}," mjeseci"],"zero":"ovaj mjesec"},"$x":[{"t":"idOrVar","v":"plural"},"value"]},{"$i":"years-until-long","$v":{"few":["za ",{"t":"idOrVar","v":"value"}," godina"],"many":["za ",{"t":"idOrVar","v":"value"}," godina"],"one":"sljedeća godina","other":["za ",{"t":"idOrVar","v":"value"}," godina"],"two":["za ",{"t":"idOrVar","v":"value"}," godina"],"zero":"ova godina"},"$x":[{"t":"idOrVar","v":"plural"},"value"]},{"$i":"minutes-ago-short","$v":{"other":["Prije ",{"t":"idOrVar","v":"value"},"m"],"zero":"sada"},"$x":[{"t":"idOrVar","v":"plural"},"value"]},{"$i":"hours-ago-short","$v":{"other":["Prije ",{"t":"idOrVar","v":"value"},"h"],"zero":"sada"},"$x":[{"t":"idOrVar","v":"plural"},"value"]},{"$i":"days-ago-short","$v":{"other":["Prije ",{"t":"idOrVar","v":"value"},"d"],"zero":"danas"},"$x":[{"t":"idOrVar","v":"plural"},"value"]},{"$i":"minutes-until-short","$v":{"other":["za ",{"t":"idOrVar","v":"value"},"m"],"zero":"sada"},"$x":[{"t":"idOrVar","v":"plural"},"value"]},{"$i":"hours-until-short","$v":{"other":["za ",{"t":"idOrVar","v":"value"},"s"],"zero":"sada"},"$x":[{"t":"idOrVar","v":"plural"},"value"]},{"$i":"days-until-short","$v":{"other":["za ",{"t":"idOrVar","v":"value"},"d"],"zero":"danas"},"$x":[{"t":"idOrVar","v":"plural"},"value"]},{"$i":"incorrectDate","$v":"(netačan datum)"},{"$i":"dateTimeFormat_%c","$v":"%a %b %e %Y %I:%M:%S %p"},{"$i":"dateTimeFormat_%x","$v":"%m/%d/%Y"},{"$i":"dateTimeFormat_%X","$v":"%I:%M:%S %p"},{"$i":"shortTimeFormat","$v":"%I:%M %p"},{"$i":"shortTimeFormat12","$v":"%I:%M %p"},{"$i":"shortTimeFormat24","$v":"%H:%M"},{"$i":"shortDateTimeFormat","$v":"%x %I:%M %p"},{"$i":"weekStartsOnMonday","$v":"0.0"},{"$i":"firstDayOfTheWeek","$v":"1.0"},{"$i":"time_am","$v":"AM"},{"$i":"time_pm","$v":"PM"},{"$i":"stopped_download_title","$v":"Preuzimanje je zaustavljeno"},{"$i":"kai-stopped_download_message","$v":"This download was stopped. Would you like to resume downloading?"},{"$i":"stopped_download_left_button","$v":"Otkaži"},{"$i":"stopped_download_right_button","$v":"Pokušaj ponovo"},{"$i":"failed_download_title","$v":"Preuzimanje neuspješno"},{"$i":"failed_download_message","$v":[{"t":"idOrVar","v":"name"}," nije uspelo da se preuzme. Pokušajte ponovo da preuzmete?"]},{"$i":"failed_download_left_button","$v":"Otkaži"},{"$i":"failed_download_right_button","$v":"Pokušaj ponovo"},{"$i":"stop_download_title","$v":"Zaustavi preuzimanje"},{"$i":"stop_download_message","$v":"Jeste li sigurni da želite zaustaviti preuzimanje?"},{"$i":"stop_download_left_button","$v":"Otkaži"},{"$i":"stop_download_right_button","$v":"Zaustavi"},{"$i":"delete_download_title","$v":"Izbriši"},{"$i":"delete_download_message","$v":["Izbrisati \"",{"t":"idOrVar","v":"name"},"\"?"]},{"$i":"delete_download_left_button","$v":"Otkaži"},{"$i":"delete_download_right_button","$v":"Izbriši"},{"$i":"delete_all_download_title","$v":"Izbriši"},{"$i":"delete_all_download_left_button","$v":"Otkaži"},{"$i":"delete_all_download_right_button","$v":"Izbriši"},{"$i":"delete_all_download_message_ext","$v":"Izbrisati odabrane datoteke?"},{"$i":"delete_all_download_message","$v":{"few":["Izbriši ",{"t":"idOrVar","v":"number"}," datoteke?"],"many":["Izbriši ",{"t":"idOrVar","v":"number"}," datoteke?"],"one":"Izbriši jednu datoteku?","other":["Izbriši ",{"t":"idOrVar","v":"number"}," datoteke?"],"two":["Izbriši ",{"t":"idOrVar","v":"number"}," datoteke?"],"zero":"Izbriši datoteke?"},"$x":[{"t":"idOrVar","v":"plural"},"number"]},{"$i":"unsupported_file_type_download_title","$v":"Otvaranje nije uspjelo"},{"$i":"unsupported_file_type_download_message","$v":["Nema aplikacije koja može otvoriti datoteku ",{"t":"idOrVar","v":"name"},". Želite li sačuvati datoteku ili je izbrisati?"]},{"$i":"unsupported_file_type_download_left_button","$v":"Zadrži datoteku"},{"$i":"unsupported_file_type_download_right_button","$v":"Izbriši"},{"$i":"file_not_found_download_title","$v":"Datoteka nije pronađena"},{"$i":"file_not_found_download_message","$v":"Datoteka nije pronađena na uređaju"},{"$i":"file_not_found_download_right_button","$v":"OK"},{"$i":"unmounted_sdcard_2_download_title","$v":"Memorijska kartica u upotrebi"},{"$i":"unmounted_sdcard_2_download_message","$v":"Iskopčaj telefon"},{"$i":"unmounted_sdcard_2_download_right_button","$v":"OK"},{"$i":"no_provider_download_title","$v":"Otvaranje nije moguće"},{"$i":"no_provider_download_message","$v":"Ova vrsta datoteke je nevažeća ili nije podržana."},{"$i":"no_provider_download_right_button","$v":"OK"},{"$i":"no_memory_download_title","$v":"SD kartica je puna"},{"$i":"no_memory_download_message","$v":"Nema više prostora na vašoj SD kartici za čuvanje preuzimanja. Uklonite neke datoteke prije ponovnog pokretanja preuzimanja."},{"$i":"no_memory_download_right_button","$v":"OK"},{"$i":"no_sdcard_found_2_download_title","$v":"Nije pronađena memorijska kartica"},{"$i":"no_sdcard_found_2_download_message","$v":"Umetnite memorijsku karticu ili odaberite alternativnu podrazumijevanu lokaciju medija u podešavanjima"},{"$i":"no_sdcard_found_2_download_right_button","$v":"OK"},{"$i":"file_open_error_download_title","$v":"Potvrda"},{"$i":"file_open_error_download_message","$v":"Format datoteke nije važeći ili nije podržan. Želite li obrisati datoteku?"},{"$i":"file_open_error_download_left_button","$v":"Zadrži datoteku"},{"$i":"file_open_error_download_right_button","$v":"Izbriši"},{"$i":"restart_download_error","$v":"Došlo je do greške prilikom ponovnog pokretanja preuzimanja. Pokušaj kasnije."},{"$i":"no-downloads","$v":"Nema preuzimanja"},{"$i":"byteUnit-B","$v":"B"},{"$i":"byteUnit-KB","$v":"KB"},{"$i":"byteUnit-MB","$v":"MB"},{"$i":"byteUnit-GB","$v":"VB"},{"$i":"byteUnit-TB","$v":"TB"},{"$i":"fileSize","$v":[{"t":"idOrVar","v":"size"}," ",{"t":"idOrVar","v":"unit"}]},{"$i":"percentage","$v":[{"t":"idOrVar","v":"percentage"},"%"]},{"$i":"partialResult","$v":[{"t":"idOrVar","v":"partial"}," / ",{"t":"idOrVar","v":"total"}]},{"$i":"summary","$v":[{"t":"idOrVar","v":"date"}," - ",{"t":"idOrVar","v":"status"}]},{"$i":"download-stopped","$v":"Zaustavljeno"},{"$i":"download-failed","$v":"Preuzimanje neuspješno"},{"$i":"open_downloaded_file","$v":"Otvori"},{"$i":"share_downloaded_file","$v":"Podijeli"},{"$i":"wallpaper_downloaded_file","$v":"Postavi kao sl. pozadine"},{"$i":"ringtone_downloaded_file","$v":"Postavi kao zvuk zvona"},{"$i":"cancel_downloaded_file","$v":"Otkaži"},{"$i":"select-download","$v":"Odaberi preuzimanje"},{"$i":"kai-select-download","$v":"Odaberite datoteku"},{"$i":"kai-ok","$v":"Odaberi"},{"$i":"kai-cancel","$v":"Otkaži"}]