[{"$i":"weekday-0-long","$v":"Domingo"},{"$i":"weekday-1-long","$v":"Lunes"},{"$i":"weekday-2-long","$v":"Martes"},{"$i":"weekday-3-long","$v":"Miércoles"},{"$i":"weekday-4-long","$v":"Jueves"},{"$i":"weekday-5-long","$v":"Viernes"},{"$i":"weekday-6-long","$v":"Sábado"},{"$i":"weekday-0-short","$v":"dom."},{"$i":"weekday-1-short","$v":"lun."},{"$i":"weekday-2-short","$v":"mar."},{"$i":"weekday-3-short","$v":"mié."},{"$i":"weekday-4-short","$v":"jue."},{"$i":"weekday-5-short","$v":"vie."},{"$i":"weekday-6-short","$v":"sáb."},{"$i":"month-0-long","$v":"Enero"},{"$i":"month-1-long","$v":"Febrero"},{"$i":"month-2-long","$v":"Marzo"},{"$i":"month-3-long","$v":"Abril"},{"$i":"month-4-long","$v":"Mayo"},{"$i":"month-5-long","$v":"Junio"},{"$i":"month-6-long","$v":"Julio"},{"$i":"month-7-long","$v":"Agosto"},{"$i":"month-8-long","$v":"Septiembre"},{"$i":"month-9-long","$v":"Octubre"},{"$i":"month-10-long","$v":"Noviembre"},{"$i":"month-11-long","$v":"Diciembre"},{"$i":"month-0-genitive","$v":"Enero"},{"$i":"month-1-genitive","$v":"Febrero"},{"$i":"month-2-genitive","$v":"Marzo"},{"$i":"month-3-genitive","$v":"Abril"},{"$i":"month-4-genitive","$v":"Mayo"},{"$i":"month-5-genitive","$v":"Junio"},{"$i":"month-6-genitive","$v":"Julio"},{"$i":"month-7-genitive","$v":"Agosto"},{"$i":"month-8-genitive","$v":"Septiembre"},{"$i":"month-9-genitive","$v":"Octubre"},{"$i":"month-10-genitive","$v":"Noviembre"},{"$i":"month-11-genitive","$v":"Diciembre"},{"$i":"month-0-short","$v":"Ene"},{"$i":"month-1-short","$v":"Feb"},{"$i":"month-2-short","$v":"Mar"},{"$i":"month-3-short","$v":"Abr"},{"$i":"month-4-short","$v":"May"},{"$i":"month-5-short","$v":"Jun"},{"$i":"month-6-short","$v":"Jul"},{"$i":"month-7-short","$v":"Ago"},{"$i":"month-8-short","$v":"Sep"},{"$i":"month-9-short","$v":"Oct"},{"$i":"month-10-short","$v":"Nov"},{"$i":"month-11-short","$v":"Dec"},{"$i":"minutes-ago-long","$v":{"few":["hace ",{"t":"idOrVar","v":"value"}," minutos"],"many":["hace ",{"t":"idOrVar","v":"value"}," minutos"],"one":"hace un minuto","other":["hace ",{"t":"idOrVar","v":"value"}," minutos"],"two":["hace ",{"t":"idOrVar","v":"value"}," minutos"],"zero":"recién"},"$x":[{"t":"idOrVar","v":"plural"},"value"]},{"$i":"hours-ago-long","$v":{"few":["hace ",{"t":"idOrVar","v":"value"}," horas"],"many":["hace ",{"t":"idOrVar","v":"value"}," horas"],"one":"hace una hora","other":["hace ",{"t":"idOrVar","v":"value"}," horas"],"two":["hace ",{"t":"idOrVar","v":"value"}," horas"],"zero":"recién"},"$x":[{"t":"idOrVar","v":"plural"},"value"]},{"$i":"days-ago-long","$v":{"few":["hace ",{"t":"idOrVar","v":"value"}," días"],"many":["hace ",{"t":"idOrVar","v":"value"}," días"],"one":"ayer","other":["hace ",{"t":"idOrVar","v":"value"}," días"],"two":["hace ",{"t":"idOrVar","v":"value"}," días"],"zero":"hoy"},"$x":[{"t":"idOrVar","v":"plural"},"value"]},{"$i":"weeks-ago-long","$v":{"few":["hace ",{"t":"idOrVar","v":"value"}," semanas"],"many":["hace ",{"t":"idOrVar","v":"value"}," semanas"],"one":"la semana pasada","other":["hace ",{"t":"idOrVar","v":"value"}," semanas"],"two":["hace ",{"t":"idOrVar","v":"value"}," semanas"],"zero":"esta semana"},"$x":[{"t":"idOrVar","v":"plural"},"value"]},{"$i":"months-ago-long","$v":{"few":["hace ",{"t":"idOrVar","v":"value"}," meses"],"many":["hace ",{"t":"idOrVar","v":"value"}," meses"],"one":"el último mes","other":["hace ",{"t":"idOrVar","v":"value"}," meses"],"two":["hace ",{"t":"idOrVar","v":"value"}," meses"],"zero":"este mes"},"$x":[{"t":"idOrVar","v":"plural"},"value"]},{"$i":"years-ago-long","$v":{"few":["hace ",{"t":"idOrVar","v":"value"}," años"],"many":["hace ",{"t":"idOrVar","v":"value"}," años"],"one":"el año pasado","other":["hace ",{"t":"idOrVar","v":"value"}," años"],"two":["hace ",{"t":"idOrVar","v":"value"}," años"],"zero":"este año"},"$x":[{"t":"idOrVar","v":"plural"},"value"]},{"$i":"minutes-until-long","$v":{"few":["en ",{"t":"idOrVar","v":"value"}," minutos"],"many":["en ",{"t":"idOrVar","v":"value"}," minutos"],"one":"en un minuto","other":["en ",{"t":"idOrVar","v":"value"}," minutos"],"two":["en ",{"t":"idOrVar","v":"value"}," minutos"],"zero":"ahora"},"$x":[{"t":"idOrVar","v":"plural"},"value"]},{"$i":"hours-until-long","$v":{"few":["en ",{"t":"idOrVar","v":"value"}," horas"],"many":["en ",{"t":"idOrVar","v":"value"}," horas"],"one":"en una hora","other":["en ",{"t":"idOrVar","v":"value"}," horas"],"two":["en ",{"t":"idOrVar","v":"value"}," horas"],"zero":"ahora"},"$x":[{"t":"idOrVar","v":"plural"},"value"]},{"$i":"days-until-long","$v":{"few":["en ",{"t":"idOrVar","v":"value"}," días"],"many":["en ",{"t":"idOrVar","v":"value"}," días"],"one":"mañana","other":["en ",{"t":"idOrVar","v":"value"}," días"],"two":["en ",{"t":"idOrVar","v":"value"}," días"],"zero":"hoy"},"$x":[{"t":"idOrVar","v":"plural"},"value"]},{"$i":"weeks-until-long","$v":{"few":["en ",{"t":"idOrVar","v":"value"}," semanas"],"many":["en ",{"t":"idOrVar","v":"value"}," semanas"],"one":"la semana que viene","other":["en ",{"t":"idOrVar","v":"value"}," semanas"],"two":["en ",{"t":"idOrVar","v":"value"}," semanas"],"zero":"esta semana"},"$x":[{"t":"idOrVar","v":"plural"},"value"]},{"$i":"months-until-long","$v":{"few":["en ",{"t":"idOrVar","v":"value"}," meses"],"many":["en ",{"t":"idOrVar","v":"value"}," meses"],"one":"el próximo mes","other":["en ",{"t":"idOrVar","v":"value"}," meses"],"two":["en ",{"t":"idOrVar","v":"value"}," meses"],"zero":"este mes"},"$x":[{"t":"idOrVar","v":"plural"},"value"]},{"$i":"years-until-long","$v":{"few":["en ",{"t":"idOrVar","v":"value"}," años"],"many":["en ",{"t":"idOrVar","v":"value"}," años"],"one":"el próximo año","other":["en ",{"t":"idOrVar","v":"value"}," años"],"two":["en ",{"t":"idOrVar","v":"value"}," años"],"zero":"este año"},"$x":[{"t":"idOrVar","v":"plural"},"value"]},{"$i":"minutes-ago-short","$v":{"other":["hace ",{"t":"idOrVar","v":"value"},"m"],"zero":"recién"},"$x":[{"t":"idOrVar","v":"plural"},"value"]},{"$i":"hours-ago-short","$v":{"other":["hace ",{"t":"idOrVar","v":"value"},"h"],"zero":"recién"},"$x":[{"t":"idOrVar","v":"plural"},"value"]},{"$i":"days-ago-short","$v":{"other":["hace ",{"t":"idOrVar","v":"value"},"d"],"zero":"hoy"},"$x":[{"t":"idOrVar","v":"plural"},"value"]},{"$i":"minutes-until-short","$v":{"other":["en ",{"t":"idOrVar","v":"value"},"m"],"zero":"ahora"},"$x":[{"t":"idOrVar","v":"plural"},"value"]},{"$i":"hours-until-short","$v":{"other":["en ",{"t":"idOrVar","v":"value"},"h"],"zero":"ahora"},"$x":[{"t":"idOrVar","v":"plural"},"value"]},{"$i":"days-until-short","$v":{"other":["en ",{"t":"idOrVar","v":"value"},"d"],"zero":"hoy"},"$x":[{"t":"idOrVar","v":"plural"},"value"]},{"$i":"incorrectDate","$v":"(fecha incorrecta)"},{"$i":"dateTimeFormat_%c","$v":"%a %b %e %Y %I:%M:%S %p"},{"$i":"dateTimeFormat_%x","$v":"%d/%m/%Y"},{"$i":"dateTimeFormat_%X","$v":"%I:%M:%S %p"},{"$i":"shortTimeFormat","$v":"%I:%M %p"},{"$i":"shortTimeFormat12","$v":"%I:%M %p"},{"$i":"shortTimeFormat24","$v":"%H:%M"},{"$i":"shortDateTimeFormat","$v":"%x %I:%M %p"},{"$i":"weekStartsOnMonday","$v":"0.0"},{"$i":"firstDayOfTheWeek","$v":"0.0"},{"$i":"time_am","$v":"AM"},{"$i":"time_pm","$v":"PM"},{"$i":"stopped_download_title","$v":"Descarga detenida"},{"$i":"kai-stopped_download_message","$v":"This download was stopped. Would you like to resume downloading?"},{"$i":"stopped_download_left_button","$v":"Cancelar"},{"$i":"stopped_download_right_button","$v":"Intentarlo de nuevo"},{"$i":"failed_download_title","$v":"Falló la descarga"},{"$i":"failed_download_message","$v":[{"t":"idOrVar","v":"name"}," no se descargó. ¿Intente descargarlo de nuevo?"]},{"$i":"failed_download_left_button","$v":"Cancelar"},{"$i":"failed_download_right_button","$v":"Intentarlo de nuevo"},{"$i":"stop_download_title","$v":"Detener descarga"},{"$i":"stop_download_message","$v":"¿Está seguro que desea detener la descarga?"},{"$i":"stop_download_left_button","$v":"No"},{"$i":"stop_download_right_button","$v":"Sí"},{"$i":"delete_download_title","$v":"Eliminar"},{"$i":"delete_download_message","$v":["¿Desea eliminar \"",{"t":"idOrVar","v":"name"},"\"?"]},{"$i":"delete_download_left_button","$v":"Cancelar"},{"$i":"delete_download_right_button","$v":"Eliminar"},{"$i":"delete_all_download_title","$v":"Eliminar"},{"$i":"delete_all_download_left_button","$v":"Cancelar"},{"$i":"delete_all_download_right_button","$v":"Eliminar"},{"$i":"delete_all_download_message_ext","$v":"¿Desea eliminar los archivos seleccionados?"},{"$i":"delete_all_download_message","$v":{"few":["¿Eliminar ",{"t":"idOrVar","v":"number"}," archivos?"],"many":["¿Eliminar ",{"t":"idOrVar","v":"number"}," archivos?"],"one":"¿Eliminar un archivo?","other":["¿Eliminar ",{"t":"idOrVar","v":"number"}," archivos?"],"two":["¿Eliminar ",{"t":"idOrVar","v":"number"}," archivos?"],"zero":"¿No eliminar archivos?"},"$x":[{"t":"idOrVar","v":"plural"},"number"]},{"$i":"unsupported_file_type_download_title","$v":"No se puede abrir"},{"$i":"unsupported_file_type_download_message","$v":["No existe una aplicación que pueda abrir ",{"t":"idOrVar","v":"name"},". ¿Le gustaría guardar el archivo o eliminarlo?"]},{"$i":"unsupported_file_type_download_left_button","$v":"Mantener el archivo"},{"$i":"unsupported_file_type_download_right_button","$v":"Eliminar"},{"$i":"file_not_found_download_title","$v":"No se encontró el archivo"},{"$i":"file_not_found_download_message","$v":"No se encontró el archivo en el dispositivo"},{"$i":"file_not_found_download_right_button","$v":"OK"},{"$i":"unmounted_sdcard_2_download_title","$v":"Tarjeta de memoria en uso"},{"$i":"unmounted_sdcard_2_download_message","$v":"Desenchufar el teléfono"},{"$i":"unmounted_sdcard_2_download_right_button","$v":"OK"},{"$i":"no_provider_download_title","$v":"No se puede abrir"},{"$i":"no_provider_download_message","$v":"Este formato de archivo es inválido o no es compatible."},{"$i":"no_provider_download_right_button","$v":"OK"},{"$i":"no_memory_download_title","$v":"La tarjeta SD está llena"},{"$i":"no_memory_download_message","$v":"No hay más espacio en su tarjeta SD para guardar su descarga. Remueva algunos archivos antes de recomenzar la descarga."},{"$i":"no_memory_download_right_button","$v":"OK"},{"$i":"no_sdcard_found_2_download_title","$v":"No se encontró la tarjeta de memoria"},{"$i":"no_sdcard_found_2_download_message","$v":"Inserte una tarjeta de memoria o seleccione una ubicación de medios predeterminada alternativa en ajustes"},{"$i":"no_sdcard_found_2_download_right_button","$v":"OK"},{"$i":"file_open_error_download_title","$v":"Confirmación"},{"$i":"file_open_error_download_message","$v":["Existe un problema abriendo ",{"t":"idOrVar","v":"name"},". ¿Le gustaría guardar el archivo o eliminarlo?"]},{"$i":"file_open_error_download_left_button","$v":"Mantener el archivo"},{"$i":"file_open_error_download_right_button","$v":"Eliminar"},{"$i":"restart_download_error","$v":"Existió un error mientras se recomenzaba la descarga. Intente descargar de nuevo."},{"$i":"no-downloads","$v":"Sin descargas"},{"$i":"byteUnit-B","$v":"B"},{"$i":"byteUnit-KB","$v":"KB"},{"$i":"byteUnit-MB","$v":"MB"},{"$i":"byteUnit-GB","$v":"GB"},{"$i":"byteUnit-TB","$v":"TB"},{"$i":"fileSize","$v":[{"t":"idOrVar","v":"size"}," ",{"t":"idOrVar","v":"unit"}]},{"$i":"percentage","$v":[{"t":"idOrVar","v":"percentage"}," %"]},{"$i":"partialResult","$v":[{"t":"idOrVar","v":"partial"}," / ",{"t":"idOrVar","v":"total"}]},{"$i":"summary","$v":[{"t":"idOrVar","v":"date"}," - ",{"t":"idOrVar","v":"status"}]},{"$i":"download-stopped","$v":"Detenido"},{"$i":"download-failed","$v":"Falló la descarga"},{"$i":"open_downloaded_file","$v":"Abrir"},{"$i":"share_downloaded_file","$v":"Compartir"},{"$i":"wallpaper_downloaded_file","$v":"Establecer como papel tapiz"},{"$i":"ringtone_downloaded_file","$v":"Establecer como tono de llamada"},{"$i":"cancel_downloaded_file","$v":"Cancelar"},{"$i":"select-download","$v":"Seleccionar descarga"},{"$i":"kai-select-download","$v":"Seleccione un archivo"},{"$i":"kai-ok","$v":"Selec."},{"$i":"kai-cancel","$v":"Cancelar"}]