[{"$i":"weekday-0-long","$v":"Sunnuntai"},{"$i":"weekday-1-long","$v":"Maanantai"},{"$i":"weekday-2-long","$v":"Tiistai"},{"$i":"weekday-3-long","$v":"Keskiviikko"},{"$i":"weekday-4-long","$v":"Torstai"},{"$i":"weekday-5-long","$v":"Perjantai"},{"$i":"weekday-6-long","$v":"Lauantai"},{"$i":"weekday-0-short","$v":"Su"},{"$i":"weekday-1-short","$v":"Ma"},{"$i":"weekday-2-short","$v":"Ti"},{"$i":"weekday-3-short","$v":"Ke"},{"$i":"weekday-4-short","$v":"To"},{"$i":"weekday-5-short","$v":"Pe"},{"$i":"weekday-6-short","$v":"La"},{"$i":"month-0-long","$v":"Tammikuu"},{"$i":"month-1-long","$v":"Helmikuu"},{"$i":"month-2-long","$v":"Maaliskuu"},{"$i":"month-3-long","$v":"Huhtikuu"},{"$i":"month-4-long","$v":"Toukokuu"},{"$i":"month-5-long","$v":"Kesäkuu"},{"$i":"month-6-long","$v":"Heinäkuu"},{"$i":"month-7-long","$v":"Elokuu"},{"$i":"month-8-long","$v":"Syyskuu"},{"$i":"month-9-long","$v":"Lokakuu"},{"$i":"month-10-long","$v":"Marraskuu"},{"$i":"month-11-long","$v":"Joulukuu"},{"$i":"month-0-genitive","$v":"Tammikuu"},{"$i":"month-1-genitive","$v":"Helmikuu"},{"$i":"month-2-genitive","$v":"Maaliskuu"},{"$i":"month-3-genitive","$v":"Huhtikuu"},{"$i":"month-4-genitive","$v":"Toukokuu"},{"$i":"month-5-genitive","$v":"Kesäkuu"},{"$i":"month-6-genitive","$v":"Heinäkuu"},{"$i":"month-7-genitive","$v":"Elokuu"},{"$i":"month-8-genitive","$v":"Syyskuu"},{"$i":"month-9-genitive","$v":"Lokakuu"},{"$i":"month-10-genitive","$v":"Marraskuu"},{"$i":"month-11-genitive","$v":"Joulukuu"},{"$i":"month-0-short","$v":"tam"},{"$i":"month-1-short","$v":"hel"},{"$i":"month-2-short","$v":"maa"},{"$i":"month-3-short","$v":"huh"},{"$i":"month-4-short","$v":"tou"},{"$i":"month-5-short","$v":"kes"},{"$i":"month-6-short","$v":"hei"},{"$i":"month-7-short","$v":"elo"},{"$i":"month-8-short","$v":"syy"},{"$i":"month-9-short","$v":"lok"},{"$i":"month-10-short","$v":"mar"},{"$i":"month-11-short","$v":"jou"},{"$i":"minutes-ago-long","$v":{"few":[{"t":"idOrVar","v":"value"}," minuuttia sitten"],"many":[{"t":"idOrVar","v":"value"}," minuuttia sitten"],"one":"minuutti sitten","other":[{"t":"idOrVar","v":"value"}," minuuttia sitten"],"two":[{"t":"idOrVar","v":"value"}," minuuttia sitten"],"zero":"juuri nyt"},"$x":[{"t":"idOrVar","v":"plural"},"value"]},{"$i":"hours-ago-long","$v":{"few":[{"t":"idOrVar","v":"value"}," tuntia sitten"],"many":[{"t":"idOrVar","v":"value"}," tuntia sitten"],"one":"tunti sitten","other":[{"t":"idOrVar","v":"value"}," tuntia sitten"],"two":[{"t":"idOrVar","v":"value"}," tuntia sitten"],"zero":"juuri nyt"},"$x":[{"t":"idOrVar","v":"plural"},"value"]},{"$i":"days-ago-long","$v":{"few":[{"t":"idOrVar","v":"value"}," päivää sitten"],"many":[{"t":"idOrVar","v":"value"}," päivää sitten"],"one":"eilen","other":[{"t":"idOrVar","v":"value"}," päivää sitten"],"two":[{"t":"idOrVar","v":"value"}," päivää sitten"],"zero":"tänään"},"$x":[{"t":"idOrVar","v":"plural"},"value"]},{"$i":"weeks-ago-long","$v":{"few":[{"t":"idOrVar","v":"value"}," viikkoa sitten"],"many":[{"t":"idOrVar","v":"value"}," viikkoa sitten"],"one":"viime viikolla","other":[{"t":"idOrVar","v":"value"}," viikkoa sitten"],"two":[{"t":"idOrVar","v":"value"}," viikkoa sitten"],"zero":"tällä viikolla"},"$x":[{"t":"idOrVar","v":"plural"},"value"]},{"$i":"months-ago-long","$v":{"few":[{"t":"idOrVar","v":"value"}," kuukautta sitten"],"many":[{"t":"idOrVar","v":"value"}," kuukautta sitten"],"one":"viimeinen kuukausi","other":[{"t":"idOrVar","v":"value"}," kuukautta sitten"],"two":[{"t":"idOrVar","v":"value"}," kuukautta sitten"],"zero":"tässä kuussa"},"$x":[{"t":"idOrVar","v":"plural"},"value"]},{"$i":"years-ago-long","$v":{"few":[{"t":"idOrVar","v":"value"}," vuotta sitten"],"many":[{"t":"idOrVar","v":"value"}," vuotta sitten"],"one":"viime vuonna","other":[{"t":"idOrVar","v":"value"}," vuotta sitten"],"two":[{"t":"idOrVar","v":"value"}," vuotta sitten"],"zero":"tänä vuonna"},"$x":[{"t":"idOrVar","v":"plural"},"value"]},{"$i":"minutes-until-long","$v":{"few":[{"t":"idOrVar","v":"value"}," minuutin kuluttua"],"many":[{"t":"idOrVar","v":"value"}," minuutin kuluttua"],"one":"minuutin kuluttua","other":[{"t":"idOrVar","v":"value"}," minuutin kuluttua"],"two":[{"t":"idOrVar","v":"value"}," minuutin kuluttua"],"zero":"nyt"},"$x":[{"t":"idOrVar","v":"plural"},"value"]},{"$i":"hours-until-long","$v":{"few":[{"t":"idOrVar","v":"value"}," tunnin kuluttua"],"many":[{"t":"idOrVar","v":"value"}," tunnin kuluttua"],"one":"tunnin kuluttua","other":[{"t":"idOrVar","v":"value"}," tunnin kuluttua"],"two":[{"t":"idOrVar","v":"value"}," tunnin kuluttua"],"zero":"nyt"},"$x":[{"t":"idOrVar","v":"plural"},"value"]},{"$i":"days-until-long","$v":{"few":[{"t":"idOrVar","v":"value"}," päivän kuluttua"],"many":[{"t":"idOrVar","v":"value"}," päivän kuluttua"],"one":"huomenna","other":[{"t":"idOrVar","v":"value"}," päivän kuluttua"],"two":[{"t":"idOrVar","v":"value"}," päivän kuluttua"],"zero":"tänään"},"$x":[{"t":"idOrVar","v":"plural"},"value"]},{"$i":"weeks-until-long","$v":{"few":[{"t":"idOrVar","v":"value"}," viikon kuluttua"],"many":[{"t":"idOrVar","v":"value"}," viikon kuluttua"],"one":"seuraava viikko","other":[{"t":"idOrVar","v":"value"}," viikon kuluttua"],"two":[{"t":"idOrVar","v":"value"}," viikon kuluttua"],"zero":"tällä viikolla"},"$x":[{"t":"idOrVar","v":"plural"},"value"]},{"$i":"months-until-long","$v":{"few":[{"t":"idOrVar","v":"value"}," kuukauden kuluttua"],"many":[{"t":"idOrVar","v":"value"}," kuukauden kuluttua"],"one":"seuraava kuukausi","other":[{"t":"idOrVar","v":"value"}," kuukauden kuluttua"],"two":[{"t":"idOrVar","v":"value"}," kuukauden kuluttua"],"zero":"tässä kuussa"},"$x":[{"t":"idOrVar","v":"plural"},"value"]},{"$i":"years-until-long","$v":{"few":[{"t":"idOrVar","v":"value"}," vuoden kuluttua"],"many":[{"t":"idOrVar","v":"value"}," vuoden kuluttua"],"one":"seuraava vuosi","other":[{"t":"idOrVar","v":"value"}," vuoden kuluttua"],"two":[{"t":"idOrVar","v":"value"}," vuoden kuluttua"],"zero":"tänä vuonna"},"$x":[{"t":"idOrVar","v":"plural"},"value"]},{"$i":"minutes-ago-short","$v":{"other":[{"t":"idOrVar","v":"value"}," m sitten"],"zero":"juuri nyt"},"$x":[{"t":"idOrVar","v":"plural"},"value"]},{"$i":"hours-ago-short","$v":{"other":[{"t":"idOrVar","v":"value"}," h sitten"],"zero":"juuri nyt"},"$x":[{"t":"idOrVar","v":"plural"},"value"]},{"$i":"days-ago-short","$v":{"other":[{"t":"idOrVar","v":"value"}," pvää sitten"],"zero":"tänään"},"$x":[{"t":"idOrVar","v":"plural"},"value"]},{"$i":"minutes-until-short","$v":{"other":[{"t":"idOrVar","v":"value"}," m kuluttua"],"zero":"nyt"},"$x":[{"t":"idOrVar","v":"plural"},"value"]},{"$i":"hours-until-short","$v":{"other":[{"t":"idOrVar","v":"value"}," h kuluttua"],"zero":"nyt"},"$x":[{"t":"idOrVar","v":"plural"},"value"]},{"$i":"days-until-short","$v":{"other":[{"t":"idOrVar","v":"value"}," pvän kuluttua"],"zero":"tänään"},"$x":[{"t":"idOrVar","v":"plural"},"value"]},{"$i":"incorrectDate","$v":"(virheellinen päivämäärä)"},{"$i":"dateTimeFormat_%c","$v":"%a %b %e %Y %I:%M:%S %p"},{"$i":"dateTimeFormat_%x","$v":"%m/%d/%Y"},{"$i":"dateTimeFormat_%X","$v":"%I:%M:%S %p"},{"$i":"shortTimeFormat","$v":"%I:%M %p"},{"$i":"shortTimeFormat12","$v":"%I:%M %p"},{"$i":"shortTimeFormat24","$v":"%H:%M"},{"$i":"shortDateTimeFormat","$v":"%x %I:%M %p"},{"$i":"weekStartsOnMonday","$v":"0.0"},{"$i":"firstDayOfTheWeek","$v":"1.0"},{"$i":"time_am","$v":"AM"},{"$i":"time_pm","$v":"PM"},{"$i":"stopped_download_title","$v":"Lataus pysähtyi"},{"$i":"kai-stopped_download_message","$v":"This download was stopped. Would you like to resume downloading?"},{"$i":"stopped_download_left_button","$v":"Peruuta"},{"$i":"stopped_download_right_button","$v":"Yritä uudelleen"},{"$i":"failed_download_title","$v":"Lataaminen epäonnistui"},{"$i":"failed_download_message","$v":["Kohteen ",{"t":"idOrVar","v":"name"}," lataus epäonnistui. Yritetäänkö ladata uudestaan?"]},{"$i":"failed_download_left_button","$v":"Peruuta"},{"$i":"failed_download_right_button","$v":"Yritä uudelleen"},{"$i":"stop_download_title","$v":"Lopeta lataus"},{"$i":"stop_download_message","$v":"Haluatko varmasti lopettaa latauksen?"},{"$i":"stop_download_left_button","$v":"Peruuta"},{"$i":"stop_download_right_button","$v":"Lopeta"},{"$i":"delete_download_title","$v":"Poista"},{"$i":"delete_download_message","$v":["Poistetaanko \"",{"t":"idOrVar","v":"name"},"\"?"]},{"$i":"delete_download_left_button","$v":"Peruuta"},{"$i":"delete_download_right_button","$v":"Poista"},{"$i":"delete_all_download_title","$v":"Poista"},{"$i":"delete_all_download_left_button","$v":"Peruuta"},{"$i":"delete_all_download_right_button","$v":"Poista"},{"$i":"delete_all_download_message_ext","$v":"Poistetaanko valitut tiedostot?"},{"$i":"delete_all_download_message","$v":{"few":["Poistetaanko ",{"t":"idOrVar","v":"number"}," tiedostoa?"],"many":["Poistetaanko ",{"t":"idOrVar","v":"number"}," tiedostoa?"],"one":"Poistetaanko yksi tiedosto?","other":["Poistetaanko ",{"t":"idOrVar","v":"number"}," tiedostoa?"],"two":["Poistetaanko ",{"t":"idOrVar","v":"number"}," tiedostoa?"],"zero":"Poistetaanko nolla tiedostoa?"},"$x":[{"t":"idOrVar","v":"plural"},"number"]},{"$i":"unsupported_file_type_download_title","$v":"Avaaminen ei onnistu"},{"$i":"unsupported_file_type_download_message","$v":["Mikään sovellus ei pysty avaamaan kohdetta ",{"t":"idOrVar","v":"name"},". Haluatko tallentaa tiedoston vai poistaa sen?"]},{"$i":"unsupported_file_type_download_left_button","$v":"Pidä tiedosto"},{"$i":"unsupported_file_type_download_right_button","$v":"Poista"},{"$i":"file_not_found_download_title","$v":"Tiedostoa ei löytynyt"},{"$i":"file_not_found_download_message","$v":"Tiedostoa ei löytynyt laitteesta"},{"$i":"file_not_found_download_right_button","$v":"OK"},{"$i":"unmounted_sdcard_2_download_title","$v":"Muistikortti käytössä"},{"$i":"unmounted_sdcard_2_download_message","$v":"Irrota puhelimen pistoke"},{"$i":"unmounted_sdcard_2_download_right_button","$v":"OK"},{"$i":"no_provider_download_title","$v":"Avaaminen ei onnistu"},{"$i":"no_provider_download_message","$v":"Tämä tiedostomuoto on virheellinen tai sitä ei tueta."},{"$i":"no_provider_download_right_button","$v":"OK"},{"$i":"no_memory_download_title","$v":"SD-kortti on täynnä"},{"$i":"no_memory_download_message","$v":"SD-kortillasi ei ole tilaa latauksesi tallentamiseen. Poista tiedostoja ennen latauksen käynnistämistä uudelleen."},{"$i":"no_memory_download_right_button","$v":"OK"},{"$i":"no_sdcard_found_2_download_title","$v":"Muistikorttia ei löytynyt"},{"$i":"no_sdcard_found_2_download_message","$v":"Syötä muistikortti tai valitse vaihtoehtoinen oletusmediasijainti asetuksista"},{"$i":"no_sdcard_found_2_download_right_button","$v":"OK"},{"$i":"file_open_error_download_title","$v":"Vahvistus"},{"$i":"file_open_error_download_message","$v":"Tämä tiedostomuoto on virheellinen tai sitä ei tueta. Haluatko poistaa tiedoston?"},{"$i":"file_open_error_download_left_button","$v":"Pidä tiedosto"},{"$i":"file_open_error_download_right_button","$v":"Poista"},{"$i":"restart_download_error","$v":"Latauksen käynnistämisessä uudestaan tapahtui virhe. Yritä ladata uudestaan."},{"$i":"no-downloads","$v":"Ei latauksia"},{"$i":"byteUnit-B","$v":"B"},{"$i":"byteUnit-KB","$v":"kt"},{"$i":"byteUnit-MB","$v":"Mt"},{"$i":"byteUnit-GB","$v":"Gt"},{"$i":"byteUnit-TB","$v":"Tt"},{"$i":"fileSize","$v":[{"t":"idOrVar","v":"size"}," ",{"t":"idOrVar","v":"unit"}]},{"$i":"percentage","$v":[{"t":"idOrVar","v":"percentage"}," %"]},{"$i":"partialResult","$v":[{"t":"idOrVar","v":"partial"}," / ",{"t":"idOrVar","v":"total"}]},{"$i":"summary","$v":[{"t":"idOrVar","v":"date"}," - ",{"t":"idOrVar","v":"status"}]},{"$i":"download-stopped","$v":"Lopetettu"},{"$i":"download-failed","$v":"Lataaminen epäonnistui"},{"$i":"open_downloaded_file","$v":"Avaa"},{"$i":"share_downloaded_file","$v":"Jaa"},{"$i":"wallpaper_downloaded_file","$v":"Taustakuvaksi"},{"$i":"ringtone_downloaded_file","$v":"Soittoääneksi"},{"$i":"cancel_downloaded_file","$v":"Peruuta"},{"$i":"select-download","$v":"Valitse lataus"},{"$i":"kai-select-download","$v":"Valitse tiedosto"},{"$i":"kai-ok","$v":"Valitse"},{"$i":"kai-cancel","$v":"Peruuta"}]