[{"$i":"weekday-0-long","$v":"Dimanche"},{"$i":"weekday-1-long","$v":"Lundi"},{"$i":"weekday-2-long","$v":"Mardi"},{"$i":"weekday-3-long","$v":"Mercredi"},{"$i":"weekday-4-long","$v":"Jeudi"},{"$i":"weekday-5-long","$v":"Vendredi"},{"$i":"weekday-6-long","$v":"Samedi"},{"$i":"weekday-0-short","$v":"dim"},{"$i":"weekday-1-short","$v":"lun"},{"$i":"weekday-2-short","$v":"mar"},{"$i":"weekday-3-short","$v":"mer"},{"$i":"weekday-4-short","$v":"jeu"},{"$i":"weekday-5-short","$v":"ven"},{"$i":"weekday-6-short","$v":"sam"},{"$i":"month-0-long","$v":"Janvier"},{"$i":"month-1-long","$v":"Février"},{"$i":"month-2-long","$v":"Mars"},{"$i":"month-3-long","$v":"Avril"},{"$i":"month-4-long","$v":"Mai"},{"$i":"month-5-long","$v":"Juin"},{"$i":"month-6-long","$v":"Juillet"},{"$i":"month-7-long","$v":"Août"},{"$i":"month-8-long","$v":"Septembre"},{"$i":"month-9-long","$v":"Octobre"},{"$i":"month-10-long","$v":"Novembre"},{"$i":"month-11-long","$v":"Décembre"},{"$i":"month-0-genitive","$v":"janvier"},{"$i":"month-1-genitive","$v":"février"},{"$i":"month-2-genitive","$v":"mars"},{"$i":"month-3-genitive","$v":"avril"},{"$i":"month-4-genitive","$v":"mai"},{"$i":"month-5-genitive","$v":"juin"},{"$i":"month-6-genitive","$v":"juillet"},{"$i":"month-7-genitive","$v":"août"},{"$i":"month-8-genitive","$v":"septembre"},{"$i":"month-9-genitive","$v":"octobre"},{"$i":"month-10-genitive","$v":"novembre"},{"$i":"month-11-genitive","$v":"décembre"},{"$i":"month-0-short","$v":"jan."},{"$i":"month-1-short","$v":"fév."},{"$i":"month-2-short","$v":"mars"},{"$i":"month-3-short","$v":"avr."},{"$i":"month-4-short","$v":"mai"},{"$i":"month-5-short","$v":"juin"},{"$i":"month-6-short","$v":"juil."},{"$i":"month-7-short","$v":"août"},{"$i":"month-8-short","$v":"sep."},{"$i":"month-9-short","$v":"oct."},{"$i":"month-10-short","$v":"nov."},{"$i":"month-11-short","$v":"déc."},{"$i":"minutes-ago-long","$v":{"few":["il y a ",{"t":"idOrVar","v":"value"}," minutes"],"many":["Il y a ",{"t":"idOrVar","v":"value"}," minutes"],"one":"Il y a 1 minute","other":["il y a ",{"t":"idOrVar","v":"value"}," minutes"],"two":["il y a ",{"t":"idOrVar","v":"value"}," minutes"],"zero":"à l’instant"},"$x":[{"t":"idOrVar","v":"plural"},"value"]},{"$i":"hours-ago-long","$v":{"few":["il y a ",{"t":"idOrVar","v":"value"}," heures"],"many":["Il y a ",{"t":"idOrVar","v":"value"}," heures"],"one":"Il y a 1 heure","other":["il y a ",{"t":"idOrVar","v":"value"}," heures"],"two":["il y a ",{"t":"idOrVar","v":"value"}," heures"],"zero":"à l’instant"},"$x":[{"t":"idOrVar","v":"plural"},"value"]},{"$i":"days-ago-long","$v":{"few":["il y a ",{"t":"idOrVar","v":"value"}," jours"],"many":["il y a ",{"t":"idOrVar","v":"value"}," jours"],"one":"hier","other":["il y a ",{"t":"idOrVar","v":"value"}," jours"],"two":["il y a ",{"t":"idOrVar","v":"value"}," jours"],"zero":"aujourd’hui"},"$x":[{"t":"idOrVar","v":"plural"},"value"]},{"$i":"weeks-ago-long","$v":{"few":["il y a ",{"t":"idOrVar","v":"value"}," semaines"],"many":["il y a ",{"t":"idOrVar","v":"value"}," semaines"],"one":"la semaine dernière","other":["il y a ",{"t":"idOrVar","v":"value"}," semaines"],"two":["il y a ",{"t":"idOrVar","v":"value"}," semaines"],"zero":"cette semaine"},"$x":[{"t":"idOrVar","v":"plural"},"value"]},{"$i":"months-ago-long","$v":{"few":["il y a ",{"t":"idOrVar","v":"value"}," mois"],"many":["il y a ",{"t":"idOrVar","v":"value"}," mois"],"one":"le mois dernier","other":["il y a ",{"t":"idOrVar","v":"value"}," mois"],"two":["il y a ",{"t":"idOrVar","v":"value"}," mois"],"zero":"ce mois-ci"},"$x":[{"t":"idOrVar","v":"plural"},"value"]},{"$i":"years-ago-long","$v":{"few":["il y a ",{"t":"idOrVar","v":"value"}," ans"],"many":["il y a ",{"t":"idOrVar","v":"value"}," ans"],"one":"l’année dernière","other":["il y a ",{"t":"idOrVar","v":"value"}," ans"],"two":["il y a ",{"t":"idOrVar","v":"value"}," ans"],"zero":"cette année"},"$x":[{"t":"idOrVar","v":"plural"},"value"]},{"$i":"minutes-until-long","$v":{"few":["dans ",{"t":"idOrVar","v":"value"}," minutes"],"many":["dans ",{"t":"idOrVar","v":"value"}," minutes"],"one":["dans ",{"t":"idOrVar","v":"value"}," minute"],"other":["dans ",{"t":"idOrVar","v":"value"}," minutes"],"two":["dans ",{"t":"idOrVar","v":"value"}," minutes"],"zero":"maintenant"},"$x":[{"t":"idOrVar","v":"plural"},"value"]},{"$i":"hours-until-long","$v":{"few":["dans ",{"t":"idOrVar","v":"value"}," heures"],"many":["dans ",{"t":"idOrVar","v":"value"}," heures"],"one":["dans ",{"t":"idOrVar","v":"value"}," heure"],"other":["dans ",{"t":"idOrVar","v":"value"}," heures"],"two":["dans ",{"t":"idOrVar","v":"value"}," heures"],"zero":"maintenant"},"$x":[{"t":"idOrVar","v":"plural"},"value"]},{"$i":"days-until-long","$v":{"few":["dans ",{"t":"idOrVar","v":"value"}," jours"],"many":["dans ",{"t":"idOrVar","v":"value"}," jours"],"one":"demain","other":["dans ",{"t":"idOrVar","v":"value"}," jours"],"two":["dans ",{"t":"idOrVar","v":"value"}," jours"],"zero":"aujourd’hui"},"$x":[{"t":"idOrVar","v":"plural"},"value"]},{"$i":"weeks-until-long","$v":{"few":["dans ",{"t":"idOrVar","v":"value"}," semaines"],"many":["dans ",{"t":"idOrVar","v":"value"}," semaines"],"one":"la semaine prochaine","other":["dans ",{"t":"idOrVar","v":"value"}," semaines"],"two":["dans ",{"t":"idOrVar","v":"value"}," semaines"],"zero":"cette semaine"},"$x":[{"t":"idOrVar","v":"plural"},"value"]},{"$i":"months-until-long","$v":{"few":["dans ",{"t":"idOrVar","v":"value"}," mois"],"many":["dans ",{"t":"idOrVar","v":"value"}," mois"],"one":"le mois prochain","other":["dans ",{"t":"idOrVar","v":"value"}," mois"],"two":["dans ",{"t":"idOrVar","v":"value"}," mois"],"zero":"ce mois-ci"},"$x":[{"t":"idOrVar","v":"plural"},"value"]},{"$i":"years-until-long","$v":{"few":["dans ",{"t":"idOrVar","v":"value"}," ans"],"many":["dans ",{"t":"idOrVar","v":"value"}," ans"],"one":"l’année prochaine","other":["dans ",{"t":"idOrVar","v":"value"}," ans"],"two":["dans ",{"t":"idOrVar","v":"value"}," ans"],"zero":"cette année"},"$x":[{"t":"idOrVar","v":"plural"},"value"]},{"$i":"minutes-ago-short","$v":{"other":["il y a ",{"t":"idOrVar","v":"value"}," min"],"zero":"à l’instant"},"$x":[{"t":"idOrVar","v":"plural"},"value"]},{"$i":"hours-ago-short","$v":{"other":["il y a ",{"t":"idOrVar","v":"value"},"h"],"zero":"à l’instant"},"$x":[{"t":"idOrVar","v":"plural"},"value"]},{"$i":"days-ago-short","$v":{"other":["il y a ",{"t":"idOrVar","v":"value"},"j"],"zero":"aujourd’hui"},"$x":[{"t":"idOrVar","v":"plural"},"value"]},{"$i":"minutes-until-short","$v":{"other":["dans ",{"t":"idOrVar","v":"value"},"m"],"zero":"maintenant"},"$x":[{"t":"idOrVar","v":"plural"},"value"]},{"$i":"hours-until-short","$v":{"other":["dans ",{"t":"idOrVar","v":"value"},"h"],"zero":"maintenant"},"$x":[{"t":"idOrVar","v":"plural"},"value"]},{"$i":"days-until-short","$v":{"other":["dans ",{"t":"idOrVar","v":"value"},"j"],"zero":"aujourd’hui"},"$x":[{"t":"idOrVar","v":"plural"},"value"]},{"$i":"incorrectDate","$v":"(date incorrecte)"},{"$i":"dateTimeFormat_%c","$v":"%a %e %b %Y %H:%M:%S"},{"$i":"dateTimeFormat_%x","$v":"%d/%m/%Y"},{"$i":"dateTimeFormat_%X","$v":"%I:%M:%S %p"},{"$i":"shortTimeFormat","$v":"%H:%M"},{"$i":"shortTimeFormat12","$v":"%I:%M %p"},{"$i":"shortTimeFormat24","$v":"%H:%M"},{"$i":"shortDateTimeFormat","$v":"%x %H:%M"},{"$i":"weekStartsOnMonday","$v":"0.0"},{"$i":"firstDayOfTheWeek","$v":"1.0"},{"$i":"time_am","$v":"AM"},{"$i":"time_pm","$v":"PM"},{"$i":"stopped_download_title","$v":"Téléchargement arrêté"},{"$i":"kai-stopped_download_message","$v":"This download was stopped. Would you like to resume downloading?"},{"$i":"stopped_download_left_button","$v":"Annuler"},{"$i":"stopped_download_right_button","$v":"Relancer"},{"$i":"failed_download_title","$v":"Échec du téléchargement"},{"$i":"failed_download_message","$v":["Le téléchargement de ",{"t":"idOrVar","v":"name"}," a échoué. Voulez-vous relancer le téléchargement ?"]},{"$i":"failed_download_left_button","$v":"Annuler"},{"$i":"failed_download_right_button","$v":"Relancer"},{"$i":"stop_download_title","$v":"Arrêter le téléchargement"},{"$i":"stop_download_message","$v":"Voulez-vous vraiment arrêter le téléchargement ?"},{"$i":"stop_download_left_button","$v":"Non"},{"$i":"stop_download_right_button","$v":"Oui"},{"$i":"delete_download_title","$v":"Suppression"},{"$i":"delete_download_message","$v":["Supprimer « ",{"t":"idOrVar","v":"name"}," » ?"]},{"$i":"delete_download_left_button","$v":"Annuler"},{"$i":"delete_download_right_button","$v":"Supprimer"},{"$i":"delete_all_download_title","$v":"Suppression"},{"$i":"delete_all_download_left_button","$v":"Annuler"},{"$i":"delete_all_download_right_button","$v":"Supprimer"},{"$i":"delete_all_download_message_ext","$v":"Supprimer les fichiers sélectionnés ?"},{"$i":"delete_all_download_message","$v":{"few":["Supprimer ",{"t":"idOrVar","v":"number"}," fichiers ?"],"many":["Supprimer ",{"t":"idOrVar","v":"number"}," fichiers ?"],"one":"Supprimer le fichier ?","other":["Supprimer ",{"t":"idOrVar","v":"number"}," fichiers ?"],"two":["Supprimer ",{"t":"idOrVar","v":"number"}," fichiers ?"],"zero":"Ne supprimer aucun fichier ?"},"$x":[{"t":"idOrVar","v":"plural"},"number"]},{"$i":"unsupported_file_type_download_title","$v":"Ouverture impossible"},{"$i":"unsupported_file_type_download_message","$v":["Aucune application n’est capable d’ouvrir ",{"t":"idOrVar","v":"name"},". Voulez-vous enregistrer le fichier ou le supprimer ?"]},{"$i":"unsupported_file_type_download_left_button","$v":"Conserver"},{"$i":"unsupported_file_type_download_right_button","$v":"Supprimer"},{"$i":"file_not_found_download_title","$v":"Fichier introuvable"},{"$i":"file_not_found_download_message","$v":"Le fichier est introuvable sur l’appareil"},{"$i":"file_not_found_download_right_button","$v":"OK"},{"$i":"unmounted_sdcard_2_download_title","$v":"Carte mémoire utilisée"},{"$i":"unmounted_sdcard_2_download_message","$v":"Veuillez débrancher le téléphone"},{"$i":"unmounted_sdcard_2_download_right_button","$v":"OK"},{"$i":"no_provider_download_title","$v":"Ouverture impossible"},{"$i":"no_provider_download_message","$v":"Ce format de fichier n’est pas pris en charge ou valide."},{"$i":"no_provider_download_right_button","$v":"OK"},{"$i":"no_memory_download_title","$v":"Carte SD pleine"},{"$i":"no_memory_download_message","$v":"Il n’y a plus assez de place sur votre carte SD pour enregistrer votre téléchargement. Veuillez supprimer quelques fichiers avant de relancer le téléchargement."},{"$i":"no_memory_download_right_button","$v":"OK"},{"$i":"no_sdcard_found_2_download_title","$v":"Aucune carte mémoire détectée"},{"$i":"no_sdcard_found_2_download_message","$v":"Insérez une carte mémoire ou sélectionnez dans les paramètres un autre emplacement par défaut pour les médias"},{"$i":"no_sdcard_found_2_download_right_button","$v":"OK"},{"$i":"file_open_error_download_title","$v":"Confirmation"},{"$i":"file_open_error_download_message","$v":["Un problème est survenu lors de l’ouverture de ",{"t":"idOrVar","v":"name"},". Voulez-vous conserver le fichier ou le supprimer ?"]},{"$i":"file_open_error_download_left_button","$v":"Conserver"},{"$i":"file_open_error_download_right_button","$v":"Supprimer"},{"$i":"restart_download_error","$v":"Une erreur s’est produite lors de la reprise du téléchargement. Veuillez relancer le téléchargement."},{"$i":"no-downloads","$v":"Aucun téléchargement"},{"$i":"byteUnit-B","$v":"o"},{"$i":"byteUnit-KB","$v":"Ko"},{"$i":"byteUnit-MB","$v":"Mo"},{"$i":"byteUnit-GB","$v":"Go"},{"$i":"byteUnit-TB","$v":"To"},{"$i":"fileSize","$v":[{"t":"idOrVar","v":"size"}," ",{"t":"idOrVar","v":"unit"}]},{"$i":"percentage","$v":[{"t":"idOrVar","v":"percentage"}," %"]},{"$i":"partialResult","$v":[{"t":"idOrVar","v":"partial"}," sur ",{"t":"idOrVar","v":"total"}]},{"$i":"summary","$v":[{"t":"idOrVar","v":"date"}," - ",{"t":"idOrVar","v":"status"}]},{"$i":"download-stopped","$v":"Arrêté"},{"$i":"download-failed","$v":"Le téléchargement a échoué"},{"$i":"open_downloaded_file","$v":"Ouvrir"},{"$i":"share_downloaded_file","$v":"Partager"},{"$i":"wallpaper_downloaded_file","$v":"Définir comme fond d’écran"},{"$i":"ringtone_downloaded_file","$v":"Définir comme sonnerie"},{"$i":"cancel_downloaded_file","$v":"Annuler"},{"$i":"select-download","$v":"Sélectionner le téléchargement"},{"$i":"kai-select-download","$v":"Sélectionner un fichier"},{"$i":"kai-ok","$v":"Sélectionner"},{"$i":"kai-cancel","$v":"Annuler"}]