[{"$i":"weekday-0-long","$v":"ראשון"},{"$i":"weekday-1-long","$v":"שני"},{"$i":"weekday-2-long","$v":"שלישי"},{"$i":"weekday-3-long","$v":"רביעי"},{"$i":"weekday-4-long","$v":"חמישי"},{"$i":"weekday-5-long","$v":"שישי"},{"$i":"weekday-6-long","$v":"שבת"},{"$i":"weekday-0-short","$v":"א'"},{"$i":"weekday-1-short","$v":"ב'"},{"$i":"weekday-2-short","$v":"ג'"},{"$i":"weekday-3-short","$v":"ד'"},{"$i":"weekday-4-short","$v":"ה'"},{"$i":"weekday-5-short","$v":"ו'"},{"$i":"weekday-6-short","$v":"ש'"},{"$i":"month-0-long","$v":"ינואר"},{"$i":"month-1-long","$v":"פברואר"},{"$i":"month-2-long","$v":"מרץ"},{"$i":"month-3-long","$v":"אפריל"},{"$i":"month-4-long","$v":"מאי"},{"$i":"month-5-long","$v":"יוני"},{"$i":"month-6-long","$v":"יולי"},{"$i":"month-7-long","$v":"אוגוסט"},{"$i":"month-8-long","$v":"ספטמבר"},{"$i":"month-9-long","$v":"אוקטובר"},{"$i":"month-10-long","$v":"נובמבר"},{"$i":"month-11-long","$v":"דצמבר"},{"$i":"month-0-genitive","$v":"ינואר"},{"$i":"month-1-genitive","$v":"פברואר"},{"$i":"month-2-genitive","$v":"מרץ"},{"$i":"month-3-genitive","$v":"אפריל"},{"$i":"month-4-genitive","$v":"מאי"},{"$i":"month-5-genitive","$v":"יוני"},{"$i":"month-6-genitive","$v":"יולי"},{"$i":"month-7-genitive","$v":"אוגוסט"},{"$i":"month-8-genitive","$v":"ספטמבר"},{"$i":"month-9-genitive","$v":"אוקטובר"},{"$i":"month-10-genitive","$v":"נובמבר"},{"$i":"month-11-genitive","$v":"דצמבר"},{"$i":"month-0-short","$v":"ינו"},{"$i":"month-1-short","$v":"פבר"},{"$i":"month-2-short","$v":"מרץ"},{"$i":"month-3-short","$v":"אפר"},{"$i":"month-4-short","$v":"מאי"},{"$i":"month-5-short","$v":"יונ"},{"$i":"month-6-short","$v":"יול"},{"$i":"month-7-short","$v":"אוג"},{"$i":"month-8-short","$v":"ספט"},{"$i":"month-9-short","$v":"אוק"},{"$i":"month-10-short","$v":"נוב"},{"$i":"month-11-short","$v":"דצמ"},{"$i":"minutes-ago-long","$v":{"few":["לפני ",{"t":"idOrVar","v":"value"}," דקות"],"many":["לפני ",{"t":"idOrVar","v":"value"}," דקות"],"one":"לפני דקה","other":["לפני ",{"t":"idOrVar","v":"value"}," דקות"],"two":["לפני ",{"t":"idOrVar","v":"value"}," דקות"],"zero":"בדיוק כעת"},"$x":[{"t":"idOrVar","v":"plural"},"value"]},{"$i":"hours-ago-long","$v":{"few":["לפני ",{"t":"idOrVar","v":"value"}," שעות"],"many":["לפני ",{"t":"idOrVar","v":"value"}," שעות"],"one":"לפני שעה","other":["לפני ",{"t":"idOrVar","v":"value"}," שעות"],"two":["לפני ",{"t":"idOrVar","v":"value"}," שעות"],"zero":"בדיוק כעת"},"$x":[{"t":"idOrVar","v":"plural"},"value"]},{"$i":"days-ago-long","$v":{"few":["לפני ",{"t":"idOrVar","v":"value"}," ימים"],"many":["לפני ",{"t":"idOrVar","v":"value"}," ימים"],"one":"אתמול","other":["לפני ",{"t":"idOrVar","v":"value"}," ימים"],"two":["לפני ",{"t":"idOrVar","v":"value"}," ימים"],"zero":"היום"},"$x":[{"t":"idOrVar","v":"plural"},"value"]},{"$i":"weeks-ago-long","$v":{"few":["לפני ",{"t":"idOrVar","v":"value"}," שבועות"],"many":["לפני ",{"t":"idOrVar","v":"value"}," שבועות"],"one":"השבוע שעבר","other":["לפני ",{"t":"idOrVar","v":"value"}," שבועות"],"two":["לפני ",{"t":"idOrVar","v":"value"}," שבועות"],"zero":"השבוע"},"$x":[{"t":"idOrVar","v":"plural"},"value"]},{"$i":"months-ago-long","$v":{"few":["לפני ",{"t":"idOrVar","v":"value"}," חודשים"],"many":["לפני ",{"t":"idOrVar","v":"value"}," חודשים"],"one":"חודש האחרון","other":["לפני ",{"t":"idOrVar","v":"value"}," חודשים"],"two":["לפני ",{"t":"idOrVar","v":"value"}," חודשים"],"zero":"החודש"},"$x":[{"t":"idOrVar","v":"plural"},"value"]},{"$i":"years-ago-long","$v":{"few":["לפני ",{"t":"idOrVar","v":"value"}," שנים"],"many":["לפני ",{"t":"idOrVar","v":"value"}," שנים"],"one":"השנה שעברה","other":["לפני ",{"t":"idOrVar","v":"value"}," שנים"],"two":["לפני ",{"t":"idOrVar","v":"value"}," שנים"],"zero":"השנה"},"$x":[{"t":"idOrVar","v":"plural"},"value"]},{"$i":"minutes-until-long","$v":{"few":["בתוך ",{"t":"idOrVar","v":"value"}," דקות"],"many":["בתוך ",{"t":"idOrVar","v":"value"}," דקות"],"one":"בתוך דקה","other":["בתוך ",{"t":"idOrVar","v":"value"}," דקות"],"two":["בתוך ",{"t":"idOrVar","v":"value"}," דקות"],"zero":"כעת"},"$x":[{"t":"idOrVar","v":"plural"},"value"]},{"$i":"hours-until-long","$v":{"few":["בתוך ",{"t":"idOrVar","v":"value"}," שעות"],"many":["בתוך ",{"t":"idOrVar","v":"value"}," שעות"],"one":"בתוך שעה","other":["בתוך ",{"t":"idOrVar","v":"value"}," שעות"],"two":["בתוך ",{"t":"idOrVar","v":"value"}," שעות"],"zero":"כעת"},"$x":[{"t":"idOrVar","v":"plural"},"value"]},{"$i":"days-until-long","$v":{"few":["בתוך ",{"t":"idOrVar","v":"value"}," ימים"],"many":["בתוך ",{"t":"idOrVar","v":"value"}," ימים"],"one":"מחר","other":["בתוך ",{"t":"idOrVar","v":"value"}," ימים"],"two":["בתוך ",{"t":"idOrVar","v":"value"}," ימים"],"zero":"היום"},"$x":[{"t":"idOrVar","v":"plural"},"value"]},{"$i":"weeks-until-long","$v":{"few":["בתוך ",{"t":"idOrVar","v":"value"}," שבועות"],"many":["בתוך ",{"t":"idOrVar","v":"value"}," שבועות"],"one":"השבוע הבא","other":["בתוך ",{"t":"idOrVar","v":"value"}," שבועות"],"two":["בתוך ",{"t":"idOrVar","v":"value"}," שבועות"],"zero":"השבוע"},"$x":[{"t":"idOrVar","v":"plural"},"value"]},{"$i":"months-until-long","$v":{"few":["בתוך ",{"t":"idOrVar","v":"value"}," חודשים"],"many":["בתוך ",{"t":"idOrVar","v":"value"}," חודשים"],"one":"החודש הבא","other":["בתוך ",{"t":"idOrVar","v":"value"}," חודשים"],"two":["בתוך ",{"t":"idOrVar","v":"value"}," חודשים"],"zero":"החודש"},"$x":[{"t":"idOrVar","v":"plural"},"value"]},{"$i":"years-until-long","$v":{"few":["בתוך ",{"t":"idOrVar","v":"value"}," שנים"],"many":["בתוך ",{"t":"idOrVar","v":"value"}," שנים"],"one":"השנה הבאה","other":["בתוך ",{"t":"idOrVar","v":"value"}," שנים"],"two":["בתוך ",{"t":"idOrVar","v":"value"}," שנים"],"zero":"השנה"},"$x":[{"t":"idOrVar","v":"plural"},"value"]},{"$i":"minutes-ago-short","$v":{"other":[{"t":"idOrVar","v":"value"}," דק' לפני"],"zero":"בדיוק כעת"},"$x":[{"t":"idOrVar","v":"plural"},"value"]},{"$i":"hours-ago-short","$v":{"other":[{"t":"idOrVar","v":"value"}," שע' לפני"],"zero":"בדיוק כעת"},"$x":[{"t":"idOrVar","v":"plural"},"value"]},{"$i":"days-ago-short","$v":{"other":[{"t":"idOrVar","v":"value"}," ימים לפני"],"zero":"היום"},"$x":[{"t":"idOrVar","v":"plural"},"value"]},{"$i":"minutes-until-short","$v":{"other":["בתוך ",{"t":"idOrVar","v":"value"},"דקות"],"zero":"כעת"},"$x":[{"t":"idOrVar","v":"plural"},"value"]},{"$i":"hours-until-short","$v":{"other":["בתוך ",{"t":"idOrVar","v":"value"},"שעות"],"zero":"כעת"},"$x":[{"t":"idOrVar","v":"plural"},"value"]},{"$i":"days-until-short","$v":{"other":["בתוך ",{"t":"idOrVar","v":"value"},"ימים"],"zero":"היום"},"$x":[{"t":"idOrVar","v":"plural"},"value"]},{"$i":"incorrectDate","$v":"(תאריך שגוי)"},{"$i":"dateTimeFormat_%c","$v":"%a %b %e %Y %I:%M:%S %p"},{"$i":"dateTimeFormat_%x","$v":"%m/%d/%Y"},{"$i":"dateTimeFormat_%X","$v":"%I:%M:%S %p"},{"$i":"shortTimeFormat","$v":"%I:%M %p"},{"$i":"shortTimeFormat12","$v":"%I:%M %p"},{"$i":"shortTimeFormat24","$v":"%H:%M"},{"$i":"shortDateTimeFormat","$v":"%x %I:%M %p"},{"$i":"weekStartsOnMonday","$v":"0.0"},{"$i":"firstDayOfTheWeek","$v":"0.0"},{"$i":"time_am","$v":"בבוקר"},{"$i":"time_pm","$v":"אחר הצהריים"},{"$i":"stopped_download_title","$v":"ההורדה הופסקה"},{"$i":"kai-stopped_download_message","$v":"This download was stopped. Would you like to resume downloading?"},{"$i":"stopped_download_left_button","$v":"ביטול"},{"$i":"stopped_download_right_button","$v":"נסה שוב"},{"$i":"failed_download_title","$v":"ההורדה נכשלה"},{"$i":"failed_download_message","$v":[{"t":"idOrVar","v":"name"}," הורדתו נכשלה. לנסות להוריד שוב?"]},{"$i":"failed_download_left_button","$v":"ביטול"},{"$i":"failed_download_right_button","$v":"נסה שוב"},{"$i":"stop_download_title","$v":"עצור הורדה"},{"$i":"stop_download_message","$v":"האם אתה בטוח שברצונך לעצור את ההורדה?"},{"$i":"stop_download_left_button","$v":"ביטול"},{"$i":"stop_download_right_button","$v":"עצור"},{"$i":"delete_download_title","$v":"מחק"},{"$i":"delete_download_message","$v":["למחוק את \"",{"t":"idOrVar","v":"name"},"\"?"]},{"$i":"delete_download_left_button","$v":"ביטול"},{"$i":"delete_download_right_button","$v":"מחק"},{"$i":"delete_all_download_title","$v":"מחק"},{"$i":"delete_all_download_left_button","$v":"ביטול"},{"$i":"delete_all_download_right_button","$v":"מחק"},{"$i":"delete_all_download_message_ext","$v":"האם למחוק את הקבצים שנבחרו?"},{"$i":"delete_all_download_message","$v":{"few":["למחוק ",{"t":"idOrVar","v":"number"}," קבצים?"],"many":["למחוק ",{"t":"idOrVar","v":"number"}," קבצים?"],"one":"למחוק קובץ אחד?","other":["למחוק ",{"t":"idOrVar","v":"number"}," קבצים?"],"two":["למחוק ",{"t":"idOrVar","v":"number"}," קבצים?"],"zero":"לא למחוק אף קובץ?"},"$x":[{"t":"idOrVar","v":"plural"},"number"]},{"$i":"unsupported_file_type_download_title","$v":"לא ניתן לפתוח"},{"$i":"unsupported_file_type_download_message","$v":["אין אפליקציה שמסוגלת לפתוח את ",{"t":"idOrVar","v":"name"},". האם ברצונך לשמור את הקובץ או למחוק אותו?"]},{"$i":"unsupported_file_type_download_left_button","$v":"שמור קוב.ץ"},{"$i":"unsupported_file_type_download_right_button","$v":"מחק"},{"$i":"file_not_found_download_title","$v":"הקובץ לא נמצא"},{"$i":"file_not_found_download_message","$v":"הקובץ לא נמצא במכשיר"},{"$i":"file_not_found_download_right_button","$v":"אישור"},{"$i":"unmounted_sdcard_2_download_title","$v":"כרטיס זיכרון בשימוש"},{"$i":"unmounted_sdcard_2_download_message","$v":"הוצא את התקע מהטלפון"},{"$i":"unmounted_sdcard_2_download_right_button","$v":"אישור"},{"$i":"no_provider_download_title","$v":"לא ניתן לפתוח"},{"$i":"no_provider_download_message","$v":"תבנית קובץ זו אינה תקפה ואינה נתמכת."},{"$i":"no_provider_download_right_button","$v":"אישור"},{"$i":"no_memory_download_title","$v":"כרטיס SD מלא"},{"$i":"no_memory_download_message","$v":"אין מקום נוסף בכרטיס SD שלך כדי לשמור את ההורדה שלך. הסר כמה קבצים לפני שתפעיל מחדש את ההורדה."},{"$i":"no_memory_download_right_button","$v":"אישור"},{"$i":"no_sdcard_found_2_download_title","$v":"לא נמצא כרטיס זיכרון"},{"$i":"no_sdcard_found_2_download_message","$v":"הכנס כרטיס זיכרון או בחר מיקום מדיה חלופי המוגדר כברירת מחדל בהגדרות"},{"$i":"no_sdcard_found_2_download_right_button","$v":"אישור"},{"$i":"file_open_error_download_title","$v":"אישור"},{"$i":"file_open_error_download_message","$v":"פורמט הקובץ הזה אינו חוקי או שאינו נתמך. האם ברצונך למחוק את הקובץ?"},{"$i":"file_open_error_download_left_button","$v":"שמור קוב.ץ"},{"$i":"file_open_error_download_right_button","$v":"מחק"},{"$i":"restart_download_error","$v":"אירעה שגיאה בעת הפעלה מחדש של ההורדה. אנא נסה להוריד שוב."},{"$i":"no-downloads","$v":"אין הורדות"},{"$i":"byteUnit-B","$v":"B"},{"$i":"byteUnit-KB","$v":"ק\"ב"},{"$i":"byteUnit-MB","$v":"מ\"ב"},{"$i":"byteUnit-GB","$v":"GB"},{"$i":"byteUnit-TB","$v":"ט\"ב"},{"$i":"fileSize","$v":[{"t":"idOrVar","v":"size"}," ",{"t":"idOrVar","v":"unit"}]},{"$i":"percentage","$v":[{"t":"idOrVar","v":"percentage"}," %"]},{"$i":"partialResult","$v":[{"t":"idOrVar","v":"partial"}," / ",{"t":"idOrVar","v":"total"}]},{"$i":"summary","$v":[{"t":"idOrVar","v":"date"}," - ",{"t":"idOrVar","v":"status"}]},{"$i":"download-stopped","$v":"נעצר"},{"$i":"download-failed","$v":"ההורדה נכשלה"},{"$i":"open_downloaded_file","$v":"פתח"},{"$i":"share_downloaded_file","$v":"שתף"},{"$i":"wallpaper_downloaded_file","$v":"הגדר בתור טפט"},{"$i":"ringtone_downloaded_file","$v":"הגדר כרינגטון"},{"$i":"cancel_downloaded_file","$v":"ביטול"},{"$i":"select-download","$v":"בחר הורדה"},{"$i":"kai-select-download","$v":"בחר קובץ"},{"$i":"kai-ok","$v":"בחר"},{"$i":"kai-cancel","$v":"בטל"}]