[{"$i":"weekday-0-long","$v":"रविवार"},{"$i":"weekday-1-long","$v":"सोमवार"},{"$i":"weekday-2-long","$v":"मंगलवार"},{"$i":"weekday-3-long","$v":"बुधवार"},{"$i":"weekday-4-long","$v":"गुरुवार"},{"$i":"weekday-5-long","$v":"शुक्रवार"},{"$i":"weekday-6-long","$v":"शनिवार"},{"$i":"weekday-0-short","$v":"रवि"},{"$i":"weekday-1-short","$v":"सोम"},{"$i":"weekday-2-short","$v":"मंगल"},{"$i":"weekday-3-short","$v":"बुध"},{"$i":"weekday-4-short","$v":"गुरु"},{"$i":"weekday-5-short","$v":"शुक्र"},{"$i":"weekday-6-short","$v":"शनि"},{"$i":"month-0-long","$v":"जनवरी"},{"$i":"month-1-long","$v":"फरवरी"},{"$i":"month-2-long","$v":"मार्च"},{"$i":"month-3-long","$v":"अप्रैल"},{"$i":"month-4-long","$v":"मई"},{"$i":"month-5-long","$v":"जून"},{"$i":"month-6-long","$v":"जुलाई"},{"$i":"month-7-long","$v":"अगस्त"},{"$i":"month-8-long","$v":"सितंबर"},{"$i":"month-9-long","$v":"अक्टूबर"},{"$i":"month-10-long","$v":"नवंबर"},{"$i":"month-11-long","$v":"दिसंबर"},{"$i":"month-0-genitive","$v":"जनवरी"},{"$i":"month-1-genitive","$v":"फरवरी"},{"$i":"month-2-genitive","$v":"मार्च"},{"$i":"month-3-genitive","$v":"अप्रैल"},{"$i":"month-4-genitive","$v":"मई"},{"$i":"month-5-genitive","$v":"जून"},{"$i":"month-6-genitive","$v":"जुलाई"},{"$i":"month-7-genitive","$v":"अगस्त"},{"$i":"month-8-genitive","$v":"सितंबर"},{"$i":"month-9-genitive","$v":"अक्टूबर"},{"$i":"month-10-genitive","$v":"नवंबर"},{"$i":"month-11-genitive","$v":"दिसंबर"},{"$i":"month-0-short","$v":"जनवरी"},{"$i":"month-1-short","$v":"फरवरी"},{"$i":"month-2-short","$v":"मार्च"},{"$i":"month-3-short","$v":"अप्रैल"},{"$i":"month-4-short","$v":"मई"},{"$i":"month-5-short","$v":"जून"},{"$i":"month-6-short","$v":"जुलाई"},{"$i":"month-7-short","$v":"अगस्त"},{"$i":"month-8-short","$v":"सितंबर"},{"$i":"month-9-short","$v":"अक्टूबर"},{"$i":"month-10-short","$v":"नवंबर"},{"$i":"month-11-short","$v":"दिसंबर"},{"$i":"minutes-ago-long","$v":{"few":[{"t":"idOrVar","v":"value"}," मिनट पहले"],"many":[{"t":"idOrVar","v":"value"}," मिनट पहले"],"one":"एक मिनट पहले","other":[{"t":"idOrVar","v":"value"}," मिनट पहले"],"two":[{"t":"idOrVar","v":"value"}," मिनट पहले"],"zero":"अभी"},"$x":[{"t":"idOrVar","v":"plural"},"value"]},{"$i":"hours-ago-long","$v":{"few":[{"t":"idOrVar","v":"value"}," घंटे पहले"],"many":[{"t":"idOrVar","v":"value"}," घंटे पहले"],"one":"एक घंटे पहले","other":[{"t":"idOrVar","v":"value"}," घंटे पहले"],"two":[{"t":"idOrVar","v":"value"}," घंटे पहले"],"zero":"अभी"},"$x":[{"t":"idOrVar","v":"plural"},"value"]},{"$i":"days-ago-long","$v":{"few":[{"t":"idOrVar","v":"value"}," दिनों पहले"],"many":[{"t":"idOrVar","v":"value"}," दिनों पहले"],"one":"बीता कल","other":[{"t":"idOrVar","v":"value"}," दिनों पहले"],"two":[{"t":"idOrVar","v":"value"}," दिनों पहले"],"zero":"आज"},"$x":[{"t":"idOrVar","v":"plural"},"value"]},{"$i":"weeks-ago-long","$v":{"few":[{"t":"idOrVar","v":"value"}," सप्ताह पहले"],"many":[{"t":"idOrVar","v":"value"}," सप्ताह पहले"],"one":"पिछले सप्ताह","other":[{"t":"idOrVar","v":"value"}," सप्ताह पहले"],"two":[{"t":"idOrVar","v":"value"}," सप्ताह पहले"],"zero":"इस सप्ताह"},"$x":[{"t":"idOrVar","v":"plural"},"value"]},{"$i":"months-ago-long","$v":{"few":[{"t":"idOrVar","v":"value"}," महीनों पहले"],"many":[{"t":"idOrVar","v":"value"}," महीनों पहले"],"one":"पिछले महीने","other":[{"t":"idOrVar","v":"value"}," महीनों पहले"],"two":[{"t":"idOrVar","v":"value"}," महीनों पहले"],"zero":"इस महीने"},"$x":[{"t":"idOrVar","v":"plural"},"value"]},{"$i":"years-ago-long","$v":{"few":[{"t":"idOrVar","v":"value"}," वर्ष पहले"],"many":[{"t":"idOrVar","v":"value"}," वर्ष पहले"],"one":"पिछले वर्ष","other":[{"t":"idOrVar","v":"value"}," वर्ष पहले"],"two":[{"t":"idOrVar","v":"value"}," वर्ष पहले"],"zero":"इस वर्ष"},"$x":[{"t":"idOrVar","v":"plural"},"value"]},{"$i":"minutes-until-long","$v":{"few":[{"t":"idOrVar","v":"value"}," मिनट में"],"many":[{"t":"idOrVar","v":"value"}," मिनट में"],"one":"एक मिनट में","other":[{"t":"idOrVar","v":"value"}," मिनट में"],"two":[{"t":"idOrVar","v":"value"}," मिनट में"],"zero":"अभी"},"$x":[{"t":"idOrVar","v":"plural"},"value"]},{"$i":"hours-until-long","$v":{"few":[{"t":"idOrVar","v":"value"}," घंटों में"],"many":[{"t":"idOrVar","v":"value"}," घंटों में"],"one":"एक घंटे में","other":[{"t":"idOrVar","v":"value"}," घंटों में"],"two":[{"t":"idOrVar","v":"value"}," घंटों में"],"zero":"अभी"},"$x":[{"t":"idOrVar","v":"plural"},"value"]},{"$i":"days-until-long","$v":{"few":[{"t":"idOrVar","v":"value"}," दिनों में"],"many":[{"t":"idOrVar","v":"value"}," दिनों में"],"one":"कल","other":[{"t":"idOrVar","v":"value"}," दिनों में"],"two":[{"t":"idOrVar","v":"value"}," दिनों में"],"zero":"आज"},"$x":[{"t":"idOrVar","v":"plural"},"value"]},{"$i":"weeks-until-long","$v":{"few":[{"t":"idOrVar","v":"value"}," सप्ताह में"],"many":[{"t":"idOrVar","v":"value"}," सप्ताह में"],"one":"अगले सप्ताह","other":[{"t":"idOrVar","v":"value"}," सप्ताह में"],"two":[{"t":"idOrVar","v":"value"}," सप्ताह में"],"zero":"इस सप्ताह"},"$x":[{"t":"idOrVar","v":"plural"},"value"]},{"$i":"months-until-long","$v":{"few":[{"t":"idOrVar","v":"value"}," महीनो में"],"many":[{"t":"idOrVar","v":"value"}," महीनो में"],"one":"अगले महीने","other":[{"t":"idOrVar","v":"value"}," महीनो में"],"two":[{"t":"idOrVar","v":"value"}," महीनो में"],"zero":"इस महीने"},"$x":[{"t":"idOrVar","v":"plural"},"value"]},{"$i":"years-until-long","$v":{"few":[{"t":"idOrVar","v":"value"}," वर्षों में"],"many":[{"t":"idOrVar","v":"value"}," वर्षों में"],"one":"अगले वर्ष","other":[{"t":"idOrVar","v":"value"}," वर्षों में"],"two":[{"t":"idOrVar","v":"value"}," वर्षों में"],"zero":"इस वर्ष"},"$x":[{"t":"idOrVar","v":"plural"},"value"]},{"$i":"minutes-ago-short","$v":{"other":[{"t":"idOrVar","v":"value"}," मिनट पहले"],"zero":"अभी"},"$x":[{"t":"idOrVar","v":"plural"},"value"]},{"$i":"hours-ago-short","$v":{"other":[{"t":"idOrVar","v":"value"}," घंटे पहले"],"zero":"अभी"},"$x":[{"t":"idOrVar","v":"plural"},"value"]},{"$i":"days-ago-short","$v":{"other":[{"t":"idOrVar","v":"value"}," दिनों पहले"],"zero":"आज"},"$x":[{"t":"idOrVar","v":"plural"},"value"]},{"$i":"minutes-until-short","$v":{"other":[{"t":"idOrVar","v":"value"},"मिनिट में"],"zero":"अभी"},"$x":[{"t":"idOrVar","v":"plural"},"value"]},{"$i":"hours-until-short","$v":{"other":[{"t":"idOrVar","v":"value"},"घंटे में"],"zero":"अभी"},"$x":[{"t":"idOrVar","v":"plural"},"value"]},{"$i":"days-until-short","$v":{"other":[{"t":"idOrVar","v":"value"},"दिन में"],"zero":"आज"},"$x":[{"t":"idOrVar","v":"plural"},"value"]},{"$i":"incorrectDate","$v":"(गलत दिनांक)"},{"$i":"dateTimeFormat_%c","$v":"%a %b %e %Y %I:%M:%S %p"},{"$i":"dateTimeFormat_%x","$v":"%m/%d/%Y"},{"$i":"dateTimeFormat_%X","$v":"%I:%M:%S %p"},{"$i":"shortTimeFormat","$v":"%I:%M %p"},{"$i":"shortTimeFormat12","$v":"%I:%M %p"},{"$i":"shortTimeFormat24","$v":"%H:%M"},{"$i":"shortDateTimeFormat","$v":"%x %I:%M %p"},{"$i":"weekStartsOnMonday","$v":"0.0"},{"$i":"firstDayOfTheWeek","$v":"0.0"},{"$i":"time_am","$v":"AM"},{"$i":"time_pm","$v":"PM"},{"$i":"stopped_download_title","$v":"डाउनलोड रुक गया हैं"},{"$i":"kai-stopped_download_message","$v":"This download was stopped. Would you like to resume downloading?"},{"$i":"stopped_download_left_button","$v":"रद्द करें"},{"$i":"stopped_download_right_button","$v":"फिर से प्रयास करें"},{"$i":"failed_download_title","$v":"डाउनलोड विफल रहा"},{"$i":"failed_download_message","$v":[{"t":"idOrVar","v":"name"}," डाउनलोड करने में विफल रहा। दोबारा डाउनलोड करने का प्रयास करें?"]},{"$i":"failed_download_left_button","$v":"रद्द करें"},{"$i":"failed_download_right_button","$v":"फिर से प्रयास करें"},{"$i":"stop_download_title","$v":"डाउनलोड रोकें"},{"$i":"stop_download_message","$v":"क्या आप डाउनलोड रोकना चाहते हैं?"},{"$i":"stop_download_left_button","$v":"रद्द करें"},{"$i":"stop_download_right_button","$v":"रोकें"},{"$i":"delete_download_title","$v":"हटाएँ"},{"$i":"delete_download_message","$v":[{"t":"idOrVar","v":"Name"},"\" को हटाएं?"]},{"$i":"delete_download_left_button","$v":"रद्द करें"},{"$i":"delete_download_right_button","$v":"हटाएँ"},{"$i":"delete_all_download_title","$v":"हटाएँ"},{"$i":"delete_all_download_left_button","$v":"रद्द करें"},{"$i":"delete_all_download_right_button","$v":"हटाएँ"},{"$i":"delete_all_download_message_ext","$v":"चुने हुए फाइलों को हटाएं?"},{"$i":"delete_all_download_message","$v":{"few":[{"t":"idOrVar","v":"number"}," फ़ाइलें हटाएं?"],"many":[{"t":"idOrVar","v":"number"}," फ़ाइलें हटाएं?"],"one":"एक फ़ाइल हटाएँ?","other":[{"t":"idOrVar","v":"number"}," फ़ाइलें हटाएं?"],"two":[{"t":"idOrVar","v":"number"}," फ़ाइलें हटाएं?"],"zero":"कोई फ़ाइलें नहीं हटाएँ?"},"$x":[{"t":"idOrVar","v":"plural"},"number"]},{"$i":"unsupported_file_type_download_title","$v":"खोलने में असमर्थ"},{"$i":"unsupported_file_type_download_message","$v":[{"t":"idOrVar","v":"name"}," खोलने वाला कोई ऐप नहीं हैं । क्या आप फ़ाइल को सेव करना चाहते हैं या इसे हटाएँ?"]},{"$i":"unsupported_file_type_download_left_button","$v":"फ़ाइल रखें"},{"$i":"unsupported_file_type_download_right_button","$v":"हटाएँ"},{"$i":"file_not_found_download_title","$v":"फ़ाइल नहीं मिली"},{"$i":"file_not_found_download_message","$v":"फ़ाइल डिवाइस पर नहीं मिली"},{"$i":"file_not_found_download_right_button","$v":"ठीक हैं"},{"$i":"unmounted_sdcard_2_download_title","$v":"मेमोरी कार्ड उपयोग में हैं"},{"$i":"unmounted_sdcard_2_download_message","$v":"फ़ोन को अनप्लग करें"},{"$i":"unmounted_sdcard_2_download_right_button","$v":"ठीक हैं"},{"$i":"no_provider_download_title","$v":"खोलने में असमर्थ"},{"$i":"no_provider_download_message","$v":"यह फ़ाइल फोर्मेट मान्य या सपोर्टेड नहीं है।"},{"$i":"no_provider_download_right_button","$v":"ठीक हैं"},{"$i":"no_memory_download_title","$v":"SD कार्ड पूरा भरा हैं"},{"$i":"no_memory_download_message","$v":"आपके डाउनलोड को सेव करने के लिए SD कार्ड में जगह नहीं है। कृपया डाउनलोड को फिर से शुरू करने के लिए कुछ फ़ाइलों को निकालें।"},{"$i":"no_memory_download_right_button","$v":"ठीक हैं"},{"$i":"no_sdcard_found_2_download_title","$v":"कोई मेमोरी कार्ड नहीं मिला"},{"$i":"no_sdcard_found_2_download_message","$v":"मेमोरी कार्ड डालें या सेटिंग्स में वैकल्पिक डिफ़ॉल्ट मीडिया स्थान को चुनें"},{"$i":"no_sdcard_found_2_download_right_button","$v":"ठीक हैं"},{"$i":"file_open_error_download_title","$v":"पुष्टिकरण"},{"$i":"file_open_error_download_message","$v":"यह फ़ाइल फॉर्मेट अमान्य हैं या असमर्थित हैं। क्या आप फ़ाइल को हटाना चाहते हैं?"},{"$i":"file_open_error_download_left_button","$v":"फ़ाइल रखें"},{"$i":"file_open_error_download_right_button","$v":"हटाएँ"},{"$i":"restart_download_error","$v":"डाउनलोड को फिर से शुरू करने में त्रुटि हुई। कृपया फिर से डाउनलोड करने का प्रयास करें।"},{"$i":"no-downloads","$v":"कोई डाउनलोड नहीं हैं"},{"$i":"byteUnit-B","$v":"B"},{"$i":"byteUnit-KB","$v":"KB"},{"$i":"byteUnit-MB","$v":"MB"},{"$i":"byteUnit-GB","$v":"GB"},{"$i":"byteUnit-TB","$v":"TB"},{"$i":"fileSize","$v":[{"t":"idOrVar","v":"size"}," ",{"t":"idOrVar","v":"unit"}]},{"$i":"percentage","$v":[{"t":"idOrVar","v":"percentage"}," %"]},{"$i":"partialResult","$v":[{"t":"idOrVar","v":"partial"}," / ",{"t":"idOrVar","v":"total"}]},{"$i":"summary","$v":[{"t":"idOrVar","v":"date"}," - ",{"t":"idOrVar","v":"status"}]},{"$i":"download-stopped","$v":"रुक गया हैं"},{"$i":"download-failed","$v":"डाउनलोड विफल रहा"},{"$i":"open_downloaded_file","$v":"खोलें"},{"$i":"share_downloaded_file","$v":"साझा करें"},{"$i":"wallpaper_downloaded_file","$v":"वॉलपेपर के रूप में सेट करें"},{"$i":"ringtone_downloaded_file","$v":"रिंगटोन के रूप में सेट करें"},{"$i":"cancel_downloaded_file","$v":"रद्द करें"},{"$i":"select-download","$v":"डाउनलोड चुनें"},{"$i":"kai-select-download","$v":"एक फ़ाइल चुनें"},{"$i":"kai-ok","$v":"चुनें"},{"$i":"kai-cancel","$v":"रद्द करें"}]