[{"$i":"weekday-0-long","$v":"អាទិត្យ"},{"$i":"weekday-1-long","$v":"ចន្ទ"},{"$i":"weekday-2-long","$v":"អង្គារ"},{"$i":"weekday-3-long","$v":"ពុធ"},{"$i":"weekday-4-long","$v":"ព្រហស្បតិ៍"},{"$i":"weekday-5-long","$v":"សុក្រ"},{"$i":"weekday-6-long","$v":"សៅរ៍"},{"$i":"weekday-0-short","$v":"អា"},{"$i":"weekday-1-short","$v":"ច"},{"$i":"weekday-2-short","$v":"អ"},{"$i":"weekday-3-short","$v":"ពុ"},{"$i":"weekday-4-short","$v":"ព្រ"},{"$i":"weekday-5-short","$v":"សុ"},{"$i":"weekday-6-short","$v":"ស"},{"$i":"month-0-long","$v":"មករា"},{"$i":"month-1-long","$v":"កុម្ភៈ"},{"$i":"month-2-long","$v":"មីនា"},{"$i":"month-3-long","$v":"មេសា"},{"$i":"month-4-long","$v":"ឧសភា"},{"$i":"month-5-long","$v":"មិថុនា"},{"$i":"month-6-long","$v":"កក្កដា"},{"$i":"month-7-long","$v":"សីហា"},{"$i":"month-8-long","$v":"កញ្ញា"},{"$i":"month-9-long","$v":"តុលា"},{"$i":"month-10-long","$v":"វិច្ឆិកា"},{"$i":"month-11-long","$v":"ធ្នូ"},{"$i":"month-0-genitive","$v":"មករា"},{"$i":"month-1-genitive","$v":"កុម្ភៈ"},{"$i":"month-2-genitive","$v":"មីនា"},{"$i":"month-3-genitive","$v":"មេសា"},{"$i":"month-4-genitive","$v":"ឧសភា"},{"$i":"month-5-genitive","$v":"មិថុនា"},{"$i":"month-6-genitive","$v":"កក្កដា"},{"$i":"month-7-genitive","$v":"សីហា"},{"$i":"month-8-genitive","$v":"កញ្ញា"},{"$i":"month-9-genitive","$v":"តុលា"},{"$i":"month-10-genitive","$v":"វិច្ឆិកា"},{"$i":"month-11-genitive","$v":"ធ្នូ"},{"$i":"month-0-short","$v":"មករា"},{"$i":"month-1-short","$v":"កុម្ភៈ"},{"$i":"month-2-short","$v":"មីនា"},{"$i":"month-3-short","$v":"មេសា"},{"$i":"month-4-short","$v":"ឧសភា"},{"$i":"month-5-short","$v":"មិថុនា"},{"$i":"month-6-short","$v":"កក្កដា"},{"$i":"month-7-short","$v":"សីហា"},{"$i":"month-8-short","$v":"កញ្ញា"},{"$i":"month-9-short","$v":"តុលា"},{"$i":"month-10-short","$v":"វិច្ឆិកា"},{"$i":"month-11-short","$v":"ធ្នូ"},{"$i":"minutes-ago-long","$v":{"few":[{"t":"idOrVar","v":"value"}," នាទី​មុន"],"many":[{"t":"idOrVar","v":"value"}," នាទី​មុន"],"one":"មួយ​នាទី​មុន","other":[{"t":"idOrVar","v":"value"}," នាទី​មុន"],"two":[{"t":"idOrVar","v":"value"}," នាទី​មុន"],"zero":"អម្បាញ់​មិញ"},"$x":[{"t":"idOrVar","v":"plural"},"value"]},{"$i":"hours-ago-long","$v":{"few":[{"t":"idOrVar","v":"value"}," ម៉ោង​មុន"],"many":[{"t":"idOrVar","v":"value"}," ម៉ោង​មុន"],"one":"មួយ​ម៉ោង​មុន","other":[{"t":"idOrVar","v":"value"}," ម៉ោង​មុន"],"two":[{"t":"idOrVar","v":"value"}," ម៉ោង​មុន"],"zero":"អម្បាញ់​មិញ"},"$x":[{"t":"idOrVar","v":"plural"},"value"]},{"$i":"days-ago-long","$v":{"few":[{"t":"idOrVar","v":"value"}," ថ្ងៃ​មុន"],"many":[{"t":"idOrVar","v":"value"}," ថ្ងៃ​មុន"],"one":"ម្សិល​មិញ","other":[{"t":"idOrVar","v":"value"}," ថ្ងៃ​មុន"],"two":[{"t":"idOrVar","v":"value"}," ថ្ងៃ​មុន"],"zero":"ថ្ងៃ​នេះ"},"$x":[{"t":"idOrVar","v":"plural"},"value"]},{"$i":"weeks-ago-long","$v":{"few":[{"t":"idOrVar","v":"value"}," សប្ដាហ៍​មុន"],"many":[{"t":"idOrVar","v":"value"}," សប្ដាហ៍​មុន"],"one":"សប្ដាហ៍​មុន","other":[{"t":"idOrVar","v":"value"}," សប្ដាហ៍​មុន"],"two":[{"t":"idOrVar","v":"value"}," សប្ដាហ៍​មុន"],"zero":"សប្ដាហ៍​នេះ"},"$x":[{"t":"idOrVar","v":"plural"},"value"]},{"$i":"months-ago-long","$v":{"few":[{"t":"idOrVar","v":"value"}," ខែ​មុន"],"many":[{"t":"idOrVar","v":"value"}," ខែ​មុន"],"one":"ខែ​មុន","other":[{"t":"idOrVar","v":"value"}," ខែ​មុន"],"two":[{"t":"idOrVar","v":"value"}," ខែ​មុន"],"zero":"ខែ​នេះ"},"$x":[{"t":"idOrVar","v":"plural"},"value"]},{"$i":"years-ago-long","$v":{"few":[{"t":"idOrVar","v":"value"}," ឆ្នាំ​មុន"],"many":[{"t":"idOrVar","v":"value"}," ឆ្នាំ​មុន"],"one":"ឆ្នាំ​មុន","other":[{"t":"idOrVar","v":"value"}," ឆ្នាំ​មុន"],"two":[{"t":"idOrVar","v":"value"}," ឆ្នាំ​មុន"],"zero":"ឆ្នាំ​នេះ"},"$x":[{"t":"idOrVar","v":"plural"},"value"]},{"$i":"minutes-until-long","$v":{"few":["ក្នុង​ពេល ",{"t":"idOrVar","v":"value"}," នាទី"],"many":["ក្នុង​ពេល ",{"t":"idOrVar","v":"value"}," នាទី"],"one":"ក្នុង​ពេល​មួយ​នាទី","other":["ក្នុង​ពេល ",{"t":"idOrVar","v":"value"}," នាទី"],"two":["ក្នុង​ពេល ",{"t":"idOrVar","v":"value"}," នាទី"],"zero":"ឥឡូវ"},"$x":[{"t":"idOrVar","v":"plural"},"value"]},{"$i":"hours-until-long","$v":{"few":["ក្នុង​ពេល ",{"t":"idOrVar","v":"value"}," ម៉ោង"],"many":["ក្នុង​ពេល ",{"t":"idOrVar","v":"value"}," ម៉ោង"],"one":"ក្នុង​ពេល​មួយ​ម៉ោង","other":["ក្នុង​ពេល ",{"t":"idOrVar","v":"value"}," ម៉ោង"],"two":["ក្នុង​ពេល ",{"t":"idOrVar","v":"value"}," ម៉ោង"],"zero":"ឥឡូវ"},"$x":[{"t":"idOrVar","v":"plural"},"value"]},{"$i":"days-until-long","$v":{"few":["ក្នុង​ពេល ",{"t":"idOrVar","v":"value"}," ថ្ងៃ"],"many":["ក្នុង​ពេល ",{"t":"idOrVar","v":"value"}," ថ្ងៃ"],"one":"ស្អែក","other":["ក្នុង​ពេល ",{"t":"idOrVar","v":"value"}," ថ្ងៃ"],"two":["ក្នុង​ពេល ",{"t":"idOrVar","v":"value"}," ថ្ងៃ"],"zero":"ថ្ងៃ​នេះ"},"$x":[{"t":"idOrVar","v":"plural"},"value"]},{"$i":"weeks-until-long","$v":{"few":["ក្នុង​ពេល ",{"t":"idOrVar","v":"value"}," សប្ដាហ៍"],"many":["ក្នុង​ពេល ",{"t":"idOrVar","v":"value"}," សប្ដាហ៍"],"one":"សប្ដាហ៍​ក្រោយ","other":["ក្នុង​ពេល ",{"t":"idOrVar","v":"value"}," សប្ដាហ៍"],"two":["ក្នុង​ពេល ",{"t":"idOrVar","v":"value"}," សប្ដាហ៍"],"zero":"សប្ដាហ៍​នេះ"},"$x":[{"t":"idOrVar","v":"plural"},"value"]},{"$i":"months-until-long","$v":{"few":["ក្នុង​ពេល ",{"t":"idOrVar","v":"value"}," ខែ"],"many":["ក្នុង​ពេល ",{"t":"idOrVar","v":"value"}," ខែ"],"one":"ខែ​ក្រោយ","other":["ក្នុង​ពេល ",{"t":"idOrVar","v":"value"}," ខែ"],"two":["ក្នុង​ពេល ",{"t":"idOrVar","v":"value"}," ខែ"],"zero":"ខែ​នេះ"},"$x":[{"t":"idOrVar","v":"plural"},"value"]},{"$i":"years-until-long","$v":{"few":["ក្នុង​ពេល ",{"t":"idOrVar","v":"value"}," ឆ្នាំ"],"many":["ក្នុង​ពេល ",{"t":"idOrVar","v":"value"}," ឆ្នាំ"],"one":"ឆ្នាំ​ក្រោយ","other":["ក្នុង​ពេល ",{"t":"idOrVar","v":"value"}," ឆ្នាំ"],"two":["ក្នុង​ពេល ",{"t":"idOrVar","v":"value"}," ឆ្នាំ"],"zero":"ឆ្នាំ​នេះ"},"$x":[{"t":"idOrVar","v":"plural"},"value"]},{"$i":"minutes-ago-short","$v":{"other":[{"t":"idOrVar","v":"value"}," នា. មុន"],"zero":"អម្បាញ់​មិញ"},"$x":[{"t":"idOrVar","v":"plural"},"value"]},{"$i":"hours-ago-short","$v":{"other":[{"t":"idOrVar","v":"value"}," ម៉. មុន"],"zero":"អម្បាញ់​មិញ"},"$x":[{"t":"idOrVar","v":"plural"},"value"]},{"$i":"days-ago-short","$v":{"other":[{"t":"idOrVar","v":"value"}," ថ្ងៃ​មុន"],"zero":"ថ្ងៃ​នេះ"},"$x":[{"t":"idOrVar","v":"plural"},"value"]},{"$i":"minutes-until-short","$v":{"other":["ក្នុង​ពេល ",{"t":"idOrVar","v":"value"}," នា"],"zero":"ឥឡូវ"},"$x":[{"t":"idOrVar","v":"plural"},"value"]},{"$i":"hours-until-short","$v":{"other":["ក្នុងពេល  ",{"t":"idOrVar","v":"value"}," ម៉"],"zero":"ឥឡូវ"},"$x":[{"t":"idOrVar","v":"plural"},"value"]},{"$i":"days-until-short","$v":{"other":["ក្នុង​ពេល ",{"t":"idOrVar","v":"value"}," ថ្ងៃ"],"zero":"ថ្ងៃ​នេះ"},"$x":[{"t":"idOrVar","v":"plural"},"value"]},{"$i":"incorrectDate","$v":"(កាល​បរិច្ឆេទ​ខុស)"},{"$i":"dateTimeFormat_%c","$v":"%a %b %e %Y %I:%M:%S %p"},{"$i":"dateTimeFormat_%x","$v":"%d/%m/%Y"},{"$i":"dateTimeFormat_%X","$v":"%I:%M:%S %p"},{"$i":"shortTimeFormat","$v":"%I:%M %p"},{"$i":"shortTimeFormat12","$v":"%I:%M %p"},{"$i":"shortTimeFormat24","$v":"%H:%M"},{"$i":"shortDateTimeFormat","$v":"%x %I:%M %p"},{"$i":"weekStartsOnMonday","$v":"0.0"},{"$i":"firstDayOfTheWeek","$v":"0.0"},{"$i":"time_am","$v":"ព្រឹក"},{"$i":"time_pm","$v":"រសៀល"},{"$i":"stopped_download_title","$v":"ការទាញ​យក​បាន​ឈប់"},{"$i":"kai-stopped_download_message","$v":"This download was stopped. Would you like to resume downloading?"},{"$i":"stopped_download_left_button","$v":"បោះបង់"},{"$i":"stopped_download_right_button","$v":"ព្យាយាម​ម្ដង​ទៀត"},{"$i":"failed_download_title","$v":"មិន​អាច​ទាញ​យក​បាន​ទេ"},{"$i":"failed_download_message","$v":["ទាញ​យក ",{"t":"idOrVar","v":"name"}," មិន​បាន​សម្រេច។ សាក​ទាញ​យក​ម្ដង​ទៀត​ឬ?"]},{"$i":"failed_download_left_button","$v":"បោះបង់"},{"$i":"failed_download_right_button","$v":"ព្យាយាម​ម្ដង​ទៀត"},{"$i":"stop_download_title","$v":"ឈប់​ទាញ​យក"},{"$i":"stop_download_message","$v":"តើ​អ្នក​ប្រាកដ​ថា​ចង់​ឈប់​ទាញ​យក​មែន​ឬ?"},{"$i":"stop_download_left_button","$v":"បោះបង់"},{"$i":"stop_download_right_button","$v":"បញ្ឈប់"},{"$i":"delete_download_title","$v":"លុប"},{"$i":"delete_download_message","$v":["លុប ",{"t":"idOrVar","v":"name"}," ឬ?"]},{"$i":"delete_download_left_button","$v":"បោះបង់"},{"$i":"delete_download_right_button","$v":"លុប"},{"$i":"delete_all_download_title","$v":"លុប"},{"$i":"delete_all_download_left_button","$v":"បោះបង់"},{"$i":"delete_all_download_right_button","$v":"លុប"},{"$i":"delete_all_download_message_ext","$v":"តើ​លុប​ឯកសារ​ដែល​បាន​ជ្រើស​ឬ?"},{"$i":"delete_all_download_message","$v":{"few":["លុប​ឯកសារ ",{"t":"idOrVar","v":"number"}," ឬ?"],"many":["លុប​ឯកសារ ",{"t":"idOrVar","v":"number"}," ឬ?"],"one":"តើ​លុប​ឯកសារ​មួយ​ឬ?","other":["លុប​ឯកសារ ",{"t":"idOrVar","v":"number"}," ឬ?"],"two":["លុប​ឯកសារ ",{"t":"idOrVar","v":"number"}," ឬ?"],"zero":"មិន​លុប​ឯកសារ​ណា​ទេ​ឬ?"},"$x":[{"t":"idOrVar","v":"plural"},"number"]},{"$i":"unsupported_file_type_download_title","$v":"មិន​អាច​បើក​បាន​ទេ"},{"$i":"unsupported_file_type_download_message","$v":["គ្មាន​កម្មវិធី​ដែល​អាច​បើក ",{"t":"idOrVar","v":"name"}," បាន​ទេ។ តើ​អ្នក​ចង់​រក្សា​ទុក​ឯកសារ ឬ​លុប​វា​ទេ?"]},{"$i":"unsupported_file_type_download_left_button","$v":"រក្សា​ឯកសារ"},{"$i":"unsupported_file_type_download_right_button","$v":"លុប"},{"$i":"file_not_found_download_title","$v":"រក​ឯកសារ​មិន​ឃើញ"},{"$i":"file_not_found_download_message","$v":"រក​មិន​ឃើញ​ឯកសារ​នេះ​លើ​ឧបករណ៍​ទេ"},{"$i":"file_not_found_download_right_button","$v":"យល់ព្រម"},{"$i":"unmounted_sdcard_2_download_title","$v":"កាត​អង្គ​ចង​ចាំ​កំពុង​ជាប់​ប្រើ"},{"$i":"unmounted_sdcard_2_download_message","$v":"ដក​ទូរស័ព្ទ"},{"$i":"unmounted_sdcard_2_download_right_button","$v":"យល់ព្រម"},{"$i":"no_provider_download_title","$v":"មិន​អាច​បើក​បាន​ទេ"},{"$i":"no_provider_download_message","$v":"ទម្រង់​ឯកសារ​នេះ​មិន​ត្រឹមត្រូវ ឬ​មិន​ស្គាល់​ទេ។"},{"$i":"no_provider_download_right_button","$v":"យល់ព្រម"},{"$i":"no_memory_download_title","$v":"កាត SD ពេញ"},{"$i":"no_memory_download_message","$v":"គ្មាន​ទំហំ​ទំនេរ​លើ​កាត SD នៅ​សល់​សម្រាប់​រក្សា​ទុក​ការទាញ​យក​របស់​អ្នក​ទេ។ សូម​លុប​ឯកសារ​ខ្លះ​ចេញ មុន​នឹង​ចាប់​ផ្ដើម​ការទាញ​យក​ឡើង​វិញ។"},{"$i":"no_memory_download_right_button","$v":"យល់ព្រម"},{"$i":"no_sdcard_found_2_download_title","$v":"រក​មិន​ឃើញ​មាន​កាត​អង្គ​ចងចាំ​ណា​ទេ"},{"$i":"no_sdcard_found_2_download_message","$v":"ស៊ក​បញ្ចូល​កាត​អង្គ​ចងចាំ ឬ​ជ្រើសរើស​ទីតាំង​មេឌៀ​លំនាំ​ដើម​ផ្សេង​ក្នុង​ការកំណត់"},{"$i":"no_sdcard_found_2_download_right_button","$v":"យល់ព្រម"},{"$i":"file_open_error_download_title","$v":"ការបញ្ជាក់"},{"$i":"file_open_error_download_message","$v":"ទម្រង់​ឯកសារ​នេះ​មិន​ត្រឹមត្រូវ ឬ​មិន​ស្គាល់​ទេ។ តើ​អ្នក​ចង់​លុប​ឯកសារ​នេះ​ទេ?"},{"$i":"file_open_error_download_left_button","$v":"រក្សា​ឯកសារ"},{"$i":"file_open_error_download_right_button","$v":"លុប"},{"$i":"restart_download_error","$v":"មាន​បញ្ហា​ពេល​ចាប់​ផ្ដើម​ការទាញ​យក​ឡើង​វិញ។ សូម​ព្យាយាម​ទាញ​យក​ម្ដង​ទៀត។"},{"$i":"no-downloads","$v":"គ្មាន​ការទាញយក​ទេ"},{"$i":"byteUnit-B","$v":"បៃ"},{"$i":"byteUnit-KB","$v":"គ.ប"},{"$i":"byteUnit-MB","$v":"ម.ប"},{"$i":"byteUnit-GB","$v":"ជ.ប"},{"$i":"byteUnit-TB","$v":"ត.ប"},{"$i":"fileSize","$v":[{"t":"idOrVar","v":"size"}," ",{"t":"idOrVar","v":"unit"}]},{"$i":"percentage","$v":[{"t":"idOrVar","v":"percentage"}," %"]},{"$i":"partialResult","$v":[{"t":"idOrVar","v":"partial"}," / ",{"t":"idOrVar","v":"total"}]},{"$i":"summary","$v":[{"t":"idOrVar","v":"date"}," - ",{"t":"idOrVar","v":"status"}]},{"$i":"download-stopped","$v":"បាន​បញ្ឈប់"},{"$i":"download-failed","$v":"មិន​អាច​ទាញ​យក​បាន​ទេ"},{"$i":"open_downloaded_file","$v":"បើក"},{"$i":"share_downloaded_file","$v":"ចែក​រំលែក"},{"$i":"wallpaper_downloaded_file","$v":"កំណត់​ជា​រូប​ផ្ទៃ​អេក្រង់"},{"$i":"ringtone_downloaded_file","$v":"កំណត់​ជា​សំឡេង​រោទ៍"},{"$i":"cancel_downloaded_file","$v":"បោះបង់"},{"$i":"select-download","$v":"ជ្រើស​ការទាញ​យក"},{"$i":"kai-select-download","$v":"ជ្រើសរើសឯកសារមួយ"},{"$i":"kai-ok","$v":"ជ្រើស"},{"$i":"kai-cancel","$v":"បោះ​បង់"}]