[{"$i":"weekday-0-long","$v":"ວັນອາທິດ"},{"$i":"weekday-1-long","$v":"ວັນ​ຈັນ"},{"$i":"weekday-2-long","$v":"ວັນຄານ"},{"$i":"weekday-3-long","$v":"ວັນ​ພຸດ"},{"$i":"weekday-4-long","$v":"ວັນພະຫັດ"},{"$i":"weekday-5-long","$v":"ວັນ​ສຸກ"},{"$i":"weekday-6-long","$v":"ວັນ​ເສົາ"},{"$i":"weekday-0-short","$v":"ອາທິດ"},{"$i":"weekday-1-short","$v":"ຈັນ"},{"$i":"weekday-2-short","$v":"ຄານ"},{"$i":"weekday-3-short","$v":"ພຸດ"},{"$i":"weekday-4-short","$v":"ພະຫັດ"},{"$i":"weekday-5-short","$v":"ສຸກ"},{"$i":"weekday-6-short","$v":"ເສົາ"},{"$i":"month-0-long","$v":"ມັງ​ກອນ"},{"$i":"month-1-long","$v":"ມ​ພາ"},{"$i":"month-2-long","$v":"ມີ​ນາ"},{"$i":"month-3-long","$v":"ເມ​ສາ"},{"$i":"month-4-long","$v":"ພຶດ​ສະ​ພາ"},{"$i":"month-5-long","$v":"ມິ​ຖຸ​ນາ"},{"$i":"month-6-long","$v":"ກໍ​ລະ​ກົດ"},{"$i":"month-7-long","$v":"ສິງຫາ"},{"$i":"month-8-long","$v":"ກັນ​ຍາ"},{"$i":"month-9-long","$v":"ຕຸ​ລາ"},{"$i":"month-10-long","$v":"ພະ​ຈິກ"},{"$i":"month-11-long","$v":"ທັນ​ວາ"},{"$i":"month-0-genitive","$v":"ມັງ​ກອນ"},{"$i":"month-1-genitive","$v":"ມ​ພາ"},{"$i":"month-2-genitive","$v":"ມີ​ນາ"},{"$i":"month-3-genitive","$v":"ເມ​ສາ"},{"$i":"month-4-genitive","$v":"ພຶດ​ສະ​ພາ"},{"$i":"month-5-genitive","$v":"ມິ​ຖຸ​ນາ"},{"$i":"month-6-genitive","$v":"ກໍ​ລະ​ກົດ"},{"$i":"month-7-genitive","$v":"ສິງຫາ"},{"$i":"month-8-genitive","$v":"ກັນ​ຍາ"},{"$i":"month-9-genitive","$v":"ຕຸ​ລາ"},{"$i":"month-10-genitive","$v":"ພະ​ຈິກ"},{"$i":"month-11-genitive","$v":"ທັນ​ວາ"},{"$i":"month-0-short","$v":"ມັງ​ກອນ"},{"$i":"month-1-short","$v":"ກຸມພາ"},{"$i":"month-2-short","$v":"ມີ​ນາ"},{"$i":"month-3-short","$v":"ເມ​ສາ"},{"$i":"month-4-short","$v":"ພຶດ​ສະ​ພາ"},{"$i":"month-5-short","$v":"ມິ​ຖຸ​ນາ"},{"$i":"month-6-short","$v":"ກໍ​​ລະ​​ກົດ"},{"$i":"month-7-short","$v":"ສິງຫາ"},{"$i":"month-8-short","$v":"ກັນຍາ"},{"$i":"month-9-short","$v":"ຕຸ​ລາ"},{"$i":"month-10-short","$v":"ພະ​ຈິກ"},{"$i":"month-11-short","$v":"ທັນ​ວາ"},{"$i":"minutes-ago-long","$v":{"few":[{"t":"idOrVar","v":"value"}," ນາທີກ່ອນ"],"many":[{"t":"idOrVar","v":"value"}," ນາທີກ່ອນ"],"one":"ໜຶ່ງນາທີຜ່ານມາ","other":[{"t":"idOrVar","v":"value"}," ນາທີກ່ອນ"],"two":[{"t":"idOrVar","v":"value"}," ນາທີກ່ອນ"],"zero":"ຕອນນີ້"},"$x":[{"t":"idOrVar","v":"plural"},"value"]},{"$i":"hours-ago-long","$v":{"few":[{"t":"idOrVar","v":"value"}," ຊົ່ວໂມງກ່ອນ"],"many":[{"t":"idOrVar","v":"value"}," ຊົ່ວໂມງກ່ອນ"],"one":"ໜຶ່ງຊົ່ວໂມງຜ່ານມາ","other":[{"t":"idOrVar","v":"value"}," ຊົ່ວໂມງກ່ອນ"],"two":[{"t":"idOrVar","v":"value"}," ຊົ່ວໂມງກ່ອນ"],"zero":"ຕອນນີ້"},"$x":[{"t":"idOrVar","v":"plural"},"value"]},{"$i":"days-ago-long","$v":{"few":[{"t":"idOrVar","v":"value"}," ມື້ກ່ອນ"],"many":[{"t":"idOrVar","v":"value"}," ມື້ກ່ອນ"],"one":"ມື້ວານ","other":[{"t":"idOrVar","v":"value"}," ມື້ກ່ອນ"],"two":[{"t":"idOrVar","v":"value"}," ມື້ກ່ອນ"],"zero":"ມື້ນີ້"},"$x":[{"t":"idOrVar","v":"plural"},"value"]},{"$i":"weeks-ago-long","$v":{"few":[{"t":"idOrVar","v":"value"}," ເດືອນກ່ອນໜ້າ"],"many":[{"t":"idOrVar","v":"value"}," ເດືອນກ່ອນໜ້າ"],"one":"ອາທິດຜ່ານມາ","other":[{"t":"idOrVar","v":"value"}," ເດືອນກ່ອນໜ້າ"],"two":[{"t":"idOrVar","v":"value"}," ເດືອນກ່ອນໜ້າ"],"zero":"ທິດນີ້"},"$x":[{"t":"idOrVar","v":"plural"},"value"]},{"$i":"months-ago-long","$v":{"few":[{"t":"idOrVar","v":"value"}," ເດືອນກ່ອນ"],"many":[{"t":"idOrVar","v":"value"}," ເດືອນກ່ອນ"],"one":"ເດືອນກ່ອນນີ້","other":[{"t":"idOrVar","v":"value"}," ເດືອນກ່ອນ"],"two":[{"t":"idOrVar","v":"value"}," ເດືອນກ່ອນ"],"zero":"ເດືອນນີ້"},"$x":[{"t":"idOrVar","v":"plural"},"value"]},{"$i":"years-ago-long","$v":{"few":[{"t":"idOrVar","v":"value"}," ປີຕໍ່ໄປ"],"many":[{"t":"idOrVar","v":"value"}," ປີຕໍ່ໄປ"],"one":"ປີກາຍນີ້","other":[{"t":"idOrVar","v":"value"}," ປີຕໍ່ໄປ"],"two":[{"t":"idOrVar","v":"value"}," ປີຕໍ່ໄປ"],"zero":"ປີນີ້"},"$x":[{"t":"idOrVar","v":"plural"},"value"]},{"$i":"minutes-until-long","$v":{"few":["ໃນ ",{"t":"idOrVar","v":"value"}," ຫຼາຍນາທີ"],"many":["ໃນ ",{"t":"idOrVar","v":"value"}," ຫຼາຍນາທີ"],"one":"ໃນໜຶ່ງນາທີ","other":["ໃນ ",{"t":"idOrVar","v":"value"}," ຫຼາຍນາທີ"],"two":["ໃນ ",{"t":"idOrVar","v":"value"}," ຫຼາຍນາທີ"],"zero":"ຕອນນີ້"},"$x":[{"t":"idOrVar","v":"plural"},"value"]},{"$i":"hours-until-long","$v":{"few":["ໃນ ",{"t":"idOrVar","v":"value"}," ຫຼາຍຊົ່ວໂມງ"],"many":["ໃນ ",{"t":"idOrVar","v":"value"}," ຫຼາຍຊົ່ວໂມງ"],"one":"ໃນໜຶ່ງຊົ່ວໂມງ","other":["ໃນ ",{"t":"idOrVar","v":"value"}," ຫຼາຍຊົ່ວໂມງ"],"two":["ໃນ ",{"t":"idOrVar","v":"value"}," ຫຼາຍຊົ່ວໂມງ"],"zero":"ຕອນນີ້"},"$x":[{"t":"idOrVar","v":"plural"},"value"]},{"$i":"days-until-long","$v":{"few":["ໃນ ",{"t":"idOrVar","v":"value"}," ຫຼາຍວັນ"],"many":["ໃນ ",{"t":"idOrVar","v":"value"}," ຫຼາຍວັນ"],"one":"ມື້ອື່ນ","other":["ໃນ ",{"t":"idOrVar","v":"value"}," ຫຼາຍວັນ"],"two":["ໃນ ",{"t":"idOrVar","v":"value"}," ຫຼາຍວັນ"],"zero":"ມື້ນີ້"},"$x":[{"t":"idOrVar","v":"plural"},"value"]},{"$i":"weeks-until-long","$v":{"few":["ໃນ ",{"t":"idOrVar","v":"value"}," ຫຼາຍອາທິດ"],"many":["ໃນ ",{"t":"idOrVar","v":"value"}," ຫຼາຍອາທິດ"],"one":"ອາທິດໜ້າ","other":["ໃນ ",{"t":"idOrVar","v":"value"}," ຫຼາຍອາທິດ"],"two":["ໃນ ",{"t":"idOrVar","v":"value"}," ຫຼາຍອາທິດ"],"zero":"ທິດນີ້"},"$x":[{"t":"idOrVar","v":"plural"},"value"]},{"$i":"months-until-long","$v":{"few":["ໃນ ",{"t":"idOrVar","v":"value"}," ຫຼາຍເດືອນ"],"many":["ໃນ ",{"t":"idOrVar","v":"value"}," ຫຼາຍເດືອນ"],"one":"ເດືອນໜ້າ","other":["ໃນ ",{"t":"idOrVar","v":"value"}," ຫຼາຍເດືອນ"],"two":["ໃນ ",{"t":"idOrVar","v":"value"}," ຫຼາຍເດືອນ"],"zero":"ເດືອນນີ້"},"$x":[{"t":"idOrVar","v":"plural"},"value"]},{"$i":"years-until-long","$v":{"few":["ໃນ ",{"t":"idOrVar","v":"value"}," ຫຼາຍປີ"],"many":["ໃນ ",{"t":"idOrVar","v":"value"}," ຫຼາຍປີ"],"one":"ປີໜ້າ","other":["ໃນ ",{"t":"idOrVar","v":"value"}," ຫຼາຍປີ"],"two":["ໃນ ",{"t":"idOrVar","v":"value"}," ຫຼາຍປີ"],"zero":"ປີນີ້"},"$x":[{"t":"idOrVar","v":"plural"},"value"]},{"$i":"minutes-ago-short","$v":{"other":[{"t":"idOrVar","v":"value"},"ນ ກ່ອນ"],"zero":"ຕອນນີ້"},"$x":[{"t":"idOrVar","v":"plural"},"value"]},{"$i":"hours-ago-short","$v":{"other":[{"t":"idOrVar","v":"value"},"ມ ກ່ອນ"],"zero":"ຕອນນີ້"},"$x":[{"t":"idOrVar","v":"plural"},"value"]},{"$i":"days-ago-short","$v":{"other":[{"t":"idOrVar","v":"value"},"ມື້ກ່ອນ"],"zero":"ມື້ນີ້"},"$x":[{"t":"idOrVar","v":"plural"},"value"]},{"$i":"minutes-until-short","$v":{"other":["ໃນ ",{"t":"idOrVar","v":"value"},"ດ"],"zero":"ຕອນນີ້"},"$x":[{"t":"idOrVar","v":"plural"},"value"]},{"$i":"hours-until-short","$v":{"other":["ໃນ ",{"t":"idOrVar","v":"value"},"ຊ.ມ"],"zero":"ຕອນນີ້"},"$x":[{"t":"idOrVar","v":"plural"},"value"]},{"$i":"days-until-short","$v":{"other":["ໃນ ",{"t":"idOrVar","v":"value"},"ວ"],"zero":"ມື້ນີ້"},"$x":[{"t":"idOrVar","v":"plural"},"value"]},{"$i":"incorrectDate","$v":"(ວັນທີບໍ່ຖືກຕ້ອງ)"},{"$i":"dateTimeFormat_%c","$v":"%a %b %e %Y %I:%M:%S %p"},{"$i":"dateTimeFormat_%x","$v":"%m/%d/%Y"},{"$i":"dateTimeFormat_%X","$v":"%I:%M:%S %p"},{"$i":"shortTimeFormat","$v":"%I:%M %p"},{"$i":"shortTimeFormat12","$v":"%I:%M %p"},{"$i":"shortTimeFormat24","$v":"%H:%M"},{"$i":"shortDateTimeFormat","$v":"%x %I:%M %p"},{"$i":"weekStartsOnMonday","$v":"0.0"},{"$i":"firstDayOfTheWeek","$v":"0.0"},{"$i":"time_am","$v":"AM"},{"$i":"time_pm","$v":"ຕອນເຊົ້າ"},{"$i":"stopped_download_title","$v":"ໄດ້ຢຸດການດາວໂຫຼດແລ້ວ"},{"$i":"kai-stopped_download_message","$v":"This download was stopped. Would you like to resume downloading?"},{"$i":"stopped_download_left_button","$v":"ຍົກເລີກ"},{"$i":"stopped_download_right_button","$v":"ລອງອີກຄັ້ງ"},{"$i":"failed_download_title","$v":"ດາວໂຫຼດ ລົ້ມເຫຼວ"},{"$i":"failed_download_message","$v":[{"t":"idOrVar","v":"name"}," ບໍ່ສາມາດດາວໂຫຼດໄດ້, ກະລຸນາລອງດາວໂຫຼດອີກຄັ້ງ?"]},{"$i":"failed_download_left_button","$v":"ຍົກເລີກ"},{"$i":"failed_download_right_button","$v":"ລອງອີກຄັ້ງ"},{"$i":"stop_download_title","$v":"ຢຸດດາວໂຫຼດ"},{"$i":"stop_download_message","$v":"ທ່ານໝັ້ນໃຈຫຼືບໍ່ວ່າ ຕ້ອງຢຸດການດາວໂຫຼດ??"},{"$i":"stop_download_left_button","$v":"ຍົກເລີກ"},{"$i":"stop_download_right_button","$v":"ຢຸດ"},{"$i":"delete_download_title","$v":"ລຶບ"},{"$i":"delete_download_message","$v":["ລຶບ \"",{"t":"idOrVar","v":"name"},"\" ຫຼືບໍ່?"]},{"$i":"delete_download_left_button","$v":"ຍົກເລີກ"},{"$i":"delete_download_right_button","$v":"ລຶບ"},{"$i":"delete_all_download_title","$v":"ລຶບ"},{"$i":"delete_all_download_left_button","$v":"ຍົກເລີກ"},{"$i":"delete_all_download_right_button","$v":"ລຶບ"},{"$i":"delete_all_download_message_ext","$v":"ຕ້ອງການລຶບໄຟລ໌ທີ່ເລືອກຫຼືບໍ່?"},{"$i":"delete_all_download_message","$v":{"few":["ລຶບ ",{"t":"idOrVar","v":"number"}," ເອກະສານ?"],"many":["ລຶບ ",{"t":"idOrVar","v":"number"}," ເອກະສານ?"],"one":"ລຶບເອກະສານໜຶ່ງ?","other":["ລຶບ ",{"t":"idOrVar","v":"number"}," ເອກະສານ?"],"two":["ລຶບ ",{"t":"idOrVar","v":"number"}," ເອກະສານ?"],"zero":"ໃຫ້ລຶບເອກະສານບໍ່?"},"$x":[{"t":"idOrVar","v":"plural"},"number"]},{"$i":"unsupported_file_type_download_title","$v":"ບໍ່ສາມາດເປີດໄດ້"},{"$i":"unsupported_file_type_download_message","$v":["ບໍ່ມີແອັບຯທີ່ສາມາດເປີດ ",{"t":"idOrVar","v":"name"}," ໄດ້. ທ່ານຕ້ອງການບັນທຶກໄຟລ໌ ຫຼື ລຶບມັນບໍ?"]},{"$i":"unsupported_file_type_download_left_button","$v":"ເກັບໄຟລ໌ໄວ້"},{"$i":"unsupported_file_type_download_right_button","$v":"ລຶບ"},{"$i":"file_not_found_download_title","$v":"ບໍ່ພົບເອກະສານ"},{"$i":"file_not_found_download_message","$v":"ໄຟລ໌ບໍ່ພົບໃນອຸປະກອນ"},{"$i":"file_not_found_download_right_button","$v":"ຕົກລົງ"},{"$i":"unmounted_sdcard_2_download_title","$v":"ກາດຄວາມຈຳທີ່ໃຊ້"},{"$i":"unmounted_sdcard_2_download_message","$v":"ຖອດສາຍສາກໂທລະສັບ ອອກ"},{"$i":"unmounted_sdcard_2_download_right_button","$v":"ຕົກລົງ"},{"$i":"no_provider_download_title","$v":"ບໍ່ສາມາດເປີດໄດ້"},{"$i":"no_provider_download_message","$v":"ຮູບແບບໄຟລ໌ນີ້ບໍ່ຖືກຕ້ອງ ຫຼື ບໍ່ຮອງຮັບ."},{"$i":"no_provider_download_right_button","$v":"ຕົກລົງ"},{"$i":"no_memory_download_title","$v":"ບັດ SD ເຕັມ"},{"$i":"no_memory_download_message","$v":"ບໍ່ມີຫ້ອງຫວ່າງເພີ່ມຕື່ມ ໃນກາດ SD ເພື່ອບັນທຶກ ການດາວໂຫຼດຂອງທ່ານ. ກະລຸນາລຶບບາງໄຟລ໌ກ່ອນ ຈະເລີ່ມດາວໂຫຼດອີກເທື່ອ ໜຶ່ງ."},{"$i":"no_memory_download_right_button","$v":"ຕົກລົງ"},{"$i":"no_sdcard_found_2_download_title","$v":"ບໍ່ພົບກາດຄວາມຈຳ"},{"$i":"no_sdcard_found_2_download_message","$v":"ໃສ່ກາດຄວາມຈຳ ຫຼືເລືອກຕຳແໜ່ງມີເດຍທີ່ ເປັນຄ່າເລີ່ມຕົ້ນໃນການຕັ້ງຄ່າ"},{"$i":"no_sdcard_found_2_download_right_button","$v":"ຕົກລົງ"},{"$i":"file_open_error_download_title","$v":"ການຢືນຢັນ"},{"$i":"file_open_error_download_message","$v":"ຮູບແບບໄຟລ໌ນີ້ບໍ່ຖືກຕ້ອງ ຫຼືບໍ່ສະໜັບສະໜູນ. ທ່ານຕ້ອງການລຶບໄຟລ໌ບໍ?"},{"$i":"file_open_error_download_left_button","$v":"ເກັບໄຟລ໌ໄວ້"},{"$i":"file_open_error_download_right_button","$v":"ລຶບ"},{"$i":"restart_download_error","$v":"ມີຂໍ້ຜິດພາດໃນຂະນະທີ່ເລີ່ມ ຕົ້ນດາວໂຫຼດອີກເທື່ອໜຶ່ງ. ກະລຸນາລອງດາວໂຫຼດອີກຄັ້ງ."},{"$i":"no-downloads","$v":"ບໍ່ມີການດາວໂຫຼດ"},{"$i":"byteUnit-B","$v":"B"},{"$i":"byteUnit-KB","$v":"KB"},{"$i":"byteUnit-MB","$v":"MB"},{"$i":"byteUnit-GB","$v":"GB"},{"$i":"byteUnit-TB","$v":"TB"},{"$i":"fileSize","$v":[{"t":"idOrVar","v":"size"}," ",{"t":"idOrVar","v":"unit"}]},{"$i":"percentage","$v":[{"t":"idOrVar","v":"percentage"}," %"]},{"$i":"partialResult","$v":[{"t":"idOrVar","v":"partial"}," / ",{"t":"idOrVar","v":"total"}]},{"$i":"summary","$v":[{"t":"idOrVar","v":"date"}," - ",{"t":"idOrVar","v":"status"}]},{"$i":"download-stopped","$v":"ຢຸດແລ້ວ"},{"$i":"download-failed","$v":"ດາວໂຫຼດ ລົ້ມເຫຼວ"},{"$i":"open_downloaded_file","$v":"ເປີດ"},{"$i":"share_downloaded_file","$v":"ແບ່ງປັນ"},{"$i":"wallpaper_downloaded_file","$v":"ຕັ້ງຄ່າວອລ໌ເປເປີ"},{"$i":"ringtone_downloaded_file","$v":"ຕັ້ງ​ເປັນ​ສຽງ​ເອີ້ນ​ເຂົ້າ"},{"$i":"cancel_downloaded_file","$v":"ຍົກເລີກ"},{"$i":"select-download","$v":"ເລືອກການດາວໂຫຼດ"},{"$i":"kai-select-download","$v":"ເລືອກໄຟລ໌"},{"$i":"kai-ok","$v":"ເລືອກ"},{"$i":"kai-cancel","$v":"ຍົກເລີກ"}]