[{"$i":"weekday-0-long","$v":"Недела"},{"$i":"weekday-1-long","$v":"Понеделник"},{"$i":"weekday-2-long","$v":"Вторник"},{"$i":"weekday-3-long","$v":"Среда"},{"$i":"weekday-4-long","$v":"Четврток"},{"$i":"weekday-5-long","$v":"Петок"},{"$i":"weekday-6-long","$v":"Сабота"},{"$i":"weekday-0-short","$v":"Нед"},{"$i":"weekday-1-short","$v":"Пон"},{"$i":"weekday-2-short","$v":"Вто"},{"$i":"weekday-3-short","$v":"Сре"},{"$i":"weekday-4-short","$v":"Чет"},{"$i":"weekday-5-short","$v":"Пет"},{"$i":"weekday-6-short","$v":"Саб"},{"$i":"month-0-long","$v":"Јануари"},{"$i":"month-1-long","$v":"Фебруари"},{"$i":"month-2-long","$v":"Март"},{"$i":"month-3-long","$v":"Април"},{"$i":"month-4-long","$v":"Мај"},{"$i":"month-5-long","$v":"Јуни"},{"$i":"month-6-long","$v":"Јули"},{"$i":"month-7-long","$v":"Август"},{"$i":"month-8-long","$v":"Септември"},{"$i":"month-9-long","$v":"Октомври"},{"$i":"month-10-long","$v":"Ноември"},{"$i":"month-11-long","$v":"Декември"},{"$i":"month-0-genitive","$v":"Јануари"},{"$i":"month-1-genitive","$v":"Февруари"},{"$i":"month-2-genitive","$v":"Март"},{"$i":"month-3-genitive","$v":"Април"},{"$i":"month-4-genitive","$v":"Мај"},{"$i":"month-5-genitive","$v":"Јуни"},{"$i":"month-6-genitive","$v":"Јули"},{"$i":"month-7-genitive","$v":"Август"},{"$i":"month-8-genitive","$v":"Септември"},{"$i":"month-9-genitive","$v":"Октомври"},{"$i":"month-10-genitive","$v":"Ноември"},{"$i":"month-11-genitive","$v":"Декември"},{"$i":"month-0-short","$v":"Јан"},{"$i":"month-1-short","$v":"Фев"},{"$i":"month-2-short","$v":"Мар"},{"$i":"month-3-short","$v":"Апр"},{"$i":"month-4-short","$v":"Мај"},{"$i":"month-5-short","$v":"Јун"},{"$i":"month-6-short","$v":"Јул"},{"$i":"month-7-short","$v":"Авг"},{"$i":"month-8-short","$v":"Сеп"},{"$i":"month-9-short","$v":"Окт"},{"$i":"month-10-short","$v":"Ное"},{"$i":"month-11-short","$v":"Дек"},{"$i":"minutes-ago-long","$v":{"few":[{"t":"idOrVar","v":"value"}," минути пред"],"many":[{"t":"idOrVar","v":"value"}," минути пред"],"one":"пред 1 минута","other":["Пред ",{"t":"idOrVar","v":"value"}," Минути"],"two":[{"t":"idOrVar","v":"value"}," минути пред"],"zero":"само што"},"$x":[{"t":"idOrVar","v":"plural"},"value"]},{"$i":"hours-ago-long","$v":{"few":[{"t":"idOrVar","v":"value"}," часови пред"],"many":[{"t":"idOrVar","v":"value"}," часови пред"],"one":"пред еден час","other":["Пред ",{"t":"idOrVar","v":"value"}," Часа"],"two":[{"t":"idOrVar","v":"value"}," часови пред"],"zero":"само што"},"$x":[{"t":"idOrVar","v":"plural"},"value"]},{"$i":"days-ago-long","$v":{"few":[{"t":"idOrVar","v":"value"}," денови пред"],"many":[{"t":"idOrVar","v":"value"}," денови пред"],"one":"вчера","other":["Пред ",{"t":"idOrVar","v":"value"}," Дена"],"two":[{"t":"idOrVar","v":"value"}," денови пред"],"zero":"денес"},"$x":[{"t":"idOrVar","v":"plural"},"value"]},{"$i":"weeks-ago-long","$v":{"few":[{"t":"idOrVar","v":"value"}," седмици пред"],"many":[{"t":"idOrVar","v":"value"}," седмици пред"],"one":"минатата недела","other":[{"t":"idOrVar","v":"value"}," седмици пред"],"two":[{"t":"idOrVar","v":"value"}," седмици пред"],"zero":"оваа седмица"},"$x":[{"t":"idOrVar","v":"plural"},"value"]},{"$i":"months-ago-long","$v":{"few":[{"t":"idOrVar","v":"value"}," месеци пред"],"many":[{"t":"idOrVar","v":"value"}," месеци пред"],"one":"минатиот месец","other":[{"t":"idOrVar","v":"value"}," месеци пред"],"two":[{"t":"idOrVar","v":"value"}," месеци пред"],"zero":"овој месец"},"$x":[{"t":"idOrVar","v":"plural"},"value"]},{"$i":"years-ago-long","$v":{"few":[{"t":"idOrVar","v":"value"}," години пред"],"many":[{"t":"idOrVar","v":"value"}," години пред"],"one":"минатата година","other":[{"t":"idOrVar","v":"value"}," години пред"],"two":[{"t":"idOrVar","v":"value"}," години пред"],"zero":"оваа година"},"$x":[{"t":"idOrVar","v":"plural"},"value"]},{"$i":"minutes-until-long","$v":{"few":["за ",{"t":"idOrVar","v":"value"}," минути"],"many":["за ",{"t":"idOrVar","v":"value"}," минути"],"one":"за една минута","other":["за ",{"t":"idOrVar","v":"value"}," минути"],"two":["за ",{"t":"idOrVar","v":"value"}," минути"],"zero":"сега"},"$x":[{"t":"idOrVar","v":"plural"},"value"]},{"$i":"hours-until-long","$v":{"few":["за ",{"t":"idOrVar","v":"value"}," часа"],"many":["за ",{"t":"idOrVar","v":"value"}," часа"],"one":"за еден час","other":["за ",{"t":"idOrVar","v":"value"}," часа"],"two":["за ",{"t":"idOrVar","v":"value"}," часа"],"zero":"сега"},"$x":[{"t":"idOrVar","v":"plural"},"value"]},{"$i":"days-until-long","$v":{"few":["за ",{"t":"idOrVar","v":"value"}," дена"],"many":["за ",{"t":"idOrVar","v":"value"}," дена"],"one":"утре","other":["за ",{"t":"idOrVar","v":"value"}," дена"],"two":["за ",{"t":"idOrVar","v":"value"}," дена"],"zero":"денес"},"$x":[{"t":"idOrVar","v":"plural"},"value"]},{"$i":"weeks-until-long","$v":{"few":["за ",{"t":"idOrVar","v":"value"}," седмици"],"many":["за ",{"t":"idOrVar","v":"value"}," седмици"],"one":"следната седмица","other":["за ",{"t":"idOrVar","v":"value"}," седмици"],"two":["за ",{"t":"idOrVar","v":"value"}," седмици"],"zero":"оваа седмица"},"$x":[{"t":"idOrVar","v":"plural"},"value"]},{"$i":"months-until-long","$v":{"few":["за ",{"t":"idOrVar","v":"value"}," месеци"],"many":["за ",{"t":"idOrVar","v":"value"}," месеци"],"one":"следниот месец","other":["за ",{"t":"idOrVar","v":"value"}," месеци"],"two":["за ",{"t":"idOrVar","v":"value"}," месеци"],"zero":"овој месец"},"$x":[{"t":"idOrVar","v":"plural"},"value"]},{"$i":"years-until-long","$v":{"few":["за ",{"t":"idOrVar","v":"value"}," години"],"many":["за ",{"t":"idOrVar","v":"value"}," години"],"one":"следната година","other":["за ",{"t":"idOrVar","v":"value"}," години"],"two":["за ",{"t":"idOrVar","v":"value"}," години"],"zero":"оваа година"},"$x":[{"t":"idOrVar","v":"plural"},"value"]},{"$i":"minutes-ago-short","$v":{"other":[{"t":"idOrVar","v":"value"},"м. пред"],"zero":"само што"},"$x":[{"t":"idOrVar","v":"plural"},"value"]},{"$i":"hours-ago-short","$v":{"other":[{"t":"idOrVar","v":"value"},"ч. пред"],"zero":"само што"},"$x":[{"t":"idOrVar","v":"plural"},"value"]},{"$i":"days-ago-short","$v":{"other":[{"t":"idOrVar","v":"value"},"д. пред"],"zero":"денес"},"$x":[{"t":"idOrVar","v":"plural"},"value"]},{"$i":"minutes-until-short","$v":{"other":["за ",{"t":"idOrVar","v":"value"},"м"],"zero":"сега"},"$x":[{"t":"idOrVar","v":"plural"},"value"]},{"$i":"hours-until-short","$v":{"other":["за ",{"t":"idOrVar","v":"value"},"ч"],"zero":"сега"},"$x":[{"t":"idOrVar","v":"plural"},"value"]},{"$i":"days-until-short","$v":{"other":["за ",{"t":"idOrVar","v":"value"},"д"],"zero":"денес"},"$x":[{"t":"idOrVar","v":"plural"},"value"]},{"$i":"incorrectDate","$v":"(неточна дата)"},{"$i":"dateTimeFormat_%c","$v":"%a %b %e %Y %I:%M:%S %p"},{"$i":"dateTimeFormat_%x","$v":"%m/%d/%Y"},{"$i":"dateTimeFormat_%X","$v":"%I:%M:%S %p"},{"$i":"shortTimeFormat","$v":"%I:%M %p"},{"$i":"shortTimeFormat12","$v":"%I:%M %p"},{"$i":"shortTimeFormat24","$v":"%H:%M"},{"$i":"shortDateTimeFormat","$v":"%x %I:%M %p"},{"$i":"weekStartsOnMonday","$v":"0.0"},{"$i":"firstDayOfTheWeek","$v":"1.0"},{"$i":"time_am","$v":"Претпл."},{"$i":"time_pm","$v":"пм"},{"$i":"stopped_download_title","$v":"Преземањето прекина"},{"$i":"kai-stopped_download_message","$v":"This download was stopped. Would you like to resume downloading?"},{"$i":"stopped_download_left_button","$v":"Откажи"},{"$i":"stopped_download_right_button","$v":"Обидете се повторно"},{"$i":"failed_download_title","$v":"Преземањето не успеа"},{"$i":"failed_download_message","$v":[{"t":"idOrVar","v":"name"}," не успеа да се преземи. Сакате повторно да се обидите?"]},{"$i":"failed_download_left_button","$v":"Откажи"},{"$i":"failed_download_right_button","$v":"Обидете се повторно"},{"$i":"stop_download_title","$v":"Запрете го преземањето"},{"$i":"stop_download_message","$v":"Сигурни ли сте дека сакате да го запрете преземањето?"},{"$i":"stop_download_left_button","$v":"Откажи"},{"$i":"stop_download_right_button","$v":"Запри"},{"$i":"delete_download_title","$v":"Избриши"},{"$i":"delete_download_message","$v":["Избриши „",{"t":"idOrVar","v":"name"},"“?"]},{"$i":"delete_download_left_button","$v":"Откажи"},{"$i":"delete_download_right_button","$v":"Избриши"},{"$i":"delete_all_download_title","$v":"Избриши"},{"$i":"delete_all_download_left_button","$v":"Откажи"},{"$i":"delete_all_download_right_button","$v":"Избриши"},{"$i":"delete_all_download_message_ext","$v":"Избриши ги избраните датотеки?"},{"$i":"delete_all_download_message","$v":{"few":["Избриши ",{"t":"idOrVar","v":"number"}," датотеки?"],"many":["Избриши ",{"t":"idOrVar","v":"number"}," датотеки?"],"one":"Избриши една датотека?","other":["Избриши ",{"t":"idOrVar","v":"number"}," датотеки?"],"two":["Избриши ",{"t":"idOrVar","v":"number"}," датотеки?"],"zero":"Бришење на датотеки?"},"$x":[{"t":"idOrVar","v":"plural"},"number"]},{"$i":"unsupported_file_type_download_title","$v":"Не може да се отвори"},{"$i":"unsupported_file_type_download_message","$v":["Нема аплик. што може да го отвори ",{"t":"idOrVar","v":"name"},". Сакате ли да ја зачувате или да ја избришете датотеката?"]},{"$i":"unsupported_file_type_download_left_button","$v":"Чувајте ја датотеката"},{"$i":"unsupported_file_type_download_right_button","$v":"Избриши"},{"$i":"file_not_found_download_title","$v":"Датотеката не е пронајдена"},{"$i":"file_not_found_download_message","$v":"Датотеката не беше пронајдена на уредот"},{"$i":"file_not_found_download_right_button","$v":"ОК"},{"$i":"unmounted_sdcard_2_download_title","$v":"Мемор. карт. е во употреба"},{"$i":"unmounted_sdcard_2_download_message","$v":"Исклучете го телефонот"},{"$i":"unmounted_sdcard_2_download_right_button","$v":"ОК"},{"$i":"no_provider_download_title","$v":"Не може да се отвори"},{"$i":"no_provider_download_message","$v":"Овој формат на датотеката е неважечки или не се поддржува."},{"$i":"no_provider_download_right_button","$v":"ОК"},{"$i":"no_memory_download_title","$v":"SD карт. е полна"},{"$i":"no_memory_download_message","$v":"Нема повеќе простор на ваш. SD карт. за да го зачувате ваш. преземање. Отстранете некои датотеки пред да го рестартирате преземањето."},{"$i":"no_memory_download_right_button","$v":"ОК"},{"$i":"no_sdcard_found_2_download_title","$v":"Не е пронајдена мемориска картичка"},{"$i":"no_sdcard_found_2_download_message","$v":"Вметнете мемориска карт. или изберете алтернативна стандардна локација за медиуми во поставувањата"},{"$i":"no_sdcard_found_2_download_right_button","$v":"ОК"},{"$i":"file_open_error_download_title","$v":"Потврдување"},{"$i":"file_open_error_download_message","$v":"Оваа датотека е невалидна или не се поддржува. Сакате ли да ја избришете?"},{"$i":"file_open_error_download_left_button","$v":"Чувајте ја датотеката"},{"$i":"file_open_error_download_right_button","$v":"Избриши"},{"$i":"restart_download_error","$v":"Имаше грешка при рестартирањето на преземањето. Обидете се повторно да го преземете."},{"$i":"no-downloads","$v":"Нема преземања"},{"$i":"byteUnit-B","$v":"B"},{"$i":"byteUnit-KB","$v":"KB"},{"$i":"byteUnit-MB","$v":"MB"},{"$i":"byteUnit-GB","$v":"GB"},{"$i":"byteUnit-TB","$v":"TB"},{"$i":"fileSize","$v":[{"t":"idOrVar","v":"size"}," ",{"t":"idOrVar","v":"unit"}]},{"$i":"percentage","$v":[{"t":"idOrVar","v":"percentage"}," %"]},{"$i":"partialResult","$v":[{"t":"idOrVar","v":"partial"}," / ",{"t":"idOrVar","v":"total"}]},{"$i":"summary","$v":[{"t":"idOrVar","v":"date"}," - ",{"t":"idOrVar","v":"status"}]},{"$i":"download-stopped","$v":"Запрено"},{"$i":"download-failed","$v":"Преземањето не успеа"},{"$i":"open_downloaded_file","$v":"Отворање"},{"$i":"share_downloaded_file","$v":"Споделување"},{"$i":"wallpaper_downloaded_file","$v":"Пост. како тапет"},{"$i":"ringtone_downloaded_file","$v":"Пост. како тон за ѕвон."},{"$i":"cancel_downloaded_file","$v":"Откажи"},{"$i":"select-download","$v":"Изберете преземање"},{"$i":"kai-select-download","$v":"Изберете датотека"},{"$i":"kai-ok","$v":"Изберете"},{"$i":"kai-cancel","$v":"Откажи"}]