[{"$i":"weekday-0-long","$v":"आइतबार"},{"$i":"weekday-1-long","$v":"सोमबार"},{"$i":"weekday-2-long","$v":"मङ्गलबार"},{"$i":"weekday-3-long","$v":"बुधबार"},{"$i":"weekday-4-long","$v":"बिहिबार"},{"$i":"weekday-5-long","$v":"शुक्रबार"},{"$i":"weekday-6-long","$v":"शनिबार"},{"$i":"weekday-0-short","$v":"सूर्य"},{"$i":"weekday-1-short","$v":"सोमबार"},{"$i":"weekday-2-short","$v":"मङ्गलबार"},{"$i":"weekday-3-short","$v":"बुधबार"},{"$i":"weekday-4-short","$v":"बिहीबार"},{"$i":"weekday-5-short","$v":"शुक्रबार"},{"$i":"weekday-6-short","$v":"शनिबार"},{"$i":"month-0-long","$v":"जनवरी"},{"$i":"month-1-long","$v":"फेब्रुअरी"},{"$i":"month-2-long","$v":"मार्च"},{"$i":"month-3-long","$v":"अप्रिल"},{"$i":"month-4-long","$v":"मे"},{"$i":"month-5-long","$v":"जुन"},{"$i":"month-6-long","$v":"जुलाइ"},{"$i":"month-7-long","$v":"अगस्ट"},{"$i":"month-8-long","$v":"सेप्टेम्बर"},{"$i":"month-9-long","$v":"अक्टुबर"},{"$i":"month-10-long","$v":"नोभेम्बर"},{"$i":"month-11-long","$v":"डिसेम्बर"},{"$i":"month-0-genitive","$v":"जनवरी"},{"$i":"month-1-genitive","$v":"फेब्रुअरी"},{"$i":"month-2-genitive","$v":"मार्च"},{"$i":"month-3-genitive","$v":"अप्रिल"},{"$i":"month-4-genitive","$v":"मे"},{"$i":"month-5-genitive","$v":"जुन"},{"$i":"month-6-genitive","$v":"जुलाइ"},{"$i":"month-7-genitive","$v":"अगस्ट"},{"$i":"month-8-genitive","$v":"सेप्टेम्बर"},{"$i":"month-9-genitive","$v":"अक्टुबर"},{"$i":"month-10-genitive","$v":"नोभेम्बर"},{"$i":"month-11-genitive","$v":"डिसेम्बर"},{"$i":"month-0-short","$v":"जनवरी"},{"$i":"month-1-short","$v":"फेब्रुअरी"},{"$i":"month-2-short","$v":"मार्च"},{"$i":"month-3-short","$v":"अप्रिल"},{"$i":"month-4-short","$v":"मे"},{"$i":"month-5-short","$v":"जुन"},{"$i":"month-6-short","$v":"जुलाई"},{"$i":"month-7-short","$v":"अगस्ट"},{"$i":"month-8-short","$v":"सेप्टेम्बर"},{"$i":"month-9-short","$v":"अक्टोबर"},{"$i":"month-10-short","$v":"नोभेम्बर"},{"$i":"month-11-short","$v":"डिसेम्बर"},{"$i":"minutes-ago-long","$v":{"few":[{"t":"idOrVar","v":"value"}," मिनेट पहिला"],"many":[{"t":"idOrVar","v":"value"}," मिनेट पहिला"],"one":"एक मिनेट अघि","other":[{"t":"idOrVar","v":"value"}," मिनेट पहिला"],"two":[{"t":"idOrVar","v":"value"}," मिनेट पहिला"],"zero":"अहिले भर्खर"},"$x":[{"t":"idOrVar","v":"plural"},"value"]},{"$i":"hours-ago-long","$v":{"few":[{"t":"idOrVar","v":"value"}," घण्टा पहिला"],"many":[{"t":"idOrVar","v":"value"}," घण्टा पहिला"],"one":"एक घण्टा अघि","other":[{"t":"idOrVar","v":"value"}," घण्टा पहिला"],"two":[{"t":"idOrVar","v":"value"}," घण्टा पहिला"],"zero":"अहिले भर्खर"},"$x":[{"t":"idOrVar","v":"plural"},"value"]},{"$i":"days-ago-long","$v":{"few":[{"t":"idOrVar","v":"value"}," दिन पहिला"],"many":[{"t":"idOrVar","v":"value"}," दिन पहिला"],"one":"हिजो","other":[{"t":"idOrVar","v":"value"}," दिन पहिला"],"two":[{"t":"idOrVar","v":"value"}," दिन पहिला"],"zero":"आज"},"$x":[{"t":"idOrVar","v":"plural"},"value"]},{"$i":"weeks-ago-long","$v":{"few":[{"t":"idOrVar","v":"value"}," हप्ता पहिला"],"many":[{"t":"idOrVar","v":"value"}," हप्ता पहिला"],"one":"गत हप्ता","other":[{"t":"idOrVar","v":"value"}," हप्ता पहिला"],"two":[{"t":"idOrVar","v":"value"}," हप्ता पहिला"],"zero":"यो हप्ता"},"$x":[{"t":"idOrVar","v":"plural"},"value"]},{"$i":"months-ago-long","$v":{"few":[{"t":"idOrVar","v":"value"}," महिना पहिला"],"many":[{"t":"idOrVar","v":"value"}," महिना पहिला"],"one":"गत महिना","other":[{"t":"idOrVar","v":"value"}," महिना पहिला"],"two":[{"t":"idOrVar","v":"value"}," महिना पहिला"],"zero":"यो महिना"},"$x":[{"t":"idOrVar","v":"plural"},"value"]},{"$i":"years-ago-long","$v":{"few":[{"t":"idOrVar","v":"value"}," वर्ष पहिला"],"many":[{"t":"idOrVar","v":"value"}," वर्ष पहिला"],"one":"गएको वर्ष","other":[{"t":"idOrVar","v":"value"}," वर्ष पहिला"],"two":[{"t":"idOrVar","v":"value"}," वर्ष पहिला"],"zero":"यो वर्ष"},"$x":[{"t":"idOrVar","v":"plural"},"value"]},{"$i":"minutes-until-long","$v":{"few":[{"t":"idOrVar","v":"value"}," मिनेटमा"],"many":[{"t":"idOrVar","v":"value"}," मिनेटमा"],"one":"एक मिनेटमा","other":[{"t":"idOrVar","v":"value"}," मिनेटमा"],"two":[{"t":"idOrVar","v":"value"}," मिनेटमा"],"zero":"अहिले"},"$x":[{"t":"idOrVar","v":"plural"},"value"]},{"$i":"hours-until-long","$v":{"few":[{"t":"idOrVar","v":"value"}," घण्टामा"],"many":[{"t":"idOrVar","v":"value"}," घण्टामा"],"one":"एक घण्टामा","other":[{"t":"idOrVar","v":"value"}," घण्टामा"],"two":[{"t":"idOrVar","v":"value"}," घण्टामा"],"zero":"अहिले"},"$x":[{"t":"idOrVar","v":"plural"},"value"]},{"$i":"days-until-long","$v":{"few":[{"t":"idOrVar","v":"value"}," दिनमा"],"many":[{"t":"idOrVar","v":"value"}," दिनमा"],"one":"भोली","other":[{"t":"idOrVar","v":"value"}," दिनमा"],"two":[{"t":"idOrVar","v":"value"}," दिनमा"],"zero":"आज"},"$x":[{"t":"idOrVar","v":"plural"},"value"]},{"$i":"weeks-until-long","$v":{"few":[{"t":"idOrVar","v":"value"}," हप्तामा"],"many":[{"t":"idOrVar","v":"value"}," हप्तामा"],"one":"अर्को हप्ता","other":[{"t":"idOrVar","v":"value"}," हप्तामा"],"two":[{"t":"idOrVar","v":"value"}," हप्तामा"],"zero":"यो हप्ता"},"$x":[{"t":"idOrVar","v":"plural"},"value"]},{"$i":"months-until-long","$v":{"few":[{"t":"idOrVar","v":"value"}," महिनामा"],"many":[{"t":"idOrVar","v":"value"}," महिनामा"],"one":"अर्को महिना","other":[{"t":"idOrVar","v":"value"}," महिनामा"],"two":[{"t":"idOrVar","v":"value"}," महिनामा"],"zero":"यो महिना"},"$x":[{"t":"idOrVar","v":"plural"},"value"]},{"$i":"years-until-long","$v":{"few":[{"t":"idOrVar","v":"value"}," वर्षमा"],"many":[{"t":"idOrVar","v":"value"}," वर्षमा"],"one":"अर्को वर्ष","other":[{"t":"idOrVar","v":"value"}," वर्षमा"],"two":[{"t":"idOrVar","v":"value"}," वर्षमा"],"zero":"यो वर्ष"},"$x":[{"t":"idOrVar","v":"plural"},"value"]},{"$i":"minutes-ago-short","$v":{"other":[{"t":"idOrVar","v":"value"}," मिनेट पहिला"],"zero":"अहिले भर्खर"},"$x":[{"t":"idOrVar","v":"plural"},"value"]},{"$i":"hours-ago-short","$v":{"other":[{"t":"idOrVar","v":"value"},"घण्टा पहिला"],"zero":"अहिले भर्खर"},"$x":[{"t":"idOrVar","v":"plural"},"value"]},{"$i":"days-ago-short","$v":{"other":[{"t":"idOrVar","v":"value"},"दिन पहिला"],"zero":"आज"},"$x":[{"t":"idOrVar","v":"plural"},"value"]},{"$i":"minutes-until-short","$v":{"other":[{"t":"idOrVar","v":"value"}," मिनेटमा"],"zero":"अहिले"},"$x":[{"t":"idOrVar","v":"plural"},"value"]},{"$i":"hours-until-short","$v":{"other":[{"t":"idOrVar","v":"value"}," घण्टामा"],"zero":"अहिले"},"$x":[{"t":"idOrVar","v":"plural"},"value"]},{"$i":"days-until-short","$v":{"other":[{"t":"idOrVar","v":"value"}," दिनमा"],"zero":"आज"},"$x":[{"t":"idOrVar","v":"plural"},"value"]},{"$i":"incorrectDate","$v":"(गलत मिति)"},{"$i":"dateTimeFormat_%c","$v":"%a %b %e %Y %I:%M:%S %p"},{"$i":"dateTimeFormat_%x","$v":"%m/%d/%Y"},{"$i":"dateTimeFormat_%X","$v":"%I:%M:%S %p"},{"$i":"shortTimeFormat","$v":"%I:%M %p"},{"$i":"shortTimeFormat12","$v":"%I:%M %p"},{"$i":"shortTimeFormat24","$v":"%H:%M"},{"$i":"shortDateTimeFormat","$v":"%x %I:%M %p"},{"$i":"weekStartsOnMonday","$v":"0.0"},{"$i":"firstDayOfTheWeek","$v":"0.0"},{"$i":"time_am","$v":"AM"},{"$i":"time_pm","$v":"PM"},{"$i":"stopped_download_title","$v":"डाउनलोड रोकियो"},{"$i":"kai-stopped_download_message","$v":"This download was stopped. Would you like to resume downloading?"},{"$i":"stopped_download_left_button","$v":"रद्द गर्नुहोस्"},{"$i":"stopped_download_right_button","$v":"फेरि प्रयास गर्नुहोस्"},{"$i":"failed_download_title","$v":"डाउनलोड असफल भयो"},{"$i":"failed_download_message","$v":[{"t":"idOrVar","v":"name"}," ले डाउनलोड गर्न सकेन डाउनलोडिङ् गर्न फेरी प्रयास गर्नुहोस् ?"]},{"$i":"failed_download_left_button","$v":"रद्द गर्नुहोस्"},{"$i":"failed_download_right_button","$v":"फेरि प्रयास गर्नुहोस्"},{"$i":"stop_download_title","$v":"डाउनलोड गर्न रोक्नुहोस्"},{"$i":"stop_download_message","$v":"तपाईं निश्चित रूपमा डाउनलोड रोक्न चाहनुहुन्छ"},{"$i":"stop_download_left_button","$v":"रद्द गर्नुहोस्"},{"$i":"stop_download_right_button","$v":"रोक्नुहोस्"},{"$i":"delete_download_title","$v":"मेट्नुहोस्"},{"$i":"delete_download_message","$v":["“",{"t":"idOrVar","v":"name"},"” लाई मेटाउने?"]},{"$i":"delete_download_left_button","$v":"रद्द गर्नुहोस्"},{"$i":"delete_download_right_button","$v":"मेट्नुहोस्"},{"$i":"delete_all_download_title","$v":"मेट्नुहोस्"},{"$i":"delete_all_download_left_button","$v":"रद्द गर्नुहोस्"},{"$i":"delete_all_download_right_button","$v":"मेट्नुहोस्"},{"$i":"delete_all_download_message_ext","$v":"चयन गरिएका फाइलहरूलाई मेटाउने?"},{"$i":"delete_all_download_message","$v":{"few":[{"t":"idOrVar","v":"number"}," फाइलहरू हटाउनुहोस् ?"],"many":[{"t":"idOrVar","v":"number"}," फाइलहरू हटाउनुहोस् ?"],"one":"एउटा फाइल हटाउनुहोस् ?","other":[{"t":"idOrVar","v":"number"}," फाइलहरू हटाउनुहोस् ?"],"two":[{"t":"idOrVar","v":"number"}," फाइलहरू हटाउनुहोस् ?"],"zero":"कुनै पनि फाइलहरू नहटाउनुहोस् ?"},"$x":[{"t":"idOrVar","v":"plural"},"number"]},{"$i":"unsupported_file_type_download_title","$v":"खोल्न असक्षम"},{"$i":"unsupported_file_type_download_message","$v":["त्यहाँ एप नै छैन् जस्ले ",{"t":"idOrVar","v":"name"}," लाई खोल्न सक्छ। के तपाईं फाइल बचत गर्न वा मेटाउन चाहनुहुन्छ ?"]},{"$i":"unsupported_file_type_download_left_button","$v":"फाइल राख्नुहोस्"},{"$i":"unsupported_file_type_download_right_button","$v":"मेट्नुहोस्"},{"$i":"file_not_found_download_title","$v":"फाइल फेला परेन"},{"$i":"file_not_found_download_message","$v":"यन्त्रमा कुनैपनि फाइलहरू पत्ता लगाउन सकेन"},{"$i":"file_not_found_download_right_button","$v":"ठीक छ"},{"$i":"unmounted_sdcard_2_download_title","$v":"मेमेरी कार्ड प्रयोगमा छ"},{"$i":"unmounted_sdcard_2_download_message","$v":"फोनलाई अनप्लग गर्नुहोस्"},{"$i":"unmounted_sdcard_2_download_right_button","$v":"ठीक छ"},{"$i":"no_provider_download_title","$v":"खोल्न असक्षम"},{"$i":"no_provider_download_message","$v":"यो फाइल ढाँचा अमान्य छ वा समर्थन गर्न नसकिनेछ।"},{"$i":"no_provider_download_right_button","$v":"ठीक छ"},{"$i":"no_memory_download_title","$v":"SD कार्ड भरि छ"},{"$i":"no_memory_download_message","$v":"त्यहाँ तपाईंको डाउनलोड गरिएकालाई SD कार्डमा बचत गर्न थप कक्ष छैन्। कृपया डाउनलोड गर्नु भन्दा अगाडि कुनै फाइलहरूलाई हटाउनुहोस्।"},{"$i":"no_memory_download_right_button","$v":"ठीक छ"},{"$i":"no_sdcard_found_2_download_title","$v":"कुनै मेमोरी कार्ड भेट्टाइएन"},{"$i":"no_sdcard_found_2_download_message","$v":"सेटिङहरुमा एकआपस पुर्वनिर्धारित मिडिया स्थान चयन गर्नुहोस् वा मेमोरी कार्ड घुसाउनुहोस्"},{"$i":"no_sdcard_found_2_download_right_button","$v":"ठीक छ"},{"$i":"file_open_error_download_title","$v":"पुष्टिकरण"},{"$i":"file_open_error_download_message","$v":"यो फाइल ढाँचा अमान्य छ वा समर्थन गर्न नसकिनेछ। तपाईं फाइल हटाउन चाहनुहुन्छ  ?"},{"$i":"file_open_error_download_left_button","$v":"फाइल राख्नुहोस्"},{"$i":"file_open_error_download_right_button","$v":"मेट्नुहोस्"},{"$i":"restart_download_error","$v":"डाउनलोडलाई प्रारम्भ गर्दा त्रुटि देखापर्यो। कृपया फेरि डाउनलोड गर्न प्रयास र्गर्नुहोस्।"},{"$i":"no-downloads","$v":"डाउनलोडहरू छैनन्"},{"$i":"byteUnit-B","$v":"B"},{"$i":"byteUnit-KB","$v":"KB"},{"$i":"byteUnit-MB","$v":"MB"},{"$i":"byteUnit-GB","$v":"GB"},{"$i":"byteUnit-TB","$v":"TB"},{"$i":"fileSize","$v":[{"t":"idOrVar","v":"size"}," ",{"t":"idOrVar","v":"unit"}]},{"$i":"percentage","$v":[{"t":"idOrVar","v":"percentage"}," %"]},{"$i":"partialResult","$v":[{"t":"idOrVar","v":"partial"}," / ",{"t":"idOrVar","v":"total"}]},{"$i":"summary","$v":[{"t":"idOrVar","v":"date"}," - ",{"t":"idOrVar","v":"status"}]},{"$i":"download-stopped","$v":"रोकियो"},{"$i":"download-failed","$v":"डाउनलोड असफल भयो"},{"$i":"open_downloaded_file","$v":"खोल्नुहोस्"},{"$i":"share_downloaded_file","$v":"साझेदारी"},{"$i":"wallpaper_downloaded_file","$v":"भित्तेकागजको रुपमा सेट गर्नुहोस्"},{"$i":"ringtone_downloaded_file","$v":"रिङ्गटोनको रूपमा सेट गर्नुहोस्"},{"$i":"cancel_downloaded_file","$v":"रद्द गर्नुहोस्"},{"$i":"select-download","$v":"डाउनलोड चयन गर्नुहोस्"},{"$i":"kai-select-download","$v":"एउटा फाइल चयन गर्नुहोस्"},{"$i":"kai-ok","$v":"चयन गर्नुहोस्"},{"$i":"kai-cancel","$v":"रद्द गर्नुहोस्"}]