[{"$i":"weekday-0-long","$v":"ஞாயிறுக்கிழமை"},{"$i":"weekday-1-long","$v":"திங்கள்"},{"$i":"weekday-2-long","$v":"செவ்வாய்க்கிழமை"},{"$i":"weekday-3-long","$v":"புதன்கிழமை"},{"$i":"weekday-4-long","$v":"வியாழக்கிழமை"},{"$i":"weekday-5-long","$v":"வெள்ளி"},{"$i":"weekday-6-long","$v":"சனிக்கிழமை"},{"$i":"weekday-0-short","$v":"ஞாயிறுக்கிழமை"},{"$i":"weekday-1-short","$v":"திங்கள்"},{"$i":"weekday-2-short","$v":"செவ்வாய்க்கிழமை"},{"$i":"weekday-3-short","$v":"புதன்கிழமை"},{"$i":"weekday-4-short","$v":"வியாழன்"},{"$i":"weekday-5-short","$v":"வெள்ளி"},{"$i":"weekday-6-short","$v":"சனிக்கிழமை"},{"$i":"month-0-long","$v":"ஜனவரி"},{"$i":"month-1-long","$v":"பிப்ரவரி"},{"$i":"month-2-long","$v":"மார்ச்"},{"$i":"month-3-long","$v":"ஏப்ரல்"},{"$i":"month-4-long","$v":"மே"},{"$i":"month-5-long","$v":"ஜூன்"},{"$i":"month-6-long","$v":"ஜூலை"},{"$i":"month-7-long","$v":"ஆகஸ்ட்"},{"$i":"month-8-long","$v":"செப்டம்பர்"},{"$i":"month-9-long","$v":"அக்டோபர்"},{"$i":"month-10-long","$v":"நவம்பர்"},{"$i":"month-11-long","$v":"டிசம்பர்"},{"$i":"month-0-genitive","$v":"ஜனவரி"},{"$i":"month-1-genitive","$v":"பிப்ரவரி"},{"$i":"month-2-genitive","$v":"மார்ச்"},{"$i":"month-3-genitive","$v":"ஏப்ரல்"},{"$i":"month-4-genitive","$v":"மே"},{"$i":"month-5-genitive","$v":"ஜூன்"},{"$i":"month-6-genitive","$v":"ஜூலை"},{"$i":"month-7-genitive","$v":"ஆகஸ்ட்"},{"$i":"month-8-genitive","$v":"செப்டம்பர்"},{"$i":"month-9-genitive","$v":"அக்டோபர்"},{"$i":"month-10-genitive","$v":"நவம்பர்"},{"$i":"month-11-genitive","$v":"டிசம்பர்"},{"$i":"month-0-short","$v":"ஜனவரி"},{"$i":"month-1-short","$v":"பிப்ரவரி"},{"$i":"month-2-short","$v":"மார்ச்"},{"$i":"month-3-short","$v":"ஏப்ரல்"},{"$i":"month-4-short","$v":"மே"},{"$i":"month-5-short","$v":"ஜூன்"},{"$i":"month-6-short","$v":"ஜூலை"},{"$i":"month-7-short","$v":"ஆகஸ்ட்"},{"$i":"month-8-short","$v":"செப்டம்பர்"},{"$i":"month-9-short","$v":"அக்டோபர்"},{"$i":"month-10-short","$v":"நவம்பர்"},{"$i":"month-11-short","$v":"டிசம்பர்"},{"$i":"minutes-ago-long","$v":{"few":[{"t":"idOrVar","v":"value"}," நிமிடங்களுக்கு முன்பு"],"many":[{"t":"idOrVar","v":"value"}," நிமிடங்களுக்கு முன்பு"],"one":"ஒரு நிமிடம் முன்பாக","other":[{"t":"idOrVar","v":"value"}," நிமிடங்களுக்கு முன்பு"],"two":[{"t":"idOrVar","v":"value"}," நிமிடங்களுக்கு முன்பு"],"zero":"இப்போது தான்"},"$x":[{"t":"idOrVar","v":"plural"},"value"]},{"$i":"hours-ago-long","$v":{"few":[{"t":"idOrVar","v":"value"}," மணிநேரங்களுக்கு முன்பு"],"many":[{"t":"idOrVar","v":"value"}," மணிநேரங்களுக்கு முன்பு"],"one":"ஒரு மணிநேரம் முன்பாக","other":[{"t":"idOrVar","v":"value"}," மணிநேரங்களுக்கு முன்பு"],"two":[{"t":"idOrVar","v":"value"}," மணிநேரங்களுக்கு முன்பு"],"zero":"இப்போது தான்"},"$x":[{"t":"idOrVar","v":"plural"},"value"]},{"$i":"days-ago-long","$v":{"few":[{"t":"idOrVar","v":"value"}," நாட்களுக்கு முன்பு"],"many":[{"t":"idOrVar","v":"value"}," நாட்களுக்கு முன்பு"],"one":"நேற்று","other":[{"t":"idOrVar","v":"value"}," நாட்களுக்கு முன்பு"],"two":[{"t":"idOrVar","v":"value"}," நாட்களுக்கு முன்பு"],"zero":"இன்று"},"$x":[{"t":"idOrVar","v":"plural"},"value"]},{"$i":"weeks-ago-long","$v":{"few":[{"t":"idOrVar","v":"value"}," வாரங்களுக்கு முன்பு"],"many":[{"t":"idOrVar","v":"value"}," வாரங்களுக்கு முன்பு"],"one":"கடந்த வாரம்","other":[{"t":"idOrVar","v":"value"}," வாரங்களுக்கு முன்பு"],"two":[{"t":"idOrVar","v":"value"}," வாரங்களுக்கு முன்பு"],"zero":"இந்த வாரம்"},"$x":[{"t":"idOrVar","v":"plural"},"value"]},{"$i":"months-ago-long","$v":{"few":[{"t":"idOrVar","v":"value"}," மாதங்களுக்கு முன்பு"],"many":[{"t":"idOrVar","v":"value"}," மாதங்களுக்கு முன்பு"],"one":"கடந்த மாதம்","other":[{"t":"idOrVar","v":"value"}," மாதங்களுக்கு முன்பு"],"two":[{"t":"idOrVar","v":"value"}," மாதங்களுக்கு முன்பு"],"zero":"இந்த மாதம்"},"$x":[{"t":"idOrVar","v":"plural"},"value"]},{"$i":"years-ago-long","$v":{"few":[{"t":"idOrVar","v":"value"}," வருடங்களுக்கு முன்பு"],"many":[{"t":"idOrVar","v":"value"}," வருடங்களுக்கு முன்பு"],"one":"கடந்த வருடம்","other":[{"t":"idOrVar","v":"value"}," வருடங்களுக்கு முன்பு"],"two":[{"t":"idOrVar","v":"value"}," வருடங்களுக்கு முன்பு"],"zero":"இந்த வருடம்"},"$x":[{"t":"idOrVar","v":"plural"},"value"]},{"$i":"minutes-until-long","$v":{"few":[{"t":"idOrVar","v":"value"}," நிமிடங்களில்"],"many":[{"t":"idOrVar","v":"value"}," நிமிடங்களில்"],"one":"ஒரு நிமிடத்தில்","other":[{"t":"idOrVar","v":"value"}," நிமிடங்களில்"],"two":[{"t":"idOrVar","v":"value"}," நிமிடங்களில்"],"zero":"இப்போதே"},"$x":[{"t":"idOrVar","v":"plural"},"value"]},{"$i":"hours-until-long","$v":{"few":[{"t":"idOrVar","v":"value"}," மணிநேரங்களில்"],"many":[{"t":"idOrVar","v":"value"}," மணிநேரங்களில்"],"one":"ஒரு மணிநேரத்தில்","other":[{"t":"idOrVar","v":"value"}," மணிநேரங்களில்"],"two":[{"t":"idOrVar","v":"value"}," மணிநேரங்களில்"],"zero":"இப்போதே"},"$x":[{"t":"idOrVar","v":"plural"},"value"]},{"$i":"days-until-long","$v":{"few":[{"t":"idOrVar","v":"value"}," நாட்களில்"],"many":[{"t":"idOrVar","v":"value"}," நாட்களில்"],"one":"நாளை","other":[{"t":"idOrVar","v":"value"}," நாட்களில்"],"two":[{"t":"idOrVar","v":"value"}," நாட்களில்"],"zero":"இன்று"},"$x":[{"t":"idOrVar","v":"plural"},"value"]},{"$i":"weeks-until-long","$v":{"few":[{"t":"idOrVar","v":"value"}," வாரங்களில்"],"many":[{"t":"idOrVar","v":"value"}," வாரங்களில்"],"one":"அடுத்த வாரம்","other":[{"t":"idOrVar","v":"value"}," வாரங்களில்"],"two":[{"t":"idOrVar","v":"value"}," வாரங்களில்"],"zero":"இந்த வாரம்"},"$x":[{"t":"idOrVar","v":"plural"},"value"]},{"$i":"months-until-long","$v":{"few":[{"t":"idOrVar","v":"value"}," மாதங்களில்"],"many":[{"t":"idOrVar","v":"value"}," மாதங்களில்"],"one":"அடுத்த மாதம்","other":[{"t":"idOrVar","v":"value"}," மாதங்களில்"],"two":[{"t":"idOrVar","v":"value"}," மாதங்களில்"],"zero":"இந்த மாதம்"},"$x":[{"t":"idOrVar","v":"plural"},"value"]},{"$i":"years-until-long","$v":{"few":[{"t":"idOrVar","v":"value"}," வருடங்களில்"],"many":[{"t":"idOrVar","v":"value"}," வருடங்களில்"],"one":"அடுத்த ஆண்டு","other":[{"t":"idOrVar","v":"value"}," வருடங்களில்"],"two":[{"t":"idOrVar","v":"value"}," வருடங்களில்"],"zero":"இந்த வருடம்"},"$x":[{"t":"idOrVar","v":"plural"},"value"]},{"$i":"minutes-ago-short","$v":{"other":[{"t":"idOrVar","v":"value"},"நிமிடம் முன்பு"],"zero":"இப்போது தான்"},"$x":[{"t":"idOrVar","v":"plural"},"value"]},{"$i":"hours-ago-short","$v":{"other":[{"t":"idOrVar","v":"value"},"மணிநேரம் முன்பு"],"zero":"இப்போது தான்"},"$x":[{"t":"idOrVar","v":"plural"},"value"]},{"$i":"days-ago-short","$v":{"other":[{"t":"idOrVar","v":"value"},"நாள் முன்பு"],"zero":"இன்று"},"$x":[{"t":"idOrVar","v":"plural"},"value"]},{"$i":"minutes-until-short","$v":{"other":[{"t":"idOrVar","v":"value"},"நிமிடத்தில்"],"zero":"இப்போதே"},"$x":[{"t":"idOrVar","v":"plural"},"value"]},{"$i":"hours-until-short","$v":{"other":[{"t":"idOrVar","v":"value"},"மணிநேரத்தில்"],"zero":"இப்போதே"},"$x":[{"t":"idOrVar","v":"plural"},"value"]},{"$i":"days-until-short","$v":{"other":[{"t":"idOrVar","v":"value"},"நாள் இல்"],"zero":"இன்று"},"$x":[{"t":"idOrVar","v":"plural"},"value"]},{"$i":"incorrectDate","$v":"(தவறான தேதி)"},{"$i":"dateTimeFormat_%c","$v":"%a %b %e %Y %I:%M:%S %p"},{"$i":"dateTimeFormat_%x","$v":"%m/%d/%Y"},{"$i":"dateTimeFormat_%X","$v":"%I:%M:%S %p"},{"$i":"shortTimeFormat","$v":"%I:%M %p"},{"$i":"shortTimeFormat12","$v":"%I:%M %p"},{"$i":"shortTimeFormat24","$v":"%H:%M"},{"$i":"shortDateTimeFormat","$v":"%x %I:%M %p"},{"$i":"weekStartsOnMonday","$v":"0.0"},{"$i":"firstDayOfTheWeek","$v":"0.0"},{"$i":"time_am","$v":"AM"},{"$i":"time_pm","$v":"PM"},{"$i":"stopped_download_title","$v":"டவுன்லோட் நிறுத்தப்பட்டது"},{"$i":"kai-stopped_download_message","$v":"This download was stopped. Would you like to resume downloading?"},{"$i":"stopped_download_left_button","$v":"ரத்து செய்க"},{"$i":"stopped_download_right_button","$v":"மீண்டும் முயலவும்"},{"$i":"failed_download_title","$v":"டவுன்லோட் தோல்வியடைந்தது"},{"$i":"failed_download_message","$v":[{"t":"idOrVar","v":"name"}," டவுன்லோட் செய்வது தோல்வியுற்றது. மீண்டும் டவுன்லோட் செய்ய முயலவா?"]},{"$i":"failed_download_left_button","$v":"ரத்து செய்க"},{"$i":"failed_download_right_button","$v":"மீண்டும் முயலவும்"},{"$i":"stop_download_title","$v":"டவுன்லோட்-ஐ நிறுத்தவும்"},{"$i":"stop_download_message","$v":"நீங்கள் நிச்சயமாக டவுன்லோட் செய்வதை நிறுத்த விரும்புகிறீர்களா?"},{"$i":"stop_download_left_button","$v":"ரத்து செய்க"},{"$i":"stop_download_right_button","$v":"நிறுத்து"},{"$i":"delete_download_title","$v":"நீக்கு"},{"$i":"delete_download_message","$v":[{"t":"idOrVar","v":"name"},"\"-ஐ நீக்கவா?"]},{"$i":"delete_download_left_button","$v":"ரத்து செய்க"},{"$i":"delete_download_right_button","$v":"நீக்கு"},{"$i":"delete_all_download_title","$v":"நீக்கு"},{"$i":"delete_all_download_left_button","$v":"ரத்து செய்க"},{"$i":"delete_all_download_right_button","$v":"நீக்கு"},{"$i":"delete_all_download_message_ext","$v":"தேர்ந்தெடுக்கப்பட்ட ஃபைல்-களை நீக்கவா?"},{"$i":"delete_all_download_message","$v":{"few":[{"t":"idOrVar","v":"number"}," ஃபைல்-களை நீக்கவா?"],"many":[{"t":"idOrVar","v":"number"}," ஃபைல்-களை நீக்கவா?"],"one":"ஒரு ஃபைல்-ஐ நீக்கவா?","other":[{"t":"idOrVar","v":"number"}," ஃபைல்-களை நீக்கவா?"],"two":[{"t":"idOrVar","v":"number"}," ஃபைல்-களை நீக்கவா?"],"zero":"எந்த ஃபைல்-களையும் நீக்க வேண்டாமா?"},"$x":[{"t":"idOrVar","v":"plural"},"number"]},{"$i":"unsupported_file_type_download_title","$v":"திறக்க இயலவில்லை"},{"$i":"unsupported_file_type_download_message","$v":[{"t":"idOrVar","v":"name"}," திறக்கக்கூடிய ஆப் ஆனது இல்லை. ஃபைல்-ஐ சேமிக்க விரும்புகிறீர்களா அல்லது அதை நீக்க விரும்புகிறீர்களா?"]},{"$i":"unsupported_file_type_download_left_button","$v":"ஃபைல்-ஐ தக்கவை"},{"$i":"unsupported_file_type_download_right_button","$v":"நீக்கு"},{"$i":"file_not_found_download_title","$v":"ஃபைல் கண்டறியப்படவில்லை"},{"$i":"file_not_found_download_message","$v":"சாதனத்தில் ஃபைல் காணப்படவில்லை"},{"$i":"file_not_found_download_right_button","$v":"சரி"},{"$i":"unmounted_sdcard_2_download_title","$v":"மெமரி கார்டு பயன்பாட்டில் உள்ளது"},{"$i":"unmounted_sdcard_2_download_message","$v":"ஃபோனை அன்பிளக் செய்க"},{"$i":"unmounted_sdcard_2_download_right_button","$v":"சரி"},{"$i":"no_provider_download_title","$v":"திறக்க இயலவில்லை"},{"$i":"no_provider_download_message","$v":"இந்த ஃபைல் வடிவமைப்பு தவறானது அல்லது ஆதரிக்கப்படவில்லை."},{"$i":"no_provider_download_right_button","$v":"சரி"},{"$i":"no_memory_download_title","$v":"SD கார்டு நிரம்பியது"},{"$i":"no_memory_download_message","$v":"உங்கள் டவுன்லோட்-ஐ சேமிக்க உங்கள் SD கார்டில் எந்தவொரு அறையும் இல்லை. டவுன்லோட்-ஐ மறுதொடக்கம் செய்யும் முன்பாக தயவுசெய்து சில ஃபைல்களை அகற்றவும்."},{"$i":"no_memory_download_right_button","$v":"சரி"},{"$i":"no_sdcard_found_2_download_title","$v":"மெமரி கார்டு காணப்படவில்லை"},{"$i":"no_sdcard_found_2_download_message","$v":"மெமரி கார்டைச் செருகவும் அல்லது செட்டிங்ஸ்-இல் மாற்று டீஃபால்ட் மீடியா லொக்கேஷனை தேர்ந்தெடுக்கவும்"},{"$i":"no_sdcard_found_2_download_right_button","$v":"சரி"},{"$i":"file_open_error_download_title","$v":"உறுதிப்படுத்துதல்"},{"$i":"file_open_error_download_message","$v":"இந்த ஃபைல் பார்மெட் தவறானது அல்லது ஆதரிக்கப்படவில்லை. இந்த ஃபைல்-ஐ நீக்க விரும்புகிறீர்களா ?"},{"$i":"file_open_error_download_left_button","$v":"ஃபைல்-ஐ தக்கவை"},{"$i":"file_open_error_download_right_button","$v":"நீக்கு"},{"$i":"restart_download_error","$v":"டவுன்லோட்-ஐ மறுதொடக்கம் செய்கையில் பிழை ஏற்பட்டது. மீண்டும் டவுன்லோட் செய்ய முயலவும்."},{"$i":"no-downloads","$v":"டவுன்லோட்-கள் இல்லை"},{"$i":"byteUnit-B","$v":"B"},{"$i":"byteUnit-KB","$v":"KB"},{"$i":"byteUnit-MB","$v":"MB"},{"$i":"byteUnit-GB","$v":"GB"},{"$i":"byteUnit-TB","$v":"TB"},{"$i":"fileSize","$v":[{"t":"idOrVar","v":"size"}," ",{"t":"idOrVar","v":"unit"}]},{"$i":"percentage","$v":[{"t":"idOrVar","v":"percentage"}," %"]},{"$i":"partialResult","$v":[{"t":"idOrVar","v":"partial"}," / ",{"t":"idOrVar","v":"total"}]},{"$i":"summary","$v":[{"t":"idOrVar","v":"date"}," - ",{"t":"idOrVar","v":"status"}]},{"$i":"download-stopped","$v":"நிறுத்தப்பட்டது"},{"$i":"download-failed","$v":"டவுன்லோட் தோல்வியடைந்தது"},{"$i":"open_downloaded_file","$v":"திற"},{"$i":"share_downloaded_file","$v":"பகிர்"},{"$i":"wallpaper_downloaded_file","$v":"வால்பேப்பராக அமை"},{"$i":"ringtone_downloaded_file","$v":"ரிங்டோனாக அமை"},{"$i":"cancel_downloaded_file","$v":"ரத்து செய்க"},{"$i":"select-download","$v":"டவுன்லோட்-ஐ தேர்ந்தெடு"},{"$i":"kai-select-download","$v":"ஒரு ஃபைல்-ஐ தேர்ந்தெடுக்கவும்"},{"$i":"kai-ok","$v":"தேர்ந்தெடு"},{"$i":"kai-cancel","$v":"ரத்து செய்க"}]