[{"$i":"weekday-0-long","$v":"อาทิตย์"},{"$i":"weekday-1-long","$v":"จันทร์"},{"$i":"weekday-2-long","$v":"อังคาร"},{"$i":"weekday-3-long","$v":"พุธ"},{"$i":"weekday-4-long","$v":"พฤหัสบดี"},{"$i":"weekday-5-long","$v":"ศุกร์"},{"$i":"weekday-6-long","$v":"เสาร์"},{"$i":"weekday-0-short","$v":"อาทิตย์"},{"$i":"weekday-1-short","$v":"จันทร์"},{"$i":"weekday-2-short","$v":"อังคาร"},{"$i":"weekday-3-short","$v":"พุธ"},{"$i":"weekday-4-short","$v":"พฤหัสบดี"},{"$i":"weekday-5-short","$v":"ศุกร์"},{"$i":"weekday-6-short","$v":"เสาร์"},{"$i":"month-0-long","$v":"มกราคม"},{"$i":"month-1-long","$v":"กุมภาพันธ์"},{"$i":"month-2-long","$v":"มีนาคม"},{"$i":"month-3-long","$v":"เมษายน"},{"$i":"month-4-long","$v":"พฤษภาคม"},{"$i":"month-5-long","$v":"มิถุนายน"},{"$i":"month-6-long","$v":"กรกฎาคม"},{"$i":"month-7-long","$v":"สิงหาคม"},{"$i":"month-8-long","$v":"กันยายน"},{"$i":"month-9-long","$v":"ตุลาคม"},{"$i":"month-10-long","$v":"พฤศจิกายน"},{"$i":"month-11-long","$v":"ธันวาคม"},{"$i":"month-0-genitive","$v":"มกราคม"},{"$i":"month-1-genitive","$v":"กุมภาพันธ์"},{"$i":"month-2-genitive","$v":"มีนาคม"},{"$i":"month-3-genitive","$v":"เมษายน"},{"$i":"month-4-genitive","$v":"พฤษภาคม"},{"$i":"month-5-genitive","$v":"มิถุนายน"},{"$i":"month-6-genitive","$v":"กรกฎาคม"},{"$i":"month-7-genitive","$v":"สิงหาคม"},{"$i":"month-8-genitive","$v":"กันยายน"},{"$i":"month-9-genitive","$v":"ตุลาคม"},{"$i":"month-10-genitive","$v":"พฤศจิกายน"},{"$i":"month-11-genitive","$v":"ธันวาคม"},{"$i":"month-0-short","$v":"ม.ค."},{"$i":"month-1-short","$v":"ก.พ."},{"$i":"month-2-short","$v":"มี.ค."},{"$i":"month-3-short","$v":"เม.ย."},{"$i":"month-4-short","$v":"พ.ค."},{"$i":"month-5-short","$v":"มิ.ย."},{"$i":"month-6-short","$v":"ก.ค."},{"$i":"month-7-short","$v":"ส.ค."},{"$i":"month-8-short","$v":"ก.ย."},{"$i":"month-9-short","$v":"ต.ค."},{"$i":"month-10-short","$v":"พ.ย."},{"$i":"month-11-short","$v":"ธ.ค."},{"$i":"minutes-ago-long","$v":{"few":[{"t":"idOrVar","v":"value"}," นาทีที่แล้ว"],"many":[{"t":"idOrVar","v":"value"}," นาทีที่แล้ว"],"one":"1 นาทีที่แล้ว","other":[{"t":"idOrVar","v":"value"}," นาทีที่แล้ว"],"two":[{"t":"idOrVar","v":"value"}," นาทีที่แล้ว"],"zero":"เมื่อสักครู่"},"$x":[{"t":"idOrVar","v":"plural"},"value"]},{"$i":"hours-ago-long","$v":{"few":[{"t":"idOrVar","v":"value"}," ชั่วโมงที่แล้ว"],"many":[{"t":"idOrVar","v":"value"}," ชั่วโมงที่แล้ว"],"one":"ชั่วโมงที่แล้ว","other":[{"t":"idOrVar","v":"value"}," ชั่วโมงที่แล้ว"],"two":[{"t":"idOrVar","v":"value"}," ชั่วโมงที่แล้ว"],"zero":"เมื่อสักครู่"},"$x":[{"t":"idOrVar","v":"plural"},"value"]},{"$i":"days-ago-long","$v":{"few":[{"t":"idOrVar","v":"value"}," วันที่แล้ว"],"many":[{"t":"idOrVar","v":"value"}," วันที่แล้ว"],"one":"เมื่อวานนี้","other":[{"t":"idOrVar","v":"value"}," วันที่แล้ว"],"two":[{"t":"idOrVar","v":"value"}," วันที่แล้ว"],"zero":"วันนี้"},"$x":[{"t":"idOrVar","v":"plural"},"value"]},{"$i":"weeks-ago-long","$v":{"few":[{"t":"idOrVar","v":"value"}," สัปดาห์ที่แล้ว"],"many":[{"t":"idOrVar","v":"value"}," สัปดาห์ที่แล้ว"],"one":"สัปดาห์ที่แล้ว","other":[{"t":"idOrVar","v":"value"}," สัปดาห์ที่แล้ว"],"two":[{"t":"idOrVar","v":"value"}," สัปดาห์ที่แล้ว"],"zero":"สัปดาห์นี้"},"$x":[{"t":"idOrVar","v":"plural"},"value"]},{"$i":"months-ago-long","$v":{"few":[{"t":"idOrVar","v":"value"}," เดือนที่แล้ว"],"many":[{"t":"idOrVar","v":"value"}," เดือนที่แล้ว"],"one":"เดือนที่แล้ว","other":[{"t":"idOrVar","v":"value"}," เดือนที่แล้ว"],"two":[{"t":"idOrVar","v":"value"}," เดือนที่แล้ว"],"zero":"เดือนนี้"},"$x":[{"t":"idOrVar","v":"plural"},"value"]},{"$i":"years-ago-long","$v":{"few":[{"t":"idOrVar","v":"value"}," ปีที่แล้ว"],"many":[{"t":"idOrVar","v":"value"}," ปีที่แล้ว"],"one":"ปีที่แล้ว","other":[{"t":"idOrVar","v":"value"}," ปีที่แล้ว"],"two":[{"t":"idOrVar","v":"value"}," ปีที่แล้ว"],"zero":"ปีนี้"},"$x":[{"t":"idOrVar","v":"plural"},"value"]},{"$i":"minutes-until-long","$v":{"few":["ใน ",{"t":"idOrVar","v":"value"}," นาที"],"many":["ใน ",{"t":"idOrVar","v":"value"}," นาที"],"one":"ใน 1 นาที","other":["ใน ",{"t":"idOrVar","v":"value"}," นาที"],"two":["ใน ",{"t":"idOrVar","v":"value"}," นาที"],"zero":"ตอนนี้"},"$x":[{"t":"idOrVar","v":"plural"},"value"]},{"$i":"hours-until-long","$v":{"few":["ใน ",{"t":"idOrVar","v":"value"}," ชั่วโมง"],"many":["ใน ",{"t":"idOrVar","v":"value"}," ชั่วโมง"],"one":"ใน 1 ชั่วโมง","other":["ใน ",{"t":"idOrVar","v":"value"}," ชั่วโมง"],"two":["ใน ",{"t":"idOrVar","v":"value"}," ชั่วโมง"],"zero":"ตอนนี้"},"$x":[{"t":"idOrVar","v":"plural"},"value"]},{"$i":"days-until-long","$v":{"few":["ใน ",{"t":"idOrVar","v":"value"}," วัน"],"many":["ใน ",{"t":"idOrVar","v":"value"}," วัน"],"one":"พรุ่งนี้","other":["ใน ",{"t":"idOrVar","v":"value"}," วัน"],"two":["ใน ",{"t":"idOrVar","v":"value"}," วัน"],"zero":"วันนี้"},"$x":[{"t":"idOrVar","v":"plural"},"value"]},{"$i":"weeks-until-long","$v":{"few":["ใน ",{"t":"idOrVar","v":"value"}," สัปดาห์"],"many":["ใน ",{"t":"idOrVar","v":"value"}," สัปดาห์"],"one":"สัปดาห์ถัดไป","other":["ใน ",{"t":"idOrVar","v":"value"}," สัปดาห์"],"two":["ใน ",{"t":"idOrVar","v":"value"}," สัปดาห์"],"zero":"สัปดาห์นี้"},"$x":[{"t":"idOrVar","v":"plural"},"value"]},{"$i":"months-until-long","$v":{"few":["ใน ",{"t":"idOrVar","v":"value"}," เดือน"],"many":["ใน ",{"t":"idOrVar","v":"value"}," เดือน"],"one":"เดือนถัดไป","other":["ใน ",{"t":"idOrVar","v":"value"}," เดือน"],"two":["ใน ",{"t":"idOrVar","v":"value"}," เดือน"],"zero":"เดือนนี้"},"$x":[{"t":"idOrVar","v":"plural"},"value"]},{"$i":"years-until-long","$v":{"few":["ใน ",{"t":"idOrVar","v":"value"}," ปี"],"many":["ใน ",{"t":"idOrVar","v":"value"}," ปี"],"one":"ปีถัดไป","other":["ใน ",{"t":"idOrVar","v":"value"}," ปี"],"two":["ใน ",{"t":"idOrVar","v":"value"}," ปี"],"zero":"ปีนี้"},"$x":[{"t":"idOrVar","v":"plural"},"value"]},{"$i":"minutes-ago-short","$v":{"other":[{"t":"idOrVar","v":"value"}," นาทีที่แล้ว"],"zero":"เมื่อสักครู่"},"$x":[{"t":"idOrVar","v":"plural"},"value"]},{"$i":"hours-ago-short","$v":{"other":[{"t":"idOrVar","v":"value"}," ชั่วโมงที่แล้ว"],"zero":"เมื่อสักครู่"},"$x":[{"t":"idOrVar","v":"plural"},"value"]},{"$i":"days-ago-short","$v":{"other":[{"t":"idOrVar","v":"value"}," วันที่แล้ว"],"zero":"วันนี้"},"$x":[{"t":"idOrVar","v":"plural"},"value"]},{"$i":"minutes-until-short","$v":{"other":["ใน ",{"t":"idOrVar","v":"value"}," นาที"],"zero":"ตอนนี้"},"$x":[{"t":"idOrVar","v":"plural"},"value"]},{"$i":"hours-until-short","$v":{"other":["ใน ",{"t":"idOrVar","v":"value"}," ชั่วโมง"],"zero":"ตอนนี้"},"$x":[{"t":"idOrVar","v":"plural"},"value"]},{"$i":"days-until-short","$v":{"other":["ใน ",{"t":"idOrVar","v":"value"}," วัน"],"zero":"วันนี้"},"$x":[{"t":"idOrVar","v":"plural"},"value"]},{"$i":"incorrectDate","$v":"(วันที่ไม่ถูกต้อง)"},{"$i":"dateTimeFormat_%c","$v":"%a %b %e %Y %I:%M:%S %p"},{"$i":"dateTimeFormat_%x","$v":"%d/%m/%Y"},{"$i":"dateTimeFormat_%X","$v":"%I:%M:%S %p"},{"$i":"shortTimeFormat","$v":"%I:%M %p"},{"$i":"shortTimeFormat12","$v":"%I:%M %p"},{"$i":"shortTimeFormat24","$v":"%H:%M"},{"$i":"shortDateTimeFormat","$v":"%x %I:%M %p"},{"$i":"weekStartsOnMonday","$v":"0.0"},{"$i":"firstDayOfTheWeek","$v":"0.0"},{"$i":"time_am","$v":"AM"},{"$i":"time_pm","$v":"PM"},{"$i":"stopped_download_title","$v":"การดาวน์โหลดถูกหยุด"},{"$i":"kai-stopped_download_message","$v":"This download was stopped. Would you like to resume downloading?"},{"$i":"stopped_download_left_button","$v":"ยกเลิก"},{"$i":"stopped_download_right_button","$v":"ลองอีกครั้ง"},{"$i":"failed_download_title","$v":"การดาวน์โหลดล้มเหลว"},{"$i":"failed_download_message","$v":[{"t":"idOrVar","v":"name"}," ไม่สามารถดาวน์โหลดได้ ลองดาวน์โหลดอีกครั้งหรือไม่"]},{"$i":"failed_download_left_button","$v":"ยกเลิก"},{"$i":"failed_download_right_button","$v":"ลองอีกครั้ง"},{"$i":"stop_download_title","$v":"หยุดการดาวน์โหลด"},{"$i":"stop_download_message","$v":"คุณแน่ใจหรือไม่ว่าต้องการหยุดการดาวน์โหลด"},{"$i":"stop_download_left_button","$v":"ยกเลิก"},{"$i":"stop_download_right_button","$v":"หยุด"},{"$i":"delete_download_title","$v":"ลบ"},{"$i":"delete_download_message","$v":["ลบ “",{"t":"idOrVar","v":"name"},"” หรือไม่"]},{"$i":"delete_download_left_button","$v":"ยกเลิก"},{"$i":"delete_download_right_button","$v":"ลบ"},{"$i":"delete_all_download_title","$v":"ลบ"},{"$i":"delete_all_download_left_button","$v":"ยกเลิก"},{"$i":"delete_all_download_right_button","$v":"ลบ"},{"$i":"delete_all_download_message_ext","$v":"ลบไฟล์ที่เลือกหรือไม่"},{"$i":"delete_all_download_message","$v":{"few":["ลบไฟล์ ",{"t":"idOrVar","v":"number"}," รายการหรือไม่"],"many":["ลบไฟล์ ",{"t":"idOrVar","v":"number"}," รายการหรือไม่"],"one":"ลบไฟล์ 1 รายการหรือไม่","other":["ลบไฟล์ ",{"t":"idOrVar","v":"number"}," รายการหรือไม่"],"two":["ลบไฟล์ ",{"t":"idOrVar","v":"number"}," รายการหรือไม่"],"zero":"ลบ 0 ไฟล์หรือไม่"},"$x":[{"t":"idOrVar","v":"plural"},"number"]},{"$i":"unsupported_file_type_download_title","$v":"ไม่สามารถเปิด"},{"$i":"unsupported_file_type_download_message","$v":["ไม่มีแอปพลิเคชันที่สามารถเปิด ",{"t":"idOrVar","v":"name"}," คุณต้องการบันทึกไฟล์หรือลบออก"]},{"$i":"unsupported_file_type_download_left_button","$v":"เก็บไฟล์"},{"$i":"unsupported_file_type_download_right_button","$v":"ลบ"},{"$i":"file_not_found_download_title","$v":"ไม่พบไฟล์"},{"$i":"file_not_found_download_message","$v":"ไม่พบไฟล์บนอุปกรณ์"},{"$i":"file_not_found_download_right_button","$v":"ตกลง"},{"$i":"unmounted_sdcard_2_download_title","$v":"การ์ดหน่วยความจำถูกใช้อยู่ตอนนี้"},{"$i":"unmounted_sdcard_2_download_message","$v":"ดึงปลั๊กโทรศัพท์ออก"},{"$i":"unmounted_sdcard_2_download_right_button","$v":"ตกลง"},{"$i":"no_provider_download_title","$v":"ไม่สามารถเปิด"},{"$i":"no_provider_download_message","$v":"รูปแบบไฟล์ไม่ถูกต้องหรือไม่รองรับ"},{"$i":"no_provider_download_right_button","$v":"ตกลง"},{"$i":"no_memory_download_title","$v":"การ์ด SD เต็ม"},{"$i":"no_memory_download_message","$v":"ไม่มีพื้นที่สำหรับการ์ด SD เพื่อบันทึกการดาวน์โหลดของคุณ โปรดลบไฟล์บางรายการออกก่อนเริ่มการดาวน์โหลดใหม่"},{"$i":"no_memory_download_right_button","$v":"ตกลง"},{"$i":"no_sdcard_found_2_download_title","$v":"ไม่พบการ์ดหน่วยความจำ"},{"$i":"no_sdcard_found_2_download_message","$v":"ใส่การ์ดหน่วยความจำหรือเลือกตำแหน่งสื่อเริ่มต้นในการตั้งค่า"},{"$i":"no_sdcard_found_2_download_right_button","$v":"ตกลง"},{"$i":"file_open_error_download_title","$v":"การยืนยัน"},{"$i":"file_open_error_download_message","$v":"รูปแบบไฟล์ไม่ถูกต้องหรือไม่รองรับ คุณต้องการลบไฟล์นี้หรือไม่"},{"$i":"file_open_error_download_left_button","$v":"เก็บไฟล์"},{"$i":"file_open_error_download_right_button","$v":"ลบ"},{"$i":"restart_download_error","$v":"เกิดข้อผิดพลาดขึ้นขณะเริ่มการดาวน์โหลดใหม่ โปรดลองดาวน์โหลดอีกครั้ง"},{"$i":"no-downloads","$v":"ไม่มีรายการที่ดาวน์โหลด"},{"$i":"byteUnit-B","$v":"B"},{"$i":"byteUnit-KB","$v":"KB"},{"$i":"byteUnit-MB","$v":"MB"},{"$i":"byteUnit-GB","$v":"GB"},{"$i":"byteUnit-TB","$v":"TB"},{"$i":"fileSize","$v":[{"t":"idOrVar","v":"size"}," ",{"t":"idOrVar","v":"unit"}]},{"$i":"percentage","$v":[{"t":"idOrVar","v":"percentage"}," %"]},{"$i":"partialResult","$v":[{"t":"idOrVar","v":"partial"}," / ",{"t":"idOrVar","v":"total"}]},{"$i":"summary","$v":[{"t":"idOrVar","v":"date"}," - ",{"t":"idOrVar","v":"status"}]},{"$i":"download-stopped","$v":"หยุดแล้ว"},{"$i":"download-failed","$v":"การดาวน์โหลดล้มเหลว"},{"$i":"open_downloaded_file","$v":"เปิด"},{"$i":"share_downloaded_file","$v":"แชร์"},{"$i":"wallpaper_downloaded_file","$v":"ตั้งเป็นวอลเปเปอร์"},{"$i":"ringtone_downloaded_file","$v":"บันทึกเป็นเสียงสายเรียกเข้า"},{"$i":"cancel_downloaded_file","$v":"ยกเลิก"},{"$i":"select-download","$v":"เลือกการดาวน์โหลด"},{"$i":"kai-select-download","$v":"เลือกไฟล์"},{"$i":"kai-ok","$v":"เลือก"},{"$i":"kai-cancel","$v":"ยกเลิก"}]