[{"$i":"weekday-0-long","$v":"Pazar"},{"$i":"weekday-1-long","$v":"Pazartesi"},{"$i":"weekday-2-long","$v":"Salı"},{"$i":"weekday-3-long","$v":"Çarşamba"},{"$i":"weekday-4-long","$v":"Perşembe"},{"$i":"weekday-5-long","$v":"Cuma"},{"$i":"weekday-6-long","$v":"Cumartesi"},{"$i":"weekday-0-short","$v":"Paz"},{"$i":"weekday-1-short","$v":"Pzt"},{"$i":"weekday-2-short","$v":"Sal"},{"$i":"weekday-3-short","$v":"Çrş"},{"$i":"weekday-4-short","$v":"Per"},{"$i":"weekday-5-short","$v":"Cum"},{"$i":"weekday-6-short","$v":"Cmt"},{"$i":"month-0-long","$v":"Ocak"},{"$i":"month-1-long","$v":"Şubat"},{"$i":"month-2-long","$v":"Mart"},{"$i":"month-3-long","$v":"Nisan"},{"$i":"month-4-long","$v":"Mayıs"},{"$i":"month-5-long","$v":"Haziran"},{"$i":"month-6-long","$v":"Temmuz"},{"$i":"month-7-long","$v":"Ağustos"},{"$i":"month-8-long","$v":"Eylül"},{"$i":"month-9-long","$v":"Ekim"},{"$i":"month-10-long","$v":"Kasım"},{"$i":"month-11-long","$v":"Aralık"},{"$i":"month-0-genitive","$v":"Ocak"},{"$i":"month-1-genitive","$v":"Şubat"},{"$i":"month-2-genitive","$v":"Mart"},{"$i":"month-3-genitive","$v":"Nisan"},{"$i":"month-4-genitive","$v":"Mayıs"},{"$i":"month-5-genitive","$v":"Haziran"},{"$i":"month-6-genitive","$v":"Temmuz"},{"$i":"month-7-genitive","$v":"Ağustos"},{"$i":"month-8-genitive","$v":"Eylül"},{"$i":"month-9-genitive","$v":"Ekim"},{"$i":"month-10-genitive","$v":"Kasım"},{"$i":"month-11-genitive","$v":"Aralık"},{"$i":"month-0-short","$v":"Oca"},{"$i":"month-1-short","$v":"Şub"},{"$i":"month-2-short","$v":"Mar"},{"$i":"month-3-short","$v":"Nis"},{"$i":"month-4-short","$v":"Mayıs"},{"$i":"month-5-short","$v":"Haz"},{"$i":"month-6-short","$v":"Tem"},{"$i":"month-7-short","$v":"Ağu"},{"$i":"month-8-short","$v":"Eyl"},{"$i":"month-9-short","$v":"Eki"},{"$i":"month-10-short","$v":"Kas"},{"$i":"month-11-short","$v":"Ara"},{"$i":"minutes-ago-long","$v":{"few":[{"t":"idOrVar","v":"value"}," dakika önce"],"many":[{"t":"idOrVar","v":"value"}," dakika önce"],"one":"bir dakika önce","other":[{"t":"idOrVar","v":"value"}," dakika önce"],"two":[{"t":"idOrVar","v":"value"}," dakika önce"],"zero":"az önce"},"$x":[{"t":"idOrVar","v":"plural"},"value"]},{"$i":"hours-ago-long","$v":{"few":[{"t":"idOrVar","v":"value"}," saat önce"],"many":[{"t":"idOrVar","v":"value"}," saat önce"],"one":"bir saat önce","other":[{"t":"idOrVar","v":"value"}," saat önce"],"two":[{"t":"idOrVar","v":"value"}," saat önce"],"zero":"az önce"},"$x":[{"t":"idOrVar","v":"plural"},"value"]},{"$i":"days-ago-long","$v":{"few":[{"t":"idOrVar","v":"value"}," gün önce"],"many":[{"t":"idOrVar","v":"value"}," gün önce"],"one":"dün","other":[{"t":"idOrVar","v":"value"}," gün önce"],"two":[{"t":"idOrVar","v":"value"}," gün önce"],"zero":"bugün"},"$x":[{"t":"idOrVar","v":"plural"},"value"]},{"$i":"weeks-ago-long","$v":{"few":[{"t":"idOrVar","v":"value"}," hafta önce"],"many":[{"t":"idOrVar","v":"value"}," hafta önce"],"one":"geçen hafta","other":[{"t":"idOrVar","v":"value"}," hafta önce"],"two":[{"t":"idOrVar","v":"value"}," hafta önce"],"zero":"bu hafta"},"$x":[{"t":"idOrVar","v":"plural"},"value"]},{"$i":"months-ago-long","$v":{"few":[{"t":"idOrVar","v":"value"}," ay önce"],"many":[{"t":"idOrVar","v":"value"}," ay önce"],"one":"geçen ay","other":[{"t":"idOrVar","v":"value"}," ay önce"],"two":[{"t":"idOrVar","v":"value"}," ay önce"],"zero":"bu ay"},"$x":[{"t":"idOrVar","v":"plural"},"value"]},{"$i":"years-ago-long","$v":{"few":[{"t":"idOrVar","v":"value"}," yıl önce"],"many":[{"t":"idOrVar","v":"value"}," yıl önce"],"one":"geçen yıl","other":[{"t":"idOrVar","v":"value"}," yıl önce"],"two":[{"t":"idOrVar","v":"value"}," yıl önce"],"zero":"bu yıl"},"$x":[{"t":"idOrVar","v":"plural"},"value"]},{"$i":"minutes-until-long","$v":{"few":[{"t":"idOrVar","v":"value"}," dakika içinde"],"many":[{"t":"idOrVar","v":"value"}," dakika içinde"],"one":"bir dakika içinde","other":[{"t":"idOrVar","v":"value"}," dakika içinde"],"two":[{"t":"idOrVar","v":"value"}," dakika içinde"],"zero":"şimdi"},"$x":[{"t":"idOrVar","v":"plural"},"value"]},{"$i":"hours-until-long","$v":{"few":[{"t":"idOrVar","v":"value"}," saat içinde"],"many":[{"t":"idOrVar","v":"value"}," saat içinde"],"one":"bir saat içinde","other":[{"t":"idOrVar","v":"value"}," saat içinde"],"two":[{"t":"idOrVar","v":"value"}," saat içinde"],"zero":"şimdi"},"$x":[{"t":"idOrVar","v":"plural"},"value"]},{"$i":"days-until-long","$v":{"few":[{"t":"idOrVar","v":"value"}," gün içinde"],"many":[{"t":"idOrVar","v":"value"}," gün içinde"],"one":"yarın","other":[{"t":"idOrVar","v":"value"}," gün içinde"],"two":[{"t":"idOrVar","v":"value"}," gün içinde"],"zero":"bugün"},"$x":[{"t":"idOrVar","v":"plural"},"value"]},{"$i":"weeks-until-long","$v":{"few":[{"t":"idOrVar","v":"value"}," hafta içinde"],"many":[{"t":"idOrVar","v":"value"}," hafta içinde"],"one":"gelecek hafta","other":[{"t":"idOrVar","v":"value"}," hafta içinde"],"two":[{"t":"idOrVar","v":"value"}," hafta içinde"],"zero":"bu hafta"},"$x":[{"t":"idOrVar","v":"plural"},"value"]},{"$i":"months-until-long","$v":{"few":[{"t":"idOrVar","v":"value"}," ay içinde"],"many":[{"t":"idOrVar","v":"value"}," ay içinde"],"one":"gelecek ay","other":[{"t":"idOrVar","v":"value"}," ay içinde"],"two":[{"t":"idOrVar","v":"value"}," ay içinde"],"zero":"bu ay"},"$x":[{"t":"idOrVar","v":"plural"},"value"]},{"$i":"years-until-long","$v":{"few":[{"t":"idOrVar","v":"value"}," yıl içinde"],"many":[{"t":"idOrVar","v":"value"}," yıl içinde"],"one":"gelecek yıl","other":[{"t":"idOrVar","v":"value"}," yıl içinde"],"two":[{"t":"idOrVar","v":"value"}," yıl içinde"],"zero":"bu yıl"},"$x":[{"t":"idOrVar","v":"plural"},"value"]},{"$i":"minutes-ago-short","$v":{"other":[{"t":"idOrVar","v":"value"},"d önce"],"zero":"az önce"},"$x":[{"t":"idOrVar","v":"plural"},"value"]},{"$i":"hours-ago-short","$v":{"other":[{"t":"idOrVar","v":"value"},"s önce"],"zero":"az önce"},"$x":[{"t":"idOrVar","v":"plural"},"value"]},{"$i":"days-ago-short","$v":{"other":[{"t":"idOrVar","v":"value"},"g önce"],"zero":"bugün"},"$x":[{"t":"idOrVar","v":"plural"},"value"]},{"$i":"minutes-until-short","$v":{"other":[{"t":"idOrVar","v":"value"},"d içinde"],"zero":"şimdi"},"$x":[{"t":"idOrVar","v":"plural"},"value"]},{"$i":"hours-until-short","$v":{"other":[{"t":"idOrVar","v":"value"},"s içinde"],"zero":"şimdi"},"$x":[{"t":"idOrVar","v":"plural"},"value"]},{"$i":"days-until-short","$v":{"other":[{"t":"idOrVar","v":"value"},"g içinde"],"zero":"bugün"},"$x":[{"t":"idOrVar","v":"plural"},"value"]},{"$i":"incorrectDate","$v":"(hatalı tarih)"},{"$i":"dateTimeFormat_%c","$v":"%a %b %e %Y %I:%M:%S %p"},{"$i":"dateTimeFormat_%x","$v":"%d/%m/%Y"},{"$i":"dateTimeFormat_%X","$v":"%I:%M:%S %p"},{"$i":"shortTimeFormat","$v":"%I:%M %p"},{"$i":"shortTimeFormat12","$v":"%I:%M %p"},{"$i":"shortTimeFormat24","$v":"%H:%M"},{"$i":"shortDateTimeFormat","$v":"%x %I:%M %p"},{"$i":"weekStartsOnMonday","$v":"0.0"},{"$i":"firstDayOfTheWeek","$v":"1.0"},{"$i":"time_am","$v":"AM"},{"$i":"time_pm","$v":"PM"},{"$i":"stopped_download_title","$v":"İndirme durduruldu"},{"$i":"kai-stopped_download_message","$v":"This download was stopped. Would you like to resume downloading?"},{"$i":"stopped_download_left_button","$v":"İptal"},{"$i":"stopped_download_right_button","$v":"Tekrar deneyin"},{"$i":"failed_download_title","$v":"İndirme başarısız"},{"$i":"failed_download_message","$v":[{"t":"idOrVar","v":"name"}," indirilemedi. Tekrar indirilmeye çalışılsın mı?"]},{"$i":"failed_download_left_button","$v":"İptal"},{"$i":"failed_download_right_button","$v":"Tekrar deneyin"},{"$i":"stop_download_title","$v":"İndirmeyi durdur"},{"$i":"stop_download_message","$v":"İndirmeyi durdurmak istediğinizden emin misiniz?"},{"$i":"stop_download_left_button","$v":"İptal"},{"$i":"stop_download_right_button","$v":"Durdur"},{"$i":"delete_download_title","$v":"Sil"},{"$i":"delete_download_message","$v":["“",{"t":"idOrVar","v":"name"},"” silinsin mi?"]},{"$i":"delete_download_left_button","$v":"İptal"},{"$i":"delete_download_right_button","$v":"Sil"},{"$i":"delete_all_download_title","$v":"Sil"},{"$i":"delete_all_download_left_button","$v":"İptal"},{"$i":"delete_all_download_right_button","$v":"Sil"},{"$i":"delete_all_download_message_ext","$v":"Seçili dosyalar silinsin mi?"},{"$i":"delete_all_download_message","$v":{"few":[{"t":"idOrVar","v":"number"}," dosya silinsin mi?"],"many":[{"t":"idOrVar","v":"number"}," dosya silinsin mi?"],"one":"Dosya silinsin mi?","other":[{"t":"idOrVar","v":"number"}," dosya silinsin mi?"],"two":[{"t":"idOrVar","v":"number"}," dosya silinsin mi?"],"zero":"Hiçbir dosya silinmesin mi?"},"$x":[{"t":"idOrVar","v":"plural"},"number"]},{"$i":"unsupported_file_type_download_title","$v":"Açılamıyor"},{"$i":"unsupported_file_type_download_message","$v":[{"t":"idOrVar","v":"name"}," dosyasını açacak bir uygulama yok. Dosyayı kaydetmek mi silmek mi istersiniz?"]},{"$i":"unsupported_file_type_download_left_button","$v":"Dosyayı Sakla"},{"$i":"unsupported_file_type_download_right_button","$v":"Sil"},{"$i":"file_not_found_download_title","$v":"Dosya bulunamadı"},{"$i":"file_not_found_download_message","$v":"Dosya cihazda bulunamadı."},{"$i":"file_not_found_download_right_button","$v":"Tamam"},{"$i":"unmounted_sdcard_2_download_title","$v":"Bellek kartı kullanımda"},{"$i":"unmounted_sdcard_2_download_message","$v":"Telefonu fişten çıkartın"},{"$i":"unmounted_sdcard_2_download_right_button","$v":"Tamam"},{"$i":"no_provider_download_title","$v":"Açılamıyor"},{"$i":"no_provider_download_message","$v":"Bu dosya biçimi geçersiz veya desteklenmiyor."},{"$i":"no_provider_download_right_button","$v":"Tamam"},{"$i":"no_memory_download_title","$v":"SD kart dolu."},{"$i":"no_memory_download_message","$v":"SD kartınızda indirilenleri kaydedecek yer kalmadı. İndirme işlemini yeniden başlatmadan bazı dosyaları silin."},{"$i":"no_memory_download_right_button","$v":"Tamam"},{"$i":"no_sdcard_found_2_download_title","$v":"Bellek kartı bulunamadı"},{"$i":"no_sdcard_found_2_download_message","$v":"Bellek kartı takın veya Ayarlar'da alternatif bir varsayılan medya konumu seçin."},{"$i":"no_sdcard_found_2_download_right_button","$v":"Tamam"},{"$i":"file_open_error_download_title","$v":"Onay"},{"$i":"file_open_error_download_message","$v":"Bu dosya biçimi geçersiz veya desteklenmiyor. Dosyayı silmek ister misiniz?"},{"$i":"file_open_error_download_left_button","$v":"Dosyayı Sakla"},{"$i":"file_open_error_download_right_button","$v":"Sil"},{"$i":"restart_download_error","$v":"İndirme işlemini yeniden başlatırken bir hata oluştu. Lütfen tekrar indirmeyi deneyin."},{"$i":"no-downloads","$v":"İndirilen yok"},{"$i":"byteUnit-B","$v":"B"},{"$i":"byteUnit-KB","$v":"KB"},{"$i":"byteUnit-MB","$v":"MB"},{"$i":"byteUnit-GB","$v":"GB"},{"$i":"byteUnit-TB","$v":"TB"},{"$i":"fileSize","$v":[{"t":"idOrVar","v":"size"}," ",{"t":"idOrVar","v":"unit"}]},{"$i":"percentage","$v":["%",{"t":"idOrVar","v":"percentage"}]},{"$i":"partialResult","$v":[{"t":"idOrVar","v":"partial"}," / ",{"t":"idOrVar","v":"total"}]},{"$i":"summary","$v":[{"t":"idOrVar","v":"date"}," - ",{"t":"idOrVar","v":"status"}]},{"$i":"download-stopped","$v":"Durduruldu"},{"$i":"download-failed","$v":"İndirme başarısız"},{"$i":"open_downloaded_file","$v":"Aç"},{"$i":"share_downloaded_file","$v":"Paylaş"},{"$i":"wallpaper_downloaded_file","$v":"Duvar kağıdı olarak ayarla"},{"$i":"ringtone_downloaded_file","$v":"Zil sesi olarak ayarla"},{"$i":"cancel_downloaded_file","$v":"İptal"},{"$i":"select-download","$v":"İndirme Seç"},{"$i":"kai-select-download","$v":"Bir Dosya Seçin"},{"$i":"kai-ok","$v":"Seç"},{"$i":"kai-cancel","$v":"İptal"}]