[{"$i":"weekday-0-long","$v":"Якшанба"},{"$i":"weekday-1-long","$v":"Душанба"},{"$i":"weekday-2-long","$v":"Сешанба"},{"$i":"weekday-3-long","$v":"Чоршанба"},{"$i":"weekday-4-long","$v":"Пайшанба"},{"$i":"weekday-5-long","$v":"Жума"},{"$i":"weekday-6-long","$v":"Шанба"},{"$i":"weekday-0-short","$v":"Якш"},{"$i":"weekday-1-short","$v":"Душ"},{"$i":"weekday-2-short","$v":"Сеш"},{"$i":"weekday-3-short","$v":"Чор"},{"$i":"weekday-4-short","$v":"Пай"},{"$i":"weekday-5-short","$v":"Жум"},{"$i":"weekday-6-short","$v":"Шан"},{"$i":"month-0-long","$v":"Январ"},{"$i":"month-1-long","$v":"Феврал"},{"$i":"month-2-long","$v":"Март"},{"$i":"month-3-long","$v":"Апрель"},{"$i":"month-4-long","$v":"Май"},{"$i":"month-5-long","$v":"Июн"},{"$i":"month-6-long","$v":"Июл"},{"$i":"month-7-long","$v":"Август"},{"$i":"month-8-long","$v":"Сентябр"},{"$i":"month-9-long","$v":"Октябр"},{"$i":"month-10-long","$v":"Ноябр"},{"$i":"month-11-long","$v":"Декабр"},{"$i":"month-0-genitive","$v":"Январь"},{"$i":"month-1-genitive","$v":"Февраль"},{"$i":"month-2-genitive","$v":"Март"},{"$i":"month-3-genitive","$v":"Апрель"},{"$i":"month-4-genitive","$v":"Май"},{"$i":"month-5-genitive","$v":"Июнь"},{"$i":"month-6-genitive","$v":"Июль"},{"$i":"month-7-genitive","$v":"Август"},{"$i":"month-8-genitive","$v":"Сентябрь"},{"$i":"month-9-genitive","$v":"Октябрь"},{"$i":"month-10-genitive","$v":"Ноябрь"},{"$i":"month-11-genitive","$v":"Декабрь"},{"$i":"month-0-short","$v":"Янв"},{"$i":"month-1-short","$v":"Фев"},{"$i":"month-2-short","$v":"Мар"},{"$i":"month-3-short","$v":"Апр"},{"$i":"month-4-short","$v":"Май"},{"$i":"month-5-short","$v":"Июн"},{"$i":"month-6-short","$v":"Июл"},{"$i":"month-7-short","$v":"Авг"},{"$i":"month-8-short","$v":"Сен"},{"$i":"month-9-short","$v":"Окт"},{"$i":"month-10-short","$v":"Ноя"},{"$i":"month-11-short","$v":"Дек"},{"$i":"minutes-ago-long","$v":{"few":[{"t":"idOrVar","v":"value"}," дақиқа олдин"],"many":[{"t":"idOrVar","v":"value"}," дақиқа олдин"],"one":"бир дақиқа аввал","other":[{"t":"idOrVar","v":"value"}," дақиқа олдин"],"two":[{"t":"idOrVar","v":"value"}," дақиқа олдин"],"zero":"ҳозиргина"},"$x":[{"t":"idOrVar","v":"plural"},"value"]},{"$i":"hours-ago-long","$v":{"few":[{"t":"idOrVar","v":"value"}," соат олдин"],"many":[{"t":"idOrVar","v":"value"}," соат олдин"],"one":"бир соат олдин","other":[{"t":"idOrVar","v":"value"}," соат олдин"],"two":[{"t":"idOrVar","v":"value"}," соат олдин"],"zero":"ҳозиргина"},"$x":[{"t":"idOrVar","v":"plural"},"value"]},{"$i":"days-ago-long","$v":{"few":[{"t":"idOrVar","v":"value"}," кун олдин"],"many":[{"t":"idOrVar","v":"value"}," кун олдин"],"one":"кеча","other":[{"t":"idOrVar","v":"value"}," кун олдин"],"two":[{"t":"idOrVar","v":"value"}," кун олдин"],"zero":"бугун"},"$x":[{"t":"idOrVar","v":"plural"},"value"]},{"$i":"weeks-ago-long","$v":{"few":[{"t":"idOrVar","v":"value"}," ҳафта олдин"],"many":[{"t":"idOrVar","v":"value"}," ҳафта олдин"],"one":"ўтган ҳафта","other":[{"t":"idOrVar","v":"value"}," ҳафта олдин"],"two":[{"t":"idOrVar","v":"value"}," ҳафта олдин"],"zero":"шу ҳафта"},"$x":[{"t":"idOrVar","v":"plural"},"value"]},{"$i":"months-ago-long","$v":{"few":[{"t":"idOrVar","v":"value"}," ой олдин"],"many":[{"t":"idOrVar","v":"value"}," ой олдин"],"one":"ўтган ой","other":[{"t":"idOrVar","v":"value"}," ой олдин"],"two":[{"t":"idOrVar","v":"value"}," ой олдин"],"zero":"бу ой"},"$x":[{"t":"idOrVar","v":"plural"},"value"]},{"$i":"years-ago-long","$v":{"few":[{"t":"idOrVar","v":"value"}," йил олдин"],"many":[{"t":"idOrVar","v":"value"}," йил олдин"],"one":"ўтган йил","other":[{"t":"idOrVar","v":"value"}," йил олдин"],"two":[{"t":"idOrVar","v":"value"}," йил олдин"],"zero":"шу йил"},"$x":[{"t":"idOrVar","v":"plural"},"value"]},{"$i":"minutes-until-long","$v":{"few":[{"t":"idOrVar","v":"value"}," дақиқада"],"many":[{"t":"idOrVar","v":"value"}," дақиқада"],"one":"бир дақиқада","other":[{"t":"idOrVar","v":"value"}," дақиқада"],"two":[{"t":"idOrVar","v":"value"}," дақиқада"],"zero":"ҳозир"},"$x":[{"t":"idOrVar","v":"plural"},"value"]},{"$i":"hours-until-long","$v":{"few":[{"t":"idOrVar","v":"value"}," соатда"],"many":[{"t":"idOrVar","v":"value"}," соатда"],"one":"бир соатда","other":[{"t":"idOrVar","v":"value"}," соатда"],"two":[{"t":"idOrVar","v":"value"}," соатда"],"zero":"ҳозир"},"$x":[{"t":"idOrVar","v":"plural"},"value"]},{"$i":"days-until-long","$v":{"few":[{"t":"idOrVar","v":"value"}," кунда"],"many":[{"t":"idOrVar","v":"value"}," кунда"],"one":"эртага","other":[{"t":"idOrVar","v":"value"}," кунда"],"two":[{"t":"idOrVar","v":"value"}," кунда"],"zero":"бугун"},"$x":[{"t":"idOrVar","v":"plural"},"value"]},{"$i":"weeks-until-long","$v":{"few":[{"t":"idOrVar","v":"value"}," ҳафтада"],"many":[{"t":"idOrVar","v":"value"}," ҳафтада"],"one":"кейинги ҳафта","other":[{"t":"idOrVar","v":"value"}," ҳафтада"],"two":[{"t":"idOrVar","v":"value"}," ҳафтада"],"zero":"шу ҳафта"},"$x":[{"t":"idOrVar","v":"plural"},"value"]},{"$i":"months-until-long","$v":{"few":[{"t":"idOrVar","v":"value"}," ойда"],"many":[{"t":"idOrVar","v":"value"}," ойда"],"one":"кейинги ой","other":[{"t":"idOrVar","v":"value"}," ойда"],"two":[{"t":"idOrVar","v":"value"}," ойда"],"zero":"бу ой"},"$x":[{"t":"idOrVar","v":"plural"},"value"]},{"$i":"years-until-long","$v":{"few":[{"t":"idOrVar","v":"value"}," йилда"],"many":[{"t":"idOrVar","v":"value"}," йилда"],"one":"кейинги йил","other":[{"t":"idOrVar","v":"value"}," йилда"],"two":[{"t":"idOrVar","v":"value"}," йилда"],"zero":"шу йил"},"$x":[{"t":"idOrVar","v":"plural"},"value"]},{"$i":"minutes-ago-short","$v":{"other":[{"t":"idOrVar","v":"value"},"д олдин"],"zero":"ҳозиргина"},"$x":[{"t":"idOrVar","v":"plural"},"value"]},{"$i":"hours-ago-short","$v":{"other":[{"t":"idOrVar","v":"value"},"с олдин"],"zero":"ҳозиргина"},"$x":[{"t":"idOrVar","v":"plural"},"value"]},{"$i":"days-ago-short","$v":{"other":[{"t":"idOrVar","v":"value"},"к олдин"],"zero":"бугун"},"$x":[{"t":"idOrVar","v":"plural"},"value"]},{"$i":"minutes-until-short","$v":{"other":[{"t":"idOrVar","v":"value"},"д"],"zero":"ҳозир"},"$x":[{"t":"idOrVar","v":"plural"},"value"]},{"$i":"hours-until-short","$v":{"other":[{"t":"idOrVar","v":"value"},"с"],"zero":"ҳозир"},"$x":[{"t":"idOrVar","v":"plural"},"value"]},{"$i":"days-until-short","$v":{"other":[{"t":"idOrVar","v":"value"},"к"],"zero":"бугун"},"$x":[{"t":"idOrVar","v":"plural"},"value"]},{"$i":"incorrectDate","$v":"(сана хато)"},{"$i":"dateTimeFormat_%c","$v":"%a %b %e %Y %I:%M:%S %p"},{"$i":"dateTimeFormat_%x","$v":"%m/%d/%Y"},{"$i":"dateTimeFormat_%X","$v":"%I:%M:%S %p"},{"$i":"shortTimeFormat","$v":"%I:%M %p"},{"$i":"shortTimeFormat12","$v":"%I:%M %p"},{"$i":"shortTimeFormat24","$v":"%H:%M"},{"$i":"shortDateTimeFormat","$v":"%x %I:%M %p"},{"$i":"weekStartsOnMonday","$v":"0.0"},{"$i":"firstDayOfTheWeek","$v":"1.0"},{"$i":"time_am","$v":"ТО"},{"$i":"time_pm","$v":"ТК"},{"$i":"stopped_download_title","$v":"Олиш тўхтади"},{"$i":"kai-stopped_download_message","$v":"This download was stopped. Would you like to resume downloading?"},{"$i":"stopped_download_left_button","$v":"Бекор қилиш"},{"$i":"stopped_download_right_button","$v":"Қайта уриниш"},{"$i":"failed_download_title","$v":"Юклаб олишда хато"},{"$i":"failed_download_message","$v":[{"t":"idOrVar","v":"name"}," юклаб олинмади. Қайта уринамизми?"]},{"$i":"failed_download_left_button","$v":"Бекор қилиш"},{"$i":"failed_download_right_button","$v":"Қайта уриниш"},{"$i":"stop_download_title","$v":"Юкланмани тўхтатиш"},{"$i":"stop_download_message","$v":"Ҳақиқатан ҳам юкланмани тўхтатасизми?"},{"$i":"stop_download_left_button","$v":"Бекор қилиш"},{"$i":"stop_download_right_button","$v":"Тўхтатиш"},{"$i":"delete_download_title","$v":"Ўчириш"},{"$i":"delete_download_message","$v":[{"t":"idOrVar","v":"name"}," ўчирилсинми?"]},{"$i":"delete_download_left_button","$v":"Бекор қилиш"},{"$i":"delete_download_right_button","$v":"Ўчириш"},{"$i":"delete_all_download_title","$v":"Ўчириш"},{"$i":"delete_all_download_left_button","$v":"Бекор қилиш"},{"$i":"delete_all_download_right_button","$v":"Ўчириш"},{"$i":"delete_all_download_message_ext","$v":"Белгиланган файллар ўчириб ташлансинми?"},{"$i":"delete_all_download_message","$v":{"few":[{"t":"idOrVar","v":"number"}," та файл ўчирилсинми?"],"many":[{"t":"idOrVar","v":"number"}," та файл ўчирилсинми?"],"one":"Битта файл ўчирилсинми?","other":[{"t":"idOrVar","v":"number"}," та файл ўчирилсинми?"],"two":[{"t":"idOrVar","v":"number"}," та файл ўчирилсинми?"],"zero":"Файлсиз ўчирилсинми?"},"$x":[{"t":"idOrVar","v":"plural"},"number"]},{"$i":"unsupported_file_type_download_title","$v":"Очиб бўлмайди"},{"$i":"unsupported_file_type_download_message","$v":[{"t":"idOrVar","v":"name"}," файлини очадиган дастур йўқ. Файлни сақлайсизми ёки ўчириб ташлайсизми?"]},{"$i":"unsupported_file_type_download_left_button","$v":"Файлни сақлаш"},{"$i":"unsupported_file_type_download_right_button","$v":"Ўчириш"},{"$i":"file_not_found_download_title","$v":"Файл топилмади"},{"$i":"file_not_found_download_message","$v":"Файл қурилмада топилмади"},{"$i":"file_not_found_download_right_button","$v":"OK"},{"$i":"unmounted_sdcard_2_download_title","$v":"Хотира картаси ишлатилмоқда"},{"$i":"unmounted_sdcard_2_download_message","$v":"Телефонни суғуриш"},{"$i":"unmounted_sdcard_2_download_right_button","$v":"OK"},{"$i":"no_provider_download_title","$v":"Очиб бўлмайди"},{"$i":"no_provider_download_message","$v":"Файл формати яроқсиз ёки нотаниш."},{"$i":"no_provider_download_right_button","$v":"OK"},{"$i":"no_memory_download_title","$v":"SD карта тўлган"},{"$i":"no_memory_download_message","$v":"Юкланмани сақлаш учун SD картада жой қолмади. Қайта юклашдан олдин жой бўшатинг."},{"$i":"no_memory_download_right_button","$v":"OK"},{"$i":"no_sdcard_found_2_download_title","$v":"Хотира картаси топилмади"},{"$i":"no_sdcard_found_2_download_message","$v":"Хотира картасини солинг ёки созламаларда муқобил медиа манзилини танланг"},{"$i":"no_sdcard_found_2_download_right_button","$v":"OK"},{"$i":"file_open_error_download_title","$v":"Тасдиқ"},{"$i":"file_open_error_download_message","$v":"Файл формати яроқсиз ёки номаълум. Файлни ўчирасизми ?"},{"$i":"file_open_error_download_left_button","$v":"Файлни сақлаш"},{"$i":"file_open_error_download_right_button","$v":"Ўчириш"},{"$i":"restart_download_error","$v":"Қайта бошлашда хато юз берди. Яна юклаб кўринг."},{"$i":"no-downloads","$v":"Юкланма йўқ"},{"$i":"byteUnit-B","$v":"Б"},{"$i":"byteUnit-KB","$v":"КБ"},{"$i":"byteUnit-MB","$v":"МБ"},{"$i":"byteUnit-GB","$v":"ГБ"},{"$i":"byteUnit-TB","$v":"TB"},{"$i":"fileSize","$v":[{"t":"idOrVar","v":"size"}," ",{"t":"idOrVar","v":"unit"}]},{"$i":"percentage","$v":[{"t":"idOrVar","v":"percentage"}," %"]},{"$i":"partialResult","$v":[{"t":"idOrVar","v":"partial"}," / ",{"t":"idOrVar","v":"total"}]},{"$i":"summary","$v":[{"t":"idOrVar","v":"date"}," - ",{"t":"idOrVar","v":"status"}]},{"$i":"download-stopped","$v":"Тўхтади"},{"$i":"download-failed","$v":"Юклаб олишда хато"},{"$i":"open_downloaded_file","$v":"Очиш"},{"$i":"share_downloaded_file","$v":"Улашиш"},{"$i":"wallpaper_downloaded_file","$v":"Фон расми қилиш"},{"$i":"ringtone_downloaded_file","$v":"Рингтон қилиш"},{"$i":"cancel_downloaded_file","$v":"Бекор қилиш"},{"$i":"select-download","$v":"Юкламани танланг"},{"$i":"kai-select-download","$v":"Файлни танланг"},{"$i":"kai-ok","$v":"Танлаш"},{"$i":"kai-cancel","$v":"Бекор"}]