[{"$i":"weekday-0-long","$v":"ISonto"},{"$i":"weekday-1-long","$v":"UMsombuluko"},{"$i":"weekday-2-long","$v":"ULwesibili"},{"$i":"weekday-3-long","$v":"ULwesithathu"},{"$i":"weekday-4-long","$v":"ULwesine"},{"$i":"weekday-5-long","$v":"ULwesihlanu"},{"$i":"weekday-6-long","$v":"UMgqibelo"},{"$i":"weekday-0-short","$v":"Isonto"},{"$i":"weekday-1-short","$v":"Mso"},{"$i":"weekday-2-short","$v":"Lwbl"},{"$i":"weekday-3-short","$v":"Lwth"},{"$i":"weekday-4-short","$v":"Lwesn"},{"$i":"weekday-5-short","$v":"Lwshl"},{"$i":"weekday-6-short","$v":"Mgq"},{"$i":"month-0-long","$v":"Januwari"},{"$i":"month-1-long","$v":"Febhuwari"},{"$i":"month-2-long","$v":"Mashi"},{"$i":"month-3-long","$v":"Ephreli"},{"$i":"month-4-long","$v":"Meyi"},{"$i":"month-5-long","$v":"Juni"},{"$i":"month-6-long","$v":"Julayi"},{"$i":"month-7-long","$v":"Agasti"},{"$i":"month-8-long","$v":"Septhemba"},{"$i":"month-9-long","$v":"Okthoba"},{"$i":"month-10-long","$v":"Novemba"},{"$i":"month-11-long","$v":"Disemba"},{"$i":"month-0-genitive","$v":"Januwari"},{"$i":"month-1-genitive","$v":"Febhuwari"},{"$i":"month-2-genitive","$v":"Mashi"},{"$i":"month-3-genitive","$v":"Ephreli"},{"$i":"month-4-genitive","$v":"Meyi"},{"$i":"month-5-genitive","$v":"Juni"},{"$i":"month-6-genitive","$v":"Julayi"},{"$i":"month-7-genitive","$v":"Agasti"},{"$i":"month-8-genitive","$v":"Septhemba"},{"$i":"month-9-genitive","$v":"Okthoba"},{"$i":"month-10-genitive","$v":"Novemba"},{"$i":"month-11-genitive","$v":"Disemba"},{"$i":"month-0-short","$v":"Jan"},{"$i":"month-1-short","$v":"Feb"},{"$i":"month-2-short","$v":"Mas"},{"$i":"month-3-short","$v":"Ephr"},{"$i":"month-4-short","$v":"Meyi"},{"$i":"month-5-short","$v":"Jun"},{"$i":"month-6-short","$v":"Jul"},{"$i":"month-7-short","$v":"Aga"},{"$i":"month-8-short","$v":"Sep"},{"$i":"month-9-short","$v":"Okt"},{"$i":"month-10-short","$v":"Nov"},{"$i":"month-11-short","$v":"Dis"},{"$i":"minutes-ago-long","$v":{"few":[{"t":"idOrVar","v":"value"}," imizuzu edlule"],"many":[{"t":"idOrVar","v":"value"}," imizuzu edlule"],"one":"Umzuzu odlule","other":[{"t":"idOrVar","v":"value"}," imizuzu edlule"],"two":[{"t":"idOrVar","v":"value"}," imizuzu edlule"],"zero":"manje"},"$x":[{"t":"idOrVar","v":"plural"},"value"]},{"$i":"hours-ago-long","$v":{"few":[{"t":"idOrVar","v":"value"}," amahora adlule"],"many":[{"t":"idOrVar","v":"value"}," amahora adlule"],"one":"ihora elidlule","other":[{"t":"idOrVar","v":"value"}," amahora adlule"],"two":[{"t":"idOrVar","v":"value"}," amahora adlule"],"zero":"manje"},"$x":[{"t":"idOrVar","v":"plural"},"value"]},{"$i":"days-ago-long","$v":{"few":[{"t":"idOrVar","v":"value"}," izinsuku ezidlule"],"many":[{"t":"idOrVar","v":"value"}," izinsuku ezidlule"],"one":"izolo","other":[{"t":"idOrVar","v":"value"}," izinsuku ezidlule"],"two":[{"t":"idOrVar","v":"value"}," izinsuku ezidlule"],"zero":"namuhla"},"$x":[{"t":"idOrVar","v":"plural"},"value"]},{"$i":"weeks-ago-long","$v":{"few":[{"t":"idOrVar","v":"value"}," amaviki adlule"],"many":[{"t":"idOrVar","v":"value"}," amaviki adlule"],"one":"iviki eledlule","other":[{"t":"idOrVar","v":"value"}," amaviki adlule"],"two":[{"t":"idOrVar","v":"value"}," amaviki adlule"],"zero":"kuleli viki"},"$x":[{"t":"idOrVar","v":"plural"},"value"]},{"$i":"months-ago-long","$v":{"few":[{"t":"idOrVar","v":"value"}," izinyanga ezidlule"],"many":[{"t":"idOrVar","v":"value"}," izinyanga ezidlule"],"one":"inyanga edlule","other":[{"t":"idOrVar","v":"value"}," izinyanga ezidlule"],"two":[{"t":"idOrVar","v":"value"}," izinyanga ezidlule"],"zero":"kule nyanga"},"$x":[{"t":"idOrVar","v":"plural"},"value"]},{"$i":"years-ago-long","$v":{"few":[{"t":"idOrVar","v":"value"}," iminyaka edlule"],"many":[{"t":"idOrVar","v":"value"}," iminyaka edlule"],"one":"ngonyaka odlule","other":[{"t":"idOrVar","v":"value"}," iminyaka edlule"],"two":[{"t":"idOrVar","v":"value"}," iminyaka edlule"],"zero":"kulo nyaka"},"$x":[{"t":"idOrVar","v":"plural"},"value"]},{"$i":"minutes-until-long","$v":{"few":["emizuzwini engu ",{"t":"idOrVar","v":"value"}],"many":["emizuzwini engu ",{"t":"idOrVar","v":"value"}],"one":"Ngemva komzuzu","other":["emizuzwini engu ",{"t":"idOrVar","v":"value"}],"two":["emizuzwini engu ",{"t":"idOrVar","v":"value"}],"zero":"manje"},"$x":[{"t":"idOrVar","v":"plural"},"value"]},{"$i":"hours-until-long","$v":{"few":["emahoreni angu ",{"t":"idOrVar","v":"value"}],"many":["emahoreni angu ",{"t":"idOrVar","v":"value"}],"one":"Ngemva kwehora","other":["emahoreni angu ",{"t":"idOrVar","v":"value"}],"two":["emahoreni angu ",{"t":"idOrVar","v":"value"}],"zero":"manje"},"$x":[{"t":"idOrVar","v":"plural"},"value"]},{"$i":"days-until-long","$v":{"few":["Ezinsukwini ezingu ",{"t":"idOrVar","v":"value"}],"many":["Ezinsukwini ezingu ",{"t":"idOrVar","v":"value"}],"one":"kusasa","other":["Ezinsukwini ezingu ",{"t":"idOrVar","v":"value"}],"two":["Ezinsukwini ezingu ",{"t":"idOrVar","v":"value"}],"zero":"namuhla"},"$x":[{"t":"idOrVar","v":"plural"},"value"]},{"$i":"weeks-until-long","$v":{"few":["emavikini angu ",{"t":"idOrVar","v":"value"}],"many":["emavikini angu ",{"t":"idOrVar","v":"value"}],"one":"ngeviki elizayo","other":["emavikini angu ",{"t":"idOrVar","v":"value"}],"two":["emavikini angu ",{"t":"idOrVar","v":"value"}],"zero":"kuleli viki"},"$x":[{"t":"idOrVar","v":"plural"},"value"]},{"$i":"months-until-long","$v":{"few":["ezinyangeni ezingu ",{"t":"idOrVar","v":"value"}],"many":["ezinyangeni ezingu ",{"t":"idOrVar","v":"value"}],"one":"ngenyanga ezayo","other":["ezinyangeni ezingu ",{"t":"idOrVar","v":"value"}],"two":["ezinyangeni ezingu ",{"t":"idOrVar","v":"value"}],"zero":"kule nyanga"},"$x":[{"t":"idOrVar","v":"plural"},"value"]},{"$i":"years-until-long","$v":{"few":["eminyakeni engu ",{"t":"idOrVar","v":"value"}],"many":["eminyakeni engu ",{"t":"idOrVar","v":"value"}],"one":"ngonyaka ozayo","other":["eminyakeni engu ",{"t":"idOrVar","v":"value"}],"two":["eminyakeni engu ",{"t":"idOrVar","v":"value"}],"zero":"kulo nyaka"},"$x":[{"t":"idOrVar","v":"plural"},"value"]},{"$i":"minutes-ago-short","$v":{"other":[{"t":"idOrVar","v":"value"}," umzuzu odlule"],"zero":"manje"},"$x":[{"t":"idOrVar","v":"plural"},"value"]},{"$i":"hours-ago-short","$v":{"other":[{"t":"idOrVar","v":"value"}," ihora elidlule"],"zero":"manje"},"$x":[{"t":"idOrVar","v":"plural"},"value"]},{"$i":"days-ago-short","$v":{"other":[{"t":"idOrVar","v":"value"}," usuku oludlule"],"zero":"namuhla"},"$x":[{"t":"idOrVar","v":"plural"},"value"]},{"$i":"minutes-until-short","$v":{"other":["Ngemva kwemizuzu engu ",{"t":"idOrVar","v":"value"}],"zero":"manje"},"$x":[{"t":"idOrVar","v":"plural"},"value"]},{"$i":"hours-until-short","$v":{"other":["Ngehora ",{"t":"idOrVar","v":"value"}],"zero":"manje"},"$x":[{"t":"idOrVar","v":"plural"},"value"]},{"$i":"days-until-short","$v":{"other":["osukwini ",{"t":"idOrVar","v":"value"}],"zero":"namuhla"},"$x":[{"t":"idOrVar","v":"plural"},"value"]},{"$i":"incorrectDate","$v":"(Usuku olunganembile)"},{"$i":"dateTimeFormat_%c","$v":"%a %b %e %Y %I:%M:%S %p"},{"$i":"dateTimeFormat_%x","$v":"%m/%d/%Y"},{"$i":"dateTimeFormat_%X","$v":"%I:%M:%S %p"},{"$i":"shortTimeFormat","$v":"%I:%M %p"},{"$i":"shortTimeFormat12","$v":"%I:%M %p"},{"$i":"shortTimeFormat24","$v":"%H:%M"},{"$i":"shortDateTimeFormat","$v":"%x %I:%M %p"},{"$i":"weekStartsOnMonday","$v":"0.0"},{"$i":"firstDayOfTheWeek","$v":"0.0"},{"$i":"time_am","$v":"AM"},{"$i":"time_pm","$v":"PM"},{"$i":"stopped_download_title","$v":"Ukudawuniloda kumiswe"},{"$i":"kai-stopped_download_message","$v":"This download was stopped. Would you like to resume downloading?"},{"$i":"stopped_download_left_button","$v":"Khansela"},{"$i":"stopped_download_right_button","$v":"Zama futhi"},{"$i":"failed_download_title","$v":"Ukudawuniloda akuphumelelanga"},{"$i":"failed_download_message","$v":[{"t":"idOrVar","v":"name"}," ihlulekile ukudawuniloda. Phinde uzame ukudawuniloda?"]},{"$i":"failed_download_left_button","$v":"Khansela"},{"$i":"failed_download_right_button","$v":"Zama futhi"},{"$i":"stop_download_title","$v":"Yeka Ukudawuniloda"},{"$i":"stop_download_message","$v":"Uyaqiniseka ukuthi ukuyeka ukudawuniloda?"},{"$i":"stop_download_left_button","$v":"Khansela"},{"$i":"stop_download_right_button","$v":"Yima"},{"$i":"delete_download_title","$v":"Susa"},{"$i":"delete_download_message","$v":["Susa i-\"",{"t":"idOrVar","v":"name"},"\"?"]},{"$i":"delete_download_left_button","$v":"Khansela"},{"$i":"delete_download_right_button","$v":"Susa"},{"$i":"delete_all_download_title","$v":"Susa"},{"$i":"delete_all_download_left_button","$v":"Khansela"},{"$i":"delete_all_download_right_button","$v":"Susa"},{"$i":"delete_all_download_message_ext","$v":"Susa amafayela akhethiwe?"},{"$i":"delete_all_download_message","$v":{"few":["Susa ",{"t":"idOrVar","v":"number"}," amafayela?"],"many":["Susa ",{"t":"idOrVar","v":"number"}," amafayela?"],"one":"Susa ifayela elilodwa1?","other":["Susa ",{"t":"idOrVar","v":"number"}," amafayela?"],"two":["Susa ",{"t":"idOrVar","v":"number"}," amafayela?"],"zero":"Awususi mafayela?"},"$x":[{"t":"idOrVar","v":"plural"},"kilobytes"]},{"$i":"unsupported_file_type_download_title","$v":"Ayikwazi ukuvula"},{"$i":"unsupported_file_type_download_message","$v":["Ayikho i-aplikhashini ekwazi ukuvula lokhu ",{"t":"idOrVar","v":"name"},". Ungathanda yini ukulondoloza ifayela noma ungathanda ukulisusa?"]},{"$i":"unsupported_file_type_download_left_button","$v":"Gcina Ifayela"},{"$i":"unsupported_file_type_download_right_button","$v":"Susa"},{"$i":"file_not_found_download_title","$v":"Ifayela alitholakali"},{"$i":"file_not_found_download_message","$v":"Ifayela alitholakalanga kule divayisi"},{"$i":"file_not_found_download_right_button","$v":"KULUNGILE"},{"$i":"unmounted_sdcard_2_download_title","$v":"IMemori khadi iyasebenza"},{"$i":"unmounted_sdcard_2_download_message","$v":"Khipha ifoni"},{"$i":"unmounted_sdcard_2_download_right_button","$v":"KULUNGILE"},{"$i":"no_provider_download_title","$v":"Ayikwazi ukuvula"},{"$i":"no_provider_download_message","$v":"Ifomethi yefayela ayisebenzi noma ayamukelwa."},{"$i":"no_provider_download_right_button","$v":"KULUNGILE"},{"$i":"no_memory_download_title","$v":"Ikhadi le-SIM ligcwele"},{"$i":"no_memory_download_message","$v":"Asisekho isikhathi ku-SD khdi yakho yokulondoloza izinto ezidawunilodiwe. Sicela ususe amafayela ngaphambi kokuqala ukudawuniloda."},{"$i":"no_memory_download_right_button","$v":"KULUNGILE"},{"$i":"no_sdcard_found_2_download_title","$v":"Akukho khadi lememori elitholakele"},{"$i":"no_sdcard_found_2_download_message","$v":"Faka imemori khadi noma ukhethe enye indawo yemidiya kumasethingi"},{"$i":"no_sdcard_found_2_download_right_button","$v":"KULUNGILE"},{"$i":"file_open_error_download_title","$v":"Ukuqinisekisa"},{"$i":"file_open_error_download_message","$v":"Ifomati yaleli fayela ayilungile noma ayisekelwa. Ingabe ufuna ukulisusa leli fayela?"},{"$i":"file_open_error_download_left_button","$v":"Gcina Ifayela"},{"$i":"file_open_error_download_right_button","$v":"Susa"},{"$i":"restart_download_error","$v":"Kube nephutha ngesikhathi uqala kabusha ukudawuniloda. Sicela uzame ukudawuniloda futhi."},{"$i":"no-downloads","$v":"Akukho okudawunilodiwe."},{"$i":"byteUnit-B","$v":"B"},{"$i":"byteUnit-KB","$v":"I-KB"},{"$i":"byteUnit-MB","$v":"I-MB"},{"$i":"byteUnit-GB","$v":"I-GB"},{"$i":"byteUnit-TB","$v":"I-TB"},{"$i":"fileSize","$v":[{"t":"idOrVar","v":"size"}," ",{"t":"idOrVar","v":"unit"}]},{"$i":"percentage","$v":[{"t":"idOrVar","v":"percentage"}," %"]},{"$i":"partialResult","$v":[{"t":"idOrVar","v":"partial"}," / ",{"t":"idOrVar","v":"total"}]},{"$i":"summary","$v":[{"t":"idOrVar","v":"date"}," - ",{"t":"idOrVar","v":"status"}]},{"$i":"download-stopped","$v":"Kumisiwe"},{"$i":"download-failed","$v":"Ukudawuniloda akuphumelelanga"},{"$i":"open_downloaded_file","$v":"Vula"},{"$i":"share_downloaded_file","$v":"Yabelana"},{"$i":"wallpaper_downloaded_file","$v":"Setha njengephephadonga"},{"$i":"ringtone_downloaded_file","$v":"Kwenze iringithoni"},{"$i":"cancel_downloaded_file","$v":"Khansela"},{"$i":"select-download","$v":"Khetha ukudawuniloda"},{"$i":"kai-select-download","$v":"Khetha Ifayela"},{"$i":"kai-ok","$v":"Khetha"},{"$i":"kai-cancel","$v":"Khansela"}]