[{"$i":"weekday-0-long","$v":"Sondag"},{"$i":"weekday-1-long","$v":"Maandag"},{"$i":"weekday-2-long","$v":"Dinsdag"},{"$i":"weekday-3-long","$v":"Woensdag"},{"$i":"weekday-4-long","$v":"Donderdag"},{"$i":"weekday-5-long","$v":"Vrydag"},{"$i":"weekday-6-long","$v":"Saterdag"},{"$i":"weekday-0-short","$v":"So"},{"$i":"weekday-1-short","$v":"Ma"},{"$i":"weekday-2-short","$v":"Di"},{"$i":"weekday-3-short","$v":"Wo"},{"$i":"weekday-4-short","$v":"Do"},{"$i":"weekday-5-short","$v":"Vr"},{"$i":"weekday-6-short","$v":"Sa"},{"$i":"month-0-long","$v":"Januarie"},{"$i":"month-1-long","$v":"Februarie"},{"$i":"month-2-long","$v":"Maart"},{"$i":"month-3-long","$v":"April"},{"$i":"month-4-long","$v":"Mei"},{"$i":"month-5-long","$v":"Junie"},{"$i":"month-6-long","$v":"Julie"},{"$i":"month-7-long","$v":"Augustus"},{"$i":"month-8-long","$v":"September"},{"$i":"month-9-long","$v":"Oktober"},{"$i":"month-10-long","$v":"November"},{"$i":"month-11-long","$v":"Desember"},{"$i":"month-0-genitive","$v":"Januarie"},{"$i":"month-1-genitive","$v":"Februarie"},{"$i":"month-2-genitive","$v":"Maart"},{"$i":"month-3-genitive","$v":"April"},{"$i":"month-4-genitive","$v":"Mei"},{"$i":"month-5-genitive","$v":"Junie"},{"$i":"month-6-genitive","$v":"Julie"},{"$i":"month-7-genitive","$v":"Augustus"},{"$i":"month-8-genitive","$v":"September"},{"$i":"month-9-genitive","$v":"Oktober"},{"$i":"month-10-genitive","$v":"November"},{"$i":"month-11-genitive","$v":"Desember"},{"$i":"month-0-short","$v":"Jan"},{"$i":"month-1-short","$v":"Feb"},{"$i":"month-2-short","$v":"Mrt"},{"$i":"month-3-short","$v":"Apr"},{"$i":"month-4-short","$v":"Mei"},{"$i":"month-5-short","$v":"Jun"},{"$i":"month-6-short","$v":"Jul"},{"$i":"month-7-short","$v":"Aug"},{"$i":"month-8-short","$v":"Sep"},{"$i":"month-9-short","$v":"Okt"},{"$i":"month-10-short","$v":"Nov"},{"$i":"month-11-short","$v":"Des"},{"$i":"minutes-ago-long","$v":{"few":[{"t":"idOrVar","v":"value"},"minute gelede"],"many":[{"t":"idOrVar","v":"value"},"minute gelede"],"one":"‘n minuut gelede","other":[{"t":"idOrVar","v":"value"},"minute gelede"],"two":[{"t":"idOrVar","v":"value"},"minute gelede"],"zero":"nou net"},"$x":[{"t":"idOrVar","v":"plural"},"value"]},{"$i":"hours-ago-long","$v":{"few":[{"t":"idOrVar","v":"value"}," ure gelede"],"many":[{"t":"idOrVar","v":"value"}," ure gelede"],"one":"‘n uur gelede","other":[{"t":"idOrVar","v":"value"}," ure gelede"],"two":[{"t":"idOrVar","v":"value"}," ure gelede"],"zero":"nou net"},"$x":[{"t":"idOrVar","v":"plural"},"value"]},{"$i":"days-ago-long","$v":{"few":[{"t":"idOrVar","v":"value"}," dae gelede"],"many":[{"t":"idOrVar","v":"value"}," dae gelede"],"one":"gister","other":[{"t":"idOrVar","v":"value"}," dae gelede"],"two":[{"t":"idOrVar","v":"value"}," dae gelede"],"zero":"Vandag"},"$x":[{"t":"idOrVar","v":"plural"},"value"]},{"$i":"weeks-ago-long","$v":{"few":[{"t":"idOrVar","v":"value"}," weke gelede"],"many":[{"t":"idOrVar","v":"value"}," weke gelede"],"one":"Verlede week","other":[{"t":"idOrVar","v":"value"}," weke gelede"],"two":[{"t":"idOrVar","v":"value"}," weke gelede"],"zero":"Hierdie week"},"$x":[{"t":"idOrVar","v":"plural"},"value"]},{"$i":"months-ago-long","$v":{"few":[{"t":"idOrVar","v":"value"}," maande gelede"],"many":[{"t":"idOrVar","v":"value"}," maande gelede"],"one":"Verlede maand","other":[{"t":"idOrVar","v":"value"}," maande gelede"],"two":[{"t":"idOrVar","v":"value"}," maande gelede"],"zero":"hierdie maand"},"$x":[{"t":"idOrVar","v":"plural"},"value"]},{"$i":"years-ago-long","$v":{"few":[{"t":"idOrVar","v":"value"}," jare gelede"],"many":[{"t":"idOrVar","v":"value"}," jare gelede"],"one":"Verlede jaar","other":[{"t":"idOrVar","v":"value"}," jare gelede"],"two":[{"t":"idOrVar","v":"value"}," jare gelede"],"zero":"Hierdie jaar"},"$x":[{"t":"idOrVar","v":"plural"},"value"]},{"$i":"minutes-until-long","$v":{"few":["In ",{"t":"idOrVar","v":"value"}," minute"],"many":["In ",{"t":"idOrVar","v":"value"}," minute"],"one":"In ‘n minuut","other":["In ",{"t":"idOrVar","v":"value"}," minute"],"two":["In ",{"t":"idOrVar","v":"value"}," minute"],"zero":"Nou"},"$x":[{"t":"idOrVar","v":"plural"},"value"]},{"$i":"hours-until-long","$v":{"few":["In ",{"t":"idOrVar","v":"value"}," ure"],"many":["In ",{"t":"idOrVar","v":"value"}," ure"],"one":"In ‘n uur","other":["In ",{"t":"idOrVar","v":"value"}," ure"],"two":["In ",{"t":"idOrVar","v":"value"}," ure"],"zero":"Nou"},"$x":[{"t":"idOrVar","v":"plural"},"value"]},{"$i":"days-until-long","$v":{"few":["In ",{"t":"idOrVar","v":"value"}," dae"],"many":["In ",{"t":"idOrVar","v":"value"}," dae"],"one":"môre","other":["In ",{"t":"idOrVar","v":"value"}," dae"],"two":["In ",{"t":"idOrVar","v":"value"}," dae"],"zero":"Vandag"},"$x":[{"t":"idOrVar","v":"plural"},"value"]},{"$i":"weeks-until-long","$v":{"few":["In ",{"t":"idOrVar","v":"value"}," weke"],"many":["In ",{"t":"idOrVar","v":"value"}," weke"],"one":"volgende week","other":["In ",{"t":"idOrVar","v":"value"}," weke"],"two":["In ",{"t":"idOrVar","v":"value"}," weke"],"zero":"Hierdie week"},"$x":[{"t":"idOrVar","v":"plural"},"value"]},{"$i":"months-until-long","$v":{"few":["In ",{"t":"idOrVar","v":"value"}," maande"],"many":["In ",{"t":"idOrVar","v":"value"}," maande"],"one":"Volgende maand","other":["In ",{"t":"idOrVar","v":"value"}," maande"],"two":["In ",{"t":"idOrVar","v":"value"}," maande"],"zero":"hierdie maand"},"$x":[{"t":"idOrVar","v":"plural"},"value"]},{"$i":"years-until-long","$v":{"few":["In ",{"t":"idOrVar","v":"value"}," jare"],"many":["In ",{"t":"idOrVar","v":"value"}," jare"],"one":"Volgende jaar","other":["In ",{"t":"idOrVar","v":"value"}," jare"],"two":["In ",{"t":"idOrVar","v":"value"}," jare"],"zero":"Hierdie jaar"},"$x":[{"t":"idOrVar","v":"plural"},"value"]},{"$i":"minutes-ago-short","$v":{"other":[{"t":"idOrVar","v":"value"},"m gelede"],"zero":"nou net"},"$x":[{"t":"idOrVar","v":"plural"},"value"]},{"$i":"hours-ago-short","$v":{"other":[{"t":"idOrVar","v":"value"},"u gelede"],"zero":"nou net"},"$x":[{"t":"idOrVar","v":"plural"},"value"]},{"$i":"days-ago-short","$v":{"other":[{"t":"idOrVar","v":"value"},"d gelede"],"zero":"Vandag"},"$x":[{"t":"idOrVar","v":"plural"},"value"]},{"$i":"minutes-until-short","$v":{"other":["In ",{"t":"idOrVar","v":"value"},"m"],"zero":"Nou"},"$x":[{"t":"idOrVar","v":"plural"},"value"]},{"$i":"hours-until-short","$v":{"other":["In ",{"t":"idOrVar","v":"value"}," u"],"zero":"Nou"},"$x":[{"t":"idOrVar","v":"plural"},"value"]},{"$i":"days-until-short","$v":{"other":["In ",{"t":"idOrVar","v":"value"},"d"],"zero":"Vandag"},"$x":[{"t":"idOrVar","v":"plural"},"value"]},{"$i":"incorrectDate","$v":"(verkeerde datum)"},{"$i":"dateTimeFormat_%c","$v":"%a %b %e %Y %I:%M:%S %p"},{"$i":"dateTimeFormat_%x","$v":"%m/%d/%Y"},{"$i":"dateTimeFormat_%X","$v":"%I:%M:%S %p"},{"$i":"shortTimeFormat","$v":"%I:%M %p"},{"$i":"shortTimeFormat12","$v":"%I:%M %p"},{"$i":"shortTimeFormat24","$v":"%H:%M"},{"$i":"shortDateTimeFormat","$v":"%X %I:%M %p"},{"$i":"weekStartsOnMonday","$v":"0.0"},{"$i":"firstDayOfTheWeek","$v":"0.0"},{"$i":"time_am","$v":"VM"},{"$i":"time_pm","$v":"NM"},{"$i":"label","$v":"Etiket"},{"$i":"mobile","$v":"Selfoon"},{"$i":"home","$v":"Tuis"},{"$i":"work","$v":"Werk"},{"$i":"personal","$v":"Persoonlik"},{"$i":"faxHome","$v":"Faks huis"},{"$i":"faxOffice","$v":"Faks kantoor"},{"$i":"faxOther","$v":"Faks ander"},{"$i":"another","$v":"Nog een"},{"$i":"other","$v":"Ander"},{"$i":"customTag","$v":"Persoonlike Merker","placeholder":"Persoonlike Merker"},{"$i":"current","$v":"Huidige"},{"$i":"itemWithLabel","$v":[{"t":"idOrVar","v":"label"},", ",{"t":"idOrVar","v":"item"}]},{"$i":"airplaneMode","$v":"Vliegtuigmodus"},{"$i":"searching","$v":"Soek tans…"},{"$i":"noNetwork","$v":"Geen netwerk"},{"$i":"roaming","$v":[{"t":"idOrVar","v":"Operator"}," (Swerf)"]},{"$i":"operator-info","$v":[{"t":"idOrVar","v":"carrier"}," ",{"t":"idOrVar","v":"region"}]},{"$i":"emergencyCallsOnly","$v":"Net noodoproepe"},{"$i":"emergencyCallsOnly-unknownSIMState","$v":"Onbekende SIM-kaart toestand"},{"$i":"emergencyCallsOnly-noSIM","$v":"(Geen SIM)"},{"$i":"emergencyCallsOnly-pinRequired","$v":"(SIM PIN vereis)"},{"$i":"emergencyCallsOnly-pukRequired","$v":"(SIM POK vereis)"},{"$i":"emergencyCallsOnly-networkLocked","$v":"(Netwerk gesluit)"},{"$i":"emergencyCallsOnly-serviceProviderLocked","$v":"(Diensverskaffer gesluit)"},{"$i":"emergencyCallsOnly-corporateLocked","$v":"(Korporatief gesluit)"},{"$i":"emergencyCallsOnly-network1Locked","$v":"(Netwerk1 gesluit)"},{"$i":"emergencyCallsOnly-network2Locked","$v":"(Netwerk2 gesluit)"},{"$i":"emergencyCallsOnly-hrpdNetworkLocked","$v":"(Hrpd netwerk gesluit)"},{"$i":"emergencyCallsOnly-ruimCorporateLocked","$v":"(Ruim korporatief gesluit)"},{"$i":"emergencyCallsOnly-ruimServiceProviderLocked","$v":"(Ruim diensverskaffer gesluit)"},{"$i":"lockscreen-sim-id","$v":["SIM ",{"t":"idOrVar","v":"n"}]},{"$i":"charging-no-time","$v":[{"t":"idOrVar","v":"level"},"% Gelaai"]},{"$i":"charging-minutes","$v":{"few":[{"t":"idOrVar","v":"level"},"% Gelaai (",{"t":"idOrVar","v":"minutes"}," min tot ten volle gelaai)"],"many":[{"t":"idOrVar","v":"level"},"% Gelaai (",{"t":"idOrVar","v":"minutes"}," min tot ten volle gelaai)"],"one":[{"t":"idOrVar","v":"level"},"% Gelaai (",{"t":"idOrVar","v":"minutes"}," min tot ten volle gelaai)"],"other":[{"t":"idOrVar","v":"level"},"% Gelaai (",{"t":"idOrVar","v":"minutes"}," min tot ten volle gelaai)"],"two":[{"t":"idOrVar","v":"level"},"% Gelaai (",{"t":"idOrVar","v":"minutes"}," min tot ten volle gelaai)"],"zero":[{"t":"idOrVar","v":"level"},"% Gelaai (",{"t":"idOrVar","v":"minutes"}," min tot ten volle gelaai)"]},"$x":[{"t":"idOrVar","v":"plural"},"minutes"]},{"$i":"charging-hours","$v":{"few":[{"t":"idOrVar","v":"level"},"% Gelaai (",{"t":"idOrVar","v":"hours"},"u ",{"t":"idOrVar","v":"minutes"}," min tot ten volle gelaai)"],"many":[{"t":"idOrVar","v":"level"},"% Gelaai (",{"t":"idOrVar","v":"hours"},"u ",{"t":"idOrVar","v":"minutes"}," min tot ten volle gelaai)"],"one":[{"t":"idOrVar","v":"level"},"% Gelaai (",{"t":"idOrVar","v":"hours"},"u ",{"t":"idOrVar","v":"minutes"}," min tot ten volle gelaai)"],"other":[{"t":"idOrVar","v":"level"},"% Gelaai (",{"t":"idOrVar","v":"hours"},"u ",{"t":"idOrVar","v":"minutes"}," min tot ten volle gelaai)"],"two":[{"t":"idOrVar","v":"level"},"% Gelaai (",{"t":"idOrVar","v":"hours"},"u ",{"t":"idOrVar","v":"minutes"}," min tot ten volle gelaai)"],"zero":[{"t":"idOrVar","v":"level"},"% Gelaai (",{"t":"idOrVar","v":"hours"},"u ",{"t":"idOrVar","v":"minutes"}," min tot ten volle gelaai)"]},"$x":[{"t":"idOrVar","v":"plural"},"minutes"]},{"$i":"phoneNumberInput","ariaLabel":"Foonnommer"},{"$i":"keypadDelete","ariaLabel":"Skrap"},{"$i":"voiceMailKey","ariaLabel":"Stempos"},{"$i":"asterisk","ariaLabel":"Sterretjie"},{"$i":"hashSign","ariaLabel":"Hutsmerkteken"},{"$i":"cancel","$v":"Kanselleer"},{"$i":"loadingSimContacts","$v":"Laai tans SIM-kaartkontakte"},{"$i":"noContactsWereFound","$v":"Geen kontakte is gevind"},{"$i":"noContactsFoundDialogOk","$v":"Goed"},{"$i":"emergencyNumber","$v":"Noodnommer"},{"$i":"callAirplaneModeMessage","$v":"Om ‘n oproep te maak moet jy vliegtuigmodus deaktiveer in instellings."},{"$i":"callAirplaneModeBtnOk","$v":"Goed"},{"$i":"callAirplaneModeTitle","$v":"Vliegtuigmodus geaktiveer"},{"$i":"numberIsBusyTitle","$v":"Nommer is beset"},{"$i":"numberIsBusyMessage","$v":"Die nommer is tans beset. Probeer asseblief later weer."},{"$i":"fdnIsActiveTitle","$v":"VBN aktief"},{"$i":"fdnIsActiveMessage","$v":["VBN (Vasgestelde Belnommers) is geaktiveer en die volgende nommer is nie in jou VBN-lys nie: ",{"t":"idOrVar","v":"number"}]},{"$i":"emergencyDialogBodyBadNumber","$v":"Om ‘n oproep te maak moet die telefoon aan ‘n netwerk gekoppel wees."},{"$i":"emergencyDialogBodyDeviceNotAccepted","$v":"Noodoproepe word nie deur die netwerk toegelaat nie."},{"$i":"emergencyDialogBtnOk","$v":"Goed"},{"$i":"emergencyDialogTitle","$v":"Geen netwerkverbinding"},{"$i":"invalidNumberToDialTitle","$v":"Ongeldige foonnommer."},{"$i":"invalidNumberToDialMessage","$v":"Die foonnommer wat jy skakel is ongeldig."},{"$i":"unableToCallTitle","$v":"Kan nie ’n oproep maak nie"},{"$i":"unableToCallMessage","$v":"Kan nie nou ’n foonoproep maak nie."},{"$i":"otherConnectionInUseTitle","$v":"Ander verbinding in gebruik"},{"$i":"otherConnectionInUseMessage","$v":"Jy het ‘n aktiewe oproep op ‘n ander verbinding. Jy kan slegs een verbinding op ‘n slag gebruik."},{"$i":"connectingEllipsis","$v":"Besig om te verbind..."},{"$i":"clear","$v":"Vee uit"},{"$i":"dialer","$v":"Beller"},{"$i":"kai-incomming-call","$v":"Inkomende oproep"},{"$i":"kai-in-call","$v":"In oproep"},{"$i":"kai-answer","$v":"Beantwoord"},{"$i":"kai-end-answer","$v":"Eindig en antwoord"},{"$i":"kai-decline","$v":"Weier"},{"$i":"enter-passcode","$v":"Tik wagwoord in om skerm te ontsluit."},{"$i":"passcode-error","$v":"Ongeldige kode. Probeer asseblief weer."},{"$i":"voice-call","$v":"Verander na stem"},{"$i":"video-call","$v":"Verander na video"},{"$i":"message","$v":"Boodskap"},{"$i":"answer-rtt-call","$v":"Antwoord RTT"},{"$i":"req-rtt-call","$v":"ANS RTT"},{"$i":"rtt-call","$v":"RTT oproep"},{"$i":"rtt-view","$v":"RTT beeld"},{"$i":"change-to-rtt-call","$v":"Skakel in by RTT-oproep . . ."},{"$i":"change-to-voice-call","$v":"Verander na stem-oproep."},{"$i":"upgrading-rtt","$v":"Worg opgegradeer na 'n RTT oproep . . ."},{"$i":"rtt-call-failed","$v":"RTT oproep het misluk."},{"$i":"voice-call-failed","$v":"Stem-oproep het misluk."},{"$i":"rtt","$v":"RTT"},{"$i":"rtt-emegency-upgrade-rejected","$v":"RTT oproep is nie beskikbaar vir hierdie 911-oproep nie."},{"$i":"rtt-emegency-downgrade","$v":"RTT is nie beskikbaar vir hierdie 911-oproep nie. Jou oproep is as 'n stem-oproep deurgeskakel. Indien jy probleme ondervind, plaas asseblief 'n stem-oproep na 911."},{"$i":"voice-only-call","$v":"Jou oproep is as 'n stem-oproep deurgeskakel."},{"$i":"ans-rtt-failed","$v":"Kon nie RTT-oproep bewerkstellig nie. Jou oproep is as stem-oproep alleenlik verbind."},{"$i":"back","$v":"Terug"},{"$i":"new-message","$v":"Nuwe boodskap van"},{"$i":"kai-mute","$v":"Demp"},{"$i":"kai-unmute","$v":"Ondemp"},{"$i":"kai-speaker","$v":"Luidspreker"},{"$i":"kai-speaker-off","$v":"Luidspreker af"},{"$i":"kai-microphone-mute-notification","$v":"Mikrofoon gedemp"},{"$i":"kai-microphone-active-notification","$v":"Mikrofoon is aktief"},{"$i":"kai-speaker-off-notification","$v":"Eksterne luidspreker afgeskakel"},{"$i":"kai-speaker-on-notification","$v":"Eksterne luidspreker aangeskakel"},{"$i":"kai-hold-and-answer","$v":"Sit op Wag en Antwoord"},{"$i":"kai-ignore-call","$v":"Ignoreer inkomende Oproep"},{"$i":"kai-add-to-call","$v":"Voeg oproep by"},{"$i":"kai-switch-to-second-line","$v":"Ruil oproep"},{"$i":"kai-merge-calls","$v":"Voeg oproep saam"},{"$i":"ok","$v":"Goed"},{"$i":"losing-wifi-msg","$v":"verloor Wi-Fi"},{"$i":"hd","$v":"HD"},{"$i":"manage-call","$v":"Bestuur oproep"},{"$i":"end","$v":"Beëindig oproep"},{"$i":"private","$v":"Privaat"},{"$i":"sound","$v":"Klank"},{"$i":"bluetooth-device","$v":"Bluetooth toestel"},{"$i":"handset-earpiece","$v":"Handstel"},{"$i":"speaker","$v":"Luidspreker"},{"$i":"call-ended","$v":"Oproep beëindig"},{"$i":"payphone","$v":"Betaalfoon"},{"$i":"contact","$v":"Kontakte"},{"$i":"dialer-prompt","$v":"Skakel nommer of kies kontak om by oproep te voeg"},{"$i":"call","$v":"Skakel"},{"$i":"hold","$v":"Wag"},{"$i":"volume","$v":"Volume"},{"$i":"softkey-options","$v":"Opsies"},{"$i":"unhold-call","$v":"Ontwag oproep"},{"$i":"hold-call","$v":"Plaas oproep op wag"},{"$i":"select","$v":"Kies"},{"$i":"unknown","$v":"Onbekend"},{"$i":"switch-calls","$v":"Verander oproepe"},{"$i":"voiceMail","$v":"Stempos"},{"$i":"incoming","$v":"Inkomend"},{"$i":"outgoing","$v":"Uitgaande"},{"$i":"callEnded","$v":"Oproep beëindig"},{"$i":"callEndedDuration","$v":["Oproep is beëindig (",{"t":"idOrVar","v":"duration"},")"]},{"$i":"conferenceAddError","$v":"Nie in staat om oproepe saam te voeg nie"},{"$i":"conferenceRemoveError","$v":"Nie in staat om oproepe te skei nie"},{"$i":"callDurationMinutes","$v":[{"t":"idOrVar","v":"m"},":",{"t":"idOrVar","v":"s"}]},{"$i":"callDurationHours","$v":[{"t":"idOrVar","v":"h"},":",{"t":"idOrVar","v":"m"},":",{"t":"idOrVar","v":"s"}]},{"$i":"callDurationTextFormatSeconds","$v":[{"t":"idOrVar","v":"s"}," s"]},{"$i":"callDurationTextFormatMinutes","$v":[{"t":"idOrVar","v":"m"}," m ",{"t":"idOrVar","v":"s"}," s"]},{"$i":"callDurationTextFormatHours","$v":[{"t":"idOrVar","v":"h"}," h ",{"t":"idOrVar","v":"m"}," m ",{"t":"idOrVar","v":"s"}," s"]},{"$i":"switch-to-device-toast","$v":"Oorgeskakel na bluetooth toestel"},{"$i":"switch-to-handset-toast","$v":"Oorgeskakel na handsteloorstuk"},{"$i":"switch-to-speaker-toast","$v":"Oorgeskakel na luidspreker"},{"$i":"connecting","$v":"Besig om te verbind"},{"$i":"wifi-call-quality-excellent","$v":"Uitstekend"},{"$i":"wifi-call-quality-fair","$v":"Gematig"},{"$i":"wifi-call-quality-bad","$v":"Swak"},{"$i":"call-left-conference-toast","$v":"het die oproep verlaat"},{"$i":"camera-off","$v":"Kamera af"},{"$i":"camera-on","$v":"Kamera aan"},{"$i":"rear-camera","$v":"Agterste kamera"},{"$i":"front-camera","$v":"Voorste kamera"},{"$i":"hide-info","$v":"Versteek inligting"},{"$i":"show-info","$v":"Wys inligting"},{"$i":"video-call-rejected","$v":"Video-oproep is verwerp. Verander na stemoproep."},{"$i":"video-call-not-support","$v":"Video-oproep word nie ondersteun nie."},{"$i":"video-call-rejected-timeout","$v":"Video-oproep gewyer of tydverstreke"},{"$i":"video-call-from","$v":["Ontvang tans video-oproep vanaf ",{"t":"idOrVar","v":"name"}," ..."]},{"$i":"video-call-canceled","$v":"Video-oproep is gekanselleer."},{"$i":"video-call-failed","$v":"Video-oproep het misluk."},{"$i":"call-downgraded","$v":"Oproep afgradeer."},{"$i":"wifi-calling","$v":"WIFI bel tans"},{"$i":"wifi-calling-1","$v":"Jou oproep kan dalk beëindig word."},{"$i":"wifi-calling-2","$v":"Jy is amper buite die bereik van Wi-Fi-dekking."},{"$i":"wifi-calling-dropped","$v":"Wi-Fi-oproep beëindig."},{"$i":"accept","$v":"Aanvaar"},{"$i":"conference-call-num","$v":[{"t":"idOrVar","v":"num"}," mense in oproep."]},{"$i":"more","$v":"Meer"},{"$i":"rec","$v":"REC / NEEM OP"},{"$i":"start-recording-call","$v":"Begin om oproep op te neem."},{"$i":"stop-recording-call","$v":"Stop opname van oproep."},{"$i":"insufficient-storage","$v":"Te min stoorspasie. Opname is gestop."},{"$i":"reply","$v":"Antwoord"},{"$i":"reply-message-1","$v":"Jammer, ek kan nie nou praat nie."},{"$i":"reply-message-2","$v":"Ek is op pad."},{"$i":"reply-message-3","$v":"Kan ek jou later skakel?"},{"$i":"reply-message-4","$v":"Gepasmaak ..."},{"$i":"reply-to-name","$v":["Geantwoord op ",{"t":"idOrVar","v":"name"}]},{"$i":"mt-call-on-hold","$v":"Oproep is op hou geplaas."},{"$i":"mt-call_retrieved","$v":"Oproep is opgespoor."},{"$i":"mt-multi_party_call","$v":"Jy is by 'n konferensie-oproep ingesluit."},{"$i":"hangup-a11y-button","$v":""},{"$i":"pickup-a11y-button","$v":""},{"$i":"mute","$v":""},{"$i":"toggleKeypad","$v":""},{"$i":"newCall","$v":""},{"$i":"speakerOption","$v":""},{"$i":"bluetoothOption","$v":""},{"$i":"onHoldOption","$v":""},{"$i":"merge","$v":""},{"$i":"ignore","$v":""},{"$i":"dialerAddContact","$v":""},{"$i":"makeCall","$v":""},{"$i":"call-forwarding-async","$v":["Asinkronies: ",{"t":"idOrVar","v":"async"}]},{"$i":"call-forwarding-data","$v":["Data: ",{"t":"idOrVar","v":"data"}]},{"$i":"call-forwarding-error","$v":"‘n Fout het voorgekom tydens die verkryging van die oproep se deurstuurstatus"},{"$i":"call-forwarding-fax","$v":["FAKS: ",{"t":"idOrVar","v":"fax"}]},{"$i":"call-forwarding-inactive","$v":"Onaktief"},{"$i":"call-forwarding-packet","$v":["Pakket: ",{"t":"idOrVar","v":"packet"}]},{"$i":"call-forwarding-pad","$v":["Blok: ",{"t":"idOrVar","v":"pad"}]},{"$i":"call-forwarding-sms","$v":["SMS: ",{"t":"idOrVar","v":"sms"}]},{"$i":"call-forwarding-status","$v":"Deurstuurstatus van oproep"},{"$i":"call-forwarding-sync","$v":["Sinkronies: ",{"t":"idOrVar","v":"sync"}]},{"$i":"call-forwarding-voice","$v":["Stem: ",{"t":"idOrVar","v":"voice"}]},{"$i":"scCallBarring","$v":"Oproepblokkering"},{"$i":"scCallForwarding","$v":"Oproepaanstuur"},{"$i":"scClip","$v":"Inkomende Beller ID"},{"$i":"scClir","$v":"Uitgaande Beller ID"},{"$i":"scPwd","$v":"Wagwoord verander"},{"$i":"scCallWaiting","$v":"Wagoproepdiens"},{"$i":"scPin","$v":"PIN verander"},{"$i":"scPin2","$v":"PIN2 verander"},{"$i":"scPuk","$v":"Ontblok PIN"},{"$i":"scPuk2","$v":"Ontblok PIN2"},{"$i":"scImei","$v":"IMEI"},{"$i":"scMeid","$v":"MEID"},{"$i":"scUssd","$v":"USSD"},{"$i":"serviceClassVoice","$v":"Stem"},{"$i":"serviceClassData","$v":"Data"},{"$i":"serviceClassFax","$v":"FAKS"},{"$i":"serviceClassSms","$v":"SMS"},{"$i":"serviceClassDataSync","$v":"Sinchronisasie"},{"$i":"serviceClassDataAsync","$v":"Asink"},{"$i":"serviceClassPacket","$v":"Pakkie"},{"$i":"serviceClassPad","$v":"PAD"},{"$i":"smServiceEnabled","$v":"Diens is geaktiveer"},{"$i":"smServiceDisabled","$v":"Diens is gedeaktiveer"},{"$i":"smServiceRegistered","$v":"Registrasie was suksesvol"},{"$i":"smServiceErased","$v":"Uitwissing was suksesvol"},{"$i":"smServiceInterrogated","$v":"Versoek was suksesvol"},{"$i":"smServiceNotProvisioned","$v":"Diens nie bevoorraad nie"},{"$i":"smClirPermanent","$v":"Jy kan nie die beller-ID-instelling verander nie."},{"$i":"smClirDefaultOnNextCallOn","$v":"Beller-ID se verstek is beperk. Volgende oproep: beperk"},{"$i":"smClirDefaultOnNextCallOff","$v":"Beller-ID se verstek is beperk. Volgende oproep: nie beperk nie"},{"$i":"smClirDefaultOffNextCallOn","$v":"Beller-ID se verstek is nie beperk nie. Volgende oproep: beperk"},{"$i":"smClirDefaultOffNextCallOff","$v":"Beller-ID se verstek is nie beperk nie. Volgende oproep: nie beperk nie"},{"$i":"smServiceEnabledFor","$v":"Diens is gedeaktiveer vir:"},{"$i":"smPinChanged","$v":"PIN suksesvol verander"},{"$i":"smPinUnblocked","$v":"PIN suksesvol oopgesluit"},{"$i":"smPin2Changed","$v":"PIN2 suksesvol verander"},{"$i":"smPin2Unblocked","$v":"PIN2 suksesvol oopgesluit"},{"$i":"ServiceIsEnabled","$v":"Diens is geaktiveer"},{"$i":"ServiceIsDisabled","$v":"Diens is gedeaktiveer"},{"$i":"ServiceIsEnabledFor","$v":"Diens is geaktiveer vir:"},{"$i":"emMmiError","$v":"Verbindingsprobleem of ongeldige MMI-kode"},{"$i":"emMmiErrorPasswordIncorrect","$v":"Verkeerde wagwoord"},{"$i":"emMmiErrorNotSupported","$v":"Ongeldige of Onondersteunde MMI Kode"},{"$i":"emMmiErrorInvalidAction","$v":"Ongeldige aksie"},{"$i":"emMmiErrorInvalidScCode","$v":"Ongeldige dienskode"},{"$i":"emMmiErrorBadPuk","$v":"Die POK wat jy getik het, is verkeerd."},{"$i":"emMmiErrorBadPin","$v":"Die ou PIN wat jy ingetik het, is verkeerd."},{"$i":"emMmiErrorNeedPuk2","$v":"Tik POK2 om SIM-kaart te ontblok"},{"$i":"emMmiErrorMismatchPin","$v":"Die PIN’s wat jy getik het, stem nie ooreen nie."},{"$i":"emMmiErrorInvalidPin","$v":"Tik ‘n PIN wat 4 tot 8 syfers is"},{"$i":"emMmiErrorNeedsPuk","$v":"Jou SIM-kaart is PUK-geslote"},{"$i":"emMmiErrorEnablePin","$v":"Onsuksesvol. Aktiveer SIM/RUIM-SLOT."},{"$i":"emMmiErrorMmiFdn","$v":"Werking is beperk tot slegs vasgestelde belnommers"},{"$i":"emMmiErrorStkCcUssdDial","$v":"USSD-versoek is gewysig tot BEL-versoek."},{"$i":"emMmiErrorStkCcUssdSs","$v":"USSD-versoek is gewysig tot SS-versoek."},{"$i":"emMmiErrorStkCcUssdUssd","$v":"USSD-versoek is gewysig tot nuwe USSD-versoek."},{"$i":"emMmiErrorStkCcSsDial","$v":"SS-versoek is gewysig tot BEL-versoek."},{"$i":"emMmiErrorStkCcSsUssd","$v":"SS-versoek is gewysig tot USSD-versoek."},{"$i":"emMmiErrorStkCcSsSs","$v":"SS-versoek is gewysig tot BEL-versoek"},{"$i":"emMmiErrorPinPukAttempts","$v":{"few":[{"t":"idOrVar","v":"n"}," probeerslae oor"],"many":[{"t":"idOrVar","v":"n"}," probeerslae oor"],"one":["Slegs ",{"t":"idOrVar","v":"n"}," probeerslag oor"],"other":[{"t":"idOrVar","v":"n"}," probeerslae oor"],"two":[{"t":"idOrVar","v":"n"}," probeerslae oor"]},"$x":[{"t":"idOrVar","v":"plural"},"n"]},{"$i":"emMmiErrorSimBlocked","$v":"Maksimum aantal probeerslae oorskry. SIM geblok"},{"$i":"RadioNotAvailable","$v":"Radio onbeskikbaar"},{"$i":"GenericFailure","$v":"Generiese mislukking"},{"$i":"PasswordIncorrect","$v":"Wagwoord verkeerd"},{"$i":"SimPin2","$v":"SIM PIN2"},{"$i":"SimPuk2","$v":"SIM POK2"},{"$i":"RequestNotSupported","$v":"Versoek word nie ondersteun nie"},{"$i":"OpNotAllowedDuringVoiceCall","$v":"Bewerking word nie tydens stemoproep toegelaat nie"},{"$i":"SmsSendFailRetry","$v":"SMS se stuur misluk probeer weer"},{"$i":"SimAbsent","$v":"SIM afwesig"},{"$i":"SubscriptionNotAvailable","$v":"Intekening nie beskikbaar"},{"$i":"ModeNotSupported","$v":"Modus word nie ondersteun nie"},{"$i":"FdnCheckFailure","$v":"FDN nagaan mislukking"},{"$i":"IllegalSimOrMe","$v":"Onwettige SIM of ME"},{"$i":"DialModifiedToUssd","$v":"Bel verander na USSD"},{"$i":"DialModifiedToSs","$v":"Bel verander na SS"},{"$i":"DialModifiedToDial","$v":"Bel verander na bel"},{"$i":"UssdModifiedToDial","$v":"USSD verander om te bel"},{"$i":"UssdModifiedToSs","$v":"USSD verander na SS"},{"$i":"UssdModifiedToUssd","$v":"USSD verander na USSD"},{"$i":"SsModifiedToDial","$v":"SS verander om te bel"},{"$i":"SsModifiedToUssd","$v":"SS verander na USSD"},{"$i":"SsModifiedToSs","$v":"SS verander na SS"},{"$i":"SubscriptionNotSupported","$v":"Intekening word nie ondersteun nie"},{"$i":"InvalidParameter","$v":"Ongeldige parameter"},{"$i":"RejectedByRemote","$v":"Verwerp deur afstandbeheer"},{"$i":"error","$v":"Fout"}]