[{"$i":"weekday-0-long","$v":"রবিবার"},{"$i":"weekday-1-long","$v":"সোমবার"},{"$i":"weekday-2-long","$v":"মঙ্গলবার"},{"$i":"weekday-3-long","$v":"বুধবার"},{"$i":"weekday-4-long","$v":"বৃহস্পতিবার"},{"$i":"weekday-5-long","$v":"শুক্রবার"},{"$i":"weekday-6-long","$v":"শনিবার"},{"$i":"weekday-0-short","$v":"রবি"},{"$i":"weekday-1-short","$v":"সোম"},{"$i":"weekday-2-short","$v":"মঙ্গল"},{"$i":"weekday-3-short","$v":"বুধ"},{"$i":"weekday-4-short","$v":"বৃহ"},{"$i":"weekday-5-short","$v":"শুক্র"},{"$i":"weekday-6-short","$v":"শনি"},{"$i":"month-0-long","$v":"জানুয়ারী"},{"$i":"month-1-long","$v":"ফেব্রুয়ারী"},{"$i":"month-2-long","$v":"মার্চ"},{"$i":"month-3-long","$v":"এপ্রিল"},{"$i":"month-4-long","$v":"মে"},{"$i":"month-5-long","$v":"জুন"},{"$i":"month-6-long","$v":"জুলাই"},{"$i":"month-7-long","$v":"আগস্ট"},{"$i":"month-8-long","$v":"সেপ্টেম্বর"},{"$i":"month-9-long","$v":"অক্টোবর"},{"$i":"month-10-long","$v":"নভেম্বর"},{"$i":"month-11-long","$v":"ডিসেম্বর"},{"$i":"month-0-genitive","$v":"জানুয়ারী"},{"$i":"month-1-genitive","$v":"ফেব্রুয়ারী"},{"$i":"month-2-genitive","$v":"মার্চ"},{"$i":"month-3-genitive","$v":"এপ্রিল"},{"$i":"month-4-genitive","$v":"মে"},{"$i":"month-5-genitive","$v":"জুন"},{"$i":"month-6-genitive","$v":"জুলাই"},{"$i":"month-7-genitive","$v":"আগস্ট"},{"$i":"month-8-genitive","$v":"সেপ্টেম্বর"},{"$i":"month-9-genitive","$v":"অক্টোবর"},{"$i":"month-10-genitive","$v":"নভেম্বর"},{"$i":"month-11-genitive","$v":"ডিসেম্বর"},{"$i":"month-0-short","$v":"জানু"},{"$i":"month-1-short","$v":"ফেব্রু"},{"$i":"month-2-short","$v":"মার্চ"},{"$i":"month-3-short","$v":"এপ্রি"},{"$i":"month-4-short","$v":"মে"},{"$i":"month-5-short","$v":"জুন"},{"$i":"month-6-short","$v":"জুলা"},{"$i":"month-7-short","$v":"আগ"},{"$i":"month-8-short","$v":"সেপ্টে"},{"$i":"month-9-short","$v":"অক্টো"},{"$i":"month-10-short","$v":"নভে"},{"$i":"month-11-short","$v":"ডিসে"},{"$i":"minutes-ago-long","$v":{"few":[{"t":"idOrVar","v":"value"}," মিনিট আগে"],"many":[{"t":"idOrVar","v":"value"}," মিনিট আগে"],"one":"এক মিনিট আগে","other":[{"t":"idOrVar","v":"value"}," মিনিট আগে"],"two":[{"t":"idOrVar","v":"value"}," মিনিট আগে"],"zero":"এখনই"},"$x":[{"t":"idOrVar","v":"plural"},"value"]},{"$i":"hours-ago-long","$v":{"few":[{"t":"idOrVar","v":"value"}," ঘন্টা আগে"],"many":[{"t":"idOrVar","v":"value"}," ঘন্টা আগে"],"one":"এক ঘন্টা আগে","other":[{"t":"idOrVar","v":"value"}," ঘন্টা আগে"],"two":[{"t":"idOrVar","v":"value"}," ঘন্টা আগে"],"zero":"এখনই"},"$x":[{"t":"idOrVar","v":"plural"},"value"]},{"$i":"days-ago-long","$v":{"few":[{"t":"idOrVar","v":"value"}," দিন আগে"],"many":[{"t":"idOrVar","v":"value"}," দিন আগে"],"one":"গতকাল","other":[{"t":"idOrVar","v":"value"}," দিন আগে"],"two":[{"t":"idOrVar","v":"value"}," দিন আগে"],"zero":"আজ"},"$x":[{"t":"idOrVar","v":"plural"},"value"]},{"$i":"weeks-ago-long","$v":{"few":[{"t":"idOrVar","v":"value"}," সপ্তাহ আগে"],"many":[{"t":"idOrVar","v":"value"}," সপ্তাহ আগে"],"one":"গত সপ্তাহ","other":[{"t":"idOrVar","v":"value"}," সপ্তাহ আগে"],"two":[{"t":"idOrVar","v":"value"}," সপ্তাহ আগে"],"zero":"এই সপ্তাহ"},"$x":[{"t":"idOrVar","v":"plural"},"value"]},{"$i":"months-ago-long","$v":{"few":[{"t":"idOrVar","v":"value"}," মাস আগে"],"many":[{"t":"idOrVar","v":"value"}," মাস আগে"],"one":"গত মাস","other":[{"t":"idOrVar","v":"value"}," মাস আগে"],"two":[{"t":"idOrVar","v":"value"}," মাস আগে"],"zero":"এই মাস"},"$x":[{"t":"idOrVar","v":"plural"},"value"]},{"$i":"years-ago-long","$v":{"few":[{"t":"idOrVar","v":"value"}," বছর আগে"],"many":[{"t":"idOrVar","v":"value"}," বছর আগে"],"one":"গত বছর","other":[{"t":"idOrVar","v":"value"}," বছর আগে"],"two":[{"t":"idOrVar","v":"value"}," বছর আগে"],"zero":"এই বছর"},"$x":[{"t":"idOrVar","v":"plural"},"value"]},{"$i":"minutes-until-long","$v":{"few":["মিনিটে ",{"t":"idOrVar","v":"value"}],"many":["মিনিটে ",{"t":"idOrVar","v":"value"}],"one":"এক মিনিটে","other":["মিনিটে ",{"t":"idOrVar","v":"value"}],"two":["মিনিটে ",{"t":"idOrVar","v":"value"}],"zero":"এখনই"},"$x":[{"t":"idOrVar","v":"plural"},"value"]},{"$i":"hours-until-long","$v":{"few":["ঘন্টায় ",{"t":"idOrVar","v":"value"}],"many":["ঘন্টায় ",{"t":"idOrVar","v":"value"}],"one":"এক ঘন্টায়","other":["ঘন্টায় ",{"t":"idOrVar","v":"value"}],"two":["ঘন্টায় ",{"t":"idOrVar","v":"value"}],"zero":"এখনই"},"$x":[{"t":"idOrVar","v":"plural"},"value"]},{"$i":"days-until-long","$v":{"few":["দিনে ",{"t":"idOrVar","v":"value"}],"many":["দিনে ",{"t":"idOrVar","v":"value"}],"one":"আগামীকাল","other":["দিনে ",{"t":"idOrVar","v":"value"}],"two":["দিনে ",{"t":"idOrVar","v":"value"}],"zero":"আজ"},"$x":[{"t":"idOrVar","v":"plural"},"value"]},{"$i":"weeks-until-long","$v":{"few":["সপ্তাহে ",{"t":"idOrVar","v":"value"}],"many":["সপ্তাহে ",{"t":"idOrVar","v":"value"}],"one":"পরের সপ্তাহ","other":["সপ্তাহে ",{"t":"idOrVar","v":"value"}],"two":["সপ্তাহে ",{"t":"idOrVar","v":"value"}],"zero":"এই সপ্তাহ"},"$x":[{"t":"idOrVar","v":"plural"},"value"]},{"$i":"months-until-long","$v":{"few":["মাসে ",{"t":"idOrVar","v":"value"}],"many":["মাসে ",{"t":"idOrVar","v":"value"}],"one":"পরের মাস","other":["মাসে ",{"t":"idOrVar","v":"value"}],"two":["মাসে ",{"t":"idOrVar","v":"value"}],"zero":"এই মাস"},"$x":[{"t":"idOrVar","v":"plural"},"value"]},{"$i":"years-until-long","$v":{"few":["বছরে ",{"t":"idOrVar","v":"value"}],"many":["বছরে ",{"t":"idOrVar","v":"value"}],"one":"পরের বছর","other":["বছরে ",{"t":"idOrVar","v":"value"}],"two":["বছরে ",{"t":"idOrVar","v":"value"}],"zero":"এই বছর"},"$x":[{"t":"idOrVar","v":"plural"},"value"]},{"$i":"minutes-ago-short","$v":{"other":[{"t":"idOrVar","v":"value"},"মিঃ আগে"],"zero":"এখনই"},"$x":[{"t":"idOrVar","v":"plural"},"value"]},{"$i":"hours-ago-short","$v":{"other":[{"t":"idOrVar","v":"value"},"ঘঃ আগে"],"zero":"এখনই"},"$x":[{"t":"idOrVar","v":"plural"},"value"]},{"$i":"days-ago-short","$v":{"other":[{"t":"idOrVar","v":"value"},"দিন আগে"],"zero":"আজ"},"$x":[{"t":"idOrVar","v":"plural"},"value"]},{"$i":"minutes-until-short","$v":{"other":["m ",{"t":"idOrVar","v":"value"}],"zero":"এখনই"},"$x":[{"t":"idOrVar","v":"plural"},"value"]},{"$i":"hours-until-short","$v":{"other":["h ",{"t":"idOrVar","v":"value"}],"zero":"এখনই"},"$x":[{"t":"idOrVar","v":"plural"},"value"]},{"$i":"days-until-short","$v":{"other":["d ",{"t":"idOrVar","v":"value"}],"zero":"আজ"},"$x":[{"t":"idOrVar","v":"plural"},"value"]},{"$i":"incorrectDate","$v":"(ভুল তারিখ)"},{"$i":"dateTimeFormat_%c","$v":"%a %b %e %Y %I:%M:%S %p"},{"$i":"dateTimeFormat_%x","$v":"%m/%d/%Y"},{"$i":"dateTimeFormat_%X","$v":"%I:%M:%S %p"},{"$i":"shortTimeFormat","$v":"%I:%M %p"},{"$i":"shortTimeFormat12","$v":"%I:%M %p"},{"$i":"shortTimeFormat24","$v":"%H:%M"},{"$i":"shortDateTimeFormat","$v":"%x %I:%M %p"},{"$i":"weekStartsOnMonday","$v":"0.0"},{"$i":"firstDayOfTheWeek","$v":"0.0"},{"$i":"time_am","$v":"AM"},{"$i":"time_pm","$v":"PM"},{"$i":"label","$v":"লেবেল"},{"$i":"mobile","$v":"মোবাইল"},{"$i":"home","$v":"হোম"},{"$i":"work","$v":"কর্মক্ষেত্র"},{"$i":"personal","$v":"ব্যক্তিগত"},{"$i":"faxHome","$v":"বা‌ড়ির ফ্যাক্স"},{"$i":"faxOffice","$v":"অফিসের ফ্যাক্স"},{"$i":"faxOther","$v":"অন্যান্য ফ্যাক্স"},{"$i":"another","$v":"আরেকটি"},{"$i":"other","$v":"অন্যান্য"},{"$i":"customTag","$v":"কাস্টম ট্যাগ","placeholder":"কাস্টম ট্যাগ"},{"$i":"current","$v":"বর্তমান"},{"$i":"itemWithLabel","$v":[{"t":"idOrVar","v":"label"},", ",{"t":"idOrVar","v":"item"}]},{"$i":"airplaneMode","$v":"বিমান মোড"},{"$i":"searching","$v":"ুসন্ধান করা হচ্ছে..."},{"$i":"noNetwork","$v":"কোন নেটওয়ার্ক নেই"},{"$i":"roaming","$v":[{"t":"idOrVar","v":"operator"}," (পরিক্রমণ)"]},{"$i":"operator-info","$v":[{"t":"idOrVar","v":"carrier"}," ",{"t":"idOrVar","v":"region"}]},{"$i":"emergencyCallsOnly","$v":"শুধুমাত্র জরুরি কল"},{"$i":"emergencyCallsOnly-unknownSIMState","$v":"(অজানা SIM স্থিতি)"},{"$i":"emergencyCallsOnly-noSIM","$v":"(কোনো SIM নেই)"},{"$i":"emergencyCallsOnly-pinRequired","$v":"(SIM পিন প্রয়োজন)"},{"$i":"emergencyCallsOnly-pukRequired","$v":"(SIM PUK প্রয়োজন)"},{"$i":"emergencyCallsOnly-networkLocked","$v":"(নেটওয়ার্ক লক করা আছে)"},{"$i":"emergencyCallsOnly-serviceProviderLocked","$v":"(পরিষেবা প্রদানকারী লক করা আছে)"},{"$i":"emergencyCallsOnly-corporateLocked","$v":"(কর্পোরেট লক করা)"},{"$i":"emergencyCallsOnly-network1Locked","$v":"(নেটওয়ার্ক1 লক করা আছে)"},{"$i":"emergencyCallsOnly-network2Locked","$v":"(নেটওয়ার্ক2 লক করা আছে)"},{"$i":"emergencyCallsOnly-hrpdNetworkLocked","$v":"(hrpd নেটওয়ার্ক লক করা আছে)"},{"$i":"emergencyCallsOnly-ruimCorporateLocked","$v":"(ruim কর্পোরেট লক করা আছে)"},{"$i":"emergencyCallsOnly-ruimServiceProviderLocked","$v":"(ruim পরিষেবা প্রদানকারী লক করা আছে)"},{"$i":"lockscreen-sim-id","$v":["SIM ",{"t":"idOrVar","v":"n"}]},{"$i":"charging-no-time","$v":[{"t":"idOrVar","v":"level"},"% চার্জ হয়েছে"]},{"$i":"charging-minutes","$v":{"few":[{"t":"idOrVar","v":"level"},"% চার্জ হয়েছে (সম্পূর্ণ চার্জ হতে ",{"t":"idOrVar","v":"minutes"},"মিনিট সময় লাগবে)"],"many":[{"t":"idOrVar","v":"level"},"% চার্জ হয়েছে (সম্পূর্ণ চার্জ হতে ",{"t":"idOrVar","v":"minutes"},"মিনিট সময় লাগবে)"],"one":[{"t":"idOrVar","v":"level"},"% চার্জ হয়েছে (সম্পূর্ণ চার্জ হতে ",{"t":"idOrVar","v":"minutes"},"মিনিট সময় লাগবে)"],"other":[{"t":"idOrVar","v":"level"},"% চার্জ হয়েছে (সম্পূর্ণ চার্জ হতে ",{"t":"idOrVar","v":"minutes"},"মিনিট সময় লাগবে)"],"two":[{"t":"idOrVar","v":"level"},"% চার্জ হয়েছে (সম্পূর্ণ চার্জ হতে ",{"t":"idOrVar","v":"minutes"},"মিনিট সময় লাগবে)"],"zero":[{"t":"idOrVar","v":"level"},"% চার্জ হয়েছে (সম্পূর্ণ চার্জ হতে ",{"t":"idOrVar","v":"minutes"},"মিনিট সময় লাগবে)"]},"$x":[{"t":"idOrVar","v":"plural"},"minutes"]},{"$i":"charging-hours","$v":{"few":[{"t":"idOrVar","v":"level"},"% চার্জ হয়েছে (সম্পূর্ণ চার্জ হতে ",{"t":"idOrVar","v":"hours"},"ঘঃ ",{"t":"idOrVar","v":"minutes"}," মিনিট সময় লাগবে)"],"many":[{"t":"idOrVar","v":"level"},"% চার্জ হয়েছে (সম্পূর্ণ চার্জ হতে ",{"t":"idOrVar","v":"hours"},"ঘঃ ",{"t":"idOrVar","v":"minutes"}," মিনিট সময় লাগবে)"],"one":[{"t":"idOrVar","v":"level"},"% চার্জ হয়েছে (সম্পূর্ণ চার্জ হতে ",{"t":"idOrVar","v":"hours"},"ঘঃ ",{"t":"idOrVar","v":"minutes"}," মিনিট সময় লাগবে)"],"other":[{"t":"idOrVar","v":"level"},"% চার্জ হয়েছে (সম্পূর্ণ চার্জ হতে ",{"t":"idOrVar","v":"hours"},"ঘঃ ",{"t":"idOrVar","v":"minutes"}," মিনিট সময় লাগবে)"],"two":[{"t":"idOrVar","v":"level"},"% চার্জ হয়েছে (সম্পূর্ণ চার্জ হতে ",{"t":"idOrVar","v":"hours"},"ঘঃ ",{"t":"idOrVar","v":"minutes"}," মিনিট সময় লাগবে)"],"zero":[{"t":"idOrVar","v":"level"},"% চার্জ হয়েছে (সম্পূর্ণ চার্জ হতে ",{"t":"idOrVar","v":"hours"},"ঘঃ ",{"t":"idOrVar","v":"minutes"}," মিনিট সময় লাগবে)"]},"$x":[{"t":"idOrVar","v":"plural"},"minutes"]},{"$i":"phoneNumberInput","ariaLabel":"ফোন নম্বর"},{"$i":"keypadDelete","ariaLabel":"মুছুন"},{"$i":"voiceMailKey","ariaLabel":"ধ্বনিমেইল"},{"$i":"asterisk","ariaLabel":"তারা চিহ্ন"},{"$i":"hashSign","ariaLabel":"হ্যাশ চিহ্ন"},{"$i":"cancel","$v":"বাতিল করুন"},{"$i":"loadingSimContacts","$v":"SIM কার্ডের পরিচিতিসমূহ লোড করা হচ্ছে…"},{"$i":"noContactsWereFound","$v":"কোন পরিচিতি খুঁজে পাওয়া যায়নি"},{"$i":"noContactsFoundDialogOk","$v":"ঠিক আছে"},{"$i":"emergencyNumber","$v":"জরুরি নম্বর"},{"$i":"callAirplaneModeMessage","$v":"কল করতে আপনাকে সেটিংসে বিমোন মোড অক্ষম করতে হবে।"},{"$i":"callAirplaneModeBtnOk","$v":"ঠিক আছে"},{"$i":"callAirplaneModeTitle","$v":"বিমান মোড সক্রিয় করা হয়েছে"},{"$i":"numberIsBusyTitle","$v":"নম্বর ব্যস্ত"},{"$i":"numberIsBusyMessage","$v":"নম্বরটি বর্তমানে ব্যস্ত। অনুগ্রহ করে পরে চেষ্টা করুন।"},{"$i":"fdnIsActiveTitle","$v":"FDN সক্রিয়"},{"$i":"fdnIsActiveMessage","$v":["FDN (ফিক্সড ডায়ালিং নম্বর) সক্রিয় করা হয়েছে এবং নিচের নম্বরটি আপনার FDN তালিকায় নেই: ",{"t":"idOrVar","v":"number"}]},{"$i":"emergencyDialogBodyBadNumber","$v":"ফোন করতে ফোন অবশ্যই নেটওয়ার্কের সঙ্গে ফোন সংযুক্ত থাকতে হবে।"},{"$i":"emergencyDialogBodyDeviceNotAccepted","$v":"জরুরি কলগুলি নেটওয়ার্ক দ্বারা অনুমোদিত নয়।"},{"$i":"emergencyDialogBtnOk","$v":"ঠিক আছে"},{"$i":"emergencyDialogTitle","$v":"কোনো নেটওয়ার্ক সংযোগ নেই"},{"$i":"invalidNumberToDialTitle","$v":"অবৈধ ফোন নম্বর"},{"$i":"invalidNumberToDialMessage","$v":"আপনি যে ফোন নম্বরে কল করছেন সেটি বৈধ নয়।"},{"$i":"unableToCallTitle","$v":"এখনই ফোন করা যাবে না"},{"$i":"unableToCallMessage","$v":"এখনই ফোন করা যাবে না"},{"$i":"otherConnectionInUseTitle","$v":"অন্য সংযোগ ব্যবহার হচ্ছে"},{"$i":"otherConnectionInUseMessage","$v":"অন্য সংযোগে আপনার একটি সক্রিয় কল রয়েছে। আপনি একই সময়ে কেবল একটি সংযোগ ব্যবহার করতে পারেন।"},{"$i":"connectingEllipsis","$v":"সংযোগ করা হচ্ছে..."},{"$i":"clear","$v":"সাফ করুন"},{"$i":"dialer","$v":"ডায়ালার"},{"$i":"kai-incomming-call","$v":"ইনকামিং কল"},{"$i":"kai-in-call","$v":"প্রবেশিত কল"},{"$i":"kai-answer","$v":"উত্তর"},{"$i":"kai-end-answer","$v":"শেষ করুন ও উত্তর দিন"},{"$i":"kai-decline","$v":"প্রত্যাখ্যান করুন"},{"$i":"enter-passcode","$v":"স্ক্রীন আনলক করতে অনুগ্রহ করে পাসকোড লিখুন।"},{"$i":"passcode-error","$v":"অবৈধ কোড। অনুগ্রহ করে আবার চেষ্টা করুন।"},{"$i":"voice-call","$v":"ভয়েস কল"},{"$i":"video-call","$v":"ভিডিও কল"},{"$i":"message","$v":"বার্তা"},{"$i":"answer-rtt-call","$v":"RTT-এর উত্তর দিন"},{"$i":"req-rtt-call","$v":"ANS RTT"},{"$i":"rtt-call","$v":"RTT কল"},{"$i":"rtt-view","$v":"RTT ভিউ"},{"$i":"change-to-rtt-call","$v":"RTT কল সংযোগ করা হচ্ছে..."},{"$i":"change-to-voice-call","$v":"ভয়েস কলে পরিবর্তন করা হয়েছে।"},{"$i":"upgrading-rtt","$v":"RTT কলে আপগ্রেড করা হচ্ছে..."},{"$i":"rtt-call-failed","$v":"RTT কল ব্যর্থ হয়েছে।"},{"$i":"voice-call-failed","$v":"ভয়েস কল ব্যর্থ হয়েছে।"},{"$i":"rtt","$v":"RTT"},{"$i":"rtt-emegency-upgrade-rejected","$v":"RTT এই 911 কলের জন্য উপলভ্য নয়।"},{"$i":"rtt-emegency-downgrade","$v":"এই 911 কলের জন্য RTT উপলভ্য নয়। আপনার কল কেবলমাত্র ভয়েস কল হিসেবে সংযুক্ত হয়েছে। যদি আপনি সমস্যার সম্মুখীন হন, তাহলে অনুগ্রহ করে 911 নম্বরে ভয়েস বা রিলে কল করতে পারেন।"},{"$i":"voice-only-call","$v":"আপনার কল কেবল ভয়েস কল হিসে বে সংযুক্ত হয়েছে।"},{"$i":"ans-rtt-failed","$v":"RTT কল স্থাপন করতে ব্যর্থ। আপনার কলটি ভয়েস-ওনলি কল হিসাবে সংযুক্ত করা হয়েছে।"},{"$i":"back","$v":"ফিরুন"},{"$i":"new-message","$v":"এর থেকে নতুন বার্তা"},{"$i":"kai-mute","$v":"নীরব করুন"},{"$i":"kai-unmute","$v":"সশব্দ করুন"},{"$i":"kai-speaker","$v":"স্পীকার"},{"$i":"kai-speaker-off","$v":"স্পীকার বন্ধ"},{"$i":"kai-microphone-mute-notification","$v":"মাইক্রোফোন নীরব করা হয়েছে"},{"$i":"kai-microphone-active-notification","$v":"মাইক্রোফোন চালু রাখছে"},{"$i":"kai-speaker-off-notification","$v":"বাইরের স্পীকার বন্ধ করা হয়েছে"},{"$i":"kai-speaker-on-notification","$v":"বাইরের স্পীকার চালু করা হয়েছে"},{"$i":"kai-hold-and-answer","$v":"হোল্ডে রাখুন ও উত্তর দিন"},{"$i":"kai-ignore-call","$v":"আগত কল উপেক্ষা করুন"},{"$i":"kai-add-to-call","$v":"কল যোগ করুন"},{"$i":"kai-switch-to-second-line","$v":"কল সোয়াপ করুন"},{"$i":"kai-merge-calls","$v":"কল মেলান"},{"$i":"ok","$v":"ঠিক আছে"},{"$i":"losing-wifi-msg","$v":"Wifi দুর্বল হচ্ছে"},{"$i":"hd","$v":"HD"},{"$i":"manage-call","$v":"কল পরিচালনা"},{"$i":"end","$v":"কল শেষ করুন"},{"$i":"private","$v":"ব্যক্তিগত"},{"$i":"sound","$v":"শব্দ"},{"$i":"bluetooth-device","$v":"Bluetooth ডিভাইস"},{"$i":"handset-earpiece","$v":"হ্যান্ডসেট"},{"$i":"speaker","$v":"স্পীকার"},{"$i":"call-ended","$v":"কল সমাপ্ত হয়েছে"},{"$i":"payphone","$v":"পেফোন"},{"$i":"contact","$v":"পরিচিতি"},{"$i":"dialer-prompt","$v":"ফোন করার জন্য নম্বর ডায়াল করুন অথবা যোগ করার জন্য পরিচিতি নির্বাচন করুন"},{"$i":"call","$v":"কল"},{"$i":"hold","$v":"ধরুন"},{"$i":"volume","$v":"ভলিউম"},{"$i":"softkey-options","$v":"বিকল্প"},{"$i":"unhold-call","$v":"কল আনহোল্ড করুন"},{"$i":"hold-call","$v":"কল হোল্ডে রাখুন"},{"$i":"select","$v":"নির্বাচন করুন"},{"$i":"unknown","$v":"অজানা"},{"$i":"switch-calls","$v":"কল পাল্টান"},{"$i":"voiceMail","$v":"ধ্বনিমেইল"},{"$i":"incoming","$v":"আগত"},{"$i":"outgoing","$v":"বহির্গামী"},{"$i":"callEnded","$v":"কল সমাপ্ত হয়েছে"},{"$i":"callEndedDuration","$v":["কল শেষ হয়েছে (",{"t":"idOrVar","v":"duration"},")"]},{"$i":"conferenceAddError","$v":"কল মার্জ করা যাবে না"},{"$i":"conferenceRemoveError","$v":"কল মার্জ করা যাবে না"},{"$i":"callDurationMinutes","$v":[{"t":"idOrVar","v":"m"},":",{"t":"idOrVar","v":"s"}]},{"$i":"callDurationHours","$v":[{"t":"idOrVar","v":"h"},":",{"t":"idOrVar","v":"m"},":",{"t":"idOrVar","v":"s"}]},{"$i":"callDurationTextFormatSeconds","$v":[{"t":"idOrVar","v":"s"}," সেঃ"]},{"$i":"callDurationTextFormatMinutes","$v":[{"t":"idOrVar","v":"m"}," মিঃ ",{"t":"idOrVar","v":"s"}," সেঃ"]},{"$i":"callDurationTextFormatHours","$v":[{"t":"idOrVar","v":"h"}," ঘঃ ",{"t":"idOrVar","v":"m"}," মিঃ ",{"t":"idOrVar","v":"s"}," সেঃ"]},{"$i":"switch-to-device-toast","$v":"bluetooth ডিভাইসে স্যুইচ করা হয়েছে"},{"$i":"switch-to-handset-toast","$v":"হ্যান্ডসেটের এয়ারপিসে স্যুইচ করা হয়েছে"},{"$i":"switch-to-speaker-toast","$v":"স্পীকারে স্যুইচ করা হয়েছে"},{"$i":"connecting","$v":"সংযুক্ত করা হচ্ছে"},{"$i":"wifi-call-quality-excellent","$v":"অসাধারণ"},{"$i":"wifi-call-quality-fair","$v":"মোটামুটি"},{"$i":"wifi-call-quality-bad","$v":"খারাপ"},{"$i":"call-left-conference-toast","$v":"কল ছেড়ে বেড়িয়ে গেছেন"},{"$i":"camera-off","$v":"ক্যামেরা বন্ধ"},{"$i":"camera-on","$v":"ক্যামেরা চালু"},{"$i":"rear-camera","$v":"পিছনের ক্যামেরা"},{"$i":"front-camera","$v":"সামনের ক্যামেরা"},{"$i":"hide-info","$v":"তথ্য লুকানো"},{"$i":"show-info","$v":"তথ্য দেখান"},{"$i":"video-call-rejected","$v":"ভিডিও কল প্রত্যাখ্যান করা হয়েছে, ধ্বনি কলে পরিবর্তন করুন।"},{"$i":"video-call-not-support","$v":"ভিডিও কল সমর্থিত নয়।"},{"$i":"video-call-rejected-timeout","$v":"Video call rejected or timeout."},{"$i":"video-call-from","$v":[{"t":"idOrVar","v":"name"}," থেকে ভিডিও কল প্রাপ্ত হচ্ছে।"]},{"$i":"video-call-canceled","$v":"ভিডিও কল বাতিল হয়েছে।"},{"$i":"video-call-failed","$v":"ভিডিও কল বিফল হয়েছে।"},{"$i":"call-downgraded","$v":"ডাউনগ্রেড কল।"},{"$i":"wifi-calling","$v":"Wi-Fi কলিং"},{"$i":"wifi-calling-1","$v":"আপনার কল ড্রপ হতে পারে।"},{"$i":"wifi-calling-2","$v":"আপনি প্রায় Wi-Fi কভারেজ পরিসীমা বাইরে।"},{"$i":"wifi-calling-dropped","$v":"Wi-Fi কলিং ড্রাপ হয়েছে।"},{"$i":"accept","$v":"স্বীকার করুন"},{"$i":"conference-call-num","$v":["কলে ",{"t":"idOrVar","v":"num"}," জন রয়েছেন।"]},{"$i":"more","$v":"আরো"},{"$i":"rec","$v":"REC"},{"$i":"start-recording-call","$v":"কল রেকর্ডিং শুরু করুন।"},{"$i":"stop-recording-call","$v":"কল রেকর্ডিং বন্ধ করুন।"},{"$i":"insufficient-storage","$v":"অপর্যাপ্ত সঞ্চয়স্থান। রেকর্ডিং থেমে গেছে।"},{"$i":"reply","$v":"জবাব দিন"},{"$i":"reply-message-1","$v":"দুঃখিত, আমি এই মুহূর্তে কথা বলতে পারছি না।"},{"$i":"reply-message-2","$v":"আমি রাস্তাতে আছি।"},{"$i":"reply-message-3","$v":"আমি কি আপনাকে পরে ফোন করতে পারি?"},{"$i":"reply-message-4","$v":"কাস্টম..."},{"$i":"reply-to-name","$v":[{"t":"idOrVar","v":"name"},"-কে উত্তর দেওয়া হয়েছে"]},{"$i":"mt-call-on-hold","$v":"কল হোল্ডে রাখা হয়েছে।"},{"$i":"mt-call_retrieved","$v":"কল উদ্ধার করা হয়েছে।"},{"$i":"mt-multi_party_call","$v":"আপনাকে একটি কনফারেন্স কলে যোগ করা হয়েছে।"},{"$i":"hangup-a11y-button","$v":""},{"$i":"pickup-a11y-button","$v":""},{"$i":"mute","$v":""},{"$i":"toggleKeypad","$v":""},{"$i":"newCall","$v":""},{"$i":"speakerOption","$v":""},{"$i":"bluetoothOption","$v":""},{"$i":"onHoldOption","$v":""},{"$i":"merge","$v":""},{"$i":"ignore","$v":""},{"$i":"dialerAddContact","$v":""},{"$i":"makeCall","$v":""},{"$i":"call-forwarding-async","$v":["Asynchronous: ",{"t":"idOrVar","v":"async"}]},{"$i":"call-forwarding-data","$v":["ডেটা: ",{"t":"idOrVar","v":"data"}]},{"$i":"call-forwarding-error","$v":"কল ফরোয়ার্ড করার স্থিতি উদ্ধারের সময় একটি ত্রুটি ঘটেছে"},{"$i":"call-forwarding-fax","$v":["ফ্যাক্স: ",{"t":"idOrVar","v":"fax"}]},{"$i":"call-forwarding-inactive","$v":"নিষ্ক্রিয়"},{"$i":"call-forwarding-packet","$v":["প্যাকেট: ",{"t":"idOrVar","v":"packet"}]},{"$i":"call-forwarding-pad","$v":["PAD: ",{"t":"idOrVar","v":"pad"}]},{"$i":"call-forwarding-sms","$v":["SMS: ",{"t":"idOrVar","v":"sms"}]},{"$i":"call-forwarding-status","$v":"কল ফরোয়ার্ডিং স্থিতি"},{"$i":"call-forwarding-sync","$v":["সিঙ্ক্রোনাস: ",{"t":"idOrVar","v":"sync"}]},{"$i":"call-forwarding-voice","$v":["ভয়েস: ",{"t":"idOrVar","v":"voice"}]},{"$i":"scCallBarring","$v":"কল বাধা"},{"$i":"scCallForwarding","$v":"কল অপসারণ"},{"$i":"scClip","$v":"আগত কলার ID"},{"$i":"scClir","$v":"আউটগোয়িং কলার আইডি"},{"$i":"scPwd","$v":"পাসওয়ার্ড পরিবর্তন করুন"},{"$i":"scCallWaiting","$v":"কল প্রতীক্ষা"},{"$i":"scPin","$v":"PIN পরিবর্তন"},{"$i":"scPin2","$v":"PIN2 পরিবর্তন"},{"$i":"scPuk","$v":"PIN অবরোধ মুক্ত করুন"},{"$i":"scPuk2","$v":"PIN2 অবরোধ মুক্ত করুন"},{"$i":"scImei","$v":"IMEI"},{"$i":"scMeid","$v":"MEID"},{"$i":"scUssd","$v":"USSD"},{"$i":"serviceClassVoice","$v":"ধ্বনি"},{"$i":"serviceClassData","$v":"ডাটা"},{"$i":"serviceClassFax","$v":"ফ্যাক্স"},{"$i":"serviceClassSms","$v":"SMS"},{"$i":"serviceClassDataSync","$v":"সমলয় করুন"},{"$i":"serviceClassDataAsync","$v":"Async"},{"$i":"serviceClassPacket","$v":"প্যাকেট"},{"$i":"serviceClassPad","$v":"PAD"},{"$i":"smServiceEnabled","$v":"পরিষেবা সক্ষম করা হয়েছে"},{"$i":"smServiceDisabled","$v":"পরিষেবা অক্ষম করা হয়েছে"},{"$i":"smServiceRegistered","$v":"নিবন্ধন সফল হয়েছে"},{"$i":"smServiceErased","$v":"Erasure সফল"},{"$i":"smServiceInterrogated","$v":"অনুরোধ সফল"},{"$i":"smServiceNotProvisioned","$v":"পরিষেবার বন্দোবস্ত হয়নি"},{"$i":"smClirPermanent","$v":"আপনি কলার আইডি সেটিংস পরিবর্তন করতে পারবেন না"},{"$i":"smClirDefaultOnNextCallOn","$v":"কলার আইডি নিষিদ্ধ এ সেট করা আছে। পরবর্তী কল: নিষিদ্ধ"},{"$i":"smClirDefaultOnNextCallOff","$v":"কলার আইডি নিষিদ্ধ এ সেট করা আছে। পরবর্তী কল: নিষিদ্ধ নয়"},{"$i":"smClirDefaultOffNextCallOn","$v":"কলার আইডি নিষিদ্ধ নয় এ সেট করা আছে। পরবর্তী কল: নিষিদ্ধ"},{"$i":"smClirDefaultOffNextCallOff","$v":"কলার আইডি নিষিদ্ধ নয় এ সেট করা আছে। পরবর্তী কল: নিষিদ্ধ নয়"},{"$i":"smServiceEnabledFor","$v":"পরিষেবা সক্ষম করা হয়েছে এর জন্য:"},{"$i":"smPinChanged","$v":"PIN সফলভাবে বদলানো হয়েছে"},{"$i":"smPinUnblocked","$v":"PIN সফলভাবে অবরোধমুক্ত করা হয়েছে"},{"$i":"smPin2Changed","$v":"PIN2 সফলভাবে বদলানো হয়েছে"},{"$i":"smPin2Unblocked","$v":"PIN2 সফলভাবে অবরোধমুক্ত করা হয়েছে"},{"$i":"ServiceIsEnabled","$v":"পরিষেবা সক্ষম করা হয়েছে"},{"$i":"ServiceIsDisabled","$v":"পরিষেবা অক্ষম"},{"$i":"ServiceIsEnabledFor","$v":"এর জন্য পরিষেবা সক্ষম আছে:"},{"$i":"emMmiError","$v":"সংযোগ সমস্যা বা অবৈধ MMI কোড"},{"$i":"emMmiErrorPasswordIncorrect","$v":"ভুল পাসওয়ার্ড"},{"$i":"emMmiErrorNotSupported","$v":"অবৈধ বা অসমর্থিক MMI কোড"},{"$i":"emMmiErrorInvalidAction","$v":"অবৈধ কাজ"},{"$i":"emMmiErrorInvalidScCode","$v":"অবৈধ পরিষেবা কোড"},{"$i":"emMmiErrorBadPuk","$v":"আপনার টাইপ করা PUK ভুল।"},{"$i":"emMmiErrorBadPin","$v":"আপনি পুরানো PIN প্রদান করেছেন সেটি ভুল।"},{"$i":"emMmiErrorNeedPuk2","$v":"SIM কার্ড অবরোধ মুক্ত করতে PUK2 দিন"},{"$i":"emMmiErrorMismatchPin","$v":"যে PIN-গুলি আপনি প্রবেশ করিয়েছেন সেগুলি মিলছে না।"},{"$i":"emMmiErrorInvalidPin","$v":"4 থেকে 8 সংখ্যার একটি PIN লিখুন"},{"$i":"emMmiErrorNeedsPuk","$v":"আপনার SIM কার্ড PUK-লক করা আছে"},{"$i":"emMmiErrorEnablePin","$v":"অসফল, SIM/RUIM লক সক্ষম করুন"},{"$i":"emMmiErrorMmiFdn","$v":"অপারেশন কেবল ফিক্সড ডায়ালিং নম্বরে সীমাবদ্ধ"},{"$i":"emMmiErrorStkCcUssdDial","$v":"USSD অনুরোধ করার জন্য SS অনুরোধ সংশোধন করা হয়েছে"},{"$i":"emMmiErrorStkCcUssdSs","$v":"USSD অনুরোধ করার জন্য SS অনুরোধ সংশোধন করা হয়েছে"},{"$i":"emMmiErrorStkCcUssdUssd","$v":"USSD অনুরোধ করার জন্য USSD অনুরোধ সংশোধন করা হয়েছে"},{"$i":"emMmiErrorStkCcSsDial","$v":"ডায়াল অনুরোধ করার জন্য SS অনুরোধ সংশোধন করা হয়েছে"},{"$i":"emMmiErrorStkCcSsUssd","$v":"USSD অনুরোধ করার জন্য SS অনুরোধ সংশোধন করা হয়েছে"},{"$i":"emMmiErrorStkCcSsSs","$v":"নতুন SS অনুরোধ করার জন্য SS অনুরোধ সংশোধন করা হয়েছে"},{"$i":"emMmiErrorPinPukAttempts","$v":{"few":[{"t":"idOrVar","v":"n"},"টি প্রয়াস অবশিষ্ট"],"many":[{"t":"idOrVar","v":"n"},"টি প্রয়াস অবশিষ্ট"],"one":["কেবলমাত্র টি ",{"t":"idOrVar","v":"n"}," পুনঃচেষ্টা বাকি আছে"],"other":[{"t":"idOrVar","v":"n"},"টি প্রয়াস অবশিষ্ট"],"two":[{"t":"idOrVar","v":"n"},"টি প্রয়াস অবশিষ্ট"]},"$x":[{"t":"idOrVar","v":"plural"},"n"]},{"$i":"emMmiErrorSimBlocked","$v":"সর্বাধিক চেষ্টার সংখ্যা ছাড়িয়ে গেছে। SIM অবরুদ্ধ"},{"$i":"RadioNotAvailable","$v":"Radio not available"},{"$i":"GenericFailure","$v":"জেনেরিক ব্যর্থতা"},{"$i":"PasswordIncorrect","$v":"পাসওয়ার্ড ভুল"},{"$i":"SimPin2","$v":"SIM PIN2"},{"$i":"SimPuk2","$v":"SIM PUK2"},{"$i":"RequestNotSupported","$v":"অনুরোধ সমর্থিত নয়"},{"$i":"OpNotAllowedDuringVoiceCall","$v":"ভয়েস কলের সময় অপারেশন অনুমোদিত নয়"},{"$i":"SmsSendFailRetry","$v":"SMS send fail retry"},{"$i":"SimAbsent","$v":"SIM অনুপস্থিত"},{"$i":"SubscriptionNotAvailable","$v":"সদস্যতাপদ উপলব্ধ নেই"},{"$i":"ModeNotSupported","$v":"মোড সমর্থিত নয়"},{"$i":"FdnCheckFailure","$v":"Fdn চেক করা ব্যর্থ"},{"$i":"IllegalSimOrMe","$v":"বেআইনি SIM বা ME"},{"$i":"DialModifiedToUssd","$v":"Dial modified to USSD"},{"$i":"DialModifiedToSs","$v":"Dial modified to SS"},{"$i":"DialModifiedToDial","$v":"Dial modified to dial"},{"$i":"UssdModifiedToDial","$v":"ডায়াল করার জন্য USSD সংশোধন করা হয়েছে"},{"$i":"UssdModifiedToSs","$v":"SS করার জন্য USSD সংশোধন করা হয়েছে"},{"$i":"UssdModifiedToUssd","$v":"USSD করার জন্য USSD সংশোধন করা হয়েছে"},{"$i":"SsModifiedToDial","$v":"ডায়াল করার SS সংশোধন করা হয়েছে"},{"$i":"SsModifiedToUssd","$v":"USSD করার SS সংশোধন করা হয়েছে"},{"$i":"SsModifiedToSs","$v":"SS করার SS সংশোধন করা হয়েছে"},{"$i":"SubscriptionNotSupported","$v":"সদস্যতাপদ সমর্থিত নয়"},{"$i":"InvalidParameter","$v":"অবৈধ প্যারামিটার"},{"$i":"RejectedByRemote","$v":"রিমোট প্রত্যাখ্যান করেছে"},{"$i":"error","$v":"ত্রুটি"}]