[{"$i":"weekday-0-long","$v":"Nedjelja"},{"$i":"weekday-1-long","$v":"Ponedjeljak"},{"$i":"weekday-2-long","$v":"Utorak"},{"$i":"weekday-3-long","$v":"Srijeda"},{"$i":"weekday-4-long","$v":"Četvrtak"},{"$i":"weekday-5-long","$v":"Petak"},{"$i":"weekday-6-long","$v":"Subota"},{"$i":"weekday-0-short","$v":"Ned."},{"$i":"weekday-1-short","$v":"Pon."},{"$i":"weekday-2-short","$v":"Uto."},{"$i":"weekday-3-short","$v":"Sri."},{"$i":"weekday-4-short","$v":"Čet."},{"$i":"weekday-5-short","$v":"Pet."},{"$i":"weekday-6-short","$v":"Sub."},{"$i":"month-0-long","$v":"Januar"},{"$i":"month-1-long","$v":"Februar"},{"$i":"month-2-long","$v":"Mart"},{"$i":"month-3-long","$v":"April"},{"$i":"month-4-long","$v":"Maj"},{"$i":"month-5-long","$v":"Juni"},{"$i":"month-6-long","$v":"Juli"},{"$i":"month-7-long","$v":"Avgust"},{"$i":"month-8-long","$v":"Septembar"},{"$i":"month-9-long","$v":"Oktobar"},{"$i":"month-10-long","$v":"Novembar"},{"$i":"month-11-long","$v":"Decembar"},{"$i":"month-0-genitive","$v":"Januar"},{"$i":"month-1-genitive","$v":"Februar"},{"$i":"month-2-genitive","$v":"Mart"},{"$i":"month-3-genitive","$v":"April"},{"$i":"month-4-genitive","$v":"Maj"},{"$i":"month-5-genitive","$v":"Juni"},{"$i":"month-6-genitive","$v":"Juli"},{"$i":"month-7-genitive","$v":"Avgust"},{"$i":"month-8-genitive","$v":"Septembar"},{"$i":"month-9-genitive","$v":"Oktobar"},{"$i":"month-10-genitive","$v":"Novembar"},{"$i":"month-11-genitive","$v":"Decembar"},{"$i":"month-0-short","$v":"Jan."},{"$i":"month-1-short","$v":"Feb."},{"$i":"month-2-short","$v":"Mart"},{"$i":"month-3-short","$v":"Apr."},{"$i":"month-4-short","$v":"Maj"},{"$i":"month-5-short","$v":"Juni"},{"$i":"month-6-short","$v":"Juli"},{"$i":"month-7-short","$v":"Avg."},{"$i":"month-8-short","$v":"Sep."},{"$i":"month-9-short","$v":"Okt."},{"$i":"month-10-short","$v":"Nov."},{"$i":"month-11-short","$v":"Dec."},{"$i":"minutes-ago-long","$v":{"few":["Prije ",{"t":"idOrVar","v":"value"}," minute/a"],"many":["Prije ",{"t":"idOrVar","v":"value"}," minute/a"],"one":"prije jedan minut","other":["Prije ",{"t":"idOrVar","v":"value"}," minute/a"],"two":["Prije ",{"t":"idOrVar","v":"value"}," minute/a"],"zero":"sada"},"$x":[{"t":"idOrVar","v":"plural"},"value"]},{"$i":"hours-ago-long","$v":{"few":["Prije ",{"t":"idOrVar","v":"value"}," sata/i"],"many":["Prije ",{"t":"idOrVar","v":"value"}," sata/i"],"one":"prije sat vremena","other":["Prije ",{"t":"idOrVar","v":"value"}," sata/i"],"two":["Prije ",{"t":"idOrVar","v":"value"}," sata/i"],"zero":"sada"},"$x":[{"t":"idOrVar","v":"plural"},"value"]},{"$i":"days-ago-long","$v":{"few":["prije ",{"t":"idOrVar","v":"value"}," dana"],"many":["prije ",{"t":"idOrVar","v":"value"}," dana"],"one":"jučer","other":["prije ",{"t":"idOrVar","v":"value"}," dana"],"two":["prije ",{"t":"idOrVar","v":"value"}," dana"],"zero":"danas"},"$x":[{"t":"idOrVar","v":"plural"},"value"]},{"$i":"weeks-ago-long","$v":{"few":["Prije ",{"t":"idOrVar","v":"value"}," sedmice/a"],"many":["Prije ",{"t":"idOrVar","v":"value"}," sedmice/a"],"one":"prošle sedmice","other":["Prije ",{"t":"idOrVar","v":"value"}," sedmice/a"],"two":["Prije ",{"t":"idOrVar","v":"value"}," sedmice/a"],"zero":"ova sedmica"},"$x":[{"t":"idOrVar","v":"plural"},"value"]},{"$i":"months-ago-long","$v":{"few":["Prije ",{"t":"idOrVar","v":"value"}," mjeseca/i"],"many":["Prije ",{"t":"idOrVar","v":"value"}," mjeseca/i"],"one":"prošli mjesec","other":["Prije ",{"t":"idOrVar","v":"value"}," mjeseca/i"],"two":["Prije ",{"t":"idOrVar","v":"value"}," mjeseca/i"],"zero":"ovaj mjesec"},"$x":[{"t":"idOrVar","v":"plural"},"value"]},{"$i":"years-ago-long","$v":{"few":["Prije ",{"t":"idOrVar","v":"value"}," godine/a"],"many":["Prije ",{"t":"idOrVar","v":"value"}," godine/a"],"one":"prošle godine","other":["Prije ",{"t":"idOrVar","v":"value"}," godine/a"],"two":["Prije ",{"t":"idOrVar","v":"value"}," godine/a"],"zero":"ova godina"},"$x":[{"t":"idOrVar","v":"plural"},"value"]},{"$i":"minutes-until-long","$v":{"few":["za ",{"t":"idOrVar","v":"value"}," minuta"],"many":["za ",{"t":"idOrVar","v":"value"}," minuta"],"one":"za minut","other":["za ",{"t":"idOrVar","v":"value"}," minuta"],"two":["za ",{"t":"idOrVar","v":"value"}," minuta"],"zero":"sada"},"$x":[{"t":"idOrVar","v":"plural"},"value"]},{"$i":"hours-until-long","$v":{"few":["za ",{"t":"idOrVar","v":"value"}," sati"],"many":["za ",{"t":"idOrVar","v":"value"}," sati"],"one":"za sat","other":["za ",{"t":"idOrVar","v":"value"}," sati"],"two":["za ",{"t":"idOrVar","v":"value"}," sati"],"zero":"sada"},"$x":[{"t":"idOrVar","v":"plural"},"value"]},{"$i":"days-until-long","$v":{"few":["za ",{"t":"idOrVar","v":"value"}," dana"],"many":["za ",{"t":"idOrVar","v":"value"}," dana"],"one":"sutra","other":["za ",{"t":"idOrVar","v":"value"}," dana"],"two":["za ",{"t":"idOrVar","v":"value"}," dana"],"zero":"danas"},"$x":[{"t":"idOrVar","v":"plural"},"value"]},{"$i":"weeks-until-long","$v":{"few":["za ",{"t":"idOrVar","v":"value"}," sedmica"],"many":["za ",{"t":"idOrVar","v":"value"}," sedmica"],"one":"sljedeća sedmica","other":["za ",{"t":"idOrVar","v":"value"}," sedmica"],"two":["za ",{"t":"idOrVar","v":"value"}," sedmica"],"zero":"ova sedmica"},"$x":[{"t":"idOrVar","v":"plural"},"value"]},{"$i":"months-until-long","$v":{"few":["za ",{"t":"idOrVar","v":"value"}," mjeseci"],"many":["za ",{"t":"idOrVar","v":"value"}," mjeseci"],"one":"sljedeći mjesec","other":["za ",{"t":"idOrVar","v":"value"}," mjeseci"],"two":["za ",{"t":"idOrVar","v":"value"}," mjeseci"],"zero":"ovaj mjesec"},"$x":[{"t":"idOrVar","v":"plural"},"value"]},{"$i":"years-until-long","$v":{"few":["za ",{"t":"idOrVar","v":"value"}," godina"],"many":["za ",{"t":"idOrVar","v":"value"}," godina"],"one":"sljedeća godina","other":["za ",{"t":"idOrVar","v":"value"}," godina"],"two":["za ",{"t":"idOrVar","v":"value"}," godina"],"zero":"ova godina"},"$x":[{"t":"idOrVar","v":"plural"},"value"]},{"$i":"minutes-ago-short","$v":{"other":["Prije ",{"t":"idOrVar","v":"value"},"m"],"zero":"sada"},"$x":[{"t":"idOrVar","v":"plural"},"value"]},{"$i":"hours-ago-short","$v":{"other":["Prije ",{"t":"idOrVar","v":"value"},"h"],"zero":"sada"},"$x":[{"t":"idOrVar","v":"plural"},"value"]},{"$i":"days-ago-short","$v":{"other":["Prije ",{"t":"idOrVar","v":"value"},"d"],"zero":"danas"},"$x":[{"t":"idOrVar","v":"plural"},"value"]},{"$i":"minutes-until-short","$v":{"other":["za ",{"t":"idOrVar","v":"value"},"m"],"zero":"sada"},"$x":[{"t":"idOrVar","v":"plural"},"value"]},{"$i":"hours-until-short","$v":{"other":["za ",{"t":"idOrVar","v":"value"},"s"],"zero":"sada"},"$x":[{"t":"idOrVar","v":"plural"},"value"]},{"$i":"days-until-short","$v":{"other":["za ",{"t":"idOrVar","v":"value"},"d"],"zero":"danas"},"$x":[{"t":"idOrVar","v":"plural"},"value"]},{"$i":"incorrectDate","$v":"(netačan datum)"},{"$i":"dateTimeFormat_%c","$v":"%a %b %e %Y %I:%M:%S %p"},{"$i":"dateTimeFormat_%x","$v":"%m/%d/%Y"},{"$i":"dateTimeFormat_%X","$v":"%I:%M:%S %p"},{"$i":"shortTimeFormat","$v":"%I:%M %p"},{"$i":"shortTimeFormat12","$v":"%I:%M %p"},{"$i":"shortTimeFormat24","$v":"%H:%M"},{"$i":"shortDateTimeFormat","$v":"%x %I:%M %p"},{"$i":"weekStartsOnMonday","$v":"0.0"},{"$i":"firstDayOfTheWeek","$v":"1.0"},{"$i":"time_am","$v":"AM"},{"$i":"time_pm","$v":"PM"},{"$i":"label","$v":"Oznaka"},{"$i":"mobile","$v":"Mobilni"},{"$i":"home","$v":"Kućni"},{"$i":"work","$v":"Posao"},{"$i":"personal","$v":"Lično"},{"$i":"faxHome","$v":"Kućni faks"},{"$i":"faxOffice","$v":"Uredski faks"},{"$i":"faxOther","$v":"Drugi faks"},{"$i":"another","$v":"Još jedna"},{"$i":"other","$v":"Ostalo"},{"$i":"customTag","$v":"Prilagođena oznaka","placeholder":"Prilagođena oznaka"},{"$i":"current","$v":"Trenutno"},{"$i":"itemWithLabel","$v":[{"t":"idOrVar","v":"label"},", ",{"t":"idOrVar","v":"item"}]},{"$i":"airplaneMode","$v":"Način rada u avionu"},{"$i":"searching","$v":"Pretraživanje..."},{"$i":"noNetwork","$v":"Nema mreže"},{"$i":"roaming","$v":[{"t":"idOrVar","v":"operator"}," (Roaming)"]},{"$i":"operator-info","$v":[{"t":"idOrVar","v":"carrier"}," ",{"t":"idOrVar","v":"region"}]},{"$i":"emergencyCallsOnly","$v":"Samo pozivi u hitnim slučajevima"},{"$i":"emergencyCallsOnly-unknownSIMState","$v":"(nepoznato stanje SIM kartice)"},{"$i":"emergencyCallsOnly-noSIM","$v":"(nema SIM kart.)"},{"$i":"emergencyCallsOnly-pinRequired","$v":"(SIM PIN potreban)"},{"$i":"emergencyCallsOnly-pukRequired","$v":"(SIM PUK potreban)"},{"$i":"emergencyCallsOnly-networkLocked","$v":"(mreža zaključana)"},{"$i":"emergencyCallsOnly-serviceProviderLocked","$v":"(pružatelj usluga zaključan)"},{"$i":"emergencyCallsOnly-corporateLocked","$v":"(korporacija zaključana)"},{"$i":"emergencyCallsOnly-network1Locked","$v":"(mreža1 zaključana)"},{"$i":"emergencyCallsOnly-network2Locked","$v":"(mreža2 zaključana)"},{"$i":"emergencyCallsOnly-hrpdNetworkLocked","$v":"(hrpd mreža zaključana)"},{"$i":"emergencyCallsOnly-ruimCorporateLocked","$v":"(ruim korporacija zaključana)"},{"$i":"emergencyCallsOnly-ruimServiceProviderLocked","$v":"(pružatelj usluga ruim zaključan)"},{"$i":"lockscreen-sim-id","$v":["SIM ",{"t":"idOrVar","v":"n"}]},{"$i":"charging-no-time","$v":[{"t":"idOrVar","v":"level"},"% napunjeno"]},{"$i":"charging-minutes","$v":{"few":[{"t":"idOrVar","v":"level"},"% napunjeno (",{"t":"idOrVar","v":"minutes"}," min. dok se potpuno ne napuni)"],"many":[{"t":"idOrVar","v":"level"},"% napunjeno (",{"t":"idOrVar","v":"minutes"}," min. dok se potpuno ne napuni)"],"one":[{"t":"idOrVar","v":"level"},"% napunjeno (",{"t":"idOrVar","v":"minutes"}," min. dok se potpuno ne napuni)"],"other":[{"t":"idOrVar","v":"level"},"% napunjeno (",{"t":"idOrVar","v":"minutes"}," min. dok se potpuno ne napuni)"],"two":[{"t":"idOrVar","v":"level"},"% napunjeno (",{"t":"idOrVar","v":"minutes"}," min. dok se potpuno ne napuni)"],"zero":[{"t":"idOrVar","v":"level"},"% napunjeno (",{"t":"idOrVar","v":"minutes"}," min. dok se potpuno ne napuni)"]},"$x":[{"t":"idOrVar","v":"plural"},"minutes"]},{"$i":"charging-hours","$v":{"few":[{"t":"idOrVar","v":"level"},"% napunjeno (",{"t":"idOrVar","v":"hours"},"h ",{"t":"idOrVar","v":"minutes"}," min. dok se potpuno ne napuni)"],"many":[{"t":"idOrVar","v":"level"},"% napunjeno (",{"t":"idOrVar","v":"hours"},"h ",{"t":"idOrVar","v":"minutes"}," min. dok se potpuno ne napuni)"],"one":[{"t":"idOrVar","v":"level"},"% napunjeno (",{"t":"idOrVar","v":"hours"},"h ",{"t":"idOrVar","v":"minutes"}," min. dok se potpuno ne napuni)"],"other":[{"t":"idOrVar","v":"level"},"% napunjeno (",{"t":"idOrVar","v":"hours"},"h ",{"t":"idOrVar","v":"minutes"}," min. dok se potpuno ne napuni)"],"two":[{"t":"idOrVar","v":"level"},"% napunjeno (",{"t":"idOrVar","v":"hours"},"h ",{"t":"idOrVar","v":"minutes"}," min. dok se potpuno ne napuni)"],"zero":[{"t":"idOrVar","v":"level"},"% napunjeno (",{"t":"idOrVar","v":"hours"},"h ",{"t":"idOrVar","v":"minutes"}," min. dok se potpuno ne napuni)"]},"$x":[{"t":"idOrVar","v":"plural"},"minutes"]},{"$i":"phoneNumberInput","ariaLabel":"Broj telefona"},{"$i":"keypadDelete","ariaLabel":"Izbriši"},{"$i":"voiceMailKey","ariaLabel":"Govorna pošta"},{"$i":"asterisk","ariaLabel":"Zvjezdica"},{"$i":"hashSign","ariaLabel":"Oznaka tarabe"},{"$i":"cancel","$v":"Otkaži"},{"$i":"loadingSimContacts","$v":"Učitavanje kontakata sa SIM kartice..."},{"$i":"noContactsWereFound","$v":"Nema pronađenih kontakata"},{"$i":"noContactsFoundDialogOk","$v":"OK"},{"$i":"emergencyNumber","$v":"Broj za hitne sluč."},{"$i":"callAirplaneModeMessage","$v":"Da uputite poziv, onemogućite način rada u avionu u postavkama."},{"$i":"callAirplaneModeBtnOk","$v":"OK"},{"$i":"callAirplaneModeTitle","$v":"Način rada u avionu je aktiviran"},{"$i":"numberIsBusyTitle","$v":"Broj je zauzet"},{"$i":"numberIsBusyMessage","$v":"Broj je trenutno zauzet. Pokušajte ponovo kasnije."},{"$i":"fdnIsActiveTitle","$v":"FDN je aktiviran"},{"$i":"fdnIsActiveMessage","$v":["FDN (brojevi fiksnog biranja) je aktiviran i sljedeći broj nije na vašoj FDN listi: ",{"t":"idOrVar","v":"number"}]},{"$i":"emergencyDialogBodyBadNumber","$v":"Da biste uputili poziv, telefon mora biti povezan na mrežu."},{"$i":"emergencyDialogBodyDeviceNotAccepted","$v":"Pozive u hitnim slučajevima ne dozvoljava mreža."},{"$i":"emergencyDialogBtnOk","$v":"OK"},{"$i":"emergencyDialogTitle","$v":"Nema internet veze"},{"$i":"invalidNumberToDialTitle","$v":"Nevažeći broj telefona"},{"$i":"invalidNumberToDialMessage","$v":"Broj telefona koji zovete nije važeći."},{"$i":"unableToCallTitle","$v":"Nije moguće obaviti poziv."},{"$i":"unableToCallMessage","$v":"Trenutno nije moguće obaviti poziv"},{"$i":"otherConnectionInUseTitle","$v":"Druga veza u upotrebi"},{"$i":"otherConnectionInUseMessage","$v":"Imate aktivan poziv na drugoj vezi. Ne možete koristiti obje veze u isto vrijeme."},{"$i":"connectingEllipsis","$v":"Povezivanje..."},{"$i":"clear","$v":"Obriši"},{"$i":"dialer","$v":"Hardware composer"},{"$i":"kai-incomming-call","$v":"Doalzni poziv"},{"$i":"kai-in-call","$v":"Dolazni poziv"},{"$i":"kai-answer","$v":"Odgovori"},{"$i":"kai-end-answer","$v":"Završi i javi se"},{"$i":"kai-decline","$v":"Odbij"},{"$i":"enter-passcode","$v":"Unesite lozinku da otključate ekran."},{"$i":"passcode-error","$v":"Nevažeći kôd. Pokušajte ponovo."},{"$i":"voice-call","$v":"Glasovni poziv"},{"$i":"video-call","$v":"Video poziv"},{"$i":"message","$v":"Poruke"},{"$i":"answer-rtt-call","$v":"Odgovori na RTT"},{"$i":"req-rtt-call","$v":"ANS RTT"},{"$i":"rtt-call","$v":"RTT poziv"},{"$i":"rtt-view","$v":"RTT prikaz"},{"$i":"change-to-rtt-call","$v":"Uspostavljanje RTT poziva..."},{"$i":"change-to-voice-call","$v":"Prebačeno na govorni poziv."},{"$i":"upgrading-rtt","$v":"Nadogradnja na RTT poziv..."},{"$i":"rtt-call-failed","$v":"RTT poziv nije uspio."},{"$i":"voice-call-failed","$v":"Govorni poziv nije uspio."},{"$i":"rtt","$v":"RTT"},{"$i":"rtt-emegency-upgrade-rejected","$v":"RTT nije dostupan za ovaj 911 poziv."},{"$i":"rtt-emegency-downgrade","$v":"RTT nije dostupan za ovaj 911 poziv. Poziv je uspostavljen samo kao govorni poziv. Ako naiđete na poteškoće, uputite govorni ili relej poziv na 911."},{"$i":"voice-only-call","$v":"Vaš poziv je uspostavljen samo kao glasovni poziv."},{"$i":"ans-rtt-failed","$v":"Uspostavljanje RTT poziva nije uspjelo. Poziv je uspostavljen kao samo govorni poziv."},{"$i":"back","$v":"Nazad"},{"$i":"new-message","$v":"Nove poruke od"},{"$i":"kai-mute","$v":"Isključi zvuk"},{"$i":"kai-unmute","$v":"Uključi zvuk"},{"$i":"kai-speaker","$v":"Zvučnik"},{"$i":"kai-speaker-off","$v":"Zvučnik isklj."},{"$i":"kai-microphone-mute-notification","$v":"Mikrofon je mutiran"},{"$i":"kai-microphone-active-notification","$v":"Mikrofon je aktiviran"},{"$i":"kai-speaker-off-notification","$v":"Spoljni zvučnik isključen"},{"$i":"kai-speaker-on-notification","$v":"Spoljni zvučnik uključen"},{"$i":"kai-hold-and-answer","$v":"Stavi na ček. i javi se"},{"$i":"kai-ignore-call","$v":"Ignoriši dolazeći poziv"},{"$i":"kai-add-to-call","$v":"Dodaj poziv"},{"$i":"kai-switch-to-second-line","$v":"Zamijeni poziv"},{"$i":"kai-merge-calls","$v":"Spoji razgovor"},{"$i":"ok","$v":"Uredu"},{"$i":"losing-wifi-msg","$v":"gubljenje bežičnog interneta"},{"$i":"hd","$v":"HD"},{"$i":"manage-call","$v":"Upravljaj pozivom"},{"$i":"end","$v":"Završi poziv"},{"$i":"private","$v":"Privatni broj"},{"$i":"sound","$v":"Zvuk"},{"$i":"bluetooth-device","$v":"Uređaj sa funkcijom Bluetooth"},{"$i":"handset-earpiece","$v":"Ručni telefon"},{"$i":"speaker","$v":"Zvučnik"},{"$i":"call-ended","$v":"Poziv završen"},{"$i":"payphone","$v":"Telefonska govornica"},{"$i":"contact","$v":"Kontakt"},{"$i":"dialer-prompt","$v":"fxa incorrect email address or password"},{"$i":"call","$v":"Poziv"},{"$i":"hold","$v":"Zadrži"},{"$i":"volume","$v":"Jačina zvuka"},{"$i":"softkey-options","$v":"Opcije"},{"$i":"unhold-call","$v":"Nastavi poziv"},{"$i":"hold-call","$v":"Poziv na čekanju"},{"$i":"select","$v":"Odaberi"},{"$i":"unknown","$v":"Nepoznato"},{"$i":"switch-calls","$v":"Zamijeni pozive"},{"$i":"voiceMail","$v":"Govorna pošta"},{"$i":"incoming","$v":"Dolazni"},{"$i":"outgoing","$v":"Odlazni"},{"$i":"callEnded","$v":"Poziv završen"},{"$i":"callEndedDuration","$v":["Poziv je završen (",{"t":"idOrVar","v":"duration"},")"]},{"$i":"conferenceAddError","$v":"Spajanje poziva nije uspjelo"},{"$i":"conferenceRemoveError","$v":"Odvajanje poziva nije uspjelo"},{"$i":"callDurationMinutes","$v":[{"t":"idOrVar","v":"m"},":",{"t":"idOrVar","v":"s"}]},{"$i":"callDurationHours","$v":[{"t":"idOrVar","v":"h"},":",{"t":"idOrVar","v":"m"},":",{"t":"idOrVar","v":"s"}]},{"$i":"callDurationTextFormatSeconds","$v":[{"t":"idOrVar","v":"s"}," s"]},{"$i":"callDurationTextFormatMinutes","$v":[{"t":"idOrVar","v":"m"}," m ",{"t":"idOrVar","v":"s"}," s"]},{"$i":"callDurationTextFormatHours","$v":[{"t":"idOrVar","v":"h"}," h ",{"t":"idOrVar","v":"m"}," m ",{"t":"idOrVar","v":"s"}," s"]},{"$i":"switch-to-device-toast","$v":"Prebačeno na Bluetooth uređaj"},{"$i":"switch-to-handset-toast","$v":"Prebačeno na slušalice"},{"$i":"switch-to-speaker-toast","$v":"Prebačeno na zvučnik"},{"$i":"connecting","$v":"Povezivanje"},{"$i":"wifi-call-quality-excellent","$v":"Odlično"},{"$i":"wifi-call-quality-fair","$v":"Dobar"},{"$i":"wifi-call-quality-bad","$v":"Loš"},{"$i":"call-left-conference-toast","$v":"je napustio poziv"},{"$i":"camera-off","$v":"Fotoaparat isključen"},{"$i":"camera-on","$v":"Fotoaparat uključen"},{"$i":"rear-camera","$v":"Stražnji fotoaparat"},{"$i":"front-camera","$v":"Prednja kamera"},{"$i":"hide-info","$v":"Sakrij informacije"},{"$i":"show-info","$v":"Prikaži informacije"},{"$i":"video-call-rejected","$v":"Video poziv je odbačen. Pređite na glasovni poziv."},{"$i":"video-call-not-support","$v":"Video poziv nije podržan."},{"$i":"video-call-rejected-timeout","$v":"Video call rejected or timeout."},{"$i":"video-call-from","$v":["Prijem video poziva od osobe ",{"t":"idOrVar","v":"name"},"."]},{"$i":"video-call-canceled","$v":"Video poziv je otkazan."},{"$i":"video-call-failed","$v":"Video poziv nije uspio."},{"$i":"call-downgraded","$v":"Poziv je umanjen."},{"$i":"wifi-calling","$v":"Wi-Fi pozivanje"},{"$i":"wifi-calling-1","$v":"Vaš poziv može biti prekinut."},{"$i":"wifi-calling-2","$v":"Skoro ste izvan dometa pokrivenosti Wi-Fi mrežom."},{"$i":"wifi-calling-dropped","$v":"Wi-Fi pozivanje je prekinuto."},{"$i":"accept","$v":"Prihvati"},{"$i":"conference-call-num","$v":["Broj osoba u pozivu: ",{"t":"idOrVar","v":"num"},"."]},{"$i":"more","$v":"Više"},{"$i":"rec","$v":"REC"},{"$i":"start-recording-call","$v":"Pokrenite snimanje poziva."},{"$i":"stop-recording-call","$v":"Zaustavite snimanje poziva."},{"$i":"insufficient-storage","$v":"Nedovoljno pohrane. Snimanje je zaustavljeno."},{"$i":"reply","$v":"Odgovori"},{"$i":"reply-message-1","$v":"Žao mi je, trenutno ne mogu govoriti."},{"$i":"reply-message-2","$v":"Stižem."},{"$i":"reply-message-3","$v":"Mogu li vas nazvati kasnije?"},{"$i":"reply-message-4","$v":"Prilagođeno..."},{"$i":"reply-to-name","$v":["Odgovoreno: ",{"t":"idOrVar","v":"name"}]},{"$i":"mt-call-on-hold","$v":"Poziv je stavljen na čekanje."},{"$i":"mt-call_retrieved","$v":"Poziv je preuzet."},{"$i":"mt-multi_party_call","$v":"Dodani ste u konferencijski poziv."},{"$i":"hangup-a11y-button","$v":""},{"$i":"pickup-a11y-button","$v":""},{"$i":"mute","$v":""},{"$i":"toggleKeypad","$v":""},{"$i":"newCall","$v":""},{"$i":"speakerOption","$v":""},{"$i":"bluetoothOption","$v":""},{"$i":"onHoldOption","$v":""},{"$i":"merge","$v":""},{"$i":"ignore","$v":""},{"$i":"dialerAddContact","$v":""},{"$i":"makeCall","$v":""},{"$i":"call-forwarding-async","$v":["Asinhroni: ",{"t":"idOrVar","v":"async"}]},{"$i":"call-forwarding-data","$v":["Podaci: ",{"t":"idOrVar","v":"data"}]},{"$i":"call-forwarding-error","$v":"Došlo je do greške tokom preuzimanja statusa proslijeđivanja poziva"},{"$i":"call-forwarding-fax","$v":["FAKS: ",{"t":"idOrVar","v":"fax"}]},{"$i":"call-forwarding-inactive","$v":"Neaktivno"},{"$i":"call-forwarding-packet","$v":["Paket: ",{"t":"idOrVar","v":"packet"}]},{"$i":"call-forwarding-pad","$v":["PAD: ",{"t":"idOrVar","v":"pad"}]},{"$i":"call-forwarding-sms","$v":["SMS: ",{"t":"idOrVar","v":"sms"}]},{"$i":"call-forwarding-status","$v":"Status preusmj. poziva"},{"$i":"call-forwarding-sync","$v":["Sinhroni: ",{"t":"idOrVar","v":"sync"}]},{"$i":"call-forwarding-voice","$v":["Glas: ",{"t":"idOrVar","v":"voice"}]},{"$i":"scCallBarring","$v":"Zabrana poziva"},{"$i":"scCallForwarding","$v":"Preusmj. poz."},{"$i":"scClip","$v":"ID pozivaoca"},{"$i":"scClir","$v":"ID odlaznog pozivaoca"},{"$i":"scPwd","$v":"Promjenjena lozinka"},{"$i":"scCallWaiting","$v":"Poziv na ček"},{"$i":"scPin","$v":"Promjena PIN koda"},{"$i":"scPin2","$v":"Promjena PIN2 koda"},{"$i":"scPuk","$v":"Deblokiraj PIN kôd"},{"$i":"scPuk2","$v":"Deblokiraj PIN2 kôd"},{"$i":"scImei","$v":"IMEI"},{"$i":"scMeid","$v":"MEID"},{"$i":"scUssd","$v":"USSD"},{"$i":"serviceClassVoice","$v":"Govor"},{"$i":"serviceClassData","$v":"Podaci"},{"$i":"serviceClassFax","$v":"FAKS"},{"$i":"serviceClassSms","$v":"SMS"},{"$i":"serviceClassDataSync","$v":"Sinhronizuj"},{"$i":"serviceClassDataAsync","$v":"Async"},{"$i":"serviceClassPacket","$v":"Paket"},{"$i":"serviceClassPad","$v":"PAD"},{"$i":"smServiceEnabled","$v":"Usluga je omog."},{"$i":"smServiceDisabled","$v":"Usluga je onemogućena"},{"$i":"smServiceRegistered","$v":"Registracija uspješna"},{"$i":"smServiceErased","$v":"Brisanje uspješno"},{"$i":"smServiceInterrogated","$v":"Zahtjev uspješan"},{"$i":"smServiceNotProvisioned","$v":"Usluga nije obezbjeđena"},{"$i":"smClirPermanent","$v":"Ne možete promijeniti postavku ID pozivaoca"},{"$i":"smClirDefaultOnNextCallOn","$v":"ID pozivatelja zabranjen. Sljedeći poziv: zabranjen"},{"$i":"smClirDefaultOnNextCallOff","$v":"ID pozivatelja zabranjen. Sljedeći poziv: nije zabranjen"},{"$i":"smClirDefaultOffNextCallOn","$v":"ID pozivatelja nije zabranjen. Sljedeći poziv: zabranjen"},{"$i":"smClirDefaultOffNextCallOff","$v":"ID pozivatelja nije zabranjen. Sljedeći poziv: nije zabranjen"},{"$i":"smServiceEnabledFor","$v":"Usluga je omog. za:"},{"$i":"smPinChanged","$v":"PIN uspješno promijenjen"},{"$i":"smPinUnblocked","$v":"PIN uspješno odblokiran"},{"$i":"smPin2Changed","$v":"PIN2 uspješno promijenjen"},{"$i":"smPin2Unblocked","$v":"PIN2 uspješno odblokiran"},{"$i":"ServiceIsEnabled","$v":"Usluga je omog."},{"$i":"ServiceIsDisabled","$v":"Usluga je onemog."},{"$i":"ServiceIsEnabledFor","$v":"Usluga je omog. za:"},{"$i":"emMmiError","$v":"Probem sa povezivanjem ili nepravilan MMI kod"},{"$i":"emMmiErrorPasswordIncorrect","$v":"Netačna lozinka"},{"$i":"emMmiErrorNotSupported","$v":"Nevažeći ili nepodržan MMI kôd"},{"$i":"emMmiErrorInvalidAction","$v":"Nevažeća akcija"},{"$i":"emMmiErrorInvalidScCode","$v":"Nevažeći broj servisa"},{"$i":"emMmiErrorBadPuk","$v":"PUK kôd koji ste unijeli nije tačan"},{"$i":"emMmiErrorBadPin","$v":"Stari PIN kôd koji ste unijeli nije tačan."},{"$i":"emMmiErrorNeedPuk2","$v":"Unesi PUK2 za otključavanje SIM kartice"},{"$i":"emMmiErrorMismatchPin","$v":"PIN kodovi koje ste unijeli se ne poklapaju"},{"$i":"emMmiErrorInvalidPin","$v":"Unesi PIN koji sadrži od 4 do 8 brojeva"},{"$i":"emMmiErrorNeedsPuk","$v":"Vaša SIM kartica je zaključana PUK kodom"},{"$i":"emMmiErrorEnablePin","$v":"Neuspješno. Omogući SIM/RUIM LOCK"},{"$i":"emMmiErrorMmiFdn","$v":"Radnja ograničena samo na brojeve za fiksno biranje"},{"$i":"emMmiErrorStkCcUssdDial","$v":"USSD zahtjev je modificiran za zahtjev ZVANJA"},{"$i":"emMmiErrorStkCcUssdSs","$v":"USSD zahtjev je modificiran za SS zahtjev"},{"$i":"emMmiErrorStkCcUssdUssd","$v":"USSD zahtjev je modificiran za novi USSD zahtjev"},{"$i":"emMmiErrorStkCcSsDial","$v":"SS zahtjev je modificiran za zahtjev ZVANJA"},{"$i":"emMmiErrorStkCcSsUssd","$v":"SS zahtjev modificiran za USSD zahtjev"},{"$i":"emMmiErrorStkCcSsSs","$v":"SS zahtjev modificiran za novi SS zahtjev"},{"$i":"emMmiErrorPinPukAttempts","$v":{"few":[{"t":"idOrVar","v":"n"}," pokušaja ostalo"],"many":[{"t":"idOrVar","v":"n"}," pokušaja ostalo"],"one":["Preostao samo ",{"t":"idOrVar","v":"n"}," pokušaj"],"other":[{"t":"idOrVar","v":"n"}," pokušaja ostalo"],"two":[{"t":"idOrVar","v":"n"}," pokušaja ostalo"]},"$x":[{"t":"idOrVar","v":"plural"},"n"]},{"$i":"emMmiErrorSimBlocked","$v":"Dostignut je maksimalni broj pokušaja. SIM kartica blokirana."},{"$i":"RadioNotAvailable","$v":"Radio not available"},{"$i":"GenericFailure","$v":"Generički neuspjeh"},{"$i":"PasswordIncorrect","$v":"Netačna lozinka"},{"$i":"SimPin2","$v":"SIM PIN2"},{"$i":"SimPuk2","$v":"SIM PUK2"},{"$i":"RequestNotSupported","$v":"Zahtjev nije podržan"},{"$i":"OpNotAllowedDuringVoiceCall","$v":"Radnja nije dozvoljena tokom govornog poziva"},{"$i":"SmsSendFailRetry","$v":"SMS send fail retry"},{"$i":"SimAbsent","$v":"Nema SIM kartice"},{"$i":"SubscriptionNotAvailable","$v":"Pretplata nije dostupna"},{"$i":"ModeNotSupported","$v":"Režim nije podržan"},{"$i":"FdnCheckFailure","$v":"Neuspjela provjera Fdn-a"},{"$i":"IllegalSimOrMe","$v":"Nelegalna SIM ili ME"},{"$i":"DialModifiedToUssd","$v":"Dial modified to USSD"},{"$i":"DialModifiedToSs","$v":"Dial modified to SS"},{"$i":"DialModifiedToDial","$v":"Dial modified to dial"},{"$i":"UssdModifiedToDial","$v":"USSD modificiran za zvanje"},{"$i":"UssdModifiedToSs","$v":"USSD modificiran za SS"},{"$i":"UssdModifiedToUssd","$v":"USSD modificiran za USSD"},{"$i":"SsModifiedToDial","$v":"SS modificiran za zvanje"},{"$i":"SsModifiedToUssd","$v":"SS modificiran za USSD"},{"$i":"SsModifiedToSs","$v":"SS modificiran za SS"},{"$i":"SubscriptionNotSupported","$v":"Pretplata nije podržana"},{"$i":"InvalidParameter","$v":"Nevažeći parametar"},{"$i":"RejectedByRemote","$v":"Odbačeno daljinski"},{"$i":"error","$v":"Greška"}]