[{"$i":"weekday-0-long","$v":"Neděle"},{"$i":"weekday-1-long","$v":"Pondělí"},{"$i":"weekday-2-long","$v":"Úterý"},{"$i":"weekday-3-long","$v":"Středa"},{"$i":"weekday-4-long","$v":"Čtvrtek"},{"$i":"weekday-5-long","$v":"Pátek"},{"$i":"weekday-6-long","$v":"Sobota"},{"$i":"weekday-0-short","$v":"Ne"},{"$i":"weekday-1-short","$v":"Po"},{"$i":"weekday-2-short","$v":"Út"},{"$i":"weekday-3-short","$v":"St"},{"$i":"weekday-4-short","$v":"Čt"},{"$i":"weekday-5-short","$v":"Pá"},{"$i":"weekday-6-short","$v":"So"},{"$i":"month-0-long","$v":"Leden"},{"$i":"month-1-long","$v":"Únor"},{"$i":"month-2-long","$v":"Březen"},{"$i":"month-3-long","$v":"Duben"},{"$i":"month-4-long","$v":"Květen"},{"$i":"month-5-long","$v":"Červen"},{"$i":"month-6-long","$v":"Červenec"},{"$i":"month-7-long","$v":"Srpen"},{"$i":"month-8-long","$v":"Září"},{"$i":"month-9-long","$v":"Říjen"},{"$i":"month-10-long","$v":"Listopad"},{"$i":"month-11-long","$v":"Prosinec"},{"$i":"month-0-genitive","$v":"Leden"},{"$i":"month-1-genitive","$v":"Únor"},{"$i":"month-2-genitive","$v":"Březen"},{"$i":"month-3-genitive","$v":"Duben"},{"$i":"month-4-genitive","$v":"Květen"},{"$i":"month-5-genitive","$v":"Červen"},{"$i":"month-6-genitive","$v":"Červenec"},{"$i":"month-7-genitive","$v":"Srpen"},{"$i":"month-8-genitive","$v":"Září"},{"$i":"month-9-genitive","$v":"Říjen"},{"$i":"month-10-genitive","$v":"Listopad"},{"$i":"month-11-genitive","$v":"Prosinec"},{"$i":"month-0-short","$v":"Led"},{"$i":"month-1-short","$v":"Úno"},{"$i":"month-2-short","$v":"Bře"},{"$i":"month-3-short","$v":"Dub"},{"$i":"month-4-short","$v":"Kvě"},{"$i":"month-5-short","$v":"Čer"},{"$i":"month-6-short","$v":"Čvc"},{"$i":"month-7-short","$v":"Srp"},{"$i":"month-8-short","$v":"Zář"},{"$i":"month-9-short","$v":"Říj"},{"$i":"month-10-short","$v":"Lis"},{"$i":"month-11-short","$v":"Pro"},{"$i":"minutes-ago-long","$v":{"few":["před ",{"t":"idOrVar","v":"value"}," minutami"],"many":["před ",{"t":"idOrVar","v":"value"}," minutami"],"one":"před minutou","other":["před ",{"t":"idOrVar","v":"value"}," minutami"],"two":["před ",{"t":"idOrVar","v":"value"}," minutami"],"zero":"právě teď"},"$x":[{"t":"idOrVar","v":"plural"},"value"]},{"$i":"hours-ago-long","$v":{"few":["před ",{"t":"idOrVar","v":"value"}," hodinami"],"many":["před ",{"t":"idOrVar","v":"value"}," hodinami"],"one":"před hodinou","other":["před ",{"t":"idOrVar","v":"value"}," hodinami"],"two":["před ",{"t":"idOrVar","v":"value"}," hodinami"],"zero":"právě teď"},"$x":[{"t":"idOrVar","v":"plural"},"value"]},{"$i":"days-ago-long","$v":{"few":["před ",{"t":"idOrVar","v":"value"}," dny"],"many":["před ",{"t":"idOrVar","v":"value"}," dny"],"one":"včera","other":["před ",{"t":"idOrVar","v":"value"}," dny"],"two":["před ",{"t":"idOrVar","v":"value"}," dny"],"zero":"dnes"},"$x":[{"t":"idOrVar","v":"plural"},"value"]},{"$i":"weeks-ago-long","$v":{"few":["před ",{"t":"idOrVar","v":"value"}," týdny"],"many":["před ",{"t":"idOrVar","v":"value"}," týdny"],"one":"minulý týden","other":["před ",{"t":"idOrVar","v":"value"}," týdny"],"two":["před ",{"t":"idOrVar","v":"value"}," týdny"],"zero":"tento týden"},"$x":[{"t":"idOrVar","v":"plural"},"value"]},{"$i":"months-ago-long","$v":{"few":["před ",{"t":"idOrVar","v":"value"}," měsíci"],"many":["před ",{"t":"idOrVar","v":"value"}," měsíci"],"one":"poslední měsíc","other":["před ",{"t":"idOrVar","v":"value"}," měsíci"],"two":["před ",{"t":"idOrVar","v":"value"}," měsíci"],"zero":"tento měsíc"},"$x":[{"t":"idOrVar","v":"plural"},"value"]},{"$i":"years-ago-long","$v":{"few":["před ",{"t":"idOrVar","v":"value"}," lety"],"many":["před ",{"t":"idOrVar","v":"value"}," lety"],"one":"minulý rok","other":["před ",{"t":"idOrVar","v":"value"}," lety"],"two":["před ",{"t":"idOrVar","v":"value"}," lety"],"zero":"tento rok"},"$x":[{"t":"idOrVar","v":"plural"},"value"]},{"$i":"minutes-until-long","$v":{"few":["za ",{"t":"idOrVar","v":"value"}," min."],"many":["za ",{"t":"idOrVar","v":"value"}," min."],"one":"za minutu","other":["za ",{"t":"idOrVar","v":"value"}," min."],"two":["za ",{"t":"idOrVar","v":"value"}," min."],"zero":"nyní"},"$x":[{"t":"idOrVar","v":"plural"},"value"]},{"$i":"hours-until-long","$v":{"few":["za ",{"t":"idOrVar","v":"value"}," hod."],"many":["za ",{"t":"idOrVar","v":"value"}," hod."],"one":"za hodinu","other":["za ",{"t":"idOrVar","v":"value"}," hod."],"two":["za ",{"t":"idOrVar","v":"value"}," hod."],"zero":"nyní"},"$x":[{"t":"idOrVar","v":"plural"},"value"]},{"$i":"days-until-long","$v":{"few":["za ",{"t":"idOrVar","v":"value"}," dny/dní"],"many":["za ",{"t":"idOrVar","v":"value"}," dny/dní"],"one":"zítra","other":["za ",{"t":"idOrVar","v":"value"}," dny/dní"],"two":["za ",{"t":"idOrVar","v":"value"}," dny/dní"],"zero":"dnes"},"$x":[{"t":"idOrVar","v":"plural"},"value"]},{"$i":"weeks-until-long","$v":{"few":["za ",{"t":"idOrVar","v":"value"}," týdny/týdnů"],"many":["za ",{"t":"idOrVar","v":"value"}," týdny/týdnů"],"one":"příští týden","other":["za ",{"t":"idOrVar","v":"value"}," týdny/týdnů"],"two":["za ",{"t":"idOrVar","v":"value"}," týdny/týdnů"],"zero":"tento týden"},"$x":[{"t":"idOrVar","v":"plural"},"value"]},{"$i":"months-until-long","$v":{"few":["za ",{"t":"idOrVar","v":"value"}," měsíce/měsíců"],"many":["za ",{"t":"idOrVar","v":"value"}," měsíce/měsíců"],"one":"příští měsíc","other":["za ",{"t":"idOrVar","v":"value"}," měsíce/měsíců"],"two":["za ",{"t":"idOrVar","v":"value"}," měsíce/měsíců"],"zero":"tento měsíc"},"$x":[{"t":"idOrVar","v":"plural"},"value"]},{"$i":"years-until-long","$v":{"few":["za ",{"t":"idOrVar","v":"value"}," roky/let"],"many":["za ",{"t":"idOrVar","v":"value"}," roky/let"],"one":"příští rok","other":["za ",{"t":"idOrVar","v":"value"}," roky/let"],"two":["za ",{"t":"idOrVar","v":"value"}," roky/let"],"zero":"tento rok"},"$x":[{"t":"idOrVar","v":"plural"},"value"]},{"$i":"minutes-ago-short","$v":{"other":["před ",{"t":"idOrVar","v":"value"}," m"],"zero":"právě teď"},"$x":[{"t":"idOrVar","v":"plural"},"value"]},{"$i":"hours-ago-short","$v":{"other":["před ",{"t":"idOrVar","v":"value"}," h"],"zero":"právě teď"},"$x":[{"t":"idOrVar","v":"plural"},"value"]},{"$i":"days-ago-short","$v":{"other":["před ",{"t":"idOrVar","v":"value"}," d"],"zero":"dnes"},"$x":[{"t":"idOrVar","v":"plural"},"value"]},{"$i":"minutes-until-short","$v":{"other":["za ",{"t":"idOrVar","v":"value"}," m"],"zero":"nyní"},"$x":[{"t":"idOrVar","v":"plural"},"value"]},{"$i":"hours-until-short","$v":{"other":["za ",{"t":"idOrVar","v":"value"}," h"],"zero":"nyní"},"$x":[{"t":"idOrVar","v":"plural"},"value"]},{"$i":"days-until-short","$v":{"other":["za ",{"t":"idOrVar","v":"value"}," d"],"zero":"dnes"},"$x":[{"t":"idOrVar","v":"plural"},"value"]},{"$i":"incorrectDate","$v":"(nesprávné datum)"},{"$i":"dateTimeFormat_%c","$v":"%a %b %e %Y %I:%M:%S %p"},{"$i":"dateTimeFormat_%x","$v":"%m/%d/%Y"},{"$i":"dateTimeFormat_%X","$v":"%I:%M:%S %p"},{"$i":"shortTimeFormat","$v":"%I:%M %p"},{"$i":"shortTimeFormat12","$v":"%I:%M %p"},{"$i":"shortTimeFormat24","$v":"%H:%M"},{"$i":"shortDateTimeFormat","$v":"%x %I:%M %p"},{"$i":"weekStartsOnMonday","$v":"0.0"},{"$i":"firstDayOfTheWeek","$v":"1.0"},{"$i":"time_am","$v":"dop."},{"$i":"time_pm","$v":"odp."},{"$i":"label","$v":"Štítek"},{"$i":"mobile","$v":"Mobilní"},{"$i":"home","$v":"Domů"},{"$i":"work","$v":"Práce"},{"$i":"personal","$v":"Osobní"},{"$i":"faxHome","$v":"Fax domů"},{"$i":"faxOffice","$v":"Fax pracovní"},{"$i":"faxOther","$v":"Fax jiný"},{"$i":"another","$v":"Jiný"},{"$i":"other","$v":"Jiné"},{"$i":"customTag","$v":"Vlastní štítek","placeholder":"Vlastní štítek"},{"$i":"current","$v":"Aktuální"},{"$i":"itemWithLabel","$v":[{"t":"idOrVar","v":"label"},", ",{"t":"idOrVar","v":"item"}]},{"$i":"airplaneMode","$v":"Režim Letadlo"},{"$i":"searching","$v":"Hledání…"},{"$i":"noNetwork","$v":"Žádná síť"},{"$i":"roaming","$v":[{"t":"idOrVar","v":"operator"}," (Roaming)"]},{"$i":"operator-info","$v":[{"t":"idOrVar","v":"carrier"}," ",{"t":"idOrVar","v":"region"}]},{"$i":"emergencyCallsOnly","$v":"Jen tísňová volání"},{"$i":"emergencyCallsOnly-unknownSIMState","$v":"(neznámý stav karty SIM)"},{"$i":"emergencyCallsOnly-noSIM","$v":"(žádná karta SIM)"},{"$i":"emergencyCallsOnly-pinRequired","$v":"(Vyžadován kód PIN karty SIM)"},{"$i":"emergencyCallsOnly-pukRequired","$v":"(Vyžadován kód PUK karty SIM)"},{"$i":"emergencyCallsOnly-networkLocked","$v":"(síť uzamčena)"},{"$i":"emergencyCallsOnly-serviceProviderLocked","$v":"(zámek operátora)"},{"$i":"emergencyCallsOnly-corporateLocked","$v":"(firemní zámek)"},{"$i":"emergencyCallsOnly-network1Locked","$v":"(síť1 uzamčena)"},{"$i":"emergencyCallsOnly-network2Locked","$v":"(síť2 uzamčena)"},{"$i":"emergencyCallsOnly-hrpdNetworkLocked","$v":"(síť hrpd uzamčena)"},{"$i":"emergencyCallsOnly-ruimCorporateLocked","$v":"(ruim – firemní zámek)"},{"$i":"emergencyCallsOnly-ruimServiceProviderLocked","$v":"(ruim – zámek operátora)"},{"$i":"lockscreen-sim-id","$v":["SIM ",{"t":"idOrVar","v":"n"}]},{"$i":"charging-no-time","$v":[{"t":"idOrVar","v":"level"}," % nabito"]},{"$i":"charging-minutes","$v":{"few":[{"t":"idOrVar","v":"level"}," % nabito (",{"t":"idOrVar","v":"minutes"}," min do úplného nabití)"],"many":[{"t":"idOrVar","v":"level"}," % nabito (",{"t":"idOrVar","v":"minutes"}," min do úplného nabití)"],"one":[{"t":"idOrVar","v":"level"}," % nabito (",{"t":"idOrVar","v":"minutes"}," min do úplného nabití)"],"other":[{"t":"idOrVar","v":"level"}," % nabito (",{"t":"idOrVar","v":"minutes"}," min do úplného nabití)"],"two":[{"t":"idOrVar","v":"level"}," % nabito (",{"t":"idOrVar","v":"minutes"}," min do úplného nabití)"],"zero":[{"t":"idOrVar","v":"level"}," % nabito (",{"t":"idOrVar","v":"minutes"}," min do úplného nabití)"]},"$x":[{"t":"idOrVar","v":"plural"},"minutes"]},{"$i":"charging-hours","$v":{"few":[{"t":"idOrVar","v":"level"}," % nabito (",{"t":"idOrVar","v":"hours"}," h ",{"t":"idOrVar","v":"minutes"}," min do úplného nabití)"],"many":[{"t":"idOrVar","v":"level"}," % nabito (",{"t":"idOrVar","v":"hours"}," h ",{"t":"idOrVar","v":"minutes"}," min do úplného nabití)"],"one":[{"t":"idOrVar","v":"level"}," % nabito (",{"t":"idOrVar","v":"hours"}," h ",{"t":"idOrVar","v":"minutes"}," min do úplného nabití)"],"other":[{"t":"idOrVar","v":"level"}," % nabito (",{"t":"idOrVar","v":"hours"}," h ",{"t":"idOrVar","v":"minutes"}," min do úplného nabití)"],"two":[{"t":"idOrVar","v":"level"}," % nabito (",{"t":"idOrVar","v":"hours"}," h ",{"t":"idOrVar","v":"minutes"}," min do úplného nabití)"],"zero":[{"t":"idOrVar","v":"level"}," % nabito (",{"t":"idOrVar","v":"hours"}," h ",{"t":"idOrVar","v":"minutes"}," min do úplného nabití)"]},"$x":[{"t":"idOrVar","v":"plural"},"minutes"]},{"$i":"phoneNumberInput","ariaLabel":"Telefonní číslo:"},{"$i":"keypadDelete","ariaLabel":"Odstranit"},{"$i":"voiceMailKey","ariaLabel":"Hlasová schránka"},{"$i":"asterisk","ariaLabel":"Hvězdička"},{"$i":"hashSign","ariaLabel":"Křížek"},{"$i":"cancel","$v":"Zrušit"},{"$i":"loadingSimContacts","$v":"Načítání kontaktů na SIM kartě…"},{"$i":"noContactsWereFound","$v":"Nenalezeny žádné kontakty"},{"$i":"noContactsFoundDialogOk","$v":"OK"},{"$i":"emergencyNumber","$v":"Číslo tísňového volání"},{"$i":"callAirplaneModeMessage","$v":"K uskutečnění hovoru je nutno v nastavení zakázat režim letadla."},{"$i":"callAirplaneModeBtnOk","$v":"OK"},{"$i":"callAirplaneModeTitle","$v":"Režim letadla aktivován"},{"$i":"numberIsBusyTitle","$v":"Číslo je obsazeno"},{"$i":"numberIsBusyMessage","$v":"Číslo je nyní obsazené. Zkuste to později znovu."},{"$i":"fdnIsActiveTitle","$v":"FDN aktivní"},{"$i":"fdnIsActiveMessage","$v":["Je aktivována funkce FDN (pevná vytáčecí čísla) a toto číslo není v seznam FDN: ",{"t":"idOrVar","v":"number"}]},{"$i":"emergencyDialogBodyBadNumber","$v":"K uskutečnění hovoru je nutno telefon připojit k síti."},{"$i":"emergencyDialogBodyDeviceNotAccepted","$v":"Síť tísňová volání neumožňuje."},{"$i":"emergencyDialogBtnOk","$v":"OK"},{"$i":"emergencyDialogTitle","$v":"Žádné připojení k síti"},{"$i":"invalidNumberToDialTitle","$v":"Neplatné telefonní číslo"},{"$i":"invalidNumberToDialMessage","$v":"Volané telefonní číslo není platné."},{"$i":"unableToCallTitle","$v":"Volání nelze uskutečnit."},{"$i":"unableToCallMessage","$v":"Nyní nelze volat"},{"$i":"otherConnectionInUseTitle","$v":"Používá se jiné připojení"},{"$i":"otherConnectionInUseMessage","$v":"Máte aktivní volání na dalším připojení. V jednom okamžiku lze použít jen jedno připojení."},{"$i":"connectingEllipsis","$v":"Připojování…"},{"$i":"clear","$v":"Vymazat"},{"$i":"dialer","$v":"Číselník"},{"$i":"kai-incomming-call","$v":"Příchozí volání"},{"$i":"kai-in-call","$v":"Příchozí hovor"},{"$i":"kai-answer","$v":"Přijmout"},{"$i":"kai-end-answer","$v":"Ukončit a odpovědět"},{"$i":"kai-decline","$v":"Odmítnout"},{"$i":"enter-passcode","$v":"Obrazovku odemkněte zadáním hesla."},{"$i":"passcode-error","$v":"Neplatný kód. Zkuste to znovu."},{"$i":"voice-call","$v":"Hlasový hovor"},{"$i":"video-call","$v":"Videohovor"},{"$i":"message","$v":"Zprávy"},{"$i":"answer-rtt-call","$v":"Přijmout RTT hovor"},{"$i":"req-rtt-call","$v":"ANS RTT"},{"$i":"rtt-call","$v":"RTT hovor"},{"$i":"rtt-view","$v":"Zobrazení RTT"},{"$i":"change-to-rtt-call","$v":"Spojování RTT hovoru..."},{"$i":"change-to-voice-call","$v":"Převedeno na hlasový hovor."},{"$i":"upgrading-rtt","$v":"Probíhá převod na RTT hovor..."},{"$i":"rtt-call-failed","$v":"RTT hovor se nezdařil."},{"$i":"voice-call-failed","$v":"Hlasové volání se nezdařilo."},{"$i":"rtt","$v":"RTT"},{"$i":"rtt-emegency-upgrade-rejected","$v":"RTT není pro toto volání čísla 911 k dispozici."},{"$i":"rtt-emegency-downgrade","$v":"RTT není pro toto volání čísla 911 k dispozici. Váš hovor byl spojen jako hlasový. Pokud narazíte na problémy, proveďte hlasový nebo předávací hovor na číslo 911."},{"$i":"voice-only-call","$v":"Váš hovor byl spojen jako hlasový."},{"$i":"ans-rtt-failed","$v":"Nepodařilo se navázat volání RTT. Váš hovor byl spojen jako hlasový."},{"$i":"back","$v":"Zpět"},{"$i":"new-message","$v":"Nové zprávy od"},{"$i":"kai-mute","$v":"Ztlumit"},{"$i":"kai-unmute","$v":"Zrušit ztlumení"},{"$i":"kai-speaker","$v":"Reproduktor"},{"$i":"kai-speaker-off","$v":"Reproduktor vypnut"},{"$i":"kai-microphone-mute-notification","$v":"Mikrofon ztlumený"},{"$i":"kai-microphone-active-notification","$v":"Mikrofon je aktivní"},{"$i":"kai-speaker-off-notification","$v":"Externí reproduktor je vypnutý"},{"$i":"kai-speaker-on-notification","$v":"Externí reproduktor je zapnutý"},{"$i":"kai-hold-and-answer","$v":"Přidržet a přijmout"},{"$i":"kai-ignore-call","$v":"Ignorovat přích. volání"},{"$i":"kai-add-to-call","$v":"Přidat hovor"},{"$i":"kai-switch-to-second-line","$v":"Prohodit hovor"},{"$i":"kai-merge-calls","$v":"Sloučit volání"},{"$i":"ok","$v":"OK"},{"$i":"losing-wifi-msg","$v":"přerušuje se wi-fi"},{"$i":"hd","$v":"HD"},{"$i":"manage-call","$v":"Správa volání"},{"$i":"end","$v":"Ukončit hovor"},{"$i":"private","$v":"Soukromé"},{"$i":"sound","$v":"Zvuk"},{"$i":"bluetooth-device","$v":"Zařízení Bluetooth"},{"$i":"handset-earpiece","$v":"Sluchátko"},{"$i":"speaker","$v":"Reproduktor"},{"$i":"call-ended","$v":"Hovor ukončen"},{"$i":"payphone","$v":"Tel. automat"},{"$i":"contact","$v":"Kontakt"},{"$i":"dialer-prompt","$v":"Vytočte číslo nebo vyberte kontakt a přidejte ho do hovoru"},{"$i":"call","$v":"Volat"},{"$i":"hold","$v":"Přidržet"},{"$i":"volume","$v":"Hlasitost"},{"$i":"softkey-options","$v":"Možnosti"},{"$i":"unhold-call","$v":"Zrušit podržení hovoru"},{"$i":"hold-call","$v":"Podržet hovor"},{"$i":"select","$v":"Vybrat"},{"$i":"unknown","$v":"Neznámé"},{"$i":"switch-calls","$v":"Přepnout hovory"},{"$i":"voiceMail","$v":"Hlasová schránka"},{"$i":"incoming","$v":"Příchozí"},{"$i":"outgoing","$v":"Odchozí"},{"$i":"callEnded","$v":"Hovor ukončen"},{"$i":"callEndedDuration","$v":["Hovor skončil (",{"t":"idOrVar","v":"duration"},")"]},{"$i":"conferenceAddError","$v":"Volání nelze sloučit"},{"$i":"conferenceRemoveError","$v":"Sloučení volání nelze zrušit"},{"$i":"callDurationMinutes","$v":[{"t":"idOrVar","v":"m"},":",{"t":"idOrVar","v":"s"}]},{"$i":"callDurationHours","$v":[{"t":"idOrVar","v":"h"},":",{"t":"idOrVar","v":"m"},":",{"t":"idOrVar","v":"s"}]},{"$i":"callDurationTextFormatSeconds","$v":[{"t":"idOrVar","v":"s"}," s"]},{"$i":"callDurationTextFormatMinutes","$v":[{"t":"idOrVar","v":"m"}," m ",{"t":"idOrVar","v":"s"}," s"]},{"$i":"callDurationTextFormatHours","$v":[{"t":"idOrVar","v":"h"}," h ",{"t":"idOrVar","v":"m"}," m ",{"t":"idOrVar","v":"s"}," s"]},{"$i":"switch-to-device-toast","$v":"Přepnuto na zařízení Bluetooth"},{"$i":"switch-to-handset-toast","$v":"Přepnuto na sluchátko handsetu"},{"$i":"switch-to-speaker-toast","$v":"Přepnout na reproduktor"},{"$i":"connecting","$v":"Připojování"},{"$i":"wifi-call-quality-excellent","$v":"Vynikající"},{"$i":"wifi-call-quality-fair","$v":"Slušný"},{"$i":"wifi-call-quality-bad","$v":"Špatný"},{"$i":"call-left-conference-toast","$v":"opustil(a) hovor."},{"$i":"camera-off","$v":"Fotoaparát vypnutý"},{"$i":"camera-on","$v":"Fotoaparát zapnutý"},{"$i":"rear-camera","$v":"Zadní fotoaparát"},{"$i":"front-camera","$v":"Přední fotoaparát"},{"$i":"hide-info","$v":"Skrýt info"},{"$i":"show-info","$v":"Zobrazit informace"},{"$i":"video-call-rejected","$v":"Videohovor byl zamítnut. Použijte běžné volání."},{"$i":"video-call-not-support","$v":"Videohovor není podporován."},{"$i":"video-call-rejected-timeout","$v":"Video call rejected or timeout."},{"$i":"video-call-from","$v":["Příjem videohovoru od uživatele ",{"t":"idOrVar","v":"name"}]},{"$i":"video-call-canceled","$v":"Videohovor byl zrušen."},{"$i":"video-call-failed","$v":"Uskutečnění videohovoru selhalo."},{"$i":"call-downgraded","$v":"Call downgraded."},{"$i":"wifi-calling","$v":"Wi-Fi volání"},{"$i":"wifi-calling-1","$v":"Volání se může odpojit."},{"$i":"wifi-calling-2","$v":"Jste téměř mimo dosah pokrytí sítě Wi-Fi."},{"$i":"wifi-calling-dropped","$v":"Wi-Fi volání odpojeno."},{"$i":"accept","$v":"Přijmout"},{"$i":"conference-call-num","$v":["Lidí v hovoru: ",{"t":"idOrVar","v":"num"},"."]},{"$i":"more","$v":"Více"},{"$i":"rec","$v":"REC"},{"$i":"start-recording-call","$v":"Zahájit záznam hovoru."},{"$i":"stop-recording-call","$v":"Ukončit záznam hovoru."},{"$i":"insufficient-storage","$v":"V úložišti není dostatek místa. Nahrávání se zastavilo."},{"$i":"reply","$v":"Odpovědět"},{"$i":"reply-message-1","$v":"Bohužel teď nemůžu mluvit."},{"$i":"reply-message-2","$v":"Jsem na cestě."},{"$i":"reply-message-3","$v":"Můžu vám zavolat později?"},{"$i":"reply-message-4","$v":"Vlastní..."},{"$i":"reply-to-name","$v":["Odeslána odpověď pro ",{"t":"idOrVar","v":"name"}]},{"$i":"mt-call-on-hold","$v":"Hovor byl přidržen."},{"$i":"mt-call_retrieved","$v":"Hovor byl obnoven."},{"$i":"mt-multi_party_call","$v":"Byli jste přidáni ke konferenčnímu hovoru."},{"$i":"hangup-a11y-button","$v":""},{"$i":"pickup-a11y-button","$v":""},{"$i":"mute","$v":""},{"$i":"toggleKeypad","$v":""},{"$i":"newCall","$v":""},{"$i":"speakerOption","$v":""},{"$i":"bluetoothOption","$v":""},{"$i":"onHoldOption","$v":""},{"$i":"merge","$v":""},{"$i":"ignore","$v":""},{"$i":"dialerAddContact","$v":""},{"$i":"makeCall","$v":""},{"$i":"call-forwarding-async","$v":["Asynchronní: ",{"t":"idOrVar","v":"async"}]},{"$i":"call-forwarding-data","$v":["Data: ",{"t":"idOrVar","v":"data"}]},{"$i":"call-forwarding-error","$v":"Při načítání stavu přesměrování hovorů došlo k chybě"},{"$i":"call-forwarding-fax","$v":["FAX: ",{"t":"idOrVar","v":"fax"}]},{"$i":"call-forwarding-inactive","$v":"Neaktivní"},{"$i":"call-forwarding-packet","$v":["Paket: ",{"t":"idOrVar","v":"packet"}]},{"$i":"call-forwarding-pad","$v":["PAD: ",{"t":"idOrVar","v":"pad"}]},{"$i":"call-forwarding-sms","$v":["SMS: ",{"t":"idOrVar","v":"sms"}]},{"$i":"call-forwarding-status","$v":"Stav přesměr. hovorů"},{"$i":"call-forwarding-sync","$v":["Synchronní: ",{"t":"idOrVar","v":"sync"}]},{"$i":"call-forwarding-voice","$v":["Hlasové: ",{"t":"idOrVar","v":"voice"}]},{"$i":"scCallBarring","$v":"Blok. hovorů"},{"$i":"scCallForwarding","$v":"Přesměr. hovorů"},{"$i":"scClip","$v":"ID volajícího"},{"$i":"scClir","$v":"ID volajícího"},{"$i":"scPwd","$v":"Změna hesla"},{"$i":"scCallWaiting","$v":"Ček. hovoru"},{"$i":"scPin","$v":"Změna kódu PIN"},{"$i":"scPin2","$v":"Změna PIN2"},{"$i":"scPuk","$v":"Odblokovat PIN"},{"$i":"scPuk2","$v":"Odblokovat PIN2"},{"$i":"scImei","$v":"IMEI"},{"$i":"scMeid","$v":"MEID"},{"$i":"scUssd","$v":"USSD"},{"$i":"serviceClassVoice","$v":"Hlasové"},{"$i":"serviceClassData","$v":"Data"},{"$i":"serviceClassFax","$v":"FAX"},{"$i":"serviceClassSms","$v":"SMS"},{"$i":"serviceClassDataSync","$v":"Synchronizovat"},{"$i":"serviceClassDataAsync","$v":"Asynchr."},{"$i":"serviceClassPacket","$v":"Paket"},{"$i":"serviceClassPad","$v":"PAD"},{"$i":"smServiceEnabled","$v":"Služba byla povolena"},{"$i":"smServiceDisabled","$v":"Služba byla zakázána"},{"$i":"smServiceRegistered","$v":"Registrace byla úspěšná"},{"$i":"smServiceErased","$v":"Vymazání proběhlo úspěšně"},{"$i":"smServiceInterrogated","$v":"Žádost úspěšně zpracována"},{"$i":"smServiceNotProvisioned","$v":"Služba není zřízená"},{"$i":"smClirPermanent","$v":"Nastavení ID volajícího nelze změnit"},{"$i":"smClirDefaultOnNextCallOn","$v":"ID volajícího má výchozí hodnotu „omezeno“. Další volání: Omezeno"},{"$i":"smClirDefaultOnNextCallOff","$v":"ID volajícího má výchozí hodnotu „omezeno“. Další volání: Neomezeno"},{"$i":"smClirDefaultOffNextCallOn","$v":"ID volajícího má výchozí hodnotu „neomezeno“. Další volání: Omezeno"},{"$i":"smClirDefaultOffNextCallOff","$v":"ID volajícího má výchozí hodnotu „neomezeno“. Další volání: Neomezeno"},{"$i":"smServiceEnabledFor","$v":"Služba povolena pro:"},{"$i":"smPinChanged","$v":"PIN úspěšně změněn"},{"$i":"smPinUnblocked","$v":"PIN úspěšně odblokován"},{"$i":"smPin2Changed","$v":"PIN2 úspěšně změněn"},{"$i":"smPin2Unblocked","$v":"PIN2 úspěšně odblokován"},{"$i":"ServiceIsEnabled","$v":"Služba je povolená"},{"$i":"ServiceIsDisabled","$v":"Služba je zakázaná"},{"$i":"ServiceIsEnabledFor","$v":"Služba je povolená pro:"},{"$i":"emMmiError","$v":"Problém připojení nebo neplatný kód MMI"},{"$i":"emMmiErrorPasswordIncorrect","$v":"Nesprávné heslo"},{"$i":"emMmiErrorNotSupported","$v":"Neplatný nebo nepodporovaný kód MMI"},{"$i":"emMmiErrorInvalidAction","$v":"Neplatná akce"},{"$i":"emMmiErrorInvalidScCode","$v":"Neplatný kód služby"},{"$i":"emMmiErrorBadPuk","$v":"Zadaný PUK je nesprávný"},{"$i":"emMmiErrorBadPin","$v":"Zadaný starý PIN je nesprávný."},{"$i":"emMmiErrorNeedPuk2","$v":"Odblokujte SIM kartu zadáním PUK2"},{"$i":"emMmiErrorMismatchPin","$v":"Zadané PIN kódy se neshodují"},{"$i":"emMmiErrorInvalidPin","$v":"Zadejte kód PIN o délce 4 až 8 čísel"},{"$i":"emMmiErrorNeedsPuk","$v":"SIM karta je uzamčená PUK kódem"},{"$i":"emMmiErrorEnablePin","$v":"Neúspěch. Povolte ZÁMEK SIM/RUIM"},{"$i":"emMmiErrorMmiFdn","$v":"Lze volat jen na povolená čísla"},{"$i":"emMmiErrorStkCcUssdDial","$v":"Žádost USSD byla změněna na žádost VYTOČIT"},{"$i":"emMmiErrorStkCcUssdSs","$v":"Žádost USSD byla změněna na žádost SS"},{"$i":"emMmiErrorStkCcUssdUssd","$v":"Žádost USSD byla změněna na novou žádost USSD"},{"$i":"emMmiErrorStkCcSsDial","$v":"Žádost SS změněna na žádost VYTOČIT"},{"$i":"emMmiErrorStkCcSsUssd","$v":"Žádost SS změněna na žádost USSD"},{"$i":"emMmiErrorStkCcSsSs","$v":"Žádost SS změněna na novou žádost SS"},{"$i":"emMmiErrorPinPukAttempts","$v":{"few":["Zbývá pokusů: ",{"t":"idOrVar","v":"n"}],"many":["Zbývá pokusů: ",{"t":"idOrVar","v":"n"}],"one":["Počet zbývajících pokusů: ",{"t":"idOrVar","v":"n"}],"other":["Zbývá pokusů: ",{"t":"idOrVar","v":"n"}],"two":["Zbývá pokusů: ",{"t":"idOrVar","v":"n"}]},"$x":[{"t":"idOrVar","v":"plural"},"n"]},{"$i":"emMmiErrorSimBlocked","$v":"Byl překročen max. počet opakovaných pokusů. SIM zablokována."},{"$i":"RadioNotAvailable","$v":"Radio not available"},{"$i":"GenericFailure","$v":"Obecné selhání"},{"$i":"PasswordIncorrect","$v":"Heslo je nesprávné"},{"$i":"SimPin2","$v":"PIN2 SIM karty"},{"$i":"SimPuk2","$v":"PUK2 SIM karty"},{"$i":"RequestNotSupported","$v":"Žádost není podporována"},{"$i":"OpNotAllowedDuringVoiceCall","$v":"Operace nepovolena při hovoru"},{"$i":"SmsSendFailRetry","$v":"SMS send fail retry"},{"$i":"SimAbsent","$v":"SIM chybí"},{"$i":"SubscriptionNotAvailable","$v":"Předplatné není dostupné"},{"$i":"ModeNotSupported","$v":"Režim nepodporován"},{"$i":"FdnCheckFailure","$v":"Kontrola Fdn se nezdařila"},{"$i":"IllegalSimOrMe","$v":"Neplatná SIM nebo ME"},{"$i":"DialModifiedToUssd","$v":"Dial modified to USSD"},{"$i":"DialModifiedToSs","$v":"Dial modified to SS"},{"$i":"DialModifiedToDial","$v":"Dial modified to dial"},{"$i":"UssdModifiedToDial","$v":"USSD změněno na vytáčení"},{"$i":"UssdModifiedToSs","$v":"USSD změněno na SS"},{"$i":"UssdModifiedToUssd","$v":"USSD změněno na USSD"},{"$i":"SsModifiedToDial","$v":"Kód SS změněn na vytáčení"},{"$i":"SsModifiedToUssd","$v":"Kód SS změněn na USSD"},{"$i":"SsModifiedToSs","$v":"Kód SS změněn na SS"},{"$i":"SubscriptionNotSupported","$v":"Předplatné není podporováno"},{"$i":"InvalidParameter","$v":"Neplatný parametr"},{"$i":"RejectedByRemote","$v":"Vzdáleně odmítnuto"},{"$i":"error","$v":"Chyba"}]