[{"$i":"weekday-0-long","$v":"Sonntag"},{"$i":"weekday-1-long","$v":"Montag"},{"$i":"weekday-2-long","$v":"Dienstag"},{"$i":"weekday-3-long","$v":"Mittwoch"},{"$i":"weekday-4-long","$v":"Donnerstag"},{"$i":"weekday-5-long","$v":"Freitag"},{"$i":"weekday-6-long","$v":"Samstag"},{"$i":"weekday-0-short","$v":"So"},{"$i":"weekday-1-short","$v":"Mo"},{"$i":"weekday-2-short","$v":"Di"},{"$i":"weekday-3-short","$v":"Mi"},{"$i":"weekday-4-short","$v":"Do"},{"$i":"weekday-5-short","$v":"Fr"},{"$i":"weekday-6-short","$v":"Sa"},{"$i":"month-0-long","$v":"Januar"},{"$i":"month-1-long","$v":"Februar"},{"$i":"month-2-long","$v":"März"},{"$i":"month-3-long","$v":"April"},{"$i":"month-4-long","$v":"Mai"},{"$i":"month-5-long","$v":"Juni"},{"$i":"month-6-long","$v":"Juli"},{"$i":"month-7-long","$v":"August"},{"$i":"month-8-long","$v":"September"},{"$i":"month-9-long","$v":"Oktober"},{"$i":"month-10-long","$v":"November"},{"$i":"month-11-long","$v":"Dezember"},{"$i":"month-0-genitive","$v":"Januar"},{"$i":"month-1-genitive","$v":"Februar"},{"$i":"month-2-genitive","$v":"März"},{"$i":"month-3-genitive","$v":"April"},{"$i":"month-4-genitive","$v":"Mai"},{"$i":"month-5-genitive","$v":"Juni"},{"$i":"month-6-genitive","$v":"Juli"},{"$i":"month-7-genitive","$v":"August"},{"$i":"month-8-genitive","$v":"September"},{"$i":"month-9-genitive","$v":"Oktober"},{"$i":"month-10-genitive","$v":"November"},{"$i":"month-11-genitive","$v":"Dezember"},{"$i":"month-0-short","$v":"Jan"},{"$i":"month-1-short","$v":"Feb"},{"$i":"month-2-short","$v":"Mär"},{"$i":"month-3-short","$v":"Apr"},{"$i":"month-4-short","$v":"Mai"},{"$i":"month-5-short","$v":"Jun"},{"$i":"month-6-short","$v":"Jul"},{"$i":"month-7-short","$v":"Aug"},{"$i":"month-8-short","$v":"Sep"},{"$i":"month-9-short","$v":"Okt"},{"$i":"month-10-short","$v":"Nov"},{"$i":"month-11-short","$v":"Dez"},{"$i":"minutes-ago-long","$v":{"few":["vor ",{"t":"idOrVar","v":"value"}," Minuten"],"many":["vor ",{"t":"idOrVar","v":"value"}," Minuten"],"one":"vor einer Minute","other":["vor ",{"t":"idOrVar","v":"value"}," Minuten"],"two":["vor ",{"t":"idOrVar","v":"value"}," Minuten"],"zero":"genau jetzt"},"$x":[{"t":"idOrVar","v":"plural"},"value"]},{"$i":"hours-ago-long","$v":{"few":["vor ",{"t":"idOrVar","v":"value"}," Stunden"],"many":["vor ",{"t":"idOrVar","v":"value"}," Stunden"],"one":"vor einer Stunde","other":["vor ",{"t":"idOrVar","v":"value"}," Stunden"],"two":["vor ",{"t":"idOrVar","v":"value"}," Stunden"],"zero":"genau jetzt"},"$x":[{"t":"idOrVar","v":"plural"},"value"]},{"$i":"days-ago-long","$v":{"few":["vor ",{"t":"idOrVar","v":"value"}," Tagen"],"many":["vor ",{"t":"idOrVar","v":"value"}," Tagen"],"one":"gestern","other":["vor ",{"t":"idOrVar","v":"value"}," Tagen"],"two":["vor ",{"t":"idOrVar","v":"value"}," Tagen"],"zero":"heute"},"$x":[{"t":"idOrVar","v":"plural"},"value"]},{"$i":"weeks-ago-long","$v":{"few":["vor ",{"t":"idOrVar","v":"value"}," Wochen"],"many":["vor ",{"t":"idOrVar","v":"value"}," Wochen"],"one":"letzte Woche","other":["vor ",{"t":"idOrVar","v":"value"}," Wochen"],"two":["vor ",{"t":"idOrVar","v":"value"}," Wochen"],"zero":"diese Woche"},"$x":[{"t":"idOrVar","v":"plural"},"value"]},{"$i":"months-ago-long","$v":{"few":["vor ",{"t":"idOrVar","v":"value"}," Monaten"],"many":["vor ",{"t":"idOrVar","v":"value"}," Monaten"],"one":"letzter Monat","other":["vor ",{"t":"idOrVar","v":"value"}," Monaten"],"two":["vor ",{"t":"idOrVar","v":"value"}," Monaten"],"zero":"diesen Monat"},"$x":[{"t":"idOrVar","v":"plural"},"value"]},{"$i":"years-ago-long","$v":{"few":["vor ",{"t":"idOrVar","v":"value"}," Jahren"],"many":["vor ",{"t":"idOrVar","v":"value"}," Jahren"],"one":"letztes Jahr","other":["vor ",{"t":"idOrVar","v":"value"}," Jahren"],"two":["vor ",{"t":"idOrVar","v":"value"}," Jahren"],"zero":"dieses Jahr"},"$x":[{"t":"idOrVar","v":"plural"},"value"]},{"$i":"minutes-until-long","$v":{"few":["in ",{"t":"idOrVar","v":"value"}," Minuten"],"many":["in ",{"t":"idOrVar","v":"value"}," Minuten"],"one":"in einer Minute","other":["in ",{"t":"idOrVar","v":"value"}," Minuten"],"two":["in ",{"t":"idOrVar","v":"value"}," Minuten"],"zero":"jetzt"},"$x":[{"t":"idOrVar","v":"plural"},"value"]},{"$i":"hours-until-long","$v":{"few":["in ",{"t":"idOrVar","v":"value"}," Stunden"],"many":["in ",{"t":"idOrVar","v":"value"}," Stunden"],"one":"in einer Stunde","other":["in ",{"t":"idOrVar","v":"value"}," Stunden"],"two":["in ",{"t":"idOrVar","v":"value"}," Stunden"],"zero":"jetzt"},"$x":[{"t":"idOrVar","v":"plural"},"value"]},{"$i":"days-until-long","$v":{"few":["in ",{"t":"idOrVar","v":"value"}," Tagen"],"many":["in ",{"t":"idOrVar","v":"value"}," Tagen"],"one":"morgen","other":["in ",{"t":"idOrVar","v":"value"}," Tagen"],"two":["in ",{"t":"idOrVar","v":"value"}," Tagen"],"zero":"heute"},"$x":[{"t":"idOrVar","v":"plural"},"value"]},{"$i":"weeks-until-long","$v":{"few":["in ",{"t":"idOrVar","v":"value"}," Wochen"],"many":["in ",{"t":"idOrVar","v":"value"}," Wochen"],"one":"nächste Woche","other":["in ",{"t":"idOrVar","v":"value"}," Wochen"],"two":["in ",{"t":"idOrVar","v":"value"}," Wochen"],"zero":"diese Woche"},"$x":[{"t":"idOrVar","v":"plural"},"value"]},{"$i":"months-until-long","$v":{"few":["in ",{"t":"idOrVar","v":"value"}," Monaten"],"many":["in ",{"t":"idOrVar","v":"value"}," Monaten"],"one":"im nächsten Monat","other":["in ",{"t":"idOrVar","v":"value"}," Monaten"],"two":["in ",{"t":"idOrVar","v":"value"}," Monaten"],"zero":"diesen Monat"},"$x":[{"t":"idOrVar","v":"plural"},"value"]},{"$i":"years-until-long","$v":{"few":["in ",{"t":"idOrVar","v":"value"}," Jahren"],"many":["in ",{"t":"idOrVar","v":"value"}," Jahren"],"one":"nächstes Jahr","other":["in ",{"t":"idOrVar","v":"value"}," Jahren"],"two":["in ",{"t":"idOrVar","v":"value"}," Jahren"],"zero":"dieses Jahr"},"$x":[{"t":"idOrVar","v":"plural"},"value"]},{"$i":"minutes-ago-short","$v":{"other":["vor ",{"t":"idOrVar","v":"value"}," Std."],"zero":"genau jetzt"},"$x":[{"t":"idOrVar","v":"plural"},"value"]},{"$i":"hours-ago-short","$v":{"other":["vor ",{"t":"idOrVar","v":"value"}," Std."],"zero":"genau jetzt"},"$x":[{"t":"idOrVar","v":"plural"},"value"]},{"$i":"days-ago-short","$v":{"other":["vor ",{"t":"idOrVar","v":"value"}," Tag"],"zero":"heute"},"$x":[{"t":"idOrVar","v":"plural"},"value"]},{"$i":"minutes-until-short","$v":{"other":["in ",{"t":"idOrVar","v":"value"}," Min."],"zero":"jetzt"},"$x":[{"t":"idOrVar","v":"plural"},"value"]},{"$i":"hours-until-short","$v":{"other":["in ",{"t":"idOrVar","v":"value"}," Std."],"zero":"jetzt"},"$x":[{"t":"idOrVar","v":"plural"},"value"]},{"$i":"days-until-short","$v":{"other":["in ",{"t":"idOrVar","v":"value"}," Tag"],"zero":"heute"},"$x":[{"t":"idOrVar","v":"plural"},"value"]},{"$i":"incorrectDate","$v":"(falsches Datum)"},{"$i":"dateTimeFormat_%c","$v":"%a %b %e %Y %I:%M:%S %p"},{"$i":"dateTimeFormat_%x","$v":"%m/%d/%Y"},{"$i":"dateTimeFormat_%X","$v":"%I:%M:%S %p"},{"$i":"shortTimeFormat","$v":"%I:%M %p"},{"$i":"shortTimeFormat12","$v":"%I:%M %p"},{"$i":"shortTimeFormat24","$v":"%H:%M"},{"$i":"shortDateTimeFormat","$v":"%x %I:%M %p"},{"$i":"weekStartsOnMonday","$v":"0.0"},{"$i":"firstDayOfTheWeek","$v":"1.0"},{"$i":"time_am","$v":"AM"},{"$i":"time_pm","$v":"PM"},{"$i":"label","$v":"Bezeichnung"},{"$i":"mobile","$v":"Mobil"},{"$i":"home","$v":"Startbildschirm-Taste"},{"$i":"work","$v":"Geschäftlich"},{"$i":"personal","$v":"Persönlich"},{"$i":"faxHome","$v":"Fax (privat)"},{"$i":"faxOffice","$v":"Fax (geschäftlich)"},{"$i":"faxOther","$v":"Weiteres Fax"},{"$i":"another","$v":"Weitere"},{"$i":"other","$v":"Andere"},{"$i":"customTag","$v":"Benutzerdefiniertes Tag","placeholder":"Benutzerdefiniertes Tag"},{"$i":"current","$v":"Aktuell"},{"$i":"itemWithLabel","$v":[{"t":"idOrVar","v":"label"},", ",{"t":"idOrVar","v":"item"}]},{"$i":"airplaneMode","$v":"Flugmodus"},{"$i":"searching","$v":"Suche läuft..."},{"$i":"noNetwork","$v":"Kein Netzwerk"},{"$i":"roaming","$v":[{"t":"idOrVar","v":"operator"}," (Roaming)"]},{"$i":"operator-info","$v":[{"t":"idOrVar","v":"carrier"}," ",{"t":"idOrVar","v":"region"}]},{"$i":"emergencyCallsOnly","$v":"Nur Notrufe"},{"$i":"emergencyCallsOnly-unknownSIMState","$v":"(Unbekannter SIM-Status)"},{"$i":"emergencyCallsOnly-noSIM","$v":"(keine SIM)"},{"$i":"emergencyCallsOnly-pinRequired","$v":"(SIM-PIN erforderlich)"},{"$i":"emergencyCallsOnly-pukRequired","$v":"(SIM-PUK erforderlich)"},{"$i":"emergencyCallsOnly-networkLocked","$v":"(Netzwerk gesperrt)"},{"$i":"emergencyCallsOnly-serviceProviderLocked","$v":"(Dienstanbietersperre)"},{"$i":"emergencyCallsOnly-corporateLocked","$v":"(Unternehmenssperre)"},{"$i":"emergencyCallsOnly-network1Locked","$v":"(Netzwerk1 gesperrt)"},{"$i":"emergencyCallsOnly-network2Locked","$v":"(Netzwerk2 gesperrt)"},{"$i":"emergencyCallsOnly-hrpdNetworkLocked","$v":"(HRPD-Netzwerksperre)"},{"$i":"emergencyCallsOnly-ruimCorporateLocked","$v":"(RUIM-Unternehmenssperre)"},{"$i":"emergencyCallsOnly-ruimServiceProviderLocked","$v":"(RUIM-Dienstanbietersperre)"},{"$i":"lockscreen-sim-id","$v":["SIM ",{"t":"idOrVar","v":"n"}]},{"$i":"charging-no-time","$v":[{"t":"idOrVar","v":"level"}," % geladen"]},{"$i":"charging-minutes","$v":{"few":[{"t":"idOrVar","v":"level"}," % geladen ",{"t":"idOrVar","v":"minutes"}," Min. bis der Akku vollständig geladen ist)"],"many":[{"t":"idOrVar","v":"level"}," % geladen ",{"t":"idOrVar","v":"minutes"}," Min. bis der Akku vollständig geladen ist)"],"one":[{"t":"idOrVar","v":"level"}," % geladen ",{"t":"idOrVar","v":"minutes"}," Min. bis der Akku vollständig geladen ist)"],"other":[{"t":"idOrVar","v":"level"}," % geladen ",{"t":"idOrVar","v":"minutes"}," Min. bis der Akku vollständig geladen ist)"],"two":[{"t":"idOrVar","v":"level"}," % geladen ",{"t":"idOrVar","v":"minutes"}," Min. bis der Akku vollständig geladen ist)"],"zero":[{"t":"idOrVar","v":"level"}," % geladen ",{"t":"idOrVar","v":"minutes"}," Min. bis der Akku vollständig geladen ist)"]},"$x":[{"t":"idOrVar","v":"plural"},"minutes"]},{"$i":"charging-hours","$v":{"few":[{"t":"idOrVar","v":"level"}," % geladen (",{"t":"idOrVar","v":"hours"}," Std. ",{"t":"idOrVar","v":"minutes"}," Min. bis der Akku vollständig geladen ist)"],"many":[{"t":"idOrVar","v":"level"}," % geladen (",{"t":"idOrVar","v":"hours"}," Std. ",{"t":"idOrVar","v":"minutes"}," Min. bis der Akku vollständig geladen ist)"],"one":[{"t":"idOrVar","v":"level"}," % geladen (",{"t":"idOrVar","v":"hours"}," Std. ",{"t":"idOrVar","v":"minutes"}," Min. bis der Akku vollständig geladen ist)"],"other":[{"t":"idOrVar","v":"level"}," % geladen (",{"t":"idOrVar","v":"hours"}," Std. ",{"t":"idOrVar","v":"minutes"}," Min. bis der Akku vollständig geladen ist)"],"two":[{"t":"idOrVar","v":"level"}," % geladen (",{"t":"idOrVar","v":"hours"}," Std. ",{"t":"idOrVar","v":"minutes"}," Min. bis der Akku vollständig geladen ist)"],"zero":[{"t":"idOrVar","v":"level"}," % geladen (",{"t":"idOrVar","v":"hours"}," Std. ",{"t":"idOrVar","v":"minutes"}," Min. bis der Akku vollständig geladen ist)"]},"$x":[{"t":"idOrVar","v":"plural"},"minutes"]},{"$i":"phoneNumberInput","ariaLabel":"Telefonnummer"},{"$i":"keypadDelete","ariaLabel":"Löschen"},{"$i":"voiceMailKey","ariaLabel":"Mailbox"},{"$i":"asterisk","ariaLabel":"Sternchen"},{"$i":"hashSign","ariaLabel":"Nummernzeichen (#)"},{"$i":"cancel","$v":"Abbrechen"},{"$i":"loadingSimContacts","$v":"Kontakte auf SIM-Karte werden geladen..."},{"$i":"noContactsWereFound","$v":"Keine Kontakte gefunden"},{"$i":"noContactsFoundDialogOk","$v":"OK"},{"$i":"emergencyNumber","$v":"Notrufnummer"},{"$i":"callAirplaneModeMessage","$v":"Um einen Anruf zu tätigen, müssen Sie den Flugmodus unter „Einstellungen“ deaktivieren."},{"$i":"callAirplaneModeBtnOk","$v":"OK"},{"$i":"callAirplaneModeTitle","$v":"Flugmodus aktiviert"},{"$i":"numberIsBusyTitle","$v":"Rufnummer ist besetzt"},{"$i":"numberIsBusyMessage","$v":"Die gewählte Rufnummer ist momentan besetzt. Versuchen Sie es später erneut."},{"$i":"fdnIsActiveTitle","$v":"Rufnummernbeschränkung aktiv"},{"$i":"fdnIsActiveMessage","$v":["Rufnummernbeschränkung (Fixed Dialing Numbers, FDN) ist aktiviert und folgende Nummer ist nicht in Ihrer FDN-Liste enthalten: ",{"t":"idOrVar","v":"number"}]},{"$i":"emergencyDialogBodyBadNumber","$v":"Um einen Anruf zu tätigen, muss das Telefon mit einem Netzwerk verbunden sein."},{"$i":"emergencyDialogBodyDeviceNotAccepted","$v":"Notrufe werden vom Netzwerk nicht gestattet."},{"$i":"emergencyDialogBtnOk","$v":"OK"},{"$i":"emergencyDialogTitle","$v":"Keine Netzwerkverbindung"},{"$i":"invalidNumberToDialTitle","$v":"Ungültige Telefonnummer"},{"$i":"invalidNumberToDialMessage","$v":"Die von Ihnen gewählte Telefonnummer ist ungültig."},{"$i":"unableToCallTitle","$v":"Anrufen nicht möglich"},{"$i":"unableToCallMessage","$v":"Es kann derzeit kein Telefonanruf getätigt werden."},{"$i":"otherConnectionInUseTitle","$v":"Andere Verbindung aktiv"},{"$i":"otherConnectionInUseMessage","$v":"Sie haben einen aktiven Anruf auf einer anderen Verbindung. Sie können nur eine Verbindung zur Zeit verwenden."},{"$i":"connectingEllipsis","$v":"Verbindung wird hergestellt..."},{"$i":"clear","$v":"Löschen"},{"$i":"dialer","$v":"Telefon"},{"$i":"kai-incomming-call","$v":"Eingehender Anruf"},{"$i":"kai-in-call","$v":"Im Gespräch"},{"$i":"kai-answer","$v":"Annehmen"},{"$i":"kai-end-answer","$v":"Beenden und antworten"},{"$i":"kai-decline","$v":"Ablehnen"},{"$i":"enter-passcode","$v":"Geben Sie den Code zum Entsperren des Bildschirms ein."},{"$i":"passcode-error","$v":"Ungültiger Code. Bitte versuchen Sie es erneut."},{"$i":"voice-call","$v":"Zu Sprachanruf wechseln"},{"$i":"video-call","$v":"Zu Videoanruf wechseln"},{"$i":"message","$v":"Mitteilung"},{"$i":"answer-rtt-call","$v":"RTT beantworten"},{"$i":"req-rtt-call","$v":"ANS RTT"},{"$i":"rtt-call","$v":"RTT-Anruf"},{"$i":"rtt-view","$v":"RTT-Ansicht"},{"$i":"change-to-rtt-call","$v":"RTT-Anruf wird verbunden..."},{"$i":"change-to-voice-call","$v":"Zu Sprachanruf gewechselt."},{"$i":"upgrading-rtt","$v":"Heraufstufen auf RTT-Anruf..."},{"$i":"rtt-call-failed","$v":"RTT-Anruf fehlgeschlagen."},{"$i":"voice-call-failed","$v":"Sprachanruf fehlgeschlagen."},{"$i":"rtt","$v":"RTT"},{"$i":"rtt-emegency-upgrade-rejected","$v":"RTT steht für diesen Notruf nicht zur Verfügung."},{"$i":"rtt-emegency-downgrade","$v":"RTT steht für diesen Notruf nicht zur Verfügung. Ihr Anruf wurde als Nur-Sprachanruf verbunden. Wenn Sie auf Schwierigkeiten stoßen, tätigen Sie den Notruf als Sprachanruf oder Relay-Dienst-Anruf."},{"$i":"voice-only-call","$v":"Ihr Anruf wurde als Nur-Sprachanruf verbunden."},{"$i":"ans-rtt-failed","$v":"RTT-Anruf konnte nicht hergestellt werden. Ihr Anruf wurde als Nur-Sprachanruf verbunden."},{"$i":"back","$v":"Zurück"},{"$i":"new-message","$v":"Neue Mitteilungen von"},{"$i":"kai-mute","$v":"Ton aus"},{"$i":"kai-unmute","$v":"Stummschaltung aufheben"},{"$i":"kai-speaker","$v":"Lautsprecher"},{"$i":"kai-speaker-off","$v":"Lautsprecher aus"},{"$i":"kai-microphone-mute-notification","$v":"Mikrofon stummgeschaltet"},{"$i":"kai-microphone-active-notification","$v":"Mikrofon aktiv"},{"$i":"kai-speaker-off-notification","$v":"Externer Lautsprecher ausgeschaltet"},{"$i":"kai-speaker-on-notification","$v":"Externer Lautsprecher eingeschaltet"},{"$i":"kai-hold-and-answer","$v":"In Wartestellung bringen und antworten"},{"$i":"kai-ignore-call","$v":"Eingehenden Anruf ignorieren"},{"$i":"kai-add-to-call","$v":"Anruf hinzufügen"},{"$i":"kai-switch-to-second-line","$v":"Zwischen Anrufen wechseln"},{"$i":"kai-merge-calls","$v":"Anruf verbinden"},{"$i":"ok","$v":"OK"},{"$i":"losing-wifi-msg","$v":"WLAN-Unterbrechung"},{"$i":"hd","$v":"HD"},{"$i":"manage-call","$v":"Anruf verwalten"},{"$i":"end","$v":"Anruf beenden"},{"$i":"private","$v":"Privat"},{"$i":"sound","$v":"Ton"},{"$i":"bluetooth-device","$v":"Bluetooth-Gerät"},{"$i":"handset-earpiece","$v":"Gerät"},{"$i":"speaker","$v":"Lautsprecher"},{"$i":"call-ended","$v":"Anruf beendet"},{"$i":"payphone","$v":"Münztelefon"},{"$i":"contact","$v":"Kontakte"},{"$i":"dialer-prompt","$v":"Nummer wählen oder einem Anruf hinzuzufügenden Kontakt auswählen"},{"$i":"call","$v":"Anruf"},{"$i":"hold","$v":"Halten"},{"$i":"volume","$v":"Lautstärke"},{"$i":"softkey-options","$v":"Optionen"},{"$i":"unhold-call","$v":"Anruf fortsetzen"},{"$i":"hold-call","$v":"Anruf halten"},{"$i":"select","$v":"Auswählen"},{"$i":"unknown","$v":"Unbekannt"},{"$i":"switch-calls","$v":"Anrufe wechseln"},{"$i":"voiceMail","$v":"Mailbox"},{"$i":"incoming","$v":"Incoming"},{"$i":"outgoing","$v":"Abgehend"},{"$i":"callEnded","$v":"Anruf beendet"},{"$i":"callEndedDuration","$v":["Anruf beendet (",{"t":"idOrVar","v":"duration"},")"]},{"$i":"conferenceAddError","$v":"Anrufe können nicht zusammengeführt werden"},{"$i":"conferenceRemoveError","$v":"Anrufe können nicht getrennt werden"},{"$i":"callDurationMinutes","$v":[{"t":"idOrVar","v":"m"},":",{"t":"idOrVar","v":"s"}]},{"$i":"callDurationHours","$v":[{"t":"idOrVar","v":"h"},":",{"t":"idOrVar","v":"m"},":",{"t":"idOrVar","v":"s"}]},{"$i":"callDurationTextFormatSeconds","$v":[{"t":"idOrVar","v":"s"}," Sek."]},{"$i":"callDurationTextFormatMinutes","$v":[{"t":"idOrVar","v":"m"}," Min. ",{"t":"idOrVar","v":"s"}," Sek."]},{"$i":"callDurationTextFormatHours","$v":[{"t":"idOrVar","v":"h"}," Std. ",{"t":"idOrVar","v":"m"}," Min. ",{"t":"idOrVar","v":"s"}," Sek."]},{"$i":"switch-to-device-toast","$v":"Zu Bluetooth-Gerät gewechselt"},{"$i":"switch-to-handset-toast","$v":"Zu Handy-Kopfhörer gewechselt"},{"$i":"switch-to-speaker-toast","$v":"Zu Lautsprecher gewechselt"},{"$i":"connecting","$v":"Verbinden"},{"$i":"wifi-call-quality-excellent","$v":"Hervorragend"},{"$i":"wifi-call-quality-fair","$v":"Mittelmäßig"},{"$i":"wifi-call-quality-bad","$v":"Schlecht"},{"$i":"call-left-conference-toast","$v":"hat den Anruf beendet"},{"$i":"camera-off","$v":"Kamera aus"},{"$i":"camera-on","$v":"Kamera ein"},{"$i":"rear-camera","$v":"Hintere Kamera"},{"$i":"front-camera","$v":"Vordere Kamera"},{"$i":"hide-info","$v":"Informationen ausblenden"},{"$i":"show-info","$v":"Informationen anzeigen"},{"$i":"video-call-rejected","$v":"Videoanruf wurde abgelehnt. Zu Sprachanruf wechseln."},{"$i":"video-call-not-support","$v":"Videoanruf wird nicht unterstützt."},{"$i":"video-call-rejected-timeout","$v":"Videoanruf abgelehnt oder Zeit überschritten."},{"$i":"video-call-from","$v":["Eingehender Videoanruf von ",{"t":"idOrVar","v":"name"}]},{"$i":"video-call-canceled","$v":"Videoanruf abgebrochen"},{"$i":"video-call-failed","$v":"Videoanruf fehlgeschlagen"},{"$i":"call-downgraded","$v":"Anruf herabgestuft."},{"$i":"wifi-calling","$v":"Anrufe per WLAN"},{"$i":"wifi-calling-1","$v":"Ihr Anruf wird möglicherweise beendet."},{"$i":"wifi-calling-2","$v":"Sie befinden sich beinahe außerhalb der WLAN-Reichweite."},{"$i":"wifi-calling-dropped","$v":"WLAN-Anruf abgebrochen"},{"$i":"accept","$v":"Annehmen"},{"$i":"conference-call-num","$v":[{"t":"idOrVar","v":"num"}," Teilnehmer am Telefonat"]},{"$i":"more","$v":"Mehr"},{"$i":"rec","$v":"Aufnehmen"},{"$i":"start-recording-call","$v":"Anrufaufnahme starten."},{"$i":"stop-recording-call","$v":"Anrufaufnahme beenden."},{"$i":"insufficient-storage","$v":"Unzureichender Speicherplatz. Aufnahme angehalten."},{"$i":"reply","$v":"Antworten"},{"$i":"reply-message-1","$v":"Ich kann jetzt leider nicht telefonieren."},{"$i":"reply-message-2","$v":"Ich bin unterwegs."},{"$i":"reply-message-3","$v":"Kann ich später zurückrufen?"},{"$i":"reply-message-4","$v":"Benutzerdefiniert..."},{"$i":"reply-to-name","$v":[{"t":"idOrVar","v":"name"}," geantwortet"]},{"$i":"mt-call-on-hold","$v":"Anruf wird gehalten."},{"$i":"mt-call_retrieved","$v":"Anruf wurde wieder aufgenommen."},{"$i":"mt-multi_party_call","$v":"Sie wurden einer Telefonkonferenz hinzugefügt."},{"$i":"hangup-a11y-button","$v":""},{"$i":"pickup-a11y-button","$v":""},{"$i":"mute","$v":""},{"$i":"toggleKeypad","$v":""},{"$i":"newCall","$v":""},{"$i":"speakerOption","$v":""},{"$i":"bluetoothOption","$v":""},{"$i":"onHoldOption","$v":""},{"$i":"merge","$v":""},{"$i":"ignore","$v":""},{"$i":"dialerAddContact","$v":""},{"$i":"makeCall","$v":""},{"$i":"call-forwarding-async","$v":["Nicht synchron: ",{"t":"idOrVar","v":"async"}]},{"$i":"call-forwarding-data","$v":["Daten: ",{"t":"idOrVar","v":"data"}]},{"$i":"call-forwarding-error","$v":"Beim Abrufen des Rufumleitungsstatus ist ein Fehler aufgetreten."},{"$i":"call-forwarding-fax","$v":["FAX: ",{"t":"idOrVar","v":"fax"}]},{"$i":"call-forwarding-inactive","$v":"Inaktiv"},{"$i":"call-forwarding-packet","$v":["Paket: ",{"t":"idOrVar","v":"packet"}]},{"$i":"call-forwarding-pad","$v":["PAD: ",{"t":"idOrVar","v":"pad"}]},{"$i":"call-forwarding-sms","$v":["SMS: ",{"t":"idOrVar","v":"sms"}]},{"$i":"call-forwarding-status","$v":"Rufumleitungsstatus"},{"$i":"call-forwarding-sync","$v":["Synchron: ",{"t":"idOrVar","v":"sync"}]},{"$i":"call-forwarding-voice","$v":["Stimme: ",{"t":"idOrVar","v":"voice"}]},{"$i":"scCallBarring","$v":"Anrufsperre"},{"$i":"scCallForwarding","$v":"Rufumleitung"},{"$i":"scClip","$v":"Anrufer-ID bei eingehendem Anruf"},{"$i":"scClir","$v":"Anrufer-ID bei abgehendem Anruf"},{"$i":"scPwd","$v":"Passwort ändern"},{"$i":"scCallWaiting","$v":"Anklopfen"},{"$i":"scPin","$v":"PIN geändert"},{"$i":"scPin2","$v":"PIN2 geändert"},{"$i":"scPuk","$v":"PIN entsperren"},{"$i":"scPuk2","$v":"PIN2 entsperren"},{"$i":"scImei","$v":"IMEI"},{"$i":"scMeid","$v":"MEID"},{"$i":"scUssd","$v":"USSD"},{"$i":"serviceClassVoice","$v":"Sprache"},{"$i":"serviceClassData","$v":"Daten"},{"$i":"serviceClassFax","$v":"FAX"},{"$i":"serviceClassSms","$v":"SMS"},{"$i":"serviceClassDataSync","$v":"Sync"},{"$i":"serviceClassDataAsync","$v":"Async"},{"$i":"serviceClassPacket","$v":"Paket"},{"$i":"serviceClassPad","$v":"PAD"},{"$i":"smServiceEnabled","$v":"Dienst aktiviert"},{"$i":"smServiceDisabled","$v":"Dienst deaktiviert"},{"$i":"smServiceRegistered","$v":"Registrierung erfolgreich"},{"$i":"smServiceErased","$v":"Löschen erfolgreich"},{"$i":"smServiceInterrogated","$v":"Anforderung erfolgreich"},{"$i":"smServiceNotProvisioned","$v":"Dienst nicht bereitgestellt"},{"$i":"smClirPermanent","$v":"Sie können die Einstellung für die Anrufer-ID nicht ändern."},{"$i":"smClirDefaultOnNextCallOn","$v":"Rufnummer ist standardmäßig ausgeblendet. Nächster Anruf: wird ausgeblendet"},{"$i":"smClirDefaultOnNextCallOff","$v":"Rufnummer ist standardmäßig ausgeblendet. Nächster Anruf: wird übertragen"},{"$i":"smClirDefaultOffNextCallOn","$v":"Rufnummer wird standardmäßig angezeigt. Nächster Anruf: ausgeblendet"},{"$i":"smClirDefaultOffNextCallOff","$v":"Rufnummer wird standardmäßig angezeigt. Nächster Anruf: wird übertragen"},{"$i":"smServiceEnabledFor","$v":"Dienst aktiviert für:"},{"$i":"smPinChanged","$v":"PIN erfolgreich geändert"},{"$i":"smPinUnblocked","$v":"PIN erfolgreich entsperrt"},{"$i":"smPin2Changed","$v":"PIN2 erfolgreich geändert"},{"$i":"smPin2Unblocked","$v":"PIN2 erfolgreich entsperrt"},{"$i":"ServiceIsEnabled","$v":"Dienst aktiviert"},{"$i":"ServiceIsDisabled","$v":"Dienst deaktiviert"},{"$i":"ServiceIsEnabledFor","$v":"Dienst aktiviert für:"},{"$i":"emMmiError","$v":"Verbindungsproblem oder ungültiger MMI-Code"},{"$i":"emMmiErrorPasswordIncorrect","$v":"Falsches Passwort"},{"$i":"emMmiErrorNotSupported","$v":"Ungültiger oder nicht unterstützter MMI-Code"},{"$i":"emMmiErrorInvalidAction","$v":"Ungültige Aktion"},{"$i":"emMmiErrorInvalidScCode","$v":"Ungültiger Servicecode"},{"$i":"emMmiErrorBadPuk","$v":"Die eingegebene Super-Pin ist nicht korrekt"},{"$i":"emMmiErrorBadPin","$v":"Die eingegebene alte PIN ist nicht korrekt."},{"$i":"emMmiErrorNeedPuk2","$v":"Geben Sie zum Entsperren der SIM-Karte die Super-Pin2 ein."},{"$i":"emMmiErrorMismatchPin","$v":"Die eingegebenen PINs stimmen nicht überein."},{"$i":"emMmiErrorInvalidPin","$v":"Geben Sie eine PIN mit 4 bis 8 Ziffern ein."},{"$i":"emMmiErrorNeedsPuk","$v":"Ihre SIM-Karte ist durch Super-Pin gesperrt."},{"$i":"emMmiErrorEnablePin","$v":"Fehlgeschlagen. SIM-/RUIM-SPERRE aktivieren"},{"$i":"emMmiErrorMmiFdn","$v":"Der Vorgang ist nur für Ihre zugelassenen Rufnummern möglich."},{"$i":"emMmiErrorStkCcUssdDial","$v":"USSD-Anforderung wird in DIAL-Anforderung geändert"},{"$i":"emMmiErrorStkCcUssdSs","$v":"USSD-Anforderung wird in SS-Anforderung geändert"},{"$i":"emMmiErrorStkCcUssdUssd","$v":"USSD-Anforderung wird in neue USSD-Anforderung geändert"},{"$i":"emMmiErrorStkCcSsDial","$v":"SS-Anforderung wird in DIAL-Anforderung geändert"},{"$i":"emMmiErrorStkCcSsUssd","$v":"SS-Anforderung wird in USSD-Anforderung geändert"},{"$i":"emMmiErrorStkCcSsSs","$v":"SS-Anforderung wird in neue SS-Anforderung geändert"},{"$i":"emMmiErrorPinPukAttempts","$v":{"few":[{"t":"idOrVar","v":"n"}," Wiederholungen verbleibend"],"many":[{"t":"idOrVar","v":"n"}," Wiederholungen verbleibend"],"one":["Nur ",{"t":"idOrVar","v":"n"}," Wiederholung verbleibend"],"other":[{"t":"idOrVar","v":"n"}," Wiederholungen verbleibend"],"two":[{"t":"idOrVar","v":"n"}," Wiederholungen verbleibend"]},"$x":[{"t":"idOrVar","v":"plural"},"n"]},{"$i":"emMmiErrorSimBlocked","$v":"Maximale Anzahl an Wiederholungen überschritten. SIM blockiert."},{"$i":"RadioNotAvailable","$v":"Radio nicht verfügbar"},{"$i":"GenericFailure","$v":"Allgemeiner Fehler"},{"$i":"PasswordIncorrect","$v":"Passwort nicht korrekt"},{"$i":"SimPin2","$v":"SIM-PIN2"},{"$i":"SimPuk2","$v":"SIM Super-Pin2"},{"$i":"RequestNotSupported","$v":"Anforderung nicht unterstützt"},{"$i":"OpNotAllowedDuringVoiceCall","$v":"Vorgang bei Sprachanruf nicht zulässig"},{"$i":"SmsSendFailRetry","$v":"Fehler beim Senden von SMS. Erneut versuchen?"},{"$i":"SimAbsent","$v":"SIM nicht vorhanden"},{"$i":"SubscriptionNotAvailable","$v":"Abonnement nicht verfügbar"},{"$i":"ModeNotSupported","$v":"Modus nicht unterstützt"},{"$i":"FdnCheckFailure","$v":"Fehler bei Prüfung der Rufnummernbeschränkung"},{"$i":"IllegalSimOrMe","$v":"Ungültige SIM oder ME"},{"$i":"DialModifiedToUssd","$v":"Dial modified to USSD"},{"$i":"DialModifiedToSs","$v":"Dial modified to SS"},{"$i":"DialModifiedToDial","$v":"Dial modified to dial"},{"$i":"UssdModifiedToDial","$v":"USSD geändert in Wählen"},{"$i":"UssdModifiedToSs","$v":"USSD geändert in SS"},{"$i":"UssdModifiedToUssd","$v":"USSD geändert in USSD"},{"$i":"SsModifiedToDial","$v":"SS geändert in Wählen"},{"$i":"SsModifiedToUssd","$v":"SS geändert in USSD"},{"$i":"SsModifiedToSs","$v":"SS geändert in SS"},{"$i":"SubscriptionNotSupported","$v":"Abonnement nicht unterstützt"},{"$i":"InvalidParameter","$v":"Ungültiger Parameter"},{"$i":"RejectedByRemote","$v":"Per Fernzugriff abgelehnt"},{"$i":"error","$v":"Fehler"}]