[{"$i":"weekday-0-long","$v":"Κυριακή"},{"$i":"weekday-1-long","$v":"Δευτέρα"},{"$i":"weekday-2-long","$v":"Τρίτη"},{"$i":"weekday-3-long","$v":"Τετάρτη"},{"$i":"weekday-4-long","$v":"Πέμπτη"},{"$i":"weekday-5-long","$v":"Παρασκευή"},{"$i":"weekday-6-long","$v":"Σάββατο"},{"$i":"weekday-0-short","$v":"Κυρ"},{"$i":"weekday-1-short","$v":"Δευ"},{"$i":"weekday-2-short","$v":"Τρ"},{"$i":"weekday-3-short","$v":"Τετ"},{"$i":"weekday-4-short","$v":"Πέμ"},{"$i":"weekday-5-short","$v":"Παρ"},{"$i":"weekday-6-short","$v":"Σάβ"},{"$i":"month-0-long","$v":"Ιανουάριος"},{"$i":"month-1-long","$v":"Φεβρουάριος"},{"$i":"month-2-long","$v":"Μάρτιος"},{"$i":"month-3-long","$v":"Απρίλιος"},{"$i":"month-4-long","$v":"Μάιος"},{"$i":"month-5-long","$v":"Ιούνιος"},{"$i":"month-6-long","$v":"Ιούλιος"},{"$i":"month-7-long","$v":"Αύγουστος"},{"$i":"month-8-long","$v":"Σεπτέμβριος"},{"$i":"month-9-long","$v":"Οκτώβριος"},{"$i":"month-10-long","$v":"Νοέμβριος"},{"$i":"month-11-long","$v":"Δεκέμβριος"},{"$i":"month-0-genitive","$v":"Ιανουάριος"},{"$i":"month-1-genitive","$v":"Φεβρουάριος"},{"$i":"month-2-genitive","$v":"Μάρτιος"},{"$i":"month-3-genitive","$v":"Απρίλιος"},{"$i":"month-4-genitive","$v":"Μάι"},{"$i":"month-5-genitive","$v":"Ιούνιος"},{"$i":"month-6-genitive","$v":"Ιούλιος"},{"$i":"month-7-genitive","$v":"Αύγουστος"},{"$i":"month-8-genitive","$v":"Σεπτέμβριος"},{"$i":"month-9-genitive","$v":"Οκτώβριος"},{"$i":"month-10-genitive","$v":"Νοέμβριος"},{"$i":"month-11-genitive","$v":"Δεκέμβριος"},{"$i":"month-0-short","$v":"Ιαν"},{"$i":"month-1-short","$v":"Φεβ"},{"$i":"month-2-short","$v":"Μάρ"},{"$i":"month-3-short","$v":"Απρ"},{"$i":"month-4-short","$v":"Μάι"},{"$i":"month-5-short","$v":"Ιούν"},{"$i":"month-6-short","$v":"Ιούλ"},{"$i":"month-7-short","$v":"Αύγ"},{"$i":"month-8-short","$v":"Σεπ"},{"$i":"month-9-short","$v":"Οκτ"},{"$i":"month-10-short","$v":"Νοέ"},{"$i":"month-11-short","$v":"Δεκ"},{"$i":"minutes-ago-long","$v":{"few":[{"t":"idOrVar","v":"value"}," λεπτά πριν"],"many":[{"t":"idOrVar","v":"value"}," λεπτά πριν"],"one":"ένα λεπτό πριν","other":[{"t":"idOrVar","v":"value"}," λεπτά πριν"],"two":[{"t":"idOrVar","v":"value"}," λεπτά πριν"],"zero":"μόλις τώρα"},"$x":[{"t":"idOrVar","v":"plural"},"value"]},{"$i":"hours-ago-long","$v":{"few":[{"t":"idOrVar","v":"value"}," ώρες πριν"],"many":[{"t":"idOrVar","v":"value"}," ώρες πριν"],"one":"πριν από μία ώρα","other":[{"t":"idOrVar","v":"value"}," ώρες πριν"],"two":[{"t":"idOrVar","v":"value"}," ώρες πριν"],"zero":"μόλις τώρα"},"$x":[{"t":"idOrVar","v":"plural"},"value"]},{"$i":"days-ago-long","$v":{"few":[{"t":"idOrVar","v":"value"}," ημέρες πριν"],"many":[{"t":"idOrVar","v":"value"}," ημέρες πριν"],"one":"χθες","other":[{"t":"idOrVar","v":"value"}," ημέρες πριν"],"two":[{"t":"idOrVar","v":"value"}," ημέρες πριν"],"zero":"σήμερα"},"$x":[{"t":"idOrVar","v":"plural"},"value"]},{"$i":"weeks-ago-long","$v":{"few":[{"t":"idOrVar","v":"value"}," εβδομάδες πριν"],"many":[{"t":"idOrVar","v":"value"}," εβδομάδες πριν"],"one":"προηγούμενη εβδομάδα","other":[{"t":"idOrVar","v":"value"}," εβδομάδες πριν"],"two":[{"t":"idOrVar","v":"value"}," εβδομάδες πριν"],"zero":"αυτήν την εβδομάδα"},"$x":[{"t":"idOrVar","v":"plural"},"value"]},{"$i":"months-ago-long","$v":{"few":[{"t":"idOrVar","v":"value"}," μήνες πριν"],"many":[{"t":"idOrVar","v":"value"}," μήνες πριν"],"one":"τελευταίος μήνας","other":[{"t":"idOrVar","v":"value"}," μήνες πριν"],"two":[{"t":"idOrVar","v":"value"}," μήνες πριν"],"zero":"αυτόν τον μήνα"},"$x":[{"t":"idOrVar","v":"plural"},"value"]},{"$i":"years-ago-long","$v":{"few":[{"t":"idOrVar","v":"value"}," έτη πριν"],"many":[{"t":"idOrVar","v":"value"}," έτη πριν"],"one":"προηγούμενο έτος","other":[{"t":"idOrVar","v":"value"}," έτη πριν"],"two":[{"t":"idOrVar","v":"value"}," έτη πριν"],"zero":"αυτό το έτος"},"$x":[{"t":"idOrVar","v":"plural"},"value"]},{"$i":"minutes-until-long","$v":{"few":["σε ",{"t":"idOrVar","v":"value"}," λεπτά"],"many":["σε ",{"t":"idOrVar","v":"value"}," λεπτά"],"one":"σε ένα λεπτό","other":["σε ",{"t":"idOrVar","v":"value"}," λεπτά"],"two":["σε ",{"t":"idOrVar","v":"value"}," λεπτά"],"zero":"τώρα"},"$x":[{"t":"idOrVar","v":"plural"},"value"]},{"$i":"hours-until-long","$v":{"few":["σε ",{"t":"idOrVar","v":"value"}," ώρες"],"many":["σε ",{"t":"idOrVar","v":"value"}," ώρες"],"one":"σε μια ώρα","other":["σε ",{"t":"idOrVar","v":"value"}," ώρες"],"two":["σε ",{"t":"idOrVar","v":"value"}," ώρες"],"zero":"τώρα"},"$x":[{"t":"idOrVar","v":"plural"},"value"]},{"$i":"days-until-long","$v":{"few":["σε ",{"t":"idOrVar","v":"value"}," ημέρες"],"many":["σε ",{"t":"idOrVar","v":"value"}," ημέρες"],"one":"αύριο","other":["σε ",{"t":"idOrVar","v":"value"}," ημέρες"],"two":["σε ",{"t":"idOrVar","v":"value"}," ημέρες"],"zero":"σήμερα"},"$x":[{"t":"idOrVar","v":"plural"},"value"]},{"$i":"weeks-until-long","$v":{"few":["σε ",{"t":"idOrVar","v":"value"}," εβδομάδες"],"many":["σε ",{"t":"idOrVar","v":"value"}," εβδομάδες"],"one":"επόμενη εβδομάδα","other":["σε ",{"t":"idOrVar","v":"value"}," εβδομάδες"],"two":["σε ",{"t":"idOrVar","v":"value"}," εβδομάδες"],"zero":"αυτήν την εβδομάδα"},"$x":[{"t":"idOrVar","v":"plural"},"value"]},{"$i":"months-until-long","$v":{"few":["σε ",{"t":"idOrVar","v":"value"}," μήνες"],"many":["σε ",{"t":"idOrVar","v":"value"}," μήνες"],"one":"επόμενος μήνας","other":["σε ",{"t":"idOrVar","v":"value"}," μήνες"],"two":["σε ",{"t":"idOrVar","v":"value"}," μήνες"],"zero":"αυτόν τον μήνα"},"$x":[{"t":"idOrVar","v":"plural"},"value"]},{"$i":"years-until-long","$v":{"few":["σε ",{"t":"idOrVar","v":"value"}," έτη"],"many":["σε ",{"t":"idOrVar","v":"value"}," έτη"],"one":"επόμενο έτος","other":["σε ",{"t":"idOrVar","v":"value"}," έτη"],"two":["σε ",{"t":"idOrVar","v":"value"}," έτη"],"zero":"αυτό το έτος"},"$x":[{"t":"idOrVar","v":"plural"},"value"]},{"$i":"minutes-ago-short","$v":{"other":[{"t":"idOrVar","v":"value"}," μήνα πριν"],"zero":"μόλις τώρα"},"$x":[{"t":"idOrVar","v":"plural"},"value"]},{"$i":"hours-ago-short","$v":{"other":[{"t":"idOrVar","v":"value"}," ώρες πριν"],"zero":"μόλις τώρα"},"$x":[{"t":"idOrVar","v":"plural"},"value"]},{"$i":"days-ago-short","$v":{"other":[{"t":"idOrVar","v":"value"}," ημ. πριν"],"zero":"σήμερα"},"$x":[{"t":"idOrVar","v":"plural"},"value"]},{"$i":"minutes-until-short","$v":{"other":["σε ",{"t":"idOrVar","v":"value"}," λεπτ."],"zero":"τώρα"},"$x":[{"t":"idOrVar","v":"plural"},"value"]},{"$i":"hours-until-short","$v":{"other":["σε ",{"t":"idOrVar","v":"value"}," ώρ."],"zero":"τώρα"},"$x":[{"t":"idOrVar","v":"plural"},"value"]},{"$i":"days-until-short","$v":{"other":["σε ",{"t":"idOrVar","v":"value"}," ημ."],"zero":"σήμερα"},"$x":[{"t":"idOrVar","v":"plural"},"value"]},{"$i":"incorrectDate","$v":"(εσφαλμένη ημερομηνία)"},{"$i":"dateTimeFormat_%c","$v":"%a %b %e %Y %I:%M:%S %p"},{"$i":"dateTimeFormat_%x","$v":"%m/%d/%Y"},{"$i":"dateTimeFormat_%X","$v":"%I:%M:%S %p"},{"$i":"shortTimeFormat","$v":"%I:%M %p"},{"$i":"shortTimeFormat12","$v":"%I:%M %p"},{"$i":"shortTimeFormat24","$v":"%H:%M"},{"$i":"shortDateTimeFormat","$v":"%x %I:%M %p"},{"$i":"weekStartsOnMonday","$v":"0.0"},{"$i":"firstDayOfTheWeek","$v":"1.0"},{"$i":"time_am","$v":"ΠΜ"},{"$i":"time_pm","$v":"ΜΜ"},{"$i":"label","$v":"Ετικέτα"},{"$i":"mobile","$v":"Κινητό"},{"$i":"home","$v":"Σπίτι"},{"$i":"work","$v":"Εργασία"},{"$i":"personal","$v":"Προσωπικό"},{"$i":"faxHome","$v":"Φαξ οικίας"},{"$i":"faxOffice","$v":"Φαξ γραφείου"},{"$i":"faxOther","$v":"Άλλο φαξ"},{"$i":"another","$v":"Άλλο"},{"$i":"other","$v":"Άλλο"},{"$i":"customTag","$v":"Προσαρμοσμένη ετικέτα","placeholder":"Προσαρμοσμένη ετικέτα"},{"$i":"current","$v":"Τρέχον"},{"$i":"itemWithLabel","$v":[{"t":"idOrVar","v":"label"},", ",{"t":"idOrVar","v":"item"}]},{"$i":"airplaneMode","$v":"Λειτουργία πτήσης"},{"$i":"searching","$v":"Αναζήτηση…"},{"$i":"noNetwork","$v":"Κανένα δίκτυο"},{"$i":"roaming","$v":[{"t":"idOrVar","v":"operator"}," (Roaming)"]},{"$i":"operator-info","$v":[{"t":"idOrVar","v":"carrier"}," ",{"t":"idOrVar","v":"region"}]},{"$i":"emergencyCallsOnly","$v":"Μόνον επείγουσες κλήσεις"},{"$i":"emergencyCallsOnly-unknownSIMState","$v":"(άγνωστη κατάσταση SIM)"},{"$i":"emergencyCallsOnly-noSIM","$v":"(δεν υπάρχει SIM)"},{"$i":"emergencyCallsOnly-pinRequired","$v":"(Απαιτείται το PIN της SIM)"},{"$i":"emergencyCallsOnly-pukRequired","$v":"(Απαιτείται το PUK της SIM)"},{"$i":"emergencyCallsOnly-networkLocked","$v":"(δίκτυο κλειδωμένο)"},{"$i":"emergencyCallsOnly-serviceProviderLocked","$v":"(υπηρεσία παροχής κλειδωμένη)"},{"$i":"emergencyCallsOnly-corporateLocked","$v":"(εταιρικό κλείδωμα)"},{"$i":"emergencyCallsOnly-network1Locked","$v":"(δίκτυο1 κλειδωμένο)"},{"$i":"emergencyCallsOnly-network2Locked","$v":"(δίκτυο2 κλειδωμένο)"},{"$i":"emergencyCallsOnly-hrpdNetworkLocked","$v":"(δίκτυο hrpd κλειδωμένο)"},{"$i":"emergencyCallsOnly-ruimCorporateLocked","$v":"(εταιρική κάρτα ruim κλειδωμένη)"},{"$i":"emergencyCallsOnly-ruimServiceProviderLocked","$v":"(υπηρεσία παροχής ruim κλειδωμένη)"},{"$i":"lockscreen-sim-id","$v":["SIM ",{"t":"idOrVar","v":"n"}]},{"$i":"charging-no-time","$v":["Επίπεδο φόρτισης: ",{"t":"idOrVar","v":"level"},"%"]},{"$i":"charging-minutes","$v":{"few":["Επίπεδο φόρτισης: ",{"t":"idOrVar","v":"level"},"% (",{"t":"idOrVar","v":"minutes"}," λεπτά μέχρι την πλήρη φόρτιση)"],"many":["Επίπεδο φόρτισης: ",{"t":"idOrVar","v":"level"},"% (",{"t":"idOrVar","v":"minutes"}," λεπτά μέχρι την πλήρη φόρτιση)"],"one":["Επίπεδο φόρτισης: ",{"t":"idOrVar","v":"level"},"% (",{"t":"idOrVar","v":"minutes"}," λεπτό μέχρι την πλήρη φόρτιση)"],"other":["Επίπεδο φόρτισης: ",{"t":"idOrVar","v":"level"},"% (",{"t":"idOrVar","v":"minutes"}," λεπτά μέχρι την πλήρη φόρτιση)"],"two":["Επίπεδο φόρτισης: ",{"t":"idOrVar","v":"level"},"% (",{"t":"idOrVar","v":"minutes"}," λεπτά μέχρι την πλήρη φόρτιση)"],"zero":["Επίπεδο φόρτισης: ",{"t":"idOrVar","v":"level"},"% (",{"t":"idOrVar","v":"minutes"}," λεπτά μέχρι την πλήρη φόρτιση)"]},"$x":[{"t":"idOrVar","v":"plural"},"minutes"]},{"$i":"charging-hours","$v":{"few":["Επίπεδο φόρτισης: ",{"t":"idOrVar","v":"level"},"% (",{"t":"idOrVar","v":"hours"}," ώρες ",{"t":"idOrVar","v":"minutes"}," λεπτά μέχρι την πλήρη φόρτιση)"],"many":["Επίπεδο φόρτισης: ",{"t":"idOrVar","v":"level"},"% (",{"t":"idOrVar","v":"hours"}," ώρες ",{"t":"idOrVar","v":"minutes"}," λεπτά μέχρι την πλήρη φόρτιση)"],"one":["Επίπεδο φόρτισης: ",{"t":"idOrVar","v":"level"},"% (",{"t":"idOrVar","v":"hours"}," ώρα ",{"t":"idOrVar","v":"minutes"}," λεπτό μέχρι την πλήρη φόρτιση)"],"other":["Επίπεδο φόρτισης: ",{"t":"idOrVar","v":"level"},"% (",{"t":"idOrVar","v":"hours"}," ώρες ",{"t":"idOrVar","v":"minutes"}," λεπτά μέχρι την πλήρη φόρτιση)"],"two":["Επίπεδο φόρτισης: ",{"t":"idOrVar","v":"level"},"% (",{"t":"idOrVar","v":"hours"}," ώρες ",{"t":"idOrVar","v":"minutes"}," λεπτά μέχρι την πλήρη φόρτιση)"],"zero":["Επίπεδο φόρτισης: ",{"t":"idOrVar","v":"level"},"% (",{"t":"idOrVar","v":"hours"}," ώρες ",{"t":"idOrVar","v":"minutes"}," λεπτά μέχρι την πλήρη φόρτιση)"]},"$x":[{"t":"idOrVar","v":"plural"},"minutes"]},{"$i":"phoneNumberInput","ariaLabel":"Αριθμός τηλεφώνου"},{"$i":"keypadDelete","ariaLabel":"Διαγραφή"},{"$i":"voiceMailKey","ariaLabel":"Αυτόματος τηλεφωνητής"},{"$i":"asterisk","ariaLabel":"Αστερίσκος"},{"$i":"hashSign","ariaLabel":"Υπογραφή hash"},{"$i":"cancel","$v":"Ακύρωση"},{"$i":"loadingSimContacts","$v":"Φόρτωση επαφών κάρτας SIM…"},{"$i":"noContactsWereFound","$v":"Δεν βρέθηκαν επαφές"},{"$i":"noContactsFoundDialogOk","$v":"OK"},{"$i":"emergencyNumber","$v":"Αριθμός επείγουσας κλήσης"},{"$i":"callAirplaneModeMessage","$v":"Για πραγματοποίηση κλήσεων, πρέπει να απενεργοποιήσετε τη λειτουργία πτήσης στις ρυθμίσεις."},{"$i":"callAirplaneModeBtnOk","$v":"OK"},{"$i":"callAirplaneModeTitle","$v":"Λειτουργία πτήσης ενεργοποιημένη"},{"$i":"numberIsBusyTitle","$v":"Αρ. κατειλημμένος"},{"$i":"numberIsBusyMessage","$v":"Ο αριθμός είναι κατειλημμένος. Δοκιμάστε ξανά αργότερα."},{"$i":"fdnIsActiveTitle","$v":"Λειτουργία FDN ενεργή"},{"$i":"fdnIsActiveMessage","$v":["Η λειτουργία FDN (Αριθμοί επιτρεπτών κλήσεων) είναι ενεργοποιημένη και ο παρακάτω αριθμός δεν υπάρχει στον κατάλογο FDN: ",{"t":"idOrVar","v":"number"}]},{"$i":"emergencyDialogBodyBadNumber","$v":"Για να πραγματοποιήσετε κλήσεις, το τηλέφωνο πρέπει να είναι συνδεδεμένο σε δίκτυο."},{"$i":"emergencyDialogBodyDeviceNotAccepted","$v":"Οι επείγουσες κλήσεις δεν επιτρέπονται από το δίκτυο."},{"$i":"emergencyDialogBtnOk","$v":"OK"},{"$i":"emergencyDialogTitle","$v":"Χωρίς σύνδεση δικτύου"},{"$i":"invalidNumberToDialTitle","$v":"Μη έγκυρος αριθμός τηλεφώνου"},{"$i":"invalidNumberToDialMessage","$v":"Ο αριθμός τηλεφώνου που καλείτε δεν είναι έγκυρος."},{"$i":"unableToCallTitle","$v":"Δεν είναι δυνατή η κλήση. "},{"$i":"unableToCallMessage","$v":"Αδυναμία πραγματοποίησης κλήσεων αυτή τη στιγμή"},{"$i":"otherConnectionInUseTitle","$v":"Χρησιμοποιείται άλλη σύνδεση"},{"$i":"otherConnectionInUseMessage","$v":"Υπάρχει ενεργή κλήση σε άλλη σύνδεση. Μπορείτε να χρησιμοποιείτε μόνο μία σύνδεση τη φορά."},{"$i":"connectingEllipsis","$v":"Σύνδεση…"},{"$i":"clear","$v":"Εκκαθάριση"},{"$i":"dialer","$v":"Εφαρμ. κλ."},{"$i":"kai-incomming-call","$v":"Εισερχόμενη κλήση"},{"$i":"kai-in-call","$v":"Σε κλήση"},{"$i":"kai-answer","$v":"Απάντηση"},{"$i":"kai-end-answer","$v":"Τερματ. και απάντηση"},{"$i":"kai-decline","$v":"Απόρριψη"},{"$i":"enter-passcode","$v":"Εισαγάγετε τον κωδικό πρόσβασης για να ξεκλειδώσετε την οθόνη."},{"$i":"passcode-error","$v":"Μη έγκυρος κωδικός. Δοκιμάστε ξανά."},{"$i":"voice-call","$v":"Κλήση ομιλίας"},{"$i":"video-call","$v":"Κλήση βίντεο"},{"$i":"message","$v":"Μηνύματα"},{"$i":"answer-rtt-call","$v":"RTT απάντησης"},{"$i":"req-rtt-call","$v":"ANS RTT"},{"$i":"rtt-call","$v":"Κλήση RTT"},{"$i":"rtt-view","$v":"Προβολή RTT"},{"$i":"change-to-rtt-call","$v":"Γίνεται σύνδεση κλήσης RTT..."},{"$i":"change-to-voice-call","$v":"Αλλαγή σε κλήση ομιλίας."},{"$i":"upgrading-rtt","$v":"Γίνεται αναβάθμιση σε κλήση RTT..."},{"$i":"rtt-call-failed","$v":"Η κλήση RTT απέτυχε."},{"$i":"voice-call-failed","$v":"Η κλήση ομιλίας απέτυχε."},{"$i":"rtt","$v":"RTT"},{"$i":"rtt-emegency-upgrade-rejected","$v":"Το RTT δεν είναι διαθέσιμο για αυτή την κλήση έκτακτης ανάγκης (911)."},{"$i":"rtt-emegency-downgrade","$v":"Το RTT δεν είναι διαθέσιμο για αυτή την κλήση έκτακτης ανάγκης (911). Η κλήση σας συνδέθηκε ως κλήση ομιλίας μόνο. Εάν αντιμετωπίζετε δυσκολίες, πραγματοποιήστε κλήση ομιλίας ή μεταγωγής στον αριθμό 911."},{"$i":"voice-only-call","$v":"Η κλήση σας συνδέθηκε μόνο ως κλήση ομιλίας."},{"$i":"ans-rtt-failed","$v":"Η πραγματοποίηση κλήσης RTT απέτυχε. Η κλήση σας συνδέθηκε μόνο ως κλήση ομιλίας."},{"$i":"back","$v":"Πίσω"},{"$i":"new-message","$v":"Νέα μηνύματα από"},{"$i":"kai-mute","$v":"Σίγαση"},{"$i":"kai-unmute","$v":"Αναίρ. σίγ."},{"$i":"kai-speaker","$v":"Ηχείο"},{"$i":"kai-speaker-off","$v":"Ηχείο απενεργ."},{"$i":"kai-microphone-mute-notification","$v":"Το μικρόφωνο είναι σε σίγαση"},{"$i":"kai-microphone-active-notification","$v":"Το μικρόφωνο είναι ενεργό"},{"$i":"kai-speaker-off-notification","$v":"Το εξωτ. ηχείο απενεργοπ."},{"$i":"kai-speaker-on-notification","$v":"Εξωτερικό ηχείο ενεργοποιημένο"},{"$i":"kai-hold-and-answer","$v":"Κλ. σε αναμ. και απάντ."},{"$i":"kai-ignore-call","$v":"Παράβλεψη εισερχόμενης κλήσης"},{"$i":"kai-add-to-call","$v":"Προσθήκη κλήσης"},{"$i":"kai-switch-to-second-line","$v":"Αλλαγή κλήσης"},{"$i":"kai-merge-calls","$v":"Συγχώνευση κλήσης"},{"$i":"ok","$v":"Εντάξει"},{"$i":"losing-wifi-msg","$v":"απώλεια wifi"},{"$i":"hd","$v":"HD"},{"$i":"manage-call","$v":"Διαχείριση κλήσης"},{"$i":"end","$v":"Τερματισμός κλήσης"},{"$i":"private","$v":"Ιδιωτικό"},{"$i":"sound","$v":"Ήχος"},{"$i":"bluetooth-device","$v":"Συσκευή Bluetooth"},{"$i":"handset-earpiece","$v":"Συσκευή τηλεφώνου"},{"$i":"speaker","$v":"Ηχείο"},{"$i":"call-ended","$v":"Η κλήση τερματίστηκε"},{"$i":"payphone","$v":"Καρτοτηλέφωνο"},{"$i":"contact","$v":"Επαφή"},{"$i":"dialer-prompt","$v":"Κλήση αριθμού η επιλογή επαφής για προσθήκη σε κλήση"},{"$i":"call","$v":"Κλήση"},{"$i":"hold","$v":"Αναμονή"},{"$i":"volume","$v":"Ένταση"},{"$i":"softkey-options","$v":"Επιλογές"},{"$i":"unhold-call","$v":"Αφαίρεση κλήσης από αναμονή"},{"$i":"hold-call","$v":"Θέση κλήσης σε αναμονή"},{"$i":"select","$v":"Επιλογή"},{"$i":"unknown","$v":"Άγνωστο"},{"$i":"switch-calls","$v":"Εναλλαγή κλήσεων"},{"$i":"voiceMail","$v":"Αυτόματος τηλεφωνητής"},{"$i":"incoming","$v":"Εισερχόμενη"},{"$i":"outgoing","$v":"Εξερχόμενες"},{"$i":"callEnded","$v":"Η κλήση τερματίστηκε"},{"$i":"callEndedDuration","$v":["Η κλήση ολοκληρώθηκε (",{"t":"idOrVar","v":"duration"},")"]},{"$i":"conferenceAddError","$v":"Αδυναμία συγχώνευσης κλήσεων"},{"$i":"conferenceRemoveError","$v":"Αδυναμία αναίρ. συγχών. κλήσεων"},{"$i":"callDurationMinutes","$v":[{"t":"idOrVar","v":"m"},":",{"t":"idOrVar","v":"s"}]},{"$i":"callDurationHours","$v":[{"t":"idOrVar","v":"h"},":",{"t":"idOrVar","v":"m"},":",{"t":"idOrVar","v":"s"}]},{"$i":"callDurationTextFormatSeconds","$v":[{"t":"idOrVar","v":"s"}," δ"]},{"$i":"callDurationTextFormatMinutes","$v":[{"t":"idOrVar","v":"m"}," λ ",{"t":"idOrVar","v":"s"}," δ"]},{"$i":"callDurationTextFormatHours","$v":[{"t":"idOrVar","v":"h"}," ω ",{"t":"idOrVar","v":"m"}," λ ",{"t":"idOrVar","v":"s"}," δ"]},{"$i":"switch-to-device-toast","$v":"Έγινε εναλλ. σε συσκ. Bluetooth"},{"$i":"switch-to-handset-toast","$v":"Έγινε εναλλαγή σε ακουστικό τηλεφώνου"},{"$i":"switch-to-speaker-toast","$v":"Έγινε εναλλαγή σε ηχείο"},{"$i":"connecting","$v":"Σύνδεση"},{"$i":"wifi-call-quality-excellent","$v":"Τέλεια"},{"$i":"wifi-call-quality-fair","$v":"Μέτρια"},{"$i":"wifi-call-quality-bad","$v":"Κακή"},{"$i":"call-left-conference-toast","$v":"Ο καλών διέκοψε την κλήση"},{"$i":"camera-off","$v":"Κάμερα απενεργοποιημένη"},{"$i":"camera-on","$v":"Κάμερα ενεργοποιημένη"},{"$i":"rear-camera","$v":"Πίσω κάμερα"},{"$i":"front-camera","$v":"Εμπρός κάμερα"},{"$i":"hide-info","$v":"Απόκρυψη πληροφοριών"},{"$i":"show-info","$v":"Εμφάνιση πληροφοριών"},{"$i":"video-call-rejected","$v":"Η κλήση βίντεο απορρίφθηκε, επιλέξτε φωνητική κλήση."},{"$i":"video-call-not-support","$v":"Η κλήση βίντεο δεν υποστηρίζεται."},{"$i":"video-call-rejected-timeout","$v":"Video call rejected or timeout."},{"$i":"video-call-from","$v":["Λήψη κλήσης βίντεο από ",{"t":"idOrVar","v":"name"},"."]},{"$i":"video-call-canceled","$v":"Η κλήση βίντεο ακυρώθηκε."},{"$i":"video-call-failed","$v":"Η κλήση βίντεο απέτυχε."},{"$i":"call-downgraded","$v":"Κλήση υποβαθμισμένη."},{"$i":"wifi-calling","$v":"Κλήσεις Wi-Fi"},{"$i":"wifi-calling-1","$v":"Η κλήση ενδέχεται να τερματιστεί."},{"$i":"wifi-calling-2","$v":"Είστε σχεδόν εκτός του εύρους κάλυψης Wi-Fi."},{"$i":"wifi-calling-dropped","$v":"Η κλήση Wi-Fi τερματίστηκε."},{"$i":"accept","$v":"Αποδοχή"},{"$i":"conference-call-num","$v":[{"t":"idOrVar","v":"num"}," άτομα σε κλήση."]},{"$i":"more","$v":"Περισσότερα"},{"$i":"rec","$v":"REC"},{"$i":"start-recording-call","$v":"Έναρξη εγγραφής κλήσης."},{"$i":"stop-recording-call","$v":"Διακοπή εγγραφής κλήσης."},{"$i":"insufficient-storage","$v":"Μη επαρκής αποθηκευτικός χώρος. Η καταγραφή σταμάτησε."},{"$i":"reply","$v":"Απάντηση"},{"$i":"reply-message-1","$v":"Λυπάμαι, δεν μπορώ να μιλήσω τώρα."},{"$i":"reply-message-2","$v":"Είμαι καθ’ οδόν."},{"$i":"reply-message-3","$v":"Μπορώ να σας καλέσω αργότερα;"},{"$i":"reply-message-4","$v":"Προσαρμογή..."},{"$i":"reply-to-name","$v":["Απάντηση στο χρήστη ",{"t":"idOrVar","v":"name"}]},{"$i":"mt-call-on-hold","$v":"Η κλήση έχει τεθεί σε αναμονή."},{"$i":"mt-call_retrieved","$v":"Η κλήση ανακτήθηκε."},{"$i":"mt-multi_party_call","$v":"Προστεθήκατε σε μια κλήση συνακρόασης."},{"$i":"hangup-a11y-button","$v":""},{"$i":"pickup-a11y-button","$v":""},{"$i":"mute","$v":""},{"$i":"toggleKeypad","$v":""},{"$i":"newCall","$v":""},{"$i":"speakerOption","$v":""},{"$i":"bluetoothOption","$v":""},{"$i":"onHoldOption","$v":""},{"$i":"merge","$v":""},{"$i":"ignore","$v":""},{"$i":"dialerAddContact","$v":""},{"$i":"makeCall","$v":""},{"$i":"call-forwarding-async","$v":["Ασύγχρονο: ",{"t":"idOrVar","v":"async"}]},{"$i":"call-forwarding-data","$v":["Δεδομένα: ",{"t":"idOrVar","v":"data"}]},{"$i":"call-forwarding-error","$v":"Παρουσιάστηκε σφάλμα κατά την ανάκτηση κατάστασης προώθησης κλήσεων"},{"$i":"call-forwarding-fax","$v":["ΦΑΞ: ",{"t":"idOrVar","v":"fax"}]},{"$i":"call-forwarding-inactive","$v":"Ανενεργός"},{"$i":"call-forwarding-packet","$v":["Πακέτο: ",{"t":"idOrVar","v":"packet"}]},{"$i":"call-forwarding-pad","$v":["PAD: ",{"t":"idOrVar","v":"pad"}]},{"$i":"call-forwarding-sms","$v":["SMS: ",{"t":"idOrVar","v":"sms"}]},{"$i":"call-forwarding-status","$v":"Κατάστ. προώθ. κλήσ."},{"$i":"call-forwarding-sync","$v":["Σύγχρονη λειτουργία: ",{"t":"idOrVar","v":"sync"}]},{"$i":"call-forwarding-voice","$v":["Φωνητ.: ",{"t":"idOrVar","v":"voice"}]},{"$i":"scCallBarring","$v":"Φραγή κλήσεων"},{"$i":"scCallForwarding","$v":"Προώθηση κλήσεων"},{"$i":"scClip","$v":"Αναγνωριστικό καλούντα"},{"$i":"scClir","$v":"ID καλούντος εξερχ. κλ."},{"$i":"scPwd","$v":"Αλλαγή κωδ. πρόσβασης"},{"$i":"scCallWaiting","$v":"Κλήση σε αναμονή"},{"$i":"scPin","$v":"Αλλαγή PIN"},{"$i":"scPin2","$v":"Αλλαγή PIN2"},{"$i":"scPuk","$v":"Ξεμπλοκ. PIN"},{"$i":"scPuk2","$v":"Ξεμπλοκ. PIN2"},{"$i":"scImei","$v":"IMEI"},{"$i":"scMeid","$v":"MEID"},{"$i":"scUssd","$v":"USSD"},{"$i":"serviceClassVoice","$v":"Ομιλία"},{"$i":"serviceClassData","$v":"Δεδομένα"},{"$i":"serviceClassFax","$v":"ΦΑΞ"},{"$i":"serviceClassSms","$v":"SMS"},{"$i":"serviceClassDataSync","$v":"Συγχρονισμός"},{"$i":"serviceClassDataAsync","$v":"Ασύγχρονο"},{"$i":"serviceClassPacket","$v":"Πακέτο"},{"$i":"serviceClassPad","$v":"PAD"},{"$i":"smServiceEnabled","$v":"Η υπηρεσία ενεργοποιήθηκε"},{"$i":"smServiceDisabled","$v":"Η υπηρεσία έχει απενεργοποιηθεί"},{"$i":"smServiceRegistered","$v":"Η εγγραφή ήταν επιτυχής"},{"$i":"smServiceErased","$v":"Η διαγραφή ήταν επιτυχής"},{"$i":"smServiceInterrogated","$v":"Το αίτημα υποβλήθηκε επιτυχώς"},{"$i":"smServiceNotProvisioned","$v":"Η υπηρεσία δεν έχει προετοιμαστεί"},{"$i":"smClirPermanent","$v":"Δεν μπορείτε να αλλάξετε τη ρύθμιση αναγνώρισης καλούντα"},{"$i":"smClirDefaultOnNextCallOn","$v":"Το προεπιλ. αναγνωρ. καλούντα είναι \"περιορισμένος\". Επόμενη κλήση: Περιορισμένος"},{"$i":"smClirDefaultOnNextCallOff","$v":"Το προεπιλ. αναγνωρ. καλούντα είναι \"περιορισμένος\". Επόμενη κλήση: Μη περιορισμένος"},{"$i":"smClirDefaultOffNextCallOn","$v":"Το προεπιλ. αναγνωρ. καλούντα είναι \"μη περιορισμένος\". Επόμενη κλήση: Περιορισμένος"},{"$i":"smClirDefaultOffNextCallOff","$v":"Το προεπιλ. αναγνωριστικό καλούντα είναι \"μη περιορισμένος\". Επόμενη κλήση: Μη περιορισμένος"},{"$i":"smServiceEnabledFor","$v":"Η υπηρ. ενεργοπ. για:"},{"$i":"smPinChanged","$v":"Επιτυχής αλλαγή PIN"},{"$i":"smPinUnblocked","$v":"Το PIN ξεμπλοκαρίστηκε"},{"$i":"smPin2Changed","$v":"Επιτυχής αλλαγή PIN2"},{"$i":"smPin2Unblocked","$v":"Το PIN2 ξεμπλοκαρίστηκε"},{"$i":"ServiceIsEnabled","$v":"Η υπηρεσία είναι ενεργ."},{"$i":"ServiceIsDisabled","$v":"Η υπηρεσία είναι απενεργ."},{"$i":"ServiceIsEnabledFor","$v":"Η υπηρεσία ενεργοποιήθηκε για:"},{"$i":"emMmiError","$v":"Πρόβλημα σύνδεσης ή μη έγκυρος κωδικός MMI"},{"$i":"emMmiErrorPasswordIncorrect","$v":"Εσφαλμένος κωδικός πρόσβασης"},{"$i":"emMmiErrorNotSupported","$v":"Μη έγκυρος ή μη υποστηριζόμενος κωδικός MMI"},{"$i":"emMmiErrorInvalidAction","$v":"Μη έγκυρη ενέργεια"},{"$i":"emMmiErrorInvalidScCode","$v":"Μη έγκυρος κωδικός υπηρεσίας"},{"$i":"emMmiErrorBadPuk","$v":"Το PUK που πληκτρολογήσατε είναι εσφαλμένο"},{"$i":"emMmiErrorBadPin","$v":"Το παλιό PIN που πληκτρολογήσατε είναι εσφαλμένο."},{"$i":"emMmiErrorNeedPuk2","$v":"Πληκτ. το PUK2 για να ξεμπλοκ. την SIM"},{"$i":"emMmiErrorMismatchPin","$v":"Οι κωδικοί PIN που πληκτρολογήσατε δεν συμφωνούν"},{"$i":"emMmiErrorInvalidPin","$v":"Εισαγάγετε PIN με 4 έως 8 αριθμούς"},{"$i":"emMmiErrorNeedsPuk","$v":"Η κάρτα SIM έχει κλείδωμα PUK"},{"$i":"emMmiErrorEnablePin","$v":"Μη επιτυχής. Ενεργοποίηση ΚΛΕΙΔΩΜΑΤΟΣ SIM/RUIM"},{"$i":"emMmiErrorMmiFdn","$v":"Η λειτ. περιορίζεται μόνο σε αριθμ. επιτρεπ. κλήσ."},{"$i":"emMmiErrorStkCcUssdDial","$v":"Το αίτημα USSD άλλαξε σε αίτημα DIAL"},{"$i":"emMmiErrorStkCcUssdSs","$v":"Το αίτημα USSD άλλαξε σε αίτημα SS"},{"$i":"emMmiErrorStkCcUssdUssd","$v":"Το αίτημα USSD άλλαξε σε αίτημα νέου USSD"},{"$i":"emMmiErrorStkCcSsDial","$v":"Το αίτημα SS άλλαξε σε αίτημα DIAL"},{"$i":"emMmiErrorStkCcSsUssd","$v":"Το αίτημα SS άλλαξε σε αίτημα USSD"},{"$i":"emMmiErrorStkCcSsSs","$v":"Το αίτημα SS άλλαξε σε αίτημα νέου SS"},{"$i":"emMmiErrorPinPukAttempts","$v":{"few":["Απομένουν ",{"t":"idOrVar","v":"n"}," προσπάθειες"],"many":["Απομένουν ",{"t":"idOrVar","v":"n"}," προσπάθειες"],"one":["Μένει μόνο ",{"t":"idOrVar","v":"n"}," προσπάθεια"],"other":["Απομένουν ",{"t":"idOrVar","v":"n"}," προσπάθειες"],"two":["Απομένουν ",{"t":"idOrVar","v":"n"}," προσπάθειες"]},"$x":[{"t":"idOrVar","v":"plural"},"n"]},{"$i":"emMmiErrorSimBlocked","$v":"Έχετε υπερβεί τον μέγιστο αριθμό επαναλήψεων. Η SIM μπλοκαρίστηκε"},{"$i":"RadioNotAvailable","$v":"Radio not available"},{"$i":"GenericFailure","$v":"Γενικό σφάλμα"},{"$i":"PasswordIncorrect","$v":"Λάθος κωδ. πρόσβ."},{"$i":"SimPin2","$v":"PIN2 SIM"},{"$i":"SimPuk2","$v":"PUK2 SIM"},{"$i":"RequestNotSupported","$v":"Μη υποστηριζόμενο αίτημα"},{"$i":"OpNotAllowedDuringVoiceCall","$v":"Δεν επιτρέπ. κατά τη διάρκ. κλήσης ομιλ."},{"$i":"SmsSendFailRetry","$v":"SMS send fail retry"},{"$i":"SimAbsent","$v":"Χωρίς SIM"},{"$i":"SubscriptionNotAvailable","$v":"Η συνδρομή δεν είναι διαθέσιμη"},{"$i":"ModeNotSupported","$v":"Μη υποστηριζόμ. λειτουργία"},{"$i":"FdnCheckFailure","$v":"Σφάλμα ελέγχου FDN"},{"$i":"IllegalSimOrMe","$v":"Μη έγκυρη SIM ή ME"},{"$i":"DialModifiedToUssd","$v":"Dial modified to USSD"},{"$i":"DialModifiedToSs","$v":"Dial modified to SS"},{"$i":"DialModifiedToDial","$v":"Dial modified to dial"},{"$i":"UssdModifiedToDial","$v":"Αλλαγή USSD σε κλήση"},{"$i":"UssdModifiedToSs","$v":"Αλλαγή USSD σε SS"},{"$i":"UssdModifiedToUssd","$v":"Αλλαγή USSD σε USSD"},{"$i":"SsModifiedToDial","$v":"Αλλαγή SS σε κλήση"},{"$i":"SsModifiedToUssd","$v":"Αλλαγή SS σε USSD"},{"$i":"SsModifiedToSs","$v":"Αλλαγή SS σε SS"},{"$i":"SubscriptionNotSupported","$v":"Η συνδρ. δεν υποστηρ."},{"$i":"InvalidParameter","$v":"Μη έγκυρη παράμετρος"},{"$i":"RejectedByRemote","$v":"Απορρ. από απομακρ. σύνδεση"},{"$i":"error","$v":"Σφάλμα"}]