[{"$i":"weekday-0-long","$v":"يكشنبه"},{"$i":"weekday-1-long","$v":"دوشنبه"},{"$i":"weekday-2-long","$v":"سه شنبه"},{"$i":"weekday-3-long","$v":"چهارشنبه"},{"$i":"weekday-4-long","$v":"پنج شنبه"},{"$i":"weekday-5-long","$v":"جمعه"},{"$i":"weekday-6-long","$v":"شنبه"},{"$i":"weekday-0-short","$v":"یکشنبه"},{"$i":"weekday-1-short","$v":"دوشنبه"},{"$i":"weekday-2-short","$v":"سه شنبه"},{"$i":"weekday-3-short","$v":"چهارشنبه"},{"$i":"weekday-4-short","$v":"پنج شنبه"},{"$i":"weekday-5-short","$v":"جمعه"},{"$i":"weekday-6-short","$v":"شنبه"},{"$i":"month-0-long","$v":"ژانویه"},{"$i":"month-1-long","$v":"فوریه"},{"$i":"month-2-long","$v":"مارس"},{"$i":"month-3-long","$v":"آوریل"},{"$i":"month-4-long","$v":"مه"},{"$i":"month-5-long","$v":"ژوئن"},{"$i":"month-6-long","$v":"ژوئیه"},{"$i":"month-7-long","$v":"اوت"},{"$i":"month-8-long","$v":"سپتامبر"},{"$i":"month-9-long","$v":"اکتبر"},{"$i":"month-10-long","$v":"نوامبر"},{"$i":"month-11-long","$v":"دسامبر"},{"$i":"month-0-genitive","$v":"ژانویه"},{"$i":"month-1-genitive","$v":"فوریه"},{"$i":"month-2-genitive","$v":"مارس"},{"$i":"month-3-genitive","$v":"آوریل"},{"$i":"month-4-genitive","$v":"مه"},{"$i":"month-5-genitive","$v":"ژوئن"},{"$i":"month-6-genitive","$v":"ژوئیه"},{"$i":"month-7-genitive","$v":"اوت"},{"$i":"month-8-genitive","$v":"سپتامبر"},{"$i":"month-9-genitive","$v":"اکتبر"},{"$i":"month-10-genitive","$v":"نوامبر"},{"$i":"month-11-genitive","$v":"دسامبر"},{"$i":"month-0-short","$v":"ژانويه"},{"$i":"month-1-short","$v":"فوريه"},{"$i":"month-2-short","$v":"مارس"},{"$i":"month-3-short","$v":"آوريل"},{"$i":"month-4-short","$v":"مه"},{"$i":"month-5-short","$v":"ژوئن"},{"$i":"month-6-short","$v":"ژوئيه"},{"$i":"month-7-short","$v":"اوت"},{"$i":"month-8-short","$v":"سپتامبر"},{"$i":"month-9-short","$v":"اكتبر"},{"$i":"month-10-short","$v":"نوامبر"},{"$i":"month-11-short","$v":"دسامبر"},{"$i":"minutes-ago-long","$v":{"few":[{"t":"idOrVar","v":"value"}," دقیقه قبل"],"many":[{"t":"idOrVar","v":"value"}," دقیقه قبل"],"one":"یک دقيقه قبل","other":[{"t":"idOrVar","v":"value"}," دقیقه قبل"],"two":[{"t":"idOrVar","v":"value"}," دقیقه قبل"],"zero":"درست اکنون"},"$x":[{"t":"idOrVar","v":"plural"},"value"]},{"$i":"hours-ago-long","$v":{"few":[{"t":"idOrVar","v":"value"}," ساعت قبل"],"many":[{"t":"idOrVar","v":"value"}," ساعت قبل"],"one":"یک ساعت قبل","other":[{"t":"idOrVar","v":"value"}," ساعت قبل"],"two":[{"t":"idOrVar","v":"value"}," ساعت قبل"],"zero":"درست اکنون"},"$x":[{"t":"idOrVar","v":"plural"},"value"]},{"$i":"days-ago-long","$v":{"few":[{"t":"idOrVar","v":"value"}," روز قبل"],"many":[{"t":"idOrVar","v":"value"}," روز قبل"],"one":"دیروز","other":[{"t":"idOrVar","v":"value"}," روز قبل"],"two":[{"t":"idOrVar","v":"value"}," روز قبل"],"zero":"امروز"},"$x":[{"t":"idOrVar","v":"plural"},"value"]},{"$i":"weeks-ago-long","$v":{"few":[{"t":"idOrVar","v":"value"}," هفته قبل"],"many":[{"t":"idOrVar","v":"value"}," هفته قبل"],"one":"هفته قبل","other":[{"t":"idOrVar","v":"value"}," هفته قبل"],"two":[{"t":"idOrVar","v":"value"}," هفته قبل"],"zero":"این هفته"},"$x":[{"t":"idOrVar","v":"plural"},"value"]},{"$i":"months-ago-long","$v":{"few":[{"t":"idOrVar","v":"value"}," ماه قبل"],"many":[{"t":"idOrVar","v":"value"}," ماه قبل"],"one":"ماه قبل","other":[{"t":"idOrVar","v":"value"}," ماه قبل"],"two":[{"t":"idOrVar","v":"value"}," ماه قبل"],"zero":"این ماه"},"$x":[{"t":"idOrVar","v":"plural"},"value"]},{"$i":"years-ago-long","$v":{"few":[{"t":"idOrVar","v":"value"}," سال قبل"],"many":[{"t":"idOrVar","v":"value"}," سال قبل"],"one":"سال قبل","other":[{"t":"idOrVar","v":"value"}," سال قبل"],"two":[{"t":"idOrVar","v":"value"}," سال قبل"],"zero":"امسال"},"$x":[{"t":"idOrVar","v":"plural"},"value"]},{"$i":"minutes-until-long","$v":{"few":"در {value}} دقیقه","many":"در {value}} دقیقه","one":"در یک دقیقه","other":"در {value}} دقیقه","two":"در {value}} دقیقه","zero":"اکنون"},"$x":[{"t":"idOrVar","v":"plural"},"value"]},{"$i":"hours-until-long","$v":{"few":"در {value}} ساعت","many":"در {value}} ساعت","one":"در یک ساعت","other":"در {value}} ساعت","two":"در {value}} ساعت","zero":"اکنون"},"$x":[{"t":"idOrVar","v":"plural"},"value"]},{"$i":"days-until-long","$v":{"few":["در ",{"t":"idOrVar","v":"value"}," روز"],"many":["در ",{"t":"idOrVar","v":"value"}," روز"],"one":"فردا","other":["در ",{"t":"idOrVar","v":"value"}," روز"],"two":["در ",{"t":"idOrVar","v":"value"}," روز"],"zero":"امروز"},"$x":[{"t":"idOrVar","v":"plural"},"value"]},{"$i":"weeks-until-long","$v":{"few":["در ",{"t":"idOrVar","v":"value"}," هفته"],"many":["در ",{"t":"idOrVar","v":"value"}," هفته"],"one":"هفته بعد","other":["در ",{"t":"idOrVar","v":"value"}," هفته"],"two":["در ",{"t":"idOrVar","v":"value"}," هفته"],"zero":"این هفته"},"$x":[{"t":"idOrVar","v":"plural"},"value"]},{"$i":"months-until-long","$v":{"few":["در ",{"t":"idOrVar","v":"value"}," ماه"],"many":["در ",{"t":"idOrVar","v":"value"}," ماه"],"one":"ماه بعد","other":["در ",{"t":"idOrVar","v":"value"}," ماه"],"two":["در ",{"t":"idOrVar","v":"value"}," ماه"],"zero":"این ماه"},"$x":[{"t":"idOrVar","v":"plural"},"value"]},{"$i":"years-until-long","$v":{"few":["در ",{"t":"idOrVar","v":"value"}," سال"],"many":["در ",{"t":"idOrVar","v":"value"}," سال"],"one":"سال بعد","other":["در ",{"t":"idOrVar","v":"value"}," سال"],"two":["در ",{"t":"idOrVar","v":"value"}," سال"],"zero":"امسال"},"$x":[{"t":"idOrVar","v":"plural"},"value"]},{"$i":"minutes-ago-short","$v":{"other":[{"t":"idOrVar","v":"value"},"دقیقه قبل"],"zero":"درست اکنون"},"$x":[{"t":"idOrVar","v":"plural"},"value"]},{"$i":"hours-ago-short","$v":{"other":[{"t":"idOrVar","v":"value"}," ساعت قبل"],"zero":"درست اکنون"},"$x":[{"t":"idOrVar","v":"plural"},"value"]},{"$i":"days-ago-short","$v":{"other":[{"t":"idOrVar","v":"value"}," روز قبل"],"zero":"امروز"},"$x":[{"t":"idOrVar","v":"plural"},"value"]},{"$i":"minutes-until-short","$v":{"other":"در {value}} دقیقه","zero":"اکنون"},"$x":[{"t":"idOrVar","v":"plural"},"value"]},{"$i":"hours-until-short","$v":{"other":"در {value}} ساعت","zero":"اکنون"},"$x":[{"t":"idOrVar","v":"plural"},"value"]},{"$i":"days-until-short","$v":{"other":"در {value}} روز","zero":"امروز"},"$x":[{"t":"idOrVar","v":"plural"},"value"]},{"$i":"incorrectDate","$v":"(تاریخ نادرست)"},{"$i":"dateTimeFormat_%c","$v":"%a %b %e %Y %I:%M:%S %p"},{"$i":"dateTimeFormat_%x","$v":"%m/%d/%Y"},{"$i":"dateTimeFormat_%X","$v":"%I:%M:%S %p"},{"$i":"shortTimeFormat","$v":"%I:%M %p"},{"$i":"shortTimeFormat12","$v":"%I:%M %p"},{"$i":"shortTimeFormat24","$v":"%H:%M"},{"$i":"shortDateTimeFormat","$v":"%x %I:%M %p"},{"$i":"weekStartsOnMonday","$v":"0.0"},{"$i":"firstDayOfTheWeek","$v":"0.0"},{"$i":"time_am","$v":"ب.ظ"},{"$i":"time_pm","$v":"ق.ظ"},{"$i":"label","$v":"برچسب"},{"$i":"mobile","$v":"تلفن همراه"},{"$i":"home","$v":"صفحه اصلی"},{"$i":"work","$v":"کار"},{"$i":"personal","$v":"شخصی"},{"$i":"faxHome","$v":"فاکس خانه"},{"$i":"faxOffice","$v":"فاکس اداره"},{"$i":"faxOther","$v":"فاکس دیگر"},{"$i":"another","$v":"دیگر"},{"$i":"other","$v":"مورد دیگر"},{"$i":"customTag","$v":"برچسب سفارشی","placeholder":"برچسب سفارشی"},{"$i":"current","$v":"فعلی"},{"$i":"itemWithLabel","$v":[{"t":"idOrVar","v":"label"},"، ",{"t":"idOrVar","v":"item"}]},{"$i":"airplaneMode","$v":"حالت هواپیما"},{"$i":"searching","$v":"در حال جستجو..."},{"$i":"noNetwork","$v":"بدون شبکه"},{"$i":"roaming","$v":[{"t":"idOrVar","v":"operator"}," (رومینگ)"]},{"$i":"operator-info","$v":[{"t":"idOrVar","v":"carrier"}," ",{"t":"idOrVar","v":"region"}]},{"$i":"emergencyCallsOnly","$v":"فقط تماس های اضطراری"},{"$i":"emergencyCallsOnly-unknownSIMState","$v":"(وضعیت سیم کارت ناشناخته)"},{"$i":"emergencyCallsOnly-noSIM","$v":"(بدون سیم کارت)"},{"$i":"emergencyCallsOnly-pinRequired","$v":"(پین سیم کارت نیاز است)"},{"$i":"emergencyCallsOnly-pukRequired","$v":"(PUK سیم کارت نیاز است)"},{"$i":"emergencyCallsOnly-networkLocked","$v":"(شبكه قفل شد)"},{"$i":"emergencyCallsOnly-serviceProviderLocked","$v":"(ارائه دهنده سرویس قفل شد)"},{"$i":"emergencyCallsOnly-corporateLocked","$v":"(شرکت قفل شد)"},{"$i":"emergencyCallsOnly-network1Locked","$v":"(شبكه1 قفل شد)"},{"$i":"emergencyCallsOnly-network2Locked","$v":"(شبكه2 قفل شد)"},{"$i":"emergencyCallsOnly-hrpdNetworkLocked","$v":"(شبکه hrpd قفل شد)"},{"$i":"emergencyCallsOnly-ruimCorporateLocked","$v":"(ruim شرکت قفل شد)"},{"$i":"emergencyCallsOnly-ruimServiceProviderLocked","$v":"(ارائه دهنده سرویس ruim قفل شد)"},{"$i":"lockscreen-sim-id","$v":["سیم ",{"t":"idOrVar","v":"n"}]},{"$i":"charging-no-time","$v":[{"t":"idOrVar","v":"level"},"% شارژ شد"]},{"$i":"charging-minutes","$v":{"few":[{"t":"idOrVar","v":"level"},"% برای (",{"t":"idOrVar","v":"minutes"}," دقیقه تا شارژ کامل شارژ شد)"],"many":[{"t":"idOrVar","v":"level"},"% برای (",{"t":"idOrVar","v":"minutes"}," دقیقه تا شارژ کامل شارژ شد)"],"one":[{"t":"idOrVar","v":"level"},"% برای (",{"t":"idOrVar","v":"minutes"}," دقیقه تا شارژ کامل شارژ شد)"],"other":[{"t":"idOrVar","v":"level"},"% برای (",{"t":"idOrVar","v":"minutes"}," دقیقه تا شارژ کامل شارژ شد)"],"two":[{"t":"idOrVar","v":"level"},"% برای (",{"t":"idOrVar","v":"minutes"}," دقیقه تا شارژ کامل شارژ شد)"],"zero":[{"t":"idOrVar","v":"level"},"% برای (",{"t":"idOrVar","v":"minutes"}," دقیقه تا شارژ کامل شارژ شد)"]},"$x":[{"t":"idOrVar","v":"plural"},"minutes"]},{"$i":"charging-hours","$v":{"few":[{"t":"idOrVar","v":"level"},"% برای (",{"t":"idOrVar","v":"hours"},"ساعت ",{"t":"idOrVar","v":"minutes"}," دقیقه تا شارژ کامل شارژ شد)"],"many":[{"t":"idOrVar","v":"level"},"% برای (",{"t":"idOrVar","v":"hours"},"ساعت ",{"t":"idOrVar","v":"minutes"}," دقیقه تا شارژ کامل شارژ شد)"],"one":[{"t":"idOrVar","v":"level"},"% برای (",{"t":"idOrVar","v":"hours"},"ساعت ",{"t":"idOrVar","v":"minutes"}," دقیقه تا شارژ کامل شارژ شد)"],"other":[{"t":"idOrVar","v":"level"},"% برای (",{"t":"idOrVar","v":"hours"},"ساعت ",{"t":"idOrVar","v":"minutes"}," دقیقه تا شارژ کامل شارژ شد)"],"two":[{"t":"idOrVar","v":"level"},"% برای (",{"t":"idOrVar","v":"hours"},"ساعت ",{"t":"idOrVar","v":"minutes"}," دقیقه تا شارژ کامل شارژ شد)"],"zero":[{"t":"idOrVar","v":"level"},"% برای (",{"t":"idOrVar","v":"hours"},"ساعت ",{"t":"idOrVar","v":"minutes"}," دقیقه تا شارژ کامل شارژ شد)"]},"$x":[{"t":"idOrVar","v":"plural"},"minutes"]},{"$i":"phoneNumberInput","ariaLabel":"شماره تلفن"},{"$i":"keypadDelete","ariaLabel":"حذف"},{"$i":"voiceMailKey","ariaLabel":"پست صوتی"},{"$i":"asterisk","ariaLabel":"نشان ستاره"},{"$i":"hashSign","ariaLabel":"علامت هش"},{"$i":"cancel","$v":"لغو کردن"},{"$i":"loadingSimContacts","$v":"بارگیری مخاطبین سیم کارت..."},{"$i":"noContactsWereFound","$v":"هيچ مخاطبی یافت نشد"},{"$i":"noContactsFoundDialogOk","$v":"تأیید"},{"$i":"emergencyNumber","$v":"شماره اضطراری"},{"$i":"callAirplaneModeMessage","$v":"برای برقراری تماس، لازم است حالت هواپیما را از قسمت تنظیمات غیرفعال کنید."},{"$i":"callAirplaneModeBtnOk","$v":"تأیید"},{"$i":"callAirplaneModeTitle","$v":"حالت هواپیما فعال شد"},{"$i":"numberIsBusyTitle","$v":"شماره مشغول است"},{"$i":"numberIsBusyMessage","$v":"شماره در حال حاضر مشغول است. لطفاً بعداً دوباره امتحان کنید."},{"$i":"fdnIsActiveTitle","$v":"FDN فعال"},{"$i":"fdnIsActiveMessage","$v":["FDN (شماره های شماره گیری ثابت) فعال شد و شماره زیر در لیست FDN موجود نیست: ",{"t":"idOrVar","v":"number"}]},{"$i":"emergencyDialogBodyBadNumber","$v":"برای برقراری یک تماس، تلفن باید به یک شبکه وصل باشد."},{"$i":"emergencyDialogBodyDeviceNotAccepted","$v":"تماس های اضطراری از طرف شبکه مجاز نیستند."},{"$i":"emergencyDialogBtnOk","$v":"تأیید"},{"$i":"emergencyDialogTitle","$v":"بدون اتصال شبکه"},{"$i":"invalidNumberToDialTitle","$v":"شماره تلفن نامعتبر"},{"$i":"invalidNumberToDialMessage","$v":"شماره تلفنی که با آن تماس می گیرید معتبر نیست."},{"$i":"unableToCallTitle","$v":"نمی توانید تماسی برقرار کنید"},{"$i":"unableToCallMessage","$v":"اکنون نمی توانید تماس تلفنی برقرار کنید."},{"$i":"otherConnectionInUseTitle","$v":"اتصال دیگر در حال استفاده است"},{"$i":"otherConnectionInUseMessage","$v":"یک تماس فعال در اتصال دیگر دارید. هر بار فقط می توانید از یک اتصال استفاده کنید."},{"$i":"connectingEllipsis","$v":"در حال اتصال..."},{"$i":"clear","$v":"پاک کردن"},{"$i":"dialer","$v":"شماره گیر"},{"$i":"kai-incomming-call","$v":"تماس ورودی"},{"$i":"kai-in-call","$v":"در حال تماس"},{"$i":"kai-answer","$v":"پاسخ"},{"$i":"kai-end-answer","$v":"پایان و پاسخ"},{"$i":"kai-decline","$v":"رد کردن"},{"$i":"enter-passcode","$v":"لطفاً کد عبور را برای باز کردن قفل صفحه وارد کنید."},{"$i":"passcode-error","$v":"کد نامعتبر. لطفاً دوباره امتحان کنید."},{"$i":"voice-call","$v":"تغییر به صدا"},{"$i":"video-call","$v":"تغییر به ویدیو"},{"$i":"message","$v":"پيام"},{"$i":"answer-rtt-call","$v":"پاسخ RTT"},{"$i":"req-rtt-call","$v":"ANS RTT"},{"$i":"rtt-call","$v":"تماس RTT"},{"$i":"rtt-view","$v":"مشاهده RTT"},{"$i":"change-to-rtt-call","$v":"در حال اتصال تماس RTT..."},{"$i":"change-to-voice-call","$v":"به تماس صوتی تغییر کرد."},{"$i":"upgrading-rtt","$v":"ارتقا به تماس RTT..."},{"$i":"rtt-call-failed","$v":"تماس RTT انجام نشد."},{"$i":"voice-call-failed","$v":"تماس صوتی برقرار نشد."},{"$i":"rtt","$v":"RTT"},{"$i":"rtt-emegency-upgrade-rejected","$v":"RTT برای این تماس 911 موجود نیست."},{"$i":"rtt-emegency-downgrade","$v":"RTT برای این تماس 911 موجود نیست. تماس شما به عنوان یک تماس فقط صوتی متصل شده است. اگر مشکل دارید، لطفاً یک تماس رله یا صوتی به 911 برقرار کنید."},{"$i":"voice-only-call","$v":"تماس شما به عنوان یک تماس فقط صوتی متصل شده است."},{"$i":"ans-rtt-failed","$v":"تماس RTT برقرار نشد. تماس شما به عنوان یک تماس فقط صوتی متصل شده است."},{"$i":"back","$v":"برگشت"},{"$i":"new-message","$v":"پیام های جدید از"},{"$i":"kai-mute","$v":"بیصدا"},{"$i":"kai-unmute","$v":"صدادار"},{"$i":"kai-speaker","$v":"بلندگو"},{"$i":"kai-speaker-off","$v":"بلندگو خاموش"},{"$i":"kai-microphone-mute-notification","$v":"میکروفون بیصدا شد"},{"$i":"kai-microphone-active-notification","$v":"میکروفون فعال است"},{"$i":"kai-speaker-off-notification","$v":"بلندگوی خارجی خاموش شد"},{"$i":"kai-speaker-on-notification","$v":"بلندگوی خارجی روشن شد"},{"$i":"kai-hold-and-answer","$v":"در انتظار نگه داشتن و پاسخ"},{"$i":"kai-ignore-call","$v":"نادیده گرفتن تماس ورودی"},{"$i":"kai-add-to-call","$v":"افزودن تماس"},{"$i":"kai-switch-to-second-line","$v":"تعویض تماس"},{"$i":"kai-merge-calls","$v":"ترکيب تماس"},{"$i":"ok","$v":"تأیید"},{"$i":"losing-wifi-msg","$v":"Wi-Fi قطع شد"},{"$i":"hd","$v":"HD"},{"$i":"manage-call","$v":"مديريت همه"},{"$i":"end","$v":"پایان تماس"},{"$i":"private","$v":"خصوصی"},{"$i":"sound","$v":"صدا"},{"$i":"bluetooth-device","$v":"دستگاه Bluetooth"},{"$i":"handset-earpiece","$v":"گوشی"},{"$i":"speaker","$v":"بلندگو"},{"$i":"call-ended","$v":"تماس پایان یافت"},{"$i":"payphone","$v":"تلفن پولی"},{"$i":"contact","$v":"مخاطبین"},{"$i":"dialer-prompt","$v":"شماره را شماره گیری کرده یا مخاطب را برای افزودن به تماس انتخاب کنید"},{"$i":"call","$v":"تماس"},{"$i":"hold","$v":"منتظر گذاشتن"},{"$i":"volume","$v":"ميزان صدا"},{"$i":"softkey-options","$v":"گزینه ها"},{"$i":"unhold-call","$v":"برگشت به مکالمه"},{"$i":"hold-call","$v":"نگه داشتن تماس"},{"$i":"select","$v":"انتخاب"},{"$i":"unknown","$v":"ناشناخته"},{"$i":"switch-calls","$v":"تغییر تماس ها"},{"$i":"voiceMail","$v":"پست صوتی"},{"$i":"incoming","$v":"ورودی"},{"$i":"outgoing","$v":"خروجی"},{"$i":"callEnded","$v":"تماس پایان یافت"},{"$i":"callEndedDuration","$v":["تماس پایان یافت (",{"t":"idOrVar","v":"duration"},")"]},{"$i":"conferenceAddError","$v":"نمی توانید تماس ها را ادغام کنید"},{"$i":"conferenceRemoveError","$v":"نمی توانید تماس ها را لغو ادغام کنید"},{"$i":"callDurationMinutes","$v":[{"t":"idOrVar","v":"m"},":",{"t":"idOrVar","v":"s"}]},{"$i":"callDurationHours","$v":[{"t":"idOrVar","v":"h"},":",{"t":"idOrVar","v":"m"},":",{"t":"idOrVar","v":"s"}]},{"$i":"callDurationTextFormatSeconds","$v":[{"t":"idOrVar","v":"s"}," ثانیه"]},{"$i":"callDurationTextFormatMinutes","$v":[{"t":"idOrVar","v":"m"}," دقیقه ",{"t":"idOrVar","v":"s"}," ثانیه"]},{"$i":"callDurationTextFormatHours","$v":[{"t":"idOrVar","v":"h"}," ساعت ",{"t":"idOrVar","v":"m"}," دقیقه ",{"t":"idOrVar","v":"s"}," ثانیه"]},{"$i":"switch-to-device-toast","$v":"به دستگاه bluetooth تغییر کرد"},{"$i":"switch-to-handset-toast","$v":"به گوشی تغییر کرد"},{"$i":"switch-to-speaker-toast","$v":"به بلندگو تغییر کرد"},{"$i":"connecting","$v":"در حال اتصال"},{"$i":"wifi-call-quality-excellent","$v":"عالی"},{"$i":"wifi-call-quality-fair","$v":"خوب"},{"$i":"wifi-call-quality-bad","$v":"بد"},{"$i":"call-left-conference-toast","$v":"تماس را ترک کرده است"},{"$i":"camera-off","$v":"دوربین خاموش"},{"$i":"camera-on","$v":"دوربین روشن"},{"$i":"rear-camera","$v":"دوربین عقب"},{"$i":"front-camera","$v":"دوربین جلو"},{"$i":"hide-info","$v":"پنهان کردن اطلاعات"},{"$i":"show-info","$v":"نمایش اطلاعات"},{"$i":"video-call-rejected","$v":"تماس ویدیویی رد شد، به تماس صوتی تغییر دهید."},{"$i":"video-call-not-support","$v":"تماس ویدیویی پشتیبانی نشد."},{"$i":"video-call-rejected-timeout","$v":"تماس تصویری پذیرفته نشد یا ارتباط متوقف شد."},{"$i":"video-call-from","$v":["در حال دریافت تماس ویدیویی از ",{"t":"idOrVar","v":"name"},"."]},{"$i":"video-call-canceled","$v":"تماس ویدیویی لغو شد."},{"$i":"video-call-failed","$v":"تماس ویدیویی انجام نشد."},{"$i":"call-downgraded","$v":"تماس تنزل یافت."},{"$i":"wifi-calling","$v":"تماس Wi-Fi"},{"$i":"wifi-calling-1","$v":"ممکن است تماس شما قطع شود."},{"$i":"wifi-calling-2","$v":"شما تقریباً خارج از محدوده پوشش Wi-Fi قرار دارید."},{"$i":"wifi-calling-dropped","$v":"تماس از طریق Wi-Fi قطع شد."},{"$i":"accept","$v":"پذيرفتن"},{"$i":"conference-call-num","$v":[{"t":"idOrVar","v":"num"}," نفر در تماس هستند."]},{"$i":"more","$v":"بيشتر"},{"$i":"rec","$v":"REC"},{"$i":"start-recording-call","$v":"شروع ضبط تماس."},{"$i":"stop-recording-call","$v":"توقف ضبط تماس."},{"$i":"insufficient-storage","$v":"حافظه ناکافی. ضبط متوقف شد."},{"$i":"reply","$v":"پاسخ"},{"$i":"reply-message-1","$v":"متأسفم، اکنون نمی توانم صحبت کنم."},{"$i":"reply-message-2","$v":"من در راه هستم."},{"$i":"reply-message-3","$v":"می توانم بعداً با شما تماس بگیرم؟"},{"$i":"reply-message-4","$v":"سفارشی..."},{"$i":"reply-to-name","$v":["در پاسخ به ",{"t":"idOrVar","v":"name"}]},{"$i":"mt-call-on-hold","$v":"تماس در انتظار نگه داشته شده است."},{"$i":"mt-call_retrieved","$v":"تماس بازیابی شده است."},{"$i":"mt-multi_party_call","$v":"به یک تماس کنفرانسی اضافه شده اید."},{"$i":"hangup-a11y-button","$v":""},{"$i":"pickup-a11y-button","$v":""},{"$i":"mute","$v":""},{"$i":"toggleKeypad","$v":""},{"$i":"newCall","$v":""},{"$i":"speakerOption","$v":""},{"$i":"bluetoothOption","$v":""},{"$i":"onHoldOption","$v":""},{"$i":"merge","$v":""},{"$i":"ignore","$v":""},{"$i":"dialerAddContact","$v":""},{"$i":"makeCall","$v":""},{"$i":"call-forwarding-async","$v":["ناهمگام: ",{"t":"idOrVar","v":"async"}]},{"$i":"call-forwarding-data","$v":["داده: ",{"t":"idOrVar","v":"data"}]},{"$i":"call-forwarding-error","$v":"هنگام بازیابی وضعیت ارسال تماس خطایی روی داد"},{"$i":"call-forwarding-fax","$v":["فاکس: ",{"t":"idOrVar","v":"fax"}]},{"$i":"call-forwarding-inactive","$v":"غیرفعال"},{"$i":"call-forwarding-packet","$v":["بسته: ",{"t":"idOrVar","v":"packet"}]},{"$i":"call-forwarding-pad","$v":["PAD: ",{"t":"idOrVar","v":"‏pad"}]},{"$i":"call-forwarding-sms","$v":["SMS: ",{"t":"idOrVar","v":"‏sms"}]},{"$i":"call-forwarding-status","$v":"وضعیت ارسال تماس"},{"$i":"call-forwarding-sync","$v":["همگام: ",{"t":"idOrVar","v":"sync"}]},{"$i":"call-forwarding-voice","$v":["صدا: ",{"t":"idOrVar","v":"voice"}]},{"$i":"scCallBarring","$v":"انسداد تماس"},{"$i":"scCallForwarding","$v":"ارسال تماس"},{"$i":"scClip","$v":"شناسه تماس گیرنده ورودی"},{"$i":"scClir","$v":"شناسه تماس گیرنده خروجی"},{"$i":"scPwd","$v":"تغییر رمز عبور"},{"$i":"scCallWaiting","$v":"انتظار تماس"},{"$i":"scPin","$v":"تغییر PIN"},{"$i":"scPin2","$v":"تغيير پين 2"},{"$i":"scPuk","$v":"پين غيرمسدود"},{"$i":"scPuk2","$v":"پين 2 غيرمسدود"},{"$i":"scImei","$v":"IMEI"},{"$i":"scMeid","$v":"MEID"},{"$i":"scUssd","$v":"USSD"},{"$i":"serviceClassVoice","$v":"صدا"},{"$i":"serviceClassData","$v":"داده"},{"$i":"serviceClassFax","$v":"فاکس"},{"$i":"serviceClassSms","$v":"SMS"},{"$i":"serviceClassDataSync","$v":"همگام سازی"},{"$i":"serviceClassDataAsync","$v":"غیر همگام سازی"},{"$i":"serviceClassPacket","$v":"بسته"},{"$i":"serviceClassPad","$v":"PAD"},{"$i":"smServiceEnabled","$v":"سرویس فعال شد"},{"$i":"smServiceDisabled","$v":"سرویس غیر فعال شده است"},{"$i":"smServiceRegistered","$v":"محدودیت انجام شد"},{"$i":"smServiceErased","$v":"پاک کردن انجام شد"},{"$i":"smServiceInterrogated","$v":"پاک کردن انجام شد"},{"$i":"smServiceNotProvisioned","$v":"سرویس ارائه نشده است"},{"$i":"smClirPermanent","$v":"شما نمی توانید تنظیم شناسه تماس گیرنده را تغییر دهید"},{"$i":"smClirDefaultOnNextCallOn","$v":"پیش فرض شناسه تماس گیرنده محدود شد. تماس بعدی: محدود"},{"$i":"smClirDefaultOnNextCallOff","$v":"پیش فرض شناسه تماس گیرنده محدود شد. تماس بعدی: آزاد"},{"$i":"smClirDefaultOffNextCallOn","$v":"پیش فرض شناسه تماس گیرنده محدود نشد. تماس بعدی: محدود"},{"$i":"smClirDefaultOffNextCallOff","$v":"پیش فرض شناسه تماس گیرنده محدود نشد. تماس بعدی: آزاد"},{"$i":"smServiceEnabledFor","$v":"سرویس فعال شد برای:"},{"$i":"smPinChanged","$v":"پین تغيير يافت"},{"$i":"smPinUnblocked","$v":"پین غیرمسدود شد"},{"$i":"smPin2Changed","$v":"پین2 تغيير يافت"},{"$i":"smPin2Unblocked","$v":"پین2 غیرمسدود شد"},{"$i":"ServiceIsEnabled","$v":"سرويس فعال است"},{"$i":"ServiceIsDisabled","$v":"سرويس غيرفعال است"},{"$i":"ServiceIsEnabledFor","$v":"سرویس فعال شد برای:"},{"$i":"emMmiError","$v":"در اتصال مشکل وجود دارد یا کد MMI نامعتبر است"},{"$i":"emMmiErrorPasswordIncorrect","$v":"رمز عبور نادرست"},{"$i":"emMmiErrorNotSupported","$v":"کد MMI نامعتبر یا پشتیبانی نشده"},{"$i":"emMmiErrorInvalidAction","$v":"عملکرد نامعتبر"},{"$i":"emMmiErrorInvalidScCode","$v":"کد سرویس نامعتبر"},{"$i":"emMmiErrorBadPuk","$v":"PUK که شما وارد کردید نادرست است"},{"$i":"emMmiErrorBadPin","$v":"پین قدیمی که شما وارد کردید نادرست است."},{"$i":"emMmiErrorNeedPuk2","$v":"برای باز کردن قفل سیم کارت، PUK2 را تایپ کنید"},{"$i":"emMmiErrorMismatchPin","$v":"پین هایی که تایپ کردید با هم مطابقت ندارند"},{"$i":"emMmiErrorInvalidPin","$v":"یک پین شامل 4 تا 8 عدد تایپ کنید"},{"$i":"emMmiErrorNeedsPuk","$v":"سیم کارت با PUK قفل شده است"},{"$i":"emMmiErrorEnablePin","$v":"انجام نشد. قفل سیم کارت/RUIM را فعال کنید"},{"$i":"emMmiErrorMmiFdn","$v":"عملکرد فقط به شماره های شماره گیری ثابت محدود می شود"},{"$i":"emMmiErrorStkCcUssdDial","$v":"درخواست USSD به درخواست DIAL تغيير کرد"},{"$i":"emMmiErrorStkCcUssdSs","$v":"درخواست USSD به درخواست SS تغيير کرد"},{"$i":"emMmiErrorStkCcUssdUssd","$v":"درخواست USSD به درخواست USSD جديد تغيير کرد."},{"$i":"emMmiErrorStkCcSsDial","$v":"درخواست SS به درخواست DIAL تغيير کرد"},{"$i":"emMmiErrorStkCcSsUssd","$v":"درخواست SS به درخواست USSD تغيير کرد"},{"$i":"emMmiErrorStkCcSsSs","$v":"درخواست SS به درخواست SS جديد تغيير کرد"},{"$i":"emMmiErrorPinPukAttempts","$v":{"few":[{"t":"idOrVar","v":"n"}," امتحان مجدد باقی است"],"many":[{"t":"idOrVar","v":"n"}," امتحان مجدد باقی است"],"one":["فقط ",{"t":"idOrVar","v":"n"}," امتحان مجدد باقی است"],"other":[{"t":"idOrVar","v":"n"}," امتحان مجدد باقی است"],"two":[{"t":"idOrVar","v":"n"}," امتحان مجدد باقی است"]},"$x":[{"t":"idOrVar","v":"plural"},"n"]},{"$i":"emMmiErrorSimBlocked","$v":"از حداکثر امتحان مجدد بیشتر شده است. سیم مسدود شد."},{"$i":"RadioNotAvailable","$v":"Radio not available"},{"$i":"GenericFailure","$v":"خطاي عمومي"},{"$i":"PasswordIncorrect","$v":"رمز عبور نادرست است"},{"$i":"SimPin2","$v":"پين2 سیم کارت"},{"$i":"SimPuk2","$v":"PUK2 سیم"},{"$i":"RequestNotSupported","$v":"درخواست پشتیبانی نمی شود"},{"$i":"OpNotAllowedDuringVoiceCall","$v":"عملکرد در طول تماس صوتی مجاز نیست"},{"$i":"SmsSendFailRetry","$v":"SMS ارسال نشد دوباره امتحان کنید"},{"$i":"SimAbsent","$v":"نبود سیم"},{"$i":"SubscriptionNotAvailable","$v":"اشتراک موجود نیست"},{"$i":"ModeNotSupported","$v":"حالت پشتیبانی نمی شود"},{"$i":"FdnCheckFailure","$v":"بررسی Fdn انجام نشد"},{"$i":"IllegalSimOrMe","$v":"ME یا سیم غیرقانونی"},{"$i":"DialModifiedToUssd","$v":"Dial modified to USSD"},{"$i":"DialModifiedToSs","$v":"Dial modified to SS"},{"$i":"DialModifiedToDial","$v":"Dial modified to dial"},{"$i":"UssdModifiedToDial","$v":"USSD به شماره گیری تغییر کرد"},{"$i":"UssdModifiedToSs","$v":"USSD به SS تغییر کرد"},{"$i":"UssdModifiedToUssd","$v":"USSD به USSD تغییر کرد"},{"$i":"SsModifiedToDial","$v":"SS به شماره گیری تغییر کرد"},{"$i":"SsModifiedToUssd","$v":"SS به USSD تغییر کرد"},{"$i":"SsModifiedToSs","$v":"SS به SS تغییر کرد"},{"$i":"SubscriptionNotSupported","$v":"اشتراک پشتیبانی نمی شود"},{"$i":"InvalidParameter","$v":"پارامتر نامعتبر"},{"$i":"RejectedByRemote","$v":"از راه دور رد شد"},{"$i":"error","$v":"خطا"}]