[{"$i":"weekday-0-long","$v":"Sunnuntai"},{"$i":"weekday-1-long","$v":"Maanantai"},{"$i":"weekday-2-long","$v":"Tiistai"},{"$i":"weekday-3-long","$v":"Keskiviikko"},{"$i":"weekday-4-long","$v":"Torstai"},{"$i":"weekday-5-long","$v":"Perjantai"},{"$i":"weekday-6-long","$v":"Lauantai"},{"$i":"weekday-0-short","$v":"Su"},{"$i":"weekday-1-short","$v":"Ma"},{"$i":"weekday-2-short","$v":"Ti"},{"$i":"weekday-3-short","$v":"Ke"},{"$i":"weekday-4-short","$v":"To"},{"$i":"weekday-5-short","$v":"Pe"},{"$i":"weekday-6-short","$v":"La"},{"$i":"month-0-long","$v":"Tammikuu"},{"$i":"month-1-long","$v":"Helmikuu"},{"$i":"month-2-long","$v":"Maaliskuu"},{"$i":"month-3-long","$v":"Huhtikuu"},{"$i":"month-4-long","$v":"Toukokuu"},{"$i":"month-5-long","$v":"Kesäkuu"},{"$i":"month-6-long","$v":"Heinäkuu"},{"$i":"month-7-long","$v":"Elokuu"},{"$i":"month-8-long","$v":"Syyskuu"},{"$i":"month-9-long","$v":"Lokakuu"},{"$i":"month-10-long","$v":"Marraskuu"},{"$i":"month-11-long","$v":"Joulukuu"},{"$i":"month-0-genitive","$v":"Tammikuu"},{"$i":"month-1-genitive","$v":"Helmikuu"},{"$i":"month-2-genitive","$v":"Maaliskuu"},{"$i":"month-3-genitive","$v":"Huhtikuu"},{"$i":"month-4-genitive","$v":"Toukokuu"},{"$i":"month-5-genitive","$v":"Kesäkuu"},{"$i":"month-6-genitive","$v":"Heinäkuu"},{"$i":"month-7-genitive","$v":"Elokuu"},{"$i":"month-8-genitive","$v":"Syyskuu"},{"$i":"month-9-genitive","$v":"Lokakuu"},{"$i":"month-10-genitive","$v":"Marraskuu"},{"$i":"month-11-genitive","$v":"Joulukuu"},{"$i":"month-0-short","$v":"tam"},{"$i":"month-1-short","$v":"hel"},{"$i":"month-2-short","$v":"maa"},{"$i":"month-3-short","$v":"huh"},{"$i":"month-4-short","$v":"tou"},{"$i":"month-5-short","$v":"kes"},{"$i":"month-6-short","$v":"hei"},{"$i":"month-7-short","$v":"elo"},{"$i":"month-8-short","$v":"syy"},{"$i":"month-9-short","$v":"lok"},{"$i":"month-10-short","$v":"mar"},{"$i":"month-11-short","$v":"jou"},{"$i":"minutes-ago-long","$v":{"few":[{"t":"idOrVar","v":"value"}," minuuttia sitten"],"many":[{"t":"idOrVar","v":"value"}," minuuttia sitten"],"one":"minuutti sitten","other":[{"t":"idOrVar","v":"value"}," minuuttia sitten"],"two":[{"t":"idOrVar","v":"value"}," minuuttia sitten"],"zero":"juuri nyt"},"$x":[{"t":"idOrVar","v":"plural"},"value"]},{"$i":"hours-ago-long","$v":{"few":[{"t":"idOrVar","v":"value"}," tuntia sitten"],"many":[{"t":"idOrVar","v":"value"}," tuntia sitten"],"one":"tunti sitten","other":[{"t":"idOrVar","v":"value"}," tuntia sitten"],"two":[{"t":"idOrVar","v":"value"}," tuntia sitten"],"zero":"juuri nyt"},"$x":[{"t":"idOrVar","v":"plural"},"value"]},{"$i":"days-ago-long","$v":{"few":[{"t":"idOrVar","v":"value"}," päivää sitten"],"many":[{"t":"idOrVar","v":"value"}," päivää sitten"],"one":"eilen","other":[{"t":"idOrVar","v":"value"}," päivää sitten"],"two":[{"t":"idOrVar","v":"value"}," päivää sitten"],"zero":"tänään"},"$x":[{"t":"idOrVar","v":"plural"},"value"]},{"$i":"weeks-ago-long","$v":{"few":[{"t":"idOrVar","v":"value"}," viikkoa sitten"],"many":[{"t":"idOrVar","v":"value"}," viikkoa sitten"],"one":"viime viikolla","other":[{"t":"idOrVar","v":"value"}," viikkoa sitten"],"two":[{"t":"idOrVar","v":"value"}," viikkoa sitten"],"zero":"tällä viikolla"},"$x":[{"t":"idOrVar","v":"plural"},"value"]},{"$i":"months-ago-long","$v":{"few":[{"t":"idOrVar","v":"value"}," kuukautta sitten"],"many":[{"t":"idOrVar","v":"value"}," kuukautta sitten"],"one":"viimeinen kuukausi","other":[{"t":"idOrVar","v":"value"}," kuukautta sitten"],"two":[{"t":"idOrVar","v":"value"}," kuukautta sitten"],"zero":"tässä kuussa"},"$x":[{"t":"idOrVar","v":"plural"},"value"]},{"$i":"years-ago-long","$v":{"few":[{"t":"idOrVar","v":"value"}," vuotta sitten"],"many":[{"t":"idOrVar","v":"value"}," vuotta sitten"],"one":"viime vuonna","other":[{"t":"idOrVar","v":"value"}," vuotta sitten"],"two":[{"t":"idOrVar","v":"value"}," vuotta sitten"],"zero":"tänä vuonna"},"$x":[{"t":"idOrVar","v":"plural"},"value"]},{"$i":"minutes-until-long","$v":{"few":[{"t":"idOrVar","v":"value"}," minuutin kuluttua"],"many":[{"t":"idOrVar","v":"value"}," minuutin kuluttua"],"one":"minuutin kuluttua","other":[{"t":"idOrVar","v":"value"}," minuutin kuluttua"],"two":[{"t":"idOrVar","v":"value"}," minuutin kuluttua"],"zero":"nyt"},"$x":[{"t":"idOrVar","v":"plural"},"value"]},{"$i":"hours-until-long","$v":{"few":[{"t":"idOrVar","v":"value"}," tunnin kuluttua"],"many":[{"t":"idOrVar","v":"value"}," tunnin kuluttua"],"one":"tunnin kuluttua","other":[{"t":"idOrVar","v":"value"}," tunnin kuluttua"],"two":[{"t":"idOrVar","v":"value"}," tunnin kuluttua"],"zero":"nyt"},"$x":[{"t":"idOrVar","v":"plural"},"value"]},{"$i":"days-until-long","$v":{"few":[{"t":"idOrVar","v":"value"}," päivän kuluttua"],"many":[{"t":"idOrVar","v":"value"}," päivän kuluttua"],"one":"huomenna","other":[{"t":"idOrVar","v":"value"}," päivän kuluttua"],"two":[{"t":"idOrVar","v":"value"}," päivän kuluttua"],"zero":"tänään"},"$x":[{"t":"idOrVar","v":"plural"},"value"]},{"$i":"weeks-until-long","$v":{"few":[{"t":"idOrVar","v":"value"}," viikon kuluttua"],"many":[{"t":"idOrVar","v":"value"}," viikon kuluttua"],"one":"seuraava viikko","other":[{"t":"idOrVar","v":"value"}," viikon kuluttua"],"two":[{"t":"idOrVar","v":"value"}," viikon kuluttua"],"zero":"tällä viikolla"},"$x":[{"t":"idOrVar","v":"plural"},"value"]},{"$i":"months-until-long","$v":{"few":[{"t":"idOrVar","v":"value"}," kuukauden kuluttua"],"many":[{"t":"idOrVar","v":"value"}," kuukauden kuluttua"],"one":"seuraava kuukausi","other":[{"t":"idOrVar","v":"value"}," kuukauden kuluttua"],"two":[{"t":"idOrVar","v":"value"}," kuukauden kuluttua"],"zero":"tässä kuussa"},"$x":[{"t":"idOrVar","v":"plural"},"value"]},{"$i":"years-until-long","$v":{"few":[{"t":"idOrVar","v":"value"}," vuoden kuluttua"],"many":[{"t":"idOrVar","v":"value"}," vuoden kuluttua"],"one":"seuraava vuosi","other":[{"t":"idOrVar","v":"value"}," vuoden kuluttua"],"two":[{"t":"idOrVar","v":"value"}," vuoden kuluttua"],"zero":"tänä vuonna"},"$x":[{"t":"idOrVar","v":"plural"},"value"]},{"$i":"minutes-ago-short","$v":{"other":[{"t":"idOrVar","v":"value"}," m sitten"],"zero":"juuri nyt"},"$x":[{"t":"idOrVar","v":"plural"},"value"]},{"$i":"hours-ago-short","$v":{"other":[{"t":"idOrVar","v":"value"}," h sitten"],"zero":"juuri nyt"},"$x":[{"t":"idOrVar","v":"plural"},"value"]},{"$i":"days-ago-short","$v":{"other":[{"t":"idOrVar","v":"value"}," pvää sitten"],"zero":"tänään"},"$x":[{"t":"idOrVar","v":"plural"},"value"]},{"$i":"minutes-until-short","$v":{"other":[{"t":"idOrVar","v":"value"}," m kuluttua"],"zero":"nyt"},"$x":[{"t":"idOrVar","v":"plural"},"value"]},{"$i":"hours-until-short","$v":{"other":[{"t":"idOrVar","v":"value"}," h kuluttua"],"zero":"nyt"},"$x":[{"t":"idOrVar","v":"plural"},"value"]},{"$i":"days-until-short","$v":{"other":[{"t":"idOrVar","v":"value"}," pvän kuluttua"],"zero":"tänään"},"$x":[{"t":"idOrVar","v":"plural"},"value"]},{"$i":"incorrectDate","$v":"(virheellinen päivämäärä)"},{"$i":"dateTimeFormat_%c","$v":"%a %b %e %Y %I:%M:%S %p"},{"$i":"dateTimeFormat_%x","$v":"%m/%d/%Y"},{"$i":"dateTimeFormat_%X","$v":"%I:%M:%S %p"},{"$i":"shortTimeFormat","$v":"%I:%M %p"},{"$i":"shortTimeFormat12","$v":"%I:%M %p"},{"$i":"shortTimeFormat24","$v":"%H:%M"},{"$i":"shortDateTimeFormat","$v":"%x %I:%M %p"},{"$i":"weekStartsOnMonday","$v":"0.0"},{"$i":"firstDayOfTheWeek","$v":"1.0"},{"$i":"time_am","$v":"AM"},{"$i":"time_pm","$v":"PM"},{"$i":"label","$v":"Merkki"},{"$i":"mobile","$v":"Matkapuhelin"},{"$i":"home","$v":"Koti"},{"$i":"work","$v":"Työ"},{"$i":"personal","$v":"Henkilökohtainen"},{"$i":"faxHome","$v":"Kotifaksi"},{"$i":"faxOffice","$v":"Työfaksi"},{"$i":"faxOther","$v":"Muu faksi"},{"$i":"another","$v":"Muu"},{"$i":"other","$v":"Muu"},{"$i":"customTag","$v":"Mukautettu tagi","placeholder":"Mukautettu tagi"},{"$i":"current","$v":"Nykyinen"},{"$i":"itemWithLabel","$v":[{"t":"idOrVar","v":"label"},", ",{"t":"idOrVar","v":"item"}]},{"$i":"airplaneMode","$v":"Lentotila"},{"$i":"searching","$v":"Haetaan..."},{"$i":"noNetwork","$v":"Ei verkkoa"},{"$i":"roaming","$v":[{"t":"idOrVar","v":"operator"}," (Verkkovierailu)"]},{"$i":"operator-info","$v":[{"t":"idOrVar","v":"carrier"}," ",{"t":"idOrVar","v":"region"}]},{"$i":"emergencyCallsOnly","$v":"Vain hätäpuhelut"},{"$i":"emergencyCallsOnly-unknownSIMState","$v":"(tuntematon SIM-tila)"},{"$i":"emergencyCallsOnly-noSIM","$v":"(ei SIM-korttia)"},{"$i":"emergencyCallsOnly-pinRequired","$v":"(SIM PIN vaadittu)"},{"$i":"emergencyCallsOnly-pukRequired","$v":"(SIM PUK vaadittu)"},{"$i":"emergencyCallsOnly-networkLocked","$v":"(verkko lukittu)"},{"$i":"emergencyCallsOnly-serviceProviderLocked","$v":"(palveluntarjoajan lukitus)"},{"$i":"emergencyCallsOnly-corporateLocked","$v":"(yrityslukitus)"},{"$i":"emergencyCallsOnly-network1Locked","$v":"(verkko1 lukittu)"},{"$i":"emergencyCallsOnly-network2Locked","$v":"(verkko2 lukittu)"},{"$i":"emergencyCallsOnly-hrpdNetworkLocked","$v":"(hrpd-verkosto lukittu)"},{"$i":"emergencyCallsOnly-ruimCorporateLocked","$v":"(ruim-yrityslukitus)"},{"$i":"emergencyCallsOnly-ruimServiceProviderLocked","$v":"(ruim-palveluntarjoajan lukitus)"},{"$i":"lockscreen-sim-id","$v":["SIM ",{"t":"idOrVar","v":"n"}]},{"$i":"charging-no-time","$v":[{"t":"idOrVar","v":"level"}," % ladattu"]},{"$i":"charging-minutes","$v":{"few":[{"t":"idOrVar","v":"level"}," % ladattu (",{"t":"idOrVar","v":"minutes"}," min, kunnes ladattu täyteen)"],"many":[{"t":"idOrVar","v":"level"}," % ladattu (",{"t":"idOrVar","v":"minutes"}," min, kunnes ladattu täyteen)"],"one":[{"t":"idOrVar","v":"level"}," % ladattu (",{"t":"idOrVar","v":"minutes"}," min, kunnes ladattu täyteen)"],"other":[{"t":"idOrVar","v":"level"}," % ladattu (",{"t":"idOrVar","v":"minutes"}," min, kunnes ladattu täyteen)"],"two":[{"t":"idOrVar","v":"level"}," % ladattu (",{"t":"idOrVar","v":"minutes"}," min, kunnes ladattu täyteen)"],"zero":[{"t":"idOrVar","v":"level"}," % ladattu (",{"t":"idOrVar","v":"minutes"}," min, kunnes ladattu täyteen)"]},"$x":[{"t":"idOrVar","v":"plural"},"minutes"]},{"$i":"charging-hours","$v":{"few":[{"t":"idOrVar","v":"level"}," % ladattu (",{"t":"idOrVar","v":"hours"},"h ",{"t":"idOrVar","v":"minutes"}," min, kunnes ladattu täyteen)"],"many":[{"t":"idOrVar","v":"level"}," % ladattu (",{"t":"idOrVar","v":"hours"},"h ",{"t":"idOrVar","v":"minutes"}," min, kunnes ladattu täyteen)"],"one":[{"t":"idOrVar","v":"level"}," % ladattu (",{"t":"idOrVar","v":"hours"},"h ",{"t":"idOrVar","v":"minutes"}," min, kunnes ladattu täyteen)"],"other":[{"t":"idOrVar","v":"level"}," % ladattu (",{"t":"idOrVar","v":"hours"},"h ",{"t":"idOrVar","v":"minutes"}," min, kunnes ladattu täyteen)"],"two":[{"t":"idOrVar","v":"level"}," % ladattu (",{"t":"idOrVar","v":"hours"},"h ",{"t":"idOrVar","v":"minutes"}," min, kunnes ladattu täyteen)"],"zero":[{"t":"idOrVar","v":"level"}," % ladattu (",{"t":"idOrVar","v":"hours"},"h ",{"t":"idOrVar","v":"minutes"}," min, kunnes ladattu täyteen)"]},"$x":[{"t":"idOrVar","v":"plural"},"minutes"]},{"$i":"phoneNumberInput","ariaLabel":"Puhelinnumero"},{"$i":"keypadDelete","ariaLabel":"Poista"},{"$i":"voiceMailKey","ariaLabel":"Vastaajaviesti"},{"$i":"asterisk","ariaLabel":"Asteriski"},{"$i":"hashSign","ariaLabel":"Ruutumerkki"},{"$i":"cancel","$v":"Peruuta"},{"$i":"loadingSimContacts","$v":"Ladataan SIM-kortin yhteystietoja…"},{"$i":"noContactsWereFound","$v":"Yhteystietoja ei löytynyt"},{"$i":"noContactsFoundDialogOk","$v":"OK"},{"$i":"emergencyNumber","$v":"Hätänumero"},{"$i":"callAirplaneModeMessage","$v":"Sinun on otettava lentotila pois käytöstä asetuksissa, jotta voit soittaa puhelun."},{"$i":"callAirplaneModeBtnOk","$v":"OK"},{"$i":"callAirplaneModeTitle","$v":"Lentotila aktivoitu"},{"$i":"numberIsBusyTitle","$v":"Numero on varattu"},{"$i":"numberIsBusyMessage","$v":"Numero on tällä hetkellä varattu. Yritä uudelleen myöhemmin."},{"$i":"fdnIsActiveTitle","$v":"FDN aktiivinen"},{"$i":"fdnIsActiveMessage","$v":["FDN (sallitut numerot) on otettu käyttöön, eikä seuraava numero ole FDN-listallasi: ",{"t":"idOrVar","v":"number"}]},{"$i":"emergencyDialogBodyBadNumber","$v":"Puhelin on kytkettävä verkkoon, jotta voit soittaa puhelun."},{"$i":"emergencyDialogBodyDeviceNotAccepted","$v":"Verkko ei salli hätäpuheluja."},{"$i":"emergencyDialogBtnOk","$v":"OK"},{"$i":"emergencyDialogTitle","$v":"Ei verkkoyhteyttä"},{"$i":"invalidNumberToDialTitle","$v":"Puhelinnumero ei kelpaa"},{"$i":"invalidNumberToDialMessage","$v":"Soitat puhelinnumeroon, joka ei ole kelvollinen."},{"$i":"unableToCallTitle","$v":"Puhelua ei voi soittaa. "},{"$i":"unableToCallMessage","$v":"Puhelua ei voi nyt soittaa"},{"$i":"otherConnectionInUseTitle","$v":"Toinen yhteys käytössä"},{"$i":"otherConnectionInUseMessage","$v":"Toisessa yhteydessä on aktiivinen puhelu. Voit käyttää vain yhtä yhteyttä kerrallaan."},{"$i":"connectingEllipsis","$v":"Yhdistetään..."},{"$i":"clear","$v":"Poista"},{"$i":"dialer","$v":"Numeronvalitsin"},{"$i":"kai-incomming-call","$v":"Saapuva puhelu"},{"$i":"kai-in-call","$v":"Saapuva puhelu"},{"$i":"kai-answer","$v":"Vastaa"},{"$i":"kai-end-answer","$v":"Lopeta ja vastaa"},{"$i":"kai-decline","$v":"Kieltäydy"},{"$i":"enter-passcode","$v":"Syötä salasana näytön lukituksen avaamiseksi."},{"$i":"passcode-error","$v":"Koodi ei kelpaa. Yritä uudelleen."},{"$i":"voice-call","$v":"Äänipuhelu"},{"$i":"video-call","$v":"Videopuhelu"},{"$i":"message","$v":"Viestit"},{"$i":"answer-rtt-call","$v":"Vastaa RTT-puheluun"},{"$i":"req-rtt-call","$v":"ANS RTT"},{"$i":"rtt-call","$v":"RTT-puhelu"},{"$i":"rtt-view","$v":"RTT-näkymä"},{"$i":"change-to-rtt-call","$v":"Yhdistetään RTT-puhelua..."},{"$i":"change-to-voice-call","$v":"Vaihdettiin äänipuheluun."},{"$i":"upgrading-rtt","$v":"Päivitetään RTT-puheluksi..."},{"$i":"rtt-call-failed","$v":"RTT-puhelu epäonnistui."},{"$i":"voice-call-failed","$v":"Puhelu epäonnistui."},{"$i":"rtt","$v":"RTT"},{"$i":"rtt-emegency-upgrade-rejected","$v":"Et voi soittaa tätä hätäpuhelua RTT-puheluna."},{"$i":"rtt-emegency-downgrade","$v":"Et voi soittaa tätä hätäpuhelua RTT-puheluna. Puhelusi on yhdistetty tavallisena puheluna. Jos sinulla on ongelmia, soita hätäpuhelu tavallisena puheluna tai apuvälinepuheluna."},{"$i":"voice-only-call","$v":"Puhelusi on yhdistetty vain ääni -puheluna."},{"$i":"ans-rtt-failed","$v":"RTT-puhelun soittaminen epäonnistui. Puhelusi on yhdistetty vain ääni -puheluna."},{"$i":"back","$v":"Takaisin"},{"$i":"new-message","$v":"Uusia viestejä lähettäjältä"},{"$i":"kai-mute","$v":"Mykistä"},{"$i":"kai-unmute","$v":"Poista mykistys"},{"$i":"kai-speaker","$v":"Kaiutin"},{"$i":"kai-speaker-off","$v":"Kaiutin ei käytössä"},{"$i":"kai-microphone-mute-notification","$v":"Mikrofoni vaimennettu"},{"$i":"kai-microphone-active-notification","$v":"Mikrofoni on aktiivinen"},{"$i":"kai-speaker-off-notification","$v":"Ulkoinen kaiutin otettu käytöstä"},{"$i":"kai-speaker-on-notification","$v":"Ulkoinen kaiutin otettu käyttöön"},{"$i":"kai-hold-and-answer","$v":"Laita pitoon ja vastaa"},{"$i":"kai-ignore-call","$v":"Ohita saapuva puhelu"},{"$i":"kai-add-to-call","$v":"Lisää puhelu"},{"$i":"kai-switch-to-second-line","$v":"Vaihda puhelua"},{"$i":"kai-merge-calls","$v":"Yhdistä puhelu"},{"$i":"ok","$v":"OK"},{"$i":"losing-wifi-msg","$v":"WLAN-yhteys katkeaa"},{"$i":"hd","$v":"HD"},{"$i":"manage-call","$v":"Hallitse puhelua"},{"$i":"end","$v":"Lopeta puhelu"},{"$i":"private","$v":"Yksityinen"},{"$i":"sound","$v":"Ääni"},{"$i":"bluetooth-device","$v":"Bluetooth-laite"},{"$i":"handset-earpiece","$v":"Puhelin"},{"$i":"speaker","$v":"Kaiutin"},{"$i":"call-ended","$v":"Puhelu päättyi"},{"$i":"payphone","$v":"Maksupuhelin"},{"$i":"contact","$v":"Yhteys"},{"$i":"dialer-prompt","$v":"Valitse numero tai valitse puheluun lisättävä yhteystieto"},{"$i":"call","$v":"Puhelu"},{"$i":"hold","$v":"Puhelu pitoon"},{"$i":"volume","$v":"Äänenvoim."},{"$i":"softkey-options","$v":"Valinnat"},{"$i":"unhold-call","$v":"Poista puhelu pidosta"},{"$i":"hold-call","$v":"Aseta puhelu pitoon"},{"$i":"select","$v":"Valitse"},{"$i":"unknown","$v":"Tuntematon"},{"$i":"switch-calls","$v":"Vaihda puhelujen välillä"},{"$i":"voiceMail","$v":"Vastaajaviesti"},{"$i":"incoming","$v":"Saapuva"},{"$i":"outgoing","$v":"Lähtevät"},{"$i":"callEnded","$v":"Puhelu päättyi"},{"$i":"callEndedDuration","$v":["Puhelu päättyi (",{"t":"idOrVar","v":"duration"},")"]},{"$i":"conferenceAddError","$v":"Puhelujen yhdistäminen ei onnistu"},{"$i":"conferenceRemoveError","$v":"Puhelujen yhdistämisen peruminen ei onnistu"},{"$i":"callDurationMinutes","$v":[{"t":"idOrVar","v":"m"},":",{"t":"idOrVar","v":"s"}]},{"$i":"callDurationHours","$v":[{"t":"idOrVar","v":"h"},":",{"t":"idOrVar","v":"m"},":",{"t":"idOrVar","v":"s"}]},{"$i":"callDurationTextFormatSeconds","$v":[{"t":"idOrVar","v":"s"}," s"]},{"$i":"callDurationTextFormatMinutes","$v":[{"t":"idOrVar","v":"m"}," m ",{"t":"idOrVar","v":"s"}," s"]},{"$i":"callDurationTextFormatHours","$v":[{"t":"idOrVar","v":"h"}," h ",{"t":"idOrVar","v":"m"}," m ",{"t":"idOrVar","v":"s"}," s"]},{"$i":"switch-to-device-toast","$v":"Vaihdettu bluetooth-laitteeseen"},{"$i":"switch-to-handset-toast","$v":"Vaihdettu puhelimen kuulokkeeseen"},{"$i":"switch-to-speaker-toast","$v":"Vaihdettu kaiuttimeen"},{"$i":"connecting","$v":"Yhdistetään"},{"$i":"wifi-call-quality-excellent","$v":"Erinomaista"},{"$i":"wifi-call-quality-fair","$v":"Kohtalainen"},{"$i":"wifi-call-quality-bad","$v":"Huono"},{"$i":"call-left-conference-toast","$v":"on lopettanut puhelun"},{"$i":"camera-off","$v":"Kamera pois"},{"$i":"camera-on","$v":"Kamera päällä"},{"$i":"rear-camera","$v":"Takakamera"},{"$i":"front-camera","$v":"Etukamera"},{"$i":"hide-info","$v":"Piilota tiedot"},{"$i":"show-info","$v":"Näytä tiedot"},{"$i":"video-call-rejected","$v":"Videopuhelu on hylätty, vaihda äänipuheluun."},{"$i":"video-call-not-support","$v":"Videopuhelua ei tueta."},{"$i":"video-call-rejected-timeout","$v":"Video call rejected or timeout."},{"$i":"video-call-from","$v":["Vastaanotetaan videopuhelua henkilöltä ",{"t":"idOrVar","v":"name"},"."]},{"$i":"video-call-canceled","$v":"Videopuhelu on peruutettu."},{"$i":"video-call-failed","$v":"Videopuhelu epäonnistui."},{"$i":"call-downgraded","$v":"Soita alennettiin."},{"$i":"wifi-calling","$v":"WLAN-puhelu"},{"$i":"wifi-calling-1","$v":"Puhelusi saattaa pudota verkosta."},{"$i":"wifi-calling-2","$v":"Olet melkein WLAN-peittoalueen ulkopuolella."},{"$i":"wifi-calling-dropped","$v":"WLAN-puhelu pudonnut verkosta."},{"$i":"accept","$v":"Hyväksy"},{"$i":"conference-call-num","$v":[{"t":"idOrVar","v":"num"}," henkilöä puhelussa."]},{"$i":"more","$v":"Lisää"},{"$i":"rec","$v":"REC"},{"$i":"start-recording-call","$v":"Aloita puhelun äänitys."},{"$i":"stop-recording-call","$v":"Lopeta puhelun äänitys."},{"$i":"insufficient-storage","$v":"Tallennustila ei riitä. Tallennus pysähtyi."},{"$i":"reply","$v":"Vastaa"},{"$i":"reply-message-1","$v":"Anteeksi, en voi puhua juuri nyt."},{"$i":"reply-message-2","$v":"Tulossa."},{"$i":"reply-message-3","$v":"Voinko soittaa myöhemmin?"},{"$i":"reply-message-4","$v":"Mukautettu..."},{"$i":"reply-to-name","$v":["Vastattu henkilölle ",{"t":"idOrVar","v":"name"}]},{"$i":"mt-call-on-hold","$v":"Puhelu on asetettu pitoon."},{"$i":"mt-call_retrieved","$v":"Puhelu on noudettu."},{"$i":"mt-multi_party_call","$v":"Sinut on lisätty neuvotteluun."},{"$i":"hangup-a11y-button","$v":""},{"$i":"pickup-a11y-button","$v":""},{"$i":"mute","$v":""},{"$i":"toggleKeypad","$v":""},{"$i":"newCall","$v":""},{"$i":"speakerOption","$v":""},{"$i":"bluetoothOption","$v":""},{"$i":"onHoldOption","$v":""},{"$i":"merge","$v":""},{"$i":"ignore","$v":""},{"$i":"dialerAddContact","$v":""},{"$i":"makeCall","$v":""},{"$i":"call-forwarding-async","$v":["Asynkroninen: ",{"t":"idOrVar","v":"async"}]},{"$i":"call-forwarding-data","$v":["Data: ",{"t":"idOrVar","v":"data"}]},{"$i":"call-forwarding-error","$v":"Virhe tapahtui noudettaessa puhelun eteenpäin välityksen tilaa"},{"$i":"call-forwarding-fax","$v":["FAKSI: ",{"t":"idOrVar","v":"fax"}]},{"$i":"call-forwarding-inactive","$v":"Pois käytöstä"},{"$i":"call-forwarding-packet","$v":["Paketti: ",{"t":"idOrVar","v":"packet"}]},{"$i":"call-forwarding-pad","$v":["PAD: ",{"t":"idOrVar","v":"pad"}]},{"$i":"call-forwarding-sms","$v":["SMS: ",{"t":"idOrVar","v":"sms"}]},{"$i":"call-forwarding-status","$v":"Soitonsiirron tila"},{"$i":"call-forwarding-sync","$v":["Synkroninen: ",{"t":"idOrVar","v":"sync"}]},{"$i":"call-forwarding-voice","$v":["Ääni: ",{"t":"idOrVar","v":"voice"}]},{"$i":"scCallBarring","$v":"Puhelunesto"},{"$i":"scCallForwarding","$v":"Soitonsiirto"},{"$i":"scClip","$v":"Saapuva puhelun numeron lähetys"},{"$i":"scClir","$v":"Lähtevän puhelun numerotieto"},{"$i":"scPwd","$v":"Salasanan vaihto"},{"$i":"scCallWaiting","$v":"Koputuspalvelu"},{"$i":"scPin","$v":"PIN-koodin vaihto"},{"$i":"scPin2","$v":"PIN2-koodin vaihto"},{"$i":"scPuk","$v":"Avaa PIN-lukitus"},{"$i":"scPuk2","$v":"Avaa PIN2-lukitus"},{"$i":"scImei","$v":"IMEI"},{"$i":"scMeid","$v":"MEID"},{"$i":"scUssd","$v":"USSD"},{"$i":"serviceClassVoice","$v":"Äänitallenteet"},{"$i":"serviceClassData","$v":"Data"},{"$i":"serviceClassFax","$v":"FAKSI"},{"$i":"serviceClassSms","$v":"SMS"},{"$i":"serviceClassDataSync","$v":"Synkronoi"},{"$i":"serviceClassDataAsync","$v":"Asynk."},{"$i":"serviceClassPacket","$v":"Paketti"},{"$i":"serviceClassPad","$v":"PAD"},{"$i":"smServiceEnabled","$v":"Palvelu otettiin käyttöön"},{"$i":"smServiceDisabled","$v":"Palvelu on poistettu käytöstä"},{"$i":"smServiceRegistered","$v":"Rekisteröityminen onnistui"},{"$i":"smServiceErased","$v":"Pyyhkiminen onnistui"},{"$i":"smServiceInterrogated","$v":"Pyyntö onnistui"},{"$i":"smServiceNotProvisioned","$v":"Palvelua ei ole saatavilla."},{"$i":"smClirPermanent","$v":"Et voi vaihtaa oman numeron lähetyksen asetusta"},{"$i":"smClirDefaultOnNextCallOn","$v":"Soittajan tietojen oletukseksi asetetaan rajoitettu. Seuraava puhelu: rajoitettu."},{"$i":"smClirDefaultOnNextCallOff","$v":"Soittajan tietojen oletukseksi asetetaan rajoitettu. Seuraava puhelu: ei rajoitettu."},{"$i":"smClirDefaultOffNextCallOn","$v":"Soittajan tietojen oletukseksi asetetaan ei rajoitettu. Seuraava puhelu: rajoitettu."},{"$i":"smClirDefaultOffNextCallOff","$v":"Soittajan tietojen oletukseksi asetetaan ei rajoitettu. Seuraava puhelu: ei rajoitettu."},{"$i":"smServiceEnabledFor","$v":"Palvelu otettiin käyttöön kohteelle:"},{"$i":"smPinChanged","$v":"PIN:n vaihto onnistui"},{"$i":"smPinUnblocked","$v":"PIN-lukituksen avaus onnistui"},{"$i":"smPin2Changed","$v":"PIN2:n vaihto onnistui"},{"$i":"smPin2Unblocked","$v":"PIN2-lukituksen avaus onnistui"},{"$i":"ServiceIsEnabled","$v":"Palvelu on otettu käyttöön"},{"$i":"ServiceIsDisabled","$v":"Palvelu on poissa käytöstä"},{"$i":"ServiceIsEnabledFor","$v":"Palvelu on otettu käyttöön kohteelle:"},{"$i":"emMmiError","$v":"Yhteysongelma tai virheellinen MMI-koodi"},{"$i":"emMmiErrorPasswordIncorrect","$v":"Virheellinen salasana"},{"$i":"emMmiErrorNotSupported","$v":"MMI-koodi ei kelpaa tai sitä ei tueta"},{"$i":"emMmiErrorInvalidAction","$v":"Toiminto ei kelpaa"},{"$i":"emMmiErrorInvalidScCode","$v":"Huoltokoodi ei kelpaa"},{"$i":"emMmiErrorBadPuk","$v":"Antamasi PUK on väärä."},{"$i":"emMmiErrorBadPin","$v":"Antamasi vanha PIN on väärä."},{"$i":"emMmiErrorNeedPuk2","$v":"Avaa SIM-kortin lukitus syöttämällä PUK2"},{"$i":"emMmiErrorMismatchPin","$v":"Antamasi PIN-koodit eivät täsmää."},{"$i":"emMmiErrorInvalidPin","$v":"Anna PIN, jossa on 4–8 numeroa"},{"$i":"emMmiErrorNeedsPuk","$v":"SIM-korttisi on PUK-lukittu"},{"$i":"emMmiErrorEnablePin","$v":"Epäonnistui. Ota käyttöön SIM/RUIM-LUKITUS"},{"$i":"emMmiErrorMmiFdn","$v":"Toiminto rajoitettu vain sallittuihin numeroihin"},{"$i":"emMmiErrorStkCcUssdDial","$v":"USSD-pyyntö on muokattu DIAL-pyynnöksi"},{"$i":"emMmiErrorStkCcUssdSs","$v":"USSD-pyyntö on muokattu SS-pyynnöksi"},{"$i":"emMmiErrorStkCcUssdUssd","$v":"USSD-pyyntö on muokattu uudeksi USSD-pyynnöksi"},{"$i":"emMmiErrorStkCcSsDial","$v":"SS-pyyntö on muokattu DIAL-pyynnöksi"},{"$i":"emMmiErrorStkCcSsUssd","$v":"SS-pyyntö muokattu USSD-pyynnöksi"},{"$i":"emMmiErrorStkCcSsSs","$v":"USSD-pyyntö on muokattu uudeksi SS-pyynnöksi"},{"$i":"emMmiErrorPinPukAttempts","$v":{"few":[{"t":"idOrVar","v":"n"}," yritystä jäljellä"],"many":[{"t":"idOrVar","v":"n"}," yritystä jäljellä"],"one":["Vain ",{"t":"idOrVar","v":"n"}," yritys jäljellä"],"other":[{"t":"idOrVar","v":"n"}," yritystä jäljellä"],"two":[{"t":"idOrVar","v":"n"}," yritystä jäljellä"]},"$x":[{"t":"idOrVar","v":"plural"},"n"]},{"$i":"emMmiErrorSimBlocked","$v":"Yritysten enimmäismäärä saavutettu. SIM lukittu"},{"$i":"RadioNotAvailable","$v":"Radio not available"},{"$i":"GenericFailure","$v":"Yleinen virhe"},{"$i":"PasswordIncorrect","$v":"Virheellinen salasana"},{"$i":"SimPin2","$v":"SIM PIN2"},{"$i":"SimPuk2","$v":"SIM PUK2"},{"$i":"RequestNotSupported","$v":"Pyyntöä ei tueta"},{"$i":"OpNotAllowedDuringVoiceCall","$v":"Toiminto ei sallittu puhelun aikana"},{"$i":"SmsSendFailRetry","$v":"SMS send fail retry"},{"$i":"SimAbsent","$v":"SIM puuttuu"},{"$i":"SubscriptionNotAvailable","$v":"Tilausta ei saatavilla"},{"$i":"ModeNotSupported","$v":"Tilaa ei tueta"},{"$i":"FdnCheckFailure","$v":"Fdn-tarkastusvirhe"},{"$i":"IllegalSimOrMe","$v":"Kielletty SIM tai ME"},{"$i":"DialModifiedToUssd","$v":"Dial modified to USSD"},{"$i":"DialModifiedToSs","$v":"Dial modified to SS"},{"$i":"DialModifiedToDial","$v":"Dial modified to dial"},{"$i":"UssdModifiedToDial","$v":"USSD muokattu tilaan numeronvalitsin"},{"$i":"UssdModifiedToSs","$v":"USSD muokattu tilaan SS"},{"$i":"UssdModifiedToUssd","$v":"USSD muokattu tilaan USSD"},{"$i":"SsModifiedToDial","$v":"SS muokattu tilaan numerovalinta"},{"$i":"SsModifiedToUssd","$v":"SS muokattu tilaan USSD"},{"$i":"SsModifiedToSs","$v":"SS muokattu tilaan SS"},{"$i":"SubscriptionNotSupported","$v":"Tilausta ei tueta"},{"$i":"InvalidParameter","$v":"Parametri ei kelpaa"},{"$i":"RejectedByRemote","$v":"Hylännyt: etä"},{"$i":"error","$v":"Virhe"}]