[{"$i":"weekday-0-long","$v":"Linggo"},{"$i":"weekday-1-long","$v":"Lunes"},{"$i":"weekday-2-long","$v":"Martes"},{"$i":"weekday-3-long","$v":"Miyerkules"},{"$i":"weekday-4-long","$v":"Huwebes"},{"$i":"weekday-5-long","$v":"Biyernes"},{"$i":"weekday-6-long","$v":"Sabado"},{"$i":"weekday-0-short","$v":"Lin"},{"$i":"weekday-1-short","$v":"Lun"},{"$i":"weekday-2-short","$v":"Mar"},{"$i":"weekday-3-short","$v":"Miy"},{"$i":"weekday-4-short","$v":"Hwe"},{"$i":"weekday-5-short","$v":"Biy"},{"$i":"weekday-6-short","$v":"Sab"},{"$i":"month-0-long","$v":"Enero"},{"$i":"month-1-long","$v":"Pebrero"},{"$i":"month-2-long","$v":"Marso"},{"$i":"month-3-long","$v":"Abril"},{"$i":"month-4-long","$v":"Mayo"},{"$i":"month-5-long","$v":"Hunyo"},{"$i":"month-6-long","$v":"Hulyo"},{"$i":"month-7-long","$v":"Agosto"},{"$i":"month-8-long","$v":"Setyembre"},{"$i":"month-9-long","$v":"Oktubre"},{"$i":"month-10-long","$v":"Nobyembre"},{"$i":"month-11-long","$v":"Disyembre"},{"$i":"month-0-genitive","$v":"Enero"},{"$i":"month-1-genitive","$v":"Pebrero"},{"$i":"month-2-genitive","$v":"Marso"},{"$i":"month-3-genitive","$v":"Abril"},{"$i":"month-4-genitive","$v":"Mayo"},{"$i":"month-5-genitive","$v":"Hunyo"},{"$i":"month-6-genitive","$v":"Hulyo"},{"$i":"month-7-genitive","$v":"Agosto"},{"$i":"month-8-genitive","$v":"Setyembre"},{"$i":"month-9-genitive","$v":"Oktubre"},{"$i":"month-10-genitive","$v":"Nobyembre"},{"$i":"month-11-genitive","$v":"Disyembre"},{"$i":"month-0-short","$v":"Ene"},{"$i":"month-1-short","$v":"Peb"},{"$i":"month-2-short","$v":"Mar"},{"$i":"month-3-short","$v":"Abr"},{"$i":"month-4-short","$v":"Mayo"},{"$i":"month-5-short","$v":"Hun"},{"$i":"month-6-short","$v":"Hul"},{"$i":"month-7-short","$v":"Ago"},{"$i":"month-8-short","$v":"Set"},{"$i":"month-9-short","$v":"Okt"},{"$i":"month-10-short","$v":"Nob"},{"$i":"month-11-short","$v":"Dis"},{"$i":"minutes-ago-long","$v":{"few":[{"t":"idOrVar","v":"value"}," (na) minuto ang nakalipas"],"many":[{"t":"idOrVar","v":"value"}," (na) minuto ang nakalipas"],"one":"isang minuto ang nakalipas","other":[{"t":"idOrVar","v":"value"}," (na) minuto ang nakalipas"],"two":[{"t":"idOrVar","v":"value"}," (na) minuto ang nakalipas"],"zero":"ngayon lang"},"$x":[{"t":"idOrVar","v":"plural"},"value"]},{"$i":"hours-ago-long","$v":{"few":[{"t":"idOrVar","v":"value"}," (na) oras ang nakalipas"],"many":[{"t":"idOrVar","v":"value"}," (na) oras ang nakalipas"],"one":"isang oras ang nakalipas","other":[{"t":"idOrVar","v":"value"}," (na) oras ang nakalipas"],"two":[{"t":"idOrVar","v":"value"}," (na) oras ang nakalipas"],"zero":"ngayon lang"},"$x":[{"t":"idOrVar","v":"plural"},"value"]},{"$i":"days-ago-long","$v":{"few":[{"t":"idOrVar","v":"value"}," (na) araw ang nakalipas"],"many":[{"t":"idOrVar","v":"value"}," (na) araw ang nakalipas"],"one":"kahapon","other":[{"t":"idOrVar","v":"value"}," (na) araw ang nakalipas"],"two":[{"t":"idOrVar","v":"value"}," (na) araw ang nakalipas"],"zero":"ngayon"},"$x":[{"t":"idOrVar","v":"plural"},"value"]},{"$i":"weeks-ago-long","$v":{"few":[{"t":"idOrVar","v":"value"}," (na) linggo ang nakalipas"],"many":[{"t":"idOrVar","v":"value"}," (na) linggo ang nakalipas"],"one":"nakaraang linggo","other":[{"t":"idOrVar","v":"value"}," (na) linggo ang nakalipas"],"two":[{"t":"idOrVar","v":"value"}," (na) linggo ang nakalipas"],"zero":"ngayong linggo"},"$x":[{"t":"idOrVar","v":"plural"},"value"]},{"$i":"months-ago-long","$v":{"few":[{"t":"idOrVar","v":"value"}," (na) buwan ang nakalipas"],"many":[{"t":"idOrVar","v":"value"}," (na) buwan ang nakalipas"],"one":"nakaraang buwan","other":[{"t":"idOrVar","v":"value"}," (na) buwan ang nakalipas"],"two":[{"t":"idOrVar","v":"value"}," (na) buwan ang nakalipas"],"zero":"ngayong buwan"},"$x":[{"t":"idOrVar","v":"plural"},"value"]},{"$i":"years-ago-long","$v":{"few":[{"t":"idOrVar","v":"value"}," (na) taon ang nakalipas"],"many":[{"t":"idOrVar","v":"value"}," (na) taon ang nakalipas"],"one":"nakaraang taon","other":[{"t":"idOrVar","v":"value"}," (na) taon ang nakalipas"],"two":[{"t":"idOrVar","v":"value"}," (na) taon ang nakalipas"],"zero":"ngayong taon"},"$x":[{"t":"idOrVar","v":"plural"},"value"]},{"$i":"minutes-until-long","$v":{"few":["sa loob ng ",{"t":"idOrVar","v":"value"}," (na) minuto"],"many":["sa loob ng ",{"t":"idOrVar","v":"value"}," (na) minuto"],"one":"sa loob ng isang minuto","other":["sa loob ng ",{"t":"idOrVar","v":"value"}," (na) minuto"],"two":["sa loob ng ",{"t":"idOrVar","v":"value"}," (na) minuto"],"zero":"ngayon"},"$x":[{"t":"idOrVar","v":"plural"},"value"]},{"$i":"hours-until-long","$v":{"few":["sa loob ng ",{"t":"idOrVar","v":"value"}," (na) oras"],"many":["sa loob ng ",{"t":"idOrVar","v":"value"}," (na) oras"],"one":"sa loob ng isang oras","other":["sa loob ng ",{"t":"idOrVar","v":"value"}," (na) oras"],"two":["sa loob ng ",{"t":"idOrVar","v":"value"}," (na) oras"],"zero":"ngayon"},"$x":[{"t":"idOrVar","v":"plural"},"value"]},{"$i":"days-until-long","$v":{"few":["sa loob ng ",{"t":"idOrVar","v":"value"}," (na) araw"],"many":["sa loob ng ",{"t":"idOrVar","v":"value"}," (na) araw"],"one":"bukas","other":["sa loob ng ",{"t":"idOrVar","v":"value"}," (na) araw"],"two":["sa loob ng ",{"t":"idOrVar","v":"value"}," (na) araw"],"zero":"ngayon"},"$x":[{"t":"idOrVar","v":"plural"},"value"]},{"$i":"weeks-until-long","$v":{"few":["sa loob ng ",{"t":"idOrVar","v":"value"}," (na) linggo"],"many":["sa loob ng ",{"t":"idOrVar","v":"value"}," (na) linggo"],"one":"susunod na linggo","other":["sa loob ng ",{"t":"idOrVar","v":"value"}," (na) linggo"],"two":["sa loob ng ",{"t":"idOrVar","v":"value"}," (na) linggo"],"zero":"ngayong linggo"},"$x":[{"t":"idOrVar","v":"plural"},"value"]},{"$i":"months-until-long","$v":{"few":["sa loob ng ",{"t":"idOrVar","v":"value"}," (na) buwan"],"many":["sa loob ng ",{"t":"idOrVar","v":"value"}," (na) buwan"],"one":"susunod na buwan","other":["sa loob ng ",{"t":"idOrVar","v":"value"}," (na) buwan"],"two":["sa loob ng ",{"t":"idOrVar","v":"value"}," (na) buwan"],"zero":"ngayong buwan"},"$x":[{"t":"idOrVar","v":"plural"},"value"]},{"$i":"years-until-long","$v":{"few":["sa loob ng ",{"t":"idOrVar","v":"value"}," (na) taon"],"many":["sa loob ng ",{"t":"idOrVar","v":"value"}," (na) taon"],"one":"susunod na taon","other":["sa loob ng ",{"t":"idOrVar","v":"value"}," (na) taon"],"two":["sa loob ng ",{"t":"idOrVar","v":"value"}," (na) taon"],"zero":"ngayong taon"},"$x":[{"t":"idOrVar","v":"plural"},"value"]},{"$i":"minutes-ago-short","$v":{"other":[{"t":"idOrVar","v":"value"},"m ang nakalipas"],"zero":"ngayon lang"},"$x":[{"t":"idOrVar","v":"plural"},"value"]},{"$i":"hours-ago-short","$v":{"other":[{"t":"idOrVar","v":"value"},"h ang nakalipas"],"zero":"ngayon lang"},"$x":[{"t":"idOrVar","v":"plural"},"value"]},{"$i":"days-ago-short","$v":{"other":[{"t":"idOrVar","v":"value"},"d ang nakalipas"],"zero":"ngayon"},"$x":[{"t":"idOrVar","v":"plural"},"value"]},{"$i":"minutes-until-short","$v":{"other":["sa loob ng ",{"t":"idOrVar","v":"value"},"m"],"zero":"ngayon"},"$x":[{"t":"idOrVar","v":"plural"},"value"]},{"$i":"hours-until-short","$v":{"other":["sa loob ng ",{"t":"idOrVar","v":"value"},"o"],"zero":"ngayon"},"$x":[{"t":"idOrVar","v":"plural"},"value"]},{"$i":"days-until-short","$v":{"other":["sa loob ng ",{"t":"idOrVar","v":"value"},"a"],"zero":"ngayon"},"$x":[{"t":"idOrVar","v":"plural"},"value"]},{"$i":"incorrectDate","$v":"(mali ang petsa)"},{"$i":"dateTimeFormat_%c","$v":"%a %b %e %Y %I:%M:%S %p"},{"$i":"dateTimeFormat_%x","$v":"%m/%d/%Y"},{"$i":"dateTimeFormat_%X","$v":"%I:%M:%S %p"},{"$i":"shortTimeFormat","$v":"%I:%M %p"},{"$i":"shortTimeFormat12","$v":"%I:%M %p"},{"$i":"shortTimeFormat24","$v":"%H:%M"},{"$i":"shortDateTimeFormat","$v":"%x %I:%M %p"},{"$i":"weekStartsOnMonday","$v":"0.0"},{"$i":"firstDayOfTheWeek","$v":"0.0"},{"$i":"time_am","$v":"AM"},{"$i":"time_pm","$v":"PM"},{"$i":"label","$v":"Label"},{"$i":"mobile","$v":"Mobile"},{"$i":"home","$v":"Bahay"},{"$i":"work","$v":"Trabaho"},{"$i":"personal","$v":"Personal"},{"$i":"faxHome","$v":"I-fax sa tahanan"},{"$i":"faxOffice","$v":"I-fax sa opisina"},{"$i":"faxOther","$v":"I-fax sa iba pa"},{"$i":"another","$v":"Iba"},{"$i":"other","$v":"Iba pa"},{"$i":"customTag","$v":"Custom na tag","placeholder":"Custom na tag"},{"$i":"current","$v":"Kasalukuyan"},{"$i":"itemWithLabel","$v":[{"t":"idOrVar","v":"label"},", ",{"t":"idOrVar","v":"item"}]},{"$i":"airplaneMode","$v":"Airplane mode"},{"$i":"searching","$v":"Naghahanap…"},{"$i":"noNetwork","$v":"Walang network"},{"$i":"roaming","$v":[{"t":"idOrVar","v":"operator"}," (Roaming)"]},{"$i":"operator-info","$v":[{"t":"idOrVar","v":"carrier"}," ",{"t":"idOrVar","v":"region"}]},{"$i":"emergencyCallsOnly","$v":"Mga tawag na pang-emergency lang"},{"$i":"emergencyCallsOnly-unknownSIMState","$v":"(hindi alam ang status ng SIM)"},{"$i":"emergencyCallsOnly-noSIM","$v":"(walang SIM)"},{"$i":"emergencyCallsOnly-pinRequired","$v":"(Kailangan ang PIN ng SIM)"},{"$i":"emergencyCallsOnly-pukRequired","$v":"(Kailangan ang PUK ng SIM)"},{"$i":"emergencyCallsOnly-networkLocked","$v":"(na-lock ang network)"},{"$i":"emergencyCallsOnly-serviceProviderLocked","$v":"(na-lock ang service provider)"},{"$i":"emergencyCallsOnly-corporateLocked","$v":"(na-lock ang corporate)"},{"$i":"emergencyCallsOnly-network1Locked","$v":"(na-lock ang network1)"},{"$i":"emergencyCallsOnly-network2Locked","$v":"(na-lock ang network2)"},{"$i":"emergencyCallsOnly-hrpdNetworkLocked","$v":"(na-lock ang hrpd network)"},{"$i":"emergencyCallsOnly-ruimCorporateLocked","$v":"(na-lock ang ruim corporate)"},{"$i":"emergencyCallsOnly-ruimServiceProviderLocked","$v":"(na-lock ang ruim service provider)"},{"$i":"lockscreen-sim-id","$v":["SIM ",{"t":"idOrVar","v":"n"}]},{"$i":"charging-no-time","$v":[{"t":"idOrVar","v":"level"},"% ang Na-charge"]},{"$i":"charging-minutes","$v":{"few":[{"t":"idOrVar","v":"level"},"% ang Na-charge (",{"t":"idOrVar","v":"minutes"}," (na) min pa para mapuno ang baterya)"],"many":[{"t":"idOrVar","v":"level"},"% ang Na-charge (",{"t":"idOrVar","v":"minutes"}," (na) min pa para mapuno ang baterya)"],"one":[{"t":"idOrVar","v":"level"},"% ang Na-charge (",{"t":"idOrVar","v":"minutes"}," min pa para mapuno ang baterya)"],"other":[{"t":"idOrVar","v":"level"},"% ang Na-charge (",{"t":"idOrVar","v":"minutes"}," (na) min pa para mapuno ang baterya)"],"two":[{"t":"idOrVar","v":"level"},"% ang Na-charge (",{"t":"idOrVar","v":"minutes"}," (na) min pa para mapuno ang baterya)"],"zero":[{"t":"idOrVar","v":"level"},"% ang Na-charge (",{"t":"idOrVar","v":"minutes"}," (na) min pa para mapuno ang baterya)"]},"$x":[{"t":"idOrVar","v":"plural"},"minutes"]},{"$i":"charging-hours","$v":{"few":[{"t":"idOrVar","v":"level"},"% ang Na-charge (",{"t":"idOrVar","v":"hours"},"o ",{"t":"idOrVar","v":"minutes"}," (na) min pa para mapuno ang baterya)"],"many":[{"t":"idOrVar","v":"level"},"% ang Na-charge (",{"t":"idOrVar","v":"hours"},"o ",{"t":"idOrVar","v":"minutes"}," (na) min pa para mapuno ang baterya)"],"one":[{"t":"idOrVar","v":"level"},"% ang Na-charge (",{"t":"idOrVar","v":"hours"},"o ",{"t":"idOrVar","v":"minutes"}," min pa para mapuno ang baterya)"],"other":[{"t":"idOrVar","v":"level"},"% ang Na-charge (",{"t":"idOrVar","v":"hours"},"o ",{"t":"idOrVar","v":"minutes"}," (na) min pa para mapuno ang baterya)"],"two":[{"t":"idOrVar","v":"level"},"% ang Na-charge (",{"t":"idOrVar","v":"hours"},"o ",{"t":"idOrVar","v":"minutes"}," (na) min pa para mapuno ang baterya)"],"zero":[{"t":"idOrVar","v":"level"},"% ang Na-charge (",{"t":"idOrVar","v":"hours"},"o ",{"t":"idOrVar","v":"minutes"}," (na) min pa para mapuno ang baterya)"]},"$x":[{"t":"idOrVar","v":"plural"},"minutes"]},{"$i":"phoneNumberInput","ariaLabel":"Numero ng telepono"},{"$i":"keypadDelete","ariaLabel":"I-delete"},{"$i":"voiceMailKey","ariaLabel":"Voicemail"},{"$i":"asterisk","ariaLabel":"Asterisk"},{"$i":"hashSign","ariaLabel":"Hash sign"},{"$i":"cancel","$v":"Kanselahin"},{"$i":"loadingSimContacts","$v":"Nilo-load ang mga SIM card contact…"},{"$i":"noContactsWereFound","$v":"Walang nakitang contact"},{"$i":"noContactsFoundDialogOk","$v":"OK"},{"$i":"emergencyNumber","$v":"Pang-emergency na numero"},{"$i":"callAirplaneModeMessage","$v":"Para makatawag, kailangan mong i-disable ang airplane mode sa mga setting."},{"$i":"callAirplaneModeBtnOk","$v":"OK"},{"$i":"callAirplaneModeTitle","$v":"Na-activate ang airplane mode"},{"$i":"numberIsBusyTitle","$v":"Busy ang numero"},{"$i":"numberIsBusyMessage","$v":"Kasalukuyang busy ang numero. Pakisubukang muli sa ibang pagkakataon."},{"$i":"fdnIsActiveTitle","$v":"Aktibo ang FDN"},{"$i":"fdnIsActiveMessage","$v":["Na-activate ang FDN (mga Fixed Dialling Number) at ang mga sumusunod na numero ay wala sa iyong listahan ng FDN: ",{"t":"idOrVar","v":"number"}]},{"$i":"emergencyDialogBodyBadNumber","$v":"Upang makatawag, dapat maikonekta ang telepono sa isang network."},{"$i":"emergencyDialogBodyDeviceNotAccepted","$v":"Hindi pinapayagan ng network ang mga pang-emergency na tawag."},{"$i":"emergencyDialogBtnOk","$v":"OK"},{"$i":"emergencyDialogTitle","$v":"Walang koneksyon sa network"},{"$i":"invalidNumberToDialTitle","$v":"Invalid na numero ng telepono"},{"$i":"invalidNumberToDialMessage","$v":"Hindi valid ang numero ng teleponong tinatawagan mo."},{"$i":"unableToCallTitle","$v":"Hindi makatawag. "},{"$i":"unableToCallMessage","$v":"Hindi makatawag ngayon"},{"$i":"otherConnectionInUseTitle","$v":"Ginagamit ang iba pang koneksyon"},{"$i":"otherConnectionInUseMessage","$v":"Mayroon kang aktibong tawag sa ibang koneksyon. Maaari ka lang gumamit ng isang koneksyon sa bawat sandali."},{"$i":"connectingEllipsis","$v":"Kumokonekta..."},{"$i":"clear","$v":"I-clear"},{"$i":"dialer","$v":"Dialler"},{"$i":"kai-incomming-call","$v":"Paparating na Tawag"},{"$i":"kai-in-call","$v":"May tawag"},{"$i":"kai-answer","$v":"Sagot"},{"$i":"kai-end-answer","$v":"Tapusin at sagutin"},{"$i":"kai-decline","$v":"I-decline"},{"$i":"enter-passcode","$v":"Pakilagay ang passcode para i-unlock ang screen."},{"$i":"passcode-error","$v":"Invalid ang code. Pakisubukang muli."},{"$i":"voice-call","$v":"Voice call"},{"$i":"video-call","$v":"Video call"},{"$i":"message","$v":"Mga Mensahe"},{"$i":"answer-rtt-call","$v":"Sagutin ang RTT"},{"$i":"req-rtt-call","$v":"ANS RTT"},{"$i":"rtt-call","$v":"RTT Call"},{"$i":"rtt-view","$v":"RTT view"},{"$i":"change-to-rtt-call","$v":"Kinokonekta ang RTT call..."},{"$i":"change-to-voice-call","$v":"Ginawang voice call."},{"$i":"upgrading-rtt","$v":"Ina-upgrade sa RTT call..."},{"$i":"rtt-call-failed","$v":"Nabigo ang RTT call."},{"$i":"voice-call-failed","$v":"Nabigo ang voice call."},{"$i":"rtt","$v":"RTT"},{"$i":"rtt-emegency-upgrade-rejected","$v":"Hindi available ang RTT para sa tawag sa 911 na ito."},{"$i":"rtt-emegency-downgrade","$v":"Hindi available ang RTT para sa tawag sa 911 na ito. Nakonekta ang iyong tawag bilang isang voice-only na tawag. Kung makakaranas ka ng problema, magsagawa ng voice o relay call sa 911."},{"$i":"voice-only-call","$v":"Nakonekta ang iyong tawag sa isang voice-only na tawag."},{"$i":"ans-rtt-failed","$v":"Hindi na-establish ang RTT call. Nakonekta ang iyong tawag sa isang voice-only na tawag."},{"$i":"back","$v":"Bumalik"},{"$i":"new-message","$v":"Mga bagong mensahe mual sa"},{"$i":"kai-mute","$v":"I-mute"},{"$i":"kai-unmute","$v":"I-unmute"},{"$i":"kai-speaker","$v":"Speaker"},{"$i":"kai-speaker-off","$v":"Naka-off ang Speaker"},{"$i":"kai-microphone-mute-notification","$v":"Na-mute ang mikropono"},{"$i":"kai-microphone-active-notification","$v":"Aktibo ang mikropono"},{"$i":"kai-speaker-off-notification","$v":"Na-off ang external speaker"},{"$i":"kai-speaker-on-notification","$v":"Na-on ang external speaker"},{"$i":"kai-hold-and-answer","$v":"I-hold at Sagutin"},{"$i":"kai-ignore-call","$v":"Huwag Pansinin ang paparating na Tawag"},{"$i":"kai-add-to-call","$v":"Magdagdag ng Tawag"},{"$i":"kai-switch-to-second-line","$v":"Mag-swap ng Tawag"},{"$i":"kai-merge-calls","$v":"I-merge ang Tawag"},{"$i":"ok","$v":"OK"},{"$i":"losing-wifi-msg","$v":"nawawalan ng wifi"},{"$i":"hd","$v":"HD"},{"$i":"manage-call","$v":"Pamahalaan ang Tawag"},{"$i":"end","$v":"Tapusin ang Tawag"},{"$i":"private","$v":"Pribado"},{"$i":"sound","$v":"Mga Tunog"},{"$i":"bluetooth-device","$v":"Bluetooth device"},{"$i":"handset-earpiece","$v":"Handset"},{"$i":"speaker","$v":"Speaker"},{"$i":"call-ended","$v":"Natapos ang tawag"},{"$i":"payphone","$v":"Payphone"},{"$i":"contact","$v":"Contact"},{"$i":"dialer-prompt","$v":"I-dial ang numero o piliin ang contact na idaragdag upang matawagan"},{"$i":"call","$v":"Tawag"},{"$i":"hold","$v":"I-hold"},{"$i":"volume","$v":"Volume"},{"$i":"softkey-options","$v":"Mga Opsyon"},{"$i":"unhold-call","$v":"I-unhold ang tawag"},{"$i":"hold-call","$v":"I-hold ang tawag"},{"$i":"select","$v":"Piliin"},{"$i":"unknown","$v":"Hindi alam"},{"$i":"switch-calls","$v":"Magpalipat-lipat ng tawag"},{"$i":"voiceMail","$v":"Voicemail"},{"$i":"incoming","$v":"Papasok"},{"$i":"outgoing","$v":"Papalabas"},{"$i":"callEnded","$v":"Natapos ang tawag"},{"$i":"callEndedDuration","$v":["Natapos ang Tawag (",{"t":"idOrVar","v":"duration"},")"]},{"$i":"conferenceAddError","$v":"Hindi mapagsama ang mga tawag"},{"$i":"conferenceRemoveError","$v":"Hindi ma-unmerge ang mga tawag"},{"$i":"callDurationMinutes","$v":[{"t":"idOrVar","v":"m"},":",{"t":"idOrVar","v":"s"}]},{"$i":"callDurationHours","$v":[{"t":"idOrVar","v":"h"},":",{"t":"idOrVar","v":"m"},":",{"t":"idOrVar","v":"s"}]},{"$i":"callDurationTextFormatSeconds","$v":[{"t":"idOrVar","v":"s"}," s"]},{"$i":"callDurationTextFormatMinutes","$v":[{"t":"idOrVar","v":"m"}," m ",{"t":"idOrVar","v":"s"}," s"]},{"$i":"callDurationTextFormatHours","$v":[{"t":"idOrVar","v":"h"}," o ",{"t":"idOrVar","v":"m"}," m ",{"t":"idOrVar","v":"s"}," s"]},{"$i":"switch-to-device-toast","$v":"Lumipat sa bluetooth device"},{"$i":"switch-to-handset-toast","$v":"Lumipat sa handset earpiece"},{"$i":"switch-to-speaker-toast","$v":"Lumipat sa speaker"},{"$i":"connecting","$v":"Kumokonekta"},{"$i":"wifi-call-quality-excellent","$v":"Magaling"},{"$i":"wifi-call-quality-fair","$v":"Katamtaman"},{"$i":"wifi-call-quality-bad","$v":"Mahina"},{"$i":"call-left-conference-toast","$v":"Ibinaba ni ang tawag"},{"$i":"camera-off","$v":"Off ang camera"},{"$i":"camera-on","$v":"On ang camera"},{"$i":"rear-camera","$v":"Camera sa likod"},{"$i":"front-camera","$v":"Camera sa harap"},{"$i":"hide-info","$v":"Itago ang impormasyon"},{"$i":"show-info","$v":"Ipakita ang impormasyon"},{"$i":"video-call-rejected","$v":"Tinanggihan ang video call, lumipat sa voice call."},{"$i":"video-call-not-support","$v":"Hindi sinusuportahan ang video call."},{"$i":"video-call-rejected-timeout","$v":"Video call rejected or timeout."},{"$i":"video-call-from","$v":["Tinatanggap ang video call mula kay ",{"t":"idOrVar","v":"name"},"."]},{"$i":"video-call-canceled","$v":"Kinansela ang video call."},{"$i":"video-call-failed","$v":"Nabigo ang video call."},{"$i":"call-downgraded","$v":"Tumawag nang downgrade."},{"$i":"wifi-calling","$v":"Pagtawag gamit ang Wi-Fi"},{"$i":"wifi-calling-1","$v":"Maaaring maputol ang iyong Tawag."},{"$i":"wifi-calling-2","$v":"Halos nasa labas ka na ng Saklaw ng Wi-Fi."},{"$i":"wifi-calling-dropped","$v":"Naputol ang Pagtawag gamit ang Wi-Fi."},{"$i":"accept","$v":"Tanggapin"},{"$i":"conference-call-num","$v":[{"t":"idOrVar","v":"num"}," (na) tao sa tawag."]},{"$i":"more","$v":"Iba pa"},{"$i":"rec","$v":"REC"},{"$i":"start-recording-call","$v":"Simulan ang pag-record ng tawag."},{"$i":"stop-recording-call","$v":"Ihinto ang pag-record ng tawag."},{"$i":"insufficient-storage","$v":"Hindi sapat ang storage. Huminto ang pag-record."},{"$i":"reply","$v":"Sagutin"},{"$i":"reply-message-1","$v":"Pasensya na, hindi ako puwedeng makipag-usap sa ngayon."},{"$i":"reply-message-2","$v":"Papunta na ako."},{"$i":"reply-message-3","$v":"Puwede ba kitang tawagan mamaya?"},{"$i":"reply-message-4","$v":"Custom..."},{"$i":"reply-to-name","$v":["Sumagot kay ",{"t":"idOrVar","v":"name"}]},{"$i":"mt-call-on-hold","$v":"Na-hold ang tawag."},{"$i":"mt-call_retrieved","$v":"Nakuha ang tawag."},{"$i":"mt-multi_party_call","$v":"Idinagdag ka sa isang conference call."},{"$i":"hangup-a11y-button","$v":""},{"$i":"pickup-a11y-button","$v":""},{"$i":"mute","$v":""},{"$i":"toggleKeypad","$v":""},{"$i":"newCall","$v":""},{"$i":"speakerOption","$v":""},{"$i":"bluetoothOption","$v":""},{"$i":"onHoldOption","$v":""},{"$i":"merge","$v":""},{"$i":"ignore","$v":""},{"$i":"dialerAddContact","$v":""},{"$i":"makeCall","$v":""},{"$i":"call-forwarding-async","$v":["Asynchronous: ",{"t":"idOrVar","v":"async"}]},{"$i":"call-forwarding-data","$v":["Data: ",{"t":"idOrVar","v":"data"}]},{"$i":"call-forwarding-error","$v":"Nagkaroon ng error habang nag-retrieve ng status ng call forwarding"},{"$i":"call-forwarding-fax","$v":["FAX: ",{"t":"idOrVar","v":"fax"}]},{"$i":"call-forwarding-inactive","$v":"Hindi Aktibo"},{"$i":"call-forwarding-packet","$v":["Packet: ",{"t":"idOrVar","v":"packet"}]},{"$i":"call-forwarding-pad","$v":["PAD: ",{"t":"idOrVar","v":"pad"}]},{"$i":"call-forwarding-sms","$v":["SMS: ",{"t":"idOrVar","v":"sms"}]},{"$i":"call-forwarding-status","$v":"Status ng call forwarding"},{"$i":"call-forwarding-sync","$v":["Synchronous: ",{"t":"idOrVar","v":"sync"}]},{"$i":"call-forwarding-voice","$v":["Boses: ",{"t":"idOrVar","v":"voice"}]},{"$i":"scCallBarring","$v":"Call barring"},{"$i":"scCallForwarding","$v":"Call forwarding"},{"$i":"scClip","$v":"Paparating na Caller ID"},{"$i":"scClir","$v":"Mga Papalabas na Caller ID"},{"$i":"scPwd","$v":"Nabago ang password"},{"$i":"scCallWaiting","$v":"Call waiting"},{"$i":"scPin","$v":"Pagpapalit ng PIN"},{"$i":"scPin2","$v":"Pagpapalit ng PIN2"},{"$i":"scPuk","$v":"I-unblock ang PIN"},{"$i":"scPuk2","$v":"I-unblock ang PIN2"},{"$i":"scImei","$v":"IMEI"},{"$i":"scMeid","$v":"MEID"},{"$i":"scUssd","$v":"USSD"},{"$i":"serviceClassVoice","$v":"Boses"},{"$i":"serviceClassData","$v":"Data"},{"$i":"serviceClassFax","$v":"FAX"},{"$i":"serviceClassSms","$v":"SMS"},{"$i":"serviceClassDataSync","$v":"I-sync"},{"$i":"serviceClassDataAsync","$v":"Async"},{"$i":"serviceClassPacket","$v":"Packet"},{"$i":"serviceClassPad","$v":"PAD"},{"$i":"smServiceEnabled","$v":"Na-enable ang serbisyo"},{"$i":"smServiceDisabled","$v":"Na-disable ang serbisyo"},{"$i":"smServiceRegistered","$v":"Hindi nakapagparehistro"},{"$i":"smServiceErased","$v":"Matagumpay ang pagbura"},{"$i":"smServiceInterrogated","$v":"Naipadala ang kahilingan"},{"$i":"smServiceNotProvisioned","$v":"Hindi pinapangasiwaan ang serbisyo"},{"$i":"smClirPermanent","$v":"Hindi mo mababago ang setting ng caller ID"},{"$i":"smClirDefaultOnNextCallOn","$v":"Pinaghihigpitan ang mga default ng Caller ID. Susunod na tawag: Pinaghihigpitan"},{"$i":"smClirDefaultOnNextCallOff","$v":"Pinaghihigpitan ang mga default ng Caller ID. Susunod na tawag: Hindi pinaghihigpitan"},{"$i":"smClirDefaultOffNextCallOn","$v":"Hindi pinaghihigpitan ang mga default ng Caller ID. Susunod na tawag: Pinaghihigpitan"},{"$i":"smClirDefaultOffNextCallOff","$v":"Hindi pinaghihigpitan ang mga default ng Caller ID. Susunod na tawag: Hindi pinaghihigpitan"},{"$i":"smServiceEnabledFor","$v":"Na-enable ang serbisyo para sa:"},{"$i":"smPinChanged","$v":"Napalitan na ang PIN"},{"$i":"smPinUnblocked","$v":"Na-unblock na ang PIN"},{"$i":"smPin2Changed","$v":"Napalitan na ang PIN2"},{"$i":"smPin2Unblocked","$v":"Na-unblock na ang PIN2"},{"$i":"ServiceIsEnabled","$v":"Naka-enable ang serbisyo"},{"$i":"ServiceIsDisabled","$v":"Naka-disable ang serbisyo"},{"$i":"ServiceIsEnabledFor","$v":"Naka-enable ang serbisyo para sa:"},{"$i":"emMmiError","$v":"Nagkaproblema sa koneksyon o invalid ang MMI code"},{"$i":"emMmiErrorPasswordIncorrect","$v":"Mali ang Password"},{"$i":"emMmiErrorNotSupported","$v":"Invalid o Hindi Sinusuportahan ang MMI Code"},{"$i":"emMmiErrorInvalidAction","$v":"Invalid ang pagkilos"},{"$i":"emMmiErrorInvalidScCode","$v":"Invalid na code ng serbisyo"},{"$i":"emMmiErrorBadPuk","$v":"Mali ang na-type mong PUK"},{"$i":"emMmiErrorBadPin","$v":"Mali ang lumang PIN na nailagay mo."},{"$i":"emMmiErrorNeedPuk2","$v":"I-type ang PUK2 upang ma-unblock ang SIM card"},{"$i":"emMmiErrorMismatchPin","$v":"Hindi tugma ang mga PIN na nailagay mo"},{"$i":"emMmiErrorInvalidPin","$v":"Magpasok ng PIN na may 4 hanggang 8 numero"},{"$i":"emMmiErrorNeedsPuk","$v":"Ang iyong SIM card ay naging PUK-lock"},{"$i":"emMmiErrorEnablePin","$v":"Hindi matagumpay. I-enable ang SIM/RUIM LOCK"},{"$i":"emMmiErrorMmiFdn","$v":"Para lang sa mga fixed dialling number ang operation"},{"$i":"emMmiErrorStkCcUssdDial","$v":"Naging kahilingan sa DIAL ang kahilingan sa USSD"},{"$i":"emMmiErrorStkCcUssdSs","$v":"Naging kahilingan sa SS ang kahilingan sa USSD"},{"$i":"emMmiErrorStkCcUssdUssd","$v":"Naging kahilingan sa USSD ang kahilingan sa USSD"},{"$i":"emMmiErrorStkCcSsDial","$v":"Naging kahilingan sa DIAL ang kahilingan sa SS"},{"$i":"emMmiErrorStkCcSsUssd","$v":"Naging kahilingan sa USSD ang kahilingan sa SS"},{"$i":"emMmiErrorStkCcSsSs","$v":"Naging kahilingan sa SS ang kahilingan sa SS"},{"$i":"emMmiErrorPinPukAttempts","$v":{"few":["May natitirang ",{"t":"idOrVar","v":"n"}," (na) pagsubok"],"many":["May natitirang ",{"t":"idOrVar","v":"n"}," (na) pagsubok"],"one":[{"t":"idOrVar","v":"n"}," na lang ang natitirang pagsubok"],"other":["May natitirang ",{"t":"idOrVar","v":"n"}," (na) pagsubok"],"two":["May natitirang ",{"t":"idOrVar","v":"n"}," (na) pagsubok"]},"$x":[{"t":"idOrVar","v":"plural"},"n"]},{"$i":"emMmiErrorSimBlocked","$v":"Nalampasan ang maximum na bilang ng mga pagsubok. Na-block ang SIM"},{"$i":"RadioNotAvailable","$v":"Radio not available"},{"$i":"GenericFailure","$v":"Pangkaraniwang pagpalya"},{"$i":"PasswordIncorrect","$v":"Mali ang password"},{"$i":"SimPin2","$v":"SIM PIN2"},{"$i":"SimPuk2","$v":"SIM PUK2"},{"$i":"RequestNotSupported","$v":"Hindi sinusuportahan ang kahilingan"},{"$i":"OpNotAllowedDuringVoiceCall","$v":"Hindi pinapayagan ang operation habang may voice call"},{"$i":"SmsSendFailRetry","$v":"SMS send fail retry"},{"$i":"SimAbsent","$v":"Wala ang SIM"},{"$i":"SubscriptionNotAvailable","$v":"Hindi available ang subscription"},{"$i":"ModeNotSupported","$v":"Hindi sinusuportahan ang mode"},{"$i":"FdnCheckFailure","$v":"Hindi nasuri ang Fdn"},{"$i":"IllegalSimOrMe","$v":"Ilegal na SIM o ME"},{"$i":"DialModifiedToUssd","$v":"Dial modified to USSD"},{"$i":"DialModifiedToSs","$v":"Dial modified to SS"},{"$i":"DialModifiedToDial","$v":"Dial modified to dial"},{"$i":"UssdModifiedToDial","$v":"Naging dial ang USSD"},{"$i":"UssdModifiedToSs","$v":"Naging SS ang USSD"},{"$i":"UssdModifiedToUssd","$v":"Naging USSD ang USSD"},{"$i":"SsModifiedToDial","$v":"Naging dial ang SS"},{"$i":"SsModifiedToUssd","$v":"Naging USSD ang SS"},{"$i":"SsModifiedToSs","$v":"Naging SS ang SS"},{"$i":"SubscriptionNotSupported","$v":"Hindi sinusuportahan ang subscription"},{"$i":"InvalidParameter","$v":"Invalid na parameter"},{"$i":"RejectedByRemote","$v":"Tinanggihan sa pamamagitan ng remote"},{"$i":"error","$v":"Error"}]