[{"$i":"weekday-0-long","$v":"Dimanche"},{"$i":"weekday-1-long","$v":"Lundi"},{"$i":"weekday-2-long","$v":"Mardi"},{"$i":"weekday-3-long","$v":"Mercredi"},{"$i":"weekday-4-long","$v":"Jeudi"},{"$i":"weekday-5-long","$v":"Vendredi"},{"$i":"weekday-6-long","$v":"Samedi"},{"$i":"weekday-0-short","$v":"Dim"},{"$i":"weekday-1-short","$v":"Lun"},{"$i":"weekday-2-short","$v":"Mar"},{"$i":"weekday-3-short","$v":"Mer"},{"$i":"weekday-4-short","$v":"Jeu"},{"$i":"weekday-5-short","$v":"Ven"},{"$i":"weekday-6-short","$v":"Sam"},{"$i":"month-0-long","$v":"Janvier"},{"$i":"month-1-long","$v":"Février"},{"$i":"month-2-long","$v":"Mars"},{"$i":"month-3-long","$v":"Avril"},{"$i":"month-4-long","$v":"Mai"},{"$i":"month-5-long","$v":"Juin"},{"$i":"month-6-long","$v":"Juillet"},{"$i":"month-7-long","$v":"Août"},{"$i":"month-8-long","$v":"Septembre"},{"$i":"month-9-long","$v":"Octobre"},{"$i":"month-10-long","$v":"Novembre"},{"$i":"month-11-long","$v":"Décembre"},{"$i":"month-0-genitive","$v":"Janvier"},{"$i":"month-1-genitive","$v":"Février"},{"$i":"month-2-genitive","$v":"Mars"},{"$i":"month-3-genitive","$v":"Avril"},{"$i":"month-4-genitive","$v":"Mai"},{"$i":"month-5-genitive","$v":"Juin"},{"$i":"month-6-genitive","$v":"Juillet"},{"$i":"month-7-genitive","$v":"Août"},{"$i":"month-8-genitive","$v":"Septembre"},{"$i":"month-9-genitive","$v":"Octobre"},{"$i":"month-10-genitive","$v":"Novembre"},{"$i":"month-11-genitive","$v":"Décembre"},{"$i":"month-0-short","$v":"Jan"},{"$i":"month-1-short","$v":"Fév"},{"$i":"month-2-short","$v":"Mar"},{"$i":"month-3-short","$v":"Avr"},{"$i":"month-4-short","$v":"Mai"},{"$i":"month-5-short","$v":"Jun"},{"$i":"month-6-short","$v":"Jul"},{"$i":"month-7-short","$v":"Aoû"},{"$i":"month-8-short","$v":"Sep"},{"$i":"month-9-short","$v":"Oct"},{"$i":"month-10-short","$v":"Nov"},{"$i":"month-11-short","$v":"Déc"},{"$i":"minutes-ago-long","$v":{"few":["il y a ",{"t":"idOrVar","v":"value"}," minutes"],"many":["il y a ",{"t":"idOrVar","v":"value"}," minutes"],"one":"il y a une minute","other":["il y a ",{"t":"idOrVar","v":"value"}," minutes"],"two":["il y a ",{"t":"idOrVar","v":"value"}," minutes"],"zero":"juste maintenant"},"$x":[{"t":"idOrVar","v":"plural"},"value"]},{"$i":"hours-ago-long","$v":{"few":["il y a ",{"t":"idOrVar","v":"value"}," heures"],"many":["il y a ",{"t":"idOrVar","v":"value"}," heures"],"one":"il y a une heure","other":["il y a ",{"t":"idOrVar","v":"value"}," heures"],"two":["il y a ",{"t":"idOrVar","v":"value"}," heures"],"zero":"juste maintenant"},"$x":[{"t":"idOrVar","v":"plural"},"value"]},{"$i":"days-ago-long","$v":{"few":["il y a ",{"t":"idOrVar","v":"value"}," jours"],"many":["il y a ",{"t":"idOrVar","v":"value"}," jours"],"one":"hier","other":["il y a ",{"t":"idOrVar","v":"value"}," jours"],"two":["il y a ",{"t":"idOrVar","v":"value"}," jours"],"zero":"aujourd'hui"},"$x":[{"t":"idOrVar","v":"plural"},"value"]},{"$i":"weeks-ago-long","$v":{"few":["il y a ",{"t":"idOrVar","v":"value"}," semaines"],"many":["il y a ",{"t":"idOrVar","v":"value"}," semaines"],"one":"la semaine dernière","other":["il y a ",{"t":"idOrVar","v":"value"}," semaines"],"two":["il y a ",{"t":"idOrVar","v":"value"}," semaines"],"zero":"cette semaine"},"$x":[{"t":"idOrVar","v":"plural"},"value"]},{"$i":"months-ago-long","$v":{"few":["il y a ",{"t":"idOrVar","v":"value"}," mois"],"many":["il y a ",{"t":"idOrVar","v":"value"}," mois"],"one":"le mois dernier","other":["il y a ",{"t":"idOrVar","v":"value"}," mois"],"two":["il y a ",{"t":"idOrVar","v":"value"}," mois"],"zero":"ce mois"},"$x":[{"t":"idOrVar","v":"plural"},"value"]},{"$i":"years-ago-long","$v":{"few":["il y a ",{"t":"idOrVar","v":"value"}," années"],"many":["il y a ",{"t":"idOrVar","v":"value"}," années"],"one":"l'année dernière","other":["il y a ",{"t":"idOrVar","v":"value"}," années"],"two":["il y a ",{"t":"idOrVar","v":"value"}," années"],"zero":"cette année"},"$x":[{"t":"idOrVar","v":"plural"},"value"]},{"$i":"minutes-until-long","$v":{"few":["dans ",{"t":"idOrVar","v":"value"}," minutes"],"many":["dans ",{"t":"idOrVar","v":"value"}," minutes"],"one":"dans une minute","other":["dans ",{"t":"idOrVar","v":"value"}," minutes"],"two":["dans ",{"t":"idOrVar","v":"value"}," minutes"],"zero":"maintenant"},"$x":[{"t":"idOrVar","v":"plural"},"value"]},{"$i":"hours-until-long","$v":{"few":["dans ",{"t":"idOrVar","v":"value"}," heures"],"many":["dans ",{"t":"idOrVar","v":"value"}," heures"],"one":"dans une heure","other":["dans ",{"t":"idOrVar","v":"value"}," heures"],"two":["dans ",{"t":"idOrVar","v":"value"}," heures"],"zero":"maintenant"},"$x":[{"t":"idOrVar","v":"plural"},"value"]},{"$i":"days-until-long","$v":{"few":["dans ",{"t":"idOrVar","v":"value"}," jours"],"many":["dans ",{"t":"idOrVar","v":"value"}," jours"],"one":"demain","other":["dans ",{"t":"idOrVar","v":"value"}," jours"],"two":["dans ",{"t":"idOrVar","v":"value"}," jours"],"zero":"aujourd'hui"},"$x":[{"t":"idOrVar","v":"plural"},"value"]},{"$i":"weeks-until-long","$v":{"few":["dans ",{"t":"idOrVar","v":"value"}," semaines"],"many":["dans ",{"t":"idOrVar","v":"value"}," semaines"],"one":"la semaine prochaine","other":["dans ",{"t":"idOrVar","v":"value"}," semaines"],"two":["dans ",{"t":"idOrVar","v":"value"}," semaines"],"zero":"cette semaine"},"$x":[{"t":"idOrVar","v":"plural"},"value"]},{"$i":"months-until-long","$v":{"few":["dans ",{"t":"idOrVar","v":"value"}," mois"],"many":["dans ",{"t":"idOrVar","v":"value"}," mois"],"one":"le mois prochain","other":["dans ",{"t":"idOrVar","v":"value"}," mois"],"two":["dans ",{"t":"idOrVar","v":"value"}," mois"],"zero":"ce mois"},"$x":[{"t":"idOrVar","v":"plural"},"value"]},{"$i":"years-until-long","$v":{"few":["dans ",{"t":"idOrVar","v":"value"}," années"],"many":["dans ",{"t":"idOrVar","v":"value"}," années"],"one":"l'année prochaine","other":["dans ",{"t":"idOrVar","v":"value"}," années"],"two":["dans ",{"t":"idOrVar","v":"value"}," années"],"zero":"cette année"},"$x":[{"t":"idOrVar","v":"plural"},"value"]},{"$i":"minutes-ago-short","$v":{"other":["il y a ",{"t":"idOrVar","v":"value"}," m"],"zero":"juste maintenant"},"$x":[{"t":"idOrVar","v":"plural"},"value"]},{"$i":"hours-ago-short","$v":{"other":["il y a ",{"t":"idOrVar","v":"value"}," h"],"zero":"juste maintenant"},"$x":[{"t":"idOrVar","v":"plural"},"value"]},{"$i":"days-ago-short","$v":{"other":["il y a ",{"t":"idOrVar","v":"value"}," j"],"zero":"aujourd'hui"},"$x":[{"t":"idOrVar","v":"plural"},"value"]},{"$i":"minutes-until-short","$v":{"other":["dans ",{"t":"idOrVar","v":"value"}," m"],"zero":"maintenant"},"$x":[{"t":"idOrVar","v":"plural"},"value"]},{"$i":"hours-until-short","$v":{"other":["dans ",{"t":"idOrVar","v":"value"}," h"],"zero":"maintenant"},"$x":[{"t":"idOrVar","v":"plural"},"value"]},{"$i":"days-until-short","$v":{"other":["dans ",{"t":"idOrVar","v":"value"}," j"],"zero":"aujourd'hui"},"$x":[{"t":"idOrVar","v":"plural"},"value"]},{"$i":"incorrectDate","$v":"(date erronée)"},{"$i":"dateTimeFormat_%c","$v":"%a %b %e %Y %I:%M:%S %p"},{"$i":"dateTimeFormat_%x","$v":"%m/%d/%Y"},{"$i":"dateTimeFormat_%X","$v":"%I:%M:%S %p"},{"$i":"shortTimeFormat","$v":"%I:%M %p"},{"$i":"shortTimeFormat12","$v":"%I:%M %p"},{"$i":"shortTimeFormat24","$v":"%H:%M"},{"$i":"shortDateTimeFormat","$v":"%x %I:%M %p"},{"$i":"weekStartsOnMonday","$v":"0.0"},{"$i":"firstDayOfTheWeek","$v":"0.0"},{"$i":"time_am","$v":"AM"},{"$i":"time_pm","$v":"PM"},{"$i":"label","$v":"Étiquette"},{"$i":"mobile","$v":"Cellulaire"},{"$i":"home","$v":"Domicile"},{"$i":"work","$v":"Bureau"},{"$i":"personal","$v":"Personnel"},{"$i":"faxHome","$v":"Télécopieur domicile"},{"$i":"faxOffice","$v":"Télécopieur bureau"},{"$i":"faxOther","$v":"Télécopieur autre"},{"$i":"another","$v":"Un autre"},{"$i":"other","$v":"Autre"},{"$i":"customTag","$v":"Onglet personnalisé","placeholder":"Onglet personnalisé"},{"$i":"current","$v":"Actuel"},{"$i":"itemWithLabel","$v":[{"t":"idOrVar","v":"label"},", ",{"t":"idOrVar","v":"item"}]},{"$i":"airplaneMode","$v":"Mode avion"},{"$i":"searching","$v":"Recherche en cours..."},{"$i":"noNetwork","$v":"Aucun réseau"},{"$i":"roaming","$v":[{"t":"idOrVar","v":"operator"}," (Itinérance)"]},{"$i":"operator-info","$v":[{"t":"idOrVar","v":"carrier"}," ",{"t":"idOrVar","v":"region"}]},{"$i":"emergencyCallsOnly","$v":"Appels d'urgence seulement"},{"$i":"emergencyCallsOnly-unknownSIMState","$v":"(état inconnu de la carte SIM)"},{"$i":"emergencyCallsOnly-noSIM","$v":"(aucune SIM)"},{"$i":"emergencyCallsOnly-pinRequired","$v":"(NIP de la SIM requis)"},{"$i":"emergencyCallsOnly-pukRequired","$v":"(PUK de la SIM requis)"},{"$i":"emergencyCallsOnly-networkLocked","$v":"(réseau verrouillé)"},{"$i":"emergencyCallsOnly-serviceProviderLocked","$v":"(fournisseur de services verrouillé)"},{"$i":"emergencyCallsOnly-corporateLocked","$v":"(entreprise verrouillée)"},{"$i":"emergencyCallsOnly-network1Locked","$v":"(réseau1 verrouillé)"},{"$i":"emergencyCallsOnly-network2Locked","$v":"(réseau2 verrouillé)"},{"$i":"emergencyCallsOnly-hrpdNetworkLocked","$v":"(réseau hrpd verrouillé)"},{"$i":"emergencyCallsOnly-ruimCorporateLocked","$v":"(entreprise R-UIM verrouillée)"},{"$i":"emergencyCallsOnly-ruimServiceProviderLocked","$v":"(fournisseur de services R-UIM verrouillé)"},{"$i":"lockscreen-sim-id","$v":["SIM ",{"t":"idOrVar","v":"n"}]},{"$i":"charging-no-time","$v":[{"t":"idOrVar","v":"level"},"% chargé"]},{"$i":"charging-minutes","$v":{"few":[{"t":"idOrVar","v":"level"},"% chargé (",{"t":"idOrVar","v":"minutes"}," min jusqu'à pleine charge)"],"many":[{"t":"idOrVar","v":"level"},"% chargé (",{"t":"idOrVar","v":"minutes"}," min jusqu'à pleine charge)"],"one":[{"t":"idOrVar","v":"level"},"% chargé (",{"t":"idOrVar","v":"minutes"}," min jusqu'à pleine charge)"],"other":[{"t":"idOrVar","v":"level"},"% chargé (",{"t":"idOrVar","v":"minutes"}," min jusqu'à pleine charge)"],"two":[{"t":"idOrVar","v":"level"},"% chargé (",{"t":"idOrVar","v":"minutes"}," min jusqu'à pleine charge)"],"zero":[{"t":"idOrVar","v":"level"},"% chargé (",{"t":"idOrVar","v":"minutes"}," min jusqu'à pleine charge)"]},"$x":[{"t":"idOrVar","v":"plural"},"minutes"]},{"$i":"charging-hours","$v":{"few":[{"t":"idOrVar","v":"level"},"% chargé (",{"t":"idOrVar","v":"hours"},"h ",{"t":"idOrVar","v":"minutes"}," min jusqu'à pleine charge)"],"many":[{"t":"idOrVar","v":"level"},"% chargé (",{"t":"idOrVar","v":"hours"},"h ",{"t":"idOrVar","v":"minutes"}," min jusqu'à pleine charge)"],"one":[{"t":"idOrVar","v":"level"},"% chargé (",{"t":"idOrVar","v":"hours"},"h ",{"t":"idOrVar","v":"minutes"}," min jusqu'à pleine charge)"],"other":[{"t":"idOrVar","v":"level"},"% chargé (",{"t":"idOrVar","v":"hours"},"h ",{"t":"idOrVar","v":"minutes"}," min jusqu'à pleine charge)"],"two":[{"t":"idOrVar","v":"level"},"% chargé (",{"t":"idOrVar","v":"hours"},"h ",{"t":"idOrVar","v":"minutes"}," min jusqu'à pleine charge)"],"zero":[{"t":"idOrVar","v":"level"},"% chargé (",{"t":"idOrVar","v":"hours"},"h ",{"t":"idOrVar","v":"minutes"}," min jusqu'à pleine charge)"]},"$x":[{"t":"idOrVar","v":"plural"},"minutes"]},{"$i":"phoneNumberInput","ariaLabel":"Numéro de téléphone"},{"$i":"keypadDelete","ariaLabel":"Supprimer"},{"$i":"voiceMailKey","ariaLabel":"Messagerie vocale"},{"$i":"asterisk","ariaLabel":"Astérisque"},{"$i":"hashSign","ariaLabel":"Dièse"},{"$i":"cancel","$v":"Annuler"},{"$i":"loadingSimContacts","$v":"Chargement des contacts de la carte SIM en cours..."},{"$i":"noContactsWereFound","$v":"Aucun contact n'a été trouvé."},{"$i":"noContactsFoundDialogOk","$v":"OK"},{"$i":"emergencyNumber","$v":"Numéro d'urgence"},{"$i":"callAirplaneModeMessage","$v":"Vous devez désactiver le mode avion dans les paramètres pour effectuer un appel."},{"$i":"callAirplaneModeBtnOk","$v":"OK"},{"$i":"callAirplaneModeTitle","$v":"Le mode avion est activé."},{"$i":"numberIsBusyTitle","$v":"Le numéro est occupé."},{"$i":"numberIsBusyMessage","$v":"Le numéro est actuellement occupé. Veuillez réessayer plus tard."},{"$i":"fdnIsActiveTitle","$v":"FDN activé"},{"$i":"fdnIsActiveMessage","$v":["Le mode FDN (numéros autorisés) est activé et le numéro suivant n'est pas sur votre liste de FDN : ",{"t":"idOrVar","v":"number"}]},{"$i":"emergencyDialogBodyBadNumber","$v":"Le téléphone doit être connecté à un réseau pour effectuer un appel."},{"$i":"emergencyDialogBodyDeviceNotAccepted","$v":"Les appels d'urgence ne sont pas permis par le réseau."},{"$i":"emergencyDialogBtnOk","$v":"OK"},{"$i":"emergencyDialogTitle","$v":"Aucune connexion réseau"},{"$i":"invalidNumberToDialTitle","$v":"Numéro de téléphone invalide"},{"$i":"invalidNumberToDialMessage","$v":"Le numéro de téléphone que vous avez composé n'est pas valide."},{"$i":"unableToCallTitle","$v":"Impossible de faire un appel"},{"$i":"unableToCallMessage","$v":"Impossible de faire un appel actuellement."},{"$i":"otherConnectionInUseTitle","$v":"Autre connexion en utilisation"},{"$i":"otherConnectionInUseMessage","$v":"Vous avez un appel actif sur une autre connexion. Vous pouvez utiliser seulement une connexion à la fois."},{"$i":"connectingEllipsis","$v":"Connexion en cours..."},{"$i":"clear","$v":"Effacer"},{"$i":"dialer","$v":"Composeur automatique"},{"$i":"kai-incomming-call","$v":"Appel entrant"},{"$i":"kai-in-call","$v":"En appel"},{"$i":"kai-answer","$v":"Répondre"},{"$i":"kai-end-answer","$v":"Terminer et répondre"},{"$i":"kai-decline","$v":"Refuser"},{"$i":"enter-passcode","$v":"Saisir le mot de passe pour déverrouiller l'écran."},{"$i":"passcode-error","$v":"Code invalide. Veuillez réessayer."},{"$i":"voice-call","$v":"Changer à voix"},{"$i":"video-call","$v":"Changer à vidéo"},{"$i":"message","$v":"Message"},{"$i":"answer-rtt-call","$v":"Réponse TTR"},{"$i":"req-rtt-call","$v":"ANS RTT"},{"$i":"rtt-call","$v":"Appel TTR"},{"$i":"rtt-view","$v":"Vue TTR"},{"$i":"change-to-rtt-call","$v":"Connexion de l'appel TTR..."},{"$i":"change-to-voice-call","$v":"Changé en appel vocal."},{"$i":"upgrading-rtt","$v":"Mise à niveau à un appel TTR..."},{"$i":"rtt-call-failed","$v":"Échec de l'appel TTR."},{"$i":"voice-call-failed","$v":"Échec de l'appel vocal."},{"$i":"rtt","$v":"RTT"},{"$i":"rtt-emegency-upgrade-rejected","$v":"Messagerie TTR non disponible pour cet appel au 911."},{"$i":"rtt-emegency-downgrade","$v":"Messagerie TTR non disponible pour l'appel au 911. Appel établi en tant qu'appel vocal seulement. En cas de difficulté, faire un appel vocal ou avec relais au 911."},{"$i":"voice-only-call","$v":"L'appel est établi en tant qu'appel vocal seulement."},{"$i":"ans-rtt-failed","$v":"Échec d’appel TTR. L’appel est établi en appel vocal seulement."},{"$i":"back","$v":"Arrière"},{"$i":"new-message","$v":"Nouveaux messages de"},{"$i":"kai-mute","$v":"En sourdine"},{"$i":"kai-unmute","$v":"Activer le son"},{"$i":"kai-speaker","$v":"Haut-parleur"},{"$i":"kai-speaker-off","$v":"Haut-parleur désactivé"},{"$i":"kai-microphone-mute-notification","$v":"Microphone désactivé"},{"$i":"kai-microphone-active-notification","$v":"Le microphone est activé"},{"$i":"kai-speaker-off-notification","$v":"Le haut-parleur externe est désactivé."},{"$i":"kai-speaker-on-notification","$v":"Le haut-parleur externe est activé."},{"$i":"kai-hold-and-answer","$v":"Placer en attente et répondre."},{"$i":"kai-ignore-call","$v":"Ignorer l'appel entrant"},{"$i":"kai-add-to-call","$v":"Ajouter l'appel"},{"$i":"kai-switch-to-second-line","$v":"Intervertir l'appel"},{"$i":"kai-merge-calls","$v":"Combiner l'appel"},{"$i":"ok","$v":"OK"},{"$i":"losing-wifi-msg","$v":"perte de connexion Wi-Fi"},{"$i":"hd","$v":"HD"},{"$i":"manage-call","$v":"Gérer l'appel"},{"$i":"end","$v":"fin"},{"$i":"private","$v":"Privé"},{"$i":"sound","$v":"Son"},{"$i":"bluetooth-device","$v":"Appareil Bluetooth"},{"$i":"handset-earpiece","$v":"Écouteur du combiné"},{"$i":"speaker","$v":"Haut-parleur"},{"$i":"call-ended","$v":"Appel terminé"},{"$i":"payphone","$v":"Téléphone public"},{"$i":"contact","$v":"Contact"},{"$i":"dialer-prompt","$v":"Appuyez sur le clavier numérique pour effectuer un appel."},{"$i":"call","$v":"Appeler"},{"$i":"hold","$v":"En attente"},{"$i":"volume","$v":"Volume"},{"$i":"softkey-options","$v":"Options"},{"$i":"unhold-call","$v":"Reprendre l'appel"},{"$i":"hold-call","$v":"Mettre l'appel en attente"},{"$i":"select","$v":"Sélectionner"},{"$i":"unknown","$v":"Inconnu"},{"$i":"switch-calls","$v":"Changer des appels"},{"$i":"voiceMail","$v":"Messagerie vocale"},{"$i":"incoming","$v":"Arrivant"},{"$i":"outgoing","$v":"Sortant"},{"$i":"callEnded","$v":"Appel terminé"},{"$i":"callEndedDuration","$v":["Appel terminé (",{"t":"idOrVar","v":"duration"},")"]},{"$i":"conferenceAddError","$v":"Impossible de fusionner les appels"},{"$i":"conferenceRemoveError","$v":"Impossible de défusionner les appels"},{"$i":"callDurationMinutes","$v":[{"t":"idOrVar","v":"m"},":",{"t":"idOrVar","v":"s"}]},{"$i":"callDurationHours","$v":[{"t":"idOrVar","v":"h"},":",{"t":"idOrVar","v":"m"},":",{"t":"idOrVar","v":"s"}]},{"$i":"callDurationTextFormatSeconds","$v":[{"t":"idOrVar","v":"s"}," s"]},{"$i":"callDurationTextFormatMinutes","$v":[{"t":"idOrVar","v":"m"}," min ",{"t":"idOrVar","v":"s"}," s"]},{"$i":"callDurationTextFormatHours","$v":[{"t":"idOrVar","v":"h"}," h ",{"t":"idOrVar","v":"m"}," min ",{"t":"idOrVar","v":"s"}," s"]},{"$i":"switch-to-device-toast","$v":"Passé à l'appareil Bluetooth"},{"$i":"switch-to-handset-toast","$v":"Changé à l'écouteur du combiné"},{"$i":"switch-to-speaker-toast","$v":"Passé à haut-parleur"},{"$i":"connecting","$v":"Connexion en cours"},{"$i":"wifi-call-quality-excellent","$v":"Excellent"},{"$i":"wifi-call-quality-fair","$v":"Satisfaisant"},{"$i":"wifi-call-quality-bad","$v":"Mauvais"},{"$i":"call-left-conference-toast","$v":"a quitté l'appel"},{"$i":"camera-off","$v":"Appareil photo désactivé"},{"$i":"camera-on","$v":"Appareil photo activé"},{"$i":"rear-camera","$v":"Appareil photo arrière"},{"$i":"front-camera","$v":"Appareil photo avant"},{"$i":"hide-info","$v":"Cacher l'information"},{"$i":"show-info","$v":"Afficher l'information"},{"$i":"video-call-rejected","$v":"Appel vidéo refusé, changé à un appel vocal."},{"$i":"video-call-not-support","$v":"L'appel vidéo n'est pas pris en charge."},{"$i":"video-call-rejected-timeout","$v":"Appel vidéo refusé ou délai écoulé."},{"$i":"video-call-from","$v":["Réception d'appel vidéo de ",{"t":"idOrVar","v":"name"},"."]},{"$i":"video-call-canceled","$v":"Appel vidéo annulé."},{"$i":"video-call-failed","$v":"Échec de l'appel vidéo."},{"$i":"call-downgraded","$v":"Appel déclassé."},{"$i":"wifi-calling","$v":"Appel du Wi-Fi"},{"$i":"wifi-calling-1","$v":"Votre appel pourrait être interrompu."},{"$i":"wifi-calling-2","$v":"Vous êtes presque à l'extérieur de la portée du Wi-Fi."},{"$i":"wifi-calling-dropped","$v":"Appel par Wi-Fi interrompu."},{"$i":"accept","$v":"Accepter"},{"$i":"conference-call-num","$v":[{"t":"idOrVar","v":"num"}," personnes en appel."]},{"$i":"more","$v":"Plus"},{"$i":"rec","$v":"ENR"},{"$i":"start-recording-call","$v":"Commencer à enregistrer l'appel."},{"$i":"stop-recording-call","$v":"Arrêter d'enregistrer l'appel."},{"$i":"insufficient-storage","$v":"Stockage insuffisant. Enregistrement arrêté."},{"$i":"reply","$v":"Répondre"},{"$i":"reply-message-1","$v":"Je ne peux pas parler en ce moment."},{"$i":"reply-message-2","$v":"Je suis en route."},{"$i":"reply-message-3","$v":"Est-ce que je peux rappeler plus tard?"},{"$i":"reply-message-4","$v":"Personnalisation..."},{"$i":"reply-to-name","$v":["Réponse envoyée à ",{"t":"idOrVar","v":"name"}]},{"$i":"mt-call-on-hold","$v":"Appel mis en attente."},{"$i":"mt-call_retrieved","$v":"Appel récupéré."},{"$i":"mt-multi_party_call","$v":"Vous avez été ajouté à une conférence téléphonique."},{"$i":"hangup-a11y-button","$v":""},{"$i":"pickup-a11y-button","$v":""},{"$i":"mute","$v":""},{"$i":"toggleKeypad","$v":""},{"$i":"newCall","$v":""},{"$i":"speakerOption","$v":""},{"$i":"bluetoothOption","$v":""},{"$i":"onHoldOption","$v":""},{"$i":"merge","$v":""},{"$i":"ignore","$v":""},{"$i":"dialerAddContact","$v":""},{"$i":"makeCall","$v":""},{"$i":"call-forwarding-async","$v":["Asynchrone : ",{"t":"idOrVar","v":"async"}]},{"$i":"call-forwarding-data","$v":["Données : ",{"t":"idOrVar","v":"data"}]},{"$i":"call-forwarding-error","$v":"Une erreur s'est produite lors de l'extraction de l'état du renvoi de l'appel."},{"$i":"call-forwarding-fax","$v":["TÉLÉCOPIE : ",{"t":"idOrVar","v":"fax"}]},{"$i":"call-forwarding-inactive","$v":"Désactivé"},{"$i":"call-forwarding-packet","$v":["Paquet : ",{"t":"idOrVar","v":"packet"}]},{"$i":"call-forwarding-pad","$v":["PAD : ",{"t":"idOrVar","v":"pad"}]},{"$i":"call-forwarding-sms","$v":["SMS : ",{"t":"idOrVar","v":"sms"}]},{"$i":"call-forwarding-status","$v":"État du renvoi d'appel"},{"$i":"call-forwarding-sync","$v":["Synchrone : ",{"t":"idOrVar","v":"sync"}]},{"$i":"call-forwarding-voice","$v":["Voix : ",{"t":"idOrVar","v":"voice"}]},{"$i":"scCallBarring","$v":"Interdiction d'appels"},{"$i":"scCallForwarding","$v":"Renvoi d'appels"},{"$i":"scClip","$v":"Numéro de l'appelant (entrant)"},{"$i":"scClir","$v":"Numéro de l'appelant (sortant)"},{"$i":"scPwd","$v":"Modification du mot de passe"},{"$i":"scCallWaiting","$v":"Appel en attente"},{"$i":"scPin","$v":"Modification du NIP"},{"$i":"scPin2","$v":"Modification du NIP2"},{"$i":"scPuk","$v":"Débloquer le NIP"},{"$i":"scPuk2","$v":"Débloquer le NIP2"},{"$i":"scImei","$v":"IMEI"},{"$i":"scMeid","$v":"MEID"},{"$i":"scUssd","$v":"USSD"},{"$i":"serviceClassVoice","$v":"Voix"},{"$i":"serviceClassData","$v":"Données"},{"$i":"serviceClassFax","$v":"TÉLÉCOPIE"},{"$i":"serviceClassSms","$v":"SMS"},{"$i":"serviceClassDataSync","$v":"Synchronisation"},{"$i":"serviceClassDataAsync","$v":"Asynchrone"},{"$i":"serviceClassPacket","$v":"Paquet"},{"$i":"serviceClassPad","$v":"PAD"},{"$i":"smServiceEnabled","$v":"Le service a été activé."},{"$i":"smServiceDisabled","$v":"Le service a été désactivé."},{"$i":"smServiceRegistered","$v":"L'enregistrement a réussi."},{"$i":"smServiceErased","$v":"L'effacement a réussi."},{"$i":"smServiceInterrogated","$v":"La demande a réussi."},{"$i":"smServiceNotProvisioned","$v":"Service non fourni"},{"$i":"smClirPermanent","$v":"Vous ne pouvez pas modifier les réglages de l'identification de l'appelant."},{"$i":"smClirDefaultOnNextCallOn","$v":"L'identification de l'appelant est réglé à « réservée » par défaut. Appel suivant : Réservé"},{"$i":"smClirDefaultOnNextCallOff","$v":"L'identification de l'appelant est réglé à « réservée » par défaut. Appel suivant : Non réservé"},{"$i":"smClirDefaultOffNextCallOn","$v":"L'identification de l'appelant est réglée par défaut à non réservée. Appel suivant : Réservé"},{"$i":"smClirDefaultOffNextCallOff","$v":"L'identification de l'appelant est réglée par défaut à non réservée. Appel suivant : Non réservé"},{"$i":"smServiceEnabledFor","$v":"Le service a été activé pour :"},{"$i":"smPinChanged","$v":"NIP modifié avec succès"},{"$i":"smPinUnblocked","$v":"NIP déverrouillé avec succès"},{"$i":"smPin2Changed","$v":"NIP2 modifié avec succès"},{"$i":"smPin2Unblocked","$v":"NIP2 déverrouillé avec succès"},{"$i":"ServiceIsEnabled","$v":"Le service est activé"},{"$i":"ServiceIsDisabled","$v":"Le service est désactivé"},{"$i":"ServiceIsEnabledFor","$v":"Le service est activé pour :"},{"$i":"emMmiError","$v":"Problème de connexion ou code MMI invalide"},{"$i":"emMmiErrorPasswordIncorrect","$v":"Mot de passe erroné"},{"$i":"emMmiErrorNotSupported","$v":"Code MMI invalide ou non supporté"},{"$i":"emMmiErrorInvalidAction","$v":"Action invalide"},{"$i":"emMmiErrorInvalidScCode","$v":"Code de service invalide"},{"$i":"emMmiErrorBadPuk","$v":"Le PUK que vous avez saisi est erroné."},{"$i":"emMmiErrorBadPin","$v":"Le vieux NIP que vous avez saisi est erroné."},{"$i":"emMmiErrorNeedPuk2","$v":"Saisissez le PUK2 pour déverrouiller la carte SIM."},{"$i":"emMmiErrorMismatchPin","$v":"Les NIP que vous avez saisi ne sont pas les mêmes."},{"$i":"emMmiErrorInvalidPin","$v":"Saisissez un NIP composé de 4 à 8 chiffres."},{"$i":"emMmiErrorNeedsPuk","$v":"Votre carte SIM est verrouillée avec PUK."},{"$i":"emMmiErrorEnablePin","$v":"Échec Activer VERROUILLAGE SIM/RUIM"},{"$i":"emMmiErrorMmiFdn","$v":"L'action est réservée aux appels autorisés seulement."},{"$i":"emMmiErrorStkCcUssdDial","$v":"La demande de USSD est modifiée à une demande de COMPOSITION."},{"$i":"emMmiErrorStkCcUssdSs","$v":"La demande de USSD est modifiée à une demande de SS."},{"$i":"emMmiErrorStkCcUssdUssd","$v":"La demande de USSD est modifiée à une nouvelle demande de USSD."},{"$i":"emMmiErrorStkCcSsDial","$v":"La demande de SS est modifiée à une demande de COMPOSITION."},{"$i":"emMmiErrorStkCcSsUssd","$v":"La demande de SS est modifiée à une demande de USSD."},{"$i":"emMmiErrorStkCcSsSs","$v":"La demande de SS est modifiée à une nouvelle demande de SS."},{"$i":"emMmiErrorPinPukAttempts","$v":{"few":[{"t":"idOrVar","v":"n"}," relances restantes."],"many":[{"t":"idOrVar","v":"n"}," relances restantes."],"one":["Seulement ",{"t":"idOrVar","v":"n"}," relance restante"],"other":[{"t":"idOrVar","v":"n"}," relances restantes."],"two":[{"t":"idOrVar","v":"n"}," relances restantes."]},"$x":[{"t":"idOrVar","v":"plural"},"n"]},{"$i":"emMmiErrorSimBlocked","$v":"Le nombre maximum de relances est dépassé. SIM bloquée"},{"$i":"RadioNotAvailable","$v":"La radio n'est pas disponible."},{"$i":"GenericFailure","$v":"Échec général"},{"$i":"PasswordIncorrect","$v":"Mot de passe erroné"},{"$i":"SimPin2","$v":"NIP2 de la SIM"},{"$i":"SimPuk2","$v":"PUK2 de la SIM"},{"$i":"RequestNotSupported","$v":"Demande non supportée"},{"$i":"OpNotAllowedDuringVoiceCall","$v":"Action non permise pendant l'appel vocal"},{"$i":"SmsSendFailRetry","$v":"Relance de l'envoi échoué du SMS"},{"$i":"SimAbsent","$v":"SIM absente"},{"$i":"SubscriptionNotAvailable","$v":"Inscription non disponible"},{"$i":"ModeNotSupported","$v":"Mode non supporté"},{"$i":"FdnCheckFailure","$v":"Échec de la vérification du FDN"},{"$i":"IllegalSimOrMe","$v":"SIM ou ME illégale"},{"$i":"DialModifiedToUssd","$v":"Composition modifiée à USSD"},{"$i":"DialModifiedToSs","$v":"Composition modifiée à SS"},{"$i":"DialModifiedToDial","$v":"Composition modifiée à composition"},{"$i":"UssdModifiedToDial","$v":"USSD modifiée à composition"},{"$i":"UssdModifiedToSs","$v":"USSD modifiée à SS"},{"$i":"UssdModifiedToUssd","$v":"USSD modifiée à USSD"},{"$i":"SsModifiedToDial","$v":"SS modifiée à composition"},{"$i":"SsModifiedToUssd","$v":"SS modifiée à USSD"},{"$i":"SsModifiedToSs","$v":"SS modifiée à SS"},{"$i":"SubscriptionNotSupported","$v":"Inscription non supportée"},{"$i":"InvalidParameter","$v":"Paramètre invalide"},{"$i":"RejectedByRemote","$v":"Rejeté à distance"},{"$i":"error","$v":"Erreur"}]