[{"$i":"weekday-0-long","$v":"रविवार"},{"$i":"weekday-1-long","$v":"सोमवार"},{"$i":"weekday-2-long","$v":"मंगलवार"},{"$i":"weekday-3-long","$v":"बुधवार"},{"$i":"weekday-4-long","$v":"गुरुवार"},{"$i":"weekday-5-long","$v":"शुक्रवार"},{"$i":"weekday-6-long","$v":"शनिवार"},{"$i":"weekday-0-short","$v":"रवि"},{"$i":"weekday-1-short","$v":"सोम"},{"$i":"weekday-2-short","$v":"मंगल"},{"$i":"weekday-3-short","$v":"बुध"},{"$i":"weekday-4-short","$v":"गुरु"},{"$i":"weekday-5-short","$v":"शुक्र"},{"$i":"weekday-6-short","$v":"शनि"},{"$i":"month-0-long","$v":"जनवरी"},{"$i":"month-1-long","$v":"फरवरी"},{"$i":"month-2-long","$v":"मार्च"},{"$i":"month-3-long","$v":"अप्रैल"},{"$i":"month-4-long","$v":"मई"},{"$i":"month-5-long","$v":"जून"},{"$i":"month-6-long","$v":"जुलाई"},{"$i":"month-7-long","$v":"अगस्त"},{"$i":"month-8-long","$v":"सितंबर"},{"$i":"month-9-long","$v":"अक्टूबर"},{"$i":"month-10-long","$v":"नवंबर"},{"$i":"month-11-long","$v":"दिसंबर"},{"$i":"month-0-genitive","$v":"जनवरी"},{"$i":"month-1-genitive","$v":"फरवरी"},{"$i":"month-2-genitive","$v":"मार्च"},{"$i":"month-3-genitive","$v":"अप्रैल"},{"$i":"month-4-genitive","$v":"मई"},{"$i":"month-5-genitive","$v":"जून"},{"$i":"month-6-genitive","$v":"जुलाई"},{"$i":"month-7-genitive","$v":"अगस्त"},{"$i":"month-8-genitive","$v":"सितंबर"},{"$i":"month-9-genitive","$v":"अक्टूबर"},{"$i":"month-10-genitive","$v":"नवंबर"},{"$i":"month-11-genitive","$v":"दिसंबर"},{"$i":"month-0-short","$v":"जनवरी"},{"$i":"month-1-short","$v":"फरवरी"},{"$i":"month-2-short","$v":"मार्च"},{"$i":"month-3-short","$v":"अप्रैल"},{"$i":"month-4-short","$v":"मई"},{"$i":"month-5-short","$v":"जून"},{"$i":"month-6-short","$v":"जुलाई"},{"$i":"month-7-short","$v":"अगस्त"},{"$i":"month-8-short","$v":"सितंबर"},{"$i":"month-9-short","$v":"अक्टूबर"},{"$i":"month-10-short","$v":"नवंबर"},{"$i":"month-11-short","$v":"दिसंबर"},{"$i":"minutes-ago-long","$v":{"few":[{"t":"idOrVar","v":"value"}," मिनट पहले"],"many":[{"t":"idOrVar","v":"value"}," मिनट पहले"],"one":"एक मिनट पहले","other":[{"t":"idOrVar","v":"value"}," मिनट पहले"],"two":[{"t":"idOrVar","v":"value"}," मिनट पहले"],"zero":"अभी"},"$x":[{"t":"idOrVar","v":"plural"},"value"]},{"$i":"hours-ago-long","$v":{"few":[{"t":"idOrVar","v":"value"}," घंटे पहले"],"many":[{"t":"idOrVar","v":"value"}," घंटे पहले"],"one":"एक घंटे पहले","other":[{"t":"idOrVar","v":"value"}," घंटे पहले"],"two":[{"t":"idOrVar","v":"value"}," घंटे पहले"],"zero":"अभी"},"$x":[{"t":"idOrVar","v":"plural"},"value"]},{"$i":"days-ago-long","$v":{"few":[{"t":"idOrVar","v":"value"}," दिनों पहले"],"many":[{"t":"idOrVar","v":"value"}," दिनों पहले"],"one":"बीता कल","other":[{"t":"idOrVar","v":"value"}," दिनों पहले"],"two":[{"t":"idOrVar","v":"value"}," दिनों पहले"],"zero":"आज"},"$x":[{"t":"idOrVar","v":"plural"},"value"]},{"$i":"weeks-ago-long","$v":{"few":[{"t":"idOrVar","v":"value"}," सप्ताह पहले"],"many":[{"t":"idOrVar","v":"value"}," सप्ताह पहले"],"one":"पिछले सप्ताह","other":[{"t":"idOrVar","v":"value"}," सप्ताह पहले"],"two":[{"t":"idOrVar","v":"value"}," सप्ताह पहले"],"zero":"इस सप्ताह"},"$x":[{"t":"idOrVar","v":"plural"},"value"]},{"$i":"months-ago-long","$v":{"few":[{"t":"idOrVar","v":"value"}," महीनों पहले"],"many":[{"t":"idOrVar","v":"value"}," महीनों पहले"],"one":"पिछले महीने","other":[{"t":"idOrVar","v":"value"}," महीनों पहले"],"two":[{"t":"idOrVar","v":"value"}," महीनों पहले"],"zero":"इस महीने"},"$x":[{"t":"idOrVar","v":"plural"},"value"]},{"$i":"years-ago-long","$v":{"few":[{"t":"idOrVar","v":"value"}," वर्ष पहले"],"many":[{"t":"idOrVar","v":"value"}," वर्ष पहले"],"one":"पिछले वर्ष","other":[{"t":"idOrVar","v":"value"}," वर्ष पहले"],"two":[{"t":"idOrVar","v":"value"}," वर्ष पहले"],"zero":"इस वर्ष"},"$x":[{"t":"idOrVar","v":"plural"},"value"]},{"$i":"minutes-until-long","$v":{"few":[{"t":"idOrVar","v":"value"}," मिनट में"],"many":[{"t":"idOrVar","v":"value"}," मिनट में"],"one":"एक मिनट में","other":[{"t":"idOrVar","v":"value"}," मिनट में"],"two":[{"t":"idOrVar","v":"value"}," मिनट में"],"zero":"अभी"},"$x":[{"t":"idOrVar","v":"plural"},"value"]},{"$i":"hours-until-long","$v":{"few":[{"t":"idOrVar","v":"value"}," घंटों में"],"many":[{"t":"idOrVar","v":"value"}," घंटों में"],"one":"एक घंटे में","other":[{"t":"idOrVar","v":"value"}," घंटों में"],"two":[{"t":"idOrVar","v":"value"}," घंटों में"],"zero":"अभी"},"$x":[{"t":"idOrVar","v":"plural"},"value"]},{"$i":"days-until-long","$v":{"few":[{"t":"idOrVar","v":"value"}," दिनों में"],"many":[{"t":"idOrVar","v":"value"}," दिनों में"],"one":"कल","other":[{"t":"idOrVar","v":"value"}," दिनों में"],"two":[{"t":"idOrVar","v":"value"}," दिनों में"],"zero":"आज"},"$x":[{"t":"idOrVar","v":"plural"},"value"]},{"$i":"weeks-until-long","$v":{"few":[{"t":"idOrVar","v":"value"}," सप्ताह में"],"many":[{"t":"idOrVar","v":"value"}," सप्ताह में"],"one":"अगले सप्ताह","other":[{"t":"idOrVar","v":"value"}," सप्ताह में"],"two":[{"t":"idOrVar","v":"value"}," सप्ताह में"],"zero":"इस सप्ताह"},"$x":[{"t":"idOrVar","v":"plural"},"value"]},{"$i":"months-until-long","$v":{"few":[{"t":"idOrVar","v":"value"}," महीनो में"],"many":[{"t":"idOrVar","v":"value"}," महीनो में"],"one":"अगले महीने","other":[{"t":"idOrVar","v":"value"}," महीनो में"],"two":[{"t":"idOrVar","v":"value"}," महीनो में"],"zero":"इस महीने"},"$x":[{"t":"idOrVar","v":"plural"},"value"]},{"$i":"years-until-long","$v":{"few":[{"t":"idOrVar","v":"value"}," वर्षों में"],"many":[{"t":"idOrVar","v":"value"}," वर्षों में"],"one":"अगले वर्ष","other":[{"t":"idOrVar","v":"value"}," वर्षों में"],"two":[{"t":"idOrVar","v":"value"}," वर्षों में"],"zero":"इस वर्ष"},"$x":[{"t":"idOrVar","v":"plural"},"value"]},{"$i":"minutes-ago-short","$v":{"other":[{"t":"idOrVar","v":"value"}," मिनट पहले"],"zero":"अभी"},"$x":[{"t":"idOrVar","v":"plural"},"value"]},{"$i":"hours-ago-short","$v":{"other":[{"t":"idOrVar","v":"value"}," घंटे पहले"],"zero":"अभी"},"$x":[{"t":"idOrVar","v":"plural"},"value"]},{"$i":"days-ago-short","$v":{"other":[{"t":"idOrVar","v":"value"}," दिनों पहले"],"zero":"आज"},"$x":[{"t":"idOrVar","v":"plural"},"value"]},{"$i":"minutes-until-short","$v":{"other":[{"t":"idOrVar","v":"value"},"मिनिट में"],"zero":"अभी"},"$x":[{"t":"idOrVar","v":"plural"},"value"]},{"$i":"hours-until-short","$v":{"other":[{"t":"idOrVar","v":"value"},"घंटे में"],"zero":"अभी"},"$x":[{"t":"idOrVar","v":"plural"},"value"]},{"$i":"days-until-short","$v":{"other":[{"t":"idOrVar","v":"value"},"दिन में"],"zero":"आज"},"$x":[{"t":"idOrVar","v":"plural"},"value"]},{"$i":"incorrectDate","$v":"(गलत दिनांक)"},{"$i":"dateTimeFormat_%c","$v":"%a %b %e %Y %I:%M:%S %p"},{"$i":"dateTimeFormat_%x","$v":"%m/%d/%Y"},{"$i":"dateTimeFormat_%X","$v":"%I:%M:%S %p"},{"$i":"shortTimeFormat","$v":"%I:%M %p"},{"$i":"shortTimeFormat12","$v":"%I:%M %p"},{"$i":"shortTimeFormat24","$v":"%H:%M"},{"$i":"shortDateTimeFormat","$v":"%x %I:%M %p"},{"$i":"weekStartsOnMonday","$v":"0.0"},{"$i":"firstDayOfTheWeek","$v":"0.0"},{"$i":"time_am","$v":"AM"},{"$i":"time_pm","$v":"PM"},{"$i":"label","$v":"लेबल"},{"$i":"mobile","$v":"मोबाइल"},{"$i":"home","$v":"होम"},{"$i":"work","$v":"वर्क"},{"$i":"personal","$v":"व्यक्तिगत"},{"$i":"faxHome","$v":"Fax होम"},{"$i":"faxOffice","$v":"Fax ऑफिस"},{"$i":"faxOther","$v":"अन्य Fax"},{"$i":"another","$v":"अन्य"},{"$i":"other","$v":"अन्य"},{"$i":"customTag","$v":"कस्टम टैग","placeholder":"कस्टम टैग"},{"$i":"current","$v":"वर्तमान में"},{"$i":"itemWithLabel","$v":[{"t":"idOrVar","v":"label"},", ",{"t":"idOrVar","v":"item"}]},{"$i":"airplaneMode","$v":"एयरप्लेन मोड"},{"$i":"searching","$v":"खोजा जा रहा हैं …"},{"$i":"noNetwork","$v":"नेटवर्क नहीं हैं"},{"$i":"roaming","$v":[{"t":"idOrVar","v":"operator"}," (रोमिंग)"]},{"$i":"operator-info","$v":[{"t":"idOrVar","v":"carrier"}," ",{"t":"idOrVar","v":"region"}]},{"$i":"emergencyCallsOnly","$v":"केवल आपातकालीन कॉल"},{"$i":"emergencyCallsOnly-unknownSIMState","$v":"(अज्ञात सिम स्थिति)"},{"$i":"emergencyCallsOnly-noSIM","$v":"(कोई सिम नहीं)"},{"$i":"emergencyCallsOnly-pinRequired","$v":"(सिम पिन आवश्यक हैं )"},{"$i":"emergencyCallsOnly-pukRequired","$v":"(सिम PUK आवश्यक हैं )"},{"$i":"emergencyCallsOnly-networkLocked","$v":"(नेटवर्क लॉक हैं)"},{"$i":"emergencyCallsOnly-serviceProviderLocked","$v":"(सेवा प्रदाता लॉक हैं)"},{"$i":"emergencyCallsOnly-corporateLocked","$v":"(कॉरपोरेट लॉक हैं)"},{"$i":"emergencyCallsOnly-network1Locked","$v":"(नेटवर्क1 लॉक हैं)"},{"$i":"emergencyCallsOnly-network2Locked","$v":"(नेटवर्क2 लॉक हैं)"},{"$i":"emergencyCallsOnly-hrpdNetworkLocked","$v":"(hrpd नेटवर्क लॉक हैं)"},{"$i":"emergencyCallsOnly-ruimCorporateLocked","$v":"(ruim कॉरपोरेट लॉक हैं)"},{"$i":"emergencyCallsOnly-ruimServiceProviderLocked","$v":"(ruim सेवा प्रदाता लॉक हैं)"},{"$i":"lockscreen-sim-id","$v":["सिम ",{"t":"idOrVar","v":"n"}]},{"$i":"charging-no-time","$v":[{"t":"idOrVar","v":"level"},"% चार्ज हैं"]},{"$i":"charging-minutes","$v":{"few":[{"t":"idOrVar","v":"level"},"% चार्ज हैं (",{"t":"idOrVar","v":"minutes"}," मिनट में पूरी तरह से चार्ज हो जाएगा)"],"many":[{"t":"idOrVar","v":"level"},"% चार्ज हैं (",{"t":"idOrVar","v":"minutes"}," मिनट में पूरी तरह से चार्ज हो जाएगा)"],"one":[{"t":"idOrVar","v":"level"},"% चार्ज हैं (",{"t":"idOrVar","v":"minutes"}," मिनट में पूरी तरह से चार्ज हो जाएगा)"],"other":[{"t":"idOrVar","v":"level"},"% चार्ज हैं (",{"t":"idOrVar","v":"minutes"}," मिनट में पूरी तरह से चार्ज हो जाएगा)"],"two":[{"t":"idOrVar","v":"level"},"% चार्ज हैं (",{"t":"idOrVar","v":"minutes"}," मिनट में पूरी तरह से चार्ज हो जाएगा)"],"zero":[{"t":"idOrVar","v":"level"},"% चार्ज हैं (",{"t":"idOrVar","v":"minutes"}," मिनट में पूरी तरह से चार्ज हो जाएगा)"]},"$x":[{"t":"idOrVar","v":"plural"},"minutes"]},{"$i":"charging-hours","$v":{"few":[{"t":"idOrVar","v":"level"},"% चार्ज हैं (",{"t":"idOrVar","v":"hours"},"घंटे ",{"t":"idOrVar","v":"minutes"}," मिनट में पूरी तरह से चार्ज हो जाएगा)"],"many":[{"t":"idOrVar","v":"level"},"% चार्ज हैं (",{"t":"idOrVar","v":"hours"},"घंटे ",{"t":"idOrVar","v":"minutes"}," मिनट में पूरी तरह से चार्ज हो जाएगा)"],"one":[{"t":"idOrVar","v":"level"},"% चार्ज हैं (",{"t":"idOrVar","v":"hours"},"घंटे ",{"t":"idOrVar","v":"minutes"}," मिनट में पूरी तरह से चार्ज हो जाएगा)"],"other":[{"t":"idOrVar","v":"level"},"% चार्ज हैं (",{"t":"idOrVar","v":"hours"},"घंटे ",{"t":"idOrVar","v":"minutes"}," मिनट में पूरी तरह से चार्ज हो जाएगा)"],"two":[{"t":"idOrVar","v":"level"},"% चार्ज हैं (",{"t":"idOrVar","v":"hours"},"घंटे ",{"t":"idOrVar","v":"minutes"}," मिनट में पूरी तरह से चार्ज हो जाएगा)"],"zero":[{"t":"idOrVar","v":"level"},"% चार्ज हैं (",{"t":"idOrVar","v":"hours"},"घंटे ",{"t":"idOrVar","v":"minutes"}," मिनट में पूरी तरह से चार्ज हो जाएगा)"]},"$x":[{"t":"idOrVar","v":"plural"},"minutes"]},{"$i":"phoneNumberInput","ariaLabel":"फ़ोन नंबर"},{"$i":"keypadDelete","ariaLabel":"हटाएँ"},{"$i":"voiceMailKey","ariaLabel":"वॉयसमेल"},{"$i":"asterisk","ariaLabel":"एस्ट्रिक चिह्न"},{"$i":"hashSign","ariaLabel":"हैश चिह्न"},{"$i":"cancel","$v":"रद्द करें"},{"$i":"loadingSimContacts","$v":"सिम कार्ड संपर्क लोड हो रहे हैं..."},{"$i":"noContactsWereFound","$v":"कोई संपर्क नहीं मिले"},{"$i":"noContactsFoundDialogOk","$v":"ठीक हैं"},{"$i":"emergencyNumber","$v":"आपातकालीन नंबर"},{"$i":"callAirplaneModeMessage","$v":"कॉल करने के लिए आपको सेटिंगस में जाकर एयरप्लेन मोड को अक्षम करना होगा।"},{"$i":"callAirplaneModeBtnOk","$v":"ठीक हैं"},{"$i":"callAirplaneModeTitle","$v":"एयरप्लेन मोड सक्रिय किया गया"},{"$i":"numberIsBusyTitle","$v":"नंबर व्यस्त हैं"},{"$i":"numberIsBusyMessage","$v":"नंबर वर्तमान में व्यस्त हैं। कृपया पुनः प्रयास करें।"},{"$i":"fdnIsActiveTitle","$v":"FDN सक्रिय हैं"},{"$i":"fdnIsActiveMessage","$v":["FDN (फिक्स्ड डायलिंग नंबर) सक्रिय हैं और निम्न नंबर आपकी FDN लिस्ट में नहीं हैं: ",{"t":"idOrVar","v":"number"}]},{"$i":"emergencyDialogBodyBadNumber","$v":"कॉल करने के लिए, फ़ोन को किसी नेटवर्क से कनेक्ट करना चाहिए।"},{"$i":"emergencyDialogBodyDeviceNotAccepted","$v":"नेटवर्क द्वारा आपातकालीन कॉल की अनुमति नहीं हैं।"},{"$i":"emergencyDialogBtnOk","$v":"ठीक हैं"},{"$i":"emergencyDialogTitle","$v":"कोई नेटवर्क कनेक्शन नहीं हैं"},{"$i":"invalidNumberToDialTitle","$v":"अमान्य फ़ोन नंबर"},{"$i":"invalidNumberToDialMessage","$v":"आप जिस फ़ोन नंबर पर कॉल कर रहे हैं, वह मान्य नहीं हैं।"},{"$i":"unableToCallTitle","$v":"कॉल नहीं किया जा सकता"},{"$i":"unableToCallMessage","$v":"अभी फ़ोन कॉल करने में असमर्थ।"},{"$i":"otherConnectionInUseTitle","$v":"अन्य कनेक्शन उपयोग में हैं"},{"$i":"otherConnectionInUseMessage","$v":"आपके पास किसी अन्य कनेक्शन पर एक सक्रिय कॉल हैं। आप एक समय में केवल एक कनेक्शन का उपयोग कर सकते हैं।"},{"$i":"connectingEllipsis","$v":"कनेक्ट हो रहा हैं.."},{"$i":"clear","$v":"साफ़ करें"},{"$i":"dialer","$v":"डायलर"},{"$i":"kai-incomming-call","$v":"इनकमिंग कॉल"},{"$i":"kai-in-call","$v":"कॉल में"},{"$i":"kai-answer","$v":"उत्तर दें"},{"$i":"kai-end-answer","$v":"समाप्ति और उत्तर दें"},{"$i":"kai-decline","$v":"अस्वीकार"},{"$i":"enter-passcode","$v":"कृपया स्क्रीन अनलॉक करने के लिए पासकोड दर्ज करें।"},{"$i":"passcode-error","$v":"अमान्य कोड। कृपया पुनः प्रयास करें।"},{"$i":"voice-call","$v":"ध्वनि में बदलें"},{"$i":"video-call","$v":"वीडियो में बदलें"},{"$i":"message","$v":"संदेश"},{"$i":"answer-rtt-call","$v":"आर.टी.टी को उत्तर दें "},{"$i":"req-rtt-call","$v":"ANS RTT"},{"$i":"rtt-call","$v":"आर.टी.टी कॉल"},{"$i":"rtt-view","$v":"आर.टी.टी व्यू"},{"$i":"change-to-rtt-call","$v":"आर.टी.टी कॉल कनेक्ट हो रहा है ..."},{"$i":"change-to-voice-call","$v":"वॉइस कॉल में बदला गया।"},{"$i":"upgrading-rtt","$v":"आर.टी.टी कॉल में अपग्रेड हो रहा है ..."},{"$i":"rtt-call-failed","$v":"आर.टी.टी कॉल विफल रहा।"},{"$i":"voice-call-failed","$v":"वॉइस कॉल विफल रहा।"},{"$i":"rtt","$v":"RTT"},{"$i":"rtt-emegency-upgrade-rejected","$v":"इस 911 कॉल के लिए आर.टी.टी उपलब्ध नहीं है।"},{"$i":"rtt-emegency-downgrade","$v":"इस 911 कॉल के लिए आर.टी.टी उपलब्ध नहीं है। आपका कॉल केवल-वॉइस कॉल के रूप में कनेक्ट किया गया है। यदि आपको कोई परेशानी होती है, कृपया 911 को एक वॉइस कॉल या रिले कॉल करें।"},{"$i":"voice-only-call","$v":"आपका कॉल केवल-वॉइस कॉल के रूप में कनेक्ट किया गया है।"},{"$i":"ans-rtt-failed","$v":"आर.टी.टी कॉल स्थापित करने में विफल। आपका कॉल केवल-वॉइस कॉल के रूप में कनेक्ट किया गया है।"},{"$i":"back","$v":"वापस जाएं"},{"$i":"new-message","$v":"इनसे नए संदेश"},{"$i":"kai-mute","$v":"म्यूट करें"},{"$i":"kai-unmute","$v":"अनम्यूट करें"},{"$i":"kai-speaker","$v":"स्पीकर"},{"$i":"kai-speaker-off","$v":"स्पीकर ऑफ"},{"$i":"kai-microphone-mute-notification","$v":"माइक्रोफ़ोन म्यूट किया गया"},{"$i":"kai-microphone-active-notification","$v":"माइक्रोफ़ोन सक्रिय हैं"},{"$i":"kai-speaker-off-notification","$v":"बाहरी स्पीकर ऑफ किया गया"},{"$i":"kai-speaker-on-notification","$v":"बाहरी स्पीकर ऑन किया गया"},{"$i":"kai-hold-and-answer","$v":"होल्ड पर रखें और उत्तर दें"},{"$i":"kai-ignore-call","$v":"इनकमिंग कॉल को अनदेखा करें"},{"$i":"kai-add-to-call","$v":"कॉल जोड़ें"},{"$i":"kai-switch-to-second-line","$v":"कॉल स्वैप करें"},{"$i":"kai-merge-calls","$v":"कॉल मर्ज करें"},{"$i":"ok","$v":"ठीक हैं"},{"$i":"losing-wifi-msg","$v":"losing Wi-Fi"},{"$i":"hd","$v":"HD"},{"$i":"manage-call","$v":"कॉल प्रबंधित करें"},{"$i":"end","$v":"कॉल बंद करें"},{"$i":"private","$v":"निजी"},{"$i":"sound","$v":"ध्वनि"},{"$i":"bluetooth-device","$v":"ब्लूटूथ डिवाइस"},{"$i":"handset-earpiece","$v":"हैंडसेट"},{"$i":"speaker","$v":"स्पीकर"},{"$i":"call-ended","$v":"कॉल समाप्त हुआ"},{"$i":"payphone","$v":"पेफ़ोन"},{"$i":"contact","$v":"संपर्क"},{"$i":"dialer-prompt","$v":"नंबर डायल करें या कॉल में जोड़ने के लिए संपर्क चुनें"},{"$i":"call","$v":"कॉल करें"},{"$i":"hold","$v":"होल्ड"},{"$i":"volume","$v":"वॉल्यूम"},{"$i":"softkey-options","$v":"विकल्प"},{"$i":"unhold-call","$v":"कॉल को अनहोल्ड करें"},{"$i":"hold-call","$v":"कॉल को होल्ड करें"},{"$i":"select","$v":"चुनें"},{"$i":"unknown","$v":"अज्ञात"},{"$i":"switch-calls","$v":"कॉल स्विच करें"},{"$i":"voiceMail","$v":"वॉयसमेल"},{"$i":"incoming","$v":"इनकमिंग"},{"$i":"outgoing","$v":"आउटगोइंग"},{"$i":"callEnded","$v":"कॉल समाप्त हुआ"},{"$i":"callEndedDuration","$v":["कॉल (",{"t":"idOrVar","v":"duration"},") में समाप्त हुई"]},{"$i":"conferenceAddError","$v":"कॉल मर्ज करने में असमर्थ"},{"$i":"conferenceRemoveError","$v":"कॉल को अनमर्ज करने में असमर्थ"},{"$i":"callDurationMinutes","$v":[{"t":"idOrVar","v":"m"},":",{"t":"idOrVar","v":"s"}]},{"$i":"callDurationHours","$v":[{"t":"idOrVar","v":"h"},":",{"t":"idOrVar","v":"m"},":",{"t":"idOrVar","v":"s"}]},{"$i":"callDurationTextFormatSeconds","$v":[{"t":"idOrVar","v":"s"}," सेकंड"]},{"$i":"callDurationTextFormatMinutes","$v":[{"t":"idOrVar","v":"m"}," मिनिट ",{"t":"idOrVar","v":"s"}," सेकंड"]},{"$i":"callDurationTextFormatHours","$v":[{"t":"idOrVar","v":"h"}," घंटे ",{"t":"idOrVar","v":"m"}," मिनिट ",{"t":"idOrVar","v":"s"}," सेकंड"]},{"$i":"switch-to-device-toast","$v":"ब्लूटूथ डिवाइस पर स्विच किया गया"},{"$i":"switch-to-handset-toast","$v":"हैंडसेट इयरपीस पर स्विच किया गया"},{"$i":"switch-to-speaker-toast","$v":"स्पीकर पर स्विच किया गया"},{"$i":"connecting","$v":"कनेक्ट हो रहा हैं"},{"$i":"wifi-call-quality-excellent","$v":"अत्युत्तम"},{"$i":"wifi-call-quality-fair","$v":"उचित"},{"$i":"wifi-call-quality-bad","$v":"ख़राब"},{"$i":"call-left-conference-toast","$v":"ने कॉल छोड़ दिया हैं"},{"$i":"camera-off","$v":"कैमरा बंध है"},{"$i":"camera-on","$v":"कैमरा चालू है"},{"$i":"rear-camera","$v":"पीछे का कैमरा"},{"$i":"front-camera","$v":"आगे का कैमरा"},{"$i":"hide-info","$v":"जानकारी छिपाएँ"},{"$i":"show-info","$v":"जानकारी दिखाएं"},{"$i":"video-call-rejected","$v":"वीडियो कॉल अस्वीकार कर दिया है, वॉइस कॉल करने के लिए परिवर्तन करें।"},{"$i":"video-call-not-support","$v":"वीडियो कॉल समर्थित नहीं है।"},{"$i":"video-call-rejected-timeout","$v":"वीडियो कॉल अस्वीकार या टाइमआउट हुआ।"},{"$i":"video-call-from","$v":[{"t":"idOrVar","v":"name"}," से वीडियो कॉल प्राप्त"]},{"$i":"video-call-canceled","$v":"वीडियो कॉल रद्द हुआ।"},{"$i":"video-call-failed","$v":"वीडियो कॉल निष्फल"},{"$i":"call-downgraded","$v":"कॉल डाउनग्रेडेड है।"},{"$i":"wifi-calling","$v":"WiFi कॉलिंग"},{"$i":"wifi-calling-1","$v":"आपका कॉल ड्रॉप हो सकता है।"},{"$i":"wifi-calling-2","$v":"आप लगभग वाई-फ़ाई कवरेज की श्रेणी से बाहर हैं।"},{"$i":"wifi-calling-dropped","$v":"वाई-फ़ाई कॉलिंग ड्राप"},{"$i":"accept","$v":"स्वीकार"},{"$i":"conference-call-num","$v":["कॉल में ",{"t":"idOrVar","v":"num"}," लोग।"]},{"$i":"more","$v":"अधिक"},{"$i":"rec","$v":"आर.ई.सी"},{"$i":"start-recording-call","$v":"कॉल रिकॉर्ड करना शुरू करें।"},{"$i":"stop-recording-call","$v":"कॉल रिकॉर्ड करना बंद करेंI"},{"$i":"insufficient-storage","$v":"अपर्याप्त स्टोरेज। रिकॉर्डिंग बंद हो गई है।"},{"$i":"reply","$v":"जवाब दें"},{"$i":"reply-message-1","$v":"क्षमा करें, मैं अभी बात नहीं कर सकता।"},{"$i":"reply-message-2","$v":"मैं रास्ते में हूं।"},{"$i":"reply-message-3","$v":"क्या मैं आपको बाद में कॉल कर सकता हूँ?"},{"$i":"reply-message-4","$v":"कस्टम..."},{"$i":"reply-to-name","$v":[{"t":"idOrVar","v":"name"}," को उत्तर दिया गया"]},{"$i":"mt-call-on-hold","$v":"कॉल को होल्ड पर रखा गया है।"},{"$i":"mt-call_retrieved","$v":"कॉल रिट्रीव किया गया है।"},{"$i":"mt-multi_party_call","$v":"आपको एक कॉन्फ़्रेंस कॉल में जोड़ा गया है।"},{"$i":"hangup-a11y-button","$v":""},{"$i":"pickup-a11y-button","$v":""},{"$i":"mute","$v":""},{"$i":"toggleKeypad","$v":""},{"$i":"newCall","$v":""},{"$i":"speakerOption","$v":""},{"$i":"bluetoothOption","$v":""},{"$i":"onHoldOption","$v":""},{"$i":"merge","$v":""},{"$i":"ignore","$v":""},{"$i":"dialerAddContact","$v":""},{"$i":"makeCall","$v":""},{"$i":"call-forwarding-async","$v":["असिंक्रोन्स: ",{"t":"idOrVar","v":"async"}]},{"$i":"call-forwarding-data","$v":["डेटा: ",{"t":"idOrVar","v":"data"}]},{"$i":"call-forwarding-error","$v":"कॉल फॉरवर्ड स्थिति पुनर्प्राप्त करते समय एक त्रुटि हुई"},{"$i":"call-forwarding-fax","$v":["FAX: ",{"t":"idOrVar","v":"fax"}]},{"$i":"call-forwarding-inactive","$v":"निष्क्रिय"},{"$i":"call-forwarding-packet","$v":["पैकेट: ",{"t":"idOrVar","v":"packet"}]},{"$i":"call-forwarding-pad","$v":["PAD: ",{"t":"idOrVar","v":"pad"}]},{"$i":"call-forwarding-sms","$v":["SMS: ",{"t":"idOrVar","v":"sms"}]},{"$i":"call-forwarding-status","$v":"कॉल फॉरवर्डिंग स्थिति"},{"$i":"call-forwarding-sync","$v":["समकालिक: ",{"t":"idOrVar","v":"sync"}]},{"$i":"call-forwarding-voice","$v":["वॉयस: ",{"t":"idOrVar","v":"voice"}]},{"$i":"scCallBarring","$v":"कॉल प्रतिबंध"},{"$i":"scCallForwarding","$v":"कॉल फॉरवार्डिंग"},{"$i":"scClip","$v":"इनकमिंग कॉलर ID"},{"$i":"scClir","$v":"आउटगोइंग कॉलर ID"},{"$i":"scPwd","$v":"पासवर्ड बदलें"},{"$i":"scCallWaiting","$v":"कॉल प्रतीक्षा में हैं"},{"$i":"scPin","$v":"पिन बदलें"},{"$i":"scPin2","$v":"पिन2 बदलें"},{"$i":"scPuk","$v":"पिन अनब्लॉक करें"},{"$i":"scPuk2","$v":"पिन2 अनब्लॉक करें"},{"$i":"scImei","$v":"IMEI"},{"$i":"scMeid","$v":"MEID"},{"$i":"scUssd","$v":"USSD"},{"$i":"serviceClassVoice","$v":"ध्‍वनि"},{"$i":"serviceClassData","$v":"डेटा"},{"$i":"serviceClassFax","$v":"FAX"},{"$i":"serviceClassSms","$v":"SMS"},{"$i":"serviceClassDataSync","$v":"सिंक"},{"$i":"serviceClassDataAsync","$v":"असिंक"},{"$i":"serviceClassPacket","$v":"पैकेट"},{"$i":"serviceClassPad","$v":"PAD"},{"$i":"smServiceEnabled","$v":"सेवा सक्षम हुई"},{"$i":"smServiceDisabled","$v":"सेवा अक्षम हुई"},{"$i":"smServiceRegistered","$v":"पंजीकरण सफल रहा"},{"$i":"smServiceErased","$v":"मिटाना सफल रहा"},{"$i":"smServiceInterrogated","$v":"अनुरोध सफल रहा"},{"$i":"smServiceNotProvisioned","$v":"सेवा का प्रावधान नहीं हैं"},{"$i":"smClirPermanent","$v":"आप कॉलर ID सेटिंग नहीं बदल सकते"},{"$i":"smClirDefaultOnNextCallOn","$v":"कॉलर ID डिफॉल्ट के रूप में प्रतिबंधित हैं। अगला कॉल: प्रतिबंधित"},{"$i":"smClirDefaultOnNextCallOff","$v":"कॉलर ID डिफॉल्ट के रूप में प्रतिबंधित हैं। अगला कॉल: प्रतिबंधित नहीं"},{"$i":"smClirDefaultOffNextCallOn","$v":"कॉलर ID डिफॉल्ट के रूप में प्रतिबंधित नहीं हैं। अगला कॉल: प्रतिबंधित"},{"$i":"smClirDefaultOffNextCallOff","$v":"कॉलर ID डिफॉल्ट के रूप में प्रतिबंधित नहीं हैं। अगला कॉल: प्रतिबंधित नहीं"},{"$i":"smServiceEnabledFor","$v":"सेवा सक्षम हुई:"},{"$i":"smPinChanged","$v":"पिन सफलतापूर्वक बदला गया"},{"$i":"smPinUnblocked","$v":"पिन सफलतापूर्वक अनवरोधित किया गया"},{"$i":"smPin2Changed","$v":"पिन2 सफलतापूर्वक बदला गया"},{"$i":"smPin2Unblocked","$v":"पिन2 सफलतापूर्वक अनवरोधित किया गया"},{"$i":"ServiceIsEnabled","$v":"सेवा सक्षम हैं"},{"$i":"ServiceIsDisabled","$v":"सेवा अक्षम हैं"},{"$i":"ServiceIsEnabledFor","$v":"सेवा सक्षम हुई:"},{"$i":"emMmiError","$v":"कनेक्शन समस्या या अमान्य MMI कोड"},{"$i":"emMmiErrorPasswordIncorrect","$v":"गलत पासवर्ड"},{"$i":"emMmiErrorNotSupported","$v":"अमान्य या असमर्थित MMI कोड"},{"$i":"emMmiErrorInvalidAction","$v":"अमान्य कार्रवाई"},{"$i":"emMmiErrorInvalidScCode","$v":"अमान्य सेवा कोड"},{"$i":"emMmiErrorBadPuk","$v":"आपके द्वारा लिखा गया PUK सही नहीं हैं"},{"$i":"emMmiErrorBadPin","$v":"आपके द्वारा लिखा गया पुराना पिन सही नहीं हैं।"},{"$i":"emMmiErrorNeedPuk2","$v":"सिम कार्ड को अनब्लॉक करने के लिए PUK2 लिखें"},{"$i":"emMmiErrorMismatchPin","$v":"आपके द्वारा लिखे गए पिन मेल नहीं खा रहे"},{"$i":"emMmiErrorInvalidPin","$v":"4 से 8 संख्याओं का पिन लिखें"},{"$i":"emMmiErrorNeedsPuk","$v":"आपके सिम कार्ड में PUK लॉक हैं"},{"$i":"emMmiErrorEnablePin","$v":"असफल। SIM/RUIM लॉक सक्षम करें"},{"$i":"emMmiErrorMmiFdn","$v":"ऑपरेशन केवल फिक्सड डायलिंग नंबरों के लिए ही सीमित हैं"},{"$i":"emMmiErrorStkCcUssdDial","$v":"USSD अनुरोध को डायल अनुरोध में बदल दिया गया हैं ."},{"$i":"emMmiErrorStkCcUssdSs","$v":"USSD अनुरोध को SS अनुरोध में बदल दिया गया हैं ."},{"$i":"emMmiErrorStkCcUssdUssd","$v":"USSD अनुरोध को नए USSD अनुरोध में बदल दिया गया हैं ."},{"$i":"emMmiErrorStkCcSsDial","$v":"SS अनुरोध को बदल के डायल अनुरोध में बदल दिया गया हैं"},{"$i":"emMmiErrorStkCcSsUssd","$v":"SS अनुरोध को बदल के USSD अनुरोध में बदल दिया गया हैं"},{"$i":"emMmiErrorStkCcSsSs","$v":"SS अनुरोध को बदल के नए SS अनुरोध में बदल दिया गया हैं"},{"$i":"emMmiErrorPinPukAttempts","$v":{"few":[{"t":"idOrVar","v":"n"}," पुनर्प्रयास शेष हैं"],"many":[{"t":"idOrVar","v":"n"}," पुनर्प्रयास शेष हैं"],"one":["केवल ",{"t":"idOrVar","v":"n"}," पुनर्प्रयास शेष हैं"],"other":[{"t":"idOrVar","v":"n"}," पुनर्प्रयास शेष हैं"],"two":[{"t":"idOrVar","v":"n"}," पुनर्प्रयास शेष हैं"]},"$x":[{"t":"idOrVar","v":"plural"},"n"]},{"$i":"emMmiErrorSimBlocked","$v":"पुनर्प्रयास की अधिकतम संख्या पार हो गई हैं। सिम ब्लॉक्ड हैं"},{"$i":"RadioNotAvailable","$v":"रेडियो उपलब्ध नहीं हैं"},{"$i":"GenericFailure","$v":"सामान्य विफलता"},{"$i":"PasswordIncorrect","$v":"पासवर्ड गलत हैं"},{"$i":"SimPin2","$v":"सिम पिन 2"},{"$i":"SimPuk2","$v":"सिम PUK2"},{"$i":"RequestNotSupported","$v":"अनुरोध समर्थित नहीं हैं"},{"$i":"OpNotAllowedDuringVoiceCall","$v":"ध्वनि कॉल के दौरान ऑपरेशन की अनुमति नहीं हैं"},{"$i":"SmsSendFailRetry","$v":"SMS भेजना विफल पुनर्प्रयास करें"},{"$i":"SimAbsent","$v":"सिम नही है"},{"$i":"SubscriptionNotAvailable","$v":"सदस्यता उपलब्ध नहीं हैं"},{"$i":"ModeNotSupported","$v":"मोड समर्थित नहीं"},{"$i":"FdnCheckFailure","$v":"Fdn जांच विफल रही"},{"$i":"IllegalSimOrMe","$v":"अवैध सिम या ME"},{"$i":"DialModifiedToUssd","$v":"डायल को बदल के USSD किया गया"},{"$i":"DialModifiedToSs","$v":"डायल को बदल के SS किया गया"},{"$i":"DialModifiedToDial","$v":"डायल को बदल के डायल किया गया"},{"$i":"UssdModifiedToDial","$v":"USSD को बदल के डायल किया गया"},{"$i":"UssdModifiedToSs","$v":"USSD को बदल के SS किया गया"},{"$i":"UssdModifiedToUssd","$v":"USSD को बदल के USSD किया गया"},{"$i":"SsModifiedToDial","$v":"SS को बदल के डायल किया गया"},{"$i":"SsModifiedToUssd","$v":"SS को बदल के USSD किया गया"},{"$i":"SsModifiedToSs","$v":"SS को बदल के SS किया गया"},{"$i":"SubscriptionNotSupported","$v":"सदस्यता समर्थित नहीं हैं"},{"$i":"InvalidParameter","$v":"अमान्य पैरामीटर"},{"$i":"RejectedByRemote","$v":"रिमोट द्वारा अस्वीकृत"},{"$i":"error","$v":"त्रुटि"}]