[{"$i":"weekday-0-long","$v":"Nedjelja"},{"$i":"weekday-1-long","$v":"Ponedjeljak"},{"$i":"weekday-2-long","$v":"Utorak"},{"$i":"weekday-3-long","$v":"Srijeda"},{"$i":"weekday-4-long","$v":"Četvrtak"},{"$i":"weekday-5-long","$v":"Petak"},{"$i":"weekday-6-long","$v":"Subota"},{"$i":"weekday-0-short","$v":"Ned"},{"$i":"weekday-1-short","$v":"Pon"},{"$i":"weekday-2-short","$v":"Uto"},{"$i":"weekday-3-short","$v":"Sri"},{"$i":"weekday-4-short","$v":"Čet"},{"$i":"weekday-5-short","$v":"Pet"},{"$i":"weekday-6-short","$v":"Sub"},{"$i":"month-0-long","$v":"Siječanj"},{"$i":"month-1-long","$v":"Veljača"},{"$i":"month-2-long","$v":"Ožujak"},{"$i":"month-3-long","$v":"Travanj"},{"$i":"month-4-long","$v":"Svibanj"},{"$i":"month-5-long","$v":"Lipanj"},{"$i":"month-6-long","$v":"Srpanj"},{"$i":"month-7-long","$v":"Kolovoz"},{"$i":"month-8-long","$v":"Rujan"},{"$i":"month-9-long","$v":"Listopad"},{"$i":"month-10-long","$v":"Studeni"},{"$i":"month-11-long","$v":"Prosinac"},{"$i":"month-0-genitive","$v":"Siječanj"},{"$i":"month-1-genitive","$v":"Veljača"},{"$i":"month-2-genitive","$v":"Ožujak"},{"$i":"month-3-genitive","$v":"Travanj"},{"$i":"month-4-genitive","$v":"Svibanj"},{"$i":"month-5-genitive","$v":"Lipanj"},{"$i":"month-6-genitive","$v":"Srpanj"},{"$i":"month-7-genitive","$v":"Kolovoz"},{"$i":"month-8-genitive","$v":"Rujan"},{"$i":"month-9-genitive","$v":"Listopad"},{"$i":"month-10-genitive","$v":"Studeni"},{"$i":"month-11-genitive","$v":"Prosinac"},{"$i":"month-0-short","$v":"SIJEC."},{"$i":"month-1-short","$v":"VELJ."},{"$i":"month-2-short","$v":"OZUJ."},{"$i":"month-3-short","$v":"TRAV."},{"$i":"month-4-short","$v":"SVIB."},{"$i":"month-5-short","$v":"LIP."},{"$i":"month-6-short","$v":"SRP."},{"$i":"month-7-short","$v":"KOL."},{"$i":"month-8-short","$v":"RUJ."},{"$i":"month-9-short","$v":"LIST."},{"$i":"month-10-short","$v":"STUD."},{"$i":"month-11-short","$v":"PROS."},{"$i":"minutes-ago-long","$v":{"few":["Prije ",{"t":"idOrVar","v":"value"}," min"],"many":["Prije ",{"t":"idOrVar","v":"value"}," min"],"one":"prije 1 min","other":["Prije ",{"t":"idOrVar","v":"value"}," min"],"two":["Prije ",{"t":"idOrVar","v":"value"}," min"],"zero":"upravo sad"},"$x":[{"t":"idOrVar","v":"plural"},"value"]},{"$i":"hours-ago-long","$v":{"few":["Prije ",{"t":"idOrVar","v":"value"}," h"],"many":["Prije ",{"t":"idOrVar","v":"value"}," h"],"one":"prije jednog sata","other":["Prije ",{"t":"idOrVar","v":"value"}," h"],"two":["Prije ",{"t":"idOrVar","v":"value"}," h"],"zero":"upravo sad"},"$x":[{"t":"idOrVar","v":"plural"},"value"]},{"$i":"days-ago-long","$v":{"few":["Prije ",{"t":"idOrVar","v":"value"}," dana"],"many":["Prije ",{"t":"idOrVar","v":"value"}," dana"],"one":"jučer","other":["Prije ",{"t":"idOrVar","v":"value"}," dana"],"two":["Prije ",{"t":"idOrVar","v":"value"}," dana"],"zero":"danas"},"$x":[{"t":"idOrVar","v":"plural"},"value"]},{"$i":"weeks-ago-long","$v":{"few":["Prije ",{"t":"idOrVar","v":"value"}," tjed(a)na"],"many":["Prije ",{"t":"idOrVar","v":"value"}," tjed(a)na"],"one":"prošli tjedan","other":["Prije ",{"t":"idOrVar","v":"value"}," tjed(a)na"],"two":["Prije ",{"t":"idOrVar","v":"value"}," tjed(a)na"],"zero":"ovaj tjedan"},"$x":[{"t":"idOrVar","v":"plural"},"value"]},{"$i":"months-ago-long","$v":{"few":["Prije ",{"t":"idOrVar","v":"value"}," mjeseci(a)"],"many":["Prije ",{"t":"idOrVar","v":"value"}," mjeseci(a)"],"one":"prošli mjesec","other":["Prije ",{"t":"idOrVar","v":"value"}," mjeseci(a)"],"two":["Prije ",{"t":"idOrVar","v":"value"}," mjeseci(a)"],"zero":"ovaj mjesec"},"$x":[{"t":"idOrVar","v":"plural"},"value"]},{"$i":"years-ago-long","$v":{"few":["Prije ",{"t":"idOrVar","v":"value"}," godina"],"many":["Prije ",{"t":"idOrVar","v":"value"}," godina"],"one":"prošle godine","other":["Prije ",{"t":"idOrVar","v":"value"}," godina"],"two":["Prije ",{"t":"idOrVar","v":"value"}," godina"],"zero":"ova godina"},"$x":[{"t":"idOrVar","v":"plural"},"value"]},{"$i":"minutes-until-long","$v":{"few":["za ",{"t":"idOrVar","v":"value"}," min"],"many":["za ",{"t":"idOrVar","v":"value"}," min"],"one":"za minutu","other":["za ",{"t":"idOrVar","v":"value"}," min"],"two":["za ",{"t":"idOrVar","v":"value"}," min"],"zero":"sada"},"$x":[{"t":"idOrVar","v":"plural"},"value"]},{"$i":"hours-until-long","$v":{"few":["za ",{"t":"idOrVar","v":"value"}," h"],"many":["za ",{"t":"idOrVar","v":"value"}," h"],"one":"za sat vremena","other":["za ",{"t":"idOrVar","v":"value"}," h"],"two":["za ",{"t":"idOrVar","v":"value"}," h"],"zero":"sada"},"$x":[{"t":"idOrVar","v":"plural"},"value"]},{"$i":"days-until-long","$v":{"few":["za ",{"t":"idOrVar","v":"value"}," dana"],"many":["za ",{"t":"idOrVar","v":"value"}," dana"],"one":"sutra","other":["za ",{"t":"idOrVar","v":"value"}," dana"],"two":["za ",{"t":"idOrVar","v":"value"}," dana"],"zero":"danas"},"$x":[{"t":"idOrVar","v":"plural"},"value"]},{"$i":"weeks-until-long","$v":{"few":["za ",{"t":"idOrVar","v":"value"}," tjed(a)na"],"many":["za ",{"t":"idOrVar","v":"value"}," tjed(a)na"],"one":"sljedećeg tjedna","other":["za ",{"t":"idOrVar","v":"value"}," tjed(a)na"],"two":["za ",{"t":"idOrVar","v":"value"}," tjed(a)na"],"zero":"ovaj tjedan"},"$x":[{"t":"idOrVar","v":"plural"},"value"]},{"$i":"months-until-long","$v":{"few":["za ",{"t":"idOrVar","v":"value"}," mjeseci(a)"],"many":["za ",{"t":"idOrVar","v":"value"}," mjeseci(a)"],"one":"sljedećeg mjeseca","other":["za ",{"t":"idOrVar","v":"value"}," mjeseci(a)"],"two":["za ",{"t":"idOrVar","v":"value"}," mjeseci(a)"],"zero":"ovaj mjesec"},"$x":[{"t":"idOrVar","v":"plural"},"value"]},{"$i":"years-until-long","$v":{"few":["za ",{"t":"idOrVar","v":"value"}," godina"],"many":["za ",{"t":"idOrVar","v":"value"}," godina"],"one":"sljedeće godine","other":["za ",{"t":"idOrVar","v":"value"}," godina"],"two":["za ",{"t":"idOrVar","v":"value"}," godina"],"zero":"ova godina"},"$x":[{"t":"idOrVar","v":"plural"},"value"]},{"$i":"minutes-ago-short","$v":{"other":["Prije ",{"t":"idOrVar","v":"value"}," min"],"zero":"upravo sad"},"$x":[{"t":"idOrVar","v":"plural"},"value"]},{"$i":"hours-ago-short","$v":{"other":["Prije ",{"t":"idOrVar","v":"value"}," h"],"zero":"upravo sad"},"$x":[{"t":"idOrVar","v":"plural"},"value"]},{"$i":"days-ago-short","$v":{"other":["Prije ",{"t":"idOrVar","v":"value"}," dana"],"zero":"danas"},"$x":[{"t":"idOrVar","v":"plural"},"value"]},{"$i":"minutes-until-short","$v":{"other":["za ",{"t":"idOrVar","v":"value"}," min"],"zero":"sada"},"$x":[{"t":"idOrVar","v":"plural"},"value"]},{"$i":"hours-until-short","$v":{"other":["za ",{"t":"idOrVar","v":"value"}," h"],"zero":"sada"},"$x":[{"t":"idOrVar","v":"plural"},"value"]},{"$i":"days-until-short","$v":{"other":["za ",{"t":"idOrVar","v":"value"}," d."],"zero":"danas"},"$x":[{"t":"idOrVar","v":"plural"},"value"]},{"$i":"incorrectDate","$v":"(netočan datum)"},{"$i":"dateTimeFormat_%c","$v":"%a %b %e %Y %I:%M:%S %p"},{"$i":"dateTimeFormat_%x","$v":"%m/%d/%Y"},{"$i":"dateTimeFormat_%X","$v":"%I:%M:%S %p"},{"$i":"shortTimeFormat","$v":"%x %I:%M %p"},{"$i":"shortTimeFormat12","$v":"%x %I:%M %p"},{"$i":"shortTimeFormat24","$v":"%H:%M"},{"$i":"shortDateTimeFormat","$v":"%x %I:%M %p"},{"$i":"weekStartsOnMonday","$v":"0.0"},{"$i":"firstDayOfTheWeek","$v":"1.0"},{"$i":"time_am","$v":"AM"},{"$i":"time_pm","$v":"PM"},{"$i":"label","$v":"Oznaka"},{"$i":"mobile","$v":"Mobitel"},{"$i":"home","$v":"Kod kuće"},{"$i":"work","$v":"Posao"},{"$i":"personal","$v":"Osobno"},{"$i":"faxHome","$v":"Faks kod kuće"},{"$i":"faxOffice","$v":"Faks u uredu"},{"$i":"faxOther","$v":"Faks drugdje"},{"$i":"another","$v":"Nešto drugo"},{"$i":"other","$v":"Drugo"},{"$i":"customTag","$v":"Prilagođena oznaka","placeholder":"Prilagođena oznaka"},{"$i":"current","$v":"Trenutno"},{"$i":"itemWithLabel","$v":[{"t":"idOrVar","v":"label"},", ",{"t":"idOrVar","v":"item"}]},{"$i":"airplaneMode","$v":"Zrakoplovni način"},{"$i":"searching","$v":"Pretraživanje..."},{"$i":"noNetwork","$v":"Nema mreže"},{"$i":"roaming","$v":[{"t":"idOrVar","v":"operator"}," (Roaming)"]},{"$i":"operator-info","$v":[{"t":"idOrVar","v":"carrier"}," ",{"t":"idOrVar","v":"region"}]},{"$i":"emergencyCallsOnly","$v":"Samo žurni pozivi"},{"$i":"emergencyCallsOnly-unknownSIMState","$v":"(nepoznato stanje SIM-a)"},{"$i":"emergencyCallsOnly-noSIM","$v":"(nema SIM-a)"},{"$i":"emergencyCallsOnly-pinRequired","$v":"(obavezan je PIN za SIM)"},{"$i":"emergencyCallsOnly-pukRequired","$v":"(obavezan je PUK za SIM)"},{"$i":"emergencyCallsOnly-networkLocked","$v":"(mreža je zaključana)"},{"$i":"emergencyCallsOnly-serviceProviderLocked","$v":"(zaključao davatelj usluga)"},{"$i":"emergencyCallsOnly-corporateLocked","$v":"(zaključala korporacija)"},{"$i":"emergencyCallsOnly-network1Locked","$v":"(mreža1 je zaključana)"},{"$i":"emergencyCallsOnly-network2Locked","$v":"(mreža2 je zaključana)"},{"$i":"emergencyCallsOnly-hrpdNetworkLocked","$v":"(hrpd mreža je zaključana)"},{"$i":"emergencyCallsOnly-ruimCorporateLocked","$v":"(ruim je zaključala korporacija)"},{"$i":"emergencyCallsOnly-ruimServiceProviderLocked","$v":"(ruim je zaključao davatelj usluga)"},{"$i":"lockscreen-sim-id","$v":["SIM ",{"t":"idOrVar","v":"n"}]},{"$i":"charging-no-time","$v":["Napunjeno ",{"t":"idOrVar","v":"level"}," %"]},{"$i":"charging-minutes","$v":{"few":["Napunjeno ",{"t":"idOrVar","v":"level"}," % (",{"t":"idOrVar","v":"minutes"}," min do završetka punjenja)"],"many":["Napunjeno ",{"t":"idOrVar","v":"level"}," % (",{"t":"idOrVar","v":"minutes"}," min do završetka punjenja)"],"one":["Napunjeno ",{"t":"idOrVar","v":"level"}," % (",{"t":"idOrVar","v":"minutes"}," min do završetka punjenja)"],"other":["Napunjeno ",{"t":"idOrVar","v":"level"}," % (",{"t":"idOrVar","v":"minutes"}," min do završetka punjenja)"],"two":["Napunjeno ",{"t":"idOrVar","v":"level"}," % (",{"t":"idOrVar","v":"minutes"}," min do završetka punjenja)"],"zero":["Napunjeno ",{"t":"idOrVar","v":"level"}," % (",{"t":"idOrVar","v":"minutes"}," min do završetka punjenja)"]},"$x":[{"t":"idOrVar","v":"plural"},"minutes"]},{"$i":"charging-hours","$v":{"few":["Napunjeno ",{"t":"idOrVar","v":"level"},"% (",{"t":"idOrVar","v":"hours"}," h i ",{"t":"idOrVar","v":"minutes"}," min do završetka punjenja)"],"many":["Napunjeno ",{"t":"idOrVar","v":"level"},"% (",{"t":"idOrVar","v":"hours"}," h i ",{"t":"idOrVar","v":"minutes"}," min do završetka punjenja)"],"one":["Napunjeno ",{"t":"idOrVar","v":"level"},"% (",{"t":"idOrVar","v":"hours"}," h i ",{"t":"idOrVar","v":"minutes"}," min do završetka punjenja)"],"other":["Napunjeno ",{"t":"idOrVar","v":"level"},"% (",{"t":"idOrVar","v":"hours"}," h i ",{"t":"idOrVar","v":"minutes"}," min do završetka punjenja)"],"two":["Napunjeno ",{"t":"idOrVar","v":"level"},"% (",{"t":"idOrVar","v":"hours"}," h i ",{"t":"idOrVar","v":"minutes"}," min do završetka punjenja)"],"zero":["Napunjeno ",{"t":"idOrVar","v":"level"},"% (",{"t":"idOrVar","v":"hours"}," h i ",{"t":"idOrVar","v":"minutes"}," min do završetka punjenja)"]},"$x":[{"t":"idOrVar","v":"plural"},"minutes"]},{"$i":"phoneNumberInput","ariaLabel":"Broj telefona"},{"$i":"keypadDelete","ariaLabel":"Izbriši"},{"$i":"voiceMailKey","ariaLabel":"Glasovna pošta"},{"$i":"asterisk","ariaLabel":"Zvjezdica"},{"$i":"hashSign","ariaLabel":"Znak ljestava"},{"$i":"cancel","$v":"Poništi"},{"$i":"loadingSimContacts","$v":"Učitavanje kontakata sa SIM kartice...."},{"$i":"noContactsWereFound","$v":"Nije pronađen nijedan kontakt"},{"$i":"noContactsFoundDialogOk","$v":"U redu"},{"$i":"emergencyNumber","$v":"Hitni broj"},{"$i":"callAirplaneModeMessage","$v":"Za uspostavu poziva morate u postavkama onemogućiti način rada u zrakoplovu."},{"$i":"callAirplaneModeBtnOk","$v":"U redu"},{"$i":"callAirplaneModeTitle","$v":"Aktiviran je zrakoplovni način"},{"$i":"numberIsBusyTitle","$v":"Broj je zauzet"},{"$i":"numberIsBusyMessage","$v":"Broj je trenutno zauzet. Pokušajte ponovno poslije."},{"$i":"fdnIsActiveTitle","$v":"FDN je aktivan"},{"$i":"fdnIsActiveMessage","$v":["FDN (fiksni brojevi za biranje) aktivirani su, a sljedeći broj nije na vašem popisu FDN: ",{"t":"idOrVar","v":"number"}]},{"$i":"emergencyDialogBodyBadNumber","$v":"Za uspostavu poziva telefon mora biti povezan s mrežom."},{"$i":"emergencyDialogBodyDeviceNotAccepted","$v":"Mreža ne dopušta hitne pozive."},{"$i":"emergencyDialogBtnOk","$v":"U redu"},{"$i":"emergencyDialogTitle","$v":"Nema mrežne veze"},{"$i":"invalidNumberToDialTitle","$v":"Broj telefona nije valjan"},{"$i":"invalidNumberToDialMessage","$v":"Broj telefona koji zovete nije valjan."},{"$i":"unableToCallTitle","$v":"Poziv se ne može uputiti. "},{"$i":"unableToCallMessage","$v":"Sada nije moguće uspostaviti poziv"},{"$i":"otherConnectionInUseTitle","$v":"Druge veze koje se koriste"},{"$i":"otherConnectionInUseMessage","$v":"Imate aktivan poziv na drugoj vezi. Ne možete koristiti više veza odjednom."},{"$i":"connectingEllipsis","$v":"Povezivanje..."},{"$i":"clear","$v":"Izbriši"},{"$i":"dialer","$v":"Birač"},{"$i":"kai-incomming-call","$v":"Dolazni poziv"},{"$i":"kai-in-call","$v":"Traje poziv"},{"$i":"kai-answer","$v":"Odgovori"},{"$i":"kai-end-answer","$v":"Završi i odgovori"},{"$i":"kai-decline","$v":"Odbij"},{"$i":"enter-passcode","$v":"Unesite zaporku za otključavanje zaslona."},{"$i":"passcode-error","$v":"Kod nije točan. Pokušajte ponovno."},{"$i":"voice-call","$v":"Glasovni poziv"},{"$i":"video-call","$v":"Videopoziv"},{"$i":"message","$v":"Poruke"},{"$i":"answer-rtt-call","$v":"Odgovori na RTT"},{"$i":"req-rtt-call","$v":"ANS RTT"},{"$i":"rtt-call","$v":"RTT poziv"},{"$i":"rtt-view","$v":"RTT prikaz"},{"$i":"change-to-rtt-call","$v":"Povezivanje RTT poziva..."},{"$i":"change-to-voice-call","$v":"Promijenjeno u govorni poziv."},{"$i":"upgrading-rtt","$v":"Nadograđuje se na RTT poziv..."},{"$i":"rtt-call-failed","$v":"RTT poziv nije uspio."},{"$i":"voice-call-failed","$v":"Govorni poziv nije uspio."},{"$i":"rtt","$v":"RTT"},{"$i":"rtt-emegency-upgrade-rejected","$v":"Za taj poziv na broj 911 RTT nije dostupan."},{"$i":"rtt-emegency-downgrade","$v":"RTT nije dostupan za taj poziv na broj 911. Vaš će poziv biti povezan kao samo govorni poziv. Ako se pojavljuju poteškoće, s brojem 911 uspostavite govorni poziv ili poziv putem releja."},{"$i":"voice-only-call","$v":"Vaš je poziv povezan samo kao glasovni poziv."},{"$i":"ans-rtt-failed","$v":"Uspostava RTT poziva nije uspjela. Vaš je poziv povezan samo kao glasovni poziv."},{"$i":"back","$v":"Natrag"},{"$i":"new-message","$v":"Nove poruke pošiljatelja"},{"$i":"kai-mute","$v":"Iskljuci zvuk"},{"$i":"kai-unmute","$v":"Uključi zvuk"},{"$i":"kai-speaker","$v":"Zvučnik"},{"$i":"kai-speaker-off","$v":"Zvučnik je isključen"},{"$i":"kai-microphone-mute-notification","$v":"Mikrofon je prigušen"},{"$i":"kai-microphone-active-notification","$v":"Mikrofon je aktivan."},{"$i":"kai-speaker-off-notification","$v":"Isključen je vanjski zvučnik"},{"$i":"kai-speaker-on-notification","$v":"Uključen je vanjski zvučnik"},{"$i":"kai-hold-and-answer","$v":"Stavi na ček. i odgovori"},{"$i":"kai-ignore-call","$v":"Zanemari dolazni poziv"},{"$i":"kai-add-to-call","$v":"Dodaj poziv"},{"$i":"kai-switch-to-second-line","$v":"Zamijeni poziv"},{"$i":"kai-merge-calls","$v":"Spoji poziv"},{"$i":"ok","$v":"U redu"},{"$i":"losing-wifi-msg","$v":"gubi se Wi-Fi"},{"$i":"hd","$v":"HD"},{"$i":"manage-call","$v":"Upravljanje pozivom"},{"$i":"end","$v":"Završi poziv"},{"$i":"private","$v":"Osobno"},{"$i":"sound","$v":"Zvuk"},{"$i":"bluetooth-device","$v":"Bluetooth uređaj"},{"$i":"handset-earpiece","$v":"Slušalica"},{"$i":"speaker","$v":"Zvučnik"},{"$i":"call-ended","$v":"Poziv je završen"},{"$i":"payphone","$v":"Telefonska govornica"},{"$i":"contact","$v":"Kontakt"},{"$i":"dialer-prompt","$v":"Birajte broj ili odaberite kontakt koji želite dodati u poziv."},{"$i":"call","$v":"Poziv"},{"$i":"hold","$v":"Uključi čekanje"},{"$i":"volume","$v":"Glasnoća"},{"$i":"softkey-options","$v":"Opcije"},{"$i":"unhold-call","$v":"Poništi stavljanje poziva na čekanje"},{"$i":"hold-call","$v":"Stavi poziv na čekanje"},{"$i":"select","$v":"Odaberi"},{"$i":"unknown","$v":"Nepoznato"},{"$i":"switch-calls","$v":"Prebacivanje poziva"},{"$i":"voiceMail","$v":"Glasovna pošta"},{"$i":"incoming","$v":"Dolazni"},{"$i":"outgoing","$v":"Odlazni"},{"$i":"callEnded","$v":"Poziv je završen"},{"$i":"callEndedDuration","$v":["Poziv je završio (",{"t":"idOrVar","v":"duration"},")"]},{"$i":"conferenceAddError","$v":"Spajanje poziva nije moguće"},{"$i":"conferenceRemoveError","$v":"Razdvajanje poziva nije moguće"},{"$i":"callDurationMinutes","$v":[{"t":"idOrVar","v":"m"},":",{"t":"idOrVar","v":"s"}]},{"$i":"callDurationHours","$v":[{"t":"idOrVar","v":"h"},":",{"t":"idOrVar","v":"m"},":",{"t":"idOrVar","v":"s"}]},{"$i":"callDurationTextFormatSeconds","$v":[{"t":"idOrVar","v":"s"}," s"]},{"$i":"callDurationTextFormatMinutes","$v":[{"t":"idOrVar","v":"m"}," min ",{"t":"idOrVar","v":"s"}," s"]},{"$i":"callDurationTextFormatHours","$v":[{"t":"idOrVar","v":"h"},":",{"t":"idOrVar","v":"m"},":",{"t":"idOrVar","v":"s"}]},{"$i":"switch-to-device-toast","$v":"Prebač. na bluetooth ur."},{"$i":"switch-to-handset-toast","$v":"Prebač. na sluš. s mikr."},{"$i":"switch-to-speaker-toast","$v":"Prebačeno na zvučnik"},{"$i":"connecting","$v":"Povezivanje"},{"$i":"wifi-call-quality-excellent","$v":"Sjajno"},{"$i":"wifi-call-quality-fair","$v":"Zadovoljavajuće"},{"$i":"wifi-call-quality-bad","$v":"Loše"},{"$i":"call-left-conference-toast","$v":"je prekinuo poziv"},{"$i":"camera-off","$v":"Kamera isključena"},{"$i":"camera-on","$v":"Kamera uključena"},{"$i":"rear-camera","$v":"Stražnja kamera"},{"$i":"front-camera","$v":"Prednja kamera"},{"$i":"hide-info","$v":"Sakrij informacije"},{"$i":"show-info","$v":"Pokaži informacije"},{"$i":"video-call-rejected","$v":"Videopoziv je odbijen, prebacite na glasovni poziv."},{"$i":"video-call-not-support","$v":"Videopoziv nije podržan."},{"$i":"video-call-rejected-timeout","$v":"Video call rejected or timeout."},{"$i":"video-call-from","$v":["Dolazni videopoziv od ",{"t":"idOrVar","v":"name"},"."]},{"$i":"video-call-canceled","$v":"Videopoziv je otkazan."},{"$i":"video-call-failed","$v":"Videopoziv nije uspio."},{"$i":"call-downgraded","$v":"Poziv je umanjen."},{"$i":"wifi-calling","$v":"Wi-Fi poziv:"},{"$i":"wifi-calling-1","$v":"Vaš se poziv može prekinuti."},{"$i":"wifi-calling-2","$v":"Gotovo ste izvan Wi-Fi pokrivenosti."},{"$i":"wifi-calling-dropped","$v":"Wi-Fi poziv je prekinut."},{"$i":"accept","$v":"Prih."},{"$i":"conference-call-num","$v":["Ljudi u pozivu: ",{"t":"idOrVar","v":"num"},"."]},{"$i":"more","$v":"Više"},{"$i":"rec","$v":"REC"},{"$i":"start-recording-call","$v":"Započnite snimanje poziva."},{"$i":"stop-recording-call","$v":"Prekinite snimanje poziva."},{"$i":"insufficient-storage","$v":"Nedovoljna pohrana. Snimanje zaustavljeno."},{"$i":"reply","$v":"Odgovori"},{"$i":"reply-message-1","$v":"Nažalost, trenutačno ne mogu pričati."},{"$i":"reply-message-2","$v":"Na putu sam."},{"$i":"reply-message-3","$v":"Mogu li te nazvati kasnije?"},{"$i":"reply-message-4","$v":"Prilagođeno..."},{"$i":"reply-to-name","$v":["Odgovorili ste korisniku ",{"t":"idOrVar","v":"name"}]},{"$i":"mt-call-on-hold","$v":"Poziv je stavljen na čekanje."},{"$i":"mt-call_retrieved","$v":"Poziv je dohvaćen."},{"$i":"mt-multi_party_call","$v":"Dodani ste u konferencijski poziv."},{"$i":"hangup-a11y-button","$v":""},{"$i":"pickup-a11y-button","$v":""},{"$i":"mute","$v":""},{"$i":"toggleKeypad","$v":""},{"$i":"newCall","$v":""},{"$i":"speakerOption","$v":""},{"$i":"bluetoothOption","$v":""},{"$i":"onHoldOption","$v":""},{"$i":"merge","$v":""},{"$i":"ignore","$v":""},{"$i":"dialerAddContact","$v":""},{"$i":"makeCall","$v":""},{"$i":"call-forwarding-async","$v":["Asinkrono: ",{"t":"idOrVar","v":"async"}]},{"$i":"call-forwarding-data","$v":["Podaci: ",{"t":"idOrVar","v":"data"}]},{"$i":"call-forwarding-error","$v":"Tijekom dohvaćanja statusa prosljeđivanja poziva došlo je do pogreške"},{"$i":"call-forwarding-fax","$v":["FAKS: ",{"t":"idOrVar","v":"fax"}]},{"$i":"call-forwarding-inactive","$v":"Neaktivni"},{"$i":"call-forwarding-packet","$v":["Paket: ",{"t":"idOrVar","v":"packet"}]},{"$i":"call-forwarding-pad","$v":["PAD: ",{"t":"idOrVar","v":"pad"}]},{"$i":"call-forwarding-sms","$v":["SMS: ",{"t":"idOrVar","v":"sms"}]},{"$i":"call-forwarding-status","$v":"Status preus. poziva"},{"$i":"call-forwarding-sync","$v":["Sinkrono: ",{"t":"idOrVar","v":"sync"}]},{"$i":"call-forwarding-voice","$v":["Glas: ",{"t":"idOrVar","v":"voice"}]},{"$i":"scCallBarring","$v":"Zabrana poziva"},{"$i":"scCallForwarding","$v":"Preusmjeravanje poziva"},{"$i":"scClip","$v":"ID dolaznog pozivatelja"},{"$i":"scClir","$v":"ID odlaznog pozivi"},{"$i":"scPwd","$v":"Promjena lozinke."},{"$i":"scCallWaiting","$v":"Čekanje poziva"},{"$i":"scPin","$v":"Promjena PIN-a"},{"$i":"scPin2","$v":"Promjena PIN-a 2"},{"$i":"scPuk","$v":"Deblokiraj PIN"},{"$i":"scPuk2","$v":"Deblokiraj PIN2"},{"$i":"scImei","$v":"IMEI"},{"$i":"scMeid","$v":"MEID"},{"$i":"scUssd","$v":"USSD"},{"$i":"serviceClassVoice","$v":"Glasovne snimke"},{"$i":"serviceClassData","$v":"Podaci"},{"$i":"serviceClassFax","$v":"FAKS"},{"$i":"serviceClassSms","$v":"SMS"},{"$i":"serviceClassDataSync","$v":"Sinkroniziraj"},{"$i":"serviceClassDataAsync","$v":"Asinkrono"},{"$i":"serviceClassPacket","$v":"Paket"},{"$i":"serviceClassPad","$v":"PAD"},{"$i":"smServiceEnabled","$v":"Servis je omogućen"},{"$i":"smServiceDisabled","$v":"Servis je onemogućen"},{"$i":"smServiceRegistered","$v":"Registracija je uspjela"},{"$i":"smServiceErased","$v":"Brisanje je bilo uspješno"},{"$i":"smServiceInterrogated","$v":"Zahtjev je uspio"},{"$i":"smServiceNotProvisioned","$v":"Servis nije dodijeljen"},{"$i":"smClirPermanent","$v":"Ne možete mijenjati postavke ID-a pozivatelja"},{"$i":"smClirDefaultOnNextCallOn","$v":"ID pozivatelja po zadanom je zabranjen. Sljedeći poziv: zabranjeno"},{"$i":"smClirDefaultOnNextCallOff","$v":"ID pozivatelja po zadanom je zabranjen. Sljedeći poziv: nije zabranjeno"},{"$i":"smClirDefaultOffNextCallOn","$v":"ID pozivatelja po zadanom nije zabranjen. Sljedeći poziv: zabranjeno"},{"$i":"smClirDefaultOffNextCallOff","$v":"ID pozivatelja po zadanom nije zabranjen. Sljedeći poziv: nije zabranjeno"},{"$i":"smServiceEnabledFor","$v":"Servis je omogućen za:"},{"$i":"smPinChanged","$v":"PIN uspješno promijenjen"},{"$i":"smPinUnblocked","$v":"PIN uspješno deblokiran"},{"$i":"smPin2Changed","$v":"PIN2 uspješno promijenjen"},{"$i":"smPin2Unblocked","$v":"PIN2 uspješno deblokiran"},{"$i":"ServiceIsEnabled","$v":"Servis je omogućen"},{"$i":"ServiceIsDisabled","$v":"Servis je onemogućen"},{"$i":"ServiceIsEnabledFor","$v":"Servis je omogućen za:"},{"$i":"emMmiError","$v":"Problem s vezom ili nevaljan MMI kod"},{"$i":"emMmiErrorPasswordIncorrect","$v":"Netočna lozinka"},{"$i":"emMmiErrorNotSupported","$v":"MMI kod nije valjan ili podržan"},{"$i":"emMmiErrorInvalidAction","$v":"Akcija nije valjana"},{"$i":"emMmiErrorInvalidScCode","$v":"Servisni kod nije valjan"},{"$i":"emMmiErrorBadPuk","$v":"Upisani PUK nije točan"},{"$i":"emMmiErrorBadPin","$v":"Uneseni stari PIN nije točan."},{"$i":"emMmiErrorNeedPuk2","$v":"Unesite PUK2 da biste deblokirali SIM karticu"},{"$i":"emMmiErrorMismatchPin","$v":"Uneseni PIN-ovi se ne podudaraju"},{"$i":"emMmiErrorInvalidPin","$v":"Unesite PIN koji sadrži 4 do 8 brojeva"},{"$i":"emMmiErrorNeedsPuk","$v":"Vaša je SIM kartica zaključana PUK-om"},{"$i":"emMmiErrorEnablePin","$v":"Nije uspjelo. Omogućite SIM/RUIM LOCK"},{"$i":"emMmiErrorMmiFdn","$v":"Post. je ogran. samo na fiks. br. za biranje"},{"$i":"emMmiErrorStkCcUssdDial","$v":"USSD zahtjev je izmijenjen u DIAL zahtjev"},{"$i":"emMmiErrorStkCcUssdSs","$v":"USSD zahtjev je izmijenjen u SS zahtjev"},{"$i":"emMmiErrorStkCcUssdUssd","$v":"USSD zahtjev je izmijenjen u novi USSD zahtjev"},{"$i":"emMmiErrorStkCcSsDial","$v":"SS zahtjev je izmijenjen u DIAL zahtjev"},{"$i":"emMmiErrorStkCcSsUssd","$v":"SS zaht. izmijenjen u USSD zaht."},{"$i":"emMmiErrorStkCcSsSs","$v":"SS zaht. izmijenjen u novi SS zaht."},{"$i":"emMmiErrorPinPukAttempts","$v":{"few":["Preostalo pokušaja: ",{"t":"idOrVar","v":"n"}],"many":["Preostalo pokušaja: ",{"t":"idOrVar","v":"n"}],"one":["Preost. pok.: ",{"t":"idOrVar","v":"n"}],"other":["Preostalo pokušaja: ",{"t":"idOrVar","v":"n"}],"two":["Preostalo pokušaja: ",{"t":"idOrVar","v":"n"}]},"$x":[{"t":"idOrVar","v":"plural"},"n"]},{"$i":"emMmiErrorSimBlocked","$v":"Prekoračen je maksimalni broj ponovnih pokušaja. SIM je blokiran"},{"$i":"RadioNotAvailable","$v":"Radio not available"},{"$i":"GenericFailure","$v":"Generički kvar"},{"$i":"PasswordIncorrect","$v":"Lozinka nije točna"},{"$i":"SimPin2","$v":"PIN2 za SIM"},{"$i":"SimPuk2","$v":"PUK2 za SIM"},{"$i":"RequestNotSupported","$v":"Zahtjev nije podržan"},{"$i":"OpNotAllowedDuringVoiceCall","$v":"Post. nije dop. tijekom glas. poziva"},{"$i":"SmsSendFailRetry","$v":"SMS send fail retry"},{"$i":"SimAbsent","$v":"SIM-a nema"},{"$i":"SubscriptionNotAvailable","$v":"Pretplata nije dostupna"},{"$i":"ModeNotSupported","$v":"Način rada nije podržan"},{"$i":"FdnCheckFailure","$v":"Provjera FDN-a nije uspjela"},{"$i":"IllegalSimOrMe","$v":"Ilegalni SIM ili ME"},{"$i":"DialModifiedToUssd","$v":"Dial modified to USSD"},{"$i":"DialModifiedToSs","$v":"Dial modified to SS"},{"$i":"DialModifiedToDial","$v":"Dial modified to dial"},{"$i":"UssdModifiedToDial","$v":"USSD izmijenjeno u biranje"},{"$i":"UssdModifiedToSs","$v":"USSD izmijenjeno u SS"},{"$i":"UssdModifiedToUssd","$v":"USSD izmijenjeno u USSD"},{"$i":"SsModifiedToDial","$v":"SS izmijenjeno u biranje"},{"$i":"SsModifiedToUssd","$v":"SS izmijenjeno u USSD"},{"$i":"SsModifiedToSs","$v":"SS izmijenjeno u SS"},{"$i":"SubscriptionNotSupported","$v":"Pretplata nije podržana"},{"$i":"InvalidParameter","$v":"Parametar nije valjan"},{"$i":"RejectedByRemote","$v":"Odbačeno daljinski"},{"$i":"error","$v":"Pogreška"}]