[{"$i":"weekday-0-long","$v":"Կիրակի"},{"$i":"weekday-1-long","$v":"Երկուշաբթի"},{"$i":"weekday-2-long","$v":"Երեքշաբթի"},{"$i":"weekday-3-long","$v":"Չորեքշաբթի"},{"$i":"weekday-4-long","$v":"Հինգշաբթի"},{"$i":"weekday-5-long","$v":"Ուրբաթ"},{"$i":"weekday-6-long","$v":"Շաբաթ"},{"$i":"weekday-0-short","$v":"Կիր"},{"$i":"weekday-1-short","$v":"Երկ"},{"$i":"weekday-2-short","$v":"Երք"},{"$i":"weekday-3-short","$v":"Չրք"},{"$i":"weekday-4-short","$v":"Հնգ"},{"$i":"weekday-5-short","$v":"Ուրբ"},{"$i":"weekday-6-short","$v":"Շբթ"},{"$i":"month-0-long","$v":"Հունվար"},{"$i":"month-1-long","$v":"Փետրվար"},{"$i":"month-2-long","$v":"Մարտ"},{"$i":"month-3-long","$v":"Ապրիլ"},{"$i":"month-4-long","$v":"Մյս"},{"$i":"month-5-long","$v":"Հունիս"},{"$i":"month-6-long","$v":"Հուլիս"},{"$i":"month-7-long","$v":"Օգոստոս"},{"$i":"month-8-long","$v":"Սեպտեմբեր"},{"$i":"month-9-long","$v":"Հոկտեմբեր"},{"$i":"month-10-long","$v":"Նոյեմբեր"},{"$i":"month-11-long","$v":"Դեկտեմբեր"},{"$i":"month-0-genitive","$v":"Հունվար"},{"$i":"month-1-genitive","$v":"Փետրվար"},{"$i":"month-2-genitive","$v":"Մարտ"},{"$i":"month-3-genitive","$v":"Ապրիլ"},{"$i":"month-4-genitive","$v":"Մյս"},{"$i":"month-5-genitive","$v":"Հունիս"},{"$i":"month-6-genitive","$v":"Հուլիս"},{"$i":"month-7-genitive","$v":"Օգոստոս"},{"$i":"month-8-genitive","$v":"Սեպտեմբեր"},{"$i":"month-9-genitive","$v":"Հոկտեմբեր"},{"$i":"month-10-genitive","$v":"Նոյեմբեր"},{"$i":"month-11-genitive","$v":"Դեկտեմբեր"},{"$i":"month-0-short","$v":"Հունվ"},{"$i":"month-1-short","$v":"Փետ"},{"$i":"month-2-short","$v":"Մրտ"},{"$i":"month-3-short","$v":"Ապլ"},{"$i":"month-4-short","$v":"Մյս"},{"$i":"month-5-short","$v":"Հուն"},{"$i":"month-6-short","$v":"Հուլ"},{"$i":"month-7-short","$v":"Օգս"},{"$i":"month-8-short","$v":"Սպտ"},{"$i":"month-9-short","$v":"Հոկտ"},{"$i":"month-10-short","$v":"Նոյ"},{"$i":"month-11-short","$v":"Դեկ"},{"$i":"minutes-ago-long","$v":{"few":[{"t":"idOrVar","v":"value"}," րոպե առաջ"],"many":[{"t":"idOrVar","v":"value"}," րոպե առաջ"],"one":"րոպե առաջ","other":[{"t":"idOrVar","v":"value"}," րոպե առաջ"],"two":[{"t":"idOrVar","v":"value"}," րոպե առաջ"],"zero":"հենց նոր"},"$x":[{"t":"idOrVar","v":"plural"},"value"]},{"$i":"hours-ago-long","$v":{"few":[{"t":"idOrVar","v":"value"}," ժամ առաջ"],"many":[{"t":"idOrVar","v":"value"}," ժամ առաջ"],"one":"մեկ ժամ առաջ","other":[{"t":"idOrVar","v":"value"}," ժամ առաջ"],"two":[{"t":"idOrVar","v":"value"}," ժամ առաջ"],"zero":"հենց նոր"},"$x":[{"t":"idOrVar","v":"plural"},"value"]},{"$i":"days-ago-long","$v":{"few":[{"t":"idOrVar","v":"value"}," օր առաջ"],"many":[{"t":"idOrVar","v":"value"}," օր առաջ"],"one":"երեկ","other":[{"t":"idOrVar","v":"value"}," օր առաջ"],"two":[{"t":"idOrVar","v":"value"}," օր առաջ"],"zero":"այսօր"},"$x":[{"t":"idOrVar","v":"plural"},"value"]},{"$i":"weeks-ago-long","$v":{"few":[{"t":"idOrVar","v":"value"}," շաբաթ առաջ"],"many":[{"t":"idOrVar","v":"value"}," շաբաթ առաջ"],"one":"անցյալ շաբաթ","other":[{"t":"idOrVar","v":"value"}," շաբաթ առաջ"],"two":[{"t":"idOrVar","v":"value"}," շաբաթ առաջ"],"zero":"այս շաբաթ"},"$x":[{"t":"idOrVar","v":"plural"},"value"]},{"$i":"months-ago-long","$v":{"few":[{"t":"idOrVar","v":"value"}," ամիս առաջ"],"many":[{"t":"idOrVar","v":"value"}," ամիս առաջ"],"one":"անցած ամիս","other":[{"t":"idOrVar","v":"value"}," ամիս առաջ"],"two":[{"t":"idOrVar","v":"value"}," ամիս առաջ"],"zero":"այս ամիս"},"$x":[{"t":"idOrVar","v":"plural"},"value"]},{"$i":"years-ago-long","$v":{"few":[{"t":"idOrVar","v":"value"}," տարի առաջ"],"many":[{"t":"idOrVar","v":"value"}," տարի առաջ"],"one":"անցյալ տարի","other":[{"t":"idOrVar","v":"value"}," տարի առաջ"],"two":[{"t":"idOrVar","v":"value"}," տարի առաջ"],"zero":"այս տարի"},"$x":[{"t":"idOrVar","v":"plural"},"value"]},{"$i":"minutes-until-long","$v":{"few":[{"t":"idOrVar","v":"value"}," րոպեից"],"many":[{"t":"idOrVar","v":"value"}," րոպեից"],"one":"մեկ րոպեից","other":[{"t":"idOrVar","v":"value"}," րոպեից"],"two":[{"t":"idOrVar","v":"value"}," րոպեից"],"zero":"հիմա"},"$x":[{"t":"idOrVar","v":"plural"},"value"]},{"$i":"hours-until-long","$v":{"few":[{"t":"idOrVar","v":"value"}," ժամից"],"many":[{"t":"idOrVar","v":"value"}," ժամից"],"one":"մեկ ժամից","other":[{"t":"idOrVar","v":"value"}," ժամից"],"two":[{"t":"idOrVar","v":"value"}," ժամից"],"zero":"հիմա"},"$x":[{"t":"idOrVar","v":"plural"},"value"]},{"$i":"days-until-long","$v":{"few":[{"t":"idOrVar","v":"value"}," օրից"],"many":[{"t":"idOrVar","v":"value"}," օրից"],"one":"վաղը","other":[{"t":"idOrVar","v":"value"}," օրից"],"two":[{"t":"idOrVar","v":"value"}," օրից"],"zero":"այսօր"},"$x":[{"t":"idOrVar","v":"plural"},"value"]},{"$i":"weeks-until-long","$v":{"few":[{"t":"idOrVar","v":"value"}," շաբաթից"],"many":[{"t":"idOrVar","v":"value"}," շաբաթից"],"one":"հաջորդ շաբաթ","other":[{"t":"idOrVar","v":"value"}," շաբաթից"],"two":[{"t":"idOrVar","v":"value"}," շաբաթից"],"zero":"այս շաբաթ"},"$x":[{"t":"idOrVar","v":"plural"},"value"]},{"$i":"months-until-long","$v":{"few":[{"t":"idOrVar","v":"value"}," ամսից"],"many":[{"t":"idOrVar","v":"value"}," ամսից"],"one":"հաջորդ ամիս","other":[{"t":"idOrVar","v":"value"}," ամսից"],"two":[{"t":"idOrVar","v":"value"}," ամսից"],"zero":"այս ամիս"},"$x":[{"t":"idOrVar","v":"plural"},"value"]},{"$i":"years-until-long","$v":{"few":[{"t":"idOrVar","v":"value"}," տարուց"],"many":[{"t":"idOrVar","v":"value"}," տարուց"],"one":"հաջորդ տարի","other":[{"t":"idOrVar","v":"value"}," տարուց"],"two":[{"t":"idOrVar","v":"value"}," տարուց"],"zero":"այս տարի"},"$x":[{"t":"idOrVar","v":"plural"},"value"]},{"$i":"minutes-ago-short","$v":{"other":[{"t":"idOrVar","v":"value"}," ր առաջ"],"zero":"հենց նոր"},"$x":[{"t":"idOrVar","v":"plural"},"value"]},{"$i":"hours-ago-short","$v":{"other":[{"t":"idOrVar","v":"value"}," ժ առաջ"],"zero":"հենց նոր"},"$x":[{"t":"idOrVar","v":"plural"},"value"]},{"$i":"days-ago-short","$v":{"other":[{"t":"idOrVar","v":"value"}," օր առաջ"],"zero":"այսօր"},"$x":[{"t":"idOrVar","v":"plural"},"value"]},{"$i":"minutes-until-short","$v":{"other":[{"t":"idOrVar","v":"value"}," ր-ից"],"zero":"հիմա"},"$x":[{"t":"idOrVar","v":"plural"},"value"]},{"$i":"hours-until-short","$v":{"other":[{"t":"idOrVar","v":"value"}," ժ-ից"],"zero":"հիմա"},"$x":[{"t":"idOrVar","v":"plural"},"value"]},{"$i":"days-until-short","$v":{"other":[{"t":"idOrVar","v":"value"}," օրից"],"zero":"այսօր"},"$x":[{"t":"idOrVar","v":"plural"},"value"]},{"$i":"incorrectDate","$v":"(սխալ ամսաթիվ)"},{"$i":"dateTimeFormat_%c","$v":"%a %b %e %Y %I:%M:%S %p"},{"$i":"dateTimeFormat_%x","$v":"%m/%d/%Y"},{"$i":"dateTimeFormat_%X","$v":"%I:%M:%S %p"},{"$i":"shortTimeFormat","$v":"%I:%M %p"},{"$i":"shortTimeFormat12","$v":"%I:%M %p"},{"$i":"shortTimeFormat24","$v":"%H:%M"},{"$i":"shortDateTimeFormat","$v":"%x %I:%M %p"},{"$i":"weekStartsOnMonday","$v":"0.0"},{"$i":"firstDayOfTheWeek","$v":"1.0"},{"$i":"time_am","$v":"AM"},{"$i":"time_pm","$v":"PM"},{"$i":"label","$v":"Պիտակ"},{"$i":"mobile","$v":"Բջջային"},{"$i":"home","$v":"Գլխավոր էջ"},{"$i":"work","$v":"Աշխատանք"},{"$i":"personal","$v":"Անձնական"},{"$i":"faxHome","$v":"Ֆաքս տուն"},{"$i":"faxOffice","$v":"Ֆաքս գրասենյակ"},{"$i":"faxOther","$v":"Ֆաքս այլ"},{"$i":"another","$v":"Մեկ այլ"},{"$i":"other","$v":"Այլ"},{"$i":"customTag","$v":"Հատուկ հատկորոշիչ","placeholder":"Հատուկ հատկորոշիչ"},{"$i":"current","$v":"Ընթացիկ"},{"$i":"itemWithLabel","$v":[{"t":"idOrVar","v":"label"},", ",{"t":"idOrVar","v":"item"}]},{"$i":"airplaneMode","$v":"Օդանավի ռեժիմ"},{"$i":"searching","$v":"Որոնվում է..."},{"$i":"noNetwork","$v":"Ցանց չկա"},{"$i":"roaming","$v":[{"t":"idOrVar","v":"operator"}," (Roaming)"]},{"$i":"operator-info","$v":[{"t":"idOrVar","v":"carrier"}," ",{"t":"idOrVar","v":"region"}]},{"$i":"emergencyCallsOnly","$v":"Միայն արտակարգ իրավիճակի զանգեր"},{"$i":"emergencyCallsOnly-unknownSIMState","$v":"(SIM-ի անհայտ կարգավիճակ)"},{"$i":"emergencyCallsOnly-noSIM","$v":"(SIM չկա)"},{"$i":"emergencyCallsOnly-pinRequired","$v":"(SIM PIN-ը պարտադիր է)"},{"$i":"emergencyCallsOnly-pukRequired","$v":"(SIM PUK-ը պարտադիր է)"},{"$i":"emergencyCallsOnly-networkLocked","$v":"(ցանցը կողպված է)"},{"$i":"emergencyCallsOnly-serviceProviderLocked","$v":"(ծռյթյն մտկր կղպվծ է)"},{"$i":"emergencyCallsOnly-corporateLocked","$v":"(կորպորատիվ կողպված է)"},{"$i":"emergencyCallsOnly-network1Locked","$v":"(ցանց 1-ը կողպված է)"},{"$i":"emergencyCallsOnly-network2Locked","$v":"(ցանց 2-ը կողպված է)"},{"$i":"emergencyCallsOnly-hrpdNetworkLocked","$v":"(hrpd ցանցը կողպված է)"},{"$i":"emergencyCallsOnly-ruimCorporateLocked","$v":"(ruim կորպորատիվ կողպված է)"},{"$i":"emergencyCallsOnly-ruimServiceProviderLocked","$v":"(ruim ծառայության մատակարարը կողպված է)"},{"$i":"lockscreen-sim-id","$v":["SIM ",{"t":"idOrVar","v":"n"}]},{"$i":"charging-no-time","$v":[{"t":"idOrVar","v":"level"},"% լիցքավորում"]},{"$i":"charging-minutes","$v":{"few":[{"t":"idOrVar","v":"level"},"% լիցքավորում (",{"t":"idOrVar","v":"minutes"}," ր մինչ լրիվ լիցքավորումը)"],"many":[{"t":"idOrVar","v":"level"},"% լիցքավորում (",{"t":"idOrVar","v":"minutes"}," ր մինչ լրիվ լիցքավորումը)"],"one":[{"t":"idOrVar","v":"level"},"% լիցքավորում (",{"t":"idOrVar","v":"minutes"}," ր մինչ լրիվ լիցքավորումը)"],"other":[{"t":"idOrVar","v":"level"},"% լիցքավորում (",{"t":"idOrVar","v":"minutes"}," ր մինչ լրիվ լիցքավորումը)"],"two":[{"t":"idOrVar","v":"level"},"% լիցքավորում (",{"t":"idOrVar","v":"minutes"}," ր մինչ լրիվ լիցքավորումը)"],"zero":[{"t":"idOrVar","v":"level"},"% լիցքավորում (",{"t":"idOrVar","v":"minutes"}," ր մինչ լրիվ լիցքավորումը)"]},"$x":[{"t":"idOrVar","v":"plural"},"minutes"]},{"$i":"charging-hours","$v":{"few":[{"t":"idOrVar","v":"level"},"% լիցքավորում (",{"t":"idOrVar","v":"hours"}," ժ ",{"t":"idOrVar","v":"minutes"}," ր մինչ լրիվ լիցքավորումը)"],"many":[{"t":"idOrVar","v":"level"},"% լիցքավորում (",{"t":"idOrVar","v":"hours"}," ժ ",{"t":"idOrVar","v":"minutes"}," ր մինչ լրիվ լիցքավորումը)"],"one":[{"t":"idOrVar","v":"level"},"% լիցքավորում (",{"t":"idOrVar","v":"hours"}," ժ ",{"t":"idOrVar","v":"minutes"}," ր մինչ լրիվ լիցքավորումը)"],"other":[{"t":"idOrVar","v":"level"},"% լիցքավորում (",{"t":"idOrVar","v":"hours"}," ժ ",{"t":"idOrVar","v":"minutes"}," ր մինչ լրիվ լիցքավորումը)"],"two":[{"t":"idOrVar","v":"level"},"% լիցքավորում (",{"t":"idOrVar","v":"hours"}," ժ ",{"t":"idOrVar","v":"minutes"}," ր մինչ լրիվ լիցքավորումը)"],"zero":[{"t":"idOrVar","v":"level"},"% լիցքավորում (",{"t":"idOrVar","v":"hours"}," ժ ",{"t":"idOrVar","v":"minutes"}," ր մինչ լրիվ լիցքավորումը)"]},"$x":[{"t":"idOrVar","v":"plural"},"minutes"]},{"$i":"phoneNumberInput","ariaLabel":"Հեռախոսահամար"},{"$i":"keypadDelete","ariaLabel":"Ջնջել"},{"$i":"voiceMailKey","ariaLabel":"Ձայնային նամակ"},{"$i":"asterisk","ariaLabel":"Աստղանիշ"},{"$i":"hashSign","ariaLabel":"Հեշ նշան"},{"$i":"cancel","$v":"Չեղարկել"},{"$i":"loadingSimContacts","$v":"SIM քարտի կոնտակտները բեռնվում են…"},{"$i":"noContactsWereFound","$v":"Կոնտակտներ չեն գտնվել"},{"$i":"noContactsFoundDialogOk","$v":"OK"},{"$i":"emergencyNumber","$v":"Արտակարգ իրավիճակի համար"},{"$i":"callAirplaneModeMessage","$v":"Կանչ կատարելու համար անջատեք օդանավի ռեժիմը պարամետրերից:"},{"$i":"callAirplaneModeBtnOk","$v":"OK"},{"$i":"callAirplaneModeTitle","$v":"Օդանավի ռեժիմն ակտիվացված է"},{"$i":"numberIsBusyTitle","$v":"Համարը զբաղված է"},{"$i":"numberIsBusyMessage","$v":"Այս պահին համարը զբաղված է: Կրկին փորձեք ավելի ուշ:"},{"$i":"fdnIsActiveTitle","$v":"FDN-ն ակտիվ է"},{"$i":"fdnIsActiveMessage","$v":["FDN-ը (Ֆիքսված հավաքման համարներ) ակտիվացված է և հետևյալ համարը FDN ցանկում չէ. ",{"t":"idOrVar","v":"number"}]},{"$i":"emergencyDialogBodyBadNumber","$v":"Կանչ կատարելու համար հեռախոսը պետք է միացված լինի ցանցին:"},{"$i":"emergencyDialogBodyDeviceNotAccepted","$v":"Արտակարգ իրավիճակի կանչերը թույլատրելի չեն առանց ցանցի:"},{"$i":"emergencyDialogBtnOk","$v":"OK"},{"$i":"emergencyDialogTitle","$v":"Ցանց չկա"},{"$i":"invalidNumberToDialTitle","$v":"Անվավեր հեռախոսահամար"},{"$i":"invalidNumberToDialMessage","$v":"Հեռախոսահամարը, որին զանգում եք, վավեր չէ:"},{"$i":"unableToCallTitle","$v":"Հնարավոր չէ կանչ կատարել:"},{"$i":"unableToCallMessage","$v":"Հնարավոր չէ կանչ կատարել հիմա"},{"$i":"otherConnectionInUseTitle","$v":"Օգտգրծվծ այլ միացում"},{"$i":"otherConnectionInUseMessage","$v":"Դուք ունեք ակտիվ կանչ կամ մեկ այլ միացում: Դուք կարող եք միայն օգտագործել մեկ միացում միաժամանակ:"},{"$i":"connectingEllipsis","$v":"Միանում է..."},{"$i":"clear","$v":"Մքրլ"},{"$i":"dialer","$v":"Հմրհվքիչ"},{"$i":"kai-incomming-call","$v":"Մուտքային կանչ"},{"$i":"kai-in-call","$v":"Մտք կանչ"},{"$i":"kai-answer","$v":"Պտսխնլ"},{"$i":"kai-end-answer","$v":"Ավարտել և պատասխանել"},{"$i":"kai-decline","$v":"Մերժել"},{"$i":"enter-passcode","$v":"Էկրանն ապակողպելու համար մուտքագրեք անցակոդը։"},{"$i":"passcode-error","$v":"Անվավեր կոդ: Խնդրում եմ կրկին փորձել:"},{"$i":"voice-call","$v":"Ձայնականչ"},{"$i":"video-call","$v":"Տեսականչ"},{"$i":"message","$v":"Հղրդգրթյնն"},{"$i":"answer-rtt-call","$v":"Պատասխանել RTT-ին"},{"$i":"req-rtt-call","$v":"ANS RTT"},{"$i":"rtt-call","$v":"RTT կանչ"},{"$i":"rtt-view","$v":"RTT-ի դիտում"},{"$i":"change-to-rtt-call","$v":"RTT կանչ..."},{"$i":"change-to-voice-call","$v":"Փոխված է ձայնալին կանչի:"},{"$i":"upgrading-rtt","$v":"Անցում դեպի RTT կանչ..."},{"$i":"rtt-call-failed","$v":"RTT կանչը ձախողվեց:"},{"$i":"voice-call-failed","$v":"Ձայնային կանչը ձախողվեց:"},{"$i":"rtt","$v":"RTT"},{"$i":"rtt-emegency-upgrade-rejected","$v":"RTT-ն հասանելի չէ 911 կանչի համար: "},{"$i":"rtt-emegency-downgrade","$v":"RTT-ն հասանելի չէ 911 կանչի համար: Ձեր կանչը միացվել է որպես ձայնային կանչ: Դժվարությունների դեպքում հավաքեք 911՝ ձայնային կամ փոխանցվող կանչի միջոցով:"},{"$i":"voice-only-call","$v":"Ձեր կանչը միացվեց որպես ձայնային կանչ։"},{"$i":"ans-rtt-failed","$v":"Չհաջողվեց տեղակայել RTT կանչ։ Կանչը միացվեց որպես ձայնային կանչ։"},{"$i":"back","$v":"Հետ"},{"$i":"new-message","$v":"Նոր հաղորդագրություններ՝"},{"$i":"kai-mute","$v":"Խլացնել"},{"$i":"kai-unmute","$v":"Ապալռեցնել"},{"$i":"kai-speaker","$v":"Բարձրախոս"},{"$i":"kai-speaker-off","$v":"Բրձրխսն անջտվծ է"},{"$i":"kai-microphone-mute-notification","$v":"Խոսափողը խլացված է"},{"$i":"kai-microphone-active-notification","$v":"Խոսափողն ակտիվ է"},{"$i":"kai-speaker-off-notification","$v":"Արտքն խսփղ անջտվց"},{"$i":"kai-speaker-on-notification","$v":"Արտաքին խոսափողը միացված է"},{"$i":"kai-hold-and-answer","$v":"Տղկյլ Հտձգ ռեժմ և պտսխնլ"},{"$i":"kai-ignore-call","$v":"Անտեսել մուտքային կանչը"},{"$i":"kai-add-to-call","$v":"Ավլցն զանգ"},{"$i":"kai-switch-to-second-line","$v":"Փոխանակել կանչը"},{"$i":"kai-merge-calls","$v":"Միավորել կանչը"},{"$i":"ok","$v":"OK"},{"$i":"losing-wifi-msg","$v":"wifi-ի անջատում"},{"$i":"hd","$v":"HD"},{"$i":"manage-call","$v":"Կառավարել կանչը"},{"$i":"end","$v":"Ավարտել զանգը"},{"$i":"private","$v":"Մսնվր"},{"$i":"sound","$v":"Ձայնահոլովակ"},{"$i":"bluetooth-device","$v":"Bluetooth սարք"},{"$i":"handset-earpiece","$v":"Հեռախոսափող"},{"$i":"speaker","$v":"Բարձրախոս"},{"$i":"call-ended","$v":"Կանչն ավարտվեց"},{"$i":"payphone","$v":"Վճարովի հեռախոս"},{"$i":"contact","$v":"Կոնտակտ"},{"$i":"dialer-prompt","$v":"Հավաքեք համարը կամ ընտրեք կոնտակտ՝ զանգին ավելացնելու համար"},{"$i":"call","$v":"Զանգել"},{"$i":"hold","$v":"Սպասել"},{"$i":"volume","$v":"Ձայն"},{"$i":"softkey-options","$v":"Ընտրանքներ"},{"$i":"unhold-call","$v":"Ապասպասեցնել կանչը"},{"$i":"hold-call","$v":"Սպասեցնել կանչը"},{"$i":"select","$v":"Ընտրել"},{"$i":"unknown","$v":"Անհայտ"},{"$i":"switch-calls","$v":"Փոխարկել մյուս կանչին"},{"$i":"voiceMail","$v":"Ձայնային նամակ"},{"$i":"incoming","$v":"Մուտքային"},{"$i":"outgoing","$v":"Ելքային"},{"$i":"callEnded","$v":"Կանչն ավարտվեց"},{"$i":"callEndedDuration","$v":["Կանչն ավարտվեց (",{"t":"idOrVar","v":"duration"},")"]},{"$i":"conferenceAddError","$v":"Հնարավոր չէ միավորել կոնտակտները"},{"$i":"conferenceRemoveError","$v":"Հնարավոր չէ ապմիավորել կոնտակտները"},{"$i":"callDurationMinutes","$v":[{"t":"idOrVar","v":"m"},":",{"t":"idOrVar","v":"s"}]},{"$i":"callDurationHours","$v":[{"t":"idOrVar","v":"h"},":",{"t":"idOrVar","v":"m"},":",{"t":"idOrVar","v":"s"}]},{"$i":"callDurationTextFormatSeconds","$v":[{"t":"idOrVar","v":"s"}," վ"]},{"$i":"callDurationTextFormatMinutes","$v":[{"t":"idOrVar","v":"m"}," ր ",{"t":"idOrVar","v":"s"}," վ"]},{"$i":"callDurationTextFormatHours","$v":[{"t":"idOrVar","v":"h"},"ժ ",{"t":"idOrVar","v":"m"},"ր ",{"t":"idOrVar","v":"s"},"վ"]},{"$i":"switch-to-device-toast","$v":"Փխրկվծ է bluetooth սրքի"},{"$i":"switch-to-handset-toast","$v":"Փխրկվծ է հռխսի ակնջկլին"},{"$i":"switch-to-speaker-toast","$v":"Փխրկվծ է բրձրխսն"},{"$i":"connecting","$v":"Միանում է"},{"$i":"wifi-call-quality-excellent","$v":"Գերազանց"},{"$i":"wifi-call-quality-fair","$v":"Միջին"},{"$i":"wifi-call-quality-bad","$v":"Վատ"},{"$i":"call-left-conference-toast","$v":"զանգ է թողել"},{"$i":"camera-off","$v":"Խցիկն անջատված է"},{"$i":"camera-on","$v":"Խցիկը միացված է"},{"$i":"rear-camera","$v":"Ետևի խցիկ"},{"$i":"front-camera","$v":"Առջևի խցիկ"},{"$i":"hide-info","$v":"Թաքցնել տեղեկությունը"},{"$i":"show-info","$v":"Ցուցադրել տեղեկությունները"},{"$i":"video-call-rejected","$v":"Տեսականչը մերժվեց։ Անցնել ձայնականչի։"},{"$i":"video-call-not-support","$v":"Տեսականչը չի աջակցվում։"},{"$i":"video-call-rejected-timeout","$v":"Video call rejected or timeout."},{"$i":"video-call-from","$v":["Տեսականչի ստացում ",{"t":"idOrVar","v":"name"},"-ից։"]},{"$i":"video-call-canceled","$v":"Տեսականչը չեղարկվեց։"},{"$i":"video-call-failed","$v":"Տեսականչը ձախողվեց։"},{"$i":"call-downgraded","$v":"Զանգը ցածրացավ:"},{"$i":"wifi-calling","$v":"Wi-Fi կանչ"},{"$i":"wifi-calling-1","$v":"Ձեր կանչը կարող է անջատվել։"},{"$i":"wifi-calling-2","$v":"Դուք գրեթե դուրս եք գալիս Wi-Fi ծածկույթից։"},{"$i":"wifi-calling-dropped","$v":"Wi-Fi-ի միջոցով կանչն անջատվեց։"},{"$i":"accept","$v":"Ընդունել"},{"$i":"conference-call-num","$v":[{"t":"idOrVar","v":"num"}," անձ մասնակցում է կանչին։"]},{"$i":"more","$v":"Ավելին"},{"$i":"rec","$v":"REC"},{"$i":"start-recording-call","$v":"Սկսել կանչի ձայնագրումը:"},{"$i":"stop-recording-call","$v":"Դադարեցնել կանչի ձայնագրումը:"},{"$i":"insufficient-storage","$v":"Անբավարար տարածք։ Ձայնագրումը դադարեցվեց։"},{"$i":"reply","$v":"Պատասխանել"},{"$i":"reply-message-1","$v":"Ներեցեք, չեմ կարող խոսել այս պահին։"},{"$i":"reply-message-2","$v":"Ճանապարհին եմ։"},{"$i":"reply-message-3","$v":"Կարո՞ղ եմ զանգահարել ավելի ուշ։"},{"$i":"reply-message-4","$v":"Անհատականացված..."},{"$i":"reply-to-name","$v":["Պատասխանեցիք ",{"t":"idOrVar","v":"name"},"-ին"]},{"$i":"mt-call-on-hold","$v":"Կանչը հետաձգված է:"},{"$i":"mt-call_retrieved","$v":"Կանչը վերականգնված է:"},{"$i":"mt-multi_party_call","$v":"Ձեզ ավելացրեցին կոնֆերանս կանչին։"},{"$i":"hangup-a11y-button","$v":""},{"$i":"pickup-a11y-button","$v":""},{"$i":"mute","$v":""},{"$i":"toggleKeypad","$v":""},{"$i":"newCall","$v":""},{"$i":"speakerOption","$v":""},{"$i":"bluetoothOption","$v":""},{"$i":"onHoldOption","$v":""},{"$i":"merge","$v":""},{"$i":"ignore","$v":""},{"$i":"dialerAddContact","$v":""},{"$i":"makeCall","$v":""},{"$i":"call-forwarding-async","$v":["Ապահմժմվծ՝ ",{"t":"idOrVar","v":"async"}]},{"$i":"call-forwarding-data","$v":["Տվյալներ. ",{"t":"idOrVar","v":"data"}]},{"$i":"call-forwarding-error","$v":"Զանգի վերահասցեավորման կարգավիճակի ստացման ընթացքում առաջացավ սխալ"},{"$i":"call-forwarding-fax","$v":["ՖԱՔՍ. ",{"t":"idOrVar","v":"fax"}]},{"$i":"call-forwarding-inactive","$v":"Ապակտիվ"},{"$i":"call-forwarding-packet","$v":["Փաթեթ՝ ",{"t":"idOrVar","v":"packet"}]},{"$i":"call-forwarding-pad","$v":["PAD՝ ",{"t":"idOrVar","v":"pad"}]},{"$i":"call-forwarding-sms","$v":["SMS՝ ",{"t":"idOrVar","v":"sms"}]},{"$i":"call-forwarding-status","$v":"Կանչի փխնցմն կրգվճկ"},{"$i":"call-forwarding-sync","$v":["Համաժամանակյա՝ ",{"t":"idOrVar","v":"sync"}]},{"$i":"call-forwarding-voice","$v":["Ձայն՝ ",{"t":"idOrVar","v":"voice"}]},{"$i":"scCallBarring","$v":"Կանչի արգելք"},{"$i":"scCallForwarding","$v":"Կանչի փխնցմ"},{"$i":"scClip","$v":"Մուտքային կանչողի ID"},{"$i":"scClir","$v":"Ելքային կանչողի ID"},{"$i":"scPwd","$v":"Անցակոդի փոխում"},{"$i":"scCallWaiting","$v":"Կանչի սպասում"},{"$i":"scPin","$v":"PIN-ի փոխում"},{"$i":"scPin2","$v":"PIN2-ի փոփոխում"},{"$i":"scPuk","$v":"Արգելաբացել PIN-ը"},{"$i":"scPuk2","$v":"Արգելաբացել PIN2-ը"},{"$i":"scImei","$v":"IMEI"},{"$i":"scMeid","$v":"MEID"},{"$i":"scUssd","$v":"USSD"},{"$i":"serviceClassVoice","$v":"Ձայնագրություն"},{"$i":"serviceClassData","$v":"Տվյալներ"},{"$i":"serviceClassFax","$v":"ՖԱՔՍ"},{"$i":"serviceClassSms","$v":"SMS"},{"$i":"serviceClassDataSync","$v":"Համաժամացնել"},{"$i":"serviceClassDataAsync","$v":"Ապահմժմվծ"},{"$i":"serviceClassPacket","$v":"Փաթեթ"},{"$i":"serviceClassPad","$v":"PAD"},{"$i":"smServiceEnabled","$v":"Ծառայությունը միացված էր"},{"$i":"smServiceDisabled","$v":"Ծառայությունն անջատվել է"},{"$i":"smServiceRegistered","$v":"Գրանցումը հաջող անցավ"},{"$i":"smServiceErased","$v":"Ջնջվեց"},{"$i":"smServiceInterrogated","$v":"Հայցումը հաջողվեց"},{"$i":"smServiceNotProvisioned","$v":"Ծառայությունն ապահովված չէ"},{"$i":"smClirPermanent","$v":"Դուք չեք կարող փոփոխել կանչողի ID պարամետրերը"},{"$i":"smClirDefaultOnNextCallOn","$v":"Կանչողի ID-ն կանխադրյալ սահմանափակված է: Հաջորդ կանչը՝ Սահմանափակված է"},{"$i":"smClirDefaultOnNextCallOff","$v":"Կանչողի ID-ն կանխադրյալ սահմանափակված է: Հաջորդ կանչը՝ Սահմանափակված չէ"},{"$i":"smClirDefaultOffNextCallOn","$v":"Կանչողի ID-ն կանխադրյալ սահմանափակված չէ: Հաջորդ կանչը՝ Սահմանափակված է"},{"$i":"smClirDefaultOffNextCallOff","$v":"Կանչողի ID-ն կանխադրյալ սահմանափակված չէ: Հաջորդ կանչը՝ Սահմանափակված չէ"},{"$i":"smServiceEnabledFor","$v":"Ծռյթյ միացվծ էր հտևյլի հմր՝"},{"$i":"smPinChanged","$v":"PIN-ը փոխվեց"},{"$i":"smPinUnblocked","$v":"PIN-ն արգելաբացվեց"},{"$i":"smPin2Changed","$v":"PIN2-ը փոխվեց"},{"$i":"smPin2Unblocked","$v":"PIN2-ն արգելաբացվեց"},{"$i":"ServiceIsEnabled","$v":"Ծառայությունը միացված է"},{"$i":"ServiceIsDisabled","$v":"Ծառայությունն անջատված է"},{"$i":"ServiceIsEnabledFor","$v":"Ծառայությունը միացված է հետևյալի համար՝"},{"$i":"emMmiError","$v":"Միացման խնդիր կամ անվավեր MMI կոդ"},{"$i":"emMmiErrorPasswordIncorrect","$v":"Սխալ գաղտնաբառ"},{"$i":"emMmiErrorNotSupported","$v":"Անվավեր կամ չաջակցվող MMI կոդ"},{"$i":"emMmiErrorInvalidAction","$v":"Անվավեր գործողություն"},{"$i":"emMmiErrorInvalidScCode","$v":"Անվավեր ծառայության կոդ"},{"$i":"emMmiErrorBadPuk","$v":"Մուտքագրված PUK-ը սխալ է"},{"$i":"emMmiErrorBadPin","$v":"Մուտքագրված հին PIN-ը սխալ է:"},{"$i":"emMmiErrorNeedPuk2","$v":"Մուտքագրեք PUK2-ը SIM քարտն արգելաբացելու համար"},{"$i":"emMmiErrorMismatchPin","$v":"Մուտքագրված PIN-երը չեն համընկնում"},{"$i":"emMmiErrorInvalidPin","$v":"Մտքգրեք 4-ից 8 թվով PIN-ը"},{"$i":"emMmiErrorNeedsPuk","$v":"Ձեր SIM քարտը կողպված է PUK-ով"},{"$i":"emMmiErrorEnablePin","$v":"Չհաջողվեց: Միացնել SIM/RUIM ԿՈՂՊՈՒՄԸ"},{"$i":"emMmiErrorMmiFdn","$v":"Գրծղթյնը սհմնփկվծ է միայն ամրգրվծ հմրհվքի հմրնրին"},{"$i":"emMmiErrorStkCcUssdDial","$v":"USSD հայցը փոփոխվեց ՀԱՎԱՔԵԼ հայցի"},{"$i":"emMmiErrorStkCcUssdSs","$v":"USSD հայցը փոփոխվեց SS հայցի"},{"$i":"emMmiErrorStkCcUssdUssd","$v":"USSD հայցը փոփոխվեց նոր USSD հայցի"},{"$i":"emMmiErrorStkCcSsDial","$v":"SS հայցը փոփոխվեց ՀԱՎԱՔԵԼ հայցի"},{"$i":"emMmiErrorStkCcSsUssd","$v":"SS հյցը փոխվեց USSD հյցի"},{"$i":"emMmiErrorStkCcSsSs","$v":"SS հյց փխվց նոր SS հյցի"},{"$i":"emMmiErrorPinPukAttempts","$v":{"few":["Մնաց ",{"t":"idOrVar","v":"n"}," փորձ"],"many":["Մնաց ",{"t":"idOrVar","v":"n"}," փորձ"],"one":["Մնց ընդմն ",{"t":"idOrVar","v":"n"}," փրձ"],"other":["Մնաց ",{"t":"idOrVar","v":"n"}," փորձ"],"two":["Մնաց ",{"t":"idOrVar","v":"n"}," փորձ"]},"$x":[{"t":"idOrVar","v":"plural"},"n"]},{"$i":"emMmiErrorSimBlocked","$v":"Գերազանցվեց փորձերի առավելագույն թիվը: SIM-ն արգելափակվեց"},{"$i":"RadioNotAvailable","$v":"Radio not available"},{"$i":"GenericFailure","$v":"Ընդհանուր ձախողում"},{"$i":"PasswordIncorrect","$v":"Սխալ գաղտնաբառ"},{"$i":"SimPin2","$v":"SIM PIN2"},{"$i":"SimPuk2","$v":"SIM PUK2"},{"$i":"RequestNotSupported","$v":"Հայցումը չի բավարարվել"},{"$i":"OpNotAllowedDuringVoiceCall","$v":"Գրծղթյն թյլտրլի չէ ձյնկնչի ժմնկ"},{"$i":"SmsSendFailRetry","$v":"SMS send fail retry"},{"$i":"SimAbsent","$v":"SIM չկա"},{"$i":"SubscriptionNotAvailable","$v":"Բաժանորդագրությունը հասանելի չէ"},{"$i":"ModeNotSupported","$v":"Ռեժիմը չի աջակցվում"},{"$i":"FdnCheckFailure","$v":"Fdn ստուգումը ձախողվեց"},{"$i":"IllegalSimOrMe","$v":"Անօրինական SIM կամ ME"},{"$i":"DialModifiedToUssd","$v":"Dial modified to USSD"},{"$i":"DialModifiedToSs","$v":"Dial modified to SS"},{"$i":"DialModifiedToDial","$v":"Dial modified to dial"},{"$i":"UssdModifiedToDial","$v":"USSD-ն փոխվեց հվքմն"},{"$i":"UssdModifiedToSs","$v":"USSD-ն փոփոխվեց SS-ի"},{"$i":"UssdModifiedToUssd","$v":"USSD-ն փոխվեց USSD-ի"},{"$i":"SsModifiedToDial","$v":"SS-ը փոփոխվեց հավաքման"},{"$i":"SsModifiedToUssd","$v":"SS-ը փոփոխվեց USSD-ի"},{"$i":"SsModifiedToSs","$v":"SS-ը փոփոխվեց SS-ի"},{"$i":"SubscriptionNotSupported","$v":"Բժնրդգրթյնը չի աջկցվմ"},{"$i":"InvalidParameter","$v":"Անվավեր հարաչափ"},{"$i":"RejectedByRemote","$v":"Հեռակա մերժված է"},{"$i":"error","$v":"Սխալ"}]