[{"$i":"weekday-0-long","$v":"Minggu"},{"$i":"weekday-1-long","$v":"Senin"},{"$i":"weekday-2-long","$v":"Selasa"},{"$i":"weekday-3-long","$v":"Rabu"},{"$i":"weekday-4-long","$v":"Kamis"},{"$i":"weekday-5-long","$v":"Jumat"},{"$i":"weekday-6-long","$v":"Sabtu"},{"$i":"weekday-0-short","$v":"Min"},{"$i":"weekday-1-short","$v":"Sen"},{"$i":"weekday-2-short","$v":"Sel"},{"$i":"weekday-3-short","$v":"Rab"},{"$i":"weekday-4-short","$v":"Kam"},{"$i":"weekday-5-short","$v":"Jum"},{"$i":"weekday-6-short","$v":"Sab"},{"$i":"month-0-long","$v":"Januari"},{"$i":"month-1-long","$v":"Februari"},{"$i":"month-2-long","$v":"Maret"},{"$i":"month-3-long","$v":"April"},{"$i":"month-4-long","$v":"Mei"},{"$i":"month-5-long","$v":"Juni"},{"$i":"month-6-long","$v":"Juli"},{"$i":"month-7-long","$v":"Agustus"},{"$i":"month-8-long","$v":"September"},{"$i":"month-9-long","$v":"Oktober"},{"$i":"month-10-long","$v":"November"},{"$i":"month-11-long","$v":"Desember"},{"$i":"month-0-genitive","$v":"Januari"},{"$i":"month-1-genitive","$v":"Februari"},{"$i":"month-2-genitive","$v":"Maret"},{"$i":"month-3-genitive","$v":"April"},{"$i":"month-4-genitive","$v":"Mei"},{"$i":"month-5-genitive","$v":"Juni"},{"$i":"month-6-genitive","$v":"Juli"},{"$i":"month-7-genitive","$v":"Agustus"},{"$i":"month-8-genitive","$v":"September"},{"$i":"month-9-genitive","$v":"Oktober"},{"$i":"month-10-genitive","$v":"November"},{"$i":"month-11-genitive","$v":"Desember"},{"$i":"month-0-short","$v":"Jan"},{"$i":"month-1-short","$v":"Feb"},{"$i":"month-2-short","$v":"Mar"},{"$i":"month-3-short","$v":"Apr"},{"$i":"month-4-short","$v":"Mei"},{"$i":"month-5-short","$v":"Jun"},{"$i":"month-6-short","$v":"Jul"},{"$i":"month-7-short","$v":"Agt"},{"$i":"month-8-short","$v":"Sep"},{"$i":"month-9-short","$v":"Okt"},{"$i":"month-10-short","$v":"Nov"},{"$i":"month-11-short","$v":"Des"},{"$i":"minutes-ago-long","$v":{"few":[{"t":"idOrVar","v":"value"}," menit yang lalu"],"many":[{"t":"idOrVar","v":"value"}," menit yang lalu"],"one":"semenit yang lalu","other":[{"t":"idOrVar","v":"value"}," menit yang lalu"],"two":[{"t":"idOrVar","v":"value"}," menit yang lalu"],"zero":"baru saja"},"$x":[{"t":"idOrVar","v":"plural"},"value"]},{"$i":"hours-ago-long","$v":{"few":[{"t":"idOrVar","v":"value"}," jam yang lalu"],"many":[{"t":"idOrVar","v":"value"}," jam yang lalu"],"one":"sejam yang lalu","other":[{"t":"idOrVar","v":"value"}," jam yang lalu"],"two":[{"t":"idOrVar","v":"value"}," jam yang lalu"],"zero":"baru saja"},"$x":[{"t":"idOrVar","v":"plural"},"value"]},{"$i":"days-ago-long","$v":{"few":[{"t":"idOrVar","v":"value"}," hari yang lalu"],"many":[{"t":"idOrVar","v":"value"}," hari yang lalu"],"one":"kemarin","other":[{"t":"idOrVar","v":"value"}," hari yang lalu"],"two":[{"t":"idOrVar","v":"value"}," hari yang lalu"],"zero":"hari ini"},"$x":[{"t":"idOrVar","v":"plural"},"value"]},{"$i":"weeks-ago-long","$v":{"few":[{"t":"idOrVar","v":"value"}," pekan yang lalu"],"many":[{"t":"idOrVar","v":"value"}," pekan yang lalu"],"one":"pekan lalu","other":[{"t":"idOrVar","v":"value"}," pekan yang lalu"],"two":[{"t":"idOrVar","v":"value"}," pekan yang lalu"],"zero":"pekan ini"},"$x":[{"t":"idOrVar","v":"plural"},"value"]},{"$i":"months-ago-long","$v":{"few":[{"t":"idOrVar","v":"value"}," bulan yang lalu"],"many":[{"t":"idOrVar","v":"value"}," bulan yang lalu"],"one":"bulan lalu","other":[{"t":"idOrVar","v":"value"}," bulan yang lalu"],"two":[{"t":"idOrVar","v":"value"}," bulan yang lalu"],"zero":"bulan ini"},"$x":[{"t":"idOrVar","v":"plural"},"value"]},{"$i":"years-ago-long","$v":{"few":[{"t":"idOrVar","v":"value"}," tahun yang lalu"],"many":[{"t":"idOrVar","v":"value"}," tahun yang lalu"],"one":"tahun lalu","other":[{"t":"idOrVar","v":"value"}," tahun yang lalu"],"two":[{"t":"idOrVar","v":"value"}," tahun yang lalu"],"zero":"tahun ini"},"$x":[{"t":"idOrVar","v":"plural"},"value"]},{"$i":"minutes-until-long","$v":{"few":["dalam ",{"t":"idOrVar","v":"value"}," menit"],"many":["dalam ",{"t":"idOrVar","v":"value"}," menit"],"one":"dalam satu menit","other":["dalam ",{"t":"idOrVar","v":"value"}," menit"],"two":["dalam ",{"t":"idOrVar","v":"value"}," menit"],"zero":"sekarang"},"$x":[{"t":"idOrVar","v":"plural"},"value"]},{"$i":"hours-until-long","$v":{"few":["dalam ",{"t":"idOrVar","v":"value"}," jam"],"many":["dalam ",{"t":"idOrVar","v":"value"}," jam"],"one":"dalam satu jam","other":["dalam ",{"t":"idOrVar","v":"value"}," jam"],"two":["dalam ",{"t":"idOrVar","v":"value"}," jam"],"zero":"sekarang"},"$x":[{"t":"idOrVar","v":"plural"},"value"]},{"$i":"days-until-long","$v":{"few":["dalam ",{"t":"idOrVar","v":"value"}," hari"],"many":["dalam ",{"t":"idOrVar","v":"value"}," hari"],"one":"besok","other":["dalam ",{"t":"idOrVar","v":"value"}," hari"],"two":["dalam ",{"t":"idOrVar","v":"value"}," hari"],"zero":"hari ini"},"$x":[{"t":"idOrVar","v":"plural"},"value"]},{"$i":"weeks-until-long","$v":{"few":["dalam ",{"t":"idOrVar","v":"value"}," pekan"],"many":["dalam ",{"t":"idOrVar","v":"value"}," pekan"],"one":"pekan depan","other":["dalam ",{"t":"idOrVar","v":"value"}," pekan"],"two":["dalam ",{"t":"idOrVar","v":"value"}," pekan"],"zero":"pekan ini"},"$x":[{"t":"idOrVar","v":"plural"},"value"]},{"$i":"months-until-long","$v":{"few":["dalam ",{"t":"idOrVar","v":"value"}," bulan"],"many":["dalam ",{"t":"idOrVar","v":"value"}," bulan"],"one":"bulan depan","other":["dalam ",{"t":"idOrVar","v":"value"}," bulan"],"two":["dalam ",{"t":"idOrVar","v":"value"}," bulan"],"zero":"bulan ini"},"$x":[{"t":"idOrVar","v":"plural"},"value"]},{"$i":"years-until-long","$v":{"few":["dalam ",{"t":"idOrVar","v":"value"}," tahun"],"many":["dalam ",{"t":"idOrVar","v":"value"}," tahun"],"one":"tahun depan","other":["dalam ",{"t":"idOrVar","v":"value"}," tahun"],"two":["dalam ",{"t":"idOrVar","v":"value"}," tahun"],"zero":"tahun ini"},"$x":[{"t":"idOrVar","v":"plural"},"value"]},{"$i":"minutes-ago-short","$v":{"other":[{"t":"idOrVar","v":"value"},"menit yang lalu"],"zero":"baru saja"},"$x":[{"t":"idOrVar","v":"plural"},"value"]},{"$i":"hours-ago-short","$v":{"other":[{"t":"idOrVar","v":"value"},"j yang lalu"],"zero":"baru saja"},"$x":[{"t":"idOrVar","v":"plural"},"value"]},{"$i":"days-ago-short","$v":{"other":[{"t":"idOrVar","v":"value"},"h yang lalu"],"zero":"hari ini"},"$x":[{"t":"idOrVar","v":"plural"},"value"]},{"$i":"minutes-until-short","$v":{"other":["dalam ",{"t":"idOrVar","v":"value"},"m"],"zero":"sekarang"},"$x":[{"t":"idOrVar","v":"plural"},"value"]},{"$i":"hours-until-short","$v":{"other":["dalam ",{"t":"idOrVar","v":"value"},"j"],"zero":"sekarang"},"$x":[{"t":"idOrVar","v":"plural"},"value"]},{"$i":"days-until-short","$v":{"other":["dalam ",{"t":"idOrVar","v":"value"},"h"],"zero":"hari ini"},"$x":[{"t":"idOrVar","v":"plural"},"value"]},{"$i":"incorrectDate","$v":"(tanggal salah)"},{"$i":"dateTimeFormat_%c","$v":"%a %b %e %Y %I:%M:%S %p"},{"$i":"dateTimeFormat_%x","$v":"%m/%d/%Y"},{"$i":"dateTimeFormat_%X","$v":"%I:%M:%S %p"},{"$i":"shortTimeFormat","$v":"%I:%M %p"},{"$i":"shortTimeFormat12","$v":"%I:%M %p"},{"$i":"shortTimeFormat24","$v":"%H:%M"},{"$i":"shortDateTimeFormat","$v":"%x %I:%M %p"},{"$i":"weekStartsOnMonday","$v":"0.0"},{"$i":"firstDayOfTheWeek","$v":"0.0"},{"$i":"time_am","$v":"AM"},{"$i":"time_pm","$v":"PM"},{"$i":"label","$v":"Label"},{"$i":"mobile","$v":"Seluler"},{"$i":"home","$v":"Rumah"},{"$i":"work","$v":"Kantor"},{"$i":"personal","$v":"Pribadi"},{"$i":"faxHome","$v":"Fax rumah"},{"$i":"faxOffice","$v":"Fax kantor"},{"$i":"faxOther","$v":"Fax lainnya"},{"$i":"another","$v":"Lainnya"},{"$i":"other","$v":"Lainnya"},{"$i":"customTag","$v":"Tag kustom","placeholder":"Tag kustom"},{"$i":"current","$v":"Saat ini"},{"$i":"itemWithLabel","$v":[{"t":"idOrVar","v":"label"},", ",{"t":"idOrVar","v":"item"}]},{"$i":"airplaneMode","$v":"Mode Pesawat"},{"$i":"searching","$v":"Mencari..."},{"$i":"noNetwork","$v":"Tidak ada jaringan"},{"$i":"roaming","$v":[{"t":"idOrVar","v":"operator"}," (Roaming)"]},{"$i":"operator-info","$v":[{"t":"idOrVar","v":"carrier"}," ",{"t":"idOrVar","v":"region"}]},{"$i":"emergencyCallsOnly","$v":"Panggilan darurat saja"},{"$i":"emergencyCallsOnly-unknownSIMState","$v":"(kondisi SIM tidak diketahui)"},{"$i":"emergencyCallsOnly-noSIM","$v":"(tidak ada SIM)"},{"$i":"emergencyCallsOnly-pinRequired","$v":"(SIM PIN diperlukan)"},{"$i":"emergencyCallsOnly-pukRequired","$v":"(SIM PUK diperlukan)"},{"$i":"emergencyCallsOnly-networkLocked","$v":"(jaringan terkunci)"},{"$i":"emergencyCallsOnly-serviceProviderLocked","$v":"(provider layanan terkunci)"},{"$i":"emergencyCallsOnly-corporateLocked","$v":"(korporasi terkunci)"},{"$i":"emergencyCallsOnly-network1Locked","$v":"(jaringan1 terkunci)"},{"$i":"emergencyCallsOnly-network2Locked","$v":"(jaringan2 terkunci)"},{"$i":"emergencyCallsOnly-hrpdNetworkLocked","$v":"(jaringan hrpd terkunci)"},{"$i":"emergencyCallsOnly-ruimCorporateLocked","$v":"(korporasi ruim dikunci)"},{"$i":"emergencyCallsOnly-ruimServiceProviderLocked","$v":"(provider layanan ruim terkunci)"},{"$i":"lockscreen-sim-id","$v":["SIM ",{"t":"idOrVar","v":"n"}]},{"$i":"charging-no-time","$v":[{"t":"idOrVar","v":"level"},"% Terisi"]},{"$i":"charging-minutes","$v":{"few":[{"t":"idOrVar","v":"level"},"% Terisi (",{"t":"idOrVar","v":"minutes"}," mnt hingga terisi penuh)"],"many":[{"t":"idOrVar","v":"level"},"% Terisi (",{"t":"idOrVar","v":"minutes"}," mnt hingga terisi penuh)"],"one":[{"t":"idOrVar","v":"level"},"% Terisi (",{"t":"idOrVar","v":"minutes"}," mnt hingga terisi penuh)"],"other":[{"t":"idOrVar","v":"level"},"% Terisi (",{"t":"idOrVar","v":"minutes"}," mnt hingga terisi penuh)"],"two":[{"t":"idOrVar","v":"level"},"% Terisi (",{"t":"idOrVar","v":"minutes"}," mnt hingga terisi penuh)"],"zero":[{"t":"idOrVar","v":"level"},"% Terisi (",{"t":"idOrVar","v":"minutes"}," mnt hingga terisi penuh)"]},"$x":[{"t":"idOrVar","v":"plural"},"minutes"]},{"$i":"charging-hours","$v":{"few":[{"t":"idOrVar","v":"level"},"% Terisi (",{"t":"idOrVar","v":"hours"},"j ",{"t":"idOrVar","v":"minutes"}," mnt hingga terisi penuh)"],"many":[{"t":"idOrVar","v":"level"},"% Terisi (",{"t":"idOrVar","v":"hours"},"j ",{"t":"idOrVar","v":"minutes"}," mnt hingga terisi penuh)"],"one":[{"t":"idOrVar","v":"level"},"% Terisi (",{"t":"idOrVar","v":"hours"},"j ",{"t":"idOrVar","v":"minutes"}," mnt hingga terisi penuh)"],"other":[{"t":"idOrVar","v":"level"},"% Terisi (",{"t":"idOrVar","v":"hours"},"j ",{"t":"idOrVar","v":"minutes"}," mnt hingga terisi penuh)"],"two":[{"t":"idOrVar","v":"level"},"% Terisi (",{"t":"idOrVar","v":"hours"},"j ",{"t":"idOrVar","v":"minutes"}," mnt hingga terisi penuh)"],"zero":[{"t":"idOrVar","v":"level"},"% Terisi (",{"t":"idOrVar","v":"hours"},"j ",{"t":"idOrVar","v":"minutes"}," mnt hingga terisi penuh)"]},"$x":[{"t":"idOrVar","v":"plural"},"minutes"]},{"$i":"phoneNumberInput","ariaLabel":"Nomor telepon"},{"$i":"keypadDelete","ariaLabel":"Hapus"},{"$i":"voiceMailKey","ariaLabel":"Pesan suara"},{"$i":"asterisk","ariaLabel":"Tanda bintang"},{"$i":"hashSign","ariaLabel":"Tanda hash"},{"$i":"cancel","$v":"Batal"},{"$i":"loadingSimContacts","$v":"Memuat kontak kartu SIM..."},{"$i":"noContactsWereFound","$v":"Tidak ada kontak ditemukan"},{"$i":"noContactsFoundDialogOk","$v":"OK"},{"$i":"emergencyNumber","$v":"Nomor darurat"},{"$i":"callAirplaneModeMessage","$v":"Untuk melakukan panggilan Anda perlu mematikan mode pesawat terbang di pengaturan."},{"$i":"callAirplaneModeBtnOk","$v":"OK"},{"$i":"callAirplaneModeTitle","$v":"Mode pesawat terbang aktif"},{"$i":"numberIsBusyTitle","$v":"Nomor sedang sibuk"},{"$i":"numberIsBusyMessage","$v":"Nomor sedang sibuk. Silakan coba sesaat lagi."},{"$i":"fdnIsActiveTitle","$v":"NPT aktif"},{"$i":"fdnIsActiveMessage","$v":["FDN (Fixed Dialing Numbers) diaktifkan dan nomor berikut tidak dalam daftar NPT Anda: ",{"t":"idOrVar","v":"number"}]},{"$i":"emergencyDialogBodyBadNumber","$v":"Untuk melakukan panggilan, ponsel harus tersambung ke jaringan."},{"$i":"emergencyDialogBodyDeviceNotAccepted","$v":"Panggilan darurat tidak diizinkan oleh jaringan."},{"$i":"emergencyDialogBtnOk","$v":"OK"},{"$i":"emergencyDialogTitle","$v":"Tidak ada koneksi jaringan"},{"$i":"invalidNumberToDialTitle","$v":"Nomor telepon tidak valid"},{"$i":"invalidNumberToDialMessage","$v":"Nomor telepon yang ada panggil tidak valid."},{"$i":"unableToCallTitle","$v":"Tidak dapat menelepon"},{"$i":"unableToCallMessage","$v":"Tidak dapat melakukan panggilan telepon sekarang."},{"$i":"otherConnectionInUseTitle","$v":"Koneksi lain sedang digunakan"},{"$i":"otherConnectionInUseMessage","$v":"Anda memiliki panggilan aktif di koneksi lain. Anda hanya dapat menggunakan satu koneksi pada satu waktu."},{"$i":"connectingEllipsis","$v":"Menyambungkan..."},{"$i":"clear","$v":"Hapus"},{"$i":"dialer","$v":"Pendial"},{"$i":"kai-incomming-call","$v":"Panggilan masuk"},{"$i":"kai-in-call","$v":"Dalam panggilan"},{"$i":"kai-answer","$v":"Jawab"},{"$i":"kai-end-answer","$v":"Akhiri dan menjawab"},{"$i":"kai-decline","$v":"Tolak"},{"$i":"enter-passcode","$v":"Masukkan kode pass untuk membuka kunci layar."},{"$i":"passcode-error","$v":"Kode tidak valid. Silakan coba lagi."},{"$i":"voice-call","$v":"Ubah ke suara"},{"$i":"video-call","$v":"Ubah ke video"},{"$i":"message","$v":"Pesan"},{"$i":"answer-rtt-call","$v":"Jawab RTT"},{"$i":"req-rtt-call","$v":"ANS RTT"},{"$i":"rtt-call","$v":"Panggilan RTT"},{"$i":"rtt-view","$v":"Tampilan RTT"},{"$i":"change-to-rtt-call","$v":"Menyambungkan panggilan RTT..."},{"$i":"change-to-voice-call","$v":"Diubah menjadi panggilan suara."},{"$i":"upgrading-rtt","$v":"Meningkatkan ke panggilan RTT..."},{"$i":"rtt-call-failed","$v":"Panggilan RTT gagal."},{"$i":"voice-call-failed","$v":"Panggilan suara gagal."},{"$i":"rtt","$v":"RTT"},{"$i":"rtt-emegency-upgrade-rejected","$v":"RTT tidak tersedia untuk panggilan 911 ini."},{"$i":"rtt-emegency-downgrade","$v":"RTT tidak tersedia untuk panggilan 911 ini. Panggilan Anda tersambung sebagai panggilan suara saja. Jika Anda mengalami kesulitan, lakukan panggilan suara atau relai ke 911."},{"$i":"voice-only-call","$v":"Panggilan Anda tersambung sebagai panggilan suara saja."},{"$i":"ans-rtt-failed","$v":"Gagal melakukan panggilan RTT. Panggilan Anda tersambung sebagai panggilan suara saja."},{"$i":"back","$v":"Kembali"},{"$i":"new-message","$v":"Pesan baru dari"},{"$i":"kai-mute","$v":"Bisu"},{"$i":"kai-unmute","$v":"Aktifkan suara"},{"$i":"kai-speaker","$v":"Speaker"},{"$i":"kai-speaker-off","$v":"Speaker mati"},{"$i":"kai-microphone-mute-notification","$v":"Mikrofon bisu"},{"$i":"kai-microphone-active-notification","$v":"Mikrofon aktif"},{"$i":"kai-speaker-off-notification","$v":"Speaker eksternal dimatikan"},{"$i":"kai-speaker-on-notification","$v":"Speaker eksternal dinyalakan"},{"$i":"kai-hold-and-answer","$v":"Ditahan dan menjawab"},{"$i":"kai-ignore-call","$v":"Mengabaikan panggilan masuk"},{"$i":"kai-add-to-call","$v":"Menambah panggilan"},{"$i":"kai-switch-to-second-line","$v":"Tukar panggilan"},{"$i":"kai-merge-calls","$v":"Menggabungkan panggilan"},{"$i":"ok","$v":"Ok"},{"$i":"losing-wifi-msg","$v":"kehilangan Wi-Fi"},{"$i":"hd","$v":"HD"},{"$i":"manage-call","$v":"Mengelola panggilan"},{"$i":"end","$v":"Akhiri panggilan"},{"$i":"private","$v":"Pribadi"},{"$i":"sound","$v":"Suara"},{"$i":"bluetooth-device","$v":"Perangkat Bluetooth"},{"$i":"handset-earpiece","$v":"Handset"},{"$i":"speaker","$v":"Speaker"},{"$i":"call-ended","$v":"Panggilan selesai"},{"$i":"payphone","$v":"Telepon koin"},{"$i":"contact","$v":"Kontak"},{"$i":"dialer-prompt","$v":"Nomor panggilan atau pilih kontak untuk menambahkan panggilan"},{"$i":"call","$v":"Panggilan"},{"$i":"hold","$v":"Tahan"},{"$i":"volume","$v":"Volume"},{"$i":"softkey-options","$v":"Opsi"},{"$i":"unhold-call","$v":"Batalkan penahanan panggilan"},{"$i":"hold-call","$v":"Panggilan ditahan"},{"$i":"select","$v":"Pilih"},{"$i":"unknown","$v":"Tidak diketahui"},{"$i":"switch-calls","$v":"Alihkan panggilan"},{"$i":"voiceMail","$v":"Pesan suara"},{"$i":"incoming","$v":"Masuk"},{"$i":"outgoing","$v":"Keluar"},{"$i":"callEnded","$v":"Panggilan Selesai"},{"$i":"callEndedDuration","$v":["Panggilan Diakhiri (",{"t":"idOrVar","v":"duration"},")"]},{"$i":"conferenceAddError","$v":"Tidak dapat menggabungkan panggilan"},{"$i":"conferenceRemoveError","$v":"Tidak dapat melepas gabungan panggilan"},{"$i":"callDurationMinutes","$v":[{"t":"idOrVar","v":"m"},":",{"t":"idOrVar","v":"s"}]},{"$i":"callDurationHours","$v":[{"t":"idOrVar","v":"h"},":",{"t":"idOrVar","v":"m"},":",{"t":"idOrVar","v":"s"}]},{"$i":"callDurationTextFormatSeconds","$v":[{"t":"idOrVar","v":"s"}," s"]},{"$i":"callDurationTextFormatMinutes","$v":[{"t":"idOrVar","v":"m"}," m ",{"t":"idOrVar","v":"s"}," s"]},{"$i":"callDurationTextFormatHours","$v":[{"t":"idOrVar","v":"h"}," h ",{"t":"idOrVar","v":"m"}," m ",{"t":"idOrVar","v":"s"}," s"]},{"$i":"switch-to-device-toast","$v":"Beralih ke perangkat bluetooth"},{"$i":"switch-to-handset-toast","$v":"Beralih ke handset earpiece"},{"$i":"switch-to-speaker-toast","$v":"Beralih ke speaker"},{"$i":"connecting","$v":"Menyambungkan"},{"$i":"wifi-call-quality-excellent","$v":"Sempurna"},{"$i":"wifi-call-quality-fair","$v":"Sedang"},{"$i":"wifi-call-quality-bad","$v":"Buruk"},{"$i":"call-left-conference-toast","$v":"telah meninggalkan panggilan"},{"$i":"camera-off","$v":"Kamera mati"},{"$i":"camera-on","$v":"Kamera menyala"},{"$i":"rear-camera","$v":"Kamera belakang"},{"$i":"front-camera","$v":"Kamera depan"},{"$i":"hide-info","$v":"Sembunyikan info"},{"$i":"show-info","$v":"Tampilkan informasi"},{"$i":"video-call-rejected","$v":"Panggilan video ditolak, ubah ke panggilan suara."},{"$i":"video-call-not-support","$v":"Panggilan video tidak didukung."},{"$i":"video-call-rejected-timeout","$v":"Panggilan video ditolak atau kehabisan waktu."},{"$i":"video-call-from","$v":["Menerima panggilan video dari ",{"t":"idOrVar","v":"name"},"."]},{"$i":"video-call-canceled","$v":"Panggilan video dibatalkan."},{"$i":"video-call-failed","$v":"Panggilan video Gagal."},{"$i":"call-downgraded","$v":"Panggilan ditolak."},{"$i":"wifi-calling","$v":"Panggilan Wi-Fi"},{"$i":"wifi-calling-1","$v":"Panggilan Anda mungkin terputus."},{"$i":"wifi-calling-2","$v":"Anda hampir berada di luar batas cakupan Wi-Fi."},{"$i":"wifi-calling-dropped","$v":"Panggilan Wi-Fi terputus."},{"$i":"accept","$v":"Setuju"},{"$i":"conference-call-num","$v":[{"t":"idOrVar","v":"num"}," orang dalam panggilan."]},{"$i":"more","$v":"Lebih"},{"$i":"rec","$v":"REC"},{"$i":"start-recording-call","$v":"Mulai merekam panggilan."},{"$i":"stop-recording-call","$v":"Hentikan merekam panggilan."},{"$i":"insufficient-storage","$v":"Penyimpanan tidak cukup. Perekaman dihentikan."},{"$i":"reply","$v":"Balas"},{"$i":"reply-message-1","$v":"Maaf, tidak bisa bicara sekarang."},{"$i":"reply-message-2","$v":"Saya dalam perjalanan."},{"$i":"reply-message-3","$v":"Nanti saya hubungi?"},{"$i":"reply-message-4","$v":"Kustom..."},{"$i":"reply-to-name","$v":["Dibalas ke ",{"t":"idOrVar","v":"name"}]},{"$i":"mt-call-on-hold","$v":"Panggilan ditahan."},{"$i":"mt-call_retrieved","$v":"Panggilan diterima."},{"$i":"mt-multi_party_call","$v":"Anda telah ditambahkan ke panggilan konferensi."},{"$i":"hangup-a11y-button","$v":""},{"$i":"pickup-a11y-button","$v":""},{"$i":"mute","$v":""},{"$i":"toggleKeypad","$v":""},{"$i":"newCall","$v":""},{"$i":"speakerOption","$v":""},{"$i":"bluetoothOption","$v":""},{"$i":"onHoldOption","$v":""},{"$i":"merge","$v":""},{"$i":"ignore","$v":""},{"$i":"dialerAddContact","$v":""},{"$i":"makeCall","$v":""},{"$i":"call-forwarding-async","$v":["Asinkron: ",{"t":"idOrVar","v":"async"}]},{"$i":"call-forwarding-data","$v":["Data: ",{"t":"idOrVar","v":"data"}]},{"$i":"call-forwarding-error","$v":"Kesalahan terjadi selagi mengambil status penerusan panggilan"},{"$i":"call-forwarding-fax","$v":["FAX: ",{"t":"idOrVar","v":"fax"}]},{"$i":"call-forwarding-inactive","$v":"Tidak aktif"},{"$i":"call-forwarding-packet","$v":["Paket: ",{"t":"idOrVar","v":"packet"}]},{"$i":"call-forwarding-pad","$v":["PAD: ",{"t":"idOrVar","v":"pad"}]},{"$i":"call-forwarding-sms","$v":["SMS: ",{"t":"idOrVar","v":"sms"}]},{"$i":"call-forwarding-status","$v":"Status penerusan panggilan"},{"$i":"call-forwarding-sync","$v":["Sinkronisasi: ",{"t":"idOrVar","v":"sync"}]},{"$i":"call-forwarding-voice","$v":["Suara: ",{"t":"idOrVar","v":"voice"}]},{"$i":"scCallBarring","$v":"Pembatasan panggilan"},{"$i":"scCallForwarding","$v":"Penerusan panggilan"},{"$i":"scClip","$v":"ID Pemanggil Masuk"},{"$i":"scClir","$v":"ID Pemanggil Keluar"},{"$i":"scPwd","$v":"Sandi berubah"},{"$i":"scCallWaiting","$v":"Panggilan tunggu"},{"$i":"scPin","$v":"PIN berubah"},{"$i":"scPin2","$v":"PIN2 berubah"},{"$i":"scPuk","$v":"Lepas blokir PIN"},{"$i":"scPuk2","$v":"Lepas blokir PIN2"},{"$i":"scImei","$v":"IMEI"},{"$i":"scMeid","$v":"MEID"},{"$i":"scUssd","$v":"USSD"},{"$i":"serviceClassVoice","$v":"Suara"},{"$i":"serviceClassData","$v":"Data"},{"$i":"serviceClassFax","$v":"FAKS"},{"$i":"serviceClassSms","$v":"SMS"},{"$i":"serviceClassDataSync","$v":"Sinkronisasi"},{"$i":"serviceClassDataAsync","$v":"Async"},{"$i":"serviceClassPacket","$v":"Paket"},{"$i":"serviceClassPad","$v":"PAD"},{"$i":"smServiceEnabled","$v":"Layanan dinyalakan"},{"$i":"smServiceDisabled","$v":"Layanan telah dinonaktifkan"},{"$i":"smServiceRegistered","$v":"Registrasi berhasil"},{"$i":"smServiceErased","$v":"Penghapusan berhasil"},{"$i":"smServiceInterrogated","$v":"Permintaan berhasil"},{"$i":"smServiceNotProvisioned","$v":"Layanan tidak tersedia"},{"$i":"smClirPermanent","$v":"Anda tidak dapat mengubah pengaturan ID pemanggil"},{"$i":"smClirDefaultOnNextCallOn","$v":"ID Penelepon aslinya diatur ke terbatas. Panggilan berikutnya: Dibatasi"},{"$i":"smClirDefaultOnNextCallOff","$v":"ID Penelepon aslinya diatur ke terbatas. Panggilan berikutnya: Tidak dibatasi"},{"$i":"smClirDefaultOffNextCallOn","$v":"ID Penelepon asali ke tidak dibatasi. Panggilan berikutnya: Dibatasi"},{"$i":"smClirDefaultOffNextCallOff","$v":"ID Penelepon asali ke tidak dibatasi. Panggilan berikutnya: Tidak dibatasi"},{"$i":"smServiceEnabledFor","$v":"Layanan dinyalakan untuk:"},{"$i":"smPinChanged","$v":"PIN berhasil diubah"},{"$i":"smPinUnblocked","$v":"PIN berhasil lepas blokir"},{"$i":"smPin2Changed","$v":"PIN2 berhasil diubah"},{"$i":"smPin2Unblocked","$v":"PIN2 berhasil lepas blokir"},{"$i":"ServiceIsEnabled","$v":"Layanan diaktifkan"},{"$i":"ServiceIsDisabled","$v":"Layanan dinonaktifkan"},{"$i":"ServiceIsEnabledFor","$v":"Layanan diaktifkan untuk:"},{"$i":"emMmiError","$v":"Masalah koneksi atau kode MMI tidak valid"},{"$i":"emMmiErrorPasswordIncorrect","$v":"Sandi Salah"},{"$i":"emMmiErrorNotSupported","$v":"Kode MMI tidak valid atau tidak didukung"},{"$i":"emMmiErrorInvalidAction","$v":"Aksi tidak valid"},{"$i":"emMmiErrorInvalidScCode","$v":"Kode layanan tidak valid"},{"$i":"emMmiErrorBadPuk","$v":"PUK yang Anda ketik tidak benar"},{"$i":"emMmiErrorBadPin","$v":"PIN lama yang Anda ketik tidak benar."},{"$i":"emMmiErrorNeedPuk2","$v":"Ketik PUK2 untuk lepas blokir kartu SIM"},{"$i":"emMmiErrorMismatchPin","$v":"PIN yang Anda ketik tidak cocok"},{"$i":"emMmiErrorInvalidPin","$v":"Ketik PIN 4 hingga 8 nomor"},{"$i":"emMmiErrorNeedsPuk","$v":"Kartu SIM Anda terkunci-PUK"},{"$i":"emMmiErrorEnablePin","$v":"Tidak berhasil. Aktifkan SIM/RUIM LOCK"},{"$i":"emMmiErrorMmiFdn","$v":"Operasi ditahan untuk memperbaiki nomor panggilan saja"},{"$i":"emMmiErrorStkCcUssdDial","$v":"Permintaan USSD dimodifikasi untuk permintaan DIAL"},{"$i":"emMmiErrorStkCcUssdSs","$v":"Permintaan USSD dimodifikasi untuk permintaan SS"},{"$i":"emMmiErrorStkCcUssdUssd","$v":"Permintaan USSD dimodifikasi untuk permintaan USSD baru"},{"$i":"emMmiErrorStkCcSsDial","$v":"Permintaan SS dimodifikasi untuk permintaan DIAL"},{"$i":"emMmiErrorStkCcSsUssd","$v":"Permintaan SS dimodifikasi untuk permintaan USSD"},{"$i":"emMmiErrorStkCcSsSs","$v":"Permintaan SS dimodifikasi untuk permintaan SS baru"},{"$i":"emMmiErrorPinPukAttempts","$v":{"few":[{"t":"idOrVar","v":"n"}," sisa percobaan ulang"],"many":[{"t":"idOrVar","v":"n"}," sisa percobaan ulang"],"one":["Hanya ",{"t":"idOrVar","v":"n"}," sisa percobaan ulang"],"other":[{"t":"idOrVar","v":"n"}," sisa percobaan ulang"],"two":[{"t":"idOrVar","v":"n"}," sisa percobaan ulang"]},"$x":[{"t":"idOrVar","v":"plural"},"n"]},{"$i":"emMmiErrorSimBlocked","$v":"Jumlah maksimal percobaan ulang terlamapaui. SIM diblokir"},{"$i":"RadioNotAvailable","$v":"Radio tidak tersedia"},{"$i":"GenericFailure","$v":"Kegagalan umum"},{"$i":"PasswordIncorrect","$v":"Sandi salah"},{"$i":"SimPin2","$v":"SIM PIN2"},{"$i":"SimPuk2","$v":"SIM PUK2"},{"$i":"RequestNotSupported","$v":"Permintaan tidak didukung"},{"$i":"OpNotAllowedDuringVoiceCall","$v":"Operasi tidak diizinkan selama panggilan suara"},{"$i":"SmsSendFailRetry","$v":"Coba ulang kegagalan pengiriman SMS"},{"$i":"SimAbsent","$v":"SIM tidak ada"},{"$i":"SubscriptionNotAvailable","$v":"Langganan tidak tersedia"},{"$i":"ModeNotSupported","$v":"Mode tidak didukung"},{"$i":"FdnCheckFailure","$v":"Pemeriksaan fdn gagal"},{"$i":"IllegalSimOrMe","$v":"SIM atau ME ilegal"},{"$i":"DialModifiedToUssd","$v":"Panggilan dimodifikasi ke USSD"},{"$i":"DialModifiedToSs","$v":"Panggilan dimodifikasi ke SS"},{"$i":"DialModifiedToDial","$v":"Panggilan dimodifikasi ke panggilan"},{"$i":"UssdModifiedToDial","$v":"USSD dimodifikasi ke panggilan"},{"$i":"UssdModifiedToSs","$v":"USSD dimodifikasi ke SS"},{"$i":"UssdModifiedToUssd","$v":"USSD dimodifikasi ke USSD"},{"$i":"SsModifiedToDial","$v":"SS dimodifikasi ke panggilan"},{"$i":"SsModifiedToUssd","$v":"SS dimodifikasi ke USSD"},{"$i":"SsModifiedToSs","$v":"SS dimodifikasi ke SS"},{"$i":"SubscriptionNotSupported","$v":"Langganan tidak didukung"},{"$i":"InvalidParameter","$v":"Parameter tidak valid"},{"$i":"RejectedByRemote","$v":"Ditolak secara jarak jauh"},{"$i":"error","$v":"Kesalahan"}]