[{"$i":"weekday-0-long","$v":"Domenica"},{"$i":"weekday-1-long","$v":"Lunedì"},{"$i":"weekday-2-long","$v":"Martedì"},{"$i":"weekday-3-long","$v":"Mercoledì"},{"$i":"weekday-4-long","$v":"Giovedì"},{"$i":"weekday-5-long","$v":"Venerdì"},{"$i":"weekday-6-long","$v":"Sabato"},{"$i":"weekday-0-short","$v":"Dom"},{"$i":"weekday-1-short","$v":"Lun"},{"$i":"weekday-2-short","$v":"Mar"},{"$i":"weekday-3-short","$v":"Mer"},{"$i":"weekday-4-short","$v":"Gio"},{"$i":"weekday-5-short","$v":"Ven"},{"$i":"weekday-6-short","$v":"Sab"},{"$i":"month-0-long","$v":"Gennaio"},{"$i":"month-1-long","$v":"Febbraio"},{"$i":"month-2-long","$v":"Marzo"},{"$i":"month-3-long","$v":"Aprile"},{"$i":"month-4-long","$v":"Maggio"},{"$i":"month-5-long","$v":"Giugno"},{"$i":"month-6-long","$v":"Luglio"},{"$i":"month-7-long","$v":"Agosto"},{"$i":"month-8-long","$v":"Settembre"},{"$i":"month-9-long","$v":"Ottobre"},{"$i":"month-10-long","$v":"Novembre"},{"$i":"month-11-long","$v":"Dicembre"},{"$i":"month-0-genitive","$v":"Gennaio"},{"$i":"month-1-genitive","$v":"Febbraio"},{"$i":"month-2-genitive","$v":"Marzo"},{"$i":"month-3-genitive","$v":"Aprile"},{"$i":"month-4-genitive","$v":"Maggio"},{"$i":"month-5-genitive","$v":"Giugno"},{"$i":"month-6-genitive","$v":"Luglio"},{"$i":"month-7-genitive","$v":"Agosto"},{"$i":"month-8-genitive","$v":"Settembre"},{"$i":"month-9-genitive","$v":"Ottobre"},{"$i":"month-10-genitive","$v":"Novembre"},{"$i":"month-11-genitive","$v":"Dicembre"},{"$i":"month-0-short","$v":"Gen"},{"$i":"month-1-short","$v":"Feb"},{"$i":"month-2-short","$v":"Mar"},{"$i":"month-3-short","$v":"Apr"},{"$i":"month-4-short","$v":"Mag"},{"$i":"month-5-short","$v":"Giu"},{"$i":"month-6-short","$v":"Lug"},{"$i":"month-7-short","$v":"Ago"},{"$i":"month-8-short","$v":"Set"},{"$i":"month-9-short","$v":"Ott"},{"$i":"month-10-short","$v":"Nov"},{"$i":"month-11-short","$v":"Dic"},{"$i":"minutes-ago-long","$v":{"few":[{"t":"idOrVar","v":"value"}," minuti fa"],"many":[{"t":"idOrVar","v":"value"}," minuti fa"],"one":"un minuto fa","other":[{"t":"idOrVar","v":"value"}," minuti fa"],"two":[{"t":"idOrVar","v":"value"}," minuti fa"],"zero":"adesso"},"$x":[{"t":"idOrVar","v":"plural"},"value"]},{"$i":"hours-ago-long","$v":{"few":[{"t":"idOrVar","v":"value"}," ore fa"],"many":[{"t":"idOrVar","v":"value"}," ore fa"],"one":"un'ora fa","other":[{"t":"idOrVar","v":"value"}," ore fa"],"two":[{"t":"idOrVar","v":"value"}," ore fa"],"zero":"adesso"},"$x":[{"t":"idOrVar","v":"plural"},"value"]},{"$i":"days-ago-long","$v":{"few":[{"t":"idOrVar","v":"value"}," giorni fa"],"many":[{"t":"idOrVar","v":"value"}," giorni fa"],"one":"ieri","other":[{"t":"idOrVar","v":"value"}," giorni fa"],"two":[{"t":"idOrVar","v":"value"}," giorni fa"],"zero":"oggi"},"$x":[{"t":"idOrVar","v":"plural"},"value"]},{"$i":"weeks-ago-long","$v":{"few":[{"t":"idOrVar","v":"value"}," settimane fa"],"many":[{"t":"idOrVar","v":"value"}," settimane fa"],"one":"una settimana fa","other":[{"t":"idOrVar","v":"value"}," settimane fa"],"two":[{"t":"idOrVar","v":"value"}," settimane fa"],"zero":"questa settimana"},"$x":[{"t":"idOrVar","v":"plural"},"value"]},{"$i":"months-ago-long","$v":{"few":[{"t":"idOrVar","v":"value"}," mesi fa"],"many":[{"t":"idOrVar","v":"value"}," mesi fa"],"one":"un mese fa","other":[{"t":"idOrVar","v":"value"}," mesi fa"],"two":[{"t":"idOrVar","v":"value"}," mesi fa"],"zero":"questo mese"},"$x":[{"t":"idOrVar","v":"plural"},"value"]},{"$i":"years-ago-long","$v":{"few":[{"t":"idOrVar","v":"value"}," anni fa"],"many":[{"t":"idOrVar","v":"value"}," anni fa"],"one":"un anno fa","other":[{"t":"idOrVar","v":"value"}," anni fa"],"two":[{"t":"idOrVar","v":"value"}," anni fa"],"zero":"quest'anno"},"$x":[{"t":"idOrVar","v":"plural"},"value"]},{"$i":"minutes-until-long","$v":{"few":["tra ",{"t":"idOrVar","v":"value"}," minuti"],"many":["tra ",{"t":"idOrVar","v":"value"}," minuti"],"one":"tra un minuto","other":["tra ",{"t":"idOrVar","v":"value"}," minuti"],"two":["tra ",{"t":"idOrVar","v":"value"}," minuti"],"zero":"ora"},"$x":[{"t":"idOrVar","v":"plural"},"value"]},{"$i":"hours-until-long","$v":{"few":["tra ",{"t":"idOrVar","v":"value"}," ore"],"many":["tra ",{"t":"idOrVar","v":"value"}," ore"],"one":"tra un'ora","other":["tra ",{"t":"idOrVar","v":"value"}," ore"],"two":["tra ",{"t":"idOrVar","v":"value"}," ore"],"zero":"ora"},"$x":[{"t":"idOrVar","v":"plural"},"value"]},{"$i":"days-until-long","$v":{"few":["tra ",{"t":"idOrVar","v":"value"}," giorni"],"many":["tra ",{"t":"idOrVar","v":"value"}," giorni"],"one":"domani","other":["tra ",{"t":"idOrVar","v":"value"}," giorni"],"two":["tra ",{"t":"idOrVar","v":"value"}," giorni"],"zero":"oggi"},"$x":[{"t":"idOrVar","v":"plural"},"value"]},{"$i":"weeks-until-long","$v":{"few":["tra ",{"t":"idOrVar","v":"value"}," settimane"],"many":["tra ",{"t":"idOrVar","v":"value"}," settimane"],"one":"tra una settimana","other":["tra ",{"t":"idOrVar","v":"value"}," settimane"],"two":["tra ",{"t":"idOrVar","v":"value"}," settimane"],"zero":"questa settimana"},"$x":[{"t":"idOrVar","v":"plural"},"value"]},{"$i":"months-until-long","$v":{"few":["tra ",{"t":"idOrVar","v":"value"}," mesi"],"many":["tra ",{"t":"idOrVar","v":"value"}," mesi"],"one":"tra un mese","other":["tra ",{"t":"idOrVar","v":"value"}," mesi"],"two":["tra ",{"t":"idOrVar","v":"value"}," mesi"],"zero":"questo mese"},"$x":[{"t":"idOrVar","v":"plural"},"value"]},{"$i":"years-until-long","$v":{"few":["tra ",{"t":"idOrVar","v":"value"}," anni"],"many":["tra ",{"t":"idOrVar","v":"value"}," anni"],"one":"tra un anno","other":["tra ",{"t":"idOrVar","v":"value"}," anni"],"two":["tra ",{"t":"idOrVar","v":"value"}," anni"],"zero":"quest'anno"},"$x":[{"t":"idOrVar","v":"plural"},"value"]},{"$i":"minutes-ago-short","$v":{"other":[{"t":"idOrVar","v":"value"}," m fa"],"zero":"adesso"},"$x":[{"t":"idOrVar","v":"plural"},"value"]},{"$i":"hours-ago-short","$v":{"other":[{"t":"idOrVar","v":"value"}," h fa"],"zero":"adesso"},"$x":[{"t":"idOrVar","v":"plural"},"value"]},{"$i":"days-ago-short","$v":{"other":[{"t":"idOrVar","v":"value"}," g fa"],"zero":"oggi"},"$x":[{"t":"idOrVar","v":"plural"},"value"]},{"$i":"minutes-until-short","$v":{"other":["tra ",{"t":"idOrVar","v":"value"}," m"],"zero":"ora"},"$x":[{"t":"idOrVar","v":"plural"},"value"]},{"$i":"hours-until-short","$v":{"other":["tra ",{"t":"idOrVar","v":"value"}," h"],"zero":"ora"},"$x":[{"t":"idOrVar","v":"plural"},"value"]},{"$i":"days-until-short","$v":{"other":["tra ",{"t":"idOrVar","v":"value"}," g"],"zero":"oggi"},"$x":[{"t":"idOrVar","v":"plural"},"value"]},{"$i":"incorrectDate","$v":"(data errata)"},{"$i":"dateTimeFormat_%c","$v":"%a %b %e %Y %I:%M:%S %p"},{"$i":"dateTimeFormat_%x","$v":"%m/%d/%Y"},{"$i":"dateTimeFormat_%X","$v":"%I:%M:%S %p"},{"$i":"shortTimeFormat","$v":"%I:%M %p"},{"$i":"shortTimeFormat12","$v":"%I:%M %p"},{"$i":"shortTimeFormat24","$v":"%H:%M"},{"$i":"shortDateTimeFormat","$v":"%x %I:%M %p"},{"$i":"weekStartsOnMonday","$v":"0.0"},{"$i":"firstDayOfTheWeek","$v":"1.0"},{"$i":"time_am","$v":"AM"},{"$i":"time_pm","$v":"PM"},{"$i":"label","$v":"Etichetta"},{"$i":"mobile","$v":"Cellulare"},{"$i":"home","$v":"Casa"},{"$i":"work","$v":"Lavoro"},{"$i":"personal","$v":"Personale"},{"$i":"faxHome","$v":"Fax casa"},{"$i":"faxOffice","$v":"Fax ufficio"},{"$i":"faxOther","$v":"Altro fax"},{"$i":"another","$v":"Altro"},{"$i":"other","$v":"Altro"},{"$i":"customTag","$v":"Tag personalizzato","placeholder":"Tag personalizzato"},{"$i":"current","$v":"Attuale"},{"$i":"itemWithLabel","$v":[{"t":"idOrVar","v":"label"},", ",{"t":"idOrVar","v":"item"}]},{"$i":"airplaneMode","$v":"Modalità aereo"},{"$i":"searching","$v":"Ricerca in corso..."},{"$i":"noNetwork","$v":"Nessuna rete"},{"$i":"roaming","$v":[{"t":"idOrVar","v":"operator"}," (roaming)"]},{"$i":"operator-info","$v":[{"t":"idOrVar","v":"carrier"}," ",{"t":"idOrVar","v":"region"}]},{"$i":"emergencyCallsOnly","$v":"Solo chiamate di emergenza"},{"$i":"emergencyCallsOnly-unknownSIMState","$v":"(stato della SIM sconosciuto)"},{"$i":"emergencyCallsOnly-noSIM","$v":"(nessuna SIM)"},{"$i":"emergencyCallsOnly-pinRequired","$v":"(PIN SIM richiesto)"},{"$i":"emergencyCallsOnly-pukRequired","$v":"(PUK SIM richiesto)"},{"$i":"emergencyCallsOnly-networkLocked","$v":"(rete bloccata)"},{"$i":"emergencyCallsOnly-serviceProviderLocked","$v":"(blocco del provider di servizi)"},{"$i":"emergencyCallsOnly-corporateLocked","$v":"(blocco aziendale)"},{"$i":"emergencyCallsOnly-network1Locked","$v":"(rete 1 bloccata)"},{"$i":"emergencyCallsOnly-network2Locked","$v":"(rete 2 bloccata)"},{"$i":"emergencyCallsOnly-hrpdNetworkLocked","$v":"(rete HRPD bloccata)"},{"$i":"emergencyCallsOnly-ruimCorporateLocked","$v":"(blocco aziendale RUIM)"},{"$i":"emergencyCallsOnly-ruimServiceProviderLocked","$v":"(blocco RUIM del provider di servizi)"},{"$i":"lockscreen-sim-id","$v":["SIM ",{"t":"idOrVar","v":"n"}]},{"$i":"charging-no-time","$v":[{"t":"idOrVar","v":"level"},"% di carica"]},{"$i":"charging-minutes","$v":{"few":[{"t":"idOrVar","v":"level"},"% di carica (",{"t":"idOrVar","v":"minutes"}," m fino alla carica completa)"],"many":[{"t":"idOrVar","v":"level"},"% di carica (",{"t":"idOrVar","v":"minutes"}," m fino alla carica completa)"],"one":[{"t":"idOrVar","v":"level"},"% di carica (",{"t":"idOrVar","v":"minutes"}," m fino alla carica completa)"],"other":[{"t":"idOrVar","v":"level"},"% di carica (",{"t":"idOrVar","v":"minutes"}," m fino alla carica completa)"],"two":[{"t":"idOrVar","v":"level"},"% di carica (",{"t":"idOrVar","v":"minutes"}," m fino alla carica completa)"],"zero":[{"t":"idOrVar","v":"level"},"% di carica (",{"t":"idOrVar","v":"minutes"}," m fino alla carica completa)"]},"$x":[{"t":"idOrVar","v":"plural"},"minutes"]},{"$i":"charging-hours","$v":{"few":[{"t":"idOrVar","v":"level"},"% di carica (",{"t":"idOrVar","v":"hours"}," h ",{"t":"idOrVar","v":"minutes"}," m fino alla carica completa)"],"many":[{"t":"idOrVar","v":"level"},"% di carica (",{"t":"idOrVar","v":"hours"}," h ",{"t":"idOrVar","v":"minutes"}," m fino alla carica completa)"],"one":[{"t":"idOrVar","v":"level"},"% di carica (",{"t":"idOrVar","v":"hours"}," h ",{"t":"idOrVar","v":"minutes"}," m fino alla carica completa)"],"other":[{"t":"idOrVar","v":"level"},"% di carica (",{"t":"idOrVar","v":"hours"}," h ",{"t":"idOrVar","v":"minutes"}," m fino alla carica completa)"],"two":[{"t":"idOrVar","v":"level"},"% di carica (",{"t":"idOrVar","v":"hours"}," h ",{"t":"idOrVar","v":"minutes"}," m fino alla carica completa)"],"zero":[{"t":"idOrVar","v":"level"},"% di carica (",{"t":"idOrVar","v":"hours"}," h ",{"t":"idOrVar","v":"minutes"}," m fino alla carica completa)"]},"$x":[{"t":"idOrVar","v":"plural"},"minutes"]},{"$i":"phoneNumberInput","ariaLabel":"Numero di telefono"},{"$i":"keypadDelete","ariaLabel":"Elimina"},{"$i":"voiceMailKey","ariaLabel":"Segreteria"},{"$i":"asterisk","ariaLabel":"Asterisco"},{"$i":"hashSign","ariaLabel":"Cancelletto"},{"$i":"cancel","$v":"Annulla"},{"$i":"loadingSimContacts","$v":"Caricamento dei contatti della scheda SIM in corso..."},{"$i":"noContactsWereFound","$v":"Nessun contatto trovato"},{"$i":"noContactsFoundDialogOk","$v":"OK"},{"$i":"emergencyNumber","$v":"Numero di emergenza"},{"$i":"callAirplaneModeMessage","$v":"Per effettuare una chiamata, è necessario disattivare la modalità aereo nelle impostazioni."},{"$i":"callAirplaneModeBtnOk","$v":"OK"},{"$i":"callAirplaneModeTitle","$v":"Modalità aereo attivata"},{"$i":"numberIsBusyTitle","$v":"Numero occupato"},{"$i":"numberIsBusyMessage","$v":"Numero attualmente occupato. Riprovare più tardi."},{"$i":"fdnIsActiveTitle","$v":"Funzione FDN attivata"},{"$i":"fdnIsActiveMessage","$v":["Funzione Numeri selezione fissa (FDN) attivata. Il seguente numero non è nell'elenco FDN: ",{"t":"idOrVar","v":"number"}]},{"$i":"emergencyDialogBodyBadNumber","$v":"Per effettuare una chiamata, è necessario che il telefono sia connesso a una rete."},{"$i":"emergencyDialogBodyDeviceNotAccepted","$v":"Chiamate di emergenza non consentite dalla rete."},{"$i":"emergencyDialogBtnOk","$v":"OK"},{"$i":"emergencyDialogTitle","$v":"Nessuna connessione di rete"},{"$i":"invalidNumberToDialTitle","$v":"Numero di telefono non valido"},{"$i":"invalidNumberToDialMessage","$v":"Il numero di telefono che si sta chiamando non è valido."},{"$i":"unableToCallTitle","$v":"Impossibile effettuare una chiamata"},{"$i":"unableToCallMessage","$v":"Impossibile effettuare una chiamata ora."},{"$i":"otherConnectionInUseTitle","$v":"Altra connessione in uso"},{"$i":"otherConnectionInUseMessage","$v":"Chiamata attiva su un'altra connessione. È possibile usare una sola connessione alla volta."},{"$i":"connectingEllipsis","$v":"Connessione in corso..."},{"$i":"clear","$v":"Cancella"},{"$i":"dialer","$v":"Compositore"},{"$i":"kai-incomming-call","$v":"Chiamata in arrivo"},{"$i":"kai-in-call","$v":"In chiamata"},{"$i":"kai-answer","$v":"Rispondi"},{"$i":"kai-end-answer","$v":"Termina e rispondi"},{"$i":"kai-decline","$v":"Rifiuta"},{"$i":"enter-passcode","$v":"Inserire il passcode per sbloccare lo schermo."},{"$i":"passcode-error","$v":"Codice non valido. Riprovare."},{"$i":"voice-call","$v":"Passa a voce"},{"$i":"video-call","$v":"Passa a video"},{"$i":"message","$v":"Messaggio"},{"$i":"answer-rtt-call","$v":"Rispondi RTT"},{"$i":"req-rtt-call","$v":"ANS RTT"},{"$i":"rtt-call","$v":"Chiamata RTT"},{"$i":"rtt-view","$v":"Visualizzazione RTT"},{"$i":"change-to-rtt-call","$v":"Connessione della chiamata RTT in corso..."},{"$i":"change-to-voice-call","$v":"Passaggio a chiamata vocale eseguito."},{"$i":"upgrading-rtt","$v":"Upgrade a chiamata RTT in corso..."},{"$i":"rtt-call-failed","$v":"Chiamata RTT non riuscita."},{"$i":"voice-call-failed","$v":"Chiamata vocale non riuscita."},{"$i":"rtt","$v":"RTT"},{"$i":"rtt-emegency-upgrade-rejected","$v":"La funzione RTT non è disponibile per le chiamate al 911."},{"$i":"rtt-emegency-downgrade","$v":"La funzione RTT non è disponibile per le chiamate al 911. La chiamata è stata collegata come chiamata vocale. In caso di problemi, effettuare una chiamata vocale o di soccorso al 911."},{"$i":"voice-only-call","$v":"La chiamata è stata collegata come semplice chiamata vocale."},{"$i":"ans-rtt-failed","$v":"Impossibile stabilire una chiamata RTT. La chiamata è stata collegata come semplice chiamata vocale."},{"$i":"back","$v":"Indietro"},{"$i":"new-message","$v":"Nuovo messaggio da"},{"$i":"kai-mute","$v":"Silenzioso"},{"$i":"kai-unmute","$v":"Attiva audio"},{"$i":"kai-speaker","$v":"Altoparlante"},{"$i":"kai-speaker-off","$v":"Altoparlante disattivato"},{"$i":"kai-microphone-mute-notification","$v":"Microfono disattivato"},{"$i":"kai-microphone-active-notification","$v":"Microfono attivato"},{"$i":"kai-speaker-off-notification","$v":"Altoparlante esterno disattivato"},{"$i":"kai-speaker-on-notification","$v":"Altoparlante esterno attivato"},{"$i":"kai-hold-and-answer","$v":"Metti in attesa e rispondi"},{"$i":"kai-ignore-call","$v":"Ignora chiamata in arrivo"},{"$i":"kai-add-to-call","$v":"Aggiungi chiamata"},{"$i":"kai-switch-to-second-line","$v":"Alterna chiamata"},{"$i":"kai-merge-calls","$v":"Unisci chiamata"},{"$i":"ok","$v":"OK"},{"$i":"losing-wifi-msg","$v":"perdita segnale Wi-Fi"},{"$i":"hd","$v":"HD"},{"$i":"manage-call","$v":"Gestisci chiamata"},{"$i":"end","$v":"Termina chiamata"},{"$i":"private","$v":"Privato"},{"$i":"sound","$v":"Audio"},{"$i":"bluetooth-device","$v":"Dispositivo Bluetooth"},{"$i":"handset-earpiece","$v":"Telefono"},{"$i":"speaker","$v":"Altoparlante"},{"$i":"call-ended","$v":"Chiamata terminata"},{"$i":"payphone","$v":"Telefono a pagamento"},{"$i":"contact","$v":"Contatti"},{"$i":"dialer-prompt","$v":"Comporre il numero o selezionare un contatto da aggiungere alla chiamata"},{"$i":"call","$v":"Chiama"},{"$i":"hold","$v":"Attesa"},{"$i":"volume","$v":"Volume"},{"$i":"softkey-options","$v":"Opzioni"},{"$i":"unhold-call","$v":"Riprendi chiamata"},{"$i":"hold-call","$v":"Metti in attesa chiamata"},{"$i":"select","$v":"Seleziona"},{"$i":"unknown","$v":"Sconosciuto"},{"$i":"switch-calls","$v":"Commuta chiamate"},{"$i":"voiceMail","$v":"Segreteria"},{"$i":"incoming","$v":"Incoming"},{"$i":"outgoing","$v":"In uscita"},{"$i":"callEnded","$v":"Chiamata terminata"},{"$i":"callEndedDuration","$v":["Chiamata terminata (",{"t":"idOrVar","v":"duration"},")"]},{"$i":"conferenceAddError","$v":"Impossibile unire le chiamate"},{"$i":"conferenceRemoveError","$v":"Impossibile annullare l'unione delle chiamate"},{"$i":"callDurationMinutes","$v":[{"t":"idOrVar","v":"m"},":",{"t":"idOrVar","v":"s"}]},{"$i":"callDurationHours","$v":[{"t":"idOrVar","v":"h"},":",{"t":"idOrVar","v":"m"},":",{"t":"idOrVar","v":"s"}]},{"$i":"callDurationTextFormatSeconds","$v":[{"t":"idOrVar","v":"s"}," s"]},{"$i":"callDurationTextFormatMinutes","$v":[{"t":"idOrVar","v":"m"}," m ",{"t":"idOrVar","v":"s"}," s"]},{"$i":"callDurationTextFormatHours","$v":[{"t":"idOrVar","v":"h"}," h ",{"t":"idOrVar","v":"m"}," m ",{"t":"idOrVar","v":"s"}," s"]},{"$i":"switch-to-device-toast","$v":"Passato al dispositivo Bluetooth"},{"$i":"switch-to-handset-toast","$v":"Passato all'auricolare del telefono"},{"$i":"switch-to-speaker-toast","$v":"Passato all'altoparlante"},{"$i":"connecting","$v":"Connessione in corso"},{"$i":"wifi-call-quality-excellent","$v":"Eccellente"},{"$i":"wifi-call-quality-fair","$v":"Discreta"},{"$i":"wifi-call-quality-bad","$v":"Pessima"},{"$i":"call-left-conference-toast","$v":"ha abbandonato la chiamata"},{"$i":"camera-off","$v":"Fotocamera spenta"},{"$i":"camera-on","$v":"Fotocamera accesa"},{"$i":"rear-camera","$v":"Fotocamera posteriore"},{"$i":"front-camera","$v":"Fotocamera anteriore"},{"$i":"hide-info","$v":"Nascondi informazioni"},{"$i":"show-info","$v":"Mostra informazioni"},{"$i":"video-call-rejected","$v":"Videochiamata rifiutata. Passare alla chiamata vocale."},{"$i":"video-call-not-support","$v":"Videochiamata non supportata."},{"$i":"video-call-rejected-timeout","$v":"Videochiamata rifiutata o scaduta"},{"$i":"video-call-from","$v":["Ricezione di una videochiamata da ",{"t":"idOrVar","v":"name"}," in corso."]},{"$i":"video-call-canceled","$v":"Videochiamata annullata."},{"$i":"video-call-failed","$v":"Videochiamata non riuscita."},{"$i":"call-downgraded","$v":"Downgrade chiamata eseguito."},{"$i":"wifi-calling","$v":"Wi-Fi Calling"},{"$i":"wifi-calling-1","$v":"La chiamata potrebbe interrompersi."},{"$i":"wifi-calling-2","$v":"L’utente è quasi all’esterno del campo di copertura del Wi-Fi."},{"$i":"wifi-calling-dropped","$v":"Chiamata Wi-Fi interrotta."},{"$i":"accept","$v":"Accetta"},{"$i":"conference-call-num","$v":[{"t":"idOrVar","v":"num"}," partecipanti alla chiamata."]},{"$i":"more","$v":"Altro"},{"$i":"rec","$v":"REC"},{"$i":"start-recording-call","$v":"Avvia registrazione chiamata."},{"$i":"stop-recording-call","$v":"Interrompi registrazione chiamata."},{"$i":"insufficient-storage","$v":"Spazio insufficiente in memoria. Registrazione interrotta."},{"$i":"reply","$v":"Rispondi"},{"$i":"reply-message-1","$v":"Scusa, non posso rispondere adesso."},{"$i":"reply-message-2","$v":"Sto arrivando."},{"$i":"reply-message-3","$v":"Puoi richiamare più tardi?"},{"$i":"reply-message-4","$v":"Personalizzazione..."},{"$i":"reply-to-name","$v":["Risposta a ",{"t":"idOrVar","v":"name"}]},{"$i":"mt-call-on-hold","$v":"La chiamata è stata messa in attesa."},{"$i":"mt-call_retrieved","$v":"La chiamata è stata recuperata."},{"$i":"mt-multi_party_call","$v":"Sei stato aggiunto all'audioconferenza."},{"$i":"hangup-a11y-button","$v":""},{"$i":"pickup-a11y-button","$v":""},{"$i":"mute","$v":""},{"$i":"toggleKeypad","$v":""},{"$i":"newCall","$v":""},{"$i":"speakerOption","$v":""},{"$i":"bluetoothOption","$v":""},{"$i":"onHoldOption","$v":""},{"$i":"merge","$v":""},{"$i":"ignore","$v":""},{"$i":"dialerAddContact","$v":""},{"$i":"makeCall","$v":""},{"$i":"call-forwarding-async","$v":["Asincrono: ",{"t":"idOrVar","v":"async"}]},{"$i":"call-forwarding-data","$v":["Dati: ",{"t":"idOrVar","v":"data"}]},{"$i":"call-forwarding-error","$v":"Si è verificato un errore durante il recupero dello stato di inoltro chiamate"},{"$i":"call-forwarding-fax","$v":["FAX: ",{"t":"idOrVar","v":"fax"}]},{"$i":"call-forwarding-inactive","$v":"Non attivo"},{"$i":"call-forwarding-packet","$v":["Pacchetto: ",{"t":"idOrVar","v":"packet"}]},{"$i":"call-forwarding-pad","$v":["PAD: ",{"t":"idOrVar","v":"pad"}]},{"$i":"call-forwarding-sms","$v":["SMS: ",{"t":"idOrVar","v":"sms"}]},{"$i":"call-forwarding-status","$v":"Stato di inoltro chiamate"},{"$i":"call-forwarding-sync","$v":["Sincrono: ",{"t":"idOrVar","v":"sync"}]},{"$i":"call-forwarding-voice","$v":["Voce: ",{"t":"idOrVar","v":"voice"}]},{"$i":"scCallBarring","$v":"Blocco chiamate"},{"$i":"scCallForwarding","$v":"Inoltro chiamate"},{"$i":"scClip","$v":"ID chiamante in arrivo"},{"$i":"scClir","$v":"ID chiamante in uscita"},{"$i":"scPwd","$v":"Cambio password"},{"$i":"scCallWaiting","$v":"Avviso di chiamata"},{"$i":"scPin","$v":"Cambio PIN"},{"$i":"scPin2","$v":"Cambio PIN2"},{"$i":"scPuk","$v":"Sblocca PIN"},{"$i":"scPuk2","$v":"Sblocca PIN2"},{"$i":"scImei","$v":"IMEI"},{"$i":"scMeid","$v":"MEID"},{"$i":"scUssd","$v":"USSD"},{"$i":"serviceClassVoice","$v":"Voce"},{"$i":"serviceClassData","$v":"Dati"},{"$i":"serviceClassFax","$v":"FAX"},{"$i":"serviceClassSms","$v":"SMS"},{"$i":"serviceClassDataSync","$v":"Sincrona"},{"$i":"serviceClassDataAsync","$v":"Asincrona"},{"$i":"serviceClassPacket","$v":"Pacchetto"},{"$i":"serviceClassPad","$v":"PAD"},{"$i":"smServiceEnabled","$v":"Servizio attivato"},{"$i":"smServiceDisabled","$v":"Servizio disattivato"},{"$i":"smServiceRegistered","$v":"Registrazione eseguita"},{"$i":"smServiceErased","$v":"Cancellazione eseguita"},{"$i":"smServiceInterrogated","$v":"Richiesta eseguita"},{"$i":"smServiceNotProvisioned","$v":"Servizio non fornito"},{"$i":"smClirPermanent","$v":"Non è possibile modificare l'impostazione ID chiamante"},{"$i":"smClirDefaultOnNextCallOn","$v":"ID chiamante generalmente limitato. Prossima chiamata: limitato"},{"$i":"smClirDefaultOnNextCallOff","$v":"ID chiamante generalmente limitato. Prossima chiamata: non limitato"},{"$i":"smClirDefaultOffNextCallOn","$v":"ID chiamante generalmente non limitato. Prossima chiamata: limitato"},{"$i":"smClirDefaultOffNextCallOff","$v":"ID chiamante generalmente non limitato. Prossima chiamata: non limitato"},{"$i":"smServiceEnabledFor","$v":"Servizio attivato per:"},{"$i":"smPinChanged","$v":"PIN cambiato"},{"$i":"smPinUnblocked","$v":"PIN sbloccato"},{"$i":"smPin2Changed","$v":"PIN2 cambiato"},{"$i":"smPin2Unblocked","$v":"PIN2 sbloccato"},{"$i":"ServiceIsEnabled","$v":"Servizio attivato"},{"$i":"ServiceIsDisabled","$v":"Servizio disattivato"},{"$i":"ServiceIsEnabledFor","$v":"Servizio attivato per:"},{"$i":"emMmiError","$v":"Problema di connessione o codice MMI non valido"},{"$i":"emMmiErrorPasswordIncorrect","$v":"Password errata"},{"$i":"emMmiErrorNotSupported","$v":"Codice MMI non valido o non supportato"},{"$i":"emMmiErrorInvalidAction","$v":"Operazione non valida"},{"$i":"emMmiErrorInvalidScCode","$v":"Codice di servizio non valido"},{"$i":"emMmiErrorBadPuk","$v":"Il PUK digitato è errato."},{"$i":"emMmiErrorBadPin","$v":"Il vecchio PIN digitato è errato."},{"$i":"emMmiErrorNeedPuk2","$v":"Digitare il PUK2 per sbloccare la scheda SIM"},{"$i":"emMmiErrorMismatchPin","$v":"I PIN digitati non corrispondono"},{"$i":"emMmiErrorInvalidPin","$v":"Digitare un PIN composto da 4-8 cifre"},{"$i":"emMmiErrorNeedsPuk","$v":"Scheda SIM bloccata con il PUK"},{"$i":"emMmiErrorEnablePin","$v":"Operazione non riuscita. Attivare BLOCCO SIM/RUIM"},{"$i":"emMmiErrorMmiFdn","$v":"Operazione limitata solo ai numeri di selezione fissa"},{"$i":"emMmiErrorStkCcUssdDial","$v":"Richiesta USSD modificata in richiesta DIAL"},{"$i":"emMmiErrorStkCcUssdSs","$v":"Richiesta USSD modificata in richiesta SS"},{"$i":"emMmiErrorStkCcUssdUssd","$v":"Richiesta USSD modificata in nuova richiesta USSD"},{"$i":"emMmiErrorStkCcSsDial","$v":"Richiesta SS modificata in richiesta DIAL"},{"$i":"emMmiErrorStkCcSsUssd","$v":"Richiesta SS modificata in richiesta USSD"},{"$i":"emMmiErrorStkCcSsSs","$v":"Richiesta SS modificata in nuova richiesta SS"},{"$i":"emMmiErrorPinPukAttempts","$v":{"few":[{"t":"idOrVar","v":"n"}," tentativi rimasti"],"many":[{"t":"idOrVar","v":"n"}," tentativi rimasti"],"one":[{"t":"idOrVar","v":"n"}," tentativo rimasto"],"other":[{"t":"idOrVar","v":"n"}," tentativi rimasti"],"two":[{"t":"idOrVar","v":"n"}," tentativi rimasti"]},"$x":[{"t":"idOrVar","v":"plural"},"n"]},{"$i":"emMmiErrorSimBlocked","$v":"Numero di massimo di tentativi superato. SIM bloccata"},{"$i":"RadioNotAvailable","$v":"Radio not available"},{"$i":"GenericFailure","$v":"Errore generico"},{"$i":"PasswordIncorrect","$v":"Password errata"},{"$i":"SimPin2","$v":"PIN2 SIM"},{"$i":"SimPuk2","$v":"PUK2 SIM"},{"$i":"RequestNotSupported","$v":"Richiesta non supportata"},{"$i":"OpNotAllowedDuringVoiceCall","$v":"Operazione non consentita durante una chiamata vocale"},{"$i":"SmsSendFailRetry","$v":"Errore di invio SMS. Riprovare"},{"$i":"SimAbsent","$v":"SIM assente"},{"$i":"SubscriptionNotAvailable","$v":"Abbonamento non disponibile"},{"$i":"ModeNotSupported","$v":"Modalità non supportata"},{"$i":"FdnCheckFailure","$v":"Errore di verifica FDN"},{"$i":"IllegalSimOrMe","$v":"SIM o ME illegale"},{"$i":"DialModifiedToUssd","$v":"Dial modified to USSD"},{"$i":"DialModifiedToSs","$v":"Dial modified to SS"},{"$i":"DialModifiedToDial","$v":"Dial modified to dial"},{"$i":"UssdModifiedToDial","$v":"USSD modified to dial"},{"$i":"UssdModifiedToSs","$v":"USSD modified to SS"},{"$i":"UssdModifiedToUssd","$v":"USSD modified to USSD"},{"$i":"SsModifiedToDial","$v":"SS modified to dial"},{"$i":"SsModifiedToUssd","$v":"SS modified to USSD"},{"$i":"SsModifiedToSs","$v":"SS modified to SS"},{"$i":"SubscriptionNotSupported","$v":"Abbonamento non supportato"},{"$i":"InvalidParameter","$v":"Parametro non valido"},{"$i":"RejectedByRemote","$v":"Rifiutato in remoto"},{"$i":"error","$v":"Errore"}]