[{"$i":"weekday-0-long","$v":"კვირა"},{"$i":"weekday-1-long","$v":"ორშაბათი"},{"$i":"weekday-2-long","$v":"სამშაბათი"},{"$i":"weekday-3-long","$v":"ოთხშაბათი"},{"$i":"weekday-4-long","$v":"ხუთშაბათი"},{"$i":"weekday-5-long","$v":"პარასკევი"},{"$i":"weekday-6-long","$v":"შაბათი"},{"$i":"weekday-0-short","$v":"კვი"},{"$i":"weekday-1-short","$v":"ორშ"},{"$i":"weekday-2-short","$v":"სამ"},{"$i":"weekday-3-short","$v":"ოთხ"},{"$i":"weekday-4-short","$v":"ხუთ"},{"$i":"weekday-5-short","$v":"პარ"},{"$i":"weekday-6-short","$v":"შაბ"},{"$i":"month-0-long","$v":"იანვარი"},{"$i":"month-1-long","$v":"თებერვალი"},{"$i":"month-2-long","$v":"მარტი"},{"$i":"month-3-long","$v":"აპრილი"},{"$i":"month-4-long","$v":"მაისი"},{"$i":"month-5-long","$v":"ივნისი"},{"$i":"month-6-long","$v":"ივლისი"},{"$i":"month-7-long","$v":"აგვისტო"},{"$i":"month-8-long","$v":"სექტემბერი"},{"$i":"month-9-long","$v":"ოქტომბერი"},{"$i":"month-10-long","$v":"ნოემბერი"},{"$i":"month-11-long","$v":"დეკემბერი"},{"$i":"month-0-genitive","$v":"იანვარი"},{"$i":"month-1-genitive","$v":"თებერვალი"},{"$i":"month-2-genitive","$v":"მარტი"},{"$i":"month-3-genitive","$v":"აპრილი"},{"$i":"month-4-genitive","$v":"მაისი"},{"$i":"month-5-genitive","$v":"ივნისი"},{"$i":"month-6-genitive","$v":"ივლისი"},{"$i":"month-7-genitive","$v":"აგვისტო"},{"$i":"month-8-genitive","$v":"სექტემბერი"},{"$i":"month-9-genitive","$v":"ოქტომბერი"},{"$i":"month-10-genitive","$v":"ნოემბერი"},{"$i":"month-11-genitive","$v":"დეკემბერი"},{"$i":"month-0-short","$v":"იანვ"},{"$i":"month-1-short","$v":"თებ"},{"$i":"month-2-short","$v":"მარ"},{"$i":"month-3-short","$v":"აპრ"},{"$i":"month-4-short","$v":"მაისი"},{"$i":"month-5-short","$v":"ივნ"},{"$i":"month-6-short","$v":"ივლ"},{"$i":"month-7-short","$v":"აგვ"},{"$i":"month-8-short","$v":"სექ"},{"$i":"month-9-short","$v":"ოქტ"},{"$i":"month-10-short","$v":"ნოე"},{"$i":"month-11-short","$v":"დეკ"},{"$i":"minutes-ago-long","$v":{"few":[{"t":"idOrVar","v":"value"}," წუთის წინ"],"many":[{"t":"idOrVar","v":"value"}," წუთის წინ"],"one":"ერთი წუთის წინ","other":[{"t":"idOrVar","v":"value"}," წუთის წინ"],"two":[{"t":"idOrVar","v":"value"}," წუთის წინ"],"zero":"ეს-ეს არის"},"$x":[{"t":"idOrVar","v":"plural"},"value"]},{"$i":"hours-ago-long","$v":{"few":[{"t":"idOrVar","v":"value"}," საათის წინ"],"many":[{"t":"idOrVar","v":"value"}," საათის წინ"],"one":"ერთი საათის წინ","other":[{"t":"idOrVar","v":"value"}," საათის წინ"],"two":[{"t":"idOrVar","v":"value"}," საათის წინ"],"zero":"ეს-ეს არის"},"$x":[{"t":"idOrVar","v":"plural"},"value"]},{"$i":"days-ago-long","$v":{"few":[{"t":"idOrVar","v":"value"}," დღის წინ"],"many":[{"t":"idOrVar","v":"value"}," დღის წინ"],"one":"გუშინ","other":[{"t":"idOrVar","v":"value"}," დღის წინ"],"two":[{"t":"idOrVar","v":"value"}," დღის წინ"],"zero":"დღეს"},"$x":[{"t":"idOrVar","v":"plural"},"value"]},{"$i":"weeks-ago-long","$v":{"few":[{"t":"idOrVar","v":"value"}," კვირის წინ"],"many":[{"t":"idOrVar","v":"value"}," კვირის წინ"],"one":"გასული კვირა","other":[{"t":"idOrVar","v":"value"}," კვირის წინ"],"two":[{"t":"idOrVar","v":"value"}," კვირის წინ"],"zero":"ეს კვირა"},"$x":[{"t":"idOrVar","v":"plural"},"value"]},{"$i":"months-ago-long","$v":{"few":[{"t":"idOrVar","v":"value"}," თვის წინ"],"many":[{"t":"idOrVar","v":"value"}," თვის წინ"],"one":"გასული თვე","other":[{"t":"idOrVar","v":"value"}," თვის წინ"],"two":[{"t":"idOrVar","v":"value"}," თვის წინ"],"zero":"ეს თვე"},"$x":[{"t":"idOrVar","v":"plural"},"value"]},{"$i":"years-ago-long","$v":{"few":[{"t":"idOrVar","v":"value"}," წლის წინ"],"many":[{"t":"idOrVar","v":"value"}," წლის წინ"],"one":"გასული წელი","other":[{"t":"idOrVar","v":"value"}," წლის წინ"],"two":[{"t":"idOrVar","v":"value"}," წლის წინ"],"zero":"ეს წელი"},"$x":[{"t":"idOrVar","v":"plural"},"value"]},{"$i":"minutes-until-long","$v":{"few":[{"t":"idOrVar","v":"value"}," წუთში"],"many":[{"t":"idOrVar","v":"value"}," წუთში"],"one":"წუთში","other":[{"t":"idOrVar","v":"value"}," წუთში"],"two":[{"t":"idOrVar","v":"value"}," წუთში"],"zero":"ახლა"},"$x":[{"t":"idOrVar","v":"plural"},"value"]},{"$i":"hours-until-long","$v":{"few":[{"t":"idOrVar","v":"value"}," საათში"],"many":[{"t":"idOrVar","v":"value"}," საათში"],"one":"საათში","other":[{"t":"idOrVar","v":"value"}," საათში"],"two":[{"t":"idOrVar","v":"value"}," საათში"],"zero":"ახლა"},"$x":[{"t":"idOrVar","v":"plural"},"value"]},{"$i":"days-until-long","$v":{"few":[{"t":"idOrVar","v":"value"}," დღეში"],"many":[{"t":"idOrVar","v":"value"}," დღეში"],"one":"ხვალ","other":[{"t":"idOrVar","v":"value"}," დღეში"],"two":[{"t":"idOrVar","v":"value"}," დღეში"],"zero":"დღეს"},"$x":[{"t":"idOrVar","v":"plural"},"value"]},{"$i":"weeks-until-long","$v":{"few":[{"t":"idOrVar","v":"value"}," კვირაში"],"many":[{"t":"idOrVar","v":"value"}," კვირაში"],"one":"მომდევნო კვირა","other":[{"t":"idOrVar","v":"value"}," კვირაში"],"two":[{"t":"idOrVar","v":"value"}," კვირაში"],"zero":"ეს კვირა"},"$x":[{"t":"idOrVar","v":"plural"},"value"]},{"$i":"months-until-long","$v":{"few":[{"t":"idOrVar","v":"value"}," თვეში"],"many":[{"t":"idOrVar","v":"value"}," თვეში"],"one":"მომდევნო თვე","other":[{"t":"idOrVar","v":"value"}," თვეში"],"two":[{"t":"idOrVar","v":"value"}," თვეში"],"zero":"ეს თვე"},"$x":[{"t":"idOrVar","v":"plural"},"value"]},{"$i":"years-until-long","$v":{"few":[{"t":"idOrVar","v":"value"}," წელში"],"many":[{"t":"idOrVar","v":"value"}," წელში"],"one":"მომდევნო წელი","other":[{"t":"idOrVar","v":"value"}," წელში"],"two":[{"t":"idOrVar","v":"value"}," წელში"],"zero":"ეს წელი"},"$x":[{"t":"idOrVar","v":"plural"},"value"]},{"$i":"minutes-ago-short","$v":{"other":[{"t":"idOrVar","v":"value"},"თ წინ"],"zero":"ეს-ეს არის"},"$x":[{"t":"idOrVar","v":"plural"},"value"]},{"$i":"hours-ago-short","$v":{"other":[{"t":"idOrVar","v":"value"},"სთ წინ"],"zero":"ეს-ეს არის"},"$x":[{"t":"idOrVar","v":"plural"},"value"]},{"$i":"days-ago-short","$v":{"other":[{"t":"idOrVar","v":"value"},"დ წინ"],"zero":"დღეს"},"$x":[{"t":"idOrVar","v":"plural"},"value"]},{"$i":"minutes-until-short","$v":{"other":[{"t":"idOrVar","v":"value"},"წთ-ში"],"zero":"ახლა"},"$x":[{"t":"idOrVar","v":"plural"},"value"]},{"$i":"hours-until-short","$v":{"other":[{"t":"idOrVar","v":"value"},"სთ-ში"],"zero":"ახლა"},"$x":[{"t":"idOrVar","v":"plural"},"value"]},{"$i":"days-until-short","$v":{"other":[{"t":"idOrVar","v":"value"},"დღ-ში"],"zero":"დღეს"},"$x":[{"t":"idOrVar","v":"plural"},"value"]},{"$i":"incorrectDate","$v":"(არასწორი თარიღი)"},{"$i":"dateTimeFormat_%c","$v":"%a %b %e %Y %I:%M:%S %p"},{"$i":"dateTimeFormat_%x","$v":"%m/%d/%Y"},{"$i":"dateTimeFormat_%X","$v":"%I:%M:%S %p"},{"$i":"shortTimeFormat","$v":"%I:%M %p"},{"$i":"shortTimeFormat12","$v":"%I:%M %p"},{"$i":"shortTimeFormat24","$v":"%H:%M"},{"$i":"shortDateTimeFormat","$v":"%x %I:%M %p"},{"$i":"weekStartsOnMonday","$v":"0.0"},{"$i":"firstDayOfTheWeek","$v":"1.0"},{"$i":"time_am","$v":"AM"},{"$i":"time_pm","$v":"PM"},{"$i":"label","$v":"ეტიკეტი"},{"$i":"mobile","$v":"მობილური"},{"$i":"home","$v":"სახლი"},{"$i":"work","$v":"სამუშაო"},{"$i":"personal","$v":"პირადი"},{"$i":"faxHome","$v":"ფაქსი სახლი"},{"$i":"faxOffice","$v":"ფაქსი ოფისი"},{"$i":"faxOther","$v":"ფაქსი სხვა"},{"$i":"another","$v":"სხვა"},{"$i":"other","$v":"სხვა"},{"$i":"customTag","$v":"სამომხმარებლო ტეგი","placeholder":"სამომხმარებლო ტეგი"},{"$i":"current","$v":"მიმდინარე"},{"$i":"itemWithLabel","$v":[{"t":"idOrVar","v":"label"},", ",{"t":"idOrVar","v":"item"}]},{"$i":"airplaneMode","$v":"ფრენის რეჟიმი"},{"$i":"searching","$v":"ძიება..."},{"$i":"noNetwork","$v":"ქსელი არ არის"},{"$i":"roaming","$v":[{"t":"idOrVar","v":"operator"}," (Roaming)"]},{"$i":"operator-info","$v":[{"t":"idOrVar","v":"carrier"}," ",{"t":"idOrVar","v":"region"}]},{"$i":"emergencyCallsOnly","$v":"მხოლოდ საგანგებო ზარები"},{"$i":"emergencyCallsOnly-unknownSIMState","$v":"(უცნობი SIM-ის მდგომარეობა)"},{"$i":"emergencyCallsOnly-noSIM","$v":"(SIM ბარათი არ დევს)"},{"$i":"emergencyCallsOnly-pinRequired","$v":"(SIM PIN საჭიროა)"},{"$i":"emergencyCallsOnly-pukRequired","$v":"(SIM PUK საჭიროა)"},{"$i":"emergencyCallsOnly-networkLocked","$v":"(ქსელი დაბლოკილია)"},{"$i":"emergencyCallsOnly-serviceProviderLocked","$v":"(მომს. მომწოდ. დაბლოკ)"},{"$i":"emergencyCallsOnly-corporateLocked","$v":"(საერთოდ დაბლოკილია)"},{"$i":"emergencyCallsOnly-network1Locked","$v":"(ქსელი1 დაბლოკილია)"},{"$i":"emergencyCallsOnly-network2Locked","$v":"(ქსელი2 დაბლოკილია)"},{"$i":"emergencyCallsOnly-hrpdNetworkLocked","$v":"(hrpd ქსელი დაბლოკილია)"},{"$i":"emergencyCallsOnly-ruimCorporateLocked","$v":"(საერთოდ დაბლოკილია)"},{"$i":"emergencyCallsOnly-ruimServiceProviderLocked","$v":"(ruim (მომხმარებლის საიდენტიფიკაციო მოსახსნელი მოდული)-ის მომსახურების მომწოდებელი დაბლოკილია)"},{"$i":"lockscreen-sim-id","$v":["SIM",{"t":"idOrVar","v":"n"}]},{"$i":"charging-no-time","$v":[{"t":"idOrVar","v":"level"},"% დამუხტულია"]},{"$i":"charging-minutes","$v":{"few":[{"t":"idOrVar","v":"level"},"% დამუხტულია (",{"t":"idOrVar","v":"minutes"},"წთ სრულ დამუხტვამდე)"],"many":[{"t":"idOrVar","v":"level"},"% დამუხტულია (",{"t":"idOrVar","v":"minutes"},"წთ სრულ დამუხტვამდე)"],"one":[{"t":"idOrVar","v":"level"},"% დამუხტულია (",{"t":"idOrVar","v":"minutes"},"წთ სრულ დამუხტვამდე)"],"other":[{"t":"idOrVar","v":"level"},"% დამუხტულია (",{"t":"idOrVar","v":"minutes"},"წთ სრულ დამუხტვამდე)"],"two":[{"t":"idOrVar","v":"level"},"% დამუხტულია (",{"t":"idOrVar","v":"minutes"},"წთ სრულ დამუხტვამდე)"],"zero":[{"t":"idOrVar","v":"level"},"% დამუხტულია (",{"t":"idOrVar","v":"minutes"},"წთ სრულ დამუხტვამდე)"]},"$x":[{"t":"idOrVar","v":"plural"},"minutes"]},{"$i":"charging-hours","$v":{"few":[{"t":"idOrVar","v":"level"},"% დამუხტულია (",{"t":"idOrVar","v":"hours"},"სთ ",{"t":"idOrVar","v":"minutes"},"წთ სრულ დამუხტვამდე)"],"many":[{"t":"idOrVar","v":"level"},"% დამუხტულია (",{"t":"idOrVar","v":"hours"},"სთ ",{"t":"idOrVar","v":"minutes"},"წთ სრულ დამუხტვამდე)"],"one":[{"t":"idOrVar","v":"level"},"% დამუხტულია (",{"t":"idOrVar","v":"hours"},"სთ ",{"t":"idOrVar","v":"minutes"},"წთ სრულ დამუხტვამდე)"],"other":[{"t":"idOrVar","v":"level"},"% დამუხტულია (",{"t":"idOrVar","v":"hours"},"სთ ",{"t":"idOrVar","v":"minutes"},"წთ სრულ დამუხტვამდე)"],"two":[{"t":"idOrVar","v":"level"},"% დამუხტულია (",{"t":"idOrVar","v":"hours"},"სთ ",{"t":"idOrVar","v":"minutes"},"წთ სრულ დამუხტვამდე)"],"zero":[{"t":"idOrVar","v":"level"},"% დამუხტულია (",{"t":"idOrVar","v":"hours"},"სთ ",{"t":"idOrVar","v":"minutes"},"წთ სრულ დამუხტვამდე)"]},"$x":[{"t":"idOrVar","v":"plural"},"minutes"]},{"$i":"phoneNumberInput","ariaLabel":"ტელეფონის ნომერი"},{"$i":"keypadDelete","ariaLabel":"წაშლა"},{"$i":"voiceMailKey","ariaLabel":"ხმოვანი ფოსტა"},{"$i":"asterisk","ariaLabel":"კანონი “ვარსკვლავები”"},{"$i":"hashSign","ariaLabel":"ჰეშის ნიშანი"},{"$i":"cancel","$v":"გაუქმება"},{"$i":"loadingSimContacts","$v":"SIM ბარათის კონტაქტების ჩატვირთვა…"},{"$i":"noContactsWereFound","$v":"კონტაქტები ნაპოვნი არ არის"},{"$i":"noContactsFoundDialogOk","$v":"OK"},{"$i":"emergencyNumber","$v":"საგანგებო სამსახურის ნომერი"},{"$i":"callAirplaneModeMessage","$v":"ზარის განსახორციელებლად, თქვენ უნდა გამორთოთ ფრენის რეჟიმი პარამეტრებიდან."},{"$i":"callAirplaneModeBtnOk","$v":"OK"},{"$i":"callAirplaneModeTitle","$v":"ფრენის რეჟიმი გააქტიურებულია"},{"$i":"numberIsBusyTitle","$v":"ნომერი დაკავებულია"},{"$i":"numberIsBusyMessage","$v":"ნომერი ამჟამად დაკავებული. გთხოვთ, მოგვიანებით კიდევ სცადეთ."},{"$i":"fdnIsActiveTitle","$v":"FDN აქტიური"},{"$i":"fdnIsActiveMessage","$v":["FDN (ფიქსირებული ასაკრეფი ნომრები) გააქტიურებულია, ხოლო შემდეგი ნომერი არ არის თქვენი FDN-ის სიაში: ",{"t":"idOrVar","v":"number"}]},{"$i":"emergencyDialogBodyBadNumber","$v":"ზარის განსახორციელებლად, ტელეფონი ჩართული უნდა იყოს ინტერნეტში."},{"$i":"emergencyDialogBodyDeviceNotAccepted","$v":"საგანგებო ზარების განხორციელება ქსელით დაუშვებელია."},{"$i":"emergencyDialogBtnOk","$v":"OK"},{"$i":"emergencyDialogTitle","$v":"ქსელთან კავშირი არ არის"},{"$i":"invalidNumberToDialTitle","$v":"არასწორი ტელეფონის ნომერი"},{"$i":"invalidNumberToDialMessage","$v":"ტელეფონის ნომერი, რომელზეც რეკავთ, არასწორია."},{"$i":"unableToCallTitle","$v":"ზარის განხორციელება შეუძლებელია. "},{"$i":"unableToCallMessage","$v":"სატელეფონო ზარის განხორციელება ახლა შეუძლებელია"},{"$i":"otherConnectionInUseTitle","$v":"სხვა მოქმედი კავშირები"},{"$i":"otherConnectionInUseMessage","$v":"თქვენ გაქვთ აქტიური ზარი მეორე ხაზზე. ერთ ჯერზე მხოლოდ ერთი კავშირის გამოყენება შეგიძლიათ."},{"$i":"connectingEllipsis","$v":"დაკავშირება..."},{"$i":"clear","$v":"გასუფთავება"},{"$i":"dialer","$v":"ამკრეფი"},{"$i":"kai-incomming-call","$v":"შემოსული ზარი"},{"$i":"kai-in-call","$v":"შემომავალი ზარი"},{"$i":"kai-answer","$v":"პასუხი"},{"$i":"kai-end-answer","$v":"დაასრულე და უპასუხე"},{"$i":"kai-decline","$v":"უარყოფა"},{"$i":"enter-passcode","$v":"გთხოვთ შეიყვანოთ პაროლ-კოდი ეკრანის განსაბლოკად."},{"$i":"passcode-error","$v":"არასწორი კოდი. გთხოვთ, ხელახლა სცადოთ."},{"$i":"voice-call","$v":"ხმოვანი ზარი"},{"$i":"video-call","$v":"ვიდ. ზარი"},{"$i":"message","$v":"შეტყობინებები"},{"$i":"answer-rtt-call","$v":"პასუხი RTT-ზე"},{"$i":"req-rtt-call","$v":"ANS RTT"},{"$i":"rtt-call","$v":"RTT ზარი"},{"$i":"rtt-view","$v":"RTT ხედი"},{"$i":"change-to-rtt-call","$v":"RTT ზარის დაკავშირება..."},{"$i":"change-to-voice-call","$v":"შეიცვალა ხმოვანი ზარით."},{"$i":"upgrading-rtt","$v":"მიმდინარეობს განახლება RTT ზარით..."},{"$i":"rtt-call-failed","$v":"RTT ზარი ვერ შესრულდა."},{"$i":"voice-call-failed","$v":"ხმოვანი ზარი ვერ შესრულდა."},{"$i":"rtt","$v":"RTT"},{"$i":"rtt-emegency-upgrade-rejected","$v":"RTT მიუწვდომელია ამ 911 ზარისთვის."},{"$i":"rtt-emegency-downgrade","$v":"RTT მიუწვდომელია ამ 911 ზარისთვის. თქვენი ზარი დაკავშირებულია, როგორც მხოლოდ ხმოვანი ზარი. პრობლემის წარმოქმნისას განახორციელეთ ხმოვანი ზარი ან გადართეთ ზარი 911-ზე."},{"$i":"voice-only-call","$v":"თქვენი ზარი დაკავშირებულია როგორც მხოლოდ ხმოვანი ზარი."},{"$i":"ans-rtt-failed","$v":"ვერ მოხერხდა RTT ზარის დაყენება. თქვენი ზარი დაკავშირებულია როგორც მხოლოდ ხმოვანი ზარი."},{"$i":"back","$v":"უკან"},{"$i":"new-message","$v":"ახალი შეტყობინებები -გან"},{"$i":"kai-mute","$v":"ხმის გამორთვა"},{"$i":"kai-unmute","$v":"ხმის ჩართვა"},{"$i":"kai-speaker","$v":"დინამიკი"},{"$i":"kai-speaker-off","$v":"დინამიკი გამორთულია"},{"$i":"kai-microphone-mute-notification","$v":"მიკროფონის ხმა გამორთულია"},{"$i":"kai-microphone-active-notification","$v":"მიკროფონი აქტიურია"},{"$i":"kai-speaker-off-notification","$v":"გარე დინამიკი გამორთულია"},{"$i":"kai-speaker-on-notification","$v":"გარე დინამიკი ჩართულია"},{"$i":"kai-hold-and-answer","$v":"დაელ. ხაზზე და უპასუხეთ"},{"$i":"kai-ignore-call","$v":"შემომავალი ზარის იგნორირება"},{"$i":"kai-add-to-call","$v":"ზარის დამატება"},{"$i":"kai-switch-to-second-line","$v":"Swap ზარი"},{"$i":"kai-merge-calls","$v":"ზარის გაერთიანება"},{"$i":"ok","$v":"კარგი"},{"$i":"losing-wifi-msg","$v":"wifi-ს დაკარგვა"},{"$i":"hd","$v":"HD"},{"$i":"manage-call","$v":"ზარის მართვა"},{"$i":"end","$v":"ზარის დასრულება"},{"$i":"private","$v":"პირადი"},{"$i":"sound","$v":"ხმა"},{"$i":"bluetooth-device","$v":"Bluetooth მოწყობილობა"},{"$i":"handset-earpiece","$v":"ყურმილი"},{"$i":"speaker","$v":"დინამიკი"},{"$i":"call-ended","$v":"ზარი დასრულებულია"},{"$i":"payphone","$v":"ტელეფონ-ავტომატი"},{"$i":"contact","$v":"კონტაქტი"},{"$i":"dialer-prompt","$v":"აკრიფეთ ნომერი ან აირჩიეთ კონტაქტი ზარში დასამატებლად"},{"$i":"call","$v":"ზარი"},{"$i":"hold","$v":"იცდის"},{"$i":"volume","$v":"ხმა"},{"$i":"softkey-options","$v":"ვარიანტები"},{"$i":"unhold-call","$v":"დაყოვნების მოხსნა"},{"$i":"hold-call","$v":"ზარის დაყოვნება"},{"$i":"select","$v":"არჩევა"},{"$i":"unknown","$v":"უცნობი"},{"$i":"switch-calls","$v":"ზარების ჩართვა"},{"$i":"voiceMail","$v":"ხმოვანი ფოსტა"},{"$i":"incoming","$v":"შემომავალი"},{"$i":"outgoing","$v":"გამავალი"},{"$i":"callEnded","$v":"ზარი დასრულებულია"},{"$i":"callEndedDuration","$v":["ზარი დასრულებულია (",{"t":"idOrVar","v":"duration"},")"]},{"$i":"conferenceAddError","$v":"ზარების გაერთიანება შეუძლებელია"},{"$i":"conferenceRemoveError","$v":"ზარების გაერთიანების მოხსნა შეუძლებელია"},{"$i":"callDurationMinutes","$v":[{"t":"idOrVar","v":"m"},":",{"t":"idOrVar","v":"s"}]},{"$i":"callDurationHours","$v":[{"t":"idOrVar","v":"h"},":",{"t":"idOrVar","v":"m"},":",{"t":"idOrVar","v":"s"}]},{"$i":"callDurationTextFormatSeconds","$v":[{"t":"idOrVar","v":"s"}," წ"]},{"$i":"callDurationTextFormatMinutes","$v":[{"t":"idOrVar","v":"m"}," წ ",{"t":"idOrVar","v":"s"}," წ"]},{"$i":"callDurationTextFormatHours","$v":[{"t":"idOrVar","v":"h"}," სთ ",{"t":"idOrVar","v":"m"}," წ ",{"t":"idOrVar","v":"s"},"წ"]},{"$i":"switch-to-device-toast","$v":"bluetooth მოწყობილობაში ჩართული"},{"$i":"switch-to-handset-toast","$v":"ყურმილის სასმენზე გადართული"},{"$i":"switch-to-speaker-toast","$v":"დინამიკზე გადართული"},{"$i":"connecting","$v":"დაკავშირება"},{"$i":"wifi-call-quality-excellent","$v":"შესანიშნავი"},{"$i":"wifi-call-quality-fair","$v":"სუსტი"},{"$i":"wifi-call-quality-bad","$v":"ცუდი"},{"$i":"call-left-conference-toast","$v":"მა გათიშა."},{"$i":"camera-off","$v":"კამერა გამორთულია"},{"$i":"camera-on","$v":"კამერა ჩართულია"},{"$i":"rear-camera","$v":"უკანა კამერა"},{"$i":"front-camera","$v":"წინა კამერა"},{"$i":"hide-info","$v":"ინფორმაციის დამალვა"},{"$i":"show-info","$v":"ინფორ. ჩვენება"},{"$i":"video-call-rejected","$v":"ვიდეო ზარი უარყოფილია, დაგაგი ხმოვან ზარზე."},{"$i":"video-call-not-support","$v":"ვიდეო ზარს მხარდაჭერა არ აქვს."},{"$i":"video-call-rejected-timeout","$v":"Video call rejected or timeout."},{"$i":"video-call-from","$v":["ვიდეო ზარის მიღება ",{"t":"idOrVar","v":"name"},"გან."]},{"$i":"video-call-canceled","$v":"ვიდეო ზარი გაუქმდა."},{"$i":"video-call-failed","$v":"ვიდეო ზარი ვერ განხორციელდა."},{"$i":"call-downgraded","$v":"დარეკეთ დამუხტვა."},{"$i":"wifi-calling","$v":"Wi-Fi დარეკვა"},{"$i":"wifi-calling-1","$v":"თქვენი ზარი შეიძლება გაითიშოს."},{"$i":"wifi-calling-2","$v":"თქვენ თითქმის Wi-Fi-ს დაფარვის ზონის გარეთ ხართ."},{"$i":"wifi-calling-dropped","$v":"Wi-Fi ზარი გაითიშა."},{"$i":"accept","$v":"თანხმობა"},{"$i":"conference-call-num","$v":[{"t":"idOrVar","v":"num"}," ადამიანის შემომავალი ზარი."]},{"$i":"more","$v":"მეტი"},{"$i":"rec","$v":"REC"},{"$i":"start-recording-call","$v":"დაიწყეთ ზარის ჩაწერა."},{"$i":"stop-recording-call","$v":"შეწყვიტეთ ზარის ჩაწერა."},{"$i":"insufficient-storage","$v":"არასაკმარისი მეხსიერება. ჩაწერა შეწყდა."},{"$i":"reply","$v":"პასუხი"},{"$i":"reply-message-1","$v":"ბოდიში, ახლა საუბარი არ შემიძლია."},{"$i":"reply-message-2","$v":"გზაში ვარ."},{"$i":"reply-message-3","$v":"შემიძლია მოგვიანებით დაგირეკოთ?"},{"$i":"reply-message-4","$v":"მორგებული..."},{"$i":"reply-to-name","$v":["უპასუხა ",{"t":"idOrVar","v":"name"},"-ს"]},{"$i":"mt-call-on-hold","$v":"ზარი დაყოვნებულია."},{"$i":"mt-call_retrieved","$v":"ზარის დაყოვნება მოხსნილია."},{"$i":"mt-multi_party_call","$v":"თქვენ დაგამატეს საკონფერენციო ზარში."},{"$i":"hangup-a11y-button","$v":""},{"$i":"pickup-a11y-button","$v":""},{"$i":"mute","$v":""},{"$i":"toggleKeypad","$v":""},{"$i":"newCall","$v":""},{"$i":"speakerOption","$v":""},{"$i":"bluetoothOption","$v":""},{"$i":"onHoldOption","$v":""},{"$i":"merge","$v":""},{"$i":"ignore","$v":""},{"$i":"dialerAddContact","$v":""},{"$i":"makeCall","$v":""},{"$i":"call-forwarding-async","$v":["ასინქრონული: ",{"t":"idOrVar","v":"async"}]},{"$i":"call-forwarding-data","$v":["მონაცემები: ",{"t":"idOrVar","v":"data"}]},{"$i":"call-forwarding-error","$v":"შეცდომა დაფიქსირდა ზარის გადამისამართების სტატუსის ჩატვირთვისას"},{"$i":"call-forwarding-fax","$v":["ფაქსი: ",{"t":"idOrVar","v":"fax"}]},{"$i":"call-forwarding-inactive","$v":"არააქტიური"},{"$i":"call-forwarding-packet","$v":["პაკეტი: ",{"t":"idOrVar","v":"packet"}]},{"$i":"call-forwarding-pad","$v":["PAD: ",{"t":"idOrVar","v":"pad"}]},{"$i":"call-forwarding-sms","$v":["SMS: ",{"t":"idOrVar","v":"sms"}]},{"$i":"call-forwarding-status","$v":"ზარის გადამის. სტატუსი"},{"$i":"call-forwarding-sync","$v":["სინქრონული: ",{"t":"idOrVar","v":"sync"}]},{"$i":"call-forwarding-voice","$v":["ხმა: ",{"t":"idOrVar","v":"voice"}]},{"$i":"scCallBarring","$v":"ზარის დაბლოკვა"},{"$i":"scCallForwarding","$v":"ზარის გადამისამართება"},{"$i":"scClip","$v":"შემოსული აბონენტის ID"},{"$i":"scClir","$v":"გამავალი აბონენტის ID"},{"$i":"scPwd","$v":"პაროლის შეცვლა"},{"$i":"scCallWaiting","$v":"ზარის მოცდა"},{"$i":"scPin","$v":"PIN შეცვლა"},{"$i":"scPin2","$v":"PIN2 შეცვლა"},{"$i":"scPuk","$v":"PIN-ის განბლოკვა"},{"$i":"scPuk2","$v":"PIN2-ის განბლოკვა"},{"$i":"scImei","$v":"IMEI"},{"$i":"scMeid","$v":"MEID"},{"$i":"scUssd","$v":"USSD"},{"$i":"serviceClassVoice","$v":"ხმა"},{"$i":"serviceClassData","$v":"მონაცემები"},{"$i":"serviceClassFax","$v":"ფაქსი"},{"$i":"serviceClassSms","$v":"SMS"},{"$i":"serviceClassDataSync","$v":"სინქრონიზაცია"},{"$i":"serviceClassDataAsync","$v":"ასინქ."},{"$i":"serviceClassPacket","$v":"პაკეტი"},{"$i":"serviceClassPad","$v":"PAD"},{"$i":"smServiceEnabled","$v":"მომსახურება გააქტიურდა"},{"$i":"smServiceDisabled","$v":"მომსახურება გამოირთო"},{"$i":"smServiceRegistered","$v":"რეგის. წარმატებით განხორც."},{"$i":"smServiceErased","$v":"წაშლა წარმატებით განხორციელდა"},{"$i":"smServiceInterrogated","$v":"მოთხოვნა წარმატებით განხორციელდა"},{"$i":"smServiceNotProvisioned","$v":"სერვერი არ გამოიყენება"},{"$i":"smClirPermanent","$v":"თქვენ ვერ შეცვლით აბონენტის ID პარამეტრს"},{"$i":"smClirDefaultOnNextCallOn","$v":"აბონენტის ID-ის ნაგულისხმევი პარამეტრები აკრძალულია. შემდეგი ზარი: აკრძალულია"},{"$i":"smClirDefaultOnNextCallOff","$v":"აბონენტის ID-ის ნაგულისხმევი პარამეტრები აკრძალულია. შემდეგი ზარი: აკრძალული არ არის"},{"$i":"smClirDefaultOffNextCallOn","$v":"აბონენტის ID-ის ნაგულისხმევი პარამეტ. აკრძალულია. შემდეგი ზარი: აკრძალ."},{"$i":"smClirDefaultOffNextCallOff","$v":"აბონენტის ID-ის ნაგულისხმევი პარამეტრები აკრძალული არ არის. შემდეგი ზარი: აკრძალული არ არის"},{"$i":"smServiceEnabledFor","$v":"მომსახ. გააქტიურდა -თვის:"},{"$i":"smPinChanged","$v":"PIN წარმატებით შეიცვალა"},{"$i":"smPinUnblocked","$v":"PIN წარმატებით განიბლოკა"},{"$i":"smPin2Changed","$v":"PIN2 წარმატებით შეიცვალა"},{"$i":"smPin2Unblocked","$v":"PIN2 წარმატებით განიბლოკა"},{"$i":"ServiceIsEnabled","$v":"მომსახურება ჩართულია"},{"$i":"ServiceIsDisabled","$v":"მომსახურება გამორთულია"},{"$i":"ServiceIsEnabledFor","$v":"მომსახ. გააქტიურებულია -თვის:"},{"$i":"emMmiError","$v":"კავშირის პრობლემა ან არასწორი MMI კოდი"},{"$i":"emMmiErrorPasswordIncorrect","$v":"არასწორი პაროლი"},{"$i":"emMmiErrorNotSupported","$v":"არასწორი ან არამხარდაჭერილი MMI კოდი"},{"$i":"emMmiErrorInvalidAction","$v":"არასწორი მოქმედება"},{"$i":"emMmiErrorInvalidScCode","$v":"არასწორი მომსახურების კოდი"},{"$i":"emMmiErrorBadPuk","$v":"PUK კოდი, რომელიც დაბეჭდეთ, არასწორია"},{"$i":"emMmiErrorBadPin","$v":"ძველი PIN, რომელიც თქვენ შეიყვანეთ, არასწორია."},{"$i":"emMmiErrorNeedPuk2","$v":"დაბეჭდეთ PUK2 SIM ბარათის განსაბლოკად"},{"$i":"emMmiErrorMismatchPin","$v":"PIN-ები, რომლებიც შეიყვანეთ, არ ემთხვევა"},{"$i":"emMmiErrorInvalidPin","$v":"შეიყვანეთ PIN-ი, რომელიც შედგება 4-8 ციფრისაგან"},{"$i":"emMmiErrorNeedsPuk","$v":"თქვენს SIM ბარათზე PUK-ი დაბლოკილია"},{"$i":"emMmiErrorEnablePin","$v":"წარუმატებელი. SIM/RUIM ბლოკის გააქტიურება"},{"$i":"emMmiErrorMmiFdn","$v":"ოპერაცია აკრძალულია მხოლოდ ფიქს. ასაკრეფი ნომრებისთვის"},{"$i":"emMmiErrorStkCcUssdDial","$v":"USSD მოთხოვნა შეიცვალა აკრეფის მოთხოვნით"},{"$i":"emMmiErrorStkCcUssdSs","$v":"USSD მოთხოვნა შეიცვალა SS მოთხოვნით"},{"$i":"emMmiErrorStkCcUssdUssd","$v":"USSD მოთხოვნა შეიცვალა ახალი USSD მოთხოვნით"},{"$i":"emMmiErrorStkCcSsDial","$v":"SS მოთხოვნა შეიცვალა სწრაფი აკრეფის მოთხოვნით"},{"$i":"emMmiErrorStkCcSsUssd","$v":"SS მოთხოვნა შეიცვალა USSD მოთხოვნით"},{"$i":"emMmiErrorStkCcSsSs","$v":"SS მოთხოვნა შეიცვალა ახალი SS მოთხოვნით"},{"$i":"emMmiErrorPinPukAttempts","$v":{"few":[{"t":"idOrVar","v":"n"}," გამეორება დარჩა"],"many":[{"t":"idOrVar","v":"n"}," გამეორება დარჩა"],"one":["მხოლოდ ",{"t":"idOrVar","v":"n"}," მცდელობა დარჩა"],"other":[{"t":"idOrVar","v":"n"}," გამეორება დარჩა"],"two":[{"t":"idOrVar","v":"n"}," გამეორება დარჩა"]},"$x":[{"t":"idOrVar","v":"plural"},"n"]},{"$i":"emMmiErrorSimBlocked","$v":"შეყვანილი მონაცემების მაქსიმალური რაოდენობა გადაჭარბებულია. SIM დაიბლოკა"},{"$i":"RadioNotAvailable","$v":"Radio not available"},{"$i":"GenericFailure","$v":"გენერიკული მარცხი"},{"$i":"PasswordIncorrect","$v":"პაროლი არასწორია"},{"$i":"SimPin2","$v":"SIM PIN2"},{"$i":"SimPuk2","$v":"SIM PUK2"},{"$i":"RequestNotSupported","$v":"მოთხოვნა მხარდაჭერილი არ არის"},{"$i":"OpNotAllowedDuringVoiceCall","$v":"ოპერაცია არ არის ნებადართული ხმოვ. ზარ. დროს"},{"$i":"SmsSendFailRetry","$v":"SMS send fail retry"},{"$i":"SimAbsent","$v":"SIM არ არის"},{"$i":"SubscriptionNotAvailable","$v":"გამოწერა ხელმისაწვდომი არ არის"},{"$i":"ModeNotSupported","$v":"რეჟიმი მხარდაჭერილი არ არის"},{"$i":"FdnCheckFailure","$v":"Fdn-ის შემოწმების მარცხი"},{"$i":"IllegalSimOrMe","$v":"უკანონო SIM ან ME"},{"$i":"DialModifiedToUssd","$v":"Dial modified to USSD"},{"$i":"DialModifiedToSs","$v":"Dial modified to SS"},{"$i":"DialModifiedToDial","$v":"Dial modified to dial"},{"$i":"UssdModifiedToDial","$v":"USSD შეიცვალა აკრეფვით"},{"$i":"UssdModifiedToSs","$v":"USSD შეიცვალა SS-ით"},{"$i":"UssdModifiedToUssd","$v":"USSD შეიცვალა USSD-ით"},{"$i":"SsModifiedToDial","$v":"SS შეიცვალა აკრეფვით"},{"$i":"SsModifiedToUssd","$v":"SS შეიცვალა USSD-ზე"},{"$i":"SsModifiedToSs","$v":"SS შეიცვალა SS-ზე"},{"$i":"SubscriptionNotSupported","$v":"გამოწერა მხარდაჭერილი არ არის"},{"$i":"InvalidParameter","$v":"არასწორი პარამეტრი"},{"$i":"RejectedByRemote","$v":"უარყოფილია დისტანც."},{"$i":"error","$v":"შეცდომა"}]