[{"$i":"weekday-0-long","$v":"Жексенбі"},{"$i":"weekday-1-long","$v":"Дүйсенбі"},{"$i":"weekday-2-long","$v":"Сейсенбі"},{"$i":"weekday-3-long","$v":"Сәрсенбі"},{"$i":"weekday-4-long","$v":"Бейсенбі"},{"$i":"weekday-5-long","$v":"Жұма"},{"$i":"weekday-6-long","$v":"Сенбі"},{"$i":"weekday-0-short","$v":"Жс"},{"$i":"weekday-1-short","$v":"Дс"},{"$i":"weekday-2-short","$v":"Сс"},{"$i":"weekday-3-short","$v":"Ср"},{"$i":"weekday-4-short","$v":"Бс"},{"$i":"weekday-5-short","$v":"Жм"},{"$i":"weekday-6-short","$v":"Сб"},{"$i":"month-0-long","$v":"Қаңтар"},{"$i":"month-1-long","$v":"Ақпан"},{"$i":"month-2-long","$v":"Наурыз"},{"$i":"month-3-long","$v":"Сәуір"},{"$i":"month-4-long","$v":"Мамыр"},{"$i":"month-5-long","$v":"Маусым"},{"$i":"month-6-long","$v":"Шілде"},{"$i":"month-7-long","$v":"Тамыз"},{"$i":"month-8-long","$v":"Қыркүйек"},{"$i":"month-9-long","$v":"Қазан"},{"$i":"month-10-long","$v":"Қараша"},{"$i":"month-11-long","$v":"Желтоқсан"},{"$i":"month-0-genitive","$v":"Қаңтар"},{"$i":"month-1-genitive","$v":"Ақпан"},{"$i":"month-2-genitive","$v":"Наурыз"},{"$i":"month-3-genitive","$v":"Сәуір"},{"$i":"month-4-genitive","$v":"Мам"},{"$i":"month-5-genitive","$v":"Маусым"},{"$i":"month-6-genitive","$v":"Шілде"},{"$i":"month-7-genitive","$v":"Тамыз"},{"$i":"month-8-genitive","$v":"Қыркүйек"},{"$i":"month-9-genitive","$v":"Қазан"},{"$i":"month-10-genitive","$v":"Қараша"},{"$i":"month-11-genitive","$v":"Желтоқсан"},{"$i":"month-0-short","$v":"Қаң"},{"$i":"month-1-short","$v":"Ақп"},{"$i":"month-2-short","$v":"Нау"},{"$i":"month-3-short","$v":"Сәу"},{"$i":"month-4-short","$v":"Мам"},{"$i":"month-5-short","$v":"Мау"},{"$i":"month-6-short","$v":"Шілде"},{"$i":"month-7-short","$v":"Там"},{"$i":"month-8-short","$v":"Қыр"},{"$i":"month-9-short","$v":"Қаз"},{"$i":"month-10-short","$v":"Қар"},{"$i":"month-11-short","$v":"Жел"},{"$i":"minutes-ago-long","$v":{"few":[{"t":"idOrVar","v":"value"}," минут бұрын"],"many":[{"t":"idOrVar","v":"value"}," минут бұрын"],"one":"бір минут бұрын","other":[{"t":"idOrVar","v":"value"}," минут бұрын"],"two":[{"t":"idOrVar","v":"value"}," минут бұрын"],"zero":"қазір ғана"},"$x":[{"t":"idOrVar","v":"plural"},"value"]},{"$i":"hours-ago-long","$v":{"few":[{"t":"idOrVar","v":"value"}," сағат бұрын"],"many":[{"t":"idOrVar","v":"value"}," сағат бұрын"],"one":"бір сағат бұрын","other":[{"t":"idOrVar","v":"value"}," сағат бұрын"],"two":[{"t":"idOrVar","v":"value"}," сағат бұрын"],"zero":"қазір ғана"},"$x":[{"t":"idOrVar","v":"plural"},"value"]},{"$i":"days-ago-long","$v":{"few":[{"t":"idOrVar","v":"value"}," күн бұрын"],"many":[{"t":"idOrVar","v":"value"}," күн бұрын"],"one":"кеше","other":[{"t":"idOrVar","v":"value"}," күн бұрын"],"two":[{"t":"idOrVar","v":"value"}," күн бұрын"],"zero":"бүгін"},"$x":[{"t":"idOrVar","v":"plural"},"value"]},{"$i":"weeks-ago-long","$v":{"few":[{"t":"idOrVar","v":"value"}," апта бұрын"],"many":[{"t":"idOrVar","v":"value"}," апта бұрын"],"one":"өткен апта","other":[{"t":"idOrVar","v":"value"}," апта бұрын"],"two":[{"t":"idOrVar","v":"value"}," апта бұрын"],"zero":"осы апта"},"$x":[{"t":"idOrVar","v":"plural"},"value"]},{"$i":"months-ago-long","$v":{"few":[{"t":"idOrVar","v":"value"}," ай бұрын"],"many":[{"t":"idOrVar","v":"value"}," ай бұрын"],"one":"өткен ай","other":[{"t":"idOrVar","v":"value"}," ай бұрын"],"two":[{"t":"idOrVar","v":"value"}," ай бұрын"],"zero":"осы ай"},"$x":[{"t":"idOrVar","v":"plural"},"value"]},{"$i":"years-ago-long","$v":{"few":[{"t":"idOrVar","v":"value"}," жыл бұрын"],"many":[{"t":"idOrVar","v":"value"}," жыл бұрын"],"one":"өткен жыл","other":[{"t":"idOrVar","v":"value"}," жыл бұрын"],"two":[{"t":"idOrVar","v":"value"}," жыл бұрын"],"zero":"осы жыл"},"$x":[{"t":"idOrVar","v":"plural"},"value"]},{"$i":"minutes-until-long","$v":{"few":[{"t":"idOrVar","v":"value"}," минутта"],"many":[{"t":"idOrVar","v":"value"}," минутта"],"one":"бір минутта","other":[{"t":"idOrVar","v":"value"}," минутта"],"two":[{"t":"idOrVar","v":"value"}," минутта"],"zero":"қазір"},"$x":[{"t":"idOrVar","v":"plural"},"value"]},{"$i":"hours-until-long","$v":{"few":[{"t":"idOrVar","v":"value"}," сағатта"],"many":[{"t":"idOrVar","v":"value"}," сағатта"],"one":"бір сағатта","other":[{"t":"idOrVar","v":"value"}," сағатта"],"two":[{"t":"idOrVar","v":"value"}," сағатта"],"zero":"қазір"},"$x":[{"t":"idOrVar","v":"plural"},"value"]},{"$i":"days-until-long","$v":{"few":[{"t":"idOrVar","v":"value"}," күнде"],"many":[{"t":"idOrVar","v":"value"}," күнде"],"one":"ертең","other":[{"t":"idOrVar","v":"value"}," күнде"],"two":[{"t":"idOrVar","v":"value"}," күнде"],"zero":"бүгін"},"$x":[{"t":"idOrVar","v":"plural"},"value"]},{"$i":"weeks-until-long","$v":{"few":[{"t":"idOrVar","v":"value"}," аптада"],"many":[{"t":"idOrVar","v":"value"}," аптада"],"one":"келесі апта","other":[{"t":"idOrVar","v":"value"}," аптада"],"two":[{"t":"idOrVar","v":"value"}," аптада"],"zero":"осы апта"},"$x":[{"t":"idOrVar","v":"plural"},"value"]},{"$i":"months-until-long","$v":{"few":[{"t":"idOrVar","v":"value"}," айда"],"many":[{"t":"idOrVar","v":"value"}," айда"],"one":"келесі ай","other":[{"t":"idOrVar","v":"value"}," айда"],"two":[{"t":"idOrVar","v":"value"}," айда"],"zero":"осы ай"},"$x":[{"t":"idOrVar","v":"plural"},"value"]},{"$i":"years-until-long","$v":{"few":[{"t":"idOrVar","v":"value"}," жылда"],"many":[{"t":"idOrVar","v":"value"}," жылда"],"one":"келесі жыл","other":[{"t":"idOrVar","v":"value"}," жылда"],"two":[{"t":"idOrVar","v":"value"}," жылда"],"zero":"осы жыл"},"$x":[{"t":"idOrVar","v":"plural"},"value"]},{"$i":"minutes-ago-short","$v":{"other":[{"t":"idOrVar","v":"value"}," минут бұрын"],"zero":"қазір ғана"},"$x":[{"t":"idOrVar","v":"plural"},"value"]},{"$i":"hours-ago-short","$v":{"other":[{"t":"idOrVar","v":"value"}," сағат бұрын"],"zero":"қазір ғана"},"$x":[{"t":"idOrVar","v":"plural"},"value"]},{"$i":"days-ago-short","$v":{"other":[{"t":"idOrVar","v":"value"}," күн бұрын"],"zero":"бүгін"},"$x":[{"t":"idOrVar","v":"plural"},"value"]},{"$i":"minutes-until-short","$v":{"other":[{"t":"idOrVar","v":"value"}," минутта"],"zero":"қазір"},"$x":[{"t":"idOrVar","v":"plural"},"value"]},{"$i":"hours-until-short","$v":{"other":[{"t":"idOrVar","v":"value"}," сағатта"],"zero":"қазір"},"$x":[{"t":"idOrVar","v":"plural"},"value"]},{"$i":"days-until-short","$v":{"other":[{"t":"idOrVar","v":"value"}," күнде"],"zero":"бүгін"},"$x":[{"t":"idOrVar","v":"plural"},"value"]},{"$i":"incorrectDate","$v":"(дұрыс емес күн)"},{"$i":"dateTimeFormat_%c","$v":"%a %b %e %Y %I:%M:%S %p"},{"$i":"dateTimeFormat_%x","$v":"%m/%d/%Y"},{"$i":"dateTimeFormat_%X","$v":"%I:%M:%S %p"},{"$i":"shortTimeFormat","$v":"%I:%M %p"},{"$i":"shortTimeFormat12","$v":"%I:%M %p"},{"$i":"shortTimeFormat24","$v":"%H:%M"},{"$i":"shortDateTimeFormat","$v":"%x %I:%M %p"},{"$i":"weekStartsOnMonday","$v":"0.0"},{"$i":"firstDayOfTheWeek","$v":"1.0"},{"$i":"time_am","$v":"ТД"},{"$i":"time_pm","$v":"түстен кейін"},{"$i":"label","$v":"Белгі"},{"$i":"mobile","$v":"Мобильді"},{"$i":"home","$v":"Үй"},{"$i":"work","$v":"Жұмыс"},{"$i":"personal","$v":"Жеке"},{"$i":"faxHome","$v":"Үйдегі факс"},{"$i":"faxOffice","$v":"Кеңседегі факс"},{"$i":"faxOther","$v":"Басқа факс"},{"$i":"another","$v":"Басқа"},{"$i":"other","$v":"Басқа"},{"$i":"customTag","$v":"Реттелетін тег","placeholder":"Реттелетін тег"},{"$i":"current","$v":"Ағымдағы"},{"$i":"itemWithLabel","$v":[{"t":"idOrVar","v":"label"},", ",{"t":"idOrVar","v":"item"}]},{"$i":"airplaneMode","$v":"Ұшақ режимі"},{"$i":"searching","$v":"Іздеу..."},{"$i":"noNetwork","$v":"Желі жоқ"},{"$i":"roaming","$v":[{"t":"idOrVar","v":"operator"}," (Роуминг)"]},{"$i":"operator-info","$v":[{"t":"idOrVar","v":"carrier"}," ",{"t":"idOrVar","v":"region"}]},{"$i":"emergencyCallsOnly","$v":"Тек төтенше жағдайдағы қоңыраулар"},{"$i":"emergencyCallsOnly-unknownSIMState","$v":"(белгісіз SIM күйі)"},{"$i":"emergencyCallsOnly-noSIM","$v":"(SIM жоқ)"},{"$i":"emergencyCallsOnly-pinRequired","$v":"(SIM PIN қажет)"},{"$i":"emergencyCallsOnly-pukRequired","$v":"(SIM PUK қажет)"},{"$i":"emergencyCallsOnly-networkLocked","$v":"(желі құлыпталған)"},{"$i":"emergencyCallsOnly-serviceProviderLocked","$v":"(провайдер құлыпталған)"},{"$i":"emergencyCallsOnly-corporateLocked","$v":"(корпоративтік құлыпталған)"},{"$i":"emergencyCallsOnly-network1Locked","$v":"(1-желі құлыпталған)"},{"$i":"emergencyCallsOnly-network2Locked","$v":"(2-желі құлыпталған)"},{"$i":"emergencyCallsOnly-hrpdNetworkLocked","$v":"(HRPD желісі құлыпталған)"},{"$i":"emergencyCallsOnly-ruimCorporateLocked","$v":"(RUIM корпоративтік құлыпталған)"},{"$i":"emergencyCallsOnly-ruimServiceProviderLocked","$v":"(RUIM провайдері құлыпталған)"},{"$i":"lockscreen-sim-id","$v":["SIM ",{"t":"idOrVar","v":"n"}]},{"$i":"charging-no-time","$v":[{"t":"idOrVar","v":"level"},"% зарядталды"]},{"$i":"charging-minutes","$v":{"few":[{"t":"idOrVar","v":"level"},"% зарядталды (толық зарядталуға ",{"t":"idOrVar","v":"minutes"}," мин қалды)"],"many":[{"t":"idOrVar","v":"level"},"% зарядталды (толық зарядталуға ",{"t":"idOrVar","v":"minutes"}," мин қалды)"],"one":[{"t":"idOrVar","v":"level"},"% зарядталды (толық зарядталуға ",{"t":"idOrVar","v":"minutes"}," мин қалды)"],"other":[{"t":"idOrVar","v":"level"},"% зарядталды (толық зарядталуға ",{"t":"idOrVar","v":"minutes"}," мин қалды)"],"two":[{"t":"idOrVar","v":"level"},"% зарядталды (толық зарядталуға ",{"t":"idOrVar","v":"minutes"}," мин қалды)"],"zero":[{"t":"idOrVar","v":"level"},"% зарядталды (толық зарядталуға ",{"t":"idOrVar","v":"minutes"}," мин қалды)"]},"$x":[{"t":"idOrVar","v":"plural"},"minutes"]},{"$i":"charging-hours","$v":{"few":[{"t":"idOrVar","v":"level"},"% зарядталды (толық зарядталуға ",{"t":"idOrVar","v":"hours"},"сағ ",{"t":"idOrVar","v":"minutes"}," мин қалды)"],"many":[{"t":"idOrVar","v":"level"},"% зарядталды (толық зарядталуға ",{"t":"idOrVar","v":"hours"},"сағ ",{"t":"idOrVar","v":"minutes"}," мин қалды)"],"one":[{"t":"idOrVar","v":"level"},"% зарядталды (толық зарядталуға ",{"t":"idOrVar","v":"hours"},"сағ ",{"t":"idOrVar","v":"minutes"}," мин қалды)"],"other":[{"t":"idOrVar","v":"level"},"% зарядталды (толық зарядталуға ",{"t":"idOrVar","v":"hours"},"сағ ",{"t":"idOrVar","v":"minutes"}," мин қалды)"],"two":[{"t":"idOrVar","v":"level"},"% зарядталды (толық зарядталуға ",{"t":"idOrVar","v":"hours"},"сағ ",{"t":"idOrVar","v":"minutes"}," мин қалды)"],"zero":[{"t":"idOrVar","v":"level"},"% зарядталды (толық зарядталуға ",{"t":"idOrVar","v":"hours"},"сағ ",{"t":"idOrVar","v":"minutes"}," мин қалды)"]},"$x":[{"t":"idOrVar","v":"plural"},"minutes"]},{"$i":"phoneNumberInput","ariaLabel":"Телефон нөмірі"},{"$i":"keypadDelete","ariaLabel":"Жою"},{"$i":"voiceMailKey","ariaLabel":"Дауыстық хат"},{"$i":"asterisk","ariaLabel":"Жұлдызша"},{"$i":"hashSign","ariaLabel":"Хэш белгісі"},{"$i":"cancel","$v":"Бас тарту"},{"$i":"loadingSimContacts","$v":"SIM картасындағы контактілер жүктелуде…"},{"$i":"noContactsWereFound","$v":"Контактілер табылмады"},{"$i":"noContactsFoundDialogOk","$v":"OK"},{"$i":"emergencyNumber","$v":"Төтенше байланыс нөмірі"},{"$i":"callAirplaneModeMessage","$v":"Қоңырау шалу үшін параметрлерде ұшақ режимін ажырату қажет."},{"$i":"callAirplaneModeBtnOk","$v":"OK"},{"$i":"callAirplaneModeTitle","$v":"Ұшақ режимі қосылды"},{"$i":"numberIsBusyTitle","$v":"Нөмір бос емес"},{"$i":"numberIsBusyMessage","$v":"Нөмір қазір бос емес. Кейінірек қайталап көріңіз."},{"$i":"fdnIsActiveTitle","$v":"FDN белсенді"},{"$i":"fdnIsActiveMessage","$v":["FDN (Бекітілген терілетін нөмірлер) функциясы белсенді және сіздің FDN тізіміңізде келесі нөмір жоқ: ",{"t":"idOrVar","v":"number"}]},{"$i":"emergencyDialogBodyBadNumber","$v":"Қоңырау шалу үшін телефон желіге қосылуы тиіс."},{"$i":"emergencyDialogBodyDeviceNotAccepted","$v":"Желіде төтенше қоңырауларға рұқсат жоқ."},{"$i":"emergencyDialogBtnOk","$v":"OK"},{"$i":"emergencyDialogTitle","$v":"Желі байланысы жоқ"},{"$i":"invalidNumberToDialTitle","$v":"Жарамсыз телефон нөмірі"},{"$i":"invalidNumberToDialMessage","$v":"Сіз қоңырау шалып жатқан телефон нөмірі жарамсыз."},{"$i":"unableToCallTitle","$v":"Қоңырау шалу мүмкін емес. "},{"$i":"unableToCallMessage","$v":"Қазір телефон арқылы қоңырау шалу мүмкін емес"},{"$i":"otherConnectionInUseTitle","$v":"Пайд. басқа байланыс"},{"$i":"otherConnectionInUseMessage","$v":"Басқа қосылымда белсенді қоңырау бар. Бір уақытта тек бір қосылымды пайдалана аласыз."},{"$i":"connectingEllipsis","$v":"Қосылуда..."},{"$i":"clear","$v":"Тазалау"},{"$i":"dialer","$v":"Теру құралы"},{"$i":"kai-incomming-call","$v":"Кіріс қоңырау"},{"$i":"kai-in-call","$v":"Кіріс қоң."},{"$i":"kai-answer","$v":"Жауап"},{"$i":"kai-end-answer","$v":"Аяқтау және жауап беру"},{"$i":"kai-decline","$v":"Қабылдамау"},{"$i":"enter-passcode","$v":"Экранның құлпын ашу үшін рұқсат кодын енгізіңіз."},{"$i":"passcode-error","$v":"Жарамсыз код. Қайталап көріңіз."},{"$i":"voice-call","$v":"Дауыс қоңырауы"},{"$i":"video-call","$v":"Бейне қоңырау"},{"$i":"message","$v":"Хабарлар"},{"$i":"answer-rtt-call","$v":"RTT жауап беру"},{"$i":"req-rtt-call","$v":"ANS RTT"},{"$i":"rtt-call","$v":"RTT қоңырауы"},{"$i":"rtt-view","$v":"RTT көрінісі"},{"$i":"change-to-rtt-call","$v":"RTT қоңырауына қосылу..."},{"$i":"change-to-voice-call","$v":"Дауыстық қоңырауға ауысты."},{"$i":"upgrading-rtt","$v":"RTT қоңырауына өткізілуде..."},{"$i":"rtt-call-failed","$v":"RTT қоңырауы сәтсіз аяқталды."},{"$i":"voice-call-failed","$v":"Дауыстық қоңырау сәтсіз аяқталды."},{"$i":"rtt","$v":"RTT"},{"$i":"rtt-emegency-upgrade-rejected","$v":"RTT бұл 911 қоңырауы үшін қолжетімді емес."},{"$i":"rtt-emegency-downgrade","$v":"RTT бұл 911 нөміріне қоңырау үшін қолжетімді емес. Қоңырауыңыз тек дауыстық қоңырау ретінде қосылды. Қиындықтар болса, 911 нөміріне дауыстық немесе ретрансляциялық қоңырау шалыңыз."},{"$i":"voice-only-call","$v":"Қоңырауыңыз тек дауыс қоңырауы ретінде қосылды."},{"$i":"ans-rtt-failed","$v":"RTT қоңырауын орнату мүмкін болмады. Қоңырауыңыз тек дауыс қоңырауы ретінде қосылды."},{"$i":"back","$v":"Артқа"},{"$i":"new-message","$v":"Жаңа хабарлар"},{"$i":"kai-mute","$v":"Дыб өшіру"},{"$i":"kai-unmute","$v":"Дыб қосу"},{"$i":"kai-speaker","$v":"Динамик"},{"$i":"kai-speaker-off","$v":"Динамикті өшіру"},{"$i":"kai-microphone-mute-notification","$v":"Микрофон өшірілді"},{"$i":"kai-microphone-active-notification","$v":"Микрофон қосылды"},{"$i":"kai-speaker-off-notification","$v":"Сыртқы динамик өшірілді"},{"$i":"kai-speaker-on-notification","$v":"Сыртқы динамик қосылды"},{"$i":"kai-hold-and-answer","$v":"Күтуге қою және жауап"},{"$i":"kai-ignore-call","$v":"Кіріс қоңырауды елемеу"},{"$i":"kai-add-to-call","$v":"Қоңырау қосу"},{"$i":"kai-switch-to-second-line","$v":"Қоңырауды ауыстыру"},{"$i":"kai-merge-calls","$v":"Қоңырауларды біріктіру"},{"$i":"ok","$v":"OK"},{"$i":"losing-wifi-msg","$v":"wifi жоғалуы"},{"$i":"hd","$v":"HD"},{"$i":"manage-call","$v":"Қоңырауды басқару"},{"$i":"end","$v":"Қоңырауды аяқтау"},{"$i":"private","$v":"Құпия"},{"$i":"sound","$v":"Дыбыс"},{"$i":"bluetooth-device","$v":"Bluetooth құрылғысы"},{"$i":"handset-earpiece","$v":"Телефон тұтқасы"},{"$i":"speaker","$v":"Динамик"},{"$i":"call-ended","$v":"Қоңырау аяқталды"},{"$i":"payphone","$v":"Таксофон"},{"$i":"contact","$v":"Контакт"},{"$i":"dialer-prompt","$v":"Қоңырауға қосу үшін нөмірді теріңіз немесе контактіні таңдаңыз"},{"$i":"call","$v":"Қоңырау"},{"$i":"hold","$v":"Күтіп тұру"},{"$i":"volume","$v":"Дыбыс деңгейі"},{"$i":"softkey-options","$v":"Опциялар"},{"$i":"unhold-call","$v":"оңырауды ұстап тұрудан шығару"},{"$i":"hold-call","$v":"Қоңырауды ұстап тұру"},{"$i":"select","$v":"Таңдау"},{"$i":"unknown","$v":"Белгісіз"},{"$i":"switch-calls","$v":"Қоңырауларды ауыстыру"},{"$i":"voiceMail","$v":"Дауыстық хат"},{"$i":"incoming","$v":"Кіріс"},{"$i":"outgoing","$v":"Шығыс"},{"$i":"callEnded","$v":"Қоңырау аяқталды"},{"$i":"callEndedDuration","$v":["Қоңырау аяқталды (",{"t":"idOrVar","v":"duration"},")"]},{"$i":"conferenceAddError","$v":"Қоңырауларды біріктіру мүмкін емес"},{"$i":"conferenceRemoveError","$v":"Қоңырауларды ажырату мүмкін емес"},{"$i":"callDurationMinutes","$v":[{"t":"idOrVar","v":"m"},":",{"t":"idOrVar","v":"s"}]},{"$i":"callDurationHours","$v":[{"t":"idOrVar","v":"h"},":",{"t":"idOrVar","v":"m"},":",{"t":"idOrVar","v":"s"}]},{"$i":"callDurationTextFormatSeconds","$v":[{"t":"idOrVar","v":"s"}," с"]},{"$i":"callDurationTextFormatMinutes","$v":[{"t":"idOrVar","v":"m"}," м ",{"t":"idOrVar","v":"s"}," с"]},{"$i":"callDurationTextFormatHours","$v":[{"t":"idOrVar","v":"h"}," с ",{"t":"idOrVar","v":"m"}," м ",{"t":"idOrVar","v":"s"}," с"]},{"$i":"switch-to-device-toast","$v":"Bluetooth құр-на ауыст."},{"$i":"switch-to-handset-toast","$v":"Құлақаспапқа ауыстырылды"},{"$i":"switch-to-speaker-toast","$v":"Динамикке ауыстырылды"},{"$i":"connecting","$v":"Қосылуда"},{"$i":"wifi-call-quality-excellent","$v":"Тамаша"},{"$i":"wifi-call-quality-fair","$v":"Орташа"},{"$i":"wifi-call-quality-bad","$v":"Жаман"},{"$i":"call-left-conference-toast","$v":"қоңыраудан шықты"},{"$i":"camera-off","$v":"Камера өшірулі"},{"$i":"camera-on","$v":"Камера қосулы"},{"$i":"rear-camera","$v":"Артқы камера"},{"$i":"front-camera","$v":"Алдыңғы камера"},{"$i":"hide-info","$v":"Ақпаратты жасыру"},{"$i":"show-info","$v":"Ақпарат көрсету"},{"$i":"video-call-rejected","$v":"Бейнеқоңыраудан бас тартылды, дауыс қоңырауына өзгерту."},{"$i":"video-call-not-support","$v":"Бейнеқоңырауға қолдау көрсетілмейді."},{"$i":"video-call-rejected-timeout","$v":"Video call rejected or timeout."},{"$i":"video-call-from","$v":[{"t":"idOrVar","v":"name"}," бейнеқоңырау алу."]},{"$i":"video-call-canceled","$v":"Бейнеқоңыраудан бас тартылды."},{"$i":"video-call-failed","$v":"Бейнеқоңырау орындалмады."},{"$i":"call-downgraded","$v":"Қоңырау төмендетілді."},{"$i":"wifi-calling","$v":"Wi-Fi қоңырауы"},{"$i":"wifi-calling-1","$v":"Қоңырауыңыз қабылданбауы мүмкін."},{"$i":"wifi-calling-2","$v":"Wi-Fi ауқымынан тыс қалуға жақындап қалдыңыз."},{"$i":"wifi-calling-dropped","$v":"Wi-Fi қоңырауы қабылданбады."},{"$i":"accept","$v":"Қабылдау"},{"$i":"conference-call-num","$v":[{"t":"idOrVar","v":"num"}," адам қоңырауда."]},{"$i":"more","$v":"Қосымша"},{"$i":"rec","$v":"REC"},{"$i":"start-recording-call","$v":"Қоңырауды жазуды бастау."},{"$i":"stop-recording-call","$v":"Қоңырауды жазуды тоқтату."},{"$i":"insufficient-storage","$v":"Жад жеткіліксіз. Жазу тоқтатылды."},{"$i":"reply","$v":"Жауап беру"},{"$i":"reply-message-1","$v":"Кешіріңіз, дәл қазір сөйлесе алмаймын."},{"$i":"reply-message-2","$v":"Жолдамын."},{"$i":"reply-message-3","$v":"Кейінірек қоңырау шалсам бола ма?"},{"$i":"reply-message-4","$v":"Теңшелетін..."},{"$i":"reply-to-name","$v":[{"t":"idOrVar","v":"name"}," жауап берді"]},{"$i":"mt-call-on-hold","$v":"Қоңырау ұстауға қойылды."},{"$i":"mt-call_retrieved","$v":"Қоңырау шығарып алынды."},{"$i":"mt-multi_party_call","$v":"Конференция байланысына қосылдыңыз."},{"$i":"hangup-a11y-button","$v":""},{"$i":"pickup-a11y-button","$v":""},{"$i":"mute","$v":""},{"$i":"toggleKeypad","$v":""},{"$i":"newCall","$v":""},{"$i":"speakerOption","$v":""},{"$i":"bluetoothOption","$v":""},{"$i":"onHoldOption","$v":""},{"$i":"merge","$v":""},{"$i":"ignore","$v":""},{"$i":"dialerAddContact","$v":""},{"$i":"makeCall","$v":""},{"$i":"call-forwarding-async","$v":["Асинхронды: ",{"t":"idOrVar","v":"async"}]},{"$i":"call-forwarding-data","$v":["Деректер: ",{"t":"idOrVar","v":"data"}]},{"$i":"call-forwarding-error","$v":"Қоңырауды бұру күйін алу кезінде қате пайда болды"},{"$i":"call-forwarding-fax","$v":["ФАКС: ",{"t":"idOrVar","v":"fax"}]},{"$i":"call-forwarding-inactive","$v":"Белсенді емес"},{"$i":"call-forwarding-packet","$v":["Пакет: ",{"t":"idOrVar","v":"packet"}]},{"$i":"call-forwarding-pad","$v":["ТАҚТА: ",{"t":"idOrVar","v":"pad"}]},{"$i":"call-forwarding-sms","$v":["SMS: ",{"t":"idOrVar","v":"sms"}]},{"$i":"call-forwarding-status","$v":"Коңырауды бұру күйі"},{"$i":"call-forwarding-sync","$v":["Синхрондалған: ",{"t":"idOrVar","v":"sync"}]},{"$i":"call-forwarding-voice","$v":["Дауыс: ",{"t":"idOrVar","v":"voice"}]},{"$i":"scCallBarring","$v":"Қоңырауға тыйым салу"},{"$i":"scCallForwarding","$v":"Коңырауды бұру"},{"$i":"scClip","$v":"Қоңырау шалушының идентификаторы"},{"$i":"scClir","$v":"Шығыс қоң. шалушы ид."},{"$i":"scPwd","$v":"Кілтсөзді өзгерту"},{"$i":"scCallWaiting","$v":"Қоңырау күтуде"},{"$i":"scPin","$v":"PIN өзгерту"},{"$i":"scPin2","$v":"PIN2 өзгерту"},{"$i":"scPuk","$v":"PIN кодын блоктан шығару"},{"$i":"scPuk2","$v":"PIN2 кодын блоктан шығару"},{"$i":"scImei","$v":"IMEI"},{"$i":"scMeid","$v":"MEID"},{"$i":"scUssd","$v":"USSD"},{"$i":"serviceClassVoice","$v":"Дауыс"},{"$i":"serviceClassData","$v":"Деректер"},{"$i":"serviceClassFax","$v":"ФАКС"},{"$i":"serviceClassSms","$v":"SMS"},{"$i":"serviceClassDataSync","$v":"Синхрондау"},{"$i":"serviceClassDataAsync","$v":"Асинхронды"},{"$i":"serviceClassPacket","$v":"Пакет"},{"$i":"serviceClassPad","$v":"ТАҚТА"},{"$i":"smServiceEnabled","$v":"Қызмет қосылды"},{"$i":"smServiceDisabled","$v":"Қызмет ажыратылды"},{"$i":"smServiceRegistered","$v":"Сәтті тіркелді"},{"$i":"smServiceErased","$v":"Өшіру сәтті болды"},{"$i":"smServiceInterrogated","$v":"Сұрау сәтті болды"},{"$i":"smServiceNotProvisioned","$v":"Қызмет көрсетілмеді"},{"$i":"smClirPermanent","$v":"Қоңырау шалушы идентификаторы параметрін өзгерте алмайсыз"},{"$i":"smClirDefaultOnNextCallOn","$v":"Әдепкіде қоң. ид. шектелг. Келесі қоң.: шектелг."},{"$i":"smClirDefaultOnNextCallOff","$v":"Әдепкі бойынша қоңырау шалушының идентификаторы шектелген. Келесі қоңырау: шектелмеген"},{"$i":"smClirDefaultOffNextCallOn","$v":"Әдепкі бойынша қоңырау шалушының идентификаторы шектелмеген. Келесі қоңырау: шектелген"},{"$i":"smClirDefaultOffNextCallOff","$v":"Әдепкі бойынша қоңырау шалушының идентификаторы шектелмеген. Келесі қоңырау: шектелмеген"},{"$i":"smServiceEnabledFor","$v":"Қызмет қосылды:"},{"$i":"smPinChanged","$v":"PIN сәтті өзгертілді"},{"$i":"smPinUnblocked","$v":"PIN блоктан шығарылды"},{"$i":"smPin2Changed","$v":"PIN2 сәтті өзгертілді"},{"$i":"smPin2Unblocked","$v":"PIN2 блоктан шығарылды"},{"$i":"ServiceIsEnabled","$v":"Қызмет қосылған"},{"$i":"ServiceIsDisabled","$v":"Қызмет ажыратылған"},{"$i":"ServiceIsEnabledFor","$v":"Қызмет қосылады:"},{"$i":"emMmiError","$v":"Қосылым проблемасы немесе MMI коды жарамсыз"},{"$i":"emMmiErrorPasswordIncorrect","$v":"Дұрыс емес кілтсөз"},{"$i":"emMmiErrorNotSupported","$v":"Жарамсыз немесе қолдау көрсетілмейтін MMI коды"},{"$i":"emMmiErrorInvalidAction","$v":"Жарамсыз әрекет"},{"$i":"emMmiErrorInvalidScCode","$v":"Жарамсыз қызмет коды"},{"$i":"emMmiErrorBadPuk","$v":"Енгізілген PUK дұрыс емес"},{"$i":"emMmiErrorBadPin","$v":"Енгізілген ескі PIN коды дұрыс емес."},{"$i":"emMmiErrorNeedPuk2","$v":"SIM картасын блоктан шығару үшін PUK2 енгізіңіз"},{"$i":"emMmiErrorMismatchPin","$v":"Енгізілген PIN кодтары сәйкес келмейді"},{"$i":"emMmiErrorInvalidPin","$v":"4–8 сан аралығындағы PIN кодын енгізіңіз"},{"$i":"emMmiErrorNeedsPuk","$v":"SIM картасы PUK арқылы құлыпталды"},{"$i":"emMmiErrorEnablePin","$v":"Сәтсіз. SIM/RUIM ҚҰЛЫПТАУЫН қосу"},{"$i":"emMmiErrorMmiFdn","$v":"Бек. нөм. терумен шект."},{"$i":"emMmiErrorStkCcUssdDial","$v":"USSD сұрауы НӨМІР ТЕРУ сұрауына өзгертілді"},{"$i":"emMmiErrorStkCcUssdSs","$v":"USSD сұрауы SS сұрауына өзгертілді"},{"$i":"emMmiErrorStkCcUssdUssd","$v":"USSD сұрауы жаңа USSD сұрауына өзгертілді"},{"$i":"emMmiErrorStkCcSsDial","$v":"SS сұрауы НӨМІР ТЕРУ сұрауына өзгертілді"},{"$i":"emMmiErrorStkCcSsUssd","$v":"SS USSD сұрауына өзг."},{"$i":"emMmiErrorStkCcSsSs","$v":"SS жаңа SS сұрауына өзг."},{"$i":"emMmiErrorPinPukAttempts","$v":{"few":[{"t":"idOrVar","v":"n"}," қайталау қалды"],"many":[{"t":"idOrVar","v":"n"}," қайталау қалды"],"one":[{"t":"idOrVar","v":"n"}," қайталау"],"other":[{"t":"idOrVar","v":"n"}," қайталау қалды"],"two":[{"t":"idOrVar","v":"n"}," қайталау қалды"]},"$x":[{"t":"idOrVar","v":"plural"},"n"]},{"$i":"emMmiErrorSimBlocked","$v":"Қайталаудың максималды санына жетті. SIM блокталды"},{"$i":"RadioNotAvailable","$v":"Radio not available"},{"$i":"GenericFailure","$v":"Негізгі ақаулық"},{"$i":"PasswordIncorrect","$v":"Кілтсөз дұрыс емес"},{"$i":"SimPin2","$v":"SIM PIN2"},{"$i":"SimPuk2","$v":"SIM PUK2"},{"$i":"RequestNotSupported","$v":"Есепке қолдау көрсетілмейді"},{"$i":"OpNotAllowedDuringVoiceCall","$v":"Дауыс қоң. кезінде жоқ"},{"$i":"SmsSendFailRetry","$v":"SMS send fail retry"},{"$i":"SimAbsent","$v":"SIM жоқ"},{"$i":"SubscriptionNotAvailable","$v":"Жазылым қолжетімді емес"},{"$i":"ModeNotSupported","$v":"Режим қолданылмайды"},{"$i":"FdnCheckFailure","$v":"Fdn тексеру ақаулығы"},{"$i":"IllegalSimOrMe","$v":"Заңсыз SIM немесе ME"},{"$i":"DialModifiedToUssd","$v":"Dial modified to USSD"},{"$i":"DialModifiedToSs","$v":"Dial modified to SS"},{"$i":"DialModifiedToDial","$v":"Dial modified to dial"},{"$i":"UssdModifiedToDial","$v":"USSD теру етіп өзгертілді"},{"$i":"UssdModifiedToSs","$v":"USSD SS етіп өзгертілді"},{"$i":"UssdModifiedToUssd","$v":"USSD USSD етіп өзгертілді"},{"$i":"SsModifiedToDial","$v":"SS теру етіп өзгертілді"},{"$i":"SsModifiedToUssd","$v":"SS USSD етіп өзгертілді"},{"$i":"SsModifiedToSs","$v":"SS SS етіп өзгертілді"},{"$i":"SubscriptionNotSupported","$v":"Жазылым қолд-майды"},{"$i":"InvalidParameter","$v":"Жарамсыз параметр"},{"$i":"RejectedByRemote","$v":"Қашықтан бас тартылды"},{"$i":"error","$v":"Қате"}]