[{"$i":"weekday-0-long","$v":"អាទិត្យ"},{"$i":"weekday-1-long","$v":"ចន្ទ"},{"$i":"weekday-2-long","$v":"អង្គារ"},{"$i":"weekday-3-long","$v":"ពុធ"},{"$i":"weekday-4-long","$v":"ព្រហស្បតិ៍"},{"$i":"weekday-5-long","$v":"សុក្រ"},{"$i":"weekday-6-long","$v":"សៅរ៍"},{"$i":"weekday-0-short","$v":"អា"},{"$i":"weekday-1-short","$v":"ច"},{"$i":"weekday-2-short","$v":"អ"},{"$i":"weekday-3-short","$v":"ពុ"},{"$i":"weekday-4-short","$v":"ព្រ"},{"$i":"weekday-5-short","$v":"សុ"},{"$i":"weekday-6-short","$v":"ស"},{"$i":"month-0-long","$v":"មករា"},{"$i":"month-1-long","$v":"កុម្ភៈ"},{"$i":"month-2-long","$v":"មីនា"},{"$i":"month-3-long","$v":"មេសា"},{"$i":"month-4-long","$v":"ឧសភា"},{"$i":"month-5-long","$v":"មិថុនា"},{"$i":"month-6-long","$v":"កក្កដា"},{"$i":"month-7-long","$v":"សីហា"},{"$i":"month-8-long","$v":"កញ្ញា"},{"$i":"month-9-long","$v":"តុលា"},{"$i":"month-10-long","$v":"វិច្ឆិកា"},{"$i":"month-11-long","$v":"ធ្នូ"},{"$i":"month-0-genitive","$v":"មករា"},{"$i":"month-1-genitive","$v":"កុម្ភៈ"},{"$i":"month-2-genitive","$v":"មីនា"},{"$i":"month-3-genitive","$v":"មេសា"},{"$i":"month-4-genitive","$v":"ឧសភា"},{"$i":"month-5-genitive","$v":"មិថុនា"},{"$i":"month-6-genitive","$v":"កក្កដា"},{"$i":"month-7-genitive","$v":"សីហា"},{"$i":"month-8-genitive","$v":"កញ្ញា"},{"$i":"month-9-genitive","$v":"តុលា"},{"$i":"month-10-genitive","$v":"វិច្ឆិកា"},{"$i":"month-11-genitive","$v":"ធ្នូ"},{"$i":"month-0-short","$v":"មករា"},{"$i":"month-1-short","$v":"កុម្ភៈ"},{"$i":"month-2-short","$v":"មីនា"},{"$i":"month-3-short","$v":"មេសា"},{"$i":"month-4-short","$v":"ឧសភា"},{"$i":"month-5-short","$v":"មិថុនា"},{"$i":"month-6-short","$v":"កក្កដា"},{"$i":"month-7-short","$v":"សីហា"},{"$i":"month-8-short","$v":"កញ្ញា"},{"$i":"month-9-short","$v":"តុលា"},{"$i":"month-10-short","$v":"វិច្ឆិកា"},{"$i":"month-11-short","$v":"ធ្នូ"},{"$i":"minutes-ago-long","$v":{"few":[{"t":"idOrVar","v":"value"}," នាទី​មុន"],"many":[{"t":"idOrVar","v":"value"}," នាទី​មុន"],"one":"មួយ​នាទី​មុន","other":[{"t":"idOrVar","v":"value"}," នាទី​មុន"],"two":[{"t":"idOrVar","v":"value"}," នាទី​មុន"],"zero":"អម្បាញ់​មិញ"},"$x":[{"t":"idOrVar","v":"plural"},"value"]},{"$i":"hours-ago-long","$v":{"few":[{"t":"idOrVar","v":"value"}," ម៉ោង​មុន"],"many":[{"t":"idOrVar","v":"value"}," ម៉ោង​មុន"],"one":"មួយ​ម៉ោង​មុន","other":[{"t":"idOrVar","v":"value"}," ម៉ោង​មុន"],"two":[{"t":"idOrVar","v":"value"}," ម៉ោង​មុន"],"zero":"អម្បាញ់​មិញ"},"$x":[{"t":"idOrVar","v":"plural"},"value"]},{"$i":"days-ago-long","$v":{"few":[{"t":"idOrVar","v":"value"}," ថ្ងៃ​មុន"],"many":[{"t":"idOrVar","v":"value"}," ថ្ងៃ​មុន"],"one":"ម្សិល​មិញ","other":[{"t":"idOrVar","v":"value"}," ថ្ងៃ​មុន"],"two":[{"t":"idOrVar","v":"value"}," ថ្ងៃ​មុន"],"zero":"ថ្ងៃ​នេះ"},"$x":[{"t":"idOrVar","v":"plural"},"value"]},{"$i":"weeks-ago-long","$v":{"few":[{"t":"idOrVar","v":"value"}," សប្ដាហ៍​មុន"],"many":[{"t":"idOrVar","v":"value"}," សប្ដាហ៍​មុន"],"one":"សប្ដាហ៍​មុន","other":[{"t":"idOrVar","v":"value"}," សប្ដាហ៍​មុន"],"two":[{"t":"idOrVar","v":"value"}," សប្ដាហ៍​មុន"],"zero":"សប្ដាហ៍​នេះ"},"$x":[{"t":"idOrVar","v":"plural"},"value"]},{"$i":"months-ago-long","$v":{"few":[{"t":"idOrVar","v":"value"}," ខែ​មុន"],"many":[{"t":"idOrVar","v":"value"}," ខែ​មុន"],"one":"ខែ​មុន","other":[{"t":"idOrVar","v":"value"}," ខែ​មុន"],"two":[{"t":"idOrVar","v":"value"}," ខែ​មុន"],"zero":"ខែ​នេះ"},"$x":[{"t":"idOrVar","v":"plural"},"value"]},{"$i":"years-ago-long","$v":{"few":[{"t":"idOrVar","v":"value"}," ឆ្នាំ​មុន"],"many":[{"t":"idOrVar","v":"value"}," ឆ្នាំ​មុន"],"one":"ឆ្នាំ​មុន","other":[{"t":"idOrVar","v":"value"}," ឆ្នាំ​មុន"],"two":[{"t":"idOrVar","v":"value"}," ឆ្នាំ​មុន"],"zero":"ឆ្នាំ​នេះ"},"$x":[{"t":"idOrVar","v":"plural"},"value"]},{"$i":"minutes-until-long","$v":{"few":["ក្នុង​ពេល ",{"t":"idOrVar","v":"value"}," នាទី"],"many":["ក្នុង​ពេល ",{"t":"idOrVar","v":"value"}," នាទី"],"one":"ក្នុង​ពេល​មួយ​នាទី","other":["ក្នុង​ពេល ",{"t":"idOrVar","v":"value"}," នាទី"],"two":["ក្នុង​ពេល ",{"t":"idOrVar","v":"value"}," នាទី"],"zero":"ឥឡូវ"},"$x":[{"t":"idOrVar","v":"plural"},"value"]},{"$i":"hours-until-long","$v":{"few":["ក្នុង​ពេល ",{"t":"idOrVar","v":"value"}," ម៉ោង"],"many":["ក្នុង​ពេល ",{"t":"idOrVar","v":"value"}," ម៉ោង"],"one":"ក្នុង​ពេល​មួយ​ម៉ោង","other":["ក្នុង​ពេល ",{"t":"idOrVar","v":"value"}," ម៉ោង"],"two":["ក្នុង​ពេល ",{"t":"idOrVar","v":"value"}," ម៉ោង"],"zero":"ឥឡូវ"},"$x":[{"t":"idOrVar","v":"plural"},"value"]},{"$i":"days-until-long","$v":{"few":["ក្នុង​ពេល ",{"t":"idOrVar","v":"value"}," ថ្ងៃ"],"many":["ក្នុង​ពេល ",{"t":"idOrVar","v":"value"}," ថ្ងៃ"],"one":"ស្អែក","other":["ក្នុង​ពេល ",{"t":"idOrVar","v":"value"}," ថ្ងៃ"],"two":["ក្នុង​ពេល ",{"t":"idOrVar","v":"value"}," ថ្ងៃ"],"zero":"ថ្ងៃ​នេះ"},"$x":[{"t":"idOrVar","v":"plural"},"value"]},{"$i":"weeks-until-long","$v":{"few":["ក្នុង​ពេល ",{"t":"idOrVar","v":"value"}," សប្ដាហ៍"],"many":["ក្នុង​ពេល ",{"t":"idOrVar","v":"value"}," សប្ដាហ៍"],"one":"សប្ដាហ៍​ក្រោយ","other":["ក្នុង​ពេល ",{"t":"idOrVar","v":"value"}," សប្ដាហ៍"],"two":["ក្នុង​ពេល ",{"t":"idOrVar","v":"value"}," សប្ដាហ៍"],"zero":"សប្ដាហ៍​នេះ"},"$x":[{"t":"idOrVar","v":"plural"},"value"]},{"$i":"months-until-long","$v":{"few":["ក្នុង​ពេល ",{"t":"idOrVar","v":"value"}," ខែ"],"many":["ក្នុង​ពេល ",{"t":"idOrVar","v":"value"}," ខែ"],"one":"ខែ​ក្រោយ","other":["ក្នុង​ពេល ",{"t":"idOrVar","v":"value"}," ខែ"],"two":["ក្នុង​ពេល ",{"t":"idOrVar","v":"value"}," ខែ"],"zero":"ខែ​នេះ"},"$x":[{"t":"idOrVar","v":"plural"},"value"]},{"$i":"years-until-long","$v":{"few":["ក្នុង​ពេល ",{"t":"idOrVar","v":"value"}," ឆ្នាំ"],"many":["ក្នុង​ពេល ",{"t":"idOrVar","v":"value"}," ឆ្នាំ"],"one":"ឆ្នាំ​ក្រោយ","other":["ក្នុង​ពេល ",{"t":"idOrVar","v":"value"}," ឆ្នាំ"],"two":["ក្នុង​ពេល ",{"t":"idOrVar","v":"value"}," ឆ្នាំ"],"zero":"ឆ្នាំ​នេះ"},"$x":[{"t":"idOrVar","v":"plural"},"value"]},{"$i":"minutes-ago-short","$v":{"other":[{"t":"idOrVar","v":"value"}," នា. មុន"],"zero":"អម្បាញ់​មិញ"},"$x":[{"t":"idOrVar","v":"plural"},"value"]},{"$i":"hours-ago-short","$v":{"other":[{"t":"idOrVar","v":"value"}," ម៉. មុន"],"zero":"អម្បាញ់​មិញ"},"$x":[{"t":"idOrVar","v":"plural"},"value"]},{"$i":"days-ago-short","$v":{"other":[{"t":"idOrVar","v":"value"}," ថ្ងៃ​មុន"],"zero":"ថ្ងៃ​នេះ"},"$x":[{"t":"idOrVar","v":"plural"},"value"]},{"$i":"minutes-until-short","$v":{"other":["ក្នុង​ពេល ",{"t":"idOrVar","v":"value"}," នា"],"zero":"ឥឡូវ"},"$x":[{"t":"idOrVar","v":"plural"},"value"]},{"$i":"hours-until-short","$v":{"other":["ក្នុងពេល  ",{"t":"idOrVar","v":"value"}," ម៉"],"zero":"ឥឡូវ"},"$x":[{"t":"idOrVar","v":"plural"},"value"]},{"$i":"days-until-short","$v":{"other":["ក្នុង​ពេល ",{"t":"idOrVar","v":"value"}," ថ្ងៃ"],"zero":"ថ្ងៃ​នេះ"},"$x":[{"t":"idOrVar","v":"plural"},"value"]},{"$i":"incorrectDate","$v":"(កាល​បរិច្ឆេទ​ខុស)"},{"$i":"dateTimeFormat_%c","$v":"%a %b %e %Y %I:%M:%S %p"},{"$i":"dateTimeFormat_%x","$v":"%d/%m/%Y"},{"$i":"dateTimeFormat_%X","$v":"%I:%M:%S %p"},{"$i":"shortTimeFormat","$v":"%I:%M %p"},{"$i":"shortTimeFormat12","$v":"%I:%M %p"},{"$i":"shortTimeFormat24","$v":"%H:%M"},{"$i":"shortDateTimeFormat","$v":"%x %I:%M %p"},{"$i":"weekStartsOnMonday","$v":"0.0"},{"$i":"firstDayOfTheWeek","$v":"0.0"},{"$i":"time_am","$v":"ព្រឹក"},{"$i":"time_pm","$v":"រសៀល"},{"$i":"label","$v":"ស្លាក"},{"$i":"mobile","$v":"ទូរសព្ទ​ចល័ត"},{"$i":"home","$v":"ផ្ទះ"},{"$i":"work","$v":"ការងារ"},{"$i":"personal","$v":"ផ្ទាល់​ខ្លួន"},{"$i":"faxHome","$v":"ទូរសារ​ផ្ទះ"},{"$i":"faxOffice","$v":"ទូរសារ​ការិយាល័យ"},{"$i":"faxOther","$v":"ទូរសារ​ផ្សេង​ទៀត"},{"$i":"another","$v":"មួយ​ទៀត"},{"$i":"other","$v":"ផ្សេង​ទៀត"},{"$i":"customTag","$v":"ស្លាក​តាម​បំណង","placeholder":"ស្លាក​តាម​បំណង"},{"$i":"current","$v":"បច្ចុប្បន្ន"},{"$i":"itemWithLabel","$v":[{"t":"idOrVar","v":"label"},", ",{"t":"idOrVar","v":"item"}]},{"$i":"airplaneMode","$v":"ទម្រង់​លើ​យន្តហោះ"},{"$i":"searching","$v":"កំពុង​ស្វែង​រក…"},{"$i":"noNetwork","$v":"គ្មាន​បណ្ដាញ​ទេ"},{"$i":"roaming","$v":[{"t":"idOrVar","v":"operator"}," (Roaming)"]},{"$i":"operator-info","$v":[{"t":"idOrVar","v":"carrier"}," ",{"t":"idOrVar","v":"region"}]},{"$i":"emergencyCallsOnly","$v":"តែ​ការហៅ​បន្ទាន់"},{"$i":"emergencyCallsOnly-unknownSIMState","$v":"(ស្ថានភាព​ស៊ីម​មិន​ស្គាល់)"},{"$i":"emergencyCallsOnly-noSIM","$v":"(គ្មាន​ស៊ីម)"},{"$i":"emergencyCallsOnly-pinRequired","$v":"(ត្រូវការ​លេខ PIN ស៊ីម)"},{"$i":"emergencyCallsOnly-pukRequired","$v":"(ត្រូវការ​លេខ PUK ស៊ីម)"},{"$i":"emergencyCallsOnly-networkLocked","$v":"(បាន​ចាក់​សោ​បណ្ដាញ)"},{"$i":"emergencyCallsOnly-serviceProviderLocked","$v":"(បាន​ចាក់​សោ​អ្នក​ផ្ដល់​សេវា)"},{"$i":"emergencyCallsOnly-corporateLocked","$v":"(បាន​ចាក់​សោ​ក្រុមហ៊ុន)"},{"$i":"emergencyCallsOnly-network1Locked","$v":"(បាន​ចាក់​សោ​បណ្ដាញ1)"},{"$i":"emergencyCallsOnly-network2Locked","$v":"(បាន​ចាក់​សោ​បណ្ដាញ2)"},{"$i":"emergencyCallsOnly-hrpdNetworkLocked","$v":"(បាន​ចាក់​សោ​បណ្ដាញ hrpd)"},{"$i":"emergencyCallsOnly-ruimCorporateLocked","$v":"(បាន​ចាក់​សោ​ក្រុមហ៊ុន ruim)"},{"$i":"emergencyCallsOnly-ruimServiceProviderLocked","$v":"(បាន​ចាក់​សោ​អ្នក​ផ្ដល់​សេវា ruim)"},{"$i":"lockscreen-sim-id","$v":["ស៊ីម ",{"t":"idOrVar","v":"n"}]},{"$i":"charging-no-time","$v":["សាក​បាន ",{"t":"idOrVar","v":"level"},"%"]},{"$i":"charging-minutes","$v":{"few":["សាក​បាន ",{"t":"idOrVar","v":"level"},"% (",{"t":"idOrVar","v":"minutes"}," នា. ទៀត​ទើប​សាក​ពេញ)"],"many":["សាក​បាន ",{"t":"idOrVar","v":"level"},"% (",{"t":"idOrVar","v":"minutes"}," នា. ទៀត​ទើប​សាក​ពេញ)"],"one":["សាក​បាន ",{"t":"idOrVar","v":"level"},"% (",{"t":"idOrVar","v":"minutes"}," នា. ទៀត​ទើប​សាក​ពេញ)"],"other":["សាក​បាន ",{"t":"idOrVar","v":"level"},"% (",{"t":"idOrVar","v":"minutes"}," នា. ទៀត​ទើប​សាក​ពេញ)"],"two":["សាក​បាន ",{"t":"idOrVar","v":"level"},"% (",{"t":"idOrVar","v":"minutes"}," នា. ទៀត​ទើប​សាក​ពេញ)"],"zero":["សាក​បាន ",{"t":"idOrVar","v":"level"},"% (",{"t":"idOrVar","v":"minutes"}," នា. ទៀត​ទើប​សាក​ពេញ)"]},"$x":[{"t":"idOrVar","v":"plural"},"minutes"]},{"$i":"charging-hours","$v":{"few":["សាក​បាន ",{"t":"idOrVar","v":"level"},"% (",{"t":"idOrVar","v":"hours"},"ម៉. ",{"t":"idOrVar","v":"minutes"}," នា. ទៀត​ទើប​សាក​ពេញ)"],"many":["សាក​បាន ",{"t":"idOrVar","v":"level"},"% (",{"t":"idOrVar","v":"hours"},"ម៉. ",{"t":"idOrVar","v":"minutes"}," នា. ទៀត​ទើប​សាក​ពេញ)"],"one":["សាក​បាន ",{"t":"idOrVar","v":"level"},"% (",{"t":"idOrVar","v":"hours"},"ម៉. ",{"t":"idOrVar","v":"minutes"}," នា. ទៀត​ទើប​សាក​ពេញ)"],"other":["សាក​បាន ",{"t":"idOrVar","v":"level"},"% (",{"t":"idOrVar","v":"hours"},"ម៉. ",{"t":"idOrVar","v":"minutes"}," នា. ទៀត​ទើប​សាក​ពេញ)"],"two":["សាក​បាន ",{"t":"idOrVar","v":"level"},"% (",{"t":"idOrVar","v":"hours"},"ម៉. ",{"t":"idOrVar","v":"minutes"}," នា. ទៀត​ទើប​សាក​ពេញ)"],"zero":["សាក​បាន ",{"t":"idOrVar","v":"level"},"% (",{"t":"idOrVar","v":"hours"},"ម៉. ",{"t":"idOrVar","v":"minutes"}," នា. ទៀត​ទើប​សាក​ពេញ)"]},"$x":[{"t":"idOrVar","v":"plural"},"minutes"]},{"$i":"phoneNumberInput","ariaLabel":"លេខ​ទូរសព្ទ"},{"$i":"keypadDelete","ariaLabel":"លុប"},{"$i":"voiceMailKey","ariaLabel":"អ៊ីមែល​សំឡេង"},{"$i":"asterisk","ariaLabel":"សញ្ញា​ផ្កាយ"},{"$i":"hashSign","ariaLabel":"មាន​សញ្ញា"},{"$i":"cancel","$v":"បោះ​បង់"},{"$i":"loadingSimContacts","$v":"កំពុង​ស្រង់​ទំនាក់ទំនង​លើ​ស៊ីម​កាត…"},{"$i":"noContactsWereFound","$v":"រក​មិន​ឃើញ​មាន​ទំនាក់ទំនង​ទេ"},{"$i":"noContactsFoundDialogOk","$v":"យល់ព្រម"},{"$i":"emergencyNumber","$v":"លេខ​ហៅ​បន្ទាន់"},{"$i":"callAirplaneModeMessage","$v":"ដើម្បី​ធ្វើ​ការហៅ អ្នក​ត្រូវ​បិទ​ទម្រង់​លើ​យន្តហោះ​ក្នុង​ការកំណត់។"},{"$i":"callAirplaneModeBtnOk","$v":"យល់ព្រម"},{"$i":"callAirplaneModeTitle","$v":"បាន​ដំណើរការ​ទម្រង់​លើ​យន្តហោះ"},{"$i":"numberIsBusyTitle","$v":"លេខ​ជាប់​រវល់"},{"$i":"numberIsBusyMessage","$v":"ឥឡូវ លេខ​កំពុង​ជាប់​រវល់។ សូម​ព្យាយាម​ម្ដង​ទៀត​ពេល​ក្រោយ។"},{"$i":"fdnIsActiveTitle","$v":"FDN ដែល​ដំណើរការ"},{"$i":"fdnIsActiveMessage","$v":["FDN (លេខ​ហៅ​ដែល​បាន​កំណត់) ត្រូវ​បាន​ដាក់​ដំណើរការ ហើយ​លេខ​ដូច​ត​ទៅ​មិន​ស្ថិត​នៅ​ក្នុង​បញ្ជី FDN អ្នក​ទេ៖ ",{"t":"idOrVar","v":"number"}]},{"$i":"emergencyDialogBodyBadNumber","$v":"ដើម្បី​ធ្វើ​ការហៅ ត្រូវ​ភ្ជាប់​ទូរសព្ទ​ទៅ​បណ្ដាញ។"},{"$i":"emergencyDialogBodyDeviceNotAccepted","$v":"បណ្ដាញ​មិន​អនុញ្ញាត​ការហៅ​បន្ទាន់។"},{"$i":"emergencyDialogBtnOk","$v":"យល់ព្រម"},{"$i":"emergencyDialogTitle","$v":"គ្មាន​ការភ្ជាប់​បណ្ដាញ​ទេ"},{"$i":"invalidNumberToDialTitle","$v":"លេខ​ទូរសព្ទ​មិន​ត្រឹមត្រូវ"},{"$i":"invalidNumberToDialMessage","$v":"លេខ​ទូរសព្ទ​ដែល​អ្នក​កំពុង​ហៅ​មិន​ត្រឹមត្រូវ​ទេ។"},{"$i":"unableToCallTitle","$v":"មិន​អាច​ធ្វើ​ការហៅ​បាន​ទេ។ "},{"$i":"unableToCallMessage","$v":"មិន​អាច​ធ្វើ​ការហៅ​ទូរសព្ទ​ឥឡូវ​ទេ"},{"$i":"otherConnectionInUseTitle","$v":"ការភ្ជាប់​ផ្សេង​ជាប់​ប្រើ"},{"$i":"otherConnectionInUseMessage","$v":"អ្នក​មាន​ការហៅ​ដំណើរការ​លើ​ការភ្ជាប់​មួយ​ទៀត។ អ្នក​អាច​ប្រើ​ការភ្ជាប់​ម្ដង​បាន​តែ​មួយ​ប៉ុណ្ណោះ។"},{"$i":"connectingEllipsis","$v":"កំពុង​ភ្ជាប់..."},{"$i":"clear","$v":"ជម្រះ"},{"$i":"dialer","$v":"ប្រដាប់​ចុច​ហៅ"},{"$i":"kai-incomming-call","$v":"ការ​ហៅ​ចូល"},{"$i":"kai-in-call","$v":"ការហៅ​ចូល"},{"$i":"kai-answer","$v":"ឆ្លើយ"},{"$i":"kai-end-answer","$v":"បញ្ចប់ រួច​ឆ្លើយ"},{"$i":"kai-decline","$v":"បដិសេធ"},{"$i":"enter-passcode","$v":"សូម​បញ្ចូល​កូដ​សម្ងាត់​ដើម្បី​ដោះ​សោ​អេក្រង់។"},{"$i":"passcode-error","$v":"កូដ​មិន​ត្រឹមត្រូវ។ សូម​ព្យាយាម​ម្ដង​ទៀត។"},{"$i":"voice-call","$v":"ហៅ​ជា​សំឡេង"},{"$i":"video-call","$v":"ហៅ​វីដេអូ"},{"$i":"message","$v":"សារ"},{"$i":"answer-rtt-call","$v":"ការឆ្លើយ RTT"},{"$i":"req-rtt-call","$v":"ANS RTT"},{"$i":"rtt-call","$v":"ការហៅ RTT"},{"$i":"rtt-view","$v":"ទិដ្ឋភាព RTT"},{"$i":"change-to-rtt-call","$v":"កំពុងតភ្ជាប់ការហៅ RTT..."},{"$i":"change-to-voice-call","$v":"ត្រូវបានផ្លាស់ប្ដូរ​ទៅ​ជាការខលជា​សំឡេង។"},{"$i":"upgrading-rtt","$v":"ការធ្វើអោយប្រសើរឡើងចំពោះការហៅ RTT..."},{"$i":"rtt-call-failed","$v":"ការខល RTT ត្រូវបានបរាជ័យ។"},{"$i":"voice-call-failed","$v":"ការខលជាសម្លេងត្រូវបានបរាជ័យ។"},{"$i":"rtt","$v":"RTT"},{"$i":"rtt-emegency-upgrade-rejected","$v":"RTT គឺមិនអាចប្រើប្រាស់បានសម្រាប់ការហៅ 911 នេះទេ។"},{"$i":"rtt-emegency-downgrade","$v":"RTT គឺមិនអាចប្រើប្រាស់បានសម្រាប់ការហៅ 911 នេះទេ។ ការហៅរបស់អ្នកត្រូវបានភ្ជាប់ជាការហៅជាសម្លេងប៉ុណ្ណោះ។ ប្រសិនបើលោកអ្នកជួបប្រទះភាពលំបាក សូមដាក់ការហៅជាសម្លេង ឬការហៅដោយគ្មានមនុស្សទៅកាន់ 911។"},{"$i":"voice-only-call","$v":"ការហៅ​របស់​អ្នក​ត្រូវ​បាន​ភ្ជាប់​ជា​ការហៅ​ជា​សំឡេង​ប៉ុណ្ណោះ។"},{"$i":"ans-rtt-failed","$v":"ធ្វើ​ការហៅ RTT មិន​បាន​សម្រេច។ ការហៅ​របស់​អ្នក​ត្រូវ​បាន​ភ្ជាប់​ជា​ការហៅ​តាម​សំឡេង​ប៉ុណ្ណោះ។"},{"$i":"back","$v":"ថយ​ក្រោយ"},{"$i":"new-message","$v":"សារ​ថ្មី​ពី"},{"$i":"kai-mute","$v":"ស្ងាត់"},{"$i":"kai-unmute","$v":"បើក​សំឡេង"},{"$i":"kai-speaker","$v":"អូបាល័រ"},{"$i":"kai-speaker-off","$v":"អូបាល័រ​បិទ"},{"$i":"kai-microphone-mute-notification","$v":"បាន​បិទ​សំឡេង​មេក្រូ"},{"$i":"kai-microphone-active-notification","$v":"មេក្រូ​ដំណើរការ"},{"$i":"kai-speaker-off-notification","$v":"បាន​បិទ​អូបាល័រ​ក្រៅ"},{"$i":"kai-speaker-on-notification","$v":"បាន​បើក​អូបាល័រ​ក្រៅ"},{"$i":"kai-hold-and-answer","$v":"ដាក់​ឱ្យ​ចាំ​រួច​ឆ្លើយ"},{"$i":"kai-ignore-call","$v":"មិន​អើពើ​ការហៅ​ចូល"},{"$i":"kai-add-to-call","$v":"បន្ថែម​ការហៅ"},{"$i":"kai-switch-to-second-line","$v":"ដោះ​ដូរ​ការហៅ"},{"$i":"kai-merge-calls","$v":"ដាក់​ការហៅ​បញ្ចូល​គ្នា"},{"$i":"ok","$v":"យល់ព្រម"},{"$i":"losing-wifi-msg","$v":"បាត់ wifi"},{"$i":"hd","$v":"HD"},{"$i":"manage-call","$v":"គ្រប់គ្រង​ការហៅ"},{"$i":"end","$v":"បញ្ចប់​ការហៅ​ទូរស័ព្ទ"},{"$i":"private","$v":"ឯក​ជន"},{"$i":"sound","$v":"សំឡេង"},{"$i":"bluetooth-device","$v":"ឧបករណ៍ Bluetooth"},{"$i":"handset-earpiece","$v":"ទូរស័ព្ទ"},{"$i":"speaker","$v":"អូបាល័រ"},{"$i":"call-ended","$v":"ការហៅ​បាន​បញ្ចប់"},{"$i":"payphone","$v":"ទូរស័ព្ទ​សាធារណៈ"},{"$i":"contact","$v":"ទំនាក់ទំនង"},{"$i":"dialer-prompt","$v":"ចុច​លេខ ឬ​ជ្រើស​ទំនាក់ទំនង​ដើម្បី​បន្ថែម​ចូល​ការហៅ"},{"$i":"call","$v":"ការហៅ"},{"$i":"hold","$v":"រង់ចាំ"},{"$i":"volume","$v":"កម្រិត​សំឡេង"},{"$i":"softkey-options","$v":"ជម្រើស"},{"$i":"unhold-call","$v":"ឈប់​ឱ្យ​រង់ចាំ​ការហៅ"},{"$i":"hold-call","$v":"ដាក់​ឱ្យ​រង់ចាំ​ការហៅ"},{"$i":"select","$v":"ជ្រើស"},{"$i":"unknown","$v":"មិន​ស្គាល់"},{"$i":"switch-calls","$v":"ប្ដូរ​ការហៅ"},{"$i":"voiceMail","$v":"អ៊ីមែល​សំឡេង"},{"$i":"incoming","$v":"Incoming"},{"$i":"outgoing","$v":"ការ​ហៅ​ចេញ"},{"$i":"callEnded","$v":"ការហៅ​បាន​បញ្ចប់"},{"$i":"callEndedDuration","$v":["បានបញ្ចប់ការហៅ (",{"t":"idOrVar","v":"duration"},")"]},{"$i":"conferenceAddError","$v":"មិន​អាច​ដាក់​ការហៅ​បញ្ចូល​គ្នា​ទេ"},{"$i":"conferenceRemoveError","$v":"មិន​អាច​បំបែក​ការហៅ​ទេ"},{"$i":"callDurationMinutes","$v":[{"t":"idOrVar","v":"m"},":",{"t":"idOrVar","v":"s"}]},{"$i":"callDurationHours","$v":[{"t":"idOrVar","v":"h"},":",{"t":"idOrVar","v":"m"},":",{"t":"idOrVar","v":"s"}]},{"$i":"callDurationTextFormatSeconds","$v":[{"t":"idOrVar","v":"s"}," វិ."]},{"$i":"callDurationTextFormatMinutes","$v":[{"t":"idOrVar","v":"m"}," នា. ",{"t":"idOrVar","v":"s"}," វិ."]},{"$i":"callDurationTextFormatHours","$v":[{"t":"idOrVar","v":"h"}," ម៉. ",{"t":"idOrVar","v":"m"}," នា. ",{"t":"idOrVar","v":"s"}," វិ."]},{"$i":"switch-to-device-toast","$v":"បាន​ប្ដូរ​ទៅ​ឧបករណ៍ bluetooth"},{"$i":"switch-to-handset-toast","$v":"បាន​ប្ដូរ​ទៅ​ឧបករណ៍​ស្ដាប់​ទូរសព្ទ"},{"$i":"switch-to-speaker-toast","$v":"បាន​ប្ដូរ​ទៅ​អូបាល័រ"},{"$i":"connecting","$v":"កំពុង​ភ្ជាប់"},{"$i":"wifi-call-quality-excellent","$v":"ល្អ​បំផុត"},{"$i":"wifi-call-quality-fair","$v":"បង្គួរ"},{"$i":"wifi-call-quality-bad","$v":"មិន​ល្អ"},{"$i":"call-left-conference-toast","$v":"បាន​ចាកចេញ​ពី​ការហៅ"},{"$i":"camera-off","$v":"ម៉ាស៊ីន​ថត​រូប​បិទ"},{"$i":"camera-on","$v":"ម៉ាស៊ីន​ថត​រូប​បើក"},{"$i":"rear-camera","$v":"ម៉ាស៊ីន​ថត​រូប​ខាង​ក្រោយ"},{"$i":"front-camera","$v":"ម៉ាស៊ីន​ថត​រូប​ខាង​មុខ"},{"$i":"hide-info","$v":"លាក់​ព័ត៌មាន"},{"$i":"show-info","$v":"បង្ហាញ​ព័ត៌មាន"},{"$i":"video-call-rejected","$v":"បាន​បដិសេធ​ការហៅ​ជា​វីដេអូ សូម​ប្ដូរ​ទៅ​ជា​ការហៅ​ជា​សំឡេង។"},{"$i":"video-call-not-support","$v":"មិន​ស្គាល់​ការហៅ​ជា​វីដេអូ។"},{"$i":"video-call-rejected-timeout","$v":"Video call rejected or timeout."},{"$i":"video-call-from","$v":["កំពុង​ទទួល​ការហៅ​ជា​វីដេអូ​ពី ",{"t":"idOrVar","v":"name"},"។"]},{"$i":"video-call-canceled","$v":"បាន​បោះបង់​ការហៅ​ជា​វីដេអូ។"},{"$i":"video-call-failed","$v":"មិន​អាច​ហៅ​ជា​វីដេអូ​បាន​ទេ។"},{"$i":"call-downgraded","$v":"ហៅទូរស័ព្ទបន្ទាប។"},{"$i":"wifi-calling","$v":"ការហៅ​តាម Wi-Fi"},{"$i":"wifi-calling-1","$v":"ការហៅ​របស់​អ្នក​អាច​នឹង​ដាក់​ចុះ។"},{"$i":"wifi-calling-2","$v":"អ្នក​ស្ទើរ​តែ​នៅ​ក្រៅ​ដែន​សេវា Wi-Fi។"},{"$i":"wifi-calling-dropped","$v":"ការហៅ​តាម Wi-Fi បាន​ដាក់​ចុះ។"},{"$i":"accept","$v":"ទទួល​យក"},{"$i":"conference-call-num","$v":["មនុស្ស ",{"t":"idOrVar","v":"num"}," នាក់​នៅ​ក្នុង​ការហៅ។"]},{"$i":"more","$v":"ច្រើន​ទៀត"},{"$i":"rec","$v":"REC"},{"$i":"start-recording-call","$v":"ចាប់​ផ្ដើម​ការថតការហៅ។"},{"$i":"stop-recording-call","$v":"បញ្ចប់ការថតការហៅ។"},{"$i":"insufficient-storage","$v":"ទំហំ​ផ្ទុក​មិន​គ្រប់គ្រាន់។ ការថត​បាន​ឈប់។"},{"$i":"reply","$v":"ឆ្លើយ​តប"},{"$i":"reply-message-1","$v":"សូមទោស ខ្ញុំមិនអាចនិយាយបានទេឥឡូវនេះ។"},{"$i":"reply-message-2","$v":"ខ្ញុំកំពុងធ្វើដំណើរចេញទៅហើយ។"},{"$i":"reply-message-3","$v":"តើខ្ញុំអាចហៅទូរសព្ទទៅអ្នកនៅពេលក្រោយបានទេ?"},{"$i":"reply-message-4","$v":"កែតាមបំណង..."},{"$i":"reply-to-name","$v":["បានឆ្លើយតបទៅ ",{"t":"idOrVar","v":"name"}]},{"$i":"mt-call-on-hold","$v":"ការហៅត្រូវបានដាក់អោយរង់ចាំ។"},{"$i":"mt-call_retrieved","$v":"ការហៅត្រូវបានការហៅត្រូវបានទទួល។"},{"$i":"mt-multi_party_call","$v":"អ្នក​ត្រូវ​បាន​បន្ថែម​ចូល​ការហៅ​ជា​ក្រុម។"},{"$i":"hangup-a11y-button","$v":""},{"$i":"pickup-a11y-button","$v":""},{"$i":"mute","$v":""},{"$i":"toggleKeypad","$v":""},{"$i":"newCall","$v":""},{"$i":"speakerOption","$v":""},{"$i":"bluetoothOption","$v":""},{"$i":"onHoldOption","$v":""},{"$i":"merge","$v":""},{"$i":"ignore","$v":""},{"$i":"dialerAddContact","$v":""},{"$i":"makeCall","$v":""},{"$i":"call-forwarding-async","$v":["អសមកាល៖ ",{"t":"idOrVar","v":"async"}]},{"$i":"call-forwarding-data","$v":["ទិន្នន័យ៖ ",{"t":"idOrVar","v":"data"}]},{"$i":"call-forwarding-error","$v":"មាន​បញ្ហា​ពេល​កំពុង​ទាញ​យក​ស្ថានភាព​បញ្ជូន​បន្ត​ការហៅ"},{"$i":"call-forwarding-fax","$v":["ទូរសារ៖ ",{"t":"idOrVar","v":"fax"}]},{"$i":"call-forwarding-inactive","$v":"មិន​ដំណើរការ"},{"$i":"call-forwarding-packet","$v":["កញ្ចប់៖ ",{"t":"idOrVar","v":"packet"}]},{"$i":"call-forwarding-pad","$v":["PAD៖ ",{"t":"idOrVar","v":"pad"}]},{"$i":"call-forwarding-sms","$v":["SMS៖ ",{"t":"idOrVar","v":"sms"}]},{"$i":"call-forwarding-status","$v":"ស្ថានភាព​បង្វែរ​ការហៅ"},{"$i":"call-forwarding-sync","$v":["សមកាលកម្ម៖ ",{"t":"idOrVar","v":"sync"}]},{"$i":"call-forwarding-voice","$v":["សំឡេង៖ ",{"t":"idOrVar","v":"voice"}]},{"$i":"scCallBarring","$v":"រារាំង​ការហៅ"},{"$i":"scCallForwarding","$v":"បង្វែរ​ការ​ហៅ"},{"$i":"scClip","$v":"អត្ត.អ្នក​ហៅ​ចូល"},{"$i":"scClir","$v":"អត្ត.អ្នក​ហៅ​ចេញ"},{"$i":"scPwd","$v":"ពាក្យ​សម្ងាត់​ប្ដូរ"},{"$i":"scCallWaiting","$v":"ការរង់ចាំ​ការហៅ"},{"$i":"scPin","$v":"ការផ្លាស់​ប្ដូរ​លេខ PIN"},{"$i":"scPin2","$v":"ការផ្លាស់​ប្ដូរ​លេខ PIN2"},{"$i":"scPuk","$v":"ឈប់​បង្ខាំង​លេខ PIN"},{"$i":"scPuk2","$v":"ឈប់​បង្ខាំង​លេខ PIN2"},{"$i":"scImei","$v":"IMEI"},{"$i":"scMeid","$v":"MEID"},{"$i":"scUssd","$v":"USSD"},{"$i":"serviceClassVoice","$v":"សំឡេង"},{"$i":"serviceClassData","$v":"ទិន្នន័យ"},{"$i":"serviceClassFax","$v":"ទូរ​សារ"},{"$i":"serviceClassSms","$v":"SMS"},{"$i":"serviceClassDataSync","$v":"សមកាលកម្ម"},{"$i":"serviceClassDataAsync","$v":"អសមកាល"},{"$i":"serviceClassPacket","$v":"កញ្ចប់"},{"$i":"serviceClassPad","$v":"PAD"},{"$i":"smServiceEnabled","$v":"បាន​បើក​សេវា"},{"$i":"smServiceDisabled","$v":"បាន​បិទ​សេវា"},{"$i":"smServiceRegistered","$v":"ការចុះ​ឈ្មោះ​សម្រេច​ហើយ"},{"$i":"smServiceErased","$v":"បាន​លុប​ជោគជ័យ"},{"$i":"smServiceInterrogated","$v":"សំណើ​បាន​សម្រេច"},{"$i":"smServiceNotProvisioned","$v":"មិន​មាន​ផ្ដល់​សេវា​ទេ"},{"$i":"smClirPermanent","$v":"អ្នក​មិន​អាច​ប្ដូរ​ការកំណត់​អត្ត.អ្នក​ហៅ​ទេ"},{"$i":"smClirDefaultOnNextCallOn","$v":"អត្ត.អ្នក​ហៅ​មាន​លំនាំ​ដើម​ដាក់​កម្រិត។ ការហៅ​បន្ទាប់៖ មាន​ការកម្រិត"},{"$i":"smClirDefaultOnNextCallOff","$v":"អត្ត.អ្នក​ហៅ​មាន​លំនាំ​ដើម​ដាក់​កម្រិត។ ការហៅ​បន្ទាប់៖ គ្មាន​ការកម្រិត"},{"$i":"smClirDefaultOffNextCallOn","$v":"អត្ត.អ្នក​ហៅ​មាន​លំនាំ​ដើម​មិន​ដាក់​កម្រិត។ ការហៅ​បន្ទាប់៖ មាន​ការកម្រិត"},{"$i":"smClirDefaultOffNextCallOff","$v":"អត្ត.អ្នក​ហៅ​មាន​លំនាំ​ដើម​មិន​ដាក់​កម្រិត។ ការហៅ​បន្ទាប់៖ គ្មាន​ការកម្រិត"},{"$i":"smServiceEnabledFor","$v":"បាន​បើក​សេវា​សម្រាប់៖"},{"$i":"smPinChanged","$v":"បាន​ប្ដូរ PIN ហើយ"},{"$i":"smPinUnblocked","$v":"បាន​ឈប់​បង្ខាំង PIN ហើយ"},{"$i":"smPin2Changed","$v":"បាន​ប្ដូរ PIN2 ហើយ"},{"$i":"smPin2Unblocked","$v":"បាន​ឈប់​បង្ខាំង PIN2 ហើយ"},{"$i":"ServiceIsEnabled","$v":"បាន​បើក​សេវា"},{"$i":"ServiceIsDisabled","$v":"បាន​បិទ​សេវា"},{"$i":"ServiceIsEnabledFor","$v":"បាន​បើក​សេវា​សម្រាប់៖"},{"$i":"emMmiError","$v":"បញ្ហា​ភ្ជាប់ ឬ​កូដ MMI មិន​ត្រឹមត្រូវ"},{"$i":"emMmiErrorPasswordIncorrect","$v":"ពាក្យ​សម្ងាត់​មិន​ត្រឹមត្រូវ"},{"$i":"emMmiErrorNotSupported","$v":"កូដ MMI មិន​ត្រឹមត្រូវ ឬ​មិន​ស្គាល់"},{"$i":"emMmiErrorInvalidAction","$v":"សកម្មភាព​គ្មាន​សុពលភាព"},{"$i":"emMmiErrorInvalidScCode","$v":"កូដ​សេវា​មិន​ត្រឹមត្រូវ"},{"$i":"emMmiErrorBadPuk","$v":"PUK ដែល​អ្នក​បាន​វាយ​បញ្ចូល​មិន​ត្រឹមត្រូវ។"},{"$i":"emMmiErrorBadPin","$v":"លេខ PIN ចាស់​ដែល​អ្នក​បាន​បញ្ចូល​មិន​ត្រឹមត្រូវ។"},{"$i":"emMmiErrorNeedPuk2","$v":"វាយ​បញ្ចូល PUK2 សម្រាប់​ដោះ​សោ​ស៊ីម​កាត"},{"$i":"emMmiErrorMismatchPin","$v":"លេខ PIN ដែល​អ្នក​បញ្ចូល​មិន​ត្រូវ​គ្នា"},{"$i":"emMmiErrorInvalidPin","$v":"បញ្ចូល​លេខ PIN ដែល​មាន​ចំនួន 4 ដល់ 8 ខ្ទង់"},{"$i":"emMmiErrorNeedsPuk","$v":"ស៊ីម​កាត​អ្នក​មាន​ចាក់​សោ PUK"},{"$i":"emMmiErrorEnablePin","$v":"មិន​សម្រេច។ បើក​ការចាក់​សោ​ស៊ីម/RUIM"},{"$i":"emMmiErrorMmiFdn","$v":"កំហិត​ប្រតិបត្តិការ​ចំពោះ​លេខ​ហៅ​ដែល​បាន​កំណត់​ប៉ុណ្ណោះ"},{"$i":"emMmiErrorStkCcUssdDial","$v":"បាន​កែ​សំណើ USSD ទៅ​ជា​សំណើ​ហៅ"},{"$i":"emMmiErrorStkCcUssdSs","$v":"បាន​កែ​សំណើ USSD ទៅ​ជា​សំណើ SS"},{"$i":"emMmiErrorStkCcUssdUssd","$v":"បាន​កែ​សំណើ USSD ទៅ​ជា​សំណើ USSD ថ្មី"},{"$i":"emMmiErrorStkCcSsDial","$v":"បាន​កែ​សំណើ SS ទៅ​ជា​សំណើ​ហៅ"},{"$i":"emMmiErrorStkCcSsUssd","$v":"បាន​កែ​សំណើ SS ទៅ​ជា​សំណើ USSD"},{"$i":"emMmiErrorStkCcSsSs","$v":"បាន​កែ​សំណើ SS ទៅ​ជា​សំណើ SS ថ្មី"},{"$i":"emMmiErrorPinPukAttempts","$v":{"few":["សាក​ឡើង​វិញ​បាន ",{"t":"idOrVar","v":"n"}," ដង​ទៀត"],"many":["សាក​ឡើង​វិញ​បាន ",{"t":"idOrVar","v":"n"}," ដង​ទៀត"],"one":["សាក​បាន ",{"t":"idOrVar","v":"n"}," ដង​ទៀត"],"other":["សាក​ឡើង​វិញ​បាន ",{"t":"idOrVar","v":"n"}," ដង​ទៀត"],"two":["សាក​ឡើង​វិញ​បាន ",{"t":"idOrVar","v":"n"}," ដង​ទៀត"]},"$x":[{"t":"idOrVar","v":"plural"},"n"]},{"$i":"emMmiErrorSimBlocked","$v":"លើស​ចំនួន​សាក​អតិបរមា។ ស៊ីម​ត្រូវ​បាន​បង្ខាំង។"},{"$i":"RadioNotAvailable","$v":"Radio not available"},{"$i":"GenericFailure","$v":"បញ្ហា​ទូទៅ"},{"$i":"PasswordIncorrect","$v":"ពាក្យ​សម្ងាត់​ខុស"},{"$i":"SimPin2","$v":"លេខ PIN2 របស់​ស៊ីម"},{"$i":"SimPuk2","$v":"PUK2 ស៊ីម"},{"$i":"RequestNotSupported","$v":"មិន​គាំទ្រ​សំណើ​ទេ"},{"$i":"OpNotAllowedDuringVoiceCall","$v":"មិន​អនុញ្ញាត​ប្រតិបត្តិការ​ពេល​ហៅ​ជា​សំឡេង"},{"$i":"SmsSendFailRetry","$v":"SMS send fail retry"},{"$i":"SimAbsent","$v":"បាត់​ស៊ីម"},{"$i":"SubscriptionNotAvailable","$v":"មិន​អាច​ជាវ​បាន​ទេ"},{"$i":"ModeNotSupported","$v":"មិន​គាំទ្រ​ទម្រង់​នេះ​ទេ"},{"$i":"FdnCheckFailure","$v":"ការពិនិត្យ Fdn មិន​បាន​សម្រេច"},{"$i":"IllegalSimOrMe","$v":"ស៊ីម ឬ ME ខុស​ច្បាប់"},{"$i":"DialModifiedToUssd","$v":"Dial modified to USSD"},{"$i":"DialModifiedToSs","$v":"Dial modified to SS"},{"$i":"DialModifiedToDial","$v":"Dial modified to dial"},{"$i":"UssdModifiedToDial","$v":"បាន​កែ USSD ទៅ​ជា​ការហៅ"},{"$i":"UssdModifiedToSs","$v":"បាន​កែ USSD ទៅ​ជា SS"},{"$i":"UssdModifiedToUssd","$v":"បាន​កែ USSD ទៅ​ជា USSD"},{"$i":"SsModifiedToDial","$v":"បាន​កែ SS ទៅ​ជា​ការហៅ"},{"$i":"SsModifiedToUssd","$v":"បាន​កែ SS ទៅ USSD"},{"$i":"SsModifiedToSs","$v":"បាន​កែ SS ទៅ SS"},{"$i":"SubscriptionNotSupported","$v":"មិន​គាំទ្រ​ការជាវ​ទេ"},{"$i":"InvalidParameter","$v":"ប៉ារ៉ាម៉ែត្រ​មិន​ត្រឹមត្រូវ"},{"$i":"RejectedByRemote","$v":"បាន​បដិសេធ​ពី​ចម្ងាយ"},{"$i":"error","$v":"មាន​បញ្ហា"}]