[{"$i":"weekday-0-long","$v":"ວັນອາທິດ"},{"$i":"weekday-1-long","$v":"ວັນ​ຈັນ"},{"$i":"weekday-2-long","$v":"ວັນຄານ"},{"$i":"weekday-3-long","$v":"ວັນ​ພຸດ"},{"$i":"weekday-4-long","$v":"ວັນພະຫັດ"},{"$i":"weekday-5-long","$v":"ວັນ​ສຸກ"},{"$i":"weekday-6-long","$v":"ວັນ​ເສົາ"},{"$i":"weekday-0-short","$v":"ອາທິດ"},{"$i":"weekday-1-short","$v":"ຈັນ"},{"$i":"weekday-2-short","$v":"ຄານ"},{"$i":"weekday-3-short","$v":"ພຸດ"},{"$i":"weekday-4-short","$v":"ພະຫັດ"},{"$i":"weekday-5-short","$v":"ສຸກ"},{"$i":"weekday-6-short","$v":"ເສົາ"},{"$i":"month-0-long","$v":"ມັງ​ກອນ"},{"$i":"month-1-long","$v":"ມ​ພາ"},{"$i":"month-2-long","$v":"ມີ​ນາ"},{"$i":"month-3-long","$v":"ເມ​ສາ"},{"$i":"month-4-long","$v":"ພຶດ​ສະ​ພາ"},{"$i":"month-5-long","$v":"ມິ​ຖຸ​ນາ"},{"$i":"month-6-long","$v":"ກໍ​ລະ​ກົດ"},{"$i":"month-7-long","$v":"ສິງຫາ"},{"$i":"month-8-long","$v":"ກັນ​ຍາ"},{"$i":"month-9-long","$v":"ຕຸ​ລາ"},{"$i":"month-10-long","$v":"ພະ​ຈິກ"},{"$i":"month-11-long","$v":"ທັນ​ວາ"},{"$i":"month-0-genitive","$v":"ມັງ​ກອນ"},{"$i":"month-1-genitive","$v":"ມ​ພາ"},{"$i":"month-2-genitive","$v":"ມີ​ນາ"},{"$i":"month-3-genitive","$v":"ເມ​ສາ"},{"$i":"month-4-genitive","$v":"ພຶດ​ສະ​ພາ"},{"$i":"month-5-genitive","$v":"ມິ​ຖຸ​ນາ"},{"$i":"month-6-genitive","$v":"ກໍ​ລະ​ກົດ"},{"$i":"month-7-genitive","$v":"ສິງຫາ"},{"$i":"month-8-genitive","$v":"ກັນ​ຍາ"},{"$i":"month-9-genitive","$v":"ຕຸ​ລາ"},{"$i":"month-10-genitive","$v":"ພະ​ຈິກ"},{"$i":"month-11-genitive","$v":"ທັນ​ວາ"},{"$i":"month-0-short","$v":"ມັງ​ກອນ"},{"$i":"month-1-short","$v":"ກຸມພາ"},{"$i":"month-2-short","$v":"ມີ​ນາ"},{"$i":"month-3-short","$v":"ເມ​ສາ"},{"$i":"month-4-short","$v":"ພຶດ​ສະ​ພາ"},{"$i":"month-5-short","$v":"ມິ​ຖຸ​ນາ"},{"$i":"month-6-short","$v":"ກໍ​​ລະ​​ກົດ"},{"$i":"month-7-short","$v":"ສິງຫາ"},{"$i":"month-8-short","$v":"ກັນຍາ"},{"$i":"month-9-short","$v":"ຕຸ​ລາ"},{"$i":"month-10-short","$v":"ພະ​ຈິກ"},{"$i":"month-11-short","$v":"ທັນ​ວາ"},{"$i":"minutes-ago-long","$v":{"few":[{"t":"idOrVar","v":"value"}," ນາທີກ່ອນ"],"many":[{"t":"idOrVar","v":"value"}," ນາທີກ່ອນ"],"one":"ໜຶ່ງນາທີຜ່ານມາ","other":[{"t":"idOrVar","v":"value"}," ນາທີກ່ອນ"],"two":[{"t":"idOrVar","v":"value"}," ນາທີກ່ອນ"],"zero":"ຕອນນີ້"},"$x":[{"t":"idOrVar","v":"plural"},"value"]},{"$i":"hours-ago-long","$v":{"few":[{"t":"idOrVar","v":"value"}," ຊົ່ວໂມງກ່ອນ"],"many":[{"t":"idOrVar","v":"value"}," ຊົ່ວໂມງກ່ອນ"],"one":"ໜຶ່ງຊົ່ວໂມງຜ່ານມາ","other":[{"t":"idOrVar","v":"value"}," ຊົ່ວໂມງກ່ອນ"],"two":[{"t":"idOrVar","v":"value"}," ຊົ່ວໂມງກ່ອນ"],"zero":"ຕອນນີ້"},"$x":[{"t":"idOrVar","v":"plural"},"value"]},{"$i":"days-ago-long","$v":{"few":[{"t":"idOrVar","v":"value"}," ມື້ກ່ອນ"],"many":[{"t":"idOrVar","v":"value"}," ມື້ກ່ອນ"],"one":"ມື້ວານ","other":[{"t":"idOrVar","v":"value"}," ມື້ກ່ອນ"],"two":[{"t":"idOrVar","v":"value"}," ມື້ກ່ອນ"],"zero":"ມື້ນີ້"},"$x":[{"t":"idOrVar","v":"plural"},"value"]},{"$i":"weeks-ago-long","$v":{"few":[{"t":"idOrVar","v":"value"}," ເດືອນກ່ອນໜ້າ"],"many":[{"t":"idOrVar","v":"value"}," ເດືອນກ່ອນໜ້າ"],"one":"ອາທິດຜ່ານມາ","other":[{"t":"idOrVar","v":"value"}," ເດືອນກ່ອນໜ້າ"],"two":[{"t":"idOrVar","v":"value"}," ເດືອນກ່ອນໜ້າ"],"zero":"ທິດນີ້"},"$x":[{"t":"idOrVar","v":"plural"},"value"]},{"$i":"months-ago-long","$v":{"few":[{"t":"idOrVar","v":"value"}," ເດືອນກ່ອນ"],"many":[{"t":"idOrVar","v":"value"}," ເດືອນກ່ອນ"],"one":"ເດືອນກ່ອນນີ້","other":[{"t":"idOrVar","v":"value"}," ເດືອນກ່ອນ"],"two":[{"t":"idOrVar","v":"value"}," ເດືອນກ່ອນ"],"zero":"ເດືອນນີ້"},"$x":[{"t":"idOrVar","v":"plural"},"value"]},{"$i":"years-ago-long","$v":{"few":[{"t":"idOrVar","v":"value"}," ປີຕໍ່ໄປ"],"many":[{"t":"idOrVar","v":"value"}," ປີຕໍ່ໄປ"],"one":"ປີກາຍນີ້","other":[{"t":"idOrVar","v":"value"}," ປີຕໍ່ໄປ"],"two":[{"t":"idOrVar","v":"value"}," ປີຕໍ່ໄປ"],"zero":"ປີນີ້"},"$x":[{"t":"idOrVar","v":"plural"},"value"]},{"$i":"minutes-until-long","$v":{"few":["ໃນ ",{"t":"idOrVar","v":"value"}," ຫຼາຍນາທີ"],"many":["ໃນ ",{"t":"idOrVar","v":"value"}," ຫຼາຍນາທີ"],"one":"ໃນໜຶ່ງນາທີ","other":["ໃນ ",{"t":"idOrVar","v":"value"}," ຫຼາຍນາທີ"],"two":["ໃນ ",{"t":"idOrVar","v":"value"}," ຫຼາຍນາທີ"],"zero":"ຕອນນີ້"},"$x":[{"t":"idOrVar","v":"plural"},"value"]},{"$i":"hours-until-long","$v":{"few":["ໃນ ",{"t":"idOrVar","v":"value"}," ຫຼາຍຊົ່ວໂມງ"],"many":["ໃນ ",{"t":"idOrVar","v":"value"}," ຫຼາຍຊົ່ວໂມງ"],"one":"ໃນໜຶ່ງຊົ່ວໂມງ","other":["ໃນ ",{"t":"idOrVar","v":"value"}," ຫຼາຍຊົ່ວໂມງ"],"two":["ໃນ ",{"t":"idOrVar","v":"value"}," ຫຼາຍຊົ່ວໂມງ"],"zero":"ຕອນນີ້"},"$x":[{"t":"idOrVar","v":"plural"},"value"]},{"$i":"days-until-long","$v":{"few":["ໃນ ",{"t":"idOrVar","v":"value"}," ຫຼາຍວັນ"],"many":["ໃນ ",{"t":"idOrVar","v":"value"}," ຫຼາຍວັນ"],"one":"ມື້ອື່ນ","other":["ໃນ ",{"t":"idOrVar","v":"value"}," ຫຼາຍວັນ"],"two":["ໃນ ",{"t":"idOrVar","v":"value"}," ຫຼາຍວັນ"],"zero":"ມື້ນີ້"},"$x":[{"t":"idOrVar","v":"plural"},"value"]},{"$i":"weeks-until-long","$v":{"few":["ໃນ ",{"t":"idOrVar","v":"value"}," ຫຼາຍອາທິດ"],"many":["ໃນ ",{"t":"idOrVar","v":"value"}," ຫຼາຍອາທິດ"],"one":"ອາທິດໜ້າ","other":["ໃນ ",{"t":"idOrVar","v":"value"}," ຫຼາຍອາທິດ"],"two":["ໃນ ",{"t":"idOrVar","v":"value"}," ຫຼາຍອາທິດ"],"zero":"ທິດນີ້"},"$x":[{"t":"idOrVar","v":"plural"},"value"]},{"$i":"months-until-long","$v":{"few":["ໃນ ",{"t":"idOrVar","v":"value"}," ຫຼາຍເດືອນ"],"many":["ໃນ ",{"t":"idOrVar","v":"value"}," ຫຼາຍເດືອນ"],"one":"ເດືອນໜ້າ","other":["ໃນ ",{"t":"idOrVar","v":"value"}," ຫຼາຍເດືອນ"],"two":["ໃນ ",{"t":"idOrVar","v":"value"}," ຫຼາຍເດືອນ"],"zero":"ເດືອນນີ້"},"$x":[{"t":"idOrVar","v":"plural"},"value"]},{"$i":"years-until-long","$v":{"few":["ໃນ ",{"t":"idOrVar","v":"value"}," ຫຼາຍປີ"],"many":["ໃນ ",{"t":"idOrVar","v":"value"}," ຫຼາຍປີ"],"one":"ປີໜ້າ","other":["ໃນ ",{"t":"idOrVar","v":"value"}," ຫຼາຍປີ"],"two":["ໃນ ",{"t":"idOrVar","v":"value"}," ຫຼາຍປີ"],"zero":"ປີນີ້"},"$x":[{"t":"idOrVar","v":"plural"},"value"]},{"$i":"minutes-ago-short","$v":{"other":[{"t":"idOrVar","v":"value"},"ນ ກ່ອນ"],"zero":"ຕອນນີ້"},"$x":[{"t":"idOrVar","v":"plural"},"value"]},{"$i":"hours-ago-short","$v":{"other":[{"t":"idOrVar","v":"value"},"ມ ກ່ອນ"],"zero":"ຕອນນີ້"},"$x":[{"t":"idOrVar","v":"plural"},"value"]},{"$i":"days-ago-short","$v":{"other":[{"t":"idOrVar","v":"value"},"ມື້ກ່ອນ"],"zero":"ມື້ນີ້"},"$x":[{"t":"idOrVar","v":"plural"},"value"]},{"$i":"minutes-until-short","$v":{"other":["ໃນ ",{"t":"idOrVar","v":"value"},"ດ"],"zero":"ຕອນນີ້"},"$x":[{"t":"idOrVar","v":"plural"},"value"]},{"$i":"hours-until-short","$v":{"other":["ໃນ ",{"t":"idOrVar","v":"value"},"ຊ.ມ"],"zero":"ຕອນນີ້"},"$x":[{"t":"idOrVar","v":"plural"},"value"]},{"$i":"days-until-short","$v":{"other":["ໃນ ",{"t":"idOrVar","v":"value"},"ວ"],"zero":"ມື້ນີ້"},"$x":[{"t":"idOrVar","v":"plural"},"value"]},{"$i":"incorrectDate","$v":"(ວັນທີບໍ່ຖືກຕ້ອງ)"},{"$i":"dateTimeFormat_%c","$v":"%a %b %e %Y %I:%M:%S %p"},{"$i":"dateTimeFormat_%x","$v":"%m/%d/%Y"},{"$i":"dateTimeFormat_%X","$v":"%I:%M:%S %p"},{"$i":"shortTimeFormat","$v":"%I:%M %p"},{"$i":"shortTimeFormat12","$v":"%I:%M %p"},{"$i":"shortTimeFormat24","$v":"%H:%M"},{"$i":"shortDateTimeFormat","$v":"%x %I:%M %p"},{"$i":"weekStartsOnMonday","$v":"0.0"},{"$i":"firstDayOfTheWeek","$v":"0.0"},{"$i":"time_am","$v":"AM"},{"$i":"time_pm","$v":"ຕອນເຊົ້າ"},{"$i":"label","$v":"ສະຫຼາກ"},{"$i":"mobile","$v":"ໂທລະສັບມືຖື"},{"$i":"home","$v":"ໜ້າຫລັກ"},{"$i":"work","$v":"ວຽກງານ"},{"$i":"personal","$v":"ຄວາມເປັນສ່ວນຕົວ"},{"$i":"faxHome","$v":"ໂທລະສານບ້ານ"},{"$i":"faxOffice","$v":"ໂທລະຫານຫ້ອງການ"},{"$i":"faxOther","$v":"ໂທລະສານອື່ນໆ"},{"$i":"another","$v":"ອື່ນໆ"},{"$i":"other","$v":"ອື່ນໆ"},{"$i":"customTag","$v":"ປ້າຍກາໝາຍ ການກຳນົດເອງ","placeholder":"ປ້າຍກາໝາຍ ການກຳນົດເອງ"},{"$i":"current","$v":"ປະຈຸບັນ"},{"$i":"itemWithLabel","$v":[{"t":"idOrVar","v":"label"},", ",{"t":"idOrVar","v":"item"}]},{"$i":"airplaneMode","$v":"ໂໝດເຄື່ອງບິນ"},{"$i":"searching","$v":"ກຳລັງຄົ້ນຫາ…"},{"$i":"noNetwork","$v":"ບໍ່ມີເຄືອຂ່າຍເນັດເວີກ"},{"$i":"roaming","$v":[{"t":"idOrVar","v":"operator"}," (Roaming)"]},{"$i":"operator-info","$v":[{"t":"idOrVar","v":"carrier"}," ",{"t":"idOrVar","v":"region"}]},{"$i":"emergencyCallsOnly","$v":"ໂທສຸກເສີນເທົ່ານັ້ນ"},{"$i":"emergencyCallsOnly-unknownSIMState","$v":"(ສະຖານະ SIM ທີ່ບໍ່ຮູ້ຈັກ)"},{"$i":"emergencyCallsOnly-noSIM","$v":"(ບໍ່ມີ SIM)"},{"$i":"emergencyCallsOnly-pinRequired","$v":"(ຕ້ອງໃຊ້ລະຫັດ PIN ຂອງ SIM)"},{"$i":"emergencyCallsOnly-pukRequired","$v":"(ຕ້ອງໃຊ້ລະຫັດ PUK ຂອງ SIM)"},{"$i":"emergencyCallsOnly-networkLocked","$v":"(ເຄືອຂ່າຍຖືກລັອກ)"},{"$i":"emergencyCallsOnly-serviceProviderLocked","$v":"(ຜູ່ໃຫ້ການບໍລິການຖືກລັອກ)"},{"$i":"emergencyCallsOnly-corporateLocked","$v":"(ບໍລິສັດຖືກລັອກ)"},{"$i":"emergencyCallsOnly-network1Locked","$v":"(ເຄືອຂ່າຍ1 ຖືກລັອກ)"},{"$i":"emergencyCallsOnly-network2Locked","$v":"(ເຄືອຂ່າຍ2 ຖືກລັອກ)"},{"$i":"emergencyCallsOnly-hrpdNetworkLocked","$v":"(ເຄືອຂ່າຍ hrpd ຖືກລັອກ)"},{"$i":"emergencyCallsOnly-ruimCorporateLocked","$v":"(ບໍລິສັດ ruim ຖືກລັອກ)"},{"$i":"emergencyCallsOnly-ruimServiceProviderLocked","$v":"(ຜູ່ໃຫ້ບໍລິການ ruim ຖືກລັອກ)"},{"$i":"lockscreen-sim-id","$v":["SIM ",{"t":"idOrVar","v":"n"}]},{"$i":"charging-no-time","$v":["ສາກແລ້ວ ",{"t":"idOrVar","v":"level"},"%"]},{"$i":"charging-minutes","$v":{"few":["ສາກແລ້ວ ",{"t":"idOrVar","v":"level"},"% (ສາກເຕັມພາຍໃນ ",{"t":"idOrVar","v":"minutes"}," ນາທີ)"],"many":["ສາກແລ້ວ ",{"t":"idOrVar","v":"level"},"% (ສາກເຕັມພາຍໃນ ",{"t":"idOrVar","v":"minutes"}," ນາທີ)"],"one":["ສາກແລ້ວ ",{"t":"idOrVar","v":"level"},"% (ສາກເຕັມພາຍໃນ ",{"t":"idOrVar","v":"minutes"}," ນາທີ)"],"other":["ສາກແລ້ວ ",{"t":"idOrVar","v":"level"},"% (ສາກເຕັມພາຍໃນ ",{"t":"idOrVar","v":"minutes"}," ນາທີ)"],"two":["ສາກແລ້ວ ",{"t":"idOrVar","v":"level"},"% (ສາກເຕັມພາຍໃນ ",{"t":"idOrVar","v":"minutes"}," ນາທີ)"],"zero":["ສາກແລ້ວ ",{"t":"idOrVar","v":"level"},"% (ສາກເຕັມພາຍໃນ ",{"t":"idOrVar","v":"minutes"}," ນາທີ)"]},"$x":[{"t":"idOrVar","v":"plural"},"minutes"]},{"$i":"charging-hours","$v":{"few":["ສາກແລ້ວ ",{"t":"idOrVar","v":"level"},"% (ສາກເຕັມພາຍໃນ ",{"t":"idOrVar","v":"hours"},"ມ ",{"t":"idOrVar","v":"minutes"}," ນາທີ)"],"many":["ສາກແລ້ວ ",{"t":"idOrVar","v":"level"},"% (ສາກເຕັມພາຍໃນ ",{"t":"idOrVar","v":"hours"},"ມ ",{"t":"idOrVar","v":"minutes"}," ນາທີ)"],"one":["ສາກແລ້ວ ",{"t":"idOrVar","v":"level"},"% (ສາກເຕັມພາຍໃນ ",{"t":"idOrVar","v":"hours"},"ມ ",{"t":"idOrVar","v":"minutes"}," ນາທີ)"],"other":["ສາກແລ້ວ ",{"t":"idOrVar","v":"level"},"% (ສາກເຕັມພາຍໃນ ",{"t":"idOrVar","v":"hours"},"ມ ",{"t":"idOrVar","v":"minutes"}," ນາທີ)"],"two":["ສາກແລ້ວ ",{"t":"idOrVar","v":"level"},"% (ສາກເຕັມພາຍໃນ ",{"t":"idOrVar","v":"hours"},"ມ ",{"t":"idOrVar","v":"minutes"}," ນາທີ)"],"zero":["ສາກແລ້ວ ",{"t":"idOrVar","v":"level"},"% (ສາກເຕັມພາຍໃນ ",{"t":"idOrVar","v":"hours"},"ມ ",{"t":"idOrVar","v":"minutes"}," ນາທີ)"]},"$x":[{"t":"idOrVar","v":"plural"},"minutes"]},{"$i":"phoneNumberInput","ariaLabel":"ເລກໝາຍໂທລະສັບ"},{"$i":"keypadDelete","ariaLabel":"ລຶບ"},{"$i":"voiceMailKey","ariaLabel":"ຂໍ້ຄວາມສຽງ"},{"$i":"asterisk","ariaLabel":"ດອກຈັນ"},{"$i":"hashSign","ariaLabel":"ເຄື່ອງໝາຍສີ່ຫຼ່ຽມ"},{"$i":"cancel","$v":"ຍົກເລີກ"},{"$i":"loadingSimContacts","$v":"ກຳລັງໂຫຼດລາຍຊື່ໃນເບີຊິມ..."},{"$i":"noContactsWereFound","$v":"ບໍ່ພົບທີ່ຢູ່ຕິດຕໍ່"},{"$i":"noContactsFoundDialogOk","$v":"ຕົກລົງ"},{"$i":"emergencyNumber","$v":"ເບີໂທສຸກເສີນ"},{"$i":"callAirplaneModeMessage","$v":"ເພື່ອຈະໂທ ທ່ານຕ້ອງປິດໂໝດເຄື່ອງບິນໃນການຕັ້ງຄ່າ."},{"$i":"callAirplaneModeBtnOk","$v":"ຕົກລົງ"},{"$i":"callAirplaneModeTitle","$v":"ໂໝດເຄື່ອງບິນເປີດໃຊ້ງານແລ້ວ"},{"$i":"numberIsBusyTitle","$v":"ເລກໝາຍຍັງບໍ່ວ່າງ"},{"$i":"numberIsBusyMessage","$v":"ເລກໝາຍທີ່ກຳລັງໂທໃນຂະນະນີ້ຍັງບໍ່ວ່າງ. ກະລຸນາໂທໃໝ່ພາຍຫຼັງ."},{"$i":"fdnIsActiveTitle","$v":"FDN ຖືກນຳໃຊ້ຢູ່"},{"$i":"fdnIsActiveMessage","$v":["FDN (ເບີກຳນົດແທນເບີໂທ) ໄດ້ຖືກເປີດນຳໃຊ້ ແລະເບີດັ່ງຕໍ່ໄປນີ້ ແມ່ນບໍ່ຢູ່ໃນ ລາຍການ FDN ຂອງທ່ານ: ",{"t":"idOrVar","v":"number"}]},{"$i":"emergencyDialogBodyBadNumber","$v":"ເມື່ອຕ້ອງການໂທ, ໂທລະສັບຕ້ອງເຊື່ອມຕໍ່ກັບເຄືອຂ່າຍ."},{"$i":"emergencyDialogBodyDeviceNotAccepted","$v":"ການໂທສຸກເສີນບໍ່ໄດ້ຮັບອະນຸຍາດຈາກເຄືອຂ່າຍ"},{"$i":"emergencyDialogBtnOk","$v":"ຕົກລົງ"},{"$i":"emergencyDialogTitle","$v":"ເຄືອຂ່າຍບໍ່ເຊື່ອມຕໍ່"},{"$i":"invalidNumberToDialTitle","$v":"ເລກໝາຍໂທລະສັບບໍ່ຖືກຕ້ອງ"},{"$i":"invalidNumberToDialMessage","$v":"ເລກໝາຍໂທລະສັບທີ່ທ່ານກຳລັງໂທບໍ່ຖືກຕ້ອງ."},{"$i":"unableToCallTitle","$v":"ບໍ່ສາມາດໂທອອກໄດ້. "},{"$i":"unableToCallMessage","$v":"ຂະນະນີ້ບໍ່ສາມາດໂທອອກໄດ້"},{"$i":"otherConnectionInUseTitle","$v":"ການເຊື່ອມຕໍ່ອື່ນກຳລັງໃຊ້ງານ"},{"$i":"otherConnectionInUseMessage","$v":"ທ່ານກຳລັງໂທໃນການເຊື່ອມຕໍ່ອື່ນ. ທ່ານສາມາດໃຊ້ການເຊື່ອມຕໍ່ດຽວຕໍ່ຄັ້ງເທົ່ານັ້ນ"},{"$i":"connectingEllipsis","$v":"ກໍາລັງເຊື່ອມຕໍ່..."},{"$i":"clear","$v":"ລຶບລ້າງ"},{"$i":"dialer","$v":"ຜູ່ໂທ"},{"$i":"kai-incomming-call","$v":"ສາຍໂທເຂົ້າ"},{"$i":"kai-in-call","$v":"ໃນການໂທ"},{"$i":"kai-answer","$v":"ຂານຕອບ"},{"$i":"kai-end-answer","$v":"ສິ້ນສຸດ ແລະຮັບສາຍ"},{"$i":"kai-decline","$v":"ປະຕິເສດ"},{"$i":"enter-passcode","$v":"ກະລຸນາປ້ອນລະຫັດຜ່ານ ເພື່ອປົດລັອກໜ້າຈໍ."},{"$i":"passcode-error","$v":"ລະຫັດບໍ່ຖືກຕ້ອງ. ກະລຸນາລອງໃໝ່ອີກຄັ້ງ."},{"$i":"voice-call","$v":"ໂທສຽງ"},{"$i":"video-call","$v":"ໂທວິດີໂອ"},{"$i":"message","$v":"ຂໍ້ຄວາມ"},{"$i":"answer-rtt-call","$v":"ຮັບສາຍໂທ RTT"},{"$i":"req-rtt-call","$v":"ANS RTT"},{"$i":"rtt-call","$v":"ການໂທ RTT"},{"$i":"rtt-view","$v":"ເບິ່ງ RTT"},{"$i":"change-to-rtt-call","$v":"ກຳລັງເຊື່ອມຕໍ່ການໂທ RTT..."},{"$i":"change-to-voice-call","$v":"ປ່ຽນເປັນການໂທສຽງແລ້ວ."},{"$i":"upgrading-rtt","$v":"ກຳລັງອັບເກຣດເປັນການໂທ RTT..."},{"$i":"rtt-call-failed","$v":"ການໂທ RTT ບໍ່ສຳເລັດ."},{"$i":"voice-call-failed","$v":"ການໂທສຽງບໍ່ສຳເລັດ."},{"$i":"rtt","$v":"RTT"},{"$i":"rtt-emegency-upgrade-rejected","$v":"RTT ບໍ່ສາມາດໃຊ້ໄດ້ສໍາລັບການໂທ 911 ນີ້."},{"$i":"rtt-emegency-downgrade","$v":"RTT ບໍ່ສາມາດໃຊ້ໄດ້ສໍາລັບການໂທ 911 ນີ້. ການໂທຂອງທ່ານໄດ້ຖືກເຊື່ອມຕໍ່ເປັນການໂທສຽງເທົ່ານັ້ນ. ຖ້າທ່ານປະສົບບັນຫາ, ກະລຸນາໂທອອກດ້ວຍສຽງ ຫລື ສົ່ງຕໍ່ສາຍໂທຫາ 911."},{"$i":"voice-only-call","$v":"ການໂທຂອງທ່ານຖືກເຊື່ອມຕໍ່ເປັນການໂທດ້ວຍສຽງເທົ່ານັ້ນ."},{"$i":"ans-rtt-failed","$v":"ລົ້ມເຫຼວການສ້າງການໂທ RTT. ການໂທຂອງທ່ານຖືກເຊື່ອມຕໍ່ເປັນການໂທດ້ວຍສຽງເທົ່ານັ້ນ."},{"$i":"back","$v":"ກັບຄືນ"},{"$i":"new-message","$v":"ຂໍ້ຄວາມໃໝ່ຈາກ"},{"$i":"kai-mute","$v":"ງຽບ"},{"$i":"kai-unmute","$v":"ເປີດສຽງ"},{"$i":"kai-speaker","$v":"ລຳໂພງ"},{"$i":"kai-speaker-off","$v":"ລຳໂພງປິດ"},{"$i":"kai-microphone-mute-notification","$v":"ປິດສຽງໄມໂຄໂຟນ"},{"$i":"kai-microphone-active-notification","$v":"ໄມໂຄໂຟນກຳລັງເຮັດວຽກ"},{"$i":"kai-speaker-off-notification","$v":"ໄດ້ປິດລຳໂພງຕໍ່ເສີມ"},{"$i":"kai-speaker-on-notification","$v":"ລຳໂພງນອກໄດ້ເປີດໃຊ້ແລ້ວ"},{"$i":"kai-hold-and-answer","$v":"ລໍຖ້າ ແລະ ຮັບສາຍ"},{"$i":"kai-ignore-call","$v":"ຍົກເວັ້ນການໂທເຂົ້າ"},{"$i":"kai-add-to-call","$v":"ເພີ່ມການໂທ"},{"$i":"kai-switch-to-second-line","$v":"ສະລັບການໂທ"},{"$i":"kai-merge-calls","$v":"ປະສານການໂທ"},{"$i":"ok","$v":"ຕົກລົງ"},{"$i":"losing-wifi-msg","$v":"ສູນເສຍ wifi"},{"$i":"hd","$v":"HD"},{"$i":"manage-call","$v":"ການຈັດການກ່ຽວກັບການໂທ"},{"$i":"end","$v":"ຊິ້ນສຸດການສົນທະນາ"},{"$i":"private","$v":"ສ່ວນຕົວ"},{"$i":"sound","$v":"ສຽງ"},{"$i":"bluetooth-device","$v":"ອຸປະກອນ Bluetooth"},{"$i":"handset-earpiece","$v":"ສາຍຕໍ່ເສີມ"},{"$i":"speaker","$v":"ລຳໂພງ"},{"$i":"call-ended","$v":"ການໂທໄດ້ສິ້ນສຸດລົງແລ້ວ"},{"$i":"payphone","$v":"ໂທລະສັບສາທາລະນະ"},{"$i":"contact","$v":"ຕິດຕໍ່"},{"$i":"dialer-prompt","$v":"ກົດໝາຍເລກ ຫຼືເລືອກບັນຊີລາຍຊື່ ເພື່ອເພີ້ມໃສ່ການສົນທະນາ"},{"$i":"call","$v":"ການໂທ"},{"$i":"hold","$v":"ລໍ​ສາຍ"},{"$i":"volume","$v":"ບໍ​ລິ​ມາດ"},{"$i":"softkey-options","$v":"ຕົວເລືອກ"},{"$i":"unhold-call","$v":"ຍົກເລີກການຖືສາຍລໍຖ້າ"},{"$i":"hold-call","$v":"ຖືສາຍລໍຖ້າ"},{"$i":"select","$v":"ເລືອກ"},{"$i":"unknown","$v":"ບໍ່ຮູ້ຈັກ"},{"$i":"switch-calls","$v":"ປ່ຽນສາຍ"},{"$i":"voiceMail","$v":"ຂໍ້ຄວາມສຽງ"},{"$i":"incoming","$v":"ຂາເຂົ້າ"},{"$i":"outgoing","$v":"ສາຍໂທອອກ"},{"$i":"callEnded","$v":"ການໂທໄດ້ສິ້ນສຸດລົງແລ້ວ"},{"$i":"callEndedDuration","$v":["ສິ້ນສຸດການໂທ (",{"t":"idOrVar","v":"duration"},")"]},{"$i":"conferenceAddError","$v":"ບໍ່ສາມາດເຂົ້າສາຍໄດ້"},{"$i":"conferenceRemoveError","$v":"ບໍ່ສາມາດຍົກເລີກການໂທ ອອກໄດ້"},{"$i":"callDurationMinutes","$v":[{"t":"idOrVar","v":"m"},":",{"t":"idOrVar","v":"s"}]},{"$i":"callDurationHours","$v":[{"t":"idOrVar","v":"h"},":",{"t":"idOrVar","v":"m"},":",{"t":"idOrVar","v":"s"}]},{"$i":"callDurationTextFormatSeconds","$v":[{"t":"idOrVar","v":"s"}," ວ"]},{"$i":"callDurationTextFormatMinutes","$v":[{"t":"idOrVar","v":"m"}," ນ ",{"t":"idOrVar","v":"s"}," ວ"]},{"$i":"callDurationTextFormatHours","$v":[{"t":"idOrVar","v":"h"}," ມ ",{"t":"idOrVar","v":"m"}," ນ ",{"t":"idOrVar","v":"s"}," ວ"]},{"$i":"switch-to-device-toast","$v":"ປ່ຽນເປັນອຸປະກອນບລູທູດທ໌"},{"$i":"switch-to-handset-toast","$v":"ປ່ຽນເປັນສາຍຫູຟັງ"},{"$i":"switch-to-speaker-toast","$v":"ປ່ຽນເປັນລຳໂພງ"},{"$i":"connecting","$v":"ກຳລັງເຊື່ອມຕໍ່"},{"$i":"wifi-call-quality-excellent","$v":"ດີຫຼາຍ"},{"$i":"wifi-call-quality-fair","$v":"ປານກາງ"},{"$i":"wifi-call-quality-bad","$v":"ບໍ່ດີ"},{"$i":"call-left-conference-toast","$v":"ໄດ້ອອກຈາກສາຍແລ້ວ"},{"$i":"camera-off","$v":"ປິດກ້ອງຖ່າຍຮູບ"},{"$i":"camera-on","$v":"ເປີດກ້ອງຖ່າຍຮູບ"},{"$i":"rear-camera","$v":"ກ້ອງດ້ານຫຼັງ"},{"$i":"front-camera","$v":"ກ້ອງຖ່າຍຮູບໜ້າ"},{"$i":"hide-info","$v":"ເຊື່ອງຂໍ້ມູນ"},{"$i":"show-info","$v":"ສະແດງຂໍ້ມູນ"},{"$i":"video-call-rejected","$v":"ການໂທວິດີໂອຖືກປະຕິເສັດ, ປ່ຽນເປັນການໂທສຽງ."},{"$i":"video-call-not-support","$v":"ການໂທວິດີໂອບໍ່ຮອງຮັບ."},{"$i":"video-call-rejected-timeout","$v":"Video call rejected or timeout."},{"$i":"video-call-from","$v":["ກຳລັງຮັບສາຍໂທວິດີໂອຈາກ ",{"t":"idOrVar","v":"name"},"."]},{"$i":"video-call-canceled","$v":"ການໂທວິດີໂອຖືກຍົກເລີກ."},{"$i":"video-call-failed","$v":"ການໂທວິດີໂອບໍ່ສຳເລັດ."},{"$i":"call-downgraded","$v":"ໂທອອກ downgraded."},{"$i":"wifi-calling","$v":"ກຳລັງໂທ Wi-Fi"},{"$i":"wifi-calling-1","$v":"ການໂທຂອງທ່ານອາດຈະຫຼຸດ."},{"$i":"wifi-calling-2","$v":"ທ່ານເກືອບຈະຢູ່ນອກຂອບເຂດການຄວບຄຸມຂອງ Wi-Fi."},{"$i":"wifi-calling-dropped","$v":"ການໂທ Wi-Fi ໄດ້ຫຼຸດແລ້ວ."},{"$i":"accept","$v":"ຍອມຮັບ"},{"$i":"conference-call-num","$v":[{"t":"idOrVar","v":"num"}," ຄົນຢູ່ໃນສາຍ."]},{"$i":"more","$v":"ຂໍ້ຄວາມອື່ນ"},{"$i":"rec","$v":"REC"},{"$i":"start-recording-call","$v":"ເລີ່ມຕົ້ນການບັນທຶກການໂທ."},{"$i":"stop-recording-call","$v":"ຢຸດການບັນທຶກການໂທ."},{"$i":"insufficient-storage","$v":"ບ່ອນຈັດເກັບບໍ່ພຽງພໍ. ໄດ້ຢຸດການບັນທຶກແລ້ວ."},{"$i":"reply","$v":"ຕອບກັບ"},{"$i":"reply-message-1","$v":"ຂໍໂທດ, ຕອນນີ້ຂ້ອຍລົມບໍ່ໄດ້ເທື່ອ."},{"$i":"reply-message-2","$v":"ຂ້ອຍກຳລັງໄປ."},{"$i":"reply-message-3","$v":"ຂ້ອຍໂທຫານຳຫຼັງໄດ້ບໍ່?"},{"$i":"reply-message-4","$v":"ກຳນົດເອງ..."},{"$i":"reply-to-name","$v":["ຕອບກັບຫາ ",{"t":"idOrVar","v":"name"}," ແລ້ວ"]},{"$i":"mt-call-on-hold","$v":"ພັກສາຍແລ້ວ."},{"$i":"mt-call_retrieved","$v":"ກູ້ຄືນການໂທແລ້ວ."},{"$i":"mt-multi_party_call","$v":"ທ່ານຖືກເພີ່ມເຂົ້າໃນການປະຊຸມສາຍ."},{"$i":"hangup-a11y-button","$v":""},{"$i":"pickup-a11y-button","$v":""},{"$i":"mute","$v":""},{"$i":"toggleKeypad","$v":""},{"$i":"newCall","$v":""},{"$i":"speakerOption","$v":""},{"$i":"bluetoothOption","$v":""},{"$i":"onHoldOption","$v":""},{"$i":"merge","$v":""},{"$i":"ignore","$v":""},{"$i":"dialerAddContact","$v":""},{"$i":"makeCall","$v":""},{"$i":"call-forwarding-async","$v":["ບໍ່ກົງກັນ: ",{"t":"idOrVar","v":"async"}]},{"$i":"call-forwarding-data","$v":["ເຊື່ອມຕໍ່ຂໍ້ມູນ: ",{"t":"idOrVar","v":"data"}]},{"$i":"call-forwarding-error","$v":"ເກີດຂໍ້ຜິດພາດຂະນະຮຽກ ສະຖານະການໂອນສາຍ"},{"$i":"call-forwarding-fax","$v":["FAX: ",{"t":"idOrVar","v":"fax"}]},{"$i":"call-forwarding-inactive","$v":"ການໃຊ້ງານ"},{"$i":"call-forwarding-packet","$v":["ຫຸ້ມຫໍ່: ",{"t":"idOrVar","v":"packet"}]},{"$i":"call-forwarding-pad","$v":["PAD: ",{"t":"idOrVar","v":"pad"}]},{"$i":"call-forwarding-sms","$v":["SMS: ",{"t":"idOrVar","v":"sms"}]},{"$i":"call-forwarding-status","$v":"ສະຖານະການໂອນສາຍ"},{"$i":"call-forwarding-sync","$v":["ຊີ້ງພ້ອມກັນ: ",{"t":"idOrVar","v":"sync"}]},{"$i":"call-forwarding-voice","$v":["ສຽງ: ",{"t":"idOrVar","v":"voice"}]},{"$i":"scCallBarring","$v":"ຈຳກັດການໂທ"},{"$i":"scCallForwarding","$v":"ການໂອນສາຍ"},{"$i":"scClip","$v":"ID ຜູ້ໂທເຂົ້າ"},{"$i":"scClir","$v":"ID ຜູ່ໂທອອກ"},{"$i":"scPwd","$v":"ປ່ຽນລະຫັດຜ່ານໃໝ່"},{"$i":"scCallWaiting","$v":"ການລໍຖ້າສາຍ"},{"$i":"scPin","$v":"ປ່ຽນລະຫັດ PIN"},{"$i":"scPin2","$v":"ປ່ຽນລະຫັດ PIN2"},{"$i":"scPuk","$v":"ປົດລັອກ PIN"},{"$i":"scPuk2","$v":"ປົດລັອກ PIN2"},{"$i":"scImei","$v":"IMEI"},{"$i":"scMeid","$v":"MEID"},{"$i":"scUssd","$v":"USSD"},{"$i":"serviceClassVoice","$v":"ສຽງ"},{"$i":"serviceClassData","$v":"ຂໍ້ມູນ"},{"$i":"serviceClassFax","$v":"FAX"},{"$i":"serviceClassSms","$v":"SMS"},{"$i":"serviceClassDataSync","$v":"ຊິ້ງຂໍ້ມູນ"},{"$i":"serviceClassDataAsync","$v":"Async"},{"$i":"serviceClassPacket","$v":"ຫຸ້ມຫໍ່"},{"$i":"serviceClassPad","$v":"PAD"},{"$i":"smServiceEnabled","$v":"ບໍລິການຖືກເປີດໃຊ້"},{"$i":"smServiceDisabled","$v":"ບໍລິການໄດ້ຖືກປິດໃຊ້ງານ"},{"$i":"smServiceRegistered","$v":"ການລົງທະບຽນໄດ້ສຳເລັດ"},{"$i":"smServiceErased","$v":"ໄດ້ສຳເລັດການລຶບລ້າງ ຢ່າງສົມບູນ"},{"$i":"smServiceInterrogated","$v":"ຄຳຂໍໄດ້ສຳເລັດແລ້ວ"},{"$i":"smServiceNotProvisioned","$v":"ບໍລິການບໍໄດ້ຮັບການສະໜອງ"},{"$i":"smClirPermanent","$v":"ທ່ານບໍ່ສາມາດປ່ຽນການຕັ້ງຄ່າ ID ຜູ່ໂທ"},{"$i":"smClirDefaultOnNextCallOn","$v":"ລະຫັດ ID ຜູ່ໂທເຂົ້າເປັນ ຄ່າເລີ່ມຕົ້ນແບບຈຳກັດ. ການໂທຄັ້ງຕໍ່ໄປ: ຈຳກັດ"},{"$i":"smClirDefaultOnNextCallOff","$v":"ລະຫັດ ID ຜູ່ໂທເຂົ້າເປັນ ຄ່າເລີ່ມຕົ້ນແບບຈຳກັດ. ການໂທຄັ້ງຕໍ່ໄປ: ບໍ່ຈຳກັດ"},{"$i":"smClirDefaultOffNextCallOn","$v":"ລະຫັດ ID ຜູ່ໂທເຂົ້າເປັນ ຄ່າເລີ່ມຕົ້ນແບບບໍ່ຈຳກັດ. ການໂທຄັ້ງຕໍ່ໄປ: ຈຳກັດ"},{"$i":"smClirDefaultOffNextCallOff","$v":"ລະຫັດ ID ຜູ່ໂທເຂົ້າເປັນ ຄ່າເລີ່ມຕົ້ນແບບບໍ່ຈຳກັດ. ການໂທຄັ້ງຕໍ່ໄປ: ບໍ່ຈຳກັດ"},{"$i":"smServiceEnabledFor","$v":"ບໍລິການຖືກເປີດໃຊ້ເພື່ອ:"},{"$i":"smPinChanged","$v":"ປ່ຽນລະຫັດ PIN ສຳເລັດ"},{"$i":"smPinUnblocked","$v":"ປົດລັອກລະຫັດ PIN ສຳເລັດ"},{"$i":"smPin2Changed","$v":"ປ່ຽນລະຫັດ PIN2 ສຳເລັດ"},{"$i":"smPin2Unblocked","$v":"ປົດລັອກລະຫັດ PIN2 ສຳເລັດ"},{"$i":"ServiceIsEnabled","$v":"ບໍລິການຖືກເປີດໃຊ້ງານ"},{"$i":"ServiceIsDisabled","$v":"ບໍລິການຖືກປິດໃຊ້ງານ"},{"$i":"ServiceIsEnabledFor","$v":"ບໍລິການຖືກເປີດໃຊ້ງານເພື່ອ:"},{"$i":"emMmiError","$v":"ການເຊື່ອມຕໍ່ມີບັນຫາ ຫຼື ລະຫັດ MMI ໝົດອາຍຸການໃຊ້ງານ"},{"$i":"emMmiErrorPasswordIncorrect","$v":"ລະຫັດຜ່ານບໍ່ຖືກຕ້ອງ"},{"$i":"emMmiErrorNotSupported","$v":"ລະຫັດ MMI ບໍ່ຖືກຕ້ອງ ຫຼືບໍ່ໄດ້ຮັບການສະໜັບສະໜູນ"},{"$i":"emMmiErrorInvalidAction","$v":"ລະບົບເຮັດວຽກບໍ່ຖືກຕ້ອງ"},{"$i":"emMmiErrorInvalidScCode","$v":"ລະຫັດການບໍລິການບໍ່ຖືກຕ້ອງ"},{"$i":"emMmiErrorBadPuk","$v":"ລະຫັດ PUK ທີ່ທ່ານພິມບໍ່ຖືກຕ້ອງ"},{"$i":"emMmiErrorBadPin","$v":"PIN ເກົ່າທີ່ທ່ານປ້ອນບໍ່ຖືກຕ້ອງ."},{"$i":"emMmiErrorNeedPuk2","$v":"ພິມ PUK2 ເພື່ອເລີກບລ໊ອກເບີຊິມ"},{"$i":"emMmiErrorMismatchPin","$v":"ລະຫັດ PINs ທີ່ທ່ານປ້ອນບໍ່ກົງກັນ."},{"$i":"emMmiErrorInvalidPin","$v":"ປ້ອນລະຫັດພິນ ທີ່ມີ 4 ຫຼື 8 ໂຕເລກ"},{"$i":"emMmiErrorNeedsPuk","$v":"ບັດຊິມຂອງທ່ານຖືກລັອກໃສ່ PUK"},{"$i":"emMmiErrorEnablePin","$v":"ຍັງບໍ່ທັນສຳເລັດ. ເປີດໃຊ້ງານ SIM/RUIM LOCK"},{"$i":"emMmiErrorMmiFdn","$v":"ການດຳເນີນການແມ່ນມີການ ຈຳກັດສະເພາະໝາຍເລກໂທອອກເທົ່ານັ້ນ"},{"$i":"emMmiErrorStkCcUssdDial","$v":"ຄຳຂໍ USSD ຖືກປ່ຽນແທນເປັນຄຳຂໍ DIAL"},{"$i":"emMmiErrorStkCcUssdSs","$v":"ຄຳຂໍ USSD ໄດ້ຮັບການແກ້ໄຂຕາມຄຳຂໍ SS"},{"$i":"emMmiErrorStkCcUssdUssd","$v":"ຄຳຂໍ USSD ໄດ້ຮັບການແກ້ໄຂເພື່ອຂໍ USSD ໃໝ່"},{"$i":"emMmiErrorStkCcSsDial","$v":"ການຮ້ອງຂໍ SS ໄດ້ຖືກດັດແກ້ເພື່ອໃຫ້ໂທ"},{"$i":"emMmiErrorStkCcSsUssd","$v":"ການຮ້ອງຂໍ SS ໄດ້ຖືກດັດແກ້ການຮ້ອງຂໍ USSD"},{"$i":"emMmiErrorStkCcSsSs","$v":"ການຮ້ອງຂໍ SS ໄດ້ຖືກດັດແກ້ການຮ້ອງຂໍ SS ໃໝ່"},{"$i":"emMmiErrorPinPukAttempts","$v":{"few":["ຍັງລອງໄດ້ອີກ ",{"t":"idOrVar","v":"n"}," ເທື່ອ"],"many":["ຍັງລອງໄດ້ອີກ ",{"t":"idOrVar","v":"n"}," ເທື່ອ"],"one":["ລອງໃໝ່ໄດ້ ",{"t":"idOrVar","v":"n"},"ຄັ້ງເທົ່ານັ້ນ"],"other":["ຍັງລອງໄດ້ອີກ ",{"t":"idOrVar","v":"n"}," ເທື່ອ"],"two":["ຍັງລອງໄດ້ອີກ ",{"t":"idOrVar","v":"n"}," ເທື່ອ"]},"$x":[{"t":"idOrVar","v":"plural"},"n"]},{"$i":"emMmiErrorSimBlocked","$v":"ການລອງໃໝ່ເກີນຈຳນວນ ຄັ້ງທີ່ກຳນົດໄວ້. ຊິມໄດ້ຖືກລັອກແລ້ວ."},{"$i":"RadioNotAvailable","$v":"Radio not available"},{"$i":"GenericFailure","$v":"ຄວາມລົ້ມເຫຼວທົ່ວໄປ"},{"$i":"PasswordIncorrect","$v":"ລະຫັດຜ່ານບໍ່ຖືກຕ້ອງ"},{"$i":"SimPin2","$v":"SIM PIN2"},{"$i":"SimPuk2","$v":"SIM PUK2"},{"$i":"RequestNotSupported","$v":"ຄໍາຂໍບໍ່ຖືກຮອງຮັບ"},{"$i":"OpNotAllowedDuringVoiceCall","$v":"ບໍ່ອະນຸຍາດໃຫ້ດຳເນີນການ ໃນລະຫວ່າງການໂທດ້ວຍສຽງ"},{"$i":"SmsSendFailRetry","$v":"SMS send fail retry"},{"$i":"SimAbsent","$v":"SIM ບໍ່ຢູ່"},{"$i":"SubscriptionNotAvailable","$v":"ບໍ່ມີການຕິດຕາມ"},{"$i":"ModeNotSupported","$v":"ໂໝດບໍ່ສະໜັບສະໜູນ"},{"$i":"FdnCheckFailure","$v":"ກວດສອບ Fdn ຜິດຜາດ"},{"$i":"IllegalSimOrMe","$v":"ຊິມບໍ່ຖືກຕ້ອງ ຫຼືຂ້າພະເຈົ້າ"},{"$i":"DialModifiedToUssd","$v":"Dial modified to USSD"},{"$i":"DialModifiedToSs","$v":"Dial modified to SS"},{"$i":"DialModifiedToDial","$v":"Dial modified to dial"},{"$i":"UssdModifiedToDial","$v":"ການແກ້ໄຂເພື່ອໝູນ USSD"},{"$i":"UssdModifiedToSs","$v":"USSD ຖືກແກ້ໄຂເປັນ SS"},{"$i":"UssdModifiedToUssd","$v":"USSD ຖືກແກ້ໄຂເປັນ USSD"},{"$i":"SsModifiedToDial","$v":"SS ໄດ້ດັດແກ້ເພື່ອໂທ"},{"$i":"SsModifiedToUssd","$v":"SS ໄດ້ດັດແກ້ຕໍ່ USSD"},{"$i":"SsModifiedToSs","$v":"SS ໄດ້ດັດແກ້ຕໍ່ SS"},{"$i":"SubscriptionNotSupported","$v":"ບໍ່ໄດ້ສະໜອງການຕິດຕາມ"},{"$i":"InvalidParameter","$v":"ພາລາມິເຕີບໍ່ຖືກຕ້ອງ"},{"$i":"RejectedByRemote","$v":"ຖືກປະຕິເສດໂດຍທາງໄກ"},{"$i":"error","$v":"ຂໍ້ຜິດພາດ"}]