[{"$i":"weekday-0-long","$v":"Ahad"},{"$i":"weekday-1-long","$v":"Isnin"},{"$i":"weekday-2-long","$v":"Selasa"},{"$i":"weekday-3-long","$v":"Rabu"},{"$i":"weekday-4-long","$v":"Khamis"},{"$i":"weekday-5-long","$v":"Jumaat"},{"$i":"weekday-6-long","$v":"Sabtu"},{"$i":"weekday-0-short","$v":"Aha"},{"$i":"weekday-1-short","$v":"Isn"},{"$i":"weekday-2-short","$v":"Sel"},{"$i":"weekday-3-short","$v":"Rab"},{"$i":"weekday-4-short","$v":"Kha"},{"$i":"weekday-5-short","$v":"Jum"},{"$i":"weekday-6-short","$v":"Sab"},{"$i":"month-0-long","$v":"Januari"},{"$i":"month-1-long","$v":"Februari"},{"$i":"month-2-long","$v":"Mac"},{"$i":"month-3-long","$v":"April"},{"$i":"month-4-long","$v":"Mei"},{"$i":"month-5-long","$v":"Jun"},{"$i":"month-6-long","$v":"Julai"},{"$i":"month-7-long","$v":"Ogos"},{"$i":"month-8-long","$v":"September"},{"$i":"month-9-long","$v":"Oktober"},{"$i":"month-10-long","$v":"November"},{"$i":"month-11-long","$v":"Disember"},{"$i":"month-0-genitive","$v":"Januari"},{"$i":"month-1-genitive","$v":"Februari"},{"$i":"month-2-genitive","$v":"Mac"},{"$i":"month-3-genitive","$v":"April"},{"$i":"month-4-genitive","$v":"Mei"},{"$i":"month-5-genitive","$v":"Jun"},{"$i":"month-6-genitive","$v":"Julai"},{"$i":"month-7-genitive","$v":"Ogos"},{"$i":"month-8-genitive","$v":"September"},{"$i":"month-9-genitive","$v":"Oktober"},{"$i":"month-10-genitive","$v":"November"},{"$i":"month-11-genitive","$v":"Disember"},{"$i":"month-0-short","$v":"Jan"},{"$i":"month-1-short","$v":"Feb"},{"$i":"month-2-short","$v":"Mac"},{"$i":"month-3-short","$v":"Apr"},{"$i":"month-4-short","$v":"Mei"},{"$i":"month-5-short","$v":"Jun"},{"$i":"month-6-short","$v":"Jul"},{"$i":"month-7-short","$v":"Ogo"},{"$i":"month-8-short","$v":"Sep"},{"$i":"month-9-short","$v":"Okt"},{"$i":"month-10-short","$v":"Nov"},{"$i":"month-11-short","$v":"Dis"},{"$i":"minutes-ago-long","$v":{"few":[{"t":"idOrVar","v":"value"}," minit yang lalu"],"many":[{"t":"idOrVar","v":"value"}," minit yang lalu"],"one":"seminit yang lalu","other":[{"t":"idOrVar","v":"value"}," minit yang lalu"],"two":[{"t":"idOrVar","v":"value"}," minit yang lalu"],"zero":"sebentar tadi"},"$x":[{"t":"idOrVar","v":"plural"},"value"]},{"$i":"hours-ago-long","$v":{"few":[{"t":"idOrVar","v":"value"}," jam yang lalu"],"many":[{"t":"idOrVar","v":"value"}," jam yang lalu"],"one":"sejam yang lalu","other":[{"t":"idOrVar","v":"value"}," jam yang lalu"],"two":[{"t":"idOrVar","v":"value"}," jam yang lalu"],"zero":"sebentar tadi"},"$x":[{"t":"idOrVar","v":"plural"},"value"]},{"$i":"days-ago-long","$v":{"few":[{"t":"idOrVar","v":"value"}," hari yang lalu"],"many":[{"t":"idOrVar","v":"value"}," hari yang lalu"],"one":"semalam","other":[{"t":"idOrVar","v":"value"}," hari yang lalu"],"two":[{"t":"idOrVar","v":"value"}," hari yang lalu"],"zero":"hari ini"},"$x":[{"t":"idOrVar","v":"plural"},"value"]},{"$i":"weeks-ago-long","$v":{"few":[{"t":"idOrVar","v":"value"}," minggu yang lalu"],"many":[{"t":"idOrVar","v":"value"}," minggu yang lalu"],"one":"minggu lepas","other":[{"t":"idOrVar","v":"value"}," minggu yang lalu"],"two":[{"t":"idOrVar","v":"value"}," minggu yang lalu"],"zero":"minggu ini"},"$x":[{"t":"idOrVar","v":"plural"},"value"]},{"$i":"months-ago-long","$v":{"few":[{"t":"idOrVar","v":"value"}," bulan yang lalu"],"many":[{"t":"idOrVar","v":"value"}," bulan yang lalu"],"one":"bulan lepas","other":[{"t":"idOrVar","v":"value"}," bulan yang lalu"],"two":[{"t":"idOrVar","v":"value"}," bulan yang lalu"],"zero":"bulan ini"},"$x":[{"t":"idOrVar","v":"plural"},"value"]},{"$i":"years-ago-long","$v":{"few":[{"t":"idOrVar","v":"value"}," tahun yang lalu"],"many":[{"t":"idOrVar","v":"value"}," tahun yang lalu"],"one":"tahun lepas","other":[{"t":"idOrVar","v":"value"}," tahun yang lalu"],"two":[{"t":"idOrVar","v":"value"}," tahun yang lalu"],"zero":"tahun ini"},"$x":[{"t":"idOrVar","v":"plural"},"value"]},{"$i":"minutes-until-long","$v":{"few":["dalam ",{"t":"idOrVar","v":"value"}," minit"],"many":["dalam ",{"t":"idOrVar","v":"value"}," minit"],"one":"dalam masa seminit","other":["dalam ",{"t":"idOrVar","v":"value"}," minit"],"two":["dalam ",{"t":"idOrVar","v":"value"}," minit"],"zero":"sekarang"},"$x":[{"t":"idOrVar","v":"plural"},"value"]},{"$i":"hours-until-long","$v":{"few":["dalam ",{"t":"idOrVar","v":"value"}," jam"],"many":["dalam ",{"t":"idOrVar","v":"value"}," jam"],"one":"dalam masa sejam","other":["dalam ",{"t":"idOrVar","v":"value"}," jam"],"two":["dalam ",{"t":"idOrVar","v":"value"}," jam"],"zero":"sekarang"},"$x":[{"t":"idOrVar","v":"plural"},"value"]},{"$i":"days-until-long","$v":{"few":["dalam ",{"t":"idOrVar","v":"value"}," hari"],"many":["dalam ",{"t":"idOrVar","v":"value"}," hari"],"one":"esok","other":["dalam ",{"t":"idOrVar","v":"value"}," hari"],"two":["dalam ",{"t":"idOrVar","v":"value"}," hari"],"zero":"hari ini"},"$x":[{"t":"idOrVar","v":"plural"},"value"]},{"$i":"weeks-until-long","$v":{"few":["dalam ",{"t":"idOrVar","v":"value"}," minggu"],"many":["dalam ",{"t":"idOrVar","v":"value"}," minggu"],"one":"minggu depan","other":["dalam ",{"t":"idOrVar","v":"value"}," minggu"],"two":["dalam ",{"t":"idOrVar","v":"value"}," minggu"],"zero":"minggu ini"},"$x":[{"t":"idOrVar","v":"plural"},"value"]},{"$i":"months-until-long","$v":{"few":["dalam ",{"t":"idOrVar","v":"value"}," bulan"],"many":["dalam ",{"t":"idOrVar","v":"value"}," bulan"],"one":"bulan depan","other":["dalam ",{"t":"idOrVar","v":"value"}," bulan"],"two":["dalam ",{"t":"idOrVar","v":"value"}," bulan"],"zero":"bulan ini"},"$x":[{"t":"idOrVar","v":"plural"},"value"]},{"$i":"years-until-long","$v":{"few":["dalam ",{"t":"idOrVar","v":"value"}," tahun"],"many":["dalam ",{"t":"idOrVar","v":"value"}," tahun"],"one":"tahun depan","other":["dalam ",{"t":"idOrVar","v":"value"}," tahun"],"two":["dalam ",{"t":"idOrVar","v":"value"}," tahun"],"zero":"tahun ini"},"$x":[{"t":"idOrVar","v":"plural"},"value"]},{"$i":"minutes-ago-short","$v":{"other":[{"t":"idOrVar","v":"value"},"m yang lalu"],"zero":"sebentar tadi"},"$x":[{"t":"idOrVar","v":"plural"},"value"]},{"$i":"hours-ago-short","$v":{"other":[{"t":"idOrVar","v":"value"},"j yang lalu"],"zero":"sebentar tadi"},"$x":[{"t":"idOrVar","v":"plural"},"value"]},{"$i":"days-ago-short","$v":{"other":[{"t":"idOrVar","v":"value"},"h yang lalu"],"zero":"hari ini"},"$x":[{"t":"idOrVar","v":"plural"},"value"]},{"$i":"minutes-until-short","$v":{"other":["dalam ",{"t":"idOrVar","v":"value"},"m"],"zero":"sekarang"},"$x":[{"t":"idOrVar","v":"plural"},"value"]},{"$i":"hours-until-short","$v":{"other":["dalam ",{"t":"idOrVar","v":"value"},"j"],"zero":"sekarang"},"$x":[{"t":"idOrVar","v":"plural"},"value"]},{"$i":"days-until-short","$v":{"other":["dalam ",{"t":"idOrVar","v":"value"},"h"],"zero":"hari ini"},"$x":[{"t":"idOrVar","v":"plural"},"value"]},{"$i":"incorrectDate","$v":"(tarikh salah)"},{"$i":"dateTimeFormat_%c","$v":"%a %b %e %Y %I:%M:%S %p"},{"$i":"dateTimeFormat_%x","$v":"%d/%m/%Y"},{"$i":"dateTimeFormat_%X","$v":"%I:%M:%S %p"},{"$i":"shortTimeFormat","$v":"%I:%M %p"},{"$i":"shortTimeFormat12","$v":"%I:%M %p"},{"$i":"shortTimeFormat24","$v":"%H:%M"},{"$i":"shortDateTimeFormat","$v":"%x %I:%M %p"},{"$i":"weekStartsOnMonday","$v":"0.0"},{"$i":"firstDayOfTheWeek","$v":"0.0"},{"$i":"time_am","$v":"Pagi"},{"$i":"time_pm","$v":"Petang"},{"$i":"label","$v":"Label"},{"$i":"mobile","$v":"Mudah alih"},{"$i":"home","$v":"Rumah"},{"$i":"work","$v":"Kerja"},{"$i":"personal","$v":"Peribadi"},{"$i":"faxHome","$v":"Faks rumah"},{"$i":"faxOffice","$v":"Faks pejabat"},{"$i":"faxOther","$v":"Faks lain-lain"},{"$i":"another","$v":"Yang lain"},{"$i":"other","$v":"Lain-lain"},{"$i":"customTag","$v":"Tag tersuai","placeholder":"Tag tersuai"},{"$i":"current","$v":"Semasa"},{"$i":"itemWithLabel","$v":[{"t":"idOrVar","v":"label"},", ",{"t":"idOrVar","v":"item"}]},{"$i":"airplaneMode","$v":"Mod pesawat"},{"$i":"searching","$v":"Mencari…"},{"$i":"noNetwork","$v":"Tiada rangkaian"},{"$i":"roaming","$v":[{"t":"idOrVar","v":"operator"}," (Perayauan)"]},{"$i":"operator-info","$v":[{"t":"idOrVar","v":"carrier"}," ",{"t":"idOrVar","v":"region"}]},{"$i":"emergencyCallsOnly","$v":"Panggilan kecemasan sahaja"},{"$i":"emergencyCallsOnly-unknownSIMState","$v":"(keadaan kad SIM tidak diketahui)"},{"$i":"emergencyCallsOnly-noSIM","$v":"(tiada SIM)"},{"$i":"emergencyCallsOnly-pinRequired","$v":"(PIN SIM diperlukan)"},{"$i":"emergencyCallsOnly-pukRequired","$v":"(PUK SIM diperlukan)"},{"$i":"emergencyCallsOnly-networkLocked","$v":"(rangkaian dikunci)"},{"$i":"emergencyCallsOnly-serviceProviderLocked","$v":"(penyedia perkhidmatan dikunci)"},{"$i":"emergencyCallsOnly-corporateLocked","$v":"(korporat dikunci)"},{"$i":"emergencyCallsOnly-network1Locked","$v":"(rangkaian1 dikunci)"},{"$i":"emergencyCallsOnly-network2Locked","$v":"(rangkaian2 dikunci)"},{"$i":"emergencyCallsOnly-hrpdNetworkLocked","$v":"(rangkaian hrpd dikunci)"},{"$i":"emergencyCallsOnly-ruimCorporateLocked","$v":"(korporat ruim dikunci)"},{"$i":"emergencyCallsOnly-ruimServiceProviderLocked","$v":"(penyedia perkhidmatan ruim dikunci)"},{"$i":"lockscreen-sim-id","$v":["SIM ",{"t":"idOrVar","v":"n"}]},{"$i":"charging-no-time","$v":[{"t":"idOrVar","v":"level"},"% Dicas"]},{"$i":"charging-minutes","$v":{"few":[{"t":"idOrVar","v":"level"},"% Dicas (",{"t":"idOrVar","v":"minutes"}," min hingga dicas sepenuhnya)"],"many":[{"t":"idOrVar","v":"level"},"% Dicas (",{"t":"idOrVar","v":"minutes"}," min hingga dicas sepenuhnya)"],"one":[{"t":"idOrVar","v":"level"},"% Dicas (",{"t":"idOrVar","v":"minutes"}," min hingga dicas sepenuhnya)"],"other":[{"t":"idOrVar","v":"level"},"% Dicas (",{"t":"idOrVar","v":"minutes"}," min hingga dicas sepenuhnya)"],"two":[{"t":"idOrVar","v":"level"},"% Dicas (",{"t":"idOrVar","v":"minutes"}," min hingga dicas sepenuhnya)"],"zero":[{"t":"idOrVar","v":"level"},"% Dicas (",{"t":"idOrVar","v":"minutes"}," min hingga dicas sepenuhnya)"]},"$x":[{"t":"idOrVar","v":"plural"},"minutes"]},{"$i":"charging-hours","$v":{"few":[{"t":"idOrVar","v":"level"},"% Dicas (",{"t":"idOrVar","v":"hours"},"j ",{"t":"idOrVar","v":"minutes"}," min hingga dicas sepenuhnya)"],"many":[{"t":"idOrVar","v":"level"},"% Dicas (",{"t":"idOrVar","v":"hours"},"j ",{"t":"idOrVar","v":"minutes"}," min hingga dicas sepenuhnya)"],"one":[{"t":"idOrVar","v":"level"},"% Dicas (",{"t":"idOrVar","v":"hours"},"j ",{"t":"idOrVar","v":"minutes"}," min hingga dicas sepenuhnya)"],"other":[{"t":"idOrVar","v":"level"},"% Dicas (",{"t":"idOrVar","v":"hours"},"j ",{"t":"idOrVar","v":"minutes"}," min hingga dicas sepenuhnya)"],"two":[{"t":"idOrVar","v":"level"},"% Dicas (",{"t":"idOrVar","v":"hours"},"j ",{"t":"idOrVar","v":"minutes"}," min hingga dicas sepenuhnya)"],"zero":[{"t":"idOrVar","v":"level"},"% Dicas (",{"t":"idOrVar","v":"hours"},"j ",{"t":"idOrVar","v":"minutes"}," min hingga dicas sepenuhnya)"]},"$x":[{"t":"idOrVar","v":"plural"},"minutes"]},{"$i":"phoneNumberInput","ariaLabel":"Nombor telefon"},{"$i":"keypadDelete","ariaLabel":"Padam"},{"$i":"voiceMailKey","ariaLabel":"Mel suara"},{"$i":"asterisk","ariaLabel":"Asterisk"},{"$i":"hashSign","ariaLabel":"Tanda hash"},{"$i":"cancel","$v":"Batal"},{"$i":"loadingSimContacts","$v":"Memuatkan kenalan kad SIM…"},{"$i":"noContactsWereFound","$v":"Tiada kenalan dijumpai"},{"$i":"noContactsFoundDialogOk","$v":"OK"},{"$i":"emergencyNumber","$v":"Nombor kecemasan"},{"$i":"callAirplaneModeMessage","$v":"Untuk membuat panggilan, anda perlu menyahdayakan mod pesawat dalam tetapan."},{"$i":"callAirplaneModeBtnOk","$v":"OK"},{"$i":"callAirplaneModeTitle","$v":"Mod pesawat diaktifkan"},{"$i":"numberIsBusyTitle","$v":"Nombor sibuk"},{"$i":"numberIsBusyMessage","$v":"Nombor tidak tersedia pada masa ini. Sila cuba lagi kemudian."},{"$i":"fdnIsActiveTitle","$v":"FDN aktif"},{"$i":"fdnIsActiveMessage","$v":["FDN (Nombor Dailan Tetap) diaktifkan dan nombor yang berikut tiada dalam senarai FDN anda: ",{"t":"idOrVar","v":"number"}]},{"$i":"emergencyDialogBodyBadNumber","$v":"Untuk membuat panggilan, telefon mestilah bersambung kepada rangkaian."},{"$i":"emergencyDialogBodyDeviceNotAccepted","$v":"Panggilan kecemasan tidak dibenarkan oleh rangkaian."},{"$i":"emergencyDialogBtnOk","$v":"OK"},{"$i":"emergencyDialogTitle","$v":"Tiada sambungan rangkaian"},{"$i":"invalidNumberToDialTitle","$v":"Nombor telefon tidak sah"},{"$i":"invalidNumberToDialMessage","$v":"Nombor telefon yang anda panggil tidak sah."},{"$i":"unableToCallTitle","$v":"Tidak dapat membuat panggilan"},{"$i":"unableToCallMessage","$v":"Tidak dapat membuat panggilan telefon sekarang."},{"$i":"otherConnectionInUseTitle","$v":"Sambungan yang satu lagi sedang digunakan"},{"$i":"otherConnectionInUseMessage","$v":"Anda mempunyai panggilan aktif dalam sambungan yang lain. Anda hanya boleh menggunakan satu sambungan pada satu-satu masa."},{"$i":"connectingEllipsis","$v":"Menyambung..."},{"$i":"clear","$v":"Padam bersih"},{"$i":"dialer","$v":"Pendail"},{"$i":"kai-incomming-call","$v":"Panggilan Masuk"},{"$i":"kai-in-call","$v":"Dalam panggilan"},{"$i":"kai-answer","$v":"Jawab"},{"$i":"kai-end-answer","$v":"Tamatkan dan jawab"},{"$i":"kai-decline","$v":"Tolak"},{"$i":"enter-passcode","$v":"Sila masukkan kod laluan untuk membuka kunci skrin."},{"$i":"passcode-error","$v":"Kod tidak sah. Sila cuba semula."},{"$i":"voice-call","$v":"Tukar kepada suara"},{"$i":"video-call","$v":"Tukar kepada video"},{"$i":"message","$v":"Mesej"},{"$i":"answer-rtt-call","$v":"Jawab RTT"},{"$i":"req-rtt-call","$v":"JAWAB RTT"},{"$i":"rtt-call","$v":"Panggilan RTT"},{"$i":"rtt-view","$v":"Paparan RTT"},{"$i":"change-to-rtt-call","$v":"Menyambung panggilan RTT..."},{"$i":"change-to-voice-call","$v":"Diubah kepada panggilan suara."},{"$i":"upgrading-rtt","$v":"Menaik taraf kepada panggilan RTT..."},{"$i":"rtt-call-failed","$v":"Panggilan RTT gagal."},{"$i":"voice-call-failed","$v":"Panggilan suara gagal."},{"$i":"rtt","$v":"RTT"},{"$i":"rtt-emegency-upgrade-rejected","$v":"RTT tidak tersedia untuk panggilan 911 ini."},{"$i":"rtt-emegency-downgrade","$v":"RTT tidak tersedia untuk panggilan 911 ini. Panggilan anda telah disambungkan sebagai panggilan suara sahaja. Jika anda mengalami kesulitan, sila buat panggilan suara atau geganti ke 911."},{"$i":"voice-only-call","$v":"Panggilan anda telah disambungkan sebagai panggilan suara sahaja."},{"$i":"ans-rtt-failed","$v":"Gagal mewujudkan panggilan RTT. Panggilan anda telah disambungkan sebagai panggilan suara sahaja."},{"$i":"back","$v":"Undur"},{"$i":"new-message","$v":"Mesej baharu daripada"},{"$i":"kai-mute","$v":"Senyapkan"},{"$i":"kai-unmute","$v":"Nyahsenyap"},{"$i":"kai-speaker","$v":"Pembesar suara"},{"$i":"kai-speaker-off","$v":"Pembesar suara dimatikan"},{"$i":"kai-microphone-mute-notification","$v":"Mikrofon disenyapkan"},{"$i":"kai-microphone-active-notification","$v":"Mikrofon aktif"},{"$i":"kai-speaker-off-notification","$v":"Pembesar suara luaran dimatikan"},{"$i":"kai-speaker-on-notification","$v":"Pembesar suara luaran dihidupkan"},{"$i":"kai-hold-and-answer","$v":"Tunda dan Jawab"},{"$i":"kai-ignore-call","$v":"Abaikan Panggilan masuk"},{"$i":"kai-add-to-call","$v":"Tambah panggilan"},{"$i":"kai-switch-to-second-line","$v":"Tukar panggilan"},{"$i":"kai-merge-calls","$v":"Gabung panggilan"},{"$i":"ok","$v":"Ok"},{"$i":"losing-wifi-msg","$v":"kehilangan Wi-Fi"},{"$i":"hd","$v":"HD"},{"$i":"manage-call","$v":"Uruskan panggilan"},{"$i":"end","$v":"Tamatkan Panggilan"},{"$i":"private","$v":"Peribadi"},{"$i":"sound","$v":"Bunyi"},{"$i":"bluetooth-device","$v":"Peranti Bluetooth"},{"$i":"handset-earpiece","$v":"Telefon bimbit"},{"$i":"speaker","$v":"Pembesar suara"},{"$i":"call-ended","$v":"Panggilan tamat"},{"$i":"payphone","$v":"Telefon awam"},{"$i":"contact","$v":"Kenalan"},{"$i":"dialer-prompt","$v":"Dail nombor atau pilih kenalan untuk ditambah pada panggilan"},{"$i":"call","$v":"Panggil"},{"$i":"hold","$v":"Tunda"},{"$i":"volume","$v":"Kelantangan"},{"$i":"softkey-options","$v":"Pilihan"},{"$i":"unhold-call","$v":"Nyahtunda panggilan"},{"$i":"hold-call","$v":"Tunda panggilan"},{"$i":"select","$v":"Pilih"},{"$i":"unknown","$v":"Tidak diketahui"},{"$i":"switch-calls","$v":"Tukar panggilan"},{"$i":"voiceMail","$v":"Mel suara"},{"$i":"incoming","$v":"Masuk"},{"$i":"outgoing","$v":"Keluar"},{"$i":"callEnded","$v":"Panggilan Tamat"},{"$i":"callEndedDuration","$v":["Panggilan Tamat (",{"t":"idOrVar","v":"duration"},")"]},{"$i":"conferenceAddError","$v":"Tidak dapat gabungkan panggilan"},{"$i":"conferenceRemoveError","$v":"Tidak dapat nyahgabungkan panggilan"},{"$i":"callDurationMinutes","$v":[{"t":"idOrVar","v":"m"},":",{"t":"idOrVar","v":"s"}]},{"$i":"callDurationHours","$v":[{"t":"idOrVar","v":"h"},":",{"t":"idOrVar","v":"m"},":",{"t":"idOrVar","v":"s"}]},{"$i":"callDurationTextFormatSeconds","$v":[{"t":"idOrVar","v":"s"}," s"]},{"$i":"callDurationTextFormatMinutes","$v":[{"t":"idOrVar","v":"m"}," m ",{"t":"idOrVar","v":"s"}," s"]},{"$i":"callDurationTextFormatHours","$v":[{"t":"idOrVar","v":"h"}," j ",{"t":"idOrVar","v":"m"}," m ",{"t":"idOrVar","v":"s"}," s"]},{"$i":"switch-to-device-toast","$v":"Menukar kepada peranti Bluetooth"},{"$i":"switch-to-handset-toast","$v":"Menukar kepada alat dengar telefon bimbit"},{"$i":"switch-to-speaker-toast","$v":"Menukar kepada pembesar suara"},{"$i":"connecting","$v":"Menyambung"},{"$i":"wifi-call-quality-excellent","$v":"Cemerlang"},{"$i":"wifi-call-quality-fair","$v":"Sederhana"},{"$i":"wifi-call-quality-bad","$v":"Lemah"},{"$i":"call-left-conference-toast","$v":"telah meninggalkan panggilan"},{"$i":"camera-off","$v":"Kamera dimatikan"},{"$i":"camera-on","$v":"Kamera dihidupkan"},{"$i":"rear-camera","$v":"Kamera belakang"},{"$i":"front-camera","$v":"Kamera depan"},{"$i":"hide-info","$v":"Sembunyikan maklumat"},{"$i":"show-info","$v":"Tunjukkan maklumat"},{"$i":"video-call-rejected","$v":"Panggilan video ditolak, tukar kepada panggilan suara."},{"$i":"video-call-not-support","$v":"Panggilan video tidak disokong."},{"$i":"video-call-rejected-timeout","$v":"Panggilan video ditolak atau tamat masa."},{"$i":"video-call-from","$v":["Menerima panggilan video daripada ",{"t":"idOrVar","v":"name"},"."]},{"$i":"video-call-canceled","$v":"Panggilan video dibatalkan."},{"$i":"video-call-failed","$v":"Panggilan video Gagal."},{"$i":"call-downgraded","$v":"Panggilan diturun taraf."},{"$i":"wifi-calling","$v":"Panggilan Wi-Fi"},{"$i":"wifi-calling-1","$v":"Panggilan anda mungkin terputus."},{"$i":"wifi-calling-2","$v":"Anda hampir berada di luar julat Liputan Wi-Fi."},{"$i":"wifi-calling-dropped","$v":"Panggilan Wi-Fi terputus."},{"$i":"accept","$v":"Terima"},{"$i":"conference-call-num","$v":[{"t":"idOrVar","v":"num"}," kenalan dalam panggilan."]},{"$i":"more","$v":"Lagi"},{"$i":"rec","$v":"RAKAM"},{"$i":"start-recording-call","$v":"Mulakan merakam panggilan."},{"$i":"stop-recording-call","$v":"Hentikan merakam panggilan."},{"$i":"insufficient-storage","$v":"Storan tidak mencukupi. Rakaman berhenti."},{"$i":"reply","$v":"Balas"},{"$i":"reply-message-1","$v":"Maaf, saya tidak dapat cakap sekarang."},{"$i":"reply-message-2","$v":"Saya dalam perjalanan."},{"$i":"reply-message-3","$v":"Boleh saya telefon anda kemudian?"},{"$i":"reply-message-4","$v":"Tersuai..."},{"$i":"reply-to-name","$v":["Membalas kepada ",{"t":"idOrVar","v":"name"}]},{"$i":"mt-call-on-hold","$v":"Panggilan telah ditahan."},{"$i":"mt-call_retrieved","$v":"Panggilan telah diambil."},{"$i":"mt-multi_party_call","$v":"Anda telah ditambah ke panggilan persidangan."},{"$i":"hangup-a11y-button","$v":""},{"$i":"pickup-a11y-button","$v":""},{"$i":"mute","$v":""},{"$i":"toggleKeypad","$v":""},{"$i":"newCall","$v":""},{"$i":"speakerOption","$v":""},{"$i":"bluetoothOption","$v":""},{"$i":"onHoldOption","$v":""},{"$i":"merge","$v":""},{"$i":"ignore","$v":""},{"$i":"dialerAddContact","$v":""},{"$i":"makeCall","$v":""},{"$i":"call-forwarding-async","$v":["Tak segerak: ",{"t":"idOrVar","v":"async"}]},{"$i":"call-forwarding-data","$v":["Data: ",{"t":"idOrVar","v":"data"}]},{"$i":"call-forwarding-error","$v":"Ralat berlaku ketika mendapatkan semula status pemajuan panggilan"},{"$i":"call-forwarding-fax","$v":["FAKS: ",{"t":"idOrVar","v":"fax"}]},{"$i":"call-forwarding-inactive","$v":"Tidak aktif"},{"$i":"call-forwarding-packet","$v":["Paket: ",{"t":"idOrVar","v":"packet"}]},{"$i":"call-forwarding-pad","$v":["PAD: ",{"t":"idOrVar","v":"pad"}]},{"$i":"call-forwarding-sms","$v":["SMS: ",{"t":"idOrVar","v":"sms"}]},{"$i":"call-forwarding-status","$v":"Status pemajuan panggilan"},{"$i":"call-forwarding-sync","$v":["Segerak: ",{"t":"idOrVar","v":"sync"}]},{"$i":"call-forwarding-voice","$v":["Suara: ",{"t":"idOrVar","v":"voice"}]},{"$i":"scCallBarring","$v":"Sekatan panggilan"},{"$i":"scCallForwarding","$v":"Pemajuan panggilan"},{"$i":"scClip","$v":"ID Pemanggil Masuk"},{"$i":"scClir","$v":"ID Pemanggil Keluar"},{"$i":"scPwd","$v":"Penukaran kata laluan"},{"$i":"scCallWaiting","$v":"Panggilan menunggu"},{"$i":"scPin","$v":"Menukar PIN"},{"$i":"scPin2","$v":"Menukar PIN2"},{"$i":"scPuk","$v":"Nyahsekat PIN"},{"$i":"scPuk2","$v":"Nyahsekat PIN2"},{"$i":"scImei","$v":"IMEI"},{"$i":"scMeid","$v":"MEID"},{"$i":"scUssd","$v":"USSD"},{"$i":"serviceClassVoice","$v":"Suara"},{"$i":"serviceClassData","$v":"Data"},{"$i":"serviceClassFax","$v":"FAKS"},{"$i":"serviceClassSms","$v":"SMS"},{"$i":"serviceClassDataSync","$v":"Segerakkan"},{"$i":"serviceClassDataAsync","$v":"Tak segerak"},{"$i":"serviceClassPacket","$v":"Paket"},{"$i":"serviceClassPad","$v":"PAD"},{"$i":"smServiceEnabled","$v":"Perkhidmatan telah didayakan"},{"$i":"smServiceDisabled","$v":"Perkhidmatan telah dinyahdayakan"},{"$i":"smServiceRegistered","$v":"Pendaftaran berjaya"},{"$i":"smServiceErased","$v":"Pemadaman berjaya"},{"$i":"smServiceInterrogated","$v":"Permintaan berjaya"},{"$i":"smServiceNotProvisioned","$v":"Perkhidmatan tidak diperuntukkan"},{"$i":"smClirPermanent","$v":"Anda tidak boleh mengubah tetapan ID pemanggil"},{"$i":"smClirDefaultOnNextCallOn","$v":"ID pemanggil menjadi lalai kepada disekat. Panggilan seterusnya: Disekat"},{"$i":"smClirDefaultOnNextCallOff","$v":"ID pemanggil menjadi lalai kepada disekat. Panggilan seterusnya: Tidak disekat"},{"$i":"smClirDefaultOffNextCallOn","$v":"ID pemanggil menjadi lalai kepada tidak disekat. Panggilan seterusnya: Disekat"},{"$i":"smClirDefaultOffNextCallOff","$v":"ID pemanggil menjadi lalai kepada tidak disekat. Panggilan seterusnya: Tidak disekat"},{"$i":"smServiceEnabledFor","$v":"Perkhidmatan telah didayakan untuk:"},{"$i":"smPinChanged","$v":"PIN berjaya ditukar"},{"$i":"smPinUnblocked","$v":"PIN berjaya dinyahsekat"},{"$i":"smPin2Changed","$v":"PIN2 berjaya ditukar"},{"$i":"smPin2Unblocked","$v":"PIN2 berjaya dinyahsekat"},{"$i":"ServiceIsEnabled","$v":"Perkhidmatan didayakan"},{"$i":"ServiceIsDisabled","$v":"Perkhidmatan dinyahdayakan"},{"$i":"ServiceIsEnabledFor","$v":"Perkhidmatan didayakan untuk:"},{"$i":"emMmiError","$v":"Masalah sambungan atau kod MMI tidak sah"},{"$i":"emMmiErrorPasswordIncorrect","$v":"Kata Laluan Salah"},{"$i":"emMmiErrorNotSupported","$v":"Kod MMI Tidak sah atau Tidak disokong"},{"$i":"emMmiErrorInvalidAction","$v":"Tindakan tidak sah"},{"$i":"emMmiErrorInvalidScCode","$v":"Kod perkhidmatan tidak sah"},{"$i":"emMmiErrorBadPuk","$v":"PUK yang anda taip tidak betul"},{"$i":"emMmiErrorBadPin","$v":"PIN lama yang anda taip tidak betul."},{"$i":"emMmiErrorNeedPuk2","$v":"Taipkan PUK2 untuk nyahsekat kad SIM"},{"$i":"emMmiErrorMismatchPin","$v":"PIN yang anda taipkan tidak sepadan"},{"$i":"emMmiErrorInvalidPin","$v":"Taipkan PIN yang 4 hingga 8 nombor"},{"$i":"emMmiErrorNeedsPuk","$v":"Kad SIM anda dikunci PUK"},{"$i":"emMmiErrorEnablePin","$v":"Tidak berjaya. Dayakan KUNCI SIM/RUIM"},{"$i":"emMmiErrorMmiFdn","$v":"Pengendalian dihadkan kepada nombor dailan tetap sahaja"},{"$i":"emMmiErrorStkCcUssdDial","$v":"Permintaan USSD diubah suai kepada permintaan DAIL"},{"$i":"emMmiErrorStkCcUssdSs","$v":"Permintaan USSD diubah suai kepada permintaan SS"},{"$i":"emMmiErrorStkCcUssdUssd","$v":"Permintaan USSD diubah suai kepada permintaan USSD baharu"},{"$i":"emMmiErrorStkCcSsDial","$v":"Permintaan SS diubah suai kepada permintaan DAIL"},{"$i":"emMmiErrorStkCcSsUssd","$v":"Permintaan SS diubah suai kepada permintaan USSD"},{"$i":"emMmiErrorStkCcSsSs","$v":"Permintaan SS diubah suai kepada permintaan SS baharu"},{"$i":"emMmiErrorPinPukAttempts","$v":{"few":["Tinggal ",{"t":"idOrVar","v":"n"}," cubaan semula"],"many":["Tinggal ",{"t":"idOrVar","v":"n"}," cubaan semula"],"one":["Tinggal ",{"t":"idOrVar","v":"n"}," cubaan semula sahaja"],"other":["Tinggal ",{"t":"idOrVar","v":"n"}," cubaan semula"],"two":["Tinggal ",{"t":"idOrVar","v":"n"}," cubaan semula"]},"$x":[{"t":"idOrVar","v":"plural"},"n"]},{"$i":"emMmiErrorSimBlocked","$v":"Melebihi bilangan maksimum cubaan. SIM disekat"},{"$i":"RadioNotAvailable","$v":"Radio tidak tersedia"},{"$i":"GenericFailure","$v":"Kegagalan generik"},{"$i":"PasswordIncorrect","$v":"Kata laluan salah"},{"$i":"SimPin2","$v":"PIN2 SIM"},{"$i":"SimPuk2","$v":"PUK2 SIM"},{"$i":"RequestNotSupported","$v":"Permintaan tidak disokong"},{"$i":"OpNotAllowedDuringVoiceCall","$v":"Operasi tidak dibenarkan ketika panggilan suara"},{"$i":"SmsSendFailRetry","$v":"Gagal hantar SMS cuba semula"},{"$i":"SimAbsent","$v":"Tiada SIM"},{"$i":"SubscriptionNotAvailable","$v":"Langganan tidak tersedia"},{"$i":"ModeNotSupported","$v":"Mod tidak disokong"},{"$i":"FdnCheckFailure","$v":"Kegagalan pemeriksaan fdn"},{"$i":"IllegalSimOrMe","$v":"SIM atau ME tidak sah"},{"$i":"DialModifiedToUssd","$v":"Dail diubah suai kepada USSD"},{"$i":"DialModifiedToSs","$v":"Dail diubah suai kepada SS"},{"$i":"DialModifiedToDial","$v":"Dail diubah suai kepada dail"},{"$i":"UssdModifiedToDial","$v":"USSD diubah suai kepada dail"},{"$i":"UssdModifiedToSs","$v":"USSD diubah suai kepada SS"},{"$i":"UssdModifiedToUssd","$v":"USSD diubah suai kepada USSD"},{"$i":"SsModifiedToDial","$v":"SS diubah suai kepada dail"},{"$i":"SsModifiedToUssd","$v":"SS diubah suai kepada USSD"},{"$i":"SsModifiedToSs","$v":"SS diubah suai kepada SS"},{"$i":"SubscriptionNotSupported","$v":"Langganan tidak disokong"},{"$i":"InvalidParameter","$v":"Parameter tidak sah"},{"$i":"RejectedByRemote","$v":"Ditolak oleh yang jauh"},{"$i":"error","$v":"Ralat"}]