[{"$i":"weekday-0-long","$v":"Søndag"},{"$i":"weekday-1-long","$v":"Mandag"},{"$i":"weekday-2-long","$v":"Tirsdag"},{"$i":"weekday-3-long","$v":"Onsdag"},{"$i":"weekday-4-long","$v":"Torsdag"},{"$i":"weekday-5-long","$v":"Fredag"},{"$i":"weekday-6-long","$v":"Lørdag"},{"$i":"weekday-0-short","$v":"Sø."},{"$i":"weekday-1-short","$v":"Ma."},{"$i":"weekday-2-short","$v":"Ti."},{"$i":"weekday-3-short","$v":"On."},{"$i":"weekday-4-short","$v":"To."},{"$i":"weekday-5-short","$v":"Fr."},{"$i":"weekday-6-short","$v":"Lø."},{"$i":"month-0-long","$v":"Januar"},{"$i":"month-1-long","$v":"Februar"},{"$i":"month-2-long","$v":"Mars"},{"$i":"month-3-long","$v":"April"},{"$i":"month-4-long","$v":"Mai"},{"$i":"month-5-long","$v":"Juni"},{"$i":"month-6-long","$v":"Juli"},{"$i":"month-7-long","$v":"August"},{"$i":"month-8-long","$v":"September"},{"$i":"month-9-long","$v":"Oktober"},{"$i":"month-10-long","$v":"November"},{"$i":"month-11-long","$v":"Desember"},{"$i":"month-0-genitive","$v":"Januar"},{"$i":"month-1-genitive","$v":"Februar"},{"$i":"month-2-genitive","$v":"Mars"},{"$i":"month-3-genitive","$v":"April"},{"$i":"month-4-genitive","$v":"Mai"},{"$i":"month-5-genitive","$v":"Juni"},{"$i":"month-6-genitive","$v":"Juli"},{"$i":"month-7-genitive","$v":"August"},{"$i":"month-8-genitive","$v":"September"},{"$i":"month-9-genitive","$v":"Oktober"},{"$i":"month-10-genitive","$v":"November"},{"$i":"month-11-genitive","$v":"Desember"},{"$i":"month-0-short","$v":"Jan."},{"$i":"month-1-short","$v":"Feb."},{"$i":"month-2-short","$v":"Mars"},{"$i":"month-3-short","$v":"Apr."},{"$i":"month-4-short","$v":"Mai"},{"$i":"month-5-short","$v":"Juni"},{"$i":"month-6-short","$v":"Juli"},{"$i":"month-7-short","$v":"Aug."},{"$i":"month-8-short","$v":"Sep."},{"$i":"month-9-short","$v":"Okt."},{"$i":"month-10-short","$v":"Nov."},{"$i":"month-11-short","$v":"Des."},{"$i":"minutes-ago-long","$v":{"few":[{"t":"idOrVar","v":"value"}," minutter siden"],"many":[{"t":"idOrVar","v":"value"}," minutter siden"],"one":"et minutt siden","other":[{"t":"idOrVar","v":"value"}," minutter siden"],"two":[{"t":"idOrVar","v":"value"}," minutter siden"],"zero":"akkurat nå"},"$x":[{"t":"idOrVar","v":"plural"},"value"]},{"$i":"hours-ago-long","$v":{"few":[{"t":"idOrVar","v":"value"}," timer siden"],"many":[{"t":"idOrVar","v":"value"}," timer siden"],"one":"en time siden","other":[{"t":"idOrVar","v":"value"}," timer siden"],"two":[{"t":"idOrVar","v":"value"}," timer siden"],"zero":"akkurat nå"},"$x":[{"t":"idOrVar","v":"plural"},"value"]},{"$i":"days-ago-long","$v":{"few":[{"t":"idOrVar","v":"value"}," dager siden"],"many":[{"t":"idOrVar","v":"value"}," dager siden"],"one":"i går","other":[{"t":"idOrVar","v":"value"}," dager siden"],"two":[{"t":"idOrVar","v":"value"}," dager siden"],"zero":"i dag"},"$x":[{"t":"idOrVar","v":"plural"},"value"]},{"$i":"weeks-ago-long","$v":{"few":[{"t":"idOrVar","v":"value"}," uker siden"],"many":[{"t":"idOrVar","v":"value"}," uker siden"],"one":"sist uke","other":[{"t":"idOrVar","v":"value"}," uker siden"],"two":[{"t":"idOrVar","v":"value"}," uker siden"],"zero":"denne uken"},"$x":[{"t":"idOrVar","v":"plural"},"value"]},{"$i":"months-ago-long","$v":{"few":[{"t":"idOrVar","v":"value"}," måneder siden"],"many":[{"t":"idOrVar","v":"value"}," måneder siden"],"one":"sist måned","other":[{"t":"idOrVar","v":"value"}," måneder siden"],"two":[{"t":"idOrVar","v":"value"}," måneder siden"],"zero":"denne måneden"},"$x":[{"t":"idOrVar","v":"plural"},"value"]},{"$i":"years-ago-long","$v":{"few":[{"t":"idOrVar","v":"value"}," år siden"],"many":[{"t":"idOrVar","v":"value"}," år siden"],"one":"i fjor","other":[{"t":"idOrVar","v":"value"}," år siden"],"two":[{"t":"idOrVar","v":"value"}," år siden"],"zero":"i år"},"$x":[{"t":"idOrVar","v":"plural"},"value"]},{"$i":"minutes-until-long","$v":{"few":["om ",{"t":"idOrVar","v":"value"}," minutter"],"many":["om ",{"t":"idOrVar","v":"value"}," minutter"],"one":"om ett minutt","other":["om ",{"t":"idOrVar","v":"value"}," minutter"],"two":["om ",{"t":"idOrVar","v":"value"}," minutter"],"zero":"nå"},"$x":[{"t":"idOrVar","v":"plural"},"value"]},{"$i":"hours-until-long","$v":{"few":["om ",{"t":"idOrVar","v":"value"}," timer"],"many":["om ",{"t":"idOrVar","v":"value"}," timer"],"one":"om én time","other":["om ",{"t":"idOrVar","v":"value"}," timer"],"two":["om ",{"t":"idOrVar","v":"value"}," timer"],"zero":"nå"},"$x":[{"t":"idOrVar","v":"plural"},"value"]},{"$i":"days-until-long","$v":{"few":["om ",{"t":"idOrVar","v":"value"}," dager"],"many":["om ",{"t":"idOrVar","v":"value"}," dager"],"one":"i morgen","other":["om ",{"t":"idOrVar","v":"value"}," dager"],"two":["om ",{"t":"idOrVar","v":"value"}," dager"],"zero":"i dag"},"$x":[{"t":"idOrVar","v":"plural"},"value"]},{"$i":"weeks-until-long","$v":{"few":["om ",{"t":"idOrVar","v":"value"}," uker"],"many":["om ",{"t":"idOrVar","v":"value"}," uker"],"one":"neste uke","other":["om ",{"t":"idOrVar","v":"value"}," uker"],"two":["om ",{"t":"idOrVar","v":"value"}," uker"],"zero":"denne uken"},"$x":[{"t":"idOrVar","v":"plural"},"value"]},{"$i":"months-until-long","$v":{"few":["om ",{"t":"idOrVar","v":"value"}," måneder"],"many":["om ",{"t":"idOrVar","v":"value"}," måneder"],"one":"neste måned","other":["om ",{"t":"idOrVar","v":"value"}," måneder"],"two":["om ",{"t":"idOrVar","v":"value"}," måneder"],"zero":"denne måneden"},"$x":[{"t":"idOrVar","v":"plural"},"value"]},{"$i":"years-until-long","$v":{"few":["om ",{"t":"idOrVar","v":"value"}," år"],"many":["om ",{"t":"idOrVar","v":"value"}," år"],"one":"neste år","other":["om ",{"t":"idOrVar","v":"value"}," år"],"two":["om ",{"t":"idOrVar","v":"value"}," år"],"zero":"i år"},"$x":[{"t":"idOrVar","v":"plural"},"value"]},{"$i":"minutes-ago-short","$v":{"other":[{"t":"idOrVar","v":"value"}," m siden"],"zero":"akkurat nå"},"$x":[{"t":"idOrVar","v":"plural"},"value"]},{"$i":"hours-ago-short","$v":{"other":[{"t":"idOrVar","v":"value"}," t siden"],"zero":"akkurat nå"},"$x":[{"t":"idOrVar","v":"plural"},"value"]},{"$i":"days-ago-short","$v":{"other":[{"t":"idOrVar","v":"value"}," d siden"],"zero":"i dag"},"$x":[{"t":"idOrVar","v":"plural"},"value"]},{"$i":"minutes-until-short","$v":{"other":["om ",{"t":"idOrVar","v":"value"},"m"],"zero":"nå"},"$x":[{"t":"idOrVar","v":"plural"},"value"]},{"$i":"hours-until-short","$v":{"other":["om ",{"t":"idOrVar","v":"value"},"t"],"zero":"nå"},"$x":[{"t":"idOrVar","v":"plural"},"value"]},{"$i":"days-until-short","$v":{"other":["om ",{"t":"idOrVar","v":"value"},"d"],"zero":"i dag"},"$x":[{"t":"idOrVar","v":"plural"},"value"]},{"$i":"incorrectDate","$v":"(feil dato)"},{"$i":"dateTimeFormat_%c","$v":"%a %b %e %Y %I:%M:%S %p"},{"$i":"dateTimeFormat_%x","$v":"%m/%d/%Y"},{"$i":"dateTimeFormat_%X","$v":"%I:%M:%S %p"},{"$i":"shortTimeFormat","$v":"%I:%M %p"},{"$i":"shortTimeFormat12","$v":"%I:%M %p"},{"$i":"shortTimeFormat24","$v":"%H:%M"},{"$i":"shortDateTimeFormat","$v":"%x %I:%M %p"},{"$i":"weekStartsOnMonday","$v":"0.0"},{"$i":"firstDayOfTheWeek","$v":"1.0"},{"$i":"time_am","$v":"AM"},{"$i":"time_pm","$v":"PM"},{"$i":"label","$v":"Etikett"},{"$i":"mobile","$v":"Mobile"},{"$i":"home","$v":"Hjem"},{"$i":"work","$v":"Arbeid"},{"$i":"personal","$v":"Personlig"},{"$i":"faxHome","$v":"Hjemmefaks"},{"$i":"faxOffice","$v":"Kontorfaks"},{"$i":"faxOther","$v":"Annen faks"},{"$i":"another","$v":"En annen"},{"$i":"other","$v":"Annet"},{"$i":"customTag","$v":"Egendefinert tagg","placeholder":"Egendefinert tagg"},{"$i":"current","$v":"Nåværende"},{"$i":"itemWithLabel","$v":[{"t":"idOrVar","v":"label"},", ",{"t":"idOrVar","v":"item"}]},{"$i":"airplaneMode","$v":"Flymodus"},{"$i":"searching","$v":"Søker…"},{"$i":"noNetwork","$v":"Ingen nettverk"},{"$i":"roaming","$v":[{"t":"idOrVar","v":"operator"}," (nettveksling)"]},{"$i":"operator-info","$v":[{"t":"idOrVar","v":"carrier"}," ",{"t":"idOrVar","v":"region"}]},{"$i":"emergencyCallsOnly","$v":"Kun nødanrop"},{"$i":"emergencyCallsOnly-unknownSIMState","$v":"(ukjent SIM-status)"},{"$i":"emergencyCallsOnly-noSIM","$v":"(ingen SIM)"},{"$i":"emergencyCallsOnly-pinRequired","$v":"(SIM PIN kreves)"},{"$i":"emergencyCallsOnly-pukRequired","$v":"(SIM PUK kreves)"},{"$i":"emergencyCallsOnly-networkLocked","$v":"(nettverk låst)"},{"$i":"emergencyCallsOnly-serviceProviderLocked","$v":"(tjenesteleverandørlåst)"},{"$i":"emergencyCallsOnly-corporateLocked","$v":"(bedriftslåst)"},{"$i":"emergencyCallsOnly-network1Locked","$v":"(nettverk1 låst)"},{"$i":"emergencyCallsOnly-network2Locked","$v":"(nettverk2 låst)"},{"$i":"emergencyCallsOnly-hrpdNetworkLocked","$v":"(hrpd-nettverk låst)"},{"$i":"emergencyCallsOnly-ruimCorporateLocked","$v":"(ruim bedriftslåst)"},{"$i":"emergencyCallsOnly-ruimServiceProviderLocked","$v":"(ruim tjenesteleverandørlåst)"},{"$i":"lockscreen-sim-id","$v":["SIM ",{"t":"idOrVar","v":"n"}]},{"$i":"charging-no-time","$v":[{"t":"idOrVar","v":"level"}," % ladet"]},{"$i":"charging-minutes","$v":{"few":[{"t":"idOrVar","v":"level"}," % ladet (",{"t":"idOrVar","v":"minutes"}," minutter før fulladet)"],"many":[{"t":"idOrVar","v":"level"}," % ladet (",{"t":"idOrVar","v":"minutes"}," minutter før fulladet)"],"one":[{"t":"idOrVar","v":"level"}," % ladet (",{"t":"idOrVar","v":"minutes"}," minutt før fulladet)"],"other":[{"t":"idOrVar","v":"level"}," % ladet (",{"t":"idOrVar","v":"minutes"}," minutter før fulladet)"],"two":[{"t":"idOrVar","v":"level"}," % ladet (",{"t":"idOrVar","v":"minutes"}," minutter før fulladet)"],"zero":[{"t":"idOrVar","v":"level"}," % ladet (",{"t":"idOrVar","v":"minutes"}," minutter før fulladet)"]},"$x":[{"t":"idOrVar","v":"plural"},"minutes"]},{"$i":"charging-hours","$v":{"few":[{"t":"idOrVar","v":"level"}," % ladet (",{"t":"idOrVar","v":"hours"},"t ",{"t":"idOrVar","v":"minutes"}," minutter før fulladet)"],"many":[{"t":"idOrVar","v":"level"}," % ladet (",{"t":"idOrVar","v":"hours"},"t ",{"t":"idOrVar","v":"minutes"}," minutter før fulladet)"],"one":[{"t":"idOrVar","v":"level"}," % ladet (",{"t":"idOrVar","v":"hours"},"t ",{"t":"idOrVar","v":"minutes"}," minutt før fulladet)"],"other":[{"t":"idOrVar","v":"level"}," % ladet (",{"t":"idOrVar","v":"hours"},"t ",{"t":"idOrVar","v":"minutes"}," minutter før fulladet)"],"two":[{"t":"idOrVar","v":"level"}," % ladet (",{"t":"idOrVar","v":"hours"},"t ",{"t":"idOrVar","v":"minutes"}," minutter før fulladet)"],"zero":[{"t":"idOrVar","v":"level"}," % ladet (",{"t":"idOrVar","v":"hours"},"t ",{"t":"idOrVar","v":"minutes"}," minutter før fulladet)"]},"$x":[{"t":"idOrVar","v":"plural"},"minutes"]},{"$i":"phoneNumberInput","ariaLabel":"Telefonnummer"},{"$i":"keypadDelete","ariaLabel":"Slett"},{"$i":"voiceMailKey","ariaLabel":"Talemelding"},{"$i":"asterisk","ariaLabel":"Stjerne"},{"$i":"hashSign","ariaLabel":"Hash-tegn"},{"$i":"cancel","$v":"Avbryt"},{"$i":"loadingSimContacts","$v":"Laster SIM-kortkontakter …"},{"$i":"noContactsWereFound","$v":"Fant ingen kontakter"},{"$i":"noContactsFoundDialogOk","$v":"OK"},{"$i":"emergencyNumber","$v":"Nødnummer"},{"$i":"callAirplaneModeMessage","$v":"For å foreta et anrop må du deaktivere flymodus i innstillinger."},{"$i":"callAirplaneModeBtnOk","$v":"OK"},{"$i":"callAirplaneModeTitle","$v":"Flymodus aktivert"},{"$i":"numberIsBusyTitle","$v":"Nummer er opptatt"},{"$i":"numberIsBusyMessage","$v":"Nummeret er opptatt. Prøv igjen senere."},{"$i":"fdnIsActiveTitle","$v":"FDN aktiv"},{"$i":"fdnIsActiveMessage","$v":["FDN (Fixed Dialling Numbers) er aktivert og følgende nummer er ikke i FDN-listen din: ",{"t":"idOrVar","v":"number"}]},{"$i":"emergencyDialogBodyBadNumber","$v":"For å foreta et anrop må telefonen være tilkoblet et nettverk."},{"$i":"emergencyDialogBodyDeviceNotAccepted","$v":"Nødanrop er ikke tillatt av nettverket."},{"$i":"emergencyDialogBtnOk","$v":"OK"},{"$i":"emergencyDialogTitle","$v":"Ingen nettverkstilkobling"},{"$i":"invalidNumberToDialTitle","$v":"Ugyldig telefonnummer"},{"$i":"invalidNumberToDialMessage","$v":"Telefonnummeret du ringer er ugyldig."},{"$i":"unableToCallTitle","$v":"Kan ikke foreta et anrop. "},{"$i":"unableToCallMessage","$v":"Kan ikke foreta en oppringning nå"},{"$i":"otherConnectionInUseTitle","$v":"Annen tilkobling i bruk"},{"$i":"otherConnectionInUseMessage","$v":"Du har en annen aktiv samtale i en annen forbindelse. Du kan bare bruke én tilkobling om gangen."},{"$i":"connectingEllipsis","$v":"Kobler til…"},{"$i":"clear","$v":"Fjern"},{"$i":"dialer","$v":"Oppringer"},{"$i":"kai-incomming-call","$v":"Innkommende anrop"},{"$i":"kai-in-call","$v":"In call"},{"$i":"kai-answer","$v":"Svar"},{"$i":"kai-end-answer","$v":"Avslutt og svar"},{"$i":"kai-decline","$v":"Avvis"},{"$i":"enter-passcode","$v":"Angi passord for å låse opp skjerm."},{"$i":"passcode-error","$v":"Ugyldig kode. Prøv igjen."},{"$i":"voice-call","$v":"Taleanrop"},{"$i":"video-call","$v":"Videoanrop"},{"$i":"message","$v":"Meldinger"},{"$i":"answer-rtt-call","$v":"Svar RTT"},{"$i":"req-rtt-call","$v":"ANS RTT"},{"$i":"rtt-call","$v":"RTT-anrop"},{"$i":"rtt-view","$v":"RTT-visning"},{"$i":"change-to-rtt-call","$v":"Kobler til RTT-anrop..."},{"$i":"change-to-voice-call","$v":"Endret til taleanrop."},{"$i":"upgrading-rtt","$v":"Oppgraderer til RTT-anrop..."},{"$i":"rtt-call-failed","$v":"RTT-anrop mislyktes"},{"$i":"voice-call-failed","$v":"Taleanrop mislyktes."},{"$i":"rtt","$v":"RTT"},{"$i":"rtt-emegency-upgrade-rejected","$v":"RTT er ikke tilgjengelig for dette nødanropet."},{"$i":"rtt-emegency-downgrade","$v":"RTT er ikke tilgjengelig for dette nødanropet. Samtalen har blitt koblet til som et taleanrop. Dersom du opplever problemer, kan du foreta et taleanrop eller reléanrop for en nødsamtale."},{"$i":"voice-only-call","$v":"Samtalen er tilkoblet som en kun tale-samtale."},{"$i":"ans-rtt-failed","$v":"Kunne ikke opprette RTT-anrop. Samtalen er tilkoblet som kun tale-samtale."},{"$i":"back","$v":"Tilbake"},{"$i":"new-message","$v":"Nye meldinger fra"},{"$i":"kai-mute","$v":"Demp"},{"$i":"kai-unmute","$v":"Slå på lyd"},{"$i":"kai-speaker","$v":"Høyttaler"},{"$i":"kai-speaker-off","$v":"Høyttaler av"},{"$i":"kai-microphone-mute-notification","$v":"Mikrofon er dempet"},{"$i":"kai-microphone-active-notification","$v":"Mikrofon er aktiv"},{"$i":"kai-speaker-off-notification","$v":"Ekstern høyttaler slått av"},{"$i":"kai-speaker-on-notification","$v":"Ekstern høyttaler slått på"},{"$i":"kai-hold-and-answer","$v":"Plasser på vent og svar"},{"$i":"kai-ignore-call","$v":"Ignorer innkommende anrop"},{"$i":"kai-add-to-call","$v":"Legg til anrop"},{"$i":"kai-switch-to-second-line","$v":"Bytt samtale"},{"$i":"kai-merge-calls","$v":"Slå sammen samtale"},{"$i":"ok","$v":"OK"},{"$i":"losing-wifi-msg","$v":"mister Wi-Fi"},{"$i":"hd","$v":"HD"},{"$i":"manage-call","$v":"Administrer anrop"},{"$i":"end","$v":"Avslutt samtale"},{"$i":"private","$v":"Privat"},{"$i":"sound","$v":"Lyd"},{"$i":"bluetooth-device","$v":"Bluetooth-enhet"},{"$i":"handset-earpiece","$v":"Håndsett"},{"$i":"speaker","$v":"Høyttaler"},{"$i":"call-ended","$v":"Anrop avsluttet"},{"$i":"payphone","$v":"Telefonboks"},{"$i":"contact","$v":"Kontakt"},{"$i":"dialer-prompt","$v":"Ring nummer eller velg en kontakt som skal legges til et anrop"},{"$i":"call","$v":"Ring"},{"$i":"hold","$v":"Sett på venting"},{"$i":"volume","$v":"Volum"},{"$i":"softkey-options","$v":"Valg"},{"$i":"unhold-call","$v":"Sett samtale av vent"},{"$i":"hold-call","$v":"Sett samtale på vent"},{"$i":"select","$v":"Velg"},{"$i":"unknown","$v":"Ukjent"},{"$i":"switch-calls","$v":"Bytt samtaler"},{"$i":"voiceMail","$v":"Talemelding"},{"$i":"incoming","$v":"Innkommende"},{"$i":"outgoing","$v":"Utgående"},{"$i":"callEnded","$v":"Anrop avsluttet"},{"$i":"callEndedDuration","$v":["Samtale avsluttet (",{"t":"idOrVar","v":"duration"},")"]},{"$i":"conferenceAddError","$v":"Kan ikke slå sammen samtaler"},{"$i":"conferenceRemoveError","$v":"Kan ikke oppheve sammenslåtte samtaler"},{"$i":"callDurationMinutes","$v":[{"t":"idOrVar","v":"m"},":",{"t":"idOrVar","v":"s"}]},{"$i":"callDurationHours","$v":[{"t":"idOrVar","v":"h"},":",{"t":"idOrVar","v":"m"},":",{"t":"idOrVar","v":"s"}]},{"$i":"callDurationTextFormatSeconds","$v":[{"t":"idOrVar","v":"s"}," s"]},{"$i":"callDurationTextFormatMinutes","$v":[{"t":"idOrVar","v":"m"}," m ",{"t":"idOrVar","v":"s"}," s"]},{"$i":"callDurationTextFormatHours","$v":[{"t":"idOrVar","v":"h"}," t ",{"t":"idOrVar","v":"m"}," m ",{"t":"idOrVar","v":"s"}," s"]},{"$i":"switch-to-device-toast","$v":"Byttet til Bluetooth-enhet"},{"$i":"switch-to-handset-toast","$v":"Byttet til øretelefon til håndsett"},{"$i":"switch-to-speaker-toast","$v":"Byttet til høyttaler"},{"$i":"connecting","$v":"Kobler til"},{"$i":"wifi-call-quality-excellent","$v":"Utmerket"},{"$i":"wifi-call-quality-fair","$v":"Bra"},{"$i":"wifi-call-quality-bad","$v":"Dårlig"},{"$i":"call-left-conference-toast","$v":"har forlatt samtalen"},{"$i":"camera-off","$v":"Kamera av"},{"$i":"camera-on","$v":"Kamera på"},{"$i":"rear-camera","$v":"Baksidekamera"},{"$i":"front-camera","$v":"Forsidekamera"},{"$i":"hide-info","$v":"Skjul informasjon"},{"$i":"show-info","$v":"Vis info"},{"$i":"video-call-rejected","$v":"Videoanrop er avvist, bytt til taleanrop."},{"$i":"video-call-not-support","$v":"Videoanrop støttes ikke."},{"$i":"video-call-rejected-timeout","$v":"Video call rejected or timeout."},{"$i":"video-call-from","$v":["Mottar videoanrop fra ",{"t":"idOrVar","v":"name"},"."]},{"$i":"video-call-canceled","$v":"Videoanrop er avbrutt."},{"$i":"video-call-failed","$v":"Videoanrop mislyktes."},{"$i":"call-downgraded","$v":"Ring nedgradert."},{"$i":"wifi-calling","$v":"Wi-Fi-oppkall"},{"$i":"wifi-calling-1","$v":"Samtalen kan falle ut."},{"$i":"wifi-calling-2","$v":"Du er nesten utenfor Wi-Fi-rekkevidde."},{"$i":"wifi-calling-dropped","$v":"Wi-Fi-oppkall falt ut."},{"$i":"accept","$v":"Godta"},{"$i":"conference-call-num","$v":[{"t":"idOrVar","v":"num"}," personer i samtale."]},{"$i":"more","$v":"Mer"},{"$i":"rec","$v":"REC"},{"$i":"start-recording-call","$v":"Begynn å spille inn anrop."},{"$i":"stop-recording-call","$v":"Slutt å spille inn anrop."},{"$i":"insufficient-storage","$v":"Utilstrekkelig lagringsplass. Innspilling stoppet."},{"$i":"reply","$v":"Svar"},{"$i":"reply-message-1","$v":"Beklager, jeg kan ikke snakke akkurat nå."},{"$i":"reply-message-2","$v":"Jeg er på vei."},{"$i":"reply-message-3","$v":"Kan jeg ringe deg senere?"},{"$i":"reply-message-4","$v":"Egendefinert..."},{"$i":"reply-to-name","$v":["Svarte ",{"t":"idOrVar","v":"name"}]},{"$i":"mt-call-on-hold","$v":"Samtalen er satt på vent."},{"$i":"mt-call_retrieved","$v":"Samtalen har blitt tatt imot."},{"$i":"mt-multi_party_call","$v":"Du er lagt til en konferansesamtale."},{"$i":"hangup-a11y-button","$v":""},{"$i":"pickup-a11y-button","$v":""},{"$i":"mute","$v":""},{"$i":"toggleKeypad","$v":""},{"$i":"newCall","$v":""},{"$i":"speakerOption","$v":""},{"$i":"bluetoothOption","$v":""},{"$i":"onHoldOption","$v":""},{"$i":"merge","$v":""},{"$i":"ignore","$v":""},{"$i":"dialerAddContact","$v":""},{"$i":"makeCall","$v":""},{"$i":"call-forwarding-async","$v":["Asynkron: ",{"t":"idOrVar","v":"async"}]},{"$i":"call-forwarding-data","$v":["Data: ",{"t":"idOrVar","v":"data"}]},{"$i":"call-forwarding-error","$v":"Det oppstod en feil under henting av statusen for viderekobling av anrop"},{"$i":"call-forwarding-fax","$v":["FAKS: ",{"t":"idOrVar","v":"fax"}]},{"$i":"call-forwarding-inactive","$v":"Inaktiv"},{"$i":"call-forwarding-packet","$v":["Pakke: ",{"t":"idOrVar","v":"packet"}]},{"$i":"call-forwarding-pad","$v":["PAD: ",{"t":"idOrVar","v":"pad"}]},{"$i":"call-forwarding-sms","$v":["SMS: ",{"t":"idOrVar","v":"sms"}]},{"$i":"call-forwarding-status","$v":"Viderekoblingsstatus"},{"$i":"call-forwarding-sync","$v":["Synkron: ",{"t":"idOrVar","v":"sync"}]},{"$i":"call-forwarding-voice","$v":["Tale: ",{"t":"idOrVar","v":"voice"}]},{"$i":"scCallBarring","$v":"Anropssperring"},{"$i":"scCallForwarding","$v":"Viderekobling"},{"$i":"scClip","$v":"Innkommende anrops-ID"},{"$i":"scClir","$v":"Utgående anrops-ID"},{"$i":"scPwd","$v":"Passordendring"},{"$i":"scCallWaiting","$v":"Samtale venter"},{"$i":"scPin","$v":"PIN-endring"},{"$i":"scPin2","$v":"PIN2-endring"},{"$i":"scPuk","$v":"Opphev blokkering av PIN-kode"},{"$i":"scPuk2","$v":"Opphev blokkering av PIN2"},{"$i":"scImei","$v":"IMEI"},{"$i":"scMeid","$v":"MEID"},{"$i":"scUssd","$v":"USSD"},{"$i":"serviceClassVoice","$v":"Tale"},{"$i":"serviceClassData","$v":"Data"},{"$i":"serviceClassFax","$v":"FAKS"},{"$i":"serviceClassSms","$v":"SMS"},{"$i":"serviceClassDataSync","$v":"Synkroniser"},{"$i":"serviceClassDataAsync","$v":"Asynkron"},{"$i":"serviceClassPacket","$v":"Pakke"},{"$i":"serviceClassPad","$v":"PAD"},{"$i":"smServiceEnabled","$v":"Tjenesten ble aktivert"},{"$i":"smServiceDisabled","$v":"Tjenesten er deaktivert"},{"$i":"smServiceRegistered","$v":"Registrering fullført"},{"$i":"smServiceErased","$v":"Sletting var vellykket"},{"$i":"smServiceInterrogated","$v":"Forespørsel var vellykket"},{"$i":"smServiceNotProvisioned","$v":"Tjenesten er ikke klargjort"},{"$i":"smClirPermanent","$v":"Du kan ikke endre innstillingen for anrops-ID"},{"$i":"smClirDefaultOnNextCallOn","$v":"Anrops-ID automatisk begrenset. Neste anrop: Begrenset"},{"$i":"smClirDefaultOnNextCallOff","$v":"Anrops-ID går automatisk til begrenset. Neste anrop: Ikke begrenset"},{"$i":"smClirDefaultOffNextCallOn","$v":"Anrops-ID går automatisk til ikke begrenset. Neste anrop: Begrenset"},{"$i":"smClirDefaultOffNextCallOff","$v":"Anrops-ID går automatisk til ikke begrenset. Neste anrop: Ikke begrenset"},{"$i":"smServiceEnabledFor","$v":"Tjenesten aktivert for:"},{"$i":"smPinChanged","$v":"PIN ble endret"},{"$i":"smPinUnblocked","$v":"PIN ble avblokkert"},{"$i":"smPin2Changed","$v":"PIN2 ble endret"},{"$i":"smPin2Unblocked","$v":"PIN2 ble avblokkert"},{"$i":"ServiceIsEnabled","$v":"Tjenesten er aktivert"},{"$i":"ServiceIsDisabled","$v":"Tjenesten er deaktivert"},{"$i":"ServiceIsEnabledFor","$v":"Tjenesten er aktivert for:"},{"$i":"emMmiError","$v":"Tilkoblingsproblem eller ugyldig MMI-kode"},{"$i":"emMmiErrorPasswordIncorrect","$v":"Feil passord"},{"$i":"emMmiErrorNotSupported","$v":"Ugyldig eller ikke støttet MMI-kode"},{"$i":"emMmiErrorInvalidAction","$v":"Ugyldig handling"},{"$i":"emMmiErrorInvalidScCode","$v":"Ugyldig tjenestekode"},{"$i":"emMmiErrorBadPuk","$v":"PUK-koden du oppga er feil"},{"$i":"emMmiErrorBadPin","$v":"Den gamle PIN-koden du oppga er feil."},{"$i":"emMmiErrorNeedPuk2","$v":"Skriv inn PUK2 for å oppheve blokkeringen av SIM-kortet"},{"$i":"emMmiErrorMismatchPin","$v":"De angitte PIN-koden stemmer ikke overens"},{"$i":"emMmiErrorInvalidPin","$v":"Angi en PIN som er på 4 – 8 tall"},{"$i":"emMmiErrorNeedsPuk","$v":"SIM-kortet er PUK-låst"},{"$i":"emMmiErrorEnablePin","$v":"Mislykket. Aktiver SIM/RUIM LOCK"},{"$i":"emMmiErrorMmiFdn","$v":"Operasjonen er begrenset til bare tillatte numre"},{"$i":"emMmiErrorStkCcUssdDial","$v":"USSD-forespørsel er endret til DIAL-forespørsel"},{"$i":"emMmiErrorStkCcUssdSs","$v":"USSD-forespørsel er endret til SS-forespørsel"},{"$i":"emMmiErrorStkCcUssdUssd","$v":"USSD-forespørsel er endret til ny USSD-forespørsel"},{"$i":"emMmiErrorStkCcSsDial","$v":"SS-forespørsel er endret til DIAL-forespørsel"},{"$i":"emMmiErrorStkCcSsUssd","$v":"SS-foresp. endret til USSD-foresp."},{"$i":"emMmiErrorStkCcSsSs","$v":"SS-foresp. endret til ny SS-foresp."},{"$i":"emMmiErrorPinPukAttempts","$v":{"few":[{"t":"idOrVar","v":"n"}," forsøk igjen"],"many":[{"t":"idOrVar","v":"n"}," forsøk igjen"],"one":["Bare ",{"t":"idOrVar","v":"n"}," forsøk igjen"],"other":[{"t":"idOrVar","v":"n"}," forsøk igjen"],"two":[{"t":"idOrVar","v":"n"}," forsøk igjen"]},"$x":[{"t":"idOrVar","v":"plural"},"n"]},{"$i":"emMmiErrorSimBlocked","$v":"Maksimalt antall forsøk nådd. SIM blokkert"},{"$i":"RadioNotAvailable","$v":"Radio not available"},{"$i":"GenericFailure","$v":"Generell feil"},{"$i":"PasswordIncorrect","$v":"Passord feil"},{"$i":"SimPin2","$v":"SIM PIN2"},{"$i":"SimPuk2","$v":"SIM PUK2"},{"$i":"RequestNotSupported","$v":"Forespørsel støttes ikke"},{"$i":"OpNotAllowedDuringVoiceCall","$v":"Operasj. ikke tillatt under taleanrop"},{"$i":"SmsSendFailRetry","$v":"SMS send fail retry"},{"$i":"SimAbsent","$v":"SIM mangler"},{"$i":"SubscriptionNotAvailable","$v":"Abonnement er ikke tilgjengelig"},{"$i":"ModeNotSupported","$v":"Modus støttes ikke"},{"$i":"FdnCheckFailure","$v":"Fdn-kontrollfeil"},{"$i":"IllegalSimOrMe","$v":"Ulovlig SIM eller ME"},{"$i":"DialModifiedToUssd","$v":"Dial modified to USSD"},{"$i":"DialModifiedToSs","$v":"Dial modified to SS"},{"$i":"DialModifiedToDial","$v":"Dial modified to dial"},{"$i":"UssdModifiedToDial","$v":"USSD endret til oppringing"},{"$i":"UssdModifiedToSs","$v":"USSD endret til SS"},{"$i":"UssdModifiedToUssd","$v":"USSD endret til USSD"},{"$i":"SsModifiedToDial","$v":"SS endret til oppringing"},{"$i":"SsModifiedToUssd","$v":"SS endret til USSD"},{"$i":"SsModifiedToSs","$v":"SS endret til SS"},{"$i":"SubscriptionNotSupported","$v":"Abonnement støttes ikke"},{"$i":"InvalidParameter","$v":"Ugyldig parameter"},{"$i":"RejectedByRemote","$v":"Avvist av ekstern"},{"$i":"error","$v":"Feil"}]