[{"$i":"weekday-0-long","$v":"आइतबार"},{"$i":"weekday-1-long","$v":"सोमबार"},{"$i":"weekday-2-long","$v":"मङ्गलबार"},{"$i":"weekday-3-long","$v":"बुधबार"},{"$i":"weekday-4-long","$v":"बिहिबार"},{"$i":"weekday-5-long","$v":"शुक्रबार"},{"$i":"weekday-6-long","$v":"शनिबार"},{"$i":"weekday-0-short","$v":"सूर्य"},{"$i":"weekday-1-short","$v":"सोमबार"},{"$i":"weekday-2-short","$v":"मङ्गलबार"},{"$i":"weekday-3-short","$v":"बुधबार"},{"$i":"weekday-4-short","$v":"बिहीबार"},{"$i":"weekday-5-short","$v":"शुक्रबार"},{"$i":"weekday-6-short","$v":"शनिबार"},{"$i":"month-0-long","$v":"जनवरी"},{"$i":"month-1-long","$v":"फेब्रुअरी"},{"$i":"month-2-long","$v":"मार्च"},{"$i":"month-3-long","$v":"अप्रिल"},{"$i":"month-4-long","$v":"मे"},{"$i":"month-5-long","$v":"जुन"},{"$i":"month-6-long","$v":"जुलाइ"},{"$i":"month-7-long","$v":"अगस्ट"},{"$i":"month-8-long","$v":"सेप्टेम्बर"},{"$i":"month-9-long","$v":"अक्टुबर"},{"$i":"month-10-long","$v":"नोभेम्बर"},{"$i":"month-11-long","$v":"डिसेम्बर"},{"$i":"month-0-genitive","$v":"जनवरी"},{"$i":"month-1-genitive","$v":"फेब्रुअरी"},{"$i":"month-2-genitive","$v":"मार्च"},{"$i":"month-3-genitive","$v":"अप्रिल"},{"$i":"month-4-genitive","$v":"मे"},{"$i":"month-5-genitive","$v":"जुन"},{"$i":"month-6-genitive","$v":"जुलाइ"},{"$i":"month-7-genitive","$v":"अगस्ट"},{"$i":"month-8-genitive","$v":"सेप्टेम्बर"},{"$i":"month-9-genitive","$v":"अक्टुबर"},{"$i":"month-10-genitive","$v":"नोभेम्बर"},{"$i":"month-11-genitive","$v":"डिसेम्बर"},{"$i":"month-0-short","$v":"जनवरी"},{"$i":"month-1-short","$v":"फेब्रुअरी"},{"$i":"month-2-short","$v":"मार्च"},{"$i":"month-3-short","$v":"अप्रिल"},{"$i":"month-4-short","$v":"मे"},{"$i":"month-5-short","$v":"जुन"},{"$i":"month-6-short","$v":"जुलाई"},{"$i":"month-7-short","$v":"अगस्ट"},{"$i":"month-8-short","$v":"सेप्टेम्बर"},{"$i":"month-9-short","$v":"अक्टोबर"},{"$i":"month-10-short","$v":"नोभेम्बर"},{"$i":"month-11-short","$v":"डिसेम्बर"},{"$i":"minutes-ago-long","$v":{"few":[{"t":"idOrVar","v":"value"}," मिनेट पहिला"],"many":[{"t":"idOrVar","v":"value"}," मिनेट पहिला"],"one":"एक मिनेट अघि","other":[{"t":"idOrVar","v":"value"}," मिनेट पहिला"],"two":[{"t":"idOrVar","v":"value"}," मिनेट पहिला"],"zero":"अहिले भर्खर"},"$x":[{"t":"idOrVar","v":"plural"},"value"]},{"$i":"hours-ago-long","$v":{"few":[{"t":"idOrVar","v":"value"}," घण्टा पहिला"],"many":[{"t":"idOrVar","v":"value"}," घण्टा पहिला"],"one":"एक घण्टा अघि","other":[{"t":"idOrVar","v":"value"}," घण्टा पहिला"],"two":[{"t":"idOrVar","v":"value"}," घण्टा पहिला"],"zero":"अहिले भर्खर"},"$x":[{"t":"idOrVar","v":"plural"},"value"]},{"$i":"days-ago-long","$v":{"few":[{"t":"idOrVar","v":"value"}," दिन पहिला"],"many":[{"t":"idOrVar","v":"value"}," दिन पहिला"],"one":"हिजो","other":[{"t":"idOrVar","v":"value"}," दिन पहिला"],"two":[{"t":"idOrVar","v":"value"}," दिन पहिला"],"zero":"आज"},"$x":[{"t":"idOrVar","v":"plural"},"value"]},{"$i":"weeks-ago-long","$v":{"few":[{"t":"idOrVar","v":"value"}," हप्ता पहिला"],"many":[{"t":"idOrVar","v":"value"}," हप्ता पहिला"],"one":"गत हप्ता","other":[{"t":"idOrVar","v":"value"}," हप्ता पहिला"],"two":[{"t":"idOrVar","v":"value"}," हप्ता पहिला"],"zero":"यो हप्ता"},"$x":[{"t":"idOrVar","v":"plural"},"value"]},{"$i":"months-ago-long","$v":{"few":[{"t":"idOrVar","v":"value"}," महिना पहिला"],"many":[{"t":"idOrVar","v":"value"}," महिना पहिला"],"one":"गत महिना","other":[{"t":"idOrVar","v":"value"}," महिना पहिला"],"two":[{"t":"idOrVar","v":"value"}," महिना पहिला"],"zero":"यो महिना"},"$x":[{"t":"idOrVar","v":"plural"},"value"]},{"$i":"years-ago-long","$v":{"few":[{"t":"idOrVar","v":"value"}," वर्ष पहिला"],"many":[{"t":"idOrVar","v":"value"}," वर्ष पहिला"],"one":"गएको वर्ष","other":[{"t":"idOrVar","v":"value"}," वर्ष पहिला"],"two":[{"t":"idOrVar","v":"value"}," वर्ष पहिला"],"zero":"यो वर्ष"},"$x":[{"t":"idOrVar","v":"plural"},"value"]},{"$i":"minutes-until-long","$v":{"few":[{"t":"idOrVar","v":"value"}," मिनेटमा"],"many":[{"t":"idOrVar","v":"value"}," मिनेटमा"],"one":"एक मिनेटमा","other":[{"t":"idOrVar","v":"value"}," मिनेटमा"],"two":[{"t":"idOrVar","v":"value"}," मिनेटमा"],"zero":"अहिले"},"$x":[{"t":"idOrVar","v":"plural"},"value"]},{"$i":"hours-until-long","$v":{"few":[{"t":"idOrVar","v":"value"}," घण्टामा"],"many":[{"t":"idOrVar","v":"value"}," घण्टामा"],"one":"एक घण्टामा","other":[{"t":"idOrVar","v":"value"}," घण्टामा"],"two":[{"t":"idOrVar","v":"value"}," घण्टामा"],"zero":"अहिले"},"$x":[{"t":"idOrVar","v":"plural"},"value"]},{"$i":"days-until-long","$v":{"few":[{"t":"idOrVar","v":"value"}," दिनमा"],"many":[{"t":"idOrVar","v":"value"}," दिनमा"],"one":"भोली","other":[{"t":"idOrVar","v":"value"}," दिनमा"],"two":[{"t":"idOrVar","v":"value"}," दिनमा"],"zero":"आज"},"$x":[{"t":"idOrVar","v":"plural"},"value"]},{"$i":"weeks-until-long","$v":{"few":[{"t":"idOrVar","v":"value"}," हप्तामा"],"many":[{"t":"idOrVar","v":"value"}," हप्तामा"],"one":"अर्को हप्ता","other":[{"t":"idOrVar","v":"value"}," हप्तामा"],"two":[{"t":"idOrVar","v":"value"}," हप्तामा"],"zero":"यो हप्ता"},"$x":[{"t":"idOrVar","v":"plural"},"value"]},{"$i":"months-until-long","$v":{"few":[{"t":"idOrVar","v":"value"}," महिनामा"],"many":[{"t":"idOrVar","v":"value"}," महिनामा"],"one":"अर्को महिना","other":[{"t":"idOrVar","v":"value"}," महिनामा"],"two":[{"t":"idOrVar","v":"value"}," महिनामा"],"zero":"यो महिना"},"$x":[{"t":"idOrVar","v":"plural"},"value"]},{"$i":"years-until-long","$v":{"few":[{"t":"idOrVar","v":"value"}," वर्षमा"],"many":[{"t":"idOrVar","v":"value"}," वर्षमा"],"one":"अर्को वर्ष","other":[{"t":"idOrVar","v":"value"}," वर्षमा"],"two":[{"t":"idOrVar","v":"value"}," वर्षमा"],"zero":"यो वर्ष"},"$x":[{"t":"idOrVar","v":"plural"},"value"]},{"$i":"minutes-ago-short","$v":{"other":[{"t":"idOrVar","v":"value"}," मिनेट पहिला"],"zero":"अहिले भर्खर"},"$x":[{"t":"idOrVar","v":"plural"},"value"]},{"$i":"hours-ago-short","$v":{"other":[{"t":"idOrVar","v":"value"},"घण्टा पहिला"],"zero":"अहिले भर्खर"},"$x":[{"t":"idOrVar","v":"plural"},"value"]},{"$i":"days-ago-short","$v":{"other":[{"t":"idOrVar","v":"value"},"दिन पहिला"],"zero":"आज"},"$x":[{"t":"idOrVar","v":"plural"},"value"]},{"$i":"minutes-until-short","$v":{"other":[{"t":"idOrVar","v":"value"}," मिनेटमा"],"zero":"अहिले"},"$x":[{"t":"idOrVar","v":"plural"},"value"]},{"$i":"hours-until-short","$v":{"other":[{"t":"idOrVar","v":"value"}," घण्टामा"],"zero":"अहिले"},"$x":[{"t":"idOrVar","v":"plural"},"value"]},{"$i":"days-until-short","$v":{"other":[{"t":"idOrVar","v":"value"}," दिनमा"],"zero":"आज"},"$x":[{"t":"idOrVar","v":"plural"},"value"]},{"$i":"incorrectDate","$v":"(गलत मिति)"},{"$i":"dateTimeFormat_%c","$v":"%a %b %e %Y %I:%M:%S %p"},{"$i":"dateTimeFormat_%x","$v":"%m/%d/%Y"},{"$i":"dateTimeFormat_%X","$v":"%I:%M:%S %p"},{"$i":"shortTimeFormat","$v":"%I:%M %p"},{"$i":"shortTimeFormat12","$v":"%I:%M %p"},{"$i":"shortTimeFormat24","$v":"%H:%M"},{"$i":"shortDateTimeFormat","$v":"%x %I:%M %p"},{"$i":"weekStartsOnMonday","$v":"0.0"},{"$i":"firstDayOfTheWeek","$v":"0.0"},{"$i":"time_am","$v":"AM"},{"$i":"time_pm","$v":"PM"},{"$i":"label","$v":"लेबल"},{"$i":"mobile","$v":"मोबाइल"},{"$i":"home","$v":"गृह"},{"$i":"work","$v":"काम"},{"$i":"personal","$v":"व्यक्तिगत"},{"$i":"faxHome","$v":"फ्याक्स गृह"},{"$i":"faxOffice","$v":"फ्याक्स अफिस"},{"$i":"faxOther","$v":"अन्य फ्याक्स गर्नुहोस्"},{"$i":"another","$v":"अर्को"},{"$i":"other","$v":"अन्य"},{"$i":"customTag","$v":"कस्टम ट्याग","placeholder":"कस्टम ट्याग"},{"$i":"current","$v":"हालको"},{"$i":"itemWithLabel","$v":[{"t":"idOrVar","v":"label"},", ",{"t":"idOrVar","v":"item"}]},{"$i":"airplaneMode","$v":"ऐर्प्लने मोड"},{"$i":"searching","$v":"खोजी गर्दै..."},{"$i":"noNetwork","$v":"नेटवर्क छैन"},{"$i":"roaming","$v":[{"t":"idOrVar","v":"operator"}," (रोमिङ)"]},{"$i":"operator-info","$v":[{"t":"idOrVar","v":"carrier"}," ",{"t":"idOrVar","v":"region"}]},{"$i":"emergencyCallsOnly","$v":"आपतकालीन कलहरू मात्र"},{"$i":"emergencyCallsOnly-unknownSIMState","$v":"(अज्ञात SIM स्थिति)"},{"$i":"emergencyCallsOnly-noSIM","$v":"(SIM छैन)"},{"$i":"emergencyCallsOnly-pinRequired","$v":"(SIM PIN आवश्यक छ)"},{"$i":"emergencyCallsOnly-pukRequired","$v":"(सिम PUK आवश्यक छ)"},{"$i":"emergencyCallsOnly-networkLocked","$v":"(नेटवर्क लक छ)"},{"$i":"emergencyCallsOnly-serviceProviderLocked","$v":"(सेवाप्रदायक लक गरिएको छ)"},{"$i":"emergencyCallsOnly-corporateLocked","$v":"(कर्पोरेट लक गरिएको छ)"},{"$i":"emergencyCallsOnly-network1Locked","$v":"(नेटवर्क1 लक गरिएको छ)"},{"$i":"emergencyCallsOnly-network2Locked","$v":"(नेटवर्क2 लक गरिएको छ)"},{"$i":"emergencyCallsOnly-hrpdNetworkLocked","$v":"(hrpd नेटवर्क लक गरिएको छ)"},{"$i":"emergencyCallsOnly-ruimCorporateLocked","$v":"(ruim संगठित बन्द भयो)"},{"$i":"emergencyCallsOnly-ruimServiceProviderLocked","$v":"(ruim सेवा प्रदायक बन्द भयो)"},{"$i":"lockscreen-sim-id","$v":["सिम ",{"t":"idOrVar","v":"n"}]},{"$i":"charging-no-time","$v":[{"t":"idOrVar","v":"level"},"% चार्ज भयो"]},{"$i":"charging-minutes","$v":{"few":[{"t":"idOrVar","v":"level"},"% चार्ज भयो (चार्ज पूरा हुन ",{"t":"idOrVar","v":"minutes"}," मिनेट बाँकी)"],"many":[{"t":"idOrVar","v":"level"},"% चार्ज भयो (चार्ज पूरा हुन ",{"t":"idOrVar","v":"minutes"}," मिनेट बाँकी)"],"one":[{"t":"idOrVar","v":"level"},"% चार्ज भयो (चार्ज पूरा हुन ",{"t":"idOrVar","v":"minutes"}," मिनेट बाँकी)"],"other":[{"t":"idOrVar","v":"level"},"% चार्ज भयो (चार्ज पूरा हुन ",{"t":"idOrVar","v":"minutes"}," मिनेट बाँकी)"],"two":[{"t":"idOrVar","v":"level"},"% चार्ज भयो (चार्ज पूरा हुन ",{"t":"idOrVar","v":"minutes"}," मिनेट बाँकी)"],"zero":[{"t":"idOrVar","v":"level"},"% चार्ज भयो (चार्ज पूरा हुन ",{"t":"idOrVar","v":"minutes"}," मिनेट बाँकी)"]},"$x":[{"t":"idOrVar","v":"plural"},"minutes"]},{"$i":"charging-hours","$v":{"few":[{"t":"idOrVar","v":"level"},"% चार्ज भयो (चार्ज पूरा हुन ",{"t":"idOrVar","v":"hours"},"घण्टा ",{"t":"idOrVar","v":"minutes"}," मिनेट बाँकी)"],"many":[{"t":"idOrVar","v":"level"},"% चार्ज भयो (चार्ज पूरा हुन ",{"t":"idOrVar","v":"hours"},"घण्टा ",{"t":"idOrVar","v":"minutes"}," मिनेट बाँकी)"],"one":[{"t":"idOrVar","v":"level"},"% चार्ज भयो (चार्ज पूरा हुन ",{"t":"idOrVar","v":"hours"},"घण्टा ",{"t":"idOrVar","v":"minutes"}," मिनेट बाँकी)"],"other":[{"t":"idOrVar","v":"level"},"% चार्ज भयो (चार्ज पूरा हुन ",{"t":"idOrVar","v":"hours"},"घण्टा ",{"t":"idOrVar","v":"minutes"}," मिनेट बाँकी)"],"two":[{"t":"idOrVar","v":"level"},"% चार्ज भयो (चार्ज पूरा हुन ",{"t":"idOrVar","v":"hours"},"घण्टा ",{"t":"idOrVar","v":"minutes"}," मिनेट बाँकी)"],"zero":[{"t":"idOrVar","v":"level"},"% चार्ज भयो (चार्ज पूरा हुन ",{"t":"idOrVar","v":"hours"},"घण्टा ",{"t":"idOrVar","v":"minutes"}," मिनेट बाँकी)"]},"$x":[{"t":"idOrVar","v":"plural"},"minutes"]},{"$i":"phoneNumberInput","ariaLabel":"फोन नम्बर"},{"$i":"keypadDelete","ariaLabel":"मेट्नुहोस्"},{"$i":"voiceMailKey","ariaLabel":"भ्वाइस मेल"},{"$i":"asterisk","ariaLabel":"तारा चिह्न"},{"$i":"hashSign","ariaLabel":"साइन इन छ"},{"$i":"cancel","$v":"रद्द गर्नुहोस्"},{"$i":"loadingSimContacts","$v":"SIM कार्डको सम्पर्कहरू लोड हुदै..."},{"$i":"noContactsWereFound","$v":"कुनै सम्पर्कहरू फेला परेनन्"},{"$i":"noContactsFoundDialogOk","$v":"ठीक छ"},{"$i":"emergencyNumber","$v":"आपतकालीन नम्बर"},{"$i":"callAirplaneModeMessage","$v":"सम्पर्क राख्न चाहनु हुन्छ भनी तपाईंले सेटिङहरूमा गएर हवाइजहाज मोडलाई असक्षम गर्नुपर्छ"},{"$i":"callAirplaneModeBtnOk","$v":"ठीक छ"},{"$i":"callAirplaneModeTitle","$v":"विमान मोड सक्रिय भयो"},{"$i":"numberIsBusyTitle","$v":"नम्बर ब्यस्त छ"},{"$i":"numberIsBusyMessage","$v":"नम्बर हालैमा व्यस्त छ। कृपया पछि फेरि प्रयास गर्नुहोस्।"},{"$i":"fdnIsActiveTitle","$v":"FDN सक्रिय"},{"$i":"fdnIsActiveMessage","$v":["FDN (फिक्स्ड डायलिङ नम्बर) सक्रिय भयो र तपाईंको FDN नम्बर निम्नलिखित सुचीमा छैन्: ",{"t":"idOrVar","v":"number"}]},{"$i":"emergencyDialogBodyBadNumber","$v":"सम्पर्क राख्न चाहनु हुन्छ भनि फोनलाई नेटवर्कमा जडान गरिएको हुनुपर्छ"},{"$i":"emergencyDialogBodyDeviceNotAccepted","$v":"आपतकालीन कलहरू नेटवर्कद्वारा अनुमति छैन्।"},{"$i":"emergencyDialogBtnOk","$v":"ठीक छ"},{"$i":"emergencyDialogTitle","$v":"नेटवर्क जडान छैन"},{"$i":"invalidNumberToDialTitle","$v":"अवैधानिक फोन नम्बर"},{"$i":"invalidNumberToDialMessage","$v":"तपाईंले सम्पर्क गर्नु भएको फोन उपलब्ध छैन्"},{"$i":"unableToCallTitle","$v":"कल गर्न सकिँदैन"},{"$i":"unableToCallMessage","$v":"अहिले फोन कल गर्न सकेन।"},{"$i":"otherConnectionInUseTitle","$v":"अन्य जडानलाई प्रयोग गर्नुहोस्"},{"$i":"otherConnectionInUseMessage","$v":"तपाईंसँग अर्को जडानमा सक्रिय कल छ। एक पटकमा तपाईंले एउटा मात्र जडान गर्न सक्नुहुन्छ?"},{"$i":"connectingEllipsis","$v":"जडान हुँदै..."},{"$i":"clear","$v":"मेटाउनुहोस्"},{"$i":"dialer","$v":"डायलर"},{"$i":"kai-incomming-call","$v":"आगमन कल"},{"$i":"kai-in-call","$v":"कलमा"},{"$i":"kai-answer","$v":"कल उठाउनुहोस्"},{"$i":"kai-end-answer","$v":"समाप्त गर्नुोहोस् र उत्तर दिनुहोस्"},{"$i":"kai-decline","$v":"अस्वीकार गर्नुहोस्"},{"$i":"enter-passcode","$v":"कृपया स्क्रिन अनलक गर्न पासकोड प्रविष्ट गर्नुहोस्।"},{"$i":"passcode-error","$v":"अमान्य कोड। कृपया फेरि प्रयास गर्नुहोस्।"},{"$i":"voice-call","$v":"भ्वाइसमा परिवर्तन गर्नुहोस्"},{"$i":"video-call","$v":"भिडियोमा परिवर्तन गर्नुहोस्"},{"$i":"message","$v":"सन्देश"},{"$i":"answer-rtt-call","$v":"आर.टि.टि जवाफ दिनुहोस्"},{"$i":"req-rtt-call","$v":"ANS RTT"},{"$i":"rtt-call","$v":"आर.टि.टि कल गर्नुहोस्"},{"$i":"rtt-view","$v":"आर.टि.टि दृश्य"},{"$i":"change-to-rtt-call","$v":"आर.टि.टि कल जडान गर्दै..."},{"$i":"change-to-voice-call","$v":"भ्वाइस कलमा परिवर्तन भयो।"},{"$i":"upgrading-rtt","$v":"आर.टि.टि कललाई स्तरवृद्धि गर्दै..."},{"$i":"rtt-call-failed","$v":"आर.टि.टि कल गर्न असफल भयो।"},{"$i":"voice-call-failed","$v":"भ्वाइस कल असफल भयो।"},{"$i":"rtt","$v":"RTT"},{"$i":"rtt-emegency-upgrade-rejected","$v":"यो 911 कल गर्नको लागि आर.टि.टि उपलब्ध छैन।"},{"$i":"rtt-emegency-downgrade","$v":"यो 911 कल गर्नको लागि आर.टि.टि उपलब्ध छैन। तपाईंको कललाई भ्वाइस कलको रूपमा मात्रै जडान गरिएको छ। तपाईंले कठिनाइहरू अनुभव गर्नुहुन्छ भने, कृपया 911 मा भ्वाइस वा रिले कल राख्नुहोस्।"},{"$i":"voice-only-call","$v":"तपाईंको कललाई भ्वाइस मात्र कलको रूपमा जडान गरिएको छ।"},{"$i":"ans-rtt-failed","$v":"आर.टी.टी कल स्थापना गर्न असफल भयो। तपाईंको कललाई भ्वाइस मात्र कलको रूपमा जडान गरिएको छ।"},{"$i":"back","$v":"पछाडि"},{"$i":"new-message","$v":"बाट नयाँ सन्देशहरू"},{"$i":"kai-mute","$v":"म्यूट गर्नुहोस्"},{"$i":"kai-unmute","$v":"अनम्यूट गर्नुहोस्"},{"$i":"kai-speaker","$v":"स्पिकर"},{"$i":"kai-speaker-off","$v":"स्पिकर अफ"},{"$i":"kai-microphone-mute-notification","$v":"माइक्रोफोन म्युट भयो"},{"$i":"kai-microphone-active-notification","$v":"माइक्रोफोन सक्रिय छ"},{"$i":"kai-speaker-off-notification","$v":"बाह्य स्पिकर बन्द भयो"},{"$i":"kai-speaker-on-notification","$v":"बाह्य स्पिकर खुला भयो"},{"$i":"kai-hold-and-answer","$v":"होल्ड र उत्तरमा राख्नुहोस्"},{"$i":"kai-ignore-call","$v":"आगमन कलहरू अस्विकार गर्नुहोस्"},{"$i":"kai-add-to-call","$v":"कल थप्नुहोस्"},{"$i":"kai-switch-to-second-line","$v":"कल स्वाप गर्नुहोस्"},{"$i":"kai-merge-calls","$v":"कल मर्ज गर्नुहोस्"},{"$i":"ok","$v":"ठीक छ"},{"$i":"losing-wifi-msg","$v":"losing Wi-Fi"},{"$i":"hd","$v":"HD"},{"$i":"manage-call","$v":"कल व्यवस्थित गर्नुहोस्"},{"$i":"end","$v":"कल समाप्त गर्नुहोस्"},{"$i":"private","$v":"निजी"},{"$i":"sound","$v":"आवाज"},{"$i":"bluetooth-device","$v":"ब्लुटूथ यन्त्र"},{"$i":"handset-earpiece","$v":"ह्याण्डसेट"},{"$i":"speaker","$v":"स्पिकर"},{"$i":"call-ended","$v":"कल समाप्त भयो"},{"$i":"payphone","$v":"पेफोन"},{"$i":"contact","$v":"सम्पर्कहरू"},{"$i":"dialer-prompt","$v":"कल थप्न सम्पर्क चयन वा नम्बर डायल गर्नुहोस्"},{"$i":"call","$v":"कल गर्नुहोस्"},{"$i":"hold","$v":"होल्ड गर्नुहोस्"},{"$i":"volume","$v":"मात्रा"},{"$i":"softkey-options","$v":"विकल्पहरू"},{"$i":"unhold-call","$v":"कल होल्ड नगर्नुहोस्"},{"$i":"hold-call","$v":"कल होल्ड गर्नुहोस्"},{"$i":"select","$v":"चयन गर्नुहोस्"},{"$i":"unknown","$v":"अज्ञात"},{"$i":"switch-calls","$v":"कलहरू स्विच गर्नुहोस्"},{"$i":"voiceMail","$v":"भ्वाइस मेल"},{"$i":"incoming","$v":"आगमन"},{"$i":"outgoing","$v":"बहिर्गमन"},{"$i":"callEnded","$v":"कल समाप्त भयो"},{"$i":"callEndedDuration","$v":["कल समाप्त भयो (",{"t":"idOrVar","v":"duration"},")"]},{"$i":"conferenceAddError","$v":"कलहरू मर्ज गर्न सकेन"},{"$i":"conferenceRemoveError","$v":"कलहरू अनमर्ज गर्न सकेन"},{"$i":"callDurationMinutes","$v":[{"t":"idOrVar","v":"m"},":",{"t":"idOrVar","v":"s"}]},{"$i":"callDurationHours","$v":[{"t":"idOrVar","v":"h"},":",{"t":"idOrVar","v":"m"},":",{"t":"idOrVar","v":"s"}]},{"$i":"callDurationTextFormatSeconds","$v":[{"t":"idOrVar","v":"s"}," सेकेण्ड"]},{"$i":"callDurationTextFormatMinutes","$v":[{"t":"idOrVar","v":"m"}," मिनेट ",{"t":"idOrVar","v":"s"}," सेकेण्ड"]},{"$i":"callDurationTextFormatHours","$v":[{"t":"idOrVar","v":"h"}," घण्टा ",{"t":"idOrVar","v":"m"}," मिनेट ",{"t":"idOrVar","v":"s"}," सेकेण्ड"]},{"$i":"switch-to-device-toast","$v":"ब्लुटुथ यन्त्रमा स्विच गरियो"},{"$i":"switch-to-handset-toast","$v":"ह्याण्डसेट इयरपिसमा स्विच गरियो"},{"$i":"switch-to-speaker-toast","$v":"स्पीकरमा स्विच गरियो"},{"$i":"connecting","$v":"जडान हुँदै"},{"$i":"wifi-call-quality-excellent","$v":"उत्कृष्ट"},{"$i":"wifi-call-quality-fair","$v":"संतोषजनक"},{"$i":"wifi-call-quality-bad","$v":"खराब"},{"$i":"call-left-conference-toast","$v":"फोनबाट बाहिरिनुभएको छ"},{"$i":"camera-off","$v":"क्यामेराबन्दगर्नुहोस्"},{"$i":"camera-on","$v":"क्यामेरासक्रिय"},{"$i":"rear-camera","$v":"पछाडीको क्यामेरा"},{"$i":"front-camera","$v":"अगाडिको क्यामेरा"},{"$i":"hide-info","$v":"जानकारी लुकाउनुहोस्"},{"$i":"show-info","$v":"जानकारी देखाउनुहोस्"},{"$i":"video-call-rejected","$v":"भिडियो कल अस्वीकार गरियो, भ्वाइस कलमा परिवर्तन गर्नुहोस्।"},{"$i":"video-call-not-support","$v":"भिडियो कल समर्थन गर्दैन।"},{"$i":"video-call-rejected-timeout","$v":"भिडियो कल अस्वीकार गरियो वा समय समाप्त भयो।"},{"$i":"video-call-from","$v":[{"t":"idOrVar","v":"Name"},"बाट भिडियो कल प्राप्त गर्दै।"]},{"$i":"video-call-canceled","$v":"भिडियो कल रद्द गरियो।"},{"$i":"video-call-failed","$v":"भिडियो कल असफल भयो।"},{"$i":"call-downgraded","$v":"कल डाउनग्रेड गरियो।"},{"$i":"wifi-calling","$v":"WiFi कलिङ"},{"$i":"wifi-calling-1","$v":"तपाईंको कल ड्रप हुन सक्छ।"},{"$i":"wifi-calling-2","$v":"तपाईं लगभग वाइ-फाइ कभरेजको दायराभन्दा बाहिर हुनुहुन्छ।"},{"$i":"wifi-calling-dropped","$v":"वाइ-फाइ कलिङ ड्रप गरियो।"},{"$i":"accept","$v":"स्वीकार्नुहोस्"},{"$i":"conference-call-num","$v":[{"t":"idOrVar","v":"num"}," जना मानिसहरू कलमा हुनुहुन्छ।"]},{"$i":"more","$v":"बढी"},{"$i":"rec","$v":"रेकर्ड गर्नुहोस्"},{"$i":"start-recording-call","$v":"कल रेकर्ड गर्न सुरु गर्नुहोस्।"},{"$i":"stop-recording-call","$v":"कल रेकर्ड गर्न रोक्नुहोस्।"},{"$i":"insufficient-storage","$v":"अपर्याप्त भण्डारण। रेकर्डिङ बन्द भयो।"},{"$i":"reply","$v":"जवाफ पठाउनुहोस्"},{"$i":"reply-message-1","$v":"माफ गर्नुहोस्, म अहिले नै कुरा गर्न सक्दिन।"},{"$i":"reply-message-2","$v":"म बाटोमा आऊँदै छु।"},{"$i":"reply-message-3","$v":"के म तपाईंलाई पछि कल गर्न सक्छु?"},{"$i":"reply-message-4","$v":"अनुकूल..."},{"$i":"reply-to-name","$v":[{"t":"idOrVar","v":"name"}," लाई जवाफ दिइयो"]},{"$i":"mt-call-on-hold","$v":"कललाई होल्डमा राखिएको छ।"},{"$i":"mt-call_retrieved","$v":"कल पुनः प्राप्त गरिएको छ।"},{"$i":"mt-multi_party_call","$v":"तपाईंलाई सम्मेलन कलमा थपिएको छ।"},{"$i":"hangup-a11y-button","$v":""},{"$i":"pickup-a11y-button","$v":""},{"$i":"mute","$v":""},{"$i":"toggleKeypad","$v":""},{"$i":"newCall","$v":""},{"$i":"speakerOption","$v":""},{"$i":"bluetoothOption","$v":""},{"$i":"onHoldOption","$v":""},{"$i":"merge","$v":""},{"$i":"ignore","$v":""},{"$i":"dialerAddContact","$v":""},{"$i":"makeCall","$v":""},{"$i":"call-forwarding-async","$v":["असिङ्क्रनस: ",{"t":"idOrVar","v":"async"}]},{"$i":"call-forwarding-data","$v":["डेटा: ",{"t":"idOrVar","v":"data"}]},{"$i":"call-forwarding-error","$v":"अवस्था अगाडि पुनः प्राप्ति कल गर्दै गर्दा त्रुटि आयो"},{"$i":"call-forwarding-fax","$v":["FAX: ",{"t":"idOrVar","v":"fax"}]},{"$i":"call-forwarding-inactive","$v":"निष्क्रिय"},{"$i":"call-forwarding-packet","$v":["प्याकेट: ",{"t":"idOrVar","v":"packet"}]},{"$i":"call-forwarding-pad","$v":["PAD: ",{"t":"idOrVar","v":"pad"}]},{"$i":"call-forwarding-sms","$v":["SMS: ",{"t":"idOrVar","v":"sms"}]},{"$i":"call-forwarding-status","$v":"कल स्थिति अगाडि बढाउदै"},{"$i":"call-forwarding-sync","$v":["समक्रमण गर्न सकिने: ",{"t":"idOrVar","v":"sync"}]},{"$i":"call-forwarding-voice","$v":["भ्वाइस: ",{"t":"idOrVar","v":"voice"}]},{"$i":"scCallBarring","$v":"कल ब्यारिङ"},{"$i":"scCallForwarding","$v":"कल फोरवार्डिङ"},{"$i":"scClip","$v":"आगमन कलर ID"},{"$i":"scClir","$v":"बाहिरिने कलर ID"},{"$i":"scPwd","$v":"पासवर्ड परिवर्तन"},{"$i":"scCallWaiting","$v":"कल प्रतिक्षा"},{"$i":"scPin","$v":"PIN परिवर्तन"},{"$i":"scPin2","$v":"PIN2 परिवर्तन"},{"$i":"scPuk","$v":"PIN अनब्लक गर्नुहोस्"},{"$i":"scPuk2","$v":"PIN2 अनब्लक गर्नुहोस्"},{"$i":"scImei","$v":"IMEI"},{"$i":"scMeid","$v":"MEID"},{"$i":"scUssd","$v":"USSD"},{"$i":"serviceClassVoice","$v":"आवाज"},{"$i":"serviceClassData","$v":"डेटा"},{"$i":"serviceClassFax","$v":"FAX"},{"$i":"serviceClassSms","$v":"SMS"},{"$i":"serviceClassDataSync","$v":"सिंक गर्नुहोस्"},{"$i":"serviceClassDataAsync","$v":"Async"},{"$i":"serviceClassPacket","$v":"प्याकेट"},{"$i":"serviceClassPad","$v":"PAD"},{"$i":"smServiceEnabled","$v":"सेवा सक्षम पारियो"},{"$i":"smServiceDisabled","$v":"सेवा असक्षम पारिएको छ"},{"$i":"smServiceRegistered","$v":"दर्ता सफल भयो"},{"$i":"smServiceErased","$v":"मेटाउने कार्य सफलतापूर्वक भयो"},{"$i":"smServiceInterrogated","$v":"अनुरोध सफलतापूर्वक भयो"},{"$i":"smServiceNotProvisioned","$v":"सेवाको व्यवस्था छैन"},{"$i":"smClirPermanent","$v":"तपाईंले कलर ID सेटिङ परिवर्तन गर्न सक्नुहुन्न"},{"$i":"smClirDefaultOnNextCallOn","$v":"कलर ID प्रतिबन्धितमा पूर्वनिर्धारितहरूमा छ। अर्को कल: प्रतिबन्धित"},{"$i":"smClirDefaultOnNextCallOff","$v":"कलर ID प्रतिबन्धितमा पूर्वनिर्धारितहरूमा छ। अर्को कल: प्रतिबन्धित छैन"},{"$i":"smClirDefaultOffNextCallOn","$v":"कलर ID पूर्वनिर्धारितदेखि प्रतिबन्धित छैन। अर्को कल: प्रतिबन्धित"},{"$i":"smClirDefaultOffNextCallOff","$v":"कलर ID पूर्वनिर्धारितदेखि प्रतिबन्धित छैन। अर्को कल: प्रतिबन्धित छैन"},{"$i":"smServiceEnabledFor","$v":"निम्न उल्लेखितको लागि सेवा सक्षम पारियो:"},{"$i":"smPinChanged","$v":"PIN सफलतापूर्वक परिवर्तन भयो"},{"$i":"smPinUnblocked","$v":"PIN सफलतापूर्वक अनब्लक भयो"},{"$i":"smPin2Changed","$v":"PIN2 सफलतापूर्वक परिवर्तन भयो"},{"$i":"smPin2Unblocked","$v":"PIN2 सफलतापूर्वक अनब्लक गरियो"},{"$i":"ServiceIsEnabled","$v":"सेवा सक्षम गरिएको"},{"$i":"ServiceIsDisabled","$v":"सेवा असक्षम पारिएको"},{"$i":"ServiceIsEnabledFor","$v":"यसका लागि सेवा सक्षम गरियो:"},{"$i":"emMmiError","$v":"जडान समस्या वा अमान्य MMI कोड"},{"$i":"emMmiErrorPasswordIncorrect","$v":"गलत पासवर्ड"},{"$i":"emMmiErrorNotSupported","$v":"अमान्य वा असमर्थित MMI कोड"},{"$i":"emMmiErrorInvalidAction","$v":"अवैध कार्य"},{"$i":"emMmiErrorInvalidScCode","$v":"अमान्य सेवा कोड"},{"$i":"emMmiErrorBadPuk","$v":"तपाईंले टाइप गर्नुभएको PUK गलत छ"},{"$i":"emMmiErrorBadPin","$v":"तपाईंले टाइप गर्नुभएको पुरानो PIN गलत छ"},{"$i":"emMmiErrorNeedPuk2","$v":"SIM कार्डलाई अन-अवरुद्ध गर्नका लागि PUK2 टाइप गर्नुहोस्"},{"$i":"emMmiErrorMismatchPin","$v":"तपाईंले टाइप गर्नुभएको PIN हरू मेल खाँदैनन्"},{"$i":"emMmiErrorInvalidPin","$v":"4 देखि 8 वटा नम्बरसम्म भएको एउटा PIN टाइप गर्नुहोस्"},{"$i":"emMmiErrorNeedsPuk","$v":"तपाईंको SIM कार्ड PUK-लक भएको छ"},{"$i":"emMmiErrorEnablePin","$v":"असफल। SIM/RUIM लकलाई सक्षम पार्नुहोस्"},{"$i":"emMmiErrorMmiFdn","$v":"अपरेशन निश्चित डायल नम्बरहरूको लागि मात्र प्रतिबन्धित छ"},{"$i":"emMmiErrorStkCcUssdDial","$v":"USSD अनुरोध DIAL अनुरोधमा परिमार्जन गरिएको छ"},{"$i":"emMmiErrorStkCcUssdSs","$v":"USSD अनुरोध SS अनुरोधमा परिमार्जन गरिएको छ"},{"$i":"emMmiErrorStkCcUssdUssd","$v":"USSD अनुरोध नयाँ USSD अनुरोधमा परिमार्जन गरिएको छ"},{"$i":"emMmiErrorStkCcSsDial","$v":"SS अनुरोधलाई DIAL अनुरोधमा परिमार्जन गरिएको छ"},{"$i":"emMmiErrorStkCcSsUssd","$v":"SS अनुरोध USSD अनुरोधमा परिमार्जन गरिएको छ"},{"$i":"emMmiErrorStkCcSsSs","$v":"SS अनुरोधलाई नयाँ SS अनुरोधमा परिमार्जन गरिएको छ"},{"$i":"emMmiErrorPinPukAttempts","$v":{"few":[{"t":"idOrVar","v":"n"}," पुन: प्रयासहरू बाँकी"],"many":[{"t":"idOrVar","v":"n"}," पुन: प्रयासहरू बाँकी"],"one":[{"t":"idOrVar","v":"n"}," पुन: प्रयास बायाँ मात्र"],"other":[{"t":"idOrVar","v":"n"}," पुन: प्रयासहरू बाँकी"],"two":[{"t":"idOrVar","v":"n"}," पुन: प्रयासहरू बाँकी"]},"$x":[{"t":"idOrVar","v":"plural"},"n"]},{"$i":"emMmiErrorSimBlocked","$v":"अधिकतम पुन:प्रयासहरूको नम्बर नाघ्यो। SIM रोकिएको छ"},{"$i":"RadioNotAvailable","$v":"रेडियो उपलब्ध छैन"},{"$i":"GenericFailure","$v":"जेनेरिक असफलता"},{"$i":"PasswordIncorrect","$v":"पासवर्ड गलत छ"},{"$i":"SimPin2","$v":"SIM PIN2"},{"$i":"SimPuk2","$v":"SIM PUK2"},{"$i":"RequestNotSupported","$v":"अनुरोध समर्थित भएन"},{"$i":"OpNotAllowedDuringVoiceCall","$v":"भ्वाइस कल चलिरहेको बेला कार्य गर्न पाइँदैन"},{"$i":"SmsSendFailRetry","$v":"SMS ले असफल प्रयास पठायो"},{"$i":"SimAbsent","$v":"SIM अनुपस्थित"},{"$i":"SubscriptionNotAvailable","$v":"सदस्यता उपलब्ध छैन"},{"$i":"ModeNotSupported","$v":"मोड समर्थित छैन"},{"$i":"FdnCheckFailure","$v":"Fdn जाँच असफलता"},{"$i":"IllegalSimOrMe","$v":"गैरकानूनी SIM वाME"},{"$i":"DialModifiedToUssd","$v":"USSDको लागि डायल संशोधित"},{"$i":"DialModifiedToSs","$v":"एसएसको लागि डायल संशोधित"},{"$i":"DialModifiedToDial","$v":"डायलको लागि डायल संशोधित"},{"$i":"UssdModifiedToDial","$v":"USSD लाई डाइलमा परिमार्जन गरियो"},{"$i":"UssdModifiedToSs","$v":"SS लाई USSD मा परिमार्जन गरियो"},{"$i":"UssdModifiedToUssd","$v":"USSD लाई USSD मा परिमार्जन गरियो"},{"$i":"SsModifiedToDial","$v":"SS लाई डाइलमा परिमार्जन गरियो"},{"$i":"SsModifiedToUssd","$v":"SS लाई USSD मा परिमार्जन गरियो"},{"$i":"SsModifiedToSs","$v":"SS लाई SS मा परिमार्जन गरियो"},{"$i":"SubscriptionNotSupported","$v":"सदस्यता समर्थित छैन"},{"$i":"InvalidParameter","$v":"अमान्य मापदण्ड"},{"$i":"RejectedByRemote","$v":"रिमोटबाट अस्वीकृत"},{"$i":"error","$v":"त्रुटि"}]