[{"$i":"weekday-0-long","$v":"zondag"},{"$i":"weekday-1-long","$v":"maandag"},{"$i":"weekday-2-long","$v":"dinsdag"},{"$i":"weekday-3-long","$v":"woensdag"},{"$i":"weekday-4-long","$v":"donderdag"},{"$i":"weekday-5-long","$v":"vrijdag"},{"$i":"weekday-6-long","$v":"zaterdag"},{"$i":"weekday-0-short","$v":"Zon"},{"$i":"weekday-1-short","$v":"Maa"},{"$i":"weekday-2-short","$v":"Din"},{"$i":"weekday-3-short","$v":"Woe"},{"$i":"weekday-4-short","$v":"Don"},{"$i":"weekday-5-short","$v":"Vrij"},{"$i":"weekday-6-short","$v":"Zat"},{"$i":"month-0-long","$v":"januari"},{"$i":"month-1-long","$v":"februari"},{"$i":"month-2-long","$v":"maart"},{"$i":"month-3-long","$v":"april"},{"$i":"month-4-long","$v":"mei"},{"$i":"month-5-long","$v":"juni"},{"$i":"month-6-long","$v":"juli"},{"$i":"month-7-long","$v":"augustus"},{"$i":"month-8-long","$v":"september"},{"$i":"month-9-long","$v":"oktober"},{"$i":"month-10-long","$v":"november"},{"$i":"month-11-long","$v":"december"},{"$i":"month-0-genitive","$v":"januari"},{"$i":"month-1-genitive","$v":"februari"},{"$i":"month-2-genitive","$v":"maart"},{"$i":"month-3-genitive","$v":"april"},{"$i":"month-4-genitive","$v":"mei"},{"$i":"month-5-genitive","$v":"juni"},{"$i":"month-6-genitive","$v":"juli"},{"$i":"month-7-genitive","$v":"augustus"},{"$i":"month-8-genitive","$v":"september"},{"$i":"month-9-genitive","$v":"oktober"},{"$i":"month-10-genitive","$v":"november"},{"$i":"month-11-genitive","$v":"december"},{"$i":"month-0-short","$v":"Jan"},{"$i":"month-1-short","$v":"Feb"},{"$i":"month-2-short","$v":"Maa"},{"$i":"month-3-short","$v":"Apr"},{"$i":"month-4-short","$v":"mei"},{"$i":"month-5-short","$v":"Jun"},{"$i":"month-6-short","$v":"Jul"},{"$i":"month-7-short","$v":"Aug"},{"$i":"month-8-short","$v":"Sep"},{"$i":"month-9-short","$v":"Okt"},{"$i":"month-10-short","$v":"Nov"},{"$i":"month-11-short","$v":"Dec"},{"$i":"minutes-ago-long","$v":{"few":[{"t":"idOrVar","v":"value"}," minuten geleden"],"many":[{"t":"idOrVar","v":"value"}," minuten geleden"],"one":"een minuut geleden","other":[{"t":"idOrVar","v":"value"}," minuten geleden"],"two":[{"t":"idOrVar","v":"value"}," minuten geleden"],"zero":"zojuist"},"$x":[{"t":"idOrVar","v":"plural"},"value"]},{"$i":"hours-ago-long","$v":{"few":[{"t":"idOrVar","v":"value"}," uur geleden"],"many":[{"t":"idOrVar","v":"value"}," uur geleden"],"one":"een uur geleden","other":[{"t":"idOrVar","v":"value"}," uur geleden"],"two":[{"t":"idOrVar","v":"value"}," uur geleden"],"zero":"zojuist"},"$x":[{"t":"idOrVar","v":"plural"},"value"]},{"$i":"days-ago-long","$v":{"few":[{"t":"idOrVar","v":"value"}," dagen geleden"],"many":[{"t":"idOrVar","v":"value"}," dagen geleden"],"one":"gisteren","other":[{"t":"idOrVar","v":"value"}," dagen geleden"],"two":[{"t":"idOrVar","v":"value"}," dagen geleden"],"zero":"vandaag"},"$x":[{"t":"idOrVar","v":"plural"},"value"]},{"$i":"weeks-ago-long","$v":{"few":[{"t":"idOrVar","v":"value"}," weken geleden"],"many":[{"t":"idOrVar","v":"value"}," weken geleden"],"one":"vorige week","other":[{"t":"idOrVar","v":"value"}," weken geleden"],"two":[{"t":"idOrVar","v":"value"}," weken geleden"],"zero":"deze week"},"$x":[{"t":"idOrVar","v":"plural"},"value"]},{"$i":"months-ago-long","$v":{"few":[{"t":"idOrVar","v":"value"}," maanden geleden"],"many":[{"t":"idOrVar","v":"value"}," maanden geleden"],"one":"vorige maand","other":[{"t":"idOrVar","v":"value"}," maanden geleden"],"two":[{"t":"idOrVar","v":"value"}," maanden geleden"],"zero":"deze maand"},"$x":[{"t":"idOrVar","v":"plural"},"value"]},{"$i":"years-ago-long","$v":{"few":[{"t":"idOrVar","v":"value"}," jaar geleden"],"many":[{"t":"idOrVar","v":"value"}," jaar geleden"],"one":"vorig jaar","other":[{"t":"idOrVar","v":"value"}," jaar geleden"],"two":[{"t":"idOrVar","v":"value"}," jaar geleden"],"zero":"dit jaar"},"$x":[{"t":"idOrVar","v":"plural"},"value"]},{"$i":"minutes-until-long","$v":{"few":["over ",{"t":"idOrVar","v":"value"}," minuten"],"many":["over ",{"t":"idOrVar","v":"value"}," minuten"],"one":"over een minuut","other":["over ",{"t":"idOrVar","v":"value"}," minuten"],"two":["over ",{"t":"idOrVar","v":"value"}," minuten"],"zero":"nu"},"$x":[{"t":"idOrVar","v":"plural"},"value"]},{"$i":"hours-until-long","$v":{"few":["over ",{"t":"idOrVar","v":"value"}," uur"],"many":["over ",{"t":"idOrVar","v":"value"}," uur"],"one":"over een uur","other":["over ",{"t":"idOrVar","v":"value"}," uur"],"two":["over ",{"t":"idOrVar","v":"value"}," uur"],"zero":"nu"},"$x":[{"t":"idOrVar","v":"plural"},"value"]},{"$i":"days-until-long","$v":{"few":["over ",{"t":"idOrVar","v":"value"}," dagen"],"many":["over ",{"t":"idOrVar","v":"value"}," dagen"],"one":"morgen","other":["over ",{"t":"idOrVar","v":"value"}," dagen"],"two":["over ",{"t":"idOrVar","v":"value"}," dagen"],"zero":"vandaag"},"$x":[{"t":"idOrVar","v":"plural"},"value"]},{"$i":"weeks-until-long","$v":{"few":["over ",{"t":"idOrVar","v":"value"}," weken"],"many":["over ",{"t":"idOrVar","v":"value"}," weken"],"one":"volgende week","other":["over ",{"t":"idOrVar","v":"value"}," weken"],"two":["over ",{"t":"idOrVar","v":"value"}," weken"],"zero":"deze week"},"$x":[{"t":"idOrVar","v":"plural"},"value"]},{"$i":"months-until-long","$v":{"few":["over ",{"t":"idOrVar","v":"value"}," maanden"],"many":["over ",{"t":"idOrVar","v":"value"}," maanden"],"one":"volgende maand","other":["over ",{"t":"idOrVar","v":"value"}," maanden"],"two":["over ",{"t":"idOrVar","v":"value"}," maanden"],"zero":"deze maand"},"$x":[{"t":"idOrVar","v":"plural"},"value"]},{"$i":"years-until-long","$v":{"few":["over ",{"t":"idOrVar","v":"value"}," jaar"],"many":["over ",{"t":"idOrVar","v":"value"}," jaar"],"one":"volgend jaar","other":["over ",{"t":"idOrVar","v":"value"}," jaar"],"two":["over ",{"t":"idOrVar","v":"value"}," jaar"],"zero":"dit jaar"},"$x":[{"t":"idOrVar","v":"plural"},"value"]},{"$i":"minutes-ago-short","$v":{"other":[{"t":"idOrVar","v":"value"},"m geleden"],"zero":"zojuist"},"$x":[{"t":"idOrVar","v":"plural"},"value"]},{"$i":"hours-ago-short","$v":{"other":[{"t":"idOrVar","v":"value"},"u geleden"],"zero":"zojuist"},"$x":[{"t":"idOrVar","v":"plural"},"value"]},{"$i":"days-ago-short","$v":{"other":[{"t":"idOrVar","v":"value"},"d geleden"],"zero":"vandaag"},"$x":[{"t":"idOrVar","v":"plural"},"value"]},{"$i":"minutes-until-short","$v":{"other":["over ",{"t":"idOrVar","v":"value"},"m"],"zero":"nu"},"$x":[{"t":"idOrVar","v":"plural"},"value"]},{"$i":"hours-until-short","$v":{"other":["over ",{"t":"idOrVar","v":"value"},"u"],"zero":"nu"},"$x":[{"t":"idOrVar","v":"plural"},"value"]},{"$i":"days-until-short","$v":{"other":["over ",{"t":"idOrVar","v":"value"},"d"],"zero":"vandaag"},"$x":[{"t":"idOrVar","v":"plural"},"value"]},{"$i":"incorrectDate","$v":"(onjuiste datum)"},{"$i":"dateTimeFormat_%c","$v":"%a %b %e %Y %I:%M:%S %p"},{"$i":"dateTimeFormat_%x","$v":"%m/%d/%Y"},{"$i":"dateTimeFormat_%X","$v":"%I:%M:%S %p"},{"$i":"shortTimeFormat","$v":"%I:%M %p"},{"$i":"shortTimeFormat12","$v":"%I:%M %p"},{"$i":"shortTimeFormat24","$v":"%H:%M"},{"$i":"shortDateTimeFormat","$v":"%x %I:%M %p"},{"$i":"weekStartsOnMonday","$v":"0.0"},{"$i":"firstDayOfTheWeek","$v":"1.0"},{"$i":"time_am","$v":"AM"},{"$i":"time_pm","$v":"PM"},{"$i":"label","$v":"Label"},{"$i":"mobile","$v":"Mobiel"},{"$i":"home","$v":"Thuis"},{"$i":"work","$v":"Werk"},{"$i":"personal","$v":"Persoonlijk"},{"$i":"faxHome","$v":"Fax thuis"},{"$i":"faxOffice","$v":"Fax kantoor"},{"$i":"faxOther","$v":"Fax anders"},{"$i":"another","$v":"Andere"},{"$i":"other","$v":"Anders"},{"$i":"customTag","$v":"Aangepaste tag","placeholder":"Aangepaste tag"},{"$i":"current","$v":"Huidig"},{"$i":"itemWithLabel","$v":[{"t":"idOrVar","v":"label"},", ",{"t":"idOrVar","v":"item"}]},{"$i":"airplaneMode","$v":"Vliegtuigmodus"},{"$i":"searching","$v":"Zoeken..."},{"$i":"noNetwork","$v":"Geen netwerk"},{"$i":"roaming","$v":[{"t":"idOrVar","v":"operator"}," (Roaming)"]},{"$i":"operator-info","$v":[{"t":"idOrVar","v":"carrier"}," ",{"t":"idOrVar","v":"region"}]},{"$i":"emergencyCallsOnly","$v":"Alleen noodoproepen"},{"$i":"emergencyCallsOnly-unknownSIMState","$v":"(onbekende SIM-status)"},{"$i":"emergencyCallsOnly-noSIM","$v":"(geen SIM-kaart)"},{"$i":"emergencyCallsOnly-pinRequired","$v":"(SIM PIN-code vereist)"},{"$i":"emergencyCallsOnly-pukRequired","$v":"(SIM PUK-code vereist)"},{"$i":"emergencyCallsOnly-networkLocked","$v":"(netwerk vergrendeld)"},{"$i":"emergencyCallsOnly-serviceProviderLocked","$v":"(vergrendeld door serviceprovider)"},{"$i":"emergencyCallsOnly-corporateLocked","$v":"(vergrendeld door bedrijf)"},{"$i":"emergencyCallsOnly-network1Locked","$v":"(netwerk1 vergrendeld)"},{"$i":"emergencyCallsOnly-network2Locked","$v":"(netwerk2 vergrendeld)"},{"$i":"emergencyCallsOnly-hrpdNetworkLocked","$v":"(hrpd-netwerk vergrendeld)"},{"$i":"emergencyCallsOnly-ruimCorporateLocked","$v":"(ruim vergrendeld door bedrijf)"},{"$i":"emergencyCallsOnly-ruimServiceProviderLocked","$v":"(ruim vergrendeld door serviceprovider)"},{"$i":"lockscreen-sim-id","$v":["SIM ",{"t":"idOrVar","v":"n"}]},{"$i":"charging-no-time","$v":[{"t":"idOrVar","v":"level"},"% geladen"]},{"$i":"charging-minutes","$v":{"few":[{"t":"idOrVar","v":"level"},"% geladen (",{"t":"idOrVar","v":"minutes"}," minuten tot volledig geladen)"],"many":[{"t":"idOrVar","v":"level"},"% geladen (",{"t":"idOrVar","v":"minutes"}," minuten tot volledig geladen)"],"one":[{"t":"idOrVar","v":"level"},"% geladen (",{"t":"idOrVar","v":"minutes"}," min tot volledig geladen)"],"other":[{"t":"idOrVar","v":"level"},"% geladen (",{"t":"idOrVar","v":"minutes"}," minuten tot volledig geladen)"],"two":[{"t":"idOrVar","v":"level"},"% geladen (",{"t":"idOrVar","v":"minutes"}," minuten tot volledig geladen)"],"zero":[{"t":"idOrVar","v":"level"},"% geladen (",{"t":"idOrVar","v":"minutes"}," minuten tot volledig geladen)"]},"$x":[{"t":"idOrVar","v":"plural"},"minutes"]},{"$i":"charging-hours","$v":{"few":[{"t":"idOrVar","v":"level"},"% geladen (",{"t":"idOrVar","v":"hours"},"u ",{"t":"idOrVar","v":"minutes"}," minuten tot volledig geladen)"],"many":[{"t":"idOrVar","v":"level"},"% geladen (",{"t":"idOrVar","v":"hours"},"u ",{"t":"idOrVar","v":"minutes"}," minuten tot volledig geladen)"],"one":[{"t":"idOrVar","v":"level"},"% geladen (",{"t":"idOrVar","v":"hours"},"u ",{"t":"idOrVar","v":"minutes"}," min tot volledig geladen)"],"other":[{"t":"idOrVar","v":"level"},"% geladen (",{"t":"idOrVar","v":"hours"},"u ",{"t":"idOrVar","v":"minutes"}," minuten tot volledig geladen)"],"two":[{"t":"idOrVar","v":"level"},"% geladen (",{"t":"idOrVar","v":"hours"},"u ",{"t":"idOrVar","v":"minutes"}," minuten tot volledig geladen)"],"zero":[{"t":"idOrVar","v":"level"},"% geladen (",{"t":"idOrVar","v":"hours"},"u ",{"t":"idOrVar","v":"minutes"}," minuten tot volledig geladen)"]},"$x":[{"t":"idOrVar","v":"plural"},"minutes"]},{"$i":"phoneNumberInput","ariaLabel":"Telefoonnummer"},{"$i":"keypadDelete","ariaLabel":"Verwijderen"},{"$i":"voiceMailKey","ariaLabel":"Voicemail"},{"$i":"asterisk","ariaLabel":"Asterisk"},{"$i":"hashSign","ariaLabel":"Hekje"},{"$i":"cancel","$v":"Annuleren"},{"$i":"loadingSimContacts","$v":"Contacten van SIM-kaart laden..."},{"$i":"noContactsWereFound","$v":"Er zijn geen contacten gevonden"},{"$i":"noContactsFoundDialogOk","$v":"OK"},{"$i":"emergencyNumber","$v":"Noodnummer"},{"$i":"callAirplaneModeMessage","$v":"Om een oproep te plaatsen moet u de vliegtuigmodus uitschakelen in instellingen."},{"$i":"callAirplaneModeBtnOk","$v":"OK"},{"$i":"callAirplaneModeTitle","$v":"Vliegtuigmodus geactiveerd"},{"$i":"numberIsBusyTitle","$v":"Het nummer is in gesprek"},{"$i":"numberIsBusyMessage","$v":"Het nummer is op dit moment in gesprek. Probeer het later nog eens."},{"$i":"fdnIsActiveTitle","$v":"FDN actief"},{"$i":"fdnIsActiveMessage","$v":["FDN (vaste nummers bellen) is geactiveerd en het volgende nummer staat niet in uw FDN-lijst: ",{"t":"idOrVar","v":"number"}]},{"$i":"emergencyDialogBodyBadNumber","$v":"Om een oproep te plaatsen, moet de telefoon verbonden zijn met een netwerk."},{"$i":"emergencyDialogBodyDeviceNotAccepted","$v":"Noodoproepen zijn op het netwerk niet toegestaan."},{"$i":"emergencyDialogBtnOk","$v":"OK"},{"$i":"emergencyDialogTitle","$v":"Geen netwerkverbinding"},{"$i":"invalidNumberToDialTitle","$v":"Ongeldig telefoonnummer"},{"$i":"invalidNumberToDialMessage","$v":"Het telefoonnummer dat u belt is niet geldig."},{"$i":"unableToCallTitle","$v":"Bellen niet mogelijk"},{"$i":"unableToCallMessage","$v":"Bellen is nu niet mogelijk."},{"$i":"otherConnectionInUseTitle","$v":"Andere verbinding in gebruik"},{"$i":"otherConnectionInUseMessage","$v":"U hebt een actieve oproep op een andere verbinding. U kunt slechts één verbinding tegelijk gebruiken."},{"$i":"connectingEllipsis","$v":"Verbinding maken..."},{"$i":"clear","$v":"Wissen"},{"$i":"dialer","$v":"Kiezer"},{"$i":"kai-incomming-call","$v":"Inkomende oproep"},{"$i":"kai-in-call","$v":"In oproep"},{"$i":"kai-answer","$v":"Beantwoorden"},{"$i":"kai-end-answer","$v":"Beëindigen en beantwoorden"},{"$i":"kai-decline","$v":"Weigeren"},{"$i":"enter-passcode","$v":"Voer het wachtwoord in om scherm te ontgrendelen."},{"$i":"passcode-error","$v":"Onjuiste code. Probeer het opnieuw."},{"$i":"voice-call","$v":"Wijzigen naar spraak"},{"$i":"video-call","$v":"Wijzigen naar video"},{"$i":"message","$v":"Bericht"},{"$i":"answer-rtt-call","$v":"Antwoord RTT"},{"$i":"req-rtt-call","$v":"ANS RTT"},{"$i":"rtt-call","$v":"RTT-gesprek"},{"$i":"rtt-view","$v":"RTT-weergave"},{"$i":"change-to-rtt-call","$v":"RTT-gesprek verbinden..."},{"$i":"change-to-voice-call","$v":"Gewijzigd naar telefoonoproep."},{"$i":"upgrading-rtt","$v":"Upgraden naar RTT-gesprek..."},{"$i":"rtt-call-failed","$v":"RTT-gesprek mislukt."},{"$i":"voice-call-failed","$v":"Spraakoproep mislukt."},{"$i":"rtt","$v":"RTT"},{"$i":"rtt-emegency-upgrade-rejected","$v":"RTT is niet beschikbaar voor dit 112-gesprek."},{"$i":"rtt-emegency-downgrade","$v":"RTT is niet beschikbaar voor dit 112-gesprek. Uw gesprek is verbonden als spraakoproep. Plaats een spraak- of relaygesprek bij 112 als u moeilijkheden ervaart."},{"$i":"voice-only-call","$v":"Uw oproep is verbonden als spraakoproep."},{"$i":"ans-rtt-failed","$v":"Kan een RTT-oproep niet tot stand brengen. Uw oproep is verbonden als alleen-spraakoproep."},{"$i":"back","$v":"Terug"},{"$i":"new-message","$v":"Nieuwe berichten van"},{"$i":"kai-mute","$v":"Dempen"},{"$i":"kai-unmute","$v":"Dempen opheffen"},{"$i":"kai-speaker","$v":"Luidspreker"},{"$i":"kai-speaker-off","$v":"Luidspreker uit"},{"$i":"kai-microphone-mute-notification","$v":"Microfoon gedempt"},{"$i":"kai-microphone-active-notification","$v":"Microfoon is actief"},{"$i":"kai-speaker-off-notification","$v":"Externe luidspreker is uitgeschakeld"},{"$i":"kai-speaker-on-notification","$v":"Externe luidspreker is ingeschakeld"},{"$i":"kai-hold-and-answer","$v":"In de wacht zetten en beantwoorden"},{"$i":"kai-ignore-call","$v":"Inkomende oproep negeren"},{"$i":"kai-add-to-call","$v":"Oproep toevoegen"},{"$i":"kai-switch-to-second-line","$v":"Oproep wisselen"},{"$i":"kai-merge-calls","$v":"Oproep samenvoegen"},{"$i":"ok","$v":"OK"},{"$i":"losing-wifi-msg","$v":"Wi-Fi valt weg"},{"$i":"hd","$v":"HD"},{"$i":"manage-call","$v":"Oproep beheren"},{"$i":"end","$v":"Oproep beëindigen"},{"$i":"private","$v":"Privé"},{"$i":"sound","$v":"Geluid"},{"$i":"bluetooth-device","$v":"Bluetooth-apparaat"},{"$i":"handset-earpiece","$v":"Handset"},{"$i":"speaker","$v":"Luidspreker"},{"$i":"call-ended","$v":"Oproep beëindigd"},{"$i":"payphone","$v":"Betaaltelefoon"},{"$i":"contact","$v":"Contacten"},{"$i":"dialer-prompt","$v":"Kies een nummer of selecteer een toe te voegen contact om te bellen"},{"$i":"call","$v":"Oproep"},{"$i":"hold","$v":"In wacht"},{"$i":"volume","$v":"Volume"},{"$i":"softkey-options","$v":"Opties"},{"$i":"unhold-call","$v":"Gesprek uit wacht"},{"$i":"hold-call","$v":"Oproep in wacht"},{"$i":"select","$v":"Selecteer"},{"$i":"unknown","$v":"Onbekend"},{"$i":"switch-calls","$v":"Oproepen overschakelen"},{"$i":"voiceMail","$v":"Voicemail"},{"$i":"incoming","$v":"Inkomend"},{"$i":"outgoing","$v":"Uitgaand"},{"$i":"callEnded","$v":"Oproep beëindigd"},{"$i":"callEndedDuration","$v":["Oproep beëindigd (",{"t":"idOrVar","v":"duration"},")"]},{"$i":"conferenceAddError","$v":"Kan oproepen niet samenvoegen"},{"$i":"conferenceRemoveError","$v":"Kan samenvoegen van oproepen niet ongedaan maken"},{"$i":"callDurationMinutes","$v":[{"t":"idOrVar","v":"m"},":",{"t":"idOrVar","v":"s"}]},{"$i":"callDurationHours","$v":[{"t":"idOrVar","v":"h"},":",{"t":"idOrVar","v":"m"},":",{"t":"idOrVar","v":"s"}]},{"$i":"callDurationTextFormatSeconds","$v":[{"t":"idOrVar","v":"s"}," s"]},{"$i":"callDurationTextFormatMinutes","$v":[{"t":"idOrVar","v":"m"}," m ",{"t":"idOrVar","v":"s"}," s"]},{"$i":"callDurationTextFormatHours","$v":[{"t":"idOrVar","v":"h"}," u ",{"t":"idOrVar","v":"m"}," m ",{"t":"idOrVar","v":"s"}," s"]},{"$i":"switch-to-device-toast","$v":"Overgeschakeld naar Bluetooth-apparaat"},{"$i":"switch-to-handset-toast","$v":"Overgeschakeld naar handset-oortelefoon"},{"$i":"switch-to-speaker-toast","$v":"Overgeschakeld naar luidspreker"},{"$i":"connecting","$v":"Verbinding maken"},{"$i":"wifi-call-quality-excellent","$v":"Uitstekend"},{"$i":"wifi-call-quality-fair","$v":"Redelijk"},{"$i":"wifi-call-quality-bad","$v":"Slecht"},{"$i":"call-left-conference-toast","$v":"heeft de oproep verlaten"},{"$i":"camera-off","$v":"Camera uit"},{"$i":"camera-on","$v":"Camera aan"},{"$i":"rear-camera","$v":"Camera aan achterzijde"},{"$i":"front-camera","$v":"Camera voorzijde"},{"$i":"hide-info","$v":"Informatie verbergen"},{"$i":"show-info","$v":"Informatie weergeven"},{"$i":"video-call-rejected","$v":"Video-oproep is geweigerd. Wijzigen in spraakoproep."},{"$i":"video-call-not-support","$v":"Video-oproep wordt niet ondersteund."},{"$i":"video-call-rejected-timeout","$v":"Videogesprek geweigerd of time-out"},{"$i":"video-call-from","$v":["Er wordt een video-oproep ontvangen van ",{"t":"idOrVar","v":"name"},"."]},{"$i":"video-call-canceled","$v":"Video-oproep is geannuleerd."},{"$i":"video-call-failed","$v":"Video-oproep mislukt."},{"$i":"call-downgraded","$v":"Gesprek gedowngraded."},{"$i":"wifi-calling","$v":"Bellen via Wi-Fi"},{"$i":"wifi-calling-1","$v":"Uw oproep kan worden afgebroken."},{"$i":"wifi-calling-2","$v":"U bent bijna buiten het bereik van de Wi-Fi-dekking."},{"$i":"wifi-calling-dropped","$v":"Wi-Fi-oproep afgebroken."},{"$i":"accept","$v":"Accepteren"},{"$i":"conference-call-num","$v":[{"t":"idOrVar","v":"num"}," personen in de oproep."]},{"$i":"more","$v":"Meer"},{"$i":"rec","$v":"REC"},{"$i":"start-recording-call","$v":"Gespreksopname beginnen."},{"$i":"stop-recording-call","$v":"Gespreksopname stoppen."},{"$i":"insufficient-storage","$v":"Onvoldoende geheugen. Opname gestopt."},{"$i":"reply","$v":"Beantwoorden"},{"$i":"reply-message-1","$v":"Sorry, ik kan nu niet spreken."},{"$i":"reply-message-2","$v":"Ik ben onderweg."},{"$i":"reply-message-3","$v":"Kan ik u later terugbellen?"},{"$i":"reply-message-4","$v":"Aangepast..."},{"$i":"reply-to-name","$v":["Antwoord verzonden aan ",{"t":"idOrVar","v":"name"}]},{"$i":"mt-call-on-hold","$v":"Gesprek is in de wacht gezet."},{"$i":"mt-call_retrieved","$v":"Gesprek is teruggehaald."},{"$i":"mt-multi_party_call","$v":"U bent toegevoegd aan een telefonische vergadering."},{"$i":"hangup-a11y-button","$v":""},{"$i":"pickup-a11y-button","$v":""},{"$i":"mute","$v":""},{"$i":"toggleKeypad","$v":""},{"$i":"newCall","$v":""},{"$i":"speakerOption","$v":""},{"$i":"bluetoothOption","$v":""},{"$i":"onHoldOption","$v":""},{"$i":"merge","$v":""},{"$i":"ignore","$v":""},{"$i":"dialerAddContact","$v":""},{"$i":"makeCall","$v":""},{"$i":"call-forwarding-async","$v":["Asynchroon: ",{"t":"idOrVar","v":"async"}]},{"$i":"call-forwarding-data","$v":["Gegevens: ",{"t":"idOrVar","v":"data"}]},{"$i":"call-forwarding-error","$v":"Er is een fout opgetreden tijdens het ophalen van de status voor gesprek doorschakelen"},{"$i":"call-forwarding-fax","$v":["FAX: ",{"t":"idOrVar","v":"fax"}]},{"$i":"call-forwarding-inactive","$v":"Inactief"},{"$i":"call-forwarding-packet","$v":["Pakket: ",{"t":"idOrVar","v":"packet"}]},{"$i":"call-forwarding-pad","$v":["TOETSENBLOK: ",{"t":"idOrVar","v":"pad"}]},{"$i":"call-forwarding-sms","$v":["SMS: ",{"t":"idOrVar","v":"sms"}]},{"$i":"call-forwarding-status","$v":"Status voor gesprek doorschakelen"},{"$i":"call-forwarding-sync","$v":["Synchroon: ",{"t":"idOrVar","v":"async"}]},{"$i":"call-forwarding-voice","$v":["Spraak: ",{"t":"idOrVar","v":"voice"}]},{"$i":"scCallBarring","$v":"Blokkering"},{"$i":"scCallForwarding","$v":"Oproepdoorschakeling"},{"$i":"scClip","$v":"Inkomende beller-ID"},{"$i":"scClir","$v":"Uitgaande beller-ID"},{"$i":"scPwd","$v":"Wachtwoord wijzigen"},{"$i":"scCallWaiting","$v":"Wachtende oproep"},{"$i":"scPin","$v":"PIN wijzigen"},{"$i":"scPin2","$v":"PIN2 wijzigen"},{"$i":"scPuk","$v":"PIN deblokkeren"},{"$i":"scPuk2","$v":"PIN2 deblokkeren"},{"$i":"scImei","$v":"IMEI"},{"$i":"scMeid","$v":"MEID"},{"$i":"scUssd","$v":"USSD"},{"$i":"serviceClassVoice","$v":"Spraak"},{"$i":"serviceClassData","$v":"Data"},{"$i":"serviceClassFax","$v":"FAX"},{"$i":"serviceClassSms","$v":"SMS"},{"$i":"serviceClassDataSync","$v":"Synchroniseren"},{"$i":"serviceClassDataAsync","$v":"Async"},{"$i":"serviceClassPacket","$v":"Pakket"},{"$i":"serviceClassPad","$v":"TOETSENBLOK"},{"$i":"smServiceEnabled","$v":"Service is ingeschakeld"},{"$i":"smServiceDisabled","$v":"Service is uitgeschakeld"},{"$i":"smServiceRegistered","$v":"Registratie is gelukt"},{"$i":"smServiceErased","$v":"Wissen is gelukt"},{"$i":"smServiceInterrogated","$v":"Verzoek is gelukt"},{"$i":"smServiceNotProvisioned","$v":"Service niet ingericht"},{"$i":"smClirPermanent","$v":"U kunt de instelling voor de beller-ID niet wijzigen"},{"$i":"smClirDefaultOnNextCallOn","$v":"Beller-ID standaard ingesteld op 'Afgeschermd'. Volgende oproep: Afgeschermd."},{"$i":"smClirDefaultOnNextCallOff","$v":"Beller-ID standaard ingesteld op 'Afgeschermd'. Volgende oproep: Zichtbaar."},{"$i":"smClirDefaultOffNextCallOn","$v":"Beller-ID standaard ingesteld op 'Zichtbaar'. Volgende oproep: Afgeschermd."},{"$i":"smClirDefaultOffNextCallOff","$v":"Beller-ID standaard ingesteld op 'Zichtbaar'. Volgende oproep: Zichtbaar."},{"$i":"smServiceEnabledFor","$v":"Service is ingeschakeld voor:"},{"$i":"smPinChanged","$v":"PIN is gewijzigd"},{"$i":"smPinUnblocked","$v":"Blokkering van PIN is opgeheven"},{"$i":"smPin2Changed","$v":"PIN2 is gewijzigd"},{"$i":"smPin2Unblocked","$v":"Blokkering van PIN2 is opgeheven"},{"$i":"ServiceIsEnabled","$v":"Service is ingeschakeld"},{"$i":"ServiceIsDisabled","$v":"Service is uitgeschakeld"},{"$i":"ServiceIsEnabledFor","$v":"Service is ingeschakeld voor:"},{"$i":"emMmiError","$v":"Verbindingsprobleem of ongeldige MMI-code"},{"$i":"emMmiErrorPasswordIncorrect","$v":"Onjuist wachtwoord"},{"$i":"emMmiErrorNotSupported","$v":"Ongeldige of niet ondersteunde MMI-code"},{"$i":"emMmiErrorInvalidAction","$v":"Ongeldige actie"},{"$i":"emMmiErrorInvalidScCode","$v":"Ongeldige servicecode"},{"$i":"emMmiErrorBadPuk","$v":"De PUK-code die u hebt ingevoerd, is onjuist"},{"$i":"emMmiErrorBadPin","$v":"De oude PIN-code die u hebt ingevoerd, is onjuist."},{"$i":"emMmiErrorNeedPuk2","$v":"Typ PUK2 om de SIM-kaart te ontgrendelen"},{"$i":"emMmiErrorMismatchPin","$v":"De PIN-codes die u hebt ingevoerd, komen niet overeen"},{"$i":"emMmiErrorInvalidPin","$v":"Voer een PIN-code van 4 tot 8 cijfers in"},{"$i":"emMmiErrorNeedsPuk","$v":"Uw SIM-kaart is vergrendeld met PUK-code"},{"$i":"emMmiErrorEnablePin","$v":"Mislukt. Schakel SIM/RUIM-vergrendeling in"},{"$i":"emMmiErrorMmiFdn","$v":"Bewerking is beperkt tot vaste nummers"},{"$i":"emMmiErrorStkCcUssdDial","$v":"USSD-verzoek gewijzigd in DIAL-verzoek"},{"$i":"emMmiErrorStkCcUssdSs","$v":"USSD-verzoek gewijzigd in SS-verzoek"},{"$i":"emMmiErrorStkCcUssdUssd","$v":"USSD-verzoek gewijzigd in nieuw USSD-verzoek"},{"$i":"emMmiErrorStkCcSsDial","$v":"SS-verzoek gewijzigd in DIAL-verzoek"},{"$i":"emMmiErrorStkCcSsUssd","$v":"SS-verzoek gewijzigd in USSD-verzoek"},{"$i":"emMmiErrorStkCcSsSs","$v":"SS-verzoek gewijzigd in nieuw SS-verzoek"},{"$i":"emMmiErrorPinPukAttempts","$v":{"few":[{"t":"idOrVar","v":"n"}," resterende pogingen"],"many":[{"t":"idOrVar","v":"n"}," resterende pogingen"],"one":["Slechts ",{"t":"idOrVar","v":"n"}," resterende poging"],"other":[{"t":"idOrVar","v":"n"}," resterende pogingen"],"two":[{"t":"idOrVar","v":"n"}," resterende pogingen"]},"$x":[{"t":"idOrVar","v":"plural"},"n"]},{"$i":"emMmiErrorSimBlocked","$v":"Maximale aantal pogingen overschreden. SIM geblokkeerd"},{"$i":"RadioNotAvailable","$v":"Radio niet beschikbaar"},{"$i":"GenericFailure","$v":"Algemene fout"},{"$i":"PasswordIncorrect","$v":"Wachtwoord onjuist"},{"$i":"SimPin2","$v":"SIM PIN2-code"},{"$i":"SimPuk2","$v":"SIM PUK2"},{"$i":"RequestNotSupported","$v":"Verzoek niet ondersteund"},{"$i":"OpNotAllowedDuringVoiceCall","$v":"Bewerking niet toegestaan tijdens spraakoproep"},{"$i":"SmsSendFailRetry","$v":"SMS verzenden mislukt, opnieuw proberen"},{"$i":"SimAbsent","$v":"SIM afwezig"},{"$i":"SubscriptionNotAvailable","$v":"Abonnement niet beschikbaar"},{"$i":"ModeNotSupported","$v":"Modus niet ondersteund"},{"$i":"FdnCheckFailure","$v":"Fdn-controle mislukt"},{"$i":"IllegalSimOrMe","$v":"Illegale SIM of ME"},{"$i":"DialModifiedToUssd","$v":"Bellen gewijzigd in USSD"},{"$i":"DialModifiedToSs","$v":"Bellen gewijzigd in SS"},{"$i":"DialModifiedToDial","$v":"Bellen gewijzigd in bellen"},{"$i":"UssdModifiedToDial","$v":"USSD gewijzigd in bellen"},{"$i":"UssdModifiedToSs","$v":"USSD gewijzigd in SS"},{"$i":"UssdModifiedToUssd","$v":"USSD gewijzigd in USSD"},{"$i":"SsModifiedToDial","$v":"SS gewijzigd in bellen"},{"$i":"SsModifiedToUssd","$v":"SS gewijzigd in USSD"},{"$i":"SsModifiedToSs","$v":"SS gewijzigd in SS"},{"$i":"SubscriptionNotSupported","$v":"Abonnement niet ondersteund"},{"$i":"InvalidParameter","$v":"Ongeldige parameter"},{"$i":"RejectedByRemote","$v":"Geweigerd door afstandsbediening"},{"$i":"error","$v":"Fout"}]