[{"$i":"weekday-0-long","$v":"یکشنبه"},{"$i":"weekday-1-long","$v":"دوشنبه"},{"$i":"weekday-2-long","$v":"سه شنبه"},{"$i":"weekday-3-long","$v":"چهارشنبه"},{"$i":"weekday-4-long","$v":"پنجشنبه"},{"$i":"weekday-5-long","$v":"جمعه"},{"$i":"weekday-6-long","$v":"شنبه"},{"$i":"weekday-0-short","$v":"لمر"},{"$i":"weekday-1-short","$v":"دو"},{"$i":"weekday-2-short","$v":"سه"},{"$i":"weekday-3-short","$v":"چهار"},{"$i":"weekday-4-short","$v":"پنج."},{"$i":"weekday-5-short","$v":"جمعه"},{"$i":"weekday-6-short","$v":"هفته"},{"$i":"month-0-long","$v":"جنوری"},{"$i":"month-1-long","$v":"فروری"},{"$i":"month-2-long","$v":"مارچ"},{"$i":"month-3-long","$v":"اپریل"},{"$i":"month-4-long","$v":"مئی"},{"$i":"month-5-long","$v":"جون"},{"$i":"month-6-long","$v":"جولائی"},{"$i":"month-7-long","$v":"اګست"},{"$i":"month-8-long","$v":"ستمبر"},{"$i":"month-9-long","$v":"اکتوبر"},{"$i":"month-10-long","$v":"نومبر"},{"$i":"month-11-long","$v":"دسمبر"},{"$i":"month-0-genitive","$v":"جنوری"},{"$i":"month-1-genitive","$v":"فروری"},{"$i":"month-2-genitive","$v":"مارچ"},{"$i":"month-3-genitive","$v":"اپریل"},{"$i":"month-4-genitive","$v":"مئی"},{"$i":"month-5-genitive","$v":"جون"},{"$i":"month-6-genitive","$v":"جولائی"},{"$i":"month-7-genitive","$v":"اګست"},{"$i":"month-8-genitive","$v":"ستمبر"},{"$i":"month-9-genitive","$v":"اکتوبر"},{"$i":"month-10-genitive","$v":"نومبر"},{"$i":"month-11-genitive","$v":"دسمبر"},{"$i":"month-0-short","$v":"جنوری"},{"$i":"month-1-short","$v":"فروری"},{"$i":"month-2-short","$v":"مارچ"},{"$i":"month-3-short","$v":"اپریل"},{"$i":"month-4-short","$v":"مئی"},{"$i":"month-5-short","$v":"جون"},{"$i":"month-6-short","$v":"جولائی"},{"$i":"month-7-short","$v":"اګست"},{"$i":"month-8-short","$v":"ستمبر"},{"$i":"month-9-short","$v":"اکتوبر"},{"$i":"month-10-short","$v":"نومبر"},{"$i":"month-11-short","$v":"دسمبر"},{"$i":"minutes-ago-long","$v":{"few":[{"t":"idOrVar","v":"value"}," دقی مخکې"],"many":[{"t":"idOrVar","v":"value"}," دقی مخکې"],"one":"یو دقیقه مخکې","other":[{"t":"idOrVar","v":"value"}," دقی مخکې"],"two":[{"t":"idOrVar","v":"value"}," دقی مخکې"],"zero":"همدا اوس"},"$x":[{"t":"idOrVar","v":"plural"},"value"]},{"$i":"hours-ago-long","$v":{"few":[{"t":"idOrVar","v":"value"}," ساعته مخکې"],"many":[{"t":"idOrVar","v":"value"}," ساعته مخکې"],"one":"یو ساعت مخکې","other":[{"t":"idOrVar","v":"value"}," ساعته مخکې"],"two":[{"t":"idOrVar","v":"value"}," ساعته مخکې"],"zero":"همدا اوس"},"$x":[{"t":"idOrVar","v":"plural"},"value"]},{"$i":"days-ago-long","$v":{"few":[{"t":"idOrVar","v":"value"}," ورځي مخکې"],"many":[{"t":"idOrVar","v":"value"}," ورځي مخکې"],"one":"پرون","other":[{"t":"idOrVar","v":"value"}," ورځي مخکې"],"two":[{"t":"idOrVar","v":"value"}," ورځي مخکې"],"zero":"نن"},"$x":[{"t":"idOrVar","v":"plural"},"value"]},{"$i":"weeks-ago-long","$v":{"few":[{"t":"idOrVar","v":"value"}," اوونئ مخکې"],"many":[{"t":"idOrVar","v":"value"}," اوونئ مخکې"],"one":"تیره اوونۍ","other":[{"t":"idOrVar","v":"value"}," اوونئ مخکې"],"two":[{"t":"idOrVar","v":"value"}," اوونئ مخکې"],"zero":"دا اونۍ"},"$x":[{"t":"idOrVar","v":"plural"},"value"]},{"$i":"months-ago-long","$v":{"few":[{"t":"idOrVar","v":"value"}," میاشتي مخکې"],"many":[{"t":"idOrVar","v":"value"}," میاشتي مخکې"],"one":"تیره میاشت","other":[{"t":"idOrVar","v":"value"}," میاشتي مخکې"],"two":[{"t":"idOrVar","v":"value"}," میاشتي مخکې"],"zero":"دا میاشت"},"$x":[{"t":"idOrVar","v":"plural"},"value"]},{"$i":"years-ago-long","$v":{"few":[{"t":"idOrVar","v":"value"}," کاله مخکې"],"many":[{"t":"idOrVar","v":"value"}," کاله مخکې"],"one":"تیر کال","other":[{"t":"idOrVar","v":"value"}," کاله مخکې"],"two":[{"t":"idOrVar","v":"value"}," کاله مخکې"],"zero":"دا کال"},"$x":[{"t":"idOrVar","v":"plural"},"value"]},{"$i":"minutes-until-long","$v":{"few":["په ",{"t":"idOrVar","v":"value"}," دقیقو"],"many":["په ",{"t":"idOrVar","v":"value"}," دقیقو"],"one":"په یوه دقیقه کې","other":["په ",{"t":"idOrVar","v":"value"}," دقیقو"],"two":["په ",{"t":"idOrVar","v":"value"}," دقیقو"],"zero":"اوس"},"$x":[{"t":"idOrVar","v":"plural"},"value"]},{"$i":"hours-until-long","$v":{"few":["په ",{"t":"idOrVar","v":"value"}," ساعتونو"],"many":["په ",{"t":"idOrVar","v":"value"}," ساعتونو"],"one":"په یو ساعت کې","other":["په ",{"t":"idOrVar","v":"value"}," ساعتونو"],"two":["په ",{"t":"idOrVar","v":"value"}," ساعتونو"],"zero":"اوس"},"$x":[{"t":"idOrVar","v":"plural"},"value"]},{"$i":"days-until-long","$v":{"few":["په ",{"t":"idOrVar","v":"value"}," ورځو"],"many":["په ",{"t":"idOrVar","v":"value"}," ورځو"],"one":"سبا","other":["په ",{"t":"idOrVar","v":"value"}," ورځو"],"two":["په ",{"t":"idOrVar","v":"value"}," ورځو"],"zero":"نن"},"$x":[{"t":"idOrVar","v":"plural"},"value"]},{"$i":"weeks-until-long","$v":{"few":["په ",{"t":"idOrVar","v":"value"}," اوونیو"],"many":["په ",{"t":"idOrVar","v":"value"}," اوونیو"],"one":"راتلونکې اوونۍ","other":["په ",{"t":"idOrVar","v":"value"}," اوونیو"],"two":["په ",{"t":"idOrVar","v":"value"}," اوونیو"],"zero":"دا اونۍ"},"$x":[{"t":"idOrVar","v":"plural"},"value"]},{"$i":"months-until-long","$v":{"few":["په ",{"t":"idOrVar","v":"value"}," میاشتو"],"many":["په ",{"t":"idOrVar","v":"value"}," میاشتو"],"one":"راتلونکې میاشت","other":["په ",{"t":"idOrVar","v":"value"}," میاشتو"],"two":["په ",{"t":"idOrVar","v":"value"}," میاشتو"],"zero":"دا میاشت"},"$x":[{"t":"idOrVar","v":"plural"},"value"]},{"$i":"years-until-long","$v":{"few":["په ",{"t":"idOrVar","v":"value"}," کلونو"],"many":["په ",{"t":"idOrVar","v":"value"}," کلونو"],"one":"راتلونکی کال","other":["په ",{"t":"idOrVar","v":"value"}," کلونو"],"two":["په ",{"t":"idOrVar","v":"value"}," کلونو"],"zero":"دا کال"},"$x":[{"t":"idOrVar","v":"plural"},"value"]},{"$i":"minutes-ago-short","$v":{"other":[{"t":"idOrVar","v":"value"},"دقه مخکې"],"zero":"همدا اوس"},"$x":[{"t":"idOrVar","v":"plural"},"value"]},{"$i":"hours-ago-short","$v":{"other":[{"t":"idOrVar","v":"value"},"ساعت مخکې"],"zero":"همدا اوس"},"$x":[{"t":"idOrVar","v":"plural"},"value"]},{"$i":"days-ago-short","$v":{"other":[{"t":"idOrVar","v":"value"},"ورځ مخکې"],"zero":"نن"},"$x":[{"t":"idOrVar","v":"plural"},"value"]},{"$i":"minutes-until-short","$v":{"other":["په ",{"t":"idOrVar","v":"value"}," دقیقو"],"zero":"اوس"},"$x":[{"t":"idOrVar","v":"plural"},"value"]},{"$i":"hours-until-short","$v":{"other":["په ",{"t":"idOrVar","v":"value"}," ساعتونو"],"zero":"اوس"},"$x":[{"t":"idOrVar","v":"plural"},"value"]},{"$i":"days-until-short","$v":{"other":["په ",{"t":"idOrVar","v":"value"}," ورځو"],"zero":"نن"},"$x":[{"t":"idOrVar","v":"plural"},"value"]},{"$i":"incorrectDate","$v":"(غلطه نیټه)"},{"$i":"dateTimeFormat_%c","$v":"%a %b %e %Y %I:%M:%S %p"},{"$i":"dateTimeFormat_%x","$v":"%m/%d/%Y"},{"$i":"dateTimeFormat_%X","$v":"%I:%M:%S %p"},{"$i":"shortTimeFormat","$v":"%I:%M %p"},{"$i":"shortTimeFormat12","$v":"%I:%M %p"},{"$i":"shortTimeFormat24","$v":"%H:%M"},{"$i":"shortDateTimeFormat","$v":"%x %I:%M %p"},{"$i":"weekStartsOnMonday","$v":"0.0"},{"$i":"firstDayOfTheWeek","$v":"0.0"},{"$i":"time_am","$v":"سهار"},{"$i":"time_pm","$v":"ماښام"},{"$i":"label","$v":"لیبل"},{"$i":"mobile","$v":"موبایل"},{"$i":"home","$v":"کورپاڼه"},{"$i":"work","$v":"دنده"},{"$i":"personal","$v":"شخصي"},{"$i":"faxHome","$v":"د کور فکس"},{"$i":"faxOffice","$v":"د دفتر فکس"},{"$i":"faxOther","$v":"بل فکس"},{"$i":"another","$v":"بل"},{"$i":"other","$v":"بل"},{"$i":"customTag","$v":"عیار ټیګ","placeholder":"عیار ټیګ"},{"$i":"current","$v":"چارج"},{"$i":"itemWithLabel","$v":[{"t":"idOrVar","v":"label"},", ",{"t":"idOrVar","v":"item"}]},{"$i":"airplaneMode","$v":"ايرپلین موډ"},{"$i":"searching","$v":"لټوی..."},{"$i":"noNetwork","$v":"نیټ ورک نشته"},{"$i":"roaming","$v":[{"t":"idOrVar","v":"operator"}," (Roaming)"]},{"$i":"operator-info","$v":[{"t":"idOrVar","v":"carrier"}," ",{"t":"idOrVar","v":"region"}]},{"$i":"emergencyCallsOnly","$v":"يوازي ‎بیړنې‎ زنګونه"},{"$i":"emergencyCallsOnly-unknownSIMState","$v":"(د SIM حالت معلوم ندي)"},{"$i":"emergencyCallsOnly-noSIM","$v":"(SIM نشته)"},{"$i":"emergencyCallsOnly-pinRequired","$v":"(SIM PIN اړین دی)"},{"$i":"emergencyCallsOnly-pukRequired","$v":"(SIM PUK اړین دی)"},{"$i":"emergencyCallsOnly-networkLocked","$v":"(شبکه بنده شوه)"},{"$i":"emergencyCallsOnly-serviceProviderLocked","$v":"(خدماتو والا بند شو)"},{"$i":"emergencyCallsOnly-corporateLocked","$v":"(کارپوریټ قفل)"},{"$i":"emergencyCallsOnly-network1Locked","$v":"(شبکه1 بنده شوه)"},{"$i":"emergencyCallsOnly-network2Locked","$v":"(شبکه2 بنده شوه)"},{"$i":"emergencyCallsOnly-hrpdNetworkLocked","$v":"(hrpd شبکه بنده شوه)"},{"$i":"emergencyCallsOnly-ruimCorporateLocked","$v":"(رویم کارپوریټ بند شو)"},{"$i":"emergencyCallsOnly-ruimServiceProviderLocked","$v":"(رویم خدماتو والا بند شو)"},{"$i":"lockscreen-sim-id","$v":["سیم ",{"t":"idOrVar","v":"n"}]},{"$i":"charging-no-time","$v":[{"t":"idOrVar","v":"level"},"٪ چارج شو"]},{"$i":"charging-minutes","$v":{"few":[{"t":"idOrVar","v":"level"},"٪ چارج شو (",{"t":"idOrVar","v":"minutes"}," ساعت دقی ترڅو پوره چارج شي)"],"many":[{"t":"idOrVar","v":"level"},"٪ چارج شو (",{"t":"idOrVar","v":"minutes"}," ساعت دقی ترڅو پوره چارج شي)"],"one":[{"t":"idOrVar","v":"level"},"٪ چارج شو (",{"t":"idOrVar","v":"minutes"}," ساعت دقه ترڅو پوره چارج شي)"],"other":[{"t":"idOrVar","v":"level"},"٪ چارج شو (",{"t":"idOrVar","v":"minutes"}," ساعت دقی ترڅو پوره چارج شي)"],"two":[{"t":"idOrVar","v":"level"},"٪ چارج شو (",{"t":"idOrVar","v":"minutes"}," ساعت دقی ترڅو پوره چارج شي)"],"zero":[{"t":"idOrVar","v":"level"},"٪ چارج شو (",{"t":"idOrVar","v":"minutes"}," ساعت دقی ترڅو پوره چارج شي)"]},"$x":[{"t":"idOrVar","v":"plural"},"minutes"]},{"$i":"charging-hours","$v":{"few":[{"t":"idOrVar","v":"level"},"٪ چارج شو (",{"t":"idOrVar","v":"hours"}," ساعت  ",{"t":"idOrVar","v":"minutes"}," دقی ترڅو پوره چارج شي)"],"many":[{"t":"idOrVar","v":"level"},"٪ چارج شو (",{"t":"idOrVar","v":"hours"}," ساعت  ",{"t":"idOrVar","v":"minutes"}," دقی ترڅو پوره چارج شي)"],"one":[{"t":"idOrVar","v":"level"},"٪ چارج شو (",{"t":"idOrVar","v":"hours"}," ساعت  ",{"t":"idOrVar","v":"minutes"}," دقی ترڅو پوره چارج شي)"],"other":[{"t":"idOrVar","v":"level"},"٪ چارج شو (",{"t":"idOrVar","v":"hours"}," ساعت  ",{"t":"idOrVar","v":"minutes"}," دقی ترڅو پوره چارج شي)"],"two":[{"t":"idOrVar","v":"level"},"٪ چارج شو (",{"t":"idOrVar","v":"hours"}," ساعت  ",{"t":"idOrVar","v":"minutes"}," دقی ترڅو پوره چارج شي)"],"zero":[{"t":"idOrVar","v":"level"},"٪ چارج شو (",{"t":"idOrVar","v":"hours"}," ساعت  ",{"t":"idOrVar","v":"minutes"}," دقی ترڅو پوره چارج شي)"]},"$x":[{"t":"idOrVar","v":"plural"},"minutes"]},{"$i":"phoneNumberInput","ariaLabel":"فون ‎نمبر:"},{"$i":"keypadDelete","ariaLabel":"لري ‎کړئ"},{"$i":"voiceMailKey","ariaLabel":"غږیزمیل"},{"$i":"asterisk","ariaLabel":"ستوری"},{"$i":"hashSign","ariaLabel":"سمبول لري"},{"$i":"cancel","$v":"کول"},{"$i":"loadingSimContacts","$v":"د سیم کارډ تماسونه پورته کول"},{"$i":"noContactsWereFound","$v":"هیڅ تماس پیدا نشو"},{"$i":"noContactsFoundDialogOk","$v":"اوکی"},{"$i":"emergencyNumber","$v":"ایمرجنسي شمیره"},{"$i":"callAirplaneModeMessage","$v":"د ‎کال‎ کولو‎ لپاره‎ تاسو‎ په‎ تنظیماتو‎ کې‎ د‎ هوایی‎ چلند‎ غیر‎ فعالولو‎ ته‎ اړتیا‎ لرئ."},{"$i":"callAirplaneModeBtnOk","$v":"اوکی"},{"$i":"callAirplaneModeTitle","$v":"طیارې‎ حالت‎ فعال‎ شو"},{"$i":"numberIsBusyTitle","$v":"شمیره مصروفه ده"},{"$i":"numberIsBusyMessage","$v":"دا شمیره اوس مصروفه ده. مهرباني وکړئ وروسته کوښښ وکړئ."},{"$i":"fdnIsActiveTitle","$v":"‏FDN فعال"},{"$i":"fdnIsActiveMessage","$v":["‏FDN( ثابتې شمیرې) فعال شوي او لاندې شمیرې ستاسو د FDN په لست کې نشته: ",{"t":"idOrVar","v":"number"}]},{"$i":"emergencyDialogBodyBadNumber","$v":"د کال کولو لپاره، تلیفون باید د شبکې سره وصل شي."},{"$i":"emergencyDialogBodyDeviceNotAccepted","$v":"د شبکې لخوا د ایمرجنسي زنګ وهلو اجازه نه شته."},{"$i":"emergencyDialogBtnOk","$v":"اوکی"},{"$i":"emergencyDialogTitle","$v":"نیټ ورک اتصال نشته"},{"$i":"invalidNumberToDialTitle","$v":"د ټیلیفونه غلطه شمیره"},{"$i":"invalidNumberToDialMessage","$v":"د ټیلیفون شمیره چې تاسو ورته زنګ وهئ اعتبار نلري."},{"$i":"unableToCallTitle","$v":"اړیکه نه نیول کیږي. "},{"$i":"unableToCallMessage","$v":"اوس فون کال کولی نشي"},{"$i":"otherConnectionInUseTitle","$v":"بل کنیکشن مصروف دی"},{"$i":"otherConnectionInUseMessage","$v":"تاسو په بل کنکشن کې یو فعال کال لرئ. تاسو په یو وخت کې یواځې یو کنکشن کارولی شئ."},{"$i":"connectingEllipsis","$v":"وصلیدل"},{"$i":"clear","$v":"پاکول"},{"$i":"dialer","$v":"ډایلونکی"},{"$i":"kai-incomming-call","$v":"راتلونکی زنګ"},{"$i":"kai-in-call","$v":"په کال کې"},{"$i":"kai-answer","$v":"ځواب"},{"$i":"kai-end-answer","$v":"خاتمه ورکول او ځواب ورکول"},{"$i":"kai-decline","$v":"کمول"},{"$i":"enter-passcode","$v":"لطفا د سکرین خلاصولو لپاره رمز داخل کړئ."},{"$i":"passcode-error","$v":"علط کوډ. مهرباني وکړئ بیا هڅه وکړئ."},{"$i":"voice-call","$v":"غږیز کال"},{"$i":"video-call","$v":"ویډیویی زنګ"},{"$i":"message","$v":"پیغامونه"},{"$i":"answer-rtt-call","$v":"ځواب ورکړئ RTT"},{"$i":"req-rtt-call","$v":"ANS RTT"},{"$i":"rtt-call","$v":"د RTT کال"},{"$i":"rtt-view","$v":"د RTT وګورﺉ"},{"$i":"change-to-rtt-call","$v":"د RTT سره کال په حال کی..."},{"$i":"change-to-voice-call","$v":"د آواز کال ته بدلون."},{"$i":"upgrading-rtt","$v":"د RTT کال ته وده ورکول..."},{"$i":"rtt-call-failed","$v":"د RTT کال ناکام شو."},{"$i":"voice-call-failed","$v":"آواز کال ناکام شو."},{"$i":"rtt","$v":"RTT"},{"$i":"rtt-emegency-upgrade-rejected","$v":"‏RTT د 911 کال لپاره شتون نلري."},{"$i":"rtt-emegency-downgrade","$v":"‏RTT د دې 911 تماسونه لپاره شتون نلري. ستا کال د غږ یواځې غږ په توګه منل شوی.که تاسو ستونزی تجربه کوئ، مهرباني وکړئ یو غږ یا د ریل کالونه 911 ته واستوئ."},{"$i":"voice-only-call","$v":"ستاسو تماس د یواځې-غږیز تماس په توګه وصل شوی."},{"$i":"ans-rtt-failed","$v":"RTT زنګ وصلولو کې ناکام شو۔ ستاسو تماس د یواځې غږیز تماس په توګه وصل شوی."},{"$i":"back","$v":"شاته"},{"$i":"new-message","$v":"Nowe wiadomości od"},{"$i":"kai-mute","$v":"ګونګ"},{"$i":"kai-unmute","$v":"ان میوټ"},{"$i":"kai-speaker","$v":"سپیکر"},{"$i":"kai-speaker-off","$v":"سپیکر آف"},{"$i":"kai-microphone-mute-notification","$v":"مایکروفون ګونګ دی"},{"$i":"kai-microphone-active-notification","$v":"مایکروفون فعال دی"},{"$i":"kai-speaker-off-notification","$v":"بهرنی سپیکر بند شو"},{"$i":"kai-speaker-on-notification","$v":"نهرنی سپیکر چلان شو"},{"$i":"kai-hold-and-answer","$v":"انتظار حالت کې واچوې او ځواب ورکړ"},{"$i":"kai-ignore-call","$v":"راتلونکی تماس ردکړئ"},{"$i":"kai-add-to-call","$v":"کال زیات کړئ"},{"$i":"kai-switch-to-second-line","$v":"د کال مبادله"},{"$i":"kai-merge-calls","$v":"تماس یوځای کړئ"},{"$i":"ok","$v":"اوکی"},{"$i":"losing-wifi-msg","$v":"د wifi له لاسه ورکول"},{"$i":"hd","$v":"HD"},{"$i":"manage-call","$v":"زنګ تنظیم کوئ"},{"$i":"end","$v":"اړیکې ته خاتمه ورکول"},{"$i":"private","$v":"شخصی"},{"$i":"sound","$v":"اواز"},{"$i":"bluetooth-device","$v":"د بلوتوت اله"},{"$i":"handset-earpiece","$v":"هینډسټ"},{"$i":"speaker","$v":"سپیکر"},{"$i":"call-ended","$v":"اړیکه تمام شوه"},{"$i":"payphone","$v":"عمومي ټیلیفون"},{"$i":"contact","$v":"تماس"},{"$i":"dialer-prompt","$v":"شمیره دایر کړئ یا اړیکه انتخاب کړئ چې ډایلولو ته علاوه شي"},{"$i":"call","$v":"کال"},{"$i":"hold","$v":"اونیسۍ"},{"$i":"volume","$v":"والیوم"},{"$i":"softkey-options","$v":"غوراوي"},{"$i":"unhold-call","$v":"کال مه هولډ کوئ"},{"$i":"hold-call","$v":"کال هولډ کړئ"},{"$i":"select","$v":"انتخال کړئ"},{"$i":"unknown","$v":"نا ‎معلوم"},{"$i":"switch-calls","$v":"د کالونو بدلول"},{"$i":"voiceMail","$v":"غږیزمیل"},{"$i":"incoming","$v":"راتلونکي"},{"$i":"outgoing","$v":"تلونکې"},{"$i":"callEnded","$v":"اړیکه تمام شوه"},{"$i":"callEndedDuration","$v":["کال ختم شو (",{"t":"idOrVar","v":"duration"},")‏ "]},{"$i":"conferenceAddError","$v":"اریکې یو ځای کولی نشي"},{"$i":"conferenceRemoveError","$v":"اړیکې جلا کولی نشي"},{"$i":"callDurationMinutes","$v":[{"t":"idOrVar","v":"m"},":",{"t":"idOrVar","v":"s"}]},{"$i":"callDurationHours","$v":[{"t":"idOrVar","v":"h"},":",{"t":"idOrVar","v":"m"},":",{"t":"idOrVar","v":"s"}]},{"$i":"callDurationTextFormatSeconds","$v":[{"t":"idOrVar","v":"s"}," s"]},{"$i":"callDurationTextFormatMinutes","$v":[{"t":"idOrVar","v":"m"}," m ",{"t":"idOrVar","v":"s"}," s"]},{"$i":"callDurationTextFormatHours","$v":[{"t":"idOrVar","v":"h"}," ساعت ",{"t":"idOrVar","v":"m"}," دقی ",{"t":"idOrVar","v":"s"},"  سانیي"]},{"$i":"switch-to-device-toast","$v":"د بلوتوت الې ته بدل شو"},{"$i":"switch-to-handset-toast","$v":"هنډ سټ د غوږ الې ته بدل کړئ"},{"$i":"switch-to-speaker-toast","$v":"سپیکر ته بدل کړئ"},{"$i":"connecting","$v":"وصلیدل"},{"$i":"wifi-call-quality-excellent","$v":"ډیر اعلی"},{"$i":"wifi-call-quality-fair","$v":"مناسب"},{"$i":"wifi-call-quality-bad","$v":"خراب"},{"$i":"call-left-conference-toast","$v":"تماس یی قطعه کړ"},{"$i":"camera-off","$v":"کیمره بنده"},{"$i":"camera-on","$v":"کیمره"},{"$i":"rear-camera","$v":"وروستنۍ کیمره"},{"$i":"front-camera","$v":"مخکنۍ‎ کامره"},{"$i":"hide-info","$v":"معلومات پټ کړئ"},{"$i":"show-info","$v":"معلومات وښایئ"},{"$i":"video-call-rejected","$v":"ویډیو کال رد کړی شو، وایس کال ته واوړئ."},{"$i":"video-call-not-support","$v":"ویډیو کال ملاتړی نه دی."},{"$i":"video-call-rejected-timeout","$v":"Video call rejected or timeout."},{"$i":"video-call-from","$v":["ویډیو کال ترلاسه کیږي له اړخه د ‏ ",{"t":"idOrVar","v":"name"},"."]},{"$i":"video-call-canceled","$v":"ویډیو‎ کال‎ کینسل‎ شو."},{"$i":"video-call-failed","$v":"ویډیو کال فیل شو."},{"$i":"call-downgraded","$v":"ټیټ درجه شوی."},{"$i":"wifi-calling","$v":"د Wi-Fi کالینګ...."},{"$i":"wifi-calling-1","$v":"ستاسو کال بندیدی شي."},{"$i":"wifi-calling-2","$v":"تاسو د وایي فایي له ساحې څخه نږدې بهر یئ."},{"$i":"wifi-calling-dropped","$v":"د وایي فایي کال بند شو."},{"$i":"accept","$v":"قبول"},{"$i":"conference-call-num","$v":[{"t":"idOrVar","v":"num"}," زنګ کې خلک."]},{"$i":"more","$v":"نور"},{"$i":"rec","$v":"REC"},{"$i":"start-recording-call","$v":"د کال ثبت کولو پیل کړئ."},{"$i":"stop-recording-call","$v":"د کال ثبت کولو بندول."},{"$i":"insufficient-storage","$v":"ناکافي حافظه. ريکارډنګ ودرېدو."},{"$i":"reply","$v":"ځواب ورکړئ"},{"$i":"reply-message-1","$v":"بښنه غواړم، زه اوس خبرې نشم کولی."},{"$i":"reply-message-2","$v":"زه په لار يم."},{"$i":"reply-message-3","$v":"آيا زه درته وروسته زنګ وهلی شم؟"},{"$i":"reply-message-4","$v":"...عیار"},{"$i":"reply-to-name","$v":[{"t":"idOrVar","v":"name"}," ته ځواب ورکړی شو"]},{"$i":"mt-call-on-hold","$v":"کال د نیول شوی حالت کی دی."},{"$i":"mt-call_retrieved","$v":"کال راؤستل شوی دی."},{"$i":"mt-multi_party_call","$v":"تاسو د کنفرانس تماس ته اضافه شوئ۔"},{"$i":"hangup-a11y-button","$v":""},{"$i":"pickup-a11y-button","$v":""},{"$i":"mute","$v":""},{"$i":"toggleKeypad","$v":""},{"$i":"newCall","$v":""},{"$i":"speakerOption","$v":""},{"$i":"bluetoothOption","$v":""},{"$i":"onHoldOption","$v":""},{"$i":"merge","$v":""},{"$i":"ignore","$v":""},{"$i":"dialerAddContact","$v":""},{"$i":"makeCall","$v":""},{"$i":"call-forwarding-async","$v":["مختلف الزمام: ",{"t":"idOrVar","v":"async"}]},{"$i":"call-forwarding-data","$v":["ډیټا ",{"t":"idOrVar","v":"data"}]},{"$i":"call-forwarding-error","$v":"د کال مخکې کولو حالت د پیدا کولو پر مهال یوه تیروتنه رامنځته شوه"},{"$i":"call-forwarding-fax","$v":["فکس : ",{"t":"idOrVar","v":"fax"}]},{"$i":"call-forwarding-inactive","$v":"غیر فعال"},{"$i":"call-forwarding-packet","$v":["کڅوړه: ",{"t":"idOrVar","v":"packet"}]},{"$i":"call-forwarding-pad","$v":["پیډ: ",{"t":"idOrVar","v":"pad"}]},{"$i":"call-forwarding-sms","$v":["SMS: ",{"t":"idOrVar","v":"sms"}]},{"$i":"call-forwarding-status","$v":"د اړیکې لیږلو حالت"},{"$i":"call-forwarding-sync","$v":["هممهاله: ",{"t":"idOrVar","v":"sync"}]},{"$i":"call-forwarding-voice","$v":["اواز: ",{"t":"idOrVar","v":"voice"}]},{"$i":"scCallBarring","$v":"کال بیرینګ"},{"$i":"scCallForwarding","$v":"اړیکه لیږل"},{"$i":"scClip","$v":"د راتلونکې کالر ID"},{"$i":"scClir","$v":"د تلونکې کالر ID"},{"$i":"scPwd","$v":"پاسورډ بدلول"},{"$i":"scCallWaiting","$v":"د اړیکې انتظار"},{"$i":"scPin","$v":"PIN بدلول"},{"$i":"scPin2","$v":"PIN2 بدلول"},{"$i":"scPuk","$v":"PIN خلاصول"},{"$i":"scPuk2","$v":"PIN2 خلاصول"},{"$i":"scImei","$v":"IMEI"},{"$i":"scMeid","$v":"MEID"},{"$i":"scUssd","$v":"USSD"},{"$i":"serviceClassVoice","$v":"اواز"},{"$i":"serviceClassData","$v":"ډیټا"},{"$i":"serviceClassFax","$v":"فکس"},{"$i":"serviceClassSms","$v":"SMS"},{"$i":"serviceClassDataSync","$v":"هم مهاله"},{"$i":"serviceClassDataAsync","$v":"Async"},{"$i":"serviceClassPacket","$v":"کڅوړه"},{"$i":"serviceClassPad","$v":"پیډ"},{"$i":"smServiceEnabled","$v":"خدمت فعال شوی وو"},{"$i":"smServiceDisabled","$v":"سرور غیر فعال شوی"},{"$i":"smServiceRegistered","$v":"راجستر بریالی وو"},{"$i":"smServiceErased","$v":"پاکول بریالي وو"},{"$i":"smServiceInterrogated","$v":"درخواست بریالی وو"},{"$i":"smServiceNotProvisioned","$v":"سرور سمبال ندی"},{"$i":"smClirPermanent","$v":"تاسو د کالر ID تنظیمات نشی بدلولی"},{"$i":"smClirDefaultOnNextCallOn","$v":"د کال کونکې شناخت د محدودیت حالت ټاکل کیږي. راتلونکی کال: محدود دی"},{"$i":"smClirDefaultOnNextCallOff","$v":"د کال کونکې شناخت د محدودیت حالت ټاکل کیږي. راتلونکی کال: محدود دی"},{"$i":"smClirDefaultOffNextCallOn","$v":"د کال کونکې شناخت د نه محدودیت حالت ټاکل کیږي. راتلونکی کال: محدود دی"},{"$i":"smClirDefaultOffNextCallOff","$v":"د کال کونکې شناخت د نه محدودیت حالت ټاکل کیږي. راتلونکی کال: محدود نه دی"},{"$i":"smServiceEnabledFor","$v":"خدمت فعال شوی وو لپاره د:"},{"$i":"smPinChanged","$v":"PIN بریالیتوب سره بدل شو"},{"$i":"smPinUnblocked","$v":"PIN بالیتوب سره خلاص شو"},{"$i":"smPin2Changed","$v":"PIN2 بریالیتوب سره بدل شو"},{"$i":"smPin2Unblocked","$v":"PIN2 بالیتوب سره خلاص شو"},{"$i":"ServiceIsEnabled","$v":"سرور فعال دی"},{"$i":"ServiceIsDisabled","$v":"سرور غیر فعال دی"},{"$i":"ServiceIsEnabledFor","$v":"سرور فعال دی لپاره د :"},{"$i":"emMmiError","$v":"وصلیدو ستونزه یا د MMI غلط کوډ"},{"$i":"emMmiErrorPasswordIncorrect","$v":"غلط پاسورډ"},{"$i":"emMmiErrorNotSupported","$v":"غلط یا ناتائید شوی MMI کوډ"},{"$i":"emMmiErrorInvalidAction","$v":"غلط عمل"},{"$i":"emMmiErrorInvalidScCode","$v":"غلط خدماتي کوډ"},{"$i":"emMmiErrorBadPuk","$v":"ټایپ شوی PUK ناسم دی."},{"$i":"emMmiErrorBadPin","$v":"د PIN زوړ چې تاسو داخل کړ ناسم دی."},{"$i":"emMmiErrorNeedPuk2","$v":"د سیم کارډ د خلاصولو لپاره PUK2 ټایپ کړئ"},{"$i":"emMmiErrorMismatchPin","$v":"PINs چې تاسو داخل کړل ناسم دی."},{"$i":"emMmiErrorInvalidPin","$v":"4 تر 8 شمیرو لرونکی PIN داخل کړئ"},{"$i":"emMmiErrorNeedsPuk","$v":"ستاسو سیم کارډ PUK-کلپ شوی."},{"$i":"emMmiErrorEnablePin","$v":"ناکام . د SIM/RUIM کلپ فعال کړئ."},{"$i":"emMmiErrorMmiFdn","$v":"عمل یواځې د ثابتو شمیرو د ډایل کولو لپاره محدود دی"},{"$i":"emMmiErrorStkCcUssdDial","$v":"USSD درخواست ډایل درخواست ته بدل شو"},{"$i":"emMmiErrorStkCcUssdSs","$v":"USSD درخواست SS درخواست ته بدل شو"},{"$i":"emMmiErrorStkCcUssdUssd","$v":"USSD درخواست USSD درخواست ته بدل شو"},{"$i":"emMmiErrorStkCcSsDial","$v":"د SS درخواست ډايل درخواست ته بدل شږ"},{"$i":"emMmiErrorStkCcSsUssd","$v":"د SS درخواست USSD درخواست ته بدل شږ"},{"$i":"emMmiErrorStkCcSsSs","$v":"د SS درخواست نويSS درخواست ته بدل شږ"},{"$i":"emMmiErrorPinPukAttempts","$v":{"few":[{"t":"idOrVar","v":"n"}," هڅی باقي دی"],"many":[{"t":"idOrVar","v":"n"}," هڅی باقي دی"],"one":["یواځې ",{"t":"idOrVar","v":"n"}," بیاځلي هڅه پاتې ده"],"other":[{"t":"idOrVar","v":"n"}," هڅی باقي دی"],"two":[{"t":"idOrVar","v":"n"}," هڅی باقي دی"]},"$x":[{"t":"idOrVar","v":"plural"},"n"]},{"$i":"emMmiErrorSimBlocked","$v":"د هڅو نهايي حد پوره شو. سیم بند شو"},{"$i":"RadioNotAvailable","$v":"Radio not available"},{"$i":"GenericFailure","$v":"عمومي خرابي"},{"$i":"PasswordIncorrect","$v":"غلط پاسورډ"},{"$i":"SimPin2","$v":"د سیم PIN2"},{"$i":"SimPuk2","$v":"د سیم PUK2"},{"$i":"RequestNotSupported","$v":"درخواست تائید نشو"},{"$i":"OpNotAllowedDuringVoiceCall","$v":"عمل د وایس کال پرمهال جواز نلري"},{"$i":"SmsSendFailRetry","$v":"SMS send fail retry"},{"$i":"SimAbsent","$v":"سیم نشته"},{"$i":"SubscriptionNotAvailable","$v":"ګډونوالي شتون نه لري"},{"$i":"ModeNotSupported","$v":"حالت تائید نه شو"},{"$i":"FdnCheckFailure","$v":"د FDN کتنه ناکامه شوه"},{"$i":"IllegalSimOrMe","$v":"غیر قانوني سیم یا ME"},{"$i":"DialModifiedToUssd","$v":"Dial modified to USSD"},{"$i":"DialModifiedToSs","$v":"Dial modified to SS"},{"$i":"DialModifiedToDial","$v":"Dial modified to dial"},{"$i":"UssdModifiedToDial","$v":"USSD ډایل ته بدل شو"},{"$i":"UssdModifiedToSs","$v":"USSD، SS ته بدل شو"},{"$i":"UssdModifiedToUssd","$v":"USSD بدل شوه USSD ته"},{"$i":"SsModifiedToDial","$v":"د ډایل څخه SS ته بدل شو"},{"$i":"SsModifiedToUssd","$v":"د SS څخه USSD بدل شو"},{"$i":"SsModifiedToSs","$v":"د SS څخه SS ته بدل شو"},{"$i":"SubscriptionNotSupported","$v":"ګډونوالي تائید نه شوه"},{"$i":"InvalidParameter","$v":"غلط پارامټر"},{"$i":"RejectedByRemote","$v":"د ریموډ پوسیله مسترد شو."},{"$i":"error","$v":"ستونزه"}]