[{"$i":"weekday-0-long","$v":"Domingo"},{"$i":"weekday-1-long","$v":"Segunda-feira"},{"$i":"weekday-2-long","$v":"Terça-feira"},{"$i":"weekday-3-long","$v":"Quarta-feira"},{"$i":"weekday-4-long","$v":"Quinta-feira"},{"$i":"weekday-5-long","$v":"Sexta-feira"},{"$i":"weekday-6-long","$v":"Sábado"},{"$i":"weekday-0-short","$v":"Dom"},{"$i":"weekday-1-short","$v":"Seg"},{"$i":"weekday-2-short","$v":"Ter"},{"$i":"weekday-3-short","$v":"Qua"},{"$i":"weekday-4-short","$v":"Qui"},{"$i":"weekday-5-short","$v":"Sex"},{"$i":"weekday-6-short","$v":"Sáb"},{"$i":"month-0-long","$v":"Janeiro"},{"$i":"month-1-long","$v":"Fevereiro"},{"$i":"month-2-long","$v":"Março"},{"$i":"month-3-long","$v":"Abril"},{"$i":"month-4-long","$v":"Maio"},{"$i":"month-5-long","$v":"Junho"},{"$i":"month-6-long","$v":"Julho"},{"$i":"month-7-long","$v":"Agosto"},{"$i":"month-8-long","$v":"Setembro"},{"$i":"month-9-long","$v":"Outubro"},{"$i":"month-10-long","$v":"Novembro"},{"$i":"month-11-long","$v":"Dezembro"},{"$i":"month-0-genitive","$v":"Janeiro"},{"$i":"month-1-genitive","$v":"Fevereiro"},{"$i":"month-2-genitive","$v":"Março"},{"$i":"month-3-genitive","$v":"Abril"},{"$i":"month-4-genitive","$v":"Maio"},{"$i":"month-5-genitive","$v":"Junho"},{"$i":"month-6-genitive","$v":"Julho"},{"$i":"month-7-genitive","$v":"Agosto"},{"$i":"month-8-genitive","$v":"Setembro"},{"$i":"month-9-genitive","$v":"Outubro"},{"$i":"month-10-genitive","$v":"Novembro"},{"$i":"month-11-genitive","$v":"Dezembro"},{"$i":"month-0-short","$v":"Jan"},{"$i":"month-1-short","$v":"Fev"},{"$i":"month-2-short","$v":"Mar"},{"$i":"month-3-short","$v":"Abr"},{"$i":"month-4-short","$v":"Mai"},{"$i":"month-5-short","$v":"Jun"},{"$i":"month-6-short","$v":"Jul"},{"$i":"month-7-short","$v":"Ago"},{"$i":"month-8-short","$v":"Set"},{"$i":"month-9-short","$v":"Out"},{"$i":"month-10-short","$v":"Nov"},{"$i":"month-11-short","$v":"Dez"},{"$i":"minutes-ago-long","$v":{"few":[{"t":"idOrVar","v":"value"}," minutos atrás"],"many":[{"t":"idOrVar","v":"value"}," minutos atrás"],"one":"um minuto atrás","other":[{"t":"idOrVar","v":"value"}," minutos atrás"],"two":[{"t":"idOrVar","v":"value"}," minutos atrás"],"zero":"agora mesmo"},"$x":[{"t":"idOrVar","v":"plural"},"value"]},{"$i":"hours-ago-long","$v":{"few":["horas ",{"t":"idOrVar","v":"value"}," atrás"],"many":["horas ",{"t":"idOrVar","v":"value"}," atrás"],"one":"uma hora atrás","other":["horas ",{"t":"idOrVar","v":"value"}," atrás"],"two":["horas ",{"t":"idOrVar","v":"value"}," atrás"],"zero":"agora mesmo"},"$x":[{"t":"idOrVar","v":"plural"},"value"]},{"$i":"days-ago-long","$v":{"few":[{"t":"idOrVar","v":"value"}," dias antes"],"many":[{"t":"idOrVar","v":"value"}," dias antes"],"one":"ontem","other":[{"t":"idOrVar","v":"value"}," dias antes"],"two":[{"t":"idOrVar","v":"value"}," dias antes"],"zero":"hoje"},"$x":[{"t":"idOrVar","v":"plural"},"value"]},{"$i":"weeks-ago-long","$v":{"few":[{"t":"idOrVar","v":"value"}," semanas antes"],"many":[{"t":"idOrVar","v":"value"}," semanas antes"],"one":"semana passada","other":[{"t":"idOrVar","v":"value"}," semanas antes"],"two":[{"t":"idOrVar","v":"value"}," semanas antes"],"zero":"esta semana"},"$x":[{"t":"idOrVar","v":"plural"},"value"]},{"$i":"months-ago-long","$v":{"few":[{"t":"idOrVar","v":"value"}," meses antes"],"many":[{"t":"idOrVar","v":"value"}," meses antes"],"one":"no mês passado","other":[{"t":"idOrVar","v":"value"}," meses antes"],"two":[{"t":"idOrVar","v":"value"}," meses antes"],"zero":"este mês"},"$x":[{"t":"idOrVar","v":"plural"},"value"]},{"$i":"years-ago-long","$v":{"few":[{"t":"idOrVar","v":"value"}," anos antes"],"many":[{"t":"idOrVar","v":"value"}," anos antes"],"one":"ano passado","other":[{"t":"idOrVar","v":"value"}," anos antes"],"two":[{"t":"idOrVar","v":"value"}," anos antes"],"zero":"este ano"},"$x":[{"t":"idOrVar","v":"plural"},"value"]},{"$i":"minutes-until-long","$v":{"few":["em ",{"t":"idOrVar","v":"value"}," minutos"],"many":["em ",{"t":"idOrVar","v":"value"}," minutos"],"one":"em um minuto","other":["em ",{"t":"idOrVar","v":"value"}," minutos"],"two":["em ",{"t":"idOrVar","v":"value"}," minutos"],"zero":"agora"},"$x":[{"t":"idOrVar","v":"plural"},"value"]},{"$i":"hours-until-long","$v":{"few":["em ",{"t":"idOrVar","v":"value"}," horas"],"many":["em ",{"t":"idOrVar","v":"value"}," horas"],"one":"em uma hora","other":["em ",{"t":"idOrVar","v":"value"}," horas"],"two":["em ",{"t":"idOrVar","v":"value"}," horas"],"zero":"agora"},"$x":[{"t":"idOrVar","v":"plural"},"value"]},{"$i":"days-until-long","$v":{"few":["em ",{"t":"idOrVar","v":"value"}," dias"],"many":["em ",{"t":"idOrVar","v":"value"}," dias"],"one":"amanhã","other":["em ",{"t":"idOrVar","v":"value"}," dias"],"two":["em ",{"t":"idOrVar","v":"value"}," dias"],"zero":"hoje"},"$x":[{"t":"idOrVar","v":"plural"},"value"]},{"$i":"weeks-until-long","$v":{"few":["em ",{"t":"idOrVar","v":"value"}," semanas"],"many":["em ",{"t":"idOrVar","v":"value"}," semanas"],"one":"próxima semana","other":["em ",{"t":"idOrVar","v":"value"}," semanas"],"two":["em ",{"t":"idOrVar","v":"value"}," semanas"],"zero":"esta semana"},"$x":[{"t":"idOrVar","v":"plural"},"value"]},{"$i":"months-until-long","$v":{"few":["em ",{"t":"idOrVar","v":"value"}," meses"],"many":["em ",{"t":"idOrVar","v":"value"}," meses"],"one":"próximo mês","other":["em ",{"t":"idOrVar","v":"value"}," meses"],"two":["em ",{"t":"idOrVar","v":"value"}," meses"],"zero":"este mês"},"$x":[{"t":"idOrVar","v":"plural"},"value"]},{"$i":"years-until-long","$v":{"few":["em ",{"t":"idOrVar","v":"value"}," anos"],"many":["em ",{"t":"idOrVar","v":"value"}," anos"],"one":"próximo ano","other":["em ",{"t":"idOrVar","v":"value"}," anos"],"two":["em ",{"t":"idOrVar","v":"value"}," anos"],"zero":"este ano"},"$x":[{"t":"idOrVar","v":"plural"},"value"]},{"$i":"minutes-ago-short","$v":{"other":[{"t":"idOrVar","v":"value"},"m atrás"],"zero":"agora mesmo"},"$x":[{"t":"idOrVar","v":"plural"},"value"]},{"$i":"hours-ago-short","$v":{"other":[{"t":"idOrVar","v":"value"},"h atrás"],"zero":"agora mesmo"},"$x":[{"t":"idOrVar","v":"plural"},"value"]},{"$i":"days-ago-short","$v":{"other":[{"t":"idOrVar","v":"value"},"d antes"],"zero":"hoje"},"$x":[{"t":"idOrVar","v":"plural"},"value"]},{"$i":"minutes-until-short","$v":{"other":["em ",{"t":"idOrVar","v":"value"},"m"],"zero":"agora"},"$x":[{"t":"idOrVar","v":"plural"},"value"]},{"$i":"hours-until-short","$v":{"other":["em ",{"t":"idOrVar","v":"value"},"h"],"zero":"agora"},"$x":[{"t":"idOrVar","v":"plural"},"value"]},{"$i":"days-until-short","$v":{"other":["em ",{"t":"idOrVar","v":"value"},"d"],"zero":"hoje"},"$x":[{"t":"idOrVar","v":"plural"},"value"]},{"$i":"incorrectDate","$v":"(data incorreta)"},{"$i":"dateTimeFormat_%c","$v":"%a %b %e %Y %I:%M:%S %p"},{"$i":"dateTimeFormat_%x","$v":"%d/%m/%Y"},{"$i":"dateTimeFormat_%X","$v":"%I:%M:%S %p"},{"$i":"shortTimeFormat","$v":"%I:%M %p"},{"$i":"shortTimeFormat12","$v":"%I:%M %p"},{"$i":"shortTimeFormat24","$v":"%H:%M"},{"$i":"shortDateTimeFormat","$v":"%x %I:%M %p"},{"$i":"weekStartsOnMonday","$v":"0.0"},{"$i":"firstDayOfTheWeek","$v":"0.0"},{"$i":"time_am","$v":"AM"},{"$i":"time_pm","$v":"PM"},{"$i":"label","$v":"Rótulo"},{"$i":"mobile","$v":"Mobile"},{"$i":"home","$v":"Casa"},{"$i":"work","$v":"Trabalho"},{"$i":"personal","$v":"Pessoal"},{"$i":"faxHome","$v":"Enviar fax para casa"},{"$i":"faxOffice","$v":"Enviar fax para o escritório"},{"$i":"faxOther","$v":"Enviar fax para outro"},{"$i":"another","$v":"Outro"},{"$i":"other","$v":"Outras"},{"$i":"customTag","$v":"Marca personalizada","placeholder":"Marca personalizada"},{"$i":"current","$v":"Atual"},{"$i":"itemWithLabel","$v":[{"t":"idOrVar","v":"label"},", ",{"t":"idOrVar","v":"item"}]},{"$i":"airplaneMode","$v":"Modo avião"},{"$i":"searching","$v":"Pesquisando…"},{"$i":"noNetwork","$v":"Nenhuma rede"},{"$i":"roaming","$v":[{"t":"idOrVar","v":"operator"}," (Roaming)"]},{"$i":"operator-info","$v":[{"t":"idOrVar","v":"carrier"}," ",{"t":"idOrVar","v":"region"}]},{"$i":"emergencyCallsOnly","$v":"Apenas chamadas de emergência"},{"$i":"emergencyCallsOnly-unknownSIMState","$v":"(estado do SIM desconhecido)"},{"$i":"emergencyCallsOnly-noSIM","$v":"(sem SIM)"},{"$i":"emergencyCallsOnly-pinRequired","$v":"(PIN do SIM necessário)"},{"$i":"emergencyCallsOnly-pukRequired","$v":"(PUK do SIM necessário)"},{"$i":"emergencyCallsOnly-networkLocked","$v":"(rede bloqueada)"},{"$i":"emergencyCallsOnly-serviceProviderLocked","$v":"(provedor de serviço bloqueado)"},{"$i":"emergencyCallsOnly-corporateLocked","$v":"(corporativo bloqueado)"},{"$i":"emergencyCallsOnly-network1Locked","$v":"(rede1 bloqueada)"},{"$i":"emergencyCallsOnly-network2Locked","$v":"(rede2 bloqueada)"},{"$i":"emergencyCallsOnly-hrpdNetworkLocked","$v":"(rede hrpd bloqueada)"},{"$i":"emergencyCallsOnly-ruimCorporateLocked","$v":"(corporativo RUIM bloqueado)"},{"$i":"emergencyCallsOnly-ruimServiceProviderLocked","$v":"(provedor de serviço RUIM bloqueado)"},{"$i":"lockscreen-sim-id","$v":["SIM ",{"t":"idOrVar","v":"n"}]},{"$i":"charging-no-time","$v":[{"t":"idOrVar","v":"level"},"% carregado"]},{"$i":"charging-minutes","$v":{"few":[{"t":"idOrVar","v":"level"},"% carregado (",{"t":"idOrVar","v":"minutes"}," mins. até totalmente carregado)"],"many":[{"t":"idOrVar","v":"level"},"% carregado (",{"t":"idOrVar","v":"minutes"}," mins. até totalmente carregado)"],"one":[{"t":"idOrVar","v":"level"},"% carregado (",{"t":"idOrVar","v":"minutes"}," min. até totalmente carregado)"],"other":[{"t":"idOrVar","v":"level"},"% carregado (",{"t":"idOrVar","v":"minutes"}," mins. até totalmente carregado)"],"two":[{"t":"idOrVar","v":"level"},"% carregado (",{"t":"idOrVar","v":"minutes"}," mins. até totalmente carregado)"],"zero":[{"t":"idOrVar","v":"level"},"% carregado (",{"t":"idOrVar","v":"minutes"}," mins. até totalmente carregado)"]},"$x":[{"t":"idOrVar","v":"plural"},"minutes"]},{"$i":"charging-hours","$v":{"few":[{"t":"idOrVar","v":"level"},"% carregado (",{"t":"idOrVar","v":"hours"},"h ",{"t":"idOrVar","v":"minutes"}," mins. até totalmente carregado)"],"many":[{"t":"idOrVar","v":"level"},"% carregado (",{"t":"idOrVar","v":"hours"},"h ",{"t":"idOrVar","v":"minutes"}," mins. até totalmente carregado)"],"one":[{"t":"idOrVar","v":"level"},"% carregado (",{"t":"idOrVar","v":"hours"},"h ",{"t":"idOrVar","v":"minutes"}," min. até totalmente carregado)"],"other":[{"t":"idOrVar","v":"level"},"% carregado (",{"t":"idOrVar","v":"hours"},"h ",{"t":"idOrVar","v":"minutes"}," mins. até totalmente carregado)"],"two":[{"t":"idOrVar","v":"level"},"% carregado (",{"t":"idOrVar","v":"hours"},"h ",{"t":"idOrVar","v":"minutes"}," mins. até totalmente carregado)"],"zero":[{"t":"idOrVar","v":"level"},"% carregado (",{"t":"idOrVar","v":"hours"},"h ",{"t":"idOrVar","v":"minutes"}," mins. até totalmente carregado)"]},"$x":[{"t":"idOrVar","v":"plural"},"minutes"]},{"$i":"phoneNumberInput","ariaLabel":"Número de telefone"},{"$i":"keypadDelete","ariaLabel":"Excluir"},{"$i":"voiceMailKey","ariaLabel":"Correio de voz"},{"$i":"asterisk","ariaLabel":"Asterisco"},{"$i":"hashSign","ariaLabel":"Sinal de cerquilha"},{"$i":"cancel","$v":"Cancelar"},{"$i":"loadingSimContacts","$v":"Carregando contatos do cartão SIM…"},{"$i":"noContactsWereFound","$v":"Nenhum contato encontrado"},{"$i":"noContactsFoundDialogOk","$v":"OK"},{"$i":"emergencyNumber","$v":"Número de emergência"},{"$i":"callAirplaneModeMessage","$v":"Para fazer uma chamada, você precisa desativar o modo avião em Configurações."},{"$i":"callAirplaneModeBtnOk","$v":"OK"},{"$i":"callAirplaneModeTitle","$v":"Modo avião ativado"},{"$i":"numberIsBusyTitle","$v":"O número está ocupado"},{"$i":"numberIsBusyMessage","$v":"O número está ocupado no momento. Tente novamente mais tarde."},{"$i":"fdnIsActiveTitle","$v":"FDN ativo"},{"$i":"fdnIsActiveMessage","$v":["FDN (números de discagem fixa) está ativado e o número a seguir não está em sua lista de FDN: ",{"t":"idOrVar","v":"number"}]},{"$i":"emergencyDialogBodyBadNumber","$v":"Para fazer uma chamada, o telefone deve estar conectado a uma rede."},{"$i":"emergencyDialogBodyDeviceNotAccepted","$v":"Não são permitidas chamadas de emergência pela rede."},{"$i":"emergencyDialogBtnOk","$v":"OK"},{"$i":"emergencyDialogTitle","$v":"Sem conexão de rede"},{"$i":"invalidNumberToDialTitle","$v":"N.º de telefone inválido"},{"$i":"invalidNumberToDialMessage","$v":"O número de telefone que você está chamando não é válido."},{"$i":"unableToCallTitle","$v":"Não é possível realizar uma chamada"},{"$i":"unableToCallMessage","$v":"Não é possível fazer uma chamada agora."},{"$i":"otherConnectionInUseTitle","$v":"Outra conexão em uso"},{"$i":"otherConnectionInUseMessage","$v":"Você tem uma chamada ativa em outra conexão. Você só pode usar uma conexão por vez."},{"$i":"connectingEllipsis","$v":"Conectando..."},{"$i":"clear","$v":"Excluir"},{"$i":"dialer","$v":"Discador"},{"$i":"kai-incomming-call","$v":"Chamada recebida"},{"$i":"kai-in-call","$v":"Em chamada"},{"$i":"kai-answer","$v":"Atender"},{"$i":"kai-end-answer","$v":"Encerrar e atender"},{"$i":"kai-decline","$v":"Recusar"},{"$i":"enter-passcode","$v":"Digite código de acesso para desbloquear tela."},{"$i":"passcode-error","$v":"Código inválido. Tente novamente."},{"$i":"voice-call","$v":"Alterar para chamada de voz"},{"$i":"video-call","$v":"Alterar para chamada de vídeo"},{"$i":"message","$v":"Mensagem"},{"$i":"answer-rtt-call","$v":"Resposta RTT"},{"$i":"req-rtt-call","$v":"ANS RTT"},{"$i":"rtt-call","$v":"Chamada RTT"},{"$i":"rtt-view","$v":"Exibição de RTT"},{"$i":"change-to-rtt-call","$v":"Conectando chamada RTT..."},{"$i":"change-to-voice-call","$v":"Alterada para chamada de voz."},{"$i":"upgrading-rtt","$v":"Atualizando chamada RTT..."},{"$i":"rtt-call-failed","$v":"Falha na chamada RTT."},{"$i":"voice-call-failed","$v":"Falha na chamada de voz."},{"$i":"rtt","$v":"RTT"},{"$i":"rtt-emegency-upgrade-rejected","$v":"RTT não está disponível para esta chamada para o número de emergência."},{"$i":"rtt-emegency-downgrade","$v":"RTT não está disponível para esta chamada para o número de emergência. Sua chamada foi conectada como chamada somente de voz. Se você tiver dificuldades, faça uma chamada de voz ou de retransmissão para o número de emergência."},{"$i":"voice-only-call","$v":"Sua chamada foi conectada como chamada somente de voz."},{"$i":"ans-rtt-failed","$v":"Falha ao estabelecer chamada RTT. Sua chamada foi conectada como chamada somente de voz."},{"$i":"back","$v":"Voltar"},{"$i":"new-message","$v":"Mensagem novas de"},{"$i":"kai-mute","$v":"Mudo"},{"$i":"kai-unmute","$v":"Desativar mudo"},{"$i":"kai-speaker","$v":"Viva-voz"},{"$i":"kai-speaker-off","$v":"Viva voz desativado"},{"$i":"kai-microphone-mute-notification","$v":"Microfone silenciado"},{"$i":"kai-microphone-active-notification","$v":"O microfone está ativo"},{"$i":"kai-speaker-off-notification","$v":"Viva-voz externo desativado"},{"$i":"kai-speaker-on-notification","$v":"Viva-voz externo ativado"},{"$i":"kai-hold-and-answer","$v":"Colocar em espera e atender"},{"$i":"kai-ignore-call","$v":"Ignorar chamada recebida"},{"$i":"kai-add-to-call","$v":"Adicionar chamada"},{"$i":"kai-switch-to-second-line","$v":"Trocar chamada"},{"$i":"kai-merge-calls","$v":"Mesclar chamada"},{"$i":"ok","$v":"Ok"},{"$i":"losing-wifi-msg","$v":"Perdendo Wi-Fi"},{"$i":"hd","$v":"HD"},{"$i":"manage-call","$v":"Gerenciar chamada"},{"$i":"end","$v":"Encerrar chamada"},{"$i":"private","$v":"Privado"},{"$i":"sound","$v":"Som"},{"$i":"bluetooth-device","$v":"Dispositivo Bluetooth"},{"$i":"handset-earpiece","$v":"Telefone"},{"$i":"speaker","$v":"Viva-voz"},{"$i":"call-ended","$v":"Chamada encerrada"},{"$i":"payphone","$v":"Telefone público"},{"$i":"contact","$v":"Contatos"},{"$i":"dialer-prompt","$v":"Discar número ou selecionar contato para adicionar à chamada"},{"$i":"call","$v":"Chamada"},{"$i":"hold","$v":"Em espera"},{"$i":"volume","$v":"Volume"},{"$i":"softkey-options","$v":"Opções"},{"$i":"unhold-call","$v":"Liberar chamada em espera"},{"$i":"hold-call","$v":"Colocar a chamada em espera"},{"$i":"select","$v":"Selecionar"},{"$i":"unknown","$v":"Desconhecido"},{"$i":"switch-calls","$v":"Alternar chamadas"},{"$i":"voiceMail","$v":"Correio de voz"},{"$i":"incoming","$v":"Incoming"},{"$i":"outgoing","$v":"Realizadas"},{"$i":"callEnded","$v":"Chamada encerrada"},{"$i":"callEndedDuration","$v":["Chamada concluída (",{"t":"idOrVar","v":"duration"},")"]},{"$i":"conferenceAddError","$v":"Não é possível mesclar chamadas"},{"$i":"conferenceRemoveError","$v":"Não é possível desfazer mesclagem de chamadas"},{"$i":"callDurationMinutes","$v":[{"t":"idOrVar","v":"m"},":",{"t":"idOrVar","v":"s"}]},{"$i":"callDurationHours","$v":[{"t":"idOrVar","v":"h"},":",{"t":"idOrVar","v":"m"},":",{"t":"idOrVar","v":"s"}]},{"$i":"callDurationTextFormatSeconds","$v":[{"t":"idOrVar","v":"s"}," s"]},{"$i":"callDurationTextFormatMinutes","$v":[{"t":"idOrVar","v":"m"}," m ",{"t":"idOrVar","v":"s"}," s"]},{"$i":"callDurationTextFormatHours","$v":[{"t":"idOrVar","v":"h"}," h ",{"t":"idOrVar","v":"m"}," m ",{"t":"idOrVar","v":"s"}," s"]},{"$i":"switch-to-device-toast","$v":"Mudou para dispositivo bluetooth"},{"$i":"switch-to-handset-toast","$v":"Alternado para alto-falante"},{"$i":"switch-to-speaker-toast","$v":"Mudou para viva-voz"},{"$i":"connecting","$v":"Conectando"},{"$i":"wifi-call-quality-excellent","$v":"Excelente"},{"$i":"wifi-call-quality-fair","$v":"Normal"},{"$i":"wifi-call-quality-bad","$v":"Ruim"},{"$i":"call-left-conference-toast","$v":"saiu da chamada"},{"$i":"camera-off","$v":"Câmera desligada"},{"$i":"camera-on","$v":"Câmera ligada"},{"$i":"rear-camera","$v":"Câmera traseira"},{"$i":"front-camera","$v":"Câmera frontal"},{"$i":"hide-info","$v":"Ocultar informações"},{"$i":"show-info","$v":"Exibir informações"},{"$i":"video-call-rejected","$v":"A chamada de vídeo foi rejeitada. Altere para chamada de voz."},{"$i":"video-call-not-support","$v":"A chamada de vídeo não é suportada."},{"$i":"video-call-rejected-timeout","$v":"Chamada de vídeo rejeitada ou tempo limite excedido."},{"$i":"video-call-from","$v":["Recebendo chamada de vídeo de ",{"t":"idOrVar","v":"name"},"."]},{"$i":"video-call-canceled","$v":"A chamada de vídeo foi cancelada."},{"$i":"video-call-failed","$v":"Falha na chamada de vídeo."},{"$i":"call-downgraded","$v":"Downgrade da chamada."},{"$i":"wifi-calling","$v":"Chamadas Wi-Fi"},{"$i":"wifi-calling-1","$v":"A chamada pode cair."},{"$i":"wifi-calling-2","$v":"Você está quase fora do alcance da cobertura Wi-Fi."},{"$i":"wifi-calling-dropped","$v":"A chamada Wi-Fi caiu."},{"$i":"accept","$v":"Aceitar"},{"$i":"conference-call-num","$v":[{"t":"idOrVar","v":"num"}," pessoas na chamada."]},{"$i":"more","$v":"Mais"},{"$i":"rec","$v":"GRAVAR"},{"$i":"start-recording-call","$v":"Inicie chamada de gravação."},{"$i":"stop-recording-call","$v":"Interrompa gravação de chamada."},{"$i":"insufficient-storage","$v":"Armazenamento insuficiente. Gravação interrompida."},{"$i":"reply","$v":"Responder"},{"$i":"reply-message-1","$v":"Não posso falar agora."},{"$i":"reply-message-2","$v":"Estou a caminho."},{"$i":"reply-message-3","$v":"Posso ligar mais tarde?"},{"$i":"reply-message-4","$v":"Personalizado..."},{"$i":"reply-to-name","$v":["Respondeu a ",{"t":"idOrVar","v":"name"}]},{"$i":"mt-call-on-hold","$v":"A chamada foi colocada em espera."},{"$i":"mt-call_retrieved","$v":"A chamada foi recuperada."},{"$i":"mt-multi_party_call","$v":"Você foi adicionado a uma chamada em conferência."},{"$i":"hangup-a11y-button","$v":""},{"$i":"pickup-a11y-button","$v":""},{"$i":"mute","$v":""},{"$i":"toggleKeypad","$v":""},{"$i":"newCall","$v":""},{"$i":"speakerOption","$v":""},{"$i":"bluetoothOption","$v":""},{"$i":"onHoldOption","$v":""},{"$i":"merge","$v":""},{"$i":"ignore","$v":""},{"$i":"dialerAddContact","$v":""},{"$i":"makeCall","$v":""},{"$i":"call-forwarding-async","$v":["Assíncrona: ",{"t":"idOrVar","v":"async"}]},{"$i":"call-forwarding-data","$v":["Dados: ",{"t":"idOrVar","v":"data"}]},{"$i":"call-forwarding-error","$v":"Ocorreu um erro ao recuperar o status de encaminhamento de chamadas"},{"$i":"call-forwarding-fax","$v":["FAX: ",{"t":"idOrVar","v":"fax"}]},{"$i":"call-forwarding-inactive","$v":"Inativo"},{"$i":"call-forwarding-packet","$v":["Pacote: ",{"t":"idOrVar","v":"packet"}]},{"$i":"call-forwarding-pad","$v":["PAD: ",{"t":"idOrVar","v":"pad"}]},{"$i":"call-forwarding-sms","$v":["SMS: ",{"t":"idOrVar","v":"sms"}]},{"$i":"call-forwarding-status","$v":"Estado de encaminhamento de chamadas"},{"$i":"call-forwarding-sync","$v":["Síncrono: ",{"t":"idOrVar","v":"sync"}]},{"$i":"call-forwarding-voice","$v":["Voz: ",{"t":"idOrVar","v":"voice"}]},{"$i":"scCallBarring","$v":"Bloqueio de chamadas"},{"$i":"scCallForwarding","$v":"Encaminhamento de chamadas"},{"$i":"scClip","$v":"ID do originador da chamada recebida"},{"$i":"scClir","$v":"ID do originador"},{"$i":"scPwd","$v":"Alteração da senha"},{"$i":"scCallWaiting","$v":"Chamada em espera"},{"$i":"scPin","$v":"Alteração de PIN"},{"$i":"scPin2","$v":"Alteração de PIN2"},{"$i":"scPuk","$v":"Desbloquear PIN"},{"$i":"scPuk2","$v":"Desbloquear PIN2"},{"$i":"scImei","$v":"IMEI"},{"$i":"scMeid","$v":"MEID"},{"$i":"scUssd","$v":"USSD"},{"$i":"serviceClassVoice","$v":"Voz"},{"$i":"serviceClassData","$v":"Dados"},{"$i":"serviceClassFax","$v":"FAX"},{"$i":"serviceClassSms","$v":"SMS"},{"$i":"serviceClassDataSync","$v":"Síncrono"},{"$i":"serviceClassDataAsync","$v":"Assíncrono"},{"$i":"serviceClassPacket","$v":"Pacote"},{"$i":"serviceClassPad","$v":"PAD"},{"$i":"smServiceEnabled","$v":"O serviço foi ativado"},{"$i":"smServiceDisabled","$v":"O serviço foi desativado"},{"$i":"smServiceRegistered","$v":"Registro bem-sucedido"},{"$i":"smServiceErased","$v":"Exclusão bem-sucedida"},{"$i":"smServiceInterrogated","$v":"Solicitação bem-sucedida"},{"$i":"smServiceNotProvisioned","$v":"Serviço não fornecido"},{"$i":"smClirPermanent","$v":"Não é possível alterar a configuração do ID do originador"},{"$i":"smClirDefaultOnNextCallOn","$v":"O ID do originador assume o padrão de restrito. Próxima chamada: Restrita"},{"$i":"smClirDefaultOnNextCallOff","$v":"O ID do originador assume o padrão de restrito. Próxima chamada: Não restrita"},{"$i":"smClirDefaultOffNextCallOn","$v":"O ID do originador assume o padrão de não restrito. Próxima chamada: Restrita"},{"$i":"smClirDefaultOffNextCallOff","$v":"O ID do originador assume o padrão de não restrito. Próxima chamada: Não restrita"},{"$i":"smServiceEnabledFor","$v":"O serviço foi ativado para:"},{"$i":"smPinChanged","$v":"PIN alterado com sucesso"},{"$i":"smPinUnblocked","$v":"PIN desbloqueado com sucesso"},{"$i":"smPin2Changed","$v":"PIN2 alterado com sucesso"},{"$i":"smPin2Unblocked","$v":"PIN2 desbloqueado com sucesso"},{"$i":"ServiceIsEnabled","$v":"Serviço ativado"},{"$i":"ServiceIsDisabled","$v":"Serviço desativado"},{"$i":"ServiceIsEnabledFor","$v":"Serviço ativado para:"},{"$i":"emMmiError","$v":"Problema de conexão ou código MMI inválido"},{"$i":"emMmiErrorPasswordIncorrect","$v":"Senha incorreta"},{"$i":"emMmiErrorNotSupported","$v":"Código MMI inválido ou incompatível"},{"$i":"emMmiErrorInvalidAction","$v":"Ação inválida"},{"$i":"emMmiErrorInvalidScCode","$v":"Código de serviço inválido"},{"$i":"emMmiErrorBadPuk","$v":"O PUK digitado não está correto"},{"$i":"emMmiErrorBadPin","$v":"O PIN antigo digitado não está correto."},{"$i":"emMmiErrorNeedPuk2","$v":"Digitar PUK2 para desbloquear cartão SIM"},{"$i":"emMmiErrorMismatchPin","$v":"Os PINs digitados não correspondem"},{"$i":"emMmiErrorInvalidPin","$v":"Digitar um PIN com 4 a 8 números"},{"$i":"emMmiErrorNeedsPuk","$v":"Seu cartão SIM está bloqueado por um PUK"},{"$i":"emMmiErrorEnablePin","$v":"Sem sucesso. Ativar SIM/RUIM LOCK"},{"$i":"emMmiErrorMmiFdn","$v":"Operação restrita somente a números de discagem fixa"},{"$i":"emMmiErrorStkCcUssdDial","$v":"Solicitação USSD modificada para solicitação DIAL"},{"$i":"emMmiErrorStkCcUssdSs","$v":"Solicitação USSD modificada para solicitação SS"},{"$i":"emMmiErrorStkCcUssdUssd","$v":"Solicitação USSD modificada para nova solicitação USSD"},{"$i":"emMmiErrorStkCcSsDial","$v":"Solicitação SS modificada para solicitação DIAL"},{"$i":"emMmiErrorStkCcSsUssd","$v":"Solicitação SS modificada para solicitação USSD"},{"$i":"emMmiErrorStkCcSsSs","$v":"Solicitação SS modificada para nova solicitação SS"},{"$i":"emMmiErrorPinPukAttempts","$v":{"few":[{"t":"idOrVar","v":"n"}," tentativas restantes"],"many":[{"t":"idOrVar","v":"n"}," tentativas restantes"],"one":["Somente ",{"t":"idOrVar","v":"n"}," tentativas restantes"],"other":[{"t":"idOrVar","v":"n"}," tentativas restantes"],"two":[{"t":"idOrVar","v":"n"}," tentativas restantes"]},"$x":[{"t":"idOrVar","v":"plural"},"n"]},{"$i":"emMmiErrorSimBlocked","$v":"Número máximo de tentativas excedido. Cartão SIM bloqueado"},{"$i":"RadioNotAvailable","$v":"Rádio não disponível"},{"$i":"GenericFailure","$v":"Falha genérica"},{"$i":"PasswordIncorrect","$v":"Senha incorreta"},{"$i":"SimPin2","$v":"SIM PIN2"},{"$i":"SimPuk2","$v":"SIM PUK2"},{"$i":"RequestNotSupported","$v":"Solicitação não compatível"},{"$i":"OpNotAllowedDuringVoiceCall","$v":"A operação não é permitida durante uma chamada de voz"},{"$i":"SmsSendFailRetry","$v":"Falha ao tentar reenviar SMS"},{"$i":"SimAbsent","$v":"SIM ausente"},{"$i":"SubscriptionNotAvailable","$v":"Assinatura não disponível"},{"$i":"ModeNotSupported","$v":"Modo não compatível"},{"$i":"FdnCheckFailure","$v":"Falha ao verificar Fdn"},{"$i":"IllegalSimOrMe","$v":"SIM ou ME ilegal"},{"$i":"DialModifiedToUssd","$v":"Dial modified to USSD"},{"$i":"DialModifiedToSs","$v":"Dial modified to SS"},{"$i":"DialModifiedToDial","$v":"Dial modified to dial"},{"$i":"UssdModifiedToDial","$v":"USSD modified to dial"},{"$i":"UssdModifiedToSs","$v":"USSD modified to SS"},{"$i":"UssdModifiedToUssd","$v":"USSD modified to USSD"},{"$i":"SsModifiedToDial","$v":"SS modified to dial"},{"$i":"SsModifiedToUssd","$v":"SS modified to USSD"},{"$i":"SsModifiedToSs","$v":"SS modified to SS"},{"$i":"SubscriptionNotSupported","$v":"Assinatura não compatível"},{"$i":"InvalidParameter","$v":"Parâmetro inválido"},{"$i":"RejectedByRemote","$v":"Rejeitado pelo controle remoto"},{"$i":"error","$v":"Erro"}]