[{"$i":"weekday-0-long","$v":"Domingo"},{"$i":"weekday-1-long","$v":"Segunda-feira"},{"$i":"weekday-2-long","$v":"Terça-feira"},{"$i":"weekday-3-long","$v":"Quarta-feira"},{"$i":"weekday-4-long","$v":"Quinta-feira"},{"$i":"weekday-5-long","$v":"Sexta-feira"},{"$i":"weekday-6-long","$v":"Sábado"},{"$i":"weekday-0-short","$v":"Dom"},{"$i":"weekday-1-short","$v":"Seg"},{"$i":"weekday-2-short","$v":"Ter"},{"$i":"weekday-3-short","$v":"Qua"},{"$i":"weekday-4-short","$v":"Qui"},{"$i":"weekday-5-short","$v":"Sex"},{"$i":"weekday-6-short","$v":"Sáb"},{"$i":"month-0-long","$v":"Janeiro"},{"$i":"month-1-long","$v":"Fevereiro"},{"$i":"month-2-long","$v":"Março"},{"$i":"month-3-long","$v":"Abril"},{"$i":"month-4-long","$v":"Maio"},{"$i":"month-5-long","$v":"Junho"},{"$i":"month-6-long","$v":"Julho"},{"$i":"month-7-long","$v":"Agosto"},{"$i":"month-8-long","$v":"Setembro"},{"$i":"month-9-long","$v":"Outubro"},{"$i":"month-10-long","$v":"Novembro"},{"$i":"month-11-long","$v":"Dezembro"},{"$i":"month-0-genitive","$v":"Janeiro"},{"$i":"month-1-genitive","$v":"Fevereiro"},{"$i":"month-2-genitive","$v":"Março"},{"$i":"month-3-genitive","$v":"Abril"},{"$i":"month-4-genitive","$v":"Maio"},{"$i":"month-5-genitive","$v":"Junho"},{"$i":"month-6-genitive","$v":"Julho"},{"$i":"month-7-genitive","$v":"Agosto"},{"$i":"month-8-genitive","$v":"Setembro"},{"$i":"month-9-genitive","$v":"Outubro"},{"$i":"month-10-genitive","$v":"Novembro"},{"$i":"month-11-genitive","$v":"Dezembro"},{"$i":"month-0-short","$v":"Jan"},{"$i":"month-1-short","$v":"Fev"},{"$i":"month-2-short","$v":"Mar"},{"$i":"month-3-short","$v":"Abr"},{"$i":"month-4-short","$v":"Mai"},{"$i":"month-5-short","$v":"Jun"},{"$i":"month-6-short","$v":"Jul"},{"$i":"month-7-short","$v":"Ago"},{"$i":"month-8-short","$v":"Set"},{"$i":"month-9-short","$v":"Out"},{"$i":"month-10-short","$v":"Nov"},{"$i":"month-11-short","$v":"Dez"},{"$i":"minutes-ago-long","$v":{"few":[{"t":"idOrVar","v":"value"}," minutos atrás"],"many":[{"t":"idOrVar","v":"value"}," minutos atrás"],"one":"há um minuto","other":[{"t":"idOrVar","v":"value"}," minutos atrás"],"two":[{"t":"idOrVar","v":"value"}," minutos atrás"],"zero":"mesmo agora"},"$x":[{"t":"idOrVar","v":"plural"},"value"]},{"$i":"hours-ago-long","$v":{"few":[{"t":"idOrVar","v":"value"}," horas atrás"],"many":[{"t":"idOrVar","v":"value"}," horas atrás"],"one":"há uma hora","other":[{"t":"idOrVar","v":"value"}," horas atrás"],"two":[{"t":"idOrVar","v":"value"}," horas atrás"],"zero":"mesmo agora"},"$x":[{"t":"idOrVar","v":"plural"},"value"]},{"$i":"days-ago-long","$v":{"few":[{"t":"idOrVar","v":"value"}," dias atrás"],"many":[{"t":"idOrVar","v":"value"}," dias atrás"],"one":"ontem","other":[{"t":"idOrVar","v":"value"}," dias atrás"],"two":[{"t":"idOrVar","v":"value"}," dias atrás"],"zero":"hoje"},"$x":[{"t":"idOrVar","v":"plural"},"value"]},{"$i":"weeks-ago-long","$v":{"few":[{"t":"idOrVar","v":"value"}," semanas atrás"],"many":[{"t":"idOrVar","v":"value"}," semanas atrás"],"one":"semana passada","other":[{"t":"idOrVar","v":"value"}," semanas atrás"],"two":[{"t":"idOrVar","v":"value"}," semanas atrás"],"zero":"esta semana"},"$x":[{"t":"idOrVar","v":"plural"},"value"]},{"$i":"months-ago-long","$v":{"few":[{"t":"idOrVar","v":"value"}," meses atrás"],"many":[{"t":"idOrVar","v":"value"}," meses atrás"],"one":"mês passado","other":[{"t":"idOrVar","v":"value"}," meses atrás"],"two":[{"t":"idOrVar","v":"value"}," meses atrás"],"zero":"este mês"},"$x":[{"t":"idOrVar","v":"plural"},"value"]},{"$i":"years-ago-long","$v":{"few":[{"t":"idOrVar","v":"value"}," anos atrás"],"many":[{"t":"idOrVar","v":"value"}," anos atrás"],"one":"ano passado","other":[{"t":"idOrVar","v":"value"}," anos atrás"],"two":[{"t":"idOrVar","v":"value"}," anos atrás"],"zero":"este ano"},"$x":[{"t":"idOrVar","v":"plural"},"value"]},{"$i":"minutes-until-long","$v":{"few":["em ",{"t":"idOrVar","v":"value"}," minutos"],"many":["em ",{"t":"idOrVar","v":"value"}," minutos"],"one":"em um minuto","other":["em ",{"t":"idOrVar","v":"value"}," minutos"],"two":["em ",{"t":"idOrVar","v":"value"}," minutos"],"zero":"agora"},"$x":[{"t":"idOrVar","v":"plural"},"value"]},{"$i":"hours-until-long","$v":{"few":["em ",{"t":"idOrVar","v":"value"}," horas"],"many":["em ",{"t":"idOrVar","v":"value"}," horas"],"one":"dentro de uma hora","other":["em ",{"t":"idOrVar","v":"value"}," horas"],"two":["em ",{"t":"idOrVar","v":"value"}," horas"],"zero":"agora"},"$x":[{"t":"idOrVar","v":"plural"},"value"]},{"$i":"days-until-long","$v":{"few":["em ",{"t":"idOrVar","v":"value"}," dias"],"many":["em ",{"t":"idOrVar","v":"value"}," dias"],"one":"amanhã","other":["em ",{"t":"idOrVar","v":"value"}," dias"],"two":["em ",{"t":"idOrVar","v":"value"}," dias"],"zero":"hoje"},"$x":[{"t":"idOrVar","v":"plural"},"value"]},{"$i":"weeks-until-long","$v":{"few":["em ",{"t":"idOrVar","v":"value"}," semanas"],"many":["em ",{"t":"idOrVar","v":"value"}," semanas"],"one":"próxima semana","other":["em ",{"t":"idOrVar","v":"value"}," semanas"],"two":["em ",{"t":"idOrVar","v":"value"}," semanas"],"zero":"esta semana"},"$x":[{"t":"idOrVar","v":"plural"},"value"]},{"$i":"months-until-long","$v":{"few":["em ",{"t":"idOrVar","v":"value"}," meses"],"many":["em ",{"t":"idOrVar","v":"value"}," meses"],"one":"próximo mês","other":["em ",{"t":"idOrVar","v":"value"}," meses"],"two":["em ",{"t":"idOrVar","v":"value"}," meses"],"zero":"este mês"},"$x":[{"t":"idOrVar","v":"plural"},"value"]},{"$i":"years-until-long","$v":{"few":["em ",{"t":"idOrVar","v":"value"}," anos"],"many":["em ",{"t":"idOrVar","v":"value"}," anos"],"one":"próximo ano","other":["em ",{"t":"idOrVar","v":"value"}," anos"],"two":["em ",{"t":"idOrVar","v":"value"}," anos"],"zero":"este ano"},"$x":[{"t":"idOrVar","v":"plural"},"value"]},{"$i":"minutes-ago-short","$v":{"other":[{"t":"idOrVar","v":"value"},"m atrás"],"zero":"mesmo agora"},"$x":[{"t":"idOrVar","v":"plural"},"value"]},{"$i":"hours-ago-short","$v":{"other":[{"t":"idOrVar","v":"value"},"h atrás"],"zero":"mesmo agora"},"$x":[{"t":"idOrVar","v":"plural"},"value"]},{"$i":"days-ago-short","$v":{"other":[{"t":"idOrVar","v":"value"},"d atrás"],"zero":"hoje"},"$x":[{"t":"idOrVar","v":"plural"},"value"]},{"$i":"minutes-until-short","$v":{"other":["em ",{"t":"idOrVar","v":"value"},"m"],"zero":"agora"},"$x":[{"t":"idOrVar","v":"plural"},"value"]},{"$i":"hours-until-short","$v":{"other":["em ",{"t":"idOrVar","v":"value"},"h"],"zero":"agora"},"$x":[{"t":"idOrVar","v":"plural"},"value"]},{"$i":"days-until-short","$v":{"other":["em ",{"t":"idOrVar","v":"value"},"d"],"zero":"hoje"},"$x":[{"t":"idOrVar","v":"plural"},"value"]},{"$i":"incorrectDate","$v":"(data incorreta)"},{"$i":"dateTimeFormat_%c","$v":"%a %b %e %Y %I:%M:%S %p"},{"$i":"dateTimeFormat_%x","$v":"%d/%m/%Y"},{"$i":"dateTimeFormat_%X","$v":"%I:%M:%S %p"},{"$i":"shortTimeFormat","$v":"%I:%M %p"},{"$i":"shortTimeFormat12","$v":"%I:%M %p"},{"$i":"shortTimeFormat24","$v":"%H:%M"},{"$i":"shortDateTimeFormat","$v":"%x %I:%M %p"},{"$i":"weekStartsOnMonday","$v":"0.0"},{"$i":"firstDayOfTheWeek","$v":"1.0"},{"$i":"time_am","$v":"AM"},{"$i":"time_pm","$v":"PM"},{"$i":"label","$v":"Etiqueta"},{"$i":"mobile","$v":"Telemóvel"},{"$i":"home","$v":"Casa"},{"$i":"work","$v":"Trabalho"},{"$i":"personal","$v":"Pessoal"},{"$i":"faxHome","$v":"Fax doméstico"},{"$i":"faxOffice","$v":"Fax escritório"},{"$i":"faxOther","$v":"Fax outro"},{"$i":"another","$v":"Outro"},{"$i":"other","$v":"Outro"},{"$i":"customTag","$v":"Etiqueta personalizada","placeholder":"Etiqueta personalizada"},{"$i":"current","$v":"Atual"},{"$i":"itemWithLabel","$v":[{"t":"idOrVar","v":"label"},", ",{"t":"idOrVar","v":"item"}]},{"$i":"airplaneMode","$v":"Modo de voo"},{"$i":"searching","$v":"A procurar..."},{"$i":"noNetwork","$v":"Sem rede"},{"$i":"roaming","$v":[{"t":"idOrVar","v":"operator"}," (Roaming)"]},{"$i":"operator-info","$v":[{"t":"idOrVar","v":"carrier"}," ",{"t":"idOrVar","v":"region"}]},{"$i":"emergencyCallsOnly","$v":"Apenas chamadas de emergência"},{"$i":"emergencyCallsOnly-unknownSIMState","$v":"(estado do SIM desconhecido)"},{"$i":"emergencyCallsOnly-noSIM","$v":"(sem SIM)"},{"$i":"emergencyCallsOnly-pinRequired","$v":"(PIN do SIM necessário)"},{"$i":"emergencyCallsOnly-pukRequired","$v":"(PUK do SIM necessário)"},{"$i":"emergencyCallsOnly-networkLocked","$v":"(rede bloqueada)"},{"$i":"emergencyCallsOnly-serviceProviderLocked","$v":"(fornecedor de serviços bloqueado)"},{"$i":"emergencyCallsOnly-corporateLocked","$v":"(bloqueado para empresa)"},{"$i":"emergencyCallsOnly-network1Locked","$v":"(rede1 bloqueada)"},{"$i":"emergencyCallsOnly-network2Locked","$v":"(rede2 bloqueada)"},{"$i":"emergencyCallsOnly-hrpdNetworkLocked","$v":"(rede hrpd bloqueada)"},{"$i":"emergencyCallsOnly-ruimCorporateLocked","$v":"(ruim empresarial bloqueado)"},{"$i":"emergencyCallsOnly-ruimServiceProviderLocked","$v":"(fornecedor de serviços ruim bloqueado)"},{"$i":"lockscreen-sim-id","$v":["SIM ",{"t":"idOrVar","v":"n"}]},{"$i":"charging-no-time","$v":[{"t":"idOrVar","v":"level"},"% carregado"]},{"$i":"charging-minutes","$v":{"few":[{"t":"idOrVar","v":"level"},"% carregado (",{"t":"idOrVar","v":"minutes"}," min até carga total)"],"many":[{"t":"idOrVar","v":"level"},"% carregado (",{"t":"idOrVar","v":"minutes"}," min até carga total)"],"one":[{"t":"idOrVar","v":"level"},"% carregado (",{"t":"idOrVar","v":"minutes"}," min até carga total)"],"other":[{"t":"idOrVar","v":"level"},"% carregado (",{"t":"idOrVar","v":"minutes"}," min até carga total)"],"two":[{"t":"idOrVar","v":"level"},"% carregado (",{"t":"idOrVar","v":"minutes"}," min até carga total)"],"zero":[{"t":"idOrVar","v":"level"},"% carregado (",{"t":"idOrVar","v":"minutes"}," min até carga total)"]},"$x":[{"t":"idOrVar","v":"plural"},"minutes"]},{"$i":"charging-hours","$v":{"few":[{"t":"idOrVar","v":"level"},"% carregado (",{"t":"idOrVar","v":"hours"},"h ",{"t":"idOrVar","v":"minutes"}," min até carga total)"],"many":[{"t":"idOrVar","v":"level"},"% carregado (",{"t":"idOrVar","v":"hours"},"h ",{"t":"idOrVar","v":"minutes"}," min até carga total)"],"one":[{"t":"idOrVar","v":"level"},"% carregado (",{"t":"idOrVar","v":"hours"},"h ",{"t":"idOrVar","v":"minutes"}," min até carga total)"],"other":[{"t":"idOrVar","v":"level"},"% carregado (",{"t":"idOrVar","v":"hours"},"h ",{"t":"idOrVar","v":"minutes"}," min até carga total)"],"two":[{"t":"idOrVar","v":"level"},"% carregado (",{"t":"idOrVar","v":"hours"},"h ",{"t":"idOrVar","v":"minutes"}," min até carga total)"],"zero":[{"t":"idOrVar","v":"level"},"% carregado (",{"t":"idOrVar","v":"hours"},"h ",{"t":"idOrVar","v":"minutes"}," min até carga total)"]},"$x":[{"t":"idOrVar","v":"plural"},"minutes"]},{"$i":"phoneNumberInput","ariaLabel":"Número de telefone"},{"$i":"keypadDelete","ariaLabel":"Eliminar"},{"$i":"voiceMailKey","ariaLabel":"Correio de voz"},{"$i":"asterisk","ariaLabel":"Asterisco"},{"$i":"hashSign","ariaLabel":"Cardinal"},{"$i":"cancel","$v":"Cancelar"},{"$i":"loadingSimContacts","$v":"A carregar contactos do cartão SIM…"},{"$i":"noContactsWereFound","$v":"Nenhum contacto encontrado"},{"$i":"noContactsFoundDialogOk","$v":"OK"},{"$i":"emergencyNumber","$v":"Número de emergência"},{"$i":"callAirplaneModeMessage","$v":"Para efetuar uma chamada tem de desativar o modo de voo nas definições."},{"$i":"callAirplaneModeBtnOk","$v":"OK"},{"$i":"callAirplaneModeTitle","$v":"Modo de voo ativado"},{"$i":"numberIsBusyTitle","$v":"Número ocupado"},{"$i":"numberIsBusyMessage","$v":"O número está ocupado neste momento. Tente novamente mais tarde."},{"$i":"fdnIsActiveTitle","$v":"FDN ativo"},{"$i":"fdnIsActiveMessage","$v":["O FDN (Números de marcação fixa) está ativado e o número seguinte não está na sua lista FDN: ",{"t":"idOrVar","v":"number"}]},{"$i":"emergencyDialogBodyBadNumber","$v":"Para efetuar uma chamada, o telefone tem de estar ligado a uma rede."},{"$i":"emergencyDialogBodyDeviceNotAccepted","$v":"A rede não permite chamadas de emergência."},{"$i":"emergencyDialogBtnOk","$v":"OK"},{"$i":"emergencyDialogTitle","$v":"Sem ligação"},{"$i":"invalidNumberToDialTitle","$v":"Número de telefone inválido"},{"$i":"invalidNumberToDialMessage","$v":"O número de telefone para onde está a ligar não é válido."},{"$i":"unableToCallTitle","$v":"Não é possível efetuar uma chamada"},{"$i":"unableToCallMessage","$v":"Não é possível efetuar uma chamada agora."},{"$i":"otherConnectionInUseTitle","$v":"Outra ligação em utilização"},{"$i":"otherConnectionInUseMessage","$v":"Tem uma chamada ativa noutra ligação. Apenas pode utilizar uma ligação de cada vez."},{"$i":"connectingEllipsis","$v":"A ligar..."},{"$i":"clear","$v":"Limpar"},{"$i":"dialer","$v":"Marcador"},{"$i":"kai-incomming-call","$v":"Chamada recebida"},{"$i":"kai-in-call","$v":"Em chamada"},{"$i":"kai-answer","$v":"Atender"},{"$i":"kai-end-answer","$v":"Terminar e atender"},{"$i":"kai-decline","$v":"Recusar"},{"$i":"enter-passcode","$v":"Introduza o código de acesso para desbloquear o ecrã."},{"$i":"passcode-error","$v":"Código inválido. Tente novamente."},{"$i":"voice-call","$v":"Mudar para voz"},{"$i":"video-call","$v":"Mudar para vídeo"},{"$i":"message","$v":"Mensagem"},{"$i":"answer-rtt-call","$v":"Resposta RTT"},{"$i":"req-rtt-call","$v":"ANS RTT"},{"$i":"rtt-call","$v":"Chamada RTT"},{"$i":"rtt-view","$v":"Visualização RTT"},{"$i":"change-to-rtt-call","$v":"A estabelecer ligação da chamada RTT..."},{"$i":"change-to-voice-call","$v":"Alterada para chamada de voz."},{"$i":"upgrading-rtt","$v":"A atualizar para chamada RTT..."},{"$i":"rtt-call-failed","$v":"Falha da chamada RTT."},{"$i":"voice-call-failed","$v":"Falha da chamada de voz."},{"$i":"rtt","$v":"RTT"},{"$i":"rtt-emegency-upgrade-rejected","$v":"RTT não disponível para esta chamada para o 112."},{"$i":"rtt-emegency-downgrade","$v":"RTT não disponível para esta chamada para o 112. A chamada foi estabelecida como chamada apenas de voz. Se tiver dificuldades, efetue uma chamada de voz ou retransmissão para o 112."},{"$i":"voice-only-call","$v":"A sua chamada foi estabelecida como chamada apenas de voz."},{"$i":"ans-rtt-failed","$v":"Falha ao estabelecer chamada RTT. A sua chamada foi estabelecida como chamada apenas de voz."},{"$i":"back","$v":"Voltar"},{"$i":"new-message","$v":"Novas mensagens de"},{"$i":"kai-mute","$v":"Silenciar"},{"$i":"kai-unmute","$v":"Ativar som"},{"$i":"kai-speaker","$v":"Altifalante"},{"$i":"kai-speaker-off","$v":"Altifalante desligado"},{"$i":"kai-microphone-mute-notification","$v":"Microfone silenciado"},{"$i":"kai-microphone-active-notification","$v":"Microfone ativo"},{"$i":"kai-speaker-off-notification","$v":"Altifalante externo desativado"},{"$i":"kai-speaker-on-notification","$v":"Altifalante externo ativado"},{"$i":"kai-hold-and-answer","$v":"Reter e atender"},{"$i":"kai-ignore-call","$v":"Ignorar chamada recebida"},{"$i":"kai-add-to-call","$v":"Adicionar chamada"},{"$i":"kai-switch-to-second-line","$v":"Trocar chamada"},{"$i":"kai-merge-calls","$v":"Unir chamada"},{"$i":"ok","$v":"Ok"},{"$i":"losing-wifi-msg","$v":"a perder Wi-Fi"},{"$i":"hd","$v":"HD"},{"$i":"manage-call","$v":"Gerir chamada"},{"$i":"end","$v":"Terminar chamada"},{"$i":"private","$v":"Privado"},{"$i":"sound","$v":"Som"},{"$i":"bluetooth-device","$v":"Dispositivo Bluetooth"},{"$i":"handset-earpiece","$v":"Telefone"},{"$i":"speaker","$v":"Altifalante"},{"$i":"call-ended","$v":"Chamada terminada"},{"$i":"payphone","$v":"Telefone público"},{"$i":"contact","$v":"Contactos"},{"$i":"dialer-prompt","$v":"Marcar número ou selecionar contacto para adicionar à chamada"},{"$i":"call","$v":"Chamar"},{"$i":"hold","$v":"Reter"},{"$i":"volume","$v":"Volume"},{"$i":"softkey-options","$v":"Opções"},{"$i":"unhold-call","$v":"Retomar chamada"},{"$i":"hold-call","$v":"Reter chamada"},{"$i":"select","$v":"Selecionar"},{"$i":"unknown","$v":"Desconhecido"},{"$i":"switch-calls","$v":"Trocar chamadas"},{"$i":"voiceMail","$v":"Correio de voz"},{"$i":"incoming","$v":"Incoming"},{"$i":"outgoing","$v":"Efetuadas"},{"$i":"callEnded","$v":"Chamada terminada"},{"$i":"callEndedDuration","$v":["Chamada terminada (",{"t":"idOrVar","v":"duration"},")"]},{"$i":"conferenceAddError","$v":"Não é possível unir chamadas"},{"$i":"conferenceRemoveError","$v":"Não é possível anular a intercalação de chamadas."},{"$i":"callDurationMinutes","$v":[{"t":"idOrVar","v":"m"},":",{"t":"idOrVar","v":"s"}]},{"$i":"callDurationHours","$v":[{"t":"idOrVar","v":"h"},":",{"t":"idOrVar","v":"m"},":",{"t":"idOrVar","v":"s"}]},{"$i":"callDurationTextFormatSeconds","$v":[{"t":"idOrVar","v":"s"}," s"]},{"$i":"callDurationTextFormatMinutes","$v":[{"t":"idOrVar","v":"m"}," m ",{"t":"idOrVar","v":"s"}," s"]},{"$i":"callDurationTextFormatHours","$v":[{"t":"idOrVar","v":"h"}," h ",{"t":"idOrVar","v":"m"}," m ",{"t":"idOrVar","v":"s"}," s"]},{"$i":"switch-to-device-toast","$v":"Alterado para dispositivo Bluetooth"},{"$i":"switch-to-handset-toast","$v":"Alterado para auricular"},{"$i":"switch-to-speaker-toast","$v":"Alterado para altifalante"},{"$i":"connecting","$v":"A ligar"},{"$i":"wifi-call-quality-excellent","$v":"Excelente"},{"$i":"wifi-call-quality-fair","$v":"Bom"},{"$i":"wifi-call-quality-bad","$v":"Mau"},{"$i":"call-left-conference-toast","$v":"deixou a chamada"},{"$i":"camera-off","$v":"Câmara desligada"},{"$i":"camera-on","$v":"Câmara ligada"},{"$i":"rear-camera","$v":"Câmara traseira"},{"$i":"front-camera","$v":"Câmara frontal"},{"$i":"hide-info","$v":"Ocultar informação"},{"$i":"show-info","$v":"Mostrar informações"},{"$i":"video-call-rejected","$v":"Chamada de vídeo rejeitada. Mude para chamada de voz."},{"$i":"video-call-not-support","$v":"Chamada de vídeo não suportada."},{"$i":"video-call-rejected-timeout","$v":"Chamada de vídeo rejeitada ou tempo limite expirado."},{"$i":"video-call-from","$v":["A receber chamada de vídeo de ",{"t":"idOrVar","v":"name"},"."]},{"$i":"video-call-canceled","$v":"Chamada de vídeo cancelada"},{"$i":"video-call-failed","$v":"Falha da chamada de vídeo."},{"$i":"call-downgraded","$v":"Chamada passou para rede inferior."},{"$i":"wifi-calling","$v":"Chamada por Wi-Fi"},{"$i":"wifi-calling-1","$v":"A sua chamada pode cair."},{"$i":"wifi-calling-2","$v":"Está quase fora do alcance da cobertura de Wi-Fi."},{"$i":"wifi-calling-dropped","$v":"A chamada por Wi-Fi caiu."},{"$i":"accept","$v":"Aceitar"},{"$i":"conference-call-num","$v":[{"t":"idOrVar","v":"num"}," pessoas na chamada."]},{"$i":"more","$v":"Mais"},{"$i":"rec","$v":"GRAV"},{"$i":"start-recording-call","$v":"Iniciar gravação da chamada."},{"$i":"stop-recording-call","$v":"Parar gravação da chamada."},{"$i":"insufficient-storage","$v":"Armazenamento insuficiente. A gravação parou."},{"$i":"reply","$v":"Responder"},{"$i":"reply-message-1","$v":"Desculpe, não posso falar agora."},{"$i":"reply-message-2","$v":"Estou a caminho."},{"$i":"reply-message-3","$v":"Posso ligar mais tarde?"},{"$i":"reply-message-4","$v":"Personalizar..."},{"$i":"reply-to-name","$v":["Respondeu a ",{"t":"idOrVar","v":"name"}]},{"$i":"mt-call-on-hold","$v":"Chamada colocada em espera."},{"$i":"mt-call_retrieved","$v":"Chamada retomada."},{"$i":"mt-multi_party_call","$v":"Foi adicionado a uma chamada em conferência."},{"$i":"hangup-a11y-button","$v":""},{"$i":"pickup-a11y-button","$v":""},{"$i":"mute","$v":""},{"$i":"toggleKeypad","$v":""},{"$i":"newCall","$v":""},{"$i":"speakerOption","$v":""},{"$i":"bluetoothOption","$v":""},{"$i":"onHoldOption","$v":""},{"$i":"merge","$v":""},{"$i":"ignore","$v":""},{"$i":"dialerAddContact","$v":""},{"$i":"makeCall","$v":""},{"$i":"call-forwarding-async","$v":["Assíncrono: ",{"t":"idOrVar","v":"async"}]},{"$i":"call-forwarding-data","$v":["Dados: ",{"t":"idOrVar","v":"data"}]},{"$i":"call-forwarding-error","$v":"Ocorreu um erro ao obter o estado de reenvio de chamadas"},{"$i":"call-forwarding-fax","$v":["FAX: ",{"t":"idOrVar","v":"fax"}]},{"$i":"call-forwarding-inactive","$v":"Inativo"},{"$i":"call-forwarding-packet","$v":["Pacote: ",{"t":"idOrVar","v":"packet"}]},{"$i":"call-forwarding-pad","$v":["PAD: ",{"t":"idOrVar","v":"pad"}]},{"$i":"call-forwarding-sms","$v":["SMS: ",{"t":"idOrVar","v":"sms"}]},{"$i":"call-forwarding-status","$v":"Estado de reenvio de chamadas"},{"$i":"call-forwarding-sync","$v":["Assíncrono: ",{"t":"idOrVar","v":"sync"}]},{"$i":"call-forwarding-voice","$v":["Voz: ",{"t":"idOrVar","v":"voice"}]},{"$i":"scCallBarring","$v":"Interdição de chamadas"},{"$i":"scCallForwarding","$v":"Reenvio de chamadas"},{"$i":"scClip","$v":"ID do chamador de entrada"},{"$i":"scClir","$v":"ID do chamador de saída"},{"$i":"scPwd","$v":"Alteração da palavra-passe"},{"$i":"scCallWaiting","$v":"Chamada em espera"},{"$i":"scPin","$v":"Alteração do PIN"},{"$i":"scPin2","$v":"Alteração do PIN2"},{"$i":"scPuk","$v":"Desbloquear PIN"},{"$i":"scPuk2","$v":"Desbloquear PIN2"},{"$i":"scImei","$v":"IMEI"},{"$i":"scMeid","$v":"MEID"},{"$i":"scUssd","$v":"USSD"},{"$i":"serviceClassVoice","$v":"Voz"},{"$i":"serviceClassData","$v":"Dados"},{"$i":"serviceClassFax","$v":"FAX"},{"$i":"serviceClassSms","$v":"SMS"},{"$i":"serviceClassDataSync","$v":"Sincronização"},{"$i":"serviceClassDataAsync","$v":"Assíncrono"},{"$i":"serviceClassPacket","$v":"Pacote"},{"$i":"serviceClassPad","$v":"PAD"},{"$i":"smServiceEnabled","$v":"O serviço foi ativado"},{"$i":"smServiceDisabled","$v":"O serviço foi desativado"},{"$i":"smServiceRegistered","$v":"Registo bem sucedido"},{"$i":"smServiceErased","$v":"Eliminação bem sucedida"},{"$i":"smServiceInterrogated","$v":"Pedido bem sucedido"},{"$i":"smServiceNotProvisioned","$v":"O serviço não foi ativado"},{"$i":"smClirPermanent","$v":"Não é possível alterar a definição de ID do autor da chamada"},{"$i":"smClirDefaultOnNextCallOn","$v":"O ID do chamador assume o padrão de restrito. Próxima chamada: Restrita"},{"$i":"smClirDefaultOnNextCallOff","$v":"O ID do chamador assume o padrão de restrito. Próxima chamada: Não restrita"},{"$i":"smClirDefaultOffNextCallOn","$v":"O ID do chamador assume o padrão de não restrito. Próxima chamada: Restrita"},{"$i":"smClirDefaultOffNextCallOff","$v":"O ID do chamador assume o padrão de não restrito. Próxima chamada: Não restrita"},{"$i":"smServiceEnabledFor","$v":"O serviço foi ativado para:"},{"$i":"smPinChanged","$v":"PIN alterado com êxito"},{"$i":"smPinUnblocked","$v":"PIN desbloqueado com êxito"},{"$i":"smPin2Changed","$v":"PIN2 alterado com êxito"},{"$i":"smPin2Unblocked","$v":"PIN2 desbloqueado com êxito"},{"$i":"ServiceIsEnabled","$v":"Serviço ativado"},{"$i":"ServiceIsDisabled","$v":"Serviço desativado"},{"$i":"ServiceIsEnabledFor","$v":"O serviço está ativado para:"},{"$i":"emMmiError","$v":"Problema de ligação ou código MMI inválido"},{"$i":"emMmiErrorPasswordIncorrect","$v":"Palavra-passe incorreta"},{"$i":"emMmiErrorNotSupported","$v":"Código MMI inválido ou não suportado"},{"$i":"emMmiErrorInvalidAction","$v":"Ação inválida"},{"$i":"emMmiErrorInvalidScCode","$v":"Código de serviço inválido"},{"$i":"emMmiErrorBadPuk","$v":"O PUK digitado não está correto"},{"$i":"emMmiErrorBadPin","$v":"O PIN antigo digitado está incorreto."},{"$i":"emMmiErrorNeedPuk2","$v":"Digite o PUK2 para desbloquear o cartão SIM"},{"$i":"emMmiErrorMismatchPin","$v":"Os PINs digitados não correspondem."},{"$i":"emMmiErrorInvalidPin","$v":"Digite um PIN com 4 a 8 números."},{"$i":"emMmiErrorNeedsPuk","$v":"O seu cartão SIM está bloqueado com PUK"},{"$i":"emMmiErrorEnablePin","$v":"Sem êxito. Ative o BLOQUEIO SIM/RUIM."},{"$i":"emMmiErrorMmiFdn","$v":"A operação é limitada apenas a números de marcação fixa"},{"$i":"emMmiErrorStkCcUssdDial","$v":"Pedido USSD modificado para pedido DIAL"},{"$i":"emMmiErrorStkCcUssdSs","$v":"Pedido USSD modificado para pedido SS"},{"$i":"emMmiErrorStkCcUssdUssd","$v":"Pedido USSD modificado para novo pedido USSD"},{"$i":"emMmiErrorStkCcSsDial","$v":"Pedido SS modificado para pedido DIAL"},{"$i":"emMmiErrorStkCcSsUssd","$v":"Pedido SS modificado para pedido USSD."},{"$i":"emMmiErrorStkCcSsSs","$v":"Pedido SS modificado para novo pedido SS"},{"$i":"emMmiErrorPinPukAttempts","$v":{"few":[{"t":"idOrVar","v":"n"}," tentativas restantes"],"many":[{"t":"idOrVar","v":"n"}," tentativas restantes"],"one":["Apenas ",{"t":"idOrVar","v":"n"}," tentativa restante"],"other":[{"t":"idOrVar","v":"n"}," tentativas restantes"],"two":[{"t":"idOrVar","v":"n"}," tentativas restantes"]},"$x":[{"t":"idOrVar","v":"plural"},"n"]},{"$i":"emMmiErrorSimBlocked","$v":"Número máximo de tentativas excedido. SIM bloqueado"},{"$i":"RadioNotAvailable","$v":"Rádio não disponível"},{"$i":"GenericFailure","$v":"Falha geral"},{"$i":"PasswordIncorrect","$v":"Palavra-passe incorreta"},{"$i":"SimPin2","$v":"PIN2 do SIM"},{"$i":"SimPuk2","$v":"PUK2 do SIM"},{"$i":"RequestNotSupported","$v":"Pedido não suportado"},{"$i":"OpNotAllowedDuringVoiceCall","$v":"Operação não permitida durante a chamada de voz"},{"$i":"SmsSendFailRetry","$v":"Envio de SMS falhou. Tentar novamente"},{"$i":"SimAbsent","$v":"SIM ausente"},{"$i":"SubscriptionNotAvailable","$v":"Subscrição não disponível"},{"$i":"ModeNotSupported","$v":"Modo não suportado"},{"$i":"FdnCheckFailure","$v":"Falha ao verificar fdn"},{"$i":"IllegalSimOrMe","$v":"SIM ou ME ilegal"},{"$i":"DialModifiedToUssd","$v":"Marcação modificada para USSD"},{"$i":"DialModifiedToSs","$v":"Marcação modificada para SS"},{"$i":"DialModifiedToDial","$v":"Marcação modificada para marcação"},{"$i":"UssdModifiedToDial","$v":"USSD modificado para marcação"},{"$i":"UssdModifiedToSs","$v":"USSD modificado para SS"},{"$i":"UssdModifiedToUssd","$v":"USSD modificado para USSD"},{"$i":"SsModifiedToDial","$v":"SS modificado para marcação"},{"$i":"SsModifiedToUssd","$v":"SS modificado para USSD"},{"$i":"SsModifiedToSs","$v":"SS modificado para SS"},{"$i":"SubscriptionNotSupported","$v":"Subscrição não suportada"},{"$i":"InvalidParameter","$v":"Parâmetro inválido"},{"$i":"RejectedByRemote","$v":"Rejeitado remotamente"},{"$i":"error","$v":"Erro"}]