[{"$i":"weekday-0-long","$v":"Воскресенье"},{"$i":"weekday-1-long","$v":"Понедельник"},{"$i":"weekday-2-long","$v":"Вторник"},{"$i":"weekday-3-long","$v":"Среда"},{"$i":"weekday-4-long","$v":"Четверг"},{"$i":"weekday-5-long","$v":"Пятница"},{"$i":"weekday-6-long","$v":"Суббота"},{"$i":"weekday-0-short","$v":"Вс"},{"$i":"weekday-1-short","$v":"Пн"},{"$i":"weekday-2-short","$v":"Вт"},{"$i":"weekday-3-short","$v":"Ср"},{"$i":"weekday-4-short","$v":"Чт"},{"$i":"weekday-5-short","$v":"Пт"},{"$i":"weekday-6-short","$v":"Сб"},{"$i":"month-0-long","$v":"Январь"},{"$i":"month-1-long","$v":"Февраль"},{"$i":"month-2-long","$v":"Март"},{"$i":"month-3-long","$v":"Апрель"},{"$i":"month-4-long","$v":"Май"},{"$i":"month-5-long","$v":"Июнь"},{"$i":"month-6-long","$v":"Июль"},{"$i":"month-7-long","$v":"Август"},{"$i":"month-8-long","$v":"Сентябрь"},{"$i":"month-9-long","$v":"Октябрь"},{"$i":"month-10-long","$v":"Ноябрь"},{"$i":"month-11-long","$v":"Декабрь"},{"$i":"month-0-genitive","$v":"Январь"},{"$i":"month-1-genitive","$v":"Февраль"},{"$i":"month-2-genitive","$v":"Март"},{"$i":"month-3-genitive","$v":"Апрель"},{"$i":"month-4-genitive","$v":"Май"},{"$i":"month-5-genitive","$v":"Июнь"},{"$i":"month-6-genitive","$v":"Июль"},{"$i":"month-7-genitive","$v":"Август"},{"$i":"month-8-genitive","$v":"Сентябрь"},{"$i":"month-9-genitive","$v":"Октябрь"},{"$i":"month-10-genitive","$v":"Ноябрь"},{"$i":"month-11-genitive","$v":"Декабрь"},{"$i":"month-0-short","$v":"Янв"},{"$i":"month-1-short","$v":"Фев"},{"$i":"month-2-short","$v":"Мар"},{"$i":"month-3-short","$v":"Апр"},{"$i":"month-4-short","$v":"Май"},{"$i":"month-5-short","$v":"Июн"},{"$i":"month-6-short","$v":"Июл"},{"$i":"month-7-short","$v":"Авг"},{"$i":"month-8-short","$v":"Сен"},{"$i":"month-9-short","$v":"Окт"},{"$i":"month-10-short","$v":"Ноя"},{"$i":"month-11-short","$v":"Дек"},{"$i":"minutes-ago-long","$v":{"few":[{"t":"idOrVar","v":"value"}," минут назад"],"many":[{"t":"idOrVar","v":"value"}," минут назад"],"one":"минуту назад","other":[{"t":"idOrVar","v":"value"}," минут назад"],"two":[{"t":"idOrVar","v":"value"}," минут назад"],"zero":"сейчас"},"$x":[{"t":"idOrVar","v":"plural"},"value"]},{"$i":"hours-ago-long","$v":{"few":[{"t":"idOrVar","v":"value"}," часов назад"],"many":[{"t":"idOrVar","v":"value"}," часов назад"],"one":"час назад","other":[{"t":"idOrVar","v":"value"}," часов назад"],"two":[{"t":"idOrVar","v":"value"}," часов назад"],"zero":"сейчас"},"$x":[{"t":"idOrVar","v":"plural"},"value"]},{"$i":"days-ago-long","$v":{"few":[{"t":"idOrVar","v":"value"}," дней назад"],"many":[{"t":"idOrVar","v":"value"}," дней назад"],"one":"вчера","other":[{"t":"idOrVar","v":"value"}," дней назад"],"two":[{"t":"idOrVar","v":"value"}," дней назад"],"zero":"сегодня"},"$x":[{"t":"idOrVar","v":"plural"},"value"]},{"$i":"weeks-ago-long","$v":{"few":[{"t":"idOrVar","v":"value"}," недель назад"],"many":[{"t":"idOrVar","v":"value"}," недель назад"],"one":"последняя неделя","other":[{"t":"idOrVar","v":"value"}," недель назад"],"two":[{"t":"idOrVar","v":"value"}," недель назад"],"zero":"эта неделя"},"$x":[{"t":"idOrVar","v":"plural"},"value"]},{"$i":"months-ago-long","$v":{"few":[{"t":"idOrVar","v":"value"}," месяцев назад"],"many":[{"t":"idOrVar","v":"value"}," месяцев назад"],"one":"прошлый месяц","other":[{"t":"idOrVar","v":"value"}," месяцев назад"],"two":[{"t":"idOrVar","v":"value"}," месяцев назад"],"zero":"этот месяц"},"$x":[{"t":"idOrVar","v":"plural"},"value"]},{"$i":"years-ago-long","$v":{"few":[{"t":"idOrVar","v":"value"}," лет назад"],"many":[{"t":"idOrVar","v":"value"}," лет назад"],"one":"прошлый год","other":[{"t":"idOrVar","v":"value"}," лет назад"],"two":[{"t":"idOrVar","v":"value"}," лет назад"],"zero":"этот год"},"$x":[{"t":"idOrVar","v":"plural"},"value"]},{"$i":"minutes-until-long","$v":{"few":["через ",{"t":"idOrVar","v":"value"}," минут"],"many":["через ",{"t":"idOrVar","v":"value"}," минут"],"one":"через минуту","other":["через ",{"t":"idOrVar","v":"value"}," минут"],"two":["через ",{"t":"idOrVar","v":"value"}," минут"],"zero":"сейчас"},"$x":[{"t":"idOrVar","v":"plural"},"value"]},{"$i":"hours-until-long","$v":{"few":["через ",{"t":"idOrVar","v":"value"}," часов"],"many":["через ",{"t":"idOrVar","v":"value"}," часов"],"one":"через  час","other":["через ",{"t":"idOrVar","v":"value"}," часов"],"two":["через ",{"t":"idOrVar","v":"value"}," часов"],"zero":"сейчас"},"$x":[{"t":"idOrVar","v":"plural"},"value"]},{"$i":"days-until-long","$v":{"few":["через ",{"t":"idOrVar","v":"value"}," дней"],"many":["через ",{"t":"idOrVar","v":"value"}," дней"],"one":"завтра","other":["через ",{"t":"idOrVar","v":"value"}," дней"],"two":["через ",{"t":"idOrVar","v":"value"}," дней"],"zero":"сегодня"},"$x":[{"t":"idOrVar","v":"plural"},"value"]},{"$i":"weeks-until-long","$v":{"few":["через ",{"t":"idOrVar","v":"value"}," нед."],"many":["через ",{"t":"idOrVar","v":"value"}," нед."],"one":"следующая неделя","other":["через ",{"t":"idOrVar","v":"value"}," нед."],"two":["через ",{"t":"idOrVar","v":"value"}," нед."],"zero":"эта неделя"},"$x":[{"t":"idOrVar","v":"plural"},"value"]},{"$i":"months-until-long","$v":{"few":["через ",{"t":"idOrVar","v":"value"}," мес."],"many":["через ",{"t":"idOrVar","v":"value"}," мес."],"one":"в следующем месяце","other":["через ",{"t":"idOrVar","v":"value"}," мес."],"two":["через ",{"t":"idOrVar","v":"value"}," мес."],"zero":"этот месяц"},"$x":[{"t":"idOrVar","v":"plural"},"value"]},{"$i":"years-until-long","$v":{"few":["через ",{"t":"idOrVar","v":"value"}," лет"],"many":["через ",{"t":"idOrVar","v":"value"}," лет"],"one":"следующий год","other":["через ",{"t":"idOrVar","v":"value"}," лет"],"two":["через ",{"t":"idOrVar","v":"value"}," лет"],"zero":"этот год"},"$x":[{"t":"idOrVar","v":"plural"},"value"]},{"$i":"minutes-ago-short","$v":{"other":[{"t":"idOrVar","v":"value"}," мин назад"],"zero":"сейчас"},"$x":[{"t":"idOrVar","v":"plural"},"value"]},{"$i":"hours-ago-short","$v":{"other":[{"t":"idOrVar","v":"value"}," ч назад"],"zero":"сейчас"},"$x":[{"t":"idOrVar","v":"plural"},"value"]},{"$i":"days-ago-short","$v":{"other":[{"t":"idOrVar","v":"value"}," д назад"],"zero":"сегодня"},"$x":[{"t":"idOrVar","v":"plural"},"value"]},{"$i":"minutes-until-short","$v":{"other":["через ",{"t":"idOrVar","v":"value"}," мин"],"zero":"сейчас"},"$x":[{"t":"idOrVar","v":"plural"},"value"]},{"$i":"hours-until-short","$v":{"other":["через ",{"t":"idOrVar","v":"value"}," ч"],"zero":"сейчас"},"$x":[{"t":"idOrVar","v":"plural"},"value"]},{"$i":"days-until-short","$v":{"other":["через ",{"t":"idOrVar","v":"value"}," д"],"zero":"сегодня"},"$x":[{"t":"idOrVar","v":"plural"},"value"]},{"$i":"incorrectDate","$v":"(неверная дата)"},{"$i":"dateTimeFormat_%c","$v":"%a %b %e %Y %I:%M:%S %p"},{"$i":"dateTimeFormat_%x","$v":"%m/%d/%Y"},{"$i":"dateTimeFormat_%X","$v":"%I:%M:%S %p"},{"$i":"shortTimeFormat","$v":"%I:%M %p"},{"$i":"shortTimeFormat12","$v":"%I:%M %p"},{"$i":"shortTimeFormat24","$v":"%H:%M"},{"$i":"shortDateTimeFormat","$v":"%x %I:%M %p"},{"$i":"weekStartsOnMonday","$v":"0.0"},{"$i":"firstDayOfTheWeek","$v":"1.0"},{"$i":"time_am","$v":"AM"},{"$i":"time_pm","$v":"PM"},{"$i":"label","$v":"Ярлык"},{"$i":"mobile","$v":"Мобильный"},{"$i":"home","$v":"Главный экран"},{"$i":"work","$v":"Работа"},{"$i":"personal","$v":"Личные"},{"$i":"faxHome","$v":"Домашний факс"},{"$i":"faxOffice","$v":"Рабочий факс"},{"$i":"faxOther","$v":"Дополнительный факс"},{"$i":"another","$v":"Другой"},{"$i":"other","$v":"Другой"},{"$i":"customTag","$v":"Пользовательский тег","placeholder":"Пользовательский тег"},{"$i":"current","$v":"Текущее"},{"$i":"itemWithLabel","$v":[{"t":"idOrVar","v":"label"},", ",{"t":"idOrVar","v":"item"}]},{"$i":"airplaneMode","$v":"Режим полета"},{"$i":"searching","$v":"Поиск…"},{"$i":"noNetwork","$v":"Отсутствует подключение к сети Интернет."},{"$i":"roaming","$v":[{"t":"idOrVar","v":"operator"}," (роуминг)"]},{"$i":"operator-info","$v":[{"t":"idOrVar","v":"carrier"}," ",{"t":"idOrVar","v":"region"}]},{"$i":"emergencyCallsOnly","$v":"Только экстренные вызовы"},{"$i":"emergencyCallsOnly-unknownSIMState","$v":"(неизвестное состояние SIM-карты)"},{"$i":"emergencyCallsOnly-noSIM","$v":"(SIM-карта отсутствует)"},{"$i":"emergencyCallsOnly-pinRequired","$v":"(требуется PIN SIM-карты)"},{"$i":"emergencyCallsOnly-pukRequired","$v":"(требуется PUK SIM-карты)"},{"$i":"emergencyCallsOnly-networkLocked","$v":"(сеть заблокирована)"},{"$i":"emergencyCallsOnly-serviceProviderLocked","$v":"(поставщика услуг заблокирован)"},{"$i":"emergencyCallsOnly-corporateLocked","$v":"(корпоративная SIM-карта заблокирована)"},{"$i":"emergencyCallsOnly-network1Locked","$v":"(сеть1 заблокирована)"},{"$i":"emergencyCallsOnly-network2Locked","$v":"(сеть2 заблокирована)"},{"$i":"emergencyCallsOnly-hrpdNetworkLocked","$v":"(hrpd сеть заблокирована)"},{"$i":"emergencyCallsOnly-ruimCorporateLocked","$v":"(корпоративная ruim заблокирована)"},{"$i":"emergencyCallsOnly-ruimServiceProviderLocked","$v":"(поставщик услуг ruim разблокирован)"},{"$i":"lockscreen-sim-id","$v":["SIM ",{"t":"idOrVar","v":"n"}]},{"$i":"charging-no-time","$v":["Заряжено ",{"t":"idOrVar","v":"level"},"%"]},{"$i":"charging-minutes","$v":{"few":["Заряжено ",{"t":"idOrVar","v":"level"},"% (",{"t":"idOrVar","v":"minutes"}," мин до полной зарядки)"],"many":["Заряжено ",{"t":"idOrVar","v":"level"},"% (",{"t":"idOrVar","v":"minutes"}," мин до полной зарядки)"],"one":["Заряжено ",{"t":"idOrVar","v":"level"},"% (",{"t":"idOrVar","v":"minutes"}," мин до полной зарядки)"],"other":["Заряжено ",{"t":"idOrVar","v":"level"},"% (",{"t":"idOrVar","v":"minutes"}," мин до полной зарядки)"],"two":["Заряжено ",{"t":"idOrVar","v":"level"},"% (",{"t":"idOrVar","v":"minutes"}," мин до полной зарядки)"],"zero":["Заряжено ",{"t":"idOrVar","v":"level"},"% (",{"t":"idOrVar","v":"minutes"}," мин до полной зарядки)"]},"$x":[{"t":"idOrVar","v":"plural"},"minutes"]},{"$i":"charging-hours","$v":{"few":["Заряжено ",{"t":"idOrVar","v":"level"},"% (",{"t":"idOrVar","v":"hours"},"ч ",{"t":"idOrVar","v":"minutes"}," мин до полной зарядки)"],"many":["Заряжено ",{"t":"idOrVar","v":"level"},"% (",{"t":"idOrVar","v":"hours"},"ч ",{"t":"idOrVar","v":"minutes"}," мин до полной зарядки)"],"one":["Заряжено ",{"t":"idOrVar","v":"level"},"% (",{"t":"idOrVar","v":"hours"},"ч ",{"t":"idOrVar","v":"minutes"}," мин до полной зарядки)"],"other":["Заряжено ",{"t":"idOrVar","v":"level"},"% (",{"t":"idOrVar","v":"hours"},"ч ",{"t":"idOrVar","v":"minutes"}," мин до полной зарядки)"],"two":["Заряжено ",{"t":"idOrVar","v":"level"},"% (",{"t":"idOrVar","v":"hours"},"ч ",{"t":"idOrVar","v":"minutes"}," мин до полной зарядки)"],"zero":["Заряжено ",{"t":"idOrVar","v":"level"},"% (",{"t":"idOrVar","v":"hours"},"ч ",{"t":"idOrVar","v":"minutes"}," мин до полной зарядки)"]},"$x":[{"t":"idOrVar","v":"plural"},"minutes"]},{"$i":"phoneNumberInput","ariaLabel":"Номер телефона"},{"$i":"keypadDelete","ariaLabel":"Удалить"},{"$i":"voiceMailKey","ariaLabel":"Голосовая почта"},{"$i":"asterisk","ariaLabel":"Звездочка"},{"$i":"hashSign","ariaLabel":"Хэш-знак"},{"$i":"cancel","$v":"Отмена"},{"$i":"loadingSimContacts","$v":"Загрузка контактов SIM-карты..."},{"$i":"noContactsWereFound","$v":"Контакты не найдены"},{"$i":"noContactsFoundDialogOk","$v":"OK"},{"$i":"emergencyNumber","$v":"Экстренный номер"},{"$i":"callAirplaneModeMessage","$v":"Чтобы сделать вызов, вам необходимо отключить в настройках режим «В самолёте»."},{"$i":"callAirplaneModeBtnOk","$v":"OK"},{"$i":"callAirplaneModeTitle","$v":"Активирован режим «В самолёте»"},{"$i":"numberIsBusyTitle","$v":"Абонент занят"},{"$i":"numberIsBusyMessage","$v":"Абонент в данный момент занят. Пожалуйста, повторите попытку позже."},{"$i":"fdnIsActiveTitle","$v":"FDN активен"},{"$i":"fdnIsActiveMessage","$v":["Активирован FDN (Фиксированный набор). Следующий номер не указан в вашем списке разрешённых номеров: ",{"t":"idOrVar","v":"number"}]},{"$i":"emergencyDialogBodyBadNumber","$v":"Чтобы сделать вызов, телефон должен быть подключен к сети."},{"$i":"emergencyDialogBodyDeviceNotAccepted","$v":"Экстренные вызовы не поддерживаются сетью."},{"$i":"emergencyDialogBtnOk","$v":"OK"},{"$i":"emergencyDialogTitle","$v":"Отсутствует подключение к сети"},{"$i":"invalidNumberToDialTitle","$v":"Недействительный номер телефона"},{"$i":"invalidNumberToDialMessage","$v":"Номер телефона, который вы вызываете, недействителен."},{"$i":"unableToCallTitle","$v":"Невозможно сделать вызов"},{"$i":"unableToCallMessage","$v":"В настоящее время невозможно выполнить вызов."},{"$i":"otherConnectionInUseTitle","$v":"Используется другое подключение"},{"$i":"otherConnectionInUseMessage","$v":"У вас есть активный вызов на другом подключении. Одновременно можно использовать только одно подключение."},{"$i":"connectingEllipsis","$v":"Подключение..."},{"$i":"clear","$v":"Очистить"},{"$i":"dialer","$v":"Номеронабиратель"},{"$i":"kai-incomming-call","$v":"Входящий вызов"},{"$i":"kai-in-call","$v":"Текущий вызов"},{"$i":"kai-answer","$v":"Ответить"},{"$i":"kai-end-answer","$v":"Завершить и ответить"},{"$i":"kai-decline","$v":"Отклонить"},{"$i":"enter-passcode","$v":"Пожалуйста, введите пароль, чтобы разблокировать экран."},{"$i":"passcode-error","$v":"Неверный код. Попробуйте еще раз."},{"$i":"voice-call","$v":"Изменить на голосовой вызов"},{"$i":"video-call","$v":"Изменить на видео"},{"$i":"message","$v":"Сообщение"},{"$i":"answer-rtt-call","$v":"Ответ RTT"},{"$i":"req-rtt-call","$v":"ANS RTT"},{"$i":"rtt-call","$v":"RTT вызов"},{"$i":"rtt-view","$v":"RTT просмотр"},{"$i":"change-to-rtt-call","$v":"Подключение RTT-вызова..."},{"$i":"change-to-voice-call","$v":"Изменен на голосовой вызов."},{"$i":"upgrading-rtt","$v":"Обновление до RTT вызова…"},{"$i":"rtt-call-failed","$v":"Сбой RTT вызова"},{"$i":"voice-call-failed","$v":"Сбой голосового вызова."},{"$i":"rtt","$v":"RTT"},{"$i":"rtt-emegency-upgrade-rejected","$v":"RTT не доступен для этого вызова 911."},{"$i":"rtt-emegency-downgrade","$v":"RTT недоступен для этого вызова 911. Ваш вызов был подключен как голосовой вызов. Если у вас возникли трудности, пожалуйста, сделайте голосовой или ретрансляционный вызов на 911."},{"$i":"voice-only-call","$v":"Ваш вызов был подключен как голосовой вызов."},{"$i":"ans-rtt-failed","$v":"Не удалось установить RTT вызов. Ваш вызов был подключен как голосовой вызов."},{"$i":"back","$v":"Назад"},{"$i":"new-message","$v":"Новые сообщения от"},{"$i":"kai-mute","$v":"Без звука"},{"$i":"kai-unmute","$v":"Включить звук"},{"$i":"kai-speaker","$v":"Динамик"},{"$i":"kai-speaker-off","$v":"Громкая связь отключена"},{"$i":"kai-microphone-mute-notification","$v":"Микрофон выключен"},{"$i":"kai-microphone-active-notification","$v":"Микрофон включен"},{"$i":"kai-speaker-off-notification","$v":"Внешний динамик выключен"},{"$i":"kai-speaker-on-notification","$v":"Внешний динамик включен"},{"$i":"kai-hold-and-answer","$v":"Поставить на удержание и Ответить"},{"$i":"kai-ignore-call","$v":"Игнорировать входящий вызов"},{"$i":"kai-add-to-call","$v":"Добавить вызов"},{"$i":"kai-switch-to-second-line","$v":"Переключение вызова"},{"$i":"kai-merge-calls","$v":"Объединить вызов"},{"$i":"ok","$v":"ОK"},{"$i":"losing-wifi-msg","$v":"потеря Wi-Fi"},{"$i":"hd","$v":"HD"},{"$i":"manage-call","$v":"Управление вызовом"},{"$i":"end","$v":"Завершить вызов"},{"$i":"private","$v":"Личный"},{"$i":"sound","$v":"Звук"},{"$i":"bluetooth-device","$v":"Bluetooth устройство"},{"$i":"handset-earpiece","$v":"Телефон"},{"$i":"speaker","$v":"Динамик"},{"$i":"call-ended","$v":"Вызов завершён"},{"$i":"payphone","$v":"Таксофон"},{"$i":"contact","$v":"Контакты"},{"$i":"dialer-prompt","$v":"Наберите номер или выберите контакт для добавления к вызову"},{"$i":"call","$v":"Вызов"},{"$i":"hold","$v":"Удержание"},{"$i":"volume","$v":"Громкость"},{"$i":"softkey-options","$v":"Опции"},{"$i":"unhold-call","$v":"Вернуться к вызову"},{"$i":"hold-call","$v":"Удержание вызова"},{"$i":"select","$v":"Выбрать"},{"$i":"unknown","$v":"Неизвестно"},{"$i":"switch-calls","$v":"Переключение вызовов"},{"$i":"voiceMail","$v":"Голосовая почта"},{"$i":"incoming","$v":"Incoming"},{"$i":"outgoing","$v":"Исходящие"},{"$i":"callEnded","$v":"Вызов Завершён"},{"$i":"callEndedDuration","$v":["Вызов завершен (",{"t":"idOrVar","v":"duration"},")"]},{"$i":"conferenceAddError","$v":"Невозможно объединить вызовы"},{"$i":"conferenceRemoveError","$v":"Невозможно разделить вызовы"},{"$i":"callDurationMinutes","$v":[{"t":"idOrVar","v":"m"},":",{"t":"idOrVar","v":"s"}]},{"$i":"callDurationHours","$v":[{"t":"idOrVar","v":"h"},":",{"t":"idOrVar","v":"m"},":",{"t":"idOrVar","v":"s"}]},{"$i":"callDurationTextFormatSeconds","$v":"{ s }} с"},{"$i":"callDurationTextFormatMinutes","$v":[{"t":"idOrVar","v":"m"}," м ",{"t":"idOrVar","v":"s"}," с"]},{"$i":"callDurationTextFormatHours","$v":[{"t":"idOrVar","v":"h"}," ч ",{"t":"idOrVar","v":"m"}," м ",{"t":"idOrVar","v":"s"}," с"]},{"$i":"switch-to-device-toast","$v":"Переключено на устройство Bluetooth"},{"$i":"switch-to-handset-toast","$v":"Переключено на наушники"},{"$i":"switch-to-speaker-toast","$v":"Переключено на динамик"},{"$i":"connecting","$v":"Подключение..."},{"$i":"wifi-call-quality-excellent","$v":"Отличное"},{"$i":"wifi-call-quality-fair","$v":"Хорошее"},{"$i":"wifi-call-quality-bad","$v":"Плохое"},{"$i":"call-left-conference-toast","$v":"завершил вызов"},{"$i":"camera-off","$v":"Камера ВЫКЛ"},{"$i":"camera-on","$v":"Камера ВКЛ"},{"$i":"rear-camera","$v":"Основная камера"},{"$i":"front-camera","$v":"Фронтальная камера"},{"$i":"hide-info","$v":"Скрыть информацию"},{"$i":"show-info","$v":"Показать информацию"},{"$i":"video-call-rejected","$v":"Видеовызов отклонен, изменить на голосовой вызов."},{"$i":"video-call-not-support","$v":"Видеовызов не поддерживается."},{"$i":"video-call-rejected-timeout","$v":"Видеовызов отклонен или истекло время ожидания."},{"$i":"video-call-from","$v":["Получение видеовызова от ",{"t":"idOrVar","v":"name"},"."]},{"$i":"video-call-canceled","$v":"Видеовызов отменён."},{"$i":"video-call-failed","$v":"Ошибка видеовызова."},{"$i":"call-downgraded","$v":"Вызов понижен."},{"$i":"wifi-calling","$v":"Wi-Fi-вызов"},{"$i":"wifi-calling-1","$v":"Ваш вызов может быть прекращен."},{"$i":"wifi-calling-2","$v":"Вы практически покинули зону покрытия Wi-Fi."},{"$i":"wifi-calling-dropped","$v":"Wi-Fi-вызов прекращен."},{"$i":"accept","$v":"Принять"},{"$i":"conference-call-num","$v":[{"t":"idOrVar","v":"num"}," абонентов на линии."]},{"$i":"more","$v":"Ещё"},{"$i":"rec","$v":"ЗАПИСЬ"},{"$i":"start-recording-call","$v":"Начать запись вызова."},{"$i":"stop-recording-call","$v":"Остановить запись вызова."},{"$i":"insufficient-storage","$v":"Недостаточно места. Запись остановлена."},{"$i":"reply","$v":"Ответить"},{"$i":"reply-message-1","$v":"Извините, я не могу сейчас разговаривать."},{"$i":"reply-message-2","$v":"Я уже в пути."},{"$i":"reply-message-3","$v":"Могу я перезвонить вам позже?"},{"$i":"reply-message-4","$v":"Пользовательское…"},{"$i":"reply-to-name","$v":["Ответили ",{"t":"idOrVar","v":"name"}]},{"$i":"mt-call-on-hold","$v":"Вызов был поставлен на удержание."},{"$i":"mt-call_retrieved","$v":"Вызов был восстановлен."},{"$i":"mt-multi_party_call","$v":"Вы были добавлены к конференц-вызову."},{"$i":"hangup-a11y-button","$v":""},{"$i":"pickup-a11y-button","$v":""},{"$i":"mute","$v":""},{"$i":"toggleKeypad","$v":""},{"$i":"newCall","$v":""},{"$i":"speakerOption","$v":""},{"$i":"bluetoothOption","$v":""},{"$i":"onHoldOption","$v":""},{"$i":"merge","$v":""},{"$i":"ignore","$v":""},{"$i":"dialerAddContact","$v":""},{"$i":"makeCall","$v":""},{"$i":"call-forwarding-async","$v":["Асинхронный: ",{"t":"idOrVar","v":"async"}]},{"$i":"call-forwarding-data","$v":["Данные: ",{"t":"idOrVar","v":"data"}]},{"$i":"call-forwarding-error","$v":"Произошла ошибка при получении состояния переадресации вызовов"},{"$i":"call-forwarding-fax","$v":["ФАКС: ",{"t":"idOrVar","v":"fax"}]},{"$i":"call-forwarding-inactive","$v":"Неактивный"},{"$i":"call-forwarding-packet","$v":["Пакет: ",{"t":"idOrVar","v":"packet"}]},{"$i":"call-forwarding-pad","$v":["PAD: ",{"t":"idOrVar","v":"pad"}]},{"$i":"call-forwarding-sms","$v":["SMS: ",{"t":"idOrVar","v":"sms"}]},{"$i":"call-forwarding-status","$v":"Состояние переадресации вызовов"},{"$i":"call-forwarding-sync","$v":["Синхронный: ",{"t":"idOrVar","v":"sync"}]},{"$i":"call-forwarding-voice","$v":["Голосовой вызов: ",{"t":"idOrVar","v":"voice"}]},{"$i":"scCallBarring","$v":"Запрет вызовов"},{"$i":"scCallForwarding","$v":"Переадресация"},{"$i":"scClip","$v":"Номер вызывающего абонента"},{"$i":"scClir","$v":"Номер вызываемого абонента"},{"$i":"scPwd","$v":"Изменение пароля"},{"$i":"scCallWaiting","$v":"Ожидание вызова"},{"$i":"scPin","$v":"Изменение PIN-кода"},{"$i":"scPin2","$v":"Изменение PIN2"},{"$i":"scPuk","$v":"Разблокировать PIN-код"},{"$i":"scPuk2","$v":"Разблокировать код PIN2"},{"$i":"scImei","$v":"IMEI"},{"$i":"scMeid","$v":"MEID"},{"$i":"scUssd","$v":"USSD"},{"$i":"serviceClassVoice","$v":"Голосовые вызовы"},{"$i":"serviceClassData","$v":"Передача данных"},{"$i":"serviceClassFax","$v":"ФАКС"},{"$i":"serviceClassSms","$v":"SMS"},{"$i":"serviceClassDataSync","$v":"Синхронизация"},{"$i":"serviceClassDataAsync","$v":"Асинхронный"},{"$i":"serviceClassPacket","$v":"Пакет"},{"$i":"serviceClassPad","$v":"PAD"},{"$i":"smServiceEnabled","$v":"Служба включена"},{"$i":"smServiceDisabled","$v":"Служба отключена"},{"$i":"smServiceRegistered","$v":"Регистрация прошла успешно"},{"$i":"smServiceErased","$v":"Успешно удалено"},{"$i":"smServiceInterrogated","$v":"Запрос прошел успешно"},{"$i":"smServiceNotProvisioned","$v":"Услуга не предоставляется"},{"$i":"smClirPermanent","$v":"Невозможно изменить параметр идентификатора вызывающего абонента"},{"$i":"smClirDefaultOnNextCallOn","$v":"Отображение номера запрещено по умолчанию. Следующий вызов: номер не будет отображаться"},{"$i":"smClirDefaultOnNextCallOff","$v":"Отображение номера запрещено по умолчанию. Следующий вызов: номер будет отображаться"},{"$i":"smClirDefaultOffNextCallOn","$v":"Отображение номера разрешено по умолчанию. Следующий вызов: номер не будет отображаться"},{"$i":"smClirDefaultOffNextCallOff","$v":"Отображение номера разрешено по умолчанию. Следующий вызов: номер будет отображаться"},{"$i":"smServiceEnabledFor","$v":"Сервис подключён для:"},{"$i":"smPinChanged","$v":"PIN успешно изменен"},{"$i":"smPinUnblocked","$v":"PIN успешно разблокирован"},{"$i":"smPin2Changed","$v":"PIN2 успешно изменен"},{"$i":"smPin2Unblocked","$v":"PIN2 успешно разблокирован"},{"$i":"ServiceIsEnabled","$v":"Сервис включен"},{"$i":"ServiceIsDisabled","$v":"Сервис отключен"},{"$i":"ServiceIsEnabledFor","$v":"Сервис подключён для:"},{"$i":"emMmiError","$v":"Некорректная USSD-команда или ошибка подключения"},{"$i":"emMmiErrorPasswordIncorrect","$v":"Неверный Пароль"},{"$i":"emMmiErrorNotSupported","$v":"Недействительный или Неподдерживаемый код MMI"},{"$i":"emMmiErrorInvalidAction","$v":"Недопустимое действие"},{"$i":"emMmiErrorInvalidScCode","$v":"Недопустимый код службы"},{"$i":"emMmiErrorBadPuk","$v":"Введён некорректный PUK-код"},{"$i":"emMmiErrorBadPin","$v":"Введён неверный старый PIN-код."},{"$i":"emMmiErrorNeedPuk2","$v":"Для разблокировки SIM-карты введите код PUK2"},{"$i":"emMmiErrorMismatchPin","$v":"Введенные PIN-коды не совпадают"},{"$i":"emMmiErrorInvalidPin","$v":"Введите PIN-код от 4 до 8 цифр"},{"$i":"emMmiErrorNeedsPuk","$v":"Ваша SIM-карта заблокирована с помощью PUK-кода"},{"$i":"emMmiErrorEnablePin","$v":"Неудачно. Включите БЛОКИРОВКУ SIM/RUIM"},{"$i":"emMmiErrorMmiFdn","$v":"Операция возможна только для разрешенных номеров"},{"$i":"emMmiErrorStkCcUssdDial","$v":"Запрос USSD изменен на запрос DIAL"},{"$i":"emMmiErrorStkCcUssdSs","$v":"Запрос USSD изменен на запрос SS"},{"$i":"emMmiErrorStkCcUssdUssd","$v":"Запрос USSD изменен на новый запрос USSD"},{"$i":"emMmiErrorStkCcSsDial","$v":"Запрос SS изменен на запрос DIAL"},{"$i":"emMmiErrorStkCcSsUssd","$v":"Запрос SS изменен на запрос USSD"},{"$i":"emMmiErrorStkCcSsSs","$v":"Запрос SS изменен на новый запрос SS"},{"$i":"emMmiErrorPinPukAttempts","$v":{"few":[{"t":"idOrVar","v":"n"}," повторных попыток"],"many":[{"t":"idOrVar","v":"n"}," повторных попыток"],"one":["Только ",{"t":"idOrVar","v":"n"}," повторная попытка"],"other":[{"t":"idOrVar","v":"n"}," повторных попыток"],"two":[{"t":"idOrVar","v":"n"}," повторных попыток"]},"$x":[{"t":"idOrVar","v":"plural"},"n"]},{"$i":"emMmiErrorSimBlocked","$v":"Превышено максимальное количество попыток. SIM-карта заблокирована"},{"$i":"RadioNotAvailable","$v":"Радио недоступно"},{"$i":"GenericFailure","$v":"Общий сбой"},{"$i":"PasswordIncorrect","$v":"Неверный пароль"},{"$i":"SimPin2","$v":"SIM PIN2"},{"$i":"SimPuk2","$v":"SIM PUK2"},{"$i":"RequestNotSupported","$v":"Запрос не поддерживается"},{"$i":"OpNotAllowedDuringVoiceCall","$v":"Действие не разрешено во время голосового вызова"},{"$i":"SmsSendFailRetry","$v":"Неудачная попытка отправки SMS"},{"$i":"SimAbsent","$v":"SIM-карта отсутствует"},{"$i":"SubscriptionNotAvailable","$v":"Подписка недоступна"},{"$i":"ModeNotSupported","$v":"Режим не поддерживается"},{"$i":"FdnCheckFailure","$v":"Сбой проверки Fdn"},{"$i":"IllegalSimOrMe","$v":"Недопустимая SIM-карта или ME"},{"$i":"DialModifiedToUssd","$v":"Dial изменен на USSВ"},{"$i":"DialModifiedToSs","$v":"Dial изменен на SS"},{"$i":"DialModifiedToDial","$v":"Dial изменен на Dial"},{"$i":"UssdModifiedToDial","$v":"USSD изменен на dial"},{"$i":"UssdModifiedToSs","$v":"USSD изменен на SS"},{"$i":"UssdModifiedToUssd","$v":"USSD изменен на USSD"},{"$i":"SsModifiedToDial","$v":"SS изменен на dial"},{"$i":"SsModifiedToUssd","$v":"SS изменен на USSD"},{"$i":"SsModifiedToSs","$v":"SS изменен на SS"},{"$i":"SubscriptionNotSupported","$v":"Подписка не поддерживается"},{"$i":"InvalidParameter","$v":"Неверный параметр"},{"$i":"RejectedByRemote","$v":"Отклонено удаленно"},{"$i":"error","$v":"Ошибка"}]