[{"$i":"weekday-0-long","$v":"ඉරිදා"},{"$i":"weekday-1-long","$v":"සඳුදා"},{"$i":"weekday-2-long","$v":"අඟහරුවාදා"},{"$i":"weekday-3-long","$v":"බදාදා"},{"$i":"weekday-4-long","$v":"බ්‍රහස්පතින්දා"},{"$i":"weekday-5-long","$v":"සිකුරාදා"},{"$i":"weekday-6-long","$v":"සෙනසුරාදා"},{"$i":"weekday-0-short","$v":"ඉරිදා"},{"$i":"weekday-1-short","$v":"සඳු"},{"$i":"weekday-2-short","$v":"අඟ"},{"$i":"weekday-3-short","$v":"බදා"},{"$i":"weekday-4-short","$v":"බ්‍රහස්"},{"$i":"weekday-5-short","$v":"සිකු"},{"$i":"weekday-6-short","$v":"සෙන"},{"$i":"month-0-long","$v":"ජනවාරි"},{"$i":"month-1-long","$v":"පෙබරවාරි"},{"$i":"month-2-long","$v":"මාර්තු"},{"$i":"month-3-long","$v":"අප්‍රේල්"},{"$i":"month-4-long","$v":"මැයි"},{"$i":"month-5-long","$v":"ජුනි"},{"$i":"month-6-long","$v":"ජූලි"},{"$i":"month-7-long","$v":"අගෝස්තු"},{"$i":"month-8-long","$v":"සැප්තැම්බර්"},{"$i":"month-9-long","$v":"ඔක්තෝබර්"},{"$i":"month-10-long","$v":"නොවැම්බර්"},{"$i":"month-11-long","$v":"දෙසැම්බර්"},{"$i":"month-0-genitive","$v":"ජනවාරි"},{"$i":"month-1-genitive","$v":"පෙබරවාරි"},{"$i":"month-2-genitive","$v":"මාර්තු"},{"$i":"month-3-genitive","$v":"අප්‍රේල්"},{"$i":"month-4-genitive","$v":"මැයි"},{"$i":"month-5-genitive","$v":"ජූනි"},{"$i":"month-6-genitive","$v":"ජුලි"},{"$i":"month-7-genitive","$v":"අගෝස්තු"},{"$i":"month-8-genitive","$v":"සැප්තැම්බර්"},{"$i":"month-9-genitive","$v":"ඔක්තෝබර්"},{"$i":"month-10-genitive","$v":"නොවැම්බර්"},{"$i":"month-11-genitive","$v":"දෙසැම්බර්"},{"$i":"month-0-short","$v":"ජන"},{"$i":"month-1-short","$v":"පෙබ"},{"$i":"month-2-short","$v":"මාර්."},{"$i":"month-3-short","$v":"අප්‍රේ"},{"$i":"month-4-short","$v":"මැයි"},{"$i":"month-5-short","$v":"ජූනි"},{"$i":"month-6-short","$v":"ජූලි"},{"$i":"month-7-short","$v":"අගෝ"},{"$i":"month-8-short","$v":"සැප්"},{"$i":"month-9-short","$v":"ඔක්"},{"$i":"month-10-short","$v":"නොවැ"},{"$i":"month-11-short","$v":"දෙසැ"},{"$i":"minutes-ago-long","$v":{"few":[{"t":"idOrVar","v":"value"}," මිනිත්තුවකට පෙර"],"many":[{"t":"idOrVar","v":"value"}," මිනිත්තුවකට පෙර"],"one":"මිනිත්තුවකට පෙර","other":[{"t":"idOrVar","v":"value"}," මිනිත්තුවකට පෙර"],"two":[{"t":"idOrVar","v":"value"}," මිනිත්තුවකට පෙර"],"zero":"මේ දැන්"},"$x":[{"t":"idOrVar","v":"plural"},"value"]},{"$i":"hours-ago-long","$v":{"few":[{"t":"idOrVar","v":"value"}," පැයකට ඉහත"],"many":[{"t":"idOrVar","v":"value"}," පැයකට ඉහත"],"one":"පැයකට පෙර","other":[{"t":"idOrVar","v":"value"}," පැයකට ඉහත"],"two":[{"t":"idOrVar","v":"value"}," පැයකට ඉහත"],"zero":"මේ දැන්"},"$x":[{"t":"idOrVar","v":"plural"},"value"]},{"$i":"days-ago-long","$v":{"few":[{"t":"idOrVar","v":"value"}," දවසකට ඉහත"],"many":[{"t":"idOrVar","v":"value"}," දවසකට ඉහත"],"one":"ඊයේ","other":[{"t":"idOrVar","v":"value"}," දවසකට ඉහත"],"two":[{"t":"idOrVar","v":"value"}," දවසකට ඉහත"],"zero":"අද"},"$x":[{"t":"idOrVar","v":"plural"},"value"]},{"$i":"weeks-ago-long","$v":{"few":[{"t":"idOrVar","v":"value"}," සතියකට ඉහත"],"many":[{"t":"idOrVar","v":"value"}," සතියකට ඉහත"],"one":"පසුගිය සතිය","other":[{"t":"idOrVar","v":"value"}," සතියකට ඉහත"],"two":[{"t":"idOrVar","v":"value"}," සතියකට ඉහත"],"zero":"මේ සතිය"},"$x":[{"t":"idOrVar","v":"plural"},"value"]},{"$i":"months-ago-long","$v":{"few":[{"t":"idOrVar","v":"value"}," මසකට ඉහත"],"many":[{"t":"idOrVar","v":"value"}," මසකට ඉහත"],"one":"අවසන් මාසය","other":[{"t":"idOrVar","v":"value"}," මසකට ඉහත"],"two":[{"t":"idOrVar","v":"value"}," මසකට ඉහත"],"zero":"මේ මාසය"},"$x":[{"t":"idOrVar","v":"plural"},"value"]},{"$i":"years-ago-long","$v":{"few":[{"t":"idOrVar","v":"value"}," වසරකට ඉහත"],"many":[{"t":"idOrVar","v":"value"}," වසරකට ඉහත"],"one":"පසුගිය වසර","other":[{"t":"idOrVar","v":"value"}," වසරකට ඉහත"],"two":[{"t":"idOrVar","v":"value"}," වසරකට ඉහත"],"zero":"මෙම වසර"},"$x":[{"t":"idOrVar","v":"plural"},"value"]},{"$i":"minutes-until-long","$v":{"few":["මිනිත්තු",{"t":"idOrVar","v":"value"}," කින්"],"many":["මිනිත්තු",{"t":"idOrVar","v":"value"}," කින්"],"one":"මිනිත්තුවකදී","other":["මිනිත්තු",{"t":"idOrVar","v":"value"}," කින්"],"two":["මිනිත්තු",{"t":"idOrVar","v":"value"}," කින්"],"zero":"දැන්"},"$x":[{"t":"idOrVar","v":"plural"},"value"]},{"$i":"hours-until-long","$v":{"few":["පැය ",{"t":"idOrVar","v":"value"}," කින්"],"many":["පැය ",{"t":"idOrVar","v":"value"}," කින්"],"one":"පැයකදී","other":["පැය ",{"t":"idOrVar","v":"value"}," කින්"],"two":["පැය ",{"t":"idOrVar","v":"value"}," කින්"],"zero":"දැන්"},"$x":[{"t":"idOrVar","v":"plural"},"value"]},{"$i":"days-until-long","$v":{"few":["දින ",{"t":"idOrVar","v":"value"}," කින්"],"many":["දින ",{"t":"idOrVar","v":"value"}," කින්"],"one":"හෙට","other":["දින ",{"t":"idOrVar","v":"value"}," කින්"],"two":["දින ",{"t":"idOrVar","v":"value"}," කින්"],"zero":"අද"},"$x":[{"t":"idOrVar","v":"plural"},"value"]},{"$i":"weeks-until-long","$v":{"few":["සති ",{"t":"idOrVar","v":"value"}," කින්"],"many":["සති ",{"t":"idOrVar","v":"value"}," කින්"],"one":"ඊළඟ සතිය","other":["සති ",{"t":"idOrVar","v":"value"}," කින්"],"two":["සති ",{"t":"idOrVar","v":"value"}," කින්"],"zero":"මේ සතිය"},"$x":[{"t":"idOrVar","v":"plural"},"value"]},{"$i":"months-until-long","$v":{"few":["මාස ",{"t":"idOrVar","v":"value"}," කින්"],"many":["මාස ",{"t":"idOrVar","v":"value"}," කින්"],"one":"ඊළඟ මාසය","other":["මාස ",{"t":"idOrVar","v":"value"}," කින්"],"two":["මාස ",{"t":"idOrVar","v":"value"}," කින්"],"zero":"මේ මාසය"},"$x":[{"t":"idOrVar","v":"plural"},"value"]},{"$i":"years-until-long","$v":{"few":["වසර ",{"t":"idOrVar","v":"value"}," කින්"],"many":["වසර ",{"t":"idOrVar","v":"value"}," කින්"],"one":"ඊළඟ වසර","other":["වසර ",{"t":"idOrVar","v":"value"}," කින්"],"two":["වසර ",{"t":"idOrVar","v":"value"}," කින්"],"zero":"මෙම වසර"},"$x":[{"t":"idOrVar","v":"plural"},"value"]},{"$i":"minutes-ago-short","$v":{"other":[{"t":"idOrVar","v":"value"},"මි. පෙර"],"zero":"මේ දැන්"},"$x":[{"t":"idOrVar","v":"plural"},"value"]},{"$i":"hours-ago-short","$v":{"other":[{"t":"idOrVar","v":"value"},"පැ. පෙර"],"zero":"මේ දැන්"},"$x":[{"t":"idOrVar","v":"plural"},"value"]},{"$i":"days-ago-short","$v":{"other":[{"t":"idOrVar","v":"value"},"දි. පෙර"],"zero":"අද"},"$x":[{"t":"idOrVar","v":"plural"},"value"]},{"$i":"minutes-until-short","$v":{"other":["මාස ",{"t":"idOrVar","v":"value"},"කින්"],"zero":"දැන්"},"$x":[{"t":"idOrVar","v":"plural"},"value"]},{"$i":"hours-until-short","$v":{"other":["පැය ",{"t":"idOrVar","v":"value"},"කින්"],"zero":"දැන්"},"$x":[{"t":"idOrVar","v":"plural"},"value"]},{"$i":"days-until-short","$v":{"other":["දින ",{"t":"idOrVar","v":"value"},"කින්"],"zero":"අද"},"$x":[{"t":"idOrVar","v":"plural"},"value"]},{"$i":"incorrectDate","$v":"(වැරදිදිනය)"},{"$i":"dateTimeFormat_%c","$v":"%a %b %e %Y %I:%M:%S %p"},{"$i":"dateTimeFormat_%x","$v":"%m/%d/%Y"},{"$i":"dateTimeFormat_%X","$v":"%I:%M:%S %p"},{"$i":"shortTimeFormat","$v":"%I:%M %p"},{"$i":"shortTimeFormat12","$v":"%I:%M %p"},{"$i":"shortTimeFormat24","$v":"%H:%M"},{"$i":"shortDateTimeFormat","$v":"%x %I:%M %p"},{"$i":"weekStartsOnMonday","$v":"0.0"},{"$i":"firstDayOfTheWeek","$v":"0.0"},{"$i":"time_am","$v":"AM"},{"$i":"time_pm","$v":"PM"},{"$i":"label","$v":"ලේබලය"},{"$i":"mobile","$v":"ජංගම"},{"$i":"home","$v":"ගෙදර"},{"$i":"work","$v":"වැඩ"},{"$i":"personal","$v":"පෞද්ගලික"},{"$i":"faxHome","$v":"නිවසේ ෆැක්ස්"},{"$i":"faxOffice","$v":"කාර්යාලයේ ෆැක්ස්"},{"$i":"faxOther","$v":"වෙනත් ෆැක්ස්"},{"$i":"another","$v":"වෙනත්"},{"$i":"other","$v":"වෙනත්"},{"$i":"customTag","$v":"ගැලපුම් ටැගය","placeholder":"ගැලපුම් ටැගය"},{"$i":"current","$v":"වත්මන්"},{"$i":"itemWithLabel","$v":[{"t":"idOrVar","v":"label"},", ",{"t":"idOrVar","v":"item"}]},{"$i":"airplaneMode","$v":"ගුවන් යානා මාදිලිය"},{"$i":"searching","$v":"සොයමින්…"},{"$i":"noNetwork","$v":"ජාලයක් නැත"},{"$i":"roaming","$v":[{"t":"idOrVar","v":"operator"}," (Roaming)"]},{"$i":"operator-info","$v":[{"t":"idOrVar","v":"carrier"}," ",{"t":"idOrVar","v":"region"}]},{"$i":"emergencyCallsOnly","$v":"හදිසි ඇමතුම් පමණයි"},{"$i":"emergencyCallsOnly-unknownSIMState","$v":"(නොදන්නා සිම්පත් තත්ත්වය)"},{"$i":"emergencyCallsOnly-noSIM","$v":"(සිම්පත නැත)"},{"$i":"emergencyCallsOnly-pinRequired","$v":"(සිම්පත් පු.හ.අංකය අවශ්‍යයි)"},{"$i":"emergencyCallsOnly-pukRequired","$v":"(සිම්පත් PUK අවශ්‍යයි)"},{"$i":"emergencyCallsOnly-networkLocked","$v":"(ජාලය අගුළුලා ඇත)"},{"$i":"emergencyCallsOnly-serviceProviderLocked","$v":"(සේවා සපයන්නා අගුළුලා ඇත)"},{"$i":"emergencyCallsOnly-corporateLocked","$v":"(සංස්ථාපිත අගුළුලා ඇත)"},{"$i":"emergencyCallsOnly-network1Locked","$v":"(ජාලය1 අගුළුලා ඇත)"},{"$i":"emergencyCallsOnly-network2Locked","$v":"(ජාලය2 අගුළුලා ඇත)"},{"$i":"emergencyCallsOnly-hrpdNetworkLocked","$v":"(hrpd ජාලය අගුළුලා ඇත)"},{"$i":"emergencyCallsOnly-ruimCorporateLocked","$v":"(රුයිම් සංස්ථාපිත අගුළුලා ඇත)"},{"$i":"emergencyCallsOnly-ruimServiceProviderLocked","$v":"(රුයිම් සේවා සපයන්නා අගුළුලා ඇත)"},{"$i":"lockscreen-sim-id","$v":["SIM ",{"t":"idOrVar","v":"n"}]},{"$i":"charging-no-time","$v":[{"t":"idOrVar","v":"level"},"% ආරෝපිතයි"]},{"$i":"charging-minutes","$v":{"few":[{"t":"idOrVar","v":"level"},"% ආරෝපිතයි (",{"t":"idOrVar","v":"minutes"},"පැ පූර්ණ ආරෝපිත වනතුරු මිනිත්තු)"],"many":[{"t":"idOrVar","v":"level"},"% ආරෝපිතයි (",{"t":"idOrVar","v":"minutes"},"පැ පූර්ණ ආරෝපිත වනතුරු මිනිත්තු)"],"one":[{"t":"idOrVar","v":"level"},"% ආරෝපිතයි (",{"t":"idOrVar","v":"minutes"},"පැ පූර්ණ ආරෝපිත වනතුරු මිනිත්තු)"],"other":[{"t":"idOrVar","v":"level"},"% ආරෝපිතයි (",{"t":"idOrVar","v":"minutes"},"පැ පූර්ණ ආරෝපිත වනතුරු මිනිත්තු)"],"two":[{"t":"idOrVar","v":"level"},"% ආරෝපිතයි (",{"t":"idOrVar","v":"minutes"},"පැ පූර්ණ ආරෝපිත වනතුරු මිනිත්තු)"],"zero":[{"t":"idOrVar","v":"level"},"% ආරෝපිතයි (",{"t":"idOrVar","v":"minutes"},"පැ පූර්ණ ආරෝපිත වනතුරු මිනිත්තු)"]},"$x":[{"t":"idOrVar","v":"plural"},"minutes"]},{"$i":"charging-hours","$v":{"few":[{"t":"idOrVar","v":"level"},"% ආරෝපිතයි (",{"t":"idOrVar","v":"hours"}," පූර්ණ",{"t":"idOrVar","v":"minutes"}," ආරෝපිත වනතුරු මිනිත්තු)"],"many":[{"t":"idOrVar","v":"level"},"% ආරෝපිතයි (",{"t":"idOrVar","v":"hours"}," පූර්ණ",{"t":"idOrVar","v":"minutes"}," ආරෝපිත වනතුරු මිනිත්තු)"],"one":[{"t":"idOrVar","v":"level"},"% ආරෝපිතයි (",{"t":"idOrVar","v":"hours"}," පූර්ණ",{"t":"idOrVar","v":"minutes"}," ආරෝපිත වනතුරු මිනිත්තු)"],"other":[{"t":"idOrVar","v":"level"},"% ආරෝපිතයි (",{"t":"idOrVar","v":"hours"}," පූර්ණ",{"t":"idOrVar","v":"minutes"}," ආරෝපිත වනතුරු මිනිත්තු)"],"two":[{"t":"idOrVar","v":"level"},"% ආරෝපිතයි (",{"t":"idOrVar","v":"hours"}," පූර්ණ",{"t":"idOrVar","v":"minutes"}," ආරෝපිත වනතුරු මිනිත්තු)"],"zero":[{"t":"idOrVar","v":"level"},"% ආරෝපිතයි (",{"t":"idOrVar","v":"hours"}," පූර්ණ",{"t":"idOrVar","v":"minutes"}," ආරෝපිත වනතුරු මිනිත්තු)"]},"$x":[{"t":"idOrVar","v":"plural"},"minutes"]},{"$i":"phoneNumberInput","ariaLabel":"දුරකථන අංකය"},{"$i":"keypadDelete","ariaLabel":"මකන්න"},{"$i":"voiceMailKey","ariaLabel":"වොයිස්මේල්"},{"$i":"asterisk","ariaLabel":"තරු ලකුණ"},{"$i":"hashSign","ariaLabel":"ඇල ඉරි ලකුණ"},{"$i":"cancel","$v":"අවලංගු කරන්න"},{"$i":"loadingSimContacts","$v":"SIM කාඩ්පත් සබඳතා පැටවෙමින්…"},{"$i":"noContactsWereFound","$v":"කිසිදු සබඳතාවක් හමු නොවීය"},{"$i":"noContactsFoundDialogOk","$v":"හරි"},{"$i":"emergencyNumber","$v":"හදිසි අවස්ථා අංකය"},{"$i":"callAirplaneModeMessage","$v":"ඇමතුමක් ලබා ගැනීමට ඔබ ගුවන්යානා මාදිලිය පසුතලහිදී අක්‍රීය කළ යුතුය."},{"$i":"callAirplaneModeBtnOk","$v":"හරි"},{"$i":"callAirplaneModeTitle","$v":"ගුවන් යානා මාදිලිය සක්‍රීයයි"},{"$i":"numberIsBusyTitle","$v":"අංකය කාර්ය බහුලයි"},{"$i":"numberIsBusyMessage","$v":"අංකය මේ මොහොතේ කාර්යබහුලයි. කරුණාකර පසුව නැවත උත්සාහ කරන්න."},{"$i":"fdnIsActiveTitle","$v":"FDN සක්‍රියයි"},{"$i":"fdnIsActiveMessage","$v":["FDN (ස්ථිර ඩයල් කිරීමේ අංක) සක්‍රිය කර ඇති අතර පහත දැක්වෙන අංකය ඔබේ FDN ලැයිස්තුවේ නැත: ",{"t":"idOrVar","v":"number"}]},{"$i":"emergencyDialogBodyBadNumber","$v":"ඇමතුමක් ලබා ගැනීමට, දුරකථනය ජාලයකට සම්බන්ධ කර තිබිය යුතුය."},{"$i":"emergencyDialogBodyDeviceNotAccepted","$v":"ජාලයෙන් හදිසි අවස්ථා ඇමතුම්වලට ඉඩ නොලැබේ."},{"$i":"emergencyDialogBtnOk","$v":"හරි"},{"$i":"emergencyDialogTitle","$v":"ජාල සම්බන්ධතාවයක් නැත"},{"$i":"invalidNumberToDialTitle","$v":"වලංගු නැති දුරකථන අංකය"},{"$i":"invalidNumberToDialMessage","$v":"ඔබ අමතන දුරකථන අංකය වලංගු එකක් නොවේ."},{"$i":"unableToCallTitle","$v":"ඇමතුමක් ගත නොහැක. "},{"$i":"unableToCallMessage","$v":"දැන් ඇමතුමක් ලබා දිය නොහැකිය"},{"$i":"otherConnectionInUseTitle","$v":"භාවිතා වන අනෙක් සම්බන්ධතාව"},{"$i":"otherConnectionInUseMessage","$v":"ඔබට වෙනත් සම්බන්ධතාවයක සක්‍රීය ඇමතුමක් තිබේ. ඔබට එක් අවස්ථාවක භාවිතා කළ හැක්කේ එක් සම්බන්ධතාවයක් පමණි."},{"$i":"connectingEllipsis","$v":"සම්බන්ධ වෙමින්..."},{"$i":"clear","$v":"මකන්න"},{"$i":"dialer","$v":"ඩයලරය"},{"$i":"kai-incomming-call","$v":"එන ඇමතුම"},{"$i":"kai-in-call","$v":"ඇමතුමක"},{"$i":"kai-answer","$v":"පිළිතුර"},{"$i":"kai-end-answer","$v":"අවසන් කර පිළිතුරු දෙන්න"},{"$i":"kai-decline","$v":"ප්‍රතික්ෂේප කරන්න"},{"$i":"enter-passcode","$v":"තිරය අගුළු හැරීමට කරුණාකර මුරකේතය ඇතුල් කරන්න."},{"$i":"passcode-error","$v":"කේතය වැරදියි. කරුණාකර නැවත උත්සාහ කරන්න."},{"$i":"voice-call","$v":"හඬ ඇමතුම"},{"$i":"video-call","$v":"වීඩියෝ ඇමතුම"},{"$i":"message","$v":"පණිවුඩ"},{"$i":"answer-rtt-call","$v":"RTT වෙත පිළිතුරු දෙන්න"},{"$i":"req-rtt-call","$v":"ANS RTT"},{"$i":"rtt-call","$v":"RTT ඇමතුම"},{"$i":"rtt-view","$v":"RTT දසුන"},{"$i":"change-to-rtt-call","$v":"RTT ඇමතුමට සම්බන්ධ කෙරේ..."},{"$i":"change-to-voice-call","$v":"හඬ ඇමතුම් වෙත වෙනස් කෙරිණි."},{"$i":"upgrading-rtt","$v":"RTT ඇමතුම් වෙත උත්ශ්රේණිගත කෙරේ..."},{"$i":"rtt-call-failed","$v":"RTT ඇමතුම අසාර්ථක විය."},{"$i":"voice-call-failed","$v":"හඬ ඇමතුම අසාර්ථක විය."},{"$i":"rtt","$v":"RTT"},{"$i":"rtt-emegency-upgrade-rejected","$v":"මෙම 911 ඇමතුම සඳහා RTT ලද නොහැක."},{"$i":"rtt-emegency-downgrade","$v":"මෙම 911 ඇමතුම සඳහා RTT ලබා ගත නොහැක. ඔබේ ඇමතුම හඬ මාත්‍ර ඇමතුමක් ලෙස සමුද්ධරණය කරනු ලැබ ඇත. ඔබ දුෂ්කරතාවලට මුහුණ දෙන්නේ නම්, කරුණාකර 911 වෙත හඬ හෝ ප්‍රතිචාරණ ඇමතුමක් ලබා ගන්න."},{"$i":"voice-only-call","$v":"ඔබගේ ඇමතුම කටහඬ-පමණක් ඇති ඇමතුමක් ලෙස සම්බන්ධ කර ඇත."},{"$i":"ans-rtt-failed","$v":"RTT ඇමතුම ආරම්භ කිරීමට අසමත් විය. ඔබගේ ඇමතුම කටහඬ-පමණක් ඇති ඇමතුමක් ලෙස සම්බන්ධ කර ඇත."},{"$i":"back","$v":"ආපසු"},{"$i":"new-message","$v":"වෙතින් නව පණිවුඩ"},{"$i":"kai-mute","$v":"නිහඬ"},{"$i":"kai-unmute","$v":"හඬ දෙන්න"},{"$i":"kai-speaker","$v":"ස්පීකර්"},{"$i":"kai-speaker-off","$v":"ස්පීකර් ඕෆ්"},{"$i":"kai-microphone-mute-notification","$v":"මයික්‍රෆෝනය නිහඩයි"},{"$i":"kai-microphone-active-notification","$v":"මයික්‍රෆෝනය ක්‍රියාත්මකයි"},{"$i":"kai-speaker-off-notification","$v":"බාහිර ශබ්දවාහිනී අක්‍රීය කරන ලදි"},{"$i":"kai-speaker-on-notification","$v":"බාහිර ශබ්ද විකාශනය ඔන් කර ඇත"},{"$i":"kai-hold-and-answer","$v":"රඳවාගෙන උත්තර දෙන්න යන්න දමන්න"},{"$i":"kai-ignore-call","$v":"ලැබෙන ඇමතුම් නොසලකන්න"},{"$i":"kai-add-to-call","$v":"ඇමතුම එක්කරන්න"},{"$i":"kai-switch-to-second-line","$v":"ඇමතුම මාරු කරන්න"},{"$i":"kai-merge-calls","$v":"ඇමතුම ඒකාබද්ධ කරන්න"},{"$i":"ok","$v":"OK"},{"$i":"losing-wifi-msg","$v":"wifi නැති වෙමින්"},{"$i":"hd","$v":"HD"},{"$i":"manage-call","$v":"ඇමතුම පාලනය කරන්න"},{"$i":"end","$v":"ඇමතුම අවසන් කරන්න"},{"$i":"private","$v":"පුද්"},{"$i":"sound","$v":"ශබ්දය"},{"$i":"bluetooth-device","$v":"Bluetooth උපාංගය"},{"$i":"handset-earpiece","$v":"හෑන්ඩ්සෙට්"},{"$i":"speaker","$v":"ස්පීකර්"},{"$i":"call-ended","$v":"ඇමතුම අවසන් කරන ලදි"},{"$i":"payphone","$v":"Payphone"},{"$i":"contact","$v":"සබඳතාව"},{"$i":"dialer-prompt","$v":"ඇමතුමට එක් කිරීමට අංකය ඩයල් කරන්න නැතහොත් සබඳතාව තෝරන්න"},{"$i":"call","$v":"අමතන්න"},{"$i":"hold","$v":"නවත්වන්න"},{"$i":"volume","$v":"හඬ පරිමාව"},{"$i":"softkey-options","$v":"විකල්ප"},{"$i":"unhold-call","$v":"ඇමතුම රැඳවුම් ඉවත් කරන්න"},{"$i":"hold-call","$v":"ඇමතුම රඳවගන්න"},{"$i":"select","$v":"තෝරන්න"},{"$i":"unknown","$v":"නොදනී"},{"$i":"switch-calls","$v":"ඇමතුම් මාරු කරන්න"},{"$i":"voiceMail","$v":"වොයිස්මේල්"},{"$i":"incoming","$v":"පැමිණෙන"},{"$i":"outgoing","$v":"පිටතට යන"},{"$i":"callEnded","$v":"ඇමතුම අවසන් කරන ලදි"},{"$i":"callEndedDuration","$v":["ඇමතුම අවසන් විය (",{"t":"idOrVar","v":"duration"},")"]},{"$i":"conferenceAddError","$v":"ඇමතුම් ඒකාබද්ධ කළ නොහැක"},{"$i":"conferenceRemoveError","$v":"ඇමතුම් ඒකාබද්ධයන් ඉවත් කළ නොහැක"},{"$i":"callDurationMinutes","$v":[{"t":"idOrVar","v":"m"},":",{"t":"idOrVar","v":"s"}]},{"$i":"callDurationHours","$v":[{"t":"idOrVar","v":"h"},":",{"t":"idOrVar","v":"m"},":",{"t":"idOrVar","v":"s"}]},{"$i":"callDurationTextFormatSeconds","$v":[{"t":"idOrVar","v":"s"}," ත"]},{"$i":"callDurationTextFormatMinutes","$v":[{"t":"idOrVar","v":"m"}," m ",{"t":"idOrVar","v":"s"}," s"]},{"$i":"callDurationTextFormatHours","$v":[{"t":"idOrVar","v":"h"}," පැ ",{"t":"idOrVar","v":"m"}," මි ",{"t":"idOrVar","v":"s"}," ත"]},{"$i":"switch-to-device-toast","$v":"bluetooth උපාංගයට මාරු කරන ලදි"},{"$i":"switch-to-handset-toast","$v":"හෑන්ඩ් සෙට් කන්‍ යොමුවට මාරු කරන ලදී"},{"$i":"switch-to-speaker-toast","$v":"ශබ්ද වාහිනියට මාරු කරන ලදි"},{"$i":"connecting","$v":"සම්බන්ධ වෙමින්"},{"$i":"wifi-call-quality-excellent","$v":"අනර්ඝයි"},{"$i":"wifi-call-quality-fair","$v":"සතුටුදායක"},{"$i":"wifi-call-quality-bad","$v":"සදොස්"},{"$i":"call-left-conference-toast","$v":"ඇමතුම හැරගොස්ය"},{"$i":"camera-off","$v":"කැමරාව අක්‍රීයයි"},{"$i":"camera-on","$v":"කැමරාව සක්‍රීයයි"},{"$i":"rear-camera","$v":"පසුපස කැමරාව"},{"$i":"front-camera","$v":"ඉදිරිපස කැමරාව"},{"$i":"hide-info","$v":"තතු සඟවන්න"},{"$i":"show-info","$v":"තොරතුරු පෙන්වන්න"},{"$i":"video-call-rejected","$v":"වීඩියෝ ඇමතුම ප්‍රතික්ෂේප විය, හඬ ඇමතුමට වෙනස් කරන්න."},{"$i":"video-call-not-support","$v":"වීඩියෝ ඇමතුමට සහය නොදක්වයි."},{"$i":"video-call-rejected-timeout","$v":"Video call rejected or timeout."},{"$i":"video-call-from","$v":[{"t":"idOrVar","v":"name"}," වෙතින් වීඩියෝ ඇමතුම ලබමින්."]},{"$i":"video-call-canceled","$v":"වීඩියෝ ඇමතුම අවලංගු කෙරිණි."},{"$i":"video-call-failed","$v":"වීඩියෝ ඇමතුම අසාර්ථක විය."},{"$i":"call-downgraded","$v":"පහලට කැඳවන්න."},{"$i":"wifi-calling","$v":"Wi-Fi ඇමතීම"},{"$i":"wifi-calling-1","$v":"ඔබගේ ඇමතුම බිඳ වැටිය හැකිය."},{"$i":"wifi-calling-2","$v":"ඔබ Wi-Fi ආවරණ පරාසයෙන් මුළුමනින්ම පිටතට ගොස් ඇත."},{"$i":"wifi-calling-dropped","$v":"Wi-Fi ඇමතුම බිඳ වැටිණි."},{"$i":"accept","$v":"පිළිගන්න"},{"$i":"conference-call-num","$v":["පුද්ගලයන් ",{"t":"idOrVar","v":"num"}," ක් ඇමතුමේ සිටී."]},{"$i":"more","$v":"තවත්"},{"$i":"rec","$v":"REC"},{"$i":"start-recording-call","$v":"ඇමතුම පටිගත කිරීම අරඹන්න."},{"$i":"stop-recording-call","$v":"ඇමතුම පටිගත කිරීම නවතන්න."},{"$i":"insufficient-storage","$v":"ගබඩා ඉඩ ප්‍රමාණවත් නැත. පටිගත කිරීම නැවතිනි."},{"$i":"reply","$v":"පිළිතුරු යවන්න"},{"$i":"reply-message-1","$v":"කණගාටුයි, මට දැන් කතා කළ නොහැක."},{"$i":"reply-message-2","$v":"මම එන ගමන් සිටිමි."},{"$i":"reply-message-3","$v":"මට ඔබට පසුව ඇමතිය හැකි ද?"},{"$i":"reply-message-4","$v":"රිසි..."},{"$i":"reply-to-name","$v":[{"t":"idOrVar","v":"name"}," වෙත පිළිතුරු දුන්නා"]},{"$i":"mt-call-on-hold","$v":"ඇමතුම අත් හිටුවා ඇත."},{"$i":"mt-call_retrieved","$v":"ඇමතුම යළි සම්බන්ධ වී ඇත."},{"$i":"mt-multi_party_call","$v":"ඔබව සම්මේලන ඇමතුමකට එක් කර ඇත."},{"$i":"hangup-a11y-button","$v":""},{"$i":"pickup-a11y-button","$v":""},{"$i":"mute","$v":""},{"$i":"toggleKeypad","$v":""},{"$i":"newCall","$v":""},{"$i":"speakerOption","$v":""},{"$i":"bluetoothOption","$v":""},{"$i":"onHoldOption","$v":""},{"$i":"merge","$v":""},{"$i":"ignore","$v":""},{"$i":"dialerAddContact","$v":""},{"$i":"makeCall","$v":""},{"$i":"call-forwarding-async","$v":["අසමමුහූර්තක: ",{"t":"idOrVar","v":"async"}]},{"$i":"call-forwarding-data","$v":["දත්ත: ",{"t":"idOrVar","v":"data"}]},{"$i":"call-forwarding-error","$v":"ඇමතුම යොමු කිරීමේ තත්ත්වය ලබා ගන්නා අතර දෝෂයක් ඇති විය"},{"$i":"call-forwarding-fax","$v":["ෆැක්ස්: ",{"t":"idOrVar","v":"fax"}]},{"$i":"call-forwarding-inactive","$v":"අක්‍රියයි"},{"$i":"call-forwarding-packet","$v":["පැකට්ටුව: ",{"t":"idOrVar","v":"packet"}]},{"$i":"call-forwarding-pad","$v":["PAD: ",{"t":"idOrVar","v":"pad"}]},{"$i":"call-forwarding-sms","$v":["SMS: ",{"t":"idOrVar","v":"sms"}]},{"$i":"call-forwarding-status","$v":"ඇමතුම යොමු කිරීමේ තත්ත්වය"},{"$i":"call-forwarding-sync","$v":["සමමුහූර්ත: ",{"t":"idOrVar","v":"sync"}]},{"$i":"call-forwarding-voice","$v":["හඬ: ",{"t":"idOrVar","v":"voice"}]},{"$i":"scCallBarring","$v":"ඇමතුම් තහනම් කිරීම"},{"$i":"scCallForwarding","$v":"ඇමතුම යොමු කිරීම"},{"$i":"scClip","$v":"එන ඇමතුම්කරුගේ ID"},{"$i":"scClir","$v":"පිටතට යන අමතන්නාගේ ID"},{"$i":"scPwd","$v":"රහස් කේතය වෙනස් කරන්න"},{"$i":"scCallWaiting","$v":"ඇමතුම් පොරොත්තුව"},{"$i":"scPin","$v":"PIN වෙනස් කිරීම"},{"$i":"scPin2","$v":"PIN2 වෙනස් කරන්න"},{"$i":"scPuk","$v":"PIN අගුළු මුදන්න"},{"$i":"scPuk2","$v":"PIN2 අගුළු මුදන්න"},{"$i":"scImei","$v":"IMEI"},{"$i":"scMeid","$v":"MEID"},{"$i":"scUssd","$v":"USSD"},{"$i":"serviceClassVoice","$v":"හඬ"},{"$i":"serviceClassData","$v":"දත්ත"},{"$i":"serviceClassFax","$v":"ෆැක්ස්"},{"$i":"serviceClassSms","$v":"SMS"},{"$i":"serviceClassDataSync","$v":"සමමු කරන්න"},{"$i":"serviceClassDataAsync","$v":"අසමමු"},{"$i":"serviceClassPacket","$v":"පැකට්ටුව"},{"$i":"serviceClassPad","$v":"PAD"},{"$i":"smServiceEnabled","$v":"සේවාව සක්‍රීය කරන ලදි"},{"$i":"smServiceDisabled","$v":"සේවාව අක්‍රීය කර තිබේ"},{"$i":"smServiceRegistered","$v":"ලියාපදිංචි කිරීම සාර්ථකයි"},{"$i":"smServiceErased","$v":"මැකීම සාර්ථක විය"},{"$i":"smServiceInterrogated","$v":"ඉල්ලීම සාර්ථක විය"},{"$i":"smServiceNotProvisioned","$v":"සේවාව සපයා නැත"},{"$i":"smClirPermanent","$v":"ඔබට අමතන්නාගේ ID පසුතල වෙනස් කළ නොහැක"},{"$i":"smClirDefaultOnNextCallOn","$v":"අමතන්නාගේ ID පෙරනිමි සීමා කර ඇති ලෙසට. ඊළඟ ඇමතුම: සීමා කර ඇත"},{"$i":"smClirDefaultOnNextCallOff","$v":"අමතන්නාගේ ID පෙරනිමි සීමා කර ඇති ලෙසට. ඊළඟ ඇමතුම: සීමා කර නැත"},{"$i":"smClirDefaultOffNextCallOn","$v":"අමතන්නාගේ ID පෙරනිමි සීමා කර නැති ලෙසට. ඊළඟ ඇමතුම: සීමා කර ඇත"},{"$i":"smClirDefaultOffNextCallOff","$v":"අමතන්නාගේ ID පෙරනිමි සීමා කර නැති ලෙසට. ඊළඟ ඇමතුම: සීමා කර නැත"},{"$i":"smServiceEnabledFor","$v":"මේ සඳහා සේවාව සක්‍රීය කරන ලදි:"},{"$i":"smPinChanged","$v":"PIN අංකය සාර්ථකව වෙනස් කරන ලදි"},{"$i":"smPinUnblocked","$v":"PIN අංකය සාර්ථකව බාධා හරින ලදි"},{"$i":"smPin2Changed","$v":"PIN2 සාර්ථකව වෙනස් කරන ලදි"},{"$i":"smPin2Unblocked","$v":"PIN2 සාර්ථකව බාධා හරින ලදි"},{"$i":"ServiceIsEnabled","$v":"සේවාව සක්‍රීයයි"},{"$i":"ServiceIsDisabled","$v":"සේවාව අක්‍රීයයි"},{"$i":"ServiceIsEnabledFor","$v":"සඳහා සේවාව සක්‍රීයයි:"},{"$i":"emMmiError","$v":"සම්බන්ධතා ගැටළුවක් හෝ වැරදි MMI කේතයක්"},{"$i":"emMmiErrorPasswordIncorrect","$v":"වැරදි රහස් වචනයක්"},{"$i":"emMmiErrorNotSupported","$v":"වැරදි හෝ සහාය නොදක්වන MMI කේතය"},{"$i":"emMmiErrorInvalidAction","$v":"වැරදි ක්‍රියාවක"},{"$i":"emMmiErrorInvalidScCode","$v":"වැරදි සේවා කේතයක්"},{"$i":"emMmiErrorBadPuk","$v":"ඔබ ටයිප් කළ PUK වැරදි එකකි"},{"$i":"emMmiErrorBadPin","$v":"ඔබ ඇතුළු කළ පැරණි PIN වැරදිය."},{"$i":"emMmiErrorNeedPuk2","$v":"SIM කාඩ්පතේ අගුළු මිදීමට PUK2 ටයිප් කරන්න"},{"$i":"emMmiErrorMismatchPin","$v":"ඔබ ඇතුළු කළ PIN කේත නොගැලපේ"},{"$i":"emMmiErrorInvalidPin","$v":"ඉලක්කම් 4 සිට 8 අතර PIN අංකයක් ඇතුළු කරන්න"},{"$i":"emMmiErrorNeedsPuk","$v":"ඔබේ SIM කාඩ්පතේ PUK-අගුළු දමා තිබේ"},{"$i":"emMmiErrorEnablePin","$v":"අසාර්ථකයි. SIM/RUIM අගුළ සක්‍රීය කරන්න"},{"$i":"emMmiErrorMmiFdn","$v":"ස්ථිර ඩයල් කිරීමේ අංකවලට පමණක් මෙහෙයුම සීමා කර ඇත"},{"$i":"emMmiErrorStkCcUssdDial","$v":"DIAL ඉල්ලීම USSD ඉල්ලීම ලෙසට වෙනස් කරන ලදි"},{"$i":"emMmiErrorStkCcUssdSs","$v":"USSD ඉල්ලීම SS ඉල්ලීම ලෙසට වෙනස් කරන ලදි"},{"$i":"emMmiErrorStkCcUssdUssd","$v":"USSD ඉල්ලීම නව USSD ඉල්ලීම ලෙසට වෙනස් කරන ලදි"},{"$i":"emMmiErrorStkCcSsDial","$v":"SS ඉල්ලීම DIAL ඉල්ලීම ලෙසට වෙනස් කරන ලදි"},{"$i":"emMmiErrorStkCcSsUssd","$v":"SS ඉල්ලීම USSD ලෙසට වෙනස් කරන ලදි"},{"$i":"emMmiErrorStkCcSsSs","$v":"SS ඉල්ලීම නව SS ඉල්ලීම ලෙසට වෙනස් කරන ලදි"},{"$i":"emMmiErrorPinPukAttempts","$v":{"few":[{"t":"idOrVar","v":"n"}," ප්‍රතිඋත්සාහ හැරගොස්ය"],"many":[{"t":"idOrVar","v":"n"}," ප්‍රතිඋත්සාහ හැරගොස්ය"],"one":["එක්",{"t":"idOrVar","v":"n"}," නැවත උත්සාහ කිරීමක් පමණක් ඉතිරිව ඇත"],"other":[{"t":"idOrVar","v":"n"}," ප්‍රතිඋත්සාහ හැරගොස්ය"],"two":[{"t":"idOrVar","v":"n"}," ප්‍රතිඋත්සාහ හැරගොස්ය"]},"$x":[{"t":"idOrVar","v":"plural"},"n"]},{"$i":"emMmiErrorSimBlocked","$v":"උපරිම උත්සාහක සංඛ්‍යාව වෙත ළඟා විය. SIM අවහිර කරන ලදි"},{"$i":"RadioNotAvailable","$v":"Radio not available"},{"$i":"GenericFailure","$v":"ප්‍රභේදරහිත අසාර්ථක වීම"},{"$i":"PasswordIncorrect","$v":"රහස් වචනය වැරදියි"},{"$i":"SimPin2","$v":"SIM PIN2"},{"$i":"SimPuk2","$v":"SIM PUK2"},{"$i":"RequestNotSupported","$v":"ඉල්ලීමට ආධාරක නොවේ"},{"$i":"OpNotAllowedDuringVoiceCall","$v":"හඬ පණිවුඩ අතරතුර මෙහෙයුමට ඉඩ දී නැත"},{"$i":"SmsSendFailRetry","$v":"SMS send fail retry"},{"$i":"SimAbsent","$v":"SIM නොමැත"},{"$i":"SubscriptionNotAvailable","$v":"දායකත්වය ලද නොහැකිය"},{"$i":"ModeNotSupported","$v":"ආකාරය ආධාරක නොවේ"},{"$i":"FdnCheckFailure","$v":"Fdn පරීක්ෂාව අසාර්ථකයි"},{"$i":"IllegalSimOrMe","$v":"නීතිවිරෝධී SIM හෝ ME"},{"$i":"DialModifiedToUssd","$v":"Dial modified to USSD"},{"$i":"DialModifiedToSs","$v":"Dial modified to SS"},{"$i":"DialModifiedToDial","$v":"Dial modified to dial"},{"$i":"UssdModifiedToDial","$v":"ඩයල් කිරීම ලෙසට USSD වෙනස් කරන ලදි"},{"$i":"UssdModifiedToSs","$v":"SS ලෙසට USSD වෙනස් කරන ලදි"},{"$i":"UssdModifiedToUssd","$v":"USSD ලෙසට USSD වෙනස් කරන ලදි"},{"$i":"SsModifiedToDial","$v":"SS ඩයල් කිරීමට වෙනස් කරන ලදි"},{"$i":"SsModifiedToUssd","$v":"SS USSDට වෙනස් කරන ලදි"},{"$i":"SsModifiedToSs","$v":"SS යන්න SS ට වෙනස් කරන ලදි"},{"$i":"SubscriptionNotSupported","$v":"දායකත්වය ආධාරක නොවේ"},{"$i":"InvalidParameter","$v":"වැරදි පරාමිතිය"},{"$i":"RejectedByRemote","$v":"දුරස්ථය මගින් ප්‍රතික්ෂේප කරන ලදි"},{"$i":"error","$v":"දෝෂය"}]