[{"$i":"weekday-0-long","$v":"Nedeľa"},{"$i":"weekday-1-long","$v":"Pondelok"},{"$i":"weekday-2-long","$v":"Utorok"},{"$i":"weekday-3-long","$v":"Streda"},{"$i":"weekday-4-long","$v":"Štvrtok"},{"$i":"weekday-5-long","$v":"Piatok"},{"$i":"weekday-6-long","$v":"Sobota"},{"$i":"weekday-0-short","$v":"Ned"},{"$i":"weekday-1-short","$v":"Pon"},{"$i":"weekday-2-short","$v":"Uto"},{"$i":"weekday-3-short","$v":"Str"},{"$i":"weekday-4-short","$v":"Štv"},{"$i":"weekday-5-short","$v":"Pia"},{"$i":"weekday-6-short","$v":"Sob"},{"$i":"month-0-long","$v":"Január"},{"$i":"month-1-long","$v":"Február"},{"$i":"month-2-long","$v":"Marec"},{"$i":"month-3-long","$v":"Apríl"},{"$i":"month-4-long","$v":"Máj"},{"$i":"month-5-long","$v":"Jún"},{"$i":"month-6-long","$v":"Júl"},{"$i":"month-7-long","$v":"August"},{"$i":"month-8-long","$v":"September"},{"$i":"month-9-long","$v":"Október"},{"$i":"month-10-long","$v":"November"},{"$i":"month-11-long","$v":"December"},{"$i":"month-0-genitive","$v":"Január"},{"$i":"month-1-genitive","$v":"Február"},{"$i":"month-2-genitive","$v":"Marec"},{"$i":"month-3-genitive","$v":"Apríl"},{"$i":"month-4-genitive","$v":"Máj"},{"$i":"month-5-genitive","$v":"Jún"},{"$i":"month-6-genitive","$v":"Júl"},{"$i":"month-7-genitive","$v":"August"},{"$i":"month-8-genitive","$v":"September"},{"$i":"month-9-genitive","$v":"Október"},{"$i":"month-10-genitive","$v":"November"},{"$i":"month-11-genitive","$v":"December"},{"$i":"month-0-short","$v":"Jan"},{"$i":"month-1-short","$v":"Feb"},{"$i":"month-2-short","$v":"Mar"},{"$i":"month-3-short","$v":"Apr"},{"$i":"month-4-short","$v":"Máj"},{"$i":"month-5-short","$v":"Jún"},{"$i":"month-6-short","$v":"Júl"},{"$i":"month-7-short","$v":"Aug"},{"$i":"month-8-short","$v":"Sep"},{"$i":"month-9-short","$v":"Okt"},{"$i":"month-10-short","$v":"Nov"},{"$i":"month-11-short","$v":"Dec"},{"$i":"minutes-ago-long","$v":{"few":["Pred počtom min.: ",{"t":"idOrVar","v":"value"}],"many":["Pred počtom min.: ",{"t":"idOrVar","v":"value"}],"one":"pred 1 min.","other":["Pred počtom min.: ",{"t":"idOrVar","v":"value"}],"two":["Pred počtom min.: ",{"t":"idOrVar","v":"value"}],"zero":"práve teraz"},"$x":[{"t":"idOrVar","v":"plural"},"value"]},{"$i":"hours-ago-long","$v":{"few":["Pred počtom hod.: ",{"t":"idOrVar","v":"value"}],"many":["Pred počtom hod.: ",{"t":"idOrVar","v":"value"}],"one":"pred hodinou","other":["Pred počtom hod.: ",{"t":"idOrVar","v":"value"}],"two":["Pred počtom hod.: ",{"t":"idOrVar","v":"value"}],"zero":"práve teraz"},"$x":[{"t":"idOrVar","v":"plural"},"value"]},{"$i":"days-ago-long","$v":{"few":["Pred počtom dní: ",{"t":"idOrVar","v":"value"}],"many":["Pred počtom dní: ",{"t":"idOrVar","v":"value"}],"one":"včera","other":["Pred počtom dní: ",{"t":"idOrVar","v":"value"}],"two":["Pred počtom dní: ",{"t":"idOrVar","v":"value"}],"zero":"dnes"},"$x":[{"t":"idOrVar","v":"plural"},"value"]},{"$i":"weeks-ago-long","$v":{"few":["Pred počtom týžd.: ",{"t":"idOrVar","v":"value"}],"many":["Pred počtom týžd.: ",{"t":"idOrVar","v":"value"}],"one":"min. týždeň","other":["Pred počtom týžd.: ",{"t":"idOrVar","v":"value"}],"two":["Pred počtom týžd.: ",{"t":"idOrVar","v":"value"}],"zero":"tento týždeň"},"$x":[{"t":"idOrVar","v":"plural"},"value"]},{"$i":"months-ago-long","$v":{"few":["Pred počtom mes.: ",{"t":"idOrVar","v":"value"}],"many":["Pred počtom mes.: ",{"t":"idOrVar","v":"value"}],"one":"min. mesiac","other":["Pred počtom mes.: ",{"t":"idOrVar","v":"value"}],"two":["Pred počtom mes.: ",{"t":"idOrVar","v":"value"}],"zero":"tento mesiac"},"$x":[{"t":"idOrVar","v":"plural"},"value"]},{"$i":"years-ago-long","$v":{"few":["Pred počtom rokov: ",{"t":"idOrVar","v":"value"}],"many":["Pred počtom rokov: ",{"t":"idOrVar","v":"value"}],"one":"min. rok","other":["Pred počtom rokov: ",{"t":"idOrVar","v":"value"}],"two":["Pred počtom rokov: ",{"t":"idOrVar","v":"value"}],"zero":"tento rok"},"$x":[{"t":"idOrVar","v":"plural"},"value"]},{"$i":"minutes-until-long","$v":{"few":["o ",{"t":"idOrVar","v":"value"}," min"],"many":["o ",{"t":"idOrVar","v":"value"}," min"],"one":"o minútu","other":["o ",{"t":"idOrVar","v":"value"}," min"],"two":["o ",{"t":"idOrVar","v":"value"}," min"],"zero":"teraz"},"$x":[{"t":"idOrVar","v":"plural"},"value"]},{"$i":"hours-until-long","$v":{"few":["o ",{"t":"idOrVar","v":"value"}," hod."],"many":["o ",{"t":"idOrVar","v":"value"}," hod."],"one":"o hodinu","other":["o ",{"t":"idOrVar","v":"value"}," hod."],"two":["o ",{"t":"idOrVar","v":"value"}," hod."],"zero":"teraz"},"$x":[{"t":"idOrVar","v":"plural"},"value"]},{"$i":"days-until-long","$v":{"few":["o ",{"t":"idOrVar","v":"value"}," d."],"many":["o ",{"t":"idOrVar","v":"value"}," d."],"one":"zajtra","other":["o ",{"t":"idOrVar","v":"value"}," d."],"two":["o ",{"t":"idOrVar","v":"value"}," d."],"zero":"dnes"},"$x":[{"t":"idOrVar","v":"plural"},"value"]},{"$i":"weeks-until-long","$v":{"few":["o ",{"t":"idOrVar","v":"value"}," týžd."],"many":["o ",{"t":"idOrVar","v":"value"}," týžd."],"one":"nasl. týždeň","other":["o ",{"t":"idOrVar","v":"value"}," týžd."],"two":["o ",{"t":"idOrVar","v":"value"}," týžd."],"zero":"tento týždeň"},"$x":[{"t":"idOrVar","v":"plural"},"value"]},{"$i":"months-until-long","$v":{"few":["o ",{"t":"idOrVar","v":"value"}," mes."],"many":["o ",{"t":"idOrVar","v":"value"}," mes."],"one":"nasl. mesiac","other":["o ",{"t":"idOrVar","v":"value"}," mes."],"two":["o ",{"t":"idOrVar","v":"value"}," mes."],"zero":"tento mesiac"},"$x":[{"t":"idOrVar","v":"plural"},"value"]},{"$i":"years-until-long","$v":{"few":["o ",{"t":"idOrVar","v":"value"}," rok."],"many":["o ",{"t":"idOrVar","v":"value"}," rok."],"one":"nasl. rok","other":["o ",{"t":"idOrVar","v":"value"}," rok."],"two":["o ",{"t":"idOrVar","v":"value"}," rok."],"zero":"tento rok"},"$x":[{"t":"idOrVar","v":"plural"},"value"]},{"$i":"minutes-ago-short","$v":{"other":["Pred ",{"t":"idOrVar","v":"value"}," m"],"zero":"práve teraz"},"$x":[{"t":"idOrVar","v":"plural"},"value"]},{"$i":"hours-ago-short","$v":{"other":["Pred ",{"t":"idOrVar","v":"value"}," h"],"zero":"práve teraz"},"$x":[{"t":"idOrVar","v":"plural"},"value"]},{"$i":"days-ago-short","$v":{"other":["Pred ",{"t":"idOrVar","v":"value"}," d"],"zero":"dnes"},"$x":[{"t":"idOrVar","v":"plural"},"value"]},{"$i":"minutes-until-short","$v":{"other":["o ",{"t":"idOrVar","v":"value"}," m"],"zero":"teraz"},"$x":[{"t":"idOrVar","v":"plural"},"value"]},{"$i":"hours-until-short","$v":{"other":["o ",{"t":"idOrVar","v":"value"}," h"],"zero":"teraz"},"$x":[{"t":"idOrVar","v":"plural"},"value"]},{"$i":"days-until-short","$v":{"other":["o ",{"t":"idOrVar","v":"value"}," d"],"zero":"dnes"},"$x":[{"t":"idOrVar","v":"plural"},"value"]},{"$i":"incorrectDate","$v":"(nesprávny dátum)"},{"$i":"dateTimeFormat_%c","$v":"%a %b %e %Y %I:%M:%S %p"},{"$i":"dateTimeFormat_%x","$v":"%m/%d/%Y"},{"$i":"dateTimeFormat_%X","$v":"%I:%M:%S %p"},{"$i":"shortTimeFormat","$v":"%I:%M %p"},{"$i":"shortTimeFormat12","$v":"%I:%M %p"},{"$i":"shortTimeFormat24","$v":"%H:%M"},{"$i":"shortDateTimeFormat","$v":"%x %I:%M %p"},{"$i":"weekStartsOnMonday","$v":"0.0"},{"$i":"firstDayOfTheWeek","$v":"1.0"},{"$i":"time_am","$v":"AM"},{"$i":"time_pm","$v":"PM"},{"$i":"label","$v":"Označ."},{"$i":"mobile","$v":"Mobilný"},{"$i":"home","$v":"Domov"},{"$i":"work","$v":"Práca"},{"$i":"personal","$v":"Osobné"},{"$i":"faxHome","$v":"Fax domov"},{"$i":"faxOffice","$v":"Fax (práca)"},{"$i":"faxOther","$v":"Fax (iné)"},{"$i":"another","$v":"Iné"},{"$i":"other","$v":"Iné"},{"$i":"customTag","$v":"Vlastná značka","placeholder":"Vlastná značka"},{"$i":"current","$v":"Aktuálne"},{"$i":"itemWithLabel","$v":[{"t":"idOrVar","v":"label"},", ",{"t":"idOrVar","v":"item"}]},{"$i":"airplaneMode","$v":"Rež. Lietadlo"},{"$i":"searching","$v":"Vyhľadávanie…"},{"$i":"noNetwork","$v":"Žiadna sieť"},{"$i":"roaming","$v":[{"t":"idOrVar","v":"operator"}," (Roaming)"]},{"$i":"operator-info","$v":[{"t":"idOrVar","v":"carrier"}," ",{"t":"idOrVar","v":"region"}]},{"$i":"emergencyCallsOnly","$v":"Iba núdzové hovory"},{"$i":"emergencyCallsOnly-unknownSIMState","$v":"(neznámy stav karty SIM)"},{"$i":"emergencyCallsOnly-noSIM","$v":"(žiadna SIM)"},{"$i":"emergencyCallsOnly-pinRequired","$v":"(Vyžaduje sa PIN karty SIM)"},{"$i":"emergencyCallsOnly-pukRequired","$v":"(Vyžaduje sa PUK karty SIM)"},{"$i":"emergencyCallsOnly-networkLocked","$v":"(sieť zamknutá)"},{"$i":"emergencyCallsOnly-serviceProviderLocked","$v":"(poskytovateľ služby zamknutý)"},{"$i":"emergencyCallsOnly-corporateLocked","$v":"(zamknuté firmou)"},{"$i":"emergencyCallsOnly-network1Locked","$v":"(sieť 1 zamknutá)"},{"$i":"emergencyCallsOnly-network2Locked","$v":"(sieť 2 zamknutá)"},{"$i":"emergencyCallsOnly-hrpdNetworkLocked","$v":"(sieť hrpd zamknutá)"},{"$i":"emergencyCallsOnly-ruimCorporateLocked","$v":"(ruim zamknuté firmou)"},{"$i":"emergencyCallsOnly-ruimServiceProviderLocked","$v":"(poskytovateľ sl. ruim zamknutý)"},{"$i":"lockscreen-sim-id","$v":["SIM ",{"t":"idOrVar","v":"n"}]},{"$i":"charging-no-time","$v":["Stav nabitia: ",{"t":"idOrVar","v":"level"}," %"]},{"$i":"charging-minutes","$v":{"few":["Stav nabitia: ",{"t":"idOrVar","v":"level"}," % (",{"t":"idOrVar","v":"minutes"}," min do úplného nabitia)"],"many":["Stav nabitia: ",{"t":"idOrVar","v":"level"}," % (",{"t":"idOrVar","v":"minutes"}," min do úplného nabitia)"],"one":["Stav nabitia: ",{"t":"idOrVar","v":"level"}," % (",{"t":"idOrVar","v":"minutes"}," min do úplného nabitia)"],"other":["Stav nabitia: ",{"t":"idOrVar","v":"level"}," % (",{"t":"idOrVar","v":"minutes"}," min do úplného nabitia)"],"two":["Stav nabitia: ",{"t":"idOrVar","v":"level"}," % (",{"t":"idOrVar","v":"minutes"}," min do úplného nabitia)"],"zero":["Stav nabitia: ",{"t":"idOrVar","v":"level"}," % (",{"t":"idOrVar","v":"minutes"}," min do úplného nabitia)"]},"$x":[{"t":"idOrVar","v":"plural"},"minutes"]},{"$i":"charging-hours","$v":{"few":["Stav nabitia: ",{"t":"idOrVar","v":"level"}," % (",{"t":"idOrVar","v":"hours"},"h ",{"t":"idOrVar","v":"minutes"}," min do úplného nabitia)"],"many":["Stav nabitia: ",{"t":"idOrVar","v":"level"}," % (",{"t":"idOrVar","v":"hours"},"h ",{"t":"idOrVar","v":"minutes"}," min do úplného nabitia)"],"one":["Stav nabitia: ",{"t":"idOrVar","v":"level"}," % (",{"t":"idOrVar","v":"hours"},"h ",{"t":"idOrVar","v":"minutes"}," min do úplného nabitia)"],"other":["Stav nabitia: ",{"t":"idOrVar","v":"level"}," % (",{"t":"idOrVar","v":"hours"},"h ",{"t":"idOrVar","v":"minutes"}," min do úplného nabitia)"],"two":["Stav nabitia: ",{"t":"idOrVar","v":"level"}," % (",{"t":"idOrVar","v":"hours"},"h ",{"t":"idOrVar","v":"minutes"}," min do úplného nabitia)"],"zero":["Stav nabitia: ",{"t":"idOrVar","v":"level"}," % (",{"t":"idOrVar","v":"hours"},"h ",{"t":"idOrVar","v":"minutes"}," min do úplného nabitia)"]},"$x":[{"t":"idOrVar","v":"plural"},"minutes"]},{"$i":"phoneNumberInput","ariaLabel":"Telefónne číslo"},{"$i":"keypadDelete","ariaLabel":"Vymazať"},{"$i":"voiceMailKey","ariaLabel":"Hlasová pošta"},{"$i":"asterisk","ariaLabel":"Hviezdička"},{"$i":"hashSign","ariaLabel":"Mriežka"},{"$i":"cancel","$v":"Zrušiť"},{"$i":"loadingSimContacts","$v":"Načít. kontaktov SIM karty…"},{"$i":"noContactsWereFound","$v":"Žiadne kontakty sa nenašli"},{"$i":"noContactsFoundDialogOk","$v":"OK"},{"$i":"emergencyNumber","$v":"Núdzové číslo"},{"$i":"callAirplaneModeMessage","$v":"Ak chcete uskutočniť hovor, vypnite režim Lietadlo v nastaveniach."},{"$i":"callAirplaneModeBtnOk","$v":"OK"},{"$i":"callAirplaneModeTitle","$v":"Režim Lietadlo zapnutý"},{"$i":"numberIsBusyTitle","$v":"Číslo je obsadené"},{"$i":"numberIsBusyMessage","$v":"Číslo je obsadené. Skúste to znova neskôr."},{"$i":"fdnIsActiveTitle","$v":"FDN aktívne"},{"$i":"fdnIsActiveMessage","$v":["Povolené čísla (FDN) sú aktiv. a nasled. číslo nie je v zozname FDN: ",{"t":"idOrVar","v":"number"}]},{"$i":"emergencyDialogBodyBadNumber","$v":"Ak chcete uskutočniť hovor, telefón musí byť pripojený k sieti."},{"$i":"emergencyDialogBodyDeviceNotAccepted","$v":"Sieť nepovoľuje núdzové volania."},{"$i":"emergencyDialogBtnOk","$v":"OK"},{"$i":"emergencyDialogTitle","$v":"Žiad. sieťové pripojenie"},{"$i":"invalidNumberToDialTitle","$v":"Nepl. tel. číslo"},{"$i":"invalidNumberToDialMessage","$v":"Telefónne číslo, na ktoré voláte, je neplatné."},{"$i":"unableToCallTitle","$v":"Nemožno uskut. "},{"$i":"unableToCallMessage","$v":"Teraz sa nedá uskutočniť hovor"},{"$i":"otherConnectionInUseTitle","$v":"Používa sa iné spojenie"},{"$i":"otherConnectionInUseMessage","$v":"Na inom spojení máte aktívny hovor. Môžete používať len 1 spojenie súčasne."},{"$i":"connectingEllipsis","$v":"Pripájanie…"},{"$i":"clear","$v":"Zmazať"},{"$i":"dialer","$v":"Vytáčanie"},{"$i":"kai-incomming-call","$v":"Prichádz. hovor"},{"$i":"kai-in-call","$v":"Prich. hovor"},{"$i":"kai-answer","$v":"Prijať"},{"$i":"kai-end-answer","$v":"Ukončiť a odpovedať"},{"$i":"kai-decline","$v":"Odmietnuť"},{"$i":"enter-passcode","$v":"Obrazovku odomknite zadaním hesla."},{"$i":"passcode-error","$v":"Neplatný kód. Skúste znova."},{"$i":"voice-call","$v":"Hlasový hovor"},{"$i":"video-call","$v":"Videohovor"},{"$i":"message","$v":"Správy"},{"$i":"answer-rtt-call","$v":"Odpoveď RTT"},{"$i":"req-rtt-call","$v":"ANS RTT"},{"$i":"rtt-call","$v":"RTT hovor"},{"$i":"rtt-view","$v":"Zobrazenie RTT"},{"$i":"change-to-rtt-call","$v":"Spája sa RTT hovor..."},{"$i":"change-to-voice-call","$v":"Zmenené na hlasový hovor."},{"$i":"upgrading-rtt","$v":"Prepája sa na RTT hovor..."},{"$i":"rtt-call-failed","$v":"RTT hovor zlyhal."},{"$i":"voice-call-failed","$v":"Hlasový hovor zlyhal."},{"$i":"rtt","$v":"RTT"},{"$i":"rtt-emegency-upgrade-rejected","$v":"Funkcia RTT nie je k dispozícii pre tento hovor na číslo 911."},{"$i":"rtt-emegency-downgrade","$v":"Funkcia RTT nie je k dispozícii pre tento hovor na číslo 911. Váš hovor bol spojený ako čisto hlasový hovor. Ak sa vyskytnú problémy, uskutočnite hlasový alebo textový hovor na číslo 911."},{"$i":"voice-only-call","$v":"Váš hovor bol spojený ako hlasový."},{"$i":"ans-rtt-failed","$v":"Nepodarilo sa spojiť RTT hovor. Váš hovor bol spojený ako hlasový."},{"$i":"back","$v":"Späť"},{"$i":"new-message","$v":"Nové správy od"},{"$i":"kai-mute","$v":"Stlmiť"},{"$i":"kai-unmute","$v":"Zrušiť stlmenie"},{"$i":"kai-speaker","$v":"Reproduktor"},{"$i":"kai-speaker-off","$v":"Reproduktor vyp."},{"$i":"kai-microphone-mute-notification","$v":"Mikrofón stlmený"},{"$i":"kai-microphone-active-notification","$v":"Mikrofón je aktívny"},{"$i":"kai-speaker-off-notification","$v":"Ext. reproduktor vyp."},{"$i":"kai-speaker-on-notification","$v":"Externý reproduktor zapnutý"},{"$i":"kai-hold-and-answer","$v":"Podržať a prijať"},{"$i":"kai-ignore-call","$v":"Ignorovať prich. hovor"},{"$i":"kai-add-to-call","$v":"Pridať hovor"},{"$i":"kai-switch-to-second-line","$v":"Zameniť hovor"},{"$i":"kai-merge-calls","$v":"Zlúčiť hovor"},{"$i":"ok","$v":"OK"},{"$i":"losing-wifi-msg","$v":"stratenie wi-fi"},{"$i":"hd","$v":"HD"},{"$i":"manage-call","$v":"Spravovať h."},{"$i":"end","$v":"Ukončiť hovor"},{"$i":"private","$v":"Súkrom."},{"$i":"sound","$v":"Zvuk"},{"$i":"bluetooth-device","$v":"Zariadenie Bluetooth"},{"$i":"handset-earpiece","$v":"Slúchadlo"},{"$i":"speaker","$v":"Reproduktor"},{"$i":"call-ended","$v":"Hovor ukončený"},{"$i":"payphone","$v":"Tel. automat"},{"$i":"contact","$v":"Kontakt"},{"$i":"dialer-prompt","$v":"Vytoč č. alebo vyber kontakt na prid. do hovoru"},{"$i":"call","$v":"Volať"},{"$i":"hold","$v":"Podržať"},{"$i":"volume","$v":"Hlasitosť"},{"$i":"softkey-options","$v":"Možnosti"},{"$i":"unhold-call","$v":"Zrušiť podržanie hovoru"},{"$i":"hold-call","$v":"Podržať hovor"},{"$i":"select","$v":"Vybrať"},{"$i":"unknown","$v":"Neznáme"},{"$i":"switch-calls","$v":"Prepnúť hovory"},{"$i":"voiceMail","$v":"Hlasová pošta"},{"$i":"incoming","$v":"Prichádzajúci"},{"$i":"outgoing","$v":"Odchádzajúci"},{"$i":"callEnded","$v":"Hovor ukončený"},{"$i":"callEndedDuration","$v":["Hovor ukončený (",{"t":"idOrVar","v":"duration"},")"]},{"$i":"conferenceAddError","$v":"Nedajú sa zlúčiť hovory"},{"$i":"conferenceRemoveError","$v":"Nedá sa zrušiť zlúč. hovorov"},{"$i":"callDurationMinutes","$v":[{"t":"idOrVar","v":"m"},":",{"t":"idOrVar","v":"s"}]},{"$i":"callDurationHours","$v":[{"t":"idOrVar","v":"h"},":",{"t":"idOrVar","v":"m"},":",{"t":"idOrVar","v":"s"}]},{"$i":"callDurationTextFormatSeconds","$v":[{"t":"idOrVar","v":"s"}," s"]},{"$i":"callDurationTextFormatMinutes","$v":[{"t":"idOrVar","v":"m"}," m ",{"t":"idOrVar","v":"s"}," s"]},{"$i":"callDurationTextFormatHours","$v":[{"t":"idOrVar","v":"h"}," h ",{"t":"idOrVar","v":"m"}," m ",{"t":"idOrVar","v":"s"}," s"]},{"$i":"switch-to-device-toast","$v":"Prep. na zar. rozhr. Bluetooth"},{"$i":"switch-to-handset-toast","$v":"Prep. na slúch. handsetu"},{"$i":"switch-to-speaker-toast","$v":"Prepnuté na reproduktor"},{"$i":"connecting","$v":"Pripájanie"},{"$i":"wifi-call-quality-excellent","$v":"Výborne"},{"$i":"wifi-call-quality-fair","$v":"Dobrá"},{"$i":"wifi-call-quality-bad","$v":"Zlá"},{"$i":"call-left-conference-toast","$v":"zanechal(a) hovor"},{"$i":"camera-off","$v":"Kamera vyp."},{"$i":"camera-on","$v":"Kamera zap."},{"$i":"rear-camera","$v":"Zadná kamera"},{"$i":"front-camera","$v":"Pred. fotoaparát"},{"$i":"hide-info","$v":"Skryť info"},{"$i":"show-info","$v":"Zobraziť informácie"},{"$i":"video-call-rejected","$v":"Videohovor odmietnutý a zmenený na hlasový hovor."},{"$i":"video-call-not-support","$v":"Videohovor nie je podporovaný."},{"$i":"video-call-rejected-timeout","$v":"Video call rejected or timeout."},{"$i":"video-call-from","$v":["Prichádza videohovor od ",{"t":"idOrVar","v":"name"},"."]},{"$i":"video-call-canceled","$v":"Videohovor je zrušený."},{"$i":"video-call-failed","$v":"Videohovor zlyhal."},{"$i":"call-downgraded","$v":"Zníženie stavu hovoru."},{"$i":"wifi-calling","$v":"Volanie Wi-Fi"},{"$i":"wifi-calling-1","$v":"Váš hovor môže byť prerušený."},{"$i":"wifi-calling-2","$v":"Ste takmer mimo dosahu pokrytia siete Wi-Fi."},{"$i":"wifi-calling-dropped","$v":"Volanie cez Wi-Fi bolo prerušené."},{"$i":"accept","$v":"Prijať"},{"$i":"conference-call-num","$v":["Počet ľudí v hovore: ",{"t":"idOrVar","v":"num"},"."]},{"$i":"more","$v":"Ďalšie"},{"$i":"rec","$v":"REC"},{"$i":"start-recording-call","$v":"Spustiť nahrávanie hovoru."},{"$i":"stop-recording-call","$v":"Ukončiť nahrávanie hovoru."},{"$i":"insufficient-storage","$v":"V úložisku je nedostatok miesta. Nahrávanie sa zastavilo."},{"$i":"reply","$v":"Odpovedať"},{"$i":"reply-message-1","$v":"Ľutujem, teraz nemôžem hovoriť."},{"$i":"reply-message-2","$v":"Som na ceste."},{"$i":"reply-message-3","$v":"Môžem vám zavolať neskôr?"},{"$i":"reply-message-4","$v":"Vlastné..."},{"$i":"reply-to-name","$v":["Odpoveď používateľovi: ",{"t":"idOrVar","v":"name"}]},{"$i":"mt-call-on-hold","$v":"Hovor bol podržaný."},{"$i":"mt-call_retrieved","$v":"Hovor bol obnovený."},{"$i":"mt-multi_party_call","$v":"Boli ste pridaní do konferenčného hovoru."},{"$i":"hangup-a11y-button","$v":""},{"$i":"pickup-a11y-button","$v":""},{"$i":"mute","$v":""},{"$i":"toggleKeypad","$v":""},{"$i":"newCall","$v":""},{"$i":"speakerOption","$v":""},{"$i":"bluetoothOption","$v":""},{"$i":"onHoldOption","$v":""},{"$i":"merge","$v":""},{"$i":"ignore","$v":""},{"$i":"dialerAddContact","$v":""},{"$i":"makeCall","$v":""},{"$i":"call-forwarding-async","$v":["Asynchrónne: ",{"t":"idOrVar","v":"async"}]},{"$i":"call-forwarding-data","$v":["Dáta: ",{"t":"idOrVar","v":"data"}]},{"$i":"call-forwarding-error","$v":"Počas načítania stavu presmer. hov. sa vyskytla chyba"},{"$i":"call-forwarding-fax","$v":["FAX: ",{"t":"idOrVar","v":"fax"}]},{"$i":"call-forwarding-inactive","$v":"Neaktívne"},{"$i":"call-forwarding-packet","$v":["Balíček: ",{"t":"idOrVar","v":"packet"}]},{"$i":"call-forwarding-pad","$v":["PAD: ",{"t":"idOrVar","v":"pad"}]},{"$i":"call-forwarding-sms","$v":["SMS: ",{"t":"idOrVar","v":"sms"}]},{"$i":"call-forwarding-status","$v":"Stav presmer. hov."},{"$i":"call-forwarding-sync","$v":["Synchrónne: ",{"t":"idOrVar","v":"sync"}]},{"$i":"call-forwarding-voice","$v":["Hlas: ",{"t":"idOrVar","v":"voice"}]},{"$i":"scCallBarring","$v":"Blokovanie h."},{"$i":"scCallForwarding","$v":"Presmer. hov."},{"$i":"scClip","$v":"ID volaj. prich. hov."},{"$i":"scClir","$v":"ID volajúceho odch. h."},{"$i":"scPwd","$v":"Zmena hesla"},{"$i":"scCallWaiting","$v":"Čakanie na h."},{"$i":"scPin","$v":"Zmena k. PIN"},{"$i":"scPin2","$v":"Zmena k. PIN2"},{"$i":"scPuk","$v":"Odblokovať PIN"},{"$i":"scPuk2","$v":"Odblokovať PIN2"},{"$i":"scImei","$v":"IMEI"},{"$i":"scMeid","$v":"MEID"},{"$i":"scUssd","$v":"USSD"},{"$i":"serviceClassVoice","$v":"Hlas"},{"$i":"serviceClassData","$v":"Dáta"},{"$i":"serviceClassFax","$v":"FAX"},{"$i":"serviceClassSms","$v":"SMS"},{"$i":"serviceClassDataSync","$v":"Synchr."},{"$i":"serviceClassDataAsync","$v":"Asynch."},{"$i":"serviceClassPacket","$v":"Balíček"},{"$i":"serviceClassPad","$v":"PAD"},{"$i":"smServiceEnabled","$v":"Služba bola povolená"},{"$i":"smServiceDisabled","$v":"Služba bola zakázaná"},{"$i":"smServiceRegistered","$v":"Registrácia bola úspešná"},{"$i":"smServiceErased","$v":"Vymazanie úspešné"},{"$i":"smServiceInterrogated","$v":"Žiadosť bola úspešná"},{"$i":"smServiceNotProvisioned","$v":"Služba nie je poskytovaná"},{"$i":"smClirPermanent","$v":"Nie je možné zmeniť nastavenie ID volajúceho"},{"$i":"smClirDefaultOnNextCallOn","$v":"ID vol. sa zmení na obmedz. Ďalší hovor: obmedz."},{"$i":"smClirDefaultOnNextCallOff","$v":"ID vol. sa zmení na obmedz. Ďalší hovor: neobmedz."},{"$i":"smClirDefaultOffNextCallOn","$v":"ID vol. sa zmení na neobmedz. Ďalší hovor: obmedz."},{"$i":"smClirDefaultOffNextCallOff","$v":"ID volajúceho sa zmení na neobmedz. Ďalší hovor: neobmedz."},{"$i":"smServiceEnabledFor","$v":"Služba bola povolená pre:"},{"$i":"smPinChanged","$v":"Kód PIN úspešne zmen."},{"$i":"smPinUnblocked","$v":"Kód PIN úspešne odblok."},{"$i":"smPin2Changed","$v":"Kód PIN2 úspešne zmen."},{"$i":"smPin2Unblocked","$v":"Kód PIN2 úspešne odblok."},{"$i":"ServiceIsEnabled","$v":"Služba je povolená"},{"$i":"ServiceIsDisabled","$v":"Služba je zakázaná"},{"$i":"ServiceIsEnabledFor","$v":"Služba je povolená pre:"},{"$i":"emMmiError","$v":"Problém pripojenia alebo neplatný kód MMI"},{"$i":"emMmiErrorPasswordIncorrect","$v":"Nesprávne heslo"},{"$i":"emMmiErrorNotSupported","$v":"Nepl. alebo nepodpor. kód MMI"},{"$i":"emMmiErrorInvalidAction","$v":"Neplatná akcia"},{"$i":"emMmiErrorInvalidScCode","$v":"Nepl. kód služby"},{"$i":"emMmiErrorBadPuk","$v":"Zadaný kód PUK je nesprávny"},{"$i":"emMmiErrorBadPin","$v":"Zadaný starý kód PIN je nesprávny."},{"$i":"emMmiErrorNeedPuk2","$v":"Zadajte PUK2 na odblokovanie karty SIM"},{"$i":"emMmiErrorMismatchPin","$v":"Zadané kódy PIN sa nezhodujú"},{"$i":"emMmiErrorInvalidPin","$v":"Zadajte PIN – 4 až 8 číslic"},{"$i":"emMmiErrorNeedsPuk","$v":"Karte SIM je zamknutá kódom PUK"},{"$i":"emMmiErrorEnablePin","$v":"Nepodarilo sa. Povoľte ZÁMOK SIM/RUIM"},{"$i":"emMmiErrorMmiFdn","$v":"Operácia je obmedz. iba na čísla pevn. zozn."},{"$i":"emMmiErrorStkCcUssdDial","$v":"Žiadosť USSD je uprav. na žiadosť VYTOČENIA"},{"$i":"emMmiErrorStkCcUssdSs","$v":"Žiadosť USSD je uprav. na žiadosť SS"},{"$i":"emMmiErrorStkCcUssdUssd","$v":"Žiadosť USSD je uprav. na novú žiadosť USSD"},{"$i":"emMmiErrorStkCcSsDial","$v":"Žiad. SS je uprav. na žiad. VYTOČENIA"},{"$i":"emMmiErrorStkCcSsUssd","$v":"Žiad. SS je uprav. na žiad. USSD"},{"$i":"emMmiErrorStkCcSsSs","$v":"Žiad. SS je uprav. na novú žiad. SS"},{"$i":"emMmiErrorPinPukAttempts","$v":{"few":["Zost. opätovné pokusy: ",{"t":"idOrVar","v":"n"}],"many":["Zost. opätovné pokusy: ",{"t":"idOrVar","v":"n"}],"one":["Zost. počet pokusov: ",{"t":"idOrVar","v":"n"}],"other":["Zost. opätovné pokusy: ",{"t":"idOrVar","v":"n"}],"two":["Zost. opätovné pokusy: ",{"t":"idOrVar","v":"n"}]},"$x":[{"t":"idOrVar","v":"plural"},"n"]},{"$i":"emMmiErrorSimBlocked","$v":"Prekroč. max. poč. opak. pokusov. SIM zablok."},{"$i":"RadioNotAvailable","$v":"Radio not available"},{"$i":"GenericFailure","$v":"Gener. chyba"},{"$i":"PasswordIncorrect","$v":"Nesprávne heslo"},{"$i":"SimPin2","$v":"PIN2 (SIM)"},{"$i":"SimPuk2","$v":"PUK2 (SIM)"},{"$i":"RequestNotSupported","$v":"Žiadosť nepodpor."},{"$i":"OpNotAllowedDuringVoiceCall","$v":"Operácia nie je počas hlas. hov. pov."},{"$i":"SmsSendFailRetry","$v":"SMS send fail retry"},{"$i":"SimAbsent","$v":"SIM chýba"},{"$i":"SubscriptionNotAvailable","$v":"Predplatné nedostupné"},{"$i":"ModeNotSupported","$v":"Režim nepodporovaný"},{"$i":"FdnCheckFailure","$v":"Kontrola FDN zlyhala"},{"$i":"IllegalSimOrMe","$v":"Neplatná SIM al. ME"},{"$i":"DialModifiedToUssd","$v":"Dial modified to USSD"},{"$i":"DialModifiedToSs","$v":"Dial modified to SS"},{"$i":"DialModifiedToDial","$v":"Dial modified to dial"},{"$i":"UssdModifiedToDial","$v":"USSD uprav. na vytočenie"},{"$i":"UssdModifiedToSs","$v":"USSD uprav. na SS"},{"$i":"UssdModifiedToUssd","$v":"USSD uprav. na USSD"},{"$i":"SsModifiedToDial","$v":"SS uprav. na vytočenie"},{"$i":"SsModifiedToUssd","$v":"SS uprav. na USSD"},{"$i":"SsModifiedToSs","$v":"SS uprav. na SS"},{"$i":"SubscriptionNotSupported","$v":"Predplat. nepodp."},{"$i":"InvalidParameter","$v":"Nepl. parameter"},{"$i":"RejectedByRemote","$v":"Odmietnuté diaľk. ovl."},{"$i":"error","$v":"Chyba"}]