[{"$i":"weekday-0-long","$v":"E diel"},{"$i":"weekday-1-long","$v":"E hënë"},{"$i":"weekday-2-long","$v":"E martë"},{"$i":"weekday-3-long","$v":"E mërkurë"},{"$i":"weekday-4-long","$v":"E enjte"},{"$i":"weekday-5-long","$v":"E premte"},{"$i":"weekday-6-long","$v":"E shtunë"},{"$i":"weekday-0-short","$v":"Die"},{"$i":"weekday-1-short","$v":"Hën"},{"$i":"weekday-2-short","$v":"Mar"},{"$i":"weekday-3-short","$v":"Mër"},{"$i":"weekday-4-short","$v":"Enj"},{"$i":"weekday-5-short","$v":"Pre"},{"$i":"weekday-6-short","$v":"Sht"},{"$i":"month-0-long","$v":"Janar"},{"$i":"month-1-long","$v":"Shkurt"},{"$i":"month-2-long","$v":"Mars"},{"$i":"month-3-long","$v":"Prill"},{"$i":"month-4-long","$v":"Maj"},{"$i":"month-5-long","$v":"Qershor"},{"$i":"month-6-long","$v":"Korrik"},{"$i":"month-7-long","$v":"Gusht"},{"$i":"month-8-long","$v":"Shtator"},{"$i":"month-9-long","$v":"Tetor"},{"$i":"month-10-long","$v":"Nëntor"},{"$i":"month-11-long","$v":"Dhjetor"},{"$i":"month-0-genitive","$v":"Janar"},{"$i":"month-1-genitive","$v":"Shkurt"},{"$i":"month-2-genitive","$v":"Mars"},{"$i":"month-3-genitive","$v":"Prill"},{"$i":"month-4-genitive","$v":"Maj"},{"$i":"month-5-genitive","$v":"Qershor"},{"$i":"month-6-genitive","$v":"Korrik"},{"$i":"month-7-genitive","$v":"Gusht"},{"$i":"month-8-genitive","$v":"Shtator"},{"$i":"month-9-genitive","$v":"Tetor"},{"$i":"month-10-genitive","$v":"Nëntor"},{"$i":"month-11-genitive","$v":"Dhjetor"},{"$i":"month-0-short","$v":"Jan"},{"$i":"month-1-short","$v":"Shku"},{"$i":"month-2-short","$v":"Mar"},{"$i":"month-3-short","$v":"Pri"},{"$i":"month-4-short","$v":"Maj"},{"$i":"month-5-short","$v":"Qer"},{"$i":"month-6-short","$v":"Korr"},{"$i":"month-7-short","$v":"Gush"},{"$i":"month-8-short","$v":"Shta"},{"$i":"month-9-short","$v":"Tet"},{"$i":"month-10-short","$v":"Nën"},{"$i":"month-11-short","$v":"Dhj"},{"$i":"minutes-ago-long","$v":{"few":[{"t":"idOrVar","v":"value"}," minuta më parë"],"many":[{"t":"idOrVar","v":"value"}," minuta më parë"],"one":"një minutë më parë","other":[{"t":"idOrVar","v":"value"}," minuta më parë"],"two":[{"t":"idOrVar","v":"value"}," minuta më parë"],"zero":"sapo"},"$x":[{"t":"idOrVar","v":"plural"},"value"]},{"$i":"hours-ago-long","$v":{"few":[{"t":"idOrVar","v":"value"}," orë më parë"],"many":[{"t":"idOrVar","v":"value"}," orë më parë"],"one":"një orë më parë","other":[{"t":"idOrVar","v":"value"}," orë më parë"],"two":[{"t":"idOrVar","v":"value"}," orë më parë"],"zero":"sapo"},"$x":[{"t":"idOrVar","v":"plural"},"value"]},{"$i":"days-ago-long","$v":{"few":[{"t":"idOrVar","v":"value"}," ditë më parë"],"many":[{"t":"idOrVar","v":"value"}," ditë më parë"],"one":"dje","other":[{"t":"idOrVar","v":"value"}," ditë më parë"],"two":[{"t":"idOrVar","v":"value"}," ditë më parë"],"zero":"sot"},"$x":[{"t":"idOrVar","v":"plural"},"value"]},{"$i":"weeks-ago-long","$v":{"few":[{"t":"idOrVar","v":"value"}," javë më parë"],"many":[{"t":"idOrVar","v":"value"}," javë më parë"],"one":"javën e kaluar","other":[{"t":"idOrVar","v":"value"}," javë më parë"],"two":[{"t":"idOrVar","v":"value"}," javë më parë"],"zero":"këtë javë"},"$x":[{"t":"idOrVar","v":"plural"},"value"]},{"$i":"months-ago-long","$v":{"few":[{"t":"idOrVar","v":"value"}," muaj më parë"],"many":[{"t":"idOrVar","v":"value"}," muaj më parë"],"one":"muajin e kaluar","other":[{"t":"idOrVar","v":"value"}," muaj më parë"],"two":[{"t":"idOrVar","v":"value"}," muaj më parë"],"zero":"këtë muaj"},"$x":[{"t":"idOrVar","v":"plural"},"value"]},{"$i":"years-ago-long","$v":{"few":[{"t":"idOrVar","v":"value"}," vite më parë"],"many":[{"t":"idOrVar","v":"value"}," vite më parë"],"one":"vitin e kaluar","other":[{"t":"idOrVar","v":"value"}," vite më parë"],"two":[{"t":"idOrVar","v":"value"}," vite më parë"],"zero":"këtë vit"},"$x":[{"t":"idOrVar","v":"plural"},"value"]},{"$i":"minutes-until-long","$v":{"few":["për ",{"t":"idOrVar","v":"value"}," minuta"],"many":["për ",{"t":"idOrVar","v":"value"}," minuta"],"one":"për një minutë","other":["për ",{"t":"idOrVar","v":"value"}," minuta"],"two":["për ",{"t":"idOrVar","v":"value"}," minuta"],"zero":"tani"},"$x":[{"t":"idOrVar","v":"plural"},"value"]},{"$i":"hours-until-long","$v":{"few":["për ",{"t":"idOrVar","v":"value"}," orë"],"many":["për ",{"t":"idOrVar","v":"value"}," orë"],"one":"për një orë","other":["për ",{"t":"idOrVar","v":"value"}," orë"],"two":["për ",{"t":"idOrVar","v":"value"}," orë"],"zero":"tani"},"$x":[{"t":"idOrVar","v":"plural"},"value"]},{"$i":"days-until-long","$v":{"few":["për ",{"t":"idOrVar","v":"value"}," ditë"],"many":["për ",{"t":"idOrVar","v":"value"}," ditë"],"one":"nesër","other":["për ",{"t":"idOrVar","v":"value"}," ditë"],"two":["për ",{"t":"idOrVar","v":"value"}," ditë"],"zero":"sot"},"$x":[{"t":"idOrVar","v":"plural"},"value"]},{"$i":"weeks-until-long","$v":{"few":["për ",{"t":"idOrVar","v":"value"}," javë"],"many":["për ",{"t":"idOrVar","v":"value"}," javë"],"one":"javën tjetër","other":["për ",{"t":"idOrVar","v":"value"}," javë"],"two":["për ",{"t":"idOrVar","v":"value"}," javë"],"zero":"këtë javë"},"$x":[{"t":"idOrVar","v":"plural"},"value"]},{"$i":"months-until-long","$v":{"few":["për ",{"t":"idOrVar","v":"value"}," muaj"],"many":["për ",{"t":"idOrVar","v":"value"}," muaj"],"one":"muajin tjetër","other":["për ",{"t":"idOrVar","v":"value"}," muaj"],"two":["për ",{"t":"idOrVar","v":"value"}," muaj"],"zero":"këtë muaj"},"$x":[{"t":"idOrVar","v":"plural"},"value"]},{"$i":"years-until-long","$v":{"few":["për ",{"t":"idOrVar","v":"value"}," vjet"],"many":["për ",{"t":"idOrVar","v":"value"}," vjet"],"one":"vitin tjetër","other":["për ",{"t":"idOrVar","v":"value"}," vjet"],"two":["për ",{"t":"idOrVar","v":"value"}," vjet"],"zero":"këtë vit"},"$x":[{"t":"idOrVar","v":"plural"},"value"]},{"$i":"minutes-ago-short","$v":{"other":[{"t":"idOrVar","v":"value"}," min më parë"],"zero":"sapo"},"$x":[{"t":"idOrVar","v":"plural"},"value"]},{"$i":"hours-ago-short","$v":{"other":[{"t":"idOrVar","v":"value"}," orë më parë"],"zero":"sapo"},"$x":[{"t":"idOrVar","v":"plural"},"value"]},{"$i":"days-ago-short","$v":{"other":[{"t":"idOrVar","v":"value"}," ditë më parë"],"zero":"sot"},"$x":[{"t":"idOrVar","v":"plural"},"value"]},{"$i":"minutes-until-short","$v":{"other":["për ",{"t":"idOrVar","v":"value"}," min"],"zero":"tani"},"$x":[{"t":"idOrVar","v":"plural"},"value"]},{"$i":"hours-until-short","$v":{"other":["për ",{"t":"idOrVar","v":"value"}," orë"],"zero":"tani"},"$x":[{"t":"idOrVar","v":"plural"},"value"]},{"$i":"days-until-short","$v":{"other":["për ",{"t":"idOrVar","v":"value"}," ditë"],"zero":"sot"},"$x":[{"t":"idOrVar","v":"plural"},"value"]},{"$i":"incorrectDate","$v":"(datë e pasaktë)"},{"$i":"dateTimeFormat_%c","$v":"%a %b %e %Y %I:%M:%S %p"},{"$i":"dateTimeFormat_%x","$v":"%m/%d/%Y"},{"$i":"dateTimeFormat_%X","$v":"%I:%M:%S %p"},{"$i":"shortTimeFormat","$v":"%I:%M %p"},{"$i":"shortTimeFormat12","$v":"%I:%M %p"},{"$i":"shortTimeFormat24","$v":"%H:%M"},{"$i":"shortDateTimeFormat","$v":"%x %I:%M %p"},{"$i":"weekStartsOnMonday","$v":"0.0"},{"$i":"firstDayOfTheWeek","$v":"1.0"},{"$i":"time_am","$v":"p.d."},{"$i":"time_pm","$v":"m.d."},{"$i":"label","$v":"Etiketë"},{"$i":"mobile","$v":"Celular"},{"$i":"home","$v":"Shtëpi"},{"$i":"work","$v":"Puna"},{"$i":"personal","$v":"Personal"},{"$i":"faxHome","$v":"Faksi i shtëpisë"},{"$i":"faxOffice","$v":"Faksi i zyrës"},{"$i":"faxOther","$v":"Faks tjetër"},{"$i":"another","$v":"Një tjetër"},{"$i":"other","$v":"Tjetër"},{"$i":"customTag","$v":"Etiketë e personalizuar","placeholder":"Etiketë e personalizuar"},{"$i":"current","$v":"Aktual"},{"$i":"itemWithLabel","$v":[{"t":"idOrVar","v":"label"},", ",{"t":"idOrVar","v":"item"}]},{"$i":"airplaneMode","$v":"Modaliteti i fluturimit"},{"$i":"searching","$v":"Po kërkohet…"},{"$i":"noNetwork","$v":"Nuk ka rrjet"},{"$i":"roaming","$v":[{"t":"idOrVar","v":"operator"}," (Roaming)"]},{"$i":"operator-info","$v":[{"t":"idOrVar","v":"carrier"}," ",{"t":"idOrVar","v":"region"}]},{"$i":"emergencyCallsOnly","$v":"Vetëm telefonata emergjence"},{"$i":"emergencyCallsOnly-unknownSIMState","$v":"(gjendje e panjohur e SIM)"},{"$i":"emergencyCallsOnly-noSIM","$v":"(asnjë SIM)"},{"$i":"emergencyCallsOnly-pinRequired","$v":"(kërkohet kodi PIN i SIM)"},{"$i":"emergencyCallsOnly-pukRequired","$v":"(kërkohet kodi PUK i SIM)"},{"$i":"emergencyCallsOnly-networkLocked","$v":"(rrjeti i kyçur)"},{"$i":"emergencyCallsOnly-serviceProviderLocked","$v":"(ofruesi i shërbimit i kyçur)"},{"$i":"emergencyCallsOnly-corporateLocked","$v":"(kyçur nga korporata)"},{"$i":"emergencyCallsOnly-network1Locked","$v":"(rrjeti1 i kyçur)"},{"$i":"emergencyCallsOnly-network2Locked","$v":"(rrjeti2 i kyçur)"},{"$i":"emergencyCallsOnly-hrpdNetworkLocked","$v":"(rrjeti hrpd i kyçur)"},{"$i":"emergencyCallsOnly-ruimCorporateLocked","$v":"(ruim i kyçur nga korporata)"},{"$i":"emergencyCallsOnly-ruimServiceProviderLocked","$v":"(ofruesi i shërbimit të ruim i kyçur)"},{"$i":"lockscreen-sim-id","$v":["SIM ",{"t":"idOrVar","v":"n"}]},{"$i":"charging-no-time","$v":[{"t":"idOrVar","v":"level"},"% ngarkim"]},{"$i":"charging-minutes","$v":{"few":[{"t":"idOrVar","v":"level"},"% ngarkim (",{"t":"idOrVar","v":"minutes"}," minuta deri në ngarkim të plotë)"],"many":[{"t":"idOrVar","v":"level"},"% ngarkim (",{"t":"idOrVar","v":"minutes"}," minuta deri në ngarkim të plotë)"],"one":[{"t":"idOrVar","v":"level"},"% ngarkim (",{"t":"idOrVar","v":"minutes"}," minutë deri në ngarkim të plotë)"],"other":[{"t":"idOrVar","v":"level"},"% ngarkim (",{"t":"idOrVar","v":"minutes"}," minuta deri në ngarkim të plotë)"],"two":[{"t":"idOrVar","v":"level"},"% ngarkim (",{"t":"idOrVar","v":"minutes"}," minuta deri në ngarkim të plotë)"],"zero":[{"t":"idOrVar","v":"level"},"% ngarkim (",{"t":"idOrVar","v":"minutes"}," minuta deri në ngarkim të plotë)"]},"$x":[{"t":"idOrVar","v":"plural"},"minutes"]},{"$i":"charging-hours","$v":{"few":[{"t":"idOrVar","v":"level"},"% ngarkim (",{"t":"idOrVar","v":"hours"}," orë ",{"t":"idOrVar","v":"minutes"}," minuta deri në ngarkim të plotë)"],"many":[{"t":"idOrVar","v":"level"},"% ngarkim (",{"t":"idOrVar","v":"hours"}," orë ",{"t":"idOrVar","v":"minutes"}," minuta deri në ngarkim të plotë)"],"one":[{"t":"idOrVar","v":"level"},"% ngarkim (",{"t":"idOrVar","v":"hours"}," orë ",{"t":"idOrVar","v":"minutes"}," minutë deri në ngarkim të plotë)"],"other":[{"t":"idOrVar","v":"level"},"% ngarkim (",{"t":"idOrVar","v":"hours"}," orë ",{"t":"idOrVar","v":"minutes"}," minuta deri në ngarkim të plotë)"],"two":[{"t":"idOrVar","v":"level"},"% ngarkim (",{"t":"idOrVar","v":"hours"}," orë ",{"t":"idOrVar","v":"minutes"}," minuta deri në ngarkim të plotë)"],"zero":[{"t":"idOrVar","v":"level"},"% ngarkim (",{"t":"idOrVar","v":"hours"}," orë ",{"t":"idOrVar","v":"minutes"}," minuta deri në ngarkim të plotë)"]},"$x":[{"t":"idOrVar","v":"plural"},"minutes"]},{"$i":"phoneNumberInput","ariaLabel":"Numri i telefonit"},{"$i":"keypadDelete","ariaLabel":"Fshi"},{"$i":"voiceMailKey","ariaLabel":"Posta zanore"},{"$i":"asterisk","ariaLabel":"Yllth"},{"$i":"hashSign","ariaLabel":"Shenja e thurjes"},{"$i":"cancel","$v":"Anulo"},{"$i":"loadingSimContacts","$v":"Po ngarkohen kontaktet e kartës SIM…"},{"$i":"noContactsWereFound","$v":"Nuk u gjetën kontakte"},{"$i":"noContactsFoundDialogOk","$v":"OK"},{"$i":"emergencyNumber","$v":"Numri i emergjencës"},{"$i":"callAirplaneModeMessage","$v":"Për të kryer telefonatë duhet të çaktivizosh modalitetin e fluturimit te cilësimet."},{"$i":"callAirplaneModeBtnOk","$v":"OK"},{"$i":"callAirplaneModeTitle","$v":"Modaliteti i fluturimit u aktivizua"},{"$i":"numberIsBusyTitle","$v":"Numri është i zënë"},{"$i":"numberIsBusyMessage","$v":"Numri është i zënë për momentin. Provo sërish më vonë."},{"$i":"fdnIsActiveTitle","$v":"FDN aktive"},{"$i":"fdnIsActiveMessage","$v":["FDN (numra të caktuar telefoni) është aktive dhe numri i mëposhtëm nuk është në listën FDN: ",{"t":"idOrVar","v":"number"}]},{"$i":"emergencyDialogBodyBadNumber","$v":"Për të kryer telefonatë, telefoni duhet të jetë i lidhur me një rrjet."},{"$i":"emergencyDialogBodyDeviceNotAccepted","$v":"Telefonatat e emergjencës nuk lejohen nga rrjeti."},{"$i":"emergencyDialogBtnOk","$v":"OK"},{"$i":"emergencyDialogTitle","$v":"Nuk ka lidhje rrjeti"},{"$i":"invalidNumberToDialTitle","$v":"Numër i pavlefshëm telefoni"},{"$i":"invalidNumberToDialMessage","$v":"Numri i telefonit që formove nuk është i vlefshëm."},{"$i":"unableToCallTitle","$v":"Nuk telefonon dot. "},{"$i":"unableToCallMessage","$v":"Nuk telefonon dot për momentin"},{"$i":"otherConnectionInUseTitle","$v":"Lidhje tjetër në përdorim"},{"$i":"otherConnectionInUseMessage","$v":"Ke një telefonatë aktive në lidhjen tjetër. Mund të përdorësh vetëm një lidhje për rast."},{"$i":"connectingEllipsis","$v":"Po lidhet..."},{"$i":"clear","$v":"Spastro"},{"$i":"dialer","$v":"Formuesi"},{"$i":"kai-incomming-call","$v":"Telefonatë në hyrje"},{"$i":"kai-in-call","$v":"Në telefonatë"},{"$i":"kai-answer","$v":"Përgjigju"},{"$i":"kai-end-answer","$v":"Mbylle dhe përgjigju"},{"$i":"kai-decline","$v":"Refuzo"},{"$i":"enter-passcode","$v":"Jep kodkalimin për të shkyçur ekranin. "},{"$i":"passcode-error","$v":"Kod i pavlefshëm. Provo sërish."},{"$i":"voice-call","$v":"Thirrje zanore"},{"$i":"video-call","$v":"Videotelefonatë"},{"$i":"message","$v":"Mesazhet"},{"$i":"answer-rtt-call","$v":"Përgjigju me RTT"},{"$i":"req-rtt-call","$v":"ANS RTT"},{"$i":"rtt-call","$v":"Thirrje RTT"},{"$i":"rtt-view","$v":"Pamja e RTT"},{"$i":"change-to-rtt-call","$v":"Po lidhet thirrja RTT..."},{"$i":"change-to-voice-call","$v":"U ndryshua në thirrje zanore."},{"$i":"upgrading-rtt","$v":"Po kalohet në thirrje RTT..."},{"$i":"rtt-call-failed","$v":"Thirrja RTT nuk u krye."},{"$i":"voice-call-failed","$v":"Thirrja zanore nuk u krye."},{"$i":"rtt","$v":"RTT"},{"$i":"rtt-emegency-upgrade-rejected","$v":"RTT nuk disponohet për këtë thirrje në 911."},{"$i":"rtt-emegency-downgrade","$v":"RTT nuk disponohet për këtë thirrje të 911. Thirrja juaj është lidhur si thirrje vetëm zanore. Nëse keni vështirësi, kryeni një thirrje zanore ose thirrje të ridrejtuar në 911."},{"$i":"voice-only-call","$v":"Thirrja jote është lidhur si thirrje vetëm zanore."},{"$i":"ans-rtt-failed","$v":"Nuk u vendos dot thirrje RTT. Thirrja jote është lidhur vetëm si thirrje zanore."},{"$i":"back","$v":"Prapa"},{"$i":"new-message","$v":"Mesazhe të reja nga"},{"$i":"kai-mute","$v":"Hiq zërin"},{"$i":"kai-unmute","$v":"Kthe zërin"},{"$i":"kai-speaker","$v":"Altoparlanti"},{"$i":"kai-speaker-off","$v":"Altoparlanti joaktiv"},{"$i":"kai-microphone-mute-notification","$v":"Mikrofoni është pa zë"},{"$i":"kai-microphone-active-notification","$v":"Mikrofoni është aktiv"},{"$i":"kai-speaker-off-notification","$v":"Altoparlanti i jashtëm fikur"},{"$i":"kai-speaker-on-notification","$v":"Altoparlanti i jashtëm aktiv"},{"$i":"kai-hold-and-answer","$v":"Vend. prit. dhe përgji."},{"$i":"kai-ignore-call","$v":"Shpërfill telefonatën në hyrje"},{"$i":"kai-add-to-call","$v":"Shto thirrje"},{"$i":"kai-switch-to-second-line","$v":"Shkëmbe telefonatën"},{"$i":"kai-merge-calls","$v":"Bashko telefonatën"},{"$i":"ok","$v":"OK"},{"$i":"losing-wifi-msg","$v":"po bie Wi-Fi"},{"$i":"hd","$v":"HD"},{"$i":"manage-call","$v":"Administro telefonatën"},{"$i":"end","$v":"Mbyll telefonatën"},{"$i":"private","$v":"Privat"},{"$i":"sound","$v":"Tingull"},{"$i":"bluetooth-device","$v":"Pajisje me \"Bluetooth"},{"$i":"handset-earpiece","$v":"Telefon"},{"$i":"speaker","$v":"Altoparlanti"},{"$i":"call-ended","$v":"Telefonata përfundoi"},{"$i":"payphone","$v":"Telefon me pagesë"},{"$i":"contact","$v":"Kontakt"},{"$i":"dialer-prompt","$v":"Formo numrin ose zgjidh kontaktin për t'ia shtuar thirrjes"},{"$i":"call","$v":"Telefonatë"},{"$i":"hold","$v":"Mbaj"},{"$i":"volume","$v":"Volumi"},{"$i":"softkey-options","$v":"Opsionet"},{"$i":"unhold-call","$v":"Hiqe thirrjen nga pritja"},{"$i":"hold-call","$v":"Mbaje thirrjen në pritje"},{"$i":"select","$v":"Zgjidh"},{"$i":"unknown","$v":"I panjohur"},{"$i":"switch-calls","$v":"Ndrysho telefonatat"},{"$i":"voiceMail","$v":"Posta zanore"},{"$i":"incoming","$v":"Hyrëse"},{"$i":"outgoing","$v":"Dalëse"},{"$i":"callEnded","$v":"Telefonata përfundoi"},{"$i":"callEndedDuration","$v":["Thirrja përfundoi (",{"t":"idOrVar","v":"duration"},")"]},{"$i":"conferenceAddError","$v":"Nuk i bashkon dot telefonata"},{"$i":"conferenceRemoveError","$v":"Nuk rindahen dot telefonatat"},{"$i":"callDurationMinutes","$v":[{"t":"idOrVar","v":"m"},":",{"t":"idOrVar","v":"s"}]},{"$i":"callDurationHours","$v":[{"t":"idOrVar","v":"h"},":",{"t":"idOrVar","v":"m"},":",{"t":"idOrVar","v":"s"}]},{"$i":"callDurationTextFormatSeconds","$v":[{"t":"idOrVar","v":"s"}," s"]},{"$i":"callDurationTextFormatMinutes","$v":[{"t":"idOrVar","v":"m"}," m ",{"t":"idOrVar","v":"s"}," s"]},{"$i":"callDurationTextFormatHours","$v":[{"t":"idOrVar","v":"h"}," o ",{"t":"idOrVar","v":"m"}," m ",{"t":"idOrVar","v":"s"}," s"]},{"$i":"switch-to-device-toast","$v":"Kaloi në pajis. me \"Bluetooth"},{"$i":"switch-to-handset-toast","$v":"Kaloi te kufjet e receptorit"},{"$i":"switch-to-speaker-toast","$v":"Kaloi tek altoparlanti"},{"$i":"connecting","$v":"Po lidhet"},{"$i":"wifi-call-quality-excellent","$v":"Shkëlqyer"},{"$i":"wifi-call-quality-fair","$v":"E mirë"},{"$i":"wifi-call-quality-bad","$v":"E keqe"},{"$i":"call-left-conference-toast","$v":"u shkëput nga thirrja"},{"$i":"camera-off","$v":"Kamera e fikur"},{"$i":"camera-on","$v":"Kamera e ndezur"},{"$i":"rear-camera","$v":"Kamera e pasme"},{"$i":"front-camera","$v":"Kamera ballore"},{"$i":"hide-info","$v":"Fshih informacionet"},{"$i":"show-info","$v":"Shfaq informacion"},{"$i":"video-call-rejected","$v":"Videotelefonata u refuzua; ndrysho në telefonatë zanore."},{"$i":"video-call-not-support","$v":"Videotelefonata nuk mbështetet."},{"$i":"video-call-rejected-timeout","$v":""},{"$i":"video-call-from","$v":["Po merret videotelefonatë nga ",{"t":"idOrVar","v":"name"},"."]},{"$i":"video-call-canceled","$v":"Videotelefonata u anulua."},{"$i":"video-call-failed","$v":"Videotelefonata nuk u krye."},{"$i":"call-downgraded","$v":"Thirrja zvogëlohet."},{"$i":"wifi-calling","$v":"Telefonatë me \"Wi-Fi"},{"$i":"wifi-calling-1","$v":"Videotelefonata mund të shkëputet."},{"$i":"wifi-calling-2","$v":"Je pothuaj jashtë diapazonit të mbulimit me \"Wi-Fi\"."},{"$i":"wifi-calling-dropped","$v":"Telefonata me \"Wi-Fi\" u shkëput."},{"$i":"accept","$v":"Prano"},{"$i":"conference-call-num","$v":[{"t":"idOrVar","v":"num"}," personat në telefonatë."]},{"$i":"more","$v":"Më shumë"},{"$i":"rec","$v":"REC"},{"$i":"start-recording-call","$v":"Fillo regjistrimin e thirrjes."},{"$i":"stop-recording-call","$v":"Ndalo regjistrimin e thirrjes."},{"$i":"insufficient-storage","$v":"Memorie e pamjaftueshme. Regjistrimi ndaloi. "},{"$i":"reply","$v":"Përgjigju"},{"$i":"reply-message-1","$v":"Më vjen keq, por nuk mund të flas për momentin."},{"$i":"reply-message-2","$v":"Po vij."},{"$i":"reply-message-3","$v":"A mund të të telefonoj më vonë?"},{"$i":"reply-message-4","$v":"I personalizuar..."},{"$i":"reply-to-name","$v":["Iu përgjigje ",{"t":"idOrVar","v":"name"}]},{"$i":"mt-call-on-hold","$v":"Thirrja është vënë në pritje."},{"$i":"mt-call_retrieved","$v":"Thirrja është tërhequr."},{"$i":"mt-multi_party_call","$v":"Je shtuar në një thirrje konference. "},{"$i":"hangup-a11y-button","$v":""},{"$i":"pickup-a11y-button","$v":""},{"$i":"mute","$v":""},{"$i":"toggleKeypad","$v":""},{"$i":"newCall","$v":""},{"$i":"speakerOption","$v":""},{"$i":"bluetoothOption","$v":""},{"$i":"onHoldOption","$v":""},{"$i":"merge","$v":""},{"$i":"ignore","$v":""},{"$i":"dialerAddContact","$v":""},{"$i":"makeCall","$v":""},{"$i":"call-forwarding-async","$v":["Asinkron: ",{"t":"idOrVar","v":"async"}]},{"$i":"call-forwarding-data","$v":["Të dhëna: ",{"t":"idOrVar","v":"data"}]},{"$i":"call-forwarding-error","$v":"Ndodhi një gabim gjatë leximit të gjendjes së devijimit të telefonatave"},{"$i":"call-forwarding-fax","$v":["FAKS: ",{"t":"idOrVar","v":"fax"}]},{"$i":"call-forwarding-inactive","$v":"Joaktiv"},{"$i":"call-forwarding-packet","$v":["Paketa: ",{"t":"idOrVar","v":"packet"}]},{"$i":"call-forwarding-pad","$v":["PAD: ",{"t":"idOrVar","v":"pad"}]},{"$i":"call-forwarding-sms","$v":["SMS: ",{"t":"idOrVar","v":"sms"}]},{"$i":"call-forwarding-status","$v":"Gjendja e devijimit të tel."},{"$i":"call-forwarding-sync","$v":["Sinkron: ",{"t":"idOrVar","v":"sync"}]},{"$i":"call-forwarding-voice","$v":["Zëri: ",{"t":"idOrVar","v":"voice"}]},{"$i":"scCallBarring","$v":"Bllokimi i telefonatave"},{"$i":"scCallForwarding","$v":"Devijimi i telefonatave"},{"$i":"scClip","$v":"ID e telefonuesit në hyrje"},{"$i":"scClir","$v":"ID e telefonuesit në dalje"},{"$i":"scPwd","$v":"Ndryshim fjalëkalimi"},{"$i":"scCallWaiting","$v":"Pritja e telefonatave"},{"$i":"scPin","$v":"Ndryshimi i PIN"},{"$i":"scPin2","$v":"Ndryshimi i PIN2"},{"$i":"scPuk","$v":"Shkyç PIN"},{"$i":"scPuk2","$v":"Shkyç PIN2"},{"$i":"scImei","$v":"IMEI"},{"$i":"scMeid","$v":"MEID"},{"$i":"scUssd","$v":"USSD"},{"$i":"serviceClassVoice","$v":"Zëri"},{"$i":"serviceClassData","$v":"Të dhëna"},{"$i":"serviceClassFax","$v":"FAKS"},{"$i":"serviceClassSms","$v":"SMS"},{"$i":"serviceClassDataSync","$v":"Sinkronizim"},{"$i":"serviceClassDataAsync","$v":"Asinkr."},{"$i":"serviceClassPacket","$v":"Paketë"},{"$i":"serviceClassPad","$v":"PAD"},{"$i":"smServiceEnabled","$v":"Shërbimi u aktivizua"},{"$i":"smServiceDisabled","$v":"Shërbimi është çaktivizuar"},{"$i":"smServiceRegistered","$v":"Regjistrimi u krye me sukses"},{"$i":"smServiceErased","$v":"Fshirja ishte e suksesshme"},{"$i":"smServiceInterrogated","$v":"Kërkesa rezultoi me sukses"},{"$i":"smServiceNotProvisioned","$v":"Shërbimi nuk ofrohet"},{"$i":"smClirPermanent","$v":"Nuk e ndryshon dot cilësimin e ID së telefonuesit"},{"$i":"smClirDefaultOnNextCallOn","$v":"Vlerat standarde të ID së telefonuesit me kufizime. Në telefonatën tjetër: Me kufizime"},{"$i":"smClirDefaultOnNextCallOff","$v":"Vlerat standarde të ID së telefonuesit me kufizime. Në telefonatën tjetër: Pa kufizime"},{"$i":"smClirDefaultOffNextCallOn","$v":"Vlerat standarde të ID së telefonuesit pa kufizime. Në telefonatën tjetër: Me kufizime"},{"$i":"smClirDefaultOffNextCallOff","$v":"Vlerat standarde të ID së telefonuesit pa kufizime. Në telefonatën tjetër: Pa kufizime"},{"$i":"smServiceEnabledFor","$v":"Shërb. u aktivizua për:"},{"$i":"smPinChanged","$v":"PIN u ndërrua me sukses"},{"$i":"smPinUnblocked","$v":"PIN u zhbllokua me sukses"},{"$i":"smPin2Changed","$v":"PIN2 u ndërrua me sukses"},{"$i":"smPin2Unblocked","$v":"PIN2 u zhbllokua me sukses"},{"$i":"ServiceIsEnabled","$v":"Shërbimi është aktiv"},{"$i":"ServiceIsDisabled","$v":"Shërbimi u çaktivizua"},{"$i":"ServiceIsEnabledFor","$v":"Shërbimi është aktiv për:"},{"$i":"emMmiError","$v":"Problem me lidhjen ose kod i pavlefshëm MMI"},{"$i":"emMmiErrorPasswordIncorrect","$v":"Fjalëkalim i gabuar"},{"$i":"emMmiErrorNotSupported","$v":"Kod MMI i pavlefshëm ose i pambështetur"},{"$i":"emMmiErrorInvalidAction","$v":"Veprim i pavlefshëm"},{"$i":"emMmiErrorInvalidScCode","$v":"Kod i pavlefshëm shërbimi"},{"$i":"emMmiErrorBadPuk","$v":"Kodi PUK që dhe nuk është i saktë"},{"$i":"emMmiErrorBadPin","$v":"Kodi i vjetër PIN që dhe nuk është i saktë."},{"$i":"emMmiErrorNeedPuk2","$v":"Jep PUK2 për të shkyçur kartën SIM"},{"$i":"emMmiErrorMismatchPin","$v":"Kodet PIN që dhe nuk përputhen"},{"$i":"emMmiErrorInvalidPin","$v":"Jep një PIN me 4 deri në 8 shifra"},{"$i":"emMmiErrorNeedsPuk","$v":"Karta SIM është e kyçur me PUK"},{"$i":"emMmiErrorEnablePin","$v":"Pa suskes. Aktivizo SIM/RUIM LOCK"},{"$i":"emMmiErrorMmiFdn","$v":"Veprimi kufiz. vetëm në numra të caktuar telefo. (FDN)"},{"$i":"emMmiErrorStkCcUssdDial","$v":"Kërkesa USSD u modifikua në kërkesë DIAL"},{"$i":"emMmiErrorStkCcUssdSs","$v":"Kërkesa USSD u modifikua në kërkesë SS"},{"$i":"emMmiErrorStkCcUssdUssd","$v":"Kërkesa USSD u modifikua në kërkesë të re USSD"},{"$i":"emMmiErrorStkCcSsDial","$v":"Kërkesa SS u modifikua në kërkesë DIAL"},{"$i":"emMmiErrorStkCcSsUssd","$v":"Kërkesa SS u modifikua në kërkesë USSD"},{"$i":"emMmiErrorStkCcSsSs","$v":"Kërkesa SS u modifikua në kërkesë SS"},{"$i":"emMmiErrorPinPukAttempts","$v":{"few":[{"t":"idOrVar","v":"n"}," ritentativa të mbetura"],"many":[{"t":"idOrVar","v":"n"}," ritentativa të mbetura"],"one":["Kanë mbetur vetëm ",{"t":"idOrVar","v":"n"}," prova"],"other":[{"t":"idOrVar","v":"n"}," ritentativa të mbetura"],"two":[{"t":"idOrVar","v":"n"}," ritentativa të mbetura"]},"$x":[{"t":"idOrVar","v":"plural"},"n"]},{"$i":"emMmiErrorSimBlocked","$v":"U tejkalua numri maksimal i provave. SIM u bllokua."},{"$i":"RadioNotAvailable","$v":"Radio not available"},{"$i":"GenericFailure","$v":"Defekt i përgjithshëm"},{"$i":"PasswordIncorrect","$v":"Fjalëkalim i gabuar"},{"$i":"SimPin2","$v":"PIN2 i SIM"},{"$i":"SimPuk2","$v":"PUK2 i SIM"},{"$i":"RequestNotSupported","$v":"Kërkesa nuk mbështetet"},{"$i":"OpNotAllowedDuringVoiceCall","$v":"Veprimi nuk lejohet gjatë telefo. zan."},{"$i":"SmsSendFailRetry","$v":"SMS send fail retry"},{"$i":"SimAbsent","$v":"Mungon SIM"},{"$i":"SubscriptionNotAvailable","$v":"Nuk ka abonim"},{"$i":"ModeNotSupported","$v":"Modaliteti nuk mbështetet"},{"$i":"FdnCheckFailure","$v":"FDN nuk u kontrollua dot"},{"$i":"IllegalSimOrMe","$v":"SIM ose ME e palejuar"},{"$i":"DialModifiedToUssd","$v":"Dial modified to USSD"},{"$i":"DialModifiedToSs","$v":"Dial modified to SS"},{"$i":"DialModifiedToDial","$v":"Dial modified to dial"},{"$i":"UssdModifiedToDial","$v":"USSD u mod. për telefo."},{"$i":"UssdModifiedToSs","$v":"USSD u modifikua për SS"},{"$i":"UssdModifiedToUssd","$v":"USSD u modifi. për USSD"},{"$i":"SsModifiedToDial","$v":"SS u modifikua për telefonim"},{"$i":"SsModifiedToUssd","$v":"SS u modifikua në USSD"},{"$i":"SsModifiedToSs","$v":"SS u modifikua në SS"},{"$i":"SubscriptionNotSupported","$v":"Nuk mbështetet abonim"},{"$i":"InvalidParameter","$v":"Parametër i pavlefshëm"},{"$i":"RejectedByRemote","$v":"Refuzuar nga telekomanda"},{"$i":"error","$v":"Gabim"}]