[{"$i":"weekday-0-long","$v":"Nedelja"},{"$i":"weekday-1-long","$v":"Ponedeljak"},{"$i":"weekday-2-long","$v":"Utorak"},{"$i":"weekday-3-long","$v":"Sreda"},{"$i":"weekday-4-long","$v":"Četvrtak"},{"$i":"weekday-5-long","$v":"Petak"},{"$i":"weekday-6-long","$v":"Subota"},{"$i":"weekday-0-short","$v":"Ned"},{"$i":"weekday-1-short","$v":"Pon"},{"$i":"weekday-2-short","$v":"Uto"},{"$i":"weekday-3-short","$v":"Sre"},{"$i":"weekday-4-short","$v":"Čet"},{"$i":"weekday-5-short","$v":"Pet"},{"$i":"weekday-6-short","$v":"Sub"},{"$i":"month-0-long","$v":"Januar"},{"$i":"month-1-long","$v":"Februar"},{"$i":"month-2-long","$v":"Mart"},{"$i":"month-3-long","$v":"April"},{"$i":"month-4-long","$v":"Maj"},{"$i":"month-5-long","$v":"Jun"},{"$i":"month-6-long","$v":"Jul"},{"$i":"month-7-long","$v":"Avgust"},{"$i":"month-8-long","$v":"Septembar"},{"$i":"month-9-long","$v":"Oktobar"},{"$i":"month-10-long","$v":"Novembar"},{"$i":"month-11-long","$v":"Decembar"},{"$i":"month-0-genitive","$v":"Januar"},{"$i":"month-1-genitive","$v":"Februar"},{"$i":"month-2-genitive","$v":"Mart"},{"$i":"month-3-genitive","$v":"April"},{"$i":"month-4-genitive","$v":"Maj"},{"$i":"month-5-genitive","$v":"Jun"},{"$i":"month-6-genitive","$v":"Jul"},{"$i":"month-7-genitive","$v":"Avgust"},{"$i":"month-8-genitive","$v":"Septembar"},{"$i":"month-9-genitive","$v":"Oktobar"},{"$i":"month-10-genitive","$v":"Novembar"},{"$i":"month-11-genitive","$v":"Decembar"},{"$i":"month-0-short","$v":"Jan"},{"$i":"month-1-short","$v":"Feb"},{"$i":"month-2-short","$v":"Mar"},{"$i":"month-3-short","$v":"Apr"},{"$i":"month-4-short","$v":"Maj"},{"$i":"month-5-short","$v":"Jun"},{"$i":"month-6-short","$v":"Jul"},{"$i":"month-7-short","$v":"Avg"},{"$i":"month-8-short","$v":"Sep"},{"$i":"month-9-short","$v":"Okt"},{"$i":"month-10-short","$v":"Nov"},{"$i":"month-11-short","$v":"Dec"},{"$i":"minutes-ago-long","$v":{"few":["Pre ",{"t":"idOrVar","v":"value"}," minuta"],"many":["Pre ",{"t":"idOrVar","v":"value"}," minuta"],"one":"pre jednog minuta","other":["Pre ",{"t":"idOrVar","v":"value"}," minuta"],"two":["Pre ",{"t":"idOrVar","v":"value"}," minuta"],"zero":"malopre"},"$x":[{"t":"idOrVar","v":"plural"},"value"]},{"$i":"hours-ago-long","$v":{"few":["Pre ovoliko sati: ",{"t":"idOrVar","v":"value"}],"many":["Pre ovoliko sati: ",{"t":"idOrVar","v":"value"}],"one":"pre sat vremena","other":["Pre ovoliko sati: ",{"t":"idOrVar","v":"value"}],"two":["Pre ovoliko sati: ",{"t":"idOrVar","v":"value"}],"zero":"malopre"},"$x":[{"t":"idOrVar","v":"plural"},"value"]},{"$i":"days-ago-long","$v":{"few":["Pre ",{"t":"idOrVar","v":"value"}," dana"],"many":["Pre ",{"t":"idOrVar","v":"value"}," dana"],"one":"juče","other":["Pre ",{"t":"idOrVar","v":"value"}," dana"],"two":["Pre ",{"t":"idOrVar","v":"value"}," dana"],"zero":"danas"},"$x":[{"t":"idOrVar","v":"plural"},"value"]},{"$i":"weeks-ago-long","$v":{"few":["Pre ovoliko nedelja: ",{"t":"idOrVar","v":"value"}],"many":["Pre ovoliko nedelja: ",{"t":"idOrVar","v":"value"}],"one":"prošle nedelje","other":["Pre ovoliko nedelja: ",{"t":"idOrVar","v":"value"}],"two":["Pre ovoliko nedelja: ",{"t":"idOrVar","v":"value"}],"zero":"ove nedelje"},"$x":[{"t":"idOrVar","v":"plural"},"value"]},{"$i":"months-ago-long","$v":{"few":["Pre ovoliko meseci: ",{"t":"idOrVar","v":"value"}],"many":["Pre ovoliko meseci: ",{"t":"idOrVar","v":"value"}],"one":"prošli mesec","other":["Pre ovoliko meseci: ",{"t":"idOrVar","v":"value"}],"two":["Pre ovoliko meseci: ",{"t":"idOrVar","v":"value"}],"zero":"ovog meseca"},"$x":[{"t":"idOrVar","v":"plural"},"value"]},{"$i":"years-ago-long","$v":{"few":["Pre ovoliko godina: ",{"t":"idOrVar","v":"value"}],"many":["Pre ovoliko godina: ",{"t":"idOrVar","v":"value"}],"one":"prošle godine","other":["Pre ovoliko godina: ",{"t":"idOrVar","v":"value"}],"two":["Pre ovoliko godina: ",{"t":"idOrVar","v":"value"}],"zero":"ove godine"},"$x":[{"t":"idOrVar","v":"plural"},"value"]},{"$i":"minutes-until-long","$v":{"few":["za ",{"t":"idOrVar","v":"value"}," minuta"],"many":["za ",{"t":"idOrVar","v":"value"}," minuta"],"one":"za jedan minut","other":["za ",{"t":"idOrVar","v":"value"}," minuta"],"two":["za ",{"t":"idOrVar","v":"value"}," minuta"],"zero":"sada"},"$x":[{"t":"idOrVar","v":"plural"},"value"]},{"$i":"hours-until-long","$v":{"few":["za ",{"t":"idOrVar","v":"value"}," sata/i"],"many":["za ",{"t":"idOrVar","v":"value"}," sata/i"],"one":"za jedan sat","other":["za ",{"t":"idOrVar","v":"value"}," sata/i"],"two":["za ",{"t":"idOrVar","v":"value"}," sata/i"],"zero":"sada"},"$x":[{"t":"idOrVar","v":"plural"},"value"]},{"$i":"days-until-long","$v":{"few":["za ",{"t":"idOrVar","v":"value"}," dana"],"many":["za ",{"t":"idOrVar","v":"value"}," dana"],"one":"sutra","other":["za ",{"t":"idOrVar","v":"value"}," dana"],"two":["za ",{"t":"idOrVar","v":"value"}," dana"],"zero":"danas"},"$x":[{"t":"idOrVar","v":"plural"},"value"]},{"$i":"weeks-until-long","$v":{"few":["za ",{"t":"idOrVar","v":"value"}," nedelje/a"],"many":["za ",{"t":"idOrVar","v":"value"}," nedelje/a"],"one":"sledeća nedelja","other":["za ",{"t":"idOrVar","v":"value"}," nedelje/a"],"two":["za ",{"t":"idOrVar","v":"value"}," nedelje/a"],"zero":"ove nedelje"},"$x":[{"t":"idOrVar","v":"plural"},"value"]},{"$i":"months-until-long","$v":{"few":["za ",{"t":"idOrVar","v":"value"}," meseca/i"],"many":["za ",{"t":"idOrVar","v":"value"}," meseca/i"],"one":"sledeći mesec","other":["za ",{"t":"idOrVar","v":"value"}," meseca/i"],"two":["za ",{"t":"idOrVar","v":"value"}," meseca/i"],"zero":"ovog meseca"},"$x":[{"t":"idOrVar","v":"plural"},"value"]},{"$i":"years-until-long","$v":{"few":["za ",{"t":"idOrVar","v":"value"}," godine/a"],"many":["za ",{"t":"idOrVar","v":"value"}," godine/a"],"one":"sledeća godina","other":["za ",{"t":"idOrVar","v":"value"}," godine/a"],"two":["za ",{"t":"idOrVar","v":"value"}," godine/a"],"zero":"ove godine"},"$x":[{"t":"idOrVar","v":"plural"},"value"]},{"$i":"minutes-ago-short","$v":{"other":["Pre ",{"t":"idOrVar","v":"value"}," m"],"zero":"malopre"},"$x":[{"t":"idOrVar","v":"plural"},"value"]},{"$i":"hours-ago-short","$v":{"other":["Pre ",{"t":"idOrVar","v":"value"}," h"],"zero":"malopre"},"$x":[{"t":"idOrVar","v":"plural"},"value"]},{"$i":"days-ago-short","$v":{"other":["Pre ",{"t":"idOrVar","v":"value"}," d"],"zero":"danas"},"$x":[{"t":"idOrVar","v":"plural"},"value"]},{"$i":"minutes-until-short","$v":{"other":["za ",{"t":"idOrVar","v":"value"}," m"],"zero":"sada"},"$x":[{"t":"idOrVar","v":"plural"},"value"]},{"$i":"hours-until-short","$v":{"other":["za ",{"t":"idOrVar","v":"value"}," h"],"zero":"sada"},"$x":[{"t":"idOrVar","v":"plural"},"value"]},{"$i":"days-until-short","$v":{"other":["za ",{"t":"idOrVar","v":"value"}," d"],"zero":"danas"},"$x":[{"t":"idOrVar","v":"plural"},"value"]},{"$i":"incorrectDate","$v":"(netačan datum)"},{"$i":"dateTimeFormat_%c","$v":"%a %b %e %Y %I:%M:%S %p"},{"$i":"dateTimeFormat_%x","$v":"%m/%d/%Y"},{"$i":"dateTimeFormat_%X","$v":"%I:%M:%S %p"},{"$i":"shortTimeFormat","$v":"%I:%M %p"},{"$i":"shortTimeFormat12","$v":"%I:%M %p"},{"$i":"shortTimeFormat24","$v":"%H:%M"},{"$i":"shortDateTimeFormat","$v":"%x %I:%M %p"},{"$i":"weekStartsOnMonday","$v":"0.0"},{"$i":"firstDayOfTheWeek","$v":"1.0"},{"$i":"time_am","$v":"AM"},{"$i":"time_pm","$v":"Posle podne"},{"$i":"label","$v":"Oznaka"},{"$i":"mobile","$v":"Mobilni"},{"$i":"home","$v":"Kuća"},{"$i":"work","$v":"Posao"},{"$i":"personal","$v":"Lično"},{"$i":"faxHome","$v":"Faks kod kuće"},{"$i":"faxOffice","$v":"Faks u kancelariji"},{"$i":"faxOther","$v":"Faks - drugo"},{"$i":"another","$v":"Drugo"},{"$i":"other","$v":"Drugo"},{"$i":"customTag","$v":"Prilagođena oznaka","placeholder":"Prilagođena oznaka"},{"$i":"current","$v":"Trenutno"},{"$i":"itemWithLabel","$v":[{"t":"idOrVar","v":"label"},", ",{"t":"idOrVar","v":"item"}]},{"$i":"airplaneMode","$v":"Režim rada u avionu"},{"$i":"searching","$v":"Pretraga..."},{"$i":"noNetwork","$v":"Nema mreže"},{"$i":"roaming","$v":[{"t":"idOrVar","v":"operator"}," (Roaming)"]},{"$i":"operator-info","$v":[{"t":"idOrVar","v":"carrier"}," ",{"t":"idOrVar","v":"region"}]},{"$i":"emergencyCallsOnly","$v":"Samo hitni pozivi"},{"$i":"emergencyCallsOnly-unknownSIMState","$v":"(Nepoznato stanje SIM kartice)"},{"$i":"emergencyCallsOnly-noSIM","$v":"(nema SIM kart.)"},{"$i":"emergencyCallsOnly-pinRequired","$v":"(Potreban je PIN kod SIM kartice)"},{"$i":"emergencyCallsOnly-pukRequired","$v":"(Potreban je PUK kod SIM kartice)"},{"$i":"emergencyCallsOnly-networkLocked","$v":"(mreža zaključana)"},{"$i":"emergencyCallsOnly-serviceProviderLocked","$v":"(operator mreže zaključan)"},{"$i":"emergencyCallsOnly-corporateLocked","$v":"(kompanijska blokada)"},{"$i":"emergencyCallsOnly-network1Locked","$v":"(mreža1 zaključana)"},{"$i":"emergencyCallsOnly-network2Locked","$v":"(mreža2 zaključana)"},{"$i":"emergencyCallsOnly-hrpdNetworkLocked","$v":"(hrpd mreža zaključana)"},{"$i":"emergencyCallsOnly-ruimCorporateLocked","$v":"(ruim kompanijska blokada)"},{"$i":"emergencyCallsOnly-ruimServiceProviderLocked","$v":"(ruim operator mreže zaključan)"},{"$i":"lockscreen-sim-id","$v":["SIM ",{"t":"idOrVar","v":"n"}]},{"$i":"charging-no-time","$v":[{"t":"idOrVar","v":"level"},"% napunjeno"]},{"$i":"charging-minutes","$v":{"few":[{"t":"idOrVar","v":"level"},"% napunjeno (biće potpuno napunjeno za ",{"t":"idOrVar","v":"minutes"}," min.)"],"many":[{"t":"idOrVar","v":"level"},"% napunjeno (biće potpuno napunjeno za ",{"t":"idOrVar","v":"minutes"}," min.)"],"one":[{"t":"idOrVar","v":"level"},"% napunjeno (biće potpuno napunjeno za ",{"t":"idOrVar","v":"minutes"}," min.)"],"other":[{"t":"idOrVar","v":"level"},"% napunjeno (biće potpuno napunjeno za ",{"t":"idOrVar","v":"minutes"}," min.)"],"two":[{"t":"idOrVar","v":"level"},"% napunjeno (biće potpuno napunjeno za ",{"t":"idOrVar","v":"minutes"}," min.)"],"zero":[{"t":"idOrVar","v":"level"},"% napunjeno (biće potpuno napunjeno za ",{"t":"idOrVar","v":"minutes"}," min.)"]},"$x":[{"t":"idOrVar","v":"plural"},"minutes"]},{"$i":"charging-hours","$v":{"few":[{"t":"idOrVar","v":"level"},"% napunjeno (biće potpuno napunjeno za ",{"t":"idOrVar","v":"hours"}," h ",{"t":"idOrVar","v":"minutes"}," min.)"],"many":[{"t":"idOrVar","v":"level"},"% napunjeno (biće potpuno napunjeno za ",{"t":"idOrVar","v":"hours"}," h ",{"t":"idOrVar","v":"minutes"}," min.)"],"one":[{"t":"idOrVar","v":"level"},"% napunjeno (biće potpuno napunjeno za ",{"t":"idOrVar","v":"hours"}," h ",{"t":"idOrVar","v":"minutes"}," min.)"],"other":[{"t":"idOrVar","v":"level"},"% napunjeno (biće potpuno napunjeno za ",{"t":"idOrVar","v":"hours"}," h ",{"t":"idOrVar","v":"minutes"}," min.)"],"two":[{"t":"idOrVar","v":"level"},"% napunjeno (biće potpuno napunjeno za ",{"t":"idOrVar","v":"hours"}," h ",{"t":"idOrVar","v":"minutes"}," min.)"],"zero":[{"t":"idOrVar","v":"level"},"% napunjeno (biće potpuno napunjeno za ",{"t":"idOrVar","v":"hours"}," h ",{"t":"idOrVar","v":"minutes"}," min.)"]},"$x":[{"t":"idOrVar","v":"plural"},"minutes"]},{"$i":"phoneNumberInput","ariaLabel":"Broj telefona"},{"$i":"keypadDelete","ariaLabel":"Izbriši"},{"$i":"voiceMailKey","ariaLabel":"Govorna pošta"},{"$i":"asterisk","ariaLabel":"Zvezdica"},{"$i":"hashSign","ariaLabel":"Heš znak"},{"$i":"cancel","$v":"Otkaži"},{"$i":"loadingSimContacts","$v":"Učitavanje kontakata sa SIM kartice…"},{"$i":"noContactsWereFound","$v":"Kontakti nisu nađeni"},{"$i":"noContactsFoundDialogOk","$v":"OK"},{"$i":"emergencyNumber","$v":"Broj u hitnom slučaju"},{"$i":"callAirplaneModeMessage","$v":"Da biste obavili poziv, morate onemogućiti režim rada u avionu u podešavanjima."},{"$i":"callAirplaneModeBtnOk","$v":"OK"},{"$i":"callAirplaneModeTitle","$v":"Režim rada u avionu je aktiviran"},{"$i":"numberIsBusyTitle","$v":"Broj je zauzet"},{"$i":"numberIsBusyMessage","$v":"Broj je trenutno zauzet. Pokušajte ponovo kasnije."},{"$i":"fdnIsActiveTitle","$v":"Opcija FDN je aktivirana"},{"$i":"fdnIsActiveMessage","$v":["Opcija FDN (brojevi fiksnog biranja) je aktivirana i sledeći broj se ne nalazi na vašoj FDN listi: ",{"t":"idOrVar","v":"number"}]},{"$i":"emergencyDialogBodyBadNumber","$v":"Da biste obavili poziv, telefon mora biti povezan na mrežu."},{"$i":"emergencyDialogBodyDeviceNotAccepted","$v":"Mreža ne dozvoljava hitne pozive."},{"$i":"emergencyDialogBtnOk","$v":"OK"},{"$i":"emergencyDialogTitle","$v":"Nema mrežne veze"},{"$i":"invalidNumberToDialTitle","$v":"Nevažeći broj telefona"},{"$i":"invalidNumberToDialMessage","$v":"Broj koji pokušavate da pozovete nije važeći."},{"$i":"unableToCallTitle","$v":"Nije moguće obaviti poziv."},{"$i":"unableToCallMessage","$v":"Trenutno nije moguće obaviti telefonski poziv"},{"$i":"otherConnectionInUseTitle","$v":"Koristi se druga veza"},{"$i":"otherConnectionInUseMessage","$v":"Imate aktivan poziv na drugoj vezi. Ne možete koristiti više veza istovremeno."},{"$i":"connectingEllipsis","$v":"Povezivanje..."},{"$i":"clear","$v":"Obriši"},{"$i":"dialer","$v":"Brojčanik"},{"$i":"kai-incomming-call","$v":"Dolazni poziv"},{"$i":"kai-in-call","$v":"Dolazni poziv"},{"$i":"kai-answer","$v":"Odgovori"},{"$i":"kai-end-answer","$v":"Završi i javi se"},{"$i":"kai-decline","$v":"Odbij"},{"$i":"enter-passcode","$v":"Unesite šifru da biste otključali ekran."},{"$i":"passcode-error","$v":"Nevažeći kod. Pokušajte ponovo."},{"$i":"voice-call","$v":"Govorni poziv"},{"$i":"video-call","$v":"Video poziv"},{"$i":"message","$v":"Poruke"},{"$i":"answer-rtt-call","$v":"Odgovori na RTT"},{"$i":"req-rtt-call","$v":"ANS RTT"},{"$i":"rtt-call","$v":"RTT poziv"},{"$i":"rtt-view","$v":"RTT prikaz"},{"$i":"change-to-rtt-call","$v":"Povezivanje RTT poziva..."},{"$i":"change-to-voice-call","$v":"Promenjeno na govorni poziv."},{"$i":"upgrading-rtt","$v":"Nadogradnja na RTT poziv..."},{"$i":"rtt-call-failed","$v":"RTT poziv nije uspeo."},{"$i":"voice-call-failed","$v":"Govorni poziv nije uspeo."},{"$i":"rtt","$v":"RTT"},{"$i":"rtt-emegency-upgrade-rejected","$v":"RTT nije dostupan za ovaj poziv hitnim službama."},{"$i":"rtt-emegency-downgrade","$v":"RTT nije dostupan za ovaj poziv hitnim službama. Poziv je uspostavljen kao samo govorni. Ako naiđete na poteškoće, uputite govorni ili relejni poziv na broj hitnih službi."},{"$i":"voice-only-call","$v":"Dobili ste vezu samo za glasovni poziv."},{"$i":"ans-rtt-failed","$v":"Uspostavljanje RTT poziva nije uspelo. Dobili ste vezu samo za glasovni poziv."},{"$i":"back","$v":"Nazad"},{"$i":"new-message","$v":"Nove poruke od"},{"$i":"kai-mute","$v":"Privremeno isključi"},{"$i":"kai-unmute","$v":"Ponovo uključi"},{"$i":"kai-speaker","$v":"Zvučnik"},{"$i":"kai-speaker-off","$v":"Zvučnik je isključen"},{"$i":"kai-microphone-mute-notification","$v":"Mikrofon je privremeno isključen"},{"$i":"kai-microphone-active-notification","$v":"Mikrofon je aktivan"},{"$i":"kai-speaker-off-notification","$v":"Spolj. zvučnik je isklj."},{"$i":"kai-speaker-on-notification","$v":"Spoljašnji zvučnik je uključen"},{"$i":"kai-hold-and-answer","$v":"Stavi na čekanje i javi se"},{"$i":"kai-ignore-call","$v":"Zanemari dolazni poziv"},{"$i":"kai-add-to-call","$v":"Dodaj poziv"},{"$i":"kai-switch-to-second-line","$v":"Prebaci poziv"},{"$i":"kai-merge-calls","$v":"Spoji poziv"},{"$i":"ok","$v":"OK"},{"$i":"losing-wifi-msg","$v":"gubljenje wifi-ja"},{"$i":"hd","$v":"HD"},{"$i":"manage-call","$v":"Upravljaj pozivom"},{"$i":"end","$v":"Završi poziv"},{"$i":"private","$v":"Privatno"},{"$i":"sound","$v":"Zvuk"},{"$i":"bluetooth-device","$v":"Bluetooth uređaj"},{"$i":"handset-earpiece","$v":"Slušalica"},{"$i":"speaker","$v":"Zvučnik"},{"$i":"call-ended","$v":"Poziv je završen"},{"$i":"payphone","$v":"Javni telefon"},{"$i":"contact","$v":"Kontakt"},{"$i":"dialer-prompt","$v":"Pozovite broj ili izaberite kontakt koji želite da pozovete"},{"$i":"call","$v":"Poziv"},{"$i":"hold","$v":"Zadrži"},{"$i":"volume","$v":"Jačina zvuka"},{"$i":"softkey-options","$v":"Opcije"},{"$i":"unhold-call","$v":"Završi čekanje za poziv"},{"$i":"hold-call","$v":"Poziv na čekanje"},{"$i":"select","$v":"Odaberi"},{"$i":"unknown","$v":"Nepoznato"},{"$i":"switch-calls","$v":"Zameni pozive"},{"$i":"voiceMail","$v":"Govorna pošta"},{"$i":"incoming","$v":"Incoming"},{"$i":"outgoing","$v":"Odlazni"},{"$i":"callEnded","$v":"Poziv je završen"},{"$i":"callEndedDuration","$v":["Poziv je završen (",{"t":"idOrVar","v":"duration"},")"]},{"$i":"conferenceAddError","$v":"Nije moguće spojiti pozive"},{"$i":"conferenceRemoveError","$v":"Nije moguće razdvojiti pozive"},{"$i":"callDurationMinutes","$v":[{"t":"idOrVar","v":"m"},":",{"t":"idOrVar","v":"s"}]},{"$i":"callDurationHours","$v":[{"t":"idOrVar","v":"h"},":",{"t":"idOrVar","v":"m"},":",{"t":"idOrVar","v":"s"}]},{"$i":"callDurationTextFormatSeconds","$v":[{"t":"idOrVar","v":"s"}," s"]},{"$i":"callDurationTextFormatMinutes","$v":[{"t":"idOrVar","v":"m"}," m ",{"t":"idOrVar","v":"s"}," s"]},{"$i":"callDurationTextFormatHours","$v":[{"t":"idOrVar","v":"h"}," h ",{"t":"idOrVar","v":"m"}," m ",{"t":"idOrVar","v":"s"}," s"]},{"$i":"switch-to-device-toast","$v":"Preb. na bluetooth uređaj"},{"$i":"switch-to-handset-toast","$v":"Prebačeno na slušalicu telefona."},{"$i":"switch-to-speaker-toast","$v":"Prebačeno na zvučnik"},{"$i":"connecting","$v":"Povezivanje"},{"$i":"wifi-call-quality-excellent","$v":"Odično"},{"$i":"wifi-call-quality-fair","$v":"Zadovoljava"},{"$i":"wifi-call-quality-bad","$v":"Loše"},{"$i":"call-left-conference-toast","$v":"je napustio poziv"},{"$i":"camera-off","$v":"Kamera ugašena"},{"$i":"camera-on","$v":"Kamera upaljena"},{"$i":"rear-camera","$v":"Zadnja kamera"},{"$i":"front-camera","$v":"Prednja kamera"},{"$i":"hide-info","$v":"Sakrij informacije"},{"$i":"show-info","$v":"Pokaži podatke"},{"$i":"video-call-rejected","$v":"Video poziv je odbijen, promenite u govorni poziv."},{"$i":"video-call-not-support","$v":"Video poziv nije podržan."},{"$i":"video-call-rejected-timeout","$v":"Video call rejected or timeout."},{"$i":"video-call-from","$v":["Prima se video poziv od korisnika ",{"t":"idOrVar","v":"name"},"."]},{"$i":"video-call-canceled","$v":"Video poziv je otkazan."},{"$i":"video-call-failed","$v":"Video poziv nije uspeo."},{"$i":"call-downgraded","$v":"Цалл довнградед."},{"$i":"wifi-calling","$v":"Wi-Fi pozivanje"},{"$i":"wifi-calling-1","$v":"Vaš poziv može biti prekinut."},{"$i":"wifi-calling-2","$v":"Skoro ste izvan dometa pokrivenosti Wi-Fi mrežom."},{"$i":"wifi-calling-dropped","$v":"Pozivanje preko Wi-Fi mreže je prekinuto."},{"$i":"accept","$v":"Prihvati"},{"$i":"conference-call-num","$v":"Kontoetikett"},{"$i":"more","$v":"Još"},{"$i":"rec","$v":"REC"},{"$i":"start-recording-call","$v":"Započnite snimanje poziva."},{"$i":"stop-recording-call","$v":"Zaustavite snimanje poziva."},{"$i":"insufficient-storage","$v":"Nema mesta u skladištu. Snimanje je zaustavljeno."},{"$i":"reply","$v":"Odgovori"},{"$i":"reply-message-1","$v":"Žao mi je, trenutno ne mogu da pričam."},{"$i":"reply-message-2","$v":"Stižem."},{"$i":"reply-message-3","$v":"Mogu li da vas pozovem kasnije?"},{"$i":"reply-message-4","$v":"Prilagođeno..."},{"$i":"reply-to-name","$v":["Odgovoreno osobi ",{"t":"idOrVar","v":"name"}]},{"$i":"mt-call-on-hold","$v":"Poziv je stavljen na čekanje."},{"$i":"mt-call_retrieved","$v":"Poziv je preuzet."},{"$i":"mt-multi_party_call","$v":"Dodati ste u konferencijski poziv."},{"$i":"hangup-a11y-button","$v":""},{"$i":"pickup-a11y-button","$v":""},{"$i":"mute","$v":""},{"$i":"toggleKeypad","$v":""},{"$i":"newCall","$v":""},{"$i":"speakerOption","$v":""},{"$i":"bluetoothOption","$v":""},{"$i":"onHoldOption","$v":""},{"$i":"merge","$v":""},{"$i":"ignore","$v":""},{"$i":"dialerAddContact","$v":""},{"$i":"makeCall","$v":""},{"$i":"call-forwarding-async","$v":["Asinhrono: ",{"t":"idOrVar","v":"async"}]},{"$i":"call-forwarding-data","$v":["Podaci: ",{"t":"idOrVar","v":"data"}]},{"$i":"call-forwarding-error","$v":"Došlo je do greške pri preuzimanja statusa preusmeravanja poziva"},{"$i":"call-forwarding-fax","$v":["FAKS: ",{"t":"idOrVar","v":"fax"}]},{"$i":"call-forwarding-inactive","$v":"Neaktivno"},{"$i":"call-forwarding-packet","$v":["Paket: ",{"t":"idOrVar","v":"packet"}]},{"$i":"call-forwarding-pad","$v":["PAD: ",{"t":"idOrVar","v":"pad"}]},{"$i":"call-forwarding-sms","$v":["SMS: ",{"t":"idOrVar","v":"sms"}]},{"$i":"call-forwarding-status","$v":"Status preusm. poziva"},{"$i":"call-forwarding-sync","$v":["Sinhronizovano: ",{"t":"idOrVar","v":"sync"}]},{"$i":"call-forwarding-voice","$v":["Glas: ",{"t":"idOrVar","v":"voice"}]},{"$i":"scCallBarring","$v":"Zabrana poziva"},{"$i":"scCallForwarding","$v":"Preusmeravanje poziva"},{"$i":"scClip","$v":"ID pozivaoca dolaznog poziva"},{"$i":"scClir","$v":"ID poziv. odl. poziva"},{"$i":"scPwd","$v":"Promena lozinke"},{"$i":"scCallWaiting","$v":"Poziv na čekanju"},{"$i":"scPin","$v":"Promena PIN koda"},{"$i":"scPin2","$v":"Promena PIN2 koda"},{"$i":"scPuk","$v":"Odblokiraj PIN kod"},{"$i":"scPuk2","$v":"Odblokiraj PIN2 kod"},{"$i":"scImei","$v":"IMEI"},{"$i":"scMeid","$v":"MEID"},{"$i":"scUssd","$v":"USSD"},{"$i":"serviceClassVoice","$v":"Glas"},{"$i":"serviceClassData","$v":"Podaci"},{"$i":"serviceClassFax","$v":"FAKS"},{"$i":"serviceClassSms","$v":"SMS"},{"$i":"serviceClassDataSync","$v":"Sinhronizacija"},{"$i":"serviceClassDataAsync","$v":"Asinh."},{"$i":"serviceClassPacket","$v":"Paket"},{"$i":"serviceClassPad","$v":"PAD"},{"$i":"smServiceEnabled","$v":"Usluga je omogućena"},{"$i":"smServiceDisabled","$v":"Usluga je onemogućena"},{"$i":"smServiceRegistered","$v":"Uspešno ste se registrovali"},{"$i":"smServiceErased","$v":"Brisanje je uspelo"},{"$i":"smServiceInterrogated","$v":"Zahtev je uspešan"},{"$i":"smServiceNotProvisioned","$v":"Usluga nije obezbeđena"},{"$i":"smClirPermanent","$v":"Ne možete da promenite podešavanja ID-a pozivaoca"},{"$i":"smClirDefaultOnNextCallOn","$v":"Podrazumevani ID pozivaoca nije dostupan. Sledeći poziv: nije dostupan"},{"$i":"smClirDefaultOnNextCallOff","$v":"Podrazumevani ID pozivaoca nije dostupan. Sledeći poziv: dostupan"},{"$i":"smClirDefaultOffNextCallOn","$v":"Podrazumevani ID pozivaoca je dostupan. Sledeći poziv: nije dostupan"},{"$i":"smClirDefaultOffNextCallOff","$v":"Podrazumevani ID pozivaoca je dostupan. Sledeći poziv: dostupan"},{"$i":"smServiceEnabledFor","$v":"Usluga je omog. za:"},{"$i":"smPinChanged","$v":"PIN uspešno prom."},{"$i":"smPinUnblocked","$v":"PIN uspešno debl."},{"$i":"smPin2Changed","$v":"PIN2 uspešno prom."},{"$i":"smPin2Unblocked","$v":"PIN2 uspešno debl."},{"$i":"ServiceIsEnabled","$v":"Usluga je omogućena"},{"$i":"ServiceIsDisabled","$v":"Usluga je onemogućena"},{"$i":"ServiceIsEnabledFor","$v":"Usluga je omogućena za:"},{"$i":"emMmiError","$v":"Problem sa povezivanjem ili MMI šifrom"},{"$i":"emMmiErrorPasswordIncorrect","$v":"Netačna lozinka"},{"$i":"emMmiErrorNotSupported","$v":"Nevažeći ili nepodržani MMI kod"},{"$i":"emMmiErrorInvalidAction","$v":"Nevažeća radnja"},{"$i":"emMmiErrorInvalidScCode","$v":"Nevažeći servisni kod"},{"$i":"emMmiErrorBadPuk","$v":"PUK kod koji ste uneli je netačan"},{"$i":"emMmiErrorBadPin","$v":"Stari PIN kod koji ste uneli je netačan."},{"$i":"emMmiErrorNeedPuk2","$v":"Ukucajte PUK2 kod da biste deblokirali SIM karticu"},{"$i":"emMmiErrorMismatchPin","$v":"PIN kodovi koje ste uneli se ne podudaraju"},{"$i":"emMmiErrorInvalidPin","$v":"Unesite PIN kod koji se sastoji od 4 do 8 brojeva"},{"$i":"emMmiErrorNeedsPuk","$v":"Vaša SIM kartica je zaključana PUK kodom"},{"$i":"emMmiErrorEnablePin","$v":"Neuspešno. Omogući SIM/RUIM BLOKADU"},{"$i":"emMmiErrorMmiFdn","$v":"Oper. je ogr. isključivo na br. fiks. bir."},{"$i":"emMmiErrorStkCcUssdDial","$v":"USSD zahtev je promenjen u DIAL zahtev"},{"$i":"emMmiErrorStkCcUssdSs","$v":"USSD zahtev je promenjen u SS zahtev"},{"$i":"emMmiErrorStkCcUssdUssd","$v":"USSD zahtev je promenjen u novi USSD zahtev"},{"$i":"emMmiErrorStkCcSsDial","$v":"SS zahtev je promenjen u zahtev za biranje"},{"$i":"emMmiErrorStkCcSsUssd","$v":"SS zaht. je prom. u USSD zaht."},{"$i":"emMmiErrorStkCcSsSs","$v":"SS zaht. je prom. u novi SS zaht."},{"$i":"emMmiErrorPinPukAttempts","$v":{"few":[{"t":"idOrVar","v":"n"}," pokušaja preostala"],"many":[{"t":"idOrVar","v":"n"}," pokušaja preostalo"],"one":["Ost.samo ",{"t":"idOrVar","v":"n"}," pok."],"other":[{"t":"idOrVar","v":"n"}," pokušaja preostalo"],"two":[{"t":"idOrVar","v":"n"}," pokušaja preostalo"]},"$x":[{"t":"idOrVar","v":"plural"},"n"]},{"$i":"emMmiErrorSimBlocked","$v":"Maksimalni broj ponovnih pokušaja prekoračen. SIM kartica blokirana"},{"$i":"RadioNotAvailable","$v":"Radio not available"},{"$i":"GenericFailure","$v":"Generička greška"},{"$i":"PasswordIncorrect","$v":"Lozinka nije tačna"},{"$i":"SimPin2","$v":"PIN2 kod za SIM karticu"},{"$i":"SimPuk2","$v":"PUK2 kod za SIM karticu"},{"$i":"RequestNotSupported","$v":"Zahtev nije podržan"},{"$i":"OpNotAllowedDuringVoiceCall","$v":"Oper. nije dozv. tokom gov. poz."},{"$i":"SmsSendFailRetry","$v":"SMS send fail retry"},{"$i":"SimAbsent","$v":"Nema SIM kartice"},{"$i":"SubscriptionNotAvailable","$v":"Pretplata nije dostupna"},{"$i":"ModeNotSupported","$v":"Režim nije podržan"},{"$i":"FdnCheckFailure","$v":"Provera Fdn nije uspela"},{"$i":"IllegalSimOrMe","$v":"Nevažeća SIM kartica ili ME"},{"$i":"DialModifiedToUssd","$v":"Dial modified to USSD"},{"$i":"DialModifiedToSs","$v":"Dial modified to SS"},{"$i":"DialModifiedToDial","$v":"Dial modified to dial"},{"$i":"UssdModifiedToDial","$v":"USSD prilagođen biranju"},{"$i":"UssdModifiedToSs","$v":"USSD prilagođen SS-u"},{"$i":"UssdModifiedToUssd","$v":"USSD prilagođen USSD-u"},{"$i":"SsModifiedToDial","$v":"SS prilagođen biranju"},{"$i":"SsModifiedToUssd","$v":"SS prilagođen USSD-u"},{"$i":"SsModifiedToSs","$v":"SS prilagođen SS-u"},{"$i":"SubscriptionNotSupported","$v":"Pretplata nije podržana"},{"$i":"InvalidParameter","$v":"Nevažeći parametar"},{"$i":"RejectedByRemote","$v":"Daljinski odbijeno"},{"$i":"error","$v":"Greška"}]