[{"$i":"weekday-0-long","$v":"Söndag"},{"$i":"weekday-1-long","$v":"Måndag"},{"$i":"weekday-2-long","$v":"Tisdag"},{"$i":"weekday-3-long","$v":"Onsdag"},{"$i":"weekday-4-long","$v":"Torsdag"},{"$i":"weekday-5-long","$v":"Fredag"},{"$i":"weekday-6-long","$v":"Lördag"},{"$i":"weekday-0-short","$v":"Sön"},{"$i":"weekday-1-short","$v":"Mån"},{"$i":"weekday-2-short","$v":"Tis"},{"$i":"weekday-3-short","$v":"Ons"},{"$i":"weekday-4-short","$v":"Tor"},{"$i":"weekday-5-short","$v":"Fre"},{"$i":"weekday-6-short","$v":"Lör"},{"$i":"month-0-long","$v":"Januari"},{"$i":"month-1-long","$v":"Februari"},{"$i":"month-2-long","$v":"Mars"},{"$i":"month-3-long","$v":"April"},{"$i":"month-4-long","$v":"Maj"},{"$i":"month-5-long","$v":"Juni"},{"$i":"month-6-long","$v":"Juli"},{"$i":"month-7-long","$v":"Augusti"},{"$i":"month-8-long","$v":"September"},{"$i":"month-9-long","$v":"Oktober"},{"$i":"month-10-long","$v":"November"},{"$i":"month-11-long","$v":"December"},{"$i":"month-0-genitive","$v":"Januari"},{"$i":"month-1-genitive","$v":"Februari"},{"$i":"month-2-genitive","$v":"Mars"},{"$i":"month-3-genitive","$v":"April"},{"$i":"month-4-genitive","$v":"Maj"},{"$i":"month-5-genitive","$v":"Juni"},{"$i":"month-6-genitive","$v":"Juli"},{"$i":"month-7-genitive","$v":"Augusti"},{"$i":"month-8-genitive","$v":"September"},{"$i":"month-9-genitive","$v":"Oktober"},{"$i":"month-10-genitive","$v":"November"},{"$i":"month-11-genitive","$v":"December"},{"$i":"month-0-short","$v":"Jan"},{"$i":"month-1-short","$v":"Feb"},{"$i":"month-2-short","$v":"Mar"},{"$i":"month-3-short","$v":"Apr"},{"$i":"month-4-short","$v":"Maj"},{"$i":"month-5-short","$v":"Jun"},{"$i":"month-6-short","$v":"Jul"},{"$i":"month-7-short","$v":"Aug"},{"$i":"month-8-short","$v":"Sep"},{"$i":"month-9-short","$v":"Okt"},{"$i":"month-10-short","$v":"Nov"},{"$i":"month-11-short","$v":"Dec"},{"$i":"minutes-ago-long","$v":{"few":[{"t":"idOrVar","v":"value"}," minuter sedan"],"many":[{"t":"idOrVar","v":"value"}," minuter sedan"],"one":"en minut sedan","other":[{"t":"idOrVar","v":"value"}," minuter sedan"],"two":[{"t":"idOrVar","v":"value"}," minuter sedan"],"zero":"just nu"},"$x":[{"t":"idOrVar","v":"plural"},"value"]},{"$i":"hours-ago-long","$v":{"few":[{"t":"idOrVar","v":"value"}," timmar sedan"],"many":[{"t":"idOrVar","v":"value"}," timmar sedan"],"one":"en timme sedan","other":[{"t":"idOrVar","v":"value"}," timmar sedan"],"two":[{"t":"idOrVar","v":"value"}," timmar sedan"],"zero":"just nu"},"$x":[{"t":"idOrVar","v":"plural"},"value"]},{"$i":"days-ago-long","$v":{"few":[{"t":"idOrVar","v":"value"}," dagar sedan"],"many":[{"t":"idOrVar","v":"value"}," dagar sedan"],"one":"igår","other":[{"t":"idOrVar","v":"value"}," dagar sedan"],"two":[{"t":"idOrVar","v":"value"}," dagar sedan"],"zero":"idag"},"$x":[{"t":"idOrVar","v":"plural"},"value"]},{"$i":"weeks-ago-long","$v":{"few":[{"t":"idOrVar","v":"value"}," veckor sedan"],"many":[{"t":"idOrVar","v":"value"}," veckor sedan"],"one":"förra veckan","other":[{"t":"idOrVar","v":"value"}," veckor sedan"],"two":[{"t":"idOrVar","v":"value"}," veckor sedan"],"zero":"den här veckan"},"$x":[{"t":"idOrVar","v":"plural"},"value"]},{"$i":"months-ago-long","$v":{"few":[{"t":"idOrVar","v":"value"}," månader sedan"],"many":[{"t":"idOrVar","v":"value"}," månader sedan"],"one":"förra månaden","other":[{"t":"idOrVar","v":"value"}," månader sedan"],"two":[{"t":"idOrVar","v":"value"}," månader sedan"],"zero":"den här månaden"},"$x":[{"t":"idOrVar","v":"plural"},"value"]},{"$i":"years-ago-long","$v":{"few":[{"t":"idOrVar","v":"value"}," år sedan"],"many":[{"t":"idOrVar","v":"value"}," år sedan"],"one":"förra året","other":[{"t":"idOrVar","v":"value"}," år sedan"],"two":[{"t":"idOrVar","v":"value"}," år sedan"],"zero":"det här året"},"$x":[{"t":"idOrVar","v":"plural"},"value"]},{"$i":"minutes-until-long","$v":{"few":["om ",{"t":"idOrVar","v":"value"}," minuter"],"many":["om ",{"t":"idOrVar","v":"value"}," minuter"],"one":"om en minut","other":["om ",{"t":"idOrVar","v":"value"}," minuter"],"two":["om ",{"t":"idOrVar","v":"value"}," minuter"],"zero":"nu"},"$x":[{"t":"idOrVar","v":"plural"},"value"]},{"$i":"hours-until-long","$v":{"few":["om ",{"t":"idOrVar","v":"value"}," timmar"],"many":["om ",{"t":"idOrVar","v":"value"}," timmar"],"one":"om en timme","other":["om ",{"t":"idOrVar","v":"value"}," timmar"],"two":["om ",{"t":"idOrVar","v":"value"}," timmar"],"zero":"nu"},"$x":[{"t":"idOrVar","v":"plural"},"value"]},{"$i":"days-until-long","$v":{"few":["om ",{"t":"idOrVar","v":"value"}," dagar"],"many":["om ",{"t":"idOrVar","v":"value"}," dagar"],"one":"imorgon","other":["om ",{"t":"idOrVar","v":"value"}," dagar"],"two":["om ",{"t":"idOrVar","v":"value"}," dagar"],"zero":"idag"},"$x":[{"t":"idOrVar","v":"plural"},"value"]},{"$i":"weeks-until-long","$v":{"few":["om ",{"t":"idOrVar","v":"value"}," veckor"],"many":["om ",{"t":"idOrVar","v":"value"}," veckor"],"one":"nästa vecka","other":["om ",{"t":"idOrVar","v":"value"}," veckor"],"two":["om ",{"t":"idOrVar","v":"value"}," veckor"],"zero":"den här veckan"},"$x":[{"t":"idOrVar","v":"plural"},"value"]},{"$i":"months-until-long","$v":{"few":["om ",{"t":"idOrVar","v":"value"}," månader"],"many":["om ",{"t":"idOrVar","v":"value"}," månader"],"one":"nästa månad","other":["om ",{"t":"idOrVar","v":"value"}," månader"],"two":["om ",{"t":"idOrVar","v":"value"}," månader"],"zero":"den här månaden"},"$x":[{"t":"idOrVar","v":"plural"},"value"]},{"$i":"years-until-long","$v":{"few":["om ",{"t":"idOrVar","v":"value"}," år"],"many":["om ",{"t":"idOrVar","v":"value"}," år"],"one":"nästa år","other":["om ",{"t":"idOrVar","v":"value"}," år"],"two":["om ",{"t":"idOrVar","v":"value"}," år"],"zero":"det här året"},"$x":[{"t":"idOrVar","v":"plural"},"value"]},{"$i":"minutes-ago-short","$v":{"other":[{"t":"idOrVar","v":"value"}," m sedan"],"zero":"just nu"},"$x":[{"t":"idOrVar","v":"plural"},"value"]},{"$i":"hours-ago-short","$v":{"other":[{"t":"idOrVar","v":"value"}," tim. sedan"],"zero":"just nu"},"$x":[{"t":"idOrVar","v":"plural"},"value"]},{"$i":"days-ago-short","$v":{"other":[{"t":"idOrVar","v":"value"}," d sedan"],"zero":"idag"},"$x":[{"t":"idOrVar","v":"plural"},"value"]},{"$i":"minutes-until-short","$v":{"other":["om ",{"t":"idOrVar","v":"value"}," min."],"zero":"nu"},"$x":[{"t":"idOrVar","v":"plural"},"value"]},{"$i":"hours-until-short","$v":{"other":["om ",{"t":"idOrVar","v":"value"}," tim."],"zero":"nu"},"$x":[{"t":"idOrVar","v":"plural"},"value"]},{"$i":"days-until-short","$v":{"other":["om ",{"t":"idOrVar","v":"value"}," dag"],"zero":"idag"},"$x":[{"t":"idOrVar","v":"plural"},"value"]},{"$i":"incorrectDate","$v":"(fel datum)"},{"$i":"dateTimeFormat_%c","$v":"%a %b %e %Y %I:%M:%S %p"},{"$i":"dateTimeFormat_%x","$v":"%m/%d/%Y"},{"$i":"dateTimeFormat_%X","$v":"%I:%M:%S %p"},{"$i":"shortTimeFormat","$v":"%I:%M %p"},{"$i":"shortTimeFormat12","$v":"%I:%M %p"},{"$i":"shortTimeFormat24","$v":"%H:%M"},{"$i":"shortDateTimeFormat","$v":"%x %I:%M %p"},{"$i":"weekStartsOnMonday","$v":"0.0"},{"$i":"firstDayOfTheWeek","$v":"1.0"},{"$i":"time_am","$v":"am"},{"$i":"time_pm","$v":"PM"},{"$i":"label","$v":"Etikett"},{"$i":"mobile","$v":"Mobil"},{"$i":"home","$v":"Hem"},{"$i":"work","$v":"Arbete"},{"$i":"personal","$v":"Privat"},{"$i":"faxHome","$v":"Fax hem"},{"$i":"faxOffice","$v":"Fax kontor"},{"$i":"faxOther","$v":"Fax annan"},{"$i":"another","$v":"En annan"},{"$i":"other","$v":"Annat"},{"$i":"customTag","$v":"Anpassad tagg","placeholder":"Anpassad tagg"},{"$i":"current","$v":"Nuvarande"},{"$i":"itemWithLabel","$v":[{"t":"idOrVar","v":"label"},", ",{"t":"idOrVar","v":"item"}]},{"$i":"airplaneMode","$v":"Flygläge"},{"$i":"searching","$v":"Söker ..."},{"$i":"noNetwork","$v":"Inget nätverk"},{"$i":"roaming","$v":[{"t":"idOrVar","v":"operator"}," (Roaming)"]},{"$i":"operator-info","$v":[{"t":"idOrVar","v":"carrier"}," ",{"t":"idOrVar","v":"region"}]},{"$i":"emergencyCallsOnly","$v":"Endast nödsamtal"},{"$i":"emergencyCallsOnly-unknownSIMState","$v":"(okänt SIM-kortstillstånd)"},{"$i":"emergencyCallsOnly-noSIM","$v":"(Inget SIM-kort)"},{"$i":"emergencyCallsOnly-pinRequired","$v":"(SIM PIN-kod krävs)"},{"$i":"emergencyCallsOnly-pukRequired","$v":"(SIM PUK-kod krävs)"},{"$i":"emergencyCallsOnly-networkLocked","$v":"(nätverkslåst)"},{"$i":"emergencyCallsOnly-serviceProviderLocked","$v":"(tjänsteleverantörslåst)"},{"$i":"emergencyCallsOnly-corporateLocked","$v":"(företagslåst)"},{"$i":"emergencyCallsOnly-network1Locked","$v":"(nätverk1-låst)"},{"$i":"emergencyCallsOnly-network2Locked","$v":"(nätverk2-låst)"},{"$i":"emergencyCallsOnly-hrpdNetworkLocked","$v":"(hrpd nätverkslåst)"},{"$i":"emergencyCallsOnly-ruimCorporateLocked","$v":"(RUIM, företagslåst)"},{"$i":"emergencyCallsOnly-ruimServiceProviderLocked","$v":"(RUIM, tjänsteleverantörslåst)"},{"$i":"lockscreen-sim-id","$v":["SIM ",{"t":"idOrVar","v":"n"}]},{"$i":"charging-no-time","$v":[{"t":"idOrVar","v":"level"},"% laddad"]},{"$i":"charging-minutes","$v":{"few":[{"t":"idOrVar","v":"level"},"% laddad (",{"t":"idOrVar","v":"minutes"}," min. till fulladdad)"],"many":[{"t":"idOrVar","v":"level"},"% laddad (",{"t":"idOrVar","v":"minutes"}," min. till fulladdad)"],"one":[{"t":"idOrVar","v":"level"},"% laddad (",{"t":"idOrVar","v":"minutes"}," min. till fulladdad)"],"other":[{"t":"idOrVar","v":"level"},"% laddad (",{"t":"idOrVar","v":"minutes"}," min. till fulladdad)"],"two":[{"t":"idOrVar","v":"level"},"% laddad (",{"t":"idOrVar","v":"minutes"}," min. till fulladdad)"],"zero":[{"t":"idOrVar","v":"level"},"% laddad (",{"t":"idOrVar","v":"minutes"}," min. till fulladdad)"]},"$x":[{"t":"idOrVar","v":"plural"},"minutes"]},{"$i":"charging-hours","$v":{"few":[{"t":"idOrVar","v":"level"},"% laddad (",{"t":"idOrVar","v":"hours"}," tim. ",{"t":"idOrVar","v":"minutes"}," min. till fulladdad)"],"many":[{"t":"idOrVar","v":"level"},"% laddad (",{"t":"idOrVar","v":"hours"}," tim. ",{"t":"idOrVar","v":"minutes"}," min. till fulladdad)"],"one":[{"t":"idOrVar","v":"level"},"% laddad (",{"t":"idOrVar","v":"hours"}," tim. ",{"t":"idOrVar","v":"minutes"}," min. till fulladdad)"],"other":[{"t":"idOrVar","v":"level"},"% laddad (",{"t":"idOrVar","v":"hours"}," tim. ",{"t":"idOrVar","v":"minutes"}," min. till fulladdad)"],"two":[{"t":"idOrVar","v":"level"},"% laddad (",{"t":"idOrVar","v":"hours"}," tim. ",{"t":"idOrVar","v":"minutes"}," min. till fulladdad)"],"zero":[{"t":"idOrVar","v":"level"},"% laddad (",{"t":"idOrVar","v":"hours"}," tim. ",{"t":"idOrVar","v":"minutes"}," min. till fulladdad)"]},"$x":[{"t":"idOrVar","v":"plural"},"minutes"]},{"$i":"phoneNumberInput","ariaLabel":"Telefonnummer"},{"$i":"keypadDelete","ariaLabel":"Ta bort"},{"$i":"voiceMailKey","ariaLabel":"Röstmeddelande"},{"$i":"asterisk","ariaLabel":"Asterisk"},{"$i":"hashSign","ariaLabel":"Nummertecken"},{"$i":"cancel","$v":"Avbryt"},{"$i":"loadingSimContacts","$v":"Läser in SIM-kortskontakter…"},{"$i":"noContactsWereFound","$v":"Inga kontakter hittades"},{"$i":"noContactsFoundDialogOk","$v":"OK"},{"$i":"emergencyNumber","$v":"Nödsitationsnummer"},{"$i":"callAirplaneModeMessage","$v":"Du måste inaktivera flygläge i inställningar för att kunna ringa ett samtal."},{"$i":"callAirplaneModeBtnOk","$v":"OK"},{"$i":"callAirplaneModeTitle","$v":"Flygläge aktiverat"},{"$i":"numberIsBusyTitle","$v":"Numret är upptaget"},{"$i":"numberIsBusyMessage","$v":"Numret är upptaget. Försök igen senare."},{"$i":"fdnIsActiveTitle","$v":"FDN aktiv"},{"$i":"fdnIsActiveMessage","$v":["FDN (nummerbegräsningsnr.) är aktivt och följande nr. finns i FDN-listan: ",{"t":"idOrVar","v":"number"}]},{"$i":"emergencyDialogBodyBadNumber","$v":"Du måste vara ansluten till ett nätverk för att kunna ringa ett samtal."},{"$i":"emergencyDialogBodyDeviceNotAccepted","$v":"Nödsamtal tillåts inte av nätverket."},{"$i":"emergencyDialogBtnOk","$v":"OK"},{"$i":"emergencyDialogTitle","$v":"Ingen nätverksanslutning"},{"$i":"invalidNumberToDialTitle","$v":"Ogiltigt telefonnummer"},{"$i":"invalidNumberToDialMessage","$v":"Telefonnumret du ringer är inte giltigt."},{"$i":"unableToCallTitle","$v":"Det går inte att ringa samtal. "},{"$i":"unableToCallMessage","$v":"Det går inte att ringa ett samtal nu"},{"$i":"otherConnectionInUseTitle","$v":"Annan anslutning används"},{"$i":"otherConnectionInUseMessage","$v":"Du har ett aktivt samtal på en annan anslutning. Du kan bara använda en anslutning åt gången."},{"$i":"connectingEllipsis","$v":"Ansluter..."},{"$i":"clear","$v":"Rensa"},{"$i":"dialer","$v":"Uppringare"},{"$i":"kai-incomming-call","$v":"Inkommande samtal"},{"$i":"kai-in-call","$v":"Inkommande samtal"},{"$i":"kai-answer","$v":"Svara"},{"$i":"kai-end-answer","$v":"Avsluta och svara"},{"$i":"kai-decline","$v":"Avvisa"},{"$i":"enter-passcode","$v":"Ange lösenordet för att låsa upp skärmen."},{"$i":"passcode-error","$v":"Ogiltig kod. Försök igen."},{"$i":"voice-call","$v":"Röstsamtal"},{"$i":"video-call","$v":"Videosamtal"},{"$i":"message","$v":"Meddelanden"},{"$i":"answer-rtt-call","$v":"Besvara RTT"},{"$i":"req-rtt-call","$v":"ANS RTT"},{"$i":"rtt-call","$v":"RTT-samtal"},{"$i":"rtt-view","$v":"RTT-vy"},{"$i":"change-to-rtt-call","$v":"RTT-samtal ansluts ..."},{"$i":"change-to-voice-call","$v":"Ändrades till röstsamtal."},{"$i":"upgrading-rtt","$v":"Uppgraderar till RTT-samtal ..."},{"$i":"rtt-call-failed","$v":"RTT-samtalet misslyckades."},{"$i":"voice-call-failed","$v":"Röstsamtalet misslyckades."},{"$i":"rtt","$v":"RTT"},{"$i":"rtt-emegency-upgrade-rejected","$v":"RTT är inte tillgängligt för det här 911-samtalet."},{"$i":"rtt-emegency-downgrade","$v":"RTT är inte tillgängligt för det här 911-samtalet. Samtalet har anslutits som ett samtal med endast röst. Vid problem ringer du ett röst- eller reläsamtal till 911."},{"$i":"voice-only-call","$v":"Ditt samtal har anslutits som ett endast röst-samtal."},{"$i":"ans-rtt-failed","$v":"Det gick inte att upprätta RTT-samtal. Ditt samtal har anslutits som ett röstsamtal."},{"$i":"back","$v":"Tillbaka"},{"$i":"new-message","$v":"Nya meddelanden från"},{"$i":"kai-mute","$v":"Ljudlöst"},{"$i":"kai-unmute","$v":"Mikrofon på"},{"$i":"kai-speaker","$v":"Högtalare"},{"$i":"kai-speaker-off","$v":"Högtalare av"},{"$i":"kai-microphone-mute-notification","$v":"Mikrofon, ljudlös"},{"$i":"kai-microphone-active-notification","$v":"Mikrofon är aktiv"},{"$i":"kai-speaker-off-notification","$v":"Extern högtalare av"},{"$i":"kai-speaker-on-notification","$v":"Extern högtalare på"},{"$i":"kai-hold-and-answer","$v":"Parkera och svara"},{"$i":"kai-ignore-call","$v":"Ignorera inkommande samtal"},{"$i":"kai-add-to-call","$v":"Lägg till samtal"},{"$i":"kai-switch-to-second-line","$v":"Växla samtal"},{"$i":"kai-merge-calls","$v":"Slå ihop samtal"},{"$i":"ok","$v":"OK"},{"$i":"losing-wifi-msg","$v":"förlorar wifi"},{"$i":"hd","$v":"HD"},{"$i":"manage-call","$v":"Hantera samtal"},{"$i":"end","$v":"Avsluta samtal"},{"$i":"private","$v":"Privat"},{"$i":"sound","$v":"Ljud"},{"$i":"bluetooth-device","$v":"Bluetooth-enhet"},{"$i":"handset-earpiece","$v":"Telefon"},{"$i":"speaker","$v":"Högtalare"},{"$i":"call-ended","$v":"Samtal avslutat"},{"$i":"payphone","$v":"Betaltelefon"},{"$i":"contact","$v":"Kontakt"},{"$i":"dialer-prompt","$v":"Uppringningsnummer eller vald kontakt att lägga till i samtal"},{"$i":"call","$v":"Samtal"},{"$i":"hold","$v":"Parkera"},{"$i":"volume","$v":"Volym"},{"$i":"softkey-options","$v":"Alternativ"},{"$i":"unhold-call","$v":"Återuppta samtal"},{"$i":"hold-call","$v":"Parkera samtal"},{"$i":"select","$v":"Välj"},{"$i":"unknown","$v":"Okänd"},{"$i":"switch-calls","$v":"Växla samtal"},{"$i":"voiceMail","$v":"Röstmeddelande"},{"$i":"incoming","$v":"Incoming"},{"$i":"outgoing","$v":"Utgående"},{"$i":"callEnded","$v":"Samtal avslutat"},{"$i":"callEndedDuration","$v":["Samtal avslutat (",{"t":"idOrVar","v":"duration"},")"]},{"$i":"conferenceAddError","$v":"Det går inte att slå ihop samtal"},{"$i":"conferenceRemoveError","$v":"Det går inte att bryta upp samtal"},{"$i":"callDurationMinutes","$v":[{"t":"idOrVar","v":"m"},":",{"t":"idOrVar","v":"s"}]},{"$i":"callDurationHours","$v":[{"t":"idOrVar","v":"h"},":",{"t":"idOrVar","v":"m"},":",{"t":"idOrVar","v":"s"}]},{"$i":"callDurationTextFormatSeconds","$v":[{"t":"idOrVar","v":"s"}," s"]},{"$i":"callDurationTextFormatMinutes","$v":[{"t":"idOrVar","v":"m"}," m ",{"t":"idOrVar","v":"s"}," s"]},{"$i":"callDurationTextFormatHours","$v":[{"t":"idOrVar","v":"h"}," h ",{"t":"idOrVar","v":"m"}," m ",{"t":"idOrVar","v":"s"}," s"]},{"$i":"switch-to-device-toast","$v":"Växlat till bluetooth-enhet"},{"$i":"switch-to-handset-toast","$v":"Växlat till telefonens hörlur."},{"$i":"switch-to-speaker-toast","$v":"Växlat till högtalare"},{"$i":"connecting","$v":"Ansluter"},{"$i":"wifi-call-quality-excellent","$v":"Utmärkt"},{"$i":"wifi-call-quality-fair","$v":"Rimlig"},{"$i":"wifi-call-quality-bad","$v":"Dålig"},{"$i":"call-left-conference-toast","$v":"har lämnat samtalet"},{"$i":"camera-off","$v":"Kamera av"},{"$i":"camera-on","$v":"Kamera på"},{"$i":"rear-camera","$v":"Bakre kamera"},{"$i":"front-camera","$v":"Frontkamera"},{"$i":"hide-info","$v":"Dölj info"},{"$i":"show-info","$v":"Visa info"},{"$i":"video-call-rejected","$v":"Videosamtal avvisat, ändra till röstsamtal."},{"$i":"video-call-not-support","$v":"Videosamtal stöds ej."},{"$i":"video-call-rejected-timeout","$v":"Video call rejected or timeout."},{"$i":"video-call-from","$v":["Inkommande videosamtal från ",{"t":"idOrVar","v":"name"},"."]},{"$i":"video-call-canceled","$v":"Videosamtal avbrutet."},{"$i":"video-call-failed","$v":"Videosamtal misslyckades."},{"$i":"call-downgraded","$v":"Ring nedgraderad."},{"$i":"wifi-calling","$v":"Wi-Fi-uppringning"},{"$i":"wifi-calling-1","$v":"Samtalet kan brytas."},{"$i":"wifi-calling-2","$v":"Du är nästan utanför området för Wi-Fi-täckning."},{"$i":"wifi-calling-dropped","$v":"Wi-Fi-samtal avbrutet."},{"$i":"accept","$v":"Acceptera"},{"$i":"conference-call-num","$v":[{"t":"idOrVar","v":"num"}," personer i samtal."]},{"$i":"more","$v":"Mer"},{"$i":"rec","$v":"REC"},{"$i":"start-recording-call","$v":"Börja spela in samtal."},{"$i":"stop-recording-call","$v":"Sluta spela in samtal."},{"$i":"insufficient-storage","$v":"Otillräckligt lagringsutrymme. Inspelningen har stoppats."},{"$i":"reply","$v":"Svara"},{"$i":"reply-message-1","$v":"Tyvärr, jag kan inte prata just nu."},{"$i":"reply-message-2","$v":"Jag är på väg."},{"$i":"reply-message-3","$v":"Kan jag ringa dig senare?"},{"$i":"reply-message-4","$v":"Anpassa ..."},{"$i":"reply-to-name","$v":["Svarade till ",{"t":"idOrVar","v":"name"}]},{"$i":"mt-call-on-hold","$v":"Samtalet har parkerats."},{"$i":"mt-call_retrieved","$v":"Samtalet har hämtats."},{"$i":"mt-multi_party_call","$v":"Du har lagts till i ett konferenssamtal."},{"$i":"hangup-a11y-button","$v":""},{"$i":"pickup-a11y-button","$v":""},{"$i":"mute","$v":""},{"$i":"toggleKeypad","$v":""},{"$i":"newCall","$v":""},{"$i":"speakerOption","$v":""},{"$i":"bluetoothOption","$v":""},{"$i":"onHoldOption","$v":""},{"$i":"merge","$v":""},{"$i":"ignore","$v":""},{"$i":"dialerAddContact","$v":""},{"$i":"makeCall","$v":""},{"$i":"call-forwarding-async","$v":["Asynkron: ",{"t":"idOrVar","v":"async"}]},{"$i":"call-forwarding-data","$v":["Data: ",{"t":"idOrVar","v":"data"}]},{"$i":"call-forwarding-error","$v":"Ett fel uppstod när statusen vidarebefordra samtal skulle hämtas"},{"$i":"call-forwarding-fax","$v":["FAX: ",{"t":"idOrVar","v":"fax"}]},{"$i":"call-forwarding-inactive","$v":"Inaktivt"},{"$i":"call-forwarding-packet","$v":["Paket: ",{"t":"idOrVar","v":"packet"}]},{"$i":"call-forwarding-pad","$v":["PAD: ",{"t":"idOrVar","v":"pad"}]},{"$i":"call-forwarding-sms","$v":["SMS: ",{"t":"idOrVar","v":"sms"}]},{"$i":"call-forwarding-status","$v":"Status för vidarekoppling av samtal"},{"$i":"call-forwarding-sync","$v":["Synkron: ",{"t":"idOrVar","v":"sync"}]},{"$i":"call-forwarding-voice","$v":["Röst: ",{"t":"idOrVar","v":"voice"}]},{"$i":"scCallBarring","$v":"Samtalsspärr"},{"$i":"scCallForwarding","$v":"Vidarekoppling av samtal"},{"$i":"scClip","$v":"Inkommande nummerpresentation"},{"$i":"scClir","$v":"Utg. nr.presentation"},{"$i":"scPwd","$v":"Lösenordsändring"},{"$i":"scCallWaiting","$v":"Samtal väntar"},{"$i":"scPin","$v":"Ändra PIN"},{"$i":"scPin2","$v":"Ändra PIN2"},{"$i":"scPuk","$v":"Upplåsnings-PIN"},{"$i":"scPuk2","$v":"Upplåsnings-PIN2"},{"$i":"scImei","$v":"IMEI"},{"$i":"scMeid","$v":"MEID"},{"$i":"scUssd","$v":"USSD"},{"$i":"serviceClassVoice","$v":"Röst"},{"$i":"serviceClassData","$v":"Data"},{"$i":"serviceClassFax","$v":"FAX"},{"$i":"serviceClassSms","$v":"SMS"},{"$i":"serviceClassDataSync","$v":"Synkr."},{"$i":"serviceClassDataAsync","$v":"Async"},{"$i":"serviceClassPacket","$v":"Paket"},{"$i":"serviceClassPad","$v":"PAD"},{"$i":"smServiceEnabled","$v":"Tjänsten har aktiverats"},{"$i":"smServiceDisabled","$v":"Tjänsten har inaktiverats"},{"$i":"smServiceRegistered","$v":"Registrering genomförd"},{"$i":"smServiceErased","$v":"Erasure lyckades"},{"$i":"smServiceInterrogated","$v":"Begäran genomförd"},{"$i":"smServiceNotProvisioned","$v":"Tjänsten tillhandahålls ej"},{"$i":"smClirPermanent","$v":"Du kan inte ändra inställningen för nummerpresentation"},{"$i":"smClirDefaultOnNextCallOn","$v":"Nummerpresentation är som standard begränsad. Nästa samtal: begränsat"},{"$i":"smClirDefaultOnNextCallOff","$v":"Nummerpresentation är som standard begränsad. Nästa samtal: ej begränsat"},{"$i":"smClirDefaultOffNextCallOn","$v":"Nummerpresentation har som standard ingen begränsning. Nästa samtal: begränsat"},{"$i":"smClirDefaultOffNextCallOff","$v":"Nummerpresentation har som standard ingen begränsning. Nästa samtal: ej begränsat"},{"$i":"smServiceEnabledFor","$v":"Tjänsten aktiverad för:"},{"$i":"smPinChanged","$v":"PIN-koden har ändrats"},{"$i":"smPinUnblocked","$v":"PIN-koden har låsts upp"},{"$i":"smPin2Changed","$v":"PIN2-koden har ändrats"},{"$i":"smPin2Unblocked","$v":"PIN2-koden har låsts upp"},{"$i":"ServiceIsEnabled","$v":"Tjänsten är aktiverad"},{"$i":"ServiceIsDisabled","$v":"Tjänsten är inaktiverad"},{"$i":"ServiceIsEnabledFor","$v":"Tjänsten är aktiverad för:"},{"$i":"emMmiError","$v":"Anslutningsproblem eller ogiltig MMI-kod"},{"$i":"emMmiErrorPasswordIncorrect","$v":"Fel lösenord"},{"$i":"emMmiErrorNotSupported","$v":"Ogiltig eller ej stödd MMI-kod"},{"$i":"emMmiErrorInvalidAction","$v":"Ogiltig åtgärd"},{"$i":"emMmiErrorInvalidScCode","$v":"Ogiltig tjänstekod"},{"$i":"emMmiErrorBadPuk","$v":"Den angivna PUK-koden är felaktig"},{"$i":"emMmiErrorBadPin","$v":"Den angivna gamla PIN-koden är fel."},{"$i":"emMmiErrorNeedPuk2","$v":"Ange PUK2 för att låsa upp SIM-kortet"},{"$i":"emMmiErrorMismatchPin","$v":"De PIN-koder du angivit överensstämmer inte"},{"$i":"emMmiErrorInvalidPin","$v":"Ange en PIN-kod som är 4-8 siffror"},{"$i":"emMmiErrorNeedsPuk","$v":"Ditt SIM-kort är PUK-låst"},{"$i":"emMmiErrorEnablePin","$v":"Misslyckades. Aktivera SIM/RUIM LOCK"},{"$i":"emMmiErrorMmiFdn","$v":"Åtgärd begränsad till enbart nr.begr.nr."},{"$i":"emMmiErrorStkCcUssdDial","$v":"USSD-begäran ändrad till DIAL-begäran"},{"$i":"emMmiErrorStkCcUssdSs","$v":"USSD-begäran ändrad till SS-begäran"},{"$i":"emMmiErrorStkCcUssdUssd","$v":"USSD-begäran ändrad till ny USSD-begäran"},{"$i":"emMmiErrorStkCcSsDial","$v":"SS-begäran ändrad till DIAL-begäran"},{"$i":"emMmiErrorStkCcSsUssd","$v":"SS-begäran ändr. till USSD-begäran"},{"$i":"emMmiErrorStkCcSsSs","$v":"SS-begäran ändr. till ny SS-begäran"},{"$i":"emMmiErrorPinPukAttempts","$v":{"few":[{"t":"idOrVar","v":"n"}," försök kvar"],"many":[{"t":"idOrVar","v":"n"}," försök kvar"],"one":[{"t":"idOrVar","v":"n"}," försök kvar"],"other":[{"t":"idOrVar","v":"n"}," försök kvar"],"two":[{"t":"idOrVar","v":"n"}," försök kvar"]},"$x":[{"t":"idOrVar","v":"plural"},"n"]},{"$i":"emMmiErrorSimBlocked","$v":"Max antal omförsök har överskidits. SIM-kort spärrat"},{"$i":"RadioNotAvailable","$v":"Radio not available"},{"$i":"GenericFailure","$v":"Allmänt fel"},{"$i":"PasswordIncorrect","$v":"Fel lösenord"},{"$i":"SimPin2","$v":"SIM PIN2"},{"$i":"SimPuk2","$v":"SIM PUK2"},{"$i":"RequestNotSupported","$v":"Begäran stöds inte"},{"$i":"OpNotAllowedDuringVoiceCall","$v":"Otillåten åtgärd under röstsamtal"},{"$i":"SmsSendFailRetry","$v":"SMS send fail retry"},{"$i":"SimAbsent","$v":"SIM saknas"},{"$i":"SubscriptionNotAvailable","$v":"Abonnemanget är ej tillgängligt"},{"$i":"ModeNotSupported","$v":"Läget stöds ej"},{"$i":"FdnCheckFailure","$v":"Fdn-kontroll misslyckades"},{"$i":"IllegalSimOrMe","$v":"Otillåtet SIM eller ME"},{"$i":"DialModifiedToUssd","$v":"Dial modified to USSD"},{"$i":"DialModifiedToSs","$v":"Dial modified to SS"},{"$i":"DialModifiedToDial","$v":"Dial modified to dial"},{"$i":"UssdModifiedToDial","$v":"USSD ändrad till uppringn."},{"$i":"UssdModifiedToSs","$v":"USSD ändrad till SS"},{"$i":"UssdModifiedToUssd","$v":"USSD ändrad till USSD"},{"$i":"SsModifiedToDial","$v":"SS ändrad till uppringning"},{"$i":"SsModifiedToUssd","$v":"SS ändrad till USSD"},{"$i":"SsModifiedToSs","$v":"SS ändrad till SS"},{"$i":"SubscriptionNotSupported","$v":"Abonnemanget stöds ej"},{"$i":"InvalidParameter","$v":"Ogiltig parameter"},{"$i":"RejectedByRemote","$v":"Avvisad av fjärrstyrning"},{"$i":"error","$v":"Fel"}]