[{"$i":"weekday-0-long","$v":"อาทิตย์"},{"$i":"weekday-1-long","$v":"จันทร์"},{"$i":"weekday-2-long","$v":"อังคาร"},{"$i":"weekday-3-long","$v":"พุธ"},{"$i":"weekday-4-long","$v":"พฤหัสบดี"},{"$i":"weekday-5-long","$v":"ศุกร์"},{"$i":"weekday-6-long","$v":"เสาร์"},{"$i":"weekday-0-short","$v":"อาทิตย์"},{"$i":"weekday-1-short","$v":"จันทร์"},{"$i":"weekday-2-short","$v":"อังคาร"},{"$i":"weekday-3-short","$v":"พุธ"},{"$i":"weekday-4-short","$v":"พฤหัสบดี"},{"$i":"weekday-5-short","$v":"ศุกร์"},{"$i":"weekday-6-short","$v":"เสาร์"},{"$i":"month-0-long","$v":"มกราคม"},{"$i":"month-1-long","$v":"กุมภาพันธ์"},{"$i":"month-2-long","$v":"มีนาคม"},{"$i":"month-3-long","$v":"เมษายน"},{"$i":"month-4-long","$v":"พฤษภาคม"},{"$i":"month-5-long","$v":"มิถุนายน"},{"$i":"month-6-long","$v":"กรกฎาคม"},{"$i":"month-7-long","$v":"สิงหาคม"},{"$i":"month-8-long","$v":"กันยายน"},{"$i":"month-9-long","$v":"ตุลาคม"},{"$i":"month-10-long","$v":"พฤศจิกายน"},{"$i":"month-11-long","$v":"ธันวาคม"},{"$i":"month-0-genitive","$v":"มกราคม"},{"$i":"month-1-genitive","$v":"กุมภาพันธ์"},{"$i":"month-2-genitive","$v":"มีนาคม"},{"$i":"month-3-genitive","$v":"เมษายน"},{"$i":"month-4-genitive","$v":"พฤษภาคม"},{"$i":"month-5-genitive","$v":"มิถุนายน"},{"$i":"month-6-genitive","$v":"กรกฎาคม"},{"$i":"month-7-genitive","$v":"สิงหาคม"},{"$i":"month-8-genitive","$v":"กันยายน"},{"$i":"month-9-genitive","$v":"ตุลาคม"},{"$i":"month-10-genitive","$v":"พฤศจิกายน"},{"$i":"month-11-genitive","$v":"ธันวาคม"},{"$i":"month-0-short","$v":"ม.ค."},{"$i":"month-1-short","$v":"ก.พ."},{"$i":"month-2-short","$v":"มี.ค."},{"$i":"month-3-short","$v":"เม.ย."},{"$i":"month-4-short","$v":"พ.ค."},{"$i":"month-5-short","$v":"มิ.ย."},{"$i":"month-6-short","$v":"ก.ค."},{"$i":"month-7-short","$v":"ส.ค."},{"$i":"month-8-short","$v":"ก.ย."},{"$i":"month-9-short","$v":"ต.ค."},{"$i":"month-10-short","$v":"พ.ย."},{"$i":"month-11-short","$v":"ธ.ค."},{"$i":"minutes-ago-long","$v":{"few":[{"t":"idOrVar","v":"value"}," นาทีที่แล้ว"],"many":[{"t":"idOrVar","v":"value"}," นาทีที่แล้ว"],"one":"1 นาทีที่แล้ว","other":[{"t":"idOrVar","v":"value"}," นาทีที่แล้ว"],"two":[{"t":"idOrVar","v":"value"}," นาทีที่แล้ว"],"zero":"เมื่อสักครู่"},"$x":[{"t":"idOrVar","v":"plural"},"value"]},{"$i":"hours-ago-long","$v":{"few":[{"t":"idOrVar","v":"value"}," ชั่วโมงที่แล้ว"],"many":[{"t":"idOrVar","v":"value"}," ชั่วโมงที่แล้ว"],"one":"ชั่วโมงที่แล้ว","other":[{"t":"idOrVar","v":"value"}," ชั่วโมงที่แล้ว"],"two":[{"t":"idOrVar","v":"value"}," ชั่วโมงที่แล้ว"],"zero":"เมื่อสักครู่"},"$x":[{"t":"idOrVar","v":"plural"},"value"]},{"$i":"days-ago-long","$v":{"few":[{"t":"idOrVar","v":"value"}," วันที่แล้ว"],"many":[{"t":"idOrVar","v":"value"}," วันที่แล้ว"],"one":"เมื่อวานนี้","other":[{"t":"idOrVar","v":"value"}," วันที่แล้ว"],"two":[{"t":"idOrVar","v":"value"}," วันที่แล้ว"],"zero":"วันนี้"},"$x":[{"t":"idOrVar","v":"plural"},"value"]},{"$i":"weeks-ago-long","$v":{"few":[{"t":"idOrVar","v":"value"}," สัปดาห์ที่แล้ว"],"many":[{"t":"idOrVar","v":"value"}," สัปดาห์ที่แล้ว"],"one":"สัปดาห์ที่แล้ว","other":[{"t":"idOrVar","v":"value"}," สัปดาห์ที่แล้ว"],"two":[{"t":"idOrVar","v":"value"}," สัปดาห์ที่แล้ว"],"zero":"สัปดาห์นี้"},"$x":[{"t":"idOrVar","v":"plural"},"value"]},{"$i":"months-ago-long","$v":{"few":[{"t":"idOrVar","v":"value"}," เดือนที่แล้ว"],"many":[{"t":"idOrVar","v":"value"}," เดือนที่แล้ว"],"one":"เดือนที่แล้ว","other":[{"t":"idOrVar","v":"value"}," เดือนที่แล้ว"],"two":[{"t":"idOrVar","v":"value"}," เดือนที่แล้ว"],"zero":"เดือนนี้"},"$x":[{"t":"idOrVar","v":"plural"},"value"]},{"$i":"years-ago-long","$v":{"few":[{"t":"idOrVar","v":"value"}," ปีที่แล้ว"],"many":[{"t":"idOrVar","v":"value"}," ปีที่แล้ว"],"one":"ปีที่แล้ว","other":[{"t":"idOrVar","v":"value"}," ปีที่แล้ว"],"two":[{"t":"idOrVar","v":"value"}," ปีที่แล้ว"],"zero":"ปีนี้"},"$x":[{"t":"idOrVar","v":"plural"},"value"]},{"$i":"minutes-until-long","$v":{"few":["ใน ",{"t":"idOrVar","v":"value"}," นาที"],"many":["ใน ",{"t":"idOrVar","v":"value"}," นาที"],"one":"ใน 1 นาที","other":["ใน ",{"t":"idOrVar","v":"value"}," นาที"],"two":["ใน ",{"t":"idOrVar","v":"value"}," นาที"],"zero":"ตอนนี้"},"$x":[{"t":"idOrVar","v":"plural"},"value"]},{"$i":"hours-until-long","$v":{"few":["ใน ",{"t":"idOrVar","v":"value"}," ชั่วโมง"],"many":["ใน ",{"t":"idOrVar","v":"value"}," ชั่วโมง"],"one":"ใน 1 ชั่วโมง","other":["ใน ",{"t":"idOrVar","v":"value"}," ชั่วโมง"],"two":["ใน ",{"t":"idOrVar","v":"value"}," ชั่วโมง"],"zero":"ตอนนี้"},"$x":[{"t":"idOrVar","v":"plural"},"value"]},{"$i":"days-until-long","$v":{"few":["ใน ",{"t":"idOrVar","v":"value"}," วัน"],"many":["ใน ",{"t":"idOrVar","v":"value"}," วัน"],"one":"พรุ่งนี้","other":["ใน ",{"t":"idOrVar","v":"value"}," วัน"],"two":["ใน ",{"t":"idOrVar","v":"value"}," วัน"],"zero":"วันนี้"},"$x":[{"t":"idOrVar","v":"plural"},"value"]},{"$i":"weeks-until-long","$v":{"few":["ใน ",{"t":"idOrVar","v":"value"}," สัปดาห์"],"many":["ใน ",{"t":"idOrVar","v":"value"}," สัปดาห์"],"one":"สัปดาห์ถัดไป","other":["ใน ",{"t":"idOrVar","v":"value"}," สัปดาห์"],"two":["ใน ",{"t":"idOrVar","v":"value"}," สัปดาห์"],"zero":"สัปดาห์นี้"},"$x":[{"t":"idOrVar","v":"plural"},"value"]},{"$i":"months-until-long","$v":{"few":["ใน ",{"t":"idOrVar","v":"value"}," เดือน"],"many":["ใน ",{"t":"idOrVar","v":"value"}," เดือน"],"one":"เดือนถัดไป","other":["ใน ",{"t":"idOrVar","v":"value"}," เดือน"],"two":["ใน ",{"t":"idOrVar","v":"value"}," เดือน"],"zero":"เดือนนี้"},"$x":[{"t":"idOrVar","v":"plural"},"value"]},{"$i":"years-until-long","$v":{"few":["ใน ",{"t":"idOrVar","v":"value"}," ปี"],"many":["ใน ",{"t":"idOrVar","v":"value"}," ปี"],"one":"ปีถัดไป","other":["ใน ",{"t":"idOrVar","v":"value"}," ปี"],"two":["ใน ",{"t":"idOrVar","v":"value"}," ปี"],"zero":"ปีนี้"},"$x":[{"t":"idOrVar","v":"plural"},"value"]},{"$i":"minutes-ago-short","$v":{"other":[{"t":"idOrVar","v":"value"}," นาทีที่แล้ว"],"zero":"เมื่อสักครู่"},"$x":[{"t":"idOrVar","v":"plural"},"value"]},{"$i":"hours-ago-short","$v":{"other":[{"t":"idOrVar","v":"value"}," ชั่วโมงที่แล้ว"],"zero":"เมื่อสักครู่"},"$x":[{"t":"idOrVar","v":"plural"},"value"]},{"$i":"days-ago-short","$v":{"other":[{"t":"idOrVar","v":"value"}," วันที่แล้ว"],"zero":"วันนี้"},"$x":[{"t":"idOrVar","v":"plural"},"value"]},{"$i":"minutes-until-short","$v":{"other":["ใน ",{"t":"idOrVar","v":"value"}," นาที"],"zero":"ตอนนี้"},"$x":[{"t":"idOrVar","v":"plural"},"value"]},{"$i":"hours-until-short","$v":{"other":["ใน ",{"t":"idOrVar","v":"value"}," ชั่วโมง"],"zero":"ตอนนี้"},"$x":[{"t":"idOrVar","v":"plural"},"value"]},{"$i":"days-until-short","$v":{"other":["ใน ",{"t":"idOrVar","v":"value"}," วัน"],"zero":"วันนี้"},"$x":[{"t":"idOrVar","v":"plural"},"value"]},{"$i":"incorrectDate","$v":"(วันที่ไม่ถูกต้อง)"},{"$i":"dateTimeFormat_%c","$v":"%a %b %e %Y %I:%M:%S %p"},{"$i":"dateTimeFormat_%x","$v":"%d/%m/%Y"},{"$i":"dateTimeFormat_%X","$v":"%I:%M:%S %p"},{"$i":"shortTimeFormat","$v":"%I:%M %p"},{"$i":"shortTimeFormat12","$v":"%I:%M %p"},{"$i":"shortTimeFormat24","$v":"%H:%M"},{"$i":"shortDateTimeFormat","$v":"%x %I:%M %p"},{"$i":"weekStartsOnMonday","$v":"0.0"},{"$i":"firstDayOfTheWeek","$v":"0.0"},{"$i":"time_am","$v":"AM"},{"$i":"time_pm","$v":"PM"},{"$i":"label","$v":"ฉลาก"},{"$i":"mobile","$v":"มือถือ"},{"$i":"home","$v":"หน้าหลัก"},{"$i":"work","$v":"ที่ทำงาน"},{"$i":"personal","$v":"ส่วนบุคคล"},{"$i":"faxHome","$v":"แฟกซ์บ้าน"},{"$i":"faxOffice","$v":"แฟกซ์ที่ทำงาน"},{"$i":"faxOther","$v":"แฟกซ์อื่นๆ"},{"$i":"another","$v":"อื่นๆ"},{"$i":"other","$v":"อื่น ๆ"},{"$i":"customTag","$v":"แท็กกำหนดเอง","placeholder":"แท็กกำหนดเอง"},{"$i":"current","$v":"ปัจจุบัน"},{"$i":"itemWithLabel","$v":[{"t":"idOrVar","v":"label"},", ",{"t":"idOrVar","v":"item"}]},{"$i":"airplaneMode","$v":"โหมดเครื่องบิน"},{"$i":"searching","$v":"กำลังค้นหา..."},{"$i":"noNetwork","$v":"ไม่มีเครือข่าย"},{"$i":"roaming","$v":[{"t":"idOrVar","v":"operator"}," (Roaming)"]},{"$i":"operator-info","$v":[{"t":"idOrVar","v":"carrier"}," ",{"t":"idOrVar","v":"region"}]},{"$i":"emergencyCallsOnly","$v":"โทรฉุกเฉินเท่านั้น"},{"$i":"emergencyCallsOnly-unknownSIMState","$v":"(ไม่ทราบสถานะซิมการ์ด)"},{"$i":"emergencyCallsOnly-noSIM","$v":"(ไม่มีซิม)"},{"$i":"emergencyCallsOnly-pinRequired","$v":"(ต้องมี PIN ของซิมการ์ด)"},{"$i":"emergencyCallsOnly-pukRequired","$v":"(ต้องมี PUK ของซิมการ์ด)"},{"$i":"emergencyCallsOnly-networkLocked","$v":"(เครือข่ายถูกล็อก)"},{"$i":"emergencyCallsOnly-serviceProviderLocked","$v":"(ผู้ให้บริการถูกล็อก)"},{"$i":"emergencyCallsOnly-corporateLocked","$v":"(บริษัทถูกล็อก)"},{"$i":"emergencyCallsOnly-network1Locked","$v":"(เครือข่าย 1 ถูกล็อก)"},{"$i":"emergencyCallsOnly-network2Locked","$v":"(เครือข่าย 2 ถูกล็อก)"},{"$i":"emergencyCallsOnly-hrpdNetworkLocked","$v":"(เครือข่าย hrpd ถูกล็อก)"},{"$i":"emergencyCallsOnly-ruimCorporateLocked","$v":"(บริษัท RUIM ถูกล็อก)"},{"$i":"emergencyCallsOnly-ruimServiceProviderLocked","$v":"(ผู้ให้บริการ RUIM ถูกล็อก)"},{"$i":"lockscreen-sim-id","$v":["ซิม ",{"t":"idOrVar","v":"n"}," รายการ"]},{"$i":"charging-no-time","$v":[{"t":"idOrVar","v":"level"},"% (ชาร์จแล้ว)"]},{"$i":"charging-minutes","$v":{"few":["ชาร์จแล้ว ",{"t":"idOrVar","v":"level"},"% (ชาร์จเต็มในอีก ",{"t":"idOrVar","v":"minutes"}," นาที)"],"many":["ชาร์จแล้ว ",{"t":"idOrVar","v":"level"},"% (ชาร์จเต็มในอีก ",{"t":"idOrVar","v":"minutes"}," นาที)"],"one":["ชาร์จแล้ว ",{"t":"idOrVar","v":"level"},"% (ชาร์จเต็มในอีก ",{"t":"idOrVar","v":"minutes"}," นาที)"],"other":["ชาร์จแล้ว ",{"t":"idOrVar","v":"level"},"% (ชาร์จเต็มในอีก ",{"t":"idOrVar","v":"minutes"}," นาที)"],"two":["ชาร์จแล้ว ",{"t":"idOrVar","v":"level"},"% (ชาร์จเต็มในอีก ",{"t":"idOrVar","v":"minutes"}," นาที)"],"zero":["ชาร์จแล้ว ",{"t":"idOrVar","v":"level"},"% (ชาร์จเต็มในอีก ",{"t":"idOrVar","v":"minutes"}," นาที)"]},"$x":[{"t":"idOrVar","v":"plural"},"minutes"]},{"$i":"charging-hours","$v":{"few":["ชาร์จแล้ว ",{"t":"idOrVar","v":"level"},"% (ชาร์จเต็มในอีก ",{"t":"idOrVar","v":"hours"}," ชั่วโมง",{"t":"idOrVar","v":"minutes"}," นาที)"],"many":["ชาร์จแล้ว ",{"t":"idOrVar","v":"level"},"% (ชาร์จเต็มในอีก ",{"t":"idOrVar","v":"hours"}," ชั่วโมง",{"t":"idOrVar","v":"minutes"}," นาที)"],"one":["ชาร์จแล้ว ",{"t":"idOrVar","v":"level"},"% (ชาร์จเต็มในอีก ",{"t":"idOrVar","v":"hours"}," ชั่วโมง",{"t":"idOrVar","v":"minutes"}," นาที)"],"other":["ชาร์จแล้ว ",{"t":"idOrVar","v":"level"},"% (ชาร์จเต็มในอีก ",{"t":"idOrVar","v":"hours"}," ชั่วโมง",{"t":"idOrVar","v":"minutes"}," นาที)"],"two":["ชาร์จแล้ว ",{"t":"idOrVar","v":"level"},"% (ชาร์จเต็มในอีก ",{"t":"idOrVar","v":"hours"}," ชั่วโมง",{"t":"idOrVar","v":"minutes"}," นาที)"],"zero":["ชาร์จแล้ว ",{"t":"idOrVar","v":"level"},"% (ชาร์จเต็มในอีก ",{"t":"idOrVar","v":"hours"}," ชั่วโมง",{"t":"idOrVar","v":"minutes"}," นาที)"]},"$x":[{"t":"idOrVar","v":"plural"},"minutes"]},{"$i":"phoneNumberInput","ariaLabel":"หมายเลขโทรศัพท์"},{"$i":"keypadDelete","ariaLabel":"ลบ"},{"$i":"voiceMailKey","ariaLabel":"ข้อความเสียง"},{"$i":"asterisk","ariaLabel":"ดอกจันทน์"},{"$i":"hashSign","ariaLabel":"เครื่องหมายแฮช"},{"$i":"cancel","$v":"ยกเลิก"},{"$i":"loadingSimContacts","$v":"กำลังโหลดรายชื่อในซิมการ์ด..."},{"$i":"noContactsWereFound","$v":"ไม่พบรายชื่อ"},{"$i":"noContactsFoundDialogOk","$v":"ตกลง"},{"$i":"emergencyNumber","$v":"หมายเลขฉุกเฉิน"},{"$i":"callAirplaneModeMessage","$v":"หากต้องการโทรออก คุณต้องปิดใช้งานโหมดเครื่องบินในการตั้งค่า"},{"$i":"callAirplaneModeBtnOk","$v":"ตกลง"},{"$i":"callAirplaneModeTitle","$v":"เปิดใช้งานโหมดเครื่องบินแล้ว"},{"$i":"numberIsBusyTitle","$v":"หมายเลขไม่ว่าง"},{"$i":"numberIsBusyMessage","$v":"หมายเลขนี้ไม่ว่าง กรุณาลองใหม่ในภายหลัง"},{"$i":"fdnIsActiveTitle","$v":"FDN ใช้งานอยู่"},{"$i":"fdnIsActiveMessage","$v":["FDN (หมายเลขโทรออกที่กำหนด) เปิดใช้งานแล้ว และหมายเลขต่อไปนี้ไม่ได้อยู่ในรายการ FDN ของคุณ: ",{"t":"idOrVar","v":"number"}]},{"$i":"emergencyDialogBodyBadNumber","$v":"หากต้องการโทร โทรศัพท์จะต้องเชื่อมต่อกับเครือข่าย"},{"$i":"emergencyDialogBodyDeviceNotAccepted","$v":"การโทรฉุกเฉินไม่ได้รับอนุญาตโดยเครือข่าย"},{"$i":"emergencyDialogBtnOk","$v":"ตกลง"},{"$i":"emergencyDialogTitle","$v":"ไม่มีการเชื่อมต่อเครือข่าย"},{"$i":"invalidNumberToDialTitle","$v":"หมายเลขโทรศัพท์ไม่ถูกต้อง"},{"$i":"invalidNumberToDialMessage","$v":"หมายเลขโทรศัพท์ที่คุณกำลังโทรไม่ถูกต้อง"},{"$i":"unableToCallTitle","$v":"ไม่สามารถโทรออก"},{"$i":"unableToCallMessage","$v":"ไม่สามารถโทรออกได้ตอนนี้"},{"$i":"otherConnectionInUseTitle","$v":"การเชื่อมต่ออื่นที่กำลังใช้งานอยู่"},{"$i":"otherConnectionInUseMessage","$v":"คุณมีการโทรที่กำลังใช้งานอยู่ในการเชื่อมต่ออื่น คุณสามารถเพิ่มการเชื่อมต่อได้ครั้งละหนึ่งรายการเท่านั้น"},{"$i":"connectingEllipsis","$v":"กำลังเชื่อมต่อ..."},{"$i":"clear","$v":"ล้าง"},{"$i":"dialer","$v":"แป้นโทรออก"},{"$i":"kai-incomming-call","$v":"สายเรียกเข้า"},{"$i":"kai-in-call","$v":"กำลังพูดสาย"},{"$i":"kai-answer","$v":"คำตอบ"},{"$i":"kai-end-answer","$v":"วางสายและรับสาย"},{"$i":"kai-decline","$v":"ปฏิเสธ"},{"$i":"enter-passcode","$v":"โปรดใส่รหัสผ่าน"},{"$i":"passcode-error","$v":"รหัสไม่ถูกต้อง โปรดลองอีกครั้ง"},{"$i":"voice-call","$v":"เปลี่ยนเป็นการโทรด้วยเสียง"},{"$i":"video-call","$v":"เปลี่ยนเป็นการโทรแบบวิดีโอ"},{"$i":"message","$v":"ข้อความ"},{"$i":"answer-rtt-call","$v":"คำตอบ RTT"},{"$i":"req-rtt-call","$v":"ANS RTT"},{"$i":"rtt-call","$v":"การโทรผ่าน RTT"},{"$i":"rtt-view","$v":"มุมมอง RTT"},{"$i":"change-to-rtt-call","$v":"กำลังเชื่อมต่อการโทร RTT.."},{"$i":"change-to-voice-call","$v":"เปลี่ยนเป็นการโทรด้วยเสียง"},{"$i":"upgrading-rtt","$v":"อัปเกรดเป็นการโทรผ่าน RTT..."},{"$i":"rtt-call-failed","$v":"การโทรผ่าน RTT ไม่สำเร็จ"},{"$i":"voice-call-failed","$v":"โทรเป็นเสียงไม่สำเร็จ"},{"$i":"rtt","$v":"RTT"},{"$i":"rtt-emegency-upgrade-rejected","$v":"RTT ไม่รองรับการโทรสาย 911"},{"$i":"rtt-emegency-downgrade","$v":"RTT ไม่รองรับการโทรสาย 911 การโทรของคุณเชื่อมต่อในรูปแบบการโทรเป็นเสียงเท่านั้นแล้ว ถ้าคุณประสบปัญหา โปรดโทรหรือต่อสายไปที่ 911"},{"$i":"voice-only-call","$v":"เชื่อมต่อการโทรของคุณเป็นการโทรเป็นเสียงเท่านั้นแล้ว"},{"$i":"ans-rtt-failed","$v":"ไม่สามารถสร้างการโทร RTT ได้ การโทรของคุณถูกเชื่อมต่อเป็นการโทรด้วยเสียงเท่านั้น"},{"$i":"back","$v":"ย้อนกลับ"},{"$i":"new-message","$v":"ข้อความใหม่จาก"},{"$i":"kai-mute","$v":"ปิดเสียง"},{"$i":"kai-unmute","$v":"เลิกปิดเสียง"},{"$i":"kai-speaker","$v":"ลำโพง"},{"$i":"kai-speaker-off","$v":"ลำโพง ปิด"},{"$i":"kai-microphone-mute-notification","$v":"ไมโครโฟนปิดเสียงอยู่"},{"$i":"kai-microphone-active-notification","$v":"ไมโครโฟนใช้งานอยู่"},{"$i":"kai-speaker-off-notification","$v":"ปิดลำโพงภายนอกแล้ว"},{"$i":"kai-speaker-on-notification","$v":"เปิดลำโพงภายนอกแล้ว"},{"$i":"kai-hold-and-answer","$v":"พักสายและรับสาย"},{"$i":"kai-ignore-call","$v":"เพิกเฉยสายเรียกเข้า"},{"$i":"kai-add-to-call","$v":"เพิ่มการโทร"},{"$i":"kai-switch-to-second-line","$v":"สลับสาย"},{"$i":"kai-merge-calls","$v":"รวมสาย"},{"$i":"ok","$v":"ตกลง"},{"$i":"losing-wifi-msg","$v":"สัญญาณ Wi-Fi ขาดหาย"},{"$i":"hd","$v":"HD"},{"$i":"manage-call","$v":"จัดการการโทร"},{"$i":"end","$v":"วางสาย"},{"$i":"private","$v":"ส่วนตัว"},{"$i":"sound","$v":"เสียง"},{"$i":"bluetooth-device","$v":"อุปกรณ์บลูทูธ"},{"$i":"handset-earpiece","$v":"หูโทรศัพท์"},{"$i":"speaker","$v":"ลำโพง"},{"$i":"call-ended","$v":"การโทรสิ้นสุด"},{"$i":"payphone","$v":"โทรศัพท์หยอดเหรียญ"},{"$i":"contact","$v":"รายชื่อ"},{"$i":"dialer-prompt","$v":"ต่อหมายเลขหรือเลือกบัญชีเพื่อเพิ่มไปยังการโทร"},{"$i":"call","$v":"การโทร"},{"$i":"hold","$v":"พักสาย"},{"$i":"volume","$v":"ระดับเสียง"},{"$i":"softkey-options","$v":"ตัวเลือก"},{"$i":"unhold-call","$v":"ยกเลิกพักสายการโทร"},{"$i":"hold-call","$v":"พักสาย"},{"$i":"select","$v":"เลือก"},{"$i":"unknown","$v":"ไม่ทราบ"},{"$i":"switch-calls","$v":"สลับการโทร"},{"$i":"voiceMail","$v":"ข้อความเสียง"},{"$i":"incoming","$v":"ขาเข้า"},{"$i":"outgoing","$v":"ขาออก"},{"$i":"callEnded","$v":"การโทรสิ้นสุด"},{"$i":"callEndedDuration","$v":["สิ้นสุดการโทร (",{"t":"idOrVar","v":"duration"},")"]},{"$i":"conferenceAddError","$v":"ไม่สามารถรวมสายได้"},{"$i":"conferenceRemoveError","$v":"ไม่สามารถยกเลิกการรวมสายได้"},{"$i":"callDurationMinutes","$v":[{"t":"idOrVar","v":"m"},":",{"t":"idOrVar","v":"s"}]},{"$i":"callDurationHours","$v":[{"t":"idOrVar","v":"h"},":",{"t":"idOrVar","v":"m"},":",{"t":"idOrVar","v":"s"}]},{"$i":"callDurationTextFormatSeconds","$v":[{"t":"idOrVar","v":"s"}," วินาที"]},{"$i":"callDurationTextFormatMinutes","$v":[{"t":"idOrVar","v":"m"}," นาที ",{"t":"idOrVar","v":"s"}," วินาที"]},{"$i":"callDurationTextFormatHours","$v":[{"t":"idOrVar","v":"h"}," ชั่วโมง ",{"t":"idOrVar","v":"m"}," นาที ",{"t":"idOrVar","v":"s"}," วินาที"]},{"$i":"switch-to-device-toast","$v":"สลับไปเป็นอุปกรณ์บลูทูธ"},{"$i":"switch-to-handset-toast","$v":"สลับไปเป็นหูฟัง"},{"$i":"switch-to-speaker-toast","$v":"สลับไปเป็นลำโพง"},{"$i":"connecting","$v":"กำลังเชื่อมต่อ"},{"$i":"wifi-call-quality-excellent","$v":"ยอดเยี่ยม"},{"$i":"wifi-call-quality-fair","$v":"พอใช้"},{"$i":"wifi-call-quality-bad","$v":"แย่"},{"$i":"call-left-conference-toast","$v":"คนออกจากการโทรแล้ว"},{"$i":"camera-off","$v":"กล้องถ่ายรูปปิด"},{"$i":"camera-on","$v":"กล้องถ่ายรูปเปิด"},{"$i":"rear-camera","$v":"กล้องถ่ายรูปด้านหลัง"},{"$i":"front-camera","$v":"กล้องถ่ายรูปด้านหน้า"},{"$i":"hide-info","$v":"ซ่อนข้อมูล"},{"$i":"show-info","$v":"แสดงข้อมูล"},{"$i":"video-call-rejected","$v":"การโทรผ่านวิดีโอถูกปฏิเสธ เปลี่ยนเป็นการโทรด้วยเสียง"},{"$i":"video-call-not-support","$v":"ไม่รองรับการโทรผ่านวิดีโอ"},{"$i":"video-call-rejected-timeout","$v":"การสนทนาทางวิดีโอถูกปฏิเสธหรือหมดเวลา"},{"$i":"video-call-from","$v":["กำลังรับการโทรผ่านวิดีโอจาก ",{"t":"idOrVar","v":"name"}]},{"$i":"video-call-canceled","$v":"ยกเลิกการโทรแบบวิดีโอแล้ว"},{"$i":"video-call-failed","$v":"การโทรผ่านวิดีโอล้มเหลว"},{"$i":"call-downgraded","$v":"ดาวน์เกรดการโทรแล้ว"},{"$i":"wifi-calling","$v":"การโทรด้วย Wi-Fi"},{"$i":"wifi-calling-1","$v":"การโทรของคุณอาจสิ้นสุด"},{"$i":"wifi-calling-2","$v":"คุณอยู่ห่างจากช่วงที่ครอบคลุม Wi-Fi"},{"$i":"wifi-calling-dropped","$v":"สิ้นสุดการโทรผ่าน Wi-Fi"},{"$i":"accept","$v":"ยอมรับ"},{"$i":"conference-call-num","$v":["มี ",{"t":"idOrVar","v":"num"}," รายชื่อในการโทร"]},{"$i":"more","$v":"เพิ่มเติม"},{"$i":"rec","$v":"บันทึก"},{"$i":"start-recording-call","$v":"เริ่มบันทึกการโทร"},{"$i":"stop-recording-call","$v":"หยุดบันทึกการโทร"},{"$i":"insufficient-storage","$v":"พื้นที่จัดเก็บไม่เพียงพอ หยุดการบันทึก"},{"$i":"reply","$v":"ตอบกลับ"},{"$i":"reply-message-1","$v":"ขออภัย ฉันไม่สามารถพูดคุยได้ในตอนนี้"},{"$i":"reply-message-2","$v":"ฉันกำลังเดินทางอยู่"},{"$i":"reply-message-3","$v":"ขอโทรกลับคุณได้ไหม"},{"$i":"reply-message-4","$v":"กำหนดเอง..."},{"$i":"reply-to-name","$v":["ตอบกลับ ",{"t":"idOrVar","v":"name"}]},{"$i":"mt-call-on-hold","$v":"การโทรถูกพักสาย"},{"$i":"mt-call_retrieved","$v":"เรียกคืนการโทรแล้ว"},{"$i":"mt-multi_party_call","$v":"คุณถูกเพิ่มเข้าไปในการโทรในที่ประชุม"},{"$i":"hangup-a11y-button","$v":""},{"$i":"pickup-a11y-button","$v":""},{"$i":"mute","$v":""},{"$i":"toggleKeypad","$v":""},{"$i":"newCall","$v":""},{"$i":"speakerOption","$v":""},{"$i":"bluetoothOption","$v":""},{"$i":"onHoldOption","$v":""},{"$i":"merge","$v":""},{"$i":"ignore","$v":""},{"$i":"dialerAddContact","$v":""},{"$i":"makeCall","$v":""},{"$i":"call-forwarding-async","$v":["เลิกซิงค์: ",{"t":"idOrVar","v":"async"}]},{"$i":"call-forwarding-data","$v":["ข้อมูล ",{"t":"idOrVar","v":"data"}]},{"$i":"call-forwarding-error","$v":"เกิดข้อผิดพลาดขึ้นขณะกำลังดึงข้อมูลสถานะการโอนสาย"},{"$i":"call-forwarding-fax","$v":["แฟกซ์: ",{"t":"idOrVar","v":"fax"}]},{"$i":"call-forwarding-inactive","$v":"ไม่ได้ใช้งาน"},{"$i":"call-forwarding-packet","$v":"Packet: แพ็คเกต:"},{"$i":"call-forwarding-pad","$v":["PAD: ",{"t":"idOrVar","v":"pad"}]},{"$i":"call-forwarding-sms","$v":["SMS: ",{"t":"idOrVar","v":"sms"}]},{"$i":"call-forwarding-status","$v":"สถานะการโอนสาย"},{"$i":"call-forwarding-sync","$v":["ซิงค์: ",{"t":"idOrVar","v":"sync"}]},{"$i":"call-forwarding-voice","$v":["การโทรด้วยเสียง: ",{"t":"idOrVar","v":"voice"}]},{"$i":"scCallBarring","$v":"การระงับการโทร"},{"$i":"scCallForwarding","$v":"การโอนสาย"},{"$i":"scClip","$v":"ID สายเรียกเข้า"},{"$i":"scClir","$v":"ID สายโทรออก"},{"$i":"scPwd","$v":"เปลี่ยนรหัสผ่าน"},{"$i":"scCallWaiting","$v":"สายเรียกซ้อน"},{"$i":"scPin","$v":"เปลี่ยน PIN"},{"$i":"scPin2","$v":"เปลี่ยน PIN2"},{"$i":"scPuk","$v":"เลิกบล็อก PIN"},{"$i":"scPuk2","$v":"เลิกบล็อก PIN2"},{"$i":"scImei","$v":"IMEI"},{"$i":"scMeid","$v":"MEID"},{"$i":"scUssd","$v":"USSD"},{"$i":"serviceClassVoice","$v":"การโทรด้วยเสียง"},{"$i":"serviceClassData","$v":"ข้อมูล"},{"$i":"serviceClassFax","$v":"แฟกซ์"},{"$i":"serviceClassSms","$v":"SMS"},{"$i":"serviceClassDataSync","$v":"ซิงค์"},{"$i":"serviceClassDataAsync","$v":"ยกเลิกการซิงค์"},{"$i":"serviceClassPacket","$v":"แพ็คเกต"},{"$i":"serviceClassPad","$v":"PAD"},{"$i":"smServiceEnabled","$v":"เปิดใช้งานบริการแล้ว"},{"$i":"smServiceDisabled","$v":"ปิดใช้งานบริการแล้ว"},{"$i":"smServiceRegistered","$v":"การลงทะเบียนสำเร็จ"},{"$i":"smServiceErased","$v":"การลบสำเร็จ"},{"$i":"smServiceInterrogated","$v":"การขอสำเร็จ"},{"$i":"smServiceNotProvisioned","$v":"ไม่ได้กำหนดการบริการ"},{"$i":"smClirPermanent","$v":"คุณไม่สามารถเปลี่ยนการตั้งค่าหมายเลขผู้โทร"},{"$i":"smClirDefaultOnNextCallOn","$v":"หมายเลขผู้โทรตั้งค่าเริ่มต้นเป็นจำกัด การโทรครั้งต่อไป จำกัด"},{"$i":"smClirDefaultOnNextCallOff","$v":"หมายเลขผู้โทรตั้งค่าเริ่มต้นเป็นจำกัด การโทรครั้งต่อไป ไม่จำกัด"},{"$i":"smClirDefaultOffNextCallOn","$v":"หมายเลขผู้โทรตั้งค่าเริ่มต้นเป็นไม่จำกัด การโทรครั้งต่อไป จำกัด"},{"$i":"smClirDefaultOffNextCallOff","$v":"หมายเลขผู้โทรตั้งค่าเริ่มต้นเป็นไม่จำกัด การโทรครั้งต่อไป ไม่จำกัด"},{"$i":"smServiceEnabledFor","$v":"เปิดใช้งานบริการสำหรับ:"},{"$i":"smPinChanged","$v":"เปลี่ยน PIN สำเร็จ"},{"$i":"smPinUnblocked","$v":"เลิกบล็อก PIN สำเร็จ"},{"$i":"smPin2Changed","$v":"เปลี่ยน PIN2 สำเร็จ"},{"$i":"smPin2Unblocked","$v":"เลิกบล็อก PIN2 สำเร็จ"},{"$i":"ServiceIsEnabled","$v":"เปิดใช้งานบริการแล้ว"},{"$i":"ServiceIsDisabled","$v":"ปิดใช้งานบริการแล้ว"},{"$i":"ServiceIsEnabledFor","$v":"เปิดใช้งานบริการสำหรับ:"},{"$i":"emMmiError","$v":"ปัญหาการเชื่อมต่อหรือรหัส MMI ไม่ถูกต้อง"},{"$i":"emMmiErrorPasswordIncorrect","$v":"รหัสผ่านไม่ถูกต้อง"},{"$i":"emMmiErrorNotSupported","$v":"รหัส MMI ไม่ถูกต้องหรือไม่รองรับ"},{"$i":"emMmiErrorInvalidAction","$v":"การดำเนินการไม่ถูกต้อง"},{"$i":"emMmiErrorInvalidScCode","$v":"รหัสบริการไม่ถูกต้อง"},{"$i":"emMmiErrorBadPuk","$v":"PUK ที่คุณพิมไม่ถูกต้อง"},{"$i":"emMmiErrorBadPin","$v":"PIN เก่าที่คุณพิมพ์ไม่ถูกต้อง"},{"$i":"emMmiErrorNeedPuk2","$v":"พิมพ์ PUK2 เพื่อปลดล็อกซิมการ์ด"},{"$i":"emMmiErrorMismatchPin","$v":"PIN ที่คุณพิมพ์ไม่ตรงกัน"},{"$i":"emMmiErrorInvalidPin","$v":"พิมพ์ PIN ซึ่งเป็นเลข 4 ถึง 8 หลัก"},{"$i":"emMmiErrorNeedsPuk","$v":"ซิมการ์ดถูกล็อกด้วย PUK"},{"$i":"emMmiErrorEnablePin","$v":"ไม่สำเร็จ เปิดใช้งานการล็อก ซิม/RUIM"},{"$i":"emMmiErrorMmiFdn","$v":"การดำเนินการถูกจำกัดไว้ที่หมายเลขโทรออกที่กำหนดเท่านั้น"},{"$i":"emMmiErrorStkCcUssdDial","$v":"แก้ไขคำขอ USSD เป็นคำขอ DIAL แล้ว"},{"$i":"emMmiErrorStkCcUssdSs","$v":"แก้ไขคำขอ USSD เป็นคำขอ SS แล้ว"},{"$i":"emMmiErrorStkCcUssdUssd","$v":"แก้ไขคำขอ USSD เป็นคำขอ USSD ใหม่แล้ว"},{"$i":"emMmiErrorStkCcSsDial","$v":"แก้ไขคำขอ SS เป็นคำขอ DIAL แล้ว"},{"$i":"emMmiErrorStkCcSsUssd","$v":"แก้ไขคำขอ SS เป็นคำขอ USSD แล้ว"},{"$i":"emMmiErrorStkCcSsSs","$v":"แก้ไขคำขอ SS เป็นคำขอ SS ใหม่แล้ว"},{"$i":"emMmiErrorPinPukAttempts","$v":{"few":["การดำเนินการที่เหลือ ",{"t":"idOrVar","v":"n"}," ครั้ง"],"many":["การดำเนินการที่เหลือ ",{"t":"idOrVar","v":"n"}," ครั้ง"],"one":["การดำเนินการที่เหลือ ",{"t":"idOrVar","v":"n"}," ครั้งเท่านั้น"],"other":["การดำเนินการที่เหลือ ",{"t":"idOrVar","v":"n"}," ครั้ง"],"two":["การดำเนินการที่เหลือ ",{"t":"idOrVar","v":"n"}," ครั้ง"]},"$x":[{"t":"idOrVar","v":"plural"},"n"]},{"$i":"emMmiErrorSimBlocked","$v":"จำนวนครั้งการดำเนินการเกินกำหนด ซิมถูกบล็อก"},{"$i":"RadioNotAvailable","$v":"วิทยุไม่สามารถใช้งานได้"},{"$i":"GenericFailure","$v":"ข้อผิดพลาดทั่วไป"},{"$i":"PasswordIncorrect","$v":"รหัสผ่านไม่ถูกต้อง"},{"$i":"SimPin2","$v":"PIN2 ของซิม"},{"$i":"SimPuk2","$v":"PUK2 ของซิม"},{"$i":"RequestNotSupported","$v":"ไม่รองรับคำขอ"},{"$i":"OpNotAllowedDuringVoiceCall","$v":"ไม่อนุญาตการดำเนินการระหว่างการโทรด้วยเสียง"},{"$i":"SmsSendFailRetry","$v":"การส่ง SMS ล้มเหลว ลองใหม่อีกครั้ง"},{"$i":"SimAbsent","$v":"ไม่มีซิม"},{"$i":"SubscriptionNotAvailable","$v":"ไม่สามารถสมัครใช้งานได้"},{"$i":"ModeNotSupported","$v":"ไม่รองรับโหมด"},{"$i":"FdnCheckFailure","$v":"การตรวจสอบ FDN ล้มเหลว"},{"$i":"IllegalSimOrMe","$v":"ซิมหรือ ME ไม่ถูกต้อง"},{"$i":"DialModifiedToUssd","$v":"แก้ไขการโทรออกเป็น USSD แล้ว"},{"$i":"DialModifiedToSs","$v":"แก้ไขการโทรออกเป็น SS แล้ว"},{"$i":"DialModifiedToDial","$v":"แก้ไขการโทรออกเป็นการโทรออกแล้ว"},{"$i":"UssdModifiedToDial","$v":"แก้ไข USSD เป็นการโทรออกแล้ว"},{"$i":"UssdModifiedToSs","$v":"แก้ไข USSD เป็น SS แล้ว"},{"$i":"UssdModifiedToUssd","$v":"แก้ไข USSD เป็น USSD แล้ว"},{"$i":"SsModifiedToDial","$v":"แก้ไข SS เป็นการโทรออกแล้ว"},{"$i":"SsModifiedToUssd","$v":"แก้ไข SS เป็น USSD แล้ว"},{"$i":"SsModifiedToSs","$v":"แก้ไข SS เป็น SS แล้ว"},{"$i":"SubscriptionNotSupported","$v":"ไม่รองรับการสมัครใช้งาน"},{"$i":"InvalidParameter","$v":"พารามิเตอร์ไม่ถูกต้อง"},{"$i":"RejectedByRemote","$v":"ถูกปฏิเสธโดยรีโมท"},{"$i":"error","$v":"ข้อผิดพลาด"}]