[{"$i":"weekday-0-long","$v":"Pazar"},{"$i":"weekday-1-long","$v":"Pazartesi"},{"$i":"weekday-2-long","$v":"Salı"},{"$i":"weekday-3-long","$v":"Çarşamba"},{"$i":"weekday-4-long","$v":"Perşembe"},{"$i":"weekday-5-long","$v":"Cuma"},{"$i":"weekday-6-long","$v":"Cumartesi"},{"$i":"weekday-0-short","$v":"Paz"},{"$i":"weekday-1-short","$v":"Pzt"},{"$i":"weekday-2-short","$v":"Sal"},{"$i":"weekday-3-short","$v":"Çrş"},{"$i":"weekday-4-short","$v":"Per"},{"$i":"weekday-5-short","$v":"Cum"},{"$i":"weekday-6-short","$v":"Cmt"},{"$i":"month-0-long","$v":"Ocak"},{"$i":"month-1-long","$v":"Şubat"},{"$i":"month-2-long","$v":"Mart"},{"$i":"month-3-long","$v":"Nisan"},{"$i":"month-4-long","$v":"Mayıs"},{"$i":"month-5-long","$v":"Haziran"},{"$i":"month-6-long","$v":"Temmuz"},{"$i":"month-7-long","$v":"Ağustos"},{"$i":"month-8-long","$v":"Eylül"},{"$i":"month-9-long","$v":"Ekim"},{"$i":"month-10-long","$v":"Kasım"},{"$i":"month-11-long","$v":"Aralık"},{"$i":"month-0-genitive","$v":"Ocak"},{"$i":"month-1-genitive","$v":"Şubat"},{"$i":"month-2-genitive","$v":"Mart"},{"$i":"month-3-genitive","$v":"Nisan"},{"$i":"month-4-genitive","$v":"Mayıs"},{"$i":"month-5-genitive","$v":"Haziran"},{"$i":"month-6-genitive","$v":"Temmuz"},{"$i":"month-7-genitive","$v":"Ağustos"},{"$i":"month-8-genitive","$v":"Eylül"},{"$i":"month-9-genitive","$v":"Ekim"},{"$i":"month-10-genitive","$v":"Kasım"},{"$i":"month-11-genitive","$v":"Aralık"},{"$i":"month-0-short","$v":"Oca"},{"$i":"month-1-short","$v":"Şub"},{"$i":"month-2-short","$v":"Mar"},{"$i":"month-3-short","$v":"Nis"},{"$i":"month-4-short","$v":"Mayıs"},{"$i":"month-5-short","$v":"Haz"},{"$i":"month-6-short","$v":"Tem"},{"$i":"month-7-short","$v":"Ağu"},{"$i":"month-8-short","$v":"Eyl"},{"$i":"month-9-short","$v":"Eki"},{"$i":"month-10-short","$v":"Kas"},{"$i":"month-11-short","$v":"Ara"},{"$i":"minutes-ago-long","$v":{"few":[{"t":"idOrVar","v":"value"}," dakika önce"],"many":[{"t":"idOrVar","v":"value"}," dakika önce"],"one":"bir dakika önce","other":[{"t":"idOrVar","v":"value"}," dakika önce"],"two":[{"t":"idOrVar","v":"value"}," dakika önce"],"zero":"az önce"},"$x":[{"t":"idOrVar","v":"plural"},"value"]},{"$i":"hours-ago-long","$v":{"few":[{"t":"idOrVar","v":"value"}," saat önce"],"many":[{"t":"idOrVar","v":"value"}," saat önce"],"one":"bir saat önce","other":[{"t":"idOrVar","v":"value"}," saat önce"],"two":[{"t":"idOrVar","v":"value"}," saat önce"],"zero":"az önce"},"$x":[{"t":"idOrVar","v":"plural"},"value"]},{"$i":"days-ago-long","$v":{"few":[{"t":"idOrVar","v":"value"}," gün önce"],"many":[{"t":"idOrVar","v":"value"}," gün önce"],"one":"dün","other":[{"t":"idOrVar","v":"value"}," gün önce"],"two":[{"t":"idOrVar","v":"value"}," gün önce"],"zero":"bugün"},"$x":[{"t":"idOrVar","v":"plural"},"value"]},{"$i":"weeks-ago-long","$v":{"few":[{"t":"idOrVar","v":"value"}," hafta önce"],"many":[{"t":"idOrVar","v":"value"}," hafta önce"],"one":"geçen hafta","other":[{"t":"idOrVar","v":"value"}," hafta önce"],"two":[{"t":"idOrVar","v":"value"}," hafta önce"],"zero":"bu hafta"},"$x":[{"t":"idOrVar","v":"plural"},"value"]},{"$i":"months-ago-long","$v":{"few":[{"t":"idOrVar","v":"value"}," ay önce"],"many":[{"t":"idOrVar","v":"value"}," ay önce"],"one":"geçen ay","other":[{"t":"idOrVar","v":"value"}," ay önce"],"two":[{"t":"idOrVar","v":"value"}," ay önce"],"zero":"bu ay"},"$x":[{"t":"idOrVar","v":"plural"},"value"]},{"$i":"years-ago-long","$v":{"few":[{"t":"idOrVar","v":"value"}," yıl önce"],"many":[{"t":"idOrVar","v":"value"}," yıl önce"],"one":"geçen yıl","other":[{"t":"idOrVar","v":"value"}," yıl önce"],"two":[{"t":"idOrVar","v":"value"}," yıl önce"],"zero":"bu yıl"},"$x":[{"t":"idOrVar","v":"plural"},"value"]},{"$i":"minutes-until-long","$v":{"few":[{"t":"idOrVar","v":"value"}," dakika içinde"],"many":[{"t":"idOrVar","v":"value"}," dakika içinde"],"one":"bir dakika içinde","other":[{"t":"idOrVar","v":"value"}," dakika içinde"],"two":[{"t":"idOrVar","v":"value"}," dakika içinde"],"zero":"şimdi"},"$x":[{"t":"idOrVar","v":"plural"},"value"]},{"$i":"hours-until-long","$v":{"few":[{"t":"idOrVar","v":"value"}," saat içinde"],"many":[{"t":"idOrVar","v":"value"}," saat içinde"],"one":"bir saat içinde","other":[{"t":"idOrVar","v":"value"}," saat içinde"],"two":[{"t":"idOrVar","v":"value"}," saat içinde"],"zero":"şimdi"},"$x":[{"t":"idOrVar","v":"plural"},"value"]},{"$i":"days-until-long","$v":{"few":[{"t":"idOrVar","v":"value"}," gün içinde"],"many":[{"t":"idOrVar","v":"value"}," gün içinde"],"one":"yarın","other":[{"t":"idOrVar","v":"value"}," gün içinde"],"two":[{"t":"idOrVar","v":"value"}," gün içinde"],"zero":"bugün"},"$x":[{"t":"idOrVar","v":"plural"},"value"]},{"$i":"weeks-until-long","$v":{"few":[{"t":"idOrVar","v":"value"}," hafta içinde"],"many":[{"t":"idOrVar","v":"value"}," hafta içinde"],"one":"gelecek hafta","other":[{"t":"idOrVar","v":"value"}," hafta içinde"],"two":[{"t":"idOrVar","v":"value"}," hafta içinde"],"zero":"bu hafta"},"$x":[{"t":"idOrVar","v":"plural"},"value"]},{"$i":"months-until-long","$v":{"few":[{"t":"idOrVar","v":"value"}," ay içinde"],"many":[{"t":"idOrVar","v":"value"}," ay içinde"],"one":"gelecek ay","other":[{"t":"idOrVar","v":"value"}," ay içinde"],"two":[{"t":"idOrVar","v":"value"}," ay içinde"],"zero":"bu ay"},"$x":[{"t":"idOrVar","v":"plural"},"value"]},{"$i":"years-until-long","$v":{"few":[{"t":"idOrVar","v":"value"}," yıl içinde"],"many":[{"t":"idOrVar","v":"value"}," yıl içinde"],"one":"gelecek yıl","other":[{"t":"idOrVar","v":"value"}," yıl içinde"],"two":[{"t":"idOrVar","v":"value"}," yıl içinde"],"zero":"bu yıl"},"$x":[{"t":"idOrVar","v":"plural"},"value"]},{"$i":"minutes-ago-short","$v":{"other":[{"t":"idOrVar","v":"value"},"d önce"],"zero":"az önce"},"$x":[{"t":"idOrVar","v":"plural"},"value"]},{"$i":"hours-ago-short","$v":{"other":[{"t":"idOrVar","v":"value"},"s önce"],"zero":"az önce"},"$x":[{"t":"idOrVar","v":"plural"},"value"]},{"$i":"days-ago-short","$v":{"other":[{"t":"idOrVar","v":"value"},"g önce"],"zero":"bugün"},"$x":[{"t":"idOrVar","v":"plural"},"value"]},{"$i":"minutes-until-short","$v":{"other":[{"t":"idOrVar","v":"value"},"d içinde"],"zero":"şimdi"},"$x":[{"t":"idOrVar","v":"plural"},"value"]},{"$i":"hours-until-short","$v":{"other":[{"t":"idOrVar","v":"value"},"s içinde"],"zero":"şimdi"},"$x":[{"t":"idOrVar","v":"plural"},"value"]},{"$i":"days-until-short","$v":{"other":[{"t":"idOrVar","v":"value"},"g içinde"],"zero":"bugün"},"$x":[{"t":"idOrVar","v":"plural"},"value"]},{"$i":"incorrectDate","$v":"(hatalı tarih)"},{"$i":"dateTimeFormat_%c","$v":"%a %b %e %Y %I:%M:%S %p"},{"$i":"dateTimeFormat_%x","$v":"%d/%m/%Y"},{"$i":"dateTimeFormat_%X","$v":"%I:%M:%S %p"},{"$i":"shortTimeFormat","$v":"%I:%M %p"},{"$i":"shortTimeFormat12","$v":"%I:%M %p"},{"$i":"shortTimeFormat24","$v":"%H:%M"},{"$i":"shortDateTimeFormat","$v":"%x %I:%M %p"},{"$i":"weekStartsOnMonday","$v":"0.0"},{"$i":"firstDayOfTheWeek","$v":"1.0"},{"$i":"time_am","$v":"AM"},{"$i":"time_pm","$v":"PM"},{"$i":"label","$v":"Etiket"},{"$i":"mobile","$v":"Mobil"},{"$i":"home","$v":"Ev"},{"$i":"work","$v":"İş"},{"$i":"personal","$v":"Kişisel"},{"$i":"faxHome","$v":"Eve faks gönder"},{"$i":"faxOffice","$v":"Ofise faks gönder"},{"$i":"faxOther","$v":"Başkasına faks gönder"},{"$i":"another","$v":"Başka"},{"$i":"other","$v":"Diğer"},{"$i":"customTag","$v":"Özel etiket","placeholder":"Özel etiket"},{"$i":"current","$v":"Geçerli"},{"$i":"itemWithLabel","$v":[{"t":"idOrVar","v":"label"},", ",{"t":"idOrVar","v":"item"}]},{"$i":"airplaneMode","$v":"Uçak modu"},{"$i":"searching","$v":"Aranıyor..."},{"$i":"noNetwork","$v":"Şebeke yok"},{"$i":"roaming","$v":[{"t":"idOrVar","v":"operator"}," (Dolaşım)"]},{"$i":"operator-info","$v":[{"t":"idOrVar","v":"carrier"}," ",{"t":"idOrVar","v":"region"}]},{"$i":"emergencyCallsOnly","$v":"Yalnızca acil çağrı"},{"$i":"emergencyCallsOnly-unknownSIMState","$v":"(bilinmeyen SIM durumu)"},{"$i":"emergencyCallsOnly-noSIM","$v":"(SIM yok)"},{"$i":"emergencyCallsOnly-pinRequired","$v":"(SIM PIN gerekli)"},{"$i":"emergencyCallsOnly-pukRequired","$v":"(SIM PUK gerekli)"},{"$i":"emergencyCallsOnly-networkLocked","$v":"(ağ kilitli)"},{"$i":"emergencyCallsOnly-serviceProviderLocked","$v":"(hizmet sağlayıcı kilitli)"},{"$i":"emergencyCallsOnly-corporateLocked","$v":"(şirket kilitli)"},{"$i":"emergencyCallsOnly-network1Locked","$v":"(ağ1 kilitli)"},{"$i":"emergencyCallsOnly-network2Locked","$v":"(ağ2 kilitli)"},{"$i":"emergencyCallsOnly-hrpdNetworkLocked","$v":"(hrdp ağı kilitli)"},{"$i":"emergencyCallsOnly-ruimCorporateLocked","$v":"(ruim şirket kilitli)"},{"$i":"emergencyCallsOnly-ruimServiceProviderLocked","$v":"(ruim hizmet sağlayıcı kilitli)"},{"$i":"lockscreen-sim-id","$v":["SIM ",{"t":"idOrVar","v":"n"}]},{"$i":"charging-no-time","$v":["%",{"t":"idOrVar","v":"level"}," şarj edildi"]},{"$i":"charging-minutes","$v":{"few":["%",{"t":"idOrVar","v":"level"}," şarj edildi (Tam dolmasına ",{"t":"idOrVar","v":"minutes"}," dk)"],"many":["%",{"t":"idOrVar","v":"level"}," şarj edildi (Tam dolmasına ",{"t":"idOrVar","v":"minutes"}," dk)"],"one":["%",{"t":"idOrVar","v":"level"}," şarj edildi (Tam dolmasına ",{"t":"idOrVar","v":"minutes"}," dk)"],"other":["%",{"t":"idOrVar","v":"level"}," şarj edildi (Tam dolmasına ",{"t":"idOrVar","v":"minutes"}," dk)"],"two":["%",{"t":"idOrVar","v":"level"}," şarj edildi (Tam dolmasına ",{"t":"idOrVar","v":"minutes"}," dk)"],"zero":["%",{"t":"idOrVar","v":"level"}," şarj edildi (Tam dolmasına ",{"t":"idOrVar","v":"minutes"}," dk)"]},"$x":[{"t":"idOrVar","v":"plural"},"minutes"]},{"$i":"charging-hours","$v":{"few":["%",{"t":"idOrVar","v":"level"}," Şarj Edildi (Tam dolmasına ",{"t":"idOrVar","v":"hours"}," sa ",{"t":"idOrVar","v":"minutes"}," dk)"],"many":["%",{"t":"idOrVar","v":"level"}," Şarj Edildi (Tam dolmasına ",{"t":"idOrVar","v":"hours"}," sa ",{"t":"idOrVar","v":"minutes"}," dk)"],"one":["%",{"t":"idOrVar","v":"level"}," Şarj Edildi (Tam dolmasına ",{"t":"idOrVar","v":"hours"}," sa ",{"t":"idOrVar","v":"minutes"}," dk)"],"other":["%",{"t":"idOrVar","v":"level"}," Şarj Edildi (Tam dolmasına ",{"t":"idOrVar","v":"hours"}," sa ",{"t":"idOrVar","v":"minutes"}," dk)"],"two":["%",{"t":"idOrVar","v":"level"}," Şarj Edildi (Tam dolmasına ",{"t":"idOrVar","v":"hours"}," sa ",{"t":"idOrVar","v":"minutes"}," dk)"],"zero":["%",{"t":"idOrVar","v":"level"}," Şarj Edildi (Tam dolmasına ",{"t":"idOrVar","v":"hours"}," sa ",{"t":"idOrVar","v":"minutes"}," dk)"]},"$x":[{"t":"idOrVar","v":"plural"},"minutes"]},{"$i":"phoneNumberInput","ariaLabel":"Telefon numarası"},{"$i":"keypadDelete","ariaLabel":"Sil"},{"$i":"voiceMailKey","ariaLabel":"Sesli mesaj"},{"$i":"asterisk","ariaLabel":"Yıldız işareti"},{"$i":"hashSign","ariaLabel":"Kare işareti"},{"$i":"cancel","$v":"İptal"},{"$i":"loadingSimContacts","$v":"SIM kart kişileri yükleniyor..."},{"$i":"noContactsWereFound","$v":"Kişi bulunamadı"},{"$i":"noContactsFoundDialogOk","$v":"Tamam"},{"$i":"emergencyNumber","$v":"Acil durum numarası"},{"$i":"callAirplaneModeMessage","$v":"Çağrı yapabilmek için Ayarlar'da uçak modunu kapatmalısınız."},{"$i":"callAirplaneModeBtnOk","$v":"Tamam"},{"$i":"callAirplaneModeTitle","$v":"Uçak modu etkin"},{"$i":"numberIsBusyTitle","$v":"Numara meşgul"},{"$i":"numberIsBusyMessage","$v":"Aradığınız numara şu anda meşgul. Lütfen daha sonra tekrar deneyin."},{"$i":"fdnIsActiveTitle","$v":"FDN etkin"},{"$i":"fdnIsActiveMessage","$v":["FDN (Sabit Arama Numaraları) etkinleştirildi ve şu numara FDN listenizde değil: ",{"t":"idOrVar","v":"number"}]},{"$i":"emergencyDialogBodyBadNumber","$v":"Çağrı yapmak için telefon bir şebekeye bağlı olmalıdır."},{"$i":"emergencyDialogBodyDeviceNotAccepted","$v":"Acil çağrılara şebeke tarafından izin verilmemektedir."},{"$i":"emergencyDialogBtnOk","$v":"Tamam"},{"$i":"emergencyDialogTitle","$v":"Şebeke bağlantısı yok"},{"$i":"invalidNumberToDialTitle","$v":"Geçersiz telefon numarası"},{"$i":"invalidNumberToDialMessage","$v":"Aradığınız telefon numarası geçersiz."},{"$i":"unableToCallTitle","$v":"Çağrı yapılamaz"},{"$i":"unableToCallMessage","$v":"Şu an telefon çağrısı yapılamıyor."},{"$i":"otherConnectionInUseTitle","$v":"Başka bir bağlantı kullanımda"},{"$i":"otherConnectionInUseMessage","$v":"Başka bir bağlantıda aktif bir çağrınız var. Bir seferde sadece bir bağlantı kullanabilirsiniz."},{"$i":"connectingEllipsis","$v":"Bağlanıyor..."},{"$i":"clear","$v":"Temizle"},{"$i":"dialer","$v":"Çevirici"},{"$i":"kai-incomming-call","$v":"Gelen çağrı"},{"$i":"kai-in-call","$v":"Çağrıda"},{"$i":"kai-answer","$v":"Yanıtla"},{"$i":"kai-end-answer","$v":"Bitir ve Yanıtla"},{"$i":"kai-decline","$v":"Reddet"},{"$i":"enter-passcode","$v":"Ekran kilidini açmak için lütfen şifrenizi girin."},{"$i":"passcode-error","$v":"Geçersiz kod. Lütfen tekrar deneyin."},{"$i":"voice-call","$v":"Sese geç"},{"$i":"video-call","$v":"Videoya geç"},{"$i":"message","$v":"Mesaj"},{"$i":"answer-rtt-call","$v":"RTT Cevapla"},{"$i":"req-rtt-call","$v":"ANS RTT"},{"$i":"rtt-call","$v":"RTT Araması"},{"$i":"rtt-view","$v":"RTT görünümü"},{"$i":"change-to-rtt-call","$v":"RTT araması bağlanıyor..."},{"$i":"change-to-voice-call","$v":"Sesli arama olarak değiştirildi."},{"$i":"upgrading-rtt","$v":"RTT aramasına yükseltiliyor..."},{"$i":"rtt-call-failed","$v":"RTT araması başarısız."},{"$i":"voice-call-failed","$v":"Sesli arama başarısız."},{"$i":"rtt","$v":"RTT"},{"$i":"rtt-emegency-upgrade-rejected","$v":"RTT bu 911 araması için kullanılamaz."},{"$i":"rtt-emegency-downgrade","$v":"RTT bu 911 araması için kullanılamaz. Aramanız yalnızca sesli arama olarak bağlandı. Eğer zorluklarla karşılaşırsanız lütfen 911'e sesli arama veya aktarma araması yapın."},{"$i":"voice-only-call","$v":"Aramanız yalnızca sesli arama olarak bağlandı."},{"$i":"ans-rtt-failed","$v":"RTT araması yapılamadı. Aramanız yalnızca sesli arama olarak bağlandı."},{"$i":"back","$v":"Geri"},{"$i":"new-message","$v":"Şu kişiden gelen yeni mesajlar:"},{"$i":"kai-mute","$v":"Sessiz"},{"$i":"kai-unmute","$v":"Sesi aç"},{"$i":"kai-speaker","$v":"Hoparlör"},{"$i":"kai-speaker-off","$v":"Hoparlör kapalı"},{"$i":"kai-microphone-mute-notification","$v":"Mikrofon sessize alındı"},{"$i":"kai-microphone-active-notification","$v":"Mikrofon aktif"},{"$i":"kai-speaker-off-notification","$v":"Hoparlör kapandı"},{"$i":"kai-speaker-on-notification","$v":"Hoparlör açıldı"},{"$i":"kai-hold-and-answer","$v":"Beklemeye Al ve Yanıtla"},{"$i":"kai-ignore-call","$v":"Gelen çağrıyı yok say"},{"$i":"kai-add-to-call","$v":"Çağrı ekle"},{"$i":"kai-switch-to-second-line","$v":"Çağrıyı değiştir"},{"$i":"kai-merge-calls","$v":"Çağrıyı birleştir"},{"$i":"ok","$v":"Tamam"},{"$i":"losing-wifi-msg","$v":"Wi-Fi kaybediliyor"},{"$i":"hd","$v":"HD"},{"$i":"manage-call","$v":"Çağrıyı yönet"},{"$i":"end","$v":"Çağrıyı Bitir"},{"$i":"private","$v":"Özel"},{"$i":"sound","$v":"Ses"},{"$i":"bluetooth-device","$v":"Bluetooth cihazı"},{"$i":"handset-earpiece","$v":"Ahize"},{"$i":"speaker","$v":"Hoparlör"},{"$i":"call-ended","$v":"Çağrı sonlandı"},{"$i":"payphone","$v":"Ücretli arama"},{"$i":"contact","$v":"Kişiler"},{"$i":"dialer-prompt","$v":"Çağrıya eklemek için numara tuşla veya kişi seç"},{"$i":"call","$v":"Çağrı"},{"$i":"hold","$v":"Beklet"},{"$i":"volume","$v":"Ses düzeyi"},{"$i":"softkey-options","$v":"Seçenekler"},{"$i":"unhold-call","$v":"Aramayı beklemeden çıkar"},{"$i":"hold-call","$v":"Aramayı beklet"},{"$i":"select","$v":"Seç"},{"$i":"unknown","$v":"Bilinmiyor"},{"$i":"switch-calls","$v":"Çağrı değiştir"},{"$i":"voiceMail","$v":"Sesli mesaj"},{"$i":"incoming","$v":"Incoming"},{"$i":"outgoing","$v":"Giden"},{"$i":"callEnded","$v":"Çağrı Sonlandı"},{"$i":"callEndedDuration","$v":["Arama Sonlandırıldı (",{"t":"idOrVar","v":"duration"},")"]},{"$i":"conferenceAddError","$v":"Çağrılar birleştirilemedi"},{"$i":"conferenceRemoveError","$v":"Çağrılar ayrıştırılamadı"},{"$i":"callDurationMinutes","$v":[{"t":"idOrVar","v":"m"},":",{"t":"idOrVar","v":"s"}]},{"$i":"callDurationHours","$v":[{"t":"idOrVar","v":"h"},":",{"t":"idOrVar","v":"m"},":",{"t":"idOrVar","v":"s"}]},{"$i":"callDurationTextFormatSeconds","$v":[{"t":"idOrVar","v":"s"}," s"]},{"$i":"callDurationTextFormatMinutes","$v":[{"t":"idOrVar","v":"m"}," d ",{"t":"idOrVar","v":"s"}," s"]},{"$i":"callDurationTextFormatHours","$v":[{"t":"idOrVar","v":"h"}," s ",{"t":"idOrVar","v":"m"}," d ",{"t":"idOrVar","v":"s"}," s"]},{"$i":"switch-to-device-toast","$v":"Bluetooth cihazına geçiş yapıldı"},{"$i":"switch-to-handset-toast","$v":"Ahize kulaklığına geçiş yapıldı"},{"$i":"switch-to-speaker-toast","$v":"Hoparlöre geçiş yapıldı"},{"$i":"connecting","$v":"Bağlanıyor"},{"$i":"wifi-call-quality-excellent","$v":"Mükemmel"},{"$i":"wifi-call-quality-fair","$v":"Yeterli"},{"$i":"wifi-call-quality-bad","$v":"Kötü"},{"$i":"call-left-conference-toast","$v":"çağrıdan ayrıldı"},{"$i":"camera-off","$v":"Kamera kapalı"},{"$i":"camera-on","$v":"Kamera açık"},{"$i":"rear-camera","$v":"Arka kamera"},{"$i":"front-camera","$v":"Ön kamera"},{"$i":"hide-info","$v":"Bilgileri gizle"},{"$i":"show-info","$v":"Bilgileri göster"},{"$i":"video-call-rejected","$v":"Görüntülü arama reddedildi, sesli aramaya geç."},{"$i":"video-call-not-support","$v":"Görüntülü arama desteklenmiyor."},{"$i":"video-call-rejected-timeout","$v":"Görüntülü arama reddedildi veya zaman aşımına uğradı."},{"$i":"video-call-from","$v":[{"t":"idOrVar","v":"name"}," adlı kişiden görüntülü arama alınıyor."]},{"$i":"video-call-canceled","$v":"Görüntülü arama iptal edildi."},{"$i":"video-call-failed","$v":"Görüntülü arama başarısız."},{"$i":"call-downgraded","$v":"Arama düşürüldü."},{"$i":"wifi-calling","$v":"Wi-Fi Çağrı"},{"$i":"wifi-calling-1","$v":"Aramanız düşebilir."},{"$i":"wifi-calling-2","$v":"Wi-Fi Kapsama alanından çıkmak üzeresiniz."},{"$i":"wifi-calling-dropped","$v":"Wi-Fi Arama düştü."},{"$i":"accept","$v":"Kabul et"},{"$i":"conference-call-num","$v":[{"t":"idOrVar","v":"num"}," kişi aramada."]},{"$i":"more","$v":"Diğer"},{"$i":"rec","$v":"KAYIT"},{"$i":"start-recording-call","$v":"Aramayı kaydetmeye başla."},{"$i":"stop-recording-call","$v":"Aramayı kaydetmeyi durdur."},{"$i":"insufficient-storage","$v":"Saklama alanı yetersiz. Kayıt durduruldu."},{"$i":"reply","$v":"Yanıtla"},{"$i":"reply-message-1","$v":"Üzgünüm, şu anda konuşamıyorum."},{"$i":"reply-message-2","$v":"Yoldayım."},{"$i":"reply-message-3","$v":"Sizi sonra arayabilir miyim?"},{"$i":"reply-message-4","$v":"Özel mesaj..."},{"$i":"reply-to-name","$v":[{"t":"idOrVar","v":"name"}," adlı kişiye cevap gönderildi"]},{"$i":"mt-call-on-hold","$v":"Arama beklemeye alındı."},{"$i":"mt-call_retrieved","$v":"Arama alındı."},{"$i":"mt-multi_party_call","$v":"Bir konferans aramasına eklendiniz."},{"$i":"hangup-a11y-button","$v":""},{"$i":"pickup-a11y-button","$v":""},{"$i":"mute","$v":""},{"$i":"toggleKeypad","$v":""},{"$i":"newCall","$v":""},{"$i":"speakerOption","$v":""},{"$i":"bluetoothOption","$v":""},{"$i":"onHoldOption","$v":""},{"$i":"merge","$v":""},{"$i":"ignore","$v":""},{"$i":"dialerAddContact","$v":""},{"$i":"makeCall","$v":""},{"$i":"call-forwarding-async","$v":["Asenkron: ",{"t":"idOrVar","v":"async"}]},{"$i":"call-forwarding-data","$v":["Veri: ",{"t":"idOrVar","v":"data"}]},{"$i":"call-forwarding-error","$v":"Çağrı yönlendirme durumu alınırken bir hata oluştu"},{"$i":"call-forwarding-fax","$v":["FAKS: ",{"t":"idOrVar","v":"fax"}]},{"$i":"call-forwarding-inactive","$v":"Etkin değil"},{"$i":"call-forwarding-packet","$v":["Paket: ",{"t":"idOrVar","v":"packet"}]},{"$i":"call-forwarding-pad","$v":["PAD: ",{"t":"idOrVar","v":"pad"}]},{"$i":"call-forwarding-sms","$v":["SMS: ",{"t":"idOrVar","v":"sms"}]},{"$i":"call-forwarding-status","$v":"Çağrı yönlendirme durumu"},{"$i":"call-forwarding-sync","$v":["Senkron: ",{"t":"idOrVar","v":"sync"}]},{"$i":"call-forwarding-voice","$v":["Ses: ",{"t":"idOrVar","v":"voice"}]},{"$i":"scCallBarring","$v":"Çağrı engelleme"},{"$i":"scCallForwarding","$v":"Çağrı yönlendirme"},{"$i":"scClip","$v":"Arayan kimliği"},{"$i":"scClir","$v":"Aranan kimliği"},{"$i":"scPwd","$v":"Şifre değiştir"},{"$i":"scCallWaiting","$v":"Çağrı bekletiliyor"},{"$i":"scPin","$v":"PIN değiştir"},{"$i":"scPin2","$v":"PIN2 değiştir"},{"$i":"scPuk","$v":"PIN blokesini kaldır"},{"$i":"scPuk2","$v":"PIN2 blokesini kaldır"},{"$i":"scImei","$v":"IMEI"},{"$i":"scMeid","$v":"MEID"},{"$i":"scUssd","$v":"USSD"},{"$i":"serviceClassVoice","$v":"Ses"},{"$i":"serviceClassData","$v":"Veri"},{"$i":"serviceClassFax","$v":"FAKS"},{"$i":"serviceClassSms","$v":"SMS"},{"$i":"serviceClassDataSync","$v":"Senkron"},{"$i":"serviceClassDataAsync","$v":"Asenkron"},{"$i":"serviceClassPacket","$v":"Paket"},{"$i":"serviceClassPad","$v":"PAD"},{"$i":"smServiceEnabled","$v":"Hizmet etkinleştirildi."},{"$i":"smServiceDisabled","$v":"Hizmet devre dışı bırakıldı"},{"$i":"smServiceRegistered","$v":"Kayıt başarılı"},{"$i":"smServiceErased","$v":"Silme başarılı"},{"$i":"smServiceInterrogated","$v":"İstek başarılı"},{"$i":"smServiceNotProvisioned","$v":"Servis tanımsız"},{"$i":"smClirPermanent","$v":"Arayan kimliği ayarını değiştiremezsiniz"},{"$i":"smClirDefaultOnNextCallOn","$v":"Arayan Kimliği varsayılan ayarı kısıtlı. Sonraki arama: Kısıtlı"},{"$i":"smClirDefaultOnNextCallOff","$v":"Arayan Kimliği varsayılan ayarı kısıtlı. Sonraki arama: Kısıtlı değil"},{"$i":"smClirDefaultOffNextCallOn","$v":"Arayan Kimliği varsayılan ayarı kısıtlı değil. Sonraki arama: Kısıtlı"},{"$i":"smClirDefaultOffNextCallOff","$v":"Arayan Kimliği varsayılan ayarı kısıtlı değil. Sonraki arama: Kısıtlı değil"},{"$i":"smServiceEnabledFor","$v":"Servis şunun için etkin:"},{"$i":"smPinChanged","$v":"PIN başarıyla değiştirildi"},{"$i":"smPinUnblocked","$v":"PIN blokesi başarıyla kaldırıldı"},{"$i":"smPin2Changed","$v":"PIN2 başarıyla değiştirildi"},{"$i":"smPin2Unblocked","$v":"PIN2 blokesi başarıyla kaldırıldı"},{"$i":"ServiceIsEnabled","$v":"Servis etkin"},{"$i":"ServiceIsDisabled","$v":"Servis devre dışı"},{"$i":"ServiceIsEnabledFor","$v":"Servis şunun için etkin:"},{"$i":"emMmiError","$v":"Bağlantı problemi veya geçersiz MMI kodu."},{"$i":"emMmiErrorPasswordIncorrect","$v":"Hatalı Şifre"},{"$i":"emMmiErrorNotSupported","$v":"Geçersiz veya Desteklenmeyen MMI kodu"},{"$i":"emMmiErrorInvalidAction","$v":"Geçersiz işlem"},{"$i":"emMmiErrorInvalidScCode","$v":"Geçersiz hizmet kodu"},{"$i":"emMmiErrorBadPuk","$v":"Yazdığınız PUK doğru değil"},{"$i":"emMmiErrorBadPin","$v":"Yazdığınız eski PIN doğru değil."},{"$i":"emMmiErrorNeedPuk2","$v":"SIM kart blokesini kaldırmak için PUK2 kodunu girin."},{"$i":"emMmiErrorMismatchPin","$v":"Girdiğiniz PIN'ler eşleşmiyor."},{"$i":"emMmiErrorInvalidPin","$v":"4 ila 8 numaradan oluşan bir PIN girin"},{"$i":"emMmiErrorNeedsPuk","$v":"SIM kartınız PUK kilitli"},{"$i":"emMmiErrorEnablePin","$v":"Başarısız. SIM/RUIM kilidi etkinleştirildi."},{"$i":"emMmiErrorMmiFdn","$v":"İşlem sadece sabit arama numaralarıyla sınırlandırılmıştır."},{"$i":"emMmiErrorStkCcUssdDial","$v":"USSD request is modified to DIAL request"},{"$i":"emMmiErrorStkCcUssdSs","$v":"USSD request is modified to SS request"},{"$i":"emMmiErrorStkCcUssdUssd","$v":"USSD request is modified to new USSD request"},{"$i":"emMmiErrorStkCcSsDial","$v":"SS request is modified to DIAL request"},{"$i":"emMmiErrorStkCcSsUssd","$v":"SS request is modified to USSD request"},{"$i":"emMmiErrorStkCcSsSs","$v":"SS request is modified to new SS request"},{"$i":"emMmiErrorPinPukAttempts","$v":{"few":[{"t":"idOrVar","v":"n"}," yeniden deneme hakkınız kaldı"],"many":[{"t":"idOrVar","v":"n"}," yeniden deneme hakkınız kaldı"],"one":["Sadece ",{"t":"idOrVar","v":"n"}," yeniden deneme hakkınız kaldı"],"other":[{"t":"idOrVar","v":"n"}," yeniden deneme hakkınız kaldı"],"two":[{"t":"idOrVar","v":"n"}," yeniden deneme hakkınız kaldı"]},"$x":[{"t":"idOrVar","v":"plural"},"n"]},{"$i":"emMmiErrorSimBlocked","$v":"Maksimum deneme sayısını aştınız. SIM bloke edildi."},{"$i":"RadioNotAvailable","$v":"Radyo kullanılamıyor"},{"$i":"GenericFailure","$v":"Genel Hata"},{"$i":"PasswordIncorrect","$v":"Şifre hatalı."},{"$i":"SimPin2","$v":"SIM PIN2"},{"$i":"SimPuk2","$v":"SIM PUK2"},{"$i":"RequestNotSupported","$v":"İstek desteklenmiyor"},{"$i":"OpNotAllowedDuringVoiceCall","$v":"İşleme sesli arama sırasında izin verilmiyor"},{"$i":"SmsSendFailRetry","$v":"SMS gönderme başarısız yeniden dene"},{"$i":"SimAbsent","$v":"SIM yok"},{"$i":"SubscriptionNotAvailable","$v":"Abonelik kullanılamıyor"},{"$i":"ModeNotSupported","$v":"Mod desteklenmiyor"},{"$i":"FdnCheckFailure","$v":"FDN denetim hatası"},{"$i":"IllegalSimOrMe","$v":"Yasa dışı SIM veya ME"},{"$i":"DialModifiedToUssd","$v":"Dial modified to USSD"},{"$i":"DialModifiedToSs","$v":"Dial modified to SS"},{"$i":"DialModifiedToDial","$v":"Dial modified to dial"},{"$i":"UssdModifiedToDial","$v":"SS isteği çevir isteği olarak değiştirildi"},{"$i":"UssdModifiedToSs","$v":"USSD isteği SS isteği olarak değiştirildi"},{"$i":"UssdModifiedToUssd","$v":"SS isteği USSD isteği olarak değiştirildi"},{"$i":"SsModifiedToDial","$v":"SS isteği çevir isteği olarak değiştirildi"},{"$i":"SsModifiedToUssd","$v":"SS isteği USSD isteği olarak değiştirildi"},{"$i":"SsModifiedToSs","$v":"SS isteği SS isteği olarak değiştirildi"},{"$i":"SubscriptionNotSupported","$v":"Abonelik desteklenmiyor"},{"$i":"InvalidParameter","$v":"Geçersiz parametre"},{"$i":"RejectedByRemote","$v":"Uzaktan reddedildi"},{"$i":"error","$v":"Hata"}]