[{"$i":"weekday-0-long","$v":"اتوار"},{"$i":"weekday-1-long","$v":"پیر"},{"$i":"weekday-2-long","$v":"منگل"},{"$i":"weekday-3-long","$v":"بدھ"},{"$i":"weekday-4-long","$v":"جمعرات"},{"$i":"weekday-5-long","$v":"جمعہ"},{"$i":"weekday-6-long","$v":"سنیچر"},{"$i":"weekday-0-short","$v":"اتوار"},{"$i":"weekday-1-short","$v":"پیر"},{"$i":"weekday-2-short","$v":"منگل"},{"$i":"weekday-3-short","$v":"بدھ"},{"$i":"weekday-4-short","$v":"جمعرات"},{"$i":"weekday-5-short","$v":"جمعہ"},{"$i":"weekday-6-short","$v":"ہفتہ"},{"$i":"month-0-long","$v":"جنوری"},{"$i":"month-1-long","$v":"فروری"},{"$i":"month-2-long","$v":"مارچ"},{"$i":"month-3-long","$v":"اپریل"},{"$i":"month-4-long","$v":"مئی"},{"$i":"month-5-long","$v":"جون"},{"$i":"month-6-long","$v":"جولائی"},{"$i":"month-7-long","$v":"اگست"},{"$i":"month-8-long","$v":"ستمبر"},{"$i":"month-9-long","$v":"اکتوبر"},{"$i":"month-10-long","$v":"نومبر"},{"$i":"month-11-long","$v":"دسمبر"},{"$i":"month-0-genitive","$v":"جنوری"},{"$i":"month-1-genitive","$v":"فروری"},{"$i":"month-2-genitive","$v":"مارچ"},{"$i":"month-3-genitive","$v":"اپریل"},{"$i":"month-4-genitive","$v":"مئی"},{"$i":"month-5-genitive","$v":"جون"},{"$i":"month-6-genitive","$v":"جولائی"},{"$i":"month-7-genitive","$v":"اگست"},{"$i":"month-8-genitive","$v":"ستمبر"},{"$i":"month-9-genitive","$v":"اکتوبر"},{"$i":"month-10-genitive","$v":"نومبر"},{"$i":"month-11-genitive","$v":"دسمبر"},{"$i":"month-0-short","$v":"جنوری"},{"$i":"month-1-short","$v":"فروری"},{"$i":"month-2-short","$v":"مارچ"},{"$i":"month-3-short","$v":"اپریل"},{"$i":"month-4-short","$v":"مئی"},{"$i":"month-5-short","$v":"جون"},{"$i":"month-6-short","$v":"جولائی"},{"$i":"month-7-short","$v":"اگست"},{"$i":"month-8-short","$v":"ستمبر"},{"$i":"month-9-short","$v":"اکتوبر"},{"$i":"month-10-short","$v":"نومبر"},{"$i":"month-11-short","$v":"دسمبر"},{"$i":"minutes-ago-long","$v":{"few":[{"t":"idOrVar","v":"value"}," منٹس قبل"],"many":[{"t":"idOrVar","v":"value"}," منٹس قبل"],"one":"ایک منٹ قبل","other":[{"t":"idOrVar","v":"value"}," منٹس قبل"],"two":[{"t":"idOrVar","v":"value"}," منٹس قبل"],"zero":"ابھی ابھی"},"$x":[{"t":"idOrVar","v":"plural"},"value"]},{"$i":"hours-ago-long","$v":{"few":[{"t":"idOrVar","v":"value"}," گھنٹوں قبل"],"many":[{"t":"idOrVar","v":"value"}," گھنٹوں قبل"],"one":"ایک گھنٹہ قبل","other":[{"t":"idOrVar","v":"value"}," گھنٹوں قبل"],"two":[{"t":"idOrVar","v":"value"}," گھنٹوں قبل"],"zero":"ابھی ابھی"},"$x":[{"t":"idOrVar","v":"plural"},"value"]},{"$i":"days-ago-long","$v":{"few":[{"t":"idOrVar","v":"value"}," دن قبل"],"many":[{"t":"idOrVar","v":"value"}," دن قبل"],"one":"گزشتہ کل","other":[{"t":"idOrVar","v":"value"}," دن قبل"],"two":[{"t":"idOrVar","v":"value"}," دن قبل"],"zero":"آج"},"$x":[{"t":"idOrVar","v":"plural"},"value"]},{"$i":"weeks-ago-long","$v":{"few":[{"t":"idOrVar","v":"value"}," ہفتے قبل"],"many":[{"t":"idOrVar","v":"value"}," ہفتے قبل"],"one":"آخری ہفتہ","other":[{"t":"idOrVar","v":"value"}," ہفتے قبل"],"two":[{"t":"idOrVar","v":"value"}," ہفتے قبل"],"zero":"اس ہفتہ"},"$x":[{"t":"idOrVar","v":"plural"},"value"]},{"$i":"months-ago-long","$v":{"few":[{"t":"idOrVar","v":"value"}," مہینہ قبل"],"many":[{"t":"idOrVar","v":"value"}," مہینہ قبل"],"one":"آخری مہینہ","other":[{"t":"idOrVar","v":"value"}," مہینہ قبل"],"two":[{"t":"idOrVar","v":"value"}," مہینہ قبل"],"zero":"اس ماہ"},"$x":[{"t":"idOrVar","v":"plural"},"value"]},{"$i":"years-ago-long","$v":{"few":[{"t":"idOrVar","v":"value"}," سال قبل"],"many":[{"t":"idOrVar","v":"value"}," سال قبل"],"one":"آخری سال","other":[{"t":"idOrVar","v":"value"}," سال قبل"],"two":[{"t":"idOrVar","v":"value"}," سال قبل"],"zero":"اس سال"},"$x":[{"t":"idOrVar","v":"plural"},"value"]},{"$i":"minutes-until-long","$v":{"few":[{"t":"idOrVar","v":"value"}," منٹوں میں"],"many":[{"t":"idOrVar","v":"value"}," منٹوں میں"],"one":"ایک منٹ میں","other":[{"t":"idOrVar","v":"value"}," منٹوں میں"],"two":[{"t":"idOrVar","v":"value"}," منٹوں میں"],"zero":"ابھی"},"$x":[{"t":"idOrVar","v":"plural"},"value"]},{"$i":"hours-until-long","$v":{"few":[{"t":"idOrVar","v":"value"}," گھنٹوں میں"],"many":[{"t":"idOrVar","v":"value"}," گھنٹوں میں"],"one":"ایک گھٹے میں","other":[{"t":"idOrVar","v":"value"}," گھنٹوں میں"],"two":[{"t":"idOrVar","v":"value"}," گھنٹوں میں"],"zero":"ابھی"},"$x":[{"t":"idOrVar","v":"plural"},"value"]},{"$i":"days-until-long","$v":{"few":[{"t":"idOrVar","v":"value"}," دنوں میں"],"many":[{"t":"idOrVar","v":"value"}," دنوں میں"],"one":"tomorrow","other":[{"t":"idOrVar","v":"value"}," دنوں میں"],"two":[{"t":"idOrVar","v":"value"}," دنوں میں"],"zero":"آج"},"$x":[{"t":"idOrVar","v":"plural"},"value"]},{"$i":"weeks-until-long","$v":{"few":[{"t":"idOrVar","v":"value"}," ہفتوں میں"],"many":[{"t":"idOrVar","v":"value"}," ہفتوں میں"],"one":"اگلے ہفتے","other":[{"t":"idOrVar","v":"value"}," ہفتوں میں"],"two":[{"t":"idOrVar","v":"value"}," ہفتوں میں"],"zero":"اس ہفتہ"},"$x":[{"t":"idOrVar","v":"plural"},"value"]},{"$i":"months-until-long","$v":{"few":[{"t":"idOrVar","v":"value"}," مہینوں میں"],"many":[{"t":"idOrVar","v":"value"}," مہینوں میں"],"one":"اگلے ماہ","other":[{"t":"idOrVar","v":"value"}," مہینوں میں"],"two":[{"t":"idOrVar","v":"value"}," مہینوں میں"],"zero":"اس ماہ"},"$x":[{"t":"idOrVar","v":"plural"},"value"]},{"$i":"years-until-long","$v":{"few":[{"t":"idOrVar","v":"value"}," سالوں میں"],"many":[{"t":"idOrVar","v":"value"}," سالوں میں"],"one":"اگلے سال","other":[{"t":"idOrVar","v":"value"}," سالوں میں"],"two":[{"t":"idOrVar","v":"value"}," سالوں میں"],"zero":"اس سال"},"$x":[{"t":"idOrVar","v":"plural"},"value"]},{"$i":"minutes-ago-short","$v":{"other":[{"t":"idOrVar","v":"value"}," منٹ قبل"],"zero":"ابھی ابھی"},"$x":[{"t":"idOrVar","v":"plural"},"value"]},{"$i":"hours-ago-short","$v":{"other":[{"t":"idOrVar","v":"value"}," گھنٹہ قبل"],"zero":"ابھی ابھی"},"$x":[{"t":"idOrVar","v":"plural"},"value"]},{"$i":"days-ago-short","$v":{"other":[{"t":"idOrVar","v":"value"}," دن قبل"],"zero":"آج"},"$x":[{"t":"idOrVar","v":"plural"},"value"]},{"$i":"minutes-until-short","$v":{"other":[{"t":"idOrVar","v":"value"}," منٹ میں"],"zero":"ابھی"},"$x":[{"t":"idOrVar","v":"plural"},"value"]},{"$i":"hours-until-short","$v":{"other":[{"t":"idOrVar","v":"value"}," گھنٹے میں"],"zero":"ابھی"},"$x":[{"t":"idOrVar","v":"plural"},"value"]},{"$i":"days-until-short","$v":{"other":[{"t":"idOrVar","v":"value"}," دن میں"],"zero":"آج"},"$x":[{"t":"idOrVar","v":"plural"},"value"]},{"$i":"incorrectDate","$v":"(غلط تاریخ)"},{"$i":"dateTimeFormat_%c","$v":"%a %b %e %Y %I:%M:%S %p"},{"$i":"dateTimeFormat_%x","$v":"%m/%d/%Y"},{"$i":"dateTimeFormat_%X","$v":"%I:%M:%S %p"},{"$i":"shortTimeFormat","$v":"%I:%M %p"},{"$i":"shortTimeFormat12","$v":"%I:%M %p"},{"$i":"shortTimeFormat24","$v":"%H:%M"},{"$i":"shortDateTimeFormat","$v":"%x %I:%M %p"},{"$i":"weekStartsOnMonday","$v":"0.0"},{"$i":"firstDayOfTheWeek","$v":"0.0"},{"$i":"time_am","$v":"صبح"},{"$i":"time_pm","$v":"شام"},{"$i":"label","$v":"لیبل"},{"$i":"mobile","$v":"موبائل"},{"$i":"home","$v":"گھر"},{"$i":"work","$v":"دفتر"},{"$i":"personal","$v":"ذاتی"},{"$i":"faxHome","$v":"فیکس ہوم"},{"$i":"faxOffice","$v":"فیکس آفیس"},{"$i":"faxOther","$v":"فیکس دیگر"},{"$i":"another","$v":"دیگر"},{"$i":"other","$v":"دیگر"},{"$i":"customTag","$v":"کسٹم ٹيگ","placeholder":"کسٹم ٹيگ"},{"$i":"current","$v":"موجودہ"},{"$i":"itemWithLabel","$v":[{"t":"idOrVar","v":"label"},", ",{"t":"idOrVar","v":"item"}]},{"$i":"airplaneMode","$v":"ایئر پلین موڈ"},{"$i":"searching","$v":"تلاش کر رہا ہے…"},{"$i":"noNetwork","$v":"کوئی نیٹ ورک نہیں"},{"$i":"roaming","$v":[{"t":"idOrVar","v":"operator"}," (رومنگ)"]},{"$i":"operator-info","$v":[{"t":"idOrVar","v":"carrier"}," ",{"t":"idOrVar","v":"region"}]},{"$i":"emergencyCallsOnly","$v":"صرف ہنگامی کالز"},{"$i":"emergencyCallsOnly-unknownSIMState","$v":"(سم کی نامعلوم صورتحال)"},{"$i":"emergencyCallsOnly-noSIM","$v":"(کوئی سم نہیں)"},{"$i":"emergencyCallsOnly-pinRequired","$v":"(سم پن درکار ہے)"},{"$i":"emergencyCallsOnly-pukRequired","$v":"(سم پی یو کے درکار)"},{"$i":"emergencyCallsOnly-networkLocked","$v":"(نیٹ ورک لاک شدہ)"},{"$i":"emergencyCallsOnly-serviceProviderLocked","$v":"(سروس فراہم کنندہ بند کر دیا گیا ہے)"},{"$i":"emergencyCallsOnly-corporateLocked","$v":"(کارپوریٹ لاک شدہ)"},{"$i":"emergencyCallsOnly-network1Locked","$v":"(نیٹ ورک1 لاک شدہ)"},{"$i":"emergencyCallsOnly-network2Locked","$v":"(نیٹ ورک2 لاک شدہ)"},{"$i":"emergencyCallsOnly-hrpdNetworkLocked","$v":"(ایچ آر پی ڈی نیٹ ورک لاک شدہ)"},{"$i":"emergencyCallsOnly-ruimCorporateLocked","$v":"(ruim کارپوریٹ لاک شدہ)"},{"$i":"emergencyCallsOnly-ruimServiceProviderLocked","$v":"(ruim خدمت فراہم کنندہ لاک شدہ)"},{"$i":"lockscreen-sim-id","$v":["سم ",{"t":"idOrVar","v":"n"}]},{"$i":"charging-no-time","$v":[{"t":"idOrVar","v":"level"},"% چارج ہوگیا"]},{"$i":"charging-minutes","$v":{"few":[{"t":"idOrVar","v":"level"},"% چارج ہوا (مکمل چارج ہونے کیلئے ",{"t":"idOrVar","v":"minutes"}," منٹس)"],"many":[{"t":"idOrVar","v":"level"},"% چارج ہوا (مکمل چارج ہونے کیلئے ",{"t":"idOrVar","v":"minutes"}," منٹس)"],"one":[{"t":"idOrVar","v":"level"},"% چارج ہوا (مکمل چارج ہونے کیلئے ",{"t":"idOrVar","v":"minutes"}," منٹ)"],"other":[{"t":"idOrVar","v":"level"},"% چارج ہوا (مکمل چارج ہونے کیلئے ",{"t":"idOrVar","v":"minutes"}," منٹس)"],"two":[{"t":"idOrVar","v":"level"},"% چارج ہوا (مکمل چارج ہونے کیلئے ",{"t":"idOrVar","v":"minutes"}," منٹس)"],"zero":[{"t":"idOrVar","v":"level"},"% چارج ہوا (مکمل چارج ہونے کیلئے ",{"t":"idOrVar","v":"minutes"}," منٹس)"]},"$x":[{"t":"idOrVar","v":"plural"},"minutes"]},{"$i":"charging-hours","$v":{"few":[{"t":"idOrVar","v":"level"},"% چارج ہوا (مکمل چارج ہونے کیلئے ",{"t":"idOrVar","v":"hours"}," گھنٹے ",{"t":"idOrVar","v":"minutes"}," منٹس)"],"many":[{"t":"idOrVar","v":"level"},"% چارج ہوا (مکمل چارج ہونے کیلئے ",{"t":"idOrVar","v":"hours"}," گھنٹے ",{"t":"idOrVar","v":"minutes"}," منٹس)"],"one":[{"t":"idOrVar","v":"level"},"% چارج ہوا (مکمل چارج ہونے کیلئے ",{"t":"idOrVar","v":"hours"}," گھنٹے ",{"t":"idOrVar","v":"minutes"}," منٹ)"],"other":[{"t":"idOrVar","v":"level"},"% چارج ہوا (مکمل چارج ہونے کیلئے ",{"t":"idOrVar","v":"hours"}," گھنٹے ",{"t":"idOrVar","v":"minutes"}," منٹس)"],"two":[{"t":"idOrVar","v":"level"},"% چارج ہوا (مکمل چارج ہونے کیلئے ",{"t":"idOrVar","v":"hours"}," گھنٹے ",{"t":"idOrVar","v":"minutes"}," منٹس)"],"zero":[{"t":"idOrVar","v":"level"},"% چارج ہوا (مکمل چارج ہونے کیلئے ",{"t":"idOrVar","v":"hours"}," گھنٹے ",{"t":"idOrVar","v":"minutes"}," منٹس)"]},"$x":[{"t":"idOrVar","v":"plural"},"minutes"]},{"$i":"phoneNumberInput","ariaLabel":"فون نمبر"},{"$i":"keypadDelete","ariaLabel":"حذف کریں"},{"$i":"voiceMailKey","ariaLabel":"صوتی میل"},{"$i":"asterisk","ariaLabel":"ستارہ کا نشان"},{"$i":"hashSign","ariaLabel":"ہیش سائن"},{"$i":"cancel","$v":"منسوخ کریں"},{"$i":"loadingSimContacts","$v":"سم کارڈ کے روابط لوڈ ہورہے ہیں…"},{"$i":"noContactsWereFound","$v":"کوئی روابط نہیں ملے تھے"},{"$i":"noContactsFoundDialogOk","$v":"ٹھیک ہے"},{"$i":"emergencyNumber","$v":"ہنگامی نمبر"},{"$i":"callAirplaneModeMessage","$v":"کال کرنے کیلئے آپ کو سیٹنگز میں ہوائی جہاز موڈ غیر فعال کرنے کی ضرورت ہوگی۔"},{"$i":"callAirplaneModeBtnOk","$v":"ٹھیک ہے"},{"$i":"callAirplaneModeTitle","$v":"ایئر پلین موڈ فعال شدہ"},{"$i":"numberIsBusyTitle","$v":"نمبر مصروف ہے"},{"$i":"numberIsBusyMessage","$v":"نمبر فی الحال مصروف ہے۔ براہ کرم بعد ازاں دوبارہ کوشش کریں۔"},{"$i":"fdnIsActiveTitle","$v":"FDN فعال"},{"$i":"fdnIsActiveMessage","$v":["FDN (فکسڈ ڈائلنگ نمبرز) فعال شدہ ہے اور مندرجہ ذیل نمبر آپ کی FDN فہرست میں نہیں ہے: ",{"t":"idOrVar","v":"number"}]},{"$i":"emergencyDialogBodyBadNumber","$v":"کال کرنے کیلئے، فون کو نیٹ ورک سے جڑا ہونا ضروری ہے۔"},{"$i":"emergencyDialogBodyDeviceNotAccepted","$v":"ہنگامی کالز نیٹ ورک کے ذریعے اجازت یافتہ نہیں ہے۔"},{"$i":"emergencyDialogBtnOk","$v":"ٹھیک ہے"},{"$i":"emergencyDialogTitle","$v":"کوئی نیٹ ورک کنکشن نہیں"},{"$i":"invalidNumberToDialTitle","$v":"غیر مجاز فون نمبر"},{"$i":"invalidNumberToDialMessage","$v":"آپ جس نمبر پر کال کررہے ہیں وہ غلط ہے۔"},{"$i":"unableToCallTitle","$v":"کال نہیں کیا جاسکتا"},{"$i":"unableToCallMessage","$v":"ابھی فون کال کرنے سے قاصر۔"},{"$i":"otherConnectionInUseTitle","$v":"دوسرا کنیکشن زیر استعمال ہے"},{"$i":"otherConnectionInUseMessage","$v":"دیگر کنیکشن پر آپ کا کوئی فعال کال ہے۔ آپ ایک وقت میں صرف ایک کنیکشن استعمال کر سکتے ہیں۔"},{"$i":"connectingEllipsis","$v":"مربوط کیا جا رہا ہے..."},{"$i":"clear","$v":"صاف کریں"},{"$i":"dialer","$v":"ڈائلر"},{"$i":"kai-incomming-call","$v":"آنے والی کال"},{"$i":"kai-in-call","$v":"زیر کال"},{"$i":"kai-answer","$v":"جواب"},{"$i":"kai-end-answer","$v":"اختتام اور جواب"},{"$i":"kai-decline","$v":"مسترد کریں"},{"$i":"enter-passcode","$v":"براہ کرم اسکرین ان لاک کرنے کے لئے پاس کوڈ داخل کریں۔"},{"$i":"passcode-error","$v":"غیر مجاز کوڈ۔ براہ کرم دوبارہ کوشش کریں۔"},{"$i":"voice-call","$v":"وائس میں تبدیل کریں"},{"$i":"video-call","$v":"ویڈیو میں تبدیل کریں"},{"$i":"message","$v":"پیغام"},{"$i":"answer-rtt-call","$v":"آر۔ٹی۔ٹی جواب دیں"},{"$i":"req-rtt-call","$v":"ANS RTT"},{"$i":"rtt-call","$v":"آر۔ٹی۔ٹی کال"},{"$i":"rtt-view","$v":"آر۔ٹی۔ٹی منظر"},{"$i":"change-to-rtt-call","$v":"آر۔ٹی۔ٹی کال مربوط کر رہا ہے..."},{"$i":"change-to-voice-call","$v":"وائس کال میں تبدیل کیا گیا۔"},{"$i":"upgrading-rtt","$v":"آر۔ٹی۔ٹی کال پر اپ گریڈ کر رہا ہے..."},{"$i":"rtt-call-failed","$v":"آر۔ٹی۔ٹی کال ناکام ہوئی۔"},{"$i":"voice-call-failed","$v":"وائس کال ناکام ہوئی۔"},{"$i":"rtt","$v":"RTT"},{"$i":"rtt-emegency-upgrade-rejected","$v":"911 کال کے لئے آر۔ٹی۔ٹی دستیاب نہیں ہے۔"},{"$i":"rtt-emegency-downgrade","$v":"911 کال کے لئے آر۔ٹی۔ٹی دستیاب نہیں ہے۔آپ کی کال از صرف وائس کال مربوط کی گئی۔ اگر آپ کو مشکلات کا سامنا ہو رہا ہے، براہ کرم 911 کو ایک وائس یا ریلے کال کریں۔"},{"$i":"voice-only-call","$v":"آپ کی کال از صرف-وائس کے طور پر مربوط کی گئی ہے۔"},{"$i":"ans-rtt-failed","$v":"آر۔ٹی۔ٹی کال قائم کرنے میں ناکام ہوگیا۔ آپ کے کال کو محض-صوتی کال کے طور پر منسلک کیا گیا ہے۔"},{"$i":"back","$v":"واپس جائیں"},{"$i":"new-message","$v":"نئی میسج ازطرف"},{"$i":"kai-mute","$v":"خاموش"},{"$i":"kai-unmute","$v":"غیر خاموش"},{"$i":"kai-speaker","$v":"اسپیکر"},{"$i":"kai-speaker-off","$v":"اسپیکر آف"},{"$i":"kai-microphone-mute-notification","$v":"مائکرو فاون خاموش کیا گيا"},{"$i":"kai-microphone-active-notification","$v":"مائکرو فون فعال ہے"},{"$i":"kai-speaker-off-notification","$v":"بیرونی اسپیکر آف کیا گیا"},{"$i":"kai-speaker-on-notification","$v":"بیرونی اسپیکر آن کیا گیا"},{"$i":"kai-hold-and-answer","$v":"ہولڈ پر ڈالیں اور جواب دیں"},{"$i":"kai-ignore-call","$v":"آنے والی کال کو نظر انداز کریں"},{"$i":"kai-add-to-call","$v":"کال شامل کریں"},{"$i":"kai-switch-to-second-line","$v":"سیوپ کالز"},{"$i":"kai-merge-calls","$v":"کال ضم کریں"},{"$i":"ok","$v":"ٹھیک ہے"},{"$i":"losing-wifi-msg","$v":"losing Wi-Fi"},{"$i":"hd","$v":"HD"},{"$i":"manage-call","$v":"کال کا نظم کریں"},{"$i":"end","$v":"کال ختم کریں"},{"$i":"private","$v":"نجی"},{"$i":"sound","$v":"آواز"},{"$i":"bluetooth-device","$v":"بلوٹوتھ آلات"},{"$i":"handset-earpiece","$v":"ہینڈ سیٹ"},{"$i":"speaker","$v":"اسپیکر"},{"$i":"call-ended","$v":"کال ختم ہوا"},{"$i":"payphone","$v":"پے فون"},{"$i":"contact","$v":"رابطے"},{"$i":"dialer-prompt","$v":"نمبر ڈائل کریں یا کال میں شامل کرنے کیلئے رابطہ منتخب کریں"},{"$i":"call","$v":"کال کریں"},{"$i":"hold","$v":"پکڑیں"},{"$i":"volume","$v":"والیوم"},{"$i":"softkey-options","$v":"اختیارات"},{"$i":"unhold-call","$v":"تمام کو ان ہولڈ کریں"},{"$i":"hold-call","$v":"کال کو ہولڈ کریں"},{"$i":"select","$v":"منتخب کریں"},{"$i":"unknown","$v":"نامعلوم"},{"$i":"switch-calls","$v":"کالز سوئچ کریں"},{"$i":"voiceMail","$v":"صوتی میل"},{"$i":"incoming","$v":"آنے والی"},{"$i":"outgoing","$v":"باہر جانے والی"},{"$i":"callEnded","$v":"کال ختم ہوا"},{"$i":"callEndedDuration","$v":["کال ختم ہوئی (",{"t":"idOrVar","v":"duration"},")"]},{"$i":"conferenceAddError","$v":"کالز ضم کرنے سے قاصر"},{"$i":"conferenceRemoveError","$v":"کالز علحدہ کرنے سے قاصر"},{"$i":"callDurationMinutes","$v":[{"t":"idOrVar","v":"m"},":",{"t":"idOrVar","v":"s"}]},{"$i":"callDurationHours","$v":[{"t":"idOrVar","v":"h"},":",{"t":"idOrVar","v":"m"},":",{"t":"idOrVar","v":"s"}]},{"$i":"callDurationTextFormatSeconds","$v":[{"t":"idOrVar","v":"s"}," سیکنڈ"]},{"$i":"callDurationTextFormatMinutes","$v":[{"t":"idOrVar","v":"m"}," منٹ ",{"t":"idOrVar","v":"s"}," سیکنڈ"]},{"$i":"callDurationTextFormatHours","$v":[{"t":"idOrVar","v":"h"}," گھنٹہ ",{"t":"idOrVar","v":"m"}," منٹ ",{"t":"idOrVar","v":"s"}," سیکنڈ"]},{"$i":"switch-to-device-toast","$v":"بلوٹوتھ آلہ پر سوئچ کیا گیا"},{"$i":"switch-to-handset-toast","$v":"ہینڈسیٹ ائير پیس پر سوئچ کیا گیا"},{"$i":"switch-to-speaker-toast","$v":"اسپیکر پر سوئچ کیا گیا"},{"$i":"connecting","$v":"مربوط کیا جا رہا ہے"},{"$i":"wifi-call-quality-excellent","$v":"عمدہ"},{"$i":"wifi-call-quality-fair","$v":"ٹھیک"},{"$i":"wifi-call-quality-bad","$v":"خراب"},{"$i":"call-left-conference-toast","$v":"نے کال چھوڑ دیا"},{"$i":"camera-off","$v":"کیمرہ آف"},{"$i":"camera-on","$v":"کیمرے بند"},{"$i":"rear-camera","$v":"پچھلا کیمرہ"},{"$i":"front-camera","$v":"سامنے کا کیمرہ"},{"$i":"hide-info","$v":"معلومات پوشیدہ رکھیں"},{"$i":"show-info","$v":"معلومات دکھائیں"},{"$i":"video-call-rejected","$v":"ویڈیو کال مسترد ہے، وائل کال میں تبدیل کریں۔"},{"$i":"video-call-not-support","$v":"ویڈیو کال معاونت یافتہ نہیں ہے۔"},{"$i":"video-call-rejected-timeout","$v":"ویڈیو کال مسترد ہوگیا یا وقت ختم ہوگیا ہے۔"},{"$i":"video-call-from","$v":[{"t":"idOrVar","v":"name"}," سے ویڈیو کال موصول ہورہی ہے۔"]},{"$i":"video-call-canceled","$v":"ویڈیو کال منسوخ ہے۔"},{"$i":"video-call-failed","$v":"ویڈیو کال ناکام ہوگیا۔"},{"$i":"call-downgraded","$v":"کال ڈاؤن گریڈ ہے۔"},{"$i":"wifi-calling","$v":"WiFi کالنگ"},{"$i":"wifi-calling-1","$v":"آپ کی کال ڈراپ ہوسکتی ہے۔"},{"$i":"wifi-calling-2","$v":"آپ وائی-فائی کوریج کے دائرے سے تقریباً باہر ہیں۔"},{"$i":"wifi-calling-dropped","$v":"وائی-فائی کالنگ ڈراپ ہوگئی۔"},{"$i":"accept","$v":"قبول کریں"},{"$i":"conference-call-num","$v":["کال میں ",{"t":"idOrVar","v":"num"}," لوگ۔"]},{"$i":"more","$v":"مزید"},{"$i":"rec","$v":"آر۔ای۔سی"},{"$i":"start-recording-call","$v":"کال ریکارڈنگ کرنا شروع کریں۔"},{"$i":"stop-recording-call","$v":"کال ریکارڈنگ کرنا روک لیں۔"},{"$i":"insufficient-storage","$v":"ناکافی اسٹوریج، ریکارڈنگ رک گئی۔"},{"$i":"reply","$v":"جواب دیں"},{"$i":"reply-message-1","$v":"معذرت، میں ابھی بات نہیں کر سکتا۔"},{"$i":"reply-message-2","$v":"میں راستے میں ہوں."},{"$i":"reply-message-3","$v":"کیا میں آپ کو بعد میں کال کر سکتا ہوں؟"},{"$i":"reply-message-4","$v":"کسٹم..."},{"$i":"reply-to-name","$v":[{"t":"idOrVar","v":"name"}," کو جواب دیا"]},{"$i":"mt-call-on-hold","$v":"کال ہولڈ پر رکھی گئی ہے۔"},{"$i":"mt-call_retrieved","$v":"کال بازیافت کی گئی ہے۔"},{"$i":"mt-multi_party_call","$v":"آپ ایک کانفرنس کال میں شامل کردئے گئے ہے۔"},{"$i":"hangup-a11y-button","$v":""},{"$i":"pickup-a11y-button","$v":""},{"$i":"mute","$v":""},{"$i":"toggleKeypad","$v":""},{"$i":"newCall","$v":""},{"$i":"speakerOption","$v":""},{"$i":"bluetoothOption","$v":""},{"$i":"onHoldOption","$v":""},{"$i":"merge","$v":""},{"$i":"ignore","$v":""},{"$i":"dialerAddContact","$v":""},{"$i":"makeCall","$v":""},{"$i":"call-forwarding-async","$v":["ناہَم زَمان: ",{"t":"idOrVar","v":"async"}]},{"$i":"call-forwarding-data","$v":["ڈيٹا: ",{"t":"idOrVar","v":"data"}]},{"$i":"call-forwarding-error","$v":"کال فارورڈ کرنے کی صورتحال کو بازیافت کرتے وقت نقص واقع ہوا"},{"$i":"call-forwarding-fax","$v":["FAX: ",{"t":"idOrVar","v":"fax"}]},{"$i":"call-forwarding-inactive","$v":"غیر فعال"},{"$i":"call-forwarding-packet","$v":["پیکیٹ: ",{"t":"idOrVar","v":"packet"}]},{"$i":"call-forwarding-pad","$v":["PAD: ",{"t":"idOrVar","v":"pad"}]},{"$i":"call-forwarding-sms","$v":["SMS: ",{"t":"idOrVar","v":"sms"}]},{"$i":"call-forwarding-status","$v":"کال فارورڈ کرنے کی صورتحال"},{"$i":"call-forwarding-sync","$v":["ہم وقتی: ",{"t":"idOrVar","v":"sync"}]},{"$i":"call-forwarding-voice","$v":["وائس: ",{"t":"idOrVar","v":"voice"}]},{"$i":"scCallBarring","$v":"کال بارنگ"},{"$i":"scCallForwarding","$v":"کال فارورڈ کرنا"},{"$i":"scClip","$v":"‏ان کمنگ کالر ID"},{"$i":"scClir","$v":"‏آؤٹ گوئنگ کالر ID"},{"$i":"scPwd","$v":"پاس ورڈ میں تبدیلی"},{"$i":"scCallWaiting","$v":"کال منتظر"},{"$i":"scPin","$v":"‏PIN میں تبدیلی"},{"$i":"scPin2","$v":"PIN2 تبدیل"},{"$i":"scPuk","$v":"ان بلاک PIN"},{"$i":"scPuk2","$v":"ان بلاک PIN2"},{"$i":"scImei","$v":"IMEI"},{"$i":"scMeid","$v":"MEID"},{"$i":"scUssd","$v":"USSD"},{"$i":"serviceClassVoice","$v":"آواز"},{"$i":"serviceClassData","$v":"ڈیٹا"},{"$i":"serviceClassFax","$v":"FAX"},{"$i":"serviceClassSms","$v":"SMS"},{"$i":"serviceClassDataSync","$v":"مطابقت پذیری کریں"},{"$i":"serviceClassDataAsync","$v":"Async"},{"$i":"serviceClassPacket","$v":"پیکٹ"},{"$i":"serviceClassPad","$v":"PAD"},{"$i":"smServiceEnabled","$v":"سروس فعال شدہ تھی"},{"$i":"smServiceDisabled","$v":"سروس غیر فعال کردی گئی ہے"},{"$i":"smServiceRegistered","$v":"رجسٹریشن کامیاب تھا"},{"$i":"smServiceErased","$v":"مٹانا کامیاب ہوگیا تھا"},{"$i":"smServiceInterrogated","$v":"درخواست ناکام ہوئی تھی"},{"$i":"smServiceNotProvisioned","$v":"سروس فراہم نہیں کی گئی"},{"$i":"smClirPermanent","$v":"آپ کالر آئی ڈی سیٹنگ تبدیل نہیں کر سکتے ہیں"},{"$i":"smClirDefaultOnNextCallOn","$v":"کالر ID ڈیفالٹس محدود کرنا۔ اگلی کال: محدود"},{"$i":"smClirDefaultOnNextCallOff","$v":"کالر ID ڈیفالٹس محدود کرنا۔ اگلی کال: محدود نہیں"},{"$i":"smClirDefaultOffNextCallOn","$v":"کالر ID ڈیفالٹس محدود نہ کرنا۔ اگلی کال: محدود"},{"$i":"smClirDefaultOffNextCallOff","$v":"کالر ID ڈیفالٹس محدود نہ کرنا۔ اگلی کال: محدود نہیں"},{"$i":"smServiceEnabledFor","$v":"سروس فعال کی گئی برائے:"},{"$i":"smPinChanged","$v":"PIN کامیابی کے ساتھ تبدیل ہوگئی"},{"$i":"smPinUnblocked","$v":"PIN کامیابی کے ساتھ انبلاک ہوگئی"},{"$i":"smPin2Changed","$v":"PIN2 کامیابی کے ساتھ تبدیل ہوگئی"},{"$i":"smPin2Unblocked","$v":"PIN2 کامیابی کے ساتھ ان بلاک ہوگئی"},{"$i":"ServiceIsEnabled","$v":"سروس فعال ہے"},{"$i":"ServiceIsDisabled","$v":"سروس غیر فعال ہے"},{"$i":"ServiceIsEnabledFor","$v":"سروس فعال ہے برائے:"},{"$i":"emMmiError","$v":"کنیکشن کا نقص یا غیر مجاز MMI کوڈ"},{"$i":"emMmiErrorPasswordIncorrect","$v":"غلط پاس ورڈ"},{"$i":"emMmiErrorNotSupported","$v":"غیر مجاز یا غیر تائید یافتہ MMI کوڈ"},{"$i":"emMmiErrorInvalidAction","$v":"غیر مجاز عمل"},{"$i":"emMmiErrorInvalidScCode","$v":"غیر مجاز سروس کوڈ"},{"$i":"emMmiErrorBadPuk","$v":"آپ نے جو PUK ٹائپ کی ہے وہ غلط ہے"},{"$i":"emMmiErrorBadPin","$v":"آپ نے جو پرانی PIN ٹائپ کی ہے وہ غلط ہے۔"},{"$i":"emMmiErrorNeedPuk2","$v":"سم کارڈ کو ان بلاک کرنے کیلئے PUK2 ٹائپ کریں"},{"$i":"emMmiErrorMismatchPin","$v":"آپ نے جو PINs ٹائپ کی ہیں وہ میل نہیں کھاتی"},{"$i":"emMmiErrorInvalidPin","$v":"PIN ٹائپ کریں جو 4 سے 8 اعداد پر مشتمل ہو"},{"$i":"emMmiErrorNeedsPuk","$v":"آپ کا سم کارڈ PUK لاک ہوگیا ہے"},{"$i":"emMmiErrorEnablePin","$v":"ناکامیاب۔ SIM/RUIM LOCK فعال کریں"},{"$i":"emMmiErrorMmiFdn","$v":"آپریشن صرف طئے شدہ ڈائلنگ نمبرز کیلئے محدود ہے"},{"$i":"emMmiErrorStkCcUssdDial","$v":"‏USSD درخواست میں ترمیم کر کے DIAL درخواست بنا دی گئی ہے۔"},{"$i":"emMmiErrorStkCcUssdSs","$v":"‏USSD درخواست میں ترمیم کر کے SS درخواست بنا دی گئی ہے۔"},{"$i":"emMmiErrorStkCcUssdUssd","$v":"‏USSD درخواست میں ترمیم کر کے نئی USSD درخواست بنا دی گئی ہے۔"},{"$i":"emMmiErrorStkCcSsDial","$v":"SS کی درخواست کی ڈائل کی درخواست میں ترمیم کر دی گئی ہے"},{"$i":"emMmiErrorStkCcSsUssd","$v":"‏SS درخواست میں ترمیم کر کے USSD درخواست بنا دی گئی ہے۔"},{"$i":"emMmiErrorStkCcSsSs","$v":"SS کی درخواست کی نئی SS کی درخواست میں ترمیم کر دی گئی ہے"},{"$i":"emMmiErrorPinPukAttempts","$v":{"few":[{"t":"idOrVar","v":"n"}," کوششیں باقی ہے"],"many":[{"t":"idOrVar","v":"n"}," کوششیں باقی ہے"],"one":["صرف ",{"t":"idOrVar","v":"n"}," کوشش باقی ہے"],"other":[{"t":"idOrVar","v":"n"}," کوششیں باقی ہے"],"two":[{"t":"idOrVar","v":"n"}," کوششیں باقی ہے"]},"$x":[{"t":"idOrVar","v":"plural"},"n"]},{"$i":"emMmiErrorSimBlocked","$v":"دوبارہ کوشش کرنے کے زیادہ سے زیادہ مواقع سے تجاوز کر گیا۔ سم بلاک ہوگیا"},{"$i":"RadioNotAvailable","$v":"ریڈیو دستیاب نہیں ہے"},{"$i":"GenericFailure","$v":"کلی ناکامی"},{"$i":"PasswordIncorrect","$v":"پاس ورڈ غلط ہے"},{"$i":"SimPin2","$v":"سم پن2"},{"$i":"SimPuk2","$v":"سم PUK2"},{"$i":"RequestNotSupported","$v":"درخواست تعاون یافتہ نہیں ہے"},{"$i":"OpNotAllowedDuringVoiceCall","$v":"وائس کال کے دوران آپریشن کی اجازت نہیں ہے"},{"$i":"SmsSendFailRetry","$v":"SMS بھیجنا ناکام دوبارہ کوشش کریں"},{"$i":"SimAbsent","$v":"سم غیر حاضر"},{"$i":"SubscriptionNotAvailable","$v":"سبسکرپشن دستیاب نہیں ہے"},{"$i":"ModeNotSupported","$v":"موڈ تعاون نہیں کرتا"},{"$i":"FdnCheckFailure","$v":"Fdn کی ناکامی"},{"$i":"IllegalSimOrMe","$v":"غیر قانونی سم یا ME"},{"$i":"DialModifiedToUssd","$v":"ڈائل کی USSD پر ترمیم کی گئی"},{"$i":"DialModifiedToSs","$v":"ڈائل کی SS پر ترمیم کی گئی"},{"$i":"DialModifiedToDial","$v":"ڈائل کی ڈائل پر ترمیم کی گئی"},{"$i":"UssdModifiedToDial","$v":"USSD کی ڈائل میں تریم کردی گئی"},{"$i":"UssdModifiedToSs","$v":"USSD کی SS میں تریم کردی گئی"},{"$i":"UssdModifiedToUssd","$v":"USSD کی USSD میں تریم کردی گئی"},{"$i":"SsModifiedToDial","$v":"SS کی ڈائل میں تریم کردی گئی"},{"$i":"SsModifiedToUssd","$v":"SS کی USSD میں تریم کردی گئی"},{"$i":"SsModifiedToSs","$v":"SS کی SS میں تریم کردی گئی"},{"$i":"SubscriptionNotSupported","$v":"سبسکرپشن تعاون یافتہ نہیں ہے"},{"$i":"InvalidParameter","$v":"غلط پیمانہ"},{"$i":"RejectedByRemote","$v":"ریموٹ کے ذریعے مسترد کیا گیا"},{"$i":"error","$v":"خرابی"}]