[{"$i":"weekday-0-long","$v":"Chủ nhật"},{"$i":"weekday-1-long","$v":"Thứ Hai"},{"$i":"weekday-2-long","$v":"Thứ Ba"},{"$i":"weekday-3-long","$v":"Thứ Tư"},{"$i":"weekday-4-long","$v":"Thứ Năm"},{"$i":"weekday-5-long","$v":"Thứ Sáu"},{"$i":"weekday-6-long","$v":"Thứ Bảy"},{"$i":"weekday-0-short","$v":"CN"},{"$i":"weekday-1-short","$v":"Thứ 2"},{"$i":"weekday-2-short","$v":"Thứ 3"},{"$i":"weekday-3-short","$v":"Thứ 4"},{"$i":"weekday-4-short","$v":"Thứ 5"},{"$i":"weekday-5-short","$v":"Thứ 6"},{"$i":"weekday-6-short","$v":"Thứ 7"},{"$i":"month-0-long","$v":"Tháng 1"},{"$i":"month-1-long","$v":"Tháng 2"},{"$i":"month-2-long","$v":"Tháng 3"},{"$i":"month-3-long","$v":"Tháng 4"},{"$i":"month-4-long","$v":"Tháng 5"},{"$i":"month-5-long","$v":"Tháng 6"},{"$i":"month-6-long","$v":"Tháng 7"},{"$i":"month-7-long","$v":"Tháng 8"},{"$i":"month-8-long","$v":"Tháng 9"},{"$i":"month-9-long","$v":"Tháng 10"},{"$i":"month-10-long","$v":"Tháng 11"},{"$i":"month-11-long","$v":"Tháng 12"},{"$i":"month-0-genitive","$v":"Tháng 1"},{"$i":"month-1-genitive","$v":"Tháng 2"},{"$i":"month-2-genitive","$v":"Tháng 3"},{"$i":"month-3-genitive","$v":"Tháng 4"},{"$i":"month-4-genitive","$v":"Tháng 5"},{"$i":"month-5-genitive","$v":"Tháng 6"},{"$i":"month-6-genitive","$v":"Tháng 7"},{"$i":"month-7-genitive","$v":"Tháng 8"},{"$i":"month-8-genitive","$v":"Tháng 9"},{"$i":"month-9-genitive","$v":"Tháng 10"},{"$i":"month-10-genitive","$v":"Tháng 11"},{"$i":"month-11-genitive","$v":"Tháng 12"},{"$i":"month-0-short","$v":"Tháng 1"},{"$i":"month-1-short","$v":"Tháng 2"},{"$i":"month-2-short","$v":"Tháng 3"},{"$i":"month-3-short","$v":"Tháng 4"},{"$i":"month-4-short","$v":"Tháng 5"},{"$i":"month-5-short","$v":"Tháng 6"},{"$i":"month-6-short","$v":"Tháng 7"},{"$i":"month-7-short","$v":"Tháng 8"},{"$i":"month-8-short","$v":"Tháng 9"},{"$i":"month-9-short","$v":"Tháng 10"},{"$i":"month-10-short","$v":"Tháng 11"},{"$i":"month-11-short","$v":"Tháng 12"},{"$i":"minutes-ago-long","$v":{"few":[{"t":"idOrVar","v":"value"}," phút trước"],"many":[{"t":"idOrVar","v":"value"}," phút trước"],"one":"một phút trước","other":[{"t":"idOrVar","v":"value"}," phút trước"],"two":[{"t":"idOrVar","v":"value"}," phút trước"],"zero":"ngay bây giờ"},"$x":[{"t":"idOrVar","v":"plural"},"value"]},{"$i":"hours-ago-long","$v":{"few":[{"t":"idOrVar","v":"value"}," giờ trước"],"many":[{"t":"idOrVar","v":"value"}," giờ trước"],"one":"giờ trước","other":[{"t":"idOrVar","v":"value"}," giờ trước"],"two":[{"t":"idOrVar","v":"value"}," giờ trước"],"zero":"ngay bây giờ"},"$x":[{"t":"idOrVar","v":"plural"},"value"]},{"$i":"days-ago-long","$v":{"few":[{"t":"idOrVar","v":"value"}," ngày trước"],"many":[{"t":"idOrVar","v":"value"}," ngày trước"],"one":"hôm qua","other":[{"t":"idOrVar","v":"value"}," ngày trước"],"two":[{"t":"idOrVar","v":"value"}," ngày trước"],"zero":"hôm nay"},"$x":[{"t":"idOrVar","v":"plural"},"value"]},{"$i":"weeks-ago-long","$v":{"few":[{"t":"idOrVar","v":"value"}," tuần trước"],"many":[{"t":"idOrVar","v":"value"}," tuần trước"],"one":"tuần trước","other":[{"t":"idOrVar","v":"value"}," tuần trước"],"two":[{"t":"idOrVar","v":"value"}," tuần trước"],"zero":"tuần này"},"$x":[{"t":"idOrVar","v":"plural"},"value"]},{"$i":"months-ago-long","$v":{"few":[{"t":"idOrVar","v":"value"}," tháng trước"],"many":[{"t":"idOrVar","v":"value"}," tháng trước"],"one":"tháng trước","other":[{"t":"idOrVar","v":"value"}," tháng trước"],"two":[{"t":"idOrVar","v":"value"}," tháng trước"],"zero":"tháng này"},"$x":[{"t":"idOrVar","v":"plural"},"value"]},{"$i":"years-ago-long","$v":{"few":[{"t":"idOrVar","v":"value"}," năm trước"],"many":[{"t":"idOrVar","v":"value"}," năm trước"],"one":"năm ngoái","other":[{"t":"idOrVar","v":"value"}," năm trước"],"two":[{"t":"idOrVar","v":"value"}," năm trước"],"zero":"năm nay"},"$x":[{"t":"idOrVar","v":"plural"},"value"]},{"$i":"minutes-until-long","$v":{"few":["trong ",{"t":"idOrVar","v":"value"}," phút"],"many":["trong ",{"t":"idOrVar","v":"value"}," phút"],"one":"trong một phút","other":["trong ",{"t":"idOrVar","v":"value"}," phút"],"two":["trong ",{"t":"idOrVar","v":"value"}," phút"],"zero":"hiện tại"},"$x":[{"t":"idOrVar","v":"plural"},"value"]},{"$i":"hours-until-long","$v":{"few":["trong ",{"t":"idOrVar","v":"value"}," giờ"],"many":["trong ",{"t":"idOrVar","v":"value"}," giờ"],"one":"trong một giờ","other":["trong ",{"t":"idOrVar","v":"value"}," giờ"],"two":["trong ",{"t":"idOrVar","v":"value"}," giờ"],"zero":"hiện tại"},"$x":[{"t":"idOrVar","v":"plural"},"value"]},{"$i":"days-until-long","$v":{"few":["trong ",{"t":"idOrVar","v":"value"}," ngày"],"many":["trong ",{"t":"idOrVar","v":"value"}," ngày"],"one":"ngày mai","other":["trong ",{"t":"idOrVar","v":"value"}," ngày"],"two":["trong ",{"t":"idOrVar","v":"value"}," ngày"],"zero":"hôm nay"},"$x":[{"t":"idOrVar","v":"plural"},"value"]},{"$i":"weeks-until-long","$v":{"few":["trong ",{"t":"idOrVar","v":"value"}," tuần"],"many":["trong ",{"t":"idOrVar","v":"value"}," tuần"],"one":"tuần tới","other":["trong ",{"t":"idOrVar","v":"value"}," tuần"],"two":["trong ",{"t":"idOrVar","v":"value"}," tuần"],"zero":"tuần này"},"$x":[{"t":"idOrVar","v":"plural"},"value"]},{"$i":"months-until-long","$v":{"few":["trong ",{"t":"idOrVar","v":"value"}," tháng"],"many":["trong ",{"t":"idOrVar","v":"value"}," tháng"],"one":"tháng tiếp theo","other":["trong ",{"t":"idOrVar","v":"value"}," tháng"],"two":["trong ",{"t":"idOrVar","v":"value"}," tháng"],"zero":"tháng này"},"$x":[{"t":"idOrVar","v":"plural"},"value"]},{"$i":"years-until-long","$v":{"few":["trong ",{"t":"idOrVar","v":"value"}," năm"],"many":["trong ",{"t":"idOrVar","v":"value"}," năm"],"one":"năm tới","other":["trong ",{"t":"idOrVar","v":"value"}," năm"],"two":["trong ",{"t":"idOrVar","v":"value"}," năm"],"zero":"năm nay"},"$x":[{"t":"idOrVar","v":"plural"},"value"]},{"$i":"minutes-ago-short","$v":{"other":[{"t":"idOrVar","v":"value"}," tháng trước"],"zero":"ngay bây giờ"},"$x":[{"t":"idOrVar","v":"plural"},"value"]},{"$i":"hours-ago-short","$v":{"other":[{"t":"idOrVar","v":"value"}," giờ trước"],"zero":"ngay bây giờ"},"$x":[{"t":"idOrVar","v":"plural"},"value"]},{"$i":"days-ago-short","$v":{"other":[{"t":"idOrVar","v":"value"}," ngày trước"],"zero":"hôm nay"},"$x":[{"t":"idOrVar","v":"plural"},"value"]},{"$i":"minutes-until-short","$v":{"other":["trong ",{"t":"idOrVar","v":"value"},"m"],"zero":"hiện tại"},"$x":[{"t":"idOrVar","v":"plural"},"value"]},{"$i":"hours-until-short","$v":{"other":["trong ",{"t":"idOrVar","v":"value"}],"zero":"hiện tại"},"$x":[{"t":"idOrVar","v":"plural"},"value"]},{"$i":"days-until-short","$v":{"other":["in ",{"t":"idOrVar","v":"value"},"d"],"zero":"hôm nay"},"$x":[{"t":"idOrVar","v":"plural"},"value"]},{"$i":"incorrectDate","$v":"(ngày không chính xác)"},{"$i":"dateTimeFormat_%c","$v":"%a %b %e %Y %I:%M:%S %p"},{"$i":"dateTimeFormat_%x","$v":"%m/%d/%Y"},{"$i":"dateTimeFormat_%X","$v":"%I:%M:%S %p"},{"$i":"shortTimeFormat","$v":"%I:%M %p"},{"$i":"shortTimeFormat12","$v":"%I:%M %p"},{"$i":"shortTimeFormat24","$v":"%H:%M"},{"$i":"shortDateTimeFormat","$v":"%x %I:%M %p"},{"$i":"weekStartsOnMonday","$v":"0.0"},{"$i":"firstDayOfTheWeek","$v":"0.0"},{"$i":"time_am","$v":"AM"},{"$i":"time_pm","$v":"PM"},{"$i":"label","$v":"Nhãn"},{"$i":"mobile","$v":"Di động"},{"$i":"home","$v":"Màn hình chính"},{"$i":"work","$v":"Công việc"},{"$i":"personal","$v":"Cá nhân"},{"$i":"faxHome","$v":"Số fax nhà riêng"},{"$i":"faxOffice","$v":"Số fax văn phòng"},{"$i":"faxOther","$v":"Số fax khác"},{"$i":"another","$v":"Khác"},{"$i":"other","$v":"Khác"},{"$i":"customTag","$v":"Thẻ tùy chỉnh","placeholder":"Thẻ tùy chỉnh"},{"$i":"current","$v":"Hiện hành"},{"$i":"itemWithLabel","$v":[{"t":"idOrVar","v":"label"},", ",{"t":"idOrVar","v":"item"}]},{"$i":"airplaneMode","$v":"Chế độ máy bay"},{"$i":"searching","$v":"Đang tìm kiếm..."},{"$i":"noNetwork","$v":"Không có mạng"},{"$i":"roaming","$v":[{"t":"idOrVar","v":"operator"}," (Đang chuyển vùng)"]},{"$i":"operator-info","$v":[{"t":"idOrVar","v":"carrier"}," ",{"t":"idOrVar","v":"region"}]},{"$i":"emergencyCallsOnly","$v":"Chỉ cuộc gọi khẩn cấp"},{"$i":"emergencyCallsOnly-unknownSIMState","$v":"(trạng thái SIM không xác định)"},{"$i":"emergencyCallsOnly-noSIM","$v":"(không có SIM)"},{"$i":"emergencyCallsOnly-pinRequired","$v":"(cần có mã PIN của SIM)"},{"$i":"emergencyCallsOnly-pukRequired","$v":"(cần có mã PUK của SIM)"},{"$i":"emergencyCallsOnly-networkLocked","$v":"(khoán mạng)"},{"$i":"emergencyCallsOnly-serviceProviderLocked","$v":"(khóa nhà cung cấp dịch vụ)"},{"$i":"emergencyCallsOnly-corporateLocked","$v":"(khóa gói doanh nghiệp)"},{"$i":"emergencyCallsOnly-network1Locked","$v":"(khóa mạng 1)"},{"$i":"emergencyCallsOnly-network2Locked","$v":"(khóa mạng 2)"},{"$i":"emergencyCallsOnly-hrpdNetworkLocked","$v":"(khóa mạng hrpd)"},{"$i":"emergencyCallsOnly-ruimCorporateLocked","$v":"(khóa công ty ruim)"},{"$i":"emergencyCallsOnly-ruimServiceProviderLocked","$v":"(khóa nhà cung cấp dịch vụ ruim)"},{"$i":"lockscreen-sim-id","$v":["SIM",{"t":"idOrVar","v":"n"}]},{"$i":"charging-no-time","$v":[{"t":"idOrVar","v":"level"},"% Đã sạc"]},{"$i":"charging-minutes","$v":{"few":[{"t":"idOrVar","v":"level"},"% Đã sạc (",{"t":"idOrVar","v":"minutes"}," phút cho đến khi sạc đầy)"],"many":[{"t":"idOrVar","v":"level"},"% Đã sạc (",{"t":"idOrVar","v":"minutes"}," phút cho đến khi sạc đầy)"],"one":[{"t":"idOrVar","v":"level"},"% Đã sạc (",{"t":"idOrVar","v":"minutes"}," phút cho đến khi sạc đầy)"],"other":[{"t":"idOrVar","v":"level"},"% Đã sạc (",{"t":"idOrVar","v":"minutes"}," phút cho đến khi sạc đầy)"],"two":[{"t":"idOrVar","v":"level"},"% Đã sạc (",{"t":"idOrVar","v":"minutes"}," phút cho đến khi sạc đầy)"],"zero":[{"t":"idOrVar","v":"level"},"% Đã sạc (",{"t":"idOrVar","v":"minutes"}," phút cho đến khi sạc đầy)"]},"$x":[{"t":"idOrVar","v":"plural"},"minutes"]},{"$i":"charging-hours","$v":{"few":[{"t":"idOrVar","v":"level"},"% Đã sạc (",{"t":"idOrVar","v":"hours"},"giờ ",{"t":"idOrVar","v":"minutes"}," phút cho đến khi sạc đầy)"],"many":[{"t":"idOrVar","v":"level"},"% Đã sạc (",{"t":"idOrVar","v":"hours"},"giờ ",{"t":"idOrVar","v":"minutes"}," phút cho đến khi sạc đầy)"],"one":[{"t":"idOrVar","v":"level"},"% Đã sạc (",{"t":"idOrVar","v":"hours"},"giờ ",{"t":"idOrVar","v":"minutes"}," phút cho đến khi sạc đầy)"],"other":[{"t":"idOrVar","v":"level"},"% Đã sạc (",{"t":"idOrVar","v":"hours"},"giờ ",{"t":"idOrVar","v":"minutes"}," phút cho đến khi sạc đầy)"],"two":[{"t":"idOrVar","v":"level"},"% Đã sạc (",{"t":"idOrVar","v":"hours"},"giờ ",{"t":"idOrVar","v":"minutes"}," phút cho đến khi sạc đầy)"],"zero":[{"t":"idOrVar","v":"level"},"% Đã sạc (",{"t":"idOrVar","v":"hours"},"giờ ",{"t":"idOrVar","v":"minutes"}," phút cho đến khi sạc đầy)"]},"$x":[{"t":"idOrVar","v":"plural"},"minutes"]},{"$i":"phoneNumberInput","ariaLabel":"Số điện thoại"},{"$i":"keypadDelete","ariaLabel":"Xóa"},{"$i":"voiceMailKey","ariaLabel":"Thư thoại"},{"$i":"asterisk","ariaLabel":"Dấu hoa thị"},{"$i":"hashSign","ariaLabel":"Ký hiệu dấu thăng"},{"$i":"cancel","$v":"Hủy"},{"$i":"loadingSimContacts","$v":"Đang tải danh bạ trong thẻ SIM..."},{"$i":"noContactsWereFound","$v":"Không tìm thấy danh bạ"},{"$i":"noContactsFoundDialogOk","$v":"OK"},{"$i":"emergencyNumber","$v":"Số khẩn cấp"},{"$i":"callAirplaneModeMessage","$v":"Để thực hiện cuộc gọi, bạn cần tắt chế độ máy bay trong cài đặt."},{"$i":"callAirplaneModeBtnOk","$v":"OK"},{"$i":"callAirplaneModeTitle","$v":"Chế độ máy bay được kích hoạt"},{"$i":"numberIsBusyTitle","$v":"Số điện thoại đang bận"},{"$i":"numberIsBusyMessage","$v":"Số điện thoại hiện đang bận. Vui lòng gọi lại sau."},{"$i":"fdnIsActiveTitle","$v":"FDN đang hoạt động"},{"$i":"fdnIsActiveMessage","$v":["FDN (Số Quay số Cố định) được kích hoạt và số sau đây không nằm trong danh sách FDN của bạn: ",{"t":"idOrVar","v":"number"}]},{"$i":"emergencyDialogBodyBadNumber","$v":"Để thực hiện một cuộc gọi, phải kết nối điện thoại với mạng."},{"$i":"emergencyDialogBodyDeviceNotAccepted","$v":"Mạng không cho phép các cuộc gọi khẩn cấp."},{"$i":"emergencyDialogBtnOk","$v":"OK"},{"$i":"emergencyDialogTitle","$v":"Không có kết nối mạng"},{"$i":"invalidNumberToDialTitle","$v":"Số điện thoại không hợp lệ"},{"$i":"invalidNumberToDialMessage","$v":"Số điện thoại bạn đang gọi không hợp lệ."},{"$i":"unableToCallTitle","$v":"Không thể thực hiện cuộc gọi"},{"$i":"unableToCallMessage","$v":"Không thể thực hiện cuộc gọi điện thoại ngay bây giờ."},{"$i":"otherConnectionInUseTitle","$v":"Đang sử dụng kết nối khác"},{"$i":"otherConnectionInUseMessage","$v":"Bạn đang có một cuộc gọi trên một kết nối khác. Bạn chỉ có thể sử dụng một kết nối một lần."},{"$i":"connectingEllipsis","$v":"Đang kết nối..."},{"$i":"clear","$v":"Xóa"},{"$i":"dialer","$v":"Bảng quay số"},{"$i":"kai-incomming-call","$v":"Cuộc gọi Đến"},{"$i":"kai-in-call","$v":"Trong cuộc gọi"},{"$i":"kai-answer","$v":"Trả lời"},{"$i":"kai-end-answer","$v":"Kết thúc và trả lời"},{"$i":"kai-decline","$v":"Từ chối"},{"$i":"enter-passcode","$v":"Vui lòng nhập mật mã để mở khóa màn hình."},{"$i":"passcode-error","$v":"Kết nối không hợp lệ. Vui lòng thử lại."},{"$i":"voice-call","$v":"Thay đổi sang cuộc gọi thoại"},{"$i":"video-call","$v":"Thay đổi sang video"},{"$i":"message","$v":"Tin nhắn"},{"$i":"answer-rtt-call","$v":"Trả lời RTT"},{"$i":"req-rtt-call","$v":"ANS RTT"},{"$i":"rtt-call","$v":"Cuộc gọi RTT"},{"$i":"rtt-view","$v":"Xem RTT"},{"$i":"change-to-rtt-call","$v":"Đang kết nối cuộc gọi RTT..."},{"$i":"change-to-voice-call","$v":"Đã thay đổi sang gọi thoại."},{"$i":"upgrading-rtt","$v":"Nâng cấp lên cuộc gọi RTT..."},{"$i":"rtt-call-failed","$v":"Cuộc gọi RTT thất bại."},{"$i":"voice-call-failed","$v":"Cuộc gọi video thất bại."},{"$i":"rtt","$v":"RTT"},{"$i":"rtt-emegency-upgrade-rejected","$v":"RTT không khả dụng cho cuộc gọi 911."},{"$i":"rtt-emegency-downgrade","$v":"RTT không khả dụng cho cuộc gọi 911. Cuộc gọi của bạn đã được kết nối dưới dạng cuộc gọi thoại. Nếu bạn gặp khó khăn, vui lòng thực hiện cuộc gọi hoặc tiếp âm cuộc gọi đến 911."},{"$i":"voice-only-call","$v":"Cuộc gọi của bạn đã được kết nối dưới dạng cuộc gọi thoại."},{"$i":"ans-rtt-failed","$v":"Không thể thiết lập cuộc gọi RTT. Cuộc gọi của bạn đã được kết nối dưới dạng cuộc gọi thoại."},{"$i":"back","$v":"Quay lại"},{"$i":"new-message","$v":"Tin nhắn mới từ"},{"$i":"kai-mute","$v":"Tắt tiếng"},{"$i":"kai-unmute","$v":"Bật tiếng"},{"$i":"kai-speaker","$v":"Loa"},{"$i":"kai-speaker-off","$v":"Tắt loa"},{"$i":"kai-microphone-mute-notification","$v":"Đã tắt tiếng micrô"},{"$i":"kai-microphone-active-notification","$v":"Micrô đang hoạt động"},{"$i":"kai-speaker-off-notification","$v":"Đã tắt loa ngoài"},{"$i":"kai-speaker-on-notification","$v":"Đã bật loa ngoài"},{"$i":"kai-hold-and-answer","$v":"Giữ Máy và Trả lời"},{"$i":"kai-ignore-call","$v":"Bỏ qua Cuộc gọi đến"},{"$i":"kai-add-to-call","$v":"Thêm cuộc gọi"},{"$i":"kai-switch-to-second-line","$v":"Hoán đổi cuộc gọi"},{"$i":"kai-merge-calls","$v":"Hợp nhất cuộc gọi"},{"$i":"ok","$v":"Ok"},{"$i":"losing-wifi-msg","$v":"mất Wi-Fi"},{"$i":"hd","$v":"Độ nét Cao (HD)"},{"$i":"manage-call","$v":"Quản lý cuộc gọi"},{"$i":"end","$v":"Kết thúc Cuộc gọi"},{"$i":"private","$v":"Riêng tư"},{"$i":"sound","$v":"Âm thanh"},{"$i":"bluetooth-device","$v":"Thiết bị Bluetooth"},{"$i":"handset-earpiece","$v":"Thiết bị di động"},{"$i":"speaker","$v":"Loa"},{"$i":"call-ended","$v":"Kết thúc cuộc gọi"},{"$i":"payphone","$v":"Điện thoại trả tiền"},{"$i":"contact","$v":"Danh bạ"},{"$i":"dialer-prompt","$v":"Quay số và chọn liên hệ để thêm vào cuộc gọi"},{"$i":"call","$v":"Gọi"},{"$i":"hold","$v":"Giữ máy"},{"$i":"volume","$v":"Âm lượng"},{"$i":"softkey-options","$v":"Tùy chọn"},{"$i":"unhold-call","$v":"Bỏ giữ cuộc gọi"},{"$i":"hold-call","$v":"Giữ cuộc gọi"},{"$i":"select","$v":"Chọn"},{"$i":"unknown","$v":"Không xác định"},{"$i":"switch-calls","$v":"Chuyển cuộc gọi"},{"$i":"voiceMail","$v":"Thư thoại"},{"$i":"incoming","$v":"Đến"},{"$i":"outgoing","$v":"Đi"},{"$i":"callEnded","$v":"Kết thúc Cuộc gọi"},{"$i":"callEndedDuration","$v":["Cuộc gọi Kết thúc (",{"t":"idOrVar","v":"duration"},")"]},{"$i":"conferenceAddError","$v":"Không thể hợp nhất các cuộc gọi"},{"$i":"conferenceRemoveError","$v":"Không thể bỏ hợp nhất cuộc gọi"},{"$i":"callDurationMinutes","$v":[{"t":"idOrVar","v":"m"},":",{"t":"idOrVar","v":"s"}]},{"$i":"callDurationHours","$v":[{"t":"idOrVar","v":"h"},":",{"t":"idOrVar","v":"m"},":",{"t":"idOrVar","v":"s"}]},{"$i":"callDurationTextFormatSeconds","$v":[{"t":"idOrVar","v":"s"}," s"]},{"$i":"callDurationTextFormatMinutes","$v":[{"t":"idOrVar","v":"m"}," m ",{"t":"idOrVar","v":"s"}," s"]},{"$i":"callDurationTextFormatHours","$v":[{"t":"idOrVar","v":"h"}," h ",{"t":"idOrVar","v":"m"}," m ",{"t":"idOrVar","v":"s"}," s"]},{"$i":"switch-to-device-toast","$v":"Đã chuyển sang thiết bị bluetooth"},{"$i":"switch-to-handset-toast","$v":"Đã chuyển sang thiết bị tai nghe cầm tay"},{"$i":"switch-to-speaker-toast","$v":"Đã chuyển sang loa"},{"$i":"connecting","$v":"Đang kết nối"},{"$i":"wifi-call-quality-excellent","$v":"Tuyệt vời"},{"$i":"wifi-call-quality-fair","$v":"Tốt"},{"$i":"wifi-call-quality-bad","$v":"Kém"},{"$i":"call-left-conference-toast","$v":"đã rời cuộc gọi"},{"$i":"camera-off","$v":"Tắt camera"},{"$i":"camera-on","$v":"Bật camera"},{"$i":"rear-camera","$v":"Camera sau"},{"$i":"front-camera","$v":"Camera trước"},{"$i":"hide-info","$v":"Ẩn thông tin"},{"$i":"show-info","$v":"Hiển thị thông tin"},{"$i":"video-call-rejected","$v":"Cuộc gọi video bị từ chối, thay đổi sang cuộc gọi thoại."},{"$i":"video-call-not-support","$v":"Cuộc gọi video không được hỗ trợ."},{"$i":"video-call-rejected-timeout","$v":"Cuộc gọi video bị từ chối hoặc hết thời gian chờ."},{"$i":"video-call-from","$v":["Nhận cuộc gọi video từ ",{"t":"idOrVar","v":"name"},"."]},{"$i":"video-call-canceled","$v":"Cuộc gọi video bị hủy."},{"$i":"video-call-failed","$v":"Cuộc gọi video Không thành công."},{"$i":"call-downgraded","$v":"Đã hạ cấp cuộc gọi."},{"$i":"wifi-calling","$v":"Gọi qua Wi-Fi"},{"$i":"wifi-calling-1","$v":"Cuộc gọi của bạn có thể bị rớt."},{"$i":"wifi-calling-2","$v":"Bạn gần như nằm ngoài phạm vi Phủ sóng Wi-Fi."},{"$i":"wifi-calling-dropped","$v":"Cuộc gọi Wi-Fi bị rớt."},{"$i":"accept","$v":"Chấp nhận"},{"$i":"conference-call-num","$v":[{"t":"idOrVar","v":"num"}," người trong cuộc gọi."]},{"$i":"more","$v":"Thêm"},{"$i":"rec","$v":"GHI"},{"$i":"start-recording-call","$v":"Bắt đầu ghi âm cuộc gọi."},{"$i":"stop-recording-call","$v":"Dừng ghi âm cuộc gọi."},{"$i":"insufficient-storage","$v":"Bộ nhớ không đủ. Đã dừng ghi."},{"$i":"reply","$v":"Trả lời"},{"$i":"reply-message-1","$v":"Xin lỗi, tôi không thể nói chuyện bây giờ."},{"$i":"reply-message-2","$v":"Tôi đang trên đường đi."},{"$i":"reply-message-3","$v":"Tôi có thể gọi lại cho bạn sau không?"},{"$i":"reply-message-4","$v":"Tùy chỉnh..."},{"$i":"reply-to-name","$v":["Đã trả lời ",{"t":"idOrVar","v":"name"}]},{"$i":"mt-call-on-hold","$v":"Đã tạm dừng cuộc gọi ."},{"$i":"mt-call_retrieved","$v":"Đã nhận cuộc gọi."},{"$i":"mt-multi_party_call","$v":"Bạn đã được thêm vào một cuộc gọi hội nghị."},{"$i":"hangup-a11y-button","$v":""},{"$i":"pickup-a11y-button","$v":""},{"$i":"mute","$v":""},{"$i":"toggleKeypad","$v":""},{"$i":"newCall","$v":""},{"$i":"speakerOption","$v":""},{"$i":"bluetoothOption","$v":""},{"$i":"onHoldOption","$v":""},{"$i":"merge","$v":""},{"$i":"ignore","$v":""},{"$i":"dialerAddContact","$v":""},{"$i":"makeCall","$v":""},{"$i":"call-forwarding-async","$v":["Không đồng bộ: ",{"t":"idOrVar","v":"async"}]},{"$i":"call-forwarding-data","$v":["Dữ liệu: ",{"t":"idOrVar","v":"data"}]},{"$i":"call-forwarding-error","$v":"Đã xảy ra lỗi trong khi truy xuất trạng thái chuyển hướng cuộc gọi"},{"$i":"call-forwarding-fax","$v":["FAX: ",{"t":"idOrVar","v":"fax"}]},{"$i":"call-forwarding-inactive","$v":"Không hoạt động"},{"$i":"call-forwarding-packet","$v":["Gói: ",{"t":"idOrVar","v":"packet"}]},{"$i":"call-forwarding-pad","$v":["PAD: ",{"t":"idOrVar","v":"pad"}]},{"$i":"call-forwarding-sms","$v":["SMS: ",{"t":"idOrVar","v":"sms"}]},{"$i":"call-forwarding-status","$v":"Trạng thái chuyển hướng cuộc gọi"},{"$i":"call-forwarding-sync","$v":["Đồng bộ hóa: ",{"t":"idOrVar","v":"sync"}]},{"$i":"call-forwarding-voice","$v":["Thoại: ",{"t":"idOrVar","v":"voice"}]},{"$i":"scCallBarring","$v":"Chặn cuộc gọi"},{"$i":"scCallForwarding","$v":"Chuyển hướng cuộc gọi"},{"$i":"scClip","$v":"ID Số gọi Đến"},{"$i":"scClir","$v":"ID Số gọi Đi"},{"$i":"scPwd","$v":"Thay đổi mật khẩu"},{"$i":"scCallWaiting","$v":"Chờ cuộc gọi"},{"$i":"scPin","$v":"Thay đổi mã PIN"},{"$i":"scPin2","$v":"Thay đổi mã PIN2"},{"$i":"scPuk","$v":"Mở khóa mã PIN"},{"$i":"scPuk2","$v":"Mở khóa mã PIN2"},{"$i":"scImei","$v":"IMEI"},{"$i":"scMeid","$v":"MEID"},{"$i":"scUssd","$v":"USSD"},{"$i":"serviceClassVoice","$v":"Thoại"},{"$i":"serviceClassData","$v":"Dữ liệu"},{"$i":"serviceClassFax","$v":"FAX"},{"$i":"serviceClassSms","$v":"SMS"},{"$i":"serviceClassDataSync","$v":"Đồng bộ"},{"$i":"serviceClassDataAsync","$v":"Không đồng bộ"},{"$i":"serviceClassPacket","$v":"Gói"},{"$i":"serviceClassPad","$v":"PAD"},{"$i":"smServiceEnabled","$v":"Đã kích hoạt dịch vụ"},{"$i":"smServiceDisabled","$v":"Đã vô hiệu hóa dịch vụ"},{"$i":"smServiceRegistered","$v":"Đã đăng ký thành công"},{"$i":"smServiceErased","$v":"Đã xóa thành công"},{"$i":"smServiceInterrogated","$v":"Đã yêu cầu thành công"},{"$i":"smServiceNotProvisioned","$v":"Dịch vụ không được cung cấp"},{"$i":"smClirPermanent","$v":"Bạn không thể thay đổi cài đặt ID người gọi"},{"$i":"smClirDefaultOnNextCallOn","$v":"ID người gọi mặc định bị giới hạn. Cuộc gọi tiếp theo: Bị giới hạn"},{"$i":"smClirDefaultOnNextCallOff","$v":"ID người gọi mặc định bị giới hạn. Cuộc gọi tiếp theo: Không bị giới hạn"},{"$i":"smClirDefaultOffNextCallOn","$v":"ID Số gọi đến mặc định không bị giới hạn. Cuộc gọi tiếp theo: Bị giới hạn"},{"$i":"smClirDefaultOffNextCallOff","$v":"ID Số gọi đến mặc định không bị giới hạn. Cuộc gọi tiếp theo: Không bị giới hạn"},{"$i":"smServiceEnabledFor","$v":"Đã kích hoạt dịch vụ cho:"},{"$i":"smPinChanged","$v":"Thay đổi mã PIN thành công"},{"$i":"smPinUnblocked","$v":"Bỏ chặn mã PIN thành công"},{"$i":"smPin2Changed","$v":"Thay đổi mã PIN2 thành công"},{"$i":"smPin2Unblocked","$v":"Bỏ chặn mã PIN2 thành công"},{"$i":"ServiceIsEnabled","$v":"Kích hoạt Dịch vụ"},{"$i":"ServiceIsDisabled","$v":"Vô hiệu hóa Dịch vụ"},{"$i":"ServiceIsEnabledFor","$v":"Kích hoạt dịch vụ cho:"},{"$i":"emMmiError","$v":"Sự cố kết nối hoặc mã MMI không hợp lệ"},{"$i":"emMmiErrorPasswordIncorrect","$v":"Mật khẩu Sai"},{"$i":"emMmiErrorNotSupported","$v":"Mã MMI Không hợp lệ hoặc Không được hỗ trợ"},{"$i":"emMmiErrorInvalidAction","$v":"Thao tác không hợp lệ"},{"$i":"emMmiErrorInvalidScCode","$v":"Mã dịch vụ không hợp lệ"},{"$i":"emMmiErrorBadPuk","$v":"Mã PUK bạn đã nhập không chính xác"},{"$i":"emMmiErrorBadPin","$v":"Mã PIN cũ bạn đã nhập không chính xác."},{"$i":"emMmiErrorNeedPuk2","$v":"Nhập PUK2 để bỏ chặn thẻ SIM"},{"$i":"emMmiErrorMismatchPin","$v":"Mã PIN bạn đã nhập không khớp"},{"$i":"emMmiErrorInvalidPin","$v":"Nhập mã PIN gồm 4 đến 8 chữ số"},{"$i":"emMmiErrorNeedsPuk","$v":"Thẻ SIM được khóa bằng mã PUK"},{"$i":"emMmiErrorEnablePin","$v":"Không thành công. Kích hoạt khóa SIM/RUIM"},{"$i":"emMmiErrorMmiFdn","$v":"Chỉ hạn chế thao tác đối với số quay số định sẵn"},{"$i":"emMmiErrorStkCcUssdDial","$v":"Yêu cầu USSD bị đổi thành yêu cầu QUAY SỐ"},{"$i":"emMmiErrorStkCcUssdSs","$v":"Yêu cầu USSD bị đổi thành yêu cầu SS"},{"$i":"emMmiErrorStkCcUssdUssd","$v":"Yêu cầu USSD bị đổi thành yêu cầu USSD mới"},{"$i":"emMmiErrorStkCcSsDial","$v":"Yêu cầu SS bị đổi thành yêu cầu QUAY SỐ"},{"$i":"emMmiErrorStkCcSsUssd","$v":"Yêu cầu SS bị đổi thành yêu cầu USSD"},{"$i":"emMmiErrorStkCcSsSs","$v":"Yêu cầu SS bị đổi thành yêu cầu SS mới"},{"$i":"emMmiErrorPinPukAttempts","$v":{"few":[{"t":"idOrVar","v":"n"}," lần thử còn lại"],"many":[{"t":"idOrVar","v":"n"}," lần thử còn lại"],"one":["Chỉ ",{"t":"idOrVar","v":"n"}," lần thử còn lại"],"other":[{"t":"idOrVar","v":"n"}," lần thử còn lại"],"two":[{"t":"idOrVar","v":"n"}," lần thử còn lại"]},"$x":[{"t":"idOrVar","v":"plural"},"n"]},{"$i":"emMmiErrorSimBlocked","$v":"Đã vượt quá số lượng lần thử tối đa. SIM đã bị chặn"},{"$i":"RadioNotAvailable","$v":"Radio not available"},{"$i":"GenericFailure","$v":"Hỏng hóc chung"},{"$i":"PasswordIncorrect","$v":"Mật khẩu không đúng"},{"$i":"SimPin2","$v":"Mã PIN2 của SIM"},{"$i":"SimPuk2","$v":"Mã PUK2 của SIM"},{"$i":"RequestNotSupported","$v":"Yêu cầu không được hỗ trợ"},{"$i":"OpNotAllowedDuringVoiceCall","$v":"Không cho phép hoạt động trong thư thoại"},{"$i":"SmsSendFailRetry","$v":"Thử gửi lại SMS thất bại"},{"$i":"SimAbsent","$v":"Không có SIM"},{"$i":"SubscriptionNotAvailable","$v":"Đăng ký không khả dụng"},{"$i":"ModeNotSupported","$v":"không hỗ trợ chế độ"},{"$i":"FdnCheckFailure","$v":"Kiểm tra Fdn không thành công"},{"$i":"IllegalSimOrMe","$v":"ME hoặc SIM không hợp lệ"},{"$i":"DialModifiedToUssd","$v":"Đổi quay số thành USSD"},{"$i":"DialModifiedToSs","$v":"Đổi quay số thành SS"},{"$i":"DialModifiedToDial","$v":"Đổi quay số thành quay số"},{"$i":"UssdModifiedToDial","$v":"Đổi USSD thành quay số"},{"$i":"UssdModifiedToSs","$v":"Đổi USSD thành SS"},{"$i":"UssdModifiedToUssd","$v":"Đổi USSD thành USSD"},{"$i":"SsModifiedToDial","$v":"Đổi SS thành quay số"},{"$i":"SsModifiedToUssd","$v":"Đổi SS thành USSD"},{"$i":"SsModifiedToSs","$v":"Đổi SS thành SS"},{"$i":"SubscriptionNotSupported","$v":"Đăng ký không được hỗ trợ"},{"$i":"InvalidParameter","$v":"Thông số không hợp lệ"},{"$i":"RejectedByRemote","$v":"Bị từ chối từ xa"},{"$i":"error","$v":"Lỗi"}]