[{"$i":"weekday-0-long","$v":"周日"},{"$i":"weekday-1-long","$v":"周一"},{"$i":"weekday-2-long","$v":"周二"},{"$i":"weekday-3-long","$v":"周三"},{"$i":"weekday-4-long","$v":"周四"},{"$i":"weekday-5-long","$v":"周五"},{"$i":"weekday-6-long","$v":"周六"},{"$i":"weekday-0-short","$v":"周日"},{"$i":"weekday-1-short","$v":"周一"},{"$i":"weekday-2-short","$v":"周二"},{"$i":"weekday-3-short","$v":"周三"},{"$i":"weekday-4-short","$v":"周四"},{"$i":"weekday-5-short","$v":"周五"},{"$i":"weekday-6-short","$v":"周六"},{"$i":"month-0-long","$v":"一月"},{"$i":"month-1-long","$v":"二月"},{"$i":"month-2-long","$v":"三月"},{"$i":"month-3-long","$v":"四月"},{"$i":"month-4-long","$v":"五月"},{"$i":"month-5-long","$v":"六月"},{"$i":"month-6-long","$v":"七月"},{"$i":"month-7-long","$v":"八月"},{"$i":"month-8-long","$v":"九月"},{"$i":"month-9-long","$v":"十月"},{"$i":"month-10-long","$v":"十一月"},{"$i":"month-11-long","$v":"十二月"},{"$i":"month-0-genitive","$v":"一月"},{"$i":"month-1-genitive","$v":"二月"},{"$i":"month-2-genitive","$v":"三月"},{"$i":"month-3-genitive","$v":"四月"},{"$i":"month-4-genitive","$v":"五月"},{"$i":"month-5-genitive","$v":"六月"},{"$i":"month-6-genitive","$v":"七月"},{"$i":"month-7-genitive","$v":"八月"},{"$i":"month-8-genitive","$v":"九月"},{"$i":"month-9-genitive","$v":"十月"},{"$i":"month-10-genitive","$v":"十一月"},{"$i":"month-11-genitive","$v":"十二月"},{"$i":"month-0-short","$v":"1 月"},{"$i":"month-1-short","$v":"2 月"},{"$i":"month-2-short","$v":"3 月"},{"$i":"month-3-short","$v":"4 月"},{"$i":"month-4-short","$v":"5 月"},{"$i":"month-5-short","$v":"6 月"},{"$i":"month-6-short","$v":"7 月"},{"$i":"month-7-short","$v":"8 月"},{"$i":"month-8-short","$v":"9 月"},{"$i":"month-9-short","$v":"10 月"},{"$i":"month-10-short","$v":"11 月"},{"$i":"month-11-short","$v":"12 月"},{"$i":"minutes-ago-long","$v":{"few":[{"t":"idOrVar","v":"value"}," 分钟前"],"many":[{"t":"idOrVar","v":"value"}," 分钟前"],"one":"一分钟前","other":[{"t":"idOrVar","v":"value"}," 分钟前"],"two":[{"t":"idOrVar","v":"value"}," 分钟前"],"zero":"刚刚"},"$x":[{"t":"idOrVar","v":"plural"},"value"]},{"$i":"hours-ago-long","$v":{"few":[{"t":"idOrVar","v":"value"}," 小时前"],"many":[{"t":"idOrVar","v":"value"}," 小时前"],"one":"一小时前","other":[{"t":"idOrVar","v":"value"}," 小时前"],"two":[{"t":"idOrVar","v":"value"}," 小时前"],"zero":"刚刚"},"$x":[{"t":"idOrVar","v":"plural"},"value"]},{"$i":"days-ago-long","$v":{"few":[{"t":"idOrVar","v":"value"}," 天前"],"many":[{"t":"idOrVar","v":"value"}," 天前"],"one":"昨天","other":[{"t":"idOrVar","v":"value"}," 天前"],"two":[{"t":"idOrVar","v":"value"}," 天前"],"zero":"今天"},"$x":[{"t":"idOrVar","v":"plural"},"value"]},{"$i":"weeks-ago-long","$v":{"few":[{"t":"idOrVar","v":"value"}," 周前"],"many":[{"t":"idOrVar","v":"value"}," 周前"],"one":"最近一周","other":[{"t":"idOrVar","v":"value"}," 周前"],"two":[{"t":"idOrVar","v":"value"}," 周前"],"zero":"本周"},"$x":[{"t":"idOrVar","v":"plural"},"value"]},{"$i":"months-ago-long","$v":{"few":[{"t":"idOrVar","v":"value"}," 月前"],"many":[{"t":"idOrVar","v":"value"}," 月前"],"one":"上月","other":[{"t":"idOrVar","v":"value"}," 月前"],"two":[{"t":"idOrVar","v":"value"}," 月前"],"zero":"本月"},"$x":[{"t":"idOrVar","v":"plural"},"value"]},{"$i":"years-ago-long","$v":{"few":[{"t":"idOrVar","v":"value"}," 年前"],"many":[{"t":"idOrVar","v":"value"}," 年前"],"one":"去年","other":[{"t":"idOrVar","v":"value"}," 年前"],"two":[{"t":"idOrVar","v":"value"}," 年前"],"zero":"今年"},"$x":[{"t":"idOrVar","v":"plural"},"value"]},{"$i":"minutes-until-long","$v":{"few":[{"t":"idOrVar","v":"value"}," 分钟内"],"many":[{"t":"idOrVar","v":"value"}," 分钟内"],"one":"一分钟内","other":[{"t":"idOrVar","v":"value"}," 分钟"],"two":[{"t":"idOrVar","v":"value"}," 分钟内"],"zero":"現在"},"$x":[{"t":"idOrVar","v":"plural"},"value"]},{"$i":"hours-until-long","$v":{"few":[{"t":"idOrVar","v":"value"}," 小时内"],"many":[{"t":"idOrVar","v":"value"}," 小时内"],"one":"一小时","other":[{"t":"idOrVar","v":"value"}," 小时内"],"two":[{"t":"idOrVar","v":"value"}," 小时"],"zero":"現在"},"$x":[{"t":"idOrVar","v":"plural"},"value"]},{"$i":"days-until-long","$v":{"few":[{"t":"idOrVar","v":"value"}," 天内"],"many":[{"t":"idOrVar","v":"value"}," 天内"],"one":"明天","other":[{"t":"idOrVar","v":"value"}," 天内"],"two":[{"t":"idOrVar","v":"value"}," 天内"],"zero":"今天"},"$x":[{"t":"idOrVar","v":"plural"},"value"]},{"$i":"weeks-until-long","$v":{"few":[{"t":"idOrVar","v":"value"}," 周内"],"many":[{"t":"idOrVar","v":"value"}," 周内"],"one":"下周","other":[{"t":"idOrVar","v":"value"}," 周内"],"two":[{"t":"idOrVar","v":"value"}," 周内"],"zero":"本周"},"$x":[{"t":"idOrVar","v":"plural"},"value"]},{"$i":"months-until-long","$v":{"few":[{"t":"idOrVar","v":"value"}," 个月内"],"many":[{"t":"idOrVar","v":"value"}," 个月内"],"one":"下个月","other":[{"t":"idOrVar","v":"value"}," 个月内"],"two":[{"t":"idOrVar","v":"value"}," 个月内"],"zero":"本月"},"$x":[{"t":"idOrVar","v":"plural"},"value"]},{"$i":"years-until-long","$v":{"few":[{"t":"idOrVar","v":"value"}," 年内"],"many":[{"t":"idOrVar","v":"value"}," 年内"],"one":"明年","other":[{"t":"idOrVar","v":"value"}," 年内"],"two":[{"t":"idOrVar","v":"value"}," 年内"],"zero":"今年"},"$x":[{"t":"idOrVar","v":"plural"},"value"]},{"$i":"minutes-ago-short","$v":{"other":[{"t":"idOrVar","v":"value"}," 分钟前"],"zero":"刚刚"},"$x":[{"t":"idOrVar","v":"plural"},"value"]},{"$i":"hours-ago-short","$v":{"other":[{"t":"idOrVar","v":"value"}," 小时前"],"zero":"刚刚"},"$x":[{"t":"idOrVar","v":"plural"},"value"]},{"$i":"days-ago-short","$v":{"other":[{"t":"idOrVar","v":"value"}," 天前"],"zero":"今天"},"$x":[{"t":"idOrVar","v":"plural"},"value"]},{"$i":"minutes-until-short","$v":{"other":[{"t":"idOrVar","v":"value"}," 分內"],"zero":"現在"},"$x":[{"t":"idOrVar","v":"plural"},"value"]},{"$i":"hours-until-short","$v":{"other":[{"t":"idOrVar","v":"value"}," 小时内"],"zero":"現在"},"$x":[{"t":"idOrVar","v":"plural"},"value"]},{"$i":"days-until-short","$v":{"other":[{"t":"idOrVar","v":"value"}," 天内"],"zero":"今天"},"$x":[{"t":"idOrVar","v":"plural"},"value"]},{"$i":"incorrectDate","$v":"（日期有误）"},{"$i":"dateTimeFormat_%c","$v":"%Y年%b%d日 %a %I:%M:%S %p"},{"$i":"dateTimeFormat_%x","$v":"%Y/%m/%d"},{"$i":"dateTimeFormat_%X","$v":"%I:%M:%S %p"},{"$i":"shortTimeFormat","$v":"%p %I:%M"},{"$i":"shortTimeFormat12","$v":"%p %I:%M"},{"$i":"shortTimeFormat24","$v":"%H:%M"},{"$i":"shortDateTimeFormat","$v":"%p %x %I:%M"},{"$i":"weekStartsOnMonday","$v":"0.0"},{"$i":"firstDayOfTheWeek","$v":"0.0"},{"$i":"time_am","$v":"上午"},{"$i":"time_pm","$v":"下午"},{"$i":"label","$v":"标签"},{"$i":"mobile","$v":"手机"},{"$i":"home","$v":"住宅"},{"$i":"work","$v":"单位"},{"$i":"personal","$v":"个人"},{"$i":"faxHome","$v":"家庭传真"},{"$i":"faxOffice","$v":"办公传真"},{"$i":"faxOther","$v":"其他传真"},{"$i":"another","$v":"另一个"},{"$i":"other","$v":"其他"},{"$i":"customTag","$v":"自定义标签","placeholder":"自定义标签"},{"$i":"current","$v":"当前"},{"$i":"itemWithLabel","$v":[{"t":"idOrVar","v":"label"},", ",{"t":"idOrVar","v":"item"}]},{"$i":"airplaneMode","$v":"飞行模式"},{"$i":"searching","$v":"正在搜索…"},{"$i":"noNetwork","$v":"无网络"},{"$i":"roaming","$v":[{"t":"idOrVar","v":"operator"},"（漫游）"]},{"$i":"operator-info","$v":[{"t":"idOrVar","v":"carrier"}," ",{"t":"idOrVar","v":"region"}]},{"$i":"emergencyCallsOnly","$v":"只能拨打紧急呼救电话"},{"$i":"emergencyCallsOnly-unknownSIMState","$v":"（SIM 卡状态未知）"},{"$i":"emergencyCallsOnly-noSIM","$v":"（无 SIM 卡）"},{"$i":"emergencyCallsOnly-pinRequired","$v":"（需输入 SIM PIN 码）"},{"$i":"emergencyCallsOnly-pukRequired","$v":"（需输入 SIM PUK 码）"},{"$i":"emergencyCallsOnly-networkLocked","$v":"（网络锁定）"},{"$i":"emergencyCallsOnly-serviceProviderLocked","$v":"（服务提供商锁定）"},{"$i":"emergencyCallsOnly-corporateLocked","$v":"（企业锁定）"},{"$i":"emergencyCallsOnly-network1Locked","$v":"（网络 1 锁定）"},{"$i":"emergencyCallsOnly-network2Locked","$v":"（网络 2 锁定）"},{"$i":"emergencyCallsOnly-hrpdNetworkLocked","$v":"（hrpd 网络锁定）"},{"$i":"emergencyCallsOnly-ruimCorporateLocked","$v":"（RUIM 企业锁定）"},{"$i":"emergencyCallsOnly-ruimServiceProviderLocked","$v":"（RUIM 服务提供商锁定）"},{"$i":"lockscreen-sim-id","$v":["SIM ",{"t":"idOrVar","v":"n"}]},{"$i":"charging-no-time","$v":["已充电 ",{"t":"idOrVar","v":"level"},"%"]},{"$i":"charging-minutes","$v":{"few":["已充电 ",{"t":"idOrVar","v":"level"},"%（还需 ",{"t":"idOrVar","v":"minutes"}," 分钟即可充满）"],"many":["已充电 ",{"t":"idOrVar","v":"level"},"%（还需 ",{"t":"idOrVar","v":"minutes"}," 分钟即可充满）"],"one":["已充电 ",{"t":"idOrVar","v":"level"},"%（还需 ",{"t":"idOrVar","v":"minutes"}," 分钟即可充满）"],"other":["已充电 ",{"t":"idOrVar","v":"level"},"%（还需 ",{"t":"idOrVar","v":"minutes"}," 分钟即可充满）"],"two":["已充电 ",{"t":"idOrVar","v":"level"},"%（还需 ",{"t":"idOrVar","v":"minutes"}," 分钟即可充满）"],"zero":["已充电 ",{"t":"idOrVar","v":"level"},"%（还需 ",{"t":"idOrVar","v":"minutes"}," 分钟即可充满）"]},"$x":[{"t":"idOrVar","v":"plural"},"minutes"]},{"$i":"charging-hours","$v":{"few":["已充电 ",{"t":"idOrVar","v":"level"},"%（还需 ",{"t":"idOrVar","v":"hours"}," 小时 ",{"t":"idOrVar","v":"minutes"}," 分钟即可充满）"],"many":["已充电 ",{"t":"idOrVar","v":"level"},"%（还需 ",{"t":"idOrVar","v":"hours"}," 小时 ",{"t":"idOrVar","v":"minutes"}," 分钟即可充满）"],"one":["已充电 ",{"t":"idOrVar","v":"level"},"%（还需 ",{"t":"idOrVar","v":"hours"}," 小时 ",{"t":"idOrVar","v":"minutes"}," 分钟即可充满）"],"other":["已充电 ",{"t":"idOrVar","v":"level"},"%（还需 ",{"t":"idOrVar","v":"hours"}," 小时 ",{"t":"idOrVar","v":"minutes"}," 分钟即可充满）"],"two":["已充电 ",{"t":"idOrVar","v":"level"},"%（还需 ",{"t":"idOrVar","v":"hours"}," 小时 ",{"t":"idOrVar","v":"minutes"}," 分钟即可充满）"],"zero":["已充电 ",{"t":"idOrVar","v":"level"},"%（还需 ",{"t":"idOrVar","v":"hours"}," 小时 ",{"t":"idOrVar","v":"minutes"}," 分钟即可充满）"]},"$x":[{"t":"idOrVar","v":"plural"},"minutes"]},{"$i":"phoneNumberInput","ariaLabel":"电话号码"},{"$i":"keypadDelete","ariaLabel":"删除"},{"$i":"voiceMailKey","ariaLabel":"语音信箱"},{"$i":"asterisk","ariaLabel":"*"},{"$i":"hashSign","ariaLabel":"#"},{"$i":"cancel","$v":"取消"},{"$i":"loadingSimContacts","$v":"正在加载 SIM 卡联系人…"},{"$i":"noContactsWereFound","$v":"未发现联系人"},{"$i":"noContactsFoundDialogOk","$v":"确定"},{"$i":"emergencyNumber","$v":"急救或报警电话"},{"$i":"callAirplaneModeMessage","$v":"如需拨打电话，需在“设置”中禁用飞行模式。"},{"$i":"callAirplaneModeBtnOk","$v":"确定"},{"$i":"callAirplaneModeTitle","$v":"飞行模式已启用"},{"$i":"numberIsBusyTitle","$v":"此号码正在通话中"},{"$i":"numberIsBusyMessage","$v":"此号码正在通话中。请稍后再拨。"},{"$i":"fdnIsActiveTitle","$v":"激活 FDN"},{"$i":"fdnIsActiveMessage","$v":["固定拨号 (FDN) 已激活，下列号码不在您的 FDN 列表中：",{"t":"idOrVar","v":"number"}]},{"$i":"emergencyDialogBodyBadNumber","$v":"手机必须连接网络才能拨打电话。"},{"$i":"emergencyDialogBodyDeviceNotAccepted","$v":"网络不允许紧急呼叫。"},{"$i":"emergencyDialogBtnOk","$v":"确定"},{"$i":"emergencyDialogTitle","$v":"无网络连接"},{"$i":"invalidNumberToDialTitle","$v":"无效电话号码"},{"$i":"invalidNumberToDialMessage","$v":"你拨打的号码无效。"},{"$i":"unableToCallTitle","$v":"无法拨打电话"},{"$i":"unableToCallMessage","$v":"此时无法拨打电话。"},{"$i":"otherConnectionInUseTitle","$v":"其他使用中的连线"},{"$i":"otherConnectionInUseMessage","$v":"您的另一连线正在通话中。一次只能使用一个连线。"},{"$i":"connectingEllipsis","$v":"正在连接..."},{"$i":"clear","$v":"清除"},{"$i":"dialer","$v":"拨号盘"},{"$i":"kai-incomming-call","$v":"来电"},{"$i":"kai-in-call","$v":"正在通话"},{"$i":"kai-answer","$v":"接听"},{"$i":"kai-end-answer","$v":"结束并接听"},{"$i":"kai-decline","$v":"拒绝"},{"$i":"enter-passcode","$v":"请输入密码解锁屏幕。"},{"$i":"passcode-error","$v":"无效码。请重试。"},{"$i":"voice-call","$v":"切到语音通话"},{"$i":"video-call","$v":"切到视频通话"},{"$i":"message","$v":"发短信"},{"$i":"answer-rtt-call","$v":"接听 RTT"},{"$i":"req-rtt-call","$v":"ANS RTT"},{"$i":"rtt-call","$v":"RTT 通话"},{"$i":"rtt-view","$v":"RTT 视图"},{"$i":"change-to-rtt-call","$v":"正在连接 RTT 通话…"},{"$i":"change-to-voice-call","$v":"切换至语言通话。"},{"$i":"upgrading-rtt","$v":"正在升级到 RTT 通话…"},{"$i":"rtt-call-failed","$v":"RTT 通话失败。"},{"$i":"voice-call-failed","$v":"语音通话失败。"},{"$i":"rtt","$v":"RTT"},{"$i":"rtt-emegency-upgrade-rejected","$v":"RTT 无法用于拨打 911 电话。"},{"$i":"rtt-emegency-downgrade","$v":"RTT 无法用于拨打 911 电话。您的拨号已作为语音电话进行连接。若遇到困难，请使用语音呼叫或中继呼叫拨打 911。"},{"$i":"voice-only-call","$v":"您的拨号已作为语音电话进行连接。"},{"$i":"ans-rtt-failed","$v":"创建 RTT 呼叫失败。您的呼叫已经连接为语音呼叫。"},{"$i":"back","$v":"上一步"},{"$i":"new-message","$v":"新信息来自"},{"$i":"kai-mute","$v":"静音"},{"$i":"kai-unmute","$v":"取消静音"},{"$i":"kai-speaker","$v":"扬声器"},{"$i":"kai-speaker-off","$v":"扬声器关闭"},{"$i":"kai-microphone-mute-notification","$v":"话筒已静音"},{"$i":"kai-microphone-active-notification","$v":"话筒已打开"},{"$i":"kai-speaker-off-notification","$v":"外部扬声器已关闭"},{"$i":"kai-speaker-on-notification","$v":"外部扬声器已打开"},{"$i":"kai-hold-and-answer","$v":"设成呼叫保持并接听"},{"$i":"kai-ignore-call","$v":"忽略来电"},{"$i":"kai-add-to-call","$v":"添加通话"},{"$i":"kai-switch-to-second-line","$v":"呼叫转移"},{"$i":"kai-merge-calls","$v":"合并通话"},{"$i":"ok","$v":"确定"},{"$i":"losing-wifi-msg","$v":"失去 Wi-Fi 连接"},{"$i":"hd","$v":"HD"},{"$i":"manage-call","$v":"管理通话"},{"$i":"end","$v":"结束通话"},{"$i":"private","$v":"不公开"},{"$i":"sound","$v":"提示音"},{"$i":"bluetooth-device","$v":"蓝牙设备"},{"$i":"handset-earpiece","$v":"听筒"},{"$i":"speaker","$v":"扬声器"},{"$i":"call-ended","$v":"通话已结束"},{"$i":"payphone","$v":"付费电话"},{"$i":"contact","$v":"通讯录"},{"$i":"dialer-prompt","$v":"拨号或选择联系人以拨打电话"},{"$i":"call","$v":"电话"},{"$i":"hold","$v":"保持"},{"$i":"volume","$v":"音量"},{"$i":"softkey-options","$v":"选项"},{"$i":"unhold-call","$v":"取消保持"},{"$i":"hold-call","$v":"呼叫保持"},{"$i":"select","$v":"选择"},{"$i":"unknown","$v":"未知"},{"$i":"switch-calls","$v":"切换通话"},{"$i":"voiceMail","$v":"语音信箱"},{"$i":"incoming","$v":"来电"},{"$i":"outgoing","$v":"外拨电话"},{"$i":"callEnded","$v":"通话已结束"},{"$i":"callEndedDuration","$v":["通话结束 (",{"t":"idOrVar","v":"duration"},")"]},{"$i":"conferenceAddError","$v":"无法合并通话"},{"$i":"conferenceRemoveError","$v":"无法取消合并通话"},{"$i":"callDurationMinutes","$v":[{"t":"idOrVar","v":"m"},":",{"t":"idOrVar","v":"s"}]},{"$i":"callDurationHours","$v":[{"t":"idOrVar","v":"h"},":",{"t":"idOrVar","v":"m"},":",{"t":"idOrVar","v":"s"}]},{"$i":"callDurationTextFormatSeconds","$v":[{"t":"idOrVar","v":"s"}," s"]},{"$i":"callDurationTextFormatMinutes","$v":[{"t":"idOrVar","v":"m"}," m ",{"t":"idOrVar","v":"s"}," s"]},{"$i":"callDurationTextFormatHours","$v":[{"t":"idOrVar","v":"h"}," h ",{"t":"idOrVar","v":"m"}," m ",{"t":"idOrVar","v":"s"}," s"]},{"$i":"switch-to-device-toast","$v":"切换到蓝牙设备"},{"$i":"switch-to-handset-toast","$v":"切换到耳机"},{"$i":"switch-to-speaker-toast","$v":"切换到扬声器"},{"$i":"connecting","$v":"正在连接"},{"$i":"wifi-call-quality-excellent","$v":"通话质量很好"},{"$i":"wifi-call-quality-fair","$v":"一般"},{"$i":"wifi-call-quality-bad","$v":"差"},{"$i":"call-left-conference-toast","$v":"已结束通话"},{"$i":"camera-off","$v":"相机关闭"},{"$i":"camera-on","$v":"相机打开"},{"$i":"rear-camera","$v":"后摄像头"},{"$i":"front-camera","$v":"前置相机"},{"$i":"hide-info","$v":"隐藏信息"},{"$i":"show-info","$v":"显示信息"},{"$i":"video-call-rejected","$v":"语言通话被拒，请改为音频通话。"},{"$i":"video-call-not-support","$v":"语言通话不支持。"},{"$i":"video-call-rejected-timeout","$v":"视频电话被拒或超时"},{"$i":"video-call-from","$v":["正在接收来自 ",{"t":"idOrVar","v":"name"}," 的视频通话。"]},{"$i":"video-call-canceled","$v":"视频通话已取消。"},{"$i":"video-call-failed","$v":"语言通话失败。"},{"$i":"call-downgraded","$v":"通话被降级。"},{"$i":"wifi-calling","$v":"WLAN 通话"},{"$i":"wifi-calling-1","$v":"呼叫可能掉线。"},{"$i":"wifi-calling-2","$v":"您几乎超出 Wi-Fi 覆盖范围。"},{"$i":"wifi-calling-dropped","$v":"Wi-Fi 呼叫掉线。"},{"$i":"accept","$v":"接受"},{"$i":"conference-call-num","$v":[{"t":"idOrVar","v":"num"}," 人在通话。"]},{"$i":"more","$v":"更多"},{"$i":"rec","$v":"录音"},{"$i":"start-recording-call","$v":"开始通话录音。"},{"$i":"stop-recording-call","$v":"停止通话录音。"},{"$i":"insufficient-storage","$v":"存储空间不足。录音停止。"},{"$i":"reply","$v":"回复"},{"$i":"reply-message-1","$v":"抱歉，目前不方便接听电话。"},{"$i":"reply-message-2","$v":"我在路上。"},{"$i":"reply-message-3","$v":"可以稍后打给你吗？"},{"$i":"reply-message-4","$v":"自定义…"},{"$i":"reply-to-name","$v":["已回给",{"t":"idOrVar","v":"name"}]},{"$i":"mt-call-on-hold","$v":"通话被保持等待。"},{"$i":"mt-call_retrieved","$v":"通话已恢复。"},{"$i":"mt-multi_party_call","$v":"您已被添加到会议通话。"},{"$i":"hangup-a11y-button","$v":""},{"$i":"pickup-a11y-button","$v":""},{"$i":"mute","$v":""},{"$i":"toggleKeypad","$v":""},{"$i":"newCall","$v":""},{"$i":"speakerOption","$v":""},{"$i":"bluetoothOption","$v":""},{"$i":"onHoldOption","$v":""},{"$i":"merge","$v":""},{"$i":"ignore","$v":""},{"$i":"dialerAddContact","$v":""},{"$i":"makeCall","$v":""},{"$i":"call-forwarding-async","$v":["异步：",{"t":"idOrVar","v":"async"}]},{"$i":"call-forwarding-data","$v":["资料：",{"t":"idOrVar","v":"data"}]},{"$i":"call-forwarding-error","$v":"查询呼叫转移状态时出错"},{"$i":"call-forwarding-fax","$v":["传真: ",{"t":"idOrVar","v":"fax"}]},{"$i":"call-forwarding-inactive","$v":"停用"},{"$i":"call-forwarding-packet","$v":["封包: ",{"t":"idOrVar","v":"packet"}]},{"$i":"call-forwarding-pad","$v":["PAD: ",{"t":"idOrVar","v":"pad"}]},{"$i":"call-forwarding-sms","$v":["信息：",{"t":"idOrVar","v":"sms"}]},{"$i":"call-forwarding-status","$v":"通话转接zhuagn't"},{"$i":"call-forwarding-sync","$v":["同步: ",{"t":"idOrVar","v":"sync"}]},{"$i":"call-forwarding-voice","$v":["语音：",{"t":"idOrVar","v":"voice"}]},{"$i":"scCallBarring","$v":"通话限制"},{"$i":"scCallForwarding","$v":"来电转接"},{"$i":"scClip","$v":"来电显示"},{"$i":"scClir","$v":"本机号码"},{"$i":"scPwd","$v":"密码更改"},{"$i":"scCallWaiting","$v":"来电等待"},{"$i":"scPin","$v":"PIN码更改"},{"$i":"scPin2","$v":"PIN2 码更改"},{"$i":"scPuk","$v":"解锁 PIN 码"},{"$i":"scPuk2","$v":"解锁 PIN2 码"},{"$i":"scImei","$v":"IMEI"},{"$i":"scMeid","$v":"MEID"},{"$i":"scUssd","$v":"USSD"},{"$i":"serviceClassVoice","$v":"语音"},{"$i":"serviceClassData","$v":"数据"},{"$i":"serviceClassFax","$v":"传真"},{"$i":"serviceClassSms","$v":"短信"},{"$i":"serviceClassDataSync","$v":"同步"},{"$i":"serviceClassDataAsync","$v":"异步"},{"$i":"serviceClassPacket","$v":"包"},{"$i":"serviceClassPad","$v":"PAD"},{"$i":"smServiceEnabled","$v":"服务已启用"},{"$i":"smServiceDisabled","$v":"服务已禁用"},{"$i":"smServiceRegistered","$v":"注册成功"},{"$i":"smServiceErased","$v":"成功擦除"},{"$i":"smServiceInterrogated","$v":"请求成功"},{"$i":"smServiceNotProvisioned","$v":"不提供此服务"},{"$i":"smClirPermanent","$v":"您无法更改主叫方 ID 设置"},{"$i":"smClirDefaultOnNextCallOn","$v":"默认不显示本机号码，在下一次通话中也不显示"},{"$i":"smClirDefaultOnNextCallOff","$v":"默认不显示本机号码，但在下一次通话中显示"},{"$i":"smClirDefaultOffNextCallOn","$v":"默认显示本机号码，但在下一次通话中不显示"},{"$i":"smClirDefaultOffNextCallOff","$v":"默认显示本机号码，在下一次通话中也显示"},{"$i":"smServiceEnabledFor","$v":"已针对以下内容启用了服务："},{"$i":"smPinChanged","$v":"PIN 修改成功"},{"$i":"smPinUnblocked","$v":"PIN 解锁成功"},{"$i":"smPin2Changed","$v":"PIN2 修改成功"},{"$i":"smPin2Unblocked","$v":"PIN2 解锁成功"},{"$i":"ServiceIsEnabled","$v":"服务已启用"},{"$i":"ServiceIsDisabled","$v":"服务被禁用"},{"$i":"ServiceIsEnabledFor","$v":"服务已启用："},{"$i":"emMmiError","$v":"连接问题或无效的MMI码"},{"$i":"emMmiErrorPasswordIncorrect","$v":"密码不正确"},{"$i":"emMmiErrorNotSupported","$v":"MMI 码无效或不支持"},{"$i":"emMmiErrorInvalidAction","$v":"无效行为"},{"$i":"emMmiErrorInvalidScCode","$v":"服务码无效"},{"$i":"emMmiErrorBadPuk","$v":"您输入的PUK码不正确"},{"$i":"emMmiErrorBadPin","$v":"您输入的PIN码不正确"},{"$i":"emMmiErrorNeedPuk2","$v":"输入 PUK2 以取消阻止 SIM 卡"},{"$i":"emMmiErrorMismatchPin","$v":"输入的 PIN 码不匹配"},{"$i":"emMmiErrorInvalidPin","$v":"请输入 4 - 8 位数字组成的 PIN 码"},{"$i":"emMmiErrorNeedsPuk","$v":"SIM 卡被 PUK 锁住"},{"$i":"emMmiErrorEnablePin","$v":"不成功。启用 SIM/RUIM 锁"},{"$i":"emMmiErrorMmiFdn","$v":"操作仅限于固定拨号"},{"$i":"emMmiErrorStkCcUssdDial","$v":"USSD 请求修改为拨号请求"},{"$i":"emMmiErrorStkCcUssdSs","$v":"USSD 请求修改为 SS 请求"},{"$i":"emMmiErrorStkCcUssdUssd","$v":"USSD 请求修改为新的 USSD 请求"},{"$i":"emMmiErrorStkCcSsDial","$v":"SS 请求修改为拨号请求"},{"$i":"emMmiErrorStkCcSsUssd","$v":"SS 请求修改为 USSD 请求"},{"$i":"emMmiErrorStkCcSsSs","$v":"SS 请求修改为新的 SS 请求"},{"$i":"emMmiErrorPinPukAttempts","$v":{"few":["还可再试 ",{"t":"idOrVar","v":"n"}," 次"],"many":["还可再试 ",{"t":"idOrVar","v":"n"}," 次"],"one":["仅可再试 ",{"t":"idOrVar","v":"n"}," 次"],"other":["还可再试 ",{"t":"idOrVar","v":"n"}," 次"],"two":["还可再试 ",{"t":"idOrVar","v":"n"}," 次"]},"$x":[{"t":"idOrVar","v":"plural"},"n"]},{"$i":"emMmiErrorSimBlocked","$v":"已超过最大重试次数。SIM 卡被锁"},{"$i":"RadioNotAvailable","$v":"收音机不可用"},{"$i":"GenericFailure","$v":"一般故障"},{"$i":"PasswordIncorrect","$v":"密码不正确"},{"$i":"SimPin2","$v":"SIM PIN2"},{"$i":"SimPuk2","$v":"SIM PUK3"},{"$i":"RequestNotSupported","$v":"请求未获支持"},{"$i":"OpNotAllowedDuringVoiceCall","$v":"语音通话期间无法进行此操作"},{"$i":"SmsSendFailRetry","$v":"信息发送失败重试"},{"$i":"SimAbsent","$v":"SIM 卡不存在"},{"$i":"SubscriptionNotAvailable","$v":"订阅不可用"},{"$i":"ModeNotSupported","$v":"模式不支持"},{"$i":"FdnCheckFailure","$v":"Fdn检查失败"},{"$i":"IllegalSimOrMe","$v":"无效的 SIM 卡或 ME"},{"$i":"DialModifiedToUssd","$v":"拨号修改为 USSD"},{"$i":"DialModifiedToSs","$v":"拨号修改为 SS"},{"$i":"DialModifiedToDial","$v":"拨号修改为拨号"},{"$i":"UssdModifiedToDial","$v":"USSD 修改为拨号"},{"$i":"UssdModifiedToSs","$v":"USSD 修改为 SS"},{"$i":"UssdModifiedToUssd","$v":"USSD 修改为 USSD"},{"$i":"SsModifiedToDial","$v":"SS 修改为拨号"},{"$i":"SsModifiedToUssd","$v":"SS 修改为 USSD"},{"$i":"SsModifiedToSs","$v":"SS 修改为 SS"},{"$i":"SubscriptionNotSupported","$v":"不支持订阅"},{"$i":"InvalidParameter","$v":"参数无效"},{"$i":"RejectedByRemote","$v":"远程被拒"},{"$i":"error","$v":"错误"}]