[{"$i":"weekday-0-long","$v":"星期日"},{"$i":"weekday-1-long","$v":"星期一"},{"$i":"weekday-2-long","$v":"星期二"},{"$i":"weekday-3-long","$v":"星期三"},{"$i":"weekday-4-long","$v":"星期四"},{"$i":"weekday-5-long","$v":"星期五"},{"$i":"weekday-6-long","$v":"星期六"},{"$i":"weekday-0-short","$v":"周日"},{"$i":"weekday-1-short","$v":"周一"},{"$i":"weekday-2-short","$v":"周二"},{"$i":"weekday-3-short","$v":"周三"},{"$i":"weekday-4-short","$v":"周四"},{"$i":"weekday-5-short","$v":"周五"},{"$i":"weekday-6-short","$v":"周六"},{"$i":"month-0-long","$v":"一月"},{"$i":"month-1-long","$v":"二月"},{"$i":"month-2-long","$v":"三月"},{"$i":"month-3-long","$v":"四月"},{"$i":"month-4-long","$v":"五月"},{"$i":"month-5-long","$v":"六月"},{"$i":"month-6-long","$v":"七月"},{"$i":"month-7-long","$v":"八月"},{"$i":"month-8-long","$v":"九月"},{"$i":"month-9-long","$v":"十月"},{"$i":"month-10-long","$v":"十一月"},{"$i":"month-11-long","$v":"十二月"},{"$i":"month-0-genitive","$v":"一月"},{"$i":"month-1-genitive","$v":"二月"},{"$i":"month-2-genitive","$v":"三月"},{"$i":"month-3-genitive","$v":"四月"},{"$i":"month-4-genitive","$v":"五月"},{"$i":"month-5-genitive","$v":"六月"},{"$i":"month-6-genitive","$v":"七月"},{"$i":"month-7-genitive","$v":"八月"},{"$i":"month-8-genitive","$v":"九月"},{"$i":"month-9-genitive","$v":"十月"},{"$i":"month-10-genitive","$v":"十一月"},{"$i":"month-11-genitive","$v":"十二月"},{"$i":"month-0-short","$v":"1月"},{"$i":"month-1-short","$v":"2月"},{"$i":"month-2-short","$v":"3月"},{"$i":"month-3-short","$v":"4月"},{"$i":"month-4-short","$v":"5月"},{"$i":"month-5-short","$v":"6月"},{"$i":"month-6-short","$v":"7月"},{"$i":"month-7-short","$v":"8月"},{"$i":"month-8-short","$v":"9月"},{"$i":"month-9-short","$v":"10月"},{"$i":"month-10-short","$v":"11月"},{"$i":"month-11-short","$v":"12月"},{"$i":"minutes-ago-long","$v":{"few":[{"t":"idOrVar","v":"value"},"分鐘前"],"many":[{"t":"idOrVar","v":"value"},"分鐘前"],"one":"一分鐘前","other":[{"t":"idOrVar","v":"value"},"分鐘前"],"two":[{"t":"idOrVar","v":"value"},"分鐘前"],"zero":"現在"},"$x":[{"t":"idOrVar","v":"plural"},"value"]},{"$i":"hours-ago-long","$v":{"few":[{"t":"idOrVar","v":"value"},"小時前"],"many":[{"t":"idOrVar","v":"value"},"小時前"],"one":"1小時前","other":[{"t":"idOrVar","v":"value"},"小時前"],"two":[{"t":"idOrVar","v":"value"},"小時前"],"zero":"現在"},"$x":[{"t":"idOrVar","v":"plural"},"value"]},{"$i":"days-ago-long","$v":{"few":[{"t":"idOrVar","v":"value"},"天前"],"many":[{"t":"idOrVar","v":"value"},"天前"],"one":"昨天","other":[{"t":"idOrVar","v":"value"},"天前"],"two":[{"t":"idOrVar","v":"value"},"天前"],"zero":"今天"},"$x":[{"t":"idOrVar","v":"plural"},"value"]},{"$i":"weeks-ago-long","$v":{"few":[{"t":"idOrVar","v":"value"},"星期前"],"many":[{"t":"idOrVar","v":"value"},"星期前"],"one":"上週","other":[{"t":"idOrVar","v":"value"},"星期前"],"two":[{"t":"idOrVar","v":"value"},"星期前"],"zero":"本週"},"$x":[{"t":"idOrVar","v":"plural"},"value"]},{"$i":"months-ago-long","$v":{"few":[{"t":"idOrVar","v":"value"},"個月前"],"many":[{"t":"idOrVar","v":"value"},"個月前"],"one":"上個月","other":[{"t":"idOrVar","v":"value"},"個月前"],"two":[{"t":"idOrVar","v":"value"},"個月前"],"zero":"本月"},"$x":[{"t":"idOrVar","v":"plural"},"value"]},{"$i":"years-ago-long","$v":{"few":[{"t":"idOrVar","v":"value"},"年前"],"many":[{"t":"idOrVar","v":"value"},"年前"],"one":"上一年","other":[{"t":"idOrVar","v":"value"},"年前"],"two":[{"t":"idOrVar","v":"value"},"年前"],"zero":"今年"},"$x":[{"t":"idOrVar","v":"plural"},"value"]},{"$i":"minutes-until-long","$v":{"few":["在",{"t":"idOrVar","v":"value"},"分鐘後"],"many":["在",{"t":"idOrVar","v":"value"},"分鐘後"],"one":"在1分鐘後","other":[{"t":"idOrVar","v":"value"},"分鐘"],"two":["在",{"t":"idOrVar","v":"value"},"分鐘後"],"zero":"現在"},"$x":[{"t":"idOrVar","v":"plural"},"value"]},{"$i":"hours-until-long","$v":{"few":["在",{"t":"idOrVar","v":"value"},"小時後"],"many":["在",{"t":"idOrVar","v":"value"},"小時後"],"one":"1小時","other":["在",{"t":"idOrVar","v":"value"},"小時後"],"two":[{"t":"idOrVar","v":"value"},"小時"],"zero":"現在"},"$x":[{"t":"idOrVar","v":"plural"},"value"]},{"$i":"days-until-long","$v":{"few":["在",{"t":"idOrVar","v":"value"},"天後"],"many":["在",{"t":"idOrVar","v":"value"},"天後"],"one":"明天","other":["在",{"t":"idOrVar","v":"value"},"天後"],"two":["在",{"t":"idOrVar","v":"value"},"天後"],"zero":"今天"},"$x":[{"t":"idOrVar","v":"plural"},"value"]},{"$i":"weeks-until-long","$v":{"few":["在",{"t":"idOrVar","v":"value"},"週後"],"many":["在",{"t":"idOrVar","v":"value"},"週後"],"one":"下週","other":["在",{"t":"idOrVar","v":"value"},"週後"],"two":["在",{"t":"idOrVar","v":"value"},"週後"],"zero":"本週"},"$x":[{"t":"idOrVar","v":"plural"},"value"]},{"$i":"months-until-long","$v":{"few":["在",{"t":"idOrVar","v":"value"},"個月後"],"many":["在",{"t":"idOrVar","v":"value"},"個月後"],"one":"下個月","other":["在",{"t":"idOrVar","v":"value"},"個月後"],"two":["在",{"t":"idOrVar","v":"value"},"個月後"],"zero":"本月"},"$x":[{"t":"idOrVar","v":"plural"},"value"]},{"$i":"years-until-long","$v":{"few":["在",{"t":"idOrVar","v":"value"},"年後"],"many":["在",{"t":"idOrVar","v":"value"},"年後"],"one":"明年","other":["在",{"t":"idOrVar","v":"value"},"年後"],"two":["在",{"t":"idOrVar","v":"value"},"年後"],"zero":"今年"},"$x":[{"t":"idOrVar","v":"plural"},"value"]},{"$i":"minutes-ago-short","$v":{"other":[{"t":"idOrVar","v":"value"},"分鐘前"],"zero":"現在"},"$x":[{"t":"idOrVar","v":"plural"},"value"]},{"$i":"hours-ago-short","$v":{"other":[{"t":"idOrVar","v":"value"},"小時前"],"zero":"現在"},"$x":[{"t":"idOrVar","v":"plural"},"value"]},{"$i":"days-ago-short","$v":{"other":[{"t":"idOrVar","v":"value"},"天前"],"zero":"今天"},"$x":[{"t":"idOrVar","v":"plural"},"value"]},{"$i":"minutes-until-short","$v":{"other":["在",{"t":"idOrVar","v":"value"},"分鐘後"],"zero":"現在"},"$x":[{"t":"idOrVar","v":"plural"},"value"]},{"$i":"hours-until-short","$v":{"other":["在",{"t":"idOrVar","v":"value"},"小時後"],"zero":"現在"},"$x":[{"t":"idOrVar","v":"plural"},"value"]},{"$i":"days-until-short","$v":{"other":["在",{"t":"idOrVar","v":"value"},"天後"],"zero":"今天"},"$x":[{"t":"idOrVar","v":"plural"},"value"]},{"$i":"incorrectDate","$v":"(日期不正確)"},{"$i":"dateTimeFormat_%c","$v":"%a %b %e %Y %I:%M:%S %p"},{"$i":"dateTimeFormat_%x","$v":"%m/%d/%Y"},{"$i":"dateTimeFormat_%X","$v":"%I:%M:%S %p"},{"$i":"shortTimeFormat","$v":"%I:%M %p"},{"$i":"shortTimeFormat12","$v":"%I:%M %p"},{"$i":"shortTimeFormat24","$v":"%H:%M"},{"$i":"shortDateTimeFormat","$v":"%x %I:%M %p"},{"$i":"weekStartsOnMonday","$v":"0.0"},{"$i":"firstDayOfTheWeek","$v":"0.0"},{"$i":"time_am","$v":"上午"},{"$i":"time_pm","$v":"下午"},{"$i":"label","$v":"標籤"},{"$i":"mobile","$v":"手機"},{"$i":"home","$v":"住家"},{"$i":"work","$v":"工作"},{"$i":"personal","$v":"個人"},{"$i":"faxHome","$v":"傳真(住家)"},{"$i":"faxOffice","$v":"傳真(辦公室)"},{"$i":"faxOther","$v":"傳真(其他)"},{"$i":"another","$v":"其他"},{"$i":"other","$v":"其他"},{"$i":"customTag","$v":"自訂標籤","placeholder":"自訂標籤"},{"$i":"current","$v":"當前"},{"$i":"itemWithLabel","$v":[{"t":"idOrVar","v":"label"},"，",{"t":"idOrVar","v":"item"}]},{"$i":"airplaneMode","$v":"飛航模式"},{"$i":"searching","$v":"搜尋中..."},{"$i":"noNetwork","$v":"無網路"},{"$i":"roaming","$v":[{"t":"idOrVar","v":"operator"},"(漫遊)"]},{"$i":"operator-info","$v":[{"t":"idOrVar","v":"carrier"}," ",{"t":"idOrVar","v":"region"}]},{"$i":"emergencyCallsOnly","$v":"只能撥出緊急電話"},{"$i":"emergencyCallsOnly-unknownSIMState","$v":"(不明SIM卡狀態)"},{"$i":"emergencyCallsOnly-noSIM","$v":"(無SIM卡)"},{"$i":"emergencyCallsOnly-pinRequired","$v":"(需要SIM卡PIN)"},{"$i":"emergencyCallsOnly-pukRequired","$v":"(需要SIM卡PUK)"},{"$i":"emergencyCallsOnly-networkLocked","$v":"(網路已鎖定)"},{"$i":"emergencyCallsOnly-serviceProviderLocked","$v":"(服務提供商已鎖定)"},{"$i":"emergencyCallsOnly-corporateLocked","$v":"(公司已鎖定)"},{"$i":"emergencyCallsOnly-network1Locked","$v":"(網路1已鎖定)"},{"$i":"emergencyCallsOnly-network2Locked","$v":"(網路2已鎖定)"},{"$i":"emergencyCallsOnly-hrpdNetworkLocked","$v":"(hrpd網路已鎖定)"},{"$i":"emergencyCallsOnly-ruimCorporateLocked","$v":"(ruim公司已鎖定)"},{"$i":"emergencyCallsOnly-ruimServiceProviderLocked","$v":"(ruim服務提供商已鎖定)"},{"$i":"lockscreen-sim-id","$v":["SIM ",{"t":"idOrVar","v":"n"}]},{"$i":"charging-no-time","$v":["已充電",{"t":"idOrVar","v":"level"},"%"]},{"$i":"charging-minutes","$v":{"few":["已充電",{"t":"idOrVar","v":"level"},"%(還有",{"t":"idOrVar","v":"minutes"},"分鐘可充滿電)"],"many":["已充電",{"t":"idOrVar","v":"level"},"%(還有",{"t":"idOrVar","v":"minutes"},"分鐘可充滿電)"],"one":["已充電",{"t":"idOrVar","v":"level"},"%(還有",{"t":"idOrVar","v":"minutes"},"分鐘可充滿電)"],"other":["已充電",{"t":"idOrVar","v":"level"},"%(還有",{"t":"idOrVar","v":"minutes"},"分鐘可充滿電)"],"two":["已充電",{"t":"idOrVar","v":"level"},"%(還有",{"t":"idOrVar","v":"minutes"},"分鐘可充滿電)"],"zero":["已充電",{"t":"idOrVar","v":"level"},"%(還有",{"t":"idOrVar","v":"minutes"},"分鐘可充滿電)"]},"$x":[{"t":"idOrVar","v":"plural"},"minutes"]},{"$i":"charging-hours","$v":{"few":["已充電",{"t":"idOrVar","v":"level"},"%(還有",{"t":"idOrVar","v":"hours"},"小時",{"t":"idOrVar","v":"minutes"},"分鐘可充滿電)"],"many":["已充電",{"t":"idOrVar","v":"level"},"%(還有",{"t":"idOrVar","v":"hours"},"小時",{"t":"idOrVar","v":"minutes"},"分鐘可充滿電)"],"one":["已充電",{"t":"idOrVar","v":"level"},"%(還有",{"t":"idOrVar","v":"hours"},"小時",{"t":"idOrVar","v":"minutes"},"分鐘可充滿電)"],"other":["已充電",{"t":"idOrVar","v":"level"},"%(還有",{"t":"idOrVar","v":"hours"},"小時",{"t":"idOrVar","v":"minutes"},"分鐘可充滿電)"],"two":["已充電",{"t":"idOrVar","v":"level"},"%(還有",{"t":"idOrVar","v":"hours"},"小時",{"t":"idOrVar","v":"minutes"},"分鐘可充滿電)"],"zero":["已充電",{"t":"idOrVar","v":"level"},"%(還有",{"t":"idOrVar","v":"hours"},"小時",{"t":"idOrVar","v":"minutes"},"分鐘可充滿電)"]},"$x":[{"t":"idOrVar","v":"plural"},"minutes"]},{"$i":"phoneNumberInput","ariaLabel":"電話號碼"},{"$i":"keypadDelete","ariaLabel":"刪除"},{"$i":"voiceMailKey","ariaLabel":"語音留言"},{"$i":"asterisk","ariaLabel":"型號"},{"$i":"hashSign","ariaLabel":"雜湊簽署"},{"$i":"cancel","$v":"取消"},{"$i":"loadingSimContacts","$v":"正在載入SIM卡連絡人…"},{"$i":"noContactsWereFound","$v":"找不到連絡人"},{"$i":"noContactsFoundDialogOk","$v":"確認"},{"$i":"emergencyNumber","$v":"緊急號碼"},{"$i":"callAirplaneModeMessage","$v":"若要撥打電話，您需要在「設定」中停用飛航模式。"},{"$i":"callAirplaneModeBtnOk","$v":"確認"},{"$i":"callAirplaneModeTitle","$v":"飛航模式已啟動"},{"$i":"numberIsBusyTitle","$v":"號碼正在通話中"},{"$i":"numberIsBusyMessage","$v":"此號碼目前正在通話中。請稍後再試。"},{"$i":"fdnIsActiveTitle","$v":"FDN使用中"},{"$i":"fdnIsActiveMessage","$v":["FDN(固定撥號號碼)已啟動，且下列號碼不在您的FDN清單中：",{"t":"idOrVar","v":"number"}]},{"$i":"emergencyDialogBodyBadNumber","$v":"若要撥打電話，手機必須連線至網路。"},{"$i":"emergencyDialogBodyDeviceNotAccepted","$v":"網路不允許緊急電話。"},{"$i":"emergencyDialogBtnOk","$v":"確認"},{"$i":"emergencyDialogTitle","$v":"無網路連線"},{"$i":"invalidNumberToDialTitle","$v":"電話號碼無效"},{"$i":"invalidNumberToDialMessage","$v":"您撥打的電話號碼無效。"},{"$i":"unableToCallTitle","$v":"無法撥打電話。"},{"$i":"unableToCallMessage","$v":"無法立即撥打電話"},{"$i":"otherConnectionInUseTitle","$v":"其他連線在使用中"},{"$i":"otherConnectionInUseMessage","$v":"在其他連線上有一個通話正在進行中。您一次只能查看一個連線。"},{"$i":"connectingEllipsis","$v":"正在連線..."},{"$i":"clear","$v":"清除"},{"$i":"dialer","$v":"撥號器"},{"$i":"kai-incomming-call","$v":"來電"},{"$i":"kai-in-call","$v":"來電"},{"$i":"kai-answer","$v":"接聽"},{"$i":"kai-end-answer","$v":"結束和接聽"},{"$i":"kai-decline","$v":"拒絕"},{"$i":"enter-passcode","$v":"請輸入密碼以解鎖螢幕。"},{"$i":"passcode-error","$v":"代碼無效。請再試一次。"},{"$i":"voice-call","$v":"語音通話"},{"$i":"video-call","$v":"視訊通話"},{"$i":"message","$v":"訊息"},{"$i":"answer-rtt-call","$v":"回覆 RTT"},{"$i":"req-rtt-call","$v":"ANS RTT"},{"$i":"rtt-call","$v":"RTT 通話"},{"$i":"rtt-view","$v":"RTT 檢視"},{"$i":"change-to-rtt-call","$v":"正在連接 RTT 通話..."},{"$i":"change-to-voice-call","$v":"已變更至語音通話。"},{"$i":"upgrading-rtt","$v":"正在升級至 RTT 通話..."},{"$i":"rtt-call-failed","$v":"RTT 通話失敗。"},{"$i":"voice-call-failed","$v":"語音通話失敗。"},{"$i":"rtt","$v":"RTT"},{"$i":"rtt-emegency-upgrade-rejected","$v":"您無法使用 RTT 撥打 911。"},{"$i":"rtt-emegency-downgrade","$v":"您無法使用 RTT 撥打 911。您的通話已連接為純語音通話。如果您仍遇到困難，請使用語音或中繼通話撥打 911。"},{"$i":"voice-only-call","$v":"已將您的通話做為僅語音通話進行連線。"},{"$i":"ans-rtt-failed","$v":"無法建立RTT通話。已將您的通話做為僅語音通話進行連線。"},{"$i":"back","$v":"返回"},{"$i":"new-message","$v":"新訊息來源"},{"$i":"kai-mute","$v":"靜音"},{"$i":"kai-unmute","$v":"取消靜音"},{"$i":"kai-speaker","$v":"擴音器"},{"$i":"kai-speaker-off","$v":"擴音器關閉"},{"$i":"kai-microphone-mute-notification","$v":"麥克風已靜音"},{"$i":"kai-microphone-active-notification","$v":"麥克風正在使用中"},{"$i":"kai-speaker-off-notification","$v":"外接擴音器已關閉"},{"$i":"kai-speaker-on-notification","$v":"外接擴音器已開啟"},{"$i":"kai-hold-and-answer","$v":"保留並接聽"},{"$i":"kai-ignore-call","$v":"忽略來電"},{"$i":"kai-add-to-call","$v":"增加通話"},{"$i":"kai-switch-to-second-line","$v":"切換通話"},{"$i":"kai-merge-calls","$v":"合併通話"},{"$i":"ok","$v":"確認"},{"$i":"losing-wifi-msg","$v":"正在中斷wifi"},{"$i":"hd","$v":"HD"},{"$i":"manage-call","$v":"管理來電"},{"$i":"end","$v":"結束通話"},{"$i":"private","$v":"私人"},{"$i":"sound","$v":"聲音"},{"$i":"bluetooth-device","$v":"藍牙裝置"},{"$i":"handset-earpiece","$v":"手機聽筒"},{"$i":"speaker","$v":"擴音器"},{"$i":"call-ended","$v":"通話已結束"},{"$i":"payphone","$v":"付費電話"},{"$i":"contact","$v":"連絡人"},{"$i":"dialer-prompt","$v":"撥號號碼或選取連絡人以加入通話"},{"$i":"call","$v":"撥號"},{"$i":"hold","$v":"保留"},{"$i":"volume","$v":"音量"},{"$i":"softkey-options","$v":"選項"},{"$i":"unhold-call","$v":"恢復通話"},{"$i":"hold-call","$v":"保留通話"},{"$i":"select","$v":"選取"},{"$i":"unknown","$v":"不明"},{"$i":"switch-calls","$v":"切換通話"},{"$i":"voiceMail","$v":"語音留言"},{"$i":"incoming","$v":"來電"},{"$i":"outgoing","$v":"撥出電話"},{"$i":"callEnded","$v":"通話已結束"},{"$i":"callEndedDuration","$v":["已結束通話(",{"t":"idOrVar","v":"duration"},")"]},{"$i":"conferenceAddError","$v":"無法合併通話"},{"$i":"conferenceRemoveError","$v":"無法取消合併通話"},{"$i":"callDurationMinutes","$v":[{"t":"idOrVar","v":"m"},":",{"t":"idOrVar","v":"s"}]},{"$i":"callDurationHours","$v":[{"t":"idOrVar","v":"h"},":",{"t":"idOrVar","v":"m"},":",{"t":"idOrVar","v":"s"}]},{"$i":"callDurationTextFormatSeconds","$v":[{"t":"idOrVar","v":"s"},"秒"]},{"$i":"callDurationTextFormatMinutes","$v":[{"t":"idOrVar","v":"m"},"分鐘",{"t":"idOrVar","v":"s"},"秒"]},{"$i":"callDurationTextFormatHours","$v":[{"t":"idOrVar","v":"h"},"小時",{"t":"idOrVar","v":"m"},"分鐘",{"t":"idOrVar","v":"s"},"秒"]},{"$i":"switch-to-device-toast","$v":"已切換到藍牙裝置"},{"$i":"switch-to-handset-toast","$v":"已切換到手機耳機"},{"$i":"switch-to-speaker-toast","$v":"已切換到擴音器"},{"$i":"connecting","$v":"正在連線"},{"$i":"wifi-call-quality-excellent","$v":"非常好"},{"$i":"wifi-call-quality-fair","$v":"一般"},{"$i":"wifi-call-quality-bad","$v":"不佳"},{"$i":"call-left-conference-toast","$v":"已離開通話"},{"$i":"camera-off","$v":"相機關閉"},{"$i":"camera-on","$v":"相機開啟"},{"$i":"rear-camera","$v":"後面相機"},{"$i":"front-camera","$v":"正面相機"},{"$i":"hide-info","$v":"隱藏資訊"},{"$i":"show-info","$v":"顯示資訊"},{"$i":"video-call-rejected","$v":"視訊通話被拒，請變更為語音通話。"},{"$i":"video-call-not-support","$v":"視訊通話不受支援。"},{"$i":"video-call-rejected-timeout","$v":"Video call rejected or timeout."},{"$i":"video-call-from","$v":["正在接收來自",{"t":"idOrVar","v":"name"},"的視訊通話。"]},{"$i":"video-call-canceled","$v":"視訊通話已取消。"},{"$i":"video-call-failed","$v":"視訊通話失敗。"},{"$i":"call-downgraded","$v":"呼叫降級。"},{"$i":"wifi-calling","$v":"Wi-Fi來電"},{"$i":"wifi-calling-1","$v":"您的來電可能會斷開。"},{"$i":"wifi-calling-2","$v":"您幾乎在Wi-Fi系統服務範圍之外。"},{"$i":"wifi-calling-dropped","$v":"Wi-Fi來電已斷開。"},{"$i":"accept","$v":"接受"},{"$i":"conference-call-num","$v":[{"t":"idOrVar","v":"num"},"個人在通話中。"]},{"$i":"more","$v":"更多"},{"$i":"rec","$v":"REC"},{"$i":"start-recording-call","$v":"開始錄製通話。"},{"$i":"stop-recording-call","$v":"停止錄製通話。"},{"$i":"insufficient-storage","$v":"儲存空間不足。已停止錄音。"},{"$i":"reply","$v":"回覆"},{"$i":"reply-message-1","$v":"很抱歉，我目前無法說話。"},{"$i":"reply-message-2","$v":"我正在路上。"},{"$i":"reply-message-3","$v":"可以稍後回電給您嗎？"},{"$i":"reply-message-4","$v":"自訂..."},{"$i":"reply-to-name","$v":["已回覆",{"t":"idOrVar","v":"name"}]},{"$i":"mt-call-on-hold","$v":"已保留通話。"},{"$i":"mt-call_retrieved","$v":"已擷取通話。"},{"$i":"mt-multi_party_call","$v":"您已加入會議通話。"},{"$i":"hangup-a11y-button","$v":""},{"$i":"pickup-a11y-button","$v":""},{"$i":"mute","$v":""},{"$i":"toggleKeypad","$v":""},{"$i":"newCall","$v":""},{"$i":"speakerOption","$v":""},{"$i":"bluetoothOption","$v":""},{"$i":"onHoldOption","$v":""},{"$i":"merge","$v":""},{"$i":"ignore","$v":""},{"$i":"dialerAddContact","$v":""},{"$i":"makeCall","$v":""},{"$i":"call-forwarding-async","$v":["非同步：",{"t":"idOrVar","v":"async"}]},{"$i":"call-forwarding-data","$v":["數據：",{"t":"idOrVar","v":"data"}]},{"$i":"call-forwarding-error","$v":"擷取來電轉接狀態時發生錯誤"},{"$i":"call-forwarding-fax","$v":["傳真：",{"t":"idOrVar","v":"fax"}]},{"$i":"call-forwarding-inactive","$v":"非使用中"},{"$i":"call-forwarding-packet","$v":["封包：",{"t":"idOrVar","v":"packet"}]},{"$i":"call-forwarding-pad","$v":["PAD：",{"t":"idOrVar","v":"pad"}]},{"$i":"call-forwarding-sms","$v":["簡訊：",{"t":"idOrVar","v":"sms"}]},{"$i":"call-forwarding-status","$v":"來電轉接狀態"},{"$i":"call-forwarding-sync","$v":["同步：",{"t":"idOrVar","v":"sync"}]},{"$i":"call-forwarding-voice","$v":["語音：",{"t":"idOrVar","v":"voice"}]},{"$i":"scCallBarring","$v":"通話限制"},{"$i":"scCallForwarding","$v":"來電轉接"},{"$i":"scClip","$v":"來電本機號碼"},{"$i":"scClir","$v":"撥出電話本機號碼"},{"$i":"scPwd","$v":"密碼變更"},{"$i":"scCallWaiting","$v":"來電等待"},{"$i":"scPin","$v":"PIN變更"},{"$i":"scPin2","$v":"PIN2變更"},{"$i":"scPuk","$v":"解除封鎖PIN"},{"$i":"scPuk2","$v":"解除封鎖PIN2"},{"$i":"scImei","$v":"IMEI"},{"$i":"scMeid","$v":"MEID"},{"$i":"scUssd","$v":"USSD"},{"$i":"serviceClassVoice","$v":"語音"},{"$i":"serviceClassData","$v":"數據"},{"$i":"serviceClassFax","$v":"傳真"},{"$i":"serviceClassSms","$v":"簡訊"},{"$i":"serviceClassDataSync","$v":"同步"},{"$i":"serviceClassDataAsync","$v":"非同步"},{"$i":"serviceClassPacket","$v":"封包"},{"$i":"serviceClassPad","$v":"PAD"},{"$i":"smServiceEnabled","$v":"服務已啟用"},{"$i":"smServiceDisabled","$v":"服務已停用"},{"$i":"smServiceRegistered","$v":"註冊成功"},{"$i":"smServiceErased","$v":"消除成功"},{"$i":"smServiceInterrogated","$v":"請求成功"},{"$i":"smServiceNotProvisioned","$v":"服務未佈建"},{"$i":"smClirPermanent","$v":"無法變更本機號碼設定"},{"$i":"smClirDefaultOnNextCallOn","$v":"本機號碼預設為受限制。下一次通話：受限制"},{"$i":"smClirDefaultOnNextCallOff","$v":"本機號碼預設為受限制。下一次通話：不受限制"},{"$i":"smClirDefaultOffNextCallOn","$v":"本機號碼預設為不受限制。下一次通話：受限制"},{"$i":"smClirDefaultOffNextCallOff","$v":"本機號碼預設為不受限制。下一次通話：不受限制"},{"$i":"smServiceEnabledFor","$v":"已針對下列項目啟用服務："},{"$i":"smPinChanged","$v":"PIN已成功變更"},{"$i":"smPinUnblocked","$v":"PIN已成功解除封鎖"},{"$i":"smPin2Changed","$v":"PIN2已成功變更"},{"$i":"smPin2Unblocked","$v":"PIN2已成功解除封鎖"},{"$i":"ServiceIsEnabled","$v":"服務已啟用"},{"$i":"ServiceIsDisabled","$v":"服務已停用"},{"$i":"ServiceIsEnabledFor","$v":"針對下列項目啟用服務："},{"$i":"emMmiError","$v":"連線問題或MMI碼無效"},{"$i":"emMmiErrorPasswordIncorrect","$v":"密碼不正確"},{"$i":"emMmiErrorNotSupported","$v":"MMI碼無效或不受支援"},{"$i":"emMmiErrorInvalidAction","$v":"動作無效"},{"$i":"emMmiErrorInvalidScCode","$v":"服務代碼無效"},{"$i":"emMmiErrorBadPuk","$v":"輸入的PUK不正確"},{"$i":"emMmiErrorBadPin","$v":"輸入的舊PIN不正確。"},{"$i":"emMmiErrorNeedPuk2","$v":"輸入PUK2以解除封鎖SIM卡"},{"$i":"emMmiErrorMismatchPin","$v":"輸入的PIN不相符"},{"$i":"emMmiErrorInvalidPin","$v":"輸入介於4到8個數字之間的PIN"},{"$i":"emMmiErrorNeedsPuk","$v":"您的SIM卡已鎖定PUK"},{"$i":"emMmiErrorEnablePin","$v":"失敗。啟用SIM/RUIM LOCK"},{"$i":"emMmiErrorMmiFdn","$v":"操作僅限制於固定撥號號碼"},{"$i":"emMmiErrorStkCcUssdDial","$v":"USSD請求已修改為DIAL請求"},{"$i":"emMmiErrorStkCcUssdSs","$v":"USSD請求已修改為SS請求"},{"$i":"emMmiErrorStkCcUssdUssd","$v":"USSD請求已修改為新USSD請求"},{"$i":"emMmiErrorStkCcSsDial","$v":"SS請求已修改為DIAL請求"},{"$i":"emMmiErrorStkCcSsUssd","$v":"SS請求已修改為USSD請求"},{"$i":"emMmiErrorStkCcSsSs","$v":"SS請求已修改為新SS請求"},{"$i":"emMmiErrorPinPukAttempts","$v":{"few":["還剩",{"t":"idOrVar","v":"n"},"次重試"],"many":["還剩",{"t":"idOrVar","v":"n"},"次重試"],"one":["僅剩",{"t":"idOrVar","v":"n"},"次重試"],"other":["還剩",{"t":"idOrVar","v":"n"},"次重試"],"two":["還剩",{"t":"idOrVar","v":"n"},"次重試"]},"$x":[{"t":"idOrVar","v":"plural"},"n"]},{"$i":"emMmiErrorSimBlocked","$v":"已達重試次數上限。SIM卡已封鎖"},{"$i":"RadioNotAvailable","$v":"Radio not available"},{"$i":"GenericFailure","$v":"一般故障"},{"$i":"PasswordIncorrect","$v":"密碼不正確"},{"$i":"SimPin2","$v":"SIM PIN2"},{"$i":"SimPuk2","$v":"SIM PUK2"},{"$i":"RequestNotSupported","$v":"請求不受支援"},{"$i":"OpNotAllowedDuringVoiceCall","$v":"語音通話期間不允許操作"},{"$i":"SmsSendFailRetry","$v":"SMS send fail retry"},{"$i":"SimAbsent","$v":"SIM卡不存在"},{"$i":"SubscriptionNotAvailable","$v":"訂閱不可用"},{"$i":"ModeNotSupported","$v":"模式不受支援"},{"$i":"FdnCheckFailure","$v":"FDN檢查失敗"},{"$i":"IllegalSimOrMe","$v":"合法SIM卡或ME"},{"$i":"DialModifiedToUssd","$v":"Dial modified to USSD"},{"$i":"DialModifiedToSs","$v":"Dial modified to SS"},{"$i":"DialModifiedToDial","$v":"Dial modified to dial"},{"$i":"UssdModifiedToDial","$v":"USSD已修改為撥號"},{"$i":"UssdModifiedToSs","$v":"USSD已修改為SS"},{"$i":"UssdModifiedToUssd","$v":"USSD已修改為USSD"},{"$i":"SsModifiedToDial","$v":"SS已修改為撥號"},{"$i":"SsModifiedToUssd","$v":"SS已修改為USSD"},{"$i":"SsModifiedToSs","$v":"SS已修改為SS"},{"$i":"SubscriptionNotSupported","$v":"訂閱不受支援"},{"$i":"InvalidParameter","$v":"參數無效"},{"$i":"RejectedByRemote","$v":"遠端拒絕"},{"$i":"error","$v":"錯誤"}]