[{"$i":"done","$v":"Klaar"},{"$i":"number-selected2","$v":{"few":[{"t":"idOrVar","v":"n"}," gekies"],"many":[{"t":"idOrVar","v":"n"}," gekies"],"one":[{"t":"idOrVar","v":"n"}," gekies"],"other":[{"t":"idOrVar","v":"n"}," gekies"],"two":[{"t":"idOrVar","v":"n"}," gekies"],"zero":[{"t":"idOrVar","v":"n"}," gekies"]},"$x":[{"t":"idOrVar","v":"plural"},"n"]},{"$i":"delete-n-items?","$v":{"few":["Skrap ",{"t":"idOrVar","v":"n"}," video’s?"],"many":["Skrap ",{"t":"idOrVar","v":"n"}," video’s?"],"one":"Skrap gekiesde video?","other":["Skrap ",{"t":"idOrVar","v":"n"}," video’s?"],"two":["Skrap ",{"t":"idOrVar","v":"n"}," video’s?"],"zero":"Niks gekies"},"$x":[{"t":"idOrVar","v":"plural"},"n"]},{"$i":"not-load-video-time","$v":"--:--"},{"$i":"video-time-num","$v":["0",{"t":"idOrVar","v":"num"}]},{"$i":"video-time-minute","$v":[{"t":"idOrVar","v":"owe"},{"t":"idOrVar","v":"m"},":",{"t":"idOrVar","v":"s"}]},{"$i":"video-time-hour","$v":[{"t":"idOrVar","v":"owe"},{"t":"idOrVar","v":"h"},":",{"t":"idOrVar","v":"m"},":",{"t":"idOrVar","v":"s"}]},{"$i":"share-noprovider","$v":"Probeer om een video op ‘n slag te deel."},{"$i":"videos","$v":"Video’s"},{"$i":"cancel","$v":"Kanselleer"},{"$i":"delete-video?","$v":"Skrap gekiesde video?"},{"$i":"empty-title","$v":"Voeg video’s by om te begin"},{"$i":"empty-text","$v":"Geen video’s beskikbaar."},{"$i":"empty-content","$v":"Video is leeg. Gebruik kamera om te begin."},{"$i":"search-title","$v":"Skandeer tans vir video’s..."},{"$i":"search-content","$v":"Skandeer tans vir video’s..."},{"$i":"nocard2-title","$v":"Geen geheuekaart gevind nie"},{"$i":"nocard3-text","$v":"Geheuekaart is nie gevind nie. Voeg asseblief ‘n geheuekaart in om video’s te neem."},{"$i":"pluggedin-title","$v":"Video kan nie gekyk word terwyl dit ingeprop is nie"},{"$i":"pluggedin-text","$v":"Berging is tans in gebruik. Prop asseblief die foon uit om video’s te neem."},{"$i":"upgrade-title","$v":"Databasis Bywerking"},{"$i":"upgrade-text","$v":"Wag asseblief terwyl die Video die databasis bywerk."},{"$i":"confirm-delete","$v":"Is jy seker jy wil skrap:"},{"$i":"pick-title","$v":"Kies ‘n video"},{"$i":"save","$v":"Stoor"},{"$i":"saved","$v":"Gestoor in Videobiblioteek."},{"$i":"save-failed","$v":"Nie moontlik om video te stoor nie, probeer asb weer."},{"$i":"error-network","$v":"Die video kon nie afgelaai word nie weens ‘n netwerkfout."},{"$i":"error-unsupported","$v":"Video kan nie gespeel word nie: of omdat die bediener of netwerk misluk het of omdat die formaat nie geondersteun word nie."},{"$i":"error-unknown","$v":"‘n Onbekende videofout het voorgekom."},{"$i":"video-hardware-in-use-title","$v":"Kan nie video speel nie"},{"$i":"video-hardware-in-use-text","$v":"‘n Ander toepassing gebruik tans die videospeler."},{"$i":"overlay-cancel-button","$v":"Kanselleer"},{"$i":"overlay-camera-button","$v":"Gaan na Kamera"},{"$i":"sd-storage-full-header","$v":"SD-kaart vol"},{"$i":"sd-storage-full-content","$v":"Skrap lêers op SD-kaart om ruimte vry te maak."},{"$i":"phone-storage-full-header","$v":"Foonberging is vol."},{"$i":"phone-storage-full-content","$v":"Skrap medialêers of programdata om ruimte vry te maak. Jy kan ook ’n SD-kaart insteek om mediaruimte uit te brei."},{"$i":"name-label","$v":"Naam"},{"$i":"length-label","$v":"Lengte"},{"$i":"size-label","$v":"Grootte"},{"$i":"video-type-label","$v":"Videotipe"},{"$i":"date-taken-label","$v":"Datum geneem"},{"$i":"resolution-label","$v":"Resolusie"},{"$i":"close-button","$v":"Maak toe"},{"$i":"byteUnit-B","$v":"Grepe"},{"$i":"byteUnit-KB","$v":"KB"},{"$i":"byteUnit-MB","$v":"MG"},{"$i":"byteUnit-GB","$v":"GB"},{"$i":"byteUnit-TB","$v":"TB"},{"$i":"byteUnit-PB","$v":"PB"},{"$i":"byteUnit-EB","$v":"EB"},{"$i":"byteUnit-ZB","$v":"ZB"},{"$i":"byteUnit-YB","$v":"YB"},{"$i":"date-group-header","$v":"%B %Y"},{"$i":"share","$v":"Deel"},{"$i":"more-info","$v":"Meer inligting"},{"$i":"delete","$v":"Skrap"},{"$i":"video-button","ariaLabel":"Video"},{"$i":"select-button","ariaLabel":"Kies"},{"$i":"delete-button","ariaLabel":"Skrap"},{"$i":"share-button","ariaLabel":"Deel"},{"$i":"info-view","ariaLabel":"Inligting"},{"$i":"options-view","ariaLabel":"Opsies"},{"$i":"confirm-dialog","ariaLabel":"Bevestig"},{"$i":"videos-list","ariaLabel":"Video’s"},{"$i":"options-more","ariaLabel":"Meer"},{"$i":"seek-backward","ariaLabel":"Soek agtertoe"},{"$i":"seek-bar","ariaLabel":["Soekbalk, duur ",{"t":"idOrVar","v":"duration"}]},{"$i":"seek-forward","ariaLabel":"Soek vorentoe"},{"$i":"play-button","ariaLabel":"Speel"},{"$i":"pause-button","ariaLabel":"Onderbreek"},{"$i":"fullscreen-button","ariaLabel":"Volskerm"},{"$i":"show-controls-button","ariaLabel":"Wys kontroles"},{"$i":"hide-controls-button","ariaLabel":"Versteek kontroles"},{"$i":"confirmation-title","$v":"Bevestiging"},{"$i":"n-video-deleted","$v":{"few":[{"t":"idOrVar","v":"n"}," video’s geskrap"],"many":[{"t":"idOrVar","v":"n"}," video’s geskrap"],"one":"Video geskrap","other":[{"t":"idOrVar","v":"n"}," video’s geskrap"],"two":[{"t":"idOrVar","v":"n"}," video’s geskrap"],"zero":"Niks gekies"},"$x":[{"t":"idOrVar","v":"plural"},"n"]},{"$i":"rename-saved","$v":"Veranderinge is gestoor"},{"$i":"confirm-video","$v":"Video"},{"$i":"confirm-ok","$v":"Goed"},{"$i":"options-header","$v":"Opsies"},{"$i":"video-invalid-name","$v":"Ongeldige naam"},{"$i":"name-already-exists","$v":"Hierdie naam bestaan reeds"},{"$i":"override-warning-msg","$v":"Wil jy graag die bestaande lêer ignoreer?"},{"$i":"override","$v":"Ignoreer"},{"$i":"opt-takevideo","$v":"Kamera"},{"$i":"select","$v":"Kies"},{"$i":"opt-deselect","$v":"Deselekteer"},{"$i":"opt-delete","$v":"Skrap"},{"$i":"opt-rename","$v":"Hernoem"},{"$i":"opt-selectmultiple","$v":"Kies Veelvuldige"},{"$i":"opt-fileinfo","$v":"Lêerinligting"},{"$i":"opt-selectall","$v":"Almal"},{"$i":"opt-deselectall","$v":"Geen"},{"$i":"opt-fullscreen","$v":"Volskerm"},{"$i":"opt-play","$v":"Speel"},{"$i":"opt-pause","$v":"Onderbreek"},{"$i":"opt-volume","$v":"Volume"},{"$i":"opt-rotate","$v":"Roteer"},{"$i":"opt-cancel","$v":"Kanselleer"},{"$i":"opt-settings","$v":"Instellings"},{"$i":"weekday-0-long","$v":"Sondag"},{"$i":"weekday-1-long","$v":"Maandag"},{"$i":"weekday-2-long","$v":"Dinsdag"},{"$i":"weekday-3-long","$v":"Woensdag"},{"$i":"weekday-4-long","$v":"Donderdag"},{"$i":"weekday-5-long","$v":"Vrydag"},{"$i":"weekday-6-long","$v":"Saterdag"},{"$i":"weekday-0-short","$v":"So"},{"$i":"weekday-1-short","$v":"Ma"},{"$i":"weekday-2-short","$v":"Di"},{"$i":"weekday-3-short","$v":"Wo"},{"$i":"weekday-4-short","$v":"Do"},{"$i":"weekday-5-short","$v":"Vr"},{"$i":"weekday-6-short","$v":"Sa"},{"$i":"month-0-long","$v":"Januarie"},{"$i":"month-1-long","$v":"Februarie"},{"$i":"month-2-long","$v":"Maart"},{"$i":"month-3-long","$v":"April"},{"$i":"month-4-long","$v":"Mei"},{"$i":"month-5-long","$v":"Junie"},{"$i":"month-6-long","$v":"Julie"},{"$i":"month-7-long","$v":"Augustus"},{"$i":"month-8-long","$v":"September"},{"$i":"month-9-long","$v":"Oktober"},{"$i":"month-10-long","$v":"November"},{"$i":"month-11-long","$v":"Desember"},{"$i":"month-0-genitive","$v":"Januarie"},{"$i":"month-1-genitive","$v":"Februarie"},{"$i":"month-2-genitive","$v":"Maart"},{"$i":"month-3-genitive","$v":"April"},{"$i":"month-4-genitive","$v":"Mei"},{"$i":"month-5-genitive","$v":"Junie"},{"$i":"month-6-genitive","$v":"Julie"},{"$i":"month-7-genitive","$v":"Augustus"},{"$i":"month-8-genitive","$v":"September"},{"$i":"month-9-genitive","$v":"Oktober"},{"$i":"month-10-genitive","$v":"November"},{"$i":"month-11-genitive","$v":"Desember"},{"$i":"month-0-short","$v":"Jan"},{"$i":"month-1-short","$v":"Feb"},{"$i":"month-2-short","$v":"Mrt"},{"$i":"month-3-short","$v":"Apr"},{"$i":"month-4-short","$v":"Mei"},{"$i":"month-5-short","$v":"Jun"},{"$i":"month-6-short","$v":"Jul"},{"$i":"month-7-short","$v":"Aug"},{"$i":"month-8-short","$v":"Sep"},{"$i":"month-9-short","$v":"Okt"},{"$i":"month-10-short","$v":"Nov"},{"$i":"month-11-short","$v":"Des"},{"$i":"minutes-ago-long","$v":{"few":[{"t":"idOrVar","v":"value"},"minute gelede"],"many":[{"t":"idOrVar","v":"value"},"minute gelede"],"one":"‘n minuut gelede","other":[{"t":"idOrVar","v":"value"},"minute gelede"],"two":[{"t":"idOrVar","v":"value"},"minute gelede"],"zero":"nou net"},"$x":[{"t":"idOrVar","v":"plural"},"value"]},{"$i":"hours-ago-long","$v":{"few":[{"t":"idOrVar","v":"value"}," ure gelede"],"many":[{"t":"idOrVar","v":"value"}," ure gelede"],"one":"‘n uur gelede","other":[{"t":"idOrVar","v":"value"}," ure gelede"],"two":[{"t":"idOrVar","v":"value"}," ure gelede"],"zero":"nou net"},"$x":[{"t":"idOrVar","v":"plural"},"value"]},{"$i":"days-ago-long","$v":{"few":[{"t":"idOrVar","v":"value"}," dae gelede"],"many":[{"t":"idOrVar","v":"value"}," dae gelede"],"one":"gister","other":[{"t":"idOrVar","v":"value"}," dae gelede"],"two":[{"t":"idOrVar","v":"value"}," dae gelede"],"zero":"Vandag"},"$x":[{"t":"idOrVar","v":"plural"},"value"]},{"$i":"weeks-ago-long","$v":{"few":[{"t":"idOrVar","v":"value"}," weke gelede"],"many":[{"t":"idOrVar","v":"value"}," weke gelede"],"one":"Verlede week","other":[{"t":"idOrVar","v":"value"}," weke gelede"],"two":[{"t":"idOrVar","v":"value"}," weke gelede"],"zero":"Hierdie week"},"$x":[{"t":"idOrVar","v":"plural"},"value"]},{"$i":"months-ago-long","$v":{"few":[{"t":"idOrVar","v":"value"}," maande gelede"],"many":[{"t":"idOrVar","v":"value"}," maande gelede"],"one":"Verlede maand","other":[{"t":"idOrVar","v":"value"}," maande gelede"],"two":[{"t":"idOrVar","v":"value"}," maande gelede"],"zero":"hierdie maand"},"$x":[{"t":"idOrVar","v":"plural"},"value"]},{"$i":"years-ago-long","$v":{"few":[{"t":"idOrVar","v":"value"}," jare gelede"],"many":[{"t":"idOrVar","v":"value"}," jare gelede"],"one":"Verlede jaar","other":[{"t":"idOrVar","v":"value"}," jare gelede"],"two":[{"t":"idOrVar","v":"value"}," jare gelede"],"zero":"Hierdie jaar"},"$x":[{"t":"idOrVar","v":"plural"},"value"]},{"$i":"minutes-until-long","$v":{"few":["In ",{"t":"idOrVar","v":"value"}," minute"],"many":["In ",{"t":"idOrVar","v":"value"}," minute"],"one":"In ‘n minuut","other":["In ",{"t":"idOrVar","v":"value"}," minute"],"two":["In ",{"t":"idOrVar","v":"value"}," minute"],"zero":"Nou"},"$x":[{"t":"idOrVar","v":"plural"},"value"]},{"$i":"hours-until-long","$v":{"few":["In ",{"t":"idOrVar","v":"value"}," ure"],"many":["In ",{"t":"idOrVar","v":"value"}," ure"],"one":"In ‘n uur","other":["In ",{"t":"idOrVar","v":"value"}," ure"],"two":["In ",{"t":"idOrVar","v":"value"}," ure"],"zero":"Nou"},"$x":[{"t":"idOrVar","v":"plural"},"value"]},{"$i":"days-until-long","$v":{"few":["In ",{"t":"idOrVar","v":"value"}," dae"],"many":["In ",{"t":"idOrVar","v":"value"}," dae"],"one":"môre","other":["In ",{"t":"idOrVar","v":"value"}," dae"],"two":["In ",{"t":"idOrVar","v":"value"}," dae"],"zero":"Vandag"},"$x":[{"t":"idOrVar","v":"plural"},"value"]},{"$i":"weeks-until-long","$v":{"few":["In ",{"t":"idOrVar","v":"value"}," weke"],"many":["In ",{"t":"idOrVar","v":"value"}," weke"],"one":"volgende week","other":["In ",{"t":"idOrVar","v":"value"}," weke"],"two":["In ",{"t":"idOrVar","v":"value"}," weke"],"zero":"Hierdie week"},"$x":[{"t":"idOrVar","v":"plural"},"value"]},{"$i":"months-until-long","$v":{"few":["In ",{"t":"idOrVar","v":"value"}," maande"],"many":["In ",{"t":"idOrVar","v":"value"}," maande"],"one":"Volgende maand","other":["In ",{"t":"idOrVar","v":"value"}," maande"],"two":["In ",{"t":"idOrVar","v":"value"}," maande"],"zero":"hierdie maand"},"$x":[{"t":"idOrVar","v":"plural"},"value"]},{"$i":"years-until-long","$v":{"few":["In ",{"t":"idOrVar","v":"value"}," jare"],"many":["In ",{"t":"idOrVar","v":"value"}," jare"],"one":"Volgende jaar","other":["In ",{"t":"idOrVar","v":"value"}," jare"],"two":["In ",{"t":"idOrVar","v":"value"}," jare"],"zero":"Hierdie jaar"},"$x":[{"t":"idOrVar","v":"plural"},"value"]},{"$i":"minutes-ago-short","$v":{"other":[{"t":"idOrVar","v":"value"},"m gelede"],"zero":"nou net"},"$x":[{"t":"idOrVar","v":"plural"},"value"]},{"$i":"hours-ago-short","$v":{"other":[{"t":"idOrVar","v":"value"},"u gelede"],"zero":"nou net"},"$x":[{"t":"idOrVar","v":"plural"},"value"]},{"$i":"days-ago-short","$v":{"other":[{"t":"idOrVar","v":"value"},"d gelede"],"zero":"Vandag"},"$x":[{"t":"idOrVar","v":"plural"},"value"]},{"$i":"minutes-until-short","$v":{"other":["In ",{"t":"idOrVar","v":"value"},"m"],"zero":"Nou"},"$x":[{"t":"idOrVar","v":"plural"},"value"]},{"$i":"hours-until-short","$v":{"other":["In ",{"t":"idOrVar","v":"value"}," u"],"zero":"Nou"},"$x":[{"t":"idOrVar","v":"plural"},"value"]},{"$i":"days-until-short","$v":{"other":["In ",{"t":"idOrVar","v":"value"},"d"],"zero":"Vandag"},"$x":[{"t":"idOrVar","v":"plural"},"value"]},{"$i":"incorrectDate","$v":"(verkeerde datum)"},{"$i":"dateTimeFormat_%c","$v":"%a %b %e %Y %I:%M:%S %p"},{"$i":"dateTimeFormat_%x","$v":"%m/%d/%Y"},{"$i":"dateTimeFormat_%X","$v":"%I:%M:%S %p"},{"$i":"shortTimeFormat","$v":"%I:%M %p"},{"$i":"shortTimeFormat12","$v":"%I:%M %p"},{"$i":"shortTimeFormat24","$v":"%H:%M"},{"$i":"shortDateTimeFormat","$v":"%X %I:%M %p"},{"$i":"weekStartsOnMonday","$v":"0.0"},{"$i":"firstDayOfTheWeek","$v":"0.0"},{"$i":"time_am","$v":"VM"},{"$i":"time_pm","$v":"NM"},{"$i":"softkey-options","$v":"Opsies"}]