[{"$i":"done","$v":"Hazırdır"},{"$i":"number-selected2","$v":{"few":[{"t":"idOrVar","v":"n"}," seçildi"],"many":[{"t":"idOrVar","v":"n"}," seçildi"],"one":[{"t":"idOrVar","v":"n"}," seçildi"],"other":[{"t":"idOrVar","v":"n"}," seçildi"],"two":[{"t":"idOrVar","v":"n"}," seçildi"],"zero":[{"t":"idOrVar","v":"n"}," seçildi"]},"$x":[{"t":"idOrVar","v":"plural"},"n"]},{"$i":"delete-n-items?","$v":{"few":[{"t":"idOrVar","v":"n"}," video silinsin?"],"many":[{"t":"idOrVar","v":"n"}," video silinsin?"],"one":"Seçilmiş video silinsin?","other":[{"t":"idOrVar","v":"n"}," video silinsin?"],"two":[{"t":"idOrVar","v":"n"}," video silinsin?"],"zero":"Heç nə seçilmədi"},"$x":[{"t":"idOrVar","v":"plural"},"n"]},{"$i":"not-load-video-time","$v":"--:--"},{"$i":"video-time-num","$v":["0",{"t":"idOrVar","v":"num"}]},{"$i":"video-time-minute","$v":[{"t":"idOrVar","v":"owe"},{"t":"idOrVar","v":"m"},":",{"t":"idOrVar","v":"s"}]},{"$i":"video-time-hour","$v":[{"t":"idOrVar","v":"owe"},{"t":"idOrVar","v":"h"},":",{"t":"idOrVar","v":"m"},":",{"t":"idOrVar","v":"s"}]},{"$i":"share-noprovider","$v":"Eyni vaxtda bir videonu paylaşmağa cəhd edin."},{"$i":"videos","$v":"Videolar"},{"$i":"cancel","$v":"Ləğv et"},{"$i":"delete-video?","$v":"Seçilmiş video silinsin?"},{"$i":"empty-title","$v":"Başlamaq üçün video əlavə et"},{"$i":"empty-text","$v":"Heç bir video mövcud deyil."},{"$i":"empty-content","$v":"Video boşdur. Başlamaq üçün kamera istifadə edin."},{"$i":"search-title","$v":"Axtarır"},{"$i":"search-content","$v":"Axtarır"},{"$i":"nocard2-title","$v":"Heç bir yaddaş kartı tapılmadı"},{"$i":"nocard3-text","$v":"Yaddaş kartı tapılmadı. Videolar çəkmək üçün yaddaş kartını daxil edin."},{"$i":"pluggedin-title","$v":"Video taxıldığı zaman səsləndirilmir"},{"$i":"pluggedin-text","$v":"Saxlama yeri hazırda istifadə olunur. Videolar çəkmək üçün telefonu çıxarın."},{"$i":"upgrade-title","$v":"Məlumat bazasının Yenilənməsi"},{"$i":"upgrade-text","$v":"Videonun öz məl baz yenilə​diyi müdd gözlə."},{"$i":"confirm-delete","$v":"Silmək istədiyinizə əminsinizmi:"},{"$i":"pick-title","$v":"Videonu seç"},{"$i":"save","$v":"Saxla"},{"$i":"saved","$v":"Video kitabx saxlandı."},{"$i":"save-failed","$v":"Videonu saxlamaq olmur, yenidən cəhd edin."},{"$i":"error-network","$v":"Şəb xətas görə video yüklənə bilmədi."},{"$i":"error-unsupported","$v":"Video səsləndirilmir: ya server və ya şəbəkənin olmaması və ya formatın dəstəklənməməsi səbəbindən."},{"$i":"error-unknown","$v":"Naməl video xət b. verdi."},{"$i":"video-hardware-in-use-title","$v":"Video canlandırmaq olmur"},{"$i":"video-hardware-in-use-text","$v":"Hazırda video pleyeri dig proq ist edir."},{"$i":"overlay-cancel-button","$v":"Ləğv et"},{"$i":"overlay-camera-button","$v":"Kameraya get"},{"$i":"sd-storage-full-header","$v":"SD kart doludur."},{"$i":"sd-storage-full-content","$v":"Yer boşaltmaq üçün SD kartdakı faylları silin."},{"$i":"phone-storage-full-header","$v":"Telefon yaddaşı doludur."},{"$i":"phone-storage-full-content","$v":"Yer boşaltmaq üçün media fayllarını və ya proqram məlumatlarını silin. Media yaddaşını artırmaq üçün SD kart da daxil edə bilərsiniz."},{"$i":"name-label","$v":"Ad"},{"$i":"length-label","$v":"Uzunluq"},{"$i":"size-label","$v":"Ölçü"},{"$i":"video-type-label","$v":"Video Növü"},{"$i":"date-taken-label","$v":"Çəkiliş Tarixi"},{"$i":"resolution-label","$v":"Əksetmə"},{"$i":"close-button","$v":"Bağla"},{"$i":"byteUnit-B","$v":"Baytlar"},{"$i":"byteUnit-KB","$v":"KB"},{"$i":"byteUnit-MB","$v":"MB"},{"$i":"byteUnit-GB","$v":"GB"},{"$i":"byteUnit-TB","$v":"TB"},{"$i":"byteUnit-PB","$v":"PB"},{"$i":"byteUnit-EB","$v":"EB"},{"$i":"byteUnit-ZB","$v":"ZB"},{"$i":"byteUnit-YB","$v":"YB"},{"$i":"date-group-header","$v":"%B %Y"},{"$i":"share","$v":"Paylaş"},{"$i":"more-info","$v":"Daha çox məlumat"},{"$i":"delete","$v":"Sil"},{"$i":"video-button","ariaLabel":"Video"},{"$i":"select-button","ariaLabel":"Seç"},{"$i":"delete-button","ariaLabel":"Sil"},{"$i":"share-button","ariaLabel":"Paylaş"},{"$i":"info-view","ariaLabel":"Məlumat"},{"$i":"options-view","ariaLabel":"Seçimlər"},{"$i":"confirm-dialog","ariaLabel":"Təsdiqlə"},{"$i":"videos-list","ariaLabel":"Videolar"},{"$i":"options-more","ariaLabel":"Daha çox"},{"$i":"seek-backward","ariaLabel":"Geriyə axtar"},{"$i":"seek-bar","ariaLabel":["Səh axt, müdd ",{"t":"idOrVar","v":"duration"}]},{"$i":"seek-forward","ariaLabel":"İrəli axtar"},{"$i":"play-button","ariaLabel":"Səsləndir"},{"$i":"pause-button","ariaLabel":"Pauza"},{"$i":"fullscreen-button","ariaLabel":"Tam ekran"},{"$i":"show-controls-button","ariaLabel":"Nəzarətləri göstər"},{"$i":"hide-controls-button","ariaLabel":"Nəzarət elementlərini gizlət"},{"$i":"confirmation-title","$v":"Təsdiq"},{"$i":"n-video-deleted","$v":{"few":[{"t":"idOrVar","v":"n"}," video silindi"],"many":[{"t":"idOrVar","v":"n"}," video silindi"],"one":"Video silindi","other":[{"t":"idOrVar","v":"n"}," video silindi"],"two":[{"t":"idOrVar","v":"n"}," video silindi"],"zero":"Heç nə seçilmədi"},"$x":[{"t":"idOrVar","v":"plural"},"n"]},{"$i":"rename-saved","$v":"Dəyişikliklər saxlandı"},{"$i":"confirm-video","$v":"Video"},{"$i":"confirm-ok","$v":"OK"},{"$i":"options-header","$v":"Seçimlər"},{"$i":"video-invalid-name","$v":"Yanlış Ad"},{"$i":"name-already-exists","$v":"Bu ad artıq mövcuddur"},{"$i":"override-warning-msg","$v":"Mövcud faylı ləğv etmək istəyirsiniz?"},{"$i":"override","$v":"Rədd et"},{"$i":"opt-takevideo","$v":"Video çək"},{"$i":"select","$v":"Seçin"},{"$i":"opt-deselect","$v":"Ləğv et"},{"$i":"opt-delete","$v":"Sil"},{"$i":"opt-rename","$v":"Adı dəyiş"},{"$i":"opt-selectmultiple","$v":"Bir neçəsini seç"},{"$i":"opt-fileinfo","$v":"Fayl məlumatı"},{"$i":"opt-selectall","$v":"Hamısını seç"},{"$i":"opt-deselectall","$v":"Hamısını ləğv et"},{"$i":"opt-fullscreen","$v":"Tam Ekran"},{"$i":"opt-play","$v":"Səsləndir"},{"$i":"opt-pause","$v":"Pauza"},{"$i":"opt-volume","$v":"Səs səviyyəsi"},{"$i":"opt-rotate","$v":"Fırlat"},{"$i":"opt-cancel","$v":"Ləğv et"},{"$i":"opt-settings","$v":"Parametrlər"},{"$i":"weekday-0-long","$v":"Bazar"},{"$i":"weekday-1-long","$v":"Bazar ertəsi"},{"$i":"weekday-2-long","$v":"Çərşənbə axşamı"},{"$i":"weekday-3-long","$v":"Çərşənbə"},{"$i":"weekday-4-long","$v":"Cümə axşamı"},{"$i":"weekday-5-long","$v":"Cümə"},{"$i":"weekday-6-long","$v":"Şənbə"},{"$i":"weekday-0-short","$v":"Bazar"},{"$i":"weekday-1-short","$v":"Bazar ertəsi"},{"$i":"weekday-2-short","$v":"Çərşənbə axşamı"},{"$i":"weekday-3-short","$v":"Çərşənbə"},{"$i":"weekday-4-short","$v":"Cümə axşamı"},{"$i":"weekday-5-short","$v":"Cüm"},{"$i":"weekday-6-short","$v":"Şənbə"},{"$i":"month-0-long","$v":"Yanvar"},{"$i":"month-1-long","$v":"Fevral"},{"$i":"month-2-long","$v":"Mart"},{"$i":"month-3-long","$v":"Aprel"},{"$i":"month-4-long","$v":"May"},{"$i":"month-5-long","$v":"İyun"},{"$i":"month-6-long","$v":"İyul"},{"$i":"month-7-long","$v":"Avqust"},{"$i":"month-8-long","$v":"Sentyabr"},{"$i":"month-9-long","$v":"Oktyabr"},{"$i":"month-10-long","$v":"Noyabr"},{"$i":"month-11-long","$v":"Dekabr"},{"$i":"month-0-genitive","$v":"Yanvar"},{"$i":"month-1-genitive","$v":"Fevral"},{"$i":"month-2-genitive","$v":"Mart"},{"$i":"month-3-genitive","$v":"Aprel"},{"$i":"month-4-genitive","$v":"May"},{"$i":"month-5-genitive","$v":"İyun"},{"$i":"month-6-genitive","$v":"İyul"},{"$i":"month-7-genitive","$v":"Avqust"},{"$i":"month-8-genitive","$v":"Sentyabr"},{"$i":"month-9-genitive","$v":"Oktyabr"},{"$i":"month-10-genitive","$v":"Noyabr"},{"$i":"month-11-genitive","$v":"Dekabr"},{"$i":"month-0-short","$v":"Yan"},{"$i":"month-1-short","$v":"Fev"},{"$i":"month-2-short","$v":"Mar"},{"$i":"month-3-short","$v":"Apr"},{"$i":"month-4-short","$v":"May"},{"$i":"month-5-short","$v":"İyun"},{"$i":"month-6-short","$v":"İyul"},{"$i":"month-7-short","$v":"Avq"},{"$i":"month-8-short","$v":"Sen"},{"$i":"month-9-short","$v":"Okt"},{"$i":"month-10-short","$v":"Noy"},{"$i":"month-11-short","$v":"Dek"},{"$i":"minutes-ago-long","$v":{"few":[{"t":"idOrVar","v":"value"}," dəqiqə əvvəl"],"many":[{"t":"idOrVar","v":"value"}," dəqiqə əvvəl"],"one":"bir dəqiqə əvvəl","other":[{"t":"idOrVar","v":"value"}," dəqiqə əvvəl"],"two":[{"t":"idOrVar","v":"value"}," dəqiqə əvvəl"],"zero":"indicə"},"$x":[{"t":"idOrVar","v":"plural"},"value"]},{"$i":"hours-ago-long","$v":{"few":[{"t":"idOrVar","v":"value"}," saat əvvəl"],"many":[{"t":"idOrVar","v":"value"}," saat əvvəl"],"one":"bir saat əvvəl","other":[{"t":"idOrVar","v":"value"}," saat əvvəl"],"two":[{"t":"idOrVar","v":"value"}," saat əvvəl"],"zero":"indicə"},"$x":[{"t":"idOrVar","v":"plural"},"value"]},{"$i":"days-ago-long","$v":{"few":[{"t":"idOrVar","v":"value"}," gün əvvəl"],"many":[{"t":"idOrVar","v":"value"}," gün əvvəl"],"one":"dünən","other":[{"t":"idOrVar","v":"value"}," gün əvvəl"],"two":[{"t":"idOrVar","v":"value"}," gün əvvəl"],"zero":"bu gün"},"$x":[{"t":"idOrVar","v":"plural"},"value"]},{"$i":"weeks-ago-long","$v":{"few":[{"t":"idOrVar","v":"value"}," həftə əvvəl"],"many":[{"t":"idOrVar","v":"value"}," həftə əvvəl"],"one":"sonuncu həftə","other":[{"t":"idOrVar","v":"value"}," həftə əvvəl"],"two":[{"t":"idOrVar","v":"value"}," həftə əvvəl"],"zero":"bu həftə"},"$x":[{"t":"idOrVar","v":"plural"},"value"]},{"$i":"months-ago-long","$v":{"few":[{"t":"idOrVar","v":"value"}," ay əvvəl"],"many":[{"t":"idOrVar","v":"value"}," ay əvvəl"],"one":"sonuncu ay","other":[{"t":"idOrVar","v":"value"}," ay əvvəl"],"two":[{"t":"idOrVar","v":"value"}," ay əvvəl"],"zero":"bu ay"},"$x":[{"t":"idOrVar","v":"plural"},"value"]},{"$i":"years-ago-long","$v":{"few":[{"t":"idOrVar","v":"value"}," il əvvəl"],"many":[{"t":"idOrVar","v":"value"}," il əvvəl"],"one":"sonuncu il","other":[{"t":"idOrVar","v":"value"}," il əvvəl"],"two":[{"t":"idOrVar","v":"value"}," il əvvəl"],"zero":"bu il"},"$x":[{"t":"idOrVar","v":"plural"},"value"]},{"$i":"minutes-until-long","$v":{"few":[{"t":"idOrVar","v":"value"}," dəqiqədə"],"many":[{"t":"idOrVar","v":"value"}," dəqiqədə"],"one":"bir dəqiqədə","other":[{"t":"idOrVar","v":"value"}," dəqiqədə"],"two":[{"t":"idOrVar","v":"value"}," dəqiqədə"],"zero":"indi"},"$x":[{"t":"idOrVar","v":"plural"},"value"]},{"$i":"hours-until-long","$v":{"few":[{"t":"idOrVar","v":"value"}," saatda"],"many":[{"t":"idOrVar","v":"value"}," saatda"],"one":"bir saatda","other":[{"t":"idOrVar","v":"value"}," saatda"],"two":[{"t":"idOrVar","v":"value"}," saatda"],"zero":"indi"},"$x":[{"t":"idOrVar","v":"plural"},"value"]},{"$i":"days-until-long","$v":{"few":[{"t":"idOrVar","v":"value"}," gündə"],"many":[{"t":"idOrVar","v":"value"}," gündə"],"one":"sabah","other":[{"t":"idOrVar","v":"value"}," gündə"],"two":[{"t":"idOrVar","v":"value"}," gündə"],"zero":"bu gün"},"$x":[{"t":"idOrVar","v":"plural"},"value"]},{"$i":"weeks-until-long","$v":{"few":[{"t":"idOrVar","v":"value"}," həftədə"],"many":[{"t":"idOrVar","v":"value"}," həftədə"],"one":"növbəti həftə","other":[{"t":"idOrVar","v":"value"}," həftədə"],"two":[{"t":"idOrVar","v":"value"}," həftədə"],"zero":"bu həftə"},"$x":[{"t":"idOrVar","v":"plural"},"value"]},{"$i":"months-until-long","$v":{"few":[{"t":"idOrVar","v":"value"}," ayda"],"many":[{"t":"idOrVar","v":"value"}," ayda"],"one":"növbəti ay","other":[{"t":"idOrVar","v":"value"}," ayda"],"two":[{"t":"idOrVar","v":"value"}," ayda"],"zero":"bu ay"},"$x":[{"t":"idOrVar","v":"plural"},"value"]},{"$i":"years-until-long","$v":{"few":[{"t":"idOrVar","v":"value"}," ildə"],"many":[{"t":"idOrVar","v":"value"}," ildə"],"one":"növbəti il","other":[{"t":"idOrVar","v":"value"}," ildə"],"two":[{"t":"idOrVar","v":"value"}," ildə"],"zero":"bu il"},"$x":[{"t":"idOrVar","v":"plural"},"value"]},{"$i":"minutes-ago-short","$v":{"other":[{"t":"idOrVar","v":"value"},"d əvvəl"],"zero":"indicə"},"$x":[{"t":"idOrVar","v":"plural"},"value"]},{"$i":"hours-ago-short","$v":{"other":[{"t":"idOrVar","v":"value"},"s əvvəl"],"zero":"indicə"},"$x":[{"t":"idOrVar","v":"plural"},"value"]},{"$i":"days-ago-short","$v":{"other":[{"t":"idOrVar","v":"value"},"g əvvəl"],"zero":"bu gün"},"$x":[{"t":"idOrVar","v":"plural"},"value"]},{"$i":"minutes-until-short","$v":{"other":[{"t":"idOrVar","v":"value"}," d-də"],"zero":"indi"},"$x":[{"t":"idOrVar","v":"plural"},"value"]},{"$i":"hours-until-short","$v":{"other":[{"t":"idOrVar","v":"value"}," s-da"],"zero":"indi"},"$x":[{"t":"idOrVar","v":"plural"},"value"]},{"$i":"days-until-short","$v":{"other":[{"t":"idOrVar","v":"value"}," g-də"],"zero":"bu gün"},"$x":[{"t":"idOrVar","v":"plural"},"value"]},{"$i":"incorrectDate","$v":"(yanlış tarix)"},{"$i":"dateTimeFormat_%c","$v":"%a %b %e %Y %I:%M:%S %p"},{"$i":"dateTimeFormat_%x","$v":"%m/%d/%Y"},{"$i":"dateTimeFormat_%X","$v":"%I:%M:%S %p"},{"$i":"shortTimeFormat","$v":"%I:%M %p"},{"$i":"shortTimeFormat12","$v":"%I:%M %p"},{"$i":"shortTimeFormat24","$v":"%H:%M"},{"$i":"shortDateTimeFormat","$v":"%x %I:%M %p"},{"$i":"weekStartsOnMonday","$v":"0.0"},{"$i":"firstDayOfTheWeek","$v":"1.0"},{"$i":"time_am","$v":"AM"},{"$i":"time_pm","$v":"PM"},{"$i":"softkey-options","$v":"Seçimlər"}]