[{"$i":"done","$v":"Готово"},{"$i":"number-selected2","$v":{"few":[{"t":"idOrVar","v":"n"}," избрани"],"many":[{"t":"idOrVar","v":"n"}," избрани"],"one":[{"t":"idOrVar","v":"n"}," избрани"],"other":[{"t":"idOrVar","v":"n"}," избрани"],"two":[{"t":"idOrVar","v":"n"}," избрани"],"zero":[{"t":"idOrVar","v":"n"}," избрани"]},"$x":[{"t":"idOrVar","v":"plural"},"n"]},{"$i":"delete-n-items?","$v":{"few":["Изтриване на ",{"t":"idOrVar","v":"n"}," видеоклипа?"],"many":["Изтриване на ",{"t":"idOrVar","v":"n"}," видеоклипа?"],"one":"Изтриване на избрания видеоклип?","other":["Изтриване на ",{"t":"idOrVar","v":"n"}," видеоклипа?"],"two":["Изтриване на ",{"t":"idOrVar","v":"n"}," видеоклипа?"],"zero":"Нищо не е избрано"},"$x":[{"t":"idOrVar","v":"plural"},"n"]},{"$i":"not-load-video-time","$v":"--:--"},{"$i":"video-time-num","$v":["0",{"t":"idOrVar","v":"num"}]},{"$i":"video-time-minute","$v":[{"t":"idOrVar","v":"owe"},{"t":"idOrVar","v":"m"},":",{"t":"idOrVar","v":"s"}]},{"$i":"video-time-hour","$v":[{"t":"idOrVar","v":"owe"},{"t":"idOrVar","v":"h"},":",{"t":"idOrVar","v":"m"},":",{"t":"idOrVar","v":"s"}]},{"$i":"share-noprovider","$v":"Спод. по един вид."},{"$i":"videos","$v":"Видеоклипове"},{"$i":"cancel","$v":"Отмяна"},{"$i":"delete-video?","$v":"Изтриване на избрания видеоклип?"},{"$i":"empty-title","$v":"Добавете видеоклипове, за да започнете"},{"$i":"empty-text","$v":"Няма намерени видеоклипове."},{"$i":"empty-content","$v":"Видеоклипът е празен. Изп. камерата, за да започнете."},{"$i":"search-title","$v":"Сканиране"},{"$i":"search-content","$v":"Сканиране"},{"$i":"nocard2-title","$v":"Няма намерена карта с памет"},{"$i":"nocard3-text","$v":"Картата с памет не е намерена. Поставете карта с памет, за да правите видеоклипове."},{"$i":"pluggedin-title","$v":"Не може да се възпр. видео, докато тел. се зарежда"},{"$i":"pluggedin-text","$v":"Паметта се използва в момента. Изключете кабела от телефона, за да правите видеоклипове."},{"$i":"upgrade-title","$v":"Надстройване на база данни"},{"$i":"upgrade-text","$v":"Изчакайте, докато „Видео“ актуал. базата си данни."},{"$i":"confirm-delete","$v":"Настина ли искате да изтриете:"},{"$i":"pick-title","$v":"Изберете видео"},{"$i":"save","$v":"Запис"},{"$i":"saved","$v":"зап. във видео библ."},{"$i":"save-failed","$v":"Неуспешно записване на видеоклипа, опитайте отново."},{"$i":"error-network","$v":"Видеоклипът не може да се изтегли поради грешка в мрежата."},{"$i":"error-unsupported","$v":"Не може да се възпр. видео: или защото има срив в сървъра или мрежата, или защото форматът не се поддържа."},{"$i":"error-unknown","$v":"Възн. непр. греш. с видеокл."},{"$i":"video-hardware-in-use-title","$v":"Видеоклипът не може да се възпр."},{"$i":"video-hardware-in-use-text","$v":"Др. прил. използв. плейъра"},{"$i":"overlay-cancel-button","$v":"Отмяна"},{"$i":"overlay-camera-button","$v":"Към камерата"},{"$i":"sd-storage-full-header","$v":"SD картата е пълна"},{"$i":"sd-storage-full-content","$v":"Изтрийте файлове от SD картата, за да освободите място."},{"$i":"phone-storage-full-header","$v":"Паметта на телефона е пълна."},{"$i":"phone-storage-full-content","$v":"Изтрийте мултимедийни файлове или данни на приложения, за да освободите място. Можете и да поставите SD карта, за да разширите мястото за съхранение за мултимедия."},{"$i":"name-label","$v":"Име"},{"$i":"length-label","$v":"Дължина"},{"$i":"size-label","$v":"Размер"},{"$i":"video-type-label","$v":"Тип видео"},{"$i":"date-taken-label","$v":"Дата на записване"},{"$i":"resolution-label","$v":"Резолюция"},{"$i":"close-button","$v":"Затваряне"},{"$i":"byteUnit-B","$v":"Байтове"},{"$i":"byteUnit-KB","$v":"KB"},{"$i":"byteUnit-MB","$v":"MB"},{"$i":"byteUnit-GB","$v":"GB"},{"$i":"byteUnit-TB","$v":"TB"},{"$i":"byteUnit-PB","$v":"PB"},{"$i":"byteUnit-EB","$v":"EB"},{"$i":"byteUnit-ZB","$v":"ZB"},{"$i":"byteUnit-YB","$v":"ГР"},{"$i":"date-group-header","$v":"%B %Y"},{"$i":"share","$v":"Споделяне"},{"$i":"more-info","$v":"Още информ."},{"$i":"delete","$v":"Изтриване"},{"$i":"video-button","ariaLabel":"Видео"},{"$i":"select-button","ariaLabel":"Избор"},{"$i":"delete-button","ariaLabel":"Изтриване"},{"$i":"share-button","ariaLabel":"Споделяне"},{"$i":"info-view","ariaLabel":"Инф."},{"$i":"options-view","ariaLabel":"Опции"},{"$i":"confirm-dialog","ariaLabel":"Потв."},{"$i":"videos-list","ariaLabel":"Видеоклипове"},{"$i":"options-more","ariaLabel":"Още"},{"$i":"seek-backward","ariaLabel":"Търсене назад"},{"$i":"seek-bar","ariaLabel":["Лента за търсене, продължителност ",{"t":"idOrVar","v":"duration"}]},{"$i":"seek-forward","ariaLabel":"Търсене напред"},{"$i":"play-button","ariaLabel":"Възпроизвеждане"},{"$i":"pause-button","ariaLabel":"Пауза"},{"$i":"fullscreen-button","ariaLabel":"Цял екран"},{"$i":"show-controls-button","ariaLabel":"Показване на контроли"},{"$i":"hide-controls-button","ariaLabel":"Скриване на контролите"},{"$i":"confirmation-title","$v":"Потвърждаване"},{"$i":"n-video-deleted","$v":{"few":[{"t":"idOrVar","v":"n"}," видеоклипа са изтрити"],"many":[{"t":"idOrVar","v":"n"}," видеоклипа са изтрити"],"one":"Видеоклипът е изтрит","other":[{"t":"idOrVar","v":"n"}," видеоклипа са изтрити"],"two":[{"t":"idOrVar","v":"n"}," видеоклипа са изтрити"],"zero":"Нищо не е избрано"},"$x":[{"t":"idOrVar","v":"plural"},"n"]},{"$i":"rename-saved","$v":"Промените са записани"},{"$i":"confirm-video","$v":"Видео"},{"$i":"confirm-ok","$v":"ОК"},{"$i":"options-header","$v":"Опции"},{"$i":"video-invalid-name","$v":"Невалидно име"},{"$i":"name-already-exists","$v":"Това име вече съществува"},{"$i":"override-warning-msg","$v":"Искате ли да презапишете съществуващия файл?"},{"$i":"override","$v":"Застъпване"},{"$i":"opt-takevideo","$v":"Заснемане на видео"},{"$i":"select","$v":"Избор"},{"$i":"opt-deselect","$v":"РАЗМАРК."},{"$i":"opt-delete","$v":"Изтриване"},{"$i":"opt-rename","$v":"Преименуване"},{"$i":"opt-selectmultiple","$v":"Изберете множество"},{"$i":"opt-fileinfo","$v":"Информация за файл"},{"$i":"opt-selectall","$v":"Изберете всички"},{"$i":"opt-deselectall","$v":"Размаркиране на всички"},{"$i":"opt-fullscreen","$v":"Цял екран"},{"$i":"opt-play","$v":"Възпроизвеждане"},{"$i":"opt-pause","$v":"Пауза"},{"$i":"opt-volume","$v":"Сила на звука"},{"$i":"opt-rotate","$v":"Завъртане"},{"$i":"opt-cancel","$v":"Отказ"},{"$i":"opt-settings","$v":"Настройки"},{"$i":"weekday-0-long","$v":"Неделя"},{"$i":"weekday-1-long","$v":"Понеделник"},{"$i":"weekday-2-long","$v":"Вторник"},{"$i":"weekday-3-long","$v":"Сряда"},{"$i":"weekday-4-long","$v":"Четвъртък"},{"$i":"weekday-5-long","$v":"Петък"},{"$i":"weekday-6-long","$v":"Събота"},{"$i":"weekday-0-short","$v":"нед"},{"$i":"weekday-1-short","$v":"пон"},{"$i":"weekday-2-short","$v":"втор"},{"$i":"weekday-3-short","$v":"ср"},{"$i":"weekday-4-short","$v":"чт"},{"$i":"weekday-5-short","$v":"пет"},{"$i":"weekday-6-short","$v":"сб"},{"$i":"month-0-long","$v":"Януари"},{"$i":"month-1-long","$v":"Февруари"},{"$i":"month-2-long","$v":"Март"},{"$i":"month-3-long","$v":"Април"},{"$i":"month-4-long","$v":"май"},{"$i":"month-5-long","$v":"Юни"},{"$i":"month-6-long","$v":"Юли"},{"$i":"month-7-long","$v":"Август"},{"$i":"month-8-long","$v":"Септември"},{"$i":"month-9-long","$v":"Октомври"},{"$i":"month-10-long","$v":"Ноември"},{"$i":"month-11-long","$v":"Декември"},{"$i":"month-0-genitive","$v":"Януари"},{"$i":"month-1-genitive","$v":"Февруари"},{"$i":"month-2-genitive","$v":"Март"},{"$i":"month-3-genitive","$v":"Април"},{"$i":"month-4-genitive","$v":"май"},{"$i":"month-5-genitive","$v":"Юни"},{"$i":"month-6-genitive","$v":"Юли"},{"$i":"month-7-genitive","$v":"Август"},{"$i":"month-8-genitive","$v":"Септември"},{"$i":"month-9-genitive","$v":"Октомври"},{"$i":"month-10-genitive","$v":"Ноември"},{"$i":"month-11-genitive","$v":"Декември"},{"$i":"month-0-short","$v":"ян"},{"$i":"month-1-short","$v":"фев"},{"$i":"month-2-short","$v":"март"},{"$i":"month-3-short","$v":"апр"},{"$i":"month-4-short","$v":"май"},{"$i":"month-5-short","$v":"юни"},{"$i":"month-6-short","$v":"юли"},{"$i":"month-7-short","$v":"авг"},{"$i":"month-8-short","$v":"септ"},{"$i":"month-9-short","$v":"окт"},{"$i":"month-10-short","$v":"ноем"},{"$i":"month-11-short","$v":"дек"},{"$i":"minutes-ago-long","$v":{"few":["Преди ",{"t":"idOrVar","v":"value"}," минути"],"many":["Преди ",{"t":"idOrVar","v":"value"}," минути"],"one":"преди минута","other":["Преди ",{"t":"idOrVar","v":"value"}," минути"],"two":["Преди ",{"t":"idOrVar","v":"value"}," минути"],"zero":"точно сега"},"$x":[{"t":"idOrVar","v":"plural"},"value"]},{"$i":"hours-ago-long","$v":{"few":["Преди ",{"t":"idOrVar","v":"value"}," часа"],"many":["Преди ",{"t":"idOrVar","v":"value"}," часа"],"one":"преди час","other":["Преди ",{"t":"idOrVar","v":"value"}," часа"],"two":["Преди ",{"t":"idOrVar","v":"value"}," часа"],"zero":"точно сега"},"$x":[{"t":"idOrVar","v":"plural"},"value"]},{"$i":"days-ago-long","$v":{"few":["Преди ",{"t":"idOrVar","v":"value"}," дни"],"many":["Преди ",{"t":"idOrVar","v":"value"}," дни"],"one":"вчера","other":["Преди ",{"t":"idOrVar","v":"value"}," дни"],"two":["Преди ",{"t":"idOrVar","v":"value"}," дни"],"zero":"днес"},"$x":[{"t":"idOrVar","v":"plural"},"value"]},{"$i":"weeks-ago-long","$v":{"few":["Преди ",{"t":"idOrVar","v":"value"}," седмици"],"many":["Преди ",{"t":"idOrVar","v":"value"}," седмици"],"one":"последната седмица","other":["Преди ",{"t":"idOrVar","v":"value"}," седмици"],"two":["Преди ",{"t":"idOrVar","v":"value"}," седмици"],"zero":"тази седмица"},"$x":[{"t":"idOrVar","v":"plural"},"value"]},{"$i":"months-ago-long","$v":{"few":["Преди ",{"t":"idOrVar","v":"value"}," месеца"],"many":["Преди ",{"t":"idOrVar","v":"value"}," месеца"],"one":"последния месец","other":["Преди ",{"t":"idOrVar","v":"value"}," месеца"],"two":["Преди ",{"t":"idOrVar","v":"value"}," месеца"],"zero":"този месец"},"$x":[{"t":"idOrVar","v":"plural"},"value"]},{"$i":"years-ago-long","$v":{"few":["Преди ",{"t":"idOrVar","v":"value"}," години"],"many":["Преди ",{"t":"idOrVar","v":"value"}," години"],"one":"последната година","other":["Преди ",{"t":"idOrVar","v":"value"}," години"],"two":["Преди ",{"t":"idOrVar","v":"value"}," години"],"zero":"тази година"},"$x":[{"t":"idOrVar","v":"plural"},"value"]},{"$i":"minutes-until-long","$v":{"few":["след ",{"t":"idOrVar","v":"value"}," минути"],"many":["след ",{"t":"idOrVar","v":"value"}," минути"],"one":"след минута","other":["след ",{"t":"idOrVar","v":"value"}," минути"],"two":["след ",{"t":"idOrVar","v":"value"}," минути"],"zero":"сега"},"$x":[{"t":"idOrVar","v":"plural"},"value"]},{"$i":"hours-until-long","$v":{"few":["след ",{"t":"idOrVar","v":"value"}," часа"],"many":["след ",{"t":"idOrVar","v":"value"}," часа"],"one":"след час","other":["след ",{"t":"idOrVar","v":"value"}," часа"],"two":["след ",{"t":"idOrVar","v":"value"}," часа"],"zero":"сега"},"$x":[{"t":"idOrVar","v":"plural"},"value"]},{"$i":"days-until-long","$v":{"few":["след ",{"t":"idOrVar","v":"value"}," дни"],"many":["след ",{"t":"idOrVar","v":"value"}," дни"],"one":"утре","other":["след ",{"t":"idOrVar","v":"value"}," дни"],"two":["след ",{"t":"idOrVar","v":"value"}," дни"],"zero":"днес"},"$x":[{"t":"idOrVar","v":"plural"},"value"]},{"$i":"weeks-until-long","$v":{"few":["след ",{"t":"idOrVar","v":"value"}," седмици"],"many":["след ",{"t":"idOrVar","v":"value"}," седмици"],"one":"следващата седмица","other":["след ",{"t":"idOrVar","v":"value"}," седмици"],"two":["след ",{"t":"idOrVar","v":"value"}," седмици"],"zero":"тази седмица"},"$x":[{"t":"idOrVar","v":"plural"},"value"]},{"$i":"months-until-long","$v":{"few":["след ",{"t":"idOrVar","v":"value"}," месеца"],"many":["след ",{"t":"idOrVar","v":"value"}," месеца"],"one":"следващия месец","other":["след ",{"t":"idOrVar","v":"value"}," месеца"],"two":["след ",{"t":"idOrVar","v":"value"}," месеца"],"zero":"този месец"},"$x":[{"t":"idOrVar","v":"plural"},"value"]},{"$i":"years-until-long","$v":{"few":["след ",{"t":"idOrVar","v":"value"}," години"],"many":["след ",{"t":"idOrVar","v":"value"}," години"],"one":"следващата година","other":["след ",{"t":"idOrVar","v":"value"}," години"],"two":["след ",{"t":"idOrVar","v":"value"}," години"],"zero":"тази година"},"$x":[{"t":"idOrVar","v":"plural"},"value"]},{"$i":"minutes-ago-short","$v":{"other":["Преди ",{"t":"idOrVar","v":"value"}," мин."],"zero":"точно сега"},"$x":[{"t":"idOrVar","v":"plural"},"value"]},{"$i":"hours-ago-short","$v":{"other":["Преди ",{"t":"idOrVar","v":"value"}," ч."],"zero":"точно сега"},"$x":[{"t":"idOrVar","v":"plural"},"value"]},{"$i":"days-ago-short","$v":{"other":["Преди ",{"t":"idOrVar","v":"value"}," дни"],"zero":"днес"},"$x":[{"t":"idOrVar","v":"plural"},"value"]},{"$i":"minutes-until-short","$v":{"other":["след ",{"t":"idOrVar","v":"value"},"м."],"zero":"сега"},"$x":[{"t":"idOrVar","v":"plural"},"value"]},{"$i":"hours-until-short","$v":{"other":["след ",{"t":"idOrVar","v":"value"},"ч."],"zero":"сега"},"$x":[{"t":"idOrVar","v":"plural"},"value"]},{"$i":"days-until-short","$v":{"other":["след ",{"t":"idOrVar","v":"value"},"д."],"zero":"днес"},"$x":[{"t":"idOrVar","v":"plural"},"value"]},{"$i":"incorrectDate","$v":"(неправилна дата)"},{"$i":"dateTimeFormat_%c","$v":"%a %b %e %Y %I:%M:%S %p"},{"$i":"dateTimeFormat_%x","$v":"%m/%d/%Y"},{"$i":"dateTimeFormat_%X","$v":"%I:%M:%S %p"},{"$i":"shortTimeFormat","$v":"%I:%M %p"},{"$i":"shortTimeFormat12","$v":"%I:%M %p"},{"$i":"shortTimeFormat24","$v":"%H:%M"},{"$i":"shortDateTimeFormat","$v":"%x %I:%M %p"},{"$i":"weekStartsOnMonday","$v":"0.0"},{"$i":"firstDayOfTheWeek","$v":"1.0"},{"$i":"time_am","$v":"AM"},{"$i":"time_pm","$v":"PM"},{"$i":"softkey-options","$v":"Опции"}]