[{"$i":"done","$v":"Udført"},{"$i":"number-selected2","$v":{"few":[{"t":"idOrVar","v":"n"}," valgt"],"many":[{"t":"idOrVar","v":"n"}," valgt"],"one":[{"t":"idOrVar","v":"n"}," valgt"],"other":[{"t":"idOrVar","v":"n"}," valgt"],"two":[{"t":"idOrVar","v":"n"}," valgt"],"zero":[{"t":"idOrVar","v":"n"}," valgt"]},"$x":[{"t":"idOrVar","v":"plural"},"n"]},{"$i":"delete-n-items?","$v":{"few":["Slet ",{"t":"idOrVar","v":"n"}," videoer?"],"many":["Slet ",{"t":"idOrVar","v":"n"}," videoer?"],"one":"Slet valgte video?","other":["Slet ",{"t":"idOrVar","v":"n"}," videoer?"],"two":["Slet ",{"t":"idOrVar","v":"n"}," videoer?"],"zero":"Intet er valgt"},"$x":[{"t":"idOrVar","v":"plural"},"n"]},{"$i":"not-load-video-time","$v":"--:--"},{"$i":"video-time-num","$v":["0",{"t":"idOrVar","v":"num"}]},{"$i":"video-time-minute","$v":[{"t":"idOrVar","v":"owe"},{"t":"idOrVar","v":"m"},":",{"t":"idOrVar","v":"s"}]},{"$i":"video-time-hour","$v":[{"t":"idOrVar","v":"owe"},{"t":"idOrVar","v":"h"},":",{"t":"idOrVar","v":"m"},":",{"t":"idOrVar","v":"s"}]},{"$i":"share-noprovider","$v":"Prøv at dele en video ad gangen."},{"$i":"videos","$v":"Videoer"},{"$i":"cancel","$v":"Annuller"},{"$i":"delete-video?","$v":"Slet valgte video?"},{"$i":"empty-title","$v":"Tilføj videoer for at komme i gang"},{"$i":"empty-text","$v":"Der er ingen tilgængelige videoer."},{"$i":"empty-content","$v":"Video er tom. Brug kameraet for at komme i gang."},{"$i":"search-title","$v":"Søger"},{"$i":"search-content","$v":"Søger"},{"$i":"nocard2-title","$v":"Intet hukommelseskort blev fundet"},{"$i":"nocard3-text","$v":"Hukommelseskort blev ikke fundet. Indsæt et hukommelseskort for at tage videoer."},{"$i":"pluggedin-title","$v":"Video kan ikke afspilles, mens enheden er tilsluttet"},{"$i":"pluggedin-text","$v":"Lageret er aktuelt i brug. Fjern tilslutningen til telefonen for at optage videoer."},{"$i":"upgrade-title","$v":"Databaseopgradering"},{"$i":"upgrade-text","$v":"Vent, mens Video opdaterer sin database."},{"$i":"confirm-delete","$v":"Er du sikker på, at du vil slette:"},{"$i":"pick-title","$v":"Vælg en video"},{"$i":"save","$v":"Gem"},{"$i":"saved","$v":"gemt i videobibliotek."},{"$i":"save-failed","$v":"Kunne ikke gemme video, prøv igen."},{"$i":"error-network","$v":"Videoen kunne ikke hentes på grund af en netværksfejl."},{"$i":"error-unsupported","$v":"Video kan ikke afspilles, enten fordi der opstod fejl på serveren eller netværket, eller fordi formatet ikke understøttes."},{"$i":"error-unknown","$v":"Der opstod en ukendt videofejl."},{"$i":"video-hardware-in-use-title","$v":"Kan ikke afspille video"},{"$i":"video-hardware-in-use-text","$v":"En anden app bruger videoafspilleren."},{"$i":"overlay-cancel-button","$v":"Annuller"},{"$i":"overlay-camera-button","$v":"Gå til kamera"},{"$i":"sd-storage-full-header","$v":"SD-kort er fuldt."},{"$i":"sd-storage-full-content","$v":"Slet filer på SD-kortet for at frigøre plads."},{"$i":"phone-storage-full-header","$v":"Telefonens lager er fuldt."},{"$i":"phone-storage-full-content","$v":"Slet mediefiler eller programdata for at frigøre plads. Du kan også indsætte et SD-kort for at udvide medielageret."},{"$i":"name-label","$v":"Navn"},{"$i":"length-label","$v":"Længde"},{"$i":"size-label","$v":"Størrelse"},{"$i":"video-type-label","$v":"Videotype"},{"$i":"date-taken-label","$v":"Dato taget"},{"$i":"resolution-label","$v":"Opløsning"},{"$i":"close-button","$v":"Luk"},{"$i":"byteUnit-B","$v":"Byte"},{"$i":"byteUnit-KB","$v":"KB"},{"$i":"byteUnit-MB","$v":"MB"},{"$i":"byteUnit-GB","$v":"GB"},{"$i":"byteUnit-TB","$v":"TB"},{"$i":"byteUnit-PB","$v":"PB"},{"$i":"byteUnit-EB","$v":"EB"},{"$i":"byteUnit-ZB","$v":"ZB"},{"$i":"byteUnit-YB","$v":"FÅ"},{"$i":"date-group-header","$v":"%B %Y"},{"$i":"share","$v":"Del"},{"$i":"more-info","$v":"Flere oplysninger"},{"$i":"delete","$v":"Slet"},{"$i":"video-button","ariaLabel":"Video"},{"$i":"select-button","ariaLabel":"Vælg"},{"$i":"delete-button","ariaLabel":"Slet"},{"$i":"share-button","ariaLabel":"Del"},{"$i":"info-view","ariaLabel":"Info"},{"$i":"options-view","ariaLabel":"Valg"},{"$i":"confirm-dialog","ariaLabel":"Bekræft"},{"$i":"videos-list","ariaLabel":"Videoer"},{"$i":"options-more","ariaLabel":"Mere"},{"$i":"seek-backward","ariaLabel":"Søg baglæns"},{"$i":"seek-bar","ariaLabel":["Søgelinje, varighed ",{"t":"idOrVar","v":"duration"}]},{"$i":"seek-forward","ariaLabel":"Søg fremad"},{"$i":"play-button","ariaLabel":"Afspil"},{"$i":"pause-button","ariaLabel":"Pause"},{"$i":"fullscreen-button","ariaLabel":"Fuld skærm"},{"$i":"show-controls-button","ariaLabel":"Vis styrefunktioner"},{"$i":"hide-controls-button","ariaLabel":"Skjul kontrolelementer"},{"$i":"confirmation-title","$v":"Bekræftelse"},{"$i":"n-video-deleted","$v":{"few":[{"t":"idOrVar","v":"n"}," videoer slettet"],"many":[{"t":"idOrVar","v":"n"}," videoer slettet"],"one":"Videoen er slettet","other":[{"t":"idOrVar","v":"n"}," videoer slettet"],"two":[{"t":"idOrVar","v":"n"}," videoer slettet"],"zero":"Intet er valgt"},"$x":[{"t":"idOrVar","v":"plural"},"n"]},{"$i":"rename-saved","$v":"Ændringerne er gemt"},{"$i":"confirm-video","$v":"Video"},{"$i":"confirm-ok","$v":"OK"},{"$i":"options-header","$v":"Valg"},{"$i":"video-invalid-name","$v":"Ugyldigt navn"},{"$i":"name-already-exists","$v":"Dette navn findes allerede"},{"$i":"override-warning-msg","$v":"Vil du overskrive den eksisterende fil?"},{"$i":"override","$v":"Tilsidesæt"},{"$i":"opt-takevideo","$v":"Optag video"},{"$i":"select","$v":"Vælg"},{"$i":"opt-deselect","$v":"Fravælg"},{"$i":"opt-delete","$v":"Slet"},{"$i":"opt-rename","$v":"Omdøb"},{"$i":"opt-selectmultiple","$v":"Vælg flere"},{"$i":"opt-fileinfo","$v":"Filinfo"},{"$i":"opt-selectall","$v":"Vælg alle"},{"$i":"opt-deselectall","$v":"Fravælg alle"},{"$i":"opt-fullscreen","$v":"Fuld skærm"},{"$i":"opt-play","$v":"Afspil"},{"$i":"opt-pause","$v":"Pause"},{"$i":"opt-volume","$v":"Lydstyrke"},{"$i":"opt-rotate","$v":"Rotér"},{"$i":"opt-cancel","$v":"Annuller"},{"$i":"opt-settings","$v":"Indstillinger"},{"$i":"weekday-0-long","$v":"Søndag"},{"$i":"weekday-1-long","$v":"Mandag"},{"$i":"weekday-2-long","$v":"Tirsdag"},{"$i":"weekday-3-long","$v":"Onsdag"},{"$i":"weekday-4-long","$v":"Torsdag"},{"$i":"weekday-5-long","$v":"Fredag"},{"$i":"weekday-6-long","$v":"Lørdag"},{"$i":"weekday-0-short","$v":"Søn"},{"$i":"weekday-1-short","$v":"Man"},{"$i":"weekday-2-short","$v":"Tir"},{"$i":"weekday-3-short","$v":"Ons"},{"$i":"weekday-4-short","$v":"Tor"},{"$i":"weekday-5-short","$v":"Fre"},{"$i":"weekday-6-short","$v":"Lør"},{"$i":"month-0-long","$v":"Januar"},{"$i":"month-1-long","$v":"Februar"},{"$i":"month-2-long","$v":"Marts"},{"$i":"month-3-long","$v":"April"},{"$i":"month-4-long","$v":"Maj"},{"$i":"month-5-long","$v":"Juni"},{"$i":"month-6-long","$v":"Juli"},{"$i":"month-7-long","$v":"August"},{"$i":"month-8-long","$v":"September"},{"$i":"month-9-long","$v":"Oktober"},{"$i":"month-10-long","$v":"November"},{"$i":"month-11-long","$v":"December"},{"$i":"month-0-genitive","$v":"Januar"},{"$i":"month-1-genitive","$v":"Februar"},{"$i":"month-2-genitive","$v":"Marts"},{"$i":"month-3-genitive","$v":"April"},{"$i":"month-4-genitive","$v":"Maj"},{"$i":"month-5-genitive","$v":"Juni"},{"$i":"month-6-genitive","$v":"Juli"},{"$i":"month-7-genitive","$v":"August"},{"$i":"month-8-genitive","$v":"September"},{"$i":"month-9-genitive","$v":"Oktober"},{"$i":"month-10-genitive","$v":"November"},{"$i":"month-11-genitive","$v":"December"},{"$i":"month-0-short","$v":"Jan"},{"$i":"month-1-short","$v":"Feb"},{"$i":"month-2-short","$v":"Mar"},{"$i":"month-3-short","$v":"Apr"},{"$i":"month-4-short","$v":"Maj"},{"$i":"month-5-short","$v":"Jun"},{"$i":"month-6-short","$v":"Jul"},{"$i":"month-7-short","$v":"Aug"},{"$i":"month-8-short","$v":"Sep"},{"$i":"month-9-short","$v":"Okt"},{"$i":"month-10-short","$v":"Nov"},{"$i":"month-11-short","$v":"Dec"},{"$i":"minutes-ago-long","$v":{"few":[{"t":"idOrVar","v":"value"}," minutter siden"],"many":[{"t":"idOrVar","v":"value"}," minutter siden"],"one":"et minut siden","other":[{"t":"idOrVar","v":"value"}," minutter siden"],"two":[{"t":"idOrVar","v":"value"}," minutter siden"],"zero":"lige nu"},"$x":[{"t":"idOrVar","v":"plural"},"value"]},{"$i":"hours-ago-long","$v":{"few":[{"t":"idOrVar","v":"value"}," timer siden"],"many":[{"t":"idOrVar","v":"value"}," timer siden"],"one":"for en time siden","other":[{"t":"idOrVar","v":"value"}," timer siden"],"two":[{"t":"idOrVar","v":"value"}," timer siden"],"zero":"lige nu"},"$x":[{"t":"idOrVar","v":"plural"},"value"]},{"$i":"days-ago-long","$v":{"few":[{"t":"idOrVar","v":"value"}," dage siden"],"many":[{"t":"idOrVar","v":"value"}," dage siden"],"one":"i går","other":[{"t":"idOrVar","v":"value"}," dage siden"],"two":[{"t":"idOrVar","v":"value"}," dage siden"],"zero":"i dag"},"$x":[{"t":"idOrVar","v":"plural"},"value"]},{"$i":"weeks-ago-long","$v":{"few":[{"t":"idOrVar","v":"value"}," uger siden"],"many":[{"t":"idOrVar","v":"value"}," uger siden"],"one":"sidste uge","other":[{"t":"idOrVar","v":"value"}," uger siden"],"two":[{"t":"idOrVar","v":"value"}," uger siden"],"zero":"denne uge"},"$x":[{"t":"idOrVar","v":"plural"},"value"]},{"$i":"months-ago-long","$v":{"few":[{"t":"idOrVar","v":"value"}," måneder siden"],"many":[{"t":"idOrVar","v":"value"}," måneder siden"],"one":"sidste måned","other":[{"t":"idOrVar","v":"value"}," måneder siden"],"two":[{"t":"idOrVar","v":"value"}," måneder siden"],"zero":"denne måned"},"$x":[{"t":"idOrVar","v":"plural"},"value"]},{"$i":"years-ago-long","$v":{"few":[{"t":"idOrVar","v":"value"}," år siden"],"many":[{"t":"idOrVar","v":"value"}," år siden"],"one":"sidste år","other":[{"t":"idOrVar","v":"value"}," år siden"],"two":[{"t":"idOrVar","v":"value"}," år siden"],"zero":"i år"},"$x":[{"t":"idOrVar","v":"plural"},"value"]},{"$i":"minutes-until-long","$v":{"few":["om ",{"t":"idOrVar","v":"value"}," minutter"],"many":["om ",{"t":"idOrVar","v":"value"}," minutter"],"one":"om et minut","other":["om ",{"t":"idOrVar","v":"value"}," minutter"],"two":["om ",{"t":"idOrVar","v":"value"}," minutter"],"zero":"nu"},"$x":[{"t":"idOrVar","v":"plural"},"value"]},{"$i":"hours-until-long","$v":{"few":["om ",{"t":"idOrVar","v":"value"}," timer"],"many":["om ",{"t":"idOrVar","v":"value"}," timer"],"one":"om en time","other":["om ",{"t":"idOrVar","v":"value"}," timer"],"two":["om ",{"t":"idOrVar","v":"value"}," timer"],"zero":"nu"},"$x":[{"t":"idOrVar","v":"plural"},"value"]},{"$i":"days-until-long","$v":{"few":["om ",{"t":"idOrVar","v":"value"}," dage"],"many":["om ",{"t":"idOrVar","v":"value"}," dage"],"one":"i morgen","other":["om ",{"t":"idOrVar","v":"value"}," dage"],"two":["om ",{"t":"idOrVar","v":"value"}," dage"],"zero":"i dag"},"$x":[{"t":"idOrVar","v":"plural"},"value"]},{"$i":"weeks-until-long","$v":{"few":["om ",{"t":"idOrVar","v":"value"}," uger"],"many":["om ",{"t":"idOrVar","v":"value"}," uger"],"one":"næste uge","other":["om ",{"t":"idOrVar","v":"value"}," uger"],"two":["om ",{"t":"idOrVar","v":"value"}," uger"],"zero":"denne uge"},"$x":[{"t":"idOrVar","v":"plural"},"value"]},{"$i":"months-until-long","$v":{"few":["om ",{"t":"idOrVar","v":"value"}," måneder"],"many":["om ",{"t":"idOrVar","v":"value"}," måneder"],"one":"næste måned","other":["om ",{"t":"idOrVar","v":"value"}," måneder"],"two":["om ",{"t":"idOrVar","v":"value"}," måneder"],"zero":"denne måned"},"$x":[{"t":"idOrVar","v":"plural"},"value"]},{"$i":"years-until-long","$v":{"few":["om ",{"t":"idOrVar","v":"value"}," år"],"many":["om ",{"t":"idOrVar","v":"value"}," år"],"one":"næste år","other":["om ",{"t":"idOrVar","v":"value"}," år"],"two":["om ",{"t":"idOrVar","v":"value"}," år"],"zero":"i år"},"$x":[{"t":"idOrVar","v":"plural"},"value"]},{"$i":"minutes-ago-short","$v":{"other":[{"t":"idOrVar","v":"value"},"m siden"],"zero":"lige nu"},"$x":[{"t":"idOrVar","v":"plural"},"value"]},{"$i":"hours-ago-short","$v":{"other":[{"t":"idOrVar","v":"value"},"t siden"],"zero":"lige nu"},"$x":[{"t":"idOrVar","v":"plural"},"value"]},{"$i":"days-ago-short","$v":{"other":[{"t":"idOrVar","v":"value"},"d siden"],"zero":"i dag"},"$x":[{"t":"idOrVar","v":"plural"},"value"]},{"$i":"minutes-until-short","$v":{"other":["om ",{"t":"idOrVar","v":"value"},"m"],"zero":"nu"},"$x":[{"t":"idOrVar","v":"plural"},"value"]},{"$i":"hours-until-short","$v":{"other":["om ",{"t":"idOrVar","v":"value"},"t"],"zero":"nu"},"$x":[{"t":"idOrVar","v":"plural"},"value"]},{"$i":"days-until-short","$v":{"other":["om ",{"t":"idOrVar","v":"value"},"d"],"zero":"i dag"},"$x":[{"t":"idOrVar","v":"plural"},"value"]},{"$i":"incorrectDate","$v":"(forkert dato)"},{"$i":"dateTimeFormat_%c","$v":"%a %b %e %Y %I:%M:%S %p"},{"$i":"dateTimeFormat_%x","$v":"%m/%d/%Y"},{"$i":"dateTimeFormat_%X","$v":"%I:%M:%S %p"},{"$i":"shortTimeFormat","$v":"%I:%M %p"},{"$i":"shortTimeFormat12","$v":"%I:%M %p"},{"$i":"shortTimeFormat24","$v":"%H:%M"},{"$i":"shortDateTimeFormat","$v":"%x %I:%M %p"},{"$i":"weekStartsOnMonday","$v":"0.0"},{"$i":"firstDayOfTheWeek","$v":"1.0"},{"$i":"time_am","$v":"AM"},{"$i":"time_pm","$v":"PM"},{"$i":"softkey-options","$v":"Valg"}]