[{"$i":"done","$v":"Fertig"},{"$i":"number-selected2","$v":{"few":[{"t":"idOrVar","v":"n"}," ausgewählt"],"many":[{"t":"idOrVar","v":"n"}," ausgewählt"],"one":[{"t":"idOrVar","v":"n"}," ausgewählt"],"other":[{"t":"idOrVar","v":"n"}," ausgewählt"],"two":[{"t":"idOrVar","v":"n"}," ausgewählt"],"zero":[{"t":"idOrVar","v":"n"}," ausgewählt"]},"$x":[{"t":"idOrVar","v":"plural"},"n"]},{"$i":"delete-n-items?","$v":{"few":[{"t":"idOrVar","v":"n"}," Videos löschen?"],"many":[{"t":"idOrVar","v":"n"}," Videos löschen?"],"one":"Ausgewähltes Video löschen?","other":[{"t":"idOrVar","v":"n"}," Videos löschen?"],"two":[{"t":"idOrVar","v":"n"}," Videos löschen?"],"zero":"Nichts ausgewählt"},"$x":[{"t":"idOrVar","v":"plural"},"n"]},{"$i":"not-load-video-time","$v":"--:--"},{"$i":"video-time-num","$v":["0",{"t":"idOrVar","v":"num"}]},{"$i":"video-time-minute","$v":[{"t":"idOrVar","v":"owe"},{"t":"idOrVar","v":"m"},":",{"t":"idOrVar","v":"s"}]},{"$i":"video-time-hour","$v":[{"t":"idOrVar","v":"owe"},{"t":"idOrVar","v":"h"},":",{"t":"idOrVar","v":"m"},":",{"t":"idOrVar","v":"s"}]},{"$i":"share-noprovider","$v":"Versuchen Sie, nur ein Video zur Zeit zu teilen."},{"$i":"videos","$v":"Videos"},{"$i":"cancel","$v":"Abbrechen"},{"$i":"delete-video?","$v":"Ausgewähltes Video löschen?"},{"$i":"empty-title","$v":"Fügen Sie Videos hinzu, um Filme anzusehen."},{"$i":"empty-text","$v":"Keine Videos verfügbar."},{"$i":"empty-content","$v":"Kein Video vorhanden. Zum Start die Kamera verwenden."},{"$i":"search-title","$v":"Suche nach Videos..."},{"$i":"search-content","$v":"Suche nach Videos..."},{"$i":"nocard2-title","$v":"Keine Speicherkarte gefunden"},{"$i":"nocard3-text","$v":"Es wurde keine Speicherkarte gefunden. Legen Sie eine Speicherkarte ein, um Videos aufzunehmen."},{"$i":"pluggedin-title","$v":"Video kann nicht angesehen werden, wenn das Telefon per Kabel verbunden ist."},{"$i":"pluggedin-text","$v":"Speicher wird momentan verwendet. Bitte trennen Sie die Kabelverbindung zum Telefon, um Videos aufzunehmen."},{"$i":"upgrade-title","$v":"Datenbank-Upgrade"},{"$i":"upgrade-text","$v":"Bitte warten. Die Videodatenbank wird gerade aktualisiert."},{"$i":"confirm-delete","$v":"Möchten Sie Folgendes wirklich löschen?"},{"$i":"pick-title","$v":"Video auswählen"},{"$i":"save","$v":"Speichern"},{"$i":"saved","$v":"in der Videobibliothek gespeichert."},{"$i":"save-failed","$v":"Speichern des Videos fehlgeschlagen. Versuchen Sie es erneut."},{"$i":"error-network","$v":"Das Video konnte wegen eines Netzwerkfehlers nicht heruntergeladen werden."},{"$i":"error-unsupported","$v":"Video kann nicht abgespielt werden. Ursache ist entweder ein Server- bzw. Netzwerkfehler oder das Format wird nicht unterstützt."},{"$i":"error-unknown","$v":"Unbekannter Videofehler aufgetreten."},{"$i":"video-hardware-in-use-title","$v":"Video kann nicht abgespielt werden"},{"$i":"video-hardware-in-use-text","$v":"Eine andere App verwendet gerade den Videoplayer."},{"$i":"overlay-cancel-button","$v":"Abbrechen"},{"$i":"overlay-camera-button","$v":"Kamera aufrufen"},{"$i":"sd-storage-full-header","$v":"SD-Karte voll"},{"$i":"sd-storage-full-content","$v":"Löschen Sie Dateien auf der SD-Karte, um für freien Speicherplatz zu sorgen."},{"$i":"phone-storage-full-header","$v":"Telefonspeicher voll"},{"$i":"phone-storage-full-content","$v":"Löschen Sie Mediendateien oder Anwendungsdaten, um für freien Speicherplatz zu sorgen. Sie können auch eine SD-Karte einsetzen, um den Medienspeicher zu vergrößern."},{"$i":"name-label","$v":"Name"},{"$i":"length-label","$v":"Länge"},{"$i":"size-label","$v":"Größe"},{"$i":"video-type-label","$v":"Videotyp"},{"$i":"date-taken-label","$v":"Aufnahmedatum"},{"$i":"resolution-label","$v":"Auflösung"},{"$i":"close-button","$v":"Schließen"},{"$i":"byteUnit-B","$v":"Bytes"},{"$i":"byteUnit-KB","$v":"KB"},{"$i":"byteUnit-MB","$v":"MB"},{"$i":"byteUnit-GB","$v":"GB"},{"$i":"byteUnit-TB","$v":"TB"},{"$i":"byteUnit-PB","$v":"PB"},{"$i":"byteUnit-EB","$v":"EB"},{"$i":"byteUnit-ZB","$v":"ZB"},{"$i":"byteUnit-YB","$v":"YB"},{"$i":"date-group-header","$v":"%B %Y"},{"$i":"share","$v":"Teilen"},{"$i":"more-info","$v":"Weitere Informationen"},{"$i":"delete","$v":"Löschen"},{"$i":"video-button","ariaLabel":"Video"},{"$i":"select-button","ariaLabel":"Auswählen"},{"$i":"delete-button","ariaLabel":"Löschen"},{"$i":"share-button","ariaLabel":"Teilen"},{"$i":"info-view","ariaLabel":"Info"},{"$i":"options-view","ariaLabel":"Optionen"},{"$i":"confirm-dialog","ariaLabel":"Bestätigen"},{"$i":"videos-list","ariaLabel":"Videos"},{"$i":"options-more","ariaLabel":"Mehr"},{"$i":"seek-backward","ariaLabel":"Rückwärts suchen"},{"$i":"seek-bar","ariaLabel":["Suchleiste, Dauer ",{"t":"idOrVar","v":"duration"}]},{"$i":"seek-forward","ariaLabel":"Vorwärts suchen"},{"$i":"play-button","ariaLabel":"Wiedergabe"},{"$i":"pause-button","ariaLabel":"Pause"},{"$i":"fullscreen-button","ariaLabel":"Vollbild"},{"$i":"show-controls-button","ariaLabel":"Steuerelemente einblenden"},{"$i":"hide-controls-button","ariaLabel":"Steuerelemente ausblenden"},{"$i":"confirmation-title","$v":"Bestätigung"},{"$i":"n-video-deleted","$v":{"few":[{"t":"idOrVar","v":"n"}," Videos gelöscht"],"many":[{"t":"idOrVar","v":"n"}," Videos gelöscht"],"one":"Video gelöscht","other":[{"t":"idOrVar","v":"n"}," Videos gelöscht"],"two":[{"t":"idOrVar","v":"n"}," Videos gelöscht"],"zero":"Nichts ausgewählt"},"$x":[{"t":"idOrVar","v":"plural"},"n"]},{"$i":"rename-saved","$v":"Änderungen gespeichert"},{"$i":"confirm-video","$v":"Video"},{"$i":"confirm-ok","$v":"OK"},{"$i":"options-header","$v":"Optionen"},{"$i":"video-invalid-name","$v":"Ungültiger Name"},{"$i":"name-already-exists","$v":"Dieser Name ist bereits vorhanden"},{"$i":"override-warning-msg","$v":"Möchten Sie die vorhandene Datei überschreiben?"},{"$i":"override","$v":"Überschreiben"},{"$i":"opt-takevideo","$v":"Kamera"},{"$i":"select","$v":"Auswählen"},{"$i":"opt-deselect","$v":"Auswahl aufheben"},{"$i":"opt-delete","$v":"Löschen"},{"$i":"opt-rename","$v":"Umbenennen"},{"$i":"opt-selectmultiple","$v":"Mehrere auswählen"},{"$i":"opt-fileinfo","$v":"Datei-Info"},{"$i":"opt-selectall","$v":"Alle"},{"$i":"opt-deselectall","$v":"Keine"},{"$i":"opt-fullscreen","$v":"Vollbild"},{"$i":"opt-play","$v":"Wiedergabe"},{"$i":"opt-pause","$v":"Pause"},{"$i":"opt-volume","$v":"Lautstärke"},{"$i":"opt-rotate","$v":"Drehen"},{"$i":"opt-cancel","$v":"Abbrechen"},{"$i":"opt-settings","$v":"Einstellungen"},{"$i":"weekday-0-long","$v":"Sonntag"},{"$i":"weekday-1-long","$v":"Montag"},{"$i":"weekday-2-long","$v":"Dienstag"},{"$i":"weekday-3-long","$v":"Mittwoch"},{"$i":"weekday-4-long","$v":"Donnerstag"},{"$i":"weekday-5-long","$v":"Freitag"},{"$i":"weekday-6-long","$v":"Samstag"},{"$i":"weekday-0-short","$v":"So"},{"$i":"weekday-1-short","$v":"Mo"},{"$i":"weekday-2-short","$v":"Di"},{"$i":"weekday-3-short","$v":"Mi"},{"$i":"weekday-4-short","$v":"Do"},{"$i":"weekday-5-short","$v":"Fr"},{"$i":"weekday-6-short","$v":"Sa"},{"$i":"month-0-long","$v":"Januar"},{"$i":"month-1-long","$v":"Februar"},{"$i":"month-2-long","$v":"März"},{"$i":"month-3-long","$v":"April"},{"$i":"month-4-long","$v":"Mai"},{"$i":"month-5-long","$v":"Juni"},{"$i":"month-6-long","$v":"Juli"},{"$i":"month-7-long","$v":"August"},{"$i":"month-8-long","$v":"September"},{"$i":"month-9-long","$v":"Oktober"},{"$i":"month-10-long","$v":"November"},{"$i":"month-11-long","$v":"Dezember"},{"$i":"month-0-genitive","$v":"Januar"},{"$i":"month-1-genitive","$v":"Februar"},{"$i":"month-2-genitive","$v":"März"},{"$i":"month-3-genitive","$v":"April"},{"$i":"month-4-genitive","$v":"Mai"},{"$i":"month-5-genitive","$v":"Juni"},{"$i":"month-6-genitive","$v":"Juli"},{"$i":"month-7-genitive","$v":"August"},{"$i":"month-8-genitive","$v":"September"},{"$i":"month-9-genitive","$v":"Oktober"},{"$i":"month-10-genitive","$v":"November"},{"$i":"month-11-genitive","$v":"Dezember"},{"$i":"month-0-short","$v":"Jan"},{"$i":"month-1-short","$v":"Feb"},{"$i":"month-2-short","$v":"Mär"},{"$i":"month-3-short","$v":"Apr"},{"$i":"month-4-short","$v":"Mai"},{"$i":"month-5-short","$v":"Jun"},{"$i":"month-6-short","$v":"Jul"},{"$i":"month-7-short","$v":"Aug"},{"$i":"month-8-short","$v":"Sep"},{"$i":"month-9-short","$v":"Okt"},{"$i":"month-10-short","$v":"Nov"},{"$i":"month-11-short","$v":"Dez"},{"$i":"minutes-ago-long","$v":{"few":["vor ",{"t":"idOrVar","v":"value"}," Minuten"],"many":["vor ",{"t":"idOrVar","v":"value"}," Minuten"],"one":"vor einer Minute","other":["vor ",{"t":"idOrVar","v":"value"}," Minuten"],"two":["vor ",{"t":"idOrVar","v":"value"}," Minuten"],"zero":"genau jetzt"},"$x":[{"t":"idOrVar","v":"plural"},"value"]},{"$i":"hours-ago-long","$v":{"few":["vor ",{"t":"idOrVar","v":"value"}," Stunden"],"many":["vor ",{"t":"idOrVar","v":"value"}," Stunden"],"one":"vor einer Stunde","other":["vor ",{"t":"idOrVar","v":"value"}," Stunden"],"two":["vor ",{"t":"idOrVar","v":"value"}," Stunden"],"zero":"genau jetzt"},"$x":[{"t":"idOrVar","v":"plural"},"value"]},{"$i":"days-ago-long","$v":{"few":["vor ",{"t":"idOrVar","v":"value"}," Tagen"],"many":["vor ",{"t":"idOrVar","v":"value"}," Tagen"],"one":"gestern","other":["vor ",{"t":"idOrVar","v":"value"}," Tagen"],"two":["vor ",{"t":"idOrVar","v":"value"}," Tagen"],"zero":"heute"},"$x":[{"t":"idOrVar","v":"plural"},"value"]},{"$i":"weeks-ago-long","$v":{"few":["vor ",{"t":"idOrVar","v":"value"}," Wochen"],"many":["vor ",{"t":"idOrVar","v":"value"}," Wochen"],"one":"letzte Woche","other":["vor ",{"t":"idOrVar","v":"value"}," Wochen"],"two":["vor ",{"t":"idOrVar","v":"value"}," Wochen"],"zero":"diese Woche"},"$x":[{"t":"idOrVar","v":"plural"},"value"]},{"$i":"months-ago-long","$v":{"few":["vor ",{"t":"idOrVar","v":"value"}," Monaten"],"many":["vor ",{"t":"idOrVar","v":"value"}," Monaten"],"one":"letzter Monat","other":["vor ",{"t":"idOrVar","v":"value"}," Monaten"],"two":["vor ",{"t":"idOrVar","v":"value"}," Monaten"],"zero":"diesen Monat"},"$x":[{"t":"idOrVar","v":"plural"},"value"]},{"$i":"years-ago-long","$v":{"few":["vor ",{"t":"idOrVar","v":"value"}," Jahren"],"many":["vor ",{"t":"idOrVar","v":"value"}," Jahren"],"one":"letztes Jahr","other":["vor ",{"t":"idOrVar","v":"value"}," Jahren"],"two":["vor ",{"t":"idOrVar","v":"value"}," Jahren"],"zero":"dieses Jahr"},"$x":[{"t":"idOrVar","v":"plural"},"value"]},{"$i":"minutes-until-long","$v":{"few":["in ",{"t":"idOrVar","v":"value"}," Minuten"],"many":["in ",{"t":"idOrVar","v":"value"}," Minuten"],"one":"in einer Minute","other":["in ",{"t":"idOrVar","v":"value"}," Minuten"],"two":["in ",{"t":"idOrVar","v":"value"}," Minuten"],"zero":"jetzt"},"$x":[{"t":"idOrVar","v":"plural"},"value"]},{"$i":"hours-until-long","$v":{"few":["in ",{"t":"idOrVar","v":"value"}," Stunden"],"many":["in ",{"t":"idOrVar","v":"value"}," Stunden"],"one":"in einer Stunde","other":["in ",{"t":"idOrVar","v":"value"}," Stunden"],"two":["in ",{"t":"idOrVar","v":"value"}," Stunden"],"zero":"jetzt"},"$x":[{"t":"idOrVar","v":"plural"},"value"]},{"$i":"days-until-long","$v":{"few":["in ",{"t":"idOrVar","v":"value"}," Tagen"],"many":["in ",{"t":"idOrVar","v":"value"}," Tagen"],"one":"morgen","other":["in ",{"t":"idOrVar","v":"value"}," Tagen"],"two":["in ",{"t":"idOrVar","v":"value"}," Tagen"],"zero":"heute"},"$x":[{"t":"idOrVar","v":"plural"},"value"]},{"$i":"weeks-until-long","$v":{"few":["in ",{"t":"idOrVar","v":"value"}," Wochen"],"many":["in ",{"t":"idOrVar","v":"value"}," Wochen"],"one":"nächste Woche","other":["in ",{"t":"idOrVar","v":"value"}," Wochen"],"two":["in ",{"t":"idOrVar","v":"value"}," Wochen"],"zero":"diese Woche"},"$x":[{"t":"idOrVar","v":"plural"},"value"]},{"$i":"months-until-long","$v":{"few":["in ",{"t":"idOrVar","v":"value"}," Monaten"],"many":["in ",{"t":"idOrVar","v":"value"}," Monaten"],"one":"im nächsten Monat","other":["in ",{"t":"idOrVar","v":"value"}," Monaten"],"two":["in ",{"t":"idOrVar","v":"value"}," Monaten"],"zero":"diesen Monat"},"$x":[{"t":"idOrVar","v":"plural"},"value"]},{"$i":"years-until-long","$v":{"few":["in ",{"t":"idOrVar","v":"value"}," Jahren"],"many":["in ",{"t":"idOrVar","v":"value"}," Jahren"],"one":"nächstes Jahr","other":["in ",{"t":"idOrVar","v":"value"}," Jahren"],"two":["in ",{"t":"idOrVar","v":"value"}," Jahren"],"zero":"dieses Jahr"},"$x":[{"t":"idOrVar","v":"plural"},"value"]},{"$i":"minutes-ago-short","$v":{"other":["vor ",{"t":"idOrVar","v":"value"}," Std."],"zero":"genau jetzt"},"$x":[{"t":"idOrVar","v":"plural"},"value"]},{"$i":"hours-ago-short","$v":{"other":["vor ",{"t":"idOrVar","v":"value"}," Std."],"zero":"genau jetzt"},"$x":[{"t":"idOrVar","v":"plural"},"value"]},{"$i":"days-ago-short","$v":{"other":["vor ",{"t":"idOrVar","v":"value"}," Tag"],"zero":"heute"},"$x":[{"t":"idOrVar","v":"plural"},"value"]},{"$i":"minutes-until-short","$v":{"other":["in ",{"t":"idOrVar","v":"value"}," Min."],"zero":"jetzt"},"$x":[{"t":"idOrVar","v":"plural"},"value"]},{"$i":"hours-until-short","$v":{"other":["in ",{"t":"idOrVar","v":"value"}," Std."],"zero":"jetzt"},"$x":[{"t":"idOrVar","v":"plural"},"value"]},{"$i":"days-until-short","$v":{"other":["in ",{"t":"idOrVar","v":"value"}," Tag"],"zero":"heute"},"$x":[{"t":"idOrVar","v":"plural"},"value"]},{"$i":"incorrectDate","$v":"(falsches Datum)"},{"$i":"dateTimeFormat_%c","$v":"%a %b %e %Y %I:%M:%S %p"},{"$i":"dateTimeFormat_%x","$v":"%m/%d/%Y"},{"$i":"dateTimeFormat_%X","$v":"%I:%M:%S %p"},{"$i":"shortTimeFormat","$v":"%I:%M %p"},{"$i":"shortTimeFormat12","$v":"%I:%M %p"},{"$i":"shortTimeFormat24","$v":"%H:%M"},{"$i":"shortDateTimeFormat","$v":"%x %I:%M %p"},{"$i":"weekStartsOnMonday","$v":"0.0"},{"$i":"firstDayOfTheWeek","$v":"1.0"},{"$i":"time_am","$v":"AM"},{"$i":"time_pm","$v":"PM"},{"$i":"softkey-options","$v":"Optionen"}]