[{"$i":"done","$v":"Done"},{"$i":"number-selected2","$v":{"few":[{"t":"idOrVar","v":"n"}," selected"],"many":[{"t":"idOrVar","v":"n"}," selected"],"one":[{"t":"idOrVar","v":"n"}," selected"],"other":[{"t":"idOrVar","v":"n"}," selected"],"two":[{"t":"idOrVar","v":"n"}," selected"],"zero":[{"t":"idOrVar","v":"n"}," selected"]},"$x":[{"t":"idOrVar","v":"plural"},"n"]},{"$i":"delete-n-items?","$v":{"few":["Delete ",{"t":"idOrVar","v":"n"}," videos?"],"many":["Delete ",{"t":"idOrVar","v":"n"}," videos?"],"one":"Delete selected video?","other":["Delete ",{"t":"idOrVar","v":"n"}," videos?"],"two":["Delete ",{"t":"idOrVar","v":"n"}," videos?"],"zero":"Nothing selected"},"$x":[{"t":"idOrVar","v":"plural"},"n"]},{"$i":"not-load-video-time","$v":"--:--"},{"$i":"video-time-num","$v":["0",{"t":"idOrVar","v":"num"}]},{"$i":"video-time-minute","$v":[{"t":"idOrVar","v":"owe"},{"t":"idOrVar","v":"m"},":",{"t":"idOrVar","v":"s"}]},{"$i":"video-time-hour","$v":[{"t":"idOrVar","v":"owe"},{"t":"idOrVar","v":"h"},":",{"t":"idOrVar","v":"m"},":",{"t":"idOrVar","v":"s"}]},{"$i":"share-noprovider","$v":"Try sharing one video at a time."},{"$i":"videos","$v":"Videos"},{"$i":"cancel","$v":"Cancel"},{"$i":"delete-video?","$v":"Delete selected video?"},{"$i":"empty-title","$v":"Add videos to get started"},{"$i":"empty-text","$v":"No videos available."},{"$i":"empty-content","$v":"Video is empty. Use camera to get started."},{"$i":"search-title","$v":"Scanning for videos..."},{"$i":"search-content","$v":"Scanning for videos..."},{"$i":"nocard2-title","$v":"No memory card found"},{"$i":"nocard3-text","$v":"Memory card is not found. Please insert a memory card to take videos."},{"$i":"pluggedin-title","$v":"Video cannot be played while plugged in"},{"$i":"pluggedin-text","$v":"Storage is currently in use. Please unplug the phone to take videos."},{"$i":"upgrade-title","$v":"Database Upgrade"},{"$i":"upgrade-text","$v":"Please wait while Video updates its database."},{"$i":"confirm-delete","$v":"Are you sure you want to delete:"},{"$i":"pick-title","$v":"Select a video"},{"$i":"save","$v":"Save"},{"$i":"saved","$v":"saved to Video library."},{"$i":"save-failed","$v":"Unable to save video, please try again."},{"$i":"error-network","$v":"The video could not be downloaded because of a network error."},{"$i":"error-unsupported","$v":"Video cannot be played: either because the server or network failed or because the format is not supported."},{"$i":"error-unknown","$v":"An unknown video error occurred."},{"$i":"video-hardware-in-use-title","$v":"Cannot play video"},{"$i":"video-hardware-in-use-text","$v":"Another app is currently using the video player."},{"$i":"overlay-cancel-button","$v":"Cancel"},{"$i":"overlay-camera-button","$v":"Go to Camera"},{"$i":"sd-storage-full-header","$v":"SD Card Full"},{"$i":"sd-storage-full-content","$v":"Delete files in SD card to free up space."},{"$i":"phone-storage-full-header","$v":"Phone Storage Full"},{"$i":"phone-storage-full-content","$v":"Delete media files or application data to free up space. You can also insert a SD card to expand media storage."},{"$i":"name-label","$v":"Name"},{"$i":"length-label","$v":"Length"},{"$i":"size-label","$v":"Size"},{"$i":"video-type-label","$v":"Video Type"},{"$i":"date-taken-label","$v":"Date Taken"},{"$i":"resolution-label","$v":"Resolution"},{"$i":"close-button","$v":"Close"},{"$i":"byteUnit-B","$v":"Bytes"},{"$i":"byteUnit-KB","$v":"KB"},{"$i":"byteUnit-MB","$v":"MB"},{"$i":"byteUnit-GB","$v":"GB"},{"$i":"byteUnit-TB","$v":"TB"},{"$i":"byteUnit-PB","$v":"PB"},{"$i":"byteUnit-EB","$v":"EB"},{"$i":"byteUnit-ZB","$v":"ZB"},{"$i":"byteUnit-YB","$v":"YB"},{"$i":"date-group-header","$v":"%B %Y"},{"$i":"share","$v":"Share"},{"$i":"more-info","$v":"More info"},{"$i":"delete","$v":"Delete"},{"$i":"video-button","ariaLabel":"Video"},{"$i":"select-button","ariaLabel":"Select"},{"$i":"delete-button","ariaLabel":"Delete"},{"$i":"share-button","ariaLabel":"Share"},{"$i":"info-view","ariaLabel":"Info"},{"$i":"options-view","ariaLabel":"Options"},{"$i":"confirm-dialog","ariaLabel":"Confirm"},{"$i":"videos-list","ariaLabel":"Videos"},{"$i":"options-more","ariaLabel":"More"},{"$i":"seek-backward","ariaLabel":"Seek backward"},{"$i":"seek-bar","ariaLabel":["Seek bar, duration ",{"t":"idOrVar","v":"duration"}]},{"$i":"seek-forward","ariaLabel":"Seek forward"},{"$i":"play-button","ariaLabel":"Play"},{"$i":"pause-button","ariaLabel":"Pause"},{"$i":"fullscreen-button","ariaLabel":"Full screen"},{"$i":"show-controls-button","ariaLabel":"Show controls"},{"$i":"hide-controls-button","ariaLabel":"Hide controls"},{"$i":"confirmation-title","$v":"Confirmation"},{"$i":"n-video-deleted","$v":{"few":[{"t":"idOrVar","v":"n"}," videos deleted"],"many":[{"t":"idOrVar","v":"n"}," videos deleted"],"one":"Video deleted","other":[{"t":"idOrVar","v":"n"}," videos deleted"],"two":[{"t":"idOrVar","v":"n"}," videos deleted"],"zero":"Nothing selected"},"$x":[{"t":"idOrVar","v":"plural"},"n"]},{"$i":"rename-saved","$v":"Changes saved"},{"$i":"confirm-video","$v":"Video"},{"$i":"confirm-ok","$v":"OK"},{"$i":"options-header","$v":"Options"},{"$i":"video-invalid-name","$v":"Invalid Name"},{"$i":"name-already-exists","$v":"This name already exists"},{"$i":"override-warning-msg","$v":"Would you like to override the existing file?"},{"$i":"override","$v":"Override"},{"$i":"opt-takevideo","$v":"Take Video"},{"$i":"select","$v":"Select"},{"$i":"opt-deselect","$v":"Deselect"},{"$i":"opt-delete","$v":"Delete"},{"$i":"opt-rename","$v":"Rename"},{"$i":"opt-selectmultiple","$v":"Select Multiple"},{"$i":"opt-fileinfo","$v":"File Info"},{"$i":"opt-selectall","$v":"Select All"},{"$i":"opt-deselectall","$v":"None"},{"$i":"opt-fullscreen","$v":"Full Screen"},{"$i":"opt-play","$v":"Play"},{"$i":"opt-pause","$v":"Pause"},{"$i":"opt-volume","$v":"Volume"},{"$i":"opt-rotate","$v":"Rotate"},{"$i":"opt-cancel","$v":"Cancel"},{"$i":"opt-settings","$v":"Settings"},{"$i":"weekday-0-long","$v":"Sunday"},{"$i":"weekday-1-long","$v":"Monday"},{"$i":"weekday-2-long","$v":"Tuesday"},{"$i":"weekday-3-long","$v":"Wednesday"},{"$i":"weekday-4-long","$v":"Thursday"},{"$i":"weekday-5-long","$v":"Friday"},{"$i":"weekday-6-long","$v":"Saturday"},{"$i":"weekday-0-short","$v":"Sun"},{"$i":"weekday-1-short","$v":"Mon"},{"$i":"weekday-2-short","$v":"Tue"},{"$i":"weekday-3-short","$v":"Wed"},{"$i":"weekday-4-short","$v":"Thu"},{"$i":"weekday-5-short","$v":"Fri"},{"$i":"weekday-6-short","$v":"Sat"},{"$i":"month-0-long","$v":"January"},{"$i":"month-1-long","$v":"February"},{"$i":"month-2-long","$v":"March"},{"$i":"month-3-long","$v":"April"},{"$i":"month-4-long","$v":"May"},{"$i":"month-5-long","$v":"June"},{"$i":"month-6-long","$v":"July"},{"$i":"month-7-long","$v":"August"},{"$i":"month-8-long","$v":"September"},{"$i":"month-9-long","$v":"October"},{"$i":"month-10-long","$v":"November"},{"$i":"month-11-long","$v":"December"},{"$i":"month-0-genitive","$v":"January"},{"$i":"month-1-genitive","$v":"February"},{"$i":"month-2-genitive","$v":"March"},{"$i":"month-3-genitive","$v":"April"},{"$i":"month-4-genitive","$v":"May"},{"$i":"month-5-genitive","$v":"June"},{"$i":"month-6-genitive","$v":"July"},{"$i":"month-7-genitive","$v":"August"},{"$i":"month-8-genitive","$v":"September"},{"$i":"month-9-genitive","$v":"October"},{"$i":"month-10-genitive","$v":"November"},{"$i":"month-11-genitive","$v":"December"},{"$i":"month-0-short","$v":"Jan"},{"$i":"month-1-short","$v":"Feb"},{"$i":"month-2-short","$v":"Mar"},{"$i":"month-3-short","$v":"Apr"},{"$i":"month-4-short","$v":"May"},{"$i":"month-5-short","$v":"Jun"},{"$i":"month-6-short","$v":"Jul"},{"$i":"month-7-short","$v":"Aug"},{"$i":"month-8-short","$v":"Sep"},{"$i":"month-9-short","$v":"Oct"},{"$i":"month-10-short","$v":"Nov"},{"$i":"month-11-short","$v":"Dec"},{"$i":"minutes-ago-long","$v":{"few":[{"t":"idOrVar","v":"value"}," minutes ago"],"many":[{"t":"idOrVar","v":"value"}," minutes ago"],"one":"a minute ago","other":[{"t":"idOrVar","v":"value"}," minutes ago"],"two":[{"t":"idOrVar","v":"value"}," minutes ago"],"zero":"just now"},"$x":[{"t":"idOrVar","v":"plural"},"value"]},{"$i":"hours-ago-long","$v":{"few":[{"t":"idOrVar","v":"value"}," hours ago"],"many":[{"t":"idOrVar","v":"value"}," hours ago"],"one":"an hour ago","other":[{"t":"idOrVar","v":"value"}," hours ago"],"two":[{"t":"idOrVar","v":"value"}," hours ago"],"zero":"just now"},"$x":[{"t":"idOrVar","v":"plural"},"value"]},{"$i":"days-ago-long","$v":{"few":[{"t":"idOrVar","v":"value"}," days ago"],"many":[{"t":"idOrVar","v":"value"}," days ago"],"one":"yesterday","other":[{"t":"idOrVar","v":"value"}," days ago"],"two":[{"t":"idOrVar","v":"value"}," days ago"],"zero":"today"},"$x":[{"t":"idOrVar","v":"plural"},"value"]},{"$i":"weeks-ago-long","$v":{"few":[{"t":"idOrVar","v":"value"}," weeks ago"],"many":[{"t":"idOrVar","v":"value"}," weeks ago"],"one":"last week","other":[{"t":"idOrVar","v":"value"}," weeks ago"],"two":[{"t":"idOrVar","v":"value"}," weeks ago"],"zero":"this week"},"$x":[{"t":"idOrVar","v":"plural"},"value"]},{"$i":"months-ago-long","$v":{"few":[{"t":"idOrVar","v":"value"}," months ago"],"many":[{"t":"idOrVar","v":"value"}," months ago"],"one":"last month","other":[{"t":"idOrVar","v":"value"}," months ago"],"two":[{"t":"idOrVar","v":"value"}," months ago"],"zero":"this month"},"$x":[{"t":"idOrVar","v":"plural"},"value"]},{"$i":"years-ago-long","$v":{"few":[{"t":"idOrVar","v":"value"}," years ago"],"many":[{"t":"idOrVar","v":"value"}," years ago"],"one":"last year","other":[{"t":"idOrVar","v":"value"}," years ago"],"two":[{"t":"idOrVar","v":"value"}," years ago"],"zero":"this year"},"$x":[{"t":"idOrVar","v":"plural"},"value"]},{"$i":"minutes-until-long","$v":{"few":["in ",{"t":"idOrVar","v":"value"}," minutes"],"many":["in ",{"t":"idOrVar","v":"value"}," minutes"],"one":"in a minute","other":["in ",{"t":"idOrVar","v":"value"}," minutes"],"two":["in ",{"t":"idOrVar","v":"value"}," minutes"],"zero":"now"},"$x":[{"t":"idOrVar","v":"plural"},"value"]},{"$i":"hours-until-long","$v":{"few":["in ",{"t":"idOrVar","v":"value"}," hours"],"many":["in ",{"t":"idOrVar","v":"value"}," hours"],"one":"in an hour","other":["in ",{"t":"idOrVar","v":"value"}," hours"],"two":["in ",{"t":"idOrVar","v":"value"}," hours"],"zero":"now"},"$x":[{"t":"idOrVar","v":"plural"},"value"]},{"$i":"days-until-long","$v":{"few":["in ",{"t":"idOrVar","v":"value"}," days"],"many":["in ",{"t":"idOrVar","v":"value"}," days"],"one":"tomorrow","other":["in ",{"t":"idOrVar","v":"value"}," days"],"two":["in ",{"t":"idOrVar","v":"value"}," days"],"zero":"today"},"$x":[{"t":"idOrVar","v":"plural"},"value"]},{"$i":"weeks-until-long","$v":{"few":["in ",{"t":"idOrVar","v":"value"}," weeks"],"many":["in ",{"t":"idOrVar","v":"value"}," weeks"],"one":"next week","other":["in ",{"t":"idOrVar","v":"value"}," weeks"],"two":["in ",{"t":"idOrVar","v":"value"}," weeks"],"zero":"this week"},"$x":[{"t":"idOrVar","v":"plural"},"value"]},{"$i":"months-until-long","$v":{"few":["in ",{"t":"idOrVar","v":"value"}," months"],"many":["in ",{"t":"idOrVar","v":"value"}," months"],"one":"next month","other":["in ",{"t":"idOrVar","v":"value"}," months"],"two":["in ",{"t":"idOrVar","v":"value"}," months"],"zero":"this month"},"$x":[{"t":"idOrVar","v":"plural"},"value"]},{"$i":"years-until-long","$v":{"few":["in ",{"t":"idOrVar","v":"value"}," years"],"many":["in ",{"t":"idOrVar","v":"value"}," years"],"one":"next year","other":["in ",{"t":"idOrVar","v":"value"}," years"],"two":["in ",{"t":"idOrVar","v":"value"}," years"],"zero":"this year"},"$x":[{"t":"idOrVar","v":"plural"},"value"]},{"$i":"minutes-ago-short","$v":{"other":[{"t":"idOrVar","v":"value"},"m ago"],"zero":"just now"},"$x":[{"t":"idOrVar","v":"plural"},"value"]},{"$i":"hours-ago-short","$v":{"other":[{"t":"idOrVar","v":"value"},"h ago"],"zero":"just now"},"$x":[{"t":"idOrVar","v":"plural"},"value"]},{"$i":"days-ago-short","$v":{"other":[{"t":"idOrVar","v":"value"},"d ago"],"zero":"today"},"$x":[{"t":"idOrVar","v":"plural"},"value"]},{"$i":"minutes-until-short","$v":{"other":["in ",{"t":"idOrVar","v":"value"},"m"],"zero":"now"},"$x":[{"t":"idOrVar","v":"plural"},"value"]},{"$i":"hours-until-short","$v":{"other":["in ",{"t":"idOrVar","v":"value"},"h"],"zero":"now"},"$x":[{"t":"idOrVar","v":"plural"},"value"]},{"$i":"days-until-short","$v":{"other":["in ",{"t":"idOrVar","v":"value"},"d"],"zero":"today"},"$x":[{"t":"idOrVar","v":"plural"},"value"]},{"$i":"incorrectDate","$v":"(incorrect date)"},{"$i":"dateTimeFormat_%c","$v":"%a %b %e %Y %I:%M:%S %p"},{"$i":"dateTimeFormat_%x","$v":"%m/%d/%Y"},{"$i":"dateTimeFormat_%X","$v":"%I:%M:%S %p"},{"$i":"shortTimeFormat","$v":"%I:%M %p"},{"$i":"shortTimeFormat12","$v":"%I:%M %p"},{"$i":"shortTimeFormat24","$v":"%H:%M"},{"$i":"shortDateTimeFormat","$v":"%x %I:%M %p"},{"$i":"weekStartsOnMonday","$v":"0.0"},{"$i":"firstDayOfTheWeek","$v":"0.0"},{"$i":"time_am","$v":"AM"},{"$i":"time_pm","$v":"PM"},{"$i":"softkey-options","$v":"Options"}]