[{"$i":"done","$v":"Listo"},{"$i":"number-selected2","$v":{"few":[{"t":"idOrVar","v":"n"}," seleccionados"],"many":[{"t":"idOrVar","v":"n"}," seleccionados"],"one":[{"t":"idOrVar","v":"n"}," seleccionado"],"other":[{"t":"idOrVar","v":"n"}," seleccionados"],"two":[{"t":"idOrVar","v":"n"}," seleccionados"],"zero":[{"t":"idOrVar","v":"n"}," seleccionados"]},"$x":[{"t":"idOrVar","v":"plural"},"n"]},{"$i":"delete-n-items?","$v":{"few":["¿Eliminar ",{"t":"idOrVar","v":"n"}," videos?"],"many":["¿Eliminar ",{"t":"idOrVar","v":"n"}," videos?"],"one":"¿Eliminar video seleccionado?","other":["¿Eliminar ",{"t":"idOrVar","v":"n"}," videos?"],"two":["¿Eliminar ",{"t":"idOrVar","v":"n"}," videos?"],"zero":"Nada seleccionado"},"$x":[{"t":"idOrVar","v":"plural"},"n"]},{"$i":"not-load-video-time","$v":"--:--"},{"$i":"video-time-num","$v":["0",{"t":"idOrVar","v":"num"}]},{"$i":"video-time-minute","$v":[{"t":"idOrVar","v":"owe"},{"t":"idOrVar","v":"m"},":",{"t":"idOrVar","v":"s"}]},{"$i":"video-time-hour","$v":[{"t":"idOrVar","v":"owe"},{"t":"idOrVar","v":"h"},":",{"t":"idOrVar","v":"m"},":",{"t":"idOrVar","v":"s"}]},{"$i":"share-noprovider","$v":"Intentar compartir un video a la vez"},{"$i":"videos","$v":"Videos"},{"$i":"cancel","$v":"Cancelar"},{"$i":"delete-video?","$v":"¿Eliminar video seleccionado?"},{"$i":"empty-title","$v":"Añadir videos para comenzar"},{"$i":"empty-text","$v":"No hay videos. Use la cámara para comenzar."},{"$i":"empty-content","$v":"El video está vacío. Utilice la cámara para empezar."},{"$i":"search-title","$v":"Buscando videos..."},{"$i":"search-content","$v":"Buscando videos..."},{"$i":"nocard2-title","$v":"No se encontró la tarjeta de memoria"},{"$i":"nocard3-text","$v":"Insertar una tarjeta de memoria para mirar videos."},{"$i":"pluggedin-title","$v":"El video no puede mirarse mientras está enchufado"},{"$i":"pluggedin-text","$v":"Desenchufe el teléfono para mirar los videos."},{"$i":"upgrade-title","$v":"Actualizar base de datos"},{"$i":"upgrade-text","$v":"Espere mientras el Video actualiza su base de datos."},{"$i":"confirm-delete","$v":"¿Está seguro que desea eliminar?:"},{"$i":"pick-title","$v":"Seleccionar video"},{"$i":"save","$v":"Guardar"},{"$i":"saved","$v":"guardado en Video"},{"$i":"save-failed","$v":"No se ha podido guardar el video; inténtelo de nuevo."},{"$i":"error-network","$v":"El video no puedo descargarse debido a un error de red."},{"$i":"error-unsupported","$v":"No se puede reproducir el video: o bien porque el servidor o la red fallaron o porque el formato no es admitido."},{"$i":"error-unknown","$v":"Ocurrió un error de video desconocido."},{"$i":"video-hardware-in-use-title","$v":"No puede reproducir el video"},{"$i":"video-hardware-in-use-text","$v":"Otra aplicación está usando actualmente el reproductor de video."},{"$i":"overlay-cancel-button","$v":"Cancelar"},{"$i":"overlay-camera-button","$v":"Ir a Cámara"},{"$i":"sd-storage-full-header","$v":"Tarjeta SD llena"},{"$i":"sd-storage-full-content","$v":"Elimine archivos de la tarjeta SD para liberar espacio."},{"$i":"phone-storage-full-header","$v":"El almacenamiento del teléfono está lleno."},{"$i":"phone-storage-full-content","$v":"Elimine archivos multimedia o datos de aplicaciones para liberar espacio. También puede insertar una tarjeta SD para ampliar el almacenamiento multimedia."},{"$i":"name-label","$v":"Nombre"},{"$i":"length-label","$v":"Duración"},{"$i":"size-label","$v":"Tamaño"},{"$i":"video-type-label","$v":"Tipo de video"},{"$i":"date-taken-label","$v":"Fecha tomada"},{"$i":"resolution-label","$v":"Resolución"},{"$i":"close-button","$v":"Cerrar"},{"$i":"byteUnit-B","$v":"Bytes"},{"$i":"byteUnit-KB","$v":"KB"},{"$i":"byteUnit-MB","$v":"MB"},{"$i":"byteUnit-GB","$v":"GB"},{"$i":"byteUnit-TB","$v":"TB"},{"$i":"byteUnit-PB","$v":"PB"},{"$i":"byteUnit-EB","$v":"EB"},{"$i":"byteUnit-ZB","$v":"ZB"},{"$i":"byteUnit-YB","$v":"YB"},{"$i":"date-group-header","$v":"%B %Y"},{"$i":"share","$v":"Compartir"},{"$i":"more-info","$v":"Más información"},{"$i":"delete","$v":"Eliminar"},{"$i":"video-button","ariaLabel":"Video"},{"$i":"select-button","ariaLabel":"Selec."},{"$i":"delete-button","ariaLabel":"Eliminar"},{"$i":"share-button","ariaLabel":"Compartir"},{"$i":"info-view","ariaLabel":"Información"},{"$i":"options-view","ariaLabel":"Opciones"},{"$i":"confirm-dialog","ariaLabel":"Confirmar"},{"$i":"videos-list","ariaLabel":"Videos"},{"$i":"options-more","ariaLabel":"Más"},{"$i":"seek-backward","ariaLabel":"Buscar hacia atrás"},{"$i":"seek-bar","ariaLabel":["Buscar barra, duración ",{"t":"idOrVar","v":"duration"}]},{"$i":"seek-forward","ariaLabel":"Buscar hacia adelante"},{"$i":"play-button","ariaLabel":"Reproducir"},{"$i":"pause-button","ariaLabel":"Pausa"},{"$i":"fullscreen-button","ariaLabel":"Pantalla completa"},{"$i":"show-controls-button","ariaLabel":"Mostrar controles"},{"$i":"hide-controls-button","ariaLabel":"Ocultar controles"},{"$i":"confirmation-title","$v":"Confirmación"},{"$i":"n-video-deleted","$v":{"few":[{"t":"idOrVar","v":"n"}," videos eliminados"],"many":[{"t":"idOrVar","v":"n"}," videos eliminados"],"one":"Video eliminado","other":[{"t":"idOrVar","v":"n"}," videos eliminados"],"two":[{"t":"idOrVar","v":"n"}," videos eliminados"],"zero":"Nada seleccionado"},"$x":[{"t":"idOrVar","v":"plural"},"n"]},{"$i":"rename-saved","$v":"Cambios guardados"},{"$i":"confirm-video","$v":"Video"},{"$i":"confirm-ok","$v":"OK"},{"$i":"options-header","$v":"Opciones"},{"$i":"video-invalid-name","$v":"Nombre inválido"},{"$i":"name-already-exists","$v":"Este nombre ya existe."},{"$i":"override-warning-msg","$v":"¿Le gustaría anular un archivo existente?"},{"$i":"override","$v":"Anular"},{"$i":"opt-takevideo","$v":"Cámara"},{"$i":"select","$v":"Selec."},{"$i":"opt-deselect","$v":"Desmarcar"},{"$i":"opt-delete","$v":"Eliminar"},{"$i":"opt-rename","$v":"Volver a nombrar"},{"$i":"opt-selectmultiple","$v":"Seleccionar múltiple"},{"$i":"opt-fileinfo","$v":"Información del archivo"},{"$i":"opt-selectall","$v":"Todos"},{"$i":"opt-deselectall","$v":"Ninguno"},{"$i":"opt-fullscreen","$v":"Pantalla completa"},{"$i":"opt-play","$v":"Reproducir"},{"$i":"opt-pause","$v":"Pausa"},{"$i":"opt-volume","$v":"Volumen"},{"$i":"opt-rotate","$v":"Rotar"},{"$i":"opt-cancel","$v":"Cancelar"},{"$i":"opt-settings","$v":"Ajustes"},{"$i":"weekday-0-long","$v":"Domingo"},{"$i":"weekday-1-long","$v":"Lunes"},{"$i":"weekday-2-long","$v":"Martes"},{"$i":"weekday-3-long","$v":"Miércoles"},{"$i":"weekday-4-long","$v":"Jueves"},{"$i":"weekday-5-long","$v":"Viernes"},{"$i":"weekday-6-long","$v":"Sábado"},{"$i":"weekday-0-short","$v":"dom."},{"$i":"weekday-1-short","$v":"lun."},{"$i":"weekday-2-short","$v":"mar."},{"$i":"weekday-3-short","$v":"mié."},{"$i":"weekday-4-short","$v":"jue."},{"$i":"weekday-5-short","$v":"vie."},{"$i":"weekday-6-short","$v":"sáb."},{"$i":"month-0-long","$v":"Enero"},{"$i":"month-1-long","$v":"Febrero"},{"$i":"month-2-long","$v":"Marzo"},{"$i":"month-3-long","$v":"Abril"},{"$i":"month-4-long","$v":"Mayo"},{"$i":"month-5-long","$v":"Junio"},{"$i":"month-6-long","$v":"Julio"},{"$i":"month-7-long","$v":"Agosto"},{"$i":"month-8-long","$v":"Septiembre"},{"$i":"month-9-long","$v":"Octubre"},{"$i":"month-10-long","$v":"Noviembre"},{"$i":"month-11-long","$v":"Diciembre"},{"$i":"month-0-genitive","$v":"Enero"},{"$i":"month-1-genitive","$v":"Febrero"},{"$i":"month-2-genitive","$v":"Marzo"},{"$i":"month-3-genitive","$v":"Abril"},{"$i":"month-4-genitive","$v":"Mayo"},{"$i":"month-5-genitive","$v":"Junio"},{"$i":"month-6-genitive","$v":"Julio"},{"$i":"month-7-genitive","$v":"Agosto"},{"$i":"month-8-genitive","$v":"Septiembre"},{"$i":"month-9-genitive","$v":"Octubre"},{"$i":"month-10-genitive","$v":"Noviembre"},{"$i":"month-11-genitive","$v":"Diciembre"},{"$i":"month-0-short","$v":"Ene"},{"$i":"month-1-short","$v":"Feb"},{"$i":"month-2-short","$v":"Mar"},{"$i":"month-3-short","$v":"Abr"},{"$i":"month-4-short","$v":"May"},{"$i":"month-5-short","$v":"Jun"},{"$i":"month-6-short","$v":"Jul"},{"$i":"month-7-short","$v":"Ago"},{"$i":"month-8-short","$v":"Sep"},{"$i":"month-9-short","$v":"Oct"},{"$i":"month-10-short","$v":"Nov"},{"$i":"month-11-short","$v":"Dec"},{"$i":"minutes-ago-long","$v":{"few":["hace ",{"t":"idOrVar","v":"value"}," minutos"],"many":["hace ",{"t":"idOrVar","v":"value"}," minutos"],"one":"hace un minuto","other":["hace ",{"t":"idOrVar","v":"value"}," minutos"],"two":["hace ",{"t":"idOrVar","v":"value"}," minutos"],"zero":"recién"},"$x":[{"t":"idOrVar","v":"plural"},"value"]},{"$i":"hours-ago-long","$v":{"few":["hace ",{"t":"idOrVar","v":"value"}," horas"],"many":["hace ",{"t":"idOrVar","v":"value"}," horas"],"one":"hace una hora","other":["hace ",{"t":"idOrVar","v":"value"}," horas"],"two":["hace ",{"t":"idOrVar","v":"value"}," horas"],"zero":"recién"},"$x":[{"t":"idOrVar","v":"plural"},"value"]},{"$i":"days-ago-long","$v":{"few":["hace ",{"t":"idOrVar","v":"value"}," días"],"many":["hace ",{"t":"idOrVar","v":"value"}," días"],"one":"ayer","other":["hace ",{"t":"idOrVar","v":"value"}," días"],"two":["hace ",{"t":"idOrVar","v":"value"}," días"],"zero":"hoy"},"$x":[{"t":"idOrVar","v":"plural"},"value"]},{"$i":"weeks-ago-long","$v":{"few":["hace ",{"t":"idOrVar","v":"value"}," semanas"],"many":["hace ",{"t":"idOrVar","v":"value"}," semanas"],"one":"la semana pasada","other":["hace ",{"t":"idOrVar","v":"value"}," semanas"],"two":["hace ",{"t":"idOrVar","v":"value"}," semanas"],"zero":"esta semana"},"$x":[{"t":"idOrVar","v":"plural"},"value"]},{"$i":"months-ago-long","$v":{"few":["hace ",{"t":"idOrVar","v":"value"}," meses"],"many":["hace ",{"t":"idOrVar","v":"value"}," meses"],"one":"el último mes","other":["hace ",{"t":"idOrVar","v":"value"}," meses"],"two":["hace ",{"t":"idOrVar","v":"value"}," meses"],"zero":"este mes"},"$x":[{"t":"idOrVar","v":"plural"},"value"]},{"$i":"years-ago-long","$v":{"few":["hace ",{"t":"idOrVar","v":"value"}," años"],"many":["hace ",{"t":"idOrVar","v":"value"}," años"],"one":"el año pasado","other":["hace ",{"t":"idOrVar","v":"value"}," años"],"two":["hace ",{"t":"idOrVar","v":"value"}," años"],"zero":"este año"},"$x":[{"t":"idOrVar","v":"plural"},"value"]},{"$i":"minutes-until-long","$v":{"few":["en ",{"t":"idOrVar","v":"value"}," minutos"],"many":["en ",{"t":"idOrVar","v":"value"}," minutos"],"one":"en un minuto","other":["en ",{"t":"idOrVar","v":"value"}," minutos"],"two":["en ",{"t":"idOrVar","v":"value"}," minutos"],"zero":"ahora"},"$x":[{"t":"idOrVar","v":"plural"},"value"]},{"$i":"hours-until-long","$v":{"few":["en ",{"t":"idOrVar","v":"value"}," horas"],"many":["en ",{"t":"idOrVar","v":"value"}," horas"],"one":"en una hora","other":["en ",{"t":"idOrVar","v":"value"}," horas"],"two":["en ",{"t":"idOrVar","v":"value"}," horas"],"zero":"ahora"},"$x":[{"t":"idOrVar","v":"plural"},"value"]},{"$i":"days-until-long","$v":{"few":["en ",{"t":"idOrVar","v":"value"}," días"],"many":["en ",{"t":"idOrVar","v":"value"}," días"],"one":"mañana","other":["en ",{"t":"idOrVar","v":"value"}," días"],"two":["en ",{"t":"idOrVar","v":"value"}," días"],"zero":"hoy"},"$x":[{"t":"idOrVar","v":"plural"},"value"]},{"$i":"weeks-until-long","$v":{"few":["en ",{"t":"idOrVar","v":"value"}," semanas"],"many":["en ",{"t":"idOrVar","v":"value"}," semanas"],"one":"la semana que viene","other":["en ",{"t":"idOrVar","v":"value"}," semanas"],"two":["en ",{"t":"idOrVar","v":"value"}," semanas"],"zero":"esta semana"},"$x":[{"t":"idOrVar","v":"plural"},"value"]},{"$i":"months-until-long","$v":{"few":["en ",{"t":"idOrVar","v":"value"}," meses"],"many":["en ",{"t":"idOrVar","v":"value"}," meses"],"one":"el próximo mes","other":["en ",{"t":"idOrVar","v":"value"}," meses"],"two":["en ",{"t":"idOrVar","v":"value"}," meses"],"zero":"este mes"},"$x":[{"t":"idOrVar","v":"plural"},"value"]},{"$i":"years-until-long","$v":{"few":["en ",{"t":"idOrVar","v":"value"}," años"],"many":["en ",{"t":"idOrVar","v":"value"}," años"],"one":"el próximo año","other":["en ",{"t":"idOrVar","v":"value"}," años"],"two":["en ",{"t":"idOrVar","v":"value"}," años"],"zero":"este año"},"$x":[{"t":"idOrVar","v":"plural"},"value"]},{"$i":"minutes-ago-short","$v":{"other":["hace ",{"t":"idOrVar","v":"value"},"m"],"zero":"recién"},"$x":[{"t":"idOrVar","v":"plural"},"value"]},{"$i":"hours-ago-short","$v":{"other":["hace ",{"t":"idOrVar","v":"value"},"h"],"zero":"recién"},"$x":[{"t":"idOrVar","v":"plural"},"value"]},{"$i":"days-ago-short","$v":{"other":["hace ",{"t":"idOrVar","v":"value"},"d"],"zero":"hoy"},"$x":[{"t":"idOrVar","v":"plural"},"value"]},{"$i":"minutes-until-short","$v":{"other":["en ",{"t":"idOrVar","v":"value"},"m"],"zero":"ahora"},"$x":[{"t":"idOrVar","v":"plural"},"value"]},{"$i":"hours-until-short","$v":{"other":["en ",{"t":"idOrVar","v":"value"},"h"],"zero":"ahora"},"$x":[{"t":"idOrVar","v":"plural"},"value"]},{"$i":"days-until-short","$v":{"other":["en ",{"t":"idOrVar","v":"value"},"d"],"zero":"hoy"},"$x":[{"t":"idOrVar","v":"plural"},"value"]},{"$i":"incorrectDate","$v":"(fecha incorrecta)"},{"$i":"dateTimeFormat_%c","$v":"%a %b %e %Y %I:%M:%S %p"},{"$i":"dateTimeFormat_%x","$v":"%d/%m/%Y"},{"$i":"dateTimeFormat_%X","$v":"%I:%M:%S %p"},{"$i":"shortTimeFormat","$v":"%I:%M %p"},{"$i":"shortTimeFormat12","$v":"%I:%M %p"},{"$i":"shortTimeFormat24","$v":"%H:%M"},{"$i":"shortDateTimeFormat","$v":"%x %I:%M %p"},{"$i":"weekStartsOnMonday","$v":"0.0"},{"$i":"firstDayOfTheWeek","$v":"0.0"},{"$i":"time_am","$v":"AM"},{"$i":"time_pm","$v":"PM"},{"$i":"softkey-options","$v":"Opciones"}]