[{"$i":"done","$v":"انجام شد"},{"$i":"number-selected2","$v":{"few":[{"t":"idOrVar","v":"n"}," انتخاب شد"],"many":[{"t":"idOrVar","v":"n"}," انتخاب شد"],"one":[{"t":"idOrVar","v":"n"}," انتخاب شد"],"other":[{"t":"idOrVar","v":"n"}," انتخاب شد"],"two":[{"t":"idOrVar","v":"n"}," انتخاب شد"],"zero":[{"t":"idOrVar","v":"n"}," انتخاب شد"]},"$x":[{"t":"idOrVar","v":"plural"},"n"]},{"$i":"delete-n-items?","$v":{"few":["حذف ",{"t":"idOrVar","v":"n"}," ویدیو؟"],"many":["حذف ",{"t":"idOrVar","v":"n"}," ویدیو؟"],"one":"حذف ویدیوی انتخابی؟","other":["حذف ",{"t":"idOrVar","v":"n"}," ویدیو؟"],"two":["حذف ",{"t":"idOrVar","v":"n"}," ویدیو؟"],"zero":"موردی انتخاب نشد"},"$x":[{"t":"idOrVar","v":"plural"},"n"]},{"$i":"not-load-video-time","$v":"--:--"},{"$i":"video-time-num","$v":["0",{"t":"idOrVar","v":"num"}]},{"$i":"video-time-minute","$v":[{"t":"idOrVar","v":"owe"},{"t":"idOrVar","v":"m"},":",{"t":"idOrVar","v":"s"}]},{"$i":"video-time-hour","$v":[{"t":"idOrVar","v":"owe"},{"t":"idOrVar","v":"h"},":",{"t":"idOrVar","v":"m"},":",{"t":"idOrVar","v":"s"}]},{"$i":"share-noprovider","$v":"هر بار یک ویدیو به اشتراک بگذارید."},{"$i":"videos","$v":"وبدیوها"},{"$i":"cancel","$v":"لغو کردن"},{"$i":"delete-video?","$v":"حذف ویدیوی انتخابی؟"},{"$i":"empty-title","$v":"افزودن ویدیوها برای شروع به کار"},{"$i":"empty-text","$v":"ویدیویی موجود نیست"},{"$i":"empty-content","$v":"ویدیو خالی است. از دوربین برای شروع به کار استفاده کنید."},{"$i":"search-title","$v":"درحال اسکن کردن برای ویدیوها..."},{"$i":"search-content","$v":"درحال اسکن کردن برای ویدیوها..."},{"$i":"nocard2-title","$v":"کارت حافظه یافت نشد"},{"$i":"nocard3-text","$v":"کارت حافظه یافت نشد. لطفاً برای گرفتن ویدیوها یک کارت حافظه وارد کنید."},{"$i":"pluggedin-title","$v":"زمان اتصال، ویدیو قابل تماشا کردن نیست"},{"$i":"pluggedin-text","$v":"حافظه در حال حاضر در حال استفاده است. لطفاً برای گرفتن ویدیو، تلفن را جدا کنید."},{"$i":"upgrade-title","$v":"ارتقای پایگاه داده"},{"$i":"upgrade-text","$v":"لطفاً زمانی که ویدیو پایگاه داده خود را به روزرسانی می کند منتظر بمانید."},{"$i":"confirm-delete","$v":"مطمئنيد که می خواهيد حذف کنید:"},{"$i":"pick-title","$v":"انتخاب يک ويديو"},{"$i":"save","$v":"ذخيره"},{"$i":"saved","$v":"در کتابخانه ویدیو ذخیره شد."},{"$i":"save-failed","$v":"نمی توانید ویدیو را ذخیره کنید، لطفاً دوباره امتحان کنید."},{"$i":"error-network","$v":"ویدیو دانلود نمی شود چون خطای شبکه وجود دارد."},{"$i":"error-unsupported","$v":"ویدیو پخش نمی شود: چون سرور یا شبکه مشکل دارند یا فرمت پشتیبانی نمی شود."},{"$i":"error-unknown","$v":"خطای ویدیوی ناشناخته ای روی داد."},{"$i":"video-hardware-in-use-title","$v":"ویدیو پخش نمی شود"},{"$i":"video-hardware-in-use-text","$v":"برنامه دیگری در حال حاضر از پخش کننده ویدیو استفاده می کند."},{"$i":"overlay-cancel-button","$v":"لغو کردن"},{"$i":"overlay-camera-button","$v":"رفتن به دوربین"},{"$i":"sd-storage-full-header","$v":"کارت SD پر است"},{"$i":"sd-storage-full-content","$v":"فایل های روی کارت SD را حذف کنید تا فضا آزاد شود."},{"$i":"phone-storage-full-header","$v":"حافظه تلفن پر است."},{"$i":"phone-storage-full-content","$v":"فایل های رسانه یا داده برنامه را حذف کنید تا فضا آزاد شود. همینطور می توانید یک کارت SD برای افزایش فضای حافظه رسانه وارد کنید."},{"$i":"name-label","$v":"نام"},{"$i":"length-label","$v":"طول"},{"$i":"size-label","$v":"اندازه"},{"$i":"video-type-label","$v":"نوع ویدیو"},{"$i":"date-taken-label","$v":"تاریخ گرفته شده"},{"$i":"resolution-label","$v":"وضوح"},{"$i":"close-button","$v":"بستن"},{"$i":"byteUnit-B","$v":"بایت"},{"$i":"byteUnit-KB","$v":"کیلوبایت"},{"$i":"byteUnit-MB","$v":"مگابایت"},{"$i":"byteUnit-GB","$v":"گیگابایت"},{"$i":"byteUnit-TB","$v":"ترابایت"},{"$i":"byteUnit-PB","$v":"پتابایت"},{"$i":"byteUnit-EB","$v":"اگزابایت"},{"$i":"byteUnit-ZB","$v":"زتابایت"},{"$i":"byteUnit-YB","$v":"یوتابایت"},{"$i":"date-group-header","$v":"%B %Y"},{"$i":"share","$v":"اشتراک"},{"$i":"more-info","$v":"اطلاعات بیشتر"},{"$i":"delete","$v":"حذف"},{"$i":"video-button","ariaLabel":"ويديو"},{"$i":"select-button","ariaLabel":"انتخاب"},{"$i":"delete-button","ariaLabel":"حذف"},{"$i":"share-button","ariaLabel":"اشتراک"},{"$i":"info-view","ariaLabel":"اطلاعات"},{"$i":"options-view","ariaLabel":"گزینه ها"},{"$i":"confirm-dialog","ariaLabel":"تأیید"},{"$i":"videos-list","ariaLabel":"وبدیوها"},{"$i":"options-more","ariaLabel":"بيشتر"},{"$i":"seek-backward","ariaLabel":"جستجو به عقب"},{"$i":"seek-bar","ariaLabel":["نوار جستجو، مدت ",{"t":"idOrVar","v":"duration"}]},{"$i":"seek-forward","ariaLabel":"جستجو به جلو"},{"$i":"play-button","ariaLabel":"پخش"},{"$i":"pause-button","ariaLabel":"توقف موقت"},{"$i":"fullscreen-button","ariaLabel":"تمام صفحه"},{"$i":"show-controls-button","ariaLabel":"نمایش کنترل ها"},{"$i":"hide-controls-button","ariaLabel":"مخفی کردن کنترل ها"},{"$i":"confirmation-title","$v":"تأييد"},{"$i":"n-video-deleted","$v":{"few":[{"t":"idOrVar","v":"n"}," ویدیو حذف شد"],"many":[{"t":"idOrVar","v":"n"}," ویدیو حذف شد"],"one":"ویدیو حذف شد","other":[{"t":"idOrVar","v":"n"}," ویدیو حذف شد"],"two":[{"t":"idOrVar","v":"n"}," ویدیو حذف شد"],"zero":"موردی انتخاب نشد"},"$x":[{"t":"idOrVar","v":"plural"},"n"]},{"$i":"rename-saved","$v":"تغییرات ذخیره شد"},{"$i":"confirm-video","$v":"ويديو"},{"$i":"confirm-ok","$v":"تأیید"},{"$i":"options-header","$v":"گزینه ها"},{"$i":"video-invalid-name","$v":"نام نامعتبر"},{"$i":"name-already-exists","$v":"این نام از قبل موجود است"},{"$i":"override-warning-msg","$v":"می خواهید فایل موجود را لغو بگیرید؟"},{"$i":"override","$v":"لغو کردن"},{"$i":"opt-takevideo","$v":"دوربين"},{"$i":"select","$v":"انتخاب"},{"$i":"opt-deselect","$v":"عدم انتخاب"},{"$i":"opt-delete","$v":"حذف"},{"$i":"opt-rename","$v":"تغيير نام"},{"$i":"opt-selectmultiple","$v":"انتخاب چندگانه"},{"$i":"opt-fileinfo","$v":"اطلاعات فایل"},{"$i":"opt-selectall","$v":"همه"},{"$i":"opt-deselectall","$v":"هيچكدام"},{"$i":"opt-fullscreen","$v":"تمام صفحه"},{"$i":"opt-play","$v":"پخش"},{"$i":"opt-pause","$v":"توقف موقت"},{"$i":"opt-volume","$v":"ميزان صدا"},{"$i":"opt-rotate","$v":"چرخش"},{"$i":"opt-cancel","$v":"لغو کردن"},{"$i":"opt-settings","$v":"تنظیمات"},{"$i":"weekday-0-long","$v":"يكشنبه"},{"$i":"weekday-1-long","$v":"دوشنبه"},{"$i":"weekday-2-long","$v":"سه شنبه"},{"$i":"weekday-3-long","$v":"چهارشنبه"},{"$i":"weekday-4-long","$v":"پنج شنبه"},{"$i":"weekday-5-long","$v":"جمعه"},{"$i":"weekday-6-long","$v":"شنبه"},{"$i":"weekday-0-short","$v":"یکشنبه"},{"$i":"weekday-1-short","$v":"دوشنبه"},{"$i":"weekday-2-short","$v":"سه شنبه"},{"$i":"weekday-3-short","$v":"چهارشنبه"},{"$i":"weekday-4-short","$v":"پنج شنبه"},{"$i":"weekday-5-short","$v":"جمعه"},{"$i":"weekday-6-short","$v":"شنبه"},{"$i":"month-0-long","$v":"ژانویه"},{"$i":"month-1-long","$v":"فوریه"},{"$i":"month-2-long","$v":"مارس"},{"$i":"month-3-long","$v":"آوریل"},{"$i":"month-4-long","$v":"مه"},{"$i":"month-5-long","$v":"ژوئن"},{"$i":"month-6-long","$v":"ژوئیه"},{"$i":"month-7-long","$v":"اوت"},{"$i":"month-8-long","$v":"سپتامبر"},{"$i":"month-9-long","$v":"اکتبر"},{"$i":"month-10-long","$v":"نوامبر"},{"$i":"month-11-long","$v":"دسامبر"},{"$i":"month-0-genitive","$v":"ژانویه"},{"$i":"month-1-genitive","$v":"فوریه"},{"$i":"month-2-genitive","$v":"مارس"},{"$i":"month-3-genitive","$v":"آوریل"},{"$i":"month-4-genitive","$v":"مه"},{"$i":"month-5-genitive","$v":"ژوئن"},{"$i":"month-6-genitive","$v":"ژوئیه"},{"$i":"month-7-genitive","$v":"اوت"},{"$i":"month-8-genitive","$v":"سپتامبر"},{"$i":"month-9-genitive","$v":"اکتبر"},{"$i":"month-10-genitive","$v":"نوامبر"},{"$i":"month-11-genitive","$v":"دسامبر"},{"$i":"month-0-short","$v":"ژانويه"},{"$i":"month-1-short","$v":"فوريه"},{"$i":"month-2-short","$v":"مارس"},{"$i":"month-3-short","$v":"آوريل"},{"$i":"month-4-short","$v":"مه"},{"$i":"month-5-short","$v":"ژوئن"},{"$i":"month-6-short","$v":"ژوئيه"},{"$i":"month-7-short","$v":"اوت"},{"$i":"month-8-short","$v":"سپتامبر"},{"$i":"month-9-short","$v":"اكتبر"},{"$i":"month-10-short","$v":"نوامبر"},{"$i":"month-11-short","$v":"دسامبر"},{"$i":"minutes-ago-long","$v":{"few":[{"t":"idOrVar","v":"value"}," دقیقه قبل"],"many":[{"t":"idOrVar","v":"value"}," دقیقه قبل"],"one":"یک دقيقه قبل","other":[{"t":"idOrVar","v":"value"}," دقیقه قبل"],"two":[{"t":"idOrVar","v":"value"}," دقیقه قبل"],"zero":"درست اکنون"},"$x":[{"t":"idOrVar","v":"plural"},"value"]},{"$i":"hours-ago-long","$v":{"few":[{"t":"idOrVar","v":"value"}," ساعت قبل"],"many":[{"t":"idOrVar","v":"value"}," ساعت قبل"],"one":"یک ساعت قبل","other":[{"t":"idOrVar","v":"value"}," ساعت قبل"],"two":[{"t":"idOrVar","v":"value"}," ساعت قبل"],"zero":"درست اکنون"},"$x":[{"t":"idOrVar","v":"plural"},"value"]},{"$i":"days-ago-long","$v":{"few":[{"t":"idOrVar","v":"value"}," روز قبل"],"many":[{"t":"idOrVar","v":"value"}," روز قبل"],"one":"دیروز","other":[{"t":"idOrVar","v":"value"}," روز قبل"],"two":[{"t":"idOrVar","v":"value"}," روز قبل"],"zero":"امروز"},"$x":[{"t":"idOrVar","v":"plural"},"value"]},{"$i":"weeks-ago-long","$v":{"few":[{"t":"idOrVar","v":"value"}," هفته قبل"],"many":[{"t":"idOrVar","v":"value"}," هفته قبل"],"one":"هفته قبل","other":[{"t":"idOrVar","v":"value"}," هفته قبل"],"two":[{"t":"idOrVar","v":"value"}," هفته قبل"],"zero":"این هفته"},"$x":[{"t":"idOrVar","v":"plural"},"value"]},{"$i":"months-ago-long","$v":{"few":[{"t":"idOrVar","v":"value"}," ماه قبل"],"many":[{"t":"idOrVar","v":"value"}," ماه قبل"],"one":"ماه قبل","other":[{"t":"idOrVar","v":"value"}," ماه قبل"],"two":[{"t":"idOrVar","v":"value"}," ماه قبل"],"zero":"این ماه"},"$x":[{"t":"idOrVar","v":"plural"},"value"]},{"$i":"years-ago-long","$v":{"few":[{"t":"idOrVar","v":"value"}," سال قبل"],"many":[{"t":"idOrVar","v":"value"}," سال قبل"],"one":"سال قبل","other":[{"t":"idOrVar","v":"value"}," سال قبل"],"two":[{"t":"idOrVar","v":"value"}," سال قبل"],"zero":"امسال"},"$x":[{"t":"idOrVar","v":"plural"},"value"]},{"$i":"minutes-until-long","$v":{"few":"در {value}} دقیقه","many":"در {value}} دقیقه","one":"در یک دقیقه","other":"در {value}} دقیقه","two":"در {value}} دقیقه","zero":"اکنون"},"$x":[{"t":"idOrVar","v":"plural"},"value"]},{"$i":"hours-until-long","$v":{"few":"در {value}} ساعت","many":"در {value}} ساعت","one":"در یک ساعت","other":"در {value}} ساعت","two":"در {value}} ساعت","zero":"اکنون"},"$x":[{"t":"idOrVar","v":"plural"},"value"]},{"$i":"days-until-long","$v":{"few":["در ",{"t":"idOrVar","v":"value"}," روز"],"many":["در ",{"t":"idOrVar","v":"value"}," روز"],"one":"فردا","other":["در ",{"t":"idOrVar","v":"value"}," روز"],"two":["در ",{"t":"idOrVar","v":"value"}," روز"],"zero":"امروز"},"$x":[{"t":"idOrVar","v":"plural"},"value"]},{"$i":"weeks-until-long","$v":{"few":["در ",{"t":"idOrVar","v":"value"}," هفته"],"many":["در ",{"t":"idOrVar","v":"value"}," هفته"],"one":"هفته بعد","other":["در ",{"t":"idOrVar","v":"value"}," هفته"],"two":["در ",{"t":"idOrVar","v":"value"}," هفته"],"zero":"این هفته"},"$x":[{"t":"idOrVar","v":"plural"},"value"]},{"$i":"months-until-long","$v":{"few":["در ",{"t":"idOrVar","v":"value"}," ماه"],"many":["در ",{"t":"idOrVar","v":"value"}," ماه"],"one":"ماه بعد","other":["در ",{"t":"idOrVar","v":"value"}," ماه"],"two":["در ",{"t":"idOrVar","v":"value"}," ماه"],"zero":"این ماه"},"$x":[{"t":"idOrVar","v":"plural"},"value"]},{"$i":"years-until-long","$v":{"few":["در ",{"t":"idOrVar","v":"value"}," سال"],"many":["در ",{"t":"idOrVar","v":"value"}," سال"],"one":"سال بعد","other":["در ",{"t":"idOrVar","v":"value"}," سال"],"two":["در ",{"t":"idOrVar","v":"value"}," سال"],"zero":"امسال"},"$x":[{"t":"idOrVar","v":"plural"},"value"]},{"$i":"minutes-ago-short","$v":{"other":[{"t":"idOrVar","v":"value"},"دقیقه قبل"],"zero":"درست اکنون"},"$x":[{"t":"idOrVar","v":"plural"},"value"]},{"$i":"hours-ago-short","$v":{"other":[{"t":"idOrVar","v":"value"}," ساعت قبل"],"zero":"درست اکنون"},"$x":[{"t":"idOrVar","v":"plural"},"value"]},{"$i":"days-ago-short","$v":{"other":[{"t":"idOrVar","v":"value"}," روز قبل"],"zero":"امروز"},"$x":[{"t":"idOrVar","v":"plural"},"value"]},{"$i":"minutes-until-short","$v":{"other":"در {value}} دقیقه","zero":"اکنون"},"$x":[{"t":"idOrVar","v":"plural"},"value"]},{"$i":"hours-until-short","$v":{"other":"در {value}} ساعت","zero":"اکنون"},"$x":[{"t":"idOrVar","v":"plural"},"value"]},{"$i":"days-until-short","$v":{"other":"در {value}} روز","zero":"امروز"},"$x":[{"t":"idOrVar","v":"plural"},"value"]},{"$i":"incorrectDate","$v":"(تاریخ نادرست)"},{"$i":"dateTimeFormat_%c","$v":"%a %b %e %Y %I:%M:%S %p"},{"$i":"dateTimeFormat_%x","$v":"%m/%d/%Y"},{"$i":"dateTimeFormat_%X","$v":"%I:%M:%S %p"},{"$i":"shortTimeFormat","$v":"%I:%M %p"},{"$i":"shortTimeFormat12","$v":"%I:%M %p"},{"$i":"shortTimeFormat24","$v":"%H:%M"},{"$i":"shortDateTimeFormat","$v":"%x %I:%M %p"},{"$i":"weekStartsOnMonday","$v":"0.0"},{"$i":"firstDayOfTheWeek","$v":"0.0"},{"$i":"time_am","$v":"ب.ظ"},{"$i":"time_pm","$v":"ق.ظ"},{"$i":"softkey-options","$v":"گزینه ها"}]