[{"$i":"done","$v":"Tapos na"},{"$i":"number-selected2","$v":{"few":[{"t":"idOrVar","v":"n"}," ang napili"],"many":[{"t":"idOrVar","v":"n"}," ang napili"],"one":[{"t":"idOrVar","v":"n"}," ang napili"],"other":[{"t":"idOrVar","v":"n"}," ang napili"],"two":[{"t":"idOrVar","v":"n"}," ang napili"],"zero":[{"t":"idOrVar","v":"n"}," ang napili"]},"$x":[{"t":"idOrVar","v":"plural"},"n"]},{"$i":"delete-n-items?","$v":{"few":["I-delete ang ",{"t":"idOrVar","v":"n"}," (na) video?"],"many":["I-delete ang ",{"t":"idOrVar","v":"n"}," (na) video?"],"one":"I-delete ang napiling video?","other":["I-delete ang ",{"t":"idOrVar","v":"n"}," (na) video?"],"two":["I-delete ang ",{"t":"idOrVar","v":"n"}," (na) video?"],"zero":"Walang napili"},"$x":[{"t":"idOrVar","v":"plural"},"n"]},{"$i":"not-load-video-time","$v":"--:--"},{"$i":"video-time-num","$v":["0",{"t":"idOrVar","v":"num"}]},{"$i":"video-time-minute","$v":[{"t":"idOrVar","v":"owe"},{"t":"idOrVar","v":"m"},":",{"t":"idOrVar","v":"s"}]},{"$i":"video-time-hour","$v":[{"t":"idOrVar","v":"owe"},{"t":"idOrVar","v":"h"},":",{"t":"idOrVar","v":"m"},":",{"t":"idOrVar","v":"s"}]},{"$i":"share-noprovider","$v":"Subukang magbahagi ng paisa-isang video."},{"$i":"videos","$v":"Mga Video"},{"$i":"cancel","$v":"Kanselahin"},{"$i":"delete-video?","$v":"I-delete ang napiling video?"},{"$i":"empty-title","$v":"Magdagdag ng mga video upang magsimula"},{"$i":"empty-text","$v":"Walang available na video."},{"$i":"empty-content","$v":"Walang laman ang Video. Gamitin ang camera upang magsimula."},{"$i":"search-title","$v":"Sina-scan"},{"$i":"search-content","$v":"Sina-scan"},{"$i":"nocard2-title","$v":"Walang nakitang memory card"},{"$i":"nocard3-text","$v":"Hindi nakita ang memory card. Magpasok ng memory card upang makakuha ng mga video."},{"$i":"pluggedin-title","$v":"Hindi mape-play ang video habang naka-plug in"},{"$i":"pluggedin-text","$v":"Kasalukuyang ginagamit ang storage. Paki-unplug ang telepono upang makakuha ng mga video."},{"$i":"upgrade-title","$v":"Pag-upgrade ng Database"},{"$i":"upgrade-text","$v":"Maghintay habang ina-update ng Video ang database nito."},{"$i":"confirm-delete","$v":"Sigurado ka bang gusto mong i-delete ang:"},{"$i":"pick-title","$v":"Pumili ng video"},{"$i":"save","$v":"I-save"},{"$i":"saved","$v":"na-save sa library ng Video."},{"$i":"save-failed","$v":"Hindi ma-save ang video, pakisubukang muli."},{"$i":"error-network","$v":"Hindi mada-download ang video dahil nagkaroon ng error sa network."},{"$i":"error-unsupported","$v":"Hindi mape-play ang video: maaaring dahil pumalya ang server o network o dahil hindi sinusuportahan ang format."},{"$i":"error-unknown","$v":"Nagkaroon ng hindi matukoy na error sa video."},{"$i":"video-hardware-in-use-title","$v":"Hindi ma-play ang video"},{"$i":"video-hardware-in-use-text","$v":"May ibang app na kasalukuyang gumagamit sa video player."},{"$i":"overlay-cancel-button","$v":"Kanselahin"},{"$i":"overlay-camera-button","$v":"Pumunta sa Camera"},{"$i":"sd-storage-full-header","$v":"Puno ang SD card."},{"$i":"sd-storage-full-content","$v":"I-delete ang mga file sa SD card para magbakante ng espasyo."},{"$i":"phone-storage-full-header","$v":"Puno ang storage ng telepono."},{"$i":"phone-storage-full-content","$v":"Mag-delete ng mga media file o application data para magbakante ng espasyo. Maaari ka ring maglagay ng SD card para palakihin ang media storage."},{"$i":"name-label","$v":"Pangalan"},{"$i":"length-label","$v":"Haba"},{"$i":"size-label","$v":"Laki"},{"$i":"video-type-label","$v":"Uri ng Video"},{"$i":"date-taken-label","$v":"Petsa ng Pagkuha"},{"$i":"resolution-label","$v":"Resolution"},{"$i":"close-button","$v":"Isara"},{"$i":"byteUnit-B","$v":"Bytes"},{"$i":"byteUnit-KB","$v":"KB"},{"$i":"byteUnit-MB","$v":"MB"},{"$i":"byteUnit-GB","$v":"GB"},{"$i":"byteUnit-TB","$v":"TB"},{"$i":"byteUnit-PB","$v":"PB"},{"$i":"byteUnit-EB","$v":"EB"},{"$i":"byteUnit-ZB","$v":"ZB"},{"$i":"byteUnit-YB","$v":"YB"},{"$i":"date-group-header","$v":"%B %Y"},{"$i":"share","$v":"Ibahagi"},{"$i":"more-info","$v":"Higit pang impormasyon"},{"$i":"delete","$v":"I-delete"},{"$i":"video-button","ariaLabel":"Video"},{"$i":"select-button","ariaLabel":"Piliin"},{"$i":"delete-button","ariaLabel":"I-delete"},{"$i":"share-button","ariaLabel":"Ibahagi"},{"$i":"info-view","ariaLabel":"Impormasyon"},{"$i":"options-view","ariaLabel":"Mga Opsyon"},{"$i":"confirm-dialog","ariaLabel":"Kumpirmahin"},{"$i":"videos-list","ariaLabel":"Mga Video"},{"$i":"options-more","ariaLabel":"Iba pa"},{"$i":"seek-backward","ariaLabel":"Maghanap pabalik"},{"$i":"seek-bar","ariaLabel":["Hanapin ang bar, tagal ",{"t":"idOrVar","v":"duration"}]},{"$i":"seek-forward","ariaLabel":"Maghanap pasulong"},{"$i":"play-button","ariaLabel":"I-play"},{"$i":"pause-button","ariaLabel":"I-pause"},{"$i":"fullscreen-button","ariaLabel":"Full screen"},{"$i":"show-controls-button","ariaLabel":"Ipakita ang mga kontrol"},{"$i":"hide-controls-button","ariaLabel":"Itago ang mga kontrol"},{"$i":"confirmation-title","$v":"Kumpirmasyon"},{"$i":"n-video-deleted","$v":{"few":[{"t":"idOrVar","v":"n"}," (na) video ang na-delete"],"many":[{"t":"idOrVar","v":"n"}," (na) video ang na-delete"],"one":"Na-delete ang video","other":[{"t":"idOrVar","v":"n"}," (na) video ang na-delete"],"two":[{"t":"idOrVar","v":"n"}," (na) video ang na-delete"],"zero":"Walang napili"},"$x":[{"t":"idOrVar","v":"plural"},"n"]},{"$i":"rename-saved","$v":"Na-save ang mga pagbabago"},{"$i":"confirm-video","$v":"Video"},{"$i":"confirm-ok","$v":"OK"},{"$i":"options-header","$v":"Mga Opsyon"},{"$i":"video-invalid-name","$v":"Invalid na Pangalan"},{"$i":"name-already-exists","$v":"Mayroon nang ganitong pangalan"},{"$i":"override-warning-msg","$v":"Gusto mo bang i-override ang kasalukuyang file?"},{"$i":"override","$v":"I-override"},{"$i":"opt-takevideo","$v":"Kumuha ng Video"},{"$i":"select","$v":"Pumili"},{"$i":"opt-deselect","$v":"Alisin ang pagkakapili"},{"$i":"opt-delete","$v":"I-delete"},{"$i":"opt-rename","$v":"Palitan ang pangalan"},{"$i":"opt-selectmultiple","$v":"Pumili nang Marami"},{"$i":"opt-fileinfo","$v":"Impormasyon ng File"},{"$i":"opt-selectall","$v":"Piliin Lahat"},{"$i":"opt-deselectall","$v":"Alisin ang Pagkakapili sa Lahat"},{"$i":"opt-fullscreen","$v":"Full Screen"},{"$i":"opt-play","$v":"I-play"},{"$i":"opt-pause","$v":"I-pause"},{"$i":"opt-volume","$v":"Volume"},{"$i":"opt-rotate","$v":"I-rotate"},{"$i":"opt-cancel","$v":"Kanselahin"},{"$i":"opt-settings","$v":"Mga Setting"},{"$i":"weekday-0-long","$v":"Linggo"},{"$i":"weekday-1-long","$v":"Lunes"},{"$i":"weekday-2-long","$v":"Martes"},{"$i":"weekday-3-long","$v":"Miyerkules"},{"$i":"weekday-4-long","$v":"Huwebes"},{"$i":"weekday-5-long","$v":"Biyernes"},{"$i":"weekday-6-long","$v":"Sabado"},{"$i":"weekday-0-short","$v":"Lin"},{"$i":"weekday-1-short","$v":"Lun"},{"$i":"weekday-2-short","$v":"Mar"},{"$i":"weekday-3-short","$v":"Miy"},{"$i":"weekday-4-short","$v":"Hwe"},{"$i":"weekday-5-short","$v":"Biy"},{"$i":"weekday-6-short","$v":"Sab"},{"$i":"month-0-long","$v":"Enero"},{"$i":"month-1-long","$v":"Pebrero"},{"$i":"month-2-long","$v":"Marso"},{"$i":"month-3-long","$v":"Abril"},{"$i":"month-4-long","$v":"Mayo"},{"$i":"month-5-long","$v":"Hunyo"},{"$i":"month-6-long","$v":"Hulyo"},{"$i":"month-7-long","$v":"Agosto"},{"$i":"month-8-long","$v":"Setyembre"},{"$i":"month-9-long","$v":"Oktubre"},{"$i":"month-10-long","$v":"Nobyembre"},{"$i":"month-11-long","$v":"Disyembre"},{"$i":"month-0-genitive","$v":"Enero"},{"$i":"month-1-genitive","$v":"Pebrero"},{"$i":"month-2-genitive","$v":"Marso"},{"$i":"month-3-genitive","$v":"Abril"},{"$i":"month-4-genitive","$v":"Mayo"},{"$i":"month-5-genitive","$v":"Hunyo"},{"$i":"month-6-genitive","$v":"Hulyo"},{"$i":"month-7-genitive","$v":"Agosto"},{"$i":"month-8-genitive","$v":"Setyembre"},{"$i":"month-9-genitive","$v":"Oktubre"},{"$i":"month-10-genitive","$v":"Nobyembre"},{"$i":"month-11-genitive","$v":"Disyembre"},{"$i":"month-0-short","$v":"Ene"},{"$i":"month-1-short","$v":"Peb"},{"$i":"month-2-short","$v":"Mar"},{"$i":"month-3-short","$v":"Abr"},{"$i":"month-4-short","$v":"Mayo"},{"$i":"month-5-short","$v":"Hun"},{"$i":"month-6-short","$v":"Hul"},{"$i":"month-7-short","$v":"Ago"},{"$i":"month-8-short","$v":"Set"},{"$i":"month-9-short","$v":"Okt"},{"$i":"month-10-short","$v":"Nob"},{"$i":"month-11-short","$v":"Dis"},{"$i":"minutes-ago-long","$v":{"few":[{"t":"idOrVar","v":"value"}," (na) minuto ang nakalipas"],"many":[{"t":"idOrVar","v":"value"}," (na) minuto ang nakalipas"],"one":"isang minuto ang nakalipas","other":[{"t":"idOrVar","v":"value"}," (na) minuto ang nakalipas"],"two":[{"t":"idOrVar","v":"value"}," (na) minuto ang nakalipas"],"zero":"ngayon lang"},"$x":[{"t":"idOrVar","v":"plural"},"value"]},{"$i":"hours-ago-long","$v":{"few":[{"t":"idOrVar","v":"value"}," (na) oras ang nakalipas"],"many":[{"t":"idOrVar","v":"value"}," (na) oras ang nakalipas"],"one":"isang oras ang nakalipas","other":[{"t":"idOrVar","v":"value"}," (na) oras ang nakalipas"],"two":[{"t":"idOrVar","v":"value"}," (na) oras ang nakalipas"],"zero":"ngayon lang"},"$x":[{"t":"idOrVar","v":"plural"},"value"]},{"$i":"days-ago-long","$v":{"few":[{"t":"idOrVar","v":"value"}," (na) araw ang nakalipas"],"many":[{"t":"idOrVar","v":"value"}," (na) araw ang nakalipas"],"one":"kahapon","other":[{"t":"idOrVar","v":"value"}," (na) araw ang nakalipas"],"two":[{"t":"idOrVar","v":"value"}," (na) araw ang nakalipas"],"zero":"ngayon"},"$x":[{"t":"idOrVar","v":"plural"},"value"]},{"$i":"weeks-ago-long","$v":{"few":[{"t":"idOrVar","v":"value"}," (na) linggo ang nakalipas"],"many":[{"t":"idOrVar","v":"value"}," (na) linggo ang nakalipas"],"one":"nakaraang linggo","other":[{"t":"idOrVar","v":"value"}," (na) linggo ang nakalipas"],"two":[{"t":"idOrVar","v":"value"}," (na) linggo ang nakalipas"],"zero":"ngayong linggo"},"$x":[{"t":"idOrVar","v":"plural"},"value"]},{"$i":"months-ago-long","$v":{"few":[{"t":"idOrVar","v":"value"}," (na) buwan ang nakalipas"],"many":[{"t":"idOrVar","v":"value"}," (na) buwan ang nakalipas"],"one":"nakaraang buwan","other":[{"t":"idOrVar","v":"value"}," (na) buwan ang nakalipas"],"two":[{"t":"idOrVar","v":"value"}," (na) buwan ang nakalipas"],"zero":"ngayong buwan"},"$x":[{"t":"idOrVar","v":"plural"},"value"]},{"$i":"years-ago-long","$v":{"few":[{"t":"idOrVar","v":"value"}," (na) taon ang nakalipas"],"many":[{"t":"idOrVar","v":"value"}," (na) taon ang nakalipas"],"one":"nakaraang taon","other":[{"t":"idOrVar","v":"value"}," (na) taon ang nakalipas"],"two":[{"t":"idOrVar","v":"value"}," (na) taon ang nakalipas"],"zero":"ngayong taon"},"$x":[{"t":"idOrVar","v":"plural"},"value"]},{"$i":"minutes-until-long","$v":{"few":["sa loob ng ",{"t":"idOrVar","v":"value"}," (na) minuto"],"many":["sa loob ng ",{"t":"idOrVar","v":"value"}," (na) minuto"],"one":"sa loob ng isang minuto","other":["sa loob ng ",{"t":"idOrVar","v":"value"}," (na) minuto"],"two":["sa loob ng ",{"t":"idOrVar","v":"value"}," (na) minuto"],"zero":"ngayon"},"$x":[{"t":"idOrVar","v":"plural"},"value"]},{"$i":"hours-until-long","$v":{"few":["sa loob ng ",{"t":"idOrVar","v":"value"}," (na) oras"],"many":["sa loob ng ",{"t":"idOrVar","v":"value"}," (na) oras"],"one":"sa loob ng isang oras","other":["sa loob ng ",{"t":"idOrVar","v":"value"}," (na) oras"],"two":["sa loob ng ",{"t":"idOrVar","v":"value"}," (na) oras"],"zero":"ngayon"},"$x":[{"t":"idOrVar","v":"plural"},"value"]},{"$i":"days-until-long","$v":{"few":["sa loob ng ",{"t":"idOrVar","v":"value"}," (na) araw"],"many":["sa loob ng ",{"t":"idOrVar","v":"value"}," (na) araw"],"one":"bukas","other":["sa loob ng ",{"t":"idOrVar","v":"value"}," (na) araw"],"two":["sa loob ng ",{"t":"idOrVar","v":"value"}," (na) araw"],"zero":"ngayon"},"$x":[{"t":"idOrVar","v":"plural"},"value"]},{"$i":"weeks-until-long","$v":{"few":["sa loob ng ",{"t":"idOrVar","v":"value"}," (na) linggo"],"many":["sa loob ng ",{"t":"idOrVar","v":"value"}," (na) linggo"],"one":"susunod na linggo","other":["sa loob ng ",{"t":"idOrVar","v":"value"}," (na) linggo"],"two":["sa loob ng ",{"t":"idOrVar","v":"value"}," (na) linggo"],"zero":"ngayong linggo"},"$x":[{"t":"idOrVar","v":"plural"},"value"]},{"$i":"months-until-long","$v":{"few":["sa loob ng ",{"t":"idOrVar","v":"value"}," (na) buwan"],"many":["sa loob ng ",{"t":"idOrVar","v":"value"}," (na) buwan"],"one":"susunod na buwan","other":["sa loob ng ",{"t":"idOrVar","v":"value"}," (na) buwan"],"two":["sa loob ng ",{"t":"idOrVar","v":"value"}," (na) buwan"],"zero":"ngayong buwan"},"$x":[{"t":"idOrVar","v":"plural"},"value"]},{"$i":"years-until-long","$v":{"few":["sa loob ng ",{"t":"idOrVar","v":"value"}," (na) taon"],"many":["sa loob ng ",{"t":"idOrVar","v":"value"}," (na) taon"],"one":"susunod na taon","other":["sa loob ng ",{"t":"idOrVar","v":"value"}," (na) taon"],"two":["sa loob ng ",{"t":"idOrVar","v":"value"}," (na) taon"],"zero":"ngayong taon"},"$x":[{"t":"idOrVar","v":"plural"},"value"]},{"$i":"minutes-ago-short","$v":{"other":[{"t":"idOrVar","v":"value"},"m ang nakalipas"],"zero":"ngayon lang"},"$x":[{"t":"idOrVar","v":"plural"},"value"]},{"$i":"hours-ago-short","$v":{"other":[{"t":"idOrVar","v":"value"},"h ang nakalipas"],"zero":"ngayon lang"},"$x":[{"t":"idOrVar","v":"plural"},"value"]},{"$i":"days-ago-short","$v":{"other":[{"t":"idOrVar","v":"value"},"d ang nakalipas"],"zero":"ngayon"},"$x":[{"t":"idOrVar","v":"plural"},"value"]},{"$i":"minutes-until-short","$v":{"other":["sa loob ng ",{"t":"idOrVar","v":"value"},"m"],"zero":"ngayon"},"$x":[{"t":"idOrVar","v":"plural"},"value"]},{"$i":"hours-until-short","$v":{"other":["sa loob ng ",{"t":"idOrVar","v":"value"},"o"],"zero":"ngayon"},"$x":[{"t":"idOrVar","v":"plural"},"value"]},{"$i":"days-until-short","$v":{"other":["sa loob ng ",{"t":"idOrVar","v":"value"},"a"],"zero":"ngayon"},"$x":[{"t":"idOrVar","v":"plural"},"value"]},{"$i":"incorrectDate","$v":"(mali ang petsa)"},{"$i":"dateTimeFormat_%c","$v":"%a %b %e %Y %I:%M:%S %p"},{"$i":"dateTimeFormat_%x","$v":"%m/%d/%Y"},{"$i":"dateTimeFormat_%X","$v":"%I:%M:%S %p"},{"$i":"shortTimeFormat","$v":"%I:%M %p"},{"$i":"shortTimeFormat12","$v":"%I:%M %p"},{"$i":"shortTimeFormat24","$v":"%H:%M"},{"$i":"shortDateTimeFormat","$v":"%x %I:%M %p"},{"$i":"weekStartsOnMonday","$v":"0.0"},{"$i":"firstDayOfTheWeek","$v":"0.0"},{"$i":"time_am","$v":"AM"},{"$i":"time_pm","$v":"PM"},{"$i":"softkey-options","$v":"Mga Opsyon"}]