[{"$i":"done","$v":"בוצע"},{"$i":"number-selected2","$v":{"few":[{"t":"idOrVar","v":"n"}," נבחרו"],"many":[{"t":"idOrVar","v":"n"}," נבחרו"],"one":[{"t":"idOrVar","v":"n"}," נבחרו"],"other":[{"t":"idOrVar","v":"n"}," נבחרו"],"two":[{"t":"idOrVar","v":"n"}," נבחרו"],"zero":[{"t":"idOrVar","v":"n"}," נבחרו"]},"$x":[{"t":"idOrVar","v":"plural"},"n"]},{"$i":"delete-n-items?","$v":{"few":["למחוק ",{"t":"idOrVar","v":"n"}," סרטונים?"],"many":["למחוק ",{"t":"idOrVar","v":"n"}," סרטונים?"],"one":"למחוק את סרטון שנבחר?","other":["למחוק ",{"t":"idOrVar","v":"n"}," סרטונים?"],"two":["למחוק ",{"t":"idOrVar","v":"n"}," סרטונים?"],"zero":"לא נבחר דבר"},"$x":[{"t":"idOrVar","v":"plural"},"n"]},{"$i":"not-load-video-time","$v":"--:--"},{"$i":"video-time-num","$v":["0",{"t":"idOrVar","v":"num"}]},{"$i":"video-time-minute","$v":[{"t":"idOrVar","v":"owe"},{"t":"idOrVar","v":"m"},":",{"t":"idOrVar","v":"s"}]},{"$i":"video-time-hour","$v":[{"t":"idOrVar","v":"owe"},{"t":"idOrVar","v":"h"},":",{"t":"idOrVar","v":"m"},":",{"t":"idOrVar","v":"s"}]},{"$i":"share-noprovider","$v":"נסה לשתף סרטון אחד בכל פעם."},{"$i":"videos","$v":"סרטונים"},{"$i":"cancel","$v":"בטל"},{"$i":"delete-video?","$v":"למחוק את סרטון שנבחר?"},{"$i":"empty-title","$v":"הוסף סרטון להתחלה"},{"$i":"empty-text","$v":"אין סרטונים זמינים."},{"$i":"empty-content","$v":"וידאו קליפ ריק. השתמש במצלמה כדי להתחיל."},{"$i":"search-title","$v":"סורק"},{"$i":"search-content","$v":"סורק"},{"$i":"nocard2-title","$v":"לא נמצא כרטיס זיכרון"},{"$i":"nocard3-text","$v":"לא נמצא כרטיס זיכרון. נא הכנס כרטיס זיכרון כדי לצלם סרטונים."},{"$i":"pluggedin-title","$v":"לא ניתן לנגן סרטון כאשר מחובר לתקע"},{"$i":"pluggedin-text","$v":"האחסון נמצא כעת בשימוש. נא לנתק את הטלפון כדי לצלם ווידאו."},{"$i":"upgrade-title","$v":"שדרוג מסד נתונים"},{"$i":"upgrade-text","$v":"נא להמתין בעוד וידאו מעדכנת את מסד הנתונים שלו."},{"$i":"confirm-delete","$v":"האם אתה בטוח שברצונך למחוק את:"},{"$i":"pick-title","$v":"בחר סרטון"},{"$i":"save","$v":"שמור"},{"$i":"saved","$v":"נשמרה לספריית הוידאו."},{"$i":"save-failed","$v":"לא ניתן לשמור סרטון. נסה שוב."},{"$i":"error-network","$v":"לא ניתן היה להוריד את הסרטון בגלל שגיאת רשת."},{"$i":"error-unsupported","$v":"לא ניתן לנגן את הסרטון: מפני שהשרת או הרשת נכשלו או מפני שהתבנית אינה נתמכת."},{"$i":"error-unknown","$v":"ארעה שגיאה וידאו בלתי מוכרת."},{"$i":"video-hardware-in-use-title","$v":"לא ניתן לנגן וידאו"},{"$i":"video-hardware-in-use-text","$v":"יישום אחר משתמש כעת בנגן וידאו."},{"$i":"overlay-cancel-button","$v":"בטל"},{"$i":"overlay-camera-button","$v":"עבור למצלמה"},{"$i":"sd-storage-full-header","$v":"כרטיס ה-SD מלא."},{"$i":"sd-storage-full-content","$v":"מחק קבצים בכרטיס ה-SD כדי לפנות מקום."},{"$i":"phone-storage-full-header","$v":"אחסון הטלפון מלא."},{"$i":"phone-storage-full-content","$v":"מחק קובצי מדיה או נתוני אפליקציות כדי לפנות מקום. תוכל גם להכניס כרטיס SD כדי להרחיב את אחסון המדיה."},{"$i":"name-label","$v":"שם"},{"$i":"length-label","$v":"אורך"},{"$i":"size-label","$v":"גודל"},{"$i":"video-type-label","$v":"סוג וידאו"},{"$i":"date-taken-label","$v":"תאריך צילום"},{"$i":"resolution-label","$v":"רזולוציה"},{"$i":"close-button","$v":"סגור"},{"$i":"byteUnit-B","$v":"בתים"},{"$i":"byteUnit-KB","$v":"ק\"ב"},{"$i":"byteUnit-MB","$v":"מ\"ב"},{"$i":"byteUnit-GB","$v":"GB"},{"$i":"byteUnit-TB","$v":"ט\"ב"},{"$i":"byteUnit-PB","$v":"PB"},{"$i":"byteUnit-EB","$v":"EB"},{"$i":"byteUnit-ZB","$v":"ZB"},{"$i":"byteUnit-YB","$v":"YB"},{"$i":"date-group-header","$v":"%B %Y"},{"$i":"share","$v":"שתף"},{"$i":"more-info","$v":"מידע נוסף"},{"$i":"delete","$v":"מחק"},{"$i":"video-button","ariaLabel":"וידאו"},{"$i":"select-button","ariaLabel":"בחר"},{"$i":"delete-button","ariaLabel":"מחק"},{"$i":"share-button","ariaLabel":"שתף"},{"$i":"info-view","ariaLabel":"מידע"},{"$i":"options-view","ariaLabel":"אפשרויות"},{"$i":"confirm-dialog","ariaLabel":"אשר"},{"$i":"videos-list","ariaLabel":"סרטונים"},{"$i":"options-more","ariaLabel":"עוד"},{"$i":"seek-backward","ariaLabel":"חפש אחורה"},{"$i":"seek-bar","ariaLabel":["שורת חיפוש, משך ",{"t":"idOrVar","v":"duration"}]},{"$i":"seek-forward","ariaLabel":"חפש קדימה"},{"$i":"play-button","ariaLabel":"נגן"},{"$i":"pause-button","ariaLabel":"הפסקה"},{"$i":"fullscreen-button","ariaLabel":"מסך מלא"},{"$i":"show-controls-button","ariaLabel":"הצג בקרים"},{"$i":"hide-controls-button","ariaLabel":"הסתר בקרים"},{"$i":"confirmation-title","$v":"אישור"},{"$i":"n-video-deleted","$v":{"few":[{"t":"idOrVar","v":"n"}," סרטונים נמחקו"],"many":[{"t":"idOrVar","v":"n"}," סרטונים נמחקו"],"one":"הסרטון נמחק","other":[{"t":"idOrVar","v":"n"}," סרטונים נמחקו"],"two":[{"t":"idOrVar","v":"n"}," סרטונים נמחקו"],"zero":"לא נבחר דבר"},"$x":[{"t":"idOrVar","v":"plural"},"n"]},{"$i":"rename-saved","$v":"השינויים נשמרו"},{"$i":"confirm-video","$v":"וידאו"},{"$i":"confirm-ok","$v":"OK"},{"$i":"options-header","$v":"אפשרויות"},{"$i":"video-invalid-name","$v":"שם בלתי חוקי"},{"$i":"name-already-exists","$v":"השם הזה כבר קיים"},{"$i":"override-warning-msg","$v":"האם ברצונך לעקוף את הקובץ הקיים?"},{"$i":"override","$v":"עקוף"},{"$i":"opt-takevideo","$v":"צלם וידאו"},{"$i":"select","$v":"בחר"},{"$i":"opt-deselect","$v":"בטל בחירה"},{"$i":"opt-delete","$v":"מחק"},{"$i":"opt-rename","$v":"שנה שם"},{"$i":"opt-selectmultiple","$v":"בחר כמה"},{"$i":"opt-fileinfo","$v":"מידע קובץ"},{"$i":"opt-selectall","$v":"בחר הכול"},{"$i":"opt-deselectall","$v":"בחר בחירת הכול"},{"$i":"opt-fullscreen","$v":"מסך מלא"},{"$i":"opt-play","$v":"נגן"},{"$i":"opt-pause","$v":"הפסקה"},{"$i":"opt-volume","$v":"עוצמת קול"},{"$i":"opt-rotate","$v":"סובב"},{"$i":"opt-cancel","$v":"ביטול"},{"$i":"opt-settings","$v":"הגדרות"},{"$i":"weekday-0-long","$v":"ראשון"},{"$i":"weekday-1-long","$v":"שני"},{"$i":"weekday-2-long","$v":"שלישי"},{"$i":"weekday-3-long","$v":"רביעי"},{"$i":"weekday-4-long","$v":"חמישי"},{"$i":"weekday-5-long","$v":"שישי"},{"$i":"weekday-6-long","$v":"שבת"},{"$i":"weekday-0-short","$v":"א'"},{"$i":"weekday-1-short","$v":"ב'"},{"$i":"weekday-2-short","$v":"ג'"},{"$i":"weekday-3-short","$v":"ד'"},{"$i":"weekday-4-short","$v":"ה'"},{"$i":"weekday-5-short","$v":"ו'"},{"$i":"weekday-6-short","$v":"ש'"},{"$i":"month-0-long","$v":"ינואר"},{"$i":"month-1-long","$v":"פברואר"},{"$i":"month-2-long","$v":"מרץ"},{"$i":"month-3-long","$v":"אפריל"},{"$i":"month-4-long","$v":"מאי"},{"$i":"month-5-long","$v":"יוני"},{"$i":"month-6-long","$v":"יולי"},{"$i":"month-7-long","$v":"אוגוסט"},{"$i":"month-8-long","$v":"ספטמבר"},{"$i":"month-9-long","$v":"אוקטובר"},{"$i":"month-10-long","$v":"נובמבר"},{"$i":"month-11-long","$v":"דצמבר"},{"$i":"month-0-genitive","$v":"ינואר"},{"$i":"month-1-genitive","$v":"פברואר"},{"$i":"month-2-genitive","$v":"מרץ"},{"$i":"month-3-genitive","$v":"אפריל"},{"$i":"month-4-genitive","$v":"מאי"},{"$i":"month-5-genitive","$v":"יוני"},{"$i":"month-6-genitive","$v":"יולי"},{"$i":"month-7-genitive","$v":"אוגוסט"},{"$i":"month-8-genitive","$v":"ספטמבר"},{"$i":"month-9-genitive","$v":"אוקטובר"},{"$i":"month-10-genitive","$v":"נובמבר"},{"$i":"month-11-genitive","$v":"דצמבר"},{"$i":"month-0-short","$v":"ינו"},{"$i":"month-1-short","$v":"פבר"},{"$i":"month-2-short","$v":"מרץ"},{"$i":"month-3-short","$v":"אפר"},{"$i":"month-4-short","$v":"מאי"},{"$i":"month-5-short","$v":"יונ"},{"$i":"month-6-short","$v":"יול"},{"$i":"month-7-short","$v":"אוג"},{"$i":"month-8-short","$v":"ספט"},{"$i":"month-9-short","$v":"אוק"},{"$i":"month-10-short","$v":"נוב"},{"$i":"month-11-short","$v":"דצמ"},{"$i":"minutes-ago-long","$v":{"few":["לפני ",{"t":"idOrVar","v":"value"}," דקות"],"many":["לפני ",{"t":"idOrVar","v":"value"}," דקות"],"one":"לפני דקה","other":["לפני ",{"t":"idOrVar","v":"value"}," דקות"],"two":["לפני ",{"t":"idOrVar","v":"value"}," דקות"],"zero":"בדיוק כעת"},"$x":[{"t":"idOrVar","v":"plural"},"value"]},{"$i":"hours-ago-long","$v":{"few":["לפני ",{"t":"idOrVar","v":"value"}," שעות"],"many":["לפני ",{"t":"idOrVar","v":"value"}," שעות"],"one":"לפני שעה","other":["לפני ",{"t":"idOrVar","v":"value"}," שעות"],"two":["לפני ",{"t":"idOrVar","v":"value"}," שעות"],"zero":"בדיוק כעת"},"$x":[{"t":"idOrVar","v":"plural"},"value"]},{"$i":"days-ago-long","$v":{"few":["לפני ",{"t":"idOrVar","v":"value"}," ימים"],"many":["לפני ",{"t":"idOrVar","v":"value"}," ימים"],"one":"אתמול","other":["לפני ",{"t":"idOrVar","v":"value"}," ימים"],"two":["לפני ",{"t":"idOrVar","v":"value"}," ימים"],"zero":"היום"},"$x":[{"t":"idOrVar","v":"plural"},"value"]},{"$i":"weeks-ago-long","$v":{"few":["לפני ",{"t":"idOrVar","v":"value"}," שבועות"],"many":["לפני ",{"t":"idOrVar","v":"value"}," שבועות"],"one":"השבוע שעבר","other":["לפני ",{"t":"idOrVar","v":"value"}," שבועות"],"two":["לפני ",{"t":"idOrVar","v":"value"}," שבועות"],"zero":"השבוע"},"$x":[{"t":"idOrVar","v":"plural"},"value"]},{"$i":"months-ago-long","$v":{"few":["לפני ",{"t":"idOrVar","v":"value"}," חודשים"],"many":["לפני ",{"t":"idOrVar","v":"value"}," חודשים"],"one":"חודש האחרון","other":["לפני ",{"t":"idOrVar","v":"value"}," חודשים"],"two":["לפני ",{"t":"idOrVar","v":"value"}," חודשים"],"zero":"החודש"},"$x":[{"t":"idOrVar","v":"plural"},"value"]},{"$i":"years-ago-long","$v":{"few":["לפני ",{"t":"idOrVar","v":"value"}," שנים"],"many":["לפני ",{"t":"idOrVar","v":"value"}," שנים"],"one":"השנה שעברה","other":["לפני ",{"t":"idOrVar","v":"value"}," שנים"],"two":["לפני ",{"t":"idOrVar","v":"value"}," שנים"],"zero":"השנה"},"$x":[{"t":"idOrVar","v":"plural"},"value"]},{"$i":"minutes-until-long","$v":{"few":["בתוך ",{"t":"idOrVar","v":"value"}," דקות"],"many":["בתוך ",{"t":"idOrVar","v":"value"}," דקות"],"one":"בתוך דקה","other":["בתוך ",{"t":"idOrVar","v":"value"}," דקות"],"two":["בתוך ",{"t":"idOrVar","v":"value"}," דקות"],"zero":"כעת"},"$x":[{"t":"idOrVar","v":"plural"},"value"]},{"$i":"hours-until-long","$v":{"few":["בתוך ",{"t":"idOrVar","v":"value"}," שעות"],"many":["בתוך ",{"t":"idOrVar","v":"value"}," שעות"],"one":"בתוך שעה","other":["בתוך ",{"t":"idOrVar","v":"value"}," שעות"],"two":["בתוך ",{"t":"idOrVar","v":"value"}," שעות"],"zero":"כעת"},"$x":[{"t":"idOrVar","v":"plural"},"value"]},{"$i":"days-until-long","$v":{"few":["בתוך ",{"t":"idOrVar","v":"value"}," ימים"],"many":["בתוך ",{"t":"idOrVar","v":"value"}," ימים"],"one":"מחר","other":["בתוך ",{"t":"idOrVar","v":"value"}," ימים"],"two":["בתוך ",{"t":"idOrVar","v":"value"}," ימים"],"zero":"היום"},"$x":[{"t":"idOrVar","v":"plural"},"value"]},{"$i":"weeks-until-long","$v":{"few":["בתוך ",{"t":"idOrVar","v":"value"}," שבועות"],"many":["בתוך ",{"t":"idOrVar","v":"value"}," שבועות"],"one":"השבוע הבא","other":["בתוך ",{"t":"idOrVar","v":"value"}," שבועות"],"two":["בתוך ",{"t":"idOrVar","v":"value"}," שבועות"],"zero":"השבוע"},"$x":[{"t":"idOrVar","v":"plural"},"value"]},{"$i":"months-until-long","$v":{"few":["בתוך ",{"t":"idOrVar","v":"value"}," חודשים"],"many":["בתוך ",{"t":"idOrVar","v":"value"}," חודשים"],"one":"החודש הבא","other":["בתוך ",{"t":"idOrVar","v":"value"}," חודשים"],"two":["בתוך ",{"t":"idOrVar","v":"value"}," חודשים"],"zero":"החודש"},"$x":[{"t":"idOrVar","v":"plural"},"value"]},{"$i":"years-until-long","$v":{"few":["בתוך ",{"t":"idOrVar","v":"value"}," שנים"],"many":["בתוך ",{"t":"idOrVar","v":"value"}," שנים"],"one":"השנה הבאה","other":["בתוך ",{"t":"idOrVar","v":"value"}," שנים"],"two":["בתוך ",{"t":"idOrVar","v":"value"}," שנים"],"zero":"השנה"},"$x":[{"t":"idOrVar","v":"plural"},"value"]},{"$i":"minutes-ago-short","$v":{"other":[{"t":"idOrVar","v":"value"}," דק' לפני"],"zero":"בדיוק כעת"},"$x":[{"t":"idOrVar","v":"plural"},"value"]},{"$i":"hours-ago-short","$v":{"other":[{"t":"idOrVar","v":"value"}," שע' לפני"],"zero":"בדיוק כעת"},"$x":[{"t":"idOrVar","v":"plural"},"value"]},{"$i":"days-ago-short","$v":{"other":[{"t":"idOrVar","v":"value"}," ימים לפני"],"zero":"היום"},"$x":[{"t":"idOrVar","v":"plural"},"value"]},{"$i":"minutes-until-short","$v":{"other":["בתוך ",{"t":"idOrVar","v":"value"},"דקות"],"zero":"כעת"},"$x":[{"t":"idOrVar","v":"plural"},"value"]},{"$i":"hours-until-short","$v":{"other":["בתוך ",{"t":"idOrVar","v":"value"},"שעות"],"zero":"כעת"},"$x":[{"t":"idOrVar","v":"plural"},"value"]},{"$i":"days-until-short","$v":{"other":["בתוך ",{"t":"idOrVar","v":"value"},"ימים"],"zero":"היום"},"$x":[{"t":"idOrVar","v":"plural"},"value"]},{"$i":"incorrectDate","$v":"(תאריך שגוי)"},{"$i":"dateTimeFormat_%c","$v":"%a %b %e %Y %I:%M:%S %p"},{"$i":"dateTimeFormat_%x","$v":"%m/%d/%Y"},{"$i":"dateTimeFormat_%X","$v":"%I:%M:%S %p"},{"$i":"shortTimeFormat","$v":"%I:%M %p"},{"$i":"shortTimeFormat12","$v":"%I:%M %p"},{"$i":"shortTimeFormat24","$v":"%H:%M"},{"$i":"shortDateTimeFormat","$v":"%x %I:%M %p"},{"$i":"weekStartsOnMonday","$v":"0.0"},{"$i":"firstDayOfTheWeek","$v":"0.0"},{"$i":"time_am","$v":"בבוקר"},{"$i":"time_pm","$v":"אחר הצהריים"},{"$i":"softkey-options","$v":"אפשרויות"}]