[{"$i":"done","$v":"हो गया"},{"$i":"number-selected2","$v":{"few":[{"t":"idOrVar","v":"n"}," चयनित"],"many":[{"t":"idOrVar","v":"n"}," चयनित"],"one":[{"t":"idOrVar","v":"n"}," चयनित"],"other":[{"t":"idOrVar","v":"n"}," चयनित"],"two":[{"t":"idOrVar","v":"n"}," चयनित"],"zero":[{"t":"idOrVar","v":"n"}," चयनित"]},"$x":[{"t":"idOrVar","v":"plural"},"n"]},{"$i":"delete-n-items?","$v":{"few":[{"t":"idOrVar","v":"n"}," वीडियो हटाएँ?"],"many":[{"t":"idOrVar","v":"n"}," वीडियो हटाएँ?"],"one":"चयनित वीडियो हटाएँ?","other":[{"t":"idOrVar","v":"n"}," वीडियो हटाएँ?"],"two":[{"t":"idOrVar","v":"n"}," वीडियो हटाएँ?"],"zero":"कुछ भी चयनित नहीं"},"$x":[{"t":"idOrVar","v":"plural"},"n"]},{"$i":"not-load-video-time","$v":"--:--"},{"$i":"video-time-num","$v":["0",{"t":"idOrVar","v":"num"}]},{"$i":"video-time-minute","$v":[{"t":"idOrVar","v":"owe"},{"t":"idOrVar","v":"m"},":",{"t":"idOrVar","v":"s"}]},{"$i":"video-time-hour","$v":[{"t":"idOrVar","v":"owe"},{"t":"idOrVar","v":"h"},":",{"t":"idOrVar","v":"m"},":",{"t":"idOrVar","v":"s"}]},{"$i":"share-noprovider","$v":"एक बार में एक वीडियो साझा करने का प्रयास करें।"},{"$i":"videos","$v":"वीडियो"},{"$i":"cancel","$v":"रद्द करें"},{"$i":"delete-video?","$v":"चयनित वीडियो हटाएँ?"},{"$i":"empty-title","$v":"शुरु करने के लिए वीडियो जोड़ें"},{"$i":"empty-text","$v":"कोई वीडियो नहीं हैं।"},{"$i":"empty-content","$v":"वीडियो खाली है। शुरू करने के लिए कैमरा का उपयोग करें।"},{"$i":"search-title","$v":"वीडियो के लिए स्कैन हो रहा है..."},{"$i":"search-content","$v":"वीडियो के लिए स्कैन हो रहा है..."},{"$i":"nocard2-title","$v":"कोई मेमोरी कार्ड नहीं मिला"},{"$i":"nocard3-text","$v":"मेमोरी कार्ड नहीं मिला। कृपया वीडियो लेने के लिए मेमोरी कार्ड डालें।"},{"$i":"pluggedin-title","$v":"प्लग इन करते समय वीडियो को नहीं देखा जा सकता"},{"$i":"pluggedin-text","$v":"स्टोरेज उपयोग में हैं । कृपया वीडियो लेने के लिए फ़ोन को अनप्लग करें।"},{"$i":"upgrade-title","$v":"डेटाबेस अपग्रेड"},{"$i":"upgrade-text","$v":"कृपया वीडियो का डेटाबेस अपडेट होने तक प्रतीक्षा करें।"},{"$i":"confirm-delete","$v":"क्या आप हटाना चाहते हैं:"},{"$i":"pick-title","$v":"वीडियो चुनें"},{"$i":"save","$v":"सेव करें"},{"$i":"saved","$v":"वीडियो लाइब्रेरी में सेव किया गया।"},{"$i":"save-failed","$v":"वीडियो को सेव करने में असमर्थ रहे, कृपया पुनः प्रयास करें।"},{"$i":"error-network","$v":"नेटवर्क त्रुटि के कारण वीडियो को डाउनलोड नहीं किया जा सका।"},{"$i":"error-unsupported","$v":"वीडियो नहीं चलाया जा सकता: सर्वर या नेटवर्क विफल हो जाने के कारण या प्रारूप समर्थित नहीं होने के कारण।"},{"$i":"error-unknown","$v":"कोई अज्ञात वीडियो में त्रुटि हुई।"},{"$i":"video-hardware-in-use-title","$v":"वीडियो नहीं चला सकते"},{"$i":"video-hardware-in-use-text","$v":"अभी अन्य एक ऐप वीडियो प्लेयर का उपयोग कर रहा हैं।"},{"$i":"overlay-cancel-button","$v":"रद्द करें"},{"$i":"overlay-camera-button","$v":"कैमरे पर जाएं"},{"$i":"sd-storage-full-header","$v":"एस.डी कार्ड भरा हुआ है"},{"$i":"sd-storage-full-content","$v":"जगह खाली करने के लिए एस.डी कार्ड से सभी फ़ाइल को हटाएं।"},{"$i":"phone-storage-full-header","$v":"फोन स्टोरेज भरा हुआ है।"},{"$i":"phone-storage-full-content","$v":"जगह खाली करने के लिए मीडिया फ़ाइलें या एप्लिकेशन डेटा को हटाएं। आप मीडिया स्टोरेज का विस्तार करने के लिए एस.डी कार्ड भी डाल सकते हैं।"},{"$i":"name-label","$v":"नाम"},{"$i":"length-label","$v":"लंबाई"},{"$i":"size-label","$v":"आकार"},{"$i":"video-type-label","$v":"वीडियो प्रकार"},{"$i":"date-taken-label","$v":"दिनांक को लिया"},{"$i":"resolution-label","$v":"रेज़ॉल्यूशन"},{"$i":"close-button","$v":"बंद करें"},{"$i":"byteUnit-B","$v":"बाइट"},{"$i":"byteUnit-KB","$v":"KB"},{"$i":"byteUnit-MB","$v":"MB"},{"$i":"byteUnit-GB","$v":"GB"},{"$i":"byteUnit-TB","$v":"TB"},{"$i":"byteUnit-PB","$v":"PB"},{"$i":"byteUnit-EB","$v":"EB"},{"$i":"byteUnit-ZB","$v":"ZB"},{"$i":"byteUnit-YB","$v":"YB"},{"$i":"date-group-header","$v":"%B %Y"},{"$i":"share","$v":"साझा करें"},{"$i":"more-info","$v":"अधिक जानकारी"},{"$i":"delete","$v":"हटाएँ"},{"$i":"video-button","ariaLabel":"वीडियो"},{"$i":"select-button","ariaLabel":"चुनें"},{"$i":"delete-button","ariaLabel":"हटाएँ"},{"$i":"share-button","ariaLabel":"साझा करें"},{"$i":"info-view","ariaLabel":"जानकारी"},{"$i":"options-view","ariaLabel":"विकल्प"},{"$i":"confirm-dialog","ariaLabel":"पुष्टि करें"},{"$i":"videos-list","ariaLabel":"वीडियो"},{"$i":"options-more","ariaLabel":"अधिक"},{"$i":"seek-backward","ariaLabel":"पीछे जाएं"},{"$i":"seek-bar","ariaLabel":["सीक बार, अवधि ",{"t":"idOrVar","v":"duration"}]},{"$i":"seek-forward","ariaLabel":"आगे जाएं"},{"$i":"play-button","ariaLabel":"बजाए"},{"$i":"pause-button","ariaLabel":"रोकें"},{"$i":"fullscreen-button","ariaLabel":"फुलस्क्रिन"},{"$i":"show-controls-button","ariaLabel":"कंट्रोल दिखाएं"},{"$i":"hide-controls-button","ariaLabel":"कंट्रोल छिपाएँ"},{"$i":"confirmation-title","$v":"पुष्टिकरण"},{"$i":"n-video-deleted","$v":{"few":[{"t":"idOrVar","v":"n"}," वीडियो हटाए गए"],"many":[{"t":"idOrVar","v":"n"}," वीडियो हटाए गए"],"one":"वीडियो हटाया गया","other":[{"t":"idOrVar","v":"n"}," वीडियो हटाए गए"],"two":[{"t":"idOrVar","v":"n"}," वीडियो हटाए गए"],"zero":"कुछ भी चयनित नहीं"},"$x":[{"t":"idOrVar","v":"plural"},"n"]},{"$i":"rename-saved","$v":"परिवर्तन सेव हुए"},{"$i":"confirm-video","$v":"वीडियो"},{"$i":"confirm-ok","$v":"ठीक हैं"},{"$i":"options-header","$v":"विकल्प"},{"$i":"video-invalid-name","$v":"अमान्य नाम"},{"$i":"name-already-exists","$v":"यह नाम पहले से ही मौजूद हैं"},{"$i":"override-warning-msg","$v":"क्या आप मौजूदा फ़ाइल ओवरराइड करना चाहते हैं"},{"$i":"override","$v":"ओवरराइड करें"},{"$i":"opt-takevideo","$v":"कैमरा"},{"$i":"select","$v":"चुनें"},{"$i":"opt-deselect","$v":"चयन हटाएं"},{"$i":"opt-delete","$v":"हटाएँ"},{"$i":"opt-rename","$v":"नाम बदलें"},{"$i":"opt-selectmultiple","$v":"एकाधिक चुनें"},{"$i":"opt-fileinfo","$v":"फ़ाइल की जानकारी"},{"$i":"opt-selectall","$v":"सभी"},{"$i":"opt-deselectall","$v":"कुछ भी नहीं"},{"$i":"opt-fullscreen","$v":"फुलस्क्रिन"},{"$i":"opt-play","$v":"बजाए"},{"$i":"opt-pause","$v":"रोकें"},{"$i":"opt-volume","$v":"वॉल्यूम"},{"$i":"opt-rotate","$v":"घुमाएँ"},{"$i":"opt-cancel","$v":"रद्द करें"},{"$i":"opt-settings","$v":"सेटिंग्स"},{"$i":"weekday-0-long","$v":"रविवार"},{"$i":"weekday-1-long","$v":"सोमवार"},{"$i":"weekday-2-long","$v":"मंगलवार"},{"$i":"weekday-3-long","$v":"बुधवार"},{"$i":"weekday-4-long","$v":"गुरुवार"},{"$i":"weekday-5-long","$v":"शुक्रवार"},{"$i":"weekday-6-long","$v":"शनिवार"},{"$i":"weekday-0-short","$v":"रवि"},{"$i":"weekday-1-short","$v":"सोम"},{"$i":"weekday-2-short","$v":"मंगल"},{"$i":"weekday-3-short","$v":"बुध"},{"$i":"weekday-4-short","$v":"गुरु"},{"$i":"weekday-5-short","$v":"शुक्र"},{"$i":"weekday-6-short","$v":"शनि"},{"$i":"month-0-long","$v":"जनवरी"},{"$i":"month-1-long","$v":"फरवरी"},{"$i":"month-2-long","$v":"मार्च"},{"$i":"month-3-long","$v":"अप्रैल"},{"$i":"month-4-long","$v":"मई"},{"$i":"month-5-long","$v":"जून"},{"$i":"month-6-long","$v":"जुलाई"},{"$i":"month-7-long","$v":"अगस्त"},{"$i":"month-8-long","$v":"सितंबर"},{"$i":"month-9-long","$v":"अक्टूबर"},{"$i":"month-10-long","$v":"नवंबर"},{"$i":"month-11-long","$v":"दिसंबर"},{"$i":"month-0-genitive","$v":"जनवरी"},{"$i":"month-1-genitive","$v":"फरवरी"},{"$i":"month-2-genitive","$v":"मार्च"},{"$i":"month-3-genitive","$v":"अप्रैल"},{"$i":"month-4-genitive","$v":"मई"},{"$i":"month-5-genitive","$v":"जून"},{"$i":"month-6-genitive","$v":"जुलाई"},{"$i":"month-7-genitive","$v":"अगस्त"},{"$i":"month-8-genitive","$v":"सितंबर"},{"$i":"month-9-genitive","$v":"अक्टूबर"},{"$i":"month-10-genitive","$v":"नवंबर"},{"$i":"month-11-genitive","$v":"दिसंबर"},{"$i":"month-0-short","$v":"जनवरी"},{"$i":"month-1-short","$v":"फरवरी"},{"$i":"month-2-short","$v":"मार्च"},{"$i":"month-3-short","$v":"अप्रैल"},{"$i":"month-4-short","$v":"मई"},{"$i":"month-5-short","$v":"जून"},{"$i":"month-6-short","$v":"जुलाई"},{"$i":"month-7-short","$v":"अगस्त"},{"$i":"month-8-short","$v":"सितंबर"},{"$i":"month-9-short","$v":"अक्टूबर"},{"$i":"month-10-short","$v":"नवंबर"},{"$i":"month-11-short","$v":"दिसंबर"},{"$i":"minutes-ago-long","$v":{"few":[{"t":"idOrVar","v":"value"}," मिनट पहले"],"many":[{"t":"idOrVar","v":"value"}," मिनट पहले"],"one":"एक मिनट पहले","other":[{"t":"idOrVar","v":"value"}," मिनट पहले"],"two":[{"t":"idOrVar","v":"value"}," मिनट पहले"],"zero":"अभी"},"$x":[{"t":"idOrVar","v":"plural"},"value"]},{"$i":"hours-ago-long","$v":{"few":[{"t":"idOrVar","v":"value"}," घंटे पहले"],"many":[{"t":"idOrVar","v":"value"}," घंटे पहले"],"one":"एक घंटे पहले","other":[{"t":"idOrVar","v":"value"}," घंटे पहले"],"two":[{"t":"idOrVar","v":"value"}," घंटे पहले"],"zero":"अभी"},"$x":[{"t":"idOrVar","v":"plural"},"value"]},{"$i":"days-ago-long","$v":{"few":[{"t":"idOrVar","v":"value"}," दिनों पहले"],"many":[{"t":"idOrVar","v":"value"}," दिनों पहले"],"one":"बीता कल","other":[{"t":"idOrVar","v":"value"}," दिनों पहले"],"two":[{"t":"idOrVar","v":"value"}," दिनों पहले"],"zero":"आज"},"$x":[{"t":"idOrVar","v":"plural"},"value"]},{"$i":"weeks-ago-long","$v":{"few":[{"t":"idOrVar","v":"value"}," सप्ताह पहले"],"many":[{"t":"idOrVar","v":"value"}," सप्ताह पहले"],"one":"पिछले सप्ताह","other":[{"t":"idOrVar","v":"value"}," सप्ताह पहले"],"two":[{"t":"idOrVar","v":"value"}," सप्ताह पहले"],"zero":"इस सप्ताह"},"$x":[{"t":"idOrVar","v":"plural"},"value"]},{"$i":"months-ago-long","$v":{"few":[{"t":"idOrVar","v":"value"}," महीनों पहले"],"many":[{"t":"idOrVar","v":"value"}," महीनों पहले"],"one":"पिछले महीने","other":[{"t":"idOrVar","v":"value"}," महीनों पहले"],"two":[{"t":"idOrVar","v":"value"}," महीनों पहले"],"zero":"इस महीने"},"$x":[{"t":"idOrVar","v":"plural"},"value"]},{"$i":"years-ago-long","$v":{"few":[{"t":"idOrVar","v":"value"}," वर्ष पहले"],"many":[{"t":"idOrVar","v":"value"}," वर्ष पहले"],"one":"पिछले वर्ष","other":[{"t":"idOrVar","v":"value"}," वर्ष पहले"],"two":[{"t":"idOrVar","v":"value"}," वर्ष पहले"],"zero":"इस वर्ष"},"$x":[{"t":"idOrVar","v":"plural"},"value"]},{"$i":"minutes-until-long","$v":{"few":[{"t":"idOrVar","v":"value"}," मिनट में"],"many":[{"t":"idOrVar","v":"value"}," मिनट में"],"one":"एक मिनट में","other":[{"t":"idOrVar","v":"value"}," मिनट में"],"two":[{"t":"idOrVar","v":"value"}," मिनट में"],"zero":"अभी"},"$x":[{"t":"idOrVar","v":"plural"},"value"]},{"$i":"hours-until-long","$v":{"few":[{"t":"idOrVar","v":"value"}," घंटों में"],"many":[{"t":"idOrVar","v":"value"}," घंटों में"],"one":"एक घंटे में","other":[{"t":"idOrVar","v":"value"}," घंटों में"],"two":[{"t":"idOrVar","v":"value"}," घंटों में"],"zero":"अभी"},"$x":[{"t":"idOrVar","v":"plural"},"value"]},{"$i":"days-until-long","$v":{"few":[{"t":"idOrVar","v":"value"}," दिनों में"],"many":[{"t":"idOrVar","v":"value"}," दिनों में"],"one":"कल","other":[{"t":"idOrVar","v":"value"}," दिनों में"],"two":[{"t":"idOrVar","v":"value"}," दिनों में"],"zero":"आज"},"$x":[{"t":"idOrVar","v":"plural"},"value"]},{"$i":"weeks-until-long","$v":{"few":[{"t":"idOrVar","v":"value"}," सप्ताह में"],"many":[{"t":"idOrVar","v":"value"}," सप्ताह में"],"one":"अगले सप्ताह","other":[{"t":"idOrVar","v":"value"}," सप्ताह में"],"two":[{"t":"idOrVar","v":"value"}," सप्ताह में"],"zero":"इस सप्ताह"},"$x":[{"t":"idOrVar","v":"plural"},"value"]},{"$i":"months-until-long","$v":{"few":[{"t":"idOrVar","v":"value"}," महीनो में"],"many":[{"t":"idOrVar","v":"value"}," महीनो में"],"one":"अगले महीने","other":[{"t":"idOrVar","v":"value"}," महीनो में"],"two":[{"t":"idOrVar","v":"value"}," महीनो में"],"zero":"इस महीने"},"$x":[{"t":"idOrVar","v":"plural"},"value"]},{"$i":"years-until-long","$v":{"few":[{"t":"idOrVar","v":"value"}," वर्षों में"],"many":[{"t":"idOrVar","v":"value"}," वर्षों में"],"one":"अगले वर्ष","other":[{"t":"idOrVar","v":"value"}," वर्षों में"],"two":[{"t":"idOrVar","v":"value"}," वर्षों में"],"zero":"इस वर्ष"},"$x":[{"t":"idOrVar","v":"plural"},"value"]},{"$i":"minutes-ago-short","$v":{"other":[{"t":"idOrVar","v":"value"}," मिनट पहले"],"zero":"अभी"},"$x":[{"t":"idOrVar","v":"plural"},"value"]},{"$i":"hours-ago-short","$v":{"other":[{"t":"idOrVar","v":"value"}," घंटे पहले"],"zero":"अभी"},"$x":[{"t":"idOrVar","v":"plural"},"value"]},{"$i":"days-ago-short","$v":{"other":[{"t":"idOrVar","v":"value"}," दिनों पहले"],"zero":"आज"},"$x":[{"t":"idOrVar","v":"plural"},"value"]},{"$i":"minutes-until-short","$v":{"other":[{"t":"idOrVar","v":"value"},"मिनिट में"],"zero":"अभी"},"$x":[{"t":"idOrVar","v":"plural"},"value"]},{"$i":"hours-until-short","$v":{"other":[{"t":"idOrVar","v":"value"},"घंटे में"],"zero":"अभी"},"$x":[{"t":"idOrVar","v":"plural"},"value"]},{"$i":"days-until-short","$v":{"other":[{"t":"idOrVar","v":"value"},"दिन में"],"zero":"आज"},"$x":[{"t":"idOrVar","v":"plural"},"value"]},{"$i":"incorrectDate","$v":"(गलत दिनांक)"},{"$i":"dateTimeFormat_%c","$v":"%a %b %e %Y %I:%M:%S %p"},{"$i":"dateTimeFormat_%x","$v":"%m/%d/%Y"},{"$i":"dateTimeFormat_%X","$v":"%I:%M:%S %p"},{"$i":"shortTimeFormat","$v":"%I:%M %p"},{"$i":"shortTimeFormat12","$v":"%I:%M %p"},{"$i":"shortTimeFormat24","$v":"%H:%M"},{"$i":"shortDateTimeFormat","$v":"%x %I:%M %p"},{"$i":"weekStartsOnMonday","$v":"0.0"},{"$i":"firstDayOfTheWeek","$v":"0.0"},{"$i":"time_am","$v":"AM"},{"$i":"time_pm","$v":"PM"},{"$i":"softkey-options","$v":"विकल्प"}]