[{"$i":"done","$v":"Dovršeno"},{"$i":"number-selected2","$v":{"few":["Odabrano: ",{"t":"idOrVar","v":"n"}],"many":["Odabrano: ",{"t":"idOrVar","v":"n"}],"one":["Odabrano: ",{"t":"idOrVar","v":"n"}],"other":["Odabrano: ",{"t":"idOrVar","v":"n"}],"two":["Odabrano: ",{"t":"idOrVar","v":"n"}],"zero":["Odabrano: ",{"t":"idOrVar","v":"n"}]},"$x":[{"t":"idOrVar","v":"plural"},"n"]},{"$i":"delete-n-items?","$v":{"few":["Želite li izbrisati ovoliko videozapisa: ",{"t":"idOrVar","v":"n"},"?"],"many":["Želite li izbrisati ovoliko videozapisa: ",{"t":"idOrVar","v":"n"},"?"],"one":"Želite li izbrisati odabrani videozapis?","other":["Želite li izbrisati ovoliko videozapisa: ",{"t":"idOrVar","v":"n"},"?"],"two":["Želite li izbrisati ovoliko videozapisa: ",{"t":"idOrVar","v":"n"},"?"],"zero":"Ništa nije odabrano"},"$x":[{"t":"idOrVar","v":"plural"},"n"]},{"$i":"not-load-video-time","$v":"--:--"},{"$i":"video-time-num","$v":["0",{"t":"idOrVar","v":"num"}]},{"$i":"video-time-minute","$v":[{"t":"idOrVar","v":"owe"},{"t":"idOrVar","v":"m"},":",{"t":"idOrVar","v":"s"}]},{"$i":"video-time-hour","$v":[{"t":"idOrVar","v":"owe"},{"t":"idOrVar","v":"h"},":",{"t":"idOrVar","v":"m"},":",{"t":"idOrVar","v":"s"}]},{"$i":"share-noprovider","$v":"Pokuš. videozapise dijel. 1 po 1."},{"$i":"videos","$v":"Videozapisi"},{"$i":"cancel","$v":"Poništi"},{"$i":"delete-video?","$v":"Želite li izbrisati odabrani videozapis?"},{"$i":"empty-title","$v":"Za početak dodajte videozapise"},{"$i":"empty-text","$v":"Nema dostupnih videozapisa."},{"$i":"empty-content","$v":"Videozapis je prazan. Da biste započeli s radom, koristite kameru."},{"$i":"search-title","$v":"Skeniranje"},{"$i":"search-content","$v":"Skeniranje"},{"$i":"nocard2-title","$v":"Nije pronađena nijedna memorijska kartica"},{"$i":"nocard3-text","$v":"Memorijska kartica nije pronađena. Umetnite memorijsku karticu da biste snimali videozapise."},{"$i":"pluggedin-title","$v":"Videozapis se ne može reproducirati dok je priključen"},{"$i":"pluggedin-text","$v":"Pohrana se trenutno koristi. Isključite telefon za snimanje videozapisa."},{"$i":"upgrade-title","$v":"Nadogradnja baze podataka"},{"$i":"upgrade-text","$v":"Priček. dok Videoz. až. svoju b. podataka."},{"$i":"confirm-delete","$v":"Sigurno želite izbrisati:"},{"$i":"pick-title","$v":"Odabir videozapisa"},{"$i":"save","$v":"Spremi"},{"$i":"saved","$v":"spr. u bib. videozapisa."},{"$i":"save-failed","$v":"Nije moguće spremiti videozapis, pokušajte ponovno."},{"$i":"error-network","$v":"Video se ne može preuz. zbog mrež. pogr."},{"$i":"error-unsupported","$v":"Videozapis se ne može reproducirati zbog toga što je došlo do kvara na poslužitelju ili mreži, ili pak zbog toga što oblik nije podržan."},{"$i":"error-unknown","$v":"Nepozn. pogr. videozapisa."},{"$i":"video-hardware-in-use-title","$v":"Videozapis se ne može reproducirati"},{"$i":"video-hardware-in-use-text","$v":"Druga ap. koristi repr. videozapisa."},{"$i":"overlay-cancel-button","$v":"Poništi"},{"$i":"overlay-camera-button","$v":"Idi na kameru"},{"$i":"sd-storage-full-header","$v":"SD kartica je puna."},{"$i":"sd-storage-full-content","$v":"Izbrišite datoteke na SD kartici za oslobađanje prostora."},{"$i":"phone-storage-full-header","$v":"Pohr. tel. puna."},{"$i":"phone-storage-full-content","$v":"Izbrišite medijske datoteke ili podatke aplikacije za oslobađanje prostora. Možete umetnuti i SD karticu za proširivanje medijske pohrane."},{"$i":"name-label","$v":"Ime"},{"$i":"length-label","$v":"Duljina"},{"$i":"size-label","$v":"Veličina"},{"$i":"video-type-label","$v":"Vrsta videozapisa"},{"$i":"date-taken-label","$v":"Datum snimanja"},{"$i":"resolution-label","$v":"Razlučivost"},{"$i":"close-button","$v":"Zatvori"},{"$i":"byteUnit-B","$v":"Bajtovi"},{"$i":"byteUnit-KB","$v":"kB"},{"$i":"byteUnit-MB","$v":"MB"},{"$i":"byteUnit-GB","$v":"GB"},{"$i":"byteUnit-TB","$v":"TB"},{"$i":"byteUnit-PB","$v":"PB"},{"$i":"byteUnit-EB","$v":"EB"},{"$i":"byteUnit-ZB","$v":"ZB"},{"$i":"byteUnit-YB","$v":"YB"},{"$i":"date-group-header","$v":"%B %Y"},{"$i":"share","$v":"Podijeli"},{"$i":"more-info","$v":"Dodatne informacije"},{"$i":"delete","$v":"Izbriši"},{"$i":"video-button","ariaLabel":"Video"},{"$i":"select-button","ariaLabel":"Odaberi"},{"$i":"delete-button","ariaLabel":"Izbriši"},{"$i":"share-button","ariaLabel":"Podijeli"},{"$i":"info-view","ariaLabel":"Podaci"},{"$i":"options-view","ariaLabel":"Opcije"},{"$i":"confirm-dialog","ariaLabel":"Potvrdi"},{"$i":"videos-list","ariaLabel":"Videozapisi"},{"$i":"options-more","ariaLabel":"Više"},{"$i":"seek-backward","ariaLabel":"Traži unatrag"},{"$i":"seek-bar","ariaLabel":["Tr. traženja, traj. ",{"t":"idOrVar","v":"duration"}]},{"$i":"seek-forward","ariaLabel":"Traži naprijed"},{"$i":"play-button","ariaLabel":"Reproduciraj"},{"$i":"pause-button","ariaLabel":"Stanka"},{"$i":"fullscreen-button","ariaLabel":"Preko cijelog zaslona"},{"$i":"show-controls-button","ariaLabel":"Prikaži kontrole"},{"$i":"hide-controls-button","ariaLabel":"Sakrij kontrole"},{"$i":"confirmation-title","$v":"Potvrda"},{"$i":"n-video-deleted","$v":{"few":["Izbrisano videozapisa: ",{"t":"idOrVar","v":"n"}],"many":["Izbrisano videozapisa: ",{"t":"idOrVar","v":"n"}],"one":"Videozapis izbrisan","other":["Izbrisano videozapisa: ",{"t":"idOrVar","v":"n"}],"two":["Izbrisano videozapisa: ",{"t":"idOrVar","v":"n"}],"zero":"Ništa nije odabrano"},"$x":[{"t":"idOrVar","v":"plural"},"n"]},{"$i":"rename-saved","$v":"Promjene spremljene"},{"$i":"confirm-video","$v":"Video"},{"$i":"confirm-ok","$v":"U redu"},{"$i":"options-header","$v":"Opcije"},{"$i":"video-invalid-name","$v":"Naziv nije valjan"},{"$i":"name-already-exists","$v":"Ovo ime već postoji"},{"$i":"override-warning-msg","$v":"Želite li nadjačati postojeću datoteku?"},{"$i":"override","$v":"Nadjačavanje"},{"$i":"opt-takevideo","$v":"Snimite videozapis"},{"$i":"select","$v":"Odaberi"},{"$i":"opt-deselect","$v":"Poništi odabir"},{"$i":"opt-delete","$v":"Izbriši"},{"$i":"opt-rename","$v":"Preimenuj"},{"$i":"opt-selectmultiple","$v":"Višestruki odabir"},{"$i":"opt-fileinfo","$v":"Informacije o datoteci"},{"$i":"opt-selectall","$v":"Odaberi sve"},{"$i":"opt-deselectall","$v":"Poništi odabir svega"},{"$i":"opt-fullscreen","$v":"Preko cijelog zaslona"},{"$i":"opt-play","$v":"Reproduciraj"},{"$i":"opt-pause","$v":"Stanka"},{"$i":"opt-volume","$v":"Glasnoća"},{"$i":"opt-rotate","$v":"Rotiraj"},{"$i":"opt-cancel","$v":"Poništi"},{"$i":"opt-settings","$v":"Postavke"},{"$i":"weekday-0-long","$v":"Nedjelja"},{"$i":"weekday-1-long","$v":"Ponedjeljak"},{"$i":"weekday-2-long","$v":"Utorak"},{"$i":"weekday-3-long","$v":"Srijeda"},{"$i":"weekday-4-long","$v":"Četvrtak"},{"$i":"weekday-5-long","$v":"Petak"},{"$i":"weekday-6-long","$v":"Subota"},{"$i":"weekday-0-short","$v":"Ned"},{"$i":"weekday-1-short","$v":"Pon"},{"$i":"weekday-2-short","$v":"Uto"},{"$i":"weekday-3-short","$v":"Sri"},{"$i":"weekday-4-short","$v":"Čet"},{"$i":"weekday-5-short","$v":"Pet"},{"$i":"weekday-6-short","$v":"Sub"},{"$i":"month-0-long","$v":"Siječanj"},{"$i":"month-1-long","$v":"Veljača"},{"$i":"month-2-long","$v":"Ožujak"},{"$i":"month-3-long","$v":"Travanj"},{"$i":"month-4-long","$v":"Svibanj"},{"$i":"month-5-long","$v":"Lipanj"},{"$i":"month-6-long","$v":"Srpanj"},{"$i":"month-7-long","$v":"Kolovoz"},{"$i":"month-8-long","$v":"Rujan"},{"$i":"month-9-long","$v":"Listopad"},{"$i":"month-10-long","$v":"Studeni"},{"$i":"month-11-long","$v":"Prosinac"},{"$i":"month-0-genitive","$v":"Siječanj"},{"$i":"month-1-genitive","$v":"Veljača"},{"$i":"month-2-genitive","$v":"Ožujak"},{"$i":"month-3-genitive","$v":"Travanj"},{"$i":"month-4-genitive","$v":"Svibanj"},{"$i":"month-5-genitive","$v":"Lipanj"},{"$i":"month-6-genitive","$v":"Srpanj"},{"$i":"month-7-genitive","$v":"Kolovoz"},{"$i":"month-8-genitive","$v":"Rujan"},{"$i":"month-9-genitive","$v":"Listopad"},{"$i":"month-10-genitive","$v":"Studeni"},{"$i":"month-11-genitive","$v":"Prosinac"},{"$i":"month-0-short","$v":"SIJEC."},{"$i":"month-1-short","$v":"VELJ."},{"$i":"month-2-short","$v":"OZUJ."},{"$i":"month-3-short","$v":"TRAV."},{"$i":"month-4-short","$v":"SVIB."},{"$i":"month-5-short","$v":"LIP."},{"$i":"month-6-short","$v":"SRP."},{"$i":"month-7-short","$v":"KOL."},{"$i":"month-8-short","$v":"RUJ."},{"$i":"month-9-short","$v":"LIST."},{"$i":"month-10-short","$v":"STUD."},{"$i":"month-11-short","$v":"PROS."},{"$i":"minutes-ago-long","$v":{"few":["Prije ",{"t":"idOrVar","v":"value"}," min"],"many":["Prije ",{"t":"idOrVar","v":"value"}," min"],"one":"prije 1 min","other":["Prije ",{"t":"idOrVar","v":"value"}," min"],"two":["Prije ",{"t":"idOrVar","v":"value"}," min"],"zero":"upravo sad"},"$x":[{"t":"idOrVar","v":"plural"},"value"]},{"$i":"hours-ago-long","$v":{"few":["Prije ",{"t":"idOrVar","v":"value"}," h"],"many":["Prije ",{"t":"idOrVar","v":"value"}," h"],"one":"prije jednog sata","other":["Prije ",{"t":"idOrVar","v":"value"}," h"],"two":["Prije ",{"t":"idOrVar","v":"value"}," h"],"zero":"upravo sad"},"$x":[{"t":"idOrVar","v":"plural"},"value"]},{"$i":"days-ago-long","$v":{"few":["Prije ",{"t":"idOrVar","v":"value"}," dana"],"many":["Prije ",{"t":"idOrVar","v":"value"}," dana"],"one":"jučer","other":["Prije ",{"t":"idOrVar","v":"value"}," dana"],"two":["Prije ",{"t":"idOrVar","v":"value"}," dana"],"zero":"danas"},"$x":[{"t":"idOrVar","v":"plural"},"value"]},{"$i":"weeks-ago-long","$v":{"few":["Prije ",{"t":"idOrVar","v":"value"}," tjed(a)na"],"many":["Prije ",{"t":"idOrVar","v":"value"}," tjed(a)na"],"one":"prošli tjedan","other":["Prije ",{"t":"idOrVar","v":"value"}," tjed(a)na"],"two":["Prije ",{"t":"idOrVar","v":"value"}," tjed(a)na"],"zero":"ovaj tjedan"},"$x":[{"t":"idOrVar","v":"plural"},"value"]},{"$i":"months-ago-long","$v":{"few":["Prije ",{"t":"idOrVar","v":"value"}," mjeseci(a)"],"many":["Prije ",{"t":"idOrVar","v":"value"}," mjeseci(a)"],"one":"prošli mjesec","other":["Prije ",{"t":"idOrVar","v":"value"}," mjeseci(a)"],"two":["Prije ",{"t":"idOrVar","v":"value"}," mjeseci(a)"],"zero":"ovaj mjesec"},"$x":[{"t":"idOrVar","v":"plural"},"value"]},{"$i":"years-ago-long","$v":{"few":["Prije ",{"t":"idOrVar","v":"value"}," godina"],"many":["Prije ",{"t":"idOrVar","v":"value"}," godina"],"one":"prošle godine","other":["Prije ",{"t":"idOrVar","v":"value"}," godina"],"two":["Prije ",{"t":"idOrVar","v":"value"}," godina"],"zero":"ova godina"},"$x":[{"t":"idOrVar","v":"plural"},"value"]},{"$i":"minutes-until-long","$v":{"few":["za ",{"t":"idOrVar","v":"value"}," min"],"many":["za ",{"t":"idOrVar","v":"value"}," min"],"one":"za minutu","other":["za ",{"t":"idOrVar","v":"value"}," min"],"two":["za ",{"t":"idOrVar","v":"value"}," min"],"zero":"sada"},"$x":[{"t":"idOrVar","v":"plural"},"value"]},{"$i":"hours-until-long","$v":{"few":["za ",{"t":"idOrVar","v":"value"}," h"],"many":["za ",{"t":"idOrVar","v":"value"}," h"],"one":"za sat vremena","other":["za ",{"t":"idOrVar","v":"value"}," h"],"two":["za ",{"t":"idOrVar","v":"value"}," h"],"zero":"sada"},"$x":[{"t":"idOrVar","v":"plural"},"value"]},{"$i":"days-until-long","$v":{"few":["za ",{"t":"idOrVar","v":"value"}," dana"],"many":["za ",{"t":"idOrVar","v":"value"}," dana"],"one":"sutra","other":["za ",{"t":"idOrVar","v":"value"}," dana"],"two":["za ",{"t":"idOrVar","v":"value"}," dana"],"zero":"danas"},"$x":[{"t":"idOrVar","v":"plural"},"value"]},{"$i":"weeks-until-long","$v":{"few":["za ",{"t":"idOrVar","v":"value"}," tjed(a)na"],"many":["za ",{"t":"idOrVar","v":"value"}," tjed(a)na"],"one":"sljedećeg tjedna","other":["za ",{"t":"idOrVar","v":"value"}," tjed(a)na"],"two":["za ",{"t":"idOrVar","v":"value"}," tjed(a)na"],"zero":"ovaj tjedan"},"$x":[{"t":"idOrVar","v":"plural"},"value"]},{"$i":"months-until-long","$v":{"few":["za ",{"t":"idOrVar","v":"value"}," mjeseci(a)"],"many":["za ",{"t":"idOrVar","v":"value"}," mjeseci(a)"],"one":"sljedećeg mjeseca","other":["za ",{"t":"idOrVar","v":"value"}," mjeseci(a)"],"two":["za ",{"t":"idOrVar","v":"value"}," mjeseci(a)"],"zero":"ovaj mjesec"},"$x":[{"t":"idOrVar","v":"plural"},"value"]},{"$i":"years-until-long","$v":{"few":["za ",{"t":"idOrVar","v":"value"}," godina"],"many":["za ",{"t":"idOrVar","v":"value"}," godina"],"one":"sljedeće godine","other":["za ",{"t":"idOrVar","v":"value"}," godina"],"two":["za ",{"t":"idOrVar","v":"value"}," godina"],"zero":"ova godina"},"$x":[{"t":"idOrVar","v":"plural"},"value"]},{"$i":"minutes-ago-short","$v":{"other":["Prije ",{"t":"idOrVar","v":"value"}," min"],"zero":"upravo sad"},"$x":[{"t":"idOrVar","v":"plural"},"value"]},{"$i":"hours-ago-short","$v":{"other":["Prije ",{"t":"idOrVar","v":"value"}," h"],"zero":"upravo sad"},"$x":[{"t":"idOrVar","v":"plural"},"value"]},{"$i":"days-ago-short","$v":{"other":["Prije ",{"t":"idOrVar","v":"value"}," dana"],"zero":"danas"},"$x":[{"t":"idOrVar","v":"plural"},"value"]},{"$i":"minutes-until-short","$v":{"other":["za ",{"t":"idOrVar","v":"value"}," min"],"zero":"sada"},"$x":[{"t":"idOrVar","v":"plural"},"value"]},{"$i":"hours-until-short","$v":{"other":["za ",{"t":"idOrVar","v":"value"}," h"],"zero":"sada"},"$x":[{"t":"idOrVar","v":"plural"},"value"]},{"$i":"days-until-short","$v":{"other":["za ",{"t":"idOrVar","v":"value"}," d."],"zero":"danas"},"$x":[{"t":"idOrVar","v":"plural"},"value"]},{"$i":"incorrectDate","$v":"(netočan datum)"},{"$i":"dateTimeFormat_%c","$v":"%a %b %e %Y %I:%M:%S %p"},{"$i":"dateTimeFormat_%x","$v":"%m/%d/%Y"},{"$i":"dateTimeFormat_%X","$v":"%I:%M:%S %p"},{"$i":"shortTimeFormat","$v":"%x %I:%M %p"},{"$i":"shortTimeFormat12","$v":"%x %I:%M %p"},{"$i":"shortTimeFormat24","$v":"%H:%M"},{"$i":"shortDateTimeFormat","$v":"%x %I:%M %p"},{"$i":"weekStartsOnMonday","$v":"0.0"},{"$i":"firstDayOfTheWeek","$v":"1.0"},{"$i":"time_am","$v":"AM"},{"$i":"time_pm","$v":"PM"},{"$i":"softkey-options","$v":"Opcije"}]