[{"$i":"done","$v":"Kész"},{"$i":"number-selected2","$v":{"few":[{"t":"idOrVar","v":"n"}," kiválasztva"],"many":[{"t":"idOrVar","v":"n"}," kiválasztva"],"one":[{"t":"idOrVar","v":"n"}," kiválasztva"],"other":[{"t":"idOrVar","v":"n"}," kiválasztva"],"two":[{"t":"idOrVar","v":"n"}," kiválasztva"],"zero":[{"t":"idOrVar","v":"n"}," kiválasztva"]},"$x":[{"t":"idOrVar","v":"plural"},"n"]},{"$i":"delete-n-items?","$v":{"few":["Törölni kíván ",{"t":"idOrVar","v":"n"}," videót?"],"many":["Törölni kíván ",{"t":"idOrVar","v":"n"}," videót?"],"one":"Törölni kívánja a kiválasztott videót?","other":["Törölni kíván ",{"t":"idOrVar","v":"n"}," videót?"],"two":["Törölni kíván ",{"t":"idOrVar","v":"n"}," videót?"],"zero":"Semmi sincs kiválasztva"},"$x":[{"t":"idOrVar","v":"plural"},"n"]},{"$i":"not-load-video-time","$v":"--:--"},{"$i":"video-time-num","$v":["0",{"t":"idOrVar","v":"num"}]},{"$i":"video-time-minute","$v":[{"t":"idOrVar","v":"owe"},{"t":"idOrVar","v":"m"},":",{"t":"idOrVar","v":"s"}]},{"$i":"video-time-hour","$v":[{"t":"idOrVar","v":"owe"},{"t":"idOrVar","v":"h"},":",{"t":"idOrVar","v":"m"},":",{"t":"idOrVar","v":"s"}]},{"$i":"share-noprovider","$v":"Érdemes egyszerre csak egy videót megosztani."},{"$i":"videos","$v":"Videók"},{"$i":"cancel","$v":"Mégse"},{"$i":"delete-video?","$v":"Törölni kívánja a kiválasztott videót?"},{"$i":"empty-title","$v":"A kezdéshez adjon hozzá videókat"},{"$i":"empty-text","$v":"Nincsenek elérhető videók."},{"$i":"empty-content","$v":"A videó üres. Használja a kamerát a kezdéshez."},{"$i":"search-title","$v":"Videók keresése..."},{"$i":"search-content","$v":"Videók keresése..."},{"$i":"nocard2-title","$v":"Nem található memóriakártya"},{"$i":"nocard3-text","$v":"Nem található memóriakártya. Helyezze be a memóriakártyát videók készítéséhez."},{"$i":"pluggedin-title","$v":"A videó nem tekinthető meg bedugott állapotban"},{"$i":"pluggedin-text","$v":"A tárhely jelenleg használatban van. Válassza le a telefont videofelvételek készítéséhez."},{"$i":"upgrade-title","$v":"Adatbázis-frissítés"},{"$i":"upgrade-text","$v":"Kis türelmet kérünk a Videó adatbázisának frissítéséig."},{"$i":"confirm-delete","$v":"Biztosan törölni kívánja a következőt:"},{"$i":"pick-title","$v":"Videó kiválasztása"},{"$i":"save","$v":"Mentés"},{"$i":"saved","$v":"elmentve a Videó könyvtárba."},{"$i":"save-failed","$v":"A videó mentése sikertelen. Próbálja újra. "},{"$i":"error-network","$v":"A videót hálózati hiba miatt nem sikerült letölteni."},{"$i":"error-unsupported","$v":"A videó nem játszható le: a szerver vagy a hálózat hibája miatt, vagy a formátum nem támogatott."},{"$i":"error-unknown","$v":"Ismeretlen videóhiba történt."},{"$i":"video-hardware-in-use-title","$v":"A videó lejátszása sikertelen."},{"$i":"video-hardware-in-use-text","$v":"Jelenleg egy másik alkalmazás használja a videolejátszót."},{"$i":"overlay-cancel-button","$v":"Mégse"},{"$i":"overlay-camera-button","$v":"Ugrás a Kamerára"},{"$i":"sd-storage-full-header","$v":"Az SD-kártya megtelt"},{"$i":"sd-storage-full-content","$v":"Töröljön fájlokat az SD-kártyáról a memória felszabadítása érdekében."},{"$i":"phone-storage-full-header","$v":"A telefon memóriája megtelt."},{"$i":"phone-storage-full-content","$v":"Töröljön médiafájlokat vagy alkalmazásadatokat a memória felszabadítása érdekében. A médiatárhely bővítéséhez egy SD-kártyát is behelyezhet."},{"$i":"name-label","$v":"Név"},{"$i":"length-label","$v":"Hossz"},{"$i":"size-label","$v":"Méret"},{"$i":"video-type-label","$v":"Videotípus"},{"$i":"date-taken-label","$v":"Felvétel dátuma"},{"$i":"resolution-label","$v":"Felbontás"},{"$i":"close-button","$v":"Bezárás"},{"$i":"byteUnit-B","$v":"bájt"},{"$i":"byteUnit-KB","$v":"KB"},{"$i":"byteUnit-MB","$v":"MB"},{"$i":"byteUnit-GB","$v":"GB"},{"$i":"byteUnit-TB","$v":"TB"},{"$i":"byteUnit-PB","$v":"PB"},{"$i":"byteUnit-EB","$v":"EB"},{"$i":"byteUnit-ZB","$v":"ZB"},{"$i":"byteUnit-YB","$v":"YB"},{"$i":"date-group-header","$v":"%B %Y"},{"$i":"share","$v":"Megosztás"},{"$i":"more-info","$v":"További információ"},{"$i":"delete","$v":"Törlés"},{"$i":"video-button","ariaLabel":"Videó"},{"$i":"select-button","ariaLabel":"Kiválasztás"},{"$i":"delete-button","ariaLabel":"Törlés"},{"$i":"share-button","ariaLabel":"Megosztás"},{"$i":"info-view","ariaLabel":"Információ"},{"$i":"options-view","ariaLabel":"Opciók"},{"$i":"confirm-dialog","ariaLabel":"Megerősítés"},{"$i":"videos-list","ariaLabel":"Videók"},{"$i":"options-more","ariaLabel":"Továbbiak"},{"$i":"seek-backward","ariaLabel":"Keresés visszafelé"},{"$i":"seek-bar","ariaLabel":["Keresősáv, időtartam ",{"t":"idOrVar","v":"duration"}]},{"$i":"seek-forward","ariaLabel":"Keresés előre"},{"$i":"play-button","ariaLabel":"Lejátszás"},{"$i":"pause-button","ariaLabel":"Szüneteltetés"},{"$i":"fullscreen-button","ariaLabel":"Teljes képernyő"},{"$i":"show-controls-button","ariaLabel":"Kezelőszervek megjelenítése"},{"$i":"hide-controls-button","ariaLabel":"Kezelőszervek elrejtése"},{"$i":"confirmation-title","$v":"Megerősítés"},{"$i":"n-video-deleted","$v":{"few":[{"t":"idOrVar","v":"n"}," videó törölve"],"many":[{"t":"idOrVar","v":"n"}," videó törölve"],"one":"Videó törölve","other":[{"t":"idOrVar","v":"n"}," videó törölve"],"two":[{"t":"idOrVar","v":"n"}," videó törölve"],"zero":"Semmi sincs kiválasztva"},"$x":[{"t":"idOrVar","v":"plural"},"n"]},{"$i":"rename-saved","$v":"Módosítások elmentve"},{"$i":"confirm-video","$v":"Videó"},{"$i":"confirm-ok","$v":"OK"},{"$i":"options-header","$v":"Opciók"},{"$i":"video-invalid-name","$v":"Érvénytelen név"},{"$i":"name-already-exists","$v":"Ez a név már létezik"},{"$i":"override-warning-msg","$v":"Felül kívánja írni a meglévő fájlt?"},{"$i":"override","$v":"Felülírás"},{"$i":"opt-takevideo","$v":"Kamera"},{"$i":"select","$v":"Kiválasztás"},{"$i":"opt-deselect","$v":"Kijelölés törlése"},{"$i":"opt-delete","$v":"Törlés"},{"$i":"opt-rename","$v":"Átnevezés"},{"$i":"opt-selectmultiple","$v":"Több kiválasztása"},{"$i":"opt-fileinfo","$v":"Fájlinformáció"},{"$i":"opt-selectall","$v":"Összes"},{"$i":"opt-deselectall","$v":"Nincs"},{"$i":"opt-fullscreen","$v":"Teljes képernyő"},{"$i":"opt-play","$v":"Lejátszás"},{"$i":"opt-pause","$v":"Szüneteltetés"},{"$i":"opt-volume","$v":"Hangerő"},{"$i":"opt-rotate","$v":"Elforgatás"},{"$i":"opt-cancel","$v":"Mégse"},{"$i":"opt-settings","$v":"Beállítások"},{"$i":"weekday-0-long","$v":"Vasárnap"},{"$i":"weekday-1-long","$v":"Hétfő"},{"$i":"weekday-2-long","$v":"Kedd"},{"$i":"weekday-3-long","$v":"Szerda"},{"$i":"weekday-4-long","$v":"Csütörtök"},{"$i":"weekday-5-long","$v":"Péntek"},{"$i":"weekday-6-long","$v":"Szombat"},{"$i":"weekday-0-short","$v":"Vas"},{"$i":"weekday-1-short","$v":"Hé."},{"$i":"weekday-2-short","$v":"Ke."},{"$i":"weekday-3-short","$v":"Sze."},{"$i":"weekday-4-short","$v":"Csü."},{"$i":"weekday-5-short","$v":"Pé."},{"$i":"weekday-6-short","$v":"Szo."},{"$i":"month-0-long","$v":"JANUÁR"},{"$i":"month-1-long","$v":"FEBRUÁR"},{"$i":"month-2-long","$v":"MÁRCIUS"},{"$i":"month-3-long","$v":"ÁPRILIS"},{"$i":"month-4-long","$v":"MÁJUS"},{"$i":"month-5-long","$v":"JÚNIUS"},{"$i":"month-6-long","$v":"JÚLIUS"},{"$i":"month-7-long","$v":"AUGUSZTUS"},{"$i":"month-8-long","$v":"SZEPTEMBER"},{"$i":"month-9-long","$v":"OKTÓBER"},{"$i":"month-10-long","$v":"NOVEMBER"},{"$i":"month-11-long","$v":"DECEMBER"},{"$i":"month-0-genitive","$v":"JANUÁR"},{"$i":"month-1-genitive","$v":"FEBRUÁR"},{"$i":"month-2-genitive","$v":"MÁRCIUS"},{"$i":"month-3-genitive","$v":"ÁPRILIS"},{"$i":"month-4-genitive","$v":"MÁJUS"},{"$i":"month-5-genitive","$v":"JÚNIUS"},{"$i":"month-6-genitive","$v":"JÚLIUS"},{"$i":"month-7-genitive","$v":"AUGUSZTUS"},{"$i":"month-8-genitive","$v":"SZEPTEMBER"},{"$i":"month-9-genitive","$v":"OKTÓBER"},{"$i":"month-10-genitive","$v":"NOVEMBER"},{"$i":"month-11-genitive","$v":"DECEMBER"},{"$i":"month-0-short","$v":"Jan."},{"$i":"month-1-short","$v":"Feb."},{"$i":"month-2-short","$v":"Már."},{"$i":"month-3-short","$v":"Ápr."},{"$i":"month-4-short","$v":"MÁJUS"},{"$i":"month-5-short","$v":"Jún."},{"$i":"month-6-short","$v":"Júl."},{"$i":"month-7-short","$v":"Aug."},{"$i":"month-8-short","$v":"Szep."},{"$i":"month-9-short","$v":"Okt."},{"$i":"month-10-short","$v":"Nov."},{"$i":"month-11-short","$v":"Dec."},{"$i":"minutes-ago-long","$v":{"few":[{"t":"idOrVar","v":"value"}," perccel ezelőtt"],"many":[{"t":"idOrVar","v":"value"}," perccel ezelőtt"],"one":"egy perccel ezelőtt","other":[{"t":"idOrVar","v":"value"}," perccel ezelőtt"],"two":[{"t":"idOrVar","v":"value"}," perccel ezelőtt"],"zero":"épp most"},"$x":[{"t":"idOrVar","v":"plural"},"value"]},{"$i":"hours-ago-long","$v":{"few":[{"t":"idOrVar","v":"value"}," órával ezelőtt"],"many":[{"t":"idOrVar","v":"value"}," órával ezelőtt"],"one":"egy órája","other":[{"t":"idOrVar","v":"value"}," órával ezelőtt"],"two":[{"t":"idOrVar","v":"value"}," órával ezelőtt"],"zero":"épp most"},"$x":[{"t":"idOrVar","v":"plural"},"value"]},{"$i":"days-ago-long","$v":{"few":[{"t":"idOrVar","v":"value"}," nappal ezelőtt"],"many":[{"t":"idOrVar","v":"value"}," nappal ezelőtt"],"one":"Tegnap","other":[{"t":"idOrVar","v":"value"}," nappal ezelőtt"],"two":[{"t":"idOrVar","v":"value"}," nappal ezelőtt"],"zero":"Ma"},"$x":[{"t":"idOrVar","v":"plural"},"value"]},{"$i":"weeks-ago-long","$v":{"few":[{"t":"idOrVar","v":"value"}," héttel ezelőtt"],"many":[{"t":"idOrVar","v":"value"}," héttel ezelőtt"],"one":"múlt héten","other":[{"t":"idOrVar","v":"value"}," héttel ezelőtt"],"two":[{"t":"idOrVar","v":"value"}," héttel ezelőtt"],"zero":"ezen a héten"},"$x":[{"t":"idOrVar","v":"plural"},"value"]},{"$i":"months-ago-long","$v":{"few":[{"t":"idOrVar","v":"value"}," hónappal ezelőtt"],"many":[{"t":"idOrVar","v":"value"}," hónappal ezelőtt"],"one":"Múlt hónapban","other":[{"t":"idOrVar","v":"value"}," hónappal ezelőtt"],"two":[{"t":"idOrVar","v":"value"}," hónappal ezelőtt"],"zero":"EBBEN A HÓNAPBAN"},"$x":[{"t":"idOrVar","v":"plural"},"value"]},{"$i":"years-ago-long","$v":{"few":[{"t":"idOrVar","v":"value"}," évvel ezelőtt"],"many":[{"t":"idOrVar","v":"value"}," évvel ezelőtt"],"one":"tavaly","other":[{"t":"idOrVar","v":"value"}," évvel ezelőtt"],"two":[{"t":"idOrVar","v":"value"}," évvel ezelőtt"],"zero":"idén"},"$x":[{"t":"idOrVar","v":"plural"},"value"]},{"$i":"minutes-until-long","$v":{"few":[{"t":"idOrVar","v":"value"}," perc múlva"],"many":[{"t":"idOrVar","v":"value"}," perc múlva"],"one":"egy perc múlva","other":[{"t":"idOrVar","v":"value"}," perc múlva"],"two":[{"t":"idOrVar","v":"value"}," perc múlva"],"zero":"most"},"$x":[{"t":"idOrVar","v":"plural"},"value"]},{"$i":"hours-until-long","$v":{"few":[{"t":"idOrVar","v":"value"}," óra múlva"],"many":[{"t":"idOrVar","v":"value"}," óra múlva"],"one":"egy órán múlva","other":[{"t":"idOrVar","v":"value"}," óra múlva"],"two":[{"t":"idOrVar","v":"value"}," óra múlva"],"zero":"most"},"$x":[{"t":"idOrVar","v":"plural"},"value"]},{"$i":"days-until-long","$v":{"few":[{"t":"idOrVar","v":"value"}," nap múlva"],"many":[{"t":"idOrVar","v":"value"}," nap múlva"],"one":"holnap","other":[{"t":"idOrVar","v":"value"}," nap múlva"],"two":[{"t":"idOrVar","v":"value"}," nap múlva"],"zero":"Ma"},"$x":[{"t":"idOrVar","v":"plural"},"value"]},{"$i":"weeks-until-long","$v":{"few":[{"t":"idOrVar","v":"value"}," hét múlva"],"many":[{"t":"idOrVar","v":"value"}," hét múlva"],"one":"jövő héten","other":[{"t":"idOrVar","v":"value"}," hét múlva"],"two":[{"t":"idOrVar","v":"value"}," hét múlva"],"zero":"ezen a héten"},"$x":[{"t":"idOrVar","v":"plural"},"value"]},{"$i":"months-until-long","$v":{"few":[{"t":"idOrVar","v":"value"}," hónap múlva"],"many":[{"t":"idOrVar","v":"value"}," hónap múlva"],"one":"következő hónapban","other":[{"t":"idOrVar","v":"value"}," hónap múlva"],"two":[{"t":"idOrVar","v":"value"}," hónap múlva"],"zero":"EBBEN A HÓNAPBAN"},"$x":[{"t":"idOrVar","v":"plural"},"value"]},{"$i":"years-until-long","$v":{"few":[{"t":"idOrVar","v":"value"}," év múlva"],"many":[{"t":"idOrVar","v":"value"}," év múlva"],"one":"jövő évben","other":[{"t":"idOrVar","v":"value"}," év múlva"],"two":[{"t":"idOrVar","v":"value"}," év múlva"],"zero":"idén"},"$x":[{"t":"idOrVar","v":"plural"},"value"]},{"$i":"minutes-ago-short","$v":{"other":[{"t":"idOrVar","v":"value"}," perccel ezelőtt"],"zero":"épp most"},"$x":[{"t":"idOrVar","v":"plural"},"value"]},{"$i":"hours-ago-short","$v":{"other":[{"t":"idOrVar","v":"value"}," órával ezelőtt"],"zero":"épp most"},"$x":[{"t":"idOrVar","v":"plural"},"value"]},{"$i":"days-ago-short","$v":{"other":[{"t":"idOrVar","v":"value"},"n ezelőtt"],"zero":"Ma"},"$x":[{"t":"idOrVar","v":"plural"},"value"]},{"$i":"minutes-until-short","$v":{"other":[{"t":"idOrVar","v":"value"}," percen belül"],"zero":"most"},"$x":[{"t":"idOrVar","v":"plural"},"value"]},{"$i":"hours-until-short","$v":{"other":[{"t":"idOrVar","v":"value"}," óra múlva"],"zero":"most"},"$x":[{"t":"idOrVar","v":"plural"},"value"]},{"$i":"days-until-short","$v":{"other":[{"t":"idOrVar","v":"value"}," nap múlva"],"zero":"Ma"},"$x":[{"t":"idOrVar","v":"plural"},"value"]},{"$i":"incorrectDate","$v":"(helytelen dátum)"},{"$i":"dateTimeFormat_%c","$v":"%a %b %e %Y %I:%M:%S %p"},{"$i":"dateTimeFormat_%x","$v":"%m/%d/%Y"},{"$i":"dateTimeFormat_%X","$v":"%I:%M:%S %p"},{"$i":"shortTimeFormat","$v":"%I:%M %p"},{"$i":"shortTimeFormat12","$v":"%I:%M %p"},{"$i":"shortTimeFormat24","$v":"%H:%M"},{"$i":"shortDateTimeFormat","$v":"%x %I:%M %p"},{"$i":"weekStartsOnMonday","$v":"0.0"},{"$i":"firstDayOfTheWeek","$v":"1.0"},{"$i":"time_am","$v":"de."},{"$i":"time_pm","$v":"du."},{"$i":"softkey-options","$v":"Opciók"}]