[{"$i":"done","$v":"Selesai"},{"$i":"number-selected2","$v":{"few":[{"t":"idOrVar","v":"n"}," dipilih"],"many":[{"t":"idOrVar","v":"n"}," dipilih"],"one":[{"t":"idOrVar","v":"n"}," dipilih"],"other":[{"t":"idOrVar","v":"n"}," dipilih"],"two":[{"t":"idOrVar","v":"n"}," dipilih"],"zero":[{"t":"idOrVar","v":"n"}," dipilih"]},"$x":[{"t":"idOrVar","v":"plural"},"n"]},{"$i":"delete-n-items?","$v":{"few":["Hapus ",{"t":"idOrVar","v":"n"}," video?"],"many":["Hapus ",{"t":"idOrVar","v":"n"}," video?"],"one":"Hapus video terpilih?","other":["Hapus ",{"t":"idOrVar","v":"n"}," video?"],"two":["Hapus ",{"t":"idOrVar","v":"n"}," video?"],"zero":"Tidak ada yang dipilih"},"$x":[{"t":"idOrVar","v":"plural"},"n"]},{"$i":"not-load-video-time","$v":"--:--"},{"$i":"video-time-num","$v":["0",{"t":"idOrVar","v":"num"}]},{"$i":"video-time-minute","$v":[{"t":"idOrVar","v":"owe"},{"t":"idOrVar","v":"m"},":",{"t":"idOrVar","v":"s"}]},{"$i":"video-time-hour","$v":[{"t":"idOrVar","v":"owe"},{"t":"idOrVar","v":"h"},":",{"t":"idOrVar","v":"m"},":",{"t":"idOrVar","v":"s"}]},{"$i":"share-noprovider","$v":"Coba membagikan satu video sekali waktu."},{"$i":"videos","$v":"Video"},{"$i":"cancel","$v":"Batal"},{"$i":"delete-video?","$v":"Hapus video terpilih?"},{"$i":"empty-title","$v":"Tambah video untuk memulai"},{"$i":"empty-text","$v":"Tidak ada video tersedia."},{"$i":"empty-content","$v":"Video kosong Gunakan kamera untuk memulai."},{"$i":"search-title","$v":"Memindai video..."},{"$i":"search-content","$v":"Memindai video..."},{"$i":"nocard2-title","$v":"Tidak ada kartu memori ditemukan"},{"$i":"nocard3-text","$v":"Kartu memori tidak ditemukan. Silakan pasang kartu memori untuk merekam video."},{"$i":"pluggedin-title","$v":"Video tidak dapat ditonton saat ponsel tersambung"},{"$i":"pluggedin-text","$v":"Penyimpanan sedang digunakan. Silakan cabut ponsel untuk merekam video."},{"$i":"upgrade-title","$v":"Database Ditingkatkan"},{"$i":"upgrade-text","$v":"Silakan tunggu selagi Video memperbarui database."},{"$i":"confirm-delete","$v":"Anda yakin ingin menghapus:"},{"$i":"pick-title","$v":"Pilih satu video"},{"$i":"save","$v":"Simpan"},{"$i":"saved","$v":"simpan ke perpustakaan Video."},{"$i":"save-failed","$v":"Tidak dapat menyimpan video, coba lagi."},{"$i":"error-network","$v":"Video tidak dapat diunduh karena kesalahan jaringan."},{"$i":"error-unsupported","$v":"Video tidak dapat diputar: karena kegagalan server atau jaringan atau karena format tidak didukung."},{"$i":"error-unknown","$v":"Kesalahan tidak diketahui video terjadi."},{"$i":"video-hardware-in-use-title","$v":"Tidak dapat memutar video"},{"$i":"video-hardware-in-use-text","$v":"Aplikasi lain sedang menggunakan pemutar video."},{"$i":"overlay-cancel-button","$v":"Batal"},{"$i":"overlay-camera-button","$v":"Pergi ke Kamera"},{"$i":"sd-storage-full-header","$v":"Kartu SD Penuh"},{"$i":"sd-storage-full-content","$v":"Hapus file dalam kartu SD untuk membebaskan ruang."},{"$i":"phone-storage-full-header","$v":"Penyimpanan Telepon Penuh"},{"$i":"phone-storage-full-content","$v":"Hapus file media atau data aplikasi untuk membebaskan ruang. Anda juga dapat memasang kartu SD untuk memperbesar memori media."},{"$i":"name-label","$v":"Nama"},{"$i":"length-label","$v":"Panjang"},{"$i":"size-label","$v":"Ukuran"},{"$i":"video-type-label","$v":"Jenis Video"},{"$i":"date-taken-label","$v":"Tanggal Diambil"},{"$i":"resolution-label","$v":"Resolusi"},{"$i":"close-button","$v":"Tutup"},{"$i":"byteUnit-B","$v":"Bytes"},{"$i":"byteUnit-KB","$v":"KB"},{"$i":"byteUnit-MB","$v":"MB"},{"$i":"byteUnit-GB","$v":"GB"},{"$i":"byteUnit-TB","$v":"TB"},{"$i":"byteUnit-PB","$v":"PB"},{"$i":"byteUnit-EB","$v":"EB"},{"$i":"byteUnit-ZB","$v":"ZB"},{"$i":"byteUnit-YB","$v":"YB"},{"$i":"date-group-header","$v":"%B %Y"},{"$i":"share","$v":"Bagikan"},{"$i":"more-info","$v":"Info lebih lanjut"},{"$i":"delete","$v":"Hapus"},{"$i":"video-button","ariaLabel":"Video"},{"$i":"select-button","ariaLabel":"Pilih"},{"$i":"delete-button","ariaLabel":"Hapus"},{"$i":"share-button","ariaLabel":"Bagikan"},{"$i":"info-view","ariaLabel":"Info"},{"$i":"options-view","ariaLabel":"Opsi"},{"$i":"confirm-dialog","ariaLabel":"Konfirmasi"},{"$i":"videos-list","ariaLabel":"Video"},{"$i":"options-more","ariaLabel":"Lebih"},{"$i":"seek-backward","ariaLabel":"Lihat ke belakang"},{"$i":"seek-bar","ariaLabel":["Bilah pencari, durasi ",{"t":"idOrVar","v":"duration"}]},{"$i":"seek-forward","ariaLabel":"Lihat ke depan"},{"$i":"play-button","ariaLabel":"Putar"},{"$i":"pause-button","ariaLabel":"Jeda"},{"$i":"fullscreen-button","ariaLabel":"Layar penuh"},{"$i":"show-controls-button","ariaLabel":"Tampilkan kendali"},{"$i":"hide-controls-button","ariaLabel":"Sembunyikan kendali"},{"$i":"confirmation-title","$v":"Konfirmasi"},{"$i":"n-video-deleted","$v":{"few":[{"t":"idOrVar","v":"n"}," video dihapus"],"many":[{"t":"idOrVar","v":"n"}," video dihapus"],"one":"Video dihapus","other":[{"t":"idOrVar","v":"n"}," video dihapus"],"two":[{"t":"idOrVar","v":"n"}," video dihapus"],"zero":"Tidak ada yang dipilih"},"$x":[{"t":"idOrVar","v":"plural"},"n"]},{"$i":"rename-saved","$v":"Perubahan disimpan"},{"$i":"confirm-video","$v":"Video"},{"$i":"confirm-ok","$v":"OK"},{"$i":"options-header","$v":"Opsi"},{"$i":"video-invalid-name","$v":"Nama Tidak Valid"},{"$i":"name-already-exists","$v":"Nama ini telah ada"},{"$i":"override-warning-msg","$v":"Apakah Anda ingin menimpa file yang telah ada?"},{"$i":"override","$v":"Mengesampingkan"},{"$i":"opt-takevideo","$v":"Kamera"},{"$i":"select","$v":"Pilih"},{"$i":"opt-deselect","$v":"Hapus pilihan"},{"$i":"opt-delete","$v":"Hapus"},{"$i":"opt-rename","$v":"Ganti nama"},{"$i":"opt-selectmultiple","$v":"Pilih Banyak"},{"$i":"opt-fileinfo","$v":"Informasi File"},{"$i":"opt-selectall","$v":"Semua"},{"$i":"opt-deselectall","$v":"Tidak ada"},{"$i":"opt-fullscreen","$v":"Layar Penuh"},{"$i":"opt-play","$v":"Putar"},{"$i":"opt-pause","$v":"Jeda"},{"$i":"opt-volume","$v":"Volume"},{"$i":"opt-rotate","$v":"Putar"},{"$i":"opt-cancel","$v":"Batal"},{"$i":"opt-settings","$v":"Pengaturan"},{"$i":"weekday-0-long","$v":"Minggu"},{"$i":"weekday-1-long","$v":"Senin"},{"$i":"weekday-2-long","$v":"Selasa"},{"$i":"weekday-3-long","$v":"Rabu"},{"$i":"weekday-4-long","$v":"Kamis"},{"$i":"weekday-5-long","$v":"Jumat"},{"$i":"weekday-6-long","$v":"Sabtu"},{"$i":"weekday-0-short","$v":"Min"},{"$i":"weekday-1-short","$v":"Sen"},{"$i":"weekday-2-short","$v":"Sel"},{"$i":"weekday-3-short","$v":"Rab"},{"$i":"weekday-4-short","$v":"Kam"},{"$i":"weekday-5-short","$v":"Jum"},{"$i":"weekday-6-short","$v":"Sab"},{"$i":"month-0-long","$v":"Januari"},{"$i":"month-1-long","$v":"Februari"},{"$i":"month-2-long","$v":"Maret"},{"$i":"month-3-long","$v":"April"},{"$i":"month-4-long","$v":"Mei"},{"$i":"month-5-long","$v":"Juni"},{"$i":"month-6-long","$v":"Juli"},{"$i":"month-7-long","$v":"Agustus"},{"$i":"month-8-long","$v":"September"},{"$i":"month-9-long","$v":"Oktober"},{"$i":"month-10-long","$v":"November"},{"$i":"month-11-long","$v":"Desember"},{"$i":"month-0-genitive","$v":"Januari"},{"$i":"month-1-genitive","$v":"Februari"},{"$i":"month-2-genitive","$v":"Maret"},{"$i":"month-3-genitive","$v":"April"},{"$i":"month-4-genitive","$v":"Mei"},{"$i":"month-5-genitive","$v":"Juni"},{"$i":"month-6-genitive","$v":"Juli"},{"$i":"month-7-genitive","$v":"Agustus"},{"$i":"month-8-genitive","$v":"September"},{"$i":"month-9-genitive","$v":"Oktober"},{"$i":"month-10-genitive","$v":"November"},{"$i":"month-11-genitive","$v":"Desember"},{"$i":"month-0-short","$v":"Jan"},{"$i":"month-1-short","$v":"Feb"},{"$i":"month-2-short","$v":"Mar"},{"$i":"month-3-short","$v":"Apr"},{"$i":"month-4-short","$v":"Mei"},{"$i":"month-5-short","$v":"Jun"},{"$i":"month-6-short","$v":"Jul"},{"$i":"month-7-short","$v":"Agt"},{"$i":"month-8-short","$v":"Sep"},{"$i":"month-9-short","$v":"Okt"},{"$i":"month-10-short","$v":"Nov"},{"$i":"month-11-short","$v":"Des"},{"$i":"minutes-ago-long","$v":{"few":[{"t":"idOrVar","v":"value"}," menit yang lalu"],"many":[{"t":"idOrVar","v":"value"}," menit yang lalu"],"one":"semenit yang lalu","other":[{"t":"idOrVar","v":"value"}," menit yang lalu"],"two":[{"t":"idOrVar","v":"value"}," menit yang lalu"],"zero":"baru saja"},"$x":[{"t":"idOrVar","v":"plural"},"value"]},{"$i":"hours-ago-long","$v":{"few":[{"t":"idOrVar","v":"value"}," jam yang lalu"],"many":[{"t":"idOrVar","v":"value"}," jam yang lalu"],"one":"sejam yang lalu","other":[{"t":"idOrVar","v":"value"}," jam yang lalu"],"two":[{"t":"idOrVar","v":"value"}," jam yang lalu"],"zero":"baru saja"},"$x":[{"t":"idOrVar","v":"plural"},"value"]},{"$i":"days-ago-long","$v":{"few":[{"t":"idOrVar","v":"value"}," hari yang lalu"],"many":[{"t":"idOrVar","v":"value"}," hari yang lalu"],"one":"kemarin","other":[{"t":"idOrVar","v":"value"}," hari yang lalu"],"two":[{"t":"idOrVar","v":"value"}," hari yang lalu"],"zero":"hari ini"},"$x":[{"t":"idOrVar","v":"plural"},"value"]},{"$i":"weeks-ago-long","$v":{"few":[{"t":"idOrVar","v":"value"}," pekan yang lalu"],"many":[{"t":"idOrVar","v":"value"}," pekan yang lalu"],"one":"pekan lalu","other":[{"t":"idOrVar","v":"value"}," pekan yang lalu"],"two":[{"t":"idOrVar","v":"value"}," pekan yang lalu"],"zero":"pekan ini"},"$x":[{"t":"idOrVar","v":"plural"},"value"]},{"$i":"months-ago-long","$v":{"few":[{"t":"idOrVar","v":"value"}," bulan yang lalu"],"many":[{"t":"idOrVar","v":"value"}," bulan yang lalu"],"one":"bulan lalu","other":[{"t":"idOrVar","v":"value"}," bulan yang lalu"],"two":[{"t":"idOrVar","v":"value"}," bulan yang lalu"],"zero":"bulan ini"},"$x":[{"t":"idOrVar","v":"plural"},"value"]},{"$i":"years-ago-long","$v":{"few":[{"t":"idOrVar","v":"value"}," tahun yang lalu"],"many":[{"t":"idOrVar","v":"value"}," tahun yang lalu"],"one":"tahun lalu","other":[{"t":"idOrVar","v":"value"}," tahun yang lalu"],"two":[{"t":"idOrVar","v":"value"}," tahun yang lalu"],"zero":"tahun ini"},"$x":[{"t":"idOrVar","v":"plural"},"value"]},{"$i":"minutes-until-long","$v":{"few":["dalam ",{"t":"idOrVar","v":"value"}," menit"],"many":["dalam ",{"t":"idOrVar","v":"value"}," menit"],"one":"dalam satu menit","other":["dalam ",{"t":"idOrVar","v":"value"}," menit"],"two":["dalam ",{"t":"idOrVar","v":"value"}," menit"],"zero":"sekarang"},"$x":[{"t":"idOrVar","v":"plural"},"value"]},{"$i":"hours-until-long","$v":{"few":["dalam ",{"t":"idOrVar","v":"value"}," jam"],"many":["dalam ",{"t":"idOrVar","v":"value"}," jam"],"one":"dalam satu jam","other":["dalam ",{"t":"idOrVar","v":"value"}," jam"],"two":["dalam ",{"t":"idOrVar","v":"value"}," jam"],"zero":"sekarang"},"$x":[{"t":"idOrVar","v":"plural"},"value"]},{"$i":"days-until-long","$v":{"few":["dalam ",{"t":"idOrVar","v":"value"}," hari"],"many":["dalam ",{"t":"idOrVar","v":"value"}," hari"],"one":"besok","other":["dalam ",{"t":"idOrVar","v":"value"}," hari"],"two":["dalam ",{"t":"idOrVar","v":"value"}," hari"],"zero":"hari ini"},"$x":[{"t":"idOrVar","v":"plural"},"value"]},{"$i":"weeks-until-long","$v":{"few":["dalam ",{"t":"idOrVar","v":"value"}," pekan"],"many":["dalam ",{"t":"idOrVar","v":"value"}," pekan"],"one":"pekan depan","other":["dalam ",{"t":"idOrVar","v":"value"}," pekan"],"two":["dalam ",{"t":"idOrVar","v":"value"}," pekan"],"zero":"pekan ini"},"$x":[{"t":"idOrVar","v":"plural"},"value"]},{"$i":"months-until-long","$v":{"few":["dalam ",{"t":"idOrVar","v":"value"}," bulan"],"many":["dalam ",{"t":"idOrVar","v":"value"}," bulan"],"one":"bulan depan","other":["dalam ",{"t":"idOrVar","v":"value"}," bulan"],"two":["dalam ",{"t":"idOrVar","v":"value"}," bulan"],"zero":"bulan ini"},"$x":[{"t":"idOrVar","v":"plural"},"value"]},{"$i":"years-until-long","$v":{"few":["dalam ",{"t":"idOrVar","v":"value"}," tahun"],"many":["dalam ",{"t":"idOrVar","v":"value"}," tahun"],"one":"tahun depan","other":["dalam ",{"t":"idOrVar","v":"value"}," tahun"],"two":["dalam ",{"t":"idOrVar","v":"value"}," tahun"],"zero":"tahun ini"},"$x":[{"t":"idOrVar","v":"plural"},"value"]},{"$i":"minutes-ago-short","$v":{"other":[{"t":"idOrVar","v":"value"},"menit yang lalu"],"zero":"baru saja"},"$x":[{"t":"idOrVar","v":"plural"},"value"]},{"$i":"hours-ago-short","$v":{"other":[{"t":"idOrVar","v":"value"},"j yang lalu"],"zero":"baru saja"},"$x":[{"t":"idOrVar","v":"plural"},"value"]},{"$i":"days-ago-short","$v":{"other":[{"t":"idOrVar","v":"value"},"h yang lalu"],"zero":"hari ini"},"$x":[{"t":"idOrVar","v":"plural"},"value"]},{"$i":"minutes-until-short","$v":{"other":["dalam ",{"t":"idOrVar","v":"value"},"m"],"zero":"sekarang"},"$x":[{"t":"idOrVar","v":"plural"},"value"]},{"$i":"hours-until-short","$v":{"other":["dalam ",{"t":"idOrVar","v":"value"},"j"],"zero":"sekarang"},"$x":[{"t":"idOrVar","v":"plural"},"value"]},{"$i":"days-until-short","$v":{"other":["dalam ",{"t":"idOrVar","v":"value"},"h"],"zero":"hari ini"},"$x":[{"t":"idOrVar","v":"plural"},"value"]},{"$i":"incorrectDate","$v":"(tanggal salah)"},{"$i":"dateTimeFormat_%c","$v":"%a %b %e %Y %I:%M:%S %p"},{"$i":"dateTimeFormat_%x","$v":"%m/%d/%Y"},{"$i":"dateTimeFormat_%X","$v":"%I:%M:%S %p"},{"$i":"shortTimeFormat","$v":"%I:%M %p"},{"$i":"shortTimeFormat12","$v":"%I:%M %p"},{"$i":"shortTimeFormat24","$v":"%H:%M"},{"$i":"shortDateTimeFormat","$v":"%x %I:%M %p"},{"$i":"weekStartsOnMonday","$v":"0.0"},{"$i":"firstDayOfTheWeek","$v":"0.0"},{"$i":"time_am","$v":"AM"},{"$i":"time_pm","$v":"PM"},{"$i":"softkey-options","$v":"Opsi"}]