[{"$i":"done","$v":"Lokið"},{"$i":"number-selected2","$v":{"few":[{"t":"idOrVar","v":"n"}," valið"],"many":[{"t":"idOrVar","v":"n"}," valið"],"one":[{"t":"idOrVar","v":"n"}," valið"],"other":[{"t":"idOrVar","v":"n"}," valið"],"two":[{"t":"idOrVar","v":"n"}," valið"],"zero":[{"t":"idOrVar","v":"n"}," valið"]},"$x":[{"t":"idOrVar","v":"plural"},"n"]},{"$i":"delete-n-items?","$v":{"few":["Eyða ",{"t":"idOrVar","v":"n"}," myndb.?"],"many":["Eyða ",{"t":"idOrVar","v":"n"}," myndb.?"],"one":"Eyða völdu myndbandi?","other":["Eyða ",{"t":"idOrVar","v":"n"}," myndb.?"],"two":["Eyða ",{"t":"idOrVar","v":"n"}," myndb.?"],"zero":"Ekkert valið"},"$x":[{"t":"idOrVar","v":"plural"},"n"]},{"$i":"not-load-video-time","$v":"--:--"},{"$i":"video-time-num","$v":["0",{"t":"idOrVar","v":"num"}]},{"$i":"video-time-minute","$v":[{"t":"idOrVar","v":"owe"},{"t":"idOrVar","v":"m"},":",{"t":"idOrVar","v":"s"}]},{"$i":"video-time-hour","$v":[{"t":"idOrVar","v":"owe"},{"t":"idOrVar","v":"h"},":",{"t":"idOrVar","v":"m"},":",{"t":"idOrVar","v":"s"}]},{"$i":"share-noprovider","$v":"Próf. að deila 1 myndb. í einu."},{"$i":"videos","$v":"Myndb."},{"$i":"cancel","$v":"H. við"},{"$i":"delete-video?","$v":"Eyða völdu myndbandi?"},{"$i":"empty-title","$v":"Bæta við myndböndum til að hefjast handa"},{"$i":"empty-text","$v":"Engin myndb. í boði."},{"$i":"empty-content","$v":"Engin myndskeið. Notaðu myndavélina til að hefjast handa."},{"$i":"search-title","$v":"Leit"},{"$i":"search-content","$v":"Leit"},{"$i":"nocard2-title","$v":"Ekkert minniskort fannst"},{"$i":"nocard3-text","$v":"Minniskort finnst ekki. Settu minniskort í til að taka myndbönd."},{"$i":"pluggedin-title","$v":"Ekki hægt að spila myndb, þegar tækið er í samb."},{"$i":"pluggedin-text","$v":"Geymslan er í notkun eins og er. Taktu símann úr samb. til að taka upp myndb."},{"$i":"upgrade-title","$v":"Gagnagrunnsuppf."},{"$i":"upgrade-text","$v":"Bíddu augnablik á meðan „Myndb.“ uppf. gagnagr."},{"$i":"confirm-delete","$v":"Viltu örugglega eyða:"},{"$i":"pick-title","$v":"Veldu myndband"},{"$i":"save","$v":"Vista"},{"$i":"saved","$v":"vistað í myndbandasafn."},{"$i":"save-failed","$v":"Ekki var hægt að vista myndbandið, reyndu aftur."},{"$i":"error-network","$v":"Netvilla kom í veg f. að hægt væri að sækja myndb."},{"$i":"error-unsupported","$v":"Ekki hægt að spila myndb., annaðhv. v. þess að villa kom upp á netþjón. eða netkerf. eða v. þess að sniðið er ekki stutt."},{"$i":"error-unknown","$v":"Óþekkt villa í myndb."},{"$i":"video-hardware-in-use-title","$v":"Ekki hægt að spila myndb."},{"$i":"video-hardware-in-use-text","$v":"Annað forr. not. myndspilara."},{"$i":"overlay-cancel-button","$v":"H. við"},{"$i":"overlay-camera-button","$v":"Opna myndavél"},{"$i":"sd-storage-full-header","$v":"SD-kort fullt."},{"$i":"sd-storage-full-content","$v":"Eyddu skrám á SD-korti til að losa um pláss."},{"$i":"phone-storage-full-header","$v":"Símageymsla full."},{"$i":"phone-storage-full-content","$v":"Eyddu margmiðlunarskrám eða forritagögnum til að losa um pláss. Þú getur líka sett inn SD-kort til að auka efnisgeymslu."},{"$i":"name-label","$v":"Nafn"},{"$i":"length-label","$v":"Lengd"},{"$i":"size-label","$v":"Stærð"},{"$i":"video-type-label","$v":"Gerð myndb."},{"$i":"date-taken-label","$v":"Tökudagur"},{"$i":"resolution-label","$v":"Upplausn"},{"$i":"close-button","$v":"Loka"},{"$i":"byteUnit-B","$v":"Bæti"},{"$i":"byteUnit-KB","$v":"KB"},{"$i":"byteUnit-MB","$v":"MB"},{"$i":"byteUnit-GB","$v":"GB"},{"$i":"byteUnit-TB","$v":"TB"},{"$i":"byteUnit-PB","$v":"PB"},{"$i":"byteUnit-EB","$v":"EB"},{"$i":"byteUnit-ZB","$v":"ZB"},{"$i":"byteUnit-YB","$v":"YB"},{"$i":"date-group-header","$v":"%B %Y"},{"$i":"share","$v":"Deila"},{"$i":"more-info","$v":"Frekari uppl."},{"$i":"delete","$v":"Eyða"},{"$i":"video-button","ariaLabel":"Myndskeið"},{"$i":"select-button","ariaLabel":"Velja"},{"$i":"delete-button","ariaLabel":"Eyða"},{"$i":"share-button","ariaLabel":"Deila"},{"$i":"info-view","ariaLabel":"Upplýsingar"},{"$i":"options-view","ariaLabel":"Valkostir"},{"$i":"confirm-dialog","ariaLabel":"Staðf."},{"$i":"videos-list","ariaLabel":"Myndb."},{"$i":"options-more","ariaLabel":"Meira"},{"$i":"seek-backward","ariaLabel":"Leita aftur á bak"},{"$i":"seek-bar","ariaLabel":["Leitarstika, lengd ",{"t":"idOrVar","v":"duration"}]},{"$i":"seek-forward","ariaLabel":"Leita áfram"},{"$i":"play-button","ariaLabel":"Spila"},{"$i":"pause-button","ariaLabel":"Gera hlé"},{"$i":"fullscreen-button","ariaLabel":"Allur skjár"},{"$i":"show-controls-button","ariaLabel":"Sýna stýringar"},{"$i":"hide-controls-button","ariaLabel":"Fela stjórnt."},{"$i":"confirmation-title","$v":"Staðfesting"},{"$i":"n-video-deleted","$v":{"few":[{"t":"idOrVar","v":"n"}," myndböndum eytt"],"many":[{"t":"idOrVar","v":"n"}," myndböndum eytt"],"one":"Myndbandi eytt","other":[{"t":"idOrVar","v":"n"}," myndböndum eytt"],"two":[{"t":"idOrVar","v":"n"}," myndböndum eytt"],"zero":"Ekkert valið"},"$x":[{"t":"idOrVar","v":"plural"},"n"]},{"$i":"rename-saved","$v":"Breyt. vist."},{"$i":"confirm-video","$v":"Myndskeið"},{"$i":"confirm-ok","$v":"Í lagi"},{"$i":"options-header","$v":"Valkostir"},{"$i":"video-invalid-name","$v":"Ógilt nafn"},{"$i":"name-already-exists","$v":"Þetta heiti er þegar til"},{"$i":"override-warning-msg","$v":"Viltu skrifa yfir skrána sem fyrir er?"},{"$i":"override","$v":"Hnekkja"},{"$i":"opt-takevideo","$v":"Taka upp"},{"$i":"select","$v":"Velja"},{"$i":"opt-deselect","$v":"Afturkalla"},{"$i":"opt-delete","$v":"Eyða"},{"$i":"opt-rename","$v":"Endurnefna"},{"$i":"opt-selectmultiple","$v":"Velja margt"},{"$i":"opt-fileinfo","$v":"Skráaruppl."},{"$i":"opt-selectall","$v":"Velja allt"},{"$i":"opt-deselectall","$v":"Velja ekkert"},{"$i":"opt-fullscreen","$v":"Allur skjár"},{"$i":"opt-play","$v":"Spila"},{"$i":"opt-pause","$v":"Gera hlé"},{"$i":"opt-volume","$v":"Hljóðst."},{"$i":"opt-rotate","$v":"Snúa"},{"$i":"opt-cancel","$v":"Hætta við"},{"$i":"opt-settings","$v":"Stillingar"},{"$i":"weekday-0-long","$v":"Sunnudagur"},{"$i":"weekday-1-long","$v":"Mánudagur"},{"$i":"weekday-2-long","$v":"Þriðjudagur"},{"$i":"weekday-3-long","$v":"Miðvikudagur"},{"$i":"weekday-4-long","$v":"Fimmtudagur"},{"$i":"weekday-5-long","$v":"Föstudagur"},{"$i":"weekday-6-long","$v":"Laugardagur"},{"$i":"weekday-0-short","$v":"Sun."},{"$i":"weekday-1-short","$v":"Mán."},{"$i":"weekday-2-short","$v":"Þri."},{"$i":"weekday-3-short","$v":"Mið."},{"$i":"weekday-4-short","$v":"Fim."},{"$i":"weekday-5-short","$v":"Fös."},{"$i":"weekday-6-short","$v":"Lau."},{"$i":"month-0-long","$v":"Janúar"},{"$i":"month-1-long","$v":"Febrúar"},{"$i":"month-2-long","$v":"Mars"},{"$i":"month-3-long","$v":"Apríl"},{"$i":"month-4-long","$v":"Maí"},{"$i":"month-5-long","$v":"Júní"},{"$i":"month-6-long","$v":"Júlí"},{"$i":"month-7-long","$v":"Ágúst"},{"$i":"month-8-long","$v":"September"},{"$i":"month-9-long","$v":"Október"},{"$i":"month-10-long","$v":"Nóvember"},{"$i":"month-11-long","$v":"Desember"},{"$i":"month-0-genitive","$v":"Janúar"},{"$i":"month-1-genitive","$v":"Febrúar"},{"$i":"month-2-genitive","$v":"Mars"},{"$i":"month-3-genitive","$v":"Apríl"},{"$i":"month-4-genitive","$v":"Maí"},{"$i":"month-5-genitive","$v":"Júní"},{"$i":"month-6-genitive","$v":"Júlí"},{"$i":"month-7-genitive","$v":"Ágúst"},{"$i":"month-8-genitive","$v":"September"},{"$i":"month-9-genitive","$v":"Október"},{"$i":"month-10-genitive","$v":"Nóvember"},{"$i":"month-11-genitive","$v":"Desember"},{"$i":"month-0-short","$v":"Jan."},{"$i":"month-1-short","$v":"Feb."},{"$i":"month-2-short","$v":"Mar."},{"$i":"month-3-short","$v":"Apr."},{"$i":"month-4-short","$v":"Maí"},{"$i":"month-5-short","$v":"Jún."},{"$i":"month-6-short","$v":"Júl."},{"$i":"month-7-short","$v":"Ágú."},{"$i":"month-8-short","$v":"Sep."},{"$i":"month-9-short","$v":"Okt."},{"$i":"month-10-short","$v":"Nóv."},{"$i":"month-11-short","$v":"Des."},{"$i":"minutes-ago-long","$v":{"few":["Fyrir ",{"t":"idOrVar","v":"value"}," mín."],"many":["Fyrir ",{"t":"idOrVar","v":"value"}," mín."],"one":"fyrir mínútu","other":["Fyrir ",{"t":"idOrVar","v":"value"}," mín."],"two":["Fyrir ",{"t":"idOrVar","v":"value"}," mín."],"zero":"rétt í þessu"},"$x":[{"t":"idOrVar","v":"plural"},"value"]},{"$i":"hours-ago-long","$v":{"few":["Fyrir ",{"t":"idOrVar","v":"value"}," klst."],"many":["Fyrir ",{"t":"idOrVar","v":"value"}," klst."],"one":"fyrir klst.","other":["Fyrir ",{"t":"idOrVar","v":"value"}," klst."],"two":["Fyrir ",{"t":"idOrVar","v":"value"}," klst."],"zero":"rétt í þessu"},"$x":[{"t":"idOrVar","v":"plural"},"value"]},{"$i":"days-ago-long","$v":{"few":["Fyrir ",{"t":"idOrVar","v":"value"}," dögum"],"many":["Fyrir ",{"t":"idOrVar","v":"value"}," dögum"],"one":"í gær","other":["Fyrir ",{"t":"idOrVar","v":"value"}," dögum"],"two":["Fyrir ",{"t":"idOrVar","v":"value"}," dögum"],"zero":"í dag"},"$x":[{"t":"idOrVar","v":"plural"},"value"]},{"$i":"weeks-ago-long","$v":{"few":["Fyrir ",{"t":"idOrVar","v":"value"}," vikum"],"many":["Fyrir ",{"t":"idOrVar","v":"value"}," vikum"],"one":"í síð. viku","other":["Fyrir ",{"t":"idOrVar","v":"value"}," vikum"],"two":["Fyrir ",{"t":"idOrVar","v":"value"}," vikum"],"zero":"í þessari viku"},"$x":[{"t":"idOrVar","v":"plural"},"value"]},{"$i":"months-ago-long","$v":{"few":["Fyrir ",{"t":"idOrVar","v":"value"}," mánuðum"],"many":["Fyrir ",{"t":"idOrVar","v":"value"}," mánuðum"],"one":"í síð. mán.","other":["Fyrir ",{"t":"idOrVar","v":"value"}," mánuðum"],"two":["Fyrir ",{"t":"idOrVar","v":"value"}," mánuðum"],"zero":"í þessum mán."},"$x":[{"t":"idOrVar","v":"plural"},"value"]},{"$i":"years-ago-long","$v":{"few":["Fyrir ",{"t":"idOrVar","v":"value"}," árum"],"many":["Fyrir ",{"t":"idOrVar","v":"value"}," árum"],"one":"á síð. ári","other":["Fyrir ",{"t":"idOrVar","v":"value"}," árum"],"two":["Fyrir ",{"t":"idOrVar","v":"value"}," árum"],"zero":"á þessu ári"},"$x":[{"t":"idOrVar","v":"plural"},"value"]},{"$i":"minutes-until-long","$v":{"few":["eftir ",{"t":"idOrVar","v":"value"}," mín."],"many":["eftir ",{"t":"idOrVar","v":"value"}," mín."],"one":"eftir eina mín.","other":["eftir ",{"t":"idOrVar","v":"value"}," mín."],"two":["eftir ",{"t":"idOrVar","v":"value"}," mín."],"zero":"núna"},"$x":[{"t":"idOrVar","v":"plural"},"value"]},{"$i":"hours-until-long","$v":{"few":["eftir ",{"t":"idOrVar","v":"value"}," klst."],"many":["eftir ",{"t":"idOrVar","v":"value"}," klst."],"one":"eftir eina klst.","other":["eftir ",{"t":"idOrVar","v":"value"}," klst."],"two":["eftir ",{"t":"idOrVar","v":"value"}," klst."],"zero":"núna"},"$x":[{"t":"idOrVar","v":"plural"},"value"]},{"$i":"days-until-long","$v":{"few":["eftir ",{"t":"idOrVar","v":"value"}," daga"],"many":["eftir ",{"t":"idOrVar","v":"value"}," daga"],"one":"á morgun","other":["eftir ",{"t":"idOrVar","v":"value"}," daga"],"two":["eftir ",{"t":"idOrVar","v":"value"}," daga"],"zero":"í dag"},"$x":[{"t":"idOrVar","v":"plural"},"value"]},{"$i":"weeks-until-long","$v":{"few":["eftir ",{"t":"idOrVar","v":"value"}," vikur"],"many":["eftir ",{"t":"idOrVar","v":"value"}," vikur"],"one":"í næstu viku","other":["eftir ",{"t":"idOrVar","v":"value"}," vikur"],"two":["eftir ",{"t":"idOrVar","v":"value"}," vikur"],"zero":"í þessari viku"},"$x":[{"t":"idOrVar","v":"plural"},"value"]},{"$i":"months-until-long","$v":{"few":["eftir ",{"t":"idOrVar","v":"value"}," mán."],"many":["eftir ",{"t":"idOrVar","v":"value"}," mán."],"one":"í næsta mán.","other":["eftir ",{"t":"idOrVar","v":"value"}," mán."],"two":["eftir ",{"t":"idOrVar","v":"value"}," mán."],"zero":"í þessum mán."},"$x":[{"t":"idOrVar","v":"plural"},"value"]},{"$i":"years-until-long","$v":{"few":["eftir ",{"t":"idOrVar","v":"value"}," ár"],"many":["eftir ",{"t":"idOrVar","v":"value"}," ár"],"one":"á næsta ári","other":["eftir ",{"t":"idOrVar","v":"value"}," ár"],"two":["eftir ",{"t":"idOrVar","v":"value"}," ár"],"zero":"á þessu ári"},"$x":[{"t":"idOrVar","v":"plural"},"value"]},{"$i":"minutes-ago-short","$v":{"other":["Fyrir ",{"t":"idOrVar","v":"value"}," m."],"zero":"rétt í þessu"},"$x":[{"t":"idOrVar","v":"plural"},"value"]},{"$i":"hours-ago-short","$v":{"other":["Fyrir ",{"t":"idOrVar","v":"value"}," k."],"zero":"rétt í þessu"},"$x":[{"t":"idOrVar","v":"plural"},"value"]},{"$i":"days-ago-short","$v":{"other":["Fyrir ",{"t":"idOrVar","v":"value"}," d."],"zero":"í dag"},"$x":[{"t":"idOrVar","v":"plural"},"value"]},{"$i":"minutes-until-short","$v":{"other":["eftir ",{"t":"idOrVar","v":"value"}," m"],"zero":"núna"},"$x":[{"t":"idOrVar","v":"plural"},"value"]},{"$i":"hours-until-short","$v":{"other":["eftir ",{"t":"idOrVar","v":"value"}," k"],"zero":"núna"},"$x":[{"t":"idOrVar","v":"plural"},"value"]},{"$i":"days-until-short","$v":{"other":["eftir ",{"t":"idOrVar","v":"value"}," d"],"zero":"í dag"},"$x":[{"t":"idOrVar","v":"plural"},"value"]},{"$i":"incorrectDate","$v":"(röng dags.)"},{"$i":"dateTimeFormat_%c","$v":"%a %b %e %Y %I:%M:%S %p"},{"$i":"dateTimeFormat_%x","$v":"%m/%d/%Y"},{"$i":"dateTimeFormat_%X","$v":"%I:%M:%S %p"},{"$i":"shortTimeFormat","$v":"%I:%M %p"},{"$i":"shortTimeFormat12","$v":"%I:%M %p"},{"$i":"shortTimeFormat24","$v":"%H:%M"},{"$i":"shortDateTimeFormat","$v":"%x %I:%M %p"},{"$i":"weekStartsOnMonday","$v":"0.0"},{"$i":"firstDayOfTheWeek","$v":"1.0"},{"$i":"time_am","$v":"f.h."},{"$i":"time_pm","$v":"e.h."},{"$i":"softkey-options","$v":"Valkostir"}]