[{"$i":"done","$v":"Болды"},{"$i":"number-selected2","$v":{"few":[{"t":"idOrVar","v":"n"}," таңдалды"],"many":[{"t":"idOrVar","v":"n"}," таңдалды"],"one":[{"t":"idOrVar","v":"n"}," таңдалды"],"other":[{"t":"idOrVar","v":"n"}," таңдалды"],"two":[{"t":"idOrVar","v":"n"}," таңдалды"],"zero":[{"t":"idOrVar","v":"n"}," таңдалды"]},"$x":[{"t":"idOrVar","v":"plural"},"n"]},{"$i":"delete-n-items?","$v":{"few":[{"t":"idOrVar","v":"n"}," бейнені жою керек пе?"],"many":[{"t":"idOrVar","v":"n"}," бейнені жою керек пе?"],"one":"Таңдалған бейнені жою керек пе?","other":[{"t":"idOrVar","v":"n"}," бейнені жою керек пе?"],"two":[{"t":"idOrVar","v":"n"}," бейнені жою керек пе?"],"zero":"Ештеңе сақталмады"},"$x":[{"t":"idOrVar","v":"plural"},"n"]},{"$i":"not-load-video-time","$v":"--:--"},{"$i":"video-time-num","$v":["0",{"t":"idOrVar","v":"num"}]},{"$i":"video-time-minute","$v":[{"t":"idOrVar","v":"owe"},{"t":"idOrVar","v":"m"},":",{"t":"idOrVar","v":"s"}]},{"$i":"video-time-hour","$v":[{"t":"idOrVar","v":"owe"},{"t":"idOrVar","v":"h"},":",{"t":"idOrVar","v":"m"},":",{"t":"idOrVar","v":"s"}]},{"$i":"share-noprovider","$v":"Бір бейнені бөлісу."},{"$i":"videos","$v":"Бейнелер"},{"$i":"cancel","$v":"Бас тарту"},{"$i":"delete-video?","$v":"Таңдалған бейнені жою керек пе?"},{"$i":"empty-title","$v":"Бастау үшін бейнелерді қосу"},{"$i":"empty-text","$v":"Бейнелер жоқ."},{"$i":"empty-content","$v":"Бейне бос. Бастау үшін камераны пайдаланыңыз."},{"$i":"search-title","$v":"Іздеу"},{"$i":"search-content","$v":"Іздеу"},{"$i":"nocard2-title","$v":"Жад картасы табылмады"},{"$i":"nocard3-text","$v":"Жад картасы табылмады. Бейне жазу үшін жад картасын салыңыз."},{"$i":"pluggedin-title","$v":"Розеткаға қосулы кезде бейнені ойнату мүмкін емес"},{"$i":"pluggedin-text","$v":"Жад қазір пайдаланылуда. Бейне жазу үшін телефонды розеткадан ажыратыңыз."},{"$i":"upgrade-title","$v":"Дерекқорды жаңарту"},{"$i":"upgrade-text","$v":"Бейне дерекқоры жаңарт."},{"$i":"confirm-delete","$v":"Келесіні жою керек пе:"},{"$i":"pick-title","$v":"Бейне таңдау"},{"$i":"save","$v":"Сақтау"},{"$i":"saved","$v":"бейне жин. сақталды."},{"$i":"save-failed","$v":"Бейнені сақтау мүмкін емес, қайталап көріңіз."},{"$i":"error-network","$v":"Қате. Бейне жүктелмеді."},{"$i":"error-unsupported","$v":"Бейнені ойнату мүмкін емес: себебі сервер немесе желі ақауы бар немесе пішімге қолдау көрсетілмейді."},{"$i":"error-unknown","$v":"Белгісіз бейне қатесі."},{"$i":"video-hardware-in-use-title","$v":"Бейне ойнатылмады"},{"$i":"video-hardware-in-use-text","$v":"Бейне ойн. басқа қолд. пайд."},{"$i":"overlay-cancel-button","$v":"Бас тарту"},{"$i":"overlay-camera-button","$v":"Камераға өту"},{"$i":"sd-storage-full-header","$v":"SD картасы толы."},{"$i":"sd-storage-full-content","$v":"Орын босату үшін SD картасындағы файлдарды жойыңыз."},{"$i":"phone-storage-full-header","$v":"Телефон жады толы."},{"$i":"phone-storage-full-content","$v":"Орын босату үшін мультимедиа файлдарын немесе қолданба деректерін жойыңыз. Мультимедиа жадын кеңейту үшін SD картасын салуға болады."},{"$i":"name-label","$v":"Аты"},{"$i":"length-label","$v":"Ұзындық"},{"$i":"size-label","$v":"Өлшемі"},{"$i":"video-type-label","$v":"Бейне түрі"},{"$i":"date-taken-label","$v":"Түсіру күні"},{"$i":"resolution-label","$v":"Ажыратымдылығы"},{"$i":"close-button","$v":"Жабу"},{"$i":"byteUnit-B","$v":"Байт"},{"$i":"byteUnit-KB","$v":"КБ"},{"$i":"byteUnit-MB","$v":"МБ"},{"$i":"byteUnit-GB","$v":"ГБ"},{"$i":"byteUnit-TB","$v":"ТБ"},{"$i":"byteUnit-PB","$v":"ПБ"},{"$i":"byteUnit-EB","$v":"ЭБ"},{"$i":"byteUnit-ZB","$v":"ЗБ"},{"$i":"byteUnit-YB","$v":"ИБ"},{"$i":"date-group-header","$v":"%B %Y"},{"$i":"share","$v":"Бөлісу"},{"$i":"more-info","$v":"Қосымша ақпарат"},{"$i":"delete","$v":"Жою"},{"$i":"video-button","ariaLabel":"Бейне"},{"$i":"select-button","ariaLabel":"Таңдау"},{"$i":"delete-button","ariaLabel":"Жою"},{"$i":"share-button","ariaLabel":"Бөлісу"},{"$i":"info-view","ariaLabel":"Ақпарат"},{"$i":"options-view","ariaLabel":"Опциялар"},{"$i":"confirm-dialog","ariaLabel":"Растау"},{"$i":"videos-list","ariaLabel":"Бейнелер"},{"$i":"options-more","ariaLabel":"Қосымша"},{"$i":"seek-backward","ariaLabel":"Артқа қарай іздеу"},{"$i":"seek-bar","ariaLabel":["Іздеу ",{"t":"idOrVar","v":"duration"}]},{"$i":"seek-forward","ariaLabel":"Алда іздеу"},{"$i":"play-button","ariaLabel":"Ойнату"},{"$i":"pause-button","ariaLabel":"Кідірту"},{"$i":"fullscreen-button","ariaLabel":"Толық экран"},{"$i":"show-controls-button","ariaLabel":"Басқ. элем. көрсету"},{"$i":"hide-controls-button","ariaLabel":"Басқару элементтерін жасыру"},{"$i":"confirmation-title","$v":"Растау"},{"$i":"n-video-deleted","$v":{"few":[{"t":"idOrVar","v":"n"}," бейне жойылды"],"many":[{"t":"idOrVar","v":"n"}," бейне жойылды"],"one":"Бейне жойылды","other":[{"t":"idOrVar","v":"n"}," бейне жойылды"],"two":[{"t":"idOrVar","v":"n"}," бейне жойылды"],"zero":"Ештеңе сақталмады"},"$x":[{"t":"idOrVar","v":"plural"},"n"]},{"$i":"rename-saved","$v":"Өзгерістер сақталды"},{"$i":"confirm-video","$v":"Бейне"},{"$i":"confirm-ok","$v":"OK"},{"$i":"options-header","$v":"Опциялар"},{"$i":"video-invalid-name","$v":"Жарамсыз ат"},{"$i":"name-already-exists","$v":"Бұл атау бұрыннан бар"},{"$i":"override-warning-msg","$v":"Бар файлды қайта анықтағыңыз келе ме?"},{"$i":"override","$v":"Қайта анықтау"},{"$i":"opt-takevideo","$v":"Бейне жазу"},{"$i":"select","$v":"Таңдау"},{"$i":"opt-deselect","$v":"Таңдауды алу"},{"$i":"opt-delete","$v":"Жою"},{"$i":"opt-rename","$v":"Атын өзгерту"},{"$i":"opt-selectmultiple","$v":"Бірнешеуді таңдау"},{"$i":"opt-fileinfo","$v":"Файл туралы ақпарат"},{"$i":"opt-selectall","$v":"Барлығын таңдау"},{"$i":"opt-deselectall","$v":"Барлығынан таңдауды алу"},{"$i":"opt-fullscreen","$v":"Толық экран"},{"$i":"opt-play","$v":"Ойнату"},{"$i":"opt-pause","$v":"Кідірту"},{"$i":"opt-volume","$v":"Дыбыс деңгейі"},{"$i":"opt-rotate","$v":"Бұру"},{"$i":"opt-cancel","$v":"Бас тарту"},{"$i":"opt-settings","$v":"Параметрлер"},{"$i":"weekday-0-long","$v":"Жексенбі"},{"$i":"weekday-1-long","$v":"Дүйсенбі"},{"$i":"weekday-2-long","$v":"Сейсенбі"},{"$i":"weekday-3-long","$v":"Сәрсенбі"},{"$i":"weekday-4-long","$v":"Бейсенбі"},{"$i":"weekday-5-long","$v":"Жұма"},{"$i":"weekday-6-long","$v":"Сенбі"},{"$i":"weekday-0-short","$v":"Жс"},{"$i":"weekday-1-short","$v":"Дс"},{"$i":"weekday-2-short","$v":"Сс"},{"$i":"weekday-3-short","$v":"Ср"},{"$i":"weekday-4-short","$v":"Бс"},{"$i":"weekday-5-short","$v":"Жм"},{"$i":"weekday-6-short","$v":"Сб"},{"$i":"month-0-long","$v":"Қаңтар"},{"$i":"month-1-long","$v":"Ақпан"},{"$i":"month-2-long","$v":"Наурыз"},{"$i":"month-3-long","$v":"Сәуір"},{"$i":"month-4-long","$v":"Мамыр"},{"$i":"month-5-long","$v":"Маусым"},{"$i":"month-6-long","$v":"Шілде"},{"$i":"month-7-long","$v":"Тамыз"},{"$i":"month-8-long","$v":"Қыркүйек"},{"$i":"month-9-long","$v":"Қазан"},{"$i":"month-10-long","$v":"Қараша"},{"$i":"month-11-long","$v":"Желтоқсан"},{"$i":"month-0-genitive","$v":"Қаңтар"},{"$i":"month-1-genitive","$v":"Ақпан"},{"$i":"month-2-genitive","$v":"Наурыз"},{"$i":"month-3-genitive","$v":"Сәуір"},{"$i":"month-4-genitive","$v":"Мам"},{"$i":"month-5-genitive","$v":"Маусым"},{"$i":"month-6-genitive","$v":"Шілде"},{"$i":"month-7-genitive","$v":"Тамыз"},{"$i":"month-8-genitive","$v":"Қыркүйек"},{"$i":"month-9-genitive","$v":"Қазан"},{"$i":"month-10-genitive","$v":"Қараша"},{"$i":"month-11-genitive","$v":"Желтоқсан"},{"$i":"month-0-short","$v":"Қаң"},{"$i":"month-1-short","$v":"Ақп"},{"$i":"month-2-short","$v":"Нау"},{"$i":"month-3-short","$v":"Сәу"},{"$i":"month-4-short","$v":"Мам"},{"$i":"month-5-short","$v":"Мау"},{"$i":"month-6-short","$v":"Шілде"},{"$i":"month-7-short","$v":"Там"},{"$i":"month-8-short","$v":"Қыр"},{"$i":"month-9-short","$v":"Қаз"},{"$i":"month-10-short","$v":"Қар"},{"$i":"month-11-short","$v":"Жел"},{"$i":"minutes-ago-long","$v":{"few":[{"t":"idOrVar","v":"value"}," минут бұрын"],"many":[{"t":"idOrVar","v":"value"}," минут бұрын"],"one":"бір минут бұрын","other":[{"t":"idOrVar","v":"value"}," минут бұрын"],"two":[{"t":"idOrVar","v":"value"}," минут бұрын"],"zero":"қазір ғана"},"$x":[{"t":"idOrVar","v":"plural"},"value"]},{"$i":"hours-ago-long","$v":{"few":[{"t":"idOrVar","v":"value"}," сағат бұрын"],"many":[{"t":"idOrVar","v":"value"}," сағат бұрын"],"one":"бір сағат бұрын","other":[{"t":"idOrVar","v":"value"}," сағат бұрын"],"two":[{"t":"idOrVar","v":"value"}," сағат бұрын"],"zero":"қазір ғана"},"$x":[{"t":"idOrVar","v":"plural"},"value"]},{"$i":"days-ago-long","$v":{"few":[{"t":"idOrVar","v":"value"}," күн бұрын"],"many":[{"t":"idOrVar","v":"value"}," күн бұрын"],"one":"кеше","other":[{"t":"idOrVar","v":"value"}," күн бұрын"],"two":[{"t":"idOrVar","v":"value"}," күн бұрын"],"zero":"бүгін"},"$x":[{"t":"idOrVar","v":"plural"},"value"]},{"$i":"weeks-ago-long","$v":{"few":[{"t":"idOrVar","v":"value"}," апта бұрын"],"many":[{"t":"idOrVar","v":"value"}," апта бұрын"],"one":"өткен апта","other":[{"t":"idOrVar","v":"value"}," апта бұрын"],"two":[{"t":"idOrVar","v":"value"}," апта бұрын"],"zero":"осы апта"},"$x":[{"t":"idOrVar","v":"plural"},"value"]},{"$i":"months-ago-long","$v":{"few":[{"t":"idOrVar","v":"value"}," ай бұрын"],"many":[{"t":"idOrVar","v":"value"}," ай бұрын"],"one":"өткен ай","other":[{"t":"idOrVar","v":"value"}," ай бұрын"],"two":[{"t":"idOrVar","v":"value"}," ай бұрын"],"zero":"осы ай"},"$x":[{"t":"idOrVar","v":"plural"},"value"]},{"$i":"years-ago-long","$v":{"few":[{"t":"idOrVar","v":"value"}," жыл бұрын"],"many":[{"t":"idOrVar","v":"value"}," жыл бұрын"],"one":"өткен жыл","other":[{"t":"idOrVar","v":"value"}," жыл бұрын"],"two":[{"t":"idOrVar","v":"value"}," жыл бұрын"],"zero":"осы жыл"},"$x":[{"t":"idOrVar","v":"plural"},"value"]},{"$i":"minutes-until-long","$v":{"few":[{"t":"idOrVar","v":"value"}," минутта"],"many":[{"t":"idOrVar","v":"value"}," минутта"],"one":"бір минутта","other":[{"t":"idOrVar","v":"value"}," минутта"],"two":[{"t":"idOrVar","v":"value"}," минутта"],"zero":"қазір"},"$x":[{"t":"idOrVar","v":"plural"},"value"]},{"$i":"hours-until-long","$v":{"few":[{"t":"idOrVar","v":"value"}," сағатта"],"many":[{"t":"idOrVar","v":"value"}," сағатта"],"one":"бір сағатта","other":[{"t":"idOrVar","v":"value"}," сағатта"],"two":[{"t":"idOrVar","v":"value"}," сағатта"],"zero":"қазір"},"$x":[{"t":"idOrVar","v":"plural"},"value"]},{"$i":"days-until-long","$v":{"few":[{"t":"idOrVar","v":"value"}," күнде"],"many":[{"t":"idOrVar","v":"value"}," күнде"],"one":"ертең","other":[{"t":"idOrVar","v":"value"}," күнде"],"two":[{"t":"idOrVar","v":"value"}," күнде"],"zero":"бүгін"},"$x":[{"t":"idOrVar","v":"plural"},"value"]},{"$i":"weeks-until-long","$v":{"few":[{"t":"idOrVar","v":"value"}," аптада"],"many":[{"t":"idOrVar","v":"value"}," аптада"],"one":"келесі апта","other":[{"t":"idOrVar","v":"value"}," аптада"],"two":[{"t":"idOrVar","v":"value"}," аптада"],"zero":"осы апта"},"$x":[{"t":"idOrVar","v":"plural"},"value"]},{"$i":"months-until-long","$v":{"few":[{"t":"idOrVar","v":"value"}," айда"],"many":[{"t":"idOrVar","v":"value"}," айда"],"one":"келесі ай","other":[{"t":"idOrVar","v":"value"}," айда"],"two":[{"t":"idOrVar","v":"value"}," айда"],"zero":"осы ай"},"$x":[{"t":"idOrVar","v":"plural"},"value"]},{"$i":"years-until-long","$v":{"few":[{"t":"idOrVar","v":"value"}," жылда"],"many":[{"t":"idOrVar","v":"value"}," жылда"],"one":"келесі жыл","other":[{"t":"idOrVar","v":"value"}," жылда"],"two":[{"t":"idOrVar","v":"value"}," жылда"],"zero":"осы жыл"},"$x":[{"t":"idOrVar","v":"plural"},"value"]},{"$i":"minutes-ago-short","$v":{"other":[{"t":"idOrVar","v":"value"}," минут бұрын"],"zero":"қазір ғана"},"$x":[{"t":"idOrVar","v":"plural"},"value"]},{"$i":"hours-ago-short","$v":{"other":[{"t":"idOrVar","v":"value"}," сағат бұрын"],"zero":"қазір ғана"},"$x":[{"t":"idOrVar","v":"plural"},"value"]},{"$i":"days-ago-short","$v":{"other":[{"t":"idOrVar","v":"value"}," күн бұрын"],"zero":"бүгін"},"$x":[{"t":"idOrVar","v":"plural"},"value"]},{"$i":"minutes-until-short","$v":{"other":[{"t":"idOrVar","v":"value"}," минутта"],"zero":"қазір"},"$x":[{"t":"idOrVar","v":"plural"},"value"]},{"$i":"hours-until-short","$v":{"other":[{"t":"idOrVar","v":"value"}," сағатта"],"zero":"қазір"},"$x":[{"t":"idOrVar","v":"plural"},"value"]},{"$i":"days-until-short","$v":{"other":[{"t":"idOrVar","v":"value"}," күнде"],"zero":"бүгін"},"$x":[{"t":"idOrVar","v":"plural"},"value"]},{"$i":"incorrectDate","$v":"(дұрыс емес күн)"},{"$i":"dateTimeFormat_%c","$v":"%a %b %e %Y %I:%M:%S %p"},{"$i":"dateTimeFormat_%x","$v":"%m/%d/%Y"},{"$i":"dateTimeFormat_%X","$v":"%I:%M:%S %p"},{"$i":"shortTimeFormat","$v":"%I:%M %p"},{"$i":"shortTimeFormat12","$v":"%I:%M %p"},{"$i":"shortTimeFormat24","$v":"%H:%M"},{"$i":"shortDateTimeFormat","$v":"%x %I:%M %p"},{"$i":"weekStartsOnMonday","$v":"0.0"},{"$i":"firstDayOfTheWeek","$v":"1.0"},{"$i":"time_am","$v":"ТД"},{"$i":"time_pm","$v":"түстен кейін"},{"$i":"softkey-options","$v":"Опциялар"}]