[{"$i":"done","$v":"ສຳເລັດ"},{"$i":"number-selected2","$v":{"few":[{"t":"idOrVar","v":"n"}," ລາຍການທີ່ເລືອກ"],"many":[{"t":"idOrVar","v":"n"}," ລາຍການທີ່ເລືອກ"],"one":[{"t":"idOrVar","v":"n"}," ລາຍການທີ່ເລືອກ"],"other":[{"t":"idOrVar","v":"n"}," ລາຍການທີ່ເລືອກ"],"two":[{"t":"idOrVar","v":"n"}," ລາຍການທີ່ເລືອກ"],"zero":[{"t":"idOrVar","v":"n"}," ລາຍການທີ່ເລືອກ"]},"$x":[{"t":"idOrVar","v":"plural"},"n"]},{"$i":"delete-n-items?","$v":{"few":["ລຶບ ",{"t":"idOrVar","v":"n"}," ວີດີໂອ?"],"many":["ລຶບ ",{"t":"idOrVar","v":"n"}," ວີດີໂອ?"],"one":"ໃຫ້ລລຶບວີດີໂອນີ້ບໍ່?","other":["ລຶບ ",{"t":"idOrVar","v":"n"}," ວີດີໂອ?"],"two":["ລຶບ ",{"t":"idOrVar","v":"n"}," ວີດີໂອ?"],"zero":"ຍັງບໍ່ມີຫຍັງຄັດເລືອກແລ້ວ"},"$x":[{"t":"idOrVar","v":"plural"},"n"]},{"$i":"not-load-video-time","$v":"--:--"},{"$i":"video-time-num","$v":["0",{"t":"idOrVar","v":"num"}]},{"$i":"video-time-minute","$v":[{"t":"idOrVar","v":"owe"},{"t":"idOrVar","v":"m"},":",{"t":"idOrVar","v":"s"}]},{"$i":"video-time-hour","$v":[{"t":"idOrVar","v":"owe"},{"t":"idOrVar","v":"h"},":",{"t":"idOrVar","v":"m"},":",{"t":"idOrVar","v":"s"}]},{"$i":"share-noprovider","$v":"ລອງແຊຣ໌ຄັ້ງລະໜຶ່ງວີດີໂອ."},{"$i":"videos","$v":"ວີດີໂອ"},{"$i":"cancel","$v":"ຍົກເລີກ"},{"$i":"delete-video?","$v":"ຕ້ອງການລົບວີດີໂອນີ້ຫຼືບໍ່?"},{"$i":"empty-title","$v":"ເພີ່ມວີດີໂອເພື່ອເລີ່ມຕົ້ນ"},{"$i":"empty-text","$v":"ບໍ່ມີວີດີໂອ"},{"$i":"empty-content","$v":"ຄັງວີດີໂອເປົ່າຫວ່າງ. ເປີດໃຊ້ກ້ອງຖ່າຍເພືອເລີ້ມບັນທຶກ."},{"$i":"search-title","$v":"ກຳລັງສະແກນ"},{"$i":"search-content","$v":"ກຳລັງສະແກນ"},{"$i":"nocard2-title","$v":"ບໍ່ພົບກາດຄວາມຈຳ"},{"$i":"nocard3-text","$v":"ບໍ່ພົບກາດຄວາມຈຳ. ກະລຸນາເພີ່ມກາດຄວາມຈຳ ເພື່ອບັນທຶກວີດີໂອ."},{"$i":"pluggedin-title","$v":"ບໍ່ສາມາດຫຼິ້ນວີດີໂອໄດ້ ຂະນະທີ່ສຽບປັກ"},{"$i":"pluggedin-text","$v":"ບ່ອນເກັບຂໍ້ມູນໃນປະຈຸບັນກຳລັງ ໃຊ້ຢູ່. ກະລຸນາຖອດສາຍໂທລະສັບ ເພື່ອຖ່າຍວິດີໂອ."},{"$i":"upgrade-title","$v":"ຍົກລະດັບຖານຂໍ້ມູນ"},{"$i":"upgrade-text","$v":"ກະລຸນາລໍຖ້າ ຂະນະທີ່ວີດີໂອກຳລັງອັບເດດຖານຂໍ້ມູນ"},{"$i":"confirm-delete","$v":"ທ່ານໝັ້ນໃຈຫຼືບໍ່ວ່າ ຕ້ອງການລຶບ:"},{"$i":"pick-title","$v":"ເລືອກວິດີໂອ"},{"$i":"save","$v":"ບັນທຶກໄວ້"},{"$i":"saved","$v":"ບັນທຶກລົງໃນຫ້ອງວີດີໂອ."},{"$i":"save-failed","$v":"ບໍ່ສາມາດບັນທຶກວີດີໂອໄດ້, ກະລຸນາລອງໃໝ່ອີກຄັ້ງ."},{"$i":"error-network","$v":"ວິດີໂອບໍ່ສາມາດດາວໂຫຼດໄດ້ ຍ້ອນຄວາມຜິດພາດຂອງເຄືອຂ່າຍ."},{"$i":"error-unsupported","$v":"ບໍ່ສາມາດຫຼິ້ນວີດີໂອໄດ້: ເນື່ອງຈາກເຊີເວີ ຫຼືເຄືອຂ່າຍຫຼົ້ມເຫຼວ ຫຼືເນື່ອງຈາກຮູບແບບບໍ່ໄດ້ ຮັບການສະໜັບສະໜູນ"},{"$i":"error-unknown","$v":"ເກີດຂໍ້ຜິດພາດຂອງວີດີໂອ ທີ່ບໍ່ຮູ້ສາເຫດ"},{"$i":"video-hardware-in-use-title","$v":"ບໍ່ສາມາດຫຼິ້ນວີດີໂອໄດ້"},{"$i":"video-hardware-in-use-text","$v":"ແອັບຯອື່ນໆກຳລັງໃຊ້ ເຄື່ອງຫຼິ້ນວີດີໂອ."},{"$i":"overlay-cancel-button","$v":"ຍົກເລີກ"},{"$i":"overlay-camera-button","$v":"ໄປຫາກ້ອງຖ່າຍຮູບ"},{"$i":"sd-storage-full-header","$v":"ກາດ SD ເຕັມ."},{"$i":"sd-storage-full-content","$v":"ລຶບໄຟລ໌ໃນກາດ SD ເພື່ອເພີ່ມພື້ນທີ່ວ່າງ."},{"$i":"phone-storage-full-header","$v":"ບ່ອນເກັບຂໍ້ມູນໂທລະສັບເຕັມ."},{"$i":"phone-storage-full-content","$v":"ລຶບໄຟລ໌ສື່ ຫຼື ຂໍ້ມູນແອັບພລິເຄຊັນ ເພື່ອເພີ່ມພື້ນທີ່ວ່າງ. ນອກຈາກນີ້ ທ່ານຍັງສາມາດໃສ່ກາດ SD ເພື່ອຂະຫຍາຍພື້ນທີ່ເກັບຂໍ້ມູນສື່."},{"$i":"name-label","$v":"ຊື່"},{"$i":"length-label","$v":"ຄວາມຍາວ"},{"$i":"size-label","$v":"ຂະໜາດ"},{"$i":"video-type-label","$v":"ປະເພດວີດີໂອ"},{"$i":"date-taken-label","$v":"ໄດ້ເອົາໄປໃນວັນທີ"},{"$i":"resolution-label","$v":"ຄວາມລະອຽດ"},{"$i":"close-button","$v":"ປິດ"},{"$i":"byteUnit-B","$v":"ໄບຕ໌"},{"$i":"byteUnit-KB","$v":"KB"},{"$i":"byteUnit-MB","$v":"MB"},{"$i":"byteUnit-GB","$v":"GB"},{"$i":"byteUnit-TB","$v":"TB"},{"$i":"byteUnit-PB","$v":"PB"},{"$i":"byteUnit-EB","$v":"EB"},{"$i":"byteUnit-ZB","$v":"ZB"},{"$i":"byteUnit-YB","$v":"YB"},{"$i":"date-group-header","$v":"%B %Y"},{"$i":"share","$v":"ແຊຣ໌"},{"$i":"more-info","$v":"ຂໍ້ມູນເພີ່ມຕື່ມ"},{"$i":"delete","$v":"ລຶບ"},{"$i":"video-button","ariaLabel":"ວິດີໂອ"},{"$i":"select-button","ariaLabel":"ເລືອກ"},{"$i":"delete-button","ariaLabel":"ລຶບ"},{"$i":"share-button","ariaLabel":"ແຊຣ໌"},{"$i":"info-view","ariaLabel":"ຂໍ້ມູນ"},{"$i":"options-view","ariaLabel":"ຕົວເລືອກ"},{"$i":"confirm-dialog","ariaLabel":"ຢືນຢັນ"},{"$i":"videos-list","ariaLabel":"ວີດີໂອ"},{"$i":"options-more","ariaLabel":"ຂໍ້ຄວາມອື່ນ"},{"$i":"seek-backward","ariaLabel":"ຄົ້ນຫາຢ້ອນຫຼັງ"},{"$i":"seek-bar","ariaLabel":["ຄົ້ນຫາແຖບ, ໄລຍະເວລາ ",{"t":"idOrVar","v":"duration"}]},{"$i":"seek-forward","ariaLabel":"ຄົ້ນຫາຕໍ່ໄປ"},{"$i":"play-button","ariaLabel":"ຫຼິ້ນ"},{"$i":"pause-button","ariaLabel":"ຢຸດຊົ່ວຄາວ"},{"$i":"fullscreen-button","ariaLabel":"ເຕັມໜ້າຈໍ"},{"$i":"show-controls-button","ariaLabel":"ສະແດງຕົວຄວບຄຸມ"},{"$i":"hide-controls-button","ariaLabel":"ເຊື່ອງການຄວບຄຸມ"},{"$i":"confirmation-title","$v":"ການຢືນຢັນ"},{"$i":"n-video-deleted","$v":{"few":[{"t":"idOrVar","v":"n"}," ວີດີໂອໄດ້ຖືກລຶບແລ້ວ"],"many":[{"t":"idOrVar","v":"n"}," ວີດີໂອໄດ້ຖືກລຶບແລ້ວ"],"one":"ລຶບວີດີໂອແລ້ວ","other":[{"t":"idOrVar","v":"n"}," ວີດີໂອໄດ້ຖືກລຶບແລ້ວ"],"two":[{"t":"idOrVar","v":"n"}," ວີດີໂອໄດ້ຖືກລຶບແລ້ວ"],"zero":"ຍັງບໍ່ມີຫຍັງຄັດເລືອກແລ້ວ"},"$x":[{"t":"idOrVar","v":"plural"},"n"]},{"$i":"rename-saved","$v":"ບັນທຶກການປ່ຽນແປງແລ້ວ"},{"$i":"confirm-video","$v":"ວິດີໂອ"},{"$i":"confirm-ok","$v":"ຕົກລົງ"},{"$i":"options-header","$v":"ຕົວເລືອກ"},{"$i":"video-invalid-name","$v":"ຊື່ບໍ່ຖືກຕ້ອງ"},{"$i":"name-already-exists","$v":"ຊື່ນີ້ມີຢູ່ແລ້ວ"},{"$i":"override-warning-msg","$v":"ທ່ານຕ້ອງການແທນທີ່ໄຟລ໌ ທີ່ມີຢູ່ຫຼືບໍ່?"},{"$i":"override","$v":"ແທນທີ່"},{"$i":"opt-takevideo","$v":"ຖ່າຍວິດີໂອ"},{"$i":"select","$v":"ເລືອກ"},{"$i":"opt-deselect","$v":"ຍົກເລີກການຄັດເລືອກ"},{"$i":"opt-delete","$v":"ລຶບ"},{"$i":"opt-rename","$v":"ປ່ຽນຊື່ໃໝ່"},{"$i":"opt-selectmultiple","$v":"ເລືອກຫຼາຍລາຍການ"},{"$i":"opt-fileinfo","$v":"ຂໍ້ມູນເອກະສານ"},{"$i":"opt-selectall","$v":"ເລືອກທັງໝົດ"},{"$i":"opt-deselectall","$v":"ຍົກເລີກທັງໝົດທີ່ໄດ້ເລືອກໄວ້"},{"$i":"opt-fullscreen","$v":"ເຕັມໜ້າຈໍ"},{"$i":"opt-play","$v":"ຫຼິ້ນ"},{"$i":"opt-pause","$v":"ຢຸດຊົ່ວຄາວ"},{"$i":"opt-volume","$v":"ບໍ​ລິ​ມາດ"},{"$i":"opt-rotate","$v":"ປິ່ນ"},{"$i":"opt-cancel","$v":"ຍົກເລີກ"},{"$i":"opt-settings","$v":"ການຕັ້ງຄ່າ"},{"$i":"weekday-0-long","$v":"ວັນອາທິດ"},{"$i":"weekday-1-long","$v":"ວັນ​ຈັນ"},{"$i":"weekday-2-long","$v":"ວັນຄານ"},{"$i":"weekday-3-long","$v":"ວັນ​ພຸດ"},{"$i":"weekday-4-long","$v":"ວັນພະຫັດ"},{"$i":"weekday-5-long","$v":"ວັນ​ສຸກ"},{"$i":"weekday-6-long","$v":"ວັນ​ເສົາ"},{"$i":"weekday-0-short","$v":"ອາທິດ"},{"$i":"weekday-1-short","$v":"ຈັນ"},{"$i":"weekday-2-short","$v":"ຄານ"},{"$i":"weekday-3-short","$v":"ພຸດ"},{"$i":"weekday-4-short","$v":"ພະຫັດ"},{"$i":"weekday-5-short","$v":"ສຸກ"},{"$i":"weekday-6-short","$v":"ເສົາ"},{"$i":"month-0-long","$v":"ມັງ​ກອນ"},{"$i":"month-1-long","$v":"ມ​ພາ"},{"$i":"month-2-long","$v":"ມີ​ນາ"},{"$i":"month-3-long","$v":"ເມ​ສາ"},{"$i":"month-4-long","$v":"ພຶດ​ສະ​ພາ"},{"$i":"month-5-long","$v":"ມິ​ຖຸ​ນາ"},{"$i":"month-6-long","$v":"ກໍ​ລະ​ກົດ"},{"$i":"month-7-long","$v":"ສິງຫາ"},{"$i":"month-8-long","$v":"ກັນ​ຍາ"},{"$i":"month-9-long","$v":"ຕຸ​ລາ"},{"$i":"month-10-long","$v":"ພະ​ຈິກ"},{"$i":"month-11-long","$v":"ທັນ​ວາ"},{"$i":"month-0-genitive","$v":"ມັງ​ກອນ"},{"$i":"month-1-genitive","$v":"ມ​ພາ"},{"$i":"month-2-genitive","$v":"ມີ​ນາ"},{"$i":"month-3-genitive","$v":"ເມ​ສາ"},{"$i":"month-4-genitive","$v":"ພຶດ​ສະ​ພາ"},{"$i":"month-5-genitive","$v":"ມິ​ຖຸ​ນາ"},{"$i":"month-6-genitive","$v":"ກໍ​ລະ​ກົດ"},{"$i":"month-7-genitive","$v":"ສິງຫາ"},{"$i":"month-8-genitive","$v":"ກັນ​ຍາ"},{"$i":"month-9-genitive","$v":"ຕຸ​ລາ"},{"$i":"month-10-genitive","$v":"ພະ​ຈິກ"},{"$i":"month-11-genitive","$v":"ທັນ​ວາ"},{"$i":"month-0-short","$v":"ມັງ​ກອນ"},{"$i":"month-1-short","$v":"ກຸມພາ"},{"$i":"month-2-short","$v":"ມີ​ນາ"},{"$i":"month-3-short","$v":"ເມ​ສາ"},{"$i":"month-4-short","$v":"ພຶດ​ສະ​ພາ"},{"$i":"month-5-short","$v":"ມິ​ຖຸ​ນາ"},{"$i":"month-6-short","$v":"ກໍ​​ລະ​​ກົດ"},{"$i":"month-7-short","$v":"ສິງຫາ"},{"$i":"month-8-short","$v":"ກັນຍາ"},{"$i":"month-9-short","$v":"ຕຸ​ລາ"},{"$i":"month-10-short","$v":"ພະ​ຈິກ"},{"$i":"month-11-short","$v":"ທັນ​ວາ"},{"$i":"minutes-ago-long","$v":{"few":[{"t":"idOrVar","v":"value"}," ນາທີກ່ອນ"],"many":[{"t":"idOrVar","v":"value"}," ນາທີກ່ອນ"],"one":"ໜຶ່ງນາທີຜ່ານມາ","other":[{"t":"idOrVar","v":"value"}," ນາທີກ່ອນ"],"two":[{"t":"idOrVar","v":"value"}," ນາທີກ່ອນ"],"zero":"ຕອນນີ້"},"$x":[{"t":"idOrVar","v":"plural"},"value"]},{"$i":"hours-ago-long","$v":{"few":[{"t":"idOrVar","v":"value"}," ຊົ່ວໂມງກ່ອນ"],"many":[{"t":"idOrVar","v":"value"}," ຊົ່ວໂມງກ່ອນ"],"one":"ໜຶ່ງຊົ່ວໂມງຜ່ານມາ","other":[{"t":"idOrVar","v":"value"}," ຊົ່ວໂມງກ່ອນ"],"two":[{"t":"idOrVar","v":"value"}," ຊົ່ວໂມງກ່ອນ"],"zero":"ຕອນນີ້"},"$x":[{"t":"idOrVar","v":"plural"},"value"]},{"$i":"days-ago-long","$v":{"few":[{"t":"idOrVar","v":"value"}," ມື້ກ່ອນ"],"many":[{"t":"idOrVar","v":"value"}," ມື້ກ່ອນ"],"one":"ມື້ວານ","other":[{"t":"idOrVar","v":"value"}," ມື້ກ່ອນ"],"two":[{"t":"idOrVar","v":"value"}," ມື້ກ່ອນ"],"zero":"ມື້ນີ້"},"$x":[{"t":"idOrVar","v":"plural"},"value"]},{"$i":"weeks-ago-long","$v":{"few":[{"t":"idOrVar","v":"value"}," ເດືອນກ່ອນໜ້າ"],"many":[{"t":"idOrVar","v":"value"}," ເດືອນກ່ອນໜ້າ"],"one":"ອາທິດຜ່ານມາ","other":[{"t":"idOrVar","v":"value"}," ເດືອນກ່ອນໜ້າ"],"two":[{"t":"idOrVar","v":"value"}," ເດືອນກ່ອນໜ້າ"],"zero":"ທິດນີ້"},"$x":[{"t":"idOrVar","v":"plural"},"value"]},{"$i":"months-ago-long","$v":{"few":[{"t":"idOrVar","v":"value"}," ເດືອນກ່ອນ"],"many":[{"t":"idOrVar","v":"value"}," ເດືອນກ່ອນ"],"one":"ເດືອນກ່ອນນີ້","other":[{"t":"idOrVar","v":"value"}," ເດືອນກ່ອນ"],"two":[{"t":"idOrVar","v":"value"}," ເດືອນກ່ອນ"],"zero":"ເດືອນນີ້"},"$x":[{"t":"idOrVar","v":"plural"},"value"]},{"$i":"years-ago-long","$v":{"few":[{"t":"idOrVar","v":"value"}," ປີຕໍ່ໄປ"],"many":[{"t":"idOrVar","v":"value"}," ປີຕໍ່ໄປ"],"one":"ປີກາຍນີ້","other":[{"t":"idOrVar","v":"value"}," ປີຕໍ່ໄປ"],"two":[{"t":"idOrVar","v":"value"}," ປີຕໍ່ໄປ"],"zero":"ປີນີ້"},"$x":[{"t":"idOrVar","v":"plural"},"value"]},{"$i":"minutes-until-long","$v":{"few":["ໃນ ",{"t":"idOrVar","v":"value"}," ຫຼາຍນາທີ"],"many":["ໃນ ",{"t":"idOrVar","v":"value"}," ຫຼາຍນາທີ"],"one":"ໃນໜຶ່ງນາທີ","other":["ໃນ ",{"t":"idOrVar","v":"value"}," ຫຼາຍນາທີ"],"two":["ໃນ ",{"t":"idOrVar","v":"value"}," ຫຼາຍນາທີ"],"zero":"ຕອນນີ້"},"$x":[{"t":"idOrVar","v":"plural"},"value"]},{"$i":"hours-until-long","$v":{"few":["ໃນ ",{"t":"idOrVar","v":"value"}," ຫຼາຍຊົ່ວໂມງ"],"many":["ໃນ ",{"t":"idOrVar","v":"value"}," ຫຼາຍຊົ່ວໂມງ"],"one":"ໃນໜຶ່ງຊົ່ວໂມງ","other":["ໃນ ",{"t":"idOrVar","v":"value"}," ຫຼາຍຊົ່ວໂມງ"],"two":["ໃນ ",{"t":"idOrVar","v":"value"}," ຫຼາຍຊົ່ວໂມງ"],"zero":"ຕອນນີ້"},"$x":[{"t":"idOrVar","v":"plural"},"value"]},{"$i":"days-until-long","$v":{"few":["ໃນ ",{"t":"idOrVar","v":"value"}," ຫຼາຍວັນ"],"many":["ໃນ ",{"t":"idOrVar","v":"value"}," ຫຼາຍວັນ"],"one":"ມື້ອື່ນ","other":["ໃນ ",{"t":"idOrVar","v":"value"}," ຫຼາຍວັນ"],"two":["ໃນ ",{"t":"idOrVar","v":"value"}," ຫຼາຍວັນ"],"zero":"ມື້ນີ້"},"$x":[{"t":"idOrVar","v":"plural"},"value"]},{"$i":"weeks-until-long","$v":{"few":["ໃນ ",{"t":"idOrVar","v":"value"}," ຫຼາຍອາທິດ"],"many":["ໃນ ",{"t":"idOrVar","v":"value"}," ຫຼາຍອາທິດ"],"one":"ອາທິດໜ້າ","other":["ໃນ ",{"t":"idOrVar","v":"value"}," ຫຼາຍອາທິດ"],"two":["ໃນ ",{"t":"idOrVar","v":"value"}," ຫຼາຍອາທິດ"],"zero":"ທິດນີ້"},"$x":[{"t":"idOrVar","v":"plural"},"value"]},{"$i":"months-until-long","$v":{"few":["ໃນ ",{"t":"idOrVar","v":"value"}," ຫຼາຍເດືອນ"],"many":["ໃນ ",{"t":"idOrVar","v":"value"}," ຫຼາຍເດືອນ"],"one":"ເດືອນໜ້າ","other":["ໃນ ",{"t":"idOrVar","v":"value"}," ຫຼາຍເດືອນ"],"two":["ໃນ ",{"t":"idOrVar","v":"value"}," ຫຼາຍເດືອນ"],"zero":"ເດືອນນີ້"},"$x":[{"t":"idOrVar","v":"plural"},"value"]},{"$i":"years-until-long","$v":{"few":["ໃນ ",{"t":"idOrVar","v":"value"}," ຫຼາຍປີ"],"many":["ໃນ ",{"t":"idOrVar","v":"value"}," ຫຼາຍປີ"],"one":"ປີໜ້າ","other":["ໃນ ",{"t":"idOrVar","v":"value"}," ຫຼາຍປີ"],"two":["ໃນ ",{"t":"idOrVar","v":"value"}," ຫຼາຍປີ"],"zero":"ປີນີ້"},"$x":[{"t":"idOrVar","v":"plural"},"value"]},{"$i":"minutes-ago-short","$v":{"other":[{"t":"idOrVar","v":"value"},"ນ ກ່ອນ"],"zero":"ຕອນນີ້"},"$x":[{"t":"idOrVar","v":"plural"},"value"]},{"$i":"hours-ago-short","$v":{"other":[{"t":"idOrVar","v":"value"},"ມ ກ່ອນ"],"zero":"ຕອນນີ້"},"$x":[{"t":"idOrVar","v":"plural"},"value"]},{"$i":"days-ago-short","$v":{"other":[{"t":"idOrVar","v":"value"},"ມື້ກ່ອນ"],"zero":"ມື້ນີ້"},"$x":[{"t":"idOrVar","v":"plural"},"value"]},{"$i":"minutes-until-short","$v":{"other":["ໃນ ",{"t":"idOrVar","v":"value"},"ດ"],"zero":"ຕອນນີ້"},"$x":[{"t":"idOrVar","v":"plural"},"value"]},{"$i":"hours-until-short","$v":{"other":["ໃນ ",{"t":"idOrVar","v":"value"},"ຊ.ມ"],"zero":"ຕອນນີ້"},"$x":[{"t":"idOrVar","v":"plural"},"value"]},{"$i":"days-until-short","$v":{"other":["ໃນ ",{"t":"idOrVar","v":"value"},"ວ"],"zero":"ມື້ນີ້"},"$x":[{"t":"idOrVar","v":"plural"},"value"]},{"$i":"incorrectDate","$v":"(ວັນທີບໍ່ຖືກຕ້ອງ)"},{"$i":"dateTimeFormat_%c","$v":"%a %b %e %Y %I:%M:%S %p"},{"$i":"dateTimeFormat_%x","$v":"%m/%d/%Y"},{"$i":"dateTimeFormat_%X","$v":"%I:%M:%S %p"},{"$i":"shortTimeFormat","$v":"%I:%M %p"},{"$i":"shortTimeFormat12","$v":"%I:%M %p"},{"$i":"shortTimeFormat24","$v":"%H:%M"},{"$i":"shortDateTimeFormat","$v":"%x %I:%M %p"},{"$i":"weekStartsOnMonday","$v":"0.0"},{"$i":"firstDayOfTheWeek","$v":"0.0"},{"$i":"time_am","$v":"AM"},{"$i":"time_pm","$v":"ຕອນເຊົ້າ"},{"$i":"softkey-options","$v":"ຕົວເລືອກ"}]