[{"$i":"done","$v":"Atl."},{"$i":"number-selected2","$v":{"few":["Pasir.: ",{"t":"idOrVar","v":"n"}],"many":["Pasir.: ",{"t":"idOrVar","v":"n"}],"one":["Pasir.: ",{"t":"idOrVar","v":"n"}],"other":["Pasir.: ",{"t":"idOrVar","v":"n"}],"two":["Pasir.: ",{"t":"idOrVar","v":"n"}],"zero":["Pasir.: ",{"t":"idOrVar","v":"n"}]},"$x":[{"t":"idOrVar","v":"plural"},"n"]},{"$i":"delete-n-items?","$v":{"few":["Ištr. ",{"t":"idOrVar","v":"n"}," vaiz. įr.?"],"many":["Ištr. ",{"t":"idOrVar","v":"n"}," vaiz. įr.?"],"one":"Ištr. pas. vaizdo įr.?","other":["Ištr. ",{"t":"idOrVar","v":"n"}," vaiz. įr.?"],"two":["Ištr. ",{"t":"idOrVar","v":"n"}," vaiz. įr.?"],"zero":"Niekas nepasir."},"$x":[{"t":"idOrVar","v":"plural"},"n"]},{"$i":"not-load-video-time","$v":"--:--"},{"$i":"video-time-num","$v":["0",{"t":"idOrVar","v":"num"}]},{"$i":"video-time-minute","$v":[{"t":"idOrVar","v":"owe"},{"t":"idOrVar","v":"m"},":",{"t":"idOrVar","v":"s"}]},{"$i":"video-time-hour","$v":[{"t":"idOrVar","v":"owe"},{"t":"idOrVar","v":"h"},":",{"t":"idOrVar","v":"m"},":",{"t":"idOrVar","v":"s"}]},{"$i":"share-noprovider","$v":"Pabandykite dalintis vienu vaizdo įrašu vienu metu."},{"$i":"videos","$v":"Vaizdo įrašai"},{"$i":"cancel","$v":"Atš."},{"$i":"delete-video?","$v":"Ištr. pas. vaizdo įr.?"},{"$i":"empty-title","$v":"Įtr. vaiz. įr., kad prad."},{"$i":"empty-text","$v":"Nėra pas. vaiz. įr."},{"$i":"empty-content","$v":"Vaizd. įraš. tuščias. Norėd. prad., naud. fotok."},{"$i":"search-title","$v":"Nuskaitymas"},{"$i":"search-content","$v":"Nuskaitymas"},{"$i":"nocard2-title","$v":"Atm. kortelė nerasta"},{"$i":"nocard3-text","$v":"Atminties kortelė nerasta. Norėdami filmuoti, įdėkite atminties kort."},{"$i":"pluggedin-title","$v":"Vaizdo įrašas negali būti paleistas, kai prijungta"},{"$i":"pluggedin-text","$v":"Saugykla šiuo metu naudojama. Norėdami filmuoti, atjunkite telefoną."},{"$i":"upgrade-title","$v":"Duom. b. vers. nauj."},{"$i":"upgrade-text","$v":"Palaukite, kol bus atn. vaiz. įr. duom. bazė."},{"$i":"confirm-delete","$v":"Ar tikrai norite ištrinti:"},{"$i":"pick-title","$v":"Rinktis vaizdo įrašą"},{"$i":"save","$v":"Išsg."},{"$i":"saved","$v":"išsaug. vaiz. įr. bibl."},{"$i":"save-failed","$v":"Nepavyko išsaugoti vaizdo įrašo. Bandykite dar kartą."},{"$i":"error-network","$v":"Nepavyko atsisiųsti vaizdo įrašo dėl tinklo klaidos."},{"$i":"error-unsupported","$v":"Vaizdo įrašas negali būti paleistas dėl serverio arba tinklo klaidos arba dėl to, kad formatas nepalaikomas."},{"$i":"error-unknown","$v":"Įvyko než. vaizd. įr. klaida."},{"$i":"video-hardware-in-use-title","$v":"Nep. atk. vaiz. įr."},{"$i":"video-hardware-in-use-text","$v":"Šiuo metu vaizdo grotuvą naudoja kita progr."},{"$i":"overlay-cancel-button","$v":"Atš."},{"$i":"overlay-camera-button","$v":"Eiti į fotok."},{"$i":"sd-storage-full-header","$v":"SD kort. pilna."},{"$i":"sd-storage-full-content","$v":"Ištrinkite failus SD kortelėje, kad atlaisvintumėte vietos."},{"$i":"phone-storage-full-header","$v":"Tel. saugykla pilna."},{"$i":"phone-storage-full-content","$v":"Jei norite atlaisvinti vietos, ištrinkite medijos failų ar programų duomenų. Taip pat galite įdėti SD kortelę, kad būtų daugiau medijos saugyklos vietos."},{"$i":"name-label","$v":"Vard."},{"$i":"length-label","$v":"Ilgis"},{"$i":"size-label","$v":"Dydis"},{"$i":"video-type-label","$v":"Vaizdo įrašo tipas"},{"$i":"date-taken-label","$v":"Įrašo data"},{"$i":"resolution-label","$v":"Raiška"},{"$i":"close-button","$v":"Užd."},{"$i":"byteUnit-B","$v":"Bait."},{"$i":"byteUnit-KB","$v":"KB"},{"$i":"byteUnit-MB","$v":"MB"},{"$i":"byteUnit-GB","$v":"GB"},{"$i":"byteUnit-TB","$v":"TB"},{"$i":"byteUnit-PB","$v":"PB"},{"$i":"byteUnit-EB","$v":"EB"},{"$i":"byteUnit-ZB","$v":"ZB"},{"$i":"byteUnit-YB","$v":"YB"},{"$i":"date-group-header","$v":"%B %Y"},{"$i":"share","$v":"Dalintis"},{"$i":"more-info","$v":"Plačiau"},{"$i":"delete","$v":"Ištrin."},{"$i":"video-button","ariaLabel":"Vaizdo įrašas"},{"$i":"select-button","ariaLabel":"Rinktis"},{"$i":"delete-button","ariaLabel":"Ištrin."},{"$i":"share-button","ariaLabel":"Dalintis"},{"$i":"info-view","ariaLabel":"Infor."},{"$i":"options-view","ariaLabel":"Funkc."},{"$i":"confirm-dialog","ariaLabel":"Patvir."},{"$i":"videos-list","ariaLabel":"Vaizdo įrašai"},{"$i":"options-more","ariaLabel":"Daug."},{"$i":"seek-backward","ariaLabel":"Sekti atgal"},{"$i":"seek-bar","ariaLabel":["Paiešk. juosta, trukmė ",{"t":"idOrVar","v":"duration"}]},{"$i":"seek-forward","ariaLabel":"Ieškoti toliau"},{"$i":"play-button","ariaLabel":"Atk."},{"$i":"pause-button","ariaLabel":"Prist."},{"$i":"fullscreen-button","ariaLabel":"Visas ekr."},{"$i":"show-controls-button","ariaLabel":"Rodyti valdiklius"},{"$i":"hide-controls-button","ariaLabel":"Slėp. valdik."},{"$i":"confirmation-title","$v":"Patvirtinim."},{"$i":"n-video-deleted","$v":{"few":["Ištr. vaizd. įr.: ",{"t":"idOrVar","v":"n"}],"many":["Ištr. vaizd. įr.: ",{"t":"idOrVar","v":"n"}],"one":"Vaizdo įrašas ištrintas","other":["Ištr. vaizd. įr.: ",{"t":"idOrVar","v":"n"}],"two":["Ištr. vaizd. įr.: ",{"t":"idOrVar","v":"n"}],"zero":"Niekas nepasir."},"$x":[{"t":"idOrVar","v":"plural"},"n"]},{"$i":"rename-saved","$v":"Pak. išsaug."},{"$i":"confirm-video","$v":"Vaizdo įrašas"},{"$i":"confirm-ok","$v":"GERAI"},{"$i":"options-header","$v":"Funkc."},{"$i":"video-invalid-name","$v":"Neteis. pav."},{"$i":"name-already-exists","$v":"Toks pavadinimas jau yra"},{"$i":"override-warning-msg","$v":"Ar norite perrašyti esamą failą?"},{"$i":"override","$v":"Perraš."},{"$i":"opt-takevideo","$v":"Filmuoti"},{"$i":"select","$v":"Rinktis"},{"$i":"opt-deselect","$v":"Atsisak."},{"$i":"opt-delete","$v":"Ištrin."},{"$i":"opt-rename","$v":"Pervd."},{"$i":"opt-selectmultiple","$v":"Rinktis kelis"},{"$i":"opt-fileinfo","$v":"Failo inf."},{"$i":"opt-selectall","$v":"Rink.vis."},{"$i":"opt-deselectall","$v":"Ats.visų"},{"$i":"opt-fullscreen","$v":"Visas ekr."},{"$i":"opt-play","$v":"Atk."},{"$i":"opt-pause","$v":"Prist."},{"$i":"opt-volume","$v":"Garsas"},{"$i":"opt-rotate","$v":"Pasuk."},{"$i":"opt-cancel","$v":"Atšaukti"},{"$i":"opt-settings","$v":"Parametrai"},{"$i":"weekday-0-long","$v":"Sekmadienis"},{"$i":"weekday-1-long","$v":"Pirmadienis"},{"$i":"weekday-2-long","$v":"Antradienis"},{"$i":"weekday-3-long","$v":"Trečiadienis"},{"$i":"weekday-4-long","$v":"Ketvirtadienis"},{"$i":"weekday-5-long","$v":"Penktadienis"},{"$i":"weekday-6-long","$v":"Šeštadienis"},{"$i":"weekday-0-short","$v":"Sk"},{"$i":"weekday-1-short","$v":"Pr"},{"$i":"weekday-2-short","$v":"An"},{"$i":"weekday-3-short","$v":"Tr"},{"$i":"weekday-4-short","$v":"Kt"},{"$i":"weekday-5-short","$v":"Pn"},{"$i":"weekday-6-short","$v":"Št"},{"$i":"month-0-long","$v":"Sausis"},{"$i":"month-1-long","$v":"Vasaris"},{"$i":"month-2-long","$v":"Kovas"},{"$i":"month-3-long","$v":"Balandis"},{"$i":"month-4-long","$v":"Gegužė"},{"$i":"month-5-long","$v":"Birželis"},{"$i":"month-6-long","$v":"Liepa"},{"$i":"month-7-long","$v":"Rugpjūtis"},{"$i":"month-8-long","$v":"Rugsėjis"},{"$i":"month-9-long","$v":"Spalis"},{"$i":"month-10-long","$v":"Lapkritis"},{"$i":"month-11-long","$v":"Gruodis"},{"$i":"month-0-genitive","$v":"Sausis"},{"$i":"month-1-genitive","$v":"Vasaris"},{"$i":"month-2-genitive","$v":"Kovas"},{"$i":"month-3-genitive","$v":"Balandis"},{"$i":"month-4-genitive","$v":"Gegužė"},{"$i":"month-5-genitive","$v":"Birželis"},{"$i":"month-6-genitive","$v":"Liepa"},{"$i":"month-7-genitive","$v":"Rugpjūtis"},{"$i":"month-8-genitive","$v":"Rugsėjis"},{"$i":"month-9-genitive","$v":"Spalis"},{"$i":"month-10-genitive","$v":"Lapkritis"},{"$i":"month-11-genitive","$v":"Gruodis"},{"$i":"month-0-short","$v":"saus."},{"$i":"month-1-short","$v":"vasar."},{"$i":"month-2-short","$v":"kov."},{"$i":"month-3-short","$v":"balan."},{"$i":"month-4-short","$v":"Geg"},{"$i":"month-5-short","$v":"birž."},{"$i":"month-6-short","$v":"liep."},{"$i":"month-7-short","$v":"rugpj."},{"$i":"month-8-short","$v":"rugs"},{"$i":"month-9-short","$v":"spal."},{"$i":"month-10-short","$v":"lapkr."},{"$i":"month-11-short","$v":"grd."},{"$i":"minutes-ago-long","$v":{"few":["Prieš ",{"t":"idOrVar","v":"value"}," min."],"many":["Prieš ",{"t":"idOrVar","v":"value"}," min."],"one":"prieš minutę","other":["Prieš ",{"t":"idOrVar","v":"value"}," min."],"two":["Prieš ",{"t":"idOrVar","v":"value"}," min."],"zero":"ką tik"},"$x":[{"t":"idOrVar","v":"plural"},"value"]},{"$i":"hours-ago-long","$v":{"few":["Prieš ",{"t":"idOrVar","v":"value"}," val."],"many":["Prieš ",{"t":"idOrVar","v":"value"}," val."],"one":"prieš valandą","other":["Prieš ",{"t":"idOrVar","v":"value"}," val."],"two":["Prieš ",{"t":"idOrVar","v":"value"}," val."],"zero":"ką tik"},"$x":[{"t":"idOrVar","v":"plural"},"value"]},{"$i":"days-ago-long","$v":{"few":["Prieš ",{"t":"idOrVar","v":"value"}," d."],"many":["Prieš ",{"t":"idOrVar","v":"value"}," d."],"one":"vakar","other":["Prieš ",{"t":"idOrVar","v":"value"}," d."],"two":["Prieš ",{"t":"idOrVar","v":"value"}," d."],"zero":"šiandien"},"$x":[{"t":"idOrVar","v":"plural"},"value"]},{"$i":"weeks-ago-long","$v":{"few":["Prieš ",{"t":"idOrVar","v":"value"}," sav."],"many":["Prieš ",{"t":"idOrVar","v":"value"}," sav."],"one":"pas. sav.","other":["Prieš ",{"t":"idOrVar","v":"value"}," sav."],"two":["Prieš ",{"t":"idOrVar","v":"value"}," sav."],"zero":"ši savaitė"},"$x":[{"t":"idOrVar","v":"plural"},"value"]},{"$i":"months-ago-long","$v":{"few":[{"t":"idOrVar","v":"value"}," mėn. po"],"many":[{"t":"idOrVar","v":"value"}," mėn. po"],"one":"pask. mėn.","other":[{"t":"idOrVar","v":"value"}," mėn. po"],"two":[{"t":"idOrVar","v":"value"}," mėn. po"],"zero":"šis mėnuo"},"$x":[{"t":"idOrVar","v":"plural"},"value"]},{"$i":"years-ago-long","$v":{"few":["Prieš ",{"t":"idOrVar","v":"value"}," met."],"many":["Prieš ",{"t":"idOrVar","v":"value"}," met."],"one":"Pas. met.","other":["Prieš ",{"t":"idOrVar","v":"value"}," met."],"two":["Prieš ",{"t":"idOrVar","v":"value"}," met."],"zero":"šie metai"},"$x":[{"t":"idOrVar","v":"plural"},"value"]},{"$i":"minutes-until-long","$v":{"few":["per ",{"t":"idOrVar","v":"value"}," min."],"many":["per ",{"t":"idOrVar","v":"value"}," min."],"one":"per min.","other":["per ",{"t":"idOrVar","v":"value"}," min."],"two":["per ",{"t":"idOrVar","v":"value"}," min."],"zero":"dabar"},"$x":[{"t":"idOrVar","v":"plural"},"value"]},{"$i":"hours-until-long","$v":{"few":["per ",{"t":"idOrVar","v":"value"}," val."],"many":["per ",{"t":"idOrVar","v":"value"}," val."],"one":"per val.","other":["per ",{"t":"idOrVar","v":"value"}," val."],"two":["per ",{"t":"idOrVar","v":"value"}," val."],"zero":"dabar"},"$x":[{"t":"idOrVar","v":"plural"},"value"]},{"$i":"days-until-long","$v":{"few":["per ",{"t":"idOrVar","v":"value"}," d."],"many":["per ",{"t":"idOrVar","v":"value"}," d."],"one":"rytoj","other":["per ",{"t":"idOrVar","v":"value"}," d."],"two":["per ",{"t":"idOrVar","v":"value"}," d."],"zero":"šiandien"},"$x":[{"t":"idOrVar","v":"plural"},"value"]},{"$i":"weeks-until-long","$v":{"few":["per ",{"t":"idOrVar","v":"value"}," sav."],"many":["per ",{"t":"idOrVar","v":"value"}," sav."],"one":"kita sav.","other":["per ",{"t":"idOrVar","v":"value"}," sav."],"two":["per ",{"t":"idOrVar","v":"value"}," sav."],"zero":"ši savaitė"},"$x":[{"t":"idOrVar","v":"plural"},"value"]},{"$i":"months-until-long","$v":{"few":["per ",{"t":"idOrVar","v":"value"}," mėn."],"many":["per ",{"t":"idOrVar","v":"value"}," mėn."],"one":"kit. mėn.","other":["per ",{"t":"idOrVar","v":"value"}," mėn."],"two":["per ",{"t":"idOrVar","v":"value"}," mėn."],"zero":"šis mėnuo"},"$x":[{"t":"idOrVar","v":"plural"},"value"]},{"$i":"years-until-long","$v":{"few":["per ",{"t":"idOrVar","v":"value"}," met."],"many":["per ",{"t":"idOrVar","v":"value"}," met."],"one":"kit. met.","other":["per ",{"t":"idOrVar","v":"value"}," met."],"two":["per ",{"t":"idOrVar","v":"value"}," met."],"zero":"šie metai"},"$x":[{"t":"idOrVar","v":"plural"},"value"]},{"$i":"minutes-ago-short","$v":{"other":["Prieš ",{"t":"idOrVar","v":"value"},"min."],"zero":"ką tik"},"$x":[{"t":"idOrVar","v":"plural"},"value"]},{"$i":"hours-ago-short","$v":{"other":["Prieš ",{"t":"idOrVar","v":"value"},"val."],"zero":"ką tik"},"$x":[{"t":"idOrVar","v":"plural"},"value"]},{"$i":"days-ago-short","$v":{"other":["Prieš ",{"t":"idOrVar","v":"value"},"d."],"zero":"šiandien"},"$x":[{"t":"idOrVar","v":"plural"},"value"]},{"$i":"minutes-until-short","$v":{"other":["per ",{"t":"idOrVar","v":"value"},"min."],"zero":"dabar"},"$x":[{"t":"idOrVar","v":"plural"},"value"]},{"$i":"hours-until-short","$v":{"other":["per ",{"t":"idOrVar","v":"value"},"val."],"zero":"dabar"},"$x":[{"t":"idOrVar","v":"plural"},"value"]},{"$i":"days-until-short","$v":{"other":["per ",{"t":"idOrVar","v":"value"},"d"],"zero":"šiandien"},"$x":[{"t":"idOrVar","v":"plural"},"value"]},{"$i":"incorrectDate","$v":"(neteisinga data)"},{"$i":"dateTimeFormat_%c","$v":"%a %b %e %Y %I:%M:%S %p"},{"$i":"dateTimeFormat_%x","$v":"%m/%d/%Y"},{"$i":"dateTimeFormat_%X","$v":"%I:%M:%S %p"},{"$i":"shortTimeFormat","$v":"%I:%M %p"},{"$i":"shortTimeFormat12","$v":"%I:%M %p"},{"$i":"shortTimeFormat24","$v":"%H:%M"},{"$i":"shortDateTimeFormat","$v":"%x %I:%M %p"},{"$i":"weekStartsOnMonday","$v":"0.0"},{"$i":"firstDayOfTheWeek","$v":"1.0"},{"$i":"time_am","$v":"AM"},{"$i":"time_pm","$v":"PM"},{"$i":"softkey-options","$v":"Funkc."}]