[{"$i":"done","$v":"Gatavs"},{"$i":"number-selected2","$v":{"few":["Atlasīti ",{"t":"idOrVar","v":"n"}],"many":["Atlasīti ",{"t":"idOrVar","v":"n"}],"one":["Atlasīts",{"t":"idOrVar","v":"n"}],"other":["Atlasīti ",{"t":"idOrVar","v":"n"}],"two":["Atlasīti ",{"t":"idOrVar","v":"n"}],"zero":["Atlasīti ",{"t":"idOrVar","v":"n"}]},"$x":[{"t":"idOrVar","v":"plural"},"n"]},{"$i":"delete-n-items?","$v":{"few":["Vai dzēst ",{"t":"idOrVar","v":"n"}," videoklipus?"],"many":["Vai dzēst ",{"t":"idOrVar","v":"n"}," videoklipus?"],"one":"Vai dzēst izvēlēto videoklipu?","other":["Vai dzēst ",{"t":"idOrVar","v":"n"}," videoklipus?"],"two":["Vai dzēst ",{"t":"idOrVar","v":"n"}," videoklipus?"],"zero":"Nekas nav atlasīts"},"$x":[{"t":"idOrVar","v":"plural"},"n"]},{"$i":"not-load-video-time","$v":"--:--"},{"$i":"video-time-num","$v":["0",{"t":"idOrVar","v":"num"}]},{"$i":"video-time-minute","$v":[{"t":"idOrVar","v":"owe"},{"t":"idOrVar","v":"m"},":",{"t":"idOrVar","v":"s"}]},{"$i":"video-time-hour","$v":[{"t":"idOrVar","v":"owe"},{"t":"idOrVar","v":"h"},":",{"t":"idOrVar","v":"m"},":",{"t":"idOrVar","v":"s"}]},{"$i":"share-noprovider","$v":"Kopīgojiet pa vienam video."},{"$i":"videos","$v":"Videoklipi"},{"$i":"cancel","$v":"Atcelt"},{"$i":"delete-video?","$v":"Vai dzēst izvēlēto videoklipu?"},{"$i":"empty-title","$v":"Lai sāktu, pievienojiet video"},{"$i":"empty-text","$v":"Nav pieejams neviens videoklips."},{"$i":"empty-content","$v":"Video ir tukšs. Lai sāktu darbu, izmantojiet kameru."},{"$i":"search-title","$v":"Pārbaude"},{"$i":"search-content","$v":"Pārbaude"},{"$i":"nocard2-title","$v":"Netika atrasta neviena atmiņas karte"},{"$i":"nocard3-text","$v":"Atmiņas karte nav atrasta. Lai uzņemtu video, ievietojiet atmiņas karti."},{"$i":"pluggedin-title","$v":"Videoklipu nevar atskaņot, kamēr pievienots"},{"$i":"pluggedin-text","$v":"Krātuve pašlaik tiek izmantota. Atvienojiet tālruni, lai ņemtu video."},{"$i":"upgrade-title","$v":"Datu bāzes jaunināšana"},{"$i":"upgrade-text","$v":"Uzgaidiet, līdz sadaļā Video atjaunina datubāzi."},{"$i":"confirm-delete","$v":"Vai tiešām vēlaties dzēst"},{"$i":"pick-title","$v":"Atlasiet videoklipu"},{"$i":"save","$v":"Saglabāt"},{"$i":"saved","$v":"saglabāts video bibliotēkā."},{"$i":"save-failed","$v":"Nevar saglabāt videoklipu. Lūdzu, mēģiniet vēlreiz."},{"$i":"error-network","$v":"Video nevarēja lejupielādēt, radās tīkla kļūda."},{"$i":"error-unsupported","$v":"Videoklipu nevar atskaņot, jo radās servera vai tīkla kļūme vai formāts netiek atbalstīts."},{"$i":"error-unknown","$v":"Nezināma video kļūda."},{"$i":"video-hardware-in-use-title","$v":"Nevar atskaņot video"},{"$i":"video-hardware-in-use-text","$v":"Video atskaņotāju izmanto cita programma."},{"$i":"overlay-cancel-button","$v":"Atcelt"},{"$i":"overlay-camera-button","$v":"Doties uz kameru"},{"$i":"sd-storage-full-header","$v":"SD karte ir pilna."},{"$i":"sd-storage-full-content","$v":"Dzēsiet failus SD kartē, lai atbrīvotu vietu."},{"$i":"phone-storage-full-header","$v":"Tālruņa krātuve ir pilna."},{"$i":"phone-storage-full-content","$v":"Dzēsiet multivides failus vai programmu datus, lai atbrīvotu vietu. Varat arī ievietot SD karti, lai palielinātu multivides atmiņu."},{"$i":"name-label","$v":"Nosaukums"},{"$i":"length-label","$v":"Ilgums"},{"$i":"size-label","$v":"Lielums"},{"$i":"video-type-label","$v":"Video veids"},{"$i":"date-taken-label","$v":"Datums"},{"$i":"resolution-label","$v":"Izšķirtspēja"},{"$i":"close-button","$v":"Aizvērt"},{"$i":"byteUnit-B","$v":"Baiti"},{"$i":"byteUnit-KB","$v":"KB"},{"$i":"byteUnit-MB","$v":"MB"},{"$i":"byteUnit-GB","$v":"GB"},{"$i":"byteUnit-TB","$v":"TB"},{"$i":"byteUnit-PB","$v":"PB"},{"$i":"byteUnit-EB","$v":"EB"},{"$i":"byteUnit-ZB","$v":"ZB"},{"$i":"byteUnit-YB","$v":"YB"},{"$i":"date-group-header","$v":"%B %Y"},{"$i":"share","$v":"Kopīgot"},{"$i":"more-info","$v":"Papildinformācija"},{"$i":"delete","$v":"Dzēst"},{"$i":"video-button","ariaLabel":"Video"},{"$i":"select-button","ariaLabel":"Atlasīt"},{"$i":"delete-button","ariaLabel":"Dzēst"},{"$i":"share-button","ariaLabel":"Kopīgot"},{"$i":"info-view","ariaLabel":"Informācija"},{"$i":"options-view","ariaLabel":"Iespējas"},{"$i":"confirm-dialog","ariaLabel":"Apstiprināt"},{"$i":"videos-list","ariaLabel":"Videoklipi"},{"$i":"options-more","ariaLabel":"Vairāk"},{"$i":"seek-backward","ariaLabel":"Pāriet atpakaļ"},{"$i":"seek-bar","ariaLabel":["Mekl. josla, ilgums: ",{"t":"idOrVar","v":"duration"}]},{"$i":"seek-forward","ariaLabel":"Meklēt uz priekšu"},{"$i":"play-button","ariaLabel":"Atskaņot"},{"$i":"pause-button","ariaLabel":"Apturēt"},{"$i":"fullscreen-button","ariaLabel":"Pilnekrāns"},{"$i":"show-controls-button","ariaLabel":"Rādīt vadīklas"},{"$i":"hide-controls-button","ariaLabel":"Paslēpt vadīklas"},{"$i":"confirmation-title","$v":"Apstiprinājums"},{"$i":"n-video-deleted","$v":{"few":[{"t":"idOrVar","v":"n"}," videoklipi ir dzēsti"],"many":[{"t":"idOrVar","v":"n"}," videoklipi ir dzēsti"],"one":"Videoklips izdzēsts","other":[{"t":"idOrVar","v":"n"}," videoklipi ir dzēsti"],"two":[{"t":"idOrVar","v":"n"}," videoklipi ir dzēsti"],"zero":"Nekas nav atlasīts"},"$x":[{"t":"idOrVar","v":"plural"},"n"]},{"$i":"rename-saved","$v":"Izmaiņas saglabātas"},{"$i":"confirm-video","$v":"Video"},{"$i":"confirm-ok","$v":"LABI"},{"$i":"options-header","$v":"Iespējas"},{"$i":"video-invalid-name","$v":"Nederīgs nosaukums"},{"$i":"name-already-exists","$v":"Šāds nosaukums jau pastāv"},{"$i":"override-warning-msg","$v":"Vai vēlaties ignorēt esošo failu?"},{"$i":"override","$v":"Ignorēt"},{"$i":"opt-takevideo","$v":"Uzņemt"},{"$i":"select","$v":"Izvēlēties"},{"$i":"opt-deselect","$v":"NOŅEMT"},{"$i":"opt-delete","$v":"Dzēst"},{"$i":"opt-rename","$v":"Pārdēvēt"},{"$i":"opt-selectmultiple","$v":"Atlasīt vairākus"},{"$i":"opt-fileinfo","$v":"Faila informācija"},{"$i":"opt-selectall","$v":"Visi"},{"$i":"opt-deselectall","$v":"NOŅEMT"},{"$i":"opt-fullscreen","$v":"Pilnekrāns"},{"$i":"opt-play","$v":"Atskaņot"},{"$i":"opt-pause","$v":"Apturēt"},{"$i":"opt-volume","$v":"Skaļums"},{"$i":"opt-rotate","$v":"Pagriezt"},{"$i":"opt-cancel","$v":"Atcelt"},{"$i":"opt-settings","$v":"Iestatījumi"},{"$i":"weekday-0-long","$v":"Svētdiena"},{"$i":"weekday-1-long","$v":"Pirmdiena"},{"$i":"weekday-2-long","$v":"Otrdiena"},{"$i":"weekday-3-long","$v":"Trešdiens"},{"$i":"weekday-4-long","$v":"Ceturtdiena"},{"$i":"weekday-5-long","$v":"Piektdiena"},{"$i":"weekday-6-long","$v":"Sestdiena"},{"$i":"weekday-0-short","$v":"Sv"},{"$i":"weekday-1-short","$v":"P"},{"$i":"weekday-2-short","$v":"O"},{"$i":"weekday-3-short","$v":"T"},{"$i":"weekday-4-short","$v":"C"},{"$i":"weekday-5-short","$v":"Pk"},{"$i":"weekday-6-short","$v":"S"},{"$i":"month-0-long","$v":"Janvāris"},{"$i":"month-1-long","$v":"Februāris"},{"$i":"month-2-long","$v":"Marts"},{"$i":"month-3-long","$v":"Aprīlis"},{"$i":"month-4-long","$v":"Maijs"},{"$i":"month-5-long","$v":"Jūnijs"},{"$i":"month-6-long","$v":"Jūlijs"},{"$i":"month-7-long","$v":"Augusts"},{"$i":"month-8-long","$v":"Septembris"},{"$i":"month-9-long","$v":"Oktobris"},{"$i":"month-10-long","$v":"Novembris"},{"$i":"month-11-long","$v":"Decembris"},{"$i":"month-0-genitive","$v":"Janvāris"},{"$i":"month-1-genitive","$v":"Februāris"},{"$i":"month-2-genitive","$v":"Marts"},{"$i":"month-3-genitive","$v":"Aprīlis"},{"$i":"month-4-genitive","$v":"Maijs"},{"$i":"month-5-genitive","$v":"Jūnijs"},{"$i":"month-6-genitive","$v":"Jūlijs"},{"$i":"month-7-genitive","$v":"Augusts"},{"$i":"month-8-genitive","$v":"Septembris"},{"$i":"month-9-genitive","$v":"Oktobris"},{"$i":"month-10-genitive","$v":"Novembris"},{"$i":"month-11-genitive","$v":"Decembris"},{"$i":"month-0-short","$v":"Jan."},{"$i":"month-1-short","$v":"Febr."},{"$i":"month-2-short","$v":"Marts"},{"$i":"month-3-short","$v":"Apr."},{"$i":"month-4-short","$v":"Maijs"},{"$i":"month-5-short","$v":"Jūn."},{"$i":"month-6-short","$v":"Jūl."},{"$i":"month-7-short","$v":"Aug."},{"$i":"month-8-short","$v":"Sept."},{"$i":"month-9-short","$v":"Okt."},{"$i":"month-10-short","$v":"Nov."},{"$i":"month-11-short","$v":"Dec."},{"$i":"minutes-ago-long","$v":{"few":["Pirms ",{"t":"idOrVar","v":"value"}," minūtēm"],"many":["Pirms ",{"t":"idOrVar","v":"value"}," minūtēm"],"one":"pirms minūtes","other":["Pirms ",{"t":"idOrVar","v":"value"}," minūtēm"],"two":["Pirms ",{"t":"idOrVar","v":"value"}," minūtēm"],"zero":"tikko"},"$x":[{"t":"idOrVar","v":"plural"},"value"]},{"$i":"hours-ago-long","$v":{"few":["Pirms ",{"t":"idOrVar","v":"value"}," stundām"],"many":["Pirms ",{"t":"idOrVar","v":"value"}," stundām"],"one":"pirms stundas","other":["Pirms ",{"t":"idOrVar","v":"value"}," stundām"],"two":["Pirms ",{"t":"idOrVar","v":"value"}," stundām"],"zero":"tikko"},"$x":[{"t":"idOrVar","v":"plural"},"value"]},{"$i":"days-ago-long","$v":{"few":["Pirms ",{"t":"idOrVar","v":"value"}," dienām"],"many":["Pirms ",{"t":"idOrVar","v":"value"}," dienām"],"one":"vakar","other":["Pirms ",{"t":"idOrVar","v":"value"}," dienām"],"two":["Pirms ",{"t":"idOrVar","v":"value"}," dienām"],"zero":"šodien"},"$x":[{"t":"idOrVar","v":"plural"},"value"]},{"$i":"weeks-ago-long","$v":{"few":["Pirms ",{"t":"idOrVar","v":"value"}," nedēļām"],"many":["Pirms ",{"t":"idOrVar","v":"value"}," nedēļām"],"one":"pagājušajā nedēļā","other":["Pirms ",{"t":"idOrVar","v":"value"}," nedēļām"],"two":["Pirms ",{"t":"idOrVar","v":"value"}," nedēļām"],"zero":"šonedēļ"},"$x":[{"t":"idOrVar","v":"plural"},"value"]},{"$i":"months-ago-long","$v":{"few":["Pirms ",{"t":"idOrVar","v":"value"}," mēnešiem"],"many":["Pirms ",{"t":"idOrVar","v":"value"}," mēnešiem"],"one":"pagājušajā mēnesī","other":["Pirms ",{"t":"idOrVar","v":"value"}," mēnešiem"],"two":["Pirms ",{"t":"idOrVar","v":"value"}," mēnešiem"],"zero":"šomēnes"},"$x":[{"t":"idOrVar","v":"plural"},"value"]},{"$i":"years-ago-long","$v":{"few":["Pirms ",{"t":"idOrVar","v":"value"}," gadiem"],"many":["Pirms ",{"t":"idOrVar","v":"value"}," gadiem"],"one":"pagājušajā gadā","other":["Pirms ",{"t":"idOrVar","v":"value"}," gadiem"],"two":["Pirms ",{"t":"idOrVar","v":"value"}," gadiem"],"zero":"šogad"},"$x":[{"t":"idOrVar","v":"plural"},"value"]},{"$i":"minutes-until-long","$v":{"few":[{"t":"idOrVar","v":"value"}," minūtēs"],"many":[{"t":"idOrVar","v":"value"}," minūtēs"],"one":"minūtē","other":[{"t":"idOrVar","v":"value"}," minūtēs"],"two":[{"t":"idOrVar","v":"value"}," minūtēs"],"zero":"tūlīt"},"$x":[{"t":"idOrVar","v":"plural"},"value"]},{"$i":"hours-until-long","$v":{"few":[{"t":"idOrVar","v":"value"}," stundās"],"many":[{"t":"idOrVar","v":"value"}," stundās"],"one":"stundā","other":[{"t":"idOrVar","v":"value"}," stundās"],"two":[{"t":"idOrVar","v":"value"}," stundās"],"zero":"tūlīt"},"$x":[{"t":"idOrVar","v":"plural"},"value"]},{"$i":"days-until-long","$v":{"few":[{"t":"idOrVar","v":"value"}," dienās"],"many":[{"t":"idOrVar","v":"value"}," dienās"],"one":"rīt","other":[{"t":"idOrVar","v":"value"}," dienās"],"two":[{"t":"idOrVar","v":"value"}," dienās"],"zero":"šodien"},"$x":[{"t":"idOrVar","v":"plural"},"value"]},{"$i":"weeks-until-long","$v":{"few":[{"t":"idOrVar","v":"value"}," nedēļās"],"many":[{"t":"idOrVar","v":"value"}," nedēļās"],"one":"nākamā nedēļa","other":[{"t":"idOrVar","v":"value"}," nedēļās"],"two":[{"t":"idOrVar","v":"value"}," nedēļās"],"zero":"šonedēļ"},"$x":[{"t":"idOrVar","v":"plural"},"value"]},{"$i":"months-until-long","$v":{"few":[{"t":"idOrVar","v":"value"}," mēnešos"],"many":[{"t":"idOrVar","v":"value"}," mēnešos"],"one":"nākamais mēnesis","other":[{"t":"idOrVar","v":"value"}," mēnešos"],"two":[{"t":"idOrVar","v":"value"}," mēnešos"],"zero":"šomēnes"},"$x":[{"t":"idOrVar","v":"plural"},"value"]},{"$i":"years-until-long","$v":{"few":[{"t":"idOrVar","v":"value"}," gados"],"many":[{"t":"idOrVar","v":"value"}," gados"],"one":"nākamais gads","other":[{"t":"idOrVar","v":"value"}," gados"],"two":[{"t":"idOrVar","v":"value"}," gados"],"zero":"šogad"},"$x":[{"t":"idOrVar","v":"plural"},"value"]},{"$i":"minutes-ago-short","$v":{"other":["Pirms ",{"t":"idOrVar","v":"value"}," min."],"zero":"tikko"},"$x":[{"t":"idOrVar","v":"plural"},"value"]},{"$i":"hours-ago-short","$v":{"other":["Pirms ",{"t":"idOrVar","v":"value"}," stundām"],"zero":"tikko"},"$x":[{"t":"idOrVar","v":"plural"},"value"]},{"$i":"days-ago-short","$v":{"other":["Pirms ",{"t":"idOrVar","v":"value"}," d."],"zero":"šodien"},"$x":[{"t":"idOrVar","v":"plural"},"value"]},{"$i":"minutes-until-short","$v":{"other":[{"t":"idOrVar","v":"value"}," min."],"zero":"tūlīt"},"$x":[{"t":"idOrVar","v":"plural"},"value"]},{"$i":"hours-until-short","$v":{"other":[{"t":"idOrVar","v":"value"}," st."],"zero":"tūlīt"},"$x":[{"t":"idOrVar","v":"plural"},"value"]},{"$i":"days-until-short","$v":{"other":[{"t":"idOrVar","v":"value"}," dienās"],"zero":"šodien"},"$x":[{"t":"idOrVar","v":"plural"},"value"]},{"$i":"incorrectDate","$v":"(nepareizs datums)"},{"$i":"dateTimeFormat_%c","$v":"%a %b %e %Y %I:%M:%S %p"},{"$i":"dateTimeFormat_%x","$v":"%m/%d/%Y"},{"$i":"dateTimeFormat_%X","$v":"%I:%M:%S %p"},{"$i":"shortTimeFormat","$v":"%I:%M %p"},{"$i":"shortTimeFormat12","$v":"%I:%M %p"},{"$i":"shortTimeFormat24","$v":"%H:%M"},{"$i":"shortDateTimeFormat","$v":"%x %I:%M %p"},{"$i":"weekStartsOnMonday","$v":"0.0"},{"$i":"firstDayOfTheWeek","$v":"1.0"},{"$i":"time_am","$v":"no rīta"},{"$i":"time_pm","$v":"Pēc plkst."},{"$i":"softkey-options","$v":"Iespējas"}]