[{"$i":"done","$v":"भयो"},{"$i":"number-selected2","$v":{"few":[{"t":"idOrVar","v":"n"}," चयन गरियो"],"many":[{"t":"idOrVar","v":"n"}," चयन गरियो"],"one":[{"t":"idOrVar","v":"n"}," चयन गरियो"],"other":[{"t":"idOrVar","v":"n"}," चयन गरियो"],"two":[{"t":"idOrVar","v":"n"}," चयन गरियो"],"zero":[{"t":"idOrVar","v":"n"}," चयन गरियो"]},"$x":[{"t":"idOrVar","v":"plural"},"n"]},{"$i":"delete-n-items?","$v":{"few":[{"t":"idOrVar","v":"n"}," भिडियोहरू मेटाउनुहोस्?"],"many":[{"t":"idOrVar","v":"n"}," भिडियोहरू मेटाउनुहोस्?"],"one":"चयन गरिएको भिडियो मेटाउनुहोस्?","other":[{"t":"idOrVar","v":"n"}," भिडियोहरू मेटाउनुहोस्?"],"two":[{"t":"idOrVar","v":"n"}," भिडियोहरू मेटाउनुहोस्?"],"zero":"केहीपनि चयन गरिएन"},"$x":[{"t":"idOrVar","v":"plural"},"n"]},{"$i":"not-load-video-time","$v":"--:--"},{"$i":"video-time-num","$v":["0",{"t":"idOrVar","v":"num"}]},{"$i":"video-time-minute","$v":[{"t":"idOrVar","v":"owe"},{"t":"idOrVar","v":"m"},":",{"t":"idOrVar","v":"s"}]},{"$i":"video-time-hour","$v":[{"t":"idOrVar","v":"owe"},{"t":"idOrVar","v":"h"},":",{"t":"idOrVar","v":"m"},":",{"t":"idOrVar","v":"s"}]},{"$i":"share-noprovider","$v":"एक समयमा एउटा भिडियो साझा गर्ने प्रयास गर्नुहोस्।"},{"$i":"videos","$v":"भिडियोहरू"},{"$i":"cancel","$v":"रद्द गर्नुहोस्"},{"$i":"delete-video?","$v":"चयन गरिएको भिडियो मेटाउनुहोस्?"},{"$i":"empty-title","$v":"सुरू हुन संगीत थप्नुहोस्"},{"$i":"empty-text","$v":"भिडियोहरू उपलब्ध छैन।"},{"$i":"empty-content","$v":"भिडियो खाली छ। सुरू गर्न क्यामेरा प्रयोग गर्नुहोस्।"},{"$i":"search-title","$v":"भिडियोहरूको लागि स्क्यान गर्दै..."},{"$i":"search-content","$v":"भिडियोहरूको लागि स्क्यान गर्दै..."},{"$i":"nocard2-title","$v":"कुनै मेमोरी कार्ड भेट्टाइएन"},{"$i":"nocard3-text","$v":"मेमोरी कार्ड फेला परेको छैन कृपया भिडियोहरू लिन मेमोरी कार्डमा घुसाउनुहोस्।"},{"$i":"pluggedin-title","$v":"प्लगइन गरिएको बेला भिडियो हेर्न सकिदैन"},{"$i":"pluggedin-text","$v":"भण्डार अहिले प्रयोगमा छ। कृपया फोनबाट भिडियोहरू लिन अनप्लग गर्नुहोस्।"},{"$i":"upgrade-title","$v":"डेटाबेस स्तरवृद्धि"},{"$i":"upgrade-text","$v":"यसको डेटाबेस भिडियोमा अद्यावधिकहरू छन कृपया पर्खनुहोस्।"},{"$i":"confirm-delete","$v":"तपाईं मेटाउन निश्चित हुनुहुन्छ:"},{"$i":"pick-title","$v":"भिडियो चयन गर्नुहोस्"},{"$i":"save","$v":"सुरक्षित गर्नुहोस्"},{"$i":"saved","$v":"भिडियो पुस्तकालयमा बचत गरियो।"},{"$i":"save-failed","$v":"भिडियो बचत गर्न असक्षम, कृपया फेरि प्रयास गर्नुहोस्।"},{"$i":"error-network","$v":"नेटवर्कमा त्रुटि भएको कारण भिडियो डाउनलोड हुन सकेन।"},{"$i":"error-unsupported","$v":"भिडियोलाई प्ले गर्न सकिदैन: किनभने सर्भर वा नेटवर्क असफल भयो वा ढाँचा समर्थित छैन।"},{"$i":"error-unknown","$v":"एउटा अज्ञात भिडियोको त्रुटि देखापर्यो।"},{"$i":"video-hardware-in-use-title","$v":"भिडियो चलाउन सकिएन"},{"$i":"video-hardware-in-use-text","$v":"अर्को हालको एप्लिकेसनले भिडियो प्लेयर प्रयोग गर्दै।"},{"$i":"overlay-cancel-button","$v":"रद्द गर्नुहोस्"},{"$i":"overlay-camera-button","$v":"क्यामेरामा जानुहोस्"},{"$i":"sd-storage-full-header","$v":"एस.डि कार्ड पूरा छ"},{"$i":"sd-storage-full-content","$v":"स्थान खाली गर्न एस.डि कार्डमा रहेका फाइलहरूलाई मेटाउनुहोस्।"},{"$i":"phone-storage-full-header","$v":"फोन भण्डारण भरिएको छ।"},{"$i":"phone-storage-full-content","$v":"स्थान खाली गर्न मिडिया फाइल वा आवेदन मितिलाई मेटाउनुहोस्। तपाईंले मिडिया भण्डारणलाई विस्तार गर्न एस.डि कार्डलाई घुसाउन सक्नुहुन्छ ।"},{"$i":"name-label","$v":"नाम"},{"$i":"length-label","$v":"लम्बाई"},{"$i":"size-label","$v":"आकार"},{"$i":"video-type-label","$v":"भिडियोको प्रकार"},{"$i":"date-taken-label","$v":"मिति लिइयो"},{"$i":"resolution-label","$v":"रिजोल्यूसन"},{"$i":"close-button","$v":"बन्द गर्नुहोस्"},{"$i":"byteUnit-B","$v":"बाइट"},{"$i":"byteUnit-KB","$v":"KB"},{"$i":"byteUnit-MB","$v":"MB"},{"$i":"byteUnit-GB","$v":"GB"},{"$i":"byteUnit-TB","$v":"TB"},{"$i":"byteUnit-PB","$v":"PB"},{"$i":"byteUnit-EB","$v":"EB"},{"$i":"byteUnit-ZB","$v":"ZB"},{"$i":"byteUnit-YB","$v":"YB"},{"$i":"date-group-header","$v":"%B %Y"},{"$i":"share","$v":"साझेदारी"},{"$i":"more-info","$v":"थप जानकारी"},{"$i":"delete","$v":"मेट्नुहोस्"},{"$i":"video-button","ariaLabel":"भिडियो"},{"$i":"select-button","ariaLabel":"चयन गर्नुहोस्"},{"$i":"delete-button","ariaLabel":"मेट्नुहोस्"},{"$i":"share-button","ariaLabel":"साझेदारी"},{"$i":"info-view","ariaLabel":"जानकारी"},{"$i":"options-view","ariaLabel":"विकल्पहरू"},{"$i":"confirm-dialog","ariaLabel":"निश्चित गर्नुहोस्"},{"$i":"videos-list","ariaLabel":"भिडियोहरू"},{"$i":"options-more","ariaLabel":"बढी"},{"$i":"seek-backward","ariaLabel":"पछाडि खोज्नुहोस्"},{"$i":"seek-bar","ariaLabel":["खोज्ने पट्टी, अवधि ",{"t":"idOrVar","v":"duration"}]},{"$i":"seek-forward","ariaLabel":"अगाडि खोज्नुहोस्"},{"$i":"play-button","ariaLabel":"चलाउनुहोस्"},{"$i":"pause-button","ariaLabel":"पज गर्नुहोस्"},{"$i":"fullscreen-button","ariaLabel":"पूर्ण स्क्रिन"},{"$i":"show-controls-button","ariaLabel":"नियन्त्रणहरू देखाउनुहोस्"},{"$i":"hide-controls-button","ariaLabel":"नियन्त्रणहरू लुकाउनुहोस्"},{"$i":"confirmation-title","$v":"पुष्टिकरण"},{"$i":"n-video-deleted","$v":{"few":[{"t":"idOrVar","v":"n"}," भिडियोहरू मेटाइयो"],"many":[{"t":"idOrVar","v":"n"}," भिडियोहरू मेटाइयो"],"one":"भिडियोलाई मेटाइयो","other":[{"t":"idOrVar","v":"n"}," भिडियोहरू मेटाइयो"],"two":[{"t":"idOrVar","v":"n"}," भिडियोहरू मेटाइयो"],"zero":"केहीपनि चयन गरिएन"},"$x":[{"t":"idOrVar","v":"plural"},"n"]},{"$i":"rename-saved","$v":"परिवर्तनहरू बचत गरियो"},{"$i":"confirm-video","$v":"भिडियो"},{"$i":"confirm-ok","$v":"ठीक छ"},{"$i":"options-header","$v":"विकल्पहरू"},{"$i":"video-invalid-name","$v":"अमान्य नाम"},{"$i":"name-already-exists","$v":"यो नाम पहिले नै अवस्थित छ"},{"$i":"override-warning-msg","$v":"तपाईं विद्यमान फाइललाई रद्द गर्न चाहनुहुन्छ"},{"$i":"override","$v":"उल्लङ्घन"},{"$i":"opt-takevideo","$v":"क्यामेरा"},{"$i":"select","$v":"चयन गर्नुहोस्"},{"$i":"opt-deselect","$v":"चयन हटाउनुहोस्"},{"$i":"opt-delete","$v":"मेट्नुहोस्"},{"$i":"opt-rename","$v":"पुनःनामाकरण गर्नुहोस्"},{"$i":"opt-selectmultiple","$v":"विविध चयन गर्नुहोस्"},{"$i":"opt-fileinfo","$v":"फाइल जानकारी"},{"$i":"opt-selectall","$v":"सबै"},{"$i":"opt-deselectall","$v":"कुनै पनि होइन"},{"$i":"opt-fullscreen","$v":"पूर्ण स्क्रिन"},{"$i":"opt-play","$v":"चलाउनुहोस्"},{"$i":"opt-pause","$v":"पज गर्नुहोस्"},{"$i":"opt-volume","$v":"मात्रा"},{"$i":"opt-rotate","$v":"घुमाउनुहोस्"},{"$i":"opt-cancel","$v":"रद्द गर्नुहोस्"},{"$i":"opt-settings","$v":"सेटिङ्हरू"},{"$i":"weekday-0-long","$v":"आइतबार"},{"$i":"weekday-1-long","$v":"सोमबार"},{"$i":"weekday-2-long","$v":"मङ्गलबार"},{"$i":"weekday-3-long","$v":"बुधबार"},{"$i":"weekday-4-long","$v":"बिहिबार"},{"$i":"weekday-5-long","$v":"शुक्रबार"},{"$i":"weekday-6-long","$v":"शनिबार"},{"$i":"weekday-0-short","$v":"सूर्य"},{"$i":"weekday-1-short","$v":"सोमबार"},{"$i":"weekday-2-short","$v":"मङ्गलबार"},{"$i":"weekday-3-short","$v":"बुधबार"},{"$i":"weekday-4-short","$v":"बिहीबार"},{"$i":"weekday-5-short","$v":"शुक्रबार"},{"$i":"weekday-6-short","$v":"शनिबार"},{"$i":"month-0-long","$v":"जनवरी"},{"$i":"month-1-long","$v":"फेब्रुअरी"},{"$i":"month-2-long","$v":"मार्च"},{"$i":"month-3-long","$v":"अप्रिल"},{"$i":"month-4-long","$v":"मे"},{"$i":"month-5-long","$v":"जुन"},{"$i":"month-6-long","$v":"जुलाइ"},{"$i":"month-7-long","$v":"अगस्ट"},{"$i":"month-8-long","$v":"सेप्टेम्बर"},{"$i":"month-9-long","$v":"अक्टुबर"},{"$i":"month-10-long","$v":"नोभेम्बर"},{"$i":"month-11-long","$v":"डिसेम्बर"},{"$i":"month-0-genitive","$v":"जनवरी"},{"$i":"month-1-genitive","$v":"फेब्रुअरी"},{"$i":"month-2-genitive","$v":"मार्च"},{"$i":"month-3-genitive","$v":"अप्रिल"},{"$i":"month-4-genitive","$v":"मे"},{"$i":"month-5-genitive","$v":"जुन"},{"$i":"month-6-genitive","$v":"जुलाइ"},{"$i":"month-7-genitive","$v":"अगस्ट"},{"$i":"month-8-genitive","$v":"सेप्टेम्बर"},{"$i":"month-9-genitive","$v":"अक्टुबर"},{"$i":"month-10-genitive","$v":"नोभेम्बर"},{"$i":"month-11-genitive","$v":"डिसेम्बर"},{"$i":"month-0-short","$v":"जनवरी"},{"$i":"month-1-short","$v":"फेब्रुअरी"},{"$i":"month-2-short","$v":"मार्च"},{"$i":"month-3-short","$v":"अप्रिल"},{"$i":"month-4-short","$v":"मे"},{"$i":"month-5-short","$v":"जुन"},{"$i":"month-6-short","$v":"जुलाई"},{"$i":"month-7-short","$v":"अगस्ट"},{"$i":"month-8-short","$v":"सेप्टेम्बर"},{"$i":"month-9-short","$v":"अक्टोबर"},{"$i":"month-10-short","$v":"नोभेम्बर"},{"$i":"month-11-short","$v":"डिसेम्बर"},{"$i":"minutes-ago-long","$v":{"few":[{"t":"idOrVar","v":"value"}," मिनेट पहिला"],"many":[{"t":"idOrVar","v":"value"}," मिनेट पहिला"],"one":"एक मिनेट अघि","other":[{"t":"idOrVar","v":"value"}," मिनेट पहिला"],"two":[{"t":"idOrVar","v":"value"}," मिनेट पहिला"],"zero":"अहिले भर्खर"},"$x":[{"t":"idOrVar","v":"plural"},"value"]},{"$i":"hours-ago-long","$v":{"few":[{"t":"idOrVar","v":"value"}," घण्टा पहिला"],"many":[{"t":"idOrVar","v":"value"}," घण्टा पहिला"],"one":"एक घण्टा अघि","other":[{"t":"idOrVar","v":"value"}," घण्टा पहिला"],"two":[{"t":"idOrVar","v":"value"}," घण्टा पहिला"],"zero":"अहिले भर्खर"},"$x":[{"t":"idOrVar","v":"plural"},"value"]},{"$i":"days-ago-long","$v":{"few":[{"t":"idOrVar","v":"value"}," दिन पहिला"],"many":[{"t":"idOrVar","v":"value"}," दिन पहिला"],"one":"हिजो","other":[{"t":"idOrVar","v":"value"}," दिन पहिला"],"two":[{"t":"idOrVar","v":"value"}," दिन पहिला"],"zero":"आज"},"$x":[{"t":"idOrVar","v":"plural"},"value"]},{"$i":"weeks-ago-long","$v":{"few":[{"t":"idOrVar","v":"value"}," हप्ता पहिला"],"many":[{"t":"idOrVar","v":"value"}," हप्ता पहिला"],"one":"गत हप्ता","other":[{"t":"idOrVar","v":"value"}," हप्ता पहिला"],"two":[{"t":"idOrVar","v":"value"}," हप्ता पहिला"],"zero":"यो हप्ता"},"$x":[{"t":"idOrVar","v":"plural"},"value"]},{"$i":"months-ago-long","$v":{"few":[{"t":"idOrVar","v":"value"}," महिना पहिला"],"many":[{"t":"idOrVar","v":"value"}," महिना पहिला"],"one":"गत महिना","other":[{"t":"idOrVar","v":"value"}," महिना पहिला"],"two":[{"t":"idOrVar","v":"value"}," महिना पहिला"],"zero":"यो महिना"},"$x":[{"t":"idOrVar","v":"plural"},"value"]},{"$i":"years-ago-long","$v":{"few":[{"t":"idOrVar","v":"value"}," वर्ष पहिला"],"many":[{"t":"idOrVar","v":"value"}," वर्ष पहिला"],"one":"गएको वर्ष","other":[{"t":"idOrVar","v":"value"}," वर्ष पहिला"],"two":[{"t":"idOrVar","v":"value"}," वर्ष पहिला"],"zero":"यो वर्ष"},"$x":[{"t":"idOrVar","v":"plural"},"value"]},{"$i":"minutes-until-long","$v":{"few":[{"t":"idOrVar","v":"value"}," मिनेटमा"],"many":[{"t":"idOrVar","v":"value"}," मिनेटमा"],"one":"एक मिनेटमा","other":[{"t":"idOrVar","v":"value"}," मिनेटमा"],"two":[{"t":"idOrVar","v":"value"}," मिनेटमा"],"zero":"अहिले"},"$x":[{"t":"idOrVar","v":"plural"},"value"]},{"$i":"hours-until-long","$v":{"few":[{"t":"idOrVar","v":"value"}," घण्टामा"],"many":[{"t":"idOrVar","v":"value"}," घण्टामा"],"one":"एक घण्टामा","other":[{"t":"idOrVar","v":"value"}," घण्टामा"],"two":[{"t":"idOrVar","v":"value"}," घण्टामा"],"zero":"अहिले"},"$x":[{"t":"idOrVar","v":"plural"},"value"]},{"$i":"days-until-long","$v":{"few":[{"t":"idOrVar","v":"value"}," दिनमा"],"many":[{"t":"idOrVar","v":"value"}," दिनमा"],"one":"भोली","other":[{"t":"idOrVar","v":"value"}," दिनमा"],"two":[{"t":"idOrVar","v":"value"}," दिनमा"],"zero":"आज"},"$x":[{"t":"idOrVar","v":"plural"},"value"]},{"$i":"weeks-until-long","$v":{"few":[{"t":"idOrVar","v":"value"}," हप्तामा"],"many":[{"t":"idOrVar","v":"value"}," हप्तामा"],"one":"अर्को हप्ता","other":[{"t":"idOrVar","v":"value"}," हप्तामा"],"two":[{"t":"idOrVar","v":"value"}," हप्तामा"],"zero":"यो हप्ता"},"$x":[{"t":"idOrVar","v":"plural"},"value"]},{"$i":"months-until-long","$v":{"few":[{"t":"idOrVar","v":"value"}," महिनामा"],"many":[{"t":"idOrVar","v":"value"}," महिनामा"],"one":"अर्को महिना","other":[{"t":"idOrVar","v":"value"}," महिनामा"],"two":[{"t":"idOrVar","v":"value"}," महिनामा"],"zero":"यो महिना"},"$x":[{"t":"idOrVar","v":"plural"},"value"]},{"$i":"years-until-long","$v":{"few":[{"t":"idOrVar","v":"value"}," वर्षमा"],"many":[{"t":"idOrVar","v":"value"}," वर्षमा"],"one":"अर्को वर्ष","other":[{"t":"idOrVar","v":"value"}," वर्षमा"],"two":[{"t":"idOrVar","v":"value"}," वर्षमा"],"zero":"यो वर्ष"},"$x":[{"t":"idOrVar","v":"plural"},"value"]},{"$i":"minutes-ago-short","$v":{"other":[{"t":"idOrVar","v":"value"}," मिनेट पहिला"],"zero":"अहिले भर्खर"},"$x":[{"t":"idOrVar","v":"plural"},"value"]},{"$i":"hours-ago-short","$v":{"other":[{"t":"idOrVar","v":"value"},"घण्टा पहिला"],"zero":"अहिले भर्खर"},"$x":[{"t":"idOrVar","v":"plural"},"value"]},{"$i":"days-ago-short","$v":{"other":[{"t":"idOrVar","v":"value"},"दिन पहिला"],"zero":"आज"},"$x":[{"t":"idOrVar","v":"plural"},"value"]},{"$i":"minutes-until-short","$v":{"other":[{"t":"idOrVar","v":"value"}," मिनेटमा"],"zero":"अहिले"},"$x":[{"t":"idOrVar","v":"plural"},"value"]},{"$i":"hours-until-short","$v":{"other":[{"t":"idOrVar","v":"value"}," घण्टामा"],"zero":"अहिले"},"$x":[{"t":"idOrVar","v":"plural"},"value"]},{"$i":"days-until-short","$v":{"other":[{"t":"idOrVar","v":"value"}," दिनमा"],"zero":"आज"},"$x":[{"t":"idOrVar","v":"plural"},"value"]},{"$i":"incorrectDate","$v":"(गलत मिति)"},{"$i":"dateTimeFormat_%c","$v":"%a %b %e %Y %I:%M:%S %p"},{"$i":"dateTimeFormat_%x","$v":"%m/%d/%Y"},{"$i":"dateTimeFormat_%X","$v":"%I:%M:%S %p"},{"$i":"shortTimeFormat","$v":"%I:%M %p"},{"$i":"shortTimeFormat12","$v":"%I:%M %p"},{"$i":"shortTimeFormat24","$v":"%H:%M"},{"$i":"shortDateTimeFormat","$v":"%x %I:%M %p"},{"$i":"weekStartsOnMonday","$v":"0.0"},{"$i":"firstDayOfTheWeek","$v":"0.0"},{"$i":"time_am","$v":"AM"},{"$i":"time_pm","$v":"PM"},{"$i":"softkey-options","$v":"विकल्पहरू"}]