[{"$i":"done","$v":"Concluído"},{"$i":"number-selected2","$v":{"few":[{"t":"idOrVar","v":"n"},"  selecionado(s)"],"many":[{"t":"idOrVar","v":"n"},"  selecionado(s)"],"one":[{"t":"idOrVar","v":"n"},"  selecionado(s)"],"other":[{"t":"idOrVar","v":"n"},"  selecionado(s)"],"two":[{"t":"idOrVar","v":"n"},"  selecionado(s)"],"zero":[{"t":"idOrVar","v":"n"},"  selecionado(s)"]},"$x":[{"t":"idOrVar","v":"plural"},"n"]},{"$i":"delete-n-items?","$v":{"few":["Excluir ",{"t":"idOrVar","v":"n"}," vídeos?"],"many":["Excluir ",{"t":"idOrVar","v":"n"}," vídeos?"],"one":"Excluir vídeo selecionado?","other":["Excluir ",{"t":"idOrVar","v":"n"}," vídeos?"],"two":["Excluir ",{"t":"idOrVar","v":"n"}," vídeos?"],"zero":"Nada selecionado"},"$x":[{"t":"idOrVar","v":"plural"},"n"]},{"$i":"not-load-video-time","$v":"--:--"},{"$i":"video-time-num","$v":["0",{"t":"idOrVar","v":"num"}]},{"$i":"video-time-minute","$v":[{"t":"idOrVar","v":"owe"},{"t":"idOrVar","v":"m"},":",{"t":"idOrVar","v":"s"}]},{"$i":"video-time-hour","$v":[{"t":"idOrVar","v":"owe"},{"t":"idOrVar","v":"h"},":",{"t":"idOrVar","v":"m"},":",{"t":"idOrVar","v":"s"}]},{"$i":"share-noprovider","$v":"Tente compartilhar um vídeo por vez."},{"$i":"videos","$v":"Vídeos"},{"$i":"cancel","$v":"Cancelar"},{"$i":"delete-video?","$v":"Excluir vídeo selecionado?"},{"$i":"empty-title","$v":"Adicionar vídeos para começar"},{"$i":"empty-text","$v":"Nenhum vídeo disponível."},{"$i":"empty-content","$v":"O vídeo está vazio. Use a câmera para começar."},{"$i":"search-title","$v":"Buscando por vídeos..."},{"$i":"search-content","$v":"Buscando por vídeos..."},{"$i":"nocard2-title","$v":"Nenhum cartão de memória encontrado"},{"$i":"nocard3-text","$v":"Cartão de memória não encontrado. Insira um cartão de memória para fazer vídeos."},{"$i":"pluggedin-title","$v":"Não é possível assistir ao vídeo enquanto o telefone estiver conectado"},{"$i":"pluggedin-text","$v":"O armazenamento está em uso. Desconecte o telefone para fazer vídeos."},{"$i":"upgrade-title","$v":"Atualização do banco de dados"},{"$i":"upgrade-text","$v":"Aguarde enquanto Vídeo atualiza seu banco de dados."},{"$i":"confirm-delete","$v":"Tem certeza de que deseja excluir:"},{"$i":"pick-title","$v":"Selecionar um vídeo"},{"$i":"save","$v":"Salvar"},{"$i":"saved","$v":"salvo na biblioteca de vídeos."},{"$i":"save-failed","$v":"Não é possível salvar vídeo. Tente novamente."},{"$i":"error-network","$v":"Não foi possível baixar o vídeo devido a um erro de rede."},{"$i":"error-unsupported","$v":"Não é possível reproduzir o vídeo: falha no servidor ou na rede ou formato não compatível."},{"$i":"error-unknown","$v":"Ocorreu um erro de vídeo desconhecido."},{"$i":"video-hardware-in-use-title","$v":"Não é possível reproduzir vídeo"},{"$i":"video-hardware-in-use-text","$v":"Outro aplicativo está usando atualmente o reprodutor de vídeo."},{"$i":"overlay-cancel-button","$v":"Cancelar"},{"$i":"overlay-camera-button","$v":"Acessar a câmera"},{"$i":"sd-storage-full-header","$v":"Cartão SD cheio"},{"$i":"sd-storage-full-content","$v":"Exclua arquivos no cartão SD para liberar espaço."},{"$i":"phone-storage-full-header","$v":"Armazenamento do telefone cheio."},{"$i":"phone-storage-full-content","$v":"Exclua arquivos de mídia ou dados de aplicativo para liberar espaço. Você também pode inserir um cartão SD para expandir o armazenamento de mídia."},{"$i":"name-label","$v":"Nome"},{"$i":"length-label","$v":"Comprimento"},{"$i":"size-label","$v":"Tamanho"},{"$i":"video-type-label","$v":"Tipo de vídeo"},{"$i":"date-taken-label","$v":"Data de criação"},{"$i":"resolution-label","$v":"Resolução"},{"$i":"close-button","$v":"Fechar"},{"$i":"byteUnit-B","$v":"Bytes"},{"$i":"byteUnit-KB","$v":"KB"},{"$i":"byteUnit-MB","$v":"MB"},{"$i":"byteUnit-GB","$v":"GB"},{"$i":"byteUnit-TB","$v":"TB"},{"$i":"byteUnit-PB","$v":"PB"},{"$i":"byteUnit-EB","$v":"EB"},{"$i":"byteUnit-ZB","$v":"ZB"},{"$i":"byteUnit-YB","$v":"YB"},{"$i":"date-group-header","$v":"%B %Y"},{"$i":"share","$v":"Compartilhar"},{"$i":"more-info","$v":"Mais informações"},{"$i":"delete","$v":"Excluir"},{"$i":"video-button","ariaLabel":"Vídeo"},{"$i":"select-button","ariaLabel":"Selecionar"},{"$i":"delete-button","ariaLabel":"Excluir"},{"$i":"share-button","ariaLabel":"Compartilhar"},{"$i":"info-view","ariaLabel":"Informações"},{"$i":"options-view","ariaLabel":"Opções"},{"$i":"confirm-dialog","ariaLabel":"Confirmar"},{"$i":"videos-list","ariaLabel":"Vídeos"},{"$i":"options-more","ariaLabel":"Mais"},{"$i":"seek-backward","ariaLabel":"Buscar para trás"},{"$i":"seek-bar","ariaLabel":["Barra de busca, duração ",{"t":"idOrVar","v":"duration"}]},{"$i":"seek-forward","ariaLabel":"Buscar para diante"},{"$i":"play-button","ariaLabel":"Reproduzir"},{"$i":"pause-button","ariaLabel":"Pausar"},{"$i":"fullscreen-button","ariaLabel":"Tela cheia"},{"$i":"show-controls-button","ariaLabel":"Mostrar controles"},{"$i":"hide-controls-button","ariaLabel":"Ocultar controles"},{"$i":"confirmation-title","$v":"Confirmação"},{"$i":"n-video-deleted","$v":{"few":[{"t":"idOrVar","v":"n"}," vídeos excluídos"],"many":[{"t":"idOrVar","v":"n"}," vídeos excluídos"],"one":"Vídeo excluído","other":[{"t":"idOrVar","v":"n"}," vídeos excluídos"],"two":[{"t":"idOrVar","v":"n"}," vídeos excluídos"],"zero":"Nada selecionado"},"$x":[{"t":"idOrVar","v":"plural"},"n"]},{"$i":"rename-saved","$v":"Alterações salvas"},{"$i":"confirm-video","$v":"Vídeo"},{"$i":"confirm-ok","$v":"OK"},{"$i":"options-header","$v":"Opções"},{"$i":"video-invalid-name","$v":"Nome inválido"},{"$i":"name-already-exists","$v":"Este nome já existe"},{"$i":"override-warning-msg","$v":"Você gostaria de substituir o arquivo existente?"},{"$i":"override","$v":"Substituir"},{"$i":"opt-takevideo","$v":"Câmera"},{"$i":"select","$v":"Selecionar"},{"$i":"opt-deselect","$v":"Desmarcar"},{"$i":"opt-delete","$v":"Excluir"},{"$i":"opt-rename","$v":"Renomear"},{"$i":"opt-selectmultiple","$v":"Selecionar múltiplos"},{"$i":"opt-fileinfo","$v":"Informações sobre o arquivo"},{"$i":"opt-selectall","$v":"Tudo"},{"$i":"opt-deselectall","$v":"Nenhum"},{"$i":"opt-fullscreen","$v":"Tela cheia"},{"$i":"opt-play","$v":"Reproduzir"},{"$i":"opt-pause","$v":"Pausar"},{"$i":"opt-volume","$v":"Volume"},{"$i":"opt-rotate","$v":"Girar"},{"$i":"opt-cancel","$v":"Cancelar"},{"$i":"opt-settings","$v":"Configurações"},{"$i":"weekday-0-long","$v":"Domingo"},{"$i":"weekday-1-long","$v":"Segunda-feira"},{"$i":"weekday-2-long","$v":"Terça-feira"},{"$i":"weekday-3-long","$v":"Quarta-feira"},{"$i":"weekday-4-long","$v":"Quinta-feira"},{"$i":"weekday-5-long","$v":"Sexta-feira"},{"$i":"weekday-6-long","$v":"Sábado"},{"$i":"weekday-0-short","$v":"Dom"},{"$i":"weekday-1-short","$v":"Seg"},{"$i":"weekday-2-short","$v":"Ter"},{"$i":"weekday-3-short","$v":"Qua"},{"$i":"weekday-4-short","$v":"Qui"},{"$i":"weekday-5-short","$v":"Sex"},{"$i":"weekday-6-short","$v":"Sáb"},{"$i":"month-0-long","$v":"Janeiro"},{"$i":"month-1-long","$v":"Fevereiro"},{"$i":"month-2-long","$v":"Março"},{"$i":"month-3-long","$v":"Abril"},{"$i":"month-4-long","$v":"Maio"},{"$i":"month-5-long","$v":"Junho"},{"$i":"month-6-long","$v":"Julho"},{"$i":"month-7-long","$v":"Agosto"},{"$i":"month-8-long","$v":"Setembro"},{"$i":"month-9-long","$v":"Outubro"},{"$i":"month-10-long","$v":"Novembro"},{"$i":"month-11-long","$v":"Dezembro"},{"$i":"month-0-genitive","$v":"Janeiro"},{"$i":"month-1-genitive","$v":"Fevereiro"},{"$i":"month-2-genitive","$v":"Março"},{"$i":"month-3-genitive","$v":"Abril"},{"$i":"month-4-genitive","$v":"Maio"},{"$i":"month-5-genitive","$v":"Junho"},{"$i":"month-6-genitive","$v":"Julho"},{"$i":"month-7-genitive","$v":"Agosto"},{"$i":"month-8-genitive","$v":"Setembro"},{"$i":"month-9-genitive","$v":"Outubro"},{"$i":"month-10-genitive","$v":"Novembro"},{"$i":"month-11-genitive","$v":"Dezembro"},{"$i":"month-0-short","$v":"Jan"},{"$i":"month-1-short","$v":"Fev"},{"$i":"month-2-short","$v":"Mar"},{"$i":"month-3-short","$v":"Abr"},{"$i":"month-4-short","$v":"Mai"},{"$i":"month-5-short","$v":"Jun"},{"$i":"month-6-short","$v":"Jul"},{"$i":"month-7-short","$v":"Ago"},{"$i":"month-8-short","$v":"Set"},{"$i":"month-9-short","$v":"Out"},{"$i":"month-10-short","$v":"Nov"},{"$i":"month-11-short","$v":"Dez"},{"$i":"minutes-ago-long","$v":{"few":[{"t":"idOrVar","v":"value"}," minutos atrás"],"many":[{"t":"idOrVar","v":"value"}," minutos atrás"],"one":"um minuto atrás","other":[{"t":"idOrVar","v":"value"}," minutos atrás"],"two":[{"t":"idOrVar","v":"value"}," minutos atrás"],"zero":"agora mesmo"},"$x":[{"t":"idOrVar","v":"plural"},"value"]},{"$i":"hours-ago-long","$v":{"few":["horas ",{"t":"idOrVar","v":"value"}," atrás"],"many":["horas ",{"t":"idOrVar","v":"value"}," atrás"],"one":"uma hora atrás","other":["horas ",{"t":"idOrVar","v":"value"}," atrás"],"two":["horas ",{"t":"idOrVar","v":"value"}," atrás"],"zero":"agora mesmo"},"$x":[{"t":"idOrVar","v":"plural"},"value"]},{"$i":"days-ago-long","$v":{"few":[{"t":"idOrVar","v":"value"}," dias antes"],"many":[{"t":"idOrVar","v":"value"}," dias antes"],"one":"ontem","other":[{"t":"idOrVar","v":"value"}," dias antes"],"two":[{"t":"idOrVar","v":"value"}," dias antes"],"zero":"hoje"},"$x":[{"t":"idOrVar","v":"plural"},"value"]},{"$i":"weeks-ago-long","$v":{"few":[{"t":"idOrVar","v":"value"}," semanas antes"],"many":[{"t":"idOrVar","v":"value"}," semanas antes"],"one":"semana passada","other":[{"t":"idOrVar","v":"value"}," semanas antes"],"two":[{"t":"idOrVar","v":"value"}," semanas antes"],"zero":"esta semana"},"$x":[{"t":"idOrVar","v":"plural"},"value"]},{"$i":"months-ago-long","$v":{"few":[{"t":"idOrVar","v":"value"}," meses antes"],"many":[{"t":"idOrVar","v":"value"}," meses antes"],"one":"no mês passado","other":[{"t":"idOrVar","v":"value"}," meses antes"],"two":[{"t":"idOrVar","v":"value"}," meses antes"],"zero":"este mês"},"$x":[{"t":"idOrVar","v":"plural"},"value"]},{"$i":"years-ago-long","$v":{"few":[{"t":"idOrVar","v":"value"}," anos antes"],"many":[{"t":"idOrVar","v":"value"}," anos antes"],"one":"ano passado","other":[{"t":"idOrVar","v":"value"}," anos antes"],"two":[{"t":"idOrVar","v":"value"}," anos antes"],"zero":"este ano"},"$x":[{"t":"idOrVar","v":"plural"},"value"]},{"$i":"minutes-until-long","$v":{"few":["em ",{"t":"idOrVar","v":"value"}," minutos"],"many":["em ",{"t":"idOrVar","v":"value"}," minutos"],"one":"em um minuto","other":["em ",{"t":"idOrVar","v":"value"}," minutos"],"two":["em ",{"t":"idOrVar","v":"value"}," minutos"],"zero":"agora"},"$x":[{"t":"idOrVar","v":"plural"},"value"]},{"$i":"hours-until-long","$v":{"few":["em ",{"t":"idOrVar","v":"value"}," horas"],"many":["em ",{"t":"idOrVar","v":"value"}," horas"],"one":"em uma hora","other":["em ",{"t":"idOrVar","v":"value"}," horas"],"two":["em ",{"t":"idOrVar","v":"value"}," horas"],"zero":"agora"},"$x":[{"t":"idOrVar","v":"plural"},"value"]},{"$i":"days-until-long","$v":{"few":["em ",{"t":"idOrVar","v":"value"}," dias"],"many":["em ",{"t":"idOrVar","v":"value"}," dias"],"one":"amanhã","other":["em ",{"t":"idOrVar","v":"value"}," dias"],"two":["em ",{"t":"idOrVar","v":"value"}," dias"],"zero":"hoje"},"$x":[{"t":"idOrVar","v":"plural"},"value"]},{"$i":"weeks-until-long","$v":{"few":["em ",{"t":"idOrVar","v":"value"}," semanas"],"many":["em ",{"t":"idOrVar","v":"value"}," semanas"],"one":"próxima semana","other":["em ",{"t":"idOrVar","v":"value"}," semanas"],"two":["em ",{"t":"idOrVar","v":"value"}," semanas"],"zero":"esta semana"},"$x":[{"t":"idOrVar","v":"plural"},"value"]},{"$i":"months-until-long","$v":{"few":["em ",{"t":"idOrVar","v":"value"}," meses"],"many":["em ",{"t":"idOrVar","v":"value"}," meses"],"one":"próximo mês","other":["em ",{"t":"idOrVar","v":"value"}," meses"],"two":["em ",{"t":"idOrVar","v":"value"}," meses"],"zero":"este mês"},"$x":[{"t":"idOrVar","v":"plural"},"value"]},{"$i":"years-until-long","$v":{"few":["em ",{"t":"idOrVar","v":"value"}," anos"],"many":["em ",{"t":"idOrVar","v":"value"}," anos"],"one":"próximo ano","other":["em ",{"t":"idOrVar","v":"value"}," anos"],"two":["em ",{"t":"idOrVar","v":"value"}," anos"],"zero":"este ano"},"$x":[{"t":"idOrVar","v":"plural"},"value"]},{"$i":"minutes-ago-short","$v":{"other":[{"t":"idOrVar","v":"value"},"m atrás"],"zero":"agora mesmo"},"$x":[{"t":"idOrVar","v":"plural"},"value"]},{"$i":"hours-ago-short","$v":{"other":[{"t":"idOrVar","v":"value"},"h atrás"],"zero":"agora mesmo"},"$x":[{"t":"idOrVar","v":"plural"},"value"]},{"$i":"days-ago-short","$v":{"other":[{"t":"idOrVar","v":"value"},"d antes"],"zero":"hoje"},"$x":[{"t":"idOrVar","v":"plural"},"value"]},{"$i":"minutes-until-short","$v":{"other":["em ",{"t":"idOrVar","v":"value"},"m"],"zero":"agora"},"$x":[{"t":"idOrVar","v":"plural"},"value"]},{"$i":"hours-until-short","$v":{"other":["em ",{"t":"idOrVar","v":"value"},"h"],"zero":"agora"},"$x":[{"t":"idOrVar","v":"plural"},"value"]},{"$i":"days-until-short","$v":{"other":["em ",{"t":"idOrVar","v":"value"},"d"],"zero":"hoje"},"$x":[{"t":"idOrVar","v":"plural"},"value"]},{"$i":"incorrectDate","$v":"(data incorreta)"},{"$i":"dateTimeFormat_%c","$v":"%a %b %e %Y %I:%M:%S %p"},{"$i":"dateTimeFormat_%x","$v":"%d/%m/%Y"},{"$i":"dateTimeFormat_%X","$v":"%I:%M:%S %p"},{"$i":"shortTimeFormat","$v":"%I:%M %p"},{"$i":"shortTimeFormat12","$v":"%I:%M %p"},{"$i":"shortTimeFormat24","$v":"%H:%M"},{"$i":"shortDateTimeFormat","$v":"%x %I:%M %p"},{"$i":"weekStartsOnMonday","$v":"0.0"},{"$i":"firstDayOfTheWeek","$v":"0.0"},{"$i":"time_am","$v":"AM"},{"$i":"time_pm","$v":"PM"},{"$i":"softkey-options","$v":"Opções"}]