[{"$i":"done","$v":"Готово"},{"$i":"number-selected2","$v":{"few":[{"t":"idOrVar","v":"n"}," выбрано"],"many":[{"t":"idOrVar","v":"n"}," выбрано"],"one":[{"t":"idOrVar","v":"n"}," выбрано"],"other":[{"t":"idOrVar","v":"n"}," выбрано"],"two":[{"t":"idOrVar","v":"n"}," выбрано"],"zero":[{"t":"idOrVar","v":"n"}," выбрано"]},"$x":[{"t":"idOrVar","v":"plural"},"n"]},{"$i":"delete-n-items?","$v":{"few":["Удалить ",{"t":"idOrVar","v":"n"}," видео?"],"many":["Удалить ",{"t":"idOrVar","v":"n"}," видео?"],"one":"Удалить выбранное видео?","other":["Удалить ",{"t":"idOrVar","v":"n"}," видео?"],"two":["Удалить ",{"t":"idOrVar","v":"n"}," видео?"],"zero":"Ничего не выбрано"},"$x":[{"t":"idOrVar","v":"plural"},"n"]},{"$i":"not-load-video-time","$v":"--:--"},{"$i":"video-time-num","$v":["0",{"t":"idOrVar","v":"num"}]},{"$i":"video-time-minute","$v":[{"t":"idOrVar","v":"owe"},{"t":"idOrVar","v":"m"},":",{"t":"idOrVar","v":"s"}]},{"$i":"video-time-hour","$v":[{"t":"idOrVar","v":"owe"},{"t":"idOrVar","v":"h"},":",{"t":"idOrVar","v":"m"},":",{"t":"idOrVar","v":"s"}]},{"$i":"share-noprovider","$v":"Попробуйте отправить одно видео за раз."},{"$i":"videos","$v":"Видео"},{"$i":"cancel","$v":"Отмена"},{"$i":"delete-video?","$v":"Удалить выбранное видео?"},{"$i":"empty-title","$v":"Добавить видео для начала"},{"$i":"empty-text","$v":"Нет доступных видео."},{"$i":"empty-content","$v":"Пустое видео. Используйте камеру, чтобы начать."},{"$i":"search-title","$v":"Сканирование видео..."},{"$i":"search-content","$v":"Сканирование видео..."},{"$i":"nocard2-title","$v":"Не найдено ни одной карты памяти"},{"$i":"nocard3-text","$v":"Карта памяти не найдена. Вставьте карту памяти для записи видео."},{"$i":"pluggedin-title","$v":"Видео не может быть просмотрено, пока телефон подключен к"},{"$i":"pluggedin-text","$v":"В настоящее время память используется. Пожалуйста, отключите телефон, чтобы записать видео."},{"$i":"upgrade-title","$v":"Обновление Базы Данных"},{"$i":"upgrade-text","$v":"Подождите, пока Видео обновит свою базу данных."},{"$i":"confirm-delete","$v":"Вы уверены, что хотите удалить:"},{"$i":"pick-title","$v":"Выбрать видео"},{"$i":"save","$v":"Сохранить"},{"$i":"saved","$v":"сохранено в Библиотеке Видео."},{"$i":"save-failed","$v":"Невозможно сохранить видео, пожалуйста, попробуйте ещё раз."},{"$i":"error-network","$v":"Видео не удалось загрузить из-за сетевой ошибки."},{"$i":"error-unsupported","$v":"Видео не может быть воспроизведено: либо из-за сбоя сервера или сети, либо из-за того, что формат не поддерживается."},{"$i":"error-unknown","$v":"Произошла неизвестная ошибка видео."},{"$i":"video-hardware-in-use-title","$v":"Не удалось воспроизвести видео"},{"$i":"video-hardware-in-use-text","$v":"В настоящее время другое приложение использует видеоплеер."},{"$i":"overlay-cancel-button","$v":"Отмена"},{"$i":"overlay-camera-button","$v":"Перейти к Камере"},{"$i":"sd-storage-full-header","$v":"SD-карта Заполнена"},{"$i":"sd-storage-full-content","$v":"Удалите файлы на SD-карте, чтобы освободить место."},{"$i":"phone-storage-full-header","$v":"Память устройства заполнена."},{"$i":"phone-storage-full-content","$v":"Удалите файлы мультимедиа или данные приложения, чтобы освободить место. Можно также установить SD-карту для расширения памяти."},{"$i":"name-label","$v":"Имя"},{"$i":"length-label","$v":"Длина"},{"$i":"size-label","$v":"Размер"},{"$i":"video-type-label","$v":"Тип Видео"},{"$i":"date-taken-label","$v":"Дата съёмки"},{"$i":"resolution-label","$v":"Разрешение"},{"$i":"close-button","$v":"Закрыть"},{"$i":"byteUnit-B","$v":"Байт"},{"$i":"byteUnit-KB","$v":"КБ"},{"$i":"byteUnit-MB","$v":"МБ"},{"$i":"byteUnit-GB","$v":"ГБ"},{"$i":"byteUnit-TB","$v":"ТБ"},{"$i":"byteUnit-PB","$v":"ПБ"},{"$i":"byteUnit-EB","$v":"ЭБ"},{"$i":"byteUnit-ZB","$v":"ЗБ"},{"$i":"byteUnit-YB","$v":"Ибайт"},{"$i":"date-group-header","$v":"%B %Y"},{"$i":"share","$v":"Отправить"},{"$i":"more-info","$v":"Подробная информация"},{"$i":"delete","$v":"Удалить"},{"$i":"video-button","ariaLabel":"Видео"},{"$i":"select-button","ariaLabel":"Выбрать"},{"$i":"delete-button","ariaLabel":"Удалить"},{"$i":"share-button","ariaLabel":"Отправить"},{"$i":"info-view","ariaLabel":"Информация"},{"$i":"options-view","ariaLabel":"Опции"},{"$i":"confirm-dialog","ariaLabel":"Подтвердить"},{"$i":"videos-list","ariaLabel":"Видео"},{"$i":"options-more","ariaLabel":"Ещё"},{"$i":"seek-backward","ariaLabel":"Поиск назад"},{"$i":"seek-bar","ariaLabel":"Полоса поиска, продолжительность"},{"$i":"seek-forward","ariaLabel":"Поиск вперед"},{"$i":"play-button","ariaLabel":"Воспроизведение"},{"$i":"pause-button","ariaLabel":"Пауза"},{"$i":"fullscreen-button","ariaLabel":"Полный экран"},{"$i":"show-controls-button","ariaLabel":"Показать элементы управления"},{"$i":"hide-controls-button","ariaLabel":"Скрыть элементы управления"},{"$i":"confirmation-title","$v":"Подтверждение"},{"$i":"n-video-deleted","$v":{"few":[{"t":"idOrVar","v":"n"}," видео удалено"],"many":[{"t":"idOrVar","v":"n"}," видео удалено"],"one":"Видео удалено","other":[{"t":"idOrVar","v":"n"}," видео удалено"],"two":[{"t":"idOrVar","v":"n"}," видео удалено"],"zero":"Ничего не выбрано"},"$x":[{"t":"idOrVar","v":"plural"},"n"]},{"$i":"rename-saved","$v":"Изменения сохранены"},{"$i":"confirm-video","$v":"Видео"},{"$i":"confirm-ok","$v":"OK"},{"$i":"options-header","$v":"Опции"},{"$i":"video-invalid-name","$v":"Недопустимое Имя"},{"$i":"name-already-exists","$v":"Это имя уже существует"},{"$i":"override-warning-msg","$v":"Хотите переопределить существующий файл?"},{"$i":"override","$v":"Переопределить"},{"$i":"opt-takevideo","$v":"Камера"},{"$i":"select","$v":"Выбрать"},{"$i":"opt-deselect","$v":"СНЯТЬ"},{"$i":"opt-delete","$v":"Удалить"},{"$i":"opt-rename","$v":"Переименовать"},{"$i":"opt-selectmultiple","$v":"Выбрать Несколько"},{"$i":"opt-fileinfo","$v":"Информация о файле"},{"$i":"opt-selectall","$v":"Все"},{"$i":"opt-deselectall","$v":"Нет"},{"$i":"opt-fullscreen","$v":"Широкий (16:9)"},{"$i":"opt-play","$v":"Воспроизведение"},{"$i":"opt-pause","$v":"Пауза"},{"$i":"opt-volume","$v":"Громкость"},{"$i":"opt-rotate","$v":"Поворот"},{"$i":"opt-cancel","$v":"Отмена"},{"$i":"opt-settings","$v":"Настройки"},{"$i":"weekday-0-long","$v":"Воскресенье"},{"$i":"weekday-1-long","$v":"Понедельник"},{"$i":"weekday-2-long","$v":"Вторник"},{"$i":"weekday-3-long","$v":"Среда"},{"$i":"weekday-4-long","$v":"Четверг"},{"$i":"weekday-5-long","$v":"Пятница"},{"$i":"weekday-6-long","$v":"Суббота"},{"$i":"weekday-0-short","$v":"Вс"},{"$i":"weekday-1-short","$v":"Пн"},{"$i":"weekday-2-short","$v":"Вт"},{"$i":"weekday-3-short","$v":"Ср"},{"$i":"weekday-4-short","$v":"Чт"},{"$i":"weekday-5-short","$v":"Пт"},{"$i":"weekday-6-short","$v":"Сб"},{"$i":"month-0-long","$v":"Январь"},{"$i":"month-1-long","$v":"Февраль"},{"$i":"month-2-long","$v":"Март"},{"$i":"month-3-long","$v":"Апрель"},{"$i":"month-4-long","$v":"Май"},{"$i":"month-5-long","$v":"Июнь"},{"$i":"month-6-long","$v":"Июль"},{"$i":"month-7-long","$v":"Август"},{"$i":"month-8-long","$v":"Сентябрь"},{"$i":"month-9-long","$v":"Октябрь"},{"$i":"month-10-long","$v":"Ноябрь"},{"$i":"month-11-long","$v":"Декабрь"},{"$i":"month-0-genitive","$v":"Январь"},{"$i":"month-1-genitive","$v":"Февраль"},{"$i":"month-2-genitive","$v":"Март"},{"$i":"month-3-genitive","$v":"Апрель"},{"$i":"month-4-genitive","$v":"Май"},{"$i":"month-5-genitive","$v":"Июнь"},{"$i":"month-6-genitive","$v":"Июль"},{"$i":"month-7-genitive","$v":"Август"},{"$i":"month-8-genitive","$v":"Сентябрь"},{"$i":"month-9-genitive","$v":"Октябрь"},{"$i":"month-10-genitive","$v":"Ноябрь"},{"$i":"month-11-genitive","$v":"Декабрь"},{"$i":"month-0-short","$v":"Янв"},{"$i":"month-1-short","$v":"Фев"},{"$i":"month-2-short","$v":"Мар"},{"$i":"month-3-short","$v":"Апр"},{"$i":"month-4-short","$v":"Май"},{"$i":"month-5-short","$v":"Июн"},{"$i":"month-6-short","$v":"Июл"},{"$i":"month-7-short","$v":"Авг"},{"$i":"month-8-short","$v":"Сен"},{"$i":"month-9-short","$v":"Окт"},{"$i":"month-10-short","$v":"Ноя"},{"$i":"month-11-short","$v":"Дек"},{"$i":"minutes-ago-long","$v":{"few":[{"t":"idOrVar","v":"value"}," минут назад"],"many":[{"t":"idOrVar","v":"value"}," минут назад"],"one":"минуту назад","other":[{"t":"idOrVar","v":"value"}," минут назад"],"two":[{"t":"idOrVar","v":"value"}," минут назад"],"zero":"сейчас"},"$x":[{"t":"idOrVar","v":"plural"},"value"]},{"$i":"hours-ago-long","$v":{"few":[{"t":"idOrVar","v":"value"}," часов назад"],"many":[{"t":"idOrVar","v":"value"}," часов назад"],"one":"час назад","other":[{"t":"idOrVar","v":"value"}," часов назад"],"two":[{"t":"idOrVar","v":"value"}," часов назад"],"zero":"сейчас"},"$x":[{"t":"idOrVar","v":"plural"},"value"]},{"$i":"days-ago-long","$v":{"few":[{"t":"idOrVar","v":"value"}," дней назад"],"many":[{"t":"idOrVar","v":"value"}," дней назад"],"one":"вчера","other":[{"t":"idOrVar","v":"value"}," дней назад"],"two":[{"t":"idOrVar","v":"value"}," дней назад"],"zero":"сегодня"},"$x":[{"t":"idOrVar","v":"plural"},"value"]},{"$i":"weeks-ago-long","$v":{"few":[{"t":"idOrVar","v":"value"}," недель назад"],"many":[{"t":"idOrVar","v":"value"}," недель назад"],"one":"последняя неделя","other":[{"t":"idOrVar","v":"value"}," недель назад"],"two":[{"t":"idOrVar","v":"value"}," недель назад"],"zero":"эта неделя"},"$x":[{"t":"idOrVar","v":"plural"},"value"]},{"$i":"months-ago-long","$v":{"few":[{"t":"idOrVar","v":"value"}," месяцев назад"],"many":[{"t":"idOrVar","v":"value"}," месяцев назад"],"one":"прошлый месяц","other":[{"t":"idOrVar","v":"value"}," месяцев назад"],"two":[{"t":"idOrVar","v":"value"}," месяцев назад"],"zero":"этот месяц"},"$x":[{"t":"idOrVar","v":"plural"},"value"]},{"$i":"years-ago-long","$v":{"few":[{"t":"idOrVar","v":"value"}," лет назад"],"many":[{"t":"idOrVar","v":"value"}," лет назад"],"one":"прошлый год","other":[{"t":"idOrVar","v":"value"}," лет назад"],"two":[{"t":"idOrVar","v":"value"}," лет назад"],"zero":"этот год"},"$x":[{"t":"idOrVar","v":"plural"},"value"]},{"$i":"minutes-until-long","$v":{"few":["через ",{"t":"idOrVar","v":"value"}," минут"],"many":["через ",{"t":"idOrVar","v":"value"}," минут"],"one":"через минуту","other":["через ",{"t":"idOrVar","v":"value"}," минут"],"two":["через ",{"t":"idOrVar","v":"value"}," минут"],"zero":"сейчас"},"$x":[{"t":"idOrVar","v":"plural"},"value"]},{"$i":"hours-until-long","$v":{"few":["через ",{"t":"idOrVar","v":"value"}," часов"],"many":["через ",{"t":"idOrVar","v":"value"}," часов"],"one":"через  час","other":["через ",{"t":"idOrVar","v":"value"}," часов"],"two":["через ",{"t":"idOrVar","v":"value"}," часов"],"zero":"сейчас"},"$x":[{"t":"idOrVar","v":"plural"},"value"]},{"$i":"days-until-long","$v":{"few":["через ",{"t":"idOrVar","v":"value"}," дней"],"many":["через ",{"t":"idOrVar","v":"value"}," дней"],"one":"завтра","other":["через ",{"t":"idOrVar","v":"value"}," дней"],"two":["через ",{"t":"idOrVar","v":"value"}," дней"],"zero":"сегодня"},"$x":[{"t":"idOrVar","v":"plural"},"value"]},{"$i":"weeks-until-long","$v":{"few":["через ",{"t":"idOrVar","v":"value"}," нед."],"many":["через ",{"t":"idOrVar","v":"value"}," нед."],"one":"следующая неделя","other":["через ",{"t":"idOrVar","v":"value"}," нед."],"two":["через ",{"t":"idOrVar","v":"value"}," нед."],"zero":"эта неделя"},"$x":[{"t":"idOrVar","v":"plural"},"value"]},{"$i":"months-until-long","$v":{"few":["через ",{"t":"idOrVar","v":"value"}," мес."],"many":["через ",{"t":"idOrVar","v":"value"}," мес."],"one":"в следующем месяце","other":["через ",{"t":"idOrVar","v":"value"}," мес."],"two":["через ",{"t":"idOrVar","v":"value"}," мес."],"zero":"этот месяц"},"$x":[{"t":"idOrVar","v":"plural"},"value"]},{"$i":"years-until-long","$v":{"few":["через ",{"t":"idOrVar","v":"value"}," лет"],"many":["через ",{"t":"idOrVar","v":"value"}," лет"],"one":"следующий год","other":["через ",{"t":"idOrVar","v":"value"}," лет"],"two":["через ",{"t":"idOrVar","v":"value"}," лет"],"zero":"этот год"},"$x":[{"t":"idOrVar","v":"plural"},"value"]},{"$i":"minutes-ago-short","$v":{"other":[{"t":"idOrVar","v":"value"}," мин назад"],"zero":"сейчас"},"$x":[{"t":"idOrVar","v":"plural"},"value"]},{"$i":"hours-ago-short","$v":{"other":[{"t":"idOrVar","v":"value"}," ч назад"],"zero":"сейчас"},"$x":[{"t":"idOrVar","v":"plural"},"value"]},{"$i":"days-ago-short","$v":{"other":[{"t":"idOrVar","v":"value"}," д назад"],"zero":"сегодня"},"$x":[{"t":"idOrVar","v":"plural"},"value"]},{"$i":"minutes-until-short","$v":{"other":["через ",{"t":"idOrVar","v":"value"}," мин"],"zero":"сейчас"},"$x":[{"t":"idOrVar","v":"plural"},"value"]},{"$i":"hours-until-short","$v":{"other":["через ",{"t":"idOrVar","v":"value"}," ч"],"zero":"сейчас"},"$x":[{"t":"idOrVar","v":"plural"},"value"]},{"$i":"days-until-short","$v":{"other":["через ",{"t":"idOrVar","v":"value"}," д"],"zero":"сегодня"},"$x":[{"t":"idOrVar","v":"plural"},"value"]},{"$i":"incorrectDate","$v":"(неверная дата)"},{"$i":"dateTimeFormat_%c","$v":"%a %b %e %Y %I:%M:%S %p"},{"$i":"dateTimeFormat_%x","$v":"%m/%d/%Y"},{"$i":"dateTimeFormat_%X","$v":"%I:%M:%S %p"},{"$i":"shortTimeFormat","$v":"%I:%M %p"},{"$i":"shortTimeFormat12","$v":"%I:%M %p"},{"$i":"shortTimeFormat24","$v":"%H:%M"},{"$i":"shortDateTimeFormat","$v":"%x %I:%M %p"},{"$i":"weekStartsOnMonday","$v":"0.0"},{"$i":"firstDayOfTheWeek","$v":"1.0"},{"$i":"time_am","$v":"AM"},{"$i":"time_pm","$v":"PM"},{"$i":"softkey-options","$v":"Опции"}]