[{"$i":"done","$v":"ඉටු කළා"},{"$i":"number-selected2","$v":{"few":[{"t":"idOrVar","v":"n"}," තෝරා ගැණිනි"],"many":[{"t":"idOrVar","v":"n"}," තෝරා ගැණිනි"],"one":[{"t":"idOrVar","v":"n"}," තෝරා ගැණිනි"],"other":[{"t":"idOrVar","v":"n"}," තෝරා ගැණිනි"],"two":[{"t":"idOrVar","v":"n"}," තෝරා ගැණිනි"],"zero":[{"t":"idOrVar","v":"n"}," තෝරා ගැණිනි"]},"$x":[{"t":"idOrVar","v":"plural"},"n"]},{"$i":"delete-n-items?","$v":{"few":["වීඩියෝව ",{"t":"idOrVar","v":"n"}," මකන්නද?"],"many":["වීඩියෝව ",{"t":"idOrVar","v":"n"}," මකන්නද?"],"one":"තෝරන ලද වීඩියෝව මකන්නද?","other":["වීඩියෝව ",{"t":"idOrVar","v":"n"}," මකන්නද?"],"two":["වීඩියෝව ",{"t":"idOrVar","v":"n"}," මකන්නද?"],"zero":"කිසිවක් තෝරා නැත"},"$x":[{"t":"idOrVar","v":"plural"},"n"]},{"$i":"not-load-video-time","$v":"--:--"},{"$i":"video-time-num","$v":["0",{"t":"idOrVar","v":"num"}]},{"$i":"video-time-minute","$v":[{"t":"idOrVar","v":"owe"},{"t":"idOrVar","v":"m"},":",{"t":"idOrVar","v":"s"}]},{"$i":"video-time-hour","$v":[{"t":"idOrVar","v":"owe"},{"t":"idOrVar","v":"h"},":",{"t":"idOrVar","v":"m"},":",{"t":"idOrVar","v":"s"}]},{"$i":"share-noprovider","$v":"වරකට එක් වීඩියෝවක් හුවමාරු කර උත්සාහ කරන්න."},{"$i":"videos","$v":"වීඩියෝ"},{"$i":"cancel","$v":"අවලංගු කරන්න"},{"$i":"delete-video?","$v":"තෝරන ලද වීඩියෝව මකන්නද?"},{"$i":"empty-title","$v":"ආරම්භ කිරීමට වීඩියෝ එක්කරන්න"},{"$i":"empty-text","$v":"කිසිදු වීඩියෝවක් නැත."},{"$i":"empty-content","$v":"වීඩියෝව හිස්ය. ආරම්භ කිරීමට කැමරාව භාවිතා කරන්න."},{"$i":"search-title","$v":"ස්කෑන් කිරීම"},{"$i":"search-content","$v":"ස්කෑන් කිරීම"},{"$i":"nocard2-title","$v":"කිසිදු මතක කාඩ්පතක් හමු නොවීය"},{"$i":"nocard3-text","$v":"මතක කාඩ්පත හමු නොවීය. වීඩියෝ ගැනීමට මතක කාඩ්පතක් ඇතුළු කරන්න."},{"$i":"pluggedin-title","$v":"ප්ලග් කර ඇති අතරතුර වාදනය කළ නොහැක"},{"$i":"pluggedin-text","$v":"ගබඩාව දැනට භාවිතා වේ. වීඩියෝ ගැනීමට කරුණාකර දුරකථනය ප්ලගයෙන් ගලවන්න."},{"$i":"upgrade-title","$v":"දත්ත පදනම උසස් කිරීම"},{"$i":"upgrade-text","$v":"වීඩියෝව එහි දත්ත පදනම යාවත්කාලීන කරන තෙක් රැඳී සිටින්න."},{"$i":"confirm-delete","$v":"මැකීමට අවශ්‍ය බව ඔබට සහතිකද:"},{"$i":"pick-title","$v":"වීඩියෝවක් තෝරන්න"},{"$i":"save","$v":"සුරකින්න"},{"$i":"saved","$v":"වීඩියෝ පුස්තකාලයට සුරකින ලදි."},{"$i":"save-failed","$v":"වීඩියෝව සුරැකීමට නොහැක, කරුණාකර නැවත උත්සාහ කරන්න."},{"$i":"error-network","$v":"ජාල දෝෂයක් හේතුවෙන් වීඩියෝව පැටවිය නොහැකි විය."},{"$i":"error-unsupported","$v":"වීඩියෝව වාදනය කළ නොහැක: එක්කෝ සර්වරය හෝ ජාලය අසාර්ථක වීම නිසාය එසේ නැතහොත් ආකෘතිය ආධාරක නොවන නිසාය."},{"$i":"error-unknown","$v":"නොදන්නා වීඩියෝ දෝෂයක් හට ගැනුණි."},{"$i":"video-hardware-in-use-title","$v":"වීඩියෝව වාදනය කළ නොහැක"},{"$i":"video-hardware-in-use-text","$v":"වෙනත් යෙදුමක් දැනට වීඩියෝව භාවිතා කරයි."},{"$i":"overlay-cancel-button","$v":"අවලංගු කරන්න"},{"$i":"overlay-camera-button","$v":"කැමරාව වෙත යන්න"},{"$i":"sd-storage-full-header","$v":"SD කාඩ්පත පිරී ඇත."},{"$i":"sd-storage-full-content","$v":"ඉඩ නිදහස් කිරීමට SD කාඩ්පතේ ඇති ගොනු මකන්න."},{"$i":"phone-storage-full-header","$v":"දුරකථන ගබඩාව පිරී ඇත."},{"$i":"phone-storage-full-content","$v":"ඉඩ නිදහස් කිරීමට මාධ්‍ය ගොනු හෝ යෙදුම් දත්ත මකන්න. ඔබට මාධ්‍ය ගබඩාව පුළුල් කිරීමට SD කාඩ්පතක් ඇතුල් කිරීමට ද හැකිය."},{"$i":"name-label","$v":"නම"},{"$i":"length-label","$v":"දිග"},{"$i":"size-label","$v":"විශාලත්වය"},{"$i":"video-type-label","$v":"වීඩියෝ වර්ගය"},{"$i":"date-taken-label","$v":"ලබා ගත් දිනය"},{"$i":"resolution-label","$v":"විභේදනය"},{"$i":"close-button","$v":"වසන්න"},{"$i":"byteUnit-B","$v":"බයිට්ස්"},{"$i":"byteUnit-KB","$v":"KB"},{"$i":"byteUnit-MB","$v":"MB"},{"$i":"byteUnit-GB","$v":"GB"},{"$i":"byteUnit-TB","$v":"TB"},{"$i":"byteUnit-PB","$v":"PB"},{"$i":"byteUnit-EB","$v":"EB"},{"$i":"byteUnit-ZB","$v":"ZB"},{"$i":"byteUnit-YB","$v":"YB"},{"$i":"date-group-header","$v":"%B %Y"},{"$i":"share","$v":"හුවමාරු කරන්න"},{"$i":"more-info","$v":"වැඩිදුර තතු"},{"$i":"delete","$v":"මකන්න"},{"$i":"video-button","ariaLabel":"වීඩියෝ"},{"$i":"select-button","ariaLabel":"තෝරන්න"},{"$i":"delete-button","ariaLabel":"මකන්න"},{"$i":"share-button","ariaLabel":"හුවමාරු කරන්න"},{"$i":"info-view","ariaLabel":"තතු"},{"$i":"options-view","ariaLabel":"විකල්ප"},{"$i":"confirm-dialog","ariaLabel":"තහවුරු කරන්න"},{"$i":"videos-list","ariaLabel":"වීඩියෝ"},{"$i":"options-more","ariaLabel":"තවත්"},{"$i":"seek-backward","ariaLabel":"පසුපසට සොයන්න"},{"$i":"seek-bar","ariaLabel":["සෙවීම් දණ්ඩේ, කාලසීමාව ",{"t":"idOrVar","v":"duration"}]},{"$i":"seek-forward","ariaLabel":"ඉදිරියට සොයන්න"},{"$i":"play-button","ariaLabel":"වාදනය කරන්න"},{"$i":"pause-button","ariaLabel":"මදකට නවතින්න"},{"$i":"fullscreen-button","ariaLabel":"පූර්ණ තිරය"},{"$i":"show-controls-button","ariaLabel":"පාලනයන් පෙන්වන්න"},{"$i":"hide-controls-button","ariaLabel":"පාලනයන් සඟවන්න"},{"$i":"confirmation-title","$v":"තහවුරු කිරීම"},{"$i":"n-video-deleted","$v":{"few":[{"t":"idOrVar","v":"n"}," වීඩියෝ මකා දැමීය"],"many":[{"t":"idOrVar","v":"n"}," වීඩියෝ මකා දැමීය"],"one":"වීඩියෝව මකන ලදි","other":[{"t":"idOrVar","v":"n"}," වීඩියෝ මකා දැමීය"],"two":[{"t":"idOrVar","v":"n"}," වීඩියෝ මකා දැමීය"],"zero":"කිසිවක් තෝරා නැත"},"$x":[{"t":"idOrVar","v":"plural"},"n"]},{"$i":"rename-saved","$v":"වෙනස්කම් සුරකින ලදි"},{"$i":"confirm-video","$v":"වීඩියෝ"},{"$i":"confirm-ok","$v":"OK"},{"$i":"options-header","$v":"විකල්ප"},{"$i":"video-invalid-name","$v":"වැරදි නම"},{"$i":"name-already-exists","$v":"මෙම නම දැනටමත් තිබේ"},{"$i":"override-warning-msg","$v":"තිබෙන ගොනුව මතින් ලිවීමට ඔබ කැමතිද?"},{"$i":"override","$v":"මතින් ලියන්න"},{"$i":"opt-takevideo","$v":"වීඩියෝ ගන්න"},{"$i":"select","$v":"තෝරන්න"},{"$i":"opt-deselect","$v":"තේරීම ඉවත් කරන්න"},{"$i":"opt-delete","$v":"මකන්න"},{"$i":"opt-rename","$v":"නැවත නම් කරන්න"},{"$i":"opt-selectmultiple","$v":"බහුවිධ තෝරන්න"},{"$i":"opt-fileinfo","$v":"ගොනු තතු"},{"$i":"opt-selectall","$v":"සියල්ල තෝරන්න"},{"$i":"opt-deselectall","$v":"සියල්ල නොතෝරන්න"},{"$i":"opt-fullscreen","$v":"පූර්ණ තිරය"},{"$i":"opt-play","$v":"වාදනය කරන්න"},{"$i":"opt-pause","$v":"මදකට නවතින්න"},{"$i":"opt-volume","$v":"ශබ්ද පරිමාණය"},{"$i":"opt-rotate","$v":"භ්රමණය"},{"$i":"opt-cancel","$v":"අවලංගු කරන්න"},{"$i":"opt-settings","$v":"පසුතල"},{"$i":"weekday-0-long","$v":"ඉරිදා"},{"$i":"weekday-1-long","$v":"සඳුදා"},{"$i":"weekday-2-long","$v":"අඟහරුවාදා"},{"$i":"weekday-3-long","$v":"බදාදා"},{"$i":"weekday-4-long","$v":"බ්‍රහස්පතින්දා"},{"$i":"weekday-5-long","$v":"සිකුරාදා"},{"$i":"weekday-6-long","$v":"සෙනසුරාදා"},{"$i":"weekday-0-short","$v":"ඉරිදා"},{"$i":"weekday-1-short","$v":"සඳු"},{"$i":"weekday-2-short","$v":"අඟ"},{"$i":"weekday-3-short","$v":"බදා"},{"$i":"weekday-4-short","$v":"බ්‍රහස්"},{"$i":"weekday-5-short","$v":"සිකු"},{"$i":"weekday-6-short","$v":"සෙන"},{"$i":"month-0-long","$v":"ජනවාරි"},{"$i":"month-1-long","$v":"පෙබරවාරි"},{"$i":"month-2-long","$v":"මාර්තු"},{"$i":"month-3-long","$v":"අප්‍රේල්"},{"$i":"month-4-long","$v":"මැයි"},{"$i":"month-5-long","$v":"ජුනි"},{"$i":"month-6-long","$v":"ජූලි"},{"$i":"month-7-long","$v":"අගෝස්තු"},{"$i":"month-8-long","$v":"සැප්තැම්බර්"},{"$i":"month-9-long","$v":"ඔක්තෝබර්"},{"$i":"month-10-long","$v":"නොවැම්බර්"},{"$i":"month-11-long","$v":"දෙසැම්බර්"},{"$i":"month-0-genitive","$v":"ජනවාරි"},{"$i":"month-1-genitive","$v":"පෙබරවාරි"},{"$i":"month-2-genitive","$v":"මාර්තු"},{"$i":"month-3-genitive","$v":"අප්‍රේල්"},{"$i":"month-4-genitive","$v":"මැයි"},{"$i":"month-5-genitive","$v":"ජූනි"},{"$i":"month-6-genitive","$v":"ජුලි"},{"$i":"month-7-genitive","$v":"අගෝස්තු"},{"$i":"month-8-genitive","$v":"සැප්තැම්බර්"},{"$i":"month-9-genitive","$v":"ඔක්තෝබර්"},{"$i":"month-10-genitive","$v":"නොවැම්බර්"},{"$i":"month-11-genitive","$v":"දෙසැම්බර්"},{"$i":"month-0-short","$v":"ජන"},{"$i":"month-1-short","$v":"පෙබ"},{"$i":"month-2-short","$v":"මාර්."},{"$i":"month-3-short","$v":"අප්‍රේ"},{"$i":"month-4-short","$v":"මැයි"},{"$i":"month-5-short","$v":"ජූනි"},{"$i":"month-6-short","$v":"ජූලි"},{"$i":"month-7-short","$v":"අගෝ"},{"$i":"month-8-short","$v":"සැප්"},{"$i":"month-9-short","$v":"ඔක්"},{"$i":"month-10-short","$v":"නොවැ"},{"$i":"month-11-short","$v":"දෙසැ"},{"$i":"minutes-ago-long","$v":{"few":[{"t":"idOrVar","v":"value"}," මිනිත්තුවකට පෙර"],"many":[{"t":"idOrVar","v":"value"}," මිනිත්තුවකට පෙර"],"one":"මිනිත්තුවකට පෙර","other":[{"t":"idOrVar","v":"value"}," මිනිත්තුවකට පෙර"],"two":[{"t":"idOrVar","v":"value"}," මිනිත්තුවකට පෙර"],"zero":"මේ දැන්"},"$x":[{"t":"idOrVar","v":"plural"},"value"]},{"$i":"hours-ago-long","$v":{"few":[{"t":"idOrVar","v":"value"}," පැයකට ඉහත"],"many":[{"t":"idOrVar","v":"value"}," පැයකට ඉහත"],"one":"පැයකට පෙර","other":[{"t":"idOrVar","v":"value"}," පැයකට ඉහත"],"two":[{"t":"idOrVar","v":"value"}," පැයකට ඉහත"],"zero":"මේ දැන්"},"$x":[{"t":"idOrVar","v":"plural"},"value"]},{"$i":"days-ago-long","$v":{"few":[{"t":"idOrVar","v":"value"}," දවසකට ඉහත"],"many":[{"t":"idOrVar","v":"value"}," දවසකට ඉහත"],"one":"ඊයේ","other":[{"t":"idOrVar","v":"value"}," දවසකට ඉහත"],"two":[{"t":"idOrVar","v":"value"}," දවසකට ඉහත"],"zero":"අද"},"$x":[{"t":"idOrVar","v":"plural"},"value"]},{"$i":"weeks-ago-long","$v":{"few":[{"t":"idOrVar","v":"value"}," සතියකට ඉහත"],"many":[{"t":"idOrVar","v":"value"}," සතියකට ඉහත"],"one":"පසුගිය සතිය","other":[{"t":"idOrVar","v":"value"}," සතියකට ඉහත"],"two":[{"t":"idOrVar","v":"value"}," සතියකට ඉහත"],"zero":"මේ සතිය"},"$x":[{"t":"idOrVar","v":"plural"},"value"]},{"$i":"months-ago-long","$v":{"few":[{"t":"idOrVar","v":"value"}," මසකට ඉහත"],"many":[{"t":"idOrVar","v":"value"}," මසකට ඉහත"],"one":"අවසන් මාසය","other":[{"t":"idOrVar","v":"value"}," මසකට ඉහත"],"two":[{"t":"idOrVar","v":"value"}," මසකට ඉහත"],"zero":"මේ මාසය"},"$x":[{"t":"idOrVar","v":"plural"},"value"]},{"$i":"years-ago-long","$v":{"few":[{"t":"idOrVar","v":"value"}," වසරකට ඉහත"],"many":[{"t":"idOrVar","v":"value"}," වසරකට ඉහත"],"one":"පසුගිය වසර","other":[{"t":"idOrVar","v":"value"}," වසරකට ඉහත"],"two":[{"t":"idOrVar","v":"value"}," වසරකට ඉහත"],"zero":"මෙම වසර"},"$x":[{"t":"idOrVar","v":"plural"},"value"]},{"$i":"minutes-until-long","$v":{"few":["මිනිත්තු",{"t":"idOrVar","v":"value"}," කින්"],"many":["මිනිත්තු",{"t":"idOrVar","v":"value"}," කින්"],"one":"මිනිත්තුවකදී","other":["මිනිත්තු",{"t":"idOrVar","v":"value"}," කින්"],"two":["මිනිත්තු",{"t":"idOrVar","v":"value"}," කින්"],"zero":"දැන්"},"$x":[{"t":"idOrVar","v":"plural"},"value"]},{"$i":"hours-until-long","$v":{"few":["පැය ",{"t":"idOrVar","v":"value"}," කින්"],"many":["පැය ",{"t":"idOrVar","v":"value"}," කින්"],"one":"පැයකදී","other":["පැය ",{"t":"idOrVar","v":"value"}," කින්"],"two":["පැය ",{"t":"idOrVar","v":"value"}," කින්"],"zero":"දැන්"},"$x":[{"t":"idOrVar","v":"plural"},"value"]},{"$i":"days-until-long","$v":{"few":["දින ",{"t":"idOrVar","v":"value"}," කින්"],"many":["දින ",{"t":"idOrVar","v":"value"}," කින්"],"one":"හෙට","other":["දින ",{"t":"idOrVar","v":"value"}," කින්"],"two":["දින ",{"t":"idOrVar","v":"value"}," කින්"],"zero":"අද"},"$x":[{"t":"idOrVar","v":"plural"},"value"]},{"$i":"weeks-until-long","$v":{"few":["සති ",{"t":"idOrVar","v":"value"}," කින්"],"many":["සති ",{"t":"idOrVar","v":"value"}," කින්"],"one":"ඊළඟ සතිය","other":["සති ",{"t":"idOrVar","v":"value"}," කින්"],"two":["සති ",{"t":"idOrVar","v":"value"}," කින්"],"zero":"මේ සතිය"},"$x":[{"t":"idOrVar","v":"plural"},"value"]},{"$i":"months-until-long","$v":{"few":["මාස ",{"t":"idOrVar","v":"value"}," කින්"],"many":["මාස ",{"t":"idOrVar","v":"value"}," කින්"],"one":"ඊළඟ මාසය","other":["මාස ",{"t":"idOrVar","v":"value"}," කින්"],"two":["මාස ",{"t":"idOrVar","v":"value"}," කින්"],"zero":"මේ මාසය"},"$x":[{"t":"idOrVar","v":"plural"},"value"]},{"$i":"years-until-long","$v":{"few":["වසර ",{"t":"idOrVar","v":"value"}," කින්"],"many":["වසර ",{"t":"idOrVar","v":"value"}," කින්"],"one":"ඊළඟ වසර","other":["වසර ",{"t":"idOrVar","v":"value"}," කින්"],"two":["වසර ",{"t":"idOrVar","v":"value"}," කින්"],"zero":"මෙම වසර"},"$x":[{"t":"idOrVar","v":"plural"},"value"]},{"$i":"minutes-ago-short","$v":{"other":[{"t":"idOrVar","v":"value"},"මි. පෙර"],"zero":"මේ දැන්"},"$x":[{"t":"idOrVar","v":"plural"},"value"]},{"$i":"hours-ago-short","$v":{"other":[{"t":"idOrVar","v":"value"},"පැ. පෙර"],"zero":"මේ දැන්"},"$x":[{"t":"idOrVar","v":"plural"},"value"]},{"$i":"days-ago-short","$v":{"other":[{"t":"idOrVar","v":"value"},"දි. පෙර"],"zero":"අද"},"$x":[{"t":"idOrVar","v":"plural"},"value"]},{"$i":"minutes-until-short","$v":{"other":["මාස ",{"t":"idOrVar","v":"value"},"කින්"],"zero":"දැන්"},"$x":[{"t":"idOrVar","v":"plural"},"value"]},{"$i":"hours-until-short","$v":{"other":["පැය ",{"t":"idOrVar","v":"value"},"කින්"],"zero":"දැන්"},"$x":[{"t":"idOrVar","v":"plural"},"value"]},{"$i":"days-until-short","$v":{"other":["දින ",{"t":"idOrVar","v":"value"},"කින්"],"zero":"අද"},"$x":[{"t":"idOrVar","v":"plural"},"value"]},{"$i":"incorrectDate","$v":"(වැරදිදිනය)"},{"$i":"dateTimeFormat_%c","$v":"%a %b %e %Y %I:%M:%S %p"},{"$i":"dateTimeFormat_%x","$v":"%m/%d/%Y"},{"$i":"dateTimeFormat_%X","$v":"%I:%M:%S %p"},{"$i":"shortTimeFormat","$v":"%I:%M %p"},{"$i":"shortTimeFormat12","$v":"%I:%M %p"},{"$i":"shortTimeFormat24","$v":"%H:%M"},{"$i":"shortDateTimeFormat","$v":"%x %I:%M %p"},{"$i":"weekStartsOnMonday","$v":"0.0"},{"$i":"firstDayOfTheWeek","$v":"0.0"},{"$i":"time_am","$v":"AM"},{"$i":"time_pm","$v":"PM"},{"$i":"softkey-options","$v":"විකල්ප"}]