[{"$i":"done","$v":"Hotovo"},{"$i":"number-selected2","$v":{"few":["Vybraté: ",{"t":"idOrVar","v":"n"}],"many":["Vybraté: ",{"t":"idOrVar","v":"n"}],"one":["Vybraté: ",{"t":"idOrVar","v":"n"}],"other":["Vybraté: ",{"t":"idOrVar","v":"n"}],"two":["Vybraté: ",{"t":"idOrVar","v":"n"}],"zero":["Vybraté: ",{"t":"idOrVar","v":"n"}]},"$x":[{"t":"idOrVar","v":"plural"},"n"]},{"$i":"delete-n-items?","$v":{"few":["Vymazať videá (",{"t":"idOrVar","v":"n"},")?"],"many":["Vymazať videá (",{"t":"idOrVar","v":"n"},")?"],"one":"Vymazať zvolené video?","other":["Vymazať videá (",{"t":"idOrVar","v":"n"},")?"],"two":["Vymazať videá (",{"t":"idOrVar","v":"n"},")?"],"zero":"Bez výberu"},"$x":[{"t":"idOrVar","v":"plural"},"n"]},{"$i":"not-load-video-time","$v":"--:--"},{"$i":"video-time-num","$v":["0",{"t":"idOrVar","v":"num"}]},{"$i":"video-time-minute","$v":[{"t":"idOrVar","v":"owe"},{"t":"idOrVar","v":"m"},":",{"t":"idOrVar","v":"s"}]},{"$i":"video-time-hour","$v":[{"t":"idOrVar","v":"owe"},{"t":"idOrVar","v":"h"},":",{"t":"idOrVar","v":"m"},":",{"t":"idOrVar","v":"s"}]},{"$i":"share-noprovider","$v":"Skúste zdieľať videá po jednom."},{"$i":"videos","$v":"Videá"},{"$i":"cancel","$v":"Zrušiť"},{"$i":"delete-video?","$v":"Vymazať zvolené video?"},{"$i":"empty-title","$v":"Začnite pridaním videí"},{"$i":"empty-text","$v":"Žiadne dost. videá."},{"$i":"empty-content","$v":"Video je prázdne. Začnite použitím fotoaparátu."},{"$i":"search-title","$v":"Vyhľad."},{"$i":"search-content","$v":"Vyhľad."},{"$i":"nocard2-title","$v":"Žiad. nájd. pam. karta"},{"$i":"nocard3-text","$v":"Pam. karta sa nenašla. Na zázn. videí vložte pam. kartu."},{"$i":"pluggedin-title","$v":"Video nie je možné prehrávať počas pripojenia"},{"$i":"pluggedin-text","$v":"Úlož. sa práve používa. Odpojte tel., ak chcete nasnímať videá."},{"$i":"upgrade-title","$v":"Inovácia databázy"},{"$i":"upgrade-text","$v":"Počkajte, kým Video aktual. databázu."},{"$i":"confirm-delete","$v":"Naozaj chcete vymazať:"},{"$i":"pick-title","$v":"Vybrať video"},{"$i":"save","$v":"Uložiť"},{"$i":"saved","$v":"uložené do knižnice videí."},{"$i":"save-failed","$v":"Video sa nepodarilo uložiť. Skúste to znova."},{"$i":"error-network","$v":"Video nešlo stiahnuť z dôv. chyby siete."},{"$i":"error-unsupported","$v":"Video nie je možné prehrávať: chyba servera alebo siete alebo nie je podporovaný formát."},{"$i":"error-unknown","$v":"Vyskytla sa nezn. chyba videa."},{"$i":"video-hardware-in-use-title","$v":"Nemožno prehrať video"},{"$i":"video-hardware-in-use-text","$v":"Videoprehrávač práve použ. iná apl."},{"$i":"overlay-cancel-button","$v":"Zrušiť"},{"$i":"overlay-camera-button","$v":"Ísť na fotoaparát"},{"$i":"sd-storage-full-header","$v":"Karta SD je plná."},{"$i":"sd-storage-full-content","$v":"Zmazaním súborov uvoľnite miesto na karte SD."},{"$i":"phone-storage-full-header","$v":"Úložisko tel. je plné."},{"$i":"phone-storage-full-content","$v":"Zmazaním médií alebo dát aplikácií uvoľnite miesto. Úložisko tiež môžete zväčšiť vložením karty SD."},{"$i":"name-label","$v":"Názov"},{"$i":"length-label","$v":"Dĺžka"},{"$i":"size-label","$v":"Veľkosť"},{"$i":"video-type-label","$v":"Typ videa"},{"$i":"date-taken-label","$v":"Dátum snímania"},{"$i":"resolution-label","$v":"Rozlíšenie"},{"$i":"close-button","$v":"Zavrieť"},{"$i":"byteUnit-B","$v":"Bajty"},{"$i":"byteUnit-KB","$v":"KB"},{"$i":"byteUnit-MB","$v":"MB"},{"$i":"byteUnit-GB","$v":"GB"},{"$i":"byteUnit-TB","$v":"TB"},{"$i":"byteUnit-PB","$v":"PB"},{"$i":"byteUnit-EB","$v":"EB"},{"$i":"byteUnit-ZB","$v":"ZB"},{"$i":"byteUnit-YB","$v":"YB"},{"$i":"date-group-header","$v":"%B %Y"},{"$i":"share","$v":"Zdieľať"},{"$i":"more-info","$v":"Viac info"},{"$i":"delete","$v":"Vymazať"},{"$i":"video-button","ariaLabel":"Video"},{"$i":"select-button","ariaLabel":"Vybrať"},{"$i":"delete-button","ariaLabel":"Vymazať"},{"$i":"share-button","ariaLabel":"Zdieľať"},{"$i":"info-view","ariaLabel":"Info"},{"$i":"options-view","ariaLabel":"Možnosti"},{"$i":"confirm-dialog","ariaLabel":"Potvrdiť"},{"$i":"videos-list","ariaLabel":"Videá"},{"$i":"options-more","ariaLabel":"Ďalšie"},{"$i":"seek-backward","ariaLabel":"Vyhľadávať spätne"},{"$i":"seek-bar","ariaLabel":["Lišta hľadania, trvanie ",{"t":"idOrVar","v":"duration"}]},{"$i":"seek-forward","ariaLabel":"Hľadať dopredu"},{"$i":"play-button","ariaLabel":"Prehrať"},{"$i":"pause-button","ariaLabel":"Preruš."},{"$i":"fullscreen-button","ariaLabel":"Celá obrazovka"},{"$i":"show-controls-button","ariaLabel":"Zobr. ovlád. prvky"},{"$i":"hide-controls-button","ariaLabel":"Skryté ovl. pr."},{"$i":"confirmation-title","$v":"Potvrdenie"},{"$i":"n-video-deleted","$v":{"few":["Vymazané videá: ",{"t":"idOrVar","v":"n"}],"many":["Vymazané videá: ",{"t":"idOrVar","v":"n"}],"one":"Video vymazané","other":["Vymazané videá: ",{"t":"idOrVar","v":"n"}],"two":["Vymazané videá: ",{"t":"idOrVar","v":"n"}],"zero":"Bez výberu"},"$x":[{"t":"idOrVar","v":"plural"},"n"]},{"$i":"rename-saved","$v":"Zmeny uložené"},{"$i":"confirm-video","$v":"Video"},{"$i":"confirm-ok","$v":"OK"},{"$i":"options-header","$v":"Možnosti"},{"$i":"video-invalid-name","$v":"Nepl. názov"},{"$i":"name-already-exists","$v":"Toto meno už existuje"},{"$i":"override-warning-msg","$v":"Prepísať existujúci súbor?"},{"$i":"override","$v":"Prepísať"},{"$i":"opt-takevideo","$v":"Snímať video"},{"$i":"select","$v":"Vybrať"},{"$i":"opt-deselect","$v":"Zrušiť výber"},{"$i":"opt-delete","$v":"Vymazať"},{"$i":"opt-rename","$v":"Premen."},{"$i":"opt-selectmultiple","$v":"Vybrať viac"},{"$i":"opt-fileinfo","$v":"Info o súbore"},{"$i":"opt-selectall","$v":"Označiť všetko"},{"$i":"opt-deselectall","$v":"Zrušiť výber. vš."},{"$i":"opt-fullscreen","$v":"Celá obrazovka"},{"$i":"opt-play","$v":"Prehrať"},{"$i":"opt-pause","$v":"Preruš."},{"$i":"opt-volume","$v":"Hlasitosť"},{"$i":"opt-rotate","$v":"Otočiť"},{"$i":"opt-cancel","$v":"Zrušiť"},{"$i":"opt-settings","$v":"Nastavenia"},{"$i":"weekday-0-long","$v":"Nedeľa"},{"$i":"weekday-1-long","$v":"Pondelok"},{"$i":"weekday-2-long","$v":"Utorok"},{"$i":"weekday-3-long","$v":"Streda"},{"$i":"weekday-4-long","$v":"Štvrtok"},{"$i":"weekday-5-long","$v":"Piatok"},{"$i":"weekday-6-long","$v":"Sobota"},{"$i":"weekday-0-short","$v":"Ned"},{"$i":"weekday-1-short","$v":"Pon"},{"$i":"weekday-2-short","$v":"Uto"},{"$i":"weekday-3-short","$v":"Str"},{"$i":"weekday-4-short","$v":"Štv"},{"$i":"weekday-5-short","$v":"Pia"},{"$i":"weekday-6-short","$v":"Sob"},{"$i":"month-0-long","$v":"Január"},{"$i":"month-1-long","$v":"Február"},{"$i":"month-2-long","$v":"Marec"},{"$i":"month-3-long","$v":"Apríl"},{"$i":"month-4-long","$v":"Máj"},{"$i":"month-5-long","$v":"Jún"},{"$i":"month-6-long","$v":"Júl"},{"$i":"month-7-long","$v":"August"},{"$i":"month-8-long","$v":"September"},{"$i":"month-9-long","$v":"Október"},{"$i":"month-10-long","$v":"November"},{"$i":"month-11-long","$v":"December"},{"$i":"month-0-genitive","$v":"Január"},{"$i":"month-1-genitive","$v":"Február"},{"$i":"month-2-genitive","$v":"Marec"},{"$i":"month-3-genitive","$v":"Apríl"},{"$i":"month-4-genitive","$v":"Máj"},{"$i":"month-5-genitive","$v":"Jún"},{"$i":"month-6-genitive","$v":"Júl"},{"$i":"month-7-genitive","$v":"August"},{"$i":"month-8-genitive","$v":"September"},{"$i":"month-9-genitive","$v":"Október"},{"$i":"month-10-genitive","$v":"November"},{"$i":"month-11-genitive","$v":"December"},{"$i":"month-0-short","$v":"Jan"},{"$i":"month-1-short","$v":"Feb"},{"$i":"month-2-short","$v":"Mar"},{"$i":"month-3-short","$v":"Apr"},{"$i":"month-4-short","$v":"Máj"},{"$i":"month-5-short","$v":"Jún"},{"$i":"month-6-short","$v":"Júl"},{"$i":"month-7-short","$v":"Aug"},{"$i":"month-8-short","$v":"Sep"},{"$i":"month-9-short","$v":"Okt"},{"$i":"month-10-short","$v":"Nov"},{"$i":"month-11-short","$v":"Dec"},{"$i":"minutes-ago-long","$v":{"few":["Pred počtom min.: ",{"t":"idOrVar","v":"value"}],"many":["Pred počtom min.: ",{"t":"idOrVar","v":"value"}],"one":"pred 1 min.","other":["Pred počtom min.: ",{"t":"idOrVar","v":"value"}],"two":["Pred počtom min.: ",{"t":"idOrVar","v":"value"}],"zero":"práve teraz"},"$x":[{"t":"idOrVar","v":"plural"},"value"]},{"$i":"hours-ago-long","$v":{"few":["Pred počtom hod.: ",{"t":"idOrVar","v":"value"}],"many":["Pred počtom hod.: ",{"t":"idOrVar","v":"value"}],"one":"pred hodinou","other":["Pred počtom hod.: ",{"t":"idOrVar","v":"value"}],"two":["Pred počtom hod.: ",{"t":"idOrVar","v":"value"}],"zero":"práve teraz"},"$x":[{"t":"idOrVar","v":"plural"},"value"]},{"$i":"days-ago-long","$v":{"few":["Pred počtom dní: ",{"t":"idOrVar","v":"value"}],"many":["Pred počtom dní: ",{"t":"idOrVar","v":"value"}],"one":"včera","other":["Pred počtom dní: ",{"t":"idOrVar","v":"value"}],"two":["Pred počtom dní: ",{"t":"idOrVar","v":"value"}],"zero":"dnes"},"$x":[{"t":"idOrVar","v":"plural"},"value"]},{"$i":"weeks-ago-long","$v":{"few":["Pred počtom týžd.: ",{"t":"idOrVar","v":"value"}],"many":["Pred počtom týžd.: ",{"t":"idOrVar","v":"value"}],"one":"min. týždeň","other":["Pred počtom týžd.: ",{"t":"idOrVar","v":"value"}],"two":["Pred počtom týžd.: ",{"t":"idOrVar","v":"value"}],"zero":"tento týždeň"},"$x":[{"t":"idOrVar","v":"plural"},"value"]},{"$i":"months-ago-long","$v":{"few":["Pred počtom mes.: ",{"t":"idOrVar","v":"value"}],"many":["Pred počtom mes.: ",{"t":"idOrVar","v":"value"}],"one":"min. mesiac","other":["Pred počtom mes.: ",{"t":"idOrVar","v":"value"}],"two":["Pred počtom mes.: ",{"t":"idOrVar","v":"value"}],"zero":"tento mesiac"},"$x":[{"t":"idOrVar","v":"plural"},"value"]},{"$i":"years-ago-long","$v":{"few":["Pred počtom rokov: ",{"t":"idOrVar","v":"value"}],"many":["Pred počtom rokov: ",{"t":"idOrVar","v":"value"}],"one":"min. rok","other":["Pred počtom rokov: ",{"t":"idOrVar","v":"value"}],"two":["Pred počtom rokov: ",{"t":"idOrVar","v":"value"}],"zero":"tento rok"},"$x":[{"t":"idOrVar","v":"plural"},"value"]},{"$i":"minutes-until-long","$v":{"few":["o ",{"t":"idOrVar","v":"value"}," min"],"many":["o ",{"t":"idOrVar","v":"value"}," min"],"one":"o minútu","other":["o ",{"t":"idOrVar","v":"value"}," min"],"two":["o ",{"t":"idOrVar","v":"value"}," min"],"zero":"teraz"},"$x":[{"t":"idOrVar","v":"plural"},"value"]},{"$i":"hours-until-long","$v":{"few":["o ",{"t":"idOrVar","v":"value"}," hod."],"many":["o ",{"t":"idOrVar","v":"value"}," hod."],"one":"o hodinu","other":["o ",{"t":"idOrVar","v":"value"}," hod."],"two":["o ",{"t":"idOrVar","v":"value"}," hod."],"zero":"teraz"},"$x":[{"t":"idOrVar","v":"plural"},"value"]},{"$i":"days-until-long","$v":{"few":["o ",{"t":"idOrVar","v":"value"}," d."],"many":["o ",{"t":"idOrVar","v":"value"}," d."],"one":"zajtra","other":["o ",{"t":"idOrVar","v":"value"}," d."],"two":["o ",{"t":"idOrVar","v":"value"}," d."],"zero":"dnes"},"$x":[{"t":"idOrVar","v":"plural"},"value"]},{"$i":"weeks-until-long","$v":{"few":["o ",{"t":"idOrVar","v":"value"}," týžd."],"many":["o ",{"t":"idOrVar","v":"value"}," týžd."],"one":"nasl. týždeň","other":["o ",{"t":"idOrVar","v":"value"}," týžd."],"two":["o ",{"t":"idOrVar","v":"value"}," týžd."],"zero":"tento týždeň"},"$x":[{"t":"idOrVar","v":"plural"},"value"]},{"$i":"months-until-long","$v":{"few":["o ",{"t":"idOrVar","v":"value"}," mes."],"many":["o ",{"t":"idOrVar","v":"value"}," mes."],"one":"nasl. mesiac","other":["o ",{"t":"idOrVar","v":"value"}," mes."],"two":["o ",{"t":"idOrVar","v":"value"}," mes."],"zero":"tento mesiac"},"$x":[{"t":"idOrVar","v":"plural"},"value"]},{"$i":"years-until-long","$v":{"few":["o ",{"t":"idOrVar","v":"value"}," rok."],"many":["o ",{"t":"idOrVar","v":"value"}," rok."],"one":"nasl. rok","other":["o ",{"t":"idOrVar","v":"value"}," rok."],"two":["o ",{"t":"idOrVar","v":"value"}," rok."],"zero":"tento rok"},"$x":[{"t":"idOrVar","v":"plural"},"value"]},{"$i":"minutes-ago-short","$v":{"other":["Pred ",{"t":"idOrVar","v":"value"}," m"],"zero":"práve teraz"},"$x":[{"t":"idOrVar","v":"plural"},"value"]},{"$i":"hours-ago-short","$v":{"other":["Pred ",{"t":"idOrVar","v":"value"}," h"],"zero":"práve teraz"},"$x":[{"t":"idOrVar","v":"plural"},"value"]},{"$i":"days-ago-short","$v":{"other":["Pred ",{"t":"idOrVar","v":"value"}," d"],"zero":"dnes"},"$x":[{"t":"idOrVar","v":"plural"},"value"]},{"$i":"minutes-until-short","$v":{"other":["o ",{"t":"idOrVar","v":"value"}," m"],"zero":"teraz"},"$x":[{"t":"idOrVar","v":"plural"},"value"]},{"$i":"hours-until-short","$v":{"other":["o ",{"t":"idOrVar","v":"value"}," h"],"zero":"teraz"},"$x":[{"t":"idOrVar","v":"plural"},"value"]},{"$i":"days-until-short","$v":{"other":["o ",{"t":"idOrVar","v":"value"}," d"],"zero":"dnes"},"$x":[{"t":"idOrVar","v":"plural"},"value"]},{"$i":"incorrectDate","$v":"(nesprávny dátum)"},{"$i":"dateTimeFormat_%c","$v":"%a %b %e %Y %I:%M:%S %p"},{"$i":"dateTimeFormat_%x","$v":"%m/%d/%Y"},{"$i":"dateTimeFormat_%X","$v":"%I:%M:%S %p"},{"$i":"shortTimeFormat","$v":"%I:%M %p"},{"$i":"shortTimeFormat12","$v":"%I:%M %p"},{"$i":"shortTimeFormat24","$v":"%H:%M"},{"$i":"shortDateTimeFormat","$v":"%x %I:%M %p"},{"$i":"weekStartsOnMonday","$v":"0.0"},{"$i":"firstDayOfTheWeek","$v":"1.0"},{"$i":"time_am","$v":"AM"},{"$i":"time_pm","$v":"PM"},{"$i":"softkey-options","$v":"Voľby"}]