[{"$i":"done","$v":"Dokončano"},{"$i":"number-selected2","$v":{"few":["Št. izbranih: ",{"t":"idOrVar","v":"n"}],"many":["Št. izbranih: ",{"t":"idOrVar","v":"n"}],"one":["Št. izbranih: ",{"t":"idOrVar","v":"n"}],"other":["Št. izbranih: ",{"t":"idOrVar","v":"n"}],"two":["Št. izbranih: ",{"t":"idOrVar","v":"n"}],"zero":["Št. izbranih: ",{"t":"idOrVar","v":"n"}]},"$x":[{"t":"idOrVar","v":"plural"},"n"]},{"$i":"delete-n-items?","$v":{"few":["Želite izbrisati ",{"t":"idOrVar","v":"n"}," videe?"],"many":["Želite izbrisati ",{"t":"idOrVar","v":"n"}," videov?"],"one":"Želite izbrisati izbrani video?","other":["Želite izbrisati ",{"t":"idOrVar","v":"n"}," videov?"],"two":["Želite izbrisati ",{"t":"idOrVar","v":"n"}," videa?"],"zero":"Nič ni izbrano"},"$x":[{"t":"idOrVar","v":"plural"},"n"]},{"$i":"not-load-video-time","$v":"--:--"},{"$i":"video-time-num","$v":["0",{"t":"idOrVar","v":"num"}]},{"$i":"video-time-minute","$v":[{"t":"idOrVar","v":"owe"},{"t":"idOrVar","v":"m"},":",{"t":"idOrVar","v":"s"}]},{"$i":"video-time-hour","$v":[{"t":"idOrVar","v":"owe"},{"t":"idOrVar","v":"h"},":",{"t":"idOrVar","v":"m"},":",{"t":"idOrVar","v":"s"}]},{"$i":"share-noprovider","$v":"Poskusite deliti en video naenkrat."},{"$i":"videos","$v":"Videi"},{"$i":"cancel","$v":"Prekliči"},{"$i":"delete-video?","$v":"Želite izbisati izbrani posnetek?"},{"$i":"empty-title","$v":"Dodajte videoposnetke"},{"$i":"empty-text","$v":"Ni posnetkov"},{"$i":"empty-content","$v":"Video je prazen. Uporabite kamero."},{"$i":"search-title","$v":"Iskanje"},{"$i":"search-content","$v":"Iskanje"},{"$i":"nocard2-title","$v":"Pomnilniške kartice ni bilo mogoče najti"},{"$i":"nocard3-text","$v":"Pomnilniške kartice ni bilo mogoče najti. Če želite posneti video, vstavite pomnilniško kartico."},{"$i":"pluggedin-title","$v":"Medtem ko je naprava priklopljena, videa ni mogoče predvajati"},{"$i":"pluggedin-text","$v":"Shramba je trenutno v uporabi. Če želite snemati video, odklopite telefon."},{"$i":"upgrade-title","$v":"Nadgradnja zbirke podatkov"},{"$i":"upgrade-text","$v":"Video posod. zbir. pod. Počakajte."},{"$i":"confirm-delete","$v":"Ali ste prepričani, da želite izbrisati:"},{"$i":"pick-title","$v":"Izberite video"},{"$i":"save","$v":"Shrani"},{"$i":"saved","$v":"shranjeno v videoknjižnico."},{"$i":"save-failed","$v":"Videoposnetka ni bilo mogoče shraniti. Poskusite znova."},{"$i":"error-network","$v":"Prenos videa ni uspel zaradi omrež. napake."},{"$i":"error-unsupported","$v":"Videa ni mogoče predvajati zaradi napake strežnika ali omrežja ali zato, ker oblika zapisa ni podprta."},{"$i":"error-unknown","$v":"Prišlo je do neznan. napake videa."},{"$i":"video-hardware-in-use-title","$v":"Ni mogoče predvajati videa"},{"$i":"video-hardware-in-use-text","$v":"Predv. videa uporablja druga aplikacija."},{"$i":"overlay-cancel-button","$v":"Prekliči"},{"$i":"overlay-camera-button","$v":"Pojdi v fotoaparat"},{"$i":"sd-storage-full-header","$v":"Kartica SD je polna."},{"$i":"sd-storage-full-content","$v":"Izbrišite datoteke na kartici SD, da sprostite prostor."},{"$i":"phone-storage-full-header","$v":"Shramba telefona je polna."},{"$i":"phone-storage-full-content","$v":"Izbrišite predstavnostne datoteke ali podatke aplikacij, da sprostite prostor. Lahko tudi vstavite kartico SD in tako razširite shrambo za predstavnostne vsebine."},{"$i":"name-label","$v":"Ime"},{"$i":"length-label","$v":"Dolžina"},{"$i":"size-label","$v":"Velikost"},{"$i":"video-type-label","$v":"Vrsta videa"},{"$i":"date-taken-label","$v":"Datum nastanka"},{"$i":"resolution-label","$v":"Ločljivost"},{"$i":"close-button","$v":"Zapri"},{"$i":"byteUnit-B","$v":"Bajti"},{"$i":"byteUnit-KB","$v":"KB"},{"$i":"byteUnit-MB","$v":"MB"},{"$i":"byteUnit-GB","$v":"GB"},{"$i":"byteUnit-TB","$v":"TB"},{"$i":"byteUnit-PB","$v":"PB"},{"$i":"byteUnit-EB","$v":"EB"},{"$i":"byteUnit-ZB","$v":"ZB"},{"$i":"byteUnit-YB","$v":"YB"},{"$i":"date-group-header","$v":"%B %Y"},{"$i":"share","$v":"Deli"},{"$i":"more-info","$v":"Več informacij"},{"$i":"delete","$v":"Brisanje"},{"$i":"video-button","ariaLabel":"Video"},{"$i":"select-button","ariaLabel":"Izberi"},{"$i":"delete-button","ariaLabel":"Brisanje"},{"$i":"share-button","ariaLabel":"Deli"},{"$i":"info-view","ariaLabel":"Informacije"},{"$i":"options-view","ariaLabel":"Možnosti"},{"$i":"confirm-dialog","ariaLabel":"Potrdi"},{"$i":"videos-list","ariaLabel":"Videi"},{"$i":"options-more","ariaLabel":"Več"},{"$i":"seek-backward","ariaLabel":"Išči nazaj"},{"$i":"seek-bar","ariaLabel":["Isk. vrst.; trajanje ",{"t":"idOrVar","v":"duration"}]},{"$i":"seek-forward","ariaLabel":"Iskanje naprej"},{"$i":"play-button","ariaLabel":"Predvajaj"},{"$i":"pause-button","ariaLabel":"Premor"},{"$i":"fullscreen-button","ariaLabel":"Cel zaslon"},{"$i":"show-controls-button","ariaLabel":"Prikaži kontrolnike"},{"$i":"hide-controls-button","ariaLabel":"Skrij kontrolnike"},{"$i":"confirmation-title","$v":"Potrditev"},{"$i":"n-video-deleted","$v":{"few":[{"t":"idOrVar","v":"n"}," videi so izbrisani"],"many":[{"t":"idOrVar","v":"n"}," videov je izbrisanih"],"one":"Video je izbrisan","other":[{"t":"idOrVar","v":"n"}," videov je izbrisanih"],"two":[{"t":"idOrVar","v":"n"}," videa sta izbrisana"],"zero":"Nič ni izbrano"},"$x":[{"t":"idOrVar","v":"plural"},"n"]},{"$i":"rename-saved","$v":"Spremembe so shranjene"},{"$i":"confirm-video","$v":"Video"},{"$i":"confirm-ok","$v":"V redu"},{"$i":"options-header","$v":"Možnosti"},{"$i":"video-invalid-name","$v":"Neveljavno ime"},{"$i":"name-already-exists","$v":"To ime že obstaja"},{"$i":"override-warning-msg","$v":"Želite prepisati obstoječo datoteko?"},{"$i":"override","$v":"Preglasi"},{"$i":"opt-takevideo","$v":"Nov posnetek"},{"$i":"select","$v":"Izberi"},{"$i":"opt-deselect","$v":"Prekliči izbor"},{"$i":"opt-delete","$v":"Brisanje"},{"$i":"opt-rename","$v":"Preimenuj"},{"$i":"opt-selectmultiple","$v":"Izberite več"},{"$i":"opt-fileinfo","$v":"Podatki o datoteki"},{"$i":"opt-selectall","$v":"Izberi vse"},{"$i":"opt-deselectall","$v":"Prekliči izbor vseh"},{"$i":"opt-fullscreen","$v":"Cel zaslon"},{"$i":"opt-play","$v":"Predvajaj"},{"$i":"opt-pause","$v":"Premor"},{"$i":"opt-volume","$v":"Glasnost"},{"$i":"opt-rotate","$v":"Zavrti"},{"$i":"opt-cancel","$v":"Prekliči"},{"$i":"opt-settings","$v":"Nastavitve"},{"$i":"weekday-0-long","$v":"Nedelja"},{"$i":"weekday-1-long","$v":"Ponedeljek"},{"$i":"weekday-2-long","$v":"Torek"},{"$i":"weekday-3-long","$v":"Sreda"},{"$i":"weekday-4-long","$v":"Četrtek"},{"$i":"weekday-5-long","$v":"Petek"},{"$i":"weekday-6-long","$v":"Sobota"},{"$i":"weekday-0-short","$v":"ned"},{"$i":"weekday-1-short","$v":"pon"},{"$i":"weekday-2-short","$v":"tor"},{"$i":"weekday-3-short","$v":"sre"},{"$i":"weekday-4-short","$v":"čet"},{"$i":"weekday-5-short","$v":"pet"},{"$i":"weekday-6-short","$v":"sob"},{"$i":"month-0-long","$v":"januar"},{"$i":"month-1-long","$v":"februar"},{"$i":"month-2-long","$v":"marec"},{"$i":"month-3-long","$v":"april"},{"$i":"month-4-long","$v":"maj"},{"$i":"month-5-long","$v":"junij"},{"$i":"month-6-long","$v":"julij"},{"$i":"month-7-long","$v":"avgust"},{"$i":"month-8-long","$v":"september"},{"$i":"month-9-long","$v":"oktober"},{"$i":"month-10-long","$v":"november"},{"$i":"month-11-long","$v":"december"},{"$i":"month-0-genitive","$v":"januar"},{"$i":"month-1-genitive","$v":"februar"},{"$i":"month-2-genitive","$v":"marec"},{"$i":"month-3-genitive","$v":"april"},{"$i":"month-4-genitive","$v":"maj"},{"$i":"month-5-genitive","$v":"junij"},{"$i":"month-6-genitive","$v":"julij"},{"$i":"month-7-genitive","$v":"avgust"},{"$i":"month-8-genitive","$v":"september"},{"$i":"month-9-genitive","$v":"oktober"},{"$i":"month-10-genitive","$v":"november"},{"$i":"month-11-genitive","$v":"december"},{"$i":"month-0-short","$v":"jan"},{"$i":"month-1-short","$v":"feb"},{"$i":"month-2-short","$v":"mar"},{"$i":"month-3-short","$v":"apr"},{"$i":"month-4-short","$v":"maj"},{"$i":"month-5-short","$v":"jun"},{"$i":"month-6-short","$v":"jul"},{"$i":"month-7-short","$v":"avg"},{"$i":"month-8-short","$v":"sep"},{"$i":"month-9-short","$v":"okt"},{"$i":"month-10-short","$v":"nov"},{"$i":"month-11-short","$v":"dec"},{"$i":"minutes-ago-long","$v":{"few":["pred ",{"t":"idOrVar","v":"value"}," minutami"],"many":["pred ",{"t":"idOrVar","v":"value"}," minutami"],"one":"pred minuto","other":["pred ",{"t":"idOrVar","v":"value"}," minutami"],"two":["pred ",{"t":"idOrVar","v":"value"}," minutama"],"zero":"pravkar"},"$x":[{"t":"idOrVar","v":"plural"},"value"]},{"$i":"hours-ago-long","$v":{"few":["pred ",{"t":"idOrVar","v":"value"}," urami"],"many":["pred ",{"t":"idOrVar","v":"value"}," urami"],"one":"pred 1 uro","other":["pred ",{"t":"idOrVar","v":"value"}," urami"],"two":["pred ",{"t":"idOrVar","v":"value"}," urama"],"zero":"pravkar"},"$x":[{"t":"idOrVar","v":"plural"},"value"]},{"$i":"days-ago-long","$v":{"few":["pred ",{"t":"idOrVar","v":"value"}," dnevi"],"many":["pred ",{"t":"idOrVar","v":"value"}," dnevi"],"one":"včeraj","other":["pred ",{"t":"idOrVar","v":"value"}," dnevi"],"two":["pred ",{"t":"idOrVar","v":"value"}," dnevoma"],"zero":"danes"},"$x":[{"t":"idOrVar","v":"plural"},"value"]},{"$i":"weeks-ago-long","$v":{"few":["pred ",{"t":"idOrVar","v":"value"}," tedni"],"many":["pred ",{"t":"idOrVar","v":"value"}," tedni"],"one":"prejšnji teden","other":["pred ",{"t":"idOrVar","v":"value"}," tedni"],"two":["pred ",{"t":"idOrVar","v":"value"}," tednoma"],"zero":"ta teden"},"$x":[{"t":"idOrVar","v":"plural"},"value"]},{"$i":"months-ago-long","$v":{"few":["pred ",{"t":"idOrVar","v":"value"}," meseci"],"many":["pred ",{"t":"idOrVar","v":"value"}," meseci"],"one":"prejšnji mesec","other":["pred ",{"t":"idOrVar","v":"value"}," meseci"],"two":["pred ",{"t":"idOrVar","v":"value"}," mesecema"],"zero":"ta mesec"},"$x":[{"t":"idOrVar","v":"plural"},"value"]},{"$i":"years-ago-long","$v":{"few":["pred ",{"t":"idOrVar","v":"value"}," leti"],"many":["pred ",{"t":"idOrVar","v":"value"}," leti"],"one":"prejšnje leto","other":["pred ",{"t":"idOrVar","v":"value"}," leti"],"two":["pred ",{"t":"idOrVar","v":"value"}," letoma"],"zero":"to leto"},"$x":[{"t":"idOrVar","v":"plural"},"value"]},{"$i":"minutes-until-long","$v":{"few":["čez ",{"t":"idOrVar","v":"value"}," minute"],"many":["čez ",{"t":"idOrVar","v":"value"}," minut"],"one":"čez minuto","other":["čez ",{"t":"idOrVar","v":"value"}," minut"],"two":["čez ",{"t":"idOrVar","v":"value"}," minuti"],"zero":"zdaj"},"$x":[{"t":"idOrVar","v":"plural"},"value"]},{"$i":"hours-until-long","$v":{"few":["čez ",{"t":"idOrVar","v":"value"}," ure"],"many":["čez ",{"t":"idOrVar","v":"value"}," ur"],"one":"čez eno uro","other":["čez ",{"t":"idOrVar","v":"value"}," ur"],"two":["čez ",{"t":"idOrVar","v":"value"}," uri"],"zero":"zdaj"},"$x":[{"t":"idOrVar","v":"plural"},"value"]},{"$i":"days-until-long","$v":{"few":["čez ",{"t":"idOrVar","v":"value"}," dni"],"many":["čez ",{"t":"idOrVar","v":"value"}," dni"],"one":"jutri","other":["čez ",{"t":"idOrVar","v":"value"}," dni"],"two":["čez ",{"t":"idOrVar","v":"value"}," dni"],"zero":"danes"},"$x":[{"t":"idOrVar","v":"plural"},"value"]},{"$i":"weeks-until-long","$v":{"few":["čez ",{"t":"idOrVar","v":"value"}," tedne"],"many":["čez ",{"t":"idOrVar","v":"value"}," tednov"],"one":"naslednji teden","other":["čez ",{"t":"idOrVar","v":"value"}," tednov"],"two":["čez ",{"t":"idOrVar","v":"value"}," tedna"],"zero":"ta teden"},"$x":[{"t":"idOrVar","v":"plural"},"value"]},{"$i":"months-until-long","$v":{"few":["čez ",{"t":"idOrVar","v":"value"}," mesece"],"many":["čez ",{"t":"idOrVar","v":"value"}," mesecev"],"one":"naslednji mesec","other":["čez ",{"t":"idOrVar","v":"value"}," mesecev"],"two":["čez ",{"t":"idOrVar","v":"value"}," meseca"],"zero":"ta mesec"},"$x":[{"t":"idOrVar","v":"plural"},"value"]},{"$i":"years-until-long","$v":{"few":["čez ",{"t":"idOrVar","v":"value"}," leta"],"many":["čez ",{"t":"idOrVar","v":"value"}," let"],"one":"naslednje leto","other":["čez ",{"t":"idOrVar","v":"value"}," let"],"two":["čez ",{"t":"idOrVar","v":"value"}," leti"],"zero":"to leto"},"$x":[{"t":"idOrVar","v":"plural"},"value"]},{"$i":"minutes-ago-short","$v":{"other":["Pred ",{"t":"idOrVar","v":"value"}," m"],"zero":"pravkar"},"$x":[{"t":"idOrVar","v":"plural"},"value"]},{"$i":"hours-ago-short","$v":{"other":["pred ",{"t":"idOrVar","v":"value"}," h"],"zero":"pravkar"},"$x":[{"t":"idOrVar","v":"plural"},"value"]},{"$i":"days-ago-short","$v":{"other":["pred ",{"t":"idOrVar","v":"value"}," d"],"zero":"danes"},"$x":[{"t":"idOrVar","v":"plural"},"value"]},{"$i":"minutes-until-short","$v":{"other":["čez ",{"t":"idOrVar","v":"value"}," m"],"zero":"zdaj"},"$x":[{"t":"idOrVar","v":"plural"},"value"]},{"$i":"hours-until-short","$v":{"other":["čez ",{"t":"idOrVar","v":"value"}," h"],"zero":"zdaj"},"$x":[{"t":"idOrVar","v":"plural"},"value"]},{"$i":"days-until-short","$v":{"other":["čez ",{"t":"idOrVar","v":"value"}," d"],"zero":"danes"},"$x":[{"t":"idOrVar","v":"plural"},"value"]},{"$i":"incorrectDate","$v":"(nepravilen datum)"},{"$i":"dateTimeFormat_%c","$v":"%a %b %e %Y %I.%M.%S %p"},{"$i":"dateTimeFormat_%x","$v":"%m/%d/%Y"},{"$i":"dateTimeFormat_%X","$v":"%I:%M:%S %p"},{"$i":"shortTimeFormat","$v":"%I.%M %p"},{"$i":"shortTimeFormat12","$v":"%I.%M %p"},{"$i":"shortTimeFormat24","$v":"%H.%M"},{"$i":"shortDateTimeFormat","$v":"%x %I.%M %p"},{"$i":"weekStartsOnMonday","$v":"0.0"},{"$i":"firstDayOfTheWeek","$v":"1.0"},{"$i":"time_am","$v":"dop."},{"$i":"time_pm","$v":"pop."},{"$i":"softkey-options","$v":"Možnosti"}]