[{"$i":"done","$v":"U krye"},{"$i":"number-selected2","$v":{"few":[{"t":"idOrVar","v":"n"}," zgjedhur"],"many":[{"t":"idOrVar","v":"n"}," zgjedhur"],"one":[{"t":"idOrVar","v":"n"}," zgjedhur"],"other":[{"t":"idOrVar","v":"n"}," zgjedhur"],"two":[{"t":"idOrVar","v":"n"}," zgjedhur"],"zero":[{"t":"idOrVar","v":"n"}," zgjedhur"]},"$x":[{"t":"idOrVar","v":"plural"},"n"]},{"$i":"delete-n-items?","$v":{"few":["Të fshihen ",{"t":"idOrVar","v":"n"}," video?"],"many":["Të fshihen ",{"t":"idOrVar","v":"n"}," video?"],"one":"Të fshihet videoja e zgjedhur?","other":["Të fshihen ",{"t":"idOrVar","v":"n"}," video?"],"two":["Të fshihen ",{"t":"idOrVar","v":"n"}," video?"],"zero":"Nuk u zgjodh gjë"},"$x":[{"t":"idOrVar","v":"plural"},"n"]},{"$i":"not-load-video-time","$v":"--:--"},{"$i":"video-time-num","$v":["0",{"t":"idOrVar","v":"num"}]},{"$i":"video-time-minute","$v":[{"t":"idOrVar","v":"owe"},{"t":"idOrVar","v":"m"},":",{"t":"idOrVar","v":"s"}]},{"$i":"video-time-hour","$v":[{"t":"idOrVar","v":"owe"},{"t":"idOrVar","v":"h"},":",{"t":"idOrVar","v":"m"},":",{"t":"idOrVar","v":"s"}]},{"$i":"share-noprovider","$v":"Provo të ndash një vid. për rast."},{"$i":"videos","$v":"Video"},{"$i":"cancel","$v":"Anulo"},{"$i":"delete-video?","$v":"Të fshihet videoja e zgjedhur?"},{"$i":"empty-title","$v":"Shto video për të filluar"},{"$i":"empty-text","$v":"Nuk ka video."},{"$i":"empty-content","$v":"Videoja është bosh. Përdor kamerën për të filluar."},{"$i":"search-title","$v":"Po skanon"},{"$i":"search-content","$v":"Po skanon"},{"$i":"nocard2-title","$v":"Nuk u gjet ndonjë kartë memorieje"},{"$i":"nocard3-text","$v":"Nuk u gjet kartë memorieje. Fut një kartë memorieje për të bërë video."},{"$i":"pluggedin-title","$v":"Videoja nuk luhet dot ndërsa është në prizë"},{"$i":"pluggedin-text","$v":"Memoria është në përdorim për momentin. Hiqe telefonin nga priza për të bërë video."},{"$i":"upgrade-title","$v":"Aktualizimi i databazës"},{"$i":"upgrade-text","$v":"Prit sa \"Videot\" të përditësojë databazën."},{"$i":"confirm-delete","$v":"Je i sigurt për fshirjen e:"},{"$i":"pick-title","$v":"Zgjidh një video"},{"$i":"save","$v":"Ruaj"},{"$i":"saved","$v":"u ruajt në videotekë."},{"$i":"save-failed","$v":"Videoja nuk mund të ruhet, provo sërish. "},{"$i":"error-network","$v":"Vide. nuk shkar. dot për shkak të një problemi me rrjetin."},{"$i":"error-unsupported","$v":"Videoja nuk luhet dot: ose sepse serveri a rrjeti nuk funksionoi, ose sepse formati nuk mbështetet."},{"$i":"error-unknown","$v":"Gabim i panjohur."},{"$i":"video-hardware-in-use-title","$v":"Video nuk luhet dot"},{"$i":"video-hardware-in-use-text","$v":"Aplik. tjetër po përdor për mom. luajtësin e vid."},{"$i":"overlay-cancel-button","$v":"Anulo"},{"$i":"overlay-camera-button","$v":"Shko te kamera"},{"$i":"sd-storage-full-header","$v":"Karta SD është plot."},{"$i":"sd-storage-full-content","$v":"Fshi skedarë në kartën SD për të liruar hapësirë."},{"$i":"phone-storage-full-header","$v":"Memoria e telefonit plot."},{"$i":"phone-storage-full-content","$v":"Fshi skedarë media ose të dhëna aplikacionesh për të liruar hapësirë. Mund të fusësh edhe një kartë SD për të zgjeruar memorien e medias. "},{"$i":"name-label","$v":"Emri"},{"$i":"length-label","$v":"Gjatësia"},{"$i":"size-label","$v":"Madhësia"},{"$i":"video-type-label","$v":"Lloj i videos"},{"$i":"date-taken-label","$v":"Data e marrjes"},{"$i":"resolution-label","$v":"Rezolucioni"},{"$i":"close-button","$v":"Mbyll"},{"$i":"byteUnit-B","$v":"Bajt"},{"$i":"byteUnit-KB","$v":"KB"},{"$i":"byteUnit-MB","$v":"MB"},{"$i":"byteUnit-GB","$v":"GB"},{"$i":"byteUnit-TB","$v":"TB"},{"$i":"byteUnit-PB","$v":"PB"},{"$i":"byteUnit-EB","$v":"EB"},{"$i":"byteUnit-ZB","$v":"ZB"},{"$i":"byteUnit-YB","$v":"YB"},{"$i":"date-group-header","$v":"%B %Y"},{"$i":"share","$v":"Ndaj"},{"$i":"more-info","$v":"Më shumë informacion"},{"$i":"delete","$v":"Fshi"},{"$i":"video-button","ariaLabel":"Video"},{"$i":"select-button","ariaLabel":"Zgjidh"},{"$i":"delete-button","ariaLabel":"Fshi"},{"$i":"share-button","ariaLabel":"Ndaj"},{"$i":"info-view","ariaLabel":"Informacion"},{"$i":"options-view","ariaLabel":"Opsionet"},{"$i":"confirm-dialog","ariaLabel":"Konfirmo"},{"$i":"videos-list","ariaLabel":"Video"},{"$i":"options-more","ariaLabel":"Më shumë"},{"$i":"seek-backward","ariaLabel":"Kërko prapa"},{"$i":"seek-bar","ariaLabel":["Shiriti kërk., kohëzgj. ",{"t":"idOrVar","v":"duration"}]},{"$i":"seek-forward","ariaLabel":"Kërko përpara"},{"$i":"play-button","ariaLabel":"Luaj"},{"$i":"pause-button","ariaLabel":"Pezullo"},{"$i":"fullscreen-button","ariaLabel":"Ekran i plotë"},{"$i":"show-controls-button","ariaLabel":"Shfaq komandat"},{"$i":"hide-controls-button","ariaLabel":"Fshih"},{"$i":"confirmation-title","$v":"Konfirmimi"},{"$i":"n-video-deleted","$v":{"few":[{"t":"idOrVar","v":"n"}," video u fshinë"],"many":[{"t":"idOrVar","v":"n"}," video u fshinë"],"one":"Video e fshirë","other":[{"t":"idOrVar","v":"n"}," video u fshinë"],"two":[{"t":"idOrVar","v":"n"}," video u fshinë"],"zero":"Nuk u zgjodh gjë"},"$x":[{"t":"idOrVar","v":"plural"},"n"]},{"$i":"rename-saved","$v":"Ndryshimet u ruajtën"},{"$i":"confirm-video","$v":"Video"},{"$i":"confirm-ok","$v":"OK"},{"$i":"options-header","$v":"Opsionet"},{"$i":"video-invalid-name","$v":"Emër i pavlefshëm"},{"$i":"name-already-exists","$v":"Ky emër ekziston"},{"$i":"override-warning-msg","$v":"Të anashkalohet skedari ekzistues?"},{"$i":"override","$v":"Anashkalo"},{"$i":"opt-takevideo","$v":"Bëj video"},{"$i":"select","$v":"Zgjidh"},{"$i":"opt-deselect","$v":"Çzgjidh"},{"$i":"opt-delete","$v":"Fshi"},{"$i":"opt-rename","$v":"Riemërto"},{"$i":"opt-selectmultiple","$v":"Zgjidh disa"},{"$i":"opt-fileinfo","$v":"Informacioni i skedarit"},{"$i":"opt-selectall","$v":"Zgjidhi të gjitha"},{"$i":"opt-deselectall","$v":"Çzgjidh të gjitha"},{"$i":"opt-fullscreen","$v":"Ekran i plotë"},{"$i":"opt-play","$v":"Luaj"},{"$i":"opt-pause","$v":"Pezullo"},{"$i":"opt-volume","$v":"Volumi"},{"$i":"opt-rotate","$v":"Rrotullo"},{"$i":"opt-cancel","$v":"Anulo"},{"$i":"opt-settings","$v":"Cilësimet"},{"$i":"weekday-0-long","$v":"E diel"},{"$i":"weekday-1-long","$v":"E hënë"},{"$i":"weekday-2-long","$v":"E martë"},{"$i":"weekday-3-long","$v":"E mërkurë"},{"$i":"weekday-4-long","$v":"E enjte"},{"$i":"weekday-5-long","$v":"E premte"},{"$i":"weekday-6-long","$v":"E shtunë"},{"$i":"weekday-0-short","$v":"Die"},{"$i":"weekday-1-short","$v":"Hën"},{"$i":"weekday-2-short","$v":"Mar"},{"$i":"weekday-3-short","$v":"Mër"},{"$i":"weekday-4-short","$v":"Enj"},{"$i":"weekday-5-short","$v":"Pre"},{"$i":"weekday-6-short","$v":"Sht"},{"$i":"month-0-long","$v":"Janar"},{"$i":"month-1-long","$v":"Shkurt"},{"$i":"month-2-long","$v":"Mars"},{"$i":"month-3-long","$v":"Prill"},{"$i":"month-4-long","$v":"Maj"},{"$i":"month-5-long","$v":"Qershor"},{"$i":"month-6-long","$v":"Korrik"},{"$i":"month-7-long","$v":"Gusht"},{"$i":"month-8-long","$v":"Shtator"},{"$i":"month-9-long","$v":"Tetor"},{"$i":"month-10-long","$v":"Nëntor"},{"$i":"month-11-long","$v":"Dhjetor"},{"$i":"month-0-genitive","$v":"Janar"},{"$i":"month-1-genitive","$v":"Shkurt"},{"$i":"month-2-genitive","$v":"Mars"},{"$i":"month-3-genitive","$v":"Prill"},{"$i":"month-4-genitive","$v":"Maj"},{"$i":"month-5-genitive","$v":"Qershor"},{"$i":"month-6-genitive","$v":"Korrik"},{"$i":"month-7-genitive","$v":"Gusht"},{"$i":"month-8-genitive","$v":"Shtator"},{"$i":"month-9-genitive","$v":"Tetor"},{"$i":"month-10-genitive","$v":"Nëntor"},{"$i":"month-11-genitive","$v":"Dhjetor"},{"$i":"month-0-short","$v":"Jan"},{"$i":"month-1-short","$v":"Shku"},{"$i":"month-2-short","$v":"Mar"},{"$i":"month-3-short","$v":"Pri"},{"$i":"month-4-short","$v":"Maj"},{"$i":"month-5-short","$v":"Qer"},{"$i":"month-6-short","$v":"Korr"},{"$i":"month-7-short","$v":"Gush"},{"$i":"month-8-short","$v":"Shta"},{"$i":"month-9-short","$v":"Tet"},{"$i":"month-10-short","$v":"Nën"},{"$i":"month-11-short","$v":"Dhj"},{"$i":"minutes-ago-long","$v":{"few":[{"t":"idOrVar","v":"value"}," minuta më parë"],"many":[{"t":"idOrVar","v":"value"}," minuta më parë"],"one":"një minutë më parë","other":[{"t":"idOrVar","v":"value"}," minuta më parë"],"two":[{"t":"idOrVar","v":"value"}," minuta më parë"],"zero":"sapo"},"$x":[{"t":"idOrVar","v":"plural"},"value"]},{"$i":"hours-ago-long","$v":{"few":[{"t":"idOrVar","v":"value"}," orë më parë"],"many":[{"t":"idOrVar","v":"value"}," orë më parë"],"one":"një orë më parë","other":[{"t":"idOrVar","v":"value"}," orë më parë"],"two":[{"t":"idOrVar","v":"value"}," orë më parë"],"zero":"sapo"},"$x":[{"t":"idOrVar","v":"plural"},"value"]},{"$i":"days-ago-long","$v":{"few":[{"t":"idOrVar","v":"value"}," ditë më parë"],"many":[{"t":"idOrVar","v":"value"}," ditë më parë"],"one":"dje","other":[{"t":"idOrVar","v":"value"}," ditë më parë"],"two":[{"t":"idOrVar","v":"value"}," ditë më parë"],"zero":"sot"},"$x":[{"t":"idOrVar","v":"plural"},"value"]},{"$i":"weeks-ago-long","$v":{"few":[{"t":"idOrVar","v":"value"}," javë më parë"],"many":[{"t":"idOrVar","v":"value"}," javë më parë"],"one":"javën e kaluar","other":[{"t":"idOrVar","v":"value"}," javë më parë"],"two":[{"t":"idOrVar","v":"value"}," javë më parë"],"zero":"këtë javë"},"$x":[{"t":"idOrVar","v":"plural"},"value"]},{"$i":"months-ago-long","$v":{"few":[{"t":"idOrVar","v":"value"}," muaj më parë"],"many":[{"t":"idOrVar","v":"value"}," muaj më parë"],"one":"muajin e kaluar","other":[{"t":"idOrVar","v":"value"}," muaj më parë"],"two":[{"t":"idOrVar","v":"value"}," muaj më parë"],"zero":"këtë muaj"},"$x":[{"t":"idOrVar","v":"plural"},"value"]},{"$i":"years-ago-long","$v":{"few":[{"t":"idOrVar","v":"value"}," vite më parë"],"many":[{"t":"idOrVar","v":"value"}," vite më parë"],"one":"vitin e kaluar","other":[{"t":"idOrVar","v":"value"}," vite më parë"],"two":[{"t":"idOrVar","v":"value"}," vite më parë"],"zero":"këtë vit"},"$x":[{"t":"idOrVar","v":"plural"},"value"]},{"$i":"minutes-until-long","$v":{"few":["për ",{"t":"idOrVar","v":"value"}," minuta"],"many":["për ",{"t":"idOrVar","v":"value"}," minuta"],"one":"për një minutë","other":["për ",{"t":"idOrVar","v":"value"}," minuta"],"two":["për ",{"t":"idOrVar","v":"value"}," minuta"],"zero":"tani"},"$x":[{"t":"idOrVar","v":"plural"},"value"]},{"$i":"hours-until-long","$v":{"few":["për ",{"t":"idOrVar","v":"value"}," orë"],"many":["për ",{"t":"idOrVar","v":"value"}," orë"],"one":"për një orë","other":["për ",{"t":"idOrVar","v":"value"}," orë"],"two":["për ",{"t":"idOrVar","v":"value"}," orë"],"zero":"tani"},"$x":[{"t":"idOrVar","v":"plural"},"value"]},{"$i":"days-until-long","$v":{"few":["për ",{"t":"idOrVar","v":"value"}," ditë"],"many":["për ",{"t":"idOrVar","v":"value"}," ditë"],"one":"nesër","other":["për ",{"t":"idOrVar","v":"value"}," ditë"],"two":["për ",{"t":"idOrVar","v":"value"}," ditë"],"zero":"sot"},"$x":[{"t":"idOrVar","v":"plural"},"value"]},{"$i":"weeks-until-long","$v":{"few":["për ",{"t":"idOrVar","v":"value"}," javë"],"many":["për ",{"t":"idOrVar","v":"value"}," javë"],"one":"javën tjetër","other":["për ",{"t":"idOrVar","v":"value"}," javë"],"two":["për ",{"t":"idOrVar","v":"value"}," javë"],"zero":"këtë javë"},"$x":[{"t":"idOrVar","v":"plural"},"value"]},{"$i":"months-until-long","$v":{"few":["për ",{"t":"idOrVar","v":"value"}," muaj"],"many":["për ",{"t":"idOrVar","v":"value"}," muaj"],"one":"muajin tjetër","other":["për ",{"t":"idOrVar","v":"value"}," muaj"],"two":["për ",{"t":"idOrVar","v":"value"}," muaj"],"zero":"këtë muaj"},"$x":[{"t":"idOrVar","v":"plural"},"value"]},{"$i":"years-until-long","$v":{"few":["për ",{"t":"idOrVar","v":"value"}," vjet"],"many":["për ",{"t":"idOrVar","v":"value"}," vjet"],"one":"vitin tjetër","other":["për ",{"t":"idOrVar","v":"value"}," vjet"],"two":["për ",{"t":"idOrVar","v":"value"}," vjet"],"zero":"këtë vit"},"$x":[{"t":"idOrVar","v":"plural"},"value"]},{"$i":"minutes-ago-short","$v":{"other":[{"t":"idOrVar","v":"value"}," min më parë"],"zero":"sapo"},"$x":[{"t":"idOrVar","v":"plural"},"value"]},{"$i":"hours-ago-short","$v":{"other":[{"t":"idOrVar","v":"value"}," orë më parë"],"zero":"sapo"},"$x":[{"t":"idOrVar","v":"plural"},"value"]},{"$i":"days-ago-short","$v":{"other":[{"t":"idOrVar","v":"value"}," ditë më parë"],"zero":"sot"},"$x":[{"t":"idOrVar","v":"plural"},"value"]},{"$i":"minutes-until-short","$v":{"other":["për ",{"t":"idOrVar","v":"value"}," min"],"zero":"tani"},"$x":[{"t":"idOrVar","v":"plural"},"value"]},{"$i":"hours-until-short","$v":{"other":["për ",{"t":"idOrVar","v":"value"}," orë"],"zero":"tani"},"$x":[{"t":"idOrVar","v":"plural"},"value"]},{"$i":"days-until-short","$v":{"other":["për ",{"t":"idOrVar","v":"value"}," ditë"],"zero":"sot"},"$x":[{"t":"idOrVar","v":"plural"},"value"]},{"$i":"incorrectDate","$v":"(datë e pasaktë)"},{"$i":"dateTimeFormat_%c","$v":"%a %b %e %Y %I:%M:%S %p"},{"$i":"dateTimeFormat_%x","$v":"%m/%d/%Y"},{"$i":"dateTimeFormat_%X","$v":"%I:%M:%S %p"},{"$i":"shortTimeFormat","$v":"%I:%M %p"},{"$i":"shortTimeFormat12","$v":"%I:%M %p"},{"$i":"shortTimeFormat24","$v":"%H:%M"},{"$i":"shortDateTimeFormat","$v":"%x %I:%M %p"},{"$i":"weekStartsOnMonday","$v":"0.0"},{"$i":"firstDayOfTheWeek","$v":"1.0"},{"$i":"time_am","$v":"p.d."},{"$i":"time_pm","$v":"m.d."},{"$i":"softkey-options","$v":"Opsionet"}]