[{"$i":"done","$v":"Klar"},{"$i":"number-selected2","$v":{"few":[{"t":"idOrVar","v":"n"}," valda"],"many":[{"t":"idOrVar","v":"n"}," valda"],"one":[{"t":"idOrVar","v":"n"}," vald"],"other":[{"t":"idOrVar","v":"n"}," valda"],"two":[{"t":"idOrVar","v":"n"}," valda"],"zero":[{"t":"idOrVar","v":"n"}," valda"]},"$x":[{"t":"idOrVar","v":"plural"},"n"]},{"$i":"delete-n-items?","$v":{"few":["Ta bort ",{"t":"idOrVar","v":"n"}," videor?"],"many":["Ta bort ",{"t":"idOrVar","v":"n"}," videor?"],"one":"Ta bort vald video?","other":["Ta bort ",{"t":"idOrVar","v":"n"}," videor?"],"two":["Ta bort ",{"t":"idOrVar","v":"n"}," videor?"],"zero":"Inget valt"},"$x":[{"t":"idOrVar","v":"plural"},"n"]},{"$i":"not-load-video-time","$v":"--:--"},{"$i":"video-time-num","$v":["0",{"t":"idOrVar","v":"num"}]},{"$i":"video-time-minute","$v":[{"t":"idOrVar","v":"owe"},{"t":"idOrVar","v":"m"},":",{"t":"idOrVar","v":"s"}]},{"$i":"video-time-hour","$v":[{"t":"idOrVar","v":"owe"},{"t":"idOrVar","v":"h"},":",{"t":"idOrVar","v":"m"},":",{"t":"idOrVar","v":"s"}]},{"$i":"share-noprovider","$v":"Prova att dela en video i taget."},{"$i":"videos","$v":"Videor"},{"$i":"cancel","$v":"Avbryt"},{"$i":"delete-video?","$v":"Ta bort vald video?"},{"$i":"empty-title","$v":"Lägg till videor för att komma igång"},{"$i":"empty-text","$v":"Inga videor tillgängliga."},{"$i":"empty-content","$v":"Video är tomt. Använd kameran för att komma igång."},{"$i":"search-title","$v":"Söker"},{"$i":"search-content","$v":"Söker"},{"$i":"nocard2-title","$v":"Inget minneskort hittades"},{"$i":"nocard3-text","$v":"Det gick inte att hitta minneskortet. Sätt i ett minneskort för att ta videor."},{"$i":"pluggedin-title","$v":"Det går inte att spela video när ansluten"},{"$i":"pluggedin-text","$v":"Lagringsutrymmet används just nu. Koppla från telefonen för att ta videor."},{"$i":"upgrade-title","$v":"Uppgradering av database"},{"$i":"upgrade-text","$v":"Vänta medan videodatabasen uppdat."},{"$i":"confirm-delete","$v":"Är du säker på att du vill ta bort:"},{"$i":"pick-title","$v":"Välj en video"},{"$i":"save","$v":"Spara"},{"$i":"saved","$v":"sparad till videobibliotek."},{"$i":"save-failed","$v":"Det gick inte att spara videon. Försök igen."},{"$i":"error-network","$v":"Kunde inte ladda ned videon p.g.a. nätverksfel."},{"$i":"error-unsupported","$v":"Det går inte att spela video: antingen för att server eller nätverk inte fungerade eller för att formatet inte stöds."},{"$i":"error-unknown","$v":"Ett okänt videofel uppstod."},{"$i":"video-hardware-in-use-title","$v":"Det går inte att spela video"},{"$i":"video-hardware-in-use-text","$v":"En annan app anv. videospelaren."},{"$i":"overlay-cancel-button","$v":"Avbryt"},{"$i":"overlay-camera-button","$v":"Gå till kamera"},{"$i":"sd-storage-full-header","$v":"SD-kortet är fullt."},{"$i":"sd-storage-full-content","$v":"Ta bort filer på SD-kortet för att frigöra utrymme."},{"$i":"phone-storage-full-header","$v":"Telefonens minne fullt."},{"$i":"phone-storage-full-content","$v":"Ta bort mediefiler eller programdata för att frigöra utrymme. Du kan även sätta i ett SD-kort för att utöka medielagringen."},{"$i":"name-label","$v":"Namn"},{"$i":"length-label","$v":"Längd"},{"$i":"size-label","$v":"Storlek"},{"$i":"video-type-label","$v":"Videotyp"},{"$i":"date-taken-label","$v":"Datum taget"},{"$i":"resolution-label","$v":"Upplösning"},{"$i":"close-button","$v":"Stäng"},{"$i":"byteUnit-B","$v":"Byte"},{"$i":"byteUnit-KB","$v":"KB"},{"$i":"byteUnit-MB","$v":"MB"},{"$i":"byteUnit-GB","$v":"GB"},{"$i":"byteUnit-TB","$v":"TB"},{"$i":"byteUnit-PB","$v":"PB"},{"$i":"byteUnit-EB","$v":"EB"},{"$i":"byteUnit-ZB","$v":"ZB"},{"$i":"byteUnit-YB","$v":"F.Å."},{"$i":"date-group-header","$v":"%B %Y"},{"$i":"share","$v":"Dela"},{"$i":"more-info","$v":"Mer info"},{"$i":"delete","$v":"Ta bort"},{"$i":"video-button","ariaLabel":"Video"},{"$i":"select-button","ariaLabel":"Välj"},{"$i":"delete-button","ariaLabel":"Ta bort"},{"$i":"share-button","ariaLabel":"Dela"},{"$i":"info-view","ariaLabel":"Info"},{"$i":"options-view","ariaLabel":"Alternativ"},{"$i":"confirm-dialog","ariaLabel":"Bekräfta"},{"$i":"videos-list","ariaLabel":"Videor"},{"$i":"options-more","ariaLabel":"Mer"},{"$i":"seek-backward","ariaLabel":"Sök bakåt"},{"$i":"seek-bar","ariaLabel":["Sökfält, varaktighet",{"t":"idOrVar","v":"duration"}]},{"$i":"seek-forward","ariaLabel":"Sök framåt"},{"$i":"play-button","ariaLabel":"Spela upp"},{"$i":"pause-button","ariaLabel":"Paus"},{"$i":"fullscreen-button","ariaLabel":"Hel display"},{"$i":"show-controls-button","ariaLabel":"Visa kontroller"},{"$i":"hide-controls-button","ariaLabel":"Dölj kontroller"},{"$i":"confirmation-title","$v":"Bekräftelse"},{"$i":"n-video-deleted","$v":{"few":[{"t":"idOrVar","v":"n"}," videor borttagna"],"many":[{"t":"idOrVar","v":"n"}," videor borttagna"],"one":"Video borttagen","other":[{"t":"idOrVar","v":"n"}," videor borttagna"],"two":[{"t":"idOrVar","v":"n"}," videor borttagna"],"zero":"Inget valt"},"$x":[{"t":"idOrVar","v":"plural"},"n"]},{"$i":"rename-saved","$v":"Ändringar sparade"},{"$i":"confirm-video","$v":"Video"},{"$i":"confirm-ok","$v":"OK"},{"$i":"options-header","$v":"Alternativ"},{"$i":"video-invalid-name","$v":"Ogiltigt namn"},{"$i":"name-already-exists","$v":"Det här namnet finns redan"},{"$i":"override-warning-msg","$v":"Vill du åsidosätta den befintliga filen?"},{"$i":"override","$v":"Åsidosätt"},{"$i":"opt-takevideo","$v":"Ta video"},{"$i":"select","$v":"Välj"},{"$i":"opt-deselect","$v":"Avmarkera"},{"$i":"opt-delete","$v":"Ta bort"},{"$i":"opt-rename","$v":"Byt namn"},{"$i":"opt-selectmultiple","$v":"Markera flera"},{"$i":"opt-fileinfo","$v":"Filinfo"},{"$i":"opt-selectall","$v":"Markera alla"},{"$i":"opt-deselectall","$v":"Avmarkera alla"},{"$i":"opt-fullscreen","$v":"Hel display"},{"$i":"opt-play","$v":"Spela upp"},{"$i":"opt-pause","$v":"Paus"},{"$i":"opt-volume","$v":"Volym"},{"$i":"opt-rotate","$v":"Rotera"},{"$i":"opt-cancel","$v":"Avbryt"},{"$i":"opt-settings","$v":"Inställningar"},{"$i":"weekday-0-long","$v":"Söndag"},{"$i":"weekday-1-long","$v":"Måndag"},{"$i":"weekday-2-long","$v":"Tisdag"},{"$i":"weekday-3-long","$v":"Onsdag"},{"$i":"weekday-4-long","$v":"Torsdag"},{"$i":"weekday-5-long","$v":"Fredag"},{"$i":"weekday-6-long","$v":"Lördag"},{"$i":"weekday-0-short","$v":"Sön"},{"$i":"weekday-1-short","$v":"Mån"},{"$i":"weekday-2-short","$v":"Tis"},{"$i":"weekday-3-short","$v":"Ons"},{"$i":"weekday-4-short","$v":"Tor"},{"$i":"weekday-5-short","$v":"Fre"},{"$i":"weekday-6-short","$v":"Lör"},{"$i":"month-0-long","$v":"Januari"},{"$i":"month-1-long","$v":"Februari"},{"$i":"month-2-long","$v":"Mars"},{"$i":"month-3-long","$v":"April"},{"$i":"month-4-long","$v":"Maj"},{"$i":"month-5-long","$v":"Juni"},{"$i":"month-6-long","$v":"Juli"},{"$i":"month-7-long","$v":"Augusti"},{"$i":"month-8-long","$v":"September"},{"$i":"month-9-long","$v":"Oktober"},{"$i":"month-10-long","$v":"November"},{"$i":"month-11-long","$v":"December"},{"$i":"month-0-genitive","$v":"Januari"},{"$i":"month-1-genitive","$v":"Februari"},{"$i":"month-2-genitive","$v":"Mars"},{"$i":"month-3-genitive","$v":"April"},{"$i":"month-4-genitive","$v":"Maj"},{"$i":"month-5-genitive","$v":"Juni"},{"$i":"month-6-genitive","$v":"Juli"},{"$i":"month-7-genitive","$v":"Augusti"},{"$i":"month-8-genitive","$v":"September"},{"$i":"month-9-genitive","$v":"Oktober"},{"$i":"month-10-genitive","$v":"November"},{"$i":"month-11-genitive","$v":"December"},{"$i":"month-0-short","$v":"Jan"},{"$i":"month-1-short","$v":"Feb"},{"$i":"month-2-short","$v":"Mar"},{"$i":"month-3-short","$v":"Apr"},{"$i":"month-4-short","$v":"Maj"},{"$i":"month-5-short","$v":"Jun"},{"$i":"month-6-short","$v":"Jul"},{"$i":"month-7-short","$v":"Aug"},{"$i":"month-8-short","$v":"Sep"},{"$i":"month-9-short","$v":"Okt"},{"$i":"month-10-short","$v":"Nov"},{"$i":"month-11-short","$v":"Dec"},{"$i":"minutes-ago-long","$v":{"few":[{"t":"idOrVar","v":"value"}," minuter sedan"],"many":[{"t":"idOrVar","v":"value"}," minuter sedan"],"one":"en minut sedan","other":[{"t":"idOrVar","v":"value"}," minuter sedan"],"two":[{"t":"idOrVar","v":"value"}," minuter sedan"],"zero":"just nu"},"$x":[{"t":"idOrVar","v":"plural"},"value"]},{"$i":"hours-ago-long","$v":{"few":[{"t":"idOrVar","v":"value"}," timmar sedan"],"many":[{"t":"idOrVar","v":"value"}," timmar sedan"],"one":"en timme sedan","other":[{"t":"idOrVar","v":"value"}," timmar sedan"],"two":[{"t":"idOrVar","v":"value"}," timmar sedan"],"zero":"just nu"},"$x":[{"t":"idOrVar","v":"plural"},"value"]},{"$i":"days-ago-long","$v":{"few":[{"t":"idOrVar","v":"value"}," dagar sedan"],"many":[{"t":"idOrVar","v":"value"}," dagar sedan"],"one":"igår","other":[{"t":"idOrVar","v":"value"}," dagar sedan"],"two":[{"t":"idOrVar","v":"value"}," dagar sedan"],"zero":"idag"},"$x":[{"t":"idOrVar","v":"plural"},"value"]},{"$i":"weeks-ago-long","$v":{"few":[{"t":"idOrVar","v":"value"}," veckor sedan"],"many":[{"t":"idOrVar","v":"value"}," veckor sedan"],"one":"förra veckan","other":[{"t":"idOrVar","v":"value"}," veckor sedan"],"two":[{"t":"idOrVar","v":"value"}," veckor sedan"],"zero":"den här veckan"},"$x":[{"t":"idOrVar","v":"plural"},"value"]},{"$i":"months-ago-long","$v":{"few":[{"t":"idOrVar","v":"value"}," månader sedan"],"many":[{"t":"idOrVar","v":"value"}," månader sedan"],"one":"förra månaden","other":[{"t":"idOrVar","v":"value"}," månader sedan"],"two":[{"t":"idOrVar","v":"value"}," månader sedan"],"zero":"den här månaden"},"$x":[{"t":"idOrVar","v":"plural"},"value"]},{"$i":"years-ago-long","$v":{"few":[{"t":"idOrVar","v":"value"}," år sedan"],"many":[{"t":"idOrVar","v":"value"}," år sedan"],"one":"förra året","other":[{"t":"idOrVar","v":"value"}," år sedan"],"two":[{"t":"idOrVar","v":"value"}," år sedan"],"zero":"det här året"},"$x":[{"t":"idOrVar","v":"plural"},"value"]},{"$i":"minutes-until-long","$v":{"few":["om ",{"t":"idOrVar","v":"value"}," minuter"],"many":["om ",{"t":"idOrVar","v":"value"}," minuter"],"one":"om en minut","other":["om ",{"t":"idOrVar","v":"value"}," minuter"],"two":["om ",{"t":"idOrVar","v":"value"}," minuter"],"zero":"nu"},"$x":[{"t":"idOrVar","v":"plural"},"value"]},{"$i":"hours-until-long","$v":{"few":["om ",{"t":"idOrVar","v":"value"}," timmar"],"many":["om ",{"t":"idOrVar","v":"value"}," timmar"],"one":"om en timme","other":["om ",{"t":"idOrVar","v":"value"}," timmar"],"two":["om ",{"t":"idOrVar","v":"value"}," timmar"],"zero":"nu"},"$x":[{"t":"idOrVar","v":"plural"},"value"]},{"$i":"days-until-long","$v":{"few":["om ",{"t":"idOrVar","v":"value"}," dagar"],"many":["om ",{"t":"idOrVar","v":"value"}," dagar"],"one":"imorgon","other":["om ",{"t":"idOrVar","v":"value"}," dagar"],"two":["om ",{"t":"idOrVar","v":"value"}," dagar"],"zero":"idag"},"$x":[{"t":"idOrVar","v":"plural"},"value"]},{"$i":"weeks-until-long","$v":{"few":["om ",{"t":"idOrVar","v":"value"}," veckor"],"many":["om ",{"t":"idOrVar","v":"value"}," veckor"],"one":"nästa vecka","other":["om ",{"t":"idOrVar","v":"value"}," veckor"],"two":["om ",{"t":"idOrVar","v":"value"}," veckor"],"zero":"den här veckan"},"$x":[{"t":"idOrVar","v":"plural"},"value"]},{"$i":"months-until-long","$v":{"few":["om ",{"t":"idOrVar","v":"value"}," månader"],"many":["om ",{"t":"idOrVar","v":"value"}," månader"],"one":"nästa månad","other":["om ",{"t":"idOrVar","v":"value"}," månader"],"two":["om ",{"t":"idOrVar","v":"value"}," månader"],"zero":"den här månaden"},"$x":[{"t":"idOrVar","v":"plural"},"value"]},{"$i":"years-until-long","$v":{"few":["om ",{"t":"idOrVar","v":"value"}," år"],"many":["om ",{"t":"idOrVar","v":"value"}," år"],"one":"nästa år","other":["om ",{"t":"idOrVar","v":"value"}," år"],"two":["om ",{"t":"idOrVar","v":"value"}," år"],"zero":"det här året"},"$x":[{"t":"idOrVar","v":"plural"},"value"]},{"$i":"minutes-ago-short","$v":{"other":[{"t":"idOrVar","v":"value"}," m sedan"],"zero":"just nu"},"$x":[{"t":"idOrVar","v":"plural"},"value"]},{"$i":"hours-ago-short","$v":{"other":[{"t":"idOrVar","v":"value"}," tim. sedan"],"zero":"just nu"},"$x":[{"t":"idOrVar","v":"plural"},"value"]},{"$i":"days-ago-short","$v":{"other":[{"t":"idOrVar","v":"value"}," d sedan"],"zero":"idag"},"$x":[{"t":"idOrVar","v":"plural"},"value"]},{"$i":"minutes-until-short","$v":{"other":["om ",{"t":"idOrVar","v":"value"}," min."],"zero":"nu"},"$x":[{"t":"idOrVar","v":"plural"},"value"]},{"$i":"hours-until-short","$v":{"other":["om ",{"t":"idOrVar","v":"value"}," tim."],"zero":"nu"},"$x":[{"t":"idOrVar","v":"plural"},"value"]},{"$i":"days-until-short","$v":{"other":["om ",{"t":"idOrVar","v":"value"}," dag"],"zero":"idag"},"$x":[{"t":"idOrVar","v":"plural"},"value"]},{"$i":"incorrectDate","$v":"(fel datum)"},{"$i":"dateTimeFormat_%c","$v":"%a %b %e %Y %I:%M:%S %p"},{"$i":"dateTimeFormat_%x","$v":"%m/%d/%Y"},{"$i":"dateTimeFormat_%X","$v":"%I:%M:%S %p"},{"$i":"shortTimeFormat","$v":"%I:%M %p"},{"$i":"shortTimeFormat12","$v":"%I:%M %p"},{"$i":"shortTimeFormat24","$v":"%H:%M"},{"$i":"shortDateTimeFormat","$v":"%x %I:%M %p"},{"$i":"weekStartsOnMonday","$v":"0.0"},{"$i":"firstDayOfTheWeek","$v":"1.0"},{"$i":"time_am","$v":"am"},{"$i":"time_pm","$v":"PM"},{"$i":"softkey-options","$v":"Alternativ"}]