[{"$i":"done","$v":"முடிந்தது"},{"$i":"number-selected2","$v":{"few":[{"t":"idOrVar","v":"n"}," தேர்ந்தெடுக்கப்பட்டது"],"many":[{"t":"idOrVar","v":"n"}," தேர்ந்தெடுக்கப்பட்டது"],"one":[{"t":"idOrVar","v":"n"}," தேர்ந்தெடுக்கப்பட்டது"],"other":[{"t":"idOrVar","v":"n"}," தேர்ந்தெடுக்கப்பட்டது"],"two":[{"t":"idOrVar","v":"n"}," தேர்ந்தெடுக்கப்பட்டது"],"zero":[{"t":"idOrVar","v":"n"}," தேர்ந்தெடுக்கப்பட்டது"]},"$x":[{"t":"idOrVar","v":"plural"},"n"]},{"$i":"delete-n-items?","$v":{"few":[{"t":"idOrVar","v":"n"}," வீடியோக்களை நீக்கவா?"],"many":[{"t":"idOrVar","v":"n"}," வீடியோக்களை நீக்கவா?"],"one":"தேர்ந்தெடுத்த வீடியோவை நீக்கவா?","other":[{"t":"idOrVar","v":"n"}," வீடியோக்களை நீக்கவா?"],"two":[{"t":"idOrVar","v":"n"}," வீடியோக்களை நீக்கவா?"],"zero":"ஒன்றும் தேர்வுசெய்யப்படவில்லை"},"$x":[{"t":"idOrVar","v":"plural"},"n"]},{"$i":"not-load-video-time","$v":"--:--"},{"$i":"video-time-num","$v":["0",{"t":"idOrVar","v":"num"}]},{"$i":"video-time-minute","$v":[{"t":"idOrVar","v":"owe"},{"t":"idOrVar","v":"m"},":",{"t":"idOrVar","v":"s"}]},{"$i":"video-time-hour","$v":[{"t":"idOrVar","v":"owe"},{"t":"idOrVar","v":"h"},":",{"t":"idOrVar","v":"m"},":",{"t":"idOrVar","v":"s"}]},{"$i":"share-noprovider","$v":"ஒரே நேரத்தில் ஒரு வீடியோவை பகிர முயலவும்."},{"$i":"videos","$v":"வீடியோக்கள்"},{"$i":"cancel","$v":"ரத்து செய்க"},{"$i":"delete-video?","$v":"தேர்ந்தெடுத்த வீடியோவை நீக்கவா?"},{"$i":"empty-title","$v":"துவங்க, வீடியோகளை சேர்"},{"$i":"empty-text","$v":"வீடியோக்கள் கிடைக்கவில்லை."},{"$i":"empty-content","$v":"வீடியோ காலியாக உள்ளது. தொடங்குவதற்கு கேமராவை பயன்படுத்தவும்."},{"$i":"search-title","$v":"வீடியோக்களுக்காக ஸ்கேன் செய்கிறது..."},{"$i":"search-content","$v":"வீடியோக்களுக்காக ஸ்கேன் செய்கிறது..."},{"$i":"nocard2-title","$v":"மெமரி கார்டு காணப்படவில்லை"},{"$i":"nocard3-text","$v":"மெமரி கார்டு கிடைக்கவில்லை. வீடியோக்களை எடுக்க, மெமரி கார்டைச் செருகவும்."},{"$i":"pluggedin-title","$v":"பிளக்டு இன் போது வீடியோ-ஐ காண முடியாது"},{"$i":"pluggedin-text","$v":"ஸ்டோரேஜ் தற்போது பயனில் உள்ளது. நிகழ்படங்களை எடுக்க தயவுசெய்து ஃபோன்-ஐ துண்டிக்கவும்."},{"$i":"upgrade-title","$v":"டேட்டாபேஸ் அப்கிரேட்"},{"$i":"upgrade-text","$v":"வீடியோ, அதன் டேட்டாபேஸ்-ஐ மேம்படுத்தும் வரை தயவுசெய்து காத்திருக்கவும்."},{"$i":"confirm-delete","$v":"நீங்கள் நிச்சியமாக நீக்க விரும்புகிறீர்களா:"},{"$i":"pick-title","$v":"ஒரு வீடியோவை தேர்ந்தெடு"},{"$i":"save","$v":"சேமி"},{"$i":"saved","$v":"வீடியோ லைப்ரரி-இல் சேமிக்கப்பட்டது."},{"$i":"save-failed","$v":"வீடியோவைச் சேமிக்க முடியவில்லை, தயவுசெய்து மீண்டும் முயற்சி செய்யவும்."},{"$i":"error-network","$v":"நெட்வொர்க் பிழையால் வீடியோவை டவுன்லோட் செய்ய முடியவில்லை."},{"$i":"error-unsupported","$v":"வீடியோவை இயக்க முடியாது: சர்வர் அல்லது நெட்வொர்க் தோல்வி போன்ற ஏதேனும் ஒன்றால் இருக்கலாம் அல்லது பார்மெட் ஆதரிக்கப்படாததால் இருக்கலாம்."},{"$i":"error-unknown","$v":"தெரியாத வீடியோ பிழை ஏற்பட்டது."},{"$i":"video-hardware-in-use-title","$v":"வீடியோவை பிளே செய்ய முடியாது"},{"$i":"video-hardware-in-use-text","$v":"வேறொரு ஆப் தற்போது வீடியோ பிளேயரைப் பயன்படுத்துகிறது."},{"$i":"overlay-cancel-button","$v":"ரத்து செய்க"},{"$i":"overlay-camera-button","$v":"கேமராவுக்குச் செல்க"},{"$i":"sd-storage-full-header","$v":"எஸ்.டி கார்டு நிரம்பியது"},{"$i":"sd-storage-full-content","$v":"கூடுதல் இடத்தை பெற எஸ்.டி கார்டில் ஃபைல்களை நீக்கவும்."},{"$i":"phone-storage-full-header","$v":{"$o":"போன் ஸ்டோரேஜ் நிரம்பியது.&#10;"}},{"$i":"phone-storage-full-content","$v":"கூடுதல் இடத்தை பெற மீடியா ஃபைல்கள் அல்லது அப்ளிகேஷன் டேட்டாவை நீக்கவும். மீடியா சேமிப்பிடத்தை விரிவாக்க எஸ்.டி கார்டையும் நீங்கள் செருகலாம்."},{"$i":"name-label","$v":"பெயர்"},{"$i":"length-label","$v":"நீளம்"},{"$i":"size-label","$v":"அளவு"},{"$i":"video-type-label","$v":"வீடியோ வகை"},{"$i":"date-taken-label","$v":"எடுக்கப்பட்ட தேதி"},{"$i":"resolution-label","$v":"ரெசல்யூசன்"},{"$i":"close-button","$v":"மூடு"},{"$i":"byteUnit-B","$v":"பைட்"},{"$i":"byteUnit-KB","$v":"KB"},{"$i":"byteUnit-MB","$v":"MB"},{"$i":"byteUnit-GB","$v":"GB"},{"$i":"byteUnit-TB","$v":"TB"},{"$i":"byteUnit-PB","$v":"PB"},{"$i":"byteUnit-EB","$v":"EB"},{"$i":"byteUnit-ZB","$v":"ZB"},{"$i":"byteUnit-YB","$v":"YB"},{"$i":"date-group-header","$v":"%B %Y"},{"$i":"share","$v":"பகிர்"},{"$i":"more-info","$v":"மேலும் தகவல்"},{"$i":"delete","$v":"நீக்கு"},{"$i":"video-button","ariaLabel":"வீடியோ"},{"$i":"select-button","ariaLabel":"தேர்ந்தெடு"},{"$i":"delete-button","ariaLabel":"நீக்கு"},{"$i":"share-button","ariaLabel":"பகிர்"},{"$i":"info-view","ariaLabel":"தகவல்"},{"$i":"options-view","ariaLabel":"விருப்பங்கள்"},{"$i":"confirm-dialog","ariaLabel":"உறுதிசெய்க"},{"$i":"videos-list","ariaLabel":"வீடியோக்கள்"},{"$i":"options-more","ariaLabel":"மேலும்"},{"$i":"seek-backward","ariaLabel":"பின்னோக்கி தேடு"},{"$i":"seek-bar","ariaLabel":["சீக் பார், கால அளவு",{"t":"idOrVar","v":"duration"}]},{"$i":"seek-forward","ariaLabel":"முன்னோக்கி தேடு"},{"$i":"play-button","ariaLabel":"இயக்கு"},{"$i":"pause-button","ariaLabel":"இடைநிறுத்து"},{"$i":"fullscreen-button","ariaLabel":"ஃபுல் ஸ்கிரீன்"},{"$i":"show-controls-button","ariaLabel":"கட்டுப்பாடுகளைக் காட்டவும்"},{"$i":"hide-controls-button","ariaLabel":"கட்டுப்பாடுகளை மறைக்கவும்"},{"$i":"confirmation-title","$v":"உறுதிப்படுத்துதல்"},{"$i":"n-video-deleted","$v":{"few":[{"t":"idOrVar","v":"n"}," வீடியோக்கள் நீக்கப்பட்டது"],"many":[{"t":"idOrVar","v":"n"}," வீடியோக்கள் நீக்கப்பட்டது"],"one":"வீடியோ நீக்கப்பட்டது","other":[{"t":"idOrVar","v":"n"}," வீடியோக்கள் நீக்கப்பட்டது"],"two":[{"t":"idOrVar","v":"n"}," வீடியோக்கள் நீக்கப்பட்டது"],"zero":"ஒன்றும் தேர்வுசெய்யப்படவில்லை"},"$x":[{"t":"idOrVar","v":"plural"},"n"]},{"$i":"rename-saved","$v":"மாற்றங்கள் சேமிக்கப்பட்டது"},{"$i":"confirm-video","$v":"வீடியோ"},{"$i":"confirm-ok","$v":"சரி"},{"$i":"options-header","$v":"விருப்பங்கள்"},{"$i":"video-invalid-name","$v":"செல்லாத  பெயர்"},{"$i":"name-already-exists","$v":"இந்த பெயர் ஏற்கனவே உள்ளது"},{"$i":"override-warning-msg","$v":"ஏற்கனவே இருக்கும் ஃபைலில் நீங்கள் ஓவர்ரைட் செய்ய விரும்புகிறீர்களா?"},{"$i":"override","$v":"ஓவர்ரைடு"},{"$i":"opt-takevideo","$v":"கேமரா"},{"$i":"select","$v":"தேர்ந்தெடு"},{"$i":"opt-deselect","$v":"தேர்வுநீக்கு"},{"$i":"opt-delete","$v":"நீக்கு"},{"$i":"opt-rename","$v":"மறுபெயரிடு"},{"$i":"opt-selectmultiple","$v":"ஒன்றுக்கு மேற்பட்டதை தேர்ந்தெடு"},{"$i":"opt-fileinfo","$v":"ஃபைல் தகவல்"},{"$i":"opt-selectall","$v":"எல்லாம்"},{"$i":"opt-deselectall","$v":"எதுவுமில்லை"},{"$i":"opt-fullscreen","$v":"ஃபுல் ஸ்கிரீன்"},{"$i":"opt-play","$v":"இயக்கு"},{"$i":"opt-pause","$v":"இடைநிறுத்து"},{"$i":"opt-volume","$v":"வால்யூம்"},{"$i":"opt-rotate","$v":"சுழற்று"},{"$i":"opt-cancel","$v":"ரத்து செய்க"},{"$i":"opt-settings","$v":"செட்டிங்ஸ்"},{"$i":"weekday-0-long","$v":"ஞாயிறுக்கிழமை"},{"$i":"weekday-1-long","$v":"திங்கள்"},{"$i":"weekday-2-long","$v":"செவ்வாய்க்கிழமை"},{"$i":"weekday-3-long","$v":"புதன்கிழமை"},{"$i":"weekday-4-long","$v":"வியாழக்கிழமை"},{"$i":"weekday-5-long","$v":"வெள்ளி"},{"$i":"weekday-6-long","$v":"சனிக்கிழமை"},{"$i":"weekday-0-short","$v":"ஞாயிறுக்கிழமை"},{"$i":"weekday-1-short","$v":"திங்கள்"},{"$i":"weekday-2-short","$v":"செவ்வாய்க்கிழமை"},{"$i":"weekday-3-short","$v":"புதன்கிழமை"},{"$i":"weekday-4-short","$v":"வியாழன்"},{"$i":"weekday-5-short","$v":"வெள்ளி"},{"$i":"weekday-6-short","$v":"சனிக்கிழமை"},{"$i":"month-0-long","$v":"ஜனவரி"},{"$i":"month-1-long","$v":"பிப்ரவரி"},{"$i":"month-2-long","$v":"மார்ச்"},{"$i":"month-3-long","$v":"ஏப்ரல்"},{"$i":"month-4-long","$v":"மே"},{"$i":"month-5-long","$v":"ஜூன்"},{"$i":"month-6-long","$v":"ஜூலை"},{"$i":"month-7-long","$v":"ஆகஸ்ட்"},{"$i":"month-8-long","$v":"செப்டம்பர்"},{"$i":"month-9-long","$v":"அக்டோபர்"},{"$i":"month-10-long","$v":"நவம்பர்"},{"$i":"month-11-long","$v":"டிசம்பர்"},{"$i":"month-0-genitive","$v":"ஜனவரி"},{"$i":"month-1-genitive","$v":"பிப்ரவரி"},{"$i":"month-2-genitive","$v":"மார்ச்"},{"$i":"month-3-genitive","$v":"ஏப்ரல்"},{"$i":"month-4-genitive","$v":"மே"},{"$i":"month-5-genitive","$v":"ஜூன்"},{"$i":"month-6-genitive","$v":"ஜூலை"},{"$i":"month-7-genitive","$v":"ஆகஸ்ட்"},{"$i":"month-8-genitive","$v":"செப்டம்பர்"},{"$i":"month-9-genitive","$v":"அக்டோபர்"},{"$i":"month-10-genitive","$v":"நவம்பர்"},{"$i":"month-11-genitive","$v":"டிசம்பர்"},{"$i":"month-0-short","$v":"ஜனவரி"},{"$i":"month-1-short","$v":"பிப்ரவரி"},{"$i":"month-2-short","$v":"மார்ச்"},{"$i":"month-3-short","$v":"ஏப்ரல்"},{"$i":"month-4-short","$v":"மே"},{"$i":"month-5-short","$v":"ஜூன்"},{"$i":"month-6-short","$v":"ஜூலை"},{"$i":"month-7-short","$v":"ஆகஸ்ட்"},{"$i":"month-8-short","$v":"செப்டம்பர்"},{"$i":"month-9-short","$v":"அக்டோபர்"},{"$i":"month-10-short","$v":"நவம்பர்"},{"$i":"month-11-short","$v":"டிசம்பர்"},{"$i":"minutes-ago-long","$v":{"few":[{"t":"idOrVar","v":"value"}," நிமிடங்களுக்கு முன்பு"],"many":[{"t":"idOrVar","v":"value"}," நிமிடங்களுக்கு முன்பு"],"one":"ஒரு நிமிடம் முன்பாக","other":[{"t":"idOrVar","v":"value"}," நிமிடங்களுக்கு முன்பு"],"two":[{"t":"idOrVar","v":"value"}," நிமிடங்களுக்கு முன்பு"],"zero":"இப்போது தான்"},"$x":[{"t":"idOrVar","v":"plural"},"value"]},{"$i":"hours-ago-long","$v":{"few":[{"t":"idOrVar","v":"value"}," மணிநேரங்களுக்கு முன்பு"],"many":[{"t":"idOrVar","v":"value"}," மணிநேரங்களுக்கு முன்பு"],"one":"ஒரு மணிநேரம் முன்பாக","other":[{"t":"idOrVar","v":"value"}," மணிநேரங்களுக்கு முன்பு"],"two":[{"t":"idOrVar","v":"value"}," மணிநேரங்களுக்கு முன்பு"],"zero":"இப்போது தான்"},"$x":[{"t":"idOrVar","v":"plural"},"value"]},{"$i":"days-ago-long","$v":{"few":[{"t":"idOrVar","v":"value"}," நாட்களுக்கு முன்பு"],"many":[{"t":"idOrVar","v":"value"}," நாட்களுக்கு முன்பு"],"one":"நேற்று","other":[{"t":"idOrVar","v":"value"}," நாட்களுக்கு முன்பு"],"two":[{"t":"idOrVar","v":"value"}," நாட்களுக்கு முன்பு"],"zero":"இன்று"},"$x":[{"t":"idOrVar","v":"plural"},"value"]},{"$i":"weeks-ago-long","$v":{"few":[{"t":"idOrVar","v":"value"}," வாரங்களுக்கு முன்பு"],"many":[{"t":"idOrVar","v":"value"}," வாரங்களுக்கு முன்பு"],"one":"கடந்த வாரம்","other":[{"t":"idOrVar","v":"value"}," வாரங்களுக்கு முன்பு"],"two":[{"t":"idOrVar","v":"value"}," வாரங்களுக்கு முன்பு"],"zero":"இந்த வாரம்"},"$x":[{"t":"idOrVar","v":"plural"},"value"]},{"$i":"months-ago-long","$v":{"few":[{"t":"idOrVar","v":"value"}," மாதங்களுக்கு முன்பு"],"many":[{"t":"idOrVar","v":"value"}," மாதங்களுக்கு முன்பு"],"one":"கடந்த மாதம்","other":[{"t":"idOrVar","v":"value"}," மாதங்களுக்கு முன்பு"],"two":[{"t":"idOrVar","v":"value"}," மாதங்களுக்கு முன்பு"],"zero":"இந்த மாதம்"},"$x":[{"t":"idOrVar","v":"plural"},"value"]},{"$i":"years-ago-long","$v":{"few":[{"t":"idOrVar","v":"value"}," வருடங்களுக்கு முன்பு"],"many":[{"t":"idOrVar","v":"value"}," வருடங்களுக்கு முன்பு"],"one":"கடந்த வருடம்","other":[{"t":"idOrVar","v":"value"}," வருடங்களுக்கு முன்பு"],"two":[{"t":"idOrVar","v":"value"}," வருடங்களுக்கு முன்பு"],"zero":"இந்த வருடம்"},"$x":[{"t":"idOrVar","v":"plural"},"value"]},{"$i":"minutes-until-long","$v":{"few":[{"t":"idOrVar","v":"value"}," நிமிடங்களில்"],"many":[{"t":"idOrVar","v":"value"}," நிமிடங்களில்"],"one":"ஒரு நிமிடத்தில்","other":[{"t":"idOrVar","v":"value"}," நிமிடங்களில்"],"two":[{"t":"idOrVar","v":"value"}," நிமிடங்களில்"],"zero":"இப்போதே"},"$x":[{"t":"idOrVar","v":"plural"},"value"]},{"$i":"hours-until-long","$v":{"few":[{"t":"idOrVar","v":"value"}," மணிநேரங்களில்"],"many":[{"t":"idOrVar","v":"value"}," மணிநேரங்களில்"],"one":"ஒரு மணிநேரத்தில்","other":[{"t":"idOrVar","v":"value"}," மணிநேரங்களில்"],"two":[{"t":"idOrVar","v":"value"}," மணிநேரங்களில்"],"zero":"இப்போதே"},"$x":[{"t":"idOrVar","v":"plural"},"value"]},{"$i":"days-until-long","$v":{"few":[{"t":"idOrVar","v":"value"}," நாட்களில்"],"many":[{"t":"idOrVar","v":"value"}," நாட்களில்"],"one":"நாளை","other":[{"t":"idOrVar","v":"value"}," நாட்களில்"],"two":[{"t":"idOrVar","v":"value"}," நாட்களில்"],"zero":"இன்று"},"$x":[{"t":"idOrVar","v":"plural"},"value"]},{"$i":"weeks-until-long","$v":{"few":[{"t":"idOrVar","v":"value"}," வாரங்களில்"],"many":[{"t":"idOrVar","v":"value"}," வாரங்களில்"],"one":"அடுத்த வாரம்","other":[{"t":"idOrVar","v":"value"}," வாரங்களில்"],"two":[{"t":"idOrVar","v":"value"}," வாரங்களில்"],"zero":"இந்த வாரம்"},"$x":[{"t":"idOrVar","v":"plural"},"value"]},{"$i":"months-until-long","$v":{"few":[{"t":"idOrVar","v":"value"}," மாதங்களில்"],"many":[{"t":"idOrVar","v":"value"}," மாதங்களில்"],"one":"அடுத்த மாதம்","other":[{"t":"idOrVar","v":"value"}," மாதங்களில்"],"two":[{"t":"idOrVar","v":"value"}," மாதங்களில்"],"zero":"இந்த மாதம்"},"$x":[{"t":"idOrVar","v":"plural"},"value"]},{"$i":"years-until-long","$v":{"few":[{"t":"idOrVar","v":"value"}," வருடங்களில்"],"many":[{"t":"idOrVar","v":"value"}," வருடங்களில்"],"one":"அடுத்த ஆண்டு","other":[{"t":"idOrVar","v":"value"}," வருடங்களில்"],"two":[{"t":"idOrVar","v":"value"}," வருடங்களில்"],"zero":"இந்த வருடம்"},"$x":[{"t":"idOrVar","v":"plural"},"value"]},{"$i":"minutes-ago-short","$v":{"other":[{"t":"idOrVar","v":"value"},"நிமிடம் முன்பு"],"zero":"இப்போது தான்"},"$x":[{"t":"idOrVar","v":"plural"},"value"]},{"$i":"hours-ago-short","$v":{"other":[{"t":"idOrVar","v":"value"},"மணிநேரம் முன்பு"],"zero":"இப்போது தான்"},"$x":[{"t":"idOrVar","v":"plural"},"value"]},{"$i":"days-ago-short","$v":{"other":[{"t":"idOrVar","v":"value"},"நாள் முன்பு"],"zero":"இன்று"},"$x":[{"t":"idOrVar","v":"plural"},"value"]},{"$i":"minutes-until-short","$v":{"other":[{"t":"idOrVar","v":"value"},"நிமிடத்தில்"],"zero":"இப்போதே"},"$x":[{"t":"idOrVar","v":"plural"},"value"]},{"$i":"hours-until-short","$v":{"other":[{"t":"idOrVar","v":"value"},"மணிநேரத்தில்"],"zero":"இப்போதே"},"$x":[{"t":"idOrVar","v":"plural"},"value"]},{"$i":"days-until-short","$v":{"other":[{"t":"idOrVar","v":"value"},"நாள் இல்"],"zero":"இன்று"},"$x":[{"t":"idOrVar","v":"plural"},"value"]},{"$i":"incorrectDate","$v":"(தவறான தேதி)"},{"$i":"dateTimeFormat_%c","$v":"%a %b %e %Y %I:%M:%S %p"},{"$i":"dateTimeFormat_%x","$v":"%m/%d/%Y"},{"$i":"dateTimeFormat_%X","$v":"%I:%M:%S %p"},{"$i":"shortTimeFormat","$v":"%I:%M %p"},{"$i":"shortTimeFormat12","$v":"%I:%M %p"},{"$i":"shortTimeFormat24","$v":"%H:%M"},{"$i":"shortDateTimeFormat","$v":"%x %I:%M %p"},{"$i":"weekStartsOnMonday","$v":"0.0"},{"$i":"firstDayOfTheWeek","$v":"0.0"},{"$i":"time_am","$v":"AM"},{"$i":"time_pm","$v":"PM"},{"$i":"softkey-options","$v":"விருப்பங்கள்"}]