[{"$i":"done","$v":"Тайёр"},{"$i":"number-selected2","$v":{"few":[{"t":"idOrVar","v":"n"}," та танланди"],"many":[{"t":"idOrVar","v":"n"}," та танланди"],"one":[{"t":"idOrVar","v":"n"}," та танланди"],"other":[{"t":"idOrVar","v":"n"}," та танланди"],"two":[{"t":"idOrVar","v":"n"}," та танланди"],"zero":[{"t":"idOrVar","v":"n"}," та танланди"]},"$x":[{"t":"idOrVar","v":"plural"},"n"]},{"$i":"delete-n-items?","$v":{"few":[{"t":"idOrVar","v":"n"}," та видео ўчирилсинми?"],"many":[{"t":"idOrVar","v":"n"}," та видео ўчирилсинми?"],"one":"Танланган видео ўчирилсинми?","other":[{"t":"idOrVar","v":"n"}," та видео ўчирилсинми?"],"two":[{"t":"idOrVar","v":"n"}," та видео ўчирилсинми?"],"zero":"Ҳеч нарса танланмади"},"$x":[{"t":"idOrVar","v":"plural"},"n"]},{"$i":"not-load-video-time","$v":"--:--"},{"$i":"video-time-num","$v":["0",{"t":"idOrVar","v":"num"}]},{"$i":"video-time-minute","$v":[{"t":"idOrVar","v":"owe"},{"t":"idOrVar","v":"m"},":",{"t":"idOrVar","v":"s"}]},{"$i":"video-time-hour","$v":[{"t":"idOrVar","v":"owe"},{"t":"idOrVar","v":"h"},":",{"t":"idOrVar","v":"m"},":",{"t":"idOrVar","v":"s"}]},{"$i":"share-noprovider","$v":"Видеони битталаб улашинг."},{"$i":"videos","$v":"Видеолар"},{"$i":"cancel","$v":"Бекор"},{"$i":"delete-video?","$v":"Танланган видео ўчирилсинми?"},{"$i":"empty-title","$v":"Бошлаш учун видео қўшинг"},{"$i":"empty-text","$v":"Ҳеч қандай видео йўқ."},{"$i":"empty-content","$v":"Видео қайд қилинмаган. Бошлаш учун камерадан фойдаланинг."},{"$i":"search-title","$v":"Излаш"},{"$i":"search-content","$v":"Излаш"},{"$i":"nocard2-title","$v":"Хотира картаси топилмади"},{"$i":"nocard3-text","$v":"Хотира картаси топилмади. Видеога олиш учун хотира картаси солинг."},{"$i":"pluggedin-title","$v":"Уланганида видео ижро этилмайди"},{"$i":"pluggedin-text","$v":"Хотира банд. Видеога олиш учун телефонни узинг."},{"$i":"upgrade-title","$v":"Омборни янгилаш"},{"$i":"upgrade-text","$v":"Видео омбори янгиланишини кутинг."},{"$i":"confirm-delete","$v":"Ҳақиқатан ҳам буни ўчирасизми:"},{"$i":"pick-title","$v":"Видео танланг"},{"$i":"save","$v":"Сақлаш"},{"$i":"saved","$v":"видеокутубхонага сақ-ди."},{"$i":"save-failed","$v":"Видеони сақлаш имконсиз, кейинроқ қайта урининг."},{"$i":"error-network","$v":"Тармоқ алоқаси туфайли видео юклаб олинмади."},{"$i":"error-unsupported","$v":"Видео ижро этилмайди: сервер ёки тармоқ ишламади ёки формати номаълум."},{"$i":"error-unknown","$v":"Видеода номаълум хато."},{"$i":"video-hardware-in-use-title","$v":"Видеони ижро қилиб бўлмайди"},{"$i":"video-hardware-in-use-text","$v":"Видео плеерни бош. дастур ишл-да."},{"$i":"overlay-cancel-button","$v":"Бекор"},{"$i":"overlay-camera-button","$v":"Камерага ўтиш"},{"$i":"sd-storage-full-header","$v":"SD карта тўлган."},{"$i":"sd-storage-full-content","$v":"Жой бўшатиш учун SD картадаги файлларни ўчиринг."},{"$i":"phone-storage-full-header","$v":"Телефон хотираси тўлган."},{"$i":"phone-storage-full-content","$v":"Жой бўшатиш учун мултимедиа файллари ёки илова маълумотларини ўчиринг. Қурилма хотирасини кенгайтириш учун SD карта ўрнатишингиз ҳам мумкин."},{"$i":"name-label","$v":"Номи"},{"$i":"length-label","$v":"Узунлиги"},{"$i":"size-label","$v":"Ҳажми"},{"$i":"video-type-label","$v":"Видео тури"},{"$i":"date-taken-label","$v":"Олинган сана"},{"$i":"resolution-label","$v":"Пикселлар сиғими"},{"$i":"close-button","$v":"Ёпиш"},{"$i":"byteUnit-B","$v":"Байт"},{"$i":"byteUnit-KB","$v":"КБ"},{"$i":"byteUnit-MB","$v":"МБ"},{"$i":"byteUnit-GB","$v":"ГБ"},{"$i":"byteUnit-TB","$v":"TB"},{"$i":"byteUnit-PB","$v":"PB"},{"$i":"byteUnit-EB","$v":"EB"},{"$i":"byteUnit-ZB","$v":"ЗБ"},{"$i":"byteUnit-YB","$v":"ТЙ"},{"$i":"date-group-header","$v":"%B %Y"},{"$i":"share","$v":"Баҳам кўриш"},{"$i":"more-info","$v":"Батафсил"},{"$i":"delete","$v":"Ўчириш"},{"$i":"video-button","ariaLabel":"Видео"},{"$i":"select-button","ariaLabel":"Танлаш"},{"$i":"delete-button","ariaLabel":"Ўчириш"},{"$i":"share-button","ariaLabel":"Баҳам кўриш"},{"$i":"info-view","ariaLabel":"Маълумот"},{"$i":"options-view","ariaLabel":"Параметрлар"},{"$i":"confirm-dialog","ariaLabel":"Тасдиқлаш"},{"$i":"videos-list","ariaLabel":"Видеолар"},{"$i":"options-more","ariaLabel":"Яна"},{"$i":"seek-backward","ariaLabel":"Орқага ўтказиш"},{"$i":"seek-bar","ariaLabel":["Ўтказиш панели, давом ",{"t":"idOrVar","v":"duration"}]},{"$i":"seek-forward","ariaLabel":"Олдинга"},{"$i":"play-button","ariaLabel":"Ижро"},{"$i":"pause-button","ariaLabel":"Пауза"},{"$i":"fullscreen-button","ariaLabel":"Тўлиқ экран"},{"$i":"show-controls-button","ariaLabel":"Тугмаларни кўрсатиш"},{"$i":"hide-controls-button","ariaLabel":"Тугмаларни яшириш"},{"$i":"confirmation-title","$v":"Тасдиқ"},{"$i":"n-video-deleted","$v":{"few":[{"t":"idOrVar","v":"n"}," та видео ўчирилди"],"many":[{"t":"idOrVar","v":"n"}," та видео ўчирилди"],"one":"Видео ўчирилди","other":[{"t":"idOrVar","v":"n"}," та видео ўчирилди"],"two":[{"t":"idOrVar","v":"n"}," та видео ўчирилди"],"zero":"Ҳеч нарса танланмади"},"$x":[{"t":"idOrVar","v":"plural"},"n"]},{"$i":"rename-saved","$v":"Ўзгаришлар сақланди"},{"$i":"confirm-video","$v":"Видео"},{"$i":"confirm-ok","$v":"OK"},{"$i":"options-header","$v":"Параметрлар"},{"$i":"video-invalid-name","$v":"Ном хато"},{"$i":"name-already-exists","$v":"Бундай ном аллақачон мавжуд"},{"$i":"override-warning-msg","$v":"Мавжуд файл устидан ёзасизми?"},{"$i":"override","$v":"Устун қўйиш"},{"$i":"opt-takevideo","$v":"Видео олиш"},{"$i":"select","$v":"Танлаш"},{"$i":"opt-deselect","$v":"Қайтариш"},{"$i":"opt-delete","$v":"Ўчириш"},{"$i":"opt-rename","$v":"Қайта номлаш"},{"$i":"opt-selectmultiple","$v":"Бир нечтасини танлаш"},{"$i":"opt-fileinfo","$v":"Файл маълумоти"},{"$i":"opt-selectall","$v":"Ҳаммасини танлаш"},{"$i":"opt-deselectall","$v":"Барч-н белгини ўч-ш"},{"$i":"opt-fullscreen","$v":"Тўлиқ экран"},{"$i":"opt-play","$v":"Ижро"},{"$i":"opt-pause","$v":"Пауза"},{"$i":"opt-volume","$v":"Товуш баландлиги"},{"$i":"opt-rotate","$v":"Айлантириш"},{"$i":"opt-cancel","$v":"Бекор қилиш"},{"$i":"opt-settings","$v":"Созламалар"},{"$i":"weekday-0-long","$v":"Якшанба"},{"$i":"weekday-1-long","$v":"Душанба"},{"$i":"weekday-2-long","$v":"Сешанба"},{"$i":"weekday-3-long","$v":"Чоршанба"},{"$i":"weekday-4-long","$v":"Пайшанба"},{"$i":"weekday-5-long","$v":"Жума"},{"$i":"weekday-6-long","$v":"Шанба"},{"$i":"weekday-0-short","$v":"Якш"},{"$i":"weekday-1-short","$v":"Душ"},{"$i":"weekday-2-short","$v":"Сеш"},{"$i":"weekday-3-short","$v":"Чор"},{"$i":"weekday-4-short","$v":"Пай"},{"$i":"weekday-5-short","$v":"Жум"},{"$i":"weekday-6-short","$v":"Шан"},{"$i":"month-0-long","$v":"Январ"},{"$i":"month-1-long","$v":"Феврал"},{"$i":"month-2-long","$v":"Март"},{"$i":"month-3-long","$v":"Апрель"},{"$i":"month-4-long","$v":"Май"},{"$i":"month-5-long","$v":"Июн"},{"$i":"month-6-long","$v":"Июл"},{"$i":"month-7-long","$v":"Август"},{"$i":"month-8-long","$v":"Сентябр"},{"$i":"month-9-long","$v":"Октябр"},{"$i":"month-10-long","$v":"Ноябр"},{"$i":"month-11-long","$v":"Декабр"},{"$i":"month-0-genitive","$v":"Январь"},{"$i":"month-1-genitive","$v":"Февраль"},{"$i":"month-2-genitive","$v":"Март"},{"$i":"month-3-genitive","$v":"Апрель"},{"$i":"month-4-genitive","$v":"Май"},{"$i":"month-5-genitive","$v":"Июнь"},{"$i":"month-6-genitive","$v":"Июль"},{"$i":"month-7-genitive","$v":"Август"},{"$i":"month-8-genitive","$v":"Сентябрь"},{"$i":"month-9-genitive","$v":"Октябрь"},{"$i":"month-10-genitive","$v":"Ноябрь"},{"$i":"month-11-genitive","$v":"Декабрь"},{"$i":"month-0-short","$v":"Янв"},{"$i":"month-1-short","$v":"Фев"},{"$i":"month-2-short","$v":"Мар"},{"$i":"month-3-short","$v":"Апр"},{"$i":"month-4-short","$v":"Май"},{"$i":"month-5-short","$v":"Июн"},{"$i":"month-6-short","$v":"Июл"},{"$i":"month-7-short","$v":"Авг"},{"$i":"month-8-short","$v":"Сен"},{"$i":"month-9-short","$v":"Окт"},{"$i":"month-10-short","$v":"Ноя"},{"$i":"month-11-short","$v":"Дек"},{"$i":"minutes-ago-long","$v":{"few":[{"t":"idOrVar","v":"value"}," дақиқа олдин"],"many":[{"t":"idOrVar","v":"value"}," дақиқа олдин"],"one":"бир дақиқа аввал","other":[{"t":"idOrVar","v":"value"}," дақиқа олдин"],"two":[{"t":"idOrVar","v":"value"}," дақиқа олдин"],"zero":"ҳозиргина"},"$x":[{"t":"idOrVar","v":"plural"},"value"]},{"$i":"hours-ago-long","$v":{"few":[{"t":"idOrVar","v":"value"}," соат олдин"],"many":[{"t":"idOrVar","v":"value"}," соат олдин"],"one":"бир соат олдин","other":[{"t":"idOrVar","v":"value"}," соат олдин"],"two":[{"t":"idOrVar","v":"value"}," соат олдин"],"zero":"ҳозиргина"},"$x":[{"t":"idOrVar","v":"plural"},"value"]},{"$i":"days-ago-long","$v":{"few":[{"t":"idOrVar","v":"value"}," кун олдин"],"many":[{"t":"idOrVar","v":"value"}," кун олдин"],"one":"кеча","other":[{"t":"idOrVar","v":"value"}," кун олдин"],"two":[{"t":"idOrVar","v":"value"}," кун олдин"],"zero":"бугун"},"$x":[{"t":"idOrVar","v":"plural"},"value"]},{"$i":"weeks-ago-long","$v":{"few":[{"t":"idOrVar","v":"value"}," ҳафта олдин"],"many":[{"t":"idOrVar","v":"value"}," ҳафта олдин"],"one":"ўтган ҳафта","other":[{"t":"idOrVar","v":"value"}," ҳафта олдин"],"two":[{"t":"idOrVar","v":"value"}," ҳафта олдин"],"zero":"шу ҳафта"},"$x":[{"t":"idOrVar","v":"plural"},"value"]},{"$i":"months-ago-long","$v":{"few":[{"t":"idOrVar","v":"value"}," ой олдин"],"many":[{"t":"idOrVar","v":"value"}," ой олдин"],"one":"ўтган ой","other":[{"t":"idOrVar","v":"value"}," ой олдин"],"two":[{"t":"idOrVar","v":"value"}," ой олдин"],"zero":"бу ой"},"$x":[{"t":"idOrVar","v":"plural"},"value"]},{"$i":"years-ago-long","$v":{"few":[{"t":"idOrVar","v":"value"}," йил олдин"],"many":[{"t":"idOrVar","v":"value"}," йил олдин"],"one":"ўтган йил","other":[{"t":"idOrVar","v":"value"}," йил олдин"],"two":[{"t":"idOrVar","v":"value"}," йил олдин"],"zero":"шу йил"},"$x":[{"t":"idOrVar","v":"plural"},"value"]},{"$i":"minutes-until-long","$v":{"few":[{"t":"idOrVar","v":"value"}," дақиқада"],"many":[{"t":"idOrVar","v":"value"}," дақиқада"],"one":"бир дақиқада","other":[{"t":"idOrVar","v":"value"}," дақиқада"],"two":[{"t":"idOrVar","v":"value"}," дақиқада"],"zero":"ҳозир"},"$x":[{"t":"idOrVar","v":"plural"},"value"]},{"$i":"hours-until-long","$v":{"few":[{"t":"idOrVar","v":"value"}," соатда"],"many":[{"t":"idOrVar","v":"value"}," соатда"],"one":"бир соатда","other":[{"t":"idOrVar","v":"value"}," соатда"],"two":[{"t":"idOrVar","v":"value"}," соатда"],"zero":"ҳозир"},"$x":[{"t":"idOrVar","v":"plural"},"value"]},{"$i":"days-until-long","$v":{"few":[{"t":"idOrVar","v":"value"}," кунда"],"many":[{"t":"idOrVar","v":"value"}," кунда"],"one":"эртага","other":[{"t":"idOrVar","v":"value"}," кунда"],"two":[{"t":"idOrVar","v":"value"}," кунда"],"zero":"бугун"},"$x":[{"t":"idOrVar","v":"plural"},"value"]},{"$i":"weeks-until-long","$v":{"few":[{"t":"idOrVar","v":"value"}," ҳафтада"],"many":[{"t":"idOrVar","v":"value"}," ҳафтада"],"one":"кейинги ҳафта","other":[{"t":"idOrVar","v":"value"}," ҳафтада"],"two":[{"t":"idOrVar","v":"value"}," ҳафтада"],"zero":"шу ҳафта"},"$x":[{"t":"idOrVar","v":"plural"},"value"]},{"$i":"months-until-long","$v":{"few":[{"t":"idOrVar","v":"value"}," ойда"],"many":[{"t":"idOrVar","v":"value"}," ойда"],"one":"кейинги ой","other":[{"t":"idOrVar","v":"value"}," ойда"],"two":[{"t":"idOrVar","v":"value"}," ойда"],"zero":"бу ой"},"$x":[{"t":"idOrVar","v":"plural"},"value"]},{"$i":"years-until-long","$v":{"few":[{"t":"idOrVar","v":"value"}," йилда"],"many":[{"t":"idOrVar","v":"value"}," йилда"],"one":"кейинги йил","other":[{"t":"idOrVar","v":"value"}," йилда"],"two":[{"t":"idOrVar","v":"value"}," йилда"],"zero":"шу йил"},"$x":[{"t":"idOrVar","v":"plural"},"value"]},{"$i":"minutes-ago-short","$v":{"other":[{"t":"idOrVar","v":"value"},"д олдин"],"zero":"ҳозиргина"},"$x":[{"t":"idOrVar","v":"plural"},"value"]},{"$i":"hours-ago-short","$v":{"other":[{"t":"idOrVar","v":"value"},"с олдин"],"zero":"ҳозиргина"},"$x":[{"t":"idOrVar","v":"plural"},"value"]},{"$i":"days-ago-short","$v":{"other":[{"t":"idOrVar","v":"value"},"к олдин"],"zero":"бугун"},"$x":[{"t":"idOrVar","v":"plural"},"value"]},{"$i":"minutes-until-short","$v":{"other":[{"t":"idOrVar","v":"value"},"д"],"zero":"ҳозир"},"$x":[{"t":"idOrVar","v":"plural"},"value"]},{"$i":"hours-until-short","$v":{"other":[{"t":"idOrVar","v":"value"},"с"],"zero":"ҳозир"},"$x":[{"t":"idOrVar","v":"plural"},"value"]},{"$i":"days-until-short","$v":{"other":[{"t":"idOrVar","v":"value"},"к"],"zero":"бугун"},"$x":[{"t":"idOrVar","v":"plural"},"value"]},{"$i":"incorrectDate","$v":"(сана хато)"},{"$i":"dateTimeFormat_%c","$v":"%a %b %e %Y %I:%M:%S %p"},{"$i":"dateTimeFormat_%x","$v":"%m/%d/%Y"},{"$i":"dateTimeFormat_%X","$v":"%I:%M:%S %p"},{"$i":"shortTimeFormat","$v":"%I:%M %p"},{"$i":"shortTimeFormat12","$v":"%I:%M %p"},{"$i":"shortTimeFormat24","$v":"%H:%M"},{"$i":"shortDateTimeFormat","$v":"%x %I:%M %p"},{"$i":"weekStartsOnMonday","$v":"0.0"},{"$i":"firstDayOfTheWeek","$v":"1.0"},{"$i":"time_am","$v":"ТО"},{"$i":"time_pm","$v":"ТК"},{"$i":"softkey-options","$v":"Параметрлар"}]