[{"$i":"done","$v":"Đã xong"},{"$i":"number-selected2","$v":{"few":["Đã chọn ",{"t":"idOrVar","v":"n"}],"many":["Đã chọn ",{"t":"idOrVar","v":"n"}],"one":["Đã chọn ",{"t":"idOrVar","v":"n"}],"other":["Đã chọn ",{"t":"idOrVar","v":"n"}],"two":["Đã chọn ",{"t":"idOrVar","v":"n"}],"zero":["Đã chọn ",{"t":"idOrVar","v":"n"}]},"$x":[{"t":"idOrVar","v":"plural"},"n"]},{"$i":"delete-n-items?","$v":{"few":["Xóa ",{"t":"idOrVar","v":"n"}," video?"],"many":["Xóa ",{"t":"idOrVar","v":"n"}," video?"],"one":"Xóa video đã chọn?","other":["Xóa ",{"t":"idOrVar","v":"n"}," video?"],"two":["Xóa ",{"t":"idOrVar","v":"n"}," video?"],"zero":"Không chọn mục nào"},"$x":[{"t":"idOrVar","v":"plural"},"n"]},{"$i":"not-load-video-time","$v":"--:--"},{"$i":"video-time-num","$v":["0",{"t":"idOrVar","v":"num"}]},{"$i":"video-time-minute","$v":[{"t":"idOrVar","v":"owe"},{"t":"idOrVar","v":"m"},":",{"t":"idOrVar","v":"s"}]},{"$i":"video-time-hour","$v":[{"t":"idOrVar","v":"owe"},{"t":"idOrVar","v":"h"},":",{"t":"idOrVar","v":"m"},":",{"t":"idOrVar","v":"s"}]},{"$i":"share-noprovider","$v":"Thử chia sẻ một video mỗi lần."},{"$i":"videos","$v":"Video"},{"$i":"cancel","$v":"Hủy"},{"$i":"delete-video?","$v":"Xóa video đã chọn?"},{"$i":"empty-title","$v":"Thêm tập tin để bắt đầu"},{"$i":"empty-text","$v":"Không có video khả dụng."},{"$i":"empty-content","$v":"Video trống. Hãy sử dụng camera để bắt đầu."},{"$i":"search-title","$v":"Đang quét tìm video..."},{"$i":"search-content","$v":"Đang quét tìm video..."},{"$i":"nocard2-title","$v":"Không tìm thấy thẻ nhớ"},{"$i":"nocard3-text","$v":"Không tìm thấy thẻ nhớ. Vui lòng lắp thẻ nhớ để quay video."},{"$i":"pluggedin-title","$v":"Không thể xem video trong khi cắm điện thoại"},{"$i":"pluggedin-text","$v":"Hiện đang dùng bộ lưu trữ. Vui lòng ngắt điện thoại để quay video."},{"$i":"upgrade-title","$v":"Nâng cấp Cơ sở dữ liệu"},{"$i":"upgrade-text","$v":"Vui lòng đợi trong khi Video cập nhật cơ sở dữ liệu."},{"$i":"confirm-delete","$v":"Bạn có chắc muốn xóa:"},{"$i":"pick-title","$v":"Chọn một video"},{"$i":"save","$v":"Lưu"},{"$i":"saved","$v":"lưu vào thư viện Video."},{"$i":"save-failed","$v":"Không thể lưu video, vui lòng thử lại."},{"$i":"error-network","$v":"Không thể tải video xuống bởi vì có lỗi mạng."},{"$i":"error-unsupported","$v":"Không thể phát video: do máy chủ hoặc mạng lỗi hoặc do định dạng không được hỗ trợ."},{"$i":"error-unknown","$v":"Lỗi video không xác định đã xảy ra."},{"$i":"video-hardware-in-use-title","$v":"Không thể phát video"},{"$i":"video-hardware-in-use-text","$v":"Một ứng dụng khác hiện đang sử dụng trình phát video."},{"$i":"overlay-cancel-button","$v":"Hủy"},{"$i":"overlay-camera-button","$v":"Đi đến Camera"},{"$i":"sd-storage-full-header","$v":"Thẻ SD Đầy"},{"$i":"sd-storage-full-content","$v":"Xóa các tập tin trong thẻ SD để giải phóng dung lượng trống."},{"$i":"phone-storage-full-header","$v":"Bộ nhớ điện thoại đã đầy."},{"$i":"phone-storage-full-content","$v":"Xóa tập tin phương tiện hoặc dữ liệu ứng dụng để giải phóng dung lượng trống. Bạn cũng có thể lắp thẻ SD để mở rộng bộ nhớ phương tiện."},{"$i":"name-label","$v":"Tên"},{"$i":"length-label","$v":"Độ dài"},{"$i":"size-label","$v":"Kích cỡ"},{"$i":"video-type-label","$v":"Loại Video"},{"$i":"date-taken-label","$v":"Ngày Chụp"},{"$i":"resolution-label","$v":"Độ phân giải"},{"$i":"close-button","$v":"Đóng"},{"$i":"byteUnit-B","$v":"Byte"},{"$i":"byteUnit-KB","$v":"KB"},{"$i":"byteUnit-MB","$v":"MB"},{"$i":"byteUnit-GB","$v":"GB"},{"$i":"byteUnit-TB","$v":"TB"},{"$i":"byteUnit-PB","$v":"PB"},{"$i":"byteUnit-EB","$v":"EB"},{"$i":"byteUnit-ZB","$v":"ZB"},{"$i":"byteUnit-YB","$v":"YB"},{"$i":"date-group-header","$v":"%B %Y"},{"$i":"share","$v":"Chia sẻ"},{"$i":"more-info","$v":"Thông tin khác"},{"$i":"delete","$v":"Xóa"},{"$i":"video-button","ariaLabel":"Video"},{"$i":"select-button","ariaLabel":"Chọn"},{"$i":"delete-button","ariaLabel":"Xóa"},{"$i":"share-button","ariaLabel":"Chia sẻ"},{"$i":"info-view","ariaLabel":"Thông tin"},{"$i":"options-view","ariaLabel":"Tùy chọn"},{"$i":"confirm-dialog","ariaLabel":"Xác nhận"},{"$i":"videos-list","ariaLabel":"Video"},{"$i":"options-more","ariaLabel":"Thêm"},{"$i":"seek-backward","ariaLabel":"Tìm kiếm lùi"},{"$i":"seek-bar","ariaLabel":["Thanh tìm kiếm, thời gian ",{"t":"idOrVar","v":"duration"}]},{"$i":"seek-forward","ariaLabel":"Tìm kiếm tiến"},{"$i":"play-button","ariaLabel":"Phát"},{"$i":"pause-button","ariaLabel":"Tạm dừng"},{"$i":"fullscreen-button","ariaLabel":"Toàn màn hình"},{"$i":"show-controls-button","ariaLabel":"Hiển thị các điều khiển"},{"$i":"hide-controls-button","ariaLabel":"Ẩn các điều khiển"},{"$i":"confirmation-title","$v":"Xác nhận"},{"$i":"n-video-deleted","$v":{"few":[{"t":"idOrVar","v":"n"}," video đã xóa"],"many":[{"t":"idOrVar","v":"n"}," video đã xóa"],"one":"Đã xóa video","other":[{"t":"idOrVar","v":"n"}," video đã xóa"],"two":[{"t":"idOrVar","v":"n"}," video đã xóa"],"zero":"Không chọn mục nào"},"$x":[{"t":"idOrVar","v":"plural"},"n"]},{"$i":"rename-saved","$v":"Đã lưu các thay đổi"},{"$i":"confirm-video","$v":"Video"},{"$i":"confirm-ok","$v":"OK"},{"$i":"options-header","$v":"Tùy chọn"},{"$i":"video-invalid-name","$v":"Tên Không hợp lệ"},{"$i":"name-already-exists","$v":"Tên này đã tồn tại"},{"$i":"override-warning-msg","$v":"Bạn có muốn ghi đè lên tập tin hiện tại?"},{"$i":"override","$v":"Ghi đè"},{"$i":"opt-takevideo","$v":"Camera"},{"$i":"select","$v":"Chọn"},{"$i":"opt-deselect","$v":"Bỏ chọn"},{"$i":"opt-delete","$v":"Xóa"},{"$i":"opt-rename","$v":"Đổi tên"},{"$i":"opt-selectmultiple","$v":"Đa Lựa chọn"},{"$i":"opt-fileinfo","$v":"Thông tin Tập tin"},{"$i":"opt-selectall","$v":"Tất cả"},{"$i":"opt-deselectall","$v":"Không có"},{"$i":"opt-fullscreen","$v":"Toàn Màn hình"},{"$i":"opt-play","$v":"Phát"},{"$i":"opt-pause","$v":"Tạm dừng"},{"$i":"opt-volume","$v":"Âm lượng"},{"$i":"opt-rotate","$v":"Xoay"},{"$i":"opt-cancel","$v":"Hủy"},{"$i":"opt-settings","$v":"Cài đặt"},{"$i":"weekday-0-long","$v":"Chủ nhật"},{"$i":"weekday-1-long","$v":"Thứ Hai"},{"$i":"weekday-2-long","$v":"Thứ Ba"},{"$i":"weekday-3-long","$v":"Thứ Tư"},{"$i":"weekday-4-long","$v":"Thứ Năm"},{"$i":"weekday-5-long","$v":"Thứ Sáu"},{"$i":"weekday-6-long","$v":"Thứ Bảy"},{"$i":"weekday-0-short","$v":"CN"},{"$i":"weekday-1-short","$v":"Thứ 2"},{"$i":"weekday-2-short","$v":"Thứ 3"},{"$i":"weekday-3-short","$v":"Thứ 4"},{"$i":"weekday-4-short","$v":"Thứ 5"},{"$i":"weekday-5-short","$v":"Thứ 6"},{"$i":"weekday-6-short","$v":"Thứ 7"},{"$i":"month-0-long","$v":"Tháng 1"},{"$i":"month-1-long","$v":"Tháng 2"},{"$i":"month-2-long","$v":"Tháng 3"},{"$i":"month-3-long","$v":"Tháng 4"},{"$i":"month-4-long","$v":"Tháng 5"},{"$i":"month-5-long","$v":"Tháng 6"},{"$i":"month-6-long","$v":"Tháng 7"},{"$i":"month-7-long","$v":"Tháng 8"},{"$i":"month-8-long","$v":"Tháng 9"},{"$i":"month-9-long","$v":"Tháng 10"},{"$i":"month-10-long","$v":"Tháng 11"},{"$i":"month-11-long","$v":"Tháng 12"},{"$i":"month-0-genitive","$v":"Tháng 1"},{"$i":"month-1-genitive","$v":"Tháng 2"},{"$i":"month-2-genitive","$v":"Tháng 3"},{"$i":"month-3-genitive","$v":"Tháng 4"},{"$i":"month-4-genitive","$v":"Tháng 5"},{"$i":"month-5-genitive","$v":"Tháng 6"},{"$i":"month-6-genitive","$v":"Tháng 7"},{"$i":"month-7-genitive","$v":"Tháng 8"},{"$i":"month-8-genitive","$v":"Tháng 9"},{"$i":"month-9-genitive","$v":"Tháng 10"},{"$i":"month-10-genitive","$v":"Tháng 11"},{"$i":"month-11-genitive","$v":"Tháng 12"},{"$i":"month-0-short","$v":"Tháng 1"},{"$i":"month-1-short","$v":"Tháng 2"},{"$i":"month-2-short","$v":"Tháng 3"},{"$i":"month-3-short","$v":"Tháng 4"},{"$i":"month-4-short","$v":"Tháng 5"},{"$i":"month-5-short","$v":"Tháng 6"},{"$i":"month-6-short","$v":"Tháng 7"},{"$i":"month-7-short","$v":"Tháng 8"},{"$i":"month-8-short","$v":"Tháng 9"},{"$i":"month-9-short","$v":"Tháng 10"},{"$i":"month-10-short","$v":"Tháng 11"},{"$i":"month-11-short","$v":"Tháng 12"},{"$i":"minutes-ago-long","$v":{"few":[{"t":"idOrVar","v":"value"}," phút trước"],"many":[{"t":"idOrVar","v":"value"}," phút trước"],"one":"một phút trước","other":[{"t":"idOrVar","v":"value"}," phút trước"],"two":[{"t":"idOrVar","v":"value"}," phút trước"],"zero":"ngay bây giờ"},"$x":[{"t":"idOrVar","v":"plural"},"value"]},{"$i":"hours-ago-long","$v":{"few":[{"t":"idOrVar","v":"value"}," giờ trước"],"many":[{"t":"idOrVar","v":"value"}," giờ trước"],"one":"giờ trước","other":[{"t":"idOrVar","v":"value"}," giờ trước"],"two":[{"t":"idOrVar","v":"value"}," giờ trước"],"zero":"ngay bây giờ"},"$x":[{"t":"idOrVar","v":"plural"},"value"]},{"$i":"days-ago-long","$v":{"few":[{"t":"idOrVar","v":"value"}," ngày trước"],"many":[{"t":"idOrVar","v":"value"}," ngày trước"],"one":"hôm qua","other":[{"t":"idOrVar","v":"value"}," ngày trước"],"two":[{"t":"idOrVar","v":"value"}," ngày trước"],"zero":"hôm nay"},"$x":[{"t":"idOrVar","v":"plural"},"value"]},{"$i":"weeks-ago-long","$v":{"few":[{"t":"idOrVar","v":"value"}," tuần trước"],"many":[{"t":"idOrVar","v":"value"}," tuần trước"],"one":"tuần trước","other":[{"t":"idOrVar","v":"value"}," tuần trước"],"two":[{"t":"idOrVar","v":"value"}," tuần trước"],"zero":"tuần này"},"$x":[{"t":"idOrVar","v":"plural"},"value"]},{"$i":"months-ago-long","$v":{"few":[{"t":"idOrVar","v":"value"}," tháng trước"],"many":[{"t":"idOrVar","v":"value"}," tháng trước"],"one":"tháng trước","other":[{"t":"idOrVar","v":"value"}," tháng trước"],"two":[{"t":"idOrVar","v":"value"}," tháng trước"],"zero":"tháng này"},"$x":[{"t":"idOrVar","v":"plural"},"value"]},{"$i":"years-ago-long","$v":{"few":[{"t":"idOrVar","v":"value"}," năm trước"],"many":[{"t":"idOrVar","v":"value"}," năm trước"],"one":"năm ngoái","other":[{"t":"idOrVar","v":"value"}," năm trước"],"two":[{"t":"idOrVar","v":"value"}," năm trước"],"zero":"năm nay"},"$x":[{"t":"idOrVar","v":"plural"},"value"]},{"$i":"minutes-until-long","$v":{"few":["trong ",{"t":"idOrVar","v":"value"}," phút"],"many":["trong ",{"t":"idOrVar","v":"value"}," phút"],"one":"trong một phút","other":["trong ",{"t":"idOrVar","v":"value"}," phút"],"two":["trong ",{"t":"idOrVar","v":"value"}," phút"],"zero":"hiện tại"},"$x":[{"t":"idOrVar","v":"plural"},"value"]},{"$i":"hours-until-long","$v":{"few":["trong ",{"t":"idOrVar","v":"value"}," giờ"],"many":["trong ",{"t":"idOrVar","v":"value"}," giờ"],"one":"trong một giờ","other":["trong ",{"t":"idOrVar","v":"value"}," giờ"],"two":["trong ",{"t":"idOrVar","v":"value"}," giờ"],"zero":"hiện tại"},"$x":[{"t":"idOrVar","v":"plural"},"value"]},{"$i":"days-until-long","$v":{"few":["trong ",{"t":"idOrVar","v":"value"}," ngày"],"many":["trong ",{"t":"idOrVar","v":"value"}," ngày"],"one":"ngày mai","other":["trong ",{"t":"idOrVar","v":"value"}," ngày"],"two":["trong ",{"t":"idOrVar","v":"value"}," ngày"],"zero":"hôm nay"},"$x":[{"t":"idOrVar","v":"plural"},"value"]},{"$i":"weeks-until-long","$v":{"few":["trong ",{"t":"idOrVar","v":"value"}," tuần"],"many":["trong ",{"t":"idOrVar","v":"value"}," tuần"],"one":"tuần tới","other":["trong ",{"t":"idOrVar","v":"value"}," tuần"],"two":["trong ",{"t":"idOrVar","v":"value"}," tuần"],"zero":"tuần này"},"$x":[{"t":"idOrVar","v":"plural"},"value"]},{"$i":"months-until-long","$v":{"few":["trong ",{"t":"idOrVar","v":"value"}," tháng"],"many":["trong ",{"t":"idOrVar","v":"value"}," tháng"],"one":"tháng tiếp theo","other":["trong ",{"t":"idOrVar","v":"value"}," tháng"],"two":["trong ",{"t":"idOrVar","v":"value"}," tháng"],"zero":"tháng này"},"$x":[{"t":"idOrVar","v":"plural"},"value"]},{"$i":"years-until-long","$v":{"few":["trong ",{"t":"idOrVar","v":"value"}," năm"],"many":["trong ",{"t":"idOrVar","v":"value"}," năm"],"one":"năm tới","other":["trong ",{"t":"idOrVar","v":"value"}," năm"],"two":["trong ",{"t":"idOrVar","v":"value"}," năm"],"zero":"năm nay"},"$x":[{"t":"idOrVar","v":"plural"},"value"]},{"$i":"minutes-ago-short","$v":{"other":[{"t":"idOrVar","v":"value"}," tháng trước"],"zero":"ngay bây giờ"},"$x":[{"t":"idOrVar","v":"plural"},"value"]},{"$i":"hours-ago-short","$v":{"other":[{"t":"idOrVar","v":"value"}," giờ trước"],"zero":"ngay bây giờ"},"$x":[{"t":"idOrVar","v":"plural"},"value"]},{"$i":"days-ago-short","$v":{"other":[{"t":"idOrVar","v":"value"}," ngày trước"],"zero":"hôm nay"},"$x":[{"t":"idOrVar","v":"plural"},"value"]},{"$i":"minutes-until-short","$v":{"other":["trong ",{"t":"idOrVar","v":"value"},"m"],"zero":"hiện tại"},"$x":[{"t":"idOrVar","v":"plural"},"value"]},{"$i":"hours-until-short","$v":{"other":["trong ",{"t":"idOrVar","v":"value"}],"zero":"hiện tại"},"$x":[{"t":"idOrVar","v":"plural"},"value"]},{"$i":"days-until-short","$v":{"other":["in ",{"t":"idOrVar","v":"value"},"d"],"zero":"hôm nay"},"$x":[{"t":"idOrVar","v":"plural"},"value"]},{"$i":"incorrectDate","$v":"(ngày không chính xác)"},{"$i":"dateTimeFormat_%c","$v":"%a %b %e %Y %I:%M:%S %p"},{"$i":"dateTimeFormat_%x","$v":"%m/%d/%Y"},{"$i":"dateTimeFormat_%X","$v":"%I:%M:%S %p"},{"$i":"shortTimeFormat","$v":"%I:%M %p"},{"$i":"shortTimeFormat12","$v":"%I:%M %p"},{"$i":"shortTimeFormat24","$v":"%H:%M"},{"$i":"shortDateTimeFormat","$v":"%x %I:%M %p"},{"$i":"weekStartsOnMonday","$v":"0.0"},{"$i":"firstDayOfTheWeek","$v":"0.0"},{"$i":"time_am","$v":"AM"},{"$i":"time_pm","$v":"PM"},{"$i":"softkey-options","$v":"Tùy chọn"}]