[{"$i":"done","$v":"Ugqibile"},{"$i":"number-selected2","$v":{"few":[{"t":"idOrVar","v":"n"}," khethiweyo"],"many":[{"t":"idOrVar","v":"n"}," khethiweyo"],"one":[{"t":"idOrVar","v":"n"}," khethiweyo"],"other":[{"t":"idOrVar","v":"n"}," khethiweyo"],"two":[{"t":"idOrVar","v":"n"}," khethiweyo"],"zero":[{"t":"idOrVar","v":"n"}," khethiweyo"]},"$x":[{"t":"idOrVar","v":"plural"},"n"]},{"$i":"delete-n-items?","$v":{"few":["Cima ",{"t":"idOrVar","v":"n"}," ividiyo?"],"many":["Cima ",{"t":"idOrVar","v":"n"}," ividiyo?"],"one":"Cima ividiyo ekhethiweyo?","other":["Cima ",{"t":"idOrVar","v":"n"}," ividiyo?"],"two":["Cima ",{"t":"idOrVar","v":"n"}," ividiyo?"],"zero":"Akukhonto ikhethiweyo"},"$x":[{"t":"idOrVar","v":"plural"},"n"]},{"$i":"not-load-video-time","$v":"--:--"},{"$i":"video-time-num","$v":["0",{"t":"idOrVar","v":"num"}]},{"$i":"video-time-minute","$v":[{"t":"idOrVar","v":"owe"},{"t":"idOrVar","v":"m"},":",{"t":"idOrVar","v":"s"}]},{"$i":"video-time-hour","$v":[{"t":"idOrVar","v":"owe"},{"t":"idOrVar","v":"h"},":",{"t":"idOrVar","v":"m"},":",{"t":"idOrVar","v":"s"}]},{"$i":"share-noprovider","$v":"Zama ukwabelana ngevidiyo enye ngexesha."},{"$i":"videos","$v":"Iividiyo"},{"$i":"cancel","$v":"Rhoxisa"},{"$i":"delete-video?","$v":"Cima ividiyo ekhethiweyo?"},{"$i":"empty-title","$v":"Faka iividiyo ukuqala"},{"$i":"empty-text","$v":"Akukho zividiyo zifumanekayo."},{"$i":"empty-content","$v":"Igalari ayinanto. Sebenzisa ikhamera ukuqala."},{"$i":"search-title","$v":"Iyaskena"},{"$i":"search-content","$v":"Iyaskena"},{"$i":"nocard2-title","$v":"Akukho memori khadi ifumanekayo"},{"$i":"nocard3-text","$v":"Imemori khadi ayifunyanwa. Faka imemori khadi ukuthatha ividiyo."},{"$i":"pluggedin-title","$v":"Ividiyo ayinakudlalwa ngeli xesha iplagiwe"},{"$i":"pluggedin-text","$v":"Uvimba uyasetyenziswa okwangoku. Nceda ukhuphe ifowuni eplagini ukuze ufote iividiyo."},{"$i":"upgrade-title","$v":"Ukuphuculwa Kwedatha-bheyisi"},{"$i":"upgrade-text","$v":"Nceda linda ngelixa iVidiyo ihlaziywa kwisisele."},{"$i":"confirm-delete","$v":"Uqinisekile ufuna ukucima:"},{"$i":"pick-title","$v":"Khetha ividiyo"},{"$i":"save","$v":"Gcina"},{"$i":"saved","$v":"Igcinwe kwisisele seVidiyo."},{"$i":"save-failed","$v":"Ayikwazi ukulondoloza ividiyo, nceda uzame kwakhona."},{"$i":"error-network","$v":"Le vidiyo ayibanga nakukhutshelwa ngenxa yempazamo yenetwekhi."},{"$i":"error-unsupported","$v":"Ividiyo ayinakudlalwa: kuba iseva okanye inetwekhi ayiphumelelanga okanye kuba ifomathi ayixhaswa."},{"$i":"error-unknown","$v":"Impazamo engaziwayo yevidiyo yenzekile."},{"$i":"video-hardware-in-use-title","$v":"Ayikwazi ukudlala ividiyo"},{"$i":"video-hardware-in-use-text","$v":"Enye i-app isebenzisa isidlali sevidiyo"},{"$i":"overlay-cancel-button","$v":"Rhoxisa"},{"$i":"overlay-camera-button","$v":"Yiya Kwikhamera"},{"$i":"sd-storage-full-header","$v":"I-SD khadi igcwele."},{"$i":"sd-storage-full-content","$v":"Cima iifayile kwikhadi le-SD ukukhulula isikhala."},{"$i":"phone-storage-full-header","$v":"Uvumba wefowuni ugcwele"},{"$i":"phone-storage-full-content","$v":"Cima ifayile yeendaba okanye idatha yesicelo ukukhulula isikhala. Unokufaka kwakhona ikhadi le-SD ukwandisa ukugcinwa kweendaba."},{"$i":"name-label","$v":"Igama"},{"$i":"length-label","$v":"Ubude"},{"$i":"size-label","$v":"Umlinganiselo"},{"$i":"video-type-label","$v":"Uhlobo lwevidiyo"},{"$i":"date-taken-label","$v":"Umhla wokuthatha"},{"$i":"resolution-label","$v":"Isisombululo"},{"$i":"close-button","$v":"Vala"},{"$i":"byteUnit-B","$v":"Iibhayithi"},{"$i":"byteUnit-KB","$v":"iKB"},{"$i":"byteUnit-MB","$v":"iMB"},{"$i":"byteUnit-GB","$v":"GB"},{"$i":"byteUnit-TB","$v":"I-TB"},{"$i":"byteUnit-PB","$v":"PB"},{"$i":"byteUnit-EB","$v":"EB"},{"$i":"byteUnit-ZB","$v":"I-ZB"},{"$i":"byteUnit-YB","$v":"I-YB"},{"$i":"date-group-header","$v":"%B %Y"},{"$i":"share","$v":"Yabelana"},{"$i":"more-info","$v":"Ulwazi olungakumbi"},{"$i":"delete","$v":"Cima"},{"$i":"video-button","ariaLabel":"Ividiyo"},{"$i":"select-button","ariaLabel":"Khetha"},{"$i":"delete-button","ariaLabel":"Cima"},{"$i":"share-button","ariaLabel":"Yabelana"},{"$i":"info-view","ariaLabel":"Iinkcukacha"},{"$i":"options-view","ariaLabel":"Iinketho"},{"$i":"confirm-dialog","ariaLabel":"Qinisekisa"},{"$i":"videos-list","ariaLabel":"Iividiyo"},{"$i":"options-more","ariaLabel":"Ukungakumbi"},{"$i":"seek-backward","ariaLabel":"Khangela emva"},{"$i":"seek-bar","ariaLabel":["Ibha yokukhangela, ubuxe bexesha ",{"t":"idOrVar","v":"duration"}]},{"$i":"seek-forward","ariaLabel":"Khangela ukuya phambili"},{"$i":"play-button","ariaLabel":"Dlala"},{"$i":"pause-button","ariaLabel":"Misa"},{"$i":"fullscreen-button","ariaLabel":"Isikrini esipheleleyo"},{"$i":"show-controls-button","ariaLabel":"Bonisa izilawuli"},{"$i":"hide-controls-button","ariaLabel":"Fihla izilawuli"},{"$i":"confirmation-title","$v":"Isiqinisekiso"},{"$i":"n-video-deleted","$v":{"few":[{"t":"idOrVar","v":"n"}," iividiyo zicinyiwe"],"many":[{"t":"idOrVar","v":"n"}," iividiyo zicinyiwe"],"one":"Ividiyo icinyiwe","other":[{"t":"idOrVar","v":"n"}," iividiyo zicinyiwe"],"two":[{"t":"idOrVar","v":"n"}," iividiyo zicinyiwe"],"zero":"Akukhonto ikhethiweyo"},"$x":[{"t":"idOrVar","v":"plural"},"n"]},{"$i":"rename-saved","$v":"Utshintsho Lugciniwe"},{"$i":"confirm-video","$v":"Ividiyo"},{"$i":"confirm-ok","$v":"KULUNGILE"},{"$i":"options-header","$v":"Iinketho"},{"$i":"video-invalid-name","$v":"Akulilo igama"},{"$i":"name-already-exists","$v":"Eli gama sele likho"},{"$i":"override-warning-msg","$v":"Ungathanda okongamela le fayili ikhoyo?"},{"$i":"override","$v":"yiTshintshe"},{"$i":"opt-takevideo","$v":"Thatha iVidiyo"},{"$i":"select","$v":"Khetha"},{"$i":"opt-deselect","$v":"Yekisa ukukhetha"},{"$i":"opt-delete","$v":"Cima"},{"$i":"opt-rename","$v":"Thiya"},{"$i":"opt-selectmultiple","$v":"Khetha eZininzi"},{"$i":"opt-fileinfo","$v":"Inkcaza Yefayile"},{"$i":"opt-selectall","$v":"Khetha Konke"},{"$i":"opt-deselectall","$v":"Yekisa ukukhetha Yonke"},{"$i":"opt-fullscreen","$v":"Isikrini Esipheleleyo"},{"$i":"opt-play","$v":"Dlala"},{"$i":"opt-pause","$v":"Misa"},{"$i":"opt-volume","$v":"Ivolyum"},{"$i":"opt-rotate","$v":"Jikelezisa"},{"$i":"opt-cancel","$v":"Rhixisa"},{"$i":"opt-settings","$v":"Iisethingi"},{"$i":"weekday-0-long","$v":"Ngecawe"},{"$i":"weekday-1-long","$v":"NgoMvulo"},{"$i":"weekday-2-long","$v":"Lwesibini"},{"$i":"weekday-3-long","$v":"Lwesithathu"},{"$i":"weekday-4-long","$v":"Lwesine"},{"$i":"weekday-5-long","$v":"Lwesihlanu"},{"$i":"weekday-6-long","$v":"Mgqibelo"},{"$i":"weekday-0-short","$v":"Ca"},{"$i":"weekday-1-short","$v":"Mvu"},{"$i":"weekday-2-short","$v":"Lb"},{"$i":"weekday-3-short","$v":"Lt"},{"$i":"weekday-4-short","$v":"Ln"},{"$i":"weekday-5-short","$v":"Lh"},{"$i":"weekday-6-short","$v":"Mg"},{"$i":"month-0-long","$v":"EyoMqungu"},{"$i":"month-1-long","$v":"EyoMdumba"},{"$i":"month-2-long","$v":"EyoKwindla"},{"$i":"month-3-long","$v":"Tshazimpuzi"},{"$i":"month-4-long","$v":"UCanzibe"},{"$i":"month-5-long","$v":"Isilimela"},{"$i":"month-6-long","$v":"EyeKhala"},{"$i":"month-7-long","$v":"EyeThupha"},{"$i":"month-8-long","$v":"EyoMsintsi"},{"$i":"month-9-long","$v":"EyeDwarha"},{"$i":"month-10-long","$v":"EyeNkanga"},{"$i":"month-11-long","$v":"EyoMnga"},{"$i":"month-0-genitive","$v":"Januwari"},{"$i":"month-1-genitive","$v":"Februwari"},{"$i":"month-2-genitive","$v":"Matshi"},{"$i":"month-3-genitive","$v":"Tshazimpuzi"},{"$i":"month-4-genitive","$v":"Meyi"},{"$i":"month-5-genitive","$v":"Juni"},{"$i":"month-6-genitive","$v":"Julayi"},{"$i":"month-7-genitive","$v":"Agasti"},{"$i":"month-8-genitive","$v":"Septemba"},{"$i":"month-9-genitive","$v":"Oktobha"},{"$i":"month-10-genitive","$v":"Novemba"},{"$i":"month-11-genitive","$v":"Disemba"},{"$i":"month-0-short","$v":"Jan"},{"$i":"month-1-short","$v":"Feb"},{"$i":"month-2-short","$v":"Mat"},{"$i":"month-3-short","$v":"Tshaz"},{"$i":"month-4-short","$v":"Meyi"},{"$i":"month-5-short","$v":"Juni"},{"$i":"month-6-short","$v":"Julayi"},{"$i":"month-7-short","$v":"Agasti"},{"$i":"month-8-short","$v":"Sep"},{"$i":"month-9-short","$v":"Okto"},{"$i":"month-10-short","$v":"Nov"},{"$i":"month-11-short","$v":"Dis"},{"$i":"minutes-ago-long","$v":{"few":[{"t":"idOrVar","v":"value"}," imizuzu edlileyo"],"many":[{"t":"idOrVar","v":"value"}," imizuzu edlileyo"],"one":"Umzuzu odluleyo","other":[{"t":"idOrVar","v":"value"}," imizuzu edlileyo"],"two":[{"t":"idOrVar","v":"value"}," imizuzu edlileyo"],"zero":"nje ngoku"},"$x":[{"t":"idOrVar","v":"izininzi"},"inani"]},{"$i":"hours-ago-long","$v":{"few":[{"t":"idOrVar","v":"value"}," iiyure ezidluleyo"],"many":[{"t":"idOrVar","v":"value"}," iiyure ezidluleyo"],"one":"kwiyure edluleyo","other":[{"t":"idOrVar","v":"value"}," iiyure ezidluleyo"],"two":[{"t":"idOrVar","v":"value"}," iiyure ezidluleyo"],"zero":"nje ngoku"},"$x":[{"t":"idOrVar","v":"izininzi"},"inani"]},{"$i":"days-ago-long","$v":{"few":[{"t":"idOrVar","v":"value"}," iintsuku ezidluleyo"],"many":[{"t":"idOrVar","v":"value"}," iintsuku ezidluleyo"],"one":"izolo","other":[{"t":"idOrVar","v":"value"}," iintsuku ezidluleyo"],"two":[{"t":"idOrVar","v":"value"}," iintsuku ezidluleyo"],"zero":"namhlanje"},"$x":[{"t":"idOrVar","v":"izininzi"},"inani"]},{"$i":"weeks-ago-long","$v":{"few":[{"t":"idOrVar","v":"value"}," iiveki ezidluleyo"],"many":[{"t":"idOrVar","v":"value"}," iiveki ezidluleyo"],"one":"kwiveki edluleyo","other":[{"t":"idOrVar","v":"value"}," iiveki ezidluleyo"],"two":[{"t":"idOrVar","v":"value"}," iiveki ezidluleyo"],"zero":"kule veki"},"$x":[{"t":"idOrVar","v":"izininzi"},"inani"]},{"$i":"months-ago-long","$v":{"few":[{"t":"idOrVar","v":"value"}," iinyanga ezidluyo"],"many":[{"t":"idOrVar","v":"value"}," iinyanga ezidluyo"],"one":"Kwinyanga edluleyo","other":[{"t":"idOrVar","v":"value"}," iinyanga ezidluyo"],"two":[{"t":"idOrVar","v":"value"}," iinyanga ezidluyo"],"zero":"kule nyanga"},"$x":[{"t":"idOrVar","v":"izininzi"},"inani"]},{"$i":"years-ago-long","$v":{"few":[{"t":"idOrVar","v":"value"}," iiminyak edluleyo"],"many":[{"t":"idOrVar","v":"value"}," iiminyak edluleyo"],"one":"kunyaka odluleyo","other":[{"t":"idOrVar","v":"value"}," iiminyak edluleyo"],"two":[{"t":"idOrVar","v":"value"}," iiminyak edluleyo"],"zero":"kulo nyaka"},"$x":[{"t":"idOrVar","v":"izininzi"},"inani"]},{"$i":"minutes-until-long","$v":{"few":["in ",{"t":"idOrVar","v":"value"}," imizuzu"],"many":["in ",{"t":"idOrVar","v":"value"}," imizuzu"],"one":"kumzuzu","other":["in ",{"t":"idOrVar","v":"value"}," imizuzu"],"two":["in ",{"t":"idOrVar","v":"value"}," imizuzu"],"zero":"Ngoku"},"$x":[{"t":"idOrVar","v":"izininzi"},"inani"]},{"$i":"hours-until-long","$v":{"few":["in ",{"t":"idOrVar","v":"value"}," iiyure"],"many":["in ",{"t":"idOrVar","v":"value"}," iiyure"],"one":"kwiyure","other":["in ",{"t":"idOrVar","v":"value"}," iiyure"],"two":["in ",{"t":"idOrVar","v":"value"}," iiyure"],"zero":"Ngoku"},"$x":[{"t":"idOrVar","v":"izininzi"},"inani"]},{"$i":"days-until-long","$v":{"few":["in ",{"t":"idOrVar","v":"value"}," iintsuku"],"many":["in ",{"t":"idOrVar","v":"value"}," iintsuku"],"one":"ngomso","other":["in ",{"t":"idOrVar","v":"value"}," iintsuku"],"two":["in ",{"t":"idOrVar","v":"value"}," iintsuku"],"zero":"namhlanje"},"$x":[{"t":"idOrVar","v":"izininzi"},"inani"]},{"$i":"weeks-until-long","$v":{"few":["in ",{"t":"idOrVar","v":"value"}," iiveki"],"many":["in ",{"t":"idOrVar","v":"value"}," iiveki"],"one":"iveki ezayo","other":["in ",{"t":"idOrVar","v":"value"}," iiveki"],"two":["in ",{"t":"idOrVar","v":"value"}," iiveki"],"zero":"kule veki"},"$x":[{"t":"idOrVar","v":"izininzi"},"inani"]},{"$i":"months-until-long","$v":{"few":["in ",{"t":"idOrVar","v":"value"}," iinyanga"],"many":["in ",{"t":"idOrVar","v":"value"}," iinyanga"],"one":"inyanga ezayo","other":["in ",{"t":"idOrVar","v":"value"}," iinyanga"],"two":["in ",{"t":"idOrVar","v":"value"}," iinyanga"],"zero":"kule nyanga"},"$x":[{"t":"idOrVar","v":"izininzi"},"inani"]},{"$i":"years-until-long","$v":{"few":["in ",{"t":"idOrVar","v":"value"}," iiminyaka"],"many":["in ",{"t":"idOrVar","v":"value"}," iiminyaka"],"one":"unyaka ozayou","other":["in ",{"t":"idOrVar","v":"value"}," iiminyaka"],"two":["in ",{"t":"idOrVar","v":"value"}," iiminyaka"],"zero":"kulo nyaka"},"$x":[{"t":"idOrVar","v":"izininzi"},"inani"]},{"$i":"minutes-ago-short","$v":{"other":[{"t":"idOrVar","v":"value"},"m dluleyo"],"zero":"nje ngoku"},"$x":[{"t":"idOrVar","v":"izininzi"},"inani"]},{"$i":"hours-ago-short","$v":{"other":[{"t":"idOrVar","v":"value"},"y dluleyo"],"zero":"nje ngoku"},"$x":[{"t":"idOrVar","v":"izininzi"},"inani"]},{"$i":"days-ago-short","$v":{"other":[{"t":"idOrVar","v":"value"},"s dluleyo"],"zero":"namhlanje"},"$x":[{"t":"idOrVar","v":"izininzi"},"inani"]},{"$i":"minutes-until-short","$v":{"other":["in ",{"t":"idOrVar","v":"value"},"m"],"zero":"Ngoku"},"$x":[{"t":"idOrVar","v":"izininzi"},"inani"]},{"$i":"hours-until-short","$v":{"other":["in ",{"t":"idOrVar","v":"value"},"h"],"zero":"Ngoku"},"$x":[{"t":"idOrVar","v":"izininzi"},"inani"]},{"$i":"days-until-short","$v":{"other":["in ",{"t":"idOrVar","v":"value"},"d"],"zero":"namhlanje"},"$x":[{"t":"idOrVar","v":"izininzi"},"inani"]},{"$i":"incorrectDate","$v":"(umhla awulunganga)"},{"$i":"dateTimeFormat_%c","$v":"%a %b %e %Y %I:%M:%S %p"},{"$i":"dateTimeFormat_%x","$v":"%m/%d/%Y"},{"$i":"dateTimeFormat_%X","$v":"%I:%M:%S %p"},{"$i":"shortTimeFormat","$v":"%I:%M %p"},{"$i":"shortTimeFormat12","$v":"%I:%M %p"},{"$i":"shortTimeFormat24","$v":"%H:%M"},{"$i":"shortDateTimeFormat","$v":"%x %I:%M %p"},{"$i":"weekStartsOnMonday","$v":"0.0"},{"$i":"firstDayOfTheWeek","$v":"0.0"},{"$i":"time_am","$v":"AM"},{"$i":"time_pm","$v":"PM"},{"$i":"softkey-options","$v":"Iinketho"}]