[{"$i":"done","$v":"完成"},{"$i":"number-selected2","$v":{"few":["已选 ",{"t":"idOrVar","v":"n"}," 项"],"many":["已选 ",{"t":"idOrVar","v":"n"}," 项"],"one":["已选 ",{"t":"idOrVar","v":"n"}," 项"],"other":["已选 ",{"t":"idOrVar","v":"n"}," 项"],"two":["已选 ",{"t":"idOrVar","v":"n"}," 项"],"zero":["已选 ",{"t":"idOrVar","v":"n"}," 项"]},"$x":[{"t":"idOrVar","v":"plural"},"n"]},{"$i":"delete-n-items?","$v":{"few":["删除 ",{"t":"idOrVar","v":"n"}," 个视频？"],"many":["删除 ",{"t":"idOrVar","v":"n"}," 个视频？"],"one":"删除所选视频？","other":["删除 ",{"t":"idOrVar","v":"n"}," 个视频？"],"two":["删除 ",{"t":"idOrVar","v":"n"}," 个视频？"],"zero":"未选中任何项"},"$x":[{"t":"idOrVar","v":"plural"},"n"]},{"$i":"not-load-video-time","$v":"--:--"},{"$i":"video-time-num","$v":["0",{"t":"idOrVar","v":"num"}]},{"$i":"video-time-minute","$v":[{"t":"idOrVar","v":"owe"},{"t":"idOrVar","v":"m"},":",{"t":"idOrVar","v":"s"}]},{"$i":"video-time-hour","$v":[{"t":"idOrVar","v":"owe"},{"t":"idOrVar","v":"h"},":",{"t":"idOrVar","v":"m"},":",{"t":"idOrVar","v":"s"}]},{"$i":"share-noprovider","$v":"尝试一次分享一个视频。"},{"$i":"videos","$v":"视频"},{"$i":"cancel","$v":"取消"},{"$i":"delete-video?","$v":"删除所选视频？"},{"$i":"empty-title","$v":"添加视频以开始"},{"$i":"empty-text","$v":"无可用视频。"},{"$i":"empty-content","$v":"视频内容为空。请使用摄像机功能开始拍摄。"},{"$i":"search-title","$v":"正在扫描视频..."},{"$i":"search-content","$v":"正在扫描视频..."},{"$i":"nocard2-title","$v":"未发现存储卡"},{"$i":"nocard3-text","$v":"未发现存储卡。请插入存储卡以拍摄视频。"},{"$i":"pluggedin-title","$v":"手机连接至电脑时无法观看视频"},{"$i":"pluggedin-text","$v":"存储正在使用中。如需拍摄视频，请拔下手机。"},{"$i":"upgrade-title","$v":"数据库升级"},{"$i":"upgrade-text","$v":"视频正在更新其数据库，请等候。"},{"$i":"confirm-delete","$v":"确定要删除？"},{"$i":"pick-title","$v":"选择视频"},{"$i":"save","$v":"保存"},{"$i":"saved","$v":"已保存至视频库。"},{"$i":"save-failed","$v":"无法保存视频，请重试。"},{"$i":"error-network","$v":"由于网络错误，视频无法下载。"},{"$i":"error-unsupported","$v":"视频无法播放：原因是服务器或网络故障或格式不支持。"},{"$i":"error-unknown","$v":"发生未知视频错误。"},{"$i":"video-hardware-in-use-title","$v":"无法播放视频"},{"$i":"video-hardware-in-use-text","$v":"另一应用正在使用视频播放器。"},{"$i":"overlay-cancel-button","$v":"取消"},{"$i":"overlay-camera-button","$v":"前往相机"},{"$i":"sd-storage-full-header","$v":"SD 卡已满"},{"$i":"sd-storage-full-content","$v":"删除 SD 卡中的文件以释放空间。"},{"$i":"phone-storage-full-header","$v":"手机存储满。"},{"$i":"phone-storage-full-content","$v":"删除媒体文件或应用数据以释放空间。也可以插入 SD 卡以扩展媒体存储空间。"},{"$i":"name-label","$v":"名称"},{"$i":"length-label","$v":"长度"},{"$i":"size-label","$v":"大小"},{"$i":"video-type-label","$v":"视频类型"},{"$i":"date-taken-label","$v":"拍摄日期"},{"$i":"resolution-label","$v":"分辨率"},{"$i":"close-button","$v":"关闭"},{"$i":"byteUnit-B","$v":"字节"},{"$i":"byteUnit-KB","$v":"KB"},{"$i":"byteUnit-MB","$v":"MB"},{"$i":"byteUnit-GB","$v":"GB"},{"$i":"byteUnit-TB","$v":"TB"},{"$i":"byteUnit-PB","$v":"PB"},{"$i":"byteUnit-EB","$v":"EB"},{"$i":"byteUnit-ZB","$v":"ZB"},{"$i":"byteUnit-YB","$v":"YB"},{"$i":"date-group-header","$v":"%Y %B"},{"$i":"share","$v":"分享"},{"$i":"more-info","$v":"更多信息"},{"$i":"delete","$v":"删除"},{"$i":"video-button","ariaLabel":"视频"},{"$i":"select-button","ariaLabel":"选择"},{"$i":"delete-button","ariaLabel":"删除"},{"$i":"share-button","ariaLabel":"分享"},{"$i":"info-view","ariaLabel":"信息"},{"$i":"options-view","ariaLabel":"选项"},{"$i":"confirm-dialog","ariaLabel":"确认"},{"$i":"videos-list","ariaLabel":"视频"},{"$i":"options-more","ariaLabel":"更多"},{"$i":"seek-backward","ariaLabel":"后退"},{"$i":"seek-bar","ariaLabel":["拖动条，时长 ",{"t":"idOrVar","v":"duration"}]},{"$i":"seek-forward","ariaLabel":"前进"},{"$i":"play-button","ariaLabel":"播放"},{"$i":"pause-button","ariaLabel":"暂停"},{"$i":"fullscreen-button","ariaLabel":"全屏"},{"$i":"show-controls-button","ariaLabel":"显示控件"},{"$i":"hide-controls-button","ariaLabel":"隐藏控件"},{"$i":"confirmation-title","$v":"确认"},{"$i":"n-video-deleted","$v":{"few":["已删除 ",{"t":"idOrVar","v":"n"}," 个视频"],"many":["已删除 ",{"t":"idOrVar","v":"n"}," 个视频"],"one":"视频已删除","other":["已删除 ",{"t":"idOrVar","v":"n"}," 个视频"],"two":["已删除 ",{"t":"idOrVar","v":"n"}," 个视频"],"zero":"未选中任何项"},"$x":[{"t":"idOrVar","v":"plural"},"n"]},{"$i":"rename-saved","$v":"更改已保存"},{"$i":"confirm-video","$v":"视频"},{"$i":"confirm-ok","$v":"确定"},{"$i":"options-header","$v":"选项"},{"$i":"video-invalid-name","$v":"名称无效"},{"$i":"name-already-exists","$v":"此名称已存在"},{"$i":"override-warning-msg","$v":"是否覆盖现有文件？"},{"$i":"override","$v":"覆盖"},{"$i":"opt-takevideo","$v":"拍摄视频"},{"$i":"select","$v":"选择"},{"$i":"opt-deselect","$v":"取消选择"},{"$i":"opt-delete","$v":"删除"},{"$i":"opt-rename","$v":"重命名"},{"$i":"opt-selectmultiple","$v":"选择多个"},{"$i":"opt-fileinfo","$v":"文件信息"},{"$i":"opt-selectall","$v":"全部"},{"$i":"opt-deselectall","$v":"取消"},{"$i":"opt-fullscreen","$v":"全屏"},{"$i":"opt-play","$v":"播放"},{"$i":"opt-pause","$v":"暂停"},{"$i":"opt-volume","$v":"音量"},{"$i":"opt-rotate","$v":"旋转"},{"$i":"opt-cancel","$v":"取消"},{"$i":"opt-settings","$v":"设置"},{"$i":"weekday-0-long","$v":"周日"},{"$i":"weekday-1-long","$v":"周一"},{"$i":"weekday-2-long","$v":"周二"},{"$i":"weekday-3-long","$v":"周三"},{"$i":"weekday-4-long","$v":"周四"},{"$i":"weekday-5-long","$v":"周五"},{"$i":"weekday-6-long","$v":"周六"},{"$i":"weekday-0-short","$v":"周日"},{"$i":"weekday-1-short","$v":"周一"},{"$i":"weekday-2-short","$v":"周二"},{"$i":"weekday-3-short","$v":"周三"},{"$i":"weekday-4-short","$v":"周四"},{"$i":"weekday-5-short","$v":"周五"},{"$i":"weekday-6-short","$v":"周六"},{"$i":"month-0-long","$v":"一月"},{"$i":"month-1-long","$v":"二月"},{"$i":"month-2-long","$v":"三月"},{"$i":"month-3-long","$v":"四月"},{"$i":"month-4-long","$v":"五月"},{"$i":"month-5-long","$v":"六月"},{"$i":"month-6-long","$v":"七月"},{"$i":"month-7-long","$v":"八月"},{"$i":"month-8-long","$v":"九月"},{"$i":"month-9-long","$v":"十月"},{"$i":"month-10-long","$v":"十一月"},{"$i":"month-11-long","$v":"十二月"},{"$i":"month-0-genitive","$v":"一月"},{"$i":"month-1-genitive","$v":"二月"},{"$i":"month-2-genitive","$v":"三月"},{"$i":"month-3-genitive","$v":"四月"},{"$i":"month-4-genitive","$v":"五月"},{"$i":"month-5-genitive","$v":"六月"},{"$i":"month-6-genitive","$v":"七月"},{"$i":"month-7-genitive","$v":"八月"},{"$i":"month-8-genitive","$v":"九月"},{"$i":"month-9-genitive","$v":"十月"},{"$i":"month-10-genitive","$v":"十一月"},{"$i":"month-11-genitive","$v":"十二月"},{"$i":"month-0-short","$v":"1 月"},{"$i":"month-1-short","$v":"2 月"},{"$i":"month-2-short","$v":"3 月"},{"$i":"month-3-short","$v":"4 月"},{"$i":"month-4-short","$v":"5 月"},{"$i":"month-5-short","$v":"6 月"},{"$i":"month-6-short","$v":"7 月"},{"$i":"month-7-short","$v":"8 月"},{"$i":"month-8-short","$v":"9 月"},{"$i":"month-9-short","$v":"10 月"},{"$i":"month-10-short","$v":"11 月"},{"$i":"month-11-short","$v":"12 月"},{"$i":"minutes-ago-long","$v":{"few":[{"t":"idOrVar","v":"value"}," 分钟前"],"many":[{"t":"idOrVar","v":"value"}," 分钟前"],"one":"一分钟前","other":[{"t":"idOrVar","v":"value"}," 分钟前"],"two":[{"t":"idOrVar","v":"value"}," 分钟前"],"zero":"刚刚"},"$x":[{"t":"idOrVar","v":"plural"},"value"]},{"$i":"hours-ago-long","$v":{"few":[{"t":"idOrVar","v":"value"}," 小时前"],"many":[{"t":"idOrVar","v":"value"}," 小时前"],"one":"一小时前","other":[{"t":"idOrVar","v":"value"}," 小时前"],"two":[{"t":"idOrVar","v":"value"}," 小时前"],"zero":"刚刚"},"$x":[{"t":"idOrVar","v":"plural"},"value"]},{"$i":"days-ago-long","$v":{"few":[{"t":"idOrVar","v":"value"}," 天前"],"many":[{"t":"idOrVar","v":"value"}," 天前"],"one":"昨天","other":[{"t":"idOrVar","v":"value"}," 天前"],"two":[{"t":"idOrVar","v":"value"}," 天前"],"zero":"今天"},"$x":[{"t":"idOrVar","v":"plural"},"value"]},{"$i":"weeks-ago-long","$v":{"few":[{"t":"idOrVar","v":"value"}," 周前"],"many":[{"t":"idOrVar","v":"value"}," 周前"],"one":"最近一周","other":[{"t":"idOrVar","v":"value"}," 周前"],"two":[{"t":"idOrVar","v":"value"}," 周前"],"zero":"本周"},"$x":[{"t":"idOrVar","v":"plural"},"value"]},{"$i":"months-ago-long","$v":{"few":[{"t":"idOrVar","v":"value"}," 月前"],"many":[{"t":"idOrVar","v":"value"}," 月前"],"one":"上月","other":[{"t":"idOrVar","v":"value"}," 月前"],"two":[{"t":"idOrVar","v":"value"}," 月前"],"zero":"本月"},"$x":[{"t":"idOrVar","v":"plural"},"value"]},{"$i":"years-ago-long","$v":{"few":[{"t":"idOrVar","v":"value"}," 年前"],"many":[{"t":"idOrVar","v":"value"}," 年前"],"one":"去年","other":[{"t":"idOrVar","v":"value"}," 年前"],"two":[{"t":"idOrVar","v":"value"}," 年前"],"zero":"今年"},"$x":[{"t":"idOrVar","v":"plural"},"value"]},{"$i":"minutes-until-long","$v":{"few":[{"t":"idOrVar","v":"value"}," 分钟内"],"many":[{"t":"idOrVar","v":"value"}," 分钟内"],"one":"一分钟内","other":[{"t":"idOrVar","v":"value"}," 分钟"],"two":[{"t":"idOrVar","v":"value"}," 分钟内"],"zero":"現在"},"$x":[{"t":"idOrVar","v":"plural"},"value"]},{"$i":"hours-until-long","$v":{"few":[{"t":"idOrVar","v":"value"}," 小时内"],"many":[{"t":"idOrVar","v":"value"}," 小时内"],"one":"一小时","other":[{"t":"idOrVar","v":"value"}," 小时内"],"two":[{"t":"idOrVar","v":"value"}," 小时"],"zero":"現在"},"$x":[{"t":"idOrVar","v":"plural"},"value"]},{"$i":"days-until-long","$v":{"few":[{"t":"idOrVar","v":"value"}," 天内"],"many":[{"t":"idOrVar","v":"value"}," 天内"],"one":"明天","other":[{"t":"idOrVar","v":"value"}," 天内"],"two":[{"t":"idOrVar","v":"value"}," 天内"],"zero":"今天"},"$x":[{"t":"idOrVar","v":"plural"},"value"]},{"$i":"weeks-until-long","$v":{"few":[{"t":"idOrVar","v":"value"}," 周内"],"many":[{"t":"idOrVar","v":"value"}," 周内"],"one":"下周","other":[{"t":"idOrVar","v":"value"}," 周内"],"two":[{"t":"idOrVar","v":"value"}," 周内"],"zero":"本周"},"$x":[{"t":"idOrVar","v":"plural"},"value"]},{"$i":"months-until-long","$v":{"few":[{"t":"idOrVar","v":"value"}," 个月内"],"many":[{"t":"idOrVar","v":"value"}," 个月内"],"one":"下个月","other":[{"t":"idOrVar","v":"value"}," 个月内"],"two":[{"t":"idOrVar","v":"value"}," 个月内"],"zero":"本月"},"$x":[{"t":"idOrVar","v":"plural"},"value"]},{"$i":"years-until-long","$v":{"few":[{"t":"idOrVar","v":"value"}," 年内"],"many":[{"t":"idOrVar","v":"value"}," 年内"],"one":"明年","other":[{"t":"idOrVar","v":"value"}," 年内"],"two":[{"t":"idOrVar","v":"value"}," 年内"],"zero":"今年"},"$x":[{"t":"idOrVar","v":"plural"},"value"]},{"$i":"minutes-ago-short","$v":{"other":[{"t":"idOrVar","v":"value"}," 分钟前"],"zero":"刚刚"},"$x":[{"t":"idOrVar","v":"plural"},"value"]},{"$i":"hours-ago-short","$v":{"other":[{"t":"idOrVar","v":"value"}," 小时前"],"zero":"刚刚"},"$x":[{"t":"idOrVar","v":"plural"},"value"]},{"$i":"days-ago-short","$v":{"other":[{"t":"idOrVar","v":"value"}," 天前"],"zero":"今天"},"$x":[{"t":"idOrVar","v":"plural"},"value"]},{"$i":"minutes-until-short","$v":{"other":[{"t":"idOrVar","v":"value"}," 分內"],"zero":"現在"},"$x":[{"t":"idOrVar","v":"plural"},"value"]},{"$i":"hours-until-short","$v":{"other":[{"t":"idOrVar","v":"value"}," 小时内"],"zero":"現在"},"$x":[{"t":"idOrVar","v":"plural"},"value"]},{"$i":"days-until-short","$v":{"other":[{"t":"idOrVar","v":"value"}," 天内"],"zero":"今天"},"$x":[{"t":"idOrVar","v":"plural"},"value"]},{"$i":"incorrectDate","$v":"（日期有误）"},{"$i":"dateTimeFormat_%c","$v":"%Y年%b%d日 %a %I:%M:%S %p"},{"$i":"dateTimeFormat_%x","$v":"%Y/%m/%d"},{"$i":"dateTimeFormat_%X","$v":"%I:%M:%S %p"},{"$i":"shortTimeFormat","$v":"%p %I:%M"},{"$i":"shortTimeFormat12","$v":"%p %I:%M"},{"$i":"shortTimeFormat24","$v":"%H:%M"},{"$i":"shortDateTimeFormat","$v":"%p %x %I:%M"},{"$i":"weekStartsOnMonday","$v":"0.0"},{"$i":"firstDayOfTheWeek","$v":"0.0"},{"$i":"time_am","$v":"上午"},{"$i":"time_pm","$v":"下午"},{"$i":"softkey-options","$v":"选项"}]