[{"$i":"done","$v":"完成"},{"$i":"number-selected2","$v":{"few":["已選擇",{"t":"idOrVar","v":"n"},"個"],"many":["已選擇",{"t":"idOrVar","v":"n"},"個"],"one":["已選擇",{"t":"idOrVar","v":"n"},"個"],"other":["已選擇",{"t":"idOrVar","v":"n"},"個"],"two":["已選擇",{"t":"idOrVar","v":"n"},"個"],"zero":["已選擇",{"t":"idOrVar","v":"n"},"個"]},"$x":[{"t":"idOrVar","v":"plural"},"n"]},{"$i":"delete-n-items?","$v":{"few":["刪除",{"t":"idOrVar","v":"n"},"個影片？"],"many":["刪除",{"t":"idOrVar","v":"n"},"個影片？"],"one":"刪除所選影片？","other":["刪除",{"t":"idOrVar","v":"n"},"個影片？"],"two":["刪除",{"t":"idOrVar","v":"n"},"個影片？"],"zero":"未選擇任何項目"},"$x":[{"t":"idOrVar","v":"plural"},"n"]},{"$i":"not-load-video-time","$v":"--:--"},{"$i":"video-time-num","$v":["0",{"t":"idOrVar","v":"num"}]},{"$i":"video-time-minute","$v":[{"t":"idOrVar","v":"owe"},{"t":"idOrVar","v":"m"},":",{"t":"idOrVar","v":"s"}]},{"$i":"video-time-hour","$v":[{"t":"idOrVar","v":"owe"},{"t":"idOrVar","v":"h"},":",{"t":"idOrVar","v":"m"},":",{"t":"idOrVar","v":"s"}]},{"$i":"share-noprovider","$v":"一次嘗試分享一個影片。"},{"$i":"videos","$v":"影片"},{"$i":"cancel","$v":"取消"},{"$i":"delete-video?","$v":"刪除所選影片？"},{"$i":"empty-title","$v":"新增影片以開始使用"},{"$i":"empty-text","$v":"無可用影片。"},{"$i":"empty-content","$v":"影片為空白。請使用相機以開始。"},{"$i":"search-title","$v":"正在掃描"},{"$i":"search-content","$v":"正在掃描"},{"$i":"nocard2-title","$v":"找不到記憶卡"},{"$i":"nocard3-text","$v":"找不到記憶卡。請插入記憶卡以錄影。"},{"$i":"pluggedin-title","$v":"已插入時無法播放影片"},{"$i":"pluggedin-text","$v":"儲存裝置目前正在使用中。請拔除手機以錄影。"},{"$i":"upgrade-title","$v":"數據庫升級"},{"$i":"upgrade-text","$v":"請稍候，影片正在更新其數據庫。"},{"$i":"confirm-delete","$v":"是否確定要刪除："},{"$i":"pick-title","$v":"選擇影片"},{"$i":"save","$v":"儲存"},{"$i":"saved","$v":"已儲存至影片資料庫。"},{"$i":"save-failed","$v":"無法儲存影片，請再試一次。"},{"$i":"error-network","$v":"由於網絡錯誤，無法下載影片。"},{"$i":"error-unsupported","$v":"無法播放影片：由於伺服器或網絡失敗，或由於格式不受支援。"},{"$i":"error-unknown","$v":"發生未知影片錯誤。"},{"$i":"video-hardware-in-use-title","$v":"無法播放影片"},{"$i":"video-hardware-in-use-text","$v":"另一個應用程式目前正在使用影片播放機。"},{"$i":"overlay-cancel-button","$v":"取消"},{"$i":"overlay-camera-button","$v":"前往「相機」"},{"$i":"sd-storage-full-header","$v":"SD卡已滿。"},{"$i":"sd-storage-full-content","$v":"請刪除SD卡中的檔案以釋放空間。"},{"$i":"phone-storage-full-header","$v":"手機儲存空間已滿。"},{"$i":"phone-storage-full-content","$v":"請刪除媒體檔案或應用程式資料以釋放空間。您也可以插入SD卡來擴展媒體儲存空間。"},{"$i":"name-label","$v":"名稱"},{"$i":"length-label","$v":"長度"},{"$i":"size-label","$v":"大小"},{"$i":"video-type-label","$v":"影片類型"},{"$i":"date-taken-label","$v":"拍攝日期"},{"$i":"resolution-label","$v":"解析度"},{"$i":"close-button","$v":"關閉"},{"$i":"byteUnit-B","$v":"位元組"},{"$i":"byteUnit-KB","$v":"KB"},{"$i":"byteUnit-MB","$v":"MB"},{"$i":"byteUnit-GB","$v":"GB"},{"$i":"byteUnit-TB","$v":"TB"},{"$i":"byteUnit-PB","$v":"PB"},{"$i":"byteUnit-EB","$v":"EB"},{"$i":"byteUnit-ZB","$v":"ZB"},{"$i":"byteUnit-YB","$v":"YB"},{"$i":"date-group-header","$v":"%B %Y"},{"$i":"share","$v":"分享"},{"$i":"more-info","$v":"詳細資訊"},{"$i":"delete","$v":"刪除"},{"$i":"video-button","ariaLabel":"影片"},{"$i":"select-button","ariaLabel":"選擇"},{"$i":"delete-button","ariaLabel":"刪除"},{"$i":"share-button","ariaLabel":"分享"},{"$i":"info-view","ariaLabel":"資訊"},{"$i":"options-view","ariaLabel":"選項"},{"$i":"confirm-dialog","ariaLabel":"確認"},{"$i":"videos-list","ariaLabel":"影片"},{"$i":"options-more","ariaLabel":"更多"},{"$i":"seek-backward","ariaLabel":"向後搜尋"},{"$i":"seek-bar","ariaLabel":["搜尋列，持續時間",{"t":"idOrVar","v":"duration"}]},{"$i":"seek-forward","ariaLabel":"向前搜尋"},{"$i":"play-button","ariaLabel":"播放"},{"$i":"pause-button","ariaLabel":"暫停"},{"$i":"fullscreen-button","ariaLabel":"全螢幕"},{"$i":"show-controls-button","ariaLabel":"顯示控制項"},{"$i":"hide-controls-button","ariaLabel":"隱藏控制項"},{"$i":"confirmation-title","$v":"確認"},{"$i":"n-video-deleted","$v":{"few":["已刪除",{"t":"idOrVar","v":"n"},"個影片影片"],"many":["已刪除",{"t":"idOrVar","v":"n"},"個影片影片"],"one":"已刪除影片","other":["已刪除",{"t":"idOrVar","v":"n"},"個影片影片"],"two":["已刪除",{"t":"idOrVar","v":"n"},"個影片"],"zero":"未選擇任何項目"},"$x":[{"t":"idOrVar","v":"plural"},"n"]},{"$i":"rename-saved","$v":"已儲存變更"},{"$i":"confirm-video","$v":"影片"},{"$i":"confirm-ok","$v":"確定"},{"$i":"options-header","$v":"選項"},{"$i":"video-invalid-name","$v":"名稱無效"},{"$i":"name-already-exists","$v":"此名稱已存在"},{"$i":"override-warning-msg","$v":"是否要覆寫現有檔案？"},{"$i":"override","$v":"覆寫"},{"$i":"opt-takevideo","$v":"錄影"},{"$i":"select","$v":"選取"},{"$i":"opt-deselect","$v":"取消選擇"},{"$i":"opt-delete","$v":"刪除"},{"$i":"opt-rename","$v":"重新命名"},{"$i":"opt-selectmultiple","$v":"選擇多個"},{"$i":"opt-fileinfo","$v":"檔案資訊"},{"$i":"opt-selectall","$v":"全選"},{"$i":"opt-deselectall","$v":"取消全選"},{"$i":"opt-fullscreen","$v":"全螢幕"},{"$i":"opt-play","$v":"播放"},{"$i":"opt-pause","$v":"暫停"},{"$i":"opt-volume","$v":"音量"},{"$i":"opt-rotate","$v":"旋轉"},{"$i":"opt-cancel","$v":"取消"},{"$i":"opt-settings","$v":"設定"},{"$i":"weekday-0-long","$v":"星期日"},{"$i":"weekday-1-long","$v":"星期一"},{"$i":"weekday-2-long","$v":"星期二"},{"$i":"weekday-3-long","$v":"星期三"},{"$i":"weekday-4-long","$v":"星期四"},{"$i":"weekday-5-long","$v":"星期五"},{"$i":"weekday-6-long","$v":"星期六"},{"$i":"weekday-0-short","$v":"星期日"},{"$i":"weekday-1-short","$v":"星期一"},{"$i":"weekday-2-short","$v":"星期二"},{"$i":"weekday-3-short","$v":"星期三"},{"$i":"weekday-4-short","$v":"星期四"},{"$i":"weekday-5-short","$v":"星期五"},{"$i":"weekday-6-short","$v":"星期六"},{"$i":"month-0-long","$v":"一月"},{"$i":"month-1-long","$v":"二月"},{"$i":"month-2-long","$v":"三月"},{"$i":"month-3-long","$v":"四月"},{"$i":"month-4-long","$v":"五月"},{"$i":"month-5-long","$v":"六月"},{"$i":"month-6-long","$v":"七月"},{"$i":"month-7-long","$v":"八月"},{"$i":"month-8-long","$v":"九月"},{"$i":"month-9-long","$v":"十月"},{"$i":"month-10-long","$v":"十一月"},{"$i":"month-11-long","$v":"十二月"},{"$i":"month-0-genitive","$v":"一月"},{"$i":"month-1-genitive","$v":"二月"},{"$i":"month-2-genitive","$v":"三月"},{"$i":"month-3-genitive","$v":"四月"},{"$i":"month-4-genitive","$v":"五月"},{"$i":"month-5-genitive","$v":"六月"},{"$i":"month-6-genitive","$v":"七月"},{"$i":"month-7-genitive","$v":"八月"},{"$i":"month-8-genitive","$v":"九月"},{"$i":"month-9-genitive","$v":"十月"},{"$i":"month-10-genitive","$v":"十一月"},{"$i":"month-11-genitive","$v":"十二月"},{"$i":"month-0-short","$v":"1月"},{"$i":"month-1-short","$v":"2月"},{"$i":"month-2-short","$v":"3月"},{"$i":"month-3-short","$v":"4月"},{"$i":"month-4-short","$v":"5月"},{"$i":"month-5-short","$v":"6月"},{"$i":"month-6-short","$v":"7月"},{"$i":"month-7-short","$v":"8月"},{"$i":"month-8-short","$v":"9月"},{"$i":"month-9-short","$v":"10月"},{"$i":"month-10-short","$v":"11月"},{"$i":"month-11-short","$v":"12月"},{"$i":"minutes-ago-long","$v":{"few":[{"t":"idOrVar","v":"value"},"分鐘前"],"many":[{"t":"idOrVar","v":"value"},"分鐘前"],"one":"1分鐘前","other":[{"t":"idOrVar","v":"value"},"分鐘前"],"two":[{"t":"idOrVar","v":"value"},"分鐘前"],"zero":"剛才"},"$x":[{"t":"idOrVar","v":"plural"},"value"]},{"$i":"hours-ago-long","$v":{"few":[{"t":"idOrVar","v":"value"},"小時前"],"many":[{"t":"idOrVar","v":"value"},"小時前"],"one":"1小時前","other":[{"t":"idOrVar","v":"value"},"小時前"],"two":[{"t":"idOrVar","v":"value"},"小時前"],"zero":"剛才"},"$x":[{"t":"idOrVar","v":"plural"},"value"]},{"$i":"days-ago-long","$v":{"few":[{"t":"idOrVar","v":"value"},"天前"],"many":[{"t":"idOrVar","v":"value"},"天前"],"one":"昨日","other":[{"t":"idOrVar","v":"value"},"天前"],"two":[{"t":"idOrVar","v":"value"},"天前"],"zero":"今日"},"$x":[{"t":"idOrVar","v":"plural"},"value"]},{"$i":"weeks-ago-long","$v":{"few":[{"t":"idOrVar","v":"value"},"週前"],"many":[{"t":"idOrVar","v":"value"},"週前"],"one":"上週","other":[{"t":"idOrVar","v":"value"},"週前"],"two":[{"t":"idOrVar","v":"value"},"週前"],"zero":"本週"},"$x":[{"t":"idOrVar","v":"plural"},"value"]},{"$i":"months-ago-long","$v":{"few":[{"t":"idOrVar","v":"value"},"個月前"],"many":[{"t":"idOrVar","v":"value"},"個月前"],"one":"上個月","other":[{"t":"idOrVar","v":"value"},"個月前"],"two":[{"t":"idOrVar","v":"value"},"個月前"],"zero":"本月"},"$x":[{"t":"idOrVar","v":"plural"},"value"]},{"$i":"years-ago-long","$v":{"few":[{"t":"idOrVar","v":"value"},"年前"],"many":[{"t":"idOrVar","v":"value"},"年前"],"one":"上一年","other":[{"t":"idOrVar","v":"value"},"年前"],"two":[{"t":"idOrVar","v":"value"},"年前"],"zero":"今年"},"$x":[{"t":"idOrVar","v":"plural"},"value"]},{"$i":"minutes-until-long","$v":{"few":[{"t":"idOrVar","v":"value"},"分鐘後"],"many":[{"t":"idOrVar","v":"value"},"分鐘後"],"one":"1分鐘後","other":[{"t":"idOrVar","v":"value"},"分鐘"],"two":[{"t":"idOrVar","v":"value"},"分鐘後"],"zero":"現在"},"$x":[{"t":"idOrVar","v":"plural"},"value"]},{"$i":"hours-until-long","$v":{"few":[{"t":"idOrVar","v":"value"},"小時後"],"many":[{"t":"idOrVar","v":"value"},"小時後"],"one":"1小時","other":[{"t":"idOrVar","v":"value"},"小時後"],"two":[{"t":"idOrVar","v":"value"},"小時"],"zero":"現在"},"$x":[{"t":"idOrVar","v":"plural"},"value"]},{"$i":"days-until-long","$v":{"few":[{"t":"idOrVar","v":"value"},"天後"],"many":[{"t":"idOrVar","v":"value"},"天後"],"one":"明日","other":[{"t":"idOrVar","v":"value"},"天後"],"two":[{"t":"idOrVar","v":"value"},"天後"],"zero":"今日"},"$x":[{"t":"idOrVar","v":"plural"},"value"]},{"$i":"weeks-until-long","$v":{"few":[{"t":"idOrVar","v":"value"},"週後"],"many":[{"t":"idOrVar","v":"value"},"週後"],"one":"下週","other":[{"t":"idOrVar","v":"value"},"週後"],"two":[{"t":"idOrVar","v":"value"},"週後"],"zero":"本週"},"$x":[{"t":"idOrVar","v":"plural"},"value"]},{"$i":"months-until-long","$v":{"few":[{"t":"idOrVar","v":"value"},"個月後"],"many":[{"t":"idOrVar","v":"value"},"個月後"],"one":"下個月","other":[{"t":"idOrVar","v":"value"},"個月後"],"two":[{"t":"idOrVar","v":"value"},"個月後"],"zero":"本月"},"$x":[{"t":"idOrVar","v":"plural"},"value"]},{"$i":"years-until-long","$v":{"few":[{"t":"idOrVar","v":"value"},"年後"],"many":[{"t":"idOrVar","v":"value"},"年後"],"one":"下一年","other":[{"t":"idOrVar","v":"value"},"年後"],"two":[{"t":"idOrVar","v":"value"},"年後"],"zero":"今年"},"$x":[{"t":"idOrVar","v":"plural"},"value"]},{"$i":"minutes-ago-short","$v":{"other":[{"t":"idOrVar","v":"value"},"m前"],"zero":"剛才"},"$x":[{"t":"idOrVar","v":"plural"},"value"]},{"$i":"hours-ago-short","$v":{"other":[{"t":"idOrVar","v":"value"},"h前"],"zero":"剛才"},"$x":[{"t":"idOrVar","v":"plural"},"value"]},{"$i":"days-ago-short","$v":{"other":[{"t":"idOrVar","v":"value"},"d前"],"zero":"今日"},"$x":[{"t":"idOrVar","v":"plural"},"value"]},{"$i":"minutes-until-short","$v":{"other":[{"t":"idOrVar","v":"value"},"分鐘後"],"zero":"現在"},"$x":[{"t":"idOrVar","v":"plural"},"value"]},{"$i":"hours-until-short","$v":{"other":[{"t":"idOrVar","v":"value"},"小時後"],"zero":"現在"},"$x":[{"t":"idOrVar","v":"plural"},"value"]},{"$i":"days-until-short","$v":{"other":[{"t":"idOrVar","v":"value"},"天後"],"zero":"今日"},"$x":[{"t":"idOrVar","v":"plural"},"value"]},{"$i":"incorrectDate","$v":"(日期不正確)"},{"$i":"dateTimeFormat_%c","$v":"%a %b %e %Y %I:%M:%S %p"},{"$i":"dateTimeFormat_%x","$v":"%m/%d/%Y"},{"$i":"dateTimeFormat_%X","$v":"%I:%M:%S %p"},{"$i":"shortTimeFormat","$v":"%I:%M %p"},{"$i":"shortTimeFormat12","$v":"%I:%M %p"},{"$i":"shortTimeFormat24","$v":"%H:%M"},{"$i":"shortDateTimeFormat","$v":"%x %I:%M %p"},{"$i":"weekStartsOnMonday","$v":"0.0"},{"$i":"firstDayOfTheWeek","$v":"0.0"},{"$i":"time_am","$v":"AM"},{"$i":"time_pm","$v":"PM"},{"$i":"softkey-options","$v":"選項"}]