[{"$i":"done","$v":"Kwenziwe"},{"$i":"number-selected2","$v":{"few":[{"t":"idOrVar","v":"n"}," ikhethiwe"],"many":[{"t":"idOrVar","v":"n"}," ikhethiwe"],"one":[{"t":"idOrVar","v":"n"}," ikhethiwe"],"other":[{"t":"idOrVar","v":"n"}," ikhethiwe"],"two":[{"t":"idOrVar","v":"n"}," ikhethiwe"],"zero":[{"t":"idOrVar","v":"n"}," ikhethiwe"]},"$x":[{"t":"idOrVar","v":"plural"},"n"]},{"$i":"delete-n-items?","$v":{"few":["Susa",{"t":"idOrVar","v":"n"}," amavidiyo?"],"many":["Susa",{"t":"idOrVar","v":"n"}," amavidiyo?"],"one":"Susa ividiyo ekhethiwe?","other":["Susa",{"t":"idOrVar","v":"n"}," amavidiyo?"],"two":["Susa",{"t":"idOrVar","v":"n"}," amavidiyo?"],"zero":"Akukho lutho olukhethiwe"},"$x":[{"t":"idOrVar","v":"plural"},"n"]},{"$i":"not-load-video-time","$v":"--:--"},{"$i":"video-time-num","$v":["0",{"t":"idOrVar","v":"num"}]},{"$i":"video-time-minute","$v":[{"t":"idOrVar","v":"owe"},{"t":"idOrVar","v":"m"},":",{"t":"idOrVar","v":"s"}]},{"$i":"video-time-hour","$v":[{"t":"idOrVar","v":"owe"},{"t":"idOrVar","v":"h"},":",{"t":"idOrVar","v":"m"},":",{"t":"idOrVar","v":"s"}]},{"$i":"share-noprovider","$v":"Zama ukwabelana ngevidiyo eyodwa ngesikhathi."},{"$i":"videos","$v":"Amavidiyo"},{"$i":"cancel","$v":"Khansela"},{"$i":"delete-video?","$v":"Susa ividiyo ekhethiwe?"},{"$i":"empty-title","$v":"Faka amavidiyo ukuze uqale"},{"$i":"empty-text","$v":"Awekho amavidiyo atholakalayo."},{"$i":"empty-content","$v":"Ividiyo ayinalutho. Sebenzisa ikhamera ukuze uqalise."},{"$i":"search-title","$v":"Iskena amavidiyo..."},{"$i":"search-content","$v":"Iskena amavidiyo..."},{"$i":"nocard2-title","$v":"Akukho khadi lememori elitholakele"},{"$i":"nocard3-text","$v":"Akukho khadi lememori. Sicela ufake ikhadi lememori ukuze uthathe amavidiyo."},{"$i":"pluggedin-title","$v":"Ividiyo ayikwazi ukudlalwa uma ifoni isaxhunyiwe"},{"$i":"pluggedin-text","$v":"Isitoreji siyasebenza njengamanje. Sicela ukhiphe ifoni yakho ukuze uthathe ividiyo."},{"$i":"upgrade-title","$v":"Ukuthuthukisa Idatabase"},{"$i":"upgrade-text","$v":"Sicela ulinde njengoba Ividiyo ubukeza idatabase yawo."},{"$i":"confirm-delete","$v":"Uqinisekile ukuthi ufuna ukususa?"},{"$i":"pick-title","$v":"Khetha Ividiyo"},{"$i":"save","$v":"Londoloza"},{"$i":"saved","$v":"Ilondolozwe kwilabhulali Yaavidiyo."},{"$i":"save-failed","$v":"Ayikwazi ukulondoloza ividiyo, sicela uzame futhi."},{"$i":"error-network","$v":"Ividiyo ayikwazanga ukudawunilodeka ngenxa yephutha kunethiwekhi."},{"$i":"error-unsupported","$v":"Ividiyo ayidlali: kungenzeka yiseva noma yinethiwekhi ehlulekile noma uhlobo olungasekelwa."},{"$i":"error-unknown","$v":"Kuvele iphutha elingaziwa."},{"$i":"video-hardware-in-use-title","$v":"Ayikwazi ukudlala ividiyo"},{"$i":"video-hardware-in-use-text","$v":"Enye i-aplikhethini isebenzisa into yokudlala ividiyo."},{"$i":"overlay-cancel-button","$v":"Khansela"},{"$i":"overlay-camera-button","$v":"Yiya Ekhamereni"},{"$i":"sd-storage-full-header","$v":"I-SD Khadi Ligcwele"},{"$i":"sd-storage-full-content","$v":"Dilitha amafayela ku-SD khadi ukuze uvule isikhala."},{"$i":"phone-storage-full-header","$v":"Isitoreji sefoni sigcwele."},{"$i":"phone-storage-full-content","$v":"Dilitha amafayela emidiya noma idatha ye-aplikheshini ukuze uvule isikhala. Ungafaka ne-SD khadi ukuze wandisa isikhala sokulondoloza semidiya."},{"$i":"name-label","$v":"Igama"},{"$i":"length-label","$v":"Ubude"},{"$i":"size-label","$v":"Usayizi"},{"$i":"video-type-label","$v":"Uhlobo Lwevidiyo"},{"$i":"date-taken-label","$v":"Usuku Ethathwe Ngalo"},{"$i":"resolution-label","$v":"Ukucaca"},{"$i":"close-button","$v":"Vala"},{"$i":"byteUnit-B","$v":"Amabhayithi"},{"$i":"byteUnit-KB","$v":"I-KB"},{"$i":"byteUnit-MB","$v":"I-MB"},{"$i":"byteUnit-GB","$v":"I-GB"},{"$i":"byteUnit-TB","$v":"I-TB"},{"$i":"byteUnit-PB","$v":"I-PB"},{"$i":"byteUnit-EB","$v":"I-EB"},{"$i":"byteUnit-ZB","$v":"I-ZB"},{"$i":"byteUnit-YB","$v":"I-YB"},{"$i":"date-group-header","$v":"%B %Y"},{"$i":"share","$v":"Yabelana"},{"$i":"more-info","$v":"Imininingwane eyengeziwe"},{"$i":"delete","$v":"Susa"},{"$i":"video-button","ariaLabel":"Ividiyo"},{"$i":"select-button","ariaLabel":"Khetha"},{"$i":"delete-button","ariaLabel":"Susa"},{"$i":"share-button","ariaLabel":"Yabelana"},{"$i":"info-view","ariaLabel":"Ulwazi"},{"$i":"options-view","ariaLabel":"Okhetha kukho"},{"$i":"confirm-dialog","ariaLabel":"Qinisekisa"},{"$i":"videos-list","ariaLabel":"Amavidiyo"},{"$i":"options-more","ariaLabel":"Okwengeziwe"},{"$i":"seek-backward","ariaLabel":"Funa ubuyele emuva"},{"$i":"seek-bar","ariaLabel":["Ibha yokufuna, isikhathi ",{"t":"idOrVar","v":"duration"}]},{"$i":"seek-forward","ariaLabel":"Funa uye phambili"},{"$i":"play-button","ariaLabel":"Dlala"},{"$i":"pause-button","ariaLabel":"Misa"},{"$i":"fullscreen-button","ariaLabel":"Isikrini esigcwele"},{"$i":"show-controls-button","ariaLabel":"Bonisa izilawuli"},{"$i":"hide-controls-button","ariaLabel":"Fihla izilawuli"},{"$i":"confirmation-title","$v":"Ukuqinisekisa"},{"$i":"n-video-deleted","$v":{"few":[{"t":"idOrVar","v":"n"}," amavidiyo asusiwe"],"many":[{"t":"idOrVar","v":"n"}," amavidiyo asusiwe"],"one":"Ividiyo isusiwe","other":[{"t":"idOrVar","v":"n"}," amavidiyo asusiwe"],"two":[{"t":"idOrVar","v":"n"}," amavidiyo asusiwe"],"zero":"Akukho lutho olukhethiwe"},"$x":[{"t":"idOrVar","v":"plural"},"n"]},{"$i":"rename-saved","$v":"Ushintsho lulondoloziwe"},{"$i":"confirm-video","$v":"Ividiyo"},{"$i":"confirm-ok","$v":"KULUNGILE"},{"$i":"options-header","$v":"Okhetha kukho"},{"$i":"video-invalid-name","$v":"Igama Elingalungile"},{"$i":"name-already-exists","$v":"Leli gama selikhona kakade"},{"$i":"override-warning-msg","$v":"Ungathanda ukuqhubeka?"},{"$i":"override","$v":"Qhubeka"},{"$i":"opt-takevideo","$v":"Ikhamera"},{"$i":"select","$v":"Khetha"},{"$i":"opt-deselect","$v":"Yeka ukukhetha"},{"$i":"opt-delete","$v":"Susa"},{"$i":"opt-rename","$v":"Qamba kabusha"},{"$i":"opt-selectmultiple","$v":"Khetha Okuningi"},{"$i":"opt-fileinfo","$v":"Imininingwane Yefayela"},{"$i":"opt-selectall","$v":"Konke"},{"$i":"opt-deselectall","$v":"Lutho"},{"$i":"opt-fullscreen","$v":"Isikrini Esigcwele"},{"$i":"opt-play","$v":"Dlala"},{"$i":"opt-pause","$v":"Misa"},{"$i":"opt-volume","$v":"Ivolumu"},{"$i":"opt-rotate","$v":"Jikelezisa"},{"$i":"opt-cancel","$v":"Khansela"},{"$i":"opt-settings","$v":"Amasethingi"},{"$i":"weekday-0-long","$v":"ISonto"},{"$i":"weekday-1-long","$v":"UMsombuluko"},{"$i":"weekday-2-long","$v":"ULwesibili"},{"$i":"weekday-3-long","$v":"ULwesithathu"},{"$i":"weekday-4-long","$v":"ULwesine"},{"$i":"weekday-5-long","$v":"ULwesihlanu"},{"$i":"weekday-6-long","$v":"UMgqibelo"},{"$i":"weekday-0-short","$v":"Isonto"},{"$i":"weekday-1-short","$v":"Mso"},{"$i":"weekday-2-short","$v":"Lwbl"},{"$i":"weekday-3-short","$v":"Lwth"},{"$i":"weekday-4-short","$v":"Lwesn"},{"$i":"weekday-5-short","$v":"Lwshl"},{"$i":"weekday-6-short","$v":"Mgq"},{"$i":"month-0-long","$v":"Januwari"},{"$i":"month-1-long","$v":"Febhuwari"},{"$i":"month-2-long","$v":"Mashi"},{"$i":"month-3-long","$v":"Ephreli"},{"$i":"month-4-long","$v":"Meyi"},{"$i":"month-5-long","$v":"Juni"},{"$i":"month-6-long","$v":"Julayi"},{"$i":"month-7-long","$v":"Agasti"},{"$i":"month-8-long","$v":"Septhemba"},{"$i":"month-9-long","$v":"Okthoba"},{"$i":"month-10-long","$v":"Novemba"},{"$i":"month-11-long","$v":"Disemba"},{"$i":"month-0-genitive","$v":"Januwari"},{"$i":"month-1-genitive","$v":"Febhuwari"},{"$i":"month-2-genitive","$v":"Mashi"},{"$i":"month-3-genitive","$v":"Ephreli"},{"$i":"month-4-genitive","$v":"Meyi"},{"$i":"month-5-genitive","$v":"Juni"},{"$i":"month-6-genitive","$v":"Julayi"},{"$i":"month-7-genitive","$v":"Agasti"},{"$i":"month-8-genitive","$v":"Septhemba"},{"$i":"month-9-genitive","$v":"Okthoba"},{"$i":"month-10-genitive","$v":"Novemba"},{"$i":"month-11-genitive","$v":"Disemba"},{"$i":"month-0-short","$v":"Jan"},{"$i":"month-1-short","$v":"Feb"},{"$i":"month-2-short","$v":"Mas"},{"$i":"month-3-short","$v":"Ephr"},{"$i":"month-4-short","$v":"Meyi"},{"$i":"month-5-short","$v":"Jun"},{"$i":"month-6-short","$v":"Jul"},{"$i":"month-7-short","$v":"Aga"},{"$i":"month-8-short","$v":"Sep"},{"$i":"month-9-short","$v":"Okt"},{"$i":"month-10-short","$v":"Nov"},{"$i":"month-11-short","$v":"Dis"},{"$i":"minutes-ago-long","$v":{"few":[{"t":"idOrVar","v":"value"}," imizuzu edlule"],"many":[{"t":"idOrVar","v":"value"}," imizuzu edlule"],"one":"Umzuzu odlule","other":[{"t":"idOrVar","v":"value"}," imizuzu edlule"],"two":[{"t":"idOrVar","v":"value"}," imizuzu edlule"],"zero":"manje"},"$x":[{"t":"idOrVar","v":"plural"},"value"]},{"$i":"hours-ago-long","$v":{"few":[{"t":"idOrVar","v":"value"}," amahora adlule"],"many":[{"t":"idOrVar","v":"value"}," amahora adlule"],"one":"ihora elidlule","other":[{"t":"idOrVar","v":"value"}," amahora adlule"],"two":[{"t":"idOrVar","v":"value"}," amahora adlule"],"zero":"manje"},"$x":[{"t":"idOrVar","v":"plural"},"value"]},{"$i":"days-ago-long","$v":{"few":[{"t":"idOrVar","v":"value"}," izinsuku ezidlule"],"many":[{"t":"idOrVar","v":"value"}," izinsuku ezidlule"],"one":"izolo","other":[{"t":"idOrVar","v":"value"}," izinsuku ezidlule"],"two":[{"t":"idOrVar","v":"value"}," izinsuku ezidlule"],"zero":"namuhla"},"$x":[{"t":"idOrVar","v":"plural"},"value"]},{"$i":"weeks-ago-long","$v":{"few":[{"t":"idOrVar","v":"value"}," amaviki adlule"],"many":[{"t":"idOrVar","v":"value"}," amaviki adlule"],"one":"iviki eledlule","other":[{"t":"idOrVar","v":"value"}," amaviki adlule"],"two":[{"t":"idOrVar","v":"value"}," amaviki adlule"],"zero":"kuleli viki"},"$x":[{"t":"idOrVar","v":"plural"},"value"]},{"$i":"months-ago-long","$v":{"few":[{"t":"idOrVar","v":"value"}," izinyanga ezidlule"],"many":[{"t":"idOrVar","v":"value"}," izinyanga ezidlule"],"one":"inyanga edlule","other":[{"t":"idOrVar","v":"value"}," izinyanga ezidlule"],"two":[{"t":"idOrVar","v":"value"}," izinyanga ezidlule"],"zero":"kule nyanga"},"$x":[{"t":"idOrVar","v":"plural"},"value"]},{"$i":"years-ago-long","$v":{"few":[{"t":"idOrVar","v":"value"}," iminyaka edlule"],"many":[{"t":"idOrVar","v":"value"}," iminyaka edlule"],"one":"ngonyaka odlule","other":[{"t":"idOrVar","v":"value"}," iminyaka edlule"],"two":[{"t":"idOrVar","v":"value"}," iminyaka edlule"],"zero":"kulo nyaka"},"$x":[{"t":"idOrVar","v":"plural"},"value"]},{"$i":"minutes-until-long","$v":{"few":["emizuzwini engu ",{"t":"idOrVar","v":"value"}],"many":["emizuzwini engu ",{"t":"idOrVar","v":"value"}],"one":"Ngemva komzuzu","other":["emizuzwini engu ",{"t":"idOrVar","v":"value"}],"two":["emizuzwini engu ",{"t":"idOrVar","v":"value"}],"zero":"manje"},"$x":[{"t":"idOrVar","v":"plural"},"value"]},{"$i":"hours-until-long","$v":{"few":["emahoreni angu ",{"t":"idOrVar","v":"value"}],"many":["emahoreni angu ",{"t":"idOrVar","v":"value"}],"one":"Ngemva kwehora","other":["emahoreni angu ",{"t":"idOrVar","v":"value"}],"two":["emahoreni angu ",{"t":"idOrVar","v":"value"}],"zero":"manje"},"$x":[{"t":"idOrVar","v":"plural"},"value"]},{"$i":"days-until-long","$v":{"few":["Ezinsukwini ezingu ",{"t":"idOrVar","v":"value"}],"many":["Ezinsukwini ezingu ",{"t":"idOrVar","v":"value"}],"one":"kusasa","other":["Ezinsukwini ezingu ",{"t":"idOrVar","v":"value"}],"two":["Ezinsukwini ezingu ",{"t":"idOrVar","v":"value"}],"zero":"namuhla"},"$x":[{"t":"idOrVar","v":"plural"},"value"]},{"$i":"weeks-until-long","$v":{"few":["emavikini angu ",{"t":"idOrVar","v":"value"}],"many":["emavikini angu ",{"t":"idOrVar","v":"value"}],"one":"ngeviki elizayo","other":["emavikini angu ",{"t":"idOrVar","v":"value"}],"two":["emavikini angu ",{"t":"idOrVar","v":"value"}],"zero":"kuleli viki"},"$x":[{"t":"idOrVar","v":"plural"},"value"]},{"$i":"months-until-long","$v":{"few":["ezinyangeni ezingu ",{"t":"idOrVar","v":"value"}],"many":["ezinyangeni ezingu ",{"t":"idOrVar","v":"value"}],"one":"ngenyanga ezayo","other":["ezinyangeni ezingu ",{"t":"idOrVar","v":"value"}],"two":["ezinyangeni ezingu ",{"t":"idOrVar","v":"value"}],"zero":"kule nyanga"},"$x":[{"t":"idOrVar","v":"plural"},"value"]},{"$i":"years-until-long","$v":{"few":["eminyakeni engu ",{"t":"idOrVar","v":"value"}],"many":["eminyakeni engu ",{"t":"idOrVar","v":"value"}],"one":"ngonyaka ozayo","other":["eminyakeni engu ",{"t":"idOrVar","v":"value"}],"two":["eminyakeni engu ",{"t":"idOrVar","v":"value"}],"zero":"kulo nyaka"},"$x":[{"t":"idOrVar","v":"plural"},"value"]},{"$i":"minutes-ago-short","$v":{"other":[{"t":"idOrVar","v":"value"}," umzuzu odlule"],"zero":"manje"},"$x":[{"t":"idOrVar","v":"plural"},"value"]},{"$i":"hours-ago-short","$v":{"other":[{"t":"idOrVar","v":"value"}," ihora elidlule"],"zero":"manje"},"$x":[{"t":"idOrVar","v":"plural"},"value"]},{"$i":"days-ago-short","$v":{"other":[{"t":"idOrVar","v":"value"}," usuku oludlule"],"zero":"namuhla"},"$x":[{"t":"idOrVar","v":"plural"},"value"]},{"$i":"minutes-until-short","$v":{"other":["Ngemva kwemizuzu engu ",{"t":"idOrVar","v":"value"}],"zero":"manje"},"$x":[{"t":"idOrVar","v":"plural"},"value"]},{"$i":"hours-until-short","$v":{"other":["Ngehora ",{"t":"idOrVar","v":"value"}],"zero":"manje"},"$x":[{"t":"idOrVar","v":"plural"},"value"]},{"$i":"days-until-short","$v":{"other":["osukwini ",{"t":"idOrVar","v":"value"}],"zero":"namuhla"},"$x":[{"t":"idOrVar","v":"plural"},"value"]},{"$i":"incorrectDate","$v":"(Usuku olunganembile)"},{"$i":"dateTimeFormat_%c","$v":"%a %b %e %Y %I:%M:%S %p"},{"$i":"dateTimeFormat_%x","$v":"%m/%d/%Y"},{"$i":"dateTimeFormat_%X","$v":"%I:%M:%S %p"},{"$i":"shortTimeFormat","$v":"%I:%M %p"},{"$i":"shortTimeFormat12","$v":"%I:%M %p"},{"$i":"shortTimeFormat24","$v":"%H:%M"},{"$i":"shortDateTimeFormat","$v":"%x %I:%M %p"},{"$i":"weekStartsOnMonday","$v":"0.0"},{"$i":"firstDayOfTheWeek","$v":"0.0"},{"$i":"time_am","$v":"AM"},{"$i":"time_pm","$v":"PM"},{"$i":"softkey-options","$v":"Okhetha kukho"}]