[{"$i":"wifi","$v":"Kies 'n netwerk"},{"$i":"ssid","$v":"SSID"},{"$i":"no-wifi-found","$v":"Geen beskikbare netwerke nie"},{"$i":"wifi-searching","$v":"Soek netwerke"},{"$i":"security-open","$v":"Maak oop"},{"$i":"shortStatus-connecting","$v":"Verbind tans"},{"$i":"shortStatus-associated","$v":"Verkry tans IP-adres"},{"$i":"shortStatus-authenticating","$v":"Staaf tans"},{"$i":"shortStatus-connected","$v":"Gekoppel"},{"$i":"shortStatus-connectingfailed","$v":"Verbinding het misluk"},{"$i":"shortStatus-disconnected","$v":"Van lyn af"},{"$i":"shortStatus-connected-no-internet","$v":"Verbind, geen Internet nie"},{"$i":"securityWEP","$v":"BEP"},{"$i":"securityWPA-PSK","$v":"WBT-VGS"},{"$i":"securityWPA-EAP","$v":"WBT- EAP"},{"$i":"securityWPA2-PSK","$v":"WBT2-VGS"},{"$i":"securityWPA/WPA2-PSK","$v":"WBT/WBT2-VGS"},{"$i":"securedBy","$v":[{"t":"idOrVar","v":"vermoëns"}]},{"$i":"securedByWay","$v":["Beskerm deur ",{"t":"idOrVar","v":"capabilities"}]},{"$i":"security","$v":"Sekuriteit"},{"$i":"signalStrength","$v":"Seinsterkte:"},{"$i":"signalLevel0","$v":"Baie swak"},{"$i":"signalLevel1","$v":"Swak"},{"$i":"signalLevel2","$v":"Gemiddeld"},{"$i":"signalLevel3","$v":"Goed"},{"$i":"signalLevel4","$v":"Baie goed"},{"$i":"ipAddress","$v":"IP-adres"},{"$i":"linkSpeed","$v":"Koppelspoed"},{"$i":"linkSpeedMbs","$v":[{"t":"idOrVar","v":"linkSpeed"}," Mbis/s"]},{"$i":"wifi-rescan","$v":"Skandeer weer"},{"$i":"wifi-join-fail","$v":["Nie instaat om by netwerk aan te sluit nie ",{"t":"idOrVar","v":"n"},"."]},{"$i":"wifi-connect-fail","$v":["Verkeerde wagwoord vir ",{"t":"idOrVar","v":"n"},"."]},{"$i":"wifi-ip-set-fail","$v":"IP-instellings het misluk."},{"$i":"wifi-pw-length-error","$v":"Wagwoord lengte moet meer as 8 karakters wees."},{"$i":"password","$v":"Wagwoord"},{"$i":"showPassword","$v":"Wys wagwoord"},{"$i":"connect","$v":"Verbind"},{"$i":"rescanCompleted","$v":"Klaar herskandeer."},{"$i":"failedToConnect","$v":"Kon nie verbind nie"},{"$i":"select","$v":"Kies"},{"$i":"skip","$v":"Slaan oor"},{"$i":"next","$v":"Volgende"},{"$i":"accept","$v":"Aanvaar"},{"$i":"cancel","$v":"Kanselleer"},{"$i":"ok","$v":"Goed"},{"$i":"notNow","$v":"Nie nou nie"},{"$i":"forget","$v":"Vergeet"},{"$i":"confirmation","$v":"Bevestiging"},{"$i":"forget-network","$v":"Vergeet netwerk?"},{"$i":"network-forgotten","$v":"Netwerk is vergete."},{"$i":"hfa","$v":"HFA"},{"$i":"setup-phone-verification","$v":"Foon Verifikasie"},{"$i":"phone-verification-entry-message","$v":"Stel ‘n rekening op deur jou nommer te verifieer om toegang tot die winkel en bykomende dienste te verkry."},{"$i":"phone-verification-skip-message","$v":"Jou foonverifikasie is onvoltooid. Jy kan later in Instellings>Rekening verifieer. Verfikasie is nodig om toegang tot Winkel en bykomende dienste te verkry."},{"$i":"setup-account","$v":"Stel KaiOs-rekening op"},{"$i":"create-account-li","$v":"Skep Rekening"},{"$i":"login-account-li","$v":"Teken aan"},{"$i":"account-setup-message","$v":"Hou jou inligting veilig met ‘n KaiOS-rekening. Indien jy ooit jou foon verloor sal jou KaiOS-rekening jou toelaat om van oor ‘n afstand jou foon te sluit of al die data op jou foon af te vee. Jy kan ook jou KaiOS-rekening later in Instellings opstel."},{"$i":"sign-in-success","$v":"Aanteken Sukses"},{"$i":"account-welcome","$v":"Welkom"},{"$i":"logged-in-message","$v":[{"t":"idOrVar","v":"email"}]},{"$i":"anti-theft","$v":"Anti-diefstal"},{"$i":"anti-theft-info","$v":"Ons hoop dat jy nooit jou foon verloor nie, maar indien jy wel kan jy al jou data beskerm met ons afgeleë sluit en wis eienskappe. Gaan na Instellings om jou KaiOS-rekening op te stel sodra jy gereed is."},{"$i":"companion-phone","$v":"Bykomende foon"},{"$i":"companion-phone-info","$v":"Installeer die KaiOS toepassing op jou slimfoon om jou kontakname te sinchroniseer en lêers tussen jou hooffoon en jou KaiOS-foon te deel."},{"$i":"select-language","$v":"Kies taal"},{"$i":"language-current","$v":"Huidige"},{"$i":"language-readout-on","$v":"Uitlees Aan"},{"$i":"language-readout-off","$v":"Uitlees Af"},{"$i":"decline-info","$v":"Aanvaarding van die KaiOS-lisensie se Bepalings en Voorwaardes is verpligtend om hierdie toestel te gebruik."},{"$i":"kaios-license","$v":"KaiOS se lisensiebepalings en privaatheidsbeleid"},{"$i":"decline","$v":"Weier"},{"$i":"privacy-confirm","$v":"Deur Aanvaar te druk stem jy in tot KaiOS se lisensiebepalings en privaatheidsbeleid."},{"$i":"open-url","$v":"MAAK URL OOP"},{"$i":"lyf-license","$v":"LYF Lisensie Terme"},{"$i":"emergency","$v":"Nood"},{"$i":"pin-incorrect","$v":"Verkeerde PIN"},{"$i":"puk-incorrect","$v":"Verkeerde POK."},{"$i":"inputCodeRetriesLeft","$v":{"few":[{"t":"idOrVar","v":"n"}," probeerslae oor."],"many":[{"t":"idOrVar","v":"n"}," probeerslae oor."],"one":"1 probeerslag oor","other":[{"t":"idOrVar","v":"n"}," probeerslae oor."],"two":[{"t":"idOrVar","v":"n"}," probeerslae oor."]},"$x":[{"t":"idOrVar","v":"plural"},"n"]},{"$i":"inputCodePukRetriesLeft","$v":{"few":[{"t":"idOrVar","v":"n"}," probeerslae oor."],"many":[{"t":"idOrVar","v":"n"}," probeerslae oor."],"one":"1 probeerslag oor","other":[{"t":"idOrVar","v":"n"}," probeerslae oor."],"two":[{"t":"idOrVar","v":"n"}," probeerslae oor."]},"$x":[{"t":"idOrVar","v":"plural"},"n"]},{"$i":"pin-label","$v":"SIM PIN"},{"$i":"enter-pin","$v":"Voer SIM PIN in"},{"$i":"sim1-enter-pin","$v":"Voer SIM1 PIN in"},{"$i":"sim2-enter-pin","$v":"Voer SIM2 PIN in"},{"$i":"done","$v":"Klaar"},{"$i":"enter-puk","$v":"Voer POK in"},{"$i":"sim1-enter-puk","$v":"Voer SIM1 PUK in"},{"$i":"sim2-enter-puk","$v":"Voer SIM2 PUK in"},{"$i":"puk-label","$v":"POK"},{"$i":"new-pin-label","$v":"Nuwe SIM se PIN (moet 4 - 8 syfers bevat)"},{"$i":"confirm-new-pin-label","$v":"Bevestig nuwe SIM se PIN"},{"$i":"pincode-length-error","$v":"SIM PIN moet 4-8 syfers wees."},{"$i":"pin-final-locked","$v":"SIM-kaart is gesluit."},{"$i":"pin-final-failed-text","$v":"Wil jy die POK-kode invoer om die SIM-kaart te onsluit?"},{"$i":"sim-locked","$v":"SIM gesluit"},{"$i":"sim1-locked","$v":"SIM1 Gesluit"},{"$i":"sim2-locked","$v":"SIM2 Gesluit"},{"$i":"new-pin-confirm-error","$v":"Nuwe SIM PIN bevestiging het misluk."},{"$i":"puk-final-locked","$v":"Verkeerde POK."},{"$i":"puk-final-failed-text","$v":"Jou SIM-kaart is permanent gesluit. Kontak jou draer vir meer inligting."},{"$i":"about-kaios","$v":"Omtrent KaiOS"},{"$i":"about-kaios-p1","$v":"Welkom by KaiOS."},{"$i":"about-kaios-p2","$v":"Ons doelwit is om geleenthede vir individue, hulle families en gemeenskappe te skep deur toegang tot goeie digitale produkte en dienste ŉ werklikheid te maak vir alle lede van die gemeenskap."},{"$i":"about-kaios-p3","$v":"Jy kan ons help om produkte en dienste te verbeter deur outomaties analitiese data te stuur. Sien ons privaatheidsterme om te sien hoe ons data op jou toestel hanteer."},{"$i":"about-kaios-p4","$v":{"$o":"Jy kan hierdie instellings verander in Instellings > Privaatheid & Sekuriteit > Omtrent KaiOS."}},{"$i":"about-kaios-agree","$v":"Ek wil help deur analisedata te stuur."},{"$i":"about-kaios-age","$v":"Ek is ouer as 16."},{"$i":"about-kaios-ad","$v":"Gebruik my data om my reklame-ervaring te verbeter."},{"$i":"deselect","$v":"Deselekteer"},{"$i":"selectKeyboard","$v":"Kies sleutelbord"},{"$i":"send-data-via","$v":"Stuur data via"},{"$i":"wifi-and-carrier-data","$v":"Wi-Fi en draerdata"},{"$i":"wifi-only","$v":"Slegs Wi-Fi"},{"$i":"more","$v":"Meer >"},{"$i":"qtn_oobe_high_volume","$v":"Let asseblief op op hoë volume in Toeganklikheidsmodus."},{"$i":"qtn_oobe_enter","$v":"Wil jy steeds by Toeganklikheidsmodus ingaan?"},{"$i":"qtn_oobe_hdr_senior_mode","$v":"Toeganklikheidsmodus"},{"$i":"qtn_oobe_hdr_ICE","$v":"ICE-inligting"},{"$i":"qtn_oobe_rem_create_ICE","$v":"Skep asseblief jou ICE inligtingbesonderhede wat jou in 'n noodgeval sal help."},{"$i":"qtn_oobe_set_ICE_contact","$v":"Nadat jy die toestel begin het,"},{"$i":"qtn_oobe_btn_ICE_info","$v":"Skep ICE-inligting"},{"$i":"qtn-privacy-terms-welcome","$v":"Welkom"},{"$i":"qtn-privacy-policy-description-1","$v":["Dankie dat u ",{"t":"idOrVar","v":"WDM"}," gekies het."]},{"$i":"qtn-privacy-policy-description-2","$v":"Jou gebruik van HMD Global-dienste en -toepassings op jou toestel word bestuur deur die HMD Global-privaatheidsbeleid, beskikbaar by www.nokia.com/mobile-privacy."},{"$i":"qtn-privacy-policy-description-3","$v":["U gebruik van KaiOS-sagteware, -dienste en -toepassings op u toestel word bestuur deur KaiOS EULA en -privaatheidsbepalings, beskikbaar by ",{"t":"idOrVar","v":"WDM"},"."]},{"$i":"qtn-privacy-policy-description-4","$v":{"$o":"Die toestelaktiveringsinligting met eenmalige toestelligging sal saam met u unieke toestel- en netwerkinligting na KAI & HMD gestuur word."}},{"$i":"qtn-privacy-policy-description-5","$v":"Hierdie inligting stel ons in staat om beter aan die aanvraag in jou land te voldoen, om SW opdaterings te verskaf, asook kliëntediens en om dienste te aktiveer."},{"$i":"qtn-privacy-policy-description-6","$v":"Datakostes kan dalk geld."},{"$i":"qtn-privacy-policy-description-7","$v":"Privaatheid of ander kennisgewings kan dalk verskaf word wanneer jy ander kenmerke op jou toestel gebruik."},{"$i":"data-connectivity","$v":"Waarskuwingsboodskap"},{"$i":"data-message","$v":"Opstellingsassistent sal moontlik data oor mobiele netwerk gedurende aanvanklike opstelling van die slimfoon gebruik."}]