[{"$i":"wifi","$v":"تحديد شبكة"},{"$i":"ssid","$v":"SSID"},{"$i":"no-wifi-found","$v":"لا تتوفر شبكات"},{"$i":"wifi-searching","$v":"جار البحث عن الشبكات..."},{"$i":"security-open","$v":"فتح"},{"$i":"shortStatus-connecting","$v":"يتم الاتصال..."},{"$i":"shortStatus-associated","$v":"جارٍ الحصول على عنوان IP…"},{"$i":"shortStatus-authenticating","$v":"تتم الآن المصادقة..."},{"$i":"shortStatus-connected","$v":"متصل"},{"$i":"shortStatus-connectingfailed","$v":"فشل الاتصال"},{"$i":"shortStatus-disconnected","$v":"غير متصل"},{"$i":"shortStatus-connected-no-internet","$v":"متصل، لا يوجد اتصال بالإنترنت"},{"$i":"securityWEP","$v":"WEP"},{"$i":"securityWPA-PSK","$v":"WPA-PSK"},{"$i":"securityWPA-EAP","$v":"WPA-EAP"},{"$i":"securityWPA2-PSK","$v":"WPA2-PSK"},{"$i":"securityWPA/WPA2-PSK","$v":"WPA/WPA2-PSK"},{"$i":"securedBy","$v":[{"t":"idOrVar","v":"capabilities"}]},{"$i":"securedByWay","$v":["الشبكة مؤمنة بـ ",{"t":"idOrVar","v":"capabilities"}]},{"$i":"security","$v":"الحماية"},{"$i":"signalStrength","$v":"قوة الإشارة"},{"$i":"signalLevel0","$v":"ضعيف جداً"},{"$i":"signalLevel1","$v":"ضعيف"},{"$i":"signalLevel2","$v":"متوسط"},{"$i":"signalLevel3","$v":"جيد"},{"$i":"signalLevel4","$v":"جيد جداً"},{"$i":"ipAddress","$v":"عنوان IP"},{"$i":"linkSpeed","$v":"سرعة الاتصال"},{"$i":"linkSpeedMbs","$v":[{"t":"idOrVar","v":"linkSpeed"}," ميجابت"]},{"$i":"wifi-rescan","$v":"إعادة المسح"},{"$i":"wifi-join-fail","$v":["يتعذر الانضمام إلى الشبكة ",{"t":"idOrVar","v":"n"},"."]},{"$i":"wifi-connect-fail","$v":["كلمة المرور غير صحيحة لـ ",{"t":"idOrVar","v":"n"},"."]},{"$i":"wifi-ip-set-fail","$v":"فشلت إعدادات IP."},{"$i":"wifi-pw-length-error","$v":"يجب أن يزيد طول كلمة المرور عن 8 حروف."},{"$i":"password","$v":"كلمة المرور"},{"$i":"showPassword","$v":"إظهار كلمة المرور"},{"$i":"connect","$v":"اتصال"},{"$i":"rescanCompleted","$v":"تمت إعادة الفحص."},{"$i":"failedToConnect","$v":"فشل الاتصال"},{"$i":"select","$v":"تحديد"},{"$i":"skip","$v":"تخطي"},{"$i":"next","$v":"التالي"},{"$i":"accept","$v":"قبول"},{"$i":"cancel","$v":"إلغاء"},{"$i":"ok","$v":"موافق"},{"$i":"notNow","$v":"ليس الآن"},{"$i":"forget","$v":"إلغاء الاقتران"},{"$i":"confirmation","$v":"تأكيد"},{"$i":"forget-network","$v":"نسيان الشبكة؟"},{"$i":"network-forgotten","$v":"تم نسيان الشبكة."},{"$i":"hfa","$v":"HFA"},{"$i":"setup-phone-verification","$v":"التحقق من الهاتف"},{"$i":"phone-verification-entry-message","$v":"قم بإعداد حساب عن طريق التحقق من صحة رقمك للوصول إلى المتجر والخدمات الإضافية."},{"$i":"phone-verification-skip-message","$v":"لم يكتمل التحقق من صحة رقم هاتفك. يمكنك التحقق لاحقًا من الإعدادات> الحساب. يلزم التحقق للوصول إلى المتجر والخدمات الإضافية."},{"$i":"setup-account","$v":"إعداد حساب KaiOS"},{"$i":"create-account-li","$v":"إنشاء حساب"},{"$i":"login-account-li","$v":"تسجيل الدخول"},{"$i":"account-setup-message","$v":"حافظ على أمان معلوماتك مع حساب KaiOS. إذا فقدت هاتفك، فسوف يسمح لك حساب KaiOS بقفل جميع البيانات الموجودة عليه أو مسحها عن بعد. يمكنك أيضا إعداد حساب KaiOS الخاص بك في وقت لاحق في الإعدادات"},{"$i":"sign-in-success","$v":"نجح تسجيل الدخول"},{"$i":"account-welcome","$v":"مرحبًا"},{"$i":"logged-in-message","$v":[{"t":"idOrVar","v":"email"}]},{"$i":"anti-theft","$v":"الحماية من السرقة"},{"$i":"anti-theft-info","$v":"نأمل ألا تفقد هاتفك أبدًا، ولكن إذا حدث ذلك، فإنه يمكنك حماية بياناتك الخاصة من خلال ميزات القفل والمسح عن بعد. عندما تكون مستعدًا، انتقل إلى الإعدادات لإعداد حساب KaiOS الخاص بك."},{"$i":"companion-phone","$v":"رفيق الهاتف"},{"$i":"companion-phone-info","$v":"قم بتثبيت تطبيق KaiOS المصاحب على هاتفك الذكي لمزامنة جهات الاتصال ونقل الملفات بين جهازك الأساسي وهاتفك الذي يدعم KaiOS."},{"$i":"select-language","$v":"تحديد اللغة"},{"$i":"language-current","$v":"الحالي"},{"$i":"language-readout-on","$v":"تشغيل القراءة"},{"$i":"language-readout-off","$v":"إيقاف القراءة"},{"$i":"decline-info","$v":"يلزم قبول سياسة الخصوصية وشروط ترخيص KaiOS لاستخدام هذا الجهاز."},{"$i":"kaios-license","$v":"سياسة الخصوصية وشروط ترخيص KaiOS"},{"$i":"decline","$v":"رفض"},{"$i":"privacy-confirm","$v":"يعني الضغط على Accept (قبول) أنك توافق على سياسة الخصوصية وشروط ترخيص KaiOS."},{"$i":"open-url","$v":"رابط URL مفتوح"},{"$i":"lyf-license","$v":"شروط ترخيص LYF"},{"$i":"emergency","$v":"طوارئ"},{"$i":"pin-incorrect","$v":"رمز PIN غير صحيح."},{"$i":"puk-incorrect","$v":"رمز PIN غير صحيح."},{"$i":"inputCodeRetriesLeft","$v":{"few":[{"t":"idOrVar","v":"n"}," محاولة متبقية ."],"many":[{"t":"idOrVar","v":"n"}," محاولة متبقية ."],"one":"محاولة واحدة متبقية.","other":[{"t":"idOrVar","v":"n"}," محاولة متبقية ."],"two":[{"t":"idOrVar","v":"n"}," محاولة متبقية ."]},"$x":[{"t":"idOrVar","v":"plural"},"n"]},{"$i":"inputCodePukRetriesLeft","$v":{"few":[{"t":"idOrVar","v":"n"}," محاولة متبقية ."],"many":[{"t":"idOrVar","v":"n"}," محاولة متبقية ."],"one":"محاولة واحدة متبقية.","other":[{"t":"idOrVar","v":"n"}," محاولة متبقية ."],"two":[{"t":"idOrVar","v":"n"}," محاولة متبقية ."]},"$x":[{"t":"idOrVar","v":"plural"},"n"]},{"$i":"pin-label","$v":"رمز PIN لبطاقة SIM"},{"$i":"enter-pin","$v":"أدخل رمز PIN لبطاقة SIM"},{"$i":"sim1-enter-pin","$v":"أدخل رمز PIN للبطاقة SIM1"},{"$i":"sim2-enter-pin","$v":"أدخل رمز PIN للبطاقة SIM2"},{"$i":"done","$v":"تم"},{"$i":"enter-puk","$v":"إدخال PUK"},{"$i":"sim1-enter-puk","$v":"أدخل رمز PUK للبطاقة SIM1"},{"$i":"sim2-enter-puk","$v":"أدخل رمز PUK للبطاقة SIM2"},{"$i":"puk-label","$v":"PUK"},{"$i":"new-pin-label","$v":"رمز PIN الجديد لبطاقة SIM (يجب أن يتكون من 4 إلى 8 أرقام)"},{"$i":"confirm-new-pin-label","$v":"تأكيد رمز PIN الجديد لبطاقة SIM"},{"$i":"pincode-length-error","$v":"يجب أن يتكون رمز PIN الخاص ببطاقة SIM من 4 إلى 8 أرقام."},{"$i":"pin-final-locked","$v":"تم قفل بطاقة SIM."},{"$i":"pin-final-failed-text","$v":"هل ترغب في إدخال رمز PUK لإلغاء قفل بطاقة SIM؟"},{"$i":"sim-locked","$v":"تم قفل SIM"},{"$i":"sim1-locked","$v":"تم قفل بطاقة SIM1"},{"$i":"sim2-locked","$v":"تم قفل بطاقة SIM2"},{"$i":"new-pin-confirm-error","$v":"فشل تأكيد رمز PIN الجديد لبطاقة SIM."},{"$i":"puk-final-locked","$v":"رمز PIN غير صحيح."},{"$i":"puk-final-failed-text","$v":"تم تأمين بطاقة SIM بشكل دائم. اتصل بمشغل شبكة المحمول للحصول على مزيد من المعلومات."},{"$i":"about-kaios","$v":"حول KaiOS"},{"$i":"about-kaios-p1","$v":"مرحبًا بك في KaiOS."},{"$i":"about-kaios-p2","$v":"تتمثل مهمتنا في إتاحة الفرص للأفراد وعائلاتهم والمجتمعات من خلال جعل الوصول إلى المنتجات والخدمات الرقمية الرائعة حقيقة واقعة لجميع أفراد المجتمع."},{"$i":"about-kaios-p3","$v":"يمكنك مساعدتنا في تحسين المنتجات والخدمات عن طريق إرسال بيانات التحليلات تلقائيًا. راجع شروط الخصوصية لمعرفة كيفية تعاملنا مع البيانات المتاحة على أجهزتك."},{"$i":"about-kaios-p4","$v":"يمكنك تغيير هذه الإعدادات في الإعدادات > الخصوصية والأمان > حول KaiOS."},{"$i":"about-kaios-agree","$v":"أريد المساعدة عن طريق إرسال بيانات التحليلات."},{"$i":"about-kaios-age","$v":"عمري أكبر من 16 سنة."},{"$i":"about-kaios-ad","$v":"استخدام بياناتي لتحسين تجربة الإعلانات التي تظهر لي."},{"$i":"deselect","$v":"إلغاء تحديد"},{"$i":"selectKeyboard","$v":"تحديد لوحة مفاتيح"},{"$i":"send-data-via","$v":"إرسال البيانات عبر"},{"$i":"wifi-and-carrier-data","$v":"Wi-Fi وبيانات شركة المحمول"},{"$i":"wifi-only","$v":"Wi-Fi فقط"},{"$i":"more","$v":"المزيد  >"},{"$i":"qtn_oobe_high_volume","$v":"يرجى الانتباه إلى ارتفاع مستوى الصوت في وضع \"إمكانية الوصول\"."},{"$i":"qtn_oobe_enter","$v":"هل لا تزال تريد الدخول إلى وضع \"إمكانية الوصول\"؟"},{"$i":"qtn_oobe_hdr_senior_mode","$v":"وضع \"إمكانية الوصول"},{"$i":"qtn_oobe_hdr_ICE","$v":"معلومات ICE"},{"$i":"qtn_oobe_rem_create_ICE","$v":"يرجى إنشاء تفاصيل معلوماتICE، التي ستساعدك في حالة الطوارئ."},{"$i":"qtn_oobe_set_ICE_contact","$v":"بعد بدء تشغيل الجهاز،"},{"$i":"qtn_oobe_btn_ICE_info","$v":"إنشاء معلومات ICE"},{"$i":"qtn-privacy-terms-welcome","$v":"مرحبًا"},{"$i":"qtn-privacy-policy-description-1","$v":["شكرًا لاختيارك ",{"t":"idOrVar","v":"WDM"},"."]},{"$i":"qtn-privacy-policy-description-2","$v":"تتحكم سياسة خصوصية HMD Global المتوفرة على www.nokia.com/mobile-privacy في استخدامك لخدمات HMD Global وتطبيقاتها على جهازك."},{"$i":"qtn-privacy-policy-description-3","$v":["تحكم استخدامك لبرامج KaiOS وخدماته وتطبيقاته في جهازك اتفاقيةُ ترخيص المستخدم النهائي (EULA) لنظام KaiOS وكذلك شروط الخصوصية، المتوفرة على ",{"t":"idOrVar","v":"WDM"},"."]},{"$i":"qtn-privacy-policy-description-4","$v":{"$o":"سيتم إرسال معلومات تنشيط الجهاز مع موقع الجهاز لمرة واحدة، إلى جانب معلومات الجهاز والشبكة الفريدة إلى KAI & HMD."}},{"$i":"qtn-privacy-policy-description-5","$v":"تتيح لنا هذه المعلومات تلبية الطلب في بلدك وتوفير تحديثات البرامج ودعم العملاء وتنشيط الخدمات."},{"$i":"qtn-privacy-policy-description-6","$v":"قد يتم فرض رسوم بيانات."},{"$i":"qtn-privacy-policy-description-7","$v":"يمكن تقديم إشعارات الخصوصية أو إشعارات أخرى عند استخدام ميزات مختلفة لجهازك."},{"$i":"data-connectivity","$v":"رسالة تحذير"},{"$i":"data-message","$v":"من الممكن أن يستخدم معالج الإعداد البيانات عبر شبكة الجوال أثناء الإعداد الأولي للهاتف الذكي."}]