[{"$i":"wifi","$v":"Şəbəkəni seç"},{"$i":"ssid","$v":"SSID"},{"$i":"no-wifi-found","$v":"Heç bir mövcud şəbəkə yoxdur"},{"$i":"wifi-searching","$v":"Şəbəkələri axtarır…"},{"$i":"security-open","$v":"Aç"},{"$i":"shortStatus-connecting","$v":"Qoşulur…"},{"$i":"shortStatus-associated","$v":"IP ünv əldə edil…"},{"$i":"shortStatus-authenticating","$v":"Autentikasiya edilir…"},{"$i":"shortStatus-connected","$v":"Qoşuldu"},{"$i":"shortStatus-connectingfailed","$v":"Bağlantı uğursuz oldu"},{"$i":"shortStatus-disconnected","$v":"Oflayn"},{"$i":"shortStatus-connected-no-internet","$v":"Qoşulub, internet yoxdur"},{"$i":"securityWEP","$v":"WEP"},{"$i":"securityWPA-PSK","$v":"WPA-PSK"},{"$i":"securityWPA-EAP","$v":"WPA-EAP"},{"$i":"securityWPA2-PSK","$v":"WPA2-PSK"},{"$i":"securityWPA/WPA2-PSK","$v":"WPA/WPA2-PSK"},{"$i":"securedBy","$v":[{"t":"idOrVar","v":"capabilities"}]},{"$i":"securedByWay","$v":[{"t":"idOrVar","v":"capabilities"}," tərəf təm edi"]},{"$i":"security","$v":"Təhlükəsizlik"},{"$i":"signalStrength","$v":"Siqnal gücü"},{"$i":"signalLevel0","$v":"Çox zəif"},{"$i":"signalLevel1","$v":"Zəif"},{"$i":"signalLevel2","$v":"Orta"},{"$i":"signalLevel3","$v":"Yaxşı"},{"$i":"signalLevel4","$v":"Çox yaxşı"},{"$i":"ipAddress","$v":"IP ünvanı"},{"$i":"linkSpeed","$v":"Link sürəti"},{"$i":"linkSpeedMbs","$v":[{"t":"idOrVar","v":"linkSpeed"}," Mbit/s"]},{"$i":"wifi-rescan","$v":"Təkrar skanla"},{"$i":"wifi-join-fail","$v":[{"t":"idOrVar","v":"n"}," şəbəkəsinə qoşulmaq olmur."]},{"$i":"wifi-connect-fail","$v":[{"t":"idOrVar","v":"n"}," üçün yanlış parol."]},{"$i":"wifi-ip-set-fail","$v":"IP parametrləri uğursuz oldu."},{"$i":"wifi-pw-length-error","$v":"Parolun uzunl 8 simvold çox olmalıdır."},{"$i":"password","$v":"Parol"},{"$i":"showPassword","$v":"Parolu göstər"},{"$i":"connect","$v":"Qoşul"},{"$i":"rescanCompleted","$v":"Təkrar skanlama tamamlandı."},{"$i":"failedToConnect","$v":"Qoşulma uğursuz oldu"},{"$i":"select","$v":"Seç"},{"$i":"skip","$v":"Ötür"},{"$i":"next","$v":"Növbəti"},{"$i":"accept","$v":"Qəbul et"},{"$i":"cancel","$v":"Ləğv et"},{"$i":"ok","$v":"OK"},{"$i":"notNow","$v":"İndi deyil"},{"$i":"forget","$v":"Unut"},{"$i":"confirmation","$v":"Təsdiq"},{"$i":"forget-network","$v":"Şəbəkə unudulsun?"},{"$i":"network-forgotten","$v":"Şəbəkə unudulub."},{"$i":"hfa","$v":"HFA"},{"$i":"setup-phone-verification","$v":"Telefon yoxlaması"},{"$i":"phone-verification-entry-message","$v":"Yaddaş və əlavə xidmətlərə daxil olmaq üçün nömrənizi təsdiq etməklə, hesabı quraşdırın."},{"$i":"phone-verification-skip-message","$v":"Telefon yoxlamanız natamamdır. Daha sonra Parametrlər > Hesab bölməsindən yoxlaya bilərsiniz. Yaddaşa və əlavə xidmətlərə daxil olmaq üçün yoxlama tələb edilir."},{"$i":"setup-account","$v":"KaiOS Hesabını Qur"},{"$i":"create-account-li","$v":"Hesab Yarat"},{"$i":"login-account-li","$v":"Daxil Ol"},{"$i":"account-setup-message","$v":"Məlumatınızı KaiOS hesabı ilə təhlükəsiz saxlayın. Nə vaxtsa telefonunuzu itirsəniz, KaiOS hesabınız telefonunuzdakı bütün məlumatları uzaqdan kilidləməyə və ya silməyə imkan verəcək. KaiOS hesabınızı həmçinin daha sonra Parametrlərdə qura bilərsiniz."},{"$i":"sign-in-success","$v":"Daxil Olmaq Uğurlu oldu"},{"$i":"account-welcome","$v":"Xoş gəlmisiniz"},{"$i":"logged-in-message","$v":[{"t":"idOrVar","v":"email"}]},{"$i":"anti-theft","$v":"Anti-Oğurluq"},{"$i":"anti-theft-info","$v":"Ümid edirik ki, telefonunuzu heç vaxt itirməyəcəksiniz, lakin bu baş verərsə, məlumatlarınızı bizim uzaqdan kilidlə və sil xüsusiyyətlərimiz ilə qoruya bilərsiniz. Hazır olduğunuzda, KaiOS hesabınızı qurmaq üçün Parametrləri seçin."},{"$i":"companion-phone","$v":"Əməkdaş Telefonu"},{"$i":"companion-phone-info","$v":"Əsas cihazınız və KaiOS tərəfindən dəstəklənən telefonunuz arasında kontaktları sinxronlaşdırmaq və faylları ötürmək üçün smartfonunuza KaiOS kompanyon proqramını quraşdırın."},{"$i":"select-language","$v":"Dili seç"},{"$i":"language-current","$v":"Cari"},{"$i":"language-readout-on","$v":"Oxunuş Açıqdır"},{"$i":"language-readout-off","$v":"Oxunuş Bağlıdır"},{"$i":"decline-info","$v":"Bu cihazı istif. et. üçün Şərtlər və Qaydaların qəbul ed. tələb edilir."},{"$i":"kaios-license","$v":"KaiOS Lisenziya Şərtləri"},{"$i":"decline","$v":"Azalma"},{"$i":"privacy-confirm","$v":"Qəbul seçimini basmaqla, KaiOS Lisenziya Şərtləri və Məxfilik Siyasəti ilə razılaşırsınız."},{"$i":"open-url","$v":"AÇIQ URL"},{"$i":"lyf-license","$v":"LYF Lisenziya Şərtləri"},{"$i":"emergency","$v":"Təcili"},{"$i":"pin-incorrect","$v":"Yanlış PIN."},{"$i":"puk-incorrect","$v":"Yanlış PUK."},{"$i":"inputCodeRetriesLeft","$v":{"few":[{"t":"idOrVar","v":"n"}," cəhd qalır."],"many":[{"t":"idOrVar","v":"n"}," cəhd qalır."],"one":"(Yanlış PIN. 1 cəhd qalıb.)","other":[{"t":"idOrVar","v":"n"}," cəhd qalır."],"two":["(Yanlış PIN. ",{"t":"idOrVar","v":"n"}," cəhd qalıb.)"]},"$x":[{"t":"idOrVar","v":"plural"},"n"]},{"$i":"inputCodePukRetriesLeft","$v":{"few":[{"t":"idOrVar","v":"n"}," cəhd qalır."],"many":[{"t":"idOrVar","v":"n"}," cəhd qalır."],"one":"1 cəhd qalır.","other":[{"t":"idOrVar","v":"n"}," cəhd qalır."],"two":[{"t":"idOrVar","v":"n"}," cəhd qalır."]},"$x":[{"t":"idOrVar","v":"plural"},"n"]},{"$i":"pin-label","$v":"SIM PIN"},{"$i":"enter-pin","$v":"SIM PIN daxil et"},{"$i":"sim1-enter-pin","$v":"SIM1 PIN kodu daxil et"},{"$i":"sim2-enter-pin","$v":"SIM2 PIN kodu daxil et"},{"$i":"done","$v":"Hazırdır"},{"$i":"enter-puk","$v":"PUK daxil et"},{"$i":"sim1-enter-puk","$v":"SIM1 PUK kodu daxil et"},{"$i":"sim2-enter-puk","$v":"SIM2 PUK kodu daxil et"},{"$i":"puk-label","$v":"PUK"},{"$i":"new-pin-label","$v":"Yeni SIM PIN(4–8 rəqəmli)"},{"$i":"confirm-new-pin-label","$v":"Yeni SIM PIN təsdiqlə"},{"$i":"pincode-length-error","$v":"SIM PIN 4–8 rəq olmal."},{"$i":"pin-final-locked","$v":"SIM kart kilidləndi."},{"$i":"pin-final-failed-text","$v":"SIM kartın kilidini açmaq üçün PUK kodu daxil etmək istəyirsiniz?"},{"$i":"sim-locked","$v":"SIM Kilidləndi"},{"$i":"sim1-locked","$v":"SIM1 Kilidlidir"},{"$i":"sim2-locked","$v":"SIM2 Kilidlidir"},{"$i":"new-pin-confirm-error","$v":"Yeni SIM PIN təsd-mədi."},{"$i":"puk-final-locked","$v":"Yanlış PUK."},{"$i":"puk-final-failed-text","$v":"SIM kartınız daimi olaraq kilidləndi. Daha ətraflı məlumat üçün daşıyıcınızla əlaqə saxlayın."},{"$i":"about-kaios","$v":"KaiOS haqqında"},{"$i":"about-kaios-p1","$v":"KaiOS xoş gəlmisiniz."},{"$i":"about-kaios-p2","$v":"Misyonumuz, böyük rəqəmsal məhsullara və xidmətlərə cəmiyyətin bütün üzvləri üçün gerçəklik əldə etməklə fərdlər, ailələr və icmalar üçün imkanlar açmaqdır."},{"$i":"about-kaios-p3","$v":"Siz analitik məlumatları avtomatik olaraq göndərərək bizə məhsul və xidmətlərin yaxşılaşdırılmasına kömək edə bilərsiniz. Cihazlarınızdakı məlumatlarınızı necə idarə etdiyimizi öyrənmək üçün gizlilik şərtlərinə baxın."},{"$i":"about-kaios-p4","$v":"Bu parametrləri Parametrlər> Məxfilik və Təhlükəsizlik> KaiOS haqqında dəyişə bilərsiniz."},{"$i":"about-kaios-agree","$v":"Analytics məlumatlarını göndərməklə kömək etmək istəyirəm."},{"$i":"about-kaios-age","$v":"Mən 16 yaşında oldum."},{"$i":"about-kaios-ad","$v":"Reklam təcrübəmi artırmaq üçün məlumatlarımı istifadə edin."},{"$i":"deselect","$v":"Ləğv et"},{"$i":"selectKeyboard","$v":"Klaviatura seçin"},{"$i":"send-data-via","$v":"Məlumat vasitəsilə göndər"},{"$i":"wifi-and-carrier-data","$v":"Wi-Fi və mobil məlumatlar"},{"$i":"wifi-only","$v":"Yalnız Wi-Fi"},{"$i":"more","$v":"Daha çox >"},{"$i":"qtn_oobe_high_volume","$v":"Giriş imkanı rejimində yüksək səsə diqqət edin."},{"$i":"qtn_oobe_enter","$v":"Hələ də Giriş imkanı rejiminə daxil olmaq istəyirsiniz?"},{"$i":"qtn_oobe_hdr_senior_mode","$v":"Giriş imkanı rejimi"},{"$i":"qtn_oobe_hdr_ICE","$v":"ICE Məlumatları"},{"$i":"qtn_oobe_rem_create_ICE","$v":"Fövqaladə hallarda sizə kömək edəcək ICE məlumatları təfsilatlarını yaradın."},{"$i":"qtn_oobe_set_ICE_contact","$v":"Cihazı işə saldıqdan"},{"$i":"qtn_oobe_btn_ICE_info","$v":"ICE məlumatlarını yaradın"},{"$i":"qtn-privacy-terms-welcome","$v":"Xoş gəlmisiniz"},{"$i":"qtn-privacy-policy-description-1","$v":[{"t":"idOrVar","v":"WDM"}," seçdiyiniz üçün sizə təşəkkür edirik."]},{"$i":"qtn-privacy-policy-description-2","$v":"Cihazınızda HMD Global Xidmətlərindən və proqramlarından  istifadə, www.nokia.com/mobile-privacy ünvanında mövcud olan, HMD Global Məxfilik Siyasəti tərəfindən idarə olunur."},{"$i":"qtn-privacy-policy-description-3","$v":["Cihazınızda KaiOS proqram təminatından, xidmətlərdən və proqramlardan istifadənizə KaiOS EULA tərəfindən nəzarət edilir, Məxfilik şərtləri ",{"t":"idOrVar","v":"WDM"}," ünvanında əlçatandır."]},{"$i":"qtn-privacy-policy-description-4","$v":{"$o":"Cihazınızın aktivasiya məlumatları unikal cihaz və şəbəkə məlmatları ilə yanaşı bir dəfəlik cihaz məlumatları ilə KAI & HMD-yə göndəriləcək."}},{"$i":"qtn-privacy-policy-description-5","$v":"Bu məlumat ölkənizdəki tələbatı daha yaxşı ödəməyə, proq yeniləm, müştəri dəstəyi təmin etməyə və xidmtlr aktivlşdirmyə imkan verir."},{"$i":"qtn-privacy-policy-description-6","$v":"Məlumat tarifləri tutula bilər."},{"$i":"qtn-privacy-policy-description-7","$v":"Məxfilik və yaxud başqa bildirişlər, siz cihazınızda müxtəlif funksiyalardan istifadə edən zaman təmin oluna bilər."},{"$i":"data-connectivity","$v":"Xəbərdarlıq mesajı"},{"$i":"data-message","$v":"Quraşdırma köməkçisi ağıllı telefonun ilkin quraşdırılması zamanı mobil şəbəkə vasitəsilə məlumatları istifadə edə bilər."}]