[{"$i":"wifi","$v":"Выбраць сетку"},{"$i":"ssid","$v":"SSID"},{"$i":"no-wifi-found","$v":"Няма даступных сетак"},{"$i":"wifi-searching","$v":"Пошук у сетках…"},{"$i":"security-open","$v":"Адкрыць"},{"$i":"shortStatus-connecting","$v":"Падлучаецца…"},{"$i":"shortStatus-associated","$v":"Атрым. IP…"},{"$i":"shortStatus-authenticating","$v":"Аўтэнтыфікацыя…"},{"$i":"shortStatus-connected","$v":"Падлучана"},{"$i":"shortStatus-connectingfailed","$v":"Памылка падлучэння"},{"$i":"shortStatus-disconnected","$v":"Офлайн"},{"$i":"shortStatus-connected-no-internet","$v":"Падключана, няма інтэрнэту"},{"$i":"securityWEP","$v":"WEP"},{"$i":"securityWPA-PSK","$v":"WPA-PSK"},{"$i":"securityWPA-EAP","$v":"WPA-EAP"},{"$i":"securityWPA2-PSK","$v":"WPA2-PSK"},{"$i":"securityWPA/WPA2-PSK","$v":"WPA/WPA2-PSK"},{"$i":"securedBy","$v":[{"t":"idOrVar","v":"capabilities"}]},{"$i":"securedByWay","$v":["Забясп. ",{"t":"idOrVar","v":"capabilities"}]},{"$i":"security","$v":"Бяспека"},{"$i":"signalStrength","$v":"Моц сігналу"},{"$i":"signalLevel0","$v":"Вельмі слаба"},{"$i":"signalLevel1","$v":"Слабы"},{"$i":"signalLevel2","$v":"Сярэдні"},{"$i":"signalLevel3","$v":"Добра"},{"$i":"signalLevel4","$v":"Вельмі добра"},{"$i":"ipAddress","$v":"IP-адрас"},{"$i":"linkSpeed","$v":"Хуткасць сувязі"},{"$i":"linkSpeedMbs","$v":[{"t":"idOrVar","v":"linkSpeed"}," Mbit/s"]},{"$i":"wifi-rescan","$v":"Паўторна сканіраваць"},{"$i":"wifi-join-fail","$v":["Немагчыма падключыцца да сеткі ",{"t":"idOrVar","v":"n"},"."]},{"$i":"wifi-connect-fail","$v":["Няправільны пароль для ",{"t":"idOrVar","v":"n"},"."]},{"$i":"wifi-ip-set-fail","$v":"Памылка настроек IP."},{"$i":"wifi-pw-length-error","$v":"Даўж. пароля пав. перав. 8 сімв."},{"$i":"password","$v":"Пароль"},{"$i":"showPassword","$v":"Паказаць пароль"},{"$i":"connect","$v":"Падлучыць"},{"$i":"rescanCompleted","$v":"Паўторнае сканаванне завершана."},{"$i":"failedToConnect","$v":"Памылка падключэння"},{"$i":"select","$v":"Выбраць"},{"$i":"skip","$v":"прапусціць"},{"$i":"next","$v":"Далей"},{"$i":"accept","$v":"Прыняць"},{"$i":"cancel","$v":"Скасаваць"},{"$i":"ok","$v":"ОК"},{"$i":"notNow","$v":"Не цяпер"},{"$i":"forget","$v":"Забыць"},{"$i":"confirmation","$v":"Пацверджанне"},{"$i":"forget-network","$v":"Забыць сетку?"},{"$i":"network-forgotten","$v":"Сетка забытая."},{"$i":"hfa","$v":"HFA"},{"$i":"setup-phone-verification","$v":"Праверка тэлефона"},{"$i":"phone-verification-entry-message","$v":"Наладзіць уліковы запіс шляхам праверкі нумара для доступу да крамы і дадатковых сэрвісаў."},{"$i":"phone-verification-skip-message","$v":"Праверка вашага тэлефона не завершана. Можаце праверыць яго пазней, перайшоўшы ў Настройках > Уліковы запіс. Праверка патрэбна для доступу да Крамы і дадатковых сэрвісаў."},{"$i":"setup-account","$v":"Настр. улік. запіс KaiOS"},{"$i":"create-account-li","$v":"Стварыць уліковы запіс"},{"$i":"login-account-li","$v":"Увайсці"},{"$i":"account-setup-message","$v":"Утрымлівайце інфармацыю ў бяспецы з дапамогай уліковага запісу KaiOS. Калі вы згубіце тэлефон, ваш уліковы запіс KaiOS дазволіць вам аддалена заблакаваць або выдаліць даныя на тэлефоне. Таксама можна наладзіць свой уліковы запіс KaiOS пазней у Настройках."},{"$i":"sign-in-success","$v":"Паспяховы ўваход"},{"$i":"account-welcome","$v":"Вітаем"},{"$i":"logged-in-message","$v":[{"t":"idOrVar","v":"email"}]},{"$i":"anti-theft","$v":"Праграма \"Антыкрадзеж"},{"$i":"anti-theft-info","$v":"Мы спадзяемся, што вы ніколі не згубіце тэлефон, але калі такое здарыцца, вы можаце абараніць свае даныя з дапамогай функцый аддаленай блакіроўкі і выдалення. Калі будзеце гатовы, перайдзіце ў Настройкі, каб стварыць уліковы запіс KaiOS."},{"$i":"companion-phone","$v":"Тэлефонны памочнік"},{"$i":"companion-phone-info","$v":"Усталюйце спадарожную праграму KaiOS на свой смартфон, каб сінхранізаваць кантакты і перамяшчаць файлы паміж вашай асноўнай прыладай і тэлефонам на платформе KaiOS."},{"$i":"select-language","$v":"Выбраць мову"},{"$i":"language-current","$v":"Бягучы"},{"$i":"language-readout-on","$v":"Счытванне ўключана"},{"$i":"language-readout-off","$v":"Счытванне выключана"},{"$i":"decline-info","$v":"Для карыстання гэтай прыладай неабходна прыняць Умовы выкарыстання."},{"$i":"kaios-license","$v":"Умовы ліцэнзіі KaiOS"},{"$i":"decline","$v":"Адхіліць"},{"$i":"privacy-confirm","$v":"Націскаючы «Прыняць», вы пагаджаецеся на Умовы ліцэнзавання і Палітыку канфідэнцыяльнасці KaiOS."},{"$i":"open-url","$v":"АДКРЫЦЬ URL-АДРАС"},{"$i":"lyf-license","$v":"Умовы ліцэнзіі LYF"},{"$i":"emergency","$v":"Надзв. сітуац."},{"$i":"pin-incorrect","$v":"Няправільны PIN-код."},{"$i":"puk-incorrect","$v":"Няправільны PUK-код."},{"$i":"inputCodeRetriesLeft","$v":{"few":["Засталося спроб: ",{"t":"idOrVar","v":"n"},"."],"many":["Засталося спроб: ",{"t":"idOrVar","v":"n"},"."],"one":"(Няправільны PIN-код. Засталася 1 спроба.)","other":["Засталося спроб: ",{"t":"idOrVar","v":"n"},"."],"two":["(Няправільны PIN-код. Засталося спроб: ",{"t":"idOrVar","v":"n"},".)"]},"$x":[{"t":"idOrVar","v":"plural"},"n"]},{"$i":"inputCodePukRetriesLeft","$v":{"few":["Засталося спроб: ",{"t":"idOrVar","v":"n"},"."],"many":["Засталося спроб: ",{"t":"idOrVar","v":"n"},"."],"one":"1 спроба засталася.","other":["Засталося спроб: ",{"t":"idOrVar","v":"n"},"."],"two":["Засталося спроб: ",{"t":"idOrVar","v":"n"},"."]},"$x":[{"t":"idOrVar","v":"plural"},"n"]},{"$i":"pin-label","$v":"PIN-код SIMкарткі"},{"$i":"enter-pin","$v":"Увесці PIN-код SIM-карты"},{"$i":"sim1-enter-pin","$v":"Увесці PIN-код SIM1"},{"$i":"sim2-enter-pin","$v":"Увесці PIN-код SIM2"},{"$i":"done","$v":"Гатова"},{"$i":"enter-puk","$v":"Увесці PUK"},{"$i":"sim1-enter-puk","$v":"Увесці PUK-код SIM1"},{"$i":"sim2-enter-puk","$v":"Увесці PUK-код SIM2"},{"$i":"puk-label","$v":"PUK"},{"$i":"new-pin-label","$v":"Новы PIN SIM (4–8 лічбаў)"},{"$i":"confirm-new-pin-label","$v":"Пацв. новы PIN SIM"},{"$i":"pincode-length-error","$v":"PIN SIM пав. скл з 4–8 ліч."},{"$i":"pin-final-locked","$v":"SIM-картка заблакавана."},{"$i":"pin-final-failed-text","$v":"Увесці PUK-код, каб разблакаваць SIM-картку?"},{"$i":"sim-locked","$v":"SIM-картка заблакавана"},{"$i":"sim1-locked","$v":"SIM1 заблакавана"},{"$i":"sim2-locked","$v":"SIM2 заблакавана"},{"$i":"new-pin-confirm-error","$v":"Памылка пацв. нов. PIN SIM."},{"$i":"puk-final-locked","$v":"Няправільны PUK-код."},{"$i":"puk-final-failed-text","$v":"Ваша SIM-картка назаўсёды заблакіравана. Па дадатковую інфармацыю звярніцеся да свайго аператара."},{"$i":"about-kaios","$v":"Аб KaiOS"},{"$i":"about-kaios-p1","$v":"Вітаем у KaiOS."},{"$i":"about-kaios-p2","$v":"Наша місія складаецца ў тым, каб адкрыць магчымасці для асобных асоб, членаў іх сем'яў і абшчын шляхам доступу да вялікіх лічбавых прадуктаў і паслуг рэальнасцю для ўсіх членаў грамадства."},{"$i":"about-kaios-p3","$v":"Вы можаце дапамагчы нам палепшыць прадукты і паслугі, аўтаматычна адпраўляючы дадзеныя аналітыкі. Глядзіце нашы ўмовы прыватнасці, каб даведацца, як мы апрацоўваем дадзеныя на вашых прыладах."},{"$i":"about-kaios-p4","$v":"Вы можаце змяніць гэтыя налады ў Настройкі> Канфідэнц. і бяспека> Аб KaiOS."},{"$i":"about-kaios-agree","$v":"Я хачу дапамагчы, пасылаючы аналітычныя дадзеныя."},{"$i":"about-kaios-age","$v":"Я ва ўзросце старэйшыя за 16гадоў ."},{"$i":"about-kaios-ad","$v":"Каб палепшыць выкарыстанне рэкламы, выкарыстоўвайце мае даныя."},{"$i":"deselect","$v":"Адмяніць выбар"},{"$i":"selectKeyboard","$v":"Выбар клавіятуры"},{"$i":"send-data-via","$v":"адправіць дадзеныя праз"},{"$i":"wifi-and-carrier-data","$v":"Wi-Fi або мабільнымі данымі"},{"$i":"wifi-only","$v":"Тольк Wi-Fi"},{"$i":"more","$v":"Яшчэ >"},{"$i":"qtn_oobe_high_volume","$v":"Звярніце ўвагу на вялікі памер у рэжыме спец. магчым."},{"$i":"qtn_oobe_enter","$v":"Хочаце ўвайсці ў рэжым спецыяльных магчым.?"},{"$i":"qtn_oobe_hdr_senior_mode","$v":"Рэжым спец. магчым."},{"$i":"qtn_oobe_hdr_ICE","$v":"Даныя ICE"},{"$i":"qtn_oobe_rem_create_ICE","$v":"Ствар. падрабязнасці даных ICE, якія дапамогуць вам у надзвычайнай сітуацыі."},{"$i":"qtn_oobe_set_ICE_contact","$v":"Пасля запуску прылады"},{"$i":"qtn_oobe_btn_ICE_info","$v":"Стварыць даныя ICE"},{"$i":"qtn-privacy-terms-welcome","$v":"Вітаем"},{"$i":"qtn-privacy-policy-description-1","$v":["Дзякуй, што выбралі ",{"t":"idOrVar","v":"WDM"},"."]},{"$i":"qtn-privacy-policy-description-2","$v":"Карыстанне паслугамі і праграмамі HMD Global на вашай прыладзе рэгламентуецца Палітыкай канфідэнцыяльнас​ці HMD Global, якая знаходзіцца па адрасе www.nokia.com/mobile-privacy."},{"$i":"qtn-privacy-policy-description-3","$v":["Карыстанне паслугамі, праграмамі і ПО KaiOS на вашай прыладзе рэгламентуецца Палітыкай канфідэнцыяльнас​ці і Ліцэнзійным пагадненнем KaiOS, якія знаходзяцца па адрасе ",{"t":"idOrVar","v":"WDM"},"."]},{"$i":"qtn-privacy-policy-description-4","$v":{"$o":"Інфармацыя аб актывацыі прылады разам з аднаразовай інфармацыяй аб месцазнаходжанні прылады і ўнікальнай інфармацыяй аб прыладзе і сетцы будзе адпраўлена KAI & HMD."}},{"$i":"qtn-privacy-policy-description-5","$v":"Гэтая інфармацыя дазваляе нам лепей задавальняць патрэбы ў вашай краіне, прапанаваць абнаўленні ПЗ, кліенцкую падтрымку і падключаць сэрвісы."},{"$i":"qtn-privacy-policy-description-6","$v":"Можа спаганяцца аплата за перадачу даных."},{"$i":"qtn-privacy-policy-description-7","$v":"Нататкі аб канфідэнцыяльнас​ці і іншыя могуць прадастаўляцца, калі вы карыстаецеся рознымі характарыстыкамі сваёй прылады."},{"$i":"data-connectivity","$v":"Папярэджанне"},{"$i":"data-message","$v":"Майстар усталявання, магчыма, будзе карыстацца данымі па мабільнай сетцы падчас першаснай наладкі смартфона."}]