[{"$i":"wifi","$v":"Изберете мрежа"},{"$i":"ssid","$v":"SSID"},{"$i":"no-wifi-found","$v":"Няма налични мрежи"},{"$i":"wifi-searching","$v":"Търсене на мрежи…"},{"$i":"security-open","$v":"Отваряне"},{"$i":"shortStatus-connecting","$v":"Свързване…"},{"$i":"shortStatus-associated","$v":"Извличане IP u2026"},{"$i":"shortStatus-authenticating","$v":"Удостоверяване…"},{"$i":"shortStatus-connected","$v":"Свързано"},{"$i":"shortStatus-connectingfailed","$v":"Свързването е неуспешно"},{"$i":"shortStatus-disconnected","$v":"Офлайн"},{"$i":"shortStatus-connected-no-internet","$v":"Свързано, няма интернет"},{"$i":"securityWEP","$v":"WEP"},{"$i":"securityWPA-PSK","$v":"WPA-PSK"},{"$i":"securityWPA-EAP","$v":"WPA-EAP"},{"$i":"securityWPA2-PSK","$v":"WPA2-PSK"},{"$i":"securityWPA/WPA2-PSK","$v":"WPA/WPA2-PSK"},{"$i":"securedBy","$v":[{"t":"idOrVar","v":"capabilities"}]},{"$i":"securedByWay","$v":["Защитено от ",{"t":"idOrVar","v":"capabilities"}]},{"$i":"security","$v":"Защита"},{"$i":"signalStrength","$v":"Сила на сигнала"},{"$i":"signalLevel0","$v":"Много слабо"},{"$i":"signalLevel1","$v":"Слабо"},{"$i":"signalLevel2","$v":"Средно"},{"$i":"signalLevel3","$v":"Добро"},{"$i":"signalLevel4","$v":"Много добро"},{"$i":"ipAddress","$v":"IP адрес"},{"$i":"linkSpeed","$v":"Скорост на свързване"},{"$i":"linkSpeedMbs","$v":[{"t":"idOrVar","v":"linkSpeed"}," Mbit/s"]},{"$i":"wifi-rescan","$v":"Повторно сканиране"},{"$i":"wifi-join-fail","$v":["Неуспешно присъединяване към мрежата ",{"t":"idOrVar","v":"n"},"."]},{"$i":"wifi-connect-fail","$v":["Неправилна парола за ",{"t":"idOrVar","v":"n"},"."]},{"$i":"wifi-ip-set-fail","$v":"IP настройки са неуспешни."},{"$i":"wifi-pw-length-error","$v":"Парол. трябва да е над 8 симв."},{"$i":"password","$v":"Парола"},{"$i":"showPassword","$v":"Показване на парола"},{"$i":"connect","$v":"Свързване"},{"$i":"rescanCompleted","$v":"Повт. сканиране е завършено."},{"$i":"failedToConnect","$v":"Неуспешно свързване"},{"$i":"select","$v":"Избор"},{"$i":"skip","$v":"Пропус."},{"$i":"next","$v":"Напред"},{"$i":"accept","$v":"Приемам"},{"$i":"cancel","$v":"Отмяна"},{"$i":"ok","$v":"ОК"},{"$i":"notNow","$v":"Не сега"},{"$i":"forget","$v":"Забравяне"},{"$i":"confirmation","$v":"Потвърждаване"},{"$i":"forget-network","$v":"Забравяне на мрежа?"},{"$i":"network-forgotten","$v":"Мрежата е забравена."},{"$i":"hfa","$v":"HFA"},{"$i":"setup-phone-verification","$v":"Потвърждение на телефона"},{"$i":"phone-verification-entry-message","$v":"Настройте акаунт, като потвърдите номера си, за да осъщ. достъп до магазина и доп. услуги."},{"$i":"phone-verification-skip-message","$v":"Потвърждението на телефона ви е незавършено. Можете да потвърдите по-късно в Настройки > Акаунт. Потвръждението е нужно за достъп до магазина и доп. услуги."},{"$i":"setup-account","$v":"Настройване на акаунта за KaiOS"},{"$i":"create-account-li","$v":"Създаване на акаунт"},{"$i":"login-account-li","$v":"Вход"},{"$i":"account-setup-message","$v":"Поддържайте информацията си защитена с акаунт за KaiOS. Ако някога изгубите телефона си, акаунтът ви за KaiOS ще ви позволи дистанционно да заключите или изтриете данните от него. Можете да настроите акаунта си за KaiOS по-късно в настройките."},{"$i":"sign-in-success","$v":"Успешен вход"},{"$i":"account-welcome","$v":"Добре дошли"},{"$i":"logged-in-message","$v":[{"t":"idOrVar","v":"email"}]},{"$i":"anti-theft","$v":"Антикражба"},{"$i":"anti-theft-info","$v":"Надяваме се никога да не изгубите телефона си, но ако се случи, можем да защитим данните ви с функциите ни за дистанционно заключване и изтриване. Когато сте готови, отидете в настройките, за да зададете акаунта си за KaiOS."},{"$i":"companion-phone","$v":"Приложение помощник"},{"$i":"companion-phone-info","$v":"Инсталирайте приложението помощник на KaiOS на смартфона си, за да синхронизирате контакти и да прехвърляте файлове между основното си устройство и своя телефон с KaiOS."},{"$i":"select-language","$v":"Изберете език"},{"$i":"language-current","$v":"Текущи"},{"$i":"language-readout-on","$v":"Проч. на глас вкл."},{"$i":"language-readout-off","$v":"Проч. на глас изкл."},{"$i":"decline-info","$v":"За да се използва това устройство, се изисква приемане на правилата и условията."},{"$i":"kaios-license","$v":"Условия за лиценз на KaiOS"},{"$i":"decline","$v":"Отклоняване"},{"$i":"privacy-confirm","$v":"Когато натиснете „Приемам“, вие приемате Политиката за повер. и Усл. за лиценз на KaiOS."},{"$i":"open-url","$v":"ОТВ. URL АДРЕСА"},{"$i":"lyf-license","$v":"Условия за лиценз на LYF"},{"$i":"emergency","$v":"Спешно повикване"},{"$i":"pin-incorrect","$v":"Грешен PIN."},{"$i":"puk-incorrect","$v":"Грешен PUK."},{"$i":"inputCodeRetriesLeft","$v":{"few":["Остават ",{"t":"idOrVar","v":"n"}," опита."],"many":["Остават ",{"t":"idOrVar","v":"n"}," опита."],"one":"(Грешен ПИН. Остава 1 опит.)","other":["Остават ",{"t":"idOrVar","v":"n"}," опита."],"two":["(Грешен ПИН. Остават ",{"t":"idOrVar","v":"n"}," опита.)"]},"$x":[{"t":"idOrVar","v":"plural"},"n"]},{"$i":"inputCodePukRetriesLeft","$v":{"few":["Остават ",{"t":"idOrVar","v":"n"}," опита."],"many":["Остават ",{"t":"idOrVar","v":"n"}," опита."],"one":"Остава 1 опит.","other":["Остават ",{"t":"idOrVar","v":"n"}," опита."],"two":["Остават ",{"t":"idOrVar","v":"n"}," опита."]},"$x":[{"t":"idOrVar","v":"plural"},"n"]},{"$i":"pin-label","$v":"PIN на SIM"},{"$i":"enter-pin","$v":"Въведете PIN за SIM"},{"$i":"sim1-enter-pin","$v":"Въведете PIN за SIM1"},{"$i":"sim2-enter-pin","$v":"Въведете PIN за SIM2"},{"$i":"done","$v":"Готово"},{"$i":"enter-puk","$v":"Въведете PUK"},{"$i":"sim1-enter-puk","$v":"Въведете PUK за SIM1"},{"$i":"sim2-enter-puk","$v":"Въведете PUK за SIM2"},{"$i":"puk-label","$v":"PUK"},{"$i":"new-pin-label","$v":"Нов PIN за SIM (4-8 ц.)"},{"$i":"confirm-new-pin-label","$v":"Пот. PIN на SIM"},{"$i":"pincode-length-error","$v":"PIN за SIM трябва да е 4-8 цифри."},{"$i":"pin-final-locked","$v":"SIM картата е заключена."},{"$i":"pin-final-failed-text","$v":"Искате ли да въведете PUK кода, за да отключите SIM картата?"},{"$i":"sim-locked","$v":"SIM заключ."},{"$i":"sim1-locked","$v":"SIM1 заключена"},{"$i":"sim2-locked","$v":"SIM2 заключена"},{"$i":"new-pin-confirm-error","$v":"Неусп. потв. PIN за SIM."},{"$i":"puk-final-locked","$v":"Грешен PUK."},{"$i":"puk-final-failed-text","$v":"SIM картата ви е заключена за постоянно. Свържете се с оператора си за повече информация."},{"$i":"about-kaios","$v":"За KaiOS"},{"$i":"about-kaios-p1","$v":"Добре дошли в KaiOS."},{"$i":"about-kaios-p2","$v":"Нашата мисия е да открием възможности за хората, техните семейства и общности, като направим достъп до великите дигитални продукти и услуги реалност за всички членове на обществото."},{"$i":"about-kaios-p3","$v":"Можете да ни помогнете да подобряваме продукти и услуги, като автоматично изпращаме данни от аналитични данни. Вижте нашите условия за поверителност, за да научите как обработваме данните на вашите устройства."},{"$i":"about-kaios-p4","$v":"Можете да промените тези настройки в Настройки> Поверителност и защита> За KaiOS."},{"$i":"about-kaios-agree","$v":"Искам да помогна, като изпратя аналитични данни."},{"$i":"about-kaios-age","$v":"Аз съм на възраст над 16 години."},{"$i":"about-kaios-ad","$v":"Използвайте данните ми за подобряване на рекламното ми преживяване."},{"$i":"deselect","$v":"Размаркиране"},{"$i":"selectKeyboard","$v":"Изберете клавиатура"},{"$i":"send-data-via","$v":"Изпратете данни през"},{"$i":"wifi-and-carrier-data","$v":"Wi-Fi и мобилни данни"},{"$i":"wifi-only","$v":"Само Wi-Fi"},{"$i":"more","$v":"Още >"},{"$i":"qtn_oobe_high_volume","$v":"Обърнете внимание на силния звук в режим „Достъпност“."},{"$i":"qtn_oobe_enter","$v":"Все още ли искате да влезете в режим „Достъпност“?"},{"$i":"qtn_oobe_hdr_senior_mode","$v":"Режим „Достъпност“"},{"$i":"qtn_oobe_hdr_ICE","$v":"ICE информация"},{"$i":"qtn_oobe_rem_create_ICE","$v":"Създайте подробностите за своята ICE информация, които ще ви помогнат при спешен случай."},{"$i":"qtn_oobe_set_ICE_contact","$v":"След стартиране на устройството"},{"$i":"qtn_oobe_btn_ICE_info","$v":"Създаване на ICE информация"},{"$i":"qtn-privacy-terms-welcome","$v":"Добре дошли"},{"$i":"qtn-privacy-policy-description-1","$v":["Благодарим ви, че избрахте ",{"t":"idOrVar","v":"WDM"},"."]},{"$i":"qtn-privacy-policy-description-2","$v":"Вашето използване на услугите и приложенията на HMD Global се регулира от Правилата за поверителност на HMD Global, налични на www.nokia.com/mobile-privacy."},{"$i":"qtn-privacy-policy-description-3","$v":["Вашето използване на услугите и приложенията на KaiOS се регулира от KaiOS EULA и правилата за поверителност, налични на ",{"t":"idOrVar","v":"WDM"},"."]},{"$i":"qtn-privacy-policy-description-4","$v":{"$o":"Инф. за активиране на устройството, както и еднократна инф. за местонах., уникалната идентификация и мрежата на устройството, ще бъдат изпратени на KAI & HMD."}},{"$i":"qtn-privacy-policy-description-5","$v":"Тази информация ни помага да сме по-добре адаптирани към вашата държава, а също и да предоставяме софтуерни актуализации, клиентска поддръжка и активиране на услуги."},{"$i":"qtn-privacy-policy-description-6","$v":"Може да са прил. такси за моб. данни."},{"$i":"qtn-privacy-policy-description-7","$v":"Ще получавате известия за поверителността и други известия, когато използвате други функции на вашето устройство."},{"$i":"data-connectivity","$v":"Съобщение за предупреждение"},{"$i":"data-message","$v":"Съветникът за настройка ще използва данни чрез мобилна мрежа по време на първоначалната настройка на смартфона."}]