[{"$i":"wifi","$v":"একটি নেটওয়ার্ক বেছে নিন"},{"$i":"ssid","$v":"SSID"},{"$i":"no-wifi-found","$v":"কোন নেটওয়ার্ক উপলব্ধ নয়"},{"$i":"wifi-searching","$v":"নেটওয়ার্ক অনুসন্ধান করা হচ্ছে..."},{"$i":"security-open","$v":"খুলুন"},{"$i":"shortStatus-connecting","$v":"সংযোগ হচ্ছে…"},{"$i":"shortStatus-associated","$v":"IP ঠিকানা প্রাপ্ত করা হচ্ছে…"},{"$i":"shortStatus-authenticating","$v":"প্রমাণীকরণ করা হচ্ছে..."},{"$i":"shortStatus-connected","$v":"সংযুক্ত"},{"$i":"shortStatus-connectingfailed","$v":"সংযোগ ব্যর্থ হয়েছে"},{"$i":"shortStatus-disconnected","$v":"অফলাইন"},{"$i":"shortStatus-connected-no-internet","$v":"সংযুক্ত, ইন্টারনেট নেই"},{"$i":"securityWEP","$v":"WEP"},{"$i":"securityWPA-PSK","$v":"WPA-PSK"},{"$i":"securityWPA-EAP","$v":"WPA-EAP"},{"$i":"securityWPA2-PSK","$v":"WPA2-PSK"},{"$i":"securityWPA/WPA2-PSK","$v":"WPA/WPA2-PSK"},{"$i":"securedBy","$v":[{"t":"idOrVar","v":"capabilities"}]},{"$i":"securedByWay","$v":["এর মাধ্যমে নিরাপদ ",{"t":"idOrVar","v":"capabilities"}]},{"$i":"security","$v":"নিরাপত্তা"},{"$i":"signalStrength","$v":"সিগনালের ক্ষমতা"},{"$i":"signalLevel0","$v":"খুব দুর্বল"},{"$i":"signalLevel1","$v":"দুর্বল"},{"$i":"signalLevel2","$v":"গড়"},{"$i":"signalLevel3","$v":"ভাল"},{"$i":"signalLevel4","$v":"খুব ভালো"},{"$i":"ipAddress","$v":"IP ঠিকানা"},{"$i":"linkSpeed","$v":"লিঙ্কের গতি"},{"$i":"linkSpeedMbs","$v":[{"t":"idOrVar","v":"linkSpeed"}," Mbit/s"]},{"$i":"wifi-rescan","$v":"রিস্ক্যান"},{"$i":"wifi-join-fail","$v":["নেটওয়ার্ক যুক্ত করা যাবে না",{"t":"idOrVar","v":"n"},"।"]},{"$i":"wifi-connect-fail","$v":["-এর জন্য ভুল পাসওয়ার্ড ",{"t":"idOrVar","v":"n"},"।"]},{"$i":"wifi-ip-set-fail","$v":"IP সেটিং ব্যর্থ হয়েছে।"},{"$i":"wifi-pw-length-error","$v":"পাসওয়ার্ডের দৈঘ্য 8 অক্ষরের বেশি হওয়া আবশ্যক।"},{"$i":"password","$v":"পাসওয়ার্ড"},{"$i":"showPassword","$v":"পাসওয়ার্ড দেখান"},{"$i":"connect","$v":"সংযোগ করুন"},{"$i":"rescanCompleted","$v":"রিস্ক্যান থামানো হয়েছে।"},{"$i":"failedToConnect","$v":"সংযোগ করা যায়নি"},{"$i":"select","$v":"নির্বাচন করুন"},{"$i":"skip","$v":"এড়িয়ে যান"},{"$i":"next","$v":"পরবর্তী"},{"$i":"accept","$v":"স্বীকার করুন"},{"$i":"cancel","$v":"বাতিল করুন"},{"$i":"ok","$v":"ঠিক আছে"},{"$i":"notNow","$v":"এখনই নয়"},{"$i":"forget","$v":"ভুলে যান"},{"$i":"confirmation","$v":"নিশ্চিতকরণ"},{"$i":"forget-network","$v":"নেটওয়ার্ক ভুলবেন?"},{"$i":"network-forgotten","$v":"নেটওয়ার্ক ভুলে যাওয়া হয়েছে।"},{"$i":"hfa","$v":"HFA"},{"$i":"setup-phone-verification","$v":"ফোন যাচাইকরণ"},{"$i":"phone-verification-entry-message","$v":"স্টোর ও অতিরিক্ত পরিষেবার প্রবেশাধিকার পাওয়ার জন্য আপনার নম্বর যাচাই করার মাধ্যমে একটি অ্যাকাউন্ট সেটআপ করুন।"},{"$i":"phone-verification-skip-message","$v":"আপনার ফোন যাচাইকরণ অসম্পূর্ণ রয়েছে। আপনি পরে সেটিংস > অ্যাকাউন্ট এ গিয়ে যাচাই করতে পারেন। স্টোর ও অতিরিক্ত পরিষেবার প্রবেশাধিকারের জন্য যাচাইকরণ প্রয়োজন।"},{"$i":"setup-account","$v":"KaiOS অ্যাকাউন্ট সেট করুন"},{"$i":"create-account-li","$v":"অ্যাকাউন্ট তৈরি করুন"},{"$i":"login-account-li","$v":"সাইন ইন করুন"},{"$i":"account-setup-message","$v":"একটি KaiOS অ্যাকাউন্টের সাথে আপনার তথ্য নিরাপদ রাখুন। যদি আপনি কখনো আপনার ফোন হারিয়ে ফেলেন, তাহলে আপনি দূর থেকেই আপনার ফোনের সব ডেটা তালাবন্ধ করতে বা মুছতে পারেন। আপনি পরে সেটিংস থেকেও আপনার KaiOS অ্যাকাউন্ট সেট করতে পারেন।"},{"$i":"sign-in-success","$v":"সাকসেসে সাইন ইন করুন"},{"$i":"account-welcome","$v":"স্বাগতম"},{"$i":"logged-in-message","$v":[{"t":"idOrVar","v":"email"}]},{"$i":"anti-theft","$v":"অ্যান্টি থেফ্ট"},{"$i":"anti-theft-info","$v":"আমরা আশা করছি আপনি কখনই আপনার ফোন হারাবেন না, কিন্তু আপনার ফোন হারিয়ে গেলে, আপনি রিমোট লক ও মোছার বৈশিষ্ট্যের মাধ্যমে আপনার ডেটা সুরক্ষিত করতে পারে। আপনি যখন প্রস্তুত থাকবেন তখন আপনার KaiOS অ্যাকউন্ট সেটআপ করতে সেটিংসে যান।"},{"$i":"companion-phone","$v":"কম্প্যানিয়ন ফোন"},{"$i":"companion-phone-info","$v":"আপনার প্রাথমিক ডিভাইস এবং আপনার KaiOS পরিচালিত ফোনের মধ্যে পরিচিতি সিঙ্ক করতে ও ফাইল ট্রান্সফার করতে আপনার স্মার্টফোনে KaiOS কম্প্যানিয়ন অ্যাপ ইনস্টল করুন।"},{"$i":"select-language","$v":"ভাষা নির্বাচন করুন"},{"$i":"language-current","$v":"বর্তমান"},{"$i":"language-readout-on","$v":"জোরে জোরে পড়া চালু"},{"$i":"language-readout-off","$v":"জোরে জোরে পড়া বন্ধ"},{"$i":"decline-info","$v":"এই ডিভাইস ব্যবহার করতে শর্তাবলীর সঙ্গে সম্মত হওয়া আবশ্যক।"},{"$i":"kaios-license","$v":"KaiOS লাইসেন্সের শর্তাবলী"},{"$i":"decline","$v":"প্রত্যাখ্যান করুন"},{"$i":"privacy-confirm","$v":"স্বীকার করুন টিপে আপনি KaiOS লাইসেন্সের শর্তাবলীর এবং গোপনীয়তা নীতির সঙ্গে সম্মত হচ্ছেন।"},{"$i":"open-url","$v":"URL খুলুন"},{"$i":"lyf-license","$v":"LYF লাইসেন্সের শর্তাবলী"},{"$i":"emergency","$v":"জরুরি"},{"$i":"pin-incorrect","$v":"PIN ভুল।"},{"$i":"puk-incorrect","$v":"PUK ভুল।"},{"$i":"inputCodeRetriesLeft","$v":{"few":[{"t":"idOrVar","v":"n"},"টি প্রচেষ্টা বাকি।"],"many":[{"t":"idOrVar","v":"n"},"টি প্রচেষ্টা বাকি।"],"one":"(PIN ভুল। আর 1 বার চেষ্টা করতে পারবেন।)","other":[{"t":"idOrVar","v":"n"},"টি প্রচেষ্টা বাকি।"],"two":["(PIN ভুল। আর ",{"t":"idOrVar","v":"n"}," বার চেষ্টা করতে পারবেন।)"]},"$x":[{"t":"idOrVar","v":"plural"},"n"]},{"$i":"inputCodePukRetriesLeft","$v":{"few":[{"t":"idOrVar","v":"n"},"টি প্রচেষ্টা বাকি।"],"many":[{"t":"idOrVar","v":"n"},"টি প্রচেষ্টা বাকি।"],"one":"1টি প্রচেষ্টা বাকি।","other":[{"t":"idOrVar","v":"n"},"টি প্রচেষ্টা বাকি।"],"two":[{"t":"idOrVar","v":"n"},"টি প্রচেষ্টা বাকি।"]},"$x":[{"t":"idOrVar","v":"plural"},"n"]},{"$i":"pin-label","$v":"SIM PIN"},{"$i":"enter-pin","$v":"SIM PIN দিন"},{"$i":"sim1-enter-pin","$v":"SIM1 PIN দিন"},{"$i":"sim2-enter-pin","$v":"SIM2 PIN দিন"},{"$i":"done","$v":"সম্পূর্ণ হয়েছে"},{"$i":"enter-puk","$v":"PUK লিখুন"},{"$i":"sim1-enter-puk","$v":"SIM1 PUK দিন"},{"$i":"sim2-enter-puk","$v":"SIM2 PUK দিন"},{"$i":"puk-label","$v":"PUK"},{"$i":"new-pin-label","$v":"নতুন SIM PIN(4-8 সংখ্যার)"},{"$i":"confirm-new-pin-label","$v":"নতুন SIM PIN নিশ্চিত করুন"},{"$i":"pincode-length-error","$v":"SIM PIN অবশ্যই 4-8 সংখ্যার হতে হবে।"},{"$i":"pin-final-locked","$v":"SIM কার্ড লক করা আছে।"},{"$i":"pin-final-failed-text","$v":"SIM কার্ড আনলক করতে আপনি কি PUK কোড লিখতে চান?"},{"$i":"sim-locked","$v":"SIM তালাবন্ধ"},{"$i":"sim1-locked","$v":"SIM1 লক করা আছে"},{"$i":"sim2-locked","$v":"SIM2 লক করা আছে"},{"$i":"new-pin-confirm-error","$v":"নতুন SIM PIN নিশ্চিতকরণ ব্যর্থ।"},{"$i":"puk-final-locked","$v":"PUK ভুল।"},{"$i":"puk-final-failed-text","$v":"আপনার SIM কার্ড স্থায়ীভাবে লক হয়ে গেছে। আরো তথ্যে জন্য আপনার আপনার কেরিয়ারের সাথে যোগাযোগ করুন।"},{"$i":"about-kaios","$v":"Kaios সম্পর্কে"},{"$i":"about-kaios-p1","$v":"KaiOS স্বাগতম।"},{"$i":"about-kaios-p2","$v":"আমাদের লক্ষ্য হল সমাজের সকল সদস্যদের জন্য মহান ডিজিটাল পণ্য ও পরিষেবাগুলি অ্যাক্সেস করার মাধ্যমে ব্যক্তি, তাদের পরিবার এবং সম্প্রদায়ের জন্য সুযোগ উন্মুক্ত করা।"},{"$i":"about-kaios-p3","$v":"আপনি স্বয়ংক্রিয়ভাবে বিশ্লেষণের ডেটা পাঠিয়ে পণ্য এবং পরিষেবাগুলির উন্নতি করতে আমাদের সহায়তা করতে পারেন। আমরা আপনার ডিভাইসগুলিতে ডেটা কিভাবে পরিচালনা করি তা শিখতে আমাদের গোপনীয়তা শর্তাবলী দেখুন।"},{"$i":"about-kaios-p4","$v":"আপনি এই সেটিংস সেটিং> গোপনীয়তা ও নিরাপত্তা> KaiOS- এর মধ্যে পরিবর্তন করতে পারেন"},{"$i":"about-kaios-agree","$v":"আমি বিশ্লেষণ তথ্য পাঠিয়ে সাহায্য করতে চান।"},{"$i":"about-kaios-age","$v":"আমি 16 বছর বয়সী।"},{"$i":"about-kaios-ad","$v":"আমার বিজ্ঞাপন অভিজ্ঞতা উন্নত করতে আমার ডেটা ব্যবহার করুন।"},{"$i":"deselect","$v":"অনির্বাচন করুন"},{"$i":"selectKeyboard","$v":"কীবোর্ড নির্বাচন করুন"},{"$i":"send-data-via","$v":"মাধ্যমে তথ্য পাঠান"},{"$i":"wifi-and-carrier-data","$v":"ওয়াই ফাই এবং মোবাইল ডেটা"},{"$i":"wifi-only","$v":"শুধুমাত্র Wi-Fi"},{"$i":"more","$v":"আরো >"},{"$i":"qtn_oobe_high_volume","$v":"অনুগ্রহ করে অ্যাক্সেসিবিলিটি  মোডে বেশি করে নজর দিন।"},{"$i":"qtn_oobe_enter","$v":"আপনি কি এখনও অ্যাক্সেসিবিলিটি মোডে প্রবেশ করতে চান?"},{"$i":"qtn_oobe_hdr_senior_mode","$v":"অ্যাক্সেসিবিলিটি মোড"},{"$i":"qtn_oobe_hdr_ICE","$v":"ICE তথ্য"},{"$i":"qtn_oobe_rem_create_ICE","$v":"অনুগ্রহ করে আপনার ICEতথ্য বিবরণী তৈরি করুন, যা জরুরি অবস্থার ক্ষেত্রে আপনার কাজে লাগবে।"},{"$i":"qtn_oobe_set_ICE_contact","$v":"ডিভাইস শুরুর পর,"},{"$i":"qtn_oobe_btn_ICE_info","$v":"ICE তথ্য তৈরি করুন"},{"$i":"qtn-privacy-terms-welcome","$v":"স্বাগতম"},{"$i":"qtn-privacy-policy-description-1","$v":[{"t":"idOrVar","v":"WDM"}," বেছে নেওয়ার জন্য ধন্যবাদ।"]},{"$i":"qtn-privacy-policy-description-2","$v":"আপনার ডিভাইসে আপনার HMD Global পরিষেবা এবং অ্যাপ্লিকেশন ব্যবহার HMD Global গোপনীয়তা নীতি দিয়ে পরিচালিত হয়, নীতিটি www.nokia.com/mobile-privacy ওয়েবসাইটে উপলব্ধ।"},{"$i":"qtn-privacy-policy-description-3","$v":["আপনার ডিভাইসে আপনার KaiOS সফ্টওয়্যার, পরিষেবা এবং অ্যাপ্লিকেশন ব্যবহার KaiOS EULA এবং গোপনীয়তা শর্তাদি দিয়ে পরিচালিত হয়, যা ",{"t":"idOrVar","v":"WDM"}," এ উপলব্ধ।"]},{"$i":"qtn-privacy-policy-description-4","$v":{"$o":"আপনার অনন্য ডিভাইস এবং নেটওয়ার্ক তথ্যের পাশাপাশি একবারের ডিভাইস অবস্থান সমেত ডিভাইস সক্রিয় করার তথ্য KAI & HMD এ পাঠানো হবে।"}},{"$i":"qtn-privacy-policy-description-5","$v":"এই তথ্য আমাদের আপনার দেশ বিশেষে প্রযোজ্য চাহিদা ভালো ভাবে পূরণ করতে, সফ্টওয়্যার আপডেট করতে, গ্রাহক সহায়তা দিতে এবং পরিষেবাগুলি চালু করতে সহায়তা করে।"},{"$i":"qtn-privacy-policy-description-6","$v":"ডেটা চার্জ প্রযোজ্য হতে পারে।"},{"$i":"qtn-privacy-policy-description-7","$v":"আপনি আপনার ডিভাইসের অন্যান্য বৈশিষ্ট্যগুলি ব্যবহারের সময়ে গোপনীয়তা বা অন্যান্য বিজ্ঞপ্তি দেওয়া হতে পারে।"},{"$i":"data-connectivity","$v":"বিপদ সঙ্কেত বার্তা"},{"$i":"data-message","$v":"সেটআপ উইজার্ড স্মার্টফোনের সেটআপ শুরুর সময় মোবাইল নেটওয়ার্কের ডেটা খরচ করতে পারে।"}]