[{"$i":"wifi","$v":"একটি নেটওয়ার্ক নির্বাচন করুন"},{"$i":"ssid","$v":"SSID"},{"$i":"no-wifi-found","$v":"কোনো নেটওয়ার্ক উপলব্ধ নেই"},{"$i":"wifi-searching","$v":"নেটওয়ার্কগুলি অনুসন্ধান করছে..."},{"$i":"security-open","$v":"খুলুন"},{"$i":"shortStatus-connecting","$v":"সংযুক্ত হচ্ছে..."},{"$i":"shortStatus-associated","$v":"একটি IP অ্যাড্রেস প্রাপ্ত হচ্ছে .."},{"$i":"shortStatus-authenticating","$v":"প্রমাণীকরণ করা হচ্ছে..."},{"$i":"shortStatus-connected","$v":"সংযুক্ত হয়েছে"},{"$i":"shortStatus-connectingfailed","$v":"সংযোগ ব্যর্থ হয়েছে"},{"$i":"shortStatus-disconnected","$v":"অফলাইন"},{"$i":"shortStatus-connected-no-internet","$v":"সংযুক্ত, ইন্টারনেট নেই"},{"$i":"securityWEP","$v":"WEP"},{"$i":"securityWPA-PSK","$v":"WPA-PSK"},{"$i":"securityWPA-EAP","$v":"WPA-EAP"},{"$i":"securityWPA2-PSK","$v":"WPA2-PSK"},{"$i":"securityWPA/WPA2-PSK","$v":"WPA/WPA2-PSK"},{"$i":"securedBy","$v":[{"t":"idOrVar","v":"capabilities"}]},{"$i":"securedByWay","$v":[{"t":"idOrVar","v":"capabilities"}," দ্বারা সুরক্ষিত"]},{"$i":"security","$v":"সুরক্ষা"},{"$i":"signalStrength","$v":"সিগন্যাল ক্ষমতা"},{"$i":"signalLevel0","$v":"খুব দুর্বল"},{"$i":"signalLevel1","$v":"দুর্বল"},{"$i":"signalLevel2","$v":"গড়"},{"$i":"signalLevel3","$v":"ভালো"},{"$i":"signalLevel4","$v":"খুব ভালো"},{"$i":"ipAddress","$v":"IP অ্যাড্রেস"},{"$i":"linkSpeed","$v":"লিঙ্ক গতি"},{"$i":"linkSpeedMbs","$v":[{"t":"idOrVar","v":"linkSpeed"}," Mbit/s"]},{"$i":"wifi-rescan","$v":"আবার স্ক্যান করুন"},{"$i":"wifi-join-fail","$v":[{"t":"idOrVar","v":"n"}," নেটওয়ার্ক যুক্ত করা যাবে না ।"]},{"$i":"wifi-connect-fail","$v":[{"t":"idOrVar","v":"n"}," -এর জন্য ভুল পাসওয়ার্ড ।"]},{"$i":"wifi-ip-set-fail","$v":"IP সেটিংস ব্যর্থ হয়েছে।"},{"$i":"wifi-pw-length-error","$v":"পাসওয়ার্ডের দৈর্ঘ্য 8 অক্ষরের বেশি হতে হবে ।"},{"$i":"password","$v":"পাসওয়ার্ড"},{"$i":"showPassword","$v":"পাসওয়ার্ড দেখান"},{"$i":"connect","$v":"সংযুক্ত করুন"},{"$i":"rescanCompleted","$v":"রিস্ক্যান সম্পন্ন হয়েছে।"},{"$i":"failedToConnect","$v":"সংযোগ করতে ব্যর্থ"},{"$i":"select","$v":"নির্বাচন করুন"},{"$i":"skip","$v":"স্কিপ"},{"$i":"next","$v":"পরবর্তী"},{"$i":"accept","$v":"স্বীকার"},{"$i":"cancel","$v":"বাতিল করুন"},{"$i":"ok","$v":"ঠিক আছে"},{"$i":"notNow","$v":"এখন নয়"},{"$i":"forget","$v":"ভুলে যান"},{"$i":"confirmation","$v":"নিশ্চিতকরণ"},{"$i":"forget-network","$v":"নেটওয়ার্ক ভুলবেন?"},{"$i":"network-forgotten","$v":"নেটওয়ার্ক ভুলে গেছেন I "},{"$i":"hfa","$v":"HFA"},{"$i":"setup-phone-verification","$v":"ফোন যাচাইকরণ"},{"$i":"phone-verification-entry-message","$v":"স্টোর এবং অতিরিক্ত পরিষেবা অ্যাক্সেস করার জন্য আপনার নম্বর যাচাই করে একটি অ্যাকাউন্ট সেটআপ করুন I"},{"$i":"phone-verification-skip-message","$v":"আপনার ফোন যাচাই অসম্পূর্ণ রয়ে গেছে I আপনি সেটিংস> অ্যাকাউন্টে গিয়ে পরে যাচাই করতে পারবেন I স্টোর এবং অতিরিক্ত পরিষেবা অ্যাক্সেস করতে যাচাইকরণের প্রয়োজন।"},{"$i":"setup-account","$v":"KaiOS অ্যাকাউন্ট সেটআপ করছে"},{"$i":"create-account-li","$v":"অ্যাকাউন্ট তৈরি করুন"},{"$i":"login-account-li","$v":"সাইন ইন করুন"},{"$i":"account-setup-message","$v":"একটি KaiOS অ্যাকাউন্টের সাথে আপনার তথ্য নিরাপদ রাখুন I আপনি যদি কখনও আপনার ফোন হারান তাহলে আপনার KaiOS অ্যাকাউন্ট আপনার ফোনকে দূরবর্তী অবস্থান থেকে লক করার বা সমস্ত ডাটা মুছে ফেলার অনুমতি আপনাকে দেবে। আপনি পরে সেটিংসে আপনার KaiOS অ্যাকাউন্ট সেট আপ করতে পারেন।"},{"$i":"sign-in-success","$v":"সাইন ইন করা সফল হয়েছে"},{"$i":"account-welcome","$v":"স্বাগতম"},{"$i":"logged-in-message","$v":[{"t":"idOrVar","v":"email"}]},{"$i":"anti-theft","$v":"অ্যান্টি-থেফ্ট"},{"$i":"anti-theft-info","$v":"আমরা আশা করছি যে আপনি কখনই আপনার ফোন হারাবেন না কিন্তু আপনি ফোন হারালে আপনি আমাদের রিমোট লক ও মুছে দেয়ার বৈশিষ্ট্যের মাধ্যমে আপনার ডেটা সুরক্ষিত করতে পারেন। যখন আপনি প্রস্তুত থাকবেন তখন আপনার KaiOS অ্যাকাউন্ট সেটআপ করতে সেটিংসে যান ।"},{"$i":"companion-phone","$v":"কমপ্যানীয়ন ফোন"},{"$i":"companion-phone-info","$v":"পরিচিতিগুলি সিঙ্ক করতে এবং আপনার প্রাথমিক ডিভাইস এবং আপনার কাই.ও.এস চালিত ফোনের মধ্যে ফাইল ট্রান্সফার করতে আপনার স্মার্টফোনে কাই.ও.এস কমপ্যানীয়ন অ্যাপটি ইনস্টল করুন।"},{"$i":"select-language","$v":"ভাষা নির্বাচন করুন"},{"$i":"language-current","$v":"বর্তমান"},{"$i":"language-readout-on","$v":"রিডআউট অন"},{"$i":"language-readout-off","$v":"রিডআউট অফ"},{"$i":"decline-info","$v":"এই ডিভাইসটি ব্যবহার করতে কাই.ও.এস এর লাইসেন্সের শর্তাবলী এবং গোপনীয়তা নীতি স্বীকার করা প্রয়োজন।"},{"$i":"kaios-license","$v":"কাই.ও.এস এর লাইসেন্সের শর্তাবলী এবং গোপনীয়তার নীতি"},{"$i":"decline","$v":"অস্বীকার করুন"},{"$i":"privacy-confirm","$v":"স্বীকার করছি, প্রেস করে আপনি কাই.ও.এস এর লাইসেন্সের শর্তাবলী এবং গোপনীয়তার নীতিতে সম্মত হচ্ছেন।"},{"$i":"open-url","$v":"ইউ.আর.এল খুলুন"},{"$i":"lyf-license","$v":"LYF লাইসেন্স শর্ত"},{"$i":"emergency","$v":"জরুরী"},{"$i":"pin-incorrect","$v":"ভুল পিন।"},{"$i":"puk-incorrect","$v":"ভুল PUK।"},{"$i":"inputCodeRetriesLeft","$v":{"few":[{"t":"idOrVar","v":"n"},"টি প্রচেষ্টা অবশিষ্ট।"],"many":[{"t":"idOrVar","v":"n"},"টি প্রচেষ্টা অবশিষ্ট।"],"one":"1টি প্রচেষ্টা বাকি আছে","other":[{"t":"idOrVar","v":"n"},"টি প্রচেষ্টা অবশিষ্ট।"],"two":[{"t":"idOrVar","v":"n"},"টি প্রচেষ্টা অবশিষ্ট।"]},"$x":[{"t":"idOrVar","v":"plural"},"n"]},{"$i":"inputCodePukRetriesLeft","$v":{"few":[{"t":"idOrVar","v":"n"},"টি প্রচেষ্টা অবশিষ্ট।"],"many":[{"t":"idOrVar","v":"n"},"টি প্রচেষ্টা অবশিষ্ট।"],"one":"1টি প্রচেষ্টা বাকি আছে","other":[{"t":"idOrVar","v":"n"},"টি প্রচেষ্টা অবশিষ্ট।"],"two":[{"t":"idOrVar","v":"n"},"টি প্রচেষ্টা অবশিষ্ট।"]},"$x":[{"t":"idOrVar","v":"plural"},"n"]},{"$i":"pin-label","$v":"সিম পিন"},{"$i":"enter-pin","$v":"সিম পিন লিখুন"},{"$i":"sim1-enter-pin","$v":"সিম 1 এর পিন লিখুন"},{"$i":"sim2-enter-pin","$v":"সিম 2 এর পিন লিখুন"},{"$i":"done","$v":"সম্পন্ন"},{"$i":"enter-puk","$v":"PUK লিখুন"},{"$i":"sim1-enter-puk","$v":"সিম 1 এর পি.ইউ.কে লিখুন"},{"$i":"sim2-enter-puk","$v":"সিম 2 এর পি.ইউ.কে লিখুন"},{"$i":"puk-label","$v":"PUK"},{"$i":"new-pin-label","$v":"নতুন SIM PIN(4-8 সংখ্যার)"},{"$i":"confirm-new-pin-label","$v":"নতুন SIM PIN নিশ্চিত করুন"},{"$i":"pincode-length-error","$v":"সিম পিন 4-8 সংখ্যার হতে হবে ।"},{"$i":"pin-final-locked","$v":"সিম কার্ড লক করা আছে৷"},{"$i":"pin-final-failed-text","$v":"সিম কার্ড আনলক করতে আপনি কি PUK কোড লিখতে চান?"},{"$i":"sim-locked","$v":"সিম লক করা হয়েছে"},{"$i":"sim1-locked","$v":"সিম 1 লক হয়েছে"},{"$i":"sim2-locked","$v":"সিম 2 লক হয়েছে"},{"$i":"new-pin-confirm-error","$v":"নতুন সিম পিন নিশ্চিতকরণ ব্যর্থ হয়েছে ।"},{"$i":"puk-final-locked","$v":"ভুল PUK।"},{"$i":"puk-final-failed-text","$v":"আপনার সিম কার্ড স্থায়ীভাবে লক করা আছে I আরও তথ্যের জন্য আপনার ক্যারিয়ারের সাথে যোগাযোগ করুন।"},{"$i":"about-kaios","$v":"কাই ও.এস এর সমন্ধে"},{"$i":"about-kaios-p1","$v":"কাই ও.এস এ আপনাকে স্বাগত I"},{"$i":"about-kaios-p2","$v":"আমাদের লক্ষ্য হচ্ছে সমাজের সকল সদস্যদের জন্য এক বাস্তবিক মহান ডিজিটাল পণ্য এবং পরিষেবাগুলি অ্যাক্সেসের মাধ্যমে ব্যক্তি,তাদের পরিবার এবং সম্প্রদায়ের জন্য সুযোগ উন্মুক্ত করা।"},{"$i":"about-kaios-p3","$v":"আপনি স্বয়ংক্রিয়ভাবে বিশ্লেষণের ডেটা পাঠিয়ে পণ্য এবং পরিষেবাগুলির উন্নতি করাতে আমাদের সহায়তা করতে পারেন। আমাদের গোপনীয় শর্তাবলী জানতে, দেখুন কিভাবে আমরা আপনার ডিভাইসগুলিতে ডেটা পরিচালনা করি।"},{"$i":"about-kaios-p4","$v":"আপনি এই সেটিংস সেটিং> গোপনীয়তা ও নিরাপত্তা> KaiOS- এর মধ্যে পরিবর্তন করতে পারেন"},{"$i":"about-kaios-agree","$v":"আমি অ্যানালিটিক্স তথ্য পাঠিয়ে সাহায্য করতে চাই।"},{"$i":"about-kaios-age","$v":"আমার বয়স 16 বছরের অধিক ।"},{"$i":"about-kaios-ad","$v":"আমার বিজ্ঞাপন অভিজ্ঞতা উন্নত করতে আমার ডেটা ব্যবহার করুন।"},{"$i":"deselect","$v":"অনির্বাচন করুন"},{"$i":"selectKeyboard","$v":"কীবোর্ড নির্বাচন করুন"},{"$i":"send-data-via","$v":"মাধ্যমে তথ্য পাঠান"},{"$i":"wifi-and-carrier-data","$v":"ওয়াই ফাই এবং মোবাইল ডেটা"},{"$i":"wifi-only","$v":"শুধুমাত্র ওয়াই-ফাই"},{"$i":"more","$v":"আরো >"},{"$i":"qtn_oobe_high_volume","$v":"অ্যাক্সেসিবিলিটি মোডে উচ্চ ভলিউমের ক্ষেত্রে অনুগ্রহ করে সাবধানতা অবলম্বন করুন।"},{"$i":"qtn_oobe_enter","$v":"আপনি কি তা সত্ত্বেও অ্যাক্সেসিবিলিটি মোডে প্রবেশ করতে চান?"},{"$i":"qtn_oobe_hdr_senior_mode","$v":"অ্যাক্সেসিবিলিটি মোড"},{"$i":"qtn_oobe_hdr_ICE","$v":"ICE তথ্য"},{"$i":"qtn_oobe_rem_create_ICE","$v":"অনুগ্রহ করে আপনার ICEতথ্যের বিশদ বিবরণ তৈরি করুন, যা কোনোরকম এমারজেন্সির ক্ষেত্রে আপনাকে সাহায্য করবে।"},{"$i":"qtn_oobe_set_ICE_contact","$v":"ডিভাইসটিকে চালু করার পরে,"},{"$i":"qtn_oobe_btn_ICE_info","$v":"ICE তথ্য তৈরি করুন"},{"$i":"qtn-privacy-terms-welcome","$v":"স্বাগত"},{"$i":"qtn-privacy-policy-description-1","$v":[{"t":"idOrVar","v":"WDM"}," মনোনয়ন করার জন্য ধন্যবাদ।"]},{"$i":"qtn-privacy-policy-description-2","$v":"আপনার ডিভাইসে HMD Global পরিষেবা ও প্রয়োগগুলির ব্যবহার HMD Global গোপনীয়তা নীতির দ্বারা নিয়ন্ত্রিত হয়, যা www.nokia.com/mobile-privacy সাইটে উপলভ্য।"},{"$i":"qtn-privacy-policy-description-3","$v":["আপনার ডিভাইসে KaiOS সফ্টওয়্যার, পরিষেবা ও প্রয়োগগুলির ব্যবহার KaiOS EULA এবং গোপনীয়তা শর্তাবলী দ্বারা নিয়ন্ত্রিত হয়, যা ",{"t":"idOrVar","v":"WDM"}," সাইটে উপলভ্য।"]},{"$i":"qtn-privacy-policy-description-4","$v":{"$o":"এককালীন ডিভাইস অবস্থান সহ ডিভাইস সক্রিয়করণ তথ্য KAI & HMD-এ পাঠানো হবে, যার সাথে আপনার অদ্বিতীয় ডিভাইস ও নেটওয়ার্ক সম্পর্কিত তথ্যও থাকবে।"}},{"$i":"qtn-privacy-policy-description-5","$v":"এই তথ্য আপনার দেশের চাহিদা পূরণ করতে, সফ্টওয়্যার আপডেট ও গ্রাহক পরিষেবা প্রদান করতে এবং বিভিন্ন পরিষেবা সক্রিয় করতে আমাদের সক্ষম করে।"},{"$i":"qtn-privacy-policy-description-6","$v":"ডাটার শুল্ক প্রযোজ্য হতে পারে।"},{"$i":"qtn-privacy-policy-description-7","$v":"যখন আপনি আপনার ডিভাইসের বিভিন্ন বৈশিষ্ট্যগুলি ব্যবহার করবেন তখন গোপনীয়তা অথবা অন্যান্য বিষয় সংক্রান্ত বিজ্ঞপ্তিগুলি প্রদান করা হতে পারে।"},{"$i":"data-connectivity","$v":"সতর্কীকরণ বার্তা"},{"$i":"data-message","$v":"স্মার্ট ফোনের প্রাথমিক সেটআপের সময় সেটআপ উইজার্ড মোবাইল নেটওয়ার্কের মাধ্যমে ডাটা ব্যবহার করতে পারে।"}]