[{"$i":"wifi","$v":"Odaberi mrežu"},{"$i":"ssid","$v":"SSID"},{"$i":"no-wifi-found","$v":"Nema dostupnih mreža"},{"$i":"wifi-searching","$v":"Traže se mreže…"},{"$i":"security-open","$v":"Otvori"},{"$i":"shortStatus-connecting","$v":"Povezivanje…"},{"$i":"shortStatus-associated","$v":"Dobijanje IP adrese…"},{"$i":"shortStatus-authenticating","$v":"Autentikacija…"},{"$i":"shortStatus-connected","$v":"Povezano"},{"$i":"shortStatus-connectingfailed","$v":"Povezivanje nije uspjelo"},{"$i":"shortStatus-disconnected","$v":"Van mreže"},{"$i":"shortStatus-connected-no-internet","$v":"Povezano, ali nema interneta"},{"$i":"securityWEP","$v":"WEP"},{"$i":"securityWPA-PSK","$v":"WPA-PSK"},{"$i":"securityWPA-EAP","$v":"WPA-EAP"},{"$i":"securityWPA2-PSK","$v":"WPA2-PSK"},{"$i":"securityWPA/WPA2-PSK","$v":"WPA/WPA2-PSK"},{"$i":"securedBy","$v":[{"t":"idOrVar","v":"capabilities"}]},{"$i":"securedByWay","$v":["Osigurao ",{"t":"idOrVar","v":"capabilities"}]},{"$i":"security","$v":"Sigurnost"},{"$i":"signalStrength","$v":"Jačina signala"},{"$i":"signalLevel0","$v":"Veoma slabo"},{"$i":"signalLevel1","$v":"Slab"},{"$i":"signalLevel2","$v":"Prosječno"},{"$i":"signalLevel3","$v":"Dobro"},{"$i":"signalLevel4","$v":"Veoma dobro"},{"$i":"ipAddress","$v":"IP adresa"},{"$i":"linkSpeed","$v":"Brzina veze"},{"$i":"linkSpeedMbs","$v":[{"t":"idOrVar","v":"linkSpeed"}," Mbit/s"]},{"$i":"wifi-rescan","$v":"Ponovo skeniraj"},{"$i":"wifi-join-fail","$v":["Povezivanje na mrežu nije uspjelo ",{"t":"idOrVar","v":"n"},"."]},{"$i":"wifi-connect-fail","$v":["Netačna lozinka za ",{"t":"idOrVar","v":"n"},"."]},{"$i":"wifi-ip-set-fail","$v":"IP podešavanja nisu uspjela."},{"$i":"wifi-pw-length-error","$v":"Dužina lozinke mora biti više od 8 znakova."},{"$i":"password","$v":"Lozinka"},{"$i":"showPassword","$v":"Prikaži lozinku"},{"$i":"connect","$v":"Poveži"},{"$i":"rescanCompleted","$v":"Ponovno skeniranje je završeno."},{"$i":"failedToConnect","$v":"Nije moguće povezati"},{"$i":"select","$v":"Odaberi"},{"$i":"skip","$v":"Preskoči"},{"$i":"next","$v":"Sljedeće"},{"$i":"accept","$v":"Prihvati"},{"$i":"cancel","$v":"Otkaži"},{"$i":"ok","$v":"U redu"},{"$i":"notNow","$v":"Ne sada"},{"$i":"forget","$v":"Zaboravi"},{"$i":"confirmation","$v":"Potvrda"},{"$i":"forget-network","$v":"Zaboravi mrežu?"},{"$i":"network-forgotten","$v":"Mreža je zaboravljena."},{"$i":"hfa","$v":"HFA"},{"$i":"setup-phone-verification","$v":"Potvrda telefona"},{"$i":"phone-verification-entry-message","$v":"Postavite račun potvrdom svog broja radi pristupa prodavnici i dodatnim uslugama."},{"$i":"phone-verification-skip-message","$v":"Potvrda vašeg broja je nepotpuna. Možete ga potvrditi kasnije odlaskom na Postavke > Račun. Potvrda je potrebna radi pristupa Prodavnici i dodatnim uslugama."},{"$i":"setup-account","$v":"Postavke KaiOS naloga"},{"$i":"create-account-li","$v":"Kreiraj nalog"},{"$i":"login-account-li","$v":"Prijava"},{"$i":"account-setup-message","$v":"Čuvajte vaše informacije na sigurnom sa KaiOS nalogom. Ako ikada izgubite svoj telefon, vaš KaiOS nalog će vam dozvoliti da daljinski zaključate ili izbrišete podatke sa svog telefona. Takođe možete podesite svoj KaiOS nalog kasnije u podešavanjima."},{"$i":"sign-in-success","$v":"Uspješna prijava"},{"$i":"account-welcome","$v":"Dobrodošli"},{"$i":"logged-in-message","$v":[{"t":"idOrVar","v":"email"}]},{"$i":"anti-theft","$v":"Režim protiv krađe"},{"$i":"anti-theft-info","$v":"Nadamo se da nikada nećete izgubiti svoj telefon, ali ako ga izgubite, možete zaštititi svoje podatke pomoću naših daljinskih funkcija za zaključavanje i brisanje podataka. Kada budete spremni, idite u podešavanja i podesite svoj KaiOS nalog."},{"$i":"companion-phone","$v":"Companion telefon"},{"$i":"companion-phone-info","$v":"Instalirajte aplikaciju KaiOS Companion na pametni telefon kako biste sinhronizovali kontakte i transferirali datoteke između primarnog uređaja i telefona sa sistemom KaiOS."},{"$i":"select-language","$v":"Odaberi jezik"},{"$i":"language-current","$v":"Trenutno"},{"$i":"language-readout-on","$v":"Čitanje naglas uklj."},{"$i":"language-readout-off","$v":"Čitanje naglas isklj."},{"$i":"decline-info","$v":"Za korištenje ovog uređaja potrebno je prihvatanje uslova i odredbi."},{"$i":"kaios-license","$v":"KaiOS uslovi licenciranja"},{"$i":"decline","$v":"Odbij"},{"$i":"privacy-confirm","$v":"Ako pritisnete Prihvati, prihvatate Uslove licenciranja i Pravila privatnosti operativnog sistema KaiOS."},{"$i":"open-url","$v":"OTVORI URL"},{"$i":"lyf-license","$v":"LYF uslvi licenciranja"},{"$i":"emergency","$v":"Hitni slučaj"},{"$i":"pin-incorrect","$v":"Netačan PIN."},{"$i":"puk-incorrect","$v":"Netačan PUK."},{"$i":"inputCodeRetriesLeft","$v":{"few":["Preostali broj pokušaja: ",{"t":"idOrVar","v":"n"},"."],"many":["Preostali broj pokušaja: ",{"t":"idOrVar","v":"n"},"."],"one":"(Pogrešan PIN. Još 1 pokušaj.)","other":["Preostali broj pokušaja: ",{"t":"idOrVar","v":"n"},"."],"two":["(Pogrešan PIN. Još ",{"t":"idOrVar","v":"n"}," pokušaja.)"]},"$x":[{"t":"idOrVar","v":"plural"},"n"]},{"$i":"inputCodePukRetriesLeft","$v":{"few":["Preostali broj pokušaja: ",{"t":"idOrVar","v":"n"},"."],"many":["Preostali broj pokušaja: ",{"t":"idOrVar","v":"n"},"."],"one":"Preostao je 1 pokušaj.","other":["Preostali broj pokušaja: ",{"t":"idOrVar","v":"n"},"."],"two":["Preostali broj pokušaja: ",{"t":"idOrVar","v":"n"},"."]},"$x":[{"t":"idOrVar","v":"plural"},"n"]},{"$i":"pin-label","$v":"SIM PIN"},{"$i":"enter-pin","$v":"Unesi PIN za SIM"},{"$i":"sim1-enter-pin","$v":"Unesite PIN za SIM1"},{"$i":"sim2-enter-pin","$v":"Unesite PIN za SIM2"},{"$i":"done","$v":"Završeno"},{"$i":"enter-puk","$v":"Unesi PUK"},{"$i":"sim1-enter-puk","$v":"Unesite PUK za SIM1"},{"$i":"sim2-enter-puk","$v":"Unesite PUK za SIM2"},{"$i":"puk-label","$v":"PUK"},{"$i":"new-pin-label","$v":"Novi SIM PIN(4-8 cifara)"},{"$i":"confirm-new-pin-label","$v":"Potvrdi novi SIM PIN"},{"$i":"pincode-length-error","$v":"SIM PIN mora biti između 4-8 cifara."},{"$i":"pin-final-locked","$v":"SIM kartica je zaključana."},{"$i":"pin-final-failed-text","$v":"Želite li unijeti PUK kôd za otključavanje SIM kartice?"},{"$i":"sim-locked","$v":"SIM kartica zaključana"},{"$i":"sim1-locked","$v":"Zaključana SIM1 kartica"},{"$i":"sim2-locked","$v":"Zaključana SIM2 kartica"},{"$i":"new-pin-confirm-error","$v":"Potvrda novog SIM PIN neuspjela."},{"$i":"puk-final-locked","$v":"Netačan PUK."},{"$i":"puk-final-failed-text","$v":"Vaša SIM kartica je trajno zaključana. Kontaktirajte svog operatera za više informacija."},{"$i":"about-kaios","$v":"O KaiOS-u"},{"$i":"about-kaios-p1","$v":"Dobro došli u KaiOS."},{"$i":"about-kaios-p2","$v":"Naša misija je da otvorimo mogućnosti za pojedince, njihove porodice i zajednice tako što omogućimo pristup velikim digitalnim proizvodima i uslugama za sve članove društva."},{"$i":"about-kaios-p3","$v":"Možete nam pomoći da poboljšamo proizvode i usluge automatskim slanjem analitičkih podataka. Pogledajte naše uslove privatnosti kako biste saznali kako se bavimo podacima na vašim uređajima."},{"$i":"about-kaios-p4","$v":"Ova podešavanja možete da promenite u Postavke> Privatnost i sigurnost> O KaiOS-u."},{"$i":"about-kaios-agree","$v":"Želim da pomognem slanjem analitičkih podataka."},{"$i":"about-kaios-age","$v":"Imam više od 16 godina."},{"$i":"about-kaios-ad","$v":"Koristi moje podatke za poboljšanje iskustva oglašavanja."},{"$i":"deselect","$v":"Poništi odabir"},{"$i":"selectKeyboard","$v":"Izaberi tastaturu"},{"$i":"send-data-via","$v":"Pošalji podatke preko"},{"$i":"wifi-and-carrier-data","$v":"Wifi i mobilni podaci"},{"$i":"wifi-only","$v":"Samo WiFi"},{"$i":"more","$v":"Više >"},{"$i":"qtn_oobe_high_volume","$v":"Obratite pažnju na visoku jačinu zvuka u Načinu rada za pristupačnost."},{"$i":"qtn_oobe_enter","$v":"I dalje želite ući u Način rada za pristupačnost?"},{"$i":"qtn_oobe_hdr_senior_mode","$v":"Način rada za pristupačnost"},{"$i":"qtn_oobe_hdr_ICE","$v":"ICE informacije"},{"$i":"qtn_oobe_rem_create_ICE","$v":"Kreirajte detalje o ICE informacijama koji će vam pomoći u hitnim slučajevima."},{"$i":"qtn_oobe_set_ICE_contact","$v":"Nakon postavljanja uređaja,"},{"$i":"qtn_oobe_btn_ICE_info","$v":"Kreiraj ICE informacije"},{"$i":"qtn-privacy-terms-welcome","$v":"Dobro došli"},{"$i":"qtn-privacy-policy-description-1","$v":["Zahvaljujemo vam na odabiru uređaja ",{"t":"idOrVar","v":"WDM"},"."]},{"$i":"qtn-privacy-policy-description-2","$v":"Vaše korištenje usluga i aplikacija kompanije HMD Global na vašem uređaju je regulisano Pravilima privatnosti kompanije HMD Global, dostupnim na www.nokia.com/mobile-privacy."},{"$i":"qtn-privacy-policy-description-3","$v":["Vaše korištenje KaiOS softvera, usluga i aplikacija na vašem uređaju je regulisano dokumentom EULA i Pravilima privatnosti operativnog sistema KaiOS koji su dostupni na ",{"t":"idOrVar","v":"WDM"},"."]},{"$i":"qtn-privacy-policy-description-4","$v":{"$o":"Kompaniji KAI & HMD se šalju informacije o aktivaciji uređaja s jednokratnom lokacijom uređaja zajedno sa informacijama o uređaju i mreži jedinstvenim za vaš uređaj."}},{"$i":"qtn-privacy-policy-description-5","$v":"Ova informacija nam omogućuje da bolje zadovoljimo potražnju u vašoj zemlji, ponudimo SW update, podršku korisnicima i aktiviranje usluga."},{"$i":"qtn-privacy-policy-description-6","$v":"Mogu nastati troškovi prenosa podataka."},{"$i":"qtn-privacy-policy-description-7","$v":"Mogu vam biti pružena obavještenja o privatnosti ili druga obavještenja kada koristite razne funkcije svog uređaja."},{"$i":"data-connectivity","$v":"Poruka upozorenja"},{"$i":"data-message","$v":"Čarobnjak za podešavanje će moći koristiti podatke preko mobilne mreže tokom početne postavke pametnog telefona."}]