[{"$i":"wifi","$v":"Vybrat síť"},{"$i":"ssid","$v":"SSID"},{"$i":"no-wifi-found","$v":"Žádné dostupné sítě"},{"$i":"wifi-searching","$v":"Hledání sítí…"},{"$i":"security-open","$v":"Otevřít"},{"$i":"shortStatus-connecting","$v":"Připojování…"},{"$i":"shortStatus-associated","$v":"Získává se IP adresa…"},{"$i":"shortStatus-authenticating","$v":"Ověřování…"},{"$i":"shortStatus-connected","$v":"Připojeno"},{"$i":"shortStatus-connectingfailed","$v":"Připojení se nezdařilo"},{"$i":"shortStatus-disconnected","$v":"Offline"},{"$i":"shortStatus-connected-no-internet","$v":"Připojeno, bez internetu"},{"$i":"securityWEP","$v":"WEP"},{"$i":"securityWPA-PSK","$v":"WPA-PSK"},{"$i":"securityWPA-EAP","$v":"WPA-EAP"},{"$i":"securityWPA2-PSK","$v":"WPA2-PSK"},{"$i":"securityWPA/WPA2-PSK","$v":"WPA/WPA2-PSK"},{"$i":"securedBy","$v":[{"t":"idOrVar","v":"capabilities"}]},{"$i":"securedByWay","$v":["Zabezpečení poskytuje ",{"t":"idOrVar","v":"capabilities"}]},{"$i":"security","$v":"Zabezpečení"},{"$i":"signalStrength","$v":"Intenzita signálu"},{"$i":"signalLevel0","$v":"Velmi slabý"},{"$i":"signalLevel1","$v":"Slabá"},{"$i":"signalLevel2","$v":"Prům."},{"$i":"signalLevel3","$v":"Dobrá"},{"$i":"signalLevel4","$v":"Velmi dobrý"},{"$i":"ipAddress","$v":"IP adresa"},{"$i":"linkSpeed","$v":"Rychlost spojení"},{"$i":"linkSpeedMbs","$v":[{"t":"idOrVar","v":"linkSpeed"}," Mbit/s"]},{"$i":"wifi-rescan","$v":"Prohledat znovu"},{"$i":"wifi-join-fail","$v":["Nelze se připojit k síti ",{"t":"idOrVar","v":"n"},"."]},{"$i":"wifi-connect-fail","$v":["Nesprávné heslo pro ",{"t":"idOrVar","v":"n"},"."]},{"$i":"wifi-ip-set-fail","$v":"Selhání nastavení IP."},{"$i":"wifi-pw-length-error","$v":"Heslo musí obsahovat více než 8 znaků."},{"$i":"password","$v":"Heslo"},{"$i":"showPassword","$v":"Zobrazit heslo"},{"$i":"connect","$v":"Připojit"},{"$i":"rescanCompleted","$v":"Nové hledání bylo dokončeno."},{"$i":"failedToConnect","$v":"Nepodařilo se připojit"},{"$i":"select","$v":"Vybrat"},{"$i":"skip","$v":"Přeskočit"},{"$i":"next","$v":"Další"},{"$i":"accept","$v":"Přijmout"},{"$i":"cancel","$v":"Zrušit"},{"$i":"ok","$v":"OK"},{"$i":"notNow","$v":"Teď ne"},{"$i":"forget","$v":"Zapomenout"},{"$i":"confirmation","$v":"Potvrzení"},{"$i":"forget-network","$v":"Zapomenout síť?"},{"$i":"network-forgotten","$v":"Síť odebrána."},{"$i":"hfa","$v":"HFA"},{"$i":"setup-phone-verification","$v":"Ověření telefonem"},{"$i":"phone-verification-entry-message","$v":"Pokud chcete získat přístup k obchodu a dalším službám, nastavte účet ověřením čísla."},{"$i":"phone-verification-skip-message","$v":"Vaše telefonické ověření není dokončeno. Ověření můžete provést později v nabídce Nastavení > Účet. Ověření je nutné pro přístup k obchodu a dalším službám."},{"$i":"setup-account","$v":"Nastavit účet KaiOS"},{"$i":"create-account-li","$v":"Vytvořit účet"},{"$i":"login-account-li","$v":"Přihlásit"},{"$i":"account-setup-message","$v":"Účet KaiOS chrání vaše informace. Jestliže telefon ztratíte, pomocí účtu KaiOS lze telefon vzdáleně uzamknout nebo z něj smazat veškerá data. Účet KaiOS lze vytvořit i později v části Nastavení."},{"$i":"sign-in-success","$v":"Přihlášení bylo úspěšné"},{"$i":"account-welcome","$v":"Vítejte"},{"$i":"logged-in-message","$v":[{"t":"idOrVar","v":"email"}]},{"$i":"anti-theft","$v":"Proti krádeži"},{"$i":"anti-theft-info","$v":"Doufáme, že svůj telefon nikdy neztratíte, pokud k tomu ale dojde, svá data můžete chránit pomocí funkcí vzdáleného zámku a vymazání. Jakmile budete připraveni, otevřete část Nastavení a vytvořte si účet KaiOS."},{"$i":"companion-phone","$v":"Doprovodný telefon"},{"$i":"companion-phone-info","$v":"Nainstalujte doprovodnou aplikaci KaiOS na svůj smartphone a synchronizujte kontakty a přenášejte soubory mezi primárním zařízením a telefonem se systémem KaiOS."},{"$i":"select-language","$v":"Vybrat jazyk"},{"$i":"language-current","$v":"Aktuální"},{"$i":"language-readout-on","$v":"Hlas. čtení zapnuto"},{"$i":"language-readout-off","$v":"Hlas. čtení vypnuto"},{"$i":"decline-info","$v":"Abyste mohli toto zařízení používat, musíte přijmout Podmínky používání."},{"$i":"kaios-license","$v":"Licenční podmínky pro systém KaiOS"},{"$i":"decline","$v":"Odmítnout"},{"$i":"privacy-confirm","$v":"Stisknutím tlačítka Přijmout vyjádříte souhlas s licenčními podmínkami a zásadami ochrany osobních údajů pro KaiOS."},{"$i":"open-url","$v":"OTEVŘÍT ADRESU"},{"$i":"lyf-license","$v":"Licenční podmínky pro službu LYF"},{"$i":"emergency","$v":"Tísňové volání"},{"$i":"pin-incorrect","$v":"Nesprávný PIN."},{"$i":"puk-incorrect","$v":"Nesprávný PUK."},{"$i":"inputCodeRetriesLeft","$v":{"few":["Zbývajících pokusů: ",{"t":"idOrVar","v":"n"},"."],"many":["Zbývajících pokusů: ",{"t":"idOrVar","v":"n"},"."],"one":"(Chybný kód PIN. Zbývá 1 pokus.)","other":["Zbývajících pokusů: ",{"t":"idOrVar","v":"n"},"."],"two":["(Chybný kód PIN. Zbývá pokusů: ",{"t":"idOrVar","v":"n"},".)"]},"$x":[{"t":"idOrVar","v":"plural"},"n"]},{"$i":"inputCodePukRetriesLeft","$v":{"few":["Zbývající pokusy: ",{"t":"idOrVar","v":"n"}],"many":["Zbývající pokusy: ",{"t":"idOrVar","v":"n"}],"one":"1 zbývající pokus","other":["Zbývající pokusy: ",{"t":"idOrVar","v":"n"}],"two":["Zbývající pokusy: ",{"t":"idOrVar","v":"n"}]},"$x":[{"t":"idOrVar","v":"plural"},"n"]},{"$i":"pin-label","$v":"PIN SIM karty"},{"$i":"enter-pin","$v":"Zadejte kód PIN karty SIM"},{"$i":"sim1-enter-pin","$v":"Zadejte kód PIN karty SIM 1"},{"$i":"sim2-enter-pin","$v":"Zadejte kód PIN karty SIM 2"},{"$i":"done","$v":"Hotovo"},{"$i":"enter-puk","$v":"Zadejte kód PUK"},{"$i":"sim1-enter-puk","$v":"Zadejte kód PUK karty SIM 1"},{"$i":"sim2-enter-puk","$v":"Zadejte kód PUK karty SIM 2"},{"$i":"puk-label","$v":"PUK"},{"$i":"new-pin-label","$v":"Nový PIN SIM karty ( 4–8 číslic)"},{"$i":"confirm-new-pin-label","$v":"Potvrdit nový kód PIN SIM karty"},{"$i":"pincode-length-error","$v":"PIN SIM karty musí mít 4–8 číslic."},{"$i":"pin-final-locked","$v":"SIM karta je uzamčena."},{"$i":"pin-final-failed-text","$v":"Chcete zadat PUK kód k odemknutí SIM karty?"},{"$i":"sim-locked","$v":"SIM uzamčena"},{"$i":"sim1-locked","$v":"SIM1 je uzamčena"},{"$i":"sim2-locked","$v":"SIM2 je uzamčena"},{"$i":"new-pin-confirm-error","$v":"Nový PIN SIM karty selhal."},{"$i":"puk-final-locked","$v":"Nesprávný PUK."},{"$i":"puk-final-failed-text","$v":"SIM karta je trvale uzamčená. Více informací získáte od operátora."},{"$i":"about-kaios","$v":"O společnosti KaiOS"},{"$i":"about-kaios-p1","$v":"Vítejte v aplikaci KaiOS."},{"$i":"about-kaios-p2","$v":"Naším posláním je otevřít příležitosti jednotlivcům, jejich rodinám a komunitám tím, že přístup ke všem digitálním produktům a službám bude skutečností pro všechny členy společnosti."},{"$i":"about-kaios-p3","$v":"Můžete nám pomoci vylepšit produkty a služby tím, že automaticky odesíláte údaje o analýze. Podívejte se na naše podmínky ochrany osobních údajů, abyste zjistili, jak zpracováváme data na vašich zařízeních."},{"$i":"about-kaios-p4","$v":"Tato nastavení můžete změnit v části Nastavení> Soukromí a zabezpečení> O aplikaci KaiOS."},{"$i":"about-kaios-agree","$v":"Chci vám pomoci zasláním dat o analýze."},{"$i":"about-kaios-age","$v":"Mám více než 16 let."},{"$i":"about-kaios-ad","$v":"Používat moje data ke zlepšování reklam."},{"$i":"deselect","$v":"Zrušit výběr"},{"$i":"selectKeyboard","$v":"Vybrat klávesnici"},{"$i":"send-data-via","$v":"Odeslat data přes"},{"$i":"wifi-and-carrier-data","$v":"Wi-Fi a paketová data"},{"$i":"wifi-only","$v":"Pouze Wi-Fi"},{"$i":"more","$v":"Více >"},{"$i":"qtn_oobe_high_volume","$v":"Upozorňujeme, že hlasitost v režimu přístupnosti je vysoká."},{"$i":"qtn_oobe_enter","$v":"Pořád chcete režim přístupnosti aktivovat?"},{"$i":"qtn_oobe_hdr_senior_mode","$v":"Režim přístupnosti"},{"$i":"qtn_oobe_hdr_ICE","$v":"ICE informace"},{"$i":"qtn_oobe_rem_create_ICE","$v":"Nastavte si ICE informace, které vám pomohou v případě nouze."},{"$i":"qtn_oobe_set_ICE_contact","$v":"Po zapnutí zařízení"},{"$i":"qtn_oobe_btn_ICE_info","$v":"Vytvořit ICE informace"},{"$i":"qtn-privacy-terms-welcome","$v":"Vítejte"},{"$i":"qtn-privacy-policy-description-1","$v":["Děkujeme, že jste si vybrali telefon ",{"t":"idOrVar","v":"WDM"},"."]},{"$i":"qtn-privacy-policy-description-2","$v":"Využívání služeb a aplikací společnosti HMD Global ve vašem zařízení se řídí prohlášením společnosti HMD Global o ochraně soukromí, které najdete na adrese www.nokia.com/mobile-privacy."},{"$i":"qtn-privacy-policy-description-3","$v":["Využívání softwaru, služeb a aplikací společnosti KaiOS ve vašem zařízení se řídí prohlášením společnosti KaiOS o ochraně soukromí, které najdete na adrese ",{"t":"idOrVar","v":"WDM"},"."]},{"$i":"qtn-privacy-policy-description-4","$v":{"$o":"Při aktivaci zařízení budou společnosti KAI & HMD zaslány jednorázové informace o poloze zařízení společně s jedinečnými informacemi o zařízení a síti."}},{"$i":"qtn-privacy-policy-description-5","$v":"Tyto informace nám umožňují lépe plnit poptávku ve vaší zemi, nabízet aktualizace softwaru, poskytovat podporu zákazníkům a aktivovat služby."},{"$i":"qtn-privacy-policy-description-6","$v":"Mohou být účtovány poplatky za přenos dat."},{"$i":"qtn-privacy-policy-description-7","$v":"Upozornění k ochraně osobních údajů nebo jiná upozornění mohou být zobrazena, když použijete různé funkce telefonu."},{"$i":"data-connectivity","$v":"Upozornění"},{"$i":"data-message","$v":"Průvodce nastavením bude moci během počátečního nastavení chytrého telefonu využít mobilní síť k přenosu dat."}]