[{"$i":"wifi","$v":"Vælg et netværk"},{"$i":"ssid","$v":"SSID"},{"$i":"no-wifi-found","$v":"Ingen tilgængelige netværk"},{"$i":"wifi-searching","$v":"Søger efter netværk…"},{"$i":"security-open","$v":"Åbn"},{"$i":"shortStatus-connecting","$v":"Opretter forbindelse…"},{"$i":"shortStatus-associated","$v":"Henter en IP-adresse…"},{"$i":"shortStatus-authenticating","$v":"Godkender…"},{"$i":"shortStatus-connected","$v":"Tilsluttet"},{"$i":"shortStatus-connectingfailed","$v":"Forbindelsen mislykkedes"},{"$i":"shortStatus-disconnected","$v":"Offline"},{"$i":"shortStatus-connected-no-internet","$v":"Tilsluttet, intet internet"},{"$i":"securityWEP","$v":"WEP"},{"$i":"securityWPA-PSK","$v":"WPA-PSK"},{"$i":"securityWPA-EAP","$v":"WPA-EAP"},{"$i":"securityWPA2-PSK","$v":"WPA2-PSK"},{"$i":"securityWPA/WPA2-PSK","$v":"WPA/WPA2-PSK"},{"$i":"securedBy","$v":[{"t":"idOrVar","v":"capabilities"}]},{"$i":"securedByWay","$v":["Sikret af ",{"t":"idOrVar","v":"capabilities"}]},{"$i":"security","$v":"Sikkerhed"},{"$i":"signalStrength","$v":"Signalstyrke"},{"$i":"signalLevel0","$v":"Meget svag"},{"$i":"signalLevel1","$v":"Svag"},{"$i":"signalLevel2","$v":"Gennemsnit"},{"$i":"signalLevel3","$v":"God"},{"$i":"signalLevel4","$v":"Meget god"},{"$i":"ipAddress","$v":"IP-adresse"},{"$i":"linkSpeed","$v":"Linkhastighed"},{"$i":"linkSpeedMbs","$v":[{"t":"idOrVar","v":"linkSpeed"}," Mbit/s"]},{"$i":"wifi-rescan","$v":"Scan igen"},{"$i":"wifi-join-fail","$v":["Kunne ikke oprette forbindelse til netværket ",{"t":"idOrVar","v":"n"},"."]},{"$i":"wifi-connect-fail","$v":["Forkert adgangskode for ",{"t":"idOrVar","v":"n"},"."]},{"$i":"wifi-ip-set-fail","$v":"IP-indstillinger mislykkedes."},{"$i":"wifi-pw-length-error","$v":"Adgangskoden skal være længere end 8 tegn."},{"$i":"password","$v":"Adgangskode"},{"$i":"showPassword","$v":"Vis adgangskode"},{"$i":"connect","$v":"Forbind"},{"$i":"rescanCompleted","$v":"Scanning igen er fuldført."},{"$i":"failedToConnect","$v":"Der blev ikke oprettet forbindelse"},{"$i":"select","$v":"Vælg"},{"$i":"skip","$v":"Ignorer"},{"$i":"next","$v":"Næste"},{"$i":"accept","$v":"Acceptér"},{"$i":"cancel","$v":"Annuller"},{"$i":"ok","$v":"OK"},{"$i":"notNow","$v":"Ikke nu"},{"$i":"forget","$v":"Glem"},{"$i":"confirmation","$v":"Bekræftelse"},{"$i":"forget-network","$v":"Glem netværk?"},{"$i":"network-forgotten","$v":"Netværk glemt."},{"$i":"hfa","$v":"HFA"},{"$i":"setup-phone-verification","$v":"Godkendelse af telefon"},{"$i":"phone-verification-entry-message","$v":"Opsæt en konto ved at bekræfte dit nummer for at få adgang til butikken og yderligere tjenester."},{"$i":"phone-verification-skip-message","$v":"Godkendelsen af din telefon er ikke fuldført. Du kan godkende senere i Indstillinger > Konto. Godkendelse er påkrævet for at få adgang til butikken og yderligere tjenester."},{"$i":"setup-account","$v":"Konfigurer KaiOS-konto"},{"$i":"create-account-li","$v":"Opret konto"},{"$i":"login-account-li","$v":"Log på"},{"$i":"account-setup-message","$v":"Hold  dine oplysninger sikre med en KaiOS-konto. Hvis du mister din telefon, giver din KaiOS-konto dig mulighed for at fjernlåse eller slette alle data på telefonen. Du kan også konfigurere din KaiOS-konto senere i Indstillinger."},{"$i":"sign-in-success","$v":"Logget på"},{"$i":"account-welcome","$v":"Velkommen"},{"$i":"logged-in-message","$v":[{"t":"idOrVar","v":"email"}]},{"$i":"anti-theft","$v":"Tyveribeskyttelse"},{"$i":"anti-theft-info","$v":"Vi håber, du aldrig mister din telefon, men hvisdet sker, kan du beskytte dine data med vores funktioner til fjernlåsning og sletning. Når du er klar, kan du gå til Indstillinger for at konfigurere din KaiOS-konto."},{"$i":"companion-phone","$v":"Ledsagertelefon"},{"$i":"companion-phone-info","$v":"Installér KaiOS-ledsagerappen på din smartphone for at synkronisere kontakter og overføre filer mellem din primære enhed og din KaiOS-baserede telefon."},{"$i":"select-language","$v":"Vælg sprog"},{"$i":"language-current","$v":"Aktuel"},{"$i":"language-readout-on","$v":"Oplæsning til"},{"$i":"language-readout-off","$v":"Oplæsning fra"},{"$i":"decline-info","$v":"Du skal acceptere Vilkår og betingelser, før du kan bruge denne enhed."},{"$i":"kaios-license","$v":"KaiOS Licensvilkår"},{"$i":"decline","$v":"Afvis"},{"$i":"privacy-confirm","$v":"Hvis du trykker på Acceptér, accepterer du KaiOS Licensvilkår og Persondatapolitik."},{"$i":"open-url","$v":"ÅBN URL"},{"$i":"lyf-license","$v":"LYF Licensvilkår"},{"$i":"emergency","$v":"Nødstilfælde"},{"$i":"pin-incorrect","$v":"Forkert PIN."},{"$i":"puk-incorrect","$v":"Forkert PUK."},{"$i":"inputCodeRetriesLeft","$v":{"few":[{"t":"idOrVar","v":"n"}," forsøg tilbage."],"many":[{"t":"idOrVar","v":"n"}," forsøg tilbage."],"one":"(Forkert PIN-kode. 1 forsøg tilbage.)","other":[{"t":"idOrVar","v":"n"}," forsøg tilbage."],"two":["(Forkert PIN-kode. ",{"t":"idOrVar","v":"n"}," forsøg tilbage.)"]},"$x":[{"t":"idOrVar","v":"plural"},"n"]},{"$i":"inputCodePukRetriesLeft","$v":{"few":[{"t":"idOrVar","v":"n"}," forsøg tilbage."],"many":[{"t":"idOrVar","v":"n"}," forsøg tilbage."],"one":"1 forsøg tilbage.","other":[{"t":"idOrVar","v":"n"}," forsøg tilbage."],"two":[{"t":"idOrVar","v":"n"}," forsøg tilbage."]},"$x":[{"t":"idOrVar","v":"plural"},"n"]},{"$i":"pin-label","$v":"SIM PIN"},{"$i":"enter-pin","$v":"Indtast SIM PIN"},{"$i":"sim1-enter-pin","$v":"Indtast SIM1 PIN"},{"$i":"sim2-enter-pin","$v":"Indtast SIM2 PIN"},{"$i":"done","$v":"Udført"},{"$i":"enter-puk","$v":"Indtast PUK-kode"},{"$i":"sim1-enter-puk","$v":"Indtast SIM1 PUK"},{"$i":"sim2-enter-puk","$v":"Indtast SIM2 PUK"},{"$i":"puk-label","$v":"PUK"},{"$i":"new-pin-label","$v":"Ny SIM PIN(4-8 cifre)"},{"$i":"confirm-new-pin-label","$v":"Bekræft ny SIM PIN"},{"$i":"pincode-length-error","$v":"SIM PIN skal være på 4-8 cifre."},{"$i":"pin-final-locked","$v":"SIM-kortet er låst."},{"$i":"pin-final-failed-text","$v":"Vil du indtaste PUK-koden for at låse SIM-kortet op?"},{"$i":"sim-locked","$v":"SIM låst"},{"$i":"sim1-locked","$v":"SIM1 låst"},{"$i":"sim2-locked","$v":"SIM2 låst"},{"$i":"new-pin-confirm-error","$v":"Ny SIM PIN kunne ikke bekræftes."},{"$i":"puk-final-locked","$v":"Forkert PUK."},{"$i":"puk-final-failed-text","$v":"Dit SIM-kort er permanent låst. Kontakt din operatør for flere oplysninger."},{"$i":"about-kaios","$v":"Om KaiOS"},{"$i":"about-kaios-p1","$v":"Velkommen til KaiOS."},{"$i":"about-kaios-p2","$v":"Vores mission er at åbne muligheder for enkeltpersoner, deres familier og omgivelser og tilbyde dem adgang til fantastiske digitale løsninger og gøre dem til virkelighed for alle samfundsmedlemmer"},{"$i":"about-kaios-p3","$v":"Du kan hjælpe os med at forbedre vores produkter og services ved at lade enheden automatisk dele analysedata med os. Se vores betingelser vedrørende privalivets fred hvad angår brug af data, som du deler med os"},{"$i":"about-kaios-p4","$v":"Du kan ændre disse indstillinger i Indstillinger> Persondata og sikkerhed > Om KaiOS."},{"$i":"about-kaios-agree","$v":"Jeg vil gerne hjælpe med at sende analysedata."},{"$i":"about-kaios-age","$v":"Jeg er over 16 år."},{"$i":"about-kaios-ad","$v":"Brug mine data til at forbedre min annonceringsoplevelse."},{"$i":"deselect","$v":"Fravælg"},{"$i":"selectKeyboard","$v":"Vælg tastatur"},{"$i":"send-data-via","$v":"Send Data via"},{"$i":"wifi-and-carrier-data","$v":"Wi-Fi og Mobildata"},{"$i":"wifi-only","$v":"Kun Wi-Fi"},{"$i":"more","$v":"Mere >"},{"$i":"qtn_oobe_high_volume","$v":"Vær opmærksom på høj lydstyrke i tilstanden Hjælp til handicappede."},{"$i":"qtn_oobe_enter","$v":"Vil du stadig aktivere Hjælp til handicappede?"},{"$i":"qtn_oobe_hdr_senior_mode","$v":"Hjælp til handicappede"},{"$i":"qtn_oobe_hdr_ICE","$v":"ICE-oplysninger"},{"$i":"qtn_oobe_rem_create_ICE","$v":"Opret dine ICE oplysninger, som vil hjælpe dig i tilfælde af en nødsituation."},{"$i":"qtn_oobe_set_ICE_contact","$v":"Når enheden er startet, skal du"},{"$i":"qtn_oobe_btn_ICE_info","$v":"Opret ICE-oplysninger"},{"$i":"qtn-privacy-terms-welcome","$v":"Velkommen"},{"$i":"qtn-privacy-policy-description-1","$v":["Tak, fordi du har valgt ",{"t":"idOrVar","v":"WDM"},"."]},{"$i":"qtn-privacy-policy-description-2","$v":"Din brug af tjenester og applikationer fra HMD Global på din enhed er underlagt HMD Global Persondatapolitik, som kan ses på www.nokia.com/mobile-privacy."},{"$i":"qtn-privacy-policy-description-3","$v":["Din brug af software, tjenester og applikationer fra KaiOS på din enhed er underlagt KaiOS Slutbrugerlicensaftale og Persondatapolitik, som kan ses på ",{"t":"idOrVar","v":"WDM"},"."]},{"$i":"qtn-privacy-policy-description-4","$v":{"$o":"Oplysninger om enhedsaktivering med engangsplacering for enheden sendes sammen med dine entydige oplysninger om enhed og netværk til KAI & HMD."}},{"$i":"qtn-privacy-policy-description-5","$v":"Disse oplysninger giver os mulighed for bedre at imødekomme efterspørgslen i dit land, levere software­opdateringer, yde kundesupport og aktivere tjenester."},{"$i":"qtn-privacy-policy-description-6","$v":"Der kan gælde datagebyrer."},{"$i":"qtn-privacy-policy-description-7","$v":"Meddelelser om persondata eller andet kan gives, når du bruger forskellige funktioner på din enhed."},{"$i":"data-connectivity","$v":"Advarsel"},{"$i":"data-message","$v":"Opsætningsguiden vil muligvis bruge data over mobilnetværket under den første opsætning af smartphonen."}]