[{"$i":"wifi","$v":"Netzwerk auswählen"},{"$i":"ssid","$v":"SSID"},{"$i":"no-wifi-found","$v":"Keine verfügbaren Netzwerke"},{"$i":"wifi-searching","$v":"Netzwerke werden durchsucht..."},{"$i":"security-open","$v":"Öffnen"},{"$i":"shortStatus-connecting","$v":"Verbindung wird hergestellt..."},{"$i":"shortStatus-associated","$v":"IP-Adresse wird empfangen..."},{"$i":"shortStatus-authenticating","$v":"Wird authentifiziert..."},{"$i":"shortStatus-connected","$v":"Verbunden"},{"$i":"shortStatus-connectingfailed","$v":"Verbindungsherstellung fehlgeschlagen"},{"$i":"shortStatus-disconnected","$v":"Offline"},{"$i":"shortStatus-connected-no-internet","$v":"Verbunden, kein Internet"},{"$i":"securityWEP","$v":"WEP"},{"$i":"securityWPA-PSK","$v":"WPA-PSK"},{"$i":"securityWPA-EAP","$v":"WPA-EAP"},{"$i":"securityWPA2-PSK","$v":"WPA2-PSK"},{"$i":"securityWPA/WPA2-PSK","$v":"WPA/WPA2-PSK"},{"$i":"securedBy","$v":[{"t":"idOrVar","v":"capabilities"}]},{"$i":"securedByWay","$v":["Gesichert durch ",{"t":"idOrVar","v":"capabilities"}]},{"$i":"security","$v":"Sicherheit"},{"$i":"signalStrength","$v":"Signalstärke"},{"$i":"signalLevel0","$v":"Sehr schwach"},{"$i":"signalLevel1","$v":"Schwach"},{"$i":"signalLevel2","$v":"Durchschnittlich"},{"$i":"signalLevel3","$v":"Gut"},{"$i":"signalLevel4","$v":"Sehr gut"},{"$i":"ipAddress","$v":"IP-Adresse"},{"$i":"linkSpeed","$v":"Geschwindigkeit"},{"$i":"linkSpeedMbs","$v":[{"t":"idOrVar","v":"linkSpeed"}," Mbit/s"]},{"$i":"wifi-rescan","$v":"Erneut scannen"},{"$i":"wifi-join-fail","$v":["Netzwerk ",{"t":"idOrVar","v":"n"}," kann nicht beigetreten werden."]},{"$i":"wifi-connect-fail","$v":["Falsches Passwort für ",{"t":"idOrVar","v":"n"},"."]},{"$i":"wifi-ip-set-fail","$v":"IP-Einstellungen fehlgeschlagen"},{"$i":"wifi-pw-length-error","$v":"Das Passwort muss mehr als 8 Zeichen lang sein."},{"$i":"password","$v":"Passwort"},{"$i":"showPassword","$v":"Passwort anzeigen"},{"$i":"connect","$v":"Verbinden"},{"$i":"rescanCompleted","$v":"Erneutes Scannen abgeschlossen."},{"$i":"failedToConnect","$v":"Verbindung fehlgeschlagen"},{"$i":"select","$v":"Auswählen"},{"$i":"skip","$v":"Ohne"},{"$i":"next","$v":"Weiter"},{"$i":"accept","$v":"Annehmen"},{"$i":"cancel","$v":"Abbrechen"},{"$i":"ok","$v":"OK"},{"$i":"notNow","$v":"Später"},{"$i":"forget","$v":"Vergessen"},{"$i":"confirmation","$v":"Bestätigung"},{"$i":"forget-network","$v":"Netzwerk vergessen?"},{"$i":"network-forgotten","$v":"Netzwerk entfernt"},{"$i":"hfa","$v":"Berührungslose Aktivierung"},{"$i":"setup-phone-verification","$v":"Telefon-Verifizierung"},{"$i":"phone-verification-entry-message","$v":"Richten Sie ein Konto ein, indem Sie Ihre Rufnummer verifizieren, um auf den Shop und zusätzliche Dienste zuzugreifen."},{"$i":"phone-verification-skip-message","$v":"Die Verifizierung Ihres Telefons ist unvollständig. Sie können Ihr Telefon zu einem späteren Zeitpunkt unter „Einstellungen“>„Konto“ verifizieren. Die Verifizierung ist erforderlich, um auf den Shop und zusätzliche Dienste zuzugreifen."},{"$i":"setup-account","$v":"KaiOS-Konto einrichten"},{"$i":"create-account-li","$v":"Konto erstellen"},{"$i":"login-account-li","$v":"Anmelden"},{"$i":"account-setup-message","$v":"Verwenden Sie ein KaiOS-Konto, um Ihre Daten zu schützen. Sollten Sie Ihr Telefon jemals verlieren, können Sie über Ihr KaiOS-Konto alle auf dem Telefon befindlichen Daten per Fernzugriff sperren oder löschen. Sie können Ihr KaiOS-Konto auch zu einem späteren Zeitpunkt unter „Einstellungen“ einrichten."},{"$i":"sign-in-success","$v":"Anmelden erfolgreich"},{"$i":"account-welcome","$v":"Willkommen!"},{"$i":"logged-in-message","$v":[{"t":"idOrVar","v":"email"}]},{"$i":"anti-theft","$v":"Diebstahlschutz"},{"$i":"anti-theft-info","$v":"Wir hoffen, dass Sie Ihr Telefon niemals verlieren werden, aber sollte dieser Fall trotzdem einmal eintreten, können Sie Ihre Daten mithilfe unserer Sperr- und Löschfunktionen per Fernzugriff sichern. Wenn Sie von diesen Vorteilen profitieren möchten, gehen Sie zu „Einstellungen“, um Ihr KaiOS-Konto einzurichten."},{"$i":"companion-phone","$v":"Begleittelefon"},{"$i":"companion-phone-info","$v":"Installieren Sie die KaiOS-Begleitanwendung auf Ihrem Smartphone, um Kontakte zu synchronisieren und Dateien zwischen Ihrem Hauptgerät und KaiOS-Telefon zu übertragen."},{"$i":"select-language","$v":"Sprache auswählen"},{"$i":"language-current","$v":"Aktuell"},{"$i":"language-readout-on","$v":"Vorlesen ein"},{"$i":"language-readout-off","$v":"Vorlesen aus"},{"$i":"decline-info","$v":"Für die Verwendung dieses Geräts müssen Sie den Lizenzbedingungen und der Datenschutzerklärung von KaiOS zustimmen."},{"$i":"kaios-license","$v":"Lizenzbedingungen und Datenschutzerklärung von KaiOS"},{"$i":"decline","$v":"Ablehnen"},{"$i":"privacy-confirm","$v":"Durch das Betätigen der Schaltfläche „Zustimmen“ erklären Sie sich mit Lizenzbedingungen und der Datenschutzerklärung von KaiOS einverstanden."},{"$i":"open-url","$v":"URL ÖFFNEN"},{"$i":"lyf-license","$v":"LYF-Lizenzbedingungen"},{"$i":"emergency","$v":"Notfall"},{"$i":"pin-incorrect","$v":"Falsche PIN."},{"$i":"puk-incorrect","$v":"Falsche PUK."},{"$i":"inputCodeRetriesLeft","$v":{"few":[{"t":"idOrVar","v":"n"}," Wiederholungen verbleibend"],"many":[{"t":"idOrVar","v":"n"}," Wiederholungen verbleibend"],"one":"1 Versuch verbleibend","other":[{"t":"idOrVar","v":"n"}," Wiederholungen verbleibend"],"two":[{"t":"idOrVar","v":"n"}," Wiederholungen verbleibend"]},"$x":[{"t":"idOrVar","v":"plural"},"n"]},{"$i":"inputCodePukRetriesLeft","$v":{"few":[{"t":"idOrVar","v":"n"}," Wiederholungen verbleibend"],"many":[{"t":"idOrVar","v":"n"}," Wiederholungen verbleibend"],"one":"1 Versuch verbleibend","other":[{"t":"idOrVar","v":"n"}," Wiederholungen verbleibend"],"two":[{"t":"idOrVar","v":"n"}," Wiederholungen verbleibend"]},"$x":[{"t":"idOrVar","v":"plural"},"n"]},{"$i":"pin-label","$v":"SIM-PIN"},{"$i":"enter-pin","$v":"SIM-PIN eingeben"},{"$i":"sim1-enter-pin","$v":"SIM1-PIN eingeben"},{"$i":"sim2-enter-pin","$v":"SIM2-PIN eingeben"},{"$i":"done","$v":"Fertig"},{"$i":"enter-puk","$v":"PUK eingeben"},{"$i":"sim1-enter-puk","$v":"SIM1-PUK-/PUK-Code eingeben"},{"$i":"sim2-enter-puk","$v":"SIM2-PUK-/PUK-Code eingeben"},{"$i":"puk-label","$v":"PUK"},{"$i":"new-pin-label","$v":"Neue SIM-PIN (4–8 Ziffern)"},{"$i":"confirm-new-pin-label","$v":"Neue SIM-PIN bestätigen"},{"$i":"pincode-length-error","$v":"SIM-PIN muss aus 4 bis 8 Ziffern bestehen"},{"$i":"pin-final-locked","$v":"Die SIM-Karte ist gesperrt."},{"$i":"pin-final-failed-text","$v":"Möchten Sie den PUK-Code eingeben, um Ihre SIM-Karte zu entsperren?"},{"$i":"sim-locked","$v":"SIM gesperrt"},{"$i":"sim1-locked","$v":"SIM 1 gesperrt"},{"$i":"sim2-locked","$v":"SIM 2 gesperrt"},{"$i":"new-pin-confirm-error","$v":"Bestätigung der neuen SIM-PIN fehlgeschlagen."},{"$i":"puk-final-locked","$v":"Falsche PUK."},{"$i":"puk-final-failed-text","$v":"Ihre SIM-Karte ist dauerhaft gesperrt. Weitere Informationen erhalten Sie bei Ihrem Netzbetreiber."},{"$i":"about-kaios","$v":"Informationen zu KaiOS"},{"$i":"about-kaios-p1","$v":"Willkommen bei KaiOS."},{"$i":"about-kaios-p2","$v":"Unsere Mission ist es, Einzelnutzern sowie deren Familien und Gemeinschaften neue Möglichkeiten zu erschließen, indem wir allen Mitgliedern der Gesellschaft den Zugang zu großartigen digitalen Produkten und Diensten ermöglichen."},{"$i":"about-kaios-p3","$v":"Sie können uns dabei helfen, unsere Produkte und Dienste zu verbessern, indem Sie das automatische Versenden von Analysedaten zulassen. Informationen dazu, wie wir Ihre Gerätedaten verwenden, finden Sie in unserer Datenschutzerklärung."},{"$i":"about-kaios-p4","$v":"Sie können diese Einstellungen unter \"Einstellungen\" > \"Datenschutz und Sicherheit\" > \"Über KaiOS\" ändern."},{"$i":"about-kaios-agree","$v":"Ich möchte durch die Übermittlung von Analysedaten einen Beitrag leisten."},{"$i":"about-kaios-age","$v":"Ich bin älter als 16."},{"$i":"about-kaios-ad","$v":"Verwenden Sie meine Daten, um meine Werbeerfahrung zu verbessern."},{"$i":"deselect","$v":"Auswahl aufheben"},{"$i":"selectKeyboard","$v":"Tastatur auswählen"},{"$i":"send-data-via","$v":"Daten senden über"},{"$i":"wifi-and-carrier-data","$v":"WLAN- und Netzbetreiberdaten"},{"$i":"wifi-only","$v":"Nur WLAN"},{"$i":"more","$v":"Mehr >"},{"$i":"qtn_oobe_high_volume","$v":"Achten Sie auf hohe Lautstärke im Barrierefreiheitsmodus."},{"$i":"qtn_oobe_enter","$v":"Trotzdem zum Barriere- freiheitsmodus wechseln?"},{"$i":"qtn_oobe_hdr_senior_mode","$v":"Barrierefreiheitsmodus"},{"$i":"qtn_oobe_hdr_ICE","$v":"IN-Informationen"},{"$i":"qtn_oobe_rem_create_ICE","$v":"Legen Sie Ihre IN- Informationen an. Diese sind in Notfällen hilfreich."},{"$i":"qtn_oobe_set_ICE_contact","$v":"Legen Sie nach dem"},{"$i":"qtn_oobe_btn_ICE_info","$v":"IN-Informationen anlegen"},{"$i":"qtn-privacy-terms-welcome","$v":"Willkommen"},{"$i":"qtn-privacy-policy-description-1","$v":["Vielen Dank, dass Sie sich für das ",{"t":"idOrVar","v":"WDM"}," entschieden haben."]},{"$i":"qtn-privacy-policy-description-2","$v":"Die Nutzung der Dienste und Programme von HMD Global auf Ihrem Gerät unterliegt der Datenschutz-erklärung von HMD Global. Diese können Sie hier einsehen: www.nokia.com/mobile-privacy."},{"$i":"qtn-privacy-policy-description-3","$v":["Die Nutzung der KaiOS-Software, -Dienste und -Programme auf Ihrem Gerät unterliegt der EULA und den Datenschutz-bedingungen von KaiOS, die Sie unter ",{"t":"idOrVar","v":"WDM"}," finden."]},{"$i":"qtn-privacy-policy-description-4","$v":{"$o":"Informationen zur Geräteaktivierung werden mit einer einmaligen Bestimmung des Gerätestandorts und Netzdaten an KAI & HMD gesendet."}},{"$i":"qtn-privacy-policy-description-5","$v":"Mit diesen Informationen können wir der Nachfrage in Ihrem Land besser gerecht werden, Software-Updates bereitstellen, Kundenservice leisten und Dienste aktivieren."},{"$i":"qtn-privacy-policy-description-6","$v":"Hierbei können Datengebühren anfallen."},{"$i":"qtn-privacy-policy-description-7","$v":"Bei Verwendung anderer Funktionen des Geräts gelten womöglich Datenschutz- oder sonstige Hinweise."},{"$i":"data-connectivity","$v":"Warnmeldung"},{"$i":"data-message","$v":"Der Setup-Assistent überträgt bei der Ersteinrichtung des Smartphones möglicherweise Daten über das Mobilnetz."}]