[{"$i":"wifi","$v":"Select a network"},{"$i":"ssid","$v":"SSID"},{"$i":"no-wifi-found","$v":"No available networks"},{"$i":"wifi-searching","$v":"Searching networks…"},{"$i":"security-open","$v":"Open"},{"$i":"shortStatus-connecting","$v":"Connecting…"},{"$i":"shortStatus-associated","$v":"Obtaining an IP address…"},{"$i":"shortStatus-authenticating","$v":"Authenticating…"},{"$i":"shortStatus-connected","$v":"Connected"},{"$i":"shortStatus-connectingfailed","$v":"Connection failed"},{"$i":"shortStatus-disconnected","$v":"Offline"},{"$i":"shortStatus-connected-no-internet","$v":"Connected, no internet"},{"$i":"securityWEP","$v":"WEP"},{"$i":"securityWPA-PSK","$v":"WPA-PSK"},{"$i":"securityWPA-EAP","$v":"WPA-EAP"},{"$i":"securityWPA2-PSK","$v":"WPA2-PSK"},{"$i":"securityWPA/WPA2-PSK","$v":"WPA/WPA2-PSK"},{"$i":"securedBy","$v":[{"t":"idOrVar","v":"capabilities"}]},{"$i":"securedByWay","$v":["Secured by ",{"t":"idOrVar","v":"capabilities"}]},{"$i":"security","$v":"Security"},{"$i":"signalStrength","$v":"Signal strength"},{"$i":"signalLevel0","$v":"Very weak"},{"$i":"signalLevel1","$v":"Weak"},{"$i":"signalLevel2","$v":"Average"},{"$i":"signalLevel3","$v":"Good"},{"$i":"signalLevel4","$v":"Very good"},{"$i":"ipAddress","$v":"IP address"},{"$i":"linkSpeed","$v":"Link speed"},{"$i":"linkSpeedMbs","$v":[{"t":"idOrVar","v":"linkSpeed"}," Mbit/s"]},{"$i":"wifi-rescan","$v":"Rescan"},{"$i":"wifi-join-fail","$v":["Unable to join the network ",{"t":"idOrVar","v":"n"},"."]},{"$i":"wifi-connect-fail","$v":["Incorrect password for ",{"t":"idOrVar","v":"n"},"."]},{"$i":"wifi-ip-set-fail","$v":"IP settings failed."},{"$i":"wifi-pw-length-error","$v":"Password length must more than 8 characters."},{"$i":"password","$v":"Password"},{"$i":"showPassword","$v":"Show Password"},{"$i":"connect","$v":"Connect"},{"$i":"rescanCompleted","$v":"Rescan have been completed"},{"$i":"failedToConnect","$v":"Failed To Connect"},{"$i":"select","$v":"Select"},{"$i":"skip","$v":"Skip"},{"$i":"next","$v":"Next"},{"$i":"accept","$v":"Accept"},{"$i":"cancel","$v":"Cancel"},{"$i":"ok","$v":"OK"},{"$i":"notNow","$v":"Not now"},{"$i":"forget","$v":"Forget"},{"$i":"confirmation","$v":"Confirmation"},{"$i":"forget-network","$v":"Forget network?"},{"$i":"network-forgotten","$v":"Network forgotten."},{"$i":"hfa","$v":"HFA"},{"$i":"setup-phone-verification","$v":"Phone Verification"},{"$i":"phone-verification-entry-message","$v":"Setup an account by verifying your number to access the store and additional services."},{"$i":"phone-verification-skip-message","$v":"Your phone verification is incomplete. You can verify later in Settings > Account. Verification is needed to access Store and additional services."},{"$i":"setup-account","$v":"Setup KaiOS Account"},{"$i":"create-account-li","$v":"Create Account"},{"$i":"login-account-li","$v":"Sign In"},{"$i":"account-setup-message","$v":"Keep your information safe with a KaiOS account. If you ever lose your phone, your KaiOS account will allow you to remotely lock or wipe all the data on your phone. You can also set up your KaiOS account later on in Settings."},{"$i":"sign-in-success","$v":"Sign In Success"},{"$i":"account-welcome","$v":"Welcome"},{"$i":"logged-in-message","$v":[{"t":"idOrVar","v":"email"}]},{"$i":"anti-theft","$v":"Anti-Theft"},{"$i":"anti-theft-info","$v":"We hope you never lose your phone, but if you do, you can protect your data with our remote lock and wipe features. When you're ready, head to Settings to set up your KaiOS account."},{"$i":"companion-phone","$v":"Companion Phone"},{"$i":"companion-phone-info","$v":"Install the KaiOS companion app on your smartphone to sync contacts and transfer files between your primary device and your KaiOS-powered phone."},{"$i":"select-language","$v":"Select Language"},{"$i":"language-current","$v":"Current"},{"$i":"language-readout-on","$v":"Readout On"},{"$i":"language-readout-off","$v":"Readout Off"},{"$i":"decline-info","$v":"Acceptance of the KaiOS License Terms and Privacy Policy is required to use this device."},{"$i":"kaios-license","$v":"KaiOS License Terms and Privacy Policy"},{"$i":"decline","$v":"Decline"},{"$i":"privacy-confirm","$v":"By pressing Accept you are agreed to KaiOS License Terms and Privacy Policy."},{"$i":"open-url","$v":"OPEN URL"},{"$i":"lyf-license","$v":"LYF Licence Terms"},{"$i":"emergency","$v":"Emergency"},{"$i":"pin-incorrect","$v":"Incorrect PIN."},{"$i":"puk-incorrect","$v":"Incorrect PUK."},{"$i":"inputCodeRetriesLeft","$v":{"few":[{"t":"idOrVar","v":"n"}," tries left."],"many":[{"t":"idOrVar","v":"n"}," tries left."],"one":"1 try left.","other":[{"t":"idOrVar","v":"n"}," tries left."],"two":[{"t":"idOrVar","v":"n"}," tries left."]},"$x":[{"t":"idOrVar","v":"plural"},"n"]},{"$i":"inputCodePukRetriesLeft","$v":{"few":[{"t":"idOrVar","v":"n"}," tries left."],"many":[{"t":"idOrVar","v":"n"}," tries left."],"one":"1 try left.","other":[{"t":"idOrVar","v":"n"}," tries left."],"two":[{"t":"idOrVar","v":"n"}," tries left."]},"$x":[{"t":"idOrVar","v":"plural"},"n"]},{"$i":"pin-label","$v":"SIM PIN"},{"$i":"enter-pin","$v":"Enter SIM PIN"},{"$i":"sim1-enter-pin","$v":"Enter SIM1 PIN"},{"$i":"sim2-enter-pin","$v":"Enter SIM2 PIN"},{"$i":"done","$v":"Done"},{"$i":"enter-puk","$v":"Enter PUK"},{"$i":"sim1-enter-puk","$v":"Enter SIM1 PUK"},{"$i":"sim2-enter-puk","$v":"Enter SIM2 PUK"},{"$i":"puk-label","$v":"PUK"},{"$i":"new-pin-label","$v":"New SIM PIN(must be 4-8 digits)"},{"$i":"confirm-new-pin-label","$v":"Confirm New SIM PIN"},{"$i":"pincode-length-error","$v":"SIM PIN must 4-8 digits."},{"$i":"pin-final-locked","$v":"SIM card is locked."},{"$i":"pin-final-failed-text","$v":"Would you like to enter the PUK code to unlock the SIM card?"},{"$i":"sim-locked","$v":"SIM Locked"},{"$i":"sim1-locked","$v":"SIM1 Locked"},{"$i":"sim2-locked","$v":"SIM2 Locked"},{"$i":"new-pin-confirm-error","$v":"New SIM PIN confirm failed."},{"$i":"puk-final-locked","$v":"Incorrect PUK."},{"$i":"puk-final-failed-text","$v":"Your SIM card is permanently locked. Contact your operator for more information."},{"$i":"about-kaios","$v":"About KaiOS"},{"$i":"about-kaios-p1","$v":"Welcome to KaiOS."},{"$i":"about-kaios-p2","$v":"Our mission is to open up opportunities for individuals, their families, and communities by making access to great digital products and services a reality for all members of society."},{"$i":"about-kaios-p3","$v":"You can help us improve products and services by automatically sending analytics data. See our privacy terms to learn how we handle data on your devices."},{"$i":"about-kaios-p4","$v":{"$o":"You can change these settings in Settings > Privacy & Security > About KaiOS."}},{"$i":"about-kaios-agree","$v":"I want to help by sending analytics data."},{"$i":"about-kaios-age","$v":"I am over the age of 16."},{"$i":"about-kaios-ad","$v":"Use my data to improve my advertising experience."},{"$i":"deselect","$v":"Deselect"},{"$i":"selectKeyboard","$v":"Select Keyboard"},{"$i":"send-data-via","$v":"Send Data via"},{"$i":"wifi-and-carrier-data","$v":"Wi-Fi and Carrier Data"},{"$i":"wifi-only","$v":"Wi-Fi Only"},{"$i":"more","$v":"More >"},{"$i":"qtn_oobe_high_volume","$v":"Accessibility mode increases font and menu size ,  audio is also at high volume. Please pay attention to high volume in Accessibility mode."},{"$i":"qtn_oobe_enter","$v":"Do you still want to enter Accessibility mode?"},{"$i":"qtn_oobe_hdr_senior_mode","$v":"Accessibility mode "},{"$i":"qtn_oobe_hdr_ICE","$v":"ICE Information"},{"$i":"qtn_oobe_rem_create_ICE","$v":"Please create your ICE information details, that will help you in case of emergency."},{"$i":"qtn_oobe_set_ICE_contact","$v":"After startup the device, please set ICE contacts at first."},{"$i":"qtn_oobe_btn_ICE_info","$v":"Create ICE information"},{"$i":"qtn-privacy-terms-welcome","$v":"Welcome"},{"$i":"qtn-privacy-policy-description-1","$v":"Thank you for choosing %U. "},{"$i":"qtn-privacy-policy-description-2","$v":"Your use of HMD Global services and applications in your device is governed by the HMD Global Privacy Policy, available at www.nokia.com/mobile-privacy. "},{"$i":"qtn-privacy-policy-description-3","$v":"Your use of KaiOS software, services and applications in your device is governed by KaiOS EULA and Privacy Terms, available at %U."},{"$i":"qtn-privacy-policy-description-4","$v":{"$o":"The device activation information with one-time device location along with your unique device and network information will be sent to KAI & HMD. "}},{"$i":"qtn-privacy-policy-description-5","$v":"This information enables us to better meet demand in your country, provide software updates, customer support, and activate services. "},{"$i":"qtn-privacy-policy-description-6","$v":"Data charges may apply."},{"$i":"qtn-privacy-policy-description-7","$v":"Privacy or other notices may be provided when you use different features of your device."},{"$i":"data-connectivity","$v":"Warning message"},{"$i":"data-message","$v":"Setup wizard will possibly use data over mobile network during initial setup of the smart phone."}]