[{"$i":"wifi","$v":"Seleccionar una red"},{"$i":"ssid","$v":"SSID"},{"$i":"no-wifi-found","$v":"No hay redes disponibles"},{"$i":"wifi-searching","$v":"Buscando redes..."},{"$i":"security-open","$v":"Abrir"},{"$i":"shortStatus-connecting","$v":"Conectando..."},{"$i":"shortStatus-associated","$v":"Obteniendo dirección IP..."},{"$i":"shortStatus-authenticating","$v":"Autenticando..."},{"$i":"shortStatus-connected","$v":"Conectado"},{"$i":"shortStatus-connectingfailed","$v":"Error de conexión"},{"$i":"shortStatus-disconnected","$v":"Sin conexión"},{"$i":"shortStatus-connected-no-internet","$v":"Conectado, sin Internet"},{"$i":"securityWEP","$v":"WEP"},{"$i":"securityWPA-PSK","$v":"WPA-PSK"},{"$i":"securityWPA-EAP","$v":"WPA-EAP"},{"$i":"securityWPA2-PSK","$v":"WPA2-PSK"},{"$i":"securityWPA/WPA2-PSK","$v":"WPA/WPA2-PSK"},{"$i":"securedBy","$v":[{"t":"idOrVar","v":"capabilities"}]},{"$i":"securedByWay","$v":["Protegido por ",{"t":"idOrVar","v":"capabilities"}]},{"$i":"security","$v":"Seguridad"},{"$i":"signalStrength","$v":"Intensidad de la señal"},{"$i":"signalLevel0","$v":"Cada semana"},{"$i":"signalLevel1","$v":"Débil"},{"$i":"signalLevel2","$v":"Media"},{"$i":"signalLevel3","$v":"Buena"},{"$i":"signalLevel4","$v":"Muy buena"},{"$i":"ipAddress","$v":"Dirección IP"},{"$i":"linkSpeed","$v":"Velocidad de conexión"},{"$i":"linkSpeedMbs","$v":[{"t":"idOrVar","v":"linkSpeed"}," Mbit/s"]},{"$i":"wifi-rescan","$v":"Volver a escanear"},{"$i":"wifi-join-fail","$v":["No se puede unir a la red ",{"t":"idOrVar","v":"n"},"."]},{"$i":"wifi-connect-fail","$v":["Contraseña incorrecta para ",{"t":"idOrVar","v":"n"},"."]},{"$i":"wifi-ip-set-fail","$v":"Error en los ajustes de IP."},{"$i":"wifi-pw-length-error","$v":"La contraseña debe tener más de 8 caracteres."},{"$i":"password","$v":"Contraseña"},{"$i":"showPassword","$v":"Mostrar contraseña"},{"$i":"connect","$v":"Conectar"},{"$i":"rescanCompleted","$v":"Reescaneo completado."},{"$i":"failedToConnect","$v":"Error de conexión"},{"$i":"select","$v":"Seleccionar"},{"$i":"skip","$v":"Omitir"},{"$i":"next","$v":"Siguiente"},{"$i":"accept","$v":"Aceptar"},{"$i":"cancel","$v":"Cancelar"},{"$i":"ok","$v":"Aceptar"},{"$i":"notNow","$v":"Ahora no"},{"$i":"forget","$v":"Olvidar"},{"$i":"confirmation","$v":"Confirmación"},{"$i":"forget-network","$v":"¿Desea olvidar la red?"},{"$i":"network-forgotten","$v":"Red olvidada"},{"$i":"hfa","$v":"HFA"},{"$i":"setup-phone-verification","$v":"Verificación del teléfono"},{"$i":"phone-verification-entry-message","$v":"Configure una cuenta verificando el número para acceder a los servicios de tienda y otros servicios."},{"$i":"phone-verification-skip-message","$v":"La verificación del teléfono no es completa. Puede verificarlo más adelante en Ajustes > Cuenta. Debe realizar la verificación para poder acceder a la Tienda y a otros servicios."},{"$i":"setup-account","$v":"Configurar cuenta KaiOS"},{"$i":"create-account-li","$v":"Crear cuenta"},{"$i":"login-account-li","$v":"Acceder"},{"$i":"account-setup-message","$v":"Proteja su información con una cuenta KaiOS. Si pierde el teléfono, su cuenta KaiOS le permitirá bloquear de forma remota el dispositivo o borrar todos los datos del teléfono. También puede configurar más adelante su cuenta KaiOS en Ajustes."},{"$i":"sign-in-success","$v":"Inicio de sesión correcto"},{"$i":"account-welcome","$v":"Le damos la bienvenida"},{"$i":"logged-in-message","$v":[{"t":"idOrVar","v":"email"}]},{"$i":"anti-theft","$v":"Antirrobo"},{"$i":"anti-theft-info","$v":"Esperamos que nunca pierda su teléfono. No obstante, si lo pierde, puede proteger sus datos o bloquear y borrar características de forma remota. Cuando esté listo, acceda a Ajustes para configurar su cuenta KaiOS."},{"$i":"companion-phone","$v":"Teléfono complementario"},{"$i":"companion-phone-info","$v":"Instale la aplicacióm complementaria de KaiOS en su smartphone para sincronizar contactos y transferir archivos entre su dispositivo principal y su teléfono de KaiOS."},{"$i":"select-language","$v":"Seleccionar idioma"},{"$i":"language-current","$v":"Actual"},{"$i":"language-readout-on","$v":"Lectura en voz alta activada"},{"$i":"language-readout-off","$v":"Lectura en voz alta desactivada"},{"$i":"decline-info","$v":"Para utilizar este dispositivo, primero tiene que aceptar los términos de licencia y la política de privacidad de KaiOS."},{"$i":"kaios-license","$v":"Términos de licencia y política de privacidad de KaiOS"},{"$i":"decline","$v":"Rechazar"},{"$i":"privacy-confirm","$v":"Al pulsar Aceptar, acepta los términos de licencia y la política de privacidad de KaiOS."},{"$i":"open-url","$v":"ABRIR URL"},{"$i":"lyf-license","$v":"Términos de la licencia de LYF"},{"$i":"emergency","$v":"Emergencia"},{"$i":"pin-incorrect","$v":"PIN incorrecto"},{"$i":"puk-incorrect","$v":"PUK incorrecto"},{"$i":"inputCodeRetriesLeft","$v":{"few":["Quedan ",{"t":"idOrVar","v":"n"}," intentos."],"many":["Quedan ",{"t":"idOrVar","v":"n"}," intentos."],"one":"Queda 1 intento.","other":["Quedan ",{"t":"idOrVar","v":"n"}," intentos."],"two":["Quedan ",{"t":"idOrVar","v":"n"}," intentos."]},"$x":[{"t":"idOrVar","v":"plural"},"n"]},{"$i":"inputCodePukRetriesLeft","$v":{"few":["Quedan ",{"t":"idOrVar","v":"n"}," intentos."],"many":["Quedan ",{"t":"idOrVar","v":"n"}," intentos."],"one":"Queda 1 intento.","other":["Quedan ",{"t":"idOrVar","v":"n"}," intentos."],"two":["Quedan ",{"t":"idOrVar","v":"n"}," intentos."]},"$x":[{"t":"idOrVar","v":"plural"},"n"]},{"$i":"pin-label","$v":"PIN de la SIM"},{"$i":"enter-pin","$v":"Introducir PIN de SIM"},{"$i":"sim1-enter-pin","$v":"Introduzca el PIN de la SIM 1."},{"$i":"sim2-enter-pin","$v":"Introduzca el PIN de la SIM 2."},{"$i":"done","$v":"Hecho"},{"$i":"enter-puk","$v":"Introducir PUK"},{"$i":"sim1-enter-puk","$v":"Introduzca el PUK de la SIM 1."},{"$i":"sim2-enter-puk","$v":"Introduzca el PUK de la SIM 2."},{"$i":"puk-label","$v":"PUK"},{"$i":"new-pin-label","$v":"PIN de la nueva SIM (debe tener entre 4 y 8 dígitos)"},{"$i":"confirm-new-pin-label","$v":"Confirmar el PIN de la nueva SIM"},{"$i":"pincode-length-error","$v":"El PIN de la SIM debe tener entre 4 y 8 dígitos."},{"$i":"pin-final-locked","$v":"La tarjeta SIM está bloqueada."},{"$i":"pin-final-failed-text","$v":"¿Desea introducir el código PUK para desbloquear la tarjeta SIM?"},{"$i":"sim-locked","$v":"SIM bloqueada"},{"$i":"sim1-locked","$v":"SIM1 bloqueada"},{"$i":"sim2-locked","$v":"SIM2 bloqueada"},{"$i":"new-pin-confirm-error","$v":"No se ha podido confirmar el nuevo PIN de la SIM."},{"$i":"puk-final-locked","$v":"PUK incorrecto"},{"$i":"puk-final-failed-text","$v":"Su tarjeta SIM está bloqueada de forma permanente. Póngase en contacto con el operador para obtener más información."},{"$i":"about-kaios","$v":"Acerca de KaiOS"},{"$i":"about-kaios-p1","$v":"Bienvenido a KaiOS."},{"$i":"about-kaios-p2","$v":"Nuestra misión es facilitar a las personas, a sus familias y a la sociedad nuevas oportunidades para que el acceso a productos y servicios digitales de calidad sea una realidad para todos."},{"$i":"about-kaios-p3","$v":"Ayúdenos a mejorar nuestros productos y servicios enviando los datos de análisis de forma automática. Consulte nuestras condiciones de privacidad para saber cómo gestionar los datos en sus dispositivos."},{"$i":"about-kaios-p4","$v":"Puede cambiar estos ajustes en Ajustes > Privacidad y seguridad > Acerca de KaiOS."},{"$i":"about-kaios-agree","$v":"Quiero enviar datos de analíticas para ayudar."},{"$i":"about-kaios-age","$v":"Soy mayor de 16 años."},{"$i":"about-kaios-ad","$v":"Utilizar mis datos para mejorar la experiencia publicitaria."},{"$i":"deselect","$v":"Deseleccionar"},{"$i":"selectKeyboard","$v":"Seleccionar teclado"},{"$i":"send-data-via","$v":"Enviar datos a través de"},{"$i":"wifi-and-carrier-data","$v":"Wi-Fi y datos del operador"},{"$i":"wifi-only","$v":"Sólo Wi-Fi"},{"$i":"more","$v":"Más >"},{"$i":"qtn_oobe_high_volume","$v":"Preste atención al volumen alto en el modo de accesibilidad."},{"$i":"qtn_oobe_enter","$v":"¿Aún desea entrar en el modo de accesibilidad?"},{"$i":"qtn_oobe_hdr_senior_mode","$v":"Modo de accesibilidad"},{"$i":"qtn_oobe_hdr_ICE","$v":"Información ICE"},{"$i":"qtn_oobe_rem_create_ICE","$v":"Proporcione la información ICE que le ayudará en caso de emergencia."},{"$i":"qtn_oobe_set_ICE_contact","$v":"Tras iniciar el dispositivo,"},{"$i":"qtn_oobe_btn_ICE_info","$v":"Crear información ICE"},{"$i":"qtn-privacy-terms-welcome","$v":"Bienvenido"},{"$i":"qtn-privacy-policy-description-1","$v":["Gracias por elegir ",{"t":"idOrVar","v":"WDM"},"."]},{"$i":"qtn-privacy-policy-description-2","$v":"El uso de los servicios y las aplicaciones de HMD Global en el dispositivo se rige por la política de privacidad de HMD Global, disponible en www.nokia.com/mobile-privacy."},{"$i":"qtn-privacy-policy-description-3","$v":["El uso del software, los servicios y las aplicaciones de KaiOS en su dispositivo se rige por los términos del contrato del CLUF y de privacidad de KaiOS, disponibles en ",{"t":"idOrVar","v":"WDM"},"."]},{"$i":"qtn-privacy-policy-description-4","$v":{"$o":"La información de activación del dispositivo con la ubicación del dispositivo de un solo uso, junto con la información del dispositivo y red exclusiva se enviarán a KAI & HMD."}},{"$i":"qtn-privacy-policy-description-5","$v":"Esta información nos permite satisfacer mejor las demandas de su país, proporcionar actualizaciones de software, ofrecer atención al cliente y activar los servicios."},{"$i":"qtn-privacy-policy-description-6","$v":"Es posible que apliquen tarifas de datos."},{"$i":"qtn-privacy-policy-description-7","$v":"Se pueden proporcionar información de privacidad u otros avisos al utilizar diferentes funciones del dispositivo."},{"$i":"data-connectivity","$v":"Mensaje de advertencia"},{"$i":"data-message","$v":"Es posible que el asistente de configuración use datos de la red móvil durante la configuración inicial del smartphone."}]