[{"$i":"wifi","$v":"Seleccionar una red"},{"$i":"ssid","$v":"SSID"},{"$i":"no-wifi-found","$v":"¡No se encontraron redes!"},{"$i":"wifi-searching","$v":"Buscando redes..."},{"$i":"security-open","$v":"Abrir"},{"$i":"shortStatus-connecting","$v":"Conectando…"},{"$i":"shortStatus-associated","$v":"Obteniendo dirección de IPâ€¦"},{"$i":"shortStatus-authenticating","$v":"Autenticandoâ€¦"},{"$i":"shortStatus-connected","$v":"Conectado"},{"$i":"shortStatus-connectingfailed","$v":"Fallo al conectar"},{"$i":"shortStatus-disconnected","$v":"Fuera de línea"},{"$i":"shortStatus-connected-no-internet","$v":"Conectado, sin Internet"},{"$i":"securityWEP","$v":"WEP"},{"$i":"securityWPA-PSK","$v":"WPA-PSK"},{"$i":"securityWPA-EAP","$v":"WPA-EAP"},{"$i":"securityWPA2-PSK","$v":"WPA2-PSK"},{"$i":"securityWPA/WPA2-PSK","$v":"WPA/WPA2-PSK"},{"$i":"securedBy","$v":[{"t":"idOrVar","v":"capabilities"}]},{"$i":"securedByWay","$v":["Garantizado por ",{"t":"idOrVar","v":"capabilities"}]},{"$i":"security","$v":"Seguridad"},{"$i":"signalStrength","$v":"Fortaleza de la señal"},{"$i":"signalLevel0","$v":"Muy débil"},{"$i":"signalLevel1","$v":"Débil"},{"$i":"signalLevel2","$v":"Promedio"},{"$i":"signalLevel3","$v":"Buena"},{"$i":"signalLevel4","$v":"Muy buena"},{"$i":"ipAddress","$v":"Dirección de IP"},{"$i":"linkSpeed","$v":"Enlace rápido"},{"$i":"linkSpeedMbs","$v":[{"t":"idOrVar","v":"linkSpeed"}," Mbit/s"]},{"$i":"wifi-rescan","$v":"Volver a explorar"},{"$i":"wifi-join-fail","$v":["No se puede agrupar la red ",{"t":"idOrVar","v":"n"},"."]},{"$i":"wifi-connect-fail","$v":"Error de conexión, inténtelo de nuevo."},{"$i":"wifi-ip-set-fail","$v":"Fallo en los ajustes de la IP"},{"$i":"wifi-pw-length-error","$v":"La longitud máxima de la contraseña es de 8 caracteres."},{"$i":"password","$v":"Contraseña"},{"$i":"showPassword","$v":"Mostrar contraseña"},{"$i":"connect","$v":"Conectar"},{"$i":"rescanCompleted","$v":"Reescaneo completado."},{"$i":"failedToConnect","$v":"No se conectó"},{"$i":"select","$v":"Selec."},{"$i":"skip","$v":"Omitir"},{"$i":"next","$v":"Siguiente"},{"$i":"accept","$v":"Aceptar"},{"$i":"cancel","$v":"Cancelar"},{"$i":"ok","$v":"OK"},{"$i":"notNow","$v":"Ahora no"},{"$i":"forget","$v":"Olvidar"},{"$i":"confirmation","$v":"Confirmación"},{"$i":"forget-network","$v":"¿Olvidar red?"},{"$i":"network-forgotten","$v":"Red olvidada"},{"$i":"hfa","$v":"HFA"},{"$i":"setup-phone-verification","$v":"Verificación del teléfono"},{"$i":"phone-verification-entry-message","$v":"Configure una cuenta verificando su número para acceder al almacenamiento y a otros servicios adicionales."},{"$i":"phone-verification-skip-message","$v":"No se ha completado la verificación del teléfono. Puede verificarlo más tarde desde Ajustes>Cuenta. La verificación es necesaria para acceder al almacenamiento y a otros servicios adicionales."},{"$i":"setup-account","$v":"Establecer cuenta KaiOS"},{"$i":"create-account-li","$v":"Crear cuenta"},{"$i":"login-account-li","$v":"Cuenta de inicio de sesión"},{"$i":"account-setup-message","$v":"Una cuenta KaiOS le permite bloquear de modo remoto todos los datos en un teléfono que se pierde. Y le beneficiará dado que no habrá más servicios provistos por KAiOS en el futuro."},{"$i":"sign-in-success","$v":"Inicio de sesión correcto"},{"$i":"account-welcome","$v":"Bienvenido"},{"$i":"logged-in-message","$v":["{{ correo electrónico }}"]},{"$i":"anti-theft","$v":"Antirrobo"},{"$i":"anti-theft-info","$v":"Esperamos que nunca pierda el teléfono, pero si esto ocurriese, puede proteger sus datos con nuestras funciones remotas de bloqueo y borrado. Cuando esté preparado, vaya a Ajustes para establecer su cuenta de KaiOS."},{"$i":"companion-phone","$v":"Teléfono complementario"},{"$i":"companion-phone-info","$v":"Instale la aplicación complementaria de KaiOS en su smartphone para sincronizar contactos y transferir archivos entre su dispositivo principal y su teléfono de KaiOS."},{"$i":"select-language","$v":"Seleccionar idioma"},{"$i":"language-current","$v":"Actual"},{"$i":"language-readout-on","$v":"Lectura Activada"},{"$i":"language-readout-off","$v":"Lectura Apagada"},{"$i":"decline-info","$v":"Para utilizar este dispositivo, primero tiene que aceptar los términos de licencia y la política de privacidad de KaiOS."},{"$i":"kaios-license","$v":"Términos de licencia y política de privacidad de KaiOS"},{"$i":"decline","$v":"Rechazar"},{"$i":"privacy-confirm","$v":"Al pulsar Aceptar, acepta los términos de licencia y la política de privacidad de KaiOS."},{"$i":"open-url","$v":"ABRIR URL"},{"$i":"lyf-license","$v":"Condiciones de licencia de LYF"},{"$i":"emergency","$v":"Solamente llamada de emergencia"},{"$i":"pin-incorrect","$v":"PIN incorrecto."},{"$i":"puk-incorrect","$v":"PUK incorrecto."},{"$i":"inputCodeRetriesLeft","$v":{"few":["Quedan ",{"t":"idOrVar","v":"n"}," intentos."],"many":["Quedan ",{"t":"idOrVar","v":"n"}," intentos."],"one":"1 intento restante","other":["Quedan ",{"t":"idOrVar","v":"n"}," intentos."],"two":["Quedan ",{"t":"idOrVar","v":"n"}," intentos."]},"$x":[{"t":"idOrVar","v":"plural"},"n"]},{"$i":"inputCodePukRetriesLeft","$v":{"few":["Quedan ",{"t":"idOrVar","v":"n"}," intentos."],"many":["Quedan ",{"t":"idOrVar","v":"n"}," intentos."],"one":"1 intento restante","other":["Quedan ",{"t":"idOrVar","v":"n"}," intentos."],"two":["Quedan ",{"t":"idOrVar","v":"n"}," intentos."]},"$x":[{"t":"idOrVar","v":"plural"},"n"]},{"$i":"pin-label","$v":"PIN de la SIM"},{"$i":"enter-pin","$v":"Ingresar PIN de la SIM"},{"$i":"sim1-enter-pin","$v":"Ingrese el PIN de la SIM 1"},{"$i":"sim2-enter-pin","$v":"Ingrese el PIN de la SIM 2"},{"$i":"done","$v":"Listo"},{"$i":"enter-puk","$v":"Ingresar el PUK"},{"$i":"sim1-enter-puk","$v":"Ingrese el PUK de la SIM 1"},{"$i":"sim2-enter-puk","$v":"Ingrese el PUK de la SIM 2"},{"$i":"puk-label","$v":"PUK"},{"$i":"new-pin-label","$v":"PIN de la nueva SIM (debe tener entre 4 y 8 dígitos)"},{"$i":"confirm-new-pin-label","$v":"Confirmar el PIN de la nueva SIM"},{"$i":"pincode-length-error","$v":"El PIN de la SIM debe tener entre 4 y 8 dígitos."},{"$i":"pin-final-locked","$v":"La tarjeta SIM está bloqueada."},{"$i":"pin-final-failed-text","$v":"¿Desea ingresar el código PUK para desbloquear la tarjeta SIM?"},{"$i":"sim-locked","$v":"SIM bloqueada"},{"$i":"sim1-locked","$v":"SIM1 bloqueada"},{"$i":"sim2-locked","$v":"SIM2 bloqueada"},{"$i":"new-pin-confirm-error","$v":"Error al confirmar el nuevo PIN de la SIM."},{"$i":"puk-final-locked","$v":"PUK incorrecto."},{"$i":"puk-final-failed-text","$v":"La tarjeta SIM se ha bloqueado permanentemente. Entre en contacto con su operador para obtener más información."},{"$i":"about-kaios","$v":"Acerca de KaiOS"},{"$i":"about-kaios-p1","$v":"Bienvenido a KaiOS."},{"$i":"about-kaios-p2","$v":"Nuestra misión es facilitar a las personas, a sus familia y a la sociedad nuevas oportunidades para que el acceso a productos y servicios digitales de calidad sea una realidad para todos."},{"$i":"about-kaios-p3","$v":"Ayúdenos a mejorar nuestros productos y servicios enviando los datos de análisis de forma automática. Consulte nuestras condiciones de privacidad para saber cómo gestionar los datos en sus dispositivos."},{"$i":"about-kaios-p4","$v":"Puede cambiar estos ajustes en Ajustes > Privacidad y seguridad > Acerca de KaiOS."},{"$i":"about-kaios-agree","$v":"Deseo enviar datos de analíticas para ayudar."},{"$i":"about-kaios-age","$v":"Soy mayor de 16 años."},{"$i":"about-kaios-ad","$v":"Utilizar mis datos para mejorar la experiencia publicitaria."},{"$i":"deselect","$v":"Desmarcar"},{"$i":"selectKeyboard","$v":"Seleccionar teclado"},{"$i":"send-data-via","$v":"Enviar datos a través de"},{"$i":"wifi-and-carrier-data","$v":"Wi-Fi y datos del operador"},{"$i":"wifi-only","$v":"Sólo Wi-Fi"},{"$i":"more","$v":"Más >"},{"$i":"qtn_oobe_high_volume","$v":"Preste atención al volumen alto en el modo de accesibilidad."},{"$i":"qtn_oobe_enter","$v":"¿Aún desea entrar en el modo de accesibilidad?"},{"$i":"qtn_oobe_hdr_senior_mode","$v":"Modo de accesibilidad"},{"$i":"qtn_oobe_hdr_ICE","$v":"Información de emergencia"},{"$i":"qtn_oobe_rem_create_ICE","$v":"Cree los detalles de la información de emergencia, que lo ayudarán en caso de emergencia."},{"$i":"qtn_oobe_set_ICE_contact","$v":"Después de iniciar el dispositivo,"},{"$i":"qtn_oobe_btn_ICE_info","$v":"Crear información de emergencia"},{"$i":"qtn-privacy-terms-welcome","$v":"Bienvenido"},{"$i":"qtn-privacy-policy-description-1","$v":["Gracias por elegir ",{"t":"idOrVar","v":"WDM"},"."]},{"$i":"qtn-privacy-policy-description-2","$v":"La utilización de los servicios y aplicaciones de HMD Global en su dispositivo se rige por la Política de Privacidad de HMD Global, disponible en www.nokia.com/mobile-privacy."},{"$i":"qtn-privacy-policy-description-3","$v":["El uso del software, los servicios y las aplicaciones de KaiOS se encuentran regulados por el Contrato de licencia para usuario final y los términos de privacidad de KaiOS, disponibles en ",{"t":"idOrVar","v":"WDM"},"."]},{"$i":"qtn-privacy-policy-description-4","$v":{"$o":"La información sobre la activación del dispositivo junto con la ubicación particular del dispositivo y la información exclusiva de su dispositivo y red serán enviadas a KAI & HMD."}},{"$i":"qtn-privacy-policy-description-5","$v":"Esto nos permite satisfacer mejor la demanda en su país, ofrecer actualizaciones de software, servicio al cliente y activar servicios."},{"$i":"qtn-privacy-policy-description-6","$v":"Es posible que se apliquen cargos por el uso de datos."},{"$i":"qtn-privacy-policy-description-7","$v":"Los avisos de privacidad u otros se le proveerán cuando utilice diferentes características de su dispositivo."},{"$i":"data-connectivity","$v":"Mensaje de advertencia"},{"$i":"data-message","$v":"Es posible que el asistente de configuración utilice la red móvil para transferir datos durante la configuración inicial del teléfono inteligente."}]