[{"$i":"wifi","$v":"Valige võrk"},{"$i":"ssid","$v":"SSID"},{"$i":"no-wifi-found","$v":"Saadaolevaid võrke pole"},{"$i":"wifi-searching","$v":"Võrkude otsimine ..."},{"$i":"security-open","$v":"Ava"},{"$i":"shortStatus-connecting","$v":"Ühendamine …"},{"$i":"shortStatus-associated","$v":"IP-aadressi hankimine ..."},{"$i":"shortStatus-authenticating","$v":"Autentimine …"},{"$i":"shortStatus-connected","$v":"Ühendatud"},{"$i":"shortStatus-connectingfailed","$v":"Ühendus nurjus"},{"$i":"shortStatus-disconnected","$v":"Võrgust väljas"},{"$i":"shortStatus-connected-no-internet","$v":"Ühendatud, Interneti-ühendus puudub"},{"$i":"securityWEP","$v":"WEP"},{"$i":"securityWPA-PSK","$v":"WPA-PSK"},{"$i":"securityWPA-EAP","$v":"WPA-EAP"},{"$i":"securityWPA2-PSK","$v":"WPA2-PSK"},{"$i":"securityWPA/WPA2-PSK","$v":"WPA/WPA2-PSK"},{"$i":"securedBy","$v":[{"t":"idOrVar","v":"capabilities"}]},{"$i":"securedByWay","$v":["Kaitstud: ",{"t":"idOrVar","v":"capabilities"}]},{"$i":"security","$v":"Turvalisus"},{"$i":"signalStrength","$v":"Signaali tugevus"},{"$i":"signalLevel0","$v":"Väga nõrk"},{"$i":"signalLevel1","$v":"Nõrk"},{"$i":"signalLevel2","$v":"Keskmine"},{"$i":"signalLevel3","$v":"Hea"},{"$i":"signalLevel4","$v":"Väga hea"},{"$i":"ipAddress","$v":"IP-aadress"},{"$i":"linkSpeed","$v":"Lingi kiirus"},{"$i":"linkSpeedMbs","$v":[{"t":"idOrVar","v":"linkSpeed"}," Mbit/s"]},{"$i":"wifi-rescan","$v":"Skanni uue."},{"$i":"wifi-join-fail","$v":["Võrguga ",{"t":"idOrVar","v":"n"}," ei saa liituda."]},{"$i":"wifi-connect-fail","$v":["Vale parool üksusel ",{"t":"idOrVar","v":"n"},"."]},{"$i":"wifi-ip-set-fail","$v":"IP-sätted nurjusid."},{"$i":"wifi-pw-length-error","$v":"Parool peab olema üle 8 märgi pikk."},{"$i":"password","$v":"Parool"},{"$i":"showPassword","$v":"Kuva parool"},{"$i":"connect","$v":"Ühenda"},{"$i":"rescanCompleted","$v":"Uuesti skannimine on lõpetatud."},{"$i":"failedToConnect","$v":"Ühendamine nurjus"},{"$i":"select","$v":"Vali"},{"$i":"skip","$v":"Jäta vahele"},{"$i":"next","$v":"Järgmine"},{"$i":"accept","$v":"Nõustu"},{"$i":"cancel","$v":"Tühista"},{"$i":"ok","$v":"OK"},{"$i":"notNow","$v":"Mitte praegu"},{"$i":"forget","$v":"Unusta"},{"$i":"confirmation","$v":"Kinnitus"},{"$i":"forget-network","$v":"Kas unustada võrk?"},{"$i":"network-forgotten","$v":"Võrk on unustatud."},{"$i":"hfa","$v":"HFA"},{"$i":"setup-phone-verification","$v":"Telefoni kinnitamine"},{"$i":"phone-verification-entry-message","$v":"Poe ja lisateenuste kasutamiseks seadistage konto telefoninumbrit kinnitades."},{"$i":"phone-verification-skip-message","$v":"Telefoni kinnitamine pole lõpetatud. Võite kinnitada hiljem, valides Seaded > Konto. Kinnitamine on vajalik poe ja lisateenuste kasutamiseks."},{"$i":"setup-account","$v":"Seadista KaiOS-i konto"},{"$i":"create-account-li","$v":"Loo konto"},{"$i":"login-account-li","$v":"Logi sisse"},{"$i":"account-setup-message","$v":"Hoidke oma andmeid KaiOSi kontoga ohutult. Kui peaksite telefoni kaotama, võimaldab KaiOSi konto telefoni eemalt lukustada või sealt kõik andmed kustutada. Võite oma KaiOSi konto ka hiljem sätetes seadistada."},{"$i":"sign-in-success","$v":"Sisselogimine õnnestus"},{"$i":"account-welcome","$v":"Tere tulemast!"},{"$i":"logged-in-message","$v":[{"t":"idOrVar","v":"email"}]},{"$i":"anti-theft","$v":"Vargusevastane"},{"$i":"anti-theft-info","$v":"Loodetavasti ei kaota te oma telefoni kunagi, aga kui see peaks juhtuma, saate meie kauglukustuse ja -kustutamise funktsiooniga oma andmeid kaitsta. Kui olete valmis, saate valikust Seaded oma KaiOS-i konto seadistada."},{"$i":"companion-phone","$v":"Telefoniabiline"},{"$i":"companion-phone-info","$v":"Kontaktide sünkroonimiseks ja failide edastamiseks esmase seadme ja KaiOS-iga telefoni vahel installige oma nutitelefoni KaiOS-i abiliserakendus."},{"$i":"select-language","$v":"Valige keel"},{"$i":"language-current","$v":"Praegune"},{"$i":"language-readout-on","$v":"Ettelugemine sees"},{"$i":"language-readout-off","$v":"Ettelugemine väljas"},{"$i":"decline-info","$v":"Selle seadme kasutamiseks on nõutav tingimustega nõustumine."},{"$i":"kaios-license","$v":"KaiOSi litsentsitingimused"},{"$i":"decline","$v":"Lükka tagasi"},{"$i":"privacy-confirm","$v":"Valikut Nõustu klõpsates nõustute KaiOSi litsentsitingimuste ja privaatsuspõhimõtetega."},{"$i":"open-url","$v":"AVA URL"},{"$i":"lyf-license","$v":"LYFi litsentsitingimused"},{"$i":"emergency","$v":"Hädaolukord"},{"$i":"pin-incorrect","$v":"Vale PIN."},{"$i":"puk-incorrect","$v":"Vale PUK."},{"$i":"inputCodeRetriesLeft","$v":{"few":[{"t":"idOrVar","v":"n"}," katset järel."],"many":[{"t":"idOrVar","v":"n"}," katset järel."],"one":"(Vale PIN-kood. Veel 1 katse.)","other":[{"t":"idOrVar","v":"n"}," katset järel."],"two":["(Vale PIN-kood. Veel ",{"t":"idOrVar","v":"n"}," katset.)"]},"$x":[{"t":"idOrVar","v":"plural"},"n"]},{"$i":"inputCodePukRetriesLeft","$v":{"few":[{"t":"idOrVar","v":"n"}," katset järel."],"many":[{"t":"idOrVar","v":"n"}," katset järel."],"one":"1 katse järel.","other":[{"t":"idOrVar","v":"n"}," katset järel."],"two":[{"t":"idOrVar","v":"n"}," katset järel."]},"$x":[{"t":"idOrVar","v":"plural"},"n"]},{"$i":"pin-label","$v":"SIM-i PIN"},{"$i":"enter-pin","$v":"Sisestage SIM-kaardi PIN-kood"},{"$i":"sim1-enter-pin","$v":"Sisestage SIM1-kaardi PIN-kood"},{"$i":"sim2-enter-pin","$v":"Sisestage SIM2-kaardi PIN-kood"},{"$i":"done","$v":"Valmis"},{"$i":"enter-puk","$v":"Sisestage PUK"},{"$i":"sim1-enter-puk","$v":"Sisestage SIM1-kaardi PUK-kood"},{"$i":"sim2-enter-puk","$v":"Sisestage SIM2-kaardi PUK-kood"},{"$i":"puk-label","$v":"PUK"},{"$i":"new-pin-label","$v":"Uue SIMi PIN (4–8kohal.)"},{"$i":"confirm-new-pin-label","$v":"Kinnit. uue SIMi PIN"},{"$i":"pincode-length-error","$v":"SIM-i PIN peab sisal. 4–8 nr-it."},{"$i":"pin-final-locked","$v":"SIM-kaart on lukus."},{"$i":"pin-final-failed-text","$v":"Kas soovite SIM-kaardi avamiseks sisestada PUK-koodi?"},{"$i":"sim-locked","$v":"SIM lukus"},{"$i":"sim1-locked","$v":"SIM1 lukus"},{"$i":"sim2-locked","$v":"SIM2 lukus"},{"$i":"new-pin-confirm-error","$v":"Uue SIMi PINi kinnit. nurjus."},{"$i":"puk-final-locked","$v":"Vale PUK."},{"$i":"puk-final-failed-text","$v":"Teie SIM-kaart on jäädavalt lukustatud. Lisateabe saamiseks võtke ühendust oma operaatoriga."},{"$i":"about-kaios","$v":"KaiOS-i kohta"},{"$i":"about-kaios-p1","$v":"Tere tulemast KaiOS!"},{"$i":"about-kaios-p2","$v":"Meie ülesanne on avada inimestele, nende perekondadele ja kogukondadele võimalusi, võimaldades suuremahuliste digitaalsete toodete ja teenuste juurdepääsu kõigile ühiskonna liikmetele."},{"$i":"about-kaios-p3","$v":"Saate aidata meil tooteid ja teenuseid täiustada, saates automaatselt analüüsiandmeid. Vaadake meie privaatsuse tingimusi, et saada teavet teie seadmete andmete käitlemise kohta."},{"$i":"about-kaios-p4","$v":"Saate neid seadeid muuta menüükäsuga Seaded> Privaatsus ja turvalisus> Teave KaiOS kohta."},{"$i":"about-kaios-agree","$v":"Ma tahan aidata analüüsiandmete saatmisel."},{"$i":"about-kaios-age","$v":"Olen üle 16-aastane."},{"$i":"about-kaios-ad","$v":"Kasutage andmeid asjakohasemate reklaamide kuvamiseks."},{"$i":"deselect","$v":"Tühista valik"},{"$i":"selectKeyboard","$v":"Vali klaviatuur"},{"$i":"send-data-via","$v":"Andmete saatmine läbi"},{"$i":"wifi-and-carrier-data","$v":"Wi-Fi ja mobiilseadmete andmed"},{"$i":"wifi-only","$v":"ainult Wi-Fi-st"},{"$i":"more","$v":"Veel >"},{"$i":"qtn_oobe_high_volume","$v":"Pange tähele, et hõlbustusrežiimil on vali helitase."},{"$i":"qtn_oobe_enter","$v":"Kas soovite siiski hõlbustusrežiimi aktiveerida?"},{"$i":"qtn_oobe_hdr_senior_mode","$v":"Hõlbustusrežiim"},{"$i":"qtn_oobe_hdr_ICE","$v":"Hädaolukorra teave"},{"$i":"qtn_oobe_rem_create_ICE","$v":"Sisestage teave, mis teid hädaolukorras aidata võiks."},{"$i":"qtn_oobe_set_ICE_contact","$v":"Määrake pärast seadme"},{"$i":"qtn_oobe_btn_ICE_info","$v":"Sisesta hädaolukorra teave"},{"$i":"qtn-privacy-terms-welcome","$v":"Tere tulemast!"},{"$i":"qtn-privacy-policy-description-1","$v":["Täname, et valisite ",{"t":"idOrVar","v":"WDM"},"."]},{"$i":"qtn-privacy-policy-description-2","$v":"HMD Global teenuste ja rakenduste kasutamisele teie seadmes kehtib HMD Global privaatsusavaldus, mis on saadaval aadressil www.nokia.com/mobile-privacy."},{"$i":"qtn-privacy-policy-description-3","$v":["KaiOS-e tarkvara teenuste ja rakenduste kasutamisele teie seadmes kehtib KaiOS-e lõppkasutaja litsentsileping ning privaatsustingimused, mis on saadaval veebisaidil ",{"t":"idOrVar","v":"WDM"},"."]},{"$i":"qtn-privacy-policy-description-4","$v":{"$o":"KAI & HMD-le saadetakse seadme aktiveerimise teave koos ühekordse teabega seadme asukoha kohta ja teie seadme ning võrgu kordumatu teave."}},{"$i":"qtn-privacy-policy-description-5","$v":"See teave võimaldab meil paremini rahuldada teie riigi nõudlust, tagada tarkavarauuendusi, kliendituge ja aktiivseid teenuseid."},{"$i":"qtn-privacy-policy-description-6","$v":"Lisanduda võivad andmesidetasud."},{"$i":"qtn-privacy-policy-description-7","$v":"Kui kasutate seadme teisi funktsioone, võidakse teile saata privaatsus- või muid teatisi."},{"$i":"data-connectivity","$v":"Hoiatussõnum"},{"$i":"data-message","$v":"Seadistusviisard võib nutitelefoni algsel seadistamisel kasutada mobiilsidevõrgu andmeid."}]