[{"$i":"wifi","$v":"یک شبکه انتخاب کنید"},{"$i":"ssid","$v":"SSID"},{"$i":"no-wifi-found","$v":"هیچ شبکه ای موجود نیست"},{"$i":"wifi-searching","$v":"در حال جستجوی شبکه..."},{"$i":"security-open","$v":"باز كردن"},{"$i":"shortStatus-connecting","$v":"در حال اتصال..."},{"$i":"shortStatus-associated","$v":"دريافت آدرس IP..."},{"$i":"shortStatus-authenticating","$v":"در حال تأييد اعتبار..."},{"$i":"shortStatus-connected","$v":"وصل شد"},{"$i":"shortStatus-connectingfailed","$v":"اتصال برقرار نشد"},{"$i":"shortStatus-disconnected","$v":"آفلاین"},{"$i":"shortStatus-connected-no-internet","$v":"وصل شد، بدون اینترنت"},{"$i":"securityWEP","$v":"WEP"},{"$i":"securityWPA-PSK","$v":"WPA-PSK"},{"$i":"securityWPA-EAP","$v":"WPA-EAP"},{"$i":"securityWPA2-PSK","$v":"WPA2-PSK"},{"$i":"securityWPA/WPA2-PSK","$v":"WPA/WPA2-PSK"},{"$i":"securedBy","$v":[{"t":"idOrVar","v":"capabilities"}]},{"$i":"securedByWay","$v":["ایمن شده با ",{"t":"idOrVar","v":"capabilities"}]},{"$i":"security","$v":"ایمنی"},{"$i":"signalStrength","$v":"قدرت سیگنال"},{"$i":"signalLevel0","$v":"بسیار ضعیف"},{"$i":"signalLevel1","$v":"ضعیف"},{"$i":"signalLevel2","$v":"میانگین"},{"$i":"signalLevel3","$v":"خوب"},{"$i":"signalLevel4","$v":"بسیار خوب"},{"$i":"ipAddress","$v":"آدرس IP"},{"$i":"linkSpeed","$v":"سرعت پيوند"},{"$i":"linkSpeedMbs","$v":[{"t":"idOrVar","v":"linkSpeed"}," مگابیت/ثانیه"]},{"$i":"wifi-rescan","$v":"اسکن مجدد"},{"$i":"wifi-join-fail","$v":["نمی توانید به شبکه ",{"t":"idOrVar","v":"n"}," بپیوندید."]},{"$i":"wifi-connect-fail","$v":["رمز عبور نادرست برای ",{"t":"idOrVar","v":"n"},"."]},{"$i":"wifi-ip-set-fail","$v":"تنظيمات IP انجام نشد."},{"$i":"wifi-pw-length-error","$v":"طول رمز عبور باید بیشتر از 8 نویسه باشد"},{"$i":"password","$v":"رمز عبور"},{"$i":"showPassword","$v":"نمایش رمز عبور"},{"$i":"connect","$v":"متصل شدن"},{"$i":"rescanCompleted","$v":"اسکن دوباره کامل شد."},{"$i":"failedToConnect","$v":"متصل نشد"},{"$i":"select","$v":"انتخاب"},{"$i":"skip","$v":"رد شدن"},{"$i":"next","$v":"بعد"},{"$i":"accept","$v":"پذيرفتن"},{"$i":"cancel","$v":"لغو کردن"},{"$i":"ok","$v":"تأیید"},{"$i":"notNow","$v":"اکنون خیر"},{"$i":"forget","$v":"فراموش کردن"},{"$i":"confirmation","$v":"تأييد"},{"$i":"forget-network","$v":"فراموش كردن شبكه؟"},{"$i":"network-forgotten","$v":"شبکه فراموش شده است."},{"$i":"hfa","$v":"HFA"},{"$i":"setup-phone-verification","$v":"تأیید تلفن"},{"$i":"phone-verification-entry-message","$v":"با تأیید شماره خود یک حساب تنظیم کنید تا به store و سایر سرویس ها دسترسی داشته باشید."},{"$i":"phone-verification-skip-message","$v":"تأیید تلفنتان کامل نشده است. می توانید در فرصتی دیگر از تنظیمات>حساب آن را تأیید کنید. برای دسترسی به Store و سایر سرویس ها به تأیید نیاز دارید."},{"$i":"setup-account","$v":"تنظيم حساب KaiOS"},{"$i":"create-account-li","$v":"ایجاد حساب"},{"$i":"login-account-li","$v":"ورود به سیستم"},{"$i":"account-setup-message","$v":"با حساب KaiOS، اطلاعاتتان را ایمن نگه دارید. اگر تلفنتان را گم کنید، حساب KaiOS به شما اجازه می دهد از راه دور همه داده های رو تلفنتان را قفل کرده یا پاک کنید. همینطور می توانید حساب KaiOS را در فرصتی دیگر از قسمت تنظیمات، تنظیم نمایید."},{"$i":"sign-in-success","$v":"ورود به سیستم موفق"},{"$i":"account-welcome","$v":"خوش آمديد"},{"$i":"logged-in-message","$v":[{"t":"idOrVar","v":"email"}]},{"$i":"anti-theft","$v":"ضد سرقت"},{"$i":"anti-theft-info","$v":"ما امیدواریم شما هرگز تلفنتان را گم نکنید، ولی چون اگر گم کردید، می توانید با ابزارهای قفل کردن و پاک کردن از راه دور ما از داده های خود حفاظت کنید. زمانی که آماده هستید، برای تنظیم حساب KaiOs خود به قسمت تنظیمات مراجعه کنید."},{"$i":"companion-phone","$v":"تلفن همراه"},{"$i":"companion-phone-info","$v":"برنامه همراه KaiOS را روی تلفن هوشمندتان نصب کنید تا مخاطبین را همگام سازی کرده و فایل ها را بین دستگاه اولیه و تلفن دارای KaiOS انتقال دهید."},{"$i":"select-language","$v":"انتخاب زبان"},{"$i":"language-current","$v":"فعلی"},{"$i":"language-readout-on","$v":"خواندن روشن است"},{"$i":"language-readout-off","$v":"خواندن خاموش است"},{"$i":"decline-info","$v":"برای استفاده از این دستگاه لازم است سیاست حفظ حریم خصوصی و شرایط مجوز KaiOS را بپذیرید."},{"$i":"kaios-license","$v":"سیاست حفظ حریم خصوصی و شرایط مجوز KaiOS"},{"$i":"decline","$v":"رد کردن"},{"$i":"privacy-confirm","$v":"با فشردن Accept (پذیرش) با سیاست حفظ حریم خصوصی و شرایط مجوز KaiOS موافقت می کنید."},{"$i":"open-url","$v":"باز کردن URL"},{"$i":"lyf-license","$v":"شرایط مجوز LYF"},{"$i":"emergency","$v":"اضطراری"},{"$i":"pin-incorrect","$v":"پین اشتباه"},{"$i":"puk-incorrect","$v":"PUK نادرست"},{"$i":"inputCodeRetriesLeft","$v":{"few":[{"t":"idOrVar","v":"n"}," مرتبه باقی است."],"many":[{"t":"idOrVar","v":"n"}," مرتبه باقی است."],"one":"1 مرتبه باقی است.","other":[{"t":"idOrVar","v":"n"}," مرتبه باقی است."],"two":[{"t":"idOrVar","v":"n"}," مرتبه باقی است."]},"$x":[{"t":"idOrVar","v":"plural"},"n"]},{"$i":"inputCodePukRetriesLeft","$v":{"few":[{"t":"idOrVar","v":"n"}," مرتبه باقی است."],"many":[{"t":"idOrVar","v":"n"}," مرتبه باقی است."],"one":"1 مرتبه باقی است.","other":[{"t":"idOrVar","v":"n"}," مرتبه باقی است."],"two":[{"t":"idOrVar","v":"n"}," مرتبه باقی است."]},"$x":[{"t":"idOrVar","v":"plural"},"n"]},{"$i":"pin-label","$v":"پین سیم کارت"},{"$i":"enter-pin","$v":"پين سيم را وارد کنيد"},{"$i":"sim1-enter-pin","$v":"پين سیم1 را وارد کنید"},{"$i":"sim2-enter-pin","$v":"پين سیم2 را وارد کنید"},{"$i":"done","$v":"انجام شد"},{"$i":"enter-puk","$v":"وارد کردن PUK"},{"$i":"sim1-enter-puk","$v":"PUK سیم1 را وارد کنید"},{"$i":"sim2-enter-puk","$v":"PUK سیم2 را وارد کنید"},{"$i":"puk-label","$v":"PUK"},{"$i":"new-pin-label","$v":"پین سیم جدید (باید 4 تا 8 رقم باشد)"},{"$i":"confirm-new-pin-label","$v":"تأیید پین سیم جدید"},{"$i":"pincode-length-error","$v":"پین سیم کارت باید 4 تا 8 رقم باشد."},{"$i":"pin-final-locked","$v":"سيم كارت قفل شده است."},{"$i":"pin-final-failed-text","$v":"می خواهید کد PUK را برای باز کردن قفل سیم کارت وارد کنید؟"},{"$i":"sim-locked","$v":"سيم قفل شد"},{"$i":"sim1-locked","$v":"SIM1 قفل شد"},{"$i":"sim2-locked","$v":"SIM2 قفل شد"},{"$i":"new-pin-confirm-error","$v":"پین سیم جدید تأیید نشد"},{"$i":"puk-final-locked","$v":"PUK نادرست"},{"$i":"puk-final-failed-text","$v":"سیم کارت برای همیشه قفل شد. برای اطلاعات بیشتر با شرکت مخابراتی خود تماس بگیرید."},{"$i":"about-kaios","$v":"درباره KaiOS"},{"$i":"about-kaios-p1","$v":"به KaiOS خوش آمدید."},{"$i":"about-kaios-p2","$v":"ماموریت ما این است که از طریق ایجاد دسترسی به محصولات و سرویس‌های دیجیتال، فرصت‌هایی را در اختیار افراد، خانواده‌ها، اجتماعات، و درحقیقت، همه اعضای جامعه قرار دهیم."},{"$i":"about-kaios-p3","$v":"می‌توانید با ارسال خودکار تجزیه‌وتحلیل داده‌ها، به ما کمک کنید تا محصولات و سرویس‌هایمان را بهبود بخشیم. برای آشنایی با نحوه مدیریت داده‌ها در دستگاهتان، شرایط حریم خصوصی ما را مشاهده کنید."},{"$i":"about-kaios-p4","$v":"می توانید این تنظیمات را از قسمت تنظیمات > حریم خصوصی و ایمنی > درباره KaiOS تغییر دهید."},{"$i":"about-kaios-agree","$v":"می خواهم با ارسال داده های تحلیلی کمک کنم."},{"$i":"about-kaios-age","$v":"سن من از 16 سال بیشتر است."},{"$i":"about-kaios-ad","$v":"از داده من برای بهبود تجربه تبلیغات من استفاده کنید."},{"$i":"deselect","$v":"عدم انتخاب"},{"$i":"selectKeyboard","$v":"انتخاب صفحه کلید"},{"$i":"send-data-via","$v":"ارسال داده از طریق"},{"$i":"wifi-and-carrier-data","$v":"‏Wi-Fi  و داده شرکت مخابرات"},{"$i":"wifi-only","$v":"فقط Wi-Fi"},{"$i":"more","$v":"بيشتر  >"},{"$i":"qtn_oobe_high_volume","$v":"لطفا به میزان صدای بالا در حالت قابلیت دسترسی توجه کنید."},{"$i":"qtn_oobe_enter","$v":"همچنان می‌خواهید وارد حالت قابلیت دسترسی شوید؟"},{"$i":"qtn_oobe_hdr_senior_mode","$v":"حالت قابلیت دسترسی"},{"$i":"qtn_oobe_hdr_ICE","$v":"اطلاعات ICE"},{"$i":"qtn_oobe_rem_create_ICE","$v":"لطفاً جزئیات اطلاعات ICE خود را که در موقعیت اورژانسی به شما کمک می‌کند، ایجاد کنید."},{"$i":"qtn_oobe_set_ICE_contact","$v":"پس از راه‌اندازی دستگاه،"},{"$i":"qtn_oobe_btn_ICE_info","$v":"ایجاد اطلاعات ICE"},{"$i":"qtn-privacy-terms-welcome","$v":"خوش آمدید"},{"$i":"qtn-privacy-policy-description-1","$v":["به خاطر انتخاب ",{"t":"idOrVar","v":"WDM"}," از شما متشکریم."]},{"$i":"qtn-privacy-policy-description-2","$v":"استفاده شما از سرویس ها و برنامه های HMD Global در دستگاهتان تحت پوشش خط مشی رازداری HMD Global است که در این آدرس موجود است: www.nokia.com/mobile-privacy."},{"$i":"qtn-privacy-policy-description-3","$v":["استفاده شما از نرم افزار KaiOS، خدمات و برنامه ها در دستگاهتان تحت کنترل KaiOS EULA و شرایط حریم خصوصی موجود در ",{"t":"idOrVar","v":"WDM"}," است."]},{"$i":"qtn-privacy-policy-description-4","$v":{"$o":"اطلاعات فعال‌سازی دستگاه، با تنها یک بار موقعیت دستگاه همراه با اطلاعات منحصربفرد دستگاه و شبکه شما به KAI & HMD ارسال می‌شود."}},{"$i":"qtn-privacy-policy-description-5","$v":"این اطلاعات به ما کمک می کند هرچه بهتر به نیازهای داخل کشور شما پاسخگو باشیم، به روز رسانی های نرم افزار و  پشتیبانی مشتری را ارائه کرده و سرویس ها را فعال کنیم."},{"$i":"qtn-privacy-policy-description-6","$v":"ممکن است هزینه دیتا کسر شود."},{"$i":"qtn-privacy-policy-description-7","$v":"وقتی از سایر ویژگی های دستگاهتان استفاده می کنید ممکن است حریم خصوصی یا سایر اعلامیه ها ارائه شود."},{"$i":"data-connectivity","$v":"پیام هشدار"},{"$i":"data-message","$v":"در طول راه اندازی اولیه تلفن هوشمند، ویزارد راه اندازی احتمالا از داده های شبکه تلفن همراه استفاده خواهد کرد."}]