[{"$i":"wifi","$v":"Valitse verkko"},{"$i":"ssid","$v":"SSID"},{"$i":"no-wifi-found","$v":"Ei verkkoja käytettävissä"},{"$i":"wifi-searching","$v":"Haetaan verkkoja…"},{"$i":"security-open","$v":"Avaa"},{"$i":"shortStatus-connecting","$v":"Yhdistetään…"},{"$i":"shortStatus-associated","$v":"Haetaan IP-osoitetta…"},{"$i":"shortStatus-authenticating","$v":"Todennetaan…"},{"$i":"shortStatus-connected","$v":"Yhdistetty"},{"$i":"shortStatus-connectingfailed","$v":"Yhteys epäonnistui"},{"$i":"shortStatus-disconnected","$v":"Offline"},{"$i":"shortStatus-connected-no-internet","$v":"Yhdistetty, ei internetiä"},{"$i":"securityWEP","$v":"WEP"},{"$i":"securityWPA-PSK","$v":"WPA-PSK"},{"$i":"securityWPA-EAP","$v":"WPA-EAP"},{"$i":"securityWPA2-PSK","$v":"WPA2-PSK"},{"$i":"securityWPA/WPA2-PSK","$v":"WPA/WPA2-PSK"},{"$i":"securedBy","$v":[{"t":"idOrVar","v":"capabilities"}]},{"$i":"securedByWay","$v":["Turvannut ",{"t":"idOrVar","v":"capabilities"}]},{"$i":"security","$v":"Suojaukset"},{"$i":"signalStrength","$v":"Signaalin vahvuus"},{"$i":"signalLevel0","$v":"Erittäin heikko"},{"$i":"signalLevel1","$v":"Heikko"},{"$i":"signalLevel2","$v":"Keskimäärin"},{"$i":"signalLevel3","$v":"Hyvä"},{"$i":"signalLevel4","$v":"Erittäin hyvä"},{"$i":"ipAddress","$v":"IP-osoite"},{"$i":"linkSpeed","$v":"Linkin nopeus"},{"$i":"linkSpeedMbs","$v":[{"t":"idOrVar","v":"linkSpeed"}," Mbit/s"]},{"$i":"wifi-rescan","$v":"Skannaa uudelleen"},{"$i":"wifi-join-fail","$v":["Verkkoon ",{"t":"idOrVar","v":"n"}," liittyminen ei onnistu."]},{"$i":"wifi-connect-fail","$v":["Virheellinen salasana kohteelle ",{"t":"idOrVar","v":"n"},"."]},{"$i":"wifi-ip-set-fail","$v":"IP-asetusvirhe."},{"$i":"wifi-pw-length-error","$v":"Salasanassa on oltava yli 8 merkkiä."},{"$i":"password","$v":"Salasana"},{"$i":"showPassword","$v":"Näytä salasana"},{"$i":"connect","$v":"Yhdistä"},{"$i":"rescanCompleted","$v":"Uudelleenskannaus on tehty."},{"$i":"failedToConnect","$v":"Yhteyden luonti ei onnistu"},{"$i":"select","$v":"Valitse"},{"$i":"skip","$v":"Ohita"},{"$i":"next","$v":"Seuraava"},{"$i":"accept","$v":"Hyväksy"},{"$i":"cancel","$v":"Peruuta"},{"$i":"ok","$v":"OK"},{"$i":"notNow","$v":"Ei nyt"},{"$i":"forget","$v":"Unohda"},{"$i":"confirmation","$v":"Vahvistus"},{"$i":"forget-network","$v":"Unohdetaanko verkko?"},{"$i":"network-forgotten","$v":"Verkko unohtui."},{"$i":"hfa","$v":"HFA"},{"$i":"setup-phone-verification","$v":"Puhelinnumeron vahvistus"},{"$i":"phone-verification-entry-message","$v":"Avaa tili vahvistamalla numerosi. Sen jälkeen voit käyttää kauppaa ja lisäpalveluita."},{"$i":"phone-verification-skip-message","$v":"Puhelinnumeron vahvistus on kesken. Voit vahvistaa numeron myöhemmin kohdasta Asetukset > Tili. Vahvistus tarvitaan kaupan ja lisäpalveluiden käyttämiseen."},{"$i":"setup-account","$v":"Määritä KaiOS-tili"},{"$i":"create-account-li","$v":"Luo tili"},{"$i":"login-account-li","$v":"Kirjaudu"},{"$i":"account-setup-message","$v":"Pidä tietosi turvassa KaiOS-tilillä. Jos satut kadottamaan puhelimesi, KaiOS-tilisi avulla voit lukita sen etäältä tai pyyhkiä kaikki puhelimesi tiedot. Voit myös määrittää KaiOS-tilin myöhemmin asetuksissa."},{"$i":"sign-in-success","$v":"Kirjautuminen onnistui"},{"$i":"account-welcome","$v":"Tervetuloa"},{"$i":"logged-in-message","$v":[{"t":"idOrVar","v":"email"}]},{"$i":"anti-theft","$v":"Varkaudenesto"},{"$i":"anti-theft-info","$v":"Toivottavasti et ikinä kadota puhelintasi, mutta jos niin käy, voit suojella tietojasi etälukitus- ja pyyhintätoiminnoillamme. Kun olet valmis, siirry Asetuksiin ja määritä KaiOS-tilisi."},{"$i":"companion-phone","$v":"Kumppanipuhelin"},{"$i":"companion-phone-info","$v":"Jos haluat synkronoida yhteystiedot ensisijaisen laitteesi ja KaiOS-puhelimesi välillä sekä siirtää tiedostoja niiden välillä, asenna KaiOS-kumppanisovellus älypuhelimeesi."},{"$i":"select-language","$v":"Valitse kieli"},{"$i":"language-current","$v":"Nykyinen"},{"$i":"language-readout-on","$v":"Ääneen luku päällä"},{"$i":"language-readout-off","$v":"Ääneen luku pois"},{"$i":"decline-info","$v":"Tämän laitteen käyttö edellyttää käyttöehtojen hyväksyntää."},{"$i":"kaios-license","$v":"KaiOS-lisenssiehdot"},{"$i":"decline","$v":"Kieltäydy"},{"$i":"privacy-confirm","$v":"Painamalla Hyväksyn sinä hyväksyt KaiOS-lisenssiehdot ja tietosuojakäytännön."},{"$i":"open-url","$v":"AVAA URL"},{"$i":"lyf-license","$v":"LYF-lisenssiehdot"},{"$i":"emergency","$v":"Hätäpuhelu"},{"$i":"pin-incorrect","$v":"Virheellinen PIN."},{"$i":"puk-incorrect","$v":"Virheellinen PUK."},{"$i":"inputCodeRetriesLeft","$v":{"few":[{"t":"idOrVar","v":"n"}," yritystä jäljellä."],"many":[{"t":"idOrVar","v":"n"}," yritystä jäljellä."],"one":"(Väärä PIN. 1 yritys jäljellä.)","other":[{"t":"idOrVar","v":"n"}," yritystä jäljellä."],"two":["(Väärä PIN. ",{"t":"idOrVar","v":"n"}," yritystä jäljellä.)"]},"$x":[{"t":"idOrVar","v":"plural"},"n"]},{"$i":"inputCodePukRetriesLeft","$v":{"few":[{"t":"idOrVar","v":"n"}," yritystä jäljellä."],"many":[{"t":"idOrVar","v":"n"}," yritystä jäljellä."],"one":"1 yritys jäljellä.","other":[{"t":"idOrVar","v":"n"}," yritystä jäljellä."],"two":[{"t":"idOrVar","v":"n"}," yritystä jäljellä."]},"$x":[{"t":"idOrVar","v":"plural"},"n"]},{"$i":"pin-label","$v":"SIM PIN"},{"$i":"enter-pin","$v":"Anna SIM-kortin PIN"},{"$i":"sim1-enter-pin","$v":"Anna SIM1-kortin PIN"},{"$i":"sim2-enter-pin","$v":"Anna SIM2-kortin PIN"},{"$i":"done","$v":"Valmis"},{"$i":"enter-puk","$v":"Anna PUK-koodi"},{"$i":"sim1-enter-puk","$v":"Anna SIM1-kortin PUK"},{"$i":"sim2-enter-puk","$v":"Anna SIM2-kortin PUK"},{"$i":"puk-label","$v":"PUK"},{"$i":"new-pin-label","$v":"Uusi SIM PIN (4–8 lukua)"},{"$i":"confirm-new-pin-label","$v":"Vahvista uusi SIM PIN"},{"$i":"pincode-length-error","$v":"SIM PIN -koodissa oltava 4-8 merkkiä."},{"$i":"pin-final-locked","$v":"SIM-kortti on lukittu."},{"$i":"pin-final-failed-text","$v":"Haluatko antaa PUK-koodin SIM-kortin lukituksen poistoa varten?"},{"$i":"sim-locked","$v":"SIM lukittu"},{"$i":"sim1-locked","$v":"SIM1 lukittu"},{"$i":"sim2-locked","$v":"SIM2 lukittu"},{"$i":"new-pin-confirm-error","$v":"Uusi SIM PIN -vahvistus epäonnistui."},{"$i":"puk-final-locked","$v":"Virheellinen PUK."},{"$i":"puk-final-failed-text","$v":"SIM-korttisi on pysyvästi lukittu. Pyydä lisätietoja operaattoriltasi."},{"$i":"about-kaios","$v":"Tietoja KaiOS"},{"$i":"about-kaios-p1","$v":"Tervetuloa KaiOS."},{"$i":"about-kaios-p2","$v":"Tavoitteemme on avata mahdollisuuksia henkilöille, heidän perheilleen ja yhteisöille, luomalla yhteyden loistaviin digitaalisiin tuotteisiin ja palveluihin jokaiselle yhteiskunnassa."},{"$i":"about-kaios-p3","$v":"Voit auttaa meitä kehittämään tuotteitamme ja palveluitamme lähettämällä analytiikkatietoa. Tietosuojaselosteestamme voit tarkastaa kuinka käsittelemme laitteesi analytikkatietoja."},{"$i":"about-kaios-p4","$v":"Voit muuttaa näitä asetuksia Asetukset> Yksityisyys ja turvallisuus> Tietoja KaiOSista."},{"$i":"about-kaios-agree","$v":"Haluan auttaa lähettämällä analyysitietoja."},{"$i":"about-kaios-age","$v":"Olen yli 16-vuotias."},{"$i":"about-kaios-ad","$v":"Käytä tietojani mainontakokemukseni parantamiseen."},{"$i":"deselect","$v":"Poista valinta"},{"$i":"selectKeyboard","$v":"Valitse näppäimistö"},{"$i":"send-data-via","$v":"Context? Valitse yhteys"},{"$i":"wifi-and-carrier-data","$v":"Wi-Fi ja mobiiliverkkoyhteys"},{"$i":"wifi-only","$v":"Vain WLAN"},{"$i":"more","$v":"Lisää >"},{"$i":"qtn_oobe_high_volume","$v":"Kiinnitä huomiota korkeaan äänenvoimakkuuteen helppokäyttöisyystilassa."},{"$i":"qtn_oobe_enter","$v":"Haluatko edelleen siirtyä helppokäyttöisyystilaan?"},{"$i":"qtn_oobe_hdr_senior_mode","$v":"Helppokäyttöisyystila"},{"$i":"qtn_oobe_hdr_ICE","$v":"ICE-tiedot"},{"$i":"qtn_oobe_rem_create_ICE","$v":"Luo ICE-tietojesi yksityiskohdat, jotka ovat avuksi hätätilanteessa."},{"$i":"qtn_oobe_set_ICE_contact","$v":"Käynnistettyäsi laitteen, "},{"$i":"qtn_oobe_btn_ICE_info","$v":"Luo ICE-tiedot"},{"$i":"qtn-privacy-terms-welcome","$v":"Tervetuloa"},{"$i":"qtn-privacy-policy-description-1","$v":["Kiitos, että valitsit ",{"t":"idOrVar","v":"WDM"},":n."]},{"$i":"qtn-privacy-policy-description-2","$v":"HMD Global palveluiden ja sovellusten käyttöön laitteessasi sovelletaan HMD Global tietosuojaselostetta, joka on luettavissa osoitteessa www.nokia.com/mobile-privacy."},{"$i":"qtn-privacy-policy-description-3","$v":["KaiOS-ohjelmiston, palveluiden ja sovellusten käyttöön laitteessasi sovelletaan KaiOS:n käyttöehtoja ja tietosuojakäytäntöä, joka on luettavissa osoitteessa ",{"t":"idOrVar","v":"WDM"},"."]},{"$i":"qtn-privacy-policy-description-4","$v":{"$o":"Laitteen aktivointitiedot ja yksi kertaluontoinen sijaintiviesti sekä laitteen ja verkon tiedot lähetetään KAI & HMD:lle."}},{"$i":"qtn-privacy-policy-description-5","$v":"Näiden tietojen avulla pystymme parantamaan palvelujamme maassasi, toimittamaan ohjelmistopäivityksiä, asiakaspalvelua ja ottamaan käyttöön uusia HMD-palveluja."},{"$i":"qtn-privacy-policy-description-6","$v":"Datayhteyden käytöstä saatetaan veloittaa."},{"$i":"qtn-privacy-policy-description-7","$v":"Saatat saada tietosuoja tai muita ilmoituksia, kun käytät laitteesi eri toimintoja."},{"$i":"data-connectivity","$v":"Varoitusviesti"},{"$i":"data-message","$v":"Ohjattu asetustoiminto saattaa käyttää matkapuhelimen datayhteyttä alkuasetusten aikana."}]