[{"$i":"wifi","$v":"Pumili ng network"},{"$i":"ssid","$v":"SSID"},{"$i":"no-wifi-found","$v":"Walang available na network"},{"$i":"wifi-searching","$v":"Naghahanap ng mga network…"},{"$i":"security-open","$v":"Buksan"},{"$i":"shortStatus-connecting","$v":"Kumokonekta…"},{"$i":"shortStatus-associated","$v":"Kumukuha ng IP address…"},{"$i":"shortStatus-authenticating","$v":"Ino-authenticate…"},{"$i":"shortStatus-connected","$v":"Nakakonekta"},{"$i":"shortStatus-connectingfailed","$v":"Hindi nakakonekta"},{"$i":"shortStatus-disconnected","$v":"Offline"},{"$i":"shortStatus-connected-no-internet","$v":"Nakakoknekta, walang internet"},{"$i":"securityWEP","$v":"WEP"},{"$i":"securityWPA-PSK","$v":"WPA-PSK"},{"$i":"securityWPA-EAP","$v":"WPA-EAP"},{"$i":"securityWPA2-PSK","$v":"WPA2-PSK"},{"$i":"securityWPA/WPA2-PSK","$v":"WPA/WPA2-PSK"},{"$i":"securedBy","$v":[{"t":"idOrVar","v":"capabilities"}]},{"$i":"securedByWay","$v":["Na-secure ng ",{"t":"idOrVar","v":"capabilities"}]},{"$i":"security","$v":"Seguridad"},{"$i":"signalStrength","$v":"Lakas ng signal"},{"$i":"signalLevel0","$v":"Napakahina"},{"$i":"signalLevel1","$v":"Mahina"},{"$i":"signalLevel2","$v":"Average"},{"$i":"signalLevel3","$v":"Maayos"},{"$i":"signalLevel4","$v":"Napakahusay"},{"$i":"ipAddress","$v":"IP address"},{"$i":"linkSpeed","$v":"Bilis ng pag-link"},{"$i":"linkSpeedMbs","$v":[{"t":"idOrVar","v":"linkSpeed"}," Mbit/s"]},{"$i":"wifi-rescan","$v":"I-scan muli"},{"$i":"wifi-join-fail","$v":["Hindi makasali sa network ",{"t":"idOrVar","v":"n"},"."]},{"$i":"wifi-connect-fail","$v":["Mali ang password para sa ",{"t":"idOrVar","v":"n"},"."]},{"$i":"wifi-ip-set-fail","$v":"Hindi naitakda ang mga setting ng IP."},{"$i":"wifi-pw-length-error","$v":"Dapat mahigit 8 character ang haba ng password."},{"$i":"password","$v":"Password"},{"$i":"showPassword","$v":"Ipakita ang Password"},{"$i":"connect","$v":"Kumonekta"},{"$i":"rescanCompleted","$v":"Nakumpleto ang pag-rescan."},{"$i":"failedToConnect","$v":"Hindi Nakakonekta"},{"$i":"select","$v":"Piliin"},{"$i":"skip","$v":"Laktawan"},{"$i":"next","$v":"Susunod"},{"$i":"accept","$v":"Tanggapin"},{"$i":"cancel","$v":"Kanselahin"},{"$i":"ok","$v":"OK"},{"$i":"notNow","$v":"Hindi muna"},{"$i":"forget","$v":"Kalimutan"},{"$i":"confirmation","$v":"Kumpirmasyon"},{"$i":"forget-network","$v":"Kalimutan ang network?"},{"$i":"network-forgotten","$v":"Nakalimutan ang network."},{"$i":"hfa","$v":"HFA"},{"$i":"setup-phone-verification","$v":"Pag-verify ng Telepono"},{"$i":"phone-verification-entry-message","$v":"Mag-set up ng account gamit ang pag-verify sa numero mo para ma-access ang store at iba pang serbisyo."},{"$i":"phone-verification-skip-message","$v":"Hindi kumpleto ang pag-verify sa telepono mo. Makakapag-verify ka sa Mga Setting > Account. Kailangang mag-verify para ma-access ang Store at iba pang serbisyo."},{"$i":"setup-account","$v":"I-set up ang KaiOS Account"},{"$i":"create-account-li","$v":"Gumawa ng Account"},{"$i":"login-account-li","$v":"Pag-sign In"},{"$i":"account-setup-message","$v":"Panatilihing ligtas ang iyong impormasyon gamit ang KaiOS account. Kung mawawala man ang iyong telepono, magagamit mo ang iyong KaiOS account upang malayuang i-lock o i-wipe ang lahat ng data sa iyong telepono. Mase-set up mo rin sa ibang pagkakataon ang iyong KaiOS account sa Mga Setting."},{"$i":"sign-in-success","$v":"Nakapag-sign In"},{"$i":"account-welcome","$v":"Welcome"},{"$i":"logged-in-message","$v":[{"t":"idOrVar","v":"email"}]},{"$i":"anti-theft","$v":"Anti-Theft"},{"$i":"anti-theft-info","$v":"Inaasahan naming hindi mawawala ang iyong telepono, ngunit kung mawawala ito, mapoprotektahan mo ang iyong data gamit ang aming mga feature ng malayuang pag-lock at pag-wipe. Kapag handa ka na, pumunta sa Mga Setting upang ma-set up ang iyong KaiOS account."},{"$i":"companion-phone","$v":"Companion Phone"},{"$i":"companion-phone-info","$v":"I-install ang KaiOS companion app sa iyong smartphone para mag-sync ng mga contact at maglipat ng mga file sa pagitan ng pangunahin mong device at ng iyong KaiOS-powered phone."},{"$i":"select-language","$v":"Pumili ng Wika"},{"$i":"language-current","$v":"Kasalukuyan"},{"$i":"language-readout-on","$v":"Naka-on ang Readout"},{"$i":"language-readout-off","$v":"Naka-off ang Readout"},{"$i":"decline-info","$v":"Kailangang tanggapin ang Mga Tuntunin at Kundisyon upang magamit ang device na ito."},{"$i":"kaios-license","$v":"Mga Tuntunin sa Lisensya ng KaiOS"},{"$i":"decline","$v":"I-decline"},{"$i":"privacy-confirm","$v":"Sa pamamagitan ng pagpindot sa Tanggapin, sumasang-ayon ka sa Mga Tuntunin sa Lisensya at Patakaran sa Pagkapribado ng KaiOS."},{"$i":"open-url","$v":"BUKSAN ANG URL"},{"$i":"lyf-license","$v":"Mga Tuntunin sa Lisensya ng LYF"},{"$i":"emergency","$v":"Emergency"},{"$i":"pin-incorrect","$v":"Mali ang PIN."},{"$i":"puk-incorrect","$v":"Mali ang PUK."},{"$i":"inputCodeRetriesLeft","$v":{"few":[{"t":"idOrVar","v":"n"}," (na) pagsubok ang natitira."],"many":[{"t":"idOrVar","v":"n"}," (na) pagsubok ang natitira."],"one":"(Maling PIN. 1 subok ang natitira.)","other":[{"t":"idOrVar","v":"n"}," (na) pagsubok ang natitira."],"two":["(Maling PIN. ",{"t":"idOrVar","v":"n"}," (na) subok ang natitira.)"]},"$x":[{"t":"idOrVar","v":"plural"},"n"]},{"$i":"inputCodePukRetriesLeft","$v":{"few":[{"t":"idOrVar","v":"n"}," (na) pagsubok ang natitira."],"many":[{"t":"idOrVar","v":"n"}," (na) pagsubok ang natitira."],"one":"1 pagsubok ang natitira.","other":[{"t":"idOrVar","v":"n"}," (na) pagsubok ang natitira."],"two":[{"t":"idOrVar","v":"n"}," (na) pagsubok ang natitira."]},"$x":[{"t":"idOrVar","v":"plural"},"n"]},{"$i":"pin-label","$v":"PIN ng SIM"},{"$i":"enter-pin","$v":"Ipasok ang PIN ng SIM"},{"$i":"sim1-enter-pin","$v":"Ipasok ang SIM1 PIN"},{"$i":"sim2-enter-pin","$v":"Ipasok ang SIM2 PIN"},{"$i":"done","$v":"Tapos na"},{"$i":"enter-puk","$v":"Ipasok ang PUK"},{"$i":"sim1-enter-puk","$v":"Ipasok ang SIM1 PUK"},{"$i":"sim2-enter-puk","$v":"Ipasok ang SIM2 PUK"},{"$i":"puk-label","$v":"PUK"},{"$i":"new-pin-label","$v":"Bagong PIN ng SIM(4-8 digit)"},{"$i":"confirm-new-pin-label","$v":"Kumpirmahin ang bagong PIN ng SIM"},{"$i":"pincode-length-error","$v":"Dapat ay may 4-8 digit ang PIN ng SIM."},{"$i":"pin-final-locked","$v":"Naka-lock ang SIM card."},{"$i":"pin-final-failed-text","$v":"Gusto mo bang ilagay ang PUK code upang ma-unlock ang SIM card?"},{"$i":"sim-locked","$v":"Naka-lock ang SIM"},{"$i":"sim1-locked","$v":"Na-lock ang SIM1"},{"$i":"sim2-locked","$v":"Na-lock ang SIM2"},{"$i":"new-pin-confirm-error","$v":"Hindi nakumpirma ang bagong PIN ng SIM."},{"$i":"puk-final-locked","$v":"Mali ang PUK."},{"$i":"puk-final-failed-text","$v":"Permanenteng na-lock ang iyong SIM card. Makipag-ugnayan sa iyong carrier para sa higit pang impormasyon."},{"$i":"about-kaios","$v":"Tungkol sa KaiOS"},{"$i":"about-kaios-p1","$v":"Welcome sa KaiOS."},{"$i":"about-kaios-p2","$v":"Ang aming misyon ay upang buksan ang mga pagkakataon para sa mga indibidwal, sa kanilang mga pamilya, at mga komunidad sa pamamagitan ng paggawa ng access sa mga mahusay na digital na mga produkto at serbisyo ng isang katotohanan para sa lahat ng mga miyembro ng lipunan."},{"$i":"about-kaios-p3","$v":"Maaari kang makatulong sa aming mapabuti ang mga produkto at serbisyo sa pamamagitan ng awtomatikong pagpapadala ng data ng analytics. Tingnan ang aming mga tuntunin sa privacy upang matutunan kung paano namin pinangangasiwaan ang data sa iyong device."},{"$i":"about-kaios-p4","$v":"Maaari mong baguhin ang mga setting na ito sa Mga Setting> Privacy at Seguridad> Tungkol sa KaiOS."},{"$i":"about-kaios-agree","$v":"Gusto kong tumulong sa pamamagitan ng pagpapadala ng data ng analytics."},{"$i":"about-kaios-age","$v":"Ako ay higit sa edad na 16."},{"$i":"about-kaios-ad","$v":"Gamitin ang aking data upang mapaganda ang aking karanasan sa pag-advertise."},{"$i":"deselect","$v":"Alisin ang pagkakapili"},{"$i":"selectKeyboard","$v":"Pumili ng Keyboard"},{"$i":"send-data-via","$v":"Magpadala ng data sa pamamagitan ng"},{"$i":"wifi-and-carrier-data","$v":"Wifi at mobile na data"},{"$i":"wifi-only","$v":"Wi-Fi lang"},{"$i":"more","$v":"Iba pa >"},{"$i":"qtn_oobe_high_volume","$v":"Bantayan ang malakas na volume sa Accessibility mode."},{"$i":"qtn_oobe_enter","$v":"Gusto mo pa rin bang pumasok sa Accessibility mode?"},{"$i":"qtn_oobe_hdr_senior_mode","$v":"Accessibility mode"},{"$i":"qtn_oobe_hdr_ICE","$v":"Impormasyon ng ICE"},{"$i":"qtn_oobe_rem_create_ICE","$v":"Pakigawa ang iyong mga detalye ng information sa ICE, na makakatulong sa iyo kung sakaling may emergency."},{"$i":"qtn_oobe_set_ICE_contact","$v":"Pagkatapos ng startup ng device,"},{"$i":"qtn_oobe_btn_ICE_info","$v":"Gumawa ng impormasyon ng ICE"},{"$i":"qtn-privacy-terms-welcome","$v":"Welcome"},{"$i":"qtn-privacy-policy-description-1","$v":["Salamat sa pagpili sa ",{"t":"idOrVar","v":"WDM"},"."]},{"$i":"qtn-privacy-policy-description-2","$v":"Pinamamahalaan ng Patakaran ng Pagkapribado ng HMD Global ang paggamit mo ng mga serbisyo at application ng HMD Global sa device mo na nasa sa www.nokia.com/mobile-privacy."},{"$i":"qtn-privacy-policy-description-3","$v":["Pinamamahalaan ng EULA at Patakaran ng Pagkapribado ng KaiOS, na nasa ",{"t":"idOrVar","v":"WDM"},", ang paggamit mo ng software, mga serbisyo at application ng KaiOS sa device mo."]},{"$i":"qtn-privacy-policy-description-4","$v":{"$o":"Ipapadala sa KAI & HMD ang impormasyon sa pagsasaaktibo ng device na may isang beses na lokasyon ng device kasama ng iyong natatanging impormasyon ng device at network."}},{"$i":"qtn-privacy-policy-description-5","$v":"Ang impormasyon na ito ay nagbibigay-daan upang mas mahusay na makamit ang demand sa iyong bansa, magbigay ng SW update, sa customer support at isaaktibo ang mga serbisyo."},{"$i":"qtn-privacy-policy-description-6","$v":"Maaaring may nalalapat na mga singilin sa data."},{"$i":"qtn-privacy-policy-description-7","$v":"Maibibigay ang pagkapribado o iba pang abiso kapag gumamit ka ng iba ibang feature ng device mo."},{"$i":"data-connectivity","$v":"Babalang mensahe"},{"$i":"data-message","$v":"Posibleng gumamit ang setup wizard ng data sa mobile network sa unang pag-setup ng smart phone."}]