[{"$i":"wifi","$v":"Sélectionner un réseau"},{"$i":"ssid","$v":"SSID"},{"$i":"no-wifi-found","$v":"Aucun réseau disponible"},{"$i":"wifi-searching","$v":"Recherche des réseaux…"},{"$i":"security-open","$v":"Ouvert"},{"$i":"shortStatus-connecting","$v":"Connexion en cours…"},{"$i":"shortStatus-associated","$v":"Détermination d'une adresse IP…"},{"$i":"shortStatus-authenticating","$v":"Authentification en cours…"},{"$i":"shortStatus-connected","$v":"Connecté"},{"$i":"shortStatus-connectingfailed","$v":"Échec de connexion"},{"$i":"shortStatus-disconnected","$v":"Déconnecté"},{"$i":"shortStatus-connected-no-internet","$v":"Connecté mais sans Internet"},{"$i":"securityWEP","$v":"WEP"},{"$i":"securityWPA-PSK","$v":"WPA-PSK"},{"$i":"securityWPA-EAP","$v":"WPA-EAP"},{"$i":"securityWPA2-PSK","$v":"WPA2-PSK"},{"$i":"securityWPA/WPA2-PSK","$v":"WPA/WPA2-PSK"},{"$i":"securedBy","$v":[{"t":"idOrVar","v":"capabilities"}]},{"$i":"securedByWay","$v":["Sécurisé par ",{"t":"idOrVar","v":"capabilities"}]},{"$i":"security","$v":"Sécurité"},{"$i":"signalStrength","$v":"Niveau de signal"},{"$i":"signalLevel0","$v":"Très faible"},{"$i":"signalLevel1","$v":"Faible"},{"$i":"signalLevel2","$v":"Moyen"},{"$i":"signalLevel3","$v":"Bon"},{"$i":"signalLevel4","$v":"Très bon"},{"$i":"ipAddress","$v":"Adresse IP"},{"$i":"linkSpeed","$v":"Vitesse connexion"},{"$i":"linkSpeedMbs","$v":[{"t":"idOrVar","v":"linkSpeed"}," Mbit/s"]},{"$i":"wifi-rescan","$v":"Actualis."},{"$i":"wifi-join-fail","$v":["Impossible de rejoindre le réseau ",{"t":"idOrVar","v":"n"},"."]},{"$i":"wifi-connect-fail","$v":["Le mot de passe est incorrect pour ",{"t":"idOrVar","v":"n"},"."]},{"$i":"wifi-ip-set-fail","$v":"Les paramètres IP semblent incorrects."},{"$i":"wifi-pw-length-error","$v":"Le mot de passe doit comprendre plus de 8 caractères."},{"$i":"password","$v":"Mot de passe"},{"$i":"showPassword","$v":"Afficher le mot de passe"},{"$i":"connect","$v":"Se connec."},{"$i":"rescanCompleted","$v":"La nouvelle recherche est terminée."},{"$i":"failedToConnect","$v":"Échec de connexion"},{"$i":"select","$v":"Sélect."},{"$i":"skip","$v":"Ignorer"},{"$i":"next","$v":"Suivant"},{"$i":"accept","$v":"Accepter"},{"$i":"cancel","$v":"Annuler"},{"$i":"ok","$v":"OK"},{"$i":"notNow","$v":"Pas maintenant"},{"$i":"forget","$v":"Oublier"},{"$i":"confirmation","$v":"Confirmation"},{"$i":"forget-network","$v":"Oublier ce réseau ?"},{"$i":"network-forgotten","$v":"Le réseau est supprimé."},{"$i":"hfa","$v":"HFA"},{"$i":"setup-phone-verification","$v":"Vérification du téléphone"},{"$i":"phone-verification-entry-message","$v":"Configurez un compte en vérifiant votre numéro pour accéder au Store et aux services complémentaires."},{"$i":"phone-verification-skip-message","$v":"La vérification de votre téléphone est incomplète. Vous pouvez le vérifier ultérieurement dans Paramètres > Compte. La vérification est obligatoire pour pouvoir accéder au Store et aux services complémentaires."},{"$i":"setup-account","$v":"Configurer un compte KaiOS"},{"$i":"create-account-li","$v":"Créer un compte"},{"$i":"login-account-li","$v":"Se connecter"},{"$i":"account-setup-message","$v":"Gardez vos informations en sécurité grâce à un compte KaiOS. Si vous venez à perdre votre téléphone, votre compte KaiOS vous permet de verrouiller ou d’effacer à distance toutes les données sur votre téléphone. Vous avez la possibilité de configurer votre compte KaiOS ultérieurement dans les paramètres."},{"$i":"sign-in-success","$v":"Connexion établie"},{"$i":"account-welcome","$v":"Bienvenue"},{"$i":"logged-in-message","$v":[{"t":"idOrVar","v":"email"}]},{"$i":"anti-theft","$v":"Antivol"},{"$i":"anti-theft-info","$v":"Nous espérons vivement que le cas ne se présentera jamais, mais si vous venez à perdre votre téléphone, vous pouvez protéger vos données avec nos fonctionnalités à distance de verrouillage et d’effacement des données. Lorsque vous êtes prêt, accédez à Paramètres pour configurer votre compte KaiOS."},{"$i":"companion-phone","$v":"Téléphone compagnon"},{"$i":"companion-phone-info","$v":"Installez l’assistant virtuel KaiOS sur votre smartphone pour synchroniser vos contacts et transférer des fichiers entre votre appareil principal et votre téléphone KaiOS."},{"$i":"select-language","$v":"Sélectionner la langue"},{"$i":"language-current","$v":"Actuel"},{"$i":"language-readout-on","$v":"Annonces activées"},{"$i":"language-readout-off","$v":"Annonces désactivées"},{"$i":"decline-info","$v":"L’acceptation des Conditions de licence et de la politique de confidentialité de KaiOS est obligatoire pour pouvoir utiliser cet appareil."},{"$i":"kaios-license","$v":"Conditions de licence et politique de confidentialité de KaiOS"},{"$i":"decline","$v":"Refuser"},{"$i":"privacy-confirm","$v":"En appuyant sur Accepter, vous reconnaissez donner votre accord aux Conditions de licence et politique de confidentialité de KaiOS."},{"$i":"open-url","$v":"OUVRIR L'URL"},{"$i":"lyf-license","$v":"Modalités de licence LYF"},{"$i":"emergency","$v":"Urgence"},{"$i":"pin-incorrect","$v":"Code PIN incorrect"},{"$i":"puk-incorrect","$v":"Code PUK incorrect"},{"$i":"inputCodeRetriesLeft","$v":{"few":[{"t":"idOrVar","v":"n"}," essais restants."],"many":[{"t":"idOrVar","v":"n"}," essais restants."],"one":"1 dernière tentative.","other":[{"t":"idOrVar","v":"n"}," essais restants."],"two":[{"t":"idOrVar","v":"n"}," essais restants."]},"$x":[{"t":"idOrVar","v":"plural"},"n"]},{"$i":"inputCodePukRetriesLeft","$v":{"few":[{"t":"idOrVar","v":"n"}," essais restants."],"many":[{"t":"idOrVar","v":"n"}," essais restants."],"one":"1 dernière tentative.","other":[{"t":"idOrVar","v":"n"}," essais restants."],"two":[{"t":"idOrVar","v":"n"}," essais restants."]},"$x":[{"t":"idOrVar","v":"plural"},"n"]},{"$i":"pin-label","$v":"Code PIN de la carte SIM"},{"$i":"enter-pin","$v":"Saisir le code PIN de la carte SIM"},{"$i":"sim1-enter-pin","$v":"Code PIN de la carte SIM1"},{"$i":"sim2-enter-pin","$v":"Code PIN de la carte SIM2"},{"$i":"done","$v":"OK"},{"$i":"enter-puk","$v":"Saisir le code PUK"},{"$i":"sim1-enter-puk","$v":"Code PUK de la carte SIM1"},{"$i":"sim2-enter-puk","$v":"Code PUK de la carte SIM2"},{"$i":"puk-label","$v":"Code PUK"},{"$i":"new-pin-label","$v":"Nouveau code PIN de la carte SIM (4 à 8 chiffres)"},{"$i":"confirm-new-pin-label","$v":"Confirmer le nouveau code PIN de la carte SIM"},{"$i":"pincode-length-error","$v":"Le code PIN de la carte SIM comporte 4 à 8 chiffres."},{"$i":"pin-final-locked","$v":"La carte SIM est verrouillée."},{"$i":"pin-final-failed-text","$v":"Voulez-vous saisir le code PUK pour déverrouiller la carte SIM ?"},{"$i":"sim-locked","$v":"Carte SIM verrouillée"},{"$i":"sim1-locked","$v":"Carte SIM1 verrouillée"},{"$i":"sim2-locked","$v":"Carte SIM2 verrouillée"},{"$i":"new-pin-confirm-error","$v":"La confirmation du nouveau code PIN de carte SIM a échoué."},{"$i":"puk-final-locked","$v":"Code PUK incorrect"},{"$i":"puk-final-failed-text","$v":"La carte SIM est définitivement verrouillée. Contactez votre opérateur pour en savoir plus."},{"$i":"about-kaios","$v":"À propos de KaiOS"},{"$i":"about-kaios-p1","$v":"Bienvenue sur KaiOS."},{"$i":"about-kaios-p2","$v":"Notre mission consiste à contribuer à ce que les individus, leur famille et les communautés, en un mot tous les membres de la société, aient accès à d’excellents produits et services numériques."},{"$i":"about-kaios-p3","$v":"Vous pouvez nous aider à améliorer les produits et services en envoyant automatiquement des données d’analyse. Reportez-vous à nos modalités de confidentialité pour savoir comment nous gérons les données sur vos appareils."},{"$i":"about-kaios-p4","$v":"Vous pouvez modifier ces paramètres dans Paramètres > Confidentialité et sécurité > À propos de KaiOS."},{"$i":"about-kaios-agree","$v":"Je veux contribuer en envoyant des données d’analyse."},{"$i":"about-kaios-age","$v":"J’ai plus de 16 ans."},{"$i":"about-kaios-ad","$v":"Utilisez mes données pour améliorer les publicités que je vois."},{"$i":"deselect","$v":"DÉSÉLECT."},{"$i":"selectKeyboard","$v":"Choisir le clavier"},{"$i":"send-data-via","$v":"Envoyer données via"},{"$i":"wifi-and-carrier-data","$v":"Données Wi-Fi et opérateur"},{"$i":"wifi-only","$v":"Wi-Fi uniquement"},{"$i":"more","$v":"Plus >"},{"$i":"qtn_oobe_high_volume","$v":"Faites attention au volume élevé en mode Accessibilité."},{"$i":"qtn_oobe_enter","$v":"Voulez-vous toujours accéder au mode Accessibilité ?"},{"$i":"qtn_oobe_hdr_senior_mode","$v":"Mode Accessibilité"},{"$i":"qtn_oobe_hdr_ICE","$v":"Informations ICE"},{"$i":"qtn_oobe_rem_create_ICE","$v":"Veuillez créer vos informations ICE, qui vous seront utiles en cas d'urgence."},{"$i":"qtn_oobe_set_ICE_contact","$v":"Une fois le périphérique démarré,"},{"$i":"qtn_oobe_btn_ICE_info","$v":"Création des informations ICE"},{"$i":"qtn-privacy-terms-welcome","$v":"Bienvenue"},{"$i":"qtn-privacy-policy-description-1","$v":["Merci d'avoir choisi le ",{"t":"idOrVar","v":"WDM"},"."]},{"$i":"qtn-privacy-policy-description-2","$v":"Votre utilisation des services et applications HMD Global dans votre appareil est régie par la Politique de confidentialité de HMD Global, disponible sur le site www.nokia.com/mobile-privacy."},{"$i":"qtn-privacy-policy-description-3","$v":["L'utilisation du logiciel KaiOS, des services et des applications de votre appareil est soumise au CLUF et à la politique de confidentialité de KaiOS, disponibles à l'adresse ",{"t":"idOrVar","v":"WDM"},"."]},{"$i":"qtn-privacy-policy-description-4","$v":{"$o":"Les informations d'activation accompagnées de la position de votre appareil ainsi que des informations uniques relatives à votre appareil et au réseau seront envoyées à KAI & HMD."}},{"$i":"qtn-privacy-policy-description-5","$v":"Ces informations nous permettent de mieux répondre à la demande dans votre pays, de vous fournir des mises à jour logicielles, de faciliter les interventions du service clientèle et d'activer nos services."},{"$i":"qtn-privacy-policy-description-6","$v":"Des frais de données peuvent s'appliquer."},{"$i":"qtn-privacy-policy-description-7","$v":"D'autres avis relatifs à la confidentialité, notamment, peuvent s'afficher lorsque vous utilisez différentes fonctionnalités de votre appareil."},{"$i":"data-connectivity","$v":"Message d'avertissement"},{"$i":"data-message","$v":"L'assistant pourra utiliser des données sur le réseau mobile pendant la configuration initiale du smartphone."}]