[{"$i":"wifi","$v":"Odabir mreže"},{"$i":"ssid","$v":"SSID"},{"$i":"no-wifi-found","$v":"Nema nijedne dostupne mreže"},{"$i":"wifi-searching","$v":"Traženje mreža..."},{"$i":"security-open","$v":"Otvori"},{"$i":"shortStatus-connecting","$v":"Povezivanje…"},{"$i":"shortStatus-associated","$v":"Prib. IP adrese..."},{"$i":"shortStatus-authenticating","$v":"Autentifikacija…"},{"$i":"shortStatus-connected","$v":"Povezano"},{"$i":"shortStatus-connectingfailed","$v":"Veza je prekinuta"},{"$i":"shortStatus-disconnected","$v":"Izvan mreže"},{"$i":"shortStatus-connected-no-internet","$v":"Povezano, nema interneta"},{"$i":"securityWEP","$v":"WEP"},{"$i":"securityWPA-PSK","$v":"WPA-PSK"},{"$i":"securityWPA-EAP","$v":"WPA-EAP"},{"$i":"securityWPA2-PSK","$v":"WPA2-PSK"},{"$i":"securityWPA/WPA2-PSK","$v":"WPA/WPA2-PSK"},{"$i":"securedBy","$v":[{"t":"idOrVar","v":"capabilities"}]},{"$i":"securedByWay","$v":["Osigurava ",{"t":"idOrVar","v":"capabilities"}]},{"$i":"security","$v":"Sigurnost"},{"$i":"signalStrength","$v":"Jačina signala"},{"$i":"signalLevel0","$v":"Vrlo slabo"},{"$i":"signalLevel1","$v":"Slabo"},{"$i":"signalLevel2","$v":"Prosječno"},{"$i":"signalLevel3","$v":"Dobro"},{"$i":"signalLevel4","$v":"Vrlo dobro"},{"$i":"ipAddress","$v":"IP adresa"},{"$i":"linkSpeed","$v":"Brzina veze"},{"$i":"linkSpeedMbs","$v":[{"t":"idOrVar","v":"linkSpeed"}," Mbit/s"]},{"$i":"wifi-rescan","$v":"Pon. sken."},{"$i":"wifi-join-fail","$v":["Nije moguće pridruživanje mreži ",{"t":"idOrVar","v":"n"},"."]},{"$i":"wifi-connect-fail","$v":["Netočna lozinka za ",{"t":"idOrVar","v":"n"},"."]},{"$i":"wifi-ip-set-fail","$v":"Postavke IP-a nisu uspjele."},{"$i":"wifi-pw-length-error","$v":"Loz. mora biti dulja od 8 zn."},{"$i":"password","$v":"Lozinka"},{"$i":"showPassword","$v":"Prikaži lozinku"},{"$i":"connect","$v":"Spoji"},{"$i":"rescanCompleted","$v":"Ponovno skeniranje dovršeno."},{"$i":"failedToConnect","$v":"Nije uspjelo povezivanje"},{"$i":"select","$v":"Odaberi"},{"$i":"skip","$v":"Preskoči"},{"$i":"next","$v":"Dalje"},{"$i":"accept","$v":"Prihvati"},{"$i":"cancel","$v":"Poništi"},{"$i":"ok","$v":"U redu"},{"$i":"notNow","$v":"Ne sada"},{"$i":"forget","$v":"Zaboravi"},{"$i":"confirmation","$v":"Potvrda"},{"$i":"forget-network","$v":"Želite li zaboraviti mrežu?"},{"$i":"network-forgotten","$v":"Mreža zabor."},{"$i":"hfa","$v":"HFA"},{"$i":"setup-phone-verification","$v":"Potvrđivanje telefona"},{"$i":"phone-verification-entry-message","$v":"Postavljanje računa potvrđivanjem vašeg broja za pristup pohrani i dodatnim uslugama."},{"$i":"phone-verification-skip-message","$v":"Potvrđivanje vašeg telefona je nepotpuno. Možete potvrditi kasnije u opcijama Postavke > Račun. Potvrđivanje je potrebno za pristup pohrani i dodatnim uslugama."},{"$i":"setup-account","$v":"Post. rač. za KaiOS"},{"$i":"create-account-li","$v":"Izradite račun"},{"$i":"login-account-li","$v":"Prijava"},{"$i":"account-setup-message","$v":"Zaštitite informacije pomoću računa za KaiOS. Ako ikad izgubite telefon, račun za KaiOS omogućit će vam daljinsko zaključavanje telefona ili brisanje svih podataka s njega. Račun za KaiOS možete postavite i poslije u postavkama."},{"$i":"sign-in-success","$v":"Uspješna prijava"},{"$i":"account-welcome","$v":"Dobro došli"},{"$i":"logged-in-message","$v":[{"t":"idOrVar","v":"email"}]},{"$i":"anti-theft","$v":"Sprječavanje krađe"},{"$i":"anti-theft-info","$v":"Nadajmo se da nikada nećete izgubiti telefon, ali ako se to dogodi, možete zaštititi podatke uz naše značajke daljinskog zaključavanja i brisanja. Kada budete spremni, otvorite Postavke i postavite račun za KaiOS."},{"$i":"companion-phone","$v":"Pomoćni telefon"},{"$i":"companion-phone-info","$v":"Za sinkronizaciju kontakata i prijenos datoteka s primarnog uređaja na telefon s podrškom za KaiOS i obratno, na pametni telefon instalirajte pomoćnu aplikaciju za KaiOS."},{"$i":"select-language","$v":"Odabir jezika"},{"$i":"language-current","$v":"Trenutno"},{"$i":"language-readout-on","$v":"Čitanje uključeno"},{"$i":"language-readout-off","$v":"Čitanje isključeno"},{"$i":"decline-info","$v":"Da bi se koristio ovaj uređaj, potrebno je prihvatiti Odredbe i uvjete."},{"$i":"kaios-license","$v":"Odredbe licence za KaiOS"},{"$i":"decline","$v":"Odbij"},{"$i":"privacy-confirm","$v":"Pritiskom na Prihvati pristajete na Licencne uvjete i pravila privatnosti sustava KaiOS."},{"$i":"open-url","$v":"OTVORI URL"},{"$i":"lyf-license","$v":"Odredbe licence za LYF"},{"$i":"emergency","$v":"Hitni slučaj"},{"$i":"pin-incorrect","$v":"Netočan PIN."},{"$i":"puk-incorrect","$v":"Netočan PUK."},{"$i":"inputCodeRetriesLeft","$v":{"few":["Preostalo pokušaja: ",{"t":"idOrVar","v":"n"},"."],"many":["Preostalo pokušaja: ",{"t":"idOrVar","v":"n"},"."],"one":"(Neispravan PIN. Preostao 1 pokušaj).","other":["Preostalo pokušaja: ",{"t":"idOrVar","v":"n"},"."],"two":["(Neispravan PIN. Preostali pokušaji: ",{"t":"idOrVar","v":"n"},")."]},"$x":[{"t":"idOrVar","v":"plural"},"n"]},{"$i":"inputCodePukRetriesLeft","$v":{"few":["Preostalo pokušaja: ",{"t":"idOrVar","v":"n"},"."],"many":["Preostalo pokušaja: ",{"t":"idOrVar","v":"n"},"."],"one":"Preostao je 1 pokušaj.","other":["Preostalo pokušaja: ",{"t":"idOrVar","v":"n"},"."],"two":["Preostalo pokušaja: ",{"t":"idOrVar","v":"n"},"."]},"$x":[{"t":"idOrVar","v":"plural"},"n"]},{"$i":"pin-label","$v":"PIN za SIM"},{"$i":"enter-pin","$v":"Unesite PIN za SIM"},{"$i":"sim1-enter-pin","$v":"Unesite PIN za SIM1"},{"$i":"sim2-enter-pin","$v":"Unesite PIN za SIM2"},{"$i":"done","$v":"Dovršeno"},{"$i":"enter-puk","$v":"Unesite PUK"},{"$i":"sim1-enter-puk","$v":"Unesite PUK za SIM1"},{"$i":"sim2-enter-puk","$v":"Unesite PUK za SIM2"},{"$i":"puk-label","$v":"PUK"},{"$i":"new-pin-label","$v":"Novi PIN za SIM(4 do 8 brojki)"},{"$i":"confirm-new-pin-label","$v":"Pot. novi PIN za SIM"},{"$i":"pincode-length-error","$v":"PIN za SIM mora im. 4-8 zn."},{"$i":"pin-final-locked","$v":"SIM kartica je zaključana."},{"$i":"pin-final-failed-text","$v":"Želite li upisati PUK kod da biste otključali SIM karticu?"},{"$i":"sim-locked","$v":"SIM zaključan"},{"$i":"sim1-locked","$v":"SIM 1 zaključan"},{"$i":"sim2-locked","$v":"SIM 2 zaključan"},{"$i":"new-pin-confirm-error","$v":"Pot. novog PIN-a za SIM nije usp."},{"$i":"puk-final-locked","$v":"Netočan PUK."},{"$i":"puk-final-failed-text","$v":"Vaša je SIM kartica trajno zaključana. Obratite se operateru za dodatne informacije."},{"$i":"about-kaios","$v":"O KaiOS-u"},{"$i":"about-kaios-p1","$v":"Dobro došli u KaiOS."},{"$i":"about-kaios-p2","$v":"Naša je misija otvoriti prilike za pojedince, njihove obitelji i zajednice tako što omogućavamo pristup velikim digitalnim proizvodima i uslugama stvarnost za sve članove društva."},{"$i":"about-kaios-p3","$v":"Možete nam pomoći da poboljšamo proizvode i usluge automatskim sljanjem podataka analize. Pogledajte naše uvjete privatnosti kako biste saznali kako postupamo s podacima na vašim uređajima."},{"$i":"about-kaios-p4","$v":"Te postavke možete promijeniti u Postavke> Privatnost i sigurnost> O KaiOS-u."},{"$i":"about-kaios-agree","$v":"Želim pomoći slanjem analitičkih podataka."},{"$i":"about-kaios-age","$v":"Imam više od 16 godina."},{"$i":"about-kaios-ad","$v":"Koristite moje podatke za poboljšanje iskustva oglašavanja."},{"$i":"deselect","$v":"Poništi odabir"},{"$i":"selectKeyboard","$v":"Odabir tipkovnice"},{"$i":"send-data-via","$v":"Pošaljite podatke putem"},{"$i":"wifi-and-carrier-data","$v":"Wifi a mobilni podaci"},{"$i":"wifi-only","$v":"Samo Wi-Fi"},{"$i":"more","$v":"Više >"},{"$i":"qtn_oobe_high_volume","$v":"Obratite pažnju na veliku količinu podataka u načinu Pristupačnost."},{"$i":"qtn_oobe_enter","$v":"Želite li i dalje ući u način Pristupačnost?"},{"$i":"qtn_oobe_hdr_senior_mode","$v":"Način Pristupačnost"},{"$i":"qtn_oobe_hdr_ICE","$v":"ICE informacije"},{"$i":"qtn_oobe_rem_create_ICE","$v":"Izradite detalje za ICE informacije koje će vam pomoći u slučaju nužde."},{"$i":"qtn_oobe_set_ICE_contact","$v":"Nakon pokretanja uređaja"},{"$i":"qtn_oobe_btn_ICE_info","$v":"Stvorite ICE informacije"},{"$i":"qtn-privacy-terms-welcome","$v":"Dobro došli"},{"$i":"qtn-privacy-policy-description-1","$v":["Hvala što ste odabrali ",{"t":"idOrVar","v":"WDM"},"."]},{"$i":"qtn-privacy-policy-description-2","$v":"Na upotrebu servisa i aplikacija tvrtke HMD Global na vašem uređaju primjenjuje se pravila privatnosti te tvrtke dostupna na adresi www.nokia.com/mobile-privacy."},{"$i":"qtn-privacy-policy-description-3","$v":["Na upotrebu softvera, servisa i aplikacija KaiOS na vašem uređaju primjenjuju se licencni ugovor za krajnjeg korisnika i pravila privatnosti dostupna na adresi ",{"t":"idOrVar","v":"WDM"},"."]},{"$i":"qtn-privacy-policy-description-4","$v":{"$o":"Tvrtki KAI & HMD poslat će se informacije o aktivaciji uređaja s jednokratnom lokacijom uređaja zajedno s jedinstvenim informacijama o uređaju i mreži."}},{"$i":"qtn-privacy-policy-description-5","$v":"Te informacije omogućuju nam bolje zadovoljavanje potražnje u vašoj državi, davanje softverskih ažuriranja, korisničku podršku i aktiviranje usluga."},{"$i":"qtn-privacy-policy-description-6","$v":"Moguća je naplata naknade za podatkovni promet."},{"$i":"qtn-privacy-policy-description-7","$v":"Kada koristite razne značajke uređaja, mogli biste dobivati obavijesti o privatnosti i drugome."},{"$i":"data-connectivity","$v":"Poruka upozorenja"},{"$i":"data-message","$v":"Čarobnjak za postavljanje možda će tijekom početnog postavljanja pametnog telefona koristiti podatke putem mobilne mreže."}]