[{"$i":"wifi","$v":"Hálózat kiválasztása"},{"$i":"ssid","$v":"SSID"},{"$i":"no-wifi-found","$v":"Nincsenek elérhető hálózatok"},{"$i":"wifi-searching","$v":"Hálózatok keresése…"},{"$i":"security-open","$v":"Megnyitás"},{"$i":"shortStatus-connecting","$v":"Csatlakozás..."},{"$i":"shortStatus-associated","$v":"IP-cím lekérése…"},{"$i":"shortStatus-authenticating","$v":"Hitelesítés..."},{"$i":"shortStatus-connected","$v":"Csatlakoztatva"},{"$i":"shortStatus-connectingfailed","$v":"Sikertelen csatlakozás"},{"$i":"shortStatus-disconnected","$v":"Nincs kapcsolat"},{"$i":"shortStatus-connected-no-internet","$v":"Csatlakoztatva, de nincs internetkapcsolat"},{"$i":"securityWEP","$v":"WEP"},{"$i":"securityWPA-PSK","$v":"WPA-PSK"},{"$i":"securityWPA-EAP","$v":"WPA-EAP"},{"$i":"securityWPA2-PSK","$v":"WPA2-PSK"},{"$i":"securityWPA/WPA2-PSK","$v":"WPA/WPA2-PSK"},{"$i":"securedBy","$v":[{"t":"idOrVar","v":"capabilities"}]},{"$i":"securedByWay","$v":["Védi: ",{"t":"idOrVar","v":"capabilities"}]},{"$i":"security","$v":"Biztonság"},{"$i":"signalStrength","$v":"Térerő"},{"$i":"signalLevel0","$v":"Nagyon gyenge"},{"$i":"signalLevel1","$v":"Gyenge"},{"$i":"signalLevel2","$v":"Átlagos"},{"$i":"signalLevel3","$v":"Jó"},{"$i":"signalLevel4","$v":"Nagyon jó"},{"$i":"ipAddress","$v":"IP-cím"},{"$i":"linkSpeed","$v":"Kapcsolat sebessége"},{"$i":"linkSpeedMbs","$v":[{"t":"idOrVar","v":"linkSpeed"}," Mbit/s"]},{"$i":"wifi-rescan","$v":"Ismételt beolvasás"},{"$i":"wifi-join-fail","$v":["Nem lehet csatlakozni a ",{"t":"idOrVar","v":"n"}," hálózathoz."]},{"$i":"wifi-connect-fail","$v":["Helytelen jelszó a következőhöz: ",{"t":"idOrVar","v":"n"},"."]},{"$i":"wifi-ip-set-fail","$v":"IP beállítások sikertelenek."},{"$i":"wifi-pw-length-error","$v":"A jelszónak több mint 8 karakterből kell állnia."},{"$i":"password","$v":"Jelszó"},{"$i":"showPassword","$v":"Jelszó megjelenítése"},{"$i":"connect","$v":"Csatlakoztatás"},{"$i":"rescanCompleted","$v":"Újrakeresés befejezve."},{"$i":"failedToConnect","$v":"Sikertelen csatlakozás"},{"$i":"select","$v":"Kiválasztás"},{"$i":"skip","$v":"Átugrás"},{"$i":"next","$v":"Következő"},{"$i":"accept","$v":"Elfogadás"},{"$i":"cancel","$v":"Mégse"},{"$i":"ok","$v":"OK"},{"$i":"notNow","$v":"Most nem"},{"$i":"forget","$v":"Elfelejtés"},{"$i":"confirmation","$v":"Megerősítés"},{"$i":"forget-network","$v":"Hálózat elfelejtése?"},{"$i":"network-forgotten","$v":"Hálózat elfelejtve."},{"$i":"hfa","$v":"HFA"},{"$i":"setup-phone-verification","$v":"Telefon megerősítése"},{"$i":"phone-verification-entry-message","$v":"Az áruház és további szolgáltatások eléréséhez állítson be egy fiókot a telefonszám megerősítésével."},{"$i":"phone-verification-skip-message","$v":"A telefon megerősítése nem fejeződött be. A megerősítést később is elvégezheti a Beállítások>Fiók menüpontban. A megerősítés az Áruház és további szolgáltatások eléréséhez szükséges."},{"$i":"setup-account","$v":"KaiOS fiók beállítása"},{"$i":"create-account-li","$v":"Fiók létrehozása"},{"$i":"login-account-li","$v":"Bejelentkezés"},{"$i":"account-setup-message","$v":"Gondoskodjon adatai védelméről és biztonságáról a KaiOS fiókkal. Telefonja esetleges elvesztése esetén a KaiOS fiók segítségével távolról zárolhatja a telefont, illetve törölheti a telefonon található összes adatot. A KaiOS fiókot később is beállíthatja a Beállításokban."},{"$i":"sign-in-success","$v":"A bejelentkezés sikerült"},{"$i":"account-welcome","$v":"Üdvözöljük!"},{"$i":"logged-in-message","$v":[{"t":"idOrVar","v":"email"}]},{"$i":"anti-theft","$v":"Lopás elleni védelem"},{"$i":"anti-theft-info","$v":"Reméljük, hogy soha nem veszíti el a telefonját, de ha ez esetleg mégis előfordulna, a távoli zárolás és adattörlés funkciók segítségével gondoskodhat adatai védelméről. Ha kész, a KaiOS fiók beállítása érdekében lépjen a Beállításokhoz."},{"$i":"companion-phone","$v":"Társ telefon"},{"$i":"companion-phone-info","$v":"Telepítse a KaiOS társalkalmazást az okostelefonjára a névjegyek szinkronizálása és az elsődleges és a KaiOS telefonja között való adatátvitel érdekében "},{"$i":"select-language","$v":"Nyelvválasztás"},{"$i":"language-current","$v":"Jelenlegi állapot"},{"$i":"language-readout-on","$v":"Felolvasás bekapcsolva"},{"$i":"language-readout-off","$v":"Felolvasás kikapcsolva"},{"$i":"decline-info","$v":"A készülék használatához el kell fogadnia a KaiOS licencfeltételeit és adatvédelmi nyilatkozatát."},{"$i":"kaios-license","$v":"KaiOS licencfeltételek és adatvédelmi nyilatkozat"},{"$i":"decline","$v":"Elutasítás"},{"$i":"privacy-confirm","$v":"Az Elfogadás gomb megnyomásával Ön elfogadja a KaiOS licencfeltételeit és adatvédelmi nyilatkozatát."},{"$i":"open-url","$v":"URL MEGNYITÁSA"},{"$i":"lyf-license","$v":"LYF licencfeltételek"},{"$i":"emergency","$v":"Vészhelyzet"},{"$i":"pin-incorrect","$v":"Helytelen PIN-kód."},{"$i":"puk-incorrect","$v":"Helytelen PUK-kód."},{"$i":"inputCodeRetriesLeft","$v":{"few":["Még ",{"t":"idOrVar","v":"n"}," próbálkozási lehetősége maradt."],"many":["Még ",{"t":"idOrVar","v":"n"}," próbálkozási lehetősége maradt."],"one":"Még 1 próbálkozási lehetősége maradt.","other":["Még ",{"t":"idOrVar","v":"n"}," próbálkozási lehetősége maradt."],"two":["Még ",{"t":"idOrVar","v":"n"}," próbálkozási lehetősége maradt."]},"$x":[{"t":"idOrVar","v":"plural"},"n"]},{"$i":"inputCodePukRetriesLeft","$v":{"few":["Még ",{"t":"idOrVar","v":"n"}," próbálkozási lehetősége maradt."],"many":["Még ",{"t":"idOrVar","v":"n"}," próbálkozási lehetősége maradt."],"one":"Még 1 próbálkozási lehetősége maradt.","other":["Még ",{"t":"idOrVar","v":"n"}," próbálkozási lehetősége maradt."],"two":["Még ",{"t":"idOrVar","v":"n"}," próbálkozási lehetősége maradt."]},"$x":[{"t":"idOrVar","v":"plural"},"n"]},{"$i":"pin-label","$v":"SIM-kártya PIN kódja"},{"$i":"enter-pin","$v":"Adja meg a SIM-kártya PIN-kódját"},{"$i":"sim1-enter-pin","$v":"Adja meg a SIM1-kártya PIN-kódját"},{"$i":"sim2-enter-pin","$v":"Adja meg a SIM2-kártya PIN-kódját"},{"$i":"done","$v":"Kész"},{"$i":"enter-puk","$v":"Adja meg a PUK-kódot."},{"$i":"sim1-enter-puk","$v":"Adja meg a SIM1-kártya PUK-kódját"},{"$i":"sim2-enter-puk","$v":"Adja meg a SIM2-kártya PUK-kódját"},{"$i":"puk-label","$v":"PUK-kód"},{"$i":"new-pin-label","$v":"Új SIM-kártya PIN-kód (4-8 számjegyből kell állnia)"},{"$i":"confirm-new-pin-label","$v":"Erősítse meg az új SIM-kártya PIN-kódot"},{"$i":"pincode-length-error","$v":"A SIM-kártya PIN-kódjának 4-8 számjegyből kell állnia."},{"$i":"pin-final-locked","$v":"SIM kártya zárolva."},{"$i":"pin-final-failed-text","$v":"Meg kívánja adni a PUK-kódot a SIM-kártya feloldásához?"},{"$i":"sim-locked","$v":"SIM-kártya zárolva"},{"$i":"sim1-locked","$v":"SIM1 zárolva"},{"$i":"sim2-locked","$v":"SIM2 zárolva"},{"$i":"new-pin-confirm-error","$v":"A SIM-kártya új PIN-kódjának megerősítése sikertelen."},{"$i":"puk-final-locked","$v":"Helytelen PUK-kód."},{"$i":"puk-final-failed-text","$v":"A SIM-kártya véglegesen zárolásra került. További információkért vegye fel a kapcsolatot a szolgáltatójával."},{"$i":"about-kaios","$v":"A KaiOS-ról"},{"$i":"about-kaios-p1","$v":"Üdvözli a KaiOS."},{"$i":"about-kaios-p2","$v":"Küldetésünk az emberek, családjaik és közösségeik számára történő lehetőségek biztosítása, valamint nagyszerű digitális termékek és szolgáltatásokat elérhetővé tétele a társadalom minden tagja számára."},{"$i":"about-kaios-p3","$v":"Analitikai adatok automatikus küldésével segítséget nyújthat számunkra a termékeink és szolgáltatásaink fejlesztésében. A készülékein lévő adatok kezeléséről tájékozódjon az adatvédelmi nyilatkozatunkból."},{"$i":"about-kaios-p4","$v":"Ezeket a beállításokat a Beállítások > Adatvédelem és biztonság > A KaiOS-ról menüpontban módosíthatja."},{"$i":"about-kaios-agree","$v":"Szeretnék segíteni az analitikai adatok elküldésével."},{"$i":"about-kaios-age","$v":"Elmúltam 16 éves."},{"$i":"about-kaios-ad","$v":"Használja fel az adataimat a hirdetési élményem javításához."},{"$i":"deselect","$v":"Kijelölés törlése"},{"$i":"selectKeyboard","$v":"Billentyűzet kiválasztása"},{"$i":"send-data-via","$v":"Adatok küldése a következőn keresztül:"},{"$i":"wifi-and-carrier-data","$v":"Wi-Fi és adatkapcsolat"},{"$i":"wifi-only","$v":"Csak Wi-Fi"},{"$i":"more","$v":"Továbbiak >"},{"$i":"qtn_oobe_high_volume","$v":"Az akadálymentes üzemmódban figyeljen a magas hangerőre."},{"$i":"qtn_oobe_enter","$v":"Továbbra is be kívánja kapcsolni az akadálymentes üzemmódot?"},{"$i":"qtn_oobe_hdr_senior_mode","$v":"Akadálymentes mód"},{"$i":"qtn_oobe_hdr_ICE","$v":"Vészhelyzeti információ"},{"$i":"qtn_oobe_rem_create_ICE","$v":"Adja meg a vészhelyzeti információkat, amelyek vészhelyzet esetén a segítségére lesznek."},{"$i":"qtn_oobe_set_ICE_contact","$v":"A készülék indítása után"},{"$i":"qtn_oobe_btn_ICE_info","$v":"Vészhelyzeti információ létrehozása"},{"$i":"qtn-privacy-terms-welcome","$v":"Üdvözöljük"},{"$i":"qtn-privacy-policy-description-1","$v":["Köszönjük, hogy a(z) ",{"t":"idOrVar","v":"WDM"}," terméket választotta."]},{"$i":"qtn-privacy-policy-description-2","$v":"A HMD Global szolgáltatásainak és alkalmazásainak az Ön eszközén való használatára a HMD Global adatvédelmi irányelve érvényes, amely a www.nokia.com/mobile-privacy címen tekinthető meg."},{"$i":"qtn-privacy-policy-description-3","$v":["A KaiOS-szoftverek, -szolgáltatások és -alkalmazások saját készülékén való használatát a KaiOS Végfelhasználói licencszerződése és az Adatvédelmi irányelvek szabályozzák, amelyek a következő helyen érhetők el: ",{"t":"idOrVar","v":"WDM"},"."]},{"$i":"qtn-privacy-policy-description-4","$v":{"$o":"Az eszköz aktiválásakor egyedi eszköz- és hálózati adatokat és egy helyadatokat tartalmazó egyszeri üzenetet küld a rendszer a KAI & HMD-nek."}},{"$i":"qtn-privacy-policy-description-5","$v":"Az információ alapján jobban ki tudjuk szolgálni az igényeket az országában, szoftverfrissítéseket és ügyfélszolgálatot tudunk biztosítani, valamint aktiválni tudjuk a szolgáltatásokat."},{"$i":"qtn-privacy-policy-description-6","$v":"Adatforgalmi díjra lehet számítani."},{"$i":"qtn-privacy-policy-description-7","$v":"Az eszköz különböző szolgáltatásainak használatakor adatvédelmi vagy egyéb értesítések jelenhetnek meg."},{"$i":"data-connectivity","$v":"Figyelmeztető üzenet"},{"$i":"data-message","$v":"Lehetséges, hogy a beállítási varázsló mobilhálózati adatforgalmat használ az okostelefon első beállításakor."}]