[{"$i":"wifi","$v":"Ընտրեք ցանց"},{"$i":"ssid","$v":"SSID"},{"$i":"no-wifi-found","$v":"Հասանելի ցանցեր չկան"},{"$i":"wifi-searching","$v":"Որոնել ցանցեր..."},{"$i":"security-open","$v":"Բացել"},{"$i":"shortStatus-connecting","$v":"Միանում է..."},{"$i":"shortStatus-associated","$v":"IP հսցի ձռք բրմ…"},{"$i":"shortStatus-authenticating","$v":"Ճանաչվում է…"},{"$i":"shortStatus-connected","$v":"Միացված է"},{"$i":"shortStatus-connectingfailed","$v":"Միացումը ձախողվեց"},{"$i":"shortStatus-disconnected","$v":"Ցանցից դուրս"},{"$i":"shortStatus-connected-no-internet","$v":"Կապակցված է, ինտերնետ չկա"},{"$i":"securityWEP","$v":"WEP"},{"$i":"securityWPA-PSK","$v":"WPA-PSK"},{"$i":"securityWPA-EAP","$v":"WPA-EAP"},{"$i":"securityWPA2-PSK","$v":"WPA2-PSK"},{"$i":"securityWPA/WPA2-PSK","$v":"WPA/WPA2-PSK"},{"$i":"securedBy","$v":[{"t":"idOrVar","v":"capabilities"}]},{"$i":"securedByWay","$v":["Պշտպնվծ է ",{"t":"idOrVar","v":"capabilities"},"-ի կղմց"]},{"$i":"security","$v":"Անվտնգթյն"},{"$i":"signalStrength","$v":"Ազդանշանի ուժգնություն"},{"$i":"signalLevel0","$v":"Շատ թույլ"},{"$i":"signalLevel1","$v":"Թույլ"},{"$i":"signalLevel2","$v":"Միջին"},{"$i":"signalLevel3","$v":"Լավ"},{"$i":"signalLevel4","$v":"Շատ լավ"},{"$i":"ipAddress","$v":"IP հասցե"},{"$i":"linkSpeed","$v":"Կցման արագություն"},{"$i":"linkSpeedMbs","$v":[{"t":"idOrVar","v":"linkSpeed"}," Mbit/s"]},{"$i":"wifi-rescan","$v":"Վերասկանավորել"},{"$i":"wifi-join-fail","$v":["Հնարավոր չէ միանալ ",{"t":"idOrVar","v":"n"}," ցանցին:"]},{"$i":"wifi-connect-fail","$v":["Սխալ գաղտնաբառ ",{"t":"idOrVar","v":"n"},"-ի համար:"]},{"$i":"wifi-ip-set-fail","$v":"IP պարամետրերը ձախողվեցին:"},{"$i":"wifi-pw-length-error","$v":"Գղտնբռը պետք է լինի 8 նշց ավելի:"},{"$i":"password","$v":"Գաղտնաբառ"},{"$i":"showPassword","$v":"Ցուցադրել գաղտնաբառը"},{"$i":"connect","$v":"Միանալ"},{"$i":"rescanCompleted","$v":"Վերասկանավորումն ավարտվեց։"},{"$i":"failedToConnect","$v":"Չհաջողվեց միացնել"},{"$i":"select","$v":"Ընտրել"},{"$i":"skip","$v":"Բաց թողնել"},{"$i":"next","$v":"Հաջորդ"},{"$i":"accept","$v":"Ընդնել"},{"$i":"cancel","$v":"Չեղարկել"},{"$i":"ok","$v":"Լավ"},{"$i":"notNow","$v":"Հիմա չէ"},{"$i":"forget","$v":"Մոռանալ"},{"$i":"confirmation","$v":"Հաստատում"},{"$i":"forget-network","$v":"Մոռանա՞լ ցանցը:"},{"$i":"network-forgotten","$v":"Ցանցը մոռացվեց։"},{"$i":"hfa","$v":"HFA"},{"$i":"setup-phone-verification","$v":"Հեռախոսի հաստատում"},{"$i":"phone-verification-entry-message","$v":"Տեղակայեք ձեր հաշիվը՝ հաստատելով ձեր հեռախոսահամարը, որպեսզի մատչեք Խանութը և այլ ծառայություններ։"},{"$i":"phone-verification-skip-message","$v":"Ձեր հեռախոսի հաստատումը կիսատ է։ Կարող եք հաստատել ավելի ուշ, անցնելով՝ Պարամետրեր > Հաշիվ։ Հաստատումն անհրաժեշտ է Խանութը և այլ ծառայություններ մատչելու համար։"},{"$i":"setup-account","$v":"Կրգվրլ KaiOS հաշիվը"},{"$i":"create-account-li","$v":"Ստեղծել հաշիվ"},{"$i":"login-account-li","$v":"Մտնել"},{"$i":"account-setup-message","$v":"Պահեք ձեր տվյալներն անվտանգ KaiOS հաշվով: Եթե երբևէ կորցնեք ձեր հեռախոսը, ձեր KaiOS հաշիվը կթույլատրի ձեզ հեռահար կերպով կողպել կամ ջնջել ձեր հեռախոսի ողջ տվյալները: Դուք նաև կարող եք տեղակայել ձեր KaiOS հաշիվն ավելի ուշ Պարամետրերում:"},{"$i":"sign-in-success","$v":"Մուտքը հաջողվեց"},{"$i":"account-welcome","$v":"Բարի գալուստ"},{"$i":"logged-in-message","$v":[{"t":"idOrVar","v":"email"}]},{"$i":"anti-theft","$v":"Գողության կանխում"},{"$i":"anti-theft-info","$v":"Հուսանք՝ դուք երբևէ չեք կորցնի ձեր հեռախոսը, սակայն եթե կորցնեք, կարող եք պաշտպանել ձեր տվյալները հեռահար կողպման և մաքրման գործառույթներով: Երբ պատրաստ լինեք, անցեք Պարամետրեր՝ ձեր KaiOS հաշիվը տեղակայելու համար:"},{"$i":"companion-phone","$v":"Ուղեկցող հեռախոս"},{"$i":"companion-phone-info","$v":"Տեղադրեք KaiOS-ի ուղեկցող ծրագիրը սմարթֆոնի վրա՝ կոնտակտները համաժամացնելու համար և փոխանցեք ֆայլեր ձեր հիմանական սարքի և KaiOS հեռախոսի միջև:"},{"$i":"select-language","$v":"Ընտրել լեզու"},{"$i":"language-current","$v":"Ընթացիկ"},{"$i":"language-readout-on","$v":"Բրձրձյն ընթերցմը մցվծ է"},{"$i":"language-readout-off","$v":"Բրձրձյն ընթրց անջտվծ է"},{"$i":"decline-info","$v":"Սրքն օգտգրծլ հմր Պյմննրի և դրյթնրի ընդնմ պրտդիր է:"},{"$i":"kaios-license","$v":"KaiOS արտոնագրերի պայմաններ"},{"$i":"decline","$v":"Մերժել"},{"$i":"privacy-confirm","$v":"Սեղմելով Ընդունել՝ դուք համաձայնվում եք KaiOS Լիցենզիայի Պյմննրի և Գղտն դրույթներին:"},{"$i":"open-url","$v":"ԲԱՑԵԼ URL-Ը"},{"$i":"lyf-license","$v":"LYF արտոնագրերի պայմաններ"},{"$i":"emergency","$v":"Արտ իրավճ"},{"$i":"pin-incorrect","$v":"Սխալ PIN:"},{"$i":"puk-incorrect","$v":"Սխալ PUK:"},{"$i":"inputCodeRetriesLeft","$v":{"few":["Մնց ",{"t":"idOrVar","v":"n"}," փրձ:"],"many":["Մնց ",{"t":"idOrVar","v":"n"}," փրձ:"],"one":"(Սխալ PIN: Մնաց 1 փորձ:)","other":["Մնց ",{"t":"idOrVar","v":"n"}," փրձ:"],"two":["(Սխալ PIN։ Մնաց ",{"t":"idOrVar","v":"n"}," փորձ։)"]},"$x":[{"t":"idOrVar","v":"plural"},"n"]},{"$i":"inputCodePukRetriesLeft","$v":{"few":["Մնաց ",{"t":"idOrVar","v":"n"}," փորձ:"],"many":["Մնաց ",{"t":"idOrVar","v":"n"}," փորձ:"],"one":"Մնաց 1 փորձ:","other":["Մնաց ",{"t":"idOrVar","v":"n"}," փորձ:"],"two":["Մնաց ",{"t":"idOrVar","v":"n"}," փորձ:"]},"$x":[{"t":"idOrVar","v":"plural"},"n"]},{"$i":"pin-label","$v":"SIM PIN"},{"$i":"enter-pin","$v":"Մտքագրեք SIM PIN-ը"},{"$i":"sim1-enter-pin","$v":"Մտքգրեք SIM1 PIN-ը"},{"$i":"sim2-enter-pin","$v":"Մտքգրեք SIM2 PIN-ը"},{"$i":"done","$v":"Արված է"},{"$i":"enter-puk","$v":"Մտքագրեք PUK-ը"},{"$i":"sim1-enter-puk","$v":"Մտքգրեք SIM1 PUK-ը"},{"$i":"sim2-enter-puk","$v":"Մտքգրեք SIM2 PUK-ը"},{"$i":"puk-label","$v":"PUK"},{"$i":"new-pin-label","$v":"Նոր SIM PIN(4–8 թիվ)"},{"$i":"confirm-new-pin-label","$v":"Հստատլ նոր SIM PIN"},{"$i":"pincode-length-error","$v":"SIM PIN պտք է լնի 4-8 թվ:"},{"$i":"pin-final-locked","$v":"SIM քարտը կողպված է:"},{"$i":"pin-final-failed-text","$v":"Մուտքագրե՞լ PUK կոդը SIM քարտն արգելաբացելու համար:"},{"$i":"sim-locked","$v":"SIM-ը կողպված է"},{"$i":"sim1-locked","$v":"SIM 1-ը կողպված է"},{"$i":"sim2-locked","$v":"SIM 2-ը կողպված է"},{"$i":"new-pin-confirm-error","$v":"Նոր SIM PIN հստ ձխղվց:"},{"$i":"puk-final-locked","$v":"Սխալ PUK:"},{"$i":"puk-final-failed-text","$v":"Ձեր SIM քարտը մշտապես կողպված է: Մանրամասների համար կապ հաստատեք ձեր օպերատորի հետ:"},{"$i":"about-kaios","$v":"KaiOS- ի մասին"},{"$i":"about-kaios-p1","$v":"Բարի գալուստ KaiOS:"},{"$i":"about-kaios-p2","$v":"Մեր առաքելությունն է ստեղծել հնարավորություններ անհատների, նրանց ընտանիքների եւ համայնքների համար `մեծ թվային արտադրանքն ու ծառայությունները մատչելի դարձնելու իրականություն բոլորի համար:"},{"$i":"about-kaios-p3","$v":"Դուք կարող եք օգնել մեզ բարելավել արտադրանքն ու ծառայությունները, ավտոմատ կերպով ուղարկելով վերլուծական տվյալներ: Տեսեք մեր գաղտնիության պայմանները, իմանալու համար, թե ինչպես ենք ձեր սարքերում տվյալներ մշակելու համար:"},{"$i":"about-kaios-p4","$v":"Դուք կարող եք փոխել այս կարգավորումները Պարամետրեր> Գղտնթյն և անվտնգթյն> KaiOS- ի մասին:"},{"$i":"about-kaios-agree","$v":"Ես ուզում եմ օգնել, ուղարկելով վերլուծական տվյալներ:"},{"$i":"about-kaios-age","$v":"Ես 16 տարեկան եմ:"},{"$i":"about-kaios-ad","$v":"Օգտագործել իմ տվյալները՝ իմ գովազդային փորձառությունը բարելավելու համար:"},{"$i":"deselect","$v":"Ապընտրել"},{"$i":"selectKeyboard","$v":"Ընտրեք ստեղնաշարը"},{"$i":"send-data-via","$v":"Ուղարկեք տվյալներ"},{"$i":"wifi-and-carrier-data","$v":"Wi-Fi- ը եւ բջջային տվյալները"},{"$i":"wifi-only","$v":"Միայն Wi-Fi"},{"$i":"more","$v":"Ավելին >"},{"$i":"qtn_oobe_high_volume","$v":"Ուշադրություն դարձրեք մեծ ծավալին Հասանելիություն ռեժիմում։"},{"$i":"qtn_oobe_enter","$v":"Իսկապե՞ս ուզում եք մուտք գործել Հասանելիություն ռեժիմ"},{"$i":"qtn_oobe_hdr_senior_mode","$v":"Հասանելիության ռեժիմ"},{"$i":"qtn_oobe_hdr_ICE","$v":"ICE տեղեկություններ"},{"$i":"qtn_oobe_rem_create_ICE","$v":"Ստեղծեք ձեր ICE տեղեկությունների մանրամասները,որոնք կօգնեն ձեզ արտակարգիրավիճակների դեպքում։"},{"$i":"qtn_oobe_set_ICE_contact","$v":"Այնուհետև գործարկեք սարքը,"},{"$i":"qtn_oobe_btn_ICE_info","$v":"Ստեղծել ICE տեղեկություններ"},{"$i":"qtn-privacy-terms-welcome","$v":"Բարի գալուստ"},{"$i":"qtn-privacy-policy-description-1","$v":["Շնորհակալ եքն՝ ",{"t":"idOrVar","v":"WDM"}," մոդելն ընտրելու համար:"]},{"$i":"qtn-privacy-policy-description-2","$v":"HMD Global-ի ծռյթյնն և գրծդրն օգտ ձեր կղմց կրգվրվմ են HMD Global-ի Գղտնթյ քղքկնթյնով, որը հսնլ է հտևյլ հսցվ՝ www.nokia.com/mobile-privacy:"},{"$i":"qtn-privacy-policy-description-3","$v":["KaiOS ծրգրշրի, ծռյթյնն և գրծդրն օգտ ձեր կղմց կրգվրվմ են KaiOS EULA-ով և Գղտնթյ քղքկնթյնով, որն հսնլ է հտևյլ հղմվ՝ ",{"t":"idOrVar","v":"WDM"},"։"]},{"$i":"qtn-privacy-policy-description-4","$v":{"$o":"Սրքի ակտվցմ տվյլն, սրքի մեկ անգմվա տեղավայրի, սրքի եզակի և ցնցի տղկթյնների հետ մկտղ կուղարկվ KAI & HMD-ին:"}},{"$i":"qtn-privacy-policy-description-5","$v":"Այս տղկթյնն թույլ են տալիս մեզ հմպտսխնլ ձեր երկրի պհնջներին, տրմդրլ SW արդցմն, հճխրդների աջկցմ և ծռյթյնների ակտիվցմ:"},{"$i":"qtn-privacy-policy-description-6","$v":"Կարող են կիրառվել գանձումներ։"},{"$i":"qtn-privacy-policy-description-7","$v":"Սրքի այլ յրհտկթյնն օգտվ դպքմ կրղ են տրմդրվլ գղտնթյ մսն կամ այլ ծնցմնր:"},{"$i":"data-connectivity","$v":"Զգուշացում"},{"$i":"data-message","$v":"Սմարթֆոնի սկզբնական կարգավորման ժամանակ տեղադրման մոգը հնարավոր է կօգտագործի տվյալները բջջային ցանցի միջոցով։"}]