[{"$i":"wifi","$v":"Pilih Jaringan"},{"$i":"ssid","$v":"SSID"},{"$i":"no-wifi-found","$v":"Tidak ada jaringan"},{"$i":"wifi-searching","$v":"Mencari jaringan…"},{"$i":"security-open","$v":"Buka"},{"$i":"shortStatus-connecting","$v":"Menyambungkan…"},{"$i":"shortStatus-associated","$v":"Mendapatkan alamat IP…"},{"$i":"shortStatus-authenticating","$v":"Otentikasi…"},{"$i":"shortStatus-connected","$v":"Tersambung"},{"$i":"shortStatus-connectingfailed","$v":"Koneksi gagal"},{"$i":"shortStatus-disconnected","$v":"Offline"},{"$i":"shortStatus-connected-no-internet","$v":"Tersambung, tidak ada internet"},{"$i":"securityWEP","$v":"WEP"},{"$i":"securityWPA-PSK","$v":"WPA-PSK"},{"$i":"securityWPA-EAP","$v":"WPA-EAP"},{"$i":"securityWPA2-PSK","$v":"WPA2-PSK"},{"$i":"securityWPA/WPA2-PSK","$v":"WPA/WPA2-PSK"},{"$i":"securedBy","$v":[{"t":"idOrVar","v":"kapabilitas"}]},{"$i":"securedByWay","$v":["Diamankan oleh ",{"t":"idOrVar","v":"capabilities"}]},{"$i":"security","$v":"Keamanan"},{"$i":"signalStrength","$v":"Kekuatan sinyal"},{"$i":"signalLevel0","$v":"Sangat lemah"},{"$i":"signalLevel1","$v":"Lemah"},{"$i":"signalLevel2","$v":"Rata-rata"},{"$i":"signalLevel3","$v":"Bagus"},{"$i":"signalLevel4","$v":"Sangat bagus"},{"$i":"ipAddress","$v":"Alamat IP"},{"$i":"linkSpeed","$v":"Kecepatan tautan"},{"$i":"linkSpeedMbs","$v":[{"t":"idOrVar","v":"linkSpeed"}," Mbit/s"]},{"$i":"wifi-rescan","$v":"Pindai ulang"},{"$i":"wifi-join-fail","$v":["Tidak dapat masuk ke jaringan ",{"t":"idOrVar","v":"n"},"."]},{"$i":"wifi-connect-fail","$v":["Sandi gagal selama ",{"t":"idOrVar","v":"n"},"."]},{"$i":"wifi-ip-set-fail","$v":"Pengaturan IP gagal."},{"$i":"wifi-pw-length-error","$v":"Panjang sandi harus lebih dari 8 karakter."},{"$i":"password","$v":"Sandi"},{"$i":"showPassword","$v":"Tampilkan Sandi"},{"$i":"connect","$v":"Sambungkan"},{"$i":"rescanCompleted","$v":"Pindai ulang selesai."},{"$i":"failedToConnect","$v":"Gagal Menyambung"},{"$i":"select","$v":"Pilih"},{"$i":"skip","$v":"Lewati"},{"$i":"next","$v":"Berikutnya"},{"$i":"accept","$v":"Setuju"},{"$i":"cancel","$v":"Batal"},{"$i":"ok","$v":"OK"},{"$i":"notNow","$v":"Tidak sekarang"},{"$i":"forget","$v":"Lupakan"},{"$i":"confirmation","$v":"Konfirmasi"},{"$i":"forget-network","$v":"Lupakan jaringan?"},{"$i":"network-forgotten","$v":"Jaringan terlupakan."},{"$i":"hfa","$v":"HFA"},{"$i":"setup-phone-verification","$v":"Verifikasi Ponsel"},{"$i":"phone-verification-entry-message","$v":"Tetapkan akun dengan cara memverifikasi nomor Anda untuk mengakses store dan layanan tambahan."},{"$i":"phone-verification-skip-message","$v":"Verifikasi ponsel Anda belum selesai. Anda dapat melakukan verifikasi nanti di Pengaturan>Akun. Verifikasi diperlukan untuk mengakses Store dan layanan tambahan."},{"$i":"setup-account","$v":"Tetapkan Akun KaiOS"},{"$i":"create-account-li","$v":"Buat Akun"},{"$i":"login-account-li","$v":"Masuk"},{"$i":"account-setup-message","$v":"Pastikan informasi Anda aman dengan akun KaiOS. Jika Anda kehilangan ponsel, akun KaiOS Anda akan mengizinkan Anda mengunci jarak jauh atau menghapus semua data pada ponsel Anda. Anda juga dapat menyetel akun KaiOS Anda di Pengaturan."},{"$i":"sign-in-success","$v":"Masuk Berhasil"},{"$i":"account-welcome","$v":"Selamat Datang"},{"$i":"logged-in-message","$v":[{"t":"idOrVar","v":"email"}]},{"$i":"anti-theft","$v":"Anti-Maling"},{"$i":"anti-theft-info","$v":"Kami harap Anda tidak kehilangan ponsel Anda, namun jika terjadi, Anda dapat melindungi data Anda dengan pemguncian jarak jauh dan fitur penghapusan. Saat Anda siap, masuk ke Pengaturan untuk menyetel akun KaiOS Anda."},{"$i":"companion-phone","$v":"Telepon Perusahaan"},{"$i":"companion-phone-info","$v":"Instal apl pendamping KaiOS pada telepon pintar Anda untuk menyinkronkan kontak dan mentransfer file antara perangkat utama dan telepon berbasis KaiOS Anda."},{"$i":"select-language","$v":"Pilih Bahasa"},{"$i":"language-current","$v":"Saat ini"},{"$i":"language-readout-on","$v":"Pembaca"},{"$i":"language-readout-off","$v":"Pembaca"},{"$i":"decline-info","$v":"Anda wajib menerima Syarat Lisensi dan Kebijakan Privasi KaiOS untuk menggunakan perangkat ini."},{"$i":"kaios-license","$v":"Syarat Lisensi dan Kebijakan Privasi KaiOS"},{"$i":"decline","$v":"Tolak"},{"$i":"privacy-confirm","$v":"Dengan menekan Terima Anda menyetujui Syarat Lisensi dan Kebijakan Privasi KaiOS."},{"$i":"open-url","$v":"BUKA URL"},{"$i":"lyf-license","$v":"Persyaratan Lisensi LYF"},{"$i":"emergency","$v":"Darurat"},{"$i":"pin-incorrect","$v":"PIN salah"},{"$i":"puk-incorrect","$v":"PUK salah."},{"$i":"inputCodeRetriesLeft","$v":{"few":[{"t":"idOrVar","v":"n"}," percobaan tersisa."],"many":[{"t":"idOrVar","v":"n"}," percobaan tersisa."],"one":"1 percobaan tersisa.","other":[{"t":"idOrVar","v":"n"}," percobaan tersisa."],"two":[{"t":"idOrVar","v":"n"}," percobaan tersisa."]},"$x":[{"t":"idOrVar","v":"plural"},"n"]},{"$i":"inputCodePukRetriesLeft","$v":{"few":[{"t":"idOrVar","v":"n"}," percobaan tersisa."],"many":[{"t":"idOrVar","v":"n"}," percobaan tersisa."],"one":"1 percobaan tersisa.","other":[{"t":"idOrVar","v":"n"}," percobaan tersisa."],"two":[{"t":"idOrVar","v":"n"}," percobaan tersisa."]},"$x":[{"t":"idOrVar","v":"plural"},"n"]},{"$i":"pin-label","$v":"PIN SIM"},{"$i":"enter-pin","$v":"Masukkan PIN SIM"},{"$i":"sim1-enter-pin","$v":"Masukkan PIN SIM1"},{"$i":"sim2-enter-pin","$v":"Masukkan PIN SIM2"},{"$i":"done","$v":"Selesai"},{"$i":"enter-puk","$v":"Masukkan PUK"},{"$i":"sim1-enter-puk","$v":"Masukkan PUK SIM1"},{"$i":"sim2-enter-puk","$v":"Masukkan PUK SIM2"},{"$i":"puk-label","$v":"PUK"},{"$i":"new-pin-label","$v":"PIN SIM Baru (harus terdiri dari 4-8 digit)"},{"$i":"confirm-new-pin-label","$v":"Konfirmasi PIN SIM Baru"},{"$i":"pincode-length-error","$v":"SIM PIN harus 4-8 digit."},{"$i":"pin-final-locked","$v":"Kartu SIM dikunci."},{"$i":"pin-final-failed-text","$v":"Apakah Anda ingin memasukkan kode PUK untuk lepas kunci kartu SIM?"},{"$i":"sim-locked","$v":"SIM Terkunci"},{"$i":"sim1-locked","$v":"SIM1 Terkunci"},{"$i":"sim2-locked","$v":"SIM2 Terkunci"},{"$i":"new-pin-confirm-error","$v":"Konfirmasi SIM PIN baru gagal."},{"$i":"puk-final-locked","$v":"PUK salah."},{"$i":"puk-final-failed-text","$v":"Kartu SIM Anda terkunci permanen. Hubungi operator Anda untuk informasi lebih lanjut."},{"$i":"about-kaios","$v":"Tentang KaiOS"},{"$i":"about-kaios-p1","$v":"Selamat datang di KaiOS."},{"$i":"about-kaios-p2","$v":"Misi kami adalah membuka kesempatan bagi individu, keluarga, dan komunitas mereka dengan mengakses produk dan layanan digital terbaik sebagai sebuah realitas untuk semua anggota masyarakat."},{"$i":"about-kaios-p3","$v":"Anda dapat membantu kami meningkatkan kualitas produk dan layanan dengan mengirim data analitik secara otomatis. Baca ketentuan privasi kami untuk mengetahui cara kami menangani data tentang perangkat Anda."},{"$i":"about-kaios-p4","$v":{"$o":"Anda dapat mengubah pengaturan ini dalam Pengaturan > Privasi & Keamanan > Tentang KaiOS."}},{"$i":"about-kaios-agree","$v":"Saya ingin membantu dengan mengirim data analitik."},{"$i":"about-kaios-age","$v":"Usia saya lebih dari 16."},{"$i":"about-kaios-ad","$v":"Gunakan data saya untuk meningkatkan pengalaman saya beriklan."},{"$i":"deselect","$v":"Hapus pilihan"},{"$i":"selectKeyboard","$v":"Pilih Papan Tik"},{"$i":"send-data-via","$v":"Kirim Data via"},{"$i":"wifi-and-carrier-data","$v":"Data Wi-Fi dan Operator"},{"$i":"wifi-only","$v":"Wi-Fi Saja"},{"$i":"more","$v":"Lainnya >"},{"$i":"qtn_oobe_high_volume","$v":"Mode aksesibilitas meningkatkan ukuran font dan menu, audio juga pada volume tinggi. Harap perhatikan volume tinggi dalam mode Aksesibilitas."},{"$i":"qtn_oobe_enter","$v":"Apakah Anda masih ingin masuk ke mode Aksesibilitas?"},{"$i":"qtn_oobe_hdr_senior_mode","$v":"Mod aksesibiliti"},{"$i":"qtn_oobe_hdr_ICE","$v":"Informasi ICE"},{"$i":"qtn_oobe_rem_create_ICE","$v":"Please create your ICE information details, that will help you in case of emergency."},{"$i":"qtn_oobe_set_ICE_contact","$v":"After startup the device, please set ICE contacts at first."},{"$i":"qtn_oobe_btn_ICE_info","$v":"Buat informasi ICE"},{"$i":"qtn-privacy-terms-welcome","$v":"Selamat Datang"},{"$i":"qtn-privacy-policy-description-1","$v":["Terimakasih telah memilih ",{"t":"idOrVar","v":"WDM"},"."]},{"$i":"qtn-privacy-policy-description-2","$v":"Penggunaan layanan dan aplikasi HMD Global di perangkat Anda diatur oleh Kebijakan Privasi HMD Global yang tersedia di www.nokia.com/mobile-privacy."},{"$i":"qtn-privacy-policy-description-3","$v":["Penggunaan perangkat lunak, layanan dan aplikasi KaiOS di perangkat Anda diatur melalui EULA KaiOS dan Ketentuan Privasi yang tersedia di ",{"t":"idOrVar","v":"WDM"},"."]},{"$i":"qtn-privacy-policy-description-4","$v":{"$o":"Informasi pengaktifan perangkat dengan lokasi perangkat satu-kali bersama dengan perangkat unik Anda dan informasi jaringan akan dikirim ke KAI & HMD."}},{"$i":"qtn-privacy-policy-description-5","$v":"Informasi ini membantu kami memenuhi kebutuhan di negara Anda dengan lebih baik, memberikan perbaruan perangkat lunak, dukungan pelanggan dan layanan aktivasi."},{"$i":"qtn-privacy-policy-description-6","$v":"Dapat dikenakan tarif data."},{"$i":"qtn-privacy-policy-description-7","$v":"Kebijakan Privasi atau pesan lainnya akan muncul saat Anda menggunakan fitur-fitur lain di perangkat Anda."},{"$i":"data-connectivity","$v":"Pesan peringatan"},{"$i":"data-message","$v":"Selama penyetelan awal ponsel pintar, Panduan Penyetelan dapat menggunakan data melalui jaringan mobile."}]