[{"$i":"wifi","$v":"Veldu net"},{"$i":"ssid","$v":"SSID"},{"$i":"no-wifi-found","$v":"Ekkert net í boði"},{"$i":"wifi-searching","$v":"Leitar að símkerfum ..."},{"$i":"security-open","$v":"Opna"},{"$i":"shortStatus-connecting","$v":"Tengist …"},{"$i":"shortStatus-associated","$v":"Sæk. IP-tölu ..."},{"$i":"shortStatus-authenticating","$v":"Sannvottar …"},{"$i":"shortStatus-connected","$v":"Tengt"},{"$i":"shortStatus-connectingfailed","$v":"Tenging mistókst"},{"$i":"shortStatus-disconnected","$v":"Án tengingar"},{"$i":"shortStatus-connected-no-internet","$v":"Tengt, ekkert internet"},{"$i":"securityWEP","$v":"WEP"},{"$i":"securityWPA-PSK","$v":"WPA-PSK"},{"$i":"securityWPA-EAP","$v":"WPA-EAP"},{"$i":"securityWPA2-PSK","$v":"WPA2-PSK"},{"$i":"securityWPA/WPA2-PSK","$v":"WPA/WPA2-PSK"},{"$i":"securedBy","$v":[{"t":"idOrVar","v":"capabilities"}]},{"$i":"securedByWay","$v":["Tryggt með ",{"t":"idOrVar","v":"capabilities"}]},{"$i":"security","$v":"Öryggi"},{"$i":"signalStrength","$v":"Sendistyrkur"},{"$i":"signalLevel0","$v":"Mjög veikt"},{"$i":"signalLevel1","$v":"Veikt"},{"$i":"signalLevel2","$v":"Meðalt."},{"$i":"signalLevel3","$v":"Gott"},{"$i":"signalLevel4","$v":"Mjög gott"},{"$i":"ipAddress","$v":"IP-tala"},{"$i":"linkSpeed","$v":"Tengilhraði"},{"$i":"linkSpeedMbs","$v":[{"t":"idOrVar","v":"linkSpeed"}," Mbit/s"]},{"$i":"wifi-rescan","$v":"Leita aftur"},{"$i":"wifi-join-fail","$v":["Ekki hægt að tengjast netinu ",{"t":"idOrVar","v":"n"},"."]},{"$i":"wifi-connect-fail","$v":["Rangt aðgangsorð fyrir ",{"t":"idOrVar","v":"n"},"."]},{"$i":"wifi-ip-set-fail","$v":"IP-stillingar mist."},{"$i":"wifi-pw-length-error","$v":"Aðgangsorð verður að vera yfir 8 stafir."},{"$i":"password","$v":"Aðgangsorð"},{"$i":"showPassword","$v":"Sýna aðgangsorð"},{"$i":"connect","$v":"Tengjast"},{"$i":"rescanCompleted","$v":"Lokið hefur verið við að leita aftur."},{"$i":"failedToConnect","$v":"Mist. að tengjast"},{"$i":"select","$v":"Velja"},{"$i":"skip","$v":"Sleppa"},{"$i":"next","$v":"Áfram"},{"$i":"accept","$v":"Samþykkja"},{"$i":"cancel","$v":"H. við"},{"$i":"ok","$v":"Í lagi"},{"$i":"notNow","$v":"Ekki núna"},{"$i":"forget","$v":"Gleyma"},{"$i":"confirmation","$v":"Staðfesting"},{"$i":"forget-network","$v":"Gleyma neti?"},{"$i":"network-forgotten","$v":"Símkerfi gleymt."},{"$i":"hfa","$v":"HFA"},{"$i":"setup-phone-verification","$v":"Staðfesting síma"},{"$i":"phone-verification-entry-message","$v":"Settu upp reikning með því að staðfesta númerið til að nota verslun og þjónustu."},{"$i":"phone-verification-skip-message","$v":"Ekki tókst að staðfesta símann. Hægt er að staðf. síðar undir Stillingar > Reikningur. Staðfestingar er krafist til að nota verslun og þjónustu."},{"$i":"setup-account","$v":"Setja upp KaiOS-reikn."},{"$i":"create-account-li","$v":"Stofna reikn."},{"$i":"login-account-li","$v":"Skrá inn"},{"$i":"account-setup-message","$v":"Haltu upplýsingunum öruggum með KaiOS-reikningi. Ef þú týnir símanum mun KaiOS-reikn. gera þér kleift að læsa símanum eða þurrka öll gögn af honum um fjartengingu. Þú getur einnig sett upp KaiOS-reikn. síðar í stillingum."},{"$i":"sign-in-success","$v":"Innskráning tókst"},{"$i":"account-welcome","$v":"Velkomin(n)"},{"$i":"logged-in-message","$v":[{"t":"idOrVar","v":"email"}]},{"$i":"anti-theft","$v":"Þjófavörn"},{"$i":"anti-theft-info","$v":"Við vonum að þú týnir aldrei símanum, en ef það gerist geturðu verndað gögnin með fjarlæs. og útþurrk.eiginl. okkar. Þegar þú ert tilbúin(n) skaltu opna still. og setja upp KaiOS-reikn."},{"$i":"companion-phone","$v":"Hliðstæður sími"},{"$i":"companion-phone-info","$v":"Settu upp KaiOS hliðstæðuforritið í snjallsímanum til að samstilla tengiliði og flytja skrár á milli aðaltækisins og KaiOS-símans."},{"$i":"select-language","$v":"Velja tungumál"},{"$i":"language-current","$v":"Núverandi"},{"$i":"language-readout-on","$v":"Kv. á lestri"},{"$i":"language-readout-off","$v":"Sl. á lestri"},{"$i":"decline-info","$v":"Samþykkja þarf skilmálana til að nota þetta tæki."},{"$i":"kaios-license","$v":"Leyfisskilmálar KaiOS"},{"$i":"decline","$v":"Hafna"},{"$i":"privacy-confirm","$v":"Með því að ýta á „Samþykkja“ samþykkirðu leyfisskilmála og persónuverndarstefnu KaiOS."},{"$i":"open-url","$v":"OPNA VEFSLÓÐ"},{"$i":"lyf-license","$v":"Leyfisskilmálar LYF"},{"$i":"emergency","$v":"Neyð"},{"$i":"pin-incorrect","$v":"Rangt PIN-nr."},{"$i":"puk-incorrect","$v":"Rangt PUK-nr."},{"$i":"inputCodeRetriesLeft","$v":{"few":[{"t":"idOrVar","v":"n"}," tilraunir eftir."],"many":[{"t":"idOrVar","v":"n"}," tilraunir eftir."],"one":"(Rangt PIN-nr. 1 tilraun eftir.)","other":[{"t":"idOrVar","v":"n"}," tilraunir eftir."],"two":["(Rangt PIN-nr. ",{"t":"idOrVar","v":"n"}," tilraun(ir) eftir.)"]},"$x":[{"t":"idOrVar","v":"plural"},"n"]},{"$i":"inputCodePukRetriesLeft","$v":{"few":[{"t":"idOrVar","v":"n"}," tilr. eftir."],"many":[{"t":"idOrVar","v":"n"}," tilr. eftir."],"one":"1 tilr. eftir.","other":[{"t":"idOrVar","v":"n"}," tilr. eftir."],"two":[{"t":"idOrVar","v":"n"}," tilr. eftir."]},"$x":[{"t":"idOrVar","v":"plural"},"n"]},{"$i":"pin-label","$v":"PIN-nr. SIM-korts"},{"$i":"enter-pin","$v":"Sláðu inn PIN-númer SIM-korts"},{"$i":"sim1-enter-pin","$v":"Sláðu inn PIN-númer SIM1-korts"},{"$i":"sim2-enter-pin","$v":"Sláðu inn PIN-númer SIM2-korts"},{"$i":"done","$v":"Lokið"},{"$i":"enter-puk","$v":"Sláðu inn PUK-nr."},{"$i":"sim1-enter-puk","$v":"Sláðu inn PUK-númer SIM1-korts"},{"$i":"sim2-enter-puk","$v":"Sláðu inn PUK-númer SIM2-korts"},{"$i":"puk-label","$v":"PUK-nr."},{"$i":"new-pin-label","$v":"Nýtt PIN SIM-korts (4-8 tölur)"},{"$i":"confirm-new-pin-label","$v":"Staðf. nýtt PIN SIM-korts"},{"$i":"pincode-length-error","$v":"PIN SIM-korts á að vera 4-8 tölust."},{"$i":"pin-final-locked","$v":"SIM-kort er læst."},{"$i":"pin-final-failed-text","$v":"Viltu slá inn PUK-númerið til opna SIM-kortið?"},{"$i":"sim-locked","$v":"SIM-kort læst"},{"$i":"sim1-locked","$v":"SIM1 læst"},{"$i":"sim2-locked","$v":"SIM2 læst"},{"$i":"new-pin-confirm-error","$v":"Staðf. á nýju PIN SIM-korts mist."},{"$i":"puk-final-locked","$v":"Rangt PUK-nr."},{"$i":"puk-final-failed-text","$v":"SIM-kortið hefur verið læst varanlega. Fáðu nánari uppl. hjá símafyrirtækinu."},{"$i":"about-kaios","$v":"Um KaiOS"},{"$i":"about-kaios-p1","$v":"Velkomin(n) í KaiOS."},{"$i":"about-kaios-p2","$v":"Markmið okkar er að opna tækifæri fyrir einstaklinga, fjölskyldur og samfélög með því að gera aðgang að miklum stafrænum vörum og þjónustu að veruleika fyrir alla meðlimi samfélagsins."},{"$i":"about-kaios-p3","$v":"Þú getur hjálpað okkur að bæta vörur og þjónustu með því að senda sjálfkrafa greiningarupplýsingar. Sjáðu persónuverndarskilmála okkar til að læra hvernig við höndlum gögn á tækjunum þínum."},{"$i":"about-kaios-p4","$v":"Þú getur breytt þessum stillingum í Stillingar> Persónuvernd og öryggi> Um KaiOS."},{"$i":"about-kaios-agree","$v":"Ég vil hjálpa með því að senda greiningarupplýsingar."},{"$i":"about-kaios-age","$v":"Ég er eldri en 16 ára."},{"$i":"about-kaios-ad","$v":"Nota gögnin mín til að bæta upplifun mína af auglýsingum."},{"$i":"deselect","$v":"Afturkalla"},{"$i":"selectKeyboard","$v":"Velja lyklaborð"},{"$i":"send-data-via","$v":"Senda gögn um"},{"$i":"wifi-and-carrier-data","$v":"Wi-Fi og farsímagögn"},{"$i":"wifi-only","$v":"Aðeins Wi-Fi"},{"$i":"more","$v":"Meira >"},{"$i":"qtn_oobe_high_volume","$v":"Hafðu gætur á háum hljóðstyrk í aðgengisstillingu."},{"$i":"qtn_oobe_enter","$v":"Viltu samt fara í aðgengisstillingu?"},{"$i":"qtn_oobe_hdr_senior_mode","$v":"Aðgengisstilling"},{"$i":"qtn_oobe_hdr_ICE","$v":"ICE-upplýsingar"},{"$i":"qtn_oobe_rem_create_ICE","$v":"Stofnaðu ICE-upplýsingar sem munu vera þér gagnlegar ef neyðartilvik kemur upp."},{"$i":"qtn_oobe_set_ICE_contact","$v":"Þegar tækið hefur verið ræst"},{"$i":"qtn_oobe_btn_ICE_info","$v":"Stofna ICE-upplýsingar"},{"$i":"qtn-privacy-terms-welcome","$v":"Velkomin(n)"},{"$i":"qtn-privacy-policy-description-1","$v":["Takk fyrir að velja ",{"t":"idOrVar","v":"WDM"},"."]},{"$i":"qtn-privacy-policy-description-2","$v":"Notkun þín á þjónustu HMD Global og forritum í tækinu fellur undir persónuverndar­stefnu HMD Global, sem finna má á www.nokia.com/mobile-privacy."},{"$i":"qtn-privacy-policy-description-3","$v":["Notkun þín á hugbúnaði, þjónustu og forritum frá KaiOS í tækinu fellur undir persónuverndarstefnu og notandaleyfi KaiOS, sem finna má á ",{"t":"idOrVar","v":"WDM"},"."]},{"$i":"qtn-privacy-policy-description-4","$v":{"$o":"Upplýsingar um virkjun tækisins ásamt einkvæmum upplýsingum um tækið og símkerfið verða sendar til KAI & HMD."}},{"$i":"qtn-privacy-policy-description-5","$v":"Þessar upplýsingar gera okkur kleift að bregðast betur við eftirspurn í þínu landi, afhenda hugbúnaðaruppfærslur, veita notendaþjónustu og virkja þjónustu."},{"$i":"qtn-privacy-policy-description-6","$v":"Gagnagjöld kunna að eiga við."},{"$i":"qtn-privacy-policy-description-7","$v":"Þú kannt að fá tilkynningar um persónuvernd eða annað þegar þú notar mismunandi eiginleika tækisins."},{"$i":"data-connectivity","$v":"Viðvörunarskilaboð"},{"$i":"data-message","$v":"Uppsetningarhjálp notar hugsanlega gögn í farsímakerfi við upphaflega uppsetningu snjallsímans."}]