[{"$i":"wifi","$v":"Selezionare una rete"},{"$i":"ssid","$v":"SSID"},{"$i":"no-wifi-found","$v":"Nessuna rete disponibile"},{"$i":"wifi-searching","$v":"Ricerca di reti in corso..."},{"$i":"security-open","$v":"Apri"},{"$i":"shortStatus-connecting","$v":"Connessione in corso..."},{"$i":"shortStatus-associated","$v":"Ottenimento di un indirizzo IP in corso..."},{"$i":"shortStatus-authenticating","$v":"Autenticazione in corso..."},{"$i":"shortStatus-connected","$v":"Connesso"},{"$i":"shortStatus-connectingfailed","$v":"Connessione non riuscita"},{"$i":"shortStatus-disconnected","$v":"Non in linea"},{"$i":"shortStatus-connected-no-internet","$v":"Connesso, segnale Internet assente "},{"$i":"securityWEP","$v":"WEP"},{"$i":"securityWPA-PSK","$v":"WPA-PSK"},{"$i":"securityWPA-EAP","$v":"WPA-EAP"},{"$i":"securityWPA2-PSK","$v":"WPA2-PSK"},{"$i":"securityWPA/WPA2-PSK","$v":"WPA/WPA2-PSK"},{"$i":"securedBy","$v":[{"t":"idOrVar","v":"capabilities"}]},{"$i":"securedByWay","$v":["Protetto con ",{"t":"idOrVar","v":"capabilities"}]},{"$i":"security","$v":"Sicurezza"},{"$i":"signalStrength","$v":"Forza segnale"},{"$i":"signalLevel0","$v":"Molto debole"},{"$i":"signalLevel1","$v":"Debole"},{"$i":"signalLevel2","$v":"Medio"},{"$i":"signalLevel3","$v":"Buono"},{"$i":"signalLevel4","$v":"Ottimo"},{"$i":"ipAddress","$v":"Indirizzo IP"},{"$i":"linkSpeed","$v":"Velocità link"},{"$i":"linkSpeedMbs","$v":[{"t":"idOrVar","v":"linkSpeed"}," MB/s"]},{"$i":"wifi-rescan","$v":"Ricerca"},{"$i":"wifi-join-fail","$v":["Impossibile unirsi alla rete ",{"t":"idOrVar","v":"n"},"."]},{"$i":"wifi-connect-fail","$v":["Password errata per ",{"t":"idOrVar","v":"n"},"."]},{"$i":"wifi-ip-set-fail","$v":"Impostazioni IP non riuscite."},{"$i":"wifi-pw-length-error","$v":"La lunghezza della password deve essere almeno 8 caratteri."},{"$i":"password","$v":"Password"},{"$i":"showPassword","$v":"Mostra password"},{"$i":"connect","$v":"Connetti"},{"$i":"rescanCompleted","$v":"Riscansione completata."},{"$i":"failedToConnect","$v":"Impossibile connettersi"},{"$i":"select","$v":"Seleziona"},{"$i":"skip","$v":"Salta"},{"$i":"next","$v":"Avanti"},{"$i":"accept","$v":"Accetta"},{"$i":"cancel","$v":"Annulla"},{"$i":"ok","$v":"OK"},{"$i":"notNow","$v":"Non ora"},{"$i":"forget","$v":"Elimina"},{"$i":"confirmation","$v":"Conferma"},{"$i":"forget-network","$v":"Eliminare la rete?"},{"$i":"network-forgotten","$v":"Rete eliminata."},{"$i":"hfa","$v":"HFA"},{"$i":"setup-phone-verification","$v":"Verifica telefono"},{"$i":"phone-verification-entry-message","$v":"Configurare un account verificando il numero per l'accesso allo store e ai servizi aggiuntivi."},{"$i":"phone-verification-skip-message","$v":"Verifica del telefono incompleta. È possibile eseguire la verifica in un secondo momento in Impostazioni>Account. La verifica è necessaria per accedere allo store e ai servizi aggiuntivi."},{"$i":"setup-account","$v":"Configura account KaiOS"},{"$i":"create-account-li","$v":"Crea account"},{"$i":"login-account-li","$v":"Accedi"},{"$i":"account-setup-message","$v":"Tenere al sicuro le informazioni con un account KaiOS. Se si perde il telefono, l'account KaiOS consente di bloccare o cancellare in remoto tutti i dati sul telefono. È inoltre possibile configurare l'account KaiOS in un secondo momento in Impostazioni."},{"$i":"sign-in-success","$v":"Accesso riuscito"},{"$i":"account-welcome","$v":"Benvenuto"},{"$i":"logged-in-message","$v":[{"t":"idOrVar","v":"email"}]},{"$i":"anti-theft","$v":"Antifurto"},{"$i":"anti-theft-info","$v":"Speriamo che non succeda mai di perdere il telefono, ma in caso contrario è possibile proteggere i dati con le funzioni di blocco e di cancellazione in remoto. Quando si è pronti accedere a Impostazioni per configurare l'account KaiOS."},{"$i":"companion-phone","$v":"Companion Phone"},{"$i":"companion-phone-info","$v":"Installare l'app companion di KaiOS sullo smartphone per sincronizzare i contatti e trasferire i file tra il dispositivo principale e il telefono con sistema operativo KaiOS."},{"$i":"select-language","$v":"Seleziona lingua"},{"$i":"language-current","$v":"Attuale"},{"$i":"language-readout-on","$v":"Lettura attivata"},{"$i":"language-readout-off","$v":"Lettura disattivata"},{"$i":"decline-info","$v":"Per utilizzare questo dispositivo è necessario accettare i Termini della licenza e l'Informativa sulla privacy di KaiOS."},{"$i":"kaios-license","$v":"Termini della licenza e Informativa sulla privacy di KaiOS"},{"$i":"decline","$v":"Rifiuta"},{"$i":"privacy-confirm","$v":"Premendo Accetto, l'utente accetta i Termini della licenza e l'Informativa sulla privacy di KaiOS."},{"$i":"open-url","$v":"APRI URL"},{"$i":"lyf-license","$v":"Termini della licenza LYF"},{"$i":"emergency","$v":"Emergenza"},{"$i":"pin-incorrect","$v":"PIN errato."},{"$i":"puk-incorrect","$v":"PUK errato."},{"$i":"inputCodeRetriesLeft","$v":{"few":[{"t":"idOrVar","v":"n"}," tentativi rimasti."],"many":[{"t":"idOrVar","v":"n"}," tentativi rimasti."],"one":"1 tentativo rimasto.","other":[{"t":"idOrVar","v":"n"}," tentativi rimasti."],"two":[{"t":"idOrVar","v":"n"}," tentativi rimasti."]},"$x":[{"t":"idOrVar","v":"plural"},"n"]},{"$i":"inputCodePukRetriesLeft","$v":{"few":[{"t":"idOrVar","v":"n"}," tentativi rimasti."],"many":[{"t":"idOrVar","v":"n"}," tentativi rimasti."],"one":"1 tentativo rimasto.","other":[{"t":"idOrVar","v":"n"}," tentativi rimasti."],"two":[{"t":"idOrVar","v":"n"}," tentativi rimasti."]},"$x":[{"t":"idOrVar","v":"plural"},"n"]},{"$i":"pin-label","$v":"PIN SIM"},{"$i":"enter-pin","$v":"Inserisci PIN SIM"},{"$i":"sim1-enter-pin","$v":"Inserisci PIN SIM1"},{"$i":"sim2-enter-pin","$v":"Inserisci PIN SIM2"},{"$i":"done","$v":"Fine"},{"$i":"enter-puk","$v":"Inserisci PUK"},{"$i":"sim1-enter-puk","$v":"Inserisci PUK SIM1"},{"$i":"sim2-enter-puk","$v":"Inserisci PUK SIM2"},{"$i":"puk-label","$v":"PUK"},{"$i":"new-pin-label","$v":"Nuovo PIN SIM (deve avere 4-8 cifre)"},{"$i":"confirm-new-pin-label","$v":"Confermare Nuovo PIN SIM"},{"$i":"pincode-length-error","$v":"Il PIN della SIM deve avere 4-8 cifre."},{"$i":"pin-final-locked","$v":"Scheda SIM bloccata."},{"$i":"pin-final-failed-text","$v":"Inserire il codice PUK per sbloccare la scheda SIM?"},{"$i":"sim-locked","$v":"SIM bloccata"},{"$i":"sim1-locked","$v":"SIM 1 bloccata"},{"$i":"sim2-locked","$v":"SIM 2 bloccata"},{"$i":"new-pin-confirm-error","$v":"Conferma del nuovo PIN della SIM non riuscita."},{"$i":"puk-final-locked","$v":"PUK errato."},{"$i":"puk-final-failed-text","$v":"La scheda SIM è bloccata permanentemente. Contattare il gestore per ulteriori informazioni."},{"$i":"about-kaios","$v":"Informazioni su KaiOS"},{"$i":"about-kaios-p1","$v":"Benvenuto a KaiOS."},{"$i":"about-kaios-p2","$v":"La nostra missione è offrire opportunità a individui, famiglie e comunità mettendo a loro disposizione straordinari prodotti e servizi digitali rivolti a tutti i membri della società."},{"$i":"about-kaios-p3","$v":"Puoi aiutarci a migliorare i nostri prodotti e servizi inviando automaticamente dati di analisi. Leggi i nostri termini relativi alla privacy per scoprire le modalità di gestione dei dati sui nostri dispositivi."},{"$i":"about-kaios-p4","$v":"È possibile cambiare queste impostazioni in Impostazioni > Privacy e sicurezza > Informazioni su KaiOS."},{"$i":"about-kaios-agree","$v":"Desidero offrire il mio contributo inviando dati analitici."},{"$i":"about-kaios-age","$v":"Sono maggiore di 16 anni."},{"$i":"about-kaios-ad","$v":"Utilizza i dati personali per migliorare la mia esperienza con gli annunci pubblicitari."},{"$i":"deselect","$v":"Deseleziona"},{"$i":"selectKeyboard","$v":"Seleziona tastiera"},{"$i":"send-data-via","$v":"Invia dati tramite"},{"$i":"wifi-and-carrier-data","$v":"Wi-Fi e dati operatore"},{"$i":"wifi-only","$v":"Solo Wi-Fi"},{"$i":"more","$v":"Altro >"},{"$i":"qtn_oobe_high_volume","$v":"Fare attenzione al volume elevato nella modalità accessibilità."},{"$i":"qtn_oobe_enter","$v":"Accedere alla modalità accessibilità?"},{"$i":"qtn_oobe_hdr_senior_mode","$v":"Modalità accessibilità"},{"$i":"qtn_oobe_hdr_ICE","$v":"Informazioni ICE"},{"$i":"qtn_oobe_rem_create_ICE","$v":"Creare i dettagli ICE, utili in caso di emergenza."},{"$i":"qtn_oobe_set_ICE_contact","$v":"Dopo l'avvio del dispositivo,"},{"$i":"qtn_oobe_btn_ICE_info","$v":"Crea informazioni ICE"},{"$i":"qtn-privacy-terms-welcome","$v":"Benvenuti"},{"$i":"qtn-privacy-policy-description-1","$v":["Grazie per aver scelto ",{"t":"idOrVar","v":"WDM"},"."]},{"$i":"qtn-privacy-policy-description-2","$v":"L'uso di servizi e applicazioni di HMD Global è disciplinato dall'Informativa sulla Privacy di HMD Global, disponibile sul sito www.nokia.com/mobile-privacy."},{"$i":"qtn-privacy-policy-description-3","$v":["L'uso di software, servizi e applicazioni di KaiOS presenti nel dispositivo è disciplinato dalle Condizioni di licenza e dall'Informativa sulla Privacy di KaiOS, disponibile su ",{"t":"idOrVar","v":"WDM"},"."]},{"$i":"qtn-privacy-policy-description-4","$v":{"$o":"Le informazioni di attivazione del dispositivo, con un messaggio una tantum relativo alla posizione, e le informazioni relative al dispositivo e alla rete verranno inviate a KAI & HMD."}},{"$i":"qtn-privacy-policy-description-5","$v":"Tali informazioni consentono a HMD di fornire soluzioni più adeguate al paese di residenza dell'utente, offrire aggiornamenti software, assistenza al cliente e attivare servizi."},{"$i":"qtn-privacy-policy-description-6","$v":"Possono essere applicati addebiti per il traffico dati."},{"$i":"qtn-privacy-policy-description-7","$v":"L'uso di altre funzionalità del dispositivo potrà essere soggetto a informative o ulteriori comunicazioni."},{"$i":"data-connectivity","$v":"Messaggio di avviso"},{"$i":"data-message","$v":"Questa procedura guidata potrebbe utilizzare i dati della rete cellulare durante la configurazione iniziale dello smartphone."}]