[{"$i":"wifi","$v":"აირჩიეთ ქსელი"},{"$i":"ssid","$v":"SSID"},{"$i":"no-wifi-found","$v":"ხელმისაწვდომი ქსელები არ არის"},{"$i":"wifi-searching","$v":"ქსელების ძიება…"},{"$i":"security-open","$v":"გახსნა"},{"$i":"shortStatus-connecting","$v":"დაკავშირება…"},{"$i":"shortStatus-associated","$v":"IP მისამართის მიღება…"},{"$i":"shortStatus-authenticating","$v":"ავთენტიფიკაცია…"},{"$i":"shortStatus-connected","$v":"დაკავშირებული"},{"$i":"shortStatus-connectingfailed","$v":"დაკავშირება ვერ მოხერხდა"},{"$i":"shortStatus-disconnected","$v":"ოფლაინი"},{"$i":"shortStatus-connected-no-internet","$v":"დაკავშირებულია, ინტერნეტი არ არის"},{"$i":"securityWEP","$v":"WEP"},{"$i":"securityWPA-PSK","$v":"WPA-PSK"},{"$i":"securityWPA-EAP","$v":"WPA-EAP"},{"$i":"securityWPA2-PSK","$v":"WPA2-PSK"},{"$i":"securityWPA/WPA2-PSK","$v":"WPA/WPA2-PSK"},{"$i":"securedBy","$v":[{"t":"idOrVar","v":"capabilities"}]},{"$i":"securedByWay","$v":["დაცულია ",{"t":"idOrVar","v":"capabilities"},"-ის მიერ"]},{"$i":"security","$v":"უსაფრთხოება"},{"$i":"signalStrength","$v":"სიგნალის სიძლიერე"},{"$i":"signalLevel0","$v":"ძალიან სუსტი"},{"$i":"signalLevel1","$v":"სუსტი"},{"$i":"signalLevel2","$v":"საშუალო"},{"$i":"signalLevel3","$v":"კარგი"},{"$i":"signalLevel4","$v":"ძალიან კარგი"},{"$i":"ipAddress","$v":"IP მისამართი"},{"$i":"linkSpeed","$v":"ბმულის სიჩქარე"},{"$i":"linkSpeedMbs","$v":[{"t":"idOrVar","v":"linkSpeed"}," Mbit/s"]},{"$i":"wifi-rescan","$v":"ხელახლა სკანირება"},{"$i":"wifi-join-fail","$v":["ქსელთან დაკავშირება შეუძლებელია ",{"t":"idOrVar","v":"n"},"."]},{"$i":"wifi-connect-fail","$v":["არასწორი პაროლი ",{"t":"idOrVar","v":"n"},"-თვის."]},{"$i":"wifi-ip-set-fail","$v":"IP პარამეტრები ჩაიშალა."},{"$i":"wifi-pw-length-error","$v":"პაროლი უნდა იყოს 8 სიმბოლოზე მეტი."},{"$i":"password","$v":"პაროლი"},{"$i":"showPassword","$v":"მაჩვენე პაროლი"},{"$i":"connect","$v":"დაკავშირება"},{"$i":"rescanCompleted","$v":"ხელახლა სკანირება დასრულებულია."},{"$i":"failedToConnect","$v":"დაკავშირება ვერ მოხერხდა"},{"$i":"select","$v":"არჩევა"},{"$i":"skip","$v":"გამოტ."},{"$i":"next","$v":"შემდეგი"},{"$i":"accept","$v":"თანხმობა"},{"$i":"cancel","$v":"გაუქმება"},{"$i":"ok","$v":"OK"},{"$i":"notNow","$v":"ახლა არა"},{"$i":"forget","$v":"დავიწყება"},{"$i":"confirmation","$v":"დადასტურება"},{"$i":"forget-network","$v":"დაგავიწყდათ ქსელი?"},{"$i":"network-forgotten","$v":"ქსელი დავიწყებულია."},{"$i":"hfa","$v":"HFA"},{"$i":"setup-phone-verification","$v":"ტელ. შემოწმება"},{"$i":"phone-verification-entry-message","$v":"ანგ. დაყენება თქვენი ნომრის შემოწმებით მაღაზიაში და დამატ. სერვისებთან წვდომისთვის."},{"$i":"phone-verification-skip-message","$v":"თქვენი ტე. შემოწმ. დასრულდა. შეგიძლიათ მოგვიანებით შეამოწმ. პარამეტრებში > ანგარიში. შემოწმ. საჭიროა მაღაზიასთან და დამატებით სერვისებთან წვდომისთვის."},{"$i":"setup-account","$v":"KaiOS ანგარიშის დაყენება"},{"$i":"create-account-li","$v":"ანგარიშის შექმნა"},{"$i":"login-account-li","$v":"შესვლა"},{"$i":"account-setup-message","$v":"დაიცავით თქვენი ინფორმაცია KaiOS-ის ანგარიშით. თუ როდესმე დაკარგავთ ტელეფონს, თქვენი KaiOS ანგარიში საშუალებას მოგცემთ დისტანციურად დაბლოკით ან წაშალოთ ყველა მონაცემი თქვენი ტელეფონიდან. თქვენ ასევე შეგიძლიათ მოგვიანებით დააყენოთ თქვენი KaiOS ანგარიი პარამეტრებში."},{"$i":"sign-in-success","$v":"სისტემაში შესვლა წარმატებულად"},{"$i":"account-welcome","$v":"მოგესალმებით"},{"$i":"logged-in-message","$v":[{"t":"idOrVar","v":"email"}]},{"$i":"anti-theft","$v":"დამცავი სისტემა"},{"$i":"anti-theft-info","$v":"ვიმედოვნებთ, არასოდეს დაკარგავთ ტელეფონს, მაგრამ თუ ასე მოხდება, შეგიძლიათ თქვენი მონაცემები დაიცვათ ჩვენი დისტანციური ბლოკირების ან წაშლის ფუნქციებით. როდესაც მზად იქნებით, შედით პარამეტრებში რათა დააყენოთ თქვენი KaiOS ანგარიში."},{"$i":"companion-phone","$v":"კომპანიონი ტელეფონი"},{"$i":"companion-phone-info","$v":"დააინსტალირეთ KaiOS კომპანიონი აპი სმარტფონში კონტაქტების სინქრონიზაციისა და ფაილების გადაცემისთვის ძირითად მოწყობილობასა და KaiOS სისტემის მქონე ტელეფონს შორის."},{"$i":"select-language","$v":"აირჩიეთ ენა"},{"$i":"language-current","$v":"მიმდინარე"},{"$i":"language-readout-on","$v":"ამოკითხვის ფუნქ. ჩართ."},{"$i":"language-readout-off","$v":"ამოკითხვის ფუნქ. გამორთ."},{"$i":"decline-info","$v":"ამ მოწყობილობის გამოსაყენებლად საჭიროა თანხმობა პირობებზე."},{"$i":"kaios-license","$v":"KaiOS ლიცენზიის პირობები"},{"$i":"decline","$v":"უარყოფა"},{"$i":"privacy-confirm","$v":"„მიღებაზე“ დაჭერით თქვენ ეთანხმებით KaiOS ლიცენზიის პირობებსა და კონფიდენციალურობის დებულებას."},{"$i":"open-url","$v":"გახსენით URL"},{"$i":"lyf-license","$v":"LYF ლიცენზიის პირობები"},{"$i":"emergency","$v":"საგანგებო"},{"$i":"pin-incorrect","$v":"არასწორი PIN."},{"$i":"puk-incorrect","$v":"არასწორი PUK."},{"$i":"inputCodeRetriesLeft","$v":{"one":"1 try left.","two":[{"t":"idOrVar","v":"n"}," tries left."],"few":[{"t":"idOrVar","v":"n"}," tries left."],"many":[{"t":"idOrVar","v":"n"}," tries left."],"other":[{"t":"idOrVar","v":"n"}," tries left."]},"$x":[{"t":"idOrVar","v":"plural"},"n"]},{"$i":"inputCodePukRetriesLeft","$v":{"few":[{"t":"idOrVar","v":"n"}," მცდელობა დარჩა."],"many":[{"t":"idOrVar","v":"n"}," მცდელობა დარჩა."],"one":"დარჩა 1 მცდელობა.","other":[{"t":"idOrVar","v":"n"}," მცდელობა დარჩა."],"two":[{"t":"idOrVar","v":"n"}," მცდელობა დარჩა."]},"$x":[{"t":"idOrVar","v":"plural"},"n"]},{"$i":"pin-label","$v":"SIM PIN"},{"$i":"enter-pin","$v":"შეიყვანეთ SIM PIN"},{"$i":"sim1-enter-pin","$v":"შეიყვანეთ SIM1 PIN"},{"$i":"sim2-enter-pin","$v":"შეიყვანეთ SIM2 PIN"},{"$i":"done","$v":"დას."},{"$i":"enter-puk","$v":"შეიყვანეთ PUK"},{"$i":"sim1-enter-puk","$v":"შეიყვანეთ SIM1 PUK"},{"$i":"sim2-enter-puk","$v":"შეიყვანეთ SIM2 PUK"},{"$i":"puk-label","$v":"PUK"},{"$i":"new-pin-label","$v":"ახალი SIM PIN(4-8 ციფრი)"},{"$i":"confirm-new-pin-label","$v":"დაადასტ. ახალი SIM PIN-ი"},{"$i":"pincode-length-error","$v":"SIM PIN უნდა შედგებოდეს 4–8 ციფრ."},{"$i":"pin-final-locked","$v":"SIM ბარ. დაბლოკ."},{"$i":"pin-final-failed-text","$v":"გსურთ შეიყვანოთ PUK კოდი SIM ბარათის განსაბლოკად?"},{"$i":"sim-locked","$v":"SIM დაბლოკილია"},{"$i":"sim1-locked","$v":"SIM1 დაბლოკილია"},{"$i":"sim2-locked","$v":"SIM2 დაბლოკილია"},{"$i":"new-pin-confirm-error","$v":"ახალი SIM PIN-ის დადასტ. ვერ მოხერხდა."},{"$i":"puk-final-locked","$v":"არასწორი PUK."},{"$i":"puk-final-failed-text","$v":"თქვენი SIM ბარათი დროებით დაბლოკილია. მეტი ინფორმაციისთვის დაუკავშირდით თქვენ მობილურ ოპერატორს."},{"$i":"about-kaios","$v":"შესახებ KaiOS"},{"$i":"about-kaios-p1","$v":"კეთილი იყოს თქვენი მობრძანება KaiOS."},{"$i":"about-kaios-p2","$v":"ჩვენი ამოცანაა, გაიზარდოს შესაძლებლობები ინდივიდების, მათი ოჯახების და თემების მეშვეობით, რათა უზრუნველყოს დიდი ციფრული პროდუქტებისა და მომსახურების ხელმისაწვდომობა რეალობა საზოგადოების ყველა წევრისთვის."},{"$i":"about-kaios-p3","$v":"თქვენ შეგიძლიათ დაგვეხმაროთ ანალიტიკური მონაცემების ავტომატურად გაგზავნის გზით პროდუქციისა და მომსახურების გასაუმჯობესებლად. იხილეთ ჩვენი კონფიდენციალურობის პირობები, რათა გაიგოთ, თუ როგორ ვამუშავებთ მონაცემებს თქვენს მოწყობილობებზე."},{"$i":"about-kaios-p4","$v":{"$o":"ამ პარამეტრების შეცვლა შეგიძლიათ პარამეტრები> კონფიდენც. & უსაფრთხ.> KaiOS- ს შესახებ."}},{"$i":"about-kaios-agree","$v":"ანალიტიკოსების მონაცემების გაგზავნა მინდა."},{"$i":"about-kaios-age","$v":"მე ვარ 16 წლის ასაკში."},{"$i":"about-kaios-ad","$v":"გამოიყენე ჩემი მონაცემები ჩემი სარეკლამო გამოცდილების გასაუმჯობესებლად."},{"$i":"deselect","$v":"მონიშვნის მოხსნა"},{"$i":"selectKeyboard","$v":"აირჩიეთ კლავიატურა"},{"$i":"send-data-via","$v":"გაგზავნეთ მონაცემები"},{"$i":"wifi-and-carrier-data","$v":"Wi-Fi და მობილური მონაცემები"},{"$i":"wifi-only","$v":"მხოლოდ Wi-Fi"},{"$i":"more","$v":"მეტი >"},{"$i":"qtn_oobe_high_volume","$v":"გთხოვთ ყურადღება მიაქციოთ მაღალ ხმას წვდომის რეჟიმში."},{"$i":"qtn_oobe_enter","$v":"კიდევ გსურთ შესვლა წვდომის რეჟიმში?"},{"$i":"qtn_oobe_hdr_senior_mode","$v":"წვდომის რეჟიმი"},{"$i":"qtn_oobe_hdr_ICE","$v":"ICE ინფორმაცია"},{"$i":"qtn_oobe_rem_create_ICE","$v":"გთხოვთ შექმენით თქვენი ICE ინფორმაციის დეტალები, რომელიც დაგეხმარებათ საგანგებო შემთხვევაში."},{"$i":"qtn_oobe_set_ICE_contact","$v":"მოწყობილობის ჩატვირთვის შემდეგ, გთხოვთ თავდაპირველად დააყენოთ ICE კონტაქტები."},{"$i":"qtn_oobe_btn_ICE_info","$v":"შექმენით ICE ინფორმაცია"},{"$i":"qtn-privacy-terms-welcome","$v":"მოგესალმებით"},{"$i":"qtn-privacy-policy-description-1","$v":["გმადლობთ, რომ ირჩევთ ",{"t":"idOrVar","v":"WDM"},"–ს."]},{"$i":"qtn-privacy-policy-description-2","$v":"თქვენს მოწყობილობაში HMD Global-ის სერვისების და აპლიკაციების გამოყენებაზე ვრცელდება HMD Global-ის კონფ. დებულება, რომელიც ხელმისაწვდომია მისამართზე: www.nokia.com/mobile-privacy."},{"$i":"qtn-privacy-policy-description-3","$v":["თქვენს მოწყობილობაში KaiOS პროგრამული უზრუნველყოფის, სერვისების და პროგრამების გამოყენებაზე ვრცელდება KaiOS EULA-ს და კონფიდენციალურობის დებულება, რომელიც ხელმისაწვდომია მისამართზე: ",{"t":"idOrVar","v":"WDM"},"."]},{"$i":"qtn-privacy-policy-description-4","$v":{"$o":"მოწყობილობის აქტივაციის ინფორმაცია, ერთჯერადად მიღებული მოწყობილობის მდებარეობა, ასევე უნიკალური ინფორმაცია თქვენი მოწყობილობისა და ქსელის შესახებ KAI & HMD-ს გაეგზავნება."}},{"$i":"qtn-privacy-policy-description-5","$v":"ეს ინფორმაცია საშუალებას გვაძლევს, უფრო ეფექტურად დავაკმაყოფილოთ მოთხოვნა თქვენს ქვეყანაში, უზრუნველვყოთ პროგრამული უზრუნველყოფის განახლებები, კლიენტთა მხარდაჭერა და სერვისების გააქტიურება."},{"$i":"qtn-privacy-policy-description-6","$v":"შეიძლება დაგეკისროთ გადასახადი მონაცემების გადაცემისთვის."},{"$i":"qtn-privacy-policy-description-7","$v":"მოწყ.-ის სხვადასხვა ფუნქციის გამოყენებისას შეიძლება კონფ.-ის ან სხვა შეტყობინებები გამოჩნდეს."},{"$i":"data-connectivity","$v":"გაფრთხ. შეტყ."},{"$i":"data-message","$v":"დაყენების ოსტატმა შეიძლება გამოიყენოს თქვენი მონაცემები მობილურ ქსელში სმარტფონსი თავდაპირველი დაყენებისას."}]