[{"$i":"wifi","$v":"Желіні таңдау"},{"$i":"ssid","$v":"SSID"},{"$i":"no-wifi-found","$v":"Қолжетімді желілер жоқ"},{"$i":"wifi-searching","$v":"Желілер ізделуде…"},{"$i":"security-open","$v":"Ашу"},{"$i":"shortStatus-connecting","$v":"Қосылуда…"},{"$i":"shortStatus-associated","$v":"IP алынуда…"},{"$i":"shortStatus-authenticating","$v":"Куәландыру…"},{"$i":"shortStatus-connected","$v":"Қосылды"},{"$i":"shortStatus-connectingfailed","$v":"Қосылу сәтсіз болды"},{"$i":"shortStatus-disconnected","$v":"Офлайн"},{"$i":"shortStatus-connected-no-internet","$v":"Қосылды, интернет жоқ"},{"$i":"securityWEP","$v":"WEP"},{"$i":"securityWPA-PSK","$v":"WPA-PSK"},{"$i":"securityWPA-EAP","$v":"WPA-EAP"},{"$i":"securityWPA2-PSK","$v":"WPA2-PSK"},{"$i":"securityWPA/WPA2-PSK","$v":"WPA/WPA2-PSK"},{"$i":"securedBy","$v":[{"t":"idOrVar","v":"capabilities"}]},{"$i":"securedByWay","$v":[{"t":"idOrVar","v":"capabilities"}," арқ. қорғ."]},{"$i":"security","$v":"Қауіпсіздік"},{"$i":"signalStrength","$v":"Сигнал деңгейі"},{"$i":"signalLevel0","$v":"Өте нашар"},{"$i":"signalLevel1","$v":"Әлсіз"},{"$i":"signalLevel2","$v":"Орташа"},{"$i":"signalLevel3","$v":"Жақсы"},{"$i":"signalLevel4","$v":"Өте жақсы"},{"$i":"ipAddress","$v":"IP мекенжайы"},{"$i":"linkSpeed","$v":"Байланыс жылдамдығы"},{"$i":"linkSpeedMbs","$v":[{"t":"idOrVar","v":"linkSpeed"}," Mbit/s"]},{"$i":"wifi-rescan","$v":"Қайта іздеу"},{"$i":"wifi-join-fail","$v":[{"t":"idOrVar","v":"n"}," желісіне қосылу мүмкін емес."]},{"$i":"wifi-connect-fail","$v":[{"t":"idOrVar","v":"n"}," үшін дұрыс емес кілтсөз."]},{"$i":"wifi-ip-set-fail","$v":"IP параметрлері сәтсіз болды."},{"$i":"wifi-pw-length-error","$v":"Кілтсөз 8 артық болуы тиіс."},{"$i":"password","$v":"Кілтсөз"},{"$i":"showPassword","$v":"Кілтсөзді көрсету"},{"$i":"connect","$v":"Қосу"},{"$i":"rescanCompleted","$v":"Қайта сканерлеу аяқталды."},{"$i":"failedToConnect","$v":"Қосылу мүмкін болмады"},{"$i":"select","$v":"Таңдау"},{"$i":"skip","$v":"Өткізіп жіберу"},{"$i":"next","$v":"Келесі"},{"$i":"accept","$v":"Қабылдау"},{"$i":"cancel","$v":"Бас тарту"},{"$i":"ok","$v":"OK"},{"$i":"notNow","$v":"Қазір емес"},{"$i":"forget","$v":"Ұмыту"},{"$i":"confirmation","$v":"Растау"},{"$i":"forget-network","$v":"Желіні ұмыту керек пе?"},{"$i":"network-forgotten","$v":"Желі ұмытылды."},{"$i":"hfa","$v":"HFA"},{"$i":"setup-phone-verification","$v":"Телефонды тексеру"},{"$i":"phone-verification-entry-message","$v":"Дүкенге және басқа қызметтерге кіру үшін нөміріңізді тексеру арқылы есептік жазбаны реттеңіз."},{"$i":"phone-verification-skip-message","$v":"Телефоныңызды тексеру аяқталмады. Параметрлер > Есептік жазба бөлімінде кейінірек тексере аласыз. Тексеру дүкенге және басқа қызметтерге кіру үшін қажет."},{"$i":"setup-account","$v":"KaiOS ес. жазб. орнату"},{"$i":"create-account-li","$v":"Есептік жазба жасау"},{"$i":"login-account-li","$v":"Кіру"},{"$i":"account-setup-message","$v":"KaiOS есептік жазбасы арқылы ақпаратыңызды қауіпсіз сақтаңыз. Телефоныңыз жоғалса, KaiOS есептік жазбасы қашықтан құлыптауға немесе телефоныңыздағы барлық деректерді жоюға мүмкіндік береді. Сондай-ақ, KaiOS есептік жазбасын кейін \"Параметрлер\" бөлімінде реттеуге болады."},{"$i":"sign-in-success","$v":"Кіру сәтті болды"},{"$i":"account-welcome","$v":"Қош келдіңіз"},{"$i":"logged-in-message","$v":[{"t":"idOrVar","v":"email"}]},{"$i":"anti-theft","$v":"Ұрлықтан қорғаныс"},{"$i":"anti-theft-info","$v":"Телефоныңызды ешқашан жоғалтпайсыз деп сенеміз, бірақ жоғалтсаңыз, деректеріңізді қашықтан құлыптау және жою функцияларымыз арқылы қорғай аласыз. Дайын болсаңыз, KaiOS есептік жазбасын реттеу үшін \"Параметрлер\" бөліміне өтіңіз."},{"$i":"companion-phone","$v":"Серіктес телефон"},{"$i":"companion-phone-info","$v":"Негізгі құрылғыңыз және KaiOS жүйесі орнатылған телефон арасында контактілерді синхрондау және файлдарды тасымалдау үшін KaiOS серіктес қолданбасын орнатыңыз."},{"$i":"select-language","$v":"Тілді таңдау"},{"$i":"language-current","$v":"Ағымдағы"},{"$i":"language-readout-on","$v":"Оқып алу қосулы"},{"$i":"language-readout-off","$v":"Оқып алу өшірулі"},{"$i":"decline-info","$v":"Бұл құрылғыны пайдалану үшін шарттарды қабылдау қажет."},{"$i":"kaios-license","$v":"KaiOS лицензия шарттары"},{"$i":"decline","$v":"Қабылдамау"},{"$i":"privacy-confirm","$v":"Қабылдау\" түймесін басу арқылы KaiOS лицензия шарттарына және Құпиялық саясатына келісесіз."},{"$i":"open-url","$v":"URL АШУ"},{"$i":"lyf-license","$v":"LYF лицензия шарттары"},{"$i":"emergency","$v":"Төтенше"},{"$i":"pin-incorrect","$v":"Дұрыс емес PIN."},{"$i":"puk-incorrect","$v":"Дұрыс емес PUK."},{"$i":"inputCodeRetriesLeft","$v":{"few":[{"t":"idOrVar","v":"n"}," әрекет қалды."],"many":[{"t":"idOrVar","v":"n"}," әрекет қалды."],"one":"(Қате PIN. 1 мүмкіндік қалды.)","other":[{"t":"idOrVar","v":"n"}," әрекет қалды."],"two":["(Қате PIN. ",{"t":"idOrVar","v":"n"}," мүмкіндік қалды.)"]},"$x":[{"t":"idOrVar","v":"plural"},"n"]},{"$i":"inputCodePukRetriesLeft","$v":{"few":[{"t":"idOrVar","v":"n"}," әрекет қалды."],"many":[{"t":"idOrVar","v":"n"}," әрекет қалды."],"one":"1 әрекет қалды.","other":[{"t":"idOrVar","v":"n"}," әрекет қалды."],"two":[{"t":"idOrVar","v":"n"}," әрекет қалды."]},"$x":[{"t":"idOrVar","v":"plural"},"n"]},{"$i":"pin-label","$v":"SIM PIN"},{"$i":"enter-pin","$v":"SIM PIN енгізу"},{"$i":"sim1-enter-pin","$v":"SIM1 PIN енгізу"},{"$i":"sim2-enter-pin","$v":"SIM2 PIN енгізу"},{"$i":"done","$v":"Болды"},{"$i":"enter-puk","$v":"PUK енгізу"},{"$i":"sim1-enter-puk","$v":"SIM1 PUK енгізу"},{"$i":"sim2-enter-puk","$v":"SIM2 PUK енгізу"},{"$i":"puk-label","$v":"PUK"},{"$i":"new-pin-label","$v":"Жаңа SIM PIN (4-8 цифр)"},{"$i":"confirm-new-pin-label","$v":"Жаңа SIM PIN раст."},{"$i":"pincode-length-error","$v":"SIM PIN 4–8 цифр."},{"$i":"pin-final-locked","$v":"SIM карта құлыпталған."},{"$i":"pin-final-failed-text","$v":"SIM картасының құлпын ашу үшін PUK кодын енгізгіңіз келе ме?"},{"$i":"sim-locked","$v":"SIM құлыпталған"},{"$i":"sim1-locked","$v":"SIM1 құлыпталған"},{"$i":"sim2-locked","$v":"SIM2 құлыпталған"},{"$i":"new-pin-confirm-error","$v":"Жаңа SIM PIN расталмады."},{"$i":"puk-final-locked","$v":"Дұрыс емес PUK."},{"$i":"puk-final-failed-text","$v":"SIM картаңыз біржола құлыпталды. Қосымша ақпарат алу үшін байланыс операторына хабарласыңыз."},{"$i":"about-kaios","$v":"KaiOS туралы"},{"$i":"about-kaios-p1","$v":"KaiOS-қа қош келдіңіз."},{"$i":"about-kaios-p2","$v":"Біздің міндетіміз - адамдарға, олардың отбасыларына және қоғамдастықтарға үлкен сандық өнімдер мен қызметтерге қол жеткізу арқылы қоғамның барлық мүшелері үшін шындыққа қол жеткізу арқылы мүмкіндіктер ашу."},{"$i":"about-kaios-p3","$v":"Сіз аналитикалық деректерді автоматты түрде жіберу арқылы өнімдер мен қызметтерді жақсартуға көмектесе аласыз. Құрылғыларыңыздағы деректерді өңдеу әдістерін үйрену үшін біздің құпиялылық шарттарымызды қараңыз."},{"$i":"about-kaios-p4","$v":"Бұл параметрлерді Параметрлер > Құпиялық және қауіпс > KaiOS туралы өзгерте аласыз."},{"$i":"about-kaios-agree","$v":"Талдаулар деректерін жіберу арқылы көмектескім келеді."},{"$i":"about-kaios-age","$v":"Мен 16 жастан асқанмын."},{"$i":"about-kaios-ad","$v":"Жарнамалық тәжірибемді жақсарту үшін деректерімді пайдалану."},{"$i":"deselect","$v":"Таңдауды алу"},{"$i":"selectKeyboard","$v":"Пернетақтаны таңдау"},{"$i":"send-data-via","$v":"Деректер арқылы жіберу"},{"$i":"wifi-and-carrier-data","$v":"Wi-Fi және ұялы деректер"},{"$i":"wifi-only","$v":"Тек Wi-Fi"},{"$i":"more","$v":"Қосымша >"},{"$i":"qtn_oobe_high_volume","$v":"Арнайы мүмкіндіктер режимінде жоғары дыбыс деңгейіне назар аударыңыз."},{"$i":"qtn_oobe_enter","$v":"Арнайы мүмкіндіктер режиміне кіргіңіз келе ме?"},{"$i":"qtn_oobe_hdr_senior_mode","$v":"Арнайы мүмкіндіктер режимі"},{"$i":"qtn_oobe_hdr_ICE","$v":"ICE ақпараты"},{"$i":"qtn_oobe_rem_create_ICE","$v":"Төтенше жағдайларда сізге көмектесетін ICE мәліметтерін жасаңыз."},{"$i":"qtn_oobe_set_ICE_contact","$v":"Құрылғыны іске қосқаннан кейін,"},{"$i":"qtn_oobe_btn_ICE_info","$v":"ICE ақпаратын жасау"},{"$i":"qtn-privacy-terms-welcome","$v":"Қош келдіңіз"},{"$i":"qtn-privacy-policy-description-1","$v":[{"t":"idOrVar","v":"WDM"}," құрылғысын сатып алғаныңызға алғысымызды білдіреміз."]},{"$i":"qtn-privacy-policy-description-2","$v":"Құрылғыңыздағы HMD Global қызметтері мен бағдарламаларын пайдалануыңыз www.nokia.com/mobile-privacy сайтында берілген HMD Global құпиялылық саясаты арқылы реттеледі."},{"$i":"qtn-privacy-policy-description-3","$v":["Құрылғыңызда KaiOS бағдарламалық құралын, қызметтерін және бағдарламаларын пайдалануыңыз ",{"t":"idOrVar","v":"WDM"}," арқылы қолжетімді KaiOS лицензиялық келісімі және құпиялылық шарттары арқылы реттеледі."]},{"$i":"qtn-privacy-policy-description-4","$v":{"$o":"Бір реттік құрылғы орналасуымен, бірегей құрылғы және желі туралы ақпаратпен бірге құрылғыны белсендіру туралы ақпарат KAI & HMD компаниясына жіберіледі."}},{"$i":"qtn-privacy-policy-description-5","$v":"Бұл ақпарат еліңізді талаптарды жақсырақ қанағаттандыруға, SW жаңартуларын беруге, тұтынушы қолдауын ұсынуға және қызметтерді іске қосуға мүмкіндік береді."},{"$i":"qtn-privacy-policy-description-6","$v":"Деректерді жіберу үшін ақы алынуы мүмкін."},{"$i":"qtn-privacy-policy-description-7","$v":"Құрылғыңыздың басқа мүмкіндіктерін пайдаланғанда құпиялылық туралы немесе басқа хабарландырулар берілуі мүмкін."},{"$i":"data-connectivity","$v":"Ескерту хабары"},{"$i":"data-message","$v":"Смартфон үшін бастапқы орнату кезінде орнату шебері деректерді мобильді желі арқылы пайдалануы мүмкін."}]