[{"$i":"wifi","$v":"ជ្រើស​បណ្ដាញ"},{"$i":"ssid","$v":"SSID"},{"$i":"no-wifi-found","$v":"គ្មាន​បណ្ដាញ​ដែល​អាច​រក​បាន"},{"$i":"wifi-searching","$v":"កំពុង​ស្វែង​រក​បណ្ដាញ…"},{"$i":"security-open","$v":"បើក"},{"$i":"shortStatus-connecting","$v":"កំពុង​ភ្ជាប់…"},{"$i":"shortStatus-associated","$v":"ទទួល​អាសយដ្ឋាន IP…"},{"$i":"shortStatus-authenticating","$v":"កំពុង​ផ្ទៀងផ្ទាត់​អត្ត​សញ្ញាណ…"},{"$i":"shortStatus-connected","$v":"បាន​ភ្ជាប់"},{"$i":"shortStatus-connectingfailed","$v":"ការភ្ជាប់​មិន​បាន​សម្រេច"},{"$i":"shortStatus-disconnected","$v":"ក្រៅ​បណ្តាញ"},{"$i":"shortStatus-connected-no-internet","$v":"បាន​ភ្ជាប់ គ្មាន​អ៊ីនធឺណិត"},{"$i":"securityWEP","$v":"WEP"},{"$i":"securityWPA-PSK","$v":"WPA-PSK"},{"$i":"securityWPA-EAP","$v":"WPA-EAP"},{"$i":"securityWPA2-PSK","$v":"WPA2-PSK"},{"$i":"securityWPA/WPA2-PSK","$v":"WPA/WPA2-PSK"},{"$i":"securedBy","$v":[{"t":"idOrVar","v":"capabilities"}]},{"$i":"securedByWay","$v":["ការពារ​ដោយ ",{"t":"idOrVar","v":"capabilities"}]},{"$i":"security","$v":"សុវត្ថិភាព"},{"$i":"signalStrength","$v":"កម្លាំង​សញ្ញា"},{"$i":"signalLevel0","$v":"ខ្សោយ​ណាស់"},{"$i":"signalLevel1","$v":"ខ្សោយ"},{"$i":"signalLevel2","$v":"មធ្យម"},{"$i":"signalLevel3","$v":"ល្អ"},{"$i":"signalLevel4","$v":"ល្អ​ណាស់"},{"$i":"ipAddress","$v":"អាសយដ្ឋាន IP"},{"$i":"linkSpeed","$v":"ល្បឿន​ភ្ជាប់"},{"$i":"linkSpeedMbs","$v":[{"t":"idOrVar","v":"linkSpeed"}," Mbit/s"]},{"$i":"wifi-rescan","$v":"ស្កេន​ឡើង​វិញ"},{"$i":"wifi-join-fail","$v":["មិន​អាច​ចូល​រួម​បណ្ដាញ ",{"t":"idOrVar","v":"n"}," ទេ។"]},{"$i":"wifi-connect-fail","$v":["ពាក្យ​សម្ងាត់​មិន​ត្រឹមត្រូវ​សម្រាប់ ",{"t":"idOrVar","v":"n"},"។"]},{"$i":"wifi-ip-set-fail","$v":"ការកំណត់ IP មាន​បញ្ហា។"},{"$i":"wifi-pw-length-error","$v":"ពាក្យ​សម្ងាត់​ត្រូវ​លើស 8 តួ។"},{"$i":"password","$v":"ពាក្យ​សម្ងាត់"},{"$i":"showPassword","$v":"បង្ហាញ​ពាក្យ​សម្ងាត់"},{"$i":"connect","$v":"ភ្ជាប់"},{"$i":"rescanCompleted","$v":"ការស្កេន​ឡើង​វិញ​បញ្ចប់​ហើយ។"},{"$i":"failedToConnect","$v":"ភ្ជាប់​មិន​បាន​សម្រេច"},{"$i":"select","$v":"ជ្រើស"},{"$i":"skip","$v":"រំលង"},{"$i":"next","$v":"បន្ទាប់"},{"$i":"accept","$v":"ទទួល​យក"},{"$i":"cancel","$v":"បោះ​បង់"},{"$i":"ok","$v":"យល់​ព្រម"},{"$i":"notNow","$v":"កុំ​ទាន់"},{"$i":"forget","$v":"បំភ្លេច"},{"$i":"confirmation","$v":"ការបញ្ជាក់"},{"$i":"forget-network","$v":"បំភ្លេច​បណ្ដាញ​ឬ?"},{"$i":"network-forgotten","$v":"ភ្លេច​បណ្ដាញ។"},{"$i":"hfa","$v":"HFA"},{"$i":"setup-phone-verification","$v":"ការផ្ទៀងផ្ទាត់​ទូរសព្ទ"},{"$i":"phone-verification-entry-message","$v":"បង្កើត​គណនី​មួយ​ដោយ​ផ្ទៀងផ្ទាត់​លេខ​របស់​អ្នក​ដើម្បី​ចូល​ប្រើ​ឃ្លាំង និង​សេវា​បន្ថែម​ទៀត។"},{"$i":"phone-verification-skip-message","$v":"ការផ្ទៀងផ្ទាត់​ទូរសព្ទ​របស់​អ្នក​មិន​ទាន់​ហើយ​ទេ។ អ្នក​អាច​ផ្ទៀងផ្ទាត់​ពេល​ក្រោយ​ក្នុង​ការ​កំណត់ > គណនី។ ការផ្ទៀងផ្ទាត់​គឺ​ចាំបាច់​សម្រាប់​ចូល​ប្រើ​ឃ្លាំង និង​សេវា​បន្ថែម​ទៀត។"},{"$i":"setup-account","$v":"ដំឡើង​គណនី KaiOS"},{"$i":"create-account-li","$v":"បង្កើត​គណនី"},{"$i":"login-account-li","$v":"ចូល"},{"$i":"account-setup-message","$v":"រក្សា​សុវត្ថិភាព​ព័ត៌មាន​អ្នក​ដោយ​ប្រើ​គណនី KaiOS។ បើ​អ្នក​បាត់​ទូរស័ព្ទ គណនី KaiOS នឹង​អនុញ្ញាត​ឱ្យ​អ្នក​ចាក់​សោ ឬ​លុប​ទិន្នន័យ​លើ​ទូរស័ព្ទ​អ្នក​ទាំង​អស់​ពី​ចម្ងាយ​បាន។ អ្នក​ក៏​អាច​ដំឡើង​គណនី KaiOS ក្នុង​ការកំណត់​នៅ​ពេល​ក្រោយ​បាន​ដែរ។"},{"$i":"sign-in-success","$v":"ចូល​បាន​ហើយ"},{"$i":"account-welcome","$v":"ស្វាគមន៍"},{"$i":"logged-in-message","$v":[{"t":"idOrVar","v":"email"}]},{"$i":"anti-theft","$v":"ការពារ​ចោរ​លួច"},{"$i":"anti-theft-info","$v":"យើង​សង្ឃឹម​ថា អ្នក​នឹង​មិន​បាត់​ទូរស័ព្ទ​ទេ ប៉ុន្តែ​បើ​រឿង​នេះ​កើត​ឡើង អ្នក​អាច​ការពារ​ទិន្នន័យ​អ្នក​ដោយ​ប្រើ​មុខងារ​ចាក់​សោ និង​លុប​ពី​ចម្ងាយ​បាន។ នៅ​ពេល​អ្នក​រួចរាល់ សូម​ទៅ​កាន់​ការកំណត់​ដើម្បី​ដំឡើង​គណនី KaiOS។"},{"$i":"companion-phone","$v":"ទូរស័ព្ទដៃគូរ"},{"$i":"companion-phone-info","$v":"បញ្ចូលកម្មវិធីដៃគូរ KaiOS នៅលើស្មាតហ្វូនរបស់អ្នកដើម្បីធ្វើសមកាលភាពទំនាក់ទំនង និងផ្ទេរឯកសាររវាងឧបករណ៍មេរបស់អ្នក និងទូរស័ព្ទដែលមាន KaiOS របស់អ្នក។"},{"$i":"select-language","$v":"ជ្រើស​ភាសា"},{"$i":"language-current","$v":"បច្ចុប្បន្ន"},{"$i":"language-readout-on","$v":"ការអាន​ឮ​បើក"},{"$i":"language-readout-off","$v":"ការអាន​ឮ​បិទ"},{"$i":"decline-info","$v":"តម្រូវ​ឱ្យ​ទទួល​យក​លក្ខខណ្ឌ​ដើម្បី​ប្រើ​ឧបករណ៍​នេះ​បាន។"},{"$i":"kaios-license","$v":"លក្ខខណ្ឌ​អាជ្ញាប័ណ្ណ KaiOS"},{"$i":"decline","$v":"បដិសេធ"},{"$i":"privacy-confirm","$v":"ដោយការចុច “ទទួលយក” លោកអ្នកយល់ព្រមលើលក្ខខណ្ឌអាជ្ញាប័ណ្ណ KaiOS និងគោលការណ៍ឯកជនភាព។"},{"$i":"open-url","$v":"បើក URL"},{"$i":"lyf-license","$v":"លក្ខខណ្ឌ​អាជ្ញាប័ណ្ណ LYF"},{"$i":"emergency","$v":"បន្ទាន់"},{"$i":"pin-incorrect","$v":"PIN មិន​ត្រឹមត្រូវ។"},{"$i":"puk-incorrect","$v":"PUK មិន​ត្រឹមត្រូវ។"},{"$i":"inputCodeRetriesLeft","$v":{"few":["សាក​បាន ",{"t":"idOrVar","v":"n"}," ដង​ទៀត។"],"many":["សាក​បាន ",{"t":"idOrVar","v":"n"}," ដង​ទៀត។"],"one":"(PIN ខុស។ សាក​បាន 1 ដង​ទៀត។)","other":["សាក​បាន ",{"t":"idOrVar","v":"n"}," ដង​ទៀត។"],"two":["(PIN ខុស។ សាក​បាន ",{"t":"idOrVar","v":"n"}," ដង​ទៀត។)"]},"$x":[{"t":"idOrVar","v":"plural"},"n"]},{"$i":"inputCodePukRetriesLeft","$v":{"few":["សាក​បាន ",{"t":"idOrVar","v":"n"}," ដង​ទៀត។"],"many":["សាក​បាន ",{"t":"idOrVar","v":"n"}," ដង​ទៀត។"],"one":"សាក​បាន 1 ដង​ទៀត។","other":["សាក​បាន ",{"t":"idOrVar","v":"n"}," ដង​ទៀត។"],"two":["សាក​បាន ",{"t":"idOrVar","v":"n"}," ដង​ទៀត។"]},"$x":[{"t":"idOrVar","v":"plural"},"n"]},{"$i":"pin-label","$v":"លេខ PIN ស៊ីម"},{"$i":"enter-pin","$v":"បញ្ចូល​លេខ PIN ស៊ីម"},{"$i":"sim1-enter-pin","$v":"បញ្ចូល​លេខ PIN SIM1"},{"$i":"sim2-enter-pin","$v":"បញ្ចូល​លេខ PIN SIM2"},{"$i":"done","$v":"រួច​រាល់"},{"$i":"enter-puk","$v":"បញ្ចូល PUK"},{"$i":"sim1-enter-puk","$v":"បញ្ចូល​លេខ PUK SIM1"},{"$i":"sim2-enter-puk","$v":"បញ្ចូល​លេខ PUK SIM2"},{"$i":"puk-label","$v":"PUK"},{"$i":"new-pin-label","$v":"PIN ស៊ីម​ថ្មី (4-8 ខ្ទង់)"},{"$i":"confirm-new-pin-label","$v":"បញ្ជាក់ PIN ស៊ីម​ថ្មី"},{"$i":"pincode-length-error","$v":"PIN ស៊ីម​ត្រូវ​មាន 4-8 ខ្ទង់។"},{"$i":"pin-final-locked","$v":"បាន​ចាក់​សោ​ស៊ីម​កាត។"},{"$i":"pin-final-failed-text","$v":"តើ​អ្នក​ចង់​បញ្ចូល​កូដ PUK ដើម្បី​ដោះ​សោ​ស៊ីម​កាត​ឬ?"},{"$i":"sim-locked","$v":"បាន​ចាក់​សោ​ស៊ីម"},{"$i":"sim1-locked","$v":"SIM1 ជាប់​សោ"},{"$i":"sim2-locked","$v":"SIM2 ជាប់​សោ"},{"$i":"new-pin-confirm-error","$v":"បញ្ជាក់PIN ស៊ីម​ថ្មី​មិន​បាន។"},{"$i":"puk-final-locked","$v":"PUK មិន​ត្រឹមត្រូវ។"},{"$i":"puk-final-failed-text","$v":"ស៊ីម​កាត​អ្នក​ត្រូវ​បាន​ចាក់​សោ​ជា​អចិន្ត្រៃយ៍។ ទាក់ទង​ក្រុមហ៊ុន​ទូរស័ព្ទ​អ្នក​សម្រាប់​ព័ត៌មាន​បន្ថែម។"},{"$i":"about-kaios","$v":"អំពី KaiOS"},{"$i":"about-kaios-p1","$v":"ស្វាគមន៍មកកាន់ KaiOS ។"},{"$i":"about-kaios-p2","$v":"បេសកកម្មរបស់យើងគឺដើម្បីបើកឱកាសសម្រាប់បុគ្គលគ្រួសារនិងសហគមន៍របស់ពួកគេតាមរយៈការធ្វើឱ្យផលិតផលឌីជីថលនិងសេវាកម្មឌីជីថលក្លាយទៅជាការពិតសម្រាប់សមាជិកទាំងអស់នៃសង្គម។"},{"$i":"about-kaios-p3","$v":"អ្នកអាចជួយយើងកែលម្អផលិតផលនិងសេវាកម្មដោយការផ្ញើទិន្នន័យវិភាគដោយស្វ័យប្រវត្តិ។ មើលលក្ខខណ្ឌសិទ្ធិឯកជនរបស់យើងដើម្បីរៀនពីរបៀបដែលយើងគ្រប់គ្រងទិន្នន័យនៅលើឧបករណ៍របស់អ្នក។"},{"$i":"about-kaios-p4","$v":"អ្នកអាចប្តូរការកំណត់ទាំងនេះនៅក្នុងការកំណត់> ឯកជនភាព និង​សុវត្ថិភាព> អំពី KaiOS ។"},{"$i":"about-kaios-agree","$v":"ខ្ញុំចង់ជួយដោយការផ្ញើទិន្នន័យវិភាគ។"},{"$i":"about-kaios-age","$v":"ខ្ញុំមានអាយុច្រើនជាង 16 ឆ្នាំ។"},{"$i":"about-kaios-ad","$v":"ប្រើទិន្នន័យរបស់ខ្ញុំ ដើម្បីកែលម្អបទពិសោធនៃការផ្សាយពាណិជ្ជកម្មរបស់ខ្ញុំ។"},{"$i":"deselect","$v":"ដក​ការជ្រើស"},{"$i":"selectKeyboard","$v":"ជ្រើសរើស​ក្ដារ​ចុច"},{"$i":"send-data-via","$v":"ផ្ញើទិន្នន័យតាមរយៈ"},{"$i":"wifi-and-carrier-data","$v":"Wi-Fi និងទិន្នន័យចល័ត"},{"$i":"wifi-only","$v":"Wi-Fi ប៉ុណ្ណោះ"},{"$i":"more","$v":"ច្រើន​ទៀត >"},{"$i":"qtn_oobe_high_volume","$v":"សូម​ប្រុង​ប្រយ័ត្ន​ចំពោះ កម្រិត​សំឡេង​ខ្ពស់ក្នុង​ម៉ូដ​ងាយ​ប្រើប្រាស់។"},{"$i":"qtn_oobe_enter","$v":"តើ​អ្នក​នៅ​តែ​ចង់​ចូល​ម៉ូដ​ងាយ​ប្រើប្រាស់​ទៀត​ឬ?"},{"$i":"qtn_oobe_hdr_senior_mode","$v":"ម៉ូដ​ងាយ​ប្រើប្រាស់"},{"$i":"qtn_oobe_hdr_ICE","$v":"ព័ត៌មាន ICE"},{"$i":"qtn_oobe_rem_create_ICE","$v":"សូម​បង្កើត​ព័ត៌មាន​ លម្អិត ICE របស់​អ្នក ដែល​ នឹង​ជួយ​អ្នក​ក្នុង​ករណី​ បន្ទាន់។"},{"$i":"qtn_oobe_set_ICE_contact","$v":"បន្ទាប់​ពី​ចាប់ផ្ដើម​ឧបករណ៍"},{"$i":"qtn_oobe_btn_ICE_info","$v":"បង្កើត​ព័ត៌មាន ICE"},{"$i":"qtn-privacy-terms-welcome","$v":"ស្វាគមន៍"},{"$i":"qtn-privacy-policy-description-1","$v":["សូម​អរគុណ​ដែល​ជ្រើស​រើស ",{"t":"idOrVar","v":"WDM"},"។"]},{"$i":"qtn-privacy-policy-description-2","$v":"ការ​ប្រើប្រាស់​សេវា​កម្ម និង​កម្មវិធី HMD Global របស់​អ្នក​ក្នុង​ឧបករណ៍​របស់​អ្នក​ស្ថិត​ក្រោម​ការ​គ្រប់គ្រង​នៃ​គោលការណ៍​ឯកជន HMD Global ដែល​អាច​រក​បាន​តាម www.nokia.com/mobile-privacy។"},{"$i":"qtn-privacy-policy-description-3","$v":["ការប្រើប្រាស់ software, សេវាកម្ម និង​កម្មវិធី KaiOS ក្នុង​ឧបករណ៍​របស់​អ្នក​ស្ថិត​ក្រោម​ការគ្រប់គ្រង​នៃ EULA និង​លក្ខខណ្ឌ​ឯកជនភាព​របស់ KaiOS ដែល​អាច​រក​បាន​តាម ",{"t":"idOrVar","v":"WDM"},"។"]},{"$i":"qtn-privacy-policy-description-4","$v":{"$o":"ព័ត៌មាន​ដំណើរការ​ឧបករណ៍​ដែល​ផ្ដល់​ទីតាំង​ឧបករណ៍​តែ​ម្ដង​ រួម​ជាមួយ​ព័ត៌មាន​ឧបករណ៍ និង​បណ្តាញ​តែ​មួយ​របស់​អ្នក​នឹង​ត្រូវ​បាន​ផ្ញើ​ទៅ​កាន់ KAI & HMD ។"}},{"$i":"qtn-privacy-policy-description-5","$v":"ព័ត៌មាន​នេះ​បើក​លទ្ធភាព​ឱ្យ​យើង​បំពេញ​តាម​តម្រូវការ​កាន់​តែ​ប្រសើរ​ក្នុង​ប្រទេស​អ្នក ផ្ដល់​ការ​ធ្វើ​បច្ចុប្បន្ន​ភាព SW ការ​គាំទ្រ​អតិថិជន និង​ដំណើរការ​សេវា​កម្ម។"},{"$i":"qtn-privacy-policy-description-6","$v":"អាច​នឹង​មាន​ការគិត​ថ្លៃ​ទិន្នន័យ។"},{"$i":"qtn-privacy-policy-description-7","$v":"ភាព​ឯកជន ឬ​ការ​ជូន​ដំណឹង​ផ្សេង​ទៀត​អាច​ត្រូវ​បាន​ផ្ដល់ នៅ​ពេល​អ្នក​ប្រើប្រាស់​លក្ខណៈ​ពិសេស​ខុសៗ​គ្នា​នៃ​ឧបករណ៍​របស់​អ្នក។"},{"$i":"data-connectivity","$v":"សារព្រមាន"},{"$i":"data-message","$v":"កម្មវិធីគំរូដំឡើងនឹងអាចប្រើប្រាស់ទិន្នន័យតាមបណ្តាញទូរស័ព្ទចល័តអំឡុងពេល​ការដំឡើងដំបូងនៃទូរស័ព្ទឆ្លាតវៃ។"}]