[{"$i":"wifi","$v":"ເລືອກເຄືອຂ່າຍ"},{"$i":"ssid","$v":"SSID"},{"$i":"no-wifi-found","$v":"ບໍ່ມີເຄືອຂ່າຍທີ່ພ້ອມໃຊ້ງານ"},{"$i":"wifi-searching","$v":"ກຳລັງຄົ້ນຫາເຄືອຂ່າຍ…"},{"$i":"security-open","$v":"ເປີດ"},{"$i":"shortStatus-connecting","$v":"ກຳລັງເຊື່ອມຕໍ່…"},{"$i":"shortStatus-associated","$v":"ດ້ຮັບທີ່ຢູ່ IP..."},{"$i":"shortStatus-authenticating","$v":"ການກວດສອບສິດທິ..."},{"$i":"shortStatus-connected","$v":"ເຊື່ອມຕໍ່ແລ້ວ"},{"$i":"shortStatus-connectingfailed","$v":"ການເຊື່ອມຕໍ່ໄດ້ຫຼົ້ມເຫຼວແລ້ວ"},{"$i":"shortStatus-disconnected","$v":"ອອບລາຍ"},{"$i":"shortStatus-connected-no-internet","$v":"ເຊື່ອມຕໍ່ແລ້ວ, ບໍ່ມີອິນເຕີເນັດ"},{"$i":"securityWEP","$v":"WEP"},{"$i":"securityWPA-PSK","$v":"WPA-PSK"},{"$i":"securityWPA-EAP","$v":"WPA-EAP"},{"$i":"securityWPA2-PSK","$v":"WPA2-PSK"},{"$i":"securityWPA/WPA2-PSK","$v":"WPA/WPA2-PSK"},{"$i":"securedBy","$v":[{"t":"idOrVar","v":"capabilities"}]},{"$i":"securedByWay","$v":["ປ້ອງກັນຄວາມປອດໄພໂດຍ ",{"t":"idOrVar","v":"capabilities"}]},{"$i":"security","$v":"ຄວາມປອດໄພ"},{"$i":"signalStrength","$v":"ສັນຍານແຮງ"},{"$i":"signalLevel0","$v":"ອ່ອນຫຼາຍ"},{"$i":"signalLevel1","$v":"ອ່ອນ"},{"$i":"signalLevel2","$v":"ສະເລ່ຍ"},{"$i":"signalLevel3","$v":"ດີ"},{"$i":"signalLevel4","$v":"ດີຫຼາຍ"},{"$i":"ipAddress","$v":"ທີ່ຢູ່ IP"},{"$i":"linkSpeed","$v":"ຄວາມໄວຂອງການເຊື່ອມໂຍງ"},{"$i":"linkSpeedMbs","$v":[{"t":"idOrVar","v":"linkSpeed"}," Mbit/s"]},{"$i":"wifi-rescan","$v":"ສະແກນໃໝ່"},{"$i":"wifi-join-fail","$v":["ບໍ່ສາມາດເຂົ້າເຖິງເຄືອຂ່າຍ ເນັດເວີກໄດ້ ",{"t":"idOrVar","v":"n"},"."]},{"$i":"wifi-connect-fail","$v":["ລະຫັດຜ່ານບໍ່ຖືກຕ້ອງສຳລັບ ",{"t":"idOrVar","v":"n"},"."]},{"$i":"wifi-ip-set-fail","$v":"ການຕັ້ງຄ່າ IP ຫຼົ້ມເຫຼວ"},{"$i":"wifi-pw-length-error","$v":"ຄວາມຍາວຂອງລະຫັດຜ່ານ ຄວນມີຫຼາຍກວ່າ 8 ຕົວອັກສອນ."},{"$i":"password","$v":"ລະຫັດຜ່ານ"},{"$i":"showPassword","$v":"ສະແດງລະຫັດຜ່ານ"},{"$i":"connect","$v":"ເຊື່ອມຕໍ່"},{"$i":"rescanCompleted","$v":"ການສະແກນຄືນໄດ້ສຳເລັດແລ້ວ."},{"$i":"failedToConnect","$v":"ທຳການເຊື່ອມຕໍ່ບໍ່ຕິດ"},{"$i":"select","$v":"ເລືອກ"},{"$i":"skip","$v":"ຂ້າມຜ່ານ"},{"$i":"next","$v":"ຂ້າງໜ້າ"},{"$i":"accept","$v":"ຍອມຮັບ"},{"$i":"cancel","$v":"ຍົກເລີກ"},{"$i":"ok","$v":"ຕົກລົງ"},{"$i":"notNow","$v":"ບໍ່ແມ່ນຕອນນີ້"},{"$i":"forget","$v":"ລຶມ"},{"$i":"confirmation","$v":"ຢືນຢັນ"},{"$i":"forget-network","$v":"ລືມເຄືອຂ່າຍອອກບໍ່?"},{"$i":"network-forgotten","$v":"ລືມລະຫັດຜ່ານເຄືອຂ່າຍ."},{"$i":"hfa","$v":"HFA"},{"$i":"setup-phone-verification","$v":"ຢືນຢັນທາງໂທລະສັບ"},{"$i":"phone-verification-entry-message","$v":"ສ້າງບັນຊີໂດຍຢືນຢັນເບີເພື່ອເຂົ້າສູ່ຄັງຂໍ້ມູນ ແລະ ການາບໍລິການເສີມ."},{"$i":"phone-verification-skip-message","$v":"ການຢັ້ງຢືນໂທລະສັບຂອງທ່ານບໍ່ສຳເລັດ. ທ່ານສາມາດຢືນຢັນການຕັ້ງຄ່າພາຍຫຼັງ > ບັນຊີ. ເພື່ອເຂົ້າສູ່ຄັງຂໍ້ມູນ ແລະ ການາບໍລິການເສີມ."},{"$i":"setup-account","$v":"ຕິດຕັ້ງບັນຊີ KaiOS"},{"$i":"create-account-li","$v":"ສ້າງບັນຊີ"},{"$i":"login-account-li","$v":"ລົງຊື່ເຂົ້າ"},{"$i":"account-setup-message","$v":"ເກັບຂໍ້ມູນຂອງທ່ານໃຫ້ປອດ ໄພໂດຍໃຊ້ບັນຊີ KaiOS. ຖ້າຫາກໂທລະສັບຂອງທ່ານ ເກີດເສຍຫາຍ, KaiOS ຂອງ ທ່ານຈະອະນຸຍາດ ໃຫ້ທ່ານ ລັອກ ຫຼື ລຶບຂໍ້ມູນທັງໝົດໄດ້ ຈາກທາງໄກ. ນອກຈາກນີ້ ທ່ານຍັງ ສາມາດຕັ້ງຄ່າບັນຊີ KaiOSຂອງທ່ານໄດ້ໃນພາຍຫຼັງ ຈາກການຕັ້ງຄ່າ."},{"$i":"sign-in-success","$v":"ສຳເລັດການລົງຊື່ເຂົ້າ"},{"$i":"account-welcome","$v":"ຍິນດີຕ້ອນຮັບ"},{"$i":"logged-in-message","$v":[{"t":"idOrVar","v":"email"}]},{"$i":"anti-theft","$v":"ປ້ອງກັນການໂຈມຕີ"},{"$i":"anti-theft-info","$v":"ພວກເຮົາຫວັງວ່າໂທລະສັບ ຂອງທ່ານຈະບໍ່ເສຍຫາຍ, ແຕ່ຖ້າທ່ານສາມາດເຮັດໄດ້, ທ່ານຈະສາມາດປົກປ້ອງຂໍ້ມູນ ດ້ວຍການລັອກໄລຍະໄກ ແລະ ລຶບຄຸນສົມບັດຂອງຂໍ້ມູນ. ເມື່ອທ່ານພ້ອມແລ້ວ, ໃຫ້ໄປທີ່ \"ການຕັ້ງຄ່າ\" ເພື່ອຕັ້ງຄ່າບັນຊີ KaiOS ຂອງທ່ານ."},{"$i":"companion-phone","$v":"ໂທລະສັບຄູ່ຫູ"},{"$i":"companion-phone-info","$v":"ຕິດຕັ້ງແອັບຄູ່ຫູ KaiOS ໃນສະມາດໂຟນຂອງທ່ານເພື່ອຊິ້ງຂໍ້ມູນລາຍຊື່ຜູ້ຕິດຕໍ່ ແລະ ໂອນໄຟລ໌ລະຫວ່າງອຸປະກອນຫຼັກ ແລະ ໂທລະສັບທີ່ໃຊ້ KaiOS ຂອງທ່ານ."},{"$i":"select-language","$v":"ເລືອກພາສາ"},{"$i":"language-current","$v":"ປະຈຸບັນ"},{"$i":"language-readout-on","$v":"ເປີດການອ່ານຂໍ້ມູນ"},{"$i":"language-readout-off","$v":"ປິດການອ່ານຂໍ້ມູນ"},{"$i":"decline-info","$v":"ການຍອມຮັບຂໍ້ກຳນົດ ແລະ ເງື່ອນໄຂແມ່ນມີຄວາມຈຳເປັນ ເພື່ອນຳໃຊ້ອຸປະກອນນີ້."},{"$i":"kaios-license","$v":"ຂໍ້ກຳນົດສິດທິການໃຊ້ງານ KaiOS"},{"$i":"decline","$v":"ປະຕິເສດ"},{"$i":"privacy-confirm","$v":"ເມື່ອກົດ ຍອມຮັບ ແມ່ນຖືວ່າທ່ານຍອມຮັບຂໍ້ກຳນົດການອະນຸຍາດ ແລະ ນະໂຍບາຍຄວາມເປັນສ່ວນຕົວຂອງ KaiOS."},{"$i":"open-url","$v":"ເປີດ URL"},{"$i":"lyf-license","$v":"ຂໍ້ກຳນົດສິດທິການໃຊ້ງານ LYF"},{"$i":"emergency","$v":"ສຸກເສີນ"},{"$i":"pin-incorrect","$v":"ລະຫັດ PIN ບໍ່ຖືກຕ້ອງ."},{"$i":"puk-incorrect","$v":"ລະຫັດ PUK ບໍ່ຖືກຕ້ອງ."},{"$i":"inputCodeRetriesLeft","$v":{"one":"1 try left.","two":[{"t":"idOrVar","v":"n"}," tries left."],"few":[{"t":"idOrVar","v":"n"}," tries left."],"many":[{"t":"idOrVar","v":"n"}," tries left."],"other":[{"t":"idOrVar","v":"n"}," tries left."]},"$x":[{"t":"idOrVar","v":"plural"},"n"]},{"$i":"inputCodePukRetriesLeft","$v":{"few":["ຍັງລອງໄດ້ອີກ ",{"t":"idOrVar","v":"n"}," ເທື່ອ."],"many":["ຍັງລອງໄດ້ອີກ ",{"t":"idOrVar","v":"n"}," ເທື່ອ."],"one":"ຍັງລອງໄດ້ອີກ 1 ເທື່ອ.","other":["ຍັງລອງໄດ້ອີກ ",{"t":"idOrVar","v":"n"}," ເທື່ອ."],"two":["ຍັງລອງໄດ້ອີກ ",{"t":"idOrVar","v":"n"}," ເທື່ອ."]},"$x":[{"t":"idOrVar","v":"plural"},"n"]},{"$i":"pin-label","$v":"SIM PIN"},{"$i":"enter-pin","$v":"ປ້ອນລະຫັດພິນຂອງຊິມ"},{"$i":"sim1-enter-pin","$v":"ໃສ່ລະຫັດ PIN ຂອງ SIM1"},{"$i":"sim2-enter-pin","$v":"ໃສ່ລະຫັດ PIN ຂອງ SIM2"},{"$i":"done","$v":"ສຳເລັດ"},{"$i":"enter-puk","$v":"ປ້ອນ PUK"},{"$i":"sim1-enter-puk","$v":"ໃສ່ລະຫັດ PUK ຂອງ SIM1"},{"$i":"sim2-enter-puk","$v":"ໃສ່ລະຫັດ PUK ຂອງ SIM2"},{"$i":"puk-label","$v":"PUK"},{"$i":"new-pin-label","$v":"ຊິມ PIN ໃໝ່ (4-8 ຫຼັກ)"},{"$i":"confirm-new-pin-label","$v":"ຢືນຢັນລະຫັດ PIN ຂອງຊິມໃໝ່"},{"$i":"pincode-length-error","$v":"SIM PIN ຕ້ອງມີ 4-8 ຫຼັກ"},{"$i":"pin-final-locked","$v":"SIM ກາດ ຖືກລ໋ອກ."},{"$i":"pin-final-failed-text","$v":"ທ່ານຕ້ອງການຕື່ມລະຫັດ PUK ເພື່ອປົດລັອກເບີຊິມຫຼືບໍ່?"},{"$i":"sim-locked","$v":"SIM ລັອກ"},{"$i":"sim1-locked","$v":"ໄດ້ລັອກ SIM1 ແລ້ວ"},{"$i":"sim2-locked","$v":"ໄດ້ລັອກ SIM2 ແລ້ວ"},{"$i":"new-pin-confirm-error","$v":"ຊິມ PINໃໝ່ທີ່ຢືນຢັນໄດ້ຫຼົ້ມເຫຼວ."},{"$i":"puk-final-locked","$v":"ລະຫັດ PUK ບໍ່ຖືກຕ້ອງ."},{"$i":"puk-final-failed-text","$v":"ບັດຊິມຂອງທ່ານຖືກລັອກ ຢ່າງຖາວອນ. ຈົ່ງຕິດຕໍ່ຜູ້ໃຫ້ບໍລິການຂອງ ທ່ານສໍາລັບຂໍ້ມູນເພີ່ມເຕີມ."},{"$i":"about-kaios","$v":"ກ່ຽວກັບ KaiOS"},{"$i":"about-kaios-p1","$v":"ຍິນດີຕ້ອນຮັບກັບ KaiOS."},{"$i":"about-kaios-p2","$v":"ພາລະກິດຂອງພວກເຮົາແມ່ນເພື່ອເປີດໂອກາດໃຫ້ແກ່ບຸກຄົນ, ຄອບຄົວແລະຊຸມຊົນໂດຍການເຂົ້າເຖິງຜະລິດຕະພັນແລະການບໍລິການດິຈິຕອນທີ່ດີເລີດສໍາລັບທຸກສະມາຊິກຂອງສັງຄົມ."},{"$i":"about-kaios-p3","$v":"ທ່ານສາມາດຊ່ວຍພວກເຮົາປັບປຸງຜະລິດຕະພັນແລະການບໍລິການໂດຍອັດຕະໂນມັດສົ່ງຂໍ້ມູນການວິເຄາະ. ເບິ່ງເງື່ອນໄຂຄວາມເປັນສ່ວນຕົວຂອງພວກເຮົາເພື່ອຮຽນຮູ້ວິທີທີ່ພວກເຮົາຈັດການຂໍ້ມູນກ່ຽວກັບອຸປະກອນຂອງທ່ານ"},{"$i":"about-kaios-p4","$v":"ທ່ານສາມາດປ່ຽນການຕັ້ງຄ່າເຫຼົ່ານີ້ໃນ ການຕັ້ງຄ່າ> ຄວາມເປັນສ່ວນຕົວ ແລະ ຄວາມປອດໄພ > ກ່ຽວກັບ KaiOS."},{"$i":"about-kaios-agree","$v":"ຂ້ອຍຕ້ອງການຊ່ວຍເຫຼືອໂດຍການສົ່ງຂໍ້ມູນການວິເຄາະ."},{"$i":"about-kaios-age","$v":"ຂ້ອຍອາຍຸ 16 ປີ."},{"$i":"about-kaios-ad","$v":"ນຳໃຊ້ຂໍ້ມູນຂອງຂ້າພະເຈົ້າ ເພື່ອປັບປຸງປະສົບການການໂຄສະນາຂອງຂ້າພະເຈົ້າ."},{"$i":"deselect","$v":"ຍົກເລີກການເລືອກ"},{"$i":"selectKeyboard","$v":"ເລືອກແປ້ນພິມ"},{"$i":"send-data-via","$v":"ສົ່ງຂໍ້ມູນຜ່ານ"},{"$i":"wifi-and-carrier-data","$v":"Wi-Fi ແລະຂໍ້ມູນມືຖື"},{"$i":"wifi-only","$v":"Wi-Fi ເທົ່ານັ້ນ"},{"$i":"more","$v":"ຂໍ້ຄວາມອື່ນ >"},{"$i":"qtn_oobe_high_volume","$v":"ກະລຸນາເອົາໃຈໃສ່ກັບ ໂໝດການຊ່ວຍການເຂົ້າເຖິງທີ່ມີປະລິມານສູງ."},{"$i":"qtn_oobe_enter","$v":"ທ່ານຍັງຕ້ອງການເຂົ້າໂໝດການຊ່ວຍການເຂົ້າເຖິງ ຫຼືບໍ່?"},{"$i":"qtn_oobe_hdr_senior_mode","$v":"ໂໝດການຊ່ວຍການເຂົ້າເຖິງ"},{"$i":"qtn_oobe_hdr_ICE","$v":"ຂໍ້ມູນ ICE"},{"$i":"qtn_oobe_rem_create_ICE","$v":"ກະລຸນາສ້າງລາຍລະອຽດຂໍ້ມູນ ICE, ເຊິ່ງ ຈະຊ່ວຍທ່ານໃນກໍລະນີ ສຸກເສີນ."},{"$i":"qtn_oobe_set_ICE_contact","$v":"ຫຼັງຈາກເລີ່ມຕົ້ນອຸປະກອນ,"},{"$i":"qtn_oobe_btn_ICE_info","$v":"ສ້າງຂໍ້ມູນ ICE"},{"$i":"qtn-privacy-terms-welcome","$v":"ຍິນດີຕ້ອນຮັບ"},{"$i":"qtn-privacy-policy-description-1","$v":["ຂໍຂອບໃຈທີ່ເລືອກ ",{"t":"idOrVar","v":"WDM"},"."]},{"$i":"qtn-privacy-policy-description-2","$v":"ການນໍາໃຊ້​ຂອງທ່ານຕໍ່ກັບ​ການບໍລິການ ແລະ ແອັບພລິເຄຊັນຂອງ HMD Global ໃນອຸປະກອນຂອງທ່ານ​ແມ່ນຖືກຄຸ້ມຄອງໂດຍ​ນະໂຍບາຍ​ຄວາມເປັນສ່ວນຕົວ​ຂອງ HMD Global, ເບິ່ງເພີ່ມເຕີມໄດ້ທີ່  www.nokia.com/mobile-privacy."},{"$i":"qtn-privacy-policy-description-3","$v":["ການໃຊ້ຊອຟແວ, ບໍລິການ ແລະ ແອັບພລິເຄຊັນ KaiOS ໃນອຸປະກອນຂອງທ່ານແມ່ນຢູ່ພາຍໃຕ້ KaiOS EULA ແລະ ຂໍ້ກຳນົດຄວາມເປັນສ່ວນຕົວ, ມີໃຫ້ບໍລິການທີ່ ",{"t":"idOrVar","v":"WDM"},"."]},{"$i":"qtn-privacy-policy-description-4","$v":{"$o":"ຂໍ້ມູນການເປີດໃຊ້ງານອຸປະກອນພ້ອມກັບຕຳແໜ່ງອຸປະກອນທີ່ໃຊ້ພຽງເທື່ອດຽວ ພ້ອມດ້ວຍອຸປະກອນສະເພາະ ແລະ ຂໍ້ມູນການເຊື່ອມຕໍ່ຂອງທ່ານຈະຖືກສົ່ງໄປທີ່ KAI & HMD."}},{"$i":"qtn-privacy-policy-description-5","$v":"ຂໍ້ມູນນີ້ໃຫ້ພວກເຮົາຕອບສະໜອງ ຄວາມຕ້ອງການໃນປະເທດຂອງ ທ່ານໃນການສະໜອງການອັບເດດ SW,ຊ່ວຍເຫືລອລູກຄ້າແລະເປີດ ໃຊ້ງານ ການບໍລິການ."},{"$i":"qtn-privacy-policy-description-6","$v":"ອາດຈະມີຄ່າບໍລິການຂໍ້ມູນ."},{"$i":"qtn-privacy-policy-description-7","$v":"ຄວາມເປັນສ່ວນຕົວ ຫຼື ແຈ້ງການອື່ນ​ໆ​ອາດມີການສະໜອງໃຫ້​ເມື່ອທ່ານນໍາໃຊ້​ຄຸນສົມບັດອື່ນ​ໆ​ທີ່ແຕກຕ່າງ​ໃນອຸປະກອນຂອງທ່ານ."},{"$i":"data-connectivity","$v":"ຂໍ້ຄວາມເຕືອນ"},{"$i":"data-message","$v":"ການຕິດຕັ້ງ wizard ຈະນຳໃຊ້ຂໍ້ມູນຜ່ານເຄືອຂ່າຍມືຖືໃນລະຫວ່າງການຕັ້ງຄ່າເລີ່ມຕົ້ນຂອງໂທລະສັບອັດສະລິຍະ."}]