[{"$i":"wifi","$v":"Rinktis tinklą"},{"$i":"ssid","$v":"SSID"},{"$i":"no-wifi-found","$v":"Nėra pasiek. tinklų"},{"$i":"wifi-searching","$v":"Ieškoma tinklų..."},{"$i":"security-open","$v":"Atid."},{"$i":"shortStatus-connecting","$v":"Jungiamasi…"},{"$i":"shortStatus-associated","$v":"Gaunamas IP adresas…"},{"$i":"shortStatus-authenticating","$v":"Atpažįstama…"},{"$i":"shortStatus-connected","$v":"Prisijun."},{"$i":"shortStatus-connectingfailed","$v":"Prisij. nepavyko"},{"$i":"shortStatus-disconnected","$v":"Nepris."},{"$i":"shortStatus-connected-no-internet","$v":"Prisijungta, nėra interneto"},{"$i":"securityWEP","$v":"WEP"},{"$i":"securityWPA-PSK","$v":"WPA-PSK"},{"$i":"securityWPA-EAP","$v":"WPA-EAP"},{"$i":"securityWPA2-PSK","$v":"WPA2-PSK"},{"$i":"securityWPA/WPA2-PSK","$v":"WPA / WPA2-PSK"},{"$i":"securedBy","$v":[{"t":"idOrVar","v":"capabilities"}]},{"$i":"securedByWay","$v":["Apsaugota ",{"t":"idOrVar","v":"capabilities"}]},{"$i":"security","$v":"Apsauga"},{"$i":"signalStrength","$v":"Signalo stiprumas"},{"$i":"signalLevel0","$v":"Labai silpnas"},{"$i":"signalLevel1","$v":"Silpnas"},{"$i":"signalLevel2","$v":"Vidut."},{"$i":"signalLevel3","$v":"Ger."},{"$i":"signalLevel4","$v":"Labai geras"},{"$i":"ipAddress","$v":"IP adresas"},{"$i":"linkSpeed","$v":"Nuor. sprt."},{"$i":"linkSpeedMbs","$v":[{"t":"idOrVar","v":"linkSpeed"}," Mbit/s"]},{"$i":"wifi-rescan","$v":"Nusk."},{"$i":"wifi-join-fail","$v":["Nepavyko prisijungti prie tinklo ",{"t":"idOrVar","v":"n"},"."]},{"$i":"wifi-connect-fail","$v":["Neteisin. ",{"t":"idOrVar","v":"n"}," slaptažodis."]},{"$i":"wifi-ip-set-fail","$v":"Netink. IP paramet."},{"$i":"wifi-pw-length-error","$v":"Slaptažodis turi būti ilgesnis nei 8 simbol."},{"$i":"password","$v":"Slaptaž."},{"$i":"showPassword","$v":"Rodyti slaptažodį"},{"$i":"connect","$v":"Prijun."},{"$i":"rescanCompleted","$v":"Nuskaityta iš naujo."},{"$i":"failedToConnect","$v":"Nepavyko prisij."},{"$i":"select","$v":"Rinktis"},{"$i":"skip","$v":"Praleisti"},{"$i":"next","$v":"Kit."},{"$i":"accept","$v":"Priimti"},{"$i":"cancel","$v":"Atš."},{"$i":"ok","$v":"GERAI"},{"$i":"notNow","$v":"Ne dabar"},{"$i":"forget","$v":"Pamir."},{"$i":"confirmation","$v":"Patvirtinim."},{"$i":"forget-network","$v":"Pamirš. tinklą?"},{"$i":"network-forgotten","$v":"Tinklas pamirštas."},{"$i":"hfa","$v":"HFA"},{"$i":"setup-phone-verification","$v":"Telefono tikrinimas"},{"$i":"phone-verification-entry-message","$v":"Nustatykite paskyrą, patvirtindami savo numerį, kad galėtumėte pasiekti parduotuvę ir papildomas paslaugas."},{"$i":"phone-verification-skip-message","$v":"Jūsų telefono patvirtinimas nebaigtas. Galite vėliau jį patvirtinti skiltyje „Parametrai“ > „Paskyra“. Patvirtinimo reikia norint naudotis parduotuve ir papildomomis paslaugomis."},{"$i":"setup-account","$v":"Konfigūruoti „KaiOS“ paskyrą"},{"$i":"create-account-li","$v":"Kurti paskyrą"},{"$i":"login-account-li","$v":"Prisijungti"},{"$i":"account-setup-message","$v":"Apsaugokite informaciją naudodami „KaiOS“ pask. Jei kada nors prarasite telef., pasinaud. „KaiOS“ pask. galėsite nuotol. būdu užrak. arba ištrinti visus telef. duomen. „KaiOS“ paskyrą taip pat galėsite nustatyti parametruose."},{"$i":"sign-in-success","$v":"Prisijungta sėkmingai"},{"$i":"account-welcome","$v":"Sveiki!"},{"$i":"logged-in-message","$v":[{"t":"idOrVar","v":"email"}]},{"$i":"anti-theft","$v":"Aps. nuo vag."},{"$i":"anti-theft-info","$v":"Tikimės, kad niekada neprarasite savo telefono, bet jei taip nutiktų, galite apsaugoti savo duomenis naudodami mūsų nuotolinio užrakinimo ir ištrynimo funkcijas. Kai būsite pasiruošę, eikite į skiltį „Parametrai“, kad sukonfigūruotumėte „KaiOS“ paskyrą."},{"$i":"companion-phone","$v":"Telefonas-padėjėjas"},{"$i":"companion-phone-info","$v":"Įdiekite „KaiOS“ pagalbinę programą savo išmaniajame telefone, kad galėtumėte sinchronizuoti adresatus ir perkelti failus tarp savo pirminio prietaiso ir savo telefono, kuriame veikia „KaiOS“."},{"$i":"select-language","$v":"Rinktis kalbą"},{"$i":"language-current","$v":"Dabart."},{"$i":"language-readout-on","$v":"Skait. įj."},{"$i":"language-readout-off","$v":"Skait. išj."},{"$i":"decline-info","$v":"Norint naudoti šį prietaisą, reikia sutikti su taisyklėmis ir sąlyg."},{"$i":"kaios-license","$v":"„KaiOS“ lic. sąlyg."},{"$i":"decline","$v":"Atmesti"},{"$i":"privacy-confirm","$v":"Paspausdami „Priimti“, sutinkate su „KaiOS“ licencijos taisyklėmis ir privatumo taisyklėmis."},{"$i":"open-url","$v":"ATIDARYTI NUORODĄ"},{"$i":"lyf-license","$v":"LYF lic. sąlygos"},{"$i":"emergency","$v":"Pagalb. skamb."},{"$i":"pin-incorrect","$v":"Neteisin. PIN."},{"$i":"puk-incorrect","$v":"Neteisin. PUK."},{"$i":"inputCodeRetriesLeft","$v":{"few":["Liko band.: ",{"t":"idOrVar","v":"n"},"."],"many":["Liko band.: ",{"t":"idOrVar","v":"n"},"."],"one":"(Neteisin. PIN. Liko 1 bandymas.)","other":["Liko band.: ",{"t":"idOrVar","v":"n"},"."],"two":["(Neteisin. PIN. Liko ",{"t":"idOrVar","v":"n"}," bandymai (-ų).)"]},"$x":[{"t":"idOrVar","v":"plural"},"n"]},{"$i":"inputCodePukRetriesLeft","$v":{"few":["Liko band.: ",{"t":"idOrVar","v":"n"},"."],"many":["Liko band.: ",{"t":"idOrVar","v":"n"},"."],"one":"Liko 1 ban.","other":["Liko band.: ",{"t":"idOrVar","v":"n"},"."],"two":["Liko band.: ",{"t":"idOrVar","v":"n"},"."]},"$x":[{"t":"idOrVar","v":"plural"},"n"]},{"$i":"pin-label","$v":"SIM kortelės PIN kodas"},{"$i":"enter-pin","$v":"Įves. SIM PIN"},{"$i":"sim1-enter-pin","$v":"Įves. SIM1 PIN"},{"$i":"sim2-enter-pin","$v":"Įves. SIM2 PIN"},{"$i":"done","$v":"Atl."},{"$i":"enter-puk","$v":"Įves. PUK"},{"$i":"sim1-enter-puk","$v":"Įves. SIM1 PUK"},{"$i":"sim2-enter-puk","$v":"Įves. SIM2 PUK"},{"$i":"puk-label","$v":"PUK"},{"$i":"new-pin-label","$v":"Nauj. SIM PIN (4–8 sk.)"},{"$i":"confirm-new-pin-label","$v":"Patv. naują SIM PIN"},{"$i":"pincode-length-error","$v":"SIM PIN kodą turi sudaryti 4–8 sk."},{"$i":"pin-final-locked","$v":"SIM kortelė užrakinta."},{"$i":"pin-final-failed-text","$v":"Ar norite įvesti PUK kodą, kad atrakintumėte šią SIM kortelę?"},{"$i":"sim-locked","$v":"SIM užrakinta"},{"$i":"sim1-locked","$v":"SIM1 užrak."},{"$i":"sim2-locked","$v":"SIM2 užrak."},{"$i":"new-pin-confirm-error","$v":"Nepav. patv. nauj. SIM PIN."},{"$i":"puk-final-locked","$v":"Neteisin. PUK."},{"$i":"puk-final-failed-text","$v":"Jūsų SIM kortelė užrakinta visam laikui. Jei reikia daugiau informacijos, susisiekite su savo operatoriumi."},{"$i":"about-kaios","$v":"Apie KaiOS"},{"$i":"about-kaios-p1","$v":"Sveiki atvykę į KaiOS."},{"$i":"about-kaios-p2","$v":"Mūsų misija - atverti galimybes asmenims, jų šeimoms ir bendruomenėms, suteikiant prieigą prie puikių skaitmeninių produktų ir paslaugų realybe visiems visuomenės nariams."},{"$i":"about-kaios-p3","$v":"Galite padėti mums tobulinti produktus ir paslaugas, automatiškai siunčiant analizės duomenis. Peržiūrėkite mūsų privatumo sąlygas, kad sužinotumėte, kaip tvarkome jūsų įrenginių duomenis."},{"$i":"about-kaios-p4","$v":"Šiuos nustatymus galite pakeisti skiltyje Parametrai >  Privatum. ir sauga > Apie KaiOS."},{"$i":"about-kaios-agree","$v":"Noriu padėti siunčiant analizės duomenis."},{"$i":"about-kaios-age","$v":"Aš esu vyresnis nei 16 metų."},{"$i":"about-kaios-ad","$v":"Naudoti mano duomenis, kad gaučiau geresnius rekl. pasiūlymus."},{"$i":"deselect","$v":"Atsisak."},{"$i":"selectKeyboard","$v":"Pasirinkite klaviatūrą"},{"$i":"send-data-via","$v":"Siųsti duomenis per"},{"$i":"wifi-and-carrier-data","$v":"Wi-Fi\" ir mobilieji duomenys"},{"$i":"wifi-only","$v":"Tik „Wi-Fi“"},{"$i":"more","$v":"Daug. >"},{"$i":"qtn_oobe_high_volume","$v":"Atkreipkite dėmesį į didelį garsumą, kai įjungtas pritaikymo neįgaliesiems režimas."},{"$i":"qtn_oobe_enter","$v":"Ar vis tiek norite įjungti pritaikymo neįgaliesiems režimą?"},{"$i":"qtn_oobe_hdr_senior_mode","$v":"Pritaikymo neįgaliesiems režimas"},{"$i":"qtn_oobe_hdr_ICE","$v":"ICE informacija"},{"$i":"qtn_oobe_rem_create_ICE","$v":"Sukurkite ICE informacijos duomenis, galinčius jums padėti nelaimės atveju."},{"$i":"qtn_oobe_set_ICE_contact","$v":"Paleidę įrenginį,"},{"$i":"qtn_oobe_btn_ICE_info","$v":"Sukurkite ICE informaciją"},{"$i":"qtn-privacy-terms-welcome","$v":"Sveiki!"},{"$i":"qtn-privacy-policy-description-1","$v":["Dėkojame, kad pasirinkote ",{"t":"idOrVar","v":"WDM"},"."]},{"$i":"qtn-privacy-policy-description-2","$v":"HMD Global paslaugų ir programų naudojimą jūsų prietaise nustato HMD Global privatumo taisyklės, pasiekiamos adresu www.nokia.com/mobile-privacy."},{"$i":"qtn-privacy-policy-description-3","$v":["„KaiOS“ programinės įrangos, paslaugų ir programų naudojimą jūsų prietaise nustato „KaiOS EULA“ privatumo taisyklėse, kurias galite rasti adresu ",{"t":"idOrVar","v":"WDM"},"."]},{"$i":"qtn-privacy-policy-description-4","$v":{"$o":"Prietaiso suaktyvinimo informacija kartu su vienkartine telefono vieta ir unikalia prietaiso bei tinklo informacija bus išsiųsta KAI & HMD."}},{"$i":"qtn-privacy-policy-description-5","$v":"Gavę šią informaciją, galime geriau tenkinti poreikius jūsų šalyje, teikti programinės įrangos naujinius, padėti klientams ir aktyvinti paslaugas."},{"$i":"qtn-privacy-policy-description-6","$v":"Gali būti taikomi duomenų perdavimo mokesčiai."},{"$i":"qtn-privacy-policy-description-7","$v":"Naudojant prietaiso funkcijas gali būti pateikta privatumo ir kitų pareiškimų."},{"$i":"data-connectivity","$v":"Įspėjamasis pranešimas"},{"$i":"data-message","$v":"Išmaniojo tel. pradinio nustatymo metu nustatymų vediklis gali naudoti mob. tinklo duomenis."}]