[{"$i":"wifi","$v":"Atlasiet tīklu"},{"$i":"ssid","$v":"SSID"},{"$i":"no-wifi-found","$v":"Nav pieejams neviens tīkls"},{"$i":"wifi-searching","$v":"Notiek tīklu meklēšana..."},{"$i":"security-open","$v":"Atvērt"},{"$i":"shortStatus-connecting","$v":"Notiek savienojuma izveide…"},{"$i":"shortStatus-associated","$v":"Iegūst IP adresi..."},{"$i":"shortStatus-authenticating","$v":"Notiek autentifikācija..."},{"$i":"shortStatus-connected","$v":"Savienojums izveidots"},{"$i":"shortStatus-connectingfailed","$v":"Savienojuma kļūme"},{"$i":"shortStatus-disconnected","$v":"Bezsaistē"},{"$i":"shortStatus-connected-no-internet","$v":"Savienojums izveidots, nav interneta"},{"$i":"securityWEP","$v":"WEP"},{"$i":"securityWPA-PSK","$v":"WPA-PSK"},{"$i":"securityWPA-EAP","$v":"WPA-EAP"},{"$i":"securityWPA2-PSK","$v":"WPA2-PSK"},{"$i":"securityWPA/WPA2-PSK","$v":"WPA/WPA2-PSK"},{"$i":"securedBy","$v":[{"t":"idOrVar","v":"capabilities"}]},{"$i":"securedByWay","$v":["Nodrošina ",{"t":"idOrVar","v":"capabilities"}]},{"$i":"security","$v":"Drošība"},{"$i":"signalStrength","$v":"Signāla stiprums"},{"$i":"signalLevel0","$v":"Ļoti vājš"},{"$i":"signalLevel1","$v":"Vājš"},{"$i":"signalLevel2","$v":"Vidēja"},{"$i":"signalLevel3","$v":"Labs"},{"$i":"signalLevel4","$v":"Ļoti labs"},{"$i":"ipAddress","$v":"IP adrese"},{"$i":"linkSpeed","$v":"Saites ātrums"},{"$i":"linkSpeedMbs","$v":[{"t":"idOrVar","v":"linkSpeed"}," Mbit/s"]},{"$i":"wifi-rescan","$v":"Meklēt atkārtoti"},{"$i":"wifi-join-fail","$v":["Nevar pievienoties tīklam ",{"t":"idOrVar","v":"n"},"."]},{"$i":"wifi-connect-fail","$v":["Nepareiza ",{"t":"idOrVar","v":"n"}," parole."]},{"$i":"wifi-ip-set-fail","$v":"IP uzstādījumi neizdevās."},{"$i":"wifi-pw-length-error","$v":"Paroles garums nedrīkst pārsniegt 8 zīmes."},{"$i":"password","$v":"Parole"},{"$i":"showPassword","$v":"Rādīt paroli"},{"$i":"connect","$v":"Savienot"},{"$i":"rescanCompleted","$v":"Atkārtota skenēšana ir pabeigta."},{"$i":"failedToConnect","$v":"Neizdevās savienot"},{"$i":"select","$v":"Atlasīt"},{"$i":"skip","$v":"Izlaist"},{"$i":"next","$v":"Tālāk"},{"$i":"accept","$v":"Pieņemt"},{"$i":"cancel","$v":"Atcelt"},{"$i":"ok","$v":"LABI"},{"$i":"notNow","$v":"Ne tagad"},{"$i":"forget","$v":"Aizmirst"},{"$i":"confirmation","$v":"Apstiprinājums"},{"$i":"forget-network","$v":"Vai aizmirst tīklu?"},{"$i":"network-forgotten","$v":"Tīkls dzēsts."},{"$i":"hfa","$v":"HFA"},{"$i":"setup-phone-verification","$v":"Tālruņa numura apstiprināšana"},{"$i":"phone-verification-entry-message","$v":"Uzstādiet kontu, apstiprinot savu numuru, lai piekļūtu veikalam un papildu pakalpojumiem."},{"$i":"phone-verification-skip-message","$v":"Jūsu tālruņa verifikācija nav pilnīga. Varat to pārbaudīt vēlāk sadaļā Iestatījumi> Konts. Lai piekļūtu veikalam un papildu pakalpojumiem, ir nepieciešama verifikācija."},{"$i":"setup-account","$v":"KaiOS konta uzstādīšana"},{"$i":"create-account-li","$v":"Izveidot kontu"},{"$i":"login-account-li","$v":"Pierakstīties"},{"$i":"account-setup-message","$v":"Saglabājiet savas informācijas drošību, izmantojot KaiOS kontu. Ja jebkad pazaudēsiet savu tālruni, KaiOS konts jums ļaus attālināti bloķēt savu tālruni vai notīrīt visus tā datus. Vēlāk varat iestatīt savu KaiOS kontu sadaļā Uzstādījumi."},{"$i":"sign-in-success","$v":"Pierakstīšanās veiksmīga"},{"$i":"account-welcome","$v":"Laipni lūdzam!"},{"$i":"logged-in-message","$v":[{"t":"idOrVar","v":"email"}]},{"$i":"anti-theft","$v":"Zādzību novēršana"},{"$i":"anti-theft-info","$v":"Mēs ceram, ka jūs nekad nepazaudēsiet savu tālruni, bet, ja tas notiks, jūs varat aizsargāt savus datus, izmantojot attālās bloķēšanas un dzēšanas funkcijas. Jebkurā laikā atveriet sadaļu Uzstādījumi, lai uzstādītu savu KaiOS kontu."},{"$i":"companion-phone","$v":"Tālruņa palīgs"},{"$i":"companion-phone-info","$v":"Lai sinhronizētu kontaktus un pārsūtītu failus no primārās ierīces uz KaiOS operētājsistēmas tālruni un pretēji, instalējiet viedtālrunī KaiOS palīgprogrammu."},{"$i":"select-language","$v":"Atlasiet valodu"},{"$i":"language-current","$v":"Pašreizējais"},{"$i":"language-readout-on","$v":"Nolasīšana ir ieslēgta"},{"$i":"language-readout-off","$v":"Nolasīšana ir izslēgta"},{"$i":"decline-info","$v":"Lai izmantotu šo ierīci, ir jāakceptē noteikumi un nosacījumi."},{"$i":"kaios-license","$v":"KaiOS licences noteikumi"},{"$i":"decline","$v":"Atteikt"},{"$i":"privacy-confirm","$v":"Nospiežot Akceptēt, jūs piekrītat KaiOS licences noteikumiem un konfidencialitātes politikai."},{"$i":"open-url","$v":"ATVĒRT URL"},{"$i":"lyf-license","$v":"LYF licences noteikumi"},{"$i":"emergency","$v":"Ārkārtas"},{"$i":"pin-incorrect","$v":"Nepareizs PIN kods."},{"$i":"puk-incorrect","$v":"Nepareizs PUK kods."},{"$i":"inputCodeRetriesLeft","$v":{"few":["Atlikuši ",{"t":"idOrVar","v":"n"}," mēģinājumi."],"many":["Atlikuši ",{"t":"idOrVar","v":"n"}," mēģinājumi."],"one":"(Nepareizs PIN. Atlika 1 mēģinājums.)","other":["Atlikuši ",{"t":"idOrVar","v":"n"}," mēģinājumi."],"two":["(Nepareizs PIN. Atlika ",{"t":"idOrVar","v":"n"}," mēģinājumi.)"]},"$x":[{"t":"idOrVar","v":"plural"},"n"]},{"$i":"inputCodePukRetriesLeft","$v":{"few":["Atlikuši ",{"t":"idOrVar","v":"n"}," mēģinājumi."],"many":["Atlikuši ",{"t":"idOrVar","v":"n"}," mēģinājumi."],"one":"Atlicis 1 mēģinājums.","other":["Atlikuši ",{"t":"idOrVar","v":"n"}," mēģinājumi."],"two":["Atlikuši ",{"t":"idOrVar","v":"n"}," mēģinājumi."]},"$x":[{"t":"idOrVar","v":"plural"},"n"]},{"$i":"pin-label","$v":"SIM kartes PIN"},{"$i":"enter-pin","$v":"Ievadiet SIM kartes PIN kodu"},{"$i":"sim1-enter-pin","$v":"Ievadiet SIM1 PIN kodu"},{"$i":"sim2-enter-pin","$v":"Ievadiet SIM2 PIN kodu"},{"$i":"done","$v":"Gatavs"},{"$i":"enter-puk","$v":"Ievadiet PUK kodu"},{"$i":"sim1-enter-puk","$v":"Ievadiet SIM1 PUK kodu"},{"$i":"sim2-enter-puk","$v":"Ievadiet SIM2 PUK kodu"},{"$i":"puk-label","$v":"PUK kods"},{"$i":"new-pin-label","$v":"Jauns SIM PIN (4–8 cipari)"},{"$i":"confirm-new-pin-label","$v":"Apstipriniet jauno SIM PIN"},{"$i":"pincode-length-error","$v":"SIM kartes PIN ir jāsastāv no 4-8 cipariem."},{"$i":"pin-final-locked","$v":"SIM karte ir bloķēta."},{"$i":"pin-final-failed-text","$v":"Vai vēlaties ievadīt PUK kodu, lai atbloķētu SIM karti?"},{"$i":"sim-locked","$v":"SIM karte bloķēta."},{"$i":"sim1-locked","$v":"(SIM1 ir bloķēta)"},{"$i":"sim2-locked","$v":"(SIM2 ir bloķēta)"},{"$i":"new-pin-confirm-error","$v":"Neapstiprināja jauno SIM PIN."},{"$i":"puk-final-locked","$v":"Nepareizs PUK kods."},{"$i":"puk-final-failed-text","$v":"Jūsu SIM karte ir neatgriezeniski bloķēta. Lai iegūtu plašāku informāciju, sazinieties ar savu operatoru."},{"$i":"about-kaios","$v":"Par KaiOS"},{"$i":"about-kaios-p1","$v":"Laipni lūdzam KaiOS."},{"$i":"about-kaios-p2","$v":"Mūsu misija ir pavērt iespējas indivīdiem, viņu ģimenēm un kopienām, padarot piekļuvi lieliem digitāliem produktiem un pakalpojumiem realitāti visiem sabiedrības locekļiem."},{"$i":"about-kaios-p3","$v":"Jūs varat palīdzēt mums uzlabot produktus un pakalpojumus, automātiski nosūtot analīzes datus. Skatiet mūsu konfidencialitātes noteikumus, lai uzzinātu, kā rīkoties ar datiem jūsu ierīcēs."},{"$i":"about-kaios-p4","$v":"Jūs varat mainīt šos iestatījumus sadaļā Iestatījumi> Konfidenc. un drošība > Par KaiOS."},{"$i":"about-kaios-agree","$v":"Es vēlos palīdzēt, nosūtot analītikas datus."},{"$i":"about-kaios-age","$v":"Es esmu vecāks par 16 gadiem."},{"$i":"about-kaios-ad","$v":"Izmantot manus datus, lai uzlabotu manu reklāmu skatīšanas pieredzi."},{"$i":"deselect","$v":"Noņemt izvēli"},{"$i":"selectKeyboard","$v":"Izvēlēties tastatūru"},{"$i":"send-data-via","$v":"Nosūtīt datus, izmantojot"},{"$i":"wifi-and-carrier-data","$v":"Wi-Fi un mobilie dati"},{"$i":"wifi-only","$v":"Tikai Wi-Fi tīklu"},{"$i":"more","$v":"Vairāk >"},{"$i":"qtn_oobe_high_volume","$v":"Lūdzu, ievērojiet, ka pieejamības režīmā ir liels skaļums."},{"$i":"qtn_oobe_enter","$v":"Vai joprojām vēlaties ieslēgtpieejamības režīmu?"},{"$i":"qtn_oobe_hdr_senior_mode","$v":"Pieejamības režīms"},{"$i":"qtn_oobe_hdr_ICE","$v":"ICE informācija"},{"$i":"qtn_oobe_rem_create_ICE","$v":"Lūdzu, ievadiet ICE informāciju, ko izmantot ārkārtas gadījumā."},{"$i":"qtn_oobe_set_ICE_contact","$v":"Pēc ierīces startēšanas"},{"$i":"qtn_oobe_btn_ICE_info","$v":"Izveidot ICE informāciju"},{"$i":"qtn-privacy-terms-welcome","$v":"Laipni lūdzam!"},{"$i":"qtn-privacy-policy-description-1","$v":["Paldies, ka izvēlējāties ",{"t":"idOrVar","v":"WDM"},"."]},{"$i":"qtn-privacy-policy-description-2","$v":"HMD Global pakalpojumu un programmu lietošanu jūsu ierīcē regulē HMD Global konfidencialitātes politika, kas ir pieejama vietnē www.nokia.com/mobile-privacy."},{"$i":"qtn-privacy-policy-description-3","$v":["KaiOS programmatūras, pakalpojumu un programmu lietošanu jūsu ierīcē regulē KaiOS EULA un konfidencialitātes noteikumi, kas ir pieejami vietnē ",{"t":"idOrVar","v":"WDM"},"."]},{"$i":"qtn-privacy-policy-description-4","$v":{"$o":"Uzņēmumam KAI & HMD tiks nosūtīta informācija par ierīces aktivizēšanu un vienreizēja informācija par ierīces atrašanās vietu, kā arī unikālā informācija par ierīci un tīklu."}},{"$i":"qtn-privacy-policy-description-5","$v":"Šī informācija tiks izmantota, lai izprastu lietotāju prasības jūsu valstī, nodrošinātu programmatūras atjauninājumus un klientu atbalstu, kā arī aktivizētu pakalpojumus."},{"$i":"qtn-privacy-policy-description-6","$v":"Var tikt iekasēta maksa par datu lietošanu."},{"$i":"qtn-privacy-policy-description-7","$v":"Izmantojot citas funkcijas ierīcē, var tikt parādīti paziņojumi par konfidencialitāti vai citi paziņojumi."},{"$i":"data-connectivity","$v":"Brīdinājuma ziņojums"},{"$i":"data-message","$v":"Sākotnējā viedtālruņa iestatīšanas laikā iestatīšanas vednis var izmantot datus mobilajā tīklā."}]