[{"$i":"wifi","$v":"Изберете мрежа"},{"$i":"ssid","$v":"SSID"},{"$i":"no-wifi-found","$v":"Нема достапни мрежи"},{"$i":"wifi-searching","$v":"Пребарување за мрежи..."},{"$i":"security-open","$v":"Отворен"},{"$i":"shortStatus-connecting","$v":"Поврзување…"},{"$i":"shortStatus-associated","$v":"Добив. на IP адр.…"},{"$i":"shortStatus-authenticating","$v":"Проверка на автент. …"},{"$i":"shortStatus-connected","$v":"Поврзано"},{"$i":"shortStatus-connectingfailed","$v":"Врската не успеа"},{"$i":"shortStatus-disconnected","$v":"Офлајн"},{"$i":"shortStatus-connected-no-internet","$v":"Поврзано, нема интернет"},{"$i":"securityWEP","$v":"WEP"},{"$i":"securityWPA-PSK","$v":"WPA-PSK"},{"$i":"securityWPA-EAP","$v":"WPA-EAP"},{"$i":"securityWPA2-PSK","$v":"WPA2-PSK"},{"$i":"securityWPA/WPA2-PSK","$v":"WPA/WPA2-PSK"},{"$i":"securedBy","$v":[{"t":"idOrVar","v":"capabilities"}]},{"$i":"securedByWay","$v":["Обезб. од ",{"t":"idOrVar","v":"capabilities"}]},{"$i":"security","$v":"Безбедност"},{"$i":"signalStrength","$v":"Сила на сигналот"},{"$i":"signalLevel0","$v":"Многу слабо"},{"$i":"signalLevel1","$v":"Слаб"},{"$i":"signalLevel2","$v":"Просек"},{"$i":"signalLevel3","$v":"Добро"},{"$i":"signalLevel4","$v":"Многу добро"},{"$i":"ipAddress","$v":"IP адреса"},{"$i":"linkSpeed","$v":"Брзина на поврзување"},{"$i":"linkSpeedMbs","$v":[{"t":"idOrVar","v":"linkSpeed"}," Mbit/s"]},{"$i":"wifi-rescan","$v":"Повт. скенирање"},{"$i":"wifi-join-fail","$v":["Не може да се приклучи кон мрежата ",{"t":"idOrVar","v":"n"},"."]},{"$i":"wifi-connect-fail","$v":["Погрешна лозинка за ",{"t":"idOrVar","v":"n"},"."]},{"$i":"wifi-ip-set-fail","$v":"Неуспешни IP поставувања."},{"$i":"wifi-pw-length-error","$v":"Лозин. не се совпаѓа. Обид. се повт.."},{"$i":"password","$v":"Лозинка"},{"$i":"showPassword","$v":"Покажи лозинка"},{"$i":"connect","$v":"Поврзи"},{"$i":"rescanCompleted","$v":"Повторното скенирање е завршено."},{"$i":"failedToConnect","$v":"Неуспешно поврзување"},{"$i":"select","$v":"Избор"},{"$i":"skip","$v":"Преск."},{"$i":"next","$v":"Следно"},{"$i":"accept","$v":"Прифати"},{"$i":"cancel","$v":"Откажи"},{"$i":"ok","$v":"ОК"},{"$i":"notNow","$v":"Не сега"},{"$i":"forget","$v":"Заборави"},{"$i":"confirmation","$v":"Потврдување"},{"$i":"forget-network","$v":"Да се заборави ли мрежата?"},{"$i":"network-forgotten","$v":"Мрежата е заборавена."},{"$i":"hfa","$v":"HFA"},{"$i":"setup-phone-verification","$v":"Верификација на телефонот"},{"$i":"phone-verification-entry-message","$v":"Поставете сметка со верификација на тел. број за да имате пристап до продавницата и дополнителните услуги."},{"$i":"phone-verification-skip-message","$v":"Верификацијата на ваш. телефон не е целосна. Можете да го верифицирате подоцна во Поставки > Сметка. Верификацијата е потребна за да имате пристап до Продавницата и дополнителните услуги."},{"$i":"setup-account","$v":"Пост. на KaiOS сметката"},{"$i":"create-account-li","$v":"Создадете сметка"},{"$i":"login-account-li","$v":"Најавете се"},{"$i":"account-setup-message","$v":"Чувајте ја информацијата безбедна со KaiOS сметка. Ако некогаш го загубите вашиот телефон, вашата KaiOS сметка ќе ви дозволи од далечина да ги заклучите или избришете сите податоци на телефонот. Можете да ја поставите вашата KaiOS сметка подоцна во Поставувања."},{"$i":"sign-in-success","$v":"Најавете се успешно"},{"$i":"account-welcome","$v":"Добредојдовте"},{"$i":"logged-in-message","$v":[{"t":"idOrVar","v":"email"}]},{"$i":"anti-theft","$v":"Анти-кражба"},{"$i":"anti-theft-info","$v":"Се надеваме дека никогаш нема да го изгубите вашиот телефон, но ако се случи, можете да ги заштитите податоците со функциите за заклучување и бришење од далечина. Кога сте подготвени, одете во Поставувања за да ја поставите вашата KaiOS сметка."},{"$i":"companion-phone","$v":"Телефонски придружник"},{"$i":"companion-phone-info","$v":"Инсталирајте ја апликацијата за придружник на KaiOS на вашиот паметен телефон за да синхронизирате контакти и да пренесувате датотеки помеѓу примарниот уред и телефонот со KaiOS."},{"$i":"select-language","$v":"Изберете јазик"},{"$i":"language-current","$v":"Тековно"},{"$i":"language-readout-on","$v":"Испис вкл."},{"$i":"language-readout-off","$v":"Испис искл."},{"$i":"decline-info","$v":"За да се користи уредот. потребно е да се прифатат Одредбите и uсловите."},{"$i":"kaios-license","$v":"KaiOS услови на лиценцата"},{"$i":"decline","$v":"Отфрли"},{"$i":"privacy-confirm","$v":"Со притискање Се согласувам вие се согласувате со Условите за лиценца и Политиката на приватност за KaiOS"},{"$i":"open-url","$v":"ОТВОРИ URL"},{"$i":"lyf-license","$v":"LYF услови на лиценцата"},{"$i":"emergency","$v":"Итен случај"},{"$i":"pin-incorrect","$v":"Погрешен PIN."},{"$i":"puk-incorrect","$v":"Погрешен PUK."},{"$i":"inputCodeRetriesLeft","$v":{"few":[{"t":"idOrVar","v":"n"}," преостанати обиди."],"many":[{"t":"idOrVar","v":"n"}," преостанати обиди."],"one":"(Погрешен PIN. Преостанат 1 обид.)","other":[{"t":"idOrVar","v":"n"}," преостанати обиди."],"two":["(Погрешен PIN. Преостанати ",{"t":"idOrVar","v":"n"}," обиди.)"]},"$x":[{"t":"idOrVar","v":"plural"},"n"]},{"$i":"inputCodePukRetriesLeft","$v":{"few":[{"t":"idOrVar","v":"n"}," преостанати обиди."],"many":[{"t":"idOrVar","v":"n"}," преостанати обиди."],"one":"1 преостанат обид.","other":[{"t":"idOrVar","v":"n"}," преостанати обиди."],"two":[{"t":"idOrVar","v":"n"}," преостанати обиди."]},"$x":[{"t":"idOrVar","v":"plural"},"n"]},{"$i":"pin-label","$v":"SIM PIN"},{"$i":"enter-pin","$v":"Внесете SIM PIN код"},{"$i":"sim1-enter-pin","$v":"Внесете SIM1 PIN код"},{"$i":"sim2-enter-pin","$v":"Внесете SIM2 PIN код"},{"$i":"done","$v":"Готово"},{"$i":"enter-puk","$v":"Внесете PUK"},{"$i":"sim1-enter-puk","$v":"Внесете SIM1 PUK код"},{"$i":"sim2-enter-puk","$v":"Внесете SIM2 PUK код"},{"$i":"puk-label","$v":"PUK"},{"$i":"new-pin-label","$v":"Нов SIM PIN(4-8 цифри)"},{"$i":"confirm-new-pin-label","$v":"Потвр.нов SIM PIN"},{"$i":"pincode-length-error","$v":"SIM PIN (мора да биде 4-8 циф.)"},{"$i":"pin-final-locked","$v":"SIM карт. е заклучена."},{"$i":"pin-final-failed-text","$v":"Сакате ли да го внесете PUK кодот за да ја отклучите SIM карт.?"},{"$i":"sim-locked","$v":"SIM карт. е закл."},{"$i":"sim1-locked","$v":"SIM1 заклучена"},{"$i":"sim2-locked","$v":"SIM2 заклучена"},{"$i":"new-pin-confirm-error","$v":"Неусп. потвр. на новиот SIM PIN."},{"$i":"puk-final-locked","$v":"Погрешен PUK."},{"$i":"puk-final-failed-text","$v":"Вашата SIM карт. е трајно заклучена. Контактирајте го вашиот оператор за повеќе информација."},{"$i":"about-kaios","$v":"За KaiOS"},{"$i":"about-kaios-p1","$v":"Добредојдовте во KaiOS."},{"$i":"about-kaios-p2","$v":"Нашата мисија е да ги отвориме можностите за поединци, нивни семејства и заедници преку овозможување пристап до големи дигитални производи и услуги за сите членови на општеството."},{"$i":"about-kaios-p3","$v":"Можете да ни помогнете да ги подобриме производите и услугите со автоматско испраќање аналитички податоци. Погледнете ги нашите услови за приватност за да дознаете како ги обработуваме податоците на вашите уреди."},{"$i":"about-kaios-p4","$v":"Можете да ги промените овие поставки во Поставки> Приватност и безбедност> За KaiOS."},{"$i":"about-kaios-agree","$v":"Сакам да им помогнам со испраќање аналитички податоци."},{"$i":"about-kaios-age","$v":"Имам повеќе од 16 години."},{"$i":"about-kaios-ad","$v":"Користете ги моите податоци за подобрување на персонализирани реклами."},{"$i":"deselect","$v":"Пон.ги избр."},{"$i":"selectKeyboard","$v":"Изберете тастатура"},{"$i":"send-data-via","$v":"Испрати податоци преку"},{"$i":"wifi-and-carrier-data","$v":"Wi-Fi и мобилни податоци"},{"$i":"wifi-only","$v":"само Wi-Fi"},{"$i":"more","$v":"Повеќе >"},{"$i":"qtn_oobe_high_volume","$v":"Внимавајте на висока јачина на звук во режимот Пристапност."},{"$i":"qtn_oobe_enter","$v":"Дали сѐ уште сакате да влезете во режимот Пристапност?"},{"$i":"qtn_oobe_hdr_senior_mode","$v":"Режим Пристапност"},{"$i":"qtn_oobe_hdr_ICE","$v":"Информации за итни случаи"},{"$i":"qtn_oobe_rem_create_ICE","$v":"Креирајте ги вашите детали со информации кои ќе ви помогнат при итни случаи."},{"$i":"qtn_oobe_set_ICE_contact","$v":"По стартување на уредот,"},{"$i":"qtn_oobe_btn_ICE_info","$v":"Креирајте информации за итни случаи"},{"$i":"qtn-privacy-terms-welcome","$v":"Добре дојдовте"},{"$i":"qtn-privacy-policy-description-1","$v":["Ви благодариме што го избравте ",{"t":"idOrVar","v":"WDM"},"."]},{"$i":"qtn-privacy-policy-description-2","$v":"Употребата на услугите и апликациите от HMD Global во вашиот уред се регулира од Правилата за приватност на HMD Global достапни на www.nokia.com/mobile-privacy."},{"$i":"qtn-privacy-policy-description-3","$v":["Употребата на софтверот, услугите и апликациите од KaiOS во вашиот уред се регулира од Договорот за лиценца на крајниот корисник и Правилата за приватност на KaiOS, достапни на ",{"t":"idOrVar","v":"WDM"},"."]},{"$i":"qtn-privacy-policy-description-4","$v":{"$o":"Информации за активација на уредот со една еднократна порака за локација на уредот заедно со информации што се единствени за уредот и мрежата ќе се испратат до KAI & HMD."}},{"$i":"qtn-privacy-policy-description-5","$v":"Овие информации ни овозможуваат подобро да одговориме на побарувачката во вашата земја, да обезбедиме ажурирања за SW, корисничка поддршка и активирање на услугите."},{"$i":"qtn-privacy-policy-description-6","$v":"Може да се применат такси за податоци."},{"$i":"qtn-privacy-policy-description-7","$v":"При користењето на различните функции на вашиот уред, е возможно да добивате известувања за приватноста или други известувања."},{"$i":"data-connectivity","$v":"Порака за предупредување"},{"$i":"data-message","$v":"Веројатно волшебникот за поставување ќе ги користи податоците преку мобилната мрежа за време на почетното поставување на паметниот телефон."}]