[{"$i":"wifi","$v":"Pilih Rangkaian"},{"$i":"ssid","$v":"SSID"},{"$i":"no-wifi-found","$v":"Tiada rangkaian tersedia"},{"$i":"wifi-searching","$v":"Mencari rangkaian…"},{"$i":"security-open","$v":"Buka"},{"$i":"shortStatus-connecting","$v":"Menyambung…"},{"$i":"shortStatus-associated","$v":"Mendapatkan alamat IP…"},{"$i":"shortStatus-authenticating","$v":"Mengesahkan…"},{"$i":"shortStatus-connected","$v":"Disambungkan"},{"$i":"shortStatus-connectingfailed","$v":"Sambungan gagal"},{"$i":"shortStatus-disconnected","$v":"Luar talian"},{"$i":"shortStatus-connected-no-internet","$v":"Disambungkan, tiada internet"},{"$i":"securityWEP","$v":"WEP"},{"$i":"securityWPA-PSK","$v":"WPA-PSK"},{"$i":"securityWPA-EAP","$v":"WPA-EAP"},{"$i":"securityWPA2-PSK","$v":"WPA2-PSK"},{"$i":"securityWPA/WPA2-PSK","$v":"WPA/WPA2-PSK"},{"$i":"securedBy","$v":[{"t":"idOrVar","v":"capabilities"}]},{"$i":"securedByWay","$v":["Dijamin oleh ",{"t":"idOrVar","v":"capabilities"}]},{"$i":"security","$v":"Keselamatan"},{"$i":"signalStrength","$v":"Kekuatan isyarat"},{"$i":"signalLevel0","$v":"Sangat lemah"},{"$i":"signalLevel1","$v":"Lemah"},{"$i":"signalLevel2","$v":"Purata"},{"$i":"signalLevel3","$v":"Baik"},{"$i":"signalLevel4","$v":"Sangat baik"},{"$i":"ipAddress","$v":"Alamat IP"},{"$i":"linkSpeed","$v":"Kelajuan pautan"},{"$i":"linkSpeedMbs","$v":[{"t":"idOrVar","v":"linkSpeed"}," Mbit/s"]},{"$i":"wifi-rescan","$v":"Imbas semula"},{"$i":"wifi-join-fail","$v":["Tidak dapat menyertai rangkaian ",{"t":"idOrVar","v":"n"},"."]},{"$i":"wifi-connect-fail","$v":["Kata laluan salah untuk ",{"t":"idOrVar","v":"n"},"."]},{"$i":"wifi-ip-set-fail","$v":"Tetapan IP gagal."},{"$i":"wifi-pw-length-error","$v":"Panjang kata laluan mestilah lebih daripada 8 aksara."},{"$i":"password","$v":"Kata laluan"},{"$i":"showPassword","$v":"Tunjukkan Kata Laluan"},{"$i":"connect","$v":"Sambung"},{"$i":"rescanCompleted","$v":"Imbas semula lengkap."},{"$i":"failedToConnect","$v":"Gagal Menyambung"},{"$i":"select","$v":"Pilih"},{"$i":"skip","$v":"Langkau"},{"$i":"next","$v":"Seterusnya"},{"$i":"accept","$v":"Terima"},{"$i":"cancel","$v":"Batal"},{"$i":"ok","$v":"OK"},{"$i":"notNow","$v":"Bukan sekarang"},{"$i":"forget","$v":"Lupakan"},{"$i":"confirmation","$v":"Pengesahan"},{"$i":"forget-network","$v":"Lupakan rangkaian?"},{"$i":"network-forgotten","$v":"Rangkaian dilupakan."},{"$i":"hfa","$v":"HFA"},{"$i":"setup-phone-verification","$v":"Pengesahan Telefon"},{"$i":"phone-verification-entry-message","$v":"Sediakan akaun dengan mengesahkan nombor anda untuk mengakses kedai dan perkhidmatan tambahan."},{"$i":"phone-verification-skip-message","$v":"Pengesahan telefon anda tidak lengkap. Anda boleh mengesahkan kemudian dalam Tetapan>Akaun. Pengesahan diperlukan untuk mengakses Kedai dan Perkhidmatan tambahan."},{"$i":"setup-account","$v":"Sediakan Akaun KaiOS"},{"$i":"create-account-li","$v":"Buat Akaun"},{"$i":"login-account-li","$v":"Daftar Masuk"},{"$i":"account-setup-message","$v":"Pastikan maklumat anda selamat dengan akaun KaiOS. Jika anda kehilangan telefon, akaun KaiOS akan membenarkan anda mengunci atau menyapu semua data pada telefon anda secara jauh. Anda juga boleh menyediakan akaun KaiOS anda kemudian nanti dalam Tetapan."},{"$i":"sign-in-success","$v":"Daftar Masuk Berjaya"},{"$i":"account-welcome","$v":"Selamat Datang"},{"$i":"logged-in-message","$v":[{"t":"idOrVar","v":"email"}]},{"$i":"anti-theft","$v":"Antikecurian"},{"$i":"anti-theft-info","$v":"Kami berharap anda tidak akan pernah kehilangan telefon, tetapi jika perkara itu berlaku, anda boleh melindungi data anda menggunakan ciri kunci dan sapu secara jauh kami. Apabila anda sudah bersedia, pergi ke Tetapan dan sediakan akaun KaiOS anda."},{"$i":"companion-phone","$v":"Telefon Teman"},{"$i":"companion-phone-info","$v":"Pasang apl teman KaiOS pada telefon pintar anda untuk menyegerakkan kenalan dan memindahkan fail antara peranti utama anda dan telefon dikuasakan KaiOS anda."},{"$i":"select-language","$v":"Pilih Bahasa"},{"$i":"language-current","$v":"Semasa"},{"$i":"language-readout-on","$v":"Bacaan"},{"$i":"language-readout-off","$v":"Bacaan"},{"$i":"decline-info","$v":"Penerimaan Terma Lesen dan Dasar Privasi KaiOS adalah diperlukan untuk menggunakan peranti ini."},{"$i":"kaios-license","$v":"Terma Lesen dan Dasar Privasi KaiOS"},{"$i":"decline","$v":"Tolak"},{"$i":"privacy-confirm","$v":"Dengan menekan Terima anda bersetuju dengan Terma Lesen dan Dasar Privasi KaiOS."},{"$i":"open-url","$v":"BUKA URL"},{"$i":"lyf-license","$v":"Terma Lesen LYF"},{"$i":"emergency","$v":"Kecemasan"},{"$i":"pin-incorrect","$v":"PIN salah."},{"$i":"puk-incorrect","$v":"PUK salah."},{"$i":"inputCodeRetriesLeft","$v":{"few":["Tinggal ",{"t":"idOrVar","v":"n"}," cubaan."],"many":["Tinggal ",{"t":"idOrVar","v":"n"}," cubaan."],"one":"Tinggal 1 cubaan.","other":["Tinggal ",{"t":"idOrVar","v":"n"}," cubaan."],"two":["Tinggal ",{"t":"idOrVar","v":"n"}," cubaan."]},"$x":[{"t":"idOrVar","v":"plural"},"n"]},{"$i":"inputCodePukRetriesLeft","$v":{"few":["Tinggal ",{"t":"idOrVar","v":"n"}," cubaan."],"many":["Tinggal ",{"t":"idOrVar","v":"n"}," cubaan."],"one":"Tinggal 1 cubaan.","other":["Tinggal ",{"t":"idOrVar","v":"n"}," cubaan."],"two":["Tinggal ",{"t":"idOrVar","v":"n"}," cubaan."]},"$x":[{"t":"idOrVar","v":"plural"},"n"]},{"$i":"pin-label","$v":"PIN SIM"},{"$i":"enter-pin","$v":"Masukkan PIN SIM"},{"$i":"sim1-enter-pin","$v":"Masukkan PIN SIM1"},{"$i":"sim2-enter-pin","$v":"Masukkan PIN SIM2"},{"$i":"done","$v":"Selesai"},{"$i":"enter-puk","$v":"Masukkan PUK"},{"$i":"sim1-enter-puk","$v":"Masukkan PUK SIM1"},{"$i":"sim2-enter-puk","$v":"Masukkan PUK SIM2"},{"$i":"puk-label","$v":"PUK"},{"$i":"new-pin-label","$v":"PIN SIM baharu(mesti 4-8 digit)"},{"$i":"confirm-new-pin-label","$v":"Sahkan PIN SIM yang Baharu"},{"$i":"pincode-length-error","$v":"PIN SIM mesti 4-8 digit."},{"$i":"pin-final-locked","$v":"Kad SIM dikunci."},{"$i":"pin-final-failed-text","$v":"Adakah anda ingin memasukkan kod PUK untuk membuka kunci kad SIM anda?"},{"$i":"sim-locked","$v":"SIM Dikunci"},{"$i":"sim1-locked","$v":"SIM1 Dikunci"},{"$i":"sim2-locked","$v":"SIM2 Dikunci"},{"$i":"new-pin-confirm-error","$v":"Pengesahan PIN SIM baharu gagal."},{"$i":"puk-final-locked","$v":"PUK salah."},{"$i":"puk-final-failed-text","$v":"Kad SIM anda dikunci secara kekal. Hubungi pembawa anda untuk mendapatkan maklumat lanjut."},{"$i":"about-kaios","$v":"Perihal KaiOS"},{"$i":"about-kaios-p1","$v":"Selamat datang ke KaiOS."},{"$i":"about-kaios-p2","$v":"Misi kita ialah untuk membuka peluang untuk individu, keluarga mereka dan komuniti dengan menjadikan akses kepada produk dan perkhidmatan digital yang hebat suatu realiti untuk semua ahli masyarakat."},{"$i":"about-kaios-p3","$v":"Anda boleh membantu kami meningkatkan produk dan perkhidmatan dengan menghantar data analitis secara automatik. Lihat terma privasi kami untuk mengetahui cara kami mengendalikan data pada peranti anda."},{"$i":"about-kaios-p4","$v":{"$o":"Anda boleh mengubah tetapan in dalam Tetapan > Privasi & Keselamatan > Tentang KaiOS."}},{"$i":"about-kaios-agree","$v":"Saya mahu membantu dengan menghantar data analitik."},{"$i":"about-kaios-age","$v":"Saya berumur lebih 16 tahun."},{"$i":"about-kaios-ad","$v":"Gunakan data saya untuk meningkatkan pengalaman pengiklanan saya."},{"$i":"deselect","$v":"Nyahpilih"},{"$i":"selectKeyboard","$v":"Pilih Papan Kekunci"},{"$i":"send-data-via","$v":"Hantar Data melalui"},{"$i":"wifi-and-carrier-data","$v":"Wi-Fi dan Data Pembawa"},{"$i":"wifi-only","$v":"Wi-Fi Sahaja"},{"$i":"more","$v":"Lagi >"},{"$i":"qtn_oobe_high_volume","$v":"Sila beri perhatian kepada jumlah tinggi dalam mod Kebolehcapaian."},{"$i":"qtn_oobe_enter","$v":"Adakah anda masih mahu memasuki mod Kebolehcapaian?"},{"$i":"qtn_oobe_hdr_senior_mode","$v":"Mode aksesibilitas"},{"$i":"qtn_oobe_hdr_ICE","$v":"Maklumat ICE"},{"$i":"qtn_oobe_rem_create_ICE","$v":"Sila buat maklumat maklumat ICE anda, yang akan membantu anda dalam keadaan kecemasan."},{"$i":"qtn_oobe_set_ICE_contact","$v":"Selepas memulakan peranti, sila tetapkan hubungan ICE pada mulanya."},{"$i":"qtn_oobe_btn_ICE_info","$v":"Buat maklumat ICE"},{"$i":"qtn-privacy-terms-welcome","$v":"Selamat datang"},{"$i":"qtn-privacy-policy-description-1","$v":["Terima kasih kerana memilih ",{"t":"idOrVar","v":"WDM"},"."]},{"$i":"qtn-privacy-policy-description-2","$v":"Penggunaan perkhidmatan dan aplikasi HMD Global dalam peranti anda dikawal oleh Dasar Privasi HMD Global, yang tersedia di www.nokia.com/mobile-privacy."},{"$i":"qtn-privacy-policy-description-3","$v":["Anda menggunakan perisian, perkhidmatan dan aplikasi KaiOS dalam peranti anda yang ditentukan oleh EULA dan Terma Privasi KaiOS, boleh didapati di ",{"t":"idOrVar","v":"WDM"},"."]},{"$i":"qtn-privacy-policy-description-4","$v":{"$o":"Maklumat pengaktifan peranti dengan lokasi peranti sekali bersama dengan peranti unik dan maklumat rangkaian akan dihantar ke KAI & HMD."}},{"$i":"qtn-privacy-policy-description-5","$v":"Maklumat ini membolehkan kami memenuhi permintaan di negara anda, memberikan kemas kini SW, khidmat sokongan pelanggan dan mengaktifkan perkhidmatan dengan lebih baik."},{"$i":"qtn-privacy-policy-description-6","$v":"Caj data mungkin dikenakan."},{"$i":"qtn-privacy-policy-description-7","$v":"Privasi atau notis lain mungkin diberikan apabila anda menggunakan ciri-ciri peranti anda yang berlainan."},{"$i":"data-connectivity","$v":"Mesej Amaran"},{"$i":"data-message","$v":"Bestari persediaan boleh menggunakan data ke atas rangkaian mudah alih semasa persediaan awal telefon pintar."}]