[{"$i":"wifi","$v":"Velg et nettverk"},{"$i":"ssid","$v":"SSID"},{"$i":"no-wifi-found","$v":"Ingen tilgjengelige nettverk"},{"$i":"wifi-searching","$v":"Søker nettverk …"},{"$i":"security-open","$v":"Åpne"},{"$i":"shortStatus-connecting","$v":"Kobler til …"},{"$i":"shortStatus-associated","$v":"Henter en IP-adresse …"},{"$i":"shortStatus-authenticating","$v":"Autentiserer …"},{"$i":"shortStatus-connected","$v":"Tilkoblet"},{"$i":"shortStatus-connectingfailed","$v":"Forbindelsen mislyktes"},{"$i":"shortStatus-disconnected","$v":"Frakoblet"},{"$i":"shortStatus-connected-no-internet","$v":"Tilkoblet, uten Internett"},{"$i":"securityWEP","$v":"WEP"},{"$i":"securityWPA-PSK","$v":"WPA-PSK"},{"$i":"securityWPA-EAP","$v":"WPA-EAP"},{"$i":"securityWPA2-PSK","$v":"WPA2-PSK"},{"$i":"securityWPA/WPA2-PSK","$v":"WPA/WPA2-PSK"},{"$i":"securedBy","$v":[{"t":"idOrVar","v":"capabilities"}]},{"$i":"securedByWay","$v":["Sikret av ",{"t":"idOrVar","v":"capabilities"}]},{"$i":"security","$v":"Sikkerhet"},{"$i":"signalStrength","$v":"Signalstyrke"},{"$i":"signalLevel0","$v":"Svært svakt"},{"$i":"signalLevel1","$v":"Svakt"},{"$i":"signalLevel2","$v":"Gjennomsnitt"},{"$i":"signalLevel3","$v":"Bra"},{"$i":"signalLevel4","$v":"Veldig god"},{"$i":"ipAddress","$v":"IP-adresse"},{"$i":"linkSpeed","$v":"Koblingshastighet"},{"$i":"linkSpeedMbs","$v":[{"t":"idOrVar","v":"linkSpeed"}," Mbit/s"]},{"$i":"wifi-rescan","$v":"Skann på nytt"},{"$i":"wifi-join-fail","$v":["Kan ikke koble til nettverket ",{"t":"idOrVar","v":"n"},"."]},{"$i":"wifi-connect-fail","$v":["Feil passord for ",{"t":"idOrVar","v":"n"},"."]},{"$i":"wifi-ip-set-fail","$v":"IP-innstillinger mislyktes."},{"$i":"wifi-pw-length-error","$v":"Passordet må være på mer enn 8 tegn."},{"$i":"password","$v":"Passord"},{"$i":"showPassword","$v":"Vis passord"},{"$i":"connect","$v":"Koble til"},{"$i":"rescanCompleted","$v":"Skann på nytt er fullført."},{"$i":"failedToConnect","$v":"Kunne ikke koble til"},{"$i":"select","$v":"Velg"},{"$i":"skip","$v":"Hopp over"},{"$i":"next","$v":"Neste"},{"$i":"accept","$v":"Godta"},{"$i":"cancel","$v":"Avbryt"},{"$i":"ok","$v":"OK"},{"$i":"notNow","$v":"Ikke nå"},{"$i":"forget","$v":"Glem"},{"$i":"confirmation","$v":"Bekreftelse"},{"$i":"forget-network","$v":"Glemme nettverk?"},{"$i":"network-forgotten","$v":"Nettverk glemt."},{"$i":"hfa","$v":"HFA"},{"$i":"setup-phone-verification","$v":"Telefonbekreftelse"},{"$i":"phone-verification-entry-message","$v":"Konfigurer en konto ved å bekrefte nummeret ditt for å få tilgang til butikken og tilleggstjenester."},{"$i":"phone-verification-skip-message","$v":"Telefonbekreftelse er ufullstendig. Du kan bekrefte senere i Innstillinger> Konto. Bekreftelse er nødvendig for å få tilgang til butikk og tilleggstjenester."},{"$i":"setup-account","$v":"Konfigurer KaiOS-konto"},{"$i":"create-account-li","$v":"Opprett konto"},{"$i":"login-account-li","$v":"Logg på"},{"$i":"account-setup-message","$v":"Hold informasjonen din trygg med KaiOS-konto. Hvis du noen gang mister telefonen, vil KaiOS-kontoen gi deg mulighet til å eksternt låse eller slette alle dataene på telefonen. Du kan også konfigurere KaiOS-kontoen senere i innstillinger."},{"$i":"sign-in-success","$v":"Pålogging vellykket"},{"$i":"account-welcome","$v":"Velkommen"},{"$i":"logged-in-message","$v":[{"t":"idOrVar","v":"email"}]},{"$i":"anti-theft","$v":"Anti-Theft"},{"$i":"anti-theft-info","$v":"Vi håper at du aldri mister telefonen din, men vis du gjør det, kan vi beskytte dataene dine med våre funksjoner for ekstern låsing og sletting. Når du er klar går du til Innstillinger for å konfigurere KaiOS-kontoen."},{"$i":"companion-phone","$v":"Ledsagertelefon"},{"$i":"companion-phone-info","$v":"Installer KaiOS-ledsagerappene på smarttelefonen din for å synkronisere kontakter og overføre filer mellom den primære telefonen og telefonen din med KaiOS."},{"$i":"select-language","$v":"Velg språk"},{"$i":"language-current","$v":"Nåværende"},{"$i":"language-readout-on","$v":"Avlesning på"},{"$i":"language-readout-off","$v":"Avlesning av"},{"$i":"decline-info","$v":"Det kreves at du godtar vilkårene for å bruke denne enheten."},{"$i":"kaios-license","$v":"KaiOS-lisensvilkår"},{"$i":"decline","$v":"Avvis"},{"$i":"privacy-confirm","$v":"Ved å trykke på Godta, godtar du KaiOS-lisensvilkårene og -personvernerklæringen."},{"$i":"open-url","$v":"ÅPNE URL"},{"$i":"lyf-license","$v":"LYF-lisensvilkår"},{"$i":"emergency","$v":"Nødssituasjon"},{"$i":"pin-incorrect","$v":"Feil PIN-kode."},{"$i":"puk-incorrect","$v":"Feil PUK-kode."},{"$i":"inputCodeRetriesLeft","$v":{"few":[{"t":"idOrVar","v":"n"}," forsøk igjen."],"many":[{"t":"idOrVar","v":"n"}," forsøk igjen."],"one":"1 forsøk igjen.","other":[{"t":"idOrVar","v":"n"}," forsøk igjen."],"two":[{"t":"idOrVar","v":"n"}," forsøk igjen."]},"$x":[{"t":"idOrVar","v":"plural"},"n"]},{"$i":"inputCodePukRetriesLeft","$v":{"few":[{"t":"idOrVar","v":"n"}," forsøk igjen."],"many":[{"t":"idOrVar","v":"n"}," forsøk igjen."],"one":"1 forsøk igjen.","other":[{"t":"idOrVar","v":"n"}," forsøk igjen."],"two":[{"t":"idOrVar","v":"n"}," forsøk igjen."]},"$x":[{"t":"idOrVar","v":"plural"},"n"]},{"$i":"pin-label","$v":"SIM PIN"},{"$i":"enter-pin","$v":"Angi SIM PIN"},{"$i":"sim1-enter-pin","$v":"Tast SIM1-PIN"},{"$i":"sim2-enter-pin","$v":"Tast SIM2-PIN"},{"$i":"done","$v":"Fullført"},{"$i":"enter-puk","$v":"Angi PUK-kode"},{"$i":"sim1-enter-puk","$v":"Tast SIM1-PUK"},{"$i":"sim2-enter-puk","$v":"Tast SIM2-PUK"},{"$i":"puk-label","$v":"PUK"},{"$i":"new-pin-label","$v":"Ny SIM PIN (4–8 sifre)"},{"$i":"confirm-new-pin-label","$v":"Bekreft ny SIM PIN"},{"$i":"pincode-length-error","$v":"SIM PIN må være 4–8 sifre."},{"$i":"pin-final-locked","$v":"SIM-kort er låst."},{"$i":"pin-final-failed-text","$v":"Vil du angi PUK-koden for å låse opp SIM-kortet?"},{"$i":"sim-locked","$v":"SIM låst"},{"$i":"sim1-locked","$v":"SIM1 låst"},{"$i":"sim2-locked","$v":"SIM2 låst"},{"$i":"new-pin-confirm-error","$v":"Ny SIM PIN-bekreftelse misl."},{"$i":"puk-final-locked","$v":"Feil PUK-kode."},{"$i":"puk-final-failed-text","$v":"SIM-kortet er låst permanent. Ta kontakt med leverandøren din for mer informasjon."},{"$i":"about-kaios","$v":"Om KaiOS"},{"$i":"about-kaios-p1","$v":"Velkommen til KaiOS."},{"$i":"about-kaios-p2","$v":"Vårt oppdrag er å åpne opp muligheter for enkeltpersoner, deres familier og lokalsamfunn ved å få tilgang til gode digitale produkter og tjenester til virkelighet for alle medlemmer av samfunnet."},{"$i":"about-kaios-p3","$v":"Du kan hjelpe oss med å forbedre produkter og tjenester ved å automatisk sende analysedata. Se våre personvernvilkår for å lære hvordan vi håndterer data på enhetene dine."},{"$i":"about-kaios-p4","$v":"Du kan endre disse innstillingene i Innstillinger> Personvern og sikkerhet> Om KaiOS."},{"$i":"about-kaios-agree","$v":"Jeg vil hjelpe ved å sende analysedata."},{"$i":"about-kaios-age","$v":"Jeg er over 16 år."},{"$i":"about-kaios-ad","$v":"Bruk dataene mine for å forbedre annonseopplevelsen min."},{"$i":"deselect","$v":"Velg bort"},{"$i":"selectKeyboard","$v":"Velg tastatur"},{"$i":"send-data-via","$v":"Send data via"},{"$i":"wifi-and-carrier-data","$v":"Wi-Fi og mobildata"},{"$i":"wifi-only","$v":"Bare Wi-Fi"},{"$i":"more","$v":"Mer >"},{"$i":"qtn_oobe_high_volume","$v":"Vær oppmerksom på høyt volum i tilgjengelighetsmodus."},{"$i":"qtn_oobe_enter","$v":"Vil du fremdeles åpne tilgjengelighetsmodus?"},{"$i":"qtn_oobe_hdr_senior_mode","$v":"Tilgjengelighetsmodus"},{"$i":"qtn_oobe_hdr_ICE","$v":"ICE-informasjon"},{"$i":"qtn_oobe_rem_create_ICE","$v":"Opprett ICE informasjonsdetaljene som vil hjelpe deg I nødstilfeller."},{"$i":"qtn_oobe_set_ICE_contact","$v":"Etter at du starter enheten,"},{"$i":"qtn_oobe_btn_ICE_info","$v":"Opprett ICE-informasjon"},{"$i":"qtn-privacy-terms-welcome","$v":"Velkommen"},{"$i":"qtn-privacy-policy-description-1","$v":["Takk for at du valgte ",{"t":"idOrVar","v":"WDM"},"."]},{"$i":"qtn-privacy-policy-description-2","$v":"Din bruk av HMD Global-tjenester og -programmer på enheten din styres av personvern-erklæringen til HMD Global som du finner på www.nokia.com/mobile-privacy."},{"$i":"qtn-privacy-policy-description-3","$v":["Din bruk av KaiOS-programvare, -tjenester og -programmer på enheten din styres av personvernerklæringen og sluttbrukerlisensen til KaiOS som du finner på ",{"t":"idOrVar","v":"WDM"},"."]},{"$i":"qtn-privacy-policy-description-4","$v":{"$o":"Informasjon om enhetsaktivering engangsenhetslokasjon og unik enhets- og nettverksinformasjon blir sendt til KAI & HMD."}},{"$i":"qtn-privacy-policy-description-5","$v":"Denne informasjonen hjelper oss med å bedre imøtekomme behovene i ditt land, tilby programvareoppdateringer, kundestøtte og aktivere tjenester."},{"$i":"qtn-privacy-policy-description-6","$v":"Datakostnader kan påløpe."},{"$i":"qtn-privacy-policy-description-7","$v":"Personvern eller andre varsler kan gis når du bruker forskjellige funksjoner på enheten."},{"$i":"data-connectivity","$v":"Advarselmelding"},{"$i":"data-message","$v":"Konfigurasjonsveiviser kan bruke data over mobilnettverket i løpet av den første konfigurasjonen av smarttelefonen."}]