[{"$i":"wifi","$v":"नेटवर्क चयन गर्नुहोस्"},{"$i":"ssid","$v":"SSID"},{"$i":"no-wifi-found","$v":"कुनै उपलब्ध नेटवर्कहरू छैनन्"},{"$i":"wifi-searching","$v":"नेटवर्कहरू खोज्दै..."},{"$i":"security-open","$v":"खोल्नुहोस्"},{"$i":"shortStatus-connecting","$v":"जडान हुँदैछ..."},{"$i":"shortStatus-associated","$v":"IP ठेगाना प्राप्त गर्दै..."},{"$i":"shortStatus-authenticating","$v":"प्रमाणित गर्दै..."},{"$i":"shortStatus-connected","$v":"जडान गरिएको"},{"$i":"shortStatus-connectingfailed","$v":"जडान असफल भयो"},{"$i":"shortStatus-disconnected","$v":"अफलाइन"},{"$i":"shortStatus-connected-no-internet","$v":"जडान भयो, इन्टरनेट छैन"},{"$i":"securityWEP","$v":"WEP"},{"$i":"securityWPA-PSK","$v":"WPA-PSK"},{"$i":"securityWPA-EAP","$v":"WPA-EAP"},{"$i":"securityWPA2-PSK","$v":"WPA2-PSK"},{"$i":"securityWPA/WPA2-PSK","$v":"WPA/WPA2-PSK"},{"$i":"securedBy","$v":[{"t":"idOrVar","v":"capabilities"}]},{"$i":"securedByWay","$v":[{"t":"idOrVar","v":"capabilities"}," द्वारा सुरक्षित"]},{"$i":"security","$v":"सुरक्षा"},{"$i":"signalStrength","$v":"सिग्नलको क्षमता"},{"$i":"signalLevel0","$v":"एकदमै कमजोर"},{"$i":"signalLevel1","$v":"कमजोर"},{"$i":"signalLevel2","$v":"औसत"},{"$i":"signalLevel3","$v":"राम्रो"},{"$i":"signalLevel4","$v":"धेरै राम्रो"},{"$i":"ipAddress","$v":"IP ठेगाना"},{"$i":"linkSpeed","$v":"लिङ्क गति"},{"$i":"linkSpeedMbs","$v":[{"t":"idOrVar","v":"linkSpeed"}," Mbit/s"]},{"$i":"wifi-rescan","$v":"पुन: स्क्यान गर्नुहोस्"},{"$i":"wifi-join-fail","$v":["नेटवर्क ",{"t":"idOrVar","v":"n"}," मा सहभागी हुन सकेन।"]},{"$i":"wifi-connect-fail","$v":[{"t":"idOrVar","v":"n"},"को लागि गलत पासवर्ड।"]},{"$i":"wifi-ip-set-fail","$v":"IP सेटिङहरू असफल भयो।"},{"$i":"wifi-pw-length-error","$v":"पासवर्ड 8 वर्णहरूभन्दा बढीको हुन्छ।"},{"$i":"password","$v":"पासवर्ड"},{"$i":"showPassword","$v":"पासवर्ड देखाउनु"},{"$i":"connect","$v":"जडान गर्नुहोस्"},{"$i":"rescanCompleted","$v":"पुन: स्क्यान पूरा भयो।"},{"$i":"failedToConnect","$v":"जडान गर्न असफल भयो"},{"$i":"select","$v":"चयन गर्नुहोस्"},{"$i":"skip","$v":"छोड्नुहोस्"},{"$i":"next","$v":"अर्को"},{"$i":"accept","$v":"स्वीकार्नुहोस्"},{"$i":"cancel","$v":"रद्द गर्नुहोस्"},{"$i":"ok","$v":"ठीक छ"},{"$i":"notNow","$v":"अहिले होईन"},{"$i":"forget","$v":"बिर्सनुहोस्"},{"$i":"confirmation","$v":"पुष्टिकरण"},{"$i":"forget-network","$v":"सञ्जाललाई बिर्सिने?"},{"$i":"network-forgotten","$v":"नेटवर्क भुलियो।"},{"$i":"hfa","$v":"HFA"},{"$i":"setup-phone-verification","$v":"फोनको प्रमाणीकरण"},{"$i":"phone-verification-entry-message","$v":"पसल र थप सेवाहरूमा पहुँच गर्नको लागि आफ्नो नम्बर प्रमाणित गरेर खाता सेटअप गर्नुहोस्।"},{"$i":"phone-verification-skip-message","$v":"तपाईंको फोन नम्बर प्रमाणीकरण अपूर्ण छ। तपाईंले पछि सेटिङहरू>खातामा प्रमाणित गर्न सक्नुहुन्। पसल र थप सेवाहरूमा पहुँच गर्नको लागि प्रमाणीकरण आवश्यक हुन्छ।"},{"$i":"setup-account","$v":"KaiOS खाता सेटअप गर्नुहोस्"},{"$i":"create-account-li","$v":"खाता सिर्जना गर्नुहोस्"},{"$i":"login-account-li","$v":"साइन इन गर्नुहोस्"},{"$i":"account-setup-message","$v":"तपाईंले KaiOS खातासँग सुरक्षित जानकारी राख्नुहोस्। यदि तपाईंले आफ्नो फोन गुमाउनुभयो भने KaiOS खातामा अनुमति दिन फोनमा सबै डेटा वाइप गर्नुहोस् वा टाढाबाटै लक गर्नुहोस्। तपाईंले सेटिङहरूमा आफ्नो KaiOS खाता पछि सेटअप गर्नुहोस्"},{"$i":"sign-in-success","$v":"साइन इन सफल भयो"},{"$i":"account-welcome","$v":"स्वागतम"},{"$i":"logged-in-message","$v":[{"t":"idOrVar","v":"email"}]},{"$i":"anti-theft","$v":"विरोधी-चोर"},{"$i":"anti-theft-info","$v":"हामी तपाईंले आफ्नो फोन कहिल्यै पनि गुमाउनुहुन्न भन्ने आशा गर्छौं तर तपाईंले गुमाउनुहुन्छ भने हाम्रो रिमोट लक तथा वाइप सुविधाहरू मार्फत आफ्नो डेटा सुरक्षित गर्न सक्नुहुन्छ। तपाईं तयार हुँदा आफ्नो KaiOS खाता सेट अप गर्नको लागि सेटिङहरू तर्फ जानुहोस्।"},{"$i":"companion-phone","$v":"कम्प्यानिअन फोन"},{"$i":"companion-phone-info","$v":"सम्पर्कहरू समक्रमण गर्न आफ्नो फोनमा काई.ओ.एस कम्प्यानिअन एपलाई स्थापना गर्नुहोस् र तपाईंको प्राथमिक यन्त्र र काई.ओ.एस-पावर्ड फोनबीच फाइलहरू स्थानान्तरण गर्नुहोस्।"},{"$i":"select-language","$v":"भाषा चयन गर्नुहोस्"},{"$i":"language-current","$v":"हालको"},{"$i":"language-readout-on","$v":"रिडआउट अन"},{"$i":"language-readout-off","$v":"रिडआउट अफ"},{"$i":"decline-info","$v":"यो यन्त्र प्रयोग गर्नका लागि काई ओ.एस का इजाजतपत्रका सर्तहरू गोपनीयता नीतिमा स्वीकृति जनाउन आवश्यक पर्छ।"},{"$i":"kaios-license","$v":"काई ओस. इजाजतपत्रका सर्तहरू र गोपनीयता नीति"},{"$i":"decline","$v":"अस्वीकार गर्नुहोस्"},{"$i":"privacy-confirm","$v":"स्वीकार गर्नुहोस् बटनमा ट्याप गरेर तपाईं काई ओस. का सर्तहरू र गोपनीयता नीतिमा सहमति जनाउनुहुन्छ।"},{"$i":"open-url","$v":"यू.आर.एल खोल्नुहोस्"},{"$i":"lyf-license","$v":"LYF इजाजतपत्रका सर्तहरू"},{"$i":"emergency","$v":"आपतकालीन"},{"$i":"pin-incorrect","$v":"गलत PIN"},{"$i":"puk-incorrect","$v":"गलत PUK।"},{"$i":"inputCodeRetriesLeft","$v":{"few":[{"t":"idOrVar","v":"n"}," बाँकी प्रयासहरू।"],"many":[{"t":"idOrVar","v":"n"}," बाँकी प्रयासहरू।"],"one":"1 बायाँ प्रयास","other":[{"t":"idOrVar","v":"n"}," बाँकी प्रयासहरू।"],"two":[{"t":"idOrVar","v":"n"}," बाँकी प्रयासहरू।"]},"$x":[{"t":"idOrVar","v":"plural"},"n"]},{"$i":"inputCodePukRetriesLeft","$v":{"few":[{"t":"idOrVar","v":"n"}," बाँकी प्रयासहरू।"],"many":[{"t":"idOrVar","v":"n"}," बाँकी प्रयासहरू।"],"one":"1 बायाँ प्रयास","other":[{"t":"idOrVar","v":"n"}," बाँकी प्रयासहरू।"],"two":[{"t":"idOrVar","v":"n"}," बाँकी प्रयासहरू।"]},"$x":[{"t":"idOrVar","v":"plural"},"n"]},{"$i":"pin-label","$v":"SIM PIN"},{"$i":"enter-pin","$v":"SIM PIN प्रविष्टि गर्नुहोस्"},{"$i":"sim1-enter-pin","$v":"सिम1 पिन प्रविष्ट गर्नुहोस्"},{"$i":"sim2-enter-pin","$v":"सिम2 पिन प्रविष्ट गर्नुहोस्"},{"$i":"done","$v":"भयो"},{"$i":"enter-puk","$v":"PUK प्रविष्टि गर्नुहोस्"},{"$i":"sim1-enter-puk","$v":"सिम1 PUK प्रविष्ट गर्नुहोस्"},{"$i":"sim2-enter-puk","$v":"सिम2 PUK प्रविष्ट गर्नुहोस्"},{"$i":"puk-label","$v":"PUK"},{"$i":"new-pin-label","$v":"नयाँ सिम पिन(4-8 अंकहरू हुनुपर्छ)"},{"$i":"confirm-new-pin-label","$v":"नयाँ SIM PIN निश्चित गर्नुहोस्"},{"$i":"pincode-length-error","$v":"सिमको पिन4-8 संख्याहरूमा हुनुपर्दछ"},{"$i":"pin-final-locked","$v":"SIM कार्ड लक गरिएको छ।"},{"$i":"pin-final-failed-text","$v":"तपाईंले SIM कार्ड अनलक गर्नको लागि PUK कोड प्रविष्ट गर्न चाहनुहुन्छ"},{"$i":"sim-locked","$v":"SIM लक गरियो"},{"$i":"sim1-locked","$v":"सिम1 लाई लक गरियो"},{"$i":"sim2-locked","$v":"सिम2 लाई लक गरियो"},{"$i":"new-pin-confirm-error","$v":"नयाँ सिम पिन पुष्टि असफल भयो।"},{"$i":"puk-final-locked","$v":"गलत PUK।"},{"$i":"puk-final-failed-text","$v":"तपाईको सिम कार्डलाई स्थायी रूपमा लक गरिएको छ। थप जानकारीको आफ्नो वाहकमा सम्पर्क गर्नुहोस्।"},{"$i":"about-kaios","$v":"काइ.ओ.एसको बारेमा"},{"$i":"about-kaios-p1","$v":"काइ.ओ.एसमा स्वागत छ।"},{"$i":"about-kaios-p2","$v":"हाम्रो लक्ष्य भनेको व्यक्ति, तिनीहरूको परिवार र समुदायहरूलाई उत्कृष्ट डिजिटल उत्पादन र समाजको सबै सदस्यहरूको लागि वास्तविक सेवाहरूमा पहुँच गराएर अवसरहरू खोल्ने हो।"},{"$i":"about-kaios-p3","$v":"तपाईंले स्वचालित रूपमा विश्लेषणात्मक डाटा पठाएर हामीलाई उत्पादन तथा सेवाहरूमा सुधार गर्न मद्दत गर्न सक्नुहुन्छ। हामीले तपाईंको यन्त्रमा डाटालाई कसरी ह्याण्डल गर्छौं भनेर जान्नको लागि हाम्रा गोपनीयता शर्तहरू हेर्नुहोस्।"},{"$i":"about-kaios-p4","$v":"तपाईंले यी सेटिङहरूलाई सेटिङहरू> गोपनीयता तथा सुरक्षा > काइ.ओएस बारेमा परिवर्तन गर्न सक्नुहुन्छ।स्वीकार गर्नको लागि, दुवै यन्त्रहरूले हाल निम्न पिन प्रदर्शन गरेका छन् भनी सुनिश्चित गर्नुहोस्।"},{"$i":"about-kaios-agree","$v":"मैले विश्लेषण डाटा पठाएर मद्दत गर्न चाहन्छु।"},{"$i":"about-kaios-age","$v":"म 16 वर्ष भन्दा माथि उमेरको छु।"},{"$i":"about-kaios-ad","$v":"मेरो विज्ञापन अनुभवलाई सुधार गर्न मेरो डाटा प्रयोग गर्नुहोस्।"},{"$i":"deselect","$v":"चयन हटाउनुहोस्"},{"$i":"selectKeyboard","$v":"कुञ्जीपाटी चयन गर्नुहोस्"},{"$i":"send-data-via","$v":"मार्फत डाटा पठाउनुहोस्"},{"$i":"wifi-and-carrier-data","$v":"वाइ-फाइ र वाहक डाटा"},{"$i":"wifi-only","$v":"वाइ-फाइ मात्र"},{"$i":"more","$v":"थप >"},{"$i":"qtn_oobe_high_volume","$v":"कृपया एक्सेसिबिलिटि मोडमा चर्को आवाज भएको विचार पुर्﻿याउनुहोस्।"},{"$i":"qtn_oobe_enter","$v":"के तपाईं अझै एक्सेसिबिलिटि मोडमा जान चाहनुहुन्छ?"},{"$i":"qtn_oobe_hdr_senior_mode","$v":"एक्सेसिबिलिटि मोड"},{"$i":"qtn_oobe_hdr_ICE","$v":"ICE जानकारी"},{"$i":"qtn_oobe_rem_create_ICE","$v":"कृपया तपाईंको ICEiजानकारी विवरण बनाउनुहोस् जसले तपाईंलाई मद्दत गर्नेछ आपतकालीन स्थितिमा।"},{"$i":"qtn_oobe_set_ICE_contact","$v":"उपकरण सुचारु गरेपछि,"},{"$i":"qtn_oobe_btn_ICE_info","$v":"ICE जानकारी बनाउनुहोस्"},{"$i":"qtn-privacy-terms-welcome","$v":"स्वागतम"},{"$i":"qtn-privacy-policy-description-1","$v":[{"t":"idOrVar","v":"WDM"},"को छनोट गर्नुभएको धन्यवाद।"]},{"$i":"qtn-privacy-policy-description-2","$v":"तपाईको HMD Globalका सेवा र उपयोगहरुको प्रयोगहरुलाई HMD Global Privacy Policyद्वारा निर्देशित गरिएका छन्, जुन www.nokia.com/mobile-privacyमा उपलब्ध छन्।. "},{"$i":"qtn-privacy-policy-description-3","$v":"तपाईंको यन्त्रमा KaiOS सफ्टवेयर, सेवाहरू र अनुप्रयोगहरू तपाईंको प्रयोग KaiOS EULA र गोपनीयता सर्तहरू द्वारा नियन्त्रित छ,% U मा उपलब्ध।"},{"$i":"qtn-privacy-policy-description-4","$v":{"$o":"तपाईंको एक-समयको उपकरणको ठेगाना सहित तपाईंकै विशेष उपकरण र नेटवर्कका जानकारीहरु समाविष्ट गरिएका त्यस्ता जानकारीहरु, जुन तपाईंको उपकरणलाई सक्रिय बनाउँदा आउँछन्, ती KAI & HMD लाई पुर्﻿याइने छ।"}},{"$i":"qtn-privacy-policy-description-5","$v":"यो जानकारीले हामीलाई तपाईंको देशमा अझ राम्ररी माग पुरा गर्न, सफ्टवेयर अपडेटहरु पठाउन, ग्राहक सेवाहरु दिन र सेवाहरु चालु गर्न सक्षम बनाउँछ।"},{"$i":"qtn-privacy-policy-description-6","$v":"डाटा शुल्कहरु लाग्न सक्छन्।"},{"$i":"qtn-privacy-policy-description-7","$v":"यस उपकरणका विभिन्न विशेषताहरुको प्रयोग गर्नु भएको खण्डमा तपाईंलाई गोपनीयता र अरु जानकारीहरु प्रदान हुन सक्नेछ।"},{"$i":"data-connectivity","$v":"चेतावनी सन्देश"},{"$i":"data-message","$v":"सेटअप विजार्डले स्मार्टफोनको सुरुवाती सेटअपमा मोबाइल नेटवर्कको हुनसक्ने डाटा प्रयोग गर्नेछ l"}]