[{"$i":"wifi","$v":"Een netwerk selecteren"},{"$i":"ssid","$v":"SSID"},{"$i":"no-wifi-found","$v":"Geen beschikbare netwerken"},{"$i":"wifi-searching","$v":"Netwerken zoeken..."},{"$i":"security-open","$v":"Openen"},{"$i":"shortStatus-connecting","$v":"Verbinding maken..."},{"$i":"shortStatus-associated","$v":"Een IP-adres ophalen..."},{"$i":"shortStatus-authenticating","$v":"Verifiëren..."},{"$i":"shortStatus-connected","$v":"Verbonden"},{"$i":"shortStatus-connectingfailed","$v":"Verbinding mislukt"},{"$i":"shortStatus-disconnected","$v":"Offline"},{"$i":"shortStatus-connected-no-internet","$v":"Verbonden, geen internet"},{"$i":"securityWEP","$v":"WEP"},{"$i":"securityWPA-PSK","$v":"WPA-PSK"},{"$i":"securityWPA-EAP","$v":"WPA-EAP"},{"$i":"securityWPA2-PSK","$v":"WPA2-PSK"},{"$i":"securityWPA/WPA2-PSK","$v":"WPA/WPA2-PSK"},{"$i":"securedBy","$v":[{"t":"idOrVar","v":"capabilities"}]},{"$i":"securedByWay","$v":["Beveiligd door ",{"t":"idOrVar","v":"capabilities"}]},{"$i":"security","$v":"Beveiliging"},{"$i":"signalStrength","$v":"Signaalsterkte"},{"$i":"signalLevel0","$v":"Zeer zwak"},{"$i":"signalLevel1","$v":"Zwak"},{"$i":"signalLevel2","$v":"Gemiddeld"},{"$i":"signalLevel3","$v":"Goed"},{"$i":"signalLevel4","$v":"Heel goed"},{"$i":"ipAddress","$v":"IP-adres"},{"$i":"linkSpeed","$v":"Koppelingssnelheid"},{"$i":"linkSpeedMbs","$v":[{"t":"idOrVar","v":"linkSpeed"}," Mbit/s"]},{"$i":"wifi-rescan","$v":"Opnieuw scannen"},{"$i":"wifi-join-fail","$v":["Kon geen verbinding maken met het netwerk ",{"t":"idOrVar","v":"n"},"."]},{"$i":"wifi-connect-fail","$v":["Onjuist wachtwoord voor ",{"t":"idOrVar","v":"n"},"."]},{"$i":"wifi-ip-set-fail","$v":"IP-instellingen mislukt."},{"$i":"wifi-pw-length-error","$v":"Wachtwoord moet langer zijn dan 8 tekens."},{"$i":"password","$v":"Wachtwoord"},{"$i":"showPassword","$v":"Wachtwoord weergeven"},{"$i":"connect","$v":"Verbinding maken"},{"$i":"rescanCompleted","$v":"Opnieuw scannen voltooid."},{"$i":"failedToConnect","$v":"Verbinding mislukt"},{"$i":"select","$v":"Selecteer"},{"$i":"skip","$v":"Overslaan"},{"$i":"next","$v":"Volgende"},{"$i":"accept","$v":"Accepteren"},{"$i":"cancel","$v":"Annuleren"},{"$i":"ok","$v":"OK"},{"$i":"notNow","$v":"Niet nu"},{"$i":"forget","$v":"Vergeten"},{"$i":"confirmation","$v":"Bevestiging"},{"$i":"forget-network","$v":"Netwerk vergeten?"},{"$i":"network-forgotten","$v":"Netwerk vergeten"},{"$i":"hfa","$v":"HFA"},{"$i":"setup-phone-verification","$v":"Telefoonverificatie"},{"$i":"phone-verification-entry-message","$v":"Stel een account in door uw nummer te verifiëren voor toegang tot de Store en aanvullende services."},{"$i":"phone-verification-skip-message","$v":"Uw telefoonverificatie is onvolledig. U kunt dit later verifiëren in Instellingen>Account. Verificatie is nodig voor toegang tot de Store en aanvullende services."},{"$i":"setup-account","$v":"KaiOS-account instellen"},{"$i":"create-account-li","$v":"Account maken"},{"$i":"login-account-li","$v":"Aanmelden"},{"$i":"account-setup-message","$v":"Houd uw informatie veilig met een KaiOS-account. Mocht u ooit uw telefoon verliezen, dan helpt uw KaiOS-account u deze op afstand te vergrendelen of alle gegevens op uw telefoon te wissen. U kunt uw KaiOS-account ook later instellen in Instellingen."},{"$i":"sign-in-success","$v":"Aanmelden gelukt"},{"$i":"account-welcome","$v":"Welkom"},{"$i":"logged-in-message","$v":[{"t":"idOrVar","v":"email"}]},{"$i":"anti-theft","$v":"Antidiefstal"},{"$i":"anti-theft-info","$v":"We hopen dat u uw telefoon nooit kwijtraakt, maar als dat toch gebeurt, kunt u uw gegevens beveiligen met onze functies voor vergrendelen op afstand en wissen. Ga naar Instellingen om uw KaiOS-account in te stellen."},{"$i":"companion-phone","$v":"Bedrijfstelefoon"},{"$i":"companion-phone-info","$v":"Installeer de KaiOS companion-app op uw smartphone om contacten te synchroniseren en bestanden over te dragen tussen uw primaire apparaat en uw KaiOS-telefoon."},{"$i":"select-language","$v":"Taal selecteren"},{"$i":"language-current","$v":"Huidig"},{"$i":"language-readout-on","$v":"Voorlezen ingeschakeld"},{"$i":"language-readout-off","$v":"Voorlezen uitgeschakeld"},{"$i":"decline-info","$v":"U moet de licentievoorwaarden en het privacybeleid van KaiOS accepteren om dit apparaat te gebruiken."},{"$i":"kaios-license","$v":"Licentievoorwaarden en privacybeleid van KaiOS"},{"$i":"decline","$v":"Weigeren"},{"$i":"privacy-confirm","$v":"Als u op Accepteren drukt, gaat u akkoord met de licentievoorwaarden en het privacybeleid van KaiOS."},{"$i":"open-url","$v":"URL OPENEN"},{"$i":"lyf-license","$v":"LYF-licentievoorwaarden"},{"$i":"emergency","$v":"Noodoproep"},{"$i":"pin-incorrect","$v":"Onjuiste PIN-code."},{"$i":"puk-incorrect","$v":"Onjuiste PUK-code."},{"$i":"inputCodeRetriesLeft","$v":{"few":[{"t":"idOrVar","v":"n"}," resterende pogingen."],"many":[{"t":"idOrVar","v":"n"}," resterende pogingen."],"one":"1 resterende poging.","other":[{"t":"idOrVar","v":"n"}," resterende pogingen."],"two":[{"t":"idOrVar","v":"n"}," resterende pogingen."]},"$x":[{"t":"idOrVar","v":"plural"},"n"]},{"$i":"inputCodePukRetriesLeft","$v":{"few":[{"t":"idOrVar","v":"n"}," resterende pogingen."],"many":[{"t":"idOrVar","v":"n"}," resterende pogingen."],"one":"1 resterende poging.","other":[{"t":"idOrVar","v":"n"}," resterende pogingen."],"two":[{"t":"idOrVar","v":"n"}," resterende pogingen."]},"$x":[{"t":"idOrVar","v":"plural"},"n"]},{"$i":"pin-label","$v":"PIN-code voor SIM-kaart"},{"$i":"enter-pin","$v":"SIM PIN-code invoeren"},{"$i":"sim1-enter-pin","$v":"Voer SIM1 PIN in"},{"$i":"sim2-enter-pin","$v":"Voer SIM2 PIN in"},{"$i":"done","$v":"Gereed"},{"$i":"enter-puk","$v":"PUK-code invoeren"},{"$i":"sim1-enter-puk","$v":"Voer SIM1 PUK in"},{"$i":"sim2-enter-puk","$v":"Voer SIM2 PUK in"},{"$i":"puk-label","$v":"PUK"},{"$i":"new-pin-label","$v":"Nieuwe SIM PIN-code (moet 4-8 cijfers zijn)"},{"$i":"confirm-new-pin-label","$v":"Nieuwe SIM PIN-code bevestigen"},{"$i":"pincode-length-error","$v":"SIM PIN-code moet bestaan uit 4-8 cijfers."},{"$i":"pin-final-locked","$v":"SIM-kaart is vergrendeld."},{"$i":"pin-final-failed-text","$v":"Wilt u de PUK-code invoeren om de SIM-kaart te ontgrendelen?"},{"$i":"sim-locked","$v":"SIM-kaart vergrendeld"},{"$i":"sim1-locked","$v":"SIM1 vergrendeld"},{"$i":"sim2-locked","$v":"SIM2 vergrendeld"},{"$i":"new-pin-confirm-error","$v":"Nieuwe SIM PIN-code bevestigen is mislukt."},{"$i":"puk-final-locked","$v":"Onjuiste PUK-code."},{"$i":"puk-final-failed-text","$v":"Uw SIM-kaart is permanent vergrendeld. Neem contact op met uw provider voor meer informatie."},{"$i":"about-kaios","$v":"Over KaiOS"},{"$i":"about-kaios-p1","$v":"Welkom bij KaiOS."},{"$i":"about-kaios-p2","$v":"Ons missie is het openstellen van mogelijkheden voor individuen, hun families en gemeenschappen door alle leden van de maatschappij toegang te geven tot geweldige digitale producten en diensten."},{"$i":"about-kaios-p3","$v":"U kunt ons helpen producten en diensten te verbeteren door analysegegevens automatisch te verzenden. Raadpleeg onze privacyvoorwaarden voor informatie over hoe we omgaan met gegevens op uw apparaten."},{"$i":"about-kaios-p4","$v":"U kunt deze instellingen wijzigen in Instellingen > Privacy en beveiliging > Over KaiOS."},{"$i":"about-kaios-agree","$v":"Ik wil helpen door analytische gegevens te verzenden."},{"$i":"about-kaios-age","$v":"Ik ben ouder dan 16 jaar."},{"$i":"about-kaios-ad","$v":"Gebruik mijn gegevens om mijn advertentie-ervaring te verbeteren."},{"$i":"deselect","$v":"Deselecteren"},{"$i":"selectKeyboard","$v":"Toetsenbord selecteren"},{"$i":"send-data-via","$v":"Data verzenden via"},{"$i":"wifi-and-carrier-data","$v":"Wi-Fi en providerdata"},{"$i":"wifi-only","$v":"Alleen Wi-Fi"},{"$i":"more","$v":"Meer >"},{"$i":"qtn_oobe_high_volume","$v":"Let op hoge volumes in de Toegankelijkheidsmodus."},{"$i":"qtn_oobe_enter","$v":"Wilt u nog steeds naar Toegankelijkheidsmodus?"},{"$i":"qtn_oobe_hdr_senior_mode","$v":"Toegankelijkheidsmodus"},{"$i":"qtn_oobe_hdr_ICE","$v":"ICE-informatie"},{"$i":"qtn_oobe_rem_create_ICE","$v":"Maak jouw ICE-informatiedetails aan, die kunnen je helpen in een noodgeval."},{"$i":"qtn_oobe_set_ICE_contact","$v":"Stel na opstarten"},{"$i":"qtn_oobe_btn_ICE_info","$v":"Maak ICE-informatie aan"},{"$i":"qtn-privacy-terms-welcome","$v":"Welkom"},{"$i":"qtn-privacy-policy-description-1","$v":["Bedankt dat u gekozen hebt voor ",{"t":"idOrVar","v":"WDM"},"."]},{"$i":"qtn-privacy-policy-description-2","$v":"Uw gebruik van services en toepassingen van HMD Global in uw apparaat is onderhevig aan het HMD Global-privacybeleid, beschikbaar op www.nokia.com/mobile-privacy."},{"$i":"qtn-privacy-policy-description-3","$v":["Het gebruik van de KaiOS-software, -diensten en applicaties op uw apparaat is onderhevig aan KaiOS EULA en het privacybeleid, die gevonden kunnen worden op ",{"t":"idOrVar","v":"WDM"},"."]},{"$i":"qtn-privacy-policy-description-4","$v":{"$o":"De activatie-informatie van het apparaat met eenmalige apparaatlokalisatie en netwerkinformatie zal naar KAI & HMD worden verzonden."}},{"$i":"qtn-privacy-policy-description-5","$v":"Met deze informatie kunnen wij beter tegemoetkomen aan de vraag in uw land, SW-updates en klantenservice bieden en diensten activeren."},{"$i":"qtn-privacy-policy-description-6","$v":"Dit kan leiden tot kosten voor datagebruik."},{"$i":"qtn-privacy-policy-description-7","$v":"Privacy- of andere notities worden mogelijk geboden als u functies van uw apparaat gebruikt."},{"$i":"data-connectivity","$v":"Waarschuwingsbericht"},{"$i":"data-message","$v":"Installatiewizard gebruikt mogelijk data via het mobiele netwerk tijdens de eerste installatie van de smartphone."}]