[{"$i":"wifi","$v":"یو نیټ ورک انتخاب کړئ"},{"$i":"ssid","$v":"SSID"},{"$i":"no-wifi-found","$v":"شبکه شتون نه لري."},{"$i":"wifi-searching","$v":"د شبکو لټون"},{"$i":"security-open","$v":"خلاصول"},{"$i":"shortStatus-connecting","$v":"وصلیدل"},{"$i":"shortStatus-associated","$v":"یو IP ادرس ترلاسه کول"},{"$i":"shortStatus-authenticating","$v":"تصدیق کول…"},{"$i":"shortStatus-connected","$v":"وصل شو"},{"$i":"shortStatus-connectingfailed","$v":"اتصال ناکام شو"},{"$i":"shortStatus-disconnected","$v":"په لین کې نشته"},{"$i":"shortStatus-connected-no-internet","$v":"وصل دی، انټرنټ نشته"},{"$i":"securityWEP","$v":"WEP"},{"$i":"securityWPA-PSK","$v":"WPA-PSK"},{"$i":"securityWPA-EAP","$v":"WPA-EAP"},{"$i":"securityWPA2-PSK","$v":"WPA2-PSK"},{"$i":"securityWPA/WPA2-PSK","$v":"WPA/WPA2-PSK"},{"$i":"securedBy","$v":[{"t":"idOrVar","v":"capabilities"}]},{"$i":"securedByWay","$v":["پوسیله خوندي شو ",{"t":"idOrVar","v":"capabilities"}]},{"$i":"security","$v":"امنیت"},{"$i":"signalStrength","$v":"د سیګنل پیاوړتیا"},{"$i":"signalLevel0","$v":"ډیر کمزوری"},{"$i":"signalLevel1","$v":"کمزوری"},{"$i":"signalLevel2","$v":"اوسط"},{"$i":"signalLevel3","$v":"ښه"},{"$i":"signalLevel4","$v":"ډیر ښه"},{"$i":"ipAddress","$v":"IP ادرس"},{"$i":"linkSpeed","$v":"د اتصال سرعت"},{"$i":"linkSpeedMbs","$v":[{"t":"idOrVar","v":"linkSpeed"}," Mbit/s"]},{"$i":"wifi-rescan","$v":"دوباره سکین کول"},{"$i":"wifi-join-fail","$v":["د ",{"t":"idOrVar","v":"n"},".نیټ ورک سره وصل کیدای نشي."]},{"$i":"wifi-connect-fail","$v":["د ",{"t":"idOrVar","v":"n"}," لپاره غلط پاسورډ"]},{"$i":"wifi-ip-set-fail","$v":"د IP تنظیمات ناکام شو"},{"$i":"wifi-pw-length-error","$v":"د پاسورډ اندازه باید د 8 رقمو زیات وي."},{"$i":"password","$v":"پاسورډ"},{"$i":"showPassword","$v":"پاسورډ ښکاره کړئ"},{"$i":"connect","$v":"وصلول"},{"$i":"rescanCompleted","$v":"دوباره سکن تکمیل شو."},{"$i":"failedToConnect","$v":"اتصال ناکام شو"},{"$i":"select","$v":"انتخال کړئ"},{"$i":"skip","$v":"پریږدئ"},{"$i":"next","$v":"Next"},{"$i":"accept","$v":"قبول"},{"$i":"cancel","$v":"کول"},{"$i":"ok","$v":"اوکی"},{"$i":"notNow","$v":"اوس نه"},{"$i":"forget","$v":"هیرول"},{"$i":"confirmation","$v":"تصدیق"},{"$i":"forget-network","$v":"شبکه هیره کړي؟"},{"$i":"network-forgotten","$v":"نیټ ورک هیر شوی."},{"$i":"hfa","$v":"HFA"},{"$i":"setup-phone-verification","$v":"تلیفوني تصدیق"},{"$i":"phone-verification-entry-message","$v":"د خپلې شمیرې په تصدیقولو سره اکاونټ جوړ کړئ چې سټور او اضافي خدمتونو ته لاس رسی ولرئ."},{"$i":"phone-verification-skip-message","$v":{"$o":"ستاسو تلیفوني تصدیق بشپړ شو. تاسو وروسته په سیټنګونو<اکاونټ کې تائیدولی شئ. سټور او اضافي خدمتونو ته د لاس رسی لپاره تصدیق ته اړتیا وي."}},{"$i":"setup-account","$v":"د KaiOS اکاونټ سیټ اپ کړئ"},{"$i":"create-account-li","$v":"اکاونټ جوړول"},{"$i":"login-account-li","$v":"ننوتل"},{"$i":"account-setup-message","$v":"د KaiOS اکاونټ سره خپل معلومات خوندي وساتئ. که چیرې تاسو خپل ټیلیفون ورک کړئ، ستاسو د KaiOS اکاونټ تاسو ته د لرې څخه په خپل ټیلیفون کې د ټولې ډیټا کې د بندلو یا پاکولو زمینه برابروي. همدارنګه تاسو کولی شئ چې وروسته په تنظمیاتو کې خپل د KaiOS اکاونټ ترتیب کړئ."},{"$i":"sign-in-success","$v":"داخلیدل کامیاب شو"},{"$i":"account-welcome","$v":"ښه راغلاست"},{"$i":"logged-in-message","$v":[{"t":"idOrVar","v":"email"}]},{"$i":"anti-theft","$v":"د غلا-ضد"},{"$i":"anti-theft-info","$v":"مونږ هیله کوو چې تاسو خپل ټیلیفون هیڅکله ورک نکړئ، مګر که داسي وشي تاسو کول شئ د زمونږ د لرې فاصلې د کلپ او د ځانګرتیاو د پاکونکي سره خپله ډیټا خوندي کړئ. کله چې چمتو یاست د خپل KaiOS اکاونټ د ترتیب لپاره تنظیماتو ته لاړ شئ."},{"$i":"companion-phone","$v":"د فون ملګري"},{"$i":"companion-phone-info","$v":"په خپل سمارټ فون کې د KaiOS ملګري اپلیکیشن نصب کړئ ترڅو تماسونو سره اړیکه ونیسئ اؤ فایلونه ستاسو د لومړنۍ وسیلې اؤ ستاسو KaiOS-powered تلیفون ترمنځ انتقال کړئ."},{"$i":"select-language","$v":"ژبه انتخاب کړئ"},{"$i":"language-current","$v":"چارج"},{"$i":"language-readout-on","$v":"لوستل فعالول"},{"$i":"language-readout-off","$v":"لوستل بندول"},{"$i":"decline-info","$v":"د مقراراتو او شرایطو منل اړین دی ترڅو دغه آله وکاروئ."},{"$i":"kaios-license","$v":"KaiOS د لایسنس شرایط"},{"$i":"decline","$v":"کمول"},{"$i":"privacy-confirm","$v":"په Accept پرېس کولو سره تاسې د KaiOS د لیسنس د مقراراتو او شخصي پالیسۍ سره موافقه کوئ.‏‏‏"},{"$i":"open-url","$v":"URL پرانزئ‏"},{"$i":"lyf-license","$v":"د LYF لایسنس شرایط"},{"$i":"emergency","$v":"ایمرجنسي"},{"$i":"pin-incorrect","$v":"غلط PIN"},{"$i":"puk-incorrect","$v":"غلط PUK"},{"$i":"inputCodeRetriesLeft","$v":{"few":[{"t":"idOrVar","v":"n"}," پاتی هڅې"],"many":[{"t":"idOrVar","v":"n"}," پاتی هڅې"],"one":"(غلط ‏PIN‏. ‎1‏ هڅه پاتې)","other":[{"t":"idOrVar","v":"n"}," پاتی هڅې"],"two":["(Incorrect PIN. ",{"t":"idOrVar","v":"n"}," tries left.)"]},"$x":[{"t":"idOrVar","v":"plural"},"n"]},{"$i":"inputCodePukRetriesLeft","$v":{"few":[{"t":"idOrVar","v":"n"}," پاتی‎ هڅې"],"many":[{"t":"idOrVar","v":"n"}," پاتی‎ هڅې"],"one":"1‏ هڅه پاتی.","other":[{"t":"idOrVar","v":"n"}," پاتی‎ هڅې"],"two":[{"t":"idOrVar","v":"n"}," پاتی‎ هڅې"]},"$x":[{"t":"idOrVar","v":"plural"},"n"]},{"$i":"pin-label","$v":"د سیم PIN"},{"$i":"enter-pin","$v":"د سیم PIN داخل کړئ"},{"$i":"sim1-enter-pin","$v":"‏SIM1 PINداخل کړئ"},{"$i":"sim2-enter-pin","$v":"‏SIM2 PIN داخل کړئ"},{"$i":"done","$v":"وشو"},{"$i":"enter-puk","$v":"‏PUK داخل کړئ"},{"$i":"sim1-enter-puk","$v":"‏SIM1 PUK داخل کړئ"},{"$i":"sim2-enter-puk","$v":"‏SIM2 PUK داخل کړئ"},{"$i":"puk-label","$v":"PUK"},{"$i":"new-pin-label","$v":"نوی PIN (باید د 4-8عددونه وي)"},{"$i":"confirm-new-pin-label","$v":"د نوي سیم PIN تصدیق کړئ"},{"$i":"pincode-length-error","$v":"د سیم PIN باید 4-8 رقمیز وي."},{"$i":"pin-final-locked","$v":"سیم کارډ بند دی"},{"$i":"pin-final-failed-text","$v":"ایا غواړئ د سیم کارډ د خلاصولو لپاره PUK داخل کړئ؟"},{"$i":"sim-locked","$v":"سیم بند شو"},{"$i":"sim1-locked","$v":"SIM1 zablokowana"},{"$i":"sim2-locked","$v":"SIM2 zablokowana"},{"$i":"new-pin-confirm-error","$v":"د نوي سیم PIN تائید ناکام شو"},{"$i":"puk-final-locked","$v":"غلط PUK"},{"$i":"puk-final-failed-text","$v":"ستاسو سیم کارډ د تل لپاره بند شو. د زیاتو معلوماتو لپاره د خپل حامل سره په اړیکه کې شئ."},{"$i":"about-kaios","$v":"د KaiOS په اړه   "},{"$i":"about-kaios-p1","$v":"ته ښه راغلاست KaiOS."},{"$i":"about-kaios-p2","$v":"زموږ دنده دا ده چې د افرادو، کورنیو او ټولنو لپاره فرصتونه پرانیستل شي د سترو ډیجیټل محصولاتو او خدماتو ته د لاسرسي له لارې د ټولنې ټولو غړو لپاره واقعیت."},{"$i":"about-kaios-p3","$v":"تاسو کولی شئ د خپل ځان سره د تجزیه کولو معلوماتو ډاټا لخوا د محصولاتو او خدماتو ښه کولو کې مرسته وکړو. زموږ د پټتیا شرایط وګورئ ترڅو پوه شو چې موږ څنګه خپل وسایل په ډاګه کوو."},{"$i":"about-kaios-p4","$v":"تاسو کولی شئ دا ترتیبات په ترتیباتو> رازداري او امنیت> د KaiOS په اړه."},{"$i":"about-kaios-agree","$v":"زه غواړم د تحلیلاتو ډاټا استولو سره مرسته وکړم."},{"$i":"about-kaios-age","$v":"زه د 16 کلنۍ عمر نلرم."},{"$i":"about-kaios-ad","$v":"زما د خپرونې د تجربې ښه کولو لپاره زما ډیټا وکاروئ.‏"},{"$i":"deselect","$v":"غیر انتخاب کړئ"},{"$i":"selectKeyboard","$v":"کیبورډ انتخاب کړئ"},{"$i":"send-data-via","$v":"د معلوماتو له لارې لیږل"},{"$i":"wifi-and-carrier-data","$v":"وائی فائی او موبایل ډاټا"},{"$i":"wifi-only","$v":"یوازې Wi-Fi"},{"$i":"more","$v":"نور >"},{"$i":"qtn_oobe_high_volume","$v":"لطفا د لاسرسي په حالت کې لوړ غږ ته پام وکړئ۔"},{"$i":"qtn_oobe_enter","$v":"ايا اوس هم غواړئ د لاسرسي حالت ته ننوځئ؟"},{"$i":"qtn_oobe_hdr_senior_mode","$v":"د لاسرسي حالت"},{"$i":"qtn_oobe_hdr_ICE","$v":"ICE مالومات"},{"$i":"qtn_oobe_rem_create_ICE","$v":"لطفا خپل ICE د مالوماتو جزئيات  رامینځ ته کړئ چې په بېړنه کې به مو مرسته کوي۔"},{"$i":"qtn_oobe_set_ICE_contact","$v":"د دې آلې له بیا پیلولو ووسته، "},{"$i":"qtn_oobe_btn_ICE_info","$v":"د ICE مالومات رامینځ ته کړئ"},{"$i":"qtn-privacy-terms-welcome","$v":"ښه راغلاست"},{"$i":"qtn-privacy-policy-description-1","$v":["د ",{"t":"idOrVar","v":"WDM"}," انتخابولو لپاره مننه."]},{"$i":"qtn-privacy-policy-description-2","$v":"ستاسو په موبایل کې د HMD Global خدمات او پروګرامونه استعمال د HMD Global محرمیت پالیسي پوسیله اداره کیږي، چي په www.nokia.com/mobile-privacy يي موندلی شئ."},{"$i":"qtn-privacy-policy-description-3","$v":["تاسو په خپله اله کې دKaiOS سافټ ویر، خدمتونو او ایپلیکیشنې استعمالوئ او دا دKaiOS EULA او محرمیت د شرایطو سره سم اداره کیږي چې په",{"t":"idOrVar","v":"WDM"}," کې موجود دي."]},{"$i":"qtn-privacy-policy-description-4","$v":{"$o":"د الې د فعاله کولو معلومات د یو وخت د الې د  موقعیت او ستاسو د ځانګړي الې او نیټ ورک د  معلوماتو سره به KAI & HMDته ولیږل شي."}},{"$i":"qtn-privacy-policy-description-5","$v":"دا معلومات مونږ سره مرسته کوي چي ستاسو په هیواد کې ستاسو تقاضا په غوره ډول پوره، SW اپډیټس درولیږو، د مشتریان خدمات او فعالیدو خدمات وړاندي کړو."},{"$i":"qtn-privacy-policy-description-6","$v":"د ډیټا لګښتونه لاګو کیدی شي."},{"$i":"qtn-privacy-policy-description-7","$v":"د محرمیت یا نوری خبرتیاوي د مختلفو کارونو په تر سره کولو سره تر لاسه کولای شئ."},{"$i":"data-connectivity","$v":"اخطاریه پیغام"},{"$i":"data-message","$v":"د اعیارولو وزارت به د موبایل له ډاټا څخه د سمارټ فون د تنظیم لپاره کار واخلي."}]