[{"$i":"wifi","$v":"Selecionar uma rede"},{"$i":"ssid","$v":"SSID"},{"$i":"no-wifi-found","$v":"Sem redes disponíveis"},{"$i":"wifi-searching","$v":"Pesquisando redes…"},{"$i":"security-open","$v":"Abrir"},{"$i":"shortStatus-connecting","$v":"Conectando…"},{"$i":"shortStatus-associated","$v":"Obtendo um endereço IP…"},{"$i":"shortStatus-authenticating","$v":"Autenticando…"},{"$i":"shortStatus-connected","$v":"Conectado"},{"$i":"shortStatus-connectingfailed","$v":"Falha na conexão"},{"$i":"shortStatus-disconnected","$v":"Off-line"},{"$i":"shortStatus-connected-no-internet","$v":"Conectado, sem Internet"},{"$i":"securityWEP","$v":"WEP"},{"$i":"securityWPA-PSK","$v":"WPA-PSK"},{"$i":"securityWPA-EAP","$v":"WPA-EAP"},{"$i":"securityWPA2-PSK","$v":"WPA2-PSK"},{"$i":"securityWPA/WPA2-PSK","$v":"WPA/WPA2-PSK"},{"$i":"securedBy","$v":[{"t":"idOrVar","v":"capabilities"}]},{"$i":"securedByWay","$v":["Protegido por ",{"t":"idOrVar","v":"capabilities"}]},{"$i":"security","$v":"Segurança"},{"$i":"signalStrength","$v":"Intensidade do sinal"},{"$i":"signalLevel0","$v":"Muito fraca"},{"$i":"signalLevel1","$v":"Fraca"},{"$i":"signalLevel2","$v":"Média"},{"$i":"signalLevel3","$v":"Boa"},{"$i":"signalLevel4","$v":"Muito boa"},{"$i":"ipAddress","$v":"Endereço IP"},{"$i":"linkSpeed","$v":"Velocidade do link"},{"$i":"linkSpeedMbs","$v":[{"t":"idOrVar","v":"linkSpeed"}," Mbit/s"]},{"$i":"wifi-rescan","$v":"Pesquisar novamente"},{"$i":"wifi-join-fail","$v":["Não é possível ingressar na rede ",{"t":"idOrVar","v":"n"},"."]},{"$i":"wifi-connect-fail","$v":["Senha incorreta para ",{"t":"idOrVar","v":"n"},"."]},{"$i":"wifi-ip-set-fail","$v":"Falha nas configurações de IP."},{"$i":"wifi-pw-length-error","$v":"A senha deve ter mais de 8 caracteres."},{"$i":"password","$v":"Senha"},{"$i":"showPassword","$v":"Mostrar senha"},{"$i":"connect","$v":"Conectar"},{"$i":"rescanCompleted","$v":"Rescan concluído."},{"$i":"failedToConnect","$v":"Falha ao conectar"},{"$i":"select","$v":"SELEC."},{"$i":"skip","$v":"Ignorar"},{"$i":"next","$v":"Próximo"},{"$i":"accept","$v":"Aceitar"},{"$i":"cancel","$v":"Cancelar"},{"$i":"ok","$v":"OK"},{"$i":"notNow","$v":"Agora não"},{"$i":"forget","$v":"Esquecer"},{"$i":"confirmation","$v":"Confirmação"},{"$i":"forget-network","$v":"Esquecer rede?"},{"$i":"network-forgotten","$v":"Rede esquecida."},{"$i":"hfa","$v":"HFA"},{"$i":"setup-phone-verification","$v":"Verificação do telefone"},{"$i":"phone-verification-entry-message","$v":"Configure uma conta por meio de verificar o número para acessar a loja e serviços adicionais."},{"$i":"phone-verification-skip-message","$v":"A verificação de telefone está incompleta. Você pode verificar mais tarde em Configurações>Conta. A verificação é necessária para acessar a loja e serviços adicionais."},{"$i":"setup-account","$v":"Configurar conta da KaiOS"},{"$i":"create-account-li","$v":"Criar conta"},{"$i":"login-account-li","$v":"Iniciar sessão"},{"$i":"account-setup-message","$v":"Mantenha as suas informações seguras com uma conta da KaiOS. Se você perder seu telefone, a sua conta da KaiOS permitirá bloquear remotamente ou apagar todos os dados no seu telefone. Você também pode configurar sua conta da KaiOS mais tarde em Configurações."},{"$i":"sign-in-success","$v":"Iniciou sessão com sucesso"},{"$i":"account-welcome","$v":"Bem-vindo"},{"$i":"logged-in-message","$v":[{"t":"idOrVar","v":"email"}]},{"$i":"anti-theft","$v":"Antifurto"},{"$i":"anti-theft-info","$v":"Esperamos que você nunca perca seu telefone mas, se isso ocorrer, você pode proteger seus dados com nossos recursos de bloqueio remoto e limpeza. Quando você estiver pronto, acesse Configurações para configurar sua conta da KaiOS."},{"$i":"companion-phone","$v":"Telefone Companion"},{"$i":"companion-phone-info","$v":"Instale o aplicativo Companion KaiOS em seu smartphone para sincronizar contatos e transferir arquivos entre seu dispositivo principal e seu telefone com tecnologia KaiOS."},{"$i":"select-language","$v":"Selecionar idioma"},{"$i":"language-current","$v":"Atual"},{"$i":"language-readout-on","$v":"Leitura ativada"},{"$i":"language-readout-off","$v":"Leitura desativada"},{"$i":"decline-info","$v":"A aceitação da Política de privacidade e dos Termos de licença da KaiOS é necessária para usar este dispositivo."},{"$i":"kaios-license","$v":"Política de privacidade e Termos de licença da KaiOS"},{"$i":"decline","$v":"Recusar"},{"$i":"privacy-confirm","$v":"Ao pressionar Aceitar, você estará concordando com a Política de privacidade e os Termos de licença da KaiOS."},{"$i":"open-url","$v":"ABRIR URL"},{"$i":"lyf-license","$v":"Termos de licença da LYF"},{"$i":"emergency","$v":"Emergência"},{"$i":"pin-incorrect","$v":"PIN incorreto."},{"$i":"puk-incorrect","$v":"PUK incorreto."},{"$i":"inputCodeRetriesLeft","$v":{"few":[{"t":"idOrVar","v":"n"}," tentativas restantes."],"many":[{"t":"idOrVar","v":"n"}," tentativas restantes."],"one":"1 tentativa restante.","other":[{"t":"idOrVar","v":"n"}," tentativas restantes."],"two":[{"t":"idOrVar","v":"n"}," tentativas restantes."]},"$x":[{"t":"idOrVar","v":"plural"},"n"]},{"$i":"inputCodePukRetriesLeft","$v":{"few":[{"t":"idOrVar","v":"n"}," tentativas restantes."],"many":[{"t":"idOrVar","v":"n"}," tentativas restantes."],"one":"1 tentativa restante.","other":[{"t":"idOrVar","v":"n"}," tentativas restantes."],"two":[{"t":"idOrVar","v":"n"}," tentativas restantes."]},"$x":[{"t":"idOrVar","v":"plural"},"n"]},{"$i":"pin-label","$v":"PIN do SIM"},{"$i":"enter-pin","$v":"Digitar PIN do SIM"},{"$i":"sim1-enter-pin","$v":"Digitar o PIN do SIM1"},{"$i":"sim2-enter-pin","$v":"Digitar o PIN do SIM2"},{"$i":"done","$v":"Concluído"},{"$i":"enter-puk","$v":"Digitar PUK"},{"$i":"sim1-enter-puk","$v":"Digitar o PUK do SIM1"},{"$i":"sim2-enter-puk","$v":"Digitar o PUK do SIM2"},{"$i":"puk-label","$v":"PUK"},{"$i":"new-pin-label","$v":"Novo PIN do SIM (deve ter 4-8 dígitos)"},{"$i":"confirm-new-pin-label","$v":"Confirmar novo PIN do SIM"},{"$i":"pincode-length-error","$v":"O PIN do SIM deve ter entre 4 a 8 dígitos."},{"$i":"pin-final-locked","$v":"Cartão SIM bloqueado."},{"$i":"pin-final-failed-text","$v":"Você gostaria de inserir o código PUK para desbloquear o cartão SIM?"},{"$i":"sim-locked","$v":"SIM bloqueado"},{"$i":"sim1-locked","$v":"SIM1 bloqueado"},{"$i":"sim2-locked","$v":"SIM2 bloqueado"},{"$i":"new-pin-confirm-error","$v":"Falha ao confirmar novo PIN do SIM."},{"$i":"puk-final-locked","$v":"PUK incorreto."},{"$i":"puk-final-failed-text","$v":"Seu cartão SIM está bloqueado permanentemente. Entre em contato com sua operadora para obter mais informações."},{"$i":"about-kaios","$v":"Sobre a KaiOS"},{"$i":"about-kaios-p1","$v":"Bem-vindo a KaiOS."},{"$i":"about-kaios-p2","$v":"Nossa missão é abrir oportunidades para indivíduos, suas famílias e comunidades ao dar acesso a excelentes produtos digitais e apresentar uma realidade a todos os membros da sociedade. "},{"$i":"about-kaios-p3","$v":"Você pode ajudar a aprimorar nossos produtos e serviços enviando automaticamente dados analíticos.  Consulte nossos termos de privacidade para saber mais sobre como processamos os dados em seu dispositivo."},{"$i":"about-kaios-p4","$v":"Pode alterar as configurações em Configurações > Privacidade e Segurança > Sobre KaiOS."},{"$i":"about-kaios-agree","$v":"Quero ajudar enviando dados de análise."},{"$i":"about-kaios-age","$v":"Tenho mais de 16 anos."},{"$i":"about-kaios-ad","$v":"Usem meus dados para melhorar minha experiência em publicidade."},{"$i":"deselect","$v":"Desmarcar"},{"$i":"selectKeyboard","$v":"Selecionar teclado"},{"$i":"send-data-via","$v":"Enviar dados por"},{"$i":"wifi-and-carrier-data","$v":"Wi-Fi e Dados da oper."},{"$i":"wifi-only","$v":"Somente Wi-Fi"},{"$i":"more","$v":"Mais >"},{"$i":"qtn_oobe_high_volume","$v":"Preste atenção ao alto volume no modo de Acessibilidade."},{"$i":"qtn_oobe_enter","$v":"Ainda deseja entrar no modo de Acessibilidade?"},{"$i":"qtn_oobe_hdr_senior_mode","$v":"Modo de Acessibilidade"},{"$i":"qtn_oobe_hdr_ICE","$v":"Informações de ICE"},{"$i":"qtn_oobe_rem_create_ICE","$v":"Crie seus detalhes de informações de ICE, que o ajudarão em caso de emergência."},{"$i":"qtn_oobe_set_ICE_contact","$v":"Após a inicialização do dispositivo,"},{"$i":"qtn_oobe_btn_ICE_info","$v":"Criar informações de ICE"},{"$i":"qtn-privacy-terms-welcome","$v":"Bem-vindo"},{"$i":"qtn-privacy-policy-description-1","$v":["Obrigado por escolher o(a) ",{"t":"idOrVar","v":"WDM"},"."]},{"$i":"qtn-privacy-policy-description-2","$v":"A utilização de serviços e aplicativos HMD Global no seu dispositivo é regido pela política de privacidade da HMD Global disponível em www.nokia.com/mobile-privacy."},{"$i":"qtn-privacy-policy-description-3","$v":["Seu uso do software KaiOS, serviços e aplicativos em seu dispositivo é regulado pelo Acordo de licença de usuário final e pelos Termos de privacidade do KaiOS, disponíveis em ",{"t":"idOrVar","v":"WDM"},"."]},{"$i":"qtn-privacy-policy-description-4","$v":{"$o":"As informações de ativação do dispositivo com localização de dispositivo única com seus dados de rede e dispositivo exclusivos serão enviados para o KAI & HMD."}},{"$i":"qtn-privacy-policy-description-5","$v":"Essas informações nos permitem atender melhor a demanda do seu país, fornecer atualizações de software, apoiar as operações de atendimento ao cliente e ativar os serviços."},{"$i":"qtn-privacy-policy-description-6","$v":"Podem haver cobranças de dados."},{"$i":"qtn-privacy-policy-description-7","$v":"Os avisos de privacidade ou outro serám fornecidos quando use diferentes características do seu dispositivo."},{"$i":"data-connectivity","$v":"Mensagem de aviso"},{"$i":"data-message","$v":"O assistente de configuração possivelmente utilizará dados na rede móvel durante a configuração inicial do smartphone."}]