[{"$i":"wifi","$v":"Selecione uma rede"},{"$i":"ssid","$v":"SSID"},{"$i":"no-wifi-found","$v":"Nenhuma rede disponível"},{"$i":"wifi-searching","$v":"A procurar redes…"},{"$i":"security-open","$v":"Aberta"},{"$i":"shortStatus-connecting","$v":"A ligar…"},{"$i":"shortStatus-associated","$v":"A obter um endereço IP…"},{"$i":"shortStatus-authenticating","$v":"A autenticar…"},{"$i":"shortStatus-connected","$v":"Ligado"},{"$i":"shortStatus-connectingfailed","$v":"Falha na ligação"},{"$i":"shortStatus-disconnected","$v":"Offline"},{"$i":"shortStatus-connected-no-internet","$v":"Ligado, sem Internet"},{"$i":"securityWEP","$v":"WEP"},{"$i":"securityWPA-PSK","$v":"WPA-PSK"},{"$i":"securityWPA-EAP","$v":"WPA-EAP"},{"$i":"securityWPA2-PSK","$v":"WPA2-PSK"},{"$i":"securityWPA/WPA2-PSK","$v":"WPA/WPA2-PSK"},{"$i":"securedBy","$v":[{"t":"idOrVar","v":"capabilities"}]},{"$i":"securedByWay","$v":["Protegido por ",{"t":"idOrVar","v":"capabilities"}]},{"$i":"security","$v":"Segurança"},{"$i":"signalStrength","$v":"Potência do sinal"},{"$i":"signalLevel0","$v":"Muito fraca"},{"$i":"signalLevel1","$v":"Fraca"},{"$i":"signalLevel2","$v":"Média"},{"$i":"signalLevel3","$v":"Boa"},{"$i":"signalLevel4","$v":"Muito boa"},{"$i":"ipAddress","$v":"Endereço IP"},{"$i":"linkSpeed","$v":"Velocidade da ligação"},{"$i":"linkSpeedMbs","$v":[{"t":"idOrVar","v":"linkSpeed"}," Mbit/s"]},{"$i":"wifi-rescan","$v":"Voltar a ler"},{"$i":"wifi-join-fail","$v":["Não foi possível aderir à rede ",{"t":"idOrVar","v":"n"},"."]},{"$i":"wifi-connect-fail","$v":["Palavra-passe incorreta para ",{"t":"idOrVar","v":"n"},"."]},{"$i":"wifi-ip-set-fail","$v":"Falha nas definições de IP."},{"$i":"wifi-pw-length-error","$v":"O comprimento da palavra-passe deve ter mais de 8 caracteres"},{"$i":"password","$v":"Palavra-passe"},{"$i":"showPassword","$v":"Mostrar palavra-passe"},{"$i":"connect","$v":"Ligar"},{"$i":"rescanCompleted","$v":"Nova análise concluída."},{"$i":"failedToConnect","$v":"Falha ao ligar"},{"$i":"select","$v":"SELEC."},{"$i":"skip","$v":"Ignorar"},{"$i":"next","$v":"Seguinte"},{"$i":"accept","$v":"Aceitar"},{"$i":"cancel","$v":"Cancelar"},{"$i":"ok","$v":"OK"},{"$i":"notNow","$v":"Agora não"},{"$i":"forget","$v":"Esquecer"},{"$i":"confirmation","$v":"Confirmação"},{"$i":"forget-network","$v":"Esquecer a rede?"},{"$i":"network-forgotten","$v":"Rede esquecida."},{"$i":"hfa","$v":"HFA"},{"$i":"setup-phone-verification","$v":"Verificação do telefone"},{"$i":"phone-verification-entry-message","$v":"Configure uma conta verificando o seu número para aceder à loja e serviços adicionais."},{"$i":"phone-verification-skip-message","$v":"A verificação do telefone está incompleta. Pode verificar mais tarde em Definições >Conta. A verificação é necessária para aceder à Loja e para serviços adicionais."},{"$i":"setup-account","$v":"Configurar conta KaiOS"},{"$i":"create-account-li","$v":"Criar conta"},{"$i":"login-account-li","$v":"Iniciar sessão"},{"$i":"account-setup-message","$v":"Mantenha as suas informações seguras com uma conta KaiOS. Se alguma vez perder o telefone, a sua conta KaiOS irá permitir bloquear remotamente ou apagar todos os dados no seu telefone. Pode também configurar a sua conta KaiOS mais tarde nas Definições."},{"$i":"sign-in-success","$v":"Início de sessão bem sucedido"},{"$i":"account-welcome","$v":"Bem-vindo"},{"$i":"logged-in-message","$v":[{"t":"idOrVar","v":"email"}]},{"$i":"anti-theft","$v":"Antirroubo"},{"$i":"anti-theft-info","$v":"Esperamos que nunca perca o seu telefone, mas, se isso acontecer, pode proteger os seus dados com as nossas funcionalidades de bloqueio remoto e limpeza. Quando estiver pronto, vá até às Definições para configurar a sua conta KaiOS."},{"$i":"companion-phone","$v":"Telefone de parceiro"},{"$i":"companion-phone-info","$v":"Instale a aplicação parceira KaiOS no smartphone para sincronizar contactos e transferir ficheiros entre o dispositivo principal e o telefone KaiOS."},{"$i":"select-language","$v":"Selecionar idioma"},{"$i":"language-current","$v":"Atual"},{"$i":"language-readout-on","$v":"Leitura em voz alta ativada"},{"$i":"language-readout-off","$v":"Leitura em voz alta desativada"},{"$i":"decline-info","$v":"A aceitação dos Termos de licença e da Política de privacidade da KaiOS é obrigatória para utilizar este dispositivo."},{"$i":"kaios-license","$v":"Termos de licença e Política de privacidade da KaiOS"},{"$i":"decline","$v":"Recusar"},{"$i":"privacy-confirm","$v":"Ao premir Aceitar concorda com os Termos de licença e a Política de privacidade da KaiOS."},{"$i":"open-url","$v":"ABRIR URL"},{"$i":"lyf-license","$v":"Termos da licença LYF"},{"$i":"emergency","$v":"Emergência"},{"$i":"pin-incorrect","$v":"PIN incorreto."},{"$i":"puk-incorrect","$v":"PUK incorreto."},{"$i":"inputCodeRetriesLeft","$v":{"few":[{"t":"idOrVar","v":"n"}," tentativas restantes."],"many":[{"t":"idOrVar","v":"n"}," tentativas restantes."],"one":"1 tentativa restante.","other":[{"t":"idOrVar","v":"n"}," tentativas restantes."],"two":[{"t":"idOrVar","v":"n"}," tentativas restantes."]},"$x":[{"t":"idOrVar","v":"plural"},"n"]},{"$i":"inputCodePukRetriesLeft","$v":{"few":[{"t":"idOrVar","v":"n"}," tentativas restantes."],"many":[{"t":"idOrVar","v":"n"}," tentativas restantes."],"one":"1 tentativa restante.","other":[{"t":"idOrVar","v":"n"}," tentativas restantes."],"two":[{"t":"idOrVar","v":"n"}," tentativas restantes."]},"$x":[{"t":"idOrVar","v":"plural"},"n"]},{"$i":"pin-label","$v":"PIN do SIM"},{"$i":"enter-pin","$v":"Introduzir PIN do SIM"},{"$i":"sim1-enter-pin","$v":"Introduzir PIN do SIM1"},{"$i":"sim2-enter-pin","$v":"Introduzir PIN do SIM2"},{"$i":"done","$v":"Concluído"},{"$i":"enter-puk","$v":"Introduzir PUK"},{"$i":"sim1-enter-puk","$v":"Introduzir PUK do SIM1"},{"$i":"sim2-enter-puk","$v":"Introduzir PUK do SIM2"},{"$i":"puk-label","$v":"PUK"},{"$i":"new-pin-label","$v":"Novo PIN do SIM (tem de ter 4-8 dígitos)"},{"$i":"confirm-new-pin-label","$v":"Confirmar o novo PIN do SIM"},{"$i":"pincode-length-error","$v":"O PIN do SIM tem de ter 4-8 dígitos."},{"$i":"pin-final-locked","$v":"O cartão SIM está bloqueado."},{"$i":"pin-final-failed-text","$v":"Pretende introduzir o código PUK para desbloquear o cartão SIM?"},{"$i":"sim-locked","$v":"SIM bloqueado"},{"$i":"sim1-locked","$v":"SIM1 bloqueado"},{"$i":"sim2-locked","$v":"SIM2 bloqueado"},{"$i":"new-pin-confirm-error","$v":"Falha ao confirmar o novo PIN do SIM."},{"$i":"puk-final-locked","$v":"PUK incorreto."},{"$i":"puk-final-failed-text","$v":"O seu cartão SIM foi bloqueado definitivamente. Contacte o seu operador para mais informações."},{"$i":"about-kaios","$v":"Sobre o KaiOS"},{"$i":"about-kaios-p1","$v":"Bem-vindo ao KaiOS."},{"$i":"about-kaios-p2","$v":"A nossa missão é abrir oportunidades para indivíduos, para as suas famílias e para as comunidades tornando o acesso a excelentes produtos e serviços digitais uma realidade para todos os membros da sociedade."},{"$i":"about-kaios-p3","$v":"Pode ajudar-nos a melhorar os produtos e serviços enviando automaticamente dados para análise. Consulte os nossos termos de privacidade para saber como tratamos os dados nos seus dispositivos."},{"$i":"about-kaios-p4","$v":"Pode alterar estas definições em Definições > Privacidade e segurança > Sobre o KaiOS."},{"$i":"about-kaios-agree","$v":"Pretendo ajudar através do envio de dados de análise."},{"$i":"about-kaios-age","$v":"Tenho mais de 16 anos."},{"$i":"about-kaios-ad","$v":"Utilizar os meus dados para melhorar a minha experiência de publicidade."},{"$i":"deselect","$v":"Desmarcar"},{"$i":"selectKeyboard","$v":"Selecionar teclado"},{"$i":"send-data-via","$v":"Enviar dados por"},{"$i":"wifi-and-carrier-data","$v":"Wi-Fi e dados móveis"},{"$i":"wifi-only","$v":"Apenas Wi-Fi"},{"$i":"more","$v":"Mais >"},{"$i":"qtn_oobe_high_volume","$v":"Preste atenção ao volume alto no Modo de acessibilidade."},{"$i":"qtn_oobe_enter","$v":"Ainda pretende aceder ao Modo de acessibilidade?"},{"$i":"qtn_oobe_hdr_senior_mode","$v":"Modo de acessibilidade"},{"$i":"qtn_oobe_hdr_ICE","$v":"Informações ICE"},{"$i":"qtn_oobe_rem_create_ICE","$v":"Crie os seus detalhes de informações ICE, que ajudarão em caso de emergência."},{"$i":"qtn_oobe_set_ICE_contact","$v":"Após o arranque do dispositivo,"},{"$i":"qtn_oobe_btn_ICE_info","$v":"Criar informações ICE"},{"$i":"qtn-privacy-terms-welcome","$v":"Bem-vindo"},{"$i":"qtn-privacy-policy-description-1","$v":["Obrigado por escolher ",{"t":"idOrVar","v":"WDM"},"."]},{"$i":"qtn-privacy-policy-description-2","$v":"A utilização dos serviços e aplicações da HMD Global no seu dispositivo é regida pela Política de privacidade da HMD Global, disponível em www.nokia.com/mobile-privacy."},{"$i":"qtn-privacy-policy-description-3","$v":["A utilização do software, serviços e aplicações KaiOS no seu dispositivo é regida pelo EULA e pelos Termos de Privacidade do KaiOS, disponíveis em ",{"t":"idOrVar","v":"WDM"},"."]},{"$i":"qtn-privacy-policy-description-4","$v":{"$o":"As informações de ativação do dispositivo com localização única do mesmo, juntamente com as informações exclusivas do dispositivo e de rede serão enviadas à KAI & HMD."}},{"$i":"qtn-privacy-policy-description-5","$v":"Esta informação permite responder melhor às suas necessidades, fornecer atualizações de SW, apoio ao cliente e ativar serviços."},{"$i":"qtn-privacy-policy-description-6","$v":"Podem aplicar-se encargos relativos a dados."},{"$i":"qtn-privacy-policy-description-7","$v":"Podem ser fornecidos avisos de privacidade e outros ao usar diferentes funcionalidades do dispositivo."},{"$i":"data-connectivity","$v":"Mensagem de aviso"},{"$i":"data-message","$v":"O assistente de configuração poderá usar dados da rede móvel durante a configuração inicial do smartphone."}]