[{"$i":"wifi","$v":"Selectați o rețea"},{"$i":"ssid","$v":"SSID"},{"$i":"no-wifi-found","$v":"Nu există rețele disponibile"},{"$i":"wifi-searching","$v":"Se caută rețele..."},{"$i":"security-open","$v":"Deschidere"},{"$i":"shortStatus-connecting","$v":"Se conectează..."},{"$i":"shortStatus-associated","$v":"Se obține o adresă IP…"},{"$i":"shortStatus-authenticating","$v":"Se realizează autentificarea..."},{"$i":"shortStatus-connected","$v":"Conectat"},{"$i":"shortStatus-connectingfailed","$v":"Conectarea nu a reușit"},{"$i":"shortStatus-disconnected","$v":"Offline"},{"$i":"shortStatus-connected-no-internet","$v":"Conectat, fără acces la internet"},{"$i":"securityWEP","$v":"WEP"},{"$i":"securityWPA-PSK","$v":"WPA-PSK"},{"$i":"securityWPA-EAP","$v":"WPA-EAP"},{"$i":"securityWPA2-PSK","$v":"WPA2-PSK"},{"$i":"securityWPA/WPA2-PSK","$v":"WPA/WPA2-PSK"},{"$i":"securedBy","$v":[{"t":"idOrVar","v":"capabilities"}]},{"$i":"securedByWay","$v":["Securizat de ",{"t":"idOrVar","v":"capabilities"}]},{"$i":"security","$v":"Securitate"},{"$i":"signalStrength","$v":"Intensitate semnal"},{"$i":"signalLevel0","$v":"Foarte slab"},{"$i":"signalLevel1","$v":"Slab"},{"$i":"signalLevel2","$v":"Mediu"},{"$i":"signalLevel3","$v":"Bun"},{"$i":"signalLevel4","$v":"Foarte bun"},{"$i":"ipAddress","$v":"Adresă IP"},{"$i":"linkSpeed","$v":"Viteză conexiune"},{"$i":"linkSpeedMbs","$v":[{"t":"idOrVar","v":"linkSpeed"}," Mbit/s"]},{"$i":"wifi-rescan","$v":"Căutați din nou"},{"$i":"wifi-join-fail","$v":["Nu s-a reușit conectarea la rețeaua ",{"t":"idOrVar","v":"n"},"."]},{"$i":"wifi-connect-fail","$v":["Parolă incorectă pentru ",{"t":"idOrVar","v":"n"},"."]},{"$i":"wifi-ip-set-fail","$v":"Setările IP nu au reușit."},{"$i":"wifi-pw-length-error","$v":"Parola trebuie să fie mai lungă de 8 caractere."},{"$i":"password","$v":"Parolă"},{"$i":"showPassword","$v":"Afișare parolă"},{"$i":"connect","$v":"Conectare"},{"$i":"rescanCompleted","$v":"Rescanare finalizată."},{"$i":"failedToConnect","$v":"Conectarea nu a reușit"},{"$i":"select","$v":"Selectare"},{"$i":"skip","$v":"Omitere"},{"$i":"next","$v":"Înainte"},{"$i":"accept","$v":"Acceptare"},{"$i":"cancel","$v":"Anulare"},{"$i":"ok","$v":"OK"},{"$i":"notNow","$v":"Nu acum"},{"$i":"forget","$v":"Uitare"},{"$i":"confirmation","$v":"Confirmare"},{"$i":"forget-network","$v":"Uitați rețeaua?"},{"$i":"network-forgotten","$v":"Rețeaua a fost uitată."},{"$i":"hfa","$v":"HFA"},{"$i":"setup-phone-verification","$v":"Verificare telefon"},{"$i":"phone-verification-entry-message","$v":"Configurați un cont verificând numărul dvs. pentru a accesa Magazinul și serviciile suplimentare."},{"$i":"phone-verification-skip-message","$v":"Verificarea telefonului dvs. este incompletă. Puteți verifica mai târziu în Setări>Cont. Verificarea este necesară pentru a accesa Magazinul și serviciile suplimentare."},{"$i":"setup-account","$v":"Configurare cont KaiOS"},{"$i":"create-account-li","$v":"Creare cont"},{"$i":"login-account-li","$v":"Conectați-vă"},{"$i":"account-setup-message","$v":"Păstrați-vă informațiile în siguranță cu un cont KaiOS. Dacă vă pierdeți vreodată telefonul, contul dvs. KaiOS vă va permite să blocați sau să ștergeți de la distanță toate datele din telefon. De asemenea, puteți configura contul dvs. KaiOS mai târziu, în Setări."},{"$i":"sign-in-success","$v":"Autentificare reușită"},{"$i":"account-welcome","$v":"Bun venit!"},{"$i":"logged-in-message","$v":[{"t":"idOrVar","v":"email"}]},{"$i":"anti-theft","$v":"Antifurt"},{"$i":"anti-theft-info","$v":"Sperăm să nu vă pierdeți niciodată telefonul, dar, dacă se întâmplă, vă puteți proteja datele cu ajutorul funcțiilor noastre de blocare și ștergere de la distanță. Când sunteți pregătit, accesați Setările pentru a vă configura contul KaiOS."},{"$i":"companion-phone","$v":"Telefon însoțitor"},{"$i":"companion-phone-info","$v":"Instalați aplicația însoțitoare KaiOS pe smartphone pentru a sincroniza contactele și a transfera fișiere între dispozitivul principal și telefonul cu sistem de operare KaiOS."},{"$i":"select-language","$v":"Selectare limbă"},{"$i":"language-current","$v":"Actual"},{"$i":"language-readout-on","$v":"Funcție de citire activată"},{"$i":"language-readout-off","$v":"Funcție de citire dezactivată"},{"$i":"decline-info","$v":"Pentru utilizarea acestui dispozitiv, acceptarea Termenilor și a Politicii de confidențialitate privind licența KaiOS este obligatorie."},{"$i":"kaios-license","$v":"Termenii și Politica de confidențialitate privind licența KaiOS"},{"$i":"decline","$v":"Respingere"},{"$i":"privacy-confirm","$v":"Apăsând opțiunea Acceptare, sunteți de acord cu Termenii și cu Politica de confidențialitate privind licența KaiOS."},{"$i":"open-url","$v":"DESCHIDERE URL"},{"$i":"lyf-license","$v":"Termenii licenței LYF"},{"$i":"emergency","$v":"Urgență"},{"$i":"pin-incorrect","$v":"Cod PIN incorect."},{"$i":"puk-incorrect","$v":"Cod PUK incorect."},{"$i":"inputCodeRetriesLeft","$v":{"few":[{"t":"idOrVar","v":"n"}," încercări rămase."],"many":[{"t":"idOrVar","v":"n"}," încercări rămase."],"one":"1 încercare rămasă.","other":[{"t":"idOrVar","v":"n"}," încercări rămase."],"two":[{"t":"idOrVar","v":"n"}," încercări rămase."]},"$x":[{"t":"idOrVar","v":"plural"},"n"]},{"$i":"inputCodePukRetriesLeft","$v":{"few":[{"t":"idOrVar","v":"n"}," încercări rămase."],"many":[{"t":"idOrVar","v":"n"}," încercări rămase."],"one":"1 încercare rămasă.","other":[{"t":"idOrVar","v":"n"}," încercări rămase."],"two":[{"t":"idOrVar","v":"n"}," încercări rămase."]},"$x":[{"t":"idOrVar","v":"plural"},"n"]},{"$i":"pin-label","$v":"Codul PIN al cartelei SIM"},{"$i":"enter-pin","$v":"Introduceți codul PIN al cartelei SIM"},{"$i":"sim1-enter-pin","$v":"Introduceți codul PIN al cartelei SIM1"},{"$i":"sim2-enter-pin","$v":"Introduceți codul PIN al cartelei SIM2"},{"$i":"done","$v":"Gata"},{"$i":"enter-puk","$v":"Introduceți codul PUK"},{"$i":"sim1-enter-puk","$v":"Introduceți codul PUK al cartelei SIM1"},{"$i":"sim2-enter-puk","$v":"Introduceți codul PUK al cartelei SIM2"},{"$i":"puk-label","$v":"Cod PUK"},{"$i":"new-pin-label","$v":"Noul cod PIN pentru cartela SIM (trebuie să aibă 4–8 cifre)"},{"$i":"confirm-new-pin-label","$v":"Confirmați noul cod PIN pentru cartela SIM"},{"$i":"pincode-length-error","$v":"Codul PIN al cartelei SIM trebuie să aibă 4–8 cifre."},{"$i":"pin-final-locked","$v":"Cartela SIM este blocată."},{"$i":"pin-final-failed-text","$v":"Doriți să introduceți codul PUK pentru deblocarea cartelei SIM?"},{"$i":"sim-locked","$v":"Cartela SIM este blocată"},{"$i":"sim1-locked","$v":"Cartela SIM1 este blocată"},{"$i":"sim2-locked","$v":"Cartela SIM2 este blocată"},{"$i":"new-pin-confirm-error","$v":"Confirmarea noului cod PIN al cartelei SIM nu a reușit."},{"$i":"puk-final-locked","$v":"Cod PUK incorect."},{"$i":"puk-final-failed-text","$v":"Cartela SIM este blocată definitiv. Pentru mai multe informații, contactați operatorul."},{"$i":"about-kaios","$v":"Despre KaiOS"},{"$i":"about-kaios-p1","$v":"Bun venit la KaiOS!"},{"$i":"about-kaios-p2","$v":"Misiunea noastră este să creăm oportunități pentru persoane, familiile acestora și comunități, transformând accesul la produse și servicii digitale excelente în realitate pentru toți membrii societății."},{"$i":"about-kaios-p3","$v":"Ne puteți ajuta să îmbunătățim produsele și serviciile prin trimiterea automată de date analitice. Consultați termenii privind confidențialitatea pentru a afla cum gestionăm datele pe dispozitivele dvs."},{"$i":"about-kaios-p4","$v":"Puteți modifica aceste setări în Setări > Confidențialitate și Securitate > Despre KaiOS."},{"$i":"about-kaios-agree","$v":"Doresc să ajut trimițând date analitice."},{"$i":"about-kaios-age","$v":"Am peste 16 ani."},{"$i":"about-kaios-ad","$v":"Utilizați datele mele pentru a-mi îmbunătăți experiența cu reclamele."},{"$i":"deselect","$v":"Deselectare"},{"$i":"selectKeyboard","$v":"Selectați tastatura"},{"$i":"send-data-via","$v":"Trimitere date prin"},{"$i":"wifi-and-carrier-data","$v":"Wi-Fi și date mobile operator"},{"$i":"wifi-only","$v":"Numai Wi-Fi"},{"$i":"more","$v":"Mai multe >"},{"$i":"qtn_oobe_high_volume","$v":"Aveți grijă la volumul ridicat în modul Accesibilitate."},{"$i":"qtn_oobe_enter","$v":"Încă doriți să intrați în modul Accesibilitate?"},{"$i":"qtn_oobe_hdr_senior_mode","$v":"Modul Accesibilitate"},{"$i":"qtn_oobe_hdr_ICE","$v":"Informații ICE"},{"$i":"qtn_oobe_rem_create_ICE","$v":"Vă rugăm să creați detaliile  informațiilor dvs. ICE, care vă vor ajuta în caz de urgență."},{"$i":"qtn_oobe_set_ICE_contact","$v":"După ce ați pornit "},{"$i":"qtn_oobe_btn_ICE_info","$v":"Creează informațiile ICE"},{"$i":"qtn-privacy-terms-welcome","$v":"Bun venit"},{"$i":"qtn-privacy-policy-description-1","$v":["Îţi mulţumim că ai ales ",{"t":"idOrVar","v":"WDM"},"."]},{"$i":"qtn-privacy-policy-description-2","$v":"Utilizarea serviciilor și a aplicațiilor HMD Global de pe aparatul tău este guvernată de Politica de confidențialitate a HMD Global, disponibilă la adresa www.nokia.com/mobile-privacy."},{"$i":"qtn-privacy-policy-description-3","$v":["Utilizarea software-ului, a serviciilor și a aplicațiilor KaiOS de pe dispozitivul dvs. este guvernată de acordul de licență al utilizatorului final KaiOS și de termenii de confidențialitate, disponibile la",{"t":"idOrVar","v":"WDM"},"."]},{"$i":"qtn-privacy-policy-description-4","$v":{"$o":"Informațiile de activare a dispozitivului cu locația unică a dispozitivului, împreună cu dispozitivul dvs. unic și informațiile de rețea vor fi trimise la KAI & HMD."}},{"$i":"qtn-privacy-policy-description-5","$v":"Aceste informații ne permit să ne adaptăm mai bine cerințelor din țara ta, să oferim actualizări SW, asistență pentru clienți și să activăm servicii."},{"$i":"qtn-privacy-policy-description-6","$v":"Se pot aplica taxe pentru traficul de date."},{"$i":"qtn-privacy-policy-description-7","$v":"Notificări de confidențialitate sau alte tipuri de notificări pot fi furnizate când utilizezi diverse caracteristici ale aparatului tău."},{"$i":"data-connectivity","$v":"Mesaj de avertizare"},{"$i":"data-message","$v":"Asistentul de config. ar putea să utiliz. date prin reț. mobilă la config. inițială a tel. inteligent."}]