[{"$i":"wifi","$v":"ජාලයක් තෝරන්න"},{"$i":"ssid","$v":"SSID"},{"$i":"no-wifi-found","$v":"කිසිදු ජාලයක් නැත"},{"$i":"wifi-searching","$v":"ජාල සොයයි…"},{"$i":"security-open","$v":"විවෘත කරන්න"},{"$i":"shortStatus-connecting","$v":"සම්බන්ධ වෙමින්…"},{"$i":"shortStatus-associated","$v":"IP ලිපිනයක් ලබා ගනිමින්..."},{"$i":"shortStatus-authenticating","$v":"සත්‍යාපනය කෙරෙමින්…"},{"$i":"shortStatus-connected","$v":"සම්බන්ධ කරන ලදි"},{"$i":"shortStatus-connectingfailed","$v":"සම්බන්ධතාව අසාර්ථකය"},{"$i":"shortStatus-disconnected","$v":"ඕෆ්ලයින්"},{"$i":"shortStatus-connected-no-internet","$v":"සම්බන්ධිතයි, අන්තර්ජාලය නැත"},{"$i":"securityWEP","$v":"WEP"},{"$i":"securityWPA-PSK","$v":"WPA-PSK"},{"$i":"securityWPA-EAP","$v":"WPA-EAP"},{"$i":"securityWPA2-PSK","$v":"WPA2-PSK"},{"$i":"securityWPA/WPA2-PSK","$v":"WPA/WPA2-PSK"},{"$i":"securedBy","$v":[{"t":"idOrVar","v":"capabilities"}]},{"$i":"securedByWay","$v":["මගින් සුරකින ලදි ",{"t":"idOrVar","v":"capabilities"}]},{"$i":"security","$v":"ආරක්ෂාව"},{"$i":"signalStrength","$v":"සංඥා ශක්තිය"},{"$i":"signalLevel0","$v":"ඉතා දුර්වලයි"},{"$i":"signalLevel1","$v":"දුර්වලයි"},{"$i":"signalLevel2","$v":"සාමාන්‍යය"},{"$i":"signalLevel3","$v":"හොඳයි"},{"$i":"signalLevel4","$v":"ඉතා හොඳයි"},{"$i":"ipAddress","$v":"IP ලිපිනය"},{"$i":"linkSpeed","$v":"සබැඳි වේගය"},{"$i":"linkSpeedMbs","$v":[{"t":"idOrVar","v":"linkSpeed"}," Mbit/s"]},{"$i":"wifi-rescan","$v":"නැවත ස්කෑන් කරන්න"},{"$i":"wifi-join-fail","$v":["ජාලයට සම්බන්ධ කළ නොහැක ",{"t":"idOrVar","v":"n"},"."]},{"$i":"wifi-connect-fail","$v":[{"t":"idOrVar","v":"n"},"සඳහා රහස් වචනය වැරදියි."]},{"$i":"wifi-ip-set-fail","$v":"IP සැකසුම අසාර්ථකයි."},{"$i":"wifi-pw-length-error","$v":"රහස්වචනයේ දිග අකුරු 8ට වැඩි විය යුතුය."},{"$i":"password","$v":"රහස් වචනය"},{"$i":"showPassword","$v":"රහස්වචනය පෙන්වන්න"},{"$i":"connect","$v":"සම්බන්ධ කරන්න"},{"$i":"rescanCompleted","$v":"නැවත ස්කෑන් කිරීම සම්පූර්ණ කර ඇත."},{"$i":"failedToConnect","$v":"සම්බන්ධ වීමට නොහැකි විය"},{"$i":"select","$v":"තෝරන්න"},{"$i":"skip","$v":"මඟ හරින්න"},{"$i":"next","$v":"ඊලඟ"},{"$i":"accept","$v":"පිළිගන්න"},{"$i":"cancel","$v":"අවලංගු කරන්න"},{"$i":"ok","$v":"OK"},{"$i":"notNow","$v":"දැන් නොවේ"},{"$i":"forget","$v":"අමතක කරන්න"},{"$i":"confirmation","$v":"තහවුරු කිරීම"},{"$i":"forget-network","$v":"ජාලය අමතක කරන්නද?"},{"$i":"network-forgotten","$v":"ජාලය අමතක විය."},{"$i":"hfa","$v":"HFA"},{"$i":"setup-phone-verification","$v":"දුරකථන සත්‍යාපනය"},{"$i":"phone-verification-entry-message","$v":"ගබඩාවට හා අතිරේක සේවා වෙත ප්‍රවේශ වීමට ඔබේ අංකය තහවුරු කිරීමෙන් ගිණුමක් පිහිටුවන්න."},{"$i":"phone-verification-skip-message","$v":"ඔබේ දුරකථන සත්‍යාපනය අසම්පූර්ණයි. ඔබට පසුව පසුතල > ගිණුම වෙතින් සත්‍යාපනය කළ හැක. ගබඩාව හා අතිරේක සේවා වෙත පිවිසීමට සත්‍යාපනය අවශ්‍ය වේ."},{"$i":"setup-account","$v":"KaiOS ගිණුම සකසන්න"},{"$i":"create-account-li","$v":"ගිණුමක් සාදන්න"},{"$i":"login-account-li","$v":"පුරන්න"},{"$i":"account-setup-message","$v":"ඔබේ තොරතුරු KaiOS ගිණුමක් මඟින් ආරක්ෂිතව තබා ගැනේ. If you ඔබගේ දුරකථනය නැති වුවහොත්, ඔබේ KaiOS ගිණුම මඟින් ඔබට ඔබේ දුරකථනයේ ඇති සියලු දත්ත දුරස්ථව අගුළු දැමීමට හෝ ඉවත් කර දැමීමට ඉඩ ලබා දේ. එසේම ඔබට පසුව වුවද පසුතලහිදී ඔබේ KaiOS ගිණුම සැකසිය හැකිය."},{"$i":"sign-in-success","$v":"පිරීම සාර්තකයි"},{"$i":"account-welcome","$v":"පිළිගනිමු"},{"$i":"logged-in-message","$v":[{"t":"idOrVar","v":"email"}]},{"$i":"anti-theft","$v":"සොරකම්-විරෝධී"},{"$i":"anti-theft-info","$v":"ඔබගේ දුරකථනය නැති නොවේවායි අපි පතමු, නමුත් එසේ නැති වුවහොත්, අපගේ දුරස්ත අගුළු සහ පිස දැමීමේ විශේෂාංග සමඟින් ඔබේ දත්ත ආරක්ෂා කර ගැනීමට ඔබට පුළුවන. ඔබ සූදානම් විට, ඔබේ KaiOS ගිණුම සකස් කර ගැනීමට පසුතල වෙත යන්න."},{"$i":"companion-phone","$v":"සහචර දුරකථනය"},{"$i":"companion-phone-info","$v":"ඔබේ මූලික උපාංගය හා ඔබේ KaiOS බල ගැන්වූ දුරකථනය අතර සබඳතා සමමුහු කිරීමට හා ගොනු හුවමාරු කිරීමට KaiOS සහචර යෙදුම ස්ථාපනය කරන්න."},{"$i":"select-language","$v":"භාෂාව තෝරන්න"},{"$i":"language-current","$v":"වත්මන්"},{"$i":"language-readout-on","$v":"හඬ නගා කියවීම ඔන්"},{"$i":"language-readout-off","$v":"හඬ නගා කියවීම ඕෆ්"},{"$i":"decline-info","$v":"මෙම උපාංගය භාවිතයට නියමයන් සහ කොන්දේසි පිළිගැනීම අවශ්‍යයි."},{"$i":"kaios-license","$v":"KaiOS බලපත්‍ර නියමයන්"},{"$i":"decline","$v":"ප්‍රතික්ෂේප කරන්න"},{"$i":"privacy-confirm","$v":"පිළිගනිමි එබීම මගින් ඔබ KaiOS බලපත්‍ර නියමයන් සහ රහස්‍යතා ප්‍රතිපත්තියට එකඟ වන්නේය."},{"$i":"open-url","$v":"URL විවෘත කරන්න"},{"$i":"lyf-license","$v":"LYF බලපත්‍ර නියමයන්"},{"$i":"emergency","$v":"හදිසි"},{"$i":"pin-incorrect","$v":"වැරදි PIN."},{"$i":"puk-incorrect","$v":"වැරදි PUK."},{"$i":"inputCodeRetriesLeft","$v":{"few":["උත්සාහයන් ",{"t":"idOrVar","v":"n"}," ඉතිරියි."],"many":["උත්සාහයන් ",{"t":"idOrVar","v":"n"}," ඉතිරියි."],"one":"(වැරදි PIN. 1 උත්සාහයක් ඉතිරිය.)","other":["උත්සාහයන් ",{"t":"idOrVar","v":"n"}," ඉතිරියි."],"two":["(වැරදි PIN. උත්සාහ ",{"t":"idOrVar","v":"n"}," ක් ඉතිරිය.)"]},"$x":[{"t":"idOrVar","v":"plural"},"n"]},{"$i":"inputCodePukRetriesLeft","$v":{"few":["උත්සාහයන් ",{"t":"idOrVar","v":"n"}," ඉතිරියි."],"many":["උත්සාහයන් ",{"t":"idOrVar","v":"n"}," ඉතිරියි."],"one":"1 උත්සාහයක් ඉතිරිය.","other":["උත්සාහයන් ",{"t":"idOrVar","v":"n"}," ඉතිරියි."],"two":["උත්සාහයන් ",{"t":"idOrVar","v":"n"}," ඉතිරියි."]},"$x":[{"t":"idOrVar","v":"plural"},"n"]},{"$i":"pin-label","$v":"SIM PIN"},{"$i":"enter-pin","$v":"SIM PIN ඇතුළු කරන්න"},{"$i":"sim1-enter-pin","$v":"SIM1 PIN ඇතුලු කරන්න"},{"$i":"sim2-enter-pin","$v":"SIM2 PIN ඇතුලු කරන්න"},{"$i":"done","$v":"ඉටු කළා"},{"$i":"enter-puk","$v":"PUK ඇතුළු කරන්න"},{"$i":"sim1-enter-puk","$v":"SIM1 PUK ඇතුලු කරන්න"},{"$i":"sim2-enter-puk","$v":"SIM2 PUK ඇතුලු කරන්න"},{"$i":"puk-label","$v":"PUK"},{"$i":"new-pin-label","$v":"නව SIM PIN(ඉලක්කම් 4-8)"},{"$i":"confirm-new-pin-label","$v":"නව SIM PIN තහවුරු කරන්න"},{"$i":"pincode-length-error","$v":"SIM PIN ඉලක්කම් 4-8 අතර විය යුතුය."},{"$i":"pin-final-locked","$v":"SIM කාඩ්පත අගුළු දමා ඇත."},{"$i":"pin-final-failed-text","$v":"SIM කාඩ්පතේ අගුළු මිදීමට PUK කේතය ඇතුළු කිරීමට ඔබ කැමතිද?"},{"$i":"sim-locked","$v":"SIM අගුළු දමා ඇත"},{"$i":"sim1-locked","$v":"SIM1 අගුළු දමන ලදී"},{"$i":"sim2-locked","$v":"SIM2 අගුළු දමන ලදී"},{"$i":"new-pin-confirm-error","$v":"නවSIM PIN තහවුරු කිරීම අසාර්ථකයි."},{"$i":"puk-final-locked","$v":"වැරදි PUK."},{"$i":"puk-final-failed-text","$v":"ඔබේ SIM කාඩ්පතට ස්ථිවරම අගුළු වැටී තිබේ. වැඩි විස්තර සඳහා ඔබේ ධාරකයා හා සම්බන්ධ වන්න."},{"$i":"about-kaios","$v":"කායෝස් ගැන"},{"$i":"about-kaios-p1","$v":"KaiOS වෙත සාදරයෙන් පිළිගනිමු."},{"$i":"about-kaios-p2","$v":"අපගේ මෙහෙවර වන්නේ සමාජයේ සියලුම සාමාජිකයින් සඳහා විශිෂ්ටතම ඩිජිටල් නිෂ්පාදන සහ සේවාවන් වෙත පුද්ගලයන්ට, ඔවුන්ගේ පවුල්වල සහ ප්රජාවන් සඳහා අවස්ථා විවෘත කිරීමයි."},{"$i":"about-kaios-p3","$v":"විශ්ලේෂණ දත්ත ස්වයංක්රියව යැවීම මගින් නිෂ්පාදන සහ සේවාවන් වැඩිදියුණු කිරීමට අපට සහාය විය හැකිය. ඔබගේ උපාංගවල දත්ත අප හැසිරවිය හැකි ආකාරය ඉගෙන ගැනීමට අපගේ පුද්ගලික කොන්දේසි බලන්න."},{"$i":"about-kaios-p4","$v":"ඔබට මෙම සිටුවම් සැකසීම්> පුද්ගලිකත්වය සහ ආරක්ෂාව> KaiOS ගැන."},{"$i":"about-kaios-agree","$v":"විශ්ලේෂණ දත්ත යැවීමෙන් මට උදව් කිරීමට අවශ්යයි."},{"$i":"about-kaios-age","$v":"වයස අවුරුදු 16 ට වැඩි."},{"$i":"about-kaios-ad","$v":"මගේ දැන්වීම්කරණ අත්දැකීම වැඩිදියුණු කිරීමට මගේ දත්ත භාවිතා කරන්න."},{"$i":"deselect","$v":"තේරීම ඉවත් කරන්න"},{"$i":"selectKeyboard","$v":"යතුරු පුවරුව තෝරන්න"},{"$i":"send-data-via","$v":"දත්ත යැවීම"},{"$i":"wifi-and-carrier-data","$v":"WiFi සහ ජංගම දත්ත"},{"$i":"wifi-only","$v":"Wi-Fi පමණි"},{"$i":"more","$v":"තවත් >"},{"$i":"qtn_oobe_high_volume","$v":"කරුණාකර ප්‍රවේශ්‍යතා ප්‍රකාරය තුළ ඉහළ හඬ පරිමාවට අවධානය යොමු කරන්න."},{"$i":"qtn_oobe_enter","$v":"ඔබට තවමත් ප්‍රවේශ්‍යතා ප්‍රකාරයට ඇතුල්වීමට අවශ්‍ය ද?"},{"$i":"qtn_oobe_hdr_senior_mode","$v":"ප්‍රවේශ්‍යතා ප්‍රකාරය"},{"$i":"qtn_oobe_hdr_ICE","$v":"ICE තොරතුරු"},{"$i":"qtn_oobe_rem_create_ICE","$v":"කරුණාකර හදිසි අවස්ථාවක දී ඔබට උපකාර කරනු ඇති ඔබගේ ICE තොරතුරු විස්තර නිර්මාණය කරන්න."},{"$i":"qtn_oobe_set_ICE_contact","$v":"උපාංගය ආරම්භ කළ පසුව, කරුණාකර පළමුව ICE සබඳතා සකස් කරන්න."},{"$i":"qtn_oobe_btn_ICE_info","$v":"ICE තොරතුරු නිර්මාණය කරන්න"},{"$i":"qtn-privacy-terms-welcome","$v":"සාදරයෙන් පිළිගනිමු"},{"$i":"qtn-privacy-policy-description-1","$v":[{"t":"idOrVar","v":"WDM"}," තෝරා ගැනීම පිළිබඳව ස්තූතියි."]},{"$i":"qtn-privacy-policy-description-2","$v":"ඔබ විසින් ඔබේ උපාංගයෙහි HMD Global සේවා හා යෙදුම් පරිහරණය කිරීම www.nokia.com/mobile-privacy වෙතින් ලබා ගත හැකි HMD Global රහස්‍යතා ප්‍රතිපත්තිය මගින් පාලනය වේ."},{"$i":"qtn-privacy-policy-description-3","$v":["ඔබගේ උපාංගය තුළ ඔබ KaiOS මෘදුකාංගය, සේවා සහ යෙදුම් භාවිතය ",{"t":"idOrVar","v":"WDM"}," හි ලද හැකි KaiOS EULA සහ රහස්‍යතා නියම මගින් පාලනය වේ."]},{"$i":"qtn-privacy-policy-description-4","$v":{"$o":"එක්-වරක් උපාංග පිහිටීම සමග ඔබගේ අනන්‍ය උපාංග සහ ජාල තොරතුරු සමග උපාංග සක්‍රීයකරණ තොරතුරු KAI & HMD වෙත යැවෙනු ඇත."}},{"$i":"qtn-privacy-policy-description-5","$v":"මෙම තොරතුරු මගින් අපට ඔබගේ රටෙහි අවශ්යතා හොඳන් ඉටු කිරීම සඳහා, SW යාවත්කාල කිරීම් සැපයීමට, පාරිභෝගික සහාය සහ සේවා සක්රීය කිරීම සඳහා අපට මෙම තොරතුරු වලින් හැකියාව ලැබේ."},{"$i":"qtn-privacy-policy-description-6","$v":"දත්ත ගාස්තු අදාළවීමට ඉඩ ඇත."},{"$i":"qtn-privacy-policy-description-7","$v":"ඔබ ඔබේ උපාංගයේ විවිධ විශේෂාංග පරිහරණය කිරීමේ දී රහස්‍යතාව හෝ වෙනත් දැන්වීම් සපයනු ලැබීමට ඉඩ ඇත."},{"$i":"data-connectivity","$v":"අනතුරු ඇඟවීමේ පණිවුඩය"},{"$i":"data-message","$v":"ස්මාට් දුරකථනය ප්‍රථමයෙන් සකසනු ලැබීමේ දී පිහිටුවීම් විශාරදය විසින් ජංගම ජාලය ඔස්සේ දත්ත භාවිතා කරනු ලැබීමට ඉඩ ඇත."}]