[{"$i":"wifi","$v":"Vybrať sieť"},{"$i":"ssid","$v":"SSID"},{"$i":"no-wifi-found","$v":"Žiadne dostupné siete"},{"$i":"wifi-searching","$v":"Hľadajú sa siete..."},{"$i":"security-open","$v":"Otvoriť"},{"$i":"shortStatus-connecting","$v":"Pripájanie…"},{"$i":"shortStatus-associated","$v":"Získava sa adr. IP..."},{"$i":"shortStatus-authenticating","$v":"Autentifikuje sa..."},{"$i":"shortStatus-connected","$v":"Pripojené"},{"$i":"shortStatus-connectingfailed","$v":"Prippojenie neúsp."},{"$i":"shortStatus-disconnected","$v":"Offline"},{"$i":"shortStatus-connected-no-internet","$v":"Pripojené, bez internetu"},{"$i":"securityWEP","$v":"WEP"},{"$i":"securityWPA-PSK","$v":"WPA-PSK"},{"$i":"securityWPA-EAP","$v":"WPA-EAP"},{"$i":"securityWPA2-PSK","$v":"WPA2-PSK"},{"$i":"securityWPA/WPA2-PSK","$v":"WPA/WPA2-PSK"},{"$i":"securedBy","$v":[{"t":"idOrVar","v":"capabilities"}]},{"$i":"securedByWay","$v":["Zabezp. s ",{"t":"idOrVar","v":"capabilities"}]},{"$i":"security","$v":"Zabezpečenie"},{"$i":"signalStrength","$v":"Intenzita signálu"},{"$i":"signalLevel0","$v":"Veľmi slabé"},{"$i":"signalLevel1","$v":"Slabé"},{"$i":"signalLevel2","$v":"Priemer"},{"$i":"signalLevel3","$v":"Dobré"},{"$i":"signalLevel4","$v":"Veľmi dobré"},{"$i":"ipAddress","$v":"Adresa IP"},{"$i":"linkSpeed","$v":"Rýchl. prepoj."},{"$i":"linkSpeedMbs","$v":[{"t":"idOrVar","v":"linkSpeed"}," Mbit/s"]},{"$i":"wifi-rescan","$v":"Zn. sken."},{"$i":"wifi-join-fail","$v":["Nedá sa pripojiť k sieti ",{"t":"idOrVar","v":"n"},"."]},{"$i":"wifi-connect-fail","$v":["Nesprávne heslo pre ",{"t":"idOrVar","v":"n"},"."]},{"$i":"wifi-ip-set-fail","$v":"Nastavenia IP zlyhali."},{"$i":"wifi-pw-length-error","$v":"Min. dĺžka hesla je 8 zn.."},{"$i":"password","$v":"Heslo"},{"$i":"showPassword","$v":"Zobraziť heslo"},{"$i":"connect","$v":"Pripojiť sa"},{"$i":"rescanCompleted","$v":"Opätovné skenovanie bolo dokončené."},{"$i":"failedToConnect","$v":"Pripojenie zlyhalo"},{"$i":"select","$v":"Vybrať"},{"$i":"skip","$v":"Preskočiť"},{"$i":"next","$v":"Ďalej"},{"$i":"accept","$v":"Prijať"},{"$i":"cancel","$v":"Zrušiť"},{"$i":"ok","$v":"OK"},{"$i":"notNow","$v":"Teraz nie"},{"$i":"forget","$v":"Zabudnúť"},{"$i":"confirmation","$v":"Potvrdenie"},{"$i":"forget-network","$v":"Zabudnúť sieť?"},{"$i":"network-forgotten","$v":"Sieť je zabudnutá."},{"$i":"hfa","$v":"HFA"},{"$i":"setup-phone-verification","$v":"Overenie telefónu"},{"$i":"phone-verification-entry-message","$v":"Nastavte si účet overením svojho čísla a získajte prístup k obchodu a ďalším službám."},{"$i":"phone-verification-skip-message","$v":"Overenie vášho telefónu nie je dokončené. Môžete ho vykonať aj neskôr v ponuke Nastavenia > Účet. Overenie je potrebné na prístup k obchodu a ďalším službám."},{"$i":"setup-account","$v":"Nastaviť účet KaiOS"},{"$i":"create-account-li","$v":"Vytvoriť účet"},{"$i":"login-account-li","$v":"Prihlásenie"},{"$i":"account-setup-message","$v":"Zabezpečte svoje informácie s účtom KaiOS. Ak stratíte telefón, účet KaiOS vám umožní na diaľku zamknúť alebo vymazať všetky dáta v telefóne. Účet KaiOS si môžete nastaviť aj neskôr v Nastaveniach."},{"$i":"sign-in-success","$v":"Úspešné prihlásenie"},{"$i":"account-welcome","$v":"Uvítanie"},{"$i":"logged-in-message","$v":[{"t":"idOrVar","v":"email"}]},{"$i":"anti-theft","$v":"Ochr. pred krád."},{"$i":"anti-theft-info","$v":"Dúfame, že nikdy telefón nestratíte. Ak však áno, môžete chrániť svoje údaje s našimi funkciami zámku a vymazania na diaľku. Nastaviť ich môžete v Nastaveniach účtu KaiOS."},{"$i":"companion-phone","$v":"Príručný telefón"},{"$i":"companion-phone-info","$v":"Nainštalujte si do smartfónu príručnú aplikáciu KaiOS na synchronizáciu kontaktov a prenos súborov medzi hlavným zariadením a telefónom so systémom KaiOS."},{"$i":"select-language","$v":"Vybrať jazyk"},{"$i":"language-current","$v":"Aktuálne"},{"$i":"language-readout-on","$v":"Čít. nahlas zap."},{"$i":"language-readout-off","$v":"Čít. nahlas vyp."},{"$i":"decline-info","$v":"Na používanie tohto zar. sa vyžaduje prijatie Zmluvných podmienok."},{"$i":"kaios-license","$v":"Licenčné podm. KaiOS"},{"$i":"decline","$v":"Odmietnuť"},{"$i":"privacy-confirm","$v":"Stlačením tlačidla Prijať prijmete licenčné podmienky a zásady ochrany osobných údajov systému KaiOS."},{"$i":"open-url","$v":"OTVORIŤ ADRESU URL"},{"$i":"lyf-license","$v":"Licenčné podm. LYF"},{"$i":"emergency","$v":"Núdzový hovor"},{"$i":"pin-incorrect","$v":"Nesprávny PIN."},{"$i":"puk-incorrect","$v":"Nesprávny PUK."},{"$i":"inputCodeRetriesLeft","$v":{"few":["Zost. pokusy: ",{"t":"idOrVar","v":"n"},"."],"many":["Zost. pokusy: ",{"t":"idOrVar","v":"n"},"."],"one":"(Nesp. PIN. Zostáva 1 pokus.)","other":["Zost. pokusy: ",{"t":"idOrVar","v":"n"},"."],"two":["(Nesp. PIN. Zostáva ",{"t":"idOrVar","v":"n"}," pokus.)"]},"$x":[{"t":"idOrVar","v":"plural"},"n"]},{"$i":"inputCodePukRetriesLeft","$v":{"few":["Zostávajúce pokusy: ",{"t":"idOrVar","v":"n"}],"many":["Zostávajúce pokusy: ",{"t":"idOrVar","v":"n"}],"one":"Zostávajúce pokusy: 1","other":["Zostávajúce pokusy: ",{"t":"idOrVar","v":"n"}],"two":["Zostávajúce pokusy: ",{"t":"idOrVar","v":"n"}]},"$x":[{"t":"idOrVar","v":"plural"},"n"]},{"$i":"pin-label","$v":"PIN (SIM)"},{"$i":"enter-pin","$v":"Zadajte PIN karty SIM"},{"$i":"sim1-enter-pin","$v":"Zadajte kód PIN pre SIM1"},{"$i":"sim2-enter-pin","$v":"Zadajte kód PIN pre SIM2"},{"$i":"done","$v":"Hotovo"},{"$i":"enter-puk","$v":"Zadajte PUK"},{"$i":"sim1-enter-puk","$v":"Zadajte kód PUK pre SIM1"},{"$i":"sim2-enter-puk","$v":"Zadajte kód PUK pre SIM2"},{"$i":"puk-label","$v":"PUK"},{"$i":"new-pin-label","$v":"Nový PIN SIM (4 – 8 číslic)"},{"$i":"confirm-new-pin-label","$v":"Potv. nový PIN SIM karty"},{"$i":"pincode-length-error","$v":"PIN (SIM) musí mať 4 až 8 číslic."},{"$i":"pin-final-locked","$v":"Karta SIM je zamknutá."},{"$i":"pin-final-failed-text","$v":"Chcete zadať kód PUK na odomknutie karty SIM?"},{"$i":"sim-locked","$v":"SIM zamknutá"},{"$i":"sim1-locked","$v":"Karta SIM1 zamknutá"},{"$i":"sim2-locked","$v":"Karta SIM2 zamknutá"},{"$i":"new-pin-confirm-error","$v":"Potv. nov. PIN SIM karty zlyh."},{"$i":"puk-final-locked","$v":"Nesprávny PUK."},{"$i":"puk-final-failed-text","$v":"Karta SIM je natrvalo zamknutá. Viac informácií vám poskytne váš operátor."},{"$i":"about-kaios","$v":"O spoločnosti KaiOS"},{"$i":"about-kaios-p1","$v":"Vitajte v KaiOS."},{"$i":"about-kaios-p2","$v":"Naším poslaním je otvoriť príležitosti pre jednotlivcov, ich rodiny a komunity tým, že sa prístup k veľkým digitálnym produktom a službám stane realitou pre všetkých členov spoločnosti."},{"$i":"about-kaios-p3","$v":"Môžete nám pomôcť vylepšiť produkty a služby prostredníctvom automatického odosielania údajov z analýzy. Pozrite si naše zmluvné podmienky ochrany osobných údajov a zistite, ako spracovávame údaje o vašich zariadeniach."},{"$i":"about-kaios-p4","$v":"Tieto nastavenia môžete zmeniť v časti Nastavenia> Súkromie a zabezp.> Informácie o službe KaiOS."},{"$i":"about-kaios-agree","$v":"Chcem pomôcť odoslaním analytických údajov."},{"$i":"about-kaios-age","$v":"Som vo veku nad 16 rokov."},{"$i":"about-kaios-ad","$v":"Použiť moje údaje na zlepšenie zobrazovania reklám."},{"$i":"deselect","$v":"Zrušiť výber"},{"$i":"selectKeyboard","$v":"Vybrať klávesnicu"},{"$i":"send-data-via","$v":"Odoslať dáta cez"},{"$i":"wifi-and-carrier-data","$v":"WiFi a mobilné dáta"},{"$i":"wifi-only","$v":"Len Wi-Fi"},{"$i":"more","$v":"Ďalšie >"},{"$i":"qtn_oobe_high_volume","$v":"Upozorňujeme, že hlasitosť v režime prístupnosti je vysoká."},{"$i":"qtn_oobe_enter","$v":"Stále chcete aktivovať režim prístupnosti?"},{"$i":"qtn_oobe_hdr_senior_mode","$v":"Režim prístupnosti"},{"$i":"qtn_oobe_hdr_ICE","$v":"Tiesňové informácie"},{"$i":"qtn_oobe_rem_create_ICE","$v":"Nastavte si tiesňové informácie, ktoré vám pomôžu v prípade núdze."},{"$i":"qtn_oobe_set_ICE_contact","$v":"Po zapnutí zariadenia"},{"$i":"qtn_oobe_btn_ICE_info","$v":"Vytvoriť tiesňové informácie"},{"$i":"qtn-privacy-terms-welcome","$v":"Uvítanie"},{"$i":"qtn-privacy-policy-description-1","$v":["Ďakujeme, že ste si vybrali telefón ",{"t":"idOrVar","v":"WDM"},"."]},{"$i":"qtn-privacy-policy-description-2","$v":"Vaše používanie služieb a aplikácií HMD Global vo vašom zariadení podlieha zásadám ochrany osobných údajov spoločnosti HMD Global, ktoré sú dostupné na adrese www.nokia.com/mobile-privacy."},{"$i":"qtn-privacy-policy-description-3","$v":["Využívanie softvéru, služieb a aplikácií spoločnosti KaiOS vo vašom zariadení sa riadi licenčnou zmluvou s koncovým používateľom a prehlásením spoločnosti KaiOS o ochrane osobných údajov, ktoré nájdete na adrese ",{"t":"idOrVar","v":"WDM"},"."]},{"$i":"qtn-privacy-policy-description-4","$v":{"$o":"Pri aktivácii zariadenia budú spoločnosti KAI & HMD zaslané jednorazové informácie o polohe zariadenia spoločne s jedinečnými informáciami o zariadení a sieti."}},{"$i":"qtn-privacy-policy-description-5","$v":"Tieto informácie nám pomáhajú lepšie reagovať na dopyt vo vašej krajine, zabezpečovať aktualizácie softvérov, poskytovať podporu zákazníkom a aktivovať služby."},{"$i":"qtn-privacy-policy-description-6","$v":"Môžu byť účtované poplatky za prenos dát."},{"$i":"qtn-privacy-policy-description-7","$v":"Pri použití rôznych funkcií zariadenia sa môžu zobraziť upozornenia týkajúce sa ochrany osobných údajov alebo iné upozornenia."},{"$i":"data-connectivity","$v":"Výstražná správa"},{"$i":"data-message","$v":"Sprievodca nastavením bude môcť počas úvodného nastavenia smartfónu použiť mobilnú sieť na prenos dát."}]