[{"$i":"wifi","$v":"Izberite omrežje"},{"$i":"ssid","$v":"SSID"},{"$i":"no-wifi-found","$v":"Ni razpoložljivih omrežij"},{"$i":"wifi-searching","$v":"Iskanje omrežij ..."},{"$i":"security-open","$v":"Odpri"},{"$i":"shortStatus-connecting","$v":"Povezovanje …"},{"$i":"shortStatus-associated","$v":"Pridobivanje nasl. IP ..."},{"$i":"shortStatus-authenticating","$v":"Preverjanje pristnosti ..."},{"$i":"shortStatus-connected","$v":"Povezano"},{"$i":"shortStatus-connectingfailed","$v":"Povezava ni uspela"},{"$i":"shortStatus-disconnected","$v":"Brez povezave"},{"$i":"shortStatus-connected-no-internet","$v":"Povezano, ni internetne povezave"},{"$i":"securityWEP","$v":"WEP"},{"$i":"securityWPA-PSK","$v":"WPA-PSK"},{"$i":"securityWPA-EAP","$v":"WPA-EAP"},{"$i":"securityWPA2-PSK","$v":"WPA2-PSK"},{"$i":"securityWPA/WPA2-PSK","$v":"WPA/WPA2-PSK"},{"$i":"securedBy","$v":[{"t":"idOrVar","v":"capabilities"}]},{"$i":"securedByWay","$v":["Varn. zagot. ",{"t":"idOrVar","v":"capabilities"}]},{"$i":"security","$v":"Varnost"},{"$i":"signalStrength","$v":"Moč signala"},{"$i":"signalLevel0","$v":"Zelo šibek"},{"$i":"signalLevel1","$v":"Šibek"},{"$i":"signalLevel2","$v":"Povprečna"},{"$i":"signalLevel3","$v":"Dobro"},{"$i":"signalLevel4","$v":"Zelo dober"},{"$i":"ipAddress","$v":"Naslov IP"},{"$i":"linkSpeed","$v":"Hitrost povezave"},{"$i":"linkSpeedMbs","$v":[{"t":"idOrVar","v":"linkSpeed"}," Mbit/s"]},{"$i":"wifi-rescan","$v":"Preišči znova"},{"$i":"wifi-join-fail","$v":["Vzpostavitev povezave z omrežjem ",{"t":"idOrVar","v":"n"}," ni mogoča."]},{"$i":"wifi-connect-fail","$v":["Nepravilno geslo za ",{"t":"idOrVar","v":"n"},"."]},{"$i":"wifi-ip-set-fail","$v":"Nastavitve IP-ja niso uspele."},{"$i":"wifi-pw-length-error","$v":"Gesl. mora biti dalj. od 8 znakov."},{"$i":"password","$v":"Geslo"},{"$i":"showPassword","$v":"Pokaži geslo"},{"$i":"connect","$v":"Poveži"},{"$i":"rescanCompleted","$v":"Vnovično iskanje je dokončano."},{"$i":"failedToConnect","$v":"Povezava ni uspela"},{"$i":"select","$v":"Izberi"},{"$i":"skip","$v":"Preskoči"},{"$i":"next","$v":"Naprej"},{"$i":"accept","$v":"Sprejmem"},{"$i":"cancel","$v":"Prekliči"},{"$i":"ok","$v":"V redu"},{"$i":"notNow","$v":"Ne zdaj"},{"$i":"forget","$v":"Pozabi"},{"$i":"confirmation","$v":"Potrditev"},{"$i":"forget-network","$v":"Želite pozabiti omrežje?"},{"$i":"network-forgotten","$v":"Omrežje je pozabljeno."},{"$i":"hfa","$v":"HFA"},{"$i":"setup-phone-verification","$v":"Preverjanje telefona"},{"$i":"phone-verification-entry-message","$v":"Nastavite račun za dostop do trgovine in dodatnih storitev tako, da potrdite svojo številko."},{"$i":"phone-verification-skip-message","$v":"Preverjanje telefona ni dokončano. Preverite ga lahko pozneje v Nastavitve > Račun. Preveritev je potrebna za dostop do Trgovine in dodatnih storitev."},{"$i":"setup-account","$v":"Nastavite račun KaiOS"},{"$i":"create-account-li","$v":"Ustvari račun"},{"$i":"login-account-li","$v":"Prijava"},{"$i":"account-setup-message","$v":"Varno shranite svoje podatke v računu KaiOS. Če izgubite telefon, ga boste lahko z računom KaiOS na daljavo zaklenili ali izbrisali vse podatke v njem. Račun KaiOS lahko nastavite tudi pozneje v nastavitvah."},{"$i":"sign-in-success","$v":"Prijava je bila uspešna"},{"$i":"account-welcome","$v":"Pozdravljeni"},{"$i":"logged-in-message","$v":[{"t":"idOrVar","v":"email"}]},{"$i":"anti-theft","$v":"Zaščita pred krajo"},{"$i":"anti-theft-info","$v":"Upamo, da telefona ne boste nikdar izgubili. Če pa se to vseeno zgodi, lahko zaščitite svoje podatke s funkcijama zaklepanja in izbrisa na daljavo. Ko boste pripravljeni, odprite nastavitve in vzpostavite račun KaiOS."},{"$i":"companion-phone","$v":"Spremljevalni telefon"},{"$i":"companion-phone-info","$v":"V pametni telefon namestite spremljevalno aplikacijo KaiOS, da sinhronizirate stike in prenesete datoteke med primarno napravo in telefonom s sistemom KaiOS."},{"$i":"select-language","$v":"Izberite jezik"},{"$i":"language-current","$v":"Trenutni"},{"$i":"language-readout-on","$v":"Branje na glas je vkloplj."},{"$i":"language-readout-off","$v":"Branje na glas je izkloplj."},{"$i":"decline-info","$v":"Če želite uporabljati to napravo, morate sprejeti pogoje in določila."},{"$i":"kaios-license","$v":"Licenčni pogoji za KaiOS"},{"$i":"decline","$v":"Zavrni"},{"$i":"privacy-confirm","$v":"Če pritisnete »Sprejmem«, se strinjate z licenčnimi pogoji in pravilnikom o zasebnosti za KaiOS."},{"$i":"open-url","$v":"ODPRI URL"},{"$i":"lyf-license","$v":"Licenčni pogoji za LYF"},{"$i":"emergency","$v":"V sili"},{"$i":"pin-incorrect","$v":"Nepravilna koda PIN."},{"$i":"puk-incorrect","$v":"Nepravilna koda PUK."},{"$i":"inputCodeRetriesLeft","$v":{"few":[{"t":"idOrVar","v":"n"}," preostali poskusi."],"many":[{"t":"idOrVar","v":"n"}," preostalih poskusov."],"one":"(Nepravilna koda PIN. Preostal je 1 poskus.)","other":[{"t":"idOrVar","v":"n"}," preostalih poskusov."],"two":["(Nepravilna koda PIN. Preostala sta ",{"t":"idOrVar","v":"n"}," poskusa.)"]},"$x":[{"t":"idOrVar","v":"plural"},"n"]},{"$i":"inputCodePukRetriesLeft","$v":{"few":[{"t":"idOrVar","v":"n"}," preostali poskusi."],"many":[{"t":"idOrVar","v":"n"}," preostalih poskusov."],"one":"1 preostali poskus.","other":[{"t":"idOrVar","v":"n"}," preostalih poskusov."],"two":[{"t":"idOrVar","v":"n"}," preostala poskusa."]},"$x":[{"t":"idOrVar","v":"plural"},"n"]},{"$i":"pin-label","$v":"Koda PIN za kartico SIM"},{"$i":"enter-pin","$v":"Vnesite PIN za SIM"},{"$i":"sim1-enter-pin","$v":"Vnesite kodo PIN za SIM1"},{"$i":"sim2-enter-pin","$v":"Vnesite kodo PIN za SIM2"},{"$i":"done","$v":"Dokončano"},{"$i":"enter-puk","$v":"Vnesite PUK"},{"$i":"sim1-enter-puk","$v":"Vnesite kodo PUK za SIM1"},{"$i":"sim2-enter-puk","$v":"Vnesite kodo PUK za SIM2"},{"$i":"puk-label","$v":"PUK"},{"$i":"new-pin-label","$v":"Nov PIN za SIM (4–8 števk)"},{"$i":"confirm-new-pin-label","$v":"Potrdite novo PIN za kar. SIM"},{"$i":"pincode-length-error","$v":"PIN za SIM ima 4–8 števk."},{"$i":"pin-final-locked","$v":"Kartica SIM je zaklenjena."},{"$i":"pin-final-failed-text","$v":"Želite vnesti kodo PUK za odklepanje kartice SIM?"},{"$i":"sim-locked","$v":"Kartica SIM je zaklenjena"},{"$i":"sim1-locked","$v":"Zaklenjena Kartica SIM1"},{"$i":"sim2-locked","$v":"Zaklenjena Kartica SIM2"},{"$i":"new-pin-confirm-error","$v":"Novi PIN za SIM ni potrjen."},{"$i":"puk-final-locked","$v":"Nepravilna koda PUK."},{"$i":"puk-final-failed-text","$v":"Vaša kartica SIM je trajno zaklenjena. Za več informacij se obrnite na operaterja."},{"$i":"about-kaios","$v":"O KaiOSu"},{"$i":"about-kaios-p1","$v":"Dobrodošli v KaiOS."},{"$i":"about-kaios-p2","$v":"Naše poslanstvo je, da se posameznikom, njihovim družinam in skupnostim omogočijo priložnosti za dostop do velikih digitalnih izdelkov in storitev za vse člane družbe."},{"$i":"about-kaios-p3","$v":"Lahko nam pomagate izboljšati izdelke in storitve s samodejnim pošiljanjem analitičnih podatkov. Oglejte si naše pogoje zasebnosti, če želite izvedeti, kako obdelujemo podatke v napravah."},{"$i":"about-kaios-p4","$v":"Te nastavitve lahko spremenite v Nastavitve> Zasebnost in varnost> O KaiOS-u."},{"$i":"about-kaios-agree","$v":"Želim vam pomagati s pošiljanjem analitičnih podatkov."},{"$i":"about-kaios-age","$v":"Sem starejša od 16 let."},{"$i":"about-kaios-ad","$v":"Uporabi moje podatke za izboljšanje moje izkušnje z oglasi."},{"$i":"deselect","$v":"Prekliči izbor"},{"$i":"selectKeyboard","$v":"Izberite tipkovnico"},{"$i":"send-data-via","$v":"Pošlji podatke prek"},{"$i":"wifi-and-carrier-data","$v":"WiFi in mobilni podatki"},{"$i":"wifi-only","$v":"Samo Wi-Fi"},{"$i":"more","$v":"Več >"},{"$i":"qtn_oobe_high_volume","$v":"Bodite pozorni na veliko glasnost v načinu za dostopnost."},{"$i":"qtn_oobe_enter","$v":"Ali še vedno želite vklopiti način za dostopnost?"},{"$i":"qtn_oobe_hdr_senior_mode","$v":"Način za dostopnost"},{"$i":"qtn_oobe_hdr_ICE","$v":"Podatki o stikih za nujne primere"},{"$i":"qtn_oobe_rem_create_ICE","$v":"Navedite podatke o stikih za nujne primere, ki bodo v pomoč v nujnih situacijah."},{"$i":"qtn_oobe_set_ICE_contact","$v":"Po zagonu naprave"},{"$i":"qtn_oobe_btn_ICE_info","$v":"Vnesite podatke o stikih za nujne primere"},{"$i":"qtn-privacy-terms-welcome","$v":"Pozdravljeni"},{"$i":"qtn-privacy-policy-description-1","$v":["Hvala, ker ste izbrali telefon ",{"t":"idOrVar","v":"WDM"},"."]},{"$i":"qtn-privacy-policy-description-2","$v":"Vašo uporabo storitev in aplikacij družbe HMD Global v vaši napravi ureja pravilnik o zasebnosti družbe HMD Global, ki ga lahko preberete na www.nokia.com/mobile-privacy."},{"$i":"qtn-privacy-policy-description-3","$v":["Vašo uporabo programske opreme, storitev in aplikacij KaiOS v vaši napravi urejajo licenčni pogoji za končnega uporabnika in pogoji zasebnosti, ki jih lahko preberete na ",{"t":"idOrVar","v":"WDM"},"."]},{"$i":"qtn-privacy-policy-description-4","$v":{"$o":"Informacije o aktiviranju naprave z enkratnim podatkom o lokaciji naprave ter enolični podatki o vaši napravi in omrežju bodo poslani družbi KAI & HMD."}},{"$i":"qtn-privacy-policy-description-5","$v":"Te informacije nam pomagajo zagotavljati boljše storitve v vaši državi, prenos posodobitev programske opreme, podporo za stranke in storitve aktivacije."},{"$i":"qtn-privacy-policy-description-6","$v":"Morda bodo nastali stroški prenosa podatkov."},{"$i":"qtn-privacy-policy-description-7","$v":"Med uporabo funkcij naprave se bodo morda prikazala obvestila glede zasebnosti in druga obvestila."},{"$i":"data-connectivity","$v":"Sporočilo opozorila"},{"$i":"data-message","$v":"Čarovnik za nastavitev bo med začetno nastavitvijo pametnega telefona morda prenašal podatke prek mobilnega omrežja."}]