[{"$i":"wifi","$v":"Zgjidh një rrjet"},{"$i":"ssid","$v":"SSID"},{"$i":"no-wifi-found","$v":"Nuk ka rrjete të lira"},{"$i":"wifi-searching","$v":"Po kërkohet për rrjete…"},{"$i":"security-open","$v":"Hap"},{"$i":"shortStatus-connecting","$v":"Po lidhet…"},{"$i":"shortStatus-associated","$v":"Po merret një adresë IP…"},{"$i":"shortStatus-authenticating","$v":"Po autentikohet…"},{"$i":"shortStatus-connected","$v":"Lidhur"},{"$i":"shortStatus-connectingfailed","$v":"Nuk u lidh dot"},{"$i":"shortStatus-disconnected","$v":"Jashtë linje"},{"$i":"shortStatus-connected-no-internet","$v":"Lidhur, nuk ka internet"},{"$i":"securityWEP","$v":"WEP"},{"$i":"securityWPA-PSK","$v":"WPA-PSK"},{"$i":"securityWPA-EAP","$v":"WPA-EAP"},{"$i":"securityWPA2-PSK","$v":"WPA2-PSK"},{"$i":"securityWPA/WPA2-PSK","$v":"WPA/WPA2-PSK"},{"$i":"securedBy","$v":[{"t":"idOrVar","v":"capabilities"}]},{"$i":"securedByWay","$v":["Sigu. nga ",{"t":"idOrVar","v":"capabilities"}]},{"$i":"security","$v":"Siguria"},{"$i":"signalStrength","$v":"Fuqia e sinjalit"},{"$i":"signalLevel0","$v":"Shumë dobët"},{"$i":"signalLevel1","$v":"I dobët"},{"$i":"signalLevel2","$v":"Mesatare"},{"$i":"signalLevel3","$v":"Mirë"},{"$i":"signalLevel4","$v":"Shumë mirë"},{"$i":"ipAddress","$v":"Adresa IP"},{"$i":"linkSpeed","$v":"Shpejtësia e lidhjes"},{"$i":"linkSpeedMbs","$v":[{"t":"idOrVar","v":"linkSpeed"}," Mbit/s"]},{"$i":"wifi-rescan","$v":"Riskano"},{"$i":"wifi-join-fail","$v":["Nuk hyn dot në rrjetin ",{"t":"idOrVar","v":"n"},"."]},{"$i":"wifi-connect-fail","$v":["Fjalëkalim i gabuar për ",{"t":"idOrVar","v":"n"},"."]},{"$i":"wifi-ip-set-fail","$v":"Cilësimet e IP pa sukses."},{"$i":"wifi-pw-length-error","$v":"Fjalëkalimi duhet të jetë mbi 8 germa."},{"$i":"password","$v":"Fjalëkalimi"},{"$i":"showPassword","$v":"Shfaq fjalëkalimin"},{"$i":"connect","$v":"Lidhu"},{"$i":"rescanCompleted","$v":"Riskanimi u krye."},{"$i":"failedToConnect","$v":"Nuk u lidh dot"},{"$i":"select","$v":"Zgjidh"},{"$i":"skip","$v":"Anashkalo"},{"$i":"next","$v":"Tjetër"},{"$i":"accept","$v":"Prano"},{"$i":"cancel","$v":"Anulo"},{"$i":"ok","$v":"OK"},{"$i":"notNow","$v":"Jo tani"},{"$i":"forget","$v":"Harro"},{"$i":"confirmation","$v":"Konfirmimi"},{"$i":"forget-network","$v":"Të harrohet rrjeti?"},{"$i":"network-forgotten","$v":"Rrjeti u harrua."},{"$i":"hfa","$v":"HFA"},{"$i":"setup-phone-verification","$v":"Verifikimi i telefonit"},{"$i":"phone-verification-entry-message","$v":"Konfiguro një llogari duke verifikuar numrin për të hyrë te dyqani dhe shërbimet e tjera suplementare."},{"$i":"phone-verification-skip-message","$v":"Verifikimi i telefonit tënd nuk ka përfunduar. Mund ta verifikosh më vonë te \"Cilësimet > Llogaria\". Nevojitet verifikim për të hyrë në \"Store\" dhe shërbime të tjera."},{"$i":"setup-account","$v":"Krijo llogari në \"KaiOS"},{"$i":"create-account-li","$v":"Krijo llogari"},{"$i":"login-account-li","$v":"Identifikohu"},{"$i":"account-setup-message","$v":"Mbaji informacionet të sigurta me një llogari në \"KaiOS\". Nëse të humbet telefoni, llogaria në \"KaiOS\" të mundëson bllokimin në distancë ose fshirjen e të gjitha të dhënave të tij. Llogarinë në \"KaiOS\" mund ta krijosh gjithashtu më vonë te \"Cilësimet\"."},{"$i":"sign-in-success","$v":"Identifikimi me sukses"},{"$i":"account-welcome","$v":"Mirë se vjen"},{"$i":"logged-in-message","$v":[{"t":"idOrVar","v":"email"}]},{"$i":"anti-theft","$v":"Sistemi kundër vjedhjes"},{"$i":"anti-theft-info","$v":"Shpresojmë të mos e humbësh kurrë telefonin, por nëse ndodh, mund t'i mbrosh të dhënat me funksionet e kyçjes dhe të fshirjes nga distanca. Kur të jesh gati, kalo te \"Cilësimet\" për të konfiguruar llogarinë tënde në \"KaiOS\"."},{"$i":"companion-phone","$v":"Telefoni shoqërues"},{"$i":"companion-phone-info","$v":"Instalo aplikacionin shoqërues KaiOS në smarfon për të sinkronizuar kontaktet dhe për të transferuar skedarët midis pajisjes sate kryesore dhe telefonit me KaiOS."},{"$i":"select-language","$v":"Zgjidh gjuhën"},{"$i":"language-current","$v":"Aktual"},{"$i":"language-readout-on","$v":"Leximi me zë\" aktiv"},{"$i":"language-readout-off","$v":"Leximi me zë\" joaktiv"},{"$i":"decline-info","$v":"Për të përdorur pajisjen nevojitet pranimi i kushteve."},{"$i":"kaios-license","$v":"Kushtet e lejepërdorimi \"KaiOS"},{"$i":"decline","$v":"Refuzo"},{"$i":"privacy-confirm","$v":"Duke shtypur \"Prano\", ti bie dakord me politikën e privatësisë dhe kushtet e licencës së \"KaiOS\"."},{"$i":"open-url","$v":"HAP URL"},{"$i":"lyf-license","$v":"Kushtet e lejepërdorimit LYF"},{"$i":"emergency","$v":"Emergjencë"},{"$i":"pin-incorrect","$v":"PIN i gabuar."},{"$i":"puk-incorrect","$v":"PUK i gabuar."},{"$i":"inputCodeRetriesLeft","$v":{"few":[{"t":"idOrVar","v":"n"}," tentativa të mbetura."],"many":[{"t":"idOrVar","v":"n"}," tentativa të mbetura."],"one":"(PIN i gabuar. Edhe 1 përpjekje.)","other":[{"t":"idOrVar","v":"n"}," tentativa të mbetura."],"two":["(PIN i gabuar. Edhe ",{"t":"idOrVar","v":"n"}," përpjekje.)"]},"$x":[{"t":"idOrVar","v":"plural"},"n"]},{"$i":"inputCodePukRetriesLeft","$v":{"few":[{"t":"idOrVar","v":"n"}," tentativa të mbetura."],"many":[{"t":"idOrVar","v":"n"}," tentativa të mbetura."],"one":"1 tentativë e mbetur.","other":[{"t":"idOrVar","v":"n"}," tentativa të mbetura."],"two":[{"t":"idOrVar","v":"n"}," tentativa të mbetura."]},"$x":[{"t":"idOrVar","v":"plural"},"n"]},{"$i":"pin-label","$v":"PIN i SIM"},{"$i":"enter-pin","$v":"Jep PIN e SIM"},{"$i":"sim1-enter-pin","$v":"Jep PIN e SIM1"},{"$i":"sim2-enter-pin","$v":"Jep PIN e SIM2"},{"$i":"done","$v":"U krye"},{"$i":"enter-puk","$v":"Jep PUK"},{"$i":"sim1-enter-puk","$v":"Jep PUK e SIM1"},{"$i":"sim2-enter-puk","$v":"Jep PUK e SIM2"},{"$i":"puk-label","$v":"PUK"},{"$i":"new-pin-label","$v":"PIN i ri i SIM (4-8 shifra)"},{"$i":"confirm-new-pin-label","$v":"Konf. PIN e ri SIM"},{"$i":"pincode-length-error","$v":"PIN i SIM me 4-8 shifra."},{"$i":"pin-final-locked","$v":"Karta SIM është e bllokuar."},{"$i":"pin-final-failed-text","$v":"Dëshiron të japësh kodin PUK për të shkyçur kartën SIM?"},{"$i":"sim-locked","$v":"SIM i bllokuar"},{"$i":"sim1-locked","$v":"SIM1 i kyçur"},{"$i":"sim2-locked","$v":"SIM2 i kyçur"},{"$i":"new-pin-confirm-error","$v":"Konfirmimi PIN të ri të SIM pa sukses."},{"$i":"puk-final-locked","$v":"PUK i gabuar."},{"$i":"puk-final-failed-text","$v":"Karta SIM të është e kyçur përfundimisht. Kontakto me operatorin për më tepër informacion."},{"$i":"about-kaios","$v":"Rreth KaiOS"},{"$i":"about-kaios-p1","$v":"Mirë se vjen te KaiOS!"},{"$i":"about-kaios-p2","$v":"Misioni ynë është që të hapim mundësi për individë, familje dhe komunitete duke u bërë qasje në produkte dhe shërbime të shkëlqyera dixhitale një realitet për të gjithë anëtarët e shoqërisë."},{"$i":"about-kaios-p3","$v":"Ju mund të na ndihmoni të përmirësojmë produktet dhe shërbimet duke dërguar automatikisht të dhëna analitike. Shihni kushtet tona të privatësisë për të mësuar se si i trajtojmë të dhënat në pajisjet e tua."},{"$i":"about-kaios-p4","$v":"Këto cilësime mund t'i ndryshoni në Cilësimet> Privatësia dhe siguria> Rreth KaiOS."},{"$i":"about-kaios-agree","$v":"Unë dua të ndihmoj duke dërguar të dhëna analitike."},{"$i":"about-kaios-age","$v":"Unë jam mbi moshën 16 vjeç."},{"$i":"about-kaios-ad","$v":"Përdor të dhënat e mia për të përmirësuar reklamimin."},{"$i":"deselect","$v":"Çzgjidh"},{"$i":"selectKeyboard","$v":"Zgjidh tastierë"},{"$i":"send-data-via","$v":"Dërgo të dhëna përmes"},{"$i":"wifi-and-carrier-data","$v":"Të dhënat Wi-Fi dhe celulare"},{"$i":"wifi-only","$v":"vetëm \"Wi-Fi"},{"$i":"more","$v":"Më shumë >"},{"$i":"qtn_oobe_high_volume","$v":"Kushtoji vëmendje volumit të lartë në modalitetin e asistencës."},{"$i":"qtn_oobe_enter","$v":"Të hapet gjithsesi modaliteti i asistencës?"},{"$i":"qtn_oobe_hdr_senior_mode","$v":"Modaliteti i asistencës"},{"$i":"qtn_oobe_hdr_ICE","$v":"Informacioni ICE "},{"$i":"qtn_oobe_rem_create_ICE","$v":"Krijo detajet e tua të informacionit ICE, që do të të ndihmojnë në rast emergjence."},{"$i":"qtn_oobe_set_ICE_contact","$v":"Pas ndezjes së pajisjes,"},{"$i":"qtn_oobe_btn_ICE_info","$v":"Krijo informacionin ICE"},{"$i":"qtn-privacy-terms-welcome","$v":"Mirë se vjen"},{"$i":"qtn-privacy-policy-description-1","$v":["Faleminderit që zgjodhe ",{"t":"idOrVar","v":"WDM"},"."]},{"$i":"qtn-privacy-policy-description-2","$v":"Përdorimi i shërbimeve dhe aplikacioneve të HMD Global në pajisjen tënde rregullohet nga politika e privatësisë së HMD Global, e cila gjendet në www.nokia.com/mobile-privacy."},{"$i":"qtn-privacy-policy-description-3","$v":["Përdorimi nga ana jote i softuerit, shërbimeve dhe aplikacioneve të \"KaiOS\" në pajisjen tënde rregullohet nga marrëveshja e licencës së përdoruesit fundor (EULA) dhe kushtet e privatësisë së \"KaiOS\", të cilat gjenden në ",{"t":"idOrVar","v":"WDM"},"."]},{"$i":"qtn-privacy-policy-description-4","$v":{"$o":"Informacioni i aktivizimit të pajisjes bashkë me mesazhin e lokalizimit të pajisjes, i dërguar vetëm një herë, dhe informacioni i rrjetit dhe pajisjes tënde unike do t'i dërgohen \"KAI & HMD\"."}},{"$i":"qtn-privacy-policy-description-5","$v":"Ky informacion na mundëson që të përmbushim më mirë kërkesat në vendin tënd, të ofrojmë përditësime të softuerit, mbështetje për klientin dhe të aktivizojmë shërbime."},{"$i":"qtn-privacy-policy-description-6","$v":"Mund të ketë tarifim të dhënash."},{"$i":"qtn-privacy-policy-description-7","$v":"Kur përdor veçori të tjera të pajisjes tënde, mund të ofrohen njoftime privatësie ose të tjera."},{"$i":"data-connectivity","$v":"Mesazh paralajmërues"},{"$i":"data-message","$v":"Eksperti i konfigurimit mundëson përdorimin e të dhënave në rrjetin celular gjatë konfigurimit fillestar të telefonit inteligjent."}]