[{"$i":"wifi","$v":"Odaberi mrežu"},{"$i":"ssid","$v":"SSID"},{"$i":"no-wifi-found","$v":"Nema dostupne mreže"},{"$i":"wifi-searching","$v":"Pretraga mreža…"},{"$i":"security-open","$v":"Otvori"},{"$i":"shortStatus-connecting","$v":"Povezivanje…"},{"$i":"shortStatus-associated","$v":"Dob. IP adr.…"},{"$i":"shortStatus-authenticating","$v":"Provera…"},{"$i":"shortStatus-connected","$v":"Povezano"},{"$i":"shortStatus-connectingfailed","$v":"Povezivanje nije uspelo"},{"$i":"shortStatus-disconnected","$v":"Van mreže"},{"$i":"shortStatus-connected-no-internet","$v":"Povezano, nema interneta"},{"$i":"securityWEP","$v":"WEP"},{"$i":"securityWPA-PSK","$v":"WPA-PSK"},{"$i":"securityWPA-EAP","$v":"WPA-EAP"},{"$i":"securityWPA2-PSK","$v":"WPA2-PSK"},{"$i":"securityWPA/WPA2-PSK","$v":"WPA/WPA2-PSK"},{"$i":"securedBy","$v":[{"t":"idOrVar","v":"capabilities"}]},{"$i":"securedByWay","$v":["Zašt. sa ",{"t":"idOrVar","v":"capabilities"}]},{"$i":"security","$v":"Zaštita"},{"$i":"signalStrength","$v":"Jačina signala"},{"$i":"signalLevel0","$v":"Veoma slab"},{"$i":"signalLevel1","$v":"Slab"},{"$i":"signalLevel2","$v":"Prosečno"},{"$i":"signalLevel3","$v":"Dobar"},{"$i":"signalLevel4","$v":"Veoma dobar"},{"$i":"ipAddress","$v":"IP adresa"},{"$i":"linkSpeed","$v":"Brzina veze"},{"$i":"linkSpeedMbs","$v":[{"t":"idOrVar","v":"linkSpeed"}," Mbit/s"]},{"$i":"wifi-rescan","$v":"Ponovno skeniranje"},{"$i":"wifi-join-fail","$v":["Pridruživanje mreži ",{"t":"idOrVar","v":"n"}," nije moguće."]},{"$i":"wifi-connect-fail","$v":["Netačna lozinka za ",{"t":"idOrVar","v":"n"},"."]},{"$i":"wifi-ip-set-fail","$v":"Podešavanje IP adrese nije uspelo."},{"$i":"wifi-pw-length-error","$v":"Loz. mora biti duža od 8 znak."},{"$i":"password","$v":"Lozinka"},{"$i":"showPassword","$v":"Prikaži lozinku"},{"$i":"connect","$v":"Poveži se"},{"$i":"rescanCompleted","$v":"Ponovno skeniranje je dovršeno."},{"$i":"failedToConnect","$v":"Povezivanje nije uspelo"},{"$i":"select","$v":"Odaberi"},{"$i":"skip","$v":"Preskoči"},{"$i":"next","$v":"Sledeće"},{"$i":"accept","$v":"Prihvati"},{"$i":"cancel","$v":"Otkaži"},{"$i":"ok","$v":"OK"},{"$i":"notNow","$v":"Ne sada"},{"$i":"forget","$v":"Zaboravi"},{"$i":"confirmation","$v":"Potvrda"},{"$i":"forget-network","$v":"Zaboraviti mrežu?"},{"$i":"network-forgotten","$v":"Mreža zaboravljena."},{"$i":"hfa","$v":"HFA"},{"$i":"setup-phone-verification","$v":"Verifikacija telefona"},{"$i":"phone-verification-entry-message","$v":"Podesite nalog verifikacijom broja za pristup prodavnici i dodatnim uslugama."},{"$i":"phone-verification-skip-message","$v":"Verifikacija telefona nije potpuna. Možete verifikovati kasnije u Podešavanja > Nalog. Verifikacija je potrebna za pristup Prodavnici i dodatnim uslugama."},{"$i":"setup-account","$v":"Podešavanje KaiOS naloga"},{"$i":"create-account-li","$v":"Kreiraj nalog"},{"$i":"login-account-li","$v":"Prijava"},{"$i":"account-setup-message","$v":"Zaštite svoje informacije pomoću KaiOS naloga. Ako bilo kada izgubite svoj telefon, vaš KaiOS nalog će vam omogućiti da daljinski zaključate ili izbrišete sve podatke na telefonu. Takođe možete kasnije da podesite KaiOS u podešavanjima."},{"$i":"sign-in-success","$v":"Prijava je uspešna"},{"$i":"account-welcome","$v":"Dobro došli"},{"$i":"logged-in-message","$v":[{"t":"idOrVar","v":"email"}]},{"$i":"anti-theft","$v":"Zaštita od krađe"},{"$i":"anti-theft-info","$v":"Nadamo se da nikad nećete izgubiti telefon, ali ako ga izgubite, možemo da zaštitimo vaše podatke pomoću naših funkcija daljinskog zaključavanja i brisanja. Kada budete spremni, idite u Podešavanja da biste podesili svoj KaiOS nalog."},{"$i":"companion-phone","$v":"Prateći telefon"},{"$i":"companion-phone-info","$v":"Instalirajte KaiOS prateću aplikaciju na pametnom telefonu da biste sinhronizovali kontakte i prenosili datoteke između primarnog uređaja i telefona koji ima KaiOS."},{"$i":"select-language","$v":"Odaberi jezik"},{"$i":"language-current","$v":"Trenutno"},{"$i":"language-readout-on","$v":"Čitanje je uključeno"},{"$i":"language-readout-off","$v":"Čitanje je isključeno"},{"$i":"decline-info","$v":"Prihvatanje Odredbi i uslova je obavezno da bi se mogao koristiti ovaj uređaj."},{"$i":"kaios-license","$v":"KaiOS uslovi licenciranja"},{"$i":"decline","$v":"Odbij"},{"$i":"privacy-confirm","$v":"Pritiskom na dugmem „Prihvati“ prihvatili ste KaiOS uslove licenciranja i pravila privatnosti."},{"$i":"open-url","$v":"OTVORI URL ADRESU"},{"$i":"lyf-license","$v":"LYF uslovi licenciranja"},{"$i":"emergency","$v":"Hitan slučaj"},{"$i":"pin-incorrect","$v":"Netačan PIN."},{"$i":"puk-incorrect","$v":"Netačan PUK."},{"$i":"inputCodeRetriesLeft","$v":{"few":["Preostalo pokušaja: ",{"t":"idOrVar","v":"n"},"."],"many":["Preostalo pokušaja: ",{"t":"idOrVar","v":"n"},"."],"one":"1 pokušaj preostao.","other":["Preostalo pokušaja: ",{"t":"idOrVar","v":"n"},"."],"two":["Preostalo pokušaja: ",{"t":"idOrVar","v":"n"},"."]},"$x":[{"t":"idOrVar","v":"plural"},"n"]},{"$i":"inputCodePukRetriesLeft","$v":{"few":["Preostalo pokušaja: ",{"t":"idOrVar","v":"n"},"."],"many":["Preostalo pokušaja: ",{"t":"idOrVar","v":"n"},"."],"one":"1 pokušaj preostao.","other":["Preostalo pokušaja: ",{"t":"idOrVar","v":"n"},"."],"two":["Preostalo pokušaja: ",{"t":"idOrVar","v":"n"},"."]},"$x":[{"t":"idOrVar","v":"plural"},"n"]},{"$i":"pin-label","$v":"PIN kod za SIM karticu"},{"$i":"enter-pin","$v":"Unesite PIN kod SIM kartice"},{"$i":"sim1-enter-pin","$v":"Unesite PIN kôd kartice SIM1"},{"$i":"sim2-enter-pin","$v":"Unesite PIN kôd kartice SIM2"},{"$i":"done","$v":"Gotovo"},{"$i":"enter-puk","$v":"Unesite PUK kod"},{"$i":"sim1-enter-puk","$v":"Unesite PUK kôd kartice SIM1"},{"$i":"sim2-enter-puk","$v":"Unesite PUK kôd kartice SIM2"},{"$i":"puk-label","$v":"PUK"},{"$i":"new-pin-label","$v":"Novi SIM PIN (4-8 cifara)"},{"$i":"confirm-new-pin-label","$v":"Pot. novi SIM PIN"},{"$i":"pincode-length-error","$v":"SIM PIN mora biti 4-8 cif."},{"$i":"pin-final-locked","$v":"SIM kartica je zaključana."},{"$i":"pin-final-failed-text","$v":"Želite li da uneste PUK kod za otključavanje SIM kartice?"},{"$i":"sim-locked","$v":"SIM kartica je zaključana"},{"$i":"sim1-locked","$v":"SIM1 zaključan"},{"$i":"sim2-locked","$v":"SIM2 zaključan"},{"$i":"new-pin-confirm-error","$v":"Potv.nov.SIM PIN-a nije usp."},{"$i":"puk-final-locked","$v":"Netačan PUK."},{"$i":"puk-final-failed-text","$v":"Vaša SIM kartica je trajno zaključana. Obratite se operatoru za detaljnije informacije."},{"$i":"about-kaios","$v":"O KaiOS-u"},{"$i":"about-kaios-p1","$v":"Dobro došli u KaiOS."},{"$i":"about-kaios-p2","$v":"Наша мисија је да отворимо могућности за појединце, њихове породице и заједнице, омогућавајући приступ великим дигиталним производима и услугама стварност за све чланове друштва."},{"$i":"about-kaios-p3","$v":"Можете нам помоћи да побољшамо производе и услуге аутоматским слањем аналитичких података. Погледајте наше услове приватности како бисте сазнали како ми радимо податке на вашим уређајима."},{"$i":"about-kaios-p4","$v":"Ова подешавања можете да промените у Подешавањима> Приватност и сигурност> О КаиОС-у."},{"$i":"about-kaios-agree","$v":"Желим да помогнем слањем аналитичких података."},{"$i":"about-kaios-age","$v":"Имам преко 16 година."},{"$i":"about-kaios-ad","$v":"Koristi moje podatke za poboljšanje doživljaja oglašavanja."},{"$i":"deselect","$v":"Poništi izbor"},{"$i":"selectKeyboard","$v":"Izaberi tastaturu"},{"$i":"send-data-via","$v":"Pošalji podatke putem"},{"$i":"wifi-and-carrier-data","$v":"Wi-Fi i mobilne podatke"},{"$i":"wifi-only","$v":"Samo Wi-Fi"},{"$i":"more","$v":"Još >"},{"$i":"qtn_oobe_high_volume","$v":"Obratite pažnju na veliku jačinu tona u režimu za pristupačnost."},{"$i":"qtn_oobe_enter","$v":"Želite li i dalje da pređete u režim za pristupačnost?"},{"$i":"qtn_oobe_hdr_senior_mode","$v":"Režim za pristupačnost"},{"$i":"qtn_oobe_hdr_ICE","$v":"Informacije za hitan slučaj"},{"$i":"qtn_oobe_rem_create_ICE","$v":"Kreirajte informacije za hitan slučaj koje će vam pomoći ukoliko dođe do takvog slučaja."},{"$i":"qtn_oobe_set_ICE_contact","$v":"Nakon pokretanja uređaja,"},{"$i":"qtn_oobe_btn_ICE_info","$v":"Kreiraj informacije za hitan slučaj"},{"$i":"qtn-privacy-terms-welcome","$v":"Dobro došli"},{"$i":"qtn-privacy-policy-description-1","$v":["Hvala vam što ste izabrali ",{"t":"idOrVar","v":"WDM"},"."]},{"$i":"qtn-privacy-policy-description-2","$v":"Vaša upotreba HMD Global usluga i aplikacija na vašem uređaju regulisana je HMD Global Pravilima privatnosti, koja su dostupna na adresi www.nokia.com/mobile-privacy."},{"$i":"qtn-privacy-policy-description-3","$v":["Vaša upotreba KaiOS softvera, usluga i aplikacija na vašem uređaju regulisana KaiOS EULA ugovorom i uslovima privatnosti dostupnim na lokaciji ",{"t":"idOrVar","v":"WDM"},"."]},{"$i":"qtn-privacy-policy-description-4","$v":{"$o":"Informacije o aktivaciji uređaja zajedno s jednokratnom porukom o lokaciji uređaja zajedno sa informacijama koje su jedinstvene za vaš uređaj i mrežu šalju se kompaniji KAI & HMD."}},{"$i":"qtn-privacy-policy-description-5","$v":"Ove informacije nam omogućavaju da bolje zadovoljimo zahteve u vašoj zemlji, obezbedimo ažurirane verzije softvera, korisničku službu za podršku i aktivaciju usluga."},{"$i":"qtn-privacy-policy-description-6","$v":"Mogu nastati troškovi prenosa podataka."},{"$i":"qtn-privacy-policy-description-7","$v":"Obaveštenja o privatnosti ili druga obaveštenja mogu vam biti obezbeđena dok koristite različite funkcije uređaja."},{"$i":"data-connectivity","$v":"Poruka upozorenja"},{"$i":"data-message","$v":"Čarobnjak za podešavanje će možda koristiti podatke preko mobilne mreže tokom početnog podešavanja vašeg smartfona."}]