[{"$i":"wifi","$v":"Välj ett nätverk"},{"$i":"ssid","$v":"SSID"},{"$i":"no-wifi-found","$v":"Inga tillgängliga nätverk"},{"$i":"wifi-searching","$v":"Söker efter nätverk…"},{"$i":"security-open","$v":"Öppna"},{"$i":"shortStatus-connecting","$v":"Ansluter…"},{"$i":"shortStatus-associated","$v":"Skaffar IP-adress…"},{"$i":"shortStatus-authenticating","$v":"Autentiserar…"},{"$i":"shortStatus-connected","$v":"Ansluten"},{"$i":"shortStatus-connectingfailed","$v":"Anslutningen misslyckades"},{"$i":"shortStatus-disconnected","$v":"Offline"},{"$i":"shortStatus-connected-no-internet","$v":"Ansluten, inget internet"},{"$i":"securityWEP","$v":"WEP"},{"$i":"securityWPA-PSK","$v":"WPA-PSK"},{"$i":"securityWPA-EAP","$v":"WPA-EAP"},{"$i":"securityWPA2-PSK","$v":"WPA2-PSK"},{"$i":"securityWPA/WPA2-PSK","$v":"WPA/WPA2-PSK"},{"$i":"securedBy","$v":[{"t":"idOrVar","v":"capabilities"}]},{"$i":"securedByWay","$v":["Skyddad av ",{"t":"idOrVar","v":"capabilities"}]},{"$i":"security","$v":"Säkerhet"},{"$i":"signalStrength","$v":"Signalstyrka"},{"$i":"signalLevel0","$v":"Väldigt svag"},{"$i":"signalLevel1","$v":"Svag"},{"$i":"signalLevel2","$v":"Genomsnitt"},{"$i":"signalLevel3","$v":"Bra"},{"$i":"signalLevel4","$v":"Väldigt bra"},{"$i":"ipAddress","$v":"IP-adress"},{"$i":"linkSpeed","$v":"Länkhastighet"},{"$i":"linkSpeedMbs","$v":[{"t":"idOrVar","v":"linkSpeed"}," Mbit/s"]},{"$i":"wifi-rescan","$v":"Skanna igen"},{"$i":"wifi-join-fail","$v":["Det går inte att ansluta till nätverket ",{"t":"idOrVar","v":"n"},"."]},{"$i":"wifi-connect-fail","$v":["Fel lösenord för ",{"t":"idOrVar","v":"n"},"."]},{"$i":"wifi-ip-set-fail","$v":"IP-inställningar misslyckades."},{"$i":"wifi-pw-length-error","$v":"Lösenordet ska vara längre än 8 tecken."},{"$i":"password","$v":"Lösenord"},{"$i":"showPassword","$v":"Visa lösenord"},{"$i":"connect","$v":"Anslut"},{"$i":"rescanCompleted","$v":"Omskanning har slutförts."},{"$i":"failedToConnect","$v":"Det gick inte att ansluta"},{"$i":"select","$v":"Välj"},{"$i":"skip","$v":"Hoppa över"},{"$i":"next","$v":"Nästa"},{"$i":"accept","$v":"Acceptera"},{"$i":"cancel","$v":"Avbryt"},{"$i":"ok","$v":"OK"},{"$i":"notNow","$v":"Inte nu"},{"$i":"forget","$v":"Glöm"},{"$i":"confirmation","$v":"Bekräftelse"},{"$i":"forget-network","$v":"Glöm nätverk?"},{"$i":"network-forgotten","$v":"Nätverk bortglömt."},{"$i":"hfa","$v":"HFA"},{"$i":"setup-phone-verification","$v":"Telefonverifiering"},{"$i":"phone-verification-entry-message","$v":"Ställ in ett konto genom att verifiera ditt nummer för att komma åt butiken och ytterligare tjänster."},{"$i":"phone-verification-skip-message","$v":"Telefonbekräftelsen är ofullständig. Du kan verifiera senare i Inställningar > Konto. Verifiering behövs för att komma åt Butik och ytterligare tjänster."},{"$i":"setup-account","$v":"Konfig. KaiOS-konto"},{"$i":"create-account-li","$v":"Skapa konto"},{"$i":"login-account-li","$v":"Logga in"},{"$i":"account-setup-message","$v":"Håll din information trygg med ett KaiOS-konto. Om du någon gång tappar bort din telefon gör ditt KaiOS-konto det möjligt att fjärrlåsa och -radera alla data på din telefon. Du kan också ställa in ditt KaiOS-konto senare i inställningar."},{"$i":"sign-in-success","$v":"Inloggning lyckades"},{"$i":"account-welcome","$v":"Välkommen"},{"$i":"logged-in-message","$v":[{"t":"idOrVar","v":"email"}]},{"$i":"anti-theft","$v":"Stöldskydd"},{"$i":"anti-theft-info","$v":"Vi hoppas att du aldrig förlorar din telefon, men om du gör det kan du skydda dina data med våra funktioner för fjärrlåsning och -rensning. När du är redo, gå till Inställningar och ställ in ditt KaiOS-konto."},{"$i":"companion-phone","$v":"Tillhörande telefon"},{"$i":"companion-phone-info","$v":"Installera KaiOS-appen för tillhörande telefon på din smartphone för att synkronisera kontakter och överföra filer mellan den primära enheten och telefonen med KaiOS."},{"$i":"select-language","$v":"Välj språk"},{"$i":"language-current","$v":"Nuvarande"},{"$i":"language-readout-on","$v":"Avläsning på"},{"$i":"language-readout-off","$v":"Avläsning av"},{"$i":"decline-info","$v":"Regler och villkor måste accepteras för att enheten ska kunna användas."},{"$i":"kaios-license","$v":"KaiOS licensvillkor"},{"$i":"decline","$v":"Avvisa"},{"$i":"privacy-confirm","$v":"Tryck på Acceptera för att godkänna villkors- och sekretesspolicyn för KaiOS-licensen."},{"$i":"open-url","$v":"ÖPPNA URL"},{"$i":"lyf-license","$v":"LYF licensvillkor"},{"$i":"emergency","$v":"Nödsamtal"},{"$i":"pin-incorrect","$v":"Fel PIN-kod."},{"$i":"puk-incorrect","$v":"Fel PUK-kod."},{"$i":"inputCodeRetriesLeft","$v":{"few":[{"t":"idOrVar","v":"n"}," försök kvar."],"many":[{"t":"idOrVar","v":"n"}," försök kvar."],"one":"(Fel PIN. 1 försök kvar.)","other":[{"t":"idOrVar","v":"n"}," försök kvar."],"two":["(Felaktig PIN. ",{"t":"idOrVar","v":"n"}," försök kvar.)"]},"$x":[{"t":"idOrVar","v":"plural"},"n"]},{"$i":"inputCodePukRetriesLeft","$v":{"few":[{"t":"idOrVar","v":"n"}," försök kvar."],"many":[{"t":"idOrVar","v":"n"}," försök kvar."],"one":"1 försök kvar.","other":[{"t":"idOrVar","v":"n"}," försök kvar."],"two":[{"t":"idOrVar","v":"n"}," försök kvar."]},"$x":[{"t":"idOrVar","v":"plural"},"n"]},{"$i":"pin-label","$v":"SIM PIN"},{"$i":"enter-pin","$v":"Ange SIM PIN-kod"},{"$i":"sim1-enter-pin","$v":"Ange SIM1 PIN-kod"},{"$i":"sim2-enter-pin","$v":"Ange SIM2 PIN-kod"},{"$i":"done","$v":"Klar"},{"$i":"enter-puk","$v":"Ange PUK"},{"$i":"sim1-enter-puk","$v":"Ange SIM1 PUK-kod"},{"$i":"sim2-enter-puk","$v":"Ange SIM2 PUK-kod"},{"$i":"puk-label","$v":"PUK"},{"$i":"new-pin-label","$v":"Ny SIM PIN-kod (4-8 siffror)"},{"$i":"confirm-new-pin-label","$v":"Bekr. ny SIM PIN"},{"$i":"pincode-length-error","$v":"SIM PIN ska vara 4-8 siffror."},{"$i":"pin-final-locked","$v":"SIM-kortet är låst."},{"$i":"pin-final-failed-text","$v":"Vill du ange PUK-koden för att låsa upp SIM-kortet?"},{"$i":"sim-locked","$v":"SIM låst"},{"$i":"sim1-locked","$v":"SIM1 låst"},{"$i":"sim2-locked","$v":"SIM2 låst"},{"$i":"new-pin-confirm-error","$v":"Kunde inte bekräfta ny SIM PIN-kod."},{"$i":"puk-final-locked","$v":"Fel PUK-kod."},{"$i":"puk-final-failed-text","$v":"Ditt SIM-kort är permanent spärrat. Kontakta din operatör för mer information."},{"$i":"about-kaios","$v":"Om KaiOS"},{"$i":"about-kaios-p1","$v":"Välkommen till KaiOS."},{"$i":"about-kaios-p2","$v":"Vårt uppdrag är att öppna upp möjligheter för individer, deras familjer, och samhällen genom att ge tillgång till utmärkta digitala produkter och tjänster för alla medlemmar i samhället."},{"$i":"about-kaios-p3","$v":"Du kan hjälpa oss att förbättra produkter och tjänster genom att automatiskt sända analysdata. Läs våra integritetsvillkor för att förstå hur vi hanterar data på dina enheter"},{"$i":"about-kaios-p4","$v":"Du kan ändra dessa inställningar under Inställningar> Sekretess och säkerhet> Om KaiOS."},{"$i":"about-kaios-agree","$v":"Jag vill hjälpa till med att skicka analysdata."},{"$i":"about-kaios-age","$v":"Jag är över 16 år."},{"$i":"about-kaios-ad","$v":"Använd mina data för att förbättra min annonsupplevelse."},{"$i":"deselect","$v":"Avmarkera"},{"$i":"selectKeyboard","$v":"Välj tangentbord"},{"$i":"send-data-via","$v":"Skicka data via"},{"$i":"wifi-and-carrier-data","$v":"Wi-Fi och operatörsdata"},{"$i":"wifi-only","$v":"Wi-Fi enbart"},{"$i":"more","$v":"Mer >"},{"$i":"qtn_oobe_high_volume","$v":"Observera hög volym i läget Hjälpmedel."},{"$i":"qtn_oobe_enter","$v":"Vill du fortfarande aktivera läget Hjälpmedel?"},{"$i":"qtn_oobe_hdr_senior_mode","$v":"Läget Hjälpmedel"},{"$i":"qtn_oobe_hdr_ICE","$v":"ICE-information"},{"$i":"qtn_oobe_rem_create_ICE","$v":"Skapa din ICE information, vilket kommer att hjälpa dig i en nödsituation."},{"$i":"qtn_oobe_set_ICE_contact","$v":"När du har startat enheten"},{"$i":"qtn_oobe_btn_ICE_info","$v":"Skapa ICE-information"},{"$i":"qtn-privacy-terms-welcome","$v":"Välkommen"},{"$i":"qtn-privacy-policy-description-1","$v":["Tack för att du väljer ",{"t":"idOrVar","v":"WDM"},"."]},{"$i":"qtn-privacy-policy-description-2","$v":"Din användning av HMD Global-tjänster och program i enheten styrs av HMD Global sekretesspolicy, som finns på www.nokia.com/mobile-privacy."},{"$i":"qtn-privacy-policy-description-3","$v":["Din användning av KaiOS-programvara, tjänster och program i enheten styrs av KaiOS licensavtal för slutanvändare och sekretesspolicy, som finns på ",{"t":"idOrVar","v":"WDM"},"."]},{"$i":"qtn-privacy-policy-description-4","$v":{"$o":"Info om enhetsaktivering med enhetens engångs-platsinformation och unik information om enheten och nätverket skickas till KAI & HMD."}},{"$i":"qtn-privacy-policy-description-5","$v":"Med den här informationen kan vi bättre möta efterfrågan i ditt land, tillhandahålla programuppdateringar, förbättra kundsupport och aktivera tjänster."},{"$i":"qtn-privacy-policy-description-6","$v":"Dataavgifter kan tillkomma."},{"$i":"qtn-privacy-policy-description-7","$v":"Sekretess eller andra aviseringar kanske tillhandahålls när du använder olika funktioner i enheten."},{"$i":"data-connectivity","$v":"Varningsmeddelande"},{"$i":"data-message","$v":"Inställningsguiden använder troligtvis data via mobilnätet under den första inställningen av smarttelefonen."}]