[{"$i":"wifi","$v":"Chagua mtandao"},{"$i":"ssid","$v":"SSID"},{"$i":"no-wifi-found","$v":"Hakuna mitandao inapatikana"},{"$i":"wifi-searching","$v":"Inatafuta mitandao..."},{"$i":"security-open","$v":"Fungua"},{"$i":"shortStatus-connecting","$v":"Inaunganishwa..."},{"$i":"shortStatus-associated","$v":"Inatafuta anwani ya IP..."},{"$i":"shortStatus-authenticating","$v":"Uhalalishaji..."},{"$i":"shortStatus-connected","$v":"Imeunganishwa"},{"$i":"shortStatus-connectingfailed","$v":"Muunganisho haujafaulu"},{"$i":"shortStatus-disconnected","$v":"Nje ya mtandao"},{"$i":"shortStatus-connected-no-internet","$v":"Umeunganisa, hamna intaneti"},{"$i":"securityWEP","$v":"WEP"},{"$i":"securityWPA-PSK","$v":"WPA-PSK"},{"$i":"securityWPA-EAP","$v":"WPA-EAP"},{"$i":"securityWPA2-PSK","$v":"WPA2-PSK"},{"$i":"securityWPA/WPA2-PSK","$v":"WPA/WPA2-PSK"},{"$i":"securedBy","$v":[{"t":"idOrVar","v":"capabilities"}]},{"$i":"securedByWay","$v":["Imelindwa na ",{"t":"idOrVar","v":"capabilities"}]},{"$i":"security","$v":"Usalama"},{"$i":"signalStrength","$v":"Nguvu ya wimbi"},{"$i":"signalLevel0","$v":"Hafifu sana"},{"$i":"signalLevel1","$v":"Hafifu"},{"$i":"signalLevel2","$v":"Wastani"},{"$i":"signalLevel3","$v":"Nzuri"},{"$i":"signalLevel4","$v":"Nzuri sana"},{"$i":"ipAddress","$v":"Anwani ya IP"},{"$i":"linkSpeed","$v":"Kasi ya kiungo"},{"$i":"linkSpeedMbs","$v":["Megabiti ",{"t":"idOrVar","v":"linkSpeed"},"/sek"]},{"$i":"wifi-rescan","$v":"Tafuta"},{"$i":"wifi-join-fail","$v":["Huwezi kujiunga na mtandao ",{"t":"idOrVar","v":"n"},"."]},{"$i":"wifi-connect-fail","$v":["Nenosiri la ",{"t":"idOrVar","v":"n"}," sio sahihi."]},{"$i":"wifi-ip-set-fail","$v":"Mipangilio ya IP haijafaulu."},{"$i":"wifi-pw-length-error","$v":"Lazima urefu wa nenosiri uwe zaidi ya vibambo 8."},{"$i":"password","$v":"Nenosiri"},{"$i":"showPassword","$v":"Onyesha Nenosiri"},{"$i":"connect","$v":"Unganisha"},{"$i":"rescanCompleted","$v":"Umekamilisha kuchanganua upya."},{"$i":"failedToConnect","$v":"Haijafaulu Kuunganisha"},{"$i":"select","$v":"Chagua"},{"$i":"skip","$v":"Ruka"},{"$i":"next","$v":"Inayofuata"},{"$i":"accept","$v":"Kubali"},{"$i":"cancel","$v":"Ghairi"},{"$i":"ok","$v":"SAWA"},{"$i":"notNow","$v":"Sio sasa hivi"},{"$i":"forget","$v":"Sahau"},{"$i":"confirmation","$v":"Uthibitishaji"},{"$i":"forget-network","$v":"Unataka kusahau mtandao?"},{"$i":"network-forgotten","$v":"Mtandao umesahaulika."},{"$i":"hfa","$v":"HFA"},{"$i":"setup-phone-verification","$v":"Thibitisha Simu"},{"$i":"phone-verification-entry-message","$v":"Unda akaunti kwa kuthibitisha nambari yako ili ufikie duka na huduma zaidi."},{"$i":"phone-verification-skip-message","$v":"Uthibitishaji wa simu yako haujakamilika. UnAWEza kuithibitisha baadaye katika Mipangilio>Akaunti. Uthibitishaji unahitajika ili uweze kufikia Duka na huduma zaidi."},{"$i":"setup-account","$v":"Unda Akaunti ya KaiOS"},{"$i":"create-account-li","$v":"Unda Akaunti"},{"$i":"login-account-li","$v":"Ingia"},{"$i":"account-setup-message","$v":"Weka taarifa yako salama ukitumia akaunti ya KaiOS: Ukipotesa simu yako akaunti yako ya KaiOS itakuruhusu kufunga simu yako au kufuta data yote iliyo kwenye simu yako ukiwa mbali. Pia unaweza kuunda akaunti yako ya KaiOS baadaye katika Mipangilio."},{"$i":"sign-in-success","$v":"Uingiaji Umefaulu"},{"$i":"account-welcome","$v":"Karibu"},{"$i":"logged-in-message","$v":[{"t":"idOrVar","v":"email"}]},{"$i":"anti-theft","$v":"Uzuiaji wa Wizi"},{"$i":"anti-theft-info","$v":"Tunatumaini hutapoteza simu yako, lakini ukiipoteza, unaweza kulinda data yako ukitumia vipengele vya kufunga na kufuta ukiwa mbali. Ukiwa tayari, nenda kwenye Mipangilio ili uunde akaunti yako ya KaiOS."},{"$i":"companion-phone","$v":"Simu ya Kuoanisha"},{"$i":"companion-phone-info","$v":"Sakinisha programu pacha ya KaiOS kwenye simu mahiri yako ili usawazishae anwani na kuhamisha faili kati ya kifaa chako cha msingi na simu yako inayoendeshwa kwa KaiOS."},{"$i":"select-language","$v":"Chagua Lugha"},{"$i":"language-current","$v":"Ya sasa"},{"$i":"language-readout-on","$v":"Usomaji kwa Sauti Umewashwa"},{"$i":"language-readout-off","$v":"Usomaji kwa Sauti Umezimwa"},{"$i":"decline-info","$v":"Unatakiwa kukubali Masharti ya Leseni na Sera ya Faragha ya KaiOS ili uweze kutumia kifaa hiki."},{"$i":"kaios-license","$v":"Masharti ya Leseni na Sera ya Faragha ya KaiOS"},{"$i":"decline","$v":"Kataa"},{"$i":"privacy-confirm","$v":"Kwa kubonyeza Kubali unakubali Masharti ya Leseni na Sera ya Faragha ya KaiOS."},{"$i":"open-url","$v":"FUNGUA URL"},{"$i":"lyf-license","$v":"Sheria za Leseni ya LYF"},{"$i":"emergency","$v":"Dharura"},{"$i":"pin-incorrect","$v":"PIN sio sahihi."},{"$i":"puk-incorrect","$v":"PUK sio sahihi."},{"$i":"inputCodeRetriesLeft","$v":{"few":["Umesalia na majaribio ",{"t":"idOrVar","v":"n"},"."],"many":["Umesalia na majaribio ",{"t":"idOrVar","v":"n"},"."],"one":"Umesalia na jaribio 1.","other":["Umesalia na majaribio ",{"t":"idOrVar","v":"n"},"."],"two":["Umesalia na majaribio ",{"t":"idOrVar","v":"n"},"."]},"$x":[{"t":"idOrVar","v":"plural"},"n"]},{"$i":"inputCodePukRetriesLeft","$v":{"few":["Umesalia na majaribio ",{"t":"idOrVar","v":"n"},"."],"many":["Umesalia na majaribio ",{"t":"idOrVar","v":"n"},"."],"one":"Umesalia na jaribio 1.","other":["Umesalia na majaribio ",{"t":"idOrVar","v":"n"},"."],"two":["Umesalia na majaribio ",{"t":"idOrVar","v":"n"},"."]},"$x":[{"t":"idOrVar","v":"plural"},"n"]},{"$i":"pin-label","$v":"PIN ya SIM"},{"$i":"enter-pin","$v":"Ingiza PIN ya SIM"},{"$i":"sim1-enter-pin","$v":"Ingiza PIN ya SIM1"},{"$i":"sim2-enter-pin","$v":"Ingiza PIN ya SIM2"},{"$i":"done","$v":"Gotoka"},{"$i":"enter-puk","$v":"Ingiza PUK"},{"$i":"sim1-enter-puk","$v":"Ingiza PUK ya SIM1"},{"$i":"sim2-enter-puk","$v":"Ingiza PUK ya SIM2"},{"$i":"puk-label","$v":"PUK"},{"$i":"new-pin-label","$v":"PIN mpya ya SIM (lazima iwe na tarakimu 4-8)"},{"$i":"confirm-new-pin-label","$v":"Thibitisha PIN mpya ya SIM"},{"$i":"pincode-length-error","$v":"Lazima PIN ya SIM iwe na tarakimu 4-8."},{"$i":"pin-final-locked","$v":"Kadi ya SIM imefungwa."},{"$i":"pin-final-failed-text","$v":"Ungependa kuingiza msimbo wa PUK ili ufungue kadi ya SIM?"},{"$i":"sim-locked","$v":"SIM Imefungwa"},{"$i":"sim1-locked","$v":"SIM 1 Imefungwa"},{"$i":"sim2-locked","$v":"SIM 2 Imefungwa"},{"$i":"new-pin-confirm-error","$v":"Uthibitishaji wa PIN mpya ya SIM haujafaulu."},{"$i":"puk-final-locked","$v":"PUK sio sahihi."},{"$i":"puk-final-failed-text","$v":"Kadi yako ya SIM imefungwa kabisa. Wasiliana na mtoa huduma wako kwa maelezo zaidi."},{"$i":"about-kaios","$v":"Kuhusu KaiOS"},{"$i":"about-kaios-p1","$v":"Karibu kwenye KaiOS."},{"$i":"about-kaios-p2","$v":"Dhamira yetu ni kuwapa watu fursa watu binafsi, familia zao na jumuiya kwa kuiwezesha jamii yote kufikia bidhaa na huduma bora za dijitali."},{"$i":"about-kaios-p3","$v":"Unaweza kutusaidia kuboresha bidhaa na huduma kwa kutuma takwimu za data kiotomatiki. Rejelea masharti yetu ya faragha ili upate maelezo kuhusu jinsi tunavyotumia data kwenye vifaa vyako."},{"$i":"about-kaios-p4","$v":"Unaweza kubadilisha mipangilio hii katika Mipangilio > Faragha na Usalama > Kuhusu KaiOS."},{"$i":"about-kaios-agree","$v":"Ninataka kusaidia kwa kutuma data ya takwimu."},{"$i":"about-kaios-age","$v":"Nima umri wa zaidi ya miaka 16."},{"$i":"about-kaios-ad","$v":"Tumia data yangu kuboresha huduma ya matangazo kwangu."},{"$i":"deselect","$v":"Tengua uteuzi"},{"$i":"selectKeyboard","$v":"Chagua Kibodi"},{"$i":"send-data-via","$v":"Tuma Data kupitia"},{"$i":"wifi-and-carrier-data","$v":"Wi-Fi na Data ya Mtoa Huduma"},{"$i":"wifi-only","$v":"Wi-Fi pekee."},{"$i":"more","$v":"Zaidi >"},{"$i":"qtn_oobe_high_volume","$v":"Tafadhali zingatia kiwango cha juu katika modi ya Ufikiaji."},{"$i":"qtn_oobe_enter","$v":"Je, bado unataka kuingia kwenye modi ya Ufikiaji?"},{"$i":"qtn_oobe_hdr_senior_mode","$v":"Modi ya ufikiaji"},{"$i":"qtn_oobe_hdr_ICE","$v":"Maelezo ya ICE"},{"$i":"qtn_oobe_rem_create_ICE","$v":"Tafadhali unda maelezo yako ya  taarifa ya ICE, yatakayokusaidia endapo dharura itatokea."},{"$i":"qtn_oobe_set_ICE_contact","$v":"Baada ya kuwasha kifaa,"},{"$i":"qtn_oobe_btn_ICE_info","$v":"Unda maelezo ya ICE"},{"$i":"qtn-privacy-terms-welcome","$v":"Karibu"},{"$i":"qtn-privacy-policy-description-1","$v":["Asante kwa kuchagua ",{"t":"idOrVar","v":"WDM"},"."]},{"$i":"qtn-privacy-policy-description-2","$v":"Matumizi yako ya huduma na programu za HMD Global yanalindwa na Sera ya Faragha ya HMD Global, inayopatikana katika www.nokia.com/mobile-privacy."},{"$i":"qtn-privacy-policy-description-3","$v":["Utumiaji wako wa programu, huduma na matumizi ya KaiOS kwenye kifaa chako yanaongozwa na KaiOS EULA na Masharti ya Faragha, yanapatikana katika ",{"t":"idOrVar","v":"WDM"},"."]},{"$i":"qtn-privacy-policy-description-4","$v":{"$o":"Maelezo ya kuamilisha kifaa kwa eneo la mara moja la kifaa pamoja na maelezo yako ya kipekee ya kifaa na mtandao yatatumwa kwa KAI & HMD."}},{"$i":"qtn-privacy-policy-description-5","$v":"Maelezo haya hutuwezesha kufikia bora mahitaji katika nchi yako, kutoa visasisho vya SW, auni kwa wateja na huduma za uamilisho."},{"$i":"qtn-privacy-policy-description-6","$v":"Gharama za data zinaweza kutekelezwa."},{"$i":"qtn-privacy-policy-description-7","$v":"Faragha au ilani nyingine zinaweza kutolewa unapotumia vipengele tofauti vya kifaa chako."},{"$i":"data-connectivity","$v":"Ujumbe wa tahadhari"},{"$i":"data-message","$v":"Kisogora cha usanidi kina uwezekano wa kutumia data yako kupitia mtandao wa simu ya mkononi wakati wa usanidi wa kwanza wa simu maizi."}]