[{"$i":"wifi","$v":"ஒரு நெட்வொர்க்கைத் தேர்ந்தெடு"},{"$i":"ssid","$v":"SSID"},{"$i":"no-wifi-found","$v":"கிடைக்கும் நெட்வொர்க்குகள் இல்லை"},{"$i":"wifi-searching","$v":"நெட்வொர்க்குகளைத் தேடுகிறது…"},{"$i":"security-open","$v":"திற"},{"$i":"shortStatus-connecting","$v":"கனெக்ட் செய்கிறது..."},{"$i":"shortStatus-associated","$v":"IP அட்ரஸ்-ஐ பெறுகிறது…"},{"$i":"shortStatus-authenticating","$v":"அங்கீகரிக்கிறது..."},{"$i":"shortStatus-connected","$v":"கனெக்ட்டெட்"},{"$i":"shortStatus-connectingfailed","$v":"கனெக்ஷன் தோல்வியுற்றது"},{"$i":"shortStatus-disconnected","$v":"ஆஃப்லைன்"},{"$i":"shortStatus-connected-no-internet","$v":"இணைக்கப்பட்டது, இன்டர்நெட் இல்லை"},{"$i":"securityWEP","$v":"WEP"},{"$i":"securityWPA-PSK","$v":"WPA-PSK"},{"$i":"securityWPA-EAP","$v":"WPA-EAP"},{"$i":"securityWPA2-PSK","$v":"WPA2-PSK"},{"$i":"securityWPA/WPA2-PSK","$v":"WPA/WPA2-PSK"},{"$i":"securedBy","$v":[{"t":"idOrVar","v":"capabilities"}]},{"$i":"securedByWay","$v":[{"t":"idOrVar","v":"capabilities"}," மூலமாக பாதுகாக்கப்பட்டது"]},{"$i":"security","$v":"பாதுகாப்பு"},{"$i":"signalStrength","$v":"சிக்னலின் வலிமை"},{"$i":"signalLevel0","$v":"மிகவும் பலவீனம்"},{"$i":"signalLevel1","$v":"பலவீனம்"},{"$i":"signalLevel2","$v":"சராசரி"},{"$i":"signalLevel3","$v":"நன்று"},{"$i":"signalLevel4","$v":"மிகவும் நன்று"},{"$i":"ipAddress","$v":"IP அட்ரஸ்"},{"$i":"linkSpeed","$v":"லிங்க் ஸ்பீட்"},{"$i":"linkSpeedMbs","$v":[{"t":"idOrVar","v":"linkSpeed"}," Mbit/s"]},{"$i":"wifi-rescan","$v":"மீண்டும் ஸ்கேன் செய்க"},{"$i":"wifi-join-fail","$v":["நெட்வொர்க் ",{"t":"idOrVar","v":"n"}," உடன் இணைய இயலவில்லை."]},{"$i":"wifi-connect-fail","$v":[{"t":"idOrVar","v":"n"},"-க்கான பாஸ்வெர்ட் தவறானது."]},{"$i":"wifi-ip-set-fail","$v":"IP செட்டிங்ஸ் தோல்வியிந்தது."},{"$i":"wifi-pw-length-error","$v":"பாஸ்வெர்ட் நீளம் 8 எழுத்துக்குறிகளுக்கும் மேல் இருக்க வேண்டும்."},{"$i":"password","$v":"பாஸ்வெர்ட்"},{"$i":"showPassword","$v":"பாஸ்வெர்ட்-ஐ காட்டவும்"},{"$i":"connect","$v":"கனெக்ட்"},{"$i":"rescanCompleted","$v":"மீண்டும் ஸ்கேன் செய்வது முடிந்தது."},{"$i":"failedToConnect","$v":"கனெக்ட் செய்வது தோல்வியடைந்தது"},{"$i":"select","$v":"தேர்ந்தெடு"},{"$i":"skip","$v":"தவிர்"},{"$i":"next","$v":"அடுத்த"},{"$i":"accept","$v":"ஏற்கிறேன்"},{"$i":"cancel","$v":"ரத்து செய்க"},{"$i":"ok","$v":"சரி"},{"$i":"notNow","$v":"இப்போது வேண்டாம்"},{"$i":"forget","$v":"அகற்று"},{"$i":"confirmation","$v":"உறுதிப்படுத்துதல்"},{"$i":"forget-network","$v":"நெட்வொர்க்கை மறந்துவிட்டீர்களா?"},{"$i":"network-forgotten","$v":"நெட்வொர்க் மறக்கப்பட்டது."},{"$i":"hfa","$v":"HFA"},{"$i":"setup-phone-verification","$v":"ஃபோன் சரிபார்ப்பு"},{"$i":"phone-verification-entry-message","$v":"ஸ்டோர் மற்றும் கூடுதல் சர்வீஸ்-களை அக்சஸ் செய்ய உங்கள் எண்ணை சரிபார்த்து ஒரு அக்கவுண்ட்-ஐ அமைக்கவும்."},{"$i":"phone-verification-skip-message","$v":"உங்கள் போன் சரிபார்ப்பு முழுமைவில்லை. செட்டிங்ஸ்> அக்கவுண்ட்-இல் பின்னர் நீங்கள் சரிபார்க்கலாம். ஸ்டோர் மற்றும் கூடுதல் சர்வீஸ்-களை அக்சஸ் செய்ய சரிபார்ப்பு தேவை."},{"$i":"setup-account","$v":"KaiOS அக்கவுண்ட்-ஐ அமை"},{"$i":"create-account-li","$v":"அக்கவுண்ட்-ஐ உருவாக்கு"},{"$i":"login-account-li","$v":"சைன் இன்"},{"$i":"account-setup-message","$v":"உங்கள் தகவலை KaiOS அக்கவுண்ட்-இல் பாதுகாப்பாக வைத்திருங்கள். உங்கள் போன்-ஐ நீங்கள் எப்போதாவது இழந்தால், உங்கள் KaiOS அக்கவுண்ட் உங்கள் போன்-இல் உள்ள எல்லா டேட்டா-களையும் ரிமோட்லி லாக் செய்ய அல்லது அழிக்க அனுமதிக்கும். பின்னர் உங்கள் KaiOS அக்கவுண்ட் செட்டிங்ஸ்-ஐ நீங்கள் அமைக்கலாம்."},{"$i":"sign-in-success","$v":"சைன் இன் வெற்றி"},{"$i":"account-welcome","$v":"நல்வரவு"},{"$i":"logged-in-message","$v":[{"t":"idOrVar","v":"email"}]},{"$i":"anti-theft","$v":"ஆன்டி-தெஃப்ட்"},{"$i":"anti-theft-info","$v":"நீங்கள் உங்கள் ஃபோனை தொலைத்ததில்லை என்று நாங்கள் நம்புகிறோம் ஆனால், அப்படி இருந்தால், உங்கள் டேட்டாவை எங்களின் ரிமோட் லாக் மற்றும் ஸ்வைப் அம்சங்கள் கொண்டு நீங்கள் பாதுகாக்கலாம். நீங்கள் தயாராக இருக்கும் போது செட்டிங்ஸ்-க்கு சென்று KaiOS அக்கவுண்ட்-ஐ அமைக்கவும்."},{"$i":"companion-phone","$v":"துணையாளர் தொலைபேசி"},{"$i":"companion-phone-info","$v":"தொடர்புகளை ஒத்திசைக்கவும் உங்கள் முதன்மைச் சாதனத்திற்கும் உங்கள் காய்.ஓ.எஸ் -ஆல் இயக்கப்படும் தொலைபேசிக்கும் இடையில் கோப்புகளை இடமாற்றவும் காய்.ஓ.எஸ் கம்பானியன் ஆப்பை உங்கள் ஸ்மார்ட்ஃபோனில் நிறுவவும்."},{"$i":"select-language","$v":"மொழியைத் தேர்ந்தெடு"},{"$i":"language-current","$v":"தற்போதைய"},{"$i":"language-readout-on","$v":"ரீட்அவுட் ஆன்"},{"$i":"language-readout-off","$v":"ரீட்அவுட் ஆஃப்"},{"$i":"decline-info","$v":"இந்த டிவைஸை பயன்படுத்த காய்ஓ.எஸ் உரிம விதிமுறைகள் மற்றும் தனியுரிமைக் கொள்கையை ஏற்றுக்கொள்ளுதல் தேவைப்படுகிறது."},{"$i":"kaios-license","$v":"காய்ஓ.எஸ் உரிம விதிமுறைகள் மற்றும் தனியுரிமை கொள்கை"},{"$i":"decline","$v":"நிராகரி"},{"$i":"privacy-confirm","$v":"ஏற்றுக்கொள்கிறேன் என்பதை அழுத்துவதன் மூலம் நீங்கள் காய்ஓ.எஸ் உரிம விதிமுறைகள் மற்றும் தனியுரிமைக் கொள்கையை ஏற்கிறீர்கள்."},{"$i":"open-url","$v":"URL-ஐ திறக்கவும்"},{"$i":"lyf-license","$v":"LYF லைசென்ஸ் விதிமுறைகள்"},{"$i":"emergency","$v":"அவசரநிலை"},{"$i":"pin-incorrect","$v":"தவறான பின்."},{"$i":"puk-incorrect","$v":"தவறான PUK."},{"$i":"inputCodeRetriesLeft","$v":{"few":[{"t":"idOrVar","v":"n"}," முயற்சிகள் மீதமுள்ளன."],"many":[{"t":"idOrVar","v":"n"}," முயற்சிகள் மீதமுள்ளன."],"one":"1 முயற்சி மீதம்.","other":[{"t":"idOrVar","v":"n"}," முயற்சிகள் மீதமுள்ளன."],"two":[{"t":"idOrVar","v":"n"}," முயற்சிகள் மீதமுள்ளன."]},"$x":[{"t":"idOrVar","v":"plural"},"n"]},{"$i":"inputCodePukRetriesLeft","$v":{"few":[{"t":"idOrVar","v":"n"}," முயற்சிகள் மீதமுள்ளன."],"many":[{"t":"idOrVar","v":"n"}," முயற்சிகள் மீதமுள்ளன."],"one":"1 முயற்சி மீதம்.","other":[{"t":"idOrVar","v":"n"}," முயற்சிகள் மீதமுள்ளன."],"two":[{"t":"idOrVar","v":"n"}," முயற்சிகள் மீதமுள்ளன."]},"$x":[{"t":"idOrVar","v":"plural"},"n"]},{"$i":"pin-label","$v":"சிம் பின்"},{"$i":"enter-pin","$v":"சிம் பின்னை உள்ளிடுக"},{"$i":"sim1-enter-pin","$v":"சிம்1 பின்-ஐ உள்ளிடவும்"},{"$i":"sim2-enter-pin","$v":"சிம்2 பின்-ஐ உள்ளிடவும்"},{"$i":"done","$v":"முடிந்தது"},{"$i":"enter-puk","$v":"PUK உள்ளிடுக"},{"$i":"sim1-enter-puk","$v":"சிம்1 பி.யூ.கே-ஐ உள்ளிடவும்"},{"$i":"sim2-enter-puk","$v":"சிம்2 பி.யூ.கே-ஐ உள்ளிடவும்"},{"$i":"puk-label","$v":"PUK"},{"$i":"new-pin-label","$v":"புதிய சிம் பின் (4-8 இலக்கங்களுக்குள் மட்டும்)"},{"$i":"confirm-new-pin-label","$v":"புதிய சிம் பின்னை உறுதிசெய்க"},{"$i":"pincode-length-error","$v":"சிம் பின்னுக்கு 4இலிருந்து-8 இலக்குகள் இருக்க வேண்டும்."},{"$i":"pin-final-locked","$v":"சிம் கார்டு லாக் செய்யப்பட்டுள்ளது."},{"$i":"pin-final-failed-text","$v":"சிம் கார்டு-ஐ அன்லாக் செய்ய நீங்கள் PUK கோட்-ஐ உள்ளிட விரும்புகிறீர்களா?"},{"$i":"sim-locked","$v":"சிம் லாக் செய்யப்பட்டது"},{"$i":"sim1-locked","$v":"சிம் 1 லாக் செய்யப்பட்டது"},{"$i":"sim2-locked","$v":"சிம் 2 லாக் செய்யப்பட்டது"},{"$i":"new-pin-confirm-error","$v":"புதிய சிம் பின்னை உறுதிப்படுத்துவது தோல்வியடைந்தது"},{"$i":"puk-final-locked","$v":"தவறான PUK."},{"$i":"puk-final-failed-text","$v":"உங்கள் சிம் கார்டு நிரந்தரமாக லாக் செய்யப்பட்டுள்ளது. மேலும் தகவலுக்கு உங்கள் கேரியரைத் தொடர்புகொள்ளவும்."},{"$i":"about-kaios","$v":"காய் ஒ.எஸ் பற்றி"},{"$i":"about-kaios-p1","$v":"காய் ஒ.எஸ்-க்கு வரவேற்கிறோம்."},{"$i":"about-kaios-p2","$v":"சமூகத்தின் அனைத்து உறுப்பினர்களுக்கும் சிறந்த டிஜிட்டல் தயாரிப்புகள் மற்றும் சேவைகளை அணுகுவதன் மூலம் தனிநபர்கள், குடும்பங்கள் மற்றும் சமூகங்களுக்கான வாய்ப்புகளை திறப்பதே எங்கள் நோக்கம்."},{"$i":"about-kaios-p3","$v":"நீங்கள் அனலிடிக்ஸ் டேட்டா-ஐ தானாக அனுப்புவதன் மூலம், எங்கள் தயாரிப்புகள் மற்றும் சேவைகளை மேம்படுத்துவதற்கு உதவ முடியும். உங்கள் சாதனங்களில் டேட்டா-ஐ எப்படி நாங்கள் கையாள்கிறோம் என்பதை அறிய எங்கள் தனியுரிமை விதிகளை பார்க்கவும்."},{"$i":"about-kaios-p4","$v":{"$o":"இந்த அமைப்புகளை அமைப்புகள் > தனியுரிமை & பாதுகாப்பு > காய்.ஓ.எஸ் பற்றி என்பதில் மாற்றலாம்."}},{"$i":"about-kaios-agree","$v":"அனலிடிக்ஸ் டேட்டாவை அனுப்புவதன் மூலம் நான் உதவ விரும்புகிறேன்."},{"$i":"about-kaios-age","$v":"நான் 16 வயதைக் கடந்தவன்."},{"$i":"about-kaios-ad","$v":"எனது விளம்பர அனுபவத்தை மேம்படுத்த எனது டேட்டாவை பயன்படுத்தவும்."},{"$i":"deselect","$v":"தேர்வுநீக்கு"},{"$i":"selectKeyboard","$v":"கீபோர்டை தேர்ந்தெடுக்கவும்"},{"$i":"send-data-via","$v":"இதன் வழியாக தரவை அனுப்பு"},{"$i":"wifi-and-carrier-data","$v":"வை-ஃபை மற்றும் கேரியர் டேட்டா"},{"$i":"wifi-only","$v":"வைஃபை மட்டும்"},{"$i":"more","$v":"இன்னும் >"},{"$i":"qtn_oobe_high_volume","$v":"அணுகல் வசதிப் பயன்முறையில், அதிக ஒலியளவு குறித்து கவனம் செலுத்தவும்."},{"$i":"qtn_oobe_enter","$v":"இருப்பினும் அணுகல் வசதிப் பயன்முறையில் நுழைய விரும்புகிறீர்களா?"},{"$i":"qtn_oobe_hdr_senior_mode","$v":"அணுகல் வசதிப் பயன்முறை"},{"$i":"qtn_oobe_hdr_ICE","$v":"ICE தகவல்"},{"$i":"qtn_oobe_rem_create_ICE","$v":"உங்கள் ICE தகவல் விவரங்களை உருவாக்கவும், அவசர காலங்களில் அது உதவிகரமாக இருக்கும்."},{"$i":"qtn_oobe_set_ICE_contact","$v":"சாதனத்தைத் துவக்கிய பிறகு,"},{"$i":"qtn_oobe_btn_ICE_info","$v":"ICE தகவலை உருவாக்கவும்"},{"$i":"qtn-privacy-terms-welcome","$v":"வரவேற்கிறோம்"},{"$i":"qtn-privacy-policy-description-1","$v":[{"t":"idOrVar","v":"WDM"}," தேர்வு நன்றி."]},{"$i":"qtn-privacy-policy-description-2","$v":"உங்கள் சாதனத்தில் HMD Global சேவைகள் மற்றும் பயன்பாடுகளின் உங்கள் பயன்படுத்தல் HMD Global தனியுரிமைக் கொள்கையால் நிர்வகிக்கப்​படுகிறது, இது www.nokia.com/mobile-privacy-இல் கிடைக்கிறது."},{"$i":"qtn-privacy-policy-description-3","$v":["உங்கள் சாதனத்தில் KaiOS மென்பொருள், சேவைகள் மற்றும் பயன்பாடுகளின் உங்கள் பயன்படுத்தல் KaiOS EULA மற்றும் தனியுரிமை விதிமுறைகளால் நிர்வகிக்கப்படுகிறது, இது ",{"t":"idOrVar","v":"WDM"},"-இல் கிடைக்கிறது."]},{"$i":"qtn-privacy-policy-description-4","$v":{"$o":"ஒருமுறை சாதன இருப்பிடத் தகவல் மற்றும் உங்கள் தனித்துவ சாதனம் மற்றும் நெட்வொர்க் தகவல் ஆகியவற்றைக் கொண்டுள்ள சாதன இயக்கத் தகவல் KAI & HMD-இற்கு அனுப்பப்படும்."}},{"$i":"qtn-privacy-policy-description-5","$v":"இந்த தகவல் உங்கள் நாட்டிலுள்ள தேவையைப் பூர்த்திசெய்ய, மென்பொருள் புதுப்பிப்புகள், வாடிக்கையாளர் சேவையை வழங்க மற்றும் சேவைகளை இயக்க எங்களுக்கு உதவுகிறது."},{"$i":"qtn-privacy-policy-description-6","$v":"தரவு கட்டணங்கள் பொருந்தலாம்."},{"$i":"qtn-privacy-policy-description-7","$v":"உங்கள் சாதனத்தின் வெவ்வேறு அம்சங்களை நீங்கள் பயன்படுத்தும் போது தனியுரிமை அல்லது அறிவிப்புகள் வழங்கப்படலாம்."},{"$i":"data-connectivity","$v":"எச்சரிக்கை செய்தி"},{"$i":"data-message","$v":"ஸ்மார்ட் ஃபோனின் ஆரம்ப அமைப்பின்போது, அமைப்பு வழிகாட்டி மொபைல் நெட்வொர்க்கின் தரவைப் பயன்படுத்தும்."}]