[{"$i":"wifi","$v":"เลือกเครือข่าย"},{"$i":"ssid","$v":"SSID"},{"$i":"no-wifi-found","$v":"ไม่มีเครือข่ายที่ใช้ได้"},{"$i":"wifi-searching","$v":"กำลังค้นหาเครือข่าย..."},{"$i":"security-open","$v":"เปิด"},{"$i":"shortStatus-connecting","$v":"กำลังเชื่อมต่อ…"},{"$i":"shortStatus-associated","$v":"กำลังรับที่อยู่ IP..."},{"$i":"shortStatus-authenticating","$v":"กำลังยืนยันสิทธิ์……"},{"$i":"shortStatus-connected","$v":"เชื่อมต่อแล้ว"},{"$i":"shortStatus-connectingfailed","$v":"การเชื่อมต่อล้มเหลว"},{"$i":"shortStatus-disconnected","$v":"ออฟไลน์"},{"$i":"shortStatus-connected-no-internet","$v":"เชื่อมต่อแล้ว, ไม่มีสัญญาณอินเทอร์เน็ต"},{"$i":"securityWEP","$v":"WEP"},{"$i":"securityWPA-PSK","$v":"WPA-PSK"},{"$i":"securityWPA-EAP","$v":"WPA-EAP"},{"$i":"securityWPA2-PSK","$v":"WPA2-PSK"},{"$i":"securityWPA/WPA2-PSK","$v":"WPA/WPA2-PSK"},{"$i":"securedBy","$v":[{"t":"idOrVar","v":"capabilities"}]},{"$i":"securedByWay","$v":["รักษาความปลอดภัยโดย ",{"t":"idOrVar","v":"capabilities"}]},{"$i":"security","$v":"ความปลอดภัย"},{"$i":"signalStrength","$v":"ความแรงสัญญาณ"},{"$i":"signalLevel0","$v":"อ่อนมาก"},{"$i":"signalLevel1","$v":"อ่อน"},{"$i":"signalLevel2","$v":"เฉลี่ย"},{"$i":"signalLevel3","$v":"ดี"},{"$i":"signalLevel4","$v":"ดีมาก"},{"$i":"ipAddress","$v":"ที่อยู่ IP"},{"$i":"linkSpeed","$v":"ความเร็วในการเชื่อมโยง"},{"$i":"linkSpeedMbs","$v":[{"t":"idOrVar","v":"linkSpeed"}," Mbit/วิ"]},{"$i":"wifi-rescan","$v":"สแกนใหม่"},{"$i":"wifi-join-fail","$v":["ไม่สามารถเข้าร่วมเครือข่าย ",{"t":"idOrVar","v":"n"}]},{"$i":"wifi-connect-fail","$v":["รหัสผ่าน ",{"t":"idOrVar","v":"n"}," ไม่ถูกต้อง"]},{"$i":"wifi-ip-set-fail","$v":"การตั้งค่า IP ล้มเหลว"},{"$i":"wifi-pw-length-error","$v":"รหัสผ่านจะต้องยาวเกิน 8 ตัวอักษร"},{"$i":"password","$v":"รหัสผ่าน"},{"$i":"showPassword","$v":"แสดงรหัสผ่าน"},{"$i":"connect","$v":"เชื่อมต่อ"},{"$i":"rescanCompleted","$v":"รีสแกนสำเร็จ"},{"$i":"failedToConnect","$v":"การเชื่อมต่อล้มเหลว"},{"$i":"select","$v":"เลือก"},{"$i":"skip","$v":"ข้าม"},{"$i":"next","$v":"ถัดไป"},{"$i":"accept","$v":"ยอมรับ"},{"$i":"cancel","$v":"ยกเลิก"},{"$i":"ok","$v":"ตกลง"},{"$i":"notNow","$v":"ไม่ใช่ตอนนี้"},{"$i":"forget","$v":"ลืม"},{"$i":"confirmation","$v":"การยืนยัน"},{"$i":"forget-network","$v":"ลืมเครือข่ายหรือไม่"},{"$i":"network-forgotten","$v":"ลืมเครือข่าย"},{"$i":"hfa","$v":"HFA"},{"$i":"setup-phone-verification","$v":"การยันยันโทรศัพท์"},{"$i":"phone-verification-entry-message","$v":"ตั้งค่าบัญชีโดยยืนยันหมายเลขของคุณเพื่อเข้าถึงร้านค้าและบริการอื่นๆ"},{"$i":"phone-verification-skip-message","$v":"การยืนยันของโทรศัพท์ของคุณยังไม่เสร็จสิ้น คุณสามารถยืนยันได้ภายหลังใน การตั้งค่า>บัญชี ต้องมีการยืนยันเพื่อเข้าถึงร้านค้าและบริการอื่นๆ"},{"$i":"setup-account","$v":"เลือกบัญชี KaiOS"},{"$i":"create-account-li","$v":"สร้างบัญชี"},{"$i":"login-account-li","$v":"ลงชื่อเข้าใช้"},{"$i":"account-setup-message","$v":"รักษาความปลอดภัยของข้อมูลด้วยบัญชี KaiOS หากโทรศัพท์ของคุณสูญหาย บัญชี KaiOS จะทำให้คุณสามารถล็อกหรือลบข้อมูลในโทรศัพท์ได้ในระยะไกล คุณสามารถตั้งค่าบัญชี KaiOS ในการตั้งค่าได้ภายหลัง"},{"$i":"sign-in-success","$v":"ลงชื่อเข้าใช้สำเร็จ"},{"$i":"account-welcome","$v":"ยินดีต้อนรับ"},{"$i":"logged-in-message","$v":[{"t":"idOrVar","v":"email"}]},{"$i":"anti-theft","$v":"โหมดป้องกันขโมย"},{"$i":"anti-theft-info","$v":{"$o":"เราหวังว่าคุณจะไม่ทำโทรศัพท์สูญหาย แต่หากโทรศัพท์สูญหาย คุณก็สามารถปกป้อง<br>ข้อมูลโดยใช้คุณสมบัติการ<br>ล็อกและลบข้อมูลระยะไกล<br>ของเราได้<br> เมื่อคุณพร้อม ให้ไปที่การตั้งค่าเพื่อตั้งค่าบัญชี KaiOS ของคุณ"}},{"$i":"companion-phone","$v":"โทรศัพท์จับคู่"},{"$i":"companion-phone-info","$v":"ติดตั้งแอปคู่ขนาน KaiOS บนสมาร์ทโฟนของคุณเพื่อซิงก์รายชื่อผู้ติดต่อและโอนไฟล์ระหว่างอุปกรณ์หลังและโทรศัพท์ KaiOS ของคุณ"},{"$i":"select-language","$v":"เลือกภาษา"},{"$i":"language-current","$v":"ปัจจุบัน"},{"$i":"language-readout-on","$v":"การอ่านออกเสียง"},{"$i":"language-readout-off","$v":"การอ่านออกเสียง"},{"$i":"decline-info","$v":"คุณต้องตกลงต่อเงื่อนไขลิขสิทธิ์และนโยบายความเป็นส่วนตัวของ KaiOS เพื่อใช้อุปกรณ์นี้"},{"$i":"kaios-license","$v":"เงื่อนไขลิขสิทธิ์และนโยบายความเป็นส่วนตัวของ KaiOS"},{"$i":"decline","$v":"ปฏิเสธ"},{"$i":"privacy-confirm","$v":"เมื่อคุณกด 'ตกลง' คุณยอมรับต่อเงื่อนไขลิขสิทธิ์และนโยบายความเป็นส่วนตัวของ KaiOS"},{"$i":"open-url","$v":"เปิด URL"},{"$i":"lyf-license","$v":"ข้อกำหนดใบอนุญาตของ LYF"},{"$i":"emergency","$v":"ฉุกเฉิน"},{"$i":"pin-incorrect","$v":"รหัส PIN ไม่ถูกต้อง"},{"$i":"puk-incorrect","$v":"PUK ไม่ถูกต้อง"},{"$i":"inputCodeRetriesLeft","$v":{"few":["การดำเนินการที่เหลือ ",{"t":"idOrVar","v":"n"}," ครั้ง"],"many":["การดำเนินการที่เหลือ ",{"t":"idOrVar","v":"n"}," ครั้ง"],"one":"การดำเนินการที่เหลือ 1 ครั้ง","other":["การดำเนินการที่เหลือ ",{"t":"idOrVar","v":"n"}," ครั้ง"],"two":["การดำเนินการที่เหลือ ",{"t":"idOrVar","v":"n"}," ครั้ง"]},"$x":[{"t":"idOrVar","v":"plural"},"n"]},{"$i":"inputCodePukRetriesLeft","$v":{"few":["การดำเนินการที่เหลือ ",{"t":"idOrVar","v":"n"}," ครั้ง"],"many":["การดำเนินการที่เหลือ ",{"t":"idOrVar","v":"n"}," ครั้ง"],"one":"การดำเนินการที่เหลือ 1 ครั้ง","other":["การดำเนินการที่เหลือ ",{"t":"idOrVar","v":"n"}," ครั้ง"],"two":["การดำเนินการที่เหลือ ",{"t":"idOrVar","v":"n"}," ครั้ง"]},"$x":[{"t":"idOrVar","v":"plural"},"n"]},{"$i":"pin-label","$v":"ป้อน PIN ของซิม"},{"$i":"enter-pin","$v":"ป้อน PIN ของซิม"},{"$i":"sim1-enter-pin","$v":"ป้อน PIN ของซิม1"},{"$i":"sim2-enter-pin","$v":"ป้อน PIN ของซิม2"},{"$i":"done","$v":"เสร็จสิ้น"},{"$i":"enter-puk","$v":"ป้อน PUK"},{"$i":"sim1-enter-puk","$v":"ป้อน PUK ของซิม1"},{"$i":"sim2-enter-puk","$v":"ป้อน PUK ของซิม2"},{"$i":"puk-label","$v":"PUK"},{"$i":"new-pin-label","$v":"PIN ใหม่ของซิม (ต้องมีตัวเลข 4-8 หลัก)"},{"$i":"confirm-new-pin-label","$v":"ยืนยัน PIN ใหม่ของซิม"},{"$i":"pincode-length-error","$v":"PIN ของซิมต้องมี 4-8 หลัก"},{"$i":"pin-final-locked","$v":"ซิมการ์ดถูกล็อก"},{"$i":"pin-final-failed-text","$v":"คุณต้องการป้อนรหัส PUK เพื่อปลดล็อกซิมการ์ดหรือไม่"},{"$i":"sim-locked","$v":"ซิมการ์ดถูกล็อก"},{"$i":"sim1-locked","$v":"SIM1 ถูกล็อกไว้"},{"$i":"sim2-locked","$v":"SIM2 ถูกล็อกไว้"},{"$i":"new-pin-confirm-error","$v":"การยืนยัน PIN ของซิมใหม่ล้มเหลว"},{"$i":"puk-final-locked","$v":"PUK ไม่ถูกต้อง"},{"$i":"puk-final-failed-text","$v":"ซิมการ์ดถูกล็อกถาวร ติดต่อผู้ให้บริการเพื่อรับข้อมูลเพิ่มเติม"},{"$i":"about-kaios","$v":"เกี่ยวกับ KaiOS"},{"$i":"about-kaios-p1","$v":"ยินดีต้อนรับสู่ KaiOS"},{"$i":"about-kaios-p2","$v":"ภารกิจของเราก็คือ เพื่อมอบโอกาสให้กับผู้ใช้แต่ละราย ครอบครัวของผู้ใช้ และชุมชนให้สามารถเข้าใช้ผลิตภัณฑ์ดิจิทัลและการบริการเสมือนจริงอันยอดเยี่ยมแก่ทุกสมาชิกในสังคม"},{"$i":"about-kaios-p3","$v":"คุณสามารถช่วยเราปรับปรุงผลิตภัณฑ์และการบริการได้โดยส่งข้อมูลการวิเคราะห์โดยอัตโนมัติให้กับเรา โปรดอ่านเงื่อนไขความเป็นส่วนตัวเพื่อเรียนรู้วิธีที่เราจัดการกับข้อมูลบนอุปกรณ์ของคุณ"},{"$i":"about-kaios-p4","$v":"คุณเปลี่ยนการตั้งค่าเหล่านี้ได้ใน การตั้งค่า > ความเป็นส่วนตัวและรักษาความปลอดภัย > เกี่ยวกับ KaiOS"},{"$i":"about-kaios-agree","$v":"ฉันต้องการช่วยเหลือด้วยการส่งข้อมูลเชิงวิเคราะห์"},{"$i":"about-kaios-age","$v":"ฉันอายุมากกว่า 16 ปี"},{"$i":"about-kaios-ad","$v":"ใช้ข้อมูลของฉันเพื่อปรับปรุงประสบการณ์การรับโฆษณษของฉัน"},{"$i":"deselect","$v":"ยกเลิกการเลือก"},{"$i":"selectKeyboard","$v":"เลือกคีย์บอร์ด"},{"$i":"send-data-via","$v":"ส่งดาต้าผ่าน"},{"$i":"wifi-and-carrier-data","$v":"ไวไฟและดาต้าพาหะ"},{"$i":"wifi-only","$v":"ไวไฟเท่านั้น"},{"$i":"more","$v":"อื่น ๆ >"},{"$i":"qtn_oobe_high_volume","$v":"โปรดใส่ใจกับปริมาณที่มากในโหมดการช่วยสำหรับการเข้าถึง"},{"$i":"qtn_oobe_enter","$v":"คุณยังต้องการเข้าสู่โหมดการเข้าถึงหรือไม่?"},{"$i":"qtn_oobe_hdr_senior_mode","$v":"โหมดการเข้าถึง"},{"$i":"qtn_oobe_hdr_ICE","$v":"ข้อมูล ICE"},{"$i":"qtn_oobe_rem_create_ICE","$v":"โปรดสร้างรายละเอียดข้อมูล ICE ของคุณซึ่งจะช่วยคุณในกรณีฉุกเฉิน"},{"$i":"qtn_oobe_set_ICE_contact","$v":"หลังจากเริ่มต้นอุปกรณ์โปรดตั้งค่ารายชื่อ ICE ในตอนแรก"},{"$i":"qtn_oobe_btn_ICE_info","$v":"สร้างข้อมูล ICE"},{"$i":"qtn-privacy-terms-welcome","$v":"ยินดีต้อนรับ"},{"$i":"qtn-privacy-policy-description-1","$v":["ขอขอบคุณที่เลือก ",{"t":"idOrVar","v":"WDM"}]},{"$i":"qtn-privacy-policy-description-2","$v":"การใช้งาน​บริการ HMD Global และ​แอพในอุปกรณ์คุณ​จะเป็นไปตาม​การควบคุมโดย​นโยบาย​ความเป็นส่วนตัว​ของ HMD Global ​ซึ่งดูได้ที่ ​ www.nokia.com/mobile-privacy"},{"$i":"qtn-privacy-policy-description-3","$v":["การใช้ซอฟต์แวร์ KaiOS บริการ และแอพพลิเคชั่นในอุปกรณ์ของคุณต้องเป็นไปตาม KaiOS EULA และข้อกำหนดด้านความเป็นส่วนตัวใน ",{"t":"idOrVar","v":"WDM"}]},{"$i":"qtn-privacy-policy-description-4","$v":{"$o":"ข้อมูลการเปิดใช้งานอุปกรณ์และตำแหน่งอุปกรณ์แบบใช้งานครั้งเดียวพร้อมอุปกรณ์เฉพาะและข้อมูลเครือข่ายของคุณจะถูกส่งไปให้ KAI & HMD"}},{"$i":"qtn-privacy-policy-description-5","$v":"ข้อมูลนี้​จะช่วยให้​เราทราบถึง​ความต้องการ​ในประเทศ​ของคุณ​ได้ดีขึ้น มอบอัพเดต​ซอฟต์แวร์ สนับสนุน​ด้านการ​ให้บริการลูกค้า และเปิดใช้​บริการต่างๆ"},{"$i":"qtn-privacy-policy-description-6","$v":"อาจเสียค่าบริการข้อมูล"},{"$i":"qtn-privacy-policy-description-7","$v":"อาจมี​ความเป็นส่วนตัว​และประกาศอื่นๆ ​เพิ่มเติมเมื่อคุณ​ใช้งานคุณสมบัติที่​แตกต่างกันไปใน​อุปกรณ์"},{"$i":"data-connectivity","$v":"ข้อความเตือน"},{"$i":"data-message","$v":"ตัวช่วยการตั้งค่าอาจใช้ข้อมูลผ่านเครือข่ายเคลื่อนที่ของคุณในการตั้งค่าโทรศัพท์เป็นครั้งแรก"}]