[{"$i":"wifi","$v":"Ağ seç"},{"$i":"ssid","$v":"SSID"},{"$i":"no-wifi-found","$v":"Kullanılabilir ağ yok."},{"$i":"wifi-searching","$v":"Ağlar aranıyor..."},{"$i":"security-open","$v":"Aç"},{"$i":"shortStatus-connecting","$v":"Bağlanıyor..."},{"$i":"shortStatus-associated","$v":"IP adresi alınıyor..."},{"$i":"shortStatus-authenticating","$v":"Kimlik doğrulanıyor..."},{"$i":"shortStatus-connected","$v":"Bağlandı"},{"$i":"shortStatus-connectingfailed","$v":"Bağlantı başarısız"},{"$i":"shortStatus-disconnected","$v":"Çevrimdışı"},{"$i":"shortStatus-connected-no-internet","$v":"Bağlandı, internet yok"},{"$i":"securityWEP","$v":"WEP"},{"$i":"securityWPA-PSK","$v":"WPA-PSK"},{"$i":"securityWPA-EAP","$v":"WPA-EAP"},{"$i":"securityWPA2-PSK","$v":"WPA2-PSK"},{"$i":"securityWPA/WPA2-PSK","$v":"WPA/WPA2-PSK"},{"$i":"securedBy","$v":[{"t":"idOrVar","v":"capabilities"}]},{"$i":"securedByWay","$v":[{"t":"idOrVar","v":"capabilities"}," ile güvenli"]},{"$i":"security","$v":"Güvenlik"},{"$i":"signalStrength","$v":"Sinyal gücü"},{"$i":"signalLevel0","$v":"Çok zayıf"},{"$i":"signalLevel1","$v":"Zayıf"},{"$i":"signalLevel2","$v":"Orta"},{"$i":"signalLevel3","$v":"İyi"},{"$i":"signalLevel4","$v":"Çok İyi"},{"$i":"ipAddress","$v":"IP adresi"},{"$i":"linkSpeed","$v":"Bağlantı hızı"},{"$i":"linkSpeedMbs","$v":[{"t":"idOrVar","v":"linkSpeed"}," Mbit/sn"]},{"$i":"wifi-rescan","$v":"Yeniden Tara"},{"$i":"wifi-join-fail","$v":[{"t":"idOrVar","v":"n"}," ağına bağlanılamıyor."]},{"$i":"wifi-connect-fail","$v":[{"t":"idOrVar","v":"n"}," için hatalı şifre."]},{"$i":"wifi-ip-set-fail","$v":"IP ayarları başarısız oldu."},{"$i":"wifi-pw-length-error","$v":"Şifre 8 karakterden daha uzun olmalıdır."},{"$i":"password","$v":"Parola"},{"$i":"showPassword","$v":"Şifreyi Göster"},{"$i":"connect","$v":"Bağlan"},{"$i":"rescanCompleted","$v":"Yeniden tarama işlemi tamamlandı."},{"$i":"failedToConnect","$v":"Bağlanılamadı."},{"$i":"select","$v":"Seç"},{"$i":"skip","$v":"Atla"},{"$i":"next","$v":"Sonraki"},{"$i":"accept","$v":"Kabul et"},{"$i":"cancel","$v":"İptal"},{"$i":"ok","$v":"Tamam"},{"$i":"notNow","$v":"Şimdi değil"},{"$i":"forget","$v":"Unut"},{"$i":"confirmation","$v":"Onay"},{"$i":"forget-network","$v":"Ağ unutulsun mu?"},{"$i":"network-forgotten","$v":"Ağ unutuldu."},{"$i":"hfa","$v":"HFA"},{"$i":"setup-phone-verification","$v":"Telefon Doğrulama"},{"$i":"phone-verification-entry-message","$v":"Mağazaya ve ek hizmetlere ulaşmak için numaranızı doğrulayarak bir hesap kurun."},{"$i":"phone-verification-skip-message","$v":"Telefon doğrulamanız tamamlanmadı. Ayarlar>Hesap kısmından daha sonra doğrulayabilirsiniz. Doğrulama, Mağaza'ya ve ek hizmetlere ulaşmak için gereklidir."},{"$i":"setup-account","$v":"KaiOS Hesabı Kur"},{"$i":"create-account-li","$v":"Hesap oluştur"},{"$i":"login-account-li","$v":"Oturum aç"},{"$i":"account-setup-message","$v":"Bir KaiOS hesabıyla bilgilerinizi güvende tutun. Telefonunuzu kaybederseniz KaiOS hesabınız telefonunuzdaki bütün verileri uzaktan kilitlemenize veya silmenize olanak sağlar. KaiOS hesabınızı daha sonra Ayarlar'dan da oluşturabilirsiniz."},{"$i":"sign-in-success","$v":"Oturum Açma Başarılı"},{"$i":"account-welcome","$v":"Hoş geldiniz"},{"$i":"logged-in-message","$v":[{"t":"idOrVar","v":"email"}]},{"$i":"anti-theft","$v":"Hırsızlık Önleme"},{"$i":"anti-theft-info","$v":"Telefonunuzu hiçbir zaman kaybetmeyeceğinizi umuyoruz, fakat kaybederseniz uzaktan kilitleme ve silme özelliklerimizle verilerinizi koruyabilirsiniz. Hazır olduğunuz zaman, KaiOS hesabınızı oluşturmak için Ayarlar'a gidin."},{"$i":"companion-phone","$v":"Yardımcı Telefon"},{"$i":"companion-phone-info","$v":"Birincil cihazınız ve KaiOS destekli telefonunuz arasında kişilerinizi senkronize etmek ve dosyalarınızı aktarmak için KaiOS yardımcı uygulamasını indirin."},{"$i":"select-language","$v":"Dili Seç"},{"$i":"language-current","$v":"Geçerli"},{"$i":"language-readout-on","$v":"Sesli Okuma Açık"},{"$i":"language-readout-off","$v":"Sesli Okuma Kapalı"},{"$i":"decline-info","$v":"Bu cihazı kullanmak için KaiOS Lisans Koşulları ve Gizlilik İlkesinin kabul edilmesi gerekir."},{"$i":"kaios-license","$v":"KaiOS Lisans Koşulları ve Gizlilik İlkesi"},{"$i":"decline","$v":"Reddet"},{"$i":"privacy-confirm","$v":"Kabul Et'e basarak KaiOS Lisans Koşulları ve Gizlilik İlkesini kabul etmiş oluyorsunuz."},{"$i":"open-url","$v":"URL'Yİ AÇ"},{"$i":"lyf-license","$v":"LYF Lisans Koşulları"},{"$i":"emergency","$v":"Acil Durum"},{"$i":"pin-incorrect","$v":"Hatalı PIN"},{"$i":"puk-incorrect","$v":"Hatalı PUK"},{"$i":"inputCodeRetriesLeft","$v":{"few":[{"t":"idOrVar","v":"n"}," deneme hakkınız kaldı."],"many":[{"t":"idOrVar","v":"n"}," deneme hakkınız kaldı."],"one":"1 deneme hakkınız kaldı.","other":[{"t":"idOrVar","v":"n"}," deneme hakkınız kaldı."],"two":[{"t":"idOrVar","v":"n"}," deneme hakkınız kaldı."]},"$x":[{"t":"idOrVar","v":"plural"},"n"]},{"$i":"inputCodePukRetriesLeft","$v":{"few":[{"t":"idOrVar","v":"n"}," deneme hakkınız kaldı."],"many":[{"t":"idOrVar","v":"n"}," deneme hakkınız kaldı."],"one":"1 deneme hakkınız kaldı.","other":[{"t":"idOrVar","v":"n"}," deneme hakkınız kaldı."],"two":[{"t":"idOrVar","v":"n"}," deneme hakkınız kaldı."]},"$x":[{"t":"idOrVar","v":"plural"},"n"]},{"$i":"pin-label","$v":"SIM PIN"},{"$i":"enter-pin","$v":"SIM PIN'i girin"},{"$i":"sim1-enter-pin","$v":"SIM1 PIN'i girin"},{"$i":"sim2-enter-pin","$v":"SIM2 PIN'i girin"},{"$i":"done","$v":"Bitti"},{"$i":"enter-puk","$v":"PUK girin"},{"$i":"sim1-enter-puk","$v":"SIM1 PUK'u girin"},{"$i":"sim2-enter-puk","$v":"SIM2 PUK'u girin"},{"$i":"puk-label","$v":"PUK"},{"$i":"new-pin-label","$v":"Yeni SIM PIN kodu (4-8 rakam olmalıdır)"},{"$i":"confirm-new-pin-label","$v":"Yeni SIM PIN kodununu doğrulayın"},{"$i":"pincode-length-error","$v":"SIM PIN 4–8 rakamdan oluşmalıdır."},{"$i":"pin-final-locked","$v":"SIM kart kilitlendi."},{"$i":"pin-final-failed-text","$v":"SIM kilidini açmak için PUK kodunu girmek ister misiniz?"},{"$i":"sim-locked","$v":"SIM Kilitli"},{"$i":"sim1-locked","$v":"SIM1 Kilitlendi"},{"$i":"sim2-locked","$v":"SIM2 Kilitlendi"},{"$i":"new-pin-confirm-error","$v":"Yeni SIM PIN onaylama başarısız oldu."},{"$i":"puk-final-locked","$v":"Hatalı PUK"},{"$i":"puk-final-failed-text","$v":"SIM kartınız süresiz kilitlendi. Daha fazla bilgi için operatörünüzle irtibat kurun."},{"$i":"about-kaios","$v":"KaiOS hakkında"},{"$i":"about-kaios-p1","$v":"KaiOS'a hoş geldiniz."},{"$i":"about-kaios-p2","$v":"Misyonumuz, toplumum tüm üyeleri için bir gerçeklik olan harika dijital ürün ve hizmetlere erişim olanağı sunarak bireylere, ailelerine ve topluluklara fırsatlar yaratmaktır."},{"$i":"about-kaios-p3","$v":"Otomatik olarak analiz verileri göndererek ürün ve hizmetlerimizi iyileştirmemize yardımcı olabilirsiniz. Cihazlarınızdaki verileri nasıl işlediğimizi öğrenmek için gizlilik koşullarımıza bakın."},{"$i":"about-kaios-p4","$v":"Bu ayarları değiştirmek için adımları izleyin: Ayarlar> Gizlilik ve Güvenlik> KaiOS "},{"$i":"about-kaios-agree","$v":"Analitik veriler göndererek yardım etmek istiyorum."},{"$i":"about-kaios-age","$v":"16 yaşından büyüğüm."},{"$i":"about-kaios-ad","$v":"Reklam deneyimimi iyileştirmek için verilerimi kullan."},{"$i":"deselect","$v":"Seçimi kaldır"},{"$i":"selectKeyboard","$v":"Klavye seçin"},{"$i":"send-data-via","$v":"Veri'yi üzerinden yollayın"},{"$i":"wifi-and-carrier-data","$v":"Wi-Fi ve Taşıyıcı Verileri"},{"$i":"wifi-only","$v":"Sadece Wi-Fi"},{"$i":"more","$v":"Diğer >"},{"$i":"qtn_oobe_high_volume","$v":"Erişilebilirlik modunda yüksek ses düz. dikkat edin."},{"$i":"qtn_oobe_enter","$v":"Hâlâ Erişilebilirlik mod. geçmek istiyr msnz?"},{"$i":"qtn_oobe_hdr_senior_mode","$v":"Erişilebilirlik modu"},{"$i":"qtn_oobe_hdr_ICE","$v":"Acil D. Bilg."},{"$i":"qtn_oobe_rem_create_ICE","$v":"Lütfen size acil durumda yardımcı olacak Acil Durum bilgisi  ayrıntılarınızı oluşturun."},{"$i":"qtn_oobe_set_ICE_contact","$v":"Cihazı başlatın ve"},{"$i":"qtn_oobe_btn_ICE_info","$v":"Acil D. bilg. oluştur"},{"$i":"qtn-privacy-terms-welcome","$v":"Hoş geldiniz"},{"$i":"qtn-privacy-policy-description-1","$v":[{"t":"idOrVar","v":"WDM"}," cihazını seçtiğiniz için teşekkür ederiz."]},{"$i":"qtn-privacy-policy-description-2","$v":"HMD Global servislerini ve uygulamalarını cihazınızda kullanmanız, www.nokia.com/mobile-privacy adresinden ulaşabileceğiniz HMD Global Gizlilik Poliçesi'ne tabidir."},{"$i":"qtn-privacy-policy-description-3","$v":["Cihazınızdaki KaiOS yazılımını, hizmetlerini ve uygulamalarını kullanımınız, ",{"t":"idOrVar","v":"WDM"}," kısmında bulunan KaiOS EULA ve Gizlilik Koşullarına tabidir."]},{"$i":"qtn-privacy-policy-description-4","$v":{"$o":"Benzersiz cihaz ve ağ bilgilerinizin yanı sıra, tek seferlik cihaz konum bilgileriyle birlikte cihaz etkinleştirme bilgileri KAI & HMD’ye gönderilir."}},{"$i":"qtn-privacy-policy-description-5","$v":"Bu bilgiler ülkenizdeki talepleri daha iyi karşılamamıza, yazılım güncellemeleri sağlamamıza, müşteri hizmetleri sunmamıza ve servisleri etkinleştirmemize olanak sağlar."},{"$i":"qtn-privacy-policy-description-6","$v":"Veri ücretleri uygulanabilir."},{"$i":"qtn-privacy-policy-description-7","$v":"Cihazınızın farklı özelliklerini kullanırken gizlilik bildirimleri ve diğer bildirimler sağlanabilir."},{"$i":"data-connectivity","$v":"Uyarı mesajı"},{"$i":"data-message","$v":"Kurulum sihirbazı, akıllı telefonun ilk kurulum işlemleri sırasında mobil ağ verilerini kullanabilir."}]