[{"$i":"wifi","$v":"Вибрати мережу"},{"$i":"ssid","$v":"SSID"},{"$i":"no-wifi-found","$v":"Немає доступних мереж"},{"$i":"wifi-searching","$v":"Пошук мереж…"},{"$i":"security-open","$v":"Відкрити"},{"$i":"shortStatus-connecting","$v":"З’єднання…"},{"$i":"shortStatus-associated","$v":"Отримання IP-адреси…"},{"$i":"shortStatus-authenticating","$v":"Автентифікація…"},{"$i":"shortStatus-connected","$v":"З’єднано"},{"$i":"shortStatus-connectingfailed","$v":"Помилка з’єднання"},{"$i":"shortStatus-disconnected","$v":"Офлайн"},{"$i":"shortStatus-connected-no-internet","$v":"Підключено, без доступу до Інтернету"},{"$i":"securityWEP","$v":"WEP"},{"$i":"securityWPA-PSK","$v":"WPA-PSK"},{"$i":"securityWPA-EAP","$v":"WPA-EAP"},{"$i":"securityWPA2-PSK","$v":"WPA2-PSK"},{"$i":"securityWPA/WPA2-PSK","$v":"WPA/WPA2-PSK"},{"$i":"securedBy","$v":[{"t":"idOrVar","v":"capabilities"}]},{"$i":"securedByWay","$v":["Захищено ",{"t":"idOrVar","v":"capabilities"}]},{"$i":"security","$v":"Захист"},{"$i":"signalStrength","$v":"Рівень сигналу"},{"$i":"signalLevel0","$v":"Дуже слабкий"},{"$i":"signalLevel1","$v":"Слабкий"},{"$i":"signalLevel2","$v":"Середн."},{"$i":"signalLevel3","$v":"Добре"},{"$i":"signalLevel4","$v":"Дуже добрий"},{"$i":"ipAddress","$v":"IP-адреса"},{"$i":"linkSpeed","$v":"Швидкість лінії"},{"$i":"linkSpeedMbs","$v":[{"t":"idOrVar","v":"linkSpeed"}," Mbit/s"]},{"$i":"wifi-rescan","$v":"Повторне сканування"},{"$i":"wifi-join-fail","$v":["Не вдалося підключитися до мережі ",{"t":"idOrVar","v":"n"},"."]},{"$i":"wifi-connect-fail","$v":["Неправильний пароль для ",{"t":"idOrVar","v":"n"},"."]},{"$i":"wifi-ip-set-fail","$v":"Неправильні настройки IP-адреси."},{"$i":"wifi-pw-length-error","$v":"Пароль має містити більше 8 символів."},{"$i":"password","$v":"Пароль"},{"$i":"showPassword","$v":"Відобразити пароль"},{"$i":"connect","$v":"З’єднати"},{"$i":"rescanCompleted","$v":"Повторне сканування завершено."},{"$i":"failedToConnect","$v":"Помилка з’єднання"},{"$i":"select","$v":"Вибрати"},{"$i":"skip","$v":"Пропустити"},{"$i":"next","$v":"Далі"},{"$i":"accept","$v":"Прийняти"},{"$i":"cancel","$v":"Скасувати"},{"$i":"ok","$v":"OK"},{"$i":"notNow","$v":"Не зараз"},{"$i":"forget","$v":"Забути"},{"$i":"confirmation","$v":"Підтвердження"},{"$i":"forget-network","$v":"Забути мережу?"},{"$i":"network-forgotten","$v":"Дані про мережу видалено."},{"$i":"hfa","$v":"HFA"},{"$i":"setup-phone-verification","$v":"Перевірка телефону"},{"$i":"phone-verification-entry-message","$v":"Перевірте свій номер і настройте обліковий запис, щоб отримати доступ до магазину та додаткових послуг."},{"$i":"phone-verification-skip-message","$v":"Перевірку номера не завершено. Її можна виконати пізніше в меню \"Настройки\" > \"Обліковий запис\". Перевірку необхідно пройти, щоб отримати доступ до магазину та додаткових послуг."},{"$i":"setup-account","$v":"Налаштувати облік. запис KaiOS"},{"$i":"create-account-li","$v":"Створити облік. запис"},{"$i":"login-account-li","$v":"Вхід"},{"$i":"account-setup-message","$v":"Захистіть свою інформацію за допомогою облік. запису KaiOS. У разі втрати телефону ваш облік. запис KaiOS дозволить дистанційно заблокувати пристрій. або стерти на ньому всі дані. Крім того, згодом облік. запис KaiOS можна налаштувати в настройках."},{"$i":"sign-in-success","$v":"Вхід виконано"},{"$i":"account-welcome","$v":"Привітання"},{"$i":"logged-in-message","$v":[{"t":"idOrVar","v":"email"}]},{"$i":"anti-theft","$v":"Система проти крадіжки"},{"$i":"anti-theft-info","$v":"Сподіваємося, ви ніколи не втратите свій телефон, але якщо це станеться, ви зможете захистити свої дані за допомогою функції віддаленого блокування та стирання даних. Якщо ви готові, перейдіть до настройок, щоб налаштувати облік. запис KaiOS."},{"$i":"companion-phone","$v":"Телефон-компаньйон"},{"$i":"companion-phone-info","$v":"Установіть супровідну програму KaiOS  на смартфон, щоб синхронізувати контакти та передавати файли між основним пристроєм і телефоном на базі KaiOS."},{"$i":"select-language","$v":"Вибрати мову"},{"$i":"language-current","$v":"Поточн."},{"$i":"language-readout-on","$v":"Зчитування ввімкнено"},{"$i":"language-readout-off","$v":"Зчитування вимкнено"},{"$i":"decline-info","$v":"Щоб використовувати цей пристрій, потрібно прийняти умови та положення."},{"$i":"kaios-license","$v":"Умови ліцензії KaiOS"},{"$i":"decline","$v":"Відхилити"},{"$i":"privacy-confirm","$v":"Натиснувши \"Прийняти\", ви приймаєте умови ліцензії та політику конф. KaiOS."},{"$i":"open-url","$v":"ВІДКРИТИ URL-АДРЕСУ"},{"$i":"lyf-license","$v":"Умови ліцензії LYF"},{"$i":"emergency","$v":"Екстрені служби"},{"$i":"pin-incorrect","$v":"Неправильний PIN-код."},{"$i":"puk-incorrect","$v":"Неправильний PUK-код."},{"$i":"inputCodeRetriesLeft","$v":{"few":["Залишилося ",{"t":"idOrVar","v":"n"}," спроби."],"many":["Залишилося ",{"t":"idOrVar","v":"n"}," спроб."],"one":"(Неправильний PIN-код. Залишилась 1 спроба.)","other":["Залишилося ",{"t":"idOrVar","v":"n"}," спроби."],"two":["(Неправильний PIN-код. Залишилося спроб: ",{"t":"idOrVar","v":"n"},".)"]},"$x":[{"t":"idOrVar","v":"plural"},"n"]},{"$i":"inputCodePukRetriesLeft","$v":{"few":["Залишилося спроб: ",{"t":"idOrVar","v":"n"},"."],"many":["Залишилося спроб: ",{"t":"idOrVar","v":"n"},"."],"one":"Залишилась 1 спроба.","other":["Залишилося спроб: ",{"t":"idOrVar","v":"n"},"."],"two":["Залишилося ",{"t":"idOrVar","v":"n"}," спроби."]},"$x":[{"t":"idOrVar","v":"plural"},"n"]},{"$i":"pin-label","$v":"PIN-код SIM-картки"},{"$i":"enter-pin","$v":"Введіть PIN-код для SIM-картки"},{"$i":"sim1-enter-pin","$v":"Введіть PIN-код для SIM1"},{"$i":"sim2-enter-pin","$v":"Введіть PIN-код для SIM2"},{"$i":"done","$v":"Готово"},{"$i":"enter-puk","$v":"Введіть PUK-код"},{"$i":"sim1-enter-puk","$v":"Введіть PUK-код для SIM1"},{"$i":"sim2-enter-puk","$v":"Введіть PUK-код для SIM2"},{"$i":"puk-label","$v":"PUK-код"},{"$i":"new-pin-label","$v":"Новий PIN-код для SIM-картки (4–8 цифр)"},{"$i":"confirm-new-pin-label","$v":"Підтвердити новий PIN-код SIM-картки"},{"$i":"pincode-length-error","$v":"PIN-код SIM-картки має містити від 4 до 8 цифр."},{"$i":"pin-final-locked","$v":"SIM-картку заблоковано."},{"$i":"pin-final-failed-text","$v":"Ввести PUK-код, щоб розблокувати SIM-картку?"},{"$i":"sim-locked","$v":"SIM-картку заблоковано."},{"$i":"sim1-locked","$v":"SIM 1 заблоковано"},{"$i":"sim2-locked","$v":"SIM 2 заблоковано"},{"$i":"new-pin-confirm-error","$v":"Не вдалося підтвердити новий PIN-код для SIM-картки."},{"$i":"puk-final-locked","$v":"Неправильний PUK-код."},{"$i":"puk-final-failed-text","$v":"Вашу SIM-картку остаточно заблоковано. За докладною інформацією зверніться до свого оператора."},{"$i":"about-kaios","$v":"Про KaiOS"},{"$i":"about-kaios-p1","$v":"Вітаємо в KaiOS."},{"$i":"about-kaios-p2","$v":"Наша місія полягає в тому, щоб відкрити можливості для окремих людей, їх сімей та спільнот, забезпечуючи доступ до чудових цифрових продуктів та послуг для всіх членів суспільства."},{"$i":"about-kaios-p3","$v":"Ви можете допомогти нам у вдосконаленні продуктів і послуг, автоматично надсилаючи аналітичні дані. Перегляньте наші умови конфіденційності, щоб дізнатись, як ми обробляємо дані на ваших пристроях."},{"$i":"about-kaios-p4","$v":"Ви можете змінити ці налаштування в меню Налаштування> Конфід. і безпека> Про KaiOS."},{"$i":"about-kaios-agree","$v":"Я хочу допомогти, надіславши аналітичні дані."},{"$i":"about-kaios-age","$v":"Мені більше 16 років."},{"$i":"about-kaios-ad","$v":"Використовувати мої дані для персоналізації реклами."},{"$i":"deselect","$v":"Скасувати вибір"},{"$i":"selectKeyboard","$v":"Виберіть клавіатуру"},{"$i":"send-data-via","$v":"Надіслати дані через"},{"$i":"wifi-and-carrier-data","$v":"Wi-Fi та мобільні дані"},{"$i":"wifi-only","$v":"Тільки через Wi-Fi"},{"$i":"more","$v":"Більше >"},{"$i":"qtn_oobe_high_volume","$v":"Зверніть увагу на високу гучність у режимі \"Спеціальні можливості\"."},{"$i":"qtn_oobe_enter","$v":"Усе одно перейти в режим \"Спеціальні можливості\"?"},{"$i":"qtn_oobe_hdr_senior_mode","$v":"Режим \"Спеціальні можливості"},{"$i":"qtn_oobe_hdr_ICE","$v":"Профіль ICE"},{"$i":"qtn_oobe_rem_create_ICE","$v":"Укажіть деталі профілю ICE, що допоможе вам у надзвичайній ситуації."},{"$i":"qtn_oobe_set_ICE_contact","$v":"Налаштувавши пристрій,"},{"$i":"qtn_oobe_btn_ICE_info","$v":"Створити профіль ICE"},{"$i":"qtn-privacy-terms-welcome","$v":"Привітання"},{"$i":"qtn-privacy-policy-description-1","$v":["Дякуємо, що обрали ",{"t":"idOrVar","v":"WDM"},"."]},{"$i":"qtn-privacy-policy-description-2","$v":"Умови використання на пристрої послуг і програм компанії HMD Global визначено в політиці конфіденційності відповідної компанії, з положеннями якої можна ознайомитися за адресою: www.nokia.com/mobile-privacy."},{"$i":"qtn-privacy-policy-description-3","$v":["Умови використання програмного забезпечення, служб і програм KaiOS на цьому пристрої визначено Ліцензійною угодою та Політикою конфіденційності KaiOS, доступними тут: ",{"t":"idOrVar","v":"WDM"},"."]},{"$i":"qtn-privacy-policy-description-4","$v":{"$o":"Інформацію для активації пристрою та одноразове повідомлення з даними про поточне розташування пристрою, а також унікальні дані про пристрій і мережу буде надіслано до компанії KAI & HMD."}},{"$i":"qtn-privacy-policy-description-5","$v":"Завдяки цій інформації ми зможемо покращити наші послуги відповідно до особливостей попиту на них у конкретній країні, надавати оновлення програмного забезпечення та підтримку клієнтам, а також активовувати служби."},{"$i":"qtn-privacy-policy-description-6","$v":"Може стягуватися плата за передачу даних."},{"$i":"qtn-privacy-policy-description-7","$v":"Якщо Ви використовуєте інші функції свого пристрою, можуть надаватися додаткові повідомлення про конфіденційність тощо."},{"$i":"data-connectivity","$v":"Попередження"},{"$i":"data-message","$v":"Під час першого налаштування смартфона майстер налаштування може використовувати передачу даних через мобільну мережу."}]