[{"$i":"wifi","$v":"نیٹ ورک منتخب کریں"},{"$i":"ssid","$v":"SSID"},{"$i":"no-wifi-found","$v":"کوئی نیٹ ورک دستیاب نہیں"},{"$i":"wifi-searching","$v":"نیٹ ورکس تلاش کررہا ہے…"},{"$i":"security-open","$v":"کھولیں"},{"$i":"shortStatus-connecting","$v":"مربوط ہو رہا ہے…"},{"$i":"shortStatus-associated","$v":"آئی پی پتہ حاصل کررہا ہے…"},{"$i":"shortStatus-authenticating","$v":"توثیق کاری ہورہی ہے…"},{"$i":"shortStatus-connected","$v":"مربوط ہو گیا"},{"$i":"shortStatus-connectingfailed","$v":"کنیکشن ناکام ہوگیا"},{"$i":"shortStatus-disconnected","$v":"آف لائن"},{"$i":"shortStatus-connected-no-internet","$v":"مربوط، کوئی انٹرنیٹ نہیں"},{"$i":"securityWEP","$v":"WEP"},{"$i":"securityWPA-PSK","$v":"WPA-PSK"},{"$i":"securityWPA-EAP","$v":"WPA-EAP"},{"$i":"securityWPA2-PSK","$v":"WPA2-PSK"},{"$i":"securityWPA/WPA2-PSK","$v":"WPA/WPA2-PSK"},{"$i":"securedBy","$v":[{"t":"idOrVar","v":"capabilities"}]},{"$i":"securedByWay","$v":[{"t":"idOrVar","v":"capabilities"}," کے ذریعے تحفظ یافتہ"]},{"$i":"security","$v":"سیکیورٹی"},{"$i":"signalStrength","$v":"سگنل کی قوت"},{"$i":"signalLevel0","$v":"بہت کمزور"},{"$i":"signalLevel1","$v":"کمزور"},{"$i":"signalLevel2","$v":"اوسط"},{"$i":"signalLevel3","$v":"اچھا"},{"$i":"signalLevel4","$v":"بہت اچھا"},{"$i":"ipAddress","$v":"‏IP پتہ"},{"$i":"linkSpeed","$v":"لنک کی رفتار"},{"$i":"linkSpeedMbs","$v":[{"t":"idOrVar","v":"linkSpeed"}," Mbit/s"]},{"$i":"wifi-rescan","$v":"دوبارہ اسکین"},{"$i":"wifi-join-fail","$v":["نیٹ ورک ",{"t":"idOrVar","v":"n"}," شامل کرنے سے قاصر۔"]},{"$i":"wifi-connect-fail","$v":[{"t":"idOrVar","v":"n"}," کیلئے غلط پاس ورڈ۔"]},{"$i":"wifi-ip-set-fail","$v":"IP سیٹنگز ناکام ہوگئی۔"},{"$i":"wifi-pw-length-error","$v":"پاس ورڈ کی لمبائی 8 حرف سے زائد ہونی چاہیے"},{"$i":"password","$v":"پاس ورڈ"},{"$i":"showPassword","$v":"پاس ورڈ دکھائیں"},{"$i":"connect","$v":"مربوط کریں"},{"$i":"rescanCompleted","$v":"ری اسکین مکمل ہوگیا۔"},{"$i":"failedToConnect","$v":"جڑنے میں ناکام"},{"$i":"select","$v":"منتخب کریں"},{"$i":"skip","$v":"نظر انداز کریں"},{"$i":"next","$v":"اگلا"},{"$i":"accept","$v":"قبول کریں"},{"$i":"cancel","$v":"منسوخ کریں"},{"$i":"ok","$v":"ٹھیک ہے"},{"$i":"notNow","$v":"ابھی نہیں"},{"$i":"forget","$v":"بھول جائیں"},{"$i":"confirmation","$v":"توثیق کاری"},{"$i":"forget-network","$v":"نیٹ ورک بھول جائيں؟"},{"$i":"network-forgotten","$v":"نیٹ ورک بھول گیا۔"},{"$i":"hfa","$v":"HFA"},{"$i":"setup-phone-verification","$v":"فون کی تصدیق"},{"$i":"phone-verification-entry-message","$v":"اسٹور اور اضافی خدمات تک رسائی حاصل کرنے کے لئے اپنے نمبر کی تصدیق کرکے ایک اکاؤنٹ ترتیب دیں۔"},{"$i":"phone-verification-skip-message","$v":"آپ کے فون کی تصدیق نا مکمل ہے۔ آپ سیٹنگز>اکاؤنٹ میں بعد میں تصدیق کر سکتے ہیں۔ اسٹور اور اضافی خدمات تک رسائی حاصل کرنے کے لئے تصدیق کی ضرورت ہے۔"},{"$i":"setup-account","$v":"KaiOS اکاؤنٹ سیٹ اپ کریں"},{"$i":"create-account-li","$v":"اکاؤنٹ بنائيں"},{"$i":"login-account-li","$v":"سائن ان کریں"},{"$i":"account-setup-message","$v":"KaiOS اکاؤنٹ کے ساتھ اپنی معلومات محفوظ رکھیں۔ اگر کبھی آپ اپنا فون کھو دیتے ہیں تو KaiOS اکاؤنٹ آپ کو اپنے فون کو ریموٹ کے ذریعے لاک کرنے یا اس کے تمام ڈیٹا کو صاف کرنے کا اہل بناتا ہے۔ آپ بعد میں سیٹنگز میں اپنا KaiOS اکاؤںٹ بناسکتے ہیں۔"},{"$i":"sign-in-success","$v":"سائن ان کامیاب"},{"$i":"account-welcome","$v":"خوش آمدید"},{"$i":"logged-in-message","$v":[{"t":"idOrVar","v":"email"}]},{"$i":"anti-theft","$v":"چوری کی روک تھام"},{"$i":"anti-theft-info","$v":"ہم امید کرتے ہیں کہ آپ کا فون کبھی گم نہ ہو، لیکن اگر ایسا ہوجاتا ہے، تو آپ ہمارے ریموٹ لاک اور وائپ خصوصیات کا استعمال کرکے اپنے ڈییا کا تحفظ کر سکتے ہیں۔ جب آپ تیار ہوجائیں، تو اپنا KaiOS اکاؤنٹ سیٹ اپ کرنے کیلئے سیٹنگز پر جائيں۔"},{"$i":"companion-phone","$v":"کمپینئن فون"},{"$i":"companion-phone-info","$v":"اپنے اسمارٹ فون پر رابطے سنک کرنے کے لئے کائی۔او۔ایس انسٹال کریں اور اپنے ابتدائی فون اور آپکے کائی۔او۔ایس پاورڈ فون کے درمیان فائلز منتقل کریں۔"},{"$i":"select-language","$v":"زبان منتخب کریں"},{"$i":"language-current","$v":"موجودہ"},{"$i":"language-readout-on","$v":"ریڈ آؤٹ آن"},{"$i":"language-readout-off","$v":"ریڈ آؤٹ آف"},{"$i":"decline-info","$v":"اس آلے کا استعمال کرنے کے لئے کائی۔او۔ایس لائسن شرائط اور رازداری کی پالیسی کو قبول کرنا مطلوب ہے۔"},{"$i":"kaios-license","$v":"کائی۔او۔ایس لائسن شرائط اور رازداری کی پالیسی"},{"$i":"decline","$v":"مسترد کریں"},{"$i":"privacy-confirm","$v":"قبول کرنا دبانے سے آپ کائی۔او۔ایس لائسن شرائط اور رازداری کی پالیسی سے متفق ہوتے ہے۔"},{"$i":"open-url","$v":"یو۔آر۔ایل کھولیں"},{"$i":"lyf-license","$v":"LYF لائسنس کی شرائط"},{"$i":"emergency","$v":"ہنگامی"},{"$i":"pin-incorrect","$v":"غلط PIN۔"},{"$i":"puk-incorrect","$v":"غلط PUK۔"},{"$i":"inputCodeRetriesLeft","$v":{"few":[{"t":"idOrVar","v":"n"}," کوششیں باقی ہے۔"],"many":[{"t":"idOrVar","v":"n"}," کوششیں باقی ہے۔"],"one":"1 کوشش باقی","other":[{"t":"idOrVar","v":"n"}," کوششیں باقی ہے۔"],"two":[{"t":"idOrVar","v":"n"}," کوششیں باقی ہے۔"]},"$x":[{"t":"idOrVar","v":"plural"},"n"]},{"$i":"inputCodePukRetriesLeft","$v":{"few":[{"t":"idOrVar","v":"n"}," کوششیں باقی ہے۔"],"many":[{"t":"idOrVar","v":"n"}," کوششیں باقی ہے۔"],"one":"1 کوشش باقی","other":[{"t":"idOrVar","v":"n"}," کوششیں باقی ہے۔"],"two":[{"t":"idOrVar","v":"n"}," کوششیں باقی ہے۔"]},"$x":[{"t":"idOrVar","v":"plural"},"n"]},{"$i":"pin-label","$v":"سم پن"},{"$i":"enter-pin","$v":"‏سم پن درج کریں"},{"$i":"sim1-enter-pin","$v":"سم1 پن داخل کریں"},{"$i":"sim2-enter-pin","$v":"سم2 پن داخل کریں"},{"$i":"done","$v":"ہو گیا"},{"$i":"enter-puk","$v":"PUK درج کریں"},{"$i":"sim1-enter-puk","$v":"سم1 PUK داخل کریں"},{"$i":"sim2-enter-puk","$v":"سم2 PUK داخل کریں"},{"$i":"puk-label","$v":"PUK"},{"$i":"new-pin-label","$v":"نئی سم پن (4 سے 8 عددی ہونا لازمی ہے)"},{"$i":"confirm-new-pin-label","$v":"نیا سم پن سیٹ کریں"},{"$i":"pincode-length-error","$v":"نئی سم پن 4 سے 8 عددی ہونی چاہیے۔"},{"$i":"pin-final-locked","$v":"سم کارڈ مقفل ہے۔"},{"$i":"pin-final-failed-text","$v":"کیا آپ سم کارڈ ان لاک کرنے کیلئے PUK کوڈ درج کرنا جاہیں گے؟"},{"$i":"sim-locked","$v":"سم لاک ہوگیا"},{"$i":"sim1-locked","$v":"سم1 لاک ہوگیا"},{"$i":"sim2-locked","$v":"سم2 لاک ہوگیا"},{"$i":"new-pin-confirm-error","$v":"نئی سم پن کی تصدیق ناکام"},{"$i":"puk-final-locked","$v":"غلط PUK۔"},{"$i":"puk-final-failed-text","$v":"آپ کا سم کارڈ مستقل طور پر لاک ہوگیا ہے۔ مزید معلومات کیلئے اپنے کیرئیر سے رابطہ کریں۔"},{"$i":"about-kaios","$v":"کائی.او.ایس کے متعلق"},{"$i":"about-kaios-p1","$v":"کائی.او.ایس میں خوش آمدید۔"},{"$i":"about-kaios-p2","$v":"ہمارا مقصد سوسائٹی کے تمام ممبروں کیلئے اعلی ڈیجیٹل پروڈکٹس اور سروسیز تک رسائی کو حقیقت میں تبدیل کرتے ہوئے ہر ایک فرد، ان کے خاندان اور کمیونٹیز کیلئے مواقع پیش کرنا ہے۔"},{"$i":"about-kaios-p3","$v":"آپ ہمیں خود کار طور پر تجزیاتی ڈیٹا بھیج کر پروڈکٹس اور سروسیز کو بہتر بنانے میں ہماری مدد کر سکتے ہیں۔ ہم آپ کے ڈیوائسیز پر ڈیٹا کو کس طرح قابو کرتے ہیں سیکھنے کیلئے ہماری رازداری کی شرائط دیکھیں۔"},{"$i":"about-kaios-p4","$v":"آپ ان ترتیبات کو ترتیبات > رازداری اور سکیورٹی > کائی او ایس کے متعلق میں جاکر تبدیل کر سکتے ہیں۔"},{"$i":"about-kaios-agree","$v":"میں تجزیاتی ڈیٹا بھیج کر مدد کرنا چاہتا ہوں۔"},{"$i":"about-kaios-age","$v":"میں 16 سال کی عمر سے زیادہ ہوں۔"},{"$i":"about-kaios-ad","$v":"میرے اشتہارات کے تجربے کو بہتر کرنے کے لئے میرا ڈیٹا استعمال کرین۔"},{"$i":"deselect","$v":"غیر منتخب کریں"},{"$i":"selectKeyboard","$v":"کی بورڈ منتخب کریں"},{"$i":"send-data-via","$v":"ڈیٹا بھیجیں بذریعہ"},{"$i":"wifi-and-carrier-data","$v":"وائی فائی اور کیرئیر ڈیٹا"},{"$i":"wifi-only","$v":"صرف وائی فائی"},{"$i":"more","$v":"مزید  >"},{"$i":"qtn_oobe_high_volume","$v":"برائے مہربانی رسائی پذیری موڈ میں اونچی آواز پر توجہ دیں۔"},{"$i":"qtn_oobe_enter","$v":"کیا آپ اب بھی رسائی پذیری موڈ میں داخل ہونا چاہتے ہیں؟"},{"$i":"qtn_oobe_hdr_senior_mode","$v":"رسائی پذیری موڈ"},{"$i":"qtn_oobe_hdr_ICE","$v":"ICE کی معلومات"},{"$i":"qtn_oobe_rem_create_ICE","$v":"برائے مہربانی اپنی ICE کی تفصیلات بنائیں، جوکہ آپ کی ہنگامی صورتحال میں مدد کریں گی۔  "},{"$i":"qtn_oobe_set_ICE_contact","$v":"آلے کو شروع کرنے کے بعد، برائے مہربانی سب سے پہلے ICE روابط سیٹ کریں۔"},{"$i":"qtn_oobe_btn_ICE_info","$v":"ICE کی معلومات بنائیں"},{"$i":"qtn-privacy-terms-welcome","$v":"خوش آمدید"},{"$i":"qtn-privacy-policy-description-1","$v":[{"t":"idOrVar","v":"WDM"}," کے انتخاب کے لئے آپکا شکریہ."]},{"$i":"qtn-privacy-policy-description-2","$v":"آپ کے آلے میں HMD Global سروسز اور پروگرام کا آپ کا استعمال HMD Global رازداری پالیسی کی طرف سے رائج کردہ ہے، جوکہ www.nokia.com/mobile-privacy پر دستیاب ہے۔"},{"$i":"qtn-privacy-policy-description-3","$v":["آپ کے آلے میں KaiOS سافٹ ویئر، سروسز اور ایپلی کیشنز کا استعمال KaiOS EULA اور رازداری شرائط سے کنٹرول کیا جاتا ہے،  جو ",{"t":"idOrVar","v":"WDM"}," پر دستیاب ہیں"]},{"$i":"qtn-privacy-policy-description-4","$v":{"$o":"آلہ کی فعالیت معلومات، ایک بار آلہ محل وقوع اور آپ کی منفرد آلہ اور نیٹ ورک معلومات کے ساتھ KAI & HMD کو بھیج دی جائے گی."}},{"$i":"qtn-privacy-policy-description-5","$v":"اس کو جاری رکھنے کا مطلب یہ ہے کہ آپ HMD  کے رازداری کے بیان کو تسلیم کرتے ہیں۔ اس مشین کے اجراء ،لوکیشن کا میسیج اور آپ کے انفرادی مشین اورنیٹ ورک کی اطلاع HMD کو بھیجی جائے گی۔ایس ایم ایس یا ڈیٹا چارج ہوسکتا ہے لگے۔"},{"$i":"qtn-privacy-policy-description-6","$v":"ڈیٹا چارجز لاگو ہو سکتے ہیں."},{"$i":"qtn-privacy-policy-description-7","$v":"رازداری یا دیگر اطلاعات اس وقت فراہم کی جاسکتی ہیں جب آپ اپنے آلے کی مختلف خصوصیات استعمال کرتے ہیں۔"},{"$i":"data-connectivity","$v":"تنبیہ پیغام"},{"$i":"data-message","$v":"سمارٹ فون کے ابتدائی سیٹ اپ کے دوران سیٹ اپ وزارڈ موبائل نییٹ ورک پر ممکنہ موبائل ڈیٹا استعمال کرے گا۔"}]