[{"$i":"wifi","$v":"Chọn mạng"},{"$i":"ssid","$v":"SSID"},{"$i":"no-wifi-found","$v":"Mạng không khả dụng"},{"$i":"wifi-searching","$v":"Đang tìm kiếm mạng..."},{"$i":"security-open","$v":"Mở"},{"$i":"shortStatus-connecting","$v":"Đang kết nối..."},{"$i":"shortStatus-associated","$v":"Nhận một địa chỉ IP…"},{"$i":"shortStatus-authenticating","$v":"Đang xác thực…"},{"$i":"shortStatus-connected","$v":"Đã kết nối"},{"$i":"shortStatus-connectingfailed","$v":"Không kết nối được"},{"$i":"shortStatus-disconnected","$v":"Ngoại tuyến"},{"$i":"shortStatus-connected-no-internet","$v":"Đã kết nối, không có internet"},{"$i":"securityWEP","$v":"WEP"},{"$i":"securityWPA-PSK","$v":"WPA-PSK"},{"$i":"securityWPA-EAP","$v":"WPA-EAP"},{"$i":"securityWPA2-PSK","$v":"WPA2-PSK"},{"$i":"securityWPA/WPA2-PSK","$v":"WPA/WPA2-PSK"},{"$i":"securedBy","$v":[{"t":"idOrVar","v":"capabilities"}]},{"$i":"securedByWay","$v":["Được bảo mật bởi ",{"t":"idOrVar","v":"capabilities"}]},{"$i":"security","$v":"An toàn"},{"$i":"signalStrength","$v":"Cường độ tín hiệu"},{"$i":"signalLevel0","$v":"Rất yếu"},{"$i":"signalLevel1","$v":"Yếu"},{"$i":"signalLevel2","$v":"Trung bình"},{"$i":"signalLevel3","$v":"Tốt"},{"$i":"signalLevel4","$v":"Rất tốt"},{"$i":"ipAddress","$v":"Địa chỉ IP"},{"$i":"linkSpeed","$v":"Tốc độ liên kết"},{"$i":"linkSpeedMbs","$v":[{"t":"idOrVar","v":"linkSpeed"}," Mbit/giây"]},{"$i":"wifi-rescan","$v":"Quét lại"},{"$i":"wifi-join-fail","$v":["Không thể nối mạng ",{"t":"idOrVar","v":"n"},"."]},{"$i":"wifi-connect-fail","$v":["Mật khẩu không chính xác trong ",{"t":"idOrVar","v":"n"},"."]},{"$i":"wifi-ip-set-fail","$v":"Cài đặt IP không thành công."},{"$i":"wifi-pw-length-error","$v":"Mật khẩu phải dài hơn 8 ký tự."},{"$i":"password","$v":"Mật khẩu"},{"$i":"showPassword","$v":"Hiển thị Mật khẩu"},{"$i":"connect","$v":"Kết nối"},{"$i":"rescanCompleted","$v":"Đã hoàn thành quét lại."},{"$i":"failedToConnect","$v":"Không thể Kết nối"},{"$i":"select","$v":"Chọn"},{"$i":"skip","$v":"Bỏ qua"},{"$i":"next","$v":"Tiếp"},{"$i":"accept","$v":"Chấp nhận"},{"$i":"cancel","$v":"Hủy"},{"$i":"ok","$v":"OK"},{"$i":"notNow","$v":"Không phải bây giờ"},{"$i":"forget","$v":"Quên"},{"$i":"confirmation","$v":"Xác nhận"},{"$i":"forget-network","$v":"Quên mạng?"},{"$i":"network-forgotten","$v":"Đã quên mạng."},{"$i":"hfa","$v":"HFA"},{"$i":"setup-phone-verification","$v":"Xác minh Điện thoại"},{"$i":"phone-verification-entry-message","$v":"Thiết lập tài khoản bằng cách xác minh số điện thoại của bạn để truy cập cửa hàng và các dịch vụ bổ sung."},{"$i":"phone-verification-skip-message","$v":"Chưa hoàn tất xác minh điện thoại của bạn. Bạn có thể xác minh sau trong Settings>Account (Cài đặt>Tài khoản). Việc xác minh là cần thiết để truy cập Cửa hàng và các dịch vụ bổ sung."},{"$i":"setup-account","$v":"Thiết lập Tài khoản KaiOS"},{"$i":"create-account-li","$v":"Tạo Tài khoản"},{"$i":"login-account-li","$v":"Đăng nhập"},{"$i":"account-setup-message","$v":"Giữ thông tin của bạn an toàn với tài khoản KaiOS. Nếu bạn mất điện thoại, tài khoản KaiOS của bạn sẽ cho phép bạn khóa hoặc xóa từ xa tất cả dữ liệu trên điện thoại của bạn. Bạn cũng có thể thiết lập tài khoản KaiOS của mình sau trong Cài đặt."},{"$i":"sign-in-success","$v":"Đăng nhập Thành công"},{"$i":"account-welcome","$v":"Xin chào"},{"$i":"logged-in-message","$v":[{"t":"idOrVar","v":"email"}]},{"$i":"anti-theft","$v":"Chống Trộm"},{"$i":"anti-theft-info","$v":"Chúng tôi hy vọng bạn không bao giờ bị mất điện thoại, nhưng nếu trường hợp đó xảy ra, bạn có thể bảo vệ dữ liệu của bạn bằng tính năng khóa và xóa từ xa của chúng tôi. Khi bạn đã sẵn sàng, hãy tới Cài đặt để thiết lập tài khoản KaiOS của bạn."},{"$i":"companion-phone","$v":"Điện thoại Đồng hành"},{"$i":"companion-phone-info","$v":"Cài đặt ứng dụng đồng hành KaiOS trên điện thoại thông minh của bạn để đồng bộ các liên hệ và truyền tập tin giữa thiết bị chính của bạn và điện thoại chạy KaiOS của bạn."},{"$i":"select-language","$v":"Chọn Ngôn ngữ"},{"$i":"language-current","$v":"Hiện hành"},{"$i":"language-readout-on","$v":"Bật tính năng Đọc to"},{"$i":"language-readout-off","$v":"Tắt tính năng Đọc to"},{"$i":"decline-info","$v":"Cần chấp nhận các Điều khoản Cấp phép và Chính sách Quyền Riêng tư của KaiOS để sử dụng thiết bị này."},{"$i":"kaios-license","$v":"Các Điều khoản Cấp phép và Chính sách Quyền Riêng tư của KaiOS"},{"$i":"decline","$v":"Từ chối"},{"$i":"privacy-confirm","$v":"Bằng cách nhấn vào Accept (Chấp nhận), bạn đồng ý với các Điều khoản Cấp phép và Chính sách Quyền Riêng tư của KaiOS."},{"$i":"open-url","$v":"MỞ URL"},{"$i":"lyf-license","$v":"Điều khoản của Giấy phép LYF"},{"$i":"emergency","$v":"Khẩn cấp"},{"$i":"pin-incorrect","$v":"Mã PIN không chính xác."},{"$i":"puk-incorrect","$v":"Mã PUK không chính xác."},{"$i":"inputCodeRetriesLeft","$v":{"few":[{"t":"idOrVar","v":"n"}," lần thử còn lại."],"many":[{"t":"idOrVar","v":"n"}," lần thử còn lại."],"one":"Còn 1 lần thử.","other":[{"t":"idOrVar","v":"n"}," lần thử còn lại."],"two":[{"t":"idOrVar","v":"n"}," lần thử còn lại."]},"$x":[{"t":"idOrVar","v":"plural"},"n"]},{"$i":"inputCodePukRetriesLeft","$v":{"few":[{"t":"idOrVar","v":"n"}," lần thử còn lại."],"many":[{"t":"idOrVar","v":"n"}," lần thử còn lại."],"one":"Còn 1 lần thử.","other":[{"t":"idOrVar","v":"n"}," lần thử còn lại."],"two":[{"t":"idOrVar","v":"n"}," lần thử còn lại."]},"$x":[{"t":"idOrVar","v":"plural"},"n"]},{"$i":"pin-label","$v":"Mã PIN của SIM"},{"$i":"enter-pin","$v":"Nhập mã PIN của SIM"},{"$i":"sim1-enter-pin","$v":"Nhập mã PIN của SIM1"},{"$i":"sim2-enter-pin","$v":"Nhập mã PIN của SIM2"},{"$i":"done","$v":"Đã xong"},{"$i":"enter-puk","$v":"Nhập mã PUK"},{"$i":"sim1-enter-puk","$v":"Nhập mã PUK của SIM1"},{"$i":"sim2-enter-puk","$v":"Nhập mã PUK của SIM2"},{"$i":"puk-label","$v":"PUK"},{"$i":"new-pin-label","$v":"Mã PIN Mới của SIM(phải từ 4 đến 8 chữ số)"},{"$i":"confirm-new-pin-label","$v":"Xác nhận mã PIN Mới của SIM"},{"$i":"pincode-length-error","$v":"Mã PIN của SIM phải bao gồm 4-8 chữ số."},{"$i":"pin-final-locked","$v":"Thẻ SIM bị khóa."},{"$i":"pin-final-failed-text","$v":"Bạn có muốn nhập mã PUK để mở khóa thẻ SIM không?"},{"$i":"sim-locked","$v":"Đã khóa SIM"},{"$i":"sim1-locked","$v":"Đã khóa SIM1"},{"$i":"sim2-locked","$v":"Đã khóa SIM2"},{"$i":"new-pin-confirm-error","$v":"Xác nhận mã PIN mới của SIM không thành công."},{"$i":"puk-final-locked","$v":"Mã PUK không chính xác."},{"$i":"puk-final-failed-text","$v":"Thẻ SIM của bạn sẽ bị khóa vĩnh viễn. Hãy liên hệ với nhà mạng của bạn để biết thêm thông tin."},{"$i":"about-kaios","$v":"Về KaiOS"},{"$i":"about-kaios-p1","$v":"Chào mừng đến với KaiOS."},{"$i":"about-kaios-p2","$v":"Nhiệm vụ của chúng tôi là mở ra cơ hội cho các cá nhân, gia đình và cộng đồng bằng cách biến sự tiếp cận đến với các sản phẩm và dịch vụ kỹ thuật số tuyệt vời trở thành hiện thực cho tất cả các thành viên của xã hội."},{"$i":"about-kaios-p3","$v":"Bạn có thể giúp chúng tôi cải thiện sản phẩm và dịch vụ bằng cách tự động gửi dữ liệu phân tích. Xem điều khoản bảo mật của chúng tôi để tìm hiểu cách chúng tôi xử lý dữ liệu trên thiết bị của bạn."},{"$i":"about-kaios-p4","$v":{"$o":"Bạn có thể thay đổi các cài đặt này trong Settings (Cài đặt) > Privacy & Security (Quyền riêng tư & Bảo mật) > About KaiOS (Giới thiệu về KaiOS)."}},{"$i":"about-kaios-agree","$v":"Tôi muốn trợ giúp bằng cách gửi dữ liệu phân tích."},{"$i":"about-kaios-age","$v":"Tôi trên 16 tuổi."},{"$i":"about-kaios-ad","$v":"Sử dụng dữ liệu của tôi để cải thiện trải nghiệm quảng cáo."},{"$i":"deselect","$v":"Bỏ chọn"},{"$i":"selectKeyboard","$v":"Chọn Bàn phím"},{"$i":"send-data-via","$v":"Gửi Dữ liệu qua"},{"$i":"wifi-and-carrier-data","$v":"Wi-Fi và Dữ liệu của Nhà mạng"},{"$i":"wifi-only","$v":"Chỉ dùng Wi-Fi"},{"$i":"more","$v":"Thêm >"},{"$i":"qtn_oobe_high_volume","$v":"Vui lòng lưu ý âm lượng cao trong chế độ Khả năng truy cập."},{"$i":"qtn_oobe_enter","$v":"Bạn vẫn muốn vào chế độ Khả năng truy cập?"},{"$i":"qtn_oobe_hdr_senior_mode","$v":"Chế độ Khả năng truy cập"},{"$i":"qtn_oobe_hdr_ICE","$v":"Thông tin ICE"},{"$i":"qtn_oobe_rem_create_ICE","$v":"Vui lòng tạo chi tiết thông tin ICE sẽ trợ giúp bạn trong trường hợp khẩn cấp."},{"$i":"qtn_oobe_set_ICE_contact","$v":"Sau khi khởi động thiết bị,"},{"$i":"qtn_oobe_btn_ICE_info","$v":"Tạo thông tin ICE"},{"$i":"qtn-privacy-terms-welcome","$v":"Chào mừng bạn"},{"$i":"qtn-privacy-policy-description-1","$v":["Cảm ơn bạn đã chọn ",{"t":"idOrVar","v":"WDM"},"."]},{"$i":"qtn-privacy-policy-description-2","$v":"Khi sử dụng các ứng dụng và dịch vụ HMD Global trong thiết bị, bạn phải tuân thủ Chính sách bảo mật của HMD Global có tại www.nokia.com/mobile-privacy."},{"$i":"qtn-privacy-policy-description-3","$v":["Việc sử dụng phần mềm KaiOS, các dịch vụ và ứng dụng trong thiết bị của bạn được điều chỉnh bởi KaiOS EULA và Điều khoản về quyền riêng tư tại ",{"t":"idOrVar","v":"WDM"},"."]},{"$i":"qtn-privacy-policy-description-4","$v":{"$o":"Thông tin kích hoạt thiết bị có vị trí thiết bị được gửi một lần cùng với thiết bị duy nhất của bạn và thông tin mạng sẽ được gửi đến KAI & HMD."}},{"$i":"qtn-privacy-policy-description-5","$v":"Thông tin này cho phép chúng tôi đáp ứng tốt hơn nhu cầu của quốc gia bạn, cung cấp cập nhật PM, hỗ trợ khách hàng và kích hoạt dịch vụ."},{"$i":"qtn-privacy-policy-description-6","$v":"Có thể áp dụng phí dữ liệu."},{"$i":"qtn-privacy-policy-description-7","$v":"Thông báo bảo mật và các thông báo khác có thể được cung cấp khi bạn sử dụng các tính năng khác nhau của thiết bị."},{"$i":"data-connectivity","$v":"Thông báo cảnh báo"},{"$i":"data-message","$v":"Trình hướng dẫn thiết lập có thể sử dụng dữ liệu qua mạng di động trong lần đầu tiên thiết lập điện thoại thông minh."}]