[{"$i":"wifi","$v":"Khetha inetwekhi"},{"$i":"ssid","$v":"I-SSID"},{"$i":"no-wifi-found","$v":"Akukho zinethiwekhi zifumanekayo"},{"$i":"wifi-searching","$v":"Ikhangela iinethiwekhi…"},{"$i":"security-open","$v":"Vula"},{"$i":"shortStatus-connecting","$v":"Iyaqhagamshelana..."},{"$i":"shortStatus-associated","$v":"Ifumanisa idilesi ye IP…"},{"$i":"shortStatus-authenticating","$v":"Iyaqinisekiswa..."},{"$i":"shortStatus-connected","$v":"Qhagamshelene"},{"$i":"shortStatus-connectingfailed","$v":"Uqhagamshelwano lusilele"},{"$i":"shortStatus-disconnected","$v":"Icimile"},{"$i":"shortStatus-connected-no-internet","$v":"Ixhunyiwe, akukho ntanethi"},{"$i":"securityWEP","$v":"I-WEP"},{"$i":"securityWPA-PSK","$v":"I-WPA-PSK"},{"$i":"securityWPA-EAP","$v":"I-WPA-EAP"},{"$i":"securityWPA2-PSK","$v":"I-WPA2-PSK"},{"$i":"securityWPA/WPA2-PSK","$v":"I-WPA/WPA2-PSK"},{"$i":"securedBy","$v":[{"t":"idOrVar","v":"capabilities"}]},{"$i":"securedByWay","$v":["Ikhuselwe ngu ",{"t":"idOrVar","v":"capabilities"}]},{"$i":"security","$v":"Ukhuseleko"},{"$i":"signalStrength","$v":"Amandla esignali"},{"$i":"signalLevel0","$v":"Ibuthathaka kakhulu"},{"$i":"signalLevel1","$v":"Buthathaka"},{"$i":"signalLevel2","$v":"Umlinganiselo"},{"$i":"signalLevel3","$v":"Kulungile"},{"$i":"signalLevel4","$v":"Ilungile kakhulu"},{"$i":"ipAddress","$v":"Idilesi ye IP"},{"$i":"linkSpeed","$v":"Isanywa seLinki"},{"$i":"linkSpeedMbs","$v":[{"t":"idOrVar","v":"linkSpeed"}," Mbit/s"]},{"$i":"wifi-rescan","$v":"Skena kwakhona"},{"$i":"wifi-join-fail","$v":["Ayinakho ukujoyina le netwekhi ",{"t":"idOrVar","v":"n"},"."]},{"$i":"wifi-connect-fail","$v":["Ipasiwedi ekungeyiyo ye ",{"t":"idOrVar","v":"n"},"."]},{"$i":"wifi-ip-set-fail","$v":"IP iisethingi zisilele."},{"$i":"wifi-pw-length-error","$v":"Ubude bepasiwedi mabube ngaphezu kwe 8 yoonobumba."},{"$i":"password","$v":"Ipasiwedi"},{"$i":"showPassword","$v":"Bonisa iPaswedi"},{"$i":"connect","$v":"Qhagamshela"},{"$i":"rescanCompleted","$v":"Ukuskena kwakhon kugqibile."},{"$i":"failedToConnect","$v":"Isilele Ukuqhagamshela"},{"$i":"select","$v":"Khetha"},{"$i":"skip","$v":"Tsiba"},{"$i":"next","$v":"Olandelayo"},{"$i":"accept","$v":"Yamkela"},{"$i":"cancel","$v":"Rhoxisa"},{"$i":"ok","$v":"KULUNGILE"},{"$i":"notNow","$v":"Hayi ngoku"},{"$i":"forget","$v":"Libala"},{"$i":"confirmation","$v":"Isiqinisekiso"},{"$i":"forget-network","$v":"Libala ngale nethiwekhi?"},{"$i":"network-forgotten","$v":"Inethiwekhi ilityelwe."},{"$i":"hfa","$v":"HFA"},{"$i":"setup-phone-verification","$v":"Ungqinisiso lweFowuni"},{"$i":"phone-verification-entry-message","$v":"Misela i-akhawunti."},{"$i":"phone-verification-skip-message","$v":"Ukungqinisiswa kwefowuni yakho akugqitywanga. Ungayingqinisisa kamva kwiiSethingi > i-Akhawunti. Ungqinisiso luyafuneka ukuze ungene kwi-Store nakwiinkonzo ezongezelelekileyo."},{"$i":"setup-account","$v":"Misela i-Akhawunti ye-KaiOS"},{"$i":"create-account-li","$v":"Yila Iakhawunti"},{"$i":"login-account-li","$v":"Ngena"},{"$i":"account-setup-message","$v":"Gcina ulwazi lwakho lukhuselekile nge-akhawunti ye KaiOS. Ukuaba uke ulahlekelwe yifowuni yakho, i-akhawunti yakho ye KaiOS izakukuvumela ukuvala ukude okanye ususe yonke idatha ekwifowuni yakho. Ungaseta kwakhona i-akhawunti yakho ye KaiOS kamva kwiiSethingi."},{"$i":"sign-in-success","$v":"Ukungena kuphumelele"},{"$i":"account-welcome","$v":"Wamkelekile"},{"$i":"logged-in-message","$v":[{"t":"idOrVar","v":"email"}]},{"$i":"anti-theft","$v":"i-Anti-Theft"},{"$i":"anti-theft-info","$v":"Siyathemba ukuba awungekhe ulahlekelwe yifowuni yakho, kodwa ukuba kuyenzeka, ungakhusela idatha yakho ukude ngemisebenzi yethu yesitshixi  neyokusula. Xa sewulungile, yiya kwiiSethingi ukuze umisele i-akhawunti yakho ye-KaiOS."},{"$i":"companion-phone","$v":"Ifowuni Yomlingane"},{"$i":"companion-phone-info","$v":"Fakela i-app yomlingane ye-KaiOS kwi-smartphone yakho ukungqamanisa abaqhakamshelwa uze udlulisele iifayile phakathi kwesixhobo sakho esiphambili nefowuni yakho exhaswa yi-KaiOS."},{"$i":"select-language","$v":"Khetha uLwimi"},{"$i":"language-current","$v":"Ngoku"},{"$i":"language-readout-on","$v":"Ufundophandle luvuliwe"},{"$i":"language-readout-off","$v":"Ufundophandle luvaliwe"},{"$i":"decline-info","$v":"Ukwamnkelwa Imimmiselo neMiqathango kuyadingeka ukusebenzisa esisixhobo."},{"$i":"kaios-license","$v":"Immimiselo neMiqathango ye KaiOS"},{"$i":"decline","$v":"Mayikhatywe"},{"$i":"privacy-confirm","$v":"NgokucofaNdiyamnkela uyavuma kwiSigunyaziso neMmiselo nePolisi yaBucala ye KaiOS"},{"$i":"open-url","$v":"VULA I-URL"},{"$i":"lyf-license","$v":"Immimiselo neMiqhathango ye LYF"},{"$i":"emergency","$v":"Engxamisekile"},{"$i":"pin-incorrect","$v":"I-PIN ekungeyiyo."},{"$i":"puk-incorrect","$v":"IPUK ekungeyiyo."},{"$i":"inputCodeRetriesLeft","$v":{"few":["Izihlandlo ezi-",{"t":"idOrVar","v":"n"}," zokuzama eziseleyo."],"many":["Izihlandlo ezi-",{"t":"idOrVar","v":"n"}," zokuzama eziseleyo."],"one":"(Akuyiyo i-PIN. 1 umzamo oseleyo.)","other":["Izihlandlo ezi-",{"t":"idOrVar","v":"n"}," zokuzama eziseleyo."],"two":["(Akuyiyo i-PIN. ",{"t":"idOrVar","v":"n"}," imizamo eseleyo.)"]},"$x":[{"t":"idOrVar","v":"plural"},"n"]},{"$i":"inputCodePukRetriesLeft","$v":{"few":[{"t":"idOrVar","v":"n"}," imizamo eseleyo."],"many":[{"t":"idOrVar","v":"n"}," imizamo eseleyo."],"one":"1 umzamo oseleyo.","other":[{"t":"idOrVar","v":"n"}," imizamo eseleyo."],"two":[{"t":"idOrVar","v":"n"}," imizamo eseleyo."]},"$x":[{"t":"idOrVar","v":"plural"},"n"]},{"$i":"pin-label","$v":"I-PIN ye-SIM"},{"$i":"enter-pin","$v":"Faka i-PIN yeSIM"},{"$i":"sim1-enter-pin","$v":"Faka IPIN ye SIM1"},{"$i":"sim2-enter-pin","$v":"Faka IPIN ye SIM2"},{"$i":"done","$v":"Ugqibile"},{"$i":"enter-puk","$v":"Faka i-PUK"},{"$i":"sim1-enter-puk","$v":"Faka IPUK ye SIM1"},{"$i":"sim2-enter-puk","$v":"Faka IPUK ye SIM2"},{"$i":"puk-label","$v":"iPUK"},{"$i":"new-pin-label","$v":"Entsha PIN ye SIM (4-8 amanani)"},{"$i":"confirm-new-pin-label","$v":"Qinisekisa i-SIM PIN entsha"},{"$i":"pincode-length-error","$v":"I-PIN ye-SIM kumele ibe yimivo emi-4-8."},{"$i":"pin-final-locked","$v":"I-SIM khadi itshixiwe."},{"$i":"pin-final-failed-text","$v":"Ungathanda ukufake le khowudi ye-PUK c ukuze uvule i-SIM khadi ngesitshixi?"},{"$i":"sim-locked","$v":"I-SIM iTshixiwe"},{"$i":"sim1-locked","$v":"I-SIM1 Itshixiwe"},{"$i":"sim2-locked","$v":"I-SIM2 Itshixiwe"},{"$i":"new-pin-confirm-error","$v":"Uqinisekiso lwePIN ye SIM lusilele."},{"$i":"puk-final-locked","$v":"IPUK ekungeyiyo."},{"$i":"puk-final-failed-text","$v":"I-SIM khadi yakho itshixwe unaphakade. Qhagamshelana nomboneleli wakho ngenkcazelo ethe vetshe."},{"$i":"about-kaios","$v":"Mayelana neKaiOS"},{"$i":"about-kaios-p1","$v":"Wamkelekile KaiOS."},{"$i":"about-kaios-p2","$v":"Injongo yethu kukuvula amathuba abantu, iintsapho zabo kunye noluntu ngokwenza ukufikelela kwiimveliso ezininzi zeenkonzo kunye neenkonzo zedijithali ngokwenene kuwo onke amalungu oluntu."},{"$i":"about-kaios-p3","$v":"Unokusinceda ukuphucula iimveliso kunye neenkonzo ngokuthumela ngokuzenzekelayo idatha yokuhlaziya. Bona imigaqo yethu yobumfihlo ukuze sifunde indlela esisingatha ngayo idatha kwiinkcukacha zakho."},{"$i":"about-kaios-p4","$v":"Ungatshintsha ezi zicwangciso kwiZixhobo> Ubumfihlo kunye noKhuseleko> NgeKaiOS."},{"$i":"about-kaios-agree","$v":"Ndifuna ukukunceda ngokuthumela idatha ye-analytics."},{"$i":"about-kaios-age","$v":"Ndingaphezulu kweminyaka eyi-16."},{"$i":"about-kaios-ad","$v":"Sebenzisa idatha zam ukuphucula indlela yokuthengisa."},{"$i":"deselect","$v":"Yekisa ukukhetha"},{"$i":"selectKeyboard","$v":"Khetha Ikhibhodi"},{"$i":"send-data-via","$v":"Thumela idatha nge"},{"$i":"wifi-and-carrier-data","$v":"I-Wifi kunye nedatha yeselula"},{"$i":"wifi-only","$v":"Ukulala kwe-Wi-Fi"},{"$i":"more","$v":"Ukungakumbi >"},{"$i":"qtn_oobe_high_volume","$v":"Nceda uqaphele kumthamo ophezulu kwindlela yokufikelela"},{"$i":"qtn_oobe_enter","$v":"Ngaba ufuna ukufaka Indlela yokufikelela?"},{"$i":"qtn_oobe_hdr_senior_mode","$v":"Indlela yokufikelela"},{"$i":"qtn_oobe_hdr_ICE","$v":"Ulwazi lwe-ICE"},{"$i":"qtn_oobe_rem_create_ICE","$v":"Nceda udale i-ICE yakho iinkcukacha zolwazi, oko kuya kukunceda xa kwenzeka ngxakeko."},{"$i":"qtn_oobe_set_ICE_contact","$v":"Emva kokuqalisa isixhobo,"},{"$i":"qtn_oobe_btn_ICE_info","$v":"Yakha ulwazi lwe-ICE"},{"$i":"qtn-privacy-terms-welcome","$v":"Wamkelekile"},{"$i":"qtn-privacy-policy-description-1","$v":["Enkosi ngokukhetha i-",{"t":"idOrVar","v":"WDM"},"."]},{"$i":"qtn-privacy-policy-description-2","$v":"Ukusebenzisa kwakho iinkonzo nezishicileli ze HMD Global kwisixhobo sakho zilawulwa yimiGaqo yaBucala ye HMD Global, efumaneka kwi www.nokia.com/mobile-privacy."},{"$i":"qtn-privacy-policy-description-3","$v":["Usebenziso lwakho lwesishiocileli se KaiOS , iinkonzo kunye nezishicileli kwisixhobo sakho zilawulwa ngu KaiOS EULA kunyer NeMimiselo Yabucala, iyafumaneka e ",{"t":"idOrVar","v":"WDM"},"."]},{"$i":"qtn-privacy-policy-description-4","$v":{"$o":"Ulwazi lokuvuselela isixhobo ngeyexesha elinye indawo yesixhobo kunye nekhethekileyo ikhowudi yakho yesixhobo kunye nolwazi lwenethiwekhi luzakuthunyelwa kwi KAI & HMD."}},{"$i":"qtn-privacy-policy-description-5","$v":"Le nkcazelo yenza sikwazi ukufikelela ngcono iimfuneko kwilizwe lakho, sinikele uhlaziyo lwe-SW, inkxaso yomthengi neenkonzo zovuselelo."},{"$i":"qtn-privacy-policy-description-6","$v":"Intlawulo yeDatha ingafakwa."},{"$i":"qtn-privacy-policy-description-7","$v":"EyaBucala okanye ezinye izaziso zingabonelelwa xa usebenzisa iimbonakalo ezahlukileyo kwisixhobo sakho."},{"$i":"data-connectivity","$v":"Umyalezo olumkisayo"},{"$i":"data-message","$v":"Iwizadi yomiselo kungenzeka isebenzise idatha ngenetwekhi yeselfowuni ngeli xesha lomiselo lokuqala lwesmat fowuni."}]