[{"$i":"wifi","$v":"选择网络"},{"$i":"ssid","$v":"SSID"},{"$i":"no-wifi-found","$v":"网络不可用"},{"$i":"wifi-searching","$v":"搜索网络…"},{"$i":"security-open","$v":"打开"},{"$i":"shortStatus-connecting","$v":"连接中…"},{"$i":"shortStatus-associated","$v":"正在获取 IP 地址…"},{"$i":"shortStatus-authenticating","$v":"正在验证…"},{"$i":"shortStatus-connected","$v":"已连接"},{"$i":"shortStatus-connectingfailed","$v":"链接失败"},{"$i":"shortStatus-disconnected","$v":"离线"},{"$i":"shortStatus-connected-no-internet","$v":"已连接。无互联网接入。"},{"$i":"securityWEP","$v":"WEP"},{"$i":"securityWPA-PSK","$v":"WPA-PSK"},{"$i":"securityWPA-EAP","$v":"WPA-EAP"},{"$i":"securityWPA2-PSK","$v":"WPA2-PSK"},{"$i":"securityWPA/WPA2-PSK","$v":"WPA/WPA2-PSK"},{"$i":"securedBy","$v":[{"t":"idOrVar","v":"capabilities"}]},{"$i":"securedByWay","$v":["使用 ",{"t":"idOrVar","v":"capabilities"}," 加密"]},{"$i":"security","$v":"安全"},{"$i":"signalStrength","$v":"信号强度"},{"$i":"signalLevel0","$v":"非常弱"},{"$i":"signalLevel1","$v":"弱"},{"$i":"signalLevel2","$v":"平均"},{"$i":"signalLevel3","$v":"较强"},{"$i":"signalLevel4","$v":"非常好"},{"$i":"ipAddress","$v":"IP地址"},{"$i":"linkSpeed","$v":"连接速度"},{"$i":"linkSpeedMbs","$v":[{"t":"idOrVar","v":"linkSpeed"}," Mb/s"]},{"$i":"wifi-rescan","$v":"重新扫描"},{"$i":"wifi-join-fail","$v":["无法加入网络 ",{"t":"idOrVar","v":"n"},"。"]},{"$i":"wifi-connect-fail","$v":[{"t":"idOrVar","v":"n"}," 密码有误。"]},{"$i":"wifi-ip-set-fail","$v":"IP 设置失败。"},{"$i":"wifi-pw-length-error","$v":"密码长度必须在 8 个字符以上。"},{"$i":"password","$v":"密码"},{"$i":"showPassword","$v":"显示密码"},{"$i":"connect","$v":"连接"},{"$i":"rescanCompleted","$v":"重新扫描完成。"},{"$i":"failedToConnect","$v":"无法连接"},{"$i":"select","$v":"选择"},{"$i":"skip","$v":"跳过"},{"$i":"next","$v":"下一步"},{"$i":"accept","$v":"接受"},{"$i":"cancel","$v":"取消"},{"$i":"ok","$v":"确定"},{"$i":"notNow","$v":"暂不保存"},{"$i":"forget","$v":"取消保存"},{"$i":"confirmation","$v":"确认"},{"$i":"forget-network","$v":"放弃保存的网络？"},{"$i":"network-forgotten","$v":"忘记网络。"},{"$i":"hfa","$v":"HFA"},{"$i":"setup-phone-verification","$v":"手机验证"},{"$i":"phone-verification-entry-message","$v":"通过验证手机号设置账户，以便访问商店和其他服务。"},{"$i":"phone-verification-skip-message","$v":"手机验证未完成。稍后可在“设置”>“账户”中验证。访问商店和其他服务需进行验证。"},{"$i":"setup-account","$v":"设置 KaiOS 账户"},{"$i":"create-account-li","$v":"创建账户"},{"$i":"login-account-li","$v":"登录"},{"$i":"account-setup-message","$v":"KaiOS 账户确保您的信息安全。一旦手机遗失，可通过 KaiOS 账户远程锁定手机或删除全部数据。稍后可在“设置”中设置您的 KaiOS 账户。"},{"$i":"sign-in-success","$v":"登录成功"},{"$i":"account-welcome","$v":"欢迎使用"},{"$i":"logged-in-message","$v":[{"t":"idOrVar","v":"email"}]},{"$i":"anti-theft","$v":"防盗"},{"$i":"anti-theft-info","$v":"我们希望您的手机永远不会丢失，但如果丢失，可利用远程锁定和删除功能保护您的数据。准备就绪后，前往“设置”设置您的 KaiOS 账户。该功能使用过程中会连接网络。"},{"$i":"companion-phone","$v":"备用手机"},{"$i":"companion-phone-info","$v":"在智能手机上安装 KaiOS 伴侣应用，即可在主设备和 KaiOS 手机之间传输文件。"},{"$i":"select-language","$v":"设置语言"},{"$i":"language-current","$v":"当前"},{"$i":"language-readout-on","$v":"读出打开"},{"$i":"language-readout-off","$v":"读出关闭"},{"$i":"decline-info","$v":"使用本设备需要接受 KaiOS 许可条款和隐私政策。"},{"$i":"kaios-license","$v":"KaiOS 许可条款和隐私政策"},{"$i":"decline","$v":"拒绝"},{"$i":"privacy-confirm","$v":"点击“接受”表示您同意 KaiOS 许可条款和隐私政策。"},{"$i":"open-url","$v":"开放网址"},{"$i":"lyf-license","$v":"LYF 许可条款"},{"$i":"emergency","$v":"紧急呼救"},{"$i":"pin-incorrect","$v":"PIN 码错误。"},{"$i":"puk-incorrect","$v":"PUK 码有误。"},{"$i":"inputCodeRetriesLeft","$v":{"few":["还可重试 ",{"t":"idOrVar","v":"n"}," 次。"],"many":["还可重试 ",{"t":"idOrVar","v":"n"}," 次。"],"one":"还可再试 1 次。","other":["还可重试 ",{"t":"idOrVar","v":"n"}," 次。"],"two":["还可重试 ",{"t":"idOrVar","v":"n"}," 次。"]},"$x":[{"t":"idOrVar","v":"plural"},"n"]},{"$i":"inputCodePukRetriesLeft","$v":{"few":["还可重试 ",{"t":"idOrVar","v":"n"}," 次。"],"many":["还可重试 ",{"t":"idOrVar","v":"n"}," 次。"],"one":"还可再试 1 次。","other":["还可重试 ",{"t":"idOrVar","v":"n"}," 次。"],"two":["还可重试 ",{"t":"idOrVar","v":"n"}," 次。"]},"$x":[{"t":"idOrVar","v":"plural"},"n"]},{"$i":"pin-label","$v":"SIM卡PIN码"},{"$i":"enter-pin","$v":"输入SIM卡PIN码"},{"$i":"sim1-enter-pin","$v":"输入 SIM1 PIN"},{"$i":"sim2-enter-pin","$v":"输入 SIM2 PIN"},{"$i":"done","$v":"完成"},{"$i":"enter-puk","$v":"输入 PUK 码"},{"$i":"sim1-enter-puk","$v":"输入 SIM1 PUK 码"},{"$i":"sim2-enter-puk","$v":"输入 SIM2 PUK 码"},{"$i":"puk-label","$v":"PUK"},{"$i":"new-pin-label","$v":"SIM卡新的PIN码（4-8位数字）"},{"$i":"confirm-new-pin-label","$v":"确认SIM卡新的PIN码"},{"$i":"pincode-length-error","$v":"SIM 卡 PIN 码必须是 4 - 8 位。"},{"$i":"pin-final-locked","$v":"SIM卡已被锁定。"},{"$i":"pin-final-failed-text","$v":"是否输入 PUK 码，以解锁 SIM 卡？"},{"$i":"sim-locked","$v":"SIM 已锁"},{"$i":"sim1-locked","$v":"SIM 卡1被锁"},{"$i":"sim2-locked","$v":"SIM 卡2被锁"},{"$i":"new-pin-confirm-error","$v":"确认新 SIM 卡 PIN 码失败。"},{"$i":"puk-final-locked","$v":"PUK 码有误。"},{"$i":"puk-final-failed-text","$v":"您的 SIM 卡已永久锁定。联系运营商获取更多信息。"},{"$i":"about-kaios","$v":"关于 KaiOS"},{"$i":"about-kaios-p1","$v":"欢迎使用 KaiOS"},{"$i":"about-kaios-p2","$v":"我们旨在让全体社会成员都能使用到优质的数码产品和服务，从而给每个人及其家庭和社区提供更多的机会。"},{"$i":"about-kaios-p3","$v":"通过向我们自动发送分析数据，您可以帮我们改善产品和服务。请查阅我们的隐私条例来了解我们如何处理您设备上的数据。"},{"$i":"about-kaios-p4","$v":"您可以在“设置”>“隐私与安全”>“关于KaiOS”中更改这些设置。"},{"$i":"about-kaios-agree","$v":"我愿意帮助发送分析数据。"},{"$i":"about-kaios-age","$v":"我已满 16 岁。"},{"$i":"about-kaios-ad","$v":"使用我的数据改善我的广告体验。"},{"$i":"deselect","$v":"取消选择"},{"$i":"selectKeyboard","$v":"选择键盘"},{"$i":"send-data-via","$v":"发送数据通过"},{"$i":"wifi-and-carrier-data","$v":"Wi-Fi和运营商数据"},{"$i":"wifi-only","$v":"仅 Wi-Fi"},{"$i":"more","$v":"更多 >"},{"$i":"qtn_oobe_high_volume","$v":"请注意，无障碍模式下音量较高。"},{"$i":"qtn_oobe_enter","$v":"是否仍要进入无障碍模式?"},{"$i":"qtn_oobe_hdr_senior_mode","$v":"无障碍模式"},{"$i":"qtn_oobe_hdr_ICE","$v":"ICE 信息"},{"$i":"qtn_oobe_rem_create_ICE","$v":"请创建 ICE 信息详情，以防万一。"},{"$i":"qtn_oobe_set_ICE_contact","$v":"启动设备后，请先设置 ICE 联系人。"},{"$i":"qtn_oobe_btn_ICE_info","$v":"创建 ICE 信息"},{"$i":"qtn-privacy-terms-welcome","$v":"欢迎使用"},{"$i":"qtn-privacy-policy-description-1","$v":["感谢您选择",{"t":"idOrVar","v":"WDM"},"。 "]},{"$i":"qtn-privacy-policy-description-2","$v":"在设备中使用HMD Global服务和应用软件须遵守HMD Global隐私政策。您可以随时访问www.nokia.com/mobile-privacy来了解这些信息。"},{"$i":"qtn-privacy-policy-description-3","$v":["在设备上使用 KaiOS 软件、服务和应用软件受 KaiOS EULA 和隐私条款(位于 ",{"t":"idOrVar","v":"WDM"},")的约束。"]},{"$i":"qtn-privacy-policy-description-4","$v":{"$o":"设备激活信息(包含一次性设备位置及唯一设备和网络信息)将发送至 KAI&HMD。 "}},{"$i":"qtn-privacy-policy-description-5","$v":"此信息能让我们更好地满足您所在国家/地区的需求，提供软件更新、客户支持以及启动服务。"},{"$i":"qtn-privacy-policy-description-6","$v":"可能会收取数据传输费用。"},{"$i":"qtn-privacy-policy-description-7","$v":"当您使用设备的其他功能时，可能会向您提供隐私或其他通知。"},{"$i":"data-connectivity","$v":"警告消息"},{"$i":"data-message","$v":"设置向导可能会在智能手机的初始设置期间通过移动网络使用数据。系统升级消息的推送和系统更新过程中会连接网络。系统时间同步和WLAN连接时需要连接网络以确保服务可用。 "}]