[{"$i":"wifi","$v":"選取網路"},{"$i":"ssid","$v":"SSID"},{"$i":"no-wifi-found","$v":"無可用網路"},{"$i":"wifi-searching","$v":"正在搜尋網路…"},{"$i":"security-open","$v":"開啟"},{"$i":"shortStatus-connecting","$v":"正在連線…"},{"$i":"shortStatus-associated","$v":"正在取得IP地址…"},{"$i":"shortStatus-authenticating","$v":"正在驗證…"},{"$i":"shortStatus-connected","$v":"已連線"},{"$i":"shortStatus-connectingfailed","$v":"連線失敗"},{"$i":"shortStatus-disconnected","$v":"離線"},{"$i":"shortStatus-connected-no-internet","$v":"已連線，無網際網路"},{"$i":"securityWEP","$v":"WEP"},{"$i":"securityWPA-PSK","$v":"WPA-PSK"},{"$i":"securityWPA-EAP","$v":"WPA-EAP"},{"$i":"securityWPA2-PSK","$v":"WPA2-PSK"},{"$i":"securityWPA/WPA2-PSK","$v":"WPA/WPA2-PSK"},{"$i":"securedBy","$v":[{"t":"idOrVar","v":"capabilities"}]},{"$i":"securedByWay","$v":["由",{"t":"idOrVar","v":"capabilities"},"保護"]},{"$i":"security","$v":"安全"},{"$i":"signalStrength","$v":"訊號強度"},{"$i":"signalLevel0","$v":"非常弱"},{"$i":"signalLevel1","$v":"弱"},{"$i":"signalLevel2","$v":"平均"},{"$i":"signalLevel3","$v":"不錯"},{"$i":"signalLevel4","$v":"非常好"},{"$i":"ipAddress","$v":"IP位址"},{"$i":"linkSpeed","$v":"連結速度"},{"$i":"linkSpeedMbs","$v":[{"t":"idOrVar","v":"linkSpeed"}," Mbit/s"]},{"$i":"wifi-rescan","$v":"重新掃描"},{"$i":"wifi-join-fail","$v":["無法加入網路",{"t":"idOrVar","v":"n"},"。"]},{"$i":"wifi-connect-fail","$v":[{"t":"idOrVar","v":"n"},"的密碼不正確。"]},{"$i":"wifi-ip-set-fail","$v":"IP設定失敗。"},{"$i":"wifi-pw-length-error","$v":"密碼長度必須超過8個字元。"},{"$i":"password","$v":"密碼"},{"$i":"showPassword","$v":"顯示密碼"},{"$i":"connect","$v":"連線"},{"$i":"rescanCompleted","$v":"重新掃描已完成。"},{"$i":"failedToConnect","$v":"無法連線"},{"$i":"select","$v":"選取"},{"$i":"skip","$v":"忽略"},{"$i":"next","$v":"下一步"},{"$i":"accept","$v":"接受"},{"$i":"cancel","$v":"取消"},{"$i":"ok","$v":"確認"},{"$i":"notNow","$v":"不是現在"},{"$i":"forget","$v":"忘記"},{"$i":"confirmation","$v":"確認"},{"$i":"forget-network","$v":"忘記網路？"},{"$i":"network-forgotten","$v":"忘記網路。"},{"$i":"hfa","$v":"HFA"},{"$i":"setup-phone-verification","$v":"手機驗證"},{"$i":"phone-verification-entry-message","$v":"透過驗證您的號碼設定帳號，以存取存放區和其他服務。"},{"$i":"phone-verification-skip-message","$v":"您的手機驗證未完成。稍後可以在「設定」>「帳號」中驗證。必須驗證才能存取存放區和其他服務。"},{"$i":"setup-account","$v":"設定KaiOS帳號"},{"$i":"create-account-li","$v":"建立帳號"},{"$i":"login-account-li","$v":"登入"},{"$i":"account-setup-message","$v":"透過KaiOS帳號可確保資訊安全。如果您曾遺失了手機，KaiOS帳號可讓您遠端鎖定或清除您手機上的所有資料。也可以日後在「設定」中設定您的KaiOS帳號。"},{"$i":"sign-in-success","$v":"登入成功"},{"$i":"account-welcome","$v":"歡迎"},{"$i":"logged-in-message","$v":[{"t":"idOrVar","v":"email"}]},{"$i":"anti-theft","$v":"防盜"},{"$i":"anti-theft-info","$v":"我們希望您永遠不會遺失手機，但如果真的遺失了，您可以透過遠端鎖定和清除功能來保護您的資料。當您準備就緒時，請前往「設定」以設定您的KaiOS帳號。"},{"$i":"companion-phone","$v":"手機小幫手"},{"$i":"companion-phone-info","$v":"在智慧型手機上安裝 KaiOS 隨附應用程式，即可在主裝置和執行 KaiOS 的手機之間同步連絡人和傳輸檔案。"},{"$i":"select-language","$v":"選取語言"},{"$i":"language-current","$v":"當前"},{"$i":"language-readout-on","$v":"讀出開啟"},{"$i":"language-readout-off","$v":"讀出關閉"},{"$i":"decline-info","$v":"需要接受條款與條件才能使用此裝置。"},{"$i":"kaios-license","$v":"KaiOS授權條款"},{"$i":"decline","$v":"拒絕"},{"$i":"privacy-confirm","$v":"按「接受」即表示您同意KaiOS授權條款與隱私權原則。"},{"$i":"open-url","$v":"開啟URL"},{"$i":"lyf-license","$v":"LYF授權條款"},{"$i":"emergency","$v":"緊急"},{"$i":"pin-incorrect","$v":"PIN不正確。"},{"$i":"puk-incorrect","$v":"PUK不正確。"},{"$i":"inputCodeRetriesLeft","$v":{"few":["剩",{"t":"idOrVar","v":"n"},"次嘗試。"],"many":["剩",{"t":"idOrVar","v":"n"},"次嘗試。"],"one":"(PIN錯誤。還剩1次嘗試。)","other":["剩",{"t":"idOrVar","v":"n"},"次嘗試。"],"two":["(PIN錯誤。還剩",{"t":"idOrVar","v":"n"},"次嘗試。)"]},"$x":[{"t":"idOrVar","v":"plural"},"n"]},{"$i":"inputCodePukRetriesLeft","$v":{"few":["剩",{"t":"idOrVar","v":"n"},"次嘗試。"],"many":["剩",{"t":"idOrVar","v":"n"},"次嘗試。"],"one":"剩1次嘗試。","other":["剩",{"t":"idOrVar","v":"n"},"次嘗試。"],"two":["剩",{"t":"idOrVar","v":"n"},"次嘗試。"]},"$x":[{"t":"idOrVar","v":"plural"},"n"]},{"$i":"pin-label","$v":"SIM PIN"},{"$i":"enter-pin","$v":"輸入SIM PIN"},{"$i":"sim1-enter-pin","$v":"輸入SIM1 PIN"},{"$i":"sim2-enter-pin","$v":"輸入SIM2 PIN"},{"$i":"done","$v":"已完成"},{"$i":"enter-puk","$v":"輸入PUK"},{"$i":"sim1-enter-puk","$v":"輸入SIM1 PUK"},{"$i":"sim2-enter-puk","$v":"輸入SIM2 PUK"},{"$i":"puk-label","$v":"PUK"},{"$i":"new-pin-label","$v":"新SIM PIN(4到8位數)"},{"$i":"confirm-new-pin-label","$v":"確認新SIM PIN"},{"$i":"pincode-length-error","$v":"SIM PIN必須為4到8位數。"},{"$i":"pin-final-locked","$v":"SIM卡已鎖定。"},{"$i":"pin-final-failed-text","$v":"是否要輸入PUK碼以解鎖SIM卡？"},{"$i":"sim-locked","$v":"SIM卡已鎖定"},{"$i":"sim1-locked","$v":"SIM1卡已鎖定"},{"$i":"sim2-locked","$v":"SIM2卡已鎖定"},{"$i":"new-pin-confirm-error","$v":"新SIM PIN確認失敗。"},{"$i":"puk-final-locked","$v":"PUK不正確。"},{"$i":"puk-final-failed-text","$v":"您的SIM卡已永久鎖定。如需詳細資訊，請連絡系統業者。"},{"$i":"about-kaios","$v":"關於 KaiOS"},{"$i":"about-kaios-p1","$v":"歡迎使用 KaiOS。"},{"$i":"about-kaios-p2","$v":"我們旨在讓全體社會成員都能使用到優質的數碼產品和服務，從而給每個人及其家庭和社區提供更多的機會。"},{"$i":"about-kaios-p3","$v":"通過向我們自動發送分析資料，您可以幫助我們改善產品和服務。 請查閱我們的隱私條例來瞭解我們如何處理您設備上的資料。"},{"$i":"about-kaios-p4","$v":"您可以在設置>隱私和安全>關於KaiOS中更改這些設置。"},{"$i":"about-kaios-agree","$v":"我希望通過發送分析數據來提供幫助。"},{"$i":"about-kaios-age","$v":"我已年滿16歲。"},{"$i":"about-kaios-ad","$v":"使用我的資料以改進廣告體驗。"},{"$i":"deselect","$v":"取消選取"},{"$i":"selectKeyboard","$v":"選取鍵盤"},{"$i":"send-data-via","$v":"發送數據通過"},{"$i":"wifi-and-carrier-data","$v":"Wi-Fi和手機網絡數據"},{"$i":"wifi-only","$v":"僅Wi-Fi"},{"$i":"more","$v":"更多 >"},{"$i":"qtn_oobe_high_volume","$v":"請注意協助工具模式下的高音量。"},{"$i":"qtn_oobe_enter","$v":"是否仍要進入協助工具模式？"},{"$i":"qtn_oobe_hdr_senior_mode","$v":"協助工具模式"},{"$i":"qtn_oobe_hdr_ICE","$v":"ICE資訊"},{"$i":"qtn_oobe_rem_create_ICE","$v":"請建立您的ICE資訊詳情，這將有助於您應對緊急情況。"},{"$i":"qtn_oobe_set_ICE_contact","$v":"啟動裝置後，"},{"$i":"qtn_oobe_btn_ICE_info","$v":"建立ICE資訊"},{"$i":"qtn-privacy-terms-welcome","$v":"歡迎"},{"$i":"qtn-privacy-policy-description-1","$v":["謝謝您選擇",{"t":"idOrVar","v":"WDM"},"。"]},{"$i":"qtn-privacy-policy-description-2","$v":"當您使用HMD Global服務和裝置上的應用程式時，需遵守HMD Global隱私權原則，您可以隨時瀏覽www.nokia.com/mobile-privacy了解該原則。"},{"$i":"qtn-privacy-policy-description-3","$v":["當您在您的裝置中使用KaiOS軟體、服務和應用程式時，需遵守KaiOS EULA和隱私權條款，您可以在",{"t":"idOrVar","v":"WDM"},"取得這些條款。"]},{"$i":"qtn-privacy-policy-description-4","$v":{"$o":"包含一次性裝置位置的裝置啟動資訊，以及您唯一的裝置和網路資訊將發送給KAI&HMD。 "}},{"$i":"qtn-privacy-policy-description-5","$v":"此資訊使我們能夠更好地滿足您所在國家/地區的需求、提供軟體更新、客戶支援和啟動服務。"},{"$i":"qtn-privacy-policy-description-6","$v":"可能會產生數據傳輸費用。"},{"$i":"qtn-privacy-policy-description-7","$v":"當您使用裝置上的不同功能時，可能會收到隱私或其他聲明。"},{"$i":"data-connectivity","$v":"警告訊息"},{"$i":"data-message","$v":"設定精靈在初始設定智慧型手機時，可能會透過行動網路使用數據。"}]