[{"$i":"wifi","$v":"Khetha nethiwekhi"},{"$i":"ssid","$v":"SSID"},{"$i":"no-wifi-found","$v":"Awekho amanethiwekhi atholakalayo."},{"$i":"wifi-searching","$v":"Icinga inethiwekhi..."},{"$i":"security-open","$v":"Vula"},{"$i":"shortStatus-connecting","$v":"Iyaxhuma…"},{"$i":"shortStatus-associated","$v":"Ithola ikheli le-IP…"},{"$i":"shortStatus-authenticating","$v":"Iyaqinisekisa…"},{"$i":"shortStatus-connected","$v":"Kuxhumekile"},{"$i":"shortStatus-connectingfailed","$v":"Kuhlulekile ukuxhuma"},{"$i":"shortStatus-disconnected","$v":"Ayikho ku-inthanethi"},{"$i":"shortStatus-connected-no-internet","$v":"Kuxhunyiwe, ayikho i-inthanethi"},{"$i":"securityWEP","$v":"I-WEP"},{"$i":"securityWPA-PSK","$v":"I-WPA-PSK"},{"$i":"securityWPA-EAP","$v":"I-WPA-EAP"},{"$i":"securityWPA2-PSK","$v":"I-WPA2-PSK"},{"$i":"securityWPA/WPA2-PSK","$v":"I-WPA/WPA2-PSK"},{"$i":"securedBy","$v":[{"t":"idOrVar","v":"capabilities"}]},{"$i":"securedByWay","$v":["Ivikelwe yi ",{"t":"idOrVar","v":"capabilities"}]},{"$i":"security","$v":"Ukuvikeleka"},{"$i":"signalStrength","$v":"Amandla esiginali"},{"$i":"signalLevel0","$v":"Buthaka kakhulu"},{"$i":"signalLevel1","$v":"Thambile"},{"$i":"signalLevel2","$v":"Kulingene"},{"$i":"signalLevel3","$v":"Kuhle"},{"$i":"signalLevel4","$v":"Kuhle kakhulu"},{"$i":"ipAddress","$v":"Ikheli le-IP"},{"$i":"linkSpeed","$v":"Ijubane lokuxhuma"},{"$i":"linkSpeedMbs","$v":[{"t":"idOrVar","v":"linkSpeed"}," Mbit/s"]},{"$i":"wifi-rescan","$v":"Rescan"},{"$i":"wifi-join-fail","$v":["Ayikwazi ukungena kunethiwekhi ",{"t":"idOrVar","v":"n"},"."]},{"$i":"wifi-connect-fail","$v":["Iphasiwedi engalungile ye ",{"t":"idOrVar","v":"n"},"."]},{"$i":"wifi-ip-set-fail","$v":"Amasethingi e-IP ahlulekile."},{"$i":"wifi-pw-length-error","$v":"Ubude bephasiwedi kumelwe bube ngaphezu kwezinhlamvu ezingu-8."},{"$i":"password","$v":"Iphasiwedi"},{"$i":"showPassword","$v":"Bonisa Iphasiwedi"},{"$i":"connect","$v":"Xhuma"},{"$i":"rescanCompleted","$v":"Ukuskena kabusha kuqediwe."},{"$i":"failedToConnect","$v":"Ihlulekile ukuxhuma"},{"$i":"select","$v":"Khetha"},{"$i":"skip","$v":"Yeqa"},{"$i":"next","$v":"Okulandelayo"},{"$i":"accept","$v":"Yamukela"},{"$i":"cancel","$v":"Khansela"},{"$i":"ok","$v":"KULUNGILE"},{"$i":"notNow","$v":"Hhayi manje"},{"$i":"forget","$v":"Khohlwa"},{"$i":"confirmation","$v":"Ukuqinisekisa"},{"$i":"forget-network","$v":"Khohlwa inethiwekhi?"},{"$i":"network-forgotten","$v":"Inethiwekhi ikhohlwakele."},{"$i":"hfa","$v":"I-HFA"},{"$i":"setup-phone-verification","$v":"Ukuqinisekisa Ifoni"},{"$i":"phone-verification-entry-message","$v":"Setha i-akhawunti ngokuqinisekisa inombolo yakho ukuze ungene esitolo nakwezinye izinkonzo."},{"$i":"phone-verification-skip-message","$v":"Ukuqinisekisa ifoni yakho kuphelile. Ungaqinisekisa kamuva kumaSethingi>I-akhawunti. Ukuqinisekisa kuyadingeka ukuze ungene Esitolo nakwezinye izinkonzo ezengeziwe."},{"$i":"setup-account","$v":"Setha I-akhawunti Ye-KaiOS"},{"$i":"create-account-li","$v":"Yakha i-akhawunti"},{"$i":"login-account-li","$v":"Bhalisa"},{"$i":"account-setup-message","$v":"Gcina imininingwane yakho iphephile nge-akhawunti ye-KaiOS. Uma kwenzeka ulahla ifoni yakho, i-KaiOS akhawunti yakho izokuvumela ukuba uyikhiye ifoni yakho noma ususe yonke idatha efonini yakho. Ungakwazi nokusetha i-KaiOS akhawunti kamuva kumaSethingi."},{"$i":"sign-in-success","$v":"Ukungena Kuphumelele"},{"$i":"account-welcome","$v":"Siyakwamukela"},{"$i":"logged-in-message","$v":[{"t":"idOrVar","v":"email"}]},{"$i":"anti-theft","$v":"Ivembela Ubugebengu"},{"$i":"anti-theft-info","$v":"Sithemba ukuthi ngeke ikulahlekele ifoni yakho, kodwa uma kwenzeka ilahleka, ungavikela idatha yakho ngokuyikhiya nangokususa idatha. Lapho usukulungele, yiya kumaSethingi ukuze usethe iKaiOS akhawunti yakho."},{"$i":"companion-phone","$v":"Ifoni ehambisanayo"},{"$i":"companion-phone-info","$v":"Faka uhlelo lokuhambisana le-KaiOS ku-smartphone yakho ukuze uvumelanise oxhumana nabo futhi udlulisele amafayela phakathi kwedivayisi yakho eyinhloko nefoni yakho exhaswe i-KaiOS."},{"$i":"select-language","$v":"Khetha ulimi"},{"$i":"language-current","$v":"Okwamanje"},{"$i":"language-readout-on","$v":"Eyokufunda Ivuliwe"},{"$i":"language-readout-off","$v":"Eyokufunda Ivaliwe"},{"$i":"decline-info","$v":"Ukwamukela Imigomo Yelayisensi Yakwa-KaiOS kanye neNqubomgomo Yobumfihlo kuyadingeka ukuze usebenzise le divayisi"},{"$i":"kaios-license","$v":"Imigomo Yelayisensi Yakwa-KaiOS kanye neNqubomgomo Yobumfihlo"},{"$i":"decline","$v":"Nqaba"},{"$i":"privacy-confirm","$v":"Ngokuchofoza okuthi Uyamukela usuke uvumelana Nemigomo Yelayisensi Yakwa-KaiOS kanye neNqubomgomo Yobumfihlo."},{"$i":"open-url","$v":"VULA I-URL"},{"$i":"lyf-license","$v":"KaiOS Imibandela Yelayisensi"},{"$i":"emergency","$v":"Okuphuthumayo"},{"$i":"pin-incorrect","$v":"I-PIN engalungile."},{"$i":"puk-incorrect","$v":"I-PIN engalungile."},{"$i":"inputCodeRetriesLeft","$v":{"few":[{"t":"idOrVar","v":"n"}," ukuzama kwesobunxele."],"many":[{"t":"idOrVar","v":"n"}," ukuzama kwesobunxele."],"one":"1 ukuzama kwesobunxele.","other":[{"t":"idOrVar","v":"n"}," ukuzama kwesobunxele."],"two":[{"t":"idOrVar","v":"n"}," ukuzama kwesobunxele."]},"$x":[{"t":"idOrVar","v":"plural"},"n"]},{"$i":"inputCodePukRetriesLeft","$v":{"few":[{"t":"idOrVar","v":"n"}," ukuzama kwesobunxele."],"many":[{"t":"idOrVar","v":"n"}," ukuzama kwesobunxele."],"one":"1 ukuzama kwesobunxele.","other":[{"t":"idOrVar","v":"n"}," ukuzama kwesobunxele."],"two":[{"t":"idOrVar","v":"n"}," ukuzama kwesobunxele."]},"$x":[{"t":"idOrVar","v":"plural"},"n"]},{"$i":"pin-label","$v":"I-PIN ye-SIM"},{"$i":"enter-pin","$v":"Faka i-PIN ye-SIM"},{"$i":"sim1-enter-pin","$v":"Faka i-PIN ye-SIM1"},{"$i":"sim2-enter-pin","$v":"Faka i-PIN ye-SIM2"},{"$i":"done","$v":"Kwenziwe"},{"$i":"enter-puk","$v":"Faka i-PUK"},{"$i":"sim1-enter-puk","$v":"Faka i-PUK ye-SIM1"},{"$i":"sim2-enter-puk","$v":"Faka i-PUK ye-SIM2"},{"$i":"puk-label","$v":"I-PUK"},{"$i":"new-pin-label","$v":"I-PIN ye-SIM (kufanele ibe amadijithi angu-4-8)"},{"$i":"confirm-new-pin-label","$v":"Qinisekisa i-PIN ye-SIM entsha"},{"$i":"pincode-length-error","$v":"I-PIN ye-SIM kumelwe ibe amadijithi angu-4-8."},{"$i":"pin-final-locked","$v":"Ikhadi le-SIM livaliwe."},{"$i":"pin-final-failed-text","$v":"Ungathanda yini ukufaka i-PUK khodi ukuze uvule i-SIM khadi?"},{"$i":"sim-locked","$v":"I-SIM Ivalekile"},{"$i":"sim1-locked","$v":"SIM1 Ikhiyiwe"},{"$i":"sim2-locked","$v":"SIM2 Ivuliwe"},{"$i":"new-pin-confirm-error","$v":"Isiqinisekiso se-PIN ye-SIM entsha sihlulekile."},{"$i":"puk-final-locked","$v":"I-PIN engalungile."},{"$i":"puk-final-failed-text","$v":"I-SIM khadi yakho ngeke iphinde ivuleke. Thintana nabahlinzeki benethiwekhi ukuze uthole imininingwane eyengeziwe."},{"$i":"about-kaios","$v":"Mayelana ne-KaiOS"},{"$i":"about-kaios-p1","$v":"Siyakwamukela ku-KaiOS."},{"$i":"about-kaios-p2","$v":"Umgomo wethu ukuvula abathuba kubanti, imindeni yabo, nemiphakathi ngokwenza ukufinyelela kumikhiqizo yedijithali emihle namasevisi kube okwangempela kumalunga omphakathi."},{"$i":"about-kaios-p3","$v":"Ungasisiza sithuthukise imikhiqizo namasevisi ngokuthumela ngokuzenzakalelayo idatha yezibalo. Bona imigomo yethu yobumfihlo ukuze ufunde ukuthi siyiphatha kanjani idatha kumadivayisi akho."},{"$i":"about-kaios-p4","$v":{"$o":"Ungashintsha lawa masethingi kokuthi Amasethingi > Ubumfihlo & Ukuphepha > Mayelana ne-KaiOS."}},{"$i":"about-kaios-agree","$v":"Ngifuna ukusiza ngokuthumela idatha ye-analytics."},{"$i":"about-kaios-age","$v":"Sengidlulile eminyakeni engu-16."},{"$i":"about-kaios-ad","$v":"Sebenzisa idatha yami ukuze uthuthukise ulwazi lwakho lokukhangisa."},{"$i":"deselect","$v":"Yeka ukukhetha"},{"$i":"selectKeyboard","$v":"Khetha Ikhibhodi"},{"$i":"send-data-via","$v":"Thumela Idatha nge-"},{"$i":"wifi-and-carrier-data","$v":"Idatha ye-Wi-Fi neyenkampani yenethiwekhi"},{"$i":"wifi-only","$v":"I-Wi-Fi kuphela"},{"$i":"more","$v":"Okwengeziwe >"},{"$i":"qtn_oobe_high_volume","$v":"Sicela unake ivolomu ephezulu kumodi yokufinyelela."},{"$i":"qtn_oobe_enter","$v":"Ingabe usafuna ukungena Imodi yokufinyelela?"},{"$i":"qtn_oobe_hdr_senior_mode","$v":"Imodi yokufinyelela"},{"$i":"qtn_oobe_hdr_ICE","$v":"Ulwazi le-ICE"},{"$i":"qtn_oobe_rem_create_ICE","$v":"Sicela udale imininingwane yolwazi lwakho le-ICE, lelo elizokusiza esimweni esiphuthumayo."},{"$i":"qtn_oobe_set_ICE_contact","$v":"Ngemuva kokuqalisa idivayisi,"},{"$i":"qtn_oobe_btn_ICE_info","$v":"Dala ulwazi le-ICE"},{"$i":"qtn-privacy-terms-welcome","$v":"Siyakwamukela"},{"$i":"qtn-privacy-policy-description-1","$v":["Siyabonga ngokukhetha i-",{"t":"idOrVar","v":"WDM"},"."]},{"$i":"qtn-privacy-policy-description-2","$v":"Ukusebenzisa kwakho izinkonzo nama-app e-HMD Global emshinini wakho kulawulwa nguMthetho Wokuyimfihlo We-HMD Global, otholakala kule ngosi www.nokia.com/mobile-privacy."},{"$i":"qtn-privacy-policy-description-3","$v":["Ukusebenzisa kwakho isofthiwe ye-KaiOS, amasevisi nezinhlelo kudivayisi yakho abuswa i-KaiOS EULA nemigomo yobumfihlo, okutholakala ku-",{"t":"idOrVar","v":"WDM"},"."]},{"$i":"qtn-privacy-policy-description-4","$v":{"$o":"Ulwazi lokusebenzisa idivayisi kudivayisi yesikhathi esisodwa kanye nedivayisi yokhiye ohlukile nolwazi lwenethiwekhi kuzothunyelwa ku-KAI & HMD."}},{"$i":"qtn-privacy-policy-description-5","$v":"Lolu lwazi lusivumela ukuthi sihlangabezane kangcono nezidingo ezweni lakho, ukunikezela ngezibuyekezo ze-SW, usekelo lwamakhasimende namasevisi wokusebenzisa."},{"$i":"qtn-privacy-policy-description-6","$v":"Izindleko zedatha zingasebenza."},{"$i":"qtn-privacy-policy-description-7","$v":"Okuyimfihlo noma ezinye izaziso kungase kutholakale lapho usebenzisa ezinye izici zomshini wakho."},{"$i":"data-connectivity","$v":"Umlayezo wesexwayiso"},{"$i":"data-message","$v":"Umyalo wokusetha ungasebenzisa inethiwekhi yeselula phakathi kwesethaphu yokuqala ye-smart phone."}]