[{"$i":"app-header","$v":"Account Login"},{"$i":"login-successful-info","$v":"Ovaj račun će koristiti dolje navedene aplikacije. Ovo možete promijeniti pod opcijama Postavke > Račun."},{"$i":"login-successful-info-low-memory","$v":"Ovaj nalog će se koristiti ispod aplikacije. To možete promijeniti u Postavke> Račun."},{"$i":"calendar","$v":"Kalendar"},{"$i":"contacts","$v":"Imenik"},{"$i":"email","$v":"E-pošta"},{"$i":"next","$v":"Sljedeće"},{"$i":"syncing-intervals-info","$v":"Svaka aplikacija ima različite zadane intervale sinhroniziranja, provjerite u postavkama aplikacije."},{"$i":"syncing-intervals-info-low-memory","$v":"Provjerite postavke aplikacije za zadane intervale sinkronizacije."}]