[{"$i":"app-header","$v":"Konto login"},{"$i":"login-successful-info","$v":"Denne konto vil blive brugt af appsene nedenfor. Du kan ændre dette under Indstillinger > Konto."},{"$i":"login-successful-info-low-memory","$v":"Denne konto vil blive brugt af nedenstående app. Du kan ændre dette i Indstillinger> Konto."},{"$i":"calendar","$v":"Kalender"},{"$i":"contacts","$v":"Kontakter"},{"$i":"email","$v":"E-mail"},{"$i":"next","$v":"Næste"},{"$i":"syncing-intervals-info","$v":"Hver app har et forskelligt standardsynkroniseringsinterval. Kontrollér det i indstillinger for appen."},{"$i":"syncing-intervals-info-low-memory","$v":"Kontrollér appindstillingerne for standardsynkroniseringsintervaller."}]