[{"$i":"app-header","$v":"Account Login"},{"$i":"login-successful-info","$v":"This account will be used by below apps. You can change this in Settings > Account."},{"$i":"login-successful-info-low-memory","$v":"This account will be used by below app. You can change this in Settings > Account."},{"$i":"calendar","$v":"Calendar"},{"$i":"contacts","$v":"Contacts"},{"$i":"email","$v":"Email"},{"$i":"next","$v":"Next"},{"$i":"syncing-intervals-info","$v":"Each apps has different default syncing intervals, please check in app settings."},{"$i":"syncing-intervals-info-low-memory","$v":"Please check app settings for default syncing intervals."}]