[{"$i":"app-header","$v":"Inicio de sesión en la cuenta"},{"$i":"login-successful-info","$v":"Esta cuenta se usará con las aplicaciones siguientes. Puede modificarlo en Ajustes > Cuenta."},{"$i":"login-successful-info-low-memory","$v":"La aplicación utilizará esta cuenta. Puede cambiarla en Configuración > Cuenta."},{"$i":"calendar","$v":"Calendario"},{"$i":"contacts","$v":"Contactos"},{"$i":"email","$v":"Email"},{"$i":"next","$v":"Siguiente"},{"$i":"syncing-intervals-info","$v":"Cada aplicación tiene intervalos de sincronización diferentes; compruebe los ajustes de cada una."},{"$i":"syncing-intervals-info-low-memory","$v":"Consulte los intervalos de sincronización predeterminados en la configuración de la aplicación."}]