[{"$i":"app-header","$v":"Tilille kirjautuminen"},{"$i":"login-successful-info","$v":"Alla olevat sovellukset tulevat käyttämään tätä tiliä. Voit muuttaa tätä kohdassa Asetukset > Tili."},{"$i":"login-successful-info-low-memory","$v":"Tätä tiliä käyttää alla oleva sovellus. Voit muuttaa tätä Asetukset> Tili."},{"$i":"calendar","$v":"Kalenteri"},{"$i":"contacts","$v":"Osoitekirja"},{"$i":"email","$v":"Sähköposti"},{"$i":"next","$v":"Seuraava"},{"$i":"syncing-intervals-info","$v":"Eri sovelluksilla on eri oletussynkronointiväli. Tarkista sovelluksen asetukset."},{"$i":"syncing-intervals-info-low-memory","$v":"Tarkista sovellusasetukset synkronointiaikavälejä varten."}]