[{"$i":"app-header","$v":"Pag-login sa Account"},{"$i":"login-successful-info","$v":"Ang account na ito ay gagamitin ng mga apps sa ibaba. Maaari mo itong baguhin sa Mga Setting > Account."},{"$i":"login-successful-info-low-memory","$v":"Ang account na ito ay gagamitin sa ibaba ng app. Mababago mo ito sa Mga Setting> Account."},{"$i":"calendar","$v":"Kalendaryo"},{"$i":"contacts","$v":"Mga contact"},{"$i":"email","$v":"Email"},{"$i":"next","$v":"Susunod"},{"$i":"syncing-intervals-info","$v":"May iba’t ibang default na mga interval sa pag-sync ang bawat app, pakitingnan sa mga setting ng app."},{"$i":"syncing-intervals-info-low-memory","$v":"Mangyaring suriin ang mga setting ng app para sa mga default na pagitan ng pag-sync."}]