[{"$i":"app-header","$v":"Connexion au compte"},{"$i":"login-successful-info","$v":"Ce compte sera utilisé par les applications ci-dessous. Pour modifier ceci, aller à Paramètres > Compte."},{"$i":"login-successful-info-low-memory","$v":"Ce compte sera utilisé par l'application ci-dessous. Vous pouvez changer ce réglage dans Paramètres > Compte."},{"$i":"calendar","$v":"Calendrier"},{"$i":"contacts","$v":"Contacts"},{"$i":"email","$v":"Courriel"},{"$i":"next","$v":"Suivant"},{"$i":"syncing-intervals-info","$v":"Chaque application a des intervalles de synchronisation différents, consultez les paramètres des applications."},{"$i":"syncing-intervals-info-low-memory","$v":"Consultez les paramètres de l'application pour les intervalles de synchronisation par défaut."}]