[{"$i":"app-header","$v":"Connexion au compte"},{"$i":"login-successful-info","$v":"Ce compte sera utilisé par les applications suivantes. Vous pouvez modifier l’option dans Paramètres > Compte."},{"$i":"login-successful-info-low-memory","$v":"Ce compte sera utilisé par les applications suivantes. Pour modifier les réglages allez dans Réglages > Compte"},{"$i":"calendar","$v":"Agenda"},{"$i":"contacts","$v":"Contacts"},{"$i":"email","$v":"E-mail"},{"$i":"next","$v":"Suivant"},{"$i":"syncing-intervals-info","$v":"Chaque application possède des intervalles de synchronisation par défaut différents. Vérifiez dans ses paramètres."},{"$i":"syncing-intervals-info-low-memory","$v":"Vérifiez les réglages de l’application pour les intervalles de synchronisation par défaut."}]