[{"$i":"app-header","$v":"כניסה לחשבון"},{"$i":"login-successful-info","$v":"האפליקציות להלן ישתמשו בחשבון זה. תוכל לשנות זאת ב'הגדרות' > 'חשבון'."},{"$i":"login-successful-info-low-memory","$v":"חשבון זה ישמש מתחת לאפליקציה. תוכל לשנות זאת ב'הגדרות '>' חשבון '."},{"$i":"calendar","$v":"לוח שנה"},{"$i":"contacts","$v":"אנשי קשר"},{"$i":"email","$v":"דואר אלקטרוני"},{"$i":"next","$v":"הבא"},{"$i":"syncing-intervals-info","$v":"לכל יישום יש מרווחי ברירת מחדל שונים לסנכרון. בדוק את ההגדרות ביישום."},{"$i":"syncing-intervals-info-low-memory","$v":"בדוק את הגדרות האפליקציה עבור ברירת המחדל של סנכרון של מרווחים."}]