[{"$i":"app-header","$v":"Հաշվի Մուտք"},{"$i":"login-successful-info","$v":"Այս հաշիվը կօգտագործվի ստորև հավելվածների կողմից։ Կարող եք փոխել սա Կարգավորումներ > Հաշիվ հղումով։"},{"$i":"login-successful-info-low-memory","$v":"Այս հաշիվը կօգտագործվի ստորեւ ծրագրի կողմից: Դուք կարող եք այն փոխել Կարգավորումներ> Հաշվի մեջ:"},{"$i":"calendar","$v":"Օրացույց"},{"$i":"contacts","$v":"Կոնտակտներ"},{"$i":"email","$v":"Էլ․ նամակ"},{"$i":"next","$v":"Հաջորդ"},{"$i":"syncing-intervals-info","$v":"Յուրաքանչյուր հավելված ունի համաժամելու տարբեր միջակայքեր: Ստուգեք հավելվածի կարգավորումներում:"},{"$i":"syncing-intervals-info-low-memory","$v":"Խնդրում ենք ստուգել հավելվածի կարգավորումները, կանխադրված համաժամեցման ընդմիջումների համար:"}]