[{"$i":"app-header","$v":"Login ke Akun"},{"$i":"login-successful-info","$v":"Akun ini akan digunakan oleh apl berikut. Anda dapat mengubah ini di Pengaturan|> Akun."},{"$i":"login-successful-info-low-memory","$v":"Akun ini akan digunakan oleh apl berikut. Anda dapat mengubah ini di Pengaturan > Akun."},{"$i":"calendar","$v":"Kalender"},{"$i":"contacts","$v":"Kontak"},{"$i":"email","$v":"Email"},{"$i":"next","$v":"Berikutnya"},{"$i":"syncing-intervals-info","$v":"Tiap apl mempunyai interval sinkronisasi default sendiri. Periksa dalam pengaturan apl."},{"$i":"syncing-intervals-info-low-memory","$v":"Periksa pengaturan apl untuk interval sinkronisasi default."}]