[{"$i":"app-header","$v":"Innskráning reiknings"},{"$i":"login-successful-info","$v":"Þessi reikningur verður notaður af forritunum hér að neðan. Þú getur breytt þessu í „Stillingar > Reikningur“."},{"$i":"login-successful-info-low-memory","$v":"Þessi reikningur verður notaður fyrir neðan app. Þú getur breytt þessu í Stillingar> Reikningur."},{"$i":"calendar","$v":"Dagbók"},{"$i":"contacts","$v":"Tengiliðir"},{"$i":"email","$v":"Póstur"},{"$i":"next","$v":"Áfram"},{"$i":"syncing-intervals-info","$v":"Hvert forrit er með mismunandi sjálfgefið millibil milli samstillinga, sem finna má í forritastillingum."},{"$i":"syncing-intervals-info-low-memory","$v":"Vinsamlegast athugaðu stillingar fyrir sjálfgefnar samstillingar."}]