[{"$i":"app-header","$v":"Ანგარიშზე შესვლა"},{"$i":"login-successful-info","$v":"ამ ანგარიშს გამოიყენებს ქვევით მოცემული პროგრ-ები. ამის შეცვლა შეგიძლიათ პარამეტრებში > ანგარიში."},{"$i":"login-successful-info-low-memory","$v":"ეს ანგარიში გამოყენებული იქნება ქვემოთ მოცემული აპლიკაციით. შეგიძლიათ შეცვალოთ ეს პარამეტრები> ანგარიშში."},{"$i":"calendar","$v":"კალენდარი"},{"$i":"contacts","$v":"კონტაქტები"},{"$i":"email","$v":"ელფოსტა"},{"$i":"next","$v":"შემდეგი"},{"$i":"syncing-intervals-info","$v":"თითოეულ აპს აქვს სხვადასხვა ნაგულისხმევი სინქრონიზაციის ინტერვალი, გთხოვთ შეამოწმოთ აპის პარამეტრები."},{"$i":"syncing-intervals-info-low-memory","$v":"გთხოვთ, შეამოწმოთ აპლიკაციები ნაგულისხმევი სინქრონიზაციის ინტერვალით."}]