[{"$i":"app-header","$v":"Тіркелгі Кіру"},{"$i":"login-successful-info","$v":"Бұл есептік жазбаны төмендегі қолданбалар пайдаланады. Оны Параметрлер > Есептік жазба бөлімінде өзгертуге болады."},{"$i":"login-successful-info-low-memory","$v":"Бұл есептік жазба төменде қолданылатын болады. Мұны Параметрлер> Тіркелгі ішінен өзгертуге болады."},{"$i":"calendar","$v":"Күнтізбе"},{"$i":"contacts","$v":"Контактілер"},{"$i":"email","$v":"Эл. пошта"},{"$i":"next","$v":"Келесі"},{"$i":"syncing-intervals-info","$v":"Әр қолданбада өзгеше әдепкі синхрондау аралықтары болады, қолданба параметрлерінде тексеріңіз."},{"$i":"syncing-intervals-info-low-memory","$v":"Әдепкі үндестіру аралығы үшін бағдарлама параметрлерін тексеріңіз."}]