[{"$i":"app-header","$v":"Account Login"},{"$i":"login-successful-info","$v":"ແອັບຯດ້ານລຸ່ມນີ້ຈະໃຊ້ບັນຊີນີ້. ທ່ານສາມາດປ່ຽນໄດ້ໃນ ການຕັ້ງຄ່າ > ບັນຊີ."},{"$i":"login-successful-info-low-memory","$v":"ບັນຊີນີ້ຈະຖືກນໍາໃຊ້ໂດຍແອັບຯຂ້າງລຸ່ມນີ້. ທ່ານສາມາດປ່ຽນນີ້ໃນ Settings> Account."},{"$i":"calendar","$v":"ປະຕິທິນ"},{"$i":"contacts","$v":"ລາຍຊື່ຕິດຕໍ່"},{"$i":"email","$v":"ອີເມວ"},{"$i":"next","$v":"ຕໍ່ໄປ"},{"$i":"syncing-intervals-info","$v":"ແຕ່ລະແອັບຯມີຊ່ວງເວລາການປະສານເລີ່ມຕົ້ນແຕກຕ່າງກັນ, ກະລຸນາກວດກາໃນການຕັ້ງຄ່າແອັບຯ."},{"$i":"syncing-intervals-info-low-memory","$v":"ກະລຸນາກວດສອບການຕັ້ງຄ່າແອັບຯສໍາລັບໄລຍະເວລາການຊິງຕາມມາດຕະຖານ."}]