[{"$i":"app-header","$v":"Paskyros prisijungimas"},{"$i":"login-successful-info","$v":"Ši paskyra bus naudojama toliau nurodytose programose. Tai galite pakeisti skiltyje „Parametrai“ > „Paskyra“."},{"$i":"login-successful-info-low-memory","$v":"Ši paskyra bus naudojama žemiau esančioje programoje. Tai galite pakeisti nustatymuose> Paskyra."},{"$i":"calendar","$v":"Kalend."},{"$i":"contacts","$v":"Adr. kn."},{"$i":"email","$v":"El. p."},{"$i":"next","$v":"Toliau"},{"$i":"syncing-intervals-info","$v":"Kiekvienoje program. taikomi skirtingi numatytieji sinchroniz. intervalai, patikrinkite program. nustatymus."},{"$i":"syncing-intervals-info-low-memory","$v":"Patikrinkite numatytųjų sinchronizavimo intervalų programų nustatymus."}]