[{"$i":"app-header","$v":"Влез во сметката"},{"$i":"login-successful-info","$v":"Апликациите подолу ќе ја користат оваа сметка. Ова можете да го промените во Поставки> Сметка."},{"$i":"login-successful-info-low-memory","$v":"Оваа сметка ќе се користи под апликацијата подолу. Можете да го промените ова во Поставки> Сметка."},{"$i":"calendar","$v":"Календар"},{"$i":"contacts","$v":"Контакти"},{"$i":"email","$v":"Е-пошта"},{"$i":"next","$v":"Следно"},{"$i":"syncing-intervals-info","$v":"Секоја апликација има различни интервали за стандардно синхронизирање, проверете ги во поставките на апликацијата."},{"$i":"syncing-intervals-info-low-memory","$v":"Проверете ги прилагодувањата на апликациите за стандардни интервали за синхронизација."}]