[{"$i":"app-header","$v":"खाता लगइन"},{"$i":"login-successful-info","$v":"यो खाता तलका एपहरूद्वारा प्रयोग गरिनेछ। तपाईंले यसलाई सेटिङहरू > खातामा परिवर्तन गर्न सक्नुहुन्छ।"},{"$i":"login-successful-info-low-memory","$v":"यो खाता तलको एपद्वारा प्रयोग गरिनेछ। तपाईंले यसलाई सेटिङहरू > खातामा गएर परिवर्तन गर्न सक्नुहुन्छ।"},{"$i":"calendar","$v":"पात्रो"},{"$i":"contacts","$v":"सम्पर्कहरू"},{"$i":"email","$v":"इमेल"},{"$i":"next","$v":"अर्को"},{"$i":"syncing-intervals-info","$v":"प्रत्येक एपहरूका भिन्न पूर्वनिर्धारित समक्रमण अन्तरालहरू हुन्छन्, कृपया एप सेटिङहरूमा हेर्नुहोस्।"},{"$i":"syncing-intervals-info-low-memory","$v":"कृपया पूर्वनिर्धारित समक्रमण अन्तरालहरूका लागि एप सेटिङहरू जाँच गर्नुहोस्।"}]