[{"$i":"app-header","$v":"Accountaanmelding"},{"$i":"login-successful-info","$v":"Dit account wordt gebruikt door de onderstaande apps. U kunt dit wijzigen in Instellingen > Account."},{"$i":"login-successful-info-low-memory","$v":"Dit account wordt gebruikt door de onderstaande app. U kunt dit wijzigen bij Instellingen > Account."},{"$i":"calendar","$v":"Agenda"},{"$i":"contacts","$v":"Contacten"},{"$i":"email","$v":"E-mail"},{"$i":"next","$v":"Volgende"},{"$i":"syncing-intervals-info","$v":"Alle apps hebben andere standaardintervals voor synchroniseren. Controleer deze in de app-instellingen."},{"$i":"syncing-intervals-info-low-memory","$v":"Controleer de app-instellingen voor de standaardintervallen voor synchronisatie."}]