[{"$i":"app-header","$v":"Logowanie do konta"},{"$i":"login-successful-info","$v":"To konto wykorzystywane będzie przez poniższe aplikacje. Ustawienia te można zmienić w menu Ustawienia > Aplikacje."},{"$i":"login-successful-info-low-memory","$v":"To konto będzie wykorzystywane przez poniższą aplikację. Możesz to zmienić w części Ustawienia > Konto."},{"$i":"calendar","$v":"Kalendarz"},{"$i":"contacts","$v":"Kontakty"},{"$i":"email","$v":"E-mail"},{"$i":"next","$v":"Dalej"},{"$i":"syncing-intervals-info","$v":"Każda z aplikacji odznacza się innymi domyślnymi odstępami synchronizacji, sprawdź ustawienia aplikacji."},{"$i":"syncing-intervals-info-low-memory","$v":"Sprawdź domyślną częstotliwość synchronizacji w ustawieniach aplikacji."}]