[{"$i":"app-header","$v":"Início de sessão na conta"},{"$i":"login-successful-info","$v":"Esta conta será utilizada pelas aplicações abaixo. Pode alterá-lo em Definições > Conta."},{"$i":"login-successful-info-low-memory","$v":"Esta conta será utilizada pela aplicação abaixo. Pode alterá-lo em Definições > Conta."},{"$i":"calendar","$v":"Calendário"},{"$i":"contacts","$v":"Contactos"},{"$i":"email","$v":"E-mail"},{"$i":"next","$v":"Avançar"},{"$i":"syncing-intervals-info","$v":"Cada aplicação tem intervalos de sincronização predefinidos diferentes. Verifique nas definições da aplicação."},{"$i":"syncing-intervals-info-low-memory","$v":"Verifique as definições da aplicação quanto aos intervalos de sincronização predefinidos."}]