[{"$i":"app-header","$v":"Логин"},{"$i":"login-successful-info","$v":"Этот аккаунт будет использоваться в следующих приложениях. Вы можете изменить это в Настройки>Аккаунт."},{"$i":"login-successful-info-low-memory","$v":"Этот аккаунт будет использоваться приложением ниже. Вы можете изменить это в Настройки> Аккаунт."},{"$i":"calendar","$v":"Календарь"},{"$i":"contacts","$v":"Контакты"},{"$i":"email","$v":"Email"},{"$i":"next","$v":"Далее"},{"$i":"syncing-intervals-info","$v":"Каждое приложение имеет различные интервалы синхронизации по умолчанию, пожалуйста, проверьте в настройках приложения."},{"$i":"syncing-intervals-info-low-memory","$v":"Пожалуйста, проверьте настройки приложения для уточнения интервалов синхронизации по умолчанию."}]