[{"$i":"app-header","$v":"Prihlásenie do účtu"},{"$i":"login-successful-info","$v":"Účet bude používaný nižšie uvedenými aplikáciami. Zmenu možno vykonať v ponuke Nastavenia > Účet."},{"$i":"login-successful-info-low-memory","$v":"Tento účet použije nižšie uvedená aplikácia. Môžete to zmeniť v časti Nastavenia> Účet."},{"$i":"calendar","$v":"Kalendár"},{"$i":"contacts","$v":"Kontakty"},{"$i":"email","$v":"E-mail"},{"$i":"next","$v":"Ďalej"},{"$i":"syncing-intervals-info","$v":"Každá aplikácia má iný predvolený interval synchronizácie, pozrite si nastavenia aplikácie."},{"$i":"syncing-intervals-info-low-memory","$v":"Predvolené intervaly synchronizácie nájdete v nastaveniach aplikácií."}]