[{"$i":"app-header","$v":"Prijava v račun"},{"$i":"login-successful-info","$v":"Ta račun bodo uporabljale spodaj navedene aplikacije. Spremenite jih lahko v Nastavitve > Račun."},{"$i":"login-successful-info-low-memory","$v":"Ta račun bo uporabil spodaj. To lahko spremenite v Nastavitve> Račun."},{"$i":"calendar","$v":"Koledar"},{"$i":"contacts","$v":"Stiki"},{"$i":"email","$v":"E-pošta"},{"$i":"next","$v":"Naprej"},{"$i":"syncing-intervals-info","$v":"Vsaka aplikacija ima drugačen privzeti interval sinhronizacije. Preverite v nastavitvah aplikacije."},{"$i":"syncing-intervals-info-low-memory","$v":"Preverite nastavitve aplikacij za privzete intervale sinhronizacije."}]