[{"$i":"app-header","$v":"Kontoinloggning"},{"$i":"login-successful-info","$v":"Det här kontot används av apparna nedan. Du kan ändra detta i Inställningar > Konto."},{"$i":"login-successful-info-low-memory","$v":"Detta konto kommer att användas av nedan app. Du kan ändra detta i Inställningar> Konto."},{"$i":"calendar","$v":"Kalender"},{"$i":"contacts","$v":"Kontakter"},{"$i":"email","$v":"E-post"},{"$i":"next","$v":"Nästa"},{"$i":"syncing-intervals-info","$v":"Varje app har olika standardsynkintervaller, se appinställningarna."},{"$i":"syncing-intervals-info-low-memory","$v":"Kontrollera appinställningarna för standardintervall för synkronisering."}]