[{"$i":"app-header","$v":"Kuingia katika Akaunti"},{"$i":"login-successful-info","$v":"Akaunti hii itatumiwa na programu zilizo hapa chini. Unaweza kubadilisha hali hii katika Mipangilio > Akaunti."},{"$i":"login-successful-info-low-memory","$v":"Akaunti hii itatumiwa na programu ilyo hapa chini. Unaweza kubadilisha hali hii katika Mipangilio > Akaunti."},{"$i":"calendar","$v":"Kalenda"},{"$i":"contacts","$v":"Anwani"},{"$i":"email","$v":"Barua pepe"},{"$i":"next","$v":"Inayofuata"},{"$i":"syncing-intervals-info","$v":"Kila programu ina kipindi tofauti chaguomsingi cha kuswazisha, tafadhali angalia mipangilio kwenye kifaa."},{"$i":"syncing-intervals-info-low-memory","$v":"Tafadhali angalia mipangilio ya programu ili uone vipindi chaguomsingi vya kusawazisha."}]