[{"$i":"app-header","$v":"கணக்கு உள்நுழைவு"},{"$i":"login-successful-info","$v":"பின்வரும் ஆப்கள் இந்தக் கணக்கைப் பயன்படுத்தும். இதை அமைப்புகள் > கணக்கு என்பதில் நீங்கள் மாற்றலாம்."},{"$i":"login-successful-info-low-memory","$v":"இந்த அக்கவுண்ட், கீழுள்ள ஆப் மூலம் பயன்படுத்தப்படும்.நீங்கள் இதை செட்டிங்ஸ் > அக்கவுண்ட்டுக்கு சென்று மாற்றலாம்."},{"$i":"calendar","$v":"காலண்டர்"},{"$i":"contacts","$v":"தொடர்புகள்"},{"$i":"email","$v":"இமெயில்"},{"$i":"next","$v":"அடுத்த"},{"$i":"syncing-intervals-info","$v":"ஒவ்வொரு ஆப்பும் வெவ்வேறு டிஃபால்ட் சின்க்கிங் இடைவெளிகளைக் கொண்டுள்ளன, தயவுசெய்து ஆப் செட்டிங்ஸில் சரிபார்க்கவும்."},{"$i":"syncing-intervals-info-low-memory","$v":"டீஃபால்ட் சின்கிங் இடைவெளிகளுக்கு தயவுசெய்து ஆப் செட்டிங்ஸை சரிபார்க்கவும்."}]