[{"$i":"app-header","$v":"ลงชื่อเข้าใช้บัญชี"},{"$i":"login-successful-info","$v":"บัญชีนี้จะถูกใช้โดยแอปด้านล่าง คุณสามารถเปลี่ยนได้ในการตั้งค่า > บัญชี"},{"$i":"login-successful-info-low-memory","$v":"บัญชีนี้จะถูกใช้งานโดยแอปด้านล่าง คุณสามารถเปลี่ยนค่านี้ได้ใน การตั้งค่า > บัญชี"},{"$i":"calendar","$v":"ปฏิทิน"},{"$i":"contacts","$v":"รายชื่อ"},{"$i":"email","$v":"อีเมล"},{"$i":"next","$v":"ถัดไป"},{"$i":"syncing-intervals-info","$v":"แต่ละแอปมีรอบการซิงก์เริ่มต้นที่ต่างกัน โปรดตรวจสอบการตั้งค่าแอป"},{"$i":"syncing-intervals-info-low-memory","$v":"โปรดตรวจสอบการตั้งค่าแอปสำหรับช่วงเวลาการซิงค์เริ่มต้น"}]