[{"$i":"app-header","$v":"Login Account"},{"$i":"login-successful-info","$v":"Le akhawunti iya kusetyenziswa ngeefayile ezingezantsi. Ungatshintsha oku kwiSetingi> I-Akhawunti."},{"$i":"login-successful-info-low-memory","$v":"Le akhawunti iya kusetyenziswa ngezantsi kwe-app. Ungatshintsha oku kwiSetingi> I-Akhawunti."},{"$i":"calendar","$v":"Ikhalenda"},{"$i":"contacts","$v":"Abaqhakamshelwa"},{"$i":"email","$v":"Meyile"},{"$i":"next","$v":"Landelayo"},{"$i":"syncing-intervals-info","$v":"Nganye kwii-app inamaxesha asekiweyo okulungelelanisa angafaniyo, nceda jonga iisethingi ze-app."},{"$i":"syncing-intervals-info-low-memory","$v":"Nceda ukhangele iisetyenziso zezixhobo zexesha eliqhelekileyo lokuvumelanisa."}]