[{"$i":"app-header","$v":"账户登录"},{"$i":"login-successful-info","$v":"以下应用使用此账户。可以在设置 > 账户中更改。"},{"$i":"login-successful-info-low-memory","$v":"该账户将由以下应用使用。您可以在设置 > 账户中对此予以更改。"},{"$i":"calendar","$v":"日历"},{"$i":"contacts","$v":"通讯录"},{"$i":"email","$v":"电子邮件"},{"$i":"next","$v":"下一步"},{"$i":"syncing-intervals-info","$v":"每个应用有不同的默认同步间隔，请查看应用设置。"},{"$i":"syncing-intervals-info-low-memory","$v":"请查看应用设置了解默认同步间隔。"}]