[{"$i":"app-header","$v":"帳號登錄"},{"$i":"login-successful-info","$v":"此帳號將由以下應用程式使用。您可以在「設定」>「帳號」中變更此項。"},{"$i":"login-successful-info-low-memory","$v":"此帳戶將由以下應用使用。 您可以在設置>帳戶中更改此設置。"},{"$i":"calendar","$v":"日曆"},{"$i":"contacts","$v":"聯絡人"},{"$i":"email","$v":"電郵"},{"$i":"next","$v":"下一步"},{"$i":"syncing-intervals-info","$v":"每個應用程式都有不同的預設同步間隔時間，請在應用程式設定中查看。"},{"$i":"syncing-intervals-info-low-memory","$v":"請檢查應用設置的默認同步間隔。"}]