[{"$i":"app-header","$v":"帳號登錄"},{"$i":"login-successful-info","$v":"下面的應用程式將使用此帳號。可以在「設定」>「帳號」中進行變更。"},{"$i":"login-successful-info-low-memory","$v":"此帳戶將由以下應用使用。 您可以在設置>帳戶中更改此設置。"},{"$i":"calendar","$v":"行事曆"},{"$i":"contacts","$v":"連絡人"},{"$i":"email","$v":"電子郵件"},{"$i":"next","$v":"下一步"},{"$i":"syncing-intervals-info","$v":"每個應用程式具有不同的預設同步處理間隔，請在應用程式設定中查看。"},{"$i":"syncing-intervals-info-low-memory","$v":"請檢查應用設置的默認同步間隔。"}]