[{"$i":"app-header","$v":"Ukungena kwe-akhawunti"},{"$i":"login-successful-info","$v":"Le akhawunti izosetshenziswa izinhlelo ezingezansi. Ungashintsha lokhu kokuthi Amasethingi > I-akhawunti."},{"$i":"login-successful-info-low-memory","$v":"Le akhawunti izosetshenziswa yi-app engezansi. Ungase ushintshe lokhu kokuthi Amasethingi > I-Akhawunti"},{"$i":"calendar","$v":"Ikhalenda"},{"$i":"contacts","$v":"Engixhumana nabo"},{"$i":"email","$v":"I-imeyili"},{"$i":"next","$v":"Okulandelayo"},{"$i":"syncing-intervals-info","$v":"I-app ngayinye inama-inthevali ahlukene okuvumelanisa, sicela uhlole amasethingi e-app."},{"$i":"syncing-intervals-info-low-memory","$v":"Siza uhlole amasethingi we-app ukuthola izikhawu zokuvumelaniso okumisiwe."}]