[{"$i":"title","$v":"لوحة المفاتيح"},{"$i":"settingsPageTitle","$v":"لوحة مفاتيح مدمجة"},{"$i":"ok","$v":"موافق"},{"$i":"keyboardSettings","$v":"إعدادات لوحة المفاتيح"},{"$i":"cancel","$v":"إلغاء"},{"$i":"delete","$v":"حذف"},{"$i":"done","$v":"تم"},{"$i":"previous","$v":"السابق"},{"$i":"next","$v":"التالي"},{"$i":"select","$v":"تحديد"},{"$i":"enter","$v":"إدخال"},{"$i":"spell","$v":"التهجئة"},{"$i":"symbols","$v":["الرموز ",{"t":"idOrVar","v":"n"},"/",{"t":"idOrVar","v":"m"}]},{"$i":"vibration","$v":"إهتزاز"},{"$i":"clickSound","$v":"صوت النقرة"},{"$i":"autoCorrect","$v":"التصحيح التلقائي"},{"$i":"wordSuggestion","$v":"اقتراح الكلمات"},{"$i":"userDictionary","$v":"قاموس المستخدم"},{"$i":"handwritingKeyboard","$v":"الكتابة اليدوية"},{"$i":"strokeWidth","$v":"عرض الشرطة"},{"$i":"responseSpeed","$v":"سرعة الرد"},{"$i":"wordSuggestions2","ariaLabel":"اقتراحات الكلمة"},{"$i":"dismiss2","ariaLabel":"رفض"},{"$i":"alternateLayoutKey2","ariaLabel":"المزيد من الأرقام والرموز"},{"$i":"basicLayoutKey2","ariaLabel":"حروف"},{"$i":"upperCaseKey2","ariaLabel":"تبديل"},{"$i":"backSpaceKey2","ariaLabel":"حذف"},{"$i":"spaceKey2","ariaLabel":"مسافة"},{"$i":"returnKey2","ariaLabel":"رجوع"},{"$i":"periodKey2","ariaLabel":"نقطة"},{"$i":"commaKey2","ariaLabel":"فاصلة"},{"$i":"colonKey2","ariaLabel":"نقطتان"},{"$i":"semicolonKey2","ariaLabel":"فاصلة منقوطة"},{"$i":"questionMarkKey2","ariaLabel":"علامة استفهام"},{"$i":"exclamationPointKey2","ariaLabel":"علامة تعجب"},{"$i":"leftBracketKey2","ariaLabel":"قوس أيسر"},{"$i":"rightBracketKey2","ariaLabel":"قوس أيمن"},{"$i":"doubleQuoteKey2","ariaLabel":"علامة اقتباس مزدوجة"},{"$i":"leftDoubleAngleQuoteKey2","ariaLabel":"قوس زاوية مزدوج أيسر"},{"$i":"rightDoubleAngleQuoteKey2","ariaLabel":"قوس زاوية مزدوج أيمن"},{"$i":"userDictionaryNoWord","$v":"لا توجد كلمات في قاموس المستخدم."},{"$i":"userDictionaryAddNow","$v":"إضافة كلمة الآن."},{"$i":"userDictionaryAddButton","ariaLabel":"إضافة كلمة"},{"$i":"userDictionaryAdd","$v":"إضافة كلمة"},{"$i":"userDictionaryEdit","$v":"تحرير كلمة"},{"$i":"userDictionarySaveButton","$v":"حفظ"},{"$i":"userDictionaryDeleteButton","$v":"حذف"},{"$i":"userDictionaryDeletePrompt","$v":["حذف كلمة \"",{"t":"idOrVar","v":"word"},"\"؟"]}]