[{"$i":"title","$v":"Клавіятура"},{"$i":"settingsPageTitle","$v":"Убудаваная клавіятураBuilt-in Keyboard"},{"$i":"ok","$v":"ОК"},{"$i":"keyboardSettings","$v":"Настройкі клавіятуры"},{"$i":"cancel","$v":"Скасаваць"},{"$i":"delete","$v":"Выдаліць"},{"$i":"done","$v":"Гатова"},{"$i":"previous","$v":"Папярэдні"},{"$i":"next","$v":"Далей"},{"$i":"select","$v":"Выбраць"},{"$i":"enter","$v":"Увод"},{"$i":"spell","$v":"загавор"},{"$i":"symbols","$v":["Сімвалы ",{"t":"idOrVar","v":"n"},"/",{"t":"idOrVar","v":"m"}]},{"$i":"vibration","$v":"Вібрасігнал"},{"$i":"clickSound","$v":"Націсніце на гук"},{"$i":"autoCorrect","$v":"Аўтакарэкцыя"},{"$i":"wordSuggestion","$v":"Прапанова слова"},{"$i":"userDictionary","$v":"Карыстальніцкі слоўнік"},{"$i":"handwritingKeyboard","$v":"Почырк"},{"$i":"strokeWidth","$v":"Шырыня штрыха"},{"$i":"responseSpeed","$v":"Хуткасць водгуку"},{"$i":"wordSuggestions2","ariaLabel":"Прапановы слова"},{"$i":"dismiss2","ariaLabel":"Адхіліць"},{"$i":"alternateLayoutKey2","ariaLabel":"больш нум. і сімв."},{"$i":"basicLayoutKey2","ariaLabel":"літары"},{"$i":"upperCaseKey2","ariaLabel":"зрушыць"},{"$i":"backSpaceKey2","ariaLabel":"выдаліць"},{"$i":"spaceKey2","ariaLabel":"месца"},{"$i":"returnKey2","ariaLabel":"вярнуць"},{"$i":"periodKey2","ariaLabel":"перыяд"},{"$i":"commaKey2","ariaLabel":"коска"},{"$i":"colonKey2","ariaLabel":"двукроп'е"},{"$i":"semicolonKey2","ariaLabel":"кропка з коскай"},{"$i":"questionMarkKey2","ariaLabel":"знак запытання"},{"$i":"exclamationPointKey2","ariaLabel":"выклічнік"},{"$i":"leftBracketKey2","ariaLabel":"левая дужка"},{"$i":"rightBracketKey2","ariaLabel":"правая дужка"},{"$i":"doubleQuoteKey2","ariaLabel":"двукоссе"},{"$i":"leftDoubleAngleQuoteKey2","ariaLabel":"левае вуглавое двукоссе"},{"$i":"rightDoubleAngleQuoteKey2","ariaLabel":"прав. вугл. двукоссе"},{"$i":"userDictionaryNoWord","$v":"Няма словаў у карыстальніцкім слоўніку."},{"$i":"userDictionaryAddNow","$v":"Дадаць слова."},{"$i":"userDictionaryAddButton","ariaLabel":"дадаць слова"},{"$i":"userDictionaryAdd","$v":"Дадаць слова"},{"$i":"userDictionaryEdit","$v":"Рэдагаваць слова"},{"$i":"userDictionarySaveButton","$v":"Захаваць"},{"$i":"userDictionaryDeleteButton","$v":"Выдаліць"},{"$i":"userDictionaryDeletePrompt","$v":["Выдаліць слова \"",{"t":"idOrVar","v":"word"},"\"?"]}]