[{"$i":"title","$v":"কীবোর্ড"},{"$i":"settingsPageTitle","$v":"বিল্ট-ইন কীবোর্ড"},{"$i":"ok","$v":"ঠিক আছে"},{"$i":"keyboardSettings","$v":"কীবোর্ড সেটিং"},{"$i":"cancel","$v":"বাতিল করুন"},{"$i":"delete","$v":"মুছুন"},{"$i":"done","$v":"সম্পূর্ণ হয়েছে"},{"$i":"previous","$v":"পূর্ববর্তী"},{"$i":"next","$v":"পরবর্তী"},{"$i":"select","$v":"নির্বাচন করুন"},{"$i":"enter","$v":"লিখুন"},{"$i":"spell","$v":"বানান করা"},{"$i":"symbols","$v":["প্রতীক ",{"t":"idOrVar","v":"n"},"/",{"t":"idOrVar","v":"m"}]},{"$i":"vibration","$v":"কম্পন"},{"$i":"clickSound","$v":"ক্লিক শব্দ"},{"$i":"autoCorrect","$v":"স্বতঃ সংশোধন"},{"$i":"wordSuggestion","$v":"শব্দ প্রস্তাবনা"},{"$i":"userDictionary","$v":"ব্যবহারকারীর অভিধান"},{"$i":"handwritingKeyboard","$v":"হস্তলিখিত"},{"$i":"strokeWidth","$v":"স্ট্রোক প্রস্থ"},{"$i":"responseSpeed","$v":"প্রতিক্রিয়ার গতি"},{"$i":"wordSuggestions2","ariaLabel":"শব্দ প্রস্তাবনা"},{"$i":"dismiss2","ariaLabel":"খারিজ করুন"},{"$i":"alternateLayoutKey2","ariaLabel":"আরো সংখ্যা এবং চিহ্ন"},{"$i":"basicLayoutKey2","ariaLabel":"অক্ষর"},{"$i":"upperCaseKey2","ariaLabel":"শিফ্ট"},{"$i":"backSpaceKey2","ariaLabel":"মুছুন"},{"$i":"spaceKey2","ariaLabel":"স্থান"},{"$i":"returnKey2","ariaLabel":"ফেরান"},{"$i":"periodKey2","ariaLabel":"সময়সীমা"},{"$i":"commaKey2","ariaLabel":"কমা"},{"$i":"colonKey2","ariaLabel":"কলন"},{"$i":"semicolonKey2","ariaLabel":"সেমি কোলোন"},{"$i":"questionMarkKey2","ariaLabel":"প্রশ্ন চিহ্ন"},{"$i":"exclamationPointKey2","ariaLabel":"বিস্ময়বোধক বিন্দু"},{"$i":"leftBracketKey2","ariaLabel":"বাম বন্ধনী"},{"$i":"rightBracketKey2","ariaLabel":"ডান বন্ধনী"},{"$i":"doubleQuoteKey2","ariaLabel":"ডবল কোট"},{"$i":"leftDoubleAngleQuoteKey2","ariaLabel":"বাম বন্ধনী এঙ্গেল কোট"},{"$i":"rightDoubleAngleQuoteKey2","ariaLabel":"ডান বন্ধনী এঙ্গেল কোট"},{"$i":"userDictionaryNoWord","$v":"ব্যবহারকারীর অভিধানে কোন শব্দই নেই।"},{"$i":"userDictionaryAddNow","$v":"এখনই একটি শব্দ যোগ করুন।"},{"$i":"userDictionaryAddButton","ariaLabel":"শব্দ জুড়ুন"},{"$i":"userDictionaryAdd","$v":"শব্দ জুড়ুন"},{"$i":"userDictionaryEdit","$v":"শব্দ সম্পাদনা করুন"},{"$i":"userDictionarySaveButton","$v":"সংরক্ষণ করুন"},{"$i":"userDictionaryDeleteButton","$v":"মুছুন"},{"$i":"userDictionaryDeletePrompt","$v":["“",{"t":"idOrVar","v":"word"},"” শব্দ মুছবেন?"]}]