[{"$i":"title","$v":"Tastatur"},{"$i":"settingsPageTitle","$v":"Integreret tastatur"},{"$i":"ok","$v":"OK"},{"$i":"keyboardSettings","$v":"Tastaturindstillinger"},{"$i":"cancel","$v":"Annuller"},{"$i":"delete","$v":"Slet"},{"$i":"done","$v":"Udført"},{"$i":"previous","$v":"Forrige"},{"$i":"next","$v":"Næste"},{"$i":"select","$v":"Vælg"},{"$i":"enter","$v":"Indtast"},{"$i":"spell","$v":"Stave"},{"$i":"symbols","$v":["Symboler ",{"t":"idOrVar","v":"n"},"/",{"t":"idOrVar","v":"m"}]},{"$i":"vibration","$v":"Vibration"},{"$i":"clickSound","$v":"Kliklyd"},{"$i":"autoCorrect","$v":"Autokorrektur"},{"$i":"wordSuggestion","$v":"Ordforslag"},{"$i":"userDictionary","$v":"Brugerordbog"},{"$i":"handwritingKeyboard","$v":"Håndskrift"},{"$i":"strokeWidth","$v":"Penselstrøgsbredde"},{"$i":"responseSpeed","$v":"Svarhastighed"},{"$i":"wordSuggestions2","ariaLabel":"Ordforslag"},{"$i":"dismiss2","ariaLabel":"Afvis"},{"$i":"alternateLayoutKey2","ariaLabel":"flere numre og symboler"},{"$i":"basicLayoutKey2","ariaLabel":"bogstaver"},{"$i":"upperCaseKey2","ariaLabel":"skift"},{"$i":"backSpaceKey2","ariaLabel":"slet"},{"$i":"spaceKey2","ariaLabel":"plads"},{"$i":"returnKey2","ariaLabel":"gå tilbage"},{"$i":"periodKey2","ariaLabel":"periode"},{"$i":"commaKey2","ariaLabel":"komma"},{"$i":"colonKey2","ariaLabel":"kolon"},{"$i":"semicolonKey2","ariaLabel":"semikolon"},{"$i":"questionMarkKey2","ariaLabel":"spørgsmålstegn"},{"$i":"exclamationPointKey2","ariaLabel":"udråbstegn"},{"$i":"leftBracketKey2","ariaLabel":"venstreparentes"},{"$i":"rightBracketKey2","ariaLabel":"højreparentes"},{"$i":"doubleQuoteKey2","ariaLabel":"dobbelt anførselstegn"},{"$i":"leftDoubleAngleQuoteKey2","ariaLabel":"venstrevendt dobbelt anførselstegn"},{"$i":"rightDoubleAngleQuoteKey2","ariaLabel":"højrevendt dobbelt anførselstegn"},{"$i":"userDictionaryNoWord","$v":"Ingen ord i brugerordbogen."},{"$i":"userDictionaryAddNow","$v":"Tilføj et ord nu."},{"$i":"userDictionaryAddButton","ariaLabel":"tilføj ord"},{"$i":"userDictionaryAdd","$v":"Tilføj ord"},{"$i":"userDictionaryEdit","$v":"Rediger ord"},{"$i":"userDictionarySaveButton","$v":"Gem"},{"$i":"userDictionaryDeleteButton","$v":"Slet"},{"$i":"userDictionaryDeletePrompt","$v":["Slet ordet “",{"t":"idOrVar","v":"word"},"”?"]}]