[{"$i":"title","$v":"Tastatur"},{"$i":"settingsPageTitle","$v":"Integrierte Tastatur"},{"$i":"ok","$v":"OK"},{"$i":"keyboardSettings","$v":"Tastatureinstellungen"},{"$i":"cancel","$v":"Abbrechen"},{"$i":"delete","$v":"Löschen"},{"$i":"done","$v":"Fertig"},{"$i":"previous","$v":"Zurück"},{"$i":"next","$v":"Weiter"},{"$i":"select","$v":"Auswählen"},{"$i":"enter","$v":"Eingeben"},{"$i":"spell","$v":"Rechtschreibung"},{"$i":"symbols","$v":["Symbole ",{"t":"idOrVar","v":"n"},"/",{"t":"idOrVar","v":"m"}]},{"$i":"vibration","$v":"Vibration"},{"$i":"clickSound","$v":"Klickgeräusch"},{"$i":"autoCorrect","$v":"Autokorrektur"},{"$i":"wordSuggestion","$v":"Wortvorschlag"},{"$i":"userDictionary","$v":"Benutzerwörterbuch"},{"$i":"handwritingKeyboard","$v":"Handschrift"},{"$i":"strokeWidth","$v":"Strichstärke"},{"$i":"responseSpeed","$v":"Reaktionsgeschwindigkeit"},{"$i":"wordSuggestions2","ariaLabel":"Wortvorschläge"},{"$i":"dismiss2","ariaLabel":"Abbrechen"},{"$i":"alternateLayoutKey2","ariaLabel":"weitere Nummern und Symbole"},{"$i":"basicLayoutKey2","ariaLabel":"Buchstaben"},{"$i":"upperCaseKey2","ariaLabel":"Umschalttaste"},{"$i":"backSpaceKey2","ariaLabel":"löschen"},{"$i":"spaceKey2","ariaLabel":"Leerstelle"},{"$i":"returnKey2","ariaLabel":"Zurück"},{"$i":"periodKey2","ariaLabel":"Punkt"},{"$i":"commaKey2","ariaLabel":"Komma"},{"$i":"colonKey2","ariaLabel":"Doppelpunkt"},{"$i":"semicolonKey2","ariaLabel":"Semikolon"},{"$i":"questionMarkKey2","ariaLabel":"Fragezeichen"},{"$i":"exclamationPointKey2","ariaLabel":"Ausrufezeichen"},{"$i":"leftBracketKey2","ariaLabel":"Klammer links"},{"$i":"rightBracketKey2","ariaLabel":"Klammer rechts"},{"$i":"doubleQuoteKey2","ariaLabel":"doppeltes Anführungszeichen"},{"$i":"leftDoubleAngleQuoteKey2","ariaLabel":"doppelte schräge Anführungszeichen links"},{"$i":"rightDoubleAngleQuoteKey2","ariaLabel":"doppelte schräge Anführungszeichen rechts"},{"$i":"userDictionaryNoWord","$v":"Das Benutzerwörterbuch enthält keine Einträge."},{"$i":"userDictionaryAddNow","$v":"Jetzt ein Wort hinzufügen."},{"$i":"userDictionaryAddButton","ariaLabel":"Wort hinzufügen"},{"$i":"userDictionaryAdd","$v":"Wort hinzufügen"},{"$i":"userDictionaryEdit","$v":"Text bearbeiten"},{"$i":"userDictionarySaveButton","$v":"Speichern"},{"$i":"userDictionaryDeleteButton","$v":"Löschen"},{"$i":"userDictionaryDeletePrompt","$v":["Wort „",{"t":"idOrVar","v":"word"},"“ löschen?"]}]