[{"$i":"title","$v":"Πληκτρολόγιο"},{"$i":"settingsPageTitle","$v":"Ενσωματωμένο πληκτρολόγιο"},{"$i":"ok","$v":"OK"},{"$i":"keyboardSettings","$v":"Ρυθμίσεις πληκτρολογίου"},{"$i":"cancel","$v":"Ακύρωση"},{"$i":"delete","$v":"Διαγραφή"},{"$i":"done","$v":"Τέλος"},{"$i":"previous","$v":"Προηγούμενο"},{"$i":"next","$v":"Επόμενο"},{"$i":"select","$v":"Επιλογή"},{"$i":"enter","$v":"Εισαγωγή"},{"$i":"spell","$v":"Σημαίνω"},{"$i":"symbols","$v":["Σύμβολα ",{"t":"idOrVar","v":"n"},"/",{"t":"idOrVar","v":"m"}]},{"$i":"vibration","$v":"Δόνηση"},{"$i":"clickSound","$v":"Κάντε κλικ στον ήχο"},{"$i":"autoCorrect","$v":"Αυτόματη διόρθωση"},{"$i":"wordSuggestion","$v":"Προτεινόμενη λέξη"},{"$i":"userDictionary","$v":"Λεξικό χρήστη"},{"$i":"handwritingKeyboard","$v":"Γραφή"},{"$i":"strokeWidth","$v":"Πλάτος πινελιάς"},{"$i":"responseSpeed","$v":"Ταχύτητα απόκρισης"},{"$i":"wordSuggestions2","ariaLabel":"Προτεινόμενες λέξεις"},{"$i":"dismiss2","ariaLabel":"Απόρριψη"},{"$i":"alternateLayoutKey2","ariaLabel":"περισ. αριθ. και σύμβολα"},{"$i":"basicLayoutKey2","ariaLabel":"γράμματα"},{"$i":"upperCaseKey2","ariaLabel":"shift"},{"$i":"backSpaceKey2","ariaLabel":"διαγραφή"},{"$i":"spaceKey2","ariaLabel":"κενό"},{"$i":"returnKey2","ariaLabel":"επιστροφή"},{"$i":"periodKey2","ariaLabel":"περίοδος"},{"$i":"commaKey2","ariaLabel":"κόμμα"},{"$i":"colonKey2","ariaLabel":"άνω/κάτω τελεία"},{"$i":"semicolonKey2","ariaLabel":"άνω τελεία"},{"$i":"questionMarkKey2","ariaLabel":"ερωτηματικό"},{"$i":"exclamationPointKey2","ariaLabel":"θαυμαστικό"},{"$i":"leftBracketKey2","ariaLabel":"αριστερή αγκύλη"},{"$i":"rightBracketKey2","ariaLabel":"δεξιά αγκύλη"},{"$i":"doubleQuoteKey2","ariaLabel":"διπλά εισαγωγικά"},{"$i":"leftDoubleAngleQuoteKey2","ariaLabel":"αριστερά διπλά εισαγωγικά"},{"$i":"rightDoubleAngleQuoteKey2","ariaLabel":"δεξιά ελληνικά εισαγωγικά"},{"$i":"userDictionaryNoWord","$v":"Δεν υπάρχουν λέξεις στο λεξικό χρήστη."},{"$i":"userDictionaryAddNow","$v":"Πρόσθετε μια λέξη τώρα."},{"$i":"userDictionaryAddButton","ariaLabel":"προσθήκη λέξης"},{"$i":"userDictionaryAdd","$v":"Προσθήκη λέξης"},{"$i":"userDictionaryEdit","$v":"Επεξεργασία λέξης"},{"$i":"userDictionarySaveButton","$v":"Αποθήκευση"},{"$i":"userDictionaryDeleteButton","$v":"Διαγραφή"},{"$i":"userDictionaryDeletePrompt","$v":["Να διαγρ. η λέξη \"",{"t":"idOrVar","v":"word"},"\";"]}]