[{"$i":"title","$v":"Teclado"},{"$i":"settingsPageTitle","$v":"Teclado integrado"},{"$i":"ok","$v":"Aceptar"},{"$i":"keyboardSettings","$v":"Ajustes del teclado"},{"$i":"cancel","$v":"Cancelar"},{"$i":"delete","$v":"Eliminar"},{"$i":"done","$v":"Hecho"},{"$i":"previous","$v":"Anterior"},{"$i":"next","$v":"Siguiente"},{"$i":"select","$v":"Seleccionar"},{"$i":"enter","$v":"Introducir"},{"$i":"spell","$v":"Ortografía"},{"$i":"symbols","$v":["Símbolos ",{"t":"idOrVar","v":"n"},"/",{"t":"idOrVar","v":"m"}]},{"$i":"vibration","$v":"Vibración"},{"$i":"clickSound","$v":"Sonido del clic"},{"$i":"autoCorrect","$v":"Autocorrección"},{"$i":"wordSuggestion","$v":"Sugerencia de palabra"},{"$i":"userDictionary","$v":"Diccionario del usuario"},{"$i":"handwritingKeyboard","$v":"Escritura manual"},{"$i":"strokeWidth","$v":"Ancho del trazo"},{"$i":"responseSpeed","$v":"Velocidad de respuesta"},{"$i":"wordSuggestions2","ariaLabel":"Sugerencia de palabras"},{"$i":"dismiss2","ariaLabel":"Descartar"},{"$i":"alternateLayoutKey2","ariaLabel":"más números y símbolos"},{"$i":"basicLayoutKey2","ariaLabel":"letras"},{"$i":"upperCaseKey2","ariaLabel":"mayús"},{"$i":"backSpaceKey2","ariaLabel":"eliminar"},{"$i":"spaceKey2","ariaLabel":"espacio"},{"$i":"returnKey2","ariaLabel":"regresar"},{"$i":"periodKey2","ariaLabel":"punto"},{"$i":"commaKey2","ariaLabel":"coma"},{"$i":"colonKey2","ariaLabel":"dos puntos"},{"$i":"semicolonKey2","ariaLabel":"punto y coma"},{"$i":"questionMarkKey2","ariaLabel":"signo de interrogación"},{"$i":"exclamationPointKey2","ariaLabel":"signo de exclamación"},{"$i":"leftBracketKey2","ariaLabel":"paréntesis izquierdo"},{"$i":"rightBracketKey2","ariaLabel":"paréntesis derecho"},{"$i":"doubleQuoteKey2","ariaLabel":"comillas dobles"},{"$i":"leftDoubleAngleQuoteKey2","ariaLabel":"comillas angulares dobles de izquierda"},{"$i":"rightDoubleAngleQuoteKey2","ariaLabel":"comillas angulares dobles de derecha"},{"$i":"userDictionaryNoWord","$v":"El diccionario del usuario no contiene palabras."},{"$i":"userDictionaryAddNow","$v":"Añada ahora una palabra."},{"$i":"userDictionaryAddButton","ariaLabel":"añadir palabra"},{"$i":"userDictionaryAdd","$v":"Añadir palabra"},{"$i":"userDictionaryEdit","$v":"Editar palabra"},{"$i":"userDictionarySaveButton","$v":"Guardar"},{"$i":"userDictionaryDeleteButton","$v":"Eliminar"},{"$i":"userDictionaryDeletePrompt","$v":["¿Desea eliminar la palabra \"",{"t":"idOrVar","v":"word"},"\"?"]}]