[{"$i":"title","$v":"Näppäimistö"},{"$i":"settingsPageTitle","$v":"Yhdysrakenteinen näppäimistö"},{"$i":"ok","$v":"OK"},{"$i":"keyboardSettings","$v":"Näppäimistöasetukset"},{"$i":"cancel","$v":"Peruuta"},{"$i":"delete","$v":"Poista"},{"$i":"done","$v":"Valmis"},{"$i":"previous","$v":"Edellinen"},{"$i":"next","$v":"Seuraava"},{"$i":"select","$v":"Valitse"},{"$i":"enter","$v":"Syötä"},{"$i":"spell","$v":"Loitsu"},{"$i":"symbols","$v":["Symbolit ",{"t":"idOrVar","v":"n"},"/",{"t":"idOrVar","v":"m"}]},{"$i":"vibration","$v":"Värinä"},{"$i":"clickSound","$v":"Napsautusääni"},{"$i":"autoCorrect","$v":"Automaattikorjaus"},{"$i":"wordSuggestion","$v":"Sanaehdotus"},{"$i":"userDictionary","$v":"Käyttäjän sanakirja"},{"$i":"handwritingKeyboard","$v":"Käsinkirjoitus"},{"$i":"strokeWidth","$v":"Vedon leveys"},{"$i":"responseSpeed","$v":"Vastausnopeus"},{"$i":"wordSuggestions2","ariaLabel":"Sanaehdotukset"},{"$i":"dismiss2","ariaLabel":"Hylkää"},{"$i":"alternateLayoutKey2","ariaLabel":"lisää numeroita ja symboleja"},{"$i":"basicLayoutKey2","ariaLabel":"kirjainta"},{"$i":"upperCaseKey2","ariaLabel":"vaihtonäppäin"},{"$i":"backSpaceKey2","ariaLabel":"poista"},{"$i":"spaceKey2","ariaLabel":"tilaa"},{"$i":"returnKey2","ariaLabel":"paluu"},{"$i":"periodKey2","ariaLabel":"kausi"},{"$i":"commaKey2","ariaLabel":"pilkku"},{"$i":"colonKey2","ariaLabel":"kaksoispiste"},{"$i":"semicolonKey2","ariaLabel":"puolipiste"},{"$i":"questionMarkKey2","ariaLabel":"kysymysmerkki"},{"$i":"exclamationPointKey2","ariaLabel":"huutomerkki"},{"$i":"leftBracketKey2","ariaLabel":"vasen sulkumerkki"},{"$i":"rightBracketKey2","ariaLabel":"oikea sulkumerkki"},{"$i":"doubleQuoteKey2","ariaLabel":"kaksinkertainen lainausmerkki"},{"$i":"leftDoubleAngleQuoteKey2","ariaLabel":"vasen kaksinkertainen kulmalainausmerkki"},{"$i":"rightDoubleAngleQuoteKey2","ariaLabel":"oikea kaksinkertainen kulmalainausmerkki"},{"$i":"userDictionaryNoWord","$v":"Ei sanoja käyttäjän sanakirjassa."},{"$i":"userDictionaryAddNow","$v":"Lisää sana nyt."},{"$i":"userDictionaryAddButton","ariaLabel":"lisää sana"},{"$i":"userDictionaryAdd","$v":"Lisää sana"},{"$i":"userDictionaryEdit","$v":"Muokkaa sanaa"},{"$i":"userDictionarySaveButton","$v":"Tallenna"},{"$i":"userDictionaryDeleteButton","$v":"Poista"},{"$i":"userDictionaryDeletePrompt","$v":["Poistetaanko sana \"",{"t":"idOrVar","v":"word"},"\"?"]}]