[{"$i":"title","$v":"Clavier"},{"$i":"settingsPageTitle","$v":"Clavier intégré"},{"$i":"ok","$v":"OK"},{"$i":"keyboardSettings","$v":"Réglages du clavier"},{"$i":"cancel","$v":"Annuler"},{"$i":"delete","$v":"Supprimer"},{"$i":"done","$v":"Terminé"},{"$i":"previous","$v":"Préc"},{"$i":"next","$v":"Suiv"},{"$i":"select","$v":"Sélect"},{"$i":"enter","$v":"Saisir"},{"$i":"spell","$v":"Orthographe"},{"$i":"symbols","$v":["Symboles ",{"t":"idOrVar","v":"n"},"/",{"t":"idOrVar","v":"m"}]},{"$i":"vibration","$v":"Vibration"},{"$i":"clickSound","$v":"Son de clic"},{"$i":"autoCorrect","$v":"Correction automatique"},{"$i":"wordSuggestion","$v":"Suggestion de mot"},{"$i":"userDictionary","$v":"Dictionnaire de l'utilisateur"},{"$i":"handwritingKeyboard","$v":"Manuscrit"},{"$i":"strokeWidth","$v":"Largeur d'un segment"},{"$i":"responseSpeed","$v":"Vitesse de réponse"},{"$i":"wordSuggestions2","ariaLabel":"Suggestions de mots"},{"$i":"dismiss2","ariaLabel":"Rejeter"},{"$i":"alternateLayoutKey2","ariaLabel":"plus de chiffres et de symboles"},{"$i":"basicLayoutKey2","ariaLabel":"lettres"},{"$i":"upperCaseKey2","ariaLabel":"touche majuscule"},{"$i":"backSpaceKey2","ariaLabel":"supprimer"},{"$i":"spaceKey2","ariaLabel":"espace"},{"$i":"returnKey2","ariaLabel":"retour"},{"$i":"periodKey2","ariaLabel":"point"},{"$i":"commaKey2","ariaLabel":"virgule"},{"$i":"colonKey2","ariaLabel":"deux-points"},{"$i":"semicolonKey2","ariaLabel":"point-virgule"},{"$i":"questionMarkKey2","ariaLabel":"point d'interrogation"},{"$i":"exclamationPointKey2","ariaLabel":"point d'exclamation"},{"$i":"leftBracketKey2","ariaLabel":"parenthèse gauche"},{"$i":"rightBracketKey2","ariaLabel":"parenthèse droite"},{"$i":"doubleQuoteKey2","ariaLabel":"guillemet"},{"$i":"leftDoubleAngleQuoteKey2","ariaLabel":"guillemet gauche"},{"$i":"rightDoubleAngleQuoteKey2","ariaLabel":"guillemet droit"},{"$i":"userDictionaryNoWord","$v":"Aucun mot dans le dictionnaire de l'utilisateur"},{"$i":"userDictionaryAddNow","$v":"Ajouter un mot maintenant"},{"$i":"userDictionaryAddButton","ariaLabel":"ajouter le mot"},{"$i":"userDictionaryAdd","$v":"Ajouter le mot"},{"$i":"userDictionaryEdit","$v":"Modifier le mot"},{"$i":"userDictionarySaveButton","$v":"Enregistrer"},{"$i":"userDictionaryDeleteButton","$v":"Supprimer"},{"$i":"userDictionaryDeletePrompt","$v":["Supprimer le mot ",{"t":"idOrVar","v":"word"},"?"]}]