[{"$i":"title","$v":"कीबोर्ड"},{"$i":"settingsPageTitle","$v":"अंतर्निर्मित कीबोर्ड"},{"$i":"ok","$v":"ठीक हैं"},{"$i":"keyboardSettings","$v":"कीबोर्ड सेटिंग्स"},{"$i":"cancel","$v":"रद्द करें"},{"$i":"delete","$v":"हटाएँ"},{"$i":"done","$v":"हो गया"},{"$i":"previous","$v":"पिछला"},{"$i":"next","$v":"अगला"},{"$i":"select","$v":"चुनें"},{"$i":"enter","$v":"दर्ज करें"},{"$i":"spell","$v":"स्पेल"},{"$i":"symbols","$v":["प्रतीक ",{"t":"idOrVar","v":"n"},"/",{"t":"idOrVar","v":"m"}]},{"$i":"vibration","$v":"कंपन"},{"$i":"clickSound","$v":"ध्वनि पर क्लिक करें"},{"$i":"autoCorrect","$v":"स्वतः सुधार"},{"$i":"wordSuggestion","$v":"शब्द का सुझाव"},{"$i":"userDictionary","$v":"यूज़र शब्दकोश"},{"$i":"handwritingKeyboard","$v":"लिखावट"},{"$i":"strokeWidth","$v":"स्ट्रोक की चौड़ाई"},{"$i":"responseSpeed","$v":"प्रतिक्रिया गति"},{"$i":"wordSuggestions2","ariaLabel":"शब्दों के सुझाव"},{"$i":"dismiss2","ariaLabel":"ख़ारिज करें"},{"$i":"alternateLayoutKey2","ariaLabel":"अधिक संख्याएं और चिह्न"},{"$i":"basicLayoutKey2","ariaLabel":"अक्षर"},{"$i":"upperCaseKey2","ariaLabel":"शिफ़्ट"},{"$i":"backSpaceKey2","ariaLabel":"हटाएँ"},{"$i":"spaceKey2","ariaLabel":"स्थान"},{"$i":"returnKey2","ariaLabel":"वापस लौटें"},{"$i":"periodKey2","ariaLabel":"अवधि"},{"$i":"commaKey2","ariaLabel":"कॉमा"},{"$i":"colonKey2","ariaLabel":"कोलन"},{"$i":"semicolonKey2","ariaLabel":"सेमिकॉलन"},{"$i":"questionMarkKey2","ariaLabel":"प्रश्न चिन्ह"},{"$i":"exclamationPointKey2","ariaLabel":"एक्स्क्लमेशन बिंदु"},{"$i":"leftBracketKey2","ariaLabel":"बायाँ ब्रैकेट"},{"$i":"rightBracketKey2","ariaLabel":"दायाँ ब्रैकेट"},{"$i":"doubleQuoteKey2","ariaLabel":"दोहरे उद्धरण"},{"$i":"leftDoubleAngleQuoteKey2","ariaLabel":"बायाँ दोहरे कोण का कोट"},{"$i":"rightDoubleAngleQuoteKey2","ariaLabel":"दायाँ दोहरे कोण का कोट"},{"$i":"userDictionaryNoWord","$v":"यूज़र शब्दकोश में कोई शब्द नहीं।"},{"$i":"userDictionaryAddNow","$v":"अभी एक शब्द जोड़ें।"},{"$i":"userDictionaryAddButton","ariaLabel":"शब्द जोड़ें"},{"$i":"userDictionaryAdd","$v":"शब्द जोड़ें"},{"$i":"userDictionaryEdit","$v":"शब्द संपादित करें"},{"$i":"userDictionarySaveButton","$v":"सेव करें"},{"$i":"userDictionaryDeleteButton","$v":"हटाएँ"},{"$i":"userDictionaryDeletePrompt","$v":["“",{"t":"idOrVar","v":"word"},"” शब्द हटाएँ?"]}]