[{"$i":"title","$v":"Ստեղնաշար"},{"$i":"settingsPageTitle","$v":"Ներկառուցված ստեղնաշար"},{"$i":"ok","$v":"Լավ"},{"$i":"keyboardSettings","$v":"Ստեղնաշարի պարամետրեր"},{"$i":"cancel","$v":"Չեղարկել"},{"$i":"delete","$v":"Ջնջել"},{"$i":"done","$v":"Արված է"},{"$i":"previous","$v":"Նախորդ"},{"$i":"next","$v":"Հաջորդ"},{"$i":"select","$v":"Ընտրել"},{"$i":"enter","$v":"Մուտք գործել"},{"$i":"spell","$v":"Spell"},{"$i":"symbols","$v":["Գրանշաններ ",{"t":"idOrVar","v":"n"},"/",{"t":"idOrVar","v":"m"}]},{"$i":"vibration","$v":"Թրթռում"},{"$i":"clickSound","$v":"Սեղմման ձայն"},{"$i":"autoCorrect","$v":"Ինքնշխտ ուղղում"},{"$i":"wordSuggestion","$v":"Բառերի առաջարկություն"},{"$i":"userDictionary","$v":"Օգտագործողի բառարան"},{"$i":"handwritingKeyboard","$v":"Ձեռագիր"},{"$i":"strokeWidth","$v":"Կտրուկ լայնություն"},{"$i":"responseSpeed","$v":"Պատասխանի արագություն"},{"$i":"wordSuggestions2","ariaLabel":"Բառերի առջրկթյններ"},{"$i":"dismiss2","ariaLabel":"Բաց թողնել"},{"$i":"alternateLayoutKey2","ariaLabel":"էլի թվեր և նշնր"},{"$i":"basicLayoutKey2","ariaLabel":"նամակներ"},{"$i":"upperCaseKey2","ariaLabel":"տեղափոխում"},{"$i":"backSpaceKey2","ariaLabel":"ջնջել"},{"$i":"spaceKey2","ariaLabel":"տարածք"},{"$i":"returnKey2","ariaLabel":"վերադառնալ"},{"$i":"periodKey2","ariaLabel":"ժամկետ"},{"$i":"commaKey2","ariaLabel":"ստորակետ"},{"$i":"colonKey2","ariaLabel":"վերջակետ"},{"$i":"semicolonKey2","ariaLabel":"կետ-ստորակետ"},{"$i":"questionMarkKey2","ariaLabel":"Հարցական նշան"},{"$i":"exclamationPointKey2","ariaLabel":"բցկնչկն նշան"},{"$i":"leftBracketKey2","ariaLabel":"ձախ փակագիծ"},{"$i":"rightBracketKey2","ariaLabel":"Աջ փակագիծ"},{"$i":"doubleQuoteKey2","ariaLabel":"կրկնակի կետեր"},{"$i":"leftDoubleAngleQuoteKey2","ariaLabel":"ձախ կրկնակի անկյան մեջբերում"},{"$i":"rightDoubleAngleQuoteKey2","ariaLabel":"աջ կրկնկի անկյան մջբրմ"},{"$i":"userDictionaryNoWord","$v":"Օգտագործողի բառարանում բառեր չկան:"},{"$i":"userDictionaryAddNow","$v":"Ավլցն նր բռ հմ:"},{"$i":"userDictionaryAddButton","ariaLabel":"ավլցն բառ"},{"$i":"userDictionaryAdd","$v":"Ավելացնել բառ"},{"$i":"userDictionaryEdit","$v":"Խմբգրլ բառը"},{"$i":"userDictionarySaveButton","$v":"Պահել"},{"$i":"userDictionaryDeleteButton","$v":"Ջնջել"},{"$i":"userDictionaryDeletePrompt","$v":["Ջնջե՞լ «",{"t":"idOrVar","v":"word"},"» բառը:"]}]