[{"$i":"title","$v":"Keyboard"},{"$i":"settingsPageTitle","$v":"Keyboard Tertanam"},{"$i":"ok","$v":"OK"},{"$i":"keyboardSettings","$v":"Pengaturan keyboard"},{"$i":"cancel","$v":"Batal"},{"$i":"delete","$v":"Hapus"},{"$i":"done","$v":"Selesai"},{"$i":"previous","$v":"Sebelumnya"},{"$i":"next","$v":"Berikutnya"},{"$i":"select","$v":"Pilih"},{"$i":"enter","$v":"Masuk"},{"$i":"spell","$v":"Eja"},{"$i":"symbols","$v":["Simbol ",{"t":"idOrVar","v":"n"},"/",{"t":"idOrVar","v":"m"}]},{"$i":"vibration","$v":"Getaran"},{"$i":"clickSound","$v":"Bunyi klik"},{"$i":"autoCorrect","$v":"Koreksi otomatis"},{"$i":"wordSuggestion","$v":"Saran kata"},{"$i":"userDictionary","$v":"Kamus pengguna"},{"$i":"handwritingKeyboard","$v":"Tulisan tangan"},{"$i":"strokeWidth","$v":"Lebar Stroke"},{"$i":"responseSpeed","$v":"Kecepatan Respons"},{"$i":"wordSuggestions2","ariaLabel":"Saran kata"},{"$i":"dismiss2","ariaLabel":"Menghentikan"},{"$i":"alternateLayoutKey2","ariaLabel":"banyak nomor dan simbol"},{"$i":"basicLayoutKey2","ariaLabel":"huruf"},{"$i":"upperCaseKey2","ariaLabel":"shift"},{"$i":"backSpaceKey2","ariaLabel":"hapus"},{"$i":"spaceKey2","ariaLabel":"spasi"},{"$i":"returnKey2","ariaLabel":"kembali"},{"$i":"periodKey2","ariaLabel":"titik"},{"$i":"commaKey2","ariaLabel":"koma"},{"$i":"colonKey2","ariaLabel":"titik dua"},{"$i":"semicolonKey2","ariaLabel":"titik koma"},{"$i":"questionMarkKey2","ariaLabel":"tanda tanya"},{"$i":"exclamationPointKey2","ariaLabel":"tanda seru"},{"$i":"leftBracketKey2","ariaLabel":"buka kurung"},{"$i":"rightBracketKey2","ariaLabel":"tutup kurung"},{"$i":"doubleQuoteKey2","ariaLabel":"petik ganda"},{"$i":"leftDoubleAngleQuoteKey2","ariaLabel":"petik ganda kiri"},{"$i":"rightDoubleAngleQuoteKey2","ariaLabel":"petik ganda kanan"},{"$i":"userDictionaryNoWord","$v":"Tidak ada kata pada kamus pengguna."},{"$i":"userDictionaryAddNow","$v":"Tambahkan sebuah kata sekarang"},{"$i":"userDictionaryAddButton","ariaLabel":"tambahkan kata"},{"$i":"userDictionaryAdd","$v":"Tambahkan Kata"},{"$i":"userDictionaryEdit","$v":"Edit Kata"},{"$i":"userDictionarySaveButton","$v":"Simpan"},{"$i":"userDictionaryDeleteButton","$v":"Hapus"},{"$i":"userDictionaryDeletePrompt","$v":["Hapus kata “",{"t":"idOrVar","v":"word"},"”?"]}]