[{"$i":"title","$v":"ក្ដារ​ចុច"},{"$i":"settingsPageTitle","$v":"ក្ដារ​ចុច​ដំឡើង​ស្រាប់"},{"$i":"ok","$v":"យល់​ព្រម"},{"$i":"keyboardSettings","$v":"ការកំណត់​ក្ដារ​ចុច"},{"$i":"cancel","$v":"បោះ​បង់"},{"$i":"delete","$v":"លុប"},{"$i":"done","$v":"រួច​រាល់"},{"$i":"previous","$v":"ពី​មុន"},{"$i":"next","$v":"បន្ទាប់"},{"$i":"select","$v":"ជ្រើស"},{"$i":"enter","$v":"បញ្ចូល"},{"$i":"spell","$v":"អក្ខរាវិរុទ្ធ"},{"$i":"symbols","$v":["និមិត្តសញ្ញា ",{"t":"idOrVar","v":"n"},"/",{"t":"idOrVar","v":"m"}]},{"$i":"vibration","$v":"រំញ័រ"},{"$i":"clickSound","$v":"សំឡេង​ចុច"},{"$i":"autoCorrect","$v":"ស្វ័យ​កែ​តម្រូវ"},{"$i":"wordSuggestion","$v":"យោបល់​ពាក្យ"},{"$i":"userDictionary","$v":"វចនានុក្រម​អ្នក​ប្រើ"},{"$i":"handwritingKeyboard","$v":"សរសេរ​ដៃ"},{"$i":"strokeWidth","$v":"ទទឹង​គំនូស"},{"$i":"responseSpeed","$v":"ល្បឿន​ឆ្លើយ​តប"},{"$i":"wordSuggestions2","ariaLabel":"យោបល់​ពាក្យ"},{"$i":"dismiss2","ariaLabel":"លុប"},{"$i":"alternateLayoutKey2","ariaLabel":"លេខ និង​សញ្ញា​ច្រើន​ទៀត"},{"$i":"basicLayoutKey2","ariaLabel":"អក្សរ"},{"$i":"upperCaseKey2","ariaLabel":"ប្ដូរ"},{"$i":"backSpaceKey2","ariaLabel":"លុប"},{"$i":"spaceKey2","ariaLabel":"ដក​ឃ្លា"},{"$i":"returnKey2","ariaLabel":"ត្រឡប់"},{"$i":"periodKey2","ariaLabel":"រយៈ​ពេល"},{"$i":"commaKey2","ariaLabel":"ក្បៀស"},{"$i":"colonKey2","ariaLabel":"ចុច​ក្បៀស"},{"$i":"semicolonKey2","ariaLabel":"ចុច​ក្បៀស"},{"$i":"questionMarkKey2","ariaLabel":"សញ្ញា​សួរ"},{"$i":"exclamationPointKey2","ariaLabel":"ឧទាន​សញ្ញា"},{"$i":"leftBracketKey2","ariaLabel":"តង្កៀប​ឆ្វេង"},{"$i":"rightBracketKey2","ariaLabel":"តង្កៀប​ស្ដាំ"},{"$i":"doubleQuoteKey2","ariaLabel":"អញ្ញ​ប្រកាស"},{"$i":"leftDoubleAngleQuoteKey2","ariaLabel":"អព្ភន្តរ​សញ្ញា​ឆ្វេង"},{"$i":"rightDoubleAngleQuoteKey2","ariaLabel":"អព្ភន្តរ​សញ្ញា​ស្ដាំ"},{"$i":"userDictionaryNoWord","$v":"គ្មាន​ពាក្យ​ក្នុង​វចនានុក្រម​អ្នក​ប្រើ​ទេ។"},{"$i":"userDictionaryAddNow","$v":"បន្ថែម​ពាក្យ​មួយ​ឥឡូវ​នេះ។"},{"$i":"userDictionaryAddButton","ariaLabel":"បន្ថែម​ពាក្យ"},{"$i":"userDictionaryAdd","$v":"បន្ថែម​ពាក្យ"},{"$i":"userDictionaryEdit","$v":"កែ​សម្រួល​ពាក្យ"},{"$i":"userDictionarySaveButton","$v":"រក្សា​ទុក"},{"$i":"userDictionaryDeleteButton","$v":"លុប"},{"$i":"userDictionaryDeletePrompt","$v":["លុប​ពាក្យ “",{"t":"idOrVar","v":"word"},"” ឬ?"]}]