[{"$i":"title","$v":"ແປ້ນພິມ"},{"$i":"settingsPageTitle","$v":"ແປ້ນພິມໃນຕົວ"},{"$i":"ok","$v":"ຕົກລົງ"},{"$i":"keyboardSettings","$v":"ການຕັ້ງຄ່າແປ້ນພິມ"},{"$i":"cancel","$v":"ຍົກເລີກ"},{"$i":"delete","$v":"ລຶບ"},{"$i":"done","$v":"ສຳເລັດ"},{"$i":"previous","$v":"ກ່ອນໜ້ານີ້"},{"$i":"next","$v":"ຂ້າງໜ້າ"},{"$i":"select","$v":"ເລືອກ"},{"$i":"enter","$v":"ປ້ອນຂໍ້ມູນ"},{"$i":"spell","$v":"ປະເພດເກມ"},{"$i":"symbols","$v":["ສັນຍາລັກ ",{"t":"idOrVar","v":"n"},"/",{"t":"idOrVar","v":"m"}]},{"$i":"vibration","$v":"ການສັ່ນ"},{"$i":"clickSound","$v":"ຄລິກສຽງ"},{"$i":"autoCorrect","$v":"ແກ້ໄຂອັດຕະໂນມັດ"},{"$i":"wordSuggestion","$v":"ຄຳແນະນຳເປັນລາຍລັກອັກສອນ"},{"$i":"userDictionary","$v":"ວັດຈະນານຸກົມຜູ່ນຳໃຊ້"},{"$i":"handwritingKeyboard","$v":"ລາຍມີຂຽນ"},{"$i":"strokeWidth","$v":"ຄວາມກ້ວາງຂອງເສັ້ນ"},{"$i":"responseSpeed","$v":"ການຕອບສະໜອງດ້ານຄວາມໄວ"},{"$i":"wordSuggestions2","ariaLabel":"ຄຳແນະນຳເປັນລາຍລັກອັກສອນ"},{"$i":"dismiss2","ariaLabel":"ຕອບຮັບຮູ້"},{"$i":"alternateLayoutKey2","ariaLabel":"ຕົວເລກ ແລະສັນຍະລັກເພີ່ມຕື່ມ"},{"$i":"basicLayoutKey2","ariaLabel":"ຈົດໝາຍ"},{"$i":"upperCaseKey2","ariaLabel":"ປຸ່ມ shift"},{"$i":"backSpaceKey2","ariaLabel":"ລຶບ"},{"$i":"spaceKey2","ariaLabel":"ພື້ນທີ່"},{"$i":"returnKey2","ariaLabel":"ຢ້ອນກັບຄືນ"},{"$i":"periodKey2","ariaLabel":"ໄລຍະເວລາ"},{"$i":"commaKey2","ariaLabel":"ຈຸລະພາກ"},{"$i":"colonKey2","ariaLabel":"ປາຍລຳໄສ້ໃຫຍ່"},{"$i":"semicolonKey2","ariaLabel":"ເຄື່ອງໝາຍຈໍ້າຈຸດ"},{"$i":"questionMarkKey2","ariaLabel":"ໝາຍຖາມ"},{"$i":"exclamationPointKey2","ariaLabel":"ເຄື່ອງໝາຍທ້ວງ"},{"$i":"leftBracketKey2","ariaLabel":"ວົງເລັບຂ້າງຊ້າຍ"},{"$i":"rightBracketKey2","ariaLabel":"ວົງເລັບດ້ານຂວາ"},{"$i":"doubleQuoteKey2","ariaLabel":"ວົງຢືມ"},{"$i":"leftDoubleAngleQuoteKey2","ariaLabel":"ຊ້າຍມູມສອງຂ້າງ"},{"$i":"rightDoubleAngleQuoteKey2","ariaLabel":"ມູມຂວາສອງຂ້າງ"},{"$i":"userDictionaryNoWord","$v":"ບໍ່ມີຄຳໃນວັດຈະນານຸກົມຜູ່ໃຊ້."},{"$i":"userDictionaryAddNow","$v":"ເພີ່ມຄຳຕອນນີ້."},{"$i":"userDictionaryAddButton","ariaLabel":"ເພີ່ມຄຳ"},{"$i":"userDictionaryAdd","$v":"ຕື່ມຄຳເວົ້າ"},{"$i":"userDictionaryEdit","$v":"ແກ້ໄຂຄຳສັບ"},{"$i":"userDictionarySaveButton","$v":"ບັນທຶກໄວ້"},{"$i":"userDictionaryDeleteButton","$v":"ລຶບ"},{"$i":"userDictionaryDeletePrompt","$v":["ລຶບຄຳສັບ “",{"t":"idOrVar","v":"word"},"”?"]}]