[{"$i":"title","$v":"Klaviat."},{"$i":"settingsPageTitle","$v":"Integr. klaviat."},{"$i":"ok","$v":"GERAI"},{"$i":"keyboardSettings","$v":"Klaviat. param."},{"$i":"cancel","$v":"Atš."},{"$i":"delete","$v":"Ištrin."},{"$i":"done","$v":"Atl."},{"$i":"previous","$v":"Ankstes."},{"$i":"next","$v":"Kit."},{"$i":"select","$v":"Rinktis"},{"$i":"enter","$v":"Įvesti"},{"$i":"spell","$v":"Rašyba"},{"$i":"symbols","$v":["Simboliai ",{"t":"idOrVar","v":"n"},"/",{"t":"idOrVar","v":"m"}]},{"$i":"vibration","$v":"Vibracija"},{"$i":"clickSound","$v":"Spus. garsą"},{"$i":"autoCorrect","$v":"Automat. tais."},{"$i":"wordSuggestion","$v":"Žodžio spėjimas"},{"$i":"userDictionary","$v":"Vartotojo žodynas"},{"$i":"handwritingKeyboard","$v":"Raš. ranka"},{"$i":"strokeWidth","$v":"Brūkšnio plotas"},{"$i":"responseSpeed","$v":"Atsako greitis"},{"$i":"wordSuggestions2","ariaLabel":"Žodžio spėjimai"},{"$i":"dismiss2","ariaLabel":"Atsis."},{"$i":"alternateLayoutKey2","ariaLabel":"daugiau skaičių ir simb."},{"$i":"basicLayoutKey2","ariaLabel":"laiškai"},{"$i":"upperCaseKey2","ariaLabel":"pamaina"},{"$i":"backSpaceKey2","ariaLabel":"ištrin."},{"$i":"spaceKey2","ariaLabel":"vieta"},{"$i":"returnKey2","ariaLabel":"grįžti"},{"$i":"periodKey2","ariaLabel":"taškas"},{"$i":"commaKey2","ariaLabel":"kabl."},{"$i":"colonKey2","ariaLabel":"dvit."},{"$i":"semicolonKey2","ariaLabel":"kabliataškis"},{"$i":"questionMarkKey2","ariaLabel":"klaustukas"},{"$i":"exclamationPointKey2","ariaLabel":"šauktukas"},{"$i":"leftBracketKey2","ariaLabel":"kair. laik."},{"$i":"rightBracketKey2","ariaLabel":"dešin. laikl."},{"$i":"doubleQuoteKey2","ariaLabel":"kair. dvig. kab."},{"$i":"leftDoubleAngleQuoteKey2","ariaLabel":"kairioji dviguba kabutė"},{"$i":"rightDoubleAngleQuoteKey2","ariaLabel":"dešinioji dviguba kabutė"},{"$i":"userDictionaryNoWord","$v":"Vartotojo žodyne žodžių nėra."},{"$i":"userDictionaryAddNow","$v":"Įtr. žodį dabar."},{"$i":"userDictionaryAddButton","ariaLabel":"įtraukti žodį"},{"$i":"userDictionaryAdd","$v":"Įtr. žodį"},{"$i":"userDictionaryEdit","$v":"Red. žodį"},{"$i":"userDictionarySaveButton","$v":"Išsg."},{"$i":"userDictionaryDeleteButton","$v":"Ištrin."},{"$i":"userDictionaryDeletePrompt","$v":["Ištr. žodį „",{"t":"idOrVar","v":"word"},"“?"]}]