[{"$i":"title","$v":"Tastatūra"},{"$i":"settingsPageTitle","$v":"Iebūvētā tastatūra"},{"$i":"ok","$v":"LABI"},{"$i":"keyboardSettings","$v":"Tastatūras uzstādījumi"},{"$i":"cancel","$v":"Atcelt"},{"$i":"delete","$v":"Dzēst"},{"$i":"done","$v":"Gatavs"},{"$i":"previous","$v":"Atpakaļ"},{"$i":"next","$v":"Tālāk"},{"$i":"select","$v":"Izvēlēties"},{"$i":"enter","$v":"Ievadīt"},{"$i":"spell","$v":"Pareizrakstība"},{"$i":"symbols","$v":["Simboli ",{"t":"idOrVar","v":"n"},"/",{"t":"idOrVar","v":"m"}]},{"$i":"vibration","$v":"Vibrācija"},{"$i":"clickSound","$v":"Noklikšķiniet uz skaņas"},{"$i":"autoCorrect","$v":"Automātisks labojums"},{"$i":"wordSuggestion","$v":"Vārda ieteikums"},{"$i":"userDictionary","$v":"Lietotāja vārdnīca"},{"$i":"handwritingKeyboard","$v":"Rokraksts"},{"$i":"strokeWidth","$v":"Vilkuma platums"},{"$i":"responseSpeed","$v":"Reakcijas ātrums"},{"$i":"wordSuggestions2","ariaLabel":"Vārda ieteikumi"},{"$i":"dismiss2","ariaLabel":"Vairs nerādīt"},{"$i":"alternateLayoutKey2","ariaLabel":"vairāk ciparu un simbolu"},{"$i":"basicLayoutKey2","ariaLabel":"burti"},{"$i":"upperCaseKey2","ariaLabel":"taustiņš shift"},{"$i":"backSpaceKey2","ariaLabel":"dzēst"},{"$i":"spaceKey2","ariaLabel":"vieta"},{"$i":"returnKey2","ariaLabel":"atgriešana"},{"$i":"periodKey2","ariaLabel":"periods"},{"$i":"commaKey2","ariaLabel":"komats"},{"$i":"colonKey2","ariaLabel":"kols"},{"$i":"semicolonKey2","ariaLabel":"semikols"},{"$i":"questionMarkKey2","ariaLabel":"jautājuma zīme"},{"$i":"exclamationPointKey2","ariaLabel":"izsaukuma zīme"},{"$i":"leftBracketKey2","ariaLabel":"kreisā iekava"},{"$i":"rightBracketKey2","ariaLabel":"labā iekava"},{"$i":"doubleQuoteKey2","ariaLabel":"dubultās pēdiņas"},{"$i":"leftDoubleAngleQuoteKey2","ariaLabel":"kreisā dubultleņķa pēdiņa"},{"$i":"rightDoubleAngleQuoteKey2","ariaLabel":"labā dubultā leņķa pēdiņa"},{"$i":"userDictionaryNoWord","$v":"Lietotāja vārdnīcā nav neviena vārda."},{"$i":"userDictionaryAddNow","$v":"Pievienojiet vārdu tagad."},{"$i":"userDictionaryAddButton","ariaLabel":"pievienot vārdu"},{"$i":"userDictionaryAdd","$v":"Pievienot vārdu"},{"$i":"userDictionaryEdit","$v":"Rediģēt vārdu"},{"$i":"userDictionarySaveButton","$v":"Saglabāt"},{"$i":"userDictionaryDeleteButton","$v":"Dzēst"},{"$i":"userDictionaryDeletePrompt","$v":["Vai dzēst vārdu “",{"t":"idOrVar","v":"word"},"”?"]}]