[{"$i":"title","$v":"Тастатура"},{"$i":"settingsPageTitle","$v":"Вградена тастатура"},{"$i":"ok","$v":"ОК"},{"$i":"keyboardSettings","$v":"Пост. на тастатурата"},{"$i":"cancel","$v":"Откажи"},{"$i":"delete","$v":"Избриши"},{"$i":"done","$v":"Готово"},{"$i":"previous","$v":"Претходно"},{"$i":"next","$v":"Следно"},{"$i":"select","$v":"Одбери"},{"$i":"enter","$v":"Внесете"},{"$i":"spell","$v":"Правопис"},{"$i":"symbols","$v":["Симболи ",{"t":"idOrVar","v":"n"},"/",{"t":"idOrVar","v":"m"}]},{"$i":"vibration","$v":"Вибрации"},{"$i":"clickSound","$v":"Звук за клик"},{"$i":"autoCorrect","$v":"Автопоправка"},{"$i":"wordSuggestion","$v":"Предлог за збор"},{"$i":"userDictionary","$v":"Кориснички речник"},{"$i":"handwritingKeyboard","$v":"Ракописно пишув."},{"$i":"strokeWidth","$v":"Ширина на зафатот"},{"$i":"responseSpeed","$v":"Брзина на одговор"},{"$i":"wordSuggestions2","ariaLabel":"Предлози за збор"},{"$i":"dismiss2","ariaLabel":"Отфрли"},{"$i":"alternateLayoutKey2","ariaLabel":"повеќе бр. и симб."},{"$i":"basicLayoutKey2","ariaLabel":"букви"},{"$i":"upperCaseKey2","ariaLabel":"смена"},{"$i":"backSpaceKey2","ariaLabel":"Избриши"},{"$i":"spaceKey2","ariaLabel":"празно место"},{"$i":"returnKey2","ariaLabel":"враќање"},{"$i":"periodKey2","ariaLabel":"период"},{"$i":"commaKey2","ariaLabel":"запирка"},{"$i":"colonKey2","ariaLabel":"две точки"},{"$i":"semicolonKey2","ariaLabel":"точка запирка"},{"$i":"questionMarkKey2","ariaLabel":"прашалник"},{"$i":"exclamationPointKey2","ariaLabel":"извичник"},{"$i":"leftBracketKey2","ariaLabel":"лева заграда"},{"$i":"rightBracketKey2","ariaLabel":"десна заграда"},{"$i":"doubleQuoteKey2","ariaLabel":"двоен цитат"},{"$i":"leftDoubleAngleQuoteKey2","ariaLabel":"лев двуаголен цитат"},{"$i":"rightDoubleAngleQuoteKey2","ariaLabel":"десен двуаголен цитат"},{"$i":"userDictionaryNoWord","$v":"Нема зборови во речникот за корисникот."},{"$i":"userDictionaryAddNow","$v":"Додајте збор сега."},{"$i":"userDictionaryAddButton","ariaLabel":"додајте збор"},{"$i":"userDictionaryAdd","$v":"Додајте збор"},{"$i":"userDictionaryEdit","$v":"Уредување на збор"},{"$i":"userDictionarySaveButton","$v":"Зачувај"},{"$i":"userDictionaryDeleteButton","$v":"Избриши"},{"$i":"userDictionaryDeletePrompt","$v":["Избриши збор „",{"t":"idOrVar","v":"word"},"“?"]}]