[{"$i":"title","$v":"Tastatură"},{"$i":"settingsPageTitle","$v":"Tastatură încorporată"},{"$i":"ok","$v":"OK"},{"$i":"keyboardSettings","$v":"Setări tastatură"},{"$i":"cancel","$v":"Anulare"},{"$i":"delete","$v":"Ștergere"},{"$i":"done","$v":"Efectuat"},{"$i":"previous","$v":"Anterior"},{"$i":"next","$v":"Înainte"},{"$i":"select","$v":"Selectare"},{"$i":"enter","$v":"Introducere"},{"$i":"spell","$v":"Vraja"},{"$i":"symbols","$v":["Simboluri ",{"t":"idOrVar","v":"n"},"/",{"t":"idOrVar","v":"m"}]},{"$i":"vibration","$v":"Vibrații"},{"$i":"clickSound","$v":"Faceți clic pe sunet"},{"$i":"autoCorrect","$v":"Corectare automată"},{"$i":"wordSuggestion","$v":"Sugestie cuvânt"},{"$i":"userDictionary","$v":"Dicționar utilizator"},{"$i":"handwritingKeyboard","$v":"Scris de mână"},{"$i":"strokeWidth","$v":"Lățime urmă"},{"$i":"responseSpeed","$v":"Viteză de răspuns"},{"$i":"wordSuggestions2","ariaLabel":"Sugestii cuvânt"},{"$i":"dismiss2","ariaLabel":"Respingere"},{"$i":"alternateLayoutKey2","ariaLabel":"mai multe numere și simboluri"},{"$i":"basicLayoutKey2","ariaLabel":"scrisori"},{"$i":"upperCaseKey2","ariaLabel":"comutare"},{"$i":"backSpaceKey2","ariaLabel":"ștergere"},{"$i":"spaceKey2","ariaLabel":"spațiu"},{"$i":"returnKey2","ariaLabel":"revenire"},{"$i":"periodKey2","ariaLabel":"perioadă"},{"$i":"commaKey2","ariaLabel":"virgulă"},{"$i":"colonKey2","ariaLabel":"două puncte"},{"$i":"semicolonKey2","ariaLabel":"punct și virgulă"},{"$i":"questionMarkKey2","ariaLabel":"semnul întrebării"},{"$i":"exclamationPointKey2","ariaLabel":"semn exclam"},{"$i":"leftBracketKey2","ariaLabel":"paranteză stânga"},{"$i":"rightBracketKey2","ariaLabel":"paranteză dreaptă"},{"$i":"doubleQuoteKey2","ariaLabel":"ghilimele"},{"$i":"leftDoubleAngleQuoteKey2","ariaLabel":"ghilimele drepte stânga"},{"$i":"rightDoubleAngleQuoteKey2","ariaLabel":"ghilimele drepte dreapta"},{"$i":"userDictionaryNoWord","$v":"Niciun cuvânt în dicționarul utilizatorului."},{"$i":"userDictionaryAddNow","$v":"Adăugați un cuvânt acum."},{"$i":"userDictionaryAddButton","ariaLabel":"adăugați cuvânt"},{"$i":"userDictionaryAdd","$v":"Adăugați cuvânt"},{"$i":"userDictionaryEdit","$v":"Editați cuvânt"},{"$i":"userDictionarySaveButton","$v":"Salvare"},{"$i":"userDictionaryDeleteButton","$v":"Ștergere"},{"$i":"userDictionaryDeletePrompt","$v":["Ștergeți cuvântul „",{"t":"idOrVar","v":"word"},"”?"]}]