[{"$i":"title","$v":"किबोर्ड"},{"$i":"settingsPageTitle","$v":"कुञ्जीपाटीमा-बनाउनुहोस्"},{"$i":"ok","$v":"ठीक छ"},{"$i":"keyboardSettings","$v":"कीबोड सेटिङहरू"},{"$i":"cancel","$v":"रद्द गर्नुहोस्"},{"$i":"delete","$v":"मेट्नुहोस्"},{"$i":"done","$v":"भयो"},{"$i":"previous","$v":"अघिल्लो"},{"$i":"next","$v":"अर्को"},{"$i":"select","$v":"चयन गर्नुहोस्"},{"$i":"enter","$v":"प्रविष्टि गर्नुहोस्"},{"$i":"spell","$v":"हिज्जे"},{"$i":"symbols","$v":["संकेतहरू ",{"t":"idOrVar","v":"n"},"/",{"t":"idOrVar","v":"m"}]},{"$i":"vibration","$v":"भाइब्रेसन"},{"$i":"clickSound","$v":"ध्वनिमा क्लिक गर्नुहोस्"},{"$i":"autoCorrect","$v":"स्वतः सुधार"},{"$i":"wordSuggestion","$v":"शब्द सुझाव"},{"$i":"userDictionary","$v":"प्रयोगकर्ता शब्दकोश"},{"$i":"handwritingKeyboard","$v":"हस्तलेखन"},{"$i":"strokeWidth","$v":"स्ट्रोक चौडाइ"},{"$i":"responseSpeed","$v":"प्रतिक्रियाको गति"},{"$i":"wordSuggestions2","ariaLabel":"शब्द सुझावहरू"},{"$i":"dismiss2","ariaLabel":"खारेज गर्नुहोस्"},{"$i":"alternateLayoutKey2","ariaLabel":"थप नम्बर र प्रतीकहरू"},{"$i":"basicLayoutKey2","ariaLabel":"अक्षरहरू"},{"$i":"upperCaseKey2","ariaLabel":"सिफ्ट गर्नुहोस्"},{"$i":"backSpaceKey2","ariaLabel":"मेट्नुहोस्"},{"$i":"spaceKey2","ariaLabel":"ठाउँ"},{"$i":"returnKey2","ariaLabel":"फर्कनुहोस्"},{"$i":"periodKey2","ariaLabel":"अवधि"},{"$i":"commaKey2","ariaLabel":"अल्प विराम"},{"$i":"colonKey2","ariaLabel":"कोलन"},{"$i":"semicolonKey2","ariaLabel":"अर्धविराम"},{"$i":"questionMarkKey2","ariaLabel":"प्रश्नवाचक चिह्न"},{"$i":"exclamationPointKey2","ariaLabel":"विस्मयादिबोधक बिन्दु"},{"$i":"leftBracketKey2","ariaLabel":"बायाँ कोष्ठक"},{"$i":"rightBracketKey2","ariaLabel":"दायाँ कोष्ठक"},{"$i":"doubleQuoteKey2","ariaLabel":"डबल कोट"},{"$i":"leftDoubleAngleQuoteKey2","ariaLabel":"बायाँ दोहोरो कोणीय उद्धरण"},{"$i":"rightDoubleAngleQuoteKey2","ariaLabel":"दायाँ दोहोरो कोणीय उद्धरण"},{"$i":"userDictionaryNoWord","$v":"प्रयोगकर्ता शब्दकोशमा शब्दहरू छैनन्।"},{"$i":"userDictionaryAddNow","$v":"अहिले नै शब्द थप्नुहोस्"},{"$i":"userDictionaryAddButton","ariaLabel":"शब्दहरू थप्नुहोस्"},{"$i":"userDictionaryAdd","$v":"शब्दहरू थप्नुहोस्"},{"$i":"userDictionaryEdit","$v":"शब्द सम्पादन गर्नुहोस्"},{"$i":"userDictionarySaveButton","$v":"सुरक्षित गर्नुहोस्"},{"$i":"userDictionaryDeleteButton","$v":"मेट्नुहोस्"},{"$i":"userDictionaryDeletePrompt","$v":["शब्द “",{"t":"idOrVar","v":"word"},"” मेटाउनुहोस् ?"]}]