[{"$i":"title","$v":"Toetsenbord"},{"$i":"settingsPageTitle","$v":"Ingebouwd toetsenbord"},{"$i":"ok","$v":"OK"},{"$i":"keyboardSettings","$v":"Toetsenbordinstellingen"},{"$i":"cancel","$v":"Annuleren"},{"$i":"delete","$v":"Verwijderen"},{"$i":"done","$v":"Gereed"},{"$i":"previous","$v":"Vorige"},{"$i":"next","$v":"Volgende"},{"$i":"select","$v":"Selecteer"},{"$i":"enter","$v":"Invoeren"},{"$i":"spell","$v":"Spellen"},{"$i":"symbols","$v":["Symbolen ",{"t":"idOrVar","v":"n"},"/",{"t":"idOrVar","v":"m"}]},{"$i":"vibration","$v":"Trillen"},{"$i":"clickSound","$v":"Klikgeluid"},{"$i":"autoCorrect","$v":"Automatische correctie"},{"$i":"wordSuggestion","$v":"Woordsuggestie"},{"$i":"userDictionary","$v":"Gebruikerswoordenboek"},{"$i":"handwritingKeyboard","$v":"Handschrift"},{"$i":"strokeWidth","$v":"Puntdikte"},{"$i":"responseSpeed","$v":"Reactiesnelheid"},{"$i":"wordSuggestions2","ariaLabel":"Woordsuggesties"},{"$i":"dismiss2","ariaLabel":"Negeren"},{"$i":"alternateLayoutKey2","ariaLabel":"meer nummers en symbolen"},{"$i":"basicLayoutKey2","ariaLabel":"letters"},{"$i":"upperCaseKey2","ariaLabel":"shift"},{"$i":"backSpaceKey2","ariaLabel":"verwijderen"},{"$i":"spaceKey2","ariaLabel":"spatie"},{"$i":"returnKey2","ariaLabel":"Terug"},{"$i":"periodKey2","ariaLabel":"punt"},{"$i":"commaKey2","ariaLabel":"komma"},{"$i":"colonKey2","ariaLabel":"dubbelepunt"},{"$i":"semicolonKey2","ariaLabel":"puntkomma"},{"$i":"questionMarkKey2","ariaLabel":"vraagteken"},{"$i":"exclamationPointKey2","ariaLabel":"uitroepteken"},{"$i":"leftBracketKey2","ariaLabel":"linker haakje"},{"$i":"rightBracketKey2","ariaLabel":"rechter haakje"},{"$i":"doubleQuoteKey2","ariaLabel":"dubbel aanhalingsteken"},{"$i":"leftDoubleAngleQuoteKey2","ariaLabel":"linker dubbel gekruld aanhalingsteken"},{"$i":"rightDoubleAngleQuoteKey2","ariaLabel":"rechter dubbel gekruld aanhalingsteken"},{"$i":"userDictionaryNoWord","$v":"Geen woorden in het gebruikerswoordenboek."},{"$i":"userDictionaryAddNow","$v":"Voeg nu een woord toe."},{"$i":"userDictionaryAddButton","ariaLabel":"woord toevoegen"},{"$i":"userDictionaryAdd","$v":"Woord toevoegen"},{"$i":"userDictionaryEdit","$v":"Woord bewerken"},{"$i":"userDictionarySaveButton","$v":"Opslaan"},{"$i":"userDictionaryDeleteButton","$v":"Verwijderen"},{"$i":"userDictionaryDeletePrompt","$v":["Woord '",{"t":"idOrVar","v":"word"},"' verwijderen?"]}]