[{"$i":"title","$v":"Клавиатура"},{"$i":"settingsPageTitle","$v":"Встроенная клавиатура"},{"$i":"ok","$v":"OK"},{"$i":"keyboardSettings","$v":"Настройки клавиатуры"},{"$i":"cancel","$v":"Отмена"},{"$i":"delete","$v":"Удалить"},{"$i":"done","$v":"Готово"},{"$i":"previous","$v":"Предыдущее"},{"$i":"next","$v":"Далее"},{"$i":"select","$v":"Выбрать"},{"$i":"enter","$v":"Ввод"},{"$i":"spell","$v":"Проверка правописания"},{"$i":"symbols","$v":["Символы ",{"t":"idOrVar","v":"n"},"/",{"t":"idOrVar","v":"m"}]},{"$i":"vibration","$v":"Вибросигнал"},{"$i":"clickSound","$v":"Звук нажатия"},{"$i":"autoCorrect","$v":"Автокоррекция"},{"$i":"wordSuggestion","$v":"Предложение слова"},{"$i":"userDictionary","$v":"Пользовательский словарь"},{"$i":"handwritingKeyboard","$v":"Рукописный ввод"},{"$i":"strokeWidth","$v":"Ширина Штриха"},{"$i":"responseSpeed","$v":"Скорость Реакции"},{"$i":"wordSuggestions2","ariaLabel":"Предложения слов"},{"$i":"dismiss2","ariaLabel":"Отклонить"},{"$i":"alternateLayoutKey2","ariaLabel":"больше чисел и символов"},{"$i":"basicLayoutKey2","ariaLabel":"буквы"},{"$i":"upperCaseKey2","ariaLabel":"shift"},{"$i":"backSpaceKey2","ariaLabel":"удалить"},{"$i":"spaceKey2","ariaLabel":"пробел"},{"$i":"returnKey2","ariaLabel":"назад"},{"$i":"periodKey2","ariaLabel":"точка"},{"$i":"commaKey2","ariaLabel":"запятая"},{"$i":"colonKey2","ariaLabel":"двоеточие"},{"$i":"semicolonKey2","ariaLabel":"точка с запятой"},{"$i":"questionMarkKey2","ariaLabel":"вопросительный знак"},{"$i":"exclamationPointKey2","ariaLabel":"восклицательный знак"},{"$i":"leftBracketKey2","ariaLabel":"левая скобка"},{"$i":"rightBracketKey2","ariaLabel":"правая скобка"},{"$i":"doubleQuoteKey2","ariaLabel":"двойная кавычка"},{"$i":"leftDoubleAngleQuoteKey2","ariaLabel":"левая двойная угловая кавычка"},{"$i":"rightDoubleAngleQuoteKey2","ariaLabel":"правая двойная угловая кавычка"},{"$i":"userDictionaryNoWord","$v":"Нет слов в пользовательском словаре."},{"$i":"userDictionaryAddNow","$v":"Добавьте слово сейчас."},{"$i":"userDictionaryAddButton","ariaLabel":"добавить слово"},{"$i":"userDictionaryAdd","$v":"Добавить Слово"},{"$i":"userDictionaryEdit","$v":"Изменить Слово"},{"$i":"userDictionarySaveButton","$v":"Сохранить"},{"$i":"userDictionaryDeleteButton","$v":"Удалить"},{"$i":"userDictionaryDeletePrompt","$v":["Удалить слово “",{"t":"idOrVar","v":"word"},"”?"]}]