[{"$i":"title","$v":"යතුරු පුවරුව"},{"$i":"settingsPageTitle","$v":"අභ්‍යන්තරගත යතුරුපුවරුව"},{"$i":"ok","$v":"OK"},{"$i":"keyboardSettings","$v":"යතුරු පුවරු පසුතල"},{"$i":"cancel","$v":"අවලංගු කරන්න"},{"$i":"delete","$v":"මකන්න"},{"$i":"done","$v":"ඉටු කළා"},{"$i":"previous","$v":"කලින්"},{"$i":"next","$v":"ඊලඟ"},{"$i":"select","$v":"තෝරන්න"},{"$i":"enter","$v":"ඇතුළුවන්න"},{"$i":"spell","$v":"අක්ෂර වින්යාසය"},{"$i":"symbols","$v":["සංකේත ",{"t":"idOrVar","v":"n"},"/",{"t":"idOrVar","v":"m"}]},{"$i":"vibration","$v":"කම්පනය"},{"$i":"clickSound","$v":"ශබ්දය ක්ලික් කරන්න"},{"$i":"autoCorrect","$v":"ස්වයං නිවැරදි කිරීම"},{"$i":"wordSuggestion","$v":"වචන යෝජනාව"},{"$i":"userDictionary","$v":"ශබ්දකෝෂය භාවිතා කරන්න"},{"$i":"handwritingKeyboard","$v":"අත් අකුරු"},{"$i":"strokeWidth","$v":"පහරේ පළල"},{"$i":"responseSpeed","$v":"ප්‍රතිචාර වේගය"},{"$i":"wordSuggestions2","ariaLabel":"වචන යෝජනා"},{"$i":"dismiss2","ariaLabel":"ඉවත් කරන්න"},{"$i":"alternateLayoutKey2","ariaLabel":"තව සංඛ්‍යා සහ සංකේත"},{"$i":"basicLayoutKey2","ariaLabel":"ලිපි"},{"$i":"upperCaseKey2","ariaLabel":"මාරු කරන්න"},{"$i":"backSpaceKey2","ariaLabel":"මකන්න"},{"$i":"spaceKey2","ariaLabel":"ඉඩ"},{"$i":"returnKey2","ariaLabel":"නැවත පැමිණීම"},{"$i":"periodKey2","ariaLabel":"කාල සීමාව"},{"$i":"commaKey2","ariaLabel":"කොමාව"},{"$i":"colonKey2","ariaLabel":"දෙතිත"},{"$i":"semicolonKey2","ariaLabel":"තිත් කොමාව"},{"$i":"questionMarkKey2","ariaLabel":"ප්‍රශ්නාර්ථ ලකුණ"},{"$i":"exclamationPointKey2","ariaLabel":"විස්මයාර්ථ ලකුණ"},{"$i":"leftBracketKey2","ariaLabel":"වම් වරහන"},{"$i":"rightBracketKey2","ariaLabel":"දකුණු වරහන"},{"$i":"doubleQuoteKey2","ariaLabel":"ද්විත්ව උපුටනය"},{"$i":"leftDoubleAngleQuoteKey2","ariaLabel":"වම් ද්විත්ව ආනති උධෘත සලකුණ"},{"$i":"rightDoubleAngleQuoteKey2","ariaLabel":"දකුණු ද්විත්ව කෝණ උධෘතය"},{"$i":"userDictionaryNoWord","$v":"භාවිත ශබ්ද කෝෂයේ කිසිදු වචනයක් නැත."},{"$i":"userDictionaryAddNow","$v":"දැන් වදනක් එක්කරන්න."},{"$i":"userDictionaryAddButton","ariaLabel":"වචනය එක්කරන්න"},{"$i":"userDictionaryAdd","$v":"වචනය එක් කරන්න"},{"$i":"userDictionaryEdit","$v":"Word වෙනස් කරන්න"},{"$i":"userDictionarySaveButton","$v":"සුරකින්න"},{"$i":"userDictionaryDeleteButton","$v":"මකන්න"},{"$i":"userDictionaryDeletePrompt","$v":["“",{"t":"idOrVar","v":"word"},"”වචනය මකන්නද?"]}]