[{"$i":"title","$v":"Klávesnica"},{"$i":"settingsPageTitle","$v":"Vstav. klávesnica"},{"$i":"ok","$v":"OK"},{"$i":"keyboardSettings","$v":"Nast. klávesnice"},{"$i":"cancel","$v":"Zrušiť"},{"$i":"delete","$v":"Vymazať"},{"$i":"done","$v":"Hotovo"},{"$i":"previous","$v":"Predch."},{"$i":"next","$v":"Ďalej"},{"$i":"select","$v":"Vybrať"},{"$i":"enter","$v":"Zadať"},{"$i":"spell","$v":"Hláskovať"},{"$i":"symbols","$v":["Symboly ",{"t":"idOrVar","v":"n"},"/",{"t":"idOrVar","v":"m"}]},{"$i":"vibration","$v":"Vibrovanie"},{"$i":"clickSound","$v":"Zvuk kliknutia"},{"$i":"autoCorrect","$v":"Aut. oprava"},{"$i":"wordSuggestion","$v":"Návrh slova"},{"$i":"userDictionary","$v":"Použ. slovník"},{"$i":"handwritingKeyboard","$v":"Písanie rukou"},{"$i":"strokeWidth","$v":"Šírka ťahu"},{"$i":"responseSpeed","$v":"Rýchl. odpovede"},{"$i":"wordSuggestions2","ariaLabel":"Návrhy slov"},{"$i":"dismiss2","ariaLabel":"Zrušiť"},{"$i":"alternateLayoutKey2","ariaLabel":"viac čísel a symbolov"},{"$i":"basicLayoutKey2","ariaLabel":"písmená"},{"$i":"upperCaseKey2","ariaLabel":"shift"},{"$i":"backSpaceKey2","ariaLabel":"vymazať"},{"$i":"spaceKey2","ariaLabel":"priestor"},{"$i":"returnKey2","ariaLabel":"späť"},{"$i":"periodKey2","ariaLabel":"obdobie"},{"$i":"commaKey2","ariaLabel":"čiarka"},{"$i":"colonKey2","ariaLabel":"dvojb."},{"$i":"semicolonKey2","ariaLabel":"bodkočiarka"},{"$i":"questionMarkKey2","ariaLabel":"otáznik"},{"$i":"exclamationPointKey2","ariaLabel":"výkričník"},{"$i":"leftBracketKey2","ariaLabel":"ľavá zátvorka"},{"$i":"rightBracketKey2","ariaLabel":"pravá zátvorka"},{"$i":"doubleQuoteKey2","ariaLabel":"dvojité úvodzovky"},{"$i":"leftDoubleAngleQuoteKey2","ariaLabel":"ľavé dvoj. úvodzovky"},{"$i":"rightDoubleAngleQuoteKey2","ariaLabel":"pravé dvoj. úvodzovky"},{"$i":"userDictionaryNoWord","$v":"Bez slov v už. slovníku."},{"$i":"userDictionaryAddNow","$v":"Pridať slovo."},{"$i":"userDictionaryAddButton","ariaLabel":"pridať slovo"},{"$i":"userDictionaryAdd","$v":"Pridať slovo"},{"$i":"userDictionaryEdit","$v":"Upraviť slovo"},{"$i":"userDictionarySaveButton","$v":"Uložiť"},{"$i":"userDictionaryDeleteButton","$v":"Vymazať"},{"$i":"userDictionaryDeletePrompt","$v":["Vymazať slovo „",{"t":"idOrVar","v":"word"},"“?"]}]