[{"$i":"title","$v":"Tastiera"},{"$i":"settingsPageTitle","$v":"Tastiera e integruar"},{"$i":"ok","$v":"OK"},{"$i":"keyboardSettings","$v":"Cilësimet e tastierës"},{"$i":"cancel","$v":"Anulo"},{"$i":"delete","$v":"Fshi"},{"$i":"done","$v":"U krye"},{"$i":"previous","$v":"Përpara"},{"$i":"next","$v":"Tjetër"},{"$i":"select","$v":"Zgjidh"},{"$i":"enter","$v":"Jep"},{"$i":"spell","$v":"magji"},{"$i":"symbols","$v":["Simbolet ",{"t":"idOrVar","v":"n"},"/",{"t":"idOrVar","v":"m"}]},{"$i":"vibration","$v":"Dridhja"},{"$i":"clickSound","$v":"Tingulli i klikimit"},{"$i":"autoCorrect","$v":"Korrigjimi automatik"},{"$i":"wordSuggestion","$v":"Sugjerim fjale"},{"$i":"userDictionary","$v":"Fjalori i përdoruesit"},{"$i":"handwritingKeyboard","$v":"Shkrim dore"},{"$i":"strokeWidth","$v":"Gjerësia e penelit"},{"$i":"responseSpeed","$v":"Shpejtësia e përgjigjes"},{"$i":"wordSuggestions2","ariaLabel":"Sugjerime fjalësh"},{"$i":"dismiss2","ariaLabel":"Anulo"},{"$i":"alternateLayoutKey2","ariaLabel":"më shumë num. dhe simbole"},{"$i":"basicLayoutKey2","ariaLabel":"shkronja"},{"$i":"upperCaseKey2","ariaLabel":"ndrysho"},{"$i":"backSpaceKey2","ariaLabel":"fshi"},{"$i":"spaceKey2","ariaLabel":"hapësirë"},{"$i":"returnKey2","ariaLabel":"kthehu"},{"$i":"periodKey2","ariaLabel":"periudha"},{"$i":"commaKey2","ariaLabel":"presje"},{"$i":"colonKey2","ariaLabel":"dypikësh"},{"$i":"semicolonKey2","ariaLabel":"pikëpresje"},{"$i":"questionMarkKey2","ariaLabel":"pikëpyetje"},{"$i":"exclamationPointKey2","ariaLabel":"pikëçuditje"},{"$i":"leftBracketKey2","ariaLabel":"kllapa e majtë"},{"$i":"rightBracketKey2","ariaLabel":"kllapa e djathtë"},{"$i":"doubleQuoteKey2","ariaLabel":"thonjëza"},{"$i":"leftDoubleAngleQuoteKey2","ariaLabel":"thonjëza këndore majtas"},{"$i":"rightDoubleAngleQuoteKey2","ariaLabel":"thonjëza këndore djathtas"},{"$i":"userDictionaryNoWord","$v":"Nuk ka fjalë në fjalorin e përdoruesit."},{"$i":"userDictionaryAddNow","$v":"Shto një fjalë tani."},{"$i":"userDictionaryAddButton","ariaLabel":"shto fjalë"},{"$i":"userDictionaryAdd","$v":"Shto fjalë"},{"$i":"userDictionaryEdit","$v":"Modifiko fjalën"},{"$i":"userDictionarySaveButton","$v":"Ruaj"},{"$i":"userDictionaryDeleteButton","$v":"Fshi"},{"$i":"userDictionaryDeletePrompt","$v":["Të fshihet fjala \"",{"t":"idOrVar","v":"word"},"\"?"]}]