[{"$i":"title","$v":"Tastatura"},{"$i":"settingsPageTitle","$v":"Ugrađena tastatura"},{"$i":"ok","$v":"OK"},{"$i":"keyboardSettings","$v":"Podešavanja tastature"},{"$i":"cancel","$v":"Otkaži"},{"$i":"delete","$v":"Izbriši"},{"$i":"done","$v":"Gotovo"},{"$i":"previous","$v":"Prethodno"},{"$i":"next","$v":"Sledeće"},{"$i":"select","$v":"Odaberi"},{"$i":"enter","$v":"Unesi"},{"$i":"spell","$v":"Чаролија"},{"$i":"symbols","$v":["Simboli ",{"t":"idOrVar","v":"n"},"/",{"t":"idOrVar","v":"m"}]},{"$i":"vibration","$v":"Vibracija"},{"$i":"clickSound","$v":"Zvuk klika"},{"$i":"autoCorrect","$v":"Autom. ispravljanje"},{"$i":"wordSuggestion","$v":"Predlog reči"},{"$i":"userDictionary","$v":"Korisnički rečnik"},{"$i":"handwritingKeyboard","$v":"Rukopis"},{"$i":"strokeWidth","$v":"Širina poteza"},{"$i":"responseSpeed","$v":"Brzina odgovora"},{"$i":"wordSuggestions2","ariaLabel":"Predlozi reči"},{"$i":"dismiss2","ariaLabel":"Odbaci"},{"$i":"alternateLayoutKey2","ariaLabel":"još brojeva i simbola"},{"$i":"basicLayoutKey2","ariaLabel":"pisma"},{"$i":"upperCaseKey2","ariaLabel":"shift"},{"$i":"backSpaceKey2","ariaLabel":"izbriši"},{"$i":"spaceKey2","ariaLabel":"razmak"},{"$i":"returnKey2","ariaLabel":"nazad"},{"$i":"periodKey2","ariaLabel":"tačka"},{"$i":"commaKey2","ariaLabel":"zarez"},{"$i":"colonKey2","ariaLabel":"dve tačke"},{"$i":"semicolonKey2","ariaLabel":"tačka-zarez"},{"$i":"questionMarkKey2","ariaLabel":"upitnik"},{"$i":"exclamationPointKey2","ariaLabel":"uzvičnik"},{"$i":"leftBracketKey2","ariaLabel":"Leva zagrada"},{"$i":"rightBracketKey2","ariaLabel":"desna zagrada"},{"$i":"doubleQuoteKey2","ariaLabel":"dvostruki navodnici"},{"$i":"leftDoubleAngleQuoteKey2","ariaLabel":"levi dvostruki uglasti navodnik"},{"$i":"rightDoubleAngleQuoteKey2","ariaLabel":"desni dvostr. ugaoni nav."},{"$i":"userDictionaryNoWord","$v":"Nema reči u korisničkom rečniku."},{"$i":"userDictionaryAddNow","$v":"Dodajte reč."},{"$i":"userDictionaryAddButton","ariaLabel":"Dodaj reč"},{"$i":"userDictionaryAdd","$v":"Dodaj reč"},{"$i":"userDictionaryEdit","$v":"Uredi reč"},{"$i":"userDictionarySaveButton","$v":"Sačuvaj"},{"$i":"userDictionaryDeleteButton","$v":"Izbriši"},{"$i":"userDictionaryDeletePrompt","$v":["Izbrisati reč „",{"t":"idOrVar","v":"word"},"“?"]}]