[{"$i":"title","$v":"கீபோர்டு"},{"$i":"settingsPageTitle","$v":"உள்ளமைந்த கீபோர்டு"},{"$i":"ok","$v":"சரி"},{"$i":"keyboardSettings","$v":"கீபோர்டு செட்டிங்ஸ்"},{"$i":"cancel","$v":"ரத்து செய்க"},{"$i":"delete","$v":"நீக்கு"},{"$i":"done","$v":"முடிந்தது"},{"$i":"previous","$v":"முந்தையது"},{"$i":"next","$v":"அடுத்த"},{"$i":"select","$v":"தேர்ந்தெடு"},{"$i":"enter","$v":"உள்ளிடு"},{"$i":"spell","$v":"ஸ்பெல்"},{"$i":"symbols","$v":["சிம்பல்கள் ",{"t":"idOrVar","v":"n"},"/",{"t":"idOrVar","v":"m"}]},{"$i":"vibration","$v":"அதிர்வு"},{"$i":"clickSound","$v":"கிளிக் ஒலி"},{"$i":"autoCorrect","$v":"தானாக சரிசெய்தல்"},{"$i":"wordSuggestion","$v":"வார்த்தை பரிந்துரை"},{"$i":"userDictionary","$v":"யூசர் அகராதி"},{"$i":"handwritingKeyboard","$v":"கையால் எழுதுதல்"},{"$i":"strokeWidth","$v":"ஸ்ட்ரோக் அகலம்"},{"$i":"responseSpeed","$v":"பதில் ஸ்பீட்"},{"$i":"wordSuggestions2","ariaLabel":"வார்த்தை பரிந்துரைகள்"},{"$i":"dismiss2","ariaLabel":"நிராகரி"},{"$i":"alternateLayoutKey2","ariaLabel":"அதிக எண்கள் மற்றும் சின்னங்கள்"},{"$i":"basicLayoutKey2","ariaLabel":"எழுத்துக்கள்"},{"$i":"upperCaseKey2","ariaLabel":"ஷிப்ட்"},{"$i":"backSpaceKey2","ariaLabel":"நீக்கு"},{"$i":"spaceKey2","ariaLabel":"இடைவெளி"},{"$i":"returnKey2","ariaLabel":"திரும்பு"},{"$i":"periodKey2","ariaLabel":"கால அளவு"},{"$i":"commaKey2","ariaLabel":"கமா"},{"$i":"colonKey2","ariaLabel":"கோலன்"},{"$i":"semicolonKey2","ariaLabel":"செமிக்கோலன்"},{"$i":"questionMarkKey2","ariaLabel":"கேள்விக்குறி"},{"$i":"exclamationPointKey2","ariaLabel":"எக்ஸ்கலமேஷன் பாயிண்ட்"},{"$i":"leftBracketKey2","ariaLabel":"இடது ப்ராகெட்"},{"$i":"rightBracketKey2","ariaLabel":"வலது ப்ராகெட்"},{"$i":"doubleQuoteKey2","ariaLabel":"இரட்டை க்யோட்"},{"$i":"leftDoubleAngleQuoteKey2","ariaLabel":"இடது இரட்டை கோணம் க்யோட்"},{"$i":"rightDoubleAngleQuoteKey2","ariaLabel":"வலது இரட்டை கோணம் க்யோட்"},{"$i":"userDictionaryNoWord","$v":"யூசர் அகராதியில் வார்த்தைகள் இல்லை."},{"$i":"userDictionaryAddNow","$v":"இப்போது ஒரு சொல்லைச் சேர்."},{"$i":"userDictionaryAddButton","ariaLabel":"சொல்லை சேர்"},{"$i":"userDictionaryAdd","$v":"சொல்லை சேர்"},{"$i":"userDictionaryEdit","$v":"சொல்லைத் திருத்து"},{"$i":"userDictionarySaveButton","$v":"சேமி"},{"$i":"userDictionaryDeleteButton","$v":"நீக்கு"},{"$i":"userDictionaryDeletePrompt","$v":["“",{"t":"idOrVar","v":"word"},"” சொல்லை நீக்கவா?"]}]