[{"$i":"title","$v":"Klavye"},{"$i":"settingsPageTitle","$v":"Dahili klavye"},{"$i":"ok","$v":"Tamam"},{"$i":"keyboardSettings","$v":"Klavye ayarları"},{"$i":"cancel","$v":"İptal"},{"$i":"delete","$v":"Sil"},{"$i":"done","$v":"Bitti"},{"$i":"previous","$v":"Önceki"},{"$i":"next","$v":"Sonraki"},{"$i":"select","$v":"Seç"},{"$i":"enter","$v":"Gir"},{"$i":"spell","$v":"Hece"},{"$i":"symbols","$v":["Semboller ",{"t":"idOrVar","v":"n"},"/",{"t":"idOrVar","v":"m"}]},{"$i":"vibration","$v":"Titreşim"},{"$i":"clickSound","$v":"Tıklatma sesi"},{"$i":"autoCorrect","$v":"Otomatik Düzeltme"},{"$i":"wordSuggestion","$v":"Kelime önerisi"},{"$i":"userDictionary","$v":"Kullanıcı sözlüğü"},{"$i":"handwritingKeyboard","$v":"El yazısı"},{"$i":"strokeWidth","$v":"Strok Genişliği"},{"$i":"responseSpeed","$v":"Yanıt Hızı"},{"$i":"wordSuggestions2","ariaLabel":"Kelime önerileri"},{"$i":"dismiss2","ariaLabel":"Reddet"},{"$i":"alternateLayoutKey2","ariaLabel":"daha fazla rakam ve sembol"},{"$i":"basicLayoutKey2","ariaLabel":"Harfler"},{"$i":"upperCaseKey2","ariaLabel":"Shift"},{"$i":"backSpaceKey2","ariaLabel":"sil"},{"$i":"spaceKey2","ariaLabel":"boşluk"},{"$i":"returnKey2","ariaLabel":"geri dön"},{"$i":"periodKey2","ariaLabel":"nokta"},{"$i":"commaKey2","ariaLabel":"virgül"},{"$i":"colonKey2","ariaLabel":"iki nokta üst üste"},{"$i":"semicolonKey2","ariaLabel":"noktalı virgül"},{"$i":"questionMarkKey2","ariaLabel":"soru işareti"},{"$i":"exclamationPointKey2","ariaLabel":"ünlem işareti"},{"$i":"leftBracketKey2","ariaLabel":"sol köşeli ayraç"},{"$i":"rightBracketKey2","ariaLabel":"sağ köşeli ayraç"},{"$i":"doubleQuoteKey2","ariaLabel":"çift tırnak"},{"$i":"leftDoubleAngleQuoteKey2","ariaLabel":"sol çift tırnak"},{"$i":"rightDoubleAngleQuoteKey2","ariaLabel":"sağ çift tırnak"},{"$i":"userDictionaryNoWord","$v":"Kullanıcı sözlüğünde kelime yok."},{"$i":"userDictionaryAddNow","$v":"Şimdi bir kelime ekle."},{"$i":"userDictionaryAddButton","ariaLabel":"kelime ekle"},{"$i":"userDictionaryAdd","$v":"Kelime ekle"},{"$i":"userDictionaryEdit","$v":"Kelimeyi düzenle"},{"$i":"userDictionarySaveButton","$v":"Kaydet"},{"$i":"userDictionaryDeleteButton","$v":"Sil"},{"$i":"userDictionaryDeletePrompt","$v":["“",{"t":"idOrVar","v":"word"},"” kelimesini sil?"]}]