[{"$i":"title","$v":"Клавіатура"},{"$i":"settingsPageTitle","$v":"Вбудована клавіатура"},{"$i":"ok","$v":"OK"},{"$i":"keyboardSettings","$v":"Настройки клавіатури"},{"$i":"cancel","$v":"Скасувати"},{"$i":"delete","$v":"Видалити"},{"$i":"done","$v":"Готово"},{"$i":"previous","$v":"Попередній"},{"$i":"next","$v":"Далі"},{"$i":"select","$v":"Вибрати"},{"$i":"enter","$v":"Ввести"},{"$i":"spell","$v":"Заклинання"},{"$i":"symbols","$v":["Символи ",{"t":"idOrVar","v":"n"},"/",{"t":"idOrVar","v":"m"}]},{"$i":"vibration","$v":"Вібрація"},{"$i":"clickSound","$v":"Звук клацання"},{"$i":"autoCorrect","$v":"Автовиправлення"},{"$i":"wordSuggestion","$v":"Підказка слова"},{"$i":"userDictionary","$v":"Словник користувача"},{"$i":"handwritingKeyboard","$v":"Рукописний ввід"},{"$i":"strokeWidth","$v":"Ширина штриха"},{"$i":"responseSpeed","$v":"Швидкість відповіді"},{"$i":"wordSuggestions2","ariaLabel":"Підказки слова"},{"$i":"dismiss2","ariaLabel":"Відхилити"},{"$i":"alternateLayoutKey2","ariaLabel":"більше цифр і символів"},{"$i":"basicLayoutKey2","ariaLabel":"листи"},{"$i":"upperCaseKey2","ariaLabel":"shift"},{"$i":"backSpaceKey2","ariaLabel":"видалити"},{"$i":"spaceKey2","ariaLabel":"пробіл"},{"$i":"returnKey2","ariaLabel":"повернути"},{"$i":"periodKey2","ariaLabel":"період"},{"$i":"commaKey2","ariaLabel":"кома"},{"$i":"colonKey2","ariaLabel":"двокрапка"},{"$i":"semicolonKey2","ariaLabel":"крапка з комою"},{"$i":"questionMarkKey2","ariaLabel":"знак питання"},{"$i":"exclamationPointKey2","ariaLabel":"знак оклику"},{"$i":"leftBracketKey2","ariaLabel":"ліва дужка"},{"$i":"rightBracketKey2","ariaLabel":"права дужка"},{"$i":"doubleQuoteKey2","ariaLabel":"Подвійні лапки"},{"$i":"leftDoubleAngleQuoteKey2","ariaLabel":"ліві подвійні кутові лапки"},{"$i":"rightDoubleAngleQuoteKey2","ariaLabel":"праві подв. кутові лапки"},{"$i":"userDictionaryNoWord","$v":"У словнику користувача немає слів."},{"$i":"userDictionaryAddNow","$v":"Введіть слово."},{"$i":"userDictionaryAddButton","ariaLabel":"додати слово"},{"$i":"userDictionaryAdd","$v":"Додати слово"},{"$i":"userDictionaryEdit","$v":"Редагувати слово"},{"$i":"userDictionarySaveButton","$v":"Зберегти"},{"$i":"userDictionaryDeleteButton","$v":"Видалити"},{"$i":"userDictionaryDeletePrompt","$v":["Видалити слово \"",{"t":"idOrVar","v":"word"},"\"?"]}]