[{"$i":"title","$v":"Клавиатура"},{"$i":"settingsPageTitle","$v":"Ички клавиатура"},{"$i":"ok","$v":"OK"},{"$i":"keyboardSettings","$v":"Клавиатура созламалари"},{"$i":"cancel","$v":"Бекор"},{"$i":"delete","$v":"Ўчириш"},{"$i":"done","$v":"Тайёр"},{"$i":"previous","$v":"Аввалги"},{"$i":"next","$v":"Кейинги"},{"$i":"select","$v":"Танлаш"},{"$i":"enter","$v":"Киритиш"},{"$i":"spell","$v":"Spell"},{"$i":"symbols","$v":["Белгилар ",{"t":"idOrVar","v":"n"},"/",{"t":"idOrVar","v":"m"}]},{"$i":"vibration","$v":"Тебраниш"},{"$i":"clickSound","$v":"Босиш товуши"},{"$i":"autoCorrect","$v":"Автоматик тузатиш"},{"$i":"wordSuggestion","$v":"Сўз вариантлари"},{"$i":"userDictionary","$v":"Ишлатилган луғат"},{"$i":"handwritingKeyboard","$v":"Дастхат"},{"$i":"strokeWidth","$v":"Ҳарф кенглиги"},{"$i":"responseSpeed","$v":"Жавоб тезлиги"},{"$i":"wordSuggestions2","ariaLabel":"Сўз вариантлари"},{"$i":"dismiss2","ariaLabel":"Ёпиш"},{"$i":"alternateLayoutKey2","ariaLabel":"яна сон ва белгилар"},{"$i":"basicLayoutKey2","ariaLabel":"ҳарфлар"},{"$i":"upperCaseKey2","ariaLabel":"shift"},{"$i":"backSpaceKey2","ariaLabel":"ўчириш"},{"$i":"spaceKey2","ariaLabel":"бўшлиқ"},{"$i":"returnKey2","ariaLabel":"қайтиш"},{"$i":"periodKey2","ariaLabel":"муддат"},{"$i":"commaKey2","ariaLabel":"вергул"},{"$i":"colonKey2","ariaLabel":"Колон"},{"$i":"semicolonKey2","ariaLabel":"нуқта-вергул"},{"$i":"questionMarkKey2","ariaLabel":"сўроқ белгиси"},{"$i":"exclamationPointKey2","ariaLabel":"ундов белгиси"},{"$i":"leftBracketKey2","ariaLabel":"Чап қавс"},{"$i":"rightBracketKey2","ariaLabel":"ўнг бурчак қавс"},{"$i":"doubleQuoteKey2","ariaLabel":"қўштирноқ"},{"$i":"leftDoubleAngleQuoteKey2","ariaLabel":"чап икки бурчакли тирноқ"},{"$i":"rightDoubleAngleQuoteKey2","ariaLabel":"ўнг икки бурчакли тирноқ"},{"$i":"userDictionaryNoWord","$v":"Юзер луғатида сўз йўқ."},{"$i":"userDictionaryAddNow","$v":"Сўз қўшинг."},{"$i":"userDictionaryAddButton","ariaLabel":"сўз қўшиш"},{"$i":"userDictionaryAdd","$v":"Сўз қўшиш"},{"$i":"userDictionaryEdit","$v":"Сўзни таҳрирлаш"},{"$i":"userDictionarySaveButton","$v":"Сақлаш"},{"$i":"userDictionaryDeleteButton","$v":"Ўчириш"},{"$i":"userDictionaryDeletePrompt","$v":["“",{"t":"idOrVar","v":"word"},"” сўзи ўчирилсинми?"]}]