[{"$i":"title","$v":"Ikhibhodi"},{"$i":"settingsPageTitle","$v":"Ikhibhodi eyakhelweyo"},{"$i":"ok","$v":"KULUNGILE"},{"$i":"keyboardSettings","$v":"Iisethingi zekhibhodi"},{"$i":"cancel","$v":"Rhoxisa"},{"$i":"delete","$v":"Cima"},{"$i":"done","$v":"Ugqibile"},{"$i":"previous","$v":"Imbono kuqala"},{"$i":"next","$v":"Olandelayo"},{"$i":"select","$v":"Khetha"},{"$i":"enter","$v":"Ngena"},{"$i":"spell","$v":"Spell"},{"$i":"symbols","$v":["Iimpawu ",{"t":"idOrVar","v":"n"},"/",{"t":"idOrVar","v":"m"}]},{"$i":"vibration","$v":"Ukushukuma"},{"$i":"clickSound","$v":"Cinezela isandi"},{"$i":"autoCorrect","$v":"Ukulungisa ngokuzenzekelayo"},{"$i":"wordSuggestion","$v":"Isiphakamiso segama"},{"$i":"userDictionary","$v":"Isichazi-magama somsebenzisi"},{"$i":"handwritingKeyboard","$v":"Ukubhala ngesandla"},{"$i":"strokeWidth","$v":"Ububanzi beStrowukhu"},{"$i":"responseSpeed","$v":"Isantya sempendulo"},{"$i":"wordSuggestions2","ariaLabel":"Iziphakamiso zegama"},{"$i":"dismiss2","ariaLabel":"Gxotha"},{"$i":"alternateLayoutKey2","ariaLabel":"iinombolo kunye nezikhombi"},{"$i":"basicLayoutKey2","ariaLabel":"Iincwadi"},{"$i":"upperCaseKey2","ariaLabel":"shenxisa"},{"$i":"backSpaceKey2","ariaLabel":"cima"},{"$i":"spaceKey2","ariaLabel":"isikhewu"},{"$i":"returnKey2","ariaLabel":"Buyela"},{"$i":"periodKey2","ariaLabel":"Ixesha"},{"$i":"commaKey2","ariaLabel":"ikoma"},{"$i":"colonKey2","ariaLabel":"ikholoni"},{"$i":"semicolonKey2","ariaLabel":"isemikholoni"},{"$i":"questionMarkKey2","ariaLabel":"Umbuzo"},{"$i":"exclamationPointKey2","ariaLabel":"isithuba sokhuzo"},{"$i":"leftBracketKey2","ariaLabel":"Isivali khohlo"},{"$i":"rightBracketKey2","ariaLabel":"Isivali kunene"},{"$i":"doubleQuoteKey2","ariaLabel":"iingcaphulo ezimbini"},{"$i":"leftDoubleAngleQuoteKey2","ariaLabel":"icatshulwa ephindwe kabini"},{"$i":"rightDoubleAngleQuoteKey2","ariaLabel":"icatshulwa ephindwe kabini"},{"$i":"userDictionaryNoWord","$v":"Akukho magama kwisichazi somsebenzisi."},{"$i":"userDictionaryAddNow","$v":"Faka igama ngoku."},{"$i":"userDictionaryAddButton","ariaLabel":"faka igama"},{"$i":"userDictionaryAdd","$v":"Yongeza Igama"},{"$i":"userDictionaryEdit","$v":"Hlela Igama"},{"$i":"userDictionarySaveButton","$v":"Gcina"},{"$i":"userDictionaryDeleteButton","$v":"Cima"},{"$i":"userDictionaryDeletePrompt","$v":["Cima igama “",{"t":"idOrVar","v":"word"},"”?"]}]