[{"$i":"title","$v":"键盘"},{"$i":"settingsPageTitle","$v":"内置键盘"},{"$i":"ok","$v":"确定"},{"$i":"keyboardSettings","$v":"键盘设置"},{"$i":"cancel","$v":"取消"},{"$i":"delete","$v":"删除"},{"$i":"done","$v":"完成"},{"$i":"previous","$v":"上一个"},{"$i":"next","$v":"下一个"},{"$i":"select","$v":"选择"},{"$i":"enter","$v":"回车"},{"$i":"spell","$v":"拼写"},{"$i":"symbols","$v":["符号 ",{"t":"idOrVar","v":"n"},"/",{"t":"idOrVar","v":"m"}]},{"$i":"vibration","$v":"振动"},{"$i":"clickSound","$v":"点击声音"},{"$i":"autoCorrect","$v":"自动更正"},{"$i":"wordSuggestion","$v":"词语建议"},{"$i":"userDictionary","$v":"用户字典"},{"$i":"handwritingKeyboard","$v":"手写"},{"$i":"strokeWidth","$v":"笔划宽度"},{"$i":"responseSpeed","$v":"响应速度"},{"$i":"wordSuggestions2","ariaLabel":"词语建议"},{"$i":"dismiss2","ariaLabel":"关闭"},{"$i":"alternateLayoutKey2","ariaLabel":"更多数字和符号"},{"$i":"basicLayoutKey2","ariaLabel":"字母"},{"$i":"upperCaseKey2","ariaLabel":"Shift"},{"$i":"backSpaceKey2","ariaLabel":"删除"},{"$i":"spaceKey2","ariaLabel":"空格"},{"$i":"returnKey2","ariaLabel":"返回"},{"$i":"periodKey2","ariaLabel":"句号"},{"$i":"commaKey2","ariaLabel":"逗号"},{"$i":"colonKey2","ariaLabel":"冒号"},{"$i":"semicolonKey2","ariaLabel":"分号"},{"$i":"questionMarkKey2","ariaLabel":"问号"},{"$i":"exclamationPointKey2","ariaLabel":"感叹号"},{"$i":"leftBracketKey2","ariaLabel":"左括号"},{"$i":"rightBracketKey2","ariaLabel":"右括号"},{"$i":"doubleQuoteKey2","ariaLabel":"双引号"},{"$i":"leftDoubleAngleQuoteKey2","ariaLabel":"左双引号"},{"$i":"rightDoubleAngleQuoteKey2","ariaLabel":"右双引号"},{"$i":"userDictionaryNoWord","$v":"用户词典中无词语。"},{"$i":"userDictionaryAddNow","$v":"立即添加词语。"},{"$i":"userDictionaryAddButton","ariaLabel":"添加词语"},{"$i":"userDictionaryAdd","$v":"添加词语"},{"$i":"userDictionaryEdit","$v":"编辑字词"},{"$i":"userDictionarySaveButton","$v":"保存"},{"$i":"userDictionaryDeleteButton","$v":"删除"},{"$i":"userDictionaryDeletePrompt","$v":["是否删除词语“",{"t":"idOrVar","v":"word"},"”？"]}]