[{"$i":"title","$v":"鍵盤"},{"$i":"settingsPageTitle","$v":"內建鍵盤"},{"$i":"ok","$v":"確定"},{"$i":"keyboardSettings","$v":"鍵盤設定"},{"$i":"cancel","$v":"取消"},{"$i":"delete","$v":"刪除"},{"$i":"done","$v":"完成"},{"$i":"previous","$v":"上一個"},{"$i":"next","$v":"下一個"},{"$i":"select","$v":"選擇"},{"$i":"enter","$v":"輸入"},{"$i":"spell","$v":"拼寫"},{"$i":"symbols","$v":["符號 ",{"t":"idOrVar","v":"n"},"/",{"t":"idOrVar","v":"m"}]},{"$i":"vibration","$v":"震動"},{"$i":"clickSound","$v":"點按音效"},{"$i":"autoCorrect","$v":"自動更正"},{"$i":"wordSuggestion","$v":"文字建議"},{"$i":"userDictionary","$v":"用戶詞典"},{"$i":"handwritingKeyboard","$v":"手寫"},{"$i":"strokeWidth","$v":"筆觸寬度"},{"$i":"responseSpeed","$v":"回應速度"},{"$i":"wordSuggestions2","ariaLabel":"文字建議"},{"$i":"dismiss2","ariaLabel":"解除"},{"$i":"alternateLayoutKey2","ariaLabel":"更多數字與符號"},{"$i":"basicLayoutKey2","ariaLabel":"字母"},{"$i":"upperCaseKey2","ariaLabel":"shift"},{"$i":"backSpaceKey2","ariaLabel":"刪除"},{"$i":"spaceKey2","ariaLabel":"空格"},{"$i":"returnKey2","ariaLabel":"返回"},{"$i":"periodKey2","ariaLabel":"時限"},{"$i":"commaKey2","ariaLabel":"逗號"},{"$i":"colonKey2","ariaLabel":"冒號"},{"$i":"semicolonKey2","ariaLabel":"分號"},{"$i":"questionMarkKey2","ariaLabel":"問號"},{"$i":"exclamationPointKey2","ariaLabel":"感嘆號"},{"$i":"leftBracketKey2","ariaLabel":"左中括號"},{"$i":"rightBracketKey2","ariaLabel":"右括弧"},{"$i":"doubleQuoteKey2","ariaLabel":"雙引號"},{"$i":"leftDoubleAngleQuoteKey2","ariaLabel":"左雙角引號"},{"$i":"rightDoubleAngleQuoteKey2","ariaLabel":"右雙角引號"},{"$i":"userDictionaryNoWord","$v":"用戶詞典中沒有任何文字。"},{"$i":"userDictionaryAddNow","$v":"立即新增文字。"},{"$i":"userDictionaryAddButton","ariaLabel":"新增文字"},{"$i":"userDictionaryAdd","$v":"新增文字"},{"$i":"userDictionaryEdit","$v":"編輯文字"},{"$i":"userDictionarySaveButton","$v":"儲存"},{"$i":"userDictionaryDeleteButton","$v":"刪除"},{"$i":"userDictionaryDeletePrompt","$v":["刪除文字「",{"t":"idOrVar","v":"word"},"」？"]}]