[{"$i":"title","$v":"Ikhibhodi"},{"$i":"settingsPageTitle","$v":"Ikhibhodi Eyakhelwe Phakathi"},{"$i":"ok","$v":"KULUNGILE"},{"$i":"keyboardSettings","$v":"Amasethingi ekhibhodi"},{"$i":"cancel","$v":"Khansela"},{"$i":"delete","$v":"Susa"},{"$i":"done","$v":"Kwenziwe"},{"$i":"previous","$v":"Okwandulele"},{"$i":"next","$v":"Okulandelayo"},{"$i":"select","$v":"Khetha"},{"$i":"enter","$v":"Faka"},{"$i":"spell","$v":"Ukuspela"},{"$i":"symbols","$v":["Izimpawu ",{"t":"idOrVar","v":"n"},"/",{"t":"idOrVar","v":"m"}]},{"$i":"vibration","$v":"Ukundindizela"},{"$i":"clickSound","$v":"Chofoza umsindo"},{"$i":"autoCorrect","$v":"Ukuzilungisa"},{"$i":"wordSuggestion","$v":"Igama elisikiselwe"},{"$i":"userDictionary","$v":"Isichazamazwi zomsebenzisi"},{"$i":"handwritingKeyboard","$v":"Umbhalo wesandla"},{"$i":"strokeWidth","$v":"Ububanzi"},{"$i":"responseSpeed","$v":"Isivinini Sokuphendula"},{"$i":"wordSuggestions2","ariaLabel":"Amagama asikiselwe"},{"$i":"dismiss2","ariaLabel":"Chitha"},{"$i":"alternateLayoutKey2","ariaLabel":"Izinombolo ezengeziwe nezimpawu"},{"$i":"basicLayoutKey2","ariaLabel":"izincwadi"},{"$i":"upperCaseKey2","ariaLabel":"U-Shift"},{"$i":"backSpaceKey2","ariaLabel":"susa"},{"$i":"spaceKey2","ariaLabel":"isikhala"},{"$i":"returnKey2","ariaLabel":"Isikhala"},{"$i":"periodKey2","ariaLabel":"ungqi"},{"$i":"commaKey2","ariaLabel":"ikhefu"},{"$i":"colonKey2","ariaLabel":"I-colon"},{"$i":"semicolonKey2","ariaLabel":"ukhefu omude"},{"$i":"questionMarkKey2","ariaLabel":"Uphawu lombuzo"},{"$i":"exclamationPointKey2","ariaLabel":"Isibabazo"},{"$i":"leftBracketKey2","ariaLabel":"Ibrakhethi kwesobunxele"},{"$i":"rightBracketKey2","ariaLabel":"Ibrakhethi kwesokudla"},{"$i":"doubleQuoteKey2","ariaLabel":"Izincaphuno"},{"$i":"leftDoubleAngleQuoteKey2","ariaLabel":"Ingcaphuno engakwesobunxele"},{"$i":"rightDoubleAngleQuoteKey2","ariaLabel":"Ingcaphuno engakwesokudla"},{"$i":"userDictionaryNoWord","$v":"Awekho amagama esichazamazwini somsebenzisi."},{"$i":"userDictionaryAddNow","$v":"Faka igama manje."},{"$i":"userDictionaryAddButton","ariaLabel":"Faka igama"},{"$i":"userDictionaryAdd","$v":"Faka Igama"},{"$i":"userDictionaryEdit","$v":"Hlela igama"},{"$i":"userDictionarySaveButton","$v":"Londoloza"},{"$i":"userDictionaryDeleteButton","$v":"Susa"},{"$i":"userDictionaryDeletePrompt","$v":["Susa igama “",{"t":"idOrVar","v":"word"},"”?"]}]