[{"$i":"search-or-enter-address","placeholder":"Търс. или във. адрес"},{"$i":"delete-title","$v":["Изтриване на ",{"t":"idOrVar","v":"name"}]},{"$i":"delete-body","$v":[{"t":"idOrVar","v":"name"}," и всички данни са изтрити."]},{"$i":"delete","$v":"Изтриване"},{"$i":"cancel","$v":"Отмяна"},{"$i":"apps","$v":"Приложения"},{"$i":"menu","$v":"Меню"},{"$i":"notifications","$v":"Известия"},{"$i":"camera","$v":"Камера"},{"$i":"speed-dial","$v":"Бързо набиране"},{"$i":"select","$v":"Избор"},{"$i":"move","$v":"Преместване"},{"$i":"ok","$v":"OK"},{"$i":"set","$v":"Задаване"},{"$i":"edit","$v":"Редактиране"},{"$i":"call","$v":"Повикване"},{"$i":"message","$v":"Съобщение"},{"$i":"options","$v":"Опции"},{"$i":"assign","$v":"Назначаване"},{"$i":"remove","$v":"Премахване"},{"$i":"replace","$v":"Замяна"},{"$i":"more","$v":"Още"},{"$i":"settings","$v":"Настройки"},{"$i":"contacts","$v":"Контакти"},{"$i":"list-view","$v":"Спис. изглед"},{"$i":"grid-view","$v":"Изглед на решетка"},{"$i":"single-view","$v":"Един. изглед"},{"$i":"skip","$v":"Пропуск."},{"$i":"shortcuts","$v":"Бързи команди"},{"$i":"next","$v":"Напред"},{"$i":"back","$v":"Назад"},{"$i":"memory-cleaner","$v":"Инструмент за почистване на паметта"},{"$i":"open","$v":"ОТВАРЯНЕ"},{"$i":"voicemail","$v":"Гласова поща"},{"$i":"speed-dial-not-empty","ariaLabel":[{"t":"idOrVar","v":"order"},", ",{"t":"idOrVar","v":"name"}]},{"$i":"speed-dial-empty","ariaLabel":[{"t":"idOrVar","v":"order"},", празно"]},{"$i":"remove-speed-dial","$v":["Наистина ли искате да премахнете ",{"t":"idOrVar","v":"name"}," от бързото набиране?"]},{"$i":"replace-speed-dial","$v":["Наистина ли искате да замените ",{"t":"idOrVar","v":"name"}," с ",{"t":"idOrVar","v":"subName"}," ?"]},{"$i":"assign-speed-dial","$v":["Контактът не е добавен в бързо набиране на бутон ",{"t":"idOrVar","v":"n"},". Назначаване сега?"]},{"$i":"assign-voicemail","$v":"Номерът за гласова поща не е зададен."},{"$i":"alert-for-contacts-without-number","$v":"Няма нал. контакти с тел. номер."},{"$i":"option-remove","$v":"Премах. от бързо набиране"},{"$i":"option-replace","$v":"Замяна"},{"$i":"all-apps","$v":"Всички приложения"},{"$i":"uninstall","$v":"Деинсталиране"},{"$i":"confirm-to-uninstall-app","$v":["Деинсталиране на прил. ",{"t":"idOrVar","v":"appName"},"?"]},{"$i":"confirm-to-unpin-bookmark","$v":"Откачане на уеб сайта?"},{"$i":"unpin","$v":"Откачане"},{"$i":"rename","$v":"Преименуване"},{"$i":"title","$v":"Заглавие"},{"$i":"add-to-existing-contact","$v":"Добавяне към същ. контакт"},{"$i":"create-new-contact","$v":"Създ. нов контакт"},{"$i":"sending","$v":"Изпращане…"},{"$i":"video-call","$v":"Видеоразговор"},{"$i":"rtt-call","$v":"RTT обаждане"},{"$i":"callAirplaneModeTitle","$v":"Режимът за самолет е акт."},{"$i":"callAirplaneModeMessage","$v":"За да се обадите, трябва да дезактивирате режима за самолет в настройките."},{"$i":"emergencyDialogTitle","$v":"Няма връзка с мрежа"},{"$i":"emergencyDialogBodyBadNumber","$v":"За да се обадите, телефонът трябва да е свързан с мрежа."},{"$i":"emergencyDialogBodyDeviceNotAccepted","$v":"Спешните повиквания не са разрешени от мрежата."},{"$i":"invalidNumberToDialTitle","$v":"Невалиден тел. номер"},{"$i":"invalidNumberToDialMessage","$v":"Телефонният номер, който набирате, не е валиден."},{"$i":"emergency-call-only","$v":"Само спешни повиквания"},{"$i":"emergency-call-error","$v":[{"t":"idOrVar","v":"number"}," не е спешен номер."]},{"$i":"numberIsBusyTitle","$v":"Номерът е зает"},{"$i":"numberIsBusyMessage","$v":"Номерът в момента е зает. Опитайте отново по-късно."},{"$i":"fdnIsActiveTitle","$v":"FDN акт."},{"$i":"fdnIsActiveMessage","$v":["FDN (фиксирани номера за набиране) се активират и следният номер не е в списъка ви с FDN: ",{"t":"idOrVar","v":"number"}]},{"$i":"otherConnectionInUseTitle","$v":"Изп. друга връзка"},{"$i":"otherConnectionInUseMessage","$v":"Имате активно повикване на друга връзка. По едно и също време можете да използвате само една връзка."},{"$i":"GenericFailure","$v":"Общ неуспех"},{"$i":"CallFailed","$v":"Неусп. обаждане"},{"$i":"scCallBarring","$v":"Блокиране повикв."},{"$i":"scCallForwarding","$v":"Прехвърл. на повикв."},{"$i":"scClip","$v":"Вход. ИД на повикващ"},{"$i":"scClir","$v":"Изход. ИД на повикващ"},{"$i":"scPwd","$v":"Промяна на парола"},{"$i":"scCallWaiting","$v":"Изчакване"},{"$i":"scPin","$v":"Промяна на PIN"},{"$i":"scPin2","$v":"Промяна на PIN2"},{"$i":"scPuk","$v":"Отблокиране на PIN"},{"$i":"scPuk2","$v":"Отблокиране на PIN2"},{"$i":"scImei","$v":"IMEI"},{"$i":"scMeid","$v":"MEID"},{"$i":"scUssd","$v":"USSD"},{"$i":"deviceIsUnlocked","$v":"Устройството е отключено"},{"$i":"simUnlockCodeAccepted","$v":"Кодът за отключ. на SIM е приет"},{"$i":"simUnlockCodeFailed","$v":"Неуспешно отключ. на SIM"},{"$i":"personal","$v":"Лични"},{"$i":"mobile","$v":"Мобилен"},{"$i":"home","$v":"Домашен"},{"$i":"work","$v":"Служебен"},{"$i":"fax-home","$v":"Факс в дома"},{"$i":"fax-office","$v":"Факс в офиса"},{"$i":"fax-other","$v":"Факс др."},{"$i":"noSimCard","$v":"Няма SIM карта"},{"$i":"noService","$v":"Няма покритие"},{"$i":"lockedSim","$v":"Закл. SIM"},{"$i":"airplaneMode","$v":"Режим за самолет"},{"$i":"wifi-calling","$v":"Wi-Fi повикв."},{"$i":"homescreen-settings","$v":"Настройки на нач. екран"},{"$i":"change-wallpaper","$v":"Промяна на тапет"},{"$i":"add-smart-collections","$v":"Добавяне на интел. колекции"},{"$i":"edit-mode","$v":"Редактиране"},{"$i":"edit-done","$v":"Готово"},{"$i":"tutorial-for-side-menu-1","$v":["Натисн. клавиш ",{"t":"idOrVar","v":"left"}," за достъп до прил. вляво."]},{"$i":"tutorial-for-instant-settings-1","$v":["Натисн. клавиш ",{"t":"idOrVar","v":"up"}," за често изп. настройки."]},{"$i":"tutorial-for-notices","$v":"Натиснете клавиша НАДЯСНО, за да видите новите известия."},{"$i":"tutorial-for-google-assistant-1","$v":["Нат. и задр. клавиш ",{"t":"idOrVar","v":"microphone"},", за да говорите."]},{"$i":"tutorial-for-voice-input-1","$v":["Нат. и задр. клавиш ",{"t":"idOrVar","v":"microphone"}," за гласово въвежд. в полето."]},{"$i":"tutorial-for-find-kaistore-2","$v":"Намерете приложението KaiStore на първата страница на „Меню за приложения“."},{"$i":"tutorial-for-left","$v":"НАЛЯВО"},{"$i":"tutorial-for-up","$v":"НАГОРЕ"},{"$i":"stop-download-title","$v":["Спиране на ",{"t":"idOrVar","v":"name"}]},{"$i":"stop-download-body","$v":"Искате ли да спрете текущото изтегляне?"},{"$i":"stop-download-action","$v":"Спиране"},{"$i":"resume-download-title","$v":"Рестарт. на изтегляне"},{"$i":"resume-download-body","$v":["Искате ли да изтеглите ",{"t":"idOrVar","v":"name"},"?"]},{"$i":"resume-download-action","$v":"Изтегляне"},{"$i":"edit-group-header","$v":"Редактиране на група"},{"$i":"gaia-shortcut-app-updated","$v":"Приложението е актуализирано"},{"$i":"clocks-updated","$v":"Часовниците са актуализирани"},{"$i":"longDateFormat","$v":"%A, %B %e"},{"$i":"app-title","$v":"Моите приложения"},{"$i":"app-uninstall","$v":[{"t":"idOrVar","v":"name"}," беше деинсталиран"]},{"$i":"confirmation","$v":"Потвърждаване"},{"$i":"eccOnly","$v":"Emergency calls only"},{"$i":"emergencyCallsOnly","$v":"Emergency calls only"},{"$i":"searching","$v":"Търсене…"},{"$i":"clockDateFormat","$v":"%a, %e %b"},{"$i":"apn-sim1","$v":"APN Settings - SIM1"},{"$i":"apn-sim2","$v":"APN Settings - SIM2"},{"$i":"apnDefaultConfig","$v":"APN Default Config"},{"$i":"apn-defaultconfig-message","$v":"Set which type of apn to used"},{"$i":"apnConfigPostpay","$v":"Postpay APN"},{"$i":"apnConfigPrepay","$v":"Prepay APN"},{"$i":"qtn_sm_toast_set_ICE_first","$v":"Няма ICE контакти, отидете в настройките на контактите или менюто с опции на ICE информацията,"},{"$i":"qtn_sm_toast_google_assist","$v":"Натиснете и задръжте или натиснете двукратно за Google Асистент"},{"$i":"qtn_sm_toast_sos_call_msg","$v":"Натиснете и задръжте или натиснете двукратно за SOS обаждане/SOS съобщение"},{"$i":"nocard-eccOnly","$v":"No SIM card-Emergency calls only"},{"$i":"unusablecard-eccOnly","$v":"Unusable SIM card-Emergency calls only"},{"$i":"utilities","$v":"Пом. прог."},{"$i":"games","$v":"Игри"},{"$i":"toast-app-downloaded-to-folder","$v":[{"t":"idOrVar","v":"appName"}," е изтеглено в папка ",{"t":"idOrVar","v":"folderName"},"."]},{"$i":"notices-reminder-header","$v":"Напомняне"},{"$i":"notices-reminder-content","$v":"Имате непрочетени известия. Проверете „Известия“ и няма да пропуснете нищо важно."},{"$i":"toast-need-update-app","$v":"Актуализирайте приложението до най-новата версия, за да продължите от приложението JioStore."},{"$i":"call-forwarding-async","$v":["Асинхронизирано: ",{"t":"idOrVar","v":"async"}]},{"$i":"call-forwarding-data","$v":["Данни: ",{"t":"idOrVar","v":"data"}]},{"$i":"call-forwarding-error","$v":"Възникна грешка при извличане на съст. на прехв. на повикване"},{"$i":"call-forwarding-fax","$v":["ФАКС: ",{"t":"idOrVar","v":"fax"}]},{"$i":"call-forwarding-inactive","$v":"Неактивен"},{"$i":"call-forwarding-packet","$v":["Пакет: ",{"t":"idOrVar","v":"packet"}]},{"$i":"call-forwarding-pad","$v":["PAD: ",{"t":"idOrVar","v":"pad"}]},{"$i":"call-forwarding-sms","$v":["SMS: ",{"t":"idOrVar","v":"sms"}]},{"$i":"call-forwarding-status","$v":"Състояние на прехв. на повиквания"},{"$i":"call-forwarding-sync","$v":["Синхронно: ",{"t":"idOrVar","v":"sync"}]},{"$i":"call-forwarding-voice","$v":["Гласово съобщ.: ",{"t":"idOrVar","v":"voice"}]},{"$i":"call-forwarding-voice-after-seconds","$v":["Глас.: ",{"t":"idOrVar","v":"voice"}," след ",{"t":"idOrVar","v":"timeSeconds"}," секунди"]},{"$i":"fihVersion","$v":"FIH Version"},{"$i":"serviceClassVoice","$v":"Гласови съобщ."},{"$i":"serviceClassData","$v":"Данни"},{"$i":"serviceClassFax","$v":"ФАКС"},{"$i":"serviceClassSms","$v":"SMS"},{"$i":"serviceClassDataSync","$v":"Синхронизиране"},{"$i":"serviceClassDataAsync","$v":"Асинхрон."},{"$i":"serviceClassPacket","$v":"Пакет"},{"$i":"serviceClassPad","$v":"PAD"},{"$i":"smServiceEnabled","$v":"Услугата е активирана"},{"$i":"smServiceDisabled","$v":"Услугата е била изключена"},{"$i":"smServiceRegistered","$v":"Регистрацията е успешна"},{"$i":"smServiceErased","$v":"Изтриването е успешно"},{"$i":"smServiceInterrogated","$v":"Заявката е успешна"},{"$i":"smServiceNotProvisioned","$v":"Услугата не е осигурена"},{"$i":"smClirPermanent","$v":"Не можете да промените настройката за ИД на повикващ"},{"$i":"smClirDefaultOnNextCallOn","$v":"ИД на повик. по подр. е огр.. Следв. повик.: огр."},{"$i":"smClirDefaultOnNextCallOff","$v":"ИД на повикващ по подр. е ограничен. Следващо повикване: не е ограничен"},{"$i":"smClirDefaultOffNextCallOn","$v":"ИД на повикващ по подр. не е ограничен. Следващо повикване: ограничен"},{"$i":"smClirDefaultOffNextCallOff","$v":"ИД на повикващ по подр. не е ограничен. Следващо повикване: не е ограничен"},{"$i":"smServiceEnabledFor","$v":"Услугата беше активирана за:"},{"$i":"smPinChanged","$v":"PIN е променен успешно"},{"$i":"smPinUnblocked","$v":"PIN отбл. усп."},{"$i":"smPin2Changed","$v":"PIN2 е променен успешно"},{"$i":"smPin2Unblocked","$v":"PIN2 е отбл. усп."},{"$i":"ServiceIsEnabled","$v":"Услугата е активирана"},{"$i":"ServiceIsDisabled","$v":"Услугата е изключена"},{"$i":"ServiceIsEnabledFor","$v":"Услугата е активирана за:"},{"$i":"emMmiError","$v":"Проблем при свързването или невалиден MMI код"},{"$i":"emMmiErrorPasswordIncorrect","$v":"Неправилна парола"},{"$i":"emMmiErrorNotSupported","$v":"Невалиден или неподдържан MMI код"},{"$i":"emMmiErrorInvalidAction","$v":"Невалидно действие"},{"$i":"emMmiErrorInvalidScCode","$v":"Невалиден код за услуга"},{"$i":"emMmiErrorBadPuk","$v":"PUK кодът, който сте въвели, е неправилен"},{"$i":"emMmiErrorBadPin","$v":"Старитят PIN, който сте въвели, е неправилен."},{"$i":"emMmiErrorNeedPuk2","$v":"Въведете PUK2, за да отблокирате SIM картата"},{"$i":"emMmiErrorMismatchPin","$v":"PIN кодовете, които сте въвели, не съвпадат"},{"$i":"emMmiErrorInvalidPin","$v":"Въведете PIN, който е от 4 до 8 цифри"},{"$i":"emMmiErrorNeedsPuk","$v":"SIM картата ви е заключена с PUK"},{"$i":"emMmiErrorEnablePin","$v":"Неуспешно. Активирайте SIM/RUIM ЗАКЛ."},{"$i":"emMmiErrorMmiFdn","$v":"Опер. е огран. само за фикс. номера за наб."},{"$i":"emMmiErrorStkCcUssdDial","$v":"USSD заявка е модиф. на DIAL заявка"},{"$i":"emMmiErrorStkCcUssdSs","$v":"USSD заявка е модиф. на SS заявка"},{"$i":"emMmiErrorStkCcUssdUssd","$v":"USSD заявка е модиф. на нова USSD заявка"},{"$i":"emMmiErrorStkCcSsDial","$v":"SS заявка е модиф. на DIAL заявка"},{"$i":"emMmiErrorStkCcSsUssd","$v":"SS заявка е модиф. на USSD заявка"},{"$i":"emMmiErrorStkCcSsSs","$v":"SS заявка е модиф. на нова SS заявка"},{"$i":"emMmiErrorPinPukAttempts","$v":{"few":["Остават ",{"t":"idOrVar","v":"n"}," повторни опита"],"many":["Остават ",{"t":"idOrVar","v":"n"}," повторни опита"],"one":["Остават само ",{"t":"idOrVar","v":"n"}," повт. опита"],"other":["Остават ",{"t":"idOrVar","v":"n"}," повторни опита"],"two":["Остават ",{"t":"idOrVar","v":"n"}," повторни опита"]},"$x":[{"t":"idOrVar","v":"plural"},"n"]},{"$i":"emMmiErrorSimBlocked","$v":"Надвишен е макс. брой повторни опити. SIM е блок."},{"$i":"RadioNotAvailable","$v":"Radio not available"},{"$i":"PasswordIncorrect","$v":"Паролата е неправилна"},{"$i":"SimPin2","$v":"PIN2 за SIM"},{"$i":"SimPuk2","$v":"PUK2 за SIM"},{"$i":"RequestNotSupported","$v":"Заявката не се поддържа"},{"$i":"OpNotAllowedDuringVoiceCall","$v":"Опер. не е разр. по време на глас. повик."},{"$i":"SmsSendFailRetry","$v":"SMS send fail retry"},{"$i":"SimAbsent","$v":"SIM липсва"},{"$i":"SubscriptionNotAvailable","$v":"Абонаментът не е достъпен"},{"$i":"ModeNotSupported","$v":"Режимът не се поддържа"},{"$i":"FdnCheckFailure","$v":"Неуспешна проверка на Fdn"},{"$i":"IllegalSimOrMe","$v":"Недопустими SIM или ME"},{"$i":"DialModifiedToUssd","$v":"Dial modified to USSD"},{"$i":"DialModifiedToSs","$v":"Dial modified to SS"},{"$i":"DialModifiedToDial","$v":"Dial modified to dial"},{"$i":"UssdModifiedToDial","$v":"USSD мод. на наб."},{"$i":"UssdModifiedToSs","$v":"USSD модиф. на SS"},{"$i":"UssdModifiedToUssd","$v":"USSD модиф. на USSD"},{"$i":"SsModifiedToDial","$v":"SS модиф. на набиране"},{"$i":"SsModifiedToUssd","$v":"SS модиф. на USSD"},{"$i":"SsModifiedToSs","$v":"SS модиф. на SS"},{"$i":"SubscriptionNotSupported","$v":"Абонаментът не се поддържа"},{"$i":"InvalidParameter","$v":"Невалиден параметър"},{"$i":"RejectedByRemote","$v":"Извадено с дистанц."},{"$i":"GetEmptyUssdPrompt","$v":"Получен е нулев отговор."},{"$i":"ice-latitude","$v":"Геогр. шир."},{"$i":"ice-longitude","$v":"Геогр. дълж."},{"$i":"sim-with-index-and-carrier","$v":["SIM ",{"t":"idOrVar","v":"index"}," - ",{"t":"idOrVar","v":"carrier"}]},{"$i":"sim-without-carrier","$v":["SIM ",{"t":"idOrVar","v":"index"}]},{"$i":"label","$v":"Етикет"},{"$i":"faxHome","$v":"Факс в дома"},{"$i":"faxOffice","$v":"Факс в офиса"},{"$i":"faxOther","$v":"Факс др."},{"$i":"another","$v":"Друг"},{"$i":"other","$v":"Друг"},{"$i":"customTag","$v":"Персон. отбелязване","placeholder":"Персон. отбелязване"},{"$i":"current","$v":"Текущи"},{"$i":"itemWithLabel","$v":[{"t":"idOrVar","v":"label"},", ",{"t":"idOrVar","v":"item"}]},{"$i":"weekday-0-long","$v":"Неделя"},{"$i":"weekday-1-long","$v":"Понеделник"},{"$i":"weekday-2-long","$v":"Вторник"},{"$i":"weekday-3-long","$v":"Сряда"},{"$i":"weekday-4-long","$v":"Четвъртък"},{"$i":"weekday-5-long","$v":"Петък"},{"$i":"weekday-6-long","$v":"Събота"},{"$i":"weekday-0-short","$v":"нед"},{"$i":"weekday-1-short","$v":"пон"},{"$i":"weekday-2-short","$v":"втор"},{"$i":"weekday-3-short","$v":"ср"},{"$i":"weekday-4-short","$v":"чт"},{"$i":"weekday-5-short","$v":"пет"},{"$i":"weekday-6-short","$v":"сб"},{"$i":"month-0-long","$v":"Януари"},{"$i":"month-1-long","$v":"Февруари"},{"$i":"month-2-long","$v":"Март"},{"$i":"month-3-long","$v":"Април"},{"$i":"month-4-long","$v":"май"},{"$i":"month-5-long","$v":"Юни"},{"$i":"month-6-long","$v":"Юли"},{"$i":"month-7-long","$v":"Август"},{"$i":"month-8-long","$v":"Септември"},{"$i":"month-9-long","$v":"Октомври"},{"$i":"month-10-long","$v":"Ноември"},{"$i":"month-11-long","$v":"Декември"},{"$i":"month-0-genitive","$v":"Януари"},{"$i":"month-1-genitive","$v":"Февруари"},{"$i":"month-2-genitive","$v":"Март"},{"$i":"month-3-genitive","$v":"Април"},{"$i":"month-4-genitive","$v":"май"},{"$i":"month-5-genitive","$v":"Юни"},{"$i":"month-6-genitive","$v":"Юли"},{"$i":"month-7-genitive","$v":"Август"},{"$i":"month-8-genitive","$v":"Септември"},{"$i":"month-9-genitive","$v":"Октомври"},{"$i":"month-10-genitive","$v":"Ноември"},{"$i":"month-11-genitive","$v":"Декември"},{"$i":"month-0-short","$v":"ян"},{"$i":"month-1-short","$v":"фев"},{"$i":"month-2-short","$v":"март"},{"$i":"month-3-short","$v":"апр"},{"$i":"month-4-short","$v":"май"},{"$i":"month-5-short","$v":"юни"},{"$i":"month-6-short","$v":"юли"},{"$i":"month-7-short","$v":"авг"},{"$i":"month-8-short","$v":"септ"},{"$i":"month-9-short","$v":"окт"},{"$i":"month-10-short","$v":"ноем"},{"$i":"month-11-short","$v":"дек"},{"$i":"minutes-ago-long","$v":{"few":["Преди ",{"t":"idOrVar","v":"value"}," минути"],"many":["Преди ",{"t":"idOrVar","v":"value"}," минути"],"one":"преди минута","other":["Преди ",{"t":"idOrVar","v":"value"}," минути"],"two":["Преди ",{"t":"idOrVar","v":"value"}," минути"],"zero":"точно сега"},"$x":[{"t":"idOrVar","v":"plural"},"value"]},{"$i":"hours-ago-long","$v":{"few":["Преди ",{"t":"idOrVar","v":"value"}," часа"],"many":["Преди ",{"t":"idOrVar","v":"value"}," часа"],"one":"преди час","other":["Преди ",{"t":"idOrVar","v":"value"}," часа"],"two":["Преди ",{"t":"idOrVar","v":"value"}," часа"],"zero":"точно сега"},"$x":[{"t":"idOrVar","v":"plural"},"value"]},{"$i":"days-ago-long","$v":{"few":["Преди ",{"t":"idOrVar","v":"value"}," дни"],"many":["Преди ",{"t":"idOrVar","v":"value"}," дни"],"one":"вчера","other":["Преди ",{"t":"idOrVar","v":"value"}," дни"],"two":["Преди ",{"t":"idOrVar","v":"value"}," дни"],"zero":"днес"},"$x":[{"t":"idOrVar","v":"plural"},"value"]},{"$i":"weeks-ago-long","$v":{"few":["Преди ",{"t":"idOrVar","v":"value"}," седмици"],"many":["Преди ",{"t":"idOrVar","v":"value"}," седмици"],"one":"последната седмица","other":["Преди ",{"t":"idOrVar","v":"value"}," седмици"],"two":["Преди ",{"t":"idOrVar","v":"value"}," седмици"],"zero":"тази седмица"},"$x":[{"t":"idOrVar","v":"plural"},"value"]},{"$i":"months-ago-long","$v":{"few":["Преди ",{"t":"idOrVar","v":"value"}," месеца"],"many":["Преди ",{"t":"idOrVar","v":"value"}," месеца"],"one":"последния месец","other":["Преди ",{"t":"idOrVar","v":"value"}," месеца"],"two":["Преди ",{"t":"idOrVar","v":"value"}," месеца"],"zero":"този месец"},"$x":[{"t":"idOrVar","v":"plural"},"value"]},{"$i":"years-ago-long","$v":{"few":["Преди ",{"t":"idOrVar","v":"value"}," години"],"many":["Преди ",{"t":"idOrVar","v":"value"}," години"],"one":"последната година","other":["Преди ",{"t":"idOrVar","v":"value"}," години"],"two":["Преди ",{"t":"idOrVar","v":"value"}," години"],"zero":"тази година"},"$x":[{"t":"idOrVar","v":"plural"},"value"]},{"$i":"minutes-until-long","$v":{"few":["след ",{"t":"idOrVar","v":"value"}," минути"],"many":["след ",{"t":"idOrVar","v":"value"}," минути"],"one":"след минута","other":["след ",{"t":"idOrVar","v":"value"}," минути"],"two":["след ",{"t":"idOrVar","v":"value"}," минути"],"zero":"сега"},"$x":[{"t":"idOrVar","v":"plural"},"value"]},{"$i":"hours-until-long","$v":{"few":["след ",{"t":"idOrVar","v":"value"}," часа"],"many":["след ",{"t":"idOrVar","v":"value"}," часа"],"one":"след час","other":["след ",{"t":"idOrVar","v":"value"}," часа"],"two":["след ",{"t":"idOrVar","v":"value"}," часа"],"zero":"сега"},"$x":[{"t":"idOrVar","v":"plural"},"value"]},{"$i":"days-until-long","$v":{"few":["след ",{"t":"idOrVar","v":"value"}," дни"],"many":["след ",{"t":"idOrVar","v":"value"}," дни"],"one":"утре","other":["след ",{"t":"idOrVar","v":"value"}," дни"],"two":["след ",{"t":"idOrVar","v":"value"}," дни"],"zero":"днес"},"$x":[{"t":"idOrVar","v":"plural"},"value"]},{"$i":"weeks-until-long","$v":{"few":["след ",{"t":"idOrVar","v":"value"}," седмици"],"many":["след ",{"t":"idOrVar","v":"value"}," седмици"],"one":"следващата седмица","other":["след ",{"t":"idOrVar","v":"value"}," седмици"],"two":["след ",{"t":"idOrVar","v":"value"}," седмици"],"zero":"тази седмица"},"$x":[{"t":"idOrVar","v":"plural"},"value"]},{"$i":"months-until-long","$v":{"few":["след ",{"t":"idOrVar","v":"value"}," месеца"],"many":["след ",{"t":"idOrVar","v":"value"}," месеца"],"one":"следващия месец","other":["след ",{"t":"idOrVar","v":"value"}," месеца"],"two":["след ",{"t":"idOrVar","v":"value"}," месеца"],"zero":"този месец"},"$x":[{"t":"idOrVar","v":"plural"},"value"]},{"$i":"years-until-long","$v":{"few":["след ",{"t":"idOrVar","v":"value"}," години"],"many":["след ",{"t":"idOrVar","v":"value"}," години"],"one":"следващата година","other":["след ",{"t":"idOrVar","v":"value"}," години"],"two":["след ",{"t":"idOrVar","v":"value"}," години"],"zero":"тази година"},"$x":[{"t":"idOrVar","v":"plural"},"value"]},{"$i":"minutes-ago-short","$v":{"other":["Преди ",{"t":"idOrVar","v":"value"}," мин."],"zero":"точно сега"},"$x":[{"t":"idOrVar","v":"plural"},"value"]},{"$i":"hours-ago-short","$v":{"other":["Преди ",{"t":"idOrVar","v":"value"}," ч."],"zero":"точно сега"},"$x":[{"t":"idOrVar","v":"plural"},"value"]},{"$i":"days-ago-short","$v":{"other":["Преди ",{"t":"idOrVar","v":"value"}," дни"],"zero":"днес"},"$x":[{"t":"idOrVar","v":"plural"},"value"]},{"$i":"minutes-until-short","$v":{"other":["след ",{"t":"idOrVar","v":"value"},"м."],"zero":"сега"},"$x":[{"t":"idOrVar","v":"plural"},"value"]},{"$i":"hours-until-short","$v":{"other":["след ",{"t":"idOrVar","v":"value"},"ч."],"zero":"сега"},"$x":[{"t":"idOrVar","v":"plural"},"value"]},{"$i":"days-until-short","$v":{"other":["след ",{"t":"idOrVar","v":"value"},"д."],"zero":"днес"},"$x":[{"t":"idOrVar","v":"plural"},"value"]},{"$i":"incorrectDate","$v":"(неправилна дата)"},{"$i":"dateTimeFormat_%c","$v":"%a %b %e %Y %I:%M:%S %p"},{"$i":"dateTimeFormat_%x","$v":"%m/%d/%Y"},{"$i":"dateTimeFormat_%X","$v":"%I:%M:%S %p"},{"$i":"shortTimeFormat","$v":"%I:%M %p"},{"$i":"shortTimeFormat12","$v":"%I:%M %p"},{"$i":"shortTimeFormat24","$v":"%H:%M"},{"$i":"shortDateTimeFormat","$v":"%x %I:%M %p"},{"$i":"weekStartsOnMonday","$v":"0.0"},{"$i":"firstDayOfTheWeek","$v":"1.0"},{"$i":"time_am","$v":"AM"},{"$i":"time_pm","$v":"PM"}]