[{"$i":"search-or-enter-address","placeholder":"অনুসন্ধান করুন বা ঠিকানা দিন"},{"$i":"delete-title","$v":["মুছুন ",{"t":"idOrVar","v":"name"}]},{"$i":"delete-body","$v":[{"t":"idOrVar","v":"name"}," এবং এর সমস্ত ডেটা মোছা হবে।"]},{"$i":"delete","$v":"মুছুন"},{"$i":"cancel","$v":"বাতিল করুন"},{"$i":"apps","$v":"অ্যাপ"},{"$i":"menu","$v":"মেনু"},{"$i":"notifications","$v":"বিজ্ঞপ্তি"},{"$i":"camera","$v":"ক্যামেরা"},{"$i":"speed-dial","$v":"স্পিড ডায়েল"},{"$i":"select","$v":"নির্বাচন করুন"},{"$i":"move","$v":"সরান"},{"$i":"ok","$v":"ঠিক আছে"},{"$i":"set","$v":"সেট করুন"},{"$i":"edit","$v":"সম্পাদনা করুন"},{"$i":"call","$v":"কল"},{"$i":"message","$v":"বার্তা"},{"$i":"options","$v":"বিকল্প"},{"$i":"assign","$v":"নিয়োগ করুন"},{"$i":"remove","$v":"সরান"},{"$i":"replace","$v":"প্রতিস্থাপন করুন"},{"$i":"more","$v":"আরো"},{"$i":"settings","$v":"সেটিং"},{"$i":"contacts","$v":"পরিচিতি"},{"$i":"list-view","$v":"তালিকা দর্শন"},{"$i":"grid-view","$v":"গ্রিড দৃশ্য"},{"$i":"single-view","$v":"একক দর্শন"},{"$i":"skip","$v":"এড়িয়ে যান"},{"$i":"shortcuts","$v":"শর্টকাট"},{"$i":"next","$v":"পরবর্তী"},{"$i":"back","$v":"ফিরুন"},{"$i":"memory-cleaner","$v":"মেমরি ক্লিনার"},{"$i":"open","$v":"খুলুন"},{"$i":"voicemail","$v":"ভয়েসমেল"},{"$i":"speed-dial-not-empty","ariaLabel":[{"t":"idOrVar","v":"order"},", ",{"t":"idOrVar","v":"name"}]},{"$i":"speed-dial-empty","ariaLabel":[{"t":"idOrVar","v":"order"},", খালি"]},{"$i":"remove-speed-dial","$v":["আপনি কি স্পীড ডায়াল থেকে ",{"t":"idOrVar","v":"name"}," সরানোর বিষয়ে নিশ্চিত?"]},{"$i":"replace-speed-dial","$v":["আপনি কি -এর সাথে ",{"t":"idOrVar","v":"name"}," প্রতিস্থাপন করার বিষয়ে নিশ্চিত",{"t":"idOrVar","v":"subName"}," ?"]},{"$i":"assign-speed-dial","$v":["বোতামে পরিচিতি স্পিড ডায়াল হিসেবে যোগ করা নেই",{"t":"idOrVar","v":"n"},"। এখনই নিয়োজন করবেন?"]},{"$i":"assign-voicemail","$v":"ভয়েস মেল নম্বর সেট করা হয়নি।"},{"$i":"alert-for-contacts-without-number","$v":"ফোন নম্বর সহ কোনও পরিচিতি উপলব্ধ নেই।"},{"$i":"option-remove","$v":"স্পিড ডায়াল থেকে সরান"},{"$i":"option-replace","$v":"প্রতিস্থাপন করুন"},{"$i":"all-apps","$v":"সমস্ত অ্যাপ"},{"$i":"uninstall","$v":"আন-ইনস্টল করুন"},{"$i":"confirm-to-uninstall-app","$v":[{"t":"idOrVar","v":"appName"}," অ্যাপ আনইস্টল করবেন?"]},{"$i":"confirm-to-unpin-bookmark","$v":"ওয়েবসাইটটি আনপিন করবেন?"},{"$i":"unpin","$v":"আনপিন করুন"},{"$i":"rename","$v":"পুনঃ নামকরণ করুন"},{"$i":"title","$v":"শিরোনাম"},{"$i":"add-to-existing-contact","$v":"বিদ্যমান পরিচিতিতে যোগ করুন"},{"$i":"create-new-contact","$v":"নতুন পরিচিতি তৈরি করুন"},{"$i":"sending","$v":"পাঠানো হচ্ছে…"},{"$i":"video-call","$v":"ভিডিও কল"},{"$i":"rtt-call","$v":"RTT কল"},{"$i":"callAirplaneModeTitle","$v":"বিমান মোড সক্রিয় করা হয়েছে"},{"$i":"callAirplaneModeMessage","$v":"ফোন করতে আপনাকে সেটিংসে বিমোন মোড অক্ষম করতে হবে।"},{"$i":"emergencyDialogTitle","$v":"কোনো নেটওয়ার্ক সংযোগ নেই"},{"$i":"emergencyDialogBodyBadNumber","$v":"ফোন করতে ফোন অবশ্যই নেটওয়ার্কের সঙ্গে ফোন সংযুক্ত থাকতে হবে।"},{"$i":"emergencyDialogBodyDeviceNotAccepted","$v":"জরুরি কলগুলি নেটওয়ার্ক দ্বারা অনুমোদিত নয়।"},{"$i":"invalidNumberToDialTitle","$v":"অবৈধ ফোন নম্বর"},{"$i":"invalidNumberToDialMessage","$v":"আপনি যে ফোন নম্বরে কল করছেন সেটি বৈধ নয়।"},{"$i":"emergency-call-only","$v":"শুধুমাত্র জরুরি কল"},{"$i":"emergency-call-error","$v":[{"t":"idOrVar","v":"number"}," জরুরি নম্বর নয়।"]},{"$i":"numberIsBusyTitle","$v":"নম্বর ব্যস্ত"},{"$i":"numberIsBusyMessage","$v":"নম্বরটি বর্তমানে ব্যস্ত। অনুগ্রহ করে পরে চেষ্টা করুন।"},{"$i":"fdnIsActiveTitle","$v":"FDN অ্যাক্টিভ"},{"$i":"fdnIsActiveMessage","$v":["FDN (ফিক্সড ডায়ালিং নম্বর) সক্রিয় করা হয়েছে এবং নিচের নম্বরটি আপনার FDN তালিকায় নেই: ",{"t":"idOrVar","v":"number"}]},{"$i":"otherConnectionInUseTitle","$v":"অন্য সংযোগ ব্যবহার হচ্ছে"},{"$i":"otherConnectionInUseMessage","$v":"অন্য সংযোগে আপনার একটি সক্রিয় কল রয়েছে। আপনি একই সময়ে কেবল একটি সংযোগ ব্যবহার করতে পারেন।"},{"$i":"GenericFailure","$v":"জেনেরিক ব্যর্থতা"},{"$i":"CallFailed","$v":"কল ব্যর্থ হয়েছে"},{"$i":"scCallBarring","$v":"কল বাধা"},{"$i":"scCallForwarding","$v":"কল অপসারণ"},{"$i":"scClip","$v":"আগত কলার ID"},{"$i":"scClir","$v":"আউটগোয়িং কলার আইডি"},{"$i":"scPwd","$v":"পাসওয়ার্ড পরিবর্তন করুন"},{"$i":"scCallWaiting","$v":"কল প্রতীক্ষা"},{"$i":"scPin","$v":"PIN পরিবর্তন"},{"$i":"scPin2","$v":"PIN2 পরিবর্তন"},{"$i":"scPuk","$v":"PIN অবরোধ মুক্ত করুন"},{"$i":"scPuk2","$v":"PIN2 অবরোধ মুক্ত করুন"},{"$i":"scImei","$v":"IMEI"},{"$i":"scMeid","$v":"MEID"},{"$i":"scUssd","$v":"USSD"},{"$i":"deviceIsUnlocked","$v":"ডিভাইস আন-লক করা হয়েছে"},{"$i":"simUnlockCodeAccepted","$v":"SIM আন-লক কোড গ্রহণ করা হয়"},{"$i":"simUnlockCodeFailed","$v":"SIM আন-লক সফল হয়নি"},{"$i":"personal","$v":"ব্যক্তিগত"},{"$i":"mobile","$v":"মোবাইল"},{"$i":"home","$v":"হোম"},{"$i":"work","$v":"কর্মক্ষেত্র"},{"$i":"fax-home","$v":"বা‌ড়ির ফ্যাক্স"},{"$i":"fax-office","$v":"অফিসের ফ্যাক্স"},{"$i":"fax-other","$v":"অন্যান্য ফ্যাক্স"},{"$i":"noSimCard","$v":"কোনো SIM কার্ড নেই"},{"$i":"noService","$v":"কোনো পরিষেবা নেই"},{"$i":"lockedSim","$v":"লক হওয়া SIM"},{"$i":"airplaneMode","$v":"বিমান মোড"},{"$i":"wifi-calling","$v":"Wi-Fi কলিং"},{"$i":"homescreen-settings","$v":"হোমস্ক্রীনের সেটিংস"},{"$i":"change-wallpaper","$v":"ওয়ালপেপার পরিবর্তন করুন"},{"$i":"add-smart-collections","$v":"স্মার্ট সংগ্রহ যোগ করুন"},{"$i":"edit-mode","$v":"সম্পাদনা করুন"},{"$i":"edit-done","$v":"সম্পূর্ণ হয়েছে"},{"$i":"tutorial-for-side-menu-1","$v":["বাঁদিকের প্র:গ গুলি অ্যাক্সেস করতে ",{"t":"idOrVar","v":"left"}," কী টিপুন।"]},{"$i":"tutorial-for-instant-settings-1","$v":["সাধারণভাবে ব্যবহৃত সেটিংয়ের জন্য ",{"t":"idOrVar","v":"up"}," কী টিপুন।"]},{"$i":"tutorial-for-notices","$v":"নতুন বিজ্ঞপ্তিসমূহ দেখতে ডান কী টিপুন।"},{"$i":"tutorial-for-google-assistant-1","$v":["কথা বলতে ",{"t":"idOrVar","v":"microphone"}," কী দীর্ঘক্ষণ টিপুন।"]},{"$i":"tutorial-for-voice-input-1","$v":["টেক্সট ফিল্ডে কথা বলতে ",{"t":"idOrVar","v":"microphone"}," কী দীর্ঘক্ষণ টিপুন।"]},{"$i":"tutorial-for-find-kaistore-2","$v":"অ্যাপগুলির মেনুর প্রথম পৃষ্ঠাতে KaiStore অ্যাপটি খুঁজুন।"},{"$i":"tutorial-for-left","$v":"বামদিকে"},{"$i":"tutorial-for-up","$v":"উপরে"},{"$i":"stop-download-title","$v":["থামুন ",{"t":"idOrVar","v":"name"}]},{"$i":"stop-download-body","$v":"আপনি কি চলতে থাকা ডাউনলোডটি থামাতে চান?"},{"$i":"stop-download-action","$v":"থামুন"},{"$i":"resume-download-title","$v":"ডাউনলোড আবার শুরু করুন"},{"$i":"resume-download-body","$v":["আপনি কি ",{"t":"idOrVar","v":"name"},"ডাউনলোড করতে চান?"]},{"$i":"resume-download-action","$v":"ডাউনলোড"},{"$i":"edit-group-header","$v":"গ্রুপ সম্পাদনা করুন"},{"$i":"gaia-shortcut-app-updated","$v":"অ্যাপ আপডেট করা হয়েছে"},{"$i":"clocks-updated","$v":"ঘড়ি আপডেট করা হয়েছে"},{"$i":"longDateFormat","$v":"%A, %B %e"},{"$i":"app-title","$v":"আমার অ্যাপগুলি"},{"$i":"app-uninstall","$v":[{"t":"idOrVar","v":"name"}," আনইনস্টল করা হয়েছে"]},{"$i":"confirmation","$v":"নিশ্চিতকরণ"},{"$i":"eccOnly","$v":"Emergency calls only"},{"$i":"emergencyCallsOnly","$v":"Emergency calls only"},{"$i":"searching","$v":"ুসন্ধান করা হচ্ছে..."},{"$i":"clockDateFormat","$v":"%a, %e %b"},{"$i":"apn-sim1","$v":"APN Settings - SIM1"},{"$i":"apn-sim2","$v":"APN Settings - SIM2"},{"$i":"apnDefaultConfig","$v":"APN Default Config"},{"$i":"apn-defaultconfig-message","$v":"Set which type of apn to used"},{"$i":"apnConfigPostpay","$v":"Postpay APN"},{"$i":"apnConfigPrepay","$v":"Prepay APN"},{"$i":"qtn_sm_toast_set_ICE_first","$v":"কোনও ICE পরিচিতি নেই, সেটআপ করার জন্য প্রথমে ICE তথ্যের বিকল্প মেনু "},{"$i":"qtn_sm_toast_google_assist","$v":"Google অ্যাসিস্ট্যান্টের জন্য দীর্ঘক্ষণ টিপুন বা দুইবার টিপুন"},{"$i":"qtn_sm_toast_sos_call_msg","$v":"SOS কল / SOS বার্তার জন্য দীর্ঘক্ষণ টিপুন বা দুইবার টিপুন"},{"$i":"nocard-eccOnly","$v":"No SIM card-Emergency calls only"},{"$i":"unusablecard-eccOnly","$v":"Unusable SIM card-Emergency calls only"},{"$i":"utilities","$v":"Utilities"},{"$i":"games","$v":"খেলা"},{"$i":"toast-app-downloaded-to-folder","$v":[{"t":"idOrVar","v":"appName"}," ",{"t":"idOrVar","v":"folderName"}," ফোল্ডারে ডাউনলোড করা হয়েছে।"]},{"$i":"notices-reminder-header","$v":"অনুস্মারক"},{"$i":"notices-reminder-content","$v":"আপনি এখনও পড়েননি এমন কিছু নোটিশ রয়েছে।নোটিশগুলি দেখুন যাতে আপনি গুরুত্বপূর্ণ কোনও কিছু মিস না করেন।"},{"$i":"toast-need-update-app","$v":"JioStore অ্যাপটি থেকে চালিয়ে যেতে অনুগ্রহ করে অ্যাপটির সর্বশেষ সংস্করণটি ডাউনলোড করুন।"},{"$i":"call-forwarding-async","$v":["Asynchronous: ",{"t":"idOrVar","v":"async"}]},{"$i":"call-forwarding-data","$v":["ডেটা: ",{"t":"idOrVar","v":"data"}]},{"$i":"call-forwarding-error","$v":"কল ফরোয়ার্ড করার স্থিতি উদ্ধারের সময় একটি ত্রুটি ঘটেছে"},{"$i":"call-forwarding-fax","$v":["ফ্যাক্স: ",{"t":"idOrVar","v":"fax"}]},{"$i":"call-forwarding-inactive","$v":"নিষ্ক্রিয়"},{"$i":"call-forwarding-packet","$v":["প্যাকেট: ",{"t":"idOrVar","v":"packet"}]},{"$i":"call-forwarding-pad","$v":["PAD: ",{"t":"idOrVar","v":"pad"}]},{"$i":"call-forwarding-sms","$v":["SMS: ",{"t":"idOrVar","v":"sms"}]},{"$i":"call-forwarding-status","$v":"কল ফরোয়ার্ডিং স্থিতি"},{"$i":"call-forwarding-sync","$v":["সিঙ্ক্রোনাস: ",{"t":"idOrVar","v":"sync"}]},{"$i":"call-forwarding-voice","$v":["ভয়েস: ",{"t":"idOrVar","v":"voice"}]},{"$i":"call-forwarding-voice-after-seconds","$v":["ভয়েস: ",{"t":"idOrVar","v":"voice"}," ",{"t":"idOrVar","v":"timeSeconds"}," সেকেন্ড পরে"]},{"$i":"fihVersion","$v":"FIH Version"},{"$i":"serviceClassVoice","$v":"ধ্বনি"},{"$i":"serviceClassData","$v":"ডাটা"},{"$i":"serviceClassFax","$v":"ফ্যাক্স"},{"$i":"serviceClassSms","$v":"SMS"},{"$i":"serviceClassDataSync","$v":"সমলয় করুন"},{"$i":"serviceClassDataAsync","$v":"Async"},{"$i":"serviceClassPacket","$v":"প্যাকেট"},{"$i":"serviceClassPad","$v":"PAD"},{"$i":"smServiceEnabled","$v":"পরিষেবা সক্ষম করা হয়েছে"},{"$i":"smServiceDisabled","$v":"পরিষেবা অক্ষম করা হয়েছে"},{"$i":"smServiceRegistered","$v":"নিবন্ধন সফল হয়েছে"},{"$i":"smServiceErased","$v":"Erasure সফল"},{"$i":"smServiceInterrogated","$v":"অনুরোধ সফল"},{"$i":"smServiceNotProvisioned","$v":"পরিষেবার বন্দোবস্ত হয়নি"},{"$i":"smClirPermanent","$v":"আপনি কলার আইডি সেটিংস পরিবর্তন করতে পারবেন না"},{"$i":"smClirDefaultOnNextCallOn","$v":"কলার আইডি নিষিদ্ধ এ সেট করা আছে। পরবর্তী কল: নিষিদ্ধ"},{"$i":"smClirDefaultOnNextCallOff","$v":"কলার আইডি নিষিদ্ধ এ সেট করা আছে। পরবর্তী কল: নিষিদ্ধ নয়"},{"$i":"smClirDefaultOffNextCallOn","$v":"কলার আইডি নিষিদ্ধ নয় এ সেট করা আছে। পরবর্তী কল: নিষিদ্ধ"},{"$i":"smClirDefaultOffNextCallOff","$v":"কলার আইডি নিষিদ্ধ নয় এ সেট করা আছে। পরবর্তী কল: নিষিদ্ধ নয়"},{"$i":"smServiceEnabledFor","$v":"পরিষেবা সক্ষম করা হয়েছে এর জন্য:"},{"$i":"smPinChanged","$v":"PIN সফলভাবে বদলানো হয়েছে"},{"$i":"smPinUnblocked","$v":"PIN সফলভাবে অবরোধমুক্ত করা হয়েছে"},{"$i":"smPin2Changed","$v":"PIN2 সফলভাবে বদলানো হয়েছে"},{"$i":"smPin2Unblocked","$v":"PIN2 সফলভাবে অবরোধমুক্ত করা হয়েছে"},{"$i":"ServiceIsEnabled","$v":"পরিষেবা সক্ষম করা হয়েছে"},{"$i":"ServiceIsDisabled","$v":"পরিষেবা অক্ষম"},{"$i":"ServiceIsEnabledFor","$v":"এর জন্য পরিষেবা সক্ষম আছে:"},{"$i":"emMmiError","$v":"সংযোগ সমস্যা বা অবৈধ MMI কোড"},{"$i":"emMmiErrorPasswordIncorrect","$v":"ভুল পাসওয়ার্ড"},{"$i":"emMmiErrorNotSupported","$v":"অবৈধ বা অসমর্থিক MMI কোড"},{"$i":"emMmiErrorInvalidAction","$v":"অবৈধ কাজ"},{"$i":"emMmiErrorInvalidScCode","$v":"অবৈধ পরিষেবা কোড"},{"$i":"emMmiErrorBadPuk","$v":"আপনার টাইপ করা PUK ভুল।"},{"$i":"emMmiErrorBadPin","$v":"আপনি পুরানো PIN প্রদান করেছেন সেটি ভুল।"},{"$i":"emMmiErrorNeedPuk2","$v":"SIM কার্ড অবরোধ মুক্ত করতে PUK2 দিন"},{"$i":"emMmiErrorMismatchPin","$v":"যে PIN-গুলি আপনি প্রবেশ করিয়েছেন সেগুলি মিলছে না।"},{"$i":"emMmiErrorInvalidPin","$v":"4 থেকে 8 সংখ্যার একটি PIN লিখুন"},{"$i":"emMmiErrorNeedsPuk","$v":"আপনার SIM কার্ড PUK-লক করা আছে"},{"$i":"emMmiErrorEnablePin","$v":"অসফল, SIM/RUIM লক সক্ষম করুন"},{"$i":"emMmiErrorMmiFdn","$v":"অপারেশন কেবল ফিক্সড ডায়ালিং নম্বরে সীমাবদ্ধ"},{"$i":"emMmiErrorStkCcUssdDial","$v":"USSD অনুরোধ করার জন্য SS অনুরোধ সংশোধন করা হয়েছে"},{"$i":"emMmiErrorStkCcUssdSs","$v":"USSD অনুরোধ করার জন্য SS অনুরোধ সংশোধন করা হয়েছে"},{"$i":"emMmiErrorStkCcUssdUssd","$v":"USSD অনুরোধ করার জন্য USSD অনুরোধ সংশোধন করা হয়েছে"},{"$i":"emMmiErrorStkCcSsDial","$v":"ডায়াল অনুরোধ করার জন্য SS অনুরোধ সংশোধন করা হয়েছে"},{"$i":"emMmiErrorStkCcSsUssd","$v":"USSD অনুরোধ করার জন্য SS অনুরোধ সংশোধন করা হয়েছে"},{"$i":"emMmiErrorStkCcSsSs","$v":"নতুন SS অনুরোধ করার জন্য SS অনুরোধ সংশোধন করা হয়েছে"},{"$i":"emMmiErrorPinPukAttempts","$v":{"few":[{"t":"idOrVar","v":"n"},"টি প্রয়াস অবশিষ্ট"],"many":[{"t":"idOrVar","v":"n"},"টি প্রয়াস অবশিষ্ট"],"one":["কেবলমাত্র টি ",{"t":"idOrVar","v":"n"}," পুনঃচেষ্টা বাকি আছে"],"other":[{"t":"idOrVar","v":"n"},"টি প্রয়াস অবশিষ্ট"],"two":[{"t":"idOrVar","v":"n"},"টি প্রয়াস অবশিষ্ট"]},"$x":[{"t":"idOrVar","v":"plural"},"n"]},{"$i":"emMmiErrorSimBlocked","$v":"সর্বাধিক চেষ্টার সংখ্যা ছাড়িয়ে গেছে। SIM অবরুদ্ধ"},{"$i":"RadioNotAvailable","$v":"Radio not available"},{"$i":"PasswordIncorrect","$v":"পাসওয়ার্ড ভুল"},{"$i":"SimPin2","$v":"SIM PIN2"},{"$i":"SimPuk2","$v":"SIM PUK2"},{"$i":"RequestNotSupported","$v":"অনুরোধ সমর্থিত নয়"},{"$i":"OpNotAllowedDuringVoiceCall","$v":"ভয়েস কলের সময় অপারেশন অনুমোদিত নয়"},{"$i":"SmsSendFailRetry","$v":"SMS send fail retry"},{"$i":"SimAbsent","$v":"SIM অনুপস্থিত"},{"$i":"SubscriptionNotAvailable","$v":"সদস্যতাপদ উপলব্ধ নেই"},{"$i":"ModeNotSupported","$v":"মোড সমর্থিত নয়"},{"$i":"FdnCheckFailure","$v":"Fdn চেক করা ব্যর্থ"},{"$i":"IllegalSimOrMe","$v":"বেআইনি SIM বা ME"},{"$i":"DialModifiedToUssd","$v":"Dial modified to USSD"},{"$i":"DialModifiedToSs","$v":"Dial modified to SS"},{"$i":"DialModifiedToDial","$v":"Dial modified to dial"},{"$i":"UssdModifiedToDial","$v":"ডায়াল করার জন্য USSD সংশোধন করা হয়েছে"},{"$i":"UssdModifiedToSs","$v":"SS করার জন্য USSD সংশোধন করা হয়েছে"},{"$i":"UssdModifiedToUssd","$v":"USSD করার জন্য USSD সংশোধন করা হয়েছে"},{"$i":"SsModifiedToDial","$v":"ডায়াল করার SS সংশোধন করা হয়েছে"},{"$i":"SsModifiedToUssd","$v":"USSD করার SS সংশোধন করা হয়েছে"},{"$i":"SsModifiedToSs","$v":"SS করার SS সংশোধন করা হয়েছে"},{"$i":"SubscriptionNotSupported","$v":"সদস্যতাপদ সমর্থিত নয়"},{"$i":"InvalidParameter","$v":"অবৈধ প্যারামিটার"},{"$i":"RejectedByRemote","$v":"রিমোট প্রত্যাখ্যান করেছে"},{"$i":"GetEmptyUssdPrompt","$v":"নুল উত্তর প্রাপ্ত।"},{"$i":"ice-latitude","$v":"অক্ষাংশ"},{"$i":"ice-longitude","$v":"দ্রাঘিমা"},{"$i":"sim-with-index-and-carrier","$v":["SIM ",{"t":"idOrVar","v":"index"}," - ",{"t":"idOrVar","v":"carrier"}]},{"$i":"sim-without-carrier","$v":["SIM ",{"t":"idOrVar","v":"index"}]},{"$i":"label","$v":"লেবেল"},{"$i":"faxHome","$v":"বা‌ড়ির ফ্যাক্স"},{"$i":"faxOffice","$v":"অফিসের ফ্যাক্স"},{"$i":"faxOther","$v":"অন্যান্য ফ্যাক্স"},{"$i":"another","$v":"আরেকটি"},{"$i":"other","$v":"অন্যান্য"},{"$i":"customTag","$v":"কাস্টম ট্যাগ","placeholder":"কাস্টম ট্যাগ"},{"$i":"current","$v":"বর্তমান"},{"$i":"itemWithLabel","$v":[{"t":"idOrVar","v":"label"},", ",{"t":"idOrVar","v":"item"}]},{"$i":"weekday-0-long","$v":"রবিবার"},{"$i":"weekday-1-long","$v":"সোমবার"},{"$i":"weekday-2-long","$v":"মঙ্গলবার"},{"$i":"weekday-3-long","$v":"বুধবার"},{"$i":"weekday-4-long","$v":"বৃহস্পতিবার"},{"$i":"weekday-5-long","$v":"শুক্রবার"},{"$i":"weekday-6-long","$v":"শনিবার"},{"$i":"weekday-0-short","$v":"রবি"},{"$i":"weekday-1-short","$v":"সোম"},{"$i":"weekday-2-short","$v":"মঙ্গল"},{"$i":"weekday-3-short","$v":"বুধ"},{"$i":"weekday-4-short","$v":"বৃহ"},{"$i":"weekday-5-short","$v":"শুক্র"},{"$i":"weekday-6-short","$v":"শনি"},{"$i":"month-0-long","$v":"জানুয়ারী"},{"$i":"month-1-long","$v":"ফেব্রুয়ারী"},{"$i":"month-2-long","$v":"মার্চ"},{"$i":"month-3-long","$v":"এপ্রিল"},{"$i":"month-4-long","$v":"মে"},{"$i":"month-5-long","$v":"জুন"},{"$i":"month-6-long","$v":"জুলাই"},{"$i":"month-7-long","$v":"আগস্ট"},{"$i":"month-8-long","$v":"সেপ্টেম্বর"},{"$i":"month-9-long","$v":"অক্টোবর"},{"$i":"month-10-long","$v":"নভেম্বর"},{"$i":"month-11-long","$v":"ডিসেম্বর"},{"$i":"month-0-genitive","$v":"জানুয়ারী"},{"$i":"month-1-genitive","$v":"ফেব্রুয়ারী"},{"$i":"month-2-genitive","$v":"মার্চ"},{"$i":"month-3-genitive","$v":"এপ্রিল"},{"$i":"month-4-genitive","$v":"মে"},{"$i":"month-5-genitive","$v":"জুন"},{"$i":"month-6-genitive","$v":"জুলাই"},{"$i":"month-7-genitive","$v":"আগস্ট"},{"$i":"month-8-genitive","$v":"সেপ্টেম্বর"},{"$i":"month-9-genitive","$v":"অক্টোবর"},{"$i":"month-10-genitive","$v":"নভেম্বর"},{"$i":"month-11-genitive","$v":"ডিসেম্বর"},{"$i":"month-0-short","$v":"জানু"},{"$i":"month-1-short","$v":"ফেব্রু"},{"$i":"month-2-short","$v":"মার্চ"},{"$i":"month-3-short","$v":"এপ্রি"},{"$i":"month-4-short","$v":"মে"},{"$i":"month-5-short","$v":"জুন"},{"$i":"month-6-short","$v":"জুলা"},{"$i":"month-7-short","$v":"আগ"},{"$i":"month-8-short","$v":"সেপ্টে"},{"$i":"month-9-short","$v":"অক্টো"},{"$i":"month-10-short","$v":"নভে"},{"$i":"month-11-short","$v":"ডিসে"},{"$i":"minutes-ago-long","$v":{"few":[{"t":"idOrVar","v":"value"}," মিনিট আগে"],"many":[{"t":"idOrVar","v":"value"}," মিনিট আগে"],"one":"এক মিনিট আগে","other":[{"t":"idOrVar","v":"value"}," মিনিট আগে"],"two":[{"t":"idOrVar","v":"value"}," মিনিট আগে"],"zero":"এখনই"},"$x":[{"t":"idOrVar","v":"plural"},"value"]},{"$i":"hours-ago-long","$v":{"few":[{"t":"idOrVar","v":"value"}," ঘন্টা আগে"],"many":[{"t":"idOrVar","v":"value"}," ঘন্টা আগে"],"one":"এক ঘন্টা আগে","other":[{"t":"idOrVar","v":"value"}," ঘন্টা আগে"],"two":[{"t":"idOrVar","v":"value"}," ঘন্টা আগে"],"zero":"এখনই"},"$x":[{"t":"idOrVar","v":"plural"},"value"]},{"$i":"days-ago-long","$v":{"few":[{"t":"idOrVar","v":"value"}," দিন আগে"],"many":[{"t":"idOrVar","v":"value"}," দিন আগে"],"one":"গতকাল","other":[{"t":"idOrVar","v":"value"}," দিন আগে"],"two":[{"t":"idOrVar","v":"value"}," দিন আগে"],"zero":"আজ"},"$x":[{"t":"idOrVar","v":"plural"},"value"]},{"$i":"weeks-ago-long","$v":{"few":[{"t":"idOrVar","v":"value"}," সপ্তাহ আগে"],"many":[{"t":"idOrVar","v":"value"}," সপ্তাহ আগে"],"one":"গত সপ্তাহ","other":[{"t":"idOrVar","v":"value"}," সপ্তাহ আগে"],"two":[{"t":"idOrVar","v":"value"}," সপ্তাহ আগে"],"zero":"এই সপ্তাহ"},"$x":[{"t":"idOrVar","v":"plural"},"value"]},{"$i":"months-ago-long","$v":{"few":[{"t":"idOrVar","v":"value"}," মাস আগে"],"many":[{"t":"idOrVar","v":"value"}," মাস আগে"],"one":"গত মাস","other":[{"t":"idOrVar","v":"value"}," মাস আগে"],"two":[{"t":"idOrVar","v":"value"}," মাস আগে"],"zero":"এই মাস"},"$x":[{"t":"idOrVar","v":"plural"},"value"]},{"$i":"years-ago-long","$v":{"few":[{"t":"idOrVar","v":"value"}," বছর আগে"],"many":[{"t":"idOrVar","v":"value"}," বছর আগে"],"one":"গত বছর","other":[{"t":"idOrVar","v":"value"}," বছর আগে"],"two":[{"t":"idOrVar","v":"value"}," বছর আগে"],"zero":"এই বছর"},"$x":[{"t":"idOrVar","v":"plural"},"value"]},{"$i":"minutes-until-long","$v":{"few":["মিনিটে ",{"t":"idOrVar","v":"value"}],"many":["মিনিটে ",{"t":"idOrVar","v":"value"}],"one":"এক মিনিটে","other":["মিনিটে ",{"t":"idOrVar","v":"value"}],"two":["মিনিটে ",{"t":"idOrVar","v":"value"}],"zero":"এখনই"},"$x":[{"t":"idOrVar","v":"plural"},"value"]},{"$i":"hours-until-long","$v":{"few":["ঘন্টায় ",{"t":"idOrVar","v":"value"}],"many":["ঘন্টায় ",{"t":"idOrVar","v":"value"}],"one":"এক ঘন্টায়","other":["ঘন্টায় ",{"t":"idOrVar","v":"value"}],"two":["ঘন্টায় ",{"t":"idOrVar","v":"value"}],"zero":"এখনই"},"$x":[{"t":"idOrVar","v":"plural"},"value"]},{"$i":"days-until-long","$v":{"few":["দিনে ",{"t":"idOrVar","v":"value"}],"many":["দিনে ",{"t":"idOrVar","v":"value"}],"one":"আগামীকাল","other":["দিনে ",{"t":"idOrVar","v":"value"}],"two":["দিনে ",{"t":"idOrVar","v":"value"}],"zero":"আজ"},"$x":[{"t":"idOrVar","v":"plural"},"value"]},{"$i":"weeks-until-long","$v":{"few":["সপ্তাহে ",{"t":"idOrVar","v":"value"}],"many":["সপ্তাহে ",{"t":"idOrVar","v":"value"}],"one":"পরের সপ্তাহ","other":["সপ্তাহে ",{"t":"idOrVar","v":"value"}],"two":["সপ্তাহে ",{"t":"idOrVar","v":"value"}],"zero":"এই সপ্তাহ"},"$x":[{"t":"idOrVar","v":"plural"},"value"]},{"$i":"months-until-long","$v":{"few":["মাসে ",{"t":"idOrVar","v":"value"}],"many":["মাসে ",{"t":"idOrVar","v":"value"}],"one":"পরের মাস","other":["মাসে ",{"t":"idOrVar","v":"value"}],"two":["মাসে ",{"t":"idOrVar","v":"value"}],"zero":"এই মাস"},"$x":[{"t":"idOrVar","v":"plural"},"value"]},{"$i":"years-until-long","$v":{"few":["বছরে ",{"t":"idOrVar","v":"value"}],"many":["বছরে ",{"t":"idOrVar","v":"value"}],"one":"পরের বছর","other":["বছরে ",{"t":"idOrVar","v":"value"}],"two":["বছরে ",{"t":"idOrVar","v":"value"}],"zero":"এই বছর"},"$x":[{"t":"idOrVar","v":"plural"},"value"]},{"$i":"minutes-ago-short","$v":{"other":[{"t":"idOrVar","v":"value"},"মিঃ আগে"],"zero":"এখনই"},"$x":[{"t":"idOrVar","v":"plural"},"value"]},{"$i":"hours-ago-short","$v":{"other":[{"t":"idOrVar","v":"value"},"ঘঃ আগে"],"zero":"এখনই"},"$x":[{"t":"idOrVar","v":"plural"},"value"]},{"$i":"days-ago-short","$v":{"other":[{"t":"idOrVar","v":"value"},"দিন আগে"],"zero":"আজ"},"$x":[{"t":"idOrVar","v":"plural"},"value"]},{"$i":"minutes-until-short","$v":{"other":["m ",{"t":"idOrVar","v":"value"}],"zero":"এখনই"},"$x":[{"t":"idOrVar","v":"plural"},"value"]},{"$i":"hours-until-short","$v":{"other":["h ",{"t":"idOrVar","v":"value"}],"zero":"এখনই"},"$x":[{"t":"idOrVar","v":"plural"},"value"]},{"$i":"days-until-short","$v":{"other":["d ",{"t":"idOrVar","v":"value"}],"zero":"আজ"},"$x":[{"t":"idOrVar","v":"plural"},"value"]},{"$i":"incorrectDate","$v":"(ভুল তারিখ)"},{"$i":"dateTimeFormat_%c","$v":"%a %b %e %Y %I:%M:%S %p"},{"$i":"dateTimeFormat_%x","$v":"%m/%d/%Y"},{"$i":"dateTimeFormat_%X","$v":"%I:%M:%S %p"},{"$i":"shortTimeFormat","$v":"%I:%M %p"},{"$i":"shortTimeFormat12","$v":"%I:%M %p"},{"$i":"shortTimeFormat24","$v":"%H:%M"},{"$i":"shortDateTimeFormat","$v":"%x %I:%M %p"},{"$i":"weekStartsOnMonday","$v":"0.0"},{"$i":"firstDayOfTheWeek","$v":"0.0"},{"$i":"time_am","$v":"AM"},{"$i":"time_pm","$v":"PM"}]