[{"$i":"search-or-enter-address","placeholder":"Hledat nebo zadat adresu"},{"$i":"delete-title","$v":["Odstranit kontakt ",{"t":"idOrVar","v":"name"}]},{"$i":"delete-body","$v":["Aplikace ",{"t":"idOrVar","v":"name"}," i všechna její data budou odstraněna."]},{"$i":"delete","$v":"Odstranit"},{"$i":"cancel","$v":"Zrušit"},{"$i":"apps","$v":"Aplikace"},{"$i":"menu","$v":"Menu"},{"$i":"notifications","$v":"Upozornění"},{"$i":"camera","$v":"Fotoaparát"},{"$i":"speed-dial","$v":"Zrychl. volba"},{"$i":"select","$v":"Vybrat"},{"$i":"move","$v":"Přesunout"},{"$i":"ok","$v":"OK"},{"$i":"set","$v":"Nastavit"},{"$i":"edit","$v":"Upravit"},{"$i":"call","$v":"Volat"},{"$i":"message","$v":"Zpráva"},{"$i":"options","$v":"Možnosti"},{"$i":"assign","$v":"Přidělit"},{"$i":"remove","$v":"Odebrat"},{"$i":"replace","$v":"Nahradit"},{"$i":"more","$v":"Více"},{"$i":"settings","$v":"Nastavení"},{"$i":"contacts","$v":"Kontakty"},{"$i":"list-view","$v":"Zobrazení v seznamu"},{"$i":"grid-view","$v":"Zobrazení v tabulce"},{"$i":"single-view","$v":"Jednoduché zobrazení"},{"$i":"skip","$v":"Přeskočit"},{"$i":"shortcuts","$v":"Zástupci"},{"$i":"next","$v":"Další"},{"$i":"back","$v":"Zpět"},{"$i":"memory-cleaner","$v":"Vyčištění paměti"},{"$i":"open","$v":"OTEVŘÍT"},{"$i":"voicemail","$v":"Hlas. pošta"},{"$i":"speed-dial-not-empty","ariaLabel":[{"t":"idOrVar","v":"order"},", ",{"t":"idOrVar","v":"name"}]},{"$i":"speed-dial-empty","ariaLabel":[{"t":"idOrVar","v":"order"},", prázdné"]},{"$i":"remove-speed-dial","$v":["Opravdu chcete odebrat ",{"t":"idOrVar","v":"name"}," ze zrychlené volby?"]},{"$i":"replace-speed-dial","$v":["Opravdu chcete nahradit ",{"t":"idOrVar","v":"name"}," položkou ",{"t":"idOrVar","v":"subName"},"?"]},{"$i":"assign-speed-dial","$v":["Kontakt nebyl přidán jako zrychlená volba na tlačítko ",{"t":"idOrVar","v":"n"},". Přiřadit?"]},{"$i":"assign-voicemail","$v":"Číslo hlas. schránky nebylo nastaveno."},{"$i":"alert-for-contacts-without-number","$v":"Nejsou k dispozici žádné kontakty s telefonním číslem."},{"$i":"option-remove","$v":"Odebrat ze zrychl. volby"},{"$i":"option-replace","$v":"Nahradit"},{"$i":"all-apps","$v":"Všechny aplikace"},{"$i":"uninstall","$v":"Odinstalovat"},{"$i":"confirm-to-uninstall-app","$v":["Odinstalovat aplikaci ",{"t":"idOrVar","v":"appName"},"?"]},{"$i":"confirm-to-unpin-bookmark","$v":"Odepnout web?"},{"$i":"unpin","$v":"Odepnout"},{"$i":"rename","$v":"Přejmenovat"},{"$i":"title","$v":"Název"},{"$i":"add-to-existing-contact","$v":"Přidat ke stáv. kontaktu"},{"$i":"create-new-contact","$v":"Vytvořit nový kontakt"},{"$i":"sending","$v":"Odesílání…"},{"$i":"video-call","$v":"Videohovor"},{"$i":"rtt-call","$v":"RTT volání"},{"$i":"callAirplaneModeTitle","$v":"Režim Letadlo aktivován"},{"$i":"callAirplaneModeMessage","$v":"K uskutečnění hovoru je nutno v nastavení zakázat režim V letadle."},{"$i":"emergencyDialogTitle","$v":"Žádné připojení k síti"},{"$i":"emergencyDialogBodyBadNumber","$v":"K uskutečnění hovoru je nutno telefon připojit k síti."},{"$i":"emergencyDialogBodyDeviceNotAccepted","$v":"Síť tísňová volání neumožňuje."},{"$i":"invalidNumberToDialTitle","$v":"Neplatné telefonní číslo"},{"$i":"invalidNumberToDialMessage","$v":"Volané telefonní číslo není platné."},{"$i":"emergency-call-only","$v":"Pouze tísňový hovor"},{"$i":"emergency-call-error","$v":[{"t":"idOrVar","v":"number"}," není číslo tísňové linky."]},{"$i":"numberIsBusyTitle","$v":"Číslo je obsazeno"},{"$i":"numberIsBusyMessage","$v":"Číslo je nyní obsazené. Zkuste to později znovu."},{"$i":"fdnIsActiveTitle","$v":"Kód FDN je aktivní"},{"$i":"fdnIsActiveMessage","$v":["Je aktivována funkce FDN (pevná vytáčecí čísla) a toto číslo není v seznam FDN: ",{"t":"idOrVar","v":"number"}]},{"$i":"otherConnectionInUseTitle","$v":"Používá se jiné připojení"},{"$i":"otherConnectionInUseMessage","$v":"Máte aktivní volání na dalším připojení. V jednom okamžiku lze použít jen jedno připojení."},{"$i":"GenericFailure","$v":"Obecné selhání"},{"$i":"CallFailed","$v":"Hovor se nezdařil"},{"$i":"scCallBarring","$v":"Blok. hovorů"},{"$i":"scCallForwarding","$v":"Přesměr. hovorů"},{"$i":"scClip","$v":"ID volajícího"},{"$i":"scClir","$v":"ID volajícího"},{"$i":"scPwd","$v":"Změna hesla"},{"$i":"scCallWaiting","$v":"Ček. hovoru"},{"$i":"scPin","$v":"Změna kódu PIN"},{"$i":"scPin2","$v":"Změna PIN2"},{"$i":"scPuk","$v":"Odblokovat PIN"},{"$i":"scPuk2","$v":"Odblokovat PIN2"},{"$i":"scImei","$v":"IMEI"},{"$i":"scMeid","$v":"MEID"},{"$i":"scUssd","$v":"USSD"},{"$i":"deviceIsUnlocked","$v":"Zařízení je odemknuté"},{"$i":"simUnlockCodeAccepted","$v":"Kód pro odemknutí SIM byl přijat"},{"$i":"simUnlockCodeFailed","$v":"SIM se nepodařilo odemknout"},{"$i":"personal","$v":"Osobní"},{"$i":"mobile","$v":"Mobilní"},{"$i":"home","$v":"Domů"},{"$i":"work","$v":"Práce"},{"$i":"fax-home","$v":"Fax domů"},{"$i":"fax-office","$v":"Fax pracovní"},{"$i":"fax-other","$v":"Fax jiný"},{"$i":"noSimCard","$v":"Žádná SIM karta"},{"$i":"noService","$v":"Žádná služba"},{"$i":"lockedSim","$v":"Uzamčená SIM karta"},{"$i":"airplaneMode","$v":"Režim Letadlo"},{"$i":"wifi-calling","$v":"Wi-Fi volání"},{"$i":"homescreen-settings","$v":"Nastavení vých. obrazovky"},{"$i":"change-wallpaper","$v":"Změnit tapetu"},{"$i":"add-smart-collections","$v":"Přidat chytré kolekce"},{"$i":"edit-mode","$v":"Upravit"},{"$i":"edit-done","$v":"Hotovo"},{"$i":"tutorial-for-side-menu-1","$v":["Stisknutím tlačítka ",{"t":"idOrVar","v":"left"}," zobrazíte aplikace nalevo."]},{"$i":"tutorial-for-instant-settings-1","$v":["Stisknutím tlačítka ",{"t":"idOrVar","v":"up"}," zobrazíte běžně používaná nastavení."]},{"$i":"tutorial-for-notices","$v":"Stisknutím PRAVÉHO tlačítka zobrazíte nová oznámení."},{"$i":"tutorial-for-google-assistant-1","$v":["Chcete-li mluvit, dlouze stiskněte tlačítko ",{"t":"idOrVar","v":"microphone"},"."]},{"$i":"tutorial-for-voice-input-1","$v":["Chcete-li namluvit text, dlouze stiskněte tlačítko ",{"t":"idOrVar","v":"microphone"},"."]},{"$i":"tutorial-for-find-kaistore-2","$v":"Aplikaci KaiStore naleznete na první stránce nabídky aplikací."},{"$i":"tutorial-for-left","$v":"VLEVO"},{"$i":"tutorial-for-up","$v":"NAHORU"},{"$i":"stop-download-title","$v":["Zastavit ",{"t":"idOrVar","v":"name"}]},{"$i":"stop-download-body","$v":"Chcete zastavit probíhající stahování?"},{"$i":"stop-download-action","$v":"Zastavit"},{"$i":"resume-download-title","$v":"Spustit stahování znovu"},{"$i":"resume-download-body","$v":["Chcete stáhnout aplikaci ",{"t":"idOrVar","v":"name"},"?"]},{"$i":"resume-download-action","$v":"Stáhnout"},{"$i":"edit-group-header","$v":"Upravit skupinu"},{"$i":"gaia-shortcut-app-updated","$v":"Aplik. aktualizována"},{"$i":"clocks-updated","$v":"Hodiny aktualizovány"},{"$i":"longDateFormat","$v":"%A, %B %e"},{"$i":"app-title","$v":"Moje aplikace"},{"$i":"app-uninstall","$v":["Aplikace ",{"t":"idOrVar","v":"name"}," byla odinstalována"]},{"$i":"confirmation","$v":"Potvrzení"},{"$i":"eccOnly","$v":"Emergency calls only"},{"$i":"emergencyCallsOnly","$v":"Emergency calls only"},{"$i":"searching","$v":"Hledání…"},{"$i":"clockDateFormat","$v":"%a, %e %b"},{"$i":"apn-sim1","$v":"APN Settings - SIM1"},{"$i":"apn-sim2","$v":"APN Settings - SIM2"},{"$i":"apnDefaultConfig","$v":"APN Default Config"},{"$i":"apn-defaultconfig-message","$v":"Set which type of apn to used"},{"$i":"apnConfigPostpay","$v":"Postpay APN"},{"$i":"apnConfigPrepay","$v":"Prepay APN"},{"$i":"qtn_sm_toast_set_ICE_first","$v":"Nemáte žádné ICE kontakty. Nejdříve přejděte do nastavení kontaktů nebo do nabídky možností ICE informací"},{"$i":"qtn_sm_toast_google_assist","$v":"Dlouhým nebo dvojím stisknutím aktivujete Asistenta Google"},{"$i":"qtn_sm_toast_sos_call_msg","$v":"Dlouhým nebo dvojím stisknutím aktivujete SOS volání / SOS zprávu"},{"$i":"nocard-eccOnly","$v":"No SIM card-Emergency calls only"},{"$i":"unusablecard-eccOnly","$v":"Unusable SIM card-Emergency calls only"},{"$i":"utilities","$v":"Utilities"},{"$i":"games","$v":"Games"},{"$i":"toast-app-downloaded-to-folder","$v":["Aplikace ",{"t":"idOrVar","v":"appName"}," byla stažena do složky ",{"t":"idOrVar","v":"folderName"},"."]},{"$i":"notices-reminder-header","$v":"Připomenutí"},{"$i":"notices-reminder-content","$v":"Máte nepřečtená oznámení. Zkontrolujte oznámení a nic důležitého vám neuteče."},{"$i":"toast-need-update-app","$v":"Aktualizujte aplikaci na nejnovější verzi a pokračujte z aplikace JioStore."},{"$i":"call-forwarding-async","$v":["Asynchronní: ",{"t":"idOrVar","v":"async"}]},{"$i":"call-forwarding-data","$v":["Data: ",{"t":"idOrVar","v":"data"}]},{"$i":"call-forwarding-error","$v":"Při načítání stavu přesměrování hovorů došlo k chybě"},{"$i":"call-forwarding-fax","$v":["FAX: ",{"t":"idOrVar","v":"fax"}]},{"$i":"call-forwarding-inactive","$v":"Neaktivní"},{"$i":"call-forwarding-packet","$v":["Paket: ",{"t":"idOrVar","v":"packet"}]},{"$i":"call-forwarding-pad","$v":["PAD: ",{"t":"idOrVar","v":"pad"}]},{"$i":"call-forwarding-sms","$v":["SMS: ",{"t":"idOrVar","v":"sms"}]},{"$i":"call-forwarding-status","$v":"Stav přesměr. hovorů"},{"$i":"call-forwarding-sync","$v":["Synchronní: ",{"t":"idOrVar","v":"sync"}]},{"$i":"call-forwarding-voice","$v":["Hlasové: ",{"t":"idOrVar","v":"voice"}]},{"$i":"call-forwarding-voice-after-seconds","$v":["Hlas: ",{"t":"idOrVar","v":"voice"}," po ",{"t":"idOrVar","v":"timeSeconds"}," s"]},{"$i":"fihVersion","$v":"FIH Version"},{"$i":"serviceClassVoice","$v":"Hlasové"},{"$i":"serviceClassData","$v":"Data"},{"$i":"serviceClassFax","$v":"FAX"},{"$i":"serviceClassSms","$v":"SMS"},{"$i":"serviceClassDataSync","$v":"Synchronizovat"},{"$i":"serviceClassDataAsync","$v":"Asynchr."},{"$i":"serviceClassPacket","$v":"Paket"},{"$i":"serviceClassPad","$v":"PAD"},{"$i":"smServiceEnabled","$v":"Služba byla povolena"},{"$i":"smServiceDisabled","$v":"Služba byla zakázána"},{"$i":"smServiceRegistered","$v":"Registrace byla úspěšná"},{"$i":"smServiceErased","$v":"Vymazání proběhlo úspěšně"},{"$i":"smServiceInterrogated","$v":"Žádost úspěšně zpracována"},{"$i":"smServiceNotProvisioned","$v":"Služba není zřízená"},{"$i":"smClirPermanent","$v":"Nastavení ID volajícího nelze změnit"},{"$i":"smClirDefaultOnNextCallOn","$v":"ID volajícího má výchozí hodnotu „omezeno“. Další volání: Omezeno"},{"$i":"smClirDefaultOnNextCallOff","$v":"ID volajícího má výchozí hodnotu „omezeno“. Další volání: Neomezeno"},{"$i":"smClirDefaultOffNextCallOn","$v":"ID volajícího má výchozí hodnotu „neomezeno“. Další volání: Omezeno"},{"$i":"smClirDefaultOffNextCallOff","$v":"ID volajícího má výchozí hodnotu „neomezeno“. Další volání: Neomezeno"},{"$i":"smServiceEnabledFor","$v":"Služba povolena pro:"},{"$i":"smPinChanged","$v":"PIN úspěšně změněn"},{"$i":"smPinUnblocked","$v":"PIN úspěšně odblokován"},{"$i":"smPin2Changed","$v":"PIN2 úspěšně změněn"},{"$i":"smPin2Unblocked","$v":"PIN2 úspěšně odblokován"},{"$i":"ServiceIsEnabled","$v":"Služba je povolená"},{"$i":"ServiceIsDisabled","$v":"Služba je zakázaná"},{"$i":"ServiceIsEnabledFor","$v":"Služba je povolená pro:"},{"$i":"emMmiError","$v":"Problém připojení nebo neplatný kód MMI"},{"$i":"emMmiErrorPasswordIncorrect","$v":"Nesprávné heslo"},{"$i":"emMmiErrorNotSupported","$v":"Neplatný nebo nepodporovaný kód MMI"},{"$i":"emMmiErrorInvalidAction","$v":"Neplatná akce"},{"$i":"emMmiErrorInvalidScCode","$v":"Neplatný kód služby"},{"$i":"emMmiErrorBadPuk","$v":"Zadaný PUK je nesprávný"},{"$i":"emMmiErrorBadPin","$v":"Zadaný starý PIN je nesprávný."},{"$i":"emMmiErrorNeedPuk2","$v":"Odblokujte kartu SIM zadáním kódu PUK2"},{"$i":"emMmiErrorMismatchPin","$v":"Zadané PIN kódy se neshodují"},{"$i":"emMmiErrorInvalidPin","$v":"Zadejte kód PIN o délce 4 až 8 čísel"},{"$i":"emMmiErrorNeedsPuk","$v":"SIM karta je uzamčená PUK kódem"},{"$i":"emMmiErrorEnablePin","$v":"Neúspěch. Povolte ZÁMEK SIM/RUIM"},{"$i":"emMmiErrorMmiFdn","$v":"Lze volat jen na povolená čísla"},{"$i":"emMmiErrorStkCcUssdDial","$v":"Žádost USSD byla změněna na žádost VYTOČIT"},{"$i":"emMmiErrorStkCcUssdSs","$v":"Žádost USSD byla změněna na žádost SS"},{"$i":"emMmiErrorStkCcUssdUssd","$v":"Žádost USSD byla změněna na novou žádost USSD"},{"$i":"emMmiErrorStkCcSsDial","$v":"Žádost SS změněna na žádost VYTOČIT"},{"$i":"emMmiErrorStkCcSsUssd","$v":"Žádost SS změněna na žádost USSD"},{"$i":"emMmiErrorStkCcSsSs","$v":"Žádost SS změněna na novou žádost SS"},{"$i":"emMmiErrorPinPukAttempts","$v":{"few":["Zbývá pokusů: ",{"t":"idOrVar","v":"n"}],"many":["Zbývá pokusů: ",{"t":"idOrVar","v":"n"}],"one":["Počet zbývajících pokusů: ",{"t":"idOrVar","v":"n"}],"other":["Zbývá pokusů: ",{"t":"idOrVar","v":"n"}],"two":["Zbývá pokusů: ",{"t":"idOrVar","v":"n"}]},"$x":[{"t":"idOrVar","v":"plural"},"n"]},{"$i":"emMmiErrorSimBlocked","$v":"Byl překročen max. počet opakovaných pokusů. SIM zablokována."},{"$i":"RadioNotAvailable","$v":"Radio not available"},{"$i":"PasswordIncorrect","$v":"Heslo je nesprávné"},{"$i":"SimPin2","$v":"PIN2 SIM karty"},{"$i":"SimPuk2","$v":"PUK2 SIM karty"},{"$i":"RequestNotSupported","$v":"Žádost není podporována"},{"$i":"OpNotAllowedDuringVoiceCall","$v":"Operace nepovolena při hovoru"},{"$i":"SmsSendFailRetry","$v":"SMS send fail retry"},{"$i":"SimAbsent","$v":"SIM chybí"},{"$i":"SubscriptionNotAvailable","$v":"Předplatné není dostupné"},{"$i":"ModeNotSupported","$v":"Režim nepodporován"},{"$i":"FdnCheckFailure","$v":"Kontrola Fdn se nezdařila"},{"$i":"IllegalSimOrMe","$v":"Neplatná SIM nebo ME"},{"$i":"DialModifiedToUssd","$v":"Dial modified to USSD"},{"$i":"DialModifiedToSs","$v":"Dial modified to SS"},{"$i":"DialModifiedToDial","$v":"Dial modified to dial"},{"$i":"UssdModifiedToDial","$v":"USSD změněno na vytáčení"},{"$i":"UssdModifiedToSs","$v":"USSD změněno na SS"},{"$i":"UssdModifiedToUssd","$v":"USSD změněno na USSD"},{"$i":"SsModifiedToDial","$v":"Kód SS změněn na vytáčení"},{"$i":"SsModifiedToUssd","$v":"Kód SS změněn na USSD"},{"$i":"SsModifiedToSs","$v":"Kód SS změněn na SS"},{"$i":"SubscriptionNotSupported","$v":"Předplatné není podporováno"},{"$i":"InvalidParameter","$v":"Neplatný parametr"},{"$i":"RejectedByRemote","$v":"Vzdáleně odmítnuto"},{"$i":"GetEmptyUssdPrompt","$v":"Byla přijata null odpověď."},{"$i":"ice-latitude","$v":"Zeměpisná šířka"},{"$i":"ice-longitude","$v":"Zeměpisná délka"},{"$i":"sim-with-index-and-carrier","$v":["SIM ",{"t":"idOrVar","v":"index"}," - ",{"t":"idOrVar","v":"carrier"}]},{"$i":"sim-without-carrier","$v":["SIM ",{"t":"idOrVar","v":"index"}]},{"$i":"label","$v":"Štítek"},{"$i":"faxHome","$v":"Fax domů"},{"$i":"faxOffice","$v":"Fax pracovní"},{"$i":"faxOther","$v":"Fax jiný"},{"$i":"another","$v":"Jiný"},{"$i":"other","$v":"Jiné"},{"$i":"customTag","$v":"Vlastní štítek","placeholder":"Vlastní štítek"},{"$i":"current","$v":"Aktuální"},{"$i":"itemWithLabel","$v":[{"t":"idOrVar","v":"label"},", ",{"t":"idOrVar","v":"item"}]},{"$i":"weekday-0-long","$v":"Neděle"},{"$i":"weekday-1-long","$v":"Pondělí"},{"$i":"weekday-2-long","$v":"Úterý"},{"$i":"weekday-3-long","$v":"Středa"},{"$i":"weekday-4-long","$v":"Čtvrtek"},{"$i":"weekday-5-long","$v":"Pátek"},{"$i":"weekday-6-long","$v":"Sobota"},{"$i":"weekday-0-short","$v":"Ne"},{"$i":"weekday-1-short","$v":"Po"},{"$i":"weekday-2-short","$v":"Út"},{"$i":"weekday-3-short","$v":"St"},{"$i":"weekday-4-short","$v":"Čt"},{"$i":"weekday-5-short","$v":"Pá"},{"$i":"weekday-6-short","$v":"So"},{"$i":"month-0-long","$v":"Leden"},{"$i":"month-1-long","$v":"Únor"},{"$i":"month-2-long","$v":"Březen"},{"$i":"month-3-long","$v":"Duben"},{"$i":"month-4-long","$v":"Květen"},{"$i":"month-5-long","$v":"Červen"},{"$i":"month-6-long","$v":"Červenec"},{"$i":"month-7-long","$v":"Srpen"},{"$i":"month-8-long","$v":"Září"},{"$i":"month-9-long","$v":"Říjen"},{"$i":"month-10-long","$v":"Listopad"},{"$i":"month-11-long","$v":"Prosinec"},{"$i":"month-0-genitive","$v":"Leden"},{"$i":"month-1-genitive","$v":"Únor"},{"$i":"month-2-genitive","$v":"Březen"},{"$i":"month-3-genitive","$v":"Duben"},{"$i":"month-4-genitive","$v":"Květen"},{"$i":"month-5-genitive","$v":"Červen"},{"$i":"month-6-genitive","$v":"Červenec"},{"$i":"month-7-genitive","$v":"Srpen"},{"$i":"month-8-genitive","$v":"Září"},{"$i":"month-9-genitive","$v":"Říjen"},{"$i":"month-10-genitive","$v":"Listopad"},{"$i":"month-11-genitive","$v":"Prosinec"},{"$i":"month-0-short","$v":"Led"},{"$i":"month-1-short","$v":"Úno"},{"$i":"month-2-short","$v":"Bře"},{"$i":"month-3-short","$v":"Dub"},{"$i":"month-4-short","$v":"Kvě"},{"$i":"month-5-short","$v":"Čer"},{"$i":"month-6-short","$v":"Čvc"},{"$i":"month-7-short","$v":"Srp"},{"$i":"month-8-short","$v":"Zář"},{"$i":"month-9-short","$v":"Říj"},{"$i":"month-10-short","$v":"Lis"},{"$i":"month-11-short","$v":"Pro"},{"$i":"minutes-ago-long","$v":{"few":["před ",{"t":"idOrVar","v":"value"}," minutami"],"many":["před ",{"t":"idOrVar","v":"value"}," minutami"],"one":"před minutou","other":["před ",{"t":"idOrVar","v":"value"}," minutami"],"two":["před ",{"t":"idOrVar","v":"value"}," minutami"],"zero":"právě teď"},"$x":[{"t":"idOrVar","v":"plural"},"value"]},{"$i":"hours-ago-long","$v":{"few":["před ",{"t":"idOrVar","v":"value"}," hodinami"],"many":["před ",{"t":"idOrVar","v":"value"}," hodinami"],"one":"před hodinou","other":["před ",{"t":"idOrVar","v":"value"}," hodinami"],"two":["před ",{"t":"idOrVar","v":"value"}," hodinami"],"zero":"právě teď"},"$x":[{"t":"idOrVar","v":"plural"},"value"]},{"$i":"days-ago-long","$v":{"few":["před ",{"t":"idOrVar","v":"value"}," dny"],"many":["před ",{"t":"idOrVar","v":"value"}," dny"],"one":"včera","other":["před ",{"t":"idOrVar","v":"value"}," dny"],"two":["před ",{"t":"idOrVar","v":"value"}," dny"],"zero":"dnes"},"$x":[{"t":"idOrVar","v":"plural"},"value"]},{"$i":"weeks-ago-long","$v":{"few":["před ",{"t":"idOrVar","v":"value"}," týdny"],"many":["před ",{"t":"idOrVar","v":"value"}," týdny"],"one":"minulý týden","other":["před ",{"t":"idOrVar","v":"value"}," týdny"],"two":["před ",{"t":"idOrVar","v":"value"}," týdny"],"zero":"tento týden"},"$x":[{"t":"idOrVar","v":"plural"},"value"]},{"$i":"months-ago-long","$v":{"few":["před ",{"t":"idOrVar","v":"value"}," měsíci"],"many":["před ",{"t":"idOrVar","v":"value"}," měsíci"],"one":"poslední měsíc","other":["před ",{"t":"idOrVar","v":"value"}," měsíci"],"two":["před ",{"t":"idOrVar","v":"value"}," měsíci"],"zero":"tento měsíc"},"$x":[{"t":"idOrVar","v":"plural"},"value"]},{"$i":"years-ago-long","$v":{"few":["před ",{"t":"idOrVar","v":"value"}," lety"],"many":["před ",{"t":"idOrVar","v":"value"}," lety"],"one":"minulý rok","other":["před ",{"t":"idOrVar","v":"value"}," lety"],"two":["před ",{"t":"idOrVar","v":"value"}," lety"],"zero":"tento rok"},"$x":[{"t":"idOrVar","v":"plural"},"value"]},{"$i":"minutes-until-long","$v":{"few":["za ",{"t":"idOrVar","v":"value"}," min."],"many":["za ",{"t":"idOrVar","v":"value"}," min."],"one":"za minutu","other":["za ",{"t":"idOrVar","v":"value"}," min."],"two":["za ",{"t":"idOrVar","v":"value"}," min."],"zero":"nyní"},"$x":[{"t":"idOrVar","v":"plural"},"value"]},{"$i":"hours-until-long","$v":{"few":["za ",{"t":"idOrVar","v":"value"}," hod."],"many":["za ",{"t":"idOrVar","v":"value"}," hod."],"one":"za hodinu","other":["za ",{"t":"idOrVar","v":"value"}," hod."],"two":["za ",{"t":"idOrVar","v":"value"}," hod."],"zero":"nyní"},"$x":[{"t":"idOrVar","v":"plural"},"value"]},{"$i":"days-until-long","$v":{"few":["za ",{"t":"idOrVar","v":"value"}," dny/dní"],"many":["za ",{"t":"idOrVar","v":"value"}," dny/dní"],"one":"zítra","other":["za ",{"t":"idOrVar","v":"value"}," dny/dní"],"two":["za ",{"t":"idOrVar","v":"value"}," dny/dní"],"zero":"dnes"},"$x":[{"t":"idOrVar","v":"plural"},"value"]},{"$i":"weeks-until-long","$v":{"few":["za ",{"t":"idOrVar","v":"value"}," týdny/týdnů"],"many":["za ",{"t":"idOrVar","v":"value"}," týdny/týdnů"],"one":"příští týden","other":["za ",{"t":"idOrVar","v":"value"}," týdny/týdnů"],"two":["za ",{"t":"idOrVar","v":"value"}," týdny/týdnů"],"zero":"tento týden"},"$x":[{"t":"idOrVar","v":"plural"},"value"]},{"$i":"months-until-long","$v":{"few":["za ",{"t":"idOrVar","v":"value"}," měsíce/měsíců"],"many":["za ",{"t":"idOrVar","v":"value"}," měsíce/měsíců"],"one":"příští měsíc","other":["za ",{"t":"idOrVar","v":"value"}," měsíce/měsíců"],"two":["za ",{"t":"idOrVar","v":"value"}," měsíce/měsíců"],"zero":"tento měsíc"},"$x":[{"t":"idOrVar","v":"plural"},"value"]},{"$i":"years-until-long","$v":{"few":["za ",{"t":"idOrVar","v":"value"}," roky/let"],"many":["za ",{"t":"idOrVar","v":"value"}," roky/let"],"one":"příští rok","other":["za ",{"t":"idOrVar","v":"value"}," roky/let"],"two":["za ",{"t":"idOrVar","v":"value"}," roky/let"],"zero":"tento rok"},"$x":[{"t":"idOrVar","v":"plural"},"value"]},{"$i":"minutes-ago-short","$v":{"other":["před ",{"t":"idOrVar","v":"value"}," m"],"zero":"právě teď"},"$x":[{"t":"idOrVar","v":"plural"},"value"]},{"$i":"hours-ago-short","$v":{"other":["před ",{"t":"idOrVar","v":"value"}," h"],"zero":"právě teď"},"$x":[{"t":"idOrVar","v":"plural"},"value"]},{"$i":"days-ago-short","$v":{"other":["před ",{"t":"idOrVar","v":"value"}," d"],"zero":"dnes"},"$x":[{"t":"idOrVar","v":"plural"},"value"]},{"$i":"minutes-until-short","$v":{"other":["za ",{"t":"idOrVar","v":"value"}," m"],"zero":"nyní"},"$x":[{"t":"idOrVar","v":"plural"},"value"]},{"$i":"hours-until-short","$v":{"other":["za ",{"t":"idOrVar","v":"value"}," h"],"zero":"nyní"},"$x":[{"t":"idOrVar","v":"plural"},"value"]},{"$i":"days-until-short","$v":{"other":["za ",{"t":"idOrVar","v":"value"}," d"],"zero":"dnes"},"$x":[{"t":"idOrVar","v":"plural"},"value"]},{"$i":"incorrectDate","$v":"(nesprávné datum)"},{"$i":"dateTimeFormat_%c","$v":"%a %b %e %Y %I:%M:%S %p"},{"$i":"dateTimeFormat_%x","$v":"%m/%d/%Y"},{"$i":"dateTimeFormat_%X","$v":"%I:%M:%S %p"},{"$i":"shortTimeFormat","$v":"%I:%M %p"},{"$i":"shortTimeFormat12","$v":"%I:%M %p"},{"$i":"shortTimeFormat24","$v":"%H:%M"},{"$i":"shortDateTimeFormat","$v":"%x %I:%M %p"},{"$i":"weekStartsOnMonday","$v":"0.0"},{"$i":"firstDayOfTheWeek","$v":"1.0"},{"$i":"time_am","$v":"dop."},{"$i":"time_pm","$v":"odp."}]