[{"$i":"search-or-enter-address","placeholder":"Søg eller angiv en adresse"},{"$i":"delete-title","$v":["Slet ",{"t":"idOrVar","v":"name"}]},{"$i":"delete-body","$v":[{"t":"idOrVar","v":"name"}," og alle dens data slettes."]},{"$i":"delete","$v":"Slet"},{"$i":"cancel","$v":"Annuller"},{"$i":"apps","$v":"Apps"},{"$i":"menu","$v":"Menu"},{"$i":"notifications","$v":"Meddelelser"},{"$i":"camera","$v":"Kamera"},{"$i":"speed-dial","$v":"Hurtigkald"},{"$i":"select","$v":"Vælg"},{"$i":"move","$v":"Flyt"},{"$i":"ok","$v":"OK"},{"$i":"set","$v":"Angiv"},{"$i":"edit","$v":"Rediger"},{"$i":"call","$v":"Opkald"},{"$i":"message","$v":"Besked"},{"$i":"options","$v":"Valg"},{"$i":"assign","$v":"Tildel"},{"$i":"remove","$v":"Fjern"},{"$i":"replace","$v":"Erstat"},{"$i":"more","$v":"Mere"},{"$i":"settings","$v":"Indstillinger"},{"$i":"contacts","$v":"Kontakter"},{"$i":"list-view","$v":"Listevisning"},{"$i":"grid-view","$v":"Gittervisning"},{"$i":"single-view","$v":"Enkelt visning"},{"$i":"skip","$v":"Ignorer"},{"$i":"shortcuts","$v":"Genveje"},{"$i":"next","$v":"Næste"},{"$i":"back","$v":"Tilbage"},{"$i":"memory-cleaner","$v":"Hukommelsesoprydning"},{"$i":"open","$v":"ÅBN"},{"$i":"voicemail","$v":"Talebesked"},{"$i":"speed-dial-not-empty","ariaLabel":[{"t":"idOrVar","v":"order"},", ",{"t":"idOrVar","v":"name"}]},{"$i":"speed-dial-empty","ariaLabel":[{"t":"idOrVar","v":"order"},", tom"]},{"$i":"remove-speed-dial","$v":["Er du sikker på, at du vil fjerne ",{"t":"idOrVar","v":"name"}," fra hurtigkald?"]},{"$i":"replace-speed-dial","$v":["Er du sikker på, at du vil erstatte ",{"t":"idOrVar","v":"name"}," med ",{"t":"idOrVar","v":"subName"}," ?"]},{"$i":"assign-speed-dial","$v":["Kontakten blev ikke tilføjet som et hurtigkald på knappen ",{"t":"idOrVar","v":"n"},". Tildel nu?"]},{"$i":"assign-voicemail","$v":"Telefonsvarernummeret er ikke indstillet."},{"$i":"alert-for-contacts-without-number","$v":"Der er ingen tilgængelige kontakter med telefonnummer."},{"$i":"option-remove","$v":"Fjern fra hurtigkald"},{"$i":"option-replace","$v":"Erstat"},{"$i":"all-apps","$v":"Kun store bogstaver"},{"$i":"uninstall","$v":"Fjern installation"},{"$i":"confirm-to-uninstall-app","$v":["Afinstaller appen ",{"t":"idOrVar","v":"appName"},"?"]},{"$i":"confirm-to-unpin-bookmark","$v":"Frigør webstedet?"},{"$i":"unpin","$v":"Frigør"},{"$i":"rename","$v":"Omdøb"},{"$i":"title","$v":"Titel"},{"$i":"add-to-existing-contact","$v":"Føj til eksisterende kontakt"},{"$i":"create-new-contact","$v":"Opret ny kontakt"},{"$i":"sending","$v":"Sender…"},{"$i":"video-call","$v":"Videoopkald"},{"$i":"rtt-call","$v":"RTT-opkald"},{"$i":"callAirplaneModeTitle","$v":"Flytilstand aktiveret"},{"$i":"callAirplaneModeMessage","$v":"Hvis du vil foretage et opkald, skal du deaktivere flytilstand i Indstillinger."},{"$i":"emergencyDialogTitle","$v":"Ingen netværksforbindelse"},{"$i":"emergencyDialogBodyBadNumber","$v":"Hvis du vil foretage et opkald, skal telefonen være forbundet til et netværk."},{"$i":"emergencyDialogBodyDeviceNotAccepted","$v":"Nødopkald er ikke tilladt af netværket."},{"$i":"invalidNumberToDialTitle","$v":"Ugyldigt telefonnummer"},{"$i":"invalidNumberToDialMessage","$v":"Det telefonnummer, du ringer til, er ikke gyldigt."},{"$i":"emergency-call-only","$v":"Kun nødopkald"},{"$i":"emergency-call-error","$v":[{"t":"idOrVar","v":"number"}," er ikke et alarmnummer."]},{"$i":"numberIsBusyTitle","$v":"Nummeret er optaget"},{"$i":"numberIsBusyMessage","$v":"Nummeret er optaget. Prøv igen senere."},{"$i":"fdnIsActiveTitle","$v":"Begrænsede numre aktiv"},{"$i":"fdnIsActiveMessage","$v":["Begrænsede numre er aktiveret, og følgende nummer er ikke på din liste over begrænsede numre: ",{"t":"idOrVar","v":"number"}]},{"$i":"otherConnectionInUseTitle","$v":"Anden forbindelse i brug"},{"$i":"otherConnectionInUseMessage","$v":"Du har et aktivt opkald på en anden forbindelse. Du kan kun bruge en forbindelse ad gangen."},{"$i":"GenericFailure","$v":"Generisk fejl"},{"$i":"CallFailed","$v":"Opkald mislykkedes"},{"$i":"scCallBarring","$v":"Opkaldsspærring"},{"$i":"scCallForwarding","$v":"Omstilling"},{"$i":"scClip","$v":"Indgående opkalds-id"},{"$i":"scClir","$v":"Udgående opkalds-id"},{"$i":"scPwd","$v":"Adgangskode ændret"},{"$i":"scCallWaiting","$v":"Banke på"},{"$i":"scPin","$v":"PIN-ændring"},{"$i":"scPin2","$v":"PIN2-ændring"},{"$i":"scPuk","$v":"Fjern blokering af PIN"},{"$i":"scPuk2","$v":"Fjern blokering af PIN2"},{"$i":"scImei","$v":"IMEI"},{"$i":"scMeid","$v":"MEID"},{"$i":"scUssd","$v":"USSD"},{"$i":"deviceIsUnlocked","$v":"Enheden er låst op"},{"$i":"simUnlockCodeAccepted","$v":"SIM-oplåsningskode accepteret"},{"$i":"simUnlockCodeFailed","$v":"SIM kunne ikke låses op"},{"$i":"personal","$v":"Personlig"},{"$i":"mobile","$v":"Mobil"},{"$i":"home","$v":"Hjem"},{"$i":"work","$v":"Arbejde"},{"$i":"fax-home","$v":"Fax privat"},{"$i":"fax-office","$v":"Fax kontor"},{"$i":"fax-other","$v":"Fax andet"},{"$i":"noSimCard","$v":"Intet SIM-kort"},{"$i":"noService","$v":"Ingen tjeneste"},{"$i":"lockedSim","$v":"Lost SIM"},{"$i":"airplaneMode","$v":"Flytilstand"},{"$i":"wifi-calling","$v":"Wi-Fi-opkald"},{"$i":"homescreen-settings","$v":"Indstillinger for startskærm"},{"$i":"change-wallpaper","$v":"Skift baggrund"},{"$i":"add-smart-collections","$v":"Tilføj Smart Collections"},{"$i":"edit-mode","$v":"Rediger"},{"$i":"edit-done","$v":"Udført"},{"$i":"tutorial-for-side-menu-1","$v":["Tryk på ",{"t":"idOrVar","v":"left"},"-tasten for at gå til apps i venstre side."]},{"$i":"tutorial-for-instant-settings-1","$v":["Tryk på ",{"t":"idOrVar","v":"up"},"-tasten for at se de mest anvendte indstillinger."]},{"$i":"tutorial-for-notices","$v":"Tryk på HØJRE tast for at se nye meddelelser."},{"$i":"tutorial-for-google-assistant-1","$v":["Brug langt tryk på ",{"t":"idOrVar","v":"microphone"},"-tasten for at tale."]},{"$i":"tutorial-for-voice-input-1","$v":["Brug langt tryk på ",{"t":"idOrVar","v":"microphone"},"-tasten for at tale i tekstfeltet."]},{"$i":"tutorial-for-find-kaistore-2","$v":"Find KaiStore-appen på første side i appmenuen."},{"$i":"tutorial-for-left","$v":"VENSTRE"},{"$i":"tutorial-for-up","$v":"OP"},{"$i":"stop-download-title","$v":["Stop ",{"t":"idOrVar","v":"name"}]},{"$i":"stop-download-body","$v":"Vil du afbryde den download, der er i gang?"},{"$i":"stop-download-action","$v":"Stop"},{"$i":"resume-download-title","$v":"Genstart download"},{"$i":"resume-download-body","$v":["Vil du downloade ",{"t":"idOrVar","v":"name"},"?"]},{"$i":"resume-download-action","$v":"Overfør"},{"$i":"edit-group-header","$v":"Rediger gruppe"},{"$i":"gaia-shortcut-app-updated","$v":"App opdateret"},{"$i":"clocks-updated","$v":"Ure er opdateret"},{"$i":"longDateFormat","$v":"%A, %B %e"},{"$i":"app-title","$v":"Mine apps"},{"$i":"app-uninstall","$v":[{"t":"idOrVar","v":"name"}," blev afinstalleret"]},{"$i":"confirmation","$v":"Bekræftelse"},{"$i":"eccOnly","$v":"Emergency calls only"},{"$i":"emergencyCallsOnly","$v":"Emergency calls only"},{"$i":"searching","$v":"Søger…"},{"$i":"clockDateFormat","$v":"%a, %e %b"},{"$i":"apn-sim1","$v":"APN Settings - SIM1"},{"$i":"apn-sim2","$v":"APN Settings - SIM2"},{"$i":"apnDefaultConfig","$v":"APN Default Config"},{"$i":"apn-defaultconfig-message","$v":"Set which type of apn to used"},{"$i":"apnConfigPostpay","$v":"Postpay APN"},{"$i":"apnConfigPrepay","$v":"Prepay APN"},{"$i":"qtn_sm_toast_set_ICE_first","$v":"Ingen ICE-kontakter. Gå til Kontaktindstillinger eller valgmenuen i ICE-oplysninger"},{"$i":"qtn_sm_toast_google_assist","$v":"Brug langt tryk eller dobbelttryk for at starte Google Assistent"},{"$i":"qtn_sm_toast_sos_call_msg","$v":"Brug langt tryk eller dobbelttryk for at starte SOS-opkald/SOS-besked"},{"$i":"nocard-eccOnly","$v":"No SIM card-Emergency calls only"},{"$i":"unusablecard-eccOnly","$v":"Unusable SIM card-Emergency calls only"},{"$i":"utilities","$v":"Funktioner"},{"$i":"games","$v":"Spil"},{"$i":"toast-app-downloaded-to-folder","$v":[{"t":"idOrVar","v":"appName"}," er downloadet til mappen ",{"t":"idOrVar","v":"folderName"},"."]},{"$i":"notices-reminder-header","$v":"Påmindelse"},{"$i":"notices-reminder-content","$v":"Du har ulæste meddelelser. Tjek meddelelserne, og undgå at gå glip af noget vigtigt."},{"$i":"toast-need-update-app","$v":"Opdater appen til den nyeste version for at fortsætte fra JioStore-appen."},{"$i":"call-forwarding-async","$v":["Asynkron: ",{"t":"idOrVar","v":"async"}]},{"$i":"call-forwarding-data","$v":["Data: ",{"t":"idOrVar","v":"data"}]},{"$i":"call-forwarding-error","$v":"Der opstod fejl under hentning af status for omstilling"},{"$i":"call-forwarding-fax","$v":["FAX: ",{"t":"idOrVar","v":"fax"}]},{"$i":"call-forwarding-inactive","$v":"Inaktiv"},{"$i":"call-forwarding-packet","$v":["Pakke: ",{"t":"idOrVar","v":"packet"}]},{"$i":"call-forwarding-pad","$v":["PAD: ",{"t":"idOrVar","v":"pad"}]},{"$i":"call-forwarding-sms","$v":["SMS: ",{"t":"idOrVar","v":"sms"}]},{"$i":"call-forwarding-status","$v":"Status for omstilling"},{"$i":"call-forwarding-sync","$v":["Synkron: ",{"t":"idOrVar","v":"sync"}]},{"$i":"call-forwarding-voice","$v":["Tale: ",{"t":"idOrVar","v":"voice"}]},{"$i":"call-forwarding-voice-after-seconds","$v":["Tale: ",{"t":"idOrVar","v":"voice"}," efter ",{"t":"idOrVar","v":"timeSeconds"}," sekunder"]},{"$i":"fihVersion","$v":"FIH Version"},{"$i":"serviceClassVoice","$v":"Tale"},{"$i":"serviceClassData","$v":"Data"},{"$i":"serviceClassFax","$v":"FAX"},{"$i":"serviceClassSms","$v":"SMS"},{"$i":"serviceClassDataSync","$v":"Synkroniser"},{"$i":"serviceClassDataAsync","$v":"Asynkron"},{"$i":"serviceClassPacket","$v":"Pakke"},{"$i":"serviceClassPad","$v":"PAD"},{"$i":"smServiceEnabled","$v":"Tjeneste blev aktiveret"},{"$i":"smServiceDisabled","$v":"Tjenesten er deaktiveret"},{"$i":"smServiceRegistered","$v":"Registrering blev udført"},{"$i":"smServiceErased","$v":"Sletningen blev udført"},{"$i":"smServiceInterrogated","$v":"Anmodningen lykkedes"},{"$i":"smServiceNotProvisioned","$v":"Tjenesten er ikke klargjort"},{"$i":"smClirPermanent","$v":"Du kan ikke ændre indstillingen for opkalds-id"},{"$i":"smClirDefaultOnNextCallOn","$v":"Opkalds-id er som standard indstillet til begrænset. Næste opkald: Begrænset"},{"$i":"smClirDefaultOnNextCallOff","$v":"Opkalds-id er som standard indstillet til begrænset. Næste opkald: Ikke begrænset"},{"$i":"smClirDefaultOffNextCallOn","$v":"Opkalds-id er som standard indstillet til ikke begrænset. Næste opkald: Begrænset"},{"$i":"smClirDefaultOffNextCallOff","$v":"Opkalds-id er som standard indstillet til ikke begrænset. Næste opkald: Ikke begrænset"},{"$i":"smServiceEnabledFor","$v":"Tjeneste blev aktiveret for:"},{"$i":"smPinChanged","$v":"PIN er ændret"},{"$i":"smPinUnblocked","$v":"Blokering af PIN er fjernet"},{"$i":"smPin2Changed","$v":"PIN2 er ændret"},{"$i":"smPin2Unblocked","$v":"Blokering af PIN2 er fjernet"},{"$i":"ServiceIsEnabled","$v":"Tjenesten er aktiveret"},{"$i":"ServiceIsDisabled","$v":"Tjenesten er deaktiveret"},{"$i":"ServiceIsEnabledFor","$v":"Tjenesten er aktiveret for:"},{"$i":"emMmiError","$v":"Forbindelsesproblem eller ugyldig MMI-kode"},{"$i":"emMmiErrorPasswordIncorrect","$v":"Forkert adgangskode"},{"$i":"emMmiErrorNotSupported","$v":"Ugyldig eller ikke-understøttet MMI-kode"},{"$i":"emMmiErrorInvalidAction","$v":"Ugyldig handling"},{"$i":"emMmiErrorInvalidScCode","$v":"Ugyldig servicekode"},{"$i":"emMmiErrorBadPuk","$v":"Den PUK-kode, du indtastede, er forkert."},{"$i":"emMmiErrorBadPin","$v":"Den gamle PIN-kode, du angav, er forkert."},{"$i":"emMmiErrorNeedPuk2","$v":"Indtast PUK2-kode for at fjerne blokering af SIM-kortet"},{"$i":"emMmiErrorMismatchPin","$v":"De PIN-koder, du angav, er ikke ens"},{"$i":"emMmiErrorInvalidPin","$v":"Indtast en PIN-kode på 4 til 8 tal"},{"$i":"emMmiErrorNeedsPuk","$v":"Dit SIM-kort er PUK-låst"},{"$i":"emMmiErrorEnablePin","$v":"Ikke udført. Aktivér SIM/RUIM-LÅS"},{"$i":"emMmiErrorMmiFdn","$v":"Handlingen er begrænset til begrænsede numre"},{"$i":"emMmiErrorStkCcUssdDial","$v":"USSD-anmodning er redigeret til DIAL-anmodning"},{"$i":"emMmiErrorStkCcUssdSs","$v":"USSD-anmodning er redigeret til SS-anmodning"},{"$i":"emMmiErrorStkCcUssdUssd","$v":"USSD-anmodning er ændret til ny USSD-anmodning"},{"$i":"emMmiErrorStkCcSsDial","$v":"SS-anmodning er ændret til DIAL-anmodning"},{"$i":"emMmiErrorStkCcSsUssd","$v":"SS-anmodning er ændret til USSD-anmodning"},{"$i":"emMmiErrorStkCcSsSs","$v":"SS-anmodning er ændret til ny SS-anmodning"},{"$i":"emMmiErrorPinPukAttempts","$v":{"few":[{"t":"idOrVar","v":"n"}," forsøg tilbage"],"many":[{"t":"idOrVar","v":"n"}," forsøg tilbage"],"one":["Kun ",{"t":"idOrVar","v":"n"}," forsøg tilbage"],"other":[{"t":"idOrVar","v":"n"}," forsøg tilbage"],"two":[{"t":"idOrVar","v":"n"}," forsøg tilbage"]},"$x":[{"t":"idOrVar","v":"plural"},"n"]},{"$i":"emMmiErrorSimBlocked","$v":"Maksimalt antal forsøg er overskredet. SIM blokeret"},{"$i":"RadioNotAvailable","$v":"Radio not available"},{"$i":"PasswordIncorrect","$v":"Adgangskode forkert"},{"$i":"SimPin2","$v":"SIM PIN2"},{"$i":"SimPuk2","$v":"SIM PUK2"},{"$i":"RequestNotSupported","$v":"Anmodning understøttes ikke"},{"$i":"OpNotAllowedDuringVoiceCall","$v":"Handlingen er ikke tilladt under taleopkald"},{"$i":"SmsSendFailRetry","$v":"SMS send fail retry"},{"$i":"SimAbsent","$v":"SIM fraværende"},{"$i":"SubscriptionNotAvailable","$v":"Abonnement ikke tilgængeligt"},{"$i":"ModeNotSupported","$v":"Tilstanden understøttes ikke"},{"$i":"FdnCheckFailure","$v":"Fejl under tjek af begrænsede numre"},{"$i":"IllegalSimOrMe","$v":"Ugyldigt SIM eller ME"},{"$i":"DialModifiedToUssd","$v":"Dial modified to USSD"},{"$i":"DialModifiedToSs","$v":"Dial modified to SS"},{"$i":"DialModifiedToDial","$v":"Dial modified to dial"},{"$i":"UssdModifiedToDial","$v":"USSD ændret til opkald"},{"$i":"UssdModifiedToSs","$v":"USSD ændret til SS"},{"$i":"UssdModifiedToUssd","$v":"USSD ændret til USSD"},{"$i":"SsModifiedToDial","$v":"SS ændret til opkald"},{"$i":"SsModifiedToUssd","$v":"SS ændret til USSD"},{"$i":"SsModifiedToSs","$v":"SS ændret til SS"},{"$i":"SubscriptionNotSupported","$v":"Abonnement understøttes ikke"},{"$i":"InvalidParameter","$v":"Ugyldig parameter"},{"$i":"RejectedByRemote","$v":"Afvist fra ekstern enhed"},{"$i":"GetEmptyUssdPrompt","$v":"Null svar modtaget."},{"$i":"ice-latitude","$v":"breddegrad"},{"$i":"ice-longitude","$v":"længdegrad"},{"$i":"sim-with-index-and-carrier","$v":["SIM ",{"t":"idOrVar","v":"index"}," - ",{"t":"idOrVar","v":"carrier"}]},{"$i":"sim-without-carrier","$v":["SIM ",{"t":"idOrVar","v":"index"}]},{"$i":"label","$v":"Navn"},{"$i":"faxHome","$v":"Fax privat"},{"$i":"faxOffice","$v":"Fax kontor"},{"$i":"faxOther","$v":"Fax andet"},{"$i":"another","$v":"En anden"},{"$i":"other","$v":"Andet"},{"$i":"customTag","$v":"Tilpas mærke","placeholder":"Tilpas mærke"},{"$i":"current","$v":"Aktuel"},{"$i":"itemWithLabel","$v":[{"t":"idOrVar","v":"label"},", ",{"t":"idOrVar","v":"item"}]},{"$i":"weekday-0-long","$v":"Søndag"},{"$i":"weekday-1-long","$v":"Mandag"},{"$i":"weekday-2-long","$v":"Tirsdag"},{"$i":"weekday-3-long","$v":"Onsdag"},{"$i":"weekday-4-long","$v":"Torsdag"},{"$i":"weekday-5-long","$v":"Fredag"},{"$i":"weekday-6-long","$v":"Lørdag"},{"$i":"weekday-0-short","$v":"Søn"},{"$i":"weekday-1-short","$v":"Man"},{"$i":"weekday-2-short","$v":"Tir"},{"$i":"weekday-3-short","$v":"Ons"},{"$i":"weekday-4-short","$v":"Tor"},{"$i":"weekday-5-short","$v":"Fre"},{"$i":"weekday-6-short","$v":"Lør"},{"$i":"month-0-long","$v":"Januar"},{"$i":"month-1-long","$v":"Februar"},{"$i":"month-2-long","$v":"Marts"},{"$i":"month-3-long","$v":"April"},{"$i":"month-4-long","$v":"Maj"},{"$i":"month-5-long","$v":"Juni"},{"$i":"month-6-long","$v":"Juli"},{"$i":"month-7-long","$v":"August"},{"$i":"month-8-long","$v":"September"},{"$i":"month-9-long","$v":"Oktober"},{"$i":"month-10-long","$v":"November"},{"$i":"month-11-long","$v":"December"},{"$i":"month-0-genitive","$v":"Januar"},{"$i":"month-1-genitive","$v":"Februar"},{"$i":"month-2-genitive","$v":"Marts"},{"$i":"month-3-genitive","$v":"April"},{"$i":"month-4-genitive","$v":"Maj"},{"$i":"month-5-genitive","$v":"Juni"},{"$i":"month-6-genitive","$v":"Juli"},{"$i":"month-7-genitive","$v":"August"},{"$i":"month-8-genitive","$v":"September"},{"$i":"month-9-genitive","$v":"Oktober"},{"$i":"month-10-genitive","$v":"November"},{"$i":"month-11-genitive","$v":"December"},{"$i":"month-0-short","$v":"Jan"},{"$i":"month-1-short","$v":"Feb"},{"$i":"month-2-short","$v":"Mar"},{"$i":"month-3-short","$v":"Apr"},{"$i":"month-4-short","$v":"Maj"},{"$i":"month-5-short","$v":"Jun"},{"$i":"month-6-short","$v":"Jul"},{"$i":"month-7-short","$v":"Aug"},{"$i":"month-8-short","$v":"Sep"},{"$i":"month-9-short","$v":"Okt"},{"$i":"month-10-short","$v":"Nov"},{"$i":"month-11-short","$v":"Dec"},{"$i":"minutes-ago-long","$v":{"few":[{"t":"idOrVar","v":"value"}," minutter siden"],"many":[{"t":"idOrVar","v":"value"}," minutter siden"],"one":"et minut siden","other":[{"t":"idOrVar","v":"value"}," minutter siden"],"two":[{"t":"idOrVar","v":"value"}," minutter siden"],"zero":"lige nu"},"$x":[{"t":"idOrVar","v":"plural"},"value"]},{"$i":"hours-ago-long","$v":{"few":[{"t":"idOrVar","v":"value"}," timer siden"],"many":[{"t":"idOrVar","v":"value"}," timer siden"],"one":"for en time siden","other":[{"t":"idOrVar","v":"value"}," timer siden"],"two":[{"t":"idOrVar","v":"value"}," timer siden"],"zero":"lige nu"},"$x":[{"t":"idOrVar","v":"plural"},"value"]},{"$i":"days-ago-long","$v":{"few":[{"t":"idOrVar","v":"value"}," dage siden"],"many":[{"t":"idOrVar","v":"value"}," dage siden"],"one":"i går","other":[{"t":"idOrVar","v":"value"}," dage siden"],"two":[{"t":"idOrVar","v":"value"}," dage siden"],"zero":"i dag"},"$x":[{"t":"idOrVar","v":"plural"},"value"]},{"$i":"weeks-ago-long","$v":{"few":[{"t":"idOrVar","v":"value"}," uger siden"],"many":[{"t":"idOrVar","v":"value"}," uger siden"],"one":"sidste uge","other":[{"t":"idOrVar","v":"value"}," uger siden"],"two":[{"t":"idOrVar","v":"value"}," uger siden"],"zero":"denne uge"},"$x":[{"t":"idOrVar","v":"plural"},"value"]},{"$i":"months-ago-long","$v":{"few":[{"t":"idOrVar","v":"value"}," måneder siden"],"many":[{"t":"idOrVar","v":"value"}," måneder siden"],"one":"sidste måned","other":[{"t":"idOrVar","v":"value"}," måneder siden"],"two":[{"t":"idOrVar","v":"value"}," måneder siden"],"zero":"denne måned"},"$x":[{"t":"idOrVar","v":"plural"},"value"]},{"$i":"years-ago-long","$v":{"few":[{"t":"idOrVar","v":"value"}," år siden"],"many":[{"t":"idOrVar","v":"value"}," år siden"],"one":"sidste år","other":[{"t":"idOrVar","v":"value"}," år siden"],"two":[{"t":"idOrVar","v":"value"}," år siden"],"zero":"i år"},"$x":[{"t":"idOrVar","v":"plural"},"value"]},{"$i":"minutes-until-long","$v":{"few":["om ",{"t":"idOrVar","v":"value"}," minutter"],"many":["om ",{"t":"idOrVar","v":"value"}," minutter"],"one":"om et minut","other":["om ",{"t":"idOrVar","v":"value"}," minutter"],"two":["om ",{"t":"idOrVar","v":"value"}," minutter"],"zero":"nu"},"$x":[{"t":"idOrVar","v":"plural"},"value"]},{"$i":"hours-until-long","$v":{"few":["om ",{"t":"idOrVar","v":"value"}," timer"],"many":["om ",{"t":"idOrVar","v":"value"}," timer"],"one":"om en time","other":["om ",{"t":"idOrVar","v":"value"}," timer"],"two":["om ",{"t":"idOrVar","v":"value"}," timer"],"zero":"nu"},"$x":[{"t":"idOrVar","v":"plural"},"value"]},{"$i":"days-until-long","$v":{"few":["om ",{"t":"idOrVar","v":"value"}," dage"],"many":["om ",{"t":"idOrVar","v":"value"}," dage"],"one":"i morgen","other":["om ",{"t":"idOrVar","v":"value"}," dage"],"two":["om ",{"t":"idOrVar","v":"value"}," dage"],"zero":"i dag"},"$x":[{"t":"idOrVar","v":"plural"},"value"]},{"$i":"weeks-until-long","$v":{"few":["om ",{"t":"idOrVar","v":"value"}," uger"],"many":["om ",{"t":"idOrVar","v":"value"}," uger"],"one":"næste uge","other":["om ",{"t":"idOrVar","v":"value"}," uger"],"two":["om ",{"t":"idOrVar","v":"value"}," uger"],"zero":"denne uge"},"$x":[{"t":"idOrVar","v":"plural"},"value"]},{"$i":"months-until-long","$v":{"few":["om ",{"t":"idOrVar","v":"value"}," måneder"],"many":["om ",{"t":"idOrVar","v":"value"}," måneder"],"one":"næste måned","other":["om ",{"t":"idOrVar","v":"value"}," måneder"],"two":["om ",{"t":"idOrVar","v":"value"}," måneder"],"zero":"denne måned"},"$x":[{"t":"idOrVar","v":"plural"},"value"]},{"$i":"years-until-long","$v":{"few":["om ",{"t":"idOrVar","v":"value"}," år"],"many":["om ",{"t":"idOrVar","v":"value"}," år"],"one":"næste år","other":["om ",{"t":"idOrVar","v":"value"}," år"],"two":["om ",{"t":"idOrVar","v":"value"}," år"],"zero":"i år"},"$x":[{"t":"idOrVar","v":"plural"},"value"]},{"$i":"minutes-ago-short","$v":{"other":[{"t":"idOrVar","v":"value"},"m siden"],"zero":"lige nu"},"$x":[{"t":"idOrVar","v":"plural"},"value"]},{"$i":"hours-ago-short","$v":{"other":[{"t":"idOrVar","v":"value"},"t siden"],"zero":"lige nu"},"$x":[{"t":"idOrVar","v":"plural"},"value"]},{"$i":"days-ago-short","$v":{"other":[{"t":"idOrVar","v":"value"},"d siden"],"zero":"i dag"},"$x":[{"t":"idOrVar","v":"plural"},"value"]},{"$i":"minutes-until-short","$v":{"other":["om ",{"t":"idOrVar","v":"value"},"m"],"zero":"nu"},"$x":[{"t":"idOrVar","v":"plural"},"value"]},{"$i":"hours-until-short","$v":{"other":["om ",{"t":"idOrVar","v":"value"},"t"],"zero":"nu"},"$x":[{"t":"idOrVar","v":"plural"},"value"]},{"$i":"days-until-short","$v":{"other":["om ",{"t":"idOrVar","v":"value"},"d"],"zero":"i dag"},"$x":[{"t":"idOrVar","v":"plural"},"value"]},{"$i":"incorrectDate","$v":"(forkert dato)"},{"$i":"dateTimeFormat_%c","$v":"%a %b %e %Y %I:%M:%S %p"},{"$i":"dateTimeFormat_%x","$v":"%m/%d/%Y"},{"$i":"dateTimeFormat_%X","$v":"%I:%M:%S %p"},{"$i":"shortTimeFormat","$v":"%I:%M %p"},{"$i":"shortTimeFormat12","$v":"%I:%M %p"},{"$i":"shortTimeFormat24","$v":"%H:%M"},{"$i":"shortDateTimeFormat","$v":"%x %I:%M %p"},{"$i":"weekStartsOnMonday","$v":"0.0"},{"$i":"firstDayOfTheWeek","$v":"1.0"},{"$i":"time_am","$v":"AM"},{"$i":"time_pm","$v":"PM"}]