[{"$i":"search-or-enter-address","placeholder":"Adresse suchen oder eingeben"},{"$i":"delete-title","$v":["Löschen ",{"t":"idOrVar","v":"name"}]},{"$i":"delete-body","$v":[{"t":"idOrVar","v":"name"}," und alle dazugehörigen Daten werden gelöscht."]},{"$i":"delete","$v":"Löschen"},{"$i":"cancel","$v":"Abbrechen"},{"$i":"apps","$v":"Anwendungen"},{"$i":"menu","$v":"Menü"},{"$i":"notifications","$v":"Hinweise"},{"$i":"camera","$v":"Kamera"},{"$i":"speed-dial","$v":"Kurzwahl"},{"$i":"select","$v":"Auswählen"},{"$i":"move","$v":"Verschieben"},{"$i":"ok","$v":"OK"},{"$i":"set","$v":"Festlegen"},{"$i":"edit","$v":"Bearbeiten"},{"$i":"call","$v":"Anruf"},{"$i":"message","$v":"Mitteilung"},{"$i":"options","$v":"Optionen"},{"$i":"assign","$v":"Zuweisen"},{"$i":"remove","$v":"Entfernen"},{"$i":"replace","$v":"Ersetzen"},{"$i":"more","$v":"Mehr"},{"$i":"settings","$v":"Einstellungen"},{"$i":"contacts","$v":"Kontakte"},{"$i":"list-view","$v":"Listenansicht"},{"$i":"grid-view","$v":"Rasteransicht"},{"$i":"single-view","$v":"Einzelansicht"},{"$i":"skip","$v":"Ohne"},{"$i":"shortcuts","$v":"Verknüpfungen"},{"$i":"next","$v":"Weiter"},{"$i":"back","$v":"Zurück"},{"$i":"memory-cleaner","$v":"Speicherbereinigung"},{"$i":"open","$v":"OPEN"},{"$i":"voicemail","$v":"Mailbox"},{"$i":"speed-dial-not-empty","ariaLabel":[{"t":"idOrVar","v":"order"},", ",{"t":"idOrVar","v":"name"}]},{"$i":"speed-dial-empty","ariaLabel":[{"t":"idOrVar","v":"order"},", leer"]},{"$i":"remove-speed-dial","$v":["Möchten Sie ",{"t":"idOrVar","v":"name"}," wirklich aus der Kurzwahl entfernen?"]},{"$i":"replace-speed-dial","$v":["Möchten Sie ",{"t":"idOrVar","v":"name"}," wirklich durch ",{"t":"idOrVar","v":"subName"}," ersetzen?"]},{"$i":"assign-speed-dial","$v":["Kontakt wurde nicht als Kurzwahl zu Taste ",{"t":"idOrVar","v":"n"}," hinzugefügt.Jetzt zuweisen?"]},{"$i":"assign-voicemail","$v":"Mailboxnummer wurde nicht festgelegt."},{"$i":"alert-for-contacts-without-number","$v":"Keine Kontakte mit Telefonnummer verfügbar."},{"$i":"option-remove","$v":"Aus Kurzwahl entfernen"},{"$i":"option-replace","$v":"Ersetzen"},{"$i":"all-apps","$v":"Alle Apps"},{"$i":"uninstall","$v":"Deinstallieren"},{"$i":"confirm-to-uninstall-app","$v":[{"t":"idOrVar","v":"appName"}," deinstallieren?"]},{"$i":"confirm-to-unpin-bookmark","$v":"Die Website lösen?"},{"$i":"unpin","$v":"Lösen"},{"$i":"rename","$v":"Umbenennen"},{"$i":"title","$v":"Titel"},{"$i":"add-to-existing-contact","$v":"Zu vorhandenem Kontakt hinzufügen"},{"$i":"create-new-contact","$v":"Neuen Kontakt erstellen"},{"$i":"sending","$v":"Wird gesendet..."},{"$i":"video-call","$v":"Videoanruf"},{"$i":"rtt-call","$v":"RTT-Anruf"},{"$i":"callAirplaneModeTitle","$v":"Flugmodus aktiviert"},{"$i":"callAirplaneModeMessage","$v":"Um einen Anruf zu tätigen, müssen Sie den Flugmodus unter „Einstellungen“ deaktivieren."},{"$i":"emergencyDialogTitle","$v":"Keine Netzwerkverbindung"},{"$i":"emergencyDialogBodyBadNumber","$v":"Um einen Anruf zu tätigen, muss das Telefon mit einem Netzwerk verbunden sein."},{"$i":"emergencyDialogBodyDeviceNotAccepted","$v":"Notrufe werden vom Netzwerk nicht gestattet."},{"$i":"invalidNumberToDialTitle","$v":"Ungültige Telefonnummer"},{"$i":"invalidNumberToDialMessage","$v":"Die von Ihnen gewählte Telefonnummer ist ungültig."},{"$i":"emergency-call-only","$v":"Nur Notruf"},{"$i":"emergency-call-error","$v":[{"t":"idOrVar","v":"number"}," ist keine Notrufnummer."]},{"$i":"numberIsBusyTitle","$v":"Rufnummer ist besetzt"},{"$i":"numberIsBusyMessage","$v":"Die gewählte Rufnummer ist momentan besetzt. Versuchen Sie es später erneut."},{"$i":"fdnIsActiveTitle","$v":"FDN aktiviert"},{"$i":"fdnIsActiveMessage","$v":["Rufnummernbeschränkung (Fixed Dialing Numbers, FDN) ist aktiviert und folgende Nummer ist nicht in Ihrer FDN-Liste enthalten: ",{"t":"idOrVar","v":"number"}]},{"$i":"otherConnectionInUseTitle","$v":"Andere Verbindung aktiv"},{"$i":"otherConnectionInUseMessage","$v":"Sie haben einen aktiven Anruf auf einer anderen Verbindung. Sie können nur eine Verbindung zur Zeit verwenden."},{"$i":"GenericFailure","$v":"Allgemeiner Fehler"},{"$i":"CallFailed","$v":"Anruf fehlgeschlagen"},{"$i":"scCallBarring","$v":"Anrufsperre"},{"$i":"scCallForwarding","$v":"Rufumleitung"},{"$i":"scClip","$v":"Anrufer-ID bei eingehendem Anruf"},{"$i":"scClir","$v":"Anrufer-ID bei abgehendem Anruf"},{"$i":"scPwd","$v":"Passwort ändern"},{"$i":"scCallWaiting","$v":"Anklopfen"},{"$i":"scPin","$v":"PIN geändert"},{"$i":"scPin2","$v":"PIN2 geändert"},{"$i":"scPuk","$v":"PIN entsperren"},{"$i":"scPuk2","$v":"PIN2 entsperren"},{"$i":"scImei","$v":"IMEI"},{"$i":"scMeid","$v":"MEID"},{"$i":"scUssd","$v":"USSD"},{"$i":"deviceIsUnlocked","$v":"Gerät entsperrt"},{"$i":"simUnlockCodeAccepted","$v":"SIM-Entsperrcode akzeptiert"},{"$i":"simUnlockCodeFailed","$v":"Super-Entsperrung fehlgeschlagen"},{"$i":"personal","$v":"Persönlich"},{"$i":"mobile","$v":"Mobil"},{"$i":"home","$v":"Startbildschirm-Taste"},{"$i":"work","$v":"Geschäftlich"},{"$i":"fax-home","$v":"Fax (privat)"},{"$i":"fax-office","$v":"Fax (geschäftlich)"},{"$i":"fax-other","$v":"Weiteres Fax"},{"$i":"noSimCard","$v":"Keine SIM-Karte"},{"$i":"noService","$v":"Kein Dienst"},{"$i":"lockedSim","$v":"Gesperrte SIM"},{"$i":"airplaneMode","$v":"Flugmodus"},{"$i":"wifi-calling","$v":"WLAN-Anruf"},{"$i":"homescreen-settings","$v":"Startbildschirm-Einstellungen"},{"$i":"change-wallpaper","$v":"Hintergrund ändern"},{"$i":"add-smart-collections","$v":"Smart Collections hinzufügen"},{"$i":"edit-mode","$v":"Bearbeiten"},{"$i":"edit-done","$v":"Fertig"},{"$i":"tutorial-for-side-menu-1","$v":["Drücken Sie die ",{"t":"idOrVar","v":"left"},"-Taste, um die Anwendungen links aufzurufen."]},{"$i":"tutorial-for-instant-settings-1","$v":["Drücken Sie die ",{"t":"idOrVar","v":"up"},"-Taste, um häufig verwendete Einstellungen aufzurufen."]},{"$i":"tutorial-for-notices","$v":"Zum Anzeigen neuer Notizen rechte Taste drücken."},{"$i":"tutorial-for-google-assistant-1","$v":[{"t":"idOrVar","v":"microphone"}," berühren und halten: Sprechen."]},{"$i":"tutorial-for-voice-input-1","$v":[{"t":"idOrVar","v":"microphone"}," berühren und halten: Eingabe im Textfeld."]},{"$i":"tutorial-for-find-kaistore-2","$v":"Die KaiStore-Anwendung finden Sie auf der ersten Seite im Anwendungsmenü."},{"$i":"tutorial-for-left","$v":"LINKS"},{"$i":"tutorial-for-up","$v":"NACH OBEN"},{"$i":"stop-download-title","$v":[{"t":"idOrVar","v":"name"}," anhalten"]},{"$i":"stop-download-body","$v":"Möchten Sie den aktuellen Download wirklich anhalten?"},{"$i":"stop-download-action","$v":"Anhalten"},{"$i":"resume-download-title","$v":"Download neu starten"},{"$i":"resume-download-body","$v":["Möchten Sie ",{"t":"idOrVar","v":"name"}," herunterladen?"]},{"$i":"resume-download-action","$v":"Download"},{"$i":"edit-group-header","$v":"Gruppe ändern"},{"$i":"gaia-shortcut-app-updated","$v":"App wurde aktualisiert"},{"$i":"clocks-updated","$v":"Uhren wurden aktualisiert"},{"$i":"longDateFormat","$v":"%A, %B %e"},{"$i":"app-title","$v":"Meine Apps"},{"$i":"app-uninstall","$v":[{"t":"idOrVar","v":"name"}," wurde deinstalliert"]},{"$i":"confirmation","$v":"Bestätigung"},{"$i":"eccOnly","$v":"Emergency calls only"},{"$i":"emergencyCallsOnly","$v":"Emergency calls only"},{"$i":"searching","$v":"Suche läuft..."},{"$i":"clockDateFormat","$v":"%a, %e %b"},{"$i":"apn-sim1","$v":"APN Settings - SIM1"},{"$i":"apn-sim2","$v":"APN Settings - SIM2"},{"$i":"apnDefaultConfig","$v":"APN Default Config"},{"$i":"apn-defaultconfig-message","$v":"Set which type of apn to used"},{"$i":"apnConfigPostpay","$v":"Postpay APN"},{"$i":"apnConfigPrepay","$v":"Prepay APN"},{"$i":"qtn_sm_toast_set_ICE_first","$v":"Keine IN-Kontakte vorhanden. Legen Sie diese zunächst über die Kontakteinstellungen oder das Optionsmenü der IN-Informationen fest."},{"$i":"qtn_sm_toast_google_assist","$v":"Google Assistant durch Gedrückthalten oder zweimal Drücken aufrufen"},{"$i":"qtn_sm_toast_sos_call_msg","$v":"SOS-Anruf/SOS-Nachricht durch Gedrückthalten oder zweimal Drücken aufrufen"},{"$i":"nocard-eccOnly","$v":"No SIM card-Emergency calls only"},{"$i":"unusablecard-eccOnly","$v":"Unusable SIM card-Emergency calls only"},{"$i":"utilities","$v":"Versorgungsunternehmen"},{"$i":"games","$v":"Spiele"},{"$i":"toast-app-downloaded-to-folder","$v":[{"t":"idOrVar","v":"appName"}," wird in den Ordner „",{"t":"idOrVar","v":"folderName"},"“ heruntergeladen."]},{"$i":"notices-reminder-header","$v":"Erinnerung"},{"$i":"notices-reminder-content","$v":"Sie haben ungelesene Notizen. Prüfen Sie die Notizen, damit Ihnen keine wichtige Informationen entgehen."},{"$i":"toast-need-update-app","$v":"Aktualisieren Sie die Anwendung auf die neueste Version, um den Vorgang über die JioStore-Anwendung fortzusetzen."},{"$i":"call-forwarding-async","$v":["Nicht synchron: ",{"t":"idOrVar","v":"async"}]},{"$i":"call-forwarding-data","$v":["Daten: ",{"t":"idOrVar","v":"data"}]},{"$i":"call-forwarding-error","$v":"Beim Abrufen des Rufumleitungsstatus ist ein Fehler aufgetreten."},{"$i":"call-forwarding-fax","$v":["FAX: ",{"t":"idOrVar","v":"fax"}]},{"$i":"call-forwarding-inactive","$v":"Inaktiv"},{"$i":"call-forwarding-packet","$v":["Paket: ",{"t":"idOrVar","v":"packet"}]},{"$i":"call-forwarding-pad","$v":["PAD: ",{"t":"idOrVar","v":"pad"}]},{"$i":"call-forwarding-sms","$v":["SMS: ",{"t":"idOrVar","v":"sms"}]},{"$i":"call-forwarding-status","$v":"Rufumleitungsstatus"},{"$i":"call-forwarding-sync","$v":["Synchron: ",{"t":"idOrVar","v":"sync"}]},{"$i":"call-forwarding-voice","$v":["Stimme: ",{"t":"idOrVar","v":"voice"}]},{"$i":"call-forwarding-voice-after-seconds","$v":["Spracheumleitung: ",{"t":"idOrVar","v":"voice"}," nach ",{"t":"idOrVar","v":"timeSeconds"}," Sekunden"]},{"$i":"fihVersion","$v":"FIH Version"},{"$i":"serviceClassVoice","$v":"Sprache"},{"$i":"serviceClassData","$v":"Daten"},{"$i":"serviceClassFax","$v":"FAX"},{"$i":"serviceClassSms","$v":"SMS"},{"$i":"serviceClassDataSync","$v":"Sync"},{"$i":"serviceClassDataAsync","$v":"Async"},{"$i":"serviceClassPacket","$v":"Paket"},{"$i":"serviceClassPad","$v":"PAD"},{"$i":"smServiceEnabled","$v":"Dienst aktiviert"},{"$i":"smServiceDisabled","$v":"Dienst deaktiviert"},{"$i":"smServiceRegistered","$v":"Registrierung erfolgreich"},{"$i":"smServiceErased","$v":"Löschen erfolgreich"},{"$i":"smServiceInterrogated","$v":"Anforderung erfolgreich"},{"$i":"smServiceNotProvisioned","$v":"Dienst nicht bereitgestellt"},{"$i":"smClirPermanent","$v":"Sie können die Einstellung für die Anrufer-ID nicht ändern."},{"$i":"smClirDefaultOnNextCallOn","$v":"Rufnummer ist standardmäßig ausgeblendet. Nächster Anruf: wird ausgeblendet"},{"$i":"smClirDefaultOnNextCallOff","$v":"Rufnummer ist standardmäßig ausgeblendet. Nächster Anruf: wird übertragen"},{"$i":"smClirDefaultOffNextCallOn","$v":"Rufnummer wird standardmäßig angezeigt. Nächster Anruf: ausgeblendet"},{"$i":"smClirDefaultOffNextCallOff","$v":"Rufnummer wird standardmäßig angezeigt. Nächster Anruf: wird übertragen"},{"$i":"smServiceEnabledFor","$v":"Dienst aktiviert für:"},{"$i":"smPinChanged","$v":"PIN erfolgreich geändert"},{"$i":"smPinUnblocked","$v":"PIN erfolgreich entsperrt"},{"$i":"smPin2Changed","$v":"PIN2 erfolgreich geändert"},{"$i":"smPin2Unblocked","$v":"PIN2 erfolgreich entsperrt"},{"$i":"ServiceIsEnabled","$v":"Dienst aktiviert"},{"$i":"ServiceIsDisabled","$v":"Dienst deaktiviert"},{"$i":"ServiceIsEnabledFor","$v":"Dienst aktiviert für:"},{"$i":"emMmiError","$v":"Verbindungsproblem oder ungültiger MMI-Code"},{"$i":"emMmiErrorPasswordIncorrect","$v":"Falsches Passwort"},{"$i":"emMmiErrorNotSupported","$v":"Ungültiger oder nicht unterstützter MMI-Code"},{"$i":"emMmiErrorInvalidAction","$v":"Ungültige Aktion"},{"$i":"emMmiErrorInvalidScCode","$v":"Ungültiger Servicecode"},{"$i":"emMmiErrorBadPuk","$v":"Die eingegebene PUK ist nicht korrekt"},{"$i":"emMmiErrorBadPin","$v":"Die eingegebene alte PIN ist nicht korrekt."},{"$i":"emMmiErrorNeedPuk2","$v":"Geben Sie zum Entsperren der SIM-Karte die PUK2 ein."},{"$i":"emMmiErrorMismatchPin","$v":"Die eingegebenen PINs stimmen nicht überein."},{"$i":"emMmiErrorInvalidPin","$v":"Geben Sie eine PIN mit 4 bis 8 Ziffern ein."},{"$i":"emMmiErrorNeedsPuk","$v":"Ihre SIM-Karte ist durch PUK gesperrt."},{"$i":"emMmiErrorEnablePin","$v":"Fehlgeschlagen. SIM-/RUIM-SPERRE aktivieren"},{"$i":"emMmiErrorMmiFdn","$v":"Der Vorgang ist nur für Ihre zugelassenen Rufnummern möglich."},{"$i":"emMmiErrorStkCcUssdDial","$v":"USSD-Anforderung wird in DIAL-Anforderung geändert"},{"$i":"emMmiErrorStkCcUssdSs","$v":"USSD-Anforderung wird in SS-Anforderung geändert"},{"$i":"emMmiErrorStkCcUssdUssd","$v":"USSD-Anforderung wird in neue USSD-Anforderung geändert"},{"$i":"emMmiErrorStkCcSsDial","$v":"SS-Anforderung wird in DIAL-Anforderung geändert"},{"$i":"emMmiErrorStkCcSsUssd","$v":"SS-Anforderung wird in USSD-Anforderung geändert"},{"$i":"emMmiErrorStkCcSsSs","$v":"SS-Anforderung wird in neue SS-Anforderung geändert"},{"$i":"emMmiErrorPinPukAttempts","$v":{"few":[{"t":"idOrVar","v":"n"}," Wiederholungen verbleibend"],"many":[{"t":"idOrVar","v":"n"}," Wiederholungen verbleibend"],"one":["Nur ",{"t":"idOrVar","v":"n"}," Wiederholung verbleibend"],"other":[{"t":"idOrVar","v":"n"}," Wiederholungen verbleibend"],"two":[{"t":"idOrVar","v":"n"}," Wiederholungen verbleibend"]},"$x":[{"t":"idOrVar","v":"plural"},"n"]},{"$i":"emMmiErrorSimBlocked","$v":"Maximale Anzahl an Wiederholungen überschritten. SIM blockiert."},{"$i":"RadioNotAvailable","$v":"Radio nicht verfügbar"},{"$i":"PasswordIncorrect","$v":"Passwort nicht korrekt"},{"$i":"SimPin2","$v":"SIM-PIN2"},{"$i":"SimPuk2","$v":"SIM PUK2"},{"$i":"RequestNotSupported","$v":"Anforderung nicht unterstützt"},{"$i":"OpNotAllowedDuringVoiceCall","$v":"Vorgang bei Sprachanruf nicht zulässig"},{"$i":"SmsSendFailRetry","$v":"Fehler beim Senden von SMS. Erneut versuchen?"},{"$i":"SimAbsent","$v":"SIM nicht vorhanden"},{"$i":"SubscriptionNotAvailable","$v":"Abonnement nicht verfügbar"},{"$i":"ModeNotSupported","$v":"Modus nicht unterstützt"},{"$i":"FdnCheckFailure","$v":"Fehler bei Prüfung der Rufnummernbeschränkung"},{"$i":"IllegalSimOrMe","$v":"Ungültige SIM oder ME"},{"$i":"DialModifiedToUssd","$v":"Dial modified to USSD"},{"$i":"DialModifiedToSs","$v":"Dial modified to SS"},{"$i":"DialModifiedToDial","$v":"Dial modified to dial"},{"$i":"UssdModifiedToDial","$v":"USSD geändert in Wählen"},{"$i":"UssdModifiedToSs","$v":"USSD geändert in SS"},{"$i":"UssdModifiedToUssd","$v":"USSD geändert in USSD"},{"$i":"SsModifiedToDial","$v":"SS geändert in Wählen"},{"$i":"SsModifiedToUssd","$v":"SS geändert in USSD"},{"$i":"SsModifiedToSs","$v":"SS geändert in SS"},{"$i":"SubscriptionNotSupported","$v":"Abonnement nicht unterstützt"},{"$i":"InvalidParameter","$v":"Ungültiger Parameter"},{"$i":"RejectedByRemote","$v":"Per Fernzugriff abgelehnt"},{"$i":"GetEmptyUssdPrompt","$v":"Ungültige Antwort erhalten."},{"$i":"ice-latitude","$v":"breitengrad"},{"$i":"ice-longitude","$v":"längengrad"},{"$i":"sim-with-index-and-carrier","$v":["SIM ",{"t":"idOrVar","v":"index"}," - ",{"t":"idOrVar","v":"carrier"}]},{"$i":"sim-without-carrier","$v":["SIM ",{"t":"idOrVar","v":"index"}]},{"$i":"label","$v":"Bezeichnung"},{"$i":"faxHome","$v":"Fax (privat)"},{"$i":"faxOffice","$v":"Fax (geschäftlich)"},{"$i":"faxOther","$v":"Weiteres Fax"},{"$i":"another","$v":"Weitere"},{"$i":"other","$v":"Andere"},{"$i":"customTag","$v":"Benutzerdefiniertes Tag","placeholder":"Benutzerdefiniertes Tag"},{"$i":"current","$v":"Aktuell"},{"$i":"itemWithLabel","$v":[{"t":"idOrVar","v":"label"},", ",{"t":"idOrVar","v":"item"}]},{"$i":"weekday-0-long","$v":"Sonntag"},{"$i":"weekday-1-long","$v":"Montag"},{"$i":"weekday-2-long","$v":"Dienstag"},{"$i":"weekday-3-long","$v":"Mittwoch"},{"$i":"weekday-4-long","$v":"Donnerstag"},{"$i":"weekday-5-long","$v":"Freitag"},{"$i":"weekday-6-long","$v":"Samstag"},{"$i":"weekday-0-short","$v":"So"},{"$i":"weekday-1-short","$v":"Mo"},{"$i":"weekday-2-short","$v":"Di"},{"$i":"weekday-3-short","$v":"Mi"},{"$i":"weekday-4-short","$v":"Do"},{"$i":"weekday-5-short","$v":"Fr"},{"$i":"weekday-6-short","$v":"Sa"},{"$i":"month-0-long","$v":"Januar"},{"$i":"month-1-long","$v":"Februar"},{"$i":"month-2-long","$v":"März"},{"$i":"month-3-long","$v":"April"},{"$i":"month-4-long","$v":"Mai"},{"$i":"month-5-long","$v":"Juni"},{"$i":"month-6-long","$v":"Juli"},{"$i":"month-7-long","$v":"August"},{"$i":"month-8-long","$v":"September"},{"$i":"month-9-long","$v":"Oktober"},{"$i":"month-10-long","$v":"November"},{"$i":"month-11-long","$v":"Dezember"},{"$i":"month-0-genitive","$v":"Januar"},{"$i":"month-1-genitive","$v":"Februar"},{"$i":"month-2-genitive","$v":"März"},{"$i":"month-3-genitive","$v":"April"},{"$i":"month-4-genitive","$v":"Mai"},{"$i":"month-5-genitive","$v":"Juni"},{"$i":"month-6-genitive","$v":"Juli"},{"$i":"month-7-genitive","$v":"August"},{"$i":"month-8-genitive","$v":"September"},{"$i":"month-9-genitive","$v":"Oktober"},{"$i":"month-10-genitive","$v":"November"},{"$i":"month-11-genitive","$v":"Dezember"},{"$i":"month-0-short","$v":"Jan"},{"$i":"month-1-short","$v":"Feb"},{"$i":"month-2-short","$v":"Mär"},{"$i":"month-3-short","$v":"Apr"},{"$i":"month-4-short","$v":"Mai"},{"$i":"month-5-short","$v":"Jun"},{"$i":"month-6-short","$v":"Jul"},{"$i":"month-7-short","$v":"Aug"},{"$i":"month-8-short","$v":"Sep"},{"$i":"month-9-short","$v":"Okt"},{"$i":"month-10-short","$v":"Nov"},{"$i":"month-11-short","$v":"Dez"},{"$i":"minutes-ago-long","$v":{"few":["vor ",{"t":"idOrVar","v":"value"}," Minuten"],"many":["vor ",{"t":"idOrVar","v":"value"}," Minuten"],"one":"vor einer Minute","other":["vor ",{"t":"idOrVar","v":"value"}," Minuten"],"two":["vor ",{"t":"idOrVar","v":"value"}," Minuten"],"zero":"genau jetzt"},"$x":[{"t":"idOrVar","v":"plural"},"value"]},{"$i":"hours-ago-long","$v":{"few":["vor ",{"t":"idOrVar","v":"value"}," Stunden"],"many":["vor ",{"t":"idOrVar","v":"value"}," Stunden"],"one":"vor einer Stunde","other":["vor ",{"t":"idOrVar","v":"value"}," Stunden"],"two":["vor ",{"t":"idOrVar","v":"value"}," Stunden"],"zero":"genau jetzt"},"$x":[{"t":"idOrVar","v":"plural"},"value"]},{"$i":"days-ago-long","$v":{"few":["vor ",{"t":"idOrVar","v":"value"}," Tagen"],"many":["vor ",{"t":"idOrVar","v":"value"}," Tagen"],"one":"gestern","other":["vor ",{"t":"idOrVar","v":"value"}," Tagen"],"two":["vor ",{"t":"idOrVar","v":"value"}," Tagen"],"zero":"heute"},"$x":[{"t":"idOrVar","v":"plural"},"value"]},{"$i":"weeks-ago-long","$v":{"few":["vor ",{"t":"idOrVar","v":"value"}," Wochen"],"many":["vor ",{"t":"idOrVar","v":"value"}," Wochen"],"one":"letzte Woche","other":["vor ",{"t":"idOrVar","v":"value"}," Wochen"],"two":["vor ",{"t":"idOrVar","v":"value"}," Wochen"],"zero":"diese Woche"},"$x":[{"t":"idOrVar","v":"plural"},"value"]},{"$i":"months-ago-long","$v":{"few":["vor ",{"t":"idOrVar","v":"value"}," Monaten"],"many":["vor ",{"t":"idOrVar","v":"value"}," Monaten"],"one":"letzter Monat","other":["vor ",{"t":"idOrVar","v":"value"}," Monaten"],"two":["vor ",{"t":"idOrVar","v":"value"}," Monaten"],"zero":"diesen Monat"},"$x":[{"t":"idOrVar","v":"plural"},"value"]},{"$i":"years-ago-long","$v":{"few":["vor ",{"t":"idOrVar","v":"value"}," Jahren"],"many":["vor ",{"t":"idOrVar","v":"value"}," Jahren"],"one":"letztes Jahr","other":["vor ",{"t":"idOrVar","v":"value"}," Jahren"],"two":["vor ",{"t":"idOrVar","v":"value"}," Jahren"],"zero":"dieses Jahr"},"$x":[{"t":"idOrVar","v":"plural"},"value"]},{"$i":"minutes-until-long","$v":{"few":["in ",{"t":"idOrVar","v":"value"}," Minuten"],"many":["in ",{"t":"idOrVar","v":"value"}," Minuten"],"one":"in einer Minute","other":["in ",{"t":"idOrVar","v":"value"}," Minuten"],"two":["in ",{"t":"idOrVar","v":"value"}," Minuten"],"zero":"jetzt"},"$x":[{"t":"idOrVar","v":"plural"},"value"]},{"$i":"hours-until-long","$v":{"few":["in ",{"t":"idOrVar","v":"value"}," Stunden"],"many":["in ",{"t":"idOrVar","v":"value"}," Stunden"],"one":"in einer Stunde","other":["in ",{"t":"idOrVar","v":"value"}," Stunden"],"two":["in ",{"t":"idOrVar","v":"value"}," Stunden"],"zero":"jetzt"},"$x":[{"t":"idOrVar","v":"plural"},"value"]},{"$i":"days-until-long","$v":{"few":["in ",{"t":"idOrVar","v":"value"}," Tagen"],"many":["in ",{"t":"idOrVar","v":"value"}," Tagen"],"one":"morgen","other":["in ",{"t":"idOrVar","v":"value"}," Tagen"],"two":["in ",{"t":"idOrVar","v":"value"}," Tagen"],"zero":"heute"},"$x":[{"t":"idOrVar","v":"plural"},"value"]},{"$i":"weeks-until-long","$v":{"few":["in ",{"t":"idOrVar","v":"value"}," Wochen"],"many":["in ",{"t":"idOrVar","v":"value"}," Wochen"],"one":"nächste Woche","other":["in ",{"t":"idOrVar","v":"value"}," Wochen"],"two":["in ",{"t":"idOrVar","v":"value"}," Wochen"],"zero":"diese Woche"},"$x":[{"t":"idOrVar","v":"plural"},"value"]},{"$i":"months-until-long","$v":{"few":["in ",{"t":"idOrVar","v":"value"}," Monaten"],"many":["in ",{"t":"idOrVar","v":"value"}," Monaten"],"one":"im nächsten Monat","other":["in ",{"t":"idOrVar","v":"value"}," Monaten"],"two":["in ",{"t":"idOrVar","v":"value"}," Monaten"],"zero":"diesen Monat"},"$x":[{"t":"idOrVar","v":"plural"},"value"]},{"$i":"years-until-long","$v":{"few":["in ",{"t":"idOrVar","v":"value"}," Jahren"],"many":["in ",{"t":"idOrVar","v":"value"}," Jahren"],"one":"nächstes Jahr","other":["in ",{"t":"idOrVar","v":"value"}," Jahren"],"two":["in ",{"t":"idOrVar","v":"value"}," Jahren"],"zero":"dieses Jahr"},"$x":[{"t":"idOrVar","v":"plural"},"value"]},{"$i":"minutes-ago-short","$v":{"other":["vor ",{"t":"idOrVar","v":"value"}," Std."],"zero":"genau jetzt"},"$x":[{"t":"idOrVar","v":"plural"},"value"]},{"$i":"hours-ago-short","$v":{"other":["vor ",{"t":"idOrVar","v":"value"}," Std."],"zero":"genau jetzt"},"$x":[{"t":"idOrVar","v":"plural"},"value"]},{"$i":"days-ago-short","$v":{"other":["vor ",{"t":"idOrVar","v":"value"}," Tag"],"zero":"heute"},"$x":[{"t":"idOrVar","v":"plural"},"value"]},{"$i":"minutes-until-short","$v":{"other":["in ",{"t":"idOrVar","v":"value"}," Min."],"zero":"jetzt"},"$x":[{"t":"idOrVar","v":"plural"},"value"]},{"$i":"hours-until-short","$v":{"other":["in ",{"t":"idOrVar","v":"value"}," Std."],"zero":"jetzt"},"$x":[{"t":"idOrVar","v":"plural"},"value"]},{"$i":"days-until-short","$v":{"other":["in ",{"t":"idOrVar","v":"value"}," Tag"],"zero":"heute"},"$x":[{"t":"idOrVar","v":"plural"},"value"]},{"$i":"incorrectDate","$v":"(falsches Datum)"},{"$i":"dateTimeFormat_%c","$v":"%a %b %e %Y %I:%M:%S %p"},{"$i":"dateTimeFormat_%x","$v":"%m/%d/%Y"},{"$i":"dateTimeFormat_%X","$v":"%I:%M:%S %p"},{"$i":"shortTimeFormat","$v":"%I:%M %p"},{"$i":"shortTimeFormat12","$v":"%I:%M %p"},{"$i":"shortTimeFormat24","$v":"%H:%M"},{"$i":"shortDateTimeFormat","$v":"%x %I:%M %p"},{"$i":"weekStartsOnMonday","$v":"0.0"},{"$i":"firstDayOfTheWeek","$v":"1.0"},{"$i":"time_am","$v":"AM"},{"$i":"time_pm","$v":"PM"}]