[{"$i":"search-or-enter-address","placeholder":"Hanapin o ilagay ang address"},{"$i":"delete-title","$v":["I-delete ang ",{"t":"idOrVar","v":"name"}]},{"$i":"delete-body","$v":["Made-delete ang ",{"t":"idOrVar","v":"name"}," at ang lahat ng data nito."]},{"$i":"delete","$v":"I-delete"},{"$i":"cancel","$v":"Kanselahin"},{"$i":"apps","$v":"Mga App"},{"$i":"menu","$v":"Menu"},{"$i":"notifications","$v":"Mga Abiso"},{"$i":"camera","$v":"Camera"},{"$i":"speed-dial","$v":"Speed Dial"},{"$i":"select","$v":"Piliin"},{"$i":"move","$v":"Ilipat"},{"$i":"ok","$v":"OK"},{"$i":"set","$v":"Itakda"},{"$i":"edit","$v":"I-edit"},{"$i":"call","$v":"Tawag"},{"$i":"message","$v":"Mensahe"},{"$i":"options","$v":"Mga Opsyon"},{"$i":"assign","$v":"Italaga"},{"$i":"remove","$v":"Alisin"},{"$i":"replace","$v":"Palitan"},{"$i":"more","$v":"Iba pa"},{"$i":"settings","$v":"Mga Setting"},{"$i":"contacts","$v":"Mga contact"},{"$i":"list-view","$v":"List View"},{"$i":"grid-view","$v":"Grid View"},{"$i":"single-view","$v":"Isahang View"},{"$i":"skip","$v":"Laktaw"},{"$i":"shortcuts","$v":"Mga shortcut"},{"$i":"next","$v":"Susunod"},{"$i":"back","$v":"Bumalik"},{"$i":"memory-cleaner","$v":"Memory Cleaner"},{"$i":"open","$v":"BUKSAN"},{"$i":"voicemail","$v":"Voicemail"},{"$i":"speed-dial-not-empty","ariaLabel":[{"t":"idOrVar","v":"order"},", ",{"t":"idOrVar","v":"name"}]},{"$i":"speed-dial-empty","ariaLabel":[{"t":"idOrVar","v":"order"},", walang laman"]},{"$i":"remove-speed-dial","$v":["Sigurado ka bang gusto mong alisin ang ",{"t":"idOrVar","v":"name"}," sa Speed Dial ?"]},{"$i":"replace-speed-dial","$v":["Sigurado ka bang gusto mong palitan ang ",{"t":"idOrVar","v":"name"}," ng ",{"t":"idOrVar","v":"subName"}," ?"]},{"$i":"assign-speed-dial","$v":["Hindi naidagdag ang contact bilang speed dial sa button na ",{"t":"idOrVar","v":"n"},". Italaga na?"]},{"$i":"assign-voicemail","$v":"Hindi naitakda ang numero ng Voice Mail."},{"$i":"alert-for-contacts-without-number","$v":"Walang available na contact na may numero ng telepono."},{"$i":"option-remove","$v":"Alisin sa Speed Dial"},{"$i":"option-replace","$v":"Palitan"},{"$i":"all-apps","$v":"Lahat ng app"},{"$i":"uninstall","$v":"I-uninstall"},{"$i":"confirm-to-uninstall-app","$v":["I-uninstall ang ",{"t":"idOrVar","v":"appName"}," na ito?"]},{"$i":"confirm-to-unpin-bookmark","$v":"I-unpin ang website?"},{"$i":"unpin","$v":"I-unpin"},{"$i":"rename","$v":"I-rename"},{"$i":"title","$v":"Pamagat"},{"$i":"add-to-existing-contact","$v":"Idagdag sa kasalukuyang contact"},{"$i":"create-new-contact","$v":"Gumawa ng bagong contact"},{"$i":"sending","$v":"Nagpapadala …"},{"$i":"video-call","$v":"Video call"},{"$i":"rtt-call","$v":"RTT call"},{"$i":"callAirplaneModeTitle","$v":"Na-activate ang Airplane mode"},{"$i":"callAirplaneModeMessage","$v":"Upang makatawag, kailangan mong i-disable ang airplane mode sa mga setting."},{"$i":"emergencyDialogTitle","$v":"Walang koneksyon sa network"},{"$i":"emergencyDialogBodyBadNumber","$v":"Upang makatawag, dapat maikonekta ang telepono sa isang network."},{"$i":"emergencyDialogBodyDeviceNotAccepted","$v":"Hindi pinapayagan ng network ang mga pang-emergency na tawag."},{"$i":"invalidNumberToDialTitle","$v":"Invalid na numero ng telepono"},{"$i":"invalidNumberToDialMessage","$v":"Hindi valid ang numero ng teleponong tinatawagan mo."},{"$i":"emergency-call-only","$v":"Pang-emergency na Tawag Lang"},{"$i":"emergency-call-error","$v":["Ang ",{"t":"idOrVar","v":"number"}," ay hindi isang pang-emergency na numero."]},{"$i":"numberIsBusyTitle","$v":"Busy ang numero"},{"$i":"numberIsBusyMessage","$v":"Kasalukuyang busy ang numero. Pakisubukang muli sa ibang pagkakataon."},{"$i":"fdnIsActiveTitle","$v":"Aktibo ang FDN"},{"$i":"fdnIsActiveMessage","$v":["Na-activate ang FDN (mga Fixed Dialling Number) at ang mga sumusunod na numero ay wala sa iyong listahan ng FDN: ",{"t":"idOrVar","v":"number"}]},{"$i":"otherConnectionInUseTitle","$v":"Ginagamit ang iba pang koneksyon"},{"$i":"otherConnectionInUseMessage","$v":"Mayroon kang aktibong tawag sa ibang koneksyon. Maaari ka lang gumamit ng isang koneksyon sa bawat sandali."},{"$i":"GenericFailure","$v":"Pangkaraniwang pagpalya"},{"$i":"CallFailed","$v":"Hindi nakatawag"},{"$i":"scCallBarring","$v":"Call barring"},{"$i":"scCallForwarding","$v":"Call forwarding"},{"$i":"scClip","$v":"Paparating na Caller ID"},{"$i":"scClir","$v":"Mga Papalabas na Caller ID"},{"$i":"scPwd","$v":"Nabago ang password"},{"$i":"scCallWaiting","$v":"Call waiting"},{"$i":"scPin","$v":"Pagpapalit ng PIN"},{"$i":"scPin2","$v":"Pagpapalit ng PIN2"},{"$i":"scPuk","$v":"I-unblock ang PIN"},{"$i":"scPuk2","$v":"I-unblock ang PIN2"},{"$i":"scImei","$v":"IMEI"},{"$i":"scMeid","$v":"MEID"},{"$i":"scUssd","$v":"USSD"},{"$i":"deviceIsUnlocked","$v":"Naka-unlock ang device"},{"$i":"simUnlockCodeAccepted","$v":"Tinanggap ang SIM unlock code"},{"$i":"simUnlockCodeFailed","$v":"Hindi matagumpay ang pag-unlock sa SIM"},{"$i":"personal","$v":"Personal"},{"$i":"mobile","$v":"Mobile"},{"$i":"home","$v":"Tahanan"},{"$i":"work","$v":"Trabaho"},{"$i":"fax-home","$v":"I-fax sa tahanan"},{"$i":"fax-office","$v":"I-fax sa opisina"},{"$i":"fax-other","$v":"I-fax sa iba pa"},{"$i":"noSimCard","$v":"Walang SIM card"},{"$i":"noService","$v":"Walang Serbisyo"},{"$i":"lockedSim","$v":"Naka-lock na SIM"},{"$i":"airplaneMode","$v":"Airplane Mode"},{"$i":"wifi-calling","$v":"Pagtawag gamit ang Wi-Fi"},{"$i":"homescreen-settings","$v":"Mga Setting ng Homescreen"},{"$i":"change-wallpaper","$v":"Palitan ang Wallpaper"},{"$i":"add-smart-collections","$v":"Magdagdag ng Mga Smart Collection"},{"$i":"edit-mode","$v":"I-edit"},{"$i":"edit-done","$v":"Tapos na"},{"$i":"tutorial-for-side-menu-1","$v":["Pindutin ang ",{"t":"idOrVar","v":"left"}," key para ma-access ang mga app sa kaliwa."]},{"$i":"tutorial-for-instant-settings-1","$v":["Pindutin ang ",{"t":"idOrVar","v":"up"}," key para sa mga karaniwang ginagamit na setting."]},{"$i":"tutorial-for-notices","$v":"Pindutin ang key na KANAN upang makita ang mga bagong notification."},{"$i":"tutorial-for-google-assistant-1","$v":["Pindutin nang matagal ang ",{"t":"idOrVar","v":"microphone"}," key para makapagsalita."]},{"$i":"tutorial-for-voice-input-1","$v":["Pindutin nang matagal ang ",{"t":"idOrVar","v":"microphone"}," key para makapagsalita sa text field."]},{"$i":"tutorial-for-find-kaistore-2","$v":"Hanapin ang KaiStore app sa unang page ng Menu ng Mga App."},{"$i":"tutorial-for-left","$v":"KALIWA"},{"$i":"tutorial-for-up","$v":"ITAAS"},{"$i":"stop-download-title","$v":["Ihinto ang ",{"t":"idOrVar","v":"name"}]},{"$i":"stop-download-body","$v":"Gusto mo bang ihinto ang ginagawang pag-download?"},{"$i":"stop-download-action","$v":"Ihinto"},{"$i":"resume-download-title","$v":"I-restart ang Pag-download"},{"$i":"resume-download-body","$v":["Gusto mo bang i-download ang ",{"t":"idOrVar","v":"name"},"?"]},{"$i":"resume-download-action","$v":"I-download"},{"$i":"edit-group-header","$v":"I-edit ang pangkat"},{"$i":"gaia-shortcut-app-updated","$v":"Na-update ang App"},{"$i":"clocks-updated","$v":"Na-update ang mga orasan"},{"$i":"longDateFormat","$v":"%A, %B %e"},{"$i":"app-title","$v":"Aking Mga App"},{"$i":"app-uninstall","$v":["Na-install ang ",{"t":"idOrVar","v":"name"}]},{"$i":"confirmation","$v":"Kumpirmasyon"},{"$i":"eccOnly","$v":"Emergency calls only"},{"$i":"emergencyCallsOnly","$v":"Emergency calls only"},{"$i":"searching","$v":"Naghahanap…"},{"$i":"clockDateFormat","$v":"%a, %e %b"},{"$i":"apn-sim1","$v":"APN Settings - SIM1"},{"$i":"apn-sim2","$v":"APN Settings - SIM2"},{"$i":"apnDefaultConfig","$v":"APN Default Config"},{"$i":"apn-defaultconfig-message","$v":"Set which type of apn to used"},{"$i":"apnConfigPostpay","$v":"Postpay APN"},{"$i":"apnConfigPrepay","$v":"Prepay APN"},{"$i":"qtn_sm_toast_set_ICE_first","$v":"Walang mga contact sa ICE, pumunta sa mga setting ng Contact o menu ng ospyon ng impormasyon sa ICE"},{"$i":"qtn_sm_toast_google_assist","$v":"Pindutin nang matagal o pindutin nang matagal para sa Google assistant"},{"$i":"qtn_sm_toast_sos_call_msg","$v":"Pindutin nang matagal o pindutin nang matagal para sa SOS call / SOS message"},{"$i":"nocard-eccOnly","$v":"No SIM card-Emergency calls only"},{"$i":"unusablecard-eccOnly","$v":"Unusable SIM card-Emergency calls only"},{"$i":"utilities","$v":"Utilities"},{"$i":"games","$v":"Games"},{"$i":"toast-app-downloaded-to-folder","$v":["Na-download ang ",{"t":"idOrVar","v":"appName"}," sa ",{"t":"idOrVar","v":"folderName"}," folder."]},{"$i":"notices-reminder-header","$v":"Paalala"},{"$i":"notices-reminder-content","$v":"Mayroon kang mga hindi pa nababasang abiso. Tingnan ang Mga Abiso at wala kang mapapalampas na anumang mahalaga."},{"$i":"toast-need-update-app","$v":"Paki-update ang app sa pinakabagong bersyon para magpatuloy mula sa JioStore app."},{"$i":"call-forwarding-async","$v":["Asynchronous: ",{"t":"idOrVar","v":"async"}]},{"$i":"call-forwarding-data","$v":["Data: ",{"t":"idOrVar","v":"data"}]},{"$i":"call-forwarding-error","$v":"Nagkaroon ng error habang nag-retrieve ng status ng call forwarding"},{"$i":"call-forwarding-fax","$v":["FAX: ",{"t":"idOrVar","v":"fax"}]},{"$i":"call-forwarding-inactive","$v":"Hindi Aktibo"},{"$i":"call-forwarding-packet","$v":["Packet: ",{"t":"idOrVar","v":"packet"}]},{"$i":"call-forwarding-pad","$v":["PAD: ",{"t":"idOrVar","v":"pad"}]},{"$i":"call-forwarding-sms","$v":["SMS: ",{"t":"idOrVar","v":"sms"}]},{"$i":"call-forwarding-status","$v":"Status ng call forwarding"},{"$i":"call-forwarding-sync","$v":["Synchronous: ",{"t":"idOrVar","v":"sync"}]},{"$i":"call-forwarding-voice","$v":["Boses: ",{"t":"idOrVar","v":"voice"}]},{"$i":"call-forwarding-voice-after-seconds","$v":["Boses: ",{"t":"idOrVar","v":"voice"}," pagkalipas ng ",{"t":"idOrVar","v":"timeSeconds"}," (na) segundo"]},{"$i":"fihVersion","$v":"FIH Version"},{"$i":"serviceClassVoice","$v":"Boses"},{"$i":"serviceClassData","$v":"Data"},{"$i":"serviceClassFax","$v":"FAX"},{"$i":"serviceClassSms","$v":"SMS"},{"$i":"serviceClassDataSync","$v":"I-sync"},{"$i":"serviceClassDataAsync","$v":"Async"},{"$i":"serviceClassPacket","$v":"Packet"},{"$i":"serviceClassPad","$v":"PAD"},{"$i":"smServiceEnabled","$v":"Na-enable ang serbisyo"},{"$i":"smServiceDisabled","$v":"Na-disable ang serbisyo"},{"$i":"smServiceRegistered","$v":"Hindi nakapagparehistro"},{"$i":"smServiceErased","$v":"Matagumpay ang pagbura"},{"$i":"smServiceInterrogated","$v":"Naipadala ang kahilingan"},{"$i":"smServiceNotProvisioned","$v":"Hindi pinapangasiwaan ang serbisyo"},{"$i":"smClirPermanent","$v":"Hindi mo mababago ang setting ng caller ID"},{"$i":"smClirDefaultOnNextCallOn","$v":"Pinaghihigpitan ang mga default ng Caller ID. Susunod na tawag: Pinaghihigpitan"},{"$i":"smClirDefaultOnNextCallOff","$v":"Pinaghihigpitan ang mga default ng Caller ID. Susunod na tawag: Hindi pinaghihigpitan"},{"$i":"smClirDefaultOffNextCallOn","$v":"Hindi pinaghihigpitan ang mga default ng Caller ID. Susunod na tawag: Pinaghihigpitan"},{"$i":"smClirDefaultOffNextCallOff","$v":"Hindi pinaghihigpitan ang mga default ng Caller ID. Susunod na tawag: Hindi pinaghihigpitan"},{"$i":"smServiceEnabledFor","$v":"Na-enable ang serbisyo para sa:"},{"$i":"smPinChanged","$v":"Napalitan na ang PIN"},{"$i":"smPinUnblocked","$v":"Na-unblock na ang PIN"},{"$i":"smPin2Changed","$v":"Napalitan na ang PIN2"},{"$i":"smPin2Unblocked","$v":"Na-unblock na ang PIN2"},{"$i":"ServiceIsEnabled","$v":"Naka-enable ang serbisyo"},{"$i":"ServiceIsDisabled","$v":"Naka-disable ang serbisyo"},{"$i":"ServiceIsEnabledFor","$v":"Naka-enable ang serbisyo para sa:"},{"$i":"emMmiError","$v":"Nagkaproblema sa koneksyon o invalid ang MMI code"},{"$i":"emMmiErrorPasswordIncorrect","$v":"Mali ang Password"},{"$i":"emMmiErrorNotSupported","$v":"Invalid o Hindi Sinusuportahan ang MMI Code"},{"$i":"emMmiErrorInvalidAction","$v":"Invalid ang pagkilos"},{"$i":"emMmiErrorInvalidScCode","$v":"Invalid na code ng serbisyo"},{"$i":"emMmiErrorBadPuk","$v":"Mali ang na-type mong PUK"},{"$i":"emMmiErrorBadPin","$v":"Mali ang lumang PIN na nailagay mo."},{"$i":"emMmiErrorNeedPuk2","$v":"Ipasok ang PUK2 upang ma-unblock ang SIM card"},{"$i":"emMmiErrorMismatchPin","$v":"Hindi tugma ang mga PIN na nailagay mo"},{"$i":"emMmiErrorInvalidPin","$v":"Magpasok ng PIN na may 4 hanggang 8 numero"},{"$i":"emMmiErrorNeedsPuk","$v":"Ang iyong SIM card ay naging PUK-lock"},{"$i":"emMmiErrorEnablePin","$v":"Hindi matagumpay. I-enable ang SIM/RUIM LOCK"},{"$i":"emMmiErrorMmiFdn","$v":"Para lang sa mga fixed dialling number ang operation"},{"$i":"emMmiErrorStkCcUssdDial","$v":"Naging kahilingan sa DIAL ang kahilingan sa USSD"},{"$i":"emMmiErrorStkCcUssdSs","$v":"Naging kahilingan sa SS ang kahilingan sa USSD"},{"$i":"emMmiErrorStkCcUssdUssd","$v":"Naging kahilingan sa USSD ang kahilingan sa USSD"},{"$i":"emMmiErrorStkCcSsDial","$v":"Naging kahilingan sa DIAL ang kahilingan sa SS"},{"$i":"emMmiErrorStkCcSsUssd","$v":"Naging kahilingan sa USSD ang kahilingan sa SS"},{"$i":"emMmiErrorStkCcSsSs","$v":"Naging kahilingan sa SS ang kahilingan sa SS"},{"$i":"emMmiErrorPinPukAttempts","$v":{"few":["May natitirang ",{"t":"idOrVar","v":"n"}," (na) pagsubok"],"many":["May natitirang ",{"t":"idOrVar","v":"n"}," (na) pagsubok"],"one":[{"t":"idOrVar","v":"n"}," na lang ang natitirang pagsubok"],"other":["May natitirang ",{"t":"idOrVar","v":"n"}," (na) pagsubok"],"two":["May natitirang ",{"t":"idOrVar","v":"n"}," (na) pagsubok"]},"$x":[{"t":"idOrVar","v":"plural"},"n"]},{"$i":"emMmiErrorSimBlocked","$v":"Nalampasan ang maximum na bilang ng mga pagsubok. Na-block ang SIM"},{"$i":"RadioNotAvailable","$v":"Radio not available"},{"$i":"PasswordIncorrect","$v":"Mali ang password"},{"$i":"SimPin2","$v":"SIM PIN2"},{"$i":"SimPuk2","$v":"SIM PUK2"},{"$i":"RequestNotSupported","$v":"Hindi sinusuportahan ang kahilingan"},{"$i":"OpNotAllowedDuringVoiceCall","$v":"Hindi pinapayagan ang operation habang may voice call"},{"$i":"SmsSendFailRetry","$v":"SMS send fail retry"},{"$i":"SimAbsent","$v":"Wala ang SIM"},{"$i":"SubscriptionNotAvailable","$v":"Hindi available ang subscription"},{"$i":"ModeNotSupported","$v":"Hindi sinusuportahan ang mode"},{"$i":"FdnCheckFailure","$v":"Hindi nasuri ang Fdn"},{"$i":"IllegalSimOrMe","$v":"Ilegal na SIM o ME"},{"$i":"DialModifiedToUssd","$v":"Dial modified to USSD"},{"$i":"DialModifiedToSs","$v":"Dial modified to SS"},{"$i":"DialModifiedToDial","$v":"Dial modified to dial"},{"$i":"UssdModifiedToDial","$v":"Naging dial ang USSD"},{"$i":"UssdModifiedToSs","$v":"Naging SS ang USSD"},{"$i":"UssdModifiedToUssd","$v":"Naging USSD ang USSD"},{"$i":"SsModifiedToDial","$v":"Naging dial ang SS"},{"$i":"SsModifiedToUssd","$v":"Naging USSD ang SS"},{"$i":"SsModifiedToSs","$v":"Naging SS ang SS"},{"$i":"SubscriptionNotSupported","$v":"Hindi sinusuportahan ang subscription"},{"$i":"InvalidParameter","$v":"Invalid na parameter"},{"$i":"RejectedByRemote","$v":"Tinanggihan sa pamamagitan ng remote"},{"$i":"GetEmptyUssdPrompt","$v":"Null reply natanggap."},{"$i":"ice-latitude","$v":"latitude"},{"$i":"ice-longitude","$v":"longitude"},{"$i":"sim-with-index-and-carrier","$v":["SIM ",{"t":"idOrVar","v":"index"}," - ",{"t":"idOrVar","v":"carrier"}]},{"$i":"sim-without-carrier","$v":["SIM ",{"t":"idOrVar","v":"index"}]},{"$i":"label","$v":"Label"},{"$i":"faxHome","$v":"I-fax sa tahanan"},{"$i":"faxOffice","$v":"I-fax sa opisina"},{"$i":"faxOther","$v":"I-fax sa iba pa"},{"$i":"another","$v":"Iba"},{"$i":"other","$v":"Iba pa"},{"$i":"customTag","$v":"Custom na tag","placeholder":"Custom na tag"},{"$i":"current","$v":"Kasalukuyan"},{"$i":"itemWithLabel","$v":[{"t":"idOrVar","v":"label"},", ",{"t":"idOrVar","v":"item"}]},{"$i":"weekday-0-long","$v":"Linggo"},{"$i":"weekday-1-long","$v":"Lunes"},{"$i":"weekday-2-long","$v":"Martes"},{"$i":"weekday-3-long","$v":"Miyerkules"},{"$i":"weekday-4-long","$v":"Huwebes"},{"$i":"weekday-5-long","$v":"Biyernes"},{"$i":"weekday-6-long","$v":"Sabado"},{"$i":"weekday-0-short","$v":"Lin"},{"$i":"weekday-1-short","$v":"Lun"},{"$i":"weekday-2-short","$v":"Mar"},{"$i":"weekday-3-short","$v":"Miy"},{"$i":"weekday-4-short","$v":"Hwe"},{"$i":"weekday-5-short","$v":"Biy"},{"$i":"weekday-6-short","$v":"Sab"},{"$i":"month-0-long","$v":"Enero"},{"$i":"month-1-long","$v":"Pebrero"},{"$i":"month-2-long","$v":"Marso"},{"$i":"month-3-long","$v":"Abril"},{"$i":"month-4-long","$v":"Mayo"},{"$i":"month-5-long","$v":"Hunyo"},{"$i":"month-6-long","$v":"Hulyo"},{"$i":"month-7-long","$v":"Agosto"},{"$i":"month-8-long","$v":"Setyembre"},{"$i":"month-9-long","$v":"Oktubre"},{"$i":"month-10-long","$v":"Nobyembre"},{"$i":"month-11-long","$v":"Disyembre"},{"$i":"month-0-genitive","$v":"Enero"},{"$i":"month-1-genitive","$v":"Pebrero"},{"$i":"month-2-genitive","$v":"Marso"},{"$i":"month-3-genitive","$v":"Abril"},{"$i":"month-4-genitive","$v":"Mayo"},{"$i":"month-5-genitive","$v":"Hunyo"},{"$i":"month-6-genitive","$v":"Hulyo"},{"$i":"month-7-genitive","$v":"Agosto"},{"$i":"month-8-genitive","$v":"Setyembre"},{"$i":"month-9-genitive","$v":"Oktubre"},{"$i":"month-10-genitive","$v":"Nobyembre"},{"$i":"month-11-genitive","$v":"Disyembre"},{"$i":"month-0-short","$v":"Ene"},{"$i":"month-1-short","$v":"Peb"},{"$i":"month-2-short","$v":"Mar"},{"$i":"month-3-short","$v":"Abr"},{"$i":"month-4-short","$v":"Mayo"},{"$i":"month-5-short","$v":"Hun"},{"$i":"month-6-short","$v":"Hul"},{"$i":"month-7-short","$v":"Ago"},{"$i":"month-8-short","$v":"Set"},{"$i":"month-9-short","$v":"Okt"},{"$i":"month-10-short","$v":"Nob"},{"$i":"month-11-short","$v":"Dis"},{"$i":"minutes-ago-long","$v":{"few":[{"t":"idOrVar","v":"value"}," (na) minuto ang nakalipas"],"many":[{"t":"idOrVar","v":"value"}," (na) minuto ang nakalipas"],"one":"isang minuto ang nakalipas","other":[{"t":"idOrVar","v":"value"}," (na) minuto ang nakalipas"],"two":[{"t":"idOrVar","v":"value"}," (na) minuto ang nakalipas"],"zero":"ngayon lang"},"$x":[{"t":"idOrVar","v":"plural"},"value"]},{"$i":"hours-ago-long","$v":{"few":[{"t":"idOrVar","v":"value"}," (na) oras ang nakalipas"],"many":[{"t":"idOrVar","v":"value"}," (na) oras ang nakalipas"],"one":"isang oras ang nakalipas","other":[{"t":"idOrVar","v":"value"}," (na) oras ang nakalipas"],"two":[{"t":"idOrVar","v":"value"}," (na) oras ang nakalipas"],"zero":"ngayon lang"},"$x":[{"t":"idOrVar","v":"plural"},"value"]},{"$i":"days-ago-long","$v":{"few":[{"t":"idOrVar","v":"value"}," (na) araw ang nakalipas"],"many":[{"t":"idOrVar","v":"value"}," (na) araw ang nakalipas"],"one":"kahapon","other":[{"t":"idOrVar","v":"value"}," (na) araw ang nakalipas"],"two":[{"t":"idOrVar","v":"value"}," (na) araw ang nakalipas"],"zero":"ngayon"},"$x":[{"t":"idOrVar","v":"plural"},"value"]},{"$i":"weeks-ago-long","$v":{"few":[{"t":"idOrVar","v":"value"}," (na) linggo ang nakalipas"],"many":[{"t":"idOrVar","v":"value"}," (na) linggo ang nakalipas"],"one":"nakaraang linggo","other":[{"t":"idOrVar","v":"value"}," (na) linggo ang nakalipas"],"two":[{"t":"idOrVar","v":"value"}," (na) linggo ang nakalipas"],"zero":"ngayong linggo"},"$x":[{"t":"idOrVar","v":"plural"},"value"]},{"$i":"months-ago-long","$v":{"few":[{"t":"idOrVar","v":"value"}," (na) buwan ang nakalipas"],"many":[{"t":"idOrVar","v":"value"}," (na) buwan ang nakalipas"],"one":"nakaraang buwan","other":[{"t":"idOrVar","v":"value"}," (na) buwan ang nakalipas"],"two":[{"t":"idOrVar","v":"value"}," (na) buwan ang nakalipas"],"zero":"ngayong buwan"},"$x":[{"t":"idOrVar","v":"plural"},"value"]},{"$i":"years-ago-long","$v":{"few":[{"t":"idOrVar","v":"value"}," (na) taon ang nakalipas"],"many":[{"t":"idOrVar","v":"value"}," (na) taon ang nakalipas"],"one":"nakaraang taon","other":[{"t":"idOrVar","v":"value"}," (na) taon ang nakalipas"],"two":[{"t":"idOrVar","v":"value"}," (na) taon ang nakalipas"],"zero":"ngayong taon"},"$x":[{"t":"idOrVar","v":"plural"},"value"]},{"$i":"minutes-until-long","$v":{"few":["sa loob ng ",{"t":"idOrVar","v":"value"}," (na) minuto"],"many":["sa loob ng ",{"t":"idOrVar","v":"value"}," (na) minuto"],"one":"sa loob ng isang minuto","other":["sa loob ng ",{"t":"idOrVar","v":"value"}," (na) minuto"],"two":["sa loob ng ",{"t":"idOrVar","v":"value"}," (na) minuto"],"zero":"ngayon"},"$x":[{"t":"idOrVar","v":"plural"},"value"]},{"$i":"hours-until-long","$v":{"few":["sa loob ng ",{"t":"idOrVar","v":"value"}," (na) oras"],"many":["sa loob ng ",{"t":"idOrVar","v":"value"}," (na) oras"],"one":"sa loob ng isang oras","other":["sa loob ng ",{"t":"idOrVar","v":"value"}," (na) oras"],"two":["sa loob ng ",{"t":"idOrVar","v":"value"}," (na) oras"],"zero":"ngayon"},"$x":[{"t":"idOrVar","v":"plural"},"value"]},{"$i":"days-until-long","$v":{"few":["sa loob ng ",{"t":"idOrVar","v":"value"}," (na) araw"],"many":["sa loob ng ",{"t":"idOrVar","v":"value"}," (na) araw"],"one":"bukas","other":["sa loob ng ",{"t":"idOrVar","v":"value"}," (na) araw"],"two":["sa loob ng ",{"t":"idOrVar","v":"value"}," (na) araw"],"zero":"ngayon"},"$x":[{"t":"idOrVar","v":"plural"},"value"]},{"$i":"weeks-until-long","$v":{"few":["sa loob ng ",{"t":"idOrVar","v":"value"}," (na) linggo"],"many":["sa loob ng ",{"t":"idOrVar","v":"value"}," (na) linggo"],"one":"susunod na linggo","other":["sa loob ng ",{"t":"idOrVar","v":"value"}," (na) linggo"],"two":["sa loob ng ",{"t":"idOrVar","v":"value"}," (na) linggo"],"zero":"ngayong linggo"},"$x":[{"t":"idOrVar","v":"plural"},"value"]},{"$i":"months-until-long","$v":{"few":["sa loob ng ",{"t":"idOrVar","v":"value"}," (na) buwan"],"many":["sa loob ng ",{"t":"idOrVar","v":"value"}," (na) buwan"],"one":"susunod na buwan","other":["sa loob ng ",{"t":"idOrVar","v":"value"}," (na) buwan"],"two":["sa loob ng ",{"t":"idOrVar","v":"value"}," (na) buwan"],"zero":"ngayong buwan"},"$x":[{"t":"idOrVar","v":"plural"},"value"]},{"$i":"years-until-long","$v":{"few":["sa loob ng ",{"t":"idOrVar","v":"value"}," (na) taon"],"many":["sa loob ng ",{"t":"idOrVar","v":"value"}," (na) taon"],"one":"susunod na taon","other":["sa loob ng ",{"t":"idOrVar","v":"value"}," (na) taon"],"two":["sa loob ng ",{"t":"idOrVar","v":"value"}," (na) taon"],"zero":"ngayong taon"},"$x":[{"t":"idOrVar","v":"plural"},"value"]},{"$i":"minutes-ago-short","$v":{"other":[{"t":"idOrVar","v":"value"},"m ang nakalipas"],"zero":"ngayon lang"},"$x":[{"t":"idOrVar","v":"plural"},"value"]},{"$i":"hours-ago-short","$v":{"other":[{"t":"idOrVar","v":"value"},"h ang nakalipas"],"zero":"ngayon lang"},"$x":[{"t":"idOrVar","v":"plural"},"value"]},{"$i":"days-ago-short","$v":{"other":[{"t":"idOrVar","v":"value"},"d ang nakalipas"],"zero":"ngayon"},"$x":[{"t":"idOrVar","v":"plural"},"value"]},{"$i":"minutes-until-short","$v":{"other":["sa loob ng ",{"t":"idOrVar","v":"value"},"m"],"zero":"ngayon"},"$x":[{"t":"idOrVar","v":"plural"},"value"]},{"$i":"hours-until-short","$v":{"other":["sa loob ng ",{"t":"idOrVar","v":"value"},"o"],"zero":"ngayon"},"$x":[{"t":"idOrVar","v":"plural"},"value"]},{"$i":"days-until-short","$v":{"other":["sa loob ng ",{"t":"idOrVar","v":"value"},"a"],"zero":"ngayon"},"$x":[{"t":"idOrVar","v":"plural"},"value"]},{"$i":"incorrectDate","$v":"(mali ang petsa)"},{"$i":"dateTimeFormat_%c","$v":"%a %b %e %Y %I:%M:%S %p"},{"$i":"dateTimeFormat_%x","$v":"%m/%d/%Y"},{"$i":"dateTimeFormat_%X","$v":"%I:%M:%S %p"},{"$i":"shortTimeFormat","$v":"%I:%M %p"},{"$i":"shortTimeFormat12","$v":"%I:%M %p"},{"$i":"shortTimeFormat24","$v":"%H:%M"},{"$i":"shortDateTimeFormat","$v":"%x %I:%M %p"},{"$i":"weekStartsOnMonday","$v":"0.0"},{"$i":"firstDayOfTheWeek","$v":"0.0"},{"$i":"time_am","$v":"AM"},{"$i":"time_pm","$v":"PM"}]