[{"$i":"search-or-enter-address","placeholder":"חפש או הזן כתובת"},{"$i":"delete-title","$v":["מחק ",{"t":"idOrVar","v":"name"}]},{"$i":"delete-body","$v":[{"t":"idOrVar","v":"name"}," וכל הנתונים שלה יימחקו."]},{"$i":"delete","$v":"מחק"},{"$i":"cancel","$v":"בטל"},{"$i":"apps","$v":"יישומים"},{"$i":"menu","$v":"תפריט"},{"$i":"notifications","$v":"הודעות"},{"$i":"camera","$v":"מצלמה"},{"$i":"speed-dial","$v":"חיוג מהיר"},{"$i":"select","$v":"בחר"},{"$i":"move","$v":"העברה"},{"$i":"ok","$v":"אישור"},{"$i":"set","$v":"הגדרה"},{"$i":"edit","$v":"ערוך"},{"$i":"call","$v":"שיחה"},{"$i":"message","$v":"הודעה"},{"$i":"options","$v":"אפשרויות"},{"$i":"assign","$v":"הקצה"},{"$i":"remove","$v":"הסר"},{"$i":"replace","$v":"החלף"},{"$i":"more","$v":"עוד"},{"$i":"settings","$v":"הגדרות"},{"$i":"contacts","$v":"אנשי קשר"},{"$i":"list-view","$v":"תצוגת רשימה"},{"$i":"grid-view","$v":"תצוגת סמלים"},{"$i":"single-view","$v":"תצוגה בודדת"},{"$i":"skip","$v":"דילוג"},{"$i":"shortcuts","$v":"קיצורי דרך"},{"$i":"next","$v":"הבא"},{"$i":"back","$v":"חזרה"},{"$i":"memory-cleaner","$v":"כלי לניקוי זיכרון"},{"$i":"open","$v":"פתח"},{"$i":"voicemail","$v":"דואר קולי"},{"$i":"speed-dial-not-empty","ariaLabel":[{"t":"idOrVar","v":"order"},", ",{"t":"idOrVar","v":"name"}]},{"$i":"speed-dial-empty","ariaLabel":[{"t":"idOrVar","v":"order"},", ריק"]},{"$i":"remove-speed-dial","$v":["האם אתה בטוח שברצונך להסיר את ",{"t":"idOrVar","v":"name"}," מחיוג מהיר?"]},{"$i":"replace-speed-dial","$v":["האם אתה בטוח שברצונך להחליף את ",{"t":"idOrVar","v":"name"}," עם ",{"t":"idOrVar","v":"subName"},"?"]},{"$i":"assign-speed-dial","$v":["איש הקשר לא הוסף כחיוג מהיר במקש ",{"t":"idOrVar","v":"n"},". להקצות כעת?"]},{"$i":"assign-voicemail","$v":"לא נקבע מספר תא דואר קולי."},{"$i":"alert-for-contacts-without-number","$v":"אין אנשי קשר עם מספר טלפון זמין."},{"$i":"option-remove","$v":"הסר מחיוג מהיר"},{"$i":"option-replace","$v":"החלף"},{"$i":"all-apps","$v":"כל היישומים"},{"$i":"uninstall","$v":"הסר התקנה"},{"$i":"confirm-to-uninstall-app","$v":["להסיר את האפליקציה ",{"t":"idOrVar","v":"appName"},"?"]},{"$i":"confirm-to-unpin-bookmark","$v":"לבטל הצמדה של אתר האינטרנט?"},{"$i":"unpin","$v":"בטל הצמדה"},{"$i":"rename","$v":"שנה שם"},{"$i":"title","$v":"כותרת"},{"$i":"add-to-existing-contact","$v":"הוסף לאיש קשר קיים"},{"$i":"create-new-contact","$v":"צור איש קשר חדש"},{"$i":"sending","$v":"שולח..."},{"$i":"video-call","$v":"שיחת וידאו"},{"$i":"rtt-call","$v":"שיחת RTT"},{"$i":"callAirplaneModeTitle","$v":"מצב טיסה מופעל"},{"$i":"callAirplaneModeMessage","$v":"כדי לבצע שיחה עליך לבטל את מצב הטיסה בהגדרות."},{"$i":"emergencyDialogTitle","$v":"אין חיבור רשת"},{"$i":"emergencyDialogBodyBadNumber","$v":"כדי לבצע שיחה, הטלפון חייב להיות מחובר לרשת כלשהי."},{"$i":"emergencyDialogBodyDeviceNotAccepted","$v":"שיחות חירום אינן מותרות על ידי הרשת."},{"$i":"invalidNumberToDialTitle","$v":"מספר טלפון בלתי חוקי"},{"$i":"invalidNumberToDialMessage","$v":"מספר הטלפון שאליו אתה מתקשר אינו חוקי."},{"$i":"emergency-call-only","$v":"שיחת חירום בלבד"},{"$i":"emergency-call-error","$v":[{"t":"idOrVar","v":"number"}," איננו מספר חירום."]},{"$i":"numberIsBusyTitle","$v":"המספר תפוס"},{"$i":"numberIsBusyMessage","$v":"המספר תפוס כרגע. נא לנסות שוב מאוחר יותר."},{"$i":"fdnIsActiveTitle","$v":"FDN פעיל"},{"$i":"fdnIsActiveMessage","$v":["FDN (מספרי חיוג קבועים) מופעל והמספר הבא אינו ברשימת FDN שלך: ",{"t":"idOrVar","v":"number"}]},{"$i":"otherConnectionInUseTitle","$v":"חיבורים אחרים שבשימוש"},{"$i":"otherConnectionInUseMessage","$v":"יש לך שיחה פעילה בחיבור אחר. ניתן להשתמש רק בחיבור אחד בכל פעם."},{"$i":"GenericFailure","$v":"כשל כללי"},{"$i":"CallFailed","$v":"השיחה נכשלה"},{"$i":"scCallBarring","$v":"חסימת שיחה"},{"$i":"scCallForwarding","$v":"העברת שיחה"},{"$i":"scClip","$v":"מזהה מחייג שיחה נכנסת"},{"$i":"scClir","$v":"זיהוי מחייג החוצה"},{"$i":"scPwd","$v":"שינו סיסמה"},{"$i":"scCallWaiting","$v":"שיחה ממתינה"},{"$i":"scPin","$v":"החלפת PIN"},{"$i":"scPin2","$v":"שינוי PIN2"},{"$i":"scPuk","$v":"שחרר נעילת PIN"},{"$i":"scPuk2","$v":"שחרר נעילת PIN2"},{"$i":"scImei","$v":"IMEI"},{"$i":"scMeid","$v":"MEID"},{"$i":"scUssd","$v":"USSD"},{"$i":"deviceIsUnlocked","$v":"ההתקן לא נעול"},{"$i":"simUnlockCodeAccepted","$v":"קוד ביטול נעילת SIM התקבל"},{"$i":"simUnlockCodeFailed","$v":"נעילת SIM בוטלה בהצלחה"},{"$i":"personal","$v":"אישי"},{"$i":"mobile","$v":"נייד"},{"$i":"home","$v":"בית"},{"$i":"work","$v":"עבודה"},{"$i":"fax-home","$v":"פקס בית"},{"$i":"fax-office","$v":"פקס משרד"},{"$i":"fax-other","$v":"פקס אחר"},{"$i":"noSimCard","$v":"אין כרטיס SIM"},{"$i":"noService","$v":"אין שירות"},{"$i":"lockedSim","$v":"SIM נעול"},{"$i":"airplaneMode","$v":"מצב טיסה"},{"$i":"wifi-calling","$v":"‏Wi-Fi מחייג"},{"$i":"homescreen-settings","$v":"הגדרות מסך הבית"},{"$i":"change-wallpaper","$v":"החלף טפט"},{"$i":"add-smart-collections","$v":"הוסף אוספים חכמים"},{"$i":"edit-mode","$v":"ערוך"},{"$i":"edit-done","$v":"בוצע"},{"$i":"tutorial-for-side-menu-1","$v":["לחץ על מקש ",{"t":"idOrVar","v":"left"}," כדי לגשת ליישומים משמאל."]},{"$i":"tutorial-for-instant-settings-1","$v":["לחץ על מקש ",{"t":"idOrVar","v":"up"}," להגדרות שבשימוש נפוץ."]},{"$i":"tutorial-for-notices","$v":"לחץ על המקש ימינה כדי להציג הודעות חדשות."},{"$i":"tutorial-for-google-assistant-1","$v":["לחץ לחיצה ארוכה על מקש ",{"t":"idOrVar","v":"microphone"}," כדי לדבר."]},{"$i":"tutorial-for-voice-input-1","$v":["לחץ לחיצה ארוכה על מקש ",{"t":"idOrVar","v":"microphone"}," כדי לדבר בשדה טקסט."]},{"$i":"tutorial-for-find-kaistore-2","$v":"אתר את היישום KaiStore בדף הראשון של התפריט 'יישומים'."},{"$i":"tutorial-for-left","$v":"שמאל"},{"$i":"tutorial-for-up","$v":"למעלה"},{"$i":"stop-download-title","$v":["עצור את ",{"t":"idOrVar","v":"name"}]},{"$i":"stop-download-body","$v":"האם אתה רוצה להפסיק את ההורדה בתהליך?"},{"$i":"stop-download-action","$v":"עצור"},{"$i":"resume-download-title","$v":"התחל הורדה מחדש"},{"$i":"resume-download-body","$v":["האם ברצונך להוריד ",{"t":"idOrVar","v":"name"},"?"]},{"$i":"resume-download-action","$v":"הורד"},{"$i":"edit-group-header","$v":"ערוך קבוצה"},{"$i":"gaia-shortcut-app-updated","$v":"יישום עודכן"},{"$i":"clocks-updated","$v":"השעונים עודכנו"},{"$i":"longDateFormat","$v":"%A, %B %e"},{"$i":"app-title","$v":"היישומים שלי"},{"$i":"app-uninstall","$v":[{"t":"idOrVar","v":"name"}," התקנתו הוסרה"]},{"$i":"confirmation","$v":"אישור"},{"$i":"eccOnly","$v":"Emergency calls only"},{"$i":"emergencyCallsOnly","$v":"Emergency calls only"},{"$i":"searching","$v":"מחפש..."},{"$i":"clockDateFormat","$v":"%a, %e %b"},{"$i":"apn-sim1","$v":"APN Settings - SIM1"},{"$i":"apn-sim2","$v":"APN Settings - SIM2"},{"$i":"apnDefaultConfig","$v":"APN Default Config"},{"$i":"apn-defaultconfig-message","$v":"Set which type of apn to used"},{"$i":"apnConfigPostpay","$v":"Postpay APN"},{"$i":"apnConfigPrepay","$v":"Prepay APN"},{"$i":"qtn_sm_toast_set_ICE_first","$v":"אין אנשי קשר של ICE. עבור אל הגדרות אנשי הקשר או לתפריט אפשרות מידע ICE להגדיר זאת תחילה."},{"$i":"qtn_sm_toast_google_assist","$v":"לחץ לחיצה ארוכה או לחץ פעמיים  למסייע Google"},{"$i":"qtn_sm_toast_sos_call_msg","$v":"לחץ לחיצה ארוכה או לחץ פעמיים  לשיחת חירום / הודעת חירום"},{"$i":"nocard-eccOnly","$v":"No SIM card-Emergency calls only"},{"$i":"unusablecard-eccOnly","$v":"Unusable SIM card-Emergency calls only"},{"$i":"utilities","$v":"Utilities"},{"$i":"games","$v":"משחקים"},{"$i":"toast-app-downloaded-to-folder","$v":["מתבצעת הורדה של היישום ",{"t":"idOrVar","v":"appName"}," לתיקייה ",{"t":"idOrVar","v":"folderName"},"."]},{"$i":"notices-reminder-header","$v":"תזכורת"},{"$i":"notices-reminder-content","$v":"קיימות הודעות שלא נקראו. סקור את ההודעות כדי לא להחמיץ אף דבר חשוב."},{"$i":"toast-need-update-app","$v":"עדכן את היישום לגרסה העדכנית ביותר מתוך היישום JioStore כדי להמשיך."},{"$i":"call-forwarding-async","$v":["אסינכרוני: ",{"t":"idOrVar","v":"async"}]},{"$i":"call-forwarding-data","$v":["נתונים: ",{"t":"idOrVar","v":"data"}]},{"$i":"call-forwarding-error","$v":"אירעה שגיאה בעת אחזור סטטוס העברת שיחות"},{"$i":"call-forwarding-fax","$v":["פקס: ",{"t":"idOrVar","v":"fax"}]},{"$i":"call-forwarding-inactive","$v":"בלתי פעיל"},{"$i":"call-forwarding-packet","$v":["חבילה: ",{"t":"idOrVar","v":"packet"}]},{"$i":"call-forwarding-pad","$v":["PAD: ",{"t":"idOrVar","v":"pad"}]},{"$i":"call-forwarding-sms","$v":["SMS: ",{"t":"idOrVar","v":"sms"}]},{"$i":"call-forwarding-status","$v":"סטטוס העברת שיחה"},{"$i":"call-forwarding-sync","$v":["סינכרוני: ",{"t":"idOrVar","v":"sync"}]},{"$i":"call-forwarding-voice","$v":["קול: ",{"t":"idOrVar","v":"voice"}]},{"$i":"call-forwarding-voice-after-seconds","$v":["קול: ",{"t":"idOrVar","v":"voice"}," לאחר ",{"t":"idOrVar","v":"timeSeconds"}," שניות"]},{"$i":"fihVersion","$v":"FIH Version"},{"$i":"serviceClassVoice","$v":"קול"},{"$i":"serviceClassData","$v":"נתונים"},{"$i":"serviceClassFax","$v":"פקס"},{"$i":"serviceClassSms","$v":"SMS"},{"$i":"serviceClassDataSync","$v":"סנכרן"},{"$i":"serviceClassDataAsync","$v":"אסינכרוני"},{"$i":"serviceClassPacket","$v":"חבילה"},{"$i":"serviceClassPad","$v":"PAD"},{"$i":"smServiceEnabled","$v":"השירות הופעל"},{"$i":"smServiceDisabled","$v":"השירות הושבת"},{"$i":"smServiceRegistered","$v":"ההרשמה הצליחה"},{"$i":"smServiceErased","$v":"מחיקה הצליחה"},{"$i":"smServiceInterrogated","$v":"הבקשה נכשלה"},{"$i":"smServiceNotProvisioned","$v":"השירות אינו ניתן"},{"$i":"smClirPermanent","$v":"אינך יכול לשנות את הגדרת מזהה המחייג"},{"$i":"smClirDefaultOnNextCallOn","$v":"ברירות המחדל של זיהוי מחייג אל מוגבל: השיחה הבאה: מוגבל"},{"$i":"smClirDefaultOnNextCallOff","$v":"ברירות המחדל של זיהוי מחייג אל מוגבל: השיחה הבאה: בלתי מוגבל"},{"$i":"smClirDefaultOffNextCallOn","$v":"ברירות המחדל של זיהוי מחייג אל בלתי מוגבל: השיחה הבאה: מוגבל"},{"$i":"smClirDefaultOffNextCallOff","$v":"ברירות המחדל של זיהוי מחייג אל בלתי מוגבל: השיחה הבאה: בלתי מוגבל"},{"$i":"smServiceEnabledFor","$v":"השירות הופעל עבור:"},{"$i":"smPinChanged","$v":"PIN הוחלף בהצלחה"},{"$i":"smPinUnblocked","$v":"חסימת PIN בוטלה בהצלחה"},{"$i":"smPin2Changed","$v":"PIN2 הוחלף בהצלחה"},{"$i":"smPin2Unblocked","$v":"חסימת PIN2 בוטלה בהצלחה"},{"$i":"ServiceIsEnabled","$v":"השירות מופעל"},{"$i":"ServiceIsDisabled","$v":"השירות מושבת"},{"$i":"ServiceIsEnabledFor","$v":"השירות מופעל עבור:"},{"$i":"emMmiError","$v":"בעיית התחברות או קוד MMI בלתי חוקי"},{"$i":"emMmiErrorPasswordIncorrect","$v":"סיסמה שגויה"},{"$i":"emMmiErrorNotSupported","$v":"קוד MMI בלתי חוקי או בלתי נתמך"},{"$i":"emMmiErrorInvalidAction","$v":"פעולה בלתי חוקית"},{"$i":"emMmiErrorInvalidScCode","$v":"קוד שירות בלתי חוקי"},{"$i":"emMmiErrorBadPuk","$v":"הקוד PUK שהזנת שגוי"},{"$i":"emMmiErrorBadPin","$v":"הקוד PIN הישן שהזנת שגוי."},{"$i":"emMmiErrorNeedPuk2","$v":"הזן קוד PUK2 לשחרורו חסימת כרטיס SIM"},{"$i":"emMmiErrorMismatchPin","$v":"מספרי PIN שהזנת אינם תואמים"},{"$i":"emMmiErrorInvalidPin","$v":"הזן PIN בין 4 עד 8 ספרות"},{"$i":"emMmiErrorNeedsPuk","$v":"הכרטיס SIM שלך נעול בנעילת PUK"},{"$i":"emMmiErrorEnablePin","$v":"ללא הצלחה. אפשר את SIM/RUIM LOCK"},{"$i":"emMmiErrorMmiFdn","$v":"הפעולה מוגבלת רק למספרי חיוג קבועים"},{"$i":"emMmiErrorStkCcUssdDial","$v":"בקשת USSD עוברת שינוי לבקשת DIAL"},{"$i":"emMmiErrorStkCcUssdSs","$v":"בקשת USSD עוברת שינוי לבקשת SS"},{"$i":"emMmiErrorStkCcUssdUssd","$v":"בקשת USSD עוברת שינוי לבקשת USSD חדשה"},{"$i":"emMmiErrorStkCcSsDial","$v":"SS עובר שינוי לבקשת DIAL"},{"$i":"emMmiErrorStkCcSsUssd","$v":"SS עובר שינוי לבקשת USSD"},{"$i":"emMmiErrorStkCcSsSs","$v":"SS עובר שינוי לבקשת SS חדשה"},{"$i":"emMmiErrorPinPukAttempts","$v":{"few":[{"t":"idOrVar","v":"n"}," ניסיונות חוזרים נותרו"],"many":[{"t":"idOrVar","v":"n"}," ניסיונות חוזרים נותרו"],"one":["נותרו רק ",{"t":"idOrVar","v":"n"}," ניסיונות"],"other":[{"t":"idOrVar","v":"n"}," ניסיונות חוזרים נותרו"],"two":[{"t":"idOrVar","v":"n"}," ניסיונות חוזרים נותרו"]},"$x":[{"t":"idOrVar","v":"plural"},"n"]},{"$i":"emMmiErrorSimBlocked","$v":"הגעת למספר ניסיונות חוזרים מירבי. SIM נעול"},{"$i":"RadioNotAvailable","$v":"Radio not available"},{"$i":"PasswordIncorrect","$v":"סיסמה שגויה"},{"$i":"SimPin2","$v":"SIM PIN2"},{"$i":"SimPuk2","$v":"SIM PUK2"},{"$i":"RequestNotSupported","$v":"הבקשה אינה נתמכת"},{"$i":"OpNotAllowedDuringVoiceCall","$v":"הפעולה אינה מותרת בזמן שיחה קולית"},{"$i":"SmsSendFailRetry","$v":"SMS send fail retry"},{"$i":"SimAbsent","$v":"SIM חסר"},{"$i":"SubscriptionNotAvailable","$v":"מינוי אינו זמין"},{"$i":"ModeNotSupported","$v":"מצב בלתי נתמך"},{"$i":"FdnCheckFailure","$v":"בדיקת FDN נכשלה"},{"$i":"IllegalSimOrMe","$v":"SIM או ME בלתי חוקי"},{"$i":"DialModifiedToUssd","$v":"Dial modified to USSD"},{"$i":"DialModifiedToSs","$v":"Dial modified to SS"},{"$i":"DialModifiedToDial","$v":"Dial modified to dial"},{"$i":"UssdModifiedToDial","$v":"USSD שעבר שינוי לחיוג"},{"$i":"UssdModifiedToSs","$v":"USSD שעבר שינוי ל-SS"},{"$i":"UssdModifiedToUssd","$v":"USSD שעבר שינוי ל-USSD"},{"$i":"SsModifiedToDial","$v":"SS שעבר שינוי לחיוג"},{"$i":"SsModifiedToUssd","$v":"SS שעבר שינוי ל-USSD"},{"$i":"SsModifiedToSs","$v":"SS שעבר שינוי ל-SS"},{"$i":"SubscriptionNotSupported","$v":"מינוי אינו נתמך"},{"$i":"InvalidParameter","$v":"פרמטר בלתי חוקי"},{"$i":"RejectedByRemote","$v":"נדחה על ידי מרוחק"},{"$i":"GetEmptyUssdPrompt","$v":"התקבלה תשובה null."},{"$i":"ice-latitude","$v":"קו רוחב"},{"$i":"ice-longitude","$v":"קו אורך"},{"$i":"sim-with-index-and-carrier","$v":["SIM ",{"t":"idOrVar","v":"index"}," - ",{"t":"idOrVar","v":"carrier"}]},{"$i":"sim-without-carrier","$v":["SIM ",{"t":"idOrVar","v":"index"}]},{"$i":"label","$v":"תווית"},{"$i":"faxHome","$v":"פקס בית"},{"$i":"faxOffice","$v":"פקס משרד"},{"$i":"faxOther","$v":"פקס אחר"},{"$i":"another","$v":"אחר"},{"$i":"other","$v":"אחר"},{"$i":"customTag","$v":"תג מותאם אישית","placeholder":"תג מותאם אישית"},{"$i":"current","$v":"נוכחי"},{"$i":"itemWithLabel","$v":[{"t":"idOrVar","v":"label"},", ",{"t":"idOrVar","v":"item"}]},{"$i":"weekday-0-long","$v":"ראשון"},{"$i":"weekday-1-long","$v":"שני"},{"$i":"weekday-2-long","$v":"שלישי"},{"$i":"weekday-3-long","$v":"רביעי"},{"$i":"weekday-4-long","$v":"חמישי"},{"$i":"weekday-5-long","$v":"שישי"},{"$i":"weekday-6-long","$v":"שבת"},{"$i":"weekday-0-short","$v":"א'"},{"$i":"weekday-1-short","$v":"ב'"},{"$i":"weekday-2-short","$v":"ג'"},{"$i":"weekday-3-short","$v":"ד'"},{"$i":"weekday-4-short","$v":"ה'"},{"$i":"weekday-5-short","$v":"ו'"},{"$i":"weekday-6-short","$v":"ש'"},{"$i":"month-0-long","$v":"ינואר"},{"$i":"month-1-long","$v":"פברואר"},{"$i":"month-2-long","$v":"מרץ"},{"$i":"month-3-long","$v":"אפריל"},{"$i":"month-4-long","$v":"מאי"},{"$i":"month-5-long","$v":"יוני"},{"$i":"month-6-long","$v":"יולי"},{"$i":"month-7-long","$v":"אוגוסט"},{"$i":"month-8-long","$v":"ספטמבר"},{"$i":"month-9-long","$v":"אוקטובר"},{"$i":"month-10-long","$v":"נובמבר"},{"$i":"month-11-long","$v":"דצמבר"},{"$i":"month-0-genitive","$v":"ינואר"},{"$i":"month-1-genitive","$v":"פברואר"},{"$i":"month-2-genitive","$v":"מרץ"},{"$i":"month-3-genitive","$v":"אפריל"},{"$i":"month-4-genitive","$v":"מאי"},{"$i":"month-5-genitive","$v":"יוני"},{"$i":"month-6-genitive","$v":"יולי"},{"$i":"month-7-genitive","$v":"אוגוסט"},{"$i":"month-8-genitive","$v":"ספטמבר"},{"$i":"month-9-genitive","$v":"אוקטובר"},{"$i":"month-10-genitive","$v":"נובמבר"},{"$i":"month-11-genitive","$v":"דצמבר"},{"$i":"month-0-short","$v":"ינו"},{"$i":"month-1-short","$v":"פבר"},{"$i":"month-2-short","$v":"מרץ"},{"$i":"month-3-short","$v":"אפר"},{"$i":"month-4-short","$v":"מאי"},{"$i":"month-5-short","$v":"יונ"},{"$i":"month-6-short","$v":"יול"},{"$i":"month-7-short","$v":"אוג"},{"$i":"month-8-short","$v":"ספט"},{"$i":"month-9-short","$v":"אוק"},{"$i":"month-10-short","$v":"נוב"},{"$i":"month-11-short","$v":"דצמ"},{"$i":"minutes-ago-long","$v":{"few":["לפני ",{"t":"idOrVar","v":"value"}," דקות"],"many":["לפני ",{"t":"idOrVar","v":"value"}," דקות"],"one":"לפני דקה","other":["לפני ",{"t":"idOrVar","v":"value"}," דקות"],"two":["לפני ",{"t":"idOrVar","v":"value"}," דקות"],"zero":"בדיוק כעת"},"$x":[{"t":"idOrVar","v":"plural"},"value"]},{"$i":"hours-ago-long","$v":{"few":["לפני ",{"t":"idOrVar","v":"value"}," שעות"],"many":["לפני ",{"t":"idOrVar","v":"value"}," שעות"],"one":"לפני שעה","other":["לפני ",{"t":"idOrVar","v":"value"}," שעות"],"two":["לפני ",{"t":"idOrVar","v":"value"}," שעות"],"zero":"בדיוק כעת"},"$x":[{"t":"idOrVar","v":"plural"},"value"]},{"$i":"days-ago-long","$v":{"few":["לפני ",{"t":"idOrVar","v":"value"}," ימים"],"many":["לפני ",{"t":"idOrVar","v":"value"}," ימים"],"one":"אתמול","other":["לפני ",{"t":"idOrVar","v":"value"}," ימים"],"two":["לפני ",{"t":"idOrVar","v":"value"}," ימים"],"zero":"היום"},"$x":[{"t":"idOrVar","v":"plural"},"value"]},{"$i":"weeks-ago-long","$v":{"few":["לפני ",{"t":"idOrVar","v":"value"}," שבועות"],"many":["לפני ",{"t":"idOrVar","v":"value"}," שבועות"],"one":"השבוע שעבר","other":["לפני ",{"t":"idOrVar","v":"value"}," שבועות"],"two":["לפני ",{"t":"idOrVar","v":"value"}," שבועות"],"zero":"השבוע"},"$x":[{"t":"idOrVar","v":"plural"},"value"]},{"$i":"months-ago-long","$v":{"few":["לפני ",{"t":"idOrVar","v":"value"}," חודשים"],"many":["לפני ",{"t":"idOrVar","v":"value"}," חודשים"],"one":"חודש האחרון","other":["לפני ",{"t":"idOrVar","v":"value"}," חודשים"],"two":["לפני ",{"t":"idOrVar","v":"value"}," חודשים"],"zero":"החודש"},"$x":[{"t":"idOrVar","v":"plural"},"value"]},{"$i":"years-ago-long","$v":{"few":["לפני ",{"t":"idOrVar","v":"value"}," שנים"],"many":["לפני ",{"t":"idOrVar","v":"value"}," שנים"],"one":"השנה שעברה","other":["לפני ",{"t":"idOrVar","v":"value"}," שנים"],"two":["לפני ",{"t":"idOrVar","v":"value"}," שנים"],"zero":"השנה"},"$x":[{"t":"idOrVar","v":"plural"},"value"]},{"$i":"minutes-until-long","$v":{"few":["בתוך ",{"t":"idOrVar","v":"value"}," דקות"],"many":["בתוך ",{"t":"idOrVar","v":"value"}," דקות"],"one":"בתוך דקה","other":["בתוך ",{"t":"idOrVar","v":"value"}," דקות"],"two":["בתוך ",{"t":"idOrVar","v":"value"}," דקות"],"zero":"כעת"},"$x":[{"t":"idOrVar","v":"plural"},"value"]},{"$i":"hours-until-long","$v":{"few":["בתוך ",{"t":"idOrVar","v":"value"}," שעות"],"many":["בתוך ",{"t":"idOrVar","v":"value"}," שעות"],"one":"בתוך שעה","other":["בתוך ",{"t":"idOrVar","v":"value"}," שעות"],"two":["בתוך ",{"t":"idOrVar","v":"value"}," שעות"],"zero":"כעת"},"$x":[{"t":"idOrVar","v":"plural"},"value"]},{"$i":"days-until-long","$v":{"few":["בתוך ",{"t":"idOrVar","v":"value"}," ימים"],"many":["בתוך ",{"t":"idOrVar","v":"value"}," ימים"],"one":"מחר","other":["בתוך ",{"t":"idOrVar","v":"value"}," ימים"],"two":["בתוך ",{"t":"idOrVar","v":"value"}," ימים"],"zero":"היום"},"$x":[{"t":"idOrVar","v":"plural"},"value"]},{"$i":"weeks-until-long","$v":{"few":["בתוך ",{"t":"idOrVar","v":"value"}," שבועות"],"many":["בתוך ",{"t":"idOrVar","v":"value"}," שבועות"],"one":"השבוע הבא","other":["בתוך ",{"t":"idOrVar","v":"value"}," שבועות"],"two":["בתוך ",{"t":"idOrVar","v":"value"}," שבועות"],"zero":"השבוע"},"$x":[{"t":"idOrVar","v":"plural"},"value"]},{"$i":"months-until-long","$v":{"few":["בתוך ",{"t":"idOrVar","v":"value"}," חודשים"],"many":["בתוך ",{"t":"idOrVar","v":"value"}," חודשים"],"one":"החודש הבא","other":["בתוך ",{"t":"idOrVar","v":"value"}," חודשים"],"two":["בתוך ",{"t":"idOrVar","v":"value"}," חודשים"],"zero":"החודש"},"$x":[{"t":"idOrVar","v":"plural"},"value"]},{"$i":"years-until-long","$v":{"few":["בתוך ",{"t":"idOrVar","v":"value"}," שנים"],"many":["בתוך ",{"t":"idOrVar","v":"value"}," שנים"],"one":"השנה הבאה","other":["בתוך ",{"t":"idOrVar","v":"value"}," שנים"],"two":["בתוך ",{"t":"idOrVar","v":"value"}," שנים"],"zero":"השנה"},"$x":[{"t":"idOrVar","v":"plural"},"value"]},{"$i":"minutes-ago-short","$v":{"other":[{"t":"idOrVar","v":"value"}," דק' לפני"],"zero":"בדיוק כעת"},"$x":[{"t":"idOrVar","v":"plural"},"value"]},{"$i":"hours-ago-short","$v":{"other":[{"t":"idOrVar","v":"value"}," שע' לפני"],"zero":"בדיוק כעת"},"$x":[{"t":"idOrVar","v":"plural"},"value"]},{"$i":"days-ago-short","$v":{"other":[{"t":"idOrVar","v":"value"}," ימים לפני"],"zero":"היום"},"$x":[{"t":"idOrVar","v":"plural"},"value"]},{"$i":"minutes-until-short","$v":{"other":["בתוך ",{"t":"idOrVar","v":"value"},"דקות"],"zero":"כעת"},"$x":[{"t":"idOrVar","v":"plural"},"value"]},{"$i":"hours-until-short","$v":{"other":["בתוך ",{"t":"idOrVar","v":"value"},"שעות"],"zero":"כעת"},"$x":[{"t":"idOrVar","v":"plural"},"value"]},{"$i":"days-until-short","$v":{"other":["בתוך ",{"t":"idOrVar","v":"value"},"ימים"],"zero":"היום"},"$x":[{"t":"idOrVar","v":"plural"},"value"]},{"$i":"incorrectDate","$v":"(תאריך שגוי)"},{"$i":"dateTimeFormat_%c","$v":"%a %b %e %Y %I:%M:%S %p"},{"$i":"dateTimeFormat_%x","$v":"%m/%d/%Y"},{"$i":"dateTimeFormat_%X","$v":"%I:%M:%S %p"},{"$i":"shortTimeFormat","$v":"%I:%M %p"},{"$i":"shortTimeFormat12","$v":"%I:%M %p"},{"$i":"shortTimeFormat24","$v":"%H:%M"},{"$i":"shortDateTimeFormat","$v":"%x %I:%M %p"},{"$i":"weekStartsOnMonday","$v":"0.0"},{"$i":"firstDayOfTheWeek","$v":"0.0"},{"$i":"time_am","$v":"בבוקר"},{"$i":"time_pm","$v":"אחר הצהריים"}]