[{"$i":"search-or-enter-address","placeholder":"Որնլ կամ մտքգրլ հասցե"},{"$i":"delete-title","$v":["Ջնջել ",{"t":"idOrVar","v":"name"}]},{"$i":"delete-body","$v":[{"t":"idOrVar","v":"name"}," և ողջ տվյլնր կջնջվն:"]},{"$i":"delete","$v":"Ջնջել"},{"$i":"cancel","$v":"Չեղարկել"},{"$i":"apps","$v":"Ծրագրեր"},{"$i":"menu","$v":"Ընտրացանկ"},{"$i":"notifications","$v":"Ծանուցումներ"},{"$i":"camera","$v":"Խցիկ"},{"$i":"speed-dial","$v":"Արագ հավաքում"},{"$i":"select","$v":"Ընտրել"},{"$i":"move","$v":"Տղփխլ"},{"$i":"ok","$v":"OK"},{"$i":"set","$v":"Տղկյլ"},{"$i":"edit","$v":"Խմբգրլ"},{"$i":"call","$v":"Զանգել"},{"$i":"message","$v":"Հաղորդագրություն"},{"$i":"options","$v":"Ընտրանքներ"},{"$i":"assign","$v":"Նշանկլ"},{"$i":"remove","$v":"Հեռացնել"},{"$i":"replace","$v":"Փխրնլ"},{"$i":"more","$v":"Ավելին"},{"$i":"settings","$v":"Պարամետրեր"},{"$i":"contacts","$v":"Կոնտակտներ"},{"$i":"list-view","$v":"Ցանկի տեսք"},{"$i":"grid-view","$v":"Վանդակացանցի տեսք"},{"$i":"single-view","$v":"Միակի տեսք"},{"$i":"skip","$v":"Բաց թողնել"},{"$i":"shortcuts","$v":"Դյուրանցմնր"},{"$i":"next","$v":"Հաջորդ"},{"$i":"back","$v":"Հետ"},{"$i":"memory-cleaner","$v":"Հիշողության մաքրիչ"},{"$i":"open","$v":"ԲԱՑԵԼ"},{"$i":"voicemail","$v":"Ձայնային նամակ"},{"$i":"speed-dial-not-empty","ariaLabel":[{"t":"idOrVar","v":"order"},", ",{"t":"idOrVar","v":"name"}]},{"$i":"speed-dial-empty","ariaLabel":[{"t":"idOrVar","v":"order"},", դատարկ"]},{"$i":"remove-speed-dial","$v":["Իսկապես հեռացնե՞լ ",{"t":"idOrVar","v":"name"},"-ը արագ հավաքումից:"]},{"$i":"replace-speed-dial","$v":["Իսկապես փոխարինե՞լ ",{"t":"idOrVar","v":"name"},"-ը ",{"t":"idOrVar","v":"subName"},"-ով:"]},{"$i":"assign-speed-dial","$v":["Կոնտակտը չավելացվեց արագ հավաքմանը ",{"t":"idOrVar","v":"n"}," ստեղնով: Նշանակե՞լ հիմա:"]},{"$i":"assign-voicemail","$v":"Ձայնային նամակի համարը տեղակայված չէ:"},{"$i":"alert-for-contacts-without-number","$v":"Հասանելի հեռախոսահամարով կոնտակտներ չկան:"},{"$i":"option-remove","$v":"Հռցնլ արագ հվքմն շարքից"},{"$i":"option-replace","$v":"Փխրնլ"},{"$i":"all-apps","$v":"Բոլոր ծրագրերը"},{"$i":"uninstall","$v":"Ապատեղադրել"},{"$i":"confirm-to-uninstall-app","$v":["Ապտղդրե՞լ ",{"t":"idOrVar","v":"appName"}," հվլվծը:"]},{"$i":"confirm-to-unpin-bookmark","$v":"Ապաամրացնե՞լ կայքը"},{"$i":"unpin","$v":"Ապաամրացնել"},{"$i":"rename","$v":"Վերանվանել"},{"$i":"title","$v":"Անվնմ"},{"$i":"add-to-existing-contact","$v":"Ավլցն առկա կոնտակտին"},{"$i":"create-new-contact","$v":"Ստղծլ նոր կնտկտ"},{"$i":"sending","$v":"Ուղրկմ…"},{"$i":"video-call","$v":"Տեսականչ"},{"$i":"rtt-call","$v":"RTT կանչ"},{"$i":"callAirplaneModeTitle","$v":"Օդանավի ռեժիմը ակտիվացված է"},{"$i":"callAirplaneModeMessage","$v":"Կանչ կատարելու համար անջատեք ինքնաթիռի ռեժիմը պարամետրերից:"},{"$i":"emergencyDialogTitle","$v":"Ցանցի կապ չկա"},{"$i":"emergencyDialogBodyBadNumber","$v":"Կանչ կատարելու համար հեռախոսը պետք է միացված լինին ցանցին:"},{"$i":"emergencyDialogBodyDeviceNotAccepted","$v":"Արտակարգ իրավիճակի կանչերը թույլատրելի չեն առանց ցանցի:"},{"$i":"invalidNumberToDialTitle","$v":"Անվավեր հեռախոսահամար"},{"$i":"invalidNumberToDialMessage","$v":"Հեռախոսահամարը, որին զանգում եք, վավեր չէ:"},{"$i":"emergency-call-only","$v":"Միայն արտակարգ իրավիճակի կանչ"},{"$i":"emergency-call-error","$v":[{"t":"idOrVar","v":"number"}," արտկրգ իրվճկնր հռխոսհմր չէ:"]},{"$i":"numberIsBusyTitle","$v":"Համարը զբաղված է"},{"$i":"numberIsBusyMessage","$v":"Այս պահին համարը զբաղված է: Կրկին փորձեք ավելի ուշ:"},{"$i":"fdnIsActiveTitle","$v":"FDN-ն ակտիվ է"},{"$i":"fdnIsActiveMessage","$v":["FDN-ը (Ֆիքսված հավաքման համարներ) ակտիվացված է և հետևյալ համարը FDN ցանկում չէ. ",{"t":"idOrVar","v":"number"}]},{"$i":"otherConnectionInUseTitle","$v":"Օգտգրծվծ այլ միացում"},{"$i":"otherConnectionInUseMessage","$v":"Դուք ունեք ակտիվ կանչ կամ մեկ այլ միացում: Դուք կարող եք միայ օգտագործել մեկ միացում միաժամանակ:"},{"$i":"GenericFailure","$v":"Ընդհանուր ձախողում"},{"$i":"CallFailed","$v":"Կանչը ձախողվեց"},{"$i":"scCallBarring","$v":"Կանչի արգելք"},{"$i":"scCallForwarding","$v":"Կանչի փխնցմ"},{"$i":"scClip","$v":"Մուտքային կանչողի ID"},{"$i":"scClir","$v":"Ելքային կանչողի ID"},{"$i":"scPwd","$v":"Անցակոդի փոխում"},{"$i":"scCallWaiting","$v":"Կանչի սպասում"},{"$i":"scPin","$v":"PIN-ի փոխում"},{"$i":"scPin2","$v":"PIN2-ի փոփոխում"},{"$i":"scPuk","$v":"Արգելաբացել PIN-ը"},{"$i":"scPuk2","$v":"Արգելաբացել PIN2-ը"},{"$i":"scImei","$v":"IMEI"},{"$i":"scMeid","$v":"MEID"},{"$i":"scUssd","$v":"USSD"},{"$i":"deviceIsUnlocked","$v":"Սարքն արգելաբացված է"},{"$i":"simUnlockCodeAccepted","$v":"SIM-ի արգելաբացման կոդն ընդունվեց"},{"$i":"simUnlockCodeFailed","$v":"Չհաջողվեց արգելաբացել SIM-ը"},{"$i":"personal","$v":"Անձնական"},{"$i":"mobile","$v":"Բջջային"},{"$i":"home","$v":"Գլխավոր էջ"},{"$i":"work","$v":"Աշխատանք"},{"$i":"fax-home","$v":"Ֆաքս տուն"},{"$i":"fax-office","$v":"Ֆաքս գրասենյակ"},{"$i":"fax-other","$v":"Ֆաքս այլ"},{"$i":"noSimCard","$v":"SIM քարտ չկա"},{"$i":"noService","$v":"Ծառայություն չկա"},{"$i":"lockedSim","$v":"Կողպված SIM"},{"$i":"airplaneMode","$v":"Օդանավի ռեժիմ"},{"$i":"wifi-calling","$v":"Wi-Fi կանչ"},{"$i":"homescreen-settings","$v":"Հիմնական էկրանի պարամետրեր"},{"$i":"change-wallpaper","$v":"Փոխել պաստառը"},{"$i":"add-smart-collections","$v":"Ավլցն Խելացի հավաքածուներ"},{"$i":"edit-mode","$v":"Խմբգրլ"},{"$i":"edit-done","$v":"Արված է"},{"$i":"tutorial-for-side-menu-1","$v":["Սեղմեք ",{"t":"idOrVar","v":"left"}," կոճակը՝ ձախ կողմի հավելվածներն օգտագործելու համար:"]},{"$i":"tutorial-for-instant-settings-1","$v":["Սեղմեք ",{"t":"idOrVar","v":"up"}," կոճակը՝ սովորաբար օգտագործվող կարգավորումների համար:"]},{"$i":"tutorial-for-notices","$v":"Սեղմեք ԱՋ ստեղնը՝ ձեր ծանուցումները դիտելու համար:"},{"$i":"tutorial-for-google-assistant-1","$v":["Երկար սեղմեք ",{"t":"idOrVar","v":"microphone"}," կոճակը՝ խոսելու համար:"]},{"$i":"tutorial-for-voice-input-1","$v":["Երկար սեղմեք ",{"t":"idOrVar","v":"microphone"}," կոճակը՝ տեքստի դաշտում խոսելու համար:"]},{"$i":"tutorial-for-find-kaistore-2","$v":"Գտեք KaiStore հավելվածը Հավելվածների ընտրացանկի (Apps Menu) առաջին էջում։"},{"$i":"tutorial-for-left","$v":"ՁԱԽ"},{"$i":"tutorial-for-up","$v":"ՎԵՐ"},{"$i":"stop-download-title","$v":["Դադարեցնել ",{"t":"idOrVar","v":"name"}]},{"$i":"stop-download-body","$v":"Դադարեցնե՞լ ընթացիկ ներբեռնումը:"},{"$i":"stop-download-action","$v":"Դադարեցնել"},{"$i":"resume-download-title","$v":"Վերգրծրկլ բեռնում"},{"$i":"resume-download-body","$v":["Ներբեռնե՞լ ",{"t":"idOrVar","v":"name"},"-ը:"]},{"$i":"resume-download-action","$v":"Նրբռնլ"},{"$i":"edit-group-header","$v":"Խմբգրլ խումբը"},{"$i":"gaia-shortcut-app-updated","$v":"Ծրագիրը թարմացվեց"},{"$i":"clocks-updated","$v":"Ժամացույցները թարմացվեցին"},{"$i":"longDateFormat","$v":"%A, %B %e"},{"$i":"app-title","$v":"Իմ ծրագրերը"},{"$i":"app-uninstall","$v":[{"t":"idOrVar","v":"name"}," ապատեղադրվեց"]},{"$i":"confirmation","$v":"Հաստատում"},{"$i":"eccOnly","$v":"Emergency calls only"},{"$i":"emergencyCallsOnly","$v":"Emergency calls only"},{"$i":"searching","$v":"Որոնվում է..."},{"$i":"clockDateFormat","$v":"%a, %e %b"},{"$i":"apn-sim1","$v":"APN Settings - SIM1"},{"$i":"apn-sim2","$v":"APN Settings - SIM2"},{"$i":"apnDefaultConfig","$v":"APN Default Config"},{"$i":"apn-defaultconfig-message","$v":"Set which type of apn to used"},{"$i":"apnConfigPostpay","$v":"Postpay APN"},{"$i":"apnConfigPrepay","$v":"Prepay APN"},{"$i":"qtn_sm_toast_set_ICE_first","$v":"ICE կոնտակներ չկան, անցեք Կոնտակների կարգավորումներ կամ ICE տեղեկությունների ընտրանքների"},{"$i":"qtn_sm_toast_google_assist","$v":"Google Օգնականը միացնելու համար երկար սեղմեք կամ կրկնակի"},{"$i":"qtn_sm_toast_sos_call_msg","$v":"SOS կանչի/SOS հղդրգրթյնը միացնելու համար երկար սեղմեք կամ կրկնակի"},{"$i":"nocard-eccOnly","$v":"No SIM card-Emergency calls only"},{"$i":"unusablecard-eccOnly","$v":"Unusable SIM card-Emergency calls only"},{"$i":"utilities","$v":"Utilities"},{"$i":"games","$v":"Խաղեր"},{"$i":"toast-app-downloaded-to-folder","$v":[{"t":"idOrVar","v":"appName"}," հավելվածը ներբեռնվեց ",{"t":"idOrVar","v":"folderName"}," պանակ:"]},{"$i":"notices-reminder-header","$v":"Հիշեցում"},{"$i":"notices-reminder-content","$v":"Դուք ունեք չընթերցված ծանուցումներ։ Ստուգեք Ծանուցումներ բաժին և բաց մի թողեք կարևոր ծանուցումները։"},{"$i":"toast-need-update-app","$v":"Խնդրում ենք թարմացնել հավելվածն առավել վերջին տարբերակի՝ JioStore հավելվածով շարունակելու համար։"},{"$i":"call-forwarding-async","$v":["Ապահմժմվծ՝ ",{"t":"idOrVar","v":"async"}]},{"$i":"call-forwarding-data","$v":["Տվյալներ. ",{"t":"idOrVar","v":"data"}]},{"$i":"call-forwarding-error","$v":"Զանգի վերահասցեավորման կարգավիճակի ստացման ընթացքում առաջացավ սխալ"},{"$i":"call-forwarding-fax","$v":["ՖԱՔՍ. ",{"t":"idOrVar","v":"fax"}]},{"$i":"call-forwarding-inactive","$v":"Ապակտիվ"},{"$i":"call-forwarding-packet","$v":["Փաթեթ՝ ",{"t":"idOrVar","v":"packet"}]},{"$i":"call-forwarding-pad","$v":["PAD՝ ",{"t":"idOrVar","v":"pad"}]},{"$i":"call-forwarding-sms","$v":["SMS՝ ",{"t":"idOrVar","v":"sms"}]},{"$i":"call-forwarding-status","$v":"Կանչի փխնցմն կրգվճկ"},{"$i":"call-forwarding-sync","$v":["Համաժամանակյա՝ ",{"t":"idOrVar","v":"sync"}]},{"$i":"call-forwarding-voice","$v":["Ձայն՝ ",{"t":"idOrVar","v":"voice"}]},{"$i":"call-forwarding-voice-after-seconds","$v":["Կանչ՝ ",{"t":"idOrVar","v":"voice"}," ",{"t":"idOrVar","v":"timeSeconds"}," վրկ հետո"]},{"$i":"fihVersion","$v":"FIH Version"},{"$i":"serviceClassVoice","$v":"Ձայնագրություն"},{"$i":"serviceClassData","$v":"Տվյալներ"},{"$i":"serviceClassFax","$v":"ՖԱՔՍ"},{"$i":"serviceClassSms","$v":"SMS"},{"$i":"serviceClassDataSync","$v":"Համաժամացնել"},{"$i":"serviceClassDataAsync","$v":"Ապահմժմվծ"},{"$i":"serviceClassPacket","$v":"Փաթեթ"},{"$i":"serviceClassPad","$v":"PAD"},{"$i":"smServiceEnabled","$v":"Ծռյթյնը միացված էր"},{"$i":"smServiceDisabled","$v":"Ծառայությունն անջատվել է"},{"$i":"smServiceRegistered","$v":"Գրանցումը հաջող անցավ"},{"$i":"smServiceErased","$v":"Ջնջվեց"},{"$i":"smServiceInterrogated","$v":"Հայցումը հաջողվեց"},{"$i":"smServiceNotProvisioned","$v":"Ծռյթյն ապահովված չէ"},{"$i":"smClirPermanent","$v":"Դուք չեք կարող փոփոխել կանչողի ID պարամետրերը"},{"$i":"smClirDefaultOnNextCallOn","$v":"Կնչղի ID-ն կնխդրյլ սհմնփկվծ է: Հջրդ կնչը՝ Սհմնփկվծ է"},{"$i":"smClirDefaultOnNextCallOff","$v":"Կանչողի ID-ն կանխադրյալ սահմանափակված է: Հաջորդ կանչը՝ Սահմանափակված չէ"},{"$i":"smClirDefaultOffNextCallOn","$v":"Կանչողի ID-ն կանխադրյալ սահմանափակված չէ: Հաջորդ կանչը՝ Սահմանափակված է"},{"$i":"smClirDefaultOffNextCallOff","$v":"Կանչողի ID-ն կանխադրյալ սահմանափակված չէ: Հաջորդ կանչը՝ Սահմանափակված չէ"},{"$i":"smServiceEnabledFor","$v":"Ծառայությունը միացված էր հետևյալի համար՝"},{"$i":"smPinChanged","$v":"PIN-ը փոխվեց"},{"$i":"smPinUnblocked","$v":"PIN-ն արգելաբացվեց"},{"$i":"smPin2Changed","$v":"PIN2-ը փոխվեց"},{"$i":"smPin2Unblocked","$v":"PIN2-ն արգելաբացվեց"},{"$i":"ServiceIsEnabled","$v":"Ծառայությունը միացված է"},{"$i":"ServiceIsDisabled","$v":"Ծառայությունն անջատված է"},{"$i":"ServiceIsEnabledFor","$v":"Ծռյթյն միցվծ է հտևյլի հմր՝"},{"$i":"emMmiError","$v":"Միացման խնդիր կամ անվավեր MMI կոդ"},{"$i":"emMmiErrorPasswordIncorrect","$v":"Սխալ գաղտնաբառ"},{"$i":"emMmiErrorNotSupported","$v":"Անվավեր կամ չաջակցվող MMI կոդ"},{"$i":"emMmiErrorInvalidAction","$v":"Անվավեր գործողություն"},{"$i":"emMmiErrorInvalidScCode","$v":"Անվավեր ծառայության կոդ"},{"$i":"emMmiErrorBadPuk","$v":"Մուտքագրված PUK-ը սխալ է"},{"$i":"emMmiErrorBadPin","$v":"Մուտքագրված հին PIN-ը սխալ է:"},{"$i":"emMmiErrorNeedPuk2","$v":"Մտքագրեք PUK2-ը SIM քարտն արգելաբացելու համար"},{"$i":"emMmiErrorMismatchPin","$v":"Մուտքագրված PIN-երը չեն համընկնում"},{"$i":"emMmiErrorInvalidPin","$v":"Մտքգրեք 4-ից 8 թվով PIN-ը"},{"$i":"emMmiErrorNeedsPuk","$v":"Ձեր SIM քարտը կողպված է PUK-ով"},{"$i":"emMmiErrorEnablePin","$v":"Չհաջողվեց: Միացնել SIM/RUIM ԿՈՂՊՈՒՄԸ"},{"$i":"emMmiErrorMmiFdn","$v":"Գրծղթյնը սհմնփկվծ է միայն ամրգրվծ հմրհվքի հմրնրին"},{"$i":"emMmiErrorStkCcUssdDial","$v":"USSD հայցը փոփոխվեց ՀԱՎԱՔԵԼ հայցի"},{"$i":"emMmiErrorStkCcUssdSs","$v":"USSD հայցը փոփոխվեց SS հայցի"},{"$i":"emMmiErrorStkCcUssdUssd","$v":"USSD հայցը փոփոխվեց նոր USSD հայցի"},{"$i":"emMmiErrorStkCcSsDial","$v":"SS հայցը փոփոխվեց ՀԱՎԱՔԵԼ հայցի"},{"$i":"emMmiErrorStkCcSsUssd","$v":"SS հյցը փոխվեց USSD հյցի"},{"$i":"emMmiErrorStkCcSsSs","$v":"SS հայցը փոփոխվեց նոր SS հայցի"},{"$i":"emMmiErrorPinPukAttempts","$v":{"few":["Մնաց ",{"t":"idOrVar","v":"n"}," փորձ"],"many":["Մնաց ",{"t":"idOrVar","v":"n"}," փորձ"],"one":["Մնց ընդմն ",{"t":"idOrVar","v":"n"}," փրձ"],"other":["Մնաց ",{"t":"idOrVar","v":"n"}," փորձ"],"two":["Մնաց ",{"t":"idOrVar","v":"n"}," փորձ"]},"$x":[{"t":"idOrVar","v":"plural"},"n"]},{"$i":"emMmiErrorSimBlocked","$v":"Գերազանցվեց փորձերի առավելագույն թիվը: SIM-ն արգելափակվեց"},{"$i":"RadioNotAvailable","$v":"Radio not available"},{"$i":"PasswordIncorrect","$v":"Սխալ գաղտնաբառ"},{"$i":"SimPin2","$v":"SIM PIN2"},{"$i":"SimPuk2","$v":"SIM PUK2"},{"$i":"RequestNotSupported","$v":"Հայցումը չի բավարարվել"},{"$i":"OpNotAllowedDuringVoiceCall","$v":"Գրծղթյն թյլտրլի չէ ձյնկնչի ժմնկ"},{"$i":"SmsSendFailRetry","$v":"SMS send fail retry"},{"$i":"SimAbsent","$v":"SIM չկա"},{"$i":"SubscriptionNotAvailable","$v":"Բաժանորդագրությունը հասանելի չէ"},{"$i":"ModeNotSupported","$v":"Ռեժիմը չի աջակցվում"},{"$i":"FdnCheckFailure","$v":"Fdn ստուգումը ձախողվեց"},{"$i":"IllegalSimOrMe","$v":"Անօրինական SIM կամ ME"},{"$i":"DialModifiedToUssd","$v":"Dial modified to USSD"},{"$i":"DialModifiedToSs","$v":"Dial modified to SS"},{"$i":"DialModifiedToDial","$v":"Dial modified to dial"},{"$i":"UssdModifiedToDial","$v":"USSD-ն փոխվեց հվքմն"},{"$i":"UssdModifiedToSs","$v":"USSD-ն փոփոխվեց SS-ի"},{"$i":"UssdModifiedToUssd","$v":"USSD-ն փոխվեց USSD-ի"},{"$i":"SsModifiedToDial","$v":"SS-ը փոփոխվեց հավաքման"},{"$i":"SsModifiedToUssd","$v":"SS-ը փոփոխվեց USSD-ի"},{"$i":"SsModifiedToSs","$v":"SS-ը փոփոխվեց SS-ի"},{"$i":"SubscriptionNotSupported","$v":"Բաժանորդագրությունը չի աջակցվում"},{"$i":"InvalidParameter","$v":"Անվավեր հարաչափ"},{"$i":"RejectedByRemote","$v":"Հեռակա մերժված է"},{"$i":"GetEmptyUssdPrompt","$v":"Պատասխանը ստացվել է:"},{"$i":"ice-latitude","$v":"Երկայնություն՝"},{"$i":"ice-longitude","$v":"Լայնություն՝"},{"$i":"sim-with-index-and-carrier","$v":["SIM ",{"t":"idOrVar","v":"index"}," - ",{"t":"idOrVar","v":"carrier"}]},{"$i":"sim-without-carrier","$v":["SIM ",{"t":"idOrVar","v":"index"}]},{"$i":"label","$v":"Պիտակ"},{"$i":"faxHome","$v":"Ֆաքս տուն"},{"$i":"faxOffice","$v":"Ֆաքս գրասենյակ"},{"$i":"faxOther","$v":"Ֆաքս այլ"},{"$i":"another","$v":"Մեկ այլ"},{"$i":"other","$v":"Այլ"},{"$i":"customTag","$v":"Հատուկ հատկորոշիչ","placeholder":"Հատուկ հատկորոշիչ"},{"$i":"current","$v":"Ընթացիկ"},{"$i":"itemWithLabel","$v":[{"t":"idOrVar","v":"label"},", ",{"t":"idOrVar","v":"item"}]},{"$i":"weekday-0-long","$v":"Կիրակի"},{"$i":"weekday-1-long","$v":"Երկուշաբթի"},{"$i":"weekday-2-long","$v":"Երեքշաբթի"},{"$i":"weekday-3-long","$v":"Չորեքշաբթի"},{"$i":"weekday-4-long","$v":"Հինգշաբթի"},{"$i":"weekday-5-long","$v":"Ուրբաթ"},{"$i":"weekday-6-long","$v":"Շաբաթ"},{"$i":"weekday-0-short","$v":"Կիր"},{"$i":"weekday-1-short","$v":"Երկ"},{"$i":"weekday-2-short","$v":"Երք"},{"$i":"weekday-3-short","$v":"Չրք"},{"$i":"weekday-4-short","$v":"Հնգ"},{"$i":"weekday-5-short","$v":"Ուրբ"},{"$i":"weekday-6-short","$v":"Շբթ"},{"$i":"month-0-long","$v":"Հունվար"},{"$i":"month-1-long","$v":"Փետրվար"},{"$i":"month-2-long","$v":"Մարտ"},{"$i":"month-3-long","$v":"Ապրիլ"},{"$i":"month-4-long","$v":"Մյս"},{"$i":"month-5-long","$v":"Հունիս"},{"$i":"month-6-long","$v":"Հուլիս"},{"$i":"month-7-long","$v":"Օգոստոս"},{"$i":"month-8-long","$v":"Սեպտեմբեր"},{"$i":"month-9-long","$v":"Հոկտեմբեր"},{"$i":"month-10-long","$v":"Նոյեմբեր"},{"$i":"month-11-long","$v":"Դեկտեմբեր"},{"$i":"month-0-genitive","$v":"Հունվար"},{"$i":"month-1-genitive","$v":"Փետրվար"},{"$i":"month-2-genitive","$v":"Մարտ"},{"$i":"month-3-genitive","$v":"Ապրիլ"},{"$i":"month-4-genitive","$v":"Մյս"},{"$i":"month-5-genitive","$v":"Հունիս"},{"$i":"month-6-genitive","$v":"Հուլիս"},{"$i":"month-7-genitive","$v":"Օգոստոս"},{"$i":"month-8-genitive","$v":"Սեպտեմբեր"},{"$i":"month-9-genitive","$v":"Հոկտեմբեր"},{"$i":"month-10-genitive","$v":"Նոյեմբեր"},{"$i":"month-11-genitive","$v":"Դեկտեմբեր"},{"$i":"month-0-short","$v":"Հունվ"},{"$i":"month-1-short","$v":"Փետ"},{"$i":"month-2-short","$v":"Մրտ"},{"$i":"month-3-short","$v":"Ապլ"},{"$i":"month-4-short","$v":"Մյս"},{"$i":"month-5-short","$v":"Հուն"},{"$i":"month-6-short","$v":"Հուլ"},{"$i":"month-7-short","$v":"Օգս"},{"$i":"month-8-short","$v":"Սպտ"},{"$i":"month-9-short","$v":"Հոկտ"},{"$i":"month-10-short","$v":"Նոյ"},{"$i":"month-11-short","$v":"Դեկ"},{"$i":"minutes-ago-long","$v":{"few":[{"t":"idOrVar","v":"value"}," րոպե առաջ"],"many":[{"t":"idOrVar","v":"value"}," րոպե առաջ"],"one":"րոպե առաջ","other":[{"t":"idOrVar","v":"value"}," րոպե առաջ"],"two":[{"t":"idOrVar","v":"value"}," րոպե առաջ"],"zero":"հենց նոր"},"$x":[{"t":"idOrVar","v":"plural"},"value"]},{"$i":"hours-ago-long","$v":{"few":[{"t":"idOrVar","v":"value"}," ժամ առաջ"],"many":[{"t":"idOrVar","v":"value"}," ժամ առաջ"],"one":"մեկ ժամ առաջ","other":[{"t":"idOrVar","v":"value"}," ժամ առաջ"],"two":[{"t":"idOrVar","v":"value"}," ժամ առաջ"],"zero":"հենց նոր"},"$x":[{"t":"idOrVar","v":"plural"},"value"]},{"$i":"days-ago-long","$v":{"few":[{"t":"idOrVar","v":"value"}," օր առաջ"],"many":[{"t":"idOrVar","v":"value"}," օր առաջ"],"one":"երեկ","other":[{"t":"idOrVar","v":"value"}," օր առաջ"],"two":[{"t":"idOrVar","v":"value"}," օր առաջ"],"zero":"այսօր"},"$x":[{"t":"idOrVar","v":"plural"},"value"]},{"$i":"weeks-ago-long","$v":{"few":[{"t":"idOrVar","v":"value"}," շաբաթ առաջ"],"many":[{"t":"idOrVar","v":"value"}," շաբաթ առաջ"],"one":"անցյալ շաբաթ","other":[{"t":"idOrVar","v":"value"}," շաբաթ առաջ"],"two":[{"t":"idOrVar","v":"value"}," շաբաթ առաջ"],"zero":"այս շաբաթ"},"$x":[{"t":"idOrVar","v":"plural"},"value"]},{"$i":"months-ago-long","$v":{"few":[{"t":"idOrVar","v":"value"}," ամիս առաջ"],"many":[{"t":"idOrVar","v":"value"}," ամիս առաջ"],"one":"անցած ամիս","other":[{"t":"idOrVar","v":"value"}," ամիս առաջ"],"two":[{"t":"idOrVar","v":"value"}," ամիս առաջ"],"zero":"այս ամիս"},"$x":[{"t":"idOrVar","v":"plural"},"value"]},{"$i":"years-ago-long","$v":{"few":[{"t":"idOrVar","v":"value"}," տարի առաջ"],"many":[{"t":"idOrVar","v":"value"}," տարի առաջ"],"one":"անցյալ տարի","other":[{"t":"idOrVar","v":"value"}," տարի առաջ"],"two":[{"t":"idOrVar","v":"value"}," տարի առաջ"],"zero":"այս տարի"},"$x":[{"t":"idOrVar","v":"plural"},"value"]},{"$i":"minutes-until-long","$v":{"few":[{"t":"idOrVar","v":"value"}," րոպեից"],"many":[{"t":"idOrVar","v":"value"}," րոպեից"],"one":"մեկ րոպեից","other":[{"t":"idOrVar","v":"value"}," րոպեից"],"two":[{"t":"idOrVar","v":"value"}," րոպեից"],"zero":"հիմա"},"$x":[{"t":"idOrVar","v":"plural"},"value"]},{"$i":"hours-until-long","$v":{"few":[{"t":"idOrVar","v":"value"}," ժամից"],"many":[{"t":"idOrVar","v":"value"}," ժամից"],"one":"մեկ ժամից","other":[{"t":"idOrVar","v":"value"}," ժամից"],"two":[{"t":"idOrVar","v":"value"}," ժամից"],"zero":"հիմա"},"$x":[{"t":"idOrVar","v":"plural"},"value"]},{"$i":"days-until-long","$v":{"few":[{"t":"idOrVar","v":"value"}," օրից"],"many":[{"t":"idOrVar","v":"value"}," օրից"],"one":"վաղը","other":[{"t":"idOrVar","v":"value"}," օրից"],"two":[{"t":"idOrVar","v":"value"}," օրից"],"zero":"այսօր"},"$x":[{"t":"idOrVar","v":"plural"},"value"]},{"$i":"weeks-until-long","$v":{"few":[{"t":"idOrVar","v":"value"}," շաբաթից"],"many":[{"t":"idOrVar","v":"value"}," շաբաթից"],"one":"հաջորդ շաբաթ","other":[{"t":"idOrVar","v":"value"}," շաբաթից"],"two":[{"t":"idOrVar","v":"value"}," շաբաթից"],"zero":"այս շաբաթ"},"$x":[{"t":"idOrVar","v":"plural"},"value"]},{"$i":"months-until-long","$v":{"few":[{"t":"idOrVar","v":"value"}," ամսից"],"many":[{"t":"idOrVar","v":"value"}," ամսից"],"one":"հաջորդ ամիս","other":[{"t":"idOrVar","v":"value"}," ամսից"],"two":[{"t":"idOrVar","v":"value"}," ամսից"],"zero":"այս ամիս"},"$x":[{"t":"idOrVar","v":"plural"},"value"]},{"$i":"years-until-long","$v":{"few":[{"t":"idOrVar","v":"value"}," տարուց"],"many":[{"t":"idOrVar","v":"value"}," տարուց"],"one":"հաջորդ տարի","other":[{"t":"idOrVar","v":"value"}," տարուց"],"two":[{"t":"idOrVar","v":"value"}," տարուց"],"zero":"այս տարի"},"$x":[{"t":"idOrVar","v":"plural"},"value"]},{"$i":"minutes-ago-short","$v":{"other":[{"t":"idOrVar","v":"value"}," ր առաջ"],"zero":"հենց նոր"},"$x":[{"t":"idOrVar","v":"plural"},"value"]},{"$i":"hours-ago-short","$v":{"other":[{"t":"idOrVar","v":"value"}," ժ առաջ"],"zero":"հենց նոր"},"$x":[{"t":"idOrVar","v":"plural"},"value"]},{"$i":"days-ago-short","$v":{"other":[{"t":"idOrVar","v":"value"}," օր առաջ"],"zero":"այսօր"},"$x":[{"t":"idOrVar","v":"plural"},"value"]},{"$i":"minutes-until-short","$v":{"other":[{"t":"idOrVar","v":"value"}," ր-ից"],"zero":"հիմա"},"$x":[{"t":"idOrVar","v":"plural"},"value"]},{"$i":"hours-until-short","$v":{"other":[{"t":"idOrVar","v":"value"}," ժ-ից"],"zero":"հիմա"},"$x":[{"t":"idOrVar","v":"plural"},"value"]},{"$i":"days-until-short","$v":{"other":[{"t":"idOrVar","v":"value"}," օրից"],"zero":"այսօր"},"$x":[{"t":"idOrVar","v":"plural"},"value"]},{"$i":"incorrectDate","$v":"(սխալ ամսաթիվ)"},{"$i":"dateTimeFormat_%c","$v":"%a %b %e %Y %I:%M:%S %p"},{"$i":"dateTimeFormat_%x","$v":"%m/%d/%Y"},{"$i":"dateTimeFormat_%X","$v":"%I:%M:%S %p"},{"$i":"shortTimeFormat","$v":"%I:%M %p"},{"$i":"shortTimeFormat12","$v":"%I:%M %p"},{"$i":"shortTimeFormat24","$v":"%H:%M"},{"$i":"shortDateTimeFormat","$v":"%x %I:%M %p"},{"$i":"weekStartsOnMonday","$v":"0.0"},{"$i":"firstDayOfTheWeek","$v":"1.0"},{"$i":"time_am","$v":"AM"},{"$i":"time_pm","$v":"PM"}]