[{"$i":"search-or-enter-address","placeholder":"Cari atau masukkan alamat"},{"$i":"delete-title","$v":["Hapus ",{"t":"idOrVar","v":"name"}]},{"$i":"delete-body","$v":[{"t":"idOrVar","v":"name"}," dan semua datanya akan dihapus."]},{"$i":"delete","$v":"Hapus"},{"$i":"cancel","$v":"Batal"},{"$i":"apps","$v":"Aplikasi"},{"$i":"menu","$v":"Menu"},{"$i":"notifications","$v":"Pemberitahuan"},{"$i":"camera","$v":"Kamera"},{"$i":"speed-dial","$v":"Panggilan Cepat"},{"$i":"select","$v":"Pilih"},{"$i":"move","$v":"Pindahkan"},{"$i":"ok","$v":"OK"},{"$i":"set","$v":"Tetapkan"},{"$i":"edit","$v":"Edit"},{"$i":"call","$v":"Panggilan"},{"$i":"message","$v":"Pesan"},{"$i":"options","$v":"Opsi"},{"$i":"assign","$v":"Menetapkan"},{"$i":"remove","$v":"Hapus"},{"$i":"replace","$v":"Ganti"},{"$i":"more","$v":"Lebih"},{"$i":"settings","$v":"Pengaturan"},{"$i":"contacts","$v":"Kontak"},{"$i":"list-view","$v":"Tampilan Daftar"},{"$i":"grid-view","$v":"Tampilan Kisi"},{"$i":"single-view","$v":"Tampilan Tunggal"},{"$i":"skip","$v":"Lewati"},{"$i":"shortcuts","$v":"Pintasan"},{"$i":"next","$v":"Berikutnya"},{"$i":"back","$v":"Kembali"},{"$i":"memory-cleaner","$v":"Pembebas Memori"},{"$i":"open","$v":"BUKA"},{"$i":"voicemail","$v":"Pesan suara"},{"$i":"speed-dial-not-empty","ariaLabel":[{"t":"idOrVar","v":"order"},", ",{"t":"idOrVar","v":"name"}]},{"$i":"speed-dial-empty","ariaLabel":[{"t":"idOrVar","v":"order"},", kosong"]},{"$i":"remove-speed-dial","$v":["Anda yakin ingin membuang ",{"t":"idOrVar","v":"name"}," dari Panggilan Cepat ?"]},{"$i":"replace-speed-dial","$v":["Anda yakin ingin mengganti ",{"t":"idOrVar","v":"name"}," dengan ",{"t":"idOrVar","v":"subName"},"?"]},{"$i":"assign-speed-dial","$v":["Kontak tidak ditambahkan sebagai panggilan cepat pada tombot ",{"t":"idOrVar","v":"n"},". Tetapkan sekarang?"]},{"$i":"assign-voicemail","$v":"Nomor Pesan Suara belun ditetapkan."},{"$i":"alert-for-contacts-without-number","$v":"Tidak ada kontak dengan nomor telepon tersedia."},{"$i":"option-remove","$v":"Hapus dari Panggilan Cepat"},{"$i":"option-replace","$v":"Ganti"},{"$i":"all-apps","$v":"Semua aplikasi"},{"$i":"uninstall","$v":"Melepaskan"},{"$i":"confirm-to-uninstall-app","$v":["Mencopot pemasangan aplikasi ",{"t":"idOrVar","v":"appName"},"?"]},{"$i":"confirm-to-unpin-bookmark","$v":"Lepas sematan situs web?"},{"$i":"unpin","$v":"Lepas pin"},{"$i":"rename","$v":"Ganti nama"},{"$i":"title","$v":"Judul"},{"$i":"add-to-existing-contact","$v":"Tambahkan ke Kontak yang Sudah Ada"},{"$i":"create-new-contact","$v":"Buat Kontak Baru"},{"$i":"sending","$v":"Mengirim…"},{"$i":"video-call","$v":"Panggilan video"},{"$i":"rtt-call","$v":"Panggilan RTT"},{"$i":"callAirplaneModeTitle","$v":"Mode pesawat terbang aktif"},{"$i":"callAirplaneModeMessage","$v":"Untuk melakukan panggilan Anda perlu mematikan mode pesawat terbang di pengaturan."},{"$i":"emergencyDialogTitle","$v":"Tidak ada koneksi jaringan"},{"$i":"emergencyDialogBodyBadNumber","$v":"Untuk melakukan panggilan, ponsel harus tersambung ke jaringan."},{"$i":"emergencyDialogBodyDeviceNotAccepted","$v":"Panggilan darurat tidak diizinkan oleh jaringan."},{"$i":"invalidNumberToDialTitle","$v":"Nomor telepon tidak valid"},{"$i":"invalidNumberToDialMessage","$v":"Nomor telepon yang ada panggil tidak valid."},{"$i":"emergency-call-only","$v":"Hanya Panggilan Darurat"},{"$i":"emergency-call-error","$v":[{"t":"idOrVar","v":"number"}," bukan nomor darurat."]},{"$i":"numberIsBusyTitle","$v":"Nomor sedang sibuk"},{"$i":"numberIsBusyMessage","$v":"Nomor sedang sibuk. Silakan coba sesaat lagi."},{"$i":"fdnIsActiveTitle","$v":"FDN Aktif"},{"$i":"fdnIsActiveMessage","$v":["FDN (Fixed Dialing Numbers) diaktifkan dan nomor berikut tidak dalam daftar NPT Anda: ",{"t":"idOrVar","v":"number"}]},{"$i":"otherConnectionInUseTitle","$v":"Koneksi lain sedang digunakan"},{"$i":"otherConnectionInUseMessage","$v":"Anda memiliki panggilan aktif di koneksi lain. Anda hanya dapat menggunakan satu koneksi pada satu waktu."},{"$i":"GenericFailure","$v":"Kegagalan umum"},{"$i":"CallFailed","$v":"Panggilan gagal"},{"$i":"scCallBarring","$v":"Pembatasan panggilan"},{"$i":"scCallForwarding","$v":"Penerusan panggilan"},{"$i":"scClip","$v":"ID Pemanggil Masuk"},{"$i":"scClir","$v":"ID Pemanggil Keluar"},{"$i":"scPwd","$v":"Sandi berubah"},{"$i":"scCallWaiting","$v":"Panggilan tunggu"},{"$i":"scPin","$v":"PIN berubah"},{"$i":"scPin2","$v":"PIN2 berubah"},{"$i":"scPuk","$v":"Lepas blokir PIN"},{"$i":"scPuk2","$v":"Lepas blokir PIN2"},{"$i":"scImei","$v":"IMEI"},{"$i":"scMeid","$v":"MEID"},{"$i":"scUssd","$v":"USSD"},{"$i":"deviceIsUnlocked","$v":"Perangkat terbuka"},{"$i":"simUnlockCodeAccepted","$v":"Kode buka kunci SIM diterima"},{"$i":"simUnlockCodeFailed","$v":"Membuka kunci SIM gagal"},{"$i":"personal","$v":"Pribadi"},{"$i":"mobile","$v":"Seluler"},{"$i":"home","$v":"Rumah"},{"$i":"work","$v":"Kantor"},{"$i":"fax-home","$v":"Fax rumah"},{"$i":"fax-office","$v":"Fax kantor"},{"$i":"fax-other","$v":"Fax lainnya"},{"$i":"noSimCard","$v":"Tidak ada kartu SIM"},{"$i":"noService","$v":"Tidak Ada Layanan"},{"$i":"lockedSim","$v":"SIM terkunci"},{"$i":"airplaneMode","$v":"Mode Pesawat"},{"$i":"wifi-calling","$v":"Panggilan Wi-Fi"},{"$i":"homescreen-settings","$v":"Pengaturan Tampilan Awal"},{"$i":"change-wallpaper","$v":"Ubah Wallpaper"},{"$i":"add-smart-collections","$v":"Tambahkan Koleksi Pintar"},{"$i":"edit-mode","$v":"Edit"},{"$i":"edit-done","$v":"Selesai"},{"$i":"tutorial-for-side-menu-1","$v":["Tekan tombol ",{"t":"idOrVar","v":"left"}," untuk mengakses apl di sebelah kiri."]},{"$i":"tutorial-for-instant-settings-1","$v":["Tekan tombol ",{"t":"idOrVar","v":"up"}," untuk setelan yang umum digunakan."]},{"$i":"tutorial-for-notices","$v":"Tekan tombol KANAN untuk melihat pemberitahuan baru."},{"$i":"tutorial-for-google-assistant-1","$v":["Tekan tahan ",{"t":"idOrVar","v":"microphone"}," untuk berbicara."]},{"$i":"tutorial-for-voice-input-1","$v":["Tekan tahan ",{"t":"idOrVar","v":"microphone"}," untuk berbicara dalam bidang teks."]},{"$i":"tutorial-for-find-kaistore-2","$v":"Cari apl KaiStore di halaman pertama Menu Apl."},{"$i":"tutorial-for-left","$v":"KIRI"},{"$i":"tutorial-for-up","$v":"ATAS"},{"$i":"stop-download-title","$v":["Hentikan ",{"t":"idOrVar","v":"name"}]},{"$i":"stop-download-body","$v":"Apakah Anda ingin menghentikan unduhan yang berlangsung?"},{"$i":"stop-download-action","$v":"Berhenti"},{"$i":"resume-download-title","$v":"Mulai ulang Unduhan"},{"$i":"resume-download-body","$v":["Apakah Anda ingin mengunduh ",{"t":"idOrVar","v":"name"},"?"]},{"$i":"resume-download-action","$v":"Unduh"},{"$i":"edit-group-header","$v":"Edit grup"},{"$i":"gaia-shortcut-app-updated","$v":"Aplikasi Diperbaharui"},{"$i":"clocks-updated","$v":"Jam diperbaharui"},{"$i":"longDateFormat","$v":"%A, %B %e"},{"$i":"app-title","$v":"Aplikasi Saya"},{"$i":"app-uninstall","$v":[{"t":"idOrVar","v":"name"}," telah dilepaskan"]},{"$i":"confirmation","$v":"Konfirmasi"},{"$i":"eccOnly","$v":"Emergency calls only"},{"$i":"emergencyCallsOnly","$v":"Emergency calls only"},{"$i":"searching","$v":"Mencari..."},{"$i":"clockDateFormat","$v":"%a, %e %b"},{"$i":"apn-sim1","$v":"APN Settings - SIM1"},{"$i":"apn-sim2","$v":"APN Settings - SIM2"},{"$i":"apnDefaultConfig","$v":"APN Default Config"},{"$i":"apn-defaultconfig-message","$v":"Set which type of apn to used"},{"$i":"apnConfigPostpay","$v":"Postpay APN"},{"$i":"apnConfigPrepay","$v":"Prepay APN"},{"$i":"qtn_sm_toast_set_ICE_first","$v":"No ICE contacts, please go to Contact settings or option menu of ICE information to set up at first."},{"$i":"qtn_sm_toast_google_assist","$v":"Long press or double press for Google assistant"},{"$i":"qtn_sm_toast_sos_call_msg","$v":"Long press or double press for SOS call / SOS message"},{"$i":"nocard-eccOnly","$v":"No SIM card-Emergency calls only"},{"$i":"unusablecard-eccOnly","$v":"Unusable SIM card-Emergency calls only"},{"$i":"utilities","$v":"Utilitas"},{"$i":"games","$v":"Permainan"},{"$i":"toast-app-downloaded-to-folder","$v":[{"t":"idOrVar","v":"appName"}," diunduh ke folder ",{"t":"idOrVar","v":"folderName"},"."]},{"$i":"notices-reminder-header","$v":"Pengingat"},{"$i":"notices-reminder-content","$v":"Anda memiliki pemberitahuan yang belum dibaca. Periksa apakah Anda melewatkan sesuatu yang penting."},{"$i":"toast-need-update-app","$v":"Harap perbarui apl ke versi terbaru dari apl JioStore untuk melanjutkan."},{"$i":"call-forwarding-async","$v":["Asinkron: ",{"t":"idOrVar","v":"async"}]},{"$i":"call-forwarding-data","$v":["Data: ",{"t":"idOrVar","v":"data"}]},{"$i":"call-forwarding-error","$v":"Kesalahan terjadi selagi mengambil status penerusan panggilan"},{"$i":"call-forwarding-fax","$v":["FAX: ",{"t":"idOrVar","v":"fax"}]},{"$i":"call-forwarding-inactive","$v":"Tidak aktif"},{"$i":"call-forwarding-packet","$v":["Paket: ",{"t":"idOrVar","v":"packet"}]},{"$i":"call-forwarding-pad","$v":["PAD: ",{"t":"idOrVar","v":"pad"}]},{"$i":"call-forwarding-sms","$v":["SMS: ",{"t":"idOrVar","v":"sms"}]},{"$i":"call-forwarding-status","$v":"Status penerusan panggilan"},{"$i":"call-forwarding-sync","$v":["Sinkronisasi: ",{"t":"idOrVar","v":"sync"}]},{"$i":"call-forwarding-voice","$v":["Suara: ",{"t":"idOrVar","v":"voice"}]},{"$i":"call-forwarding-voice-after-seconds","$v":["Suara: ",{"t":"idOrVar","v":"voice"}," setelah ",{"t":"idOrVar","v":"timeSeconds"}," detik"]},{"$i":"fihVersion","$v":"FIH Version"},{"$i":"serviceClassVoice","$v":"Suara"},{"$i":"serviceClassData","$v":"Data"},{"$i":"serviceClassFax","$v":"FAKS"},{"$i":"serviceClassSms","$v":"SMS"},{"$i":"serviceClassDataSync","$v":"Sinkronisasi"},{"$i":"serviceClassDataAsync","$v":"Async"},{"$i":"serviceClassPacket","$v":"Paket"},{"$i":"serviceClassPad","$v":"PAD"},{"$i":"smServiceEnabled","$v":"Layanan dinyalakan"},{"$i":"smServiceDisabled","$v":"Layanan telah dinonaktifkan"},{"$i":"smServiceRegistered","$v":"Registrasi berhasil"},{"$i":"smServiceErased","$v":"Penghapusan berhasil"},{"$i":"smServiceInterrogated","$v":"Permintaan berhasil"},{"$i":"smServiceNotProvisioned","$v":"Layanan tidak tersedia"},{"$i":"smClirPermanent","$v":"Anda tidak dapat mengubah pengaturan ID pemanggil"},{"$i":"smClirDefaultOnNextCallOn","$v":"ID Penelepon aslinya diatur ke terbatas. Panggilan berikutnya: Dibatasi"},{"$i":"smClirDefaultOnNextCallOff","$v":"ID Penelepon aslinya diatur ke terbatas. Panggilan berikutnya: Tidak dibatasi"},{"$i":"smClirDefaultOffNextCallOn","$v":"ID Penelepon asali ke tidak dibatasi. Panggilan berikutnya: Dibatasi"},{"$i":"smClirDefaultOffNextCallOff","$v":"ID Penelepon asali ke tidak dibatasi. Panggilan berikutnya: Tidak dibatasi"},{"$i":"smServiceEnabledFor","$v":"Layanan dinyalakan untuk:"},{"$i":"smPinChanged","$v":"PIN berhasil diubah"},{"$i":"smPinUnblocked","$v":"PIN berhasil lepas blokir"},{"$i":"smPin2Changed","$v":"PIN2 berhasil diubah"},{"$i":"smPin2Unblocked","$v":"PIN2 berhasil lepas blokir"},{"$i":"ServiceIsEnabled","$v":"Layanan diaktifkan"},{"$i":"ServiceIsDisabled","$v":"Layanan dinonaktifkan"},{"$i":"ServiceIsEnabledFor","$v":"Layanan diaktifkan untuk:"},{"$i":"emMmiError","$v":"Masalah koneksi atau kode MMI tidak valid"},{"$i":"emMmiErrorPasswordIncorrect","$v":"Sandi Salah"},{"$i":"emMmiErrorNotSupported","$v":"Kode MMI tidak valid atau tidak didukung"},{"$i":"emMmiErrorInvalidAction","$v":"Aksi tidak valid"},{"$i":"emMmiErrorInvalidScCode","$v":"Kode layanan tidak valid"},{"$i":"emMmiErrorBadPuk","$v":"PUK yang Anda ketik tidak benar"},{"$i":"emMmiErrorBadPin","$v":"PIN lama yang Anda ketik tidak benar."},{"$i":"emMmiErrorNeedPuk2","$v":"Ketik PUK2 untuk lepas blokir kartu SIM"},{"$i":"emMmiErrorMismatchPin","$v":"PIN yang Anda ketik tidak cocok"},{"$i":"emMmiErrorInvalidPin","$v":"Ketik PIN 4 hingga 8 nomor"},{"$i":"emMmiErrorNeedsPuk","$v":"Kartu SIM Anda terkunci-PUK"},{"$i":"emMmiErrorEnablePin","$v":"Tidak berhasil. Aktifkan SIM/RUIM LOCK"},{"$i":"emMmiErrorMmiFdn","$v":"Operasi ditahan untuk memperbaiki nomor panggilan saja"},{"$i":"emMmiErrorStkCcUssdDial","$v":"Permintaan USSD dimodifikasi untuk permintaan DIAL"},{"$i":"emMmiErrorStkCcUssdSs","$v":"Permintaan USSD dimodifikasi untuk permintaan SS"},{"$i":"emMmiErrorStkCcUssdUssd","$v":"Permintaan USSD dimodifikasi untuk permintaan USSD baru"},{"$i":"emMmiErrorStkCcSsDial","$v":"Permintaan SS dimodifikasi untuk permintaan DIAL"},{"$i":"emMmiErrorStkCcSsUssd","$v":"Permintaan SS dimodifikasi untuk permintaan USSD"},{"$i":"emMmiErrorStkCcSsSs","$v":"Permintaan SS dimodifikasi untuk permintaan SS baru"},{"$i":"emMmiErrorPinPukAttempts","$v":{"few":[{"t":"idOrVar","v":"n"}," sisa percobaan ulang"],"many":[{"t":"idOrVar","v":"n"}," sisa percobaan ulang"],"one":["Hanya ",{"t":"idOrVar","v":"n"}," sisa percobaan ulang"],"other":[{"t":"idOrVar","v":"n"}," sisa percobaan ulang"],"two":[{"t":"idOrVar","v":"n"}," sisa percobaan ulang"]},"$x":[{"t":"idOrVar","v":"plural"},"n"]},{"$i":"emMmiErrorSimBlocked","$v":"Jumlah maksimal percobaan ulang terlamapaui. SIM diblokir"},{"$i":"RadioNotAvailable","$v":"Radio tidak tersedia"},{"$i":"PasswordIncorrect","$v":"Sandi salah"},{"$i":"SimPin2","$v":"SIM PIN2"},{"$i":"SimPuk2","$v":"SIM PUK2"},{"$i":"RequestNotSupported","$v":"Permintaan tidak didukung"},{"$i":"OpNotAllowedDuringVoiceCall","$v":"Operasi tidak diizinkan selama panggilan suara"},{"$i":"SmsSendFailRetry","$v":"Coba ulang kegagalan pengiriman SMS"},{"$i":"SimAbsent","$v":"SIM tidak ada"},{"$i":"SubscriptionNotAvailable","$v":"Langganan tidak tersedia"},{"$i":"ModeNotSupported","$v":"Mode tidak didukung"},{"$i":"FdnCheckFailure","$v":"Pemeriksaan fdn gagal"},{"$i":"IllegalSimOrMe","$v":"SIM atau ME ilegal"},{"$i":"DialModifiedToUssd","$v":"Panggilan dimodifikasi ke USSD"},{"$i":"DialModifiedToSs","$v":"Panggilan dimodifikasi ke SS"},{"$i":"DialModifiedToDial","$v":"Panggilan dimodifikasi ke panggilan"},{"$i":"UssdModifiedToDial","$v":"USSD dimodifikasi ke panggilan"},{"$i":"UssdModifiedToSs","$v":"USSD dimodifikasi ke SS"},{"$i":"UssdModifiedToUssd","$v":"USSD dimodifikasi ke USSD"},{"$i":"SsModifiedToDial","$v":"SS dimodifikasi ke panggilan"},{"$i":"SsModifiedToUssd","$v":"SS dimodifikasi ke USSD"},{"$i":"SsModifiedToSs","$v":"SS dimodifikasi ke SS"},{"$i":"SubscriptionNotSupported","$v":"Langganan tidak didukung"},{"$i":"InvalidParameter","$v":"Parameter tidak valid"},{"$i":"RejectedByRemote","$v":"Ditolak secara jarak jauh"},{"$i":"GetEmptyUssdPrompt","$v":"Balasan diterima nol."},{"$i":"ice-latitude","$v":"lintang"},{"$i":"ice-longitude","$v":"bujur"},{"$i":"sim-with-index-and-carrier","$v":["SIM ",{"t":"idOrVar","v":"index"}," - ",{"t":"idOrVar","v":"carrier"}]},{"$i":"sim-without-carrier","$v":["SIM ",{"t":"idOrVar","v":"index"}]},{"$i":"label","$v":"Label"},{"$i":"faxHome","$v":"Fax rumah"},{"$i":"faxOffice","$v":"Fax kantor"},{"$i":"faxOther","$v":"Fax lainnya"},{"$i":"another","$v":"Lainnya"},{"$i":"other","$v":"Lainnya"},{"$i":"customTag","$v":"Tag kustom","placeholder":"Tag kustom"},{"$i":"current","$v":"Saat ini"},{"$i":"itemWithLabel","$v":[{"t":"idOrVar","v":"label"},", ",{"t":"idOrVar","v":"item"}]},{"$i":"weekday-0-long","$v":"Minggu"},{"$i":"weekday-1-long","$v":"Senin"},{"$i":"weekday-2-long","$v":"Selasa"},{"$i":"weekday-3-long","$v":"Rabu"},{"$i":"weekday-4-long","$v":"Kamis"},{"$i":"weekday-5-long","$v":"Jumat"},{"$i":"weekday-6-long","$v":"Sabtu"},{"$i":"weekday-0-short","$v":"Min"},{"$i":"weekday-1-short","$v":"Sen"},{"$i":"weekday-2-short","$v":"Sel"},{"$i":"weekday-3-short","$v":"Rab"},{"$i":"weekday-4-short","$v":"Kam"},{"$i":"weekday-5-short","$v":"Jum"},{"$i":"weekday-6-short","$v":"Sab"},{"$i":"month-0-long","$v":"Januari"},{"$i":"month-1-long","$v":"Februari"},{"$i":"month-2-long","$v":"Maret"},{"$i":"month-3-long","$v":"April"},{"$i":"month-4-long","$v":"Mei"},{"$i":"month-5-long","$v":"Juni"},{"$i":"month-6-long","$v":"Juli"},{"$i":"month-7-long","$v":"Agustus"},{"$i":"month-8-long","$v":"September"},{"$i":"month-9-long","$v":"Oktober"},{"$i":"month-10-long","$v":"November"},{"$i":"month-11-long","$v":"Desember"},{"$i":"month-0-genitive","$v":"Januari"},{"$i":"month-1-genitive","$v":"Februari"},{"$i":"month-2-genitive","$v":"Maret"},{"$i":"month-3-genitive","$v":"April"},{"$i":"month-4-genitive","$v":"Mei"},{"$i":"month-5-genitive","$v":"Juni"},{"$i":"month-6-genitive","$v":"Juli"},{"$i":"month-7-genitive","$v":"Agustus"},{"$i":"month-8-genitive","$v":"September"},{"$i":"month-9-genitive","$v":"Oktober"},{"$i":"month-10-genitive","$v":"November"},{"$i":"month-11-genitive","$v":"Desember"},{"$i":"month-0-short","$v":"Jan"},{"$i":"month-1-short","$v":"Feb"},{"$i":"month-2-short","$v":"Mar"},{"$i":"month-3-short","$v":"Apr"},{"$i":"month-4-short","$v":"Mei"},{"$i":"month-5-short","$v":"Jun"},{"$i":"month-6-short","$v":"Jul"},{"$i":"month-7-short","$v":"Agt"},{"$i":"month-8-short","$v":"Sep"},{"$i":"month-9-short","$v":"Okt"},{"$i":"month-10-short","$v":"Nov"},{"$i":"month-11-short","$v":"Des"},{"$i":"minutes-ago-long","$v":{"few":[{"t":"idOrVar","v":"value"}," menit yang lalu"],"many":[{"t":"idOrVar","v":"value"}," menit yang lalu"],"one":"semenit yang lalu","other":[{"t":"idOrVar","v":"value"}," menit yang lalu"],"two":[{"t":"idOrVar","v":"value"}," menit yang lalu"],"zero":"baru saja"},"$x":[{"t":"idOrVar","v":"plural"},"value"]},{"$i":"hours-ago-long","$v":{"few":[{"t":"idOrVar","v":"value"}," jam yang lalu"],"many":[{"t":"idOrVar","v":"value"}," jam yang lalu"],"one":"sejam yang lalu","other":[{"t":"idOrVar","v":"value"}," jam yang lalu"],"two":[{"t":"idOrVar","v":"value"}," jam yang lalu"],"zero":"baru saja"},"$x":[{"t":"idOrVar","v":"plural"},"value"]},{"$i":"days-ago-long","$v":{"few":[{"t":"idOrVar","v":"value"}," hari yang lalu"],"many":[{"t":"idOrVar","v":"value"}," hari yang lalu"],"one":"kemarin","other":[{"t":"idOrVar","v":"value"}," hari yang lalu"],"two":[{"t":"idOrVar","v":"value"}," hari yang lalu"],"zero":"hari ini"},"$x":[{"t":"idOrVar","v":"plural"},"value"]},{"$i":"weeks-ago-long","$v":{"few":[{"t":"idOrVar","v":"value"}," pekan yang lalu"],"many":[{"t":"idOrVar","v":"value"}," pekan yang lalu"],"one":"pekan lalu","other":[{"t":"idOrVar","v":"value"}," pekan yang lalu"],"two":[{"t":"idOrVar","v":"value"}," pekan yang lalu"],"zero":"pekan ini"},"$x":[{"t":"idOrVar","v":"plural"},"value"]},{"$i":"months-ago-long","$v":{"few":[{"t":"idOrVar","v":"value"}," bulan yang lalu"],"many":[{"t":"idOrVar","v":"value"}," bulan yang lalu"],"one":"bulan lalu","other":[{"t":"idOrVar","v":"value"}," bulan yang lalu"],"two":[{"t":"idOrVar","v":"value"}," bulan yang lalu"],"zero":"bulan ini"},"$x":[{"t":"idOrVar","v":"plural"},"value"]},{"$i":"years-ago-long","$v":{"few":[{"t":"idOrVar","v":"value"}," tahun yang lalu"],"many":[{"t":"idOrVar","v":"value"}," tahun yang lalu"],"one":"tahun lalu","other":[{"t":"idOrVar","v":"value"}," tahun yang lalu"],"two":[{"t":"idOrVar","v":"value"}," tahun yang lalu"],"zero":"tahun ini"},"$x":[{"t":"idOrVar","v":"plural"},"value"]},{"$i":"minutes-until-long","$v":{"few":["dalam ",{"t":"idOrVar","v":"value"}," menit"],"many":["dalam ",{"t":"idOrVar","v":"value"}," menit"],"one":"dalam satu menit","other":["dalam ",{"t":"idOrVar","v":"value"}," menit"],"two":["dalam ",{"t":"idOrVar","v":"value"}," menit"],"zero":"sekarang"},"$x":[{"t":"idOrVar","v":"plural"},"value"]},{"$i":"hours-until-long","$v":{"few":["dalam ",{"t":"idOrVar","v":"value"}," jam"],"many":["dalam ",{"t":"idOrVar","v":"value"}," jam"],"one":"dalam satu jam","other":["dalam ",{"t":"idOrVar","v":"value"}," jam"],"two":["dalam ",{"t":"idOrVar","v":"value"}," jam"],"zero":"sekarang"},"$x":[{"t":"idOrVar","v":"plural"},"value"]},{"$i":"days-until-long","$v":{"few":["dalam ",{"t":"idOrVar","v":"value"}," hari"],"many":["dalam ",{"t":"idOrVar","v":"value"}," hari"],"one":"besok","other":["dalam ",{"t":"idOrVar","v":"value"}," hari"],"two":["dalam ",{"t":"idOrVar","v":"value"}," hari"],"zero":"hari ini"},"$x":[{"t":"idOrVar","v":"plural"},"value"]},{"$i":"weeks-until-long","$v":{"few":["dalam ",{"t":"idOrVar","v":"value"}," pekan"],"many":["dalam ",{"t":"idOrVar","v":"value"}," pekan"],"one":"pekan depan","other":["dalam ",{"t":"idOrVar","v":"value"}," pekan"],"two":["dalam ",{"t":"idOrVar","v":"value"}," pekan"],"zero":"pekan ini"},"$x":[{"t":"idOrVar","v":"plural"},"value"]},{"$i":"months-until-long","$v":{"few":["dalam ",{"t":"idOrVar","v":"value"}," bulan"],"many":["dalam ",{"t":"idOrVar","v":"value"}," bulan"],"one":"bulan depan","other":["dalam ",{"t":"idOrVar","v":"value"}," bulan"],"two":["dalam ",{"t":"idOrVar","v":"value"}," bulan"],"zero":"bulan ini"},"$x":[{"t":"idOrVar","v":"plural"},"value"]},{"$i":"years-until-long","$v":{"few":["dalam ",{"t":"idOrVar","v":"value"}," tahun"],"many":["dalam ",{"t":"idOrVar","v":"value"}," tahun"],"one":"tahun depan","other":["dalam ",{"t":"idOrVar","v":"value"}," tahun"],"two":["dalam ",{"t":"idOrVar","v":"value"}," tahun"],"zero":"tahun ini"},"$x":[{"t":"idOrVar","v":"plural"},"value"]},{"$i":"minutes-ago-short","$v":{"other":[{"t":"idOrVar","v":"value"},"menit yang lalu"],"zero":"baru saja"},"$x":[{"t":"idOrVar","v":"plural"},"value"]},{"$i":"hours-ago-short","$v":{"other":[{"t":"idOrVar","v":"value"},"j yang lalu"],"zero":"baru saja"},"$x":[{"t":"idOrVar","v":"plural"},"value"]},{"$i":"days-ago-short","$v":{"other":[{"t":"idOrVar","v":"value"},"h yang lalu"],"zero":"hari ini"},"$x":[{"t":"idOrVar","v":"plural"},"value"]},{"$i":"minutes-until-short","$v":{"other":["dalam ",{"t":"idOrVar","v":"value"},"m"],"zero":"sekarang"},"$x":[{"t":"idOrVar","v":"plural"},"value"]},{"$i":"hours-until-short","$v":{"other":["dalam ",{"t":"idOrVar","v":"value"},"j"],"zero":"sekarang"},"$x":[{"t":"idOrVar","v":"plural"},"value"]},{"$i":"days-until-short","$v":{"other":["dalam ",{"t":"idOrVar","v":"value"},"h"],"zero":"hari ini"},"$x":[{"t":"idOrVar","v":"plural"},"value"]},{"$i":"incorrectDate","$v":"(tanggal salah)"},{"$i":"dateTimeFormat_%c","$v":"%a %b %e %Y %I:%M:%S %p"},{"$i":"dateTimeFormat_%x","$v":"%m/%d/%Y"},{"$i":"dateTimeFormat_%X","$v":"%I:%M:%S %p"},{"$i":"shortTimeFormat","$v":"%I:%M %p"},{"$i":"shortTimeFormat12","$v":"%I:%M %p"},{"$i":"shortTimeFormat24","$v":"%H:%M"},{"$i":"shortDateTimeFormat","$v":"%x %I:%M %p"},{"$i":"weekStartsOnMonday","$v":"0.0"},{"$i":"firstDayOfTheWeek","$v":"0.0"},{"$i":"time_am","$v":"AM"},{"$i":"time_pm","$v":"PM"}]