[{"$i":"search-or-enter-address","placeholder":"მოძ. ან შეიყვანეთ მისამ."},{"$i":"delete-title","$v":[{"t":"idOrVar","v":"name"},"-ის წაშლა"]},{"$i":"delete-body","$v":[{"t":"idOrVar","v":"name"}," და ყველა მისი მონაცემი წაიშლება."]},{"$i":"delete","$v":"წაშლა"},{"$i":"cancel","$v":"გაუქმება"},{"$i":"apps","$v":"აპები"},{"$i":"menu","$v":"მენიუ"},{"$i":"notifications","$v":"შეტყობინებები"},{"$i":"camera","$v":"კამერა"},{"$i":"speed-dial","$v":"სწრაფი აკრეფა"},{"$i":"select","$v":"არჩევა"},{"$i":"move","$v":"გადატანა"},{"$i":"ok","$v":"OK"},{"$i":"set","$v":"დაყენება"},{"$i":"edit","$v":"რედაქტირება"},{"$i":"call","$v":"ზარი"},{"$i":"message","$v":"შეტყობინება"},{"$i":"options","$v":"ვარიანტები"},{"$i":"assign","$v":"მიმაგრება"},{"$i":"remove","$v":"ამოშლა"},{"$i":"replace","$v":"ჩანაცვლება"},{"$i":"more","$v":"მეტი"},{"$i":"settings","$v":"პარამეტრები"},{"$i":"contacts","$v":"კონტაქტები"},{"$i":"list-view","$v":"ნახვების სია"},{"$i":"grid-view","$v":"ბადის სახეობა"},{"$i":"single-view","$v":"ერთხელ ნახვა"},{"$i":"skip","$v":"გამოტოვება"},{"$i":"shortcuts","$v":"სწრაფი ღილ."},{"$i":"next","$v":"შემდეგი"},{"$i":"back","$v":"უკან"},{"$i":"memory-cleaner","$v":"მეხსიერების გამწმენდი"},{"$i":"open","$v":"გახსნა"},{"$i":"voicemail","$v":"ხმოვანი ფოსტა"},{"$i":"speed-dial-not-empty","ariaLabel":[{"t":"idOrVar","v":"order"},", ",{"t":"idOrVar","v":"name"}]},{"$i":"speed-dial-empty","ariaLabel":[{"t":"idOrVar","v":"order"},", ცარიელი"]},{"$i":"remove-speed-dial","$v":["დარწმუნებული ხართ, რომ გსურთ ",{"t":"idOrVar","v":"name"},"-ის სწრაფი აკრეფის სიიდან ამოშლა ?"]},{"$i":"replace-speed-dial","$v":["დარწმუნებული ხართ, რომ გსურთ ",{"t":"idOrVar","v":"name"},"-ის ",{"t":"idOrVar","v":"subName"},"-ით ჩანაცვლება ?"]},{"$i":"assign-speed-dial","$v":["კონტაქტი არ დაემატა როგორც სწრაფი აკრეფა ღილაკზე ",{"t":"idOrVar","v":"n"},". მივაწეროთ ახლა?"]},{"$i":"assign-voicemail","$v":"ხმოვანი ფოსტის ნომერი დადგენილი არ არის."},{"$i":"alert-for-contacts-without-number","$v":"ამ ტელ. ნომერზე კონტაქტები არ არის."},{"$i":"option-remove","$v":"სწრაფი აკრეფის სიიდან წაშლა"},{"$i":"option-replace","$v":"ჩანაცვლება"},{"$i":"all-apps","$v":"ყველა აპი"},{"$i":"uninstall","$v":"დეინსტალაცია"},{"$i":"confirm-to-uninstall-app","$v":["წავშალოთ ",{"t":"idOrVar","v":"appName"}," აპი?"]},{"$i":"confirm-to-unpin-bookmark","$v":"მოვხსნათ ვებსაიტის ჩამაგრება?"},{"$i":"unpin","$v":"ჩამაგრების მოხსნა"},{"$i":"rename","$v":"სახ.შეცვ."},{"$i":"title","$v":"სათაური"},{"$i":"add-to-existing-contact","$v":"არს. კონტაქტზე დამატება"},{"$i":"create-new-contact","$v":"ახალი კონტაქ. შექმნა"},{"$i":"sending","$v":"გაგზავნა…"},{"$i":"video-call","$v":"ვიდ. ზარი"},{"$i":"rtt-call","$v":"RTT ზარი"},{"$i":"callAirplaneModeTitle","$v":"თვითმფრინავის რეჟიმი გააქტიურებულია"},{"$i":"callAirplaneModeMessage","$v":"ზარის განსახორციელებლად, თქვენ უნდა გამორთოთ ფრენის რეჟიმი პარამეტრებიდან."},{"$i":"emergencyDialogTitle","$v":"ქსელთან კავშირი არ არის"},{"$i":"emergencyDialogBodyBadNumber","$v":"ზარის განსახორციელებლად, ტელეფონი ჩართული უნდა იყოს ინტერნეტში."},{"$i":"emergencyDialogBodyDeviceNotAccepted","$v":"საგანგებო ზარების განხორციელება ქსელით დაუშვებელია."},{"$i":"invalidNumberToDialTitle","$v":"არასწორი ტელეფონის ნომერი"},{"$i":"invalidNumberToDialMessage","$v":"ტელეფონის ნომერი, რომელზეც რეკავთ, არასწორია."},{"$i":"emergency-call-only","$v":"მხოლოდ საგანგებო ზარი"},{"$i":"emergency-call-error","$v":[{"t":"idOrVar","v":"number"}," არ არის საგანგებო სამსახურის ნომერი."]},{"$i":"numberIsBusyTitle","$v":"ნომერი დაკავებულია"},{"$i":"numberIsBusyMessage","$v":"ნომერი ამჟამად დაკავებული. გთხოვთ, მოგვიანებით კიდევ სცადეთ."},{"$i":"fdnIsActiveTitle","$v":"FDN აქტიური"},{"$i":"fdnIsActiveMessage","$v":["FDN (ფიქსირებული ასაკრეფი ნომრები) გააქტიურებულია, ხოლო შემდეგი ნომერი არ არის თქვენი FDN-ის სიაში: ",{"t":"idOrVar","v":"number"}]},{"$i":"otherConnectionInUseTitle","$v":"სხვა მოქმედი კავშირები"},{"$i":"otherConnectionInUseMessage","$v":"თქვენ გაქვთ აქტიური ზარი მეორე ხაზზე. ერთ ჯერზე მხოლოდ ერთი კავშირის გამოყენება შეგიძლიათ."},{"$i":"GenericFailure","$v":"გენერიკული მარცხი"},{"$i":"CallFailed","$v":"ზარი ვერ განხორციელდა"},{"$i":"scCallBarring","$v":"ზარის დაბლოკვა"},{"$i":"scCallForwarding","$v":"ზარის გადამისამართება"},{"$i":"scClip","$v":"შემოსული აბონენტის ID"},{"$i":"scClir","$v":"გამავალი აბონენტის ID"},{"$i":"scPwd","$v":"პაროლის შეცვლა"},{"$i":"scCallWaiting","$v":"ზარის მოცდა"},{"$i":"scPin","$v":"PIN შეცვლა"},{"$i":"scPin2","$v":"PIN2 შეცვლა"},{"$i":"scPuk","$v":"PIN-ის განბლოკვა"},{"$i":"scPuk2","$v":"PIN2-ის განბლოკვა"},{"$i":"scImei","$v":"IMEI"},{"$i":"scMeid","$v":"MEID"},{"$i":"scUssd","$v":"USSD"},{"$i":"deviceIsUnlocked","$v":"მოწყობილობა განბლოკილია"},{"$i":"simUnlockCodeAccepted","$v":"SIM-ის განბლოკვის კოდი მიღებულია"},{"$i":"simUnlockCodeFailed","$v":"SIM-ის განბლოკვა წარუმატებელი გამოდგა"},{"$i":"personal","$v":"პირადი"},{"$i":"mobile","$v":"მობილური"},{"$i":"home","$v":"სახლი"},{"$i":"work","$v":"სამუშაო"},{"$i":"fax-home","$v":"ფაქსი სახლი"},{"$i":"fax-office","$v":"ფაქსი ოფისი"},{"$i":"fax-other","$v":"ფაქსი სხვა"},{"$i":"noSimCard","$v":"SIM ბარათი არ არის"},{"$i":"noService","$v":"მომსახურება არ არის"},{"$i":"lockedSim","$v":"დაბლოკილი SIM"},{"$i":"airplaneMode","$v":"ფრენის რეჟიმი"},{"$i":"wifi-calling","$v":"Wi-Fi დარეკვა"},{"$i":"homescreen-settings","$v":"საწყისი ეკრანის პარამეტრები"},{"$i":"change-wallpaper","$v":"სამუშაო დაფის ფონის შეცვლა"},{"$i":"add-smart-collections","$v":"სმარტ-კოლექციების დამატება"},{"$i":"edit-mode","$v":"რედაქტირება"},{"$i":"edit-done","$v":"დას."},{"$i":"tutorial-for-side-menu-1","$v":["მარცხნივ არსებულ აპებზე წვდომისთვის დააჭირეთ ღილაკს ",{"t":"idOrVar","v":"left"},"."]},{"$i":"tutorial-for-instant-settings-1","$v":["ხშირად გამოყენებული პარამეტრებისთვის დააჭირეთ ღილაკს ",{"t":"idOrVar","v":"up"},"."]},{"$i":"tutorial-for-notices","$v":"დააჭირეთ „მარჯვენა“ ღილაკს, რომ ნახოთ ახალი შეტყობინება."},{"$i":"tutorial-for-google-assistant-1","$v":["ხანგრძლივად დააჭირეთ ღილაკს ",{"t":"idOrVar","v":"microphone"}," და წარმოთქვით ტექსტი."]},{"$i":"tutorial-for-voice-input-1","$v":["ხანგრძლივად დააჭირეთ ღილაკს ",{"t":"idOrVar","v":"microphone"}," ტექსტის ველში ტექსტის წარმოთქმით შესაყვანად."]},{"$i":"tutorial-for-find-kaistore-2","$v":"მოძებნეთ აპი KaiStore აპების მენიუს პირველ გვერდზე."},{"$i":"tutorial-for-left","$v":"მარცხნივ"},{"$i":"tutorial-for-up","$v":"ზემოთ"},{"$i":"stop-download-title","$v":["გაჩერება ",{"t":"idOrVar","v":"name"}]},{"$i":"stop-download-body","$v":"გსურთ შეაჩეროთ ჩამოტვირთვის პროცესი?"},{"$i":"stop-download-action","$v":"გაჩერება"},{"$i":"resume-download-title","$v":"ჩამოტ. თავ. დაწყება"},{"$i":"resume-download-body","$v":["გსურთ ",{"t":"idOrVar","v":"name"},"-ის ჩამოტვირთვა?"]},{"$i":"resume-download-action","$v":"ჩამოტვირთვა"},{"$i":"edit-group-header","$v":"ჯგუფის რედაქტირება"},{"$i":"gaia-shortcut-app-updated","$v":"აპი განახლებულია"},{"$i":"clocks-updated","$v":"საათები განახლდა"},{"$i":"longDateFormat","$v":"%A, %B %e"},{"$i":"app-title","$v":"ჩემი აპები"},{"$i":"app-uninstall","$v":[{"t":"idOrVar","v":"name"}," წაიშალა"]},{"$i":"confirmation","$v":"დადასტურება"},{"$i":"eccOnly","$v":"Emergency calls only"},{"$i":"emergencyCallsOnly","$v":"Emergency calls only"},{"$i":"searching","$v":"ძიება..."},{"$i":"clockDateFormat","$v":"%a, %e %b"},{"$i":"apn-sim1","$v":"APN Settings - SIM1"},{"$i":"apn-sim2","$v":"APN Settings - SIM2"},{"$i":"apnDefaultConfig","$v":"APN Default Config"},{"$i":"apn-defaultconfig-message","$v":"Set which type of apn to used"},{"$i":"apnConfigPostpay","$v":"Postpay APN"},{"$i":"apnConfigPrepay","$v":"Prepay APN"},{"$i":"qtn_sm_toast_set_ICE_first","$v":"ICE კონტაქტები არ არის, გთხოვთ გადახვიდეთ „კონტაქტების“ პარამეტრებში ან ICE ინფორმაციის ვარიანტების მენიუში თავდაპირველად დასაყენებლად."},{"$i":"qtn_sm_toast_google_assist","$v":"დიდხანს დააჭირეთ ან ორჯერ დააჭირეთ Google assistant-თვის"},{"$i":"qtn_sm_toast_sos_call_msg","$v":"დიდხანს დააჭირეთ ან ორჯერ დააჭირეთ SOS ზარისთვის / SOS წერილისთვის"},{"$i":"nocard-eccOnly","$v":"No SIM card-Emergency calls only"},{"$i":"unusablecard-eccOnly","$v":"Unusable SIM card-Emergency calls only"},{"$i":"utilities","$v":"Utilities"},{"$i":"games","$v":"თამაშები"},{"$i":"toast-app-downloaded-to-folder","$v":[{"t":"idOrVar","v":"appName"}," ჩამოიტვირთება საქაღალდეში ",{"t":"idOrVar","v":"folderName"},"."]},{"$i":"notices-reminder-header","$v":"შეხსენება"},{"$i":"notices-reminder-content","$v":"თქვენ გაქვთ წაუკითხავი შეტყობინებები. შეამოწმეთ „შეტყობინებები“, რათა არ გამოტოვოთ მნიშვნელოვანი ინფორმაცია."},{"$i":"toast-need-update-app","$v":"განაახლეთ აპი უახლესი ვერსიით, რათა გააგრძელოთ JioStore აპიდან."},{"$i":"call-forwarding-async","$v":["ასინქრონული: ",{"t":"idOrVar","v":"async"}]},{"$i":"call-forwarding-data","$v":["მონაცემები: ",{"t":"idOrVar","v":"data"}]},{"$i":"call-forwarding-error","$v":"შეცდომა დაფიქსირდა ზარის გადამისამართების სტატუსის ჩატვირთვისას"},{"$i":"call-forwarding-fax","$v":["ფაქსი: ",{"t":"idOrVar","v":"fax"}]},{"$i":"call-forwarding-inactive","$v":"არააქტიური"},{"$i":"call-forwarding-packet","$v":["პაკეტი: ",{"t":"idOrVar","v":"packet"}]},{"$i":"call-forwarding-pad","$v":["PAD: ",{"t":"idOrVar","v":"pad"}]},{"$i":"call-forwarding-sms","$v":["SMS: ",{"t":"idOrVar","v":"sms"}]},{"$i":"call-forwarding-status","$v":"ზარის გადამის. სტატუსი"},{"$i":"call-forwarding-sync","$v":["სინქრონული: ",{"t":"idOrVar","v":"sync"}]},{"$i":"call-forwarding-voice","$v":["ხმა: ",{"t":"idOrVar","v":"voice"}]},{"$i":"call-forwarding-voice-after-seconds","$v":["ხმა: ",{"t":"idOrVar","v":"voice"}," წამის ",{"t":"idOrVar","v":"timeSeconds"}," შემდეგ"]},{"$i":"fihVersion","$v":"FIH Version"},{"$i":"serviceClassVoice","$v":"ხმა"},{"$i":"serviceClassData","$v":"მონაცემები"},{"$i":"serviceClassFax","$v":"ფაქსი"},{"$i":"serviceClassSms","$v":"SMS"},{"$i":"serviceClassDataSync","$v":"სინქრონიზაცია"},{"$i":"serviceClassDataAsync","$v":"ასინქ."},{"$i":"serviceClassPacket","$v":"პაკეტი"},{"$i":"serviceClassPad","$v":"PAD"},{"$i":"smServiceEnabled","$v":"მომსახ. გააქტიურდა"},{"$i":"smServiceDisabled","$v":"მომსახურება გამოირთო"},{"$i":"smServiceRegistered","$v":"რეგის. წარმატებით განხორც."},{"$i":"smServiceErased","$v":"წაშლა წარმატებით განხორციელდა"},{"$i":"smServiceInterrogated","$v":"მოთხოვნა წარმატებით განხორციელდა"},{"$i":"smServiceNotProvisioned","$v":"სერვერი არ გამოიყენება"},{"$i":"smClirPermanent","$v":"თქვენ ვერ შეცვლით აბონენტის ID პარამეტრს"},{"$i":"smClirDefaultOnNextCallOn","$v":"აბონენტის ID-ის ნაგულისხმევი პარამეტრები აკრძალულია. შემდეგი ზარი: აკრძალულია"},{"$i":"smClirDefaultOnNextCallOff","$v":"აბონენტის ID-ის ნაგულისხმევი პარამეტრები აკრძალულია. შემდეგი ზარი: აკრძალული არ არის"},{"$i":"smClirDefaultOffNextCallOn","$v":"აბონენტის ID-ის ნაგულისხმევი პარამეტრები აკრძალული არ არის. შემდეგი ზარი: აკრძალულია"},{"$i":"smClirDefaultOffNextCallOff","$v":"აბონენტის ID-ის ნაგულისხმევი პარამეტრები აკრძალული არ არის. შემდეგი ზარი: აკრძალული არ არის"},{"$i":"smServiceEnabledFor","$v":"მომსახ. გააქტიურდა -თვის:"},{"$i":"smPinChanged","$v":"PIN წარმატებით შეიცვალა"},{"$i":"smPinUnblocked","$v":"PIN წარმატებით განიბლოკა"},{"$i":"smPin2Changed","$v":"PIN2 წარმატებით შეიცვალა"},{"$i":"smPin2Unblocked","$v":"PIN2 წარმატებით განიბლოკა"},{"$i":"ServiceIsEnabled","$v":"მომსახურება ჩართულია"},{"$i":"ServiceIsDisabled","$v":"მომსახურება გამორთულია"},{"$i":"ServiceIsEnabledFor","$v":"მომსახ. გააქტიურებულია -თვის:"},{"$i":"emMmiError","$v":"კავშირის პრობლემა ან არასწორი MMI კოდი"},{"$i":"emMmiErrorPasswordIncorrect","$v":"არასწორი პაროლი"},{"$i":"emMmiErrorNotSupported","$v":"არასწორი ან არამხარდაჭერილი MMI კოდი"},{"$i":"emMmiErrorInvalidAction","$v":"არასწორი მოქმედება"},{"$i":"emMmiErrorInvalidScCode","$v":"არასწორი მომსახურების კოდი"},{"$i":"emMmiErrorBadPuk","$v":"PUK კოდი, რომელიც დაბეჭდეთ, არასწორია"},{"$i":"emMmiErrorBadPin","$v":"ძველი PIN, რომელიც თქვენ შეიყვანეთ, არასწორია."},{"$i":"emMmiErrorNeedPuk2","$v":"შეიყვანეთ PUK2 SIM ბარათის განსაბლოკად"},{"$i":"emMmiErrorMismatchPin","$v":"PIN-ები, რომლებიც შეიყვანეთ, არ ემთხვევა"},{"$i":"emMmiErrorInvalidPin","$v":"შეიყვანეთ PIN-ი, რომელიც შედგება 4-8 ციფრისაგან"},{"$i":"emMmiErrorNeedsPuk","$v":"თქვენს SIM ბარათზე PUK-ი დაბლოკილია"},{"$i":"emMmiErrorEnablePin","$v":"წარუმატებელი. SIM/RUIM ბლოკის გააქტიურება"},{"$i":"emMmiErrorMmiFdn","$v":"ოპერაცია აკრძალულია მხოლოდ ფიქს. ასაკრეფი ნომრებისთვის"},{"$i":"emMmiErrorStkCcUssdDial","$v":"USSD მოთხოვნა შეიცვალა აკრეფის მოთხოვნით"},{"$i":"emMmiErrorStkCcUssdSs","$v":"USSD მოთხოვნა შეიცვალა SS მოთხოვნით"},{"$i":"emMmiErrorStkCcUssdUssd","$v":"USSD მოთხოვნა შეიცვალა ახალი USSD მოთხოვნით"},{"$i":"emMmiErrorStkCcSsDial","$v":"SS მოთხოვნა შეიცვალა სწრაფი აკრეფის მოთხოვნით"},{"$i":"emMmiErrorStkCcSsUssd","$v":"SS მოთხოვნა შეიცვალა USSD მოთხოვნით"},{"$i":"emMmiErrorStkCcSsSs","$v":"SS მოთხოვნა შეიცვალა ახალი SS მოთხოვნით"},{"$i":"emMmiErrorPinPukAttempts","$v":{"few":[{"t":"idOrVar","v":"n"}," გამეორება დარჩა"],"many":[{"t":"idOrVar","v":"n"}," გამეორება დარჩა"],"one":["მხოლოდ ",{"t":"idOrVar","v":"n"}," მცდელობა დარჩა"],"other":[{"t":"idOrVar","v":"n"}," გამეორება დარჩა"],"two":[{"t":"idOrVar","v":"n"}," გამეორება დარჩა"]},"$x":[{"t":"idOrVar","v":"plural"},"n"]},{"$i":"emMmiErrorSimBlocked","$v":"შეყვანილი მონაცემების მაქსიმალური რაოდენობა გადაჭარბებულია. SIM დაიბლოკა"},{"$i":"RadioNotAvailable","$v":"Radio not available"},{"$i":"PasswordIncorrect","$v":"პაროლი არასწორია"},{"$i":"SimPin2","$v":"SIM PIN2"},{"$i":"SimPuk2","$v":"SIM PUK2"},{"$i":"RequestNotSupported","$v":"მოთხოვნა მხარდაჭერილი არ არის"},{"$i":"OpNotAllowedDuringVoiceCall","$v":"ოპერაცია არ არის ნებადართული ხმოვ. ზარ. დროს"},{"$i":"SmsSendFailRetry","$v":"SMS send fail retry"},{"$i":"SimAbsent","$v":"SIM არ არის"},{"$i":"SubscriptionNotAvailable","$v":"გამოწერა ხელმისაწვდომი არ არის"},{"$i":"ModeNotSupported","$v":"რეჟიმი მხარდაჭერილი არ არის"},{"$i":"FdnCheckFailure","$v":"Fdn-ის შემოწმების მარცხი"},{"$i":"IllegalSimOrMe","$v":"უკანონო SIM ან ME"},{"$i":"DialModifiedToUssd","$v":"Dial modified to USSD"},{"$i":"DialModifiedToSs","$v":"Dial modified to SS"},{"$i":"DialModifiedToDial","$v":"Dial modified to dial"},{"$i":"UssdModifiedToDial","$v":"USSD შეიცვალა აკრეფვით"},{"$i":"UssdModifiedToSs","$v":"USSD შეიცვალა SS-ით"},{"$i":"UssdModifiedToUssd","$v":"USSD შეიცვალა USSD-ით"},{"$i":"SsModifiedToDial","$v":"SS შეიცვალა აკრეფვით"},{"$i":"SsModifiedToUssd","$v":"SS შეიცვალა USSD-ზე"},{"$i":"SsModifiedToSs","$v":"SS შეიცვალა SS-ზე"},{"$i":"SubscriptionNotSupported","$v":"გამოწერა მხარდაჭერილი არ არის"},{"$i":"InvalidParameter","$v":"არასწორი პარამეტრი"},{"$i":"RejectedByRemote","$v":"უარყოფილია დისტანც."},{"$i":"GetEmptyUssdPrompt","$v":"მიუწვდომელი პასუხი."},{"$i":"ice-latitude","$v":"განედი"},{"$i":"ice-longitude","$v":"გრძედი"},{"$i":"sim-with-index-and-carrier","$v":["SIM ",{"t":"idOrVar","v":"index"}," - ",{"t":"idOrVar","v":"carrier"}]},{"$i":"sim-without-carrier","$v":["SIM ",{"t":"idOrVar","v":"index"}]},{"$i":"label","$v":"ეტიკეტი"},{"$i":"faxHome","$v":"ფაქსი სახლი"},{"$i":"faxOffice","$v":"ფაქსი ოფისი"},{"$i":"faxOther","$v":"ფაქსი სხვა"},{"$i":"another","$v":"სხვა"},{"$i":"other","$v":"სხვა"},{"$i":"customTag","$v":"სამომხმარებლო ტეგი","placeholder":"სამომხმარებლო ტეგი"},{"$i":"current","$v":"მიმდინარე"},{"$i":"itemWithLabel","$v":[{"t":"idOrVar","v":"label"},", ",{"t":"idOrVar","v":"item"}]},{"$i":"weekday-0-long","$v":"კვირა"},{"$i":"weekday-1-long","$v":"ორშაბათი"},{"$i":"weekday-2-long","$v":"სამშაბათი"},{"$i":"weekday-3-long","$v":"ოთხშაბათი"},{"$i":"weekday-4-long","$v":"ხუთშაბათი"},{"$i":"weekday-5-long","$v":"პარასკევი"},{"$i":"weekday-6-long","$v":"შაბათი"},{"$i":"weekday-0-short","$v":"კვი"},{"$i":"weekday-1-short","$v":"ორშ"},{"$i":"weekday-2-short","$v":"სამ"},{"$i":"weekday-3-short","$v":"ოთხ"},{"$i":"weekday-4-short","$v":"ხუთ"},{"$i":"weekday-5-short","$v":"პარ"},{"$i":"weekday-6-short","$v":"შაბ"},{"$i":"month-0-long","$v":"იანვარი"},{"$i":"month-1-long","$v":"თებერვალი"},{"$i":"month-2-long","$v":"მარტი"},{"$i":"month-3-long","$v":"აპრილი"},{"$i":"month-4-long","$v":"მაისი"},{"$i":"month-5-long","$v":"ივნისი"},{"$i":"month-6-long","$v":"ივლისი"},{"$i":"month-7-long","$v":"აგვისტო"},{"$i":"month-8-long","$v":"სექტემბერი"},{"$i":"month-9-long","$v":"ოქტომბერი"},{"$i":"month-10-long","$v":"ნოემბერი"},{"$i":"month-11-long","$v":"დეკემბერი"},{"$i":"month-0-genitive","$v":"იანვარი"},{"$i":"month-1-genitive","$v":"თებერვალი"},{"$i":"month-2-genitive","$v":"მარტი"},{"$i":"month-3-genitive","$v":"აპრილი"},{"$i":"month-4-genitive","$v":"მაისი"},{"$i":"month-5-genitive","$v":"ივნისი"},{"$i":"month-6-genitive","$v":"ივლისი"},{"$i":"month-7-genitive","$v":"აგვისტო"},{"$i":"month-8-genitive","$v":"სექტემბერი"},{"$i":"month-9-genitive","$v":"ოქტომბერი"},{"$i":"month-10-genitive","$v":"ნოემბერი"},{"$i":"month-11-genitive","$v":"დეკემბერი"},{"$i":"month-0-short","$v":"იანვ"},{"$i":"month-1-short","$v":"თებ"},{"$i":"month-2-short","$v":"მარ"},{"$i":"month-3-short","$v":"აპრ"},{"$i":"month-4-short","$v":"მაისი"},{"$i":"month-5-short","$v":"ივნ"},{"$i":"month-6-short","$v":"ივლ"},{"$i":"month-7-short","$v":"აგვ"},{"$i":"month-8-short","$v":"სექ"},{"$i":"month-9-short","$v":"ოქტ"},{"$i":"month-10-short","$v":"ნოე"},{"$i":"month-11-short","$v":"დეკ"},{"$i":"minutes-ago-long","$v":{"few":[{"t":"idOrVar","v":"value"}," წუთის წინ"],"many":[{"t":"idOrVar","v":"value"}," წუთის წინ"],"one":"ერთი წუთის წინ","other":[{"t":"idOrVar","v":"value"}," წუთის წინ"],"two":[{"t":"idOrVar","v":"value"}," წუთის წინ"],"zero":"ეს-ეს არის"},"$x":[{"t":"idOrVar","v":"plural"},"value"]},{"$i":"hours-ago-long","$v":{"few":[{"t":"idOrVar","v":"value"}," საათის წინ"],"many":[{"t":"idOrVar","v":"value"}," საათის წინ"],"one":"ერთი საათის წინ","other":[{"t":"idOrVar","v":"value"}," საათის წინ"],"two":[{"t":"idOrVar","v":"value"}," საათის წინ"],"zero":"ეს-ეს არის"},"$x":[{"t":"idOrVar","v":"plural"},"value"]},{"$i":"days-ago-long","$v":{"few":[{"t":"idOrVar","v":"value"}," დღის წინ"],"many":[{"t":"idOrVar","v":"value"}," დღის წინ"],"one":"გუშინ","other":[{"t":"idOrVar","v":"value"}," დღის წინ"],"two":[{"t":"idOrVar","v":"value"}," დღის წინ"],"zero":"დღეს"},"$x":[{"t":"idOrVar","v":"plural"},"value"]},{"$i":"weeks-ago-long","$v":{"few":[{"t":"idOrVar","v":"value"}," კვირის წინ"],"many":[{"t":"idOrVar","v":"value"}," კვირის წინ"],"one":"გასული კვირა","other":[{"t":"idOrVar","v":"value"}," კვირის წინ"],"two":[{"t":"idOrVar","v":"value"}," კვირის წინ"],"zero":"ეს კვირა"},"$x":[{"t":"idOrVar","v":"plural"},"value"]},{"$i":"months-ago-long","$v":{"few":[{"t":"idOrVar","v":"value"}," თვის წინ"],"many":[{"t":"idOrVar","v":"value"}," თვის წინ"],"one":"გასული თვე","other":[{"t":"idOrVar","v":"value"}," თვის წინ"],"two":[{"t":"idOrVar","v":"value"}," თვის წინ"],"zero":"ეს თვე"},"$x":[{"t":"idOrVar","v":"plural"},"value"]},{"$i":"years-ago-long","$v":{"few":[{"t":"idOrVar","v":"value"}," წლის წინ"],"many":[{"t":"idOrVar","v":"value"}," წლის წინ"],"one":"გასული წელი","other":[{"t":"idOrVar","v":"value"}," წლის წინ"],"two":[{"t":"idOrVar","v":"value"}," წლის წინ"],"zero":"ეს წელი"},"$x":[{"t":"idOrVar","v":"plural"},"value"]},{"$i":"minutes-until-long","$v":{"few":[{"t":"idOrVar","v":"value"}," წუთში"],"many":[{"t":"idOrVar","v":"value"}," წუთში"],"one":"წუთში","other":[{"t":"idOrVar","v":"value"}," წუთში"],"two":[{"t":"idOrVar","v":"value"}," წუთში"],"zero":"ახლა"},"$x":[{"t":"idOrVar","v":"plural"},"value"]},{"$i":"hours-until-long","$v":{"few":[{"t":"idOrVar","v":"value"}," საათში"],"many":[{"t":"idOrVar","v":"value"}," საათში"],"one":"საათში","other":[{"t":"idOrVar","v":"value"}," საათში"],"two":[{"t":"idOrVar","v":"value"}," საათში"],"zero":"ახლა"},"$x":[{"t":"idOrVar","v":"plural"},"value"]},{"$i":"days-until-long","$v":{"few":[{"t":"idOrVar","v":"value"}," დღეში"],"many":[{"t":"idOrVar","v":"value"}," დღეში"],"one":"ხვალ","other":[{"t":"idOrVar","v":"value"}," დღეში"],"two":[{"t":"idOrVar","v":"value"}," დღეში"],"zero":"დღეს"},"$x":[{"t":"idOrVar","v":"plural"},"value"]},{"$i":"weeks-until-long","$v":{"few":[{"t":"idOrVar","v":"value"}," კვირაში"],"many":[{"t":"idOrVar","v":"value"}," კვირაში"],"one":"მომდევნო კვირა","other":[{"t":"idOrVar","v":"value"}," კვირაში"],"two":[{"t":"idOrVar","v":"value"}," კვირაში"],"zero":"ეს კვირა"},"$x":[{"t":"idOrVar","v":"plural"},"value"]},{"$i":"months-until-long","$v":{"few":[{"t":"idOrVar","v":"value"}," თვეში"],"many":[{"t":"idOrVar","v":"value"}," თვეში"],"one":"მომდევნო თვე","other":[{"t":"idOrVar","v":"value"}," თვეში"],"two":[{"t":"idOrVar","v":"value"}," თვეში"],"zero":"ეს თვე"},"$x":[{"t":"idOrVar","v":"plural"},"value"]},{"$i":"years-until-long","$v":{"few":[{"t":"idOrVar","v":"value"}," წელში"],"many":[{"t":"idOrVar","v":"value"}," წელში"],"one":"მომდევნო წელი","other":[{"t":"idOrVar","v":"value"}," წელში"],"two":[{"t":"idOrVar","v":"value"}," წელში"],"zero":"ეს წელი"},"$x":[{"t":"idOrVar","v":"plural"},"value"]},{"$i":"minutes-ago-short","$v":{"other":[{"t":"idOrVar","v":"value"},"თ წინ"],"zero":"ეს-ეს არის"},"$x":[{"t":"idOrVar","v":"plural"},"value"]},{"$i":"hours-ago-short","$v":{"other":[{"t":"idOrVar","v":"value"},"სთ წინ"],"zero":"ეს-ეს არის"},"$x":[{"t":"idOrVar","v":"plural"},"value"]},{"$i":"days-ago-short","$v":{"other":[{"t":"idOrVar","v":"value"},"დ წინ"],"zero":"დღეს"},"$x":[{"t":"idOrVar","v":"plural"},"value"]},{"$i":"minutes-until-short","$v":{"other":[{"t":"idOrVar","v":"value"},"წთ-ში"],"zero":"ახლა"},"$x":[{"t":"idOrVar","v":"plural"},"value"]},{"$i":"hours-until-short","$v":{"other":[{"t":"idOrVar","v":"value"},"სთ-ში"],"zero":"ახლა"},"$x":[{"t":"idOrVar","v":"plural"},"value"]},{"$i":"days-until-short","$v":{"other":[{"t":"idOrVar","v":"value"},"დღ-ში"],"zero":"დღეს"},"$x":[{"t":"idOrVar","v":"plural"},"value"]},{"$i":"incorrectDate","$v":"(არასწორი თარიღი)"},{"$i":"dateTimeFormat_%c","$v":"%a %b %e %Y %I:%M:%S %p"},{"$i":"dateTimeFormat_%x","$v":"%m/%d/%Y"},{"$i":"dateTimeFormat_%X","$v":"%I:%M:%S %p"},{"$i":"shortTimeFormat","$v":"%I:%M %p"},{"$i":"shortTimeFormat12","$v":"%I:%M %p"},{"$i":"shortTimeFormat24","$v":"%H:%M"},{"$i":"shortDateTimeFormat","$v":"%x %I:%M %p"},{"$i":"weekStartsOnMonday","$v":"0.0"},{"$i":"firstDayOfTheWeek","$v":"1.0"},{"$i":"time_am","$v":"AM"},{"$i":"time_pm","$v":"PM"}]