[{"$i":"search-or-enter-address","placeholder":"Iešk. arba įves. adresą"},{"$i":"delete-title","$v":["Ištr. ",{"t":"idOrVar","v":"name"},"?"]},{"$i":"delete-body","$v":[{"t":"idOrVar","v":"name"}," ir visi sus. duom. bus ištrinti."]},{"$i":"delete","$v":"Ištrin."},{"$i":"cancel","$v":"Atš."},{"$i":"apps","$v":"Prog."},{"$i":"menu","$v":"Meniu"},{"$i":"notifications","$v":"Praneš."},{"$i":"camera","$v":"Vaizd. kam."},{"$i":"speed-dial","$v":"Greitasis rinkimas"},{"$i":"select","$v":"Rinktis"},{"$i":"move","$v":"Perkelti"},{"$i":"ok","$v":"Gerai"},{"$i":"set","$v":"Nustatyti"},{"$i":"edit","$v":"Red."},{"$i":"call","$v":"Skam."},{"$i":"message","$v":"Pranešimas"},{"$i":"options","$v":"Funkc."},{"$i":"assign","$v":"Prisk."},{"$i":"remove","$v":"Pašal."},{"$i":"replace","$v":"Pakeis."},{"$i":"more","$v":"Daug."},{"$i":"settings","$v":"Parametrai"},{"$i":"contacts","$v":"Adresat."},{"$i":"list-view","$v":"Sąrašo rodinys"},{"$i":"grid-view","$v":"Tinklelio rodinys"},{"$i":"single-view","$v":"Vienas rodinys"},{"$i":"skip","$v":"Praleisti"},{"$i":"shortcuts","$v":"Spartieji klavišai"},{"$i":"next","$v":"Toliau"},{"$i":"back","$v":"Grįž."},{"$i":"memory-cleaner","$v":"Atminties valymo programa"},{"$i":"open","$v":"ATIDARYTI"},{"$i":"voicemail","$v":"Balso paštas"},{"$i":"speed-dial-not-empty","ariaLabel":[{"t":"idOrVar","v":"order"},", ",{"t":"idOrVar","v":"name"}]},{"$i":"speed-dial-empty","ariaLabel":[{"t":"idOrVar","v":"order"},", tušč."]},{"$i":"remove-speed-dial","$v":["Ar tikrai norite pašalinti ",{"t":"idOrVar","v":"name"}," iš greitojo rinkimo?"]},{"$i":"replace-speed-dial","$v":["Ar tikrai norite ",{"t":"idOrVar","v":"name"}," pakeisti ",{"t":"idOrVar","v":"subName"},"?"]},{"$i":"assign-speed-dial","$v":["Adresat. neįtr. kaip greit. rinkim. į mygt. ",{"t":"idOrVar","v":"n"},". Prisk. dabar?"]},{"$i":"assign-voicemail","$v":"Balso pašto numeris nenustatytas."},{"$i":"alert-for-contacts-without-number","$v":"Nėra adresatų su tokiu telefono numeriu."},{"$i":"option-remove","$v":"Pašal. iš greit. rink."},{"$i":"option-replace","$v":"Pakeis."},{"$i":"all-apps","$v":"Vis. pr."},{"$i":"uninstall","$v":"Šalinti"},{"$i":"confirm-to-uninstall-app","$v":["Pašalinti ",{"t":"idOrVar","v":"appName"}," progr.?"]},{"$i":"confirm-to-unpin-bookmark","$v":"Pašalinti svetainę?"},{"$i":"unpin","$v":"Atsegti"},{"$i":"rename","$v":"Pervadinti"},{"$i":"title","$v":"Pavadinimas"},{"$i":"add-to-existing-contact","$v":"Įtr. į esamą adresatą"},{"$i":"create-new-contact","$v":"Kurti naują adres."},{"$i":"sending","$v":"Siunčiama…"},{"$i":"video-call","$v":"Vaizdo skambutis"},{"$i":"rtt-call","$v":"ISD skambutis"},{"$i":"callAirplaneModeTitle","$v":"Lėkt. režimas įjungtas"},{"$i":"callAirplaneModeMessage","$v":"Norinti skambinti, reikia išjungti lėktuvo režimą parametrų skiltyje."},{"$i":"emergencyDialogTitle","$v":"Nėra tinklo ryšio"},{"$i":"emergencyDialogBodyBadNumber","$v":"Norint skambinti, telefonas turi būti prijungtas prie tinklo."},{"$i":"emergencyDialogBodyDeviceNotAccepted","$v":"Tinkle skamb. skub. pag. tarnyboms neleidžiami."},{"$i":"invalidNumberToDialTitle","$v":"Neteis. telef. num."},{"$i":"invalidNumberToDialMessage","$v":"Telefono numeris, kuriuo skambinate, neteisingas."},{"$i":"emergency-call-only","$v":"Tik skam. sk. pag. t."},{"$i":"emergency-call-error","$v":[{"t":"idOrVar","v":"number"}," nėra pagalbos tarnybos nr."]},{"$i":"numberIsBusyTitle","$v":"Numeris užimt."},{"$i":"numberIsBusyMessage","$v":"Šiuo metu numeris užimtas. Bandykite dar kartą vėliau."},{"$i":"fdnIsActiveTitle","$v":"FDN įjungtas"},{"$i":"fdnIsActiveMessage","$v":["FDN (apribotojo rinkimo numerių) funkc. yra įjungta, bet šio numerio nėra jūsų FDN sąraše: ",{"t":"idOrVar","v":"number"}]},{"$i":"otherConnectionInUseTitle","$v":"Naudojamas kitas ryšys"},{"$i":"otherConnectionInUseMessage","$v":"Šiuo metu aktyviai skambinate kitam ryšiui. Galite naudotis tik vienu ryšiu tuo pačiu metu."},{"$i":"GenericFailure","$v":"Bendroji klaida"},{"$i":"CallFailed","$v":"Paskambinti nepavyko"},{"$i":"scCallBarring","$v":"Skmb. draud."},{"$i":"scCallForwarding","$v":"Skmb. peradres."},{"$i":"scClip","$v":"Priim. skambin. ID"},{"$i":"scClir","$v":"Siunč. skambin. ID"},{"$i":"scPwd","$v":"Slaptaž. keit."},{"$i":"scCallWaiting","$v":"Skamb. lauk."},{"$i":"scPin","$v":"PIN keit."},{"$i":"scPin2","$v":"PIN2 keit."},{"$i":"scPuk","$v":"Atblokuoti PIN"},{"$i":"scPuk2","$v":"Atblokuoti PIN2"},{"$i":"scImei","$v":"IMEI"},{"$i":"scMeid","$v":"MEID"},{"$i":"scUssd","$v":"USSD"},{"$i":"deviceIsUnlocked","$v":"Prietaisas atrakintas"},{"$i":"simUnlockCodeAccepted","$v":"SIM atrak. kodas teisin."},{"$i":"simUnlockCodeFailed","$v":"Nepav. atrakinti SIM"},{"$i":"personal","$v":"Asmenin."},{"$i":"mobile","$v":"Mobil."},{"$i":"home","$v":"Prd."},{"$i":"work","$v":"Darbas"},{"$i":"fax-home","$v":"Namų f."},{"$i":"fax-office","$v":"Darbo fak."},{"$i":"fax-other","$v":"Kit. faks"},{"$i":"noSimCard","$v":"Nėra SIM k."},{"$i":"noService","$v":"Nėra ryšio"},{"$i":"lockedSim","$v":"Užrakinta SIM"},{"$i":"airplaneMode","$v":"Lėkt. rež."},{"$i":"wifi-calling","$v":"„Wi-Fi“ skambinimas"},{"$i":"homescreen-settings","$v":"Prad. ekrano param."},{"$i":"change-wallpaper","$v":"Keisti fono pav."},{"$i":"add-smart-collections","$v":"Įtr. išman. kolekc."},{"$i":"edit-mode","$v":"Red."},{"$i":"edit-done","$v":"Atl."},{"$i":"tutorial-for-side-menu-1","$v":["Jei norite pasiekti kairėje esančias programas, paspauskite klavišą ",{"t":"idOrVar","v":"left"},"."]},{"$i":"tutorial-for-instant-settings-1","$v":["Jei norite naudoti dažniausiai naudojamus parametrus, paspauskite klavišą ",{"t":"idOrVar","v":"up"},"."]},{"$i":"tutorial-for-notices","$v":"Pasp. DEŠINĮJĮ klav., kad peržiūrėtumėte naujus praneš."},{"$i":"tutorial-for-google-assistant-1","$v":["Palaikykite nuspaudę klavišą ",{"t":"idOrVar","v":"microphone"},", tada kalbėkite."]},{"$i":"tutorial-for-voice-input-1","$v":["Palaikykite nuspaudę klavišą ",{"t":"idOrVar","v":"microphone"},", tada kalbėkite į teksto lauką."]},{"$i":"tutorial-for-find-kaistore-2","$v":"Programą „KaiStore“ galite rasti pirmajame programų meniu puslapyje."},{"$i":"tutorial-for-left","$v":"KAIRĖ"},{"$i":"tutorial-for-up","$v":"AUKŠTYN"},{"$i":"stop-download-title","$v":["Stabdyti „",{"t":"idOrVar","v":"name"},"“"]},{"$i":"stop-download-body","$v":"Ar norite sustabdyti vykstant. parsisiuntimą?"},{"$i":"stop-download-action","$v":"Stabdyti"},{"$i":"resume-download-title","$v":"Atsis. iš naujo"},{"$i":"resume-download-body","$v":["Ar norite parsisiųsti ",{"t":"idOrVar","v":"name"},"?"]},{"$i":"resume-download-action","$v":"Parsis."},{"$i":"edit-group-header","$v":"Red. grupę"},{"$i":"gaia-shortcut-app-updated","$v":"Progr. atn,"},{"$i":"clocks-updated","$v":"Laikrodž. atn."},{"$i":"longDateFormat","$v":"%A, %B %e"},{"$i":"app-title","$v":"Mano prg."},{"$i":"app-uninstall","$v":[{"t":"idOrVar","v":"name"}," buvo pašalintas"]},{"$i":"confirmation","$v":"Patvirtinim."},{"$i":"eccOnly","$v":"Emergency calls only"},{"$i":"emergencyCallsOnly","$v":"Emergency calls only"},{"$i":"searching","$v":"Ieškoma..."},{"$i":"clockDateFormat","$v":"%a, %e %b"},{"$i":"apn-sim1","$v":"APN Settings - SIM1"},{"$i":"apn-sim2","$v":"APN Settings - SIM2"},{"$i":"apnDefaultConfig","$v":"APN Default Config"},{"$i":"apn-defaultconfig-message","$v":"Set which type of apn to used"},{"$i":"apnConfigPostpay","$v":"Postpay APN"},{"$i":"apnConfigPrepay","$v":"Prepay APN"},{"$i":"qtn_sm_toast_set_ICE_first","$v":"Nėra ICE adresatų. Pirmiausia eikite į skiltį „Adresatų parametrai“ arba į ICE informacijos parinkčių"},{"$i":"qtn_sm_toast_google_assist","$v":"Jei norite įjungti „Google“ padėjėją, paspauskite ir palaikykite arba paspauskite du kartus"},{"$i":"qtn_sm_toast_sos_call_msg","$v":"Jei norite siųsti pagalbos pranešimą / skambinti, paspauskite ir palaikykite arba paspauskite du kartus"},{"$i":"nocard-eccOnly","$v":"No SIM card-Emergency calls only"},{"$i":"unusablecard-eccOnly","$v":"Unusable SIM card-Emergency calls only"},{"$i":"utilities","$v":"Utilities"},{"$i":"games","$v":"Žaid."},{"$i":"toast-app-downloaded-to-folder","$v":["„",{"t":"idOrVar","v":"appName"},"“ atsisiųsta į aplanką ",{"t":"idOrVar","v":"folderName"},"."]},{"$i":"notices-reminder-header","$v":"Primin."},{"$i":"notices-reminder-content","$v":"Turite neperskaitytų pranešimų. Patikrinkite pranešimus, kad nepraleistumėte nieko svarbaus."},{"$i":"toast-need-update-app","$v":"Norėdami tęsti, atsisiųskite naujausią programos versiją naudodamiesi programa „JioStore“."},{"$i":"call-forwarding-async","$v":["Asinchron.: ",{"t":"idOrVar","v":"async"}]},{"$i":"call-forwarding-data","$v":["Duom.: ",{"t":"idOrVar","v":"data"}]},{"$i":"call-forwarding-error","$v":"Gaunant skambučio peradresavimo būseną įvyko klaida"},{"$i":"call-forwarding-fax","$v":["FAKS.: ",{"t":"idOrVar","v":"fax"}]},{"$i":"call-forwarding-inactive","$v":"Neaktyv."},{"$i":"call-forwarding-packet","$v":["Paket.: ",{"t":"idOrVar","v":"packet"}]},{"$i":"call-forwarding-pad","$v":["PAD: ",{"t":"idOrVar","v":"pad"}]},{"$i":"call-forwarding-sms","$v":["SMS žinutė: ",{"t":"idOrVar","v":"sms"}]},{"$i":"call-forwarding-status","$v":"Skamb. peradres. būs."},{"$i":"call-forwarding-sync","$v":["Sinchroninis: ",{"t":"idOrVar","v":"sync"}]},{"$i":"call-forwarding-voice","$v":["Balsas: ",{"t":"idOrVar","v":"voice"}]},{"$i":"call-forwarding-voice-after-seconds","$v":["Balsas: ",{"t":"idOrVar","v":"voice"}," praėjus ",{"t":"idOrVar","v":"timeSeconds"}," sek."]},{"$i":"fihVersion","$v":"FIH Version"},{"$i":"serviceClassVoice","$v":"Balsas"},{"$i":"serviceClassData","$v":"Duom."},{"$i":"serviceClassFax","$v":"FAKS."},{"$i":"serviceClassSms","$v":"SMS"},{"$i":"serviceClassDataSync","$v":"Sinchronizuoti"},{"$i":"serviceClassDataAsync","$v":"Asin."},{"$i":"serviceClassPacket","$v":"Paket."},{"$i":"serviceClassPad","$v":"PAD"},{"$i":"smServiceEnabled","$v":"Paslauga buvo įjungta"},{"$i":"smServiceDisabled","$v":"Paslauga išjungta"},{"$i":"smServiceRegistered","$v":"Registracija buvo sėkminga"},{"$i":"smServiceErased","$v":"Ištrinta sėkmingai"},{"$i":"smServiceInterrogated","$v":"Užkl. pateikta sėkmin."},{"$i":"smServiceNotProvisioned","$v":"Paslauga neteikiama"},{"$i":"smClirPermanent","$v":"Negalite keisti skambintojo ID parametro"},{"$i":"smClirDefaultOnNextCallOn","$v":"Skambint. ID numat. nustat. rib. Kitas skamb.: ribojama"},{"$i":"smClirDefaultOnNextCallOff","$v":"Skambintojo ID numat. nustat. rib. Kitas skamb.: neribojama"},{"$i":"smClirDefaultOffNextCallOn","$v":"Skambintojo ID numat. nustat. nerib. Kitas skamb.: ribojama"},{"$i":"smClirDefaultOffNextCallOff","$v":"Skambintojo ID numat. nustat. nerib. Kitas skambutis: neribojama"},{"$i":"smServiceEnabledFor","$v":"Paslauga buvo įjungta norint:"},{"$i":"smPinChanged","$v":"PIN sėkmingai pakeistas"},{"$i":"smPinUnblocked","$v":"PIN sėkmingai atblokuotas"},{"$i":"smPin2Changed","$v":"PIN2 sėkmingai pakeistas"},{"$i":"smPin2Unblocked","$v":"PIN2 sėkmingai atblokuotas"},{"$i":"ServiceIsEnabled","$v":"Paslauga įjungta"},{"$i":"ServiceIsDisabled","$v":"Paslauga išjungta"},{"$i":"ServiceIsEnabledFor","$v":"Paslauga įjungta:"},{"$i":"emMmiError","$v":"Ryšio problema arba netink. MMI kodas"},{"$i":"emMmiErrorPasswordIncorrect","$v":"Neteis. slaptažod."},{"$i":"emMmiErrorNotSupported","$v":"Netink. arba nepalaik. MMI kod."},{"$i":"emMmiErrorInvalidAction","$v":"Netink. veiks."},{"$i":"emMmiErrorInvalidScCode","$v":"Netink. pasl. kodas"},{"$i":"emMmiErrorBadPuk","$v":"Įvestas neteisingas PUK kodas"},{"$i":"emMmiErrorBadPin","$v":"Jūsų įvestas senas PIN kodas yra neteisingas."},{"$i":"emMmiErrorNeedPuk2","$v":"Įves. PUK2, kad atblok. SIM k."},{"$i":"emMmiErrorMismatchPin","$v":"Jūsų įvesti PIN kodai nesutampa."},{"$i":"emMmiErrorInvalidPin","$v":"Įveskite 4–8 skaitmenų PIN kodą"},{"$i":"emMmiErrorNeedsPuk","$v":"Jūsų SIM kortelė užrakinta PUK kodu."},{"$i":"emMmiErrorEnablePin","$v":"Nepavyko. Įgalinti SIM / RUIM UŽRAKTĄ"},{"$i":"emMmiErrorMmiFdn","$v":"Operacija apribota tik apribotojo rinkimo numeriams"},{"$i":"emMmiErrorStkCcUssdDial","$v":"USSD užklausa pakeista į DIAL užklausą"},{"$i":"emMmiErrorStkCcUssdSs","$v":"USSD užklausa pakeista į SS užklausą."},{"$i":"emMmiErrorStkCcUssdUssd","$v":"USSD užklausa pakeista į naują USSD užklausą."},{"$i":"emMmiErrorStkCcSsDial","$v":"SS užklausa pakeista į DIAL užklausą"},{"$i":"emMmiErrorStkCcSsUssd","$v":"SS užklausa pakeista į USSD užklausą"},{"$i":"emMmiErrorStkCcSsSs","$v":"SS užklausa pakeista į naują SS užklausą"},{"$i":"emMmiErrorPinPukAttempts","$v":{"few":["Liko bandymų: ",{"t":"idOrVar","v":"n"}],"many":["Liko bandymų: ",{"t":"idOrVar","v":"n"}],"one":["Liko tik ",{"t":"idOrVar","v":"n"}," band."],"other":["Liko bandymų: ",{"t":"idOrVar","v":"n"}],"two":["Liko bandymų: ",{"t":"idOrVar","v":"n"}]},"$x":[{"t":"idOrVar","v":"plural"},"n"]},{"$i":"emMmiErrorSimBlocked","$v":"Viršytas didž. įrašų skaičius. SIM užblokuota"},{"$i":"RadioNotAvailable","$v":"Radio not available"},{"$i":"PasswordIncorrect","$v":"Neteisin. slaptaž."},{"$i":"SimPin2","$v":"SIM PIN2"},{"$i":"SimPuk2","$v":"SIM PUK2"},{"$i":"RequestNotSupported","$v":"Ataskaita nepalaikoma"},{"$i":"OpNotAllowedDuringVoiceCall","$v":"Operacija balso skam. metu negalima"},{"$i":"SmsSendFailRetry","$v":"SMS send fail retry"},{"$i":"SimAbsent","$v":"SIM nėra"},{"$i":"SubscriptionNotAvailable","$v":"Prenumerata nepasiekiama"},{"$i":"ModeNotSupported","$v":"Režimas nepalaik."},{"$i":"FdnCheckFailure","$v":"Nepavyko pat. FDN"},{"$i":"IllegalSimOrMe","$v":"Neteis. SIM ar ME"},{"$i":"DialModifiedToUssd","$v":"Dial modified to USSD"},{"$i":"DialModifiedToSs","$v":"Dial modified to SS"},{"$i":"DialModifiedToDial","$v":"Dial modified to dial"},{"$i":"UssdModifiedToDial","$v":"USSD funkcija pakeista į rinkimą"},{"$i":"UssdModifiedToSs","$v":"USSD funkcija pakeista į SS"},{"$i":"UssdModifiedToUssd","$v":"USSD funkcija pakeista į USSD"},{"$i":"SsModifiedToDial","$v":"SS pakeista į skambinimą"},{"$i":"SsModifiedToUssd","$v":"SS pakeista į USSD"},{"$i":"SsModifiedToSs","$v":"SS pakeista į SS"},{"$i":"SubscriptionNotSupported","$v":"Prenumerata nepalaikoma"},{"$i":"InvalidParameter","$v":"Netink. parametr."},{"$i":"RejectedByRemote","$v":"Atmes. nuot. būdu"},{"$i":"GetEmptyUssdPrompt","$v":"Gautas nulinis atsakymas."},{"$i":"ice-latitude","$v":"Platuma"},{"$i":"ice-longitude","$v":"Ilguma"},{"$i":"sim-with-index-and-carrier","$v":["SIM ",{"t":"idOrVar","v":"index"}," - ",{"t":"idOrVar","v":"carrier"}]},{"$i":"sim-without-carrier","$v":["SIM ",{"t":"idOrVar","v":"index"}]},{"$i":"label","$v":"Pavad."},{"$i":"faxHome","$v":"Namų f."},{"$i":"faxOffice","$v":"Darbo fak."},{"$i":"faxOther","$v":"Kit. faks"},{"$i":"another","$v":"Kitas"},{"$i":"other","$v":"Kitas"},{"$i":"customTag","$v":"Pas. žym.","placeholder":"Pas. žym."},{"$i":"current","$v":"Dabart."},{"$i":"itemWithLabel","$v":[{"t":"idOrVar","v":"label"},", ",{"t":"idOrVar","v":"item"}]},{"$i":"weekday-0-long","$v":"Sekmadienis"},{"$i":"weekday-1-long","$v":"Pirmadienis"},{"$i":"weekday-2-long","$v":"Antradienis"},{"$i":"weekday-3-long","$v":"Trečiadienis"},{"$i":"weekday-4-long","$v":"Ketvirtadienis"},{"$i":"weekday-5-long","$v":"Penktadienis"},{"$i":"weekday-6-long","$v":"Šeštadienis"},{"$i":"weekday-0-short","$v":"Sk"},{"$i":"weekday-1-short","$v":"Pr"},{"$i":"weekday-2-short","$v":"An"},{"$i":"weekday-3-short","$v":"Tr"},{"$i":"weekday-4-short","$v":"Kt"},{"$i":"weekday-5-short","$v":"Pn"},{"$i":"weekday-6-short","$v":"Št"},{"$i":"month-0-long","$v":"Sausis"},{"$i":"month-1-long","$v":"Vasaris"},{"$i":"month-2-long","$v":"Kovas"},{"$i":"month-3-long","$v":"Balandis"},{"$i":"month-4-long","$v":"Gegužė"},{"$i":"month-5-long","$v":"Birželis"},{"$i":"month-6-long","$v":"Liepa"},{"$i":"month-7-long","$v":"Rugpjūtis"},{"$i":"month-8-long","$v":"Rugsėjis"},{"$i":"month-9-long","$v":"Spalis"},{"$i":"month-10-long","$v":"Lapkritis"},{"$i":"month-11-long","$v":"Gruodis"},{"$i":"month-0-genitive","$v":"Sausis"},{"$i":"month-1-genitive","$v":"Vasaris"},{"$i":"month-2-genitive","$v":"Kovas"},{"$i":"month-3-genitive","$v":"Balandis"},{"$i":"month-4-genitive","$v":"Gegužė"},{"$i":"month-5-genitive","$v":"Birželis"},{"$i":"month-6-genitive","$v":"Liepa"},{"$i":"month-7-genitive","$v":"Rugpjūtis"},{"$i":"month-8-genitive","$v":"Rugsėjis"},{"$i":"month-9-genitive","$v":"Spalis"},{"$i":"month-10-genitive","$v":"Lapkritis"},{"$i":"month-11-genitive","$v":"Gruodis"},{"$i":"month-0-short","$v":"saus."},{"$i":"month-1-short","$v":"vasar."},{"$i":"month-2-short","$v":"kov."},{"$i":"month-3-short","$v":"balan."},{"$i":"month-4-short","$v":"Geg"},{"$i":"month-5-short","$v":"birž."},{"$i":"month-6-short","$v":"liep."},{"$i":"month-7-short","$v":"rugpj."},{"$i":"month-8-short","$v":"rugs"},{"$i":"month-9-short","$v":"spal."},{"$i":"month-10-short","$v":"lapkr."},{"$i":"month-11-short","$v":"grd."},{"$i":"minutes-ago-long","$v":{"few":["Prieš ",{"t":"idOrVar","v":"value"}," min."],"many":["Prieš ",{"t":"idOrVar","v":"value"}," min."],"one":"prieš minutę","other":["Prieš ",{"t":"idOrVar","v":"value"}," min."],"two":["Prieš ",{"t":"idOrVar","v":"value"}," min."],"zero":"ką tik"},"$x":[{"t":"idOrVar","v":"plural"},"value"]},{"$i":"hours-ago-long","$v":{"few":["Prieš ",{"t":"idOrVar","v":"value"}," val."],"many":["Prieš ",{"t":"idOrVar","v":"value"}," val."],"one":"prieš valandą","other":["Prieš ",{"t":"idOrVar","v":"value"}," val."],"two":["Prieš ",{"t":"idOrVar","v":"value"}," val."],"zero":"ką tik"},"$x":[{"t":"idOrVar","v":"plural"},"value"]},{"$i":"days-ago-long","$v":{"few":["Prieš ",{"t":"idOrVar","v":"value"}," d."],"many":["Prieš ",{"t":"idOrVar","v":"value"}," d."],"one":"vakar","other":["Prieš ",{"t":"idOrVar","v":"value"}," d."],"two":["Prieš ",{"t":"idOrVar","v":"value"}," d."],"zero":"šiandien"},"$x":[{"t":"idOrVar","v":"plural"},"value"]},{"$i":"weeks-ago-long","$v":{"few":["Prieš ",{"t":"idOrVar","v":"value"}," sav."],"many":["Prieš ",{"t":"idOrVar","v":"value"}," sav."],"one":"pas. sav.","other":["Prieš ",{"t":"idOrVar","v":"value"}," sav."],"two":["Prieš ",{"t":"idOrVar","v":"value"}," sav."],"zero":"ši savaitė"},"$x":[{"t":"idOrVar","v":"plural"},"value"]},{"$i":"months-ago-long","$v":{"few":[{"t":"idOrVar","v":"value"}," mėn. po"],"many":[{"t":"idOrVar","v":"value"}," mėn. po"],"one":"pask. mėn.","other":[{"t":"idOrVar","v":"value"}," mėn. po"],"two":[{"t":"idOrVar","v":"value"}," mėn. po"],"zero":"šis mėnuo"},"$x":[{"t":"idOrVar","v":"plural"},"value"]},{"$i":"years-ago-long","$v":{"few":["Prieš ",{"t":"idOrVar","v":"value"}," met."],"many":["Prieš ",{"t":"idOrVar","v":"value"}," met."],"one":"Pas. met.","other":["Prieš ",{"t":"idOrVar","v":"value"}," met."],"two":["Prieš ",{"t":"idOrVar","v":"value"}," met."],"zero":"šie metai"},"$x":[{"t":"idOrVar","v":"plural"},"value"]},{"$i":"minutes-until-long","$v":{"few":["per ",{"t":"idOrVar","v":"value"}," min."],"many":["per ",{"t":"idOrVar","v":"value"}," min."],"one":"per min.","other":["per ",{"t":"idOrVar","v":"value"}," min."],"two":["per ",{"t":"idOrVar","v":"value"}," min."],"zero":"dabar"},"$x":[{"t":"idOrVar","v":"plural"},"value"]},{"$i":"hours-until-long","$v":{"few":["per ",{"t":"idOrVar","v":"value"}," val."],"many":["per ",{"t":"idOrVar","v":"value"}," val."],"one":"per val.","other":["per ",{"t":"idOrVar","v":"value"}," val."],"two":["per ",{"t":"idOrVar","v":"value"}," val."],"zero":"dabar"},"$x":[{"t":"idOrVar","v":"plural"},"value"]},{"$i":"days-until-long","$v":{"few":["per ",{"t":"idOrVar","v":"value"}," d."],"many":["per ",{"t":"idOrVar","v":"value"}," d."],"one":"rytoj","other":["per ",{"t":"idOrVar","v":"value"}," d."],"two":["per ",{"t":"idOrVar","v":"value"}," d."],"zero":"šiandien"},"$x":[{"t":"idOrVar","v":"plural"},"value"]},{"$i":"weeks-until-long","$v":{"few":["per ",{"t":"idOrVar","v":"value"}," sav."],"many":["per ",{"t":"idOrVar","v":"value"}," sav."],"one":"kita sav.","other":["per ",{"t":"idOrVar","v":"value"}," sav."],"two":["per ",{"t":"idOrVar","v":"value"}," sav."],"zero":"ši savaitė"},"$x":[{"t":"idOrVar","v":"plural"},"value"]},{"$i":"months-until-long","$v":{"few":["per ",{"t":"idOrVar","v":"value"}," mėn."],"many":["per ",{"t":"idOrVar","v":"value"}," mėn."],"one":"kit. mėn.","other":["per ",{"t":"idOrVar","v":"value"}," mėn."],"two":["per ",{"t":"idOrVar","v":"value"}," mėn."],"zero":"šis mėnuo"},"$x":[{"t":"idOrVar","v":"plural"},"value"]},{"$i":"years-until-long","$v":{"few":["per ",{"t":"idOrVar","v":"value"}," met."],"many":["per ",{"t":"idOrVar","v":"value"}," met."],"one":"kit. met.","other":["per ",{"t":"idOrVar","v":"value"}," met."],"two":["per ",{"t":"idOrVar","v":"value"}," met."],"zero":"šie metai"},"$x":[{"t":"idOrVar","v":"plural"},"value"]},{"$i":"minutes-ago-short","$v":{"other":["Prieš ",{"t":"idOrVar","v":"value"},"min."],"zero":"ką tik"},"$x":[{"t":"idOrVar","v":"plural"},"value"]},{"$i":"hours-ago-short","$v":{"other":["Prieš ",{"t":"idOrVar","v":"value"},"val."],"zero":"ką tik"},"$x":[{"t":"idOrVar","v":"plural"},"value"]},{"$i":"days-ago-short","$v":{"other":["Prieš ",{"t":"idOrVar","v":"value"},"d."],"zero":"šiandien"},"$x":[{"t":"idOrVar","v":"plural"},"value"]},{"$i":"minutes-until-short","$v":{"other":["per ",{"t":"idOrVar","v":"value"},"min."],"zero":"dabar"},"$x":[{"t":"idOrVar","v":"plural"},"value"]},{"$i":"hours-until-short","$v":{"other":["per ",{"t":"idOrVar","v":"value"},"val."],"zero":"dabar"},"$x":[{"t":"idOrVar","v":"plural"},"value"]},{"$i":"days-until-short","$v":{"other":["per ",{"t":"idOrVar","v":"value"},"d"],"zero":"šiandien"},"$x":[{"t":"idOrVar","v":"plural"},"value"]},{"$i":"incorrectDate","$v":"(neteisinga data)"},{"$i":"dateTimeFormat_%c","$v":"%a %b %e %Y %I:%M:%S %p"},{"$i":"dateTimeFormat_%x","$v":"%m/%d/%Y"},{"$i":"dateTimeFormat_%X","$v":"%I:%M:%S %p"},{"$i":"shortTimeFormat","$v":"%I:%M %p"},{"$i":"shortTimeFormat12","$v":"%I:%M %p"},{"$i":"shortTimeFormat24","$v":"%H:%M"},{"$i":"shortDateTimeFormat","$v":"%x %I:%M %p"},{"$i":"weekStartsOnMonday","$v":"0.0"},{"$i":"firstDayOfTheWeek","$v":"1.0"},{"$i":"time_am","$v":"AM"},{"$i":"time_pm","$v":"PM"}]