[{"$i":"search-or-enter-address","placeholder":"ठेगाना खोज्नुहोस् वा प्रविष्ट गर्नुहोस्"},{"$i":"delete-title","$v":[{"t":"idOrVar","v":"name"}," मेटाउनुहोस्"]},{"$i":"delete-body","$v":[{"t":"idOrVar","v":"name"}," र यसका सबै डेटा मेटाइने छ।"]},{"$i":"delete","$v":"मेट्नुहोस्"},{"$i":"cancel","$v":"रद्द गर्नुहोस्"},{"$i":"apps","$v":"अनुप्रयोगहरू"},{"$i":"menu","$v":"मेनु"},{"$i":"notifications","$v":"सूचनाहरू"},{"$i":"camera","$v":"क्यामेरा"},{"$i":"speed-dial","$v":"द्रूत डायल"},{"$i":"select","$v":"चयन गर्नुहोस्"},{"$i":"move","$v":"सार्नुहोस्"},{"$i":"ok","$v":"ठीक छ"},{"$i":"set","$v":"सेट गर्नुहोस्"},{"$i":"edit","$v":"सम्पादन गर्नुहोस्"},{"$i":"call","$v":"कल गर्नुहोस्"},{"$i":"message","$v":"सन्देश"},{"$i":"options","$v":"विकल्पहरू"},{"$i":"assign","$v":"स्वीकृति"},{"$i":"remove","$v":"हटाउनुहोस्"},{"$i":"replace","$v":"प्रतिस्थापन गर्नुहोस्"},{"$i":"more","$v":"बढी"},{"$i":"settings","$v":"सेटिङ्हरू"},{"$i":"contacts","$v":"सम्पर्कहरू"},{"$i":"list-view","$v":"सूची दृश्य"},{"$i":"grid-view","$v":"ग्रिड दृश्य"},{"$i":"single-view","$v":"एकल दृश्य"},{"$i":"skip","$v":"छोड्नुहोस्"},{"$i":"shortcuts","$v":"सर्टकटहरू"},{"$i":"next","$v":"अर्को"},{"$i":"back","$v":"पछाडि"},{"$i":"memory-cleaner","$v":"मेमोरी क्लीनर"},{"$i":"open","$v":"खोल्नुहोस्"},{"$i":"voicemail","$v":"भ्वाइस मेल"},{"$i":"speed-dial-not-empty","ariaLabel":[{"t":"idOrVar","v":"order"},", ",{"t":"idOrVar","v":"name"}]},{"$i":"speed-dial-empty","ariaLabel":[{"t":"idOrVar","v":"order"},", खाली"]},{"$i":"remove-speed-dial","$v":["तपाईं निश्चित रूपमा स्पीड डायलबाट ",{"t":"idOrVar","v":"name"}," हटाउन चाहनुहुन्छ?"]},{"$i":"replace-speed-dial","$v":["तपाईं ",{"t":"idOrVar","v":"name"}," लाई ",{"t":"idOrVar","v":"subName"}," ले प्रतिस्थापन गर्न निश्चित हुनुहुन्छ?"]},{"$i":"assign-speed-dial","$v":["बटन ",{"t":"idOrVar","v":"n"}," मा स्पिड डायलको रूपमा सम्पर्कलाई थपिएन। अहिले निर्दिष्ट गर्ने?"]},{"$i":"assign-voicemail","$v":"भ्वाइस मेल नम्बरलाई सेट गरिएको छैन।"},{"$i":"alert-for-contacts-without-number","$v":"उपलब्ध फोन नम्बरमा कुनै सम्पर्कहरू छैनन्।"},{"$i":"option-remove","$v":"स्पिड डायलबाट हटाउनुहोस्"},{"$i":"option-replace","$v":"प्रतिस्थापन गर्नुहोस्"},{"$i":"all-apps","$v":"सबै-एप्लिकेसन"},{"$i":"uninstall","$v":"अस्थापना गर्नुहोस्"},{"$i":"confirm-to-uninstall-app","$v":[{"t":"idOrVar","v":"appName"}," एपलाई विस्थापित गर्ने?"]},{"$i":"confirm-to-unpin-bookmark","$v":"वेबसाइट अनपिन गर्ने?"},{"$i":"unpin","$v":"अनपिन गर्नुहोस्"},{"$i":"rename","$v":"पुनःनामाकरण गर्नुहोस्"},{"$i":"title","$v":"शीर्षक"},{"$i":"add-to-existing-contact","$v":"विद्यमान सम्पर्कमा थप्नुहोस्"},{"$i":"create-new-contact","$v":"नयाँ सम्पर्क सिर्जना गर्नुहोस्"},{"$i":"sending","$v":"पठाउँदै..."},{"$i":"video-call","$v":"भिडियोकल"},{"$i":"rtt-call","$v":"आर.टि.टि कल गर्नुहोस्"},{"$i":"callAirplaneModeTitle","$v":"विमान मोड सक्रिय भयो"},{"$i":"callAirplaneModeMessage","$v":"सम्पर्क राख्न चाहनु हुन्छ भनी तपाईंले सेटिङहरूमा गएर हवाइजहाज मोडलाई असक्षम गर्नुपर्छ"},{"$i":"emergencyDialogTitle","$v":"नेटवर्क जडान छैन"},{"$i":"emergencyDialogBodyBadNumber","$v":"सम्पर्क राख्न चाहनु हुन्छ भनि फोनलाई नेटवर्कमा जडान गरिएको हुनुपर्छ"},{"$i":"emergencyDialogBodyDeviceNotAccepted","$v":"आपतकालीन कलहरू नेटवर्कद्वारा अनुमति छैन्।"},{"$i":"invalidNumberToDialTitle","$v":"अवैधानिक फोन नम्बर"},{"$i":"invalidNumberToDialMessage","$v":"तपाईंले सम्पर्क गर्नु भएको फोन उपलब्ध छैन्"},{"$i":"emergency-call-only","$v":"आपतकालीन कल मात्र"},{"$i":"emergency-call-error","$v":[{"t":"idOrVar","v":"number"}," आकस्मिक नम्बर होइन।"]},{"$i":"numberIsBusyTitle","$v":"नम्बर ब्यस्त छ"},{"$i":"numberIsBusyMessage","$v":"नम्बर हालैमा व्यस्त छ। कृपया पछि फेरि प्रयास गर्नुहोस्।"},{"$i":"fdnIsActiveTitle","$v":"एफडीएन सक्रिय"},{"$i":"fdnIsActiveMessage","$v":["FDN (फिक्स्ड डायलिङ नम्बर) सक्रिय भयो र तपाईंको FDN नम्बर निम्नलिखित सुचीमा छैन्: ",{"t":"idOrVar","v":"number"}]},{"$i":"otherConnectionInUseTitle","$v":"अन्य जडानलाई प्रयोग गर्नुहोस्"},{"$i":"otherConnectionInUseMessage","$v":"तपाईंसँग अर्को जडानमा सक्रिय कल छ। एक पटकमा तपाईंले एउटा मात्र जडान गर्न सक्नुहुन्छ?"},{"$i":"GenericFailure","$v":"जेनेरिक असफलता"},{"$i":"CallFailed","$v":"कल असफल भयो"},{"$i":"scCallBarring","$v":"कल ब्यारिङ"},{"$i":"scCallForwarding","$v":"कल फोरवार्डिङ"},{"$i":"scClip","$v":"आगमन कलर ID"},{"$i":"scClir","$v":"बाहिरिने कलर ID"},{"$i":"scPwd","$v":"पासवर्ड परिवर्तन"},{"$i":"scCallWaiting","$v":"कल प्रतिक्षा"},{"$i":"scPin","$v":"PIN परिवर्तन"},{"$i":"scPin2","$v":"PIN2 परिवर्तन"},{"$i":"scPuk","$v":"PIN अनब्लक गर्नुहोस्"},{"$i":"scPuk2","$v":"PIN2 अनब्लक गर्नुहोस्"},{"$i":"scImei","$v":"IMEI"},{"$i":"scMeid","$v":"MEID"},{"$i":"scUssd","$v":"USSD"},{"$i":"deviceIsUnlocked","$v":"यन्त्रलाई अनलक गरिएको छ"},{"$i":"simUnlockCodeAccepted","$v":"सिम अनलक कोड स्वीकार गरियो"},{"$i":"simUnlockCodeFailed","$v":"सिम अनलक असफल भयो"},{"$i":"personal","$v":"व्यक्तिगत"},{"$i":"mobile","$v":"मोबाइल"},{"$i":"home","$v":"गृह"},{"$i":"work","$v":"काम"},{"$i":"fax-home","$v":"फ्याक्स गृह"},{"$i":"fax-office","$v":"फ्याक्स अफिस"},{"$i":"fax-other","$v":"अन्य फ्याक्स गर्नुहोस्"},{"$i":"noSimCard","$v":"सिम कार्ड छैन"},{"$i":"noService","$v":"सेवा छैन"},{"$i":"lockedSim","$v":"लक भएको सिम"},{"$i":"airplaneMode","$v":"ऐर्प्लने मोड"},{"$i":"wifi-calling","$v":"WiFi कलिङ"},{"$i":"homescreen-settings","$v":"गृहस्क्रीन सेटिंग्सहरू"},{"$i":"change-wallpaper","$v":"वालपेपर परिवर्तन गर्नुहोस्"},{"$i":"add-smart-collections","$v":"स्मार्ट संकलनहरू थप्नुहोस्"},{"$i":"edit-mode","$v":"सम्पादन गर्नुहोस्"},{"$i":"edit-done","$v":"भयो"},{"$i":"tutorial-for-side-menu-1","$v":["बायाँ अनुप्रयोगहरू पहुँच गर्न ",{"t":"idOrVar","v":"left"}," कुञ्जी थिच्नुहोस् । "]},{"$i":"tutorial-for-instant-settings-1","$v":["सामान्य प्रयोग गरिएको सेटिङका लागि ",{"t":"idOrVar","v":"up"}," कुञ्जी थिच्नुहोस् ।"]},{"$i":"tutorial-for-notices","$v":"नयाँ सूचनाहरू हेर्न दायाँ कुञ्जी थिच्नुहोस्।"},{"$i":"tutorial-for-google-assistant-1","$v":["बोल्नका लागि ",{"t":"idOrVar","v":"microphone"}," मा लामो समयसम्म थिच्नुहोस्।"]},{"$i":"tutorial-for-voice-input-1","$v":["पाठ क्षेत्रमा बोल्नका लागि ",{"t":"idOrVar","v":"microphone"}," मा लामो समयसम्म थिच्नुहोस्।"]},{"$i":"tutorial-for-find-kaistore-2","$v":"एप मेनूको पहिलो पृष्ठमा KaiStore एप खोज्नुहोस्।"},{"$i":"tutorial-for-left","$v":"बाँकी"},{"$i":"tutorial-for-up","$v":"माथि"},{"$i":"stop-download-title","$v":[{"t":"idOrVar","v":"name"}," रोक्नुहोस्"]},{"$i":"stop-download-body","$v":"तपाईं प्रगतिमा रहेको डाउनलोड रोक्न चाहनुहुन्छ?"},{"$i":"stop-download-action","$v":"रोक्नुहोस्"},{"$i":"resume-download-title","$v":"डाउनलोड पुन: सुरू गर्नुहोस्"},{"$i":"resume-download-body","$v":["तपाईं ",{"t":"idOrVar","v":"name"}," डाउनलोड गर्न चाहनुहुन्छ?"]},{"$i":"resume-download-action","$v":"डाउनलोड गर्नुहोस्"},{"$i":"edit-group-header","$v":"समूह सम्पादन गर्नुहोस्"},{"$i":"gaia-shortcut-app-updated","$v":"एप्लिकेसन अद्यावधिक गरिएको"},{"$i":"clocks-updated","$v":"घडीहरू अद्यावधिक गरियो"},{"$i":"longDateFormat","$v":"%A, %B %e"},{"$i":"app-title","$v":"मेरा एपहरू"},{"$i":"app-uninstall","$v":[{"t":"idOrVar","v":"name"}," को स्थापना रद्द गरियो"]},{"$i":"confirmation","$v":"पुष्टिकरण"},{"$i":"eccOnly","$v":"Emergency calls only"},{"$i":"emergencyCallsOnly","$v":"Emergency calls only"},{"$i":"searching","$v":"खोज्दै…"},{"$i":"clockDateFormat","$v":"%a, %e %b"},{"$i":"apn-sim1","$v":"APN Settings - SIM1"},{"$i":"apn-sim2","$v":"APN Settings - SIM2"},{"$i":"apnDefaultConfig","$v":"APN Default Config"},{"$i":"apn-defaultconfig-message","$v":"Set which type of apn to used"},{"$i":"apnConfigPostpay","$v":"Postpay APN"},{"$i":"apnConfigPrepay","$v":"Prepay APN"},{"$i":"qtn_sm_toast_set_ICE_first","$v":"कुनै ICE सम्पर्कहरु छैनन्, कृपया सम्पर्क सेटिङहरु वा ICE जानकारीको विकल्प मेनुमा गएर"},{"$i":"qtn_sm_toast_google_assist","$v":"धेरै बेर थिच्नुहोस् वा दुई पटक थिच्नुहोस् गुगल असिस्टेन्टकोलागि"},{"$i":"qtn_sm_toast_sos_call_msg","$v":"धेरै बेर थिच्नुहोस् वा दुई पटक थिच्नुहोस् SOS कल / SOS मेसेज"},{"$i":"nocard-eccOnly","$v":"No SIM card-Emergency calls only"},{"$i":"unusablecard-eccOnly","$v":"Unusable SIM card-Emergency calls only"},{"$i":"utilities","$v":"उपयोगिताहरू"},{"$i":"games","$v":"खेलहरू"},{"$i":"toast-app-downloaded-to-folder","$v":[{"t":"idOrVar","v":"appName"}," ",{"t":"idOrVar","v":"folderName"}," फोल्डरमा डाउनलोड गरिएको छ।"]},{"$i":"notices-reminder-header","$v":"सम्झाउनी"},{"$i":"notices-reminder-content","$v":"तपाईंसँग नपढिएका सुचनाहरू छन्। सूचनाहरू जाँच गर्नुहोस् र तपाईंले कुनै महत्त्वपूर्ण कुरा गुमाउनु हुने छैन।"},{"$i":"toast-need-update-app","$v":"JioStore एप बाट जारी राख्न कृपया हालैको संस्करणमा एपलाई अपडेट गर्नुहोस्।"},{"$i":"call-forwarding-async","$v":["असिङ्क्रनस: ",{"t":"idOrVar","v":"async"}]},{"$i":"call-forwarding-data","$v":["डेटा: ",{"t":"idOrVar","v":"data"}]},{"$i":"call-forwarding-error","$v":"अवस्था अगाडि पुनः प्राप्ति कल गर्दै गर्दा त्रुटि आयो"},{"$i":"call-forwarding-fax","$v":["FAX: ",{"t":"idOrVar","v":"fax"}]},{"$i":"call-forwarding-inactive","$v":"निष्क्रिय"},{"$i":"call-forwarding-packet","$v":["प्याकेट: ",{"t":"idOrVar","v":"packet"}]},{"$i":"call-forwarding-pad","$v":["PAD: ",{"t":"idOrVar","v":"pad"}]},{"$i":"call-forwarding-sms","$v":["SMS: ",{"t":"idOrVar","v":"sms"}]},{"$i":"call-forwarding-status","$v":"कल स्थिति अगाडि बढाउदै"},{"$i":"call-forwarding-sync","$v":["समक्रमण गर्न सकिने: ",{"t":"idOrVar","v":"sync"}]},{"$i":"call-forwarding-voice","$v":["भ्वाइस: ",{"t":"idOrVar","v":"voice"}]},{"$i":"call-forwarding-voice-after-seconds","$v":["भ्वाइस: ",{"t":"idOrVar","v":"timeSeconds"}," सेकेण्डपछि ",{"t":"idOrVar","v":"voice"}]},{"$i":"fihVersion","$v":"FIH Version"},{"$i":"serviceClassVoice","$v":"आवाज"},{"$i":"serviceClassData","$v":"डेटा"},{"$i":"serviceClassFax","$v":"FAX"},{"$i":"serviceClassSms","$v":"SMS"},{"$i":"serviceClassDataSync","$v":"सिंक गर्नुहोस्"},{"$i":"serviceClassDataAsync","$v":"Async"},{"$i":"serviceClassPacket","$v":"प्याकेट"},{"$i":"serviceClassPad","$v":"PAD"},{"$i":"smServiceEnabled","$v":"सेवा सक्षम पारियो"},{"$i":"smServiceDisabled","$v":"सेवा असक्षम पारिएको छ"},{"$i":"smServiceRegistered","$v":"दर्ता सफल भयो"},{"$i":"smServiceErased","$v":"मेटाउने कार्य सफलतापूर्वक भयो"},{"$i":"smServiceInterrogated","$v":"अनुरोध सफलतापूर्वक भयो"},{"$i":"smServiceNotProvisioned","$v":"सेवाको व्यवस्था छैन"},{"$i":"smClirPermanent","$v":"तपाईंले कलर ID सेटिङ परिवर्तन गर्न सक्नुहुन्न"},{"$i":"smClirDefaultOnNextCallOn","$v":"कलर ID प्रतिबन्धितमा पूर्वनिर्धारितहरूमा छ। अर्को कल: प्रतिबन्धित"},{"$i":"smClirDefaultOnNextCallOff","$v":"कलर ID प्रतिबन्धितमा पूर्वनिर्धारितहरूमा छ। अर्को कल: प्रतिबन्धित छैन"},{"$i":"smClirDefaultOffNextCallOn","$v":"कलर ID पूर्वनिर्धारितदेखि प्रतिबन्धित छैन। अर्को कल: प्रतिबन्धित"},{"$i":"smClirDefaultOffNextCallOff","$v":"कलर ID पूर्वनिर्धारितदेखि प्रतिबन्धित छैन। अर्को कल: प्रतिबन्धित छैन"},{"$i":"smServiceEnabledFor","$v":"निम्न उल्लेखितको लागि सेवा सक्षम पारियो:"},{"$i":"smPinChanged","$v":"PIN सफलतापूर्वक परिवर्तन भयो"},{"$i":"smPinUnblocked","$v":"PIN सफलतापूर्वक अनब्लक भयो"},{"$i":"smPin2Changed","$v":"PIN2 सफलतापूर्वक परिवर्तन भयो"},{"$i":"smPin2Unblocked","$v":"PIN2 सफलतापूर्वक अनब्लक गरियो"},{"$i":"ServiceIsEnabled","$v":"सेवा सक्षम गरिएको"},{"$i":"ServiceIsDisabled","$v":"सेवा असक्षम पारिएको"},{"$i":"ServiceIsEnabledFor","$v":"यसका लागि सेवा सक्षम गरियो:"},{"$i":"emMmiError","$v":"जडान समस्या वा अमान्य MMI कोड"},{"$i":"emMmiErrorPasswordIncorrect","$v":"गलत पासवर्ड"},{"$i":"emMmiErrorNotSupported","$v":"अमान्य वा असमर्थित MMI कोड"},{"$i":"emMmiErrorInvalidAction","$v":"अवैध कार्य"},{"$i":"emMmiErrorInvalidScCode","$v":"अमान्य सेवा कोड"},{"$i":"emMmiErrorBadPuk","$v":"तपाईंले टाइप गर्नुभएको PUK गलत छ"},{"$i":"emMmiErrorBadPin","$v":"तपाईंले टाइप गर्नुभएको पुरानो PIN गलत छ"},{"$i":"emMmiErrorNeedPuk2","$v":"SIM कार्डलाई अन-अवरुद्ध गर्नका लागि PUK2 टाइप गर्नुहोस्"},{"$i":"emMmiErrorMismatchPin","$v":"तपाईंले टाइप गर्नुभएको PIN हरू मेल खाँदैनन्"},{"$i":"emMmiErrorInvalidPin","$v":"4 देखि 8 वटा नम्बरसम्म भएको एउटा PIN टाइप गर्नुहोस्"},{"$i":"emMmiErrorNeedsPuk","$v":"तपाईंको SIM कार्ड PUK-लक भएको छ"},{"$i":"emMmiErrorEnablePin","$v":"असफल। SIM/RUIM लकलाई सक्षम पार्नुहोस्"},{"$i":"emMmiErrorMmiFdn","$v":"अपरेशन निश्चित डायल नम्बरहरूको लागि मात्र प्रतिबन्धित छ"},{"$i":"emMmiErrorStkCcUssdDial","$v":"USSD अनुरोध DIAL अनुरोधमा परिमार्जन गरिएको छ"},{"$i":"emMmiErrorStkCcUssdSs","$v":"USSD अनुरोध SS अनुरोधमा परिमार्जन गरिएको छ"},{"$i":"emMmiErrorStkCcUssdUssd","$v":"USSD अनुरोध नयाँ USSD अनुरोधमा परिमार्जन गरिएको छ"},{"$i":"emMmiErrorStkCcSsDial","$v":"SS अनुरोधलाई DIAL अनुरोधमा परिमार्जन गरिएको छ"},{"$i":"emMmiErrorStkCcSsUssd","$v":"SS अनुरोध USSD अनुरोधमा परिमार्जन गरिएको छ"},{"$i":"emMmiErrorStkCcSsSs","$v":"SS अनुरोधलाई नयाँ SS अनुरोधमा परिमार्जन गरिएको छ"},{"$i":"emMmiErrorPinPukAttempts","$v":{"few":[{"t":"idOrVar","v":"n"}," पुन: प्रयासहरू बाँकी"],"many":[{"t":"idOrVar","v":"n"}," पुन: प्रयासहरू बाँकी"],"one":[{"t":"idOrVar","v":"n"}," पुन: प्रयास बायाँ मात्र"],"other":[{"t":"idOrVar","v":"n"}," पुन: प्रयासहरू बाँकी"],"two":[{"t":"idOrVar","v":"n"}," पुन: प्रयासहरू बाँकी"]},"$x":[{"t":"idOrVar","v":"plural"},"n"]},{"$i":"emMmiErrorSimBlocked","$v":"अधिकतम पुन:प्रयासहरूको नम्बर नाघ्यो। SIM रोकिएको छ"},{"$i":"RadioNotAvailable","$v":"रेडियो उपलब्ध छैन"},{"$i":"PasswordIncorrect","$v":"पासवर्ड गलत छ"},{"$i":"SimPin2","$v":"SIM PIN2"},{"$i":"SimPuk2","$v":"SIM PUK2"},{"$i":"RequestNotSupported","$v":"अनुरोध समर्थित भएन"},{"$i":"OpNotAllowedDuringVoiceCall","$v":"भ्वाइस कल चलिरहेको बेला कार्य गर्न पाइँदैन"},{"$i":"SmsSendFailRetry","$v":"SMS ले असफल प्रयास पठायो"},{"$i":"SimAbsent","$v":"SIM अनुपस्थित"},{"$i":"SubscriptionNotAvailable","$v":"सदस्यता उपलब्ध छैन"},{"$i":"ModeNotSupported","$v":"मोड समर्थित छैन"},{"$i":"FdnCheckFailure","$v":"Fdn जाँच असफलता"},{"$i":"IllegalSimOrMe","$v":"गैरकानूनी SIM वाME"},{"$i":"DialModifiedToUssd","$v":"USSDको लागि डायल संशोधित"},{"$i":"DialModifiedToSs","$v":"एसएसको लागि डायल संशोधित"},{"$i":"DialModifiedToDial","$v":"डायलको लागि डायल संशोधित"},{"$i":"UssdModifiedToDial","$v":"USSD लाई डाइलमा परिमार्जन गरियो"},{"$i":"UssdModifiedToSs","$v":"SS लाई USSD मा परिमार्जन गरियो"},{"$i":"UssdModifiedToUssd","$v":"USSD लाई USSD मा परिमार्जन गरियो"},{"$i":"SsModifiedToDial","$v":"SS लाई डाइलमा परिमार्जन गरियो"},{"$i":"SsModifiedToUssd","$v":"SS लाई USSD मा परिमार्जन गरियो"},{"$i":"SsModifiedToSs","$v":"SS लाई SS मा परिमार्जन गरियो"},{"$i":"SubscriptionNotSupported","$v":"सदस्यता समर्थित छैन"},{"$i":"InvalidParameter","$v":"अमान्य मापदण्ड"},{"$i":"RejectedByRemote","$v":"रिमोटबाट अस्वीकृत"},{"$i":"GetEmptyUssdPrompt","$v":"नगन्य जवाफ प्राप्त भयो।"},{"$i":"ice-latitude","$v":"अक्षांश"},{"$i":"ice-longitude","$v":"देशान्तर"},{"$i":"sim-with-index-and-carrier","$v":["SIM ",{"t":"idOrVar","v":"index"}," - ",{"t":"idOrVar","v":"carrier"}]},{"$i":"sim-without-carrier","$v":["SIM ",{"t":"idOrVar","v":"index"}]},{"$i":"label","$v":"लेबल"},{"$i":"faxHome","$v":"फ्याक्स गृह"},{"$i":"faxOffice","$v":"फ्याक्स अफिस"},{"$i":"faxOther","$v":"अन्य फ्याक्स गर्नुहोस्"},{"$i":"another","$v":"अर्को"},{"$i":"other","$v":"अन्य"},{"$i":"customTag","$v":"कस्टम ट्याग","placeholder":"कस्टम ट्याग"},{"$i":"current","$v":"हालको"},{"$i":"itemWithLabel","$v":[{"t":"idOrVar","v":"label"},", ",{"t":"idOrVar","v":"item"}]},{"$i":"weekday-0-long","$v":"आइतबार"},{"$i":"weekday-1-long","$v":"सोमबार"},{"$i":"weekday-2-long","$v":"मङ्गलबार"},{"$i":"weekday-3-long","$v":"बुधबार"},{"$i":"weekday-4-long","$v":"बिहिबार"},{"$i":"weekday-5-long","$v":"शुक्रबार"},{"$i":"weekday-6-long","$v":"शनिबार"},{"$i":"weekday-0-short","$v":"सूर्य"},{"$i":"weekday-1-short","$v":"सोमबार"},{"$i":"weekday-2-short","$v":"मङ्गलबार"},{"$i":"weekday-3-short","$v":"बुधबार"},{"$i":"weekday-4-short","$v":"बिहीबार"},{"$i":"weekday-5-short","$v":"शुक्रबार"},{"$i":"weekday-6-short","$v":"शनिबार"},{"$i":"month-0-long","$v":"जनवरी"},{"$i":"month-1-long","$v":"फेब्रुअरी"},{"$i":"month-2-long","$v":"मार्च"},{"$i":"month-3-long","$v":"अप्रिल"},{"$i":"month-4-long","$v":"मे"},{"$i":"month-5-long","$v":"जुन"},{"$i":"month-6-long","$v":"जुलाइ"},{"$i":"month-7-long","$v":"अगस्ट"},{"$i":"month-8-long","$v":"सेप्टेम्बर"},{"$i":"month-9-long","$v":"अक्टुबर"},{"$i":"month-10-long","$v":"नोभेम्बर"},{"$i":"month-11-long","$v":"डिसेम्बर"},{"$i":"month-0-genitive","$v":"जनवरी"},{"$i":"month-1-genitive","$v":"फेब्रुअरी"},{"$i":"month-2-genitive","$v":"मार्च"},{"$i":"month-3-genitive","$v":"अप्रिल"},{"$i":"month-4-genitive","$v":"मे"},{"$i":"month-5-genitive","$v":"जुन"},{"$i":"month-6-genitive","$v":"जुलाइ"},{"$i":"month-7-genitive","$v":"अगस्ट"},{"$i":"month-8-genitive","$v":"सेप्टेम्बर"},{"$i":"month-9-genitive","$v":"अक्टुबर"},{"$i":"month-10-genitive","$v":"नोभेम्बर"},{"$i":"month-11-genitive","$v":"डिसेम्बर"},{"$i":"month-0-short","$v":"जनवरी"},{"$i":"month-1-short","$v":"फेब्रुअरी"},{"$i":"month-2-short","$v":"मार्च"},{"$i":"month-3-short","$v":"अप्रिल"},{"$i":"month-4-short","$v":"मे"},{"$i":"month-5-short","$v":"जुन"},{"$i":"month-6-short","$v":"जुलाई"},{"$i":"month-7-short","$v":"अगस्ट"},{"$i":"month-8-short","$v":"सेप्टेम्बर"},{"$i":"month-9-short","$v":"अक्टोबर"},{"$i":"month-10-short","$v":"नोभेम्बर"},{"$i":"month-11-short","$v":"डिसेम्बर"},{"$i":"minutes-ago-long","$v":{"few":[{"t":"idOrVar","v":"value"}," मिनेट पहिला"],"many":[{"t":"idOrVar","v":"value"}," मिनेट पहिला"],"one":"एक मिनेट अघि","other":[{"t":"idOrVar","v":"value"}," मिनेट पहिला"],"two":[{"t":"idOrVar","v":"value"}," मिनेट पहिला"],"zero":"अहिले भर्खर"},"$x":[{"t":"idOrVar","v":"plural"},"value"]},{"$i":"hours-ago-long","$v":{"few":[{"t":"idOrVar","v":"value"}," घण्टा पहिला"],"many":[{"t":"idOrVar","v":"value"}," घण्टा पहिला"],"one":"एक घण्टा अघि","other":[{"t":"idOrVar","v":"value"}," घण्टा पहिला"],"two":[{"t":"idOrVar","v":"value"}," घण्टा पहिला"],"zero":"अहिले भर्खर"},"$x":[{"t":"idOrVar","v":"plural"},"value"]},{"$i":"days-ago-long","$v":{"few":[{"t":"idOrVar","v":"value"}," दिन पहिला"],"many":[{"t":"idOrVar","v":"value"}," दिन पहिला"],"one":"हिजो","other":[{"t":"idOrVar","v":"value"}," दिन पहिला"],"two":[{"t":"idOrVar","v":"value"}," दिन पहिला"],"zero":"आज"},"$x":[{"t":"idOrVar","v":"plural"},"value"]},{"$i":"weeks-ago-long","$v":{"few":[{"t":"idOrVar","v":"value"}," हप्ता पहिला"],"many":[{"t":"idOrVar","v":"value"}," हप्ता पहिला"],"one":"गत हप्ता","other":[{"t":"idOrVar","v":"value"}," हप्ता पहिला"],"two":[{"t":"idOrVar","v":"value"}," हप्ता पहिला"],"zero":"यो हप्ता"},"$x":[{"t":"idOrVar","v":"plural"},"value"]},{"$i":"months-ago-long","$v":{"few":[{"t":"idOrVar","v":"value"}," महिना पहिला"],"many":[{"t":"idOrVar","v":"value"}," महिना पहिला"],"one":"गत महिना","other":[{"t":"idOrVar","v":"value"}," महिना पहिला"],"two":[{"t":"idOrVar","v":"value"}," महिना पहिला"],"zero":"यो महिना"},"$x":[{"t":"idOrVar","v":"plural"},"value"]},{"$i":"years-ago-long","$v":{"few":[{"t":"idOrVar","v":"value"}," वर्ष पहिला"],"many":[{"t":"idOrVar","v":"value"}," वर्ष पहिला"],"one":"गएको वर्ष","other":[{"t":"idOrVar","v":"value"}," वर्ष पहिला"],"two":[{"t":"idOrVar","v":"value"}," वर्ष पहिला"],"zero":"यो वर्ष"},"$x":[{"t":"idOrVar","v":"plural"},"value"]},{"$i":"minutes-until-long","$v":{"few":[{"t":"idOrVar","v":"value"}," मिनेटमा"],"many":[{"t":"idOrVar","v":"value"}," मिनेटमा"],"one":"एक मिनेटमा","other":[{"t":"idOrVar","v":"value"}," मिनेटमा"],"two":[{"t":"idOrVar","v":"value"}," मिनेटमा"],"zero":"अहिले"},"$x":[{"t":"idOrVar","v":"plural"},"value"]},{"$i":"hours-until-long","$v":{"few":[{"t":"idOrVar","v":"value"}," घण्टामा"],"many":[{"t":"idOrVar","v":"value"}," घण्टामा"],"one":"एक घण्टामा","other":[{"t":"idOrVar","v":"value"}," घण्टामा"],"two":[{"t":"idOrVar","v":"value"}," घण्टामा"],"zero":"अहिले"},"$x":[{"t":"idOrVar","v":"plural"},"value"]},{"$i":"days-until-long","$v":{"few":[{"t":"idOrVar","v":"value"}," दिनमा"],"many":[{"t":"idOrVar","v":"value"}," दिनमा"],"one":"भोली","other":[{"t":"idOrVar","v":"value"}," दिनमा"],"two":[{"t":"idOrVar","v":"value"}," दिनमा"],"zero":"आज"},"$x":[{"t":"idOrVar","v":"plural"},"value"]},{"$i":"weeks-until-long","$v":{"few":[{"t":"idOrVar","v":"value"}," हप्तामा"],"many":[{"t":"idOrVar","v":"value"}," हप्तामा"],"one":"अर्को हप्ता","other":[{"t":"idOrVar","v":"value"}," हप्तामा"],"two":[{"t":"idOrVar","v":"value"}," हप्तामा"],"zero":"यो हप्ता"},"$x":[{"t":"idOrVar","v":"plural"},"value"]},{"$i":"months-until-long","$v":{"few":[{"t":"idOrVar","v":"value"}," महिनामा"],"many":[{"t":"idOrVar","v":"value"}," महिनामा"],"one":"अर्को महिना","other":[{"t":"idOrVar","v":"value"}," महिनामा"],"two":[{"t":"idOrVar","v":"value"}," महिनामा"],"zero":"यो महिना"},"$x":[{"t":"idOrVar","v":"plural"},"value"]},{"$i":"years-until-long","$v":{"few":[{"t":"idOrVar","v":"value"}," वर्षमा"],"many":[{"t":"idOrVar","v":"value"}," वर्षमा"],"one":"अर्को वर्ष","other":[{"t":"idOrVar","v":"value"}," वर्षमा"],"two":[{"t":"idOrVar","v":"value"}," वर्षमा"],"zero":"यो वर्ष"},"$x":[{"t":"idOrVar","v":"plural"},"value"]},{"$i":"minutes-ago-short","$v":{"other":[{"t":"idOrVar","v":"value"}," मिनेट पहिला"],"zero":"अहिले भर्खर"},"$x":[{"t":"idOrVar","v":"plural"},"value"]},{"$i":"hours-ago-short","$v":{"other":[{"t":"idOrVar","v":"value"},"घण्टा पहिला"],"zero":"अहिले भर्खर"},"$x":[{"t":"idOrVar","v":"plural"},"value"]},{"$i":"days-ago-short","$v":{"other":[{"t":"idOrVar","v":"value"},"दिन पहिला"],"zero":"आज"},"$x":[{"t":"idOrVar","v":"plural"},"value"]},{"$i":"minutes-until-short","$v":{"other":[{"t":"idOrVar","v":"value"}," मिनेटमा"],"zero":"अहिले"},"$x":[{"t":"idOrVar","v":"plural"},"value"]},{"$i":"hours-until-short","$v":{"other":[{"t":"idOrVar","v":"value"}," घण्टामा"],"zero":"अहिले"},"$x":[{"t":"idOrVar","v":"plural"},"value"]},{"$i":"days-until-short","$v":{"other":[{"t":"idOrVar","v":"value"}," दिनमा"],"zero":"आज"},"$x":[{"t":"idOrVar","v":"plural"},"value"]},{"$i":"incorrectDate","$v":"(गलत मिति)"},{"$i":"dateTimeFormat_%c","$v":"%a %b %e %Y %I:%M:%S %p"},{"$i":"dateTimeFormat_%x","$v":"%m/%d/%Y"},{"$i":"dateTimeFormat_%X","$v":"%I:%M:%S %p"},{"$i":"shortTimeFormat","$v":"%I:%M %p"},{"$i":"shortTimeFormat12","$v":"%I:%M %p"},{"$i":"shortTimeFormat24","$v":"%H:%M"},{"$i":"shortDateTimeFormat","$v":"%x %I:%M %p"},{"$i":"weekStartsOnMonday","$v":"0.0"},{"$i":"firstDayOfTheWeek","$v":"0.0"},{"$i":"time_am","$v":"AM"},{"$i":"time_pm","$v":"PM"}]