[{"$i":"search-or-enter-address","placeholder":"ادرس داخل کړئ یا ولټوئ"},{"$i":"delete-title","$v":[{"t":"idOrVar","v":"name"}," لري کړئ"]},{"$i":"delete-body","$v":[{"t":"idOrVar","v":"name"}," او ټوله ډاټا به لري شې."]},{"$i":"delete","$v":"لرې کول"},{"$i":"cancel","$v":"کول"},{"$i":"apps","$v":"اپلیکیشنونه"},{"$i":"menu","$v":"مینو"},{"$i":"notifications","$v":"خبرتیاوې"},{"$i":"camera","$v":"کیمره"},{"$i":"speed-dial","$v":"سپډ ډایل"},{"$i":"select","$v":"انتخال کړئ"},{"$i":"move","$v":"منتقل کړئ"},{"$i":"ok","$v":"اوکی"},{"$i":"set","$v":"انتخاب کړئ"},{"$i":"edit","$v":"اصلاح کول"},{"$i":"call","$v":"کال"},{"$i":"message","$v":"پیغام"},{"$i":"options","$v":"غوراوي"},{"$i":"assign","$v":"وټاکئ"},{"$i":"remove","$v":"لرې کړئ"},{"$i":"replace","$v":"عوض کړئ"},{"$i":"more","$v":"نور"},{"$i":"settings","$v":"تنظیمات"},{"$i":"contacts","$v":"تماسونه"},{"$i":"list-view","$v":"لیست ویو"},{"$i":"grid-view","$v":"چارخانې ویو"},{"$i":"single-view","$v":"یوازې ویو"},{"$i":"skip","$v":"پریږدئ"},{"$i":"shortcuts","$v":"لنډیزونه"},{"$i":"next","$v":"راتلونکۍ"},{"$i":"back","$v":"شاته"},{"$i":"memory-cleaner","$v":"د حافظې پاکوونکی"},{"$i":"open","$v":"خلاصول"},{"$i":"voicemail","$v":"غږیز پيغام"},{"$i":"speed-dial-not-empty","ariaLabel":[{"t":"idOrVar","v":"order"},", ",{"t":"idOrVar","v":"name"}]},{"$i":"speed-dial-empty","ariaLabel":[{"t":"idOrVar","v":"order"},", خالی"]},{"$i":"remove-speed-dial","$v":["ایا غواړئ د سپیډ ډایل څخه ",{"t":"idOrVar","v":"name"}," لرې کړئ؟"]},{"$i":"replace-speed-dial","$v":["ایا غواړئ ",{"t":"idOrVar","v":"name"}," د ",{"t":"idOrVar","v":"subName"}," سره بدل کړئ؟"]},{"$i":"assign-speed-dial","$v":["تماس په بټن باندې د سپیډ ډایل په توګه اضافه نه شو ",{"t":"idOrVar","v":"n"}," ایا اوس يي وټاکي؟"]},{"$i":"assign-voicemail","$v":"د غږیز پیغام شمیره تر اوسه نده ټاکل شوي."},{"$i":"alert-for-contacts-without-number","$v":"د تلیفوني شمیرې سره تماسونه موجود نه دي."},{"$i":"option-remove","$v":"د سپیډ ډایل څخه لرې کړئ"},{"$i":"option-replace","$v":"عوض کړئ"},{"$i":"all-apps","$v":"ټول-اپلیکیشنونه"},{"$i":"uninstall","$v":"غیر انسټال"},{"$i":"confirm-to-uninstall-app","$v":["ایپ ",{"t":"idOrVar","v":"appName"}," نا انسټاله کوئ؟"]},{"$i":"confirm-to-unpin-bookmark","$v":"وېب پاڼه له وصل څه ازاده شي؟"},{"$i":"unpin","$v":"جلا کول"},{"$i":"rename","$v":"بیانومول"},{"$i":"title","$v":"عنوان"},{"$i":"add-to-existing-contact","$v":"شته تماس ته زیات کړئ"},{"$i":"create-new-contact","$v":"نوی اکاونټ جوړ کړئ"},{"$i":"sending","$v":"لیږل…"},{"$i":"video-call","$v":"ویډیویی زنګ"},{"$i":"rtt-call","$v":"RTT تماس"},{"$i":"callAirplaneModeTitle","$v":"طیارې حالت فعال شو"},{"$i":"callAirplaneModeMessage","$v":"د کال کولو لپاره تاسو په تنظیماتو کې د هوایی چلند غیر فعالولو ته اړتیا لرئ."},{"$i":"emergencyDialogTitle","$v":"نیټ ورک اتصال نشته"},{"$i":"emergencyDialogBodyBadNumber","$v":"د کال کولو لپاره، تلیفون باید د شبکې سره وصل شي."},{"$i":"emergencyDialogBodyDeviceNotAccepted","$v":"د شبکې لخوا د ایمرجنسي زنګ وهلو اجازه نه شته."},{"$i":"invalidNumberToDialTitle","$v":"د ټیلیفونه غلطه شمیره"},{"$i":"invalidNumberToDialMessage","$v":"د ټیلیفون شمیره چې تاسو ورته زنګ وهئ اعتبار نلري."},{"$i":"emergency-call-only","$v":"یواځې ایمرجنسي زنګ وهل"},{"$i":"emergency-call-error","$v":[{"t":"idOrVar","v":"number"}," یوه بیړنۍ شمیره نده."]},{"$i":"numberIsBusyTitle","$v":"شمیره مصروفه ده"},{"$i":"numberIsBusyMessage","$v":"دا شمیره اوس مصروفه ده. مهرباني وکړئ وروسته کوښښ وکړئ."},{"$i":"fdnIsActiveTitle","$v":"FDN فعال"},{"$i":"fdnIsActiveMessage","$v":["FDN( ثابتې شمیرې) فعال شوي او لاندې شمیرې ستاسو د FDN په لست کې نشته: ",{"t":"idOrVar","v":"number"}]},{"$i":"otherConnectionInUseTitle","$v":"بل کنیکشن مصروف دی"},{"$i":"otherConnectionInUseMessage","$v":"تاسو په بل کنکشن کې یو فعال کال لرئ. تاسو په یو وخت کې یواځې یو کنکشن کارولی شئ."},{"$i":"GenericFailure","$v":"عمومي خرابي"},{"$i":"CallFailed","$v":"کال فیل شو"},{"$i":"scCallBarring","$v":"کال بیرینګ"},{"$i":"scCallForwarding","$v":"اړیکه لیږل"},{"$i":"scClip","$v":"د راتلونکې کالر ID"},{"$i":"scClir","$v":"د تلونکې کالر ID"},{"$i":"scPwd","$v":"پاسورډ بدلول"},{"$i":"scCallWaiting","$v":"د اړیکې انتظار"},{"$i":"scPin","$v":"PIN بدلول"},{"$i":"scPin2","$v":"PIN2 بدلول"},{"$i":"scPuk","$v":"PIN خلاصول"},{"$i":"scPuk2","$v":"PIN2 خلاصول"},{"$i":"scImei","$v":"IMEI"},{"$i":"scMeid","$v":"MEID"},{"$i":"scUssd","$v":"USSD"},{"$i":"deviceIsUnlocked","$v":"آله خلاصه شوه"},{"$i":"simUnlockCodeAccepted","$v":"د‏ ‏SIM‏ خلاصولو کوډ ومنل شو"},{"$i":"simUnlockCodeFailed","$v":"‏SIM‏ خلاصول ناکام شو"},{"$i":"personal","$v":"شخصي"},{"$i":"mobile","$v":"مبائیل"},{"$i":"home","$v":"کور"},{"$i":"work","$v":"دنده"},{"$i":"fax-home","$v":"د کور فکس"},{"$i":"fax-office","$v":"د دفتر فکس"},{"$i":"fax-other","$v":"بل فکس"},{"$i":"noSimCard","$v":"سیم کارډ نشته"},{"$i":"noService","$v":"خدمات نشته"},{"$i":"lockedSim","$v":"تړل شوی ‏ SIM"},{"$i":"airplaneMode","$v":"ایروپلین موډ"},{"$i":"wifi-calling","$v":"د Wi-Fi کالینګ...."},{"$i":"homescreen-settings","$v":"د کورني سکرین تنظیمات"},{"$i":"change-wallpaper","$v":"دیوالي کاغذ بدل کړئ"},{"$i":"add-smart-collections","$v":"خوښیار کولیکشن زیات کړئ"},{"$i":"edit-mode","$v":"اصلاح کول"},{"$i":"edit-done","$v":"وشو"},{"$i":"tutorial-for-side-menu-1","$v":["کیڼ اړخ سوفټ وییر کارولو لپاره ",{"t":"idOrVar","v":"left"}," کیلي وکیمنډی."]},{"$i":"tutorial-for-instant-settings-1","$v":["عام استعمالیدونکي سیټنګونو کارولو لپاره ",{"t":"idOrVar","v":"up"}," کیلي وکیمنډی."]},{"$i":"tutorial-for-notices","$v":"د نوي یادداښتونو کتلو لپاره په RIGHT کلي ‏زور کړئ.‏"},{"$i":"tutorial-for-google-assistant-1","$v":["خبری کولو لپاره ",{"t":"idOrVar","v":"microphone"}," کیلي اوږده کیمنډی."]},{"$i":"tutorial-for-voice-input-1","$v":["په متن میدان کی خبری کولو لپاره ",{"t":"idOrVar","v":"microphone"}," کلي اوږده کیمنډی."]},{"$i":"tutorial-for-find-kaistore-2","$v":"KaiStore اپ د اپليکيشنو د مينو په لومړئ صفحې ومومئ."},{"$i":"tutorial-for-left","$v":"چپ"},{"$i":"tutorial-for-up","$v":"پورته"},{"$i":"stop-download-title","$v":["ودروئ ",{"t":"idOrVar","v":"name"}]},{"$i":"stop-download-body","$v":"تاسو غواړئ چې جاري راښکته کول ودروئ؟"},{"$i":"stop-download-action","$v":"ودروئ"},{"$i":"resume-download-title","$v":"ډاونلوډ له سره پیل کړئ."},{"$i":"resume-download-body","$v":[{"t":"idOrVar","v":"name"}," تاسو غواړئ چې راښکته کړئ؟"]},{"$i":"resume-download-action","$v":"ډاونلوډ"},{"$i":"edit-group-header","$v":"ګروپ اصلاح کړئ"},{"$i":"gaia-shortcut-app-updated","$v":"اپلیکیشن نوی شو"},{"$i":"clocks-updated","$v":"د ساعتونو آپ ډیټ"},{"$i":"longDateFormat","$v":"%A, %B %e"},{"$i":"app-title","$v":"زما اپلیکیشنونه"},{"$i":"app-uninstall","$v":[{"t":"idOrVar","v":"name"}," غیر انسټال شو"]},{"$i":"confirmation","$v":"تصدیق"},{"$i":"eccOnly","$v":"Emergency calls only"},{"$i":"emergencyCallsOnly","$v":"Emergency calls only"},{"$i":"searching","$v":"لټوی..."},{"$i":"clockDateFormat","$v":"%a, %e %b"},{"$i":"apn-sim1","$v":"APN Settings - SIM1"},{"$i":"apn-sim2","$v":"APN Settings - SIM2"},{"$i":"apnDefaultConfig","$v":"APN Default Config"},{"$i":"apn-defaultconfig-message","$v":"Set which type of apn to used"},{"$i":"apnConfigPostpay","$v":"Postpay APN"},{"$i":"apnConfigPrepay","$v":"Prepay APN"},{"$i":"qtn_sm_toast_set_ICE_first","$v":"ICE مخاطبین نشته، لطفا لومړی د برابرولو لپاره د تماسونو امستنې یا د ICE د مالوماتو د مینیو تنظیماتو ته ولاړ شئ۔"},{"$i":"qtn_sm_toast_google_assist","$v":"د ګوګل مرستيال لپاره ټینګه یې کېکاږئ یا دوه ځله یې کېکاږئ"},{"$i":"qtn_sm_toast_sos_call_msg","$v":"د SOS کال / SOS پېغام لپاره يې ټینګه کېکاږئ یا دوه ځله یې کېکاږئ د"},{"$i":"nocard-eccOnly","$v":"No SIM card-Emergency calls only"},{"$i":"unusablecard-eccOnly","$v":"Unusable SIM card-Emergency calls only"},{"$i":"utilities","$v":"Utilities"},{"$i":"games","$v":"ګیمونه"},{"$i":"toast-app-downloaded-to-folder","$v":[{"t":"idOrVar","v":"appName"}," د ",{"t":"idOrVar","v":"folderName"}," فولډر ته ډانلوډ کیږي."]},{"$i":"notices-reminder-header","$v":"یادونکی"},{"$i":"notices-reminder-content","$v":"تاسو نا لوستل شوې خبرتياوې لرۍ. نوموړې خبرتياوې وګورئ او تاسې به هيڅ مهم له لاسه ورنکړۍ."},{"$i":"toast-need-update-app","$v":"د مهربانۍ له مخې اپ وروستۍ بڼې ته نوی کړئ ترڅو JioStore اپ ته ادامه ورکړئ."},{"$i":"call-forwarding-async","$v":["مختلف الزمام: ",{"t":"idOrVar","v":"async"}]},{"$i":"call-forwarding-data","$v":["ډیټا ",{"t":"idOrVar","v":"data"}]},{"$i":"call-forwarding-error","$v":"د کال مخکې کولو حالت د پیدا کولو پر مهال یوه تیروتنه رامنځته شوه"},{"$i":"call-forwarding-fax","$v":["فکس : ",{"t":"idOrVar","v":"fax"}]},{"$i":"call-forwarding-inactive","$v":"غیر فعال"},{"$i":"call-forwarding-packet","$v":["کڅوړه: ",{"t":"idOrVar","v":"packet"}]},{"$i":"call-forwarding-pad","$v":["پیډ: ",{"t":"idOrVar","v":"pad"}]},{"$i":"call-forwarding-sms","$v":["SMS: ",{"t":"idOrVar","v":"sms"}]},{"$i":"call-forwarding-status","$v":"د اړیکې لیږلو حالت"},{"$i":"call-forwarding-sync","$v":["هممهاله: ",{"t":"idOrVar","v":"sync"}]},{"$i":"call-forwarding-voice","$v":["اواز: ",{"t":"idOrVar","v":"voice"}]},{"$i":"call-forwarding-voice-after-seconds","$v":["غږ: ",{"t":"idOrVar","v":"voice"}," وروسته ‏ ",{"t":"idOrVar","v":"timeSeconds"}," ثاني"]},{"$i":"fihVersion","$v":"FIH Version"},{"$i":"serviceClassVoice","$v":"اواز"},{"$i":"serviceClassData","$v":"ډیټا"},{"$i":"serviceClassFax","$v":"فکس"},{"$i":"serviceClassSms","$v":"SMS"},{"$i":"serviceClassDataSync","$v":"هم مهاله"},{"$i":"serviceClassDataAsync","$v":"Async"},{"$i":"serviceClassPacket","$v":"کڅوړه"},{"$i":"serviceClassPad","$v":"پیډ"},{"$i":"smServiceEnabled","$v":"خدمت فعال شوی وو"},{"$i":"smServiceDisabled","$v":"سرور غیر فعال شوی"},{"$i":"smServiceRegistered","$v":"راجستر بریالی وو"},{"$i":"smServiceErased","$v":"پاکول بریالي وو"},{"$i":"smServiceInterrogated","$v":"درخواست بریالی وو"},{"$i":"smServiceNotProvisioned","$v":"سرور سمبال ندی"},{"$i":"smClirPermanent","$v":"تاسو د کالر ID تنظیمات نشی بدلولی"},{"$i":"smClirDefaultOnNextCallOn","$v":"د کال کونکې شناخت د محدودیت حالت ټاکل کیږي. راتلونکی کال: محدود دی"},{"$i":"smClirDefaultOnNextCallOff","$v":"د کال کونکې شناخت د محدودیت حالت ټاکل کیږي. راتلونکی کال: محدود دی"},{"$i":"smClirDefaultOffNextCallOn","$v":"د کال کونکې شناخت د نه محدودیت حالت ټاکل کیږي. راتلونکی کال: محدود دی"},{"$i":"smClirDefaultOffNextCallOff","$v":"د کال کونکې شناخت د نه محدودیت حالت ټاکل کیږي. راتلونکی کال: محدود نه دی"},{"$i":"smServiceEnabledFor","$v":"خدمت فعال شوی وو لپاره د:"},{"$i":"smPinChanged","$v":"PIN بریالیتوب سره بدل شو"},{"$i":"smPinUnblocked","$v":"PIN بالیتوب سره خلاص شو"},{"$i":"smPin2Changed","$v":"PIN2 بریالیتوب سره بدل شو"},{"$i":"smPin2Unblocked","$v":"PIN2 بالیتوب سره خلاص شو"},{"$i":"ServiceIsEnabled","$v":"سرور فعال دی"},{"$i":"ServiceIsDisabled","$v":"سرور غیر فعال دی"},{"$i":"ServiceIsEnabledFor","$v":"سرور فعال دی لپاره د :"},{"$i":"emMmiError","$v":"وصلیدو ستونزه یا د MMI غلط کوډ"},{"$i":"emMmiErrorPasswordIncorrect","$v":"غلط پاسورډ"},{"$i":"emMmiErrorNotSupported","$v":"غلط یا ناتائید شوی MMI کوډ"},{"$i":"emMmiErrorInvalidAction","$v":"غلط عمل"},{"$i":"emMmiErrorInvalidScCode","$v":"غلط خدماتي کوډ"},{"$i":"emMmiErrorBadPuk","$v":"ټایپ شوی PUK ناسم دی."},{"$i":"emMmiErrorBadPin","$v":"د PIN زوړ چې تاسو داخل کړ ناسم دی."},{"$i":"emMmiErrorNeedPuk2","$v":"PUK2 کوډ داخل کړئ چې سیم کارډ خلاص شي"},{"$i":"emMmiErrorMismatchPin","$v":"PINs چې تاسو داخل کړل ناسم دی."},{"$i":"emMmiErrorInvalidPin","$v":"4 تر 8 شمیرو لرونکی PIN داخل کړئ"},{"$i":"emMmiErrorNeedsPuk","$v":"ستاسو سیم کارډ PUK-کلپ شوی."},{"$i":"emMmiErrorEnablePin","$v":"ناکام . د SIM/RUIM کلپ فعال کړئ."},{"$i":"emMmiErrorMmiFdn","$v":"عمل یواځې د ثابتو شمیرو د ډایل کولو لپاره محدود دی"},{"$i":"emMmiErrorStkCcUssdDial","$v":"USSD درخواست ډایل درخواست ته بدل شو"},{"$i":"emMmiErrorStkCcUssdSs","$v":"USSD درخواست SS درخواست ته بدل شو"},{"$i":"emMmiErrorStkCcUssdUssd","$v":"USSD درخواست USSD درخواست ته بدل شو"},{"$i":"emMmiErrorStkCcSsDial","$v":"د SS درخواست ډايل درخواست ته بدل شږ"},{"$i":"emMmiErrorStkCcSsUssd","$v":"د SS درخواست USSD درخواست ته بدل شږ"},{"$i":"emMmiErrorStkCcSsSs","$v":"د SS درخواست نويSS درخواست ته بدل شږ"},{"$i":"emMmiErrorPinPukAttempts","$v":{"few":[{"t":"idOrVar","v":"n"}," هڅی باقي دی"],"many":[{"t":"idOrVar","v":"n"}," هڅی باقي دی"],"one":["یواځې ",{"t":"idOrVar","v":"n"}," بیاځلي هڅه پاتې ده"],"other":[{"t":"idOrVar","v":"n"}," هڅی باقي دی"],"two":[{"t":"idOrVar","v":"n"}," هڅی باقي دی"]},"$x":[{"t":"idOrVar","v":"plural"},"n"]},{"$i":"emMmiErrorSimBlocked","$v":"د هڅو نهايي حد پوره شو. سیم بند شو"},{"$i":"RadioNotAvailable","$v":"Radio not available"},{"$i":"PasswordIncorrect","$v":"غلط پاسورډ"},{"$i":"SimPin2","$v":"د سیم PIN2"},{"$i":"SimPuk2","$v":"د سیم PUK2"},{"$i":"RequestNotSupported","$v":"درخواست تائید نشو"},{"$i":"OpNotAllowedDuringVoiceCall","$v":"عمل د وایس کال پرمهال جواز نلري"},{"$i":"SmsSendFailRetry","$v":"SMS send fail retry"},{"$i":"SimAbsent","$v":"سیم نشته"},{"$i":"SubscriptionNotAvailable","$v":"ګډونوالي شتون نه لري"},{"$i":"ModeNotSupported","$v":"حالت تائید نه شو"},{"$i":"FdnCheckFailure","$v":"د FDN کتنه ناکامه شوه"},{"$i":"IllegalSimOrMe","$v":"غیر قانوني سیم یا ME"},{"$i":"DialModifiedToUssd","$v":"Dial modified to USSD"},{"$i":"DialModifiedToSs","$v":"Dial modified to SS"},{"$i":"DialModifiedToDial","$v":"Dial modified to dial"},{"$i":"UssdModifiedToDial","$v":"USSD ډایل ته بدل شو"},{"$i":"UssdModifiedToSs","$v":"USSD، SS ته بدل شو"},{"$i":"UssdModifiedToUssd","$v":"USSD بدل شوه USSD ته"},{"$i":"SsModifiedToDial","$v":"د ډایل څخه SS ته بدل شو"},{"$i":"SsModifiedToUssd","$v":"د SS څخه USSD بدل شو"},{"$i":"SsModifiedToSs","$v":"د SS څخه SS ته بدل شو"},{"$i":"SubscriptionNotSupported","$v":"ګډونوالي تائید نه شوه"},{"$i":"InvalidParameter","$v":"غلط پارامټر"},{"$i":"RejectedByRemote","$v":"د ریموډ پوسیله مسترد شو."},{"$i":"GetEmptyUssdPrompt","$v":"لنډ ځواب ترلاسه شوی."},{"$i":"ice-latitude","$v":"ارتوالی"},{"$i":"ice-longitude","$v":"اوږدوالی"},{"$i":"sim-with-index-and-carrier","$v":["SIM ",{"t":"idOrVar","v":"index"}," - ",{"t":"idOrVar","v":"carrier"}]},{"$i":"sim-without-carrier","$v":["SIM ",{"t":"idOrVar","v":"index"}]},{"$i":"label","$v":"لیبل"},{"$i":"faxHome","$v":"د کور فکس"},{"$i":"faxOffice","$v":"د دفتر فکس"},{"$i":"faxOther","$v":"بل فکس"},{"$i":"another","$v":"بل"},{"$i":"other","$v":"بل"},{"$i":"customTag","$v":"عیار ټیګ","placeholder":"عیار ټیګ"},{"$i":"current","$v":"چارج"},{"$i":"itemWithLabel","$v":[{"t":"idOrVar","v":"label"},", ",{"t":"idOrVar","v":"item"}]},{"$i":"weekday-0-long","$v":"یکشنبه"},{"$i":"weekday-1-long","$v":"دوشنبه"},{"$i":"weekday-2-long","$v":"سه شنبه"},{"$i":"weekday-3-long","$v":"چهارشنبه"},{"$i":"weekday-4-long","$v":"پنجشنبه"},{"$i":"weekday-5-long","$v":"جمعه"},{"$i":"weekday-6-long","$v":"شنبه"},{"$i":"weekday-0-short","$v":"لمر"},{"$i":"weekday-1-short","$v":"دو"},{"$i":"weekday-2-short","$v":"سه"},{"$i":"weekday-3-short","$v":"چهار"},{"$i":"weekday-4-short","$v":"پنج."},{"$i":"weekday-5-short","$v":"جمعه"},{"$i":"weekday-6-short","$v":"هفته"},{"$i":"month-0-long","$v":"جنوری"},{"$i":"month-1-long","$v":"فروری"},{"$i":"month-2-long","$v":"مارچ"},{"$i":"month-3-long","$v":"اپریل"},{"$i":"month-4-long","$v":"مئی"},{"$i":"month-5-long","$v":"جون"},{"$i":"month-6-long","$v":"جولائی"},{"$i":"month-7-long","$v":"اګست"},{"$i":"month-8-long","$v":"ستمبر"},{"$i":"month-9-long","$v":"اکتوبر"},{"$i":"month-10-long","$v":"نومبر"},{"$i":"month-11-long","$v":"دسمبر"},{"$i":"month-0-genitive","$v":"جنوری"},{"$i":"month-1-genitive","$v":"فروری"},{"$i":"month-2-genitive","$v":"مارچ"},{"$i":"month-3-genitive","$v":"اپریل"},{"$i":"month-4-genitive","$v":"مئی"},{"$i":"month-5-genitive","$v":"جون"},{"$i":"month-6-genitive","$v":"جولائی"},{"$i":"month-7-genitive","$v":"اګست"},{"$i":"month-8-genitive","$v":"ستمبر"},{"$i":"month-9-genitive","$v":"اکتوبر"},{"$i":"month-10-genitive","$v":"نومبر"},{"$i":"month-11-genitive","$v":"دسمبر"},{"$i":"month-0-short","$v":"جنوری"},{"$i":"month-1-short","$v":"فروری"},{"$i":"month-2-short","$v":"مارچ"},{"$i":"month-3-short","$v":"اپریل"},{"$i":"month-4-short","$v":"مئی"},{"$i":"month-5-short","$v":"جون"},{"$i":"month-6-short","$v":"جولائی"},{"$i":"month-7-short","$v":"اګست"},{"$i":"month-8-short","$v":"ستمبر"},{"$i":"month-9-short","$v":"اکتوبر"},{"$i":"month-10-short","$v":"نومبر"},{"$i":"month-11-short","$v":"دسمبر"},{"$i":"minutes-ago-long","$v":{"few":[{"t":"idOrVar","v":"value"}," دقی مخکې"],"many":[{"t":"idOrVar","v":"value"}," دقی مخکې"],"one":"یو دقیقه مخکې","other":[{"t":"idOrVar","v":"value"}," دقی مخکې"],"two":[{"t":"idOrVar","v":"value"}," دقی مخکې"],"zero":"همدا اوس"},"$x":[{"t":"idOrVar","v":"plural"},"value"]},{"$i":"hours-ago-long","$v":{"few":[{"t":"idOrVar","v":"value"}," ساعته مخکې"],"many":[{"t":"idOrVar","v":"value"}," ساعته مخکې"],"one":"یو ساعت مخکې","other":[{"t":"idOrVar","v":"value"}," ساعته مخکې"],"two":[{"t":"idOrVar","v":"value"}," ساعته مخکې"],"zero":"همدا اوس"},"$x":[{"t":"idOrVar","v":"plural"},"value"]},{"$i":"days-ago-long","$v":{"few":[{"t":"idOrVar","v":"value"}," ورځي مخکې"],"many":[{"t":"idOrVar","v":"value"}," ورځي مخکې"],"one":"پرون","other":[{"t":"idOrVar","v":"value"}," ورځي مخکې"],"two":[{"t":"idOrVar","v":"value"}," ورځي مخکې"],"zero":"نن"},"$x":[{"t":"idOrVar","v":"plural"},"value"]},{"$i":"weeks-ago-long","$v":{"few":[{"t":"idOrVar","v":"value"}," اوونئ مخکې"],"many":[{"t":"idOrVar","v":"value"}," اوونئ مخکې"],"one":"تیره اوونۍ","other":[{"t":"idOrVar","v":"value"}," اوونئ مخکې"],"two":[{"t":"idOrVar","v":"value"}," اوونئ مخکې"],"zero":"دا اونۍ"},"$x":[{"t":"idOrVar","v":"plural"},"value"]},{"$i":"months-ago-long","$v":{"few":[{"t":"idOrVar","v":"value"}," میاشتي مخکې"],"many":[{"t":"idOrVar","v":"value"}," میاشتي مخکې"],"one":"تیره میاشت","other":[{"t":"idOrVar","v":"value"}," میاشتي مخکې"],"two":[{"t":"idOrVar","v":"value"}," میاشتي مخکې"],"zero":"دا میاشت"},"$x":[{"t":"idOrVar","v":"plural"},"value"]},{"$i":"years-ago-long","$v":{"few":[{"t":"idOrVar","v":"value"}," کاله مخکې"],"many":[{"t":"idOrVar","v":"value"}," کاله مخکې"],"one":"تیر کال","other":[{"t":"idOrVar","v":"value"}," کاله مخکې"],"two":[{"t":"idOrVar","v":"value"}," کاله مخکې"],"zero":"دا کال"},"$x":[{"t":"idOrVar","v":"plural"},"value"]},{"$i":"minutes-until-long","$v":{"few":["په ",{"t":"idOrVar","v":"value"}," دقیقو"],"many":["په ",{"t":"idOrVar","v":"value"}," دقیقو"],"one":"په یوه دقیقه کې","other":["په ",{"t":"idOrVar","v":"value"}," دقیقو"],"two":["په ",{"t":"idOrVar","v":"value"}," دقیقو"],"zero":"اوس"},"$x":[{"t":"idOrVar","v":"plural"},"value"]},{"$i":"hours-until-long","$v":{"few":["په ",{"t":"idOrVar","v":"value"}," ساعتونو"],"many":["په ",{"t":"idOrVar","v":"value"}," ساعتونو"],"one":"په یو ساعت کې","other":["په ",{"t":"idOrVar","v":"value"}," ساعتونو"],"two":["په ",{"t":"idOrVar","v":"value"}," ساعتونو"],"zero":"اوس"},"$x":[{"t":"idOrVar","v":"plural"},"value"]},{"$i":"days-until-long","$v":{"few":["په ",{"t":"idOrVar","v":"value"}," ورځو"],"many":["په ",{"t":"idOrVar","v":"value"}," ورځو"],"one":"سبا","other":["په ",{"t":"idOrVar","v":"value"}," ورځو"],"two":["په ",{"t":"idOrVar","v":"value"}," ورځو"],"zero":"نن"},"$x":[{"t":"idOrVar","v":"plural"},"value"]},{"$i":"weeks-until-long","$v":{"few":["په ",{"t":"idOrVar","v":"value"}," اوونیو"],"many":["په ",{"t":"idOrVar","v":"value"}," اوونیو"],"one":"راتلونکې اوونۍ","other":["په ",{"t":"idOrVar","v":"value"}," اوونیو"],"two":["په ",{"t":"idOrVar","v":"value"}," اوونیو"],"zero":"دا اونۍ"},"$x":[{"t":"idOrVar","v":"plural"},"value"]},{"$i":"months-until-long","$v":{"few":["په ",{"t":"idOrVar","v":"value"}," میاشتو"],"many":["په ",{"t":"idOrVar","v":"value"}," میاشتو"],"one":"راتلونکې میاشت","other":["په ",{"t":"idOrVar","v":"value"}," میاشتو"],"two":["په ",{"t":"idOrVar","v":"value"}," میاشتو"],"zero":"دا میاشت"},"$x":[{"t":"idOrVar","v":"plural"},"value"]},{"$i":"years-until-long","$v":{"few":["په ",{"t":"idOrVar","v":"value"}," کلونو"],"many":["په ",{"t":"idOrVar","v":"value"}," کلونو"],"one":"راتلونکی کال","other":["په ",{"t":"idOrVar","v":"value"}," کلونو"],"two":["په ",{"t":"idOrVar","v":"value"}," کلونو"],"zero":"دا کال"},"$x":[{"t":"idOrVar","v":"plural"},"value"]},{"$i":"minutes-ago-short","$v":{"other":[{"t":"idOrVar","v":"value"},"دقه مخکې"],"zero":"همدا اوس"},"$x":[{"t":"idOrVar","v":"plural"},"value"]},{"$i":"hours-ago-short","$v":{"other":[{"t":"idOrVar","v":"value"},"ساعت مخکې"],"zero":"همدا اوس"},"$x":[{"t":"idOrVar","v":"plural"},"value"]},{"$i":"days-ago-short","$v":{"other":[{"t":"idOrVar","v":"value"},"ورځ مخکې"],"zero":"نن"},"$x":[{"t":"idOrVar","v":"plural"},"value"]},{"$i":"minutes-until-short","$v":{"other":["په ",{"t":"idOrVar","v":"value"}," دقیقو"],"zero":"اوس"},"$x":[{"t":"idOrVar","v":"plural"},"value"]},{"$i":"hours-until-short","$v":{"other":["په ",{"t":"idOrVar","v":"value"}," ساعتونو"],"zero":"اوس"},"$x":[{"t":"idOrVar","v":"plural"},"value"]},{"$i":"days-until-short","$v":{"other":["په ",{"t":"idOrVar","v":"value"}," ورځو"],"zero":"نن"},"$x":[{"t":"idOrVar","v":"plural"},"value"]},{"$i":"incorrectDate","$v":"(غلطه نیټه)"},{"$i":"dateTimeFormat_%c","$v":"%a %b %e %Y %I:%M:%S %p"},{"$i":"dateTimeFormat_%x","$v":"%m/%d/%Y"},{"$i":"dateTimeFormat_%X","$v":"%I:%M:%S %p"},{"$i":"shortTimeFormat","$v":"%I:%M %p"},{"$i":"shortTimeFormat12","$v":"%I:%M %p"},{"$i":"shortTimeFormat24","$v":"%H:%M"},{"$i":"shortDateTimeFormat","$v":"%x %I:%M %p"},{"$i":"weekStartsOnMonday","$v":"0.0"},{"$i":"firstDayOfTheWeek","$v":"0.0"},{"$i":"time_am","$v":"سهار"},{"$i":"time_pm","$v":"ماښام"}]