[{"$i":"search-or-enter-address","placeholder":"ค้นหาหรือป้อนที่อยู่"},{"$i":"delete-title","$v":["ลบ ",{"t":"idOrVar","v":"name"}]},{"$i":"delete-body","$v":[{"t":"idOrVar","v":"Name"}," และข้อมูลทั้งหมดจะถูกลบ"]},{"$i":"delete","$v":"ลบ"},{"$i":"cancel","$v":"ยกเลิก"},{"$i":"apps","$v":"แอป"},{"$i":"menu","$v":"เมนู"},{"$i":"notifications","$v":"การแจ้งเตือน"},{"$i":"camera","$v":"กล้องถ่ายรูป"},{"$i":"speed-dial","$v":"โทรด่วน"},{"$i":"select","$v":"เลือก"},{"$i":"move","$v":"ย้าย"},{"$i":"ok","$v":"ตกลง"},{"$i":"set","$v":"ตั้งค่า"},{"$i":"edit","$v":"แก้ไข"},{"$i":"call","$v":"โทร"},{"$i":"message","$v":"ข้อความ"},{"$i":"options","$v":"ตัวเลือก"},{"$i":"assign","$v":"มอบหมาย"},{"$i":"remove","$v":"ลบ"},{"$i":"replace","$v":"แทนที่"},{"$i":"more","$v":"เพิ่มเติม"},{"$i":"settings","$v":"การตั้งค่า"},{"$i":"contacts","$v":"รายชื่อ"},{"$i":"list-view","$v":"ดูรายการ"},{"$i":"grid-view","$v":"มุมมองตาราง"},{"$i":"single-view","$v":"มุมมองเดี่ยว"},{"$i":"skip","$v":"ข้าม"},{"$i":"shortcuts","$v":"ทางลัด"},{"$i":"next","$v":"ถัดไป"},{"$i":"back","$v":"ย้อนกลับ"},{"$i":"memory-cleaner","$v":"ตัวล้างหน่วยความจำ"},{"$i":"open","$v":"เปิด"},{"$i":"voicemail","$v":"ข้อความเสียง"},{"$i":"speed-dial-not-empty","ariaLabel":[{"t":"idOrVar","v":"order"},", ",{"t":"idOrVar","v":"name"}]},{"$i":"speed-dial-empty","ariaLabel":[{"t":"idOrVar","v":"Order"}," ว่าง"]},{"$i":"remove-speed-dial","$v":["คุณแน่ใจว่าต้องการลบ ",{"t":"idOrVar","v":"name"}," ออกจากการโทรด่วน"]},{"$i":"replace-speed-dial","$v":["คุณแน่ใจหรือไม่ว่าต้องการแทนที่การโทรด่วน ",{"t":"idOrVar","v":"name"}," ด้วย ",{"t":"idOrVar","v":"subName"}]},{"$i":"assign-speed-dial","$v":["ยังไม่ได้เพิ่มรายชื่อไปยังการโทรด่วนด้วยปุ่ม ",{"t":"idOrVar","v":"n"}," มอบหมายตอนนี้หรือไม่"]},{"$i":"assign-voicemail","$v":"ยังไม่ได้ตั้งหมายเลขข้อความเสียง"},{"$i":"alert-for-contacts-without-number","$v":"ไม่มีรายชื่อที่มีหมายเลขโทรศัพท์"},{"$i":"option-remove","$v":"ลบออกจากการโทรด่วน"},{"$i":"option-replace","$v":"แทนที่"},{"$i":"all-apps","$v":"แอปทั้งหมด"},{"$i":"uninstall","$v":"ถอนการติดตั้ง"},{"$i":"confirm-to-uninstall-app","$v":["ยกเลิกการติดตั้งแอป ",{"t":"idOrVar","v":"appName"}," หรือไม่"]},{"$i":"confirm-to-unpin-bookmark","$v":"ถอนหมุดเว็บไซต์หรือไม่?"},{"$i":"unpin","$v":"ยกเลิกการปักหมุด"},{"$i":"rename","$v":"เปลี่ยนชื่อ"},{"$i":"title","$v":"ชื่อเรื่อง"},{"$i":"add-to-existing-contact","$v":"เพิ่มไปยังรายชื่อที่มีอยู่"},{"$i":"create-new-contact","$v":"สร้างรายชื่อใหม่"},{"$i":"sending","$v":"กำลังส่ง…"},{"$i":"video-call","$v":"การโทรผ่านวิดีโอ"},{"$i":"rtt-call","$v":"การโทรผ่าน RTT"},{"$i":"callAirplaneModeTitle","$v":"เปิดใช้งานโหมดเครื่องบินแล้ว"},{"$i":"callAirplaneModeMessage","$v":"หากต้องการโทรออก คุณต้องปิดใช้งานโหมดเครื่องบินในการตั้งค่า"},{"$i":"emergencyDialogTitle","$v":"ไม่มีการเชื่อมต่อเครือข่าย"},{"$i":"emergencyDialogBodyBadNumber","$v":"หากต้องการโทร โทรศัพท์จะต้องเชื่อมต่อกับเครือข่าย"},{"$i":"emergencyDialogBodyDeviceNotAccepted","$v":"การโทรฉุกเฉินไม่ได้รับอนุญาตโดยเครือข่าย"},{"$i":"invalidNumberToDialTitle","$v":"หมายเลขโทรศัพท์ไม่ถูกต้อง"},{"$i":"invalidNumberToDialMessage","$v":"หมายเลขโทรศัพท์ที่คุณกำลังโทรไม่ถูกต้อง"},{"$i":"emergency-call-only","$v":"โทรฉุกเฉินเท่านั้น"},{"$i":"emergency-call-error","$v":[{"t":"idOrVar","v":"number"}," ไม่ใช่หมายเลขฉุกเฉิน"]},{"$i":"numberIsBusyTitle","$v":"หมายเลขไม่ว่าง"},{"$i":"numberIsBusyMessage","$v":"หมายเลขนี้ไม่ว่าง กรุณาลองใหม่ในภายหลัง"},{"$i":"fdnIsActiveTitle","$v":"FDN ที่ใช้งานอยู่"},{"$i":"fdnIsActiveMessage","$v":["FDN (หมายเลขโทรออกที่กำหนด) เปิดใช้งานแล้ว และหมายเลขต่อไปนี้ไม่ได้อยู่ในรายการ FDN ของคุณ: ",{"t":"idOrVar","v":"number"}]},{"$i":"otherConnectionInUseTitle","$v":"การเชื่อมต่ออื่นที่กำลังใช้งานอยู่"},{"$i":"otherConnectionInUseMessage","$v":"คุณมีการโทรที่กำลังใช้งานอยู่ในการเชื่อมต่ออื่น คุณสามารถเพิ่มการเชื่อมต่อได้ครั้งละหนึ่งรายการเท่านั้น"},{"$i":"GenericFailure","$v":"ข้อผิดพลาดทั่วไป"},{"$i":"CallFailed","$v":"การโทรล้มเหลว"},{"$i":"scCallBarring","$v":"การระงับการโทร"},{"$i":"scCallForwarding","$v":"การโอนสาย"},{"$i":"scClip","$v":"ID สายเรียกเข้า"},{"$i":"scClir","$v":"ID สายโทรออก"},{"$i":"scPwd","$v":"เปลี่ยนรหัสผ่าน"},{"$i":"scCallWaiting","$v":"สายเรียกซ้อน"},{"$i":"scPin","$v":"เปลี่ยน PIN"},{"$i":"scPin2","$v":"เปลี่ยน PIN2"},{"$i":"scPuk","$v":"เลิกบล็อก PIN"},{"$i":"scPuk2","$v":"เลิกบล็อก PIN2"},{"$i":"scImei","$v":"IMEI"},{"$i":"scMeid","$v":"MEID"},{"$i":"scUssd","$v":"USSD"},{"$i":"deviceIsUnlocked","$v":"อุปกรณ์ถูกปลดล็อก"},{"$i":"simUnlockCodeAccepted","$v":"ยอมรับรหัสปลดล็อกซิมแล้ว"},{"$i":"simUnlockCodeFailed","$v":"ปลดล็อก SIM ไม่สำเร็จ"},{"$i":"personal","$v":"ส่วนบุคคล"},{"$i":"mobile","$v":"มือถือ"},{"$i":"home","$v":"หน้าหลัก"},{"$i":"work","$v":"ที่ทำงาน"},{"$i":"fax-home","$v":"แฟกซ์บ้าน"},{"$i":"fax-office","$v":"แฟกซ์ที่ทำงาน"},{"$i":"fax-other","$v":"แฟกซ์อื่นๆ"},{"$i":"noSimCard","$v":"ไม่มีซิมการ์ด"},{"$i":"noService","$v":"ไม่มีบริการ"},{"$i":"lockedSim","$v":"ซิมที่ล็อก"},{"$i":"airplaneMode","$v":"โหมดเครื่องบิน"},{"$i":"wifi-calling","$v":"การโทรผ่าน Wi-Fi"},{"$i":"homescreen-settings","$v":"การตั้งค่าหน้าจอเริ่มต้น"},{"$i":"change-wallpaper","$v":"เปลี่ยนวอลเปเปอร์"},{"$i":"add-smart-collections","$v":"เพิ่มคอลเลคชั่นอัจฉริยะ"},{"$i":"edit-mode","$v":"แก้ไข"},{"$i":"edit-done","$v":"เสร็จสิ้น"},{"$i":"tutorial-for-side-menu-1","$v":["กดปุ่ม ",{"t":"idOrVar","v":"left"}," เพื่อเข้าถึงแอปทางด้านซ้าย"]},{"$i":"tutorial-for-instant-settings-1","$v":["กดปุ่ม ",{"t":"idOrVar","v":"up"}," สำหรับการตั้งค่าที่ใช้บ่อย"]},{"$i":"tutorial-for-notices","$v":"กดปุ่ม 'ขวา' เพื่อดูข้อความบอกกล่าวใหม่"},{"$i":"tutorial-for-google-assistant-1","$v":["กด ",{"t":"idOrVar","v":"microphone"}," ค้างเพื่อพูด"]},{"$i":"tutorial-for-voice-input-1","$v":["กด ",{"t":"idOrVar","v":"microphone"}," ค้างเพื่อพูดในช่องข้อความ"]},{"$i":"tutorial-for-find-kaistore-2","$v":"พบแอป KaiStore ได้ในหน้าแรกของเมนูแอป"},{"$i":"tutorial-for-left","$v":"ซ้าย"},{"$i":"tutorial-for-up","$v":"บน"},{"$i":"stop-download-title","$v":["หยุด ",{"t":"idOrVar","v":"name"}]},{"$i":"stop-download-body","$v":"คุณต้องการยกเลิกการดาวน์โหลดที่กำลังดำเนินการอยู่หรือไม่"},{"$i":"stop-download-action","$v":"หยุด"},{"$i":"resume-download-title","$v":"เริ่มการดาวน์โหลดใหม่"},{"$i":"resume-download-body","$v":["คุณต้องการที่จะดาวน์โหลด ",{"t":"idOrVar","v":"name"}," หรือไม่"]},{"$i":"resume-download-action","$v":"ดาวน์โหลด"},{"$i":"edit-group-header","$v":"แก้ไขกลุ่ม"},{"$i":"gaia-shortcut-app-updated","$v":"อัปเดตแอปแล้ว"},{"$i":"clocks-updated","$v":"อัปเดตนาฬิกาแล้ว"},{"$i":"longDateFormat","$v":"%A, %B %e"},{"$i":"app-title","$v":"แอปของฉัน"},{"$i":"app-uninstall","$v":["เลิกติดตั้ง ",{"t":"idOrVar","v":"name"}," แล้ว"]},{"$i":"confirmation","$v":"การยืนยัน"},{"$i":"eccOnly","$v":"Emergency calls only"},{"$i":"emergencyCallsOnly","$v":"Emergency calls only"},{"$i":"searching","$v":"กำลังค้นหา..."},{"$i":"clockDateFormat","$v":"%a, %e %b"},{"$i":"apn-sim1","$v":"APN Settings - SIM1"},{"$i":"apn-sim2","$v":"APN Settings - SIM2"},{"$i":"apnDefaultConfig","$v":"APN Default Config"},{"$i":"apn-defaultconfig-message","$v":"Set which type of apn to used"},{"$i":"apnConfigPostpay","$v":"Postpay APN"},{"$i":"apnConfigPrepay","$v":"Prepay APN"},{"$i":"qtn_sm_toast_set_ICE_first","$v":"ไม่มีผู้ติดต่อ ICE โปรดไปที่การตั้งค่าการติดต่อหรือเมนูตัวเลือกของข้อมูล ICE เพื่อตั้งค่าในตอนแรก"},{"$i":"qtn_sm_toast_google_assist","$v":"กดแบบยาวหรือดับเบิลคลิกได้เริ่มต้น Google Assistant"},{"$i":"qtn_sm_toast_sos_call_msg","$v":"กดแบบยาวหรือกดสองครั้งสำหรับการโทร SOS / ข้อความ SOS"},{"$i":"nocard-eccOnly","$v":"No SIM card-Emergency calls only"},{"$i":"unusablecard-eccOnly","$v":"Unusable SIM card-Emergency calls only"},{"$i":"utilities","$v":"เบ็ดเตล็ด"},{"$i":"games","$v":"เกม"},{"$i":"toast-app-downloaded-to-folder","$v":["มีการดาวน์โหลด ",{"t":"idOrVar","v":"appName"}," ลงในโฟลเดอร์ ",{"t":"idOrVar","v":"folderName"}]},{"$i":"notices-reminder-header","$v":"การเตือนความจำ"},{"$i":"notices-reminder-content","$v":"คุณมีประกาศที่ยังไม่ได้อ่าน ตรวจสอบว่าคุณพลาดสิ่งสำคัญหรือไม่"},{"$i":"toast-need-update-app","$v":"โปรดอัปเดตแอปเป็นเวอร์ชันล่าสุดเพื่อดำเนินการจากแอป JioStore ต่อ"},{"$i":"call-forwarding-async","$v":["เลิกซิงค์: ",{"t":"idOrVar","v":"async"}]},{"$i":"call-forwarding-data","$v":["ข้อมูล ",{"t":"idOrVar","v":"data"}]},{"$i":"call-forwarding-error","$v":"เกิดข้อผิดพลาดขึ้นขณะกำลังดึงข้อมูลสถานะการโอนสาย"},{"$i":"call-forwarding-fax","$v":["แฟกซ์: ",{"t":"idOrVar","v":"fax"}]},{"$i":"call-forwarding-inactive","$v":"ไม่ได้ใช้งาน"},{"$i":"call-forwarding-packet","$v":"Packet: แพ็คเกต:"},{"$i":"call-forwarding-pad","$v":["PAD: ",{"t":"idOrVar","v":"pad"}]},{"$i":"call-forwarding-sms","$v":["SMS: ",{"t":"idOrVar","v":"sms"}]},{"$i":"call-forwarding-status","$v":"สถานะการโอนสาย"},{"$i":"call-forwarding-sync","$v":["ซิงค์: ",{"t":"idOrVar","v":"sync"}]},{"$i":"call-forwarding-voice","$v":["การโทรด้วยเสียง: ",{"t":"idOrVar","v":"voice"}]},{"$i":"call-forwarding-voice-after-seconds","$v":["เสียง: ",{"t":"idOrVar","v":"voice"}," หลัง ",{"t":"idOrVar","v":"timeSeconds"}," วินาที"]},{"$i":"fihVersion","$v":"FIH Version"},{"$i":"serviceClassVoice","$v":"การโทรด้วยเสียง"},{"$i":"serviceClassData","$v":"ข้อมูล"},{"$i":"serviceClassFax","$v":"แฟกซ์"},{"$i":"serviceClassSms","$v":"SMS"},{"$i":"serviceClassDataSync","$v":"ซิงค์"},{"$i":"serviceClassDataAsync","$v":"ยกเลิกการซิงค์"},{"$i":"serviceClassPacket","$v":"แพ็คเกต"},{"$i":"serviceClassPad","$v":"PAD"},{"$i":"smServiceEnabled","$v":"เปิดใช้งานบริการแล้ว"},{"$i":"smServiceDisabled","$v":"ปิดใช้งานบริการแล้ว"},{"$i":"smServiceRegistered","$v":"การลงทะเบียนสำเร็จ"},{"$i":"smServiceErased","$v":"การลบสำเร็จ"},{"$i":"smServiceInterrogated","$v":"การขอสำเร็จ"},{"$i":"smServiceNotProvisioned","$v":"ไม่ได้กำหนดการบริการ"},{"$i":"smClirPermanent","$v":"คุณไม่สามารถเปลี่ยนการตั้งค่าหมายเลขผู้โทร"},{"$i":"smClirDefaultOnNextCallOn","$v":"หมายเลขผู้โทรตั้งค่าเริ่มต้นเป็นจำกัด การโทรครั้งต่อไป จำกัด"},{"$i":"smClirDefaultOnNextCallOff","$v":"หมายเลขผู้โทรตั้งค่าเริ่มต้นเป็นจำกัด การโทรครั้งต่อไป ไม่จำกัด"},{"$i":"smClirDefaultOffNextCallOn","$v":"หมายเลขผู้โทรตั้งค่าเริ่มต้นเป็นไม่จำกัด การโทรครั้งต่อไป จำกัด"},{"$i":"smClirDefaultOffNextCallOff","$v":"หมายเลขผู้โทรตั้งค่าเริ่มต้นเป็นไม่จำกัด การโทรครั้งต่อไป ไม่จำกัด"},{"$i":"smServiceEnabledFor","$v":"เปิดใช้งานบริการสำหรับ:"},{"$i":"smPinChanged","$v":"เปลี่ยน PIN สำเร็จ"},{"$i":"smPinUnblocked","$v":"เลิกบล็อก PIN สำเร็จ"},{"$i":"smPin2Changed","$v":"เปลี่ยน PIN2 สำเร็จ"},{"$i":"smPin2Unblocked","$v":"เลิกบล็อก PIN2 สำเร็จ"},{"$i":"ServiceIsEnabled","$v":"เปิดใช้งานบริการแล้ว"},{"$i":"ServiceIsDisabled","$v":"ปิดใช้งานบริการแล้ว"},{"$i":"ServiceIsEnabledFor","$v":"เปิดใช้งานบริการสำหรับ:"},{"$i":"emMmiError","$v":"ปัญหาการเชื่อมต่อหรือรหัส MMI ไม่ถูกต้อง"},{"$i":"emMmiErrorPasswordIncorrect","$v":"รหัสผ่านไม่ถูกต้อง"},{"$i":"emMmiErrorNotSupported","$v":"รหัส MMI ไม่ถูกต้องหรือไม่รองรับ"},{"$i":"emMmiErrorInvalidAction","$v":"การดำเนินการไม่ถูกต้อง"},{"$i":"emMmiErrorInvalidScCode","$v":"รหัสบริการไม่ถูกต้อง"},{"$i":"emMmiErrorBadPuk","$v":"PUK ที่คุณพิมไม่ถูกต้อง"},{"$i":"emMmiErrorBadPin","$v":"PIN เก่าที่คุณพิมพ์ไม่ถูกต้อง"},{"$i":"emMmiErrorNeedPuk2","$v":"พิมพ์ PUK2 เพื่อปลดล็อกซิมการ์ด"},{"$i":"emMmiErrorMismatchPin","$v":"PIN ที่คุณพิมพ์ไม่ตรงกัน"},{"$i":"emMmiErrorInvalidPin","$v":"พิมพ์ PIN ซึ่งเป็นเลข 4 ถึง 8 หลัก"},{"$i":"emMmiErrorNeedsPuk","$v":"ซิมการ์ดถูกล็อกด้วย PUK"},{"$i":"emMmiErrorEnablePin","$v":"ไม่สำเร็จ เปิดใช้งานการล็อก ซิม/RUIM"},{"$i":"emMmiErrorMmiFdn","$v":"การดำเนินการถูกจำกัดไว้ที่หมายเลขโทรออกที่กำหนดเท่านั้น"},{"$i":"emMmiErrorStkCcUssdDial","$v":"แก้ไขคำขอ USSD เป็นคำขอ DIAL แล้ว"},{"$i":"emMmiErrorStkCcUssdSs","$v":"แก้ไขคำขอ USSD เป็นคำขอ SS แล้ว"},{"$i":"emMmiErrorStkCcUssdUssd","$v":"แก้ไขคำขอ USSD เป็นคำขอ USSD ใหม่แล้ว"},{"$i":"emMmiErrorStkCcSsDial","$v":"แก้ไขคำขอ SS เป็นคำขอ DIAL แล้ว"},{"$i":"emMmiErrorStkCcSsUssd","$v":"แก้ไขคำขอ SS เป็นคำขอ USSD แล้ว"},{"$i":"emMmiErrorStkCcSsSs","$v":"แก้ไขคำขอ SS เป็นคำขอ SS ใหม่แล้ว"},{"$i":"emMmiErrorPinPukAttempts","$v":{"few":["การดำเนินการที่เหลือ ",{"t":"idOrVar","v":"n"}," ครั้ง"],"many":["การดำเนินการที่เหลือ ",{"t":"idOrVar","v":"n"}," ครั้ง"],"one":["การดำเนินการที่เหลือ ",{"t":"idOrVar","v":"n"}," ครั้งเท่านั้น"],"other":["การดำเนินการที่เหลือ ",{"t":"idOrVar","v":"n"}," ครั้ง"],"two":["การดำเนินการที่เหลือ ",{"t":"idOrVar","v":"n"}," ครั้ง"]},"$x":[{"t":"idOrVar","v":"plural"},"n"]},{"$i":"emMmiErrorSimBlocked","$v":"จำนวนครั้งการดำเนินการเกินกำหนด ซิมถูกบล็อก"},{"$i":"RadioNotAvailable","$v":"วิทยุไม่สามารถใช้งานได้"},{"$i":"PasswordIncorrect","$v":"รหัสผ่านไม่ถูกต้อง"},{"$i":"SimPin2","$v":"PIN2 ของซิม"},{"$i":"SimPuk2","$v":"PUK2 ของซิม"},{"$i":"RequestNotSupported","$v":"ไม่รองรับคำขอ"},{"$i":"OpNotAllowedDuringVoiceCall","$v":"ไม่อนุญาตการดำเนินการระหว่างการโทรด้วยเสียง"},{"$i":"SmsSendFailRetry","$v":"การส่ง SMS ล้มเหลว ลองใหม่อีกครั้ง"},{"$i":"SimAbsent","$v":"ไม่มีซิม"},{"$i":"SubscriptionNotAvailable","$v":"ไม่สามารถสมัครใช้งานได้"},{"$i":"ModeNotSupported","$v":"ไม่รองรับโหมด"},{"$i":"FdnCheckFailure","$v":"การตรวจสอบ FDN ล้มเหลว"},{"$i":"IllegalSimOrMe","$v":"ซิมหรือ ME ไม่ถูกต้อง"},{"$i":"DialModifiedToUssd","$v":"แก้ไขการโทรออกเป็น USSD แล้ว"},{"$i":"DialModifiedToSs","$v":"แก้ไขการโทรออกเป็น SS แล้ว"},{"$i":"DialModifiedToDial","$v":"แก้ไขการโทรออกเป็นการโทรออกแล้ว"},{"$i":"UssdModifiedToDial","$v":"แก้ไข USSD เป็นการโทรออกแล้ว"},{"$i":"UssdModifiedToSs","$v":"แก้ไข USSD เป็น SS แล้ว"},{"$i":"UssdModifiedToUssd","$v":"แก้ไข USSD เป็น USSD แล้ว"},{"$i":"SsModifiedToDial","$v":"แก้ไข SS เป็นการโทรออกแล้ว"},{"$i":"SsModifiedToUssd","$v":"แก้ไข SS เป็น USSD แล้ว"},{"$i":"SsModifiedToSs","$v":"แก้ไข SS เป็น SS แล้ว"},{"$i":"SubscriptionNotSupported","$v":"ไม่รองรับการสมัครใช้งาน"},{"$i":"InvalidParameter","$v":"พารามิเตอร์ไม่ถูกต้อง"},{"$i":"RejectedByRemote","$v":"ถูกปฏิเสธโดยรีโมท"},{"$i":"GetEmptyUssdPrompt","$v":"ได้รับการตอบกลับเป็นศูนย์"},{"$i":"ice-latitude","$v":"ละติจูด"},{"$i":"ice-longitude","$v":"ลองจิจูด"},{"$i":"sim-with-index-and-carrier","$v":["SIM ",{"t":"idOrVar","v":"index"}," - ",{"t":"idOrVar","v":"carrier"}]},{"$i":"sim-without-carrier","$v":["SIM ",{"t":"idOrVar","v":"index"}]},{"$i":"label","$v":"ฉลาก"},{"$i":"faxHome","$v":"แฟกซ์บ้าน"},{"$i":"faxOffice","$v":"แฟกซ์ที่ทำงาน"},{"$i":"faxOther","$v":"แฟกซ์อื่นๆ"},{"$i":"another","$v":"อื่นๆ"},{"$i":"other","$v":"อื่น ๆ"},{"$i":"customTag","$v":"แท็กกำหนดเอง","placeholder":"แท็กกำหนดเอง"},{"$i":"current","$v":"ปัจจุบัน"},{"$i":"itemWithLabel","$v":[{"t":"idOrVar","v":"label"},", ",{"t":"idOrVar","v":"item"}]},{"$i":"weekday-0-long","$v":"อาทิตย์"},{"$i":"weekday-1-long","$v":"จันทร์"},{"$i":"weekday-2-long","$v":"อังคาร"},{"$i":"weekday-3-long","$v":"พุธ"},{"$i":"weekday-4-long","$v":"พฤหัสบดี"},{"$i":"weekday-5-long","$v":"ศุกร์"},{"$i":"weekday-6-long","$v":"เสาร์"},{"$i":"weekday-0-short","$v":"อาทิตย์"},{"$i":"weekday-1-short","$v":"จันทร์"},{"$i":"weekday-2-short","$v":"อังคาร"},{"$i":"weekday-3-short","$v":"พุธ"},{"$i":"weekday-4-short","$v":"พฤหัสบดี"},{"$i":"weekday-5-short","$v":"ศุกร์"},{"$i":"weekday-6-short","$v":"เสาร์"},{"$i":"month-0-long","$v":"มกราคม"},{"$i":"month-1-long","$v":"กุมภาพันธ์"},{"$i":"month-2-long","$v":"มีนาคม"},{"$i":"month-3-long","$v":"เมษายน"},{"$i":"month-4-long","$v":"พฤษภาคม"},{"$i":"month-5-long","$v":"มิถุนายน"},{"$i":"month-6-long","$v":"กรกฎาคม"},{"$i":"month-7-long","$v":"สิงหาคม"},{"$i":"month-8-long","$v":"กันยายน"},{"$i":"month-9-long","$v":"ตุลาคม"},{"$i":"month-10-long","$v":"พฤศจิกายน"},{"$i":"month-11-long","$v":"ธันวาคม"},{"$i":"month-0-genitive","$v":"มกราคม"},{"$i":"month-1-genitive","$v":"กุมภาพันธ์"},{"$i":"month-2-genitive","$v":"มีนาคม"},{"$i":"month-3-genitive","$v":"เมษายน"},{"$i":"month-4-genitive","$v":"พฤษภาคม"},{"$i":"month-5-genitive","$v":"มิถุนายน"},{"$i":"month-6-genitive","$v":"กรกฎาคม"},{"$i":"month-7-genitive","$v":"สิงหาคม"},{"$i":"month-8-genitive","$v":"กันยายน"},{"$i":"month-9-genitive","$v":"ตุลาคม"},{"$i":"month-10-genitive","$v":"พฤศจิกายน"},{"$i":"month-11-genitive","$v":"ธันวาคม"},{"$i":"month-0-short","$v":"ม.ค."},{"$i":"month-1-short","$v":"ก.พ."},{"$i":"month-2-short","$v":"มี.ค."},{"$i":"month-3-short","$v":"เม.ย."},{"$i":"month-4-short","$v":"พ.ค."},{"$i":"month-5-short","$v":"มิ.ย."},{"$i":"month-6-short","$v":"ก.ค."},{"$i":"month-7-short","$v":"ส.ค."},{"$i":"month-8-short","$v":"ก.ย."},{"$i":"month-9-short","$v":"ต.ค."},{"$i":"month-10-short","$v":"พ.ย."},{"$i":"month-11-short","$v":"ธ.ค."},{"$i":"minutes-ago-long","$v":{"few":[{"t":"idOrVar","v":"value"}," นาทีที่แล้ว"],"many":[{"t":"idOrVar","v":"value"}," นาทีที่แล้ว"],"one":"1 นาทีที่แล้ว","other":[{"t":"idOrVar","v":"value"}," นาทีที่แล้ว"],"two":[{"t":"idOrVar","v":"value"}," นาทีที่แล้ว"],"zero":"เมื่อสักครู่"},"$x":[{"t":"idOrVar","v":"plural"},"value"]},{"$i":"hours-ago-long","$v":{"few":[{"t":"idOrVar","v":"value"}," ชั่วโมงที่แล้ว"],"many":[{"t":"idOrVar","v":"value"}," ชั่วโมงที่แล้ว"],"one":"ชั่วโมงที่แล้ว","other":[{"t":"idOrVar","v":"value"}," ชั่วโมงที่แล้ว"],"two":[{"t":"idOrVar","v":"value"}," ชั่วโมงที่แล้ว"],"zero":"เมื่อสักครู่"},"$x":[{"t":"idOrVar","v":"plural"},"value"]},{"$i":"days-ago-long","$v":{"few":[{"t":"idOrVar","v":"value"}," วันที่แล้ว"],"many":[{"t":"idOrVar","v":"value"}," วันที่แล้ว"],"one":"เมื่อวานนี้","other":[{"t":"idOrVar","v":"value"}," วันที่แล้ว"],"two":[{"t":"idOrVar","v":"value"}," วันที่แล้ว"],"zero":"วันนี้"},"$x":[{"t":"idOrVar","v":"plural"},"value"]},{"$i":"weeks-ago-long","$v":{"few":[{"t":"idOrVar","v":"value"}," สัปดาห์ที่แล้ว"],"many":[{"t":"idOrVar","v":"value"}," สัปดาห์ที่แล้ว"],"one":"สัปดาห์ที่แล้ว","other":[{"t":"idOrVar","v":"value"}," สัปดาห์ที่แล้ว"],"two":[{"t":"idOrVar","v":"value"}," สัปดาห์ที่แล้ว"],"zero":"สัปดาห์นี้"},"$x":[{"t":"idOrVar","v":"plural"},"value"]},{"$i":"months-ago-long","$v":{"few":[{"t":"idOrVar","v":"value"}," เดือนที่แล้ว"],"many":[{"t":"idOrVar","v":"value"}," เดือนที่แล้ว"],"one":"เดือนที่แล้ว","other":[{"t":"idOrVar","v":"value"}," เดือนที่แล้ว"],"two":[{"t":"idOrVar","v":"value"}," เดือนที่แล้ว"],"zero":"เดือนนี้"},"$x":[{"t":"idOrVar","v":"plural"},"value"]},{"$i":"years-ago-long","$v":{"few":[{"t":"idOrVar","v":"value"}," ปีที่แล้ว"],"many":[{"t":"idOrVar","v":"value"}," ปีที่แล้ว"],"one":"ปีที่แล้ว","other":[{"t":"idOrVar","v":"value"}," ปีที่แล้ว"],"two":[{"t":"idOrVar","v":"value"}," ปีที่แล้ว"],"zero":"ปีนี้"},"$x":[{"t":"idOrVar","v":"plural"},"value"]},{"$i":"minutes-until-long","$v":{"few":["ใน ",{"t":"idOrVar","v":"value"}," นาที"],"many":["ใน ",{"t":"idOrVar","v":"value"}," นาที"],"one":"ใน 1 นาที","other":["ใน ",{"t":"idOrVar","v":"value"}," นาที"],"two":["ใน ",{"t":"idOrVar","v":"value"}," นาที"],"zero":"ตอนนี้"},"$x":[{"t":"idOrVar","v":"plural"},"value"]},{"$i":"hours-until-long","$v":{"few":["ใน ",{"t":"idOrVar","v":"value"}," ชั่วโมง"],"many":["ใน ",{"t":"idOrVar","v":"value"}," ชั่วโมง"],"one":"ใน 1 ชั่วโมง","other":["ใน ",{"t":"idOrVar","v":"value"}," ชั่วโมง"],"two":["ใน ",{"t":"idOrVar","v":"value"}," ชั่วโมง"],"zero":"ตอนนี้"},"$x":[{"t":"idOrVar","v":"plural"},"value"]},{"$i":"days-until-long","$v":{"few":["ใน ",{"t":"idOrVar","v":"value"}," วัน"],"many":["ใน ",{"t":"idOrVar","v":"value"}," วัน"],"one":"พรุ่งนี้","other":["ใน ",{"t":"idOrVar","v":"value"}," วัน"],"two":["ใน ",{"t":"idOrVar","v":"value"}," วัน"],"zero":"วันนี้"},"$x":[{"t":"idOrVar","v":"plural"},"value"]},{"$i":"weeks-until-long","$v":{"few":["ใน ",{"t":"idOrVar","v":"value"}," สัปดาห์"],"many":["ใน ",{"t":"idOrVar","v":"value"}," สัปดาห์"],"one":"สัปดาห์ถัดไป","other":["ใน ",{"t":"idOrVar","v":"value"}," สัปดาห์"],"two":["ใน ",{"t":"idOrVar","v":"value"}," สัปดาห์"],"zero":"สัปดาห์นี้"},"$x":[{"t":"idOrVar","v":"plural"},"value"]},{"$i":"months-until-long","$v":{"few":["ใน ",{"t":"idOrVar","v":"value"}," เดือน"],"many":["ใน ",{"t":"idOrVar","v":"value"}," เดือน"],"one":"เดือนถัดไป","other":["ใน ",{"t":"idOrVar","v":"value"}," เดือน"],"two":["ใน ",{"t":"idOrVar","v":"value"}," เดือน"],"zero":"เดือนนี้"},"$x":[{"t":"idOrVar","v":"plural"},"value"]},{"$i":"years-until-long","$v":{"few":["ใน ",{"t":"idOrVar","v":"value"}," ปี"],"many":["ใน ",{"t":"idOrVar","v":"value"}," ปี"],"one":"ปีถัดไป","other":["ใน ",{"t":"idOrVar","v":"value"}," ปี"],"two":["ใน ",{"t":"idOrVar","v":"value"}," ปี"],"zero":"ปีนี้"},"$x":[{"t":"idOrVar","v":"plural"},"value"]},{"$i":"minutes-ago-short","$v":{"other":[{"t":"idOrVar","v":"value"}," นาทีที่แล้ว"],"zero":"เมื่อสักครู่"},"$x":[{"t":"idOrVar","v":"plural"},"value"]},{"$i":"hours-ago-short","$v":{"other":[{"t":"idOrVar","v":"value"}," ชั่วโมงที่แล้ว"],"zero":"เมื่อสักครู่"},"$x":[{"t":"idOrVar","v":"plural"},"value"]},{"$i":"days-ago-short","$v":{"other":[{"t":"idOrVar","v":"value"}," วันที่แล้ว"],"zero":"วันนี้"},"$x":[{"t":"idOrVar","v":"plural"},"value"]},{"$i":"minutes-until-short","$v":{"other":["ใน ",{"t":"idOrVar","v":"value"}," นาที"],"zero":"ตอนนี้"},"$x":[{"t":"idOrVar","v":"plural"},"value"]},{"$i":"hours-until-short","$v":{"other":["ใน ",{"t":"idOrVar","v":"value"}," ชั่วโมง"],"zero":"ตอนนี้"},"$x":[{"t":"idOrVar","v":"plural"},"value"]},{"$i":"days-until-short","$v":{"other":["ใน ",{"t":"idOrVar","v":"value"}," วัน"],"zero":"วันนี้"},"$x":[{"t":"idOrVar","v":"plural"},"value"]},{"$i":"incorrectDate","$v":"(วันที่ไม่ถูกต้อง)"},{"$i":"dateTimeFormat_%c","$v":"%a %b %e %Y %I:%M:%S %p"},{"$i":"dateTimeFormat_%x","$v":"%d/%m/%Y"},{"$i":"dateTimeFormat_%X","$v":"%I:%M:%S %p"},{"$i":"shortTimeFormat","$v":"%I:%M %p"},{"$i":"shortTimeFormat12","$v":"%I:%M %p"},{"$i":"shortTimeFormat24","$v":"%H:%M"},{"$i":"shortDateTimeFormat","$v":"%x %I:%M %p"},{"$i":"weekStartsOnMonday","$v":"0.0"},{"$i":"firstDayOfTheWeek","$v":"0.0"},{"$i":"time_am","$v":"AM"},{"$i":"time_pm","$v":"PM"}]