[{"$i":"search-or-enter-address","placeholder":"搜尋或輸入地址"},{"$i":"delete-title","$v":["刪除",{"t":"idOrVar","v":"name"}]},{"$i":"delete-body","$v":["將會刪除",{"t":"idOrVar","v":"name"},"及其所有資料。"]},{"$i":"delete","$v":"刪除"},{"$i":"cancel","$v":"取消"},{"$i":"apps","$v":"應用程式"},{"$i":"menu","$v":"功能表"},{"$i":"notifications","$v":"通知"},{"$i":"camera","$v":"相機"},{"$i":"speed-dial","$v":"單鍵撥號"},{"$i":"select","$v":"選取"},{"$i":"move","$v":"移動"},{"$i":"ok","$v":"確認"},{"$i":"set","$v":"設定"},{"$i":"edit","$v":"編輯"},{"$i":"call","$v":"撥號"},{"$i":"message","$v":"訊息"},{"$i":"options","$v":"選項"},{"$i":"assign","$v":"指派"},{"$i":"remove","$v":"移除"},{"$i":"replace","$v":"替換"},{"$i":"more","$v":"更多"},{"$i":"settings","$v":"設定"},{"$i":"contacts","$v":"連絡人"},{"$i":"list-view","$v":"清單檢視"},{"$i":"grid-view","$v":"圖示檢視"},{"$i":"single-view","$v":"單一檢視"},{"$i":"skip","$v":"忽略"},{"$i":"shortcuts","$v":"快捷操作"},{"$i":"next","$v":"下一步"},{"$i":"back","$v":"返回"},{"$i":"memory-cleaner","$v":"記憶體清理工具"},{"$i":"open","$v":"開啟"},{"$i":"voicemail","$v":"語音留言"},{"$i":"speed-dial-not-empty","ariaLabel":[{"t":"idOrVar","v":"order"},", ",{"t":"idOrVar","v":"name"}]},{"$i":"speed-dial-empty","ariaLabel":[{"t":"idOrVar","v":"order"},"，空白"]},{"$i":"remove-speed-dial","$v":["確認要從單鍵撥號移除",{"t":"idOrVar","v":"name"},"？"]},{"$i":"replace-speed-dial","$v":["確認要將",{"t":"idOrVar","v":"name"},"替換為",{"t":"idOrVar","v":"subName"},"？"]},{"$i":"assign-speed-dial","$v":["連絡人未增加為按鈕",{"t":"idOrVar","v":"n"},"上的單鍵撥號。立即指派？"]},{"$i":"assign-voicemail","$v":"語音留言號碼尚未設定。"},{"$i":"alert-for-contacts-without-number","$v":"沒有電話號碼可用的連絡人。"},{"$i":"option-remove","$v":"從單鍵撥號移除"},{"$i":"option-replace","$v":"替換"},{"$i":"all-apps","$v":"所有應用程式"},{"$i":"uninstall","$v":"解除安裝"},{"$i":"confirm-to-uninstall-app","$v":["解除安裝",{"t":"idOrVar","v":"appName"},"應用程式？"]},{"$i":"confirm-to-unpin-bookmark","$v":"取消固定該網站？"},{"$i":"unpin","$v":"取消釘選"},{"$i":"rename","$v":"重新命名"},{"$i":"title","$v":"標題"},{"$i":"add-to-existing-contact","$v":"增加至現有連絡人"},{"$i":"create-new-contact","$v":"建立新連絡人"},{"$i":"sending","$v":"正在傳送…"},{"$i":"video-call","$v":"視訊通話"},{"$i":"rtt-call","$v":"RTT通話"},{"$i":"callAirplaneModeTitle","$v":"飛航模式已啟動"},{"$i":"callAirplaneModeMessage","$v":"若要撥打電話，您需要在「設定」中停用飛航模式。"},{"$i":"emergencyDialogTitle","$v":"無網路連線"},{"$i":"emergencyDialogBodyBadNumber","$v":"若要撥打電話，手機必須連線至網路。"},{"$i":"emergencyDialogBodyDeviceNotAccepted","$v":"網路不允許緊急電話。"},{"$i":"invalidNumberToDialTitle","$v":"電話號碼無效"},{"$i":"invalidNumberToDialMessage","$v":"您撥打的電話號碼無效。"},{"$i":"emergency-call-only","$v":"只能撥出緊急電話"},{"$i":"emergency-call-error","$v":[{"t":"idOrVar","v":"number"},"不是緊急號碼。"]},{"$i":"numberIsBusyTitle","$v":"號碼正在通話中"},{"$i":"numberIsBusyMessage","$v":"此號碼目前正在通話中。請稍後再試。"},{"$i":"fdnIsActiveTitle","$v":"FDN使用中"},{"$i":"fdnIsActiveMessage","$v":["FDN(固定撥號號碼)已啟動，且下列號碼不在您的FDN清單中：",{"t":"idOrVar","v":"number"}]},{"$i":"otherConnectionInUseTitle","$v":"其他連線在使用中"},{"$i":"otherConnectionInUseMessage","$v":"在其他連線上有一個通話正在進行中。您一次只能查看一個連線。"},{"$i":"GenericFailure","$v":"一般故障"},{"$i":"CallFailed","$v":"通話失敗"},{"$i":"scCallBarring","$v":"通話限制"},{"$i":"scCallForwarding","$v":"來電轉接"},{"$i":"scClip","$v":"來電本機號碼"},{"$i":"scClir","$v":"撥出電話本機號碼"},{"$i":"scPwd","$v":"密碼變更"},{"$i":"scCallWaiting","$v":"來電等待"},{"$i":"scPin","$v":"PIN變更"},{"$i":"scPin2","$v":"PIN2變更"},{"$i":"scPuk","$v":"解除封鎖PIN"},{"$i":"scPuk2","$v":"解除封鎖PIN2"},{"$i":"scImei","$v":"IMEI"},{"$i":"scMeid","$v":"MEID"},{"$i":"scUssd","$v":"USSD"},{"$i":"deviceIsUnlocked","$v":"裝置已解鎖"},{"$i":"simUnlockCodeAccepted","$v":"已接受SIM卡解鎖碼"},{"$i":"simUnlockCodeFailed","$v":"SIM卡解鎖失敗"},{"$i":"personal","$v":"個人"},{"$i":"mobile","$v":"手機"},{"$i":"home","$v":"住家"},{"$i":"work","$v":"工作"},{"$i":"fax-home","$v":"傳真(住家)"},{"$i":"fax-office","$v":"傳真(辦公室)"},{"$i":"fax-other","$v":"傳真(其他)"},{"$i":"noSimCard","$v":"無SIM卡"},{"$i":"noService","$v":"無服務"},{"$i":"lockedSim","$v":"已鎖定SIM卡"},{"$i":"airplaneMode","$v":"飛航模式"},{"$i":"wifi-calling","$v":"Wi-Fi來電"},{"$i":"homescreen-settings","$v":"主螢幕設定"},{"$i":"change-wallpaper","$v":"變更桌布"},{"$i":"add-smart-collections","$v":"增加智慧型收藏庫"},{"$i":"edit-mode","$v":"編輯"},{"$i":"edit-done","$v":"已完成"},{"$i":"tutorial-for-side-menu-1","$v":["按",{"t":"idOrVar","v":"left"},"鍵存取左側的應用程式。"]},{"$i":"tutorial-for-instant-settings-1","$v":["按",{"t":"idOrVar","v":"up"},"鍵進入常用設定。"]},{"$i":"tutorial-for-notices","$v":"按右鍵以檢視新通知。"},{"$i":"tutorial-for-google-assistant-1","$v":["長按",{"t":"idOrVar","v":"microphone"},"鍵以說話。"]},{"$i":"tutorial-for-voice-input-1","$v":["在文字欄位中長按",{"t":"idOrVar","v":"microphone"},"鍵以說話。"]},{"$i":"tutorial-for-find-kaistore-2","$v":"在「應用程式功能表」的第一頁尋找KaiStore應用程式。"},{"$i":"tutorial-for-left","$v":"左側"},{"$i":"tutorial-for-up","$v":"向上"},{"$i":"stop-download-title","$v":["停止",{"t":"idOrVar","v":"name"}]},{"$i":"stop-download-body","$v":"是否要停止進行中的下載？"},{"$i":"stop-download-action","$v":"停止"},{"$i":"resume-download-title","$v":"重新啟動下載"},{"$i":"resume-download-body","$v":["是否要下載",{"t":"idOrVar","v":"name"},"？"]},{"$i":"resume-download-action","$v":"下載"},{"$i":"edit-group-header","$v":"編輯群組"},{"$i":"gaia-shortcut-app-updated","$v":"應用程式已更新"},{"$i":"clocks-updated","$v":"時鐘已更新"},{"$i":"longDateFormat","$v":"%A, %B %e"},{"$i":"app-title","$v":"我的應用程式"},{"$i":"app-uninstall","$v":[{"t":"idOrVar","v":"name"},"已解除安裝"]},{"$i":"confirmation","$v":"確認"},{"$i":"eccOnly","$v":"Emergency calls only"},{"$i":"emergencyCallsOnly","$v":"Emergency calls only"},{"$i":"searching","$v":"搜尋中..."},{"$i":"clockDateFormat","$v":"%a, %e %b"},{"$i":"apn-sim1","$v":"APN Settings - SIM1"},{"$i":"apn-sim2","$v":"APN Settings - SIM2"},{"$i":"apnDefaultConfig","$v":"APN Default Config"},{"$i":"apn-defaultconfig-message","$v":"Set which type of apn to used"},{"$i":"apnConfigPostpay","$v":"Postpay APN"},{"$i":"apnConfigPrepay","$v":"Prepay APN"},{"$i":"qtn_sm_toast_set_ICE_first","$v":"無ICE連絡人，請先轉至ICE資訊的連絡人設定或選項功能表"},{"$i":"qtn_sm_toast_google_assist","$v":"長按或連按兩下以啟動Google助理"},{"$i":"qtn_sm_toast_sos_call_msg","$v":"長按或連按兩下撥打SOS電話/傳送SOS訊息"},{"$i":"nocard-eccOnly","$v":"No SIM card-Emergency calls only"},{"$i":"unusablecard-eccOnly","$v":"Unusable SIM card-Emergency calls only"},{"$i":"utilities","$v":"公用程式"},{"$i":"games","$v":"遊戲"},{"$i":"toast-app-downloaded-to-folder","$v":[{"t":"idOrVar","v":"appName"},"已下載到",{"t":"idOrVar","v":"folderName"},"資料夾。"]},{"$i":"notices-reminder-header","$v":"提醒"},{"$i":"notices-reminder-content","$v":"您有未讀通知。查看通知，避免錯過重要事務。"},{"$i":"toast-need-update-app","$v":"請將應用程式更新到最新版本，以從JioStore應用程式繼續。"},{"$i":"call-forwarding-async","$v":["非同步：",{"t":"idOrVar","v":"async"}]},{"$i":"call-forwarding-data","$v":["數據：",{"t":"idOrVar","v":"data"}]},{"$i":"call-forwarding-error","$v":"擷取來電轉接狀態時發生錯誤"},{"$i":"call-forwarding-fax","$v":["傳真：",{"t":"idOrVar","v":"fax"}]},{"$i":"call-forwarding-inactive","$v":"非使用中"},{"$i":"call-forwarding-packet","$v":["封包：",{"t":"idOrVar","v":"packet"}]},{"$i":"call-forwarding-pad","$v":["PAD：",{"t":"idOrVar","v":"pad"}]},{"$i":"call-forwarding-sms","$v":["簡訊：",{"t":"idOrVar","v":"sms"}]},{"$i":"call-forwarding-status","$v":"來電轉接狀態"},{"$i":"call-forwarding-sync","$v":["同步：",{"t":"idOrVar","v":"sync"}]},{"$i":"call-forwarding-voice","$v":["語音：",{"t":"idOrVar","v":"voice"}]},{"$i":"call-forwarding-voice-after-seconds","$v":["語音：",{"t":"idOrVar","v":"timeSeconds"},"秒後",{"t":"idOrVar","v":"voice"}]},{"$i":"fihVersion","$v":"FIH Version"},{"$i":"serviceClassVoice","$v":"語音"},{"$i":"serviceClassData","$v":"數據"},{"$i":"serviceClassFax","$v":"傳真"},{"$i":"serviceClassSms","$v":"簡訊"},{"$i":"serviceClassDataSync","$v":"同步"},{"$i":"serviceClassDataAsync","$v":"非同步"},{"$i":"serviceClassPacket","$v":"封包"},{"$i":"serviceClassPad","$v":"PAD"},{"$i":"smServiceEnabled","$v":"服務已啟用"},{"$i":"smServiceDisabled","$v":"服務已停用"},{"$i":"smServiceRegistered","$v":"註冊成功"},{"$i":"smServiceErased","$v":"消除成功"},{"$i":"smServiceInterrogated","$v":"請求成功"},{"$i":"smServiceNotProvisioned","$v":"服務未佈建"},{"$i":"smClirPermanent","$v":"無法變更本機號碼設定"},{"$i":"smClirDefaultOnNextCallOn","$v":"本機號碼預設為受限制。下一次通話：受限制"},{"$i":"smClirDefaultOnNextCallOff","$v":"本機號碼預設為受限制。下一次通話：不受限制"},{"$i":"smClirDefaultOffNextCallOn","$v":"本機號碼預設為不受限制。下一次通話：受限制"},{"$i":"smClirDefaultOffNextCallOff","$v":"本機號碼預設為不受限制。下一次通話：不受限制"},{"$i":"smServiceEnabledFor","$v":"已針對下列項目啟用服務："},{"$i":"smPinChanged","$v":"PIN已成功變更"},{"$i":"smPinUnblocked","$v":"PIN已成功解除封鎖"},{"$i":"smPin2Changed","$v":"PIN2已成功變更"},{"$i":"smPin2Unblocked","$v":"PIN2已成功解除封鎖"},{"$i":"ServiceIsEnabled","$v":"服務已啟用"},{"$i":"ServiceIsDisabled","$v":"服務已停用"},{"$i":"ServiceIsEnabledFor","$v":"針對下列項目啟用服務："},{"$i":"emMmiError","$v":"連線問題或MMI碼無效"},{"$i":"emMmiErrorPasswordIncorrect","$v":"密碼不正確"},{"$i":"emMmiErrorNotSupported","$v":"MMI碼無效或不受支援"},{"$i":"emMmiErrorInvalidAction","$v":"動作無效"},{"$i":"emMmiErrorInvalidScCode","$v":"服務代碼無效"},{"$i":"emMmiErrorBadPuk","$v":"輸入的PUK不正確"},{"$i":"emMmiErrorBadPin","$v":"輸入的舊PIN不正確。"},{"$i":"emMmiErrorNeedPuk2","$v":"輸入PUK2以解除封鎖SIM卡"},{"$i":"emMmiErrorMismatchPin","$v":"輸入的PIN不相符"},{"$i":"emMmiErrorInvalidPin","$v":"輸入介於4到8個數字之間的PIN"},{"$i":"emMmiErrorNeedsPuk","$v":"您的SIM卡已鎖定PUK"},{"$i":"emMmiErrorEnablePin","$v":"失敗。啟用SIM/RUIM LOCK"},{"$i":"emMmiErrorMmiFdn","$v":"操作僅限制於固定撥號號碼"},{"$i":"emMmiErrorStkCcUssdDial","$v":"USSD請求已修改為DIAL請求"},{"$i":"emMmiErrorStkCcUssdSs","$v":"USSD請求已修改為SS請求"},{"$i":"emMmiErrorStkCcUssdUssd","$v":"USSD請求已修改為新USSD請求"},{"$i":"emMmiErrorStkCcSsDial","$v":"SS請求已修改為DIAL請求"},{"$i":"emMmiErrorStkCcSsUssd","$v":"SS請求已修改為USSD請求"},{"$i":"emMmiErrorStkCcSsSs","$v":"SS請求已修改為新SS請求"},{"$i":"emMmiErrorPinPukAttempts","$v":{"few":["還剩",{"t":"idOrVar","v":"n"},"次重試"],"many":["還剩",{"t":"idOrVar","v":"n"},"次重試"],"one":["僅剩",{"t":"idOrVar","v":"n"},"次重試"],"other":["還剩",{"t":"idOrVar","v":"n"},"次重試"],"two":["還剩",{"t":"idOrVar","v":"n"},"次重試"]},"$x":[{"t":"idOrVar","v":"plural"},"n"]},{"$i":"emMmiErrorSimBlocked","$v":"已達重試次數上限。SIM卡已封鎖"},{"$i":"RadioNotAvailable","$v":"Radio not available"},{"$i":"PasswordIncorrect","$v":"密碼不正確"},{"$i":"SimPin2","$v":"SIM PIN2"},{"$i":"SimPuk2","$v":"SIM PUK2"},{"$i":"RequestNotSupported","$v":"請求不受支援"},{"$i":"OpNotAllowedDuringVoiceCall","$v":"語音通話期間不允許操作"},{"$i":"SmsSendFailRetry","$v":"SMS send fail retry"},{"$i":"SimAbsent","$v":"SIM卡不存在"},{"$i":"SubscriptionNotAvailable","$v":"訂閱不可用"},{"$i":"ModeNotSupported","$v":"模式不受支援"},{"$i":"FdnCheckFailure","$v":"FDN檢查失敗"},{"$i":"IllegalSimOrMe","$v":"合法SIM卡或ME"},{"$i":"DialModifiedToUssd","$v":"Dial modified to USSD"},{"$i":"DialModifiedToSs","$v":"Dial modified to SS"},{"$i":"DialModifiedToDial","$v":"Dial modified to dial"},{"$i":"UssdModifiedToDial","$v":"USSD已修改為撥號"},{"$i":"UssdModifiedToSs","$v":"USSD已修改為SS"},{"$i":"UssdModifiedToUssd","$v":"USSD已修改為USSD"},{"$i":"SsModifiedToDial","$v":"SS已修改為撥號"},{"$i":"SsModifiedToUssd","$v":"SS已修改為USSD"},{"$i":"SsModifiedToSs","$v":"SS已修改為SS"},{"$i":"SubscriptionNotSupported","$v":"訂閱不受支援"},{"$i":"InvalidParameter","$v":"參數無效"},{"$i":"RejectedByRemote","$v":"遠端拒絕"},{"$i":"GetEmptyUssdPrompt","$v":"收到空回复。"},{"$i":"ice-latitude","$v":"緯度"},{"$i":"ice-longitude","$v":"經度"},{"$i":"sim-with-index-and-carrier","$v":["SIM ",{"t":"idOrVar","v":"index"}," - ",{"t":"idOrVar","v":"carrier"}]},{"$i":"sim-without-carrier","$v":["SIM ",{"t":"idOrVar","v":"index"}]},{"$i":"label","$v":"標籤"},{"$i":"faxHome","$v":"傳真(住家)"},{"$i":"faxOffice","$v":"傳真(辦公室)"},{"$i":"faxOther","$v":"傳真(其他)"},{"$i":"another","$v":"其他"},{"$i":"other","$v":"其他"},{"$i":"customTag","$v":"自訂標籤","placeholder":"自訂標籤"},{"$i":"current","$v":"當前"},{"$i":"itemWithLabel","$v":[{"t":"idOrVar","v":"label"},"，",{"t":"idOrVar","v":"item"}]},{"$i":"weekday-0-long","$v":"星期日"},{"$i":"weekday-1-long","$v":"星期一"},{"$i":"weekday-2-long","$v":"星期二"},{"$i":"weekday-3-long","$v":"星期三"},{"$i":"weekday-4-long","$v":"星期四"},{"$i":"weekday-5-long","$v":"星期五"},{"$i":"weekday-6-long","$v":"星期六"},{"$i":"weekday-0-short","$v":"周日"},{"$i":"weekday-1-short","$v":"周一"},{"$i":"weekday-2-short","$v":"周二"},{"$i":"weekday-3-short","$v":"周三"},{"$i":"weekday-4-short","$v":"周四"},{"$i":"weekday-5-short","$v":"周五"},{"$i":"weekday-6-short","$v":"周六"},{"$i":"month-0-long","$v":"一月"},{"$i":"month-1-long","$v":"二月"},{"$i":"month-2-long","$v":"三月"},{"$i":"month-3-long","$v":"四月"},{"$i":"month-4-long","$v":"五月"},{"$i":"month-5-long","$v":"六月"},{"$i":"month-6-long","$v":"七月"},{"$i":"month-7-long","$v":"八月"},{"$i":"month-8-long","$v":"九月"},{"$i":"month-9-long","$v":"十月"},{"$i":"month-10-long","$v":"十一月"},{"$i":"month-11-long","$v":"十二月"},{"$i":"month-0-genitive","$v":"一月"},{"$i":"month-1-genitive","$v":"二月"},{"$i":"month-2-genitive","$v":"三月"},{"$i":"month-3-genitive","$v":"四月"},{"$i":"month-4-genitive","$v":"五月"},{"$i":"month-5-genitive","$v":"六月"},{"$i":"month-6-genitive","$v":"七月"},{"$i":"month-7-genitive","$v":"八月"},{"$i":"month-8-genitive","$v":"九月"},{"$i":"month-9-genitive","$v":"十月"},{"$i":"month-10-genitive","$v":"十一月"},{"$i":"month-11-genitive","$v":"十二月"},{"$i":"month-0-short","$v":"1月"},{"$i":"month-1-short","$v":"2月"},{"$i":"month-2-short","$v":"3月"},{"$i":"month-3-short","$v":"4月"},{"$i":"month-4-short","$v":"5月"},{"$i":"month-5-short","$v":"6月"},{"$i":"month-6-short","$v":"7月"},{"$i":"month-7-short","$v":"8月"},{"$i":"month-8-short","$v":"9月"},{"$i":"month-9-short","$v":"10月"},{"$i":"month-10-short","$v":"11月"},{"$i":"month-11-short","$v":"12月"},{"$i":"minutes-ago-long","$v":{"few":[{"t":"idOrVar","v":"value"},"分鐘前"],"many":[{"t":"idOrVar","v":"value"},"分鐘前"],"one":"一分鐘前","other":[{"t":"idOrVar","v":"value"},"分鐘前"],"two":[{"t":"idOrVar","v":"value"},"分鐘前"],"zero":"現在"},"$x":[{"t":"idOrVar","v":"plural"},"value"]},{"$i":"hours-ago-long","$v":{"few":[{"t":"idOrVar","v":"value"},"小時前"],"many":[{"t":"idOrVar","v":"value"},"小時前"],"one":"1小時前","other":[{"t":"idOrVar","v":"value"},"小時前"],"two":[{"t":"idOrVar","v":"value"},"小時前"],"zero":"現在"},"$x":[{"t":"idOrVar","v":"plural"},"value"]},{"$i":"days-ago-long","$v":{"few":[{"t":"idOrVar","v":"value"},"天前"],"many":[{"t":"idOrVar","v":"value"},"天前"],"one":"昨天","other":[{"t":"idOrVar","v":"value"},"天前"],"two":[{"t":"idOrVar","v":"value"},"天前"],"zero":"今天"},"$x":[{"t":"idOrVar","v":"plural"},"value"]},{"$i":"weeks-ago-long","$v":{"few":[{"t":"idOrVar","v":"value"},"星期前"],"many":[{"t":"idOrVar","v":"value"},"星期前"],"one":"上週","other":[{"t":"idOrVar","v":"value"},"星期前"],"two":[{"t":"idOrVar","v":"value"},"星期前"],"zero":"本週"},"$x":[{"t":"idOrVar","v":"plural"},"value"]},{"$i":"months-ago-long","$v":{"few":[{"t":"idOrVar","v":"value"},"個月前"],"many":[{"t":"idOrVar","v":"value"},"個月前"],"one":"上個月","other":[{"t":"idOrVar","v":"value"},"個月前"],"two":[{"t":"idOrVar","v":"value"},"個月前"],"zero":"本月"},"$x":[{"t":"idOrVar","v":"plural"},"value"]},{"$i":"years-ago-long","$v":{"few":[{"t":"idOrVar","v":"value"},"年前"],"many":[{"t":"idOrVar","v":"value"},"年前"],"one":"上一年","other":[{"t":"idOrVar","v":"value"},"年前"],"two":[{"t":"idOrVar","v":"value"},"年前"],"zero":"今年"},"$x":[{"t":"idOrVar","v":"plural"},"value"]},{"$i":"minutes-until-long","$v":{"few":["在",{"t":"idOrVar","v":"value"},"分鐘後"],"many":["在",{"t":"idOrVar","v":"value"},"分鐘後"],"one":"在1分鐘後","other":[{"t":"idOrVar","v":"value"},"分鐘"],"two":["在",{"t":"idOrVar","v":"value"},"分鐘後"],"zero":"現在"},"$x":[{"t":"idOrVar","v":"plural"},"value"]},{"$i":"hours-until-long","$v":{"few":["在",{"t":"idOrVar","v":"value"},"小時後"],"many":["在",{"t":"idOrVar","v":"value"},"小時後"],"one":"1小時","other":["在",{"t":"idOrVar","v":"value"},"小時後"],"two":[{"t":"idOrVar","v":"value"},"小時"],"zero":"現在"},"$x":[{"t":"idOrVar","v":"plural"},"value"]},{"$i":"days-until-long","$v":{"few":["在",{"t":"idOrVar","v":"value"},"天後"],"many":["在",{"t":"idOrVar","v":"value"},"天後"],"one":"明天","other":["在",{"t":"idOrVar","v":"value"},"天後"],"two":["在",{"t":"idOrVar","v":"value"},"天後"],"zero":"今天"},"$x":[{"t":"idOrVar","v":"plural"},"value"]},{"$i":"weeks-until-long","$v":{"few":["在",{"t":"idOrVar","v":"value"},"週後"],"many":["在",{"t":"idOrVar","v":"value"},"週後"],"one":"下週","other":["在",{"t":"idOrVar","v":"value"},"週後"],"two":["在",{"t":"idOrVar","v":"value"},"週後"],"zero":"本週"},"$x":[{"t":"idOrVar","v":"plural"},"value"]},{"$i":"months-until-long","$v":{"few":["在",{"t":"idOrVar","v":"value"},"個月後"],"many":["在",{"t":"idOrVar","v":"value"},"個月後"],"one":"下個月","other":["在",{"t":"idOrVar","v":"value"},"個月後"],"two":["在",{"t":"idOrVar","v":"value"},"個月後"],"zero":"本月"},"$x":[{"t":"idOrVar","v":"plural"},"value"]},{"$i":"years-until-long","$v":{"few":["在",{"t":"idOrVar","v":"value"},"年後"],"many":["在",{"t":"idOrVar","v":"value"},"年後"],"one":"明年","other":["在",{"t":"idOrVar","v":"value"},"年後"],"two":["在",{"t":"idOrVar","v":"value"},"年後"],"zero":"今年"},"$x":[{"t":"idOrVar","v":"plural"},"value"]},{"$i":"minutes-ago-short","$v":{"other":[{"t":"idOrVar","v":"value"},"分鐘前"],"zero":"現在"},"$x":[{"t":"idOrVar","v":"plural"},"value"]},{"$i":"hours-ago-short","$v":{"other":[{"t":"idOrVar","v":"value"},"小時前"],"zero":"現在"},"$x":[{"t":"idOrVar","v":"plural"},"value"]},{"$i":"days-ago-short","$v":{"other":[{"t":"idOrVar","v":"value"},"天前"],"zero":"今天"},"$x":[{"t":"idOrVar","v":"plural"},"value"]},{"$i":"minutes-until-short","$v":{"other":["在",{"t":"idOrVar","v":"value"},"分鐘後"],"zero":"現在"},"$x":[{"t":"idOrVar","v":"plural"},"value"]},{"$i":"hours-until-short","$v":{"other":["在",{"t":"idOrVar","v":"value"},"小時後"],"zero":"現在"},"$x":[{"t":"idOrVar","v":"plural"},"value"]},{"$i":"days-until-short","$v":{"other":["在",{"t":"idOrVar","v":"value"},"天後"],"zero":"今天"},"$x":[{"t":"idOrVar","v":"plural"},"value"]},{"$i":"incorrectDate","$v":"(日期不正確)"},{"$i":"dateTimeFormat_%c","$v":"%a %b %e %Y %I:%M:%S %p"},{"$i":"dateTimeFormat_%x","$v":"%m/%d/%Y"},{"$i":"dateTimeFormat_%X","$v":"%I:%M:%S %p"},{"$i":"shortTimeFormat","$v":"%I:%M %p"},{"$i":"shortTimeFormat12","$v":"%I:%M %p"},{"$i":"shortTimeFormat24","$v":"%H:%M"},{"$i":"shortDateTimeFormat","$v":"%x %I:%M %p"},{"$i":"weekStartsOnMonday","$v":"0.0"},{"$i":"firstDayOfTheWeek","$v":"0.0"},{"$i":"time_am","$v":"上午"},{"$i":"time_pm","$v":"下午"}]