[{"$i":"setup-app-name-header","$v":"Электронная пошта"},{"$i":"setup-empty-account-message","$v":"У вас няма налад на адпраўку або атрыманне электронных лістоў. Стварыце ўліковы запіс, каб завершыць дзеянне."},{"$i":"setup-pick-service","$v":"Каб адпраўляць і атрымліваць электронную пошту, трэба наладзіць уліковы запіс."},{"$i":"setup-account-header3","$v":"кошт увайсці"},{"$i":"setup-account-password","$v":"Пароль"},{"$i":"setup-info-next","$v":"Далей"},{"$i":"setup-progress-wait-msg","$v":"Наладжванне ўліковага запісу"},{"$i":"setup-sync-progress-wait-msg","$v":"Сінхранізацыя ўліковага запісу"},{"$i":"setup-completed-header","$v":"Віншуем!"},{"$i":"setup-completed-label","$v":"Гатова!"},{"$i":"setup-add-another-account","$v":"Дадаць яшчэ адзін уліковы запіс"},{"$i":"setup-show-mail","$v":"Працягнуць да электроннай пошты"},{"$i":"setup-done-add","$v":"Дадаць уліковы запіс"},{"$i":"setup-error-offline","$v":"Гэта прылада зараз па-за сеткай. Падключыцеся да сеткі і паўтарыце спробу."},{"$i":"setup-error-bad-user-or-pass2","$v":"Няправільнае імя карыстальніка або пароль. Праверце на памылкі друку."},{"$i":"setup-error-bad-address","$v":"Няправільны адрас электроннай пошты. Праверце на памылкі друку."},{"$i":"setup-error-not-authorized","$v":"Згодна серверу вы не маеце права ствараць уліковы запіс"},{"$i":"setup-error-pop-server-not-great","$v":"Сервер не падтрымліваецца. Сервер POP3 не прымяняе патрэбных функцый."},{"$i":"setup-error-unknown2","$v":"Адбылася невядомая памылка. Праверце падключэнне да сеткі або паспрабуйце ручную канфігурацыю."},{"$i":"setup-error-needs-app-pass","$v":"Вы павінны карыстацца спецыяльным паролем для праграмы для двухфактарных уліковых запісаў Gmail"},{"$i":"setup-error-imap-disabled","$v":"Вам трэба ўключыць IMAP для ўліковага запісу Gmail"},{"$i":"setup-error-pop3-disabled","$v":"Вам трэба уключыць POP3 для свайго ўліковага запісу Gmail"},{"$i":"setup-error-bad-security","$v":["Немагчыма стварыць бяспечнае падключэнне з серверам \"",{"t":"idOrVar","v":"server"},"\". Можа існаваць праблема з сеткай або серверам."]},{"$i":"setup-error-unresponsive-server","$v":["Немагчыма ўсталяваць падключэнне да сервера \"",{"t":"idOrVar","v":"server"},"\". Магчыма ёсць праблема з серверам."]},{"$i":"setup-error-server-problem","$v":["Праблема з серверам \"",{"t":"idOrVar","v":"server"},"\". Паўтарыце спробу пазней."]},{"$i":"setup-error-no-config-info","$v":"Немагчыма аўтаматычна сканфігурыраваць ваш уліковы запіс. Выпраўце адрас электроннай пошты або паспрабуйце параметр ручной канфігурацыі."},{"$i":"setup-error-server-maintenance","$v":["Сервер \"",{"t":"idOrVar","v":"server"},"\" адключаны на тэхнічнае абслугоўванне. Паўтарыце спробу пазней."]},{"$i":"setup-error-account-already-exists","$v":"Уліковы запіс ужо сканфігурыраваны."},{"$i":"setup-manual-config2","$v":"Прасунуты"},{"$i":"setup-manual-config-header","$v":"кошт увайсці"},{"$i":"setup-manual-account-type-header","$v":"Тып уліковага запісу"},{"$i":"setup-manual-account-type","$v":"Тып уліковага запісу"},{"$i":"setup-manual-account-type-select","ariaLabel":"Тып уліковага запісу"},{"$i":"setup-manual-imap-header","$v":"Настройкі IMAP"},{"$i":"setup-manual-pop3-header","$v":"Настройкі POP3"},{"$i":"setup-manual-smtp-header","$v":"Настройкі SMTP"},{"$i":"setup-manual-activesync-header","$v":"Настройкі ActiveSync"},{"$i":"setup-manual-next","$v":"Далей"},{"$i":"setup-manual-socket","$v":"Тып сокета"},{"$i":"setup-manual-socket-ssl","$v":"SSL"},{"$i":"setup-manual-socket-starttls","$v":"STARTTLS"},{"$i":"setup-manual-socket-select","ariaLabel":"Бяспека падключэння"},{"$i":"setup-manual-socket-plain","$v":"незашыфравана"},{"$i":"setup-bad-password-header","$v":"Няправільны пароль!"},{"$i":"setup-bad-password","$v":"Немагчыма ўвайсці на сервер. Увядзіце пароль паўторна."},{"$i":"setup-new-password","placeholder":"Новы пароль"},{"$i":"setup-fix-password","$v":"Паўтарыць спробу з новым паролем"},{"$i":"setup-gmail-twofactor-header","$v":"Уключана двухфактарная праверка"},{"$i":"setup-gmail-twofactor-message","$v":"Ніжэй трэба ўвесці пароль для праграмы."},{"$i":"setup-gmail-imap-header","$v":"IMAP адключаны"},{"$i":"setup-gmail-imap-message","$v":"Вам трэба ўключыць IMAP у сваім уліковым запісе Gmail"},{"$i":"setup-gmail-retry","$v":"Паўтарыць спробу"},{"$i":"setup-gmail-pop3-header","$v":"POP3 адключаны"},{"$i":"setup-gmail-pop3-message","$v":"Вам трэба ўключыць POP3 у сваім уліковым запісе Gmail"},{"$i":"setup-fix-oauth2-header","$v":"Паўторна аўтарызаваць электронную пошту"},{"$i":"setup-fix-oauth2-description","$v":"Трэба паўторна аўтарызаваць электронную пошту, каб мець доступ да наступнага ўліковага запісу:"},{"$i":"setup-fix-oauth2-reauthorize","$v":"Паўтарыць аўтарызацыю"},{"$i":"settings-main-header","$v":"Настройкі электроннай пошты"},{"$i":"settings-sub-header-account","$v":"Ул. запіс"},{"$i":"settings-account-group","ariaLabel":"Ул. запіс"},{"$i":"settings-account-name","$v":"Імя"},{"$i":"settings-account-label","$v":"Метка ўліковага запісу"},{"$i":"settings-account-display-notifications","$v":"Паказаць новыя абвяшчэнні электроннай пошты"},{"$i":"settings-account-play-sound-onsend","$v":"Пасля адпраўкі паведамлення прайграваць гук"},{"$i":"settings-account-signature-label","$v":"Подпіс"},{"$i":"settings-sub-header-data","$v":"Даныя"},{"$i":"settings-data-group","ariaLabel":"Даныя"},{"$i":"settings-account-check-mail","$v":"Праверыць новыя паведамленні"},{"$i":"settings-account-check-mail-select","ariaLabel":"Праверыць новыя паведамленні"},{"$i":"settings-sub-header-server","$v":"Настройкі сервера"},{"$i":"settings-server-group","ariaLabel":"Настройкі сервера"},{"$i":"settings-account-userpass","$v":"Імя карыстальніка і пароль"},{"$i":"settings-account-useroauth2","$v":"Імя карыстальніка"},{"$i":"settings-default-signature-2","$v":"Адпраўлена з майго тэлефона"},{"$i":"settings-done","$v":"Гатова"},{"$i":"settings-account-section","$v":"Уліковыя запісы"},{"$i":"settings-account-listbox","ariaLabel":"Уліковыя запісы"},{"$i":"settings-account-add","$v":"Дадаць"},{"$i":"settings-account-delete","$v":"Выдаліць уліковы запіс"},{"$i":"settings-account-delete-prompt","$v":["Сапраўды выдаліць уліковы запіс электроннай пошты ",{"t":"idOrVar","v":"account"},"?"]},{"$i":"settings-account-delete-desc","$v":"Трэба спампаваць электронную пошту зноў, калі вы паўтараеце стварэнне ўліковага запісу."},{"$i":"settings-account-delete-cancel","$v":"Скасаваць"},{"$i":"settings-account-delete-confirm","$v":"Выдаліць"},{"$i":"settings-account-clarify","$v":[{"t":"idOrVar","v":"account-name"}]},{"$i":"settings-account-clarify-imap","$v":[{"t":"idOrVar","v":"account-name"}," (IMAP)"]},{"$i":"settings-account-clarify-pop3","$v":[{"t":"idOrVar","v":"account-name"}," (POP3)"]},{"$i":"settings-account-clarify-smtp","$v":[{"t":"idOrVar","v":"account-name"}," (SMTP)"]},{"$i":"settings-general-section","$v":"Агульныя настройкі"},{"$i":"settings-show-images","$v":"Заўсёды паказваць відарысы"},{"$i":"settings-download-attachments","$v":"Спампаваць далучэнні"},{"$i":"settings-check-every-5min","$v":"Кожныя 5 хвілін"},{"$i":"settings-check-every-10min","$v":"Кожныя 10 хвілін"},{"$i":"settings-check-every-15min","$v":"Кожныя 15 хвілін"},{"$i":"settings-check-every-30min","$v":"Кожныя 30 хвілін"},{"$i":"settings-check-every-60min","$v":"Кожную гадзіну"},{"$i":"settings-check-every-manual","$v":"Уручную"},{"$i":"settings-check-dynamic","$v":{"few":[{"t":"idOrVar","v":"n"}," сек"],"many":[{"t":"idOrVar","v":"n"}," сек"],"one":[{"t":"idOrVar","v":"n"}," сек"],"other":[{"t":"idOrVar","v":"n"}," сек"],"two":[{"t":"idOrVar","v":"n"}," сек"],"zero":"адключана"},"$x":[{"t":"idOrVar","v":"plural"},"n"]},{"$i":"settings-default-account","$v":"Наладзіць у якасці стандартнай электроннай пошты"},{"$i":"settings-account-type","$v":"Тып уліковага запісу"},{"$i":"settings-account-credentials","$v":"Уліковыя даныя"},{"$i":"settings-activesync-label","$v":"Настройкі ActiveSync"},{"$i":"settings-imap-label","$v":"Настройкі IMAP"},{"$i":"settings-pop3-label","$v":"Настройкі POP3"},{"$i":"settings-smtp-label","$v":"Настройкі SMTP"},{"$i":"settings-hostname","$v":"Імя вузла"},{"$i":"settings-port","$v":"Порт"},{"$i":"settings-username","$v":"Імя карыстальніка"},{"$i":"settings-password","$v":"Пароль"},{"$i":"settings-save","$v":"Захаваць"},{"$i":"password-saved","$v":"Пароль захаваны."},{"$i":"settings-reauth","$v":"Паўтарыць аўтарызацыю"},{"$i":"settings-account-synchronize-window","$v":"Дзён да сінхранізацыі"},{"$i":"settings-account-synchronize-window-select","ariaLabel":"Дзён да сінхранізацыі"},{"$i":"settings-synchronize-auto","$v":"Аўтаматычна"},{"$i":"settings-synchronize-one-day","$v":"1 дзень"},{"$i":"settings-synchronize-three-days","$v":"3 дні"},{"$i":"settings-synchronize-one-week","$v":"1 тыдзень"},{"$i":"settings-synchronize-two-weeks","$v":"2 тыдні"},{"$i":"settings-synchronize-one-month","$v":"1 месяц"},{"$i":"settings-synchronize-all","$v":"Усе паведамленні"},{"$i":"envelope-from","$v":"Ад"},{"$i":"envelope-to","$v":"Каму"},{"$i":"envelope-cc","$v":"Копіі"},{"$i":"envelope-bcc","$v":"Схаваныя копіі"},{"$i":"message-header-state-sending","ariaLabel":"Адпраўляецца"},{"$i":"message-header-state-error","ariaLabel":"Памылка адпраўкі"},{"$i":"message-header-unread","ariaLabel":"Непрачытанае"},{"$i":"message-header-reply","ariaLabel":"Адказаць"},{"$i":"message-header-forward","ariaLabel":"Пераслаць"},{"$i":"message-header-starred","ariaLabel":"Пазначана"},{"$i":"message-header-attachments","ariaLabel":"З далучэннямі"},{"$i":"message-body-container","ariaLabel":"Тэкст паведамлення"},{"$i":"message-body-container-progress","ariaValueText":"Загружаецца"},{"$i":"subject","ariaLabel":"Тэма"},{"$i":"attachments-container","ariaLabel":"Далучэнні"},{"$i":"from-group","ariaLabel":"Ад"},{"$i":"to-group","ariaLabel":"Каму"},{"$i":"cc-group","ariaLabel":"Копіі"},{"$i":"bcc-group","ariaLabel":"Схаваныя копіі"},{"$i":"compose-header","$v":"Скласці паведамленне"},{"$i":"compose-header-short","$v":"Скласці"},{"$i":"compose-send","$v":"Адправіць"},{"$i":"compose-send-button","ariaLabel":"Адправіць"},{"$i":"compose-to","$v":"Каму"},{"$i":"compose-cc","$v":"Копіі"},{"$i":"compose-bcc","$v":"Схаваныя копіі"},{"$i":"compose-cc-remove","$v":"Спіс копій выдалены."},{"$i":"compose-bcc-remove","$v":"Спіс схаваных копій выдалены."},{"$i":"compose-contact-add","ariaLabel":"Дадаць кантакт"},{"$i":"compose-attachments","$v":{"few":["Далучэнні (",{"t":"idOrVar","v":"n"},")"],"many":["Далучэнні (",{"t":"idOrVar","v":"n"},")"],"one":["Далучэнне (",{"t":"idOrVar","v":"n"},")"],"other":["Далучэнні (",{"t":"idOrVar","v":"n"},")"],"two":["Далучэнні (",{"t":"idOrVar","v":"n"},")"],"zero":"Далучэнне"},"$x":[{"t":"idOrVar","v":"plural"},"n"]},{"$i":"compose-text","ariaLabel":"Рэдагаваць"},{"$i":"compose-attachment-still-working","$v":"Хвіліначку, пакуль працуем з папярэднім далучэннем..."},{"$i":"compose-attachment-loading","$v":"Загрузка ўкладанні ..."},{"$i":"compose-attachments-loading","$v":"Загрузка укладанняў ..."},{"$i":"compose-forward-attachment-error-title","$v":"Памылка спампав."},{"$i":"compose-forward-attachment-error-title2","$v":"Памылка"},{"$i":"compose-forward-attachment-unable-load","$v":"Не ўдаецца загрузіць прымацаванне."},{"$i":"compose-forward-attachments-unable-load","$v":"Не ўдаецца загрузіць прымацаванні."},{"$i":"compose-forward-attachment-load-error","$v":"Некаторыя прымацаванні не ўдалося загрузіць."},{"$i":"confirmation-title","$v":"Пацверджанне"},{"$i":"compose-subject","$v":"Тэма"},{"$i":"compose-draft-save","$v":"Захаваць у мясцовыя чарнавікі?"},{"$i":"compose-discard-confirm","$v":"Скінуць"},{"$i":"compose-draft-dialog-cancel","$v":"Скасаваць"},{"$i":"compose-draft-dialog-save","$v":"Захаваць"},{"$i":"composer-draft-saved","$v":"Паведамленне захавана ў мясцовых чарнавіках"},{"$i":"attention","$v":"Увага"},{"$i":"compose-send-message-failed","$v":"Памылка адпраўкі электроннага ліста"},{"$i":"compose-attchment-size-exceeded","$v":"Вылучанае далучэнне надта вялікае, каб адправіць яго з гэтым паведамленнем."},{"$i":"compose-attchments-size-exceeded","$v":"Вылучаныя далучэнні надта вялікія, каб адаправіць іх з гэтым паведамленнем. Выберыце менш файлаў."},{"$i":"composer-attachment-large-title","$v":"Файл надта вялікі"},{"$i":"default-attachment-filename","$v":["далучэнне",{"t":"idOrVar","v":"n"}]},{"$i":"attachment-size-meb","$v":[{"t":"idOrVar","v":"megabytes"}," МБ"]},{"$i":"attachment-size-kib","$v":[{"t":"idOrVar","v":"kilobytes"}," КБ"]},{"$i":"attachment-size-byte","$v":[{"t":"idOrVar","v":"bytes"}," Б"]},{"$i":"message-attachment-view","$v":"Праглядзець"},{"$i":"message-attachment-did-not-open-label","$v":"Немагчыма адкрыць"},{"$i":"message-attachment-did-not-open-body","$v":"На прыладзе няма праграмы, якая адкрывае гэта далучэнне."},{"$i":"message-attachment-too-large","$v":"Файл надта вялікі для спампавання."},{"$i":"message-attachment-not-found","$v":"Немагчыма знайсці файл далучэння. Магчыма, ён быў выдалены."},{"$i":"message-attachment-download-fail","$v":[{"t":"idOrVar","v":"fileName"}," -Памылка спампав."]},{"$i":"message-no-subject","$v":"(без тэмы)"},{"$i":"message-edit-menu-edit","$v":"Рэдагаваць"},{"$i":"message-edit-menu-delete","$v":"Выдаліць"},{"$i":"message-edit-delete-confirm","$v":"Выдаліць паведамленне электроннай пошты?"},{"$i":"message-forward-attachment-title","$v":"Далучэнне"},{"$i":"message-forward-attachment","$v":"Таксама пераслаць прымацаванне?"},{"$i":"message-forward-attachments","$v":"Таксама пераслаць прымацаванні?"},{"$i":"message-multiedit-header","$v":{"few":[{"t":"idOrVar","v":"n"}," выбрана"],"many":[{"t":"idOrVar","v":"n"}," выбрана"],"one":[{"t":"idOrVar","v":"n"}," выбрана"],"other":[{"t":"idOrVar","v":"n"}," выбрана"],"two":[{"t":"idOrVar","v":"n"}," выбрана"],"zero":[{"t":"idOrVar","v":"n"}," выбрана"]},"$x":[{"t":"idOrVar","v":"plural"},"n"]},{"$i":"message-multiedit-search-header","$v":{"few":[{"t":"idOrVar","v":"n"}," выбрана"],"many":[{"t":"idOrVar","v":"n"}," выбрана"],"one":[{"t":"idOrVar","v":"n"}," выбрана"],"other":[{"t":"idOrVar","v":"n"}," выбрана"],"two":[{"t":"idOrVar","v":"n"}," выбрана"],"zero":"0 выбрана"},"$x":[{"t":"idOrVar","v":"plural"},"n"]},{"$i":"browse-to-url-prompt","$v":["Праглядзець да URL-адраса: ",{"t":"idOrVar","v":"url"},"?"]},{"$i":"message-download-images-tap","$v":{"few":["Гэты электронны ліст утрымлівае відарысы (",{"t":"idOrVar","v":"n"},"). Націсніце, каб спампаваць."],"many":["Гэты электронны ліст утрымлівае відарысы (",{"t":"idOrVar","v":"n"},"). Націсніце, каб спампаваць."],"one":"Гэты электронны ліст утрымлівае адзін відарыс. Націсніце, каб спампаваць.","other":["Гэты электронны ліст утрымлівае відарысы (",{"t":"idOrVar","v":"n"},"). Націсніце, каб спампаваць."],"two":["Гэты электронны ліст утрымлівае відарысы (",{"t":"idOrVar","v":"n"},"). Націсніце, каб спампаваць."]},"$x":[{"t":"idOrVar","v":"plural"},"n"]},{"$i":"message-show-external-images","$v":"Паказаць знешнія відарысы"},{"$i":"message-delete-cancel","$v":"Скасаваць"},{"$i":"message-multiedit-delete-confirm","$v":{"few":["Выдаліць паведамленні: ",{"t":"idOrVar","v":"n"},"?"],"many":["Выдаліць паведамленні: ",{"t":"idOrVar","v":"n"},"?"],"one":"Выдаліць выбранае паведамленне?","other":["Выдаліць паведамленні: ",{"t":"idOrVar","v":"n"},"?"],"two":["Выдаліць паведамленні: ",{"t":"idOrVar","v":"n"},"?"]},"$x":[{"t":"idOrVar","v":"plural"},"n"]},{"$i":"message-large-message-cancel","$v":"Скасаваць"},{"$i":"message-large-message-ok","$v":"Працягнуць"},{"$i":"message-large-message-confirm","$v":"Гэта паведамленне вялікае і яго спампоўка зойме пэўны час."},{"$i":"message-large-message-warning","$v":"Паведамленне надта вялікае для загрузкі."},{"$i":"message-search-header","$v":"Пошук"},{"$i":"search-result","$v":["Знойдзена супадзенняў: ",{"t":"idOrVar","v":"num"}]},{"$i":"message-search-from","$v":"Ад"},{"$i":"message-search-to","$v":"Каму"},{"$i":"message-search-subject","$v":"Тэма"},{"$i":"message-search-body","$v":"Тэкст"},{"$i":"message-search-all","$v":"Усе"},{"$i":"message-search-input","placeholder":"Шукаць у электроннай пошце"},{"$i":"message-search-cancel","$v":"Скасаваць"},{"$i":"messages-syncing","$v":"Загрузка паведамленняў"},{"$i":"messages-syncing-progressbar","ariaValueText":"Загрузка паведамленняў"},{"$i":"messages-load-more","$v":"Загрузіць больш паведамленняў"},{"$i":"messages-folder-empty","$v":"Няма электронных лістоў у гэтай папцы"},{"$i":"messages-search-empty","$v":"Няма супадзенняў у мясцовых кэшыраваных паведамленнях"},{"$i":"messages-folder-select","$v":"Перамясціць у папку"},{"$i":"messages-folder-unread-max","$v":"999+"},{"$i":"message-contact-menu-create","$v":"Захаваць новы кантакт"},{"$i":"message-contact-menu-add-existing","$v":"Дад. да існ. кант."},{"$i":"message-contact-menu-view","$v":"Праглядзець кантакт"},{"$i":"message-contact-menu-reply","$v":"Адказаць"},{"$i":"message-contact-menu-new","$v":"Адправіць новы электронны ліст"},{"$i":"message-reply-menu-reply","$v":"Адказаць"},{"$i":"message-reply-menu-reply-all","$v":"Адказаць усім"},{"$i":"message-reply-menu-forward","$v":"Пераслаць"},{"$i":"message-reply-menu-cancel","$v":"Скасаваць"},{"$i":"reply-quoting-wrote","$v":"Напісаў карыстальнік {name}"},{"$i":"forward-original-message","$v":"Першаснае паведамленне"},{"$i":"forward-header-subject","$v":"Тэма"},{"$i":"forward-header-date","$v":"Дата"},{"$i":"forward-header-from","$v":"Ад"},{"$i":"forward-header-reply-to","$v":"Адказаць"},{"$i":"forward-header-to","$v":"Каму"},{"$i":"forward-header-cc","$v":"Копіі"},{"$i":"folder-inbox","$v":"Уваходныя"},{"$i":"folder-sent","$v":"Адпраўленыя"},{"$i":"folder-drafts","$v":"Чарнавікі"},{"$i":"folder-trash","$v":"Выдаленыя"},{"$i":"folder-queue","$v":"Неадпраўленыя"},{"$i":"folder-junk","$v":"Непажаданае"},{"$i":"folder-archives","$v":"Архівы"},{"$i":"folder-localdrafts","$v":"Мясцовыя чарнавікі"},{"$i":"folder-outbox","$v":"Выходныя"},{"$i":"drawer-back","$v":"Назад"},{"$i":"drawer-accounts-header","$v":"Уліковыя запісы"},{"$i":"drawer-settings-link","$v":"Настройкі"},{"$i":"folder-last-synced-label","$v":"Апошняя сінхранізацыя:"},{"$i":"messages-refresh-progress","ariaValueText":"Абнаўляецца"},{"$i":"no-internet-connection","$v":"Няма падключэння да інтэрнэту"},{"$i":"toaster-undo","$v":"Адрабіць"},{"$i":"toaster-message-star","$v":{"few":["Паведамленні пазначаны: ",{"t":"idOrVar","v":"n"}],"many":["Паведамленні пазначаны: ",{"t":"idOrVar","v":"n"}],"one":"Паведамленне пазначана","other":["Паведамленні пазначаны: ",{"t":"idOrVar","v":"n"}],"two":["Паведамленні пазначаны: ",{"t":"idOrVar","v":"n"}]},"$x":[{"t":"idOrVar","v":"plural"},"n"]},{"$i":"toaster-message-unstar","$v":{"few":["Пазначэнні паведамленняў выдалены: ",{"t":"idOrVar","v":"n"}],"many":["Пазначэнні паведамленняў выдалены: ",{"t":"idOrVar","v":"n"}],"one":"Пазначэнне паведамлення выдалена","other":["Пазначэнні паведамленняў выдалены: ",{"t":"idOrVar","v":"n"}],"two":["Пазначэнні паведамленняў выдалены: ",{"t":"idOrVar","v":"n"}]},"$x":[{"t":"idOrVar","v":"plural"},"n"]},{"$i":"toaster-message-read","$v":{"few":["Паведамленні пазначаны як прачытаныя: ",{"t":"idOrVar","v":"n"}],"many":["Паведамленні пазначаны як прачытаныя: ",{"t":"idOrVar","v":"n"}],"one":"Паведамленне пазначана як прачытанае","other":["Паведамленні пазначаны як прачытаныя: ",{"t":"idOrVar","v":"n"}],"two":["Паведамленні пазначаны як прачытаныя: ",{"t":"idOrVar","v":"n"}]},"$x":[{"t":"idOrVar","v":"plural"},"n"]},{"$i":"toaster-message-unread","$v":{"few":["Паведамленні пазначаны як непрачытаныя: ",{"t":"idOrVar","v":"n"}],"many":["Паведамленні пазначаны як непрачытаныя: ",{"t":"idOrVar","v":"n"}],"one":"Паведамленне пазначана як непрачытанае","other":["Паведамленні пазначаны як непрачытаныя: ",{"t":"idOrVar","v":"n"}],"two":["Паведамленні пазначаны як непрачытаныя: ",{"t":"idOrVar","v":"n"}]},"$x":[{"t":"idOrVar","v":"plural"},"n"]},{"$i":"toaster-message-move","$v":{"few":["Паведамленні (",{"t":"idOrVar","v":"n"},") перамешчаны ў папку:"],"many":["Паведамленні (",{"t":"idOrVar","v":"n"},") перамешчаны ў папку:"],"one":"Паведамленне перамешчана ў папку:","other":["Паведамленні (",{"t":"idOrVar","v":"n"},") перамешчаны ў папку:"],"two":["Паведамленні (",{"t":"idOrVar","v":"n"},") перамешчаны ў папку:"]},"$x":[{"t":"idOrVar","v":"plural"},"n"]},{"$i":"toaster-message-delete","$v":{"few":["Выдалена электронных лістоў: ",{"t":"idOrVar","v":"n"}],"many":["Выдалена электронных лістоў: ",{"t":"idOrVar","v":"n"}],"one":"Выдалены 1 электронный ліст","other":["Выдалена электронных лістоў: ",{"t":"idOrVar","v":"n"}],"two":["Выдалена электронных лістоў: ",{"t":"idOrVar","v":"n"}]},"$x":[{"t":"idOrVar","v":"plural"},"n"]},{"$i":"toaster-sync-failed","$v":"Не ўдаецца падключ. да сервера."},{"$i":"compose-invalid-addresses-title","$v":"Няправільныя адрасы"},{"$i":"compose-invalid-addresses-description","$v":"Ваша паведамленне ўтрымлівае адзін або больш няправільных адрасоў электроннай пошты. Перш чым адпраўляць, выпраўце іх."},{"$i":"background-send-pending","$v":"Сетка не даступна. Электронны ліст захаваны ў папцы \"Выходныя\"."},{"$i":"background-send-sending","$v":"Адпраўка электроннага ліста…"},{"$i":"background-send-success","$v":"Электронны ліст адпраўлены."},{"$i":"background-send-error","$v":"Адбылася памылка. Электронны ліст захаваны ў папцы \"Выходныя\"."},{"$i":"background-send-error-recipients","$v":"Памылка атрымальніка. Электронны ліст захаваны ў папцы \"Выходныя\"."},{"$i":"background-send-error-title","$v":"Электронны ліст не адпраўлены"},{"$i":"send-failure-recipients","$v":"Праверце напісанне адрасоў вышэй. Ваш сервер электроннай пошты вызначыў адзін або некалькі адрасоў вышэй як няправільныя."},{"$i":"send-failure-unknown","$v":"Паведамленне немагчыма адправіць."},{"$i":"form-clear-input","$v":"Выдаліць тэкст"},{"$i":"confirm-dialog-title","$v":"Пацверджанне"},{"$i":"confirm-dialog-ok","$v":"ОК"},{"$i":"msg-display-subject","$v":"Тэма"},{"$i":"msg-reader-display-attachments","$v":"Далучэнні"},{"$i":"msg-reader-display-attachment","$v":"Далучэнне"},{"$i":"msg-reader-download-external-images","$v":["Спампаваць знешнія відарысы (",{"t":"idOrVar","v":"n"}," МБ)"]},{"$i":"msg-reader-sender-header","$v":"Ад"},{"$i":"msg-reader-recipients-header","$v":"Атрымальнікі"},{"$i":"msg-reader-cc-header","$v":"Копіі"},{"$i":"msg-reader-bcc-header","$v":"Схаваныя копіі"},{"$i":"msg-reader-message-flagged","$v":"Паведамленне пазначана"},{"$i":"msg-reader-flag-removed","$v":"Пазначэнне знята"},{"$i":"external-image-downloading","$v":"Спампоўваецца..."},{"$i":"senders-separation-sign","$v":", "},{"$i":"new-messages","$v":{"few":["Новыя паведамленні: ",{"t":"idOrVar","v":"n"}],"many":["Новыя паведамленні: ",{"t":"idOrVar","v":"n"}],"one":"1 новае паведамленне","other":["Новыя паведамленні: ",{"t":"idOrVar","v":"n"}],"two":["Новыя паведамленні: ",{"t":"idOrVar","v":"n"}]},"$x":[{"t":"idOrVar","v":"plural"},"n"]},{"$i":"new-emails-notify-one-account","$v":{"few":["Новыя электронныя лісты: ",{"t":"idOrVar","v":"n"}],"many":["Новыя электронныя лісты: ",{"t":"idOrVar","v":"n"}],"one":"1 новы электронны ліст","other":["Новыя электронныя лісты: ",{"t":"idOrVar","v":"n"}],"two":["Новыя электронныя лісты: ",{"t":"idOrVar","v":"n"}]},"$x":[{"t":"idOrVar","v":"plural"},"n"]},{"$i":"new-emails-notify-multiple-accounts","$v":{"few":["Новыя электронныя лісты (",{"t":"idOrVar","v":"accountName"},"): ",{"t":"idOrVar","v":"n"}],"many":["Новыя электронныя лісты (",{"t":"idOrVar","v":"accountName"},"): ",{"t":"idOrVar","v":"n"}],"one":["1 новы электронны ліст (",{"t":"idOrVar","v":"accountName"},")"],"other":["Новыя электронныя лісты (",{"t":"idOrVar","v":"accountName"},"): ",{"t":"idOrVar","v":"n"}],"two":["Новыя электронныя лісты (",{"t":"idOrVar","v":"accountName"},"): ",{"t":"idOrVar","v":"n"}]},"$x":[{"t":"idOrVar","v":"plural"},"n"]},{"$i":"new-emails-notify-multiple-accounts-body","$v":[{"t":"idOrVar","v":"from"}," \"",{"t":"idOrVar","v":"subject"}]},{"$i":"tng-plain-socket-warning-title","$v":"Вы ўпэўнены?"},{"$i":"tng-plain-socket-warning-message","$v":"Іншыя людзі могуць мець магчымасць бачыць вашы паролі і электронныя лісты або кантраліраваць ваш уліковы запіс."},{"$i":"tng-plain-socket-warning-message-options","$v":"Ёсць шмат аператараў бясплатнай электроннай пошты, якія прапануюць больш бяспечнае, зашыфраванае падключэнне."},{"$i":"tng-plain-socket-warning-ok","$v":"Зразумела"},{"$i":"message-reader-date-received","ariaLabel":"Прынятыя"},{"$i":"sort-by-title","$v":"Сарт. паводле"},{"$i":"sort-by-date","$v":"Дата"},{"$i":"sort-by-from","$v":"Ад"},{"$i":"sort-by-to","$v":"Каму"},{"$i":"sort-by-subject","$v":"Тэма"},{"$i":"softkey-options","$v":"Параметры"},{"$i":"opt-compose","$v":"Скласці"},{"$i":"opt-reply","$v":"Адказаць"},{"$i":"opt-reply-all","$v":"Адказаць усім"},{"$i":"opt-forward","$v":"Пераслаць"},{"$i":"opt-mark-read","$v":"Пазначыць як прачытанае"},{"$i":"opt-mark-unread","$v":"Пазначыць як не прачытанае"},{"$i":"opt-add-flag","$v":"Пазначыць"},{"$i":"opt-remove-flag","$v":"Зняць пазначэнне"},{"$i":"opt-move-message","$v":"Перамясціць у папку"},{"$i":"opt-delete-message","$v":"Выдаліць"},{"$i":"opt-multi-select","$v":"Выбраць некалькі"},{"$i":"opt-search","$v":"Пошук"},{"$i":"opt-folders","$v":"Прагляд папак"},{"$i":"opt-sort","$v":"Сартаваць"},{"$i":"opt-sync","$v":"Сінхранізаваць"},{"$i":"opt-account","$v":"Памяняць уліковы запіс"},{"$i":"opt-settings","$v":"Настройкі"},{"$i":"opt-edit","$v":"Рэдагаваць"},{"$i":"opt-cancel","$v":"Скасаваць"},{"$i":"opt-save","$v":"Захаваць"},{"$i":"opt-move","$v":"Перамясціць"},{"$i":"opt-view","$v":"Праглядзець"},{"$i":"opt-empty-trash","$v":"Ачысціць кошык"},{"$i":"opt-call-number","$v":"Выклік"},{"$i":"opt-compose-mail","$v":"Скласці"},{"$i":"opt-open-url","$v":"Адкрыць"},{"$i":"select-option-on","$v":"Укл"},{"$i":"select-option-off","$v":"Выкл"},{"$i":"select-option-imap-smtp","$v":"IMAP+SMTP"},{"$i":"select-option-pop3-smtp","$v":"POP3+SMTP"},{"$i":"select-option-activesync","$v":"ActiveSync"},{"$i":"toaster-switch-account","$v":"Уліковы запіс электроннай пошты пераключаны на:"},{"$i":"toaster-sorted-by","$v":"Паведамленне адсартавана паводле"},{"$i":"cmp-reply","$v":"Адказаць"},{"$i":"cmp-reply-all","$v":"Адказаць усім"},{"$i":"cmp-forward","$v":"Пераадрасаваць паведамленне"},{"$i":"cmp-remove-attach","$v":"Далучэнне выдалена"},{"$i":"select","$v":"Выбраць"},{"$i":"deselect","$v":"Адмяніць выбар"},{"$i":"cancel","$v":"Скасаваць"},{"$i":"enter","$v":"Увод"},{"$i":"remove-attachment","$v":"Выдаліць далучэнне"},{"$i":"replace-attachment","$v":"Выдаліць далучэнне"},{"$i":"add-attachment","$v":"Дадаць далучэнне"},{"$i":"add-contact","$v":"Дадаць кантакт"},{"$i":"add-cc","$v":"Паказаць копіі"},{"$i":"remove-cc","$v":"Выдаліць копіі"},{"$i":"add-bcc","$v":"Паказаць схаваныя копіі"},{"$i":"remove-bcc","$v":"Выдаліць схаваныя"},{"$i":"attachment-download","$v":"Спампаваць"},{"$i":"attachment-share","$v":"Абагуліць"},{"$i":"send-new-mail","$v":"Адправіць новы электронны ліст"},{"$i":"view-contact","$v":"Праглядзець кантакт"},{"$i":"save-new-contact","$v":"Захаваць новы кантакт"},{"$i":"add-to-exsiting-contact","$v":"Дад. да існ. кант."},{"$i":"no","$v":"Не"},{"$i":"yes","$v":"Так"},{"$i":"retry","$v":"Паўтарыць спробу"},{"$i":"empty","$v":"Пуста"},{"$i":"empty-trash-confirm","$v":"Ачысціць кошык?"},{"$i":"trash-emptied","$v":"Кошык ачышчаны"},{"$i":"next","$v":"Далей"},{"$i":"welcome-header","$v":"Электронная пошта"},{"$i":"welcome-msg","$v":"Вітаем у электроннай пошце."},{"$i":"welcome-msg-setup","$v":"Націсніце \"Далей\", каб наладзіць уліковы запіс электроннай пошты."},{"$i":"discard","$v":"Скінуць"},{"$i":"leave-this-page-warning-message","$v":"Выдаліць інфармацыю аб уліковым запісе электроннай пошты?"},{"$i":"finish","$v":"Завершыць"},{"$i":"setup-done-msg","$v":"Вы паспяхова ўвайшлі. Хочаце дадаць яшчэ адзін уліковы запіс?"},{"$i":"save-as-draft","$v":"Захаваць як чарнавік"},{"$i":"show-password","$v":"Паказаць пароль"},{"$i":"account-label","$v":"Метка ўліковага запісу"},{"$i":"folders","$v":"Папкі"},{"$i":"security","$v":"Бяспека"},{"$i":"port-number","$v":"Нумар порта"},{"$i":"domain-username","$v":"Дамен\\імя карыстальніка"},{"$i":"synchronizing","$v":"Сінхранізацыя..."},{"$i":"browse-mail","$v":"Праглядаць электронную пошту"},{"$i":"never-sync","$v":"Немагчыма сінхранізаваць мясцовую папку"},{"$i":"emptyDownloadFile","$v":"Немагчыма спампаваць гэты файл, магчыма, ён пусты"},{"$i":"sync","$v":"Сінхранізацыя"},{"$i":"outbox-unsent-label","$v":{"few":["Неадпраўленых паведамленняў у папцы \"Выходныя\": ",{"t":"idOrVar","v":"n"}],"many":["Неадпраўленых паведамленняў у папцы \"Выходныя\": ",{"t":"idOrVar","v":"n"}],"one":"1 неадпраўленае паведамленне ў папцы \"Выходныя","other":["Неадпраўленых паведамленняў у папцы \"Выходныя\": ",{"t":"idOrVar","v":"n"}],"two":"2 неадпраўленыя паведамленні ў папцы \"Выходныя"},"$x":[{"t":"idOrVar","v":"plural"},"n"]},{"$i":"storage-full-title","$v":"Сховішча поўнае"},{"$i":"storage-full-warning","$v":"Можаце выдаліць некаторыя медыяфайлы або даныя кіравання праграмай, каб атрымаць больш вольнага месца."},{"$i":"storage-full","$v":"Сховішча тэлефона поўнае."},{"$i":"storage-sdcard-full","$v":"SD-карта поўная."},{"$i":"view-address","$v":"Прагляд адраса"},{"$i":"mail-address-title","$v":"Паштовы адрас"},{"$i":"mail-address","$v":[{"t":"idOrVar","v":"address"}]},{"$i":"value-name","$v":[{"t":"idOrVar","v":"name"}]},{"$i":"account-deleted","$v":"Акаўнт выдалены."},{"$i":"account-reEnable","$v":"Уліковы запіс ужо існуе. Сінхранізаваць электронную пошту ўліковага запісу?"},{"$i":"setup-account-usedInfo","$v":"Гэты ўліковы запіс будзе выкарыстоўвацца праграмамі, што пададзены ніжэй. Гэта можна змяніць, перайшоўшы ў \"Налады>Уліковы запіс\"."},{"$i":"setup-account-settingsInfo","$v":"Кожная праграма мае розныя стандартныя інтэрвалы сінхранізацыі, праверце ў настройках праграмы."},{"$i":"app-calendar","$v":"Каляндар"},{"$i":"app-contacts","$v":"Кантакты"},{"$i":"app-email","$v":"Электронная пошта"},{"$i":"weekday-0-long","$v":"Нядзеля"},{"$i":"weekday-1-long","$v":"Панядзелак"},{"$i":"weekday-2-long","$v":"Аўторак"},{"$i":"weekday-3-long","$v":"Серада"},{"$i":"weekday-4-long","$v":"Чацвер"},{"$i":"weekday-5-long","$v":"Пятніца"},{"$i":"weekday-6-long","$v":"Субота"},{"$i":"weekday-0-short","$v":"Нядз"},{"$i":"weekday-1-short","$v":"Пан"},{"$i":"weekday-2-short","$v":"Аўт"},{"$i":"weekday-3-short","$v":"Сер"},{"$i":"weekday-4-short","$v":"Чацв"},{"$i":"weekday-5-short","$v":"Пят"},{"$i":"weekday-6-short","$v":"Суб"},{"$i":"month-0-long","$v":"Студзень"},{"$i":"month-1-long","$v":"Люты"},{"$i":"month-2-long","$v":"Сакавік"},{"$i":"month-3-long","$v":"Красавік"},{"$i":"month-4-long","$v":"Май"},{"$i":"month-5-long","$v":"Чэрвень"},{"$i":"month-6-long","$v":"Ліпень"},{"$i":"month-7-long","$v":"Жнівень"},{"$i":"month-8-long","$v":"Верасень"},{"$i":"month-9-long","$v":"Кастрычнік"},{"$i":"month-10-long","$v":"Лістапад"},{"$i":"month-11-long","$v":"Снежань"},{"$i":"month-0-genitive","$v":"Студзень"},{"$i":"month-1-genitive","$v":"Люты"},{"$i":"month-2-genitive","$v":"Сакавік"},{"$i":"month-3-genitive","$v":"Красавік"},{"$i":"month-4-genitive","$v":"Май"},{"$i":"month-5-genitive","$v":"Чэрвень"},{"$i":"month-6-genitive","$v":"Ліпень"},{"$i":"month-7-genitive","$v":"Жнівень"},{"$i":"month-8-genitive","$v":"Верасень"},{"$i":"month-9-genitive","$v":"Кастрычнік"},{"$i":"month-10-genitive","$v":"Лістапад"},{"$i":"month-11-genitive","$v":"Снежань"},{"$i":"month-0-short","$v":"Сту"},{"$i":"month-1-short","$v":"Лют"},{"$i":"month-2-short","$v":"Сак"},{"$i":"month-3-short","$v":"Кра"},{"$i":"month-4-short","$v":"Май"},{"$i":"month-5-short","$v":"Чэр"},{"$i":"month-6-short","$v":"Ліп"},{"$i":"month-7-short","$v":"Жні"},{"$i":"month-8-short","$v":"Вер"},{"$i":"month-9-short","$v":"Кас"},{"$i":"month-10-short","$v":"Ліс"},{"$i":"month-11-short","$v":"Снж"},{"$i":"minutes-ago-long","$v":{"few":["Хвілін таму: ",{"t":"idOrVar","v":"value"}],"many":["Хвілін таму: ",{"t":"idOrVar","v":"value"}],"one":"хвіліну таму","other":["Хвілін таму: ",{"t":"idOrVar","v":"value"}],"two":["Хвілін таму: ",{"t":"idOrVar","v":"value"}],"zero":"толькі цяпер"},"$x":[{"t":"idOrVar","v":"plural"},"n"]},{"$i":"hours-ago-long","$v":{"few":["Гадзін таму: ",{"t":"idOrVar","v":"value"}],"many":["Гадзін таму: ",{"t":"idOrVar","v":"value"}],"one":"гадзіну таму","other":["Гадзін таму: ",{"t":"idOrVar","v":"value"}],"two":["Гадзін таму: ",{"t":"idOrVar","v":"value"}],"zero":"толькі цяпер"},"$x":[{"t":"idOrVar","v":"plural"},"n"]},{"$i":"days-ago-long","$v":{"few":["Дзён таму: ",{"t":"idOrVar","v":"value"}],"many":["Дзён таму: ",{"t":"idOrVar","v":"value"}],"one":"учора","other":["Дзён таму: ",{"t":"idOrVar","v":"value"}],"two":["Дзён таму: ",{"t":"idOrVar","v":"value"}],"zero":"сёння"},"$x":[{"t":"idOrVar","v":"plural"},"n"]},{"$i":"weeks-ago-long","$v":{"few":["Тыдняў таму: ",{"t":"idOrVar","v":"value"}],"many":["Тыдняў таму: ",{"t":"idOrVar","v":"value"}],"one":"на мінулым тыдні","other":["Тыдняў таму: ",{"t":"idOrVar","v":"value"}],"two":["Тыдняў таму: ",{"t":"idOrVar","v":"value"}],"zero":"на гэтым тыдні"},"$x":[{"t":"idOrVar","v":"plural"},"n"]},{"$i":"months-ago-long","$v":{"few":["Месяцаў таму: ",{"t":"idOrVar","v":"value"}],"many":["Месяцаў таму: ",{"t":"idOrVar","v":"value"}],"one":"у мінулым месяцы","other":["Месяцаў таму: ",{"t":"idOrVar","v":"value"}],"two":["Месяцаў таму: ",{"t":"idOrVar","v":"value"}],"zero":"у гэтым месяцы"},"$x":[{"t":"idOrVar","v":"plural"},"n"]},{"$i":"years-ago-long","$v":{"few":["Гадоў таму: ",{"t":"idOrVar","v":"value"}],"many":["Гадоў таму: ",{"t":"idOrVar","v":"value"}],"one":"у мінулым годзе","other":["Гадоў таму: ",{"t":"idOrVar","v":"value"}],"two":["Гадоў таму: ",{"t":"idOrVar","v":"value"}],"zero":"у гэтым годзе"},"$x":[{"t":"idOrVar","v":"plural"},"n"]},{"$i":"minutes-until-long","$v":{"few":["праз ",{"t":"idOrVar","v":"value"}," хвілін(-ы)"],"many":["праз ",{"t":"idOrVar","v":"value"}," хвілін(-ы)"],"one":"праз хвіліну","other":["праз ",{"t":"idOrVar","v":"value"}," хвілін(-ы)"],"two":["праз ",{"t":"idOrVar","v":"value"}," хвілін(-ы)"],"zero":"цяпер"},"$x":[{"t":"idOrVar","v":"plural"},"n"]},{"$i":"hours-until-long","$v":{"few":["праз ",{"t":"idOrVar","v":"value"}," гадзін(-ы)"],"many":["праз ",{"t":"idOrVar","v":"value"}," гадзін(-ы)"],"one":"праз гадзіну","other":["праз ",{"t":"idOrVar","v":"value"}," гадзін(-ы)"],"two":["праз ",{"t":"idOrVar","v":"value"}," гадзін(-ы)"],"zero":"цяпер"},"$x":[{"t":"idOrVar","v":"plural"},"n"]},{"$i":"days-until-long","$v":{"few":["праз ",{"t":"idOrVar","v":"value"}," дні(дзён)"],"many":["праз ",{"t":"idOrVar","v":"value"}," дні(дзён)"],"one":"заўтра","other":["праз ",{"t":"idOrVar","v":"value"}," дні(дзён)"],"two":["праз ",{"t":"idOrVar","v":"value"}," дні(дзён)"],"zero":"сёння"},"$x":[{"t":"idOrVar","v":"plural"},"n"]},{"$i":"weeks-until-long","$v":{"few":["праз ",{"t":"idOrVar","v":"value"}," тыдні(-яў)"],"many":["праз ",{"t":"idOrVar","v":"value"}," тыдні(-яў)"],"one":"на наступным тыдні","other":["праз ",{"t":"idOrVar","v":"value"}," тыдні(-яў)"],"two":["праз ",{"t":"idOrVar","v":"value"}," тыдні(-яў)"],"zero":"на гэтым тыдні"},"$x":[{"t":"idOrVar","v":"plural"},"n"]},{"$i":"months-until-long","$v":{"few":["праз ",{"t":"idOrVar","v":"value"}," месяц(-аў)"],"many":["праз ",{"t":"idOrVar","v":"value"}," месяц(-аў)"],"one":"у наступным месяцы","other":["праз ",{"t":"idOrVar","v":"value"}," месяц(-аў)"],"two":["праз ",{"t":"idOrVar","v":"value"}," месяц(-аў)"],"zero":"у гэтым месяцы"},"$x":[{"t":"idOrVar","v":"plural"},"n"]},{"$i":"years-until-long","$v":{"few":["праз ",{"t":"idOrVar","v":"value"}," гады (год)"],"many":["праз ",{"t":"idOrVar","v":"value"}," гады (год)"],"one":"у наступным годзе","other":["праз ",{"t":"idOrVar","v":"value"}," гады (год)"],"two":["праз ",{"t":"idOrVar","v":"value"}," гады (год)"],"zero":"у гэтым годзе"},"$x":[{"t":"idOrVar","v":"plural"},"n"]},{"$i":"minutes-ago-short","$v":{"other":[{"t":"idOrVar","v":"value"},"хв таму"],"zero":"толькі цяпер"},"$x":[{"t":"idOrVar","v":"plural"},"n"]},{"$i":"hours-ago-short","$v":{"other":[{"t":"idOrVar","v":"value"},"гадз таму"],"zero":"толькі цяпер"},"$x":[{"t":"idOrVar","v":"plural"},"n"]},{"$i":"days-ago-short","$v":{"other":[{"t":"idOrVar","v":"value"},"д таму"],"zero":"сёння"},"$x":[{"t":"idOrVar","v":"plural"},"n"]},{"$i":"minutes-until-short","$v":{"other":["праз ",{"t":"idOrVar","v":"value"},"хв"],"zero":"цяпер"},"$x":[{"t":"idOrVar","v":"plural"},"n"]},{"$i":"hours-until-short","$v":{"other":["праз ",{"t":"idOrVar","v":"value"},"гадз"],"zero":"цяпер"},"$x":[{"t":"idOrVar","v":"plural"},"n"]},{"$i":"days-until-short","$v":{"other":["праз ",{"t":"idOrVar","v":"value"},"д"],"zero":"сёння"},"$x":[{"t":"idOrVar","v":"plural"},"n"]},{"$i":"incorrectDate","$v":"(няправільная дата)"},{"$i":"dateTimeFormat_%c","$v":"%a %b %e %Y %I:%M:%S %p"},{"$i":"dateTimeFormat_%x","$v":"%m/%d/%Y"},{"$i":"dateTimeFormat_%X","$v":"%I:%M:%S %p"},{"$i":"shortTimeFormat","$v":"%I:%M %p"},{"$i":"shortTimeFormat12","$v":"%I:%M %p"},{"$i":"shortTimeFormat24","$v":"%H:%M"},{"$i":"shortDateTimeFormat","$v":"%x %I:%M %p"},{"$i":"weekStartsOnMonday","$v":"0.0"},{"$i":"firstDayOfTheWeek","$v":"1.0"},{"$i":"time_am","$v":"Ран."},{"$i":"time_pm","$v":"PM"}]