[{"$i":"setup-app-name-header","$v":"Имейл"},{"$i":"setup-empty-account-message","$v":"Нямате настройка за изпращане или получаване на имейли. Настройте акаунт, за да довършите действието."},{"$i":"setup-pick-service","$v":"За да изпращате и получавате имейли, трябва да настроите акаунт."},{"$i":"setup-account-header3","$v":"Влизане в акаунта"},{"$i":"setup-account-password","$v":"Парола"},{"$i":"setup-info-next","$v":"Напред"},{"$i":"setup-progress-wait-msg","$v":"Настройване на акаунт"},{"$i":"setup-sync-progress-wait-msg","$v":"Синхронизиращ профил"},{"$i":"setup-completed-header","$v":"Поздравления!"},{"$i":"setup-completed-label","$v":"Готово!"},{"$i":"setup-add-another-account","$v":"Добавете друг акаунт"},{"$i":"setup-show-mail","$v":"Продължаване към имейла"},{"$i":"setup-done-add","$v":"Добавяне на акаунт"},{"$i":"setup-error-offline","$v":"Това устройство в момента е офлайн. Свържете се с мрежа и опитайте отново."},{"$i":"setup-error-bad-user-or-pass2","$v":"Невалидно потр. име или парола. Проверете за печ. грешки."},{"$i":"setup-error-bad-address","$v":"Невалиден имейл адрес. Проверете за печ. грешки."},{"$i":"setup-error-not-authorized","$v":"Според сървъра не сте упълномощени за създаване на акаунт"},{"$i":"setup-error-pop-server-not-great","$v":"Сървърът не се поддържа. POP3 сървърът не въвежда изиск. функции."},{"$i":"setup-error-unknown2","$v":"Възникна неочаквана грешка. Проверете интернет връзката си или пробвайте ръчно конфигуриране."},{"$i":"setup-error-needs-app-pass","$v":"Трябва да използвате опред. за прилож. парола за акаунти в Gmail с двуфакторно удостов."},{"$i":"setup-error-imap-disabled","$v":"Трябва да активирате IMAP за акаунта си в Gmail"},{"$i":"setup-error-pop3-disabled","$v":"Трябва да активирате POP3 за акаунта си в Gmail"},{"$i":"setup-error-bad-security","$v":["Неуспешно уст. на защитена връзка с „",{"t":"idOrVar","v":"server"},"“. Възм. е да има проблем с мрежата или сървъра."]},{"$i":"setup-error-unresponsive-server","$v":["Неуспешно уст. на връзка с „",{"t":"idOrVar","v":"server"},"“. Възм. е да има проблем с мрежата."]},{"$i":"setup-error-server-problem","$v":["Има проблем със сървъра „",{"t":"idOrVar","v":"server"},"“. Опитайте по-късно."]},{"$i":"setup-error-no-config-info","$v":"Неуспешно авт. конфигуриране на акаунта ви. Коригирайте имейл адреса си или пробвайте ръчно конфиг."},{"$i":"setup-error-server-maintenance","$v":["Сървърът „",{"t":"idOrVar","v":"server"},"“ е офлайн за поддръжка. Опитайте по-късно."]},{"$i":"setup-error-account-already-exists","$v":"Този акаунт вече е конфигуриран."},{"$i":"setup-manual-config2","$v":"Разширени"},{"$i":"setup-manual-config-header","$v":"Влизане в акаунта"},{"$i":"setup-manual-account-type-header","$v":"Тип акаунт"},{"$i":"setup-manual-account-type","$v":"Тип акаунт"},{"$i":"setup-manual-account-type-select","ariaLabel":"Тип акаунт"},{"$i":"setup-manual-imap-header","$v":"IMAP настройки"},{"$i":"setup-manual-pop3-header","$v":"POP3 настройки"},{"$i":"setup-manual-smtp-header","$v":"SMTP настройки"},{"$i":"setup-manual-activesync-header","$v":"Настройки на ActiveSync"},{"$i":"setup-manual-next","$v":"Напред"},{"$i":"setup-manual-socket","$v":"Тип гнездо"},{"$i":"setup-manual-socket-ssl","$v":"SSL"},{"$i":"setup-manual-socket-starttls","$v":"STARTTLS"},{"$i":"setup-manual-socket-select","ariaLabel":"Защита на връзката"},{"$i":"setup-manual-socket-plain","$v":"Без кодиране"},{"$i":"setup-bad-password-header","$v":"Непр. парола!"},{"$i":"setup-bad-password","$v":"Неуспешно влизане в сървъра. Пробвайте паролата пак."},{"$i":"setup-new-password","placeholder":"Нова парола"},{"$i":"setup-fix-password","$v":"Повт. опит с нова парола"},{"$i":"setup-gmail-twofactor-header","$v":"Двуфакторното удост. акт."},{"$i":"setup-gmail-twofactor-message","$v":"Трябва да въведете по-долу опред. за прилож. парола."},{"$i":"setup-gmail-imap-header","$v":"IMAP дезакт."},{"$i":"setup-gmail-imap-message","$v":"Трябва да активирате IMAP на акаунта си в Gmail"},{"$i":"setup-gmail-retry","$v":"Повт. опит"},{"$i":"setup-gmail-pop3-header","$v":"POP3 дезакт."},{"$i":"setup-gmail-pop3-message","$v":"Трябва да активирате POP3 на акаунта си в Gmail"},{"$i":"setup-fix-oauth2-header","$v":"Повт. упълном. на имейл"},{"$i":"setup-fix-oauth2-description","$v":"Имейлът трябва да се упълном. отново, за да се осъщ. достъп до следния акаунт:"},{"$i":"setup-fix-oauth2-reauthorize","$v":"Повт. упълном."},{"$i":"settings-main-header","$v":"Имейл настройки"},{"$i":"settings-sub-header-account","$v":"Акаунт"},{"$i":"settings-account-group","ariaLabel":"Акаунт"},{"$i":"settings-account-name","$v":"Вашето име"},{"$i":"settings-account-label","$v":"Етикет на акаунт"},{"$i":"settings-account-display-notifications","$v":"Показване на изв. за нов имейл"},{"$i":"settings-account-play-sound-onsend","$v":"Възпр. звук след изпр. на съобщ."},{"$i":"settings-account-signature-label","$v":"Подпис"},{"$i":"settings-sub-header-data","$v":"Данни"},{"$i":"settings-data-group","ariaLabel":"Данни"},{"$i":"settings-account-check-mail","$v":"Проверка за нови съобщения"},{"$i":"settings-account-check-mail-select","ariaLabel":"Проверка за нови съобщения"},{"$i":"settings-sub-header-server","$v":"Настройки на сървъра"},{"$i":"settings-server-group","ariaLabel":"Настройки на сървъра"},{"$i":"settings-account-userpass","$v":"Потр. име и парола"},{"$i":"settings-account-useroauth2","$v":"Потребителско име"},{"$i":"settings-default-signature-2","$v":"Изпратено от моя тел."},{"$i":"settings-done","$v":"Готово"},{"$i":"settings-account-section","$v":"Акаунти"},{"$i":"settings-account-listbox","ariaLabel":"Акаунти"},{"$i":"settings-account-add","$v":"Добавяне"},{"$i":"settings-account-delete","$v":"Изтр. ак."},{"$i":"settings-account-delete-prompt","$v":["Наистина ли искате да изтриете имейл акаунта си ",{"t":"idOrVar","v":"account"},"?"]},{"$i":"settings-account-delete-desc","$v":"Трябва да изтеглите имейла отново, ако повторите създаването на акаунт."},{"$i":"settings-account-delete-cancel","$v":"Отказ"},{"$i":"settings-account-delete-confirm","$v":"Изтриване"},{"$i":"settings-account-clarify","$v":[{"t":"idOrVar","v":"account-name"}]},{"$i":"settings-account-clarify-imap","$v":[{"t":"idOrVar","v":"account-name"}," (IMAP)"]},{"$i":"settings-account-clarify-pop3","$v":[{"t":"idOrVar","v":"account-name"}," (POP3)"]},{"$i":"settings-account-clarify-smtp","$v":[{"t":"idOrVar","v":"account-name"}," (SMTP)"]},{"$i":"settings-general-section","$v":"Общи настройки"},{"$i":"settings-show-images","$v":"Винаги показ. изобр."},{"$i":"settings-download-attachments","$v":"Изтегляне на прик. файлове"},{"$i":"settings-check-every-5min","$v":"На всеки 5 мин."},{"$i":"settings-check-every-10min","$v":"На всеки 10 мин."},{"$i":"settings-check-every-15min","$v":"На всеки 15 мин."},{"$i":"settings-check-every-30min","$v":"На всеки 30 мин."},{"$i":"settings-check-every-60min","$v":"На всеки час"},{"$i":"settings-check-every-manual","$v":"Ръчно"},{"$i":"settings-check-dynamic","$v":{"few":[{"t":"idOrVar","v":"n"}," секунди"],"many":[{"t":"idOrVar","v":"n"}," секунди"],"one":[{"t":"idOrVar","v":"n"}," секунда"],"other":[{"t":"idOrVar","v":"n"}," секунди"],"two":[{"t":"idOrVar","v":"n"}," секунди"],"zero":"дезактив."},"$x":[{"t":"idOrVar","v":"plural"},"n"]},{"$i":"settings-default-account","$v":"Зад. за имейл по подр."},{"$i":"settings-account-type","$v":"Тип акаунт"},{"$i":"settings-account-credentials","$v":"Идент. данни"},{"$i":"settings-activesync-label","$v":"Настройки на ActiveSync"},{"$i":"settings-imap-label","$v":"IMAP настройки"},{"$i":"settings-pop3-label","$v":"POP3 настройки"},{"$i":"settings-smtp-label","$v":"SMTP настройки"},{"$i":"settings-hostname","$v":"Име на хоста"},{"$i":"settings-port","$v":"Порт"},{"$i":"settings-username","$v":"Потребителско име"},{"$i":"settings-password","$v":"Парола"},{"$i":"settings-save","$v":"Запис"},{"$i":"password-saved","$v":"Паролата е запазена."},{"$i":"settings-reauth","$v":"Повт. упълном."},{"$i":"settings-account-synchronize-window","$v":"Дни до синхр."},{"$i":"settings-account-synchronize-window-select","ariaLabel":"Дни до синхр."},{"$i":"settings-synchronize-auto","$v":"Автоматич."},{"$i":"settings-synchronize-one-day","$v":"1 ден"},{"$i":"settings-synchronize-three-days","$v":"3 дни"},{"$i":"settings-synchronize-one-week","$v":"1 седмица"},{"$i":"settings-synchronize-two-weeks","$v":"2 седмици"},{"$i":"settings-synchronize-one-month","$v":"1 месец"},{"$i":"settings-synchronize-all","$v":"Всички съобщ."},{"$i":"envelope-from","$v":"От"},{"$i":"envelope-to","$v":"До"},{"$i":"envelope-cc","$v":"ЯК"},{"$i":"envelope-bcc","$v":"СК"},{"$i":"message-header-state-sending","ariaLabel":"Изпращане"},{"$i":"message-header-state-error","ariaLabel":"Грешка при изпр."},{"$i":"message-header-unread","ariaLabel":"Непрочетено"},{"$i":"message-header-reply","ariaLabel":"Отговор"},{"$i":"message-header-forward","ariaLabel":"Препращане"},{"$i":"message-header-starred","ariaLabel":"Има звезда"},{"$i":"message-header-attachments","ariaLabel":"Има прик. файлове"},{"$i":"message-body-container","ariaLabel":"Тяло на съобщ."},{"$i":"message-body-container-progress","ariaValueText":"Зареждане"},{"$i":"subject","ariaLabel":"Тема"},{"$i":"attachments-container","ariaLabel":"Прикачени файлове"},{"$i":"from-group","ariaLabel":"От"},{"$i":"to-group","ariaLabel":"До"},{"$i":"cc-group","ariaLabel":"ЯК"},{"$i":"bcc-group","ariaLabel":"СК"},{"$i":"compose-header","$v":"Съставяне на съобщ."},{"$i":"compose-header-short","$v":"Съставяне"},{"$i":"compose-send","$v":"Изпращане"},{"$i":"compose-send-button","ariaLabel":"Изпращане"},{"$i":"compose-to","$v":"До"},{"$i":"compose-cc","$v":"ЯК"},{"$i":"compose-bcc","$v":"СК"},{"$i":"compose-cc-remove","$v":"Премахнат списък с копия."},{"$i":"compose-bcc-remove","$v":"Премахнат списък със скрити копия."},{"$i":"compose-contact-add","ariaLabel":"Добавяне на контакт"},{"$i":"compose-attachments","$v":{"few":["Прик. файлове (",{"t":"idOrVar","v":"n"},")"],"many":["Прик. файлове (",{"t":"idOrVar","v":"n"},")"],"one":["Прик. файл (",{"t":"idOrVar","v":"n"},")"],"other":["Прик. файлове (",{"t":"idOrVar","v":"n"},")"],"two":["Прик. файлове (",{"t":"idOrVar","v":"n"},")"],"zero":"Прикач. файл"},"$x":[{"t":"idOrVar","v":"plural"},"n"]},{"$i":"compose-text","ariaLabel":"Редактиране"},{"$i":"compose-attachment-still-working","$v":"Един момент, още работим върху предишния прик. файл..."},{"$i":"compose-attachment-loading","$v":"Прикаченият файл се зарежда ..."},{"$i":"compose-attachments-loading","$v":"Прикачените файлове се зареждат ..."},{"$i":"compose-forward-attachment-error-title","$v":"Неуспешно изтегляне."},{"$i":"compose-forward-attachment-error-title2","$v":"Грешка"},{"$i":"compose-forward-attachment-unable-load","$v":"Неуспешно зареждане на прикачения файл."},{"$i":"compose-forward-attachments-unable-load","$v":"Неуспешно зареждане на прикачените файлове."},{"$i":"compose-forward-attachment-load-error","$v":"Някои прикачени файлове не се заредиха успешно."},{"$i":"confirmation-title","$v":"Потвърждаване"},{"$i":"compose-subject","$v":"Тема"},{"$i":"compose-draft-save","$v":"Запис в локалните чернови?"},{"$i":"compose-discard-confirm","$v":"Отхвърляне"},{"$i":"compose-draft-dialog-cancel","$v":"Отказ"},{"$i":"compose-draft-dialog-save","$v":"Запис"},{"$i":"composer-draft-saved","$v":"Съобщ. е зап. в локалните чернови"},{"$i":"attention","$v":"Внимание"},{"$i":"compose-send-message-failed","$v":"Неусп. изпращане на имейл"},{"$i":"compose-attchment-size-exceeded","$v":"Избраният прик. файл е твърде голям, за да се изпрати с това съобщ."},{"$i":"compose-attchments-size-exceeded","$v":"Избраните прик. файлове са твърде големи, за да се изпратят с това съобщ. Изберете по-малки файлове."},{"$i":"composer-attachment-large-title","$v":"Размерът на файла е твърде голям"},{"$i":"default-attachment-filename","$v":["прик. файл",{"t":"idOrVar","v":"n"}]},{"$i":"attachment-size-meb","$v":[{"t":"idOrVar","v":"megabytes"}," MB"]},{"$i":"attachment-size-kib","$v":[{"t":"idOrVar","v":"kilobytes"}," KB"]},{"$i":"attachment-size-byte","$v":[{"t":"idOrVar","v":"bytes"}," Б"]},{"$i":"message-attachment-view","$v":"Преглед"},{"$i":"message-attachment-did-not-open-label","$v":"Не може да се отвори"},{"$i":"message-attachment-did-not-open-body","$v":"Устройството няма приложение, което може да отвори прикачения файл."},{"$i":"message-attachment-too-large","$v":"Файлът е прекалено голям за изтегляне."},{"$i":"message-attachment-not-found","$v":"Не открива прикачения файл, може да е бил изтрит."},{"$i":"message-attachment-download-fail","$v":[{"t":"idOrVar","v":"fileName"}," -Неуспешно изтегляне"]},{"$i":"message-no-subject","$v":"(без тема)"},{"$i":"message-edit-menu-edit","$v":"Редактиране"},{"$i":"message-edit-menu-delete","$v":"Изтриване"},{"$i":"message-edit-delete-confirm","$v":"Изтриване на имейл съобщението?"},{"$i":"message-forward-attachment-title","$v":"Прикач. файл"},{"$i":"message-forward-attachment","$v":"Препращане и на прикачения файл?"},{"$i":"message-forward-attachments","$v":"Препращане и на прикачените файлове?"},{"$i":"message-multiedit-header","$v":{"few":[{"t":"idOrVar","v":"n"}," избрани"],"many":[{"t":"idOrVar","v":"n"}," избрани"],"one":[{"t":"idOrVar","v":"n"}," избрани"],"other":[{"t":"idOrVar","v":"n"}," избрани"],"two":[{"t":"idOrVar","v":"n"}," избрани"],"zero":[{"t":"idOrVar","v":"n"}," избрани"]},"$x":[{"t":"idOrVar","v":"plural"},"n"]},{"$i":"message-multiedit-search-header","$v":{"few":[{"t":"idOrVar","v":"n"}," избрани"],"many":[{"t":"idOrVar","v":"n"}," избрани"],"one":[{"t":"idOrVar","v":"n"}," избрани"],"other":[{"t":"idOrVar","v":"n"}," избрани"],"two":[{"t":"idOrVar","v":"n"}," избрани"],"zero":"0 избрани"},"$x":[{"t":"idOrVar","v":"plural"},"n"]},{"$i":"browse-to-url-prompt","$v":["Разгл. на URL?: ",{"t":"idOrVar","v":"url"}]},{"$i":"message-download-images-tap","$v":{"few":["Този имейл съдържа ",{"t":"idOrVar","v":"n"}," изображ. Докосн. за изтегляне."],"many":["Този имейл съдържа ",{"t":"idOrVar","v":"n"}," изображ. Докосн. за изтегляне."],"one":"Този имейл съдържа едно изображ. Докосн. за изтегляне.","other":["Този имейл съдържа ",{"t":"idOrVar","v":"n"}," изображ. Докосн. за изтегляне."],"two":["Този имейл съдържа ",{"t":"idOrVar","v":"n"}," изображ. Докосн. за изтегляне."]},"$x":[{"t":"idOrVar","v":"plural"},"n"]},{"$i":"message-show-external-images","$v":"Пок. на външни изобр."},{"$i":"message-delete-cancel","$v":"Отказ"},{"$i":"message-multiedit-delete-confirm","$v":{"few":["Изтриване на ",{"t":"idOrVar","v":"n"}," съобщения?"],"many":["Изтриване на ",{"t":"idOrVar","v":"n"}," съобщения?"],"one":"Изтриване на избраното съобщение?","other":["Изтриване на ",{"t":"idOrVar","v":"n"}," съобщения?"],"two":["Изтриване на ",{"t":"idOrVar","v":"n"}," съобщения?"]},"$x":[{"t":"idOrVar","v":"plural"},"n"]},{"$i":"message-large-message-cancel","$v":"Отказ"},{"$i":"message-large-message-ok","$v":"Продълж."},{"$i":"message-large-message-confirm","$v":"Съобщението е голямо и изтеглянето може да отнеме време."},{"$i":"message-large-message-warning","$v":"Съобщението е прекалено голямо, за да се зареди."},{"$i":"message-search-header","$v":"Търсене"},{"$i":"search-result","$v":["Нам. ",{"t":"idOrVar","v":"num"}," съвпадение"]},{"$i":"message-search-from","$v":"От"},{"$i":"message-search-to","$v":"До"},{"$i":"message-search-subject","$v":"Тема"},{"$i":"message-search-body","$v":"Тяло"},{"$i":"message-search-all","$v":"Всички"},{"$i":"message-search-input","placeholder":"Търсене на имейл"},{"$i":"message-search-cancel","$v":"Отказ"},{"$i":"messages-syncing","$v":"Зареждане на съобщ."},{"$i":"messages-syncing-progressbar","ariaValueText":"Зареждане на съобщ."},{"$i":"messages-load-more","$v":"Зареждане на още съобщения"},{"$i":"messages-folder-empty","$v":"Няма имейл в тази папка"},{"$i":"messages-search-empty","$v":"Няма съвпадения в лок. каш. съобщ."},{"$i":"messages-folder-select","$v":"Преместване в папка"},{"$i":"messages-folder-unread-max","$v":"999"},{"$i":"message-contact-menu-create","$v":"Зап. на нов контакт"},{"$i":"message-contact-menu-add-existing","$v":"Добавяне към същ. контакт"},{"$i":"message-contact-menu-view","$v":"Преглед на контакт"},{"$i":"message-contact-menu-reply","$v":"Отговор"},{"$i":"message-contact-menu-new","$v":"Изпр. на нов имейл"},{"$i":"message-reply-menu-reply","$v":"Отговор"},{"$i":"message-reply-menu-reply-all","$v":"Отг. на всич."},{"$i":"message-reply-menu-forward","$v":"Препращане"},{"$i":"message-reply-menu-cancel","$v":"Отказ"},{"$i":"reply-quoting-wrote","$v":"{name} писа"},{"$i":"forward-original-message","$v":"Първонач. съобщение"},{"$i":"forward-header-subject","$v":"Тема"},{"$i":"forward-header-date","$v":"Дата"},{"$i":"forward-header-from","$v":"От"},{"$i":"forward-header-reply-to","$v":"За отговори"},{"$i":"forward-header-to","$v":"До"},{"$i":"forward-header-cc","$v":"ЯК"},{"$i":"folder-inbox","$v":"Вх. поща"},{"$i":"folder-sent","$v":"Изпратени"},{"$i":"folder-drafts","$v":"Чернови"},{"$i":"folder-trash","$v":"Кошче"},{"$i":"folder-queue","$v":"Неизпратени"},{"$i":"folder-junk","$v":"Неж. поща"},{"$i":"folder-archives","$v":"Архиви"},{"$i":"folder-localdrafts","$v":"Локални чернови"},{"$i":"folder-outbox","$v":"Изходяща поща"},{"$i":"drawer-back","$v":"Назад"},{"$i":"drawer-accounts-header","$v":"Акаунти"},{"$i":"drawer-settings-link","$v":"Настройки"},{"$i":"folder-last-synced-label","$v":"Посл. синхр.:"},{"$i":"messages-refresh-progress","ariaValueText":"Обновяване"},{"$i":"no-internet-connection","$v":"Няма интернет връзка."},{"$i":"toaster-undo","$v":"Отмяна"},{"$i":"toaster-message-star","$v":{"few":["Доб. флаг на ",{"t":"idOrVar","v":"n"}," съобщ."],"many":["Доб. флаг на ",{"t":"idOrVar","v":"n"}," съобщ."],"one":"Доб. флаг на съобщ.","other":["Доб. флаг на ",{"t":"idOrVar","v":"n"}," съобщ."],"two":["Доб. флаг на ",{"t":"idOrVar","v":"n"}," съобщ."]},"$x":[{"t":"idOrVar","v":"plural"},"n"]},{"$i":"toaster-message-unstar","$v":{"few":["Прем. флаг на ",{"t":"idOrVar","v":"n"}," съобщ."],"many":["Прем. флаг на ",{"t":"idOrVar","v":"n"}," съобщ."],"one":"Прем. флаг на съобщ.","other":["Прем. флаг на ",{"t":"idOrVar","v":"n"}," съобщ."],"two":["Прем. флаг на ",{"t":"idOrVar","v":"n"}," съобщ."]},"$x":[{"t":"idOrVar","v":"plural"},"n"]},{"$i":"toaster-message-read","$v":{"few":[{"t":"idOrVar","v":"n"}," съобщ. са отб. като прочетени"],"many":[{"t":"idOrVar","v":"n"}," съобщ. са отб. като прочетени"],"one":"Съобщ. е отб. като прочетено","other":[{"t":"idOrVar","v":"n"}," съобщ. са отб. като прочетени"],"two":[{"t":"idOrVar","v":"n"}," съобщ. са отб. като прочетени"]},"$x":[{"t":"idOrVar","v":"plural"},"n"]},{"$i":"toaster-message-unread","$v":{"few":[{"t":"idOrVar","v":"n"}," съобщ. са отб. като непрочетени"],"many":[{"t":"idOrVar","v":"n"}," съобщ. са отб. като непрочетени"],"one":"Съобщ. е отб. като непрочетено","other":[{"t":"idOrVar","v":"n"}," съобщ. са отб. като непрочетени"],"two":[{"t":"idOrVar","v":"n"}," съобщ. са отб. като непрочетени"]},"$x":[{"t":"idOrVar","v":"plural"},"n"]},{"$i":"toaster-message-move","$v":{"few":[{"t":"idOrVar","v":"n"}," съобщ. са преместени в папка:"],"many":[{"t":"idOrVar","v":"n"}," съобщ. са преместени в папка:"],"one":"Съобщ. е преместено в папка:","other":[{"t":"idOrVar","v":"n"}," съобщ. са преместени в папка:"],"two":[{"t":"idOrVar","v":"n"}," съобщ. са преместени в папка:"]},"$x":[{"t":"idOrVar","v":"plural"},"n"]},{"$i":"toaster-message-delete","$v":{"few":[{"t":"idOrVar","v":"n"}," имейла са изтрити"],"many":[{"t":"idOrVar","v":"n"}," имейла са изтрити"],"one":"1 имейл е изтрит","other":[{"t":"idOrVar","v":"n"}," имейла са изтрити"],"two":[{"t":"idOrVar","v":"n"}," имейла са изтрити"]},"$x":[{"t":"idOrVar","v":"plural"},"n"]},{"$i":"toaster-sync-failed","$v":"Неуспешно свързване със сървъра."},{"$i":"compose-invalid-addresses-title","$v":"Невалидни адреси"},{"$i":"compose-invalid-addresses-description","$v":"Съобщението ви съдържа един или повече невалидни имейл адреси. Коригирайте ги преди изпращане."},{"$i":"background-send-pending","$v":"Неналична мрежа. Имейлът е записан в изх. кутия."},{"$i":"background-send-sending","$v":"Изпращане на имейл..."},{"$i":"background-send-success","$v":"Имейлът е изпратен."},{"$i":"background-send-error","$v":"Възникна грешка. Имейлът е записан в изх. кутия."},{"$i":"background-send-error-recipients","$v":"Грешка при получателя. Имейлът е записан в изх. кутия."},{"$i":"background-send-error-title","$v":"Неусп. изпр. на имейл"},{"$i":"send-failure-recipients","$v":"Проверете правописа на горните адреси. Имейл сървърът ви посочи, че един или повече от адресите са неправилни."},{"$i":"send-failure-unknown","$v":"Съобщението не може да бъде изпратено."},{"$i":"form-clear-input","$v":"Премахв. на текст"},{"$i":"confirm-dialog-title","$v":"Потвърждаване"},{"$i":"confirm-dialog-ok","$v":"OK"},{"$i":"msg-display-subject","$v":"Тема"},{"$i":"msg-reader-display-attachments","$v":"Прикачени файлове"},{"$i":"msg-reader-display-attachment","$v":"Прикач. файл"},{"$i":"msg-reader-download-external-images","$v":["Изтегляне на външни изобр. (",{"t":"idOrVar","v":"n"}," MB)"]},{"$i":"msg-reader-sender-header","$v":"От"},{"$i":"msg-reader-recipients-header","$v":"Получатели"},{"$i":"msg-reader-cc-header","$v":"ЯК"},{"$i":"msg-reader-bcc-header","$v":"СК"},{"$i":"msg-reader-message-flagged","$v":"Доб. флаг на съобщ."},{"$i":"msg-reader-flag-removed","$v":"Флагът е премахнат"},{"$i":"external-image-downloading","$v":"Изтегляне..."},{"$i":"senders-separation-sign","$v":", "},{"$i":"new-messages","$v":{"few":[{"t":"idOrVar","v":"n"}," нови съобщения"],"many":[{"t":"idOrVar","v":"n"}," нови съобщения"],"one":"1 ново съобщ.","other":[{"t":"idOrVar","v":"n"}," нови съобщения"],"two":[{"t":"idOrVar","v":"n"}," нови съобщения"]},"$x":[{"t":"idOrVar","v":"plural"},"n"]},{"$i":"new-emails-notify-one-account","$v":{"few":[{"t":"idOrVar","v":"n"}," нови имейла"],"many":[{"t":"idOrVar","v":"n"}," нови имейла"],"one":"1 нов имейл","other":[{"t":"idOrVar","v":"n"}," нови имейла"],"two":[{"t":"idOrVar","v":"n"}," нови имейла"]},"$x":[{"t":"idOrVar","v":"plural"},"n"]},{"$i":"new-emails-notify-multiple-accounts","$v":{"few":[{"t":"idOrVar","v":"n"}," нови имейла (",{"t":"idOrVar","v":"accountName"},")"],"many":[{"t":"idOrVar","v":"n"}," нови имейла (",{"t":"idOrVar","v":"accountName"},")"],"one":["1 нов имейл (",{"t":"idOrVar","v":"accountName"},")"],"other":[{"t":"idOrVar","v":"n"}," нови имейла (",{"t":"idOrVar","v":"accountName"},")"],"two":[{"t":"idOrVar","v":"n"}," нови имейла (",{"t":"idOrVar","v":"accountName"},")"]},"$x":[{"t":"idOrVar","v":"plural"},"n"]},{"$i":"new-emails-notify-multiple-accounts-body","$v":[{"t":"idOrVar","v":"from"}," „",{"t":"idOrVar","v":"subject"},"“"]},{"$i":"tng-plain-socket-warning-title","$v":"Сигурни ли сте?"},{"$i":"tng-plain-socket-warning-message","$v":"Други хора може да виждат паролите и имейлите ви или да контролират акаунта ви."},{"$i":"tng-plain-socket-warning-message-options","$v":"Има множество безплатни имейл доставчици, които предлагат по-сигурни и кодирани връзки."},{"$i":"tng-plain-socket-warning-ok","$v":"Разбирам"},{"$i":"message-reader-date-received","ariaLabel":"Получени"},{"$i":"sort-by-title","$v":"Сортиране по"},{"$i":"sort-by-date","$v":"Дата"},{"$i":"sort-by-from","$v":"От"},{"$i":"sort-by-to","$v":"До"},{"$i":"sort-by-subject","$v":"Тема"},{"$i":"softkey-options","$v":"Опции"},{"$i":"opt-compose","$v":"Съставяне"},{"$i":"opt-reply","$v":"Отговор"},{"$i":"opt-reply-all","$v":"Отговор на всички"},{"$i":"opt-forward","$v":"Препращане"},{"$i":"opt-mark-read","$v":"Отб. като прочетено"},{"$i":"opt-mark-unread","$v":"Отб. като непрочетено"},{"$i":"opt-add-flag","$v":"Доб. на флаг"},{"$i":"opt-remove-flag","$v":"Прем. на флага"},{"$i":"opt-move-message","$v":"Преместване в папка"},{"$i":"opt-delete-message","$v":"Изтриване"},{"$i":"opt-multi-select","$v":"Изберете множество"},{"$i":"opt-search","$v":"Търсене"},{"$i":"opt-folders","$v":"Преглед на папките"},{"$i":"opt-sort","$v":"Сортиране"},{"$i":"opt-sync","$v":"Синхронизиране"},{"$i":"opt-account","$v":"Превкл. акаунт"},{"$i":"opt-settings","$v":"Настройки"},{"$i":"opt-edit","$v":"Редактиране"},{"$i":"opt-cancel","$v":"Отказ"},{"$i":"opt-save","$v":"Запис"},{"$i":"opt-move","$v":"Преместване"},{"$i":"opt-view","$v":"Преглед"},{"$i":"opt-empty-trash","$v":"Изч. кошчето"},{"$i":"opt-call-number","$v":"Повикване"},{"$i":"opt-compose-mail","$v":"Съставяне"},{"$i":"opt-open-url","$v":"Отваряне"},{"$i":"select-option-on","$v":"Включено"},{"$i":"select-option-off","$v":"Изключено"},{"$i":"select-option-imap-smtp","$v":"IMAP+SMTP"},{"$i":"select-option-pop3-smtp","$v":"POP3+SMTP"},{"$i":"select-option-activesync","$v":"ActiveSync"},{"$i":"toaster-switch-account","$v":"Имейл акаунтът е превкл. към:"},{"$i":"toaster-sorted-by","$v":"Съобщ. са сортирани по"},{"$i":"cmp-reply","$v":"Отговор"},{"$i":"cmp-reply-all","$v":"Отговор на всички"},{"$i":"cmp-forward","$v":"Препр. на съобщението"},{"$i":"cmp-remove-attach","$v":"Прик. файл е премахнат"},{"$i":"select","$v":"Избор"},{"$i":"deselect","$v":"Размаркиране"},{"$i":"cancel","$v":"Отказ"},{"$i":"enter","$v":"Въвеждане"},{"$i":"remove-attachment","$v":"Премахване на прик. файл"},{"$i":"replace-attachment","$v":"Подмяна на прик. файл"},{"$i":"add-attachment","$v":"Добавяне на прик. файл"},{"$i":"add-contact","$v":"Добавяне на контакт"},{"$i":"add-cc","$v":"Доб. ЯК"},{"$i":"remove-cc","$v":"Премах. ЯК"},{"$i":"add-bcc","$v":"Доб. СК"},{"$i":"remove-bcc","$v":"Премах. СК"},{"$i":"attachment-download","$v":"Изтегляне"},{"$i":"attachment-share","$v":"Споделяне"},{"$i":"send-new-mail","$v":"Изпр. на нов имейл"},{"$i":"view-contact","$v":"Преглед на контакт"},{"$i":"save-new-contact","$v":"Зап. на нов контакт"},{"$i":"add-to-exsiting-contact","$v":"Добавяне към същ. контакт"},{"$i":"no","$v":"Не"},{"$i":"yes","$v":"Да"},{"$i":"retry","$v":"Повт. опит"},{"$i":"empty","$v":"Празен"},{"$i":"empty-trash-confirm","$v":"Искате ли да изчистите кошчето?"},{"$i":"trash-emptied","$v":"Кошчето е изчистено"},{"$i":"next","$v":"Напред"},{"$i":"welcome-header","$v":"Имейл"},{"$i":"welcome-msg","$v":"Добре дошли в имейла."},{"$i":"welcome-msg-setup","$v":"Натиснете „Напред“, за да настроите имейл акаунта си."},{"$i":"discard","$v":"Отхвърляне"},{"$i":"leave-this-page-warning-message","$v":"Искате ли да отхвърлите инф. за имейл акаунта?"},{"$i":"finish","$v":"Завършване"},{"$i":"setup-done-msg","$v":"Влязохте успешно. Искате ли да добавите друг акаунт?"},{"$i":"save-as-draft","$v":"Запамет. като чернова"},{"$i":"show-password","$v":"Показване на парола"},{"$i":"account-label","$v":"Етикет на акаунт"},{"$i":"folders","$v":"Папки"},{"$i":"security","$v":"Защита"},{"$i":"port-number","$v":"Номер на порт"},{"$i":"domain-username","$v":"Домейн\\Потр. име"},{"$i":"synchronizing","$v":"Синхронизиране…"},{"$i":"browse-mail","$v":"Разгл. имейл"},{"$i":"never-sync","$v":"Локалната папка не може да се синхронизира"},{"$i":"emptyDownloadFile","$v":"Неуспешно изтегляне на този файл, може да е празен"},{"$i":"sync","$v":"Синхронизиране"},{"$i":"outbox-unsent-label","$v":{"few":[{"t":"idOrVar","v":"n"}," неизпратени съобщ. в изх. кутия"],"many":[{"t":"idOrVar","v":"n"}," неизпратени съобщ. в изх. кутия"],"one":"1 неизпратено съобщ. в изх. кутия","other":[{"t":"idOrVar","v":"n"}," неизпратени съобщ. в изх. кутия"],"two":"2 неизпратени съобщ. в изх. кутия"},"$x":[{"t":"idOrVar","v":"plural"},"n"]},{"$i":"storage-full-title","$v":"Паметта е пълна"},{"$i":"storage-full-warning","$v":"Можете да изтриете медийни файлове или да управлявате данните на приложението, за да освободите място."},{"$i":"storage-full","$v":"Паметта на телефона е пълна."},{"$i":"storage-sdcard-full","$v":"SD картата е пълна"},{"$i":"view-address","$v":"Преглед на адреса"},{"$i":"mail-address-title","$v":"Пощенски адрес"},{"$i":"mail-address","$v":[{"t":"idOrVar","v":"address"}]},{"$i":"value-name","$v":[{"t":"idOrVar","v":"name"}]},{"$i":"account-deleted","$v":"Профилът е изтрит."},{"$i":"account-reEnable","$v":"Акаунтът вече съществува. Синхронизиране на имейла на акаунта?"},{"$i":"setup-account-usedInfo","$v":"Този акаунт ще бъде използван от приложенията по-долу. Можете да промените това в „Настройки“ > „Акаунт“."},{"$i":"setup-account-settingsInfo","$v":"Всяко прил. има разл. интервали за синхр. по подр., проверете настр. в прил."},{"$i":"app-calendar","$v":"Календар"},{"$i":"app-contacts","$v":"Контакти"},{"$i":"app-email","$v":"Имейл"},{"$i":"weekday-0-long","$v":"Неделя"},{"$i":"weekday-1-long","$v":"Понеделник"},{"$i":"weekday-2-long","$v":"Вторник"},{"$i":"weekday-3-long","$v":"Сряда"},{"$i":"weekday-4-long","$v":"Четвъртък"},{"$i":"weekday-5-long","$v":"Петък"},{"$i":"weekday-6-long","$v":"Събота"},{"$i":"weekday-0-short","$v":"нед"},{"$i":"weekday-1-short","$v":"пон"},{"$i":"weekday-2-short","$v":"втор"},{"$i":"weekday-3-short","$v":"ср"},{"$i":"weekday-4-short","$v":"чт"},{"$i":"weekday-5-short","$v":"пет"},{"$i":"weekday-6-short","$v":"сб"},{"$i":"month-0-long","$v":"Януари"},{"$i":"month-1-long","$v":"Февруари"},{"$i":"month-2-long","$v":"Март"},{"$i":"month-3-long","$v":"Април"},{"$i":"month-4-long","$v":"май"},{"$i":"month-5-long","$v":"Юни"},{"$i":"month-6-long","$v":"Юли"},{"$i":"month-7-long","$v":"Август"},{"$i":"month-8-long","$v":"Септември"},{"$i":"month-9-long","$v":"Октомври"},{"$i":"month-10-long","$v":"Ноември"},{"$i":"month-11-long","$v":"Декември"},{"$i":"month-0-genitive","$v":"Януари"},{"$i":"month-1-genitive","$v":"Февруари"},{"$i":"month-2-genitive","$v":"Март"},{"$i":"month-3-genitive","$v":"Април"},{"$i":"month-4-genitive","$v":"май"},{"$i":"month-5-genitive","$v":"Юни"},{"$i":"month-6-genitive","$v":"Юли"},{"$i":"month-7-genitive","$v":"Август"},{"$i":"month-8-genitive","$v":"Септември"},{"$i":"month-9-genitive","$v":"Октомври"},{"$i":"month-10-genitive","$v":"Ноември"},{"$i":"month-11-genitive","$v":"Декември"},{"$i":"month-0-short","$v":"ян"},{"$i":"month-1-short","$v":"фев"},{"$i":"month-2-short","$v":"март"},{"$i":"month-3-short","$v":"апр"},{"$i":"month-4-short","$v":"май"},{"$i":"month-5-short","$v":"юни"},{"$i":"month-6-short","$v":"юли"},{"$i":"month-7-short","$v":"авг"},{"$i":"month-8-short","$v":"септ"},{"$i":"month-9-short","$v":"окт"},{"$i":"month-10-short","$v":"ноем"},{"$i":"month-11-short","$v":"дек"},{"$i":"minutes-ago-long","$v":{"few":["Преди ",{"t":"idOrVar","v":"value"}," минути"],"many":["Преди ",{"t":"idOrVar","v":"value"}," минути"],"one":"преди минута","other":["Преди ",{"t":"idOrVar","v":"value"}," минути"],"two":["Преди ",{"t":"idOrVar","v":"value"}," минути"],"zero":"точно сега"},"$x":[{"t":"idOrVar","v":"plural"},"value"]},{"$i":"hours-ago-long","$v":{"few":["Преди ",{"t":"idOrVar","v":"value"}," часа"],"many":["Преди ",{"t":"idOrVar","v":"value"}," часа"],"one":"преди час","other":["Преди ",{"t":"idOrVar","v":"value"}," часа"],"two":["Преди ",{"t":"idOrVar","v":"value"}," часа"],"zero":"точно сега"},"$x":[{"t":"idOrVar","v":"plural"},"value"]},{"$i":"days-ago-long","$v":{"few":["Преди ",{"t":"idOrVar","v":"value"}," дни"],"many":["Преди ",{"t":"idOrVar","v":"value"}," дни"],"one":"вчера","other":["Преди ",{"t":"idOrVar","v":"value"}," дни"],"two":["Преди ",{"t":"idOrVar","v":"value"}," дни"],"zero":"днес"},"$x":[{"t":"idOrVar","v":"plural"},"value"]},{"$i":"weeks-ago-long","$v":{"few":["Преди ",{"t":"idOrVar","v":"value"}," седмици"],"many":["Преди ",{"t":"idOrVar","v":"value"}," седмици"],"one":"последната седмица","other":["Преди ",{"t":"idOrVar","v":"value"}," седмици"],"two":["Преди ",{"t":"idOrVar","v":"value"}," седмици"],"zero":"тази седмица"},"$x":[{"t":"idOrVar","v":"plural"},"value"]},{"$i":"months-ago-long","$v":{"few":["Преди ",{"t":"idOrVar","v":"value"}," месеца"],"many":["Преди ",{"t":"idOrVar","v":"value"}," месеца"],"one":"последния месец","other":["Преди ",{"t":"idOrVar","v":"value"}," месеца"],"two":["Преди ",{"t":"idOrVar","v":"value"}," месеца"],"zero":"този месец"},"$x":[{"t":"idOrVar","v":"plural"},"value"]},{"$i":"years-ago-long","$v":{"few":["Преди ",{"t":"idOrVar","v":"value"}," години"],"many":["Преди ",{"t":"idOrVar","v":"value"}," години"],"one":"последната година","other":["Преди ",{"t":"idOrVar","v":"value"}," години"],"two":["Преди ",{"t":"idOrVar","v":"value"}," години"],"zero":"тази година"},"$x":[{"t":"idOrVar","v":"plural"},"value"]},{"$i":"minutes-until-long","$v":{"few":["след ",{"t":"idOrVar","v":"value"}," минути"],"many":["след ",{"t":"idOrVar","v":"value"}," минути"],"one":"след минута","other":["след ",{"t":"idOrVar","v":"value"}," минути"],"two":["след ",{"t":"idOrVar","v":"value"}," минути"],"zero":"сега"},"$x":[{"t":"idOrVar","v":"plural"},"value"]},{"$i":"hours-until-long","$v":{"few":["след ",{"t":"idOrVar","v":"value"}," часа"],"many":["след ",{"t":"idOrVar","v":"value"}," часа"],"one":"след час","other":["след ",{"t":"idOrVar","v":"value"}," часа"],"two":["след ",{"t":"idOrVar","v":"value"}," часа"],"zero":"сега"},"$x":[{"t":"idOrVar","v":"plural"},"value"]},{"$i":"days-until-long","$v":{"few":["след ",{"t":"idOrVar","v":"value"}," дни"],"many":["след ",{"t":"idOrVar","v":"value"}," дни"],"one":"утре","other":["след ",{"t":"idOrVar","v":"value"}," дни"],"two":["след ",{"t":"idOrVar","v":"value"}," дни"],"zero":"днес"},"$x":[{"t":"idOrVar","v":"plural"},"value"]},{"$i":"weeks-until-long","$v":{"few":["след ",{"t":"idOrVar","v":"value"}," седмици"],"many":["след ",{"t":"idOrVar","v":"value"}," седмици"],"one":"следващата седмица","other":["след ",{"t":"idOrVar","v":"value"}," седмици"],"two":["след ",{"t":"idOrVar","v":"value"}," седмици"],"zero":"тази седмица"},"$x":[{"t":"idOrVar","v":"plural"},"value"]},{"$i":"months-until-long","$v":{"few":["след ",{"t":"idOrVar","v":"value"}," месеца"],"many":["след ",{"t":"idOrVar","v":"value"}," месеца"],"one":"следващия месец","other":["след ",{"t":"idOrVar","v":"value"}," месеца"],"two":["след ",{"t":"idOrVar","v":"value"}," месеца"],"zero":"този месец"},"$x":[{"t":"idOrVar","v":"plural"},"value"]},{"$i":"years-until-long","$v":{"few":["след ",{"t":"idOrVar","v":"value"}," години"],"many":["след ",{"t":"idOrVar","v":"value"}," години"],"one":"следващата година","other":["след ",{"t":"idOrVar","v":"value"}," години"],"two":["след ",{"t":"idOrVar","v":"value"}," години"],"zero":"тази година"},"$x":[{"t":"idOrVar","v":"plural"},"value"]},{"$i":"minutes-ago-short","$v":{"other":["Преди ",{"t":"idOrVar","v":"value"}," мин."],"zero":"точно сега"},"$x":[{"t":"idOrVar","v":"plural"},"value"]},{"$i":"hours-ago-short","$v":{"other":["Преди ",{"t":"idOrVar","v":"value"}," ч."],"zero":"точно сега"},"$x":[{"t":"idOrVar","v":"plural"},"value"]},{"$i":"days-ago-short","$v":{"other":["Преди ",{"t":"idOrVar","v":"value"}," дни"],"zero":"днес"},"$x":[{"t":"idOrVar","v":"plural"},"value"]},{"$i":"minutes-until-short","$v":{"other":["след ",{"t":"idOrVar","v":"value"},"м."],"zero":"сега"},"$x":[{"t":"idOrVar","v":"plural"},"value"]},{"$i":"hours-until-short","$v":{"other":["след ",{"t":"idOrVar","v":"value"},"ч."],"zero":"сега"},"$x":[{"t":"idOrVar","v":"plural"},"value"]},{"$i":"days-until-short","$v":{"other":["след ",{"t":"idOrVar","v":"value"},"д."],"zero":"днес"},"$x":[{"t":"idOrVar","v":"plural"},"value"]},{"$i":"incorrectDate","$v":"(неправилна дата)"},{"$i":"dateTimeFormat_%c","$v":"%a %b %e %Y %I:%M:%S %p"},{"$i":"dateTimeFormat_%x","$v":"%m/%d/%Y"},{"$i":"dateTimeFormat_%X","$v":"%I:%M:%S %p"},{"$i":"shortTimeFormat","$v":"%I:%M %p"},{"$i":"shortTimeFormat12","$v":"%I:%M %p"},{"$i":"shortTimeFormat24","$v":"%H:%M"},{"$i":"shortDateTimeFormat","$v":"%x %I:%M %p"},{"$i":"weekStartsOnMonday","$v":"0.0"},{"$i":"firstDayOfTheWeek","$v":"1.0"},{"$i":"time_am","$v":"AM"},{"$i":"time_pm","$v":"PM"}]