[{"$i":"setup-app-name-header","$v":"E-mail"},{"$i":"setup-empty-account-message","$v":"Nemáte nastavené odesílání ani přijímání e-mailů. Akci dokončíte zřízením účtu."},{"$i":"setup-pick-service","$v":"Pokud chcete odesílat a přijímat e-maily, musíte si zřídit účet."},{"$i":"setup-account-header3","$v":"Přihlášení k účtu"},{"$i":"setup-account-password","$v":"Heslo"},{"$i":"setup-info-next","$v":"Další"},{"$i":"setup-progress-wait-msg","$v":"Zřizování účtu"},{"$i":"setup-sync-progress-wait-msg","$v":"Synchronizace účtu"},{"$i":"setup-completed-header","$v":"Blahopřejeme!"},{"$i":"setup-completed-label","$v":"Hotovo!"},{"$i":"setup-add-another-account","$v":"Přidat další účet"},{"$i":"setup-show-mail","$v":"Pokračovat k e-mailu"},{"$i":"setup-done-add","$v":"Přidat účet"},{"$i":"setup-error-offline","$v":"Toto zařízení je nyní offline. Připojte se k síti a akci opakujte."},{"$i":"setup-error-bad-user-or-pass2","$v":"Neplatné uživatelské jméno nebo heslo. Zkontrolujte překlepy."},{"$i":"setup-error-bad-address","$v":"Neplatná e-mailová adresa. Zkontrolujte překlepy."},{"$i":"setup-error-not-authorized","$v":"Podle serveru nemáte oprávnění vytvořit si účet."},{"$i":"setup-error-pop-server-not-great","$v":"Nepodporovaný server. Server POP3 nemá implementované potřebné funkce."},{"$i":"setup-error-unknown2","$v":"Došlo k neznámé chybě. Zkontrolujte připojení k síti nebo vyzkoušejte možnost ruční konfigurace."},{"$i":"setup-error-needs-app-pass","$v":"Pro účty Gmail s dvoufaktorovým ověřením musíte používat heslo pro konkrétní aplikaci"},{"$i":"setup-error-imap-disabled","$v":"Na svém účtu Gmail musíte aktivovat protokol IMAP."},{"$i":"setup-error-pop3-disabled","$v":"Na svém účtu Gmail musíte aktivovat protokol POP3."},{"$i":"setup-error-bad-security","$v":["Nepodařilo se vytvořit zabezpečené připojení k serveru „",{"t":"idOrVar","v":"server"},"“. Možná je problém s vaší sítí nebo serverem."]},{"$i":"setup-error-unresponsive-server","$v":["Nepodařilo se vytvořit připojení k serveru „",{"t":"idOrVar","v":"server"},"“. Možná je problém se sítí."]},{"$i":"setup-error-server-problem","$v":["Se serverem „",{"t":"idOrVar","v":"server"},"“ je nějaký problém. Opakujte akci později."]},{"$i":"setup-error-no-config-info","$v":"Účet se nepodařilo automaticky nakonfigurovat. Opravte e-mailovou adresu nebo vyzkoušejte možnost ruční konfigurace."},{"$i":"setup-error-server-maintenance","$v":["Server „",{"t":"idOrVar","v":"server"},"“ je kvůli údržbě offline. Opakujte akci později."]},{"$i":"setup-error-account-already-exists","$v":"Tento účet je již nakonfigurován."},{"$i":"setup-manual-config2","$v":"Pokročilé"},{"$i":"setup-manual-config-header","$v":"Přihlášení k účtu"},{"$i":"setup-manual-account-type-header","$v":"Typ účtu"},{"$i":"setup-manual-account-type","$v":"Typ účtu"},{"$i":"setup-manual-account-type-select","ariaLabel":"Typ účtu"},{"$i":"setup-manual-imap-header","$v":"Nastavení IMAP"},{"$i":"setup-manual-pop3-header","$v":"Nastavení POP3"},{"$i":"setup-manual-smtp-header","$v":"Nastavení SMTP"},{"$i":"setup-manual-activesync-header","$v":"Nastavení ActiveSync"},{"$i":"setup-manual-next","$v":"Další"},{"$i":"setup-manual-socket","$v":"Typ socketu"},{"$i":"setup-manual-socket-ssl","$v":"SSL"},{"$i":"setup-manual-socket-starttls","$v":"STARTTLS"},{"$i":"setup-manual-socket-select","ariaLabel":"Zabezpečení připojení"},{"$i":"setup-manual-socket-plain","$v":"Nešifrovaný"},{"$i":"setup-bad-password-header","$v":"Nesprávné heslo!"},{"$i":"setup-bad-password","$v":"K serveru se nepodařilo přihlásit. Zadejte heslo znovu."},{"$i":"setup-new-password","placeholder":"Nové heslo"},{"$i":"setup-fix-password","$v":"Opakovat s novým heslem"},{"$i":"setup-gmail-twofactor-header","$v":"Dvoufaktorové ověření aktivní"},{"$i":"setup-gmail-twofactor-message","$v":"Musíte sem zadat heslo pro konkrétní aplikaci."},{"$i":"setup-gmail-imap-header","$v":"Protokol IMAP je vypnutý"},{"$i":"setup-gmail-imap-message","$v":"Na svém účtu Gmail musíte aktivovat protokol IMAP"},{"$i":"setup-gmail-retry","$v":"Opakovat"},{"$i":"setup-gmail-pop3-header","$v":"Protokol POP3 je vypnutý"},{"$i":"setup-gmail-pop3-message","$v":"Na svém účtu Gmail musíte aktivovat protokol POP3"},{"$i":"setup-fix-oauth2-header","$v":"Znovu ověřit e-mail"},{"$i":"setup-fix-oauth2-description","$v":"E-mail je třeba znovu ověřit, aby bylo možné získat přístup k následujícímu účtu:"},{"$i":"setup-fix-oauth2-reauthorize","$v":"Znovu ověřit"},{"$i":"settings-main-header","$v":"Nastavení e-mailu"},{"$i":"settings-sub-header-account","$v":"Účet"},{"$i":"settings-account-group","ariaLabel":"Účet"},{"$i":"settings-account-name","$v":"Vaše jméno"},{"$i":"settings-account-label","$v":"Označení účtu"},{"$i":"settings-account-display-notifications","$v":"Zobrazit nová oznámení e-mailu"},{"$i":"settings-account-play-sound-onsend","$v":"Přehrát zvuk po odeslání e-mailu"},{"$i":"settings-account-signature-label","$v":"Podpis"},{"$i":"settings-sub-header-data","$v":"Data"},{"$i":"settings-data-group","ariaLabel":"Data"},{"$i":"settings-account-check-mail","$v":"Zkontrolovat nové zprávy"},{"$i":"settings-account-check-mail-select","ariaLabel":"Zkontrolovat nové zprávy"},{"$i":"settings-sub-header-server","$v":"Nastavení serveru"},{"$i":"settings-server-group","ariaLabel":"Nastavení serveru"},{"$i":"settings-account-userpass","$v":"Uživatelské jméno a heslo"},{"$i":"settings-account-useroauth2","$v":"Uživatelské jméno"},{"$i":"settings-default-signature-2","$v":"Odesláno z telefonu"},{"$i":"settings-done","$v":"Hotovo"},{"$i":"settings-account-section","$v":"Účty"},{"$i":"settings-account-listbox","ariaLabel":"Účty"},{"$i":"settings-account-add","$v":"Přidat"},{"$i":"settings-account-delete","$v":"Odstranit účet"},{"$i":"settings-account-delete-prompt","$v":["Opravdu chcete e-mailový účet ",{"t":"idOrVar","v":"account"}," odstranit?"]},{"$i":"settings-account-delete-desc","$v":"Pokud budete opakovat vytváření účtu, budete muset e-mail stáhnout znovu."},{"$i":"settings-account-delete-cancel","$v":"Zrušit"},{"$i":"settings-account-delete-confirm","$v":"Odstranit"},{"$i":"settings-account-clarify","$v":[{"t":"idOrVar","v":"account-name"}]},{"$i":"settings-account-clarify-imap","$v":[{"t":"idOrVar","v":"account-name"}," (IMAP)"]},{"$i":"settings-account-clarify-pop3","$v":[{"t":"idOrVar","v":"account-name"}," (POP3)"]},{"$i":"settings-account-clarify-smtp","$v":[{"t":"idOrVar","v":"account-name"}," (SMTP)"]},{"$i":"settings-general-section","$v":"Obecná nastavení"},{"$i":"settings-show-images","$v":"Vždy zobrazovat obrázky"},{"$i":"settings-download-attachments","$v":"Stáhnout přílohy"},{"$i":"settings-check-every-5min","$v":"Každých 5 minut"},{"$i":"settings-check-every-10min","$v":"Každých 10 minut"},{"$i":"settings-check-every-15min","$v":"Každých 15 minut"},{"$i":"settings-check-every-30min","$v":"Každých 30 minut"},{"$i":"settings-check-every-60min","$v":"Každou hodinu"},{"$i":"settings-check-every-manual","$v":"Ručně"},{"$i":"settings-check-dynamic","$v":{"few":[{"t":"idOrVar","v":"n"}," sekund(y)"],"many":[{"t":"idOrVar","v":"n"}," sekund(y)"],"one":[{"t":"idOrVar","v":"n"}," sekunda"],"other":[{"t":"idOrVar","v":"n"}," sekund(y)"],"two":[{"t":"idOrVar","v":"n"}," sekund(y)"],"zero":"vypnuto"},"$x":[{"t":"idOrVar","v":"plural"},"n"]},{"$i":"settings-default-account","$v":"Nastavit jako výchozí e-mail"},{"$i":"settings-account-type","$v":"Typ účtu"},{"$i":"settings-account-credentials","$v":"Přihlašovací údaje"},{"$i":"settings-activesync-label","$v":"Nastavení ActiveSync"},{"$i":"settings-imap-label","$v":"Nastavení IMAP"},{"$i":"settings-pop3-label","$v":"Nastavení POP3"},{"$i":"settings-smtp-label","$v":"Nastavení SMTP"},{"$i":"settings-hostname","$v":"Název hostitele"},{"$i":"settings-port","$v":"Port"},{"$i":"settings-username","$v":"Uživatelské jméno"},{"$i":"settings-password","$v":"Heslo"},{"$i":"settings-save","$v":"Uložit"},{"$i":"password-saved","$v":"Heslo bylo uloženo."},{"$i":"settings-reauth","$v":"Znovu ověřit"},{"$i":"settings-account-synchronize-window","$v":"Počet dní k synchronizaci"},{"$i":"settings-account-synchronize-window-select","ariaLabel":"Počet dní k synchronizaci"},{"$i":"settings-synchronize-auto","$v":"Automaticky"},{"$i":"settings-synchronize-one-day","$v":"1 den"},{"$i":"settings-synchronize-three-days","$v":"3 dny"},{"$i":"settings-synchronize-one-week","$v":"1 týden"},{"$i":"settings-synchronize-two-weeks","$v":"2 týdny"},{"$i":"settings-synchronize-one-month","$v":"1 měsíc"},{"$i":"settings-synchronize-all","$v":"Všechny zprávy"},{"$i":"envelope-from","$v":"Od"},{"$i":"envelope-to","$v":"Komu"},{"$i":"envelope-cc","$v":"Kopie"},{"$i":"envelope-bcc","$v":"Skrytá kopie"},{"$i":"message-header-state-sending","ariaLabel":"Odesílání"},{"$i":"message-header-state-error","ariaLabel":"Chyba při odesílání"},{"$i":"message-header-unread","ariaLabel":"Nepřečtené"},{"$i":"message-header-reply","ariaLabel":"Odpovědět"},{"$i":"message-header-forward","ariaLabel":"Přeposlat"},{"$i":"message-header-starred","ariaLabel":"Má hvězdičku"},{"$i":"message-header-attachments","ariaLabel":"Obsahuje přílohy"},{"$i":"message-body-container","ariaLabel":"Tělo zprávy"},{"$i":"message-body-container-progress","ariaValueText":"Načítání"},{"$i":"subject","ariaLabel":"Předmět"},{"$i":"attachments-container","ariaLabel":"Přílohy"},{"$i":"from-group","ariaLabel":"Od"},{"$i":"to-group","ariaLabel":"Komu"},{"$i":"cc-group","ariaLabel":"Kopie"},{"$i":"bcc-group","ariaLabel":"Skrytá kopie"},{"$i":"compose-header","$v":"Vytvořit zprávu"},{"$i":"compose-header-short","$v":"Vytvořit"},{"$i":"compose-send","$v":"Odeslat"},{"$i":"compose-send-button","ariaLabel":"Odeslat"},{"$i":"compose-to","$v":"Komu"},{"$i":"compose-cc","$v":"Kopie"},{"$i":"compose-bcc","$v":"Skrytá kopie"},{"$i":"compose-cc-remove","$v":"Seznam příjemců na kopii byl odebrán."},{"$i":"compose-bcc-remove","$v":"Seznam příjemců na slepé kopii byl odebrán."},{"$i":"compose-contact-add","ariaLabel":"Přidat kontakt"},{"$i":"compose-attachments","$v":{"few":["Přílohy (",{"t":"idOrVar","v":"n"},")"],"many":["Přílohy (",{"t":"idOrVar","v":"n"},")"],"one":["Příloha (",{"t":"idOrVar","v":"n"},")"],"other":["Přílohy (",{"t":"idOrVar","v":"n"},")"],"two":["Přílohy (",{"t":"idOrVar","v":"n"},")"],"zero":"Příloha"},"$x":[{"t":"idOrVar","v":"plural"},"n"]},{"$i":"compose-text","ariaLabel":"Upravit"},{"$i":"compose-attachment-still-working","$v":"Ještě chvíli, stále pracujeme na předchozí příloze…"},{"$i":"compose-attachment-loading","$v":"Načítání přílohy ..."},{"$i":"compose-attachments-loading","$v":"Načítání příloh ..."},{"$i":"compose-forward-attachment-error-title","$v":"Stažení se nezdařilo."},{"$i":"compose-forward-attachment-error-title2","$v":"Chyba"},{"$i":"compose-forward-attachment-unable-load","$v":"Přílohu nelze načíst."},{"$i":"compose-forward-attachments-unable-load","$v":"Přílohy nelze načíst."},{"$i":"compose-forward-attachment-load-error","$v":"Některé přílohy se nepodařilo načíst."},{"$i":"confirmation-title","$v":"Potvrzení"},{"$i":"compose-subject","$v":"Předmět"},{"$i":"compose-draft-save","$v":"Uložit do místních konceptů?"},{"$i":"compose-discard-confirm","$v":"Zahodit"},{"$i":"compose-draft-dialog-cancel","$v":"Zrušit"},{"$i":"compose-draft-dialog-save","$v":"Uložit"},{"$i":"composer-draft-saved","$v":"Zpráva uložena do místních konceptů"},{"$i":"attention","$v":"Pozor"},{"$i":"compose-send-message-failed","$v":"Odeslání e-mailu se nezdařilo"},{"$i":"compose-attchment-size-exceeded","$v":"Vybraná příloha je na odeslání s touto zprávou příliš velká."},{"$i":"compose-attchments-size-exceeded","$v":"Vybrané přílohy jsou na odeslání s touto zprávou příliš velké. Vyberte méně souborů."},{"$i":"composer-attachment-large-title","$v":"Soubor je příliš velký"},{"$i":"default-attachment-filename","$v":["příloha",{"t":"idOrVar","v":"n"}]},{"$i":"attachment-size-meb","$v":[{"t":"idOrVar","v":"megabytes"}," MB"]},{"$i":"attachment-size-kib","$v":[{"t":"idOrVar","v":"kilobytes"}," kB"]},{"$i":"attachment-size-byte","$v":[{"t":"idOrVar","v":"bytes"}," b"]},{"$i":"message-attachment-view","$v":"Zobrazit"},{"$i":"message-attachment-did-not-open-label","$v":"Nelze otevřít"},{"$i":"message-attachment-did-not-open-body","$v":"V zařízení není aplikace, která dokáže přílohu otevřít."},{"$i":"message-attachment-too-large","$v":"Tento soubor je ke stažení příliš velký."},{"$i":"message-attachment-not-found","$v":"Soubor přílohy nelze najít, mohl být odstraněn."},{"$i":"message-attachment-download-fail","$v":[{"t":"idOrVar","v":"fileName"}," -Stažení se nezdařilo"]},{"$i":"message-no-subject","$v":"(bez předmětu)"},{"$i":"message-edit-menu-edit","$v":"Upravit"},{"$i":"message-edit-menu-delete","$v":"Odstranit"},{"$i":"message-edit-delete-confirm","$v":"Odstranit e-mailovou zprávu?"},{"$i":"message-forward-attachment-title","$v":"Příloha"},{"$i":"message-forward-attachment","$v":"Přeposlat také přílohu?"},{"$i":"message-forward-attachments","$v":"Přeposlat také přílohy?"},{"$i":"message-multiedit-header","$v":{"few":["Vybráno: ",{"t":"idOrVar","v":"n"}],"many":["Vybráno: ",{"t":"idOrVar","v":"n"}],"one":["Vybráno: ",{"t":"idOrVar","v":"n"}],"other":["Vybráno: ",{"t":"idOrVar","v":"n"}],"two":["Vybráno: ",{"t":"idOrVar","v":"n"}],"zero":["Vybráno: ",{"t":"idOrVar","v":"n"}]},"$x":[{"t":"idOrVar","v":"plural"},"n"]},{"$i":"message-multiedit-search-header","$v":{"few":["Vybráno: ",{"t":"idOrVar","v":"n"}],"many":["Vybráno: ",{"t":"idOrVar","v":"n"}],"one":["Vybráno: ",{"t":"idOrVar","v":"n"}],"other":["Vybráno: ",{"t":"idOrVar","v":"n"}],"two":["Vybráno: ",{"t":"idOrVar","v":"n"}],"zero":"0 vybráno"},"$x":[{"t":"idOrVar","v":"plural"},"n"]},{"$i":"browse-to-url-prompt","$v":["Přejít na URL?: ",{"t":"idOrVar","v":"url"}]},{"$i":"message-download-images-tap","$v":{"few":["Tento e-mail obsahuje obrázky (",{"t":"idOrVar","v":"n"},"). Klepnutím stáhnete."],"many":["Tento e-mail obsahuje obrázky (",{"t":"idOrVar","v":"n"},"). Klepnutím stáhnete."],"one":"Tento e-mail obsahuje obrázek. Klepnutím stáhnete.","other":["Tento e-mail obsahuje obrázky (",{"t":"idOrVar","v":"n"},"). Klepnutím stáhnete."],"two":["Tento e-mail obsahuje obrázky (",{"t":"idOrVar","v":"n"},"). Klepnutím stáhnete."]},"$x":[{"t":"idOrVar","v":"plural"},"n"]},{"$i":"message-show-external-images","$v":"Zobrazit externí obrázky"},{"$i":"message-delete-cancel","$v":"Zrušit"},{"$i":"message-multiedit-delete-confirm","$v":{"few":["Odstranit zprávy (",{"t":"idOrVar","v":"n"},")?"],"many":["Odstranit zprávy (",{"t":"idOrVar","v":"n"},")?"],"one":"Odstranit vybranou zprávu?","other":["Odstranit zprávy (",{"t":"idOrVar","v":"n"},")?"],"two":["Odstranit zprávy (",{"t":"idOrVar","v":"n"},")?"]},"$x":[{"t":"idOrVar","v":"plural"},"n"]},{"$i":"message-large-message-cancel","$v":"Zrušit"},{"$i":"message-large-message-ok","$v":"Pokračovat"},{"$i":"message-large-message-confirm","$v":"Tato zpráva je velká a její stažené může chvíli trvat."},{"$i":"message-large-message-warning","$v":"Zprávu nelze načíst, je příliš velká."},{"$i":"message-search-header","$v":"Vyhledat"},{"$i":"search-result","$v":["Nalezena shoda: ",{"t":"idOrVar","v":"num"}]},{"$i":"message-search-from","$v":"Od"},{"$i":"message-search-to","$v":"Komu"},{"$i":"message-search-subject","$v":"Předmět"},{"$i":"message-search-body","$v":"Tělo"},{"$i":"message-search-all","$v":"Vše"},{"$i":"message-search-input","placeholder":"Vyhledat e-mail"},{"$i":"message-search-cancel","$v":"Zrušit"},{"$i":"messages-syncing","$v":"Načítání zpráv"},{"$i":"messages-syncing-progressbar","ariaValueText":"Načítání zpráv"},{"$i":"messages-load-more","$v":"Načíst další zprávy"},{"$i":"messages-folder-empty","$v":"V této složce není žádný e-mail"},{"$i":"messages-search-empty","$v":"V místní vyrovnávací paměti nejsou žádné shody"},{"$i":"messages-folder-select","$v":"Přesunout do složky"},{"$i":"messages-folder-unread-max","$v":"999+"},{"$i":"message-contact-menu-create","$v":"Uložit nový kontakt"},{"$i":"message-contact-menu-add-existing","$v":"Přidat ke stáv. kontaktu"},{"$i":"message-contact-menu-view","$v":"Zobrazit kontakt"},{"$i":"message-contact-menu-reply","$v":"Odpovědět"},{"$i":"message-contact-menu-new","$v":"Odeslat nový e-mail"},{"$i":"message-reply-menu-reply","$v":"Odpovědět"},{"$i":"message-reply-menu-reply-all","$v":"Odpovědět všem"},{"$i":"message-reply-menu-forward","$v":"Přeposlat"},{"$i":"message-reply-menu-cancel","$v":"Zrušit"},{"$i":"reply-quoting-wrote","$v":"{name} napsal(a)"},{"$i":"forward-original-message","$v":"Původní zpráva"},{"$i":"forward-header-subject","$v":"Předmět"},{"$i":"forward-header-date","$v":"Datum"},{"$i":"forward-header-from","$v":"Od"},{"$i":"forward-header-reply-to","$v":"Odpověď komu"},{"$i":"forward-header-to","$v":"Komu"},{"$i":"forward-header-cc","$v":"Kopie"},{"$i":"folder-inbox","$v":"Přijaté"},{"$i":"folder-sent","$v":"Odeslané"},{"$i":"folder-drafts","$v":"Koncepty"},{"$i":"folder-trash","$v":"Koš"},{"$i":"folder-queue","$v":"Neodeslané"},{"$i":"folder-junk","$v":"Nevyžádané"},{"$i":"folder-archives","$v":"Archivy"},{"$i":"folder-localdrafts","$v":"Místní koncepty"},{"$i":"folder-outbox","$v":"K odeslání"},{"$i":"drawer-back","$v":"Zpět"},{"$i":"drawer-accounts-header","$v":"Účty"},{"$i":"drawer-settings-link","$v":"Nastavení"},{"$i":"folder-last-synced-label","$v":"Poslední synchronizace:"},{"$i":"messages-refresh-progress","ariaValueText":"Obnovování"},{"$i":"no-internet-connection","$v":"Žádné připojení k internetu"},{"$i":"toaster-undo","$v":"Zpět"},{"$i":"toaster-message-star","$v":{"few":["Zprávy (",{"t":"idOrVar","v":"n"},") označeny příznakem"],"many":["Zprávy (",{"t":"idOrVar","v":"n"},") označeny příznakem"],"one":"Zpráva označena příznakem","other":["Zprávy (",{"t":"idOrVar","v":"n"},") označeny příznakem"],"two":["Zprávy (",{"t":"idOrVar","v":"n"},") označeny příznakem"]},"$x":[{"t":"idOrVar","v":"plural"},"n"]},{"$i":"toaster-message-unstar","$v":{"few":["Příznaky zpráv (",{"t":"idOrVar","v":"n"},") odstraněny"],"many":["Příznaky zpráv (",{"t":"idOrVar","v":"n"},") odstraněny"],"one":"Příznak zprávy odstraněn","other":["Příznaky zpráv (",{"t":"idOrVar","v":"n"},") odstraněny"],"two":["Příznaky zpráv (",{"t":"idOrVar","v":"n"},") odstraněny"]},"$x":[{"t":"idOrVar","v":"plural"},"n"]},{"$i":"toaster-message-read","$v":{"few":["Zprávy (",{"t":"idOrVar","v":"n"},") označeny jako přečtené"],"many":["Zprávy (",{"t":"idOrVar","v":"n"},") označeny jako přečtené"],"one":"Zpráva označená jako přečtená","other":["Zprávy (",{"t":"idOrVar","v":"n"},") označeny jako přečtené"],"two":["Zprávy (",{"t":"idOrVar","v":"n"},") označeny jako přečtené"]},"$x":[{"t":"idOrVar","v":"plural"},"n"]},{"$i":"toaster-message-unread","$v":{"few":["Zprávy (",{"t":"idOrVar","v":"n"},") označeny jako nepřečtené"],"many":["Zprávy (",{"t":"idOrVar","v":"n"},") označeny jako nepřečtené"],"one":"Zpráva označena jako nepřečtená","other":["Zprávy (",{"t":"idOrVar","v":"n"},") označeny jako nepřečtené"],"two":["Zprávy (",{"t":"idOrVar","v":"n"},") označeny jako nepřečtené"]},"$x":[{"t":"idOrVar","v":"plural"},"n"]},{"$i":"toaster-message-move","$v":{"few":["Zprávy (",{"t":"idOrVar","v":"n"},") přesunuty do složky:"],"many":["Zprávy (",{"t":"idOrVar","v":"n"},") přesunuty do složky:"],"one":"Zpráva přesunuta do složky:","other":["Zprávy (",{"t":"idOrVar","v":"n"},") přesunuty do složky:"],"two":["Zprávy (",{"t":"idOrVar","v":"n"},") přesunuty do složky:"]},"$x":[{"t":"idOrVar","v":"plural"},"n"]},{"$i":"toaster-message-delete","$v":{"few":["Počet odstraněných e-mailů: ",{"t":"idOrVar","v":"n"}],"many":["Počet odstraněných e-mailů: ",{"t":"idOrVar","v":"n"}],"one":"1 odstraněný e-mail","other":["Počet odstraněných e-mailů: ",{"t":"idOrVar","v":"n"}],"two":["Počet odstraněných e-mailů: ",{"t":"idOrVar","v":"n"}]},"$x":[{"t":"idOrVar","v":"plural"},"n"]},{"$i":"toaster-sync-failed","$v":"Nelze se připojit k serveru."},{"$i":"compose-invalid-addresses-title","$v":"Neplatné adresy"},{"$i":"compose-invalid-addresses-description","$v":"Zpráva obsahuje alespoň jednu neplatnou e-mailovou adresu. Před odesláním ji opravte."},{"$i":"background-send-pending","$v":"Síť není k dispozici. E-mail uložen do složky k odeslání."},{"$i":"background-send-sending","$v":"Odesílání e-mailu…"},{"$i":"background-send-success","$v":"E-mail odeslán."},{"$i":"background-send-error","$v":"Došlo k chybě. E-mail uložen do složky k odeslání."},{"$i":"background-send-error-recipients","$v":"Chyba příjemce. E-mail uložen do složky k odeslání."},{"$i":"background-send-error-title","$v":"E-mail se nepodařilo odeslat."},{"$i":"send-failure-recipients","$v":"Zkontrolujte překlepy ve výše uvedených adresách. Váš e-mailový server tvrdí, že některé z adres jsou nesprávné."},{"$i":"send-failure-unknown","$v":"Zprávu nelze odeslat."},{"$i":"form-clear-input","$v":"Odebrat text"},{"$i":"confirm-dialog-title","$v":"Potvrzení"},{"$i":"confirm-dialog-ok","$v":"OK"},{"$i":"msg-display-subject","$v":"Předmět"},{"$i":"msg-reader-display-attachments","$v":"Přílohy"},{"$i":"msg-reader-display-attachment","$v":"Příloha"},{"$i":"msg-reader-download-external-images","$v":["Stáhnout externí obrázky (",{"t":"idOrVar","v":"n"}," MB)"]},{"$i":"msg-reader-sender-header","$v":"Od"},{"$i":"msg-reader-recipients-header","$v":"Příjemci"},{"$i":"msg-reader-cc-header","$v":"Kopie"},{"$i":"msg-reader-bcc-header","$v":"Skrytá kopie"},{"$i":"msg-reader-message-flagged","$v":"Zpráva označena příznakem"},{"$i":"msg-reader-flag-removed","$v":"Příznak odstraněn"},{"$i":"external-image-downloading","$v":"Stahování…"},{"$i":"senders-separation-sign","$v":", "},{"$i":"new-messages","$v":{"few":["Nové zprávy ",{"t":"idOrVar","v":"n"}],"many":["Nové zprávy ",{"t":"idOrVar","v":"n"}],"one":"1 nová zpráva","other":["Nové zprávy ",{"t":"idOrVar","v":"n"}],"two":["Nové zprávy ",{"t":"idOrVar","v":"n"}]},"$x":[{"t":"idOrVar","v":"plural"},"n"]},{"$i":"new-emails-notify-one-account","$v":{"few":["Nové e-maily ",{"t":"idOrVar","v":"n"}],"many":["Nové e-maily ",{"t":"idOrVar","v":"n"}],"one":"1 nový e-mail","other":["Nové e-maily ",{"t":"idOrVar","v":"n"}],"two":["Nové e-maily ",{"t":"idOrVar","v":"n"}]},"$x":[{"t":"idOrVar","v":"plural"},"n"]},{"$i":"new-emails-notify-multiple-accounts","$v":{"few":["Nové e-maily (",{"t":"idOrVar","v":"n"},") (",{"t":"idOrVar","v":"accountName"},")"],"many":["Nové e-maily (",{"t":"idOrVar","v":"n"},") (",{"t":"idOrVar","v":"accountName"},")"],"one":["1 nový e-mail (",{"t":"idOrVar","v":"accountName"},")"],"other":["Nové e-maily (",{"t":"idOrVar","v":"n"},") (",{"t":"idOrVar","v":"accountName"},")"],"two":["Nové e-maily (",{"t":"idOrVar","v":"n"},") (",{"t":"idOrVar","v":"accountName"},")"]},"$x":[{"t":"idOrVar","v":"plural"},"n"]},{"$i":"new-emails-notify-multiple-accounts-body","$v":[{"t":"idOrVar","v":"from"}," „",{"t":"idOrVar","v":"subject"},"“"]},{"$i":"tng-plain-socket-warning-title","$v":"Opravdu?"},{"$i":"tng-plain-socket-warning-message","$v":"Jiní lidé mohou možná vidět vaše heslo a e-maily nebo ovládat váš účet."},{"$i":"tng-plain-socket-warning-message-options","$v":"Existuje mnoho poskytovatelů bezplatných e-mailů, kteří poskytují zabezpečené, zašifrované připojení."},{"$i":"tng-plain-socket-warning-ok","$v":"Chápu"},{"$i":"message-reader-date-received","ariaLabel":"Přijaté"},{"$i":"sort-by-title","$v":"Seřadit podle"},{"$i":"sort-by-date","$v":"Datum"},{"$i":"sort-by-from","$v":"Od"},{"$i":"sort-by-to","$v":"Komu"},{"$i":"sort-by-subject","$v":"Předmět"},{"$i":"softkey-options","$v":"Možnosti"},{"$i":"opt-compose","$v":"Vytvořit"},{"$i":"opt-reply","$v":"Odpovědět"},{"$i":"opt-reply-all","$v":"Odpovědět všem"},{"$i":"opt-forward","$v":"Přeposlat"},{"$i":"opt-mark-read","$v":"Označit jako přečtené"},{"$i":"opt-mark-unread","$v":"Označit jako nepřečtené"},{"$i":"opt-add-flag","$v":"Přidat příznak"},{"$i":"opt-remove-flag","$v":"Odebrat příznak"},{"$i":"opt-move-message","$v":"Přesunout do složky"},{"$i":"opt-delete-message","$v":"Odstranit"},{"$i":"opt-multi-select","$v":"Vybrat více"},{"$i":"opt-search","$v":"Vyhledat"},{"$i":"opt-folders","$v":"Zobrazit složky"},{"$i":"opt-sort","$v":"Řadit"},{"$i":"opt-sync","$v":"Synchronizovat"},{"$i":"opt-account","$v":"Přepnout účet"},{"$i":"opt-settings","$v":"Nastavení"},{"$i":"opt-edit","$v":"Upravit"},{"$i":"opt-cancel","$v":"Zrušit"},{"$i":"opt-save","$v":"Uložit"},{"$i":"opt-move","$v":"Přesunout"},{"$i":"opt-view","$v":"Zobrazit"},{"$i":"opt-empty-trash","$v":"Vysypat koš"},{"$i":"opt-call-number","$v":"Hovor"},{"$i":"opt-compose-mail","$v":"Vytvořit"},{"$i":"opt-open-url","$v":"Otevřít"},{"$i":"select-option-on","$v":"Zap."},{"$i":"select-option-off","$v":"Vyp."},{"$i":"select-option-imap-smtp","$v":"IMAP+SMTP"},{"$i":"select-option-pop3-smtp","$v":"POP3+SMTP"},{"$i":"select-option-activesync","$v":"ActiveSync"},{"$i":"toaster-switch-account","$v":"E-mailový účet přepnut na:"},{"$i":"toaster-sorted-by","$v":"Zpráva seřazena podle"},{"$i":"cmp-reply","$v":"Odpovědět"},{"$i":"cmp-reply-all","$v":"Odpovědět všem"},{"$i":"cmp-forward","$v":"Přeposlat zprávu"},{"$i":"cmp-remove-attach","$v":"Příloha odstraněna"},{"$i":"select","$v":"Vybrat"},{"$i":"deselect","$v":"Zrušit výběr"},{"$i":"cancel","$v":"Zrušit"},{"$i":"enter","$v":"Zadat"},{"$i":"remove-attachment","$v":"Odebrat přílohu"},{"$i":"replace-attachment","$v":"Nahradit přílohu"},{"$i":"add-attachment","$v":"Přidat přílohu"},{"$i":"add-contact","$v":"Přidat kontakt"},{"$i":"add-cc","$v":"Přidat kopii"},{"$i":"remove-cc","$v":"Odebrat kopii"},{"$i":"add-bcc","$v":"Přidat skrytou kopii"},{"$i":"remove-bcc","$v":"Odebrat skrytou kopii"},{"$i":"attachment-download","$v":"Stáhnout"},{"$i":"attachment-share","$v":"Sdílet"},{"$i":"send-new-mail","$v":"Odeslat nový e-mail"},{"$i":"view-contact","$v":"Zobrazit kontakt"},{"$i":"save-new-contact","$v":"Uložit nový kontakt"},{"$i":"add-to-exsiting-contact","$v":"Přidat ke stáv. kontaktu"},{"$i":"no","$v":"Ne"},{"$i":"yes","$v":"Ano"},{"$i":"retry","$v":"Opakovat"},{"$i":"empty","$v":"Vysypat"},{"$i":"empty-trash-confirm","$v":"Opravdu chcete vysypat koš?"},{"$i":"trash-emptied","$v":"Koš vysypán"},{"$i":"next","$v":"Další"},{"$i":"welcome-header","$v":"E-mail"},{"$i":"welcome-msg","$v":"Vítejte v aplikaci E-mail."},{"$i":"welcome-msg-setup","$v":"Stisknutím možnosti Další nastavíte e-mailový účet."},{"$i":"discard","$v":"Zahodit"},{"$i":"leave-this-page-warning-message","$v":"Opravdu chcete zahodit údaje o e-mailovém účtu?"},{"$i":"finish","$v":"Dokončit"},{"$i":"setup-done-msg","$v":"Úspěšně jste se přihlásili. Chcete přidat další účet?"},{"$i":"save-as-draft","$v":"Uložit jako koncept"},{"$i":"show-password","$v":"Zobrazit heslo"},{"$i":"account-label","$v":"Označení účtu"},{"$i":"folders","$v":"Složky"},{"$i":"security","$v":"Zabezpečení"},{"$i":"port-number","$v":"Číslo portu"},{"$i":"domain-username","$v":"Doména\\uživatelské jméno"},{"$i":"synchronizing","$v":"Synchronizování…"},{"$i":"browse-mail","$v":"Procházet e-mail"},{"$i":"never-sync","$v":"Místní složku nelze synchronizovat"},{"$i":"emptyDownloadFile","$v":"Tento soubor nelze stáhnout. Pravděpodobně je prázdný."},{"$i":"sync","$v":"Synchronizovat"},{"$i":"outbox-unsent-label","$v":{"few":["Neodeslané zprávy (",{"t":"idOrVar","v":"n"},") v poště k odeslání"],"many":["Neodeslané zprávy (",{"t":"idOrVar","v":"n"},") v poště k odeslání"],"one":"1 neodeslaná zpráva v poště k odeslání","other":["Neodeslané zprávy (",{"t":"idOrVar","v":"n"},") v poště k odeslání"],"two":"2 neodeslané zprávy v poště k odeslání"},"$x":[{"t":"idOrVar","v":"plural"},"n"]},{"$i":"storage-full-title","$v":"Úložiště je plné"},{"$i":"storage-full-warning","$v":"Místo lze uvolnit odstraněním některých souborů médií nebo pomocí dat aplikace správce."},{"$i":"storage-full","$v":"Úložiště telefonu je plné."},{"$i":"storage-sdcard-full","$v":"SD karta je plná."},{"$i":"view-address","$v":"Zobrazit adresu"},{"$i":"mail-address-title","$v":"E-mailová adresa"},{"$i":"mail-address","$v":[{"t":"idOrVar","v":"address"}]},{"$i":"value-name","$v":[{"t":"idOrVar","v":"name"}]},{"$i":"account-deleted","$v":"Účet byl smazán."},{"$i":"account-reEnable","$v":"Účet již existuje. Synchronizovat e-maily účtu?"},{"$i":"setup-account-usedInfo","$v":"Tento účet bude používán aplikacemi níže. Nastavení můžete změnit v nabídce Nastavení>Účet."},{"$i":"setup-account-settingsInfo","$v":"Každá aplikace má jiné intervaly synchronizace. Naleznete je v příslušných nastaveních."},{"$i":"app-calendar","$v":"Kalendář"},{"$i":"app-contacts","$v":"Kontakty"},{"$i":"app-email","$v":"E-mail"},{"$i":"weekday-0-long","$v":"Neděle"},{"$i":"weekday-1-long","$v":"Pondělí"},{"$i":"weekday-2-long","$v":"Úterý"},{"$i":"weekday-3-long","$v":"Středa"},{"$i":"weekday-4-long","$v":"Čtvrtek"},{"$i":"weekday-5-long","$v":"Pátek"},{"$i":"weekday-6-long","$v":"Sobota"},{"$i":"weekday-0-short","$v":"Ne"},{"$i":"weekday-1-short","$v":"Po"},{"$i":"weekday-2-short","$v":"Út"},{"$i":"weekday-3-short","$v":"St"},{"$i":"weekday-4-short","$v":"Čt"},{"$i":"weekday-5-short","$v":"Pá"},{"$i":"weekday-6-short","$v":"So"},{"$i":"month-0-long","$v":"Leden"},{"$i":"month-1-long","$v":"Únor"},{"$i":"month-2-long","$v":"Březen"},{"$i":"month-3-long","$v":"Duben"},{"$i":"month-4-long","$v":"Květen"},{"$i":"month-5-long","$v":"Červen"},{"$i":"month-6-long","$v":"Červenec"},{"$i":"month-7-long","$v":"Srpen"},{"$i":"month-8-long","$v":"Září"},{"$i":"month-9-long","$v":"Říjen"},{"$i":"month-10-long","$v":"Listopad"},{"$i":"month-11-long","$v":"Prosinec"},{"$i":"month-0-genitive","$v":"Leden"},{"$i":"month-1-genitive","$v":"Únor"},{"$i":"month-2-genitive","$v":"Březen"},{"$i":"month-3-genitive","$v":"Duben"},{"$i":"month-4-genitive","$v":"Květen"},{"$i":"month-5-genitive","$v":"Červen"},{"$i":"month-6-genitive","$v":"Červenec"},{"$i":"month-7-genitive","$v":"Srpen"},{"$i":"month-8-genitive","$v":"Září"},{"$i":"month-9-genitive","$v":"Říjen"},{"$i":"month-10-genitive","$v":"Listopad"},{"$i":"month-11-genitive","$v":"Prosinec"},{"$i":"month-0-short","$v":"Led"},{"$i":"month-1-short","$v":"Úno"},{"$i":"month-2-short","$v":"Bře"},{"$i":"month-3-short","$v":"Dub"},{"$i":"month-4-short","$v":"Kvě"},{"$i":"month-5-short","$v":"Čer"},{"$i":"month-6-short","$v":"Čvc"},{"$i":"month-7-short","$v":"Srp"},{"$i":"month-8-short","$v":"Zář"},{"$i":"month-9-short","$v":"Říj"},{"$i":"month-10-short","$v":"Lis"},{"$i":"month-11-short","$v":"Pro"},{"$i":"minutes-ago-long","$v":{"few":["před ",{"t":"idOrVar","v":"value"}," minutami"],"many":["před ",{"t":"idOrVar","v":"value"}," minutami"],"one":"před minutou","other":["před ",{"t":"idOrVar","v":"value"}," minutami"],"two":["před ",{"t":"idOrVar","v":"value"}," minutami"],"zero":"právě teď"},"$x":[{"t":"idOrVar","v":"plural"},"value"]},{"$i":"hours-ago-long","$v":{"few":["před ",{"t":"idOrVar","v":"value"}," hodinami"],"many":["před ",{"t":"idOrVar","v":"value"}," hodinami"],"one":"před hodinou","other":["před ",{"t":"idOrVar","v":"value"}," hodinami"],"two":["před ",{"t":"idOrVar","v":"value"}," hodinami"],"zero":"právě teď"},"$x":[{"t":"idOrVar","v":"plural"},"value"]},{"$i":"days-ago-long","$v":{"few":["před ",{"t":"idOrVar","v":"value"}," dny"],"many":["před ",{"t":"idOrVar","v":"value"}," dny"],"one":"včera","other":["před ",{"t":"idOrVar","v":"value"}," dny"],"two":["před ",{"t":"idOrVar","v":"value"}," dny"],"zero":"dnes"},"$x":[{"t":"idOrVar","v":"plural"},"value"]},{"$i":"weeks-ago-long","$v":{"few":["před ",{"t":"idOrVar","v":"value"}," týdny"],"many":["před ",{"t":"idOrVar","v":"value"}," týdny"],"one":"minulý týden","other":["před ",{"t":"idOrVar","v":"value"}," týdny"],"two":["před ",{"t":"idOrVar","v":"value"}," týdny"],"zero":"tento týden"},"$x":[{"t":"idOrVar","v":"plural"},"value"]},{"$i":"months-ago-long","$v":{"few":["před ",{"t":"idOrVar","v":"value"}," měsíci"],"many":["před ",{"t":"idOrVar","v":"value"}," měsíci"],"one":"poslední měsíc","other":["před ",{"t":"idOrVar","v":"value"}," měsíci"],"two":["před ",{"t":"idOrVar","v":"value"}," měsíci"],"zero":"tento měsíc"},"$x":[{"t":"idOrVar","v":"plural"},"value"]},{"$i":"years-ago-long","$v":{"few":["před ",{"t":"idOrVar","v":"value"}," lety"],"many":["před ",{"t":"idOrVar","v":"value"}," lety"],"one":"minulý rok","other":["před ",{"t":"idOrVar","v":"value"}," lety"],"two":["před ",{"t":"idOrVar","v":"value"}," lety"],"zero":"tento rok"},"$x":[{"t":"idOrVar","v":"plural"},"value"]},{"$i":"minutes-until-long","$v":{"few":["za ",{"t":"idOrVar","v":"value"}," min."],"many":["za ",{"t":"idOrVar","v":"value"}," min."],"one":"za minutu","other":["za ",{"t":"idOrVar","v":"value"}," min."],"two":["za ",{"t":"idOrVar","v":"value"}," min."],"zero":"nyní"},"$x":[{"t":"idOrVar","v":"plural"},"value"]},{"$i":"hours-until-long","$v":{"few":["za ",{"t":"idOrVar","v":"value"}," hod."],"many":["za ",{"t":"idOrVar","v":"value"}," hod."],"one":"za hodinu","other":["za ",{"t":"idOrVar","v":"value"}," hod."],"two":["za ",{"t":"idOrVar","v":"value"}," hod."],"zero":"nyní"},"$x":[{"t":"idOrVar","v":"plural"},"value"]},{"$i":"days-until-long","$v":{"few":["za ",{"t":"idOrVar","v":"value"}," dny/dní"],"many":["za ",{"t":"idOrVar","v":"value"}," dny/dní"],"one":"zítra","other":["za ",{"t":"idOrVar","v":"value"}," dny/dní"],"two":["za ",{"t":"idOrVar","v":"value"}," dny/dní"],"zero":"dnes"},"$x":[{"t":"idOrVar","v":"plural"},"value"]},{"$i":"weeks-until-long","$v":{"few":["za ",{"t":"idOrVar","v":"value"}," týdny/týdnů"],"many":["za ",{"t":"idOrVar","v":"value"}," týdny/týdnů"],"one":"příští týden","other":["za ",{"t":"idOrVar","v":"value"}," týdny/týdnů"],"two":["za ",{"t":"idOrVar","v":"value"}," týdny/týdnů"],"zero":"tento týden"},"$x":[{"t":"idOrVar","v":"plural"},"value"]},{"$i":"months-until-long","$v":{"few":["za ",{"t":"idOrVar","v":"value"}," měsíce/měsíců"],"many":["za ",{"t":"idOrVar","v":"value"}," měsíce/měsíců"],"one":"příští měsíc","other":["za ",{"t":"idOrVar","v":"value"}," měsíce/měsíců"],"two":["za ",{"t":"idOrVar","v":"value"}," měsíce/měsíců"],"zero":"tento měsíc"},"$x":[{"t":"idOrVar","v":"plural"},"value"]},{"$i":"years-until-long","$v":{"few":["za ",{"t":"idOrVar","v":"value"}," roky/let"],"many":["za ",{"t":"idOrVar","v":"value"}," roky/let"],"one":"příští rok","other":["za ",{"t":"idOrVar","v":"value"}," roky/let"],"two":["za ",{"t":"idOrVar","v":"value"}," roky/let"],"zero":"tento rok"},"$x":[{"t":"idOrVar","v":"plural"},"value"]},{"$i":"minutes-ago-short","$v":{"other":["před ",{"t":"idOrVar","v":"value"}," m"],"zero":"právě teď"},"$x":[{"t":"idOrVar","v":"plural"},"value"]},{"$i":"hours-ago-short","$v":{"other":["před ",{"t":"idOrVar","v":"value"}," h"],"zero":"právě teď"},"$x":[{"t":"idOrVar","v":"plural"},"value"]},{"$i":"days-ago-short","$v":{"other":["před ",{"t":"idOrVar","v":"value"}," d"],"zero":"dnes"},"$x":[{"t":"idOrVar","v":"plural"},"value"]},{"$i":"minutes-until-short","$v":{"other":["za ",{"t":"idOrVar","v":"value"}," m"],"zero":"nyní"},"$x":[{"t":"idOrVar","v":"plural"},"value"]},{"$i":"hours-until-short","$v":{"other":["za ",{"t":"idOrVar","v":"value"}," h"],"zero":"nyní"},"$x":[{"t":"idOrVar","v":"plural"},"value"]},{"$i":"days-until-short","$v":{"other":["za ",{"t":"idOrVar","v":"value"}," d"],"zero":"dnes"},"$x":[{"t":"idOrVar","v":"plural"},"value"]},{"$i":"incorrectDate","$v":"(nesprávné datum)"},{"$i":"dateTimeFormat_%c","$v":"%a %b %e %Y %I:%M:%S %p"},{"$i":"dateTimeFormat_%x","$v":"%m/%d/%Y"},{"$i":"dateTimeFormat_%X","$v":"%I:%M:%S %p"},{"$i":"shortTimeFormat","$v":"%I:%M %p"},{"$i":"shortTimeFormat12","$v":"%I:%M %p"},{"$i":"shortTimeFormat24","$v":"%H:%M"},{"$i":"shortDateTimeFormat","$v":"%x %I:%M %p"},{"$i":"weekStartsOnMonday","$v":"0.0"},{"$i":"firstDayOfTheWeek","$v":"1.0"},{"$i":"time_am","$v":"dop."},{"$i":"time_pm","$v":"odp."}]