[{"$i":"setup-app-name-header","$v":"E-Mail"},{"$i":"setup-empty-account-message","$v":"Sie verfügen über keine entsprechende Konfiguration, um E-Mails zu erhalten. Richten Sie ein Konto ein, um den Vorgang abzuschließen"},{"$i":"setup-pick-service","$v":"Um E-Mails senden und empfangen zu können, müssen Sie ein Konto einrichten."},{"$i":"setup-account-header3","$v":"Kontoanmeldung"},{"$i":"setup-account-password","$v":"Passwort"},{"$i":"setup-info-next","$v":"Weiter"},{"$i":"setup-progress-wait-msg","$v":"Konto einrichten"},{"$i":"setup-sync-progress-wait-msg","$v":"Konto synchronisieren"},{"$i":"setup-completed-header","$v":"Herzlichen Glückwunsch!"},{"$i":"setup-completed-label","$v":"Geschafft!"},{"$i":"setup-add-another-account","$v":"Weiteres Konto hinzufügen"},{"$i":"setup-show-mail","$v":"Weiter zu Mail"},{"$i":"setup-done-add","$v":"Konto hinzufügen"},{"$i":"setup-error-offline","$v":"Dieses Gerät ist derzeit offline. Verbinden Sie sich mit einem Netzwerk und versuchen Sie es erneut."},{"$i":"setup-error-bad-user-or-pass2","$v":"Benutzername oder Passwort ungültig. Suchen Sie nach Tippfehlern."},{"$i":"setup-error-bad-address","$v":"Ungültige E-Mail-Adresse. Suchen Sie nach Tippfehlern."},{"$i":"setup-error-not-authorized","$v":"Der Server hat mitgeteilt, dass Sie über keine Autorisierung zum Erstellen eines Kontos verfügen."},{"$i":"setup-error-pop-server-not-great","$v":"Server wird nicht unterstützt. Der POP3-Server kann die erforderlichen Funktionen nicht implementieren."},{"$i":"setup-error-unknown2","$v":"Unbekannter Fehler aufgetreten. Prüfen Sie Ihre Netzwerkverbindung oder verwenden Sie die Option zur manuellen Konfiguration."},{"$i":"setup-error-needs-app-pass","$v":"Für zweistufige Gmail-Konten müssen Sie ein anwendungsspezifisches Passwort verwenden."},{"$i":"setup-error-imap-disabled","$v":"Sie müssen IMAP für Ihr Gmail-Konto aktivieren."},{"$i":"setup-error-pop3-disabled","$v":"Sie müssen POP3 für Ihr Gmail-Konto aktivieren."},{"$i":"setup-error-bad-security","$v":["Es konnte keine sichere Verbindung mit „",{"t":"idOrVar","v":"server"},"“ hergestellt werden. Bei Ihrem Netzwerk oder dem Server liegt möglicherweise ein Problem vor."]},{"$i":"setup-error-unresponsive-server","$v":["Es konnte keine Verbindung mit „",{"t":"idOrVar","v":"server"},"“ hergestellt werden. Möglicherweise liegt ein Netzwerkproblem vor."]},{"$i":"setup-error-server-problem","$v":["Es liegt ein Problem mit dem Server „",{"t":"idOrVar","v":"server"},"“ vor. Versuchen Sie es später erneut."]},{"$i":"setup-error-no-config-info","$v":"Ihr Konto kann nicht automatisch konfiguriert werden. Korrigieren Sie Ihre E-Mail-Adresse oder verwenden Sie die Option zur manuellen Konfigurierung."},{"$i":"setup-error-server-maintenance","$v":["Der Server „",{"t":"idOrVar","v":"server"},"“ ist aus Wartungsgründen derzeit offline. Versuchen Sie es später erneut."]},{"$i":"setup-error-account-already-exists","$v":"Dieses Konto ist bereits konfiguriert."},{"$i":"setup-manual-config2","$v":"Erweit."},{"$i":"setup-manual-config-header","$v":"Kontoanmeldung"},{"$i":"setup-manual-account-type-header","$v":"Kontotyp"},{"$i":"setup-manual-account-type","$v":"Kontotyp"},{"$i":"setup-manual-account-type-select","ariaLabel":"Kontotyp"},{"$i":"setup-manual-imap-header","$v":"IMAP-Einstellungen"},{"$i":"setup-manual-pop3-header","$v":"POP3-Einstellungen"},{"$i":"setup-manual-smtp-header","$v":"SMTP-Einstellungen"},{"$i":"setup-manual-activesync-header","$v":"ActiveSync-Einstellungen"},{"$i":"setup-manual-next","$v":"Weiter"},{"$i":"setup-manual-socket","$v":"Sockettyp"},{"$i":"setup-manual-socket-ssl","$v":"SSL"},{"$i":"setup-manual-socket-starttls","$v":"STARTTLS"},{"$i":"setup-manual-socket-select","ariaLabel":"Verbindungssicherheit"},{"$i":"setup-manual-socket-plain","$v":"Unverschlüsselt"},{"$i":"setup-bad-password-header","$v":"Falsches Passwort"},{"$i":"setup-bad-password","$v":"Anmeldung beim Server nicht möglich. Bitte geben Sie das Passwort erneut ein."},{"$i":"setup-new-password","placeholder":"Neues Passwort"},{"$i":"setup-fix-password","$v":"Mit neuem Passwort erneut versuchen"},{"$i":"setup-gmail-twofactor-header","$v":"Zweistufig aktiviert"},{"$i":"setup-gmail-twofactor-message","$v":"Geben Sie unten ein anwendungsspezifisches Passwort ein."},{"$i":"setup-gmail-imap-header","$v":"IMAP deaktiviert"},{"$i":"setup-gmail-imap-message","$v":"Sie müssen IMAP in Ihrem Gmail-Konto aktivieren."},{"$i":"setup-gmail-retry","$v":"Wiederholen"},{"$i":"setup-gmail-pop3-header","$v":"POP3 deaktiviert"},{"$i":"setup-gmail-pop3-message","$v":"Sie müssen POP3 in Ihrem Gmail-Konto aktivieren."},{"$i":"setup-fix-oauth2-header","$v":"E-Mail erneut autorisieren"},{"$i":"setup-fix-oauth2-description","$v":"E-Mail muss erneut autorisiert werden, um auf das folgende Konto zugreifen zu können:"},{"$i":"setup-fix-oauth2-reauthorize","$v":"Erneut autorisieren"},{"$i":"settings-main-header","$v":"E-Mail-Einstellungen"},{"$i":"settings-sub-header-account","$v":"Konto"},{"$i":"settings-account-group","ariaLabel":"Konto"},{"$i":"settings-account-name","$v":"Ihr Name"},{"$i":"settings-account-label","$v":"Kontobezeichnung"},{"$i":"settings-account-display-notifications","$v":"Neue E-Mail-Benachrichtigungen anzeigen"},{"$i":"settings-account-play-sound-onsend","$v":"Ton abspielen, nachdem die Mitteilung gesendet wurde"},{"$i":"settings-account-signature-label","$v":"Signatur"},{"$i":"settings-sub-header-data","$v":"Daten"},{"$i":"settings-data-group","ariaLabel":"Daten"},{"$i":"settings-account-check-mail","$v":"Nach neuen Mitteilungen suchen"},{"$i":"settings-account-check-mail-select","ariaLabel":"Nach neuen Mitteilungen suchen"},{"$i":"settings-sub-header-server","$v":"Server-Einstellungen"},{"$i":"settings-server-group","ariaLabel":"Server-Einstellungen"},{"$i":"settings-account-userpass","$v":"Nutzername und Passwort"},{"$i":"settings-account-useroauth2","$v":"Nutzername"},{"$i":"settings-default-signature-2","$v":"Von meinem Telefon gesendet"},{"$i":"settings-done","$v":"Fertig"},{"$i":"settings-account-section","$v":"Konten"},{"$i":"settings-account-listbox","ariaLabel":"Konten"},{"$i":"settings-account-add","$v":"Hinzufügen"},{"$i":"settings-account-delete","$v":"Kto löschen"},{"$i":"settings-account-delete-prompt","$v":["Möchten Sie Ihr ",{"t":"idOrVar","v":"account"}," E-Mail-Konto wirklich löschen?"]},{"$i":"settings-account-delete-desc","$v":"Sie müssen Ihre E-Mails erneut herunterladen, wenn Sie das Konto neu erstellen möchten."},{"$i":"settings-account-delete-cancel","$v":"Abbrechen"},{"$i":"settings-account-delete-confirm","$v":"Löschen"},{"$i":"settings-account-clarify","$v":[{"t":"idOrVar","v":"account-name"}]},{"$i":"settings-account-clarify-imap","$v":[{"t":"idOrVar","v":"account-name"}," (IMAP)"]},{"$i":"settings-account-clarify-pop3","$v":[{"t":"idOrVar","v":"account-name"}," (POP3)"]},{"$i":"settings-account-clarify-smtp","$v":[{"t":"idOrVar","v":"account-name"}," (SMTP)"]},{"$i":"settings-general-section","$v":"Allgemeine Einstellungen"},{"$i":"settings-show-images","$v":"Bilder immer anzeigen"},{"$i":"settings-download-attachments","$v":"Anhänge herunterladen"},{"$i":"settings-check-every-5min","$v":"Alle 5 Minuten"},{"$i":"settings-check-every-10min","$v":"Alle 10 Minuten"},{"$i":"settings-check-every-15min","$v":"Alle 15 Minuten"},{"$i":"settings-check-every-30min","$v":"Alle 30 Minuten"},{"$i":"settings-check-every-60min","$v":"Jede Stunde"},{"$i":"settings-check-every-manual","$v":"Manuell"},{"$i":"settings-check-dynamic","$v":{"few":[{"t":"idOrVar","v":"n"}," Sekunden"],"many":[{"t":"idOrVar","v":"n"}," Sekunden"],"one":[{"t":"idOrVar","v":"n"}," Sekunde"],"other":[{"t":"idOrVar","v":"n"}," Sekunden"],"two":[{"t":"idOrVar","v":"n"}," Sekunden"],"zero":"Deaktiviert"},"$x":[{"t":"idOrVar","v":"plural"},"n"]},{"$i":"settings-default-account","$v":"Als Standard-E-Mail festlegen"},{"$i":"settings-account-type","$v":"Kontotyp"},{"$i":"settings-account-credentials","$v":"Anmeldedaten"},{"$i":"settings-activesync-label","$v":"ActiveSync-Einstellungen"},{"$i":"settings-imap-label","$v":"IMAP-Einstellungen"},{"$i":"settings-pop3-label","$v":"POP3-Einstellungen"},{"$i":"settings-smtp-label","$v":"SMTP-Einstellungen"},{"$i":"settings-hostname","$v":"Hostname"},{"$i":"settings-port","$v":"Port"},{"$i":"settings-username","$v":"Nutzername"},{"$i":"settings-password","$v":"Passwort"},{"$i":"settings-save","$v":"Speichern"},{"$i":"password-saved","$v":"Passwort gespeichert."},{"$i":"settings-reauth","$v":"Erneut autorisieren"},{"$i":"settings-account-synchronize-window","$v":"Zu synchronisierende Tage"},{"$i":"settings-account-synchronize-window-select","ariaLabel":"Zu synchronisierende Tage"},{"$i":"settings-synchronize-auto","$v":"Automatisch"},{"$i":"settings-synchronize-one-day","$v":"1 Tag"},{"$i":"settings-synchronize-three-days","$v":"3 Tage"},{"$i":"settings-synchronize-one-week","$v":"1 Woche"},{"$i":"settings-synchronize-two-weeks","$v":"2 Wochen"},{"$i":"settings-synchronize-one-month","$v":"1 Monat"},{"$i":"settings-synchronize-all","$v":"Alle Mitteilungen"},{"$i":"envelope-from","$v":"Von"},{"$i":"envelope-to","$v":"An"},{"$i":"envelope-cc","$v":"CC"},{"$i":"envelope-bcc","$v":"BCC"},{"$i":"message-header-state-sending","ariaLabel":"Wird gesendet..."},{"$i":"message-header-state-error","ariaLabel":"Fehler beim Senden"},{"$i":"message-header-unread","ariaLabel":"Ungelesen"},{"$i":"message-header-reply","ariaLabel":"Antworten"},{"$i":"message-header-forward","ariaLabel":"Weiterleiten"},{"$i":"message-header-starred","ariaLabel":"Enthält Stern"},{"$i":"message-header-attachments","ariaLabel":"Enthält Anhänge"},{"$i":"message-body-container","ariaLabel":"Mitteilungstext"},{"$i":"message-body-container-progress","ariaValueText":"Wird geladen..."},{"$i":"subject","ariaLabel":"Betreff"},{"$i":"attachments-container","ariaLabel":"Anhänge"},{"$i":"from-group","ariaLabel":"Von"},{"$i":"to-group","ariaLabel":"An"},{"$i":"cc-group","ariaLabel":"CC"},{"$i":"bcc-group","ariaLabel":"BCC"},{"$i":"compose-header","$v":"Mitteilung verfassen"},{"$i":"compose-header-short","$v":"Erstellen"},{"$i":"compose-send","$v":"Senden"},{"$i":"compose-send-button","ariaLabel":"Senden"},{"$i":"compose-to","$v":"An"},{"$i":"compose-cc","$v":"CC"},{"$i":"compose-bcc","$v":"BCC"},{"$i":"compose-cc-remove","$v":"Die Cc-Liste wurde entfernt."},{"$i":"compose-bcc-remove","$v":"Die Bcc-Liste wurde entfernt."},{"$i":"compose-contact-add","ariaLabel":"Kontakt hinzufügen"},{"$i":"compose-attachments","$v":{"few":["Anhänge (",{"t":"idOrVar","v":"n"},")"],"many":["Anhänge (",{"t":"idOrVar","v":"n"},")"],"one":["Anhang (",{"t":"idOrVar","v":"n"},")"],"other":["Anhänge (",{"t":"idOrVar","v":"n"},")"],"two":["Anhänge (",{"t":"idOrVar","v":"n"},")"],"zero":"Anhang"},"$x":[{"t":"idOrVar","v":"plural"},"n"]},{"$i":"compose-text","ariaLabel":"Bearbeiten"},{"$i":"compose-attachment-still-working","$v":"Bitte einen Moment Geduld. Letzter Anhang wird noch verarbeitet..."},{"$i":"compose-attachment-loading","$v":"Anhang wird geladen..."},{"$i":"compose-attachments-loading","$v":"Anhänge werden geladen..."},{"$i":"compose-forward-attachment-error-title","$v":"Download fehlgeschlagen."},{"$i":"compose-forward-attachment-error-title2","$v":"Fehler"},{"$i":"compose-forward-attachment-unable-load","$v":"Anhang konnte nicht geladen werden."},{"$i":"compose-forward-attachments-unable-load","$v":"Anhänge konnten nicht geladen werden."},{"$i":"compose-forward-attachment-load-error","$v":"Einige Anhänge konnten nicht geladen werden."},{"$i":"confirmation-title","$v":"Bestätigung"},{"$i":"compose-subject","$v":"Betreff"},{"$i":"compose-draft-save","$v":"Unter „Lokale Entwürfe“ speichern?"},{"$i":"compose-discard-confirm","$v":"Verwerfen"},{"$i":"compose-draft-dialog-cancel","$v":"Abbrechen"},{"$i":"compose-draft-dialog-save","$v":"Speichern"},{"$i":"composer-draft-saved","$v":"Mitteilung wurde unter „Lokale Entwürfe“ gespeichert."},{"$i":"attention","$v":"Vorsicht"},{"$i":"compose-send-message-failed","$v":"Senden der E-Mail fehlgeschlagen"},{"$i":"compose-attchment-size-exceeded","$v":"Der ausgewählte Anhang ist zu groß, um mit dieser Mitteilung gesendet zu werden."},{"$i":"compose-attchments-size-exceeded","$v":"Die ausgewählten Anhänge sind zu groß, um mit dieser Mitteilung gesendet zu werden."},{"$i":"composer-attachment-large-title","$v":"Datei ist zu groß."},{"$i":"default-attachment-filename","$v":["Anhang (",{"t":"idOrVar","v":"n"},")"]},{"$i":"attachment-size-meb","$v":[{"t":"idOrVar","v":"megabytes"}," MB"]},{"$i":"attachment-size-kib","$v":[{"t":"idOrVar","v":"kilobytes"}," KB"]},{"$i":"attachment-size-byte","$v":[{"t":"idOrVar","v":"bytes"}," B"]},{"$i":"message-attachment-view","$v":"Anzeigen"},{"$i":"message-attachment-did-not-open-label","$v":"Kann nicht geöffnet werden"},{"$i":"message-attachment-did-not-open-body","$v":"Das Gerät verfügt über keine App, die den Anhang öffnen kann."},{"$i":"message-attachment-too-large","$v":"Diese Datei ist zu groß, um heruntergeladen zu werden."},{"$i":"message-attachment-not-found","$v":"Anhang wurde nicht gefunden. Die Datei wurde möglicherweise gelöscht."},{"$i":"message-attachment-download-fail","$v":[{"t":"idOrVar","v":"fileName"}," – Download fehlgeschlagen."]},{"$i":"message-no-subject","$v":"(kein Betreff)"},{"$i":"message-edit-menu-edit","$v":"Bearbeiten"},{"$i":"message-edit-menu-delete","$v":"Löschen"},{"$i":"message-edit-delete-confirm","$v":"Diese E-Mail löschen?"},{"$i":"message-forward-attachment-title","$v":"Anhang"},{"$i":"message-forward-attachment","$v":"Anhang ebenfalls weiterleiten?"},{"$i":"message-forward-attachments","$v":"Anhänge ebenfalls weiterleiten?"},{"$i":"message-multiedit-header","$v":{"few":[{"t":"idOrVar","v":"n"}," ausgewählt"],"many":[{"t":"idOrVar","v":"n"}," ausgewählt"],"one":[{"t":"idOrVar","v":"n"}," ausgewählt"],"other":[{"t":"idOrVar","v":"n"}," ausgewählt"],"two":[{"t":"idOrVar","v":"n"}," ausgewählt"],"zero":[{"t":"idOrVar","v":"n"}," ausgewählt"]},"$x":[{"t":"idOrVar","v":"plural"},"n"]},{"$i":"message-multiedit-search-header","$v":{"few":[{"t":"idOrVar","v":"n"}," ausgewählt"],"many":[{"t":"idOrVar","v":"n"}," ausgewählt"],"one":[{"t":"idOrVar","v":"n"}," ausgewählt"],"other":[{"t":"idOrVar","v":"n"}," ausgewählt"],"two":[{"t":"idOrVar","v":"n"}," ausgewählt"],"zero":"0 ausgewählt"},"$x":[{"t":"idOrVar","v":"plural"},"n"]},{"$i":"browse-to-url-prompt","$v":["Auf URL zugreifen? ",{"t":"idOrVar","v":"url"}]},{"$i":"message-download-images-tap","$v":{"few":["Diese E-Mail enthält ",{"t":"idOrVar","v":"n"}," Bilder. Zum Herunterladen berühren."],"many":["Diese E-Mail enthält ",{"t":"idOrVar","v":"n"}," Bilder. Zum Herunterladen berühren."],"one":"Diese E-Mail enthält ein Bild. Zum Herunterladen berühren.","other":["Diese E-Mail enthält ",{"t":"idOrVar","v":"n"}," Bilder. Zum Herunterladen berühren."],"two":["Diese E-Mail enthält ",{"t":"idOrVar","v":"n"}," Bilder. Zum Herunterladen berühren."]},"$x":[{"t":"idOrVar","v":"plural"},"n"]},{"$i":"message-show-external-images","$v":"Externe Bilder anzeigen"},{"$i":"message-delete-cancel","$v":"Abbrechen"},{"$i":"message-multiedit-delete-confirm","$v":{"few":[{"t":"idOrVar","v":"n"}," Mitteilungen löschen?"],"many":[{"t":"idOrVar","v":"n"}," Mitteilungen löschen?"],"one":"Ausgewählte Mitteilung löschen?","other":[{"t":"idOrVar","v":"n"}," Mitteilungen löschen?"],"two":[{"t":"idOrVar","v":"n"}," Mitteilungen löschen?"]},"$x":[{"t":"idOrVar","v":"plural"},"n"]},{"$i":"message-large-message-cancel","$v":"Abbrechen"},{"$i":"message-large-message-ok","$v":"Weiter"},{"$i":"message-large-message-confirm","$v":"Diese Mitteilung ist sehr groß. Der Download verzögert sich."},{"$i":"message-large-message-warning","$v":"Die Mitteilung ist zu groß, um geladen zu werden."},{"$i":"message-search-header","$v":"Suchen"},{"$i":"search-result","$v":[{"t":"idOrVar","v":"num"}," Übereinstimmung gefunden"]},{"$i":"message-search-from","$v":"Von"},{"$i":"message-search-to","$v":"An"},{"$i":"message-search-subject","$v":"Betreff"},{"$i":"message-search-body","$v":"Text"},{"$i":"message-search-all","$v":"Alle"},{"$i":"message-search-input","placeholder":"E-Mail durchsuchen"},{"$i":"message-search-cancel","$v":"Abbrechen"},{"$i":"messages-syncing","$v":"Mitteilungen werden geladen..."},{"$i":"messages-syncing-progressbar","ariaValueText":"Mitteilungen werden geladen..."},{"$i":"messages-load-more","$v":"Mehr Mitteilungen laden"},{"$i":"messages-folder-empty","$v":"Keine E-Mail in diesem Ordner"},{"$i":"messages-search-empty","$v":"Keine Übereinstimmungen in lokal zwischengespeicherten Mitteilungen"},{"$i":"messages-folder-select","$v":"In Ordner verschieben"},{"$i":"messages-folder-unread-max","$v":"999+"},{"$i":"message-contact-menu-create","$v":"Neuen Kontakt speichern"},{"$i":"message-contact-menu-add-existing","$v":"Zu vorhandenem Kontakt hinzufügen"},{"$i":"message-contact-menu-view","$v":"Kontakt anzeigen"},{"$i":"message-contact-menu-reply","$v":"Antworten"},{"$i":"message-contact-menu-new","$v":"Neue E-Mail senden"},{"$i":"message-reply-menu-reply","$v":"Antworten"},{"$i":"message-reply-menu-reply-all","$v":"Allen antworten"},{"$i":"message-reply-menu-forward","$v":"Weiterleiten"},{"$i":"message-reply-menu-cancel","$v":"Abbrechen"},{"$i":"reply-quoting-wrote","$v":"{name} schrieb"},{"$i":"forward-original-message","$v":"Ursprüngliche Mitteilung"},{"$i":"forward-header-subject","$v":"Betreff"},{"$i":"forward-header-date","$v":"Datum"},{"$i":"forward-header-from","$v":"Von"},{"$i":"forward-header-reply-to","$v":"Antworten"},{"$i":"forward-header-to","$v":"An"},{"$i":"forward-header-cc","$v":"CC"},{"$i":"folder-inbox","$v":"Eingang"},{"$i":"folder-sent","$v":"Gesendet"},{"$i":"folder-drafts","$v":"Entwürfe"},{"$i":"folder-trash","$v":"Papierkorb"},{"$i":"folder-queue","$v":"Nicht gesendet"},{"$i":"folder-junk","$v":"Junk-E-Mail"},{"$i":"folder-archives","$v":"Archive"},{"$i":"folder-localdrafts","$v":"Lokale Entwürfe"},{"$i":"folder-outbox","$v":"Postausgang"},{"$i":"drawer-back","$v":"Zurück"},{"$i":"drawer-accounts-header","$v":"Konten"},{"$i":"drawer-settings-link","$v":"Einstellungen"},{"$i":"folder-last-synced-label","$v":"Letzte Synchronisierung:"},{"$i":"messages-refresh-progress","ariaValueText":"Wird aktualisiert"},{"$i":"no-internet-connection","$v":"Keine Internetverbindung."},{"$i":"toaster-undo","$v":"Rückgängig"},{"$i":"toaster-message-star","$v":{"few":[{"t":"idOrVar","v":"n"}," Mitteilungen gekennzeichnet"],"many":[{"t":"idOrVar","v":"n"}," Mitteilungen gekennzeichnet"],"one":"Mitteilung gekennzeichnet","other":[{"t":"idOrVar","v":"n"}," Mitteilungen gekennzeichnet"],"two":[{"t":"idOrVar","v":"n"}," Mitteilungen gekennzeichnet"]},"$x":[{"t":"idOrVar","v":"plural"},"n"]},{"$i":"toaster-message-unstar","$v":{"few":[{"t":"idOrVar","v":"n"}," Kennzeichnen von Mitteilungen entfernt"],"many":[{"t":"idOrVar","v":"n"}," Kennzeichnen von Mitteilungen entfernt"],"one":"Kennzeichnen von Mitteilung entfernt","other":[{"t":"idOrVar","v":"n"}," Kennzeichnen von Mitteilungen entfernt"],"two":[{"t":"idOrVar","v":"n"}," Kennzeichnen von Mitteilungen entfernt"]},"$x":[{"t":"idOrVar","v":"plural"},"n"]},{"$i":"toaster-message-read","$v":{"few":[{"t":"idOrVar","v":"n"}," Mitteilungen als gelesen markiert"],"many":[{"t":"idOrVar","v":"n"}," Mitteilungen als gelesen markiert"],"one":"Mitteilung als gelesen markiert","other":[{"t":"idOrVar","v":"n"}," Mitteilungen als gelesen markiert"],"two":[{"t":"idOrVar","v":"n"}," Mitteilungen als gelesen markiert"]},"$x":[{"t":"idOrVar","v":"plural"},"n"]},{"$i":"toaster-message-unread","$v":{"few":[{"t":"idOrVar","v":"n"}," Mitteilungen als ungelesen markiert"],"many":[{"t":"idOrVar","v":"n"}," Mitteilungen als ungelesen markiert"],"one":"Mitteilung als ungelesen markiert","other":[{"t":"idOrVar","v":"n"}," Mitteilungen als ungelesen markiert"],"two":[{"t":"idOrVar","v":"n"}," Mitteilungen als ungelesen markiert"]},"$x":[{"t":"idOrVar","v":"plural"},"n"]},{"$i":"toaster-message-move","$v":{"few":[{"t":"idOrVar","v":"n"}," Mitteilungen verschoben in Ordner:"],"many":[{"t":"idOrVar","v":"n"}," Mitteilungen verschoben in Ordner:"],"one":"Mitteilung verschoben in Ordner:","other":[{"t":"idOrVar","v":"n"}," Mitteilungen verschoben in Ordner:"],"two":[{"t":"idOrVar","v":"n"}," Mitteilungen verschoben in Ordner:"]},"$x":[{"t":"idOrVar","v":"plural"},"n"]},{"$i":"toaster-message-delete","$v":{"few":[{"t":"idOrVar","v":"n"}," E-Mails gelöscht"],"many":[{"t":"idOrVar","v":"n"}," E-Mails gelöscht"],"one":"1 E-Mail gelöscht","other":[{"t":"idOrVar","v":"n"}," E-Mails gelöscht"],"two":[{"t":"idOrVar","v":"n"}," E-Mails gelöscht"]},"$x":[{"t":"idOrVar","v":"plural"},"n"]},{"$i":"toaster-sync-failed","$v":"Verbindung zum Server nicht möglich."},{"$i":"compose-invalid-addresses-title","$v":"Ungültige Adressen"},{"$i":"compose-invalid-addresses-description","$v":"Ihre Mitteilung enthält eine oder mehrere ungültige E-Mail-Adressen. Bitte korrigieren Sie diese vor dem Senden."},{"$i":"background-send-pending","$v":"Netzwerk nicht verfügbar. E-Mail wurde im Postausgang gespeichert."},{"$i":"background-send-sending","$v":"E-Mail wird gesendet..."},{"$i":"background-send-success","$v":"E-Mail wurde gesendet."},{"$i":"background-send-error","$v":"Fehler. E-Mail wurde im Postausgang gespeichert."},{"$i":"background-send-error-recipients","$v":"Empfängerfehler. E-Mail wurde im Postausgang gespeichert."},{"$i":"background-send-error-title","$v":"E-Mail konnte nicht gesendet werden"},{"$i":"send-failure-recipients","$v":"Überprüfen Sie die Rechtschreibung der obigen Adressen. Ihr E-Mail-Server hat angegeben, dass eine oder mehrere der obigen Adressen nicht korrekt sind."},{"$i":"send-failure-unknown","$v":"Die Mitteilung kann nicht gesendet werden."},{"$i":"form-clear-input","$v":"Text entfernen"},{"$i":"confirm-dialog-title","$v":"Bestätigung"},{"$i":"confirm-dialog-ok","$v":"OK"},{"$i":"msg-display-subject","$v":"Betreff"},{"$i":"msg-reader-display-attachments","$v":"Anhänge"},{"$i":"msg-reader-display-attachment","$v":"Anhang"},{"$i":"msg-reader-download-external-images","$v":["Externe Bilder herunterladen (",{"t":"idOrVar","v":"n"}," MB)"]},{"$i":"msg-reader-sender-header","$v":"Von"},{"$i":"msg-reader-recipients-header","$v":"Empfänger"},{"$i":"msg-reader-cc-header","$v":"CC"},{"$i":"msg-reader-bcc-header","$v":"BCC"},{"$i":"msg-reader-message-flagged","$v":"Mitteilung gekennzeichnet"},{"$i":"msg-reader-flag-removed","$v":"Kennzeichnen entfernt"},{"$i":"external-image-downloading","$v":"Wird heruntergeladen..."},{"$i":"senders-separation-sign","$v":", "},{"$i":"new-messages","$v":{"few":[{"t":"idOrVar","v":"n"}," neue Mitteilungen"],"many":[{"t":"idOrVar","v":"n"}," neue Mitteilungen"],"one":"1 neue Mitteilung","other":[{"t":"idOrVar","v":"n"}," neue Mitteilungen"],"two":[{"t":"idOrVar","v":"n"}," neue Mitteilungen"]},"$x":[{"t":"idOrVar","v":"plural"},"n"]},{"$i":"new-emails-notify-one-account","$v":{"few":[{"t":"idOrVar","v":"n"}," neue E-Mails"],"many":[{"t":"idOrVar","v":"n"}," neue E-Mails"],"one":"1 neue E-Mail","other":[{"t":"idOrVar","v":"n"}," neue E-Mails"],"two":[{"t":"idOrVar","v":"n"}," neue E-Mails"]},"$x":[{"t":"idOrVar","v":"plural"},"n"]},{"$i":"new-emails-notify-multiple-accounts","$v":{"few":[{"t":"idOrVar","v":"n"}," neue E-Mails (",{"t":"idOrVar","v":"accountName"},")"],"many":[{"t":"idOrVar","v":"n"}," neue E-Mails (",{"t":"idOrVar","v":"accountName"},")"],"one":["1 neue E-Mail (",{"t":"idOrVar","v":"accountName"},")"],"other":[{"t":"idOrVar","v":"n"}," neue E-Mails (",{"t":"idOrVar","v":"accountName"},")"],"two":[{"t":"idOrVar","v":"n"}," neue E-Mails (",{"t":"idOrVar","v":"accountName"},")"]},"$x":[{"t":"idOrVar","v":"plural"},"n"]},{"$i":"new-emails-notify-multiple-accounts-body","$v":[{"t":"idOrVar","v":"from"}," „",{"t":"idOrVar","v":"subject"},"“"]},{"$i":"tng-plain-socket-warning-title","$v":"Sind Sie sicher?"},{"$i":"tng-plain-socket-warning-message","$v":"Andere Personen können Ihre Passwörter und E-Mails u. U. einsehen oder die Kontrolle über Ihr Konto übernehmen."},{"$i":"tng-plain-socket-warning-message-options","$v":"Es gibt zahlreiche kostenlose E-Mail-Anbieter, die sicherere und verschlüsselte Verbindungen zur Verfügung stellen."},{"$i":"tng-plain-socket-warning-ok","$v":"Das habe ich verstanden"},{"$i":"message-reader-date-received","ariaLabel":"Empfangen"},{"$i":"sort-by-title","$v":"Sortieren nach"},{"$i":"sort-by-date","$v":"Datum"},{"$i":"sort-by-from","$v":"Von"},{"$i":"sort-by-to","$v":"An"},{"$i":"sort-by-subject","$v":"Betreff"},{"$i":"softkey-options","$v":"Optionen"},{"$i":"opt-compose","$v":"Erstellen"},{"$i":"opt-reply","$v":"Antworten"},{"$i":"opt-reply-all","$v":"Allen antworten"},{"$i":"opt-forward","$v":"Weiterleiten"},{"$i":"opt-mark-read","$v":"Als gelesen markieren"},{"$i":"opt-mark-unread","$v":"Als ungelesen markieren"},{"$i":"opt-add-flag","$v":"Kennzeichen hinzufügen"},{"$i":"opt-remove-flag","$v":"Kennzeichnen entfernen"},{"$i":"opt-move-message","$v":"In Ordner verschieben"},{"$i":"opt-delete-message","$v":"Löschen"},{"$i":"opt-multi-select","$v":"Mehrere auswählen"},{"$i":"opt-search","$v":"Suchen"},{"$i":"opt-folders","$v":"Ordner anzeigen"},{"$i":"opt-sort","$v":"Sortieren"},{"$i":"opt-sync","$v":"Synchronisieren"},{"$i":"opt-account","$v":"Konto wechseln"},{"$i":"opt-settings","$v":"Einstellungen"},{"$i":"opt-edit","$v":"Bearbeiten"},{"$i":"opt-cancel","$v":"Abbrechen"},{"$i":"opt-save","$v":"Speichern"},{"$i":"opt-move","$v":"Verschieben"},{"$i":"opt-view","$v":"Anzeigen"},{"$i":"opt-empty-trash","$v":"Papierkorb leeren"},{"$i":"opt-call-number","$v":"Anruf"},{"$i":"opt-compose-mail","$v":"Erstellen"},{"$i":"opt-open-url","$v":"Öffnen"},{"$i":"select-option-on","$v":"Ein"},{"$i":"select-option-off","$v":"Aus"},{"$i":"select-option-imap-smtp","$v":"IMAP+SMTP"},{"$i":"select-option-pop3-smtp","$v":"POP3+SMTP"},{"$i":"select-option-activesync","$v":"ActiveSync"},{"$i":"toaster-switch-account","$v":"E-Mail-Konto gewechselt zu: "},{"$i":"toaster-sorted-by","$v":"Mitteilung sortiert nach"},{"$i":"cmp-reply","$v":"Antworten"},{"$i":"cmp-reply-all","$v":"Allen antworten"},{"$i":"cmp-forward","$v":"Mitteilung weiterleiten"},{"$i":"cmp-remove-attach","$v":"Anhang entfernt"},{"$i":"select","$v":"Auswählen"},{"$i":"deselect","$v":"Auswahl aufheben"},{"$i":"cancel","$v":"Abbrechen"},{"$i":"enter","$v":"Eingeben"},{"$i":"remove-attachment","$v":"Anhang entfernen"},{"$i":"replace-attachment","$v":"Anhang ersetzen"},{"$i":"add-attachment","$v":"Anhang hinzufügen"},{"$i":"add-contact","$v":"Kontakt hinzufügen"},{"$i":"add-cc","$v":"CC hinzufügen"},{"$i":"remove-cc","$v":"CC entfernen"},{"$i":"add-bcc","$v":"BCC hinzufügen"},{"$i":"remove-bcc","$v":"BCC entfernen"},{"$i":"attachment-download","$v":"Download"},{"$i":"attachment-share","$v":"Teilen"},{"$i":"send-new-mail","$v":"Neue E-Mail senden"},{"$i":"view-contact","$v":"Kontakt anzeigen"},{"$i":"save-new-contact","$v":"Neuen Kontakt speichern"},{"$i":"add-to-exsiting-contact","$v":"Zu vorhandenem Kontakt hinzufügen"},{"$i":"no","$v":"Nein"},{"$i":"yes","$v":"Ja"},{"$i":"retry","$v":"Wiederholen"},{"$i":"empty","$v":"Leer"},{"$i":"empty-trash-confirm","$v":"Möchten Sie den Papierkorb leeren?"},{"$i":"trash-emptied","$v":"Papierkorb geleert"},{"$i":"next","$v":"Weiter"},{"$i":"welcome-header","$v":"E-Mail"},{"$i":"welcome-msg","$v":"Willkommen bei E-Mail."},{"$i":"welcome-msg-setup","$v":"Berühren Sie die Option „Weiter“, um Ihr E-Mail-Konto einzurichten."},{"$i":"discard","$v":"Verwerfen"},{"$i":"leave-this-page-warning-message","$v":"Möchten Sie die Informationen zum E-Mail-Konto verwerfen?"},{"$i":"finish","$v":"Fertigstellen"},{"$i":"setup-done-msg","$v":"Sie haben sich erfolgreich angemeldet. Möchten Sie ein weiteres Konto hinzufügen?"},{"$i":"save-as-draft","$v":"Als Entwurf speichern"},{"$i":"show-password","$v":"Passwort anzeigen"},{"$i":"account-label","$v":"Kontobezeichnung"},{"$i":"folders","$v":"Ordner"},{"$i":"security","$v":"Sicherheit"},{"$i":"port-number","$v":"Portnummer"},{"$i":"domain-username","$v":"Domäne\\Benutzername"},{"$i":"synchronizing","$v":"Wird synchronisiert..."},{"$i":"browse-mail","$v":"E-Mails durchsuchen"},{"$i":"never-sync","$v":"Lokale Entwürfe werden nicht mit dem Server synchronisiert."},{"$i":"emptyDownloadFile","$v":"Herunterladen der Datei nicht möglich. Sie ist möglicherweise leer."},{"$i":"sync","$v":"Sync"},{"$i":"outbox-unsent-label","$v":{"few":[{"t":"idOrVar","v":"n"}," nicht gesendete Mitteilungen im Postausgang"],"many":[{"t":"idOrVar","v":"n"}," nicht gesendete Mitteilungen im Postausgang"],"one":"1 nicht gesendete Mitteilung im Postausgang","other":[{"t":"idOrVar","v":"n"}," nicht gesendete Mitteilungen im Postausgang"],"two":"2 nicht gesendete Mitteilungen im Postausgang"},"$x":[{"t":"idOrVar","v":"plural"},"n"]},{"$i":"storage-full-title","$v":"Speicher ist voll"},{"$i":"storage-full-warning","$v":"Sie können einige Mediendateien löschen oder Anwendungsdaten verwalten, um mehr freien Speicherplatz zu erhalten."},{"$i":"storage-full","$v":"Telefonspeicher voll"},{"$i":"storage-sdcard-full","$v":"Die SD-Karte ist voll."},{"$i":"view-address","$v":"Adresse anzeigen"},{"$i":"mail-address-title","$v":"E-Mail-Adresse"},{"$i":"mail-address","$v":[{"t":"idOrVar","v":"address"}]},{"$i":"value-name","$v":[{"t":"idOrVar","v":"name"}]},{"$i":"account-deleted","$v":"Konto gelöscht."},{"$i":"account-reEnable","$v":"Konto bereits vorhanden. E-Mail-Adresse für das Konto synchronisieren?"},{"$i":"setup-account-usedInfo","$v":"Dieses Konto wird von den folgenden Anwendungen verwendet. Sie können dies unter „Einstellungen > Konto“ ändern."},{"$i":"setup-account-settingsInfo","$v":"Für jede App gelten unterschiedliche Synchronisierungsintervalle. Diese können Sie in den App-Einstellungen nachsehen."},{"$i":"app-calendar","$v":"Kalender"},{"$i":"app-contacts","$v":"Kontakte"},{"$i":"app-email","$v":"E-Mail"},{"$i":"weekday-0-long","$v":"Sonntag"},{"$i":"weekday-1-long","$v":"Montag"},{"$i":"weekday-2-long","$v":"Dienstag"},{"$i":"weekday-3-long","$v":"Mittwoch"},{"$i":"weekday-4-long","$v":"Donnerstag"},{"$i":"weekday-5-long","$v":"Freitag"},{"$i":"weekday-6-long","$v":"Samstag"},{"$i":"weekday-0-short","$v":"So"},{"$i":"weekday-1-short","$v":"Mo"},{"$i":"weekday-2-short","$v":"Di"},{"$i":"weekday-3-short","$v":"Mi"},{"$i":"weekday-4-short","$v":"Do"},{"$i":"weekday-5-short","$v":"Fr"},{"$i":"weekday-6-short","$v":"Sa"},{"$i":"month-0-long","$v":"Januar"},{"$i":"month-1-long","$v":"Februar"},{"$i":"month-2-long","$v":"März"},{"$i":"month-3-long","$v":"April"},{"$i":"month-4-long","$v":"Mai"},{"$i":"month-5-long","$v":"Juni"},{"$i":"month-6-long","$v":"Juli"},{"$i":"month-7-long","$v":"August"},{"$i":"month-8-long","$v":"September"},{"$i":"month-9-long","$v":"Oktober"},{"$i":"month-10-long","$v":"November"},{"$i":"month-11-long","$v":"Dezember"},{"$i":"month-0-genitive","$v":"Januar"},{"$i":"month-1-genitive","$v":"Februar"},{"$i":"month-2-genitive","$v":"März"},{"$i":"month-3-genitive","$v":"April"},{"$i":"month-4-genitive","$v":"Mai"},{"$i":"month-5-genitive","$v":"Juni"},{"$i":"month-6-genitive","$v":"Juli"},{"$i":"month-7-genitive","$v":"August"},{"$i":"month-8-genitive","$v":"September"},{"$i":"month-9-genitive","$v":"Oktober"},{"$i":"month-10-genitive","$v":"November"},{"$i":"month-11-genitive","$v":"Dezember"},{"$i":"month-0-short","$v":"Jan"},{"$i":"month-1-short","$v":"Feb"},{"$i":"month-2-short","$v":"Mär"},{"$i":"month-3-short","$v":"Apr"},{"$i":"month-4-short","$v":"Mai"},{"$i":"month-5-short","$v":"Jun"},{"$i":"month-6-short","$v":"Jul"},{"$i":"month-7-short","$v":"Aug"},{"$i":"month-8-short","$v":"Sep"},{"$i":"month-9-short","$v":"Okt"},{"$i":"month-10-short","$v":"Nov"},{"$i":"month-11-short","$v":"Dez"},{"$i":"minutes-ago-long","$v":{"few":["vor ",{"t":"idOrVar","v":"value"}," Minuten"],"many":["vor ",{"t":"idOrVar","v":"value"}," Minuten"],"one":"vor einer Minute","other":["vor ",{"t":"idOrVar","v":"value"}," Minuten"],"two":["vor ",{"t":"idOrVar","v":"value"}," Minuten"],"zero":"genau jetzt"},"$x":[{"t":"idOrVar","v":"plural"},"value"]},{"$i":"hours-ago-long","$v":{"few":["vor ",{"t":"idOrVar","v":"value"}," Stunden"],"many":["vor ",{"t":"idOrVar","v":"value"}," Stunden"],"one":"vor einer Stunde","other":["vor ",{"t":"idOrVar","v":"value"}," Stunden"],"two":["vor ",{"t":"idOrVar","v":"value"}," Stunden"],"zero":"genau jetzt"},"$x":[{"t":"idOrVar","v":"plural"},"value"]},{"$i":"days-ago-long","$v":{"few":["vor ",{"t":"idOrVar","v":"value"}," Tagen"],"many":["vor ",{"t":"idOrVar","v":"value"}," Tagen"],"one":"gestern","other":["vor ",{"t":"idOrVar","v":"value"}," Tagen"],"two":["vor ",{"t":"idOrVar","v":"value"}," Tagen"],"zero":"heute"},"$x":[{"t":"idOrVar","v":"plural"},"value"]},{"$i":"weeks-ago-long","$v":{"few":["vor ",{"t":"idOrVar","v":"value"}," Wochen"],"many":["vor ",{"t":"idOrVar","v":"value"}," Wochen"],"one":"letzte Woche","other":["vor ",{"t":"idOrVar","v":"value"}," Wochen"],"two":["vor ",{"t":"idOrVar","v":"value"}," Wochen"],"zero":"diese Woche"},"$x":[{"t":"idOrVar","v":"plural"},"value"]},{"$i":"months-ago-long","$v":{"few":["vor ",{"t":"idOrVar","v":"value"}," Monaten"],"many":["vor ",{"t":"idOrVar","v":"value"}," Monaten"],"one":"letzter Monat","other":["vor ",{"t":"idOrVar","v":"value"}," Monaten"],"two":["vor ",{"t":"idOrVar","v":"value"}," Monaten"],"zero":"diesen Monat"},"$x":[{"t":"idOrVar","v":"plural"},"value"]},{"$i":"years-ago-long","$v":{"few":["vor ",{"t":"idOrVar","v":"value"}," Jahren"],"many":["vor ",{"t":"idOrVar","v":"value"}," Jahren"],"one":"letztes Jahr","other":["vor ",{"t":"idOrVar","v":"value"}," Jahren"],"two":["vor ",{"t":"idOrVar","v":"value"}," Jahren"],"zero":"dieses Jahr"},"$x":[{"t":"idOrVar","v":"plural"},"value"]},{"$i":"minutes-until-long","$v":{"few":["in ",{"t":"idOrVar","v":"value"}," Minuten"],"many":["in ",{"t":"idOrVar","v":"value"}," Minuten"],"one":"in einer Minute","other":["in ",{"t":"idOrVar","v":"value"}," Minuten"],"two":["in ",{"t":"idOrVar","v":"value"}," Minuten"],"zero":"jetzt"},"$x":[{"t":"idOrVar","v":"plural"},"value"]},{"$i":"hours-until-long","$v":{"few":["in ",{"t":"idOrVar","v":"value"}," Stunden"],"many":["in ",{"t":"idOrVar","v":"value"}," Stunden"],"one":"in einer Stunde","other":["in ",{"t":"idOrVar","v":"value"}," Stunden"],"two":["in ",{"t":"idOrVar","v":"value"}," Stunden"],"zero":"jetzt"},"$x":[{"t":"idOrVar","v":"plural"},"value"]},{"$i":"days-until-long","$v":{"few":["in ",{"t":"idOrVar","v":"value"}," Tagen"],"many":["in ",{"t":"idOrVar","v":"value"}," Tagen"],"one":"morgen","other":["in ",{"t":"idOrVar","v":"value"}," Tagen"],"two":["in ",{"t":"idOrVar","v":"value"}," Tagen"],"zero":"heute"},"$x":[{"t":"idOrVar","v":"plural"},"value"]},{"$i":"weeks-until-long","$v":{"few":["in ",{"t":"idOrVar","v":"value"}," Wochen"],"many":["in ",{"t":"idOrVar","v":"value"}," Wochen"],"one":"nächste Woche","other":["in ",{"t":"idOrVar","v":"value"}," Wochen"],"two":["in ",{"t":"idOrVar","v":"value"}," Wochen"],"zero":"diese Woche"},"$x":[{"t":"idOrVar","v":"plural"},"value"]},{"$i":"months-until-long","$v":{"few":["in ",{"t":"idOrVar","v":"value"}," Monaten"],"many":["in ",{"t":"idOrVar","v":"value"}," Monaten"],"one":"im nächsten Monat","other":["in ",{"t":"idOrVar","v":"value"}," Monaten"],"two":["in ",{"t":"idOrVar","v":"value"}," Monaten"],"zero":"diesen Monat"},"$x":[{"t":"idOrVar","v":"plural"},"value"]},{"$i":"years-until-long","$v":{"few":["in ",{"t":"idOrVar","v":"value"}," Jahren"],"many":["in ",{"t":"idOrVar","v":"value"}," Jahren"],"one":"nächstes Jahr","other":["in ",{"t":"idOrVar","v":"value"}," Jahren"],"two":["in ",{"t":"idOrVar","v":"value"}," Jahren"],"zero":"dieses Jahr"},"$x":[{"t":"idOrVar","v":"plural"},"value"]},{"$i":"minutes-ago-short","$v":{"other":["vor ",{"t":"idOrVar","v":"value"}," Std."],"zero":"genau jetzt"},"$x":[{"t":"idOrVar","v":"plural"},"value"]},{"$i":"hours-ago-short","$v":{"other":["vor ",{"t":"idOrVar","v":"value"}," Std."],"zero":"genau jetzt"},"$x":[{"t":"idOrVar","v":"plural"},"value"]},{"$i":"days-ago-short","$v":{"other":["vor ",{"t":"idOrVar","v":"value"}," Tag"],"zero":"heute"},"$x":[{"t":"idOrVar","v":"plural"},"value"]},{"$i":"minutes-until-short","$v":{"other":["in ",{"t":"idOrVar","v":"value"}," Min."],"zero":"jetzt"},"$x":[{"t":"idOrVar","v":"plural"},"value"]},{"$i":"hours-until-short","$v":{"other":["in ",{"t":"idOrVar","v":"value"}," Std."],"zero":"jetzt"},"$x":[{"t":"idOrVar","v":"plural"},"value"]},{"$i":"days-until-short","$v":{"other":["in ",{"t":"idOrVar","v":"value"}," Tag"],"zero":"heute"},"$x":[{"t":"idOrVar","v":"plural"},"value"]},{"$i":"incorrectDate","$v":"(falsches Datum)"},{"$i":"dateTimeFormat_%c","$v":"%a %b %e %Y %I:%M:%S %p"},{"$i":"dateTimeFormat_%x","$v":"%m/%d/%Y"},{"$i":"dateTimeFormat_%X","$v":"%I:%M:%S %p"},{"$i":"shortTimeFormat","$v":"%I:%M %p"},{"$i":"shortTimeFormat12","$v":"%I:%M %p"},{"$i":"shortTimeFormat24","$v":"%H:%M"},{"$i":"shortDateTimeFormat","$v":"%x %I:%M %p"},{"$i":"weekStartsOnMonday","$v":"0.0"},{"$i":"firstDayOfTheWeek","$v":"1.0"},{"$i":"time_am","$v":"AM"},{"$i":"time_pm","$v":"PM"}]