[{"$i":"setup-app-name-header","$v":"Correo"},{"$i":"setup-empty-account-message","$v":"No puede enviar o recibir mensajes de correo electrónico. Defina una cuenta para completar la acción."},{"$i":"setup-pick-service","$v":"Para enviar y recibir correo electrónico, precisará configurar una cuenta."},{"$i":"setup-account-header3","$v":"Inicio de sesión en la cuenta"},{"$i":"setup-account-password","$v":"Contraseña"},{"$i":"setup-info-next","$v":"Siguiente"},{"$i":"setup-progress-wait-msg","$v":"Configurando una cuenta"},{"$i":"setup-sync-progress-wait-msg","$v":"Sincronizando cuenta"},{"$i":"setup-completed-header","$v":"¡Felicitaciones!"},{"$i":"setup-completed-label","$v":"¡Todo listo!"},{"$i":"setup-add-another-account","$v":"Añadir otra cuenta"},{"$i":"setup-show-mail","$v":"Continuar con el correo"},{"$i":"setup-done-add","$v":"Configuración Manual"},{"$i":"setup-error-offline","$v":"Este dispositivo está fuera de línea actualmente. Conectar a una red e intentarlo de nuevo."},{"$i":"setup-error-bad-user-or-pass2","$v":"Nombre de usuario o contraseña inválidos. Buscar errores de ortografía."},{"$i":"setup-error-bad-address","$v":"Dirección inválida de correo electrónico. Buscar errores de ortografía."},{"$i":"setup-error-not-authorized","$v":"El servidor dijo que no estaba autorizado para crear una cuenta"},{"$i":"setup-error-pop-server-not-great","$v":"Servidor no admitido. El servidor POP3 no implementa las características requeridas."},{"$i":"setup-error-unknown2","$v":"Ocurrió un error desconocido. Compruebe su conexión a la red o intente la configuración manual."},{"$i":"setup-error-needs-app-pass","$v":"Debe usar una contraseña específica de una aplicación para las cuentas de Gmail de dos factores"},{"$i":"setup-error-imap-disabled","$v":"Debe habilitar IMAP para su cuenta de Gmail"},{"$i":"setup-error-pop3-disabled","$v":"Debe habilitar POP3 para su cuenta de Gmail."},{"$i":"setup-error-bad-security","$v":["No se pudo establecer una conexión segura con \"",{"t":"idOrVar","v":"server"},"\". Puede existir un problema con su red o con el servidor."]},{"$i":"setup-error-unresponsive-server","$v":["No se puede establecer una conexión con \"",{"t":"idOrVar","v":"server"},"\". Puede haber un problema con la red."]},{"$i":"setup-error-server-problem","$v":["Existe un problema con el servidor \"",{"t":"idOrVar","v":"server"},"\". Inténtelo de nuevo más tarde."]},{"$i":"setup-error-no-config-info","$v":"Es imposible configurar automáticamente su cuenta. Corrija su dirección de correo electrónico o intente la opción de configuración manual."},{"$i":"setup-error-server-maintenance","$v":["El servidor \"",{"t":"idOrVar","v":"server"},"\" está fuera de línea por mantenimiento. Intentarlo de nuevo más tarde."]},{"$i":"setup-error-account-already-exists","$v":"Esta cuenta ya está configurada."},{"$i":"setup-manual-config2","$v":"Configuración manual"},{"$i":"setup-manual-config-header","$v":"Inicio de sesión en la cuenta"},{"$i":"setup-manual-account-type-header","$v":"Tipo de cuenta"},{"$i":"setup-manual-account-type","$v":"Tipo de cuenta"},{"$i":"setup-manual-account-type-select","ariaLabel":"Tipo de cuenta"},{"$i":"setup-manual-imap-header","$v":"Ajustes IMAP"},{"$i":"setup-manual-pop3-header","$v":"Ajustes POP3"},{"$i":"setup-manual-smtp-header","$v":"Ajustes SMTP"},{"$i":"setup-manual-activesync-header","$v":"Ajustes ActiveSync"},{"$i":"setup-manual-next","$v":"Siguiente"},{"$i":"setup-manual-socket","$v":"Tipo de socket"},{"$i":"setup-manual-socket-ssl","$v":"SSL"},{"$i":"setup-manual-socket-starttls","$v":"STARTTLS"},{"$i":"setup-manual-socket-select","ariaLabel":"Seguridad de la conexión"},{"$i":"setup-manual-socket-plain","$v":"No cifrado"},{"$i":"setup-bad-password-header","$v":"Contraseña incorrecta"},{"$i":"setup-bad-password","$v":"No se pudo iniciar sesión en el servidor. Ingrese de nuevo la contraseña."},{"$i":"setup-new-password","placeholder":"Contraseña nueva"},{"$i":"setup-fix-password","$v":"Reintentar con la contraseña nueva"},{"$i":"setup-gmail-twofactor-header","$v":"Dos factores habilitados"},{"$i":"setup-gmail-twofactor-message","$v":"Precisa ingresar una contraseña específica de la aplicación debajo."},{"$i":"setup-gmail-imap-header","$v":"IMAP deshabilitada"},{"$i":"setup-gmail-imap-message","$v":"Usted debe habilitar IMAP en su cuenta de GMAIL"},{"$i":"setup-gmail-retry","$v":"Reintentar"},{"$i":"setup-gmail-pop3-header","$v":"POP3 deshabilitada"},{"$i":"setup-gmail-pop3-message","$v":"Usted debe habilitar POP3 en su cuenta de GMAIL"},{"$i":"setup-fix-oauth2-header","$v":"Volver a autorizar correo electrónico"},{"$i":"setup-fix-oauth2-description","$v":"El correo electrónico precisa volver a ser autorizado para acceder a la siguiente cuenta:"},{"$i":"setup-fix-oauth2-reauthorize","$v":"Volver a autorizar"},{"$i":"settings-main-header","$v":"Ajustes de correo elec."},{"$i":"settings-sub-header-account","$v":"Cuenta"},{"$i":"settings-account-group","ariaLabel":"Cuenta"},{"$i":"settings-account-name","$v":"Su nombre"},{"$i":"settings-account-label","$v":"Account Label"},{"$i":"settings-account-display-notifications","$v":"Mostrar las notificaciones de correo electrónico nuevo"},{"$i":"settings-account-play-sound-onsend","$v":"Reproducir sonido una vez enviado el mensaje"},{"$i":"settings-account-signature-label","$v":"Firma"},{"$i":"settings-sub-header-data","$v":"Datos"},{"$i":"settings-data-group","ariaLabel":"Datos"},{"$i":"settings-account-check-mail","$v":"Verificar mensajes nuevos"},{"$i":"settings-account-check-mail-select","ariaLabel":"Verificar mensajes nuevos"},{"$i":"settings-sub-header-server","$v":"Ajustes del servidor"},{"$i":"settings-server-group","ariaLabel":"Ajustes del servidor"},{"$i":"settings-account-userpass","$v":"Nombre de usuario y contraseña"},{"$i":"settings-account-useroauth2","$v":"Nombre de usuario"},{"$i":"settings-default-signature-2","$v":"Enviado desde mi teléfono"},{"$i":"settings-done","$v":"Listo"},{"$i":"settings-account-section","$v":"Cuentas"},{"$i":"settings-account-listbox","ariaLabel":"Cuentas"},{"$i":"settings-account-add","$v":"Añadir cuenta"},{"$i":"settings-account-delete","$v":"Eliminar cuenta"},{"$i":"settings-account-delete-prompt","$v":["¿Está seguro de que desea eliminar su cuenta de correo ",{"t":"idOrVar","v":"account"},"?"]},{"$i":"settings-account-delete-desc","$v":"Tendrá que volver a descargar su correo si vuelve a crear la cuenta."},{"$i":"settings-account-delete-cancel","$v":"Cancelar"},{"$i":"settings-account-delete-confirm","$v":"Eliminar"},{"$i":"settings-account-clarify","$v":[{"t":"idOrVar","v":"account-name"}]},{"$i":"settings-account-clarify-imap","$v":[{"t":"idOrVar","v":"account-name"}," (IMAP)"]},{"$i":"settings-account-clarify-pop3","$v":[{"t":"idOrVar","v":"account-name"}," (POP3)"]},{"$i":"settings-account-clarify-smtp","$v":[{"t":"idOrVar","v":"account-name"}," (SMTP)"]},{"$i":"settings-general-section","$v":"Ajustes generales"},{"$i":"settings-show-images","$v":"Siempre mostrar imágenes"},{"$i":"settings-download-attachments","$v":"Descargar adjuntos"},{"$i":"settings-check-every-5min","$v":"Cada 5 minutos"},{"$i":"settings-check-every-10min","$v":"Cada 10 minutos"},{"$i":"settings-check-every-15min","$v":"Cada 15 minutos"},{"$i":"settings-check-every-30min","$v":"Cada 30 minutos"},{"$i":"settings-check-every-60min","$v":"Cada hora"},{"$i":"settings-check-every-manual","$v":"Manualmente"},{"$i":"settings-check-dynamic","$v":{"few":[{"t":"idOrVar","v":"n"}," segundos"],"many":[{"t":"idOrVar","v":"n"}," segundos"],"one":[{"t":"idOrVar","v":"n"}," segundo"],"other":[{"t":"idOrVar","v":"n"}," segundos"],"two":[{"t":"idOrVar","v":"n"}," segundos"],"zero":"deshabilitado"},"$x":[{"t":"idOrVar","v":"plural"},"n"]},{"$i":"settings-default-account","$v":"Establecer como correo electrónico predeterminado"},{"$i":"settings-account-type","$v":"Tipo de cuenta"},{"$i":"settings-account-credentials","$v":"Credenciales"},{"$i":"settings-activesync-label","$v":"Ajustes de ActiveSync"},{"$i":"settings-imap-label","$v":"Ajustes IMAP"},{"$i":"settings-pop3-label","$v":"Ajustes POP3"},{"$i":"settings-smtp-label","$v":"Ajustes SMTP"},{"$i":"settings-hostname","$v":"Nombre del host"},{"$i":"settings-port","$v":"Puerto"},{"$i":"settings-username","$v":"Nombre de usuario"},{"$i":"settings-password","$v":"Contraseña"},{"$i":"settings-save","$v":"Guardar"},{"$i":"password-saved","$v":"Se ha guardado la contraseña."},{"$i":"settings-reauth","$v":"Volver a autorizar"},{"$i":"settings-account-synchronize-window","$v":"Días para la sincronización"},{"$i":"settings-account-synchronize-window-select","ariaLabel":"Días para la sincronización"},{"$i":"settings-synchronize-auto","$v":"Automática"},{"$i":"settings-synchronize-one-day","$v":"1 Día"},{"$i":"settings-synchronize-three-days","$v":"3 Días"},{"$i":"settings-synchronize-one-week","$v":"1 Semana"},{"$i":"settings-synchronize-two-weeks","$v":"2 Semanas"},{"$i":"settings-synchronize-one-month","$v":"1 Mes"},{"$i":"settings-synchronize-all","$v":"Todos los mensajes"},{"$i":"envelope-from","$v":"De"},{"$i":"envelope-to","$v":"Para"},{"$i":"envelope-cc","$v":"Cc"},{"$i":"envelope-bcc","$v":"Bcc"},{"$i":"message-header-state-sending","ariaLabel":"Enviando"},{"$i":"message-header-state-error","ariaLabel":"Error al enviar"},{"$i":"message-header-unread","ariaLabel":"No leído"},{"$i":"message-header-reply","ariaLabel":"Responder"},{"$i":"message-header-forward","ariaLabel":"Reenviar"},{"$i":"message-header-starred","ariaLabel":"Tiene una estrella"},{"$i":"message-header-attachments","ariaLabel":"Tiene adjuntos"},{"$i":"message-body-container","ariaLabel":"Cuerpo del mensaje"},{"$i":"message-body-container-progress","ariaValueText":"Cargando"},{"$i":"subject","ariaLabel":"Asunto"},{"$i":"attachments-container","ariaLabel":"Adjuntos"},{"$i":"from-group","ariaLabel":"De"},{"$i":"to-group","ariaLabel":"Para"},{"$i":"cc-group","ariaLabel":"cc"},{"$i":"bcc-group","ariaLabel":"bcc"},{"$i":"compose-header","$v":"Redactar mensaje"},{"$i":"compose-header-short","$v":"Redactar"},{"$i":"compose-send","$v":"Enviar"},{"$i":"compose-send-button","ariaLabel":"Enviar"},{"$i":"compose-to","$v":"Para"},{"$i":"compose-cc","$v":"CC"},{"$i":"compose-bcc","$v":"CCO"},{"$i":"compose-cc-remove","$v":"Lista CC borrada"},{"$i":"compose-bcc-remove","$v":"Lista CCO borrada"},{"$i":"compose-contact-add","ariaLabel":"Añadir contacto"},{"$i":"compose-attachments","$v":{"few":["Adjuntos (",{"t":"idOrVar","v":"n"},")"],"many":["Adjuntos (",{"t":"idOrVar","v":"n"},")"],"one":["Adjuntos (",{"t":"idOrVar","v":"n"},")"],"other":["Adjuntos (",{"t":"idOrVar","v":"n"},")"],"two":["Adjuntos (",{"t":"idOrVar","v":"n"},")"],"zero":"Adjuntos"},"$x":[{"t":"idOrVar","v":"plural"},"n"]},{"$i":"compose-text","ariaLabel":"Editar"},{"$i":"compose-attachment-still-working","$v":"Un momento, todavía trabajando con el adjunto anterior..."},{"$i":"compose-attachment-loading","$v":"Cargando adjunto..."},{"$i":"compose-attachments-loading","$v":"Cargando adjuntos..."},{"$i":"compose-forward-attachment-error-title","$v":"Fallo de descarga."},{"$i":"compose-forward-attachment-error-title2","$v":"Error"},{"$i":"compose-forward-attachment-unable-load","$v":"Se ha producido un error al cargar el archivo adjunto."},{"$i":"compose-forward-attachments-unable-load","$v":"Se ha producido un error al cargar los archivos adjuntos."},{"$i":"compose-forward-attachment-load-error","$v":"No se han podido cargar algunos adjuntos."},{"$i":"confirmation-title","$v":"Confirmación"},{"$i":"compose-subject","$v":"Asunto"},{"$i":"compose-draft-save","$v":"¿Guardar en Borrador local?"},{"$i":"compose-discard-confirm","$v":"Descartar"},{"$i":"compose-draft-dialog-cancel","$v":"Cancelar"},{"$i":"compose-draft-dialog-save","$v":"Guardar"},{"$i":"composer-draft-saved","$v":"Mensaje guardado como Borrador local"},{"$i":"attention","$v":"Atención"},{"$i":"compose-send-message-failed","$v":"Fallo al enviar correo electrónico"},{"$i":"compose-attchment-size-exceeded","$v":"El adjunto seleccionado es demasiado grande para enviarse con este mensaje."},{"$i":"compose-attchments-size-exceeded","$v":"Los adjuntos seleccionados son demasiado grandes para enviarse con este mensaje. Intente seleccionar menos archivos."},{"$i":"composer-attachment-large-title","$v":"El archivo es demasiado grande."},{"$i":"default-attachment-filename","$v":["adjunto",{"t":"idOrVar","v":"n"}]},{"$i":"attachment-size-meb","$v":[{"t":"idOrVar","v":"megabytes"}," MB"]},{"$i":"attachment-size-kib","$v":[{"t":"idOrVar","v":"kilobytes"}," KB"]},{"$i":"attachment-size-byte","$v":[{"t":"idOrVar","v":"bytes"}," B"]},{"$i":"message-attachment-view","$v":"Ver"},{"$i":"message-attachment-did-not-open-label","$v":"No se puede abrir"},{"$i":"message-attachment-did-not-open-body","$v":"El dispositivo no tiene una aplicación que pueda abrirse con el adjunto."},{"$i":"message-attachment-too-large","$v":"Este archivo es demasiado grande para descargarse."},{"$i":"message-attachment-not-found","$v":"No se ha podido encontrar el archivo adjunto, es posible que se haya eliminado."},{"$i":"message-attachment-download-fail","$v":[{"t":"idOrVar","v":"fileName"}," - Error en la descarga."]},{"$i":"message-no-subject","$v":"(sin asunto)"},{"$i":"message-edit-menu-edit","$v":"Editar"},{"$i":"message-edit-menu-delete","$v":"Eliminar"},{"$i":"message-edit-delete-confirm","$v":"¿Eliminar mensaje de correo electrónico?"},{"$i":"message-forward-attachment-title","$v":"Adjuntos"},{"$i":"message-forward-attachment","$v":"¿Reenviar también el adjunto?"},{"$i":"message-forward-attachments","$v":"¿Reenviar también los adjuntos?"},{"$i":"message-multiedit-header","$v":{"few":[{"t":"idOrVar","v":"n"}," seleccionado"],"many":[{"t":"idOrVar","v":"n"}," seleccionado"],"one":[{"t":"idOrVar","v":"n"}," seleccionado"],"other":[{"t":"idOrVar","v":"n"}," seleccionado"],"two":[{"t":"idOrVar","v":"n"}," seleccionado"],"zero":[{"t":"idOrVar","v":"n"}," seleccionado"]},"$x":[{"t":"idOrVar","v":"plural"},"n"]},{"$i":"message-multiedit-search-header","$v":{"few":[{"t":"idOrVar","v":"n"}," seleccionado"],"many":[{"t":"idOrVar","v":"n"}," seleccionado"],"one":[{"t":"idOrVar","v":"n"}," seleccionado"],"other":[{"t":"idOrVar","v":"n"}," seleccionado"],"two":[{"t":"idOrVar","v":"n"}," seleccionado"],"zero":"0 seleccionado"},"$x":[{"t":"idOrVar","v":"plural"},"n"]},{"$i":"browse-to-url-prompt","$v":["¿Navegar hasta URL? ",{"t":"idOrVar","v":"url"}]},{"$i":"message-download-images-tap","$v":{"few":["Este correo electrónico contiene ",{"t":"idOrVar","v":"n"}," imágenes. Tocar para descargar."],"many":["Este correo electrónico contiene ",{"t":"idOrVar","v":"n"}," imágenes. Tocar para descargar."],"one":"Este correo electrónico contiene una imagen. Tocar para descargar.","other":["Este correo electrónico contiene ",{"t":"idOrVar","v":"n"}," imágenes. Tocar para descargar."],"two":["Este correo electrónico contiene ",{"t":"idOrVar","v":"n"}," imágenes. Tocar para descargar."]},"$x":[{"t":"idOrVar","v":"plural"},"n"]},{"$i":"message-show-external-images","$v":"Mostrar imágenes externas"},{"$i":"message-delete-cancel","$v":"Cancelar"},{"$i":"message-multiedit-delete-confirm","$v":{"few":["¿Desea eliminar ",{"t":"idOrVar","v":"n"}," mensajes?"],"many":["¿Desea eliminar ",{"t":"idOrVar","v":"n"}," mensajes?"],"one":"¿Eliminar el mensaje seleccionado?","other":["¿Desea eliminar ",{"t":"idOrVar","v":"n"}," mensajes?"],"two":["¿Desea eliminar ",{"t":"idOrVar","v":"n"}," mensajes?"]},"$x":[{"t":"idOrVar","v":"plural"},"n"]},{"$i":"message-large-message-cancel","$v":"Cancelar"},{"$i":"message-large-message-ok","$v":"Continuar"},{"$i":"message-large-message-confirm","$v":"Este mensaje es demasiado grande y puede tomar tiempo en descargarse."},{"$i":"message-large-message-warning","$v":"El mensaje es demasiado largo para cargarse."},{"$i":"message-search-header","$v":"Buscar"},{"$i":"search-result","$v":["Coincidencias encontradas: ",{"t":"idOrVar","v":"num"}]},{"$i":"message-search-from","$v":"De"},{"$i":"message-search-to","$v":"Para"},{"$i":"message-search-subject","$v":"Asunto"},{"$i":"message-search-body","$v":"Cuerpo"},{"$i":"message-search-all","$v":"Todos"},{"$i":"message-search-input","placeholder":"Buscar correo"},{"$i":"message-search-cancel","$v":"Cancelar"},{"$i":"messages-syncing","$v":"Cargando mensajes"},{"$i":"messages-syncing-progressbar","ariaValueText":"Cargando mensajes"},{"$i":"messages-load-more","$v":"Cargar más mensajes"},{"$i":"messages-folder-empty","$v":"No hay correos en esta carpeta"},{"$i":"messages-search-empty","$v":"No hay concordancias en mensajes con caché local"},{"$i":"messages-folder-select","$v":"Mover a la carpeta"},{"$i":"messages-folder-unread-max","$v":"999+"},{"$i":"message-contact-menu-create","$v":"Guardar contacto nuevo"},{"$i":"message-contact-menu-add-existing","$v":"Añadir contacto existente"},{"$i":"message-contact-menu-view","$v":"Ver contacto"},{"$i":"message-contact-menu-reply","$v":"Responder"},{"$i":"message-contact-menu-new","$v":"Enviar correo nuevo"},{"$i":"message-reply-menu-reply","$v":"Responder"},{"$i":"message-reply-menu-reply-all","$v":"Responder todo"},{"$i":"message-reply-menu-forward","$v":"Reenviar"},{"$i":"message-reply-menu-cancel","$v":"Cancelar"},{"$i":"reply-quoting-wrote","$v":"{name} escribió"},{"$i":"forward-original-message","$v":"Mensaje original"},{"$i":"forward-header-subject","$v":"Asunto"},{"$i":"forward-header-date","$v":"Fecha"},{"$i":"forward-header-from","$v":"De"},{"$i":"forward-header-reply-to","$v":"Responder a"},{"$i":"forward-header-to","$v":"Para"},{"$i":"forward-header-cc","$v":"Cc"},{"$i":"folder-inbox","$v":"Bandeja de entrada"},{"$i":"folder-sent","$v":"Enviado"},{"$i":"folder-drafts","$v":"Borradores"},{"$i":"folder-trash","$v":"No deseados"},{"$i":"folder-queue","$v":"No enviados"},{"$i":"folder-junk","$v":"No deseados"},{"$i":"folder-archives","$v":"Archivos"},{"$i":"folder-localdrafts","$v":"Borradores locales"},{"$i":"folder-outbox","$v":"Bandeja de salida"},{"$i":"drawer-back","$v":"Volver"},{"$i":"drawer-accounts-header","$v":"Cuentas"},{"$i":"drawer-settings-link","$v":"Ajustes"},{"$i":"folder-last-synced-label","$v":"Última sincronización:"},{"$i":"messages-refresh-progress","ariaValueText":"Actualizando"},{"$i":"no-internet-connection","$v":"No hay conexión a Internet."},{"$i":"toaster-undo","$v":"Deshacer"},{"$i":"toaster-message-star","$v":{"few":[{"t":"idOrVar","v":"n"}," mensajes marcados"],"many":[{"t":"idOrVar","v":"n"}," mensajes marcados"],"one":"Mensaje marcado","other":[{"t":"idOrVar","v":"n"}," mensajes marcados"],"two":[{"t":"idOrVar","v":"n"}," mensajes marcados"]},"$x":[{"t":"idOrVar","v":"plural"},"n"]},{"$i":"toaster-message-unstar","$v":{"few":[{"t":"idOrVar","v":"n"}," marcadores de mensaje eliminados"],"many":[{"t":"idOrVar","v":"n"}," marcadores de mensaje eliminados"],"one":"Marcador de mensaje eliminado","other":[{"t":"idOrVar","v":"n"}," marcadores de mensaje eliminados"],"two":[{"t":"idOrVar","v":"n"}," marcadores de mensaje eliminados"]},"$x":[{"t":"idOrVar","v":"plural"},"n"]},{"$i":"toaster-message-read","$v":{"few":[{"t":"idOrVar","v":"n"}," mensajes marcados como leídos"],"many":[{"t":"idOrVar","v":"n"}," mensajes marcados como leídos"],"one":"Mensaje marcado como leído","other":[{"t":"idOrVar","v":"n"}," mensajes marcados como leídos"],"two":[{"t":"idOrVar","v":"n"}," mensajes marcados como leídos"]},"$x":[{"t":"idOrVar","v":"plural"},"n"]},{"$i":"toaster-message-unread","$v":{"few":[{"t":"idOrVar","v":"n"}," mensajes marcados como no leídos"],"many":[{"t":"idOrVar","v":"n"}," mensajes marcados como no leídos"],"one":"Mensaje marcado como no leído","other":[{"t":"idOrVar","v":"n"}," mensajes marcados como no leídos"],"two":[{"t":"idOrVar","v":"n"}," mensajes marcados como no leídos"]},"$x":[{"t":"idOrVar","v":"plural"},"n"]},{"$i":"toaster-message-move","$v":{"few":[{"t":"idOrVar","v":"n"}," mensajes movidos a la carpeta:"],"many":[{"t":"idOrVar","v":"n"}," mensajes movidos a la carpeta:"],"one":"Mensaje movido a la carpeta:","other":[{"t":"idOrVar","v":"n"}," mensajes movidos a la carpeta:"],"two":[{"t":"idOrVar","v":"n"}," mensajes movidos a la carpeta:"]},"$x":[{"t":"idOrVar","v":"plural"},"n"]},{"$i":"toaster-message-delete","$v":{"few":[{"t":"idOrVar","v":"n"}," mensajes eliminados"],"many":[{"t":"idOrVar","v":"n"}," mensajes eliminados"],"one":"1 mensaje eliminado","other":[{"t":"idOrVar","v":"n"}," mensajes eliminados"],"two":[{"t":"idOrVar","v":"n"}," mensajes eliminados"]},"$x":[{"t":"idOrVar","v":"plural"},"n"]},{"$i":"toaster-sync-failed","$v":"No se puede conectar al servidor."},{"$i":"compose-invalid-addresses-title","$v":"Direcciones inválidas"},{"$i":"compose-invalid-addresses-description","$v":"Su mensaje contiene una o más direcciones de correo electrónico inválidas. Corríjalas antes de enviarlas."},{"$i":"background-send-pending","$v":"Red no disponible. Correo electrónico guardado en bandeja de salida."},{"$i":"background-send-sending","$v":"Enviando correoâ€¦"},{"$i":"background-send-success","$v":"Correo electrónico enviado."},{"$i":"background-send-error","$v":"Ocurrió un error. Correo electrónico guardado en bandeja de salida."},{"$i":"background-send-error-recipients","$v":"Error del receptor. Correo electrónico guardado en bandeja de salida."},{"$i":"background-send-error-title","$v":"No se pudo enviar el correo"},{"$i":"send-failure-recipients","$v":"Compruebe la ortografía de las direcciones arriba. Su servidor de correo indicó que una o más de las direcciones arriba eran incorrectas."},{"$i":"send-failure-unknown","$v":"El mensaje no pudo enviarse."},{"$i":"form-clear-input","$v":"Eliminar texto"},{"$i":"confirm-dialog-title","$v":"Confirmación"},{"$i":"confirm-dialog-ok","$v":"OK"},{"$i":"msg-display-subject","$v":"Asunto"},{"$i":"msg-reader-display-attachments","$v":"Adjuntos"},{"$i":"msg-reader-display-attachment","$v":"Adjuntos"},{"$i":"msg-reader-download-external-images","$v":["Descargar imágenes externas (",{"t":"idOrVar","v":"n"}," MB)"]},{"$i":"msg-reader-sender-header","$v":"Desde"},{"$i":"msg-reader-recipients-header","$v":"Receptores"},{"$i":"msg-reader-cc-header","$v":"Cc"},{"$i":"msg-reader-bcc-header","$v":"CCO"},{"$i":"msg-reader-message-flagged","$v":"Mensaje marcado"},{"$i":"msg-reader-flag-removed","$v":"Marcador eliminado"},{"$i":"external-image-downloading","$v":"Descargando..."},{"$i":"senders-separation-sign","$v":", "},{"$i":"new-messages","$v":{"few":[{"t":"idOrVar","v":"n"}," Mensajes nuevos"],"many":[{"t":"idOrVar","v":"n"}," Mensajes nuevos"],"one":"1 Mensaje nuevo","other":[{"t":"idOrVar","v":"n"}," Mensajes nuevos"],"two":[{"t":"idOrVar","v":"n"}," Mensajes nuevos"]},"$x":[{"t":"idOrVar","v":"plural"},"n"]},{"$i":"new-emails-notify-one-account","$v":{"few":[{"t":"idOrVar","v":"n"}," Correos electrónicos nuevos"],"many":[{"t":"idOrVar","v":"n"}," Correos electrónicos nuevos"],"one":"1 Correo electrónico nuevo","other":[{"t":"idOrVar","v":"n"}," Correos electrónicos nuevos"],"two":[{"t":"idOrVar","v":"n"}," Correos electrónicos nuevos"]},"$x":[{"t":"idOrVar","v":"plural"},"n"]},{"$i":"new-emails-notify-multiple-accounts","$v":{"few":[{"t":"idOrVar","v":"n"}," Correos electrónicos nuevos (",{"t":"idOrVar","v":"accountName"},")"],"many":[{"t":"idOrVar","v":"n"}," Correos electrónicos nuevos (",{"t":"idOrVar","v":"accountName"},")"],"one":["1 Correo electrónico nuevo (",{"t":"idOrVar","v":"accountName"},")"],"other":[{"t":"idOrVar","v":"n"}," Correos electrónicos nuevos (",{"t":"idOrVar","v":"accountName"},")"],"two":[{"t":"idOrVar","v":"n"}," Correos electrónicos nuevos (",{"t":"idOrVar","v":"accountName"},")"]},"$x":[{"t":"idOrVar","v":"plural"},"n"]},{"$i":"new-emails-notify-multiple-accounts-body","$v":[{"t":"idOrVar","v":"from"}," â€œ",{"t":"idOrVar","v":"subject"},"â€"]},{"$i":"tng-plain-socket-warning-title","$v":"¿Está seguro?"},{"$i":"tng-plain-socket-warning-message","$v":"Otras personas pueden ver sus contraseñas y correos electrónicos o controlar su cuenta."},{"$i":"tng-plain-socket-warning-message-options","$v":"Hay proveedores de correo electrónico múltiples, gratuitos que ofrecen conexiones cifradas, más seguras."},{"$i":"tng-plain-socket-warning-ok","$v":"Entiendo"},{"$i":"message-reader-date-received","ariaLabel":"Recibido"},{"$i":"sort-by-title","$v":"Ordenar por"},{"$i":"sort-by-date","$v":"Fecha"},{"$i":"sort-by-from","$v":"De"},{"$i":"sort-by-to","$v":"Para"},{"$i":"sort-by-subject","$v":"Asunto"},{"$i":"softkey-options","$v":"Opciones"},{"$i":"opt-compose","$v":"Componer"},{"$i":"opt-reply","$v":"Responder"},{"$i":"opt-reply-all","$v":"Responder a todos"},{"$i":"opt-forward","$v":"Reenviar"},{"$i":"opt-mark-read","$v":"Marcar como leído"},{"$i":"opt-mark-unread","$v":"Marcar como no leído"},{"$i":"opt-add-flag","$v":"Añadir marcador"},{"$i":"opt-remove-flag","$v":"Eliminar marcador"},{"$i":"opt-move-message","$v":"Mover a la carpeta"},{"$i":"opt-delete-message","$v":"Eliminar"},{"$i":"opt-multi-select","$v":"Seleccionar múltiples"},{"$i":"opt-search","$v":"Buscar"},{"$i":"opt-folders","$v":"Ver carpetas"},{"$i":"opt-sort","$v":"Ordenar"},{"$i":"opt-sync","$v":"Sincronizar"},{"$i":"opt-account","$v":"Cambiar cuenta"},{"$i":"opt-settings","$v":"Ajustes"},{"$i":"opt-edit","$v":"Editar"},{"$i":"opt-cancel","$v":"Cancelar"},{"$i":"opt-save","$v":"Guardar"},{"$i":"opt-move","$v":"Mover"},{"$i":"opt-view","$v":"Ver"},{"$i":"opt-empty-trash","$v":"Vaciar Papelera"},{"$i":"opt-call-number","$v":"Llamada"},{"$i":"opt-compose-mail","$v":"Componer"},{"$i":"opt-open-url","$v":"Abrir"},{"$i":"select-option-on","$v":"On"},{"$i":"select-option-off","$v":"Off"},{"$i":"select-option-imap-smtp","$v":"IMAP+SMTP"},{"$i":"select-option-pop3-smtp","$v":"POP3+SMTP"},{"$i":"select-option-activesync","$v":"ActiveSync"},{"$i":"toaster-switch-account","$v":"Cuenta de correo electrónico cambiado a: "},{"$i":"toaster-sorted-by","$v":"Mensaje ordenado por"},{"$i":"cmp-reply","$v":"Responder"},{"$i":"cmp-reply-all","$v":"Responder a todos"},{"$i":"cmp-forward","$v":"Reenviar mensaje"},{"$i":"cmp-remove-attach","$v":"Adjunto removido"},{"$i":"select","$v":"Selec."},{"$i":"deselect","$v":"Desmarcar"},{"$i":"cancel","$v":"Cancelar"},{"$i":"enter","$v":"Entrar"},{"$i":"remove-attachment","$v":"Eliminar adjunto"},{"$i":"replace-attachment","$v":"Reemplazar adjunto"},{"$i":"add-attachment","$v":"Añadir adjunto"},{"$i":"add-contact","$v":"Añadir contacto"},{"$i":"add-cc","$v":"Añadir CC"},{"$i":"remove-cc","$v":"Eliminar CC"},{"$i":"add-bcc","$v":"Añadir CCO"},{"$i":"remove-bcc","$v":"Eliminar CCO"},{"$i":"attachment-download","$v":"Descargar"},{"$i":"attachment-share","$v":"Compartir"},{"$i":"send-new-mail","$v":"Enviar correo nuevo"},{"$i":"view-contact","$v":"Ver Contacto"},{"$i":"save-new-contact","$v":"Guardar contacto nuevo"},{"$i":"add-to-exsiting-contact","$v":"Añadir a contacto existente"},{"$i":"no","$v":"No"},{"$i":"yes","$v":"Sí"},{"$i":"retry","$v":"Reintentar"},{"$i":"empty","$v":"Vaciar"},{"$i":"empty-trash-confirm","$v":"¿Desea vaciar la papelera?"},{"$i":"trash-emptied","$v":"Papelera vaciada"},{"$i":"next","$v":"Siguiente"},{"$i":"welcome-header","$v":"Correo electrónico"},{"$i":"welcome-msg","$v":"Bienvenido al Correo electrónico."},{"$i":"welcome-msg-setup","$v":"Presione siguiente para configurar su cuenta de correo electrónico."},{"$i":"discard","$v":"Descartar"},{"$i":"leave-this-page-warning-message","$v":"¿Desea descartar la información de la cuenta de correo electrónico?"},{"$i":"finish","$v":"Terminar"},{"$i":"setup-done-msg","$v":"Ha iniciado sesión con éxito. ¿Le gustaría añadir otra cuenta?"},{"$i":"save-as-draft","$v":"Guardar como borrador"},{"$i":"show-password","$v":"Show Password"},{"$i":"account-label","$v":"Account Label"},{"$i":"folders","$v":"Folders"},{"$i":"security","$v":"Security"},{"$i":"port-number","$v":"Port Number"},{"$i":"domain-username","$v":"Dominio\\Nombre de usuario"},{"$i":"synchronizing","$v":"Synchronizing..."},{"$i":"browse-mail","$v":"Browse Mail"},{"$i":"never-sync","$v":"Los borradores locales no se han sincronizado con el servidor."},{"$i":"emptyDownloadFile","$v":"No se puede descargar el archivo, podría estar vacío."},{"$i":"sync","$v":"Sinc"},{"$i":"outbox-unsent-label","$v":{"few":[{"t":"idOrVar","v":"n"}," mensajes no enviados en la bandeja de salida"],"many":[{"t":"idOrVar","v":"n"}," mensajes no enviados en la bandeja de salida"],"one":"1 mensaje no enviado en la bandeja de salida","other":[{"t":"idOrVar","v":"n"}," mensajes no enviados en la bandeja de salida"],"two":"2 mensajes no enviados en la bandeja de salida"},"$x":[{"t":"idOrVar","v":"plural"},"n"]},{"$i":"storage-full-title","$v":"Almacenamiento completo"},{"$i":"storage-full-warning","$v":"Puede eliminar algunos archivos multimedia o datos de la aplicación del gestor para obtener más espacio libre."},{"$i":"storage-full","$v":"El almacenamiento del teléfono está lleno."},{"$i":"storage-sdcard-full","$v":"La tarjeta SD está llena."},{"$i":"view-address","$v":"Ver dirección"},{"$i":"mail-address-title","$v":"Dirección de correo electrónico"},{"$i":"mail-address","$v":[{"t":"idOrVar","v":"address"}]},{"$i":"value-name","$v":[{"t":"idOrVar","v":"name"}]},{"$i":"account-deleted","$v":"Cuenta eliminada"},{"$i":"account-reEnable","$v":"Esa cuenta ya existe. ¿Quiere sincronizar el correo electrónico de la cuenta?"},{"$i":"setup-account-usedInfo","$v":"Esta cuenta se usará con las aplicaciones siguientes. Puede modificarlo en Ajustes > Cuenta."},{"$i":"setup-account-settingsInfo","$v":"Cada aplicación tiene intervalos de sincronización diferentes; compruebe los ajustes de cada una."},{"$i":"app-calendar","$v":"Calendario"},{"$i":"app-contacts","$v":"Contactos"},{"$i":"app-email","$v":"Correo electrónico"},{"$i":"weekday-0-long","$v":"Domingo"},{"$i":"weekday-1-long","$v":"Lunes"},{"$i":"weekday-2-long","$v":"Martes"},{"$i":"weekday-3-long","$v":"Miércoles"},{"$i":"weekday-4-long","$v":"Jueves"},{"$i":"weekday-5-long","$v":"Viernes"},{"$i":"weekday-6-long","$v":"Sábado"},{"$i":"weekday-0-short","$v":"dom."},{"$i":"weekday-1-short","$v":"lun."},{"$i":"weekday-2-short","$v":"mar."},{"$i":"weekday-3-short","$v":"mié."},{"$i":"weekday-4-short","$v":"jue."},{"$i":"weekday-5-short","$v":"vie."},{"$i":"weekday-6-short","$v":"sáb."},{"$i":"month-0-long","$v":"Enero"},{"$i":"month-1-long","$v":"Febrero"},{"$i":"month-2-long","$v":"Marzo"},{"$i":"month-3-long","$v":"Abril"},{"$i":"month-4-long","$v":"Mayo"},{"$i":"month-5-long","$v":"Junio"},{"$i":"month-6-long","$v":"Julio"},{"$i":"month-7-long","$v":"Agosto"},{"$i":"month-8-long","$v":"Septiembre"},{"$i":"month-9-long","$v":"Octubre"},{"$i":"month-10-long","$v":"Noviembre"},{"$i":"month-11-long","$v":"Diciembre"},{"$i":"month-0-genitive","$v":"Enero"},{"$i":"month-1-genitive","$v":"Febrero"},{"$i":"month-2-genitive","$v":"Marzo"},{"$i":"month-3-genitive","$v":"Abril"},{"$i":"month-4-genitive","$v":"Mayo"},{"$i":"month-5-genitive","$v":"Junio"},{"$i":"month-6-genitive","$v":"Julio"},{"$i":"month-7-genitive","$v":"Agosto"},{"$i":"month-8-genitive","$v":"Septiembre"},{"$i":"month-9-genitive","$v":"Octubre"},{"$i":"month-10-genitive","$v":"Noviembre"},{"$i":"month-11-genitive","$v":"Diciembre"},{"$i":"month-0-short","$v":"Ene"},{"$i":"month-1-short","$v":"Feb"},{"$i":"month-2-short","$v":"Mar"},{"$i":"month-3-short","$v":"Abr"},{"$i":"month-4-short","$v":"May"},{"$i":"month-5-short","$v":"Jun"},{"$i":"month-6-short","$v":"Jul"},{"$i":"month-7-short","$v":"Ago"},{"$i":"month-8-short","$v":"Sep"},{"$i":"month-9-short","$v":"Oct"},{"$i":"month-10-short","$v":"Nov"},{"$i":"month-11-short","$v":"Dec"},{"$i":"minutes-ago-long","$v":{"few":["hace ",{"t":"idOrVar","v":"value"}," minutos"],"many":["hace ",{"t":"idOrVar","v":"value"}," minutos"],"one":"hace un minuto","other":["hace ",{"t":"idOrVar","v":"value"}," minutos"],"two":["hace ",{"t":"idOrVar","v":"value"}," minutos"],"zero":"recién"},"$x":[{"t":"idOrVar","v":"plural"},"value"]},{"$i":"hours-ago-long","$v":{"few":["hace ",{"t":"idOrVar","v":"value"}," horas"],"many":["hace ",{"t":"idOrVar","v":"value"}," horas"],"one":"hace una hora","other":["hace ",{"t":"idOrVar","v":"value"}," horas"],"two":["hace ",{"t":"idOrVar","v":"value"}," horas"],"zero":"recién"},"$x":[{"t":"idOrVar","v":"plural"},"value"]},{"$i":"days-ago-long","$v":{"few":["hace ",{"t":"idOrVar","v":"value"}," días"],"many":["hace ",{"t":"idOrVar","v":"value"}," días"],"one":"ayer","other":["hace ",{"t":"idOrVar","v":"value"}," días"],"two":["hace ",{"t":"idOrVar","v":"value"}," días"],"zero":"hoy"},"$x":[{"t":"idOrVar","v":"plural"},"value"]},{"$i":"weeks-ago-long","$v":{"few":["hace ",{"t":"idOrVar","v":"value"}," semanas"],"many":["hace ",{"t":"idOrVar","v":"value"}," semanas"],"one":"la semana pasada","other":["hace ",{"t":"idOrVar","v":"value"}," semanas"],"two":["hace ",{"t":"idOrVar","v":"value"}," semanas"],"zero":"esta semana"},"$x":[{"t":"idOrVar","v":"plural"},"value"]},{"$i":"months-ago-long","$v":{"few":["hace ",{"t":"idOrVar","v":"value"}," meses"],"many":["hace ",{"t":"idOrVar","v":"value"}," meses"],"one":"el último mes","other":["hace ",{"t":"idOrVar","v":"value"}," meses"],"two":["hace ",{"t":"idOrVar","v":"value"}," meses"],"zero":"este mes"},"$x":[{"t":"idOrVar","v":"plural"},"value"]},{"$i":"years-ago-long","$v":{"few":["hace ",{"t":"idOrVar","v":"value"}," años"],"many":["hace ",{"t":"idOrVar","v":"value"}," años"],"one":"el año pasado","other":["hace ",{"t":"idOrVar","v":"value"}," años"],"two":["hace ",{"t":"idOrVar","v":"value"}," años"],"zero":"este año"},"$x":[{"t":"idOrVar","v":"plural"},"value"]},{"$i":"minutes-until-long","$v":{"few":["en ",{"t":"idOrVar","v":"value"}," minutos"],"many":["en ",{"t":"idOrVar","v":"value"}," minutos"],"one":"en un minuto","other":["en ",{"t":"idOrVar","v":"value"}," minutos"],"two":["en ",{"t":"idOrVar","v":"value"}," minutos"],"zero":"ahora"},"$x":[{"t":"idOrVar","v":"plural"},"value"]},{"$i":"hours-until-long","$v":{"few":["en ",{"t":"idOrVar","v":"value"}," horas"],"many":["en ",{"t":"idOrVar","v":"value"}," horas"],"one":"en una hora","other":["en ",{"t":"idOrVar","v":"value"}," horas"],"two":["en ",{"t":"idOrVar","v":"value"}," horas"],"zero":"ahora"},"$x":[{"t":"idOrVar","v":"plural"},"value"]},{"$i":"days-until-long","$v":{"few":["en ",{"t":"idOrVar","v":"value"}," días"],"many":["en ",{"t":"idOrVar","v":"value"}," días"],"one":"mañana","other":["en ",{"t":"idOrVar","v":"value"}," días"],"two":["en ",{"t":"idOrVar","v":"value"}," días"],"zero":"hoy"},"$x":[{"t":"idOrVar","v":"plural"},"value"]},{"$i":"weeks-until-long","$v":{"few":["en ",{"t":"idOrVar","v":"value"}," semanas"],"many":["en ",{"t":"idOrVar","v":"value"}," semanas"],"one":"la semana que viene","other":["en ",{"t":"idOrVar","v":"value"}," semanas"],"two":["en ",{"t":"idOrVar","v":"value"}," semanas"],"zero":"esta semana"},"$x":[{"t":"idOrVar","v":"plural"},"value"]},{"$i":"months-until-long","$v":{"few":["en ",{"t":"idOrVar","v":"value"}," meses"],"many":["en ",{"t":"idOrVar","v":"value"}," meses"],"one":"el próximo mes","other":["en ",{"t":"idOrVar","v":"value"}," meses"],"two":["en ",{"t":"idOrVar","v":"value"}," meses"],"zero":"este mes"},"$x":[{"t":"idOrVar","v":"plural"},"value"]},{"$i":"years-until-long","$v":{"few":["en ",{"t":"idOrVar","v":"value"}," años"],"many":["en ",{"t":"idOrVar","v":"value"}," años"],"one":"el próximo año","other":["en ",{"t":"idOrVar","v":"value"}," años"],"two":["en ",{"t":"idOrVar","v":"value"}," años"],"zero":"este año"},"$x":[{"t":"idOrVar","v":"plural"},"value"]},{"$i":"minutes-ago-short","$v":{"other":["hace ",{"t":"idOrVar","v":"value"},"m"],"zero":"recién"},"$x":[{"t":"idOrVar","v":"plural"},"value"]},{"$i":"hours-ago-short","$v":{"other":["hace ",{"t":"idOrVar","v":"value"},"h"],"zero":"recién"},"$x":[{"t":"idOrVar","v":"plural"},"value"]},{"$i":"days-ago-short","$v":{"other":["hace ",{"t":"idOrVar","v":"value"},"d"],"zero":"hoy"},"$x":[{"t":"idOrVar","v":"plural"},"value"]},{"$i":"minutes-until-short","$v":{"other":["en ",{"t":"idOrVar","v":"value"},"m"],"zero":"ahora"},"$x":[{"t":"idOrVar","v":"plural"},"value"]},{"$i":"hours-until-short","$v":{"other":["en ",{"t":"idOrVar","v":"value"},"h"],"zero":"ahora"},"$x":[{"t":"idOrVar","v":"plural"},"value"]},{"$i":"days-until-short","$v":{"other":["en ",{"t":"idOrVar","v":"value"},"d"],"zero":"hoy"},"$x":[{"t":"idOrVar","v":"plural"},"value"]},{"$i":"incorrectDate","$v":"(fecha incorrecta)"},{"$i":"dateTimeFormat_%c","$v":"%a %b %e %Y %I:%M:%S %p"},{"$i":"dateTimeFormat_%x","$v":"%d/%m/%Y"},{"$i":"dateTimeFormat_%X","$v":"%I:%M:%S %p"},{"$i":"shortTimeFormat","$v":"%I:%M %p"},{"$i":"shortTimeFormat12","$v":"%I:%M %p"},{"$i":"shortTimeFormat24","$v":"%H:%M"},{"$i":"shortDateTimeFormat","$v":"%x %I:%M %p"},{"$i":"weekStartsOnMonday","$v":"0.0"},{"$i":"firstDayOfTheWeek","$v":"0.0"},{"$i":"time_am","$v":"AM"},{"$i":"time_pm","$v":"PM"}]