[{"$i":"setup-app-name-header","$v":"E-post"},{"$i":"setup-empty-account-message","$v":"E-posti saatmiseks või vastuvõtmiseks puudub konto. Seadistage selleks konto."},{"$i":"setup-pick-service","$v":"E-kirjade saatmiseks ja vastuvõtmiseks peate konto seadistama."},{"$i":"setup-account-header3","$v":"Konto sisselogimine"},{"$i":"setup-account-password","$v":"Parool"},{"$i":"setup-info-next","$v":"Edasi"},{"$i":"setup-progress-wait-msg","$v":"Konto seadistamine"},{"$i":"setup-sync-progress-wait-msg","$v":"Konto sünkroonimine"},{"$i":"setup-completed-header","$v":"Palju õnne!"},{"$i":"setup-completed-label","$v":"Valmis!"},{"$i":"setup-add-another-account","$v":"Lisa teine konto"},{"$i":"setup-show-mail","$v":"Jätka e-postiga"},{"$i":"setup-done-add","$v":"Konto lisamine"},{"$i":"setup-error-offline","$v":"Seade on praegu võrgust väljas. Looge võrguühendus ja proovige uuesti."},{"$i":"setup-error-bad-user-or-pass2","$v":"Vale kasutajanimi või parool. Kontrollige kirjavigu."},{"$i":"setup-error-bad-address","$v":"Kehtetu e-posti aadress. Kontrollige kirjavigu."},{"$i":"setup-error-not-authorized","$v":"Serveri kohaselt puudub teil konto loomiseks õigus"},{"$i":"setup-error-pop-server-not-great","$v":"Serverit ei toetata. POP3-server ei juuruta vajalikke funktsioone."},{"$i":"setup-error-unknown2","$v":"Ilmnes tundmatu tõrge. Kontrollige võrguühendust või proovige käsitsi konfigureerida."},{"$i":"setup-error-needs-app-pass","$v":"Kaheastmelise kinnitamisega Gmaili kontode puhul peate kasutama rakendusepõhist parooli"},{"$i":"setup-error-imap-disabled","$v":"Peate Gmaili konto jaoks IMAPi lubama"},{"$i":"setup-error-pop3-disabled","$v":"Peate oma Gmaili konto jaoks POP3 lubama"},{"$i":"setup-error-bad-security","$v":["Serveriga „",{"t":"idOrVar","v":"server"},"“ ei õnnestu turvalist ühendust luua. Probleem võib olla teie võrgus või serveris."]},{"$i":"setup-error-unresponsive-server","$v":["Serveriga „",{"t":"idOrVar","v":"server"},"“ ei õnnestu ühendust luua. Probleem võib olla võrgus."]},{"$i":"setup-error-server-problem","$v":["Serveriga „",{"t":"idOrVar","v":"server"},"“ ilmnes probleem. Proovige hiljem uuesti."]},{"$i":"setup-error-no-config-info","$v":"Konto automaatne konfigureerimine ei õnnestu. Parandage e-posti aadressi või proovige käsitsi konfigureerida."},{"$i":"setup-error-server-maintenance","$v":["Server „",{"t":"idOrVar","v":"server"},"“ on hoolduseks võrgust väljas. Proovige hiljem uuesti."]},{"$i":"setup-error-account-already-exists","$v":"See konto on juba seadistatud."},{"$i":"setup-manual-config2","$v":"Täpsem"},{"$i":"setup-manual-config-header","$v":"Konto sisselogimine"},{"$i":"setup-manual-account-type-header","$v":"Konto tüüp"},{"$i":"setup-manual-account-type","$v":"Konto tüüp"},{"$i":"setup-manual-account-type-select","ariaLabel":"Konto tüüp"},{"$i":"setup-manual-imap-header","$v":"IMAPi seaded"},{"$i":"setup-manual-pop3-header","$v":"POP3 seaded"},{"$i":"setup-manual-smtp-header","$v":"SMTP seaded"},{"$i":"setup-manual-activesync-header","$v":"ActiveSynci seaded"},{"$i":"setup-manual-next","$v":"Edasi"},{"$i":"setup-manual-socket","$v":"Soklitüüp"},{"$i":"setup-manual-socket-ssl","$v":"SSL"},{"$i":"setup-manual-socket-starttls","$v":"STARTTLS"},{"$i":"setup-manual-socket-select","ariaLabel":"Ühenduse turvalisus"},{"$i":"setup-manual-socket-plain","$v":"Krüptimata"},{"$i":"setup-bad-password-header","$v":"Vale parool!"},{"$i":"setup-bad-password","$v":"Ei saa serverisse sisse logida. Sisestage parool uuesti."},{"$i":"setup-new-password","placeholder":"Uus parool"},{"$i":"setup-fix-password","$v":"Proovi uue parooliga uuesti"},{"$i":"setup-gmail-twofactor-header","$v":"Kaheastmeline kinnitus on lubatud"},{"$i":"setup-gmail-twofactor-message","$v":"Peate allpool sisestama rakendusepõhise parooli."},{"$i":"setup-gmail-imap-header","$v":"IMAP on keelatud"},{"$i":"setup-gmail-imap-message","$v":"Peate IMAPi oma Gmaili kontol lubama"},{"$i":"setup-gmail-retry","$v":"Proovi uuesti"},{"$i":"setup-gmail-pop3-header","$v":"POP3 on keelatud"},{"$i":"setup-gmail-pop3-message","$v":"Peate POP3 oma Gmaili kontol lubama"},{"$i":"setup-fix-oauth2-header","$v":"Autoriseeri e-post uuesti"},{"$i":"setup-fix-oauth2-description","$v":"Järgmisele kontole juurdepääsemiseks tuleb e-post uuesti autoriseerida:"},{"$i":"setup-fix-oauth2-reauthorize","$v":"Autoriseeri uuesti"},{"$i":"settings-main-header","$v":"E-posti seaded"},{"$i":"settings-sub-header-account","$v":"Konto"},{"$i":"settings-account-group","ariaLabel":"Konto"},{"$i":"settings-account-name","$v":"Teie nimi"},{"$i":"settings-account-label","$v":"Konto silt"},{"$i":"settings-account-display-notifications","$v":"Kuva uue e-kirja teated"},{"$i":"settings-account-play-sound-onsend","$v":"Esita pärast sõnumi saatmist heli"},{"$i":"settings-account-signature-label","$v":"Allkiri"},{"$i":"settings-sub-header-data","$v":"Andmed"},{"$i":"settings-data-group","ariaLabel":"Andmed"},{"$i":"settings-account-check-mail","$v":"Kontrolli, kas on uusi sõnumeid"},{"$i":"settings-account-check-mail-select","ariaLabel":"Kontrolli, kas on uusi sõnumeid"},{"$i":"settings-sub-header-server","$v":"Serveri sätted"},{"$i":"settings-server-group","ariaLabel":"Serveri sätted"},{"$i":"settings-account-userpass","$v":"Kasutajanimi ja parool"},{"$i":"settings-account-useroauth2","$v":"Kasutajanimi"},{"$i":"settings-default-signature-2","$v":"Saadetud telefonist"},{"$i":"settings-done","$v":"Valmis"},{"$i":"settings-account-section","$v":"Kontod"},{"$i":"settings-account-listbox","ariaLabel":"Kontod"},{"$i":"settings-account-add","$v":"Lisa"},{"$i":"settings-account-delete","$v":"Kustuta konto"},{"$i":"settings-account-delete-prompt","$v":["Kas soovite kindlasti e-posti konto ",{"t":"idOrVar","v":"account"}," kustutada?"]},{"$i":"settings-account-delete-desc","$v":"Kui kordate konto loomist, peate e-kirja uuesti alla laadima."},{"$i":"settings-account-delete-cancel","$v":"Tühista"},{"$i":"settings-account-delete-confirm","$v":"Kustuta"},{"$i":"settings-account-clarify","$v":[{"t":"idOrVar","v":"account-name"}]},{"$i":"settings-account-clarify-imap","$v":[{"t":"idOrVar","v":"account-name"}," (IMAP)"]},{"$i":"settings-account-clarify-pop3","$v":[{"t":"idOrVar","v":"account-name"}," (POP3)"]},{"$i":"settings-account-clarify-smtp","$v":[{"t":"idOrVar","v":"account-name"}," (SMTP)"]},{"$i":"settings-general-section","$v":"Üldseaded"},{"$i":"settings-show-images","$v":"Kuva pildid alati"},{"$i":"settings-download-attachments","$v":"Laadi manused alla"},{"$i":"settings-check-every-5min","$v":"Iga 5 minuti järel"},{"$i":"settings-check-every-10min","$v":"Iga 10 minuti järel"},{"$i":"settings-check-every-15min","$v":"Iga 15 minuti järel"},{"$i":"settings-check-every-30min","$v":"Iga 30 minuti järel"},{"$i":"settings-check-every-60min","$v":"Iga tund"},{"$i":"settings-check-every-manual","$v":"Käsitsi"},{"$i":"settings-check-dynamic","$v":{"few":[{"t":"idOrVar","v":"n"}," sekundit"],"many":[{"t":"idOrVar","v":"n"}," sekundit"],"one":[{"t":"idOrVar","v":"n"}," sekund"],"other":[{"t":"idOrVar","v":"n"}," sekundit"],"two":[{"t":"idOrVar","v":"n"}," sekundit"],"zero":"keelatud"},"$x":[{"t":"idOrVar","v":"plural"},"n"]},{"$i":"settings-default-account","$v":"Määra vaikimisi e-postiks"},{"$i":"settings-account-type","$v":"Konto tüüp"},{"$i":"settings-account-credentials","$v":"Mandaadid"},{"$i":"settings-activesync-label","$v":"ActiveSynci seaded"},{"$i":"settings-imap-label","$v":"IMAPi seaded"},{"$i":"settings-pop3-label","$v":"POP3 seaded"},{"$i":"settings-smtp-label","$v":"SMTP seaded"},{"$i":"settings-hostname","$v":"Hosti nimi"},{"$i":"settings-port","$v":"Port"},{"$i":"settings-username","$v":"Kasutajanimi"},{"$i":"settings-password","$v":"Parool"},{"$i":"settings-save","$v":"Salvesta"},{"$i":"password-saved","$v":"Parool on salvestatud."},{"$i":"settings-reauth","$v":"Autoriseeri uuesti"},{"$i":"settings-account-synchronize-window","$v":"Sünkr. päevade arv"},{"$i":"settings-account-synchronize-window-select","ariaLabel":"Sünkr. päevade arv"},{"$i":"settings-synchronize-auto","$v":"Automaatne"},{"$i":"settings-synchronize-one-day","$v":"1 päev"},{"$i":"settings-synchronize-three-days","$v":"3 päeva"},{"$i":"settings-synchronize-one-week","$v":"1 nädal"},{"$i":"settings-synchronize-two-weeks","$v":"2 nädalat"},{"$i":"settings-synchronize-one-month","$v":"1 kuu"},{"$i":"settings-synchronize-all","$v":"Kõik sõnumid"},{"$i":"envelope-from","$v":"Saatja"},{"$i":"envelope-to","$v":"Adressaat"},{"$i":"envelope-cc","$v":"Koopia"},{"$i":"envelope-bcc","$v":"Salakoopia"},{"$i":"message-header-state-sending","ariaLabel":"Saatmine"},{"$i":"message-header-state-error","ariaLabel":"Tõrge saatmisel"},{"$i":"message-header-unread","ariaLabel":"Lugemata"},{"$i":"message-header-reply","ariaLabel":"Vasta"},{"$i":"message-header-forward","ariaLabel":"Saada edasi"},{"$i":"message-header-starred","ariaLabel":"Tärniga"},{"$i":"message-header-attachments","ariaLabel":"Manustega"},{"$i":"message-body-container","ariaLabel":"Sõnumi sisu"},{"$i":"message-body-container-progress","ariaValueText":"Laadimine"},{"$i":"subject","ariaLabel":"Teema"},{"$i":"attachments-container","ariaLabel":"Manused"},{"$i":"from-group","ariaLabel":"Saatja"},{"$i":"to-group","ariaLabel":"Adressaat"},{"$i":"cc-group","ariaLabel":"Koopia"},{"$i":"bcc-group","ariaLabel":"Salakoopia"},{"$i":"compose-header","$v":"Sõnumi koostamine"},{"$i":"compose-header-short","$v":"Koosta"},{"$i":"compose-send","$v":"Saada"},{"$i":"compose-send-button","ariaLabel":"Saada"},{"$i":"compose-to","$v":"Adressaat"},{"$i":"compose-cc","$v":"Koopia"},{"$i":"compose-bcc","$v":"Salakoopia"},{"$i":"compose-cc-remove","$v":"Koopia loend eemaldati."},{"$i":"compose-bcc-remove","$v":"Salakoopia loend eemaldati."},{"$i":"compose-contact-add","ariaLabel":"Lisa kontakt"},{"$i":"compose-attachments","$v":{"few":["Manused (",{"t":"idOrVar","v":"n"},")"],"many":["Manused (",{"t":"idOrVar","v":"n"},")"],"one":["Manus (",{"t":"idOrVar","v":"n"},")"],"other":["Manused (",{"t":"idOrVar","v":"n"},")"],"two":["Manused (",{"t":"idOrVar","v":"n"},")"],"zero":"Manus"},"$x":[{"t":"idOrVar","v":"plural"},"n"]},{"$i":"compose-text","ariaLabel":"Redigeeri"},{"$i":"compose-attachment-still-working","$v":"Üks hetk, eelmise manuse laadimine on pooleli ..."},{"$i":"compose-attachment-loading","$v":"Manuse laadimine ..."},{"$i":"compose-attachments-loading","$v":"Manuste laadimine ..."},{"$i":"compose-forward-attachment-error-title","$v":"Allalaadimine nurjus."},{"$i":"compose-forward-attachment-error-title2","$v":"Viga"},{"$i":"compose-forward-attachment-unable-load","$v":"Manust ei saa laadida."},{"$i":"compose-forward-attachments-unable-load","$v":"Manuseid ei saa laadida."},{"$i":"compose-forward-attachment-load-error","$v":"Mõnda manust ei saa laadida."},{"$i":"confirmation-title","$v":"Kinnitus"},{"$i":"compose-subject","$v":"Teema"},{"$i":"compose-draft-save","$v":"Kas salv. kohal. mustanditesse?"},{"$i":"compose-discard-confirm","$v":"Hülga"},{"$i":"compose-draft-dialog-cancel","$v":"Tühista"},{"$i":"compose-draft-dialog-save","$v":"Salvesta"},{"$i":"composer-draft-saved","$v":"Sõnum on salv. kohal. mustanditesse"},{"$i":"attention","$v":"Tähelepanu"},{"$i":"compose-send-message-failed","$v":"E-kirja saatmine nurjus"},{"$i":"compose-attchment-size-exceeded","$v":"Valitud manus on liiga suur selle sõnumiga saatmiseks."},{"$i":"compose-attchments-size-exceeded","$v":"Valitud manused on liiga suured selle sõnumiga saatmiseks. Proovige vähem faile valida."},{"$i":"composer-attachment-large-title","$v":"Fail on liiga suur"},{"$i":"default-attachment-filename","$v":["manus",{"t":"idOrVar","v":"n"}]},{"$i":"attachment-size-meb","$v":[{"t":"idOrVar","v":"megabytes"}," MB"]},{"$i":"attachment-size-kib","$v":[{"t":"idOrVar","v":"kilobytes"}," KB"]},{"$i":"attachment-size-byte","$v":[{"t":"idOrVar","v":"bytes"}," B"]},{"$i":"message-attachment-view","$v":"Kuva"},{"$i":"message-attachment-did-not-open-label","$v":"Avamine pole võimalik"},{"$i":"message-attachment-did-not-open-body","$v":"Seadmes pole manuse avamiseks sobivat rakendust."},{"$i":"message-attachment-too-large","$v":"Fail on allalaadimiseks liiga mahukas."},{"$i":"message-attachment-not-found","$v":"Manusefaili ei leitud, võib olla kustutatud."},{"$i":"message-attachment-download-fail","$v":[{"t":"idOrVar","v":"fileName"}," -Allalaadimine nurjus"]},{"$i":"message-no-subject","$v":"(teema puudub)"},{"$i":"message-edit-menu-edit","$v":"Redigeeri"},{"$i":"message-edit-menu-delete","$v":"Kustuta"},{"$i":"message-edit-delete-confirm","$v":"Kas kustutada e-kirja sõnum?"},{"$i":"message-forward-attachment-title","$v":"Manus"},{"$i":"message-forward-attachment","$v":"Kas saata edasi ka manus?"},{"$i":"message-forward-attachments","$v":"Kas saata edasi ka manused?"},{"$i":"message-multiedit-header","$v":{"few":[{"t":"idOrVar","v":"n"}," valitud"],"many":[{"t":"idOrVar","v":"n"}," valitud"],"one":[{"t":"idOrVar","v":"n"}," valitud"],"other":[{"t":"idOrVar","v":"n"}," valitud"],"two":[{"t":"idOrVar","v":"n"}," valitud"],"zero":[{"t":"idOrVar","v":"n"}," valitud"]},"$x":[{"t":"idOrVar","v":"plural"},"n"]},{"$i":"message-multiedit-search-header","$v":{"few":[{"t":"idOrVar","v":"n"}," valitud"],"many":[{"t":"idOrVar","v":"n"}," valitud"],"one":[{"t":"idOrVar","v":"n"}," valitud"],"other":[{"t":"idOrVar","v":"n"}," valitud"],"two":[{"t":"idOrVar","v":"n"}," valitud"],"zero":"0 valitud"},"$x":[{"t":"idOrVar","v":"plural"},"n"]},{"$i":"browse-to-url-prompt","$v":["Sirvi URL-i?: ",{"t":"idOrVar","v":"url"}]},{"$i":"message-download-images-tap","$v":{"few":["E-kiri sisaldab ",{"t":"idOrVar","v":"n"}," pilti. Puudutage allalaadimiseks."],"many":["E-kiri sisaldab ",{"t":"idOrVar","v":"n"}," pilti. Puudutage allalaadimiseks."],"one":"E-kiri sisaldab ühte pilti. Puudutage allalaadimiseks.","other":["E-kiri sisaldab ",{"t":"idOrVar","v":"n"}," pilti. Puudutage allalaadimiseks."],"two":["E-kiri sisaldab ",{"t":"idOrVar","v":"n"}," pilti. Puudutage allalaadimiseks."]},"$x":[{"t":"idOrVar","v":"plural"},"n"]},{"$i":"message-show-external-images","$v":"Kuva välised pildid"},{"$i":"message-delete-cancel","$v":"Tühista"},{"$i":"message-multiedit-delete-confirm","$v":{"few":["Kas kustutada ",{"t":"idOrVar","v":"n"}," sõnumit?"],"many":["Kas kustutada ",{"t":"idOrVar","v":"n"}," sõnumit?"],"one":"Kas kustutada valitud sõnum?","other":["Kas kustutada ",{"t":"idOrVar","v":"n"}," sõnumit?"],"two":["Kas kustutada ",{"t":"idOrVar","v":"n"}," sõnumit?"]},"$x":[{"t":"idOrVar","v":"plural"},"n"]},{"$i":"message-large-message-cancel","$v":"Tühista"},{"$i":"message-large-message-ok","$v":"Jätka"},{"$i":"message-large-message-confirm","$v":"Sõnum on suur ja selle allalaadimiseks võib kuluda veidi aega."},{"$i":"message-large-message-warning","$v":"Sõnumon laadimiseks liiga suur."},{"$i":"message-search-header","$v":"Otsi"},{"$i":"search-result","$v":["Leitud vasteid: ",{"t":"idOrVar","v":"num"}]},{"$i":"message-search-from","$v":"Saatja"},{"$i":"message-search-to","$v":"Adressaat"},{"$i":"message-search-subject","$v":"Teema"},{"$i":"message-search-body","$v":"Keha"},{"$i":"message-search-all","$v":"Kõik"},{"$i":"message-search-input","placeholder":"Otsi e-kirja"},{"$i":"message-search-cancel","$v":"Tühista"},{"$i":"messages-syncing","$v":"Sõnumite laadimine"},{"$i":"messages-syncing-progressbar","ariaValueText":"Sõnumite laadimine"},{"$i":"messages-load-more","$v":"Laadi rohkem sõnumeid"},{"$i":"messages-folder-empty","$v":"Selles kaustas pole e-kirju"},{"$i":"messages-search-empty","$v":"Pole vasteid kohal. vahemällu salv. sõnumites"},{"$i":"messages-folder-select","$v":"Teisalda kausta"},{"$i":"messages-folder-unread-max","$v":"999+"},{"$i":"message-contact-menu-create","$v":"Salvesta uus kontakt"},{"$i":"message-contact-menu-add-existing","$v":"Lisa praegusesse kontakti"},{"$i":"message-contact-menu-view","$v":"Kuva kontakt"},{"$i":"message-contact-menu-reply","$v":"Vasta"},{"$i":"message-contact-menu-new","$v":"Saada uus e-kiri"},{"$i":"message-reply-menu-reply","$v":"Vasta"},{"$i":"message-reply-menu-reply-all","$v":"Vasta kõigile"},{"$i":"message-reply-menu-forward","$v":"Saada edasi"},{"$i":"message-reply-menu-cancel","$v":"Tühista"},{"$i":"reply-quoting-wrote","$v":"{name} kirjutas"},{"$i":"forward-original-message","$v":"Algsõnum"},{"$i":"forward-header-subject","$v":"Teema"},{"$i":"forward-header-date","$v":"Kuupäev"},{"$i":"forward-header-from","$v":"Saatja"},{"$i":"forward-header-reply-to","$v":"Vasta"},{"$i":"forward-header-to","$v":"Adressaat"},{"$i":"forward-header-cc","$v":"Koopia"},{"$i":"folder-inbox","$v":"Vastuvõetud"},{"$i":"folder-sent","$v":"Saadetud"},{"$i":"folder-drafts","$v":"Mustandid"},{"$i":"folder-trash","$v":"Prügikast"},{"$i":"folder-queue","$v":"Saatmata"},{"$i":"folder-junk","$v":"Rämpspost"},{"$i":"folder-archives","$v":"Arhiivid"},{"$i":"folder-localdrafts","$v":"Kohalikud mustandid"},{"$i":"folder-outbox","$v":"Saatmiseks"},{"$i":"drawer-back","$v":"Tagasi"},{"$i":"drawer-accounts-header","$v":"Kontod"},{"$i":"drawer-settings-link","$v":"Seaded"},{"$i":"folder-last-synced-label","$v":"Viimane sünk.:"},{"$i":"messages-refresh-progress","ariaValueText":"Värskendamine"},{"$i":"no-internet-connection","$v":"Interneti-ühendus puudub."},{"$i":"toaster-undo","$v":"Võta tagasi"},{"$i":"toaster-message-star","$v":{"few":[{"t":"idOrVar","v":"n"}," sõnumit märgiti lipuga"],"many":[{"t":"idOrVar","v":"n"}," sõnumit märgiti lipuga"],"one":"Sõnum märgiti lipuga","other":[{"t":"idOrVar","v":"n"}," sõnumit märgiti lipuga"],"two":[{"t":"idOrVar","v":"n"}," sõnumit märgiti lipuga"]},"$x":[{"t":"idOrVar","v":"plural"},"n"]},{"$i":"toaster-message-unstar","$v":{"few":[{"t":"idOrVar","v":"n"}," sõnumilt eemaldati lipp"],"many":[{"t":"idOrVar","v":"n"}," sõnumilt eemaldati lipp"],"one":"Sõnumilt eemaldati lipp","other":[{"t":"idOrVar","v":"n"}," sõnumilt eemaldati lipp"],"two":[{"t":"idOrVar","v":"n"}," sõnumilt eemaldati lipp"]},"$x":[{"t":"idOrVar","v":"plural"},"n"]},{"$i":"toaster-message-read","$v":{"few":[{"t":"idOrVar","v":"n"}," sõnumit märgiti loetuks"],"many":[{"t":"idOrVar","v":"n"}," sõnumit märgiti loetuks"],"one":"Sõnum märgiti loetuks","other":[{"t":"idOrVar","v":"n"}," sõnumit märgiti loetuks"],"two":[{"t":"idOrVar","v":"n"}," sõnumit märgiti loetuks"]},"$x":[{"t":"idOrVar","v":"plural"},"n"]},{"$i":"toaster-message-unread","$v":{"few":[{"t":"idOrVar","v":"n"}," sõnumit märgiti mitteloetuks"],"many":[{"t":"idOrVar","v":"n"}," sõnumit märgiti mitteloetuks"],"one":"Sõnum märgiti mitteloetuks","other":[{"t":"idOrVar","v":"n"}," sõnumit märgiti mitteloetuks"],"two":[{"t":"idOrVar","v":"n"}," sõnumit märgiti mitteloetuks"]},"$x":[{"t":"idOrVar","v":"plural"},"n"]},{"$i":"toaster-message-move","$v":{"few":[{"t":"idOrVar","v":"n"}," sõnumit teisaldati kausta:"],"many":[{"t":"idOrVar","v":"n"}," sõnumit teisaldati kausta:"],"one":"Sõnum teisaldati kausta:","other":[{"t":"idOrVar","v":"n"}," sõnumit teisaldati kausta:"],"two":[{"t":"idOrVar","v":"n"}," sõnumit teisaldati kausta:"]},"$x":[{"t":"idOrVar","v":"plural"},"n"]},{"$i":"toaster-message-delete","$v":{"few":[{"t":"idOrVar","v":"n"}," e-kirja kustutati"],"many":[{"t":"idOrVar","v":"n"}," e-kirja kustutati"],"one":"1 e-kiri on kustutatud","other":[{"t":"idOrVar","v":"n"}," e-kirja kustutati"],"two":[{"t":"idOrVar","v":"n"}," e-kirja kustutati"]},"$x":[{"t":"idOrVar","v":"plural"},"n"]},{"$i":"toaster-sync-failed","$v":"Serveriga ei saa ühendust luua."},{"$i":"compose-invalid-addresses-title","$v":"Kehtetud aadressid"},{"$i":"compose-invalid-addresses-description","$v":"Sõnum sisaldab ühte või mitut kehtetut e-posti aadressi. Parandage need enne saatmist."},{"$i":"background-send-pending","$v":"Võrk pole saadaval. E-kiri salvestati kausta Saatmiseks."},{"$i":"background-send-sending","$v":"E-kirja saatmine …"},{"$i":"background-send-success","$v":"E-kiri on saadetud."},{"$i":"background-send-error","$v":"Ilmnes tõrge. E-kiri salvestati kausta Saatmiseks."},{"$i":"background-send-error-recipients","$v":"Adressaadi tõrge. E-kiri salvestati kausta Saatmiseks."},{"$i":"background-send-error-title","$v":"E-kirja saatmine nurjus"},{"$i":"send-failure-recipients","$v":"Kontrollige ülaltoodud aadresside õigekirja. E-postiserver tuvastas, et üks või mitu ülaltoodud aadressi on valed."},{"$i":"send-failure-unknown","$v":"Sõnumit ei õnnestunud saata."},{"$i":"form-clear-input","$v":"Eemalda tekst"},{"$i":"confirm-dialog-title","$v":"Kinnitus"},{"$i":"confirm-dialog-ok","$v":"OK"},{"$i":"msg-display-subject","$v":"Teema"},{"$i":"msg-reader-display-attachments","$v":"Manused"},{"$i":"msg-reader-display-attachment","$v":"Manus"},{"$i":"msg-reader-download-external-images","$v":["Laadi välised pildid (",{"t":"idOrVar","v":"n"}," MB) alla"]},{"$i":"msg-reader-sender-header","$v":"Saatja:"},{"$i":"msg-reader-recipients-header","$v":"Adressaadid"},{"$i":"msg-reader-cc-header","$v":"Koopia"},{"$i":"msg-reader-bcc-header","$v":"Salakoopia"},{"$i":"msg-reader-message-flagged","$v":"Sõnum märgiti lipuga"},{"$i":"msg-reader-flag-removed","$v":"Lipp eemaldatud"},{"$i":"external-image-downloading","$v":"Allalaadimine ..."},{"$i":"senders-separation-sign","$v":", "},{"$i":"new-messages","$v":{"few":[{"t":"idOrVar","v":"n"}," uut sõnumit"],"many":[{"t":"idOrVar","v":"n"}," uut sõnumit"],"one":"1 uus sõnum","other":[{"t":"idOrVar","v":"n"}," uut sõnumit"],"two":[{"t":"idOrVar","v":"n"}," uut sõnumit"]},"$x":[{"t":"idOrVar","v":"plural"},"n"]},{"$i":"new-emails-notify-one-account","$v":{"few":[{"t":"idOrVar","v":"n"}," uut e-kirja"],"many":[{"t":"idOrVar","v":"n"}," uut e-kirja"],"one":"1 uus e-kiri","other":[{"t":"idOrVar","v":"n"}," uut e-kirja"],"two":[{"t":"idOrVar","v":"n"}," uut e-kirja"]},"$x":[{"t":"idOrVar","v":"plural"},"n"]},{"$i":"new-emails-notify-multiple-accounts","$v":{"few":[{"t":"idOrVar","v":"n"}," uut e-kirja kontol (",{"t":"idOrVar","v":"accountName"},")"],"many":[{"t":"idOrVar","v":"n"}," uut e-kirja kontol (",{"t":"idOrVar","v":"accountName"},")"],"one":["1 uus e-kiri kontol (",{"t":"idOrVar","v":"accountName"},")"],"other":[{"t":"idOrVar","v":"n"}," uut e-kirja kontol (",{"t":"idOrVar","v":"accountName"},")"],"two":[{"t":"idOrVar","v":"n"}," uut e-kirja kontol (",{"t":"idOrVar","v":"accountName"},")"]},"$x":[{"t":"idOrVar","v":"plural"},"n"]},{"$i":"new-emails-notify-multiple-accounts-body","$v":[{"t":"idOrVar","v":"from"}," „",{"t":"idOrVar","v":"subject"},"“"]},{"$i":"tng-plain-socket-warning-title","$v":"Kas olete kindel?"},{"$i":"tng-plain-socket-warning-message","$v":"Teised inimesed võivad näha teie paroole ja e-kirju või hallata teie kontot."},{"$i":"tng-plain-socket-warning-message-options","$v":"On olemas mitu turvalisema krüptitud tasuta e-posti teenuse pakkujat."},{"$i":"tng-plain-socket-warning-ok","$v":"Mõistan"},{"$i":"message-reader-date-received","ariaLabel":"Vastuvõetud"},{"$i":"sort-by-title","$v":"Sortimisalus"},{"$i":"sort-by-date","$v":"Kuupäev"},{"$i":"sort-by-from","$v":"Saatja"},{"$i":"sort-by-to","$v":"Adressaat"},{"$i":"sort-by-subject","$v":"Teema"},{"$i":"softkey-options","$v":"Valikud"},{"$i":"opt-compose","$v":"Koosta"},{"$i":"opt-reply","$v":"Vasta"},{"$i":"opt-reply-all","$v":"Vasta kõigile"},{"$i":"opt-forward","$v":"Saada edasi"},{"$i":"opt-mark-read","$v":"Märgi loetuks"},{"$i":"opt-mark-unread","$v":"Märgi mitteloetuks"},{"$i":"opt-add-flag","$v":"Lisa lipp"},{"$i":"opt-remove-flag","$v":"Eemalda lipp"},{"$i":"opt-move-message","$v":"Teisalda kausta"},{"$i":"opt-delete-message","$v":"Kustuta"},{"$i":"opt-multi-select","$v":"Vali mitu"},{"$i":"opt-search","$v":"Otsi"},{"$i":"opt-folders","$v":"Kuva kaustad"},{"$i":"opt-sort","$v":"Sordi"},{"$i":"opt-sync","$v":"Sünkrooni"},{"$i":"opt-account","$v":"Vaheta kontot"},{"$i":"opt-settings","$v":"Seaded"},{"$i":"opt-edit","$v":"Redigeeri"},{"$i":"opt-cancel","$v":"Tühista"},{"$i":"opt-save","$v":"Salvesta"},{"$i":"opt-move","$v":"Teisalda"},{"$i":"opt-view","$v":"Kuva"},{"$i":"opt-empty-trash","$v":"Tühjenda prügikast"},{"$i":"opt-call-number","$v":"Helista"},{"$i":"opt-compose-mail","$v":"Koosta"},{"$i":"opt-open-url","$v":"Ava"},{"$i":"select-option-on","$v":"Sees"},{"$i":"select-option-off","$v":"Väljas"},{"$i":"select-option-imap-smtp","$v":"IMAP+SMTP"},{"$i":"select-option-pop3-smtp","$v":"POP3+SMTP"},{"$i":"select-option-activesync","$v":"ActiveSync"},{"$i":"toaster-switch-account","$v":"E-posti konto lülitatakse sisse:"},{"$i":"toaster-sorted-by","$v":"Sõnumi sortimisalus"},{"$i":"cmp-reply","$v":"Vasta"},{"$i":"cmp-reply-all","$v":"Vasta kõigile"},{"$i":"cmp-forward","$v":"Saada sõnum edasi"},{"$i":"cmp-remove-attach","$v":"Manus on eemaldatud"},{"$i":"select","$v":"Vali"},{"$i":"deselect","$v":"Tühista valik"},{"$i":"cancel","$v":"Tühista"},{"$i":"enter","$v":"Sisesta"},{"$i":"remove-attachment","$v":"Eemalda manus"},{"$i":"replace-attachment","$v":"Asenda manus"},{"$i":"add-attachment","$v":"Lisa manus"},{"$i":"add-contact","$v":"Lisa kontakt"},{"$i":"add-cc","$v":"Lisa koopia"},{"$i":"remove-cc","$v":"Eemalda koopia"},{"$i":"add-bcc","$v":"Lisa pimekoopia"},{"$i":"remove-bcc","$v":"Eemalda salakoopia"},{"$i":"attachment-download","$v":"Laadi alla"},{"$i":"attachment-share","$v":"Jaga"},{"$i":"send-new-mail","$v":"Saada uus e-kiri"},{"$i":"view-contact","$v":"Kuva kontakt"},{"$i":"save-new-contact","$v":"Salvesta uus kontakt"},{"$i":"add-to-exsiting-contact","$v":"Lisa praegusesse kontakti"},{"$i":"no","$v":"Ei"},{"$i":"yes","$v":"Jah"},{"$i":"retry","$v":"Proovi uuesti"},{"$i":"empty","$v":"Tühjenda"},{"$i":"empty-trash-confirm","$v":"Kas tühjendada prügikast?"},{"$i":"trash-emptied","$v":"Prügikast on tühjendatud"},{"$i":"next","$v":"Edasi"},{"$i":"welcome-header","$v":"E-kiri"},{"$i":"welcome-msg","$v":"Tere tulemast e-posti rakendusse!"},{"$i":"welcome-msg-setup","$v":"E-posti konto seadistamiseks vajutage nuppu Järgmine."},{"$i":"discard","$v":"Hülga"},{"$i":"leave-this-page-warning-message","$v":"Kas soovite e-posti konto teabe hüljata?"},{"$i":"finish","$v":"Lõpeta"},{"$i":"setup-done-msg","$v":"Olete edukalt sisse logitud. Kas soovite lisada veel ühe konto?"},{"$i":"save-as-draft","$v":"Salvesta mustandina"},{"$i":"show-password","$v":"Kuva parool"},{"$i":"account-label","$v":"Konto silt"},{"$i":"folders","$v":"Kaustad"},{"$i":"security","$v":"Turvalisus"},{"$i":"port-number","$v":"Pordi number"},{"$i":"domain-username","$v":"domeen\\kasutajanimi"},{"$i":"synchronizing","$v":"Sünkroonimine …"},{"$i":"browse-mail","$v":"Sirvi e-kirju"},{"$i":"never-sync","$v":"Kohalik kaust ei saa sünkroonida"},{"$i":"emptyDownloadFile","$v":"Faili ei õnnestunud alla laadida. See võib olla tühi"},{"$i":"sync","$v":"Sünkrooni"},{"$i":"outbox-unsent-label","$v":{"few":[{"t":"idOrVar","v":"n"}," saatm. kaustas Saatmiseks"],"many":[{"t":"idOrVar","v":"n"}," saatm. kaustas Saatmiseks"],"one":"1 saatm. kaust. Saatmiseks","other":[{"t":"idOrVar","v":"n"}," saatm. kaustas Saatmiseks"],"two":"2 saatm. kaust. Saatmiseks"},"$x":[{"t":"idOrVar","v":"plural"},"n"]},{"$i":"storage-full-title","$v":"Salvestusruum on täis"},{"$i":"storage-full-warning","$v":"Ruumi vabastamiseks kustutage meediumifaile või hallake rakenduse andmeid."},{"$i":"storage-full","$v":"Telefoni salvestusruum on täis."},{"$i":"storage-sdcard-full","$v":"SD-kaart on täis."},{"$i":"view-address","$v":"Kuva aadressi"},{"$i":"mail-address-title","$v":"E-posti aadress"},{"$i":"mail-address","$v":[{"t":"idOrVar","v":"address"}]},{"$i":"value-name","$v":[{"t":"idOrVar","v":"name"}]},{"$i":"account-deleted","$v":"Konto kustutatud."},{"$i":"account-reEnable","$v":"Konto on juba olemas. Kas sünkroonida konto e-kirjad?"},{"$i":"setup-account-usedInfo","$v":"Seda kontot kasutavad allolevad rakendused. Saate seda muuta, kui avate Seaded > Konto."},{"$i":"setup-account-settingsInfo","$v":"Rakenduste sünkroonimisintervallid erinevad, kontrollige rakenduse seadeid."},{"$i":"app-calendar","$v":"Kalender"},{"$i":"app-contacts","$v":"Kontaktid"},{"$i":"app-email","$v":"E-post"},{"$i":"weekday-0-long","$v":"Pühapäev"},{"$i":"weekday-1-long","$v":"Esmaspäev"},{"$i":"weekday-2-long","$v":"Teisipäev"},{"$i":"weekday-3-long","$v":"Kolmapäev"},{"$i":"weekday-4-long","$v":"Neljapäev"},{"$i":"weekday-5-long","$v":"Reede"},{"$i":"weekday-6-long","$v":"Laupäev"},{"$i":"weekday-0-short","$v":"P"},{"$i":"weekday-1-short","$v":"E"},{"$i":"weekday-2-short","$v":"T"},{"$i":"weekday-3-short","$v":"K"},{"$i":"weekday-4-short","$v":"N"},{"$i":"weekday-5-short","$v":"R"},{"$i":"weekday-6-short","$v":"L"},{"$i":"month-0-long","$v":"Jaanuar"},{"$i":"month-1-long","$v":"Veebruar"},{"$i":"month-2-long","$v":"Märts"},{"$i":"month-3-long","$v":"Aprill"},{"$i":"month-4-long","$v":"Mai"},{"$i":"month-5-long","$v":"Juuni"},{"$i":"month-6-long","$v":"Juuli"},{"$i":"month-7-long","$v":"August"},{"$i":"month-8-long","$v":"September"},{"$i":"month-9-long","$v":"Oktoober"},{"$i":"month-10-long","$v":"November"},{"$i":"month-11-long","$v":"Detsember"},{"$i":"month-0-genitive","$v":"Jaanuar"},{"$i":"month-1-genitive","$v":"Veebruar"},{"$i":"month-2-genitive","$v":"Märts"},{"$i":"month-3-genitive","$v":"Aprill"},{"$i":"month-4-genitive","$v":"Mai"},{"$i":"month-5-genitive","$v":"Juuni"},{"$i":"month-6-genitive","$v":"Juuli"},{"$i":"month-7-genitive","$v":"August"},{"$i":"month-8-genitive","$v":"September"},{"$i":"month-9-genitive","$v":"Oktoober"},{"$i":"month-10-genitive","$v":"November"},{"$i":"month-11-genitive","$v":"Detsember"},{"$i":"month-0-short","$v":"jaan"},{"$i":"month-1-short","$v":"veebr"},{"$i":"month-2-short","$v":"märts"},{"$i":"month-3-short","$v":"apr"},{"$i":"month-4-short","$v":"Mai"},{"$i":"month-5-short","$v":"juuni"},{"$i":"month-6-short","$v":"juuli"},{"$i":"month-7-short","$v":"aug"},{"$i":"month-8-short","$v":"sept"},{"$i":"month-9-short","$v":"okt"},{"$i":"month-10-short","$v":"nov"},{"$i":"month-11-short","$v":"dets"},{"$i":"minutes-ago-long","$v":{"few":[{"t":"idOrVar","v":"value"}," minutit tagasi"],"many":[{"t":"idOrVar","v":"value"}," minutit tagasi"],"one":"üks minut tagasi","other":[{"t":"idOrVar","v":"value"}," minutit tagasi"],"two":[{"t":"idOrVar","v":"value"}," minutit tagasi"],"zero":"just nüüd"},"$x":[{"t":"idOrVar","v":"plural"},"value"]},{"$i":"hours-ago-long","$v":{"few":[{"t":"idOrVar","v":"value"}," tundi tagasi"],"many":[{"t":"idOrVar","v":"value"}," tundi tagasi"],"one":"tund aega tagasi","other":[{"t":"idOrVar","v":"value"}," tundi tagasi"],"two":[{"t":"idOrVar","v":"value"}," tundi tagasi"],"zero":"just nüüd"},"$x":[{"t":"idOrVar","v":"plural"},"value"]},{"$i":"days-ago-long","$v":{"few":[{"t":"idOrVar","v":"value"}," päeva tagasi"],"many":[{"t":"idOrVar","v":"value"}," päeva tagasi"],"one":"eile","other":[{"t":"idOrVar","v":"value"}," päeva tagasi"],"two":[{"t":"idOrVar","v":"value"}," päeva tagasi"],"zero":"täna"},"$x":[{"t":"idOrVar","v":"plural"},"value"]},{"$i":"weeks-ago-long","$v":{"few":[{"t":"idOrVar","v":"value"}," nädalat tagasi"],"many":[{"t":"idOrVar","v":"value"}," nädalat tagasi"],"one":"eelmine nädal","other":[{"t":"idOrVar","v":"value"}," nädalat tagasi"],"two":[{"t":"idOrVar","v":"value"}," nädalat tagasi"],"zero":"sel nädalal"},"$x":[{"t":"idOrVar","v":"plural"},"value"]},{"$i":"months-ago-long","$v":{"few":[{"t":"idOrVar","v":"value"}," kuud tagasi"],"many":[{"t":"idOrVar","v":"value"}," kuud tagasi"],"one":"eelmine kuu","other":[{"t":"idOrVar","v":"value"}," kuud tagasi"],"two":[{"t":"idOrVar","v":"value"}," kuud tagasi"],"zero":"see kuu"},"$x":[{"t":"idOrVar","v":"plural"},"value"]},{"$i":"years-ago-long","$v":{"few":[{"t":"idOrVar","v":"value"}," aastat tagasi"],"many":[{"t":"idOrVar","v":"value"}," aastat tagasi"],"one":"eelmine aasta","other":[{"t":"idOrVar","v":"value"}," aastat tagasi"],"two":[{"t":"idOrVar","v":"value"}," aastat tagasi"],"zero":"see aasta"},"$x":[{"t":"idOrVar","v":"plural"},"value"]},{"$i":"minutes-until-long","$v":{"few":[{"t":"idOrVar","v":"value"}," minuti pärast"],"many":[{"t":"idOrVar","v":"value"}," minuti pärast"],"one":"minuti pärast","other":[{"t":"idOrVar","v":"value"}," minuti pärast"],"two":[{"t":"idOrVar","v":"value"}," minuti pärast"],"zero":"kohe"},"$x":[{"t":"idOrVar","v":"plural"},"value"]},{"$i":"hours-until-long","$v":{"few":[{"t":"idOrVar","v":"value"}," tunni pärast"],"many":[{"t":"idOrVar","v":"value"}," tunni pärast"],"one":"tunni pärast","other":[{"t":"idOrVar","v":"value"}," tunni pärast"],"two":[{"t":"idOrVar","v":"value"}," tunni pärast"],"zero":"kohe"},"$x":[{"t":"idOrVar","v":"plural"},"value"]},{"$i":"days-until-long","$v":{"few":[{"t":"idOrVar","v":"value"}," päeva pärast"],"many":[{"t":"idOrVar","v":"value"}," päeva pärast"],"one":"homme","other":[{"t":"idOrVar","v":"value"}," päeva pärast"],"two":[{"t":"idOrVar","v":"value"}," päeva pärast"],"zero":"täna"},"$x":[{"t":"idOrVar","v":"plural"},"value"]},{"$i":"weeks-until-long","$v":{"few":[{"t":"idOrVar","v":"value"}," nädala pärast"],"many":[{"t":"idOrVar","v":"value"}," nädala pärast"],"one":"järgmine nädal","other":[{"t":"idOrVar","v":"value"}," nädala pärast"],"two":[{"t":"idOrVar","v":"value"}," nädala pärast"],"zero":"sel nädalal"},"$x":[{"t":"idOrVar","v":"plural"},"value"]},{"$i":"months-until-long","$v":{"few":[{"t":"idOrVar","v":"value"}," kuu pärast"],"many":[{"t":"idOrVar","v":"value"}," kuu pärast"],"one":"järgmine kuu","other":[{"t":"idOrVar","v":"value"}," kuu pärast"],"two":[{"t":"idOrVar","v":"value"}," kuu pärast"],"zero":"see kuu"},"$x":[{"t":"idOrVar","v":"plural"},"value"]},{"$i":"years-until-long","$v":{"few":[{"t":"idOrVar","v":"value"}," aasta pärast"],"many":[{"t":"idOrVar","v":"value"}," aasta pärast"],"one":"järgmine aasta","other":[{"t":"idOrVar","v":"value"}," aasta pärast"],"two":[{"t":"idOrVar","v":"value"}," aasta pärast"],"zero":"see aasta"},"$x":[{"t":"idOrVar","v":"plural"},"value"]},{"$i":"minutes-ago-short","$v":{"other":[{"t":"idOrVar","v":"value"}," m tagasi"],"zero":"just nüüd"},"$x":[{"t":"idOrVar","v":"plural"},"value"]},{"$i":"hours-ago-short","$v":{"other":[{"t":"idOrVar","v":"value"}," h tagasi"],"zero":"just nüüd"},"$x":[{"t":"idOrVar","v":"plural"},"value"]},{"$i":"days-ago-short","$v":{"other":[{"t":"idOrVar","v":"value"}," p tagasi"],"zero":"täna"},"$x":[{"t":"idOrVar","v":"plural"},"value"]},{"$i":"minutes-until-short","$v":{"other":[{"t":"idOrVar","v":"value"}," min pärast"],"zero":"kohe"},"$x":[{"t":"idOrVar","v":"plural"},"value"]},{"$i":"hours-until-short","$v":{"other":[{"t":"idOrVar","v":"value"},"h pärast"],"zero":"kohe"},"$x":[{"t":"idOrVar","v":"plural"},"value"]},{"$i":"days-until-short","$v":{"other":[{"t":"idOrVar","v":"value"},"p pärast"],"zero":"täna"},"$x":[{"t":"idOrVar","v":"plural"},"value"]},{"$i":"incorrectDate","$v":"(vale kuupäev)"},{"$i":"dateTimeFormat_%c","$v":"%a %b %e %Y %I:%M:%S %p"},{"$i":"dateTimeFormat_%x","$v":"%m/%d/%Y"},{"$i":"dateTimeFormat_%X","$v":"%I:%M:%S %p"},{"$i":"shortTimeFormat","$v":"%I:%M %p"},{"$i":"shortTimeFormat12","$v":"%I:%M %p"},{"$i":"shortTimeFormat24","$v":"%H:%M"},{"$i":"shortDateTimeFormat","$v":"%x %I:%M %p"},{"$i":"weekStartsOnMonday","$v":"0.0"},{"$i":"firstDayOfTheWeek","$v":"1.0"},{"$i":"time_am","$v":"AM"},{"$i":"time_pm","$v":"PM"}]