[{"$i":"setup-app-name-header","$v":"דואר אלקטרוני"},{"$i":"setup-empty-account-message","$v":"לא הגדרת שליחה או קבלה של דואר אלקטרוני. הגדר חשבון כדי להשלים את הפעולה."},{"$i":"setup-pick-service","$v":"כדי לשלוח ולקבל דואר אלקטרוני, עליך להגדיר חשבון."},{"$i":"setup-account-header3","$v":"כניסה לחשבון"},{"$i":"setup-account-password","$v":"סיסמה"},{"$i":"setup-info-next","$v":"הבא"},{"$i":"setup-progress-wait-msg","$v":"הגדרת חשבון"},{"$i":"setup-sync-progress-wait-msg","$v":"מסנכרן את החשבון"},{"$i":"setup-completed-header","$v":"ברכותינו!"},{"$i":"setup-completed-label","$v":"סיימת!"},{"$i":"setup-add-another-account","$v":"הוסף חשבון אחר"},{"$i":"setup-show-mail","$v":"המשך לדואר אלקטרוני"},{"$i":"setup-done-add","$v":"הוסף חשבון"},{"$i":"setup-error-offline","$v":"המכשיר הזה אינו מקוון כעת. התחבר לרשת ונסה שוב."},{"$i":"setup-error-bad-user-or-pass2","$v":"שם משתמש או סיסמה לא חוקיים. ודא שאין שגיאות הקלדה."},{"$i":"setup-error-bad-address","$v":"כתובת דואר אלקטרוני לא חוקית. ודא שאין שגיאות הקלדה."},{"$i":"setup-error-not-authorized","$v":"לפי השרת, אין לך הרשאה ליצירת חשבון"},{"$i":"setup-error-pop-server-not-great","$v":"אין תמיכה בשרת. שרת ה-POP3 אינו משתמש בתכונות הנדרשות."},{"$i":"setup-error-unknown2","$v":"אירעה שגיאה לא ידועה. בדוק את החיבור לרשת, או נסה להשתמש בהגדרה הידנית."},{"$i":"setup-error-needs-app-pass","$v":"עליך להשתמש בסיסמה ספציפית לאפליקציה לחשבונות Gmail עם אימות דו-גורמי"},{"$i":"setup-error-imap-disabled","$v":"עליך להפעיל IMAP עבור חשבון ה-Gmail"},{"$i":"setup-error-pop3-disabled","$v":"עליך להפעיל POP3 עבור חשבון Gmail שלך"},{"$i":"setup-error-bad-security","$v":["לא ניתן ליצור חיבור מאובטח אל \"",{"t":"idOrVar","v":"server"},"\". ייתכן שקיימת בעיה ברשת שלך או בשרת."]},{"$i":"setup-error-unresponsive-server","$v":["לא ניתן ליצור חיבור אל \"",{"t":"idOrVar","v":"server"},"\". ייתכן שקיימת בעיה ברשת."]},{"$i":"setup-error-server-problem","$v":["קיימת בעיה בשרת \"",{"t":"idOrVar","v":"server"},"\". נסה שוב מאוחר יותר."]},{"$i":"setup-error-no-config-info","$v":"לא ניתן להגדיר את חשבונך באופן אוטומטי. תקן את כתובת הדואר האלקטרוני, או נסה להשתמש בהגדרה הידנית."},{"$i":"setup-error-server-maintenance","$v":["השרת \"",{"t":"idOrVar","v":"server"},"\" אינו מקוון, לצורך פעולות תחזוקה. נסה שוב מאוחר יותר."]},{"$i":"setup-error-account-already-exists","$v":"חשבון זה כבר מוגדר."},{"$i":"setup-manual-config2","$v":"מתקדם"},{"$i":"setup-manual-config-header","$v":"כניסה לחשבון"},{"$i":"setup-manual-account-type-header","$v":"סוג חשבון"},{"$i":"setup-manual-account-type","$v":"סוג חשבון"},{"$i":"setup-manual-account-type-select","ariaLabel":"סוג חשבון"},{"$i":"setup-manual-imap-header","$v":"הגדרות IMAP"},{"$i":"setup-manual-pop3-header","$v":"הגדרות POP3"},{"$i":"setup-manual-smtp-header","$v":"הגדרות SMTP"},{"$i":"setup-manual-activesync-header","$v":"הגדרות ActiveSync"},{"$i":"setup-manual-next","$v":"הבא"},{"$i":"setup-manual-socket","$v":"סוג שקע"},{"$i":"setup-manual-socket-ssl","$v":"SSL"},{"$i":"setup-manual-socket-starttls","$v":"STARTTLS"},{"$i":"setup-manual-socket-select","ariaLabel":"אבטחת חיבור"},{"$i":"setup-manual-socket-plain","$v":"לא מוצפן"},{"$i":"setup-bad-password-header","$v":"סיסמה שגויה!"},{"$i":"setup-bad-password","$v":"לא ניתן להיכנס לשרת. נסה להזין סיסמה שוב."},{"$i":"setup-new-password","placeholder":"סיסמה חדשה"},{"$i":"setup-fix-password","$v":"נסה שוב עם סיסמה חדשה"},{"$i":"setup-gmail-twofactor-header","$v":"אימות דו-גורמי מופעל"},{"$i":"setup-gmail-twofactor-message","$v":"עליך להזין להלן סיסמה ספציפית לאפליקציה."},{"$i":"setup-gmail-imap-header","$v":"‏IMAP מושבת"},{"$i":"setup-gmail-imap-message","$v":"עליך להפעיל IMAP בחשבון ה-Gmail"},{"$i":"setup-gmail-retry","$v":"נסה שוב"},{"$i":"setup-gmail-pop3-header","$v":"‏POP3 מושבת"},{"$i":"setup-gmail-pop3-message","$v":"עליך להפעיל POP3 בחשבון ה-Gmail שלך"},{"$i":"setup-fix-oauth2-header","$v":"הרשאה מחדש של דואר אלקטרוני"},{"$i":"setup-fix-oauth2-description","$v":"יש לבצע הרשאה מחדש של הדואר האלקטרוני כדי לגשת לחשבון הבא:"},{"$i":"setup-fix-oauth2-reauthorize","$v":"הרשאה מחדש"},{"$i":"settings-main-header","$v":"הגדרות דואר אלקטרוני"},{"$i":"settings-sub-header-account","$v":"חשבון"},{"$i":"settings-account-group","ariaLabel":"חשבון"},{"$i":"settings-account-name","$v":"השם שלך"},{"$i":"settings-account-label","$v":"תווית חשבון"},{"$i":"settings-account-display-notifications","$v":"הצג התראות על דואר אלקטרוני חדש"},{"$i":"settings-account-play-sound-onsend","$v":"הפעל צליל לאחר שליחת הודעה"},{"$i":"settings-account-signature-label","$v":"חתימות"},{"$i":"settings-sub-header-data","$v":"נתונים"},{"$i":"settings-data-group","ariaLabel":"נתונים"},{"$i":"settings-account-check-mail","$v":"בדוק הודעות חדשות"},{"$i":"settings-account-check-mail-select","ariaLabel":"בדוק הודעות חדשות"},{"$i":"settings-sub-header-server","$v":"הגדרות שרת"},{"$i":"settings-server-group","ariaLabel":"הגדרות שרת"},{"$i":"settings-account-userpass","$v":"שם משתמש וסיסמה"},{"$i":"settings-account-useroauth2","$v":"שם משתמש"},{"$i":"settings-default-signature-2","$v":"נשלח מהטלפון שלי"},{"$i":"settings-done","$v":"סיום"},{"$i":"settings-account-section","$v":"חשבונות"},{"$i":"settings-account-listbox","ariaLabel":"חשבונות"},{"$i":"settings-account-add","$v":"הוספה"},{"$i":"settings-account-delete","$v":"מחק חשבון"},{"$i":"settings-account-delete-prompt","$v":["האם אתה בטוח שברצונך למחוק את חשבון הדואר האלקטרוני ב-",{"t":"idOrVar","v":"account"},"?"]},{"$i":"settings-account-delete-desc","$v":"עליך להוריד שוב את הדואר האלקטרוני אם תחזור על תהליך יצירת החשבון."},{"$i":"settings-account-delete-cancel","$v":"ביטול"},{"$i":"settings-account-delete-confirm","$v":"מחיקה"},{"$i":"settings-account-clarify","$v":[{"t":"idOrVar","v":"account-name"}]},{"$i":"settings-account-clarify-imap","$v":[{"t":"idOrVar","v":"account-name"}," (IMAP)"]},{"$i":"settings-account-clarify-pop3","$v":[{"t":"idOrVar","v":"account-name"}," (POP3)"]},{"$i":"settings-account-clarify-smtp","$v":[{"t":"idOrVar","v":"account-name"}," (SMTP)"]},{"$i":"settings-general-section","$v":"הגדרות כלליות"},{"$i":"settings-show-images","$v":"תמיד הראה תמונות"},{"$i":"settings-download-attachments","$v":"הורד קבצים מצורפים"},{"$i":"settings-check-every-5min","$v":"כל 5 דקות"},{"$i":"settings-check-every-10min","$v":"כל 10 דקות"},{"$i":"settings-check-every-15min","$v":"כל 15 דקות"},{"$i":"settings-check-every-30min","$v":"כל 30 דקות"},{"$i":"settings-check-every-60min","$v":"כל שעה"},{"$i":"settings-check-every-manual","$v":"ידנית"},{"$i":"settings-check-dynamic","$v":{"few":[{"t":"idOrVar","v":"n"}," שניות"],"many":[{"t":"idOrVar","v":"n"}," שניות"],"one":["שנייה ",{"t":"idOrVar","v":"n"}],"other":[{"t":"idOrVar","v":"n"}," שניות"],"two":[{"t":"idOrVar","v":"n"}," שניות"],"zero":"מושבת"},"$x":[{"t":"idOrVar","v":"plural"},"n"]},{"$i":"settings-default-account","$v":"הגדרה כברירת מחדל לדואר אלקטרוני"},{"$i":"settings-account-type","$v":"סוג חשבון"},{"$i":"settings-account-credentials","$v":"אישורים"},{"$i":"settings-activesync-label","$v":"הגדרות ActiveSync"},{"$i":"settings-imap-label","$v":"הגדרות IMAP"},{"$i":"settings-pop3-label","$v":"הגדרות POP3"},{"$i":"settings-smtp-label","$v":"הגדרות SMTP"},{"$i":"settings-hostname","$v":"שם מארח"},{"$i":"settings-port","$v":"יציאה"},{"$i":"settings-username","$v":"שם משתמש"},{"$i":"settings-password","$v":"סיסמה"},{"$i":"settings-save","$v":"שמירה"},{"$i":"password-saved","$v":"הסיסמה נשמרה."},{"$i":"settings-reauth","$v":"הרשאה מחדש"},{"$i":"settings-account-synchronize-window","$v":"ימים לסינכרון"},{"$i":"settings-account-synchronize-window-select","ariaLabel":"ימים לסינכרון"},{"$i":"settings-synchronize-auto","$v":"אוטומטי"},{"$i":"settings-synchronize-one-day","$v":"יום אחד"},{"$i":"settings-synchronize-three-days","$v":"‏⁯3⁮ ימים"},{"$i":"settings-synchronize-one-week","$v":"שבוע אחד"},{"$i":"settings-synchronize-two-weeks","$v":"‏⁯2⁮ שבועות"},{"$i":"settings-synchronize-one-month","$v":"חודש אחד"},{"$i":"settings-synchronize-all","$v":"כל ההודעות"},{"$i":"envelope-from","$v":"מאת"},{"$i":"envelope-to","$v":"אל"},{"$i":"envelope-cc","$v":"עותק"},{"$i":"envelope-bcc","$v":"עותק מוסתר"},{"$i":"message-header-state-sending","ariaLabel":"שולח"},{"$i":"message-header-state-error","ariaLabel":"שגיאה בשליחה"},{"$i":"message-header-unread","ariaLabel":"לא נקראו"},{"$i":"message-header-reply","ariaLabel":"מענה"},{"$i":"message-header-forward","ariaLabel":"העברה"},{"$i":"message-header-starred","ariaLabel":"מסומנת בכוכב"},{"$i":"message-header-attachments","ariaLabel":"כוללת קבצים מצורפים"},{"$i":"message-body-container","ariaLabel":"גוף ההודעה"},{"$i":"message-body-container-progress","ariaValueText":"טוען"},{"$i":"subject","ariaLabel":"נושא"},{"$i":"attachments-container","ariaLabel":"קבצים מצורפים"},{"$i":"from-group","ariaLabel":"מאת"},{"$i":"to-group","ariaLabel":"אל"},{"$i":"cc-group","ariaLabel":"עותק"},{"$i":"bcc-group","ariaLabel":"עותק מוסתר"},{"$i":"compose-header","$v":"חבר הודעה"},{"$i":"compose-header-short","$v":"חבר"},{"$i":"compose-send","$v":"שליחה"},{"$i":"compose-send-button","ariaLabel":"שליחה"},{"$i":"compose-to","$v":"אל"},{"$i":"compose-cc","$v":"עותק"},{"$i":"compose-bcc","$v":"עותק מוסתר"},{"$i":"compose-cc-remove","$v":"רשימת העותקים הוסרה."},{"$i":"compose-bcc-remove","$v":"רשימת העותקים המוסתרים הוסרה."},{"$i":"compose-contact-add","ariaLabel":"הוסף איש קשר"},{"$i":"compose-attachments","$v":{"few":["קבצים מצורפים (",{"t":"idOrVar","v":"n"},")"],"many":["קבצים מצורפים (",{"t":"idOrVar","v":"n"},")"],"one":["קובץ מצורף (",{"t":"idOrVar","v":"n"},")"],"other":["קבצים מצורפים (",{"t":"idOrVar","v":"n"},")"],"two":["קבצים מצורפים (",{"t":"idOrVar","v":"n"},")"],"zero":"קובץ מצורף"},"$x":[{"t":"idOrVar","v":"plural"},"n"]},{"$i":"compose-text","ariaLabel":"עריכה"},{"$i":"compose-attachment-still-working","$v":"רק רגע, עדיין מעבד קובץ מצורף קודם..."},{"$i":"compose-attachment-loading","$v":"טוען קובץ מצורף ..."},{"$i":"compose-attachments-loading","$v":"טוען קבצים מצורפים ..."},{"$i":"compose-forward-attachment-error-title","$v":"ההורדה נכשלה."},{"$i":"compose-forward-attachment-error-title2","$v":"שגיאה"},{"$i":"compose-forward-attachment-unable-load","$v":"לא ניתן לטעון קובץ מצורף."},{"$i":"compose-forward-attachments-unable-load","$v":"לא ניתן לטעון קבצים מצורפים."},{"$i":"compose-forward-attachment-load-error","$v":"לא ניתן לטעון קבצים מצורפים מסוימים."},{"$i":"confirmation-title","$v":"אישור"},{"$i":"compose-subject","$v":"נושא"},{"$i":"compose-draft-save","$v":"לשמור כטיוטה מקומית?"},{"$i":"compose-discard-confirm","$v":"בטל"},{"$i":"compose-draft-dialog-cancel","$v":"ביטול"},{"$i":"compose-draft-dialog-save","$v":"שמירה"},{"$i":"composer-draft-saved","$v":"ההודעה נשמרה כטיוטה מקומית"},{"$i":"attention","$v":"שים לב"},{"$i":"compose-send-message-failed","$v":"שליחת דואר אלקטרוני נכשלה"},{"$i":"compose-attchment-size-exceeded","$v":"הקובץ המצורף שנבחר גדול מדי לשליחה עם הודעה זו."},{"$i":"compose-attchments-size-exceeded","$v":"הקבצים המצורפים שנבחרו גדולים מדי לשליחה עם הודעה זו. נסה לבחור פחות קבצים."},{"$i":"composer-attachment-large-title","$v":"הקובץ גדול מדי"},{"$i":"default-attachment-filename","$v":["קובץ מצורף",{"t":"idOrVar","v":"n"}]},{"$i":"attachment-size-meb","$v":[{"t":"idOrVar","v":"megabytes"}," MB"]},{"$i":"attachment-size-kib","$v":[{"t":"idOrVar","v":"kilobytes"}," KB"]},{"$i":"attachment-size-byte","$v":[{"t":"idOrVar","v":"bytes"}," B"]},{"$i":"message-attachment-view","$v":"הצגה"},{"$i":"message-attachment-did-not-open-label","$v":"לא ניתן לפתוח"},{"$i":"message-attachment-did-not-open-body","$v":"בהתקן אין אפליקציה שמסוגלת לפתוח את הקובץ המצורף."},{"$i":"message-attachment-too-large","$v":"קובץ זה גדול מדי להורדה."},{"$i":"message-attachment-not-found","$v":"לא ניתן למצוא את הקובץ המצורף, כנראה שהוא נמחק."},{"$i":"message-attachment-download-fail","$v":[{"t":"idOrVar","v":"fileName"}," -ההורדה נכשלה"]},{"$i":"message-no-subject","$v":"(ללא נושא)"},{"$i":"message-edit-menu-edit","$v":"עריכה"},{"$i":"message-edit-menu-delete","$v":"מחיקה"},{"$i":"message-edit-delete-confirm","$v":"למחוק את ההודעה?"},{"$i":"message-forward-attachment-title","$v":"קובץ מצורף"},{"$i":"message-forward-attachment","$v":"להעביר גם את הקובץ המצורף?"},{"$i":"message-forward-attachments","$v":"להעביר גם את הקבצים המצורפים?"},{"$i":"message-multiedit-header","$v":{"few":[{"t":"idOrVar","v":"n"}," נבחרו"],"many":[{"t":"idOrVar","v":"n"}," נבחרו"],"one":[{"t":"idOrVar","v":"n"}," נבחרו"],"other":[{"t":"idOrVar","v":"n"}," נבחרו"],"two":[{"t":"idOrVar","v":"n"}," נבחרו"],"zero":[{"t":"idOrVar","v":"n"}," נבחרו"]},"$x":[{"t":"idOrVar","v":"plural"},"n"]},{"$i":"message-multiedit-search-header","$v":{"few":[{"t":"idOrVar","v":"n"}," נבחרו"],"many":[{"t":"idOrVar","v":"n"}," נבחרו"],"one":[{"t":"idOrVar","v":"n"}," נבחרו"],"other":[{"t":"idOrVar","v":"n"}," נבחרו"],"two":[{"t":"idOrVar","v":"n"}," נבחרו"],"zero":"0 נבחרו"},"$x":[{"t":"idOrVar","v":"plural"},"n"]},{"$i":"browse-to-url-prompt","$v":["האם לעבור לכתובת URL?: ",{"t":"idOrVar","v":"url"}]},{"$i":"message-download-images-tap","$v":{"few":["הודעת דואר אלקטרוני זו מכילה ",{"t":"idOrVar","v":"n"}," תמונות. הקש כדי להוריד."],"many":["הודעת דואר אלקטרוני זו מכילה ",{"t":"idOrVar","v":"n"}," תמונות. הקש כדי להוריד."],"one":"הודעת דואר אלקטרוני זו מכילה תמונה אחת. הקש כדי להוריד.","other":["הודעת דואר אלקטרוני זו מכילה ",{"t":"idOrVar","v":"n"}," תמונות. הקש כדי להוריד."],"two":["הודעת דואר אלקטרוני זו מכילה ",{"t":"idOrVar","v":"n"}," תמונות. הקש כדי להוריד."]},"$x":[{"t":"idOrVar","v":"plural"},"n"]},{"$i":"message-show-external-images","$v":"הצגת תמונות חיצוניות"},{"$i":"message-delete-cancel","$v":"ביטול"},{"$i":"message-multiedit-delete-confirm","$v":{"few":["למחוק ",{"t":"idOrVar","v":"n"}," הודעות?"],"many":["למחוק ",{"t":"idOrVar","v":"n"}," הודעות?"],"one":"למחוק את ההודעה שנבחרה?","other":["למחוק ",{"t":"idOrVar","v":"n"}," הודעות?"],"two":["למחוק ",{"t":"idOrVar","v":"n"}," הודעות?"]},"$x":[{"t":"idOrVar","v":"plural"},"n"]},{"$i":"message-large-message-cancel","$v":"ביטול"},{"$i":"message-large-message-ok","$v":"המשך"},{"$i":"message-large-message-confirm","$v":"הודעה זו גדולה מדי והורדתה עשויה להימשך זמן מה."},{"$i":"message-large-message-warning","$v":"ההודעה גדולה מדי להעלאה."},{"$i":"message-search-header","$v":"חיפוש"},{"$i":"search-result","$v":["התאמה ",{"t":"idOrVar","v":"num"}," נמצאה"]},{"$i":"message-search-from","$v":"מאת"},{"$i":"message-search-to","$v":"אל"},{"$i":"message-search-subject","$v":"נושא"},{"$i":"message-search-body","$v":"גוף"},{"$i":"message-search-all","$v":"הכל"},{"$i":"message-search-input","placeholder":"חיפוש בדואר אלקטרוני"},{"$i":"message-search-cancel","$v":"ביטול"},{"$i":"messages-syncing","$v":"טוען הודעות"},{"$i":"messages-syncing-progressbar","ariaValueText":"טוען הודעות"},{"$i":"messages-load-more","$v":"טען הודעות נוספות"},{"$i":"messages-folder-empty","$v":"אין הודעות דואר אלקטרוני בתיקייה זו"},{"$i":"messages-search-empty","$v":"אין התאמות בהודעות השמורות בזיכרון המטמון"},{"$i":"messages-folder-select","$v":"העברה לתיקייה"},{"$i":"messages-folder-unread-max","$v":"999+"},{"$i":"message-contact-menu-create","$v":"שמור איש קשר חדש"},{"$i":"message-contact-menu-add-existing","$v":"הוסף לאיש קשר קיים"},{"$i":"message-contact-menu-view","$v":"הצגת איש קשר"},{"$i":"message-contact-menu-reply","$v":"מענה"},{"$i":"message-contact-menu-new","$v":"שלח הודעת דואר אלקטרוני חדשה"},{"$i":"message-reply-menu-reply","$v":"מענה"},{"$i":"message-reply-menu-reply-all","$v":"מענה לכולם"},{"$i":"message-reply-menu-forward","$v":"העברה"},{"$i":"message-reply-menu-cancel","$v":"ביטול"},{"$i":"reply-quoting-wrote","$v":"{name} כתב/ה"},{"$i":"forward-original-message","$v":"הודעה מקורית"},{"$i":"forward-header-subject","$v":"נושא"},{"$i":"forward-header-date","$v":"תאריך"},{"$i":"forward-header-from","$v":"מאת"},{"$i":"forward-header-reply-to","$v":"השב אל"},{"$i":"forward-header-to","$v":"אל"},{"$i":"forward-header-cc","$v":"עותק"},{"$i":"folder-inbox","$v":"דואר נכנס"},{"$i":"folder-sent","$v":"נשלחו"},{"$i":"folder-drafts","$v":"טיוטות"},{"$i":"folder-trash","$v":"אשפה"},{"$i":"folder-queue","$v":"לא נשלחו"},{"$i":"folder-junk","$v":"דואר זבל"},{"$i":"folder-archives","$v":"ארכיונים"},{"$i":"folder-localdrafts","$v":"טיוטות מקומיות"},{"$i":"folder-outbox","$v":"דואר יוצא"},{"$i":"drawer-back","$v":"הקודם"},{"$i":"drawer-accounts-header","$v":"חשבונות"},{"$i":"drawer-settings-link","$v":"הגדרות"},{"$i":"folder-last-synced-label","$v":"סינכרון אחרון:"},{"$i":"messages-refresh-progress","ariaValueText":"מבצע רענון"},{"$i":"no-internet-connection","$v":"אין חיבור אינטרנט."},{"$i":"toaster-undo","$v":"בטל"},{"$i":"toaster-message-star","$v":{"few":[{"t":"idOrVar","v":"n"}," הודעות סומנו בדגל"],"many":[{"t":"idOrVar","v":"n"}," הודעות סומנו בדגל"],"one":"הודעה מסומנת בדגל","other":[{"t":"idOrVar","v":"n"}," הודעות סומנו בדגל"],"two":[{"t":"idOrVar","v":"n"}," הודעות סומנו בדגל"]},"$x":[{"t":"idOrVar","v":"plural"},"n"]},{"$i":"toaster-message-unstar","$v":{"few":["דגלים הוסרו מ-",{"t":"idOrVar","v":"n"}," הודעות"],"many":["דגלים הוסרו מ-",{"t":"idOrVar","v":"n"}," הודעות"],"one":"דגל הוסר מהודעה","other":["דגלים הוסרו מ-",{"t":"idOrVar","v":"n"}," הודעות"],"two":["דגלים הוסרו מ-",{"t":"idOrVar","v":"n"}," הודעות"]},"$x":[{"t":"idOrVar","v":"plural"},"n"]},{"$i":"toaster-message-read","$v":{"few":[{"t":"idOrVar","v":"n"}," הודעות סומנו כהודעות שנקראו"],"many":[{"t":"idOrVar","v":"n"}," הודעות סומנו כהודעות שנקראו"],"one":"הודעה סומנה כהודעה שנקראה","other":[{"t":"idOrVar","v":"n"}," הודעות סומנו כהודעות שנקראו"],"two":[{"t":"idOrVar","v":"n"}," הודעות סומנו כהודעות שנקראו"]},"$x":[{"t":"idOrVar","v":"plural"},"n"]},{"$i":"toaster-message-unread","$v":{"few":[{"t":"idOrVar","v":"n"}," הודעות סומנו כהודעות שלא נקראו"],"many":[{"t":"idOrVar","v":"n"}," הודעות סומנו כהודעות שלא נקראו"],"one":"הודעה סומנה כהודעה שלא נקראה","other":[{"t":"idOrVar","v":"n"}," הודעות סומנו כהודעות שלא נקראו"],"two":[{"t":"idOrVar","v":"n"}," הודעות סומנו כהודעות שלא נקראו"]},"$x":[{"t":"idOrVar","v":"plural"},"n"]},{"$i":"toaster-message-move","$v":{"few":[{"t":"idOrVar","v":"n"}," הודעות הועברו לתיקייה:"],"many":[{"t":"idOrVar","v":"n"}," הודעות הועברו לתיקייה:"],"one":"הודעה הועברה לתיקייה:","other":[{"t":"idOrVar","v":"n"}," הודעות הועברו לתיקייה:"],"two":[{"t":"idOrVar","v":"n"}," הודעות הועברו לתיקייה:"]},"$x":[{"t":"idOrVar","v":"plural"},"n"]},{"$i":"toaster-message-delete","$v":{"few":[{"t":"idOrVar","v":"n"}," הודעות דואר אלקטרוני נמחקו"],"many":[{"t":"idOrVar","v":"n"}," הודעות דואר אלקטרוני נמחקו"],"one":"הודעת דואר אלקטרוני אחת נמחקה","other":[{"t":"idOrVar","v":"n"}," הודעות דואר אלקטרוני נמחקו"],"two":[{"t":"idOrVar","v":"n"}," הודעות דואר אלקטרוני נמחקו"]},"$x":[{"t":"idOrVar","v":"plural"},"n"]},{"$i":"toaster-sync-failed","$v":"לא ניתן להתחבר לשרת."},{"$i":"compose-invalid-addresses-title","$v":"כתובות לא חוקיות"},{"$i":"compose-invalid-addresses-description","$v":"ההודעה שלך מכילה כתובת דואר אלקטרוני בלתי-חוקית אחת או יותר. תקן את הכתובות לפני השליחה."},{"$i":"background-send-pending","$v":"הרשת לא זמינה. הדואר האלקטרוני נשמר בתיבת דואר יוצא."},{"$i":"background-send-sending","$v":"שולח דואר אלקטרוני…"},{"$i":"background-send-success","$v":"דואר אלקטרוני נשלח."},{"$i":"background-send-error","$v":"אירעה שגיאה. הדואר האלקטרוני נשמר בתיבת דואר יוצא."},{"$i":"background-send-error-recipients","$v":"שגיאה בנמען. הדואר האלקטרוני נשמר בתיבת דואר יוצא."},{"$i":"background-send-error-title","$v":"שליחת דואר אלקטרוני נכשלה"},{"$i":"send-failure-recipients","$v":"בדוק את האיות בכתובות לעיל. שרת הדואר האלקטרוני שלך ציין שיש כתובת שגויה אחת או יותר."},{"$i":"send-failure-unknown","$v":"לא ניתן לשלוח את ההודעה."},{"$i":"form-clear-input","$v":"הסרת טקסט"},{"$i":"confirm-dialog-title","$v":"אישור"},{"$i":"confirm-dialog-ok","$v":"אישור"},{"$i":"msg-display-subject","$v":"נושא"},{"$i":"msg-reader-display-attachments","$v":"קבצים מצורפים"},{"$i":"msg-reader-display-attachment","$v":"קובץ מצורף"},{"$i":"msg-reader-download-external-images","$v":["הורד תמונות חיצוניות (‎",{"t":"idOrVar","v":"n"}," MB)"]},{"$i":"msg-reader-sender-header","$v":"מאת"},{"$i":"msg-reader-recipients-header","$v":"נמענים"},{"$i":"msg-reader-cc-header","$v":"עותק"},{"$i":"msg-reader-bcc-header","$v":"עותק מוסתר"},{"$i":"msg-reader-message-flagged","$v":"הודעה מסומנת בדגל"},{"$i":"msg-reader-flag-removed","$v":"הדגל הוסר"},{"$i":"external-image-downloading","$v":"מוריד..."},{"$i":"senders-separation-sign","$v":", "},{"$i":"new-messages","$v":{"few":[{"t":"idOrVar","v":"n"}," הודעות חדשות"],"many":[{"t":"idOrVar","v":"n"}," הודעות חדשות"],"one":"הודעה חדשה אחת","other":[{"t":"idOrVar","v":"n"}," הודעות חדשות"],"two":[{"t":"idOrVar","v":"n"}," הודעות חדשות"]},"$x":[{"t":"idOrVar","v":"plural"},"n"]},{"$i":"new-emails-notify-one-account","$v":{"few":[{"t":"idOrVar","v":"n"}," הודעות דואר אלקטרוני חדשות"],"many":[{"t":"idOrVar","v":"n"}," הודעות דואר אלקטרוני חדשות"],"one":"הודעת דואר אלקטרוני חדשה אחת","other":[{"t":"idOrVar","v":"n"}," הודעות דואר אלקטרוני חדשות"],"two":[{"t":"idOrVar","v":"n"}," הודעות דואר אלקטרוני חדשות"]},"$x":[{"t":"idOrVar","v":"plural"},"n"]},{"$i":"new-emails-notify-multiple-accounts","$v":{"few":[{"t":"idOrVar","v":"n"}," הודעות דואר אלקטרוני חדשות (",{"t":"idOrVar","v":"accountName"},")"],"many":[{"t":"idOrVar","v":"n"}," הודעות דואר אלקטרוני חדשות (",{"t":"idOrVar","v":"accountName"},")"],"one":["הודעת דואר אלקטרוני חדשה אחת (",{"t":"idOrVar","v":"accountName"},")"],"other":[{"t":"idOrVar","v":"n"}," הודעות דואר אלקטרוני חדשות (",{"t":"idOrVar","v":"accountName"},")"],"two":[{"t":"idOrVar","v":"n"}," הודעות דואר אלקטרוני חדשות (",{"t":"idOrVar","v":"accountName"},")"]},"$x":[{"t":"idOrVar","v":"plural"},"n"]},{"$i":"new-emails-notify-multiple-accounts-body","$v":[{"t":"idOrVar","v":"from"}," \"",{"t":"idOrVar","v":"subject"}]},{"$i":"tng-plain-socket-warning-title","$v":"האם אתה בטוח?"},{"$i":"tng-plain-socket-warning-message","$v":"ייתכן שאנשים אחרים יוכלו לראות את הסיסמאות וכתובות הדואר האלקטרוני שלך או לשלוט בחשבונך."},{"$i":"tng-plain-socket-warning-message-options","$v":"ישנם ספקים שונים של דואר אלקטרוני חינמי שמציעים חיבורים מוצפנים ומאובטחים יותר."},{"$i":"tng-plain-socket-warning-ok","$v":"אני מבין"},{"$i":"message-reader-date-received","ariaLabel":"התקבלו"},{"$i":"sort-by-title","$v":"מיון לפי"},{"$i":"sort-by-date","$v":"תאריך"},{"$i":"sort-by-from","$v":"מאת"},{"$i":"sort-by-to","$v":"אל"},{"$i":"sort-by-subject","$v":"נושא"},{"$i":"softkey-options","$v":"אפשרויות"},{"$i":"opt-compose","$v":"חבר"},{"$i":"opt-reply","$v":"מענה"},{"$i":"opt-reply-all","$v":"מענה לכולם"},{"$i":"opt-forward","$v":"העברה"},{"$i":"opt-mark-read","$v":"סמן כהודעה שנקראה"},{"$i":"opt-mark-unread","$v":"סמן כהודעה שלא נקראה"},{"$i":"opt-add-flag","$v":"הוספת דגל"},{"$i":"opt-remove-flag","$v":"הסר דגל"},{"$i":"opt-move-message","$v":"העברה לתיקייה"},{"$i":"opt-delete-message","$v":"מחיקה"},{"$i":"opt-multi-select","$v":"בחר כמה"},{"$i":"opt-search","$v":"חיפוש"},{"$i":"opt-folders","$v":"הצגת תיקיות"},{"$i":"opt-sort","$v":"מיון"},{"$i":"opt-sync","$v":"סינכרון"},{"$i":"opt-account","$v":"החלפת חשבון"},{"$i":"opt-settings","$v":"הגדרות"},{"$i":"opt-edit","$v":"עריכה"},{"$i":"opt-cancel","$v":"ביטול"},{"$i":"opt-save","$v":"שמירה"},{"$i":"opt-move","$v":"העברה"},{"$i":"opt-view","$v":"הצגה"},{"$i":"opt-empty-trash","$v":"ריקון פח אשפה"},{"$i":"opt-call-number","$v":"התקשר"},{"$i":"opt-compose-mail","$v":"צור"},{"$i":"opt-open-url","$v":"פתח"},{"$i":"select-option-on","$v":"מופעל"},{"$i":"select-option-off","$v":"כבוי"},{"$i":"select-option-imap-smtp","$v":"IMAP+SMTP"},{"$i":"select-option-pop3-smtp","$v":"POP3+SMTP"},{"$i":"select-option-activesync","$v":"ActiveSync"},{"$i":"toaster-switch-account","$v":"חשבון דואר אלקטרוני הועבר אל:"},{"$i":"toaster-sorted-by","$v":"הודעה ממוינת לפי"},{"$i":"cmp-reply","$v":"מענה"},{"$i":"cmp-reply-all","$v":"מענה לכולם"},{"$i":"cmp-forward","$v":"העברת הודעה"},{"$i":"cmp-remove-attach","$v":"קובץ מצורף הוסר"},{"$i":"select","$v":"בחירה"},{"$i":"deselect","$v":"בטל בחירה"},{"$i":"cancel","$v":"ביטול"},{"$i":"enter","$v":"הזן"},{"$i":"remove-attachment","$v":"הסר קובץ מצורף"},{"$i":"replace-attachment","$v":"החלף קובץ מצורף"},{"$i":"add-attachment","$v":"הוסף קובץ מצורף"},{"$i":"add-contact","$v":"הוסף איש קשר"},{"$i":"add-cc","$v":"הוסף עותק"},{"$i":"remove-cc","$v":"הסר עותק"},{"$i":"add-bcc","$v":"הוסף עותק מוסתר"},{"$i":"remove-bcc","$v":"הסר עותק מוסתר"},{"$i":"attachment-download","$v":"הורדה"},{"$i":"attachment-share","$v":"שיתוף"},{"$i":"send-new-mail","$v":"שלח הודעת דואר אלקטרוני חדשה"},{"$i":"view-contact","$v":"הצגת איש קשר"},{"$i":"save-new-contact","$v":"שמור איש קשר חדש"},{"$i":"add-to-exsiting-contact","$v":"הוסף לאיש קשר קיים"},{"$i":"no","$v":"לא"},{"$i":"yes","$v":"כן"},{"$i":"retry","$v":"נסה שוב"},{"$i":"empty","$v":"ריק"},{"$i":"empty-trash-confirm","$v":"האם ברצונך לרוקן את פח האשפה?"},{"$i":"trash-emptied","$v":"פח האשפה התרוקן"},{"$i":"next","$v":"הבא"},{"$i":"welcome-header","$v":"דואר אלקטרוני"},{"$i":"welcome-msg","$v":"ברוכים הבאים לדואר אלקטרוני."},{"$i":"welcome-msg-setup","$v":"לחץ על 'הבא' כדי להגדיר חשבון דואר אלקטרוני."},{"$i":"discard","$v":"בטל"},{"$i":"leave-this-page-warning-message","$v":"האם ברצונך להמשיך מבלי לשמור את הפרטים של חשבון הדואר האלקטרוני?"},{"$i":"finish","$v":"סיום"},{"$i":"setup-done-msg","$v":"נכנסת בהצלחה. האם ברצונך להוסיף עוד חשבון?"},{"$i":"save-as-draft","$v":"שמור כטיוטה"},{"$i":"show-password","$v":"הצג סיסמה"},{"$i":"account-label","$v":"תווית חשבון"},{"$i":"folders","$v":"תיקיות"},{"$i":"security","$v":"אבטחה"},{"$i":"port-number","$v":"מספר יציאה"},{"$i":"domain-username","$v":"תחום\\שם משתמש"},{"$i":"synchronizing","$v":"מסנכרן..."},{"$i":"browse-mail","$v":"עיין בדואר אלקטרוני"},{"$i":"never-sync","$v":"לא ניתן לסנכרן תיקייה מקומית"},{"$i":"emptyDownloadFile","$v":"לא ניתן להוריד קובץ זה. ייתכן שהוא ריק"},{"$i":"sync","$v":"סנכרן"},{"$i":"outbox-unsent-label","$v":{"few":[{"t":"idOrVar","v":"n"}," הודעות שלא נשלחו בתיבת דואר יוצא"],"many":[{"t":"idOrVar","v":"n"}," הודעות שלא נשלחו בתיבת דואר יוצא"],"one":"הודעה אחת שלא נשלחה בתיבת דואר יוצא","other":[{"t":"idOrVar","v":"n"}," הודעות שלא נשלחו בתיבת דואר יוצא"],"two":"‏⁯2⁮ הודעות שלא נשלחו בתיבת דואר יוצא"},"$x":[{"t":"idOrVar","v":"plural"},"n"]},{"$i":"storage-full-title","$v":"האחסון מלא"},{"$i":"storage-full-warning","$v":"באפשרותך למחוק קובצי מדיה אחדים או לנהל נתוני אפליקציות כדי לפנות מקום."},{"$i":"storage-full","$v":"אחסון הטלפון מלא."},{"$i":"storage-sdcard-full","$v":"כרטיס ה-SD מלא."},{"$i":"view-address","$v":"הצג כתובת"},{"$i":"mail-address-title","$v":"כתובת דואר"},{"$i":"mail-address","$v":[{"t":"idOrVar","v":"address"}]},{"$i":"value-name","$v":[{"t":"idOrVar","v":"name"}]},{"$i":"account-deleted","$v":"החשבון נמחק."},{"$i":"account-reEnable","$v":"החשבון כבר קיים. לסנכרן את חשבון הדואר האלקטרוני?"},{"$i":"setup-account-usedInfo","$v":"היישומים הבאים יעשו שימוש בחשבון זה. באפשרותך לשנות זאת מתוך 'הגדרות' > 'חשבון'."},{"$i":"setup-account-settingsInfo","$v":"לכל יישום יש מרווחי ברירת מחדל שונים לסנכרון. בדוק את ההגדרות ביישום."},{"$i":"app-calendar","$v":"לוח שנה"},{"$i":"app-contacts","$v":"אנשי קשר"},{"$i":"app-email","$v":"דואר אלקטרוני"},{"$i":"weekday-0-long","$v":"ראשון"},{"$i":"weekday-1-long","$v":"שני"},{"$i":"weekday-2-long","$v":"שלישי"},{"$i":"weekday-3-long","$v":"רביעי"},{"$i":"weekday-4-long","$v":"חמישי"},{"$i":"weekday-5-long","$v":"שישי"},{"$i":"weekday-6-long","$v":"שבת"},{"$i":"weekday-0-short","$v":"א'"},{"$i":"weekday-1-short","$v":"ב'"},{"$i":"weekday-2-short","$v":"ג'"},{"$i":"weekday-3-short","$v":"ד'"},{"$i":"weekday-4-short","$v":"ה'"},{"$i":"weekday-5-short","$v":"ו'"},{"$i":"weekday-6-short","$v":"ש'"},{"$i":"month-0-long","$v":"ינואר"},{"$i":"month-1-long","$v":"פברואר"},{"$i":"month-2-long","$v":"מרץ"},{"$i":"month-3-long","$v":"אפריל"},{"$i":"month-4-long","$v":"מאי"},{"$i":"month-5-long","$v":"יוני"},{"$i":"month-6-long","$v":"יולי"},{"$i":"month-7-long","$v":"אוגוסט"},{"$i":"month-8-long","$v":"ספטמבר"},{"$i":"month-9-long","$v":"אוקטובר"},{"$i":"month-10-long","$v":"נובמבר"},{"$i":"month-11-long","$v":"דצמבר"},{"$i":"month-0-genitive","$v":"ינואר"},{"$i":"month-1-genitive","$v":"פברואר"},{"$i":"month-2-genitive","$v":"מרץ"},{"$i":"month-3-genitive","$v":"אפריל"},{"$i":"month-4-genitive","$v":"מאי"},{"$i":"month-5-genitive","$v":"יוני"},{"$i":"month-6-genitive","$v":"יולי"},{"$i":"month-7-genitive","$v":"אוגוסט"},{"$i":"month-8-genitive","$v":"ספטמבר"},{"$i":"month-9-genitive","$v":"אוקטובר"},{"$i":"month-10-genitive","$v":"נובמבר"},{"$i":"month-11-genitive","$v":"דצמבר"},{"$i":"month-0-short","$v":"ינו"},{"$i":"month-1-short","$v":"פבר"},{"$i":"month-2-short","$v":"מרץ"},{"$i":"month-3-short","$v":"אפר"},{"$i":"month-4-short","$v":"מאי"},{"$i":"month-5-short","$v":"יונ"},{"$i":"month-6-short","$v":"יול"},{"$i":"month-7-short","$v":"אוג"},{"$i":"month-8-short","$v":"ספט"},{"$i":"month-9-short","$v":"אוק"},{"$i":"month-10-short","$v":"נוב"},{"$i":"month-11-short","$v":"דצמ"},{"$i":"minutes-ago-long","$v":{"few":["לפני ",{"t":"idOrVar","v":"value"}," דקות"],"many":["לפני ",{"t":"idOrVar","v":"value"}," דקות"],"one":"לפני דקה","other":["לפני ",{"t":"idOrVar","v":"value"}," דקות"],"two":["לפני ",{"t":"idOrVar","v":"value"}," דקות"],"zero":"בדיוק כעת"},"$x":[{"t":"idOrVar","v":"plural"},"value"]},{"$i":"hours-ago-long","$v":{"few":["לפני ",{"t":"idOrVar","v":"value"}," שעות"],"many":["לפני ",{"t":"idOrVar","v":"value"}," שעות"],"one":"לפני שעה","other":["לפני ",{"t":"idOrVar","v":"value"}," שעות"],"two":["לפני ",{"t":"idOrVar","v":"value"}," שעות"],"zero":"בדיוק כעת"},"$x":[{"t":"idOrVar","v":"plural"},"value"]},{"$i":"days-ago-long","$v":{"few":["לפני ",{"t":"idOrVar","v":"value"}," ימים"],"many":["לפני ",{"t":"idOrVar","v":"value"}," ימים"],"one":"אתמול","other":["לפני ",{"t":"idOrVar","v":"value"}," ימים"],"two":["לפני ",{"t":"idOrVar","v":"value"}," ימים"],"zero":"היום"},"$x":[{"t":"idOrVar","v":"plural"},"value"]},{"$i":"weeks-ago-long","$v":{"few":["לפני ",{"t":"idOrVar","v":"value"}," שבועות"],"many":["לפני ",{"t":"idOrVar","v":"value"}," שבועות"],"one":"השבוע שעבר","other":["לפני ",{"t":"idOrVar","v":"value"}," שבועות"],"two":["לפני ",{"t":"idOrVar","v":"value"}," שבועות"],"zero":"השבוע"},"$x":[{"t":"idOrVar","v":"plural"},"value"]},{"$i":"months-ago-long","$v":{"few":["לפני ",{"t":"idOrVar","v":"value"}," חודשים"],"many":["לפני ",{"t":"idOrVar","v":"value"}," חודשים"],"one":"חודש האחרון","other":["לפני ",{"t":"idOrVar","v":"value"}," חודשים"],"two":["לפני ",{"t":"idOrVar","v":"value"}," חודשים"],"zero":"החודש"},"$x":[{"t":"idOrVar","v":"plural"},"value"]},{"$i":"years-ago-long","$v":{"few":["לפני ",{"t":"idOrVar","v":"value"}," שנים"],"many":["לפני ",{"t":"idOrVar","v":"value"}," שנים"],"one":"השנה שעברה","other":["לפני ",{"t":"idOrVar","v":"value"}," שנים"],"two":["לפני ",{"t":"idOrVar","v":"value"}," שנים"],"zero":"השנה"},"$x":[{"t":"idOrVar","v":"plural"},"value"]},{"$i":"minutes-until-long","$v":{"few":["בתוך ",{"t":"idOrVar","v":"value"}," דקות"],"many":["בתוך ",{"t":"idOrVar","v":"value"}," דקות"],"one":"בתוך דקה","other":["בתוך ",{"t":"idOrVar","v":"value"}," דקות"],"two":["בתוך ",{"t":"idOrVar","v":"value"}," דקות"],"zero":"כעת"},"$x":[{"t":"idOrVar","v":"plural"},"value"]},{"$i":"hours-until-long","$v":{"few":["בתוך ",{"t":"idOrVar","v":"value"}," שעות"],"many":["בתוך ",{"t":"idOrVar","v":"value"}," שעות"],"one":"בתוך שעה","other":["בתוך ",{"t":"idOrVar","v":"value"}," שעות"],"two":["בתוך ",{"t":"idOrVar","v":"value"}," שעות"],"zero":"כעת"},"$x":[{"t":"idOrVar","v":"plural"},"value"]},{"$i":"days-until-long","$v":{"few":["בתוך ",{"t":"idOrVar","v":"value"}," ימים"],"many":["בתוך ",{"t":"idOrVar","v":"value"}," ימים"],"one":"מחר","other":["בתוך ",{"t":"idOrVar","v":"value"}," ימים"],"two":["בתוך ",{"t":"idOrVar","v":"value"}," ימים"],"zero":"היום"},"$x":[{"t":"idOrVar","v":"plural"},"value"]},{"$i":"weeks-until-long","$v":{"few":["בתוך ",{"t":"idOrVar","v":"value"}," שבועות"],"many":["בתוך ",{"t":"idOrVar","v":"value"}," שבועות"],"one":"השבוע הבא","other":["בתוך ",{"t":"idOrVar","v":"value"}," שבועות"],"two":["בתוך ",{"t":"idOrVar","v":"value"}," שבועות"],"zero":"השבוע"},"$x":[{"t":"idOrVar","v":"plural"},"value"]},{"$i":"months-until-long","$v":{"few":["בתוך ",{"t":"idOrVar","v":"value"}," חודשים"],"many":["בתוך ",{"t":"idOrVar","v":"value"}," חודשים"],"one":"החודש הבא","other":["בתוך ",{"t":"idOrVar","v":"value"}," חודשים"],"two":["בתוך ",{"t":"idOrVar","v":"value"}," חודשים"],"zero":"החודש"},"$x":[{"t":"idOrVar","v":"plural"},"value"]},{"$i":"years-until-long","$v":{"few":["בתוך ",{"t":"idOrVar","v":"value"}," שנים"],"many":["בתוך ",{"t":"idOrVar","v":"value"}," שנים"],"one":"השנה הבאה","other":["בתוך ",{"t":"idOrVar","v":"value"}," שנים"],"two":["בתוך ",{"t":"idOrVar","v":"value"}," שנים"],"zero":"השנה"},"$x":[{"t":"idOrVar","v":"plural"},"value"]},{"$i":"minutes-ago-short","$v":{"other":[{"t":"idOrVar","v":"value"}," דק' לפני"],"zero":"בדיוק כעת"},"$x":[{"t":"idOrVar","v":"plural"},"value"]},{"$i":"hours-ago-short","$v":{"other":[{"t":"idOrVar","v":"value"}," שע' לפני"],"zero":"בדיוק כעת"},"$x":[{"t":"idOrVar","v":"plural"},"value"]},{"$i":"days-ago-short","$v":{"other":[{"t":"idOrVar","v":"value"}," ימים לפני"],"zero":"היום"},"$x":[{"t":"idOrVar","v":"plural"},"value"]},{"$i":"minutes-until-short","$v":{"other":["בתוך ",{"t":"idOrVar","v":"value"},"דקות"],"zero":"כעת"},"$x":[{"t":"idOrVar","v":"plural"},"value"]},{"$i":"hours-until-short","$v":{"other":["בתוך ",{"t":"idOrVar","v":"value"},"שעות"],"zero":"כעת"},"$x":[{"t":"idOrVar","v":"plural"},"value"]},{"$i":"days-until-short","$v":{"other":["בתוך ",{"t":"idOrVar","v":"value"},"ימים"],"zero":"היום"},"$x":[{"t":"idOrVar","v":"plural"},"value"]},{"$i":"incorrectDate","$v":"(תאריך שגוי)"},{"$i":"dateTimeFormat_%c","$v":"%a %b %e %Y %I:%M:%S %p"},{"$i":"dateTimeFormat_%x","$v":"%m/%d/%Y"},{"$i":"dateTimeFormat_%X","$v":"%I:%M:%S %p"},{"$i":"shortTimeFormat","$v":"%I:%M %p"},{"$i":"shortTimeFormat12","$v":"%I:%M %p"},{"$i":"shortTimeFormat24","$v":"%H:%M"},{"$i":"shortDateTimeFormat","$v":"%x %I:%M %p"},{"$i":"weekStartsOnMonday","$v":"0.0"},{"$i":"firstDayOfTheWeek","$v":"0.0"},{"$i":"time_am","$v":"בבוקר"},{"$i":"time_pm","$v":"אחר הצהריים"}]