[{"$i":"setup-app-name-header","$v":"Messaggio"},{"$i":"setup-empty-account-message","$v":"Non sono stati configurati né l'invio, né la ricezione di messaggi e-mail. Configurare un account per completare l'operazione."},{"$i":"setup-pick-service","$v":"Per inviare e ricevere messaggi e-mail, sarà necessario configurare un account."},{"$i":"setup-account-header3","$v":"Accesso all'account"},{"$i":"setup-account-password","$v":"Password"},{"$i":"setup-info-next","$v":"Avanti"},{"$i":"setup-progress-wait-msg","$v":"Configurazione di un account in corso"},{"$i":"setup-sync-progress-wait-msg","$v":"Account di sincronizzazione"},{"$i":"setup-completed-header","$v":"Congratulazioni."},{"$i":"setup-completed-label","$v":"Operazione terminata."},{"$i":"setup-add-another-account","$v":"Aggiungere un altro account"},{"$i":"setup-show-mail","$v":"Continua a Posta"},{"$i":"setup-done-add","$v":"Aggiungi account"},{"$i":"setup-error-offline","$v":"Dispositivo attualmente non in linea. Connettersi a una rete e riprovare."},{"$i":"setup-error-bad-user-or-pass2","$v":"Nome utente o password non validi. Verificare la presenza di errori."},{"$i":"setup-error-bad-address","$v":"Indirizzo e-mail non valido. Verificare la presenza di errori."},{"$i":"setup-error-not-authorized","$v":"Il server ha risposto che l'utente non è autorizzato a creare un account"},{"$i":"setup-error-pop-server-not-great","$v":"Server non supportato. Il server POP3 non ha le funzionalità richieste."},{"$i":"setup-error-unknown2","$v":"Si è verificato un errore sconosciuto. Verificare la connessione di rete o tentare con l'opzione di configurazione manuale."},{"$i":"setup-error-needs-app-pass","$v":"È necessario usare una password specifica per l'applicazione per gli account Gmail a due fattori"},{"$i":"setup-error-imap-disabled","$v":"È necessario attivare IMAP per l'account Gmail"},{"$i":"setup-error-pop3-disabled","$v":"È necessario attivare POP3 per l'account Gmail"},{"$i":"setup-error-bad-security","$v":["Impossibile instaurare una connessione sicura con \"",{"t":"idOrVar","v":"server"},"\". Potrebbe essersi verificato un problema con la rete o con il server."]},{"$i":"setup-error-unresponsive-server","$v":["Impossibile instaurare una connessione sicura con \"",{"t":"idOrVar","v":"server"},"\". Potrebbe essersi verificato un problema con la rete."]},{"$i":"setup-error-server-problem","$v":["Si è verificato un problema con il server \"",{"t":"idOrVar","v":"server"},"\". Riprovare più tardi."]},{"$i":"setup-error-no-config-info","$v":"Impossibile configurare automaticamente l'account. Correggere l'indirizzo e-mail o tentare con l'opzione di configurazione manuale."},{"$i":"setup-error-server-maintenance","$v":["Server \"",{"t":"idOrVar","v":"server"},"\" non in linea per manutenzione. Riprovare più tardi."]},{"$i":"setup-error-account-already-exists","$v":"Account già configurato."},{"$i":"setup-manual-config2","$v":"Avanzate"},{"$i":"setup-manual-config-header","$v":"Accesso all'account"},{"$i":"setup-manual-account-type-header","$v":"Tipo di account"},{"$i":"setup-manual-account-type","$v":"Tipo di account"},{"$i":"setup-manual-account-type-select","ariaLabel":"Tipo di account"},{"$i":"setup-manual-imap-header","$v":"Impostazioni IMAP"},{"$i":"setup-manual-pop3-header","$v":"Impostazioni POP3"},{"$i":"setup-manual-smtp-header","$v":"Impostazioni SMTP"},{"$i":"setup-manual-activesync-header","$v":"Impostazioni ActiveSync"},{"$i":"setup-manual-next","$v":"Avanti"},{"$i":"setup-manual-socket","$v":"Tipo di presa"},{"$i":"setup-manual-socket-ssl","$v":"SSL"},{"$i":"setup-manual-socket-starttls","$v":"STARTTLS"},{"$i":"setup-manual-socket-select","ariaLabel":"Sicurezza della connessione"},{"$i":"setup-manual-socket-plain","$v":"Non crittografata"},{"$i":"setup-bad-password-header","$v":"Password errata"},{"$i":"setup-bad-password","$v":"Impossibile accedere al server. Riprovare la password."},{"$i":"setup-new-password","placeholder":"Nuova password"},{"$i":"setup-fix-password","$v":"Riprovare con la nuova password"},{"$i":"setup-gmail-twofactor-header","$v":"Due fattori attivati"},{"$i":"setup-gmail-twofactor-message","$v":"È necessario inserire una password specifica per l'applicazione sotto."},{"$i":"setup-gmail-imap-header","$v":"IMAP disattivato"},{"$i":"setup-gmail-imap-message","$v":"È necessario attivare IMAP per l'account Gmail"},{"$i":"setup-gmail-retry","$v":"Riprova"},{"$i":"setup-gmail-pop3-header","$v":"POP3 disattivato"},{"$i":"setup-gmail-pop3-message","$v":"È necessario attivare POP3 per l'account Gmail"},{"$i":"setup-fix-oauth2-header","$v":"Riautorizza e-mail"},{"$i":"setup-fix-oauth2-description","$v":"L'indirizzo e-mail deve essere riautorizzato per l'accesso al seguente account:"},{"$i":"setup-fix-oauth2-reauthorize","$v":"Riautorizza"},{"$i":"settings-main-header","$v":"Impostazioni e-mail"},{"$i":"settings-sub-header-account","$v":"Account"},{"$i":"settings-account-group","ariaLabel":"Account"},{"$i":"settings-account-name","$v":"Nome utente"},{"$i":"settings-account-label","$v":"Etichetta account"},{"$i":"settings-account-display-notifications","$v":"Visualizza nuove notifiche e-mail"},{"$i":"settings-account-play-sound-onsend","$v":"Riproduci suono dopo l'invio del messaggio"},{"$i":"settings-account-signature-label","$v":"Firma"},{"$i":"settings-sub-header-data","$v":"Dati"},{"$i":"settings-data-group","ariaLabel":"Dati"},{"$i":"settings-account-check-mail","$v":"Verifica nuovi messaggi"},{"$i":"settings-account-check-mail-select","ariaLabel":"Verifica nuovi messaggi"},{"$i":"settings-sub-header-server","$v":"Impostazioni server"},{"$i":"settings-server-group","ariaLabel":"Impostazioni server"},{"$i":"settings-account-userpass","$v":"Nome utente e password"},{"$i":"settings-account-useroauth2","$v":"Nome utente"},{"$i":"settings-default-signature-2","$v":"Inviato dal telefono"},{"$i":"settings-done","$v":"Fine"},{"$i":"settings-account-section","$v":"Account"},{"$i":"settings-account-listbox","ariaLabel":"Account"},{"$i":"settings-account-add","$v":"Aggiungi"},{"$i":"settings-account-delete","$v":"Elimina account"},{"$i":"settings-account-delete-prompt","$v":["Eliminare l'account di posta ",{"t":"idOrVar","v":"account"},"?"]},{"$i":"settings-account-delete-desc","$v":"Sarà necessario riscaricare la posta se si ricrea l'account."},{"$i":"settings-account-delete-cancel","$v":"Annulla"},{"$i":"settings-account-delete-confirm","$v":"Elimina"},{"$i":"settings-account-clarify","$v":[{"t":"idOrVar","v":"account-name"}]},{"$i":"settings-account-clarify-imap","$v":[{"t":"idOrVar","v":"account-name"}," (IMAP)"]},{"$i":"settings-account-clarify-pop3","$v":[{"t":"idOrVar","v":"account-name"}," (POP3)"]},{"$i":"settings-account-clarify-smtp","$v":[{"t":"idOrVar","v":"account-name"}," (SMTP)"]},{"$i":"settings-general-section","$v":"Impostazioni generali"},{"$i":"settings-show-images","$v":"Mostra sempre immagini"},{"$i":"settings-download-attachments","$v":"Scarica allegati"},{"$i":"settings-check-every-5min","$v":"Ogni 5 minuti"},{"$i":"settings-check-every-10min","$v":"Ogni 10 minuti"},{"$i":"settings-check-every-15min","$v":"Ogni 15 minuti"},{"$i":"settings-check-every-30min","$v":"Ogni 30 minuti"},{"$i":"settings-check-every-60min","$v":"Ogni ora"},{"$i":"settings-check-every-manual","$v":"Manualmente"},{"$i":"settings-check-dynamic","$v":{"few":[{"t":"idOrVar","v":"n"}," secondi"],"many":[{"t":"idOrVar","v":"n"}," secondi"],"one":[{"t":"idOrVar","v":"n"}," secondo"],"other":[{"t":"idOrVar","v":"n"}," secondi"],"two":[{"t":"idOrVar","v":"n"}," secondi"],"zero":"disattivato"},"$x":[{"t":"idOrVar","v":"plural"},"n"]},{"$i":"settings-default-account","$v":"Imposta come indirizzo e-mail predefinito"},{"$i":"settings-account-type","$v":"Tipo di account"},{"$i":"settings-account-credentials","$v":"Credenziali"},{"$i":"settings-activesync-label","$v":"Impostazioni ActiveSync"},{"$i":"settings-imap-label","$v":"Impostazioni IMAP"},{"$i":"settings-pop3-label","$v":"Impostazioni POP3"},{"$i":"settings-smtp-label","$v":"Impostazioni SMTP"},{"$i":"settings-hostname","$v":"Nome host"},{"$i":"settings-port","$v":"Porta"},{"$i":"settings-username","$v":"Nome utente"},{"$i":"settings-password","$v":"Password"},{"$i":"settings-save","$v":"Salva"},{"$i":"password-saved","$v":"Password salvata."},{"$i":"settings-reauth","$v":"Riautorizza"},{"$i":"settings-account-synchronize-window","$v":"Giorni da sincronizzare"},{"$i":"settings-account-synchronize-window-select","ariaLabel":"Giorni da sincronizzare"},{"$i":"settings-synchronize-auto","$v":"Automatica"},{"$i":"settings-synchronize-one-day","$v":"1 giorno"},{"$i":"settings-synchronize-three-days","$v":"3 giorni"},{"$i":"settings-synchronize-one-week","$v":"1 settimana"},{"$i":"settings-synchronize-two-weeks","$v":"2 settimane"},{"$i":"settings-synchronize-one-month","$v":"1 mese"},{"$i":"settings-synchronize-all","$v":"Tutti i messaggi"},{"$i":"envelope-from","$v":"Da"},{"$i":"envelope-to","$v":"A"},{"$i":"envelope-cc","$v":"Cc"},{"$i":"envelope-bcc","$v":"Ccn"},{"$i":"message-header-state-sending","ariaLabel":"Invio in corso"},{"$i":"message-header-state-error","ariaLabel":"Errore di invio"},{"$i":"message-header-unread","ariaLabel":"Da leggere"},{"$i":"message-header-reply","ariaLabel":"Rispondi"},{"$i":"message-header-forward","ariaLabel":"Inoltra"},{"$i":"message-header-starred","ariaLabel":"Ha una stella"},{"$i":"message-header-attachments","ariaLabel":"Ha allegati"},{"$i":"message-body-container","ariaLabel":"Corpo del messaggio"},{"$i":"message-body-container-progress","ariaValueText":"Caricamento in corso"},{"$i":"subject","ariaLabel":"Oggetto"},{"$i":"attachments-container","ariaLabel":"Allegati"},{"$i":"from-group","ariaLabel":"Da"},{"$i":"to-group","ariaLabel":"A"},{"$i":"cc-group","ariaLabel":"CC"},{"$i":"bcc-group","ariaLabel":"CCN"},{"$i":"compose-header","$v":"Scrivi messaggio"},{"$i":"compose-header-short","$v":"Scrivi"},{"$i":"compose-send","$v":"Invia"},{"$i":"compose-send-button","ariaLabel":"Invia"},{"$i":"compose-to","$v":"A"},{"$i":"compose-cc","$v":"Cc"},{"$i":"compose-bcc","$v":"Ccn"},{"$i":"compose-cc-remove","$v":"Elenco Cc rimosso."},{"$i":"compose-bcc-remove","$v":"Elenco Ccn rimosso."},{"$i":"compose-contact-add","ariaLabel":"Aggiungi contatto"},{"$i":"compose-attachments","$v":{"few":["Allegati (",{"t":"idOrVar","v":"n"},")"],"many":["Allegati (",{"t":"idOrVar","v":"n"},")"],"one":["Allegato (",{"t":"idOrVar","v":"n"},")"],"other":["Allegati (",{"t":"idOrVar","v":"n"},")"],"two":["Allegati (",{"t":"idOrVar","v":"n"},")"],"zero":"Allegato"},"$x":[{"t":"idOrVar","v":"plural"},"n"]},{"$i":"compose-text","ariaLabel":"Modifica"},{"$i":"compose-attachment-still-working","$v":"Un attimo. Allegato precedente ancora in elaborazione..."},{"$i":"compose-attachment-loading","$v":"Caricamento dell'allegato..."},{"$i":"compose-attachments-loading","$v":"Caricamento degli allegati..."},{"$i":"compose-forward-attachment-error-title","$v":"Download non riuscito."},{"$i":"compose-forward-attachment-error-title2","$v":"Errore"},{"$i":"compose-forward-attachment-unable-load","$v":"Impossibile caricare l'allegato."},{"$i":"compose-forward-attachments-unable-load","$v":"Impossibile caricare gli allegati."},{"$i":"compose-forward-attachment-load-error","$v":"Impossibile caricare alcuni allegati."},{"$i":"confirmation-title","$v":"Conferma"},{"$i":"compose-subject","$v":"Oggetto"},{"$i":"compose-draft-save","$v":"Salvare in Bozze locali?"},{"$i":"compose-discard-confirm","$v":"Ignora"},{"$i":"compose-draft-dialog-cancel","$v":"Annulla"},{"$i":"compose-draft-dialog-save","$v":"Salva"},{"$i":"composer-draft-saved","$v":"Messaggio salvato in Bozze locali"},{"$i":"attention","$v":"Attenzione"},{"$i":"compose-send-message-failed","$v":"Invio del messaggio e-mail non riuscito"},{"$i":"compose-attchment-size-exceeded","$v":"L'allegato selezionato è troppo grande per essere inviato insieme al messaggio."},{"$i":"compose-attchments-size-exceeded","$v":"Gli allegati selezionati sono troppo grandi per essere inviati insieme al messaggio. Selezionare meno file."},{"$i":"composer-attachment-large-title","$v":"Dimensioni del file troppo grandi."},{"$i":"default-attachment-filename","$v":["allegato ",{"t":"idOrVar","v":"n"}]},{"$i":"attachment-size-meb","$v":[{"t":"idOrVar","v":"megabytes"}," MB"]},{"$i":"attachment-size-kib","$v":[{"t":"idOrVar","v":"kilobytes"}," KB"]},{"$i":"attachment-size-byte","$v":[{"t":"idOrVar","v":"n"}," B"]},{"$i":"message-attachment-view","$v":"Visualizza"},{"$i":"message-attachment-did-not-open-label","$v":"Impossibile aprire"},{"$i":"message-attachment-did-not-open-body","$v":"Il dispositivo non ha un'applicazione in grado di aprire l'allegato."},{"$i":"message-attachment-too-large","$v":"File troppo grande per il download."},{"$i":"message-attachment-not-found","$v":"Impossibile trovare il file allegato; potrebbe essere stato eliminato."},{"$i":"message-attachment-download-fail","$v":[{"t":"idOrVar","v":"fileName"}," - Download non riuscito."]},{"$i":"message-no-subject","$v":"(nessun oggetto)"},{"$i":"message-edit-menu-edit","$v":"Modifica"},{"$i":"message-edit-menu-delete","$v":"Elimina"},{"$i":"message-edit-delete-confirm","$v":"Eliminare il messaggio e-mail?"},{"$i":"message-forward-attachment-title","$v":"Allegato"},{"$i":"message-forward-attachment","$v":"Inoltrare anche l'allegato?"},{"$i":"message-forward-attachments","$v":"Inoltrare anche gli allegati?"},{"$i":"message-multiedit-header","$v":{"few":[{"t":"idOrVar","v":"n"}," selezionati"],"many":[{"t":"idOrVar","v":"n"}," selezionati"],"one":[{"t":"idOrVar","v":"n"}," selezionato"],"other":[{"t":"idOrVar","v":"n"}," selezionati"],"two":[{"t":"idOrVar","v":"n"}," selezionati"],"zero":[{"t":"idOrVar","v":"n"}," selezionati"]},"$x":[{"t":"idOrVar","v":"plural"},"n"]},{"$i":"message-multiedit-search-header","$v":{"few":[{"t":"idOrVar","v":"n"}," selezionati"],"many":[{"t":"idOrVar","v":"n"}," selezionati"],"one":[{"t":"idOrVar","v":"n"}," selezionato"],"other":[{"t":"idOrVar","v":"n"}," selezionati"],"two":[{"t":"idOrVar","v":"n"}," selezionati"],"zero":"0 selezionati"},"$x":[{"t":"idOrVar","v":"plural"},"n"]},{"$i":"browse-to-url-prompt","$v":["Aprire l'URL: ",{"t":"idOrVar","v":"url"},"?"]},{"$i":"message-download-images-tap","$v":{"few":["Questo messaggio e-mail contiene ",{"t":"idOrVar","v":"n"}," immagini. Toccare per scaricare."],"many":["Questo messaggio e-mail contiene ",{"t":"idOrVar","v":"n"}," immagini. Toccare per scaricare."],"one":"Questo messaggio e-mail contiene un'immagine. Toccare per scaricare.","other":["Questo messaggio e-mail contiene ",{"t":"idOrVar","v":"n"}," immagini. Toccare per scaricare."],"two":["Questo messaggio e-mail contiene ",{"t":"idOrVar","v":"n"}," immagini. Toccare per scaricare."]},"$x":[{"t":"idOrVar","v":"plural"},"n"]},{"$i":"message-show-external-images","$v":"Mostra immagini esterne"},{"$i":"message-delete-cancel","$v":"Annulla"},{"$i":"message-multiedit-delete-confirm","$v":{"few":["Eliminare ",{"t":"idOrVar","v":"n"}," messaggi?"],"many":["Eliminare ",{"t":"idOrVar","v":"n"}," messaggi?"],"one":"Eliminare il messaggio selezionato?","other":["Eliminare ",{"t":"idOrVar","v":"n"}," messaggi?"],"two":["Eliminare ",{"t":"idOrVar","v":"n"}," messaggi?"]},"$x":[{"t":"idOrVar","v":"plural"},"n"]},{"$i":"message-large-message-cancel","$v":"Annulla"},{"$i":"message-large-message-ok","$v":"Continua"},{"$i":"message-large-message-confirm","$v":"Questo messaggio è grande e può richiedere tempo per il download."},{"$i":"message-large-message-warning","$v":"Il messaggio è troppo grande per essere caricato."},{"$i":"message-search-header","$v":"Cerca"},{"$i":"search-result","$v":[{"t":"idOrVar","v":"num"}," corrispondenza trovata"]},{"$i":"message-search-from","$v":"Da"},{"$i":"message-search-to","$v":"A"},{"$i":"message-search-subject","$v":"Oggetto"},{"$i":"message-search-body","$v":"Corpo del messaggio"},{"$i":"message-search-all","$v":"Tutto"},{"$i":"message-search-input","placeholder":"Cerca messaggio e-mail"},{"$i":"message-search-cancel","$v":"Annulla"},{"$i":"messages-syncing","$v":"Caricamento dei messaggi in corso"},{"$i":"messages-syncing-progressbar","ariaValueText":"Caricamento dei messaggi in corso"},{"$i":"messages-load-more","$v":"Carica altri messaggi"},{"$i":"messages-folder-empty","$v":"Nessun messaggio e-mail nella cartella"},{"$i":"messages-search-empty","$v":"Nessuna corrispondenza nella cache locale dei messaggi"},{"$i":"messages-folder-select","$v":"Sposta nella cartella"},{"$i":"messages-folder-unread-max","$v":"999+"},{"$i":"message-contact-menu-create","$v":"Salva nuovo contatto"},{"$i":"message-contact-menu-add-existing","$v":"Aggiungi a contatto esistente"},{"$i":"message-contact-menu-view","$v":"Visualizza contatto"},{"$i":"message-contact-menu-reply","$v":"Rispondi"},{"$i":"message-contact-menu-new","$v":"Invia nuovo messaggio"},{"$i":"message-reply-menu-reply","$v":"Rispondi"},{"$i":"message-reply-menu-reply-all","$v":"Rispondi a tutti"},{"$i":"message-reply-menu-forward","$v":"Inoltra"},{"$i":"message-reply-menu-cancel","$v":"Annulla"},{"$i":"reply-quoting-wrote","$v":"{name} ha scritto"},{"$i":"forward-original-message","$v":"Messaggio originale"},{"$i":"forward-header-subject","$v":"Oggetto"},{"$i":"forward-header-date","$v":"Data"},{"$i":"forward-header-from","$v":"Da"},{"$i":"forward-header-reply-to","$v":"Rispondi a"},{"$i":"forward-header-to","$v":"A"},{"$i":"forward-header-cc","$v":"Cc"},{"$i":"folder-inbox","$v":"Posta in arrivo"},{"$i":"folder-sent","$v":"Inviati"},{"$i":"folder-drafts","$v":"Bozze"},{"$i":"folder-trash","$v":"Cestino"},{"$i":"folder-queue","$v":"Non inviati"},{"$i":"folder-junk","$v":"File inutili"},{"$i":"folder-archives","$v":"Archivi"},{"$i":"folder-localdrafts","$v":"Bozze locali"},{"$i":"folder-outbox","$v":"Posta in uscita"},{"$i":"drawer-back","$v":"Indietro"},{"$i":"drawer-accounts-header","$v":"Account"},{"$i":"drawer-settings-link","$v":"Impostazioni"},{"$i":"folder-last-synced-label","$v":"Ultima sincronizzazione:"},{"$i":"messages-refresh-progress","ariaValueText":"Aggiornamento in corso"},{"$i":"no-internet-connection","$v":"Nessuna connessione a Internet."},{"$i":"toaster-undo","$v":"Annulla"},{"$i":"toaster-message-star","$v":{"few":[{"t":"idOrVar","v":"n"}," messaggi contrassegnati"],"many":[{"t":"idOrVar","v":"n"}," messaggi contrassegnati"],"one":"Messaggio contrassegnato","other":[{"t":"idOrVar","v":"n"}," messaggi contrassegnati"],"two":[{"t":"idOrVar","v":"n"}," messaggi contrassegnati"]},"$x":[{"t":"idOrVar","v":"plural"},"n"]},{"$i":"toaster-message-unstar","$v":{"few":[{"t":"idOrVar","v":"n"}," contrassegni dei messaggi rimossi"],"many":[{"t":"idOrVar","v":"n"}," contrassegni dei messaggi rimossi"],"one":"Contrassegno del messaggio rimosso","other":[{"t":"idOrVar","v":"n"}," contrassegni dei messaggi rimossi"],"two":[{"t":"idOrVar","v":"n"}," contrassegni dei messaggi rimossi"]},"$x":[{"t":"idOrVar","v":"plural"},"n"]},{"$i":"toaster-message-read","$v":{"few":[{"t":"idOrVar","v":"n"}," messaggi segnati come letti"],"many":[{"t":"idOrVar","v":"n"}," messaggi segnati come letti"],"one":"Messaggio segnato come letto","other":[{"t":"idOrVar","v":"n"}," messaggi segnati come letti"],"two":[{"t":"idOrVar","v":"n"}," messaggi segnati come letti"]},"$x":[{"t":"idOrVar","v":"plural"},"n"]},{"$i":"toaster-message-unread","$v":{"few":[{"t":"idOrVar","v":"n"}," messaggi segnati come da leggere"],"many":[{"t":"idOrVar","v":"n"}," messaggi segnati come da leggere"],"one":"Messaggio segnato come da leggere","other":[{"t":"idOrVar","v":"n"}," messaggi segnati come da leggere"],"two":[{"t":"idOrVar","v":"n"}," messaggi segnati come da leggere"]},"$x":[{"t":"idOrVar","v":"plural"},"n"]},{"$i":"toaster-message-move","$v":{"few":[{"t":"idOrVar","v":"n"}," messaggi spostati alla cartella:"],"many":[{"t":"idOrVar","v":"n"}," messaggi spostati alla cartella:"],"one":"Messaggio spostato alla cartella:","other":[{"t":"idOrVar","v":"n"}," messaggi spostati alla cartella:"],"two":[{"t":"idOrVar","v":"n"}," messaggi spostati alla cartella:"]},"$x":[{"t":"idOrVar","v":"plural"},"n"]},{"$i":"toaster-message-delete","$v":{"few":[{"t":"idOrVar","v":"n"}," messaggi e-mail eliminati"],"many":[{"t":"idOrVar","v":"n"}," messaggi e-mail eliminati"],"one":"1 messaggio e-mail eliminato","other":[{"t":"idOrVar","v":"n"}," messaggi e-mail eliminati"],"two":[{"t":"idOrVar","v":"n"}," messaggi e-mail eliminati"]},"$x":[{"t":"idOrVar","v":"plural"},"n"]},{"$i":"toaster-sync-failed","$v":"Impossibile connettersi al server."},{"$i":"compose-invalid-addresses-title","$v":"Indirizzi non validi"},{"$i":"compose-invalid-addresses-description","$v":"Il messaggio contiene uno o più indirizzi e-mail non validi. Correggerli prima dell'invio."},{"$i":"background-send-pending","$v":"Rete non disponibile. Messaggio e-mail salvato nella casella Posta in uscita."},{"$i":"background-send-sending","$v":"Invio del messaggio in corso..."},{"$i":"background-send-success","$v":"Messaggio e-mail inviato."},{"$i":"background-send-error","$v":"Si è verificato un errore. Messaggio e-mail salvato nella casella Posta in uscita."},{"$i":"background-send-error-recipients","$v":"Errore del destinatario. Messaggio e-mail salvato nella casella Posta in uscita."},{"$i":"background-send-error-title","$v":"Impossibile inviare il messaggio"},{"$i":"send-failure-recipients","$v":"Controllare l'ortografia degli indirizzi precedenti. Il server di posta ha segnalato che uno o più degli indirizzi precedenti sono errati."},{"$i":"send-failure-unknown","$v":"Impossibile inviare il messaggio."},{"$i":"form-clear-input","$v":"Rimuovi testo"},{"$i":"confirm-dialog-title","$v":"Conferma"},{"$i":"confirm-dialog-ok","$v":"OK"},{"$i":"msg-display-subject","$v":"Oggetto"},{"$i":"msg-reader-display-attachments","$v":"Allegati"},{"$i":"msg-reader-display-attachment","$v":"Allegato"},{"$i":"msg-reader-download-external-images","$v":["Scarica immagini esterne (",{"t":"idOrVar","v":"n"}," MB)"]},{"$i":"msg-reader-sender-header","$v":"Da"},{"$i":"msg-reader-recipients-header","$v":"Destinatari"},{"$i":"msg-reader-cc-header","$v":"Cc"},{"$i":"msg-reader-bcc-header","$v":"Ccn"},{"$i":"msg-reader-message-flagged","$v":"Messaggio contrassegnato"},{"$i":"msg-reader-flag-removed","$v":"Contrassegno rimosso"},{"$i":"external-image-downloading","$v":"Download in corso..."},{"$i":"senders-separation-sign","$v":",  "},{"$i":"new-messages","$v":{"few":[{"t":"idOrVar","v":"n"}," nuovi messaggi"],"many":[{"t":"idOrVar","v":"n"}," nuovi messaggi"],"one":"1 nuovo messaggio","other":[{"t":"idOrVar","v":"n"}," nuovi messaggi"],"two":[{"t":"idOrVar","v":"n"}," nuovi messaggi"]},"$x":[{"t":"idOrVar","v":"plural"},"n"]},{"$i":"new-emails-notify-one-account","$v":{"few":[{"t":"idOrVar","v":"n"}," nuovi messaggi e-mail"],"many":[{"t":"idOrVar","v":"n"}," nuovi messaggi e-mail"],"one":"1 nuovo messaggio e-mail","other":[{"t":"idOrVar","v":"n"}," nuovi messaggi e-mail"],"two":[{"t":"idOrVar","v":"n"}," nuovi messaggi e-mail"]},"$x":[{"t":"idOrVar","v":"plural"},"n"]},{"$i":"new-emails-notify-multiple-accounts","$v":{"few":[{"t":"idOrVar","v":"n"}," nuovi messaggi e-mail (",{"t":"idOrVar","v":"accountName"},")"],"many":[{"t":"idOrVar","v":"n"}," nuovi messaggi e-mail (",{"t":"idOrVar","v":"accountName"},")"],"one":["1 nuovo messaggio e-mail (",{"t":"idOrVar","v":"accountName"},")"],"other":[{"t":"idOrVar","v":"n"}," nuovi messaggi e-mail (",{"t":"idOrVar","v":"accountName"},")"],"two":[{"t":"idOrVar","v":"n"}," nuovi messaggi e-mail (",{"t":"idOrVar","v":"accountName"},")"]},"$x":[{"t":"idOrVar","v":"plural"},"n"]},{"$i":"new-emails-notify-multiple-accounts-body","$v":[{"t":"idOrVar","v":"from"}," “",{"t":"idOrVar","v":"subject"},"”"]},{"$i":"tng-plain-socket-warning-title","$v":"Procedere con l'operazione?"},{"$i":"tng-plain-socket-warning-message","$v":"È possibile che altre persone visualizzino le password e i messaggi e-mail o controllino l'account."},{"$i":"tng-plain-socket-warning-message-options","$v":"Numerosi provider di posta elettronica gratuiti offrono connessioni più sicure e crittografate."},{"$i":"tng-plain-socket-warning-ok","$v":"Capisco"},{"$i":"message-reader-date-received","ariaLabel":"Ricevuto"},{"$i":"sort-by-title","$v":"Ordina per"},{"$i":"sort-by-date","$v":"Data"},{"$i":"sort-by-from","$v":"Da"},{"$i":"sort-by-to","$v":"A"},{"$i":"sort-by-subject","$v":"Oggetto"},{"$i":"softkey-options","$v":"Opzioni"},{"$i":"opt-compose","$v":"Scrivi"},{"$i":"opt-reply","$v":"Rispondi"},{"$i":"opt-reply-all","$v":"Rispondi a tutti"},{"$i":"opt-forward","$v":"Inoltra"},{"$i":"opt-mark-read","$v":"Segna come letto"},{"$i":"opt-mark-unread","$v":"Segna come da leggere"},{"$i":"opt-add-flag","$v":"Aggiungi contrassegno"},{"$i":"opt-remove-flag","$v":"Rimuovi contrassegno"},{"$i":"opt-move-message","$v":"Sposta nella cartella"},{"$i":"opt-delete-message","$v":"Elimina"},{"$i":"opt-multi-select","$v":"Selezione multipla"},{"$i":"opt-search","$v":"Cerca"},{"$i":"opt-folders","$v":"Visualizza cartelle"},{"$i":"opt-sort","$v":"Ordina"},{"$i":"opt-sync","$v":"Sincronizza"},{"$i":"opt-account","$v":"Cambia account"},{"$i":"opt-settings","$v":"Impostazioni"},{"$i":"opt-edit","$v":"Modifica"},{"$i":"opt-cancel","$v":"Annulla"},{"$i":"opt-save","$v":"Salva"},{"$i":"opt-move","$v":"Sposta"},{"$i":"opt-view","$v":"Visualizza"},{"$i":"opt-empty-trash","$v":"Svuota Cestino"},{"$i":"opt-call-number","$v":"Chiama"},{"$i":"opt-compose-mail","$v":"Scrivi"},{"$i":"opt-open-url","$v":"Apri"},{"$i":"select-option-on","$v":"Attivato"},{"$i":"select-option-off","$v":"Disattivato"},{"$i":"select-option-imap-smtp","$v":"IMAP+SMTP"},{"$i":"select-option-pop3-smtp","$v":"POP3+SMTP"},{"$i":"select-option-activesync","$v":"ActiveSync"},{"$i":"toaster-switch-account","$v":"Account e-mail passato a: "},{"$i":"toaster-sorted-by","$v":"Messaggio ordinato per"},{"$i":"cmp-reply","$v":"Rispondi"},{"$i":"cmp-reply-all","$v":"Rispondi a tutti"},{"$i":"cmp-forward","$v":"Inoltra messaggio"},{"$i":"cmp-remove-attach","$v":"Allegato rimosso"},{"$i":"select","$v":"Seleziona"},{"$i":"deselect","$v":"Deseleziona"},{"$i":"cancel","$v":"Annulla"},{"$i":"enter","$v":"Invio"},{"$i":"remove-attachment","$v":"Rimuovi allegato"},{"$i":"replace-attachment","$v":"Sostituisci allegato"},{"$i":"add-attachment","$v":"Aggiungi allegato"},{"$i":"add-contact","$v":"Aggiungi contatto"},{"$i":"add-cc","$v":"Aggiungi Cc"},{"$i":"remove-cc","$v":"Rimuovi Cc"},{"$i":"add-bcc","$v":"Aggiungi Ccn"},{"$i":"remove-bcc","$v":"Rimuovi Ccn"},{"$i":"attachment-download","$v":"Scarica"},{"$i":"attachment-share","$v":"Condividi"},{"$i":"send-new-mail","$v":"Invia nuovo messaggio"},{"$i":"view-contact","$v":"Visualizza contatto"},{"$i":"save-new-contact","$v":"Salva nuovo contatto"},{"$i":"add-to-exsiting-contact","$v":"Aggiungi a contatto esistente"},{"$i":"no","$v":"No"},{"$i":"yes","$v":"Sì"},{"$i":"retry","$v":"Riprova"},{"$i":"empty","$v":"Vuoto"},{"$i":"empty-trash-confirm","$v":"Svuotare il cestino?"},{"$i":"trash-emptied","$v":"Cestino svuotato"},{"$i":"next","$v":"Successivo"},{"$i":"welcome-header","$v":"E-mail"},{"$i":"welcome-msg","$v":"Benvenuto in E-mail."},{"$i":"welcome-msg-setup","$v":"Premere Avanti per configurare l'account e-mail."},{"$i":"discard","$v":"Ignora"},{"$i":"leave-this-page-warning-message","$v":"Ignorare le informazioni dell'account e-mail?"},{"$i":"finish","$v":"Fine"},{"$i":"setup-done-msg","$v":"L'accesso è stato effettuato. Aggiungere un altro account?"},{"$i":"save-as-draft","$v":"Salva come bozza"},{"$i":"show-password","$v":"Mostra password"},{"$i":"account-label","$v":"Etichetta account"},{"$i":"folders","$v":"Cartelle"},{"$i":"security","$v":"Sicurezza"},{"$i":"port-number","$v":"Numero porta"},{"$i":"domain-username","$v":"Dominio/nome utente"},{"$i":"synchronizing","$v":"Sincronizzazione in corso..."},{"$i":"browse-mail","$v":"Sfoglia messaggi"},{"$i":"never-sync","$v":"Le bozze locali non sono sincronizzate con il server."},{"$i":"emptyDownloadFile","$v":"Impossibile scaricare il file. Potrebbe essere vuoto"},{"$i":"sync","$v":"Sincrona"},{"$i":"outbox-unsent-label","$v":{"few":[{"t":"idOrVar","v":"n"}," messaggi non inviati in Posta in uscita"],"many":[{"t":"idOrVar","v":"n"}," messaggi non inviati in Posta in uscita"],"one":"1 messaggio non inviato in Posta in uscita","other":[{"t":"idOrVar","v":"n"}," messaggi non inviati in Posta in uscita"],"two":"2 messaggi non inviati in Posta in uscita"},"$x":[{"t":"idOrVar","v":"plural"},"n"]},{"$i":"storage-full-title","$v":"Memoria piena"},{"$i":"storage-full-warning","$v":"È possibile eliminare alcuni file multimediali o gestire i dati delle applicazioni per liberare più spazio."},{"$i":"storage-full","$v":"Memoria del telefono piena."},{"$i":"storage-sdcard-full","$v":"Scheda SD piena."},{"$i":"view-address","$v":"Visualizza indirizzo"},{"$i":"mail-address-title","$v":"Indirizzo di posta"},{"$i":"mail-address","$v":[{"t":"idOrVar","v":"address"}]},{"$i":"value-name","$v":[{"t":"idOrVar","v":"name"}]},{"$i":"account-deleted","$v":"Account eliminato."},{"$i":"account-reEnable","$v":"L'account esiste già. Sincronizzare l'account e-mail?"},{"$i":"setup-account-usedInfo","$v":"L'account verrà utilizzato dalle app seguenti. È possibile modificare questa opzione in Impostazioni>Account."},{"$i":"setup-account-settingsInfo","$v":"Ogni app presenta intervalli di sincronizzazione predefiniti, verificare nelle impostazioni dell'app."},{"$i":"app-calendar","$v":"Calendario"},{"$i":"app-contacts","$v":"Contatti"},{"$i":"app-email","$v":"Email"},{"$i":"weekday-0-long","$v":"Domenica"},{"$i":"weekday-1-long","$v":"Lunedì"},{"$i":"weekday-2-long","$v":"Martedì"},{"$i":"weekday-3-long","$v":"Mercoledì"},{"$i":"weekday-4-long","$v":"Giovedì"},{"$i":"weekday-5-long","$v":"Venerdì"},{"$i":"weekday-6-long","$v":"Sabato"},{"$i":"weekday-0-short","$v":"Dom"},{"$i":"weekday-1-short","$v":"Lun"},{"$i":"weekday-2-short","$v":"Mar"},{"$i":"weekday-3-short","$v":"Mer"},{"$i":"weekday-4-short","$v":"Gio"},{"$i":"weekday-5-short","$v":"Ven"},{"$i":"weekday-6-short","$v":"Sab"},{"$i":"month-0-long","$v":"Gennaio"},{"$i":"month-1-long","$v":"Febbraio"},{"$i":"month-2-long","$v":"Marzo"},{"$i":"month-3-long","$v":"Aprile"},{"$i":"month-4-long","$v":"Maggio"},{"$i":"month-5-long","$v":"Giugno"},{"$i":"month-6-long","$v":"Luglio"},{"$i":"month-7-long","$v":"Agosto"},{"$i":"month-8-long","$v":"Settembre"},{"$i":"month-9-long","$v":"Ottobre"},{"$i":"month-10-long","$v":"Novembre"},{"$i":"month-11-long","$v":"Dicembre"},{"$i":"month-0-genitive","$v":"Gennaio"},{"$i":"month-1-genitive","$v":"Febbraio"},{"$i":"month-2-genitive","$v":"Marzo"},{"$i":"month-3-genitive","$v":"Aprile"},{"$i":"month-4-genitive","$v":"Maggio"},{"$i":"month-5-genitive","$v":"Giugno"},{"$i":"month-6-genitive","$v":"Luglio"},{"$i":"month-7-genitive","$v":"Agosto"},{"$i":"month-8-genitive","$v":"Settembre"},{"$i":"month-9-genitive","$v":"Ottobre"},{"$i":"month-10-genitive","$v":"Novembre"},{"$i":"month-11-genitive","$v":"Dicembre"},{"$i":"month-0-short","$v":"Gen"},{"$i":"month-1-short","$v":"Feb"},{"$i":"month-2-short","$v":"Mar"},{"$i":"month-3-short","$v":"Apr"},{"$i":"month-4-short","$v":"Mag"},{"$i":"month-5-short","$v":"Giu"},{"$i":"month-6-short","$v":"Lug"},{"$i":"month-7-short","$v":"Ago"},{"$i":"month-8-short","$v":"Set"},{"$i":"month-9-short","$v":"Ott"},{"$i":"month-10-short","$v":"Nov"},{"$i":"month-11-short","$v":"Dic"},{"$i":"minutes-ago-long","$v":{"few":[{"t":"idOrVar","v":"value"}," minuti fa"],"many":[{"t":"idOrVar","v":"value"}," minuti fa"],"one":"un minuto fa","other":[{"t":"idOrVar","v":"value"}," minuti fa"],"two":[{"t":"idOrVar","v":"value"}," minuti fa"],"zero":"adesso"},"$x":[{"t":"idOrVar","v":"plural"},"value"]},{"$i":"hours-ago-long","$v":{"few":[{"t":"idOrVar","v":"value"}," ore fa"],"many":[{"t":"idOrVar","v":"value"}," ore fa"],"one":"un'ora fa","other":[{"t":"idOrVar","v":"value"}," ore fa"],"two":[{"t":"idOrVar","v":"value"}," ore fa"],"zero":"adesso"},"$x":[{"t":"idOrVar","v":"plural"},"value"]},{"$i":"days-ago-long","$v":{"few":[{"t":"idOrVar","v":"value"}," giorni fa"],"many":[{"t":"idOrVar","v":"value"}," giorni fa"],"one":"ieri","other":[{"t":"idOrVar","v":"value"}," giorni fa"],"two":[{"t":"idOrVar","v":"value"}," giorni fa"],"zero":"oggi"},"$x":[{"t":"idOrVar","v":"plural"},"value"]},{"$i":"weeks-ago-long","$v":{"few":[{"t":"idOrVar","v":"value"}," settimane fa"],"many":[{"t":"idOrVar","v":"value"}," settimane fa"],"one":"una settimana fa","other":[{"t":"idOrVar","v":"value"}," settimane fa"],"two":[{"t":"idOrVar","v":"value"}," settimane fa"],"zero":"questa settimana"},"$x":[{"t":"idOrVar","v":"plural"},"value"]},{"$i":"months-ago-long","$v":{"few":[{"t":"idOrVar","v":"value"}," mesi fa"],"many":[{"t":"idOrVar","v":"value"}," mesi fa"],"one":"un mese fa","other":[{"t":"idOrVar","v":"value"}," mesi fa"],"two":[{"t":"idOrVar","v":"value"}," mesi fa"],"zero":"questo mese"},"$x":[{"t":"idOrVar","v":"plural"},"value"]},{"$i":"years-ago-long","$v":{"few":[{"t":"idOrVar","v":"value"}," anni fa"],"many":[{"t":"idOrVar","v":"value"}," anni fa"],"one":"un anno fa","other":[{"t":"idOrVar","v":"value"}," anni fa"],"two":[{"t":"idOrVar","v":"value"}," anni fa"],"zero":"quest'anno"},"$x":[{"t":"idOrVar","v":"plural"},"value"]},{"$i":"minutes-until-long","$v":{"few":["tra ",{"t":"idOrVar","v":"value"}," minuti"],"many":["tra ",{"t":"idOrVar","v":"value"}," minuti"],"one":"tra un minuto","other":["tra ",{"t":"idOrVar","v":"value"}," minuti"],"two":["tra ",{"t":"idOrVar","v":"value"}," minuti"],"zero":"ora"},"$x":[{"t":"idOrVar","v":"plural"},"value"]},{"$i":"hours-until-long","$v":{"few":["tra ",{"t":"idOrVar","v":"value"}," ore"],"many":["tra ",{"t":"idOrVar","v":"value"}," ore"],"one":"tra un'ora","other":["tra ",{"t":"idOrVar","v":"value"}," ore"],"two":["tra ",{"t":"idOrVar","v":"value"}," ore"],"zero":"ora"},"$x":[{"t":"idOrVar","v":"plural"},"value"]},{"$i":"days-until-long","$v":{"few":["tra ",{"t":"idOrVar","v":"value"}," giorni"],"many":["tra ",{"t":"idOrVar","v":"value"}," giorni"],"one":"domani","other":["tra ",{"t":"idOrVar","v":"value"}," giorni"],"two":["tra ",{"t":"idOrVar","v":"value"}," giorni"],"zero":"oggi"},"$x":[{"t":"idOrVar","v":"plural"},"value"]},{"$i":"weeks-until-long","$v":{"few":["tra ",{"t":"idOrVar","v":"value"}," settimane"],"many":["tra ",{"t":"idOrVar","v":"value"}," settimane"],"one":"tra una settimana","other":["tra ",{"t":"idOrVar","v":"value"}," settimane"],"two":["tra ",{"t":"idOrVar","v":"value"}," settimane"],"zero":"questa settimana"},"$x":[{"t":"idOrVar","v":"plural"},"value"]},{"$i":"months-until-long","$v":{"few":["tra ",{"t":"idOrVar","v":"value"}," mesi"],"many":["tra ",{"t":"idOrVar","v":"value"}," mesi"],"one":"tra un mese","other":["tra ",{"t":"idOrVar","v":"value"}," mesi"],"two":["tra ",{"t":"idOrVar","v":"value"}," mesi"],"zero":"questo mese"},"$x":[{"t":"idOrVar","v":"plural"},"value"]},{"$i":"years-until-long","$v":{"few":["tra ",{"t":"idOrVar","v":"value"}," anni"],"many":["tra ",{"t":"idOrVar","v":"value"}," anni"],"one":"tra un anno","other":["tra ",{"t":"idOrVar","v":"value"}," anni"],"two":["tra ",{"t":"idOrVar","v":"value"}," anni"],"zero":"quest'anno"},"$x":[{"t":"idOrVar","v":"plural"},"value"]},{"$i":"minutes-ago-short","$v":{"other":[{"t":"idOrVar","v":"value"}," m fa"],"zero":"adesso"},"$x":[{"t":"idOrVar","v":"plural"},"value"]},{"$i":"hours-ago-short","$v":{"other":[{"t":"idOrVar","v":"value"}," h fa"],"zero":"adesso"},"$x":[{"t":"idOrVar","v":"plural"},"value"]},{"$i":"days-ago-short","$v":{"other":[{"t":"idOrVar","v":"value"}," g fa"],"zero":"oggi"},"$x":[{"t":"idOrVar","v":"plural"},"value"]},{"$i":"minutes-until-short","$v":{"other":["tra ",{"t":"idOrVar","v":"value"}," m"],"zero":"ora"},"$x":[{"t":"idOrVar","v":"plural"},"value"]},{"$i":"hours-until-short","$v":{"other":["tra ",{"t":"idOrVar","v":"value"}," h"],"zero":"ora"},"$x":[{"t":"idOrVar","v":"plural"},"value"]},{"$i":"days-until-short","$v":{"other":["tra ",{"t":"idOrVar","v":"value"}," g"],"zero":"oggi"},"$x":[{"t":"idOrVar","v":"plural"},"value"]},{"$i":"incorrectDate","$v":"(data errata)"},{"$i":"dateTimeFormat_%c","$v":"%a %b %e %Y %I:%M:%S %p"},{"$i":"dateTimeFormat_%x","$v":"%m/%d/%Y"},{"$i":"dateTimeFormat_%X","$v":"%I:%M:%S %p"},{"$i":"shortTimeFormat","$v":"%I:%M %p"},{"$i":"shortTimeFormat12","$v":"%I:%M %p"},{"$i":"shortTimeFormat24","$v":"%H:%M"},{"$i":"shortDateTimeFormat","$v":"%x %I:%M %p"},{"$i":"weekStartsOnMonday","$v":"0.0"},{"$i":"firstDayOfTheWeek","$v":"1.0"},{"$i":"time_am","$v":"AM"},{"$i":"time_pm","$v":"PM"}]