[{"$i":"setup-app-name-header","$v":"អ៊ីមែល"},{"$i":"setup-empty-account-message","$v":"អ្នក​មិន​ទាន់​អាច​ផ្ញើ ឬ​ទទួល​អ៊ីមែល​ទេ។ បង្កើត​គណនី​មួយ​ដើម្បី​ធ្វើ​សកម្មភាព​នេះ​បាន។"},{"$i":"setup-pick-service","$v":"ដើម្បី​ផ្ញើ និង​ទទួល​អ៊ីមែល អ្នក​នឹង​ត្រូវ​បង្កើត​គណនី​មួយ។"},{"$i":"setup-account-header3","$v":"ចូលគណនី"},{"$i":"setup-account-password","$v":"ពាក្យ​សម្ងាត់"},{"$i":"setup-info-next","$v":"បន្ទាប់"},{"$i":"setup-progress-wait-msg","$v":"កំពុង​បង្កើត​គណនី"},{"$i":"setup-sync-progress-wait-msg","$v":"ធ្វើសមកាលកម្មគណនី"},{"$i":"setup-completed-header","$v":"សូម​អបអរ​សាទរ!"},{"$i":"setup-completed-label","$v":"រួចរាល់​សព្វ​គ្រប់​ហើយ!"},{"$i":"setup-add-another-account","$v":"បន្ថែម​គណនី​មួយ​ទៀត"},{"$i":"setup-show-mail","$v":"បន្ត​ទៅ​អ៊ីមែល"},{"$i":"setup-done-add","$v":"បន្ថែម​គណនី"},{"$i":"setup-error-offline","$v":"ឥឡូវ ឧបករណ៍​នៅ​ក្រៅ​បណ្ដាញ។ ភ្ជាប់​ទៅ​បណ្ដាញ ហើយ​ព្យាយាម​ម្ដង​ទៀត។"},{"$i":"setup-error-bad-user-or-pass2","$v":"ឈ្មោះ​អ្នក​ប្រើ ឬ​ពាក្យសម្ងាត់​មិន​ត្រឹមត្រូវ។ សូម​ពិនិត្យ​រក​កំហុស។"},{"$i":"setup-error-bad-address","$v":"អាសយដ្ឋាន​អ៊ីមែល​មិន​ត្រឹមត្រូវ។ សូម​ពិនិត្យ​រក​កំហុស។"},{"$i":"setup-error-not-authorized","$v":"ផ្អែក​តាម​ម៉ាស៊ីន​បម្រើ អ្នក​មិន​មាន​ការអនុញ្ញាត​ឱ្យ​បង្កើត​គណនី​ទេ"},{"$i":"setup-error-pop-server-not-great","$v":"មិន​ស្គាល់​ម៉ាស៊ីន​បម្រើ​ទេ។ ម៉ាស៊ីន​បម្រើ POP3 មិន​បំពេញ​មុខងារ​ដែល​តម្រូវ​ទេ។"},{"$i":"setup-error-unknown2","$v":"មាន​បញ្ហា​មិន​ស្គាល់​កើត​ឡើង។ ពិនិត្យ​មើល​ការភ្ជាប់​បណ្ដាញ​របស់​អ្នក ឬ​សាក​ជម្រើស​កំណត់​រចនា​សម្ព័ន្ធ​ផ្ទាល់​ខ្លួន។"},{"$i":"setup-error-needs-app-pass","$v":"អ្នក​ត្រូវ​តែ​ប្រើ​ពាក្យ​សម្ងាត់​ជាក់លាក់​របស់​កម្មវិធី​សម្រាប់​គណនី Gmail ដែល​ផ្ទៀងផ្ទាត់​ពីរ​ជំហាន"},{"$i":"setup-error-imap-disabled","$v":"អ្នក​ត្រូវ​តែ​បើក IMAP សម្រាប់​គណនី Gmail អ្នក"},{"$i":"setup-error-pop3-disabled","$v":"អ្នក​ត្រូវ​តែ​បើក POP3 សម្រាប់​គណនី Gmail អ្នក"},{"$i":"setup-error-bad-security","$v":["មិន​អាច​ធ្វើ​ការភ្ជាប់​សុវត្ថិភាព​ជាមួយ \"",{"t":"idOrVar","v":"server"},"\" ទេ។ ប្រហែល​ជា​មាន​បញ្ហា​មួយ​ជាមួយ​នឹង​បណ្ដាញ ឬ​ម៉ាស៊ីន​បម្រើ​របស់​អ្នក។"]},{"$i":"setup-error-unresponsive-server","$v":["មិន​អាច​ធ្វើ​ការភ្ជាប់​ជាមួយ \"",{"t":"idOrVar","v":"server"},"\" ទេ។ ប្រហែល​ជា​មាន​បញ្ហា​មួយ​ជាមួយ​នឹង​បណ្ដាញ។"]},{"$i":"setup-error-server-problem","$v":["មាន​បញ្ហា​មួយ​ជាមួយ​ម៉ាស៊ីន​បម្រើ \"",{"t":"idOrVar","v":"server"},"\"។ ព្យាយាម​ម្ដង​ទៀត​ពេល​ក្រោយ។"]},{"$i":"setup-error-no-config-info","$v":"មិន​អាច​កំណត់​រចនា​សម្ព័ន្ធ​គណនី​របស់​អ្នក​ដោយ​ស្វ័យ​ប្រវត្តិ​ទេ។ កែ​តម្រូវ​អាសយដ្ឋាន​អ៊ីមែល​របស់​អ្នក ឬ​សាក​ល្បង​ជម្រើស​កំណត់​រចនា​សម្ព័ន្ធ​ផ្ទាល់​ខ្លួន។"},{"$i":"setup-error-server-maintenance","$v":["ម៉ាស៊ីន​បម្រើ \"",{"t":"idOrVar","v":"server"},"\" នៅ​ក្រៅ​បណ្ដាញ​សម្រាប់​ការថែទាំ​ជួសជុល។ ព្យាយាម​ម្ដង​ទៀត​ពេល​ក្រោយ។"]},{"$i":"setup-error-account-already-exists","$v":"បាន​កំណត់​រចនា​សម្ព័ន្ធ​គណនី​នេះ​រួច​ហើយ។"},{"$i":"setup-manual-config2","$v":"កម្រិត​ខ្ពស់"},{"$i":"setup-manual-config-header","$v":"ចូលគណនី"},{"$i":"setup-manual-account-type-header","$v":"ប្រភេទ​គណនី"},{"$i":"setup-manual-account-type","$v":"ប្រភេទ​គណនី"},{"$i":"setup-manual-account-type-select","ariaLabel":"ប្រភេទ​គណនី"},{"$i":"setup-manual-imap-header","$v":"ការ​កំណត់ IMAP"},{"$i":"setup-manual-pop3-header","$v":"ការ​កំណត់ POP3"},{"$i":"setup-manual-smtp-header","$v":"ការ​កំណត់ SMTP"},{"$i":"setup-manual-activesync-header","$v":"ការ​កំណត់ ActiveSync"},{"$i":"setup-manual-next","$v":"បន្ទាប់"},{"$i":"setup-manual-socket","$v":"ប្រភេទ​រន្ធ"},{"$i":"setup-manual-socket-ssl","$v":"SSL"},{"$i":"setup-manual-socket-starttls","$v":"STARTTLS"},{"$i":"setup-manual-socket-select","ariaLabel":"សុវត្ថិភាព​ភ្ជាប់"},{"$i":"setup-manual-socket-plain","$v":"មិន​បាន​បំប្លែង​កូដ​ទេ"},{"$i":"setup-bad-password-header","$v":"ពាក្យ​សម្ងាត់​ខុស!"},{"$i":"setup-bad-password","$v":"មិន​អាច​ចូល​ម៉ាស៊ីន​បម្រើ​ទេ។ សូម​សាក​ពាក្យ​សម្ងាត់​ម្ដង​ទៀត។"},{"$i":"setup-new-password","placeholder":"ពាក្យ​សម្ងាត់​ថ្មី"},{"$i":"setup-fix-password","$v":"សាក​ប្រើ​ពាក្យសម្ងាត់​ថ្មី​ម្ដង​ទៀត"},{"$i":"setup-gmail-twofactor-header","$v":"បាន​បើក​ការផ្ទៀងផ្ទាត់​ពីរ​ជំហាន"},{"$i":"setup-gmail-twofactor-message","$v":"អ្នក​ត្រូវ​បញ្ចូល​ពាក្យ​សម្ងាត់​ជាក់លាក់​របស់​កម្មវិធី​ដូច​ខាង​ក្រោម។"},{"$i":"setup-gmail-imap-header","$v":"បាន​បិទ IMAP"},{"$i":"setup-gmail-imap-message","$v":"អ្នក​ត្រូវ​តែ​បើក IMAP លើ​គណនី Gmail អ្នក"},{"$i":"setup-gmail-retry","$v":"សាក​ម្ដង​ទៀត"},{"$i":"setup-gmail-pop3-header","$v":"បាន​បិទ POP3"},{"$i":"setup-gmail-pop3-message","$v":"អ្នក​ត្រូវ​តែ​បើក POP3 លើ​គណនី Gmail អ្នក"},{"$i":"setup-fix-oauth2-header","$v":"អនុញ្ញាត​អ៊ីមែល​ឡើង​វិញ"},{"$i":"setup-fix-oauth2-description","$v":"អ៊ីមែល​ត្រូវការ​ការអនុញ្ញាត​ឡើង​វិញ​ម្ដង​ទៀត​ដើម្បី​ចូល​ប្រើ​គណនី​ខាង​ក្រោម​បាន៖"},{"$i":"setup-fix-oauth2-reauthorize","$v":"អនុញ្ញាត​ឡើង​វិញ"},{"$i":"settings-main-header","$v":"ការ​កំណត់​អ៊ីមែល"},{"$i":"settings-sub-header-account","$v":"គណនី"},{"$i":"settings-account-group","ariaLabel":"គណនី"},{"$i":"settings-account-name","$v":"ឈ្មោះ​របស់​អ្នក"},{"$i":"settings-account-label","$v":"ស្លាក​គណនី"},{"$i":"settings-account-display-notifications","$v":"បង្ហាញ​ការជូន​ដំណឹង​អ៊ីមែល​ថ្មី"},{"$i":"settings-account-play-sound-onsend","$v":"ចាក់​សំឡេង​បន្ទាប់​ពី​បាន​ផ្ញើ​សារ"},{"$i":"settings-account-signature-label","$v":"ហត្ថលេខា"},{"$i":"settings-sub-header-data","$v":"ទិន្នន័យ"},{"$i":"settings-data-group","ariaLabel":"ទិន្នន័យ"},{"$i":"settings-account-check-mail","$v":"ពិនិត្យ​រក​សារ​ថ្មី"},{"$i":"settings-account-check-mail-select","ariaLabel":"ពិនិត្យ​រក​សារ​ថ្មី"},{"$i":"settings-sub-header-server","$v":"ការ​កំណត់​ម៉ាស៊ីន​បម្រើ"},{"$i":"settings-server-group","ariaLabel":"ការ​កំណត់​ម៉ាស៊ីន​បម្រើ"},{"$i":"settings-account-userpass","$v":"ឈ្មោះ​អ្នក​ប្រើ និង​ពាក្យ​សម្ងាត់"},{"$i":"settings-account-useroauth2","$v":"ឈ្មោះ​អ្នក​ប្រើ"},{"$i":"settings-default-signature-2","$v":"បាន​ផ្ញើ​ពី​ទូរសព្ទ​របស់​ខ្ញុំ"},{"$i":"settings-done","$v":"រួចរាល់"},{"$i":"settings-account-section","$v":"គណនី"},{"$i":"settings-account-listbox","ariaLabel":"គណនី"},{"$i":"settings-account-add","$v":"បន្ថែម"},{"$i":"settings-account-delete","$v":"លុប​គណនី"},{"$i":"settings-account-delete-prompt","$v":["តើ​អ្នក​ប្រាកដ​ថា​ចង់​លុប​គណនី​អ៊ីមែល ",{"t":"idOrVar","v":"account"}," របស់​អ្នក​ឬ?"]},{"$i":"settings-account-delete-desc","$v":"អ្នក​នឹង​ត្រូវ​ទាញ​យក​អ៊ីមែល​របស់​អ្នក​ម្ដង​ទៀត បើ​អ្នក​បង្កើត​គណនី​ឡើង​វិញ។"},{"$i":"settings-account-delete-cancel","$v":"បោះបង់"},{"$i":"settings-account-delete-confirm","$v":"លុប"},{"$i":"settings-account-clarify","$v":[{"t":"idOrVar","v":"account-name"}]},{"$i":"settings-account-clarify-imap","$v":[{"t":"idOrVar","v":"account-name"}," (IMAP)"]},{"$i":"settings-account-clarify-pop3","$v":[{"t":"idOrVar","v":"account-name"}," (POP3)"]},{"$i":"settings-account-clarify-smtp","$v":[{"t":"idOrVar","v":"account-name"}," (SMTP)"]},{"$i":"settings-general-section","$v":"ការ​កំណត់​ទូទៅ"},{"$i":"settings-show-images","$v":"បង្ហាញ​រូបភាព​ជានិច្ច"},{"$i":"settings-download-attachments","$v":"ទាញ​យក​ឯកសារ​ភ្ជាប់"},{"$i":"settings-check-every-5min","$v":"រាល់ 5 នាទី​ម្ដង"},{"$i":"settings-check-every-10min","$v":"រាល់ 10 នាទី​ម្ដង"},{"$i":"settings-check-every-15min","$v":"រាល់ 15 នាទី​ម្ដង"},{"$i":"settings-check-every-30min","$v":"រាល់ 30 នាទី​ម្ដង"},{"$i":"settings-check-every-60min","$v":"រាល់​ម៉ោង"},{"$i":"settings-check-every-manual","$v":"ដោយ​ដៃ"},{"$i":"settings-check-dynamic","$v":{"few":[{"t":"idOrVar","v":"n"}," វិនាទី"],"many":[{"t":"idOrVar","v":"n"}," វិនាទី"],"one":[{"t":"idOrVar","v":"n"}," វិនាទី"],"other":[{"t":"idOrVar","v":"n"}," វិនាទី"],"two":[{"t":"idOrVar","v":"n"}," វិនាទី"],"zero":"បាន​បិទ"},"$x":[{"t":"idOrVar","v":"plural"},"n"]},{"$i":"settings-default-account","$v":"កំណត់​ជា​អ៊ីមែល​លំនាំ​ដើម"},{"$i":"settings-account-type","$v":"ប្រភេទ​គណនី"},{"$i":"settings-account-credentials","$v":"ព័ត៌មាន​សុវត្ថិភាព"},{"$i":"settings-activesync-label","$v":"ការ​កំណត់ ActiveSync"},{"$i":"settings-imap-label","$v":"ការ​កំណត់ IMAP"},{"$i":"settings-pop3-label","$v":"ការ​កំណត់ POP3"},{"$i":"settings-smtp-label","$v":"ការ​កំណត់ SMTP"},{"$i":"settings-hostname","$v":"ឈ្មោះ​ហូស"},{"$i":"settings-port","$v":"ច្រក"},{"$i":"settings-username","$v":"ឈ្មោះ​អ្នក​ប្រើ"},{"$i":"settings-password","$v":"ពាក្យ​សម្ងាត់"},{"$i":"settings-save","$v":"រក្សា​ទុក"},{"$i":"password-saved","$v":"បានរក្សាទុកពាក្យសម្ងាត់។"},{"$i":"settings-reauth","$v":"អនុញ្ញាត​ឡើង​វិញ"},{"$i":"settings-account-synchronize-window","$v":"ថ្ងៃ​ត្រូវ​ធ្វើ​សមកាលកម្ម"},{"$i":"settings-account-synchronize-window-select","ariaLabel":"ថ្ងៃ​ត្រូវ​ធ្វើ​សមកាលកម្ម"},{"$i":"settings-synchronize-auto","$v":"ស្វ័យប្រវត្តិ"},{"$i":"settings-synchronize-one-day","$v":"1 ថ្ងៃ"},{"$i":"settings-synchronize-three-days","$v":"3 ថ្ងៃ"},{"$i":"settings-synchronize-one-week","$v":"1 សប្តាហ៍"},{"$i":"settings-synchronize-two-weeks","$v":"2 សប្តាហ៍"},{"$i":"settings-synchronize-one-month","$v":"1 ខែ"},{"$i":"settings-synchronize-all","$v":"សារ​ទាំង​អស់"},{"$i":"envelope-from","$v":"ពី"},{"$i":"envelope-to","$v":"ទៅ"},{"$i":"envelope-cc","$v":"ចម្លង​ជូន"},{"$i":"envelope-bcc","$v":"ចម្លង​លាក់"},{"$i":"message-header-state-sending","ariaLabel":"កំពុង​ផ្ញើ"},{"$i":"message-header-state-error","ariaLabel":"មាន​បញ្ហា​ក្នុង​ការផ្ញើ"},{"$i":"message-header-unread","ariaLabel":"មិន​ទាន់​អាន"},{"$i":"message-header-reply","ariaLabel":"ឆ្លើយ​តប"},{"$i":"message-header-forward","ariaLabel":"បញ្ជូន​បន្ត"},{"$i":"message-header-starred","ariaLabel":"មាន​ដាក់​ផ្កាយ"},{"$i":"message-header-attachments","ariaLabel":"មាន​ឯកសារ​ភ្ជាប់"},{"$i":"message-body-container","ariaLabel":"តួ​សេចក្ដី​សារ"},{"$i":"message-body-container-progress","ariaValueText":"កំពុង​ស្រង់"},{"$i":"subject","ariaLabel":"ប្រធាន​បទ"},{"$i":"attachments-container","ariaLabel":"ឯកសារ​ភ្ជាប់"},{"$i":"from-group","ariaLabel":"ពី"},{"$i":"to-group","ariaLabel":"ទៅ"},{"$i":"cc-group","ariaLabel":"ចម្លង​ជូន"},{"$i":"bcc-group","ariaLabel":"ចម្លង​លាក់"},{"$i":"compose-header","$v":"សរសេរ​សារ"},{"$i":"compose-header-short","$v":"សរសេរ"},{"$i":"compose-send","$v":"ផ្ញើ"},{"$i":"compose-send-button","ariaLabel":"ផ្ញើ"},{"$i":"compose-to","$v":"ទៅ"},{"$i":"compose-cc","$v":"ចម្លង​ជូន"},{"$i":"compose-bcc","$v":"ចម្លង​លាក់"},{"$i":"compose-cc-remove","$v":"បញ្ជីរ cc ត្រូវបានលុបចោល។"},{"$i":"compose-bcc-remove","$v":"បញ្ជីរ bcc ត្រូវបានលុបចោល។"},{"$i":"compose-contact-add","ariaLabel":"បន្ថែម​ទំនាក់ទំនង"},{"$i":"compose-attachments","$v":{"few":["ឯកសារ​ភ្ជាប់ (",{"t":"idOrVar","v":"n"},")"],"many":["ឯកសារ​ភ្ជាប់ (",{"t":"idOrVar","v":"n"},")"],"one":["ឯកសារ​ភ្ជាប់ (",{"t":"idOrVar","v":"n"},")"],"other":["ឯកសារ​ភ្ជាប់ (",{"t":"idOrVar","v":"n"},")"],"two":["ឯកសារ​ភ្ជាប់ (",{"t":"idOrVar","v":"n"},")"],"zero":"ឯកសារភ្ជាប់"},"$x":[{"t":"idOrVar","v":"plural"},"n"]},{"$i":"compose-text","ariaLabel":"កែ​សម្រួល"},{"$i":"compose-attachment-still-working","$v":"សូម​រង់ចាំ​បន្តិច នៅ​កំពុង​ដំណើរការ​ឯកសារ​ភ្ជាប់​ពី​មុន..."},{"$i":"compose-attachment-loading","$v":"កំពុងផ្ទុកឯកសារភ្ជាប់ ..."},{"$i":"compose-attachments-loading","$v":"កំពុងផ្ទុកឯកសារភ្ជាប់ ..."},{"$i":"compose-forward-attachment-error-title","$v":"ការទាញ​យក​មិន​បាន​សម្រេច។"},{"$i":"compose-forward-attachment-error-title2","$v":"មាន​បញ្ហា"},{"$i":"compose-forward-attachment-unable-load","$v":"មិនអាចបើកឯកសារភ្ជាប់បាន។"},{"$i":"compose-forward-attachments-unable-load","$v":"មិនអាចបើកឯកសារភ្ជាប់បាន។"},{"$i":"compose-forward-attachment-load-error","$v":"ឯកសារភ្ជាប់មួយចំនួនមិនអាចបើកបាន។"},{"$i":"confirmation-title","$v":"ការបញ្ជាក់"},{"$i":"compose-subject","$v":"ប្រធាន​បទ"},{"$i":"compose-draft-save","$v":"តើ​រក្សា​ទុក​ចូល​សារ​ព្រាង​មូលដ្ឋាន​ឬ?"},{"$i":"compose-discard-confirm","$v":"ចោល"},{"$i":"compose-draft-dialog-cancel","$v":"បោះបង់"},{"$i":"compose-draft-dialog-save","$v":"រក្សា​ទុក"},{"$i":"composer-draft-saved","$v":"រក្សា​ទុក​សារ​ចូល​សារ​ព្រាង​មូលដ្ឋាន"},{"$i":"attention","$v":"បម្រុង​ប្រយ័ត្ន"},{"$i":"compose-send-message-failed","$v":"ការផ្ញើ​អ៊ីមែល​មិន​បាន​សម្រេច"},{"$i":"compose-attchment-size-exceeded","$v":"បណ្ដា​ឯកសារ​ភ្ជាប់​ដែល​បាន​ជ្រើស​ធំ​ពេក មិន​អាច​ផ្ញើ​ជាមួយ​សារ​នេះ​បាន​ទេ។"},{"$i":"compose-attchments-size-exceeded","$v":"បណ្ដា​ឯកសារ​ភ្ជាប់​ដែល​បាន​ជ្រើស​ធំ​ពេក មិន​អាច​ផ្ញើ​ជាមួយ​សារ​នេះ​បាន​ទេ។ សាក​ល្បង​ជ្រើស​ឯកសារ​តិច​ជាង​នេះ"},{"$i":"composer-attachment-large-title","$v":"ទំហំ​ឯកសារ​ធំ​ពេក"},{"$i":"default-attachment-filename","$v":["ឯកសារ​ភ្ជាប់",{"t":"idOrVar","v":"n"}]},{"$i":"attachment-size-meb","$v":[{"t":"idOrVar","v":"megabytes"}," មេកា​បៃ"]},{"$i":"attachment-size-kib","$v":[{"t":"idOrVar","v":"kilobytes"}," គីឡូ​បៃ"]},{"$i":"attachment-size-byte","$v":[{"t":"idOrVar","v":"bytes"}," បៃ"]},{"$i":"message-attachment-view","$v":"មើល"},{"$i":"message-attachment-did-not-open-label","$v":"មិន​អាច​បើក​បាន​ទេ"},{"$i":"message-attachment-did-not-open-body","$v":"ឧបករណ៍​មិន​មាន​កម្មវិធី​ដែល​អាច​បើក​ឯកសារ​ភ្ជាប់​បាន​ទេ។"},{"$i":"message-attachment-too-large","$v":"ឯកសារ​នេះ​ធំ​ពេក មិន​អាច​ទាញ​យក​បាន​ទេ។"},{"$i":"message-attachment-not-found","$v":"មិន​អាច​រក​ឯកសារ​ភ្ជាប់​បាន​ទេ ប្រហែល​ជា​លុប​បាត់​ហើយ។"},{"$i":"message-attachment-download-fail","$v":[{"t":"idOrVar","v":"fileName"}," -មិន​អាច​ទាញ​យក​បាន​ទេ"]},{"$i":"message-no-subject","$v":"(គ្មាន​ប្រធាន​បទ)"},{"$i":"message-edit-menu-edit","$v":"កែ​សម្រួល"},{"$i":"message-edit-menu-delete","$v":"លុប"},{"$i":"message-edit-delete-confirm","$v":"តើ​លុប​សារ​អ៊ីមែល​ឬ?"},{"$i":"message-forward-attachment-title","$v":"ឯកសារភ្ជាប់"},{"$i":"message-forward-attachment","$v":"តើត្រូវបញ្ចូនឯកសារភ្ជាប់បន្តដែរទេ?"},{"$i":"message-forward-attachments","$v":"តើត្រូវបញ្ចូនឯកសារភ្ជាប់បន្តដែរទេ?"},{"$i":"message-multiedit-header","$v":{"few":["បាន​ជ្រើស ",{"t":"idOrVar","v":"n"}],"many":["បាន​ជ្រើស ",{"t":"idOrVar","v":"n"}],"one":["បាន​ជ្រើស ",{"t":"idOrVar","v":"n"}],"other":["បាន​ជ្រើស ",{"t":"idOrVar","v":"n"}],"two":["បាន​ជ្រើស ",{"t":"idOrVar","v":"n"}],"zero":["បាន​ជ្រើស ",{"t":"idOrVar","v":"n"}]},"$x":[{"t":"idOrVar","v":"plural"},"n"]},{"$i":"message-multiedit-search-header","$v":{"few":["បាន​ជ្រើស ",{"t":"idOrVar","v":"n"}],"many":["បាន​ជ្រើស ",{"t":"idOrVar","v":"n"}],"one":["បាន​ជ្រើស ",{"t":"idOrVar","v":"n"}],"other":["បាន​ជ្រើស ",{"t":"idOrVar","v":"n"}],"two":["បាន​ជ្រើស ",{"t":"idOrVar","v":"n"}],"zero":"បាន​ជ្រើស 0"},"$x":[{"t":"idOrVar","v":"plural"},"n"]},{"$i":"browse-to-url-prompt","$v":["តើ​រុករក​ទៅ​កាន់ URL ឬ?: ",{"t":"idOrVar","v":"url"}]},{"$i":"message-download-images-tap","$v":{"few":["អ៊ីមែល​នេះ​មាន​រូបភាព ",{"t":"idOrVar","v":"n"},"។ ប៉ះ​ដើម្បី​ទាញ​យក។"],"many":["អ៊ីមែល​នេះ​មាន​រូបភាព ",{"t":"idOrVar","v":"n"},"។ ប៉ះ​ដើម្បី​ទាញ​យក។"],"one":"អ៊ីមែល​នេះ​មាន​រូបភាព​មួយ។ ប៉ះ​ដើម្បី​ទាញ​យក។","other":["អ៊ីមែល​នេះ​មាន​រូបភាព ",{"t":"idOrVar","v":"n"},"។ ប៉ះ​ដើម្បី​ទាញ​យក។"],"two":["អ៊ីមែល​នេះ​មាន​រូបភាព ",{"t":"idOrVar","v":"n"},"។ ប៉ះ​ដើម្បី​ទាញ​យក។"]},"$x":[{"t":"idOrVar","v":"plural"},"n"]},{"$i":"message-show-external-images","$v":"បង្ហាញ​រូបភាព​ខាង​ក្រៅ"},{"$i":"message-delete-cancel","$v":"បោះបង់"},{"$i":"message-multiedit-delete-confirm","$v":{"few":["លុបសារ ",{"t":"idOrVar","v":"n"}," ឬ?"],"many":["លុបសារ ",{"t":"idOrVar","v":"n"}," ឬ?"],"one":"លុប​សារ​ដែល​បាន​ជ្រើស​ឬ?","other":["លុបសារ ",{"t":"idOrVar","v":"n"}," ឬ?"],"two":["លុបសារ ",{"t":"idOrVar","v":"n"}," ឬ?"]},"$x":[{"t":"idOrVar","v":"plural"},"n"]},{"$i":"message-large-message-cancel","$v":"បោះបង់"},{"$i":"message-large-message-ok","$v":"បន្ត"},{"$i":"message-large-message-confirm","$v":"សារ​នេះ​ធំ ហើយ​អាច​ចំណាយ​ពេល​ខ្លះ​ដើម្បី​ទាញ​យក។"},{"$i":"message-large-message-warning","$v":"សារ​ធំ​ពេក មិន​អាច​ផ្ទុក​បាន​ទេ។"},{"$i":"message-search-header","$v":"ស្វែង​រក"},{"$i":"search-result","$v":["រក​ឃើញ​ការផ្គូផ្គង ",{"t":"idOrVar","v":"num"}]},{"$i":"message-search-from","$v":"ពី"},{"$i":"message-search-to","$v":"ទៅ"},{"$i":"message-search-subject","$v":"ប្រធាន​បទ"},{"$i":"message-search-body","$v":"តួ​សេចក្ដី"},{"$i":"message-search-all","$v":"ទាំងអស់"},{"$i":"message-search-input","placeholder":"ស្វែង​រក​អ៊ីមែល"},{"$i":"message-search-cancel","$v":"បោះបង់"},{"$i":"messages-syncing","$v":"កំពុង​ស្រង់​សារ"},{"$i":"messages-syncing-progressbar","ariaValueText":"កំពុង​ស្រង់​សារ"},{"$i":"messages-load-more","$v":"ស្រង់​សារ​ច្រើន​ទៀត"},{"$i":"messages-folder-empty","$v":"គ្មាន​អ៊ីមែល​នៅ​ក្នុង​ថត​នេះ​ទេ"},{"$i":"messages-search-empty","$v":"គ្មាន​សារ​បម្រុង​ទុក​ជា​បណ្ដោះ​អាសន្ន​ក្នុង​មូលដ្ឋាន​ដែល​ផ្គូផ្គង​ទេ"},{"$i":"messages-folder-select","$v":"ផ្លាស់​ទី​ចូល​ថត"},{"$i":"messages-folder-unread-max","$v":"999+"},{"$i":"message-contact-menu-create","$v":"រក្សា​ទុក​ទំនាក់ទំនង​ថ្មី"},{"$i":"message-contact-menu-add-existing","$v":"បន្ថែម​ចូល​ទំនាក់ទំនង​ដែល​មាន​ស្រាប់"},{"$i":"message-contact-menu-view","$v":"មើល​ទំនាក់ទំនង"},{"$i":"message-contact-menu-reply","$v":"ឆ្លើយ​តប"},{"$i":"message-contact-menu-new","$v":"ផ្ញើ​អ៊ីមែល​ថ្មី"},{"$i":"message-reply-menu-reply","$v":"ឆ្លើយ​តប"},{"$i":"message-reply-menu-reply-all","$v":"ឆ្លើយ​ទាំង​អស់"},{"$i":"message-reply-menu-forward","$v":"បញ្ជូន​បន្ត"},{"$i":"message-reply-menu-cancel","$v":"បោះបង់"},{"$i":"reply-quoting-wrote","$v":"{name} បាន​សរសេរ"},{"$i":"forward-original-message","$v":"សារ​ដើម"},{"$i":"forward-header-subject","$v":"ប្រធាន​បទ"},{"$i":"forward-header-date","$v":"កាល​បរិច្ឆេទ"},{"$i":"forward-header-from","$v":"ពី"},{"$i":"forward-header-reply-to","$v":"ឆ្លើយ​ទៅ​កាន់"},{"$i":"forward-header-to","$v":"ទៅ"},{"$i":"forward-header-cc","$v":"ចម្លង​ជូន"},{"$i":"folder-inbox","$v":"ប្រអប់​ទទួល"},{"$i":"folder-sent","$v":"បាន​ផ្ញើ"},{"$i":"folder-drafts","$v":"សារ​ព្រាង"},{"$i":"folder-trash","$v":"ធុង​សំរាម"},{"$i":"folder-queue","$v":"មិន​បាន​ផ្ញើ"},{"$i":"folder-junk","$v":"សារ​ឥត​បានការ"},{"$i":"folder-archives","$v":"ប័ណ្ណសារ"},{"$i":"folder-localdrafts","$v":"សារ​ព្រាង​មូលដ្ឋាន"},{"$i":"folder-outbox","$v":"ប្រអប់​ចេញ"},{"$i":"drawer-back","$v":"ថយ​ក្រោយ"},{"$i":"drawer-accounts-header","$v":"គណនី"},{"$i":"drawer-settings-link","$v":"ការ​កំណត់"},{"$i":"folder-last-synced-label","$v":"សមកាលកម្ម​ចុង​ក្រោយ៖"},{"$i":"messages-refresh-progress","ariaValueText":"កំពុង​ធ្វើ​ឲ្យ​ថ្មី"},{"$i":"no-internet-connection","$v":"គ្មាន​ការភ្ជាប់​អ៊ីនធឺណិត​ទេ។"},{"$i":"toaster-undo","$v":"ត្រឡប់​វិញ"},{"$i":"toaster-message-star","$v":{"few":["បាន​ដាក់​ទង់​សារ ",{"t":"idOrVar","v":"n"}],"many":["បាន​ដាក់​ទង់​សារ ",{"t":"idOrVar","v":"n"}],"one":"បាន​ដាក់​ទង់​សារ","other":["បាន​ដាក់​ទង់​សារ ",{"t":"idOrVar","v":"n"}],"two":["បាន​ដាក់​ទង់​សារ ",{"t":"idOrVar","v":"n"}]},"$x":[{"t":"idOrVar","v":"plural"},"n"]},{"$i":"toaster-message-unstar","$v":{"few":["បាន​ដាក់​ទង់​សារ ",{"t":"idOrVar","v":"n"}," ថា​បាន​លុប​ចេញ"],"many":["បាន​ដាក់​ទង់​សារ ",{"t":"idOrVar","v":"n"}," ថា​បាន​លុប​ចេញ"],"one":"បាន​ដាក់​ទង់​សារ​ថា​បាន​លុប​ចេញ","other":["បាន​ដាក់​ទង់​សារ ",{"t":"idOrVar","v":"n"}," ថា​បាន​លុប​ចេញ"],"two":["បាន​ដាក់​ទង់​សារ ",{"t":"idOrVar","v":"n"}," ថា​បាន​លុប​ចេញ"]},"$x":[{"t":"idOrVar","v":"plural"},"n"]},{"$i":"toaster-message-read","$v":{"few":["បាន​សម្គាល់​សារ ",{"t":"idOrVar","v":"n"}," ថា​បាន​អាន"],"many":["បាន​សម្គាល់​សារ ",{"t":"idOrVar","v":"n"}," ថា​បាន​អាន"],"one":"បាន​សម្គាល់​សារ​ថា​បាន​អាន","other":["បាន​សម្គាល់​សារ ",{"t":"idOrVar","v":"n"}," ថា​បាន​អាន"],"two":["បាន​សម្គាល់​សារ ",{"t":"idOrVar","v":"n"}," ថា​បាន​អាន"]},"$x":[{"t":"idOrVar","v":"plural"},"n"]},{"$i":"toaster-message-unread","$v":{"few":["បាន​សម្គាល់​សារ ",{"t":"idOrVar","v":"n"}," ថា​មិន​ទាន់​អាន"],"many":["បាន​សម្គាល់​សារ ",{"t":"idOrVar","v":"n"}," ថា​មិន​ទាន់​អាន"],"one":"បាន​សម្គាល់​សារ​ថា​មិន​ទាន់​អាន","other":["បាន​សម្គាល់​សារ ",{"t":"idOrVar","v":"n"}," ថា​មិន​ទាន់​អាន"],"two":["បាន​សម្គាល់​សារ ",{"t":"idOrVar","v":"n"}," ថា​មិន​ទាន់​អាន"]},"$x":[{"t":"idOrVar","v":"plural"},"n"]},{"$i":"toaster-message-move","$v":{"few":["បាន​ផ្លាស់​ទី​សារ ",{"t":"idOrVar","v":"n"}," ចូល​ថត៖"],"many":["បាន​ផ្លាស់​ទី​សារ ",{"t":"idOrVar","v":"n"}," ចូល​ថត៖"],"one":"បាន​ផ្លាស់​ទី​សារ​ចូល​ថត៖","other":["បាន​ផ្លាស់​ទី​សារ ",{"t":"idOrVar","v":"n"}," ចូល​ថត៖"],"two":["បាន​ផ្លាស់​ទី​សារ ",{"t":"idOrVar","v":"n"}," ចូល​ថត៖"]},"$x":[{"t":"idOrVar","v":"plural"},"n"]},{"$i":"toaster-message-delete","$v":{"few":["បាន​លុប​អ៊ីមែល ",{"t":"idOrVar","v":"n"}],"many":["បាន​លុប​អ៊ីមែល ",{"t":"idOrVar","v":"n"}],"one":"បាន​លុប​អ៊ីមែល 1","other":["បាន​លុប​អ៊ីមែល ",{"t":"idOrVar","v":"n"}],"two":["បាន​លុប​អ៊ីមែល ",{"t":"idOrVar","v":"n"}]},"$x":[{"t":"idOrVar","v":"plural"},"n"]},{"$i":"toaster-sync-failed","$v":"មិន​អាច​ភ្ជាប់​ទៅ​ម៉ាស៊ីន​ server បានទេ។"},{"$i":"compose-invalid-addresses-title","$v":"អាសយដ្ឋាន​មិន​ត្រឹមត្រូវ"},{"$i":"compose-invalid-addresses-description","$v":"សារ​របស់​អ្នក​មាន​អាសយដ្ឋាន​អ៊ីមែល​មិន​ត្រឹមត្រូវ​មួយ ឬ​ច្រើន។ សូម​កែ​តម្រូវ​សារ​មុន​នឹង​ផ្ញើ។"},{"$i":"background-send-pending","$v":"បណ្ដាញ​មិន​អាច​ប្រើ​បាន។ អ៊ីមែល​ត្រូវ​បាន​រក្សា​ទុក​ចូល​ប្រអប់​ចេញ។"},{"$i":"background-send-sending","$v":"កំពុង​ផ្ញើ​អ៊ីមែល…"},{"$i":"background-send-success","$v":"បាន​ផ្ញើ​អ៊ីមែល។"},{"$i":"background-send-error","$v":"មាន​បញ្ហា​កើត​ឡើង។ អ៊ីមែល​ត្រូវ​បាន​រក្សា​ទុក​ចូល​ប្រអប់​ចេញ។"},{"$i":"background-send-error-recipients","$v":"មាន​បញ្ហា​អ្នក​ទទួល។ អ៊ីមែល​ត្រូវ​បាន​រក្សា​ទុក​ចូល​ប្រអប់​ចេញ។"},{"$i":"background-send-error-title","$v":"ផ្ញើ​អ៊ីមែល​មិន​បាន​សម្រេច"},{"$i":"send-failure-recipients","$v":"ពិនិត្យ​មើល​អក្ខរាវិរុទ្ធ​នៃ​អាសយដ្ឋាន​ខាង​លើ។ ម៉ាស៊ីន​បម្រើ​សេវា​អ៊ីមែល​របស់​អ្នក​បាន​ចង្អុល​បង្ហាញ​ថា អាសយដ្ឋាន​មួយ ឬ​ច្រើន​ខាង​លើ​មិន​ត្រឹមត្រូវ។"},{"$i":"send-failure-unknown","$v":"មិន​អាច​ផ្ញើ​សារ​បាន​ទេ។"},{"$i":"form-clear-input","$v":"លុប​អត្ថបទ​ចេញ"},{"$i":"confirm-dialog-title","$v":"ការបញ្ជាក់"},{"$i":"confirm-dialog-ok","$v":"យល់ព្រម"},{"$i":"msg-display-subject","$v":"ប្រធាន​បទ"},{"$i":"msg-reader-display-attachments","$v":"ឯកសារ​ភ្ជាប់"},{"$i":"msg-reader-display-attachment","$v":"ឯកសារភ្ជាប់"},{"$i":"msg-reader-download-external-images","$v":["ទាញ​យក​រូបភាព​ខាង​ក្រៅ (",{"t":"idOrVar","v":"n"}," មេកា​បៃ)"]},{"$i":"msg-reader-sender-header","$v":"ពី"},{"$i":"msg-reader-recipients-header","$v":"អ្នក​ទទួល"},{"$i":"msg-reader-cc-header","$v":"ចម្លង​ជូន"},{"$i":"msg-reader-bcc-header","$v":"ចម្លង​លាក់"},{"$i":"msg-reader-message-flagged","$v":"បាន​ដាក់​ទង់​សារ"},{"$i":"msg-reader-flag-removed","$v":"បាន​លុប​ទង់​ចេញ"},{"$i":"external-image-downloading","$v":"កំពុង​ទាញ​យក..."},{"$i":"senders-separation-sign","$v":", "},{"$i":"new-messages","$v":{"few":["សារ​ថ្មី ",{"t":"idOrVar","v":"n"}],"many":["សារ​ថ្មី ",{"t":"idOrVar","v":"n"}],"one":"សារ​ថ្មី 1","other":["សារ​ថ្មី ",{"t":"idOrVar","v":"n"}],"two":["សារ​ថ្មី ",{"t":"idOrVar","v":"n"}]},"$x":[{"t":"idOrVar","v":"plural"},"n"]},{"$i":"new-emails-notify-one-account","$v":{"few":["អ៊ីមែល​ថ្មី ",{"t":"idOrVar","v":"n"}],"many":["អ៊ីមែល​ថ្មី ",{"t":"idOrVar","v":"n"}],"one":"អ៊ីមែល​ថ្មី 1","other":["អ៊ីមែល​ថ្មី ",{"t":"idOrVar","v":"n"}],"two":["អ៊ីមែល​ថ្មី ",{"t":"idOrVar","v":"n"}]},"$x":[{"t":"idOrVar","v":"plural"},"n"]},{"$i":"new-emails-notify-multiple-accounts","$v":{"few":["អ៊ីមែល​ថ្មី ",{"t":"idOrVar","v":"n"}," (",{"t":"idOrVar","v":"accountName"},")"],"many":["អ៊ីមែល​ថ្មី ",{"t":"idOrVar","v":"n"}," (",{"t":"idOrVar","v":"accountName"},")"],"one":["អ៊ីមែល​ថ្មី 1 (",{"t":"idOrVar","v":"accountName"},")"],"other":["អ៊ីមែល​ថ្មី ",{"t":"idOrVar","v":"n"}," (",{"t":"idOrVar","v":"accountName"},")"],"two":["អ៊ីមែល​ថ្មី ",{"t":"idOrVar","v":"n"}," (",{"t":"idOrVar","v":"accountName"},")"]},"$x":[{"t":"idOrVar","v":"plural"},"n"]},{"$i":"new-emails-notify-multiple-accounts-body","$v":[{"t":"idOrVar","v":"from"}," “",{"t":"idOrVar","v":"subject"},"”"]},{"$i":"tng-plain-socket-warning-title","$v":"តើ​អ្នក​ប្រាកដ​ទេ?"},{"$i":"tng-plain-socket-warning-message","$v":"អ្នក​ផ្សេង​ប្រហែល​ជា​អាច​មើល​ឃើញ​ពាក្យ​សម្ងាត់ និង​អ៊ីមែល​របស់​អ្នក ឬ​ក៏​គ្រប់គ្រង​គណនី​របស់​អ្នក។"},{"$i":"tng-plain-socket-warning-message-options","$v":"មាន​ក្រុមហ៊ុន​ផ្ដល់​សេវា​អ៊ីមែល​ឥត​គិត​ថ្លៃ​ជាច្រើន ដែល​ផ្ដល់​ការភ្ជាប់​កាន់​តែ​មាន​សុវត្ថិភាព​តាម​ការបំប្លែង​កូដ។"},{"$i":"tng-plain-socket-warning-ok","$v":"ខ្ញុំ​យល់"},{"$i":"message-reader-date-received","ariaLabel":"បានទទួល"},{"$i":"sort-by-title","$v":"តម្រៀប​តាម"},{"$i":"sort-by-date","$v":"កាល​បរិច្ឆេទ"},{"$i":"sort-by-from","$v":"ពី"},{"$i":"sort-by-to","$v":"ទៅ"},{"$i":"sort-by-subject","$v":"ប្រធាន​បទ"},{"$i":"softkey-options","$v":"ជម្រើស"},{"$i":"opt-compose","$v":"សរសេរ"},{"$i":"opt-reply","$v":"ឆ្លើយ​តប"},{"$i":"opt-reply-all","$v":"ឆ្លើយ​ទៅ​ទាំង​អស់​គ្នា"},{"$i":"opt-forward","$v":"បញ្ជូន​បន្ត"},{"$i":"opt-mark-read","$v":"សម្គាល់​ថា​បាន​អាន"},{"$i":"opt-mark-unread","$v":"សម្គាល់​ថា​មិន​ទាន់​អាន"},{"$i":"opt-add-flag","$v":"បន្ថែម​ទង់"},{"$i":"opt-remove-flag","$v":"លុប​ទង់​ចេញ"},{"$i":"opt-move-message","$v":"ផ្លាស់​ទី​ចូល​ថត"},{"$i":"opt-delete-message","$v":"លុប"},{"$i":"opt-multi-select","$v":"ជ្រើស​ច្រើន"},{"$i":"opt-search","$v":"ស្វែង​រក"},{"$i":"opt-folders","$v":"មើល​ថត"},{"$i":"opt-sort","$v":"តម្រៀប"},{"$i":"opt-sync","$v":"ធ្វើ​សមកាលកម្ម"},{"$i":"opt-account","$v":"ប្ដូរ​គណនី"},{"$i":"opt-settings","$v":"ការ​កំណត់"},{"$i":"opt-edit","$v":"កែ​សម្រួល"},{"$i":"opt-cancel","$v":"បោះបង់"},{"$i":"opt-save","$v":"រក្សា​ទុក"},{"$i":"opt-move","$v":"ផ្លាស់​ទី"},{"$i":"opt-view","$v":"មើល"},{"$i":"opt-empty-trash","$v":"សម្អាត​ធុង​សំរាម"},{"$i":"opt-call-number","$v":"ហៅ"},{"$i":"opt-compose-mail","$v":"សរសេរ"},{"$i":"opt-open-url","$v":"បើក"},{"$i":"select-option-on","$v":"បើក"},{"$i":"select-option-off","$v":"បិទ"},{"$i":"select-option-imap-smtp","$v":"IMAP+SMTP"},{"$i":"select-option-pop3-smtp","$v":"POP3+SMTP"},{"$i":"select-option-activesync","$v":"ActiveSync"},{"$i":"toaster-switch-account","$v":"គណនី​អ៊ីមែល​បាន​ប្ដូរ​ទៅ៖"},{"$i":"toaster-sorted-by","$v":"បាន​តម្រៀប​សារ​តាម"},{"$i":"cmp-reply","$v":"ឆ្លើយ​តប"},{"$i":"cmp-reply-all","$v":"ឆ្លើយ​ទៅ​ទាំង​អស់​គ្នា"},{"$i":"cmp-forward","$v":"បញ្ជូន​សារ​បន្ត"},{"$i":"cmp-remove-attach","$v":"បាន​លុប​ឯកសារ​ភ្ជាប់​ចេញ"},{"$i":"select","$v":"ជ្រើស"},{"$i":"deselect","$v":"ដក​ការជ្រើស"},{"$i":"cancel","$v":"បោះបង់"},{"$i":"enter","$v":"បញ្ចូល"},{"$i":"remove-attachment","$v":"លុប​ឯកសារ​ភ្ជាប់​ចេញ"},{"$i":"replace-attachment","$v":"ប្ដូរ​ឯកសារ​ភ្ជាប់"},{"$i":"add-attachment","$v":"បន្ថែម​ឯកសារ​ភ្ជាប់"},{"$i":"add-contact","$v":"បន្ថែម​ទំនាក់ទំនង"},{"$i":"add-cc","$v":"បន្ថែម​អាសយដ្ឋាន​ចម្លង​ជូន"},{"$i":"remove-cc","$v":"លុប​អាសយដ្ឋាន​ចម្លង​ជូន"},{"$i":"add-bcc","$v":"បន្ថែម​អាសយដ្ឋាន​ចម្លង​លាក់"},{"$i":"remove-bcc","$v":"លុប​អាសយដ្ឋាន​ចម្លង​លាក់"},{"$i":"attachment-download","$v":"ទាញ​យក"},{"$i":"attachment-share","$v":"ចែក​រំលែក"},{"$i":"send-new-mail","$v":"ផ្ញើ​អ៊ីមែល​ថ្មី"},{"$i":"view-contact","$v":"មើល​ទំនាក់ទំនង"},{"$i":"save-new-contact","$v":"រក្សា​ទុក​ទំនាក់ទំនង​ថ្មី"},{"$i":"add-to-exsiting-contact","$v":"បន្ថែម​ចូល​ទំនាក់ទំនង​ដែល​មាន​ស្រាប់"},{"$i":"no","$v":"ទេ"},{"$i":"yes","$v":"បាទ/ចាស"},{"$i":"retry","$v":"សាក​ម្ដង​ទៀត"},{"$i":"empty","$v":"ទទេ"},{"$i":"empty-trash-confirm","$v":"តើ​អ្នក​ចង់​សម្អាត​ធុង​សំរាម​មែន​ទេ?"},{"$i":"trash-emptied","$v":"បាន​សម្អាត​ធុង​សំរាម"},{"$i":"next","$v":"បន្ទាប់"},{"$i":"welcome-header","$v":"អ៊ីមែល"},{"$i":"welcome-msg","$v":"ស្វាគមន៍​មក​កាន់​អ៊ីមែល។"},{"$i":"welcome-msg-setup","$v":"ចុច បន្ទាប់ ដើម្បី​បង្កើត​គណនី​អ៊ីមែល​អ្នក។"},{"$i":"discard","$v":"បោះបង់"},{"$i":"leave-this-page-warning-message","$v":"តើ​អ្នក​ចង់​បោះបង់​ព័ត៌មាន​គណនី​អ៊ីមែល​ដែរ​ឬ​ទេ?"},{"$i":"finish","$v":"បញ្ចប់"},{"$i":"setup-done-msg","$v":"អ្នក​បាន​ចូល​ដោយ​ជោគជ័យ។ តើ​អ្នក​ចង់​បន្ថែម​គណនី​មួយ​ទៀត​ឬ?"},{"$i":"save-as-draft","$v":"រក្សា​ទុក​ជា​ពង្រាង"},{"$i":"show-password","$v":"បង្ហាញ​ពាក្យ​សម្ងាត់"},{"$i":"account-label","$v":"ស្លាក​គណនី"},{"$i":"folders","$v":"ថត"},{"$i":"security","$v":"សុវត្ថិភាព"},{"$i":"port-number","$v":"លេខ​ច្រក"},{"$i":"domain-username","$v":"ដែន\\ឈ្មោះ​អ្នក​ប្រើ"},{"$i":"synchronizing","$v":"កំពុង​ធ្វើ​សមកាលកម្ម…"},{"$i":"browse-mail","$v":"រុករក​អ៊ីមែល"},{"$i":"never-sync","$v":"ថត​មូលដ្ឋាន​មិន​អាច​ធ្វើ​សមកាលកម្ម​បាន​ទេ"},{"$i":"emptyDownloadFile","$v":"មិន​អាច​ទាញ​យក​ឯកសារ​នេះ​បាន​ទេ វា​ប្រហែល​ជា​ទទេ"},{"$i":"sync","$v":"សមកាលកម្ម"},{"$i":"outbox-unsent-label","$v":{"few":["សារ​មិន​បាន​ផ្ញើ ",{"t":"idOrVar","v":"n"}," នៅ​ក្នុង​ប្រអប់​ចេញ"],"many":["សារ​មិន​បាន​ផ្ញើ ",{"t":"idOrVar","v":"n"}," នៅ​ក្នុង​ប្រអប់​ចេញ"],"one":"សារ​មិន​បាន​ផ្ញើ 1 នៅ​ក្នុង​ប្រអប់​ចេញ","other":["សារ​មិន​បាន​ផ្ញើ ",{"t":"idOrVar","v":"n"}," នៅ​ក្នុង​ប្រអប់​ចេញ"],"two":"សារ​មិន​បាន​ផ្ញើ 2 នៅ​ក្នុង​ប្រអប់​ចេញ"},"$x":[{"t":"idOrVar","v":"plural"},"n"]},{"$i":"storage-full-title","$v":"ទំហំ​ផ្ទុក​ទំនេរ​អស់"},{"$i":"storage-full-warning","$v":"អ្នក​អាច​លុប​ឯកសារ​មេឌៀ​មួយ​ចំនួន​បាន ឬ​គ្រប់គ្រង​ទិន្នន័យ​កម្មវិធី​ដើម្បី​បង្កើត​ទំហំ​ទំនេរ​ថែម​ទៀត។"},{"$i":"storage-full","$v":"ទូរសព្ទ​អស់​ទំហំ​ផ្ទុក​ទំនេរ។"},{"$i":"storage-sdcard-full","$v":"កាត SD ពេញ។"},{"$i":"view-address","$v":"មើល​អាសយដ្ឋាន"},{"$i":"mail-address-title","$v":"អ៊ីមែល"},{"$i":"mail-address","$v":[{"t":"idOrVar","v":"address"}]},{"$i":"value-name","$v":[{"t":"idOrVar","v":"name"}]},{"$i":"account-deleted","$v":"បានលុបគណនី។"},{"$i":"account-reEnable","$v":"គណនី​នេះ​មាន​រួច​ហើយ។ ធ្វើសមកាលភាពគណនីអ៊ីមែលមែនទេ?"},{"$i":"setup-account-usedInfo","$v":"គណនីនេះនឹងត្រូវបានប្រើប្រាស់ដោយកម្មវិធីខាងក្រោម។ អ្នកអាចផ្លាស់ប្តូរវាក្នុង Settings>Account។"},{"$i":"setup-account-settingsInfo","$v":"កម្មវិធីនីមួយៗមានចន្លោះពេលធ្វើសមកាលកម្មលំនាំដើមខុសៗគ្នា សូមពិនិត្យមើលនៅក្នុងការកំណត់របស់កម្មវិធី។"},{"$i":"app-calendar","$v":"ប្រតិទិន"},{"$i":"app-contacts","$v":"ទំនាក់ទំនង"},{"$i":"app-email","$v":"អ៊ីមែល"},{"$i":"weekday-0-long","$v":"អាទិត្យ"},{"$i":"weekday-1-long","$v":"ចន្ទ"},{"$i":"weekday-2-long","$v":"អង្គារ"},{"$i":"weekday-3-long","$v":"ពុធ"},{"$i":"weekday-4-long","$v":"ព្រហស្បតិ៍"},{"$i":"weekday-5-long","$v":"សុក្រ"},{"$i":"weekday-6-long","$v":"សៅរ៍"},{"$i":"weekday-0-short","$v":"អា"},{"$i":"weekday-1-short","$v":"ច"},{"$i":"weekday-2-short","$v":"អ"},{"$i":"weekday-3-short","$v":"ពុ"},{"$i":"weekday-4-short","$v":"ព្រ"},{"$i":"weekday-5-short","$v":"សុ"},{"$i":"weekday-6-short","$v":"ស"},{"$i":"month-0-long","$v":"មករា"},{"$i":"month-1-long","$v":"កុម្ភៈ"},{"$i":"month-2-long","$v":"មីនា"},{"$i":"month-3-long","$v":"មេសា"},{"$i":"month-4-long","$v":"ឧសភា"},{"$i":"month-5-long","$v":"មិថុនា"},{"$i":"month-6-long","$v":"កក្កដា"},{"$i":"month-7-long","$v":"សីហា"},{"$i":"month-8-long","$v":"កញ្ញា"},{"$i":"month-9-long","$v":"តុលា"},{"$i":"month-10-long","$v":"វិច្ឆិកា"},{"$i":"month-11-long","$v":"ធ្នូ"},{"$i":"month-0-genitive","$v":"មករា"},{"$i":"month-1-genitive","$v":"កុម្ភៈ"},{"$i":"month-2-genitive","$v":"មីនា"},{"$i":"month-3-genitive","$v":"មេសា"},{"$i":"month-4-genitive","$v":"ឧសភា"},{"$i":"month-5-genitive","$v":"មិថុនា"},{"$i":"month-6-genitive","$v":"កក្កដា"},{"$i":"month-7-genitive","$v":"សីហា"},{"$i":"month-8-genitive","$v":"កញ្ញា"},{"$i":"month-9-genitive","$v":"តុលា"},{"$i":"month-10-genitive","$v":"វិច្ឆិកា"},{"$i":"month-11-genitive","$v":"ធ្នូ"},{"$i":"month-0-short","$v":"មករា"},{"$i":"month-1-short","$v":"កុម្ភៈ"},{"$i":"month-2-short","$v":"មីនា"},{"$i":"month-3-short","$v":"មេសា"},{"$i":"month-4-short","$v":"ឧសភា"},{"$i":"month-5-short","$v":"មិថុនា"},{"$i":"month-6-short","$v":"កក្កដា"},{"$i":"month-7-short","$v":"សីហា"},{"$i":"month-8-short","$v":"កញ្ញា"},{"$i":"month-9-short","$v":"តុលា"},{"$i":"month-10-short","$v":"វិច្ឆិកា"},{"$i":"month-11-short","$v":"ធ្នូ"},{"$i":"minutes-ago-long","$v":{"few":[{"t":"idOrVar","v":"value"}," នាទី​មុន"],"many":[{"t":"idOrVar","v":"value"}," នាទី​មុន"],"one":"មួយ​នាទី​មុន","other":[{"t":"idOrVar","v":"value"}," នាទី​មុន"],"two":[{"t":"idOrVar","v":"value"}," នាទី​មុន"],"zero":"អម្បាញ់​មិញ"},"$x":[{"t":"idOrVar","v":"plural"},"value"]},{"$i":"hours-ago-long","$v":{"few":[{"t":"idOrVar","v":"value"}," ម៉ោង​មុន"],"many":[{"t":"idOrVar","v":"value"}," ម៉ោង​មុន"],"one":"មួយ​ម៉ោង​មុន","other":[{"t":"idOrVar","v":"value"}," ម៉ោង​មុន"],"two":[{"t":"idOrVar","v":"value"}," ម៉ោង​មុន"],"zero":"អម្បាញ់​មិញ"},"$x":[{"t":"idOrVar","v":"plural"},"value"]},{"$i":"days-ago-long","$v":{"few":[{"t":"idOrVar","v":"value"}," ថ្ងៃ​មុន"],"many":[{"t":"idOrVar","v":"value"}," ថ្ងៃ​មុន"],"one":"ម្សិល​មិញ","other":[{"t":"idOrVar","v":"value"}," ថ្ងៃ​មុន"],"two":[{"t":"idOrVar","v":"value"}," ថ្ងៃ​មុន"],"zero":"ថ្ងៃ​នេះ"},"$x":[{"t":"idOrVar","v":"plural"},"value"]},{"$i":"weeks-ago-long","$v":{"few":[{"t":"idOrVar","v":"value"}," សប្ដាហ៍​មុន"],"many":[{"t":"idOrVar","v":"value"}," សប្ដាហ៍​មុន"],"one":"សប្ដាហ៍​មុន","other":[{"t":"idOrVar","v":"value"}," សប្ដាហ៍​មុន"],"two":[{"t":"idOrVar","v":"value"}," សប្ដាហ៍​មុន"],"zero":"សប្ដាហ៍​នេះ"},"$x":[{"t":"idOrVar","v":"plural"},"value"]},{"$i":"months-ago-long","$v":{"few":[{"t":"idOrVar","v":"value"}," ខែ​មុន"],"many":[{"t":"idOrVar","v":"value"}," ខែ​មុន"],"one":"ខែ​មុន","other":[{"t":"idOrVar","v":"value"}," ខែ​មុន"],"two":[{"t":"idOrVar","v":"value"}," ខែ​មុន"],"zero":"ខែ​នេះ"},"$x":[{"t":"idOrVar","v":"plural"},"value"]},{"$i":"years-ago-long","$v":{"few":[{"t":"idOrVar","v":"value"}," ឆ្នាំ​មុន"],"many":[{"t":"idOrVar","v":"value"}," ឆ្នាំ​មុន"],"one":"ឆ្នាំ​មុន","other":[{"t":"idOrVar","v":"value"}," ឆ្នាំ​មុន"],"two":[{"t":"idOrVar","v":"value"}," ឆ្នាំ​មុន"],"zero":"ឆ្នាំ​នេះ"},"$x":[{"t":"idOrVar","v":"plural"},"value"]},{"$i":"minutes-until-long","$v":{"few":["ក្នុង​ពេល ",{"t":"idOrVar","v":"value"}," នាទី"],"many":["ក្នុង​ពេល ",{"t":"idOrVar","v":"value"}," នាទី"],"one":"ក្នុង​ពេល​មួយ​នាទី","other":["ក្នុង​ពេល ",{"t":"idOrVar","v":"value"}," នាទី"],"two":["ក្នុង​ពេល ",{"t":"idOrVar","v":"value"}," នាទី"],"zero":"ឥឡូវ"},"$x":[{"t":"idOrVar","v":"plural"},"value"]},{"$i":"hours-until-long","$v":{"few":["ក្នុង​ពេល ",{"t":"idOrVar","v":"value"}," ម៉ោង"],"many":["ក្នុង​ពេល ",{"t":"idOrVar","v":"value"}," ម៉ោង"],"one":"ក្នុង​ពេល​មួយ​ម៉ោង","other":["ក្នុង​ពេល ",{"t":"idOrVar","v":"value"}," ម៉ោង"],"two":["ក្នុង​ពេល ",{"t":"idOrVar","v":"value"}," ម៉ោង"],"zero":"ឥឡូវ"},"$x":[{"t":"idOrVar","v":"plural"},"value"]},{"$i":"days-until-long","$v":{"few":["ក្នុង​ពេល ",{"t":"idOrVar","v":"value"}," ថ្ងៃ"],"many":["ក្នុង​ពេល ",{"t":"idOrVar","v":"value"}," ថ្ងៃ"],"one":"ស្អែក","other":["ក្នុង​ពេល ",{"t":"idOrVar","v":"value"}," ថ្ងៃ"],"two":["ក្នុង​ពេល ",{"t":"idOrVar","v":"value"}," ថ្ងៃ"],"zero":"ថ្ងៃ​នេះ"},"$x":[{"t":"idOrVar","v":"plural"},"value"]},{"$i":"weeks-until-long","$v":{"few":["ក្នុង​ពេល ",{"t":"idOrVar","v":"value"}," សប្ដាហ៍"],"many":["ក្នុង​ពេល ",{"t":"idOrVar","v":"value"}," សប្ដាហ៍"],"one":"សប្ដាហ៍​ក្រោយ","other":["ក្នុង​ពេល ",{"t":"idOrVar","v":"value"}," សប្ដាហ៍"],"two":["ក្នុង​ពេល ",{"t":"idOrVar","v":"value"}," សប្ដាហ៍"],"zero":"សប្ដាហ៍​នេះ"},"$x":[{"t":"idOrVar","v":"plural"},"value"]},{"$i":"months-until-long","$v":{"few":["ក្នុង​ពេល ",{"t":"idOrVar","v":"value"}," ខែ"],"many":["ក្នុង​ពេល ",{"t":"idOrVar","v":"value"}," ខែ"],"one":"ខែ​ក្រោយ","other":["ក្នុង​ពេល ",{"t":"idOrVar","v":"value"}," ខែ"],"two":["ក្នុង​ពេល ",{"t":"idOrVar","v":"value"}," ខែ"],"zero":"ខែ​នេះ"},"$x":[{"t":"idOrVar","v":"plural"},"value"]},{"$i":"years-until-long","$v":{"few":["ក្នុង​ពេល ",{"t":"idOrVar","v":"value"}," ឆ្នាំ"],"many":["ក្នុង​ពេល ",{"t":"idOrVar","v":"value"}," ឆ្នាំ"],"one":"ឆ្នាំ​ក្រោយ","other":["ក្នុង​ពេល ",{"t":"idOrVar","v":"value"}," ឆ្នាំ"],"two":["ក្នុង​ពេល ",{"t":"idOrVar","v":"value"}," ឆ្នាំ"],"zero":"ឆ្នាំ​នេះ"},"$x":[{"t":"idOrVar","v":"plural"},"value"]},{"$i":"minutes-ago-short","$v":{"other":[{"t":"idOrVar","v":"value"}," នា. មុន"],"zero":"អម្បាញ់​មិញ"},"$x":[{"t":"idOrVar","v":"plural"},"value"]},{"$i":"hours-ago-short","$v":{"other":[{"t":"idOrVar","v":"value"}," ម៉. មុន"],"zero":"អម្បាញ់​មិញ"},"$x":[{"t":"idOrVar","v":"plural"},"value"]},{"$i":"days-ago-short","$v":{"other":[{"t":"idOrVar","v":"value"}," ថ្ងៃ​មុន"],"zero":"ថ្ងៃ​នេះ"},"$x":[{"t":"idOrVar","v":"plural"},"value"]},{"$i":"minutes-until-short","$v":{"other":["ក្នុង​ពេល ",{"t":"idOrVar","v":"value"}," នា"],"zero":"ឥឡូវ"},"$x":[{"t":"idOrVar","v":"plural"},"value"]},{"$i":"hours-until-short","$v":{"other":["ក្នុងពេល  ",{"t":"idOrVar","v":"value"}," ម៉"],"zero":"ឥឡូវ"},"$x":[{"t":"idOrVar","v":"plural"},"value"]},{"$i":"days-until-short","$v":{"other":["ក្នុង​ពេល ",{"t":"idOrVar","v":"value"}," ថ្ងៃ"],"zero":"ថ្ងៃ​នេះ"},"$x":[{"t":"idOrVar","v":"plural"},"value"]},{"$i":"incorrectDate","$v":"(កាល​បរិច្ឆេទ​ខុស)"},{"$i":"dateTimeFormat_%c","$v":"%a %b %e %Y %I:%M:%S %p"},{"$i":"dateTimeFormat_%x","$v":"%d/%m/%Y"},{"$i":"dateTimeFormat_%X","$v":"%I:%M:%S %p"},{"$i":"shortTimeFormat","$v":"%I:%M %p"},{"$i":"shortTimeFormat12","$v":"%I:%M %p"},{"$i":"shortTimeFormat24","$v":"%H:%M"},{"$i":"shortDateTimeFormat","$v":"%x %I:%M %p"},{"$i":"weekStartsOnMonday","$v":"0.0"},{"$i":"firstDayOfTheWeek","$v":"0.0"},{"$i":"time_am","$v":"ព្រឹក"},{"$i":"time_pm","$v":"រសៀល"}]