[{"$i":"setup-app-name-header","$v":"ອີເມວ"},{"$i":"setup-empty-account-message","$v":"ທ່ານບໍ່ໄດ້ຕັ້ງເພື່ອສົ່ງ ຫຼື ຮັບອີເມວ. ຕັ້ງບັນຊີເພື່ອໃຫ້ສຳເລັດ."},{"$i":"setup-pick-service","$v":"ຈະສົ່ງ ແລະ ຮັບອີເມວ, ທ່ານຕ້ອງຕັ້ງບັນຊີ."},{"$i":"setup-account-header3","$v":"Account Login"},{"$i":"setup-account-password","$v":"ລະຫັດຜ່ານ"},{"$i":"setup-info-next","$v":"ຖັດໄປ"},{"$i":"setup-progress-wait-msg","$v":"ການຕັ້ງບັນຊີ"},{"$i":"setup-sync-progress-wait-msg","$v":"Syncing account"},{"$i":"setup-completed-header","$v":"ຂໍສະແດງຄວາມຍີນດີ!"},{"$i":"setup-completed-label","$v":"ທຸກຂັ້ນຕອນສຳເລັດ!"},{"$i":"setup-add-another-account","$v":"ເພີ່ມບັນຊີອື່ນ"},{"$i":"setup-show-mail","$v":"ສືບຕໍ່ເຖິງອີເມວ"},{"$i":"setup-done-add","$v":"ເພີ່ມບັນຊີ"},{"$i":"setup-error-offline","$v":"ປະຈຸບັນອຸປະກອນນີ້ອອຟໄລນ໌. ເຊື່ອມຕໍ່ເຄືອຂ່າຍ ແລະ ລອງໃໝ່ອີກຄັ້ງ."},{"$i":"setup-error-bad-user-or-pass2","$v":"ຊື່ຜູ້ໃຊ້ ຫຼື ລະຫັດຜ່ານບໍ່ຖືກຕ້ອງ. ກວດເບິ່ງພິມຜິດ."},{"$i":"setup-error-bad-address","$v":"ທີ່ຢູ່ອີເມວບໍ່ຖືກຕ້ອງ. ກວດເບິ່ງພິມຜິດ."},{"$i":"setup-error-not-authorized","$v":"ອີງຕາມເຊີບເວີຣ໌, ທ່ານຈະບໍ່ໄດ້ອະນຸຍາດໃຫ້ສ້າງບັນຊີ"},{"$i":"setup-error-pop-server-not-great","$v":"ເຊີບເວີຣ໌ບໍ່ສະໜັບສະໜູນ. ເຊີບເວີຣ໌ POP3 ບໍ່ໄດ້ປະຕິບັດຕາມຄຸນລັກສະນະທີ່ຕ້ອງການ."},{"$i":"setup-error-unknown2","$v":"ເກີດຂໍ້ຜິດພາດແບບບໍ່ຮູ້ສາເຫດ. ກວດເບິ່ງການເຊື່ອມຕໍ່ເຄືອຂ່າຍ ຫຼື ທົດລອງຕົວເລືອກການກຳນົດຄ່າດ້ວຍຕົນເອງ."},{"$i":"setup-error-needs-app-pass","$v":"ທ່ານຕ້ອງໃຊ້ລະຫັດຜ່ານຂອງແອັບສະເພາະສຳລັບບັນຊີ Gmail ສອງຂັ້ນຕອນ"},{"$i":"setup-error-imap-disabled","$v":"ທ່ານຕ້ອງເປີດໃຊ້ງານ IMAP ເພື່ອເປີດບັນຊີ Gmail"},{"$i":"setup-error-pop3-disabled","$v":"ທ່ານຕ້ອງເປີດໃຊ້ POP3 ສຳລັບບັນຊີ Gmail ຂອງທ່ານ"},{"$i":"setup-error-bad-security","$v":["ບໍ່ສາມາດສ້າງການເຊື່ອມຕໍ່ທີ່ປອດໄຟກັບ \"",{"t":"idOrVar","v":"server"},"\". ອາດຈະມີບັນຫາກັບເຄືອຂ່າຍ ຫຼື ເຊີບເວີຣ໌."]},{"$i":"setup-error-unresponsive-server","$v":["ບໍ່ສາມາດສ້າງການເຊື່ອມຕໍ່ທີ່ປອດໄຟກັບ \"",{"t":"idOrVar","v":"server"},"\". ອາດຈະມີບັນຫາກັບເຄືອຂ່າຍ ຫຼື ເຊີບເວີຣ໌."]},{"$i":"setup-error-server-problem","$v":["ມີບັນຫາກັບເຊີບເວີຣ໌ \"",{"t":"idOrVar","v":"server"},"\". ທົດລອງອີກຄັ້ງ."]},{"$i":"setup-error-no-config-info","$v":"ບໍ່ສາມາດຕັ້ງຄ່າບັນຊີຂອງທ່ານໄດ້ເອງ. ເຮັດອີເມວຂອງທ່ານໃຫ້ຖືກຕ້ອງ ຫຼື ທົດລອງຕົວເລືອກການກຳນົດຄ່າດ້ວຍຕົນເອງ."},{"$i":"setup-error-server-maintenance","$v":["ເຊີບເວີຣ໌ \"",{"t":"idOrVar","v":"server"},"\" ປິດເພື່ອປັບປຸງ. ທົດລອງອີກຄັ້ງ."]},{"$i":"setup-error-account-already-exists","$v":"ບັນຊີນີ້ໄດ້ກຳນົດຄ່າແລ້ວ."},{"$i":"setup-manual-config2","$v":"ຂັ້ນສູງ"},{"$i":"setup-manual-config-header","$v":"Account Login"},{"$i":"setup-manual-account-type-header","$v":"ຊະນິດບັນຊີ"},{"$i":"setup-manual-account-type","$v":"ຊະນິດບັນຊີ"},{"$i":"setup-manual-account-type-select","ariaLabel":"ຊະນິດບັນຊີ"},{"$i":"setup-manual-imap-header","$v":"ຕັ້ງຄ່າ IMAP"},{"$i":"setup-manual-pop3-header","$v":"ຕັ້ງຄ່າ POP3"},{"$i":"setup-manual-smtp-header","$v":"ຕັ້ງຄ່າ SMTP"},{"$i":"setup-manual-activesync-header","$v":"ຕັ້ງຄ່າເປີດຊິງ"},{"$i":"setup-manual-next","$v":"ຖັດໄປ"},{"$i":"setup-manual-socket","$v":"ປະເພດ Socket"},{"$i":"setup-manual-socket-ssl","$v":"SSL"},{"$i":"setup-manual-socket-starttls","$v":"STARTTLS"},{"$i":"setup-manual-socket-select","ariaLabel":"ຄວາມປອດໄພການເຊື່ອມຕໍ່"},{"$i":"setup-manual-socket-plain","$v":"ບໍ່ໄດ້ເຂົ້າລະຫັດ"},{"$i":"setup-bad-password-header","$v":"ລະຫັດຜ່ານບໍ່ຖືກຕ້ອງ!"},{"$i":"setup-bad-password","$v":"ບໍ່ສາມາດເຂົ້າເຊີບເວີຣ໌ໄດ້. ກະລຸນາໃສ່ລະຫັດຜ່ານອີກຄັ້ງ"},{"$i":"setup-new-password","placeholder":"ລະຫັດຜ່ານໃໝ່"},{"$i":"setup-fix-password","$v":"ທົດລອງໃຊ້ລະຫັດຜ່ານໃໝ່"},{"$i":"setup-gmail-twofactor-header","$v":"ເປີດໃຊ້ງານສອງຂັ້ນຕອນ"},{"$i":"setup-gmail-twofactor-message","$v":"ທ່ານຕ້ອງຕື່ມລະຫັດຜ່ານແອັບສະເພາະລຸ່ມນີ້:"},{"$i":"setup-gmail-imap-header","$v":"IMAP ປິດ"},{"$i":"setup-gmail-imap-message","$v":"ທ່ານຕ້ອງເປີດ IMAP ໃນບັນຊີ Gmail ຂອງທ່ານ"},{"$i":"setup-gmail-retry","$v":"ລອງອີກຄັ້ງ"},{"$i":"setup-gmail-pop3-header","$v":"POP3 ປິດ"},{"$i":"setup-gmail-pop3-message","$v":"ທ່ານຕ້ອງເປີດ POP3 ໃນບັນຊີ Gmail ຂອງທ່ານ"},{"$i":"setup-fix-oauth2-header","$v":"ອະນຸຍາດອີເມວອີກຄັ້ງ:"},{"$i":"setup-fix-oauth2-description","$v":"ອີເມວຈຳເປັນຕ້ອງໄດ້ອະນຸຍາດອີກຄັ້ງເພື່ອເຂົ້າຫາບັນຊີຕໍ່ໄປນີ້:"},{"$i":"setup-fix-oauth2-reauthorize","$v":"ອະນຸຍາດອີກຄັ້ງ"},{"$i":"settings-main-header","$v":"ຕັ້ງຄ່າອີເມວ"},{"$i":"settings-sub-header-account","$v":"ບັນຊີ"},{"$i":"settings-account-group","ariaLabel":"ບັນຊີ"},{"$i":"settings-account-name","$v":"ຊື່ຂອງທ່ານ"},{"$i":"settings-account-label","$v":"ສັນຍາລັກບັນຊີ"},{"$i":"settings-account-display-notifications","$v":"ສະແດງການແຈ້ງເຕືອນອີເມວໃໝ່"},{"$i":"settings-account-play-sound-onsend","$v":"ມີສຽງຫຼັງຈາກຂໍ້ຄວາມໄດ້ສົ່ງ"},{"$i":"settings-account-signature-label","$v":"ລາຍເຊັນ"},{"$i":"settings-sub-header-data","$v":"ຂໍ້ມູນ"},{"$i":"settings-data-group","ariaLabel":"ຂໍ້ມູນ"},{"$i":"settings-account-check-mail","$v":"ກວດເບິ່ງຂໍ້ຄວາມໃໝ່"},{"$i":"settings-account-check-mail-select","ariaLabel":"ກວດເບິ່ງຂໍ້ຄວາມໃໝ່"},{"$i":"settings-sub-header-server","$v":"ຕັ້ງຄ່າເຊີບເວີຣ໌"},{"$i":"settings-server-group","ariaLabel":"ຕັ້ງຄ່າເຊີບເວີຣ໌"},{"$i":"settings-account-userpass","$v":"ຊື່ຜູ້ໃຊ້ ແລະ ລະຫັດຜ່ານ"},{"$i":"settings-account-useroauth2","$v":"ຊື່ຜູ່ໃຊ້"},{"$i":"settings-default-signature-2","$v":"ສົ່ງຈາກໂທລະສັບຂອງຂ້ອຍ"},{"$i":"settings-done","$v":"ຮຽບຮ້ອຍ"},{"$i":"settings-account-section","$v":"ບັນຊີ"},{"$i":"settings-account-listbox","ariaLabel":"ບັນຊີ"},{"$i":"settings-account-add","$v":"ເພີ່ມ"},{"$i":"settings-account-delete","$v":"ລົບບັນຊີ"},{"$i":"settings-account-delete-prompt","$v":["ທ່ານແນ່ໃຈບໍວ່າຈະລົບ ",{"t":"idOrVar","v":"account"}," ທີ່ຢູ່ອີເມວຂອງທ່ານ?"]},{"$i":"settings-account-delete-desc","$v":"ທ່າຈະຕ້ອງດາວໂຫຼດອີເມວຂອງທ່ານອີກຄັ້ງຖ້າທ່ານສ້າງບັນຊີຊໍ້າ."},{"$i":"settings-account-delete-cancel","$v":"ຍົກເລີກ"},{"$i":"settings-account-delete-confirm","$v":"ລົບອອກ"},{"$i":"settings-account-clarify","$v":[{"t":"idOrVar","v":"account-name"}]},{"$i":"settings-account-clarify-imap","$v":[{"t":"idOrVar","v":"account-name"}," (IMAP)"]},{"$i":"settings-account-clarify-pop3","$v":[{"t":"idOrVar","v":"account-name"}," (POP3)"]},{"$i":"settings-account-clarify-smtp","$v":[{"t":"idOrVar","v":"account-name"}," (SMTP)"]},{"$i":"settings-general-section","$v":"ຕັ້ງຄ່າທົ່ວໄປ"},{"$i":"settings-show-images","$v":"ສະແດງພາບເລື້ອຍໆ"},{"$i":"settings-download-attachments","$v":"ດາວໂຫຼດໄຟລ໌ແນບ"},{"$i":"settings-check-every-5min","$v":"ທຸກໆ 5 ນາທີ"},{"$i":"settings-check-every-10min","$v":"ທຸກໆ 10 ນາທີ"},{"$i":"settings-check-every-15min","$v":"ທຸກໆ 15 ນາທີ"},{"$i":"settings-check-every-30min","$v":"ທຸກໆ 30 ນາທີ"},{"$i":"settings-check-every-60min","$v":"ທຸກໆຊົ່ວໂມງ"},{"$i":"settings-check-every-manual","$v":"ດ້ວຍມື"},{"$i":"settings-check-dynamic","$v":{"zero":"disabled","one":[{"t":"idOrVar","v":"n"}," second"],"two":[{"t":"idOrVar","v":"n"}," seconds"],"few":[{"t":"idOrVar","v":"n"}," seconds"],"many":[{"t":"idOrVar","v":"n"}," seconds"],"other":[{"t":"idOrVar","v":"n"}," seconds"]},"$x":[{"t":"idOrVar","v":"plural"},"n"]},{"$i":"settings-default-account","$v":"ຕັ້ງຄ່າອີເມວມາດຕະຖານ"},{"$i":"settings-account-type","$v":"ຊະນິດບັນຊີ"},{"$i":"settings-account-credentials","$v":"ໜັງສືຮັບຮອງ"},{"$i":"settings-activesync-label","$v":"ຕັ້ງຄ່າເປີດຊິງ"},{"$i":"settings-imap-label","$v":"ຕັ້ງຄ່າ IMAP"},{"$i":"settings-pop3-label","$v":"ຕັ້ງຄ່າ POP3"},{"$i":"settings-smtp-label","$v":"ຕັ້ງຄ່າ SMTP"},{"$i":"settings-hostname","$v":"ຊື່ໂຮສຕ໌"},{"$i":"settings-port","$v":"Port"},{"$i":"settings-username","$v":"ຊື່ຜູ່ໃຊ້"},{"$i":"settings-password","$v":"ລະຫັດຜ່ານ"},{"$i":"settings-save","$v":"ບັນທຶກ"},{"$i":"password-saved","$v":"Password saved"},{"$i":"settings-reauth","$v":"ອະນຸຍາດອີກຄັ້ງ"},{"$i":"settings-account-synchronize-window","$v":"ມື້ທີ່ຈະຊິງ"},{"$i":"settings-account-synchronize-window-select","ariaLabel":"ມື້ທີ່ຈະຊິງ"},{"$i":"settings-synchronize-auto","$v":"ອັດ​ຕະ​ໂນ​ມັດ"},{"$i":"settings-synchronize-one-day","$v":"1 ມື້"},{"$i":"settings-synchronize-three-days","$v":"3 ມື້"},{"$i":"settings-synchronize-one-week","$v":"1 ທິດ"},{"$i":"settings-synchronize-two-weeks","$v":"2 ທິດ"},{"$i":"settings-synchronize-one-month","$v":"1 ເດືອນ"},{"$i":"settings-synchronize-all","$v":"ຂໍ້ຄວາມທັງໝົດ"},{"$i":"envelope-from","$v":"ຈາກ"},{"$i":"envelope-to","$v":"ເຖິງ"},{"$i":"envelope-cc","$v":"Cc"},{"$i":"envelope-bcc","$v":"Bcc"},{"$i":"message-header-state-sending","ariaLabel":"ກຳລັງສົ່ງ"},{"$i":"message-header-state-error","ariaLabel":"ສົ່ງບໍ່ສຳເລັດ"},{"$i":"message-header-unread","ariaLabel":"ບໍ່ໄດ້ອ່ານ"},{"$i":"message-header-reply","ariaLabel":"ຕອບກັບ"},{"$i":"message-header-forward","ariaLabel":"ສົ່ງຕໍ່"},{"$i":"message-header-starred","ariaLabel":"ມີດາວ"},{"$i":"message-header-attachments","ariaLabel":"ມີໄຟລ໌ແນບ"},{"$i":"message-body-container","ariaLabel":"ເນື້ອໃນຂໍ້ຄວາມ"},{"$i":"message-body-container-progress","ariaValueText":"ກຳລັງໂຫຼດ"},{"$i":"subject","ariaLabel":"ຫົວຂໍ້"},{"$i":"attachments-container","ariaLabel":"ແນບໄຟລ໌"},{"$i":"from-group","ariaLabel":"ຈາກ"},{"$i":"to-group","ariaLabel":"ເຖິງ"},{"$i":"cc-group","ariaLabel":"CC"},{"$i":"bcc-group","ariaLabel":"BCC"},{"$i":"compose-header","$v":"ແຕ່ງຂໍ້ຄວາມ"},{"$i":"compose-header-short","$v":"ແຕ່ງ"},{"$i":"compose-send","$v":"ສົ່ງ"},{"$i":"compose-send-button","ariaLabel":"ສົ່ງ"},{"$i":"compose-to","$v":"ເຖິງ"},{"$i":"compose-cc","$v":"Cc"},{"$i":"compose-bcc","$v":"Bcc"},{"$i":"compose-cc-remove","$v":"ລຶບລາຍຊື່ cc ອອກແລ້ວ."},{"$i":"compose-bcc-remove","$v":"ລຶບລາຍຊື່ bcc ອອກແລ້ວ."},{"$i":"compose-contact-add","ariaLabel":"ເພີ່ມລາຍຊື່ຕິດຕໍ່"},{"$i":"compose-attachments","$v":{"zero":"Attachment","one":["Attachment (",{"t":"idOrVar","v":"n"},")"],"two":["Attachments (",{"t":"idOrVar","v":"n"},")"],"few":["Attachments (",{"t":"idOrVar","v":"n"},")"],"many":["Attachments (",{"t":"idOrVar","v":"n"},")"],"other":["Attachments (",{"t":"idOrVar","v":"n"},")"]},"$x":[{"t":"idOrVar","v":"plural"},"n"]},{"$i":"compose-text","ariaLabel":"ແກ້ໄຂ"},{"$i":"compose-attachment-still-working","$v":"ລໍຖ້າ, ກຳລັງແນບໄຟລ໌ທີ່ແລ້ວນີ້ຢູ່..."},{"$i":"compose-attachment-loading","$v":"Loading attachment ..."},{"$i":"compose-attachments-loading","$v":"Loading attachments ..."},{"$i":"compose-forward-attachment-error-title","$v":"ດາວໂຫຼດ ລົ້ມເຫຼວ."},{"$i":"compose-forward-attachment-error-title2","$v":"ຂໍ້ຜິດພາດ"},{"$i":"compose-forward-attachment-unable-load","$v":"ບໍ່ສາມາດໂຫລດໄຟລ໌ແນບໄດ້."},{"$i":"compose-forward-attachments-unable-load","$v":"ບໍ່ສາມາດໂຫລດໄຟລ໌ແນບໄດ້."},{"$i":"compose-forward-attachment-load-error","$v":"ບໍ່ສາມາດໂຫລດໄຟລ໌ແນບບາງສ່ວນໄດ້."},{"$i":"confirmation-title","$v":"ຢືນຢັນ"},{"$i":"compose-subject","$v":"ຫົວຂໍ້"},{"$i":"compose-draft-save","$v":"ບັນທຶກຮ່າງໃນເຄື່ອງ?"},{"$i":"compose-discard-confirm","$v":"ປະຖິ້ມ"},{"$i":"compose-draft-dialog-cancel","$v":"ຍົກເລີກ"},{"$i":"compose-draft-dialog-save","$v":"ບັນທຶກ"},{"$i":"composer-draft-saved","$v":"ຂໍ້ຄວາມບັນທຶກໃນຮ່າງ?"},{"$i":"attention","$v":"ເອົາໃຈໃສາ"},{"$i":"compose-send-message-failed","$v":"ການສົ່ງອີເມວບໍ່ສຳເລັດ"},{"$i":"compose-attchment-size-exceeded","$v":"ໄຟລ໌ແນບທີ່ເລືອກມີຂະໜາດໃຫ່ຍເກີນທີ່ຈະສົ່ງກັບຂໍ້ຄວາມນີ້"},{"$i":"compose-attchments-size-exceeded","$v":"ໄຟລ໌ແນບທີ່ເລືອກມີຂະໜາດໃຫ່ຍເກີນທີ່ຈະສົ່ງກັບຂໍ້ຄວາມນີ້. ລອງເລືອກໄຟລ໌ໃຫ້ໜ້ອຍລົງ."},{"$i":"composer-attachment-large-title","$v":"ຂະຫນາດໄຟລ໌ໃຫຍ່ເກີນໄປ"},{"$i":"default-attachment-filename","$v":["ການແນບໄຟລ໌",{"t":"idOrVar","v":"n"}]},{"$i":"attachment-size-meb","$v":[{"t":"idOrVar","v":"megabytes"}," MB"]},{"$i":"attachment-size-kib","$v":[{"t":"idOrVar","v":"kilobytes"}," KB"]},{"$i":"attachment-size-byte","$v":[{"t":"idOrVar","v":"bytes"}," B"]},{"$i":"message-attachment-view","$v":"ເບິ່ງ"},{"$i":"message-attachment-did-not-open-label","$v":"ບໍ່ສາມາດເປີດໄດ້"},{"$i":"message-attachment-did-not-open-body","$v":"ອຸປະກອນບໍ່ມີແອັບທີ່ສາມາດເປີດໄຟລ໌ແນບໄດ້."},{"$i":"message-attachment-too-large","$v":"ໄຟລ໌ນີ້ໃຫ່ຍເກີນທີ່ຈະດາວໂຫຼດ"},{"$i":"message-attachment-not-found","$v":"ບໍ່ສາມາດຊອກເຫັນໄຟລ໌ແນບ, ອາດຈະຖືກລຶບແລ້ວ."},{"$i":"message-attachment-download-fail","$v":[{"t":"idOrVar","v":"fileName"}," -ດາວໂຫຼດ ລົ້ມເຫຼວ"]},{"$i":"message-no-subject","$v":"(ບໍ່ມີຫົວຂໍ້)"},{"$i":"message-edit-menu-edit","$v":"ແກ້ໄຂ"},{"$i":"message-edit-menu-delete","$v":"ລົບອອກ"},{"$i":"message-edit-delete-confirm","$v":"ລົບຂໍ້ຄວາມອີເມວອອກ?"},{"$i":"message-forward-attachment-title","$v":"ການແນບໄຟລ໌"},{"$i":"message-forward-attachment","$v":"ສົ່ງຕໍ່ໄຟລ໌ແນບນຳບໍ່?"},{"$i":"message-forward-attachments","$v":"ສົ່ງຕໍ່ໄຟລ໌ແນບນຳບໍ?"},{"$i":"message-multiedit-header","$v":{"zero":[{"t":"idOrVar","v":"n"}," selected"],"one":[{"t":"idOrVar","v":"n"}," selected"],"two":[{"t":"idOrVar","v":"n"}," selected"],"few":[{"t":"idOrVar","v":"n"}," selected"],"many":[{"t":"idOrVar","v":"n"}," selected"],"other":[{"t":"idOrVar","v":"n"}," selected"]},"$x":[{"t":"idOrVar","v":"plural"},"n"]},{"$i":"message-multiedit-search-header","$v":{"zero":"0 selected","one":[{"t":"idOrVar","v":"n"}," selected"],"two":[{"t":"idOrVar","v":"n"}," selected"],"few":[{"t":"idOrVar","v":"n"}," selected"],"many":[{"t":"idOrVar","v":"n"}," selected"],"other":[{"t":"idOrVar","v":"n"}," selected"]},"$x":[{"t":"idOrVar","v":"plural"},"n"]},{"$i":"browse-to-url-prompt","$v":["ເປີດຜ່ານ URL?: ",{"t":"idOrVar","v":"url"}]},{"$i":"message-download-images-tap","$v":{"one":"This email contains one image. Tap to download.","two":["This email contains ",{"t":"idOrVar","v":"n"}," images. Tap to download."],"few":["This email contains ",{"t":"idOrVar","v":"n"}," images. Tap to download."],"many":["This email contains ",{"t":"idOrVar","v":"n"}," images. Tap to download."],"other":["This email contains ",{"t":"idOrVar","v":"n"}," images. Tap to download."]},"$x":[{"t":"idOrVar","v":"plural"},"n"]},{"$i":"message-show-external-images","$v":"ສະແດງພາບພາຍນອກ"},{"$i":"message-delete-cancel","$v":"ຍົກເລີກ"},{"$i":"message-multiedit-delete-confirm","$v":{"one":"Delete selected message?","two":["Delete ",{"t":"idOrVar","v":"n"}," messages?"],"few":["Delete ",{"t":"idOrVar","v":"n"}," messages?"],"many":["Delete ",{"t":"idOrVar","v":"n"}," messages?"],"other":["Delete ",{"t":"idOrVar","v":"n"}," messages?"]},"$x":[{"t":"idOrVar","v":"plural"},"n"]},{"$i":"message-large-message-cancel","$v":"ຍົກເລີກ"},{"$i":"message-large-message-ok","$v":"ສືບຕໍ່"},{"$i":"message-large-message-confirm","$v":"ຂໍ້ຄວາມນີ້ໃຫ່ຍ ແລະ ອາດໃຊ້ເວລາໃນການດາວໂຫຼດ."},{"$i":"message-large-message-warning","$v":"ຂໍ້ຄວາມມີຂະໜາດໃຫຍ່ເກີນໄປທີ່ຈະໂຫຼດ."},{"$i":"message-search-header","$v":"ຄົ້ນຫາ"},{"$i":"search-result","$v":[{"t":"idOrVar","v":"num"}," ຄູ່ທີ່ພົບ"]},{"$i":"message-search-from","$v":"ຈາກ"},{"$i":"message-search-to","$v":"ເຖິງ"},{"$i":"message-search-subject","$v":"ຫົວຂໍ້"},{"$i":"message-search-body","$v":"ເນື້ອໃນ"},{"$i":"message-search-all","$v":"ທັງ​ໝົດ"},{"$i":"message-search-input","placeholder":"ຄົ້ນຫາອີເມວ"},{"$i":"message-search-cancel","$v":"ຍົກເລີກ"},{"$i":"messages-syncing","$v":"ກຳລັງໂຫຼດຂໍ້ຄວາມ"},{"$i":"messages-syncing-progressbar","ariaValueText":"ກຳລັງໂຫຼດຂໍ້ຄວາມ"},{"$i":"messages-load-more","$v":"ໂຫຼດຂໍ້ຄວາມຕື່ມ"},{"$i":"messages-folder-empty","$v":"ໂຟລ໌ເດີ່ນີ້ບໍ່ມີອີເມວ"},{"$i":"messages-search-empty","$v":"ບໍ່ກົງກັນໃນຂໍ້ຄວາມທີ່ແຄຊໃນເຄື່ອງ"},{"$i":"messages-folder-select","$v":"ຍ້າຍໄປໂຟລ໌ເດີ່"},{"$i":"messages-folder-unread-max","$v":"999+"},{"$i":"message-contact-menu-create","$v":"ບັນທຶກລາຍຊື່ຕິດຕໍ່ໃໝ່"},{"$i":"message-contact-menu-add-existing","$v":"ເພີ່ມເຂົ້າລາຍຊື່ຕິດຕໍ່ທີ່ມີຢູ່ແລ້ວ"},{"$i":"message-contact-menu-view","$v":"ເບິ່ງລາຍຊື່ຕິດຕໍ່"},{"$i":"message-contact-menu-reply","$v":"ຕອບກັບ"},{"$i":"message-contact-menu-new","$v":"ສົ່ງອີເມວໃໝ່"},{"$i":"message-reply-menu-reply","$v":"ຕອບກັບ"},{"$i":"message-reply-menu-reply-all","$v":"ຕອບກັບທັງໝົດ"},{"$i":"message-reply-menu-forward","$v":"ສົ່ງຕໍ່"},{"$i":"message-reply-menu-cancel","$v":"ຍົກເລີກ"},{"$i":"reply-quoting-wrote","$v":"{name} ໄດ້ຂຽນ"},{"$i":"forward-original-message","$v":"ຂໍ້ຄວາມສະບັບຕົ້ນ"},{"$i":"forward-header-subject","$v":"ຫົວຂໍ້"},{"$i":"forward-header-date","$v":"ວັນທີ"},{"$i":"forward-header-from","$v":"ຈາກ"},{"$i":"forward-header-reply-to","$v":"ຕອບກັບ-ຫາ"},{"$i":"forward-header-to","$v":"ເຖິງ"},{"$i":"forward-header-cc","$v":"Cc"},{"$i":"folder-inbox","$v":"ກ່ອງຂໍ້ຄວາມ"},{"$i":"folder-sent","$v":"ສົ່ງແລ້ວ"},{"$i":"folder-drafts","$v":"ສະບັບຮ່າງ"},{"$i":"folder-trash","$v":"ຂີ້ເຫຍື້ອ"},{"$i":"folder-queue","$v":"ບໍ່ໄດ້ສົ່ງ"},{"$i":"folder-junk","$v":"ອີເມວຂີ້ເຫຍື້ອ"},{"$i":"folder-archives","$v":"ໄຟລ໌ເກັບຖາວອນ"},{"$i":"folder-localdrafts","$v":"ຮ່າງໃນເຄື່ອງ"},{"$i":"folder-outbox","$v":"ກ່ອງຂາອອກ"},{"$i":"drawer-back","$v":"ກັບຄືນ"},{"$i":"drawer-accounts-header","$v":"ບັນຊີ"},{"$i":"drawer-settings-link","$v":"ການຕັ້ງຄ່າ"},{"$i":"folder-last-synced-label","$v":"ຊິງລ້າສຸດ:"},{"$i":"messages-refresh-progress","ariaValueText":"ກຳລັງປັບສະພາບ"},{"$i":"no-internet-connection","$v":"ບໍ່ມີການເຊື່ອມຕໍ່ອິນເຕີເນັດ."},{"$i":"toaster-undo","$v":"ແກ້ໄຂຄືນໃໝ່"},{"$i":"toaster-message-star","$v":{"one":"Message flagged.","two":[{"t":"idOrVar","v":"n"}," messages flagged."],"few":[{"t":"idOrVar","v":"n"}," messages flagged."],"many":[{"t":"idOrVar","v":"n"}," messages flagged."],"other":[{"t":"idOrVar","v":"n"}," messages flagged."]},"$x":[{"t":"idOrVar","v":"plural"},"n"]},{"$i":"toaster-message-unstar","$v":{"one":"Message flag removed.","two":[{"t":"idOrVar","v":"n"}," message flags removed."],"few":[{"t":"idOrVar","v":"n"}," message flags removed."],"many":[{"t":"idOrVar","v":"n"}," message flags removed."],"other":[{"t":"idOrVar","v":"n"}," message flags removed."]},"$x":[{"t":"idOrVar","v":"plural"},"n"]},{"$i":"toaster-message-read","$v":{"one":"Marked as read.","two":[{"t":"idOrVar","v":"n"}," messages marked as read."],"few":[{"t":"idOrVar","v":"n"}," messages marked as read."],"many":[{"t":"idOrVar","v":"n"}," messages marked as read."],"other":[{"t":"idOrVar","v":"n"}," messages marked as read."]},"$x":[{"t":"idOrVar","v":"plural"},"n"]},{"$i":"toaster-message-unread","$v":{"one":"Marked as unread.","two":[{"t":"idOrVar","v":"n"}," messages marked as unread."],"few":[{"t":"idOrVar","v":"n"}," messages marked as unread."],"many":[{"t":"idOrVar","v":"n"}," messages marked as unread."],"other":[{"t":"idOrVar","v":"n"}," messages marked as unread."]},"$x":[{"t":"idOrVar","v":"plural"},"n"]},{"$i":"toaster-message-move","$v":{"one":"Message moved to folder: ","two":[{"t":"idOrVar","v":"n"}," messages moved to folder: "],"few":[{"t":"idOrVar","v":"n"}," messages moved to folder: "],"many":[{"t":"idOrVar","v":"n"}," messages moved to folder: "],"other":[{"t":"idOrVar","v":"n"}," messages moved to folder: "]},"$x":[{"t":"idOrVar","v":"plural"},"n"]},{"$i":"toaster-message-delete","$v":{"one":"1 mail deleted.","two":[{"t":"idOrVar","v":"n"}," mails deleted."],"few":[{"t":"idOrVar","v":"n"}," mails deleted."],"many":[{"t":"idOrVar","v":"n"}," mails deleted."],"other":[{"t":"idOrVar","v":"n"}," mails deleted."]},"$x":[{"t":"idOrVar","v":"plural"},"n"]},{"$i":"toaster-sync-failed","$v":"ບໍ່ສາມາດເຊື່ອມຕໍ່ກັບເຊີບເວີໄດ້."},{"$i":"compose-invalid-addresses-title","$v":"ທີ່ຢູ່ບໍ່ຖືກຕ້ອງ"},{"$i":"compose-invalid-addresses-description","$v":"ຂໍ້ຄວາມຂອງທ່ານມີທີ່ຢູ່ອີເມວບໍ່ຖືກຕ້ອງໜຶ່ງຫຼືຫຼາຍກວ່າ. ກະລຸນາເຮັດໃຫ້ຖືກຕ້ອງກ່ອນສົ່ງ."},{"$i":"background-send-pending","$v":"ບໍ່ມີເຄືອຂ່າຍ. ອີເມວບັນທຶກໃນກ່ອງຂາອອກ"},{"$i":"background-send-sending","$v":"ກຳລັງສົ່ງອີເມວ…"},{"$i":"background-send-success","$v":"ອີເມວສົ່ງແລ້ວ."},{"$i":"background-send-error","$v":"ເກີດຂໍ້ຜິດພາດ. ອີເມວບັນທຶກໃນກ່ອງຂາອອກ"},{"$i":"background-send-error-recipients","$v":"ຜູ້ຮັບຜິດພາດ. ອີເມວບັນທຶກໃນກ່ອງຂາອອກ"},{"$i":"background-send-error-title","$v":"ອີເມວສົ່ງບໍ່ໄດ້"},{"$i":"send-failure-recipients","$v":"ກວດການສະກົດຄຳທີ່ຢູ່ດ້ານເທິງ. ເຊີບເວີອີເມວຂອງທ່ານ ລະບຸທີ່ຢູ່ໜຶ່ງຫຼືຫຼາຍກວ່າຂາງເທິງນັ້ນບໍ່ຖືກຕ້ອງ."},{"$i":"send-failure-unknown","$v":"ຂໍ້ຄວາມບໍ່ສາມາດສົ່ງໄດ້."},{"$i":"form-clear-input","$v":"ລົບຂໍ້ຄວາມ"},{"$i":"confirm-dialog-title","$v":"ຢືນຢັນ"},{"$i":"confirm-dialog-ok","$v":"ຕົກລົງ"},{"$i":"msg-display-subject","$v":"ຫົວຂໍ້"},{"$i":"msg-reader-display-attachments","$v":"ແນບໄຟລ໌"},{"$i":"msg-reader-display-attachment","$v":"ການແນບໄຟລ໌"},{"$i":"msg-reader-download-external-images","$v":["ດາວໂຫຼດພາບພາຍນອກ (",{"t":"idOrVar","v":"n"}," MB)"]},{"$i":"msg-reader-sender-header","$v":"ຈາກ"},{"$i":"msg-reader-recipients-header","$v":"ຜູ້ຮັບ"},{"$i":"msg-reader-cc-header","$v":"Cc"},{"$i":"msg-reader-bcc-header","$v":"Bcc"},{"$i":"msg-reader-message-flagged","$v":"ຂໍ້ຄວາມໄດ້ໝາຍທຸງ"},{"$i":"msg-reader-flag-removed","$v":"ລົບທຸງອອກ"},{"$i":"external-image-downloading","$v":"ກຳລັງດາວໂຫຼດ..."},{"$i":"senders-separation-sign","$v":", "},{"$i":"new-messages","$v":{"one":"1 New Message","two":[{"t":"idOrVar","v":"n"}," New Messages"],"few":[{"t":"idOrVar","v":"n"}," New Messages"],"many":[{"t":"idOrVar","v":"n"}," New Messages"],"other":[{"t":"idOrVar","v":"n"}," New Messages"]},"$x":[{"t":"idOrVar","v":"plural"},"n"]},{"$i":"new-emails-notify-one-account","$v":{"one":"1 New Email","two":[{"t":"idOrVar","v":"n"}," New Emails"],"few":[{"t":"idOrVar","v":"n"}," New Emails"],"many":[{"t":"idOrVar","v":"n"}," New Emails"],"other":[{"t":"idOrVar","v":"n"}," New Emails"]},"$x":[{"t":"idOrVar","v":"plural"},"n"]},{"$i":"new-emails-notify-multiple-accounts","$v":{"one":["1 New Email (",{"t":"idOrVar","v":"accountName"},")"],"two":[{"t":"idOrVar","v":"n"}," New Emails (",{"t":"idOrVar","v":"accountName"},")"],"few":[{"t":"idOrVar","v":"n"}," New Emails (",{"t":"idOrVar","v":"accountName"},")"],"many":[{"t":"idOrVar","v":"n"}," New Emails (",{"t":"idOrVar","v":"accountName"},")"],"other":[{"t":"idOrVar","v":"n"}," New Emails (",{"t":"idOrVar","v":"accountName"},")"]},"$x":[{"t":"idOrVar","v":"plural"},"n"]},{"$i":"new-emails-notify-multiple-accounts-body","$v":[{"t":"idOrVar","v":"from"}," “",{"t":"idOrVar","v":"subject"},"”"]},{"$i":"tng-plain-socket-warning-title","$v":"ທ່ານແນ່ໃຈບໍ?"},{"$i":"tng-plain-socket-warning-message","$v":"ຜູ້ອື່ນໆອາດຈະສາມາດເຫັນລະຫັດຜ່ານ ແລະ ອີເມວ ຫຼື ຄຸ້ມຄອງບັນຊີຂອງທ່ານ."},{"$i":"tng-plain-socket-warning-message-options","$v":"ມີຜູ້ໃຫ້ບໍລິການອີເມວທີ່ບໍ່ເສຍຄ່າ, ທີ່ມີຄວາມປອດໄພຫຼາຍ, ການເຊື່ອມຕໍ່ທີ່ເຂົ້າລະຫັດ."},{"$i":"tng-plain-socket-warning-ok","$v":"ຂ້າພະເຈົ້າເຂົ້າໃຈ"},{"$i":"message-reader-date-received","ariaLabel":"ໄດ້​ຮັບ"},{"$i":"sort-by-title","$v":"ຈັດປະເພດໂດຍ"},{"$i":"sort-by-date","$v":"ວັນທີ"},{"$i":"sort-by-from","$v":"ຈາກ"},{"$i":"sort-by-to","$v":"ເຖິງ"},{"$i":"sort-by-subject","$v":"ຫົວຂໍ້"},{"$i":"softkey-options","$v":"ຕົວເລືອກ"},{"$i":"opt-compose","$v":"ແຕ່ງ"},{"$i":"opt-reply","$v":"ຕອບກັບ"},{"$i":"opt-reply-all","$v":"ຕອບກັບທັງໝົດ"},{"$i":"opt-forward","$v":"ສົ່ງຕໍ່"},{"$i":"opt-mark-read","$v":"ໝາຍອ່ານ"},{"$i":"opt-mark-unread","$v":"ໝາຍບໍ່ໄດ້ອ່ານ"},{"$i":"opt-add-flag","$v":"ເພີ່ມທຸງ"},{"$i":"opt-remove-flag","$v":"ລົບທຸງອອກ"},{"$i":"opt-move-message","$v":"ຍ້າຍໄປໂຟລ໌ເດີ່"},{"$i":"opt-delete-message","$v":"ລົບອອກ"},{"$i":"opt-multi-select","$v":"ເລືອກຫຼາຍລາຍການ"},{"$i":"opt-search","$v":"ຄົ້ນຫາ"},{"$i":"opt-folders","$v":"ເປີດໂຟລ໌ເດີ"},{"$i":"opt-sort","$v":"ປະເພດ"},{"$i":"opt-sync","$v":"ຊິງ"},{"$i":"opt-account","$v":"ສັບປ່ຽນບັນຊີ"},{"$i":"opt-settings","$v":"ການຕັ້ງຄ່າ"},{"$i":"opt-edit","$v":"ແກ້ໄຂ"},{"$i":"opt-cancel","$v":"ຍົກເລີກ"},{"$i":"opt-save","$v":"ບັນທຶກ"},{"$i":"opt-move","$v":"ຍ້າຍ"},{"$i":"opt-view","$v":"ເບິ່ງ"},{"$i":"opt-empty-trash","$v":"ຖັງຂີ້ເຫຍື້ອຫວ່າງເປົ່າ"},{"$i":"opt-call-number","$v":"ໂທ"},{"$i":"opt-compose-mail","$v":"ແຕ່ງ"},{"$i":"opt-open-url","$v":"ເປີດ"},{"$i":"select-option-on","$v":"ເປີດ"},{"$i":"select-option-off","$v":"ປິດ"},{"$i":"select-option-imap-smtp","$v":"IMAP+SMTP"},{"$i":"select-option-pop3-smtp","$v":"POP3+SMTP"},{"$i":"select-option-activesync","$v":"ເປີດຊິງ"},{"$i":"toaster-switch-account","$v":"ທີ່ຢູ່ອີເມວໄດ້ສະລັບເຖິງ:"},{"$i":"toaster-sorted-by","$v":"ຂໍ້ຄວາມຈັດລຽງໂດຍ"},{"$i":"cmp-reply","$v":"ຕອບກັບ"},{"$i":"cmp-reply-all","$v":"ຕອບກັບທັງໝົດ"},{"$i":"cmp-forward","$v":"ສົ່ງຕໍ່ຂໍ້ຄວາມ"},{"$i":"cmp-remove-attach","$v":"ແນບໄຟລ໌ໄດ້ລົບແລ້ວ"},{"$i":"select","$v":"ເລືອກ"},{"$i":"deselect","$v":"ຍົກເລີກການເລືອກ"},{"$i":"cancel","$v":"ຍົກເລີກ"},{"$i":"enter","$v":"ໃສ່ຂໍ້ມູນ"},{"$i":"remove-attachment","$v":"ລຶບໄຟລ໌ແນບອອກ"},{"$i":"replace-attachment","$v":"ແທນທີ່ໄຟລ໌ແນບ"},{"$i":"add-attachment","$v":"ເພີ່ມໄຟລ໌ແນບ"},{"$i":"add-contact","$v":"ເພີ່ມລາຍຊື່ຕິດຕໍ່"},{"$i":"add-cc","$v":"ເພີ່ມ Cc"},{"$i":"remove-cc","$v":"ລົບ Cc"},{"$i":"add-bcc","$v":"ເພີ່ມ Bcc"},{"$i":"remove-bcc","$v":"ລົບ Bcc"},{"$i":"attachment-download","$v":"ດາວໂຫຼດ"},{"$i":"attachment-share","$v":"ແຊຮ໌"},{"$i":"send-new-mail","$v":"ສົ່ງອີເມວໃໝ່"},{"$i":"view-contact","$v":"ເບິ່ງລາຍຊື່ຕິດຕໍ່"},{"$i":"save-new-contact","$v":"ບັນທຶກລາຍຊື່ຕິດຕໍ່ໃໝ່"},{"$i":"add-to-exsiting-contact","$v":"ເພີ່ມເຂົ້າລາຍຊື່ຕິດຕໍ່ທີ່ມີຢູ່ແລ້ວ"},{"$i":"no","$v":"ບໍ່"},{"$i":"yes","$v":"ຕົກລົງ"},{"$i":"retry","$v":"ລອງໃໝ່"},{"$i":"empty","$v":"ເປົ່າຫວ່າງ"},{"$i":"empty-trash-confirm","$v":"ທ່ານຕ້ອງການໃຫ້ຖັງຂີ້ເຫຍື້ອຫວ່າງບໍ?"},{"$i":"trash-emptied","$v":"ຖັງຂີ້ເຫຍື້ອຫວ່າງແລ້ວ"},{"$i":"next","$v":"ຖັດໄປ"},{"$i":"welcome-header","$v":"ອີເມວ"},{"$i":"welcome-msg","$v":"ຍິນດີຕ້ອນຮັບສູ່ອີເມວ."},{"$i":"welcome-msg-setup","$v":"ກົດ ຖັດໄປ ເພື່ອສ້າງບັນຊີອີເມວ."},{"$i":"discard","$v":"ປະຖິ້ມ"},{"$i":"leave-this-page-warning-message","$v":"ທ່ານຕ້ອງການທີ່ຈະປະຖິ້ມຂໍ້ມູນບັນຊີອີເມວບໍ?"},{"$i":"finish","$v":"ສຳເລັດ"},{"$i":"setup-done-msg","$v":"ທ່ານໄດ້ເຂົ້າລະບົບແລ້ວ. ທ່ານຕ້ອງການເພີ່ມບັນຊີອື່ນອີກບໍ?"},{"$i":"save-as-draft","$v":"ບັນທຶກເປັນຮ່າງ"},{"$i":"show-password","$v":"ສະແດງລະຫັດຜ່ານ"},{"$i":"account-label","$v":"ບັນຊີ"},{"$i":"folders","$v":"ໂຟເດີຣ"},{"$i":"security","$v":"ຄວາມປອດໄພ"},{"$i":"port-number","$v":"ໝາຍເລກ Port"},{"$i":"domain-username","$v":"ໂດເມນ\\ຊື່ຜູ້ໃຊ້"},{"$i":"synchronizing","$v":"ກຳລັງຊິງ..."},{"$i":"browse-mail","$v":"ເປີດອ່ານອີເມວ"},{"$i":"never-sync","$v":"ໂຟລເດີພາຍໃນບໍ່ສາມາດເຊື່ອມໂຍງໄດ້"},{"$i":"emptyDownloadFile","$v":"ບໍ່ສາມາດດາວໂຫຼດໄຟລ໌ນີ້ໄດ້, ມັນອາດຈະວ່າງເປົ່າ"},{"$i":"sync","$v":"ຊິ້ງຂໍ້ມູນ"},{"$i":"outbox-unsent-label","$v":{"one":"1 unsent message in Outbox","two":"2 unsent messages in Outbox","few":[{"t":"idOrVar","v":"n"}," unsent messages in Outbox"],"many":[{"t":"idOrVar","v":"n"}," unsent messages in Outbox"],"other":[{"t":"idOrVar","v":"n"}," unsent messages in Outbox"]},"$x":[{"t":"idOrVar","v":"plural"},"n"]},{"$i":"storage-full-title","$v":"ບ່ອນເກັບຂໍ້ມູນເຕັມ"},{"$i":"storage-full-warning","$v":"ທ່ານສາມາດລຶບໄຟລ໌ມີເດຍບາງຢ່າງ ຫຼື ຈັດການຂໍ້ມູນຂອງແອັບຯເພື່ອໃຫ້ໄດ້ຊ່ອງວ່າງຫຼາຍຂຶ້ນ."},{"$i":"storage-full","$v":"ບ່ອນເກັບຂໍ້ມູນໂທລະສັບເຕັມ."},{"$i":"storage-sdcard-full","$v":"ກາດ SD ເຕັມ."},{"$i":"view-address","$v":"ເບິ່ງທີ່ຢູ່"},{"$i":"mail-address-title","$v":"ທີ່ຢູ່ຈົດໝາຍ"},{"$i":"mail-address","$v":[{"t":"idOrVar","v":"address"}]},{"$i":"value-name","$v":[{"t":"idOrVar","v":"name"}]},{"$i":"account-deleted","$v":"ບັນຊີຖືກລຶບ."},{"$i":"account-reEnable","$v":"ບັນຊີມີຢູ່ແລ້ວ. ຊິ້ງຂໍ້ມູນອີເມວບັນຊີບໍ?"},{"$i":"setup-account-usedInfo","$v":"ບັນຊີນີ້ຈະຖືກນໍາໃຊ້ໂດຍແອັບດ້ານລຸ່ມນີ້. ທ່ານສາມາດປ່ຽນໃນ ການຕັ້ງຄ່າ > ບັນຊີ."},{"$i":"setup-account-settingsInfo","$v":"ແຕ່ລະແອັບຯມີຊ່ວງເວລາການປະສານເລີ່ມຕົ້ນແຕກຕ່າງກັນ, ກະລຸນາກວດກາໃນການຕັ້ງຄ່າແອັບຯ."},{"$i":"app-calendar","$v":"ປະຕິທິນ"},{"$i":"app-contacts","$v":"ລາຍຊື່ຕິດຕໍ່"},{"$i":"app-email","$v":"ອີເມວ"},{"$i":"weekday-0-long","$v":"ວັນອາທິດ"},{"$i":"weekday-1-long","$v":"ວັນ​ຈັນ"},{"$i":"weekday-2-long","$v":"ວັນຄານ"},{"$i":"weekday-3-long","$v":"ວັນ​ພຸດ"},{"$i":"weekday-4-long","$v":"ວັນພະຫັດ"},{"$i":"weekday-5-long","$v":"ວັນ​ສຸກ"},{"$i":"weekday-6-long","$v":"ວັນ​ເສົາ"},{"$i":"weekday-0-short","$v":"ອາທິດ"},{"$i":"weekday-1-short","$v":"ຈັນ"},{"$i":"weekday-2-short","$v":"ຄານ"},{"$i":"weekday-3-short","$v":"ພຸດ"},{"$i":"weekday-4-short","$v":"ພະຫັດ"},{"$i":"weekday-5-short","$v":"ສຸກ"},{"$i":"weekday-6-short","$v":"ເສົາ"},{"$i":"month-0-long","$v":"ມັງ​ກອນ"},{"$i":"month-1-long","$v":"ມ​ພາ"},{"$i":"month-2-long","$v":"ມີ​ນາ"},{"$i":"month-3-long","$v":"ເມ​ສາ"},{"$i":"month-4-long","$v":"ພຶດ​ສະ​ພາ"},{"$i":"month-5-long","$v":"ມິ​ຖຸ​ນາ"},{"$i":"month-6-long","$v":"ກໍ​ລະ​ກົດ"},{"$i":"month-7-long","$v":"ສິງຫາ"},{"$i":"month-8-long","$v":"ກັນ​ຍາ"},{"$i":"month-9-long","$v":"ຕຸ​ລາ"},{"$i":"month-10-long","$v":"ພະ​ຈິກ"},{"$i":"month-11-long","$v":"ທັນ​ວາ"},{"$i":"month-0-genitive","$v":"ມັງ​ກອນ"},{"$i":"month-1-genitive","$v":"ມ​ພາ"},{"$i":"month-2-genitive","$v":"ມີ​ນາ"},{"$i":"month-3-genitive","$v":"ເມ​ສາ"},{"$i":"month-4-genitive","$v":"ພຶດ​ສະ​ພາ"},{"$i":"month-5-genitive","$v":"ມິ​ຖຸ​ນາ"},{"$i":"month-6-genitive","$v":"ກໍ​ລະ​ກົດ"},{"$i":"month-7-genitive","$v":"ສິງຫາ"},{"$i":"month-8-genitive","$v":"ກັນ​ຍາ"},{"$i":"month-9-genitive","$v":"ຕຸ​ລາ"},{"$i":"month-10-genitive","$v":"ພະ​ຈິກ"},{"$i":"month-11-genitive","$v":"ທັນ​ວາ"},{"$i":"month-0-short","$v":"ມັງ​ກອນ"},{"$i":"month-1-short","$v":"ກຸມພາ"},{"$i":"month-2-short","$v":"ມີ​ນາ"},{"$i":"month-3-short","$v":"ເມ​ສາ"},{"$i":"month-4-short","$v":"ພຶດ​ສະ​ພາ"},{"$i":"month-5-short","$v":"ມິ​ຖຸ​ນາ"},{"$i":"month-6-short","$v":"ກໍ​​ລະ​​ກົດ"},{"$i":"month-7-short","$v":"ສິງຫາ"},{"$i":"month-8-short","$v":"ກັນຍາ"},{"$i":"month-9-short","$v":"ຕຸ​ລາ"},{"$i":"month-10-short","$v":"ພະ​ຈິກ"},{"$i":"month-11-short","$v":"ທັນ​ວາ"},{"$i":"minutes-ago-long","$v":{"few":[{"t":"idOrVar","v":"value"}," ນາທີກ່ອນ"],"many":[{"t":"idOrVar","v":"value"}," ນາທີກ່ອນ"],"one":"ໜຶ່ງນາທີຜ່ານມາ","other":[{"t":"idOrVar","v":"value"}," ນາທີກ່ອນ"],"two":[{"t":"idOrVar","v":"value"}," ນາທີກ່ອນ"],"zero":"ຕອນນີ້"},"$x":[{"t":"idOrVar","v":"plural"},"value"]},{"$i":"hours-ago-long","$v":{"few":[{"t":"idOrVar","v":"value"}," ຊົ່ວໂມງກ່ອນ"],"many":[{"t":"idOrVar","v":"value"}," ຊົ່ວໂມງກ່ອນ"],"one":"ໜຶ່ງຊົ່ວໂມງຜ່ານມາ","other":[{"t":"idOrVar","v":"value"}," ຊົ່ວໂມງກ່ອນ"],"two":[{"t":"idOrVar","v":"value"}," ຊົ່ວໂມງກ່ອນ"],"zero":"ຕອນນີ້"},"$x":[{"t":"idOrVar","v":"plural"},"value"]},{"$i":"days-ago-long","$v":{"few":[{"t":"idOrVar","v":"value"}," ມື້ກ່ອນ"],"many":[{"t":"idOrVar","v":"value"}," ມື້ກ່ອນ"],"one":"ມື້ວານ","other":[{"t":"idOrVar","v":"value"}," ມື້ກ່ອນ"],"two":[{"t":"idOrVar","v":"value"}," ມື້ກ່ອນ"],"zero":"ມື້ນີ້"},"$x":[{"t":"idOrVar","v":"plural"},"value"]},{"$i":"weeks-ago-long","$v":{"few":[{"t":"idOrVar","v":"value"}," ເດືອນກ່ອນໜ້າ"],"many":[{"t":"idOrVar","v":"value"}," ເດືອນກ່ອນໜ້າ"],"one":"ອາທິດຜ່ານມາ","other":[{"t":"idOrVar","v":"value"}," ເດືອນກ່ອນໜ້າ"],"two":[{"t":"idOrVar","v":"value"}," ເດືອນກ່ອນໜ້າ"],"zero":"ທິດນີ້"},"$x":[{"t":"idOrVar","v":"plural"},"value"]},{"$i":"months-ago-long","$v":{"few":[{"t":"idOrVar","v":"value"}," ເດືອນກ່ອນ"],"many":[{"t":"idOrVar","v":"value"}," ເດືອນກ່ອນ"],"one":"ເດືອນກ່ອນນີ້","other":[{"t":"idOrVar","v":"value"}," ເດືອນກ່ອນ"],"two":[{"t":"idOrVar","v":"value"}," ເດືອນກ່ອນ"],"zero":"ເດືອນນີ້"},"$x":[{"t":"idOrVar","v":"plural"},"value"]},{"$i":"years-ago-long","$v":{"few":[{"t":"idOrVar","v":"value"}," ປີຕໍ່ໄປ"],"many":[{"t":"idOrVar","v":"value"}," ປີຕໍ່ໄປ"],"one":"ປີກາຍນີ້","other":[{"t":"idOrVar","v":"value"}," ປີຕໍ່ໄປ"],"two":[{"t":"idOrVar","v":"value"}," ປີຕໍ່ໄປ"],"zero":"ປີນີ້"},"$x":[{"t":"idOrVar","v":"plural"},"value"]},{"$i":"minutes-until-long","$v":{"few":["ໃນ ",{"t":"idOrVar","v":"value"}," ຫຼາຍນາທີ"],"many":["ໃນ ",{"t":"idOrVar","v":"value"}," ຫຼາຍນາທີ"],"one":"ໃນໜຶ່ງນາທີ","other":["ໃນ ",{"t":"idOrVar","v":"value"}," ຫຼາຍນາທີ"],"two":["ໃນ ",{"t":"idOrVar","v":"value"}," ຫຼາຍນາທີ"],"zero":"ຕອນນີ້"},"$x":[{"t":"idOrVar","v":"plural"},"value"]},{"$i":"hours-until-long","$v":{"few":["ໃນ ",{"t":"idOrVar","v":"value"}," ຫຼາຍຊົ່ວໂມງ"],"many":["ໃນ ",{"t":"idOrVar","v":"value"}," ຫຼາຍຊົ່ວໂມງ"],"one":"ໃນໜຶ່ງຊົ່ວໂມງ","other":["ໃນ ",{"t":"idOrVar","v":"value"}," ຫຼາຍຊົ່ວໂມງ"],"two":["ໃນ ",{"t":"idOrVar","v":"value"}," ຫຼາຍຊົ່ວໂມງ"],"zero":"ຕອນນີ້"},"$x":[{"t":"idOrVar","v":"plural"},"value"]},{"$i":"days-until-long","$v":{"few":["ໃນ ",{"t":"idOrVar","v":"value"}," ຫຼາຍວັນ"],"many":["ໃນ ",{"t":"idOrVar","v":"value"}," ຫຼາຍວັນ"],"one":"ມື້ອື່ນ","other":["ໃນ ",{"t":"idOrVar","v":"value"}," ຫຼາຍວັນ"],"two":["ໃນ ",{"t":"idOrVar","v":"value"}," ຫຼາຍວັນ"],"zero":"ມື້ນີ້"},"$x":[{"t":"idOrVar","v":"plural"},"value"]},{"$i":"weeks-until-long","$v":{"few":["ໃນ ",{"t":"idOrVar","v":"value"}," ຫຼາຍອາທິດ"],"many":["ໃນ ",{"t":"idOrVar","v":"value"}," ຫຼາຍອາທິດ"],"one":"ອາທິດໜ້າ","other":["ໃນ ",{"t":"idOrVar","v":"value"}," ຫຼາຍອາທິດ"],"two":["ໃນ ",{"t":"idOrVar","v":"value"}," ຫຼາຍອາທິດ"],"zero":"ທິດນີ້"},"$x":[{"t":"idOrVar","v":"plural"},"value"]},{"$i":"months-until-long","$v":{"few":["ໃນ ",{"t":"idOrVar","v":"value"}," ຫຼາຍເດືອນ"],"many":["ໃນ ",{"t":"idOrVar","v":"value"}," ຫຼາຍເດືອນ"],"one":"ເດືອນໜ້າ","other":["ໃນ ",{"t":"idOrVar","v":"value"}," ຫຼາຍເດືອນ"],"two":["ໃນ ",{"t":"idOrVar","v":"value"}," ຫຼາຍເດືອນ"],"zero":"ເດືອນນີ້"},"$x":[{"t":"idOrVar","v":"plural"},"value"]},{"$i":"years-until-long","$v":{"few":["ໃນ ",{"t":"idOrVar","v":"value"}," ຫຼາຍປີ"],"many":["ໃນ ",{"t":"idOrVar","v":"value"}," ຫຼາຍປີ"],"one":"ປີໜ້າ","other":["ໃນ ",{"t":"idOrVar","v":"value"}," ຫຼາຍປີ"],"two":["ໃນ ",{"t":"idOrVar","v":"value"}," ຫຼາຍປີ"],"zero":"ປີນີ້"},"$x":[{"t":"idOrVar","v":"plural"},"value"]},{"$i":"minutes-ago-short","$v":{"other":[{"t":"idOrVar","v":"value"},"ນ ກ່ອນ"],"zero":"ຕອນນີ້"},"$x":[{"t":"idOrVar","v":"plural"},"value"]},{"$i":"hours-ago-short","$v":{"other":[{"t":"idOrVar","v":"value"},"ມ ກ່ອນ"],"zero":"ຕອນນີ້"},"$x":[{"t":"idOrVar","v":"plural"},"value"]},{"$i":"days-ago-short","$v":{"other":[{"t":"idOrVar","v":"value"},"ມື້ກ່ອນ"],"zero":"ມື້ນີ້"},"$x":[{"t":"idOrVar","v":"plural"},"value"]},{"$i":"minutes-until-short","$v":{"other":["ໃນ ",{"t":"idOrVar","v":"value"},"ດ"],"zero":"ຕອນນີ້"},"$x":[{"t":"idOrVar","v":"plural"},"value"]},{"$i":"hours-until-short","$v":{"other":["ໃນ ",{"t":"idOrVar","v":"value"},"ຊ.ມ"],"zero":"ຕອນນີ້"},"$x":[{"t":"idOrVar","v":"plural"},"value"]},{"$i":"days-until-short","$v":{"other":["ໃນ ",{"t":"idOrVar","v":"value"},"ວ"],"zero":"ມື້ນີ້"},"$x":[{"t":"idOrVar","v":"plural"},"value"]},{"$i":"incorrectDate","$v":"(ວັນທີບໍ່ຖືກຕ້ອງ)"},{"$i":"dateTimeFormat_%c","$v":"%a %b %e %Y %I:%M:%S %p"},{"$i":"dateTimeFormat_%x","$v":"%m/%d/%Y"},{"$i":"dateTimeFormat_%X","$v":"%I:%M:%S %p"},{"$i":"shortTimeFormat","$v":"%I:%M %p"},{"$i":"shortTimeFormat12","$v":"%I:%M %p"},{"$i":"shortTimeFormat24","$v":"%H:%M"},{"$i":"shortDateTimeFormat","$v":"%x %I:%M %p"},{"$i":"weekStartsOnMonday","$v":"0.0"},{"$i":"firstDayOfTheWeek","$v":"0.0"},{"$i":"time_am","$v":"AM"},{"$i":"time_pm","$v":"ຕອນເຊົ້າ"}]