[{"$i":"setup-app-name-header","$v":"E-post"},{"$i":"setup-empty-account-message","$v":"Du er ikke konfigurert til å sende eller motta e-post. Konfigurer en konto for å kunne dette."},{"$i":"setup-pick-service","$v":"Du må opprette en konto for å sende og motta e-post."},{"$i":"setup-account-header3","$v":"Kontoinnlogging"},{"$i":"setup-account-password","$v":"Passord"},{"$i":"setup-info-next","$v":"Neste"},{"$i":"setup-progress-wait-msg","$v":"Konfigurere konto"},{"$i":"setup-sync-progress-wait-msg","$v":"Synkroniseringskonto"},{"$i":"setup-completed-header","$v":"Gratulerer!"},{"$i":"setup-completed-label","$v":"Ferdig!"},{"$i":"setup-add-another-account","$v":"Legg til annen konto"},{"$i":"setup-show-mail","$v":"Fortsett til e-post"},{"$i":"setup-done-add","$v":"Legg til konto"},{"$i":"setup-error-offline","$v":"Enheten er for øyeblikket frakoblet. Koble til et nettverk og prøv igjen."},{"$i":"setup-error-bad-user-or-pass2","$v":"Ugyldig brukernavn eller passord. Se etter skrivefeil."},{"$i":"setup-error-bad-address","$v":"Ugyldig e-postadresse. Se etter skrivefeil."},{"$i":"setup-error-not-authorized","$v":"Ifølge serveren er du ikke autorisert til å opprette en konto."},{"$i":"setup-error-pop-server-not-great","$v":"Server ikke støttet. POP3-serveren implementerer ikke obligatoriske funksjoner."},{"$i":"setup-error-unknown2","$v":"Det oppstod en ukjent feil. Kontroller nettverkstilkoblingen, eller prøv alternativet for manuell konfigurasjon."},{"$i":"setup-error-needs-app-pass","$v":"Du må bruke et programspesifikt passord for tofaktor-Gmail-kontoer"},{"$i":"setup-error-imap-disabled","$v":"Du må aktivere IMAP for Gmail-kontoen"},{"$i":"setup-error-pop3-disabled","$v":"Du må aktivere POP3 for Gmail-kontoen"},{"$i":"setup-error-bad-security","$v":["Kan ikke etablere en sikker tilkobling til \"",{"t":"idOrVar","v":"server"},"\". Det kan være et problem med nettverket eller serveren."]},{"$i":"setup-error-unresponsive-server","$v":["Kan ikke etablere tilkobling til \"",{"t":"idOrVar","v":"server"},"\". Det kan være et problem med nettverket."]},{"$i":"setup-error-server-problem","$v":["Det er et problem med serveren \"",{"t":"idOrVar","v":"server"},"\". Prøv igjen senere."]},{"$i":"setup-error-no-config-info","$v":"Kan ikke konfigurere kontoen automatisk. Korriger e-postadressen, eller prøv det manuelle konfigurasjonsalternativet."},{"$i":"setup-error-server-maintenance","$v":["Serveren \"",{"t":"idOrVar","v":"server"},"\" er frakoblet for vedlikehold. Prøv igjen senere."]},{"$i":"setup-error-account-already-exists","$v":"Denne kontoen er allerede konfigurert."},{"$i":"setup-manual-config2","$v":"Avansert"},{"$i":"setup-manual-config-header","$v":"Kontoinnlogging"},{"$i":"setup-manual-account-type-header","$v":"Kontotype"},{"$i":"setup-manual-account-type","$v":"Kontotype"},{"$i":"setup-manual-account-type-select","ariaLabel":"Kontotype"},{"$i":"setup-manual-imap-header","$v":"IMAP-innstillinger"},{"$i":"setup-manual-pop3-header","$v":"POP3-innstillinger"},{"$i":"setup-manual-smtp-header","$v":"SMTP-innstillinger"},{"$i":"setup-manual-activesync-header","$v":"ActiveSync-innstillinger"},{"$i":"setup-manual-next","$v":"Neste"},{"$i":"setup-manual-socket","$v":"Kontakttype"},{"$i":"setup-manual-socket-ssl","$v":"SSL"},{"$i":"setup-manual-socket-starttls","$v":"STARTTLS"},{"$i":"setup-manual-socket-select","ariaLabel":"Sikker tilkobling"},{"$i":"setup-manual-socket-plain","$v":"Ukryptert"},{"$i":"setup-bad-password-header","$v":"Dårlig passord!"},{"$i":"setup-bad-password","$v":"Kunne ikke logge på server. Prøv passord på nytt."},{"$i":"setup-new-password","placeholder":"Nytt passord"},{"$i":"setup-fix-password","$v":"Prøv med nytt passord"},{"$i":"setup-gmail-twofactor-header","$v":"Tofaktor aktivert"},{"$i":"setup-gmail-twofactor-message","$v":"Du må angi et programspesifikt passord nedenfor."},{"$i":"setup-gmail-imap-header","$v":"IMAP deaktivert"},{"$i":"setup-gmail-imap-message","$v":"Du må aktivere IMAP på Gmail-kontoen"},{"$i":"setup-gmail-retry","$v":"Prøv igjen"},{"$i":"setup-gmail-pop3-header","$v":"POP3 deaktivert"},{"$i":"setup-gmail-pop3-message","$v":"Du må aktivere POP3 på Gmail-kontoen"},{"$i":"setup-fix-oauth2-header","$v":"Autoriser e-post"},{"$i":"setup-fix-oauth2-description","$v":"E-post må autoriseres igjen for å få tilgang til følgende konto:"},{"$i":"setup-fix-oauth2-reauthorize","$v":"Autoriser igjen"},{"$i":"settings-main-header","$v":"E-postinnstillinger"},{"$i":"settings-sub-header-account","$v":"Konto"},{"$i":"settings-account-group","ariaLabel":"Konto"},{"$i":"settings-account-name","$v":"Ditt navn"},{"$i":"settings-account-label","$v":"Kontoetikett"},{"$i":"settings-account-display-notifications","$v":"Vis nye e-postvarsler"},{"$i":"settings-account-play-sound-onsend","$v":"Spill av lyd etter at melding er sendt"},{"$i":"settings-account-signature-label","$v":"Signatur"},{"$i":"settings-sub-header-data","$v":"Data"},{"$i":"settings-data-group","ariaLabel":"Data"},{"$i":"settings-account-check-mail","$v":"Se etter nye meldinger"},{"$i":"settings-account-check-mail-select","ariaLabel":"Se etter nye meldinger"},{"$i":"settings-sub-header-server","$v":"Serverinnstillinger"},{"$i":"settings-server-group","ariaLabel":"Serverinnstillinger"},{"$i":"settings-account-userpass","$v":"Brukernavn og passord"},{"$i":"settings-account-useroauth2","$v":"Brukernavn"},{"$i":"settings-default-signature-2","$v":"Sendt fra min telefon"},{"$i":"settings-done","$v":"Ferdig"},{"$i":"settings-account-section","$v":"Kontoer"},{"$i":"settings-account-listbox","ariaLabel":"Kontoer"},{"$i":"settings-account-add","$v":"Legg til"},{"$i":"settings-account-delete","$v":"Slett konto"},{"$i":"settings-account-delete-prompt","$v":["Er du sikker på at du vil slette e-postkontoen ",{"t":"idOrVar","v":"account"},"?"]},{"$i":"settings-account-delete-desc","$v":"Du må laste ned e-posten på nytt hvis du gjentar kontooppretting."},{"$i":"settings-account-delete-cancel","$v":"Avbryt"},{"$i":"settings-account-delete-confirm","$v":"Slett"},{"$i":"settings-account-clarify","$v":[{"t":"idOrVar","v":"account-name"}]},{"$i":"settings-account-clarify-imap","$v":[{"t":"idOrVar","v":"account-name"}," (IMAP)"]},{"$i":"settings-account-clarify-pop3","$v":[{"t":"idOrVar","v":"account-name"}," (POP3)"]},{"$i":"settings-account-clarify-smtp","$v":[{"t":"idOrVar","v":"account-name"}," (SMTP)"]},{"$i":"settings-general-section","$v":"Generelle innstillinger"},{"$i":"settings-show-images","$v":"Vis alltid bilder"},{"$i":"settings-download-attachments","$v":"Last ned vedlegg"},{"$i":"settings-check-every-5min","$v":"Hvert 5. minutt"},{"$i":"settings-check-every-10min","$v":"Hvert 10. minutt"},{"$i":"settings-check-every-15min","$v":"Hvert 15. minutt"},{"$i":"settings-check-every-30min","$v":"Hvert 30. minutt"},{"$i":"settings-check-every-60min","$v":"Hver time"},{"$i":"settings-check-every-manual","$v":"Manuelt"},{"$i":"settings-check-dynamic","$v":{"few":[{"t":"idOrVar","v":"n"}," sekunder"],"many":[{"t":"idOrVar","v":"n"}," sekunder"],"one":[{"t":"idOrVar","v":"n"}," sekund"],"other":[{"t":"idOrVar","v":"n"}," sekunder"],"two":[{"t":"idOrVar","v":"n"}," sekunder"],"zero":"deaktivert"},"$x":[{"t":"idOrVar","v":"plural"},"n"]},{"$i":"settings-default-account","$v":"Angi som standard e-post"},{"$i":"settings-account-type","$v":"Kontotype"},{"$i":"settings-account-credentials","$v":"Legitimasjon"},{"$i":"settings-activesync-label","$v":"ActiveSync-innstillinger"},{"$i":"settings-imap-label","$v":"IMAP-innstillinger"},{"$i":"settings-pop3-label","$v":"POP3-innstillinger"},{"$i":"settings-smtp-label","$v":"SMTP-innstillinger"},{"$i":"settings-hostname","$v":"Vertsnavn"},{"$i":"settings-port","$v":"Port"},{"$i":"settings-username","$v":"Brukernavn"},{"$i":"settings-password","$v":"Passord"},{"$i":"settings-save","$v":"Lagre"},{"$i":"password-saved","$v":"Passord lagret."},{"$i":"settings-reauth","$v":"Autoriser igjen"},{"$i":"settings-account-synchronize-window","$v":"Dager til synk."},{"$i":"settings-account-synchronize-window-select","ariaLabel":"Dager til synk."},{"$i":"settings-synchronize-auto","$v":"Automatisk"},{"$i":"settings-synchronize-one-day","$v":"1 dag"},{"$i":"settings-synchronize-three-days","$v":"3 dager"},{"$i":"settings-synchronize-one-week","$v":"1 uke"},{"$i":"settings-synchronize-two-weeks","$v":"2 uker"},{"$i":"settings-synchronize-one-month","$v":"1 måned"},{"$i":"settings-synchronize-all","$v":"Alle meldinger"},{"$i":"envelope-from","$v":"Fra"},{"$i":"envelope-to","$v":"Til"},{"$i":"envelope-cc","$v":"Kopi"},{"$i":"envelope-bcc","$v":"Blindkopi"},{"$i":"message-header-state-sending","ariaLabel":"Sender"},{"$i":"message-header-state-error","ariaLabel":"Sending mislyktes"},{"$i":"message-header-unread","ariaLabel":"Ulest"},{"$i":"message-header-reply","ariaLabel":"Svar"},{"$i":"message-header-forward","ariaLabel":"Videresend"},{"$i":"message-header-starred","ariaLabel":"Har stjerne"},{"$i":"message-header-attachments","ariaLabel":"Har vedlegg"},{"$i":"message-body-container","ariaLabel":"Meldingstekst"},{"$i":"message-body-container-progress","ariaValueText":"Laster inn"},{"$i":"subject","ariaLabel":"Emne"},{"$i":"attachments-container","ariaLabel":"Vedlegg"},{"$i":"from-group","ariaLabel":"Fra"},{"$i":"to-group","ariaLabel":"Til"},{"$i":"cc-group","ariaLabel":"Kopi"},{"$i":"bcc-group","ariaLabel":"Blindkopi"},{"$i":"compose-header","$v":"Skriv melding"},{"$i":"compose-header-short","$v":"Komponer"},{"$i":"compose-send","$v":"Send"},{"$i":"compose-send-button","ariaLabel":"Send"},{"$i":"compose-to","$v":"Til"},{"$i":"compose-cc","$v":"Kopi"},{"$i":"compose-bcc","$v":"Blindkopi"},{"$i":"compose-cc-remove","$v":"Kopilisten ble fjernet."},{"$i":"compose-bcc-remove","$v":"Blindkopilisten ble fjernet."},{"$i":"compose-contact-add","ariaLabel":"Legg til kontakt"},{"$i":"compose-attachments","$v":{"few":["Vedlegg (",{"t":"idOrVar","v":"n"},")"],"many":["Vedlegg (",{"t":"idOrVar","v":"n"},")"],"one":["Vedlegg (",{"t":"idOrVar","v":"n"},")"],"other":["Vedlegg (",{"t":"idOrVar","v":"n"},")"],"two":["Vedlegg (",{"t":"idOrVar","v":"n"},")"],"zero":"Vedlegg"},"$x":[{"t":"idOrVar","v":"plural"},"n"]},{"$i":"compose-text","ariaLabel":"Endre"},{"$i":"compose-attachment-still-working","$v":"Et øyeblikk. Jobber fortsatt med forrige vedlegg …"},{"$i":"compose-attachment-loading","$v":"Laster vedlegg ..."},{"$i":"compose-attachments-loading","$v":"Laster vedlegg ..."},{"$i":"compose-forward-attachment-error-title","$v":"Nedlasting mislyktes."},{"$i":"compose-forward-attachment-error-title2","$v":"Feil"},{"$i":"compose-forward-attachment-unable-load","$v":"Kunne ikke laste vedlegg."},{"$i":"compose-forward-attachments-unable-load","$v":"Kunne ikke laste vedlegg."},{"$i":"compose-forward-attachment-load-error","$v":"Enkelte vedlegg kunne ikke lastes."},{"$i":"confirmation-title","$v":"Bekreftelse"},{"$i":"compose-subject","$v":"Emne"},{"$i":"compose-draft-save","$v":"Lagre i lokale kladder?"},{"$i":"compose-discard-confirm","$v":"Forkast"},{"$i":"compose-draft-dialog-cancel","$v":"Avbryt"},{"$i":"compose-draft-dialog-save","$v":"Lagre"},{"$i":"composer-draft-saved","$v":"Melding lagrer i lokale kladder"},{"$i":"attention","$v":"Obs!"},{"$i":"compose-send-message-failed","$v":"Kunne ikke sende e-post"},{"$i":"compose-attchment-size-exceeded","$v":"Valgt vedlegg er for stort til å sendes med denne meldingen."},{"$i":"compose-attchments-size-exceeded","$v":"Valgte vedlegg er for store til å sendes med denne meldingen. Velg færre filer."},{"$i":"composer-attachment-large-title","$v":"Filstørrelsen er for stor"},{"$i":"default-attachment-filename","$v":["vedlegg (",{"t":"idOrVar","v":"n"},")"]},{"$i":"attachment-size-meb","$v":[{"t":"idOrVar","v":"megabytes"}," MB"]},{"$i":"attachment-size-kib","$v":[{"t":"idOrVar","v":"kilobytes"}," KB"]},{"$i":"attachment-size-byte","$v":[{"t":"idOrVar","v":"bytes"}," B"]},{"$i":"message-attachment-view","$v":"Vis"},{"$i":"message-attachment-did-not-open-label","$v":"Kan ikke åpne"},{"$i":"message-attachment-did-not-open-body","$v":"Enheten har ikke en app som kan åpne vedlegget."},{"$i":"message-attachment-too-large","$v":"Filen er for stor til å lastes ned."},{"$i":"message-attachment-not-found","$v":"Kunne ikke finne vedlegget, det kan ha blitt slettet."},{"$i":"message-attachment-download-fail","$v":[{"t":"idOrVar","v":"fileName"}," -Nedlasting mislyktes"]},{"$i":"message-no-subject","$v":"(uten emne)"},{"$i":"message-edit-menu-edit","$v":"Endre"},{"$i":"message-edit-menu-delete","$v":"Slett"},{"$i":"message-edit-delete-confirm","$v":"Slett e-postmelding?"},{"$i":"message-forward-attachment-title","$v":"Vedlegg"},{"$i":"message-forward-attachment","$v":"Videresende vedlegget også?"},{"$i":"message-forward-attachments","$v":"Videresende vedleggene også?"},{"$i":"message-multiedit-header","$v":{"few":[{"t":"idOrVar","v":"n"}," valgt"],"many":[{"t":"idOrVar","v":"n"}," valgt"],"one":[{"t":"idOrVar","v":"n"}," valgt"],"other":[{"t":"idOrVar","v":"n"}," valgt"],"two":[{"t":"idOrVar","v":"n"}," valgt"],"zero":[{"t":"idOrVar","v":"n"}," valgt"]},"$x":[{"t":"idOrVar","v":"plural"},"n"]},{"$i":"message-multiedit-search-header","$v":{"few":[{"t":"idOrVar","v":"n"}," valgt"],"many":[{"t":"idOrVar","v":"n"}," valgt"],"one":[{"t":"idOrVar","v":"n"}," valgt"],"other":[{"t":"idOrVar","v":"n"}," valgt"],"two":[{"t":"idOrVar","v":"n"}," valgt"],"zero":"0 valgt"},"$x":[{"t":"idOrVar","v":"plural"},"n"]},{"$i":"browse-to-url-prompt","$v":["Bla gjennom til URL?: ",{"t":"idOrVar","v":"url"}]},{"$i":"message-download-images-tap","$v":{"few":["Denne e-posten inneholder ",{"t":"idOrVar","v":"n"}," bilder. Trykk for å laste ned."],"many":["Denne e-posten inneholder ",{"t":"idOrVar","v":"n"}," bilder. Trykk for å laste ned."],"one":"Denne e-posten inneholder ett bilde. Trykk for å laste ned.","other":["Denne e-posten inneholder ",{"t":"idOrVar","v":"n"}," bilder. Trykk for å laste ned."],"two":["Denne e-posten inneholder ",{"t":"idOrVar","v":"n"}," bilder. Trykk for å laste ned."]},"$x":[{"t":"idOrVar","v":"plural"},"n"]},{"$i":"message-show-external-images","$v":"Vis eksterne bilder"},{"$i":"message-delete-cancel","$v":"Avbryt"},{"$i":"message-multiedit-delete-confirm","$v":{"few":["Slett ",{"t":"idOrVar","v":"n"}," meldinger?"],"many":["Slett ",{"t":"idOrVar","v":"n"}," meldinger?"],"one":"Slette valgte melding?","other":["Slett ",{"t":"idOrVar","v":"n"}," meldinger?"],"two":["Slett ",{"t":"idOrVar","v":"n"}," meldinger?"]},"$x":[{"t":"idOrVar","v":"plural"},"n"]},{"$i":"message-large-message-cancel","$v":"Avbryt"},{"$i":"message-large-message-ok","$v":"Fortsett"},{"$i":"message-large-message-confirm","$v":"Denne meldingen er stor og kan ta tid å laste ned."},{"$i":"message-large-message-warning","$v":"Meldingen er for stor til å lastes."},{"$i":"message-search-header","$v":"Søk"},{"$i":"search-result","$v":[{"t":"idOrVar","v":"num"}," treff funnet"]},{"$i":"message-search-from","$v":"Fra"},{"$i":"message-search-to","$v":"Til"},{"$i":"message-search-subject","$v":"Emne"},{"$i":"message-search-body","$v":"Tekst"},{"$i":"message-search-all","$v":"Alle"},{"$i":"message-search-input","placeholder":"Søk e-post"},{"$i":"message-search-cancel","$v":"Avbryt"},{"$i":"messages-syncing","$v":"Laster meldinger"},{"$i":"messages-syncing-progressbar","ariaValueText":"Laster meldinger"},{"$i":"messages-load-more","$v":"Last flere meldinger"},{"$i":"messages-folder-empty","$v":"Ingen e-post i denne mappen"},{"$i":"messages-search-empty","$v":"Ingen treff i lokalt bufrede meldinger"},{"$i":"messages-folder-select","$v":"Flytt til mappe"},{"$i":"messages-folder-unread-max","$v":"999+"},{"$i":"message-contact-menu-create","$v":"Lagre ny kontakt"},{"$i":"message-contact-menu-add-existing","$v":"Legg til eksisterende kontakt"},{"$i":"message-contact-menu-view","$v":"Vis kontakt"},{"$i":"message-contact-menu-reply","$v":"Svar"},{"$i":"message-contact-menu-new","$v":"Send ny e-post"},{"$i":"message-reply-menu-reply","$v":"Svar"},{"$i":"message-reply-menu-reply-all","$v":"Svar alle"},{"$i":"message-reply-menu-forward","$v":"Videresend"},{"$i":"message-reply-menu-cancel","$v":"Avbryt"},{"$i":"reply-quoting-wrote","$v":"{name} skrev"},{"$i":"forward-original-message","$v":"Opprinnelig melding"},{"$i":"forward-header-subject","$v":"Emne"},{"$i":"forward-header-date","$v":"Dato"},{"$i":"forward-header-from","$v":"Fra"},{"$i":"forward-header-reply-to","$v":"Svar til"},{"$i":"forward-header-to","$v":"Til"},{"$i":"forward-header-cc","$v":"Kopi"},{"$i":"folder-inbox","$v":"Innboks"},{"$i":"folder-sent","$v":"Sendt"},{"$i":"folder-drafts","$v":"Kladder"},{"$i":"folder-trash","$v":"Papirkurv"},{"$i":"folder-queue","$v":"Ikke sendt"},{"$i":"folder-junk","$v":"Søppel"},{"$i":"folder-archives","$v":"Arkiver"},{"$i":"folder-localdrafts","$v":"Lokale kladder"},{"$i":"folder-outbox","$v":"Utboks"},{"$i":"drawer-back","$v":"Tilbake"},{"$i":"drawer-accounts-header","$v":"Kontoer"},{"$i":"drawer-settings-link","$v":"Innstillinger"},{"$i":"folder-last-synced-label","$v":"Siste synk.:"},{"$i":"messages-refresh-progress","ariaValueText":"Oppdaterer"},{"$i":"no-internet-connection","$v":"Ingen internett-tilkobling."},{"$i":"toaster-undo","$v":"Angre"},{"$i":"toaster-message-star","$v":{"few":[{"t":"idOrVar","v":"n"}," meldinger flagget"],"many":[{"t":"idOrVar","v":"n"}," meldinger flagget"],"one":"Melding flagget","other":[{"t":"idOrVar","v":"n"}," meldinger flagget"],"two":[{"t":"idOrVar","v":"n"}," meldinger flagget"]},"$x":[{"t":"idOrVar","v":"plural"},"n"]},{"$i":"toaster-message-unstar","$v":{"few":[{"t":"idOrVar","v":"n"}," meldingsflagg fjernet"],"many":[{"t":"idOrVar","v":"n"}," meldingsflagg fjernet"],"one":"Meldingsflagg fjernet","other":[{"t":"idOrVar","v":"n"}," meldingsflagg fjernet"],"two":[{"t":"idOrVar","v":"n"}," meldingsflagg fjernet"]},"$x":[{"t":"idOrVar","v":"plural"},"n"]},{"$i":"toaster-message-read","$v":{"few":[{"t":"idOrVar","v":"n"}," meldinger merket som lest"],"many":[{"t":"idOrVar","v":"n"}," meldinger merket som lest"],"one":"Melding merket som lest","other":[{"t":"idOrVar","v":"n"}," meldinger merket som lest"],"two":[{"t":"idOrVar","v":"n"}," meldinger merket som lest"]},"$x":[{"t":"idOrVar","v":"plural"},"n"]},{"$i":"toaster-message-unread","$v":{"few":[{"t":"idOrVar","v":"n"}," meldinger merket som ulest"],"many":[{"t":"idOrVar","v":"n"}," meldinger merket som ulest"],"one":"Melding merket som ulest","other":[{"t":"idOrVar","v":"n"}," meldinger merket som ulest"],"two":[{"t":"idOrVar","v":"n"}," meldinger merket som ulest"]},"$x":[{"t":"idOrVar","v":"plural"},"n"]},{"$i":"toaster-message-move","$v":{"few":[{"t":"idOrVar","v":"n"}," meldinger flyttet til mappe:"],"many":[{"t":"idOrVar","v":"n"}," meldinger flyttet til mappe:"],"one":"Melding flyttet til mappe:","other":[{"t":"idOrVar","v":"n"}," meldinger flyttet til mappe:"],"two":[{"t":"idOrVar","v":"n"}," meldinger flyttet til mappe:"]},"$x":[{"t":"idOrVar","v":"plural"},"n"]},{"$i":"toaster-message-delete","$v":{"few":[{"t":"idOrVar","v":"n"}," e-poster slettet"],"many":[{"t":"idOrVar","v":"n"}," e-poster slettet"],"one":"1 e-post slettet","other":[{"t":"idOrVar","v":"n"}," e-poster slettet"],"two":[{"t":"idOrVar","v":"n"}," e-poster slettet"]},"$x":[{"t":"idOrVar","v":"plural"},"n"]},{"$i":"toaster-sync-failed","$v":"Kan ikke koble til server."},{"$i":"compose-invalid-addresses-title","$v":"Ugyldige adresser"},{"$i":"compose-invalid-addresses-description","$v":"Meldingen inneholder én eller flere ugyldige e-postadresser. Korriger de før du sender meldingen."},{"$i":"background-send-pending","$v":"Utilgjengelig nettverk. E-post lagret i utboks."},{"$i":"background-send-sending","$v":"Sender e-post …"},{"$i":"background-send-success","$v":"E-post sendt."},{"$i":"background-send-error","$v":"Feil oppstod. E-post lagret i utboks."},{"$i":"background-send-error-recipients","$v":"Mottakerfeil. E-post lagret i utboks."},{"$i":"background-send-error-title","$v":"E-post ble ikke sendt"},{"$i":"send-failure-recipients","$v":"Kontroller stavemåten til adressene ovenfor. E-postserveren indikerer at én eller flere av adressene ovenfor er feil."},{"$i":"send-failure-unknown","$v":"Kunne ikke sende meldingen."},{"$i":"form-clear-input","$v":"Fjern tekst"},{"$i":"confirm-dialog-title","$v":"Bekreftelse"},{"$i":"confirm-dialog-ok","$v":"OK"},{"$i":"msg-display-subject","$v":"Emne"},{"$i":"msg-reader-display-attachments","$v":"Vedlegg"},{"$i":"msg-reader-display-attachment","$v":"Vedlegg"},{"$i":"msg-reader-download-external-images","$v":["Last ned eksterne bilder (",{"t":"idOrVar","v":"n"}," MB)"]},{"$i":"msg-reader-sender-header","$v":"Fra"},{"$i":"msg-reader-recipients-header","$v":"Mottakere"},{"$i":"msg-reader-cc-header","$v":"Kopi"},{"$i":"msg-reader-bcc-header","$v":"Blindkopi"},{"$i":"msg-reader-message-flagged","$v":"Melding flagget"},{"$i":"msg-reader-flag-removed","$v":"Flagg fjernet"},{"$i":"external-image-downloading","$v":"Laster ned …"},{"$i":"senders-separation-sign","$v":", "},{"$i":"new-messages","$v":{"few":[{"t":"idOrVar","v":"n"}," nye meldinger"],"many":[{"t":"idOrVar","v":"n"}," nye meldinger"],"one":"1 ny melding","other":[{"t":"idOrVar","v":"n"}," nye meldinger"],"two":[{"t":"idOrVar","v":"n"}," nye meldinger"]},"$x":[{"t":"idOrVar","v":"plural"},"n"]},{"$i":"new-emails-notify-one-account","$v":{"few":[{"t":"idOrVar","v":"n"}," nye e-poster"],"many":[{"t":"idOrVar","v":"n"}," nye e-poster"],"one":"1 ny e-post","other":[{"t":"idOrVar","v":"n"}," nye e-poster"],"two":[{"t":"idOrVar","v":"n"}," nye e-poster"]},"$x":[{"t":"idOrVar","v":"plural"},"n"]},{"$i":"new-emails-notify-multiple-accounts","$v":{"few":[{"t":"idOrVar","v":"n"}," nye e-poster (",{"t":"idOrVar","v":"accountName"},")"],"many":[{"t":"idOrVar","v":"n"}," nye e-poster (",{"t":"idOrVar","v":"accountName"},")"],"one":["1 ny e-post (",{"t":"idOrVar","v":"accountName"},")"],"other":[{"t":"idOrVar","v":"n"}," nye e-poster (",{"t":"idOrVar","v":"accountName"},")"],"two":[{"t":"idOrVar","v":"n"}," nye e-poster (",{"t":"idOrVar","v":"accountName"},")"]},"$x":[{"t":"idOrVar","v":"plural"},"n"]},{"$i":"new-emails-notify-multiple-accounts-body","$v":[{"t":"idOrVar","v":"from"}," \"",{"t":"idOrVar","v":"subject"}]},{"$i":"tng-plain-socket-warning-title","$v":"Er du sikker?"},{"$i":"tng-plain-socket-warning-message","$v":"Andre kan kanskje se passordene og e-postene dine eller kontrollere kontoen din."},{"$i":"tng-plain-socket-warning-message-options","$v":"Det finnes flere, gratis e-postleverandører som tilbyr sikrere, krypterte forbindelser."},{"$i":"tng-plain-socket-warning-ok","$v":"Jeg forstår"},{"$i":"message-reader-date-received","ariaLabel":"Mottatte"},{"$i":"sort-by-title","$v":"Sorter etter"},{"$i":"sort-by-date","$v":"Dato"},{"$i":"sort-by-from","$v":"Fra"},{"$i":"sort-by-to","$v":"Til"},{"$i":"sort-by-subject","$v":"Emne"},{"$i":"softkey-options","$v":"Valg"},{"$i":"opt-compose","$v":"Komponer"},{"$i":"opt-reply","$v":"Svar"},{"$i":"opt-reply-all","$v":"Svar alle"},{"$i":"opt-forward","$v":"Videresend"},{"$i":"opt-mark-read","$v":"Merk som lest"},{"$i":"opt-mark-unread","$v":"Merk som ulest"},{"$i":"opt-add-flag","$v":"Legg til flagg"},{"$i":"opt-remove-flag","$v":"Fjern flagg"},{"$i":"opt-move-message","$v":"Flytt til mappe"},{"$i":"opt-delete-message","$v":"Slett"},{"$i":"opt-multi-select","$v":"Velg flere"},{"$i":"opt-search","$v":"Søk"},{"$i":"opt-folders","$v":"Vis mapper"},{"$i":"opt-sort","$v":"Sorter"},{"$i":"opt-sync","$v":"Synkroniser"},{"$i":"opt-account","$v":"Bytt konto"},{"$i":"opt-settings","$v":"Innstillinger"},{"$i":"opt-edit","$v":"Endre"},{"$i":"opt-cancel","$v":"Avbryt"},{"$i":"opt-save","$v":"Lagre"},{"$i":"opt-move","$v":"Flytt"},{"$i":"opt-view","$v":"Vis"},{"$i":"opt-empty-trash","$v":"Tøm papirkurv"},{"$i":"opt-call-number","$v":"Anrop"},{"$i":"opt-compose-mail","$v":"Komponer"},{"$i":"opt-open-url","$v":"Åpne"},{"$i":"select-option-on","$v":"På"},{"$i":"select-option-off","$v":"Av"},{"$i":"select-option-imap-smtp","$v":"IMAP+SMTP"},{"$i":"select-option-pop3-smtp","$v":"POP3+SMTP"},{"$i":"select-option-activesync","$v":"ActiveSync"},{"$i":"toaster-switch-account","$v":"E-postkonto byttet til:"},{"$i":"toaster-sorted-by","$v":"Melding sortert etter"},{"$i":"cmp-reply","$v":"Svar"},{"$i":"cmp-reply-all","$v":"Svar alle"},{"$i":"cmp-forward","$v":"Videresend melding"},{"$i":"cmp-remove-attach","$v":"Vedlegg fjernet"},{"$i":"select","$v":"Velg"},{"$i":"deselect","$v":"Velg bort"},{"$i":"cancel","$v":"Avbryt"},{"$i":"enter","$v":"Angi"},{"$i":"remove-attachment","$v":"Fjern vedlegg"},{"$i":"replace-attachment","$v":"Bytt ut vedlegg"},{"$i":"add-attachment","$v":"Legg til vedlegg"},{"$i":"add-contact","$v":"Legg til kontakt"},{"$i":"add-cc","$v":"Legg til kopi"},{"$i":"remove-cc","$v":"Fjern kopi"},{"$i":"add-bcc","$v":"Legg til blindkopi"},{"$i":"remove-bcc","$v":"Fjern blindkopi"},{"$i":"attachment-download","$v":"Last ned"},{"$i":"attachment-share","$v":"Del"},{"$i":"send-new-mail","$v":"Send ny e-post"},{"$i":"view-contact","$v":"Vis kontakt"},{"$i":"save-new-contact","$v":"Lagre ny kontakt"},{"$i":"add-to-exsiting-contact","$v":"Legg til eksisterende kontakt"},{"$i":"no","$v":"Nei"},{"$i":"yes","$v":"Ja"},{"$i":"retry","$v":"Prøv igjen"},{"$i":"empty","$v":"Tøm"},{"$i":"empty-trash-confirm","$v":"Vil du tømme papirkurv?"},{"$i":"trash-emptied","$v":"Tom papirkurv"},{"$i":"next","$v":"Neste"},{"$i":"welcome-header","$v":"E-post"},{"$i":"welcome-msg","$v":"Velkommen til e-post."},{"$i":"welcome-msg-setup","$v":"Trykk på Neste for å konfigurere e-postkontoen."},{"$i":"discard","$v":"Forkast"},{"$i":"leave-this-page-warning-message","$v":"Vil du forkaste e-postens kontoinformasjon?"},{"$i":"finish","$v":"Fullfør"},{"$i":"setup-done-msg","$v":"Du har logget på. Vil du legge til en annen konto?"},{"$i":"save-as-draft","$v":"Lagre som kladd"},{"$i":"show-password","$v":"Vis passord"},{"$i":"account-label","$v":"Kontoetikett"},{"$i":"folders","$v":"Mapper"},{"$i":"security","$v":"Sikkerhet"},{"$i":"port-number","$v":"Portnummer"},{"$i":"domain-username","$v":"Domene/brukernavn"},{"$i":"synchronizing","$v":"Synkroniserer …"},{"$i":"browse-mail","$v":"Bla gjennom e-post"},{"$i":"never-sync","$v":"Denne mappen kan ikke synk."},{"$i":"emptyDownloadFile","$v":"Kan ikke laste ned denne filen, den kan være tom"},{"$i":"sync","$v":"Synkroniser"},{"$i":"outbox-unsent-label","$v":{"few":[{"t":"idOrVar","v":"n"}," usendte meldinger i utboks"],"many":[{"t":"idOrVar","v":"n"}," usendte meldinger i utboks"],"one":"1 usendt melding i utboks","other":[{"t":"idOrVar","v":"n"}," usendte meldinger i utboks"],"two":"2 usendte meldinger i utboks"},"$x":[{"t":"idOrVar","v":"plural"},"n"]},{"$i":"storage-full-title","$v":"Lagringsplass full"},{"$i":"storage-full-warning","$v":"Du kan slette noen mediefiler eller administrere programdata for å få mer plass."},{"$i":"storage-full","$v":"Telefonens lagringsplass er full.."},{"$i":"storage-sdcard-full","$v":"SD-kort er fullt."},{"$i":"view-address","$v":"Vis adresse"},{"$i":"mail-address-title","$v":"Angi e-postadressen din:"},{"$i":"mail-address","$v":[{"t":"idOrVar","v":"address"}]},{"$i":"value-name","$v":[{"t":"idOrVar","v":"name"}]},{"$i":"account-deleted","$v":"Kontoen slettet."},{"$i":"account-reEnable","$v":"Konto finnes allerede. Vil du synkronisere konto-e-posten?"},{"$i":"setup-account-usedInfo","$v":"Denne kontoen vil blir brukt av appene nedenfor. Du kan endre dette i Innstillinger>Konto."},{"$i":"setup-account-settingsInfo","$v":"Hver app har forskjellige standard synkroniseringsintervaller, kontroller i appinnstillinger."},{"$i":"app-calendar","$v":"Kalender"},{"$i":"app-contacts","$v":"Kontakter"},{"$i":"app-email","$v":"E-post"},{"$i":"weekday-0-long","$v":"Søndag"},{"$i":"weekday-1-long","$v":"Mandag"},{"$i":"weekday-2-long","$v":"Tirsdag"},{"$i":"weekday-3-long","$v":"Onsdag"},{"$i":"weekday-4-long","$v":"Torsdag"},{"$i":"weekday-5-long","$v":"Fredag"},{"$i":"weekday-6-long","$v":"Lørdag"},{"$i":"weekday-0-short","$v":"Sø."},{"$i":"weekday-1-short","$v":"Ma."},{"$i":"weekday-2-short","$v":"Ti."},{"$i":"weekday-3-short","$v":"On."},{"$i":"weekday-4-short","$v":"To."},{"$i":"weekday-5-short","$v":"Fr."},{"$i":"weekday-6-short","$v":"Lø."},{"$i":"month-0-long","$v":"Januar"},{"$i":"month-1-long","$v":"Februar"},{"$i":"month-2-long","$v":"Mars"},{"$i":"month-3-long","$v":"April"},{"$i":"month-4-long","$v":"Mai"},{"$i":"month-5-long","$v":"Juni"},{"$i":"month-6-long","$v":"Juli"},{"$i":"month-7-long","$v":"August"},{"$i":"month-8-long","$v":"September"},{"$i":"month-9-long","$v":"Oktober"},{"$i":"month-10-long","$v":"November"},{"$i":"month-11-long","$v":"Desember"},{"$i":"month-0-genitive","$v":"Januar"},{"$i":"month-1-genitive","$v":"Februar"},{"$i":"month-2-genitive","$v":"Mars"},{"$i":"month-3-genitive","$v":"April"},{"$i":"month-4-genitive","$v":"Mai"},{"$i":"month-5-genitive","$v":"Juni"},{"$i":"month-6-genitive","$v":"Juli"},{"$i":"month-7-genitive","$v":"August"},{"$i":"month-8-genitive","$v":"September"},{"$i":"month-9-genitive","$v":"Oktober"},{"$i":"month-10-genitive","$v":"November"},{"$i":"month-11-genitive","$v":"Desember"},{"$i":"month-0-short","$v":"Jan."},{"$i":"month-1-short","$v":"Feb."},{"$i":"month-2-short","$v":"Mars"},{"$i":"month-3-short","$v":"Apr."},{"$i":"month-4-short","$v":"Mai"},{"$i":"month-5-short","$v":"Juni"},{"$i":"month-6-short","$v":"Juli"},{"$i":"month-7-short","$v":"Aug."},{"$i":"month-8-short","$v":"Sep."},{"$i":"month-9-short","$v":"Okt."},{"$i":"month-10-short","$v":"Nov."},{"$i":"month-11-short","$v":"Des."},{"$i":"minutes-ago-long","$v":{"few":[{"t":"idOrVar","v":"value"}," minutter siden"],"many":[{"t":"idOrVar","v":"value"}," minutter siden"],"one":"et minutt siden","other":[{"t":"idOrVar","v":"value"}," minutter siden"],"two":[{"t":"idOrVar","v":"value"}," minutter siden"],"zero":"akkurat nå"},"$x":[{"t":"idOrVar","v":"plural"},"value"]},{"$i":"hours-ago-long","$v":{"few":[{"t":"idOrVar","v":"value"}," timer siden"],"many":[{"t":"idOrVar","v":"value"}," timer siden"],"one":"en time siden","other":[{"t":"idOrVar","v":"value"}," timer siden"],"two":[{"t":"idOrVar","v":"value"}," timer siden"],"zero":"akkurat nå"},"$x":[{"t":"idOrVar","v":"plural"},"value"]},{"$i":"days-ago-long","$v":{"few":[{"t":"idOrVar","v":"value"}," dager siden"],"many":[{"t":"idOrVar","v":"value"}," dager siden"],"one":"i går","other":[{"t":"idOrVar","v":"value"}," dager siden"],"two":[{"t":"idOrVar","v":"value"}," dager siden"],"zero":"i dag"},"$x":[{"t":"idOrVar","v":"plural"},"value"]},{"$i":"weeks-ago-long","$v":{"few":[{"t":"idOrVar","v":"value"}," uker siden"],"many":[{"t":"idOrVar","v":"value"}," uker siden"],"one":"sist uke","other":[{"t":"idOrVar","v":"value"}," uker siden"],"two":[{"t":"idOrVar","v":"value"}," uker siden"],"zero":"denne uken"},"$x":[{"t":"idOrVar","v":"plural"},"value"]},{"$i":"months-ago-long","$v":{"few":[{"t":"idOrVar","v":"value"}," måneder siden"],"many":[{"t":"idOrVar","v":"value"}," måneder siden"],"one":"sist måned","other":[{"t":"idOrVar","v":"value"}," måneder siden"],"two":[{"t":"idOrVar","v":"value"}," måneder siden"],"zero":"denne måneden"},"$x":[{"t":"idOrVar","v":"plural"},"value"]},{"$i":"years-ago-long","$v":{"few":[{"t":"idOrVar","v":"value"}," år siden"],"many":[{"t":"idOrVar","v":"value"}," år siden"],"one":"i fjor","other":[{"t":"idOrVar","v":"value"}," år siden"],"two":[{"t":"idOrVar","v":"value"}," år siden"],"zero":"i år"},"$x":[{"t":"idOrVar","v":"plural"},"value"]},{"$i":"minutes-until-long","$v":{"few":["om ",{"t":"idOrVar","v":"value"}," minutter"],"many":["om ",{"t":"idOrVar","v":"value"}," minutter"],"one":"om ett minutt","other":["om ",{"t":"idOrVar","v":"value"}," minutter"],"two":["om ",{"t":"idOrVar","v":"value"}," minutter"],"zero":"nå"},"$x":[{"t":"idOrVar","v":"plural"},"value"]},{"$i":"hours-until-long","$v":{"few":["om ",{"t":"idOrVar","v":"value"}," timer"],"many":["om ",{"t":"idOrVar","v":"value"}," timer"],"one":"om én time","other":["om ",{"t":"idOrVar","v":"value"}," timer"],"two":["om ",{"t":"idOrVar","v":"value"}," timer"],"zero":"nå"},"$x":[{"t":"idOrVar","v":"plural"},"value"]},{"$i":"days-until-long","$v":{"few":["om ",{"t":"idOrVar","v":"value"}," dager"],"many":["om ",{"t":"idOrVar","v":"value"}," dager"],"one":"i morgen","other":["om ",{"t":"idOrVar","v":"value"}," dager"],"two":["om ",{"t":"idOrVar","v":"value"}," dager"],"zero":"i dag"},"$x":[{"t":"idOrVar","v":"plural"},"value"]},{"$i":"weeks-until-long","$v":{"few":["om ",{"t":"idOrVar","v":"value"}," uker"],"many":["om ",{"t":"idOrVar","v":"value"}," uker"],"one":"neste uke","other":["om ",{"t":"idOrVar","v":"value"}," uker"],"two":["om ",{"t":"idOrVar","v":"value"}," uker"],"zero":"denne uken"},"$x":[{"t":"idOrVar","v":"plural"},"value"]},{"$i":"months-until-long","$v":{"few":["om ",{"t":"idOrVar","v":"value"}," måneder"],"many":["om ",{"t":"idOrVar","v":"value"}," måneder"],"one":"neste måned","other":["om ",{"t":"idOrVar","v":"value"}," måneder"],"two":["om ",{"t":"idOrVar","v":"value"}," måneder"],"zero":"denne måneden"},"$x":[{"t":"idOrVar","v":"plural"},"value"]},{"$i":"years-until-long","$v":{"few":["om ",{"t":"idOrVar","v":"value"}," år"],"many":["om ",{"t":"idOrVar","v":"value"}," år"],"one":"neste år","other":["om ",{"t":"idOrVar","v":"value"}," år"],"two":["om ",{"t":"idOrVar","v":"value"}," år"],"zero":"i år"},"$x":[{"t":"idOrVar","v":"plural"},"value"]},{"$i":"minutes-ago-short","$v":{"other":[{"t":"idOrVar","v":"value"}," m siden"],"zero":"akkurat nå"},"$x":[{"t":"idOrVar","v":"plural"},"value"]},{"$i":"hours-ago-short","$v":{"other":[{"t":"idOrVar","v":"value"}," t siden"],"zero":"akkurat nå"},"$x":[{"t":"idOrVar","v":"plural"},"value"]},{"$i":"days-ago-short","$v":{"other":[{"t":"idOrVar","v":"value"}," d siden"],"zero":"i dag"},"$x":[{"t":"idOrVar","v":"plural"},"value"]},{"$i":"minutes-until-short","$v":{"other":["om ",{"t":"idOrVar","v":"value"},"m"],"zero":"nå"},"$x":[{"t":"idOrVar","v":"plural"},"value"]},{"$i":"hours-until-short","$v":{"other":["om ",{"t":"idOrVar","v":"value"},"t"],"zero":"nå"},"$x":[{"t":"idOrVar","v":"plural"},"value"]},{"$i":"days-until-short","$v":{"other":["om ",{"t":"idOrVar","v":"value"},"d"],"zero":"i dag"},"$x":[{"t":"idOrVar","v":"plural"},"value"]},{"$i":"incorrectDate","$v":"(feil dato)"},{"$i":"dateTimeFormat_%c","$v":"%a %b %e %Y %I:%M:%S %p"},{"$i":"dateTimeFormat_%x","$v":"%m/%d/%Y"},{"$i":"dateTimeFormat_%X","$v":"%I:%M:%S %p"},{"$i":"shortTimeFormat","$v":"%I:%M %p"},{"$i":"shortTimeFormat12","$v":"%I:%M %p"},{"$i":"shortTimeFormat24","$v":"%H:%M"},{"$i":"shortDateTimeFormat","$v":"%x %I:%M %p"},{"$i":"weekStartsOnMonday","$v":"0.0"},{"$i":"firstDayOfTheWeek","$v":"1.0"},{"$i":"time_am","$v":"AM"},{"$i":"time_pm","$v":"PM"}]