[{"$i":"setup-app-name-header","$v":"Bericht"},{"$i":"setup-empty-account-message","$v":"U kunt nog geen e-mails verzenden of ontvangen. Stel een account in om de actie te voltooien."},{"$i":"setup-pick-service","$v":"Als u e-mails wilt verzenden en ontvangen, moet u een account instellen."},{"$i":"setup-account-header3","$v":"Accountaanmelding"},{"$i":"setup-account-password","$v":"Wachtwoord"},{"$i":"setup-info-next","$v":"Volgende"},{"$i":"setup-progress-wait-msg","$v":"Account instellen"},{"$i":"setup-sync-progress-wait-msg","$v":"Account synchroniseren"},{"$i":"setup-completed-header","$v":"Gefeliciteerd!"},{"$i":"setup-completed-label","$v":"Helemaal klaar!"},{"$i":"setup-add-another-account","$v":"Nog een account toevoegen"},{"$i":"setup-show-mail","$v":"Doorgaan naar e-mail"},{"$i":"setup-done-add","$v":"Account toevoegen"},{"$i":"setup-error-offline","$v":"Dit apparaat is op dit moment offline. Maak verbinding met een netwerk en probeer het opnieuw."},{"$i":"setup-error-bad-user-or-pass2","$v":"Gebruikersnaam of wachtwoord is ongeldig. Controleer op spelfouten."},{"$i":"setup-error-bad-address","$v":"Ongeldig e-mailadres. Controleer op spelfouten."},{"$i":"setup-error-not-authorized","$v":"De server geeft aan dat u niet bevoegd bent om een account te maken"},{"$i":"setup-error-pop-server-not-great","$v":"Server wordt niet ondersteund. De POP3-server implementeert de vereiste functies niet."},{"$i":"setup-error-unknown2","$v":"Er is een onbekende fout opgetreden. Controleer uw netwerkverbinding of probeer de handmatige configuratie-optie."},{"$i":"setup-error-needs-app-pass","$v":"U moet een wachtwoord voor de applicatie gebruiken voor Gmail-accounts met twee-factor-verificatie"},{"$i":"setup-error-imap-disabled","$v":"U moet IMAP inschakelen voor uw Gmail-account"},{"$i":"setup-error-pop3-disabled","$v":"U moet POP3 inschakelen voor uw Gmail-account"},{"$i":"setup-error-bad-security","$v":["Kan geen beveiligde verbinding met '",{"t":"idOrVar","v":"server"},"' maken. Er is mogelijk een probleem met uw netwerk of de server."]},{"$i":"setup-error-unresponsive-server","$v":["Kan geen verbinding met '",{"t":"idOrVar","v":"server"},"' maken. Er is mogelijk een probleem met het netwerk."]},{"$i":"setup-error-server-problem","$v":["Er is een probleem met de server '",{"t":"idOrVar","v":"server"},"'. Probeer het later opnieuw."]},{"$i":"setup-error-no-config-info","$v":"Kan uw account niet automatisch configureren. Corrigeer uw e-mailadres of probeer de handmatige configuratie-optie."},{"$i":"setup-error-server-maintenance","$v":["De server '",{"t":"idOrVar","v":"server"},"' is offline vanwege onderhoud. Probeer het later opnieuw."]},{"$i":"setup-error-account-already-exists","$v":"Dit account is al geconfigureerd."},{"$i":"setup-manual-config2","$v":"Geavanceerd"},{"$i":"setup-manual-config-header","$v":"Accountaanmelding"},{"$i":"setup-manual-account-type-header","$v":"Accounttype"},{"$i":"setup-manual-account-type","$v":"Accounttype"},{"$i":"setup-manual-account-type-select","ariaLabel":"Accounttype"},{"$i":"setup-manual-imap-header","$v":"IMAP-instellingen"},{"$i":"setup-manual-pop3-header","$v":"POP3-instellingen"},{"$i":"setup-manual-smtp-header","$v":"SMTP-instellingen"},{"$i":"setup-manual-activesync-header","$v":"ActiveSync-instellingen"},{"$i":"setup-manual-next","$v":"Volgende"},{"$i":"setup-manual-socket","$v":"Sockettype"},{"$i":"setup-manual-socket-ssl","$v":"SSL"},{"$i":"setup-manual-socket-starttls","$v":"STARTTLS"},{"$i":"setup-manual-socket-select","ariaLabel":"Verbindingsbeveiliging"},{"$i":"setup-manual-socket-plain","$v":"Niet versleuteld"},{"$i":"setup-bad-password-header","$v":"Onjuist wachtwoord"},{"$i":"setup-bad-password","$v":"Kan niet aanmelden bij server. Probeer het wachtwoord nogmaals."},{"$i":"setup-new-password","placeholder":"Nieuw wachtwoord"},{"$i":"setup-fix-password","$v":"Opnieuw proberen met nieuw wachtwoord"},{"$i":"setup-gmail-twofactor-header","$v":"Twee-factor ingeschakeld"},{"$i":"setup-gmail-twofactor-message","$v":"U moet hieronder een applicatiespecifiek wachtwoord invoeren."},{"$i":"setup-gmail-imap-header","$v":"IMAP uitgeschakeld"},{"$i":"setup-gmail-imap-message","$v":"U moet IMAP inschakelen op uw Gmail-account"},{"$i":"setup-gmail-retry","$v":"Opnieuw"},{"$i":"setup-gmail-pop3-header","$v":"POP3 uitgeschakeld"},{"$i":"setup-gmail-pop3-message","$v":"U moet POP3 inschakelen op uw Gmail-account"},{"$i":"setup-fix-oauth2-header","$v":"E-mail opnieuw goedkeuren"},{"$i":"setup-fix-oauth2-description","$v":"E-mail moet opnieuw worden goedgekeurd voor toegang tot het volgende account:"},{"$i":"setup-fix-oauth2-reauthorize","$v":"Opnieuw goedkeuren"},{"$i":"settings-main-header","$v":"E-mailinstellingen"},{"$i":"settings-sub-header-account","$v":"Account"},{"$i":"settings-account-group","ariaLabel":"Account"},{"$i":"settings-account-name","$v":"Uw naam"},{"$i":"settings-account-label","$v":"Accountlabel"},{"$i":"settings-account-display-notifications","$v":"Nieuwe e-mailmeldingen weergeven"},{"$i":"settings-account-play-sound-onsend","$v":"Geluid afspelen nadat bericht is verzonden"},{"$i":"settings-account-signature-label","$v":"Handtekening"},{"$i":"settings-sub-header-data","$v":"Data"},{"$i":"settings-data-group","ariaLabel":"Data"},{"$i":"settings-account-check-mail","$v":"Controleren op nieuwe berichten"},{"$i":"settings-account-check-mail-select","ariaLabel":"Controleren op nieuwe berichten"},{"$i":"settings-sub-header-server","$v":"Serverinstellingen"},{"$i":"settings-server-group","ariaLabel":"Serverinstellingen"},{"$i":"settings-account-userpass","$v":"Gebruikersnaam en wachtwoord"},{"$i":"settings-account-useroauth2","$v":"Gebruikersnaam"},{"$i":"settings-default-signature-2","$v":"Verzonden van mijn telefoon"},{"$i":"settings-done","$v":"Gereed"},{"$i":"settings-account-section","$v":"Accounts"},{"$i":"settings-account-listbox","ariaLabel":"Accounts"},{"$i":"settings-account-add","$v":"Toevoegen"},{"$i":"settings-account-delete","$v":"Account verwijderen"},{"$i":"settings-account-delete-prompt","$v":["Weet u zeker dat u uw ",{"t":"idOrVar","v":"account"}," e-mailaccount wilt verwijderen?"]},{"$i":"settings-account-delete-desc","$v":"U moet uw e-mail opnieuw downloaden als u het account opnieuw aanmaakt."},{"$i":"settings-account-delete-cancel","$v":"Annuleren"},{"$i":"settings-account-delete-confirm","$v":"Verwijderen"},{"$i":"settings-account-clarify","$v":[{"t":"idOrVar","v":"account-name"}]},{"$i":"settings-account-clarify-imap","$v":[{"t":"idOrVar","v":"account-name"}," (IMAP)"]},{"$i":"settings-account-clarify-pop3","$v":[{"t":"idOrVar","v":"account-name"}," (POP3)"]},{"$i":"settings-account-clarify-smtp","$v":[{"t":"idOrVar","v":"account-name"}," (SMTP)"]},{"$i":"settings-general-section","$v":"Algemene instellingen"},{"$i":"settings-show-images","$v":"Altijd afbeeldingen weergeven"},{"$i":"settings-download-attachments","$v":"Bijlagen downloaden"},{"$i":"settings-check-every-5min","$v":"Elke 5 minuten"},{"$i":"settings-check-every-10min","$v":"Elke 10 minuten"},{"$i":"settings-check-every-15min","$v":"Elke 15 minuten"},{"$i":"settings-check-every-30min","$v":"Elke 30 minuten"},{"$i":"settings-check-every-60min","$v":"Elk uur"},{"$i":"settings-check-every-manual","$v":"Handmatig"},{"$i":"settings-check-dynamic","$v":{"few":[{"t":"idOrVar","v":"n"}," seconden"],"many":[{"t":"idOrVar","v":"n"}," seconden"],"one":[{"t":"idOrVar","v":"n"}," seconde"],"other":[{"t":"idOrVar","v":"n"}," seconden"],"two":[{"t":"idOrVar","v":"n"}," seconden"],"zero":"uitgeschakeld"},"$x":[{"t":"idOrVar","v":"plural"},"n"]},{"$i":"settings-default-account","$v":"Instellen als standaard-e-mail"},{"$i":"settings-account-type","$v":"Accounttype"},{"$i":"settings-account-credentials","$v":"Referenties"},{"$i":"settings-activesync-label","$v":"ActiveSync-instellingen"},{"$i":"settings-imap-label","$v":"IMAP-instellingen"},{"$i":"settings-pop3-label","$v":"POP3-instellingen"},{"$i":"settings-smtp-label","$v":"SMTP-instellingen"},{"$i":"settings-hostname","$v":"Hostnaam"},{"$i":"settings-port","$v":"Poort"},{"$i":"settings-username","$v":"Gebruikersnaam"},{"$i":"settings-password","$v":"Wachtwoord"},{"$i":"settings-save","$v":"Opslaan"},{"$i":"password-saved","$v":"Wachtwoord opgeslagen."},{"$i":"settings-reauth","$v":"Opnieuw goedkeuren"},{"$i":"settings-account-synchronize-window","$v":"Dagen om te synchroniseren"},{"$i":"settings-account-synchronize-window-select","ariaLabel":"Dagen om te synchroniseren"},{"$i":"settings-synchronize-auto","$v":"Automatisch"},{"$i":"settings-synchronize-one-day","$v":"1 dag"},{"$i":"settings-synchronize-three-days","$v":"3 dagen"},{"$i":"settings-synchronize-one-week","$v":"1 week"},{"$i":"settings-synchronize-two-weeks","$v":"2 weken"},{"$i":"settings-synchronize-one-month","$v":"1 maand"},{"$i":"settings-synchronize-all","$v":"Alle berichten"},{"$i":"envelope-from","$v":"Van"},{"$i":"envelope-to","$v":"Naar"},{"$i":"envelope-cc","$v":"Cc"},{"$i":"envelope-bcc","$v":"Bcc"},{"$i":"message-header-state-sending","ariaLabel":"Verzenden"},{"$i":"message-header-state-error","ariaLabel":"Fout bij verzenden"},{"$i":"message-header-unread","ariaLabel":"Ongelezen"},{"$i":"message-header-reply","ariaLabel":"Beantwoorden"},{"$i":"message-header-forward","ariaLabel":"Doorsturen"},{"$i":"message-header-starred","ariaLabel":"Heeft ster"},{"$i":"message-header-attachments","ariaLabel":"Heeft bijlagen"},{"$i":"message-body-container","ariaLabel":"Bericht"},{"$i":"message-body-container-progress","ariaValueText":"Bezig met laden"},{"$i":"subject","ariaLabel":"Onderwerp"},{"$i":"attachments-container","ariaLabel":"Bijlagen"},{"$i":"from-group","ariaLabel":"Van"},{"$i":"to-group","ariaLabel":"Naar"},{"$i":"cc-group","ariaLabel":"CC"},{"$i":"bcc-group","ariaLabel":"BCC"},{"$i":"compose-header","$v":"Bericht opstellen"},{"$i":"compose-header-short","$v":"Opstellen"},{"$i":"compose-send","$v":"Verzenden"},{"$i":"compose-send-button","ariaLabel":"Verzenden"},{"$i":"compose-to","$v":"Naar"},{"$i":"compose-cc","$v":"Cc"},{"$i":"compose-bcc","$v":"Bcc"},{"$i":"compose-cc-remove","$v":"Cc-lijst verwijderd."},{"$i":"compose-bcc-remove","$v":"Bcc-lijst verwijderd."},{"$i":"compose-contact-add","ariaLabel":"Contact toevoegen"},{"$i":"compose-attachments","$v":{"few":["Bijlagen (",{"t":"idOrVar","v":"n"},")"],"many":["Bijlagen (",{"t":"idOrVar","v":"n"},")"],"one":["Bijlage (",{"t":"idOrVar","v":"n"},")"],"other":["Bijlagen (",{"t":"idOrVar","v":"n"},")"],"two":["Bijlagen (",{"t":"idOrVar","v":"n"},")"],"zero":"Bijlage"},"$x":[{"t":"idOrVar","v":"plural"},"n"]},{"$i":"compose-text","ariaLabel":"Bewerken"},{"$i":"compose-attachment-still-working","$v":"Een moment geduld. Er wordt nog aan de vorige bijlage gewerkt..."},{"$i":"compose-attachment-loading","$v":"Bijlage laden..."},{"$i":"compose-attachments-loading","$v":"Bijlagen laden..."},{"$i":"compose-forward-attachment-error-title","$v":"Download mislukt."},{"$i":"compose-forward-attachment-error-title2","$v":"Fout"},{"$i":"compose-forward-attachment-unable-load","$v":"Kan bijlage niet laden."},{"$i":"compose-forward-attachments-unable-load","$v":"Kan bijlagen niet laden."},{"$i":"compose-forward-attachment-load-error","$v":"Sommige bijlagen kunnen niet worden geladen."},{"$i":"confirmation-title","$v":"Bevestiging"},{"$i":"compose-subject","$v":"Onderwerp"},{"$i":"compose-draft-save","$v":"Opslaan in Lokale concepten?"},{"$i":"compose-discard-confirm","$v":"Weggooien"},{"$i":"compose-draft-dialog-cancel","$v":"Annuleren"},{"$i":"compose-draft-dialog-save","$v":"Opslaan"},{"$i":"composer-draft-saved","$v":"Bericht opgeslagen in Lokale concepten"},{"$i":"attention","$v":"Let op"},{"$i":"compose-send-message-failed","$v":"Verzenden van e-mail is mislukt"},{"$i":"compose-attchment-size-exceeded","$v":"De geselecteerde bijlage is te groot om bij dit bericht te verzenden."},{"$i":"compose-attchments-size-exceeded","$v":"De geselecteerde bijlagen zijn te groot om bij dit bericht te verzenden. Selecteer minder bestanden."},{"$i":"composer-attachment-large-title","$v":"Bestandsgrootte is te groot"},{"$i":"default-attachment-filename","$v":["bijlage",{"t":"idOrVar","v":"n"}]},{"$i":"attachment-size-meb","$v":[{"t":"idOrVar","v":"megabytes"}," MB"]},{"$i":"attachment-size-kib","$v":[{"t":"idOrVar","v":"kilobytes"}," KB"]},{"$i":"attachment-size-byte","$v":[{"t":"idOrVar","v":"bytes"}," B"]},{"$i":"message-attachment-view","$v":"Weergeven"},{"$i":"message-attachment-did-not-open-label","$v":"Kan niet openen"},{"$i":"message-attachment-did-not-open-body","$v":"Het apparaat heeft geen app die de bijlage kan openen."},{"$i":"message-attachment-too-large","$v":"Het bestand is te groot om te downloaden."},{"$i":"message-attachment-not-found","$v":"Kan het bijlagebestand niet vinden, is mogelijk verwijderd."},{"$i":"message-attachment-download-fail","$v":[{"t":"idOrVar","v":"fileName"}," - Downloaden mislukt."]},{"$i":"message-no-subject","$v":"(geen onderwerp)"},{"$i":"message-edit-menu-edit","$v":"Bewerken"},{"$i":"message-edit-menu-delete","$v":"Verwijderen"},{"$i":"message-edit-delete-confirm","$v":"E-mailbericht verwijderen?"},{"$i":"message-forward-attachment-title","$v":"Bijlage"},{"$i":"message-forward-attachment","$v":"Bijlage ook doorsturen?"},{"$i":"message-forward-attachments","$v":"Bijlagen ook doorsturen?"},{"$i":"message-multiedit-header","$v":{"few":[{"t":"idOrVar","v":"n"}," geselecteerd"],"many":[{"t":"idOrVar","v":"n"}," geselecteerd"],"one":[{"t":"idOrVar","v":"n"}," geselecteerd"],"other":[{"t":"idOrVar","v":"n"}," geselecteerd"],"two":[{"t":"idOrVar","v":"n"}," geselecteerd"],"zero":[{"t":"idOrVar","v":"n"}," geselecteerd"]},"$x":[{"t":"idOrVar","v":"plural"},"n"]},{"$i":"message-multiedit-search-header","$v":{"few":[{"t":"idOrVar","v":"n"}," geselecteerd"],"many":[{"t":"idOrVar","v":"n"}," geselecteerd"],"one":[{"t":"idOrVar","v":"n"}," geselecteerd"],"other":[{"t":"idOrVar","v":"n"}," geselecteerd"],"two":[{"t":"idOrVar","v":"n"}," geselecteerd"],"zero":"0 geselecteerd"},"$x":[{"t":"idOrVar","v":"plural"},"n"]},{"$i":"browse-to-url-prompt","$v":["Bladeren naar URL?: ",{"t":"idOrVar","v":"url"}]},{"$i":"message-download-images-tap","$v":{"few":["Deze e-mail bevat ",{"t":"idOrVar","v":"n"}," afbeeldingen. Tik om te downloaden."],"many":["Deze e-mail bevat ",{"t":"idOrVar","v":"n"}," afbeeldingen. Tik om te downloaden."],"one":"Deze e-mail bevat één afbeelding. Tik om te downloaden.","other":["Deze e-mail bevat ",{"t":"idOrVar","v":"n"}," afbeeldingen. Tik om te downloaden."],"two":["Deze e-mail bevat ",{"t":"idOrVar","v":"n"}," afbeeldingen. Tik om te downloaden."]},"$x":[{"t":"idOrVar","v":"plural"},"n"]},{"$i":"message-show-external-images","$v":"Externe afbeeldingen weergeven"},{"$i":"message-delete-cancel","$v":"Annuleren"},{"$i":"message-multiedit-delete-confirm","$v":{"few":[{"t":"idOrVar","v":"n"}," berichten verwijderen?"],"many":[{"t":"idOrVar","v":"n"}," berichten verwijderen?"],"one":"Geselecteerd bericht verwijderen?","other":[{"t":"idOrVar","v":"n"}," berichten verwijderen?"],"two":[{"t":"idOrVar","v":"n"}," berichten verwijderen?"]},"$x":[{"t":"idOrVar","v":"plural"},"n"]},{"$i":"message-large-message-cancel","$v":"Annuleren"},{"$i":"message-large-message-ok","$v":"Doorgaan"},{"$i":"message-large-message-confirm","$v":"Dit bericht is groot en het kan even duren voordat het is gedownload."},{"$i":"message-large-message-warning","$v":"Het bericht te groot om te laden."},{"$i":"message-search-header","$v":"Zoeken"},{"$i":"search-result","$v":[{"t":"idOrVar","v":"num"}," overeenkomst gevonden"]},{"$i":"message-search-from","$v":"Van"},{"$i":"message-search-to","$v":"Naar"},{"$i":"message-search-subject","$v":"Onderwerp"},{"$i":"message-search-body","$v":"Tekst"},{"$i":"message-search-all","$v":"Alle"},{"$i":"message-search-input","placeholder":"E-mail zoeken"},{"$i":"message-search-cancel","$v":"Annuleren"},{"$i":"messages-syncing","$v":"Berichten laden"},{"$i":"messages-syncing-progressbar","ariaValueText":"Berichten laden"},{"$i":"messages-load-more","$v":"Meer berichten laden"},{"$i":"messages-folder-empty","$v":"Geen e-mail in deze map"},{"$i":"messages-search-empty","$v":"Geen overeenkomsten in berichten die zijn opgeslagen in lokale cache"},{"$i":"messages-folder-select","$v":"Verplaatsen naar map"},{"$i":"messages-folder-unread-max","$v":"999+"},{"$i":"message-contact-menu-create","$v":"Nieuw contact opslaan"},{"$i":"message-contact-menu-add-existing","$v":"Toevoegen aan bestaand contact"},{"$i":"message-contact-menu-view","$v":"Contact bekijken"},{"$i":"message-contact-menu-reply","$v":"Beantwoorden"},{"$i":"message-contact-menu-new","$v":"Nieuwe e-mail verzenden"},{"$i":"message-reply-menu-reply","$v":"Beantwoorden"},{"$i":"message-reply-menu-reply-all","$v":"Allen beantwoorden"},{"$i":"message-reply-menu-forward","$v":"Doorsturen"},{"$i":"message-reply-menu-cancel","$v":"Annuleren"},{"$i":"reply-quoting-wrote","$v":"{name} schreef"},{"$i":"forward-original-message","$v":"Origineel bericht"},{"$i":"forward-header-subject","$v":"Onderwerp"},{"$i":"forward-header-date","$v":"Datum"},{"$i":"forward-header-from","$v":"Van"},{"$i":"forward-header-reply-to","$v":"Antwoord naar"},{"$i":"forward-header-to","$v":"Naar"},{"$i":"forward-header-cc","$v":"Cc"},{"$i":"folder-inbox","$v":"Postvak IN"},{"$i":"folder-sent","$v":"Verzonden"},{"$i":"folder-drafts","$v":"Concepten"},{"$i":"folder-trash","$v":"Prullenbak"},{"$i":"folder-queue","$v":"Niet verzonden"},{"$i":"folder-junk","$v":"Spam"},{"$i":"folder-archives","$v":"Archieven"},{"$i":"folder-localdrafts","$v":"Lokale concepten"},{"$i":"folder-outbox","$v":"Postvak UIT"},{"$i":"drawer-back","$v":"Terug"},{"$i":"drawer-accounts-header","$v":"Accounts"},{"$i":"drawer-settings-link","$v":"Instellingen"},{"$i":"folder-last-synced-label","$v":"Laatste synchronisatie:"},{"$i":"messages-refresh-progress","ariaValueText":"Vernieuwen"},{"$i":"no-internet-connection","$v":"Geen internetverbinding."},{"$i":"toaster-undo","$v":"Ongedaan maken"},{"$i":"toaster-message-star","$v":{"few":[{"t":"idOrVar","v":"n"}," berichten gemarkeerd"],"many":[{"t":"idOrVar","v":"n"}," berichten gemarkeerd"],"one":"Markering toegevoegd aan bericht","other":[{"t":"idOrVar","v":"n"}," berichten gemarkeerd"],"two":[{"t":"idOrVar","v":"n"}," berichten gemarkeerd"]},"$x":[{"t":"idOrVar","v":"plural"},"n"]},{"$i":"toaster-message-unstar","$v":{"few":[{"t":"idOrVar","v":"n"}," berichtmarkeringen verwijderd"],"many":[{"t":"idOrVar","v":"n"}," berichtmarkeringen verwijderd"],"one":"Berichtmarkering verwijderd","other":[{"t":"idOrVar","v":"n"}," berichtmarkeringen verwijderd"],"two":[{"t":"idOrVar","v":"n"}," berichtmarkeringen verwijderd"]},"$x":[{"t":"idOrVar","v":"plural"},"n"]},{"$i":"toaster-message-read","$v":{"few":[{"t":"idOrVar","v":"n"}," berichten gemarkeerd als gelezen"],"many":[{"t":"idOrVar","v":"n"}," berichten gemarkeerd als gelezen"],"one":"Bericht gemarkeerd als gelezen","other":[{"t":"idOrVar","v":"n"}," berichten gemarkeerd als gelezen"],"two":[{"t":"idOrVar","v":"n"}," berichten gemarkeerd als gelezen"]},"$x":[{"t":"idOrVar","v":"plural"},"n"]},{"$i":"toaster-message-unread","$v":{"few":[{"t":"idOrVar","v":"n"}," berichten gemarkeerd als ongelezen"],"many":[{"t":"idOrVar","v":"n"}," berichten gemarkeerd als ongelezen"],"one":"Bericht gemarkeerd als ongelezen","other":[{"t":"idOrVar","v":"n"}," berichten gemarkeerd als ongelezen"],"two":[{"t":"idOrVar","v":"n"}," berichten gemarkeerd als ongelezen"]},"$x":[{"t":"idOrVar","v":"plural"},"n"]},{"$i":"toaster-message-move","$v":{"few":[{"t":"idOrVar","v":"n"}," berichten verplaatst naar map:"],"many":[{"t":"idOrVar","v":"n"}," berichten verplaatst naar map:"],"one":"Bericht verplaatst naar map:","other":[{"t":"idOrVar","v":"n"}," berichten verplaatst naar map:"],"two":[{"t":"idOrVar","v":"n"}," berichten verplaatst naar map:"]},"$x":[{"t":"idOrVar","v":"plural"},"n"]},{"$i":"toaster-message-delete","$v":{"few":[{"t":"idOrVar","v":"n"}," e-mails verwijderd"],"many":[{"t":"idOrVar","v":"n"}," e-mails verwijderd"],"one":"1 e-mail verwijderd","other":[{"t":"idOrVar","v":"n"}," e-mails verwijderd"],"two":[{"t":"idOrVar","v":"n"}," e-mails verwijderd"]},"$x":[{"t":"idOrVar","v":"plural"},"n"]},{"$i":"toaster-sync-failed","$v":"Kan geen verbinding maken met server."},{"$i":"compose-invalid-addresses-title","$v":"Ongeldige adressen"},{"$i":"compose-invalid-addresses-description","$v":"Uw bericht bevat één of meer ongeldige e-mailadressen. Corrigeer deze voordat u het bericht verzendt."},{"$i":"background-send-pending","$v":"Netwerk niet beschikbaar. E-mail opgeslagen in Postvak UIT."},{"$i":"background-send-sending","$v":"E-mail verzenden..."},{"$i":"background-send-success","$v":"E-mail is verzonden."},{"$i":"background-send-error","$v":"Er is een fout opgetreden. E-mail opgeslagen in Postvak UIT."},{"$i":"background-send-error-recipients","$v":"Fout bij ontvanger. E-mail opgeslagen in Postvak UIT."},{"$i":"background-send-error-title","$v":"Verzenden van e-mail is mislukt"},{"$i":"send-failure-recipients","$v":"Controleer de spelling van de bovenstaande adressen. Uw e-mailserver heeft aangegeven dat een of meer van de bovenstaande adressen onjuist zijn."},{"$i":"send-failure-unknown","$v":"Het bericht kon niet worden verzonden."},{"$i":"form-clear-input","$v":"Tekst verwijderen"},{"$i":"confirm-dialog-title","$v":"Bevestiging"},{"$i":"confirm-dialog-ok","$v":"OK"},{"$i":"msg-display-subject","$v":"Onderwerp"},{"$i":"msg-reader-display-attachments","$v":"Bijlagen"},{"$i":"msg-reader-display-attachment","$v":"Bijlage"},{"$i":"msg-reader-download-external-images","$v":["Externe afbeeldingen downloaden (",{"t":"idOrVar","v":"n"}," MB)"]},{"$i":"msg-reader-sender-header","$v":"Van"},{"$i":"msg-reader-recipients-header","$v":"Ontvangers"},{"$i":"msg-reader-cc-header","$v":"Cc"},{"$i":"msg-reader-bcc-header","$v":"Bcc"},{"$i":"msg-reader-message-flagged","$v":"Markering toegevoegd aan bericht"},{"$i":"msg-reader-flag-removed","$v":"Markering verwijderd"},{"$i":"external-image-downloading","$v":"Downloaden..."},{"$i":"senders-separation-sign","$v":", "},{"$i":"new-messages","$v":{"few":[{"t":"idOrVar","v":"n"}," nieuwe berichten"],"many":[{"t":"idOrVar","v":"n"}," nieuwe berichten"],"one":"1 nieuw bericht","other":[{"t":"idOrVar","v":"n"}," nieuwe berichten"],"two":[{"t":"idOrVar","v":"n"}," nieuwe berichten"]},"$x":[{"t":"idOrVar","v":"plural"},"n"]},{"$i":"new-emails-notify-one-account","$v":{"few":[{"t":"idOrVar","v":"n"}," nieuwe e-mails"],"many":[{"t":"idOrVar","v":"n"}," nieuwe e-mails"],"one":"1 nieuwe e-mail","other":[{"t":"idOrVar","v":"n"}," nieuwe e-mails"],"two":[{"t":"idOrVar","v":"n"}," nieuwe e-mails"]},"$x":[{"t":"idOrVar","v":"plural"},"n"]},{"$i":"new-emails-notify-multiple-accounts","$v":{"few":[{"t":"idOrVar","v":"n"}," nieuwe e-mails (",{"t":"idOrVar","v":"accountName"},")"],"many":[{"t":"idOrVar","v":"n"}," nieuwe e-mails (",{"t":"idOrVar","v":"accountName"},")"],"one":["1 nieuwe e-mail (",{"t":"idOrVar","v":"accountName"},")"],"other":[{"t":"idOrVar","v":"n"}," nieuwe e-mails (",{"t":"idOrVar","v":"accountName"},")"],"two":[{"t":"idOrVar","v":"n"}," nieuwe e-mails (",{"t":"idOrVar","v":"accountName"},")"]},"$x":[{"t":"idOrVar","v":"plural"},"n"]},{"$i":"new-emails-notify-multiple-accounts-body","$v":[{"t":"idOrVar","v":"from"}," '",{"t":"idOrVar","v":"subject"},"'"]},{"$i":"tng-plain-socket-warning-title","$v":"Weet u het zeker?"},{"$i":"tng-plain-socket-warning-message","$v":"Andere mensen kunnen uw wachtwoorden en e-mails zien of uw account beheren."},{"$i":"tng-plain-socket-warning-message-options","$v":"Er zijn meerdere, gratis e-mailproviders die veiligere, versleutelde verbindingen bieden."},{"$i":"tng-plain-socket-warning-ok","$v":"Ik begrijp het"},{"$i":"message-reader-date-received","ariaLabel":"Ontvangen"},{"$i":"sort-by-title","$v":"Sorteren op"},{"$i":"sort-by-date","$v":"Datum"},{"$i":"sort-by-from","$v":"Van"},{"$i":"sort-by-to","$v":"Naar"},{"$i":"sort-by-subject","$v":"Onderwerp"},{"$i":"softkey-options","$v":"Opties"},{"$i":"opt-compose","$v":"Opstellen"},{"$i":"opt-reply","$v":"Beantwoorden"},{"$i":"opt-reply-all","$v":"Allen beantwoorden"},{"$i":"opt-forward","$v":"Doorsturen"},{"$i":"opt-mark-read","$v":"Markeren als gelezen"},{"$i":"opt-mark-unread","$v":"Markeren als ongelezen"},{"$i":"opt-add-flag","$v":"Markering toevoegen"},{"$i":"opt-remove-flag","$v":"Markering verwijderen"},{"$i":"opt-move-message","$v":"Verplaatsen naar map"},{"$i":"opt-delete-message","$v":"Verwijderen"},{"$i":"opt-multi-select","$v":"Meerdere selecteren"},{"$i":"opt-search","$v":"Zoeken"},{"$i":"opt-folders","$v":"Mappen weergeven"},{"$i":"opt-sort","$v":"Sorteren"},{"$i":"opt-sync","$v":"Synchroniseren"},{"$i":"opt-account","$v":"Account overschakelen"},{"$i":"opt-settings","$v":"Instellingen"},{"$i":"opt-edit","$v":"Bewerken"},{"$i":"opt-cancel","$v":"Annuleren"},{"$i":"opt-save","$v":"Opslaan"},{"$i":"opt-move","$v":"Verplaatsen"},{"$i":"opt-view","$v":"Weergeven"},{"$i":"opt-empty-trash","$v":"Prullenbak legen"},{"$i":"opt-call-number","$v":"Oproep"},{"$i":"opt-compose-mail","$v":"Opstellen"},{"$i":"opt-open-url","$v":"Openen"},{"$i":"select-option-on","$v":"Aan"},{"$i":"select-option-off","$v":"Uit"},{"$i":"select-option-imap-smtp","$v":"IMAP+SMTP"},{"$i":"select-option-pop3-smtp","$v":"POP3+SMTP"},{"$i":"select-option-activesync","$v":"ActiveSync"},{"$i":"toaster-switch-account","$v":"E-mailaccount overgeschakeld naar: "},{"$i":"toaster-sorted-by","$v":"Bericht gesorteerd op"},{"$i":"cmp-reply","$v":"Beantwoorden"},{"$i":"cmp-reply-all","$v":"Allen beantwoorden"},{"$i":"cmp-forward","$v":"Bericht doorsturen"},{"$i":"cmp-remove-attach","$v":"Bijlage verwijderd"},{"$i":"select","$v":"Selecteer"},{"$i":"deselect","$v":"Deselecteren"},{"$i":"cancel","$v":"Annuleren"},{"$i":"enter","$v":"Invoeren"},{"$i":"remove-attachment","$v":"Bijlage verwijderen"},{"$i":"replace-attachment","$v":"Bijlage vervangen"},{"$i":"add-attachment","$v":"Bijlage toevoegen"},{"$i":"add-contact","$v":"Contact toevoegen"},{"$i":"add-cc","$v":"Cc toevoegen"},{"$i":"remove-cc","$v":"Cc verwijderen"},{"$i":"add-bcc","$v":"Bcc toevoegen"},{"$i":"remove-bcc","$v":"Bcc verwijderen"},{"$i":"attachment-download","$v":"Downloaden"},{"$i":"attachment-share","$v":"Delen"},{"$i":"send-new-mail","$v":"Nieuwe e-mail verzenden"},{"$i":"view-contact","$v":"Contact weergeven"},{"$i":"save-new-contact","$v":"Nieuw contact opslaan"},{"$i":"add-to-exsiting-contact","$v":"Toevoegen aan bestaand contact"},{"$i":"no","$v":"Nee"},{"$i":"yes","$v":"Ja"},{"$i":"retry","$v":"Opnieuw"},{"$i":"empty","$v":"Leeg"},{"$i":"empty-trash-confirm","$v":"Wilt u de prullenbak leegmaken?"},{"$i":"trash-emptied","$v":"Prullenbak leeggemaakt"},{"$i":"next","$v":"Volgende"},{"$i":"welcome-header","$v":"E-mail"},{"$i":"welcome-msg","$v":"Welkom bij e-mail."},{"$i":"welcome-msg-setup","$v":"Druk op Volgende om uw e-mailaccount in te stellen."},{"$i":"discard","$v":"Weggooien"},{"$i":"leave-this-page-warning-message","$v":"Wilt u de informatie van de e-mailaccount verwijderen?"},{"$i":"finish","$v":"Voltooien"},{"$i":"setup-done-msg","$v":"U bent aangemeld. Wilt u nog een account toevoegen?"},{"$i":"save-as-draft","$v":"Opslaan als concept"},{"$i":"show-password","$v":"Wachtwoord weergeven"},{"$i":"account-label","$v":"Accountlabel"},{"$i":"folders","$v":"Mappen"},{"$i":"security","$v":"Beveiliging"},{"$i":"port-number","$v":"Poortnummer"},{"$i":"domain-username","$v":"Domein\\Gebruikersnaam"},{"$i":"synchronizing","$v":"Synchroniseren..."},{"$i":"browse-mail","$v":"Bladeren in e-mail"},{"$i":"never-sync","$v":"Lokale concepten zijn niet met de server gesynchroniseerd."},{"$i":"emptyDownloadFile","$v":"Kan dit bestand niet downloaden. Het is mogelijk leeg."},{"$i":"sync","$v":"Synchroniseren"},{"$i":"outbox-unsent-label","$v":{"few":[{"t":"idOrVar","v":"n"}," niet verzonden berichten in Postvak UIT"],"many":[{"t":"idOrVar","v":"n"}," niet verzonden berichten in Postvak UIT"],"one":"1 niet verzonden bericht in Postvak UIT","other":[{"t":"idOrVar","v":"n"}," niet verzonden berichten in Postvak UIT"],"two":"2 niet verzonden berichten in Postvak UIT"},"$x":[{"t":"idOrVar","v":"plural"},"n"]},{"$i":"storage-full-title","$v":"Opslag is vol"},{"$i":"storage-full-warning","$v":"U kunt een aantal mediabestanden verwijderen of applicatiegegevens beheren om extra vrije ruimte te creëren."},{"$i":"storage-full","$v":"Telefoonopslag is vol."},{"$i":"storage-sdcard-full","$v":"SD-kaart is vol."},{"$i":"view-address","$v":"Adres weergeven"},{"$i":"mail-address-title","$v":"E-mailadres"},{"$i":"mail-address","$v":[{"t":"idOrVar","v":"address"}]},{"$i":"value-name","$v":[{"t":"idOrVar","v":"name"}]},{"$i":"account-deleted","$v":"Account verwijderd."},{"$i":"account-reEnable","$v":"Account bestaat al. E-mailaccount synchroniseren?"},{"$i":"setup-account-usedInfo","$v":"Dit account wordt gebruikt door de onderstaande apps. U kunt dit wijzigen in Instellingen>Account."},{"$i":"setup-account-settingsInfo","$v":"Elke app heeft andere standaardintervals voor synchroniseren. Controleer deze in de app-instellingen."},{"$i":"app-calendar","$v":"Agenda"},{"$i":"app-contacts","$v":"Contacten"},{"$i":"app-email","$v":"E-mail"},{"$i":"weekday-0-long","$v":"zondag"},{"$i":"weekday-1-long","$v":"maandag"},{"$i":"weekday-2-long","$v":"dinsdag"},{"$i":"weekday-3-long","$v":"woensdag"},{"$i":"weekday-4-long","$v":"donderdag"},{"$i":"weekday-5-long","$v":"vrijdag"},{"$i":"weekday-6-long","$v":"zaterdag"},{"$i":"weekday-0-short","$v":"Zon"},{"$i":"weekday-1-short","$v":"Maa"},{"$i":"weekday-2-short","$v":"Din"},{"$i":"weekday-3-short","$v":"Woe"},{"$i":"weekday-4-short","$v":"Don"},{"$i":"weekday-5-short","$v":"Vrij"},{"$i":"weekday-6-short","$v":"Zat"},{"$i":"month-0-long","$v":"januari"},{"$i":"month-1-long","$v":"februari"},{"$i":"month-2-long","$v":"maart"},{"$i":"month-3-long","$v":"april"},{"$i":"month-4-long","$v":"mei"},{"$i":"month-5-long","$v":"juni"},{"$i":"month-6-long","$v":"juli"},{"$i":"month-7-long","$v":"augustus"},{"$i":"month-8-long","$v":"september"},{"$i":"month-9-long","$v":"oktober"},{"$i":"month-10-long","$v":"november"},{"$i":"month-11-long","$v":"december"},{"$i":"month-0-genitive","$v":"januari"},{"$i":"month-1-genitive","$v":"februari"},{"$i":"month-2-genitive","$v":"maart"},{"$i":"month-3-genitive","$v":"april"},{"$i":"month-4-genitive","$v":"mei"},{"$i":"month-5-genitive","$v":"juni"},{"$i":"month-6-genitive","$v":"juli"},{"$i":"month-7-genitive","$v":"augustus"},{"$i":"month-8-genitive","$v":"september"},{"$i":"month-9-genitive","$v":"oktober"},{"$i":"month-10-genitive","$v":"november"},{"$i":"month-11-genitive","$v":"december"},{"$i":"month-0-short","$v":"Jan"},{"$i":"month-1-short","$v":"Feb"},{"$i":"month-2-short","$v":"Maa"},{"$i":"month-3-short","$v":"Apr"},{"$i":"month-4-short","$v":"mei"},{"$i":"month-5-short","$v":"Jun"},{"$i":"month-6-short","$v":"Jul"},{"$i":"month-7-short","$v":"Aug"},{"$i":"month-8-short","$v":"Sep"},{"$i":"month-9-short","$v":"Okt"},{"$i":"month-10-short","$v":"Nov"},{"$i":"month-11-short","$v":"Dec"},{"$i":"minutes-ago-long","$v":{"few":[{"t":"idOrVar","v":"value"}," minuten geleden"],"many":[{"t":"idOrVar","v":"value"}," minuten geleden"],"one":"een minuut geleden","other":[{"t":"idOrVar","v":"value"}," minuten geleden"],"two":[{"t":"idOrVar","v":"value"}," minuten geleden"],"zero":"zojuist"},"$x":[{"t":"idOrVar","v":"plural"},"value"]},{"$i":"hours-ago-long","$v":{"few":[{"t":"idOrVar","v":"value"}," uur geleden"],"many":[{"t":"idOrVar","v":"value"}," uur geleden"],"one":"een uur geleden","other":[{"t":"idOrVar","v":"value"}," uur geleden"],"two":[{"t":"idOrVar","v":"value"}," uur geleden"],"zero":"zojuist"},"$x":[{"t":"idOrVar","v":"plural"},"value"]},{"$i":"days-ago-long","$v":{"few":[{"t":"idOrVar","v":"value"}," dagen geleden"],"many":[{"t":"idOrVar","v":"value"}," dagen geleden"],"one":"gisteren","other":[{"t":"idOrVar","v":"value"}," dagen geleden"],"two":[{"t":"idOrVar","v":"value"}," dagen geleden"],"zero":"vandaag"},"$x":[{"t":"idOrVar","v":"plural"},"value"]},{"$i":"weeks-ago-long","$v":{"few":[{"t":"idOrVar","v":"value"}," weken geleden"],"many":[{"t":"idOrVar","v":"value"}," weken geleden"],"one":"vorige week","other":[{"t":"idOrVar","v":"value"}," weken geleden"],"two":[{"t":"idOrVar","v":"value"}," weken geleden"],"zero":"deze week"},"$x":[{"t":"idOrVar","v":"plural"},"value"]},{"$i":"months-ago-long","$v":{"few":[{"t":"idOrVar","v":"value"}," maanden geleden"],"many":[{"t":"idOrVar","v":"value"}," maanden geleden"],"one":"vorige maand","other":[{"t":"idOrVar","v":"value"}," maanden geleden"],"two":[{"t":"idOrVar","v":"value"}," maanden geleden"],"zero":"deze maand"},"$x":[{"t":"idOrVar","v":"plural"},"value"]},{"$i":"years-ago-long","$v":{"few":[{"t":"idOrVar","v":"value"}," jaar geleden"],"many":[{"t":"idOrVar","v":"value"}," jaar geleden"],"one":"vorig jaar","other":[{"t":"idOrVar","v":"value"}," jaar geleden"],"two":[{"t":"idOrVar","v":"value"}," jaar geleden"],"zero":"dit jaar"},"$x":[{"t":"idOrVar","v":"plural"},"value"]},{"$i":"minutes-until-long","$v":{"few":["over ",{"t":"idOrVar","v":"value"}," minuten"],"many":["over ",{"t":"idOrVar","v":"value"}," minuten"],"one":"over een minuut","other":["over ",{"t":"idOrVar","v":"value"}," minuten"],"two":["over ",{"t":"idOrVar","v":"value"}," minuten"],"zero":"nu"},"$x":[{"t":"idOrVar","v":"plural"},"value"]},{"$i":"hours-until-long","$v":{"few":["over ",{"t":"idOrVar","v":"value"}," uur"],"many":["over ",{"t":"idOrVar","v":"value"}," uur"],"one":"over een uur","other":["over ",{"t":"idOrVar","v":"value"}," uur"],"two":["over ",{"t":"idOrVar","v":"value"}," uur"],"zero":"nu"},"$x":[{"t":"idOrVar","v":"plural"},"value"]},{"$i":"days-until-long","$v":{"few":["over ",{"t":"idOrVar","v":"value"}," dagen"],"many":["over ",{"t":"idOrVar","v":"value"}," dagen"],"one":"morgen","other":["over ",{"t":"idOrVar","v":"value"}," dagen"],"two":["over ",{"t":"idOrVar","v":"value"}," dagen"],"zero":"vandaag"},"$x":[{"t":"idOrVar","v":"plural"},"value"]},{"$i":"weeks-until-long","$v":{"few":["over ",{"t":"idOrVar","v":"value"}," weken"],"many":["over ",{"t":"idOrVar","v":"value"}," weken"],"one":"volgende week","other":["over ",{"t":"idOrVar","v":"value"}," weken"],"two":["over ",{"t":"idOrVar","v":"value"}," weken"],"zero":"deze week"},"$x":[{"t":"idOrVar","v":"plural"},"value"]},{"$i":"months-until-long","$v":{"few":["over ",{"t":"idOrVar","v":"value"}," maanden"],"many":["over ",{"t":"idOrVar","v":"value"}," maanden"],"one":"volgende maand","other":["over ",{"t":"idOrVar","v":"value"}," maanden"],"two":["over ",{"t":"idOrVar","v":"value"}," maanden"],"zero":"deze maand"},"$x":[{"t":"idOrVar","v":"plural"},"value"]},{"$i":"years-until-long","$v":{"few":["over ",{"t":"idOrVar","v":"value"}," jaar"],"many":["over ",{"t":"idOrVar","v":"value"}," jaar"],"one":"volgend jaar","other":["over ",{"t":"idOrVar","v":"value"}," jaar"],"two":["over ",{"t":"idOrVar","v":"value"}," jaar"],"zero":"dit jaar"},"$x":[{"t":"idOrVar","v":"plural"},"value"]},{"$i":"minutes-ago-short","$v":{"other":[{"t":"idOrVar","v":"value"},"m geleden"],"zero":"zojuist"},"$x":[{"t":"idOrVar","v":"plural"},"value"]},{"$i":"hours-ago-short","$v":{"other":[{"t":"idOrVar","v":"value"},"u geleden"],"zero":"zojuist"},"$x":[{"t":"idOrVar","v":"plural"},"value"]},{"$i":"days-ago-short","$v":{"other":[{"t":"idOrVar","v":"value"},"d geleden"],"zero":"vandaag"},"$x":[{"t":"idOrVar","v":"plural"},"value"]},{"$i":"minutes-until-short","$v":{"other":["over ",{"t":"idOrVar","v":"value"},"m"],"zero":"nu"},"$x":[{"t":"idOrVar","v":"plural"},"value"]},{"$i":"hours-until-short","$v":{"other":["over ",{"t":"idOrVar","v":"value"},"u"],"zero":"nu"},"$x":[{"t":"idOrVar","v":"plural"},"value"]},{"$i":"days-until-short","$v":{"other":["over ",{"t":"idOrVar","v":"value"},"d"],"zero":"vandaag"},"$x":[{"t":"idOrVar","v":"plural"},"value"]},{"$i":"incorrectDate","$v":"(onjuiste datum)"},{"$i":"dateTimeFormat_%c","$v":"%a %b %e %Y %I:%M:%S %p"},{"$i":"dateTimeFormat_%x","$v":"%m/%d/%Y"},{"$i":"dateTimeFormat_%X","$v":"%I:%M:%S %p"},{"$i":"shortTimeFormat","$v":"%I:%M %p"},{"$i":"shortTimeFormat12","$v":"%I:%M %p"},{"$i":"shortTimeFormat24","$v":"%H:%M"},{"$i":"shortDateTimeFormat","$v":"%x %I:%M %p"},{"$i":"weekStartsOnMonday","$v":"0.0"},{"$i":"firstDayOfTheWeek","$v":"1.0"},{"$i":"time_am","$v":"AM"},{"$i":"time_pm","$v":"PM"}]