[{"$i":"setup-app-name-header","$v":"Poczta"},{"$i":"setup-empty-account-message","$v":"Nie możesz jeszcze wysyłać ani otrzymywać wiadomości e-mail. Skonfiguruj konto, aby wykonać tę operację."},{"$i":"setup-pick-service","$v":"Aby móc wysyłać i odbierać wiadomości e-mai, musisz skonfigurować konto."},{"$i":"setup-account-header3","$v":"Logowanie do konta"},{"$i":"setup-account-password","$v":"Hasło"},{"$i":"setup-info-next","$v":"Dalej"},{"$i":"setup-progress-wait-msg","$v":"Konfiguracja konta"},{"$i":"setup-sync-progress-wait-msg","$v":"Synchronizacja konta"},{"$i":"setup-completed-header","$v":"Gratulacje!"},{"$i":"setup-completed-label","$v":"Gotowe!"},{"$i":"setup-add-another-account","$v":"Dodaj inne konto"},{"$i":"setup-show-mail","$v":"Przejdź do poczty"},{"$i":"setup-done-add","$v":"Dodaj konto"},{"$i":"setup-error-offline","$v":"To urządzenie jest aktualnie w trybie offline. Połącz z siecią i spróbuj ponownie."},{"$i":"setup-error-bad-user-or-pass2","$v":"Nieprawidłowe nazwa użytkownika lub hasło. Sprawdź, czy nie zawierają one błędów w pisowni."},{"$i":"setup-error-bad-address","$v":"Nieprawidłowy adres e-mail. Sprawdź, czy nie zawiera on błędów w pisowni."},{"$i":"setup-error-not-authorized","$v":"Serwer przesłał komunikat o braku uprawnień do tworzenia konta"},{"$i":"setup-error-pop-server-not-great","$v":"Nieobsługiwany serwer. Serwer POP3 nie posiada wymaganych funkcji."},{"$i":"setup-error-unknown2","$v":"Wystąpił nieznany błąd. Sprawdź połączenie sieciowe lub wypróbuj opcję konfiguracji ręcznej."},{"$i":"setup-error-needs-app-pass","$v":"Musisz użyć specjalnego hasła do kont Google z uwierzytelnianiem dwuskładnikowym"},{"$i":"setup-error-imap-disabled","$v":"Musisz włączyć obsługę IMAP dla konta Gmail"},{"$i":"setup-error-pop3-disabled","$v":"Musisz włączyć obsługę POP3 dla konta Gmail"},{"$i":"setup-error-bad-security","$v":["Nie można nawiązać bezpiecznego połączenia z „",{"t":"idOrVar","v":"server"},"”. Być może wystąpił problem z połączeniem sieciowym lub z serwerem."]},{"$i":"setup-error-unresponsive-server","$v":["Nie można nawiązać połączenia z „",{"t":"idOrVar","v":"server"},"”. Być może wystąpił problem z siecią."]},{"$i":"setup-error-server-problem","$v":["Wystąpił problem z serwerem „",{"t":"idOrVar","v":"server"},"”. Spróbuj ponownie później."]},{"$i":"setup-error-no-config-info","$v":"Nie można automatycznie skonfigurować konta. Popraw adres e-mail lub wypróbuj opcję konfiguracji ręcznej."},{"$i":"setup-error-server-maintenance","$v":["Serwer „",{"t":"idOrVar","v":"server"},"” jest offline z przyczyn technicznych. Spróbuj ponownie później."]},{"$i":"setup-error-account-already-exists","$v":"To konto jest już skonfigurowane."},{"$i":"setup-manual-config2","$v":"Zaawansowane"},{"$i":"setup-manual-config-header","$v":"Logowanie do konta"},{"$i":"setup-manual-account-type-header","$v":"Typ konta"},{"$i":"setup-manual-account-type","$v":"Typ konta"},{"$i":"setup-manual-account-type-select","ariaLabel":"Typ konta"},{"$i":"setup-manual-imap-header","$v":"Ustawienia IMAP"},{"$i":"setup-manual-pop3-header","$v":"Ustawienia POP3"},{"$i":"setup-manual-smtp-header","$v":"Ustawienia SMTP"},{"$i":"setup-manual-activesync-header","$v":"Ustawienia ActiveSync"},{"$i":"setup-manual-next","$v":"Dalej"},{"$i":"setup-manual-socket","$v":"Typ gniazda"},{"$i":"setup-manual-socket-ssl","$v":"SSL"},{"$i":"setup-manual-socket-starttls","$v":"STARTTLS"},{"$i":"setup-manual-socket-select","ariaLabel":"Bezpieczne połączenie"},{"$i":"setup-manual-socket-plain","$v":"Niezaszyfrowane"},{"$i":"setup-bad-password-header","$v":"Nieprawidłowe hasło"},{"$i":"setup-bad-password","$v":"Nie można zalogować do serwera. Spróbuj ponownie wpisać hasło."},{"$i":"setup-new-password","placeholder":"Nowe hasło"},{"$i":"setup-fix-password","$v":"Spróbuj ponownie z nowym hasłem"},{"$i":"setup-gmail-twofactor-header","$v":"Włączono uwierzytelnianie dwuskładnikowe"},{"$i":"setup-gmail-twofactor-message","$v":"Musisz wprowadzić specjalne hasło do aplikacji poniżej."},{"$i":"setup-gmail-imap-header","$v":"IMAP wył."},{"$i":"setup-gmail-imap-message","$v":"Musisz włączyć obsługę IMAP na koncie Gmail"},{"$i":"setup-gmail-retry","$v":"Spróbuj ponownie"},{"$i":"setup-gmail-pop3-header","$v":"POP3 wył."},{"$i":"setup-gmail-pop3-message","$v":"Musisz włączyć obsługę POP3 na koncie Gmail"},{"$i":"setup-fix-oauth2-header","$v":"Ponownie autoryzuj e-mail"},{"$i":"setup-fix-oauth2-description","$v":"Dostęp do tego konta wymaga ponownej autoryzacji adresu e-mail:"},{"$i":"setup-fix-oauth2-reauthorize","$v":"Ponowna autoryzacja"},{"$i":"settings-main-header","$v":"Ustawienia e-mail"},{"$i":"settings-sub-header-account","$v":"Konto"},{"$i":"settings-account-group","ariaLabel":"Konto"},{"$i":"settings-account-name","$v":"Imię i nazwisko"},{"$i":"settings-account-label","$v":"Etykieta konta"},{"$i":"settings-account-display-notifications","$v":"Wyświetlaj powiadomienia o nowych wiadomościach"},{"$i":"settings-account-play-sound-onsend","$v":"Odtwarzaj dźwięk po wysłaniu wiadomości"},{"$i":"settings-account-signature-label","$v":"Podpis"},{"$i":"settings-sub-header-data","$v":"Dane"},{"$i":"settings-data-group","ariaLabel":"Dane"},{"$i":"settings-account-check-mail","$v":"Sprawdź nowe wiadomości"},{"$i":"settings-account-check-mail-select","ariaLabel":"Sprawdź nowe wiadomości"},{"$i":"settings-sub-header-server","$v":"Ustawienia serwera"},{"$i":"settings-server-group","ariaLabel":"Ustawienia serwera"},{"$i":"settings-account-userpass","$v":"Nazwa użytkownika i hasło"},{"$i":"settings-account-useroauth2","$v":"Nazwa użytkownika"},{"$i":"settings-default-signature-2","$v":"Wysłano z mojego telefonu"},{"$i":"settings-done","$v":"Gotowe"},{"$i":"settings-account-section","$v":"Konta"},{"$i":"settings-account-listbox","ariaLabel":"Konta"},{"$i":"settings-account-add","$v":"Dodaj"},{"$i":"settings-account-delete","$v":"Usuń konto"},{"$i":"settings-account-delete-prompt","$v":["Czy na pewno chcesz usunąć konto poczty e-mail ",{"t":"idOrVar","v":"account"},"?"]},{"$i":"settings-account-delete-desc","$v":"Jeżeli ponownie utworzysz konto, konieczne będzie ponowne pobranie wiadomości."},{"$i":"settings-account-delete-cancel","$v":"Anuluj"},{"$i":"settings-account-delete-confirm","$v":"Usuń"},{"$i":"settings-account-clarify","$v":[{"t":"idOrVar","v":"account-name"}]},{"$i":"settings-account-clarify-imap","$v":[{"t":"idOrVar","v":"account-name"}," (IMAP)"]},{"$i":"settings-account-clarify-pop3","$v":[{"t":"idOrVar","v":"account-name"}," (POP3)"]},{"$i":"settings-account-clarify-smtp","$v":[{"t":"idOrVar","v":"account-name"}," (SMTP)"]},{"$i":"settings-general-section","$v":"Ustawienia ogólne"},{"$i":"settings-show-images","$v":"Zawsze wyświetlaj obrazy"},{"$i":"settings-download-attachments","$v":"Pobierz załączniki"},{"$i":"settings-check-every-5min","$v":"Co 5 minut"},{"$i":"settings-check-every-10min","$v":"Co 10 minut"},{"$i":"settings-check-every-15min","$v":"Co 15 minut"},{"$i":"settings-check-every-30min","$v":"Co 30 minut"},{"$i":"settings-check-every-60min","$v":"Co godzinę"},{"$i":"settings-check-every-manual","$v":"Ręcznie"},{"$i":"settings-check-dynamic","$v":{"few":[{"t":"idOrVar","v":"n"}," s"],"many":[{"t":"idOrVar","v":"n"}," s"],"one":[{"t":"idOrVar","v":"n"}," s"],"other":[{"t":"idOrVar","v":"n"}," s"],"two":[{"t":"idOrVar","v":"n"}," s"],"zero":"wyłączone"},"$x":[{"t":"idOrVar","v":"plural"},"n"]},{"$i":"settings-default-account","$v":"Ustaw jako domyślny adres e-mail"},{"$i":"settings-account-type","$v":"Typ konta"},{"$i":"settings-account-credentials","$v":"Poświadczenia"},{"$i":"settings-activesync-label","$v":"Ustawienia ActiveSync"},{"$i":"settings-imap-label","$v":"Ustawienia IMAP"},{"$i":"settings-pop3-label","$v":"Ustawienia POP3"},{"$i":"settings-smtp-label","$v":"Ustawienia SMTP"},{"$i":"settings-hostname","$v":"Nazwa hosta"},{"$i":"settings-port","$v":"Port"},{"$i":"settings-username","$v":"Nazwa użytkownika"},{"$i":"settings-password","$v":"Hasło"},{"$i":"settings-save","$v":"Zapisz"},{"$i":"password-saved","$v":"Zapisano hasło."},{"$i":"settings-reauth","$v":"Ponowna autoryzacja"},{"$i":"settings-account-synchronize-window","$v":"Dni do synchronizacji"},{"$i":"settings-account-synchronize-window-select","ariaLabel":"Dni do synchronizacji"},{"$i":"settings-synchronize-auto","$v":"Automatycznie"},{"$i":"settings-synchronize-one-day","$v":"1 dzień"},{"$i":"settings-synchronize-three-days","$v":"3 dni"},{"$i":"settings-synchronize-one-week","$v":"1 tydzień"},{"$i":"settings-synchronize-two-weeks","$v":"2 tygodnie"},{"$i":"settings-synchronize-one-month","$v":"1 miesiąc"},{"$i":"settings-synchronize-all","$v":"Wszystkie wiadomości"},{"$i":"envelope-from","$v":"Od"},{"$i":"envelope-to","$v":"Do"},{"$i":"envelope-cc","$v":"DW"},{"$i":"envelope-bcc","$v":"UDW"},{"$i":"message-header-state-sending","ariaLabel":"Wysyłanie"},{"$i":"message-header-state-error","ariaLabel":"Błąd wysyłania"},{"$i":"message-header-unread","ariaLabel":"Nieprzeczytane"},{"$i":"message-header-reply","ariaLabel":"Odpowiedz"},{"$i":"message-header-forward","ariaLabel":"Przekaż"},{"$i":"message-header-starred","ariaLabel":"Z gwiazdką"},{"$i":"message-header-attachments","ariaLabel":"Z załącznikami"},{"$i":"message-body-container","ariaLabel":"Treść wiadomości"},{"$i":"message-body-container-progress","ariaValueText":"Wczytywanie"},{"$i":"subject","ariaLabel":"Temat"},{"$i":"attachments-container","ariaLabel":"Załączniki"},{"$i":"from-group","ariaLabel":"Od"},{"$i":"to-group","ariaLabel":"Do"},{"$i":"cc-group","ariaLabel":"DW"},{"$i":"bcc-group","ariaLabel":"UDW"},{"$i":"compose-header","$v":"Utwórz wiadomość"},{"$i":"compose-header-short","$v":"Utwórz"},{"$i":"compose-send","$v":"Wyślij"},{"$i":"compose-send-button","ariaLabel":"Wyślij"},{"$i":"compose-to","$v":"Do"},{"$i":"compose-cc","$v":"DW"},{"$i":"compose-bcc","$v":"UDW"},{"$i":"compose-cc-remove","$v":"Usunięto listę dw."},{"$i":"compose-bcc-remove","$v":"Usunięto listę udw."},{"$i":"compose-contact-add","ariaLabel":"Dodaj kontakt"},{"$i":"compose-attachments","$v":{"few":["Załączniki (",{"t":"idOrVar","v":"n"},")"],"many":["Załączniki (",{"t":"idOrVar","v":"n"},")"],"one":["Załącznik (",{"t":"idOrVar","v":"n"},")"],"other":["Załączniki (",{"t":"idOrVar","v":"n"},")"],"two":["Załączniki (",{"t":"idOrVar","v":"n"},")"],"zero":"Załącznik"},"$x":[{"t":"idOrVar","v":"plural"},"n"]},{"$i":"compose-text","ariaLabel":"Edytuj"},{"$i":"compose-attachment-still-working","$v":"Zaczekaj, trwa dodawanie poprzedniego załącznika..."},{"$i":"compose-attachment-loading","$v":"Wczytywanie załącznika..."},{"$i":"compose-attachments-loading","$v":"Wczytywanie załączników..."},{"$i":"compose-forward-attachment-error-title","$v":"Pobieranie nieudane."},{"$i":"compose-forward-attachment-error-title2","$v":"Błąd"},{"$i":"compose-forward-attachment-unable-load","$v":"Nie można wczytać załącznika."},{"$i":"compose-forward-attachments-unable-load","$v":"Nie można wczytać załączników."},{"$i":"compose-forward-attachment-load-error","$v":"Nie udało się wczytać niektórych załączników."},{"$i":"confirmation-title","$v":"Potwierdzenie"},{"$i":"compose-subject","$v":"Temat"},{"$i":"compose-draft-save","$v":"Zapisać w lokalnych wersjach roboczych?"},{"$i":"compose-discard-confirm","$v":"Odrzuć"},{"$i":"compose-draft-dialog-cancel","$v":"Anuluj"},{"$i":"compose-draft-dialog-save","$v":"Zapisz"},{"$i":"composer-draft-saved","$v":"Zapisano wiadomość w lokalnych wersjach roboczych"},{"$i":"attention","$v":"Uwaga"},{"$i":"compose-send-message-failed","$v":"Wysyłanie wiadomości e-mail nie powiodło się"},{"$i":"compose-attchment-size-exceeded","$v":"Wybrany załącznik jest zbyt duży i nie może zostać wysłany w tej wiadomości."},{"$i":"compose-attchments-size-exceeded","$v":"Wybrane załączniki są zbyt duże i nie mogą zostać wysłane w tej wiadomości. Załącz mniejszą liczbę plików."},{"$i":"composer-attachment-large-title","$v":"Zbyt duży plik"},{"$i":"default-attachment-filename","$v":["załącznik ",{"t":"idOrVar","v":"n"}]},{"$i":"attachment-size-meb","$v":[{"t":"idOrVar","v":"megabytes"}," MB"]},{"$i":"attachment-size-kib","$v":[{"t":"idOrVar","v":"kilobytes"}," KB"]},{"$i":"attachment-size-byte","$v":[{"t":"idOrVar","v":"bytes"}," B"]},{"$i":"message-attachment-view","$v":"Wyświetl"},{"$i":"message-attachment-did-not-open-label","$v":"Nie można otworzyć"},{"$i":"message-attachment-did-not-open-body","$v":"Na urządzeniu nie ma aplikacji pozwalającej na otwarcie tego załącznika."},{"$i":"message-attachment-too-large","$v":"Ten plik jest zbyt duży, aby go pobrać."},{"$i":"message-attachment-not-found","$v":"Nie można znaleźć załącznika, mógł zostać usunięty."},{"$i":"message-attachment-download-fail","$v":[{"t":"idOrVar","v":"fileName"}," – pobieranie nie powiodło się."]},{"$i":"message-no-subject","$v":"(brak tematu)"},{"$i":"message-edit-menu-edit","$v":"Edytuj"},{"$i":"message-edit-menu-delete","$v":"Usuń"},{"$i":"message-edit-delete-confirm","$v":"Usunąć wiadomość e-mail?"},{"$i":"message-forward-attachment-title","$v":"Załącznik"},{"$i":"message-forward-attachment","$v":"Czy chcesz przekazać dalej wraz z załącznikiem?"},{"$i":"message-forward-attachments","$v":"Czy chcesz przekazać dalej wraz z załącznikami?"},{"$i":"message-multiedit-header","$v":{"few":["Wybrano ",{"t":"idOrVar","v":"n"}],"many":["Wybrano ",{"t":"idOrVar","v":"n"}],"one":["Wybrano ",{"t":"idOrVar","v":"n"}],"other":["Wybrano ",{"t":"idOrVar","v":"n"}],"two":["Wybrano ",{"t":"idOrVar","v":"n"}],"zero":["Wybrano ",{"t":"idOrVar","v":"n"}]},"$x":[{"t":"idOrVar","v":"plural"},"n"]},{"$i":"message-multiedit-search-header","$v":{"few":["Wybrano ",{"t":"idOrVar","v":"n"}],"many":["Wybrano ",{"t":"idOrVar","v":"n"}],"one":["Wybrano ",{"t":"idOrVar","v":"n"}],"other":["Wybrano ",{"t":"idOrVar","v":"n"}],"two":["Wybrano ",{"t":"idOrVar","v":"n"}],"zero":"Wybrano 0"},"$x":[{"t":"idOrVar","v":"plural"},"n"]},{"$i":"browse-to-url-prompt","$v":["Przejść do URL?: ",{"t":"idOrVar","v":"url"}]},{"$i":"message-download-images-tap","$v":{"few":["Ta wiadomość e-mail zawiera obrazy (",{"t":"idOrVar","v":"n"},"). Dotknij, aby pobrać."],"many":["Ta wiadomość e-mail zawiera obrazy (",{"t":"idOrVar","v":"n"},"). Dotknij, aby pobrać."],"one":"Ta wiadomość e-mail zawiera jeden obraz. Dotknij, aby pobrać.","other":["Ta wiadomość e-mail zawiera obrazy (",{"t":"idOrVar","v":"n"},"). Dotknij, aby pobrać."],"two":["Ta wiadomość e-mail zawiera obrazy (",{"t":"idOrVar","v":"n"},"). Dotknij, aby pobrać."]},"$x":[{"t":"idOrVar","v":"plural"},"n"]},{"$i":"message-show-external-images","$v":"Pokaż obrazy zewnętrzne"},{"$i":"message-delete-cancel","$v":"Anuluj"},{"$i":"message-multiedit-delete-confirm","$v":{"few":["Usunąć wiadomości (",{"t":"idOrVar","v":"n"},")?"],"many":["Usunąć wiadomości (",{"t":"idOrVar","v":"n"},")?"],"one":"Usunąć wybraną wiadomość?","other":["Usunąć wiadomości (",{"t":"idOrVar","v":"n"},")?"],"two":["Usunąć wiadomości (",{"t":"idOrVar","v":"n"},")?"]},"$x":[{"t":"idOrVar","v":"plural"},"n"]},{"$i":"message-large-message-cancel","$v":"Anuluj"},{"$i":"message-large-message-ok","$v":"Kontynuuj"},{"$i":"message-large-message-confirm","$v":"Ta wiadomość jest bardzo duża, dlatego jej pobieranie może chwilę potrwać."},{"$i":"message-large-message-warning","$v":"Wiadomość jest zbyt duża, aby ją pobrać."},{"$i":"message-search-header","$v":"Szukaj"},{"$i":"search-result","$v":["Znalezionych wyników (",{"t":"idOrVar","v":"num"},")"]},{"$i":"message-search-from","$v":"Od"},{"$i":"message-search-to","$v":"Do"},{"$i":"message-search-subject","$v":"Temat"},{"$i":"message-search-body","$v":"Treść"},{"$i":"message-search-all","$v":"Wszystko"},{"$i":"message-search-input","placeholder":"Przeszukaj pocztę"},{"$i":"message-search-cancel","$v":"Anuluj"},{"$i":"messages-syncing","$v":"Wczytywanie wiadomości"},{"$i":"messages-syncing-progressbar","ariaValueText":"Wczytywanie wiadomości"},{"$i":"messages-load-more","$v":"Wczytaj więcej wiadomości"},{"$i":"messages-folder-empty","$v":"Brak wiadomości e-mail w tym folderze"},{"$i":"messages-search-empty","$v":"Brak pasujących wiadomości w lokalnej pamięci podręcznej"},{"$i":"messages-folder-select","$v":"Przenieś do folderu"},{"$i":"messages-folder-unread-max","$v":"999+"},{"$i":"message-contact-menu-create","$v":"Zapisz nowy kontakt"},{"$i":"message-contact-menu-add-existing","$v":"Dodaj do istniejącego kontaktu"},{"$i":"message-contact-menu-view","$v":"Podgląd kontaktu"},{"$i":"message-contact-menu-reply","$v":"Odpowiedz"},{"$i":"message-contact-menu-new","$v":"Wyślij nowy e-mail"},{"$i":"message-reply-menu-reply","$v":"Odpowiedz"},{"$i":"message-reply-menu-reply-all","$v":"Odpowiedz wszystkim"},{"$i":"message-reply-menu-forward","$v":"Przekaż"},{"$i":"message-reply-menu-cancel","$v":"Anuluj"},{"$i":"reply-quoting-wrote","$v":"{name} pisze"},{"$i":"forward-original-message","$v":"Oryginalna wiadomość"},{"$i":"forward-header-subject","$v":"Temat"},{"$i":"forward-header-date","$v":"Data"},{"$i":"forward-header-from","$v":"Od"},{"$i":"forward-header-reply-to","$v":"Odpowiedz do"},{"$i":"forward-header-to","$v":"Do"},{"$i":"forward-header-cc","$v":"DW"},{"$i":"folder-inbox","$v":"Odebrane"},{"$i":"folder-sent","$v":"Wysłane"},{"$i":"folder-drafts","$v":"Wersje robocze"},{"$i":"folder-trash","$v":"Kosz"},{"$i":"folder-queue","$v":"Niewysłane"},{"$i":"folder-junk","$v":"Wiadomości-śmieci"},{"$i":"folder-archives","$v":"Zarchiwizowane"},{"$i":"folder-localdrafts","$v":"Lokalne wersje robocze"},{"$i":"folder-outbox","$v":"Skrzynka nadawcza"},{"$i":"drawer-back","$v":"Wstecz"},{"$i":"drawer-accounts-header","$v":"Konta"},{"$i":"drawer-settings-link","$v":"Ustawienia"},{"$i":"folder-last-synced-label","$v":"Ostatnia synchronizacja:"},{"$i":"messages-refresh-progress","ariaValueText":"Odświeżanie"},{"$i":"no-internet-connection","$v":"Brak połączenia z Internetem."},{"$i":"toaster-undo","$v":"Cofnij"},{"$i":"toaster-message-star","$v":{"few":["Oznaczono ",{"t":"idOrVar","v":"n"}," wiadomości"],"many":["Oznaczono ",{"t":"idOrVar","v":"n"}," wiadomości"],"one":"Oznaczono wiadomość","other":["Oznaczono ",{"t":"idOrVar","v":"n"}," wiadomości"],"two":["Oznaczono ",{"t":"idOrVar","v":"n"}," wiadomości"]},"$x":[{"t":"idOrVar","v":"plural"},"n"]},{"$i":"toaster-message-unstar","$v":{"few":["Usunięto oznaczenie ",{"t":"idOrVar","v":"n"}," wiadomości"],"many":["Usunięto oznaczenie ",{"t":"idOrVar","v":"n"}," wiadomości"],"one":"Usunięto oznaczenie wiadomości","other":["Usunięto oznaczenie ",{"t":"idOrVar","v":"n"}," wiadomości"],"two":["Usunięto oznaczenie ",{"t":"idOrVar","v":"n"}," wiadomości"]},"$x":[{"t":"idOrVar","v":"plural"},"n"]},{"$i":"toaster-message-read","$v":{"few":["Oznaczono ",{"t":"idOrVar","v":"n"}," wiadomości jako przeczytane"],"many":["Oznaczono ",{"t":"idOrVar","v":"n"}," wiadomości jako przeczytane"],"one":"Oznaczono wiadomość jako przeczytaną","other":["Oznaczono ",{"t":"idOrVar","v":"n"}," wiadomości jako przeczytane"],"two":["Oznaczono ",{"t":"idOrVar","v":"n"}," wiadomości jako przeczytane"]},"$x":[{"t":"idOrVar","v":"plural"},"n"]},{"$i":"toaster-message-unread","$v":{"few":["Oznaczono ",{"t":"idOrVar","v":"n"}," wiadomości jako nieprzeczytane"],"many":["Oznaczono ",{"t":"idOrVar","v":"n"}," wiadomości jako nieprzeczytane"],"one":"Oznaczono wiadomość jako nieprzeczytaną","other":["Oznaczono ",{"t":"idOrVar","v":"n"}," wiadomości jako nieprzeczytane"],"two":["Oznaczono ",{"t":"idOrVar","v":"n"}," wiadomości jako nieprzeczytane"]},"$x":[{"t":"idOrVar","v":"plural"},"n"]},{"$i":"toaster-message-move","$v":{"few":["Przeniesiono ",{"t":"idOrVar","v":"n"}," wiadomości do folderu:"],"many":["Przeniesiono ",{"t":"idOrVar","v":"n"}," wiadomości do folderu:"],"one":"Przeniesiono wiadomość do folderu:","other":["Przeniesiono ",{"t":"idOrVar","v":"n"}," wiadomości do folderu:"],"two":["Przeniesiono ",{"t":"idOrVar","v":"n"}," wiadomości do folderu:"]},"$x":[{"t":"idOrVar","v":"plural"},"n"]},{"$i":"toaster-message-delete","$v":{"few":["Usunięto ",{"t":"idOrVar","v":"n"}," wiadomości e-mail"],"many":["Usunięto ",{"t":"idOrVar","v":"n"}," wiadomości e-mail"],"one":"Usunięto 1 wiadomość e-mail","other":["Usunięto ",{"t":"idOrVar","v":"n"}," wiadomości e-mail"],"two":["Usunięto ",{"t":"idOrVar","v":"n"}," wiadomości e-mail"]},"$x":[{"t":"idOrVar","v":"plural"},"n"]},{"$i":"toaster-sync-failed","$v":"Nie można połączyć się z serwerem."},{"$i":"compose-invalid-addresses-title","$v":"Nieprawidłowe adresy"},{"$i":"compose-invalid-addresses-description","$v":"Twoja wiadomość zawiera co najmniej jeden nieprawidłowy adres e-mail. Popraw adresy przed wysłaniem."},{"$i":"background-send-pending","$v":"Sieć niedostępna. Zapisano wiadomość w skrzynce nadawczej."},{"$i":"background-send-sending","$v":"Wysyłanie wiadomości e-mail…"},{"$i":"background-send-success","$v":"Wysłano e-mail."},{"$i":"background-send-error","$v":"Wystąpił błąd. Zapisano wiadomość w skrzynce nadawczej."},{"$i":"background-send-error-recipients","$v":"Nieprawidłowy odbiorca. Zapisano wiadomość w skrzynce nadawczej."},{"$i":"background-send-error-title","$v":"Nie udało się wysłać wiadomości"},{"$i":"send-failure-recipients","$v":"Sprawdź pisownię powyższych adresów. Serwer poczty e-mail zasygnalizował, że co najmniej jeden z tych adresów jest niepoprawny."},{"$i":"send-failure-unknown","$v":"Nie można wysłać wiadomości."},{"$i":"form-clear-input","$v":"Usuń tekst"},{"$i":"confirm-dialog-title","$v":"Potwierdzenie"},{"$i":"confirm-dialog-ok","$v":"OK"},{"$i":"msg-display-subject","$v":"Temat"},{"$i":"msg-reader-display-attachments","$v":"Załączniki"},{"$i":"msg-reader-display-attachment","$v":"Załącznik"},{"$i":"msg-reader-download-external-images","$v":["Pobierz obrazy zewnętrzne (",{"t":"idOrVar","v":"n"}," MB)"]},{"$i":"msg-reader-sender-header","$v":"Od"},{"$i":"msg-reader-recipients-header","$v":"Odbiorcy"},{"$i":"msg-reader-cc-header","$v":"DW"},{"$i":"msg-reader-bcc-header","$v":"UDW"},{"$i":"msg-reader-message-flagged","$v":"Oznaczono wiadomość"},{"$i":"msg-reader-flag-removed","$v":"Usunięto oznaczenie"},{"$i":"external-image-downloading","$v":"Pobieranie..."},{"$i":"senders-separation-sign","$v":", "},{"$i":"new-messages","$v":{"few":["Nowych wiadomości: ",{"t":"idOrVar","v":"n"}],"many":["Nowych wiadomości: ",{"t":"idOrVar","v":"n"}],"one":"1 nowa wiadomość","other":["Nowych wiadomości: ",{"t":"idOrVar","v":"n"}],"two":["Nowych wiadomości: ",{"t":"idOrVar","v":"n"}]},"$x":[{"t":"idOrVar","v":"plural"},"n"]},{"$i":"new-emails-notify-one-account","$v":{"few":["Nowych wiadomości e-mail: ",{"t":"idOrVar","v":"n"}],"many":["Nowych wiadomości e-mail: ",{"t":"idOrVar","v":"n"}],"one":"1 nowa wiadomość e-mail","other":["Nowych wiadomości e-mail: ",{"t":"idOrVar","v":"n"}],"two":["Nowych wiadomości e-mail: ",{"t":"idOrVar","v":"n"}]},"$x":[{"t":"idOrVar","v":"plural"},"n"]},{"$i":"new-emails-notify-multiple-accounts","$v":{"few":["Nowych wiadomości e-mail: ",{"t":"idOrVar","v":"n"}," (",{"t":"idOrVar","v":"accountName"},")"],"many":["Nowych wiadomości e-mail: ",{"t":"idOrVar","v":"n"}," (",{"t":"idOrVar","v":"accountName"},")"],"one":["1 nowa wiadomość e-mail: (",{"t":"idOrVar","v":"accountName"},")"],"other":["Nowych wiadomości e-mail: ",{"t":"idOrVar","v":"n"}," (",{"t":"idOrVar","v":"accountName"},")"],"two":["Nowych wiadomości e-mail: ",{"t":"idOrVar","v":"n"}," (",{"t":"idOrVar","v":"accountName"},")"]},"$x":[{"t":"idOrVar","v":"plural"},"n"]},{"$i":"new-emails-notify-multiple-accounts-body","$v":[{"t":"idOrVar","v":"from"}," „",{"t":"idOrVar","v":"subject"},"”"]},{"$i":"tng-plain-socket-warning-title","$v":"Na pewno?"},{"$i":"tng-plain-socket-warning-message","$v":"Inne osoby mogą zobaczyć Twoje hasło oraz wiadomości e-mail lub kontrolować Twoje konto."},{"$i":"tng-plain-socket-warning-message-options","$v":"Istnieje wiele dostawców darmowych usług e-mail, oferujących bezpieczniejsze, szyfrowane połączenia."},{"$i":"tng-plain-socket-warning-ok","$v":"Rozumiem"},{"$i":"message-reader-date-received","ariaLabel":"Odebrane"},{"$i":"sort-by-title","$v":"Sortuj wg"},{"$i":"sort-by-date","$v":"Data"},{"$i":"sort-by-from","$v":"Od"},{"$i":"sort-by-to","$v":"Do"},{"$i":"sort-by-subject","$v":"Temat"},{"$i":"softkey-options","$v":"Opcje"},{"$i":"opt-compose","$v":"Utwórz"},{"$i":"opt-reply","$v":"Odpowiedz"},{"$i":"opt-reply-all","$v":"Odpowiedz wszystkim"},{"$i":"opt-forward","$v":"Przekaż"},{"$i":"opt-mark-read","$v":"Oznacz jako przeczytane"},{"$i":"opt-mark-unread","$v":"Oznacz jako nieprzeczytane"},{"$i":"opt-add-flag","$v":"Dodaj oznaczenie"},{"$i":"opt-remove-flag","$v":"Usuń oznaczenie"},{"$i":"opt-move-message","$v":"Przenieś do folderu"},{"$i":"opt-delete-message","$v":"Usuń"},{"$i":"opt-multi-select","$v":"Zaznacz kilka"},{"$i":"opt-search","$v":"Szukaj"},{"$i":"opt-folders","$v":"Pokaż foldery"},{"$i":"opt-sort","$v":"Sortuj"},{"$i":"opt-sync","$v":"Synchronizuj"},{"$i":"opt-account","$v":"Przełącz konto"},{"$i":"opt-settings","$v":"Ustawienia"},{"$i":"opt-edit","$v":"Edytuj"},{"$i":"opt-cancel","$v":"Anuluj"},{"$i":"opt-save","$v":"Zapisz"},{"$i":"opt-move","$v":"Przenieś"},{"$i":"opt-view","$v":"Wyświetl"},{"$i":"opt-empty-trash","$v":"Opróżnij kosz"},{"$i":"opt-call-number","$v":"Połączenie"},{"$i":"opt-compose-mail","$v":"Utwórz"},{"$i":"opt-open-url","$v":"OTWÓRZ"},{"$i":"select-option-on","$v":"Wł."},{"$i":"select-option-off","$v":"Wył."},{"$i":"select-option-imap-smtp","$v":"IMAP+SMTP"},{"$i":"select-option-pop3-smtp","$v":"POP3+SMTP"},{"$i":"select-option-activesync","$v":"ActiveSync"},{"$i":"toaster-switch-account","$v":"Przełączono na konto e-mail: "},{"$i":"toaster-sorted-by","$v":"Posortowano wiadomości wg"},{"$i":"cmp-reply","$v":"Odpowiedz"},{"$i":"cmp-reply-all","$v":"Odpowiedz wszystkim"},{"$i":"cmp-forward","$v":"Przekaż wiadomość"},{"$i":"cmp-remove-attach","$v":"Usunięto załącznik"},{"$i":"select","$v":"Wybierz"},{"$i":"deselect","$v":"Odznacz"},{"$i":"cancel","$v":"Anuluj"},{"$i":"enter","$v":"Wprowadź"},{"$i":"remove-attachment","$v":"Usuń załącznik"},{"$i":"replace-attachment","$v":"Zamień załącznik"},{"$i":"add-attachment","$v":"Dodaj załącznik"},{"$i":"add-contact","$v":"Dodaj kontakt"},{"$i":"add-cc","$v":"Dodaj DW"},{"$i":"remove-cc","$v":"Usuń DW"},{"$i":"add-bcc","$v":"Dodaj UDW"},{"$i":"remove-bcc","$v":"Usuń UDW"},{"$i":"attachment-download","$v":"Pobierz"},{"$i":"attachment-share","$v":"Udostępnij"},{"$i":"send-new-mail","$v":"Wyślij nowy e-mail"},{"$i":"view-contact","$v":"Wyświetl kontakt"},{"$i":"save-new-contact","$v":"Zapisz nowy kontakt"},{"$i":"add-to-exsiting-contact","$v":"Dodaj do istniejącego kontaktu"},{"$i":"no","$v":"Nie"},{"$i":"yes","$v":"Tak"},{"$i":"retry","$v":"Spróbuj ponownie"},{"$i":"empty","$v":"Pusty"},{"$i":"empty-trash-confirm","$v":"Czy chcesz opróżnić kosz?"},{"$i":"trash-emptied","$v":"Kosz został opróżniony"},{"$i":"next","$v":"Dalej"},{"$i":"welcome-header","$v":"E-mail"},{"$i":"welcome-msg","$v":"Witamy w poczcie e-mail."},{"$i":"welcome-msg-setup","$v":"Naciśnij przycisk Dalej, aby skonfigurować konto e-mail."},{"$i":"discard","$v":"Odrzuć"},{"$i":"leave-this-page-warning-message","$v":"Czy chcesz odrzucić wszystkie dane konta e-mail?"},{"$i":"finish","$v":"Zakończ"},{"$i":"setup-done-msg","$v":"Logowanie przebiegło pomyślnie. Czy chcesz dodać inne konto?"},{"$i":"save-as-draft","$v":"Zapisz jako wersję roboczą"},{"$i":"show-password","$v":"Pokaż hasło"},{"$i":"account-label","$v":"Etykieta konta"},{"$i":"folders","$v":"Foldery"},{"$i":"security","$v":"Zabezpieczenia"},{"$i":"port-number","$v":"Numer portu"},{"$i":"domain-username","$v":"Domena\\Nazwa użytkownika"},{"$i":"synchronizing","$v":"Synchronizacja..."},{"$i":"browse-mail","$v":"Przeglądaj e-mail"},{"$i":"never-sync","$v":"Lokalne wersje robocze nie są zsynchronizowane z serwerem."},{"$i":"emptyDownloadFile","$v":"Nie można pobrać tego pliku, może być pusty"},{"$i":"sync","$v":"Synchr."},{"$i":"outbox-unsent-label","$v":{"few":["Liczba niewysłanych wiadomości w skrzynce nadawczej: ",{"t":"idOrVar","v":"n"}],"many":["Liczba niewysłanych wiadomości w skrzynce nadawczej: ",{"t":"idOrVar","v":"n"}],"one":"1 niewysłana wiadomość w skrzynce nadawczej","other":["Liczba niewysłanych wiadomości w skrzynce nadawczej: ",{"t":"idOrVar","v":"n"}],"two":"2 niewysłane wiadomości w skrzynce nadawczej"},"$x":[{"t":"idOrVar","v":"plural"},"n"]},{"$i":"storage-full-title","$v":"Pamięć jest pełna"},{"$i":"storage-full-warning","$v":"Możesz usunąć niektóre pliki multimedialne lub zarządzać danymi aplikacji, aby uzyskać więcej wolnego miejsca."},{"$i":"storage-full","$v":"Pamięć telefonu pełna."},{"$i":"storage-sdcard-full","$v":"Karta SD jest pełna."},{"$i":"view-address","$v":"Wyświetl adres"},{"$i":"mail-address-title","$v":"Adres e-mail"},{"$i":"mail-address","$v":[{"t":"idOrVar","v":"address"}]},{"$i":"value-name","$v":[{"t":"idOrVar","v":"name"}]},{"$i":"account-deleted","$v":"Konto zostało usunięte."},{"$i":"account-reEnable","$v":"Konto już istnieje. Zsynchronizować konto e-mail?"},{"$i":"setup-account-usedInfo","$v":"To konto wykorzystywane będzie przez poniższe aplikacje. Ustawienia te można zmienić w menu Ustawienia>Aplikacje."},{"$i":"setup-account-settingsInfo","$v":"Każda aplikacja odznacza się innymi domyślnymi odstępami synchronizacji, sprawdź ustawienia aplikacji."},{"$i":"app-calendar","$v":"Kalendarz"},{"$i":"app-contacts","$v":"Kontakty"},{"$i":"app-email","$v":"E-mail"},{"$i":"weekday-0-long","$v":"Niedziela"},{"$i":"weekday-1-long","$v":"Poniedziałek"},{"$i":"weekday-2-long","$v":"Wtorek"},{"$i":"weekday-3-long","$v":"Środa"},{"$i":"weekday-4-long","$v":"Czwartek"},{"$i":"weekday-5-long","$v":"Piątek"},{"$i":"weekday-6-long","$v":"Sobota"},{"$i":"weekday-0-short","$v":"Nd"},{"$i":"weekday-1-short","$v":"Pn"},{"$i":"weekday-2-short","$v":"Wt"},{"$i":"weekday-3-short","$v":"Śr"},{"$i":"weekday-4-short","$v":"Czw"},{"$i":"weekday-5-short","$v":"Pt"},{"$i":"weekday-6-short","$v":"Sob"},{"$i":"month-0-long","$v":"Styczeń"},{"$i":"month-1-long","$v":"Luty"},{"$i":"month-2-long","$v":"Marzec"},{"$i":"month-3-long","$v":"Kwiecień"},{"$i":"month-4-long","$v":"Maj"},{"$i":"month-5-long","$v":"Czerwiec"},{"$i":"month-6-long","$v":"Lipiec"},{"$i":"month-7-long","$v":"Sierpień"},{"$i":"month-8-long","$v":"Wrzesień"},{"$i":"month-9-long","$v":"Październik"},{"$i":"month-10-long","$v":"Listopad"},{"$i":"month-11-long","$v":"Grudzień"},{"$i":"month-0-genitive","$v":"Styczeń"},{"$i":"month-1-genitive","$v":"Luty"},{"$i":"month-2-genitive","$v":"Marzec"},{"$i":"month-3-genitive","$v":"Kwiecień"},{"$i":"month-4-genitive","$v":"Maj"},{"$i":"month-5-genitive","$v":"Czerwiec"},{"$i":"month-6-genitive","$v":"Lipiec"},{"$i":"month-7-genitive","$v":"Sierpień"},{"$i":"month-8-genitive","$v":"Wrzesień"},{"$i":"month-9-genitive","$v":"Październik"},{"$i":"month-10-genitive","$v":"Listopad"},{"$i":"month-11-genitive","$v":"Grudzień"},{"$i":"month-0-short","$v":"Sty"},{"$i":"month-1-short","$v":"Lut"},{"$i":"month-2-short","$v":"Mar"},{"$i":"month-3-short","$v":"Kwi"},{"$i":"month-4-short","$v":"Maj"},{"$i":"month-5-short","$v":"Cze"},{"$i":"month-6-short","$v":"Lip"},{"$i":"month-7-short","$v":"Sie"},{"$i":"month-8-short","$v":"Wrz"},{"$i":"month-9-short","$v":"Paź"},{"$i":"month-10-short","$v":"Lis"},{"$i":"month-11-short","$v":"Gru"},{"$i":"minutes-ago-long","$v":{"few":[{"t":"idOrVar","v":"value"}," minut(y) temu"],"many":[{"t":"idOrVar","v":"value"}," minut(y) temu"],"one":"minutę temu","other":[{"t":"idOrVar","v":"value"}," minut"],"two":[{"t":"idOrVar","v":"value"}," minut(y) temu"],"zero":"teraz"},"$x":[{"t":"idOrVar","v":"plural"},"value"]},{"$i":"hours-ago-long","$v":{"few":[{"t":"idOrVar","v":"value"}," godzin(y) temu"],"many":[{"t":"idOrVar","v":"value"}," godzin(y) temu"],"one":"godzinę temu","other":[{"t":"idOrVar","v":"value"}," godzin(y) temu"],"two":[{"t":"idOrVar","v":"value"}," godzin(y) temu"],"zero":"teraz"},"$x":[{"t":"idOrVar","v":"plural"},"value"]},{"$i":"days-ago-long","$v":{"few":[{"t":"idOrVar","v":"value"}," dni temu"],"many":[{"t":"idOrVar","v":"value"}," dni temu"],"one":"wczoraj","other":[{"t":"idOrVar","v":"value"}," dni temu"],"two":[{"t":"idOrVar","v":"value"}," dni temu"],"zero":"dzisiaj"},"$x":[{"t":"idOrVar","v":"plural"},"value"]},{"$i":"weeks-ago-long","$v":{"few":[{"t":"idOrVar","v":"value"}," tygodni(e) temu"],"many":[{"t":"idOrVar","v":"value"}," tygodni(e) temu"],"one":"w zeszłym tygodniu","other":[{"t":"idOrVar","v":"value"}," tygodni(e) temu"],"two":[{"t":"idOrVar","v":"value"}," tygodni(e) temu"],"zero":"w tym tygodniu"},"$x":[{"t":"idOrVar","v":"plural"},"value"]},{"$i":"months-ago-long","$v":{"few":[{"t":"idOrVar","v":"value"}," miesiące/miesięcy temu"],"many":[{"t":"idOrVar","v":"value"}," miesiące/miesięcy temu"],"one":"w zeszłym miesiącu","other":[{"t":"idOrVar","v":"value"}," miesiące/miesięcy temu"],"two":[{"t":"idOrVar","v":"value"}," miesiące/miesięcy temu"],"zero":"w tym miesiącu"},"$x":[{"t":"idOrVar","v":"plural"},"value"]},{"$i":"years-ago-long","$v":{"few":[{"t":"idOrVar","v":"value"}," lat(a) temu"],"many":[{"t":"idOrVar","v":"value"}," lat(a) temu"],"one":"w zeszłym roku","other":[{"t":"idOrVar","v":"value"}," lat(a) temu"],"two":[{"t":"idOrVar","v":"value"}," lat(a) temu"],"zero":"w tym roku"},"$x":[{"t":"idOrVar","v":"plural"},"value"]},{"$i":"minutes-until-long","$v":{"few":["za ",{"t":"idOrVar","v":"value"}," minut(y)"],"many":["za ",{"t":"idOrVar","v":"value"}," minut(y)"],"one":"za minutę","other":["za ",{"t":"idOrVar","v":"value"}," minut"],"two":["za ",{"t":"idOrVar","v":"value"}," minut(y)"],"zero":"teraz"},"$x":[{"t":"idOrVar","v":"plural"},"value"]},{"$i":"hours-until-long","$v":{"few":["za ",{"t":"idOrVar","v":"value"}," godzin(y)"],"many":["za ",{"t":"idOrVar","v":"value"}," godzin(y)"],"one":"za godzinę","other":["za ",{"t":"idOrVar","v":"value"}," godzin"],"two":["za ",{"t":"idOrVar","v":"value"}," godzin(y)"],"zero":"teraz"},"$x":[{"t":"idOrVar","v":"plural"},"value"]},{"$i":"days-until-long","$v":{"few":["za ",{"t":"idOrVar","v":"value"}," dni"],"many":["za ",{"t":"idOrVar","v":"value"}," dni"],"one":"jutro","other":["za ",{"t":"idOrVar","v":"value"}," dni"],"two":["za ",{"t":"idOrVar","v":"value"}," dni"],"zero":"dzisiaj"},"$x":[{"t":"idOrVar","v":"plural"},"value"]},{"$i":"weeks-until-long","$v":{"few":["za ",{"t":"idOrVar","v":"value"}," tygodni(e)"],"many":["za ",{"t":"idOrVar","v":"value"}," tygodni(e)"],"one":"w następnym tygodniu","other":["za ",{"t":"idOrVar","v":"value"}," tygodni(e)"],"two":["za ",{"t":"idOrVar","v":"value"}," tygodni(e)"],"zero":"w tym tygodniu"},"$x":[{"t":"idOrVar","v":"plural"},"value"]},{"$i":"months-until-long","$v":{"few":["za ",{"t":"idOrVar","v":"value"}," miesiące/miesięcy"],"many":["za ",{"t":"idOrVar","v":"value"}," miesiące/miesięcy"],"one":"w następnym miesiącu","other":["za ",{"t":"idOrVar","v":"value"}," miesiące/miesięcy"],"two":["za ",{"t":"idOrVar","v":"value"}," miesiące/miesięcy"],"zero":"w tym miesiącu"},"$x":[{"t":"idOrVar","v":"plural"},"value"]},{"$i":"years-until-long","$v":{"few":["za ",{"t":"idOrVar","v":"value"}," lat(a)"],"many":["za ",{"t":"idOrVar","v":"value"}," lat(a)"],"one":"w następnym roku","other":["za ",{"t":"idOrVar","v":"value"}," lat(a)"],"two":["za ",{"t":"idOrVar","v":"value"}," lat(a)"],"zero":"w tym roku"},"$x":[{"t":"idOrVar","v":"plural"},"value"]},{"$i":"minutes-ago-short","$v":{"other":[{"t":"idOrVar","v":"value"}," m temu"],"zero":"przed chwilą"},"$x":[{"t":"idOrVar","v":"plural"},"value"]},{"$i":"hours-ago-short","$v":{"other":[{"t":"idOrVar","v":"value"}," g temu"],"zero":"przed chwilą"},"$x":[{"t":"idOrVar","v":"plural"},"value"]},{"$i":"days-ago-short","$v":{"other":[{"t":"idOrVar","v":"value"}," d temu"],"zero":"dzisiaj"},"$x":[{"t":"idOrVar","v":"plural"},"value"]},{"$i":"minutes-until-short","$v":{"other":["za ",{"t":"idOrVar","v":"value"}," m"],"zero":"teraz"},"$x":[{"t":"idOrVar","v":"plural"},"value"]},{"$i":"hours-until-short","$v":{"other":["za ",{"t":"idOrVar","v":"value"}," g"],"zero":"teraz"},"$x":[{"t":"idOrVar","v":"plural"},"value"]},{"$i":"days-until-short","$v":{"other":["za ",{"t":"idOrVar","v":"value"}," d"],"zero":"dzisiaj"},"$x":[{"t":"idOrVar","v":"plural"},"value"]},{"$i":"incorrectDate","$v":"(nieprawidłowa data)"},{"$i":"dateTimeFormat_%c","$v":"%a %b %e %Y %I:%M:%S %p"},{"$i":"dateTimeFormat_%x","$v":"%m/%d/%Y"},{"$i":"dateTimeFormat_%X","$v":"%I:%M:%S %p"},{"$i":"shortTimeFormat","$v":"%I:%M %p"},{"$i":"shortTimeFormat12","$v":"%I:%M %p"},{"$i":"shortTimeFormat24","$v":"%H:%M"},{"$i":"shortDateTimeFormat","$v":"%x %I:%M %p"},{"$i":"weekStartsOnMonday","$v":"0.0"},{"$i":"firstDayOfTheWeek","$v":"1.0"},{"$i":"time_am","$v":"AM"},{"$i":"time_pm","$v":"PM"}]