[{"$i":"setup-app-name-header","$v":"Pošta"},{"$i":"setup-empty-account-message","$v":"Niste podešeni za slanje ili prijem pošte. Podesite nalog da biste dovršili radnju."},{"$i":"setup-pick-service","$v":"Morate da podesite nalog da biste slali i primali poštu."},{"$i":"setup-account-header3","$v":"Аццоунт Логин"},{"$i":"setup-account-password","$v":"Lozinka"},{"$i":"setup-info-next","$v":"Dalje"},{"$i":"setup-progress-wait-msg","$v":"Podešavanje naloga"},{"$i":"setup-sync-progress-wait-msg","$v":"Синхронизација налога"},{"$i":"setup-completed-header","$v":"Čestitamo!"},{"$i":"setup-completed-label","$v":"Gotovo je!"},{"$i":"setup-add-another-account","$v":"Dodajte drugi nalog"},{"$i":"setup-show-mail","$v":"Nastavi na poštu"},{"$i":"setup-done-add","$v":"Dodaj nalog"},{"$i":"setup-error-offline","$v":"Ovaj uređaj je trenutno van mreže. Povežite se na mrežu i pokušajte ponovo."},{"$i":"setup-error-bad-user-or-pass2","$v":"Nevažeće korisničko ime ili lozinka. Proverite greške u kucanju."},{"$i":"setup-error-bad-address","$v":"Nevažeća adresa pošte. Proverite greške u kucanju."},{"$i":"setup-error-not-authorized","$v":"Prema serveru, niste ovlašćeni da kreirate nalog"},{"$i":"setup-error-pop-server-not-great","$v":"Server nije podržan. POP3 server ne primenjuje potrebne funkcije."},{"$i":"setup-error-unknown2","$v":"Došlo je do nepoznate greške. Proverite mrežnu vezu ili isprobajte opciju ručne konfiguracije."},{"$i":"setup-error-needs-app-pass","$v":"Morate koristiti lozinku specifičnu za aplikaciju za Gmail naloge sa dva faktora"},{"$i":"setup-error-imap-disabled","$v":"Morate omogućiti IMAP za Gmail nalog"},{"$i":"setup-error-pop3-disabled","$v":"Morate omogućiti POP3 za Gmail nalog"},{"$i":"setup-error-bad-security","$v":["Nije moguće uspostaviti bezbednu vezu sa „",{"t":"idOrVar","v":"server"},"“. Možda postoji problem sa mrežom ili serverom."]},{"$i":"setup-error-unresponsive-server","$v":["Nije moguće uspostaviti vezu sa „",{"t":"idOrVar","v":"server"},"“. Možda postoji problem sa mrežom."]},{"$i":"setup-error-server-problem","$v":["Postoji problem sa serverom „",{"t":"idOrVar","v":"server"},"“. Pokušajte kasnije."]},{"$i":"setup-error-no-config-info","$v":"Nije moguće automatski konfigurisati nalog. Ispravite adresu pošte ili isprobajte opciju ručne konfiguracije."},{"$i":"setup-error-server-maintenance","$v":["Server „",{"t":"idOrVar","v":"server"},"“ je van mreže zbog održavanja. Pokušajte kasnije."]},{"$i":"setup-error-account-already-exists","$v":"Ovaj nalog je već konfigurisan."},{"$i":"setup-manual-config2","$v":"Napredno"},{"$i":"setup-manual-config-header","$v":"Аццоунт Логин"},{"$i":"setup-manual-account-type-header","$v":"Tip naloga"},{"$i":"setup-manual-account-type","$v":"Tip naloga"},{"$i":"setup-manual-account-type-select","ariaLabel":"Tip naloga"},{"$i":"setup-manual-imap-header","$v":"IMAP podešavanja"},{"$i":"setup-manual-pop3-header","$v":"POP3 podešavanja"},{"$i":"setup-manual-smtp-header","$v":"SMTP podešavanja"},{"$i":"setup-manual-activesync-header","$v":"Podeš. aktivne sinhr."},{"$i":"setup-manual-next","$v":"Dalje"},{"$i":"setup-manual-socket","$v":"Tip priključka"},{"$i":"setup-manual-socket-ssl","$v":"SSL"},{"$i":"setup-manual-socket-starttls","$v":"STARTTLS"},{"$i":"setup-manual-socket-select","ariaLabel":"Bezbednost veze"},{"$i":"setup-manual-socket-plain","$v":"Nešifrovano"},{"$i":"setup-bad-password-header","$v":"Loša lozinka!"},{"$i":"setup-bad-password","$v":"Nije moguće prijavljivanje na server. Ponovo unesite lozinku."},{"$i":"setup-new-password","placeholder":"Nova lozinka"},{"$i":"setup-fix-password","$v":"Pokušaj sa novom lozinkom"},{"$i":"setup-gmail-twofactor-header","$v":"Omogućena su dva faktora"},{"$i":"setup-gmail-twofactor-message","$v":"Morate dole uneti lozinku specifičnu za aplikaciju."},{"$i":"setup-gmail-imap-header","$v":"IMAP onemogućen"},{"$i":"setup-gmail-imap-message","$v":"Morate omogućiti IMAP na Gmail nalogu"},{"$i":"setup-gmail-retry","$v":"Ponovni pokušaj"},{"$i":"setup-gmail-pop3-header","$v":"POP3 onemogućen"},{"$i":"setup-gmail-pop3-message","$v":"Morate omogućiti POP3 na Gmail nalogu"},{"$i":"setup-fix-oauth2-header","$v":"Ponovo autorizuj poštu"},{"$i":"setup-fix-oauth2-description","$v":"Pošta mora ponovo biti autorizovana da biste pristupili sledećem nalogu:"},{"$i":"setup-fix-oauth2-reauthorize","$v":"Ponovo autorizuj"},{"$i":"settings-main-header","$v":"Podeš. pošte"},{"$i":"settings-sub-header-account","$v":"Nalog"},{"$i":"settings-account-group","ariaLabel":"Nalog"},{"$i":"settings-account-name","$v":"Vaše ime"},{"$i":"settings-account-label","$v":"Oznaka naloga"},{"$i":"settings-account-display-notifications","$v":"Prikaži obav. o novoj pošti"},{"$i":"settings-account-play-sound-onsend","$v":"Pusti zvuk nakon slanja poruke"},{"$i":"settings-account-signature-label","$v":"Potpis"},{"$i":"settings-sub-header-data","$v":"Podaci"},{"$i":"settings-data-group","ariaLabel":"Podaci"},{"$i":"settings-account-check-mail","$v":"Proveri nove poruke"},{"$i":"settings-account-check-mail-select","ariaLabel":"Proveri nove poruke"},{"$i":"settings-sub-header-server","$v":"Podeš. servera"},{"$i":"settings-server-group","ariaLabel":"Podeš. servera"},{"$i":"settings-account-userpass","$v":"Korisničko ime i lozinka"},{"$i":"settings-account-useroauth2","$v":"Korisničko ime"},{"$i":"settings-default-signature-2","$v":"Poslato sa telefona"},{"$i":"settings-done","$v":"Gotovo"},{"$i":"settings-account-section","$v":"Nalozi"},{"$i":"settings-account-listbox","ariaLabel":"Nalozi"},{"$i":"settings-account-add","$v":"Dodaj"},{"$i":"settings-account-delete","$v":"Obriši nalog"},{"$i":"settings-account-delete-prompt","$v":["Želite li sigurno da izbrišete nalog pošte za ",{"t":"idOrVar","v":"account"},"?"]},{"$i":"settings-account-delete-desc","$v":"Moraćete ponovo preuzeti poštu ako ponovite kreiranje naloga."},{"$i":"settings-account-delete-cancel","$v":"Otkaži"},{"$i":"settings-account-delete-confirm","$v":"Obriši"},{"$i":"settings-account-clarify","$v":[{"t":"idOrVar","v":"account-name"}]},{"$i":"settings-account-clarify-imap","$v":[{"t":"idOrVar","v":"account-name"}," (IMAP)"]},{"$i":"settings-account-clarify-pop3","$v":[{"t":"idOrVar","v":"account-name"}," (POP3)"]},{"$i":"settings-account-clarify-smtp","$v":[{"t":"idOrVar","v":"account-name"}," (SMTP)"]},{"$i":"settings-general-section","$v":"Opšta podeš."},{"$i":"settings-show-images","$v":"Uvek prikaži slike"},{"$i":"settings-download-attachments","$v":"Preuzmi priloge"},{"$i":"settings-check-every-5min","$v":"Svakih 5 minuta"},{"$i":"settings-check-every-10min","$v":"Svakih 10 minuta"},{"$i":"settings-check-every-15min","$v":"Svakih 15 minuta"},{"$i":"settings-check-every-30min","$v":"Svakih 30 minuta"},{"$i":"settings-check-every-60min","$v":"Svakog sata"},{"$i":"settings-check-every-manual","$v":"Ručno"},{"$i":"settings-check-dynamic","$v":{"few":["Sekunde: ",{"t":"idOrVar","v":"n"}],"many":["Sekunde: ",{"t":"idOrVar","v":"n"}],"one":[{"t":"idOrVar","v":"n"}," sekunda"],"other":["Sekunde: ",{"t":"idOrVar","v":"n"}],"two":["Sekunde: ",{"t":"idOrVar","v":"n"}],"zero":"onemogućeno"},"$x":[{"t":"idOrVar","v":"plural"},"n"]},{"$i":"settings-default-account","$v":"Poslato kao podraz. pošta"},{"$i":"settings-account-type","$v":"Tip naloga"},{"$i":"settings-account-credentials","$v":"Akreditivi"},{"$i":"settings-activesync-label","$v":"Podeš. aktivne sinhr."},{"$i":"settings-imap-label","$v":"IMAP podešavanja"},{"$i":"settings-pop3-label","$v":"POP3 podešavanja"},{"$i":"settings-smtp-label","$v":"SMTP podešavanja"},{"$i":"settings-hostname","$v":"Ime hosta"},{"$i":"settings-port","$v":"Port"},{"$i":"settings-username","$v":"Korisničko ime"},{"$i":"settings-password","$v":"Lozinka"},{"$i":"settings-save","$v":"Sačuvaj"},{"$i":"password-saved","$v":"Лозинка је сачувана."},{"$i":"settings-reauth","$v":"Ponovo autorizuj"},{"$i":"settings-account-synchronize-window","$v":"Dani do sinhr."},{"$i":"settings-account-synchronize-window-select","ariaLabel":"Dani do sinhr."},{"$i":"settings-synchronize-auto","$v":"Automatski"},{"$i":"settings-synchronize-one-day","$v":"1 dan"},{"$i":"settings-synchronize-three-days","$v":"3 dana"},{"$i":"settings-synchronize-one-week","$v":"1 sedmica"},{"$i":"settings-synchronize-two-weeks","$v":"2 sedmice"},{"$i":"settings-synchronize-one-month","$v":"1 mesec"},{"$i":"settings-synchronize-all","$v":"Sve poruke"},{"$i":"envelope-from","$v":"Od"},{"$i":"envelope-to","$v":"Prima"},{"$i":"envelope-cc","$v":"Cc"},{"$i":"envelope-bcc","$v":"Bcc"},{"$i":"message-header-state-sending","ariaLabel":"Slanje"},{"$i":"message-header-state-error","ariaLabel":"Greška pri slanju"},{"$i":"message-header-unread","ariaLabel":"Nepročitano"},{"$i":"message-header-reply","ariaLabel":"Odgovori"},{"$i":"message-header-forward","ariaLabel":"Prosledi"},{"$i":"message-header-starred","ariaLabel":"Ima zvezdu"},{"$i":"message-header-attachments","ariaLabel":"Ima priloge"},{"$i":"message-body-container","ariaLabel":"Telo poruke"},{"$i":"message-body-container-progress","ariaValueText":"Učitavanje"},{"$i":"subject","ariaLabel":"Tema"},{"$i":"attachments-container","ariaLabel":"Prilozi"},{"$i":"from-group","ariaLabel":"Od"},{"$i":"to-group","ariaLabel":"Prima"},{"$i":"cc-group","ariaLabel":"CC"},{"$i":"bcc-group","ariaLabel":"BCC"},{"$i":"compose-header","$v":"Sastavi poruku"},{"$i":"compose-header-short","$v":"Sastavi"},{"$i":"compose-send","$v":"Pošalji"},{"$i":"compose-send-button","ariaLabel":"Pošalji"},{"$i":"compose-to","$v":"Prima"},{"$i":"compose-cc","$v":"Cc"},{"$i":"compose-bcc","$v":"Bcc"},{"$i":"compose-cc-remove","$v":"Cc lista je uklonjena."},{"$i":"compose-bcc-remove","$v":"Bcc lista je uklonjena."},{"$i":"compose-contact-add","ariaLabel":"Dodaj kontakt"},{"$i":"compose-attachments","$v":{"few":["Prilozi (",{"t":"idOrVar","v":"n"},")"],"many":["Prilozi (",{"t":"idOrVar","v":"n"},")"],"one":["Prilog (",{"t":"idOrVar","v":"n"},")"],"other":["Prilozi (",{"t":"idOrVar","v":"n"},")"],"two":["Prilozi (",{"t":"idOrVar","v":"n"},")"],"zero":"Prilog"},"$x":[{"t":"idOrVar","v":"plural"},"n"]},{"$i":"compose-text","ariaLabel":"Izmeni"},{"$i":"compose-attachment-still-working","$v":"Samo trenutak, prethodni prilog je još u obradi..."},{"$i":"compose-attachment-loading","$v":"Учитавање прилога ..."},{"$i":"compose-attachments-loading","$v":"Учитавање прилога ..."},{"$i":"compose-forward-attachment-error-title","$v":"Preuzimanje nije uspelo."},{"$i":"compose-forward-attachment-error-title2","$v":"Greška"},{"$i":"compose-forward-attachment-unable-load","$v":"Prilog nije moguće učitati."},{"$i":"compose-forward-attachments-unable-load","$v":"Priloge nije moguće učitati."},{"$i":"compose-forward-attachment-load-error","$v":"Neke priloge nije moguće učitati."},{"$i":"confirmation-title","$v":"Potvrda"},{"$i":"compose-subject","$v":"Tema"},{"$i":"compose-draft-save","$v":"Sačuvati u lokalne nacrte?"},{"$i":"compose-discard-confirm","$v":"Odbaci"},{"$i":"compose-draft-dialog-cancel","$v":"Otkaži"},{"$i":"compose-draft-dialog-save","$v":"Sačuvaj"},{"$i":"composer-draft-saved","$v":"Poruka je sačuvana u lokalne nacrte"},{"$i":"attention","$v":"Pažnja"},{"$i":"compose-send-message-failed","$v":"Neuspelo slanje pošte"},{"$i":"compose-attchment-size-exceeded","$v":"Izabrani prilog je prevelik za slanje sa ovom porukom."},{"$i":"compose-attchments-size-exceeded","$v":"Izabrani prilog je prevelik za slanje sa ovom porukom. Izaberite manje datoteka."},{"$i":"composer-attachment-large-title","$v":"Datoteka je prevelika"},{"$i":"default-attachment-filename","$v":["prilog",{"t":"idOrVar","v":"n"}]},{"$i":"attachment-size-meb","$v":[{"t":"idOrVar","v":"megabytes"}," MB"]},{"$i":"attachment-size-kib","$v":[{"t":"idOrVar","v":"kilobytes"}," KB"]},{"$i":"attachment-size-byte","$v":[{"t":"idOrVar","v":"bytes"}," B"]},{"$i":"message-attachment-view","$v":"Vidi"},{"$i":"message-attachment-did-not-open-label","$v":"Nije moguće otvoriti"},{"$i":"message-attachment-did-not-open-body","$v":"Uređaj nema aplikaciju koja može da otvori prilog."},{"$i":"message-attachment-too-large","$v":"Datoteka je prevelika za čuvanje."},{"$i":"message-attachment-not-found","$v":"Nije moguće naći prilog, možda je izbrisan."},{"$i":"message-attachment-download-fail","$v":[{"t":"idOrVar","v":"fileName"}," -Preuzimanje nije uspelo"]},{"$i":"message-no-subject","$v":"(bez teme)"},{"$i":"message-edit-menu-edit","$v":"Izmeni"},{"$i":"message-edit-menu-delete","$v":"Obriši"},{"$i":"message-edit-delete-confirm","$v":"Izbrisati poštu?"},{"$i":"message-forward-attachment-title","$v":"Prilog"},{"$i":"message-forward-attachment","$v":"Proslediti i prilog?"},{"$i":"message-forward-attachments","$v":"Proslediti i priloge?"},{"$i":"message-multiedit-header","$v":{"few":["Odabrano: ",{"t":"idOrVar","v":"n"}],"many":["Odabrano: ",{"t":"idOrVar","v":"n"}],"one":["Odabrano: ",{"t":"idOrVar","v":"n"}],"other":["Odabrano: ",{"t":"idOrVar","v":"n"}],"two":["Odabrano: ",{"t":"idOrVar","v":"n"}],"zero":["Odabrano: ",{"t":"idOrVar","v":"n"}]},"$x":[{"t":"idOrVar","v":"plural"},"n"]},{"$i":"message-multiedit-search-header","$v":{"few":["Odabrano: ",{"t":"idOrVar","v":"n"}],"many":["Odabrano: ",{"t":"idOrVar","v":"n"}],"one":["Odabrano: ",{"t":"idOrVar","v":"n"}],"other":["Odabrano: ",{"t":"idOrVar","v":"n"}],"two":["Odabrano: ",{"t":"idOrVar","v":"n"}],"zero":"0 odabrano"},"$x":[{"t":"idOrVar","v":"plural"},"n"]},{"$i":"browse-to-url-prompt","$v":["Pregledaj do URL-a?: ",{"t":"idOrVar","v":"url"}]},{"$i":"message-download-images-tap","$v":{"few":["Ova pošta sadrži slike: ",{"t":"idOrVar","v":"n"},". Dodirnite za preuzimanje."],"many":["Ova pošta sadrži slike: ",{"t":"idOrVar","v":"n"},". Dodirnite za preuzimanje."],"one":"Ova pošta ne sadrži slike. Dodirnite za preuzimanje.","other":["Ova pošta sadrži slike: ",{"t":"idOrVar","v":"n"},". Dodirnite za preuzimanje."],"two":["Ova pošta sadrži slike: ",{"t":"idOrVar","v":"n"},". Dodirnite za preuzimanje."]},"$x":[{"t":"idOrVar","v":"plural"},"n"]},{"$i":"message-show-external-images","$v":"Prikaži spoljne slike"},{"$i":"message-delete-cancel","$v":"Otkaži"},{"$i":"message-multiedit-delete-confirm","$v":{"few":["Izbrisati ",{"t":"idOrVar","v":"n"}," poruka?"],"many":["Izbrisati ",{"t":"idOrVar","v":"n"}," poruka?"],"one":"Izbrisati odabranu poruku?","other":["Izbrisati ",{"t":"idOrVar","v":"n"}," poruka?"],"two":["Izbrisati ",{"t":"idOrVar","v":"n"}," poruka?"]},"$x":[{"t":"idOrVar","v":"plural"},"n"]},{"$i":"message-large-message-cancel","$v":"Otkaži"},{"$i":"message-large-message-ok","$v":"Nastavi"},{"$i":"message-large-message-confirm","$v":"Ova poruka je velika i potrebno je vreme za preuzimanje."},{"$i":"message-large-message-warning","$v":"Poruka je prevelika za učitavanje."},{"$i":"message-search-header","$v":"Traži"},{"$i":"search-result","$v":["Pronađeno podudaranje: ",{"t":"idOrVar","v":"num"}]},{"$i":"message-search-from","$v":"Od"},{"$i":"message-search-to","$v":"Prima"},{"$i":"message-search-subject","$v":"Tema"},{"$i":"message-search-body","$v":"Telo"},{"$i":"message-search-all","$v":"Sve"},{"$i":"message-search-input","placeholder":"Pretraži poštu"},{"$i":"message-search-cancel","$v":"Otkaži"},{"$i":"messages-syncing","$v":"Učitavanje poruka"},{"$i":"messages-syncing-progressbar","ariaValueText":"Učitavanje poruka"},{"$i":"messages-load-more","$v":"Učitaj još poruka"},{"$i":"messages-folder-empty","$v":"U folderu nema pošte"},{"$i":"messages-search-empty","$v":"Nema pogodaka u lokalno keširanoj memoriji"},{"$i":"messages-folder-select","$v":"Premesti u folder"},{"$i":"messages-folder-unread-max","$v":"999+"},{"$i":"message-contact-menu-create","$v":"Sačuvaj novi kontakt"},{"$i":"message-contact-menu-add-existing","$v":"Dodaj postojećem kontaktu"},{"$i":"message-contact-menu-view","$v":"Prikaži kontakt"},{"$i":"message-contact-menu-reply","$v":"Odgovori"},{"$i":"message-contact-menu-new","$v":"Pošalji novu poštu"},{"$i":"message-reply-menu-reply","$v":"Odgovori"},{"$i":"message-reply-menu-reply-all","$v":"Odgovori svima"},{"$i":"message-reply-menu-forward","$v":"Prosledi"},{"$i":"message-reply-menu-cancel","$v":"Otkaži"},{"$i":"reply-quoting-wrote","$v":"{name} je napisao/la"},{"$i":"forward-original-message","$v":"Originalna poruka"},{"$i":"forward-header-subject","$v":"Tema"},{"$i":"forward-header-date","$v":"Datum"},{"$i":"forward-header-from","$v":"Od"},{"$i":"forward-header-reply-to","$v":"Odgovori"},{"$i":"forward-header-to","$v":"Prima"},{"$i":"forward-header-cc","$v":"Cc"},{"$i":"folder-inbox","$v":"Prijem"},{"$i":"folder-sent","$v":"Poslato"},{"$i":"folder-drafts","$v":"Nacrti"},{"$i":"folder-trash","$v":"Otpaci"},{"$i":"folder-queue","$v":"Neposlato"},{"$i":"folder-junk","$v":"Neželjeno"},{"$i":"folder-archives","$v":"Arhiva"},{"$i":"folder-localdrafts","$v":"Lokalni nacrti"},{"$i":"folder-outbox","$v":"Slanje"},{"$i":"drawer-back","$v":"Nazad"},{"$i":"drawer-accounts-header","$v":"Nalozi"},{"$i":"drawer-settings-link","$v":"Podeš."},{"$i":"folder-last-synced-label","$v":"Poslednja sinhr.:"},{"$i":"messages-refresh-progress","ariaValueText":"Osvežavanje"},{"$i":"no-internet-connection","$v":"Nema internet veze."},{"$i":"toaster-undo","$v":"Poništi"},{"$i":"toaster-message-star","$v":{"few":["Označene poruke: ",{"t":"idOrVar","v":"n"}],"many":["Označene poruke: ",{"t":"idOrVar","v":"n"}],"one":"Poruka je označena","other":["Označene poruke: ",{"t":"idOrVar","v":"n"}],"two":["Označene poruke: ",{"t":"idOrVar","v":"n"}]},"$x":[{"t":"idOrVar","v":"plural"},"n"]},{"$i":"toaster-message-unstar","$v":{"few":["Uklonjene oznake poruke: ",{"t":"idOrVar","v":"n"}],"many":["Uklonjene oznake poruke: ",{"t":"idOrVar","v":"n"}],"one":"Uklonjena je oznaka poruke","other":["Uklonjene oznake poruke: ",{"t":"idOrVar","v":"n"}],"two":["Uklonjene oznake poruke: ",{"t":"idOrVar","v":"n"}]},"$x":[{"t":"idOrVar","v":"plural"},"n"]},{"$i":"toaster-message-read","$v":{"few":["Poruke označene kao pročitane: ",{"t":"idOrVar","v":"n"}],"many":["Poruke označene kao pročitane: ",{"t":"idOrVar","v":"n"}],"one":"Poruka je označena kao pročitana","other":["Poruke označene kao pročitane: ",{"t":"idOrVar","v":"n"}],"two":["Poruke označene kao pročitane: ",{"t":"idOrVar","v":"n"}]},"$x":[{"t":"idOrVar","v":"plural"},"n"]},{"$i":"toaster-message-unread","$v":{"few":["Poruke označene kao nepročitane: ",{"t":"idOrVar","v":"n"}],"many":["Poruke označene kao nepročitane: ",{"t":"idOrVar","v":"n"}],"one":"Poruka označena kao nepročitana","other":["Poruke označene kao nepročitane: ",{"t":"idOrVar","v":"n"}],"two":["Poruke označene kao nepročitane: ",{"t":"idOrVar","v":"n"}]},"$x":[{"t":"idOrVar","v":"plural"},"n"]},{"$i":"toaster-message-move","$v":{"few":["Premeštene poruke u folder: ",{"t":"idOrVar","v":"n"},":"],"many":["Premeštene poruke u folder: ",{"t":"idOrVar","v":"n"},":"],"one":"Poruka je premeštena u folder:","other":["Premeštene poruke u folder: ",{"t":"idOrVar","v":"n"},":"],"two":["Premeštene poruke u folder: ",{"t":"idOrVar","v":"n"},":"]},"$x":[{"t":"idOrVar","v":"plural"},"n"]},{"$i":"toaster-message-delete","$v":{"few":["Izbrisana pošta: ",{"t":"idOrVar","v":"n"}],"many":["Izbrisana pošta: ",{"t":"idOrVar","v":"n"}],"one":"1 pošta je izbrisana","other":["Izbrisana pošta: ",{"t":"idOrVar","v":"n"}],"two":["Izbrisana pošta: ",{"t":"idOrVar","v":"n"}]},"$x":[{"t":"idOrVar","v":"plural"},"n"]},{"$i":"toaster-sync-failed","$v":"Povezivanje sa serverom nije moguće."},{"$i":"compose-invalid-addresses-title","$v":"Nevažeća adresa"},{"$i":"compose-invalid-addresses-description","$v":"Poruka sadrži jednu ili više nevažećih adresa pošte. Ispravite ih pre slanja."},{"$i":"background-send-pending","$v":"Mreža nije dostupna. Pošta je sačuvana za slanje."},{"$i":"background-send-sending","$v":"Slanje pošte..."},{"$i":"background-send-success","$v":"Pošta je poslata."},{"$i":"background-send-error","$v":"Došlo je do greške. Pošta je sačuvana za slanje."},{"$i":"background-send-error-recipients","$v":"Greška primaoca. Pošta je sačuvana za slanje."},{"$i":"background-send-error-title","$v":"Neuspelo slanje pošte"},{"$i":"send-failure-recipients","$v":"Proverite pravopis adresa iznad. Server pošte je označio jednu ili više adresa kao netačnu."},{"$i":"send-failure-unknown","$v":"Nije moguće poslati poruku."},{"$i":"form-clear-input","$v":"Ukloni tekst"},{"$i":"confirm-dialog-title","$v":"Potvrda"},{"$i":"confirm-dialog-ok","$v":"OK"},{"$i":"msg-display-subject","$v":"Tema"},{"$i":"msg-reader-display-attachments","$v":"Prilozi"},{"$i":"msg-reader-display-attachment","$v":"Prilog"},{"$i":"msg-reader-download-external-images","$v":["Preuzmi spoljne slike (",{"t":"idOrVar","v":"n"}," MB)"]},{"$i":"msg-reader-sender-header","$v":"Od"},{"$i":"msg-reader-recipients-header","$v":"Primaoci"},{"$i":"msg-reader-cc-header","$v":"Cc"},{"$i":"msg-reader-bcc-header","$v":"Bcc"},{"$i":"msg-reader-message-flagged","$v":"Poruka je označena"},{"$i":"msg-reader-flag-removed","$v":"Oznaka je uklonjena"},{"$i":"external-image-downloading","$v":"Preuzimanje..."},{"$i":"senders-separation-sign","$v":", "},{"$i":"new-messages","$v":{"few":["Nove poruke: ",{"t":"idOrVar","v":"n"}],"many":["Nove poruke: ",{"t":"idOrVar","v":"n"}],"one":"1 nova poruka","other":["Nove poruke: ",{"t":"idOrVar","v":"n"}],"two":["Nove poruke: ",{"t":"idOrVar","v":"n"}]},"$x":[{"t":"idOrVar","v":"plural"},"n"]},{"$i":"new-emails-notify-one-account","$v":{"few":["Nova pošta: ",{"t":"idOrVar","v":"n"}],"many":["Nova pošta: ",{"t":"idOrVar","v":"n"}],"one":"1 nova pošta","other":["Nova pošta: ",{"t":"idOrVar","v":"n"}],"two":["Nova pošta: ",{"t":"idOrVar","v":"n"}]},"$x":[{"t":"idOrVar","v":"plural"},"n"]},{"$i":"new-emails-notify-multiple-accounts","$v":{"few":["Nova pošta: ",{"t":"idOrVar","v":"n"}," (",{"t":"idOrVar","v":"accountName"},")"],"many":["Nova pošta: ",{"t":"idOrVar","v":"n"}," (",{"t":"idOrVar","v":"accountName"},")"],"one":["1 nova pošta (",{"t":"idOrVar","v":"accountName"},")"],"other":["Nova pošta: ",{"t":"idOrVar","v":"n"}," (",{"t":"idOrVar","v":"accountName"},")"],"two":["Nova pošta: ",{"t":"idOrVar","v":"n"}," (",{"t":"idOrVar","v":"accountName"},")"]},"$x":[{"t":"idOrVar","v":"plural"},"n"]},{"$i":"new-emails-notify-multiple-accounts-body","$v":[{"t":"idOrVar","v":"from"}," „",{"t":"idOrVar","v":"subject"},"“"]},{"$i":"tng-plain-socket-warning-title","$v":"Sigurni ste?"},{"$i":"tng-plain-socket-warning-message","$v":"Drugi ljudi mogu videti vaše lozinke i imejlove ili kontrolisati vaš nalog."},{"$i":"tng-plain-socket-warning-message-options","$v":"Postoji više besplatnih dobavljača pošte koji nude bezbednije, šifrovane veze."},{"$i":"tng-plain-socket-warning-ok","$v":"Razumem"},{"$i":"message-reader-date-received","ariaLabel":"Primljeno"},{"$i":"sort-by-title","$v":"Sortiraj po"},{"$i":"sort-by-date","$v":"Datum"},{"$i":"sort-by-from","$v":"Od"},{"$i":"sort-by-to","$v":"Prima"},{"$i":"sort-by-subject","$v":"Tema"},{"$i":"softkey-options","$v":"Opcije"},{"$i":"opt-compose","$v":"Sastavi"},{"$i":"opt-reply","$v":"Odgovori"},{"$i":"opt-reply-all","$v":"Odgovori svima"},{"$i":"opt-forward","$v":"Prosledi"},{"$i":"opt-mark-read","$v":"Označi kao pročitano"},{"$i":"opt-mark-unread","$v":"Označi kao nepročitano"},{"$i":"opt-add-flag","$v":"Dodaj oznaku"},{"$i":"opt-remove-flag","$v":"Ukloni oznaku"},{"$i":"opt-move-message","$v":"Premesti u folder"},{"$i":"opt-delete-message","$v":"Obriši"},{"$i":"opt-multi-select","$v":"Odaberi više"},{"$i":"opt-search","$v":"Traži"},{"$i":"opt-folders","$v":"Prikaži foldere"},{"$i":"opt-sort","$v":"Sortiraj"},{"$i":"opt-sync","$v":"Sinhronizuj"},{"$i":"opt-account","$v":"Promeni nalog"},{"$i":"opt-settings","$v":"Podeš."},{"$i":"opt-edit","$v":"Izmeni"},{"$i":"opt-cancel","$v":"Otkaži"},{"$i":"opt-save","$v":"Sačuvaj"},{"$i":"opt-move","$v":"Premesti"},{"$i":"opt-view","$v":"Vidi"},{"$i":"opt-empty-trash","$v":"Isprazni otpad"},{"$i":"opt-call-number","$v":"Pozovi"},{"$i":"opt-compose-mail","$v":"Sastavi"},{"$i":"opt-open-url","$v":"Otvori"},{"$i":"select-option-on","$v":"Uključeno"},{"$i":"select-option-off","$v":"Isključeno"},{"$i":"select-option-imap-smtp","$v":"IMAP+SMTP"},{"$i":"select-option-pop3-smtp","$v":"POP3+SMTP"},{"$i":"select-option-activesync","$v":"Akt.sinhr."},{"$i":"toaster-switch-account","$v":"Nalog pošte je prebačen na:"},{"$i":"toaster-sorted-by","$v":"Poruka je sortirana prema"},{"$i":"cmp-reply","$v":"Odgovori"},{"$i":"cmp-reply-all","$v":"Odgovori svima"},{"$i":"cmp-forward","$v":"Prosledi poruku"},{"$i":"cmp-remove-attach","$v":"Prilog je uklonjen"},{"$i":"select","$v":"Odaberi"},{"$i":"deselect","$v":"Poništi izbor"},{"$i":"cancel","$v":"Otkaži"},{"$i":"enter","$v":"Unesi"},{"$i":"remove-attachment","$v":"Ukloni prilog"},{"$i":"replace-attachment","$v":"Zameni prilog"},{"$i":"add-attachment","$v":"Dodaj prilog"},{"$i":"add-contact","$v":"Dodaj kontakt"},{"$i":"add-cc","$v":"Dodaj Cc"},{"$i":"remove-cc","$v":"Ukloni Cc"},{"$i":"add-bcc","$v":"Dodaj Bcc"},{"$i":"remove-bcc","$v":"Ukloni Bcc"},{"$i":"attachment-download","$v":"Preuzmi"},{"$i":"attachment-share","$v":"Deli"},{"$i":"send-new-mail","$v":"Pošalji novu poštu"},{"$i":"view-contact","$v":"Prikaži kontakt"},{"$i":"save-new-contact","$v":"Sačuvaj novi kontakt"},{"$i":"add-to-exsiting-contact","$v":"Dodaj postojećem kontaktu"},{"$i":"no","$v":"Ne"},{"$i":"yes","$v":"Da"},{"$i":"retry","$v":"Ponovni pokušaj"},{"$i":"empty","$v":"Prazno"},{"$i":"empty-trash-confirm","$v":"Isprazniti otpatke?"},{"$i":"trash-emptied","$v":"Otpad je ispražnjen"},{"$i":"next","$v":"Dalje"},{"$i":"welcome-header","$v":"Pošta"},{"$i":"welcome-msg","$v":"Dobro došli u Poštu."},{"$i":"welcome-msg-setup","$v":"Pritisnite Dalje da biste podesili nalog pošte."},{"$i":"discard","$v":"Odbaci"},{"$i":"leave-this-page-warning-message","$v":"Odbaciti informacije o nalogu pošte?"},{"$i":"finish","$v":"Završi"},{"$i":"setup-done-msg","$v":"Uspešno ste se prijavili. Želite li da dodate još jedan nalog?"},{"$i":"save-as-draft","$v":"Sačuvaj kao nacrt"},{"$i":"show-password","$v":"Prikaži lozinku"},{"$i":"account-label","$v":"Oznaka naloga"},{"$i":"folders","$v":"Folderi"},{"$i":"security","$v":"Zaštita"},{"$i":"port-number","$v":"Broj porta"},{"$i":"domain-username","$v":"Domen\\korisničko ime"},{"$i":"synchronizing","$v":"Sinhronizacija…"},{"$i":"browse-mail","$v":"Pregledaj poštu"},{"$i":"never-sync","$v":"Ovoj folder ne može da se sinhr."},{"$i":"emptyDownloadFile","$v":"Nije moguće preuzeti datoteku, datoteka je možda prazna"},{"$i":"sync","$v":"Sinhronizacija"},{"$i":"outbox-unsent-label","$v":{"few":["Neposlate poruke za slanje: ",{"t":"idOrVar","v":"n"}],"many":["Neposlate poruke za slanje: ",{"t":"idOrVar","v":"n"}],"one":"1 neposlata poruka za slanje","other":["Neposlate poruke za slanje: ",{"t":"idOrVar","v":"n"}],"two":"2 neposlate poruke za slanje"},"$x":[{"t":"idOrVar","v":"plural"},"n"]},{"$i":"storage-full-title","$v":"Skladište je puno"},{"$i":"storage-full-warning","$v":"Možete da izbrišete neke medijske datoteke ili da uredite podatke aplikacije da biste oslobodili prostor."},{"$i":"storage-full","$v":"Skladište telefona je puno."},{"$i":"storage-sdcard-full","$v":"SD kartica je puna."},{"$i":"view-address","$v":"Prikaži adresu"},{"$i":"mail-address-title","$v":"Unesite adresu e-pošte:"},{"$i":"mail-address","$v":[{"t":"idOrVar","v":"address"}]},{"$i":"value-name","$v":[{"t":"idOrVar","v":"name"}]},{"$i":"account-deleted","$v":"Рачун је избрисан."},{"$i":"account-reEnable","$v":"Nalog već postoji. Sinhronizovati e-poštu naloga?"},{"$i":"setup-account-usedInfo","$v":"Dolenavedene aplikacije će koristiti ovaj nalog. To možete da promenite ako izaberete Podešavanja > Nalog."},{"$i":"setup-account-settingsInfo","$v":"Svaka aplikacija ima različite podrazumevane intervale sinhronizacije, proverite to u podešavanjima aplikacija."},{"$i":"app-calendar","$v":"Kalendar"},{"$i":"app-contacts","$v":"Imenik"},{"$i":"app-email","$v":"Pošta"},{"$i":"weekday-0-long","$v":"Nedelja"},{"$i":"weekday-1-long","$v":"Ponedeljak"},{"$i":"weekday-2-long","$v":"Utorak"},{"$i":"weekday-3-long","$v":"Sreda"},{"$i":"weekday-4-long","$v":"Četvrtak"},{"$i":"weekday-5-long","$v":"Petak"},{"$i":"weekday-6-long","$v":"Subota"},{"$i":"weekday-0-short","$v":"Ned"},{"$i":"weekday-1-short","$v":"Pon"},{"$i":"weekday-2-short","$v":"Uto"},{"$i":"weekday-3-short","$v":"Sre"},{"$i":"weekday-4-short","$v":"Čet"},{"$i":"weekday-5-short","$v":"Pet"},{"$i":"weekday-6-short","$v":"Sub"},{"$i":"month-0-long","$v":"Januar"},{"$i":"month-1-long","$v":"Februar"},{"$i":"month-2-long","$v":"Mart"},{"$i":"month-3-long","$v":"April"},{"$i":"month-4-long","$v":"Maj"},{"$i":"month-5-long","$v":"Jun"},{"$i":"month-6-long","$v":"Jul"},{"$i":"month-7-long","$v":"Avgust"},{"$i":"month-8-long","$v":"Septembar"},{"$i":"month-9-long","$v":"Oktobar"},{"$i":"month-10-long","$v":"Novembar"},{"$i":"month-11-long","$v":"Decembar"},{"$i":"month-0-genitive","$v":"Januar"},{"$i":"month-1-genitive","$v":"Februar"},{"$i":"month-2-genitive","$v":"Mart"},{"$i":"month-3-genitive","$v":"April"},{"$i":"month-4-genitive","$v":"Maj"},{"$i":"month-5-genitive","$v":"Jun"},{"$i":"month-6-genitive","$v":"Jul"},{"$i":"month-7-genitive","$v":"Avgust"},{"$i":"month-8-genitive","$v":"Septembar"},{"$i":"month-9-genitive","$v":"Oktobar"},{"$i":"month-10-genitive","$v":"Novembar"},{"$i":"month-11-genitive","$v":"Decembar"},{"$i":"month-0-short","$v":"Jan"},{"$i":"month-1-short","$v":"Feb"},{"$i":"month-2-short","$v":"Mar"},{"$i":"month-3-short","$v":"Apr"},{"$i":"month-4-short","$v":"Maj"},{"$i":"month-5-short","$v":"Jun"},{"$i":"month-6-short","$v":"Jul"},{"$i":"month-7-short","$v":"Avg"},{"$i":"month-8-short","$v":"Sep"},{"$i":"month-9-short","$v":"Okt"},{"$i":"month-10-short","$v":"Nov"},{"$i":"month-11-short","$v":"Dec"},{"$i":"minutes-ago-long","$v":{"few":["Pre ",{"t":"idOrVar","v":"value"}," minuta"],"many":["Pre ",{"t":"idOrVar","v":"value"}," minuta"],"one":"pre jednog minuta","other":["Pre ",{"t":"idOrVar","v":"value"}," minuta"],"two":["Pre ",{"t":"idOrVar","v":"value"}," minuta"],"zero":"malopre"},"$x":[{"t":"idOrVar","v":"plural"},"value"]},{"$i":"hours-ago-long","$v":{"few":["Pre ovoliko sati: ",{"t":"idOrVar","v":"value"}],"many":["Pre ovoliko sati: ",{"t":"idOrVar","v":"value"}],"one":"pre sat vremena","other":["Pre ovoliko sati: ",{"t":"idOrVar","v":"value"}],"two":["Pre ovoliko sati: ",{"t":"idOrVar","v":"value"}],"zero":"malopre"},"$x":[{"t":"idOrVar","v":"plural"},"value"]},{"$i":"days-ago-long","$v":{"few":["Pre ",{"t":"idOrVar","v":"value"}," dana"],"many":["Pre ",{"t":"idOrVar","v":"value"}," dana"],"one":"juče","other":["Pre ",{"t":"idOrVar","v":"value"}," dana"],"two":["Pre ",{"t":"idOrVar","v":"value"}," dana"],"zero":"danas"},"$x":[{"t":"idOrVar","v":"plural"},"value"]},{"$i":"weeks-ago-long","$v":{"few":["Pre ovoliko nedelja: ",{"t":"idOrVar","v":"value"}],"many":["Pre ovoliko nedelja: ",{"t":"idOrVar","v":"value"}],"one":"prošle nedelje","other":["Pre ovoliko nedelja: ",{"t":"idOrVar","v":"value"}],"two":["Pre ovoliko nedelja: ",{"t":"idOrVar","v":"value"}],"zero":"ove nedelje"},"$x":[{"t":"idOrVar","v":"plural"},"value"]},{"$i":"months-ago-long","$v":{"few":["Pre ovoliko meseci: ",{"t":"idOrVar","v":"value"}],"many":["Pre ovoliko meseci: ",{"t":"idOrVar","v":"value"}],"one":"prošli mesec","other":["Pre ovoliko meseci: ",{"t":"idOrVar","v":"value"}],"two":["Pre ovoliko meseci: ",{"t":"idOrVar","v":"value"}],"zero":"ovog meseca"},"$x":[{"t":"idOrVar","v":"plural"},"value"]},{"$i":"years-ago-long","$v":{"few":["Pre ovoliko godina: ",{"t":"idOrVar","v":"value"}],"many":["Pre ovoliko godina: ",{"t":"idOrVar","v":"value"}],"one":"prošle godine","other":["Pre ovoliko godina: ",{"t":"idOrVar","v":"value"}],"two":["Pre ovoliko godina: ",{"t":"idOrVar","v":"value"}],"zero":"ove godine"},"$x":[{"t":"idOrVar","v":"plural"},"value"]},{"$i":"minutes-until-long","$v":{"few":["za ",{"t":"idOrVar","v":"value"}," minuta"],"many":["za ",{"t":"idOrVar","v":"value"}," minuta"],"one":"za jedan minut","other":["za ",{"t":"idOrVar","v":"value"}," minuta"],"two":["za ",{"t":"idOrVar","v":"value"}," minuta"],"zero":"sada"},"$x":[{"t":"idOrVar","v":"plural"},"value"]},{"$i":"hours-until-long","$v":{"few":["za ",{"t":"idOrVar","v":"value"}," sata/i"],"many":["za ",{"t":"idOrVar","v":"value"}," sata/i"],"one":"za jedan sat","other":["za ",{"t":"idOrVar","v":"value"}," sata/i"],"two":["za ",{"t":"idOrVar","v":"value"}," sata/i"],"zero":"sada"},"$x":[{"t":"idOrVar","v":"plural"},"value"]},{"$i":"days-until-long","$v":{"few":["za ",{"t":"idOrVar","v":"value"}," dana"],"many":["za ",{"t":"idOrVar","v":"value"}," dana"],"one":"sutra","other":["za ",{"t":"idOrVar","v":"value"}," dana"],"two":["za ",{"t":"idOrVar","v":"value"}," dana"],"zero":"danas"},"$x":[{"t":"idOrVar","v":"plural"},"value"]},{"$i":"weeks-until-long","$v":{"few":["za ",{"t":"idOrVar","v":"value"}," nedelje/a"],"many":["za ",{"t":"idOrVar","v":"value"}," nedelje/a"],"one":"sledeća nedelja","other":["za ",{"t":"idOrVar","v":"value"}," nedelje/a"],"two":["za ",{"t":"idOrVar","v":"value"}," nedelje/a"],"zero":"ove nedelje"},"$x":[{"t":"idOrVar","v":"plural"},"value"]},{"$i":"months-until-long","$v":{"few":["za ",{"t":"idOrVar","v":"value"}," meseca/i"],"many":["za ",{"t":"idOrVar","v":"value"}," meseca/i"],"one":"sledeći mesec","other":["za ",{"t":"idOrVar","v":"value"}," meseca/i"],"two":["za ",{"t":"idOrVar","v":"value"}," meseca/i"],"zero":"ovog meseca"},"$x":[{"t":"idOrVar","v":"plural"},"value"]},{"$i":"years-until-long","$v":{"few":["za ",{"t":"idOrVar","v":"value"}," godine/a"],"many":["za ",{"t":"idOrVar","v":"value"}," godine/a"],"one":"sledeća godina","other":["za ",{"t":"idOrVar","v":"value"}," godine/a"],"two":["za ",{"t":"idOrVar","v":"value"}," godine/a"],"zero":"ove godine"},"$x":[{"t":"idOrVar","v":"plural"},"value"]},{"$i":"minutes-ago-short","$v":{"other":["Pre ",{"t":"idOrVar","v":"value"}," m"],"zero":"malopre"},"$x":[{"t":"idOrVar","v":"plural"},"value"]},{"$i":"hours-ago-short","$v":{"other":["Pre ",{"t":"idOrVar","v":"value"}," h"],"zero":"malopre"},"$x":[{"t":"idOrVar","v":"plural"},"value"]},{"$i":"days-ago-short","$v":{"other":["Pre ",{"t":"idOrVar","v":"value"}," d"],"zero":"danas"},"$x":[{"t":"idOrVar","v":"plural"},"value"]},{"$i":"minutes-until-short","$v":{"other":["za ",{"t":"idOrVar","v":"value"}," m"],"zero":"sada"},"$x":[{"t":"idOrVar","v":"plural"},"value"]},{"$i":"hours-until-short","$v":{"other":["za ",{"t":"idOrVar","v":"value"}," h"],"zero":"sada"},"$x":[{"t":"idOrVar","v":"plural"},"value"]},{"$i":"days-until-short","$v":{"other":["za ",{"t":"idOrVar","v":"value"}," d"],"zero":"danas"},"$x":[{"t":"idOrVar","v":"plural"},"value"]},{"$i":"incorrectDate","$v":"(netačan datum)"},{"$i":"dateTimeFormat_%c","$v":"%a %b %e %Y %I:%M:%S %p"},{"$i":"dateTimeFormat_%x","$v":"%m/%d/%Y"},{"$i":"dateTimeFormat_%X","$v":"%I:%M:%S %p"},{"$i":"shortTimeFormat","$v":"%I:%M %p"},{"$i":"shortTimeFormat12","$v":"%I:%M %p"},{"$i":"shortTimeFormat24","$v":"%H:%M"},{"$i":"shortDateTimeFormat","$v":"%x %I:%M %p"},{"$i":"weekStartsOnMonday","$v":"0.0"},{"$i":"firstDayOfTheWeek","$v":"1.0"},{"$i":"time_am","$v":"AM"},{"$i":"time_pm","$v":"Posle podne"}]