[{"$i":"setup-app-name-header","$v":"Barua"},{"$i":"setup-empty-account-message","$v":"Akaunti yako haijawekwa kutuma au kupokea barua pepe. Weka kaunti kukamilisha hatua hii."},{"$i":"setup-pick-service","$v":"Ili utume au upokee barua pepe, utahitaji kuunda akaunti."},{"$i":"setup-account-header3","$v":"Kuingia katika Akaunti"},{"$i":"setup-account-password","$v":"Nenosiri"},{"$i":"setup-info-next","$v":"Unaofuata"},{"$i":"setup-progress-wait-msg","$v":"Kuunda akaunti"},{"$i":"setup-sync-progress-wait-msg","$v":"Inasawazisha akaunti"},{"$i":"setup-completed-header","$v":"Hongera!"},{"$i":"setup-completed-label","$v":"Umemaliza!"},{"$i":"setup-add-another-account","$v":"Ongeza akaunti nyingine"},{"$i":"setup-show-mail","$v":"Endelea kwenye Barua"},{"$i":"setup-done-add","$v":"Ongeza Akaunti"},{"$i":"setup-error-offline","$v":"Kifaa hiki kiko nje ya mtandao kwa sasa. Unganisha kwenye mtandao na ujaribu tena."},{"$i":"setup-error-bad-user-or-pass2","$v":"Jina la mtumiaji au nenosiri sio sahihi. Kagua kama kuna mategu."},{"$i":"setup-error-bad-address","$v":"Anwani ya barua pepe isiyo halali Kagua kama kuna mategu."},{"$i":"setup-error-not-authorized","$v":"Seva ilisema hujaidhinishwa kuunda akaunti."},{"$i":"setup-error-pop-server-not-great","$v":"Seva haikubaliwi. Seva ya POP3 haitekelezi vipengele vinavyohitajika."},{"$i":"setup-error-unknown2","$v":"Hitilafu isiyojulikana imetokea. Kagua muunganisho wako wa mtandao au jaribu chaguo la usanidi wa kufanya mwenyewe."},{"$i":"setup-error-needs-app-pass","$v":"Lazima utumie nenosiri maalum la programu kwa akaunti ya Gmail ya vipengele viwili"},{"$i":"setup-error-imap-disabled","$v":"Lazima uwezeshe IMAP ya akaunti yako ya Gmail"},{"$i":"setup-error-pop3-disabled","$v":"Lazima uwezeshe POP3 ya akaunti yako ya Gmail"},{"$i":"setup-error-bad-security","$v":["Huwezi kuanzisha muunganisho salama na \"",{"t":"idOrVar","v":"server"},"\". Huenda kukawa na tatizo na mtandao au seva yako."]},{"$i":"setup-error-unresponsive-server","$v":["Huwezi kuanzisha muunganisho na \"",{"t":"idOrVar","v":"server"},"\". Huenda kukawa na tatizo na mtandao."]},{"$i":"setup-error-server-problem","$v":["Kuna tatizo la seva \"",{"t":"idOrVar","v":"server"},"\". Jaribu tena baadaye."]},{"$i":"setup-error-no-config-info","$v":"Haiwezi kusanidi akaunti yako kiotomatiki. Sahihisha anwani yako ya barua pepe au jaribu chaguo la usanidi wa kufanya mwenyewe."},{"$i":"setup-error-server-maintenance","$v":["Seva \"",{"t":"idOrVar","v":"server"},"\" iko nje ya mtandao kwa matengenezo. Jaribu tena baadaye."]},{"$i":"setup-error-account-already-exists","$v":"Akaunti hii tayari ishasanidiwa."},{"$i":"setup-manual-config2","$v":"Mahiri"},{"$i":"setup-manual-config-header","$v":"Kuingia katika Akaunti"},{"$i":"setup-manual-account-type-header","$v":"Aina ya Akaunti"},{"$i":"setup-manual-account-type","$v":"Aina ya Akaunti"},{"$i":"setup-manual-account-type-select","ariaLabel":"Aina ya akaunti"},{"$i":"setup-manual-imap-header","$v":"Mipangilio ya IMAP"},{"$i":"setup-manual-pop3-header","$v":"Mipangilio ya POP3"},{"$i":"setup-manual-smtp-header","$v":"Mipangilio ya SMTP"},{"$i":"setup-manual-activesync-header","$v":"Mipangilio ya ActiveSync"},{"$i":"setup-manual-next","$v":"Unaofuata"},{"$i":"setup-manual-socket","$v":"Aina ya Soketi"},{"$i":"setup-manual-socket-ssl","$v":"SSL"},{"$i":"setup-manual-socket-starttls","$v":"STARTTLS"},{"$i":"setup-manual-socket-select","ariaLabel":"Usalama wa muunganisho"},{"$i":"setup-manual-socket-plain","$v":"Haijafichamishwa"},{"$i":"setup-bad-password-header","$v":"Nenosiri Sio Halali"},{"$i":"setup-bad-password","$v":"Haikuweza kuingia kwenye seva. Tafadhali jaribu nenosiri upya."},{"$i":"setup-new-password","placeholder":"Nenosiri lipya"},{"$i":"setup-fix-password","$v":"Jaribu tena ukitumia nenosiri lipya"},{"$i":"setup-gmail-twofactor-header","$v":"Vipengele Viwili Vimewezeshwa"},{"$i":"setup-gmail-twofactor-message","$v":"Unahitaji kuingiza nenosiri maalum la programu hapa chini."},{"$i":"setup-gmail-imap-header","$v":"IMAP Imelemazwa"},{"$i":"setup-gmail-imap-message","$v":"Lazima uwezeshe IMAP ya akaunti yako ya Gmail"},{"$i":"setup-gmail-retry","$v":"Jaribu tena"},{"$i":"setup-gmail-pop3-header","$v":"POP3 Imelemazwa"},{"$i":"setup-gmail-pop3-message","$v":"Lazima uwezeshe IMAP ya akaunti yako ya Gmail"},{"$i":"setup-fix-oauth2-header","$v":"Idhinisha Barua pepe Upya"},{"$i":"setup-fix-oauth2-description","$v":"Barua pepe inahitaji kuidhinishwa upya ili kufikia akaunti inayofuata:"},{"$i":"setup-fix-oauth2-reauthorize","$v":"Idhinisha upya"},{"$i":"settings-main-header","$v":"Mipangilio ya Barua pepe"},{"$i":"settings-sub-header-account","$v":"Akaunti"},{"$i":"settings-account-group","ariaLabel":"Akaunti"},{"$i":"settings-account-name","$v":"Jina Lako"},{"$i":"settings-account-label","$v":"Lebo ya Akaunti"},{"$i":"settings-account-display-notifications","$v":"Onyesha Taarifa za Baura pepe Mpya"},{"$i":"settings-account-play-sound-onsend","$v":"Cheza Sauti baada ya Ujumbe Kutumwa"},{"$i":"settings-account-signature-label","$v":"Sahihi"},{"$i":"settings-sub-header-data","$v":"Data"},{"$i":"settings-data-group","ariaLabel":"Data"},{"$i":"settings-account-check-mail","$v":"Angalia kama Ujumbe Mpya"},{"$i":"settings-account-check-mail-select","ariaLabel":"Angalia kama Ujumbe Mpya"},{"$i":"settings-sub-header-server","$v":"Mipangilio ya Seva"},{"$i":"settings-server-group","ariaLabel":"Mipangilio ya seva"},{"$i":"settings-account-userpass","$v":"Jina la Mtumiaji na Nenosiri"},{"$i":"settings-account-useroauth2","$v":"Jina la Mtumiaji"},{"$i":"settings-default-signature-2","$v":"Imetumwa kutoka simu yangu"},{"$i":"settings-done","$v":"Gotoka"},{"$i":"settings-account-section","$v":"Akaunti"},{"$i":"settings-account-listbox","ariaLabel":"Akaunti"},{"$i":"settings-account-add","$v":"Ongeza"},{"$i":"settings-account-delete","$v":"Futa akaunti"},{"$i":"settings-account-delete-prompt","$v":["Una uhakika unataka kufuta akaunti yako ya barua ",{"t":"idOrVar","v":"account"},"?"]},{"$i":"settings-account-delete-desc","$v":"Itabidili upakue barua yako upya ikiwa utaunda akaunti upya."},{"$i":"settings-account-delete-cancel","$v":"Ghairi"},{"$i":"settings-account-delete-confirm","$v":"Futa"},{"$i":"settings-account-clarify","$v":[{"t":"idOrVar","v":"account-name"}]},{"$i":"settings-account-clarify-imap","$v":[{"t":"idOrVar","v":"account-name"}," (IMAP)"]},{"$i":"settings-account-clarify-pop3","$v":[{"t":"idOrVar","v":"account-name"}," (POP3)"]},{"$i":"settings-account-clarify-smtp","$v":[{"t":"idOrVar","v":"account-name"}," (SMTP)"]},{"$i":"settings-general-section","$v":"Mipangilio kwa ujumla"},{"$i":"settings-show-images","$v":"Onyesha picha wakati wote"},{"$i":"settings-download-attachments","$v":"Pakua viambatanisho"},{"$i":"settings-check-every-5min","$v":"Kila Dakika 5"},{"$i":"settings-check-every-10min","$v":"Kila Dakika 10"},{"$i":"settings-check-every-15min","$v":"Kila Dakika 15"},{"$i":"settings-check-every-30min","$v":"Kila Dakika 30"},{"$i":"settings-check-every-60min","$v":"Kila Saa"},{"$i":"settings-check-every-manual","$v":"Mwenyewe"},{"$i":"settings-check-dynamic","$v":{"few":["sekunde ",{"t":"idOrVar","v":"n"}],"many":["sekunde ",{"t":"idOrVar","v":"n"}],"one":["sekunde ",{"t":"idOrVar","v":"n"}],"other":["sekunde ",{"t":"idOrVar","v":"n"}],"two":["sekunde ",{"t":"idOrVar","v":"n"}],"zero":"imelemazwa"},"$x":[{"t":"idOrVar","v":"plural"},"n"]},{"$i":"settings-default-account","$v":"Weka kama Barua pepe Chaguo-msingi"},{"$i":"settings-account-type","$v":"Aina ya Akaunti"},{"$i":"settings-account-credentials","$v":"Stakabadhi"},{"$i":"settings-activesync-label","$v":"Mipangilio ya ActiveSync"},{"$i":"settings-imap-label","$v":"Mipangilio ya IMAP"},{"$i":"settings-pop3-label","$v":"Mipangilio ya POP3"},{"$i":"settings-smtp-label","$v":"Mipangilio ya SMTP"},{"$i":"settings-hostname","$v":"Jina la Mwenyeji"},{"$i":"settings-port","$v":"Lango"},{"$i":"settings-username","$v":"Jina la mtumiaji"},{"$i":"settings-password","$v":"Nenosiri"},{"$i":"settings-save","$v":"Hifadhi"},{"$i":"password-saved","$v":"Nenosiri limehifadhiwa."},{"$i":"settings-reauth","$v":"Idhinisha upya"},{"$i":"settings-account-synchronize-window","$v":"Siku za Kulandanisha"},{"$i":"settings-account-synchronize-window-select","ariaLabel":"Siku za Kulandanisha"},{"$i":"settings-synchronize-auto","$v":"Otomatiki"},{"$i":"settings-synchronize-one-day","$v":"Siku 1"},{"$i":"settings-synchronize-three-days","$v":"Siku 3"},{"$i":"settings-synchronize-one-week","$v":"Wiki 1"},{"$i":"settings-synchronize-two-weeks","$v":"Wiki 2"},{"$i":"settings-synchronize-one-month","$v":"Mwezi 1"},{"$i":"settings-synchronize-all","$v":"Ujumbe Wote"},{"$i":"envelope-from","$v":"Kutoka"},{"$i":"envelope-to","$v":"Kwa"},{"$i":"envelope-cc","$v":"Cc"},{"$i":"envelope-bcc","$v":"Bcc"},{"$i":"message-header-state-sending","ariaLabel":"Inatuma"},{"$i":"message-header-state-error","ariaLabel":"Nitilafu ya kutuma"},{"$i":"message-header-unread","ariaLabel":"Haujasomwa"},{"$i":"message-header-reply","ariaLabel":"Jibu"},{"$i":"message-header-forward","ariaLabel":"Sambaza"},{"$i":"message-header-starred","ariaLabel":"Ina nyota"},{"$i":"message-header-attachments","ariaLabel":"Ina viambatisho"},{"$i":"message-body-container","ariaLabel":"Mwili wa ujumbe"},{"$i":"message-body-container-progress","ariaValueText":"Kupakia"},{"$i":"subject","ariaLabel":"Mada"},{"$i":"attachments-container","ariaLabel":"Viambatisho"},{"$i":"from-group","ariaLabel":"Kutoka"},{"$i":"to-group","ariaLabel":"Kwa"},{"$i":"cc-group","ariaLabel":"Nakala"},{"$i":"bcc-group","ariaLabel":"Nakala Fiche"},{"$i":"compose-header","$v":"Tunga ujumbe"},{"$i":"compose-header-short","$v":"Tunga"},{"$i":"compose-send","$v":"Tuma"},{"$i":"compose-send-button","ariaLabel":"Tuma"},{"$i":"compose-to","$v":"Kwa"},{"$i":"compose-cc","$v":"Nakala"},{"$i":"compose-bcc","$v":"Nakala Fiche"},{"$i":"compose-cc-remove","$v":"Orodha ya cc imeondolewa."},{"$i":"compose-bcc-remove","$v":"Orodha ya bcc imeondolewa."},{"$i":"compose-contact-add","ariaLabel":"Ongeza anwani"},{"$i":"compose-attachments","$v":{"few":["Viambatisho (",{"t":"idOrVar","v":"n"},")"],"many":["Viambatisho (",{"t":"idOrVar","v":"n"},")"],"one":["Kiambatisho (",{"t":"idOrVar","v":"n"},")"],"other":["Viambatisho (",{"t":"idOrVar","v":"n"},")"],"two":["Viambatisho (",{"t":"idOrVar","v":"n"},")"],"zero":"Kiambatisho"},"$x":[{"t":"idOrVar","v":"plural"},"n"]},{"$i":"compose-text","ariaLabel":"Hariri"},{"$i":"compose-attachment-still-working","$v":"Subiri kiasi, bado inaambatisha kiambatisho cha awali..."},{"$i":"compose-attachment-loading","$v":"Kiambatisho kinapakiwa..."},{"$i":"compose-attachments-loading","$v":"Viambatisho vinapakiwa..."},{"$i":"compose-forward-attachment-error-title","$v":"Imeshindwa kupakua."},{"$i":"compose-forward-attachment-error-title2","$v":"Hitilafu"},{"$i":"compose-forward-attachment-unable-load","$v":"Imeshindwa kupakia kiambatisho."},{"$i":"compose-forward-attachments-unable-load","$v":"Imeshindwa kupakia viambatisho."},{"$i":"compose-forward-attachment-load-error","$v":"Baadhi ya viambatisho havikupakiwa."},{"$i":"confirmation-title","$v":"Uthibitishaji"},{"$i":"compose-subject","$v":"Mada"},{"$i":"compose-draft-save","$v":"Hifadhi kwenye Miswada ya Ndani?"},{"$i":"compose-discard-confirm","$v":"Futa"},{"$i":"compose-draft-dialog-cancel","$v":"Ghairi"},{"$i":"compose-draft-dialog-save","$v":"Hifadhi"},{"$i":"composer-draft-saved","$v":"Ujumbe umehifadhiwa kwenye Miswada ya Ndani"},{"$i":"attention","$v":"Zingatia"},{"$i":"compose-send-message-failed","$v":"Kutuma barua pepe hakujafaulu"},{"$i":"compose-attchment-size-exceeded","$v":"Kiambatisho kilichochaguliwa ni kikubwa sana kutumwa na ujumbe huu."},{"$i":"compose-attchments-size-exceeded","$v":"Viambatisho vilivyochaguliwa ni vikubwa sana kutumwa na ujumbe huu. Karibu kuchagua faili chacke."},{"$i":"composer-attachment-large-title","$v":"Faili Ni Kubwa Mno"},{"$i":"default-attachment-filename","$v":["kiambatisho",{"t":"idOrVar","v":"n"}]},{"$i":"attachment-size-meb","$v":["MB ",{"t":"idOrVar","v":"megabytes"}]},{"$i":"attachment-size-kib","$v":["KB ",{"t":"idOrVar","v":"kilobytes"}]},{"$i":"attachment-size-byte","$v":["B ",{"t":"idOrVar","v":"bytes"}]},{"$i":"message-attachment-view","$v":"Mwonekano"},{"$i":"message-attachment-did-not-open-label","$v":"Haiwezi kufungua"},{"$i":"message-attachment-did-not-open-body","$v":"Kifaa hiki hakina programu inayoweza kufungua kiambatisho."},{"$i":"message-attachment-too-large","$v":"Faili hii ni kubwa sana kupakuliwa."},{"$i":"message-attachment-not-found","$v":"Haikupata faili iliyoambatishwa, huenda ilifutwa."},{"$i":"message-attachment-download-fail","$v":[{"t":"idOrVar","v":"fileName"}," - Imeshindwa kupakua."]},{"$i":"message-no-subject","$v":"(hakuna mada)"},{"$i":"message-edit-menu-edit","$v":"Hariri"},{"$i":"message-edit-menu-delete","$v":"Futa"},{"$i":"message-edit-delete-confirm","$v":"Unataka kufuta barua pepe?"},{"$i":"message-forward-attachment-title","$v":"Kiambatisho"},{"$i":"message-forward-attachment","$v":"Ungependa kusambaza kiambatisho pia?"},{"$i":"message-forward-attachments","$v":"Ungependa kusambaza viambatisho pia?"},{"$i":"message-multiedit-header","$v":{"few":[{"t":"idOrVar","v":"n"}," umechaguliwa"],"many":[{"t":"idOrVar","v":"n"}," umechaguliwa"],"one":[{"t":"idOrVar","v":"n"}," umechaguliwa"],"other":[{"t":"idOrVar","v":"n"}," umechaguliwa"],"two":[{"t":"idOrVar","v":"n"}," umechaguliwa"],"zero":[{"t":"idOrVar","v":"n"}," umechaguliwa"]},"$x":[{"t":"idOrVar","v":"plural"},"n"]},{"$i":"message-multiedit-search-header","$v":{"few":[{"t":"idOrVar","v":"n"}," umechaguliwa"],"many":[{"t":"idOrVar","v":"n"}," umechaguliwa"],"one":[{"t":"idOrVar","v":"n"}," umechaguliwa"],"other":[{"t":"idOrVar","v":"n"}," umechaguliwa"],"two":[{"t":"idOrVar","v":"n"}," umechaguliwa"],"zero":"0 umechaguliwa"},"$x":[{"t":"idOrVar","v":"plural"},"n"]},{"$i":"browse-to-url-prompt","$v":["Unataka kuvinjati kwenye URL?: ",{"t":"idOrVar","v":"url"}]},{"$i":"message-download-images-tap","$v":{"few":["Barua pepe hii ina picha ",{"t":"idOrVar","v":"n"},". Gusa ili upakue."],"many":["Barua pepe hii ina picha ",{"t":"idOrVar","v":"n"},". Gusa ili upakue."],"one":"Barua pepe hii ina picha moja. Gusa ili upakue.","other":["Barua pepe hii ina picha ",{"t":"idOrVar","v":"n"},". Gusa ili upakue."],"two":["Barua pepe hii ina picha ",{"t":"idOrVar","v":"n"},". Gusa ili upakue."]},"$x":[{"t":"idOrVar","v":"plural"},"n"]},{"$i":"message-show-external-images","$v":"Onyesha picha za nje"},{"$i":"message-delete-cancel","$v":"Ghairi"},{"$i":"message-multiedit-delete-confirm","$v":{"few":["Ungependa kufuta ujumbe ",{"t":"idOrVar","v":"n"},"?"],"many":["Ungependa kufuta ujumbe ",{"t":"idOrVar","v":"n"},"?"],"one":"Unataka kufuta ujumbe uliochaguliwa?","other":["Ungependa kufuta ujumbe ",{"t":"idOrVar","v":"n"},"?"],"two":["Ungependa kufuta ujumbe ",{"t":"idOrVar","v":"n"},"?"]},"$x":[{"t":"idOrVar","v":"plural"},"n"]},{"$i":"message-large-message-cancel","$v":"Ghairi"},{"$i":"message-large-message-ok","$v":"Endelea"},{"$i":"message-large-message-confirm","$v":"Ujumbe huu ni mkubwa na unaweza kuchukua muda kuupakua."},{"$i":"message-large-message-warning","$v":"Ujumbe huu ni mkubwa sana hivi kwamba hauwezo kupakiwa."},{"$i":"message-search-header","$v":"Tafuta"},{"$i":"search-result","$v":[{"t":"idOrVar","v":"num"}," Inayoligana Imepatikana"]},{"$i":"message-search-from","$v":"Kutoka"},{"$i":"message-search-to","$v":"Kwa"},{"$i":"message-search-subject","$v":"Mada"},{"$i":"message-search-body","$v":"Umbo"},{"$i":"message-search-all","$v":"Zote"},{"$i":"message-search-input","placeholder":"Tafuta Barua"},{"$i":"message-search-cancel","$v":"Ghairi"},{"$i":"messages-syncing","$v":"Kupakia Ujumbe"},{"$i":"messages-syncing-progressbar","ariaValueText":"Kupakia Ujumbe"},{"$i":"messages-load-more","$v":"Pakia Ujumbe Zaidi"},{"$i":"messages-folder-empty","$v":"Hakuna barua katika Folda hii"},{"$i":"messages-search-empty","$v":"Hakuna ujumbe unaolingana katika ujumbe ulio kwenye kache ya ndani"},{"$i":"messages-folder-select","$v":"Hamisha kwenye Folda"},{"$i":"messages-folder-unread-max","$v":"999+"},{"$i":"message-contact-menu-create","$v":"Hifadhi anwani mpya"},{"$i":"message-contact-menu-add-existing","$v":"Ongeza kwenye anwani iliyopo"},{"$i":"message-contact-menu-view","$v":"Tazama mwasiliani"},{"$i":"message-contact-menu-reply","$v":"Jibu"},{"$i":"message-contact-menu-new","$v":"Tuma barua mpya"},{"$i":"message-reply-menu-reply","$v":"Jibu"},{"$i":"message-reply-menu-reply-all","$v":"Jibu kwa Wote"},{"$i":"message-reply-menu-forward","$v":"Sambaza"},{"$i":"message-reply-menu-cancel","$v":"Ghairi"},{"$i":"reply-quoting-wrote","$v":"{name} aliandika"},{"$i":"forward-original-message","$v":"Ujumbe asili"},{"$i":"forward-header-subject","$v":"Mada"},{"$i":"forward-header-date","$v":"Tarehe"},{"$i":"forward-header-from","$v":"Kutoka"},{"$i":"forward-header-reply-to","$v":"Jibu Kwa"},{"$i":"forward-header-to","$v":"Kwa"},{"$i":"forward-header-cc","$v":"Cc"},{"$i":"folder-inbox","$v":"Kisanduku pokezi"},{"$i":"folder-sent","$v":"Ujumbe uliotumwa"},{"$i":"folder-drafts","$v":"Miswada"},{"$i":"folder-trash","$v":"Taka"},{"$i":"folder-queue","$v":"Ujumbe ambao haujatumwa"},{"$i":"folder-junk","$v":"Taka"},{"$i":"folder-archives","$v":"Jalada"},{"$i":"folder-localdrafts","$v":"Miswada ya Ndani"},{"$i":"folder-outbox","$v":"Kikasha toa"},{"$i":"drawer-back","$v":"Nyuma"},{"$i":"drawer-accounts-header","$v":"Akaunti"},{"$i":"drawer-settings-link","$v":"Mipangilio"},{"$i":"folder-last-synced-label","$v":"Mlandanisho wa mwisho:"},{"$i":"messages-refresh-progress","ariaValueText":"Kuonyesha upya"},{"$i":"no-internet-connection","$v":"Hakuna muunganisho wa intaneti."},{"$i":"toaster-undo","$v":"Tendua"},{"$i":"toaster-message-star","$v":{"few":["Ujumbe ",{"t":"idOrVar","v":"n"}," umewekwa kibendera"],"many":["Ujumbe ",{"t":"idOrVar","v":"n"}," umewekwa kibendera"],"one":"Ujumbe umewekwa kibendera","other":["Ujumbe ",{"t":"idOrVar","v":"n"}," umewekwa kibendera"],"two":["Ujumbe ",{"t":"idOrVar","v":"n"}," umewekwa kibendera"]},"$x":[{"t":"idOrVar","v":"plural"},"n"]},{"$i":"toaster-message-unstar","$v":{"few":["Vibendera vya ujumbe ",{"t":"idOrVar","v":"n"}," vimeondolewa"],"many":["Vibendera vya ujumbe ",{"t":"idOrVar","v":"n"}," vimeondolewa"],"one":"Kibendera cha ujumbe kimeondolewa","other":["Vibendera vya ujumbe ",{"t":"idOrVar","v":"n"}," vimeondolewa"],"two":["Vibendera vya ujumbe ",{"t":"idOrVar","v":"n"}," vimeondolewa"]},"$x":[{"t":"idOrVar","v":"plural"},"n"]},{"$i":"toaster-message-read","$v":{"few":["Ujumbe ",{"t":"idOrVar","v":"n"}," umewekwa alama kama umesomwa"],"many":["Ujumbe ",{"t":"idOrVar","v":"n"}," umewekwa alama kama umesomwa"],"one":"Ujumbe umewekwa alama kama umesomwa","other":["Ujumbe ",{"t":"idOrVar","v":"n"}," umewekwa alama kama umesomwa"],"two":["Ujumbe ",{"t":"idOrVar","v":"n"}," umewekwa alama kama umesomwa"]},"$x":[{"t":"idOrVar","v":"plural"},"n"]},{"$i":"toaster-message-unread","$v":{"few":["Ujumbe ",{"t":"idOrVar","v":"n"}," umewekwa alama kama haujasomwa"],"many":["Ujumbe ",{"t":"idOrVar","v":"n"}," umewekwa alama kama haujasomwa"],"one":"Ujumbe umewekwa alama kama haujasomwa","other":["Ujumbe ",{"t":"idOrVar","v":"n"}," umewekwa alama kama haujasomwa"],"two":["Ujumbe ",{"t":"idOrVar","v":"n"}," umewekwa alama kama haujasomwa"]},"$x":[{"t":"idOrVar","v":"plural"},"n"]},{"$i":"toaster-message-move","$v":{"few":["Ujumbe ",{"t":"idOrVar","v":"n"}," umehamishwa kwenye folda:"],"many":["Ujumbe ",{"t":"idOrVar","v":"n"}," umehamishwa kwenye folda:"],"one":"Ujumbe umehamishwa kwenye folda:","other":["Ujumbe ",{"t":"idOrVar","v":"n"}," umehamishwa kwenye folda:"],"two":["Ujumbe ",{"t":"idOrVar","v":"n"}," umehamishwa kwenye folda:"]},"$x":[{"t":"idOrVar","v":"plural"},"n"]},{"$i":"toaster-message-delete","$v":{"few":["Barua ",{"t":"idOrVar","v":"n"}," zimefutwa"],"many":["Barua ",{"t":"idOrVar","v":"n"}," zimefutwa"],"one":"Barua 1 imefutwa","other":["Barua ",{"t":"idOrVar","v":"n"}," zimefutwa"],"two":["Barua ",{"t":"idOrVar","v":"n"}," zimefutwa"]},"$x":[{"t":"idOrVar","v":"plural"},"n"]},{"$i":"toaster-sync-failed","$v":"Imeshindwa kuunganisha kwenye seva."},{"$i":"compose-invalid-addresses-title","$v":"Anwani Zisizo Sahihi"},{"$i":"compose-invalid-addresses-description","$v":"Ujumbe wako una anwani moja au zaidi ya barua pepe isiyo sahihi Tafadhali isahihishe kabla ya kutuma."},{"$i":"background-send-pending","$v":"Mtandao haupatikani. Barua pepe imehifadhiwa kwenye kusanduku toa."},{"$i":"background-send-sending","$v":"Inatuma barua..."},{"$i":"background-send-success","$v":"Barua pepe imetumwa."},{"$i":"background-send-error","$v":"Hitilafu imetokea. Buara pepe imehifadhiwa kwenye kusanduku toa."},{"$i":"background-send-error-recipients","$v":"Hitilafu ya mpokeaji. Buara pepe imehifadhiwa kwenye kusanduku toa."},{"$i":"background-send-error-title","$v":"Barua haijatumwa kwa mafanikio"},{"$i":"send-failure-recipients","$v":"Kagua tahajia ya anwani zilizo hapa juu. Seva yako ya barua pepe ilionyesha anwani moja au zaidi kati ya zilizo hapa juu sio sahihi."},{"$i":"send-failure-unknown","$v":"Ujumbe haukuweza kutumwa."},{"$i":"form-clear-input","$v":"Ondoa maandishi"},{"$i":"confirm-dialog-title","$v":"Uthibitishaji"},{"$i":"confirm-dialog-ok","$v":"SAWA"},{"$i":"msg-display-subject","$v":"Mada"},{"$i":"msg-reader-display-attachments","$v":"Viambatisho"},{"$i":"msg-reader-display-attachment","$v":"Kiambatisho"},{"$i":"msg-reader-download-external-images","$v":["Pakua picha za nje (MB ",{"t":"idOrVar","v":"n"},")"]},{"$i":"msg-reader-sender-header","$v":"Kutoka"},{"$i":"msg-reader-recipients-header","$v":"Wapokeaji"},{"$i":"msg-reader-cc-header","$v":"Nakala"},{"$i":"msg-reader-bcc-header","$v":"Bcc"},{"$i":"msg-reader-message-flagged","$v":"Ujumbe umewekwa kibendera"},{"$i":"msg-reader-flag-removed","$v":"Kibendera kimeondolewa"},{"$i":"external-image-downloading","$v":"Inapakua..."},{"$i":"senders-separation-sign","$v":", "},{"$i":"new-messages","$v":{"few":["Ujumbe ",{"t":"idOrVar","v":"n"}," Mpya"],"many":["Ujumbe ",{"t":"idOrVar","v":"n"}," Mpya"],"one":"Ujumbe 1 Mpya","other":["Ujumbe ",{"t":"idOrVar","v":"n"}," Mpya"],"two":["Ujumbe ",{"t":"idOrVar","v":"n"}," Mpya"]},"$x":[{"t":"idOrVar","v":"plural"},"n"]},{"$i":"new-emails-notify-one-account","$v":{"few":["Barua pepe ",{"t":"idOrVar","v":"n"}," Mpya"],"many":["Barua pepe ",{"t":"idOrVar","v":"n"}," Mpya"],"one":"Barua pepe 1 Mpya","other":["Barua pepe ",{"t":"idOrVar","v":"n"}," Mpya"],"two":["Barua pepe ",{"t":"idOrVar","v":"n"}," Mpya"]},"$x":[{"t":"idOrVar","v":"plural"},"n"]},{"$i":"new-emails-notify-multiple-accounts","$v":{"few":["Barua pepe ",{"t":"idOrVar","v":"n"}," Mpya (",{"t":"idOrVar","v":"accountName"},")"],"many":["Barua pepe ",{"t":"idOrVar","v":"n"}," Mpya (",{"t":"idOrVar","v":"accountName"},")"],"one":["Barua pepe 1 Mpya (",{"t":"idOrVar","v":"accountName"},")"],"other":["Barua pepe ",{"t":"idOrVar","v":"n"}," Mpya (",{"t":"idOrVar","v":"accountName"},")"],"two":["Barua pepe ",{"t":"idOrVar","v":"n"}," Mpya (",{"t":"idOrVar","v":"accountName"},")"]},"$x":[{"t":"idOrVar","v":"plural"},"n"]},{"$i":"new-emails-notify-multiple-accounts-body","$v":[{"t":"idOrVar","v":"from"}," “",{"t":"idOrVar","v":"subject"},"”"]},{"$i":"tng-plain-socket-warning-title","$v":"Je, una uhakika?"},{"$i":"tng-plain-socket-warning-message","$v":"Watu wengine huenda wakaweza kuona manenosiri yako na barua pepe zako au kudhibiti akaunti yako."},{"$i":"tng-plain-socket-warning-message-options","$v":"Kuna watua huduma wengi wa barua pepe wasiolipisha wanaotoa miunganisho sama zaidi iliyofichamishwa."},{"$i":"tng-plain-socket-warning-ok","$v":"Ninaelewa"},{"$i":"message-reader-date-received","ariaLabel":"Uliopokewa"},{"$i":"sort-by-title","$v":"Pangilia kwa"},{"$i":"sort-by-date","$v":"Tarehe"},{"$i":"sort-by-from","$v":"Kutoka"},{"$i":"sort-by-to","$v":"Kwa"},{"$i":"sort-by-subject","$v":"Mada"},{"$i":"softkey-options","$v":"Chaguo"},{"$i":"opt-compose","$v":"Tunga"},{"$i":"opt-reply","$v":"Jibu"},{"$i":"opt-reply-all","$v":"Jibu kwa Wote"},{"$i":"opt-forward","$v":"Sambaza"},{"$i":"opt-mark-read","$v":"Weka Alama kama Imesomwa"},{"$i":"opt-mark-unread","$v":"Weka Alama kama Haijasomwa"},{"$i":"opt-add-flag","$v":"Ongeza Kibendera"},{"$i":"opt-remove-flag","$v":"Ondoa Kibendera"},{"$i":"opt-move-message","$v":"Hamisha kwenye Folda"},{"$i":"opt-delete-message","$v":"Futa"},{"$i":"opt-multi-select","$v":"Chagua Barua pepe Nyingi"},{"$i":"opt-search","$v":"Tafuta"},{"$i":"opt-folders","$v":"Tazama Folda"},{"$i":"opt-sort","$v":"Panga"},{"$i":"opt-sync","$v":"Landanisha"},{"$i":"opt-account","$v":"Badilisha Akaunti"},{"$i":"opt-settings","$v":"Mipangilio"},{"$i":"opt-edit","$v":"Hariri"},{"$i":"opt-cancel","$v":"Ghairi"},{"$i":"opt-save","$v":"Hifadhi"},{"$i":"opt-move","$v":"Songeza"},{"$i":"opt-view","$v":"Mwonekano"},{"$i":"opt-empty-trash","$v":"Futa Kisanduku cha Taka"},{"$i":"opt-call-number","$v":"Piga simu"},{"$i":"opt-compose-mail","$v":"Tunga"},{"$i":"opt-open-url","$v":"Fungua"},{"$i":"select-option-on","$v":"Washa"},{"$i":"select-option-off","$v":"Zima"},{"$i":"select-option-imap-smtp","$v":"IMAP+SMTP"},{"$i":"select-option-pop3-smtp","$v":"POP3+SMTP"},{"$i":"select-option-activesync","$v":"ActiveSync"},{"$i":"toaster-switch-account","$v":"Akaunti ya barua pepe imebadilishwa kuwa: "},{"$i":"toaster-sorted-by","$v":"Ujumbe unapangwa kwa"},{"$i":"cmp-reply","$v":"Jibu"},{"$i":"cmp-reply-all","$v":"Jibu kwa Wote"},{"$i":"cmp-forward","$v":"Sambaza Ujumbe"},{"$i":"cmp-remove-attach","$v":"Kiambatisho Kimeondolewa"},{"$i":"select","$v":"Chagua"},{"$i":"deselect","$v":"Tengua uteuzi"},{"$i":"cancel","$v":"Ghairi"},{"$i":"enter","$v":"Ingiza"},{"$i":"remove-attachment","$v":"Ondoa Kiambatisho"},{"$i":"replace-attachment","$v":"Badilisha Kiambatisho"},{"$i":"add-attachment","$v":"Ongeza Kiambatisho"},{"$i":"add-contact","$v":"Ongeza Anwani"},{"$i":"add-cc","$v":"Ongeza Nakala"},{"$i":"remove-cc","$v":"Ondoa Nakala"},{"$i":"add-bcc","$v":"Ongeza Nakala Fiche"},{"$i":"remove-bcc","$v":"Ondoa Nakala Fiche"},{"$i":"attachment-download","$v":"Pakua"},{"$i":"attachment-share","$v":"Shiriki"},{"$i":"send-new-mail","$v":"Tuma Barua Mpya"},{"$i":"view-contact","$v":"Tazama Anwani"},{"$i":"save-new-contact","$v":"Hifadhi Anwani Mpya"},{"$i":"add-to-exsiting-contact","$v":"Ongeza kwenye Anwani Iliyopo"},{"$i":"no","$v":"Hakuna"},{"$i":"yes","$v":"Ndiyo"},{"$i":"retry","$v":"Jaribu tena"},{"$i":"empty","$v":"Tupu"},{"$i":"empty-trash-confirm","$v":"Unataka kufuta taka?"},{"$i":"trash-emptied","$v":"Taka imesafishwa"},{"$i":"next","$v":"Unaofuata"},{"$i":"welcome-header","$v":"Barua pepe"},{"$i":"welcome-msg","$v":"Karibu kwenye Barua pepe."},{"$i":"welcome-msg-setup","$v":"Bonyeza Inayofuata ili uunde akaunti yako ya barua pepe."},{"$i":"discard","$v":"Futa"},{"$i":"leave-this-page-warning-message","$v":"Ungependa kufuta maelezo ya akaunti ya barua pepe?"},{"$i":"finish","$v":"Maliza"},{"$i":"setup-done-msg","$v":"Umeingia kwa mafanikio. Ungependa kuongeza akaunti nyingine?"},{"$i":"save-as-draft","$v":"Hifadhi Kama Mswada"},{"$i":"show-password","$v":"Onyesha Nenosiri"},{"$i":"account-label","$v":"Lebo ya Akaunti"},{"$i":"folders","$v":"Folda"},{"$i":"security","$v":"Usalama"},{"$i":"port-number","$v":"Nambari ya Lango"},{"$i":"domain-username","$v":"Kikoa\\Jina la mtumiaji"},{"$i":"synchronizing","$v":"Inalandanisha..."},{"$i":"browse-mail","$v":"Vinjari Barua"},{"$i":"never-sync","$v":"Rasimu za ndani ya kifaa hazijalandanishwa kwenye seva."},{"$i":"emptyDownloadFile","$v":"Huwezi kupakua faili hii, huenda ikawa tupu"},{"$i":"sync","$v":"Landanisha"},{"$i":"outbox-unsent-label","$v":{"few":["Ujumbe ",{"t":"idOrVar","v":"n"}," ambao haujasomwa katika Kisanduku toa"],"many":["Ujumbe ",{"t":"idOrVar","v":"n"}," ambao haujasomwa katika Kisanduku toa"],"one":"Ujumbe  1 ambao haujasomwa katika Kisanduku toa","other":["Ujumbe ",{"t":"idOrVar","v":"n"}," ambao haujasomwa katika Kisanduku toa"],"two":"Ujumbe  2 ambao haujasomwa katika Kisanduku toa"},"$x":[{"t":"idOrVar","v":"plural"},"n"]},{"$i":"storage-full-title","$v":"Hifadhi Imejaa."},{"$i":"storage-full-warning","$v":"Unaweza kufuta baadhi ya faili za media au udhubiti data ya programu ili uongeze nafasi wazi."},{"$i":"storage-full","$v":"Hifadhi ya simu imejaa."},{"$i":"storage-sdcard-full","$v":"Kadi ya SD imejaa."},{"$i":"view-address","$v":"Tazama Anwani"},{"$i":"mail-address-title","$v":"Anwani ya barua pepe"},{"$i":"mail-address","$v":[{"t":"idOrVar","v":"address"}]},{"$i":"value-name","$v":[{"t":"idOrVar","v":"name"}]},{"$i":"account-deleted","$v":"Akaunti imefutwa"},{"$i":"account-reEnable","$v":"Akaunti hii tayari ipo. Ungependa kusawazisha akaunti ya barua pepe?"},{"$i":"setup-account-usedInfo","$v":"Akaunti hii itatumiwa na programu zilizo hapa chini. Unaweza kubadilisha hali hii katika Mipangilio>Akaunti."},{"$i":"setup-account-settingsInfo","$v":"Kila programu ina kipindi tofauti chaguomsingi cha kuswazisha, tafadhali angalia mipangilio kwenye kifaa."},{"$i":"app-calendar","$v":"Kalenda"},{"$i":"app-contacts","$v":"Anwani"},{"$i":"app-email","$v":"Barua pepe"},{"$i":"weekday-0-long","$v":"Jumapili"},{"$i":"weekday-1-long","$v":"Jumatatu"},{"$i":"weekday-2-long","$v":"Jumanne"},{"$i":"weekday-3-long","$v":"Jumatano"},{"$i":"weekday-4-long","$v":"Alhamisi"},{"$i":"weekday-5-long","$v":"Ijumaa"},{"$i":"weekday-6-long","$v":"Jumamosi"},{"$i":"weekday-0-short","$v":"Jumapili"},{"$i":"weekday-1-short","$v":"Jumatatu"},{"$i":"weekday-2-short","$v":"Jumanne"},{"$i":"weekday-3-short","$v":"Jumatano"},{"$i":"weekday-4-short","$v":"Alhamisi"},{"$i":"weekday-5-short","$v":"Ijumaa"},{"$i":"weekday-6-short","$v":"Jumamosi"},{"$i":"month-0-long","$v":"Januari"},{"$i":"month-1-long","$v":"Februari"},{"$i":"month-2-long","$v":"Machi"},{"$i":"month-3-long","$v":"Aprili"},{"$i":"month-4-long","$v":"Mei"},{"$i":"month-5-long","$v":"Juni"},{"$i":"month-6-long","$v":"Julai"},{"$i":"month-7-long","$v":"Agosti"},{"$i":"month-8-long","$v":"Septemba"},{"$i":"month-9-long","$v":"Oktoba"},{"$i":"month-10-long","$v":"Novemba"},{"$i":"month-11-long","$v":"Desemba"},{"$i":"month-0-genitive","$v":"Januari"},{"$i":"month-1-genitive","$v":"Februari"},{"$i":"month-2-genitive","$v":"Machi"},{"$i":"month-3-genitive","$v":"Aprili"},{"$i":"month-4-genitive","$v":"Mei"},{"$i":"month-5-genitive","$v":"Juni"},{"$i":"month-6-genitive","$v":"Julai"},{"$i":"month-7-genitive","$v":"Agosti"},{"$i":"month-8-genitive","$v":"Septemba"},{"$i":"month-9-genitive","$v":"Oktoba"},{"$i":"month-10-genitive","$v":"Novemba"},{"$i":"month-11-genitive","$v":"Desemba"},{"$i":"month-0-short","$v":"Januari"},{"$i":"month-1-short","$v":"Februari"},{"$i":"month-2-short","$v":"Machi"},{"$i":"month-3-short","$v":"Aprili"},{"$i":"month-4-short","$v":"Mei"},{"$i":"month-5-short","$v":"Juni"},{"$i":"month-6-short","$v":"Julai"},{"$i":"month-7-short","$v":"Agosti"},{"$i":"month-8-short","$v":"Septemba"},{"$i":"month-9-short","$v":"Oktoba"},{"$i":"month-10-short","$v":"Novemba"},{"$i":"month-11-short","$v":"Disemba"},{"$i":"minutes-ago-long","$v":{"few":["dakika ",{"t":"idOrVar","v":"value"}," zilizopita"],"many":["dakika ",{"t":"idOrVar","v":"value"}," zilizopita"],"one":"dakika moja iliyopita","other":["dakika ",{"t":"idOrVar","v":"value"}," zilizopita"],"two":["dakika ",{"t":"idOrVar","v":"value"}," zilizopita"],"zero":"sasa hivi tu"},"$x":[{"t":"idOrVar","v":"plural"},"value"]},{"$i":"hours-ago-long","$v":{"few":["saa ",{"t":"idOrVar","v":"value"}," zilizopita"],"many":["saa ",{"t":"idOrVar","v":"value"}," zilizopita"],"one":"saa moja iliyopita","other":["saa ",{"t":"idOrVar","v":"value"}," zilizopita"],"two":["saa ",{"t":"idOrVar","v":"value"}," zilizopita"],"zero":"sasa hivi tu"},"$x":[{"t":"idOrVar","v":"plural"},"value"]},{"$i":"days-ago-long","$v":{"few":["Siku ",{"t":"idOrVar","v":"value"}," zilizopita"],"many":["Siku ",{"t":"idOrVar","v":"value"}," zilizopita"],"one":"jana","other":["Siku ",{"t":"idOrVar","v":"value"}," zilizopita"],"two":["Siku ",{"t":"idOrVar","v":"value"}," zilizopita"],"zero":"leo"},"$x":[{"t":"idOrVar","v":"plural"},"value"]},{"$i":"weeks-ago-long","$v":{"few":["wiki ",{"t":"idOrVar","v":"value"}," zilizopita"],"many":["wiki ",{"t":"idOrVar","v":"value"}," zilizopita"],"one":"wiki iliyopita","other":["wiki ",{"t":"idOrVar","v":"value"}," zilizopita"],"two":["wiki ",{"t":"idOrVar","v":"value"}," zilizopita"],"zero":"wiki hii"},"$x":[{"t":"idOrVar","v":"plural"},"value"]},{"$i":"months-ago-long","$v":{"few":["miezi ",{"t":"idOrVar","v":"value"}," iliyopita"],"many":["miezi ",{"t":"idOrVar","v":"value"}," iliyopita"],"one":"mwezi uliopita","other":["miezi ",{"t":"idOrVar","v":"value"}," iliyopita"],"two":["miezi ",{"t":"idOrVar","v":"value"}," iliyopita"],"zero":"mwezi huu"},"$x":[{"t":"idOrVar","v":"plural"},"value"]},{"$i":"years-ago-long","$v":{"few":["mwaka ",{"t":"idOrVar","v":"value"}," uliopita"],"many":["mwaka ",{"t":"idOrVar","v":"value"}," uliopita"],"one":"mwaka jana","other":["mwaka ",{"t":"idOrVar","v":"value"}," uliopita"],"two":["mwaka ",{"t":"idOrVar","v":"value"}," uliopita"],"zero":"mwaka huu"},"$x":[{"t":"idOrVar","v":"plural"},"value"]},{"$i":"minutes-until-long","$v":{"few":["baada ya dakika ",{"t":"idOrVar","v":"value"}],"many":["baada ya dakika ",{"t":"idOrVar","v":"value"}],"one":"baada ya dakika moja","other":["baada ya dakika ",{"t":"idOrVar","v":"value"}],"two":["baada ya dakika ",{"t":"idOrVar","v":"value"}],"zero":"sasa hivi"},"$x":[{"t":"idOrVar","v":"plural"},"value"]},{"$i":"hours-until-long","$v":{"few":["baada ya saa ",{"t":"idOrVar","v":"value"}],"many":["baada ya saa ",{"t":"idOrVar","v":"value"}],"one":"baada ya saa moja","other":["baada ya saa ",{"t":"idOrVar","v":"value"}],"two":["baada ya saa ",{"t":"idOrVar","v":"value"}],"zero":"sasa hivi"},"$x":[{"t":"idOrVar","v":"plural"},"value"]},{"$i":"days-until-long","$v":{"few":["baada ya siku ",{"t":"idOrVar","v":"value"}],"many":["baada ya siku ",{"t":"idOrVar","v":"value"}],"one":"kesho","other":["baada ya siku ",{"t":"idOrVar","v":"value"}],"two":["baada ya siku ",{"t":"idOrVar","v":"value"}],"zero":"leo"},"$x":[{"t":"idOrVar","v":"plural"},"value"]},{"$i":"weeks-until-long","$v":{"few":["baada ya wiki ",{"t":"idOrVar","v":"value"}],"many":["baada ya wiki ",{"t":"idOrVar","v":"value"}],"one":"wiki ijayo","other":["baada ya wiki ",{"t":"idOrVar","v":"value"}],"two":["baada ya wiki ",{"t":"idOrVar","v":"value"}],"zero":"wiki hii"},"$x":[{"t":"idOrVar","v":"plural"},"value"]},{"$i":"months-until-long","$v":{"few":["baada ya miezi ",{"t":"idOrVar","v":"value"}],"many":["baada ya miezi ",{"t":"idOrVar","v":"value"}],"one":"mwezi ujao","other":["baada ya miezi ",{"t":"idOrVar","v":"value"}],"two":["baada ya miezi ",{"t":"idOrVar","v":"value"}],"zero":"mwezi huu"},"$x":[{"t":"idOrVar","v":"plural"},"value"]},{"$i":"years-until-long","$v":{"few":["baada ya miaka ",{"t":"idOrVar","v":"value"}],"many":["baada ya miaka ",{"t":"idOrVar","v":"value"}],"one":"mwaka ujao","other":["baada ya miaka ",{"t":"idOrVar","v":"value"}],"two":["baada ya miaka ",{"t":"idOrVar","v":"value"}],"zero":"mwaka huu"},"$x":[{"t":"idOrVar","v":"plural"},"value"]},{"$i":"minutes-ago-short","$v":{"other":["dakika ",{"t":"idOrVar","v":"value"}," iliyopita"],"zero":"sasa hivi tu"},"$x":[{"t":"idOrVar","v":"plural"},"value"]},{"$i":"hours-ago-short","$v":{"other":["saa ",{"t":"idOrVar","v":"value"}," iliyopita"],"zero":"sasa hivi tu"},"$x":[{"t":"idOrVar","v":"plural"},"value"]},{"$i":"days-ago-short","$v":{"other":["Siku ",{"t":"idOrVar","v":"value"}," iliyopita"],"zero":"leo"},"$x":[{"t":"idOrVar","v":"plural"},"value"]},{"$i":"minutes-until-short","$v":{"other":["baada ya dakika ",{"t":"idOrVar","v":"value"}],"zero":"sasa hivi"},"$x":[{"t":"idOrVar","v":"plural"},"value"]},{"$i":"hours-until-short","$v":{"other":["baada ya saa ",{"t":"idOrVar","v":"value"}],"zero":"sasa hivi"},"$x":[{"t":"idOrVar","v":"plural"},"value"]},{"$i":"days-until-short","$v":{"other":["baada ya siku ",{"t":"idOrVar","v":"value"}],"zero":"leo"},"$x":[{"t":"idOrVar","v":"plural"},"value"]},{"$i":"incorrectDate","$v":"(Tarehe isiyo sahihi)"},{"$i":"dateTimeFormat_%c","$v":"%a %b %e %Y %I:%M:%S %p"},{"$i":"dateTimeFormat_%x","$v":"%m/%d/%Y"},{"$i":"dateTimeFormat_%X","$v":"%I:%M:%S %p"},{"$i":"shortTimeFormat","$v":"%I:%M %p"},{"$i":"shortTimeFormat12","$v":"%I:%M %p"},{"$i":"shortTimeFormat24","$v":"%H:%M"},{"$i":"shortDateTimeFormat","$v":"%x %I:%M %p"},{"$i":"weekStartsOnMonday","$v":"0.0"},{"$i":"firstDayOfTheWeek","$v":"0.0"},{"$i":"time_am","$v":"Asubuhi"},{"$i":"time_pm","$v":"PM"}]