[{"$i":"setup-app-name-header","$v":"میل"},{"$i":"setup-empty-account-message","$v":"ای میل بھیجنے یا موصول کرنے کے سیٹ اپ نہیں ہے۔ عمل کو مکمل کرنے کے لیے اکاؤنٹ سیٹ اپ کریں۔"},{"$i":"setup-pick-service","$v":"ای میل بھیجنے اور موصول کرنے کے لئے، آپ کو ایک اکاؤنٹ ترتیب دینے کی ضرورت ہوگی۔"},{"$i":"setup-account-header3","$v":"اکاؤنٹ لاگ ان"},{"$i":"setup-account-password","$v":"پاس ورڈ"},{"$i":"setup-info-next","$v":"اگلا"},{"$i":"setup-progress-wait-msg","$v":"اکاؤنٹ ترتیب دے رہا ہے"},{"$i":"setup-sync-progress-wait-msg","$v":"اکاؤنٹ کی مطابقت پذیری"},{"$i":"setup-completed-header","$v":"مبارکباد!"},{"$i":"setup-completed-label","$v":"تمام ہوگیا!"},{"$i":"setup-add-another-account","$v":"دوسرا اکاؤنٹ شامل کریں"},{"$i":"setup-show-mail","$v":"میل جاری رکھیں"},{"$i":"setup-done-add","$v":"اکاؤںٹ شامل کریں"},{"$i":"setup-error-offline","$v":"یہ آلہ فی الحال آف لائن ہے۔ نیٹ ورک سے جڑیں اور دوبارہ کوشش کریں۔"},{"$i":"setup-error-bad-user-or-pass2","$v":"غلط یوزر نیم یا پاس ورڈ۔ ٹائپنگ کی غلطی چیک کریں۔"},{"$i":"setup-error-bad-address","$v":"غلط ای-میل پتہ۔ ٹائپنگ کی غلطی چیک کریں۔"},{"$i":"setup-error-not-authorized","$v":"سرور نے کہا کہ آپ اکاؤنٹ بنانے کے لیے مجاز نہیں ہیں"},{"$i":"setup-error-pop-server-not-great","$v":"سرور غیر معاونت یافتہ۔ مطلوبہ فیچرز کو POP3 سرور لاگو نہیں کرتا ہے۔"},{"$i":"setup-error-unknown2","$v":"ایک نامعلوم نقص واقع ہوا۔ اپنا نٹورک کنیکنشن چیک کریں یا دستی طور پر کنفیگریشن اختیار آزمائیں۔"},{"$i":"setup-error-needs-app-pass","$v":"آپ ٹو-فیکٹر Gmail اکاؤنٹس کے لیے لازماً اپلیکیشن کے ساتھ متختص پاس ورڈ استعمال کریں"},{"$i":"setup-error-imap-disabled","$v":"آپ کو اپنے Gmail اکاؤنٹ پر آئی.ایم.اے.پی کو فعال کرنا لازمی ہے"},{"$i":"setup-error-pop3-disabled","$v":"آپ کو اپنے POP3 اکاؤنٹ پر آئی.ایم.اے.پی کو فعال کرنا لازمی ہے"},{"$i":"setup-error-bad-security","$v":[{"t":"idOrVar","v":"server"},"\" سے محفوظ کنیکشن قائم کرنے سے قاصر ہے۔ آپ کے نٹورک یا سرور کے ساتھ کوئی خرابی ہوسکتی ہے۔"]},{"$i":"setup-error-unresponsive-server","$v":[{"t":"idOrVar","v":"server"},"\" سے کنیکشن قائم کرنے سے قاصر ہے۔ نٹورک کے ساتھ کوئی خرابی ہوسکتی ہے۔"]},{"$i":"setup-error-server-problem","$v":[{"t":"idOrVar","v":"server"},"\" سرور میں کوئی پریشانی ہے۔ بعد میں دوبارہ کوشش کریں۔"]},{"$i":"setup-error-no-config-info","$v":"آپ کے اکاؤنٹ کو خودکار طور پر کنفیگر کرنے سے قاصر ہے۔ اپنا ای-میل پتہ درست کریں یا دستی طور پر کنفیگریشن اختیار آزمائیں۔"},{"$i":"setup-error-server-maintenance","$v":["مینٹینینس کے لیے سرور \"",{"t":"idOrVar","v":"server"},"\" آف لائن ہے۔ بعد میں دوبارہ کوشش کریں۔"]},{"$i":"setup-error-account-already-exists","$v":"یہ اکاؤنٹ پہلے سے کنفیگرڈ ہے۔"},{"$i":"setup-manual-config2","$v":"جدید ترین"},{"$i":"setup-manual-config-header","$v":"اکاؤنٹ لاگ ان"},{"$i":"setup-manual-account-type-header","$v":"اکاؤنٹ کی نوع"},{"$i":"setup-manual-account-type","$v":"اکاؤنٹ کی نوع"},{"$i":"setup-manual-account-type-select","ariaLabel":"اکاؤنٹ کی نوع"},{"$i":"setup-manual-imap-header","$v":"آئی. ایم. اے. پی سیٹنگز"},{"$i":"setup-manual-pop3-header","$v":"POP3 سیٹنگز"},{"$i":"setup-manual-smtp-header","$v":"ایس.ایم.ٹی. سیٹنگز"},{"$i":"setup-manual-activesync-header","$v":"ایکٹوسینک سیٹنگز"},{"$i":"setup-manual-next","$v":"اگلا"},{"$i":"setup-manual-socket","$v":"ساکیٹ کی قسم"},{"$i":"setup-manual-socket-ssl","$v":"SSL"},{"$i":"setup-manual-socket-starttls","$v":"STARTTLS"},{"$i":"setup-manual-socket-select","ariaLabel":"کنیکشن کی سیکیورٹی"},{"$i":"setup-manual-socket-plain","$v":"غیر خفیہ کردہ"},{"$i":"setup-bad-password-header","$v":"غلط پاس ورڈ"},{"$i":"setup-bad-password","$v":"سرور میں سائن اِن نہیں کرسکا۔ براہ کرم پاس ورڈ دوبارہ کوشش کریں۔"},{"$i":"setup-new-password","placeholder":"نیا پاس ورڈ"},{"$i":"setup-fix-password","$v":"نئے پاس ورڈ کے ساتھ جواب دیں"},{"$i":"setup-gmail-twofactor-header","$v":"دو فیکٹر فعال"},{"$i":"setup-gmail-twofactor-message","$v":"آپ کو نیچے ایک اپلیکیشن-مخصوص پاس ورڈ داخل کرنے کی ضرورت ہے۔"},{"$i":"setup-gmail-imap-header","$v":"آئی. ایم. اے. پی نااہل کردیا گیا"},{"$i":"setup-gmail-imap-message","$v":"آپ کو اپنے Gmail اکاؤنٹ پر آئی.ایم.اے.پی کو فعال کرنا لازمی ہے"},{"$i":"setup-gmail-retry","$v":"دوبارہ کوشش کریں"},{"$i":"setup-gmail-pop3-header","$v":"POP3 غیر فعال"},{"$i":"setup-gmail-pop3-message","$v":"آپ کو اپنے Gmail اکاؤنٹ پر POP3 کو فعال کرنا لازمی ہے"},{"$i":"setup-fix-oauth2-header","$v":"ای میل کو دوبارہ مجاز بنائیں"},{"$i":"setup-fix-oauth2-description","$v":"درج ذیل اکاؤنٹ کی رسائی کرنے کے لیے ای میل کو مجاز ہونے کی ضرورت ہے:"},{"$i":"setup-fix-oauth2-reauthorize","$v":"مجاز بنائیں"},{"$i":"settings-main-header","$v":"ای میل سیٹنگز"},{"$i":"settings-sub-header-account","$v":"اکاؤنٹ"},{"$i":"settings-account-group","ariaLabel":"اکاؤنٹ"},{"$i":"settings-account-name","$v":"آپ کا نام"},{"$i":"settings-account-label","$v":"اکاؤنٹ لیبل"},{"$i":"settings-account-display-notifications","$v":"نئی ای میل اطاعات ڈسپلے"},{"$i":"settings-account-play-sound-onsend","$v":"پیغام بھیج دیے جانے بعد آواز چلائیں"},{"$i":"settings-account-signature-label","$v":"دستخط"},{"$i":"settings-sub-header-data","$v":"ڈیٹا"},{"$i":"settings-data-group","ariaLabel":"ڈیٹا"},{"$i":"settings-account-check-mail","$v":"نئے پیغامات کے لیے چیک کریں"},{"$i":"settings-account-check-mail-select","ariaLabel":"نئے پیغامات کے لیے چیک کریں"},{"$i":"settings-sub-header-server","$v":"سرور سیٹنگز"},{"$i":"settings-server-group","ariaLabel":"سرور سیٹنگز"},{"$i":"settings-account-userpass","$v":"یوزر نیم اور پاس ورڈ"},{"$i":"settings-account-useroauth2","$v":"صارف نام"},{"$i":"settings-default-signature-2","$v":"میرے فون سے بھیجیں"},{"$i":"settings-done","$v":"ہو گیا"},{"$i":"settings-account-section","$v":"اکاؤنٹس"},{"$i":"settings-account-listbox","ariaLabel":"اکاؤنٹس"},{"$i":"settings-account-add","$v":"شامل کریں"},{"$i":"settings-account-delete","$v":"اکاؤنٹ حذف کریں"},{"$i":"settings-account-delete-prompt","$v":["کیا آپ یقیناً اپنا ",{"t":"idOrVar","v":"account"}," میل اکاؤنٹ حذف کرنا چاہتے ہیں؟"]},{"$i":"settings-account-delete-desc","$v":"اگر آپ اکاؤنٹ دوبارہ بناتے ہیں تو آپ کو اپنی میل کو دوبارہ ڈاؤن لوڈ کرنا پڑیگا۔"},{"$i":"settings-account-delete-cancel","$v":"منسوخ کریں"},{"$i":"settings-account-delete-confirm","$v":"حذف کریں"},{"$i":"settings-account-clarify","$v":[{"t":"idOrVar","v":"account-name"}]},{"$i":"settings-account-clarify-imap","$v":[{"t":"idOrVar","v":"account-name"}," (IMAP)"]},{"$i":"settings-account-clarify-pop3","$v":[{"t":"idOrVar","v":"account-name"}," (POP3)"]},{"$i":"settings-account-clarify-smtp","$v":[{"t":"idOrVar","v":"account-name"}," (SMTP)"]},{"$i":"settings-general-section","$v":"عام سیٹنگز"},{"$i":"settings-show-images","$v":"ہمیشہ امیجز دکھائیں"},{"$i":"settings-download-attachments","$v":"منسلکات ڈاؤن لوڈ کریں"},{"$i":"settings-check-every-5min","$v":"ہر 5 منٹس"},{"$i":"settings-check-every-10min","$v":"ہر 10 منٹس"},{"$i":"settings-check-every-15min","$v":"ہر 15 منٹس"},{"$i":"settings-check-every-30min","$v":"ہر 30 منٹس"},{"$i":"settings-check-every-60min","$v":"ہر گھنٹہ"},{"$i":"settings-check-every-manual","$v":"دستی طور پر"},{"$i":"settings-check-dynamic","$v":{"few":[{"t":"idOrVar","v":"n"}," سیکنڈز"],"many":[{"t":"idOrVar","v":"n"}," سیکنڈز"],"one":[{"t":"idOrVar","v":"n"}," سیکنڈ"],"other":[{"t":"idOrVar","v":"n"}," سیکنڈز"],"two":[{"t":"idOrVar","v":"n"}," سیکنڈز"],"zero":"غیر فعال"},"$x":[{"t":"idOrVar","v":"plural"},"n"]},{"$i":"settings-default-account","$v":"بطور ڈیفالٹ ای میل سیٹ کریں"},{"$i":"settings-account-type","$v":"اکاؤنٹ کی نوع"},{"$i":"settings-account-credentials","$v":"اسناد"},{"$i":"settings-activesync-label","$v":"ایکٹوسینک سیٹنگز"},{"$i":"settings-imap-label","$v":"آئی. ایم. اے. پی سیٹنگز"},{"$i":"settings-pop3-label","$v":"POP3 سیٹنگز"},{"$i":"settings-smtp-label","$v":"ایس.ایم.ٹی. سیٹنگز"},{"$i":"settings-hostname","$v":"ہوسٹ کا نام"},{"$i":"settings-port","$v":"پورٹ"},{"$i":"settings-username","$v":"صارف نام"},{"$i":"settings-password","$v":"پاس ورڈ"},{"$i":"settings-save","$v":"محفوظ کریں"},{"$i":"password-saved","$v":"پاس ورڈ محفوظ کیا گیا۔"},{"$i":"settings-reauth","$v":"مجاز بنائیں"},{"$i":"settings-account-synchronize-window","$v":"سنک کے لیے دن"},{"$i":"settings-account-synchronize-window-select","ariaLabel":"سنک کے لیے دن"},{"$i":"settings-synchronize-auto","$v":"خودکار"},{"$i":"settings-synchronize-one-day","$v":"1 دن"},{"$i":"settings-synchronize-three-days","$v":"3 دن"},{"$i":"settings-synchronize-one-week","$v":"1 ہفتہ"},{"$i":"settings-synchronize-two-weeks","$v":"2 ہفتے"},{"$i":"settings-synchronize-one-month","$v":"1 مہینہ"},{"$i":"settings-synchronize-all","$v":"تمام پیغامات"},{"$i":"envelope-from","$v":"سے"},{"$i":"envelope-to","$v":"بنام"},{"$i":"envelope-cc","$v":"CC"},{"$i":"envelope-bcc","$v":"BCC"},{"$i":"message-header-state-sending","ariaLabel":"بھیج رہا ہے"},{"$i":"message-header-state-error","ariaLabel":"نقص بھیج رہا ہے"},{"$i":"message-header-unread","ariaLabel":"ناخواندہ"},{"$i":"message-header-reply","ariaLabel":"جواب دیں"},{"$i":"message-header-forward","ariaLabel":"فارورڈ کریں"},{"$i":"message-header-starred","ariaLabel":"میں اسٹار ہے"},{"$i":"message-header-attachments","ariaLabel":"میں منسلکات ہیں"},{"$i":"message-body-container","ariaLabel":"پیغام کی باڈی"},{"$i":"message-body-container-progress","ariaValueText":"لوڈنگ"},{"$i":"subject","ariaLabel":"موضوع"},{"$i":"attachments-container","ariaLabel":"منسلکات"},{"$i":"from-group","ariaLabel":"سے"},{"$i":"to-group","ariaLabel":"بنام"},{"$i":"cc-group","ariaLabel":"CC"},{"$i":"bcc-group","ariaLabel":"BCC"},{"$i":"compose-header","$v":"پیغام کمپوز کریں"},{"$i":"compose-header-short","$v":"کمپوز کریں"},{"$i":"compose-send","$v":"بھیجیں"},{"$i":"compose-send-button","ariaLabel":"بھیجیں"},{"$i":"compose-to","$v":"بنام"},{"$i":"compose-cc","$v":"CC"},{"$i":"compose-bcc","$v":"BCC"},{"$i":"compose-cc-remove","$v":"cc کی فہرست ہٹا دی گئی۔"},{"$i":"compose-bcc-remove","$v":"bcc کی فہرست ہٹا دی گئی۔"},{"$i":"compose-contact-add","ariaLabel":"رابطہ شامل کریں"},{"$i":"compose-attachments","$v":{"few":["منسلکات (",{"t":"idOrVar","v":"n"},")"],"many":["منسلکات (",{"t":"idOrVar","v":"n"},")"],"one":["منسلکہ (",{"t":"idOrVar","v":"n"},")"],"other":["منسلکات (",{"t":"idOrVar","v":"n"},")"],"two":["منسلکات (",{"t":"idOrVar","v":"n"},")"],"zero":"منسلکہ"},"$x":[{"t":"idOrVar","v":"plural"},"n"]},{"$i":"compose-text","ariaLabel":"ترمیم کریں"},{"$i":"compose-attachment-still-working","$v":"ایک لمحہ، ابھی بھی لابقہ منسکہ پر کام کررہا ہے..."},{"$i":"compose-attachment-loading","$v":"اٹیچمنٹ لوڈ کر رہا ہے..."},{"$i":"compose-attachments-loading","$v":"اٹیچمنٹس لوڈ کر رہا ہے..."},{"$i":"compose-forward-attachment-error-title","$v":"ڈاؤن لوڈ ناکام."},{"$i":"compose-forward-attachment-error-title2","$v":"خرابی"},{"$i":"compose-forward-attachment-unable-load","$v":"اٹیچمنٹ لوڈ کرنے میں ناکام۔"},{"$i":"compose-forward-attachments-unable-load","$v":"اٹیچمنٹس لوڈ کرنے میں ناکام۔"},{"$i":"compose-forward-attachment-load-error","$v":"کچھ اٹیچمنٹس لوڈ نہیں کی جا سکتی۔"},{"$i":"confirmation-title","$v":"توثیق کاری"},{"$i":"compose-subject","$v":"موضوع"},{"$i":"compose-draft-save","$v":"لوکل ڈرافٹس میں محفوظ کریں؟"},{"$i":"compose-discard-confirm","$v":"رد کریں"},{"$i":"compose-draft-dialog-cancel","$v":"منسوخ کریں"},{"$i":"compose-draft-dialog-save","$v":"محفوظ کریں"},{"$i":"composer-draft-saved","$v":"لوکل ڈرافٹس میں محفوظ کیا ہوا پیغام"},{"$i":"attention","$v":"توجہ دیں"},{"$i":"compose-send-message-failed","$v":"ای میل بھیجنا ناکام ہوگیا"},{"$i":"compose-attchment-size-exceeded","$v":"اس پیغام کے ساتھ بھیجنے کے لیے منتخبہ منسلکہ بہت بڑا ہے۔"},{"$i":"compose-attchments-size-exceeded","$v":"اس پیغام کے ساتھ بھیجنے کے لیے منتخبہ منسلکات بہت بڑے ہیں۔ کم فائلیں منتخب کرنا کوشش کریں۔"},{"$i":"composer-attachment-large-title","$v":"فائل سائز بہت بڑا ہے"},{"$i":"default-attachment-filename","$v":["منسلکہ",{"t":"idOrVar","v":"n"}]},{"$i":"attachment-size-meb","$v":[{"t":"idOrVar","v":"megabytes"}," MB"]},{"$i":"attachment-size-kib","$v":[{"t":"idOrVar","v":"kilobytes"}," KB"]},{"$i":"attachment-size-byte","$v":[{"t":"idOrVar","v":"bytes"}," B"]},{"$i":"message-attachment-view","$v":"دیکھیں"},{"$i":"message-attachment-did-not-open-label","$v":"کھولنے سے قاصر"},{"$i":"message-attachment-did-not-open-body","$v":"آلے میں ایپ نہیں ہے جو منسلکہ کو کھول سکے۔"},{"$i":"message-attachment-too-large","$v":"ڈاؤن لوڈ کرنے کے لیے یہ فائل بہت بڑی ہے۔"},{"$i":"message-attachment-not-found","$v":"اٹیچمنٹ فائل کو حاصل نہیں کر سکا، ہو سکتا ہے اسے حذف کر دیا گیا ہو۔"},{"$i":"message-attachment-download-fail","$v":[{"t":"idOrVar","v":"fileName"}," ڈاؤن لوڈ ناکام ہوگیا۔"]},{"$i":"message-no-subject","$v":"(کوئی موضوع نہیں)"},{"$i":"message-edit-menu-edit","$v":"ترمیم کریں"},{"$i":"message-edit-menu-delete","$v":"حذف کریں"},{"$i":"message-edit-delete-confirm","$v":"ای میل پیغام حذف کریں؟"},{"$i":"message-forward-attachment-title","$v":"منسلکہ"},{"$i":"message-forward-attachment","$v":"اٹیچمنٹ بھی آگے کریں؟"},{"$i":"message-forward-attachments","$v":"اٹیچمنٹس بھی آگے کریں؟"},{"$i":"message-multiedit-header","$v":{"few":[{"t":"idOrVar","v":"n"}," منتخب شدہ"],"many":[{"t":"idOrVar","v":"n"}," منتخب شدہ"],"one":[{"t":"idOrVar","v":"n"}," منتخب شدہ"],"other":[{"t":"idOrVar","v":"n"}," منتخب شدہ"],"two":[{"t":"idOrVar","v":"n"}," منتخب شدہ"],"zero":[{"t":"idOrVar","v":"n"}," منتخب شدہ"]},"$x":[{"t":"idOrVar","v":"plural"},"n"]},{"$i":"message-multiedit-search-header","$v":{"few":[{"t":"idOrVar","v":"n"}," منتخب شدہ"],"many":[{"t":"idOrVar","v":"n"}," منتخب شدہ"],"one":[{"t":"idOrVar","v":"n"}," منتخب شدہ"],"other":[{"t":"idOrVar","v":"n"}," منتخب شدہ"],"two":[{"t":"idOrVar","v":"n"}," منتخب شدہ"],"zero":"0 منتخب شدہ"},"$x":[{"t":"idOrVar","v":"plural"},"n"]},{"$i":"browse-to-url-prompt","$v":["یو.آر.ایل میں براؤز کریں؟: ",{"t":"idOrVar","v":"url"}]},{"$i":"message-download-images-tap","$v":{"few":["یہ ای میل ",{"t":"idOrVar","v":"n"}," امیجز پر مشتمل ہے۔ ڈاؤن لوڈ کرنے کے لیے تھپتھپائیں۔"],"many":["یہ ای میل ",{"t":"idOrVar","v":"n"}," امیجز پر مشتمل ہے۔ ڈاؤن لوڈ کرنے کے لیے تھپتھپائیں۔"],"one":"یہ ای میل ایک امیج پر مشتمل ہے۔ ڈاؤن لوڈ کرنے کے لیے تھپتھپائیں۔","other":["یہ ای میل ",{"t":"idOrVar","v":"n"}," امیجز پر مشتمل ہے۔ ڈاؤن لوڈ کرنے کے لیے تھپتھپائیں۔"],"two":["یہ ای میل ",{"t":"idOrVar","v":"n"}," امیجز پر مشتمل ہے۔ ڈاؤن لوڈ کرنے کے لیے تھپتھپائیں۔"]},"$x":[{"t":"idOrVar","v":"plural"},"n"]},{"$i":"message-show-external-images","$v":"خارجی امیجز دکھائیں"},{"$i":"message-delete-cancel","$v":"منسوخ کریں"},{"$i":"message-multiedit-delete-confirm","$v":{"few":[{"t":"idOrVar","v":"n"}," میسجز ہذف کریں؟"],"many":[{"t":"idOrVar","v":"n"}," میسجز ہذف کریں؟"],"one":"منتخبہ پیغامات کو حذف کریں","other":[{"t":"idOrVar","v":"n"}," میسجز ہذف کریں؟"],"two":[{"t":"idOrVar","v":"n"}," میسجز ہذف کریں؟"]},"$x":[{"t":"idOrVar","v":"plural"},"n"]},{"$i":"message-large-message-cancel","$v":"منسوخ کریں"},{"$i":"message-large-message-ok","$v":"جاری رکھیں"},{"$i":"message-large-message-confirm","$v":"یہ پیغام بڑا ہے اور ڈاؤن لوڈ کرنے میں کچھ وقت لے سکتا ہے۔"},{"$i":"message-large-message-warning","$v":"پیغام لوڈ کرنے کے لئے بہت بڑا ہے۔"},{"$i":"message-search-header","$v":"تلاش"},{"$i":"search-result","$v":[{"t":"idOrVar","v":"num"}," یکساں ملا"]},{"$i":"message-search-from","$v":"سے"},{"$i":"message-search-to","$v":"بنام"},{"$i":"message-search-subject","$v":"موضوع"},{"$i":"message-search-body","$v":"باڈی"},{"$i":"message-search-all","$v":"تمام"},{"$i":"message-search-input","placeholder":"میل تلاش کریں"},{"$i":"message-search-cancel","$v":"منسوخ کریں"},{"$i":"messages-syncing","$v":"پیغامات لوڈ ہورہے ہیں"},{"$i":"messages-syncing-progressbar","ariaValueText":"پیغامات لوڈ ہورہے ہیں"},{"$i":"messages-load-more","$v":"مزید پیغامات لوڈ کریں"},{"$i":"messages-folder-empty","$v":"اس فولڈر میں کوئی میل نہیں"},{"$i":"messages-search-empty","$v":"مقامی طور پر کیشڈ پیغامات میں کوئی یکسانیت نہیں"},{"$i":"messages-folder-select","$v":"فولڈر میں منتقل کریں"},{"$i":"messages-folder-unread-max","$v":"999+"},{"$i":"message-contact-menu-create","$v":"نیا رابطہ محفوظ کریں"},{"$i":"message-contact-menu-add-existing","$v":"موجودہ رابطہ میں شامل کریں"},{"$i":"message-contact-menu-view","$v":"رابطہ دیکھیں"},{"$i":"message-contact-menu-reply","$v":"جواب دیں"},{"$i":"message-contact-menu-new","$v":"نئی میل بھیجیں"},{"$i":"message-reply-menu-reply","$v":"جواب دیں"},{"$i":"message-reply-menu-reply-all","$v":"تمام کا جواب دیں"},{"$i":"message-reply-menu-forward","$v":"فارورڈ کریں"},{"$i":"message-reply-menu-cancel","$v":"منسوخ کریں"},{"$i":"reply-quoting-wrote","$v":"{name} لکھا"},{"$i":"forward-original-message","$v":"اصلی پیغام"},{"$i":"forward-header-subject","$v":"موضوع"},{"$i":"forward-header-date","$v":"تاریخ"},{"$i":"forward-header-from","$v":"سے"},{"$i":"forward-header-reply-to","$v":"جواب دیں-مرسل الیہ"},{"$i":"forward-header-to","$v":"بنام"},{"$i":"forward-header-cc","$v":"CC"},{"$i":"folder-inbox","$v":"اِن باکس"},{"$i":"folder-sent","$v":"ارسال کردہ"},{"$i":"folder-drafts","$v":"ڈرافٹس"},{"$i":"folder-trash","$v":"ٹریش"},{"$i":"folder-queue","$v":"بغیر بھیجا ہوا"},{"$i":"folder-junk","$v":"جنک"},{"$i":"folder-archives","$v":"آرکائیوز"},{"$i":"folder-localdrafts","$v":"لوکل ڈرافٹس"},{"$i":"folder-outbox","$v":"آؤٹ باکس"},{"$i":"drawer-back","$v":"واپس جائیں"},{"$i":"drawer-accounts-header","$v":"اکاؤنٹس"},{"$i":"drawer-settings-link","$v":"ترتیبات"},{"$i":"folder-last-synced-label","$v":"آخری سنک:"},{"$i":"messages-refresh-progress","ariaValueText":"ریفریش ہورہا ہے"},{"$i":"no-internet-connection","$v":"کوئی انٹرنیٹ کنیکشن نہیں۔"},{"$i":"toaster-undo","$v":"کالعدم کریں"},{"$i":"toaster-message-star","$v":{"few":[{"t":"idOrVar","v":"n"}," پیغامات پر جھنڈا لگایا گیا"],"many":[{"t":"idOrVar","v":"n"}," پیغامات پر جھنڈا لگایا گیا"],"one":"جھنڈا لگایا گیا پیغام","other":[{"t":"idOrVar","v":"n"}," پیغامات پر جھنڈا لگایا گیا"],"two":[{"t":"idOrVar","v":"n"}," پیغامات پر جھنڈا لگایا گیا"]},"$x":[{"t":"idOrVar","v":"plural"},"n"]},{"$i":"toaster-message-unstar","$v":{"few":[{"t":"idOrVar","v":"n"}," پیغام کے جھنڈوں کو ہٹا دیا گیا"],"many":[{"t":"idOrVar","v":"n"}," پیغام کے جھنڈوں کو ہٹا دیا گیا"],"one":"پیغام کے جھنڈے کو ہٹا دیا گیا","other":[{"t":"idOrVar","v":"n"}," پیغام کے جھنڈوں کو ہٹا دیا گیا"],"two":[{"t":"idOrVar","v":"n"}," پیغام کے جھنڈوں کو ہٹا دیا گیا"]},"$x":[{"t":"idOrVar","v":"plural"},"n"]},{"$i":"toaster-message-read","$v":{"few":[{"t":"idOrVar","v":"n"}," پیغامات پڑھے گئے کے طور پر نشان زد کئے گئے"],"many":[{"t":"idOrVar","v":"n"}," پیغامات پڑھے گئے کے طور پر نشان زد کئے گئے"],"one":"پیغامات پڑھے گئے کے طور پر نشان زد کئے گئے","other":[{"t":"idOrVar","v":"n"}," پیغامات پڑھے گئے کے طور پر نشان زد کئے گئے"],"two":[{"t":"idOrVar","v":"n"}," پیغامات پڑھے گئے کے طور پر نشان زد کئے گئے"]},"$x":[{"t":"idOrVar","v":"plural"},"n"]},{"$i":"toaster-message-unread","$v":{"few":[{"t":"idOrVar","v":"n"}," پیغامات نا پڑھے گئے کے طور پر نشان زد کئے گئے"],"many":[{"t":"idOrVar","v":"n"}," پیغامات نا پڑھے گئے کے طور پر نشان زد کئے گئے"],"one":"پیغام کو نا پڑھے گئے کے طور پر نشان زد کیا گیا","other":[{"t":"idOrVar","v":"n"}," پیغامات نا پڑھے گئے کے طور پر نشان زد کئے گئے"],"two":[{"t":"idOrVar","v":"n"}," پیغامات نا پڑھے گئے کے طور پر نشان زد کئے گئے"]},"$x":[{"t":"idOrVar","v":"plural"},"n"]},{"$i":"toaster-message-move","$v":{"few":[{"t":"idOrVar","v":"n"}," پیغامات فولڈر میں منتقل کئے گئے:"],"many":[{"t":"idOrVar","v":"n"}," پیغامات فولڈر میں منتقل کئے گئے:"],"one":"پیغام کو فولڈر میں منتقل کیا گیا:","other":[{"t":"idOrVar","v":"n"}," پیغامات فولڈر میں منتقل کئے گئے:"],"two":[{"t":"idOrVar","v":"n"}," پیغامات فولڈر میں منتقل کئے گئے:"]},"$x":[{"t":"idOrVar","v":"plural"},"n"]},{"$i":"toaster-message-delete","$v":{"few":[{"t":"idOrVar","v":"n"}," میلز حذف کیے گئے"],"many":[{"t":"idOrVar","v":"n"}," میلز حذف کیے گئے"],"one":"1 پیغام حذف کیا گیا","other":[{"t":"idOrVar","v":"n"}," میلز حذف کیے گئے"],"two":[{"t":"idOrVar","v":"n"}," میلز حذف کیے گئے"]},"$x":[{"t":"idOrVar","v":"plural"},"n"]},{"$i":"toaster-sync-failed","$v":"سرور سے جوڑنے سے قاصر۔"},{"$i":"compose-invalid-addresses-title","$v":"غلط پتہ جات"},{"$i":"compose-invalid-addresses-description","$v":"آپ کے پیغام مین ایک یا زائد غلظ ای میل پتہ جات ہیں۔ براہ کرم بھیجنے سے پہلے انہیں درست کریں۔"},{"$i":"background-send-pending","$v":"نٹورک غیر دستیاب۔ آؤٹ باکس میں محفوظ ای میل۔"},{"$i":"background-send-sending","$v":"میل بھیج رہا ہے…"},{"$i":"background-send-success","$v":"ای میل بھیج دی گئی۔"},{"$i":"background-send-error","$v":"نقص واقع ہوا۔ آؤٹ باکس میں محفوظ ای میل۔"},{"$i":"background-send-error-recipients","$v":"موصول کرنے کا نقص۔ آؤٹ باکس میں محفوظ ای میل۔"},{"$i":"background-send-error-title","$v":"میل بھیجنا ناکام ہوگیا"},{"$i":"send-failure-recipients","$v":"مذکورہ بالا پتہ جات کی اسپیلنگ چیک کریں۔ آپ کے میل سرور نے اشارہ دیا ہے کہ مذکورہ بالا ایک یا زائد پتہ جات غلط ہیں۔"},{"$i":"send-failure-unknown","$v":"پیغام بھیجا نہیں جاسکا۔"},{"$i":"form-clear-input","$v":"متن ہٹائیں"},{"$i":"confirm-dialog-title","$v":"توثیق کاری"},{"$i":"confirm-dialog-ok","$v":"ٹھیک ہے"},{"$i":"msg-display-subject","$v":"موضوع"},{"$i":"msg-reader-display-attachments","$v":"منسلکات"},{"$i":"msg-reader-display-attachment","$v":"منسلکہ"},{"$i":"msg-reader-download-external-images","$v":["خارجی امیجز ڈاؤن لوڈ کریں (",{"t":"idOrVar","v":"n"}," ایم.بی)"]},{"$i":"msg-reader-sender-header","$v":"سے"},{"$i":"msg-reader-recipients-header","$v":"موصول کنندگان"},{"$i":"msg-reader-cc-header","$v":"CC"},{"$i":"msg-reader-bcc-header","$v":"BCC"},{"$i":"msg-reader-message-flagged","$v":"جھنڈا لگایا گیا پیغام"},{"$i":"msg-reader-flag-removed","$v":"جھنڈا ہٹا دیا گیا"},{"$i":"external-image-downloading","$v":"ڈاؤن لوڈ ہورہا ہے..."},{"$i":"senders-separation-sign","$v":",$"},{"$i":"new-messages","$v":{"few":[{"t":"idOrVar","v":"n"}," نئے پیغامات"],"many":[{"t":"idOrVar","v":"n"}," نئے پیغامات"],"one":"1 نیا پیغام","other":[{"t":"idOrVar","v":"n"}," نئے پیغامات"],"two":[{"t":"idOrVar","v":"n"}," نئے پیغامات"]},"$x":[{"t":"idOrVar","v":"plural"},"n"]},{"$i":"new-emails-notify-one-account","$v":{"few":[{"t":"idOrVar","v":"n"}," نئی میلز"],"many":[{"t":"idOrVar","v":"n"}," نئی میلز"],"one":"1 نئی ای میل","other":[{"t":"idOrVar","v":"n"}," نئی میلز"],"two":[{"t":"idOrVar","v":"n"}," نئی میلز"]},"$x":[{"t":"idOrVar","v":"plural"},"n"]},{"$i":"new-emails-notify-multiple-accounts","$v":{"few":[{"t":"idOrVar","v":"n"}," نئی میلز (",{"t":"idOrVar","v":"accountName"},")"],"many":[{"t":"idOrVar","v":"n"}," نئی میلز (",{"t":"idOrVar","v":"accountName"},")"],"one":["1 نئی ای میل (",{"t":"idOrVar","v":"accountName"},")"],"other":[{"t":"idOrVar","v":"n"}," نئی میلز (",{"t":"idOrVar","v":"accountName"},")"],"two":[{"t":"idOrVar","v":"n"}," نئی میلز (",{"t":"idOrVar","v":"accountName"},")"]},"$x":[{"t":"idOrVar","v":"plural"},"n"]},{"$i":"new-emails-notify-multiple-accounts-body","$v":[{"t":"idOrVar","v":"from"}," “",{"t":"idOrVar","v":"subject"},"”"]},{"$i":"tng-plain-socket-warning-title","$v":"کیا آپ کو یقین ہے؟"},{"$i":"tng-plain-socket-warning-message","$v":"دوسرے لوگ آپ کے پاس ورڈز اور ای میلز کو دیکھنے یا آپ کے اکاؤنٹ کو کنٹرول کرنے کے قابل ہو سکتے ہیں۔"},{"$i":"tng-plain-socket-warning-message-options","$v":"ایسے بہت سارے ای میل فراہم کنندگان ہیں جو زیادہ محفوظ، خفیہ کاری شدہ کنیکشنز کی پیشکش کرتے ہیں۔"},{"$i":"tng-plain-socket-warning-ok","$v":"میں سمجھتا ہوں"},{"$i":"message-reader-date-received","ariaLabel":"موصول"},{"$i":"sort-by-title","$v":"ترتیب دیں بذریعے"},{"$i":"sort-by-date","$v":"تاریخ"},{"$i":"sort-by-from","$v":"سے"},{"$i":"sort-by-to","$v":"بنام"},{"$i":"sort-by-subject","$v":"موضوع"},{"$i":"softkey-options","$v":"اختیارات"},{"$i":"opt-compose","$v":"کمپوز کریں"},{"$i":"opt-reply","$v":"جواب دیں"},{"$i":"opt-reply-all","$v":"تمام کو جواب دیں"},{"$i":"opt-forward","$v":"فارورڈ کریں"},{"$i":"opt-mark-read","$v":"بطور پڑھا ہوا مارک کریں"},{"$i":"opt-mark-unread","$v":"بطور بغیر پڑھا ہوا مارک کریں"},{"$i":"opt-add-flag","$v":"جھنڈا شامل کریں"},{"$i":"opt-remove-flag","$v":"جھنڈا ہٹائیں"},{"$i":"opt-move-message","$v":"فولڈر میں منتقل کریں"},{"$i":"opt-delete-message","$v":"حذف کریں"},{"$i":"opt-multi-select","$v":"متعدد منتخب کریں"},{"$i":"opt-search","$v":"تلاش"},{"$i":"opt-folders","$v":"فولڈرز دیکھیں"},{"$i":"opt-sort","$v":"چھنانٹیں"},{"$i":"opt-sync","$v":"ہم وقت سازی کریں"},{"$i":"opt-account","$v":"اکاؤنٹ سوئچ کریں"},{"$i":"opt-settings","$v":"ترتیبات"},{"$i":"opt-edit","$v":"ترمیم کریں"},{"$i":"opt-cancel","$v":"منسوخ کریں"},{"$i":"opt-save","$v":"محفوظ کریں"},{"$i":"opt-move","$v":"منتقل کریں"},{"$i":"opt-view","$v":"دیکھیں"},{"$i":"opt-empty-trash","$v":"خالی ٹریشن"},{"$i":"opt-call-number","$v":"کال کریں"},{"$i":"opt-compose-mail","$v":"کمپوز کریں"},{"$i":"opt-open-url","$v":"کھولیں"},{"$i":"select-option-on","$v":"آن"},{"$i":"select-option-off","$v":"آف"},{"$i":"select-option-imap-smtp","$v":"IMAP+SMTP"},{"$i":"select-option-pop3-smtp","$v":"POP3+SMTP"},{"$i":"select-option-activesync","$v":"ActiveSync"},{"$i":"toaster-switch-account","$v":"ای میل اکاؤنٹ کو میں بدلا گیا: "},{"$i":"toaster-sorted-by","$v":"پیغام کو چھانٹا گیا بلحاظ"},{"$i":"cmp-reply","$v":"جواب دیں"},{"$i":"cmp-reply-all","$v":"تمام کو جواب دیں"},{"$i":"cmp-forward","$v":"پیغام آگے بڑھائیں"},{"$i":"cmp-remove-attach","$v":"منسلکہ ہٹادیا گیا"},{"$i":"select","$v":"منتخب کریں"},{"$i":"deselect","$v":"غیر منتخب کریں"},{"$i":"cancel","$v":"منسوخ کریں"},{"$i":"enter","$v":"انداراج کریں"},{"$i":"remove-attachment","$v":"منسلکہ ہٹائیں"},{"$i":"replace-attachment","$v":"منسلکہ کو بدلیں"},{"$i":"add-attachment","$v":"منسلکہ شامل کریں"},{"$i":"add-contact","$v":"رابطہ شامل کریں"},{"$i":"add-cc","$v":"Cc شامل کریں"},{"$i":"remove-cc","$v":"Cc ہٹائیں"},{"$i":"add-bcc","$v":"Bcc شام کریں"},{"$i":"remove-bcc","$v":"Bcc ہٹائیں"},{"$i":"attachment-download","$v":"ڈاؤن لوڈ کریں"},{"$i":"attachment-share","$v":"اشتراک کریں"},{"$i":"send-new-mail","$v":"نئی میل بھیجیں"},{"$i":"view-contact","$v":"رابطہ دیکھیں"},{"$i":"save-new-contact","$v":"نیا رابطہ محفوظ کریں"},{"$i":"add-to-exsiting-contact","$v":"موجودہ رابطہ میں شامل کریں"},{"$i":"no","$v":"نہیں"},{"$i":"yes","$v":"ہاں"},{"$i":"retry","$v":"دوبارہ کوشش کریں"},{"$i":"empty","$v":"خالی"},{"$i":"empty-trash-confirm","$v":"کیا آپ ٹریش خالی کرنا چاہتے ہیں؟"},{"$i":"trash-emptied","$v":"ردی کو خالی کیا گیا"},{"$i":"next","$v":"اگلا"},{"$i":"welcome-header","$v":"ای میل"},{"$i":"welcome-msg","$v":"ای میل میں خوش آمدید۔"},{"$i":"welcome-msg-setup","$v":"اپنے ای میل اکاؤنٹ کو ترتیب دینے کے لئے اگلا دبائیں۔"},{"$i":"discard","$v":"رد کریں"},{"$i":"leave-this-page-warning-message","$v":"کیا آپ ای میل اکاؤنٹ کی معلومات مسترد کرنا چاہتے ہیں؟"},{"$i":"finish","$v":"مکمل کریں"},{"$i":"setup-done-msg","$v":"آپ نے کامیابی کے ساتھ سائن اِن کرلیا ہے۔ کیا آپ دوسرا اکاؤنٹ شامل کرنا چاہتے ہیں؟"},{"$i":"save-as-draft","$v":"ڈرافٹ کے طور پر محفوظ کریں"},{"$i":"show-password","$v":"پاس ورڈ دکھائیں"},{"$i":"account-label","$v":"اکاؤنٹ لیبل"},{"$i":"folders","$v":"فولڈرز"},{"$i":"security","$v":"سیکیورٹی"},{"$i":"port-number","$v":"پورٹ نمبر"},{"$i":"domain-username","$v":"ڈومین/یوزر نیم"},{"$i":"synchronizing","$v":"ہم وقت سازی کر رہا ہے..."},{"$i":"browse-mail","$v":"میل براؤز کریں"},{"$i":"never-sync","$v":"Local drafts are not synced to server."},{"$i":"emptyDownloadFile","$v":"اس فائل کو ڈاؤن لوڈ کرنے سے قاصر ہے، یہ خالی ہوسکتا ہے"},{"$i":"sync","$v":"مطابقت پذیری کریں"},{"$i":"outbox-unsent-label","$v":{"few":[{"t":"idOrVar","v":"n"}," آؤٹ باکس میں بغیر بھیجے ہوئے پیغامات"],"many":[{"t":"idOrVar","v":"n"}," آؤٹ باکس میں بغیر بھیجے ہوئے پیغامات"],"one":"آؤٹ باکس میں 1 بغیر بھیجا ہوا پیغام","other":[{"t":"idOrVar","v":"n"}," آؤٹ باکس میں بغیر بھیجے ہوئے پیغامات"],"two":"آؤٹ باکس میں 2 بغیر بھیجے ہوئے پیغامات"},"$x":[{"t":"idOrVar","v":"plural"},"n"]},{"$i":"storage-full-title","$v":"اسٹوریج بھر گیا ہے"},{"$i":"storage-full-warning","$v":"آپ مزید خالی جگہ حاصل کرنے کیلئے کچھ میڈیا فائلیں حذف کرسکتے ہیں یا ایپلیکیشن ڈیٹا کا نظم کرسکتے ہیں۔"},{"$i":"storage-full","$v":"فون اسٹوریج مکمل۔"},{"$i":"storage-sdcard-full","$v":"ایس.ڈی کارڈ بھر ہوا ہے۔"},{"$i":"view-address","$v":"پتہ دیکھیں"},{"$i":"mail-address-title","$v":"ای میل ایڈریس"},{"$i":"mail-address","$v":[{"t":"idOrVar","v":"address"}]},{"$i":"value-name","$v":[{"t":"idOrVar","v":"name"}]},{"$i":"account-deleted","$v":"اکاؤنٹ حذف کر دیا گیا۔"},{"$i":"account-reEnable","$v":"اکاؤنٹ پہلے ہی موجود ہے۔ اکاؤنٹ ای میل کو سنک کریں؟"},{"$i":"setup-account-usedInfo","$v":"یہ اکاؤنٹ مندرجہ ذیل اپلی کیشنز کے لئے استعمال کیا جائے گا۔ آپ یہ سیٹنگز>اکاؤنٹ میں تبدیل کر سکتے ہے۔"},{"$i":"setup-account-settingsInfo","$v":"ہر اپلی کیشن کا مختلف ڈفالٹ مطابقت پذیری کا مرحلہ ہوتا ہے، براہ کرم اپلی کیشن کی سیٹنگز میں جانچ کریں۔"},{"$i":"app-calendar","$v":"کیلنڈر"},{"$i":"app-contacts","$v":"رابطے"},{"$i":"app-email","$v":"ای میل"},{"$i":"weekday-0-long","$v":"اتوار"},{"$i":"weekday-1-long","$v":"پیر"},{"$i":"weekday-2-long","$v":"منگل"},{"$i":"weekday-3-long","$v":"بدھ"},{"$i":"weekday-4-long","$v":"جمعرات"},{"$i":"weekday-5-long","$v":"جمعہ"},{"$i":"weekday-6-long","$v":"سنیچر"},{"$i":"weekday-0-short","$v":"اتوار"},{"$i":"weekday-1-short","$v":"پیر"},{"$i":"weekday-2-short","$v":"منگل"},{"$i":"weekday-3-short","$v":"بدھ"},{"$i":"weekday-4-short","$v":"جمعرات"},{"$i":"weekday-5-short","$v":"جمعہ"},{"$i":"weekday-6-short","$v":"ہفتہ"},{"$i":"month-0-long","$v":"جنوری"},{"$i":"month-1-long","$v":"فروری"},{"$i":"month-2-long","$v":"مارچ"},{"$i":"month-3-long","$v":"اپریل"},{"$i":"month-4-long","$v":"مئی"},{"$i":"month-5-long","$v":"جون"},{"$i":"month-6-long","$v":"جولائی"},{"$i":"month-7-long","$v":"اگست"},{"$i":"month-8-long","$v":"ستمبر"},{"$i":"month-9-long","$v":"اکتوبر"},{"$i":"month-10-long","$v":"نومبر"},{"$i":"month-11-long","$v":"دسمبر"},{"$i":"month-0-genitive","$v":"جنوری"},{"$i":"month-1-genitive","$v":"فروری"},{"$i":"month-2-genitive","$v":"مارچ"},{"$i":"month-3-genitive","$v":"اپریل"},{"$i":"month-4-genitive","$v":"مئی"},{"$i":"month-5-genitive","$v":"جون"},{"$i":"month-6-genitive","$v":"جولائی"},{"$i":"month-7-genitive","$v":"اگست"},{"$i":"month-8-genitive","$v":"ستمبر"},{"$i":"month-9-genitive","$v":"اکتوبر"},{"$i":"month-10-genitive","$v":"نومبر"},{"$i":"month-11-genitive","$v":"دسمبر"},{"$i":"month-0-short","$v":"جنوری"},{"$i":"month-1-short","$v":"فروری"},{"$i":"month-2-short","$v":"مارچ"},{"$i":"month-3-short","$v":"اپریل"},{"$i":"month-4-short","$v":"مئی"},{"$i":"month-5-short","$v":"جون"},{"$i":"month-6-short","$v":"جولائی"},{"$i":"month-7-short","$v":"اگست"},{"$i":"month-8-short","$v":"ستمبر"},{"$i":"month-9-short","$v":"اکتوبر"},{"$i":"month-10-short","$v":"نومبر"},{"$i":"month-11-short","$v":"دسمبر"},{"$i":"minutes-ago-long","$v":{"few":[{"t":"idOrVar","v":"value"}," منٹس قبل"],"many":[{"t":"idOrVar","v":"value"}," منٹس قبل"],"one":"ایک منٹ قبل","other":[{"t":"idOrVar","v":"value"}," منٹس قبل"],"two":[{"t":"idOrVar","v":"value"}," منٹس قبل"],"zero":"ابھی ابھی"},"$x":[{"t":"idOrVar","v":"plural"},"value"]},{"$i":"hours-ago-long","$v":{"few":[{"t":"idOrVar","v":"value"}," گھنٹوں قبل"],"many":[{"t":"idOrVar","v":"value"}," گھنٹوں قبل"],"one":"ایک گھنٹہ قبل","other":[{"t":"idOrVar","v":"value"}," گھنٹوں قبل"],"two":[{"t":"idOrVar","v":"value"}," گھنٹوں قبل"],"zero":"ابھی ابھی"},"$x":[{"t":"idOrVar","v":"plural"},"value"]},{"$i":"days-ago-long","$v":{"few":[{"t":"idOrVar","v":"value"}," دن قبل"],"many":[{"t":"idOrVar","v":"value"}," دن قبل"],"one":"گزشتہ کل","other":[{"t":"idOrVar","v":"value"}," دن قبل"],"two":[{"t":"idOrVar","v":"value"}," دن قبل"],"zero":"آج"},"$x":[{"t":"idOrVar","v":"plural"},"value"]},{"$i":"weeks-ago-long","$v":{"few":[{"t":"idOrVar","v":"value"}," ہفتے قبل"],"many":[{"t":"idOrVar","v":"value"}," ہفتے قبل"],"one":"آخری ہفتہ","other":[{"t":"idOrVar","v":"value"}," ہفتے قبل"],"two":[{"t":"idOrVar","v":"value"}," ہفتے قبل"],"zero":"اس ہفتہ"},"$x":[{"t":"idOrVar","v":"plural"},"value"]},{"$i":"months-ago-long","$v":{"few":[{"t":"idOrVar","v":"value"}," مہینہ قبل"],"many":[{"t":"idOrVar","v":"value"}," مہینہ قبل"],"one":"آخری مہینہ","other":[{"t":"idOrVar","v":"value"}," مہینہ قبل"],"two":[{"t":"idOrVar","v":"value"}," مہینہ قبل"],"zero":"اس ماہ"},"$x":[{"t":"idOrVar","v":"plural"},"value"]},{"$i":"years-ago-long","$v":{"few":[{"t":"idOrVar","v":"value"}," سال قبل"],"many":[{"t":"idOrVar","v":"value"}," سال قبل"],"one":"آخری سال","other":[{"t":"idOrVar","v":"value"}," سال قبل"],"two":[{"t":"idOrVar","v":"value"}," سال قبل"],"zero":"اس سال"},"$x":[{"t":"idOrVar","v":"plural"},"value"]},{"$i":"minutes-until-long","$v":{"few":[{"t":"idOrVar","v":"value"}," منٹوں میں"],"many":[{"t":"idOrVar","v":"value"}," منٹوں میں"],"one":"ایک منٹ میں","other":[{"t":"idOrVar","v":"value"}," منٹوں میں"],"two":[{"t":"idOrVar","v":"value"}," منٹوں میں"],"zero":"ابھی"},"$x":[{"t":"idOrVar","v":"plural"},"value"]},{"$i":"hours-until-long","$v":{"few":[{"t":"idOrVar","v":"value"}," گھنٹوں میں"],"many":[{"t":"idOrVar","v":"value"}," گھنٹوں میں"],"one":"ایک گھٹے میں","other":[{"t":"idOrVar","v":"value"}," گھنٹوں میں"],"two":[{"t":"idOrVar","v":"value"}," گھنٹوں میں"],"zero":"ابھی"},"$x":[{"t":"idOrVar","v":"plural"},"value"]},{"$i":"days-until-long","$v":{"few":[{"t":"idOrVar","v":"value"}," دنوں میں"],"many":[{"t":"idOrVar","v":"value"}," دنوں میں"],"one":"tomorrow","other":[{"t":"idOrVar","v":"value"}," دنوں میں"],"two":[{"t":"idOrVar","v":"value"}," دنوں میں"],"zero":"آج"},"$x":[{"t":"idOrVar","v":"plural"},"value"]},{"$i":"weeks-until-long","$v":{"few":[{"t":"idOrVar","v":"value"}," ہفتوں میں"],"many":[{"t":"idOrVar","v":"value"}," ہفتوں میں"],"one":"اگلے ہفتے","other":[{"t":"idOrVar","v":"value"}," ہفتوں میں"],"two":[{"t":"idOrVar","v":"value"}," ہفتوں میں"],"zero":"اس ہفتہ"},"$x":[{"t":"idOrVar","v":"plural"},"value"]},{"$i":"months-until-long","$v":{"few":[{"t":"idOrVar","v":"value"}," مہینوں میں"],"many":[{"t":"idOrVar","v":"value"}," مہینوں میں"],"one":"اگلے ماہ","other":[{"t":"idOrVar","v":"value"}," مہینوں میں"],"two":[{"t":"idOrVar","v":"value"}," مہینوں میں"],"zero":"اس ماہ"},"$x":[{"t":"idOrVar","v":"plural"},"value"]},{"$i":"years-until-long","$v":{"few":[{"t":"idOrVar","v":"value"}," سالوں میں"],"many":[{"t":"idOrVar","v":"value"}," سالوں میں"],"one":"اگلے سال","other":[{"t":"idOrVar","v":"value"}," سالوں میں"],"two":[{"t":"idOrVar","v":"value"}," سالوں میں"],"zero":"اس سال"},"$x":[{"t":"idOrVar","v":"plural"},"value"]},{"$i":"minutes-ago-short","$v":{"other":[{"t":"idOrVar","v":"value"}," منٹ قبل"],"zero":"ابھی ابھی"},"$x":[{"t":"idOrVar","v":"plural"},"value"]},{"$i":"hours-ago-short","$v":{"other":[{"t":"idOrVar","v":"value"}," گھنٹہ قبل"],"zero":"ابھی ابھی"},"$x":[{"t":"idOrVar","v":"plural"},"value"]},{"$i":"days-ago-short","$v":{"other":[{"t":"idOrVar","v":"value"}," دن قبل"],"zero":"آج"},"$x":[{"t":"idOrVar","v":"plural"},"value"]},{"$i":"minutes-until-short","$v":{"other":[{"t":"idOrVar","v":"value"}," منٹ میں"],"zero":"ابھی"},"$x":[{"t":"idOrVar","v":"plural"},"value"]},{"$i":"hours-until-short","$v":{"other":[{"t":"idOrVar","v":"value"}," گھنٹے میں"],"zero":"ابھی"},"$x":[{"t":"idOrVar","v":"plural"},"value"]},{"$i":"days-until-short","$v":{"other":[{"t":"idOrVar","v":"value"}," دن میں"],"zero":"آج"},"$x":[{"t":"idOrVar","v":"plural"},"value"]},{"$i":"incorrectDate","$v":"(غلط تاریخ)"},{"$i":"dateTimeFormat_%c","$v":"%a %b %e %Y %I:%M:%S %p"},{"$i":"dateTimeFormat_%x","$v":"%m/%d/%Y"},{"$i":"dateTimeFormat_%X","$v":"%I:%M:%S %p"},{"$i":"shortTimeFormat","$v":"%I:%M %p"},{"$i":"shortTimeFormat12","$v":"%I:%M %p"},{"$i":"shortTimeFormat24","$v":"%H:%M"},{"$i":"shortDateTimeFormat","$v":"%x %I:%M %p"},{"$i":"weekStartsOnMonday","$v":"0.0"},{"$i":"firstDayOfTheWeek","$v":"0.0"},{"$i":"time_am","$v":"صبح"},{"$i":"time_pm","$v":"شام"}]