[{"$i":"setup-app-name-header","$v":"Э-почта"},{"$i":"setup-empty-account-message","$v":"Хат юбориш ёки олишга тайёр эмассиз. Амални бажариш учун ҳисобни созланг."},{"$i":"setup-pick-service","$v":"Почта юбориш ва олиш учун ҳисобни созлаш лозим."},{"$i":"setup-account-header3","$v":"Hisob qaydnomasi"},{"$i":"setup-account-password","$v":"Парол"},{"$i":"setup-info-next","$v":"Кейинги"},{"$i":"setup-progress-wait-msg","$v":"Ҳисоб созлаш"},{"$i":"setup-sync-progress-wait-msg","$v":"Хисобни синхронлаш"},{"$i":"setup-completed-header","$v":"Табриклаймиз!"},{"$i":"setup-completed-label","$v":"Тайёр!"},{"$i":"setup-add-another-account","$v":"Бошқа ҳисоб қўшиш"},{"$i":"setup-show-mail","$v":"Э-почтага ўтиш"},{"$i":"setup-done-add","$v":"Ҳисоб қўшиш"},{"$i":"setup-error-offline","$v":"Қурилма офлайнда. Интернетга уланиб, қайта урининг."},{"$i":"setup-error-bad-user-or-pass2","$v":"Фойдаланувчи номи ёки парол хато. Текширинг."},{"$i":"setup-error-bad-address","$v":"Э-почта манзили хато. Имлосини текширинг."},{"$i":"setup-error-not-authorized","$v":"Серверга кўра, ҳисоб яратишга рухсатингиз йўқ"},{"$i":"setup-error-pop-server-not-great","$v":"Сервер мос эмас. POP3 сервери керакли функцияларни бажармайди."},{"$i":"setup-error-unknown2","$v":"Номаълум хато юз берди. Интернет уланишини текширинг ёки қўлда созланг."},{"$i":"setup-error-needs-app-pass","$v":"Икки босқичли Gmail ҳисобларида иловага хос парол ишлатинг"},{"$i":"setup-error-imap-disabled","$v":"Gmail ҳисоби учун IMAP ёқилиши керак"},{"$i":"setup-error-pop3-disabled","$v":"Gmail ҳисоби учун POP3 ёқилиши керак"},{"$i":"setup-error-bad-security","$v":["“",{"t":"idOrVar","v":"server"},"” билан хавфсиз алоқа ўрнатиб бўлмади. Тармоқ ёки серверда муаммо бўлиши мумкин."]},{"$i":"setup-error-unresponsive-server","$v":["“",{"t":"idOrVar","v":"server"},"” билан алоқа ўрнатиб бўлмади. Тармоқ билан муаммо бўлиши мумкин."]},{"$i":"setup-error-server-problem","$v":["“",{"t":"idOrVar","v":"server"},"” сервери билан муаммо бор. Кейинроқ урининг."]},{"$i":"setup-error-no-config-info","$v":"Ҳисобингизни автоматик созлаб бўлмади. Э-почта манзилини тўғриланг ёки қўлда созланг."},{"$i":"setup-error-server-maintenance","$v":["“",{"t":"idOrVar","v":"server"},"” сервери профилактикада. Кейинроқ урининг."]},{"$i":"setup-error-account-already-exists","$v":"Бу ҳисоб созлаб бўлинган."},{"$i":"setup-manual-config2","$v":"Кенгайтирилган"},{"$i":"setup-manual-config-header","$v":"Hisob qaydnomasi"},{"$i":"setup-manual-account-type-header","$v":"Ҳисоб тури"},{"$i":"setup-manual-account-type","$v":"Ҳисоб тури"},{"$i":"setup-manual-account-type-select","ariaLabel":"Ҳисоб тури"},{"$i":"setup-manual-imap-header","$v":"IMAP созламалари"},{"$i":"setup-manual-pop3-header","$v":"POP3 созламалари"},{"$i":"setup-manual-smtp-header","$v":"SMTP созламалари"},{"$i":"setup-manual-activesync-header","$v":"ActiveSync созламалари"},{"$i":"setup-manual-next","$v":"Кейинги"},{"$i":"setup-manual-socket","$v":"Сокет тури"},{"$i":"setup-manual-socket-ssl","$v":"SSL"},{"$i":"setup-manual-socket-starttls","$v":"STARTTLS"},{"$i":"setup-manual-socket-select","ariaLabel":"Уланиш хавфсизлиги"},{"$i":"setup-manual-socket-plain","$v":"Шифрланмаган"},{"$i":"setup-bad-password-header","$v":"Парол ёмон!"},{"$i":"setup-bad-password","$v":"Серверга кириб бўлмади. Паролни қайта киритинг."},{"$i":"setup-new-password","placeholder":"Янги парол"},{"$i":"setup-fix-password","$v":"Янги парол билан уриниш"},{"$i":"setup-gmail-twofactor-header","$v":"Икки босқич ёқилди"},{"$i":"setup-gmail-twofactor-message","$v":"Қуйида иловага хос паролни киритиш керак."},{"$i":"setup-gmail-imap-header","$v":"IMAP ўчирилган"},{"$i":"setup-gmail-imap-message","$v":"Gmail ҳисобида IMAP ёқилиши керак"},{"$i":"setup-gmail-retry","$v":"Қайта уриниш"},{"$i":"setup-gmail-pop3-header","$v":"POP3 ўчирилган"},{"$i":"setup-gmail-pop3-message","$v":"Gmail ҳисобида POP3 ёқилиши керак"},{"$i":"setup-fix-oauth2-header","$v":"Э-почта авторизацияси"},{"$i":"setup-fix-oauth2-description","$v":"Бу ҳисобга кириш учун э-почтани қайта авторизация қилиш керак:"},{"$i":"setup-fix-oauth2-reauthorize","$v":"Қайта авторизация"},{"$i":"settings-main-header","$v":"Э-почта созламалари"},{"$i":"settings-sub-header-account","$v":"Ҳисоб"},{"$i":"settings-account-group","ariaLabel":"Ҳисоб"},{"$i":"settings-account-name","$v":"Исмингиз"},{"$i":"settings-account-label","$v":"Ҳисоб ёрлиғи"},{"$i":"settings-account-display-notifications","$v":"Янги хат билдиришномасини кўрсатиш"},{"$i":"settings-account-play-sound-onsend","$v":"Хат юборилганида товуш чиқарилсин"},{"$i":"settings-account-signature-label","$v":"Имзо"},{"$i":"settings-sub-header-data","$v":"Маълумот"},{"$i":"settings-data-group","ariaLabel":"Ахборот"},{"$i":"settings-account-check-mail","$v":"Янги хатларни текшириш"},{"$i":"settings-account-check-mail-select","ariaLabel":"Янги хатларни текшириш"},{"$i":"settings-sub-header-server","$v":"Сервер созламалари"},{"$i":"settings-server-group","ariaLabel":"Сервер созламалари"},{"$i":"settings-account-userpass","$v":"Фойдаланувчи номи ва парол"},{"$i":"settings-account-useroauth2","$v":"Фойдаланувчи номи"},{"$i":"settings-default-signature-2","$v":"Телефонимдан юборилди"},{"$i":"settings-done","$v":"Тайёр"},{"$i":"settings-account-section","$v":"Ҳисоблар"},{"$i":"settings-account-listbox","ariaLabel":"Ҳисоблар"},{"$i":"settings-account-add","$v":"Қўшиш"},{"$i":"settings-account-delete","$v":"Ҳисобни ўчириш"},{"$i":"settings-account-delete-prompt","$v":["Ҳақиқатан ҳам ",{"t":"idOrVar","v":"account"}," почта ҳисобини ўчирасизми?"]},{"$i":"settings-account-delete-desc","$v":"Ҳисобни қайта яратсангиз, хатларни яна юклаб оласиз."},{"$i":"settings-account-delete-cancel","$v":"Бекор"},{"$i":"settings-account-delete-confirm","$v":"Ўчириш"},{"$i":"settings-account-clarify","$v":[{"t":"idOrVar","v":"account-name"}]},{"$i":"settings-account-clarify-imap","$v":[{"t":"idOrVar","v":"account-name"}," (IMAP)"]},{"$i":"settings-account-clarify-pop3","$v":[{"t":"idOrVar","v":"account-name"}," (POP3)"]},{"$i":"settings-account-clarify-smtp","$v":[{"t":"idOrVar","v":"account-name"}," (SMTP)"]},{"$i":"settings-general-section","$v":"Умумий созламалар"},{"$i":"settings-show-images","$v":"Расмлар доим кўрсатилсин"},{"$i":"settings-download-attachments","$v":"Бириктирмаларни юклаб олиш"},{"$i":"settings-check-every-5min","$v":"Ҳар 5 дақиқа"},{"$i":"settings-check-every-10min","$v":"Ҳар 10 дақиқа"},{"$i":"settings-check-every-15min","$v":"Ҳар 15 дақиқа"},{"$i":"settings-check-every-30min","$v":"Ҳар 30 дақиқа"},{"$i":"settings-check-every-60min","$v":"Ҳар соатда"},{"$i":"settings-check-every-manual","$v":"Қўлда"},{"$i":"settings-check-dynamic","$v":{"few":[{"t":"idOrVar","v":"n"}," сония"],"many":[{"t":"idOrVar","v":"n"}," сония"],"one":[{"t":"idOrVar","v":"n"}," сония"],"other":[{"t":"idOrVar","v":"n"}," сония"],"two":[{"t":"idOrVar","v":"n"}," сония"],"zero":"ўчиқ"},"$x":[{"t":"idOrVar","v":"plural"},"n"]},{"$i":"settings-default-account","$v":"Одатий э-почта деб белгилаш"},{"$i":"settings-account-type","$v":"Ҳисоб тури"},{"$i":"settings-account-credentials","$v":"Маълумотлар"},{"$i":"settings-activesync-label","$v":"ActiveSync созламалари"},{"$i":"settings-imap-label","$v":"IMAP созламалари"},{"$i":"settings-pop3-label","$v":"POP3 созламалари"},{"$i":"settings-smtp-label","$v":"SMTP созламалари"},{"$i":"settings-hostname","$v":"Хост номи"},{"$i":"settings-port","$v":"Порт"},{"$i":"settings-username","$v":"Фойдаланувчи номи"},{"$i":"settings-password","$v":"Парол"},{"$i":"settings-save","$v":"Сақлаш"},{"$i":"password-saved","$v":"Парол саqланди."},{"$i":"settings-reauth","$v":"Қайта авторизация"},{"$i":"settings-account-synchronize-window","$v":"Синхронлашга қолган кун"},{"$i":"settings-account-synchronize-window-select","ariaLabel":"Синхронлашга қолган кун"},{"$i":"settings-synchronize-auto","$v":"Автоматик"},{"$i":"settings-synchronize-one-day","$v":"1 кун"},{"$i":"settings-synchronize-three-days","$v":"3 кун"},{"$i":"settings-synchronize-one-week","$v":"1 ҳафта"},{"$i":"settings-synchronize-two-weeks","$v":"2 ҳафта"},{"$i":"settings-synchronize-one-month","$v":"1 ой"},{"$i":"settings-synchronize-all","$v":"Барча хатлар"},{"$i":"envelope-from","$v":"Кимдан"},{"$i":"envelope-to","$v":"Кимга"},{"$i":"envelope-cc","$v":"Нусхаси"},{"$i":"envelope-bcc","$v":"Яширин нусхаси"},{"$i":"message-header-state-sending","ariaLabel":"Юборилмоқда"},{"$i":"message-header-state-error","ariaLabel":"Юборишда хато"},{"$i":"message-header-unread","ariaLabel":"Ўқилмаган"},{"$i":"message-header-reply","ariaLabel":"Жавоб бериш"},{"$i":"message-header-forward","ariaLabel":"Йўллаш"},{"$i":"message-header-starred","ariaLabel":"Юлдузчали"},{"$i":"message-header-attachments","ariaLabel":"Бириктирмали"},{"$i":"message-body-container","ariaLabel":"Хат матни"},{"$i":"message-body-container-progress","ariaValueText":"Юкланмоқда"},{"$i":"subject","ariaLabel":"Мавзу"},{"$i":"attachments-container","ariaLabel":"Бириктирмалар"},{"$i":"from-group","ariaLabel":"Кимдан"},{"$i":"to-group","ariaLabel":"Кимга"},{"$i":"cc-group","ariaLabel":"НУСХАСИ"},{"$i":"bcc-group","ariaLabel":"ЯШИРИН НУСХАСИ"},{"$i":"compose-header","$v":"Хат ёзиш"},{"$i":"compose-header-short","$v":"Ёзиш"},{"$i":"compose-send","$v":"Юбориш"},{"$i":"compose-send-button","ariaLabel":"Юбориш"},{"$i":"compose-to","$v":"Кимга"},{"$i":"compose-cc","$v":"Нусхаси"},{"$i":"compose-bcc","$v":"Яширин нусхаси"},{"$i":"compose-cc-remove","$v":"СС рўйхати ўчириб ташланди."},{"$i":"compose-bcc-remove","$v":"ВСС рўйхати ўчириб ташланди."},{"$i":"compose-contact-add","ariaLabel":"Контакт қўшиш"},{"$i":"compose-attachments","$v":{"few":["Бириктирмалар (",{"t":"idOrVar","v":"n"},")"],"many":["Бириктирмалар (",{"t":"idOrVar","v":"n"},")"],"one":["Бириктирма (",{"t":"idOrVar","v":"n"},")"],"other":["Бириктирмалар (",{"t":"idOrVar","v":"n"},")"],"two":["Бириктирмалар (",{"t":"idOrVar","v":"n"},")"],"zero":"Бириктирма"},"$x":[{"t":"idOrVar","v":"plural"},"n"]},{"$i":"compose-text","ariaLabel":"Таҳрир"},{"$i":"compose-attachment-still-working","$v":"Кутинг, олдинги бириктирма бажарилмоқда..."},{"$i":"compose-attachment-loading","$v":"Илова ыукланмоqда ..."},{"$i":"compose-attachments-loading","$v":"Иловалар ыукланмоqда ..."},{"$i":"compose-forward-attachment-error-title","$v":"Юклаб олинмади."},{"$i":"compose-forward-attachment-error-title2","$v":"Хато"},{"$i":"compose-forward-attachment-unable-load","$v":"Бириктирмани юклаш имконсиз."},{"$i":"compose-forward-attachments-unable-load","$v":"Бириктирмаларни юклаш имконсиз."},{"$i":"compose-forward-attachment-load-error","$v":"Айрим бириктирмаларни юклаш имконсиз."},{"$i":"confirmation-title","$v":"Тасдиқ"},{"$i":"compose-subject","$v":"Мавзу"},{"$i":"compose-draft-save","$v":"Локал қораламага сақлансинми?"},{"$i":"compose-discard-confirm","$v":"Воз кечиш"},{"$i":"compose-draft-dialog-cancel","$v":"Бекор"},{"$i":"compose-draft-dialog-save","$v":"Сақлаш"},{"$i":"composer-draft-saved","$v":"Хат локал қораламага сақланди"},{"$i":"attention","$v":"Диққат"},{"$i":"compose-send-message-failed","$v":"Хат юборилмади"},{"$i":"compose-attchment-size-exceeded","$v":"Танланган бириктирма бу хатда юборишга катталик қилади."},{"$i":"compose-attchments-size-exceeded","$v":"Танланган бириктирмалар бу хатда юборишга катталик қилади. Камроғини танланг."},{"$i":"composer-attachment-large-title","$v":"Шрифт ўлчами жуда катта"},{"$i":"default-attachment-filename","$v":["бириктирма",{"t":"idOrVar","v":"n"}]},{"$i":"attachment-size-meb","$v":[{"t":"idOrVar","v":"megabytes"}," МБ"]},{"$i":"attachment-size-kib","$v":[{"t":"idOrVar","v":"kilobytes"}," КБ"]},{"$i":"attachment-size-byte","$v":[{"t":"idOrVar","v":"bytes"}," Б"]},{"$i":"message-attachment-view","$v":"Кўриш"},{"$i":"message-attachment-did-not-open-label","$v":"Очиб бўлмайди"},{"$i":"message-attachment-did-not-open-body","$v":"Қурилмада бириктирмани очишга илова йўқ."},{"$i":"message-attachment-too-large","$v":"Бу файл юклаб олишга катталик қилади."},{"$i":"message-attachment-not-found","$v":"Бириктирилган файл топилмади, ўчириб ташланган шекилли."},{"$i":"message-attachment-download-fail","$v":[{"t":"idOrVar","v":"fileName"}," -Юклаб олишда хато"]},{"$i":"message-no-subject","$v":"(мавзусиз)"},{"$i":"message-edit-menu-edit","$v":"Таҳрир"},{"$i":"message-edit-menu-delete","$v":"Ўчириш"},{"$i":"message-edit-delete-confirm","$v":"Хат ўчирилсинми?"},{"$i":"message-forward-attachment-title","$v":"Бириктирма"},{"$i":"message-forward-attachment","$v":"Бириктирма ҳам йўллансинми?"},{"$i":"message-forward-attachments","$v":"Бириктирмалар ҳам йўллансинми?"},{"$i":"message-multiedit-header","$v":{"few":[{"t":"idOrVar","v":"n"}," та танланди"],"many":[{"t":"idOrVar","v":"n"}," та танланди"],"one":[{"t":"idOrVar","v":"n"}," та танланди"],"other":[{"t":"idOrVar","v":"n"}," та танланди"],"two":[{"t":"idOrVar","v":"n"}," та танланди"],"zero":[{"t":"idOrVar","v":"n"}," та танланди"]},"$x":[{"t":"idOrVar","v":"plural"},"n"]},{"$i":"message-multiedit-search-header","$v":{"few":[{"t":"idOrVar","v":"n"}," та танланди"],"many":[{"t":"idOrVar","v":"n"}," та танланди"],"one":[{"t":"idOrVar","v":"n"}," та танланди"],"other":[{"t":"idOrVar","v":"n"}," та танланди"],"two":[{"t":"idOrVar","v":"n"}," та танланди"],"zero":"0 та танланди"},"$x":[{"t":"idOrVar","v":"plural"},"n"]},{"$i":"browse-to-url-prompt","$v":["URLга борилсинми?: ",{"t":"idOrVar","v":"url"}]},{"$i":"message-download-images-tap","$v":{"few":["Бу хатда ",{"t":"idOrVar","v":"n"}," та расм бор. Юклаб олиш учун тегинг."],"many":["Бу хатда ",{"t":"idOrVar","v":"n"}," та расм бор. Юклаб олиш учун тегинг."],"one":"Бу хатда битта расм бор. Юклаб олиш учун тегинг.","other":["Бу хатда ",{"t":"idOrVar","v":"n"}," та расм бор. Юклаб олиш учун тегинг."],"two":["Бу хатда ",{"t":"idOrVar","v":"n"}," та расм бор. Юклаб олиш учун тегинг."]},"$x":[{"t":"idOrVar","v":"plural"},"n"]},{"$i":"message-show-external-images","$v":"Ташқи расмларни кўрсатиш"},{"$i":"message-delete-cancel","$v":"Бекор қилиш"},{"$i":"message-multiedit-delete-confirm","$v":{"few":[{"t":"idOrVar","v":"n"}," та хабар ўчирилсинми?"],"many":[{"t":"idOrVar","v":"n"}," та хабар ўчирилсинми?"],"one":"Танланган хабар ўчирилсинми?","other":[{"t":"idOrVar","v":"n"}," та хабар ўчирилсинми?"],"two":[{"t":"idOrVar","v":"n"}," та хабар ўчирилсинми?"]},"$x":[{"t":"idOrVar","v":"plural"},"n"]},{"$i":"message-large-message-cancel","$v":"Бекор"},{"$i":"message-large-message-ok","$v":"Давом этиш"},{"$i":"message-large-message-confirm","$v":"Бу хат катта, юклаб олишга вақт кетади."},{"$i":"message-large-message-warning","$v":"Бу хабар юклаш учун жуда катталик қилади."},{"$i":"message-search-header","$v":"Қидирув"},{"$i":"search-result","$v":[{"t":"idOrVar","v":"num"}," та моси топилди"]},{"$i":"message-search-from","$v":"Кимдан"},{"$i":"message-search-to","$v":"Кимга"},{"$i":"message-search-subject","$v":"Мавзу"},{"$i":"message-search-body","$v":"Матни"},{"$i":"message-search-all","$v":"Ҳамма"},{"$i":"message-search-input","placeholder":"Хат қидириш"},{"$i":"message-search-cancel","$v":"Бекор"},{"$i":"messages-syncing","$v":"Хатлар юкланмоқда"},{"$i":"messages-syncing-progressbar","ariaValueText":"Хатлар юкланмоқда"},{"$i":"messages-load-more","$v":"Яна хатларни юклаш"},{"$i":"messages-folder-empty","$v":"Бу жилдда хат йўқ"},{"$i":"messages-search-empty","$v":"Кешдаги хатларда моси чиқмади"},{"$i":"messages-folder-select","$v":"Жилдга кўчириш"},{"$i":"messages-folder-unread-max","$v":"999+"},{"$i":"message-contact-menu-create","$v":"Янги контактни сақлаш"},{"$i":"message-contact-menu-add-existing","$v":"Мавжуд контактга қўшиш"},{"$i":"message-contact-menu-view","$v":"Контактни кўриш"},{"$i":"message-contact-menu-reply","$v":"Жавоб бериш"},{"$i":"message-contact-menu-new","$v":"Янги хат юбориш"},{"$i":"message-reply-menu-reply","$v":"Жавоб бериш"},{"$i":"message-reply-menu-reply-all","$v":"Барчасига жавоб"},{"$i":"message-reply-menu-forward","$v":"Йўллаш"},{"$i":"message-reply-menu-cancel","$v":"Бекор"},{"$i":"reply-quoting-wrote","$v":"{name} ёзди"},{"$i":"forward-original-message","$v":"Асл хат"},{"$i":"forward-header-subject","$v":"Мавзу"},{"$i":"forward-header-date","$v":"Сана"},{"$i":"forward-header-from","$v":"Кимдан"},{"$i":"forward-header-reply-to","$v":"Жавоб"},{"$i":"forward-header-to","$v":"Кимга"},{"$i":"forward-header-cc","$v":"Нусхаси"},{"$i":"folder-inbox","$v":"Кирувчи"},{"$i":"folder-sent","$v":"Юборилган"},{"$i":"folder-drafts","$v":"Қораламалар"},{"$i":"folder-trash","$v":"Чиқитдон"},{"$i":"folder-queue","$v":"Юборилмаган"},{"$i":"folder-junk","$v":"Кераксиз"},{"$i":"folder-archives","$v":"Архивлар"},{"$i":"folder-localdrafts","$v":"Локал қоралама"},{"$i":"folder-outbox","$v":"Чиқувчи"},{"$i":"drawer-back","$v":"Орқага"},{"$i":"drawer-accounts-header","$v":"Ҳисоблар"},{"$i":"drawer-settings-link","$v":"Созламалар"},{"$i":"folder-last-synced-label","$v":"Охирги синх:"},{"$i":"messages-refresh-progress","ariaValueText":"Янгиланмоқда"},{"$i":"no-internet-connection","$v":"Интернет алоқаси мавжуд эмас."},{"$i":"toaster-undo","$v":"Ортга қайтариш"},{"$i":"toaster-message-star","$v":{"few":[{"t":"idOrVar","v":"n"}," та хатга байроқ қўйилди"],"many":[{"t":"idOrVar","v":"n"}," та хатга байроқ қўйилди"],"one":"Хатга байроқ қўйилди","other":[{"t":"idOrVar","v":"n"}," та хатга байроқ қўйилди"],"two":[{"t":"idOrVar","v":"n"}," та хатга байроқ қўйилди"]},"$x":[{"t":"idOrVar","v":"plural"},"n"]},{"$i":"toaster-message-unstar","$v":{"few":[{"t":"idOrVar","v":"n"}," та хат байроғи олиб ташланди"],"many":[{"t":"idOrVar","v":"n"}," та хат байроғи олиб ташланди"],"one":"Хат байроғи олиб ташланди","other":[{"t":"idOrVar","v":"n"}," та хат байроғи олиб ташланди"],"two":[{"t":"idOrVar","v":"n"}," та хат байроғи олиб ташланди"]},"$x":[{"t":"idOrVar","v":"plural"},"n"]},{"$i":"toaster-message-read","$v":{"few":[{"t":"idOrVar","v":"n"}," та хат ўқилган деб белгиланди"],"many":[{"t":"idOrVar","v":"n"}," та хат ўқилган деб белгиланди"],"one":"Хат ўқилган деб белгиланди","other":[{"t":"idOrVar","v":"n"}," та хат ўқилган деб белгиланди"],"two":[{"t":"idOrVar","v":"n"}," та хат ўқилган деб белгиланди"]},"$x":[{"t":"idOrVar","v":"plural"},"n"]},{"$i":"toaster-message-unread","$v":{"few":[{"t":"idOrVar","v":"n"}," та хат ўқилмаган деб белгиланди"],"many":[{"t":"idOrVar","v":"n"}," та хат ўқилмаган деб белгиланди"],"one":"Хат ўқилмаган деб белгиланди","other":[{"t":"idOrVar","v":"n"}," та хат ўқилмаган деб белгиланди"],"two":[{"t":"idOrVar","v":"n"}," та хат ўқилмаган деб белгиланди"]},"$x":[{"t":"idOrVar","v":"plural"},"n"]},{"$i":"toaster-message-move","$v":{"few":[{"t":"idOrVar","v":"n"}," та хат бу жилдга кўчирилди:"],"many":[{"t":"idOrVar","v":"n"}," та хат бу жилдга кўчирилди:"],"one":"Хат бу жилдга кўчирилди:","other":[{"t":"idOrVar","v":"n"}," та хат бу жилдга кўчирилди:"],"two":[{"t":"idOrVar","v":"n"}," та хат бу жилдга кўчирилди:"]},"$x":[{"t":"idOrVar","v":"plural"},"n"]},{"$i":"toaster-message-delete","$v":{"few":[{"t":"idOrVar","v":"n"}," та хат ўчирилди"],"many":[{"t":"idOrVar","v":"n"}," та хат ўчирилди"],"one":"1 та хат ўчирилди","other":[{"t":"idOrVar","v":"n"}," та хат ўчирилди"],"two":[{"t":"idOrVar","v":"n"}," та хат ўчирилди"]},"$x":[{"t":"idOrVar","v":"plural"},"n"]},{"$i":"toaster-sync-failed","$v":"Серверга уланиш имконсиз."},{"$i":"compose-invalid-addresses-title","$v":"Яроқсиз манзиллар"},{"$i":"compose-invalid-addresses-description","$v":"Хатда бир ёки бир нечта яроқсиз манзил бор. Юборишдан олдин тўғриланг."},{"$i":"background-send-pending","$v":"Тармоқ йўқ. Хат чиқувчига сақланди."},{"$i":"background-send-sending","$v":"Хат юборилмоқда…"},{"$i":"background-send-success","$v":"Хат юборилди."},{"$i":"background-send-error","$v":"Хато юз берди. Хат чиқувчига сақланди."},{"$i":"background-send-error-recipients","$v":"Олувчи хатоси. Хат чиқувчига сақланди."},{"$i":"background-send-error-title","$v":"Хат юборилмади"},{"$i":"send-failure-recipients","$v":"Юқоридаги манзиллар имлосини текширинг. Бир ёки бир нечтасининг нотўғрилигини сервер кўрсатди."},{"$i":"send-failure-unknown","$v":"Хабар юборилмади."},{"$i":"form-clear-input","$v":"Матнни олиб ташлаш"},{"$i":"confirm-dialog-title","$v":"Тасдиқ"},{"$i":"confirm-dialog-ok","$v":"OK"},{"$i":"msg-display-subject","$v":"Мавзу"},{"$i":"msg-reader-display-attachments","$v":"Бириктирмалар"},{"$i":"msg-reader-display-attachment","$v":"Бириктирма"},{"$i":"msg-reader-download-external-images","$v":["Ташқи расмларни юклаб олиш (",{"t":"idOrVar","v":"n"}," МБ)"]},{"$i":"msg-reader-sender-header","$v":"Кимдан"},{"$i":"msg-reader-recipients-header","$v":"Қабул қилувчилар"},{"$i":"msg-reader-cc-header","$v":"Нусхаси"},{"$i":"msg-reader-bcc-header","$v":"Яширин нусхаси"},{"$i":"msg-reader-message-flagged","$v":"Хатга байроқ қўйилди"},{"$i":"msg-reader-flag-removed","$v":"Байроқ олиб ташланди"},{"$i":"external-image-downloading","$v":"Юклаб олинмоқда..."},{"$i":"senders-separation-sign","$v":", "},{"$i":"new-messages","$v":{"few":[{"t":"idOrVar","v":"n"}," та янги хабар"],"many":[{"t":"idOrVar","v":"n"}," та янги хабар"],"one":"1 та янги хабар","other":[{"t":"idOrVar","v":"n"}," та янги хабар"],"two":[{"t":"idOrVar","v":"n"}," та янги хабар"]},"$x":[{"t":"idOrVar","v":"plural"},"n"]},{"$i":"new-emails-notify-one-account","$v":{"few":[{"t":"idOrVar","v":"n"}," та янги хат"],"many":[{"t":"idOrVar","v":"n"}," та янги хат"],"one":"1 та янги хат","other":[{"t":"idOrVar","v":"n"}," та янги хат"],"two":[{"t":"idOrVar","v":"n"}," та янги хат"]},"$x":[{"t":"idOrVar","v":"plural"},"n"]},{"$i":"new-emails-notify-multiple-accounts","$v":{"few":[{"t":"idOrVar","v":"n"}," та янги хат (",{"t":"idOrVar","v":"accountName"},")"],"many":[{"t":"idOrVar","v":"n"}," та янги хат (",{"t":"idOrVar","v":"accountName"},")"],"one":["1 та янги хат (",{"t":"idOrVar","v":"accountName"},")"],"other":[{"t":"idOrVar","v":"n"}," та янги хат (",{"t":"idOrVar","v":"accountName"},")"],"two":[{"t":"idOrVar","v":"n"}," та янги хат (",{"t":"idOrVar","v":"accountName"},")"]},"$x":[{"t":"idOrVar","v":"plural"},"n"]},{"$i":"new-emails-notify-multiple-accounts-body","$v":[{"t":"idOrVar","v":"from"}," “",{"t":"idOrVar","v":"subject"},"”"]},{"$i":"tng-plain-socket-warning-title","$v":"Бунга аминмисиз?"},{"$i":"tng-plain-socket-warning-message","$v":"Бошқалар парол ва хатларингизни кўриши ёки ҳисобингизни бошқариши мумкин."},{"$i":"tng-plain-socket-warning-message-options","$v":"Бундан хавфсизроқ, уланиши шифрли, бепул э-почта провайдерлари кўп."},{"$i":"tng-plain-socket-warning-ok","$v":"Тушунаман"},{"$i":"message-reader-date-received","ariaLabel":"Қабул қилинган"},{"$i":"sort-by-title","$v":"Саралаш"},{"$i":"sort-by-date","$v":"Сана"},{"$i":"sort-by-from","$v":"Кимдан"},{"$i":"sort-by-to","$v":"Кимга"},{"$i":"sort-by-subject","$v":"Мавзу"},{"$i":"softkey-options","$v":"Параметрлар"},{"$i":"opt-compose","$v":"Ёзиш"},{"$i":"opt-reply","$v":"Жавоб бериш"},{"$i":"opt-reply-all","$v":"Барчасига жавоб"},{"$i":"opt-forward","$v":"Йўллаш"},{"$i":"opt-mark-read","$v":"Ўқилган деб белгилаш"},{"$i":"opt-mark-unread","$v":"Ўқилмаган деб белгилаш"},{"$i":"opt-add-flag","$v":"Байроқ қўшиш"},{"$i":"opt-remove-flag","$v":"Байроқни олиб ташлаш"},{"$i":"opt-move-message","$v":"Жилдга кўчириш"},{"$i":"opt-delete-message","$v":"Ўчириш"},{"$i":"opt-multi-select","$v":"Бир нечтасини танлаш"},{"$i":"opt-search","$v":"Қидирув"},{"$i":"opt-folders","$v":"Жилдларни кўриш"},{"$i":"opt-sort","$v":"Саралаш"},{"$i":"opt-sync","$v":"Синхронлаш"},{"$i":"opt-account","$v":"Бошқа ҳисоб"},{"$i":"opt-settings","$v":"Созламалар"},{"$i":"opt-edit","$v":"Таҳрир"},{"$i":"opt-cancel","$v":"Бекор"},{"$i":"opt-save","$v":"Сақлаш"},{"$i":"opt-move","$v":"Кўчириш"},{"$i":"opt-view","$v":"Кўриш"},{"$i":"opt-empty-trash","$v":"Чиқитдонни бўшатиш"},{"$i":"opt-call-number","$v":"Чақирув"},{"$i":"opt-compose-mail","$v":"Ёзиш"},{"$i":"opt-open-url","$v":"Очиш"},{"$i":"select-option-on","$v":"Ёниқ"},{"$i":"select-option-off","$v":"Ўчиқ"},{"$i":"select-option-imap-smtp","$v":"IMAP+SMTP"},{"$i":"select-option-pop3-smtp","$v":"POP3+SMTP"},{"$i":"select-option-activesync","$v":"ActiveSync"},{"$i":"toaster-switch-account","$v":"Бу э-почта ҳисобига ўтилди:"},{"$i":"toaster-sorted-by","$v":"Хатлар саралаш тартиби"},{"$i":"cmp-reply","$v":"Жавоб бериш"},{"$i":"cmp-reply-all","$v":"Барчасига жавоб"},{"$i":"cmp-forward","$v":"Хатни йўллаш"},{"$i":"cmp-remove-attach","$v":"Бириктирма олиб ташланди"},{"$i":"select","$v":"Танлаш"},{"$i":"deselect","$v":"Белгини олиб ташлаш"},{"$i":"cancel","$v":"Бекор"},{"$i":"enter","$v":"Киритиш"},{"$i":"remove-attachment","$v":"Иловани ўчириш"},{"$i":"replace-attachment","$v":"Иловани алмаштириш"},{"$i":"add-attachment","$v":"Файл бириктириш"},{"$i":"add-contact","$v":"Контакт қўшиш"},{"$i":"add-cc","$v":"Нусхаси қўшиш"},{"$i":"remove-cc","$v":"Нусхасини олиб ташлаш"},{"$i":"add-bcc","$v":"Яширин нусхаси қўшиш"},{"$i":"remove-bcc","$v":"Яширин нусхасини олиб ташлаш"},{"$i":"attachment-download","$v":"Юклаб олиш"},{"$i":"attachment-share","$v":"Улашиш"},{"$i":"send-new-mail","$v":"Янги хат юбориш"},{"$i":"view-contact","$v":"Контактни кўриш"},{"$i":"save-new-contact","$v":"Янги контактни сақлаш"},{"$i":"add-to-exsiting-contact","$v":"Мавжуд контактга қўшиш"},{"$i":"no","$v":"Йўқ"},{"$i":"yes","$v":"Ҳа"},{"$i":"retry","$v":"Қайта уриниш"},{"$i":"empty","$v":"Бўш"},{"$i":"empty-trash-confirm","$v":"Чиқитдонни бўшатасизми?"},{"$i":"trash-emptied","$v":"Чиқитдон бўшатилди"},{"$i":"next","$v":"Кейинги"},{"$i":"welcome-header","$v":"Э-почта"},{"$i":"welcome-msg","$v":"Э-почтага хуш келибсиз."},{"$i":"welcome-msg-setup","$v":"Э-почтангизни созлаш учун Кейингисига босинг."},{"$i":"discard","$v":"Воз кечиш"},{"$i":"leave-this-page-warning-message","$v":"Э-почта ҳисоби маълумотидан воз кечасизми?"},{"$i":"finish","$v":"Якунлаш"},{"$i":"setup-done-msg","$v":"Тизимга кирдингиз. Бошқа ҳисоб қўшасизми?"},{"$i":"save-as-draft","$v":"Қоралама деб сақлаш"},{"$i":"show-password","$v":"Паролни кўрсатиш"},{"$i":"account-label","$v":"Ҳисоб ёрлиғи"},{"$i":"folders","$v":"Жилдлар"},{"$i":"security","$v":"Хавфсизлик"},{"$i":"port-number","$v":"Порт рақами"},{"$i":"domain-username","$v":"Домен\\Фойдаланувчи"},{"$i":"synchronizing","$v":"Синхронланмоқда..."},{"$i":"browse-mail","$v":"Хатни кезиш"},{"$i":"never-sync","$v":"Маҳаллий жилд синхронланмайди"},{"$i":"emptyDownloadFile","$v":"Файл олинмади, бўш бўлиши мумкин"},{"$i":"sync","$v":"Синхронлаш"},{"$i":"outbox-unsent-label","$v":{"few":["Чиқувчида ",{"t":"idOrVar","v":"n"}," та хат юборилмаган"],"many":["Чиқувчида ",{"t":"idOrVar","v":"n"}," та хат юборилмаган"],"one":"Чиқувчида 1 та хат юборилмаган","other":["Чиқувчида ",{"t":"idOrVar","v":"n"}," та хат юборилмаган"],"two":"Чиқувчида 2 та хат юборилмаган"},"$x":[{"t":"idOrVar","v":"plural"},"n"]},{"$i":"storage-full-title","$v":"Хотира тўлган"},{"$i":"storage-full-warning","$v":"Жой бўшатиш учун айрим файлларни ўчириш ёки дастур ахборотларини бошқариш мумкин."},{"$i":"storage-full","$v":"Телефон хотираси тўлган."},{"$i":"storage-sdcard-full","$v":"SD карта тўлган."},{"$i":"view-address","$v":"Манзилни кўриш"},{"$i":"mail-address-title","$v":"Почта манзили"},{"$i":"mail-address","$v":[{"t":"idOrVar","v":"address"}]},{"$i":"value-name","$v":[{"t":"idOrVar","v":"name"}]},{"$i":"account-deleted","$v":"Хисоб оьчирилди."},{"$i":"account-reEnable","$v":"Бундай ҳисоб мавжуд. Ҳисоб э-почтаси синхронлансинми?"},{"$i":"setup-account-usedInfo","$v":"Бу ҳисобдан қуйидаги иловалар фойдаланади. Буни Созламалар > Ҳисоб орқали ўзгартиринг."},{"$i":"setup-account-settingsInfo","$v":"Ҳар бир иловада одатий синхронлаш вақти белгиланган, илова созламаларида текширинг."},{"$i":"app-calendar","$v":"Тақвим"},{"$i":"app-contacts","$v":"Контактлар"},{"$i":"app-email","$v":"Э-почта"},{"$i":"weekday-0-long","$v":"Якшанба"},{"$i":"weekday-1-long","$v":"Душанба"},{"$i":"weekday-2-long","$v":"Сешанба"},{"$i":"weekday-3-long","$v":"Чоршанба"},{"$i":"weekday-4-long","$v":"Пайшанба"},{"$i":"weekday-5-long","$v":"Жума"},{"$i":"weekday-6-long","$v":"Шанба"},{"$i":"weekday-0-short","$v":"Якш"},{"$i":"weekday-1-short","$v":"Душ"},{"$i":"weekday-2-short","$v":"Сеш"},{"$i":"weekday-3-short","$v":"Чор"},{"$i":"weekday-4-short","$v":"Пай"},{"$i":"weekday-5-short","$v":"Жум"},{"$i":"weekday-6-short","$v":"Шан"},{"$i":"month-0-long","$v":"Январ"},{"$i":"month-1-long","$v":"Феврал"},{"$i":"month-2-long","$v":"Март"},{"$i":"month-3-long","$v":"Апрель"},{"$i":"month-4-long","$v":"Май"},{"$i":"month-5-long","$v":"Июн"},{"$i":"month-6-long","$v":"Июл"},{"$i":"month-7-long","$v":"Август"},{"$i":"month-8-long","$v":"Сентябр"},{"$i":"month-9-long","$v":"Октябр"},{"$i":"month-10-long","$v":"Ноябр"},{"$i":"month-11-long","$v":"Декабр"},{"$i":"month-0-genitive","$v":"Январь"},{"$i":"month-1-genitive","$v":"Февраль"},{"$i":"month-2-genitive","$v":"Март"},{"$i":"month-3-genitive","$v":"Апрель"},{"$i":"month-4-genitive","$v":"Май"},{"$i":"month-5-genitive","$v":"Июнь"},{"$i":"month-6-genitive","$v":"Июль"},{"$i":"month-7-genitive","$v":"Август"},{"$i":"month-8-genitive","$v":"Сентябрь"},{"$i":"month-9-genitive","$v":"Октябрь"},{"$i":"month-10-genitive","$v":"Ноябрь"},{"$i":"month-11-genitive","$v":"Декабрь"},{"$i":"month-0-short","$v":"Янв"},{"$i":"month-1-short","$v":"Фев"},{"$i":"month-2-short","$v":"Мар"},{"$i":"month-3-short","$v":"Апр"},{"$i":"month-4-short","$v":"Май"},{"$i":"month-5-short","$v":"Июн"},{"$i":"month-6-short","$v":"Июл"},{"$i":"month-7-short","$v":"Авг"},{"$i":"month-8-short","$v":"Сен"},{"$i":"month-9-short","$v":"Окт"},{"$i":"month-10-short","$v":"Ноя"},{"$i":"month-11-short","$v":"Дек"},{"$i":"minutes-ago-long","$v":{"few":[{"t":"idOrVar","v":"value"}," дақиқа олдин"],"many":[{"t":"idOrVar","v":"value"}," дақиқа олдин"],"one":"бир дақиқа аввал","other":[{"t":"idOrVar","v":"value"}," дақиқа олдин"],"two":[{"t":"idOrVar","v":"value"}," дақиқа олдин"],"zero":"ҳозиргина"},"$x":[{"t":"idOrVar","v":"plural"},"value"]},{"$i":"hours-ago-long","$v":{"few":[{"t":"idOrVar","v":"value"}," соат олдин"],"many":[{"t":"idOrVar","v":"value"}," соат олдин"],"one":"бир соат олдин","other":[{"t":"idOrVar","v":"value"}," соат олдин"],"two":[{"t":"idOrVar","v":"value"}," соат олдин"],"zero":"ҳозиргина"},"$x":[{"t":"idOrVar","v":"plural"},"value"]},{"$i":"days-ago-long","$v":{"few":[{"t":"idOrVar","v":"value"}," кун олдин"],"many":[{"t":"idOrVar","v":"value"}," кун олдин"],"one":"кеча","other":[{"t":"idOrVar","v":"value"}," кун олдин"],"two":[{"t":"idOrVar","v":"value"}," кун олдин"],"zero":"бугун"},"$x":[{"t":"idOrVar","v":"plural"},"value"]},{"$i":"weeks-ago-long","$v":{"few":[{"t":"idOrVar","v":"value"}," ҳафта олдин"],"many":[{"t":"idOrVar","v":"value"}," ҳафта олдин"],"one":"ўтган ҳафта","other":[{"t":"idOrVar","v":"value"}," ҳафта олдин"],"two":[{"t":"idOrVar","v":"value"}," ҳафта олдин"],"zero":"шу ҳафта"},"$x":[{"t":"idOrVar","v":"plural"},"value"]},{"$i":"months-ago-long","$v":{"few":[{"t":"idOrVar","v":"value"}," ой олдин"],"many":[{"t":"idOrVar","v":"value"}," ой олдин"],"one":"ўтган ой","other":[{"t":"idOrVar","v":"value"}," ой олдин"],"two":[{"t":"idOrVar","v":"value"}," ой олдин"],"zero":"бу ой"},"$x":[{"t":"idOrVar","v":"plural"},"value"]},{"$i":"years-ago-long","$v":{"few":[{"t":"idOrVar","v":"value"}," йил олдин"],"many":[{"t":"idOrVar","v":"value"}," йил олдин"],"one":"ўтган йил","other":[{"t":"idOrVar","v":"value"}," йил олдин"],"two":[{"t":"idOrVar","v":"value"}," йил олдин"],"zero":"шу йил"},"$x":[{"t":"idOrVar","v":"plural"},"value"]},{"$i":"minutes-until-long","$v":{"few":[{"t":"idOrVar","v":"value"}," дақиқада"],"many":[{"t":"idOrVar","v":"value"}," дақиқада"],"one":"бир дақиқада","other":[{"t":"idOrVar","v":"value"}," дақиқада"],"two":[{"t":"idOrVar","v":"value"}," дақиқада"],"zero":"ҳозир"},"$x":[{"t":"idOrVar","v":"plural"},"value"]},{"$i":"hours-until-long","$v":{"few":[{"t":"idOrVar","v":"value"}," соатда"],"many":[{"t":"idOrVar","v":"value"}," соатда"],"one":"бир соатда","other":[{"t":"idOrVar","v":"value"}," соатда"],"two":[{"t":"idOrVar","v":"value"}," соатда"],"zero":"ҳозир"},"$x":[{"t":"idOrVar","v":"plural"},"value"]},{"$i":"days-until-long","$v":{"few":[{"t":"idOrVar","v":"value"}," кунда"],"many":[{"t":"idOrVar","v":"value"}," кунда"],"one":"эртага","other":[{"t":"idOrVar","v":"value"}," кунда"],"two":[{"t":"idOrVar","v":"value"}," кунда"],"zero":"бугун"},"$x":[{"t":"idOrVar","v":"plural"},"value"]},{"$i":"weeks-until-long","$v":{"few":[{"t":"idOrVar","v":"value"}," ҳафтада"],"many":[{"t":"idOrVar","v":"value"}," ҳафтада"],"one":"кейинги ҳафта","other":[{"t":"idOrVar","v":"value"}," ҳафтада"],"two":[{"t":"idOrVar","v":"value"}," ҳафтада"],"zero":"шу ҳафта"},"$x":[{"t":"idOrVar","v":"plural"},"value"]},{"$i":"months-until-long","$v":{"few":[{"t":"idOrVar","v":"value"}," ойда"],"many":[{"t":"idOrVar","v":"value"}," ойда"],"one":"кейинги ой","other":[{"t":"idOrVar","v":"value"}," ойда"],"two":[{"t":"idOrVar","v":"value"}," ойда"],"zero":"бу ой"},"$x":[{"t":"idOrVar","v":"plural"},"value"]},{"$i":"years-until-long","$v":{"few":[{"t":"idOrVar","v":"value"}," йилда"],"many":[{"t":"idOrVar","v":"value"}," йилда"],"one":"кейинги йил","other":[{"t":"idOrVar","v":"value"}," йилда"],"two":[{"t":"idOrVar","v":"value"}," йилда"],"zero":"шу йил"},"$x":[{"t":"idOrVar","v":"plural"},"value"]},{"$i":"minutes-ago-short","$v":{"other":[{"t":"idOrVar","v":"value"},"д олдин"],"zero":"ҳозиргина"},"$x":[{"t":"idOrVar","v":"plural"},"value"]},{"$i":"hours-ago-short","$v":{"other":[{"t":"idOrVar","v":"value"},"с олдин"],"zero":"ҳозиргина"},"$x":[{"t":"idOrVar","v":"plural"},"value"]},{"$i":"days-ago-short","$v":{"other":[{"t":"idOrVar","v":"value"},"к олдин"],"zero":"бугун"},"$x":[{"t":"idOrVar","v":"plural"},"value"]},{"$i":"minutes-until-short","$v":{"other":[{"t":"idOrVar","v":"value"},"д"],"zero":"ҳозир"},"$x":[{"t":"idOrVar","v":"plural"},"value"]},{"$i":"hours-until-short","$v":{"other":[{"t":"idOrVar","v":"value"},"с"],"zero":"ҳозир"},"$x":[{"t":"idOrVar","v":"plural"},"value"]},{"$i":"days-until-short","$v":{"other":[{"t":"idOrVar","v":"value"},"к"],"zero":"бугун"},"$x":[{"t":"idOrVar","v":"plural"},"value"]},{"$i":"incorrectDate","$v":"(сана хато)"},{"$i":"dateTimeFormat_%c","$v":"%a %b %e %Y %I:%M:%S %p"},{"$i":"dateTimeFormat_%x","$v":"%m/%d/%Y"},{"$i":"dateTimeFormat_%X","$v":"%I:%M:%S %p"},{"$i":"shortTimeFormat","$v":"%I:%M %p"},{"$i":"shortTimeFormat12","$v":"%I:%M %p"},{"$i":"shortTimeFormat24","$v":"%H:%M"},{"$i":"shortDateTimeFormat","$v":"%x %I:%M %p"},{"$i":"weekStartsOnMonday","$v":"0.0"},{"$i":"firstDayOfTheWeek","$v":"1.0"},{"$i":"time_am","$v":"ТО"},{"$i":"time_pm","$v":"ТК"}]