[{"$i":"setup-app-name-header","$v":"電郵"},{"$i":"setup-empty-account-message","$v":"您未設定為傳送或接收電郵。請設定帳號以完成動作。"},{"$i":"setup-pick-service","$v":"若要傳送及接收電郵，您需要設定帳號。"},{"$i":"setup-account-header3","$v":"帳號登錄"},{"$i":"setup-account-password","$v":"密碼"},{"$i":"setup-info-next","$v":"下一步"},{"$i":"setup-progress-wait-msg","$v":"設定帳號"},{"$i":"setup-sync-progress-wait-msg","$v":"同步帳戶"},{"$i":"setup-completed-header","$v":"恭喜！"},{"$i":"setup-completed-label","$v":"全部完成！"},{"$i":"setup-add-another-account","$v":"新增另一個帳號"},{"$i":"setup-show-mail","$v":"繼續前往電郵"},{"$i":"setup-done-add","$v":"新增帳號"},{"$i":"setup-error-offline","$v":"此裝置目前已離線。請連接至網絡後重試。"},{"$i":"setup-error-bad-user-or-pass2","$v":"用戶名稱或密碼無效。請檢查是否有拼字錯誤。"},{"$i":"setup-error-bad-address","$v":"電郵地址無效。請檢查是否有拼字錯誤。"},{"$i":"setup-error-not-authorized","$v":"根據伺服器，您無權建立帳號"},{"$i":"setup-error-pop-server-not-great","$v":"伺服器不受支援。POP3伺服器未實作必要功能。"},{"$i":"setup-error-unknown2","$v":"發生未知錯誤。請檢查網絡連接或嘗試使用手動配置選項。"},{"$i":"setup-error-needs-app-pass","$v":"您必須針對雙重驗證Gmail帳號使用應用程式特定密碼"},{"$i":"setup-error-imap-disabled","$v":"您必須針對Gmail帳號啟用IMAP"},{"$i":"setup-error-pop3-disabled","$v":"您必須針對Gmail帳號啟用POP3"},{"$i":"setup-error-bad-security","$v":["無法與「",{"t":"idOrVar","v":"server"},"」建立安全連接。您的網絡或伺服器可能存在問題。"]},{"$i":"setup-error-unresponsive-server","$v":["無法與「",{"t":"idOrVar","v":"server"},"」建立連接。網絡可能存在問題。"]},{"$i":"setup-error-server-problem","$v":["伺服器「",{"t":"idOrVar","v":"server"},"」存在問題。請稍後重試。"]},{"$i":"setup-error-no-config-info","$v":"無法自動設定您的帳號。請更正電郵地址或嘗試使用手動配置選項。"},{"$i":"setup-error-server-maintenance","$v":["伺服器「",{"t":"idOrVar","v":"server"},"」已離線進行維護。請稍後重試。"]},{"$i":"setup-error-account-already-exists","$v":"此帳號已設定。"},{"$i":"setup-manual-config2","$v":"進階"},{"$i":"setup-manual-config-header","$v":"帳號登錄"},{"$i":"setup-manual-account-type-header","$v":"帳號類型"},{"$i":"setup-manual-account-type","$v":"帳號類型"},{"$i":"setup-manual-account-type-select","ariaLabel":"帳號類型"},{"$i":"setup-manual-imap-header","$v":"IMAP設定"},{"$i":"setup-manual-pop3-header","$v":"POP3設定"},{"$i":"setup-manual-smtp-header","$v":"SMTP設定"},{"$i":"setup-manual-activesync-header","$v":"ActiveSync設定"},{"$i":"setup-manual-next","$v":"下一個"},{"$i":"setup-manual-socket","$v":"通訊端類型"},{"$i":"setup-manual-socket-ssl","$v":"SSL"},{"$i":"setup-manual-socket-starttls","$v":"STARTTLS"},{"$i":"setup-manual-socket-select","ariaLabel":"連接安全性"},{"$i":"setup-manual-socket-plain","$v":"未加密"},{"$i":"setup-bad-password-header","$v":"密碼錯誤！"},{"$i":"setup-bad-password","$v":"無法登入伺服器。請嘗試重新輸入密碼。"},{"$i":"setup-new-password","placeholder":"新密碼"},{"$i":"setup-fix-password","$v":"使用新密碼重試"},{"$i":"setup-gmail-twofactor-header","$v":"已啟用雙重驗證"},{"$i":"setup-gmail-twofactor-message","$v":"您需要在下方輸入應用程式特定密碼。"},{"$i":"setup-gmail-imap-header","$v":"已停用IMAP"},{"$i":"setup-gmail-imap-message","$v":"您必須在Gmail帳號上啟用IMAP"},{"$i":"setup-gmail-retry","$v":"重試"},{"$i":"setup-gmail-pop3-header","$v":"已停用POP3"},{"$i":"setup-gmail-pop3-message","$v":"您必須在Gmail帳號上啟用POP3"},{"$i":"setup-fix-oauth2-header","$v":"重新授權電郵"},{"$i":"setup-fix-oauth2-description","$v":"需要再次重新授權電郵，才能存取以下帳號："},{"$i":"setup-fix-oauth2-reauthorize","$v":"重新授權"},{"$i":"settings-main-header","$v":"電郵設定"},{"$i":"settings-sub-header-account","$v":"帳號"},{"$i":"settings-account-group","ariaLabel":"帳號"},{"$i":"settings-account-name","$v":"您的姓名"},{"$i":"settings-account-label","$v":"帳號標籤"},{"$i":"settings-account-display-notifications","$v":"顯示新電郵通知"},{"$i":"settings-account-play-sound-onsend","$v":"傳送訊息後播放音效"},{"$i":"settings-account-signature-label","$v":"簽名"},{"$i":"settings-sub-header-data","$v":"數據"},{"$i":"settings-data-group","ariaLabel":"數據"},{"$i":"settings-account-check-mail","$v":"檢查是否有新訊息"},{"$i":"settings-account-check-mail-select","ariaLabel":"檢查是否有新訊息"},{"$i":"settings-sub-header-server","$v":"伺服器設定"},{"$i":"settings-server-group","ariaLabel":"伺服器設定"},{"$i":"settings-account-userpass","$v":"用戶名稱與密碼"},{"$i":"settings-account-useroauth2","$v":"用戶名稱"},{"$i":"settings-default-signature-2","$v":"已從我的手機傳送"},{"$i":"settings-done","$v":"完成"},{"$i":"settings-account-section","$v":"帳號"},{"$i":"settings-account-listbox","ariaLabel":"帳號"},{"$i":"settings-account-add","$v":"新增"},{"$i":"settings-account-delete","$v":"刪除帳號"},{"$i":"settings-account-delete-prompt","$v":["是否確定要刪除您的",{"t":"idOrVar","v":"account"},"電郵帳號？"]},{"$i":"settings-account-delete-desc","$v":"如果您重複建立帳號，您將需要再次下載電郵。"},{"$i":"settings-account-delete-cancel","$v":"取消"},{"$i":"settings-account-delete-confirm","$v":"刪除"},{"$i":"settings-account-clarify","$v":[{"t":"idOrVar","v":"account-name"}]},{"$i":"settings-account-clarify-imap","$v":[{"t":"idOrVar","v":"account-name"}," (IMAP)"]},{"$i":"settings-account-clarify-pop3","$v":[{"t":"idOrVar","v":"account-name"}," (POP3)"]},{"$i":"settings-account-clarify-smtp","$v":[{"t":"idOrVar","v":"account-name"}," (SMTP)"]},{"$i":"settings-general-section","$v":"一般設定"},{"$i":"settings-show-images","$v":"總是顯示圖像"},{"$i":"settings-download-attachments","$v":"下載附件"},{"$i":"settings-check-every-5min","$v":"每5分鐘"},{"$i":"settings-check-every-10min","$v":"每10分鐘"},{"$i":"settings-check-every-15min","$v":"每15分鐘"},{"$i":"settings-check-every-30min","$v":"每30分鐘"},{"$i":"settings-check-every-60min","$v":"每小時"},{"$i":"settings-check-every-manual","$v":"手動"},{"$i":"settings-check-dynamic","$v":{"few":[{"t":"idOrVar","v":"n"},"秒"],"many":[{"t":"idOrVar","v":"n"},"秒"],"one":[{"t":"idOrVar","v":"n"},"秒"],"other":[{"t":"idOrVar","v":"n"},"秒"],"two":[{"t":"idOrVar","v":"n"},"秒"],"zero":"已停用"},"$x":[{"t":"idOrVar","v":"plural"},"n"]},{"$i":"settings-default-account","$v":"設為預設電郵"},{"$i":"settings-account-type","$v":"帳號類型"},{"$i":"settings-account-credentials","$v":"認證"},{"$i":"settings-activesync-label","$v":"ActiveSync設定"},{"$i":"settings-imap-label","$v":"IMAP設定"},{"$i":"settings-pop3-label","$v":"POP3設定"},{"$i":"settings-smtp-label","$v":"SMTP設定"},{"$i":"settings-hostname","$v":"主機名稱"},{"$i":"settings-port","$v":"埠"},{"$i":"settings-username","$v":"用戶名稱"},{"$i":"settings-password","$v":"密碼"},{"$i":"settings-save","$v":"儲存"},{"$i":"password-saved","$v":"密碼已保存。"},{"$i":"settings-reauth","$v":"重新授權"},{"$i":"settings-account-synchronize-window","$v":"同步天數"},{"$i":"settings-account-synchronize-window-select","ariaLabel":"同步天數"},{"$i":"settings-synchronize-auto","$v":"自動"},{"$i":"settings-synchronize-one-day","$v":"1天"},{"$i":"settings-synchronize-three-days","$v":"3天"},{"$i":"settings-synchronize-one-week","$v":"1週"},{"$i":"settings-synchronize-two-weeks","$v":"2週"},{"$i":"settings-synchronize-one-month","$v":"1個月"},{"$i":"settings-synchronize-all","$v":"所有訊息"},{"$i":"envelope-from","$v":"來自"},{"$i":"envelope-to","$v":"至"},{"$i":"envelope-cc","$v":"副本"},{"$i":"envelope-bcc","$v":"密件"},{"$i":"message-header-state-sending","ariaLabel":"正在傳送"},{"$i":"message-header-state-error","ariaLabel":"傳送時發生錯誤"},{"$i":"message-header-unread","ariaLabel":"未讀"},{"$i":"message-header-reply","ariaLabel":"回覆"},{"$i":"message-header-forward","ariaLabel":"轉發"},{"$i":"message-header-starred","ariaLabel":"有星標"},{"$i":"message-header-attachments","ariaLabel":"有附件"},{"$i":"message-body-container","ariaLabel":"訊息內文"},{"$i":"message-body-container-progress","ariaValueText":"正在載入"},{"$i":"subject","ariaLabel":"主題"},{"$i":"attachments-container","ariaLabel":"附件"},{"$i":"from-group","ariaLabel":"來自"},{"$i":"to-group","ariaLabel":"至"},{"$i":"cc-group","ariaLabel":"副本"},{"$i":"bcc-group","ariaLabel":"密件"},{"$i":"compose-header","$v":"撰寫訊息"},{"$i":"compose-header-short","$v":"撰寫"},{"$i":"compose-send","$v":"傳送"},{"$i":"compose-send-button","ariaLabel":"傳送"},{"$i":"compose-to","$v":"至"},{"$i":"compose-cc","$v":"副本"},{"$i":"compose-bcc","$v":"密件"},{"$i":"compose-cc-remove","$v":"已移除副本清單。"},{"$i":"compose-bcc-remove","$v":"已移除密件副本清單。"},{"$i":"compose-contact-add","ariaLabel":"新增聯絡人"},{"$i":"compose-attachments","$v":{"few":["附件(",{"t":"idOrVar","v":"n"},")"],"many":["附件(",{"t":"idOrVar","v":"n"},")"],"one":["附件(",{"t":"idOrVar","v":"n"},")"],"other":["附件(",{"t":"idOrVar","v":"n"},")"],"two":["附件(",{"t":"idOrVar","v":"n"},")"],"zero":"附件"},"$x":[{"t":"idOrVar","v":"plural"},"n"]},{"$i":"compose-text","ariaLabel":"編輯"},{"$i":"compose-attachment-still-working","$v":"請稍等片刻，仍在處理上一個附件..."},{"$i":"compose-attachment-loading","$v":"加載附件......"},{"$i":"compose-attachments-loading","$v":"加載附件......"},{"$i":"compose-forward-attachment-error-title","$v":"下載失敗。"},{"$i":"compose-forward-attachment-error-title2","$v":"錯誤"},{"$i":"compose-forward-attachment-unable-load","$v":"無法載入附件。"},{"$i":"compose-forward-attachments-unable-load","$v":"無法載入附件。"},{"$i":"compose-forward-attachment-load-error","$v":"無法載入部分附件。"},{"$i":"confirmation-title","$v":"確認"},{"$i":"compose-subject","$v":"主題"},{"$i":"compose-draft-save","$v":"儲存至本地草稿？"},{"$i":"compose-discard-confirm","$v":"捨棄"},{"$i":"compose-draft-dialog-cancel","$v":"取消"},{"$i":"compose-draft-dialog-save","$v":"儲存"},{"$i":"composer-draft-saved","$v":"已將訊息儲存至本地草稿"},{"$i":"attention","$v":"注意"},{"$i":"compose-send-message-failed","$v":"傳送電郵失敗"},{"$i":"compose-attchment-size-exceeded","$v":"所選附件過大，無法隨此訊息一起傳送。"},{"$i":"compose-attchments-size-exceeded","$v":"所選附件過大，無法隨此訊息一起傳送。請嘗試減少所選檔案。"},{"$i":"composer-attachment-large-title","$v":"檔案大小過大"},{"$i":"default-attachment-filename","$v":["附件",{"t":"idOrVar","v":"n"}]},{"$i":"attachment-size-meb","$v":[{"t":"idOrVar","v":"megabytes"}," MB"]},{"$i":"attachment-size-kib","$v":[{"t":"idOrVar","v":"kilobytes"}," KB"]},{"$i":"attachment-size-byte","$v":[{"t":"idOrVar","v":"bytes"}," B"]},{"$i":"message-attachment-view","$v":"檢視"},{"$i":"message-attachment-did-not-open-label","$v":"無法開啟"},{"$i":"message-attachment-did-not-open-body","$v":"裝置沒有可開啟附件的應用程式。"},{"$i":"message-attachment-too-large","$v":"此檔案過大，無法下載。"},{"$i":"message-attachment-not-found","$v":"無法找到附件檔案，可能已遭刪除。"},{"$i":"message-attachment-download-fail","$v":[{"t":"idOrVar","v":"fileName"}," -下載失敗"]},{"$i":"message-no-subject","$v":"(無主題)"},{"$i":"message-edit-menu-edit","$v":"編輯"},{"$i":"message-edit-menu-delete","$v":"刪除"},{"$i":"message-edit-delete-confirm","$v":"刪除電郵？"},{"$i":"message-forward-attachment-title","$v":"附件"},{"$i":"message-forward-attachment","$v":"同時轉寄附件？"},{"$i":"message-forward-attachments","$v":"同時轉寄附件？"},{"$i":"message-multiedit-header","$v":{"few":["已選擇",{"t":"idOrVar","v":"n"},"個"],"many":["已選擇",{"t":"idOrVar","v":"n"},"個"],"one":["已選擇",{"t":"idOrVar","v":"n"},"個"],"other":["已選擇",{"t":"idOrVar","v":"n"},"個"],"two":["已選擇",{"t":"idOrVar","v":"n"},"個"],"zero":["已選擇",{"t":"idOrVar","v":"n"},"個"]},"$x":[{"t":"idOrVar","v":"plural"},"n"]},{"$i":"message-multiedit-search-header","$v":{"few":["已選擇",{"t":"idOrVar","v":"n"},"個"],"many":["已選擇",{"t":"idOrVar","v":"n"},"個"],"one":["已選擇",{"t":"idOrVar","v":"n"},"個"],"other":["已選擇",{"t":"idOrVar","v":"n"},"個"],"two":["已選擇",{"t":"idOrVar","v":"n"},"個"],"zero":"已選擇0個"},"$x":[{"t":"idOrVar","v":"plural"},"n"]},{"$i":"browse-to-url-prompt","$v":["瀏覽至 URL？：",{"t":"idOrVar","v":"url"}]},{"$i":"message-download-images-tap","$v":{"few":["此電郵包含",{"t":"idOrVar","v":"n"},"個圖像。點擊以下載。"],"many":["此電郵包含",{"t":"idOrVar","v":"n"},"個圖像。點擊以下載。"],"one":"此電郵包含1個圖像。點擊以下載。","other":["此電郵包含",{"t":"idOrVar","v":"n"},"個圖像。點擊以下載。"],"two":["此電郵包含",{"t":"idOrVar","v":"n"},"個圖像。點擊以下載。"]},"$x":[{"t":"idOrVar","v":"plural"},"n"]},{"$i":"message-show-external-images","$v":"顯示外部圖像"},{"$i":"message-delete-cancel","$v":"取消"},{"$i":"message-multiedit-delete-confirm","$v":{"few":["刪除",{"t":"idOrVar","v":"n"},"條訊息？"],"many":["刪除",{"t":"idOrVar","v":"n"},"條訊息？"],"one":"刪除所選訊息？","other":["刪除",{"t":"idOrVar","v":"n"},"條訊息？"],"two":["刪除",{"t":"idOrVar","v":"n"},"條訊息？"]},"$x":[{"t":"idOrVar","v":"plural"},"n"]},{"$i":"message-large-message-cancel","$v":"取消"},{"$i":"message-large-message-ok","$v":"繼續"},{"$i":"message-large-message-confirm","$v":"此訊息較大，可能需要一點時間才能下載。"},{"$i":"message-large-message-warning","$v":"訊息過大而無法載入。"},{"$i":"message-search-header","$v":"搜尋"},{"$i":"search-result","$v":["找到",{"t":"idOrVar","v":"num"},"個相符項"]},{"$i":"message-search-from","$v":"來自"},{"$i":"message-search-to","$v":"至"},{"$i":"message-search-subject","$v":"主題"},{"$i":"message-search-body","$v":"內文"},{"$i":"message-search-all","$v":"全部"},{"$i":"message-search-input","placeholder":"搜尋電郵"},{"$i":"message-search-cancel","$v":"取消"},{"$i":"messages-syncing","$v":"正在載入訊息"},{"$i":"messages-syncing-progressbar","ariaValueText":"正在載入訊息"},{"$i":"messages-load-more","$v":"載入更多訊息"},{"$i":"messages-folder-empty","$v":"此資料夾中無電郵"},{"$i":"messages-search-empty","$v":"本地快取的訊息中無相符項"},{"$i":"messages-folder-select","$v":"移至資料夾"},{"$i":"messages-folder-unread-max","$v":"999+"},{"$i":"message-contact-menu-create","$v":"儲存新聯絡人"},{"$i":"message-contact-menu-add-existing","$v":"新增至現有聯絡人"},{"$i":"message-contact-menu-view","$v":"檢視聯絡人"},{"$i":"message-contact-menu-reply","$v":"回覆"},{"$i":"message-contact-menu-new","$v":"傳送新電郵"},{"$i":"message-reply-menu-reply","$v":"回覆"},{"$i":"message-reply-menu-reply-all","$v":"全部回覆"},{"$i":"message-reply-menu-forward","$v":"轉發"},{"$i":"message-reply-menu-cancel","$v":"取消"},{"$i":"reply-quoting-wrote","$v":"已寫入{name}"},{"$i":"forward-original-message","$v":"原始訊息"},{"$i":"forward-header-subject","$v":"主題"},{"$i":"forward-header-date","$v":"日期"},{"$i":"forward-header-from","$v":"來自"},{"$i":"forward-header-reply-to","$v":"回覆地址"},{"$i":"forward-header-to","$v":"至"},{"$i":"forward-header-cc","$v":"副本"},{"$i":"folder-inbox","$v":"收件匣"},{"$i":"folder-sent","$v":"已傳送"},{"$i":"folder-drafts","$v":"草稿"},{"$i":"folder-trash","$v":"廢件"},{"$i":"folder-queue","$v":"未傳送"},{"$i":"folder-junk","$v":"垃圾郵件"},{"$i":"folder-archives","$v":"歸檔"},{"$i":"folder-localdrafts","$v":"本地草稿"},{"$i":"folder-outbox","$v":"寄件匣"},{"$i":"drawer-back","$v":"返回"},{"$i":"drawer-accounts-header","$v":"帳號"},{"$i":"drawer-settings-link","$v":"設定"},{"$i":"folder-last-synced-label","$v":"上次同步："},{"$i":"messages-refresh-progress","ariaValueText":"正在重新整理"},{"$i":"no-internet-connection","$v":"無互聯網連接。"},{"$i":"toaster-undo","$v":"復原"},{"$i":"toaster-message-star","$v":{"few":["已標幟",{"t":"idOrVar","v":"n"},"條訊息"],"many":["已標幟",{"t":"idOrVar","v":"n"},"條訊息"],"one":"已標幟訊息","other":["已標幟",{"t":"idOrVar","v":"n"},"條訊息"],"two":["已標幟",{"t":"idOrVar","v":"n"},"條訊息"]},"$x":[{"t":"idOrVar","v":"plural"},"n"]},{"$i":"toaster-message-unstar","$v":{"few":["已移除",{"t":"idOrVar","v":"n"},"個訊息旗標"],"many":["已移除",{"t":"idOrVar","v":"n"},"個訊息旗標"],"one":"已移除訊息旗標","other":["已移除",{"t":"idOrVar","v":"n"},"個訊息旗標"],"two":["已移除",{"t":"idOrVar","v":"n"},"個訊息旗標"]},"$x":[{"t":"idOrVar","v":"plural"},"n"]},{"$i":"toaster-message-read","$v":{"few":["已將",{"t":"idOrVar","v":"n"},"條訊息標記為已讀"],"many":["已將",{"t":"idOrVar","v":"n"},"條訊息標記為已讀"],"one":"已將訊息標記為已讀","other":["已將",{"t":"idOrVar","v":"n"},"條訊息標記為已讀"],"two":["已將",{"t":"idOrVar","v":"n"},"條訊息標記為已讀"]},"$x":[{"t":"idOrVar","v":"plural"},"n"]},{"$i":"toaster-message-unread","$v":{"few":["已將",{"t":"idOrVar","v":"n"},"條訊息標記為未讀"],"many":["已將",{"t":"idOrVar","v":"n"},"條訊息標記為未讀"],"one":"已將訊息標記為未讀","other":["已將",{"t":"idOrVar","v":"n"},"條訊息標記為未讀"],"two":["已將",{"t":"idOrVar","v":"n"},"條訊息標記為未讀"]},"$x":[{"t":"idOrVar","v":"plural"},"n"]},{"$i":"toaster-message-move","$v":{"few":["已將",{"t":"idOrVar","v":"n"},"條訊息移至資料夾："],"many":["已將",{"t":"idOrVar","v":"n"},"條訊息移至資料夾："],"one":"已將訊息移至資料夾：","other":["已將",{"t":"idOrVar","v":"n"},"條訊息移至資料夾："],"two":["已將",{"t":"idOrVar","v":"n"},"條訊息移至資料夾："]},"$x":[{"t":"idOrVar","v":"plural"},"n"]},{"$i":"toaster-message-delete","$v":{"few":["已刪除",{"t":"idOrVar","v":"n"},"封電郵"],"many":["已刪除",{"t":"idOrVar","v":"n"},"封電郵"],"one":"已刪除1封電郵","other":["已刪除",{"t":"idOrVar","v":"n"},"封電郵"],"two":["已刪除",{"t":"idOrVar","v":"n"},"封電郵"]},"$x":[{"t":"idOrVar","v":"plural"},"n"]},{"$i":"toaster-sync-failed","$v":"無法連接至伺服器。"},{"$i":"compose-invalid-addresses-title","$v":"地址無效"},{"$i":"compose-invalid-addresses-description","$v":"您的訊息包含一個或多個無效的電郵地址。請更正後再傳送。"},{"$i":"background-send-pending","$v":"網絡不可用。已將電郵儲存至寄件匣。"},{"$i":"background-send-sending","$v":"正在傳送電郵..."},{"$i":"background-send-success","$v":"已傳送電郵。"},{"$i":"background-send-error","$v":"發生錯誤。已將電郵儲存至寄件匣。"},{"$i":"background-send-error-recipients","$v":"接收者錯誤。已將電郵儲存至寄件匣。"},{"$i":"background-send-error-title","$v":"無法傳送電郵"},{"$i":"send-failure-recipients","$v":"請檢查上方地址的拼字。您的電郵伺服器指示，上方其中一個或多個地址不正確。"},{"$i":"send-failure-unknown","$v":"無法傳送訊息。"},{"$i":"form-clear-input","$v":"移除文字"},{"$i":"confirm-dialog-title","$v":"確認"},{"$i":"confirm-dialog-ok","$v":"確定"},{"$i":"msg-display-subject","$v":"主題"},{"$i":"msg-reader-display-attachments","$v":"附件"},{"$i":"msg-reader-display-attachment","$v":"附件"},{"$i":"msg-reader-download-external-images","$v":["下載外部圖像(",{"t":"idOrVar","v":"n"}," MB)"]},{"$i":"msg-reader-sender-header","$v":"來自"},{"$i":"msg-reader-recipients-header","$v":"接收者"},{"$i":"msg-reader-cc-header","$v":"副本"},{"$i":"msg-reader-bcc-header","$v":"密件"},{"$i":"msg-reader-message-flagged","$v":"已標幟訊息"},{"$i":"msg-reader-flag-removed","$v":"已移除旗標"},{"$i":"external-image-downloading","$v":"正在下載..."},{"$i":"senders-separation-sign","$v":", "},{"$i":"new-messages","$v":{"few":[{"t":"idOrVar","v":"n"},"條新訊息"],"many":[{"t":"idOrVar","v":"n"},"條新訊息"],"one":"1條新訊息","other":[{"t":"idOrVar","v":"n"},"條新訊息"],"two":[{"t":"idOrVar","v":"n"},"條新訊息"]},"$x":[{"t":"idOrVar","v":"plural"},"n"]},{"$i":"new-emails-notify-one-account","$v":{"few":[{"t":"idOrVar","v":"n"},"封新電郵"],"many":[{"t":"idOrVar","v":"n"},"封新電郵"],"one":"1封新電郵","other":[{"t":"idOrVar","v":"n"},"封新電郵"],"two":[{"t":"idOrVar","v":"n"},"封新電郵"]},"$x":[{"t":"idOrVar","v":"plural"},"n"]},{"$i":"new-emails-notify-multiple-accounts","$v":{"few":[{"t":"idOrVar","v":"n"},"封新電郵(",{"t":"idOrVar","v":"accountName"},")"],"many":[{"t":"idOrVar","v":"n"},"封新電郵(",{"t":"idOrVar","v":"accountName"},")"],"one":["1封新電郵(",{"t":"idOrVar","v":"accountName"},")"],"other":[{"t":"idOrVar","v":"n"},"封新電郵(",{"t":"idOrVar","v":"accountName"},")"],"two":[{"t":"idOrVar","v":"n"},"封新電郵(",{"t":"idOrVar","v":"accountName"},")"]},"$x":[{"t":"idOrVar","v":"plural"},"n"]},{"$i":"new-emails-notify-multiple-accounts-body","$v":[{"t":"idOrVar","v":"from"},"「",{"t":"idOrVar","v":"subject"},"」"]},{"$i":"tng-plain-socket-warning-title","$v":"是否確定？"},{"$i":"tng-plain-socket-warning-message","$v":"其他人也許能看到您的密碼和電郵或控制您的帳號。"},{"$i":"tng-plain-socket-warning-message-options","$v":"有多家免費電郵供應商提供更安全的加密連接。"},{"$i":"tng-plain-socket-warning-ok","$v":"我瞭解"},{"$i":"message-reader-date-received","ariaLabel":"已接收"},{"$i":"sort-by-title","$v":"排序依據"},{"$i":"sort-by-date","$v":"日期"},{"$i":"sort-by-from","$v":"來自"},{"$i":"sort-by-to","$v":"至"},{"$i":"sort-by-subject","$v":"主題"},{"$i":"softkey-options","$v":"選項"},{"$i":"opt-compose","$v":"撰寫"},{"$i":"opt-reply","$v":"回覆"},{"$i":"opt-reply-all","$v":"全部回覆"},{"$i":"opt-forward","$v":"轉發"},{"$i":"opt-mark-read","$v":"標記為已讀"},{"$i":"opt-mark-unread","$v":"標記為未讀"},{"$i":"opt-add-flag","$v":"加註旗標"},{"$i":"opt-remove-flag","$v":"移除旗標"},{"$i":"opt-move-message","$v":"移至資料夾"},{"$i":"opt-delete-message","$v":"刪除"},{"$i":"opt-multi-select","$v":"選擇多個"},{"$i":"opt-search","$v":"搜尋"},{"$i":"opt-folders","$v":"檢視資料夾"},{"$i":"opt-sort","$v":"排序"},{"$i":"opt-sync","$v":"同步"},{"$i":"opt-account","$v":"切換帳號"},{"$i":"opt-settings","$v":"設定"},{"$i":"opt-edit","$v":"編輯"},{"$i":"opt-cancel","$v":"取消"},{"$i":"opt-save","$v":"儲存"},{"$i":"opt-move","$v":"移動"},{"$i":"opt-view","$v":"檢視"},{"$i":"opt-empty-trash","$v":"清空廢件"},{"$i":"opt-call-number","$v":"通話"},{"$i":"opt-compose-mail","$v":"撰寫"},{"$i":"opt-open-url","$v":"開啟"},{"$i":"select-option-on","$v":"開"},{"$i":"select-option-off","$v":"關"},{"$i":"select-option-imap-smtp","$v":"IMAP+SMTP"},{"$i":"select-option-pop3-smtp","$v":"POP3+SMTP"},{"$i":"select-option-activesync","$v":"ActiveSync"},{"$i":"toaster-switch-account","$v":"電郵帳號已切換至："},{"$i":"toaster-sorted-by","$v":"訊息排序依據"},{"$i":"cmp-reply","$v":"回覆"},{"$i":"cmp-reply-all","$v":"全部回覆"},{"$i":"cmp-forward","$v":"轉發訊息"},{"$i":"cmp-remove-attach","$v":"已移除附件"},{"$i":"select","$v":"選擇"},{"$i":"deselect","$v":"取消選擇"},{"$i":"cancel","$v":"取消"},{"$i":"enter","$v":"輸入"},{"$i":"remove-attachment","$v":"移除附件"},{"$i":"replace-attachment","$v":"取代附件"},{"$i":"add-attachment","$v":"新增附件"},{"$i":"add-contact","$v":"新增聯絡人"},{"$i":"add-cc","$v":"新增副本"},{"$i":"remove-cc","$v":"移除副本"},{"$i":"add-bcc","$v":"新增密件"},{"$i":"remove-bcc","$v":"移除密件"},{"$i":"attachment-download","$v":"下載"},{"$i":"attachment-share","$v":"分享"},{"$i":"send-new-mail","$v":"傳送新電郵"},{"$i":"view-contact","$v":"檢視聯絡人"},{"$i":"save-new-contact","$v":"儲存新聯絡人"},{"$i":"add-to-exsiting-contact","$v":"新增至現有聯絡人"},{"$i":"no","$v":"否"},{"$i":"yes","$v":"是"},{"$i":"retry","$v":"重試"},{"$i":"empty","$v":"清空"},{"$i":"empty-trash-confirm","$v":"是否要清空廢件？"},{"$i":"trash-emptied","$v":"已清空廢件"},{"$i":"next","$v":"下一步"},{"$i":"welcome-header","$v":"電郵"},{"$i":"welcome-msg","$v":"歡迎使用電郵。"},{"$i":"welcome-msg-setup","$v":"請按「下一步」以設定您的電郵帳號。"},{"$i":"discard","$v":"捨棄"},{"$i":"leave-this-page-warning-message","$v":"是否要捨棄電郵帳號資訊？"},{"$i":"finish","$v":"完成"},{"$i":"setup-done-msg","$v":"您已成功登入。是否要新增另一個帳號？"},{"$i":"save-as-draft","$v":"另存為草稿"},{"$i":"show-password","$v":"顯示密碼"},{"$i":"account-label","$v":"帳號標籤"},{"$i":"folders","$v":"資料夾"},{"$i":"security","$v":"安全性"},{"$i":"port-number","$v":"埠號"},{"$i":"domain-username","$v":"網域\\用戶名稱"},{"$i":"synchronizing","$v":"正在同步..."},{"$i":"browse-mail","$v":"瀏覽電郵"},{"$i":"never-sync","$v":"本地資料夾無法同步"},{"$i":"emptyDownloadFile","$v":"無法下載此檔案，可能為空"},{"$i":"sync","$v":"同步"},{"$i":"outbox-unsent-label","$v":{"few":["寄件匣中有",{"t":"idOrVar","v":"n"},"條未傳送的訊息"],"many":["寄件匣中有",{"t":"idOrVar","v":"n"},"條未傳送的訊息"],"one":"寄件匣中有1條未傳送的訊息","other":["寄件匣中有",{"t":"idOrVar","v":"n"},"條未傳送的訊息"],"two":"寄件匣中有2條未傳送的訊息"},"$x":[{"t":"idOrVar","v":"plural"},"n"]},{"$i":"storage-full-title","$v":"儲存裝置已滿"},{"$i":"storage-full-warning","$v":"您可以刪除部分媒體檔案或管理應用程式數據，來取得更多可用空間。"},{"$i":"storage-full","$v":"手機儲存空間已滿。"},{"$i":"storage-sdcard-full","$v":"SD卡已滿。"},{"$i":"view-address","$v":"檢視地址"},{"$i":"mail-address-title","$v":"電郵地址"},{"$i":"mail-address","$v":[{"t":"idOrVar","v":"address"}]},{"$i":"value-name","$v":[{"t":"idOrVar","v":"name"}]},{"$i":"account-deleted","$v":"帳戶已刪除。"},{"$i":"account-reEnable","$v":"帳號已存在。要同步帳號電郵嗎？"},{"$i":"setup-account-usedInfo","$v":"此帳號將用於下列應用程式。您可以在「設定」>「帳號」中變更此設定。"},{"$i":"setup-account-settingsInfo","$v":"每個應用程式都有不同的預設同步間隔時間，請在應用程式設定中查看。"},{"$i":"app-calendar","$v":"日曆"},{"$i":"app-contacts","$v":"聯絡人"},{"$i":"app-email","$v":"電郵"},{"$i":"weekday-0-long","$v":"星期日"},{"$i":"weekday-1-long","$v":"星期一"},{"$i":"weekday-2-long","$v":"星期二"},{"$i":"weekday-3-long","$v":"星期三"},{"$i":"weekday-4-long","$v":"星期四"},{"$i":"weekday-5-long","$v":"星期五"},{"$i":"weekday-6-long","$v":"星期六"},{"$i":"weekday-0-short","$v":"星期日"},{"$i":"weekday-1-short","$v":"星期一"},{"$i":"weekday-2-short","$v":"星期二"},{"$i":"weekday-3-short","$v":"星期三"},{"$i":"weekday-4-short","$v":"星期四"},{"$i":"weekday-5-short","$v":"星期五"},{"$i":"weekday-6-short","$v":"星期六"},{"$i":"month-0-long","$v":"一月"},{"$i":"month-1-long","$v":"二月"},{"$i":"month-2-long","$v":"三月"},{"$i":"month-3-long","$v":"四月"},{"$i":"month-4-long","$v":"五月"},{"$i":"month-5-long","$v":"六月"},{"$i":"month-6-long","$v":"七月"},{"$i":"month-7-long","$v":"八月"},{"$i":"month-8-long","$v":"九月"},{"$i":"month-9-long","$v":"十月"},{"$i":"month-10-long","$v":"十一月"},{"$i":"month-11-long","$v":"十二月"},{"$i":"month-0-genitive","$v":"一月"},{"$i":"month-1-genitive","$v":"二月"},{"$i":"month-2-genitive","$v":"三月"},{"$i":"month-3-genitive","$v":"四月"},{"$i":"month-4-genitive","$v":"五月"},{"$i":"month-5-genitive","$v":"六月"},{"$i":"month-6-genitive","$v":"七月"},{"$i":"month-7-genitive","$v":"八月"},{"$i":"month-8-genitive","$v":"九月"},{"$i":"month-9-genitive","$v":"十月"},{"$i":"month-10-genitive","$v":"十一月"},{"$i":"month-11-genitive","$v":"十二月"},{"$i":"month-0-short","$v":"1月"},{"$i":"month-1-short","$v":"2月"},{"$i":"month-2-short","$v":"3月"},{"$i":"month-3-short","$v":"4月"},{"$i":"month-4-short","$v":"5月"},{"$i":"month-5-short","$v":"6月"},{"$i":"month-6-short","$v":"7月"},{"$i":"month-7-short","$v":"8月"},{"$i":"month-8-short","$v":"9月"},{"$i":"month-9-short","$v":"10月"},{"$i":"month-10-short","$v":"11月"},{"$i":"month-11-short","$v":"12月"},{"$i":"minutes-ago-long","$v":{"few":[{"t":"idOrVar","v":"value"},"分鐘前"],"many":[{"t":"idOrVar","v":"value"},"分鐘前"],"one":"1分鐘前","other":[{"t":"idOrVar","v":"value"},"分鐘前"],"two":[{"t":"idOrVar","v":"value"},"分鐘前"],"zero":"剛才"},"$x":[{"t":"idOrVar","v":"plural"},"value"]},{"$i":"hours-ago-long","$v":{"few":[{"t":"idOrVar","v":"value"},"小時前"],"many":[{"t":"idOrVar","v":"value"},"小時前"],"one":"1小時前","other":[{"t":"idOrVar","v":"value"},"小時前"],"two":[{"t":"idOrVar","v":"value"},"小時前"],"zero":"剛才"},"$x":[{"t":"idOrVar","v":"plural"},"value"]},{"$i":"days-ago-long","$v":{"few":[{"t":"idOrVar","v":"value"},"天前"],"many":[{"t":"idOrVar","v":"value"},"天前"],"one":"昨日","other":[{"t":"idOrVar","v":"value"},"天前"],"two":[{"t":"idOrVar","v":"value"},"天前"],"zero":"今日"},"$x":[{"t":"idOrVar","v":"plural"},"value"]},{"$i":"weeks-ago-long","$v":{"few":[{"t":"idOrVar","v":"value"},"週前"],"many":[{"t":"idOrVar","v":"value"},"週前"],"one":"上週","other":[{"t":"idOrVar","v":"value"},"週前"],"two":[{"t":"idOrVar","v":"value"},"週前"],"zero":"本週"},"$x":[{"t":"idOrVar","v":"plural"},"value"]},{"$i":"months-ago-long","$v":{"few":[{"t":"idOrVar","v":"value"},"個月前"],"many":[{"t":"idOrVar","v":"value"},"個月前"],"one":"上個月","other":[{"t":"idOrVar","v":"value"},"個月前"],"two":[{"t":"idOrVar","v":"value"},"個月前"],"zero":"本月"},"$x":[{"t":"idOrVar","v":"plural"},"value"]},{"$i":"years-ago-long","$v":{"few":[{"t":"idOrVar","v":"value"},"年前"],"many":[{"t":"idOrVar","v":"value"},"年前"],"one":"上一年","other":[{"t":"idOrVar","v":"value"},"年前"],"two":[{"t":"idOrVar","v":"value"},"年前"],"zero":"今年"},"$x":[{"t":"idOrVar","v":"plural"},"value"]},{"$i":"minutes-until-long","$v":{"few":[{"t":"idOrVar","v":"value"},"分鐘後"],"many":[{"t":"idOrVar","v":"value"},"分鐘後"],"one":"1分鐘後","other":[{"t":"idOrVar","v":"value"},"分鐘"],"two":[{"t":"idOrVar","v":"value"},"分鐘後"],"zero":"現在"},"$x":[{"t":"idOrVar","v":"plural"},"value"]},{"$i":"hours-until-long","$v":{"few":[{"t":"idOrVar","v":"value"},"小時後"],"many":[{"t":"idOrVar","v":"value"},"小時後"],"one":"1小時","other":[{"t":"idOrVar","v":"value"},"小時後"],"two":[{"t":"idOrVar","v":"value"},"小時"],"zero":"現在"},"$x":[{"t":"idOrVar","v":"plural"},"value"]},{"$i":"days-until-long","$v":{"few":[{"t":"idOrVar","v":"value"},"天後"],"many":[{"t":"idOrVar","v":"value"},"天後"],"one":"明日","other":[{"t":"idOrVar","v":"value"},"天後"],"two":[{"t":"idOrVar","v":"value"},"天後"],"zero":"今日"},"$x":[{"t":"idOrVar","v":"plural"},"value"]},{"$i":"weeks-until-long","$v":{"few":[{"t":"idOrVar","v":"value"},"週後"],"many":[{"t":"idOrVar","v":"value"},"週後"],"one":"下週","other":[{"t":"idOrVar","v":"value"},"週後"],"two":[{"t":"idOrVar","v":"value"},"週後"],"zero":"本週"},"$x":[{"t":"idOrVar","v":"plural"},"value"]},{"$i":"months-until-long","$v":{"few":[{"t":"idOrVar","v":"value"},"個月後"],"many":[{"t":"idOrVar","v":"value"},"個月後"],"one":"下個月","other":[{"t":"idOrVar","v":"value"},"個月後"],"two":[{"t":"idOrVar","v":"value"},"個月後"],"zero":"本月"},"$x":[{"t":"idOrVar","v":"plural"},"value"]},{"$i":"years-until-long","$v":{"few":[{"t":"idOrVar","v":"value"},"年後"],"many":[{"t":"idOrVar","v":"value"},"年後"],"one":"下一年","other":[{"t":"idOrVar","v":"value"},"年後"],"two":[{"t":"idOrVar","v":"value"},"年後"],"zero":"今年"},"$x":[{"t":"idOrVar","v":"plural"},"value"]},{"$i":"minutes-ago-short","$v":{"other":[{"t":"idOrVar","v":"value"},"m前"],"zero":"剛才"},"$x":[{"t":"idOrVar","v":"plural"},"value"]},{"$i":"hours-ago-short","$v":{"other":[{"t":"idOrVar","v":"value"},"h前"],"zero":"剛才"},"$x":[{"t":"idOrVar","v":"plural"},"value"]},{"$i":"days-ago-short","$v":{"other":[{"t":"idOrVar","v":"value"},"d前"],"zero":"今日"},"$x":[{"t":"idOrVar","v":"plural"},"value"]},{"$i":"minutes-until-short","$v":{"other":[{"t":"idOrVar","v":"value"},"分鐘後"],"zero":"現在"},"$x":[{"t":"idOrVar","v":"plural"},"value"]},{"$i":"hours-until-short","$v":{"other":[{"t":"idOrVar","v":"value"},"小時後"],"zero":"現在"},"$x":[{"t":"idOrVar","v":"plural"},"value"]},{"$i":"days-until-short","$v":{"other":[{"t":"idOrVar","v":"value"},"天後"],"zero":"今日"},"$x":[{"t":"idOrVar","v":"plural"},"value"]},{"$i":"incorrectDate","$v":"(日期不正確)"},{"$i":"dateTimeFormat_%c","$v":"%a %b %e %Y %I:%M:%S %p"},{"$i":"dateTimeFormat_%x","$v":"%m/%d/%Y"},{"$i":"dateTimeFormat_%X","$v":"%I:%M:%S %p"},{"$i":"shortTimeFormat","$v":"%I:%M %p"},{"$i":"shortTimeFormat12","$v":"%I:%M %p"},{"$i":"shortTimeFormat24","$v":"%H:%M"},{"$i":"shortDateTimeFormat","$v":"%x %I:%M %p"},{"$i":"weekStartsOnMonday","$v":"0.0"},{"$i":"firstDayOfTheWeek","$v":"0.0"},{"$i":"time_am","$v":"AM"},{"$i":"time_pm","$v":"PM"}]