[{"$i":"setup-app-name-header","$v":"Imeyili"},{"$i":"setup-empty-account-message","$v":"Awukasethi ukuthumela nokuthola i-imeyili. Setha i-akhawunti ukuze uqedele umsebenzi."},{"$i":"setup-pick-service","$v":"Ukuze uthumele futhi wamukele i-imeyili, kudingeka usethe i-akhawunti."},{"$i":"setup-account-header3","$v":"Ukungena kwe-akhawunti"},{"$i":"setup-account-password","$v":"Iphasiwedi"},{"$i":"setup-info-next","$v":"Okulandelayo"},{"$i":"setup-progress-wait-msg","$v":"Ukusetha i-akhawunti"},{"$i":"setup-sync-progress-wait-msg","$v":"Ukuvumelanisa i-akhawunti"},{"$i":"setup-completed-header","$v":"Siyakuhalalisela!"},{"$i":"setup-completed-label","$v":"Konke kufeziwe!"},{"$i":"setup-add-another-account","$v":"Faka enye i-akhawunti"},{"$i":"setup-show-mail","$v":"Qhebeka Uye Kwi-meyili"},{"$i":"setup-done-add","$v":"Faka I-akhawunti"},{"$i":"setup-error-offline","$v":"Le divayisi njengamanje ayikho ku-inthanethi. Xhuma kwinethiweki uzame futhi."},{"$i":"setup-error-bad-user-or-pass2","$v":"Igama lomsebenzisi noma iphasiwedi ayilungile. Hlola ukuthi awenzanga iphutha lapho ubhala."},{"$i":"setup-error-bad-address","$v":"Ikheli le-imeyili alilungile. Hlola ukuthi awenzanga iphutha lapho ubhala."},{"$i":"setup-error-not-authorized","$v":"Iseva ithi awunalo igunya lokwenza i-akhawunti"},{"$i":"setup-error-pop-server-not-great","$v":"Iseva ayisekelwa. I-POP3 seva ayizenzi lezinto ezidingekayo."},{"$i":"setup-error-unknown2","$v":"Kuvele iphutha elingaziwa. Hlola ukuxhuma kwenethiwekhi yakho noma uzame ukuzilungisela wena."},{"$i":"setup-error-needs-app-pass","$v":"Kumelwe usebenzise iphasiwedi ekhethekile ye-aplikheshini kwi-akhawunti ye-Gmail ekabili"},{"$i":"setup-error-imap-disabled","$v":"Kumelwe uvule i-IMAP ukuze i-akhawunti yakho ye-Gmail isebenze"},{"$i":"setup-error-pop3-disabled","$v":"Kumelwe uvule i-POP3 ukuze i-akhawunti yakho ye-Gmail isebenze"},{"$i":"setup-error-bad-security","$v":["Ayikwazi ukuthola ukuxhuma okuphephile kwi \"",{"t":"idOrVar","v":"server"},"\". Kungenzeka kunenkinga kwinethiwekhi yakho noma kwiseva."]},{"$i":"setup-error-unresponsive-server","$v":["Ayikwazi ukuthola ukuxhuma okuphephile kwi \"",{"t":"idOrVar","v":"server"},"\". Kungenzeka kunenkinga kwinethiwekhi."]},{"$i":"setup-error-server-problem","$v":["Kunenkinga kwiseva \"",{"t":"idOrVar","v":"server"},"\". Zama futhi ngemva kwesikhathi."]},{"$i":"setup-error-no-config-info","$v":"Ayikwazi ukuhlela ngokuzenzakalelayo i-akhawunti yakho. Lungisa ikheli le-imeyili yakho noma uzame ukuyihlela ngokwakho."},{"$i":"setup-error-server-maintenance","$v":["Iseva \"",{"t":"idOrVar","v":"server"},"” ayikho ku-inthanethi isalungiswa. Phinde uzame futhi ngemva kwesikhathi."]},{"$i":"setup-error-account-already-exists","$v":"Le akhawunti isihleliwe kakade."},{"$i":"setup-manual-config2","$v":"Okusezingeni eliphezulu"},{"$i":"setup-manual-config-header","$v":"Ukungena kwe-akhawunti"},{"$i":"setup-manual-account-type-header","$v":"Uhlobo lwe-akhawunti"},{"$i":"setup-manual-account-type","$v":"Uhlobo lwe-akhawunti"},{"$i":"setup-manual-account-type-select","ariaLabel":"Uhlobo le-akhawunti"},{"$i":"setup-manual-imap-header","$v":"Amasethingi E-IMAP"},{"$i":"setup-manual-pop3-header","$v":"Amasethingi e-POP3"},{"$i":"setup-manual-smtp-header","$v":"Amasethingi E-SMTP"},{"$i":"setup-manual-activesync-header","$v":"Amasethingi e-ActiveSync"},{"$i":"setup-manual-next","$v":"Okulandelayo"},{"$i":"setup-manual-socket","$v":"Uhlobo lwesokhethi"},{"$i":"setup-manual-socket-ssl","$v":"I-SSL"},{"$i":"setup-manual-socket-starttls","$v":"STARTTLS"},{"$i":"setup-manual-socket-select","ariaLabel":"Ukuxhumana nezokuvikela"},{"$i":"setup-manual-socket-plain","$v":"Akufihliwe"},{"$i":"setup-bad-password-header","$v":"Iphasiwedi engalungile"},{"$i":"setup-bad-password","$v":"Ayikwazanga ukungena kuseva. Sicela uphinde uzame iphasiwedi."},{"$i":"setup-new-password","placeholder":"Iphasiwedi entsha"},{"$i":"setup-fix-password","$v":"Zama ngephasiwedi entsha"},{"$i":"setup-gmail-twofactor-header","$v":"Okukabili Kuvuliwe"},{"$i":"setup-gmail-twofactor-message","$v":"Kumelwe ufake iphasiwedi ekhethekile ye-aplikheshini ngezansi."},{"$i":"setup-gmail-imap-header","$v":"I-IMAP avaliwe"},{"$i":"setup-gmail-imap-message","$v":"Kumelwe uvule i-IMAP ukuze i-akhawunti yakho ye-Gmail isebenze"},{"$i":"setup-gmail-retry","$v":"Zama futhi"},{"$i":"setup-gmail-pop3-header","$v":"POP3 Ivaliwe"},{"$i":"setup-gmail-pop3-message","$v":"Kumelwe uvule i-POP3 ukuze i-akhawunti yakho ye-Gmail isebenze"},{"$i":"setup-fix-oauth2-header","$v":"Nika I-imeyili Igunya Futhi"},{"$i":"setup-fix-oauth2-description","$v":"I-imeyili idinga ukugunyazwa futhi ukuze ikwazi ukungena kule akhawunti:"},{"$i":"setup-fix-oauth2-reauthorize","$v":"Phinde unikeze igunya"},{"$i":"settings-main-header","$v":"Amasethingi E-imeyili"},{"$i":"settings-sub-header-account","$v":"I-akhawunti"},{"$i":"settings-account-group","ariaLabel":"I-akhawunti"},{"$i":"settings-account-name","$v":"Igama Lakho"},{"$i":"settings-account-label","$v":"Ilebula Ye-akhawunti"},{"$i":"settings-account-display-notifications","$v":"Ukuveza Imiyalezo Ye-imeyili Entsha"},{"$i":"settings-account-play-sound-onsend","$v":"Dlala Umsindo Ngemva Kokuthumela Umyalezo"},{"$i":"settings-account-signature-label","$v":"Isiginesha"},{"$i":"settings-sub-header-data","$v":"Idatha"},{"$i":"settings-data-group","ariaLabel":"Idatha"},{"$i":"settings-account-check-mail","$v":"Hlola Imilayezo Emisha"},{"$i":"settings-account-check-mail-select","ariaLabel":"Hlola Imilayezo Emisha"},{"$i":"settings-sub-header-server","$v":"Amasethingi Eseva"},{"$i":"settings-server-group","ariaLabel":"Amasethingi eseva"},{"$i":"settings-account-userpass","$v":"Igama lomsebenzisi Nephasiwedi"},{"$i":"settings-account-useroauth2","$v":"Igama lomsebenzisi"},{"$i":"settings-default-signature-2","$v":"Ithunyelwe isuka ocingweni lwami"},{"$i":"settings-done","$v":"Kwenziwe"},{"$i":"settings-account-section","$v":"Ama-akhawunti"},{"$i":"settings-account-listbox","ariaLabel":"Ama-akhawunti"},{"$i":"settings-account-add","$v":"Faka"},{"$i":"settings-account-delete","$v":"Susa i-akhawunti"},{"$i":"settings-account-delete-prompt","$v":["Uyaqiniseka ukuthi ufuna ukususa ",{"t":"idOrVar","v":"account"}," i-akhawunti ye-imeyili?"]},{"$i":"settings-account-delete-desc","$v":"Kuzodingeka udawunilode kabusha i-imeyili yakho uma wenza i-akhawunti kabusha."},{"$i":"settings-account-delete-cancel","$v":"Khansela"},{"$i":"settings-account-delete-confirm","$v":"Susa"},{"$i":"settings-account-clarify","$v":[{"t":"idOrVar","v":"account-name"}]},{"$i":"settings-account-clarify-imap","$v":[{"t":"idOrVar","v":"account-name"}," (IMAP)"]},{"$i":"settings-account-clarify-pop3","$v":[{"t":"idOrVar","v":"account-name"}," (POP3)"]},{"$i":"settings-account-clarify-smtp","$v":[{"t":"idOrVar","v":"account-name"}," (SMTP)"]},{"$i":"settings-general-section","$v":"Amasethingi avamile"},{"$i":"settings-show-images","$v":"Hlale uzibonisa izithombe"},{"$i":"settings-download-attachments","$v":"Dawuniloda okunanyathelisiwe"},{"$i":"settings-check-every-5min","$v":"Njalo Ngemva Kwemizuzu Emihlanu"},{"$i":"settings-check-every-10min","$v":"Njalo Ngemva Kwemizuzu Eyishummi"},{"$i":"settings-check-every-15min","$v":"Njalo Ngemva Kwemizuzu Engu-15"},{"$i":"settings-check-every-30min","$v":"Njalo Ngemva Kwemizuzu Engu-30"},{"$i":"settings-check-every-60min","$v":"Njalo Ngemva Kwehora"},{"$i":"settings-check-every-manual","$v":"Ngokuzenzela"},{"$i":"settings-check-dynamic","$v":{"few":[{"t":"idOrVar","v":"n"}," imizuzwana"],"many":[{"t":"idOrVar","v":"n"}," imizuzwana"],"one":[{"t":"idOrVar","v":"n"}," umzuzwana"],"other":[{"t":"idOrVar","v":"n"}," imizuzwana"],"two":[{"t":"idOrVar","v":"n"}," imizuzwana"],"zero":"ayisebenzi"},"$x":[{"t":"idOrVar","v":"plural"},"n"]},{"$i":"settings-default-account","$v":"Isethe Njenge-mayili Eyinhloko"},{"$i":"settings-account-type","$v":"Uhlobo lwe-akhawunti"},{"$i":"settings-account-credentials","$v":"Imininingwane"},{"$i":"settings-activesync-label","$v":"Amasethingi e-ActiveSync"},{"$i":"settings-imap-label","$v":"Amasethingi E-IMS"},{"$i":"settings-pop3-label","$v":"Amasethingi e-POP3"},{"$i":"settings-smtp-label","$v":"Amasethingi E-SMTP"},{"$i":"settings-hostname","$v":"Igama lophethe"},{"$i":"settings-port","$v":"I-Port"},{"$i":"settings-username","$v":"Igama lomsebenzisi"},{"$i":"settings-password","$v":"Iphasiwedi"},{"$i":"settings-save","$v":"Londoloza"},{"$i":"password-saved","$v":"Iphasiwedi ilondoloziwe."},{"$i":"settings-reauth","$v":"Phinde unikeze igunya"},{"$i":"settings-account-synchronize-window","$v":"Izinsuku Zoku-sync"},{"$i":"settings-account-synchronize-window-select","ariaLabel":"Izinsuku Zoku-sync"},{"$i":"settings-synchronize-auto","$v":"Iyazenzakalela"},{"$i":"settings-synchronize-one-day","$v":"Usuku olulodwa"},{"$i":"settings-synchronize-three-days","$v":"Izinsuku ezingu-3"},{"$i":"settings-synchronize-one-week","$v":"Iviki elilodwa"},{"$i":"settings-synchronize-two-weeks","$v":"Amaviki angu-2"},{"$i":"settings-synchronize-one-month","$v":"Inyanga eyodwa"},{"$i":"settings-synchronize-all","$v":"Yonke Imilayezo"},{"$i":"envelope-from","$v":"Ivela ku"},{"$i":"envelope-to","$v":"Ku-"},{"$i":"envelope-cc","$v":"Cc"},{"$i":"envelope-bcc","$v":"I-Bcc"},{"$i":"message-header-state-sending","ariaLabel":"Iyathumela"},{"$i":"message-header-state-error","ariaLabel":"Iphutha lokuthumela"},{"$i":"message-header-unread","ariaLabel":"Okungafundiwe"},{"$i":"message-header-reply","ariaLabel":"Phendula"},{"$i":"message-header-forward","ariaLabel":"Phambili"},{"$i":"message-header-starred","ariaLabel":"Kukhona inkanyezi"},{"$i":"message-header-attachments","ariaLabel":"Kukhona okunanyathelisiwe"},{"$i":"message-body-container","ariaLabel":"Indikimba yomyalezo"},{"$i":"message-body-container-progress","ariaValueText":"Iyalowuda"},{"$i":"subject","ariaLabel":"Isihloko"},{"$i":"attachments-container","ariaLabel":"Okunanyatheliswayo"},{"$i":"from-group","ariaLabel":"Ivela ku"},{"$i":"to-group","ariaLabel":"Iya ku"},{"$i":"cc-group","ariaLabel":"CC:"},{"$i":"bcc-group","ariaLabel":"I-Bcc"},{"$i":"compose-header","$v":"Bhala umyalezo"},{"$i":"compose-header-short","$v":"Bhala"},{"$i":"compose-send","$v":"Thumela"},{"$i":"compose-send-button","ariaLabel":"Thumela"},{"$i":"compose-to","$v":"Iya ku"},{"$i":"compose-cc","$v":"Cc"},{"$i":"compose-bcc","$v":"I-Bcc"},{"$i":"compose-cc-remove","$v":"Uhlu lwe-cc lususiwe."},{"$i":"compose-bcc-remove","$v":"Uhlu lwe-bcc lususiwe."},{"$i":"compose-contact-add","ariaLabel":"Faka inombolo oxhumana nayo"},{"$i":"compose-attachments","$v":{"few":["Okunanyathiselwe (",{"t":"idOrVar","v":"n"},")"],"many":["Okunanyathiselwe (",{"t":"idOrVar","v":"n"},")"],"one":["Okunanyathiselwe (",{"t":"idOrVar","v":"n"},")"],"other":["Okunanyathiselwe (",{"t":"idOrVar","v":"n"},")"],"two":["Okunanyathiselwe (",{"t":"idOrVar","v":"n"},")"],"zero":"Okunanyathiselwe"},"$x":[{"t":"idOrVar","v":"plural"},"n"]},{"$i":"compose-text","ariaLabel":"Hlela"},{"$i":"compose-attachment-still-working","$v":"Kancanje nje, isasebenza ngosanda kukunamathelisa..."},{"$i":"compose-attachment-loading","$v":"Ilayisha okunamathiselwe..."},{"$i":"compose-attachments-loading","$v":"Ilayisha okunamathiselwe..."},{"$i":"compose-forward-attachment-error-title","$v":"Ukudawuniloda kuhlulekile."},{"$i":"compose-forward-attachment-error-title2","$v":"Iphutha"},{"$i":"compose-forward-attachment-unable-load","$v":"Ayikwazi ukulayisha okunamathiselwe."},{"$i":"compose-forward-attachments-unable-load","$v":"Ayikwazi ukulayisha okunamathiselwe."},{"$i":"compose-forward-attachment-load-error","$v":"Okunye okunamathiselwe akukwazanga ukulayishwa."},{"$i":"confirmation-title","$v":"Ukuqinisekisa"},{"$i":"compose-subject","$v":"Isihloko"},{"$i":"compose-draft-save","$v":"Kugcine Kumadraft"},{"$i":"compose-discard-confirm","$v":"Lahla"},{"$i":"compose-draft-dialog-cancel","$v":"Khansela"},{"$i":"compose-draft-dialog-save","$v":"Londoloza"},{"$i":"composer-draft-saved","$v":"Umyalezo ugcinwe Kumadraft"},{"$i":"attention","$v":"Qaphela"},{"$i":"compose-send-message-failed","$v":"Ukuthumela i-imeyili kuhlulekile"},{"$i":"compose-attchment-size-exceeded","$v":"Lokhu okukhethile ofuna ukukunamathelisa kukhulu kakhulu ukuthi ungakuthumela nalo myalezo."},{"$i":"compose-attchments-size-exceeded","$v":"Lokhu okukhethile ofuna ukukunamathelisa kukhulu kakhulu ukuthi ungakuthumela nalo myalezo. Zama ukukhetha amafayela ambalwa."},{"$i":"composer-attachment-large-title","$v":"Usayizi wefayela mkhulu kakhulu"},{"$i":"default-attachment-filename","$v":["Okunanyathelisiwe (",{"t":"idOrVar","v":"n"},")"]},{"$i":"attachment-size-meb","$v":[{"t":"idOrVar","v":"megabytes"}," MB"]},{"$i":"attachment-size-kib","$v":[{"t":"idOrVar","v":"kilobytes"}," KB"]},{"$i":"attachment-size-byte","$v":[{"t":"idOrVar","v":"bytes"}," B"]},{"$i":"message-attachment-view","$v":"Buka"},{"$i":"message-attachment-did-not-open-label","$v":"Ayikwazi ukuvula"},{"$i":"message-attachment-did-not-open-body","$v":"Idivayisi ayinayi i-aplikheshini engavula lokhu okunanyathelisiwe."},{"$i":"message-attachment-too-large","$v":"Leli fayela likhulu kakhulu ukuthi ungalidawuniloda."},{"$i":"message-attachment-not-found","$v":"Ayikwazanga ukuthola ifayela elinamathiselwe, kungenzeka lisusiwe."},{"$i":"message-attachment-download-fail","$v":[{"t":"idOrVar","v":"fileName"}," - Ukudawuniloda kuhlulekile."]},{"$i":"message-no-subject","$v":"(Asikho isihloko)"},{"$i":"message-edit-menu-edit","$v":"Hlela"},{"$i":"message-edit-menu-delete","$v":"Susa"},{"$i":"message-edit-delete-confirm","$v":"Susa lo mlayezo we-imeyili?"},{"$i":"message-forward-attachment-title","$v":"Okunanyathiselwe"},{"$i":"message-forward-attachment","$v":"Dlulisela phambili okunamathiselwe nakho?"},{"$i":"message-forward-attachments","$v":"Dlulisela phambili okunamathiselwe nakho?"},{"$i":"message-multiedit-header","$v":{"few":[{"t":"idOrVar","v":"n"}," ikhethiwe"],"many":[{"t":"idOrVar","v":"n"}," ikhethiwe"],"one":[{"t":"idOrVar","v":"n"}," ikhethiwe"],"other":[{"t":"idOrVar","v":"n"}," ikhethiwe"],"two":[{"t":"idOrVar","v":"n"}," ikhethiwe"],"zero":[{"t":"idOrVar","v":"n"}," ikhethiwe"]},"$x":[{"t":"idOrVar","v":"plural"},"n"]},{"$i":"message-multiedit-search-header","$v":{"few":[{"t":"idOrVar","v":"n"}," ikhethiwe"],"many":[{"t":"idOrVar","v":"n"}," ikhethiwe"],"one":[{"t":"idOrVar","v":"n"}," ikhethiwe"],"other":[{"t":"idOrVar","v":"n"}," ikhethiwe"],"two":[{"t":"idOrVar","v":"n"}," ikhethiwe"],"zero":"0 okukhethiwe"},"$x":[{"t":"idOrVar","v":"plural"},"n"]},{"$i":"browse-to-url-prompt","$v":["Brawuza uye ku-URL: ",{"t":"idOrVar","v":"url"}]},{"$i":"message-download-images-tap","$v":{"few":["Le imeyili iqukethe  ",{"t":"idOrVar","v":"n"}," izithombe. Thepha ukuze udawunilode."],"many":["Le imeyili iqukethe  ",{"t":"idOrVar","v":"n"}," izithombe. Thepha ukuze udawunilode."],"one":"Le imeyili iqukethe  isithombe esisodwa. Thepha ukuze udawunilode.","other":["Le imeyili iqukethe  ",{"t":"idOrVar","v":"n"}," izithombe. Thepha ukuze udawunilode."],"two":["Le imeyili iqukethe  ",{"t":"idOrVar","v":"n"}," izithombe. Thepha ukuze udawunilode."]},"$x":[{"t":"idOrVar","v":"plural"},"n"]},{"$i":"message-show-external-images","$v":"Bonisa izithombe ezingaphandle"},{"$i":"message-delete-cancel","$v":"Khansela"},{"$i":"message-multiedit-delete-confirm","$v":{"few":["Dilitha ",{"t":"idOrVar","v":"n"}," imiyalezo?"],"many":["Dilitha ",{"t":"idOrVar","v":"n"}," imiyalezo?"],"one":"Susa lo mlayezo we-imeyili okhethiwe?","other":["Dilitha ",{"t":"idOrVar","v":"n"}," imiyalezo?"],"two":["Dilitha ",{"t":"idOrVar","v":"n"}," imiyalezo?"]},"$x":[{"t":"idOrVar","v":"plural"},"n"]},{"$i":"message-large-message-cancel","$v":"Khansela"},{"$i":"message-large-message-ok","$v":"Qhubeka"},{"$i":"message-large-message-confirm","$v":"Lo myalezo mkhulu futhi kungathatha isikhathi ukuwudawuniloda."},{"$i":"message-large-message-warning","$v":"Umlayezo mkhulu kakhulu ukuthi ungalandwa."},{"$i":"message-search-header","$v":"Cinga"},{"$i":"search-result","$v":[{"t":"idOrVar","v":"num"}," Kutholakele Okufana Nakho"]},{"$i":"message-search-from","$v":"Ivela ku"},{"$i":"message-search-to","$v":"Iya ku"},{"$i":"message-search-subject","$v":"Isihloko"},{"$i":"message-search-body","$v":"Umzimba"},{"$i":"message-search-all","$v":"Konke"},{"$i":"message-search-input","placeholder":"Cinga Imeyili"},{"$i":"message-search-cancel","$v":"Khansela"},{"$i":"messages-syncing","$v":"Lowuda Imilayezo"},{"$i":"messages-syncing-progressbar","ariaValueText":"Lowuda Imilayezo"},{"$i":"messages-load-more","$v":"Lowuda Imiyalezo Eyengeziwe"},{"$i":"messages-folder-empty","$v":"Ayikho imeyili kuleli Folder"},{"$i":"messages-search-empty","$v":"Akukho lutho olufana nalokhu emiyalezweni elondoloziwe"},{"$i":"messages-folder-select","$v":"Thumela kuFolder"},{"$i":"messages-folder-unread-max","$v":"999+"},{"$i":"message-contact-menu-create","$v":"Londoloza oxhumana naye omusha"},{"$i":"message-contact-menu-add-existing","$v":"Engeza kwengixhumana naye okhona kakade"},{"$i":"message-contact-menu-view","$v":"Bheka engixhumana nabo"},{"$i":"message-contact-menu-reply","$v":"Phendula"},{"$i":"message-contact-menu-new","$v":"Thumela i-imeyili entsha"},{"$i":"message-reply-menu-reply","$v":"Phendula"},{"$i":"message-reply-menu-reply-all","$v":"Phendula bonke"},{"$i":"message-reply-menu-forward","$v":"Phambili"},{"$i":"message-reply-menu-cancel","$v":"Khansela"},{"$i":"reply-quoting-wrote","$v":"{name} okubhaliwe"},{"$i":"forward-original-message","$v":"Umyalezo wokuqala"},{"$i":"forward-header-subject","$v":"Isihloko"},{"$i":"forward-header-date","$v":"Usuku"},{"$i":"forward-header-from","$v":"Ivela ku"},{"$i":"forward-header-reply-to","$v":"Phendula ku-"},{"$i":"forward-header-to","$v":"Iya ku"},{"$i":"forward-header-cc","$v":"Cc"},{"$i":"folder-inbox","$v":"Okusebhokisini"},{"$i":"folder-sent","$v":"Kuthunyelwe"},{"$i":"folder-drafts","$v":"Amadraft"},{"$i":"folder-trash","$v":"Udoti"},{"$i":"folder-queue","$v":"Okungathunyelwe"},{"$i":"folder-junk","$v":"I-Imeyili engadingeki"},{"$i":"folder-archives","$v":"Okugciniwe"},{"$i":"folder-localdrafts","$v":"Idraft"},{"$i":"folder-outbox","$v":"Ibhokisi lemilayezo ephumayo"},{"$i":"drawer-back","$v":"Emuva"},{"$i":"drawer-accounts-header","$v":"Ama-akhawunti"},{"$i":"drawer-settings-link","$v":"Amasethingi"},{"$i":"folder-last-synced-label","$v":"Ukugcina uku-sync"},{"$i":"messages-refresh-progress","ariaValueText":"Iyavuselela"},{"$i":"no-internet-connection","$v":"Alukho uxhumo lwe-inthanethi."},{"$i":"toaster-undo","$v":"Hoxisa osekwenziwe"},{"$i":"toaster-message-star","$v":{"few":[{"t":"idOrVar","v":"n"}," imiyalezo inefulegi"],"many":[{"t":"idOrVar","v":"n"}," imiyalezo inefulegi"],"one":"Umyalezo unefulegi","other":[{"t":"idOrVar","v":"n"}," imiyalezo inefulegi"],"two":[{"t":"idOrVar","v":"n"}," imiyalezo inefulegi"]},"$x":[{"t":"idOrVar","v":"plural"},"n"]},{"$i":"toaster-message-unstar","$v":{"few":[{"t":"idOrVar","v":"n"}," amafulegi emiyalezo asusiwe"],"many":[{"t":"idOrVar","v":"n"}," amafulegi emiyalezo asusiwe"],"one":"Amafulegi emiyalezo asusiwe","other":[{"t":"idOrVar","v":"n"}," amafulegi emiyalezo asusiwe"],"two":[{"t":"idOrVar","v":"n"}," amafulegi emiyalezo asusiwe"]},"$x":[{"t":"idOrVar","v":"plural"},"n"]},{"$i":"toaster-message-read","$v":{"few":[{"t":"idOrVar","v":"n"}," maka imiyalezo njengefundiwe"],"many":[{"t":"idOrVar","v":"n"}," maka imiyalezo njengefundiwe"],"one":"Umyalezo umakwe njengofundiwe","other":[{"t":"idOrVar","v":"n"}," maka imiyalezo njengefundiwe"],"two":[{"t":"idOrVar","v":"n"}," maka imiyalezo njengefundiwe"]},"$x":[{"t":"idOrVar","v":"plural"},"n"]},{"$i":"toaster-message-unread","$v":{"few":[{"t":"idOrVar","v":"n"}," imiyalezo imakwe njengengafundiwe"],"many":[{"t":"idOrVar","v":"n"}," imiyalezo imakwe njengengafundiwe"],"one":"Imiyalezo imakwe njengengafundiwee","other":[{"t":"idOrVar","v":"n"}," imiyalezo imakwe njengengafundiwe"],"two":[{"t":"idOrVar","v":"n"}," imiyalezo imakwe njengengafundiwe"]},"$x":[{"t":"idOrVar","v":"plural"},"n"]},{"$i":"toaster-message-move","$v":{"few":[{"t":"idOrVar","v":"n"}," imiyalezo ithuthelwe kufolder:"],"many":[{"t":"idOrVar","v":"n"}," imiyalezo ithuthelwe kufolder:"],"one":"Imiyalezo ithuthelwe kufolder:","other":[{"t":"idOrVar","v":"n"}," imiyalezo ithuthelwe kufolder:"],"two":[{"t":"idOrVar","v":"n"}," imiyalezo ithuthelwe kufolder:"]},"$x":[{"t":"idOrVar","v":"plural"},"n"]},{"$i":"toaster-message-delete","$v":{"few":[{"t":"idOrVar","v":"n"}," ama-meyili asusiwe"],"many":[{"t":"idOrVar","v":"n"}," ama-meyili asusiwe"],"one":"Imeyili eyodwa isusiwe","other":[{"t":"idOrVar","v":"n"}," ama-meyili asusiwe"],"two":[{"t":"idOrVar","v":"n"}," ama-meyili asusiwe"]},"$x":[{"t":"idOrVar","v":"plural"},"n"]},{"$i":"toaster-sync-failed","$v":"Ayikwazi ukuxhuma kuseva"},{"$i":"compose-invalid-addresses-title","$v":"Amakheli Angalungile"},{"$i":"compose-invalid-addresses-description","$v":"Umyalezo wakho une-imeyili eyodwa noma amabili angalungile. Sicela uwalungise ngaphambi kokuba uthumele."},{"$i":"background-send-pending","$v":"Inethiweki ayikho. I-imeyili ilondolozwe ku-outbox."},{"$i":"background-send-sending","$v":"Ukuthumela Umyalezo…"},{"$i":"background-send-success","$v":"I-imeyeli ihambile."},{"$i":"background-send-error","$v":"Kuvele iphutha. I-imeyili ilondolozwe ku-outbox."},{"$i":"background-send-error-recipients","$v":"Iphutha lowamukelayo. I-imeyili ilondolozwe ku-outbox."},{"$i":"background-send-error-title","$v":"Imeyili ihlulekile ukuthumela"},{"$i":"send-failure-recipients","$v":"Hlola ukuthi awekho amaphutha endlelani amakheli abhaleke ngayo ngenhla. Iseva ye-imeyili yakho ibonisa ukuthi i-imeyili eyodwa noma ngaphezulu owabhale ngenhla awalungile."},{"$i":"send-failure-unknown","$v":"Imilayezo ayithumelekanga."},{"$i":"form-clear-input","$v":"Susa amagama"},{"$i":"confirm-dialog-title","$v":"Ukuqinisekisa"},{"$i":"confirm-dialog-ok","$v":"KULUNGILE"},{"$i":"msg-display-subject","$v":"Isihloko"},{"$i":"msg-reader-display-attachments","$v":"Okunanyathiselwe"},{"$i":"msg-reader-display-attachment","$v":"Okunanyathiselwe"},{"$i":"msg-reader-download-external-images","$v":["Idawuniloda izithombe ezingaphandle (",{"t":"idOrVar","v":"n"}," MB)"]},{"$i":"msg-reader-sender-header","$v":"Ivela ku"},{"$i":"msg-reader-recipients-header","$v":"Abamukelayo"},{"$i":"msg-reader-cc-header","$v":"Cc"},{"$i":"msg-reader-bcc-header","$v":"I-Bcc"},{"$i":"msg-reader-message-flagged","$v":"Umyalezo uneflegi"},{"$i":"msg-reader-flag-removed","$v":"I-Flegi lisusiwe"},{"$i":"external-image-downloading","$v":"Iyadawuniloda..."},{"$i":"senders-separation-sign","$v":", "},{"$i":"new-messages","$v":{"few":[{"t":"idOrVar","v":"n"}," Imiyalezo Emisha"],"many":[{"t":"idOrVar","v":"n"}," Imiyalezo Emisha"],"one":"Umlayezo omusha owodwa","other":[{"t":"idOrVar","v":"n"}," Imiyalezo Emisha"],"two":[{"t":"idOrVar","v":"n"}," Imiyalezo Emisha"]},"$x":[{"t":"idOrVar","v":"plural"},"n"]},{"$i":"new-emails-notify-one-account","$v":{"few":[{"t":"idOrVar","v":"n"}," Ama-imeyili Amasha"],"many":[{"t":"idOrVar","v":"n"}," Ama-imeyili Amasha"],"one":"I-imeyili Entsha","other":[{"t":"idOrVar","v":"n"}," Ama-imeyili Amasha"],"two":[{"t":"idOrVar","v":"n"}," Ama-imeyili Amasha"]},"$x":[{"t":"idOrVar","v":"plural"},"n"]},{"$i":"new-emails-notify-multiple-accounts","$v":{"few":[{"t":"idOrVar","v":"n"}," Ama-imeyili Amasha (",{"t":"idOrVar","v":"accountName"},")"],"many":[{"t":"idOrVar","v":"n"}," Ama-imeyili Amasha (",{"t":"idOrVar","v":"accountName"},")"],"one":["I-imeyili eyodwa entsha (",{"t":"idOrVar","v":"accountName"},")"],"other":[{"t":"idOrVar","v":"n"}," Ama-imeyili Amasha (",{"t":"idOrVar","v":"accountName"},")"],"two":[{"t":"idOrVar","v":"n"}," Ama-imeyili Amasha (",{"t":"idOrVar","v":"accountName"},")"]},"$x":[{"t":"idOrVar","v":"plural"},"n"]},{"$i":"new-emails-notify-multiple-accounts-body","$v":[{"t":"idOrVar","v":"from"}," “",{"t":"idOrVar","v":"subject"},"”"]},{"$i":"tng-plain-socket-warning-title","$v":"Ingabe uqinisekile?"},{"$i":"tng-plain-socket-warning-message","$v":"Abanye abantu bangase bakwazi ukubona amaphasiwedi akho nama-imeyili noma balawule i-akhawunti yakho."},{"$i":"tng-plain-socket-warning-message-options","$v":"Kunabahlinzeki abaningi abanama-imeyili aphephile, nokuxhumana okufihlekile."},{"$i":"tng-plain-socket-warning-ok","$v":"Ngiyaqonda"},{"$i":"message-reader-date-received","ariaLabel":"Kutholakele"},{"$i":"sort-by-title","$v":"Hlunga nge-"},{"$i":"sort-by-date","$v":"Usuku"},{"$i":"sort-by-from","$v":"Ivela ku"},{"$i":"sort-by-to","$v":"Iya ku"},{"$i":"sort-by-subject","$v":"Isihloko"},{"$i":"softkey-options","$v":"Okhetha kukho"},{"$i":"opt-compose","$v":"Bhala"},{"$i":"opt-reply","$v":"Phendula"},{"$i":"opt-reply-all","$v":"Phendula bonke"},{"$i":"opt-forward","$v":"Phambili"},{"$i":"opt-mark-read","$v":"Maka njengokufundiwe"},{"$i":"opt-mark-unread","$v":"Maka njengokungafundiwe"},{"$i":"opt-add-flag","$v":"Faka Iflegi"},{"$i":"opt-remove-flag","$v":"Susa Iflegi"},{"$i":"opt-move-message","$v":"Thumela kuFolder"},{"$i":"opt-delete-message","$v":"Susa"},{"$i":"opt-multi-select","$v":"Khetha Okuningi"},{"$i":"opt-search","$v":"Cinga"},{"$i":"opt-folders","$v":"Buka Amafolder"},{"$i":"opt-sort","$v":"Hlunga"},{"$i":"opt-sync","$v":"Xhumanisa"},{"$i":"opt-account","$v":"Shintsha I-akhawunti"},{"$i":"opt-settings","$v":"Amasethingi"},{"$i":"opt-edit","$v":"Hlela"},{"$i":"opt-cancel","$v":"Khansela"},{"$i":"opt-save","$v":"Londoloza"},{"$i":"opt-move","$v":"Thutha"},{"$i":"opt-view","$v":"Buka"},{"$i":"opt-empty-trash","$v":"Chitha udoti"},{"$i":"opt-call-number","$v":"Fona"},{"$i":"opt-compose-mail","$v":"Bhala"},{"$i":"opt-open-url","$v":"Vula"},{"$i":"select-option-on","$v":"Vuliwe"},{"$i":"select-option-off","$v":"Valiwe"},{"$i":"select-option-imap-smtp","$v":"I-IMAP+SMTP"},{"$i":"select-option-pop3-smtp","$v":"I-POP3+SMTP"},{"$i":"select-option-activesync","$v":"I-Sync Esebenzayo"},{"$i":"toaster-switch-account","$v":"I-akhawunti ye-meyili ishintshelwe ku: "},{"$i":"toaster-sorted-by","$v":"Imiyalezo ihlelwe ngokwe"},{"$i":"cmp-reply","$v":"Phendula"},{"$i":"cmp-reply-all","$v":"Phendula bonke"},{"$i":"cmp-forward","$v":"Dlulisela phambili umlayezo"},{"$i":"cmp-remove-attach","$v":"Okunanyathelisiwe Kususiwe"},{"$i":"select","$v":"Khetha"},{"$i":"deselect","$v":"Yeka ukukhetha"},{"$i":"cancel","$v":"Khansela"},{"$i":"enter","$v":"Faka"},{"$i":"remove-attachment","$v":"Susa Okunanyathelisiwe"},{"$i":"replace-attachment","$v":"Shintsha Okunanyathelisiwe"},{"$i":"add-attachment","$v":"Faka okunanyathiselwayo"},{"$i":"add-contact","$v":"Faka oxhumana nabo"},{"$i":"add-cc","$v":"Faka i-Cc"},{"$i":"remove-cc","$v":"Susa i-Cc"},{"$i":"add-bcc","$v":"Engeza i-Bcc"},{"$i":"remove-bcc","$v":"Susa i-Bcc"},{"$i":"attachment-download","$v":"Dawuniloda"},{"$i":"attachment-share","$v":"Yabelana"},{"$i":"send-new-mail","$v":"Thumela I-imeyili Entsha"},{"$i":"view-contact","$v":"Buka Oxhumana Nabo"},{"$i":"save-new-contact","$v":"Londoloza Oxhumana Naye Omusha"},{"$i":"add-to-exsiting-contact","$v":"Engeza kwengiXhumana Naye okhona kakade"},{"$i":"no","$v":"Cha"},{"$i":"yes","$v":"Yebo"},{"$i":"retry","$v":"Phinde uzame"},{"$i":"empty","$v":"Akunalutho"},{"$i":"empty-trash-confirm","$v":"Ingabe ufuna ukususa endaweni yezibi?"},{"$i":"trash-emptied","$v":"Kususiwe kudoti"},{"$i":"next","$v":"Okulandelayo"},{"$i":"welcome-header","$v":"I-imeyili"},{"$i":"welcome-msg","$v":"Siyakwamukela Ku-imeyili"},{"$i":"welcome-msg-setup","$v":"Chofoza Okulandelayo ukuze usethe i-akhawunti yakho ye-imeyili."},{"$i":"discard","$v":"Lahla"},{"$i":"leave-this-page-warning-message","$v":"Ingabe ufisa ukususa imininingwane ye-imeyili akhawunti"},{"$i":"finish","$v":"Kuqedile"},{"$i":"setup-done-msg","$v":"Ungene ngempumelelo. Ungathanda ukufaka enye i-akhawunti?"},{"$i":"save-as-draft","$v":"Londoloza Njengohlaka"},{"$i":"show-password","$v":"Bonisa Iphasiwedi"},{"$i":"account-label","$v":"Ilebula Ye-akhawunti"},{"$i":"folders","$v":"Amafolda"},{"$i":"security","$v":"Ukuvikeleka"},{"$i":"port-number","$v":"Inombolo Ye-port"},{"$i":"domain-username","$v":"I-Domain\\Igama lomsebenzisi"},{"$i":"synchronizing","$v":"Iyazivumelanisa..."},{"$i":"browse-mail","$v":"Imeyili YeBrawuza"},{"$i":"never-sync","$v":"Okusalungiswa kwendawo akuvumelanisiwe kuseva."},{"$i":"emptyDownloadFile","$v":"Ayikwazi ukudawuniloda leli fayela, kungenzeka alinalutho"},{"$i":"sync","$v":"Vumelanisa"},{"$i":"outbox-unsent-label","$v":{"few":[{"t":"idOrVar","v":"n"}," imiyalezo engathunyelwanga isebhokisi lemiyalezo ephumayo"],"many":[{"t":"idOrVar","v":"n"}," imiyalezo engathunyelwanga isebhokisi lemiyalezo ephumayo"],"one":"Umyalezo owodwa ongathunyelwanga ebhokisini lemiyalezo ephumayo","other":[{"t":"idOrVar","v":"n"}," imiyalezo engathunyelwanga isebhokisi lemiyalezo ephumayo"],"two":"Imiyalezo emibili oengathunyelwanga ebhokisini lemiyalezo ephumayo"},"$x":[{"t":"idOrVar","v":"plural"},"n"]},{"$i":"storage-full-title","$v":"Isikhala Sigcwele."},{"$i":"storage-full-warning","$v":"Ungasusa amanye amafayela emidiya noma idatha yokulawula ama-aplikheshini ukuze uthole isikhala esengeziwe."},{"$i":"storage-full","$v":"Isitoreji sefoni sigcwele."},{"$i":"storage-sdcard-full","$v":"Ikhadi le-SD ligcwele"},{"$i":"view-address","$v":"Buka ikheli"},{"$i":"mail-address-title","$v":"Ikheli lemayili"},{"$i":"mail-address","$v":[{"t":"idOrVar","v":"address"}]},{"$i":"value-name","$v":[{"t":"idOrVar","v":"name"}]},{"$i":"account-deleted","$v":"I-akhawunti idilithiwe."},{"$i":"account-reEnable","$v":"I-akhawunti isivele ikhona. Vumelanisa i-imeyili ye-akhawunti?"},{"$i":"setup-account-usedInfo","$v":"Le akhawunti izosetshenziswa izinhlelo ezingezansi. Ungashintsha lokhu kokuthi Amasethingi>I-akhawunti."},{"$i":"setup-account-settingsInfo","$v":"I-app ngayinye inama-inthevali ahlukene okuvumelanisa, sicela uhlole amasethingi e-app."},{"$i":"app-calendar","$v":"Ikhalenda"},{"$i":"app-contacts","$v":"Engixhumana nabo"},{"$i":"app-email","$v":"I-imeyili"},{"$i":"weekday-0-long","$v":"ISonto"},{"$i":"weekday-1-long","$v":"UMsombuluko"},{"$i":"weekday-2-long","$v":"ULwesibili"},{"$i":"weekday-3-long","$v":"ULwesithathu"},{"$i":"weekday-4-long","$v":"ULwesine"},{"$i":"weekday-5-long","$v":"ULwesihlanu"},{"$i":"weekday-6-long","$v":"UMgqibelo"},{"$i":"weekday-0-short","$v":"Isonto"},{"$i":"weekday-1-short","$v":"Mso"},{"$i":"weekday-2-short","$v":"Lwbl"},{"$i":"weekday-3-short","$v":"Lwth"},{"$i":"weekday-4-short","$v":"Lwesn"},{"$i":"weekday-5-short","$v":"Lwshl"},{"$i":"weekday-6-short","$v":"Mgq"},{"$i":"month-0-long","$v":"Januwari"},{"$i":"month-1-long","$v":"Febhuwari"},{"$i":"month-2-long","$v":"Mashi"},{"$i":"month-3-long","$v":"Ephreli"},{"$i":"month-4-long","$v":"Meyi"},{"$i":"month-5-long","$v":"Juni"},{"$i":"month-6-long","$v":"Julayi"},{"$i":"month-7-long","$v":"Agasti"},{"$i":"month-8-long","$v":"Septhemba"},{"$i":"month-9-long","$v":"Okthoba"},{"$i":"month-10-long","$v":"Novemba"},{"$i":"month-11-long","$v":"Disemba"},{"$i":"month-0-genitive","$v":"Januwari"},{"$i":"month-1-genitive","$v":"Febhuwari"},{"$i":"month-2-genitive","$v":"Mashi"},{"$i":"month-3-genitive","$v":"Ephreli"},{"$i":"month-4-genitive","$v":"Meyi"},{"$i":"month-5-genitive","$v":"Juni"},{"$i":"month-6-genitive","$v":"Julayi"},{"$i":"month-7-genitive","$v":"Agasti"},{"$i":"month-8-genitive","$v":"Septhemba"},{"$i":"month-9-genitive","$v":"Okthoba"},{"$i":"month-10-genitive","$v":"Novemba"},{"$i":"month-11-genitive","$v":"Disemba"},{"$i":"month-0-short","$v":"Jan"},{"$i":"month-1-short","$v":"Feb"},{"$i":"month-2-short","$v":"Mas"},{"$i":"month-3-short","$v":"Ephr"},{"$i":"month-4-short","$v":"Meyi"},{"$i":"month-5-short","$v":"Jun"},{"$i":"month-6-short","$v":"Jul"},{"$i":"month-7-short","$v":"Aga"},{"$i":"month-8-short","$v":"Sep"},{"$i":"month-9-short","$v":"Okt"},{"$i":"month-10-short","$v":"Nov"},{"$i":"month-11-short","$v":"Dis"},{"$i":"minutes-ago-long","$v":{"few":[{"t":"idOrVar","v":"value"}," imizuzu edlule"],"many":[{"t":"idOrVar","v":"value"}," imizuzu edlule"],"one":"Umzuzu odlule","other":[{"t":"idOrVar","v":"value"}," imizuzu edlule"],"two":[{"t":"idOrVar","v":"value"}," imizuzu edlule"],"zero":"manje"},"$x":[{"t":"idOrVar","v":"plural"},"value"]},{"$i":"hours-ago-long","$v":{"few":[{"t":"idOrVar","v":"value"}," amahora adlule"],"many":[{"t":"idOrVar","v":"value"}," amahora adlule"],"one":"ihora elidlule","other":[{"t":"idOrVar","v":"value"}," amahora adlule"],"two":[{"t":"idOrVar","v":"value"}," amahora adlule"],"zero":"manje"},"$x":[{"t":"idOrVar","v":"plural"},"value"]},{"$i":"days-ago-long","$v":{"few":[{"t":"idOrVar","v":"value"}," izinsuku ezidlule"],"many":[{"t":"idOrVar","v":"value"}," izinsuku ezidlule"],"one":"izolo","other":[{"t":"idOrVar","v":"value"}," izinsuku ezidlule"],"two":[{"t":"idOrVar","v":"value"}," izinsuku ezidlule"],"zero":"namuhla"},"$x":[{"t":"idOrVar","v":"plural"},"value"]},{"$i":"weeks-ago-long","$v":{"few":[{"t":"idOrVar","v":"value"}," amaviki adlule"],"many":[{"t":"idOrVar","v":"value"}," amaviki adlule"],"one":"iviki eledlule","other":[{"t":"idOrVar","v":"value"}," amaviki adlule"],"two":[{"t":"idOrVar","v":"value"}," amaviki adlule"],"zero":"kuleli viki"},"$x":[{"t":"idOrVar","v":"plural"},"value"]},{"$i":"months-ago-long","$v":{"few":[{"t":"idOrVar","v":"value"}," izinyanga ezidlule"],"many":[{"t":"idOrVar","v":"value"}," izinyanga ezidlule"],"one":"inyanga edlule","other":[{"t":"idOrVar","v":"value"}," izinyanga ezidlule"],"two":[{"t":"idOrVar","v":"value"}," izinyanga ezidlule"],"zero":"kule nyanga"},"$x":[{"t":"idOrVar","v":"plural"},"value"]},{"$i":"years-ago-long","$v":{"few":[{"t":"idOrVar","v":"value"}," iminyaka edlule"],"many":[{"t":"idOrVar","v":"value"}," iminyaka edlule"],"one":"ngonyaka odlule","other":[{"t":"idOrVar","v":"value"}," iminyaka edlule"],"two":[{"t":"idOrVar","v":"value"}," iminyaka edlule"],"zero":"kulo nyaka"},"$x":[{"t":"idOrVar","v":"plural"},"value"]},{"$i":"minutes-until-long","$v":{"few":["emizuzwini engu ",{"t":"idOrVar","v":"value"}],"many":["emizuzwini engu ",{"t":"idOrVar","v":"value"}],"one":"Ngemva komzuzu","other":["emizuzwini engu ",{"t":"idOrVar","v":"value"}],"two":["emizuzwini engu ",{"t":"idOrVar","v":"value"}],"zero":"manje"},"$x":[{"t":"idOrVar","v":"plural"},"value"]},{"$i":"hours-until-long","$v":{"few":["emahoreni angu ",{"t":"idOrVar","v":"value"}],"many":["emahoreni angu ",{"t":"idOrVar","v":"value"}],"one":"Ngemva kwehora","other":["emahoreni angu ",{"t":"idOrVar","v":"value"}],"two":["emahoreni angu ",{"t":"idOrVar","v":"value"}],"zero":"manje"},"$x":[{"t":"idOrVar","v":"plural"},"value"]},{"$i":"days-until-long","$v":{"few":["Ezinsukwini ezingu ",{"t":"idOrVar","v":"value"}],"many":["Ezinsukwini ezingu ",{"t":"idOrVar","v":"value"}],"one":"kusasa","other":["Ezinsukwini ezingu ",{"t":"idOrVar","v":"value"}],"two":["Ezinsukwini ezingu ",{"t":"idOrVar","v":"value"}],"zero":"namuhla"},"$x":[{"t":"idOrVar","v":"plural"},"value"]},{"$i":"weeks-until-long","$v":{"few":["emavikini angu ",{"t":"idOrVar","v":"value"}],"many":["emavikini angu ",{"t":"idOrVar","v":"value"}],"one":"ngeviki elizayo","other":["emavikini angu ",{"t":"idOrVar","v":"value"}],"two":["emavikini angu ",{"t":"idOrVar","v":"value"}],"zero":"kuleli viki"},"$x":[{"t":"idOrVar","v":"plural"},"value"]},{"$i":"months-until-long","$v":{"few":["ezinyangeni ezingu ",{"t":"idOrVar","v":"value"}],"many":["ezinyangeni ezingu ",{"t":"idOrVar","v":"value"}],"one":"ngenyanga ezayo","other":["ezinyangeni ezingu ",{"t":"idOrVar","v":"value"}],"two":["ezinyangeni ezingu ",{"t":"idOrVar","v":"value"}],"zero":"kule nyanga"},"$x":[{"t":"idOrVar","v":"plural"},"value"]},{"$i":"years-until-long","$v":{"few":["eminyakeni engu ",{"t":"idOrVar","v":"value"}],"many":["eminyakeni engu ",{"t":"idOrVar","v":"value"}],"one":"ngonyaka ozayo","other":["eminyakeni engu ",{"t":"idOrVar","v":"value"}],"two":["eminyakeni engu ",{"t":"idOrVar","v":"value"}],"zero":"kulo nyaka"},"$x":[{"t":"idOrVar","v":"plural"},"value"]},{"$i":"minutes-ago-short","$v":{"other":[{"t":"idOrVar","v":"value"}," umzuzu odlule"],"zero":"manje"},"$x":[{"t":"idOrVar","v":"plural"},"value"]},{"$i":"hours-ago-short","$v":{"other":[{"t":"idOrVar","v":"value"}," ihora elidlule"],"zero":"manje"},"$x":[{"t":"idOrVar","v":"plural"},"value"]},{"$i":"days-ago-short","$v":{"other":[{"t":"idOrVar","v":"value"}," usuku oludlule"],"zero":"namuhla"},"$x":[{"t":"idOrVar","v":"plural"},"value"]},{"$i":"minutes-until-short","$v":{"other":["Ngemva kwemizuzu engu ",{"t":"idOrVar","v":"value"}],"zero":"manje"},"$x":[{"t":"idOrVar","v":"plural"},"value"]},{"$i":"hours-until-short","$v":{"other":["Ngehora ",{"t":"idOrVar","v":"value"}],"zero":"manje"},"$x":[{"t":"idOrVar","v":"plural"},"value"]},{"$i":"days-until-short","$v":{"other":["osukwini ",{"t":"idOrVar","v":"value"}],"zero":"namuhla"},"$x":[{"t":"idOrVar","v":"plural"},"value"]},{"$i":"incorrectDate","$v":"(Usuku olunganembile)"},{"$i":"dateTimeFormat_%c","$v":"%a %b %e %Y %I:%M:%S %p"},{"$i":"dateTimeFormat_%x","$v":"%m/%d/%Y"},{"$i":"dateTimeFormat_%X","$v":"%I:%M:%S %p"},{"$i":"shortTimeFormat","$v":"%I:%M %p"},{"$i":"shortTimeFormat12","$v":"%I:%M %p"},{"$i":"shortTimeFormat24","$v":"%H:%M"},{"$i":"shortDateTimeFormat","$v":"%x %I:%M %p"},{"$i":"weekStartsOnMonday","$v":"0.0"},{"$i":"firstDayOfTheWeek","$v":"0.0"},{"$i":"time_am","$v":"AM"},{"$i":"time_pm","$v":"PM"}]