[{"$i":"setup-app-name-header","$v":"E-poçt"},{"$i":"setup-empty-account-message","$v":"E-poçt göndərməyə və ya qəbul etməyə hazırsınız. Əməliyyatı tamamlamaq üçün hesabı quraşdırın."},{"$i":"setup-pick-service","$v":"E-poçt göndərmək və qəbul etmək üçün hesab quraşdırmalısınız."},{"$i":"setup-account-header3","$v":"Hesab Giriş"},{"$i":"setup-account-password","$v":"Parol"},{"$i":"setup-info-next","$v":"Növbəti"},{"$i":"setup-progress-wait-msg","$v":"Hesab quraşdırılır"},{"$i":"setup-sync-progress-wait-msg","$v":"Hesabınızı sinxronlaşdırmaq"},{"$i":"setup-completed-header","$v":"Təbriklər!"},{"$i":"setup-completed-label","$v":"Hazırdır!"},{"$i":"setup-add-another-account","$v":"Başqa hesab əlavə et"},{"$i":"setup-show-mail","$v":"E-poçta davam et"},{"$i":"setup-done-add","$v":"Hesab əlavə et"},{"$i":"setup-error-offline","$v":"Bu cihaz hazırda oflayndır. Şəbəkəyə qoşulun və yenidən cəhd edin."},{"$i":"setup-error-bad-user-or-pass2","$v":"Yanlış istifadəçi adı və ya parol. Hərf səhvlərinin olub-olmadığını yoxlayın."},{"$i":"setup-error-bad-address","$v":"Yanlış e-poçt ünvanı. Hərf səhvlərinin olub-olmadığını yoxlayın."},{"$i":"setup-error-not-authorized","$v":"Serverə görə sizin hesab yaratmaq üçün icazəniz yoxdur"},{"$i":"setup-error-pop-server-not-great","$v":"Server dəstəklənmədi. POP3 serveri tələb edilən xüsusiyyətləri icra etmir."},{"$i":"setup-error-unknown2","$v":"Naməlum xəta baş verdi. Şəbəkə bağlanıtınızı yoxlayın və ya əl ilə quraşdırma seçimini yoxlayın."},{"$i":"setup-error-needs-app-pass","$v":"İki amilli Gmail hesabları üçün proqram üçün müəyyən edilmiş parol istifadə etməlisiniz"},{"$i":"setup-error-imap-disabled","$v":"Gmail hesabınız üçün IMAP-ı aktivləşdirməlisiniz"},{"$i":"setup-error-pop3-disabled","$v":"Gmail hesabınız üçün POP3 aktivləşdirilməlidir"},{"$i":"setup-error-bad-security","$v":[{"t":"idOrVar","v":"server"},"\" ilə təhlükəsiz bağlantı qurmaq mümkün deyil. Şəbəkəniz və ya serverinizlə bağlı problem ola bilər."]},{"$i":"setup-error-unresponsive-server","$v":[{"t":"idOrVar","v":"server"},"\" serveri ilə bağlantı qurmaq mümkün deyil. Şəbəkə ilə bağlı problem ola bilər."]},{"$i":"setup-error-server-problem","$v":[{"t":"idOrVar","v":"server"},"\" serveri ilə bağlı xəta var. Daha sonra yenidən cəhd edin."]},{"$i":"setup-error-no-config-info","$v":"Hesabınızı avtomatik olaraq konfiqurasiya etmək mümkün deyil. E-poçt ünvanınızı düzəldin və ya əl ilə konfiqurasiya seçimini yoxlayın."},{"$i":"setup-error-server-maintenance","$v":[{"t":"idOrVar","v":"server"},"\" serveri texniki yoxlama ilə əlaqədar oflayndır. Daha sonra sınayın."]},{"$i":"setup-error-account-already-exists","$v":"Bu hesab artıq quraşdırılıb."},{"$i":"setup-manual-config2","$v":"Ən müasir"},{"$i":"setup-manual-config-header","$v":"Hesab Giriş"},{"$i":"setup-manual-account-type-header","$v":"Hesabın növü"},{"$i":"setup-manual-account-type","$v":"Hesabın növü"},{"$i":"setup-manual-account-type-select","ariaLabel":"Hesabın növü"},{"$i":"setup-manual-imap-header","$v":"IMAP Parametrləri"},{"$i":"setup-manual-pop3-header","$v":"POP3 parametrləri"},{"$i":"setup-manual-smtp-header","$v":"SMTP parametrləri"},{"$i":"setup-manual-activesync-header","$v":"ActiveSync Parametrləri"},{"$i":"setup-manual-next","$v":"Növbəti"},{"$i":"setup-manual-socket","$v":"Cərəyan yuvasının növü"},{"$i":"setup-manual-socket-ssl","$v":"SSL"},{"$i":"setup-manual-socket-starttls","$v":"STARTTLS"},{"$i":"setup-manual-socket-select","ariaLabel":"Bağlantı təhlükəsizliyi"},{"$i":"setup-manual-socket-plain","$v":"Şifrələnməmiş"},{"$i":"setup-bad-password-header","$v":"Zəif parol!"},{"$i":"setup-bad-password","$v":"Serverə daxil olmaq mümkün olmadı. Parolu yenidən daxil edin."},{"$i":"setup-new-password","placeholder":"Yeni parol"},{"$i":"setup-fix-password","$v":"Yeni parol ilə yoxla"},{"$i":"setup-gmail-twofactor-header","$v":"İki-amillili yoxlama aktivləşdirildi"},{"$i":"setup-gmail-twofactor-message","$v":"Aşağıda proqram üçün müəyyən edilmiş parolu daxil etməlisiniz."},{"$i":"setup-gmail-imap-header","$v":"IMAP söndürülüb"},{"$i":"setup-gmail-imap-message","$v":"Gmail hesabınızda IMAP-i aktivləşdirməlisiniz"},{"$i":"setup-gmail-retry","$v":"Təkrar cəhd et"},{"$i":"setup-gmail-pop3-header","$v":"POP3 söndürülüb"},{"$i":"setup-gmail-pop3-message","$v":"Gmail hesabınızda POP3-ü aktivləşdirməlisiniz"},{"$i":"setup-fix-oauth2-header","$v":"E-poçta yenidən icazə ver"},{"$i":"setup-fix-oauth2-description","$v":"Aşağıdakı hesaba daxil olmaq üçün e-poçta yenidən icazə verilməlidir:"},{"$i":"setup-fix-oauth2-reauthorize","$v":"Yenidən səlahiyyət ver"},{"$i":"settings-main-header","$v":"E-poçt parametrləri"},{"$i":"settings-sub-header-account","$v":"Hesab"},{"$i":"settings-account-group","ariaLabel":"Hesab"},{"$i":"settings-account-name","$v":"Adınız"},{"$i":"settings-account-label","$v":"Hesab yarlığı"},{"$i":"settings-account-display-notifications","$v":"Yeni e-poçt bildirişlərini göstər"},{"$i":"settings-account-play-sound-onsend","$v":"Mesaj göndərildək sonra səs ifa et"},{"$i":"settings-account-signature-label","$v":"Imza"},{"$i":"settings-sub-header-data","$v":"Məlumat"},{"$i":"settings-data-group","ariaLabel":"Məlumat"},{"$i":"settings-account-check-mail","$v":"Yeni mesajları yoxla"},{"$i":"settings-account-check-mail-select","ariaLabel":"Yeni mesajları yoxla"},{"$i":"settings-sub-header-server","$v":"Server parametrləri"},{"$i":"settings-server-group","ariaLabel":"Server parametrləri"},{"$i":"settings-account-userpass","$v":"İstifadəçi adı və parol"},{"$i":"settings-account-useroauth2","$v":"İstifadəçi adı"},{"$i":"settings-default-signature-2","$v":"Telefonumdan göndər"},{"$i":"settings-done","$v":"Hazırdır"},{"$i":"settings-account-section","$v":"Hesablar"},{"$i":"settings-account-listbox","ariaLabel":"Hesablar"},{"$i":"settings-account-add","$v":"Əlavə et"},{"$i":"settings-account-delete","$v":"Hesabı sil"},{"$i":"settings-account-delete-prompt","$v":[{"t":"idOrVar","v":"account"}," e-poçt hesabınızı silmək istədiyinizə əminsiniz?"]},{"$i":"settings-account-delete-desc","$v":"Hesabın yaradılmasını təkrarlasanız, e-poçtunuzu yenidən yükləməli olacaqsınız."},{"$i":"settings-account-delete-cancel","$v":"Ləğv et"},{"$i":"settings-account-delete-confirm","$v":"Sil"},{"$i":"settings-account-clarify","$v":[{"t":"idOrVar","v":"account-name"}]},{"$i":"settings-account-clarify-imap","$v":[{"t":"idOrVar","v":"account-name"}," (IMAP)"]},{"$i":"settings-account-clarify-pop3","$v":[{"t":"idOrVar","v":"account-name"}," (POP3)"]},{"$i":"settings-account-clarify-smtp","$v":[{"t":"idOrVar","v":"account-name"}," (SMTP)"]},{"$i":"settings-general-section","$v":"Ümumi parametrlər"},{"$i":"settings-show-images","$v":"Həmişə şəkilləri göstər"},{"$i":"settings-download-attachments","$v":"Qoşmaları yüklə"},{"$i":"settings-check-every-5min","$v":"Hər 5 dəqiqədən bir"},{"$i":"settings-check-every-10min","$v":"Hər 10 dəqiqədən bir"},{"$i":"settings-check-every-15min","$v":"Hər 15 dəqiqədən bir"},{"$i":"settings-check-every-30min","$v":"Hər 30 dəqiqədən bir"},{"$i":"settings-check-every-60min","$v":"Hər saat"},{"$i":"settings-check-every-manual","$v":"Əl ilə"},{"$i":"settings-check-dynamic","$v":{"few":[{"t":"idOrVar","v":"n"}," saniyə"],"many":[{"t":"idOrVar","v":"n"}," saniyə"],"one":[{"t":"idOrVar","v":"n"}," saniyə"],"other":[{"t":"idOrVar","v":"n"}," saniyə"],"two":[{"t":"idOrVar","v":"n"}," saniyə"],"zero":"söndürülüb"},"$x":[{"t":"idOrVar","v":"plural"},"n"]},{"$i":"settings-default-account","$v":"Defolt e-poçt kimi təyin et"},{"$i":"settings-account-type","$v":"Hesabın növü"},{"$i":"settings-account-credentials","$v":"İdentifikasiya göstəriciləri"},{"$i":"settings-activesync-label","$v":"ActiveSync parametrləri"},{"$i":"settings-imap-label","$v":"IMAP Parametrləri"},{"$i":"settings-pop3-label","$v":"POP3 parametrləri"},{"$i":"settings-smtp-label","$v":"SMTP parametrləri"},{"$i":"settings-hostname","$v":"Host adı"},{"$i":"settings-port","$v":"Port"},{"$i":"settings-username","$v":"İstifadəçi adı"},{"$i":"settings-password","$v":"Parol"},{"$i":"settings-save","$v":"Saxla"},{"$i":"password-saved","$v":"Şifrə yadda saxlandı."},{"$i":"settings-reauth","$v":"Yenidən səlahiyyət ver"},{"$i":"settings-account-synchronize-window","$v":"Sinxronlaşdırılacaq günlər"},{"$i":"settings-account-synchronize-window-select","ariaLabel":"Sinxronlaşdırılacaq günlər"},{"$i":"settings-synchronize-auto","$v":"Avtomatik"},{"$i":"settings-synchronize-one-day","$v":"1 gün"},{"$i":"settings-synchronize-three-days","$v":"3 gün"},{"$i":"settings-synchronize-one-week","$v":"1 həftə"},{"$i":"settings-synchronize-two-weeks","$v":"2 həftə"},{"$i":"settings-synchronize-one-month","$v":"1 ay"},{"$i":"settings-synchronize-all","$v":"Bütün mesajlar"},{"$i":"envelope-from","$v":"Kimdən"},{"$i":"envelope-to","$v":"Üçün"},{"$i":"envelope-cc","$v":"Cc"},{"$i":"envelope-bcc","$v":"Bcc"},{"$i":"message-header-state-sending","ariaLabel":"Göndərilir"},{"$i":"message-header-state-error","ariaLabel":"Göndərmədə xəta"},{"$i":"message-header-unread","ariaLabel":"Oxunmamış"},{"$i":"message-header-reply","ariaLabel":"Cavabla"},{"$i":"message-header-forward","ariaLabel":"Yönləndir"},{"$i":"message-header-starred","ariaLabel":"Ulduzu var"},{"$i":"message-header-attachments","ariaLabel":"Qoşma var"},{"$i":"message-body-container","ariaLabel":"Mesajın əsas hissəsi"},{"$i":"message-body-container-progress","ariaValueText":"Yüklənir"},{"$i":"subject","ariaLabel":"Mövzu"},{"$i":"attachments-container","ariaLabel":"Əlavələr"},{"$i":"from-group","ariaLabel":"Kimdən"},{"$i":"to-group","ariaLabel":"Üçün"},{"$i":"cc-group","ariaLabel":"CC"},{"$i":"bcc-group","ariaLabel":"BCC"},{"$i":"compose-header","$v":"Mesaj yaz"},{"$i":"compose-header-short","$v":"Yarat"},{"$i":"compose-send","$v":"Göndər"},{"$i":"compose-send-button","ariaLabel":"Göndər"},{"$i":"compose-to","$v":"Üçün"},{"$i":"compose-cc","$v":"Cc"},{"$i":"compose-bcc","$v":"Bcc"},{"$i":"compose-cc-remove","$v":"Cc siyahısı silindi."},{"$i":"compose-bcc-remove","$v":"Bcc siyahısı silindi."},{"$i":"compose-contact-add","ariaLabel":"Kontakt əlavə et"},{"$i":"compose-attachments","$v":{"few":["Qoşma (",{"t":"idOrVar","v":"n"},")"],"many":["Qoşma (",{"t":"idOrVar","v":"n"},")"],"one":["Qoşma (",{"t":"idOrVar","v":"n"},")"],"other":["Qoşma (",{"t":"idOrVar","v":"n"},")"],"two":["Qoşma (",{"t":"idOrVar","v":"n"},")"],"zero":"Qoşma"},"$x":[{"t":"idOrVar","v":"plural"},"n"]},{"$i":"compose-text","ariaLabel":"Redaktə et"},{"$i":"compose-attachment-still-working","$v":"Bir dəqiqə, hələ də əvvəlki qoşma üzərində işləyirik..."},{"$i":"compose-attachment-loading","$v":"Ekin yüklənir ..."},{"$i":"compose-attachments-loading","$v":"Qoşmalar yüklənir ..."},{"$i":"compose-forward-attachment-error-title","$v":"Yükləmə uğursuz oldu."},{"$i":"compose-forward-attachment-error-title2","$v":"Xəta"},{"$i":"compose-forward-attachment-unable-load","$v":"Qoşmanı yükləmək olmur."},{"$i":"compose-forward-attachments-unable-load","$v":"Qoşmaları yükləmək olmur."},{"$i":"compose-forward-attachment-load-error","$v":"Bəzi qoşmalar yüklənmədi."},{"$i":"confirmation-title","$v":"Təsdiq"},{"$i":"compose-subject","$v":"Mövzu"},{"$i":"compose-draft-save","$v":"Lokal Layihələrdə saxlanılsın?"},{"$i":"compose-discard-confirm","$v":"Sil"},{"$i":"compose-draft-dialog-cancel","$v":"Ləğv et"},{"$i":"compose-draft-dialog-save","$v":"Saxla"},{"$i":"composer-draft-saved","$v":"Mesaj Lokal Layihələrdə saxlanıldı"},{"$i":"attention","$v":"Diqqət"},{"$i":"compose-send-message-failed","$v":"E-poçt göndərilmədi"},{"$i":"compose-attchment-size-exceeded","$v":"Seçilmiş qoşma bu mesaj ilə göndərmək üçün həddindən artıq böyükdür."},{"$i":"compose-attchments-size-exceeded","$v":"Seçilmiş qoşmalar bu mesaj ilə göndərmək üçün həddindən artıq böyükdür. Daha kiçik fayllar seçməyi sınayın."},{"$i":"composer-attachment-large-title","$v":"Fayl ölçüsü çox böyükdür"},{"$i":"default-attachment-filename","$v":["qoşma(",{"t":"idOrVar","v":"n"},")"]},{"$i":"attachment-size-meb","$v":[{"t":"idOrVar","v":"megabytes"}," MB"]},{"$i":"attachment-size-kib","$v":[{"t":"idOrVar","v":"kilobytes"}," KB"]},{"$i":"attachment-size-byte","$v":[{"t":"idOrVar","v":"bytes"}," B"]},{"$i":"message-attachment-view","$v":"Bax"},{"$i":"message-attachment-did-not-open-label","$v":"Açmaq olmur"},{"$i":"message-attachment-did-not-open-body","$v":"Cihazda qoşmanı aça biləcək proqram yoxdur."},{"$i":"message-attachment-too-large","$v":"Bu fayl yükləmək üçün həddindən artıq böyükdür."},{"$i":"message-attachment-not-found","$v":"Qoşma tapılmadı, silinmiş ola bilər."},{"$i":"message-attachment-download-fail","$v":[{"t":"idOrVar","v":"fileName"}," -Yükləmə baş tutmadı"]},{"$i":"message-no-subject","$v":"(mövzu yoxdur)"},{"$i":"message-edit-menu-edit","$v":"Redaktə et"},{"$i":"message-edit-menu-delete","$v":"Sil"},{"$i":"message-edit-delete-confirm","$v":"E-poçt mesajı silinsin?"},{"$i":"message-forward-attachment-title","$v":"Qoşma"},{"$i":"message-forward-attachment","$v":"Qoşma da yönəldilsin?"},{"$i":"message-forward-attachments","$v":"Qoşmalar da yönəldilsin?"},{"$i":"message-multiedit-header","$v":{"few":[{"t":"idOrVar","v":"n"}," seçildi"],"many":[{"t":"idOrVar","v":"n"}," seçildi"],"one":[{"t":"idOrVar","v":"n"}," seçildi"],"other":[{"t":"idOrVar","v":"n"}," seçildi"],"two":[{"t":"idOrVar","v":"n"}," seçildi"],"zero":[{"t":"idOrVar","v":"n"}," seçildi"]},"$x":[{"t":"idOrVar","v":"plural"},"n"]},{"$i":"message-multiedit-search-header","$v":{"few":[{"t":"idOrVar","v":"n"}," seçildi"],"many":[{"t":"idOrVar","v":"n"}," seçildi"],"one":[{"t":"idOrVar","v":"n"}," seçildi"],"other":[{"t":"idOrVar","v":"n"}," seçildi"],"two":[{"t":"idOrVar","v":"n"}," seçildi"],"zero":"0 seçildi"},"$x":[{"t":"idOrVar","v":"plural"},"n"]},{"$i":"browse-to-url-prompt","$v":["URL-ə baxılsın?: ",{"t":"idOrVar","v":"url"}]},{"$i":"message-download-images-tap","$v":{"few":["E-poçtda ",{"t":"idOrVar","v":"n"}," şəkil var. Yükləmək üçün toxunun."],"many":["E-poçtda ",{"t":"idOrVar","v":"n"}," şəkil var. Yükləmək üçün toxunun."],"one":"E-poçtda bir şəkil var. Yükləmək üçün toxunun.","other":["E-poçtda ",{"t":"idOrVar","v":"n"}," şəkil var. Yükləmək üçün toxunun."],"two":["E-poçtda ",{"t":"idOrVar","v":"n"}," şəkil var. Yükləmək üçün toxunun."]},"$x":[{"t":"idOrVar","v":"plural"},"n"]},{"$i":"message-show-external-images","$v":"Xarici şəkli göstər"},{"$i":"message-delete-cancel","$v":"Ləğv et"},{"$i":"message-multiedit-delete-confirm","$v":{"few":[{"t":"idOrVar","v":"n"}," mesaj silinsin?"],"many":[{"t":"idOrVar","v":"n"}," mesaj silinsin?"],"one":"Seçilmiş mesaj silinsin?","other":[{"t":"idOrVar","v":"n"}," mesaj silinsin?"],"two":[{"t":"idOrVar","v":"n"}," mesaj silinsin?"]},"$x":[{"t":"idOrVar","v":"plural"},"n"]},{"$i":"message-large-message-cancel","$v":"Ləğv et"},{"$i":"message-large-message-ok","$v":"Davam et"},{"$i":"message-large-message-confirm","$v":"Bu mesaj böyükdür və yükləmək bir qədər çəkə bilər."},{"$i":"message-large-message-warning","$v":"Mesaj yükləmək üçün çox böyükdür."},{"$i":"message-search-header","$v":"Axtar"},{"$i":"search-result","$v":[{"t":"idOrVar","v":"num"}," uyğunluq tapıldı"]},{"$i":"message-search-from","$v":"Kimdən"},{"$i":"message-search-to","$v":"Üçün"},{"$i":"message-search-subject","$v":"Mövzu"},{"$i":"message-search-body","$v":"Mətn hissəsi"},{"$i":"message-search-all","$v":"Hamısı"},{"$i":"message-search-input","placeholder":"E-poçtu axtar"},{"$i":"message-search-cancel","$v":"Ləğv et"},{"$i":"messages-syncing","$v":"Mesajlar yüklənir"},{"$i":"messages-syncing-progressbar","ariaValueText":"Mesajlar yüklənir"},{"$i":"messages-load-more","$v":"Daha çox mesaj yüklə"},{"$i":"messages-folder-empty","$v":"Bu Qovluqda e-poçt yoxdur"},{"$i":"messages-search-empty","$v":"Lokal qaydada keşlənmiş mesajlarda uyğunluq yoxdur"},{"$i":"messages-folder-select","$v":"Qovluğa köçür"},{"$i":"messages-folder-unread-max","$v":"999+"},{"$i":"message-contact-menu-create","$v":"Yeni kontaktı saxla"},{"$i":"message-contact-menu-add-existing","$v":"Mövcud kontakta əlavə et"},{"$i":"message-contact-menu-view","$v":"Kontakta bax"},{"$i":"message-contact-menu-reply","$v":"Cavabla"},{"$i":"message-contact-menu-new","$v":"Yeni e-poçt göndər"},{"$i":"message-reply-menu-reply","$v":"Cavabla"},{"$i":"message-reply-menu-reply-all","$v":"Hamısını cavabla"},{"$i":"message-reply-menu-forward","$v":"Yönləndir"},{"$i":"message-reply-menu-cancel","$v":"Ləğv et"},{"$i":"reply-quoting-wrote","$v":"{name} yazıb"},{"$i":"forward-original-message","$v":"Orijinal mesaj"},{"$i":"forward-header-subject","$v":"Mövzu"},{"$i":"forward-header-date","$v":"Tarix"},{"$i":"forward-header-from","$v":"Kimdən"},{"$i":"forward-header-reply-to","$v":"Cavablandır"},{"$i":"forward-header-to","$v":"Üçün"},{"$i":"forward-header-cc","$v":"Cc"},{"$i":"folder-inbox","$v":"Gələnlər qutusu"},{"$i":"folder-sent","$v":"Göndərildi"},{"$i":"folder-drafts","$v":"Layihələr"},{"$i":"folder-trash","$v":"Zibil qutusu"},{"$i":"folder-queue","$v":"Göndərilmədi"},{"$i":"folder-junk","$v":"Lazımsız"},{"$i":"folder-archives","$v":"Arxivlər"},{"$i":"folder-localdrafts","$v":"Lokal Layihələr"},{"$i":"folder-outbox","$v":"Gedənlər qutusu"},{"$i":"drawer-back","$v":"Geriyə"},{"$i":"drawer-accounts-header","$v":"Hesablar"},{"$i":"drawer-settings-link","$v":"Parametrlər"},{"$i":"folder-last-synced-label","$v":"Son sinxronlaşdırma:"},{"$i":"messages-refresh-progress","ariaValueText":"Yenilənir"},{"$i":"no-internet-connection","$v":"Heç bir internet bağlantısı yoxdur."},{"$i":"toaster-undo","$v":"Ləğv et"},{"$i":"toaster-message-star","$v":{"few":[{"t":"idOrVar","v":"n"}," mesaj bayraqlandı"],"many":[{"t":"idOrVar","v":"n"}," mesaj bayraqlandı"],"one":"Mesaj bayraqlandı","other":[{"t":"idOrVar","v":"n"}," mesaj bayraqlandı"],"two":[{"t":"idOrVar","v":"n"}," mesaj bayraqlandı"]},"$x":[{"t":"idOrVar","v":"plural"},"n"]},{"$i":"toaster-message-unstar","$v":{"few":[{"t":"idOrVar","v":"n"}," mesaj bayrağı silindi"],"many":[{"t":"idOrVar","v":"n"}," mesaj bayrağı silindi"],"one":"Mesaj bayrağı silindi","other":[{"t":"idOrVar","v":"n"}," mesaj bayrağı silindi"],"two":[{"t":"idOrVar","v":"n"}," mesaj bayrağı silindi"]},"$x":[{"t":"idOrVar","v":"plural"},"n"]},{"$i":"toaster-message-read","$v":{"few":[{"t":"idOrVar","v":"n"}," mesaj oxunmuş kimi qeyd edildi"],"many":[{"t":"idOrVar","v":"n"}," mesaj oxunmuş kimi qeyd edildi"],"one":"Mesaj oxunmuş kimi qeyd edildi","other":[{"t":"idOrVar","v":"n"}," mesaj oxunmuş kimi qeyd edildi"],"two":[{"t":"idOrVar","v":"n"}," mesaj oxunmuş kimi qeyd edildi"]},"$x":[{"t":"idOrVar","v":"plural"},"n"]},{"$i":"toaster-message-unread","$v":{"few":[{"t":"idOrVar","v":"n"}," mesaj oxunmamış kimi qeyd edildi"],"many":[{"t":"idOrVar","v":"n"}," mesaj oxunmamış kimi qeyd edildi"],"one":"Mesaj oxunmamış kimi qeyd edildi","other":[{"t":"idOrVar","v":"n"}," mesaj oxunmamış kimi qeyd edildi"],"two":[{"t":"idOrVar","v":"n"}," mesaj oxunmamış kimi qeyd edildi"]},"$x":[{"t":"idOrVar","v":"plural"},"n"]},{"$i":"toaster-message-move","$v":{"few":[{"t":"idOrVar","v":"n"}," mesaj bu qovluğa köçürüldü:"],"many":[{"t":"idOrVar","v":"n"}," mesaj bu qovluğa köçürüldü:"],"one":"Mesaj bu qovluğa köçürüldü:","other":[{"t":"idOrVar","v":"n"}," mesaj bu qovluğa köçürüldü:"],"two":[{"t":"idOrVar","v":"n"}," mesaj bu qovluğa köçürüldü:"]},"$x":[{"t":"idOrVar","v":"plural"},"n"]},{"$i":"toaster-message-delete","$v":{"few":[{"t":"idOrVar","v":"n"}," e-poçt silindi"],"many":[{"t":"idOrVar","v":"n"}," e-poçt silindi"],"one":"1 e-poçt silindi","other":[{"t":"idOrVar","v":"n"}," e-poçt silindi"],"two":[{"t":"idOrVar","v":"n"}," e-poçt silindi"]},"$x":[{"t":"idOrVar","v":"plural"},"n"]},{"$i":"toaster-sync-failed","$v":"Serverə qoşulmaq olmur."},{"$i":"compose-invalid-addresses-title","$v":"Yanlış Ünvanlar"},{"$i":"compose-invalid-addresses-description","$v":"Mesajınız bir və ya daha çox yanlış e-poçt ünvanı ehtiva edir. Onları göndərməzdən əvvəl düzəldin."},{"$i":"background-send-pending","$v":"Şəbəkə əlçatan deyil. E-poçt gedənlər qutusunda saxlanıldı."},{"$i":"background-send-sending","$v":"E-poçt göndərilir..."},{"$i":"background-send-success","$v":"E-poçt göndərildi."},{"$i":"background-send-error","$v":"Xəta baş verdi. E-poçt gedənlər qutusunda saxlanıldı."},{"$i":"background-send-error-recipients","$v":"Qəbuledən xətası. E-poçt gedənlər qutusunda saxlanıldı."},{"$i":"background-send-error-title","$v":"E-poçt göndərilmədi"},{"$i":"send-failure-recipients","$v":"Yuxarıdakı ünvanların düzgün yazıldığını yoxlayın. E-poçt serveriniz yuxarıdakı ünvanlardan bir və ya bir neçəsinin yanlış olduğunu göstərir."},{"$i":"send-failure-unknown","$v":"Mesajı göndərmək mümkün olmadı."},{"$i":"form-clear-input","$v":"Mətni sil"},{"$i":"confirm-dialog-title","$v":"Təsdiq"},{"$i":"confirm-dialog-ok","$v":"OK"},{"$i":"msg-display-subject","$v":"Mövzu"},{"$i":"msg-reader-display-attachments","$v":"Əlavələr"},{"$i":"msg-reader-display-attachment","$v":"Qoşma"},{"$i":"msg-reader-download-external-images","$v":["Xarici mesajları yüklə (",{"t":"idOrVar","v":"n"}," MB)"]},{"$i":"msg-reader-sender-header","$v":"Kimdən"},{"$i":"msg-reader-recipients-header","$v":"Qəbl edənlər"},{"$i":"msg-reader-cc-header","$v":"Cc"},{"$i":"msg-reader-bcc-header","$v":"Bcc"},{"$i":"msg-reader-message-flagged","$v":"Mesaj bayraqlandı"},{"$i":"msg-reader-flag-removed","$v":"Bayraq silindi"},{"$i":"external-image-downloading","$v":"Yüklənir..."},{"$i":"senders-separation-sign","$v":", "},{"$i":"new-messages","$v":{"few":[{"t":"idOrVar","v":"n"}," Yeni mesaj"],"many":[{"t":"idOrVar","v":"n"}," Yeni mesaj"],"one":"1 Yeni Mesaj","other":[{"t":"idOrVar","v":"n"}," Yeni mesaj"],"two":[{"t":"idOrVar","v":"n"}," Yeni mesaj"]},"$x":[{"t":"idOrVar","v":"plural"},"n"]},{"$i":"new-emails-notify-one-account","$v":{"few":[{"t":"idOrVar","v":"n"}," Yeni e-poçt"],"many":[{"t":"idOrVar","v":"n"}," Yeni e-poçt"],"one":"1 Yeni e-poçt","other":[{"t":"idOrVar","v":"n"}," Yeni e-poçt"],"two":[{"t":"idOrVar","v":"n"}," Yeni e-poçt"]},"$x":[{"t":"idOrVar","v":"plural"},"n"]},{"$i":"new-emails-notify-multiple-accounts","$v":{"few":[{"t":"idOrVar","v":"n"}," Yeni e-poçtlar (",{"t":"idOrVar","v":"accountName"},")"],"many":[{"t":"idOrVar","v":"n"}," Yeni e-poçtlar (",{"t":"idOrVar","v":"accountName"},")"],"one":["1 yeni e-poçt (",{"t":"idOrVar","v":"accountName"},")"],"other":[{"t":"idOrVar","v":"n"}," Yeni e-poçtlar (",{"t":"idOrVar","v":"accountName"},")"],"two":[{"t":"idOrVar","v":"n"}," Yeni e-poçtlar (",{"t":"idOrVar","v":"accountName"},")"]},"$x":[{"t":"idOrVar","v":"plural"},"n"]},{"$i":"new-emails-notify-multiple-accounts-body","$v":[{"t":"idOrVar","v":"from"}," \"",{"t":"idOrVar","v":"subject"}]},{"$i":"tng-plain-socket-warning-title","$v":"Əminsiniz?"},{"$i":"tng-plain-socket-warning-message","$v":"Başqa şəxslər parollarınızı və e-poçtlarınızı görə və ya hesabınızı idarə edə bilər."},{"$i":"tng-plain-socket-warning-message-options","$v":"Daha dəhlükəsiz, şifrələnmiş bağlantı təklif edən çoxlu, ödənişsiz e-poçt provayderləri var."},{"$i":"tng-plain-socket-warning-ok","$v":"Anladım"},{"$i":"message-reader-date-received","ariaLabel":"Qəbul edilənlər"},{"$i":"sort-by-title","$v":"Sırala"},{"$i":"sort-by-date","$v":"Tarix"},{"$i":"sort-by-from","$v":"Kimdən"},{"$i":"sort-by-to","$v":"Üçün"},{"$i":"sort-by-subject","$v":"Mövzu"},{"$i":"softkey-options","$v":"Seçimlər"},{"$i":"opt-compose","$v":"Yarat"},{"$i":"opt-reply","$v":"Cavabla"},{"$i":"opt-reply-all","$v":"Hamısını cavabla"},{"$i":"opt-forward","$v":"Yönləndir"},{"$i":"opt-mark-read","$v":"Oxunmuş kimi qeyd et"},{"$i":"opt-mark-unread","$v":"Oxunmamış kimi qeyd et"},{"$i":"opt-add-flag","$v":"Bayraq əlavə et"},{"$i":"opt-remove-flag","$v":"Bayrağı sil"},{"$i":"opt-move-message","$v":"Qovluğa köçür"},{"$i":"opt-delete-message","$v":"Sil"},{"$i":"opt-multi-select","$v":"Bir neçəsini seç"},{"$i":"opt-search","$v":"Axtar"},{"$i":"opt-folders","$v":"Qovluqlara bax"},{"$i":"opt-sort","$v":"Çeşidlə"},{"$i":"opt-sync","$v":"Sinxronlaşdır"},{"$i":"opt-account","$v":"Hesabı dəyiş"},{"$i":"opt-settings","$v":"Parametrlər"},{"$i":"opt-edit","$v":"Redaktə et"},{"$i":"opt-cancel","$v":"Ləğv et"},{"$i":"opt-save","$v":"Saxla"},{"$i":"opt-move","$v":"Köçür"},{"$i":"opt-view","$v":"Bax"},{"$i":"opt-empty-trash","$v":"Zibil qutusunu boşalt"},{"$i":"opt-call-number","$v":"Zəng edin"},{"$i":"opt-compose-mail","$v":"Yaradın"},{"$i":"opt-open-url","$v":"Açın"},{"$i":"select-option-on","$v":"Aktiv"},{"$i":"select-option-off","$v":"Qeyri-aktiv"},{"$i":"select-option-imap-smtp","$v":"IMAP+SMTP"},{"$i":"select-option-pop3-smtp","$v":"POP3+SMTP"},{"$i":"select-option-activesync","$v":"ActiveSync"},{"$i":"toaster-switch-account","$v":"E-poçt dəyişdirildi:"},{"$i":"toaster-sorted-by","$v":"Mesajlar çeşidlənib:"},{"$i":"cmp-reply","$v":"Cavabla"},{"$i":"cmp-reply-all","$v":"Hamısını cavabla"},{"$i":"cmp-forward","$v":"Mesajı yönləndir"},{"$i":"cmp-remove-attach","$v":"Qoşma silindi"},{"$i":"select","$v":"Seç"},{"$i":"deselect","$v":"Ləğv et"},{"$i":"cancel","$v":"Ləğv et"},{"$i":"enter","$v":"Daxil et"},{"$i":"remove-attachment","$v":"Qoşmanı sil"},{"$i":"replace-attachment","$v":"Qoşmanı Dəyişdir"},{"$i":"add-attachment","$v":"Qoşma əlavə et"},{"$i":"add-contact","$v":"Kontakt əlavə et"},{"$i":"add-cc","$v":"Cc əlavə et"},{"$i":"remove-cc","$v":"Cc-ni sil"},{"$i":"add-bcc","$v":"Bcc əlavə et"},{"$i":"remove-bcc","$v":"Bcc-ni sil"},{"$i":"attachment-download","$v":"Yüklə"},{"$i":"attachment-share","$v":"Paylaş"},{"$i":"send-new-mail","$v":"Yeni e-poçt göndər"},{"$i":"view-contact","$v":"Kontakta bax"},{"$i":"save-new-contact","$v":"Yeni kontaktı saxla"},{"$i":"add-to-exsiting-contact","$v":"Mövcud Kontakta əlavə et"},{"$i":"no","$v":"Xeyr"},{"$i":"yes","$v":"Bəli"},{"$i":"retry","$v":"Təkrar cəhd et"},{"$i":"empty","$v":"Boşalt"},{"$i":"empty-trash-confirm","$v":"Zibil qutusunu boşaltmaq istəyirsiniz?"},{"$i":"trash-emptied","$v":"Zibil qutusu boşaldıldı"},{"$i":"next","$v":"Növbəti"},{"$i":"welcome-header","$v":"E-poçt"},{"$i":"welcome-msg","$v":"E-poçta xoş gəlmisiniz."},{"$i":"welcome-msg-setup","$v":"E-poçt hesabınızı quraşdırmaq üçün \"Növbəti\" seçiminə basın."},{"$i":"discard","$v":"Sil"},{"$i":"leave-this-page-warning-message","$v":"E-poçt hesabı məlumatlarını rədd etmək istəyirsiniz?"},{"$i":"finish","$v":"Son"},{"$i":"setup-done-msg","$v":"Uğurla daxil oldunuz. Başqa hesab əlavə etmək istəyirsiniz?"},{"$i":"save-as-draft","$v":"Qaralama kimi saxla"},{"$i":"show-password","$v":"Parolu göstər"},{"$i":"account-label","$v":"Hesab yarlığı"},{"$i":"folders","$v":"Qovluqlar"},{"$i":"security","$v":"Təhlükəsizlik"},{"$i":"port-number","$v":"Port nömrəsi"},{"$i":"domain-username","$v":"Domen\\İstifadəçi"},{"$i":"synchronizing","$v":"Sinxronlaşdırılır..."},{"$i":"browse-mail","$v":"E-poçta bax"},{"$i":"never-sync","$v":"Lokal qovluq sinxronlaşdırıla bilməz."},{"$i":"emptyDownloadFile","$v":"Bu faylı yükləmək mümkün deyil, boş ola bilər"},{"$i":"sync","$v":"Sinxronlaşdırma"},{"$i":"outbox-unsent-label","$v":{"few":["Gedənlər qutusunda ",{"t":"idOrVar","v":"n"}," göndərilməmiş mesaj"],"many":["Gedənlər qutusunda ",{"t":"idOrVar","v":"n"}," göndərilməmiş mesaj"],"one":"Gedənlər qutusunda 1 göndərilməmiş mesaj","other":["Gedənlər qutusunda ",{"t":"idOrVar","v":"n"}," göndərilməmiş mesaj"],"two":"Gedənlər qutusunda 2 göndərilməmiş mesaj"},"$x":[{"t":"idOrVar","v":"plural"},"n"]},{"$i":"storage-full-title","$v":"Saxlama yeri Doludur"},{"$i":"storage-full-warning","$v":"Daha çox boş yer əldə etmək üçün bəzi media fayllarını və ya menecer proqramı məlumatlarını silə bilərsiniz."},{"$i":"storage-full","$v":"Telefon yaddaşı doludur."},{"$i":"storage-sdcard-full","$v":"SD kart doludur."},{"$i":"view-address","$v":"Ünvana bax"},{"$i":"mail-address-title","$v":"E-poçt ünvanı"},{"$i":"mail-address","$v":[{"t":"idOrVar","v":"address"}]},{"$i":"value-name","$v":[{"t":"idOrVar","v":"name"}]},{"$i":"account-deleted","$v":"Hesab silindi."},{"$i":"account-reEnable","$v":"Hesab artıq mövcuddur. Hesab e-poçtu sinxronlaşdırılsın?"},{"$i":"setup-account-usedInfo","$v":"Bu hesab aşağıdakı proqramlar istifadə edəcək. Bunu Parametrlər>Hesab bölməsində dəyişə bilərsiniz."},{"$i":"setup-account-settingsInfo","$v":"Hər proqramın fərqli standart sinxronlaşdırma intervalları var, proqram parametrlərində yoxlayın."},{"$i":"app-calendar","$v":"Təqvim"},{"$i":"app-contacts","$v":"Kontaktlar"},{"$i":"app-email","$v":"E-poçt"},{"$i":"weekday-0-long","$v":"Bazar"},{"$i":"weekday-1-long","$v":"Bazar ertəsi"},{"$i":"weekday-2-long","$v":"Çərşənbə axşamı"},{"$i":"weekday-3-long","$v":"Çərşənbə"},{"$i":"weekday-4-long","$v":"Cümə axşamı"},{"$i":"weekday-5-long","$v":"Cümə"},{"$i":"weekday-6-long","$v":"Şənbə"},{"$i":"weekday-0-short","$v":"Bazar"},{"$i":"weekday-1-short","$v":"Bazar ertəsi"},{"$i":"weekday-2-short","$v":"Çərşənbə axşamı"},{"$i":"weekday-3-short","$v":"Çərşənbə"},{"$i":"weekday-4-short","$v":"Cümə axşamı"},{"$i":"weekday-5-short","$v":"Cüm"},{"$i":"weekday-6-short","$v":"Şənbə"},{"$i":"month-0-long","$v":"Yanvar"},{"$i":"month-1-long","$v":"Fevral"},{"$i":"month-2-long","$v":"Mart"},{"$i":"month-3-long","$v":"Aprel"},{"$i":"month-4-long","$v":"May"},{"$i":"month-5-long","$v":"İyun"},{"$i":"month-6-long","$v":"İyul"},{"$i":"month-7-long","$v":"Avqust"},{"$i":"month-8-long","$v":"Sentyabr"},{"$i":"month-9-long","$v":"Oktyabr"},{"$i":"month-10-long","$v":"Noyabr"},{"$i":"month-11-long","$v":"Dekabr"},{"$i":"month-0-genitive","$v":"Yanvar"},{"$i":"month-1-genitive","$v":"Fevral"},{"$i":"month-2-genitive","$v":"Mart"},{"$i":"month-3-genitive","$v":"Aprel"},{"$i":"month-4-genitive","$v":"May"},{"$i":"month-5-genitive","$v":"İyun"},{"$i":"month-6-genitive","$v":"İyul"},{"$i":"month-7-genitive","$v":"Avqust"},{"$i":"month-8-genitive","$v":"Sentyabr"},{"$i":"month-9-genitive","$v":"Oktyabr"},{"$i":"month-10-genitive","$v":"Noyabr"},{"$i":"month-11-genitive","$v":"Dekabr"},{"$i":"month-0-short","$v":"Yan"},{"$i":"month-1-short","$v":"Fev"},{"$i":"month-2-short","$v":"Mar"},{"$i":"month-3-short","$v":"Apr"},{"$i":"month-4-short","$v":"May"},{"$i":"month-5-short","$v":"İyun"},{"$i":"month-6-short","$v":"İyul"},{"$i":"month-7-short","$v":"Avq"},{"$i":"month-8-short","$v":"Sen"},{"$i":"month-9-short","$v":"Okt"},{"$i":"month-10-short","$v":"Noy"},{"$i":"month-11-short","$v":"Dek"},{"$i":"minutes-ago-long","$v":{"few":[{"t":"idOrVar","v":"value"}," dəqiqə əvvəl"],"many":[{"t":"idOrVar","v":"value"}," dəqiqə əvvəl"],"one":"bir dəqiqə əvvəl","other":[{"t":"idOrVar","v":"value"}," dəqiqə əvvəl"],"two":[{"t":"idOrVar","v":"value"}," dəqiqə əvvəl"],"zero":"indicə"},"$x":[{"t":"idOrVar","v":"plural"},"value"]},{"$i":"hours-ago-long","$v":{"few":[{"t":"idOrVar","v":"value"}," saat əvvəl"],"many":[{"t":"idOrVar","v":"value"}," saat əvvəl"],"one":"bir saat əvvəl","other":[{"t":"idOrVar","v":"value"}," saat əvvəl"],"two":[{"t":"idOrVar","v":"value"}," saat əvvəl"],"zero":"indicə"},"$x":[{"t":"idOrVar","v":"plural"},"value"]},{"$i":"days-ago-long","$v":{"few":[{"t":"idOrVar","v":"value"}," gün əvvəl"],"many":[{"t":"idOrVar","v":"value"}," gün əvvəl"],"one":"dünən","other":[{"t":"idOrVar","v":"value"}," gün əvvəl"],"two":[{"t":"idOrVar","v":"value"}," gün əvvəl"],"zero":"bu gün"},"$x":[{"t":"idOrVar","v":"plural"},"value"]},{"$i":"weeks-ago-long","$v":{"few":[{"t":"idOrVar","v":"value"}," həftə əvvəl"],"many":[{"t":"idOrVar","v":"value"}," həftə əvvəl"],"one":"sonuncu həftə","other":[{"t":"idOrVar","v":"value"}," həftə əvvəl"],"two":[{"t":"idOrVar","v":"value"}," həftə əvvəl"],"zero":"bu həftə"},"$x":[{"t":"idOrVar","v":"plural"},"value"]},{"$i":"months-ago-long","$v":{"few":[{"t":"idOrVar","v":"value"}," ay əvvəl"],"many":[{"t":"idOrVar","v":"value"}," ay əvvəl"],"one":"sonuncu ay","other":[{"t":"idOrVar","v":"value"}," ay əvvəl"],"two":[{"t":"idOrVar","v":"value"}," ay əvvəl"],"zero":"bu ay"},"$x":[{"t":"idOrVar","v":"plural"},"value"]},{"$i":"years-ago-long","$v":{"few":[{"t":"idOrVar","v":"value"}," il əvvəl"],"many":[{"t":"idOrVar","v":"value"}," il əvvəl"],"one":"sonuncu il","other":[{"t":"idOrVar","v":"value"}," il əvvəl"],"two":[{"t":"idOrVar","v":"value"}," il əvvəl"],"zero":"bu il"},"$x":[{"t":"idOrVar","v":"plural"},"value"]},{"$i":"minutes-until-long","$v":{"few":[{"t":"idOrVar","v":"value"}," dəqiqədə"],"many":[{"t":"idOrVar","v":"value"}," dəqiqədə"],"one":"bir dəqiqədə","other":[{"t":"idOrVar","v":"value"}," dəqiqədə"],"two":[{"t":"idOrVar","v":"value"}," dəqiqədə"],"zero":"indi"},"$x":[{"t":"idOrVar","v":"plural"},"value"]},{"$i":"hours-until-long","$v":{"few":[{"t":"idOrVar","v":"value"}," saatda"],"many":[{"t":"idOrVar","v":"value"}," saatda"],"one":"bir saatda","other":[{"t":"idOrVar","v":"value"}," saatda"],"two":[{"t":"idOrVar","v":"value"}," saatda"],"zero":"indi"},"$x":[{"t":"idOrVar","v":"plural"},"value"]},{"$i":"days-until-long","$v":{"few":[{"t":"idOrVar","v":"value"}," gündə"],"many":[{"t":"idOrVar","v":"value"}," gündə"],"one":"sabah","other":[{"t":"idOrVar","v":"value"}," gündə"],"two":[{"t":"idOrVar","v":"value"}," gündə"],"zero":"bu gün"},"$x":[{"t":"idOrVar","v":"plural"},"value"]},{"$i":"weeks-until-long","$v":{"few":[{"t":"idOrVar","v":"value"}," həftədə"],"many":[{"t":"idOrVar","v":"value"}," həftədə"],"one":"növbəti həftə","other":[{"t":"idOrVar","v":"value"}," həftədə"],"two":[{"t":"idOrVar","v":"value"}," həftədə"],"zero":"bu həftə"},"$x":[{"t":"idOrVar","v":"plural"},"value"]},{"$i":"months-until-long","$v":{"few":[{"t":"idOrVar","v":"value"}," ayda"],"many":[{"t":"idOrVar","v":"value"}," ayda"],"one":"növbəti ay","other":[{"t":"idOrVar","v":"value"}," ayda"],"two":[{"t":"idOrVar","v":"value"}," ayda"],"zero":"bu ay"},"$x":[{"t":"idOrVar","v":"plural"},"value"]},{"$i":"years-until-long","$v":{"few":[{"t":"idOrVar","v":"value"}," ildə"],"many":[{"t":"idOrVar","v":"value"}," ildə"],"one":"növbəti il","other":[{"t":"idOrVar","v":"value"}," ildə"],"two":[{"t":"idOrVar","v":"value"}," ildə"],"zero":"bu il"},"$x":[{"t":"idOrVar","v":"plural"},"value"]},{"$i":"minutes-ago-short","$v":{"other":[{"t":"idOrVar","v":"value"},"d əvvəl"],"zero":"indicə"},"$x":[{"t":"idOrVar","v":"plural"},"value"]},{"$i":"hours-ago-short","$v":{"other":[{"t":"idOrVar","v":"value"},"s əvvəl"],"zero":"indicə"},"$x":[{"t":"idOrVar","v":"plural"},"value"]},{"$i":"days-ago-short","$v":{"other":[{"t":"idOrVar","v":"value"},"g əvvəl"],"zero":"bu gün"},"$x":[{"t":"idOrVar","v":"plural"},"value"]},{"$i":"minutes-until-short","$v":{"other":[{"t":"idOrVar","v":"value"}," d-də"],"zero":"indi"},"$x":[{"t":"idOrVar","v":"plural"},"value"]},{"$i":"hours-until-short","$v":{"other":[{"t":"idOrVar","v":"value"}," s-da"],"zero":"indi"},"$x":[{"t":"idOrVar","v":"plural"},"value"]},{"$i":"days-until-short","$v":{"other":[{"t":"idOrVar","v":"value"}," g-də"],"zero":"bu gün"},"$x":[{"t":"idOrVar","v":"plural"},"value"]},{"$i":"incorrectDate","$v":"(yanlış tarix)"},{"$i":"dateTimeFormat_%c","$v":"%a %b %e %Y %I:%M:%S %p"},{"$i":"dateTimeFormat_%x","$v":"%m/%d/%Y"},{"$i":"dateTimeFormat_%X","$v":"%I:%M:%S %p"},{"$i":"shortTimeFormat","$v":"%I:%M %p"},{"$i":"shortTimeFormat12","$v":"%I:%M %p"},{"$i":"shortTimeFormat24","$v":"%H:%M"},{"$i":"shortDateTimeFormat","$v":"%x %I:%M %p"},{"$i":"weekStartsOnMonday","$v":"0.0"},{"$i":"firstDayOfTheWeek","$v":"1.0"},{"$i":"time_am","$v":"AM"},{"$i":"time_pm","$v":"PM"}]