[{"$i":"setup-app-name-header","$v":"E-mail"},{"$i":"setup-empty-account-message","$v":"Δεν έχετε ολοκληρώσει τις ρυθμίσεις για αποστολή ή λήψη e-mail. Δημιουργήστε ένα λογαριασμό για να ολοκληρώσετε τη ρύθμιση."},{"$i":"setup-pick-service","$v":"Για να στέλνετε και να λαμβάνετε e-mail, θα πρέπει να ρυθμίσετε ένα λογαριασμό."},{"$i":"setup-account-header3","$v":"Είσοδος σε λογαριασμό"},{"$i":"setup-account-password","$v":"Κωδικός πρόσβασης"},{"$i":"setup-info-next","$v":"Επόμενο"},{"$i":"setup-progress-wait-msg","$v":"Ρύθμιση λογαριασμού"},{"$i":"setup-sync-progress-wait-msg","$v":"Συγχρονισμός λογαριασμού"},{"$i":"setup-completed-header","$v":"Συγχαρητήρια!"},{"$i":"setup-completed-label","$v":"Τελειώσατε!"},{"$i":"setup-add-another-account","$v":"Προσθήκη άλλου λογαριασμού"},{"$i":"setup-show-mail","$v":"Συνέχεια στο e-mail"},{"$i":"setup-done-add","$v":"Προσθήκη λογαριασμού"},{"$i":"setup-error-offline","$v":"Η συσκευή βρίσκεται εκτός σύνδεσης αυτήν τη στιγμή. Συνδεθείτε σε δίκτυο και δοκιμάστε ξανά."},{"$i":"setup-error-bad-user-or-pass2","$v":"Μη έγκυρο όνομα χρήστη ή κωδικός πρόσβασης. Ελέγξτε για λάθη στην πληκτρολόγηση."},{"$i":"setup-error-bad-address","$v":"Μη έγκυρη διεύθυνση e-mail. Ελέγξτε για λάθη στην πληκτρολόγηση."},{"$i":"setup-error-not-authorized","$v":"Σύμφωνα με το διακομιστή, δεν έχετε εξουσιοδότηση για τη δημιουργία λογαριασμού"},{"$i":"setup-error-pop-server-not-great","$v":"Ο διακομιστής δεν υποστηρίζεται. Ο διακομιστής POP3 δεν εφαρμόζει τις απαιτούμενες λειτουργίες."},{"$i":"setup-error-unknown2","$v":"Παρουσιάστηκε άγνωστο σφάλμα. Ελέγξτε τη σύνδεσή σας στο δίκτυο ή ολοκληρώστε τις ρυθμίσεις μη αυτόματα."},{"$i":"setup-error-needs-app-pass","$v":"Πρέπει να χρησιμοποιήσετε κωδικό πρόσβασης συγκεκριμένο ανά εφαρμογή για τους λογαριασμούς Gmail δύο παραγόντων."},{"$i":"setup-error-imap-disabled","$v":"Πρέπει να ενεργοποιήσετε το IMAP για το λογαριασμό Gmail."},{"$i":"setup-error-pop3-disabled","$v":"Πρέπει να ενεργοποιήσετε το POP3 για το λογαριασμό Gmail."},{"$i":"setup-error-bad-security","$v":["Δεν είναι δυνατή η δημιουργία ασφαλούς σύνδεσης με \"",{"t":"idOrVar","v":"server"},"\". Ενδέχεται να υπάρχει πρόβλημα με το δίκτυό σας ή το διακομιστή."]},{"$i":"setup-error-unresponsive-server","$v":["Δεν είναι δυνατή η δημιουργία σύνδεσης με \"",{"t":"idOrVar","v":"server"},"\". Ενδέχεται να υπάρχει πρόβλημα με το δίκτυο."]},{"$i":"setup-error-server-problem","$v":["Παρουσιάστηκε πρόβλημα με το διακομιστή \"",{"t":"idOrVar","v":"server"},"\". Προσπαθήστε ξανά αργότερα."]},{"$i":"setup-error-no-config-info","$v":"Δεν είναι δυνατή η αυτόματη ρύθμιση του λογαριασμού σας. Διορθώστε τη διεύθυνση e-mail σας ή ρυθμίστε μη αυτόματα το λογαριασμό."},{"$i":"setup-error-server-maintenance","$v":["Ο διακομιστής \"",{"t":"idOrVar","v":"server"},"\" βρίσκεται εκτός σύνδεσης για λόγους συντήρησης. Προσπαθήστε ξανά αργότερα."]},{"$i":"setup-error-account-already-exists","$v":"Ο λογαριασμός έχει ήδη ρυθμιστεί."},{"$i":"setup-manual-config2","$v":"Για προχωρημένους"},{"$i":"setup-manual-config-header","$v":"Είσοδος σε λογαριασμό"},{"$i":"setup-manual-account-type-header","$v":"Τύπος λογαριασμού"},{"$i":"setup-manual-account-type","$v":"Τύπος λογαριασμού"},{"$i":"setup-manual-account-type-select","ariaLabel":"Τύπος λογαριασμού"},{"$i":"setup-manual-imap-header","$v":"Ρυθμίσεις IMAP"},{"$i":"setup-manual-pop3-header","$v":"Ρυθμίσεις POP3"},{"$i":"setup-manual-smtp-header","$v":"Ρυθμίσεις SMTP"},{"$i":"setup-manual-activesync-header","$v":"Ρυθμίσεις ActiveSync"},{"$i":"setup-manual-next","$v":"Επόμενο"},{"$i":"setup-manual-socket","$v":"Τύπος υποδοχής"},{"$i":"setup-manual-socket-ssl","$v":"SSL"},{"$i":"setup-manual-socket-starttls","$v":"STARTTLS"},{"$i":"setup-manual-socket-select","ariaLabel":"Ασφάλεια σύνδεσης"},{"$i":"setup-manual-socket-plain","$v":"Χωρίς κρυπτογράφηση"},{"$i":"setup-bad-password-header","$v":"Εσφαλμένος κωδικός πρόσβασης!"},{"$i":"setup-bad-password","$v":"Δεν είναι δυνατή η είσοδος στο διακομιστή. Πληκτρολογήστε ξανά τον κωδικό πρόσβασης."},{"$i":"setup-new-password","placeholder":"Νέος κωδικός πρόσβασης"},{"$i":"setup-fix-password","$v":"Προσπαθήστε ξανά με νέο κωδικό πρόσβασης"},{"$i":"setup-gmail-twofactor-header","$v":"Ενεργοποίηση δύο παραγόντων"},{"$i":"setup-gmail-twofactor-message","$v":"Πρέπει να πληκτρολογήσετε παρακάτω έναν κωδικό πρόσβασης συγκεκριμένο για την εφαρμογή."},{"$i":"setup-gmail-imap-header","$v":"Το IMAP απενεργοποιήθηκε"},{"$i":"setup-gmail-imap-message","$v":"Πρέπει να ενεργοποιήσετε το IMAP στο λογαριασμό σας Gmail."},{"$i":"setup-gmail-retry","$v":"Επανάληψη"},{"$i":"setup-gmail-pop3-header","$v":"Το POP3 απενεργοποιήθηκε"},{"$i":"setup-gmail-pop3-message","$v":"Πρέπει να ενεργοποιήσετε το POP3 στο λογαριασμό σας Gmail."},{"$i":"setup-fix-oauth2-header","$v":"Εκ νέου εξουσιοδότηση e-mail"},{"$i":"setup-fix-oauth2-description","$v":"Το e-mail χρειάζεται εκ νέου εξουσιοδότηση για να έχετε πρόσβαση στον παρακάτω λογαριασμό:"},{"$i":"setup-fix-oauth2-reauthorize","$v":"Εκ νέου εξουσιοδότηση"},{"$i":"settings-main-header","$v":"Ρυθμίσεις e-mail"},{"$i":"settings-sub-header-account","$v":"Λογαριασμός"},{"$i":"settings-account-group","ariaLabel":"Λογαριασμός"},{"$i":"settings-account-name","$v":"Το όνομά σας"},{"$i":"settings-account-label","$v":"Ετικέτα λογαριασμού"},{"$i":"settings-account-display-notifications","$v":"Εμφάνιση ειδοποιήσεων για νέο e-mail"},{"$i":"settings-account-play-sound-onsend","$v":"Αναπαραγωγή ήχου μετά την αποστολή μηνύματος"},{"$i":"settings-account-signature-label","$v":"Υπογραφή"},{"$i":"settings-sub-header-data","$v":"Δεδομένα"},{"$i":"settings-data-group","ariaLabel":"Δεδομένα"},{"$i":"settings-account-check-mail","$v":"Έλεγχος για νέα μηνύματα"},{"$i":"settings-account-check-mail-select","ariaLabel":"Έλεγχος για νέα μηνύματα"},{"$i":"settings-sub-header-server","$v":"Ρυθμίσεις διακομιστή"},{"$i":"settings-server-group","ariaLabel":"Ρυθμίσεις διακομιστή"},{"$i":"settings-account-userpass","$v":"Όνομα χρήστη και κωδικός πρόσβασης"},{"$i":"settings-account-useroauth2","$v":"Όνομα χρήστη"},{"$i":"settings-default-signature-2","$v":"Εστάλη από το τηλέφωνό μου"},{"$i":"settings-done","$v":"Τέλος"},{"$i":"settings-account-section","$v":"Λογαριασμοί"},{"$i":"settings-account-listbox","ariaLabel":"Λογαριασμοί"},{"$i":"settings-account-add","$v":"Προσθήκη"},{"$i":"settings-account-delete","$v":"Διαγραφή λογαριασμού"},{"$i":"settings-account-delete-prompt","$v":["Είστε βέβαιοι ότι θέλετε να διαγράψετε τον λογαριασμό e-mail σας ",{"t":"idOrVar","v":"account"},";"]},{"$i":"settings-account-delete-desc","$v":"Θα πρέπει να πραγματοποιήσετε ξανά λήψη των e-mail, αν επαναλάβετε τη δημιουργία λογαριασμού."},{"$i":"settings-account-delete-cancel","$v":"Ακύρωση"},{"$i":"settings-account-delete-confirm","$v":"Διαγραφή"},{"$i":"settings-account-clarify","$v":[{"t":"idOrVar","v":"account-name"}]},{"$i":"settings-account-clarify-imap","$v":[{"t":"idOrVar","v":"account-name"}," (IMAP)"]},{"$i":"settings-account-clarify-pop3","$v":[{"t":"idOrVar","v":"account-name"}," (POP3)"]},{"$i":"settings-account-clarify-smtp","$v":[{"t":"idOrVar","v":"account-name"}," (SMTP)"]},{"$i":"settings-general-section","$v":"Γενικές ρυθμίσεις"},{"$i":"settings-show-images","$v":"Να εμφανίζονται πάντα οι εικόνες"},{"$i":"settings-download-attachments","$v":"Λήψη συνημμένων"},{"$i":"settings-check-every-5min","$v":"Κάθε 5 λεπτά"},{"$i":"settings-check-every-10min","$v":"Κάθε 10 λεπτά"},{"$i":"settings-check-every-15min","$v":"Κάθε 15 λεπτά"},{"$i":"settings-check-every-30min","$v":"Κάθε 30 λεπτά"},{"$i":"settings-check-every-60min","$v":"Κάθε ώρα"},{"$i":"settings-check-every-manual","$v":"Μη αυτόματα"},{"$i":"settings-check-dynamic","$v":{"few":[{"t":"idOrVar","v":"n"}," δευτερόλεπτα"],"many":[{"t":"idOrVar","v":"n"}," δευτερόλεπτα"],"one":[{"t":"idOrVar","v":"n"}," δευτερόλεπτο"],"other":[{"t":"idOrVar","v":"n"}," δευτερόλεπτα"],"two":[{"t":"idOrVar","v":"n"}," δευτερόλεπτα"],"zero":"απενεργοποιημένο"},"$x":[{"t":"idOrVar","v":"plural"},"n"]},{"$i":"settings-default-account","$v":"Ορισμός ως προεπιλεγμένο e-mail"},{"$i":"settings-account-type","$v":"Τύπος λογαριασμού"},{"$i":"settings-account-credentials","$v":"Διαπιστευτήρια"},{"$i":"settings-activesync-label","$v":"Ρυθμίσεις ActiveSync"},{"$i":"settings-imap-label","$v":"Ρυθμίσεις IMAP"},{"$i":"settings-pop3-label","$v":"Ρυθμίσεις POP3"},{"$i":"settings-smtp-label","$v":"Ρυθμίσεις SMTP"},{"$i":"settings-hostname","$v":"Όνομα κεντρικού υπολογιστή"},{"$i":"settings-port","$v":"Θύρα"},{"$i":"settings-username","$v":"Όνομα χρήστη"},{"$i":"settings-password","$v":"Κωδικός πρόσβασης"},{"$i":"settings-save","$v":"Αποθήκευση"},{"$i":"password-saved","$v":"Ο κωδικός πρόσβασης αποθηκεύτηκε."},{"$i":"settings-reauth","$v":"Εκ νέου εξουσιοδότηση"},{"$i":"settings-account-synchronize-window","$v":"Ημέρες για συγχρονισμό"},{"$i":"settings-account-synchronize-window-select","ariaLabel":"Ημέρες για συγχρονισμό"},{"$i":"settings-synchronize-auto","$v":"Αυτόματα"},{"$i":"settings-synchronize-one-day","$v":"1 ημέρα"},{"$i":"settings-synchronize-three-days","$v":"3 ημέρες"},{"$i":"settings-synchronize-one-week","$v":"1 εβδομάδα"},{"$i":"settings-synchronize-two-weeks","$v":"2 εβδομάδες"},{"$i":"settings-synchronize-one-month","$v":"1 μήνας"},{"$i":"settings-synchronize-all","$v":"Όλα τα μηνύματα"},{"$i":"envelope-from","$v":"Από"},{"$i":"envelope-to","$v":"Προς"},{"$i":"envelope-cc","$v":"Κοιν."},{"$i":"envelope-bcc","$v":"Ιδιαίτ. κοιν."},{"$i":"message-header-state-sending","ariaLabel":"Αποστολή"},{"$i":"message-header-state-error","ariaLabel":"Σφάλμα κατά την αποστολή"},{"$i":"message-header-unread","ariaLabel":"Μη αναγνωσμένο"},{"$i":"message-header-reply","ariaLabel":"Απάντηση"},{"$i":"message-header-forward","ariaLabel":"Προώθηση"},{"$i":"message-header-starred","ariaLabel":"Έχει αστέρι"},{"$i":"message-header-attachments","ariaLabel":"Έχει συνημμένα"},{"$i":"message-body-container","ariaLabel":"Σώμα μηνύματος"},{"$i":"message-body-container-progress","ariaValueText":"Φόρτωση"},{"$i":"subject","ariaLabel":"Θέμα"},{"$i":"attachments-container","ariaLabel":"Συνημμένα"},{"$i":"from-group","ariaLabel":"Από"},{"$i":"to-group","ariaLabel":"Προς"},{"$i":"cc-group","ariaLabel":"Κοιν."},{"$i":"bcc-group","ariaLabel":"Ιδιαίτ. κοιν."},{"$i":"compose-header","$v":"Σύνταξη μηνύματος"},{"$i":"compose-header-short","$v":"Σύνταξη"},{"$i":"compose-send","$v":"Αποστολή"},{"$i":"compose-send-button","ariaLabel":"Αποστολή"},{"$i":"compose-to","$v":"Προς"},{"$i":"compose-cc","$v":"Κοιν."},{"$i":"compose-bcc","$v":"Ιδιαίτ. κοιν."},{"$i":"compose-cc-remove","$v":"Η λίστα κοινοποίησης αφαιρέθηκε."},{"$i":"compose-bcc-remove","$v":"Η λίστα ιδιαίτερης κοινοποίησης αφαιρέθηκε."},{"$i":"compose-contact-add","ariaLabel":"Προσθήκη επαφής"},{"$i":"compose-attachments","$v":{"few":["Συνημμένα (",{"t":"idOrVar","v":"n"},")"],"many":["Συνημμένα (",{"t":"idOrVar","v":"n"},")"],"one":["Συνημμένο (",{"t":"idOrVar","v":"n"},")"],"other":["Συνημμένα (",{"t":"idOrVar","v":"n"},")"],"two":["Συνημμένα (",{"t":"idOrVar","v":"n"},")"],"zero":"Συνημμένο"},"$x":[{"t":"idOrVar","v":"plural"},"n"]},{"$i":"compose-text","ariaLabel":"Επεξεργασία"},{"$i":"compose-attachment-still-working","$v":"Περιμένετε, γίνεται επεξεργασία του προηγούμενου συνημμένου..."},{"$i":"compose-attachment-loading","$v":"Φόρτωση συνημμένου ..."},{"$i":"compose-attachments-loading","$v":"Φόρτωση συνημμένων ..."},{"$i":"compose-forward-attachment-error-title","$v":"Η λήψη απέτυχε."},{"$i":"compose-forward-attachment-error-title2","$v":"Σφάλμα"},{"$i":"compose-forward-attachment-unable-load","$v":"Δεν είναι δυνατή η φόρτωση του συνημμένου."},{"$i":"compose-forward-attachments-unable-load","$v":"Δεν είναι δυνατή η φόρτωση των συνημμένων."},{"$i":"compose-forward-attachment-load-error","$v":"Δεν ήταν δυνατή η φόρτωση κάποιων συνημμένων."},{"$i":"confirmation-title","$v":"Επιβεβαίωση"},{"$i":"compose-subject","$v":"Θέμα"},{"$i":"compose-draft-save","$v":"Αποθήκευση σε τοπικά πρόχειρα;"},{"$i":"compose-discard-confirm","$v":"Απόρριψη"},{"$i":"compose-draft-dialog-cancel","$v":"Ακύρωση"},{"$i":"compose-draft-dialog-save","$v":"Αποθήκευση"},{"$i":"composer-draft-saved","$v":"Το μήνυμα αποθηκεύτηκε στα τοπικά πρόχειρα"},{"$i":"attention","$v":"Προσοχή"},{"$i":"compose-send-message-failed","$v":"Η αποστολή e-mail απέτυχε"},{"$i":"compose-attchment-size-exceeded","$v":"Το επιλεγμένο συνημμένο είναι πολύ μεγάλο για αποστολή με αυτό το μήνυμα."},{"$i":"compose-attchments-size-exceeded","$v":"Τα επιλεγμένα συνημμένα είναι πολύ μεγάλα για αποστολή με αυτό το μήνυμα. Επιλέξτε λιγότερα αρχεία."},{"$i":"composer-attachment-large-title","$v":"Υπερβολικά μεγάλο μέγεθος αρχείου"},{"$i":"default-attachment-filename","$v":["συνημμένο",{"t":"idOrVar","v":"n"}]},{"$i":"attachment-size-meb","$v":[{"t":"idOrVar","v":"megabytes"}," MB"]},{"$i":"attachment-size-kib","$v":[{"t":"idOrVar","v":"kilobytes"}," KB"]},{"$i":"attachment-size-byte","$v":[{"t":"idOrVar","v":"bytes"}," B"]},{"$i":"message-attachment-view","$v":"Προβολή"},{"$i":"message-attachment-did-not-open-label","$v":"Δεν ανοίγει"},{"$i":"message-attachment-did-not-open-body","$v":"Η συσκευή δεν διαθέτει εφαρμογή για το άνοιγμα του συνημμένου."},{"$i":"message-attachment-too-large","$v":"Το μέγεθος του αρχείου είναι πολύ μεγάλο για λήψη."},{"$i":"message-attachment-not-found","$v":"Δεν ήταν δυνατή η εύρεση του συνημμένου αρχείου, ενδέχεται να έχει διαγραφεί."},{"$i":"message-attachment-download-fail","$v":[{"t":"idOrVar","v":"fileName"}," -Η λήψη απέτυχε"]},{"$i":"message-no-subject","$v":"(χωρίς θέμα)"},{"$i":"message-edit-menu-edit","$v":"Επεξεργασία"},{"$i":"message-edit-menu-delete","$v":"Διαγραφή"},{"$i":"message-edit-delete-confirm","$v":"Να διαγραφεί το μήνυμα e-mail;"},{"$i":"message-forward-attachment-title","$v":"Συνημμένο"},{"$i":"message-forward-attachment","$v":"Να γίνει προώθηση και του συνημμένου;"},{"$i":"message-forward-attachments","$v":"Να γίνει προώθηση και των συνημμένων;"},{"$i":"message-multiedit-header","$v":{"few":["Επιλέχθηκαν ",{"t":"idOrVar","v":"n"}],"many":["Επιλέχθηκαν ",{"t":"idOrVar","v":"n"}],"one":["Επιλέχθηκαν ",{"t":"idOrVar","v":"n"}],"other":["Επιλέχθηκαν ",{"t":"idOrVar","v":"n"}],"two":["Επιλέχθηκαν ",{"t":"idOrVar","v":"n"}],"zero":["Επιλέχθηκαν ",{"t":"idOrVar","v":"n"}]},"$x":[{"t":"idOrVar","v":"plural"},"n"]},{"$i":"message-multiedit-search-header","$v":{"few":["Επιλέχθηκαν ",{"t":"idOrVar","v":"n"}],"many":["Επιλέχθηκαν ",{"t":"idOrVar","v":"n"}],"one":["Επιλέχθηκαν ",{"t":"idOrVar","v":"n"}],"other":["Επιλέχθηκαν ",{"t":"idOrVar","v":"n"}],"two":["Επιλέχθηκαν ",{"t":"idOrVar","v":"n"}],"zero":"Επιλέχθηκαν 0"},"$x":[{"t":"idOrVar","v":"plural"},"n"]},{"$i":"browse-to-url-prompt","$v":["Περιήγηση σε URL;: ",{"t":"idOrVar","v":"url"}]},{"$i":"message-download-images-tap","$v":{"few":["Το e-mail περιέχει ",{"t":"idOrVar","v":"n"}," εικόνες. Πατήστε για λήψη."],"many":["Το e-mail περιέχει ",{"t":"idOrVar","v":"n"}," εικόνες. Πατήστε για λήψη."],"one":"Το e-mail περιέχει μία εικόνα. Πατήστε για λήψη.","other":["Το e-mail περιέχει ",{"t":"idOrVar","v":"n"}," εικόνες. Πατήστε για λήψη."],"two":["Το e-mail περιέχει ",{"t":"idOrVar","v":"n"}," εικόνες. Πατήστε για λήψη."]},"$x":[{"t":"idOrVar","v":"plural"},"n"]},{"$i":"message-show-external-images","$v":"Εμφάνιση εξωτερικών εικόνων"},{"$i":"message-delete-cancel","$v":"Ακύρωση"},{"$i":"message-multiedit-delete-confirm","$v":{"few":["Να διαγραφούν τα ",{"t":"idOrVar","v":"n"}," μηνύματα;"],"many":["Να διαγραφούν τα ",{"t":"idOrVar","v":"n"}," μηνύματα;"],"one":"Να διαγραφεί το επιλεγμένο μήνυμα;","other":["Να διαγραφούν τα ",{"t":"idOrVar","v":"n"}," μηνύματα;"],"two":["Να διαγραφούν τα ",{"t":"idOrVar","v":"n"}," μηνύματα;"]},"$x":[{"t":"idOrVar","v":"plural"},"n"]},{"$i":"message-large-message-cancel","$v":"Ακύρωση"},{"$i":"message-large-message-ok","$v":"Συνέχεια"},{"$i":"message-large-message-confirm","$v":"Το μήνυμα είναι μεγάλο και μπορεί να χρειαστεί λίγος χρόνος για λήψη."},{"$i":"message-large-message-warning","$v":"Το μήνυμα είναι πολύ μεγάλο για να εμφανιστεί."},{"$i":"message-search-header","$v":"Αναζήτηση"},{"$i":"search-result","$v":["Βρέθηκε-αν ",{"t":"idOrVar","v":"num"}," αντιστοιχία-ες"]},{"$i":"message-search-from","$v":"Από"},{"$i":"message-search-to","$v":"Προς"},{"$i":"message-search-subject","$v":"Θέμα"},{"$i":"message-search-body","$v":"Κύριο σώμα"},{"$i":"message-search-all","$v":"Όλα"},{"$i":"message-search-input","placeholder":"Αναζήτηση e-mail"},{"$i":"message-search-cancel","$v":"Ακύρωση"},{"$i":"messages-syncing","$v":"Φόρτωση μηνυμάτων"},{"$i":"messages-syncing-progressbar","ariaValueText":"Φόρτωση μηνυμάτων"},{"$i":"messages-load-more","$v":"Φόρτωση περισσότερων μηνυμάτων"},{"$i":"messages-folder-empty","$v":"Δεν υπάρχει e-mail σε αυτόν το φάκελο"},{"$i":"messages-search-empty","$v":"Δεν βρέθηκαν αντιστοιχίες στα τοπικά αποθηκευμένα μηνύματα"},{"$i":"messages-folder-select","$v":"Μετακίνηση στο φάκελο"},{"$i":"messages-folder-unread-max","$v":"999"},{"$i":"message-contact-menu-create","$v":"Αποθήκευση νέας επαφής"},{"$i":"message-contact-menu-add-existing","$v":"Προσθήκη σε υπάρχουσα επαφή"},{"$i":"message-contact-menu-view","$v":"Προβολή επαφής"},{"$i":"message-contact-menu-reply","$v":"Απάντηση"},{"$i":"message-contact-menu-new","$v":"Αποστολή νέου e-mail"},{"$i":"message-reply-menu-reply","$v":"Απάντηση"},{"$i":"message-reply-menu-reply-all","$v":"Απάντηση σε όλους"},{"$i":"message-reply-menu-forward","$v":"Προώθηση"},{"$i":"message-reply-menu-cancel","$v":"Ακύρωση"},{"$i":"reply-quoting-wrote","$v":"Ο/Η {name} έγραψε"},{"$i":"forward-original-message","$v":"Αρχικό μήνυμα"},{"$i":"forward-header-subject","$v":"Θέμα"},{"$i":"forward-header-date","$v":"Ημερομηνία"},{"$i":"forward-header-from","$v":"Από"},{"$i":"forward-header-reply-to","$v":"Απάντηση σε"},{"$i":"forward-header-to","$v":"Προς"},{"$i":"forward-header-cc","$v":"Κοιν."},{"$i":"folder-inbox","$v":"Εισερχόμενα"},{"$i":"folder-sent","$v":"Απεσταλμένα"},{"$i":"folder-drafts","$v":"Πρόχειρα"},{"$i":"folder-trash","$v":"Κάδος απορριμμάτων"},{"$i":"folder-queue","$v":"Μη απεσταλμένα"},{"$i":"folder-junk","$v":"Ανεπιθύμητα"},{"$i":"folder-archives","$v":"Αρχειοθέτηση"},{"$i":"folder-localdrafts","$v":"Τοπικά πρόχειρα"},{"$i":"folder-outbox","$v":"Εξερχόμενα"},{"$i":"drawer-back","$v":"Πίσω"},{"$i":"drawer-accounts-header","$v":"Λογαριασμοί"},{"$i":"drawer-settings-link","$v":"Ρυθμίσεις"},{"$i":"folder-last-synced-label","$v":"Τελευταίος συγχρονισμός:"},{"$i":"messages-refresh-progress","ariaValueText":"Ανανέωση"},{"$i":"no-internet-connection","$v":"Καμία σύνδεση διαδικτύου."},{"$i":"toaster-undo","$v":"Αναίρεση"},{"$i":"toaster-message-star","$v":{"few":[{"t":"idOrVar","v":"n"}," μηνύματα ορίστηκαν με σημαία"],"many":[{"t":"idOrVar","v":"n"}," μηνύματα ορίστηκαν με σημαία"],"one":"Μήνυμα με ορισμό σημαίας","other":[{"t":"idOrVar","v":"n"}," μηνύματα ορίστηκαν με σημαία"],"two":[{"t":"idOrVar","v":"n"}," μηνύματα ορίστηκαν με σημαία"]},"$x":[{"t":"idOrVar","v":"plural"},"n"]},{"$i":"toaster-message-unstar","$v":{"few":["Η σημαία αφαιρέθηκε από ",{"t":"idOrVar","v":"n"}," μηνύματα"],"many":["Η σημαία αφαιρέθηκε από ",{"t":"idOrVar","v":"n"}," μηνύματα"],"one":"Η σημαία αφαιρέθηκε από το μήνυμα","other":["Η σημαία αφαιρέθηκε από ",{"t":"idOrVar","v":"n"}," μηνύματα"],"two":["Η σημαία αφαιρέθηκε από ",{"t":"idOrVar","v":"n"}," μηνύματα"]},"$x":[{"t":"idOrVar","v":"plural"},"n"]},{"$i":"toaster-message-read","$v":{"few":[{"t":"idOrVar","v":"n"}," μηνύματα επισημάνθηκαν ως αναγνωσμένα"],"many":[{"t":"idOrVar","v":"n"}," μηνύματα επισημάνθηκαν ως αναγνωσμένα"],"one":"Το μήνυμα επισημάνθηκε ως αναγνωσμένο","other":[{"t":"idOrVar","v":"n"}," μηνύματα επισημάνθηκαν ως αναγνωσμένα"],"two":[{"t":"idOrVar","v":"n"}," μηνύματα επισημάνθηκαν ως αναγνωσμένα"]},"$x":[{"t":"idOrVar","v":"plural"},"n"]},{"$i":"toaster-message-unread","$v":{"few":[{"t":"idOrVar","v":"n"}," μηνύματα επισημάνθηκαν ως μη αναγνωσμένα"],"many":[{"t":"idOrVar","v":"n"}," μηνύματα επισημάνθηκαν ως μη αναγνωσμένα"],"one":"Το μήνυμα επισημάνθηκε ως μη αναγνωσμένο","other":[{"t":"idOrVar","v":"n"}," μηνύματα επισημάνθηκαν ως μη αναγνωσμένα"],"two":[{"t":"idOrVar","v":"n"}," μηνύματα επισημάνθηκαν ως μη αναγνωσμένα"]},"$x":[{"t":"idOrVar","v":"plural"},"n"]},{"$i":"toaster-message-move","$v":{"few":[{"t":"idOrVar","v":"n"}," μηνύματα μετακινήθηκαν στο φάκελο:"],"many":[{"t":"idOrVar","v":"n"}," μηνύματα μετακινήθηκαν στο φάκελο:"],"one":"Το μήνυμα μετακινήθηκε στο φάκελο:","other":[{"t":"idOrVar","v":"n"}," μηνύματα μετακινήθηκαν στο φάκελο:"],"two":[{"t":"idOrVar","v":"n"}," μηνύματα μετακινήθηκαν στο φάκελο:"]},"$x":[{"t":"idOrVar","v":"plural"},"n"]},{"$i":"toaster-message-delete","$v":{"few":[{"t":"idOrVar","v":"n"}," e-mail διαγράφηκαν"],"many":[{"t":"idOrVar","v":"n"}," e-mail διαγράφηκαν"],"one":"1 e-mail διαγράφηκε","other":[{"t":"idOrVar","v":"n"}," e-mail διαγράφηκαν"],"two":[{"t":"idOrVar","v":"n"}," e-mail διαγράφηκαν"]},"$x":[{"t":"idOrVar","v":"plural"},"n"]},{"$i":"toaster-sync-failed","$v":"Δεν είναι δυνατή η σύνδεση στο διακομιστή."},{"$i":"compose-invalid-addresses-title","$v":"Μη έγκυρες διευθύνσεις"},{"$i":"compose-invalid-addresses-description","$v":"Το μήνυμά σας περιέχει μία ή περισσότερες μη έγκυρες διευθύνσεις e-mail. Διορθώστε τις πριν την αποστολή."},{"$i":"background-send-pending","$v":"Μη διαθέσιμο δίκτυο. Το e-mail αποθηκεύτηκε στα εξερχόμενα."},{"$i":"background-send-sending","$v":"Αποστολή e-mail..."},{"$i":"background-send-success","$v":"Το e-mail εστάλη."},{"$i":"background-send-error","$v":"Παρουσιάστηκε σφάλμα. Το e-mail αποθηκεύτηκε στα εξερχόμενα."},{"$i":"background-send-error-recipients","$v":"Σφάλμα παραλήπτη. Το e-mail αποθηκεύτηκε στα εξερχόμενα."},{"$i":"background-send-error-title","$v":"Απέτυχε η αποστολή e-mail"},{"$i":"send-failure-recipients","$v":"Ελέγξτε την ορθογραφία των παραπάνω διευθύνσεων. Ο διακομιστής e-mail ανέφερε πως μία ή περισσότερες από τις διευθύνσεις δεν είναι σωστές."},{"$i":"send-failure-unknown","$v":"Δεν ήταν δυνατή η αποστολή μηνύματος."},{"$i":"form-clear-input","$v":"Αφαίρεση κειμένου"},{"$i":"confirm-dialog-title","$v":"Επιβεβαίωση"},{"$i":"confirm-dialog-ok","$v":"OK"},{"$i":"msg-display-subject","$v":"Θέμα"},{"$i":"msg-reader-display-attachments","$v":"Συνημμένα"},{"$i":"msg-reader-display-attachment","$v":"Συνημμένο"},{"$i":"msg-reader-download-external-images","$v":["Λήψη εξωτερικών εικόνων (",{"t":"idOrVar","v":"n"}," MB)"]},{"$i":"msg-reader-sender-header","$v":"Από"},{"$i":"msg-reader-recipients-header","$v":"Παραλήπτες"},{"$i":"msg-reader-cc-header","$v":"Κοιν."},{"$i":"msg-reader-bcc-header","$v":"Ιδιαίτ. κοιν."},{"$i":"msg-reader-message-flagged","$v":"Μήνυμα με ορισμό σημαίας"},{"$i":"msg-reader-flag-removed","$v":"Η σημαία αφαιρέθηκε"},{"$i":"external-image-downloading","$v":"Λήψη…"},{"$i":"senders-separation-sign","$v":" "},{"$i":"new-messages","$v":{"few":[{"t":"idOrVar","v":"n"}," νέα μηνύματα"],"many":[{"t":"idOrVar","v":"n"}," νέα μηνύματα"],"one":"1 νέο μήνυμα","other":[{"t":"idOrVar","v":"n"}," νέα μηνύματα"],"two":[{"t":"idOrVar","v":"n"}," νέα μηνύματα"]},"$x":[{"t":"idOrVar","v":"plural"},"n"]},{"$i":"new-emails-notify-one-account","$v":{"few":[{"t":"idOrVar","v":"n"}," νέα e-mail"],"many":[{"t":"idOrVar","v":"n"}," νέα e-mail"],"one":"1 νέο e-mail","other":[{"t":"idOrVar","v":"n"}," νέα e-mail"],"two":[{"t":"idOrVar","v":"n"}," νέα e-mail"]},"$x":[{"t":"idOrVar","v":"plural"},"n"]},{"$i":"new-emails-notify-multiple-accounts","$v":{"few":[{"t":"idOrVar","v":"n"}," νέα e-mail (",{"t":"idOrVar","v":"accountName"},")"],"many":[{"t":"idOrVar","v":"n"}," νέα e-mail (",{"t":"idOrVar","v":"accountName"},")"],"one":["1 νέο e-mail (",{"t":"idOrVar","v":"accountName"},")"],"other":[{"t":"idOrVar","v":"n"}," νέα e-mail (",{"t":"idOrVar","v":"accountName"},")"],"two":[{"t":"idOrVar","v":"n"}," νέα e-mail (",{"t":"idOrVar","v":"accountName"},")"]},"$x":[{"t":"idOrVar","v":"plural"},"n"]},{"$i":"new-emails-notify-multiple-accounts-body","$v":[{"t":"idOrVar","v":"from"}," «",{"t":"idOrVar","v":"subject"},"»"]},{"$i":"tng-plain-socket-warning-title","$v":"Είστε βέβαιοι;"},{"$i":"tng-plain-socket-warning-message","$v":"Άλλα άτομα ενδέχεται να μπορούν να εμφανίζουν τους κωδικούς πρόσβασης και τα e-mail σας ή να ελέγχουν το λογαριασμό σας."},{"$i":"tng-plain-socket-warning-message-options","$v":"Υπάρχουν πολλοί πάροχοι δωρεάν e-mail που προσφέρουν ασφαλέστερες, κρυπτογραφημένες συνδέσεις."},{"$i":"tng-plain-socket-warning-ok","$v":"Κατάλαβα"},{"$i":"message-reader-date-received","ariaLabel":"Ληφθέντα"},{"$i":"sort-by-title","$v":"Ταξινόμηση κατά"},{"$i":"sort-by-date","$v":"Ημερομηνία"},{"$i":"sort-by-from","$v":"Από"},{"$i":"sort-by-to","$v":"Προς"},{"$i":"sort-by-subject","$v":"Θέμα"},{"$i":"softkey-options","$v":"Επιλογές"},{"$i":"opt-compose","$v":"Σύνταξη"},{"$i":"opt-reply","$v":"Απάντηση"},{"$i":"opt-reply-all","$v":"Απάντηση σε όλους"},{"$i":"opt-forward","$v":"Προώθηση"},{"$i":"opt-mark-read","$v":"Σήμανση ως αναγνωσμένο"},{"$i":"opt-mark-unread","$v":"Σήμανση ως μη αναγνωσμένο"},{"$i":"opt-add-flag","$v":"Προσθήκη σημαίας"},{"$i":"opt-remove-flag","$v":"Κατάργηση σημαίας"},{"$i":"opt-move-message","$v":"Μετακίνηση στο φάκελο"},{"$i":"opt-delete-message","$v":"Διαγραφή"},{"$i":"opt-multi-select","$v":"Επιλογή πολλών"},{"$i":"opt-search","$v":"Αναζήτηση"},{"$i":"opt-folders","$v":"Προβολή φακέλων"},{"$i":"opt-sort","$v":"Ταξινόμηση"},{"$i":"opt-sync","$v":"Συγχρονισμός"},{"$i":"opt-account","$v":"Αλλαγή λογαριασμού"},{"$i":"opt-settings","$v":"Ρυθμίσεις"},{"$i":"opt-edit","$v":"Επεξεργασία"},{"$i":"opt-cancel","$v":"Ακύρωση"},{"$i":"opt-save","$v":"Αποθήκευση"},{"$i":"opt-move","$v":"Μετακίνηση"},{"$i":"opt-view","$v":"Προβολή"},{"$i":"opt-empty-trash","$v":"Άδειασμα κάδου απορριμμάτων"},{"$i":"opt-call-number","$v":"Κλήση"},{"$i":"opt-compose-mail","$v":"Σύνταξη"},{"$i":"opt-open-url","$v":"Άνοιγμα"},{"$i":"select-option-on","$v":"Ενεργοποίηση"},{"$i":"select-option-off","$v":"Απενεργοποίηση"},{"$i":"select-option-imap-smtp","$v":"IMAP+SMTP"},{"$i":"select-option-pop3-smtp","$v":"POP3+SMTP"},{"$i":"select-option-activesync","$v":"ActiveSync"},{"$i":"toaster-switch-account","$v":"Αλλαγή λογαριασμού e-mail σε:"},{"$i":"toaster-sorted-by","$v":"Ταξινόμηση μηνύματος κατά"},{"$i":"cmp-reply","$v":"Απάντηση"},{"$i":"cmp-reply-all","$v":"Απάντηση σε όλους"},{"$i":"cmp-forward","$v":"Προώθηση μηνύματος"},{"$i":"cmp-remove-attach","$v":"Το συνημμένο αφαιρέθηκε"},{"$i":"select","$v":"Επιλογή"},{"$i":"deselect","$v":"Αναίρεση επιλογής"},{"$i":"cancel","$v":"Ακύρωση"},{"$i":"enter","$v":"Εισαγωγή"},{"$i":"remove-attachment","$v":"Κατάργηση συνημμένου"},{"$i":"replace-attachment","$v":"Αντικατάσταση συνημμένου"},{"$i":"add-attachment","$v":"Προσθήκη συνημμένου"},{"$i":"add-contact","$v":"Προσθήκη επαφής"},{"$i":"add-cc","$v":"Προσθήκη ιδιαίτ. κοιν."},{"$i":"remove-cc","$v":"Αφαίρεση κοιν."},{"$i":"add-bcc","$v":"Προσθήκη κοιν."},{"$i":"remove-bcc","$v":"Αφαίρεση ιδιαίτ. κοιν."},{"$i":"attachment-download","$v":"Λήψη"},{"$i":"attachment-share","$v":"Κοινή χρήση"},{"$i":"send-new-mail","$v":"Αποστολή νέου e-mail"},{"$i":"view-contact","$v":"Προβολή επαφής"},{"$i":"save-new-contact","$v":"Αποθήκευση νέας επαφής"},{"$i":"add-to-exsiting-contact","$v":"Προσθήκη σε υπάρχουσα επαφή"},{"$i":"no","$v":"Όχι"},{"$i":"yes","$v":"Ναι"},{"$i":"retry","$v":"Επανάληψη"},{"$i":"empty","$v":"Κενό"},{"$i":"empty-trash-confirm","$v":"Θέλετε να γίνει άδειασμα του κάδου απορριμμάτων;"},{"$i":"trash-emptied","$v":"Ο κάδος απορριμμάτων άδειασε"},{"$i":"next","$v":"Επόμενο"},{"$i":"welcome-header","$v":"E-mail"},{"$i":"welcome-msg","$v":"Καλώς ήρθατε στο e-mail."},{"$i":"welcome-msg-setup","$v":"Πατήστε «Επόμενο» για να ρυθμίσετε το λογαριασμό e-mail σας."},{"$i":"discard","$v":"Απόρριψη"},{"$i":"leave-this-page-warning-message","$v":"Θέλετε να απορρίψετε τα στοιχεία λογαριασμού e-mail;"},{"$i":"finish","$v":"Τέλος"},{"$i":"setup-done-msg","$v":"Πραγματοποιήσατε είσοδο με επιτυχία. Θέλετε να προσθέσετε άλλο λογαριασμό;"},{"$i":"save-as-draft","$v":"Αποθήκευση ως πρόχειρο"},{"$i":"show-password","$v":"Εμφάνιση κωδικού πρόσβασης"},{"$i":"account-label","$v":"Ετικέτα λογαριασμού"},{"$i":"folders","$v":"Φάκελοι"},{"$i":"security","$v":"Ασφάλεια"},{"$i":"port-number","$v":"Αριθμός θύρας"},{"$i":"domain-username","$v":"Τομέας\\Όνομα χρήστη"},{"$i":"synchronizing","$v":"Συγχρονισμός…"},{"$i":"browse-mail","$v":"Περιήγηση σε e-mail"},{"$i":"never-sync","$v":"Δεν είναι δυνατός ο συγχρονισμός τοπικού φακέλου"},{"$i":"emptyDownloadFile","$v":"Δεν είναι δυνατή η λήψη του αρχείου, ενδέχεται να είναι κενό"},{"$i":"sync","$v":"Συγχρονισμός"},{"$i":"outbox-unsent-label","$v":{"few":[{"t":"idOrVar","v":"n"}," μη σταλθέντα μηνύματα στα Εξερχόμενα"],"many":[{"t":"idOrVar","v":"n"}," μη σταλθέντα μηνύματα στα Εξερχόμενα"],"one":"1 μη σταλθέν μήνυμα στα Εξερχόμενα","other":[{"t":"idOrVar","v":"n"}," μη σταλθέντα μηνύματα στα Εξερχόμενα"],"two":"2 μη σταλθέντα μηνύματα στα Εξερχόμενα"},"$x":[{"t":"idOrVar","v":"plural"},"n"]},{"$i":"storage-full-title","$v":"Χώρος αποθήκευσης πλήρης"},{"$i":"storage-full-warning","$v":"Μπορείτε να διαγράψετε αρχεία πολυμέσων ή να διαχειριστείτε δεδομένα εφαρμογών για να αποκτήσετε περισσότερο ελεύθερο χώρο."},{"$i":"storage-full","$v":"Ο χώρος αποθήκευσης του τηλεφώνου είναι πλήρης."},{"$i":"storage-sdcard-full","$v":"Κάρτα SD πλήρης."},{"$i":"view-address","$v":"Προβολή διεύθυνσης"},{"$i":"mail-address-title","$v":"Ταχυδρομική διεύθυνση"},{"$i":"mail-address","$v":[{"t":"idOrVar","v":"address"}]},{"$i":"value-name","$v":[{"t":"idOrVar","v":"name"}]},{"$i":"account-deleted","$v":"Ο λογαριασμός διαγράφηκε."},{"$i":"account-reEnable","$v":"Ο λογαριασμός υπάρχει ήδη. Να γίνει συγχρονισμός των email του λογαριασμού;"},{"$i":"setup-account-usedInfo","$v":"Αυτός ο λογαριασμός θα χρησιμοποιείται από τις παρακάτω εφαρμογές. Μπορείτε να αλλάξετε αυτή τη ρύθμιση στη διαδρομή Ρυθμίσεις>Λογαριασμός."},{"$i":"setup-account-settingsInfo","$v":"Κάθε εφαρμογή διαθέτει διαφορετικά προεπιλεγμένα διαστήματα συγχρονισμού, ανατρέξτε στις ρυθμίσεις εφαρμογής."},{"$i":"app-calendar","$v":"Ημερολόγιο"},{"$i":"app-contacts","$v":"Επαφές"},{"$i":"app-email","$v":"Email"},{"$i":"weekday-0-long","$v":"Κυριακή"},{"$i":"weekday-1-long","$v":"Δευτέρα"},{"$i":"weekday-2-long","$v":"Τρίτη"},{"$i":"weekday-3-long","$v":"Τετάρτη"},{"$i":"weekday-4-long","$v":"Πέμπτη"},{"$i":"weekday-5-long","$v":"Παρασκευή"},{"$i":"weekday-6-long","$v":"Σάββατο"},{"$i":"weekday-0-short","$v":"Κυρ"},{"$i":"weekday-1-short","$v":"Δευ"},{"$i":"weekday-2-short","$v":"Τρ"},{"$i":"weekday-3-short","$v":"Τετ"},{"$i":"weekday-4-short","$v":"Πέμ"},{"$i":"weekday-5-short","$v":"Παρ"},{"$i":"weekday-6-short","$v":"Σάβ"},{"$i":"month-0-long","$v":"Ιανουάριος"},{"$i":"month-1-long","$v":"Φεβρουάριος"},{"$i":"month-2-long","$v":"Μάρτιος"},{"$i":"month-3-long","$v":"Απρίλιος"},{"$i":"month-4-long","$v":"Μάιος"},{"$i":"month-5-long","$v":"Ιούνιος"},{"$i":"month-6-long","$v":"Ιούλιος"},{"$i":"month-7-long","$v":"Αύγουστος"},{"$i":"month-8-long","$v":"Σεπτέμβριος"},{"$i":"month-9-long","$v":"Οκτώβριος"},{"$i":"month-10-long","$v":"Νοέμβριος"},{"$i":"month-11-long","$v":"Δεκέμβριος"},{"$i":"month-0-genitive","$v":"Ιανουάριος"},{"$i":"month-1-genitive","$v":"Φεβρουάριος"},{"$i":"month-2-genitive","$v":"Μάρτιος"},{"$i":"month-3-genitive","$v":"Απρίλιος"},{"$i":"month-4-genitive","$v":"Μάι"},{"$i":"month-5-genitive","$v":"Ιούνιος"},{"$i":"month-6-genitive","$v":"Ιούλιος"},{"$i":"month-7-genitive","$v":"Αύγουστος"},{"$i":"month-8-genitive","$v":"Σεπτέμβριος"},{"$i":"month-9-genitive","$v":"Οκτώβριος"},{"$i":"month-10-genitive","$v":"Νοέμβριος"},{"$i":"month-11-genitive","$v":"Δεκέμβριος"},{"$i":"month-0-short","$v":"Ιαν"},{"$i":"month-1-short","$v":"Φεβ"},{"$i":"month-2-short","$v":"Μάρ"},{"$i":"month-3-short","$v":"Απρ"},{"$i":"month-4-short","$v":"Μάι"},{"$i":"month-5-short","$v":"Ιούν"},{"$i":"month-6-short","$v":"Ιούλ"},{"$i":"month-7-short","$v":"Αύγ"},{"$i":"month-8-short","$v":"Σεπ"},{"$i":"month-9-short","$v":"Οκτ"},{"$i":"month-10-short","$v":"Νοέ"},{"$i":"month-11-short","$v":"Δεκ"},{"$i":"minutes-ago-long","$v":{"few":[{"t":"idOrVar","v":"value"}," λεπτά πριν"],"many":[{"t":"idOrVar","v":"value"}," λεπτά πριν"],"one":"ένα λεπτό πριν","other":[{"t":"idOrVar","v":"value"}," λεπτά πριν"],"two":[{"t":"idOrVar","v":"value"}," λεπτά πριν"],"zero":"μόλις τώρα"},"$x":[{"t":"idOrVar","v":"plural"},"value"]},{"$i":"hours-ago-long","$v":{"few":[{"t":"idOrVar","v":"value"}," ώρες πριν"],"many":[{"t":"idOrVar","v":"value"}," ώρες πριν"],"one":"πριν από μία ώρα","other":[{"t":"idOrVar","v":"value"}," ώρες πριν"],"two":[{"t":"idOrVar","v":"value"}," ώρες πριν"],"zero":"μόλις τώρα"},"$x":[{"t":"idOrVar","v":"plural"},"value"]},{"$i":"days-ago-long","$v":{"few":[{"t":"idOrVar","v":"value"}," ημέρες πριν"],"many":[{"t":"idOrVar","v":"value"}," ημέρες πριν"],"one":"χθες","other":[{"t":"idOrVar","v":"value"}," ημέρες πριν"],"two":[{"t":"idOrVar","v":"value"}," ημέρες πριν"],"zero":"σήμερα"},"$x":[{"t":"idOrVar","v":"plural"},"value"]},{"$i":"weeks-ago-long","$v":{"few":[{"t":"idOrVar","v":"value"}," εβδομάδες πριν"],"many":[{"t":"idOrVar","v":"value"}," εβδομάδες πριν"],"one":"προηγούμενη εβδομάδα","other":[{"t":"idOrVar","v":"value"}," εβδομάδες πριν"],"two":[{"t":"idOrVar","v":"value"}," εβδομάδες πριν"],"zero":"αυτήν την εβδομάδα"},"$x":[{"t":"idOrVar","v":"plural"},"value"]},{"$i":"months-ago-long","$v":{"few":[{"t":"idOrVar","v":"value"}," μήνες πριν"],"many":[{"t":"idOrVar","v":"value"}," μήνες πριν"],"one":"τελευταίος μήνας","other":[{"t":"idOrVar","v":"value"}," μήνες πριν"],"two":[{"t":"idOrVar","v":"value"}," μήνες πριν"],"zero":"αυτόν τον μήνα"},"$x":[{"t":"idOrVar","v":"plural"},"value"]},{"$i":"years-ago-long","$v":{"few":[{"t":"idOrVar","v":"value"}," έτη πριν"],"many":[{"t":"idOrVar","v":"value"}," έτη πριν"],"one":"προηγούμενο έτος","other":[{"t":"idOrVar","v":"value"}," έτη πριν"],"two":[{"t":"idOrVar","v":"value"}," έτη πριν"],"zero":"αυτό το έτος"},"$x":[{"t":"idOrVar","v":"plural"},"value"]},{"$i":"minutes-until-long","$v":{"few":["σε ",{"t":"idOrVar","v":"value"}," λεπτά"],"many":["σε ",{"t":"idOrVar","v":"value"}," λεπτά"],"one":"σε ένα λεπτό","other":["σε ",{"t":"idOrVar","v":"value"}," λεπτά"],"two":["σε ",{"t":"idOrVar","v":"value"}," λεπτά"],"zero":"τώρα"},"$x":[{"t":"idOrVar","v":"plural"},"value"]},{"$i":"hours-until-long","$v":{"few":["σε ",{"t":"idOrVar","v":"value"}," ώρες"],"many":["σε ",{"t":"idOrVar","v":"value"}," ώρες"],"one":"σε μια ώρα","other":["σε ",{"t":"idOrVar","v":"value"}," ώρες"],"two":["σε ",{"t":"idOrVar","v":"value"}," ώρες"],"zero":"τώρα"},"$x":[{"t":"idOrVar","v":"plural"},"value"]},{"$i":"days-until-long","$v":{"few":["σε ",{"t":"idOrVar","v":"value"}," ημέρες"],"many":["σε ",{"t":"idOrVar","v":"value"}," ημέρες"],"one":"αύριο","other":["σε ",{"t":"idOrVar","v":"value"}," ημέρες"],"two":["σε ",{"t":"idOrVar","v":"value"}," ημέρες"],"zero":"σήμερα"},"$x":[{"t":"idOrVar","v":"plural"},"value"]},{"$i":"weeks-until-long","$v":{"few":["σε ",{"t":"idOrVar","v":"value"}," εβδομάδες"],"many":["σε ",{"t":"idOrVar","v":"value"}," εβδομάδες"],"one":"επόμενη εβδομάδα","other":["σε ",{"t":"idOrVar","v":"value"}," εβδομάδες"],"two":["σε ",{"t":"idOrVar","v":"value"}," εβδομάδες"],"zero":"αυτήν την εβδομάδα"},"$x":[{"t":"idOrVar","v":"plural"},"value"]},{"$i":"months-until-long","$v":{"few":["σε ",{"t":"idOrVar","v":"value"}," μήνες"],"many":["σε ",{"t":"idOrVar","v":"value"}," μήνες"],"one":"επόμενος μήνας","other":["σε ",{"t":"idOrVar","v":"value"}," μήνες"],"two":["σε ",{"t":"idOrVar","v":"value"}," μήνες"],"zero":"αυτόν τον μήνα"},"$x":[{"t":"idOrVar","v":"plural"},"value"]},{"$i":"years-until-long","$v":{"few":["σε ",{"t":"idOrVar","v":"value"}," έτη"],"many":["σε ",{"t":"idOrVar","v":"value"}," έτη"],"one":"επόμενο έτος","other":["σε ",{"t":"idOrVar","v":"value"}," έτη"],"two":["σε ",{"t":"idOrVar","v":"value"}," έτη"],"zero":"αυτό το έτος"},"$x":[{"t":"idOrVar","v":"plural"},"value"]},{"$i":"minutes-ago-short","$v":{"other":[{"t":"idOrVar","v":"value"}," μήνα πριν"],"zero":"μόλις τώρα"},"$x":[{"t":"idOrVar","v":"plural"},"value"]},{"$i":"hours-ago-short","$v":{"other":[{"t":"idOrVar","v":"value"}," ώρες πριν"],"zero":"μόλις τώρα"},"$x":[{"t":"idOrVar","v":"plural"},"value"]},{"$i":"days-ago-short","$v":{"other":[{"t":"idOrVar","v":"value"}," ημ. πριν"],"zero":"σήμερα"},"$x":[{"t":"idOrVar","v":"plural"},"value"]},{"$i":"minutes-until-short","$v":{"other":["σε ",{"t":"idOrVar","v":"value"}," λεπτ."],"zero":"τώρα"},"$x":[{"t":"idOrVar","v":"plural"},"value"]},{"$i":"hours-until-short","$v":{"other":["σε ",{"t":"idOrVar","v":"value"}," ώρ."],"zero":"τώρα"},"$x":[{"t":"idOrVar","v":"plural"},"value"]},{"$i":"days-until-short","$v":{"other":["σε ",{"t":"idOrVar","v":"value"}," ημ."],"zero":"σήμερα"},"$x":[{"t":"idOrVar","v":"plural"},"value"]},{"$i":"incorrectDate","$v":"(εσφαλμένη ημερομηνία)"},{"$i":"dateTimeFormat_%c","$v":"%a %b %e %Y %I:%M:%S %p"},{"$i":"dateTimeFormat_%x","$v":"%m/%d/%Y"},{"$i":"dateTimeFormat_%X","$v":"%I:%M:%S %p"},{"$i":"shortTimeFormat","$v":"%I:%M %p"},{"$i":"shortTimeFormat12","$v":"%I:%M %p"},{"$i":"shortTimeFormat24","$v":"%H:%M"},{"$i":"shortDateTimeFormat","$v":"%x %I:%M %p"},{"$i":"weekStartsOnMonday","$v":"0.0"},{"$i":"firstDayOfTheWeek","$v":"1.0"},{"$i":"time_am","$v":"ΠΜ"},{"$i":"time_pm","$v":"ΜΜ"}]