[{"$i":"setup-app-name-header","$v":"Mail"},{"$i":"setup-empty-account-message","$v":"You are not set up to send or receive email. Set up an account to complete the action."},{"$i":"setup-pick-service","$v":"To send and receive email, you will need to set up an account."},{"$i":"setup-account-header3","$v":"Account Login"},{"$i":"setup-account-password","$v":"Password"},{"$i":"setup-info-next","$v":"Next"},{"$i":"setup-progress-wait-msg","$v":"Setting up account"},{"$i":"setup-sync-progress-wait-msg","$v":"Syncing account"},{"$i":"setup-completed-header","$v":"Congratulations!"},{"$i":"setup-completed-label","$v":"All done!"},{"$i":"setup-add-another-account","$v":"Add another account"},{"$i":"setup-show-mail","$v":"Continue to Mail"},{"$i":"setup-done-add","$v":"Add Account"},{"$i":"setup-error-offline","$v":"No internet connection."},{"$i":"setup-error-bad-user-or-pass2","$v":"Email address or password incorrect."},{"$i":"setup-error-bad-address","$v":"Email address incorrect."},{"$i":"setup-error-not-authorized","$v":"Not authorized to create account."},{"$i":"setup-error-pop-server-not-great","$v":"POP3 server does not support required features."},{"$i":"setup-error-unknown2","$v":"An unknown error occurred. Check network connection or try the manual configuration option."},{"$i":"setup-error-needs-app-pass","$v":"You must use an application specific password for two-factor Gmail accounts."},{"$i":"setup-error-imap-disabled","$v":"You must enable IMAP for your Gmail account."},{"$i":"setup-error-pop3-disabled","$v":"You must enable POP3 for your Gmail account."},{"$i":"setup-error-bad-security","$v":["Unable to establish secure connection with \"",{"t":"idOrVar","v":"server"},"\". There may be a problem with your network or the server."]},{"$i":"setup-error-unresponsive-server","$v":["Unable to establish connection with \"",{"t":"idOrVar","v":"server"},"\". There may be a problem with the network."]},{"$i":"setup-error-server-problem","$v":["There is a problem with the server \"",{"t":"idOrVar","v":"server"},"\". Try again later."]},{"$i":"setup-error-no-config-info","$v":"Configuration unsuccessful. Check e-mail address or try manual configuration option."},{"$i":"setup-error-server-maintenance","$v":["The server \"",{"t":"idOrVar","v":"server"},"\" is offline for maintenance. Try again later."]},{"$i":"setup-error-account-already-exists","$v":"Account already exists."},{"$i":"setup-manual-config2","$v":"Advanced"},{"$i":"setup-manual-config-header","$v":"Account Login"},{"$i":"setup-manual-account-type-header","$v":"Account Type"},{"$i":"setup-manual-account-type","$v":"Account type"},{"$i":"setup-manual-account-type-select","ariaLabel":"Account type"},{"$i":"setup-manual-imap-header","$v":"IMAP Settings"},{"$i":"setup-manual-pop3-header","$v":"POP3 Settings"},{"$i":"setup-manual-smtp-header","$v":"SMTP Settings"},{"$i":"setup-manual-activesync-header","$v":"ActiveSync Settings"},{"$i":"setup-manual-next","$v":"Next"},{"$i":"setup-manual-socket","$v":"Socket Type"},{"$i":"setup-manual-socket-ssl","$v":"SSL"},{"$i":"setup-manual-socket-starttls","$v":"STARTTLS"},{"$i":"setup-manual-socket-select","ariaLabel":"Connection security"},{"$i":"setup-manual-socket-plain","$v":"Unencrypted"},{"$i":"setup-bad-password-header","$v":"Incorrect Password"},{"$i":"setup-bad-password","$v":"Unable to sign into server, please make sure your password is correct."},{"$i":"setup-new-password","placeholder":"New password"},{"$i":"setup-fix-password","$v":"Retry with new password"},{"$i":"setup-gmail-twofactor-header","$v":"Two-Factor Enabled"},{"$i":"setup-gmail-twofactor-message","$v":"You need to enter an application-specific password below."},{"$i":"setup-gmail-imap-header","$v":"IMAP Disabled"},{"$i":"setup-gmail-imap-message","$v":"You must enable IMAP on your Gmail account"},{"$i":"setup-gmail-retry","$v":"Retry"},{"$i":"setup-gmail-pop3-header","$v":"POP3 Disabled"},{"$i":"setup-gmail-pop3-message","$v":"You must enable POP3 on your Gmail account"},{"$i":"setup-fix-oauth2-header","$v":"Reauthorize Email"},{"$i":"setup-fix-oauth2-description","$v":"Email needs to be reauthorized to access the following account:"},{"$i":"setup-fix-oauth2-reauthorize","$v":"Reauthorize"},{"$i":"settings-main-header","$v":"Email Settings"},{"$i":"settings-sub-header-account","$v":"Account"},{"$i":"settings-account-group","ariaLabel":"Account"},{"$i":"settings-account-name","$v":"Your name"},{"$i":"settings-account-label","$v":"Account Name"},{"$i":"settings-account-display-notifications","$v":"Display new email notifications"},{"$i":"settings-account-play-sound-onsend","$v":"Play sound after message is sent"},{"$i":"settings-account-signature-label","$v":"Signature"},{"$i":"settings-sub-header-data","$v":"Data"},{"$i":"settings-data-group","ariaLabel":"Data"},{"$i":"settings-account-check-mail","$v":"Check for new messages"},{"$i":"settings-account-check-mail-select","ariaLabel":"Check for New Messages"},{"$i":"settings-sub-header-server","$v":"Server Settings"},{"$i":"settings-server-group","ariaLabel":"Server settings"},{"$i":"settings-account-userpass","$v":"Username and password"},{"$i":"settings-account-useroauth2","$v":"Username"},{"$i":"settings-default-signature-2","$v":"Sent from my phone"},{"$i":"settings-done","$v":"Done"},{"$i":"settings-account-section","$v":"Accounts"},{"$i":"settings-account-listbox","ariaLabel":"Accounts"},{"$i":"settings-account-add","$v":"Add"},{"$i":"settings-account-delete","$v":"Delete acct"},{"$i":"settings-account-delete-prompt","$v":"If you delete this account, apps that use this account will also be affected."},{"$i":"settings-account-delete-desc","$v":"You will have to re-download your mail if you re-create the account."},{"$i":"settings-account-delete-cancel","$v":"Cancel"},{"$i":"settings-account-delete-confirm","$v":"Delete"},{"$i":"settings-account-clarify","$v":[{"t":"idOrVar","v":"account-name"}]},{"$i":"settings-account-clarify-imap","$v":[{"t":"idOrVar","v":"account-name"}," (IMAP)"]},{"$i":"settings-account-clarify-pop3","$v":[{"t":"idOrVar","v":"account-name"}," (POP3)"]},{"$i":"settings-account-clarify-smtp","$v":[{"t":"idOrVar","v":"account-name"}," (SMTP)"]},{"$i":"settings-general-section","$v":"General settings"},{"$i":"settings-show-images","$v":"Always show images"},{"$i":"settings-download-attachments","$v":"Download attachments"},{"$i":"settings-check-every-5min","$v":"Every 5 minutes"},{"$i":"settings-check-every-10min","$v":"Every 10 minutes"},{"$i":"settings-check-every-15min","$v":"Every 15 minutes"},{"$i":"settings-check-every-30min","$v":"Every 30 minutes"},{"$i":"settings-check-every-60min","$v":"Every Hour"},{"$i":"settings-check-every-manual","$v":"Manually"},{"$i":"settings-check-dynamic","$v":{"zero":"disabled","one":[{"t":"idOrVar","v":"n"}," second"],"two":[{"t":"idOrVar","v":"n"}," seconds"],"few":[{"t":"idOrVar","v":"n"}," seconds"],"many":[{"t":"idOrVar","v":"n"}," seconds"],"other":[{"t":"idOrVar","v":"n"}," seconds"]},"$x":[{"t":"idOrVar","v":"plural"},"n"]},{"$i":"settings-default-account","$v":"Set as default email"},{"$i":"settings-account-type","$v":"Account type"},{"$i":"settings-account-credentials","$v":"Credentials"},{"$i":"settings-activesync-label","$v":"ActiveSync settings"},{"$i":"settings-imap-label","$v":"IMAP settings"},{"$i":"settings-pop3-label","$v":"POP3 settings"},{"$i":"settings-smtp-label","$v":"SMTP settings"},{"$i":"settings-hostname","$v":"Hostname"},{"$i":"settings-port","$v":"Port"},{"$i":"settings-username","$v":"Username"},{"$i":"settings-password","$v":"Password"},{"$i":"settings-save","$v":"Save"},{"$i":"password-saved","$v":"Password saved."},{"$i":"settings-reauth","$v":"Reauthorize"},{"$i":"settings-account-synchronize-window","$v":"Days to Sync"},{"$i":"settings-account-synchronize-window-select","ariaLabel":"Days to sync"},{"$i":"settings-synchronize-auto","$v":"Automatic"},{"$i":"settings-synchronize-one-day","$v":"1 Day"},{"$i":"settings-synchronize-three-days","$v":"3 Days"},{"$i":"settings-synchronize-one-week","$v":"1 Week"},{"$i":"settings-synchronize-two-weeks","$v":"2 Weeks"},{"$i":"settings-synchronize-one-month","$v":"1 Month"},{"$i":"settings-synchronize-all","$v":"All Messages"},{"$i":"envelope-from","$v":"From"},{"$i":"envelope-to","$v":"To"},{"$i":"envelope-cc","$v":"Cc"},{"$i":"envelope-bcc","$v":"Bcc"},{"$i":"message-header-state-sending","ariaLabel":"Sending"},{"$i":"message-header-state-error","ariaLabel":"Error sending"},{"$i":"message-header-unread","ariaLabel":"Unread"},{"$i":"message-header-reply","ariaLabel":"Reply"},{"$i":"message-header-forward","ariaLabel":"Forward"},{"$i":"message-header-starred","ariaLabel":"Has star"},{"$i":"message-header-attachments","ariaLabel":"Has attachments"},{"$i":"message-body-container","ariaLabel":"Message body"},{"$i":"message-body-container-progress","ariaValueText":"Loading"},{"$i":"subject","ariaLabel":"Subject"},{"$i":"attachments-container","ariaLabel":"Attachments"},{"$i":"from-group","ariaLabel":"From"},{"$i":"to-group","ariaLabel":"To"},{"$i":"cc-group","ariaLabel":"CC"},{"$i":"bcc-group","ariaLabel":"BCC"},{"$i":"compose-header","$v":"Compose message"},{"$i":"compose-header-short","$v":"Compose"},{"$i":"compose-send","$v":"Send"},{"$i":"compose-send-button","ariaLabel":"Send"},{"$i":"compose-to","$v":"To"},{"$i":"compose-cc","$v":"Cc"},{"$i":"compose-bcc","$v":"Bcc"},{"$i":"compose-cc-remove","$v":"The cc list removed."},{"$i":"compose-bcc-remove","$v":"The bcc list removed."},{"$i":"compose-contact-add","ariaLabel":"Add contact"},{"$i":"compose-attachments","$v":{"zero":"Attachment","one":["Attachment (",{"t":"idOrVar","v":"n"},")"],"two":["Attachments (",{"t":"idOrVar","v":"n"},")"],"few":["Attachments (",{"t":"idOrVar","v":"n"},")"],"many":["Attachments (",{"t":"idOrVar","v":"n"},")"],"other":["Attachments (",{"t":"idOrVar","v":"n"},")"]},"$x":[{"t":"idOrVar","v":"plural"},"n"]},{"$i":"compose-text","ariaLabel":"Edit"},{"$i":"compose-attachment-still-working","$v":"One moment, still working on the previous attachment..."},{"$i":"compose-attachment-loading","$v":"Loading attachment..."},{"$i":"compose-attachments-loading","$v":"Loading attachments..."},{"$i":"compose-forward-attachment-error-title","$v":"Download Failed"},{"$i":"compose-forward-attachment-error-title2","$v":"Error"},{"$i":"compose-forward-attachment-unable-load","$v":"Unable to load attachment."},{"$i":"compose-forward-attachments-unable-load","$v":"Unable to load attachments."},{"$i":"compose-forward-attachment-load-error","$v":"Some attachments could not be loaded."},{"$i":"confirmation-title","$v":"Confirmation"},{"$i":"compose-subject","$v":"Subject"},{"$i":"compose-draft-save","$v":"Save to Local Drafts?"},{"$i":"compose-discard-confirm","$v":"Discard"},{"$i":"compose-draft-dialog-cancel","$v":"Cancel"},{"$i":"compose-draft-dialog-save","$v":"Save"},{"$i":"composer-draft-saved","$v":"Draft saved."},{"$i":"attention","$v":"Attention"},{"$i":"compose-send-message-failed","$v":"Sending email failed"},{"$i":"compose-attchment-size-exceeded","$v":"Attachment too large to send with message."},{"$i":"compose-attchments-size-exceeded","$v":"Attachments too large to send with message."},{"$i":"composer-attachment-large-title","$v":"File Size Too Large"},{"$i":"default-attachment-filename","$v":["attachment",{"t":"idOrVar","v":"n"}]},{"$i":"attachment-size-meb","$v":[{"t":"idOrVar","v":"megabytes"}," MB"]},{"$i":"attachment-size-kib","$v":[{"t":"idOrVar","v":"kilobytes"}," KB"]},{"$i":"attachment-size-byte","$v":[{"t":"idOrVar","v":"bytes"}," B"]},{"$i":"message-attachment-view","$v":"View"},{"$i":"message-attachment-did-not-open-label","$v":"Unable to open"},{"$i":"message-attachment-did-not-open-body","$v":"The device does not have an app that can open the attachment."},{"$i":"message-attachment-too-large","$v":"This file is too large to download."},{"$i":"message-attachment-not-found","$v":"Attachment file not found, download again?"},{"$i":"message-attachment-download-fail","$v":[{"t":"idOrVar","v":"fileName"}," - Download failed."]},{"$i":"message-no-subject","$v":"(no subject)"},{"$i":"message-edit-menu-edit","$v":"Edit"},{"$i":"message-edit-menu-delete","$v":"Delete"},{"$i":"message-edit-delete-confirm","$v":"Delete email message?"},{"$i":"message-forward-attachment-title","$v":"Attachment"},{"$i":"message-forward-attachment","$v":"Forward attachment as well?"},{"$i":"message-forward-attachments","$v":"Forward attachments as well?"},{"$i":"message-multiedit-header","$v":{"zero":[{"t":"idOrVar","v":"n"}," selected"],"one":[{"t":"idOrVar","v":"n"}," selected"],"two":[{"t":"idOrVar","v":"n"}," selected"],"few":[{"t":"idOrVar","v":"n"}," selected"],"many":[{"t":"idOrVar","v":"n"}," selected"],"other":[{"t":"idOrVar","v":"n"}," selected"]},"$x":[{"t":"idOrVar","v":"plural"},"n"]},{"$i":"message-multiedit-search-header","$v":{"zero":"0 selected","one":[{"t":"idOrVar","v":"n"}," selected"],"two":[{"t":"idOrVar","v":"n"}," selected"],"few":[{"t":"idOrVar","v":"n"}," selected"],"many":[{"t":"idOrVar","v":"n"}," selected"],"other":[{"t":"idOrVar","v":"n"}," selected"]},"$x":[{"t":"idOrVar","v":"plural"},"n"]},{"$i":"browse-to-url-prompt","$v":["Browse to URL?: ",{"t":"idOrVar","v":"url"}]},{"$i":"message-download-images-tap","$v":{"one":"This email contains one image. Tap to download.","two":["This email contains ",{"t":"idOrVar","v":"n"}," images. Tap to download."],"few":["This email contains ",{"t":"idOrVar","v":"n"}," images. Tap to download."],"many":["This email contains ",{"t":"idOrVar","v":"n"}," images. Tap to download."],"other":["This email contains ",{"t":"idOrVar","v":"n"}," images. Tap to download."]},"$x":[{"t":"idOrVar","v":"plural"},"n"]},{"$i":"message-show-external-images","$v":"Show external images"},{"$i":"message-delete-cancel","$v":"Cancel"},{"$i":"message-multiedit-delete-confirm","$v":{"one":"Delete selected message?","two":["Delete ",{"t":"idOrVar","v":"n"}," messages?"],"few":["Delete ",{"t":"idOrVar","v":"n"}," messages?"],"many":["Delete ",{"t":"idOrVar","v":"n"}," messages?"],"other":["Delete ",{"t":"idOrVar","v":"n"}," messages?"]},"$x":[{"t":"idOrVar","v":"plural"},"n"]},{"$i":"message-large-message-cancel","$v":"Cancel"},{"$i":"message-large-message-ok","$v":"Continue"},{"$i":"message-large-message-confirm","$v":"This message is large and may take some time to download."},{"$i":"message-large-message-warning","$v":"The message is too large to load."},{"$i":"message-search-header","$v":"Search"},{"$i":"search-result","$v":["Emails(",{"t":"idOrVar","v":"num"},")"]},{"$i":"message-search-from","$v":"From"},{"$i":"message-search-to","$v":"To"},{"$i":"message-search-subject","$v":"Subject"},{"$i":"message-search-body","$v":"Body"},{"$i":"message-search-all","$v":"All"},{"$i":"message-search-input","placeholder":"Search Mail"},{"$i":"message-search-cancel","$v":"Cancel"},{"$i":"messages-syncing","$v":"Loading Messages"},{"$i":"messages-syncing-progressbar","ariaValueText":"Loading Messages"},{"$i":"messages-load-more","$v":"Load More Messages"},{"$i":"messages-folder-empty","$v":"No email in this folder"},{"$i":"messages-search-empty","$v":"No matches in locally cached messages"},{"$i":"messages-folder-select","$v":"Move to Folder"},{"$i":"messages-folder-unread-max","$v":"999+"},{"$i":"message-contact-menu-create","$v":"Create new contact"},{"$i":"message-contact-menu-add-existing","$v":"Add to existing contact"},{"$i":"message-contact-menu-view","$v":"View contact"},{"$i":"message-contact-menu-reply","$v":"Reply"},{"$i":"message-contact-menu-new","$v":"Send new mail"},{"$i":"message-reply-menu-reply","$v":"Reply"},{"$i":"message-reply-menu-reply-all","$v":"Reply All"},{"$i":"message-reply-menu-forward","$v":"Forward"},{"$i":"message-reply-menu-cancel","$v":"Cancel"},{"$i":"reply-quoting-wrote","$v":"{name} wrote"},{"$i":"forward-original-message","$v":"Original message"},{"$i":"forward-header-subject","$v":"Subject"},{"$i":"forward-header-date","$v":"Date"},{"$i":"forward-header-from","$v":"From"},{"$i":"forward-header-reply-to","$v":"Reply-To"},{"$i":"forward-header-to","$v":"To"},{"$i":"forward-header-cc","$v":"Cc"},{"$i":"folder-inbox","$v":"Inbox"},{"$i":"folder-sent","$v":"Sent"},{"$i":"folder-drafts","$v":"Drafts"},{"$i":"folder-trash","$v":"Trash"},{"$i":"folder-queue","$v":"Unsent"},{"$i":"folder-junk","$v":"Junk"},{"$i":"folder-archives","$v":"Archives"},{"$i":"folder-localdrafts","$v":"Local Drafts"},{"$i":"folder-outbox","$v":"Outbox"},{"$i":"drawer-back","$v":"Back"},{"$i":"drawer-accounts-header","$v":"Accounts"},{"$i":"drawer-settings-link","$v":"Settings"},{"$i":"folder-last-synced-label","$v":"Last sync:"},{"$i":"messages-refresh-progress","ariaValueText":"Refreshing"},{"$i":"no-internet-connection","$v":"No internet connection."},{"$i":"toaster-undo","$v":"Undo"},{"$i":"toaster-message-star","$v":{"one":"Message flagged.","two":[{"t":"idOrVar","v":"n"}," messages flagged."],"few":[{"t":"idOrVar","v":"n"}," messages flagged."],"many":[{"t":"idOrVar","v":"n"}," messages flagged."],"other":[{"t":"idOrVar","v":"n"}," messages flagged."]},"$x":[{"t":"idOrVar","v":"plural"},"n"]},{"$i":"toaster-message-unstar","$v":{"one":"Message flag removed.","two":[{"t":"idOrVar","v":"n"}," message flags removed."],"few":[{"t":"idOrVar","v":"n"}," message flags removed."],"many":[{"t":"idOrVar","v":"n"}," message flags removed."],"other":[{"t":"idOrVar","v":"n"}," message flags removed."]},"$x":[{"t":"idOrVar","v":"plural"},"n"]},{"$i":"toaster-message-read","$v":{"one":"Marked as read.","two":[{"t":"idOrVar","v":"n"}," messages marked as read."],"few":[{"t":"idOrVar","v":"n"}," messages marked as read."],"many":[{"t":"idOrVar","v":"n"}," messages marked as read."],"other":[{"t":"idOrVar","v":"n"}," messages marked as read."]},"$x":[{"t":"idOrVar","v":"plural"},"n"]},{"$i":"toaster-message-unread","$v":{"one":"Marked as unread.","two":[{"t":"idOrVar","v":"n"}," messages marked as unread."],"few":[{"t":"idOrVar","v":"n"}," messages marked as unread."],"many":[{"t":"idOrVar","v":"n"}," messages marked as unread."],"other":[{"t":"idOrVar","v":"n"}," messages marked as unread."]},"$x":[{"t":"idOrVar","v":"plural"},"n"]},{"$i":"toaster-message-move","$v":{"one":"Message moved to folder: ","two":[{"t":"idOrVar","v":"n"}," messages moved to folder: "],"few":[{"t":"idOrVar","v":"n"}," messages moved to folder: "],"many":[{"t":"idOrVar","v":"n"}," messages moved to folder: "],"other":[{"t":"idOrVar","v":"n"}," messages moved to folder: "]},"$x":[{"t":"idOrVar","v":"plural"},"n"]},{"$i":"toaster-message-delete","$v":{"one":"1 mail deleted.","two":[{"t":"idOrVar","v":"n"}," mails deleted."],"few":[{"t":"idOrVar","v":"n"}," mails deleted."],"many":[{"t":"idOrVar","v":"n"}," mails deleted."],"other":[{"t":"idOrVar","v":"n"}," mails deleted."]},"$x":[{"t":"idOrVar","v":"plural"},"n"]},{"$i":"toaster-sync-failed","$v":"Unable to connect to server."},{"$i":"compose-invalid-addresses-title","$v":"Invalid Addresses"},{"$i":"compose-invalid-addresses-description","$v":"Your message contains one or more invalid email addresses. Please correct them before sending."},{"$i":"background-send-pending","$v":"No internet connection. Email saved to outbox."},{"$i":"background-send-sending","$v":"Sending…"},{"$i":"background-send-success","$v":"Email sent."},{"$i":"background-send-error","$v":"Error occurred. Email saved to outbox."},{"$i":"background-send-error-recipients","$v":"Recipient error. Email saved to outbox."},{"$i":"background-send-error-title","$v":"Mail failed to send"},{"$i":"send-failure-recipients","$v":"Check the spelling of the addresses above. Your mail server indicated one or more of the addresses above are incorrect."},{"$i":"send-failure-unknown","$v":"The message could not be sent."},{"$i":"form-clear-input","$v":"Remove text"},{"$i":"confirm-dialog-title","$v":"Confirmation"},{"$i":"confirm-dialog-ok","$v":"OK"},{"$i":"msg-display-subject","$v":"Subject"},{"$i":"msg-reader-display-attachments","$v":"Attachments"},{"$i":"msg-reader-display-attachment","$v":"Attachment"},{"$i":"msg-reader-download-external-images","$v":["Download external images (",{"t":"idOrVar","v":"n"}," MB)"]},{"$i":"msg-reader-sender-header","$v":"Sender"},{"$i":"msg-reader-recipients-header","$v":"Recipients"},{"$i":"msg-reader-cc-header","$v":"Cc"},{"$i":"msg-reader-bcc-header","$v":"Bcc"},{"$i":"msg-reader-message-flagged","$v":"Message flagged"},{"$i":"msg-reader-flag-removed","$v":"Flag removed"},{"$i":"external-image-downloading","$v":"Downloading..."},{"$i":"senders-separation-sign","$v":", "},{"$i":"new-messages","$v":{"one":"1 New Message","two":[{"t":"idOrVar","v":"n"}," New Messages"],"few":[{"t":"idOrVar","v":"n"}," New Messages"],"many":[{"t":"idOrVar","v":"n"}," New Messages"],"other":[{"t":"idOrVar","v":"n"}," New Messages"]},"$x":[{"t":"idOrVar","v":"plural"},"n"]},{"$i":"new-emails-notify-one-account","$v":{"one":"1 New Email","two":[{"t":"idOrVar","v":"n"}," New Emails"],"few":[{"t":"idOrVar","v":"n"}," New Emails"],"many":[{"t":"idOrVar","v":"n"}," New Emails"],"other":[{"t":"idOrVar","v":"n"}," New Emails"]},"$x":[{"t":"idOrVar","v":"plural"},"n"]},{"$i":"new-emails-notify-multiple-accounts","$v":{"one":["1 New Email (",{"t":"idOrVar","v":"accountName"},")"],"two":[{"t":"idOrVar","v":"n"}," New Emails (",{"t":"idOrVar","v":"accountName"},")"],"few":[{"t":"idOrVar","v":"n"}," New Emails (",{"t":"idOrVar","v":"accountName"},")"],"many":[{"t":"idOrVar","v":"n"}," New Emails (",{"t":"idOrVar","v":"accountName"},")"],"other":[{"t":"idOrVar","v":"n"}," New Emails (",{"t":"idOrVar","v":"accountName"},")"]},"$x":[{"t":"idOrVar","v":"plural"},"n"]},{"$i":"new-emails-notify-multiple-accounts-body","$v":[{"t":"idOrVar","v":"from"}," “",{"t":"idOrVar","v":"subject"},"”"]},{"$i":"tng-plain-socket-warning-title","$v":"Are you sure?"},{"$i":"tng-plain-socket-warning-message","$v":"Other people may be able to see your passwords and emails or control your account."},{"$i":"tng-plain-socket-warning-message-options","$v":"There are multiple, free email providers that offer more secure, encrypted connections."},{"$i":"tng-plain-socket-warning-ok","$v":"I understand"},{"$i":"message-reader-date-received","ariaLabel":"Received"},{"$i":"sort-by-title","$v":"Sort by"},{"$i":"sort-by-date","$v":"Date"},{"$i":"sort-by-from","$v":"From"},{"$i":"sort-by-to","$v":"To"},{"$i":"sort-by-subject","$v":"Subject"},{"$i":"softkey-options","$v":"Options"},{"$i":"opt-compose","$v":"Compose"},{"$i":"opt-reply","$v":"Reply"},{"$i":"opt-reply-all","$v":"Reply to all"},{"$i":"opt-forward","$v":"Forward"},{"$i":"opt-mark-read","$v":"Mark as read"},{"$i":"opt-mark-unread","$v":"Mark as unread"},{"$i":"opt-add-flag","$v":"Add flag"},{"$i":"opt-remove-flag","$v":"Remove flag"},{"$i":"opt-move-message","$v":"Move to folder"},{"$i":"opt-delete-message","$v":"Delete"},{"$i":"opt-multi-select","$v":"Select multiple"},{"$i":"opt-search","$v":"Search"},{"$i":"opt-folders","$v":"View folders"},{"$i":"opt-sort","$v":"Sort"},{"$i":"opt-sync","$v":"Synchronize"},{"$i":"opt-account","$v":"Switch account"},{"$i":"opt-settings","$v":"Settings"},{"$i":"opt-edit","$v":"Edit"},{"$i":"opt-cancel","$v":"Cancel"},{"$i":"opt-save","$v":"Save"},{"$i":"opt-move","$v":"Move"},{"$i":"opt-view","$v":"View"},{"$i":"opt-empty-trash","$v":"Empty trash"},{"$i":"opt-call-number","$v":"Call"},{"$i":"opt-compose-mail","$v":"Compose"},{"$i":"opt-open-url","$v":"Open"},{"$i":"select-option-on","$v":"On"},{"$i":"select-option-off","$v":"Off"},{"$i":"select-option-imap-smtp","$v":"IMAP+SMTP"},{"$i":"select-option-pop3-smtp","$v":"POP3+SMTP"},{"$i":"select-option-activesync","$v":"ActiveSync"},{"$i":"toaster-switch-account","$v":"Email account switched to: "},{"$i":"toaster-sorted-by","$v":"Message sorted by "},{"$i":"cmp-reply","$v":"Reply"},{"$i":"cmp-reply-all","$v":"Reply to All"},{"$i":"cmp-forward","$v":"Forward Message"},{"$i":"cmp-remove-attach","$v":"Attachment removed"},{"$i":"select","$v":"Select"},{"$i":"deselect","$v":"Deselect"},{"$i":"cancel","$v":"Cancel"},{"$i":"enter","$v":"Enter"},{"$i":"remove-attachment","$v":"Remove attachment"},{"$i":"replace-attachment","$v":"Replace attachment"},{"$i":"add-attachment","$v":"Add attachment"},{"$i":"add-contact","$v":"Add contact"},{"$i":"add-cc","$v":"Add cc"},{"$i":"remove-cc","$v":"Remove cc"},{"$i":"add-bcc","$v":"Add bcc"},{"$i":"remove-bcc","$v":"Remove bcc"},{"$i":"attachment-download","$v":"Download"},{"$i":"attachment-share","$v":"Share"},{"$i":"send-new-mail","$v":"Send new mail"},{"$i":"view-contact","$v":"View Contact"},{"$i":"save-new-contact","$v":"Create new contact"},{"$i":"add-to-exsiting-contact","$v":"Add to existing contact"},{"$i":"no","$v":"No"},{"$i":"yes","$v":"Yes"},{"$i":"retry","$v":"Retry"},{"$i":"empty","$v":"Empty"},{"$i":"empty-trash-confirm","$v":"Do you want to empty trash?"},{"$i":"trash-emptied","$v":"Trash emptied"},{"$i":"next","$v":"Next"},{"$i":"welcome-header","$v":"Email"},{"$i":"welcome-msg","$v":"Welcome to Email."},{"$i":"welcome-msg-setup","$v":"Press Next to set up your email account."},{"$i":"discard","$v":"Discard"},{"$i":"leave-this-page-warning-message","$v":"Discard info?"},{"$i":"finish","$v":"Finish"},{"$i":"setup-done-msg","$v":"You have successfully signed in. Would you like to add another account?"},{"$i":"save-as-draft","$v":"Save as draft"},{"$i":"show-password","$v":"Show password"},{"$i":"account-label","$v":"Account Name"},{"$i":"folders","$v":"Folders"},{"$i":"security","$v":"Security"},{"$i":"port-number","$v":"Port Number"},{"$i":"domain-username","$v":"Domain\\Username"},{"$i":"synchronizing","$v":"Synchronizing..."},{"$i":"browse-mail","$v":"Browse Mail"},{"$i":"never-sync","$v":"Local drafts are not synced to server."},{"$i":"emptyDownloadFile","$v":"Unable to download this file, it may be empty"},{"$i":"sync","$v":"Sync"},{"$i":"outbox-unsent-label","$v":{"one":"1 unsent message in Outbox","two":"2 unsent messages in Outbox","few":[{"t":"idOrVar","v":"n"}," unsent messages in Outbox"],"many":[{"t":"idOrVar","v":"n"}," unsent messages in Outbox"],"other":[{"t":"idOrVar","v":"n"}," unsent messages in Outbox"]},"$x":[{"t":"idOrVar","v":"plural"},"n"]},{"$i":"storage-full-title","$v":"Storage Full"},{"$i":"storage-full-warning","$v":"You can delete some media files or manage application data to get more free space."},{"$i":"storage-full","$v":"Phone storage full."},{"$i":"storage-sdcard-full","$v":"SD card is full."},{"$i":"view-address","$v":"View address"},{"$i":"mail-address-title","$v":"Email address"},{"$i":"mail-address","$v":[{"t":"idOrVar","v":"address"}]},{"$i":"value-name","$v":["\"",{"t":"idOrVar","v":"name"},"\""]},{"$i":"account-deleted","$v":"Account deleted."},{"$i":"account-reEnable","$v":"Account already exists. Sync account email?"},{"$i":"setup-account-usedInfo","$v":"This account will be used by below apps. You can change this in Settings>Account."},{"$i":"setup-account-settingsInfo","$v":"Each apps has different default syncing intervals, please check in app settings."},{"$i":"app-calendar","$v":"Calendar"},{"$i":"app-contacts","$v":"Contacts"},{"$i":"app-email","$v":"Email"},{"$i":"weekday-0-long","$v":"Sunday"},{"$i":"weekday-1-long","$v":"Monday"},{"$i":"weekday-2-long","$v":"Tuesday"},{"$i":"weekday-3-long","$v":"Wednesday"},{"$i":"weekday-4-long","$v":"Thursday"},{"$i":"weekday-5-long","$v":"Friday"},{"$i":"weekday-6-long","$v":"Saturday"},{"$i":"weekday-0-short","$v":"Sun"},{"$i":"weekday-1-short","$v":"Mon"},{"$i":"weekday-2-short","$v":"Tue"},{"$i":"weekday-3-short","$v":"Wed"},{"$i":"weekday-4-short","$v":"Thu"},{"$i":"weekday-5-short","$v":"Fri"},{"$i":"weekday-6-short","$v":"Sat"},{"$i":"month-0-long","$v":"January"},{"$i":"month-1-long","$v":"February"},{"$i":"month-2-long","$v":"March"},{"$i":"month-3-long","$v":"April"},{"$i":"month-4-long","$v":"May"},{"$i":"month-5-long","$v":"June"},{"$i":"month-6-long","$v":"July"},{"$i":"month-7-long","$v":"August"},{"$i":"month-8-long","$v":"September"},{"$i":"month-9-long","$v":"October"},{"$i":"month-10-long","$v":"November"},{"$i":"month-11-long","$v":"December"},{"$i":"month-0-genitive","$v":"January"},{"$i":"month-1-genitive","$v":"February"},{"$i":"month-2-genitive","$v":"March"},{"$i":"month-3-genitive","$v":"April"},{"$i":"month-4-genitive","$v":"May"},{"$i":"month-5-genitive","$v":"June"},{"$i":"month-6-genitive","$v":"July"},{"$i":"month-7-genitive","$v":"August"},{"$i":"month-8-genitive","$v":"September"},{"$i":"month-9-genitive","$v":"October"},{"$i":"month-10-genitive","$v":"November"},{"$i":"month-11-genitive","$v":"December"},{"$i":"month-0-short","$v":"Jan"},{"$i":"month-1-short","$v":"Feb"},{"$i":"month-2-short","$v":"Mar"},{"$i":"month-3-short","$v":"Apr"},{"$i":"month-4-short","$v":"May"},{"$i":"month-5-short","$v":"Jun"},{"$i":"month-6-short","$v":"Jul"},{"$i":"month-7-short","$v":"Aug"},{"$i":"month-8-short","$v":"Sep"},{"$i":"month-9-short","$v":"Oct"},{"$i":"month-10-short","$v":"Nov"},{"$i":"month-11-short","$v":"Dec"},{"$i":"minutes-ago-long","$v":{"zero":"just now","one":"a minute ago","two":[{"t":"idOrVar","v":"value"}," minutes ago"],"few":[{"t":"idOrVar","v":"value"}," minutes ago"],"many":[{"t":"idOrVar","v":"value"}," minutes ago"],"other":[{"t":"idOrVar","v":"value"}," minutes ago"]},"$x":[{"t":"idOrVar","v":"plural"},"value"]},{"$i":"hours-ago-long","$v":{"zero":"just now","one":"an hour ago","two":[{"t":"idOrVar","v":"value"}," hours ago"],"few":[{"t":"idOrVar","v":"value"}," hours ago"],"many":[{"t":"idOrVar","v":"value"}," hours ago"],"other":[{"t":"idOrVar","v":"value"}," hours ago"]},"$x":[{"t":"idOrVar","v":"plural"},"value"]},{"$i":"days-ago-long","$v":{"zero":"today","one":"yesterday","two":[{"t":"idOrVar","v":"value"}," days ago"],"few":[{"t":"idOrVar","v":"value"}," days ago"],"many":[{"t":"idOrVar","v":"value"}," days ago"],"other":[{"t":"idOrVar","v":"value"}," days ago"]},"$x":[{"t":"idOrVar","v":"plural"},"value"]},{"$i":"weeks-ago-long","$v":{"zero":"this week","one":"last week","two":[{"t":"idOrVar","v":"value"}," weeks ago"],"few":[{"t":"idOrVar","v":"value"}," weeks ago"],"many":[{"t":"idOrVar","v":"value"}," weeks ago"],"other":[{"t":"idOrVar","v":"value"}," weeks ago"]},"$x":[{"t":"idOrVar","v":"plural"},"value"]},{"$i":"months-ago-long","$v":{"zero":"this month","one":"last month","two":[{"t":"idOrVar","v":"value"}," months ago"],"few":[{"t":"idOrVar","v":"value"}," months ago"],"many":[{"t":"idOrVar","v":"value"}," months ago"],"other":[{"t":"idOrVar","v":"value"}," months ago"]},"$x":[{"t":"idOrVar","v":"plural"},"value"]},{"$i":"years-ago-long","$v":{"zero":"this year","one":"last year","two":[{"t":"idOrVar","v":"value"}," years ago"],"few":[{"t":"idOrVar","v":"value"}," years ago"],"many":[{"t":"idOrVar","v":"value"}," years ago"],"other":[{"t":"idOrVar","v":"value"}," years ago"]},"$x":[{"t":"idOrVar","v":"plural"},"value"]},{"$i":"minutes-until-long","$v":{"zero":"now","one":"in a minute","two":["in ",{"t":"idOrVar","v":"value"}," minutes"],"few":["in ",{"t":"idOrVar","v":"value"}," minutes"],"many":["in ",{"t":"idOrVar","v":"value"}," minutes"],"other":["in ",{"t":"idOrVar","v":"value"}," minutes"]},"$x":[{"t":"idOrVar","v":"plural"},"value"]},{"$i":"hours-until-long","$v":{"zero":"now","one":"in an hour","two":["in ",{"t":"idOrVar","v":"value"}," hours"],"few":["in ",{"t":"idOrVar","v":"value"}," hours"],"many":["in ",{"t":"idOrVar","v":"value"}," hours"],"other":["in ",{"t":"idOrVar","v":"value"}," hours"]},"$x":[{"t":"idOrVar","v":"plural"},"value"]},{"$i":"days-until-long","$v":{"zero":"today","one":"tomorrow","two":["in ",{"t":"idOrVar","v":"value"}," days"],"few":["in ",{"t":"idOrVar","v":"value"}," days"],"many":["in ",{"t":"idOrVar","v":"value"}," days"],"other":["in ",{"t":"idOrVar","v":"value"}," days"]},"$x":[{"t":"idOrVar","v":"plural"},"value"]},{"$i":"weeks-until-long","$v":{"zero":"this week","one":"next week","two":["in ",{"t":"idOrVar","v":"value"}," weeks"],"few":["in ",{"t":"idOrVar","v":"value"}," weeks"],"many":["in ",{"t":"idOrVar","v":"value"}," weeks"],"other":["in ",{"t":"idOrVar","v":"value"}," weeks"]},"$x":[{"t":"idOrVar","v":"plural"},"value"]},{"$i":"months-until-long","$v":{"zero":"this month","one":"next month","two":["in ",{"t":"idOrVar","v":"value"}," months"],"few":["in ",{"t":"idOrVar","v":"value"}," months"],"many":["in ",{"t":"idOrVar","v":"value"}," months"],"other":["in ",{"t":"idOrVar","v":"value"}," months"]},"$x":[{"t":"idOrVar","v":"plural"},"value"]},{"$i":"years-until-long","$v":{"zero":"this year","one":"next year","two":["in ",{"t":"idOrVar","v":"value"}," years"],"few":["in ",{"t":"idOrVar","v":"value"}," years"],"many":["in ",{"t":"idOrVar","v":"value"}," years"],"other":["in ",{"t":"idOrVar","v":"value"}," years"]},"$x":[{"t":"idOrVar","v":"plural"},"value"]},{"$i":"minutes-ago-short","$v":{"zero":"just now","other":[{"t":"idOrVar","v":"value"},"m ago"]},"$x":[{"t":"idOrVar","v":"plural"},"value"]},{"$i":"hours-ago-short","$v":{"zero":"just now","other":[{"t":"idOrVar","v":"value"},"h ago"]},"$x":[{"t":"idOrVar","v":"plural"},"value"]},{"$i":"days-ago-short","$v":{"zero":"today","other":[{"t":"idOrVar","v":"value"},"d ago"]},"$x":[{"t":"idOrVar","v":"plural"},"value"]},{"$i":"minutes-until-short","$v":{"zero":"now","other":["in ",{"t":"idOrVar","v":"value"},"m"]},"$x":[{"t":"idOrVar","v":"plural"},"value"]},{"$i":"hours-until-short","$v":{"zero":"now","other":["in ",{"t":"idOrVar","v":"value"},"h"]},"$x":[{"t":"idOrVar","v":"plural"},"value"]},{"$i":"days-until-short","$v":{"zero":"today","other":["in ",{"t":"idOrVar","v":"value"},"d"]},"$x":[{"t":"idOrVar","v":"plural"},"value"]},{"$i":"incorrectDate","$v":"(incorrect date)"},{"$i":"dateTimeFormat_%c","$v":"%a %b %e %Y %I:%M:%S %p"},{"$i":"dateTimeFormat_%x","$v":"%m/%d/%Y"},{"$i":"dateTimeFormat_%X","$v":"%I:%M:%S %p"},{"$i":"shortTimeFormat","$v":"%I:%M %p"},{"$i":"shortTimeFormat12","$v":"%I:%M %p"},{"$i":"shortTimeFormat24","$v":"%H:%M"},{"$i":"shortDateTimeFormat","$v":"%x %I:%M %p"},{"$i":"weekStartsOnMonday","$v":"0"},{"$i":"firstDayOfTheWeek","$v":"0"},{"$i":"time_am","$v":"AM"},{"$i":"time_pm","$v":"PM"}]