[{"$i":"setup-app-name-header","$v":"Mensaje"},{"$i":"setup-empty-account-message","$v":"No tiene ha definido los ajustes para enviar o recibir emails. Configure una cuenta para completar la acción."},{"$i":"setup-pick-service","$v":"Para enviar y recibir emails, deberá configurar una cuenta."},{"$i":"setup-account-header3","$v":"Inicio de sesión en la cuenta"},{"$i":"setup-account-password","$v":"Contraseña"},{"$i":"setup-info-next","$v":"Siguiente"},{"$i":"setup-progress-wait-msg","$v":"Configurando cuenta"},{"$i":"setup-sync-progress-wait-msg","$v":"Sincronizando cuenta"},{"$i":"setup-completed-header","$v":"¡Enhorabuena!"},{"$i":"setup-completed-label","$v":"¡Ha terminado!"},{"$i":"setup-add-another-account","$v":"Añadir otra cuenta"},{"$i":"setup-show-mail","$v":"Continuar con correo"},{"$i":"setup-done-add","$v":"Añadir cuenta"},{"$i":"setup-error-offline","$v":"Este dispositivo está fuera de línea. Conéctese a una red e inténtelo de nuevo."},{"$i":"setup-error-bad-user-or-pass2","$v":"El nombre de usuario o la contraseña no es válido. Compruebe que no contenga errores ortográficos."},{"$i":"setup-error-bad-address","$v":"La dirección de e-mail no es válida. Compruebe que no contenga errores ortográficos."},{"$i":"setup-error-not-authorized","$v":"El servidor ha indicado que no tiene autorización para crear una cuenta."},{"$i":"setup-error-pop-server-not-great","$v":"Servidor no admitido. El servidor POP3 no implementa las características necesarias."},{"$i":"setup-error-unknown2","$v":"Se ha producido un error desconocido. Compruebe la conexión de la red o utilice la opción de configuración manual."},{"$i":"setup-error-needs-app-pass","$v":"Debe utilizar una contraseña específica de la aplicación para las cuentas Gmail de doble identificación."},{"$i":"setup-error-imap-disabled","$v":"Debe habilitar IMAP para su cuenta Gmail"},{"$i":"setup-error-pop3-disabled","$v":"Debe habilitar POP3 para su cuenta Gmail"},{"$i":"setup-error-bad-security","$v":["No se puede establecer una conexión segura con \"",{"t":"idOrVar","v":"server"},"\". Es posible que haya algún problema con la red o el servidor."]},{"$i":"setup-error-unresponsive-server","$v":["No se puede establecer una conexión con \"",{"t":"idOrVar","v":"server"},"\". Es posible que haya algún problema con la red."]},{"$i":"setup-error-server-problem","$v":["Hay un problema con el servidor \"",{"t":"idOrVar","v":"server"},"\". Inténtelo de nuevo más tarde."]},{"$i":"setup-error-no-config-info","$v":"Su cuenta no se puede configurar automáticamente. Corrija la dirección de e-mail o utilice la opción de configuración manual."},{"$i":"setup-error-server-maintenance","$v":["El servidor \"",{"t":"idOrVar","v":"server"},"\" está fuera de línea para mantenimiento. Inténtelo de nuevo más tarde."]},{"$i":"setup-error-account-already-exists","$v":"Esta cuenta ya está configurada."},{"$i":"setup-manual-config2","$v":"Avanzados"},{"$i":"setup-manual-config-header","$v":"Inicio de sesión en la cuenta"},{"$i":"setup-manual-account-type-header","$v":"Tipo de cuenta"},{"$i":"setup-manual-account-type","$v":"Tipo de cuenta"},{"$i":"setup-manual-account-type-select","ariaLabel":"Tipo de cuenta"},{"$i":"setup-manual-imap-header","$v":"Ajustes de IMAP"},{"$i":"setup-manual-pop3-header","$v":"Ajustes de POP3"},{"$i":"setup-manual-smtp-header","$v":"Ajustes de SMTP"},{"$i":"setup-manual-activesync-header","$v":"Ajustes de ActiveSync"},{"$i":"setup-manual-next","$v":"Siguiente"},{"$i":"setup-manual-socket","$v":"Tipo de socket"},{"$i":"setup-manual-socket-ssl","$v":"SSL"},{"$i":"setup-manual-socket-starttls","$v":"STARTTLS"},{"$i":"setup-manual-socket-select","ariaLabel":"Seguridad de la conexión"},{"$i":"setup-manual-socket-plain","$v":"No cifrado"},{"$i":"setup-bad-password-header","$v":"Contraseña incorrecta"},{"$i":"setup-bad-password","$v":"No se ha podido iniciar sesión en el servidor. Introduzca de nuevo la contraseña."},{"$i":"setup-new-password","placeholder":"Nueva contraseña"},{"$i":"setup-fix-password","$v":"Intentar con la nueva contraseña"},{"$i":"setup-gmail-twofactor-header","$v":"Doble identificación activada"},{"$i":"setup-gmail-twofactor-message","$v":"Debe especificar a continuación una contraseña específica de la aplicación."},{"$i":"setup-gmail-imap-header","$v":"IMAP deshabilitado"},{"$i":"setup-gmail-imap-message","$v":"Debe habilitar IMAP en su cuenta Gmail"},{"$i":"setup-gmail-retry","$v":"Reintentar"},{"$i":"setup-gmail-pop3-header","$v":"POP3 deshabilitado"},{"$i":"setup-gmail-pop3-message","$v":"Debe habilitar POP3 en su cuenta Gmail"},{"$i":"setup-fix-oauth2-header","$v":"Autorizar email de nuevo"},{"$i":"setup-fix-oauth2-description","$v":"El email debe recibir autorización de nuevo para acceder a la cuenta siguiente:"},{"$i":"setup-fix-oauth2-reauthorize","$v":"Autorizar de nuevo"},{"$i":"settings-main-header","$v":"Ajustes de email"},{"$i":"settings-sub-header-account","$v":"Cuenta"},{"$i":"settings-account-group","ariaLabel":"Cuenta"},{"$i":"settings-account-name","$v":"Su nombre"},{"$i":"settings-account-label","$v":"Etiqueta de cuenta"},{"$i":"settings-account-display-notifications","$v":"Mostrar notificaciones de correo nuevo"},{"$i":"settings-account-play-sound-onsend","$v":"Reproducir sonido después de enviar el mensaje"},{"$i":"settings-account-signature-label","$v":"Firma"},{"$i":"settings-sub-header-data","$v":"Datos"},{"$i":"settings-data-group","ariaLabel":"Datos"},{"$i":"settings-account-check-mail","$v":"Comprobar si hay nuevos mensajes"},{"$i":"settings-account-check-mail-select","ariaLabel":"Comprobar si hay nuevos mensajes"},{"$i":"settings-sub-header-server","$v":"Ajustes del servidor"},{"$i":"settings-server-group","ariaLabel":"Ajustes del servidor"},{"$i":"settings-account-userpass","$v":"Nombre de usuario y contraseña"},{"$i":"settings-account-useroauth2","$v":"Nombre de usuario"},{"$i":"settings-default-signature-2","$v":"Enviado desde mi teléfono"},{"$i":"settings-done","$v":"Hecho"},{"$i":"settings-account-section","$v":"Cuentas"},{"$i":"settings-account-listbox","ariaLabel":"Cuentas"},{"$i":"settings-account-add","$v":"Añadir"},{"$i":"settings-account-delete","$v":"Eliminar cuenta"},{"$i":"settings-account-delete-prompt","$v":["¿Seguro que desea eliminar su cuenta de correo ",{"t":"idOrVar","v":"account"},"?"]},{"$i":"settings-account-delete-desc","$v":"Tendrá que descargar de nuevo los correos si vuelve a crear la cuenta."},{"$i":"settings-account-delete-cancel","$v":"Cancelar"},{"$i":"settings-account-delete-confirm","$v":"Eliminar"},{"$i":"settings-account-clarify","$v":[{"t":"idOrVar","v":"account-name"}]},{"$i":"settings-account-clarify-imap","$v":[{"t":"idOrVar","v":"account-name"}," (IMAP)"]},{"$i":"settings-account-clarify-pop3","$v":[{"t":"idOrVar","v":"account-name"}," (POP3)"]},{"$i":"settings-account-clarify-smtp","$v":[{"t":"idOrVar","v":"account-name"}," (SMTP)"]},{"$i":"settings-general-section","$v":"Ajustes generales"},{"$i":"settings-show-images","$v":"Mostrar siempre las imágenes"},{"$i":"settings-download-attachments","$v":"Descargar adjuntos"},{"$i":"settings-check-every-5min","$v":"Cada 5 minutos"},{"$i":"settings-check-every-10min","$v":"Cada 10 minutos"},{"$i":"settings-check-every-15min","$v":"Cada 15 minutos"},{"$i":"settings-check-every-30min","$v":"Cada 30 minutos"},{"$i":"settings-check-every-60min","$v":"Cada hora"},{"$i":"settings-check-every-manual","$v":"Manualmente"},{"$i":"settings-check-dynamic","$v":{"few":[{"t":"idOrVar","v":"n"}," segundos"],"many":[{"t":"idOrVar","v":"n"}," segundos"],"one":[{"t":"idOrVar","v":"n"}," segundo"],"other":[{"t":"idOrVar","v":"n"}," segundos"],"two":[{"t":"idOrVar","v":"n"}," segundos"],"zero":"desactivada"},"$x":[{"t":"idOrVar","v":"plural"},"n"]},{"$i":"settings-default-account","$v":"Establecer como email predeterminado"},{"$i":"settings-account-type","$v":"Tipo de cuenta"},{"$i":"settings-account-credentials","$v":"Credenciales"},{"$i":"settings-activesync-label","$v":"Ajustes de ActiveSync"},{"$i":"settings-imap-label","$v":"Ajustes de IMAP"},{"$i":"settings-pop3-label","$v":"Ajustes de POP3"},{"$i":"settings-smtp-label","$v":"Ajustes de SMTP"},{"$i":"settings-hostname","$v":"Nombre de host"},{"$i":"settings-port","$v":"Puerto"},{"$i":"settings-username","$v":"Nombre de usuario"},{"$i":"settings-password","$v":"Contraseña"},{"$i":"settings-save","$v":"Guardar"},{"$i":"password-saved","$v":"Se ha guardado la contraseña."},{"$i":"settings-reauth","$v":"Autorizar de nuevo"},{"$i":"settings-account-synchronize-window","$v":"Días para sincronizar"},{"$i":"settings-account-synchronize-window-select","ariaLabel":"Días para sincronizar"},{"$i":"settings-synchronize-auto","$v":"Automático"},{"$i":"settings-synchronize-one-day","$v":"1 día"},{"$i":"settings-synchronize-three-days","$v":"3 días"},{"$i":"settings-synchronize-one-week","$v":"1 semana"},{"$i":"settings-synchronize-two-weeks","$v":"2 semanas"},{"$i":"settings-synchronize-one-month","$v":"1 mes"},{"$i":"settings-synchronize-all","$v":"Todos los mensajes"},{"$i":"envelope-from","$v":"De"},{"$i":"envelope-to","$v":"Para"},{"$i":"envelope-cc","$v":"CC"},{"$i":"envelope-bcc","$v":"CCO"},{"$i":"message-header-state-sending","ariaLabel":"Enviando"},{"$i":"message-header-state-error","ariaLabel":"Error de envío"},{"$i":"message-header-unread","ariaLabel":"Sin leer"},{"$i":"message-header-reply","ariaLabel":"Responder"},{"$i":"message-header-forward","ariaLabel":"Reenviar"},{"$i":"message-header-starred","ariaLabel":"Tiene una estrella"},{"$i":"message-header-attachments","ariaLabel":"Incluye adjuntos"},{"$i":"message-body-container","ariaLabel":"Contenido del mensaje"},{"$i":"message-body-container-progress","ariaValueText":"Cargando"},{"$i":"subject","ariaLabel":"Asunto"},{"$i":"attachments-container","ariaLabel":"Archivos adjuntos"},{"$i":"from-group","ariaLabel":"De"},{"$i":"to-group","ariaLabel":"Para"},{"$i":"cc-group","ariaLabel":"CC"},{"$i":"bcc-group","ariaLabel":"CCO"},{"$i":"compose-header","$v":"Redactar mensaje"},{"$i":"compose-header-short","$v":"Redactar"},{"$i":"compose-send","$v":"Enviar"},{"$i":"compose-send-button","ariaLabel":"Enviar"},{"$i":"compose-to","$v":"Para"},{"$i":"compose-cc","$v":"CC"},{"$i":"compose-bcc","$v":"CCO"},{"$i":"compose-cc-remove","$v":"Lista CC borrada"},{"$i":"compose-bcc-remove","$v":"Lista CCO borrada"},{"$i":"compose-contact-add","ariaLabel":"Añadir contacto"},{"$i":"compose-attachments","$v":{"few":["Adjuntos (",{"t":"idOrVar","v":"n"},")"],"many":["Adjuntos (",{"t":"idOrVar","v":"n"},")"],"one":["Adjunto (",{"t":"idOrVar","v":"n"},")"],"other":["Adjuntos (",{"t":"idOrVar","v":"n"},")"],"two":["Adjuntos (",{"t":"idOrVar","v":"n"},")"],"zero":"Archivo adjunto"},"$x":[{"t":"idOrVar","v":"plural"},"n"]},{"$i":"compose-text","ariaLabel":"Editar"},{"$i":"compose-attachment-still-working","$v":"Un momento, todavía estamos trabajando en el adjunto anterior..."},{"$i":"compose-attachment-loading","$v":"Cargando adjunto..."},{"$i":"compose-attachments-loading","$v":"Cargando adjuntos..."},{"$i":"compose-forward-attachment-error-title","$v":"Error de descarga."},{"$i":"compose-forward-attachment-error-title2","$v":"Error"},{"$i":"compose-forward-attachment-unable-load","$v":"Se ha producido un error al cargar el archivo adjunto."},{"$i":"compose-forward-attachments-unable-load","$v":"Se ha producido un error al cargar los archivos adjuntos."},{"$i":"compose-forward-attachment-load-error","$v":"No se han podido cargar algunos adjuntos."},{"$i":"confirmation-title","$v":"Confirmación"},{"$i":"compose-subject","$v":"Asunto"},{"$i":"compose-draft-save","$v":"¿Desea guardarlo en los borradores locales?"},{"$i":"compose-discard-confirm","$v":"Descartar"},{"$i":"compose-draft-dialog-cancel","$v":"Cancelar"},{"$i":"compose-draft-dialog-save","$v":"Guardar"},{"$i":"composer-draft-saved","$v":"Mensaje guardado en los borradores locales"},{"$i":"attention","$v":"Atención"},{"$i":"compose-send-message-failed","$v":"Error de envío de correo"},{"$i":"compose-attchment-size-exceeded","$v":"El adjunto seleccionado es demasiado grande para enviarlo con este mensaje."},{"$i":"compose-attchments-size-exceeded","$v":"Los adjuntos seleccionados son demasiado grandes para enviarlo con este mensaje. Seleccione menos archivos."},{"$i":"composer-attachment-large-title","$v":"El archivo es demasiado grande."},{"$i":"default-attachment-filename","$v":["adjunto ",{"t":"idOrVar","v":"n"}]},{"$i":"attachment-size-meb","$v":[{"t":"idOrVar","v":"megabytes"}," MB"]},{"$i":"attachment-size-kib","$v":[{"t":"idOrVar","v":"kilobytes"}," KB"]},{"$i":"attachment-size-byte","$v":[{"t":"idOrVar","v":"bytes"}," B"]},{"$i":"message-attachment-view","$v":"Ver"},{"$i":"message-attachment-did-not-open-label","$v":"No se puede abrir"},{"$i":"message-attachment-did-not-open-body","$v":"El dispositivo no tiene ninguna aplicación que pueda abrir el adjunto?"},{"$i":"message-attachment-too-large","$v":"El archivo es demasiado largo para descargarse."},{"$i":"message-attachment-not-found","$v":"No se ha podido encontrar el archivo adjunto, es posible que se haya borrado."},{"$i":"message-attachment-download-fail","$v":[{"t":"idOrVar","v":"fileName"}," - Error en la descarga."]},{"$i":"message-no-subject","$v":"(sin asunto)"},{"$i":"message-edit-menu-edit","$v":"Editar"},{"$i":"message-edit-menu-delete","$v":"Eliminar"},{"$i":"message-edit-delete-confirm","$v":"¿Desea eliminar este mensaje?"},{"$i":"message-forward-attachment-title","$v":"Archivo adjunto"},{"$i":"message-forward-attachment","$v":"¿Reenviar también el adjunto?"},{"$i":"message-forward-attachments","$v":"¿Reenviar también los adjuntos?"},{"$i":"message-multiedit-header","$v":{"few":[{"t":"idOrVar","v":"n"}," seleccionados"],"many":[{"t":"idOrVar","v":"n"}," seleccionados"],"one":[{"t":"idOrVar","v":"n"}," seleccionados"],"other":[{"t":"idOrVar","v":"n"}," seleccionados"],"two":[{"t":"idOrVar","v":"n"}," seleccionados"],"zero":[{"t":"idOrVar","v":"n"}," seleccionados"]},"$x":[{"t":"idOrVar","v":"plural"},"n"]},{"$i":"message-multiedit-search-header","$v":{"few":[{"t":"idOrVar","v":"n"}," seleccionados"],"many":[{"t":"idOrVar","v":"n"}," seleccionados"],"one":[{"t":"idOrVar","v":"n"}," seleccionados"],"other":[{"t":"idOrVar","v":"n"}," seleccionados"],"two":[{"t":"idOrVar","v":"n"}," seleccionados"],"zero":"0 seleccionados"},"$x":[{"t":"idOrVar","v":"plural"},"n"]},{"$i":"browse-to-url-prompt","$v":["¿Desea acceder al URL?: ",{"t":"idOrVar","v":"url"}]},{"$i":"message-download-images-tap","$v":{"few":["Este email contiene ",{"t":"idOrVar","v":"n"}," imágenes. Toque para descargarlas."],"many":["Este email contiene ",{"t":"idOrVar","v":"n"}," imágenes. Toque para descargarlas."],"one":"Este email contiene una imagen. Toque para descargarla.","other":["Este email contiene ",{"t":"idOrVar","v":"n"}," imágenes. Toque para descargarlas."],"two":["Este email contiene ",{"t":"idOrVar","v":"n"}," imágenes. Toque para descargarlas."]},"$x":[{"t":"idOrVar","v":"plural"},"n"]},{"$i":"message-show-external-images","$v":"Mostrar imágenes externas"},{"$i":"message-delete-cancel","$v":"Cancelar"},{"$i":"message-multiedit-delete-confirm","$v":{"few":["¿Quiere eliminar ",{"t":"idOrVar","v":"n"}," mensajes?"],"many":["¿Quiere eliminar ",{"t":"idOrVar","v":"n"}," mensajes?"],"one":"¿Desea eliminar el mensaje seleccionado?","other":["¿Quiere eliminar ",{"t":"idOrVar","v":"n"}," mensajes?"],"two":["¿Quiere eliminar ",{"t":"idOrVar","v":"n"}," mensajes?"]},"$x":[{"t":"idOrVar","v":"plural"},"n"]},{"$i":"message-large-message-cancel","$v":"Cancelar"},{"$i":"message-large-message-ok","$v":"Continuar"},{"$i":"message-large-message-confirm","$v":"Este mensaje es grande y puede tardar un tiempo en descargarse."},{"$i":"message-large-message-warning","$v":"El mensaje es demasiado grande para poder cargarlo."},{"$i":"message-search-header","$v":"Buscar"},{"$i":"search-result","$v":["Concidencias encontradas: ",{"t":"idOrVar","v":"num"}]},{"$i":"message-search-from","$v":"De"},{"$i":"message-search-to","$v":"Para"},{"$i":"message-search-subject","$v":"Asunto"},{"$i":"message-search-body","$v":"Cuerpo"},{"$i":"message-search-all","$v":"Todo"},{"$i":"message-search-input","placeholder":"Buscar correo"},{"$i":"message-search-cancel","$v":"Cancelar"},{"$i":"messages-syncing","$v":"Cargando mensajes"},{"$i":"messages-syncing-progressbar","ariaValueText":"Cargando mensajes"},{"$i":"messages-load-more","$v":"Cargar más mensajes"},{"$i":"messages-folder-empty","$v":"No hay ningún mensaje en esta carpeta"},{"$i":"messages-search-empty","$v":"No hay ninguna coincidencia en los menajes guardados en la caché local"},{"$i":"messages-folder-select","$v":"Mover a carpeta"},{"$i":"messages-folder-unread-max","$v":"999+"},{"$i":"message-contact-menu-create","$v":"Guardar contacto nuevo"},{"$i":"message-contact-menu-add-existing","$v":"Añadir a contacto existente"},{"$i":"message-contact-menu-view","$v":"Ver contacto"},{"$i":"message-contact-menu-reply","$v":"Responder"},{"$i":"message-contact-menu-new","$v":"Enviar correo nuevo"},{"$i":"message-reply-menu-reply","$v":"Responder"},{"$i":"message-reply-menu-reply-all","$v":"Responder a todos"},{"$i":"message-reply-menu-forward","$v":"Reenviar"},{"$i":"message-reply-menu-cancel","$v":"Cancelar"},{"$i":"reply-quoting-wrote","$v":"{name} escribió"},{"$i":"forward-original-message","$v":"Mensaje original"},{"$i":"forward-header-subject","$v":"Asunto"},{"$i":"forward-header-date","$v":"Fecha"},{"$i":"forward-header-from","$v":"De"},{"$i":"forward-header-reply-to","$v":"Responder a"},{"$i":"forward-header-to","$v":"Para"},{"$i":"forward-header-cc","$v":"CC"},{"$i":"folder-inbox","$v":"Bandeja de entrada"},{"$i":"folder-sent","$v":"Enviados"},{"$i":"folder-drafts","$v":"Borradores"},{"$i":"folder-trash","$v":"Papelera"},{"$i":"folder-queue","$v":"No enviados"},{"$i":"folder-junk","$v":"Correo basura"},{"$i":"folder-archives","$v":"Archivos"},{"$i":"folder-localdrafts","$v":"Borradores locales"},{"$i":"folder-outbox","$v":"Bandeja de salida"},{"$i":"drawer-back","$v":"Atrás"},{"$i":"drawer-accounts-header","$v":"Cuentas"},{"$i":"drawer-settings-link","$v":"Ajustes"},{"$i":"folder-last-synced-label","$v":"Última sincronización:"},{"$i":"messages-refresh-progress","ariaValueText":"Actualizando"},{"$i":"no-internet-connection","$v":"No hay conexión a Internet."},{"$i":"toaster-undo","$v":"Deshacer"},{"$i":"toaster-message-star","$v":{"few":[{"t":"idOrVar","v":"n"}," mensajes marcados"],"many":[{"t":"idOrVar","v":"n"}," mensajes marcados"],"one":"Mensaje marcado","other":[{"t":"idOrVar","v":"n"}," mensajes marcados"],"two":[{"t":"idOrVar","v":"n"}," mensajes marcados"]},"$x":[{"t":"idOrVar","v":"plural"},"n"]},{"$i":"toaster-message-unstar","$v":{"few":[{"t":"idOrVar","v":"n"}," marcadores de mensaje eliminados"],"many":[{"t":"idOrVar","v":"n"}," marcadores de mensaje eliminados"],"one":"Marcador de mensaje eliminado","other":[{"t":"idOrVar","v":"n"}," marcadores de mensaje eliminados"],"two":[{"t":"idOrVar","v":"n"}," marcadores de mensaje eliminados"]},"$x":[{"t":"idOrVar","v":"plural"},"n"]},{"$i":"toaster-message-read","$v":{"few":[{"t":"idOrVar","v":"n"}," mensajes marcados como leídos"],"many":[{"t":"idOrVar","v":"n"}," mensajes marcados como leídos"],"one":"Mensaje marcado como leído","other":[{"t":"idOrVar","v":"n"}," mensajes marcados como leídos"],"two":[{"t":"idOrVar","v":"n"}," mensajes marcados como leídos"]},"$x":[{"t":"idOrVar","v":"plural"},"n"]},{"$i":"toaster-message-unread","$v":{"few":[{"t":"idOrVar","v":"n"}," mensajes marcados como no leídos"],"many":[{"t":"idOrVar","v":"n"}," mensajes marcados como no leídos"],"one":"Mensaje marcado como no leído","other":[{"t":"idOrVar","v":"n"}," mensajes marcados como no leídos"],"two":[{"t":"idOrVar","v":"n"}," mensajes marcados como no leídos"]},"$x":[{"t":"idOrVar","v":"plural"},"n"]},{"$i":"toaster-message-move","$v":{"few":[{"t":"idOrVar","v":"n"}," mensajes movidos a la carpeta:"],"many":[{"t":"idOrVar","v":"n"}," mensajes movidos a la carpeta:"],"one":"Mensaje movido a la carpeta:","other":[{"t":"idOrVar","v":"n"}," mensajes movidos a la carpeta:"],"two":[{"t":"idOrVar","v":"n"}," mensajes movidos a la carpeta:"]},"$x":[{"t":"idOrVar","v":"plural"},"n"]},{"$i":"toaster-message-delete","$v":{"few":[{"t":"idOrVar","v":"n"}," mensajes eliminados"],"many":[{"t":"idOrVar","v":"n"}," mensajes eliminados"],"one":"1 mensaje eliminado","other":[{"t":"idOrVar","v":"n"}," mensajes eliminados"],"two":[{"t":"idOrVar","v":"n"}," mensajes eliminados"]},"$x":[{"t":"idOrVar","v":"plural"},"n"]},{"$i":"toaster-sync-failed","$v":"No se puede conectar al servidor."},{"$i":"compose-invalid-addresses-title","$v":"Direcciones no válidas"},{"$i":"compose-invalid-addresses-description","$v":"El mensaje contiene una o más direcciones de email que no son válidas. Corríjalas antes de realizar el envío."},{"$i":"background-send-pending","$v":"Red no disponible. Email guardado en la bandeja de salida."},{"$i":"background-send-sending","$v":"Enviando email..."},{"$i":"background-send-success","$v":"Email enviado."},{"$i":"background-send-error","$v":"Se ha producido un error. Email guardado en la bandeja de salida."},{"$i":"background-send-error-recipients","$v":"Error de destinatario. Email guardado en la bandeja de salida."},{"$i":"background-send-error-title","$v":"No se ha podido enviar el email"},{"$i":"send-failure-recipients","$v":"Asegúrese de que las direcciones estén bien escritas. El servidor de correo ha indicado que alguna de las direcciones no es correcta."},{"$i":"send-failure-unknown","$v":"El mensaje no se ha podido enviar."},{"$i":"form-clear-input","$v":"Eliminar texto"},{"$i":"confirm-dialog-title","$v":"Confirmación"},{"$i":"confirm-dialog-ok","$v":"Aceptar"},{"$i":"msg-display-subject","$v":"Asunto"},{"$i":"msg-reader-display-attachments","$v":"Archivos adjuntos"},{"$i":"msg-reader-display-attachment","$v":"Archivo adjunto"},{"$i":"msg-reader-download-external-images","$v":["Descargar imágenes externas (",{"t":"idOrVar","v":"n"}," MB)"]},{"$i":"msg-reader-sender-header","$v":"De"},{"$i":"msg-reader-recipients-header","$v":"Destinatarios"},{"$i":"msg-reader-cc-header","$v":"CC"},{"$i":"msg-reader-bcc-header","$v":"CCO"},{"$i":"msg-reader-message-flagged","$v":"Mensaje marcado"},{"$i":"msg-reader-flag-removed","$v":"Marcador eliminado"},{"$i":"external-image-downloading","$v":"Descargando..."},{"$i":"senders-separation-sign","$v":", "},{"$i":"new-messages","$v":{"few":[{"t":"idOrVar","v":"n"}," mensajes nuevos"],"many":[{"t":"idOrVar","v":"n"}," mensajes nuevos"],"one":"1 mensaje nuevo","other":[{"t":"idOrVar","v":"n"}," mensajes nuevos"],"two":[{"t":"idOrVar","v":"n"}," mensajes nuevos"]},"$x":[{"t":"idOrVar","v":"plural"},"n"]},{"$i":"new-emails-notify-one-account","$v":{"few":[{"t":"idOrVar","v":"n"}," emails nuevos"],"many":[{"t":"idOrVar","v":"n"}," emails nuevos"],"one":"1 email nuevo","other":[{"t":"idOrVar","v":"n"}," emails nuevos"],"two":[{"t":"idOrVar","v":"n"}," emails nuevos"]},"$x":[{"t":"idOrVar","v":"plural"},"n"]},{"$i":"new-emails-notify-multiple-accounts","$v":{"few":[{"t":"idOrVar","v":"n"}," emails nuevos (",{"t":"idOrVar","v":"accountName"},")"],"many":[{"t":"idOrVar","v":"n"}," emails nuevos (",{"t":"idOrVar","v":"accountName"},")"],"one":["1 email nuevo (",{"t":"idOrVar","v":"accountName"},")"],"other":[{"t":"idOrVar","v":"n"}," emails nuevos (",{"t":"idOrVar","v":"accountName"},")"],"two":[{"t":"idOrVar","v":"n"}," emails nuevos (",{"t":"idOrVar","v":"accountName"},")"]},"$x":[{"t":"idOrVar","v":"plural"},"n"]},{"$i":"new-emails-notify-multiple-accounts-body","$v":[{"t":"idOrVar","v":"from"}," “",{"t":"idOrVar","v":"subject"},"”"]},{"$i":"tng-plain-socket-warning-title","$v":"¿Está seguro?"},{"$i":"tng-plain-socket-warning-message","$v":"Puede que otras personas vean sus emails y contraseñas o que controlen su cuenta."},{"$i":"tng-plain-socket-warning-message-options","$v":"Existen varios proveedores de email gratuito que ofrecen conexiones cifradas más seguras."},{"$i":"tng-plain-socket-warning-ok","$v":"Comprendo"},{"$i":"message-reader-date-received","ariaLabel":"Recibida"},{"$i":"sort-by-title","$v":"Ordenar por"},{"$i":"sort-by-date","$v":"Fecha"},{"$i":"sort-by-from","$v":"De"},{"$i":"sort-by-to","$v":"Para"},{"$i":"sort-by-subject","$v":"Asunto"},{"$i":"softkey-options","$v":"Opciones"},{"$i":"opt-compose","$v":"Redactar"},{"$i":"opt-reply","$v":"Responder"},{"$i":"opt-reply-all","$v":"Responder a todos"},{"$i":"opt-forward","$v":"Reenviar"},{"$i":"opt-mark-read","$v":"Marcar como leído"},{"$i":"opt-mark-unread","$v":"Marcar como no leído"},{"$i":"opt-add-flag","$v":"Añadir marcador"},{"$i":"opt-remove-flag","$v":"Eliminar marcador"},{"$i":"opt-move-message","$v":"Mover a carpeta"},{"$i":"opt-delete-message","$v":"Eliminar"},{"$i":"opt-multi-select","$v":"Seleccionar varios"},{"$i":"opt-search","$v":"Buscar"},{"$i":"opt-folders","$v":"Ver carpetas"},{"$i":"opt-sort","$v":"Ordenar"},{"$i":"opt-sync","$v":"Sincronizar"},{"$i":"opt-account","$v":"Cambiar cuenta"},{"$i":"opt-settings","$v":"Ajustes"},{"$i":"opt-edit","$v":"Editar"},{"$i":"opt-cancel","$v":"Cancelar"},{"$i":"opt-save","$v":"Guardar"},{"$i":"opt-move","$v":"Mover"},{"$i":"opt-view","$v":"Ver"},{"$i":"opt-empty-trash","$v":"Vaciar papelera"},{"$i":"opt-call-number","$v":"Llamar"},{"$i":"opt-compose-mail","$v":"Redactar"},{"$i":"opt-open-url","$v":"Abrir"},{"$i":"select-option-on","$v":"Activado"},{"$i":"select-option-off","$v":"Desactivado"},{"$i":"select-option-imap-smtp","$v":"IMAP+SMTP"},{"$i":"select-option-pop3-smtp","$v":"POP3+SMTP"},{"$i":"select-option-activesync","$v":"ActiveSync"},{"$i":"toaster-switch-account","$v":"Cuenta de email cambiada a: "},{"$i":"toaster-sorted-by","$v":"Mensaje ordenado por"},{"$i":"cmp-reply","$v":"Responder"},{"$i":"cmp-reply-all","$v":"Responder a todos"},{"$i":"cmp-forward","$v":"Reenviar mensaje"},{"$i":"cmp-remove-attach","$v":"Adjunto eliminado"},{"$i":"select","$v":"Seleccionar"},{"$i":"deselect","$v":"Deseleccionar"},{"$i":"cancel","$v":"Cancelar"},{"$i":"enter","$v":"Introducir"},{"$i":"remove-attachment","$v":"Eliminar adjunto"},{"$i":"replace-attachment","$v":"Reemplazar adjunto"},{"$i":"add-attachment","$v":"Añadir adjunto"},{"$i":"add-contact","$v":"Añadir contacto"},{"$i":"add-cc","$v":"Añadir CC"},{"$i":"remove-cc","$v":"Eliminar CC"},{"$i":"add-bcc","$v":"Añadir CCO"},{"$i":"remove-bcc","$v":"Eliminar CCO"},{"$i":"attachment-download","$v":"Descargar"},{"$i":"attachment-share","$v":"Compartir"},{"$i":"send-new-mail","$v":"Enviar correo nuevo"},{"$i":"view-contact","$v":"Ver contacto"},{"$i":"save-new-contact","$v":"Guardar contacto nuevo"},{"$i":"add-to-exsiting-contact","$v":"Añadir a contacto existente"},{"$i":"no","$v":"No"},{"$i":"yes","$v":"Sí"},{"$i":"retry","$v":"Reintentar"},{"$i":"empty","$v":"Vaciar"},{"$i":"empty-trash-confirm","$v":"¿Desea vaciar la papelera?"},{"$i":"trash-emptied","$v":"Papelera vaciada"},{"$i":"next","$v":"Siguiente"},{"$i":"welcome-header","$v":"Correo electrónico"},{"$i":"welcome-msg","$v":"Bienvenido a correo electrónico."},{"$i":"welcome-msg-setup","$v":"Pulse siguiente para configurar su cuenta de correo electrónico."},{"$i":"discard","$v":"Descartar"},{"$i":"leave-this-page-warning-message","$v":"¿Desea descartar la información de la cuenta de correo electrónico?"},{"$i":"finish","$v":"Finalizar"},{"$i":"setup-done-msg","$v":"La sesión se ha iniciado correctamente. ¿Desea añadir otra cuenta?"},{"$i":"save-as-draft","$v":"Guardar como borrador"},{"$i":"show-password","$v":"Mostrar contraseña"},{"$i":"account-label","$v":"Etiqueta de cuenta"},{"$i":"folders","$v":"Carpetas"},{"$i":"security","$v":"Seguridad"},{"$i":"port-number","$v":"Número de puerto"},{"$i":"domain-username","$v":"Dominio\\Nombre de usuario"},{"$i":"synchronizing","$v":"Sincronizando..."},{"$i":"browse-mail","$v":"Examinar coreo"},{"$i":"never-sync","$v":"Los borradores locales no se han sincronizado con el servidor."},{"$i":"emptyDownloadFile","$v":"No se puede descargar el archivo, es posible que esté vacío."},{"$i":"sync","$v":"Sincronizar"},{"$i":"outbox-unsent-label","$v":{"few":[{"t":"idOrVar","v":"n"}," mensajes no enviados en la bandeja de salida"],"many":[{"t":"idOrVar","v":"n"}," mensajes no enviados en la bandeja de salida"],"one":"1 mensaje no enviado en la bandeja de salida","other":[{"t":"idOrVar","v":"n"}," mensajes no enviados en la bandeja de salida"],"two":"2 mensajes no enviados en la bandeja de salida"},"$x":[{"t":"idOrVar","v":"plural"},"n"]},{"$i":"storage-full-title","$v":"Almacenamiento completo"},{"$i":"storage-full-warning","$v":"Puede eliminar algunos archivos multimedia o datos de la aplicación de gestión para tener más espacio libre."},{"$i":"storage-full","$v":"El almacenamiento del teléfono está lleno."},{"$i":"storage-sdcard-full","$v":"La tarjeta SD está llena."},{"$i":"view-address","$v":"Ver dirección"},{"$i":"mail-address-title","$v":"Dirección de correo electrónico"},{"$i":"mail-address","$v":[{"t":"idOrVar","v":"address"}]},{"$i":"value-name","$v":[{"t":"idOrVar","v":"name"}]},{"$i":"account-deleted","$v":"Cuenta eliminada"},{"$i":"account-reEnable","$v":"Esa cuenta ya existe. ¿Quiere sincronizar el correo electrónico de la cuenta?"},{"$i":"setup-account-usedInfo","$v":"Esta cuenta se usará con las aplicaciones siguientes. Puede modificarlo en Ajustes > Cuenta."},{"$i":"setup-account-settingsInfo","$v":"Cada aplicación tiene intervalos de sincronización diferentes; compruebe los ajustes de cada una."},{"$i":"app-calendar","$v":"Calendario"},{"$i":"app-contacts","$v":"Contactos"},{"$i":"app-email","$v":"Email"},{"$i":"weekday-0-long","$v":"domingo"},{"$i":"weekday-1-long","$v":"lunes"},{"$i":"weekday-2-long","$v":"martes"},{"$i":"weekday-3-long","$v":"miércoles"},{"$i":"weekday-4-long","$v":"jueves"},{"$i":"weekday-5-long","$v":"viernes"},{"$i":"weekday-6-long","$v":"sábado"},{"$i":"weekday-0-short","$v":"dom."},{"$i":"weekday-1-short","$v":"lun."},{"$i":"weekday-2-short","$v":"mar."},{"$i":"weekday-3-short","$v":"mié.  "},{"$i":"weekday-4-short","$v":"jue."},{"$i":"weekday-5-short","$v":"vie."},{"$i":"weekday-6-short","$v":"sáb."},{"$i":"month-0-long","$v":"enero"},{"$i":"month-1-long","$v":"febrero"},{"$i":"month-2-long","$v":"marzo"},{"$i":"month-3-long","$v":"abril"},{"$i":"month-4-long","$v":"mayo"},{"$i":"month-5-long","$v":"junio"},{"$i":"month-6-long","$v":"julio"},{"$i":"month-7-long","$v":"agosto"},{"$i":"month-8-long","$v":"septiembre"},{"$i":"month-9-long","$v":"octubre"},{"$i":"month-10-long","$v":"noviembre"},{"$i":"month-11-long","$v":"diciembre"},{"$i":"month-0-genitive","$v":"enero"},{"$i":"month-1-genitive","$v":"febrero"},{"$i":"month-2-genitive","$v":"marzo"},{"$i":"month-3-genitive","$v":"abril"},{"$i":"month-4-genitive","$v":"mayo"},{"$i":"month-5-genitive","$v":"junio"},{"$i":"month-6-genitive","$v":"julio"},{"$i":"month-7-genitive","$v":"agosto"},{"$i":"month-8-genitive","$v":"septiembre"},{"$i":"month-9-genitive","$v":"octubre"},{"$i":"month-10-genitive","$v":"noviembre"},{"$i":"month-11-genitive","$v":"diciembre"},{"$i":"month-0-short","$v":"ene"},{"$i":"month-1-short","$v":"feb"},{"$i":"month-2-short","$v":"mar"},{"$i":"month-3-short","$v":"abr"},{"$i":"month-4-short","$v":"mayo"},{"$i":"month-5-short","$v":"jun"},{"$i":"month-6-short","$v":"jul"},{"$i":"month-7-short","$v":"ago"},{"$i":"month-8-short","$v":"sep"},{"$i":"month-9-short","$v":"oct"},{"$i":"month-10-short","$v":"nov"},{"$i":"month-11-short","$v":"dic"},{"$i":"minutes-ago-long","$v":{"few":["Hace ",{"t":"idOrVar","v":"value"}," minutos"],"many":["Hace ",{"t":"idOrVar","v":"value"}," minutos"],"one":"Hace un minuto","other":["Hace ",{"t":"idOrVar","v":"value"}," minutos"],"two":["Hace ",{"t":"idOrVar","v":"value"}," minutos"],"zero":"justo ahora"},"$x":[{"t":"idOrVar","v":"plural"},"value"]},{"$i":"hours-ago-long","$v":{"few":["Hace ",{"t":"idOrVar","v":"value"}," horas"],"many":["Hace ",{"t":"idOrVar","v":"value"}," horas"],"one":"Hace una hora","other":["Hace ",{"t":"idOrVar","v":"value"}," horas"],"two":["Hace ",{"t":"idOrVar","v":"value"}," horas"],"zero":"justo ahora"},"$x":[{"t":"idOrVar","v":"plural"},"value"]},{"$i":"days-ago-long","$v":{"few":["Hace ",{"t":"idOrVar","v":"value"}," días"],"many":["Hace ",{"t":"idOrVar","v":"value"}," días"],"one":"Ayer","other":["Hace ",{"t":"idOrVar","v":"value"}," días"],"two":["Hace ",{"t":"idOrVar","v":"value"}," días"],"zero":"Hoy"},"$x":[{"t":"idOrVar","v":"plural"},"value"]},{"$i":"weeks-ago-long","$v":{"few":["Hace ",{"t":"idOrVar","v":"value"}," semanas"],"many":["Hace ",{"t":"idOrVar","v":"value"}," semanas"],"one":"La semana pasada","other":["Hace ",{"t":"idOrVar","v":"value"}," semanas"],"two":["Hace ",{"t":"idOrVar","v":"value"}," semanas"],"zero":"Esta semana"},"$x":[{"t":"idOrVar","v":"plural"},"value"]},{"$i":"months-ago-long","$v":{"few":["Hace ",{"t":"idOrVar","v":"value"}," meses"],"many":["Hace ",{"t":"idOrVar","v":"value"}," meses"],"one":"Último mes","other":["Hace ",{"t":"idOrVar","v":"value"}," meses"],"two":["Hace ",{"t":"idOrVar","v":"value"}," meses"],"zero":"este mes"},"$x":[{"t":"idOrVar","v":"plural"},"value"]},{"$i":"years-ago-long","$v":{"few":["Hace ",{"t":"idOrVar","v":"value"}," años"],"many":["Hace ",{"t":"idOrVar","v":"value"}," años"],"one":"El año pasado","other":["Hace ",{"t":"idOrVar","v":"value"}," años"],"two":["Hace ",{"t":"idOrVar","v":"value"}," años"],"zero":"Este año"},"$x":[{"t":"idOrVar","v":"plural"},"value"]},{"$i":"minutes-until-long","$v":{"few":["Dentro de ",{"t":"idOrVar","v":"value"}," minutos"],"many":["Dentro de ",{"t":"idOrVar","v":"value"}," minutos"],"one":"Dentro de un minuto","other":["Dentro de ",{"t":"idOrVar","v":"value"}," minutos"],"two":["Dentro de ",{"t":"idOrVar","v":"value"}," minutos"],"zero":"ahora"},"$x":[{"t":"idOrVar","v":"plural"},"value"]},{"$i":"hours-until-long","$v":{"few":["Dentro de ",{"t":"idOrVar","v":"value"}," horas"],"many":["Dentro de ",{"t":"idOrVar","v":"value"}," horas"],"one":"Dentro de una hora","other":["Dentro de ",{"t":"idOrVar","v":"value"}," horas"],"two":["Dentro de ",{"t":"idOrVar","v":"value"}," horas"],"zero":"ahora"},"$x":[{"t":"idOrVar","v":"plural"},"value"]},{"$i":"days-until-long","$v":{"few":["Dentro de ",{"t":"idOrVar","v":"value"}," días"],"many":["Dentro de ",{"t":"idOrVar","v":"value"}," días"],"one":"Mañana","other":["Dentro de ",{"t":"idOrVar","v":"value"}," días"],"two":["Dentro de ",{"t":"idOrVar","v":"value"}," días"],"zero":"Hoy"},"$x":[{"t":"idOrVar","v":"plural"},"value"]},{"$i":"weeks-until-long","$v":{"few":["Dentro de ",{"t":"idOrVar","v":"value"}," semanas"],"many":["Dentro de ",{"t":"idOrVar","v":"value"}," semanas"],"one":"La próxima semana","other":["Dentro de ",{"t":"idOrVar","v":"value"}," semanas"],"two":["Dentro de ",{"t":"idOrVar","v":"value"}," semanas"],"zero":"Esta semana"},"$x":[{"t":"idOrVar","v":"plural"},"value"]},{"$i":"months-until-long","$v":{"few":["Dentro de ",{"t":"idOrVar","v":"value"}," meses"],"many":["Dentro de ",{"t":"idOrVar","v":"value"}," meses"],"one":"Mes siguiente","other":["Dentro de ",{"t":"idOrVar","v":"value"}," meses"],"two":["Dentro de ",{"t":"idOrVar","v":"value"}," meses"],"zero":"Este mes"},"$x":[{"t":"idOrVar","v":"plural"},"value"]},{"$i":"years-until-long","$v":{"few":["Dentro de ",{"t":"idOrVar","v":"value"}," años"],"many":["Dentro de ",{"t":"idOrVar","v":"value"}," años"],"one":"El año que viene","other":["Dentro de ",{"t":"idOrVar","v":"value"}," años"],"two":["Dentro de ",{"t":"idOrVar","v":"value"}," años"],"zero":"Este año"},"$x":[{"t":"idOrVar","v":"plural"},"value"]},{"$i":"minutes-ago-short","$v":{"other":["Hace ",{"t":"idOrVar","v":"value"}," m"],"zero":"Justo ahora"},"$x":[{"t":"idOrVar","v":"plural"},"value"]},{"$i":"hours-ago-short","$v":{"other":["Hace ",{"t":"idOrVar","v":"value"}," h"],"zero":"justo ahora"},"$x":[{"t":"idOrVar","v":"plural"},"value"]},{"$i":"days-ago-short","$v":{"other":["Hace ",{"t":"idOrVar","v":"value"}," d"],"zero":"Hoy"},"$x":[{"t":"idOrVar","v":"plural"},"value"]},{"$i":"minutes-until-short","$v":{"other":["Dentro de ",{"t":"idOrVar","v":"value"}," m"],"zero":"ahora"},"$x":[{"t":"idOrVar","v":"plural"},"value"]},{"$i":"hours-until-short","$v":{"other":["Dentro de ",{"t":"idOrVar","v":"value"}," h"],"zero":"ahora"},"$x":[{"t":"idOrVar","v":"plural"},"value"]},{"$i":"days-until-short","$v":{"other":["Dentro de ",{"t":"idOrVar","v":"value"}," d"],"zero":"Hoy"},"$x":[{"t":"idOrVar","v":"plural"},"value"]},{"$i":"incorrectDate","$v":"(fecha incorrecta)"},{"$i":"dateTimeFormat_%c","$v":"%a %b %e %Y %I:%M:%S %p"},{"$i":"dateTimeFormat_%x","$v":"%d/%m/%Y"},{"$i":"dateTimeFormat_%X","$v":"%I:%M:%S %p"},{"$i":"shortTimeFormat","$v":"%I:%M %p"},{"$i":"shortTimeFormat12","$v":"%I:%M %p"},{"$i":"shortTimeFormat24","$v":"%H:%M"},{"$i":"shortDateTimeFormat","$v":"%x %I:%M %p"},{"$i":"weekStartsOnMonday","$v":"0.0"},{"$i":"firstDayOfTheWeek","$v":"1.0"},{"$i":"time_am","$v":"AM"},{"$i":"time_pm","$v":"PM"}]