[{"$i":"setup-app-name-header","$v":"Sähköposti"},{"$i":"setup-empty-account-message","$v":"Sinua ei ole asetettu lähettämään tai vastaanottamaan viestejä. Päätä toimenpide asettamalla tili."},{"$i":"setup-pick-service","$v":"Sinun on asetettava tili, jotta voisit lähettää ja vastaanottaa sähköpostia."},{"$i":"setup-account-header3","$v":"Tilille kirjautuminen"},{"$i":"setup-account-password","$v":"Salasana"},{"$i":"setup-info-next","$v":"Seuraava"},{"$i":"setup-progress-wait-msg","$v":"Tiliä asetetaan"},{"$i":"setup-sync-progress-wait-msg","$v":"Tilin synkronointi"},{"$i":"setup-completed-header","$v":"Onnittelut!"},{"$i":"setup-completed-label","$v":"Kaikki valmista!"},{"$i":"setup-add-another-account","$v":"Lisää toinen tili"},{"$i":"setup-show-mail","$v":"Jatka sähköpostiin"},{"$i":"setup-done-add","$v":"Lisää tili"},{"$i":"setup-error-offline","$v":"Laite on offline-tilassa. Muodosta verkkoyhteys ja yritä uudelleen."},{"$i":"setup-error-bad-user-or-pass2","$v":"Virheellinen käyttäjänimi tai salasana. Tarkista tiedot."},{"$i":"setup-error-bad-address","$v":"Virheellinen sähköpostiosoite. Tarkista tiedot."},{"$i":"setup-error-not-authorized","$v":"Palvelin ilmoitti, että sinulla ei ole valtuuksia luoda tiliä"},{"$i":"setup-error-pop-server-not-great","$v":"Palvelinta ei tueta. POP3-palvelimella ei ole vaadittuja ominaisuuksia."},{"$i":"setup-error-unknown2","$v":"Tapahtui tuntematon virhe. Tarkista verkkoyhteys tai tee asetukset manuaalisesti."},{"$i":"setup-error-needs-app-pass","$v":"Kaksivaiheista tunnistusta käyttäville Gmail-tileille on käytettävä sovelluskohtaisia salasanoja"},{"$i":"setup-error-imap-disabled","$v":"IMAP on otettava käyttöön Gmail-tilillä"},{"$i":"setup-error-pop3-disabled","$v":"POP3 on otettava käyttöön Gmail-tilillä"},{"$i":"setup-error-bad-security","$v":["Suojatun yhteyden muodostaminen palvelimeen \"",{"t":"idOrVar","v":"server"},"\" epäonnistui. Verkko- tai palvelinyhteydessä voi olla vikaa."]},{"$i":"setup-error-unresponsive-server","$v":["Yhteyden muodostaminen palvelimeen \"",{"t":"idOrVar","v":"server"},"\" epäonnistui. Verkkoyhteydessä voi olla vikaa."]},{"$i":"setup-error-server-problem","$v":["Palvelimessa \"",{"t":"idOrVar","v":"server"},"\" on jokin ongelma. Yritä myöhemmin uudelleen."]},{"$i":"setup-error-no-config-info","$v":"Tilin automaattinen asettaminen ei onnistunut. Korjaa sähköpostiosoite tai tee asetukset manuaalisesti."},{"$i":"setup-error-server-maintenance","$v":["Palvelinta \"",{"t":"idOrVar","v":"server"},"\" huolletaan. Yritä myöhemmin uudelleen."]},{"$i":"setup-error-account-already-exists","$v":"Tämä tili on jo asetettu."},{"$i":"setup-manual-config2","$v":"Edistynyt"},{"$i":"setup-manual-config-header","$v":"Tilille kirjautuminen"},{"$i":"setup-manual-account-type-header","$v":"Tilin tyyppi"},{"$i":"setup-manual-account-type","$v":"Tilin tyyppi"},{"$i":"setup-manual-account-type-select","ariaLabel":"Tilin tyyppi"},{"$i":"setup-manual-imap-header","$v":"IMAP-asetukset"},{"$i":"setup-manual-pop3-header","$v":"POP3-asetukset"},{"$i":"setup-manual-smtp-header","$v":"SMTP-asetukset"},{"$i":"setup-manual-activesync-header","$v":"ActiveSync-asetukset"},{"$i":"setup-manual-next","$v":"Seuraava"},{"$i":"setup-manual-socket","$v":"Vastaketyyppi"},{"$i":"setup-manual-socket-ssl","$v":"SSL"},{"$i":"setup-manual-socket-starttls","$v":"STARTTLS"},{"$i":"setup-manual-socket-select","ariaLabel":"Yhteyden turvallisuus"},{"$i":"setup-manual-socket-plain","$v":"Salaamaton"},{"$i":"setup-bad-password-header","$v":"Väärä salasana!"},{"$i":"setup-bad-password","$v":"Palvelimelle ei voitu kirjautua. Anna salasana uudelleen."},{"$i":"setup-new-password","placeholder":"Uusi salasana"},{"$i":"setup-fix-password","$v":"Yritä uudelleen uudella salasanalla"},{"$i":"setup-gmail-twofactor-header","$v":"Kaksivaiheinen käytössä"},{"$i":"setup-gmail-twofactor-message","$v":"Sovelluskohtainen salasana on annettava alle."},{"$i":"setup-gmail-imap-header","$v":"IMAP poistettu käytöstä"},{"$i":"setup-gmail-imap-message","$v":"IMAP on otettava käyttöön Gmail-tilillä"},{"$i":"setup-gmail-retry","$v":"Yritä uudelleen"},{"$i":"setup-gmail-pop3-header","$v":"POP3 poistettu käytöstä"},{"$i":"setup-gmail-pop3-message","$v":"POP3 on otettava käyttöön Gmail-tilillä"},{"$i":"setup-fix-oauth2-header","$v":"Valtuuta osoite uudelleen"},{"$i":"setup-fix-oauth2-description","$v":"Sähköpostiosoite on valtuutettava uudelleen seuraavan tilin käyttämiseksi:"},{"$i":"setup-fix-oauth2-reauthorize","$v":"Valtuuta uudelleen"},{"$i":"settings-main-header","$v":"Sähköpostiasetukset"},{"$i":"settings-sub-header-account","$v":"Tili"},{"$i":"settings-account-group","ariaLabel":"Tili"},{"$i":"settings-account-name","$v":"Nimi"},{"$i":"settings-account-label","$v":"Tilin tunniste"},{"$i":"settings-account-display-notifications","$v":"Näytä ilmoitukset uusista viesteistä"},{"$i":"settings-account-play-sound-onsend","$v":"Soita äänimerkki lähettämisen jälkeen"},{"$i":"settings-account-signature-label","$v":"Allekirjoitus"},{"$i":"settings-sub-header-data","$v":"Data"},{"$i":"settings-data-group","ariaLabel":"Data"},{"$i":"settings-account-check-mail","$v":"Tarkista uudet viestit"},{"$i":"settings-account-check-mail-select","ariaLabel":"Tarkista uudet viestit"},{"$i":"settings-sub-header-server","$v":"Palvelinasetukset"},{"$i":"settings-server-group","ariaLabel":"Palvelinasetukset"},{"$i":"settings-account-userpass","$v":"Käyttäjänimi ja salasana"},{"$i":"settings-account-useroauth2","$v":"Käyttäjänimi"},{"$i":"settings-default-signature-2","$v":"Lähetetty puhelimesta"},{"$i":"settings-done","$v":"Valmis"},{"$i":"settings-account-section","$v":"Tilit"},{"$i":"settings-account-listbox","ariaLabel":"Tilit"},{"$i":"settings-account-add","$v":"Lisää"},{"$i":"settings-account-delete","$v":"Poista tili"},{"$i":"settings-account-delete-prompt","$v":["Haluatko varmasti poistaa sähköpostitilin ",{"t":"idOrVar","v":"account"},"?"]},{"$i":"settings-account-delete-desc","$v":"Jos luot tilin uudelleen, viestit on ladattava uudelleen."},{"$i":"settings-account-delete-cancel","$v":"Peruuta"},{"$i":"settings-account-delete-confirm","$v":"Poista"},{"$i":"settings-account-clarify","$v":[{"t":"idOrVar","v":"account-name"}]},{"$i":"settings-account-clarify-imap","$v":[{"t":"idOrVar","v":"account-name"}," (IMAP)"]},{"$i":"settings-account-clarify-pop3","$v":[{"t":"idOrVar","v":"account-name"}," (POP3)"]},{"$i":"settings-account-clarify-smtp","$v":[{"t":"idOrVar","v":"account-name"}," (SMTP)"]},{"$i":"settings-general-section","$v":"Yleiset asetukset"},{"$i":"settings-show-images","$v":"Näytä kuvat aina"},{"$i":"settings-download-attachments","$v":"Lataa liitteet"},{"$i":"settings-check-every-5min","$v":"5 minuutin välein"},{"$i":"settings-check-every-10min","$v":"10 minuutin välein"},{"$i":"settings-check-every-15min","$v":"15 minuutin välein"},{"$i":"settings-check-every-30min","$v":"30 minuutin välein"},{"$i":"settings-check-every-60min","$v":"Tunnin välein"},{"$i":"settings-check-every-manual","$v":"Manuaalisesti"},{"$i":"settings-check-dynamic","$v":{"few":[{"t":"idOrVar","v":"n"}," sekuntia"],"many":[{"t":"idOrVar","v":"n"}," sekuntia"],"one":[{"t":"idOrVar","v":"n"}," sekunti"],"other":[{"t":"idOrVar","v":"n"}," sekuntia"],"two":[{"t":"idOrVar","v":"n"}," sekuntia"],"zero":"poistettu käytöstä"},"$x":[{"t":"idOrVar","v":"plural"},"n"]},{"$i":"settings-default-account","$v":"Aseta oletusosoitteeksi"},{"$i":"settings-account-type","$v":"Tilin tyyppi"},{"$i":"settings-account-credentials","$v":"Tunnistetiedot"},{"$i":"settings-activesync-label","$v":"ActiveSync-asetukset"},{"$i":"settings-imap-label","$v":"IMAP-asetukset"},{"$i":"settings-pop3-label","$v":"POP3-asetukset"},{"$i":"settings-smtp-label","$v":"SMTP-asetukset"},{"$i":"settings-hostname","$v":"Isäntänimi"},{"$i":"settings-port","$v":"Portti"},{"$i":"settings-username","$v":"Käyttäjänimi"},{"$i":"settings-password","$v":"Salasana"},{"$i":"settings-save","$v":"Tallenna"},{"$i":"password-saved","$v":"Salasana tallennettu."},{"$i":"settings-reauth","$v":"Valtuuta uudelleen"},{"$i":"settings-account-synchronize-window","$v":"Päiviä synkronointiin"},{"$i":"settings-account-synchronize-window-select","ariaLabel":"Päiviä synkronointiin"},{"$i":"settings-synchronize-auto","$v":"Automaattinen"},{"$i":"settings-synchronize-one-day","$v":"1 päivä"},{"$i":"settings-synchronize-three-days","$v":"3 päivää"},{"$i":"settings-synchronize-one-week","$v":"1 viikko"},{"$i":"settings-synchronize-two-weeks","$v":"2 viikkoa"},{"$i":"settings-synchronize-one-month","$v":"1 kuukausi"},{"$i":"settings-synchronize-all","$v":"Kaikki viestit"},{"$i":"envelope-from","$v":"Lähettäjä"},{"$i":"envelope-to","$v":"Vastaanottaja"},{"$i":"envelope-cc","$v":"Kopio"},{"$i":"envelope-bcc","$v":"Piilokopio"},{"$i":"message-header-state-sending","ariaLabel":"Lähetetään"},{"$i":"message-header-state-error","ariaLabel":"Virhe lähetettäessä"},{"$i":"message-header-unread","ariaLabel":"Lukematon"},{"$i":"message-header-reply","ariaLabel":"Vastaa"},{"$i":"message-header-forward","ariaLabel":"Välitä"},{"$i":"message-header-starred","ariaLabel":"Tähtimerkitty"},{"$i":"message-header-attachments","ariaLabel":"Sisältää liitteitä"},{"$i":"message-body-container","ariaLabel":"Viestin teksti"},{"$i":"message-body-container-progress","ariaValueText":"Ladataan"},{"$i":"subject","ariaLabel":"Aihe"},{"$i":"attachments-container","ariaLabel":"Liitteet"},{"$i":"from-group","ariaLabel":"Lähettäjä"},{"$i":"to-group","ariaLabel":"Vastaanottaja"},{"$i":"cc-group","ariaLabel":"Kopio"},{"$i":"bcc-group","ariaLabel":"Piilokopio"},{"$i":"compose-header","$v":"Kirjoita viesti"},{"$i":"compose-header-short","$v":"Kirjoita"},{"$i":"compose-send","$v":"Lähetä"},{"$i":"compose-send-button","ariaLabel":"Lähetä"},{"$i":"compose-to","$v":"Vastaanottaja"},{"$i":"compose-cc","$v":"Kopio"},{"$i":"compose-bcc","$v":"Piilokopio"},{"$i":"compose-cc-remove","$v":"Kopio-luettelo poistetaan."},{"$i":"compose-bcc-remove","$v":"Piilokopio-luettelo poistetaan."},{"$i":"compose-contact-add","ariaLabel":"Lisää yhteystieto"},{"$i":"compose-attachments","$v":{"few":["Liitteet (",{"t":"idOrVar","v":"n"},")"],"many":["Liitteet (",{"t":"idOrVar","v":"n"},")"],"one":["Liite (",{"t":"idOrVar","v":"n"},")"],"other":["Liitteet (",{"t":"idOrVar","v":"n"},")"],"two":["Liitteet (",{"t":"idOrVar","v":"n"},")"],"zero":"Liite"},"$x":[{"t":"idOrVar","v":"plural"},"n"]},{"$i":"compose-text","ariaLabel":"Muokkaa"},{"$i":"compose-attachment-still-working","$v":"Odota. Aiempaa liitettä käsitellään..."},{"$i":"compose-attachment-loading","$v":"Liitetiedoston lataaminen ..."},{"$i":"compose-attachments-loading","$v":"Liitteiden lataaminen ..."},{"$i":"compose-forward-attachment-error-title","$v":"Lataus epäonnistui."},{"$i":"compose-forward-attachment-error-title2","$v":"Virhe"},{"$i":"compose-forward-attachment-unable-load","$v":"Liitteen lataaminen ei onnistu."},{"$i":"compose-forward-attachments-unable-load","$v":"Liitteiden lataaminen ei onnistu."},{"$i":"compose-forward-attachment-load-error","$v":"Joidenkin liitteiden lataaminen ei onnistu."},{"$i":"confirmation-title","$v":"Vahvistus"},{"$i":"compose-subject","$v":"Aihe"},{"$i":"compose-draft-save","$v":"Tallennetaanko paikallisena luonnoksena?"},{"$i":"compose-discard-confirm","$v":"Hylkää"},{"$i":"compose-draft-dialog-cancel","$v":"Peruuta"},{"$i":"compose-draft-dialog-save","$v":"Tallenna"},{"$i":"composer-draft-saved","$v":"Viesti tallennettu paikallisena luonnoksena"},{"$i":"attention","$v":"Huomio"},{"$i":"compose-send-message-failed","$v":"Viestin lähetys epäonnistui"},{"$i":"compose-attchment-size-exceeded","$v":"Valittu liite on liian suuri lähetettäväksi tässä viestissä."},{"$i":"compose-attchments-size-exceeded","$v":"Valitut liitteet ovat liian suuria lähetettäviksi tässä viestissä. Valitse vähemmän tiedostoja."},{"$i":"composer-attachment-large-title","$v":"Tiedosto on liian suuri"},{"$i":"default-attachment-filename","$v":["liite ",{"t":"idOrVar","v":"n"}]},{"$i":"attachment-size-meb","$v":[{"t":"idOrVar","v":"megabytes"}," Mt"]},{"$i":"attachment-size-kib","$v":[{"t":"idOrVar","v":"kilobytes"}," kt"]},{"$i":"attachment-size-byte","$v":[{"t":"idOrVar","v":"bytes"}," B"]},{"$i":"message-attachment-view","$v":"Näytä"},{"$i":"message-attachment-did-not-open-label","$v":"Avaaminen ei onnistu"},{"$i":"message-attachment-did-not-open-body","$v":"Laitteessa ei ole liitteen avaamiseen tarvittavaa sovellusta."},{"$i":"message-attachment-too-large","$v":"Tiedosto on liian suuri ladattavaksi."},{"$i":"message-attachment-not-found","$v":"Liitetiedostoa ei löydy. Se on voitu poistaa."},{"$i":"message-attachment-download-fail","$v":[{"t":"idOrVar","v":"fileName"}," -Lataaminen epäonnistui"]},{"$i":"message-no-subject","$v":"(ei aihetta)"},{"$i":"message-edit-menu-edit","$v":"Muokkaa"},{"$i":"message-edit-menu-delete","$v":"Poista"},{"$i":"message-edit-delete-confirm","$v":"Poistetaanko viesti?"},{"$i":"message-forward-attachment-title","$v":"Liite"},{"$i":"message-forward-attachment","$v":"Lähetetäänkö myös liite edelleen?"},{"$i":"message-forward-attachments","$v":"Lähetetäänkö myös liitteet edelleen?"},{"$i":"message-multiedit-header","$v":{"few":[{"t":"idOrVar","v":"n"}," valittu"],"many":[{"t":"idOrVar","v":"n"}," valittu"],"one":[{"t":"idOrVar","v":"n"}," valittu"],"other":[{"t":"idOrVar","v":"n"}," valittu"],"two":[{"t":"idOrVar","v":"n"}," valittu"],"zero":[{"t":"idOrVar","v":"n"}," valittu"]},"$x":[{"t":"idOrVar","v":"plural"},"n"]},{"$i":"message-multiedit-search-header","$v":{"few":[{"t":"idOrVar","v":"n"}," valittu"],"many":[{"t":"idOrVar","v":"n"}," valittu"],"one":[{"t":"idOrVar","v":"n"}," valittu"],"other":[{"t":"idOrVar","v":"n"}," valittu"],"two":[{"t":"idOrVar","v":"n"}," valittu"],"zero":"0 valittu"},"$x":[{"t":"idOrVar","v":"plural"},"n"]},{"$i":"browse-to-url-prompt","$v":["Siirrytäänkö osoitteeseen?: ",{"t":"idOrVar","v":"url"}]},{"$i":"message-download-images-tap","$v":{"few":["Tässä viestissä on ",{"t":"idOrVar","v":"n"}," kuvaa. Lataa ne napauttamalla tätä."],"many":["Tässä viestissä on ",{"t":"idOrVar","v":"n"}," kuvaa. Lataa ne napauttamalla tätä."],"one":"Tässä viestissä on yksi kuvaa. Lataa se napauttamalla tätä.","other":["Tässä viestissä on ",{"t":"idOrVar","v":"n"}," kuvaa. Lataa ne napauttamalla tätä."],"two":["Tässä viestissä on ",{"t":"idOrVar","v":"n"}," kuvaa. Lataa ne napauttamalla tätä."]},"$x":[{"t":"idOrVar","v":"plural"},"n"]},{"$i":"message-show-external-images","$v":"Näytä ulkoiset kuvat"},{"$i":"message-delete-cancel","$v":"Peruuta"},{"$i":"message-multiedit-delete-confirm","$v":{"few":["Poistetaanko ",{"t":"idOrVar","v":"n"}," viestiä?"],"many":["Poistetaanko ",{"t":"idOrVar","v":"n"}," viestiä?"],"one":"Poistetaanko valittu viesti?","other":["Poistetaanko ",{"t":"idOrVar","v":"n"}," viestiä?"],"two":["Poistetaanko ",{"t":"idOrVar","v":"n"}," viestiä?"]},"$x":[{"t":"idOrVar","v":"plural"},"n"]},{"$i":"message-large-message-cancel","$v":"Peruuta"},{"$i":"message-large-message-ok","$v":"Jatka"},{"$i":"message-large-message-confirm","$v":"Viesti on suuri, joten sen lataaminen voi kestää kauan."},{"$i":"message-large-message-warning","$v":"Viesti on liian suuri ladattavaksi."},{"$i":"message-search-header","$v":"Hae"},{"$i":"search-result","$v":[{"t":"idOrVar","v":"num"}," osuma löytyi"]},{"$i":"message-search-from","$v":"Lähettäjä"},{"$i":"message-search-to","$v":"Vastaanottaja"},{"$i":"message-search-subject","$v":"Aihe"},{"$i":"message-search-body","$v":"Teksti"},{"$i":"message-search-all","$v":"Kaikki"},{"$i":"message-search-input","placeholder":"Hae viesteistä"},{"$i":"message-search-cancel","$v":"Peruuta"},{"$i":"messages-syncing","$v":"Ladataan viestejä"},{"$i":"messages-syncing-progressbar","ariaValueText":"Ladataan viestejä"},{"$i":"messages-load-more","$v":"Lataa lisää viestejä"},{"$i":"messages-folder-empty","$v":"Ei viestejä tässä kansiossa"},{"$i":"messages-search-empty","$v":"Ei osumia välimuistiin tallennetuissa viesteissä"},{"$i":"messages-folder-select","$v":"Siirrä kansioon"},{"$i":"messages-folder-unread-max","$v":"Yli 999"},{"$i":"message-contact-menu-create","$v":"Tallenna uusi yhteystieto"},{"$i":"message-contact-menu-add-existing","$v":"Lisää nykyiseen yhteystietoon"},{"$i":"message-contact-menu-view","$v":"Näytä yhteystieto"},{"$i":"message-contact-menu-reply","$v":"Vastaa"},{"$i":"message-contact-menu-new","$v":"Lähetä uusi viesti"},{"$i":"message-reply-menu-reply","$v":"Vastaa"},{"$i":"message-reply-menu-reply-all","$v":"Vastaa kaikille"},{"$i":"message-reply-menu-forward","$v":"Välitä"},{"$i":"message-reply-menu-cancel","$v":"Peruuta"},{"$i":"reply-quoting-wrote","$v":"{name} kirjoitti"},{"$i":"forward-original-message","$v":"Alkuperäinen viesti"},{"$i":"forward-header-subject","$v":"Aihe"},{"$i":"forward-header-date","$v":"Päiväys"},{"$i":"forward-header-from","$v":"Lähettäjä"},{"$i":"forward-header-reply-to","$v":"Vastausosoite"},{"$i":"forward-header-to","$v":"Vastaanottaja"},{"$i":"forward-header-cc","$v":"Kopio"},{"$i":"folder-inbox","$v":"Saapuneet"},{"$i":"folder-sent","$v":"Lähetetty"},{"$i":"folder-drafts","$v":"Luonnokset"},{"$i":"folder-trash","$v":"Roskakori"},{"$i":"folder-queue","$v":"Lähettämättä"},{"$i":"folder-junk","$v":"Roskaposti"},{"$i":"folder-archives","$v":"Arkistot"},{"$i":"folder-localdrafts","$v":"Paikalliset luonnokset"},{"$i":"folder-outbox","$v":"Lähtevät"},{"$i":"drawer-back","$v":"Edellinen"},{"$i":"drawer-accounts-header","$v":"Tilit"},{"$i":"drawer-settings-link","$v":"Asetukset"},{"$i":"folder-last-synced-label","$v":"Synkronoitu:"},{"$i":"messages-refresh-progress","ariaValueText":"Päivitetään"},{"$i":"no-internet-connection","$v":"Ei internetyhteyttä."},{"$i":"toaster-undo","$v":"Kumoa"},{"$i":"toaster-message-star","$v":{"few":[{"t":"idOrVar","v":"n"}," viestiä merkitty"],"many":[{"t":"idOrVar","v":"n"}," viestiä merkitty"],"one":"Viesti merkitty","other":[{"t":"idOrVar","v":"n"}," viestiä merkitty"],"two":[{"t":"idOrVar","v":"n"}," viestiä merkitty"]},"$x":[{"t":"idOrVar","v":"plural"},"n"]},{"$i":"toaster-message-unstar","$v":{"few":[{"t":"idOrVar","v":"n"}," viestin merkkiä poistettu"],"many":[{"t":"idOrVar","v":"n"}," viestin merkkiä poistettu"],"one":"Viestin merkki poistettu","other":[{"t":"idOrVar","v":"n"}," viestin merkkiä poistettu"],"two":[{"t":"idOrVar","v":"n"}," viestin merkkiä poistettu"]},"$x":[{"t":"idOrVar","v":"plural"},"n"]},{"$i":"toaster-message-read","$v":{"few":[{"t":"idOrVar","v":"n"}," viestiä merkitty luetuksi"],"many":[{"t":"idOrVar","v":"n"}," viestiä merkitty luetuksi"],"one":"Viesti merkitty luetuksi","other":[{"t":"idOrVar","v":"n"}," viestiä merkitty luetuksi"],"two":[{"t":"idOrVar","v":"n"}," viestiä merkitty luetuksi"]},"$x":[{"t":"idOrVar","v":"plural"},"n"]},{"$i":"toaster-message-unread","$v":{"few":[{"t":"idOrVar","v":"n"}," viestiä merkitty lukemattomaksi"],"many":[{"t":"idOrVar","v":"n"}," viestiä merkitty lukemattomaksi"],"one":"Viesti merkitty lukemattomaksi","other":[{"t":"idOrVar","v":"n"}," viestiä merkitty lukemattomaksi"],"two":[{"t":"idOrVar","v":"n"}," viestiä merkitty lukemattomaksi"]},"$x":[{"t":"idOrVar","v":"plural"},"n"]},{"$i":"toaster-message-move","$v":{"few":[{"t":"idOrVar","v":"n"}," viestiä siirretty kansioon:"],"many":[{"t":"idOrVar","v":"n"}," viestiä siirretty kansioon:"],"one":"Viesti siirretty kansioon:","other":[{"t":"idOrVar","v":"n"}," viestiä siirretty kansioon:"],"two":[{"t":"idOrVar","v":"n"}," viestiä siirretty kansioon:"]},"$x":[{"t":"idOrVar","v":"plural"},"n"]},{"$i":"toaster-message-delete","$v":{"few":[{"t":"idOrVar","v":"n"}," viestiä poistettu"],"many":[{"t":"idOrVar","v":"n"}," viestiä poistettu"],"one":"1 viesti poistettu","other":[{"t":"idOrVar","v":"n"}," viestiä poistettu"],"two":[{"t":"idOrVar","v":"n"}," viestiä poistettu"]},"$x":[{"t":"idOrVar","v":"plural"},"n"]},{"$i":"toaster-sync-failed","$v":"Palvelimeen ei saada yhteyttä."},{"$i":"compose-invalid-addresses-title","$v":"Osoitteet eivät kelpaa"},{"$i":"compose-invalid-addresses-description","$v":"Yksi tai useampi vastaanottajan osoite ei kelpaa. Korjaa osoitteet ennen lähettämistä."},{"$i":"background-send-pending","$v":"Verkko ei käytettävissä. Viesti tallennettu Lähtevät-kansioon."},{"$i":"background-send-sending","$v":"Lähetetään viestiä…"},{"$i":"background-send-success","$v":"Viesti lähetetty."},{"$i":"background-send-error","$v":"Tapahtui virhe. Viesti tallennettu Lähtevät-kansioon."},{"$i":"background-send-error-recipients","$v":"Vastaanottovirhe. Viesti tallennettu Lähtevät-kansioon."},{"$i":"background-send-error-title","$v":"Viestin lähetys epäonnistui"},{"$i":"send-failure-recipients","$v":"Tarkista yllä olevien osoitteiden oikeinkirjoitus. Sähköpostipalvelin ilmoitti, että jokin osoite on väärä."},{"$i":"send-failure-unknown","$v":"Viestiä ei voitu lähettää."},{"$i":"form-clear-input","$v":"Poista teksti"},{"$i":"confirm-dialog-title","$v":"Vahvistus"},{"$i":"confirm-dialog-ok","$v":"OK"},{"$i":"msg-display-subject","$v":"Aihe"},{"$i":"msg-reader-display-attachments","$v":"Liitteet"},{"$i":"msg-reader-display-attachment","$v":"Liite"},{"$i":"msg-reader-download-external-images","$v":["Lataa ulkoiset kuvat (",{"t":"idOrVar","v":"n"}," Mt)"]},{"$i":"msg-reader-sender-header","$v":"Lähettäjä"},{"$i":"msg-reader-recipients-header","$v":"Vastaanottajat"},{"$i":"msg-reader-cc-header","$v":"Kopio"},{"$i":"msg-reader-bcc-header","$v":"Piilokopio"},{"$i":"msg-reader-message-flagged","$v":"Viesti merkitty"},{"$i":"msg-reader-flag-removed","$v":"Merkki poistettu"},{"$i":"external-image-downloading","$v":"Ladataan..."},{"$i":"senders-separation-sign","$v":", "},{"$i":"new-messages","$v":{"few":[{"t":"idOrVar","v":"n"}," uutta viestiä"],"many":[{"t":"idOrVar","v":"n"}," uutta viestiä"],"one":"1 uusi viesti","other":[{"t":"idOrVar","v":"n"}," uutta viestiä"],"two":[{"t":"idOrVar","v":"n"}," uutta viestiä"]},"$x":[{"t":"idOrVar","v":"plural"},"n"]},{"$i":"new-emails-notify-one-account","$v":{"few":[{"t":"idOrVar","v":"n"}," uutta viestiä"],"many":[{"t":"idOrVar","v":"n"}," uutta viestiä"],"one":"1 uusi viesti","other":[{"t":"idOrVar","v":"n"}," uutta viestiä"],"two":[{"t":"idOrVar","v":"n"}," uutta viestiä"]},"$x":[{"t":"idOrVar","v":"plural"},"n"]},{"$i":"new-emails-notify-multiple-accounts","$v":{"few":[{"t":"idOrVar","v":"n"}," uutta viestiä (",{"t":"idOrVar","v":"accountName"},")"],"many":[{"t":"idOrVar","v":"n"}," uutta viestiä (",{"t":"idOrVar","v":"accountName"},")"],"one":["1 uusi viesti (",{"t":"idOrVar","v":"accountName"},")"],"other":[{"t":"idOrVar","v":"n"}," uutta viestiä (",{"t":"idOrVar","v":"accountName"},")"],"two":[{"t":"idOrVar","v":"n"}," uutta viestiä (",{"t":"idOrVar","v":"accountName"},")"]},"$x":[{"t":"idOrVar","v":"plural"},"n"]},{"$i":"new-emails-notify-multiple-accounts-body","$v":[{"t":"idOrVar","v":"from"}," “",{"t":"idOrVar","v":"subject"},"”"]},{"$i":"tng-plain-socket-warning-title","$v":"Oletko varma?"},{"$i":"tng-plain-socket-warning-message","$v":"Muut voivat nähdä salasanat ja viestit tai hallita tiliäsi."},{"$i":"tng-plain-socket-warning-message-options","$v":"Monet sähköpostipalvelujen toimittajat tarjoavat ilmaisia tilejä, joiden yhteydet ovat turvallisempia ja suojattuja."},{"$i":"tng-plain-socket-warning-ok","$v":"Ymmärrän"},{"$i":"message-reader-date-received","ariaLabel":"Vastaanotettu"},{"$i":"sort-by-title","$v":"Lajitteluperuste"},{"$i":"sort-by-date","$v":"Päiväys"},{"$i":"sort-by-from","$v":"Lähettäjä"},{"$i":"sort-by-to","$v":"Vastaanottaja"},{"$i":"sort-by-subject","$v":"Aihe"},{"$i":"softkey-options","$v":"Valinnat"},{"$i":"opt-compose","$v":"Kirjoita"},{"$i":"opt-reply","$v":"Vastaa"},{"$i":"opt-reply-all","$v":"Vastaa kaikille"},{"$i":"opt-forward","$v":"Välitä"},{"$i":"opt-mark-read","$v":"Merkitse luetuksi"},{"$i":"opt-mark-unread","$v":"Merkitse lukemattomaksi"},{"$i":"opt-add-flag","$v":"Lisää merkki"},{"$i":"opt-remove-flag","$v":"Poista merkki"},{"$i":"opt-move-message","$v":"Siirrä kansioon"},{"$i":"opt-delete-message","$v":"Poista"},{"$i":"opt-multi-select","$v":"Valitse useita"},{"$i":"opt-search","$v":"Hae"},{"$i":"opt-folders","$v":"Näytä kansiot"},{"$i":"opt-sort","$v":"Lajittele"},{"$i":"opt-sync","$v":"Synkronoi"},{"$i":"opt-account","$v":"Vaihda tiliä"},{"$i":"opt-settings","$v":"Asetukset"},{"$i":"opt-edit","$v":"Muokkaa"},{"$i":"opt-cancel","$v":"Peruuta"},{"$i":"opt-save","$v":"Tallenna"},{"$i":"opt-move","$v":"Siirrä"},{"$i":"opt-view","$v":"Näytä"},{"$i":"opt-empty-trash","$v":"Tyhjennä roskakori"},{"$i":"opt-call-number","$v":"Puhelu"},{"$i":"opt-compose-mail","$v":"Kirjoita"},{"$i":"opt-open-url","$v":"Avaa"},{"$i":"select-option-on","$v":"Käytössä"},{"$i":"select-option-off","$v":"Ei käytössä"},{"$i":"select-option-imap-smtp","$v":"IMAP+SMTP"},{"$i":"select-option-pop3-smtp","$v":"POP3+SMTP"},{"$i":"select-option-activesync","$v":"ActiveSync"},{"$i":"toaster-switch-account","$v":"Sähköpostitiliksi vaihdettu:"},{"$i":"toaster-sorted-by","$v":"Viestien lajitteluperuste"},{"$i":"cmp-reply","$v":"Vastaa"},{"$i":"cmp-reply-all","$v":"Vastaa kaikille"},{"$i":"cmp-forward","$v":"Välitä viesti"},{"$i":"cmp-remove-attach","$v":"Liite poistettu"},{"$i":"select","$v":"Valitse"},{"$i":"deselect","$v":"Poista valinta"},{"$i":"cancel","$v":"Peruuta"},{"$i":"enter","$v":"Syötä"},{"$i":"remove-attachment","$v":"Poista liite"},{"$i":"replace-attachment","$v":"Korvaa liite"},{"$i":"add-attachment","$v":"Lisää liite"},{"$i":"add-contact","$v":"Lisää yhteystieto"},{"$i":"add-cc","$v":"Lisää kopio"},{"$i":"remove-cc","$v":"Poista kopio"},{"$i":"add-bcc","$v":"Lisää piilokopio"},{"$i":"remove-bcc","$v":"Poista piilokopio"},{"$i":"attachment-download","$v":"Lataa"},{"$i":"attachment-share","$v":"Jaa"},{"$i":"send-new-mail","$v":"Lähetä uusi viesti"},{"$i":"view-contact","$v":"Näytä yhteystieto"},{"$i":"save-new-contact","$v":"Tallenna uusi yhteystieto"},{"$i":"add-to-exsiting-contact","$v":"Lisää nykyiseen yhteystietoon"},{"$i":"no","$v":"Ei"},{"$i":"yes","$v":"Kyllä"},{"$i":"retry","$v":"Yritä uudelleen"},{"$i":"empty","$v":"Tyhjä"},{"$i":"empty-trash-confirm","$v":"Haluatko tyhjentää roskakorin?"},{"$i":"trash-emptied","$v":"Roskakori tyhjennetty"},{"$i":"next","$v":"Seuraava"},{"$i":"welcome-header","$v":"Sähköposti"},{"$i":"welcome-msg","$v":"Tervetuloa käyttämään sähköpostia."},{"$i":"welcome-msg-setup","$v":"Aseta tili valitsemalla Seuraava."},{"$i":"discard","$v":"Hylkää"},{"$i":"leave-this-page-warning-message","$v":"Haluatko hylätä sähköpostitilin tiedot?"},{"$i":"finish","$v":"Lopeta"},{"$i":"setup-done-msg","$v":"Kirjautuminen onnistui. Haluatko lisätä toisen tilin?"},{"$i":"save-as-draft","$v":"Tallenna luonnoksena"},{"$i":"show-password","$v":"Näytä salasana"},{"$i":"account-label","$v":"Tilin tunniste"},{"$i":"folders","$v":"Kansiot"},{"$i":"security","$v":"Turvallisuus"},{"$i":"port-number","$v":"Portin numero"},{"$i":"domain-username","$v":"Verkkotunnus/käyttäjänimi"},{"$i":"synchronizing","$v":"Synkronoidaan..."},{"$i":"browse-mail","$v":"Selaa viestejä"},{"$i":"never-sync","$v":"Paikallista kansiota ei voi synkronoida"},{"$i":"emptyDownloadFile","$v":"Tiedostoa ei voi ladata, se saattaa olla tyhjä"},{"$i":"sync","$v":"Synkronoi"},{"$i":"outbox-unsent-label","$v":{"few":[{"t":"idOrVar","v":"n"}," lähettämätöntä viestiä lähtevissä"],"many":[{"t":"idOrVar","v":"n"}," lähettämätöntä viestiä lähtevissä"],"one":"1 lähettämätön viesti lähtevissä","other":[{"t":"idOrVar","v":"n"}," lähettämätöntä viestiä lähtevissä"],"two":"2 lähettämätöntä viestiä lähtevissä"},"$x":[{"t":"idOrVar","v":"plural"},"n"]},{"$i":"storage-full-title","$v":"Tallennustila täynnä"},{"$i":"storage-full-warning","$v":"Voit poistaa mediatiedostoja tai hallita sovellustietoja, jos haluat lisää tilaa."},{"$i":"storage-full","$v":"Puhelimen tallennustila täynnä."},{"$i":"storage-sdcard-full","$v":"SD-kortti on täynnä."},{"$i":"view-address","$v":"Näytä osoite"},{"$i":"mail-address-title","$v":"Sähköpostiosoite"},{"$i":"mail-address","$v":[{"t":"idOrVar","v":"address"}]},{"$i":"value-name","$v":[{"t":"idOrVar","v":"name"}]},{"$i":"account-deleted","$v":"Tili poistettu."},{"$i":"account-reEnable","$v":"Tili on jo olemassa. Synkronoidaanko tilin sähköpostit?"},{"$i":"setup-account-usedInfo","$v":"Alla luetellut sovellukset käyttävät tätä tiliä. Voit muokata tätä myöhemmin valitsemalla Asetukset > Tili."},{"$i":"setup-account-settingsInfo","$v":"Eri sovelluksilla on eri oletussynkronointiväli. Tarkista sovelluksen asetukset."},{"$i":"app-calendar","$v":"Kalenteri"},{"$i":"app-contacts","$v":"Osoitekirja"},{"$i":"app-email","$v":"Sähköposti"},{"$i":"weekday-0-long","$v":"Sunnuntai"},{"$i":"weekday-1-long","$v":"Maanantai"},{"$i":"weekday-2-long","$v":"Tiistai"},{"$i":"weekday-3-long","$v":"Keskiviikko"},{"$i":"weekday-4-long","$v":"Torstai"},{"$i":"weekday-5-long","$v":"Perjantai"},{"$i":"weekday-6-long","$v":"Lauantai"},{"$i":"weekday-0-short","$v":"Su"},{"$i":"weekday-1-short","$v":"Ma"},{"$i":"weekday-2-short","$v":"Ti"},{"$i":"weekday-3-short","$v":"Ke"},{"$i":"weekday-4-short","$v":"To"},{"$i":"weekday-5-short","$v":"Pe"},{"$i":"weekday-6-short","$v":"La"},{"$i":"month-0-long","$v":"Tammikuu"},{"$i":"month-1-long","$v":"Helmikuu"},{"$i":"month-2-long","$v":"Maaliskuu"},{"$i":"month-3-long","$v":"Huhtikuu"},{"$i":"month-4-long","$v":"Toukokuu"},{"$i":"month-5-long","$v":"Kesäkuu"},{"$i":"month-6-long","$v":"Heinäkuu"},{"$i":"month-7-long","$v":"Elokuu"},{"$i":"month-8-long","$v":"Syyskuu"},{"$i":"month-9-long","$v":"Lokakuu"},{"$i":"month-10-long","$v":"Marraskuu"},{"$i":"month-11-long","$v":"Joulukuu"},{"$i":"month-0-genitive","$v":"Tammikuu"},{"$i":"month-1-genitive","$v":"Helmikuu"},{"$i":"month-2-genitive","$v":"Maaliskuu"},{"$i":"month-3-genitive","$v":"Huhtikuu"},{"$i":"month-4-genitive","$v":"Toukokuu"},{"$i":"month-5-genitive","$v":"Kesäkuu"},{"$i":"month-6-genitive","$v":"Heinäkuu"},{"$i":"month-7-genitive","$v":"Elokuu"},{"$i":"month-8-genitive","$v":"Syyskuu"},{"$i":"month-9-genitive","$v":"Lokakuu"},{"$i":"month-10-genitive","$v":"Marraskuu"},{"$i":"month-11-genitive","$v":"Joulukuu"},{"$i":"month-0-short","$v":"tam"},{"$i":"month-1-short","$v":"hel"},{"$i":"month-2-short","$v":"maa"},{"$i":"month-3-short","$v":"huh"},{"$i":"month-4-short","$v":"tou"},{"$i":"month-5-short","$v":"kes"},{"$i":"month-6-short","$v":"hei"},{"$i":"month-7-short","$v":"elo"},{"$i":"month-8-short","$v":"syy"},{"$i":"month-9-short","$v":"lok"},{"$i":"month-10-short","$v":"mar"},{"$i":"month-11-short","$v":"jou"},{"$i":"minutes-ago-long","$v":{"few":[{"t":"idOrVar","v":"value"}," minuuttia sitten"],"many":[{"t":"idOrVar","v":"value"}," minuuttia sitten"],"one":"minuutti sitten","other":[{"t":"idOrVar","v":"value"}," minuuttia sitten"],"two":[{"t":"idOrVar","v":"value"}," minuuttia sitten"],"zero":"juuri nyt"},"$x":[{"t":"idOrVar","v":"plural"},"value"]},{"$i":"hours-ago-long","$v":{"few":[{"t":"idOrVar","v":"value"}," tuntia sitten"],"many":[{"t":"idOrVar","v":"value"}," tuntia sitten"],"one":"tunti sitten","other":[{"t":"idOrVar","v":"value"}," tuntia sitten"],"two":[{"t":"idOrVar","v":"value"}," tuntia sitten"],"zero":"juuri nyt"},"$x":[{"t":"idOrVar","v":"plural"},"value"]},{"$i":"days-ago-long","$v":{"few":[{"t":"idOrVar","v":"value"}," päivää sitten"],"many":[{"t":"idOrVar","v":"value"}," päivää sitten"],"one":"eilen","other":[{"t":"idOrVar","v":"value"}," päivää sitten"],"two":[{"t":"idOrVar","v":"value"}," päivää sitten"],"zero":"tänään"},"$x":[{"t":"idOrVar","v":"plural"},"value"]},{"$i":"weeks-ago-long","$v":{"few":[{"t":"idOrVar","v":"value"}," viikkoa sitten"],"many":[{"t":"idOrVar","v":"value"}," viikkoa sitten"],"one":"viime viikolla","other":[{"t":"idOrVar","v":"value"}," viikkoa sitten"],"two":[{"t":"idOrVar","v":"value"}," viikkoa sitten"],"zero":"tällä viikolla"},"$x":[{"t":"idOrVar","v":"plural"},"value"]},{"$i":"months-ago-long","$v":{"few":[{"t":"idOrVar","v":"value"}," kuukautta sitten"],"many":[{"t":"idOrVar","v":"value"}," kuukautta sitten"],"one":"viimeinen kuukausi","other":[{"t":"idOrVar","v":"value"}," kuukautta sitten"],"two":[{"t":"idOrVar","v":"value"}," kuukautta sitten"],"zero":"tässä kuussa"},"$x":[{"t":"idOrVar","v":"plural"},"value"]},{"$i":"years-ago-long","$v":{"few":[{"t":"idOrVar","v":"value"}," vuotta sitten"],"many":[{"t":"idOrVar","v":"value"}," vuotta sitten"],"one":"viime vuonna","other":[{"t":"idOrVar","v":"value"}," vuotta sitten"],"two":[{"t":"idOrVar","v":"value"}," vuotta sitten"],"zero":"tänä vuonna"},"$x":[{"t":"idOrVar","v":"plural"},"value"]},{"$i":"minutes-until-long","$v":{"few":[{"t":"idOrVar","v":"value"}," minuutin kuluttua"],"many":[{"t":"idOrVar","v":"value"}," minuutin kuluttua"],"one":"minuutin kuluttua","other":[{"t":"idOrVar","v":"value"}," minuutin kuluttua"],"two":[{"t":"idOrVar","v":"value"}," minuutin kuluttua"],"zero":"nyt"},"$x":[{"t":"idOrVar","v":"plural"},"value"]},{"$i":"hours-until-long","$v":{"few":[{"t":"idOrVar","v":"value"}," tunnin kuluttua"],"many":[{"t":"idOrVar","v":"value"}," tunnin kuluttua"],"one":"tunnin kuluttua","other":[{"t":"idOrVar","v":"value"}," tunnin kuluttua"],"two":[{"t":"idOrVar","v":"value"}," tunnin kuluttua"],"zero":"nyt"},"$x":[{"t":"idOrVar","v":"plural"},"value"]},{"$i":"days-until-long","$v":{"few":[{"t":"idOrVar","v":"value"}," päivän kuluttua"],"many":[{"t":"idOrVar","v":"value"}," päivän kuluttua"],"one":"huomenna","other":[{"t":"idOrVar","v":"value"}," päivän kuluttua"],"two":[{"t":"idOrVar","v":"value"}," päivän kuluttua"],"zero":"tänään"},"$x":[{"t":"idOrVar","v":"plural"},"value"]},{"$i":"weeks-until-long","$v":{"few":[{"t":"idOrVar","v":"value"}," viikon kuluttua"],"many":[{"t":"idOrVar","v":"value"}," viikon kuluttua"],"one":"seuraava viikko","other":[{"t":"idOrVar","v":"value"}," viikon kuluttua"],"two":[{"t":"idOrVar","v":"value"}," viikon kuluttua"],"zero":"tällä viikolla"},"$x":[{"t":"idOrVar","v":"plural"},"value"]},{"$i":"months-until-long","$v":{"few":[{"t":"idOrVar","v":"value"}," kuukauden kuluttua"],"many":[{"t":"idOrVar","v":"value"}," kuukauden kuluttua"],"one":"seuraava kuukausi","other":[{"t":"idOrVar","v":"value"}," kuukauden kuluttua"],"two":[{"t":"idOrVar","v":"value"}," kuukauden kuluttua"],"zero":"tässä kuussa"},"$x":[{"t":"idOrVar","v":"plural"},"value"]},{"$i":"years-until-long","$v":{"few":[{"t":"idOrVar","v":"value"}," vuoden kuluttua"],"many":[{"t":"idOrVar","v":"value"}," vuoden kuluttua"],"one":"seuraava vuosi","other":[{"t":"idOrVar","v":"value"}," vuoden kuluttua"],"two":[{"t":"idOrVar","v":"value"}," vuoden kuluttua"],"zero":"tänä vuonna"},"$x":[{"t":"idOrVar","v":"plural"},"value"]},{"$i":"minutes-ago-short","$v":{"other":[{"t":"idOrVar","v":"value"}," m sitten"],"zero":"juuri nyt"},"$x":[{"t":"idOrVar","v":"plural"},"value"]},{"$i":"hours-ago-short","$v":{"other":[{"t":"idOrVar","v":"value"}," h sitten"],"zero":"juuri nyt"},"$x":[{"t":"idOrVar","v":"plural"},"value"]},{"$i":"days-ago-short","$v":{"other":[{"t":"idOrVar","v":"value"}," pvää sitten"],"zero":"tänään"},"$x":[{"t":"idOrVar","v":"plural"},"value"]},{"$i":"minutes-until-short","$v":{"other":[{"t":"idOrVar","v":"value"}," m kuluttua"],"zero":"nyt"},"$x":[{"t":"idOrVar","v":"plural"},"value"]},{"$i":"hours-until-short","$v":{"other":[{"t":"idOrVar","v":"value"}," h kuluttua"],"zero":"nyt"},"$x":[{"t":"idOrVar","v":"plural"},"value"]},{"$i":"days-until-short","$v":{"other":[{"t":"idOrVar","v":"value"}," pvän kuluttua"],"zero":"tänään"},"$x":[{"t":"idOrVar","v":"plural"},"value"]},{"$i":"incorrectDate","$v":"(virheellinen päivämäärä)"},{"$i":"dateTimeFormat_%c","$v":"%a %b %e %Y %I:%M:%S %p"},{"$i":"dateTimeFormat_%x","$v":"%m/%d/%Y"},{"$i":"dateTimeFormat_%X","$v":"%I:%M:%S %p"},{"$i":"shortTimeFormat","$v":"%I:%M %p"},{"$i":"shortTimeFormat12","$v":"%I:%M %p"},{"$i":"shortTimeFormat24","$v":"%H:%M"},{"$i":"shortDateTimeFormat","$v":"%x %I:%M %p"},{"$i":"weekStartsOnMonday","$v":"0.0"},{"$i":"firstDayOfTheWeek","$v":"1.0"},{"$i":"time_am","$v":"AM"},{"$i":"time_pm","$v":"PM"}]