[{"$i":"setup-app-name-header","$v":"E-pošta"},{"$i":"setup-empty-account-message","$v":"Nemate postavke za slanje ili primanje poruka e-pošte. Postavite račun za dovršavanje te radnje."},{"$i":"setup-pick-service","$v":"Za slanje i primanje poruka e-pošte, trebat ćete postaviti račun."},{"$i":"setup-account-header3","$v":"Prijava na račun"},{"$i":"setup-account-password","$v":"Lozinka"},{"$i":"setup-info-next","$v":"Dalje"},{"$i":"setup-progress-wait-msg","$v":"Postavljanje računa"},{"$i":"setup-sync-progress-wait-msg","$v":"Sinkroniziranje računa"},{"$i":"setup-completed-header","$v":"Čestitamo!"},{"$i":"setup-completed-label","$v":"Gotovo!"},{"$i":"setup-add-another-account","$v":"Dodaj novi račun"},{"$i":"setup-show-mail","$v":"Nastavi na e-poštu"},{"$i":"setup-done-add","$v":"Dodaj račun"},{"$i":"setup-error-offline","$v":"Ovaj je uređaj trenutačno izvan mreže. Povežite se s mrežom i pokušajte ponovno."},{"$i":"setup-error-bad-user-or-pass2","$v":"Korisničko ime ili lozinka nisu valjani. Provjerite tipfelere."},{"$i":"setup-error-bad-address","$v":"Adresa e-pošte nije valjana. Provjerite tipfelere."},{"$i":"setup-error-not-authorized","$v":"Prema poslužitelju, niste ovlašteni za izradu računa"},{"$i":"setup-error-pop-server-not-great","$v":"Poslužitelj nije podržan. Poslužitelj POP3 nema potrebne značajke."},{"$i":"setup-error-unknown2","$v":"Pojavila se neočekivana pogreška. Provjerite mrežnu vezu ili isprobajte opciju ručne konfiguracije."},{"$i":"setup-error-needs-app-pass","$v":"Trebate koristiti posebnu lozinku za tu aplikaciju za dvostruke Gmail račune"},{"$i":"setup-error-imap-disabled","$v":"Trebate omogućiti IMAP za vaš Gmail račun"},{"$i":"setup-error-pop3-disabled","$v":"Trebate omogućiti POP3 za vaš Gmail račun"},{"$i":"setup-error-bad-security","$v":["Nije moguće uspostaviti sigurnu vezu s poslužiteljem „",{"t":"idOrVar","v":"server"},"“. Moguće je da postoji problem s vašom mrežom ili poslužiteljem."]},{"$i":"setup-error-unresponsive-server","$v":["Nije moguće uspostaviti vezu s poslužiteljem „",{"t":"idOrVar","v":"server"},"“. Moguće je da postoji problem s mrežom."]},{"$i":"setup-error-server-problem","$v":["Došlo je do problema s poslužiteljem „",{"t":"idOrVar","v":"server"},"“. Pokušajte ponovno kasnije."]},{"$i":"setup-error-no-config-info","$v":"Nije moguće automatski konfigurirati vaš račun. Ispravite adresu e-pošte ili pokušajte s opcijom ručne konfiguracije."},{"$i":"setup-error-server-maintenance","$v":["Poslužitelj „",{"t":"idOrVar","v":"server"},"“ je izvan mreže radi održavanja. Pokušajte ponovno kasnije."]},{"$i":"setup-error-account-already-exists","$v":"Ovaj račun već je konfiguriran."},{"$i":"setup-manual-config2","$v":"Napredno"},{"$i":"setup-manual-config-header","$v":"Prijava na račun"},{"$i":"setup-manual-account-type-header","$v":"Vrsta računa"},{"$i":"setup-manual-account-type","$v":"Vrsta računa"},{"$i":"setup-manual-account-type-select","ariaLabel":"Vrsta računa"},{"$i":"setup-manual-imap-header","$v":"Postavke IMAP-a"},{"$i":"setup-manual-pop3-header","$v":"Postavke POP3"},{"$i":"setup-manual-smtp-header","$v":"Postavke SMTP-a"},{"$i":"setup-manual-activesync-header","$v":"Postavke ActiveSync"},{"$i":"setup-manual-next","$v":"Dalje"},{"$i":"setup-manual-socket","$v":"Vrsta utičnice"},{"$i":"setup-manual-socket-ssl","$v":"SSL"},{"$i":"setup-manual-socket-starttls","$v":"STARTTLS"},{"$i":"setup-manual-socket-select","ariaLabel":"Sigurnost veze"},{"$i":"setup-manual-socket-plain","$v":"Nešifrirano"},{"$i":"setup-bad-password-header","$v":"Neispravna lozinka!"},{"$i":"setup-bad-password","$v":"Prijava u poslužitelj nije uspjela. Unesite lozinku ponovno."},{"$i":"setup-new-password","placeholder":"Nova lozinka"},{"$i":"setup-fix-password","$v":"Ponovi s novom lozinkom"},{"$i":"setup-gmail-twofactor-header","$v":"Dvostruki pristup omogućen"},{"$i":"setup-gmail-twofactor-message","$v":"U nastavku trebate unijeti posebnu lozinku za aplikaciju."},{"$i":"setup-gmail-imap-header","$v":"IMAP onemogućen"},{"$i":"setup-gmail-imap-message","$v":"Trebate omogućiti IMAP za vaš Gmail račun"},{"$i":"setup-gmail-retry","$v":"Ponovni pokušaj"},{"$i":"setup-gmail-pop3-header","$v":"POP3 onemogućen"},{"$i":"setup-gmail-pop3-message","$v":"Trebate omogućiti POP3 za vaš Gmail račun"},{"$i":"setup-fix-oauth2-header","$v":"Ponovno autoriziraj e-poštu"},{"$i":"setup-fix-oauth2-description","$v":"E-poštu je potrebno ponovno autorizirati za pristup sljedećem računu:"},{"$i":"setup-fix-oauth2-reauthorize","$v":"Autoriziraj ponovno"},{"$i":"settings-main-header","$v":"Postavke e-pošte"},{"$i":"settings-sub-header-account","$v":"Račun"},{"$i":"settings-account-group","ariaLabel":"Račun"},{"$i":"settings-account-name","$v":"Vaše ime"},{"$i":"settings-account-label","$v":"Oznaka računa"},{"$i":"settings-account-display-notifications","$v":"Prikaz obavijesti o novoj e-pošti"},{"$i":"settings-account-play-sound-onsend","$v":"Reproduciraj zvuk nakon slanja poruke"},{"$i":"settings-account-signature-label","$v":"Potpis"},{"$i":"settings-sub-header-data","$v":"Podaci"},{"$i":"settings-data-group","ariaLabel":"Podaci"},{"$i":"settings-account-check-mail","$v":"Provjeri ima li novih poruka"},{"$i":"settings-account-check-mail-select","ariaLabel":"Provjeri ima li novih poruka"},{"$i":"settings-sub-header-server","$v":"Postavke poslužitelja"},{"$i":"settings-server-group","ariaLabel":"Postavke poslužitelja"},{"$i":"settings-account-userpass","$v":"Korisničko ime i lozinka"},{"$i":"settings-account-useroauth2","$v":"Korisničko ime"},{"$i":"settings-default-signature-2","$v":"Poslano s mog telefona"},{"$i":"settings-done","$v":"Dovršeno"},{"$i":"settings-account-section","$v":"Računi"},{"$i":"settings-account-listbox","ariaLabel":"Računi"},{"$i":"settings-account-add","$v":"Dodaj"},{"$i":"settings-account-delete","$v":"Izbriši klijenta"},{"$i":"settings-account-delete-prompt","$v":["Jeste li sigurni da želite izbrisati račun e-pošte ",{"t":"idOrVar","v":"account"},"?"]},{"$i":"settings-account-delete-desc","$v":"Morate ponovno preuzeti e-poštu ako ponovite izradu računa."},{"$i":"settings-account-delete-cancel","$v":"Poništi"},{"$i":"settings-account-delete-confirm","$v":"Izbriši"},{"$i":"settings-account-clarify","$v":[{"t":"idOrVar","v":"account-name"}]},{"$i":"settings-account-clarify-imap","$v":[{"t":"idOrVar","v":"account-name"}," (IMAP)"]},{"$i":"settings-account-clarify-pop3","$v":[{"t":"idOrVar","v":"account-name"}," (POP3)"]},{"$i":"settings-account-clarify-smtp","$v":[{"t":"idOrVar","v":"account-name"}," (SMTP)"]},{"$i":"settings-general-section","$v":"Opće postavke"},{"$i":"settings-show-images","$v":"Uvijek prikaži poruke"},{"$i":"settings-download-attachments","$v":"Preuzmi ptivitke"},{"$i":"settings-check-every-5min","$v":"Svakih 5 minuta"},{"$i":"settings-check-every-10min","$v":"Svakih 10 minuta"},{"$i":"settings-check-every-15min","$v":"Svakih 15 minuta"},{"$i":"settings-check-every-30min","$v":"Svakih 30 minuta"},{"$i":"settings-check-every-60min","$v":"Svaki sat"},{"$i":"settings-check-every-manual","$v":"Ručno"},{"$i":"settings-check-dynamic","$v":{"few":["Broj sekundi: ",{"t":"idOrVar","v":"n"}],"many":["Broj sekundi: ",{"t":"idOrVar","v":"n"}],"one":["Broj sekundi: ",{"t":"idOrVar","v":"n"}],"other":["Broj sekundi: ",{"t":"idOrVar","v":"n"}],"two":["Broj sekundi: ",{"t":"idOrVar","v":"n"}],"zero":"onemogućeno"},"$x":[{"t":"idOrVar","v":"plural"},"n"]},{"$i":"settings-default-account","$v":"Postavi kao zadanu e-poštu"},{"$i":"settings-account-type","$v":"Vrsta računa"},{"$i":"settings-account-credentials","$v":"Vjerodajnice"},{"$i":"settings-activesync-label","$v":"Postavke ActiveSync"},{"$i":"settings-imap-label","$v":"Postavke IMAP-a"},{"$i":"settings-pop3-label","$v":"Postavke POP3"},{"$i":"settings-smtp-label","$v":"Postavke SMTP-a"},{"$i":"settings-hostname","$v":"Naziv glavnog računala"},{"$i":"settings-port","$v":"Priključak"},{"$i":"settings-username","$v":"Korisničko ime"},{"$i":"settings-password","$v":"Lozinka"},{"$i":"settings-save","$v":"Spremi"},{"$i":"password-saved","$v":"Zaporka je spremljena."},{"$i":"settings-reauth","$v":"Autoriziraj ponovno"},{"$i":"settings-account-synchronize-window","$v":"Broj dana do sinkronizacije"},{"$i":"settings-account-synchronize-window-select","ariaLabel":"Broj dana do sinronizacije"},{"$i":"settings-synchronize-auto","$v":"Automatski"},{"$i":"settings-synchronize-one-day","$v":"1 dan"},{"$i":"settings-synchronize-three-days","$v":"3 dana"},{"$i":"settings-synchronize-one-week","$v":"1 tjedan"},{"$i":"settings-synchronize-two-weeks","$v":"2 tjedna"},{"$i":"settings-synchronize-one-month","$v":"1 mjesec"},{"$i":"settings-synchronize-all","$v":"Sve poruke"},{"$i":"envelope-from","$v":"Od"},{"$i":"envelope-to","$v":"Primatelj"},{"$i":"envelope-cc","$v":"Kopija"},{"$i":"envelope-bcc","$v":"Skriv. kopija"},{"$i":"message-header-state-sending","ariaLabel":"Slanje"},{"$i":"message-header-state-error","ariaLabel":"Pogreška pri slanju"},{"$i":"message-header-unread","ariaLabel":"Nepročitano"},{"$i":"message-header-reply","ariaLabel":"Odgovori"},{"$i":"message-header-forward","ariaLabel":"Naprijed"},{"$i":"message-header-starred","ariaLabel":"Ima zvjezdicu"},{"$i":"message-header-attachments","ariaLabel":"Ima privitke"},{"$i":"message-body-container","ariaLabel":"Tijelo poruke"},{"$i":"message-body-container-progress","ariaValueText":"Učitavanje"},{"$i":"subject","ariaLabel":"Predmet"},{"$i":"attachments-container","ariaLabel":"Privici"},{"$i":"from-group","ariaLabel":"Od"},{"$i":"to-group","ariaLabel":"Primatelj"},{"$i":"cc-group","ariaLabel":"Kopija"},{"$i":"bcc-group","ariaLabel":"Skriv. kopija"},{"$i":"compose-header","$v":"Sastavi poruku"},{"$i":"compose-header-short","$v":"Sastavi"},{"$i":"compose-send","$v":"Pošalji"},{"$i":"compose-send-button","ariaLabel":"Pošalji"},{"$i":"compose-to","$v":"Primatelj"},{"$i":"compose-cc","$v":"Kopija"},{"$i":"compose-bcc","$v":"Skriv. kopija"},{"$i":"compose-cc-remove","$v":"Uklonjen je popis za kopiju."},{"$i":"compose-bcc-remove","$v":"Uklonjen je popis za skrivenu kopiju."},{"$i":"compose-contact-add","ariaLabel":"Dodaj kontakt"},{"$i":"compose-attachments","$v":{"few":["Privici (",{"t":"idOrVar","v":"n"},")"],"many":["Privici (",{"t":"idOrVar","v":"n"},")"],"one":["Privici (",{"t":"idOrVar","v":"n"},")"],"other":["Privici (",{"t":"idOrVar","v":"n"},")"],"two":["Privici (",{"t":"idOrVar","v":"n"},")"],"zero":"Privitak"},"$x":[{"t":"idOrVar","v":"plural"},"n"]},{"$i":"compose-text","ariaLabel":"Uredi"},{"$i":"compose-attachment-still-working","$v":"Pričekajte trenutak, još radimo na prethodnom privitku..."},{"$i":"compose-attachment-loading","$v":"Učitavanje privitka ..."},{"$i":"compose-attachments-loading","$v":"Učitavanje privitaka ..."},{"$i":"compose-forward-attachment-error-title","$v":"Preuzimanje nije uspjelo."},{"$i":"compose-forward-attachment-error-title2","$v":"Pogreška"},{"$i":"compose-forward-attachment-unable-load","$v":"Privitak nije moguće učitati."},{"$i":"compose-forward-attachments-unable-load","$v":"Privitke nije moguće učitati."},{"$i":"compose-forward-attachment-load-error","$v":"Neki se privici ne mogu učitati."},{"$i":"confirmation-title","$v":"Potvrda"},{"$i":"compose-subject","$v":"Predmet"},{"$i":"compose-draft-save","$v":"Spremiti u lokalne skice?"},{"$i":"compose-discard-confirm","$v":"Odbaci"},{"$i":"compose-draft-dialog-cancel","$v":"Poništi"},{"$i":"compose-draft-dialog-save","$v":"Spremi"},{"$i":"composer-draft-saved","$v":"Poruka spremljena u lokalne skice"},{"$i":"attention","$v":"Pozor"},{"$i":"compose-send-message-failed","$v":"Slanje e-pošte nije uspjelo"},{"$i":"compose-attchment-size-exceeded","$v":"Odabrani privitak je prevelik za slanje uz ovu poruku."},{"$i":"compose-attchments-size-exceeded","$v":"Odabrani privici su preveliki za slanje uz ovu poruku. Pokušajte odabrati manje datoteka."},{"$i":"composer-attachment-large-title","$v":"Datoteka je prevelika"},{"$i":"default-attachment-filename","$v":["privitak",{"t":"idOrVar","v":"n"}]},{"$i":"attachment-size-meb","$v":[{"t":"idOrVar","v":"megabytes"}," MB"]},{"$i":"attachment-size-kib","$v":[{"t":"idOrVar","v":"kilobytes"}," KB"]},{"$i":"attachment-size-byte","$v":[{"t":"idOrVar","v":"bytes"}," B"]},{"$i":"message-attachment-view","$v":"Prikaži"},{"$i":"message-attachment-did-not-open-label","$v":"Otvaranje nije moguće"},{"$i":"message-attachment-did-not-open-body","$v":"Uređaj nema aplikaciju koja ne može otvoriti privitak."},{"$i":"message-attachment-too-large","$v":"Ta je datoteka prevelika za preuzimanje."},{"$i":"message-attachment-not-found","$v":"Nije moguće pron. datoteku privitka, mog. je da je izb."},{"$i":"message-attachment-download-fail","$v":[{"t":"idOrVar","v":"fileName"}," -Preuzimanje nije uspjelo"]},{"$i":"message-no-subject","$v":"(bez predmeta)"},{"$i":"message-edit-menu-edit","$v":"Uredi"},{"$i":"message-edit-menu-delete","$v":"Izbriši"},{"$i":"message-edit-delete-confirm","$v":"Želite li izbrisati poruku e-pošte?"},{"$i":"message-forward-attachment-title","$v":"Privitak"},{"$i":"message-forward-attachment","$v":"Želite li i proslijediti privitak?"},{"$i":"message-forward-attachments","$v":"Želite li i proslijediti privitke?"},{"$i":"message-multiedit-header","$v":{"few":["Odabrano: ",{"t":"idOrVar","v":"n"}],"many":["Odabrano: ",{"t":"idOrVar","v":"n"}],"one":["Odabrano: ",{"t":"idOrVar","v":"n"}],"other":["Odabrano: ",{"t":"idOrVar","v":"n"}],"two":["Odabrano: ",{"t":"idOrVar","v":"n"}],"zero":["Odabrano: ",{"t":"idOrVar","v":"n"}]},"$x":[{"t":"idOrVar","v":"plural"},"n"]},{"$i":"message-multiedit-search-header","$v":{"few":["Odabrano: ",{"t":"idOrVar","v":"n"}],"many":["Odabrano: ",{"t":"idOrVar","v":"n"}],"one":["Odabrano: ",{"t":"idOrVar","v":"n"}],"other":["Odabrano: ",{"t":"idOrVar","v":"n"}],"two":["Odabrano: ",{"t":"idOrVar","v":"n"}],"zero":"0 odabrano"},"$x":[{"t":"idOrVar","v":"plural"},"n"]},{"$i":"browse-to-url-prompt","$v":["Pretražiti putem URL-a?: ",{"t":"idOrVar","v":"url"}]},{"$i":"message-download-images-tap","$v":{"few":["Ova poruka e-pošte sadrži sljedeći broj slika: ",{"t":"idOrVar","v":"n"},". Dodirnite za preuzimanje."],"many":["Ova poruka e-pošte sadrži sljedeći broj slika: ",{"t":"idOrVar","v":"n"},". Dodirnite za preuzimanje."],"one":"Ova poruka e-pošte sadrži jednu sliku. Dodirnite za preuzimanje.","other":["Ova poruka e-pošte sadrži sljedeći broj slika: ",{"t":"idOrVar","v":"n"},". Dodirnite za preuzimanje."],"two":["Ova poruka e-pošte sadrži sljedeći broj slika: ",{"t":"idOrVar","v":"n"},". Dodirnite za preuzimanje."]},"$x":[{"t":"idOrVar","v":"plural"},"n"]},{"$i":"message-show-external-images","$v":"Prikaži vanjske slike"},{"$i":"message-delete-cancel","$v":"Poništi"},{"$i":"message-multiedit-delete-confirm","$v":{"few":["Želite li izbrisati poruke: ",{"t":"idOrVar","v":"n"},"?"],"many":["Želite li izbrisati poruke: ",{"t":"idOrVar","v":"n"},"?"],"one":"Želite li izbrisati odabranu poruku?","other":["Želite li izbrisati poruke: ",{"t":"idOrVar","v":"n"},"?"],"two":["Želite li izbrisati poruke: ",{"t":"idOrVar","v":"n"},"?"]},"$x":[{"t":"idOrVar","v":"plural"},"n"]},{"$i":"message-large-message-cancel","$v":"Poništi"},{"$i":"message-large-message-ok","$v":"Nastavi"},{"$i":"message-large-message-confirm","$v":"Ova je poruka velika i možda će trebati neko vrijeme da se preuzme."},{"$i":"message-large-message-warning","$v":"Poruka je prev. za učit."},{"$i":"message-search-header","$v":"Traži"},{"$i":"search-result","$v":["Pronađena podudaranja: ",{"t":"idOrVar","v":"num"}]},{"$i":"message-search-from","$v":"Od"},{"$i":"message-search-to","$v":"Primatelj"},{"$i":"message-search-subject","$v":"Predmet"},{"$i":"message-search-body","$v":"Tijelo"},{"$i":"message-search-all","$v":"Sve"},{"$i":"message-search-input","placeholder":"Pretraži e-poštu"},{"$i":"message-search-cancel","$v":"Poništi"},{"$i":"messages-syncing","$v":"Učitavanje poruka"},{"$i":"messages-syncing-progressbar","ariaValueText":"Učitavanje poruka"},{"$i":"messages-load-more","$v":"Učitaj više poruka"},{"$i":"messages-folder-empty","$v":"U ovoj mapi nema poruka e-pošte"},{"$i":"messages-search-empty","$v":"Nema podudaranja u lokalnim predmemoriranim porukama"},{"$i":"messages-folder-select","$v":"Premjesti u mapu"},{"$i":"messages-folder-unread-max","$v":"999+"},{"$i":"message-contact-menu-create","$v":"Spremi novi kontakt"},{"$i":"message-contact-menu-add-existing","$v":"Dodaj u postojeći kontakt"},{"$i":"message-contact-menu-view","$v":"Prikaži kontakt"},{"$i":"message-contact-menu-reply","$v":"Odgovori"},{"$i":"message-contact-menu-new","$v":"Pošalji novu poruku e-pošte"},{"$i":"message-reply-menu-reply","$v":"Odgovori"},{"$i":"message-reply-menu-reply-all","$v":"Odgovori na sve"},{"$i":"message-reply-menu-forward","$v":"Naprijed"},{"$i":"message-reply-menu-cancel","$v":"Poništi"},{"$i":"reply-quoting-wrote","$v":"Osoba {name} napisala je"},{"$i":"forward-original-message","$v":"Izvorna poruka"},{"$i":"forward-header-subject","$v":"Predmet"},{"$i":"forward-header-date","$v":"Datum"},{"$i":"forward-header-from","$v":"Od"},{"$i":"forward-header-reply-to","$v":"Odgovori na"},{"$i":"forward-header-to","$v":"Primatelj"},{"$i":"forward-header-cc","$v":"Kopija"},{"$i":"folder-inbox","$v":"Ulazni spremnik"},{"$i":"folder-sent","$v":"Poslano"},{"$i":"folder-drafts","$v":"Nacrti"},{"$i":"folder-trash","$v":"Otpad"},{"$i":"folder-queue","$v":"Neposlane poruke"},{"$i":"folder-junk","$v":"Otpad"},{"$i":"folder-archives","$v":"Arhiva"},{"$i":"folder-localdrafts","$v":"Lokalne skice"},{"$i":"folder-outbox","$v":"Izlazna pošta"},{"$i":"drawer-back","$v":"Natrag"},{"$i":"drawer-accounts-header","$v":"Računi"},{"$i":"drawer-settings-link","$v":"Postavke"},{"$i":"folder-last-synced-label","$v":"Zadnja sinkronizacija:"},{"$i":"messages-refresh-progress","ariaValueText":"Osvježavanje"},{"$i":"no-internet-connection","$v":"Nema internetske veze."},{"$i":"toaster-undo","$v":"Poništi"},{"$i":"toaster-message-star","$v":{"few":["Poruke obilježene zastavicom: ",{"t":"idOrVar","v":"n"}],"many":["Poruke obilježene zastavicom: ",{"t":"idOrVar","v":"n"}],"one":"Poruka obilježena zastavicom","other":["Poruke obilježene zastavicom: ",{"t":"idOrVar","v":"n"}],"two":["Poruke obilježene zastavicom: ",{"t":"idOrVar","v":"n"}]},"$x":[{"t":"idOrVar","v":"plural"},"n"]},{"$i":"toaster-message-unstar","$v":{"few":["Uklonjene zastavice iz poruka: ",{"t":"idOrVar","v":"n"}],"many":["Uklonjene zastavice iz poruka: ",{"t":"idOrVar","v":"n"}],"one":"Uklonjena zastavica iz poruka","other":["Uklonjene zastavice iz poruka: ",{"t":"idOrVar","v":"n"}],"two":["Uklonjene zastavice iz poruka: ",{"t":"idOrVar","v":"n"}]},"$x":[{"t":"idOrVar","v":"plural"},"n"]},{"$i":"toaster-message-read","$v":{"few":["Poruke označene kao pročitane: ",{"t":"idOrVar","v":"n"}],"many":["Poruke označene kao pročitane: ",{"t":"idOrVar","v":"n"}],"one":"Poruka označena kao pročitana","other":["Poruke označene kao pročitane: ",{"t":"idOrVar","v":"n"}],"two":["Poruke označene kao pročitane: ",{"t":"idOrVar","v":"n"}]},"$x":[{"t":"idOrVar","v":"plural"},"n"]},{"$i":"toaster-message-unread","$v":{"few":["Poruke označene kao nepročitane: ",{"t":"idOrVar","v":"n"}],"many":["Poruke označene kao nepročitane: ",{"t":"idOrVar","v":"n"}],"one":"Poruke označene kao nepročitane","other":["Poruke označene kao nepročitane: ",{"t":"idOrVar","v":"n"}],"two":["Poruke označene kao nepročitane: ",{"t":"idOrVar","v":"n"}]},"$x":[{"t":"idOrVar","v":"plural"},"n"]},{"$i":"toaster-message-move","$v":{"few":["Poruke premještene u mapu: ",{"t":"idOrVar","v":"n"}],"many":["Poruke premještene u mapu: ",{"t":"idOrVar","v":"n"}],"one":"Poruka premještena u mapu:","other":["Poruke premještene u mapu: ",{"t":"idOrVar","v":"n"}],"two":["Poruke premještene u mapu: ",{"t":"idOrVar","v":"n"}]},"$x":[{"t":"idOrVar","v":"plural"},"n"]},{"$i":"toaster-message-delete","$v":{"few":["Izbrisane poruke e-pošte: ",{"t":"idOrVar","v":"n"}],"many":["Izbrisane poruke e-pošte: ",{"t":"idOrVar","v":"n"}],"one":"Izbrisana 1 poruka e-pošte","other":["Izbrisane poruke e-pošte: ",{"t":"idOrVar","v":"n"}],"two":["Izbrisane poruke e-pošte: ",{"t":"idOrVar","v":"n"}]},"$x":[{"t":"idOrVar","v":"plural"},"n"]},{"$i":"toaster-sync-failed","$v":"Nije se moguće povezati s poslužiteljem."},{"$i":"compose-invalid-addresses-title","$v":"Adrese nisu valjane"},{"$i":"compose-invalid-addresses-description","$v":"Vaša poruka sadrži jednu ili više poruka e-pošte koje nisu valjane. Ispravite ih prije slanja."},{"$i":"background-send-pending","$v":"Mreža nije dostupna. Poruka e-pošte spremljena je u izlaznu poštu."},{"$i":"background-send-sending","$v":"Slanje poruke e-pošte..."},{"$i":"background-send-success","$v":"Poruka e-pošte poslana."},{"$i":"background-send-error","$v":"Došlo je do pogreške. Poruka e-pošte spremljena je u izlaznu poštu."},{"$i":"background-send-error-recipients","$v":"Pogreška primatelja. Poruka e-pošte spremljena je u izlaznu poštu."},{"$i":"background-send-error-title","$v":"Slanje poruke e-pošte nije uspjelo"},{"$i":"send-failure-recipients","$v":"Provjerite pravopis adresa iznad. Vaš poslužitelj e-pošte naznačio je da je jedna ili više adresa navedenih iznad neispravno."},{"$i":"send-failure-unknown","$v":"Poruka se nije mogla poslati."},{"$i":"form-clear-input","$v":"Ukloni tekst"},{"$i":"confirm-dialog-title","$v":"Potvrda"},{"$i":"confirm-dialog-ok","$v":"U redu"},{"$i":"msg-display-subject","$v":"Predmet"},{"$i":"msg-reader-display-attachments","$v":"Privici"},{"$i":"msg-reader-display-attachment","$v":"Privitak"},{"$i":"msg-reader-download-external-images","$v":["Preuzmi vanjske slike (",{"t":"idOrVar","v":"n"}," MB)"]},{"$i":"msg-reader-sender-header","$v":"Od"},{"$i":"msg-reader-recipients-header","$v":"Primatelji"},{"$i":"msg-reader-cc-header","$v":"Kopija"},{"$i":"msg-reader-bcc-header","$v":"Skriv. kopija"},{"$i":"msg-reader-message-flagged","$v":"Poruka obilježena zastavicom"},{"$i":"msg-reader-flag-removed","$v":"Zastavica uklonjena"},{"$i":"external-image-downloading","$v":"Preuzimanje..."},{"$i":"senders-separation-sign","$v":", "},{"$i":"new-messages","$v":{"few":["Nove poruke: ",{"t":"idOrVar","v":"n"}],"many":["Nove poruke: ",{"t":"idOrVar","v":"n"}],"one":"1 nova poruka","other":["Nove poruke: ",{"t":"idOrVar","v":"n"}],"two":["Nove poruke: ",{"t":"idOrVar","v":"n"}]},"$x":[{"t":"idOrVar","v":"plural"},"n"]},{"$i":"new-emails-notify-one-account","$v":{"few":["Nove poruke e-pošte: ",{"t":"idOrVar","v":"n"}],"many":["Nove poruke e-pošte: ",{"t":"idOrVar","v":"n"}],"one":"1 nova poruka e-pošte","other":["Nove poruke e-pošte: ",{"t":"idOrVar","v":"n"}],"two":["Nove poruke e-pošte: ",{"t":"idOrVar","v":"n"}]},"$x":[{"t":"idOrVar","v":"plural"},"n"]},{"$i":"new-emails-notify-multiple-accounts","$v":{"few":["Nove poruke e-pošte: ",{"t":"idOrVar","v":"n"}," (",{"t":"idOrVar","v":"accountName"},")"],"many":["Nove poruke e-pošte: ",{"t":"idOrVar","v":"n"}," (",{"t":"idOrVar","v":"accountName"},")"],"one":["1 nova poruka e-pošte: (",{"t":"idOrVar","v":"accountName"},")"],"other":["Nove poruke e-pošte: ",{"t":"idOrVar","v":"n"}," (",{"t":"idOrVar","v":"accountName"},")"],"two":["Nove poruke e-pošte: ",{"t":"idOrVar","v":"n"}," (",{"t":"idOrVar","v":"accountName"},")"]},"$x":[{"t":"idOrVar","v":"plural"},"n"]},{"$i":"new-emails-notify-multiple-accounts-body","$v":[{"t":"idOrVar","v":"from"}," „",{"t":"idOrVar","v":"subject"},"“"]},{"$i":"tng-plain-socket-warning-title","$v":"Jeste li sigurni?"},{"$i":"tng-plain-socket-warning-message","$v":"Drugl ljudi moći će vidjeti vaše lozinke i poruke e-pošte ili upravljati vašim računom."},{"$i":"tng-plain-socket-warning-message-options","$v":"Postoji više besplatnih pružatelja e-pošte koji nude sigurnije, šifrirane veze."},{"$i":"tng-plain-socket-warning-ok","$v":"Razumijem"},{"$i":"message-reader-date-received","ariaLabel":"Primljeno"},{"$i":"sort-by-title","$v":"Sortiraj prema"},{"$i":"sort-by-date","$v":"Datum"},{"$i":"sort-by-from","$v":"Od"},{"$i":"sort-by-to","$v":"Primatelj"},{"$i":"sort-by-subject","$v":"Predmet"},{"$i":"softkey-options","$v":"Opcije"},{"$i":"opt-compose","$v":"Sastavi"},{"$i":"opt-reply","$v":"Odgovori"},{"$i":"opt-reply-all","$v":"Odgovori svima"},{"$i":"opt-forward","$v":"Naprijed"},{"$i":"opt-mark-read","$v":"Označi kao pročitano"},{"$i":"opt-mark-unread","$v":"Označi kao nepročitano"},{"$i":"opt-add-flag","$v":"Dodaj zastavicu"},{"$i":"opt-remove-flag","$v":"Ukloni zastavicu"},{"$i":"opt-move-message","$v":"Premjesti u mapu"},{"$i":"opt-delete-message","$v":"Izbriši"},{"$i":"opt-multi-select","$v":"Višestruki odabir"},{"$i":"opt-search","$v":"Traži"},{"$i":"opt-folders","$v":"Prikaži mape"},{"$i":"opt-sort","$v":"Sortiraj"},{"$i":"opt-sync","$v":"Sinkroniziraj"},{"$i":"opt-account","$v":"Prebaci račun"},{"$i":"opt-settings","$v":"Postavke"},{"$i":"opt-edit","$v":"Uredi"},{"$i":"opt-cancel","$v":"Poništi"},{"$i":"opt-save","$v":"Spremi"},{"$i":"opt-move","$v":"Premjesti"},{"$i":"opt-view","$v":"Prikaži"},{"$i":"opt-empty-trash","$v":"Isprazni koš za smeće"},{"$i":"opt-call-number","$v":"Nazovi"},{"$i":"opt-compose-mail","$v":"Sastavi"},{"$i":"opt-open-url","$v":"Otvori"},{"$i":"select-option-on","$v":"Uključeno"},{"$i":"select-option-off","$v":"Isključeno"},{"$i":"select-option-imap-smtp","$v":"IMAP+SMTP"},{"$i":"select-option-pop3-smtp","$v":"POP3+SMTP"},{"$i":"select-option-activesync","$v":"ActiveSync"},{"$i":"toaster-switch-account","$v":"Račun e-pošte prebačen na:"},{"$i":"toaster-sorted-by","$v":"Poruka sortirana prema"},{"$i":"cmp-reply","$v":"Odgovori"},{"$i":"cmp-reply-all","$v":"Odgovori svima"},{"$i":"cmp-forward","$v":"Proslijedi poruku"},{"$i":"cmp-remove-attach","$v":"Privitak uklonjen"},{"$i":"select","$v":"Odaberi"},{"$i":"deselect","$v":"Poništi odabir"},{"$i":"cancel","$v":"Poništi"},{"$i":"enter","$v":"Unos"},{"$i":"remove-attachment","$v":"Ukloni privitak"},{"$i":"replace-attachment","$v":"Zamijeni privitak"},{"$i":"add-attachment","$v":"Dodaj privitke"},{"$i":"add-contact","$v":"Dodaj kontakt"},{"$i":"add-cc","$v":"Dodaj kop."},{"$i":"remove-cc","$v":"Ukloni kop."},{"$i":"add-bcc","$v":"Dodaj skriv. kop."},{"$i":"remove-bcc","$v":"Ukloni skriv. kop."},{"$i":"attachment-download","$v":"Preuzmi"},{"$i":"attachment-share","$v":"Podijeli"},{"$i":"send-new-mail","$v":"Pošalji novu poruku e-pošte"},{"$i":"view-contact","$v":"Prikaži kontakt"},{"$i":"save-new-contact","$v":"Spremi novi kontakt"},{"$i":"add-to-exsiting-contact","$v":"Dodaj u postojeći kontakt"},{"$i":"no","$v":"Ne"},{"$i":"yes","$v":"Da"},{"$i":"retry","$v":"Ponovni pokušaj"},{"$i":"empty","$v":"Prazno"},{"$i":"empty-trash-confirm","$v":"Želite li isprazniti koš za smeće?"},{"$i":"trash-emptied","$v":"Koš za smeće ispražnjen"},{"$i":"next","$v":"Dalje"},{"$i":"welcome-header","$v":"E-pošta"},{"$i":"welcome-msg","$v":"Dobro došli u e-poštu."},{"$i":"welcome-msg-setup","$v":"Pritisnite Dalje za postavljanje računa e-pošte."},{"$i":"discard","$v":"Odbaci"},{"$i":"leave-this-page-warning-message","$v":"Želite li odbaciti informacije o računu e-pošte?"},{"$i":"finish","$v":"Završi"},{"$i":"setup-done-msg","$v":"Uspješno ste se prijavili. Želite li dodati novi račun?"},{"$i":"save-as-draft","$v":"Spremi kao nacrt"},{"$i":"show-password","$v":"Prikaži lozinku"},{"$i":"account-label","$v":"Oznaka računa"},{"$i":"folders","$v":"Mape"},{"$i":"security","$v":"Sigurnost"},{"$i":"port-number","$v":"Broj priključka"},{"$i":"domain-username","$v":"Domena/korisničko ime"},{"$i":"synchronizing","$v":"Sinkroniziranje…"},{"$i":"browse-mail","$v":"Pregledaj e-poštu"},{"$i":"never-sync","$v":"Lokalna mapa ne može se sin."},{"$i":"emptyDownloadFile","$v":"Nije moguće preuzeti ovu datoteku, moguće je da je prazna"},{"$i":"sync","$v":"Sinkroniziraj"},{"$i":"outbox-unsent-label","$v":{"few":["Neposlane poruke u izlaznoj pošti: ",{"t":"idOrVar","v":"n"}],"many":["Neposlane poruke u izlaznoj pošti: ",{"t":"idOrVar","v":"n"}],"one":"1 neposlana poruka u izlaznoj pošti","other":["Neposlane poruke u izlaznoj pošti: ",{"t":"idOrVar","v":"n"}],"two":"2 neposlane poruke u izlaznoj pošti"},"$x":[{"t":"idOrVar","v":"plural"},"n"]},{"$i":"storage-full-title","$v":"Pohrana puna"},{"$i":"storage-full-warning","$v":"Možete izbrisati neke medijske datoteke ili upravljati podacima aplikacija radi oslobađanja prostora."},{"$i":"storage-full","$v":"Pohr. tel. puna."},{"$i":"storage-sdcard-full","$v":"SD kartica je puna."},{"$i":"view-address","$v":"Prik. adresu"},{"$i":"mail-address-title","$v":"Adresa pošte"},{"$i":"mail-address","$v":[{"t":"idOrVar","v":"address"}]},{"$i":"value-name","$v":[{"t":"idOrVar","v":"name"}]},{"$i":"account-deleted","$v":"Račun je izbrisan."},{"$i":"account-reEnable","$v":"Račun već postoji. Želite li e-poštu na tom računu sinkronizirati?"},{"$i":"setup-account-usedInfo","$v":"Taj će račun koristiti dolje navedene aplikacije. To možete promijeniti u odjeljku Postavke>Račun."},{"$i":"setup-account-settingsInfo","$v":"Svaka aplikacija ima različite zadane intervale sinkroniziranja, provjerite postavke aplikacije."},{"$i":"app-calendar","$v":"Kalendar"},{"$i":"app-contacts","$v":"Kontakti"},{"$i":"app-email","$v":"E-pošta"},{"$i":"weekday-0-long","$v":"Nedjelja"},{"$i":"weekday-1-long","$v":"Ponedjeljak"},{"$i":"weekday-2-long","$v":"Utorak"},{"$i":"weekday-3-long","$v":"Srijeda"},{"$i":"weekday-4-long","$v":"Četvrtak"},{"$i":"weekday-5-long","$v":"Petak"},{"$i":"weekday-6-long","$v":"Subota"},{"$i":"weekday-0-short","$v":"Ned"},{"$i":"weekday-1-short","$v":"Pon"},{"$i":"weekday-2-short","$v":"Uto"},{"$i":"weekday-3-short","$v":"Sri"},{"$i":"weekday-4-short","$v":"Čet"},{"$i":"weekday-5-short","$v":"Pet"},{"$i":"weekday-6-short","$v":"Sub"},{"$i":"month-0-long","$v":"Siječanj"},{"$i":"month-1-long","$v":"Veljača"},{"$i":"month-2-long","$v":"Ožujak"},{"$i":"month-3-long","$v":"Travanj"},{"$i":"month-4-long","$v":"Svibanj"},{"$i":"month-5-long","$v":"Lipanj"},{"$i":"month-6-long","$v":"Srpanj"},{"$i":"month-7-long","$v":"Kolovoz"},{"$i":"month-8-long","$v":"Rujan"},{"$i":"month-9-long","$v":"Listopad"},{"$i":"month-10-long","$v":"Studeni"},{"$i":"month-11-long","$v":"Prosinac"},{"$i":"month-0-genitive","$v":"Siječanj"},{"$i":"month-1-genitive","$v":"Veljača"},{"$i":"month-2-genitive","$v":"Ožujak"},{"$i":"month-3-genitive","$v":"Travanj"},{"$i":"month-4-genitive","$v":"Svibanj"},{"$i":"month-5-genitive","$v":"Lipanj"},{"$i":"month-6-genitive","$v":"Srpanj"},{"$i":"month-7-genitive","$v":"Kolovoz"},{"$i":"month-8-genitive","$v":"Rujan"},{"$i":"month-9-genitive","$v":"Listopad"},{"$i":"month-10-genitive","$v":"Studeni"},{"$i":"month-11-genitive","$v":"Prosinac"},{"$i":"month-0-short","$v":"SIJEC."},{"$i":"month-1-short","$v":"VELJ."},{"$i":"month-2-short","$v":"OZUJ."},{"$i":"month-3-short","$v":"TRAV."},{"$i":"month-4-short","$v":"SVIB."},{"$i":"month-5-short","$v":"LIP."},{"$i":"month-6-short","$v":"SRP."},{"$i":"month-7-short","$v":"KOL."},{"$i":"month-8-short","$v":"RUJ."},{"$i":"month-9-short","$v":"LIST."},{"$i":"month-10-short","$v":"STUD."},{"$i":"month-11-short","$v":"PROS."},{"$i":"minutes-ago-long","$v":{"few":["Prije ",{"t":"idOrVar","v":"value"}," min"],"many":["Prije ",{"t":"idOrVar","v":"value"}," min"],"one":"prije 1 min","other":["Prije ",{"t":"idOrVar","v":"value"}," min"],"two":["Prije ",{"t":"idOrVar","v":"value"}," min"],"zero":"upravo sad"},"$x":[{"t":"idOrVar","v":"plural"},"value"]},{"$i":"hours-ago-long","$v":{"few":["Prije ",{"t":"idOrVar","v":"value"}," h"],"many":["Prije ",{"t":"idOrVar","v":"value"}," h"],"one":"prije jednog sata","other":["Prije ",{"t":"idOrVar","v":"value"}," h"],"two":["Prije ",{"t":"idOrVar","v":"value"}," h"],"zero":"upravo sad"},"$x":[{"t":"idOrVar","v":"plural"},"value"]},{"$i":"days-ago-long","$v":{"few":["Prije ",{"t":"idOrVar","v":"value"}," dana"],"many":["Prije ",{"t":"idOrVar","v":"value"}," dana"],"one":"jučer","other":["Prije ",{"t":"idOrVar","v":"value"}," dana"],"two":["Prije ",{"t":"idOrVar","v":"value"}," dana"],"zero":"danas"},"$x":[{"t":"idOrVar","v":"plural"},"value"]},{"$i":"weeks-ago-long","$v":{"few":["Prije ",{"t":"idOrVar","v":"value"}," tjed(a)na"],"many":["Prije ",{"t":"idOrVar","v":"value"}," tjed(a)na"],"one":"prošli tjedan","other":["Prije ",{"t":"idOrVar","v":"value"}," tjed(a)na"],"two":["Prije ",{"t":"idOrVar","v":"value"}," tjed(a)na"],"zero":"ovaj tjedan"},"$x":[{"t":"idOrVar","v":"plural"},"value"]},{"$i":"months-ago-long","$v":{"few":["Prije ",{"t":"idOrVar","v":"value"}," mjeseci(a)"],"many":["Prije ",{"t":"idOrVar","v":"value"}," mjeseci(a)"],"one":"prošli mjesec","other":["Prije ",{"t":"idOrVar","v":"value"}," mjeseci(a)"],"two":["Prije ",{"t":"idOrVar","v":"value"}," mjeseci(a)"],"zero":"ovaj mjesec"},"$x":[{"t":"idOrVar","v":"plural"},"value"]},{"$i":"years-ago-long","$v":{"few":["Prije ",{"t":"idOrVar","v":"value"}," godina"],"many":["Prije ",{"t":"idOrVar","v":"value"}," godina"],"one":"prošle godine","other":["Prije ",{"t":"idOrVar","v":"value"}," godina"],"two":["Prije ",{"t":"idOrVar","v":"value"}," godina"],"zero":"ova godina"},"$x":[{"t":"idOrVar","v":"plural"},"value"]},{"$i":"minutes-until-long","$v":{"few":["za ",{"t":"idOrVar","v":"value"}," min"],"many":["za ",{"t":"idOrVar","v":"value"}," min"],"one":"za minutu","other":["za ",{"t":"idOrVar","v":"value"}," min"],"two":["za ",{"t":"idOrVar","v":"value"}," min"],"zero":"sada"},"$x":[{"t":"idOrVar","v":"plural"},"value"]},{"$i":"hours-until-long","$v":{"few":["za ",{"t":"idOrVar","v":"value"}," h"],"many":["za ",{"t":"idOrVar","v":"value"}," h"],"one":"za sat vremena","other":["za ",{"t":"idOrVar","v":"value"}," h"],"two":["za ",{"t":"idOrVar","v":"value"}," h"],"zero":"sada"},"$x":[{"t":"idOrVar","v":"plural"},"value"]},{"$i":"days-until-long","$v":{"few":["za ",{"t":"idOrVar","v":"value"}," dana"],"many":["za ",{"t":"idOrVar","v":"value"}," dana"],"one":"sutra","other":["za ",{"t":"idOrVar","v":"value"}," dana"],"two":["za ",{"t":"idOrVar","v":"value"}," dana"],"zero":"danas"},"$x":[{"t":"idOrVar","v":"plural"},"value"]},{"$i":"weeks-until-long","$v":{"few":["za ",{"t":"idOrVar","v":"value"}," tjed(a)na"],"many":["za ",{"t":"idOrVar","v":"value"}," tjed(a)na"],"one":"sljedećeg tjedna","other":["za ",{"t":"idOrVar","v":"value"}," tjed(a)na"],"two":["za ",{"t":"idOrVar","v":"value"}," tjed(a)na"],"zero":"ovaj tjedan"},"$x":[{"t":"idOrVar","v":"plural"},"value"]},{"$i":"months-until-long","$v":{"few":["za ",{"t":"idOrVar","v":"value"}," mjeseci(a)"],"many":["za ",{"t":"idOrVar","v":"value"}," mjeseci(a)"],"one":"sljedećeg mjeseca","other":["za ",{"t":"idOrVar","v":"value"}," mjeseci(a)"],"two":["za ",{"t":"idOrVar","v":"value"}," mjeseci(a)"],"zero":"ovaj mjesec"},"$x":[{"t":"idOrVar","v":"plural"},"value"]},{"$i":"years-until-long","$v":{"few":["za ",{"t":"idOrVar","v":"value"}," godina"],"many":["za ",{"t":"idOrVar","v":"value"}," godina"],"one":"sljedeće godine","other":["za ",{"t":"idOrVar","v":"value"}," godina"],"two":["za ",{"t":"idOrVar","v":"value"}," godina"],"zero":"ova godina"},"$x":[{"t":"idOrVar","v":"plural"},"value"]},{"$i":"minutes-ago-short","$v":{"other":["Prije ",{"t":"idOrVar","v":"value"}," min"],"zero":"upravo sad"},"$x":[{"t":"idOrVar","v":"plural"},"value"]},{"$i":"hours-ago-short","$v":{"other":["Prije ",{"t":"idOrVar","v":"value"}," h"],"zero":"upravo sad"},"$x":[{"t":"idOrVar","v":"plural"},"value"]},{"$i":"days-ago-short","$v":{"other":["Prije ",{"t":"idOrVar","v":"value"}," dana"],"zero":"danas"},"$x":[{"t":"idOrVar","v":"plural"},"value"]},{"$i":"minutes-until-short","$v":{"other":["za ",{"t":"idOrVar","v":"value"}," min"],"zero":"sada"},"$x":[{"t":"idOrVar","v":"plural"},"value"]},{"$i":"hours-until-short","$v":{"other":["za ",{"t":"idOrVar","v":"value"}," h"],"zero":"sada"},"$x":[{"t":"idOrVar","v":"plural"},"value"]},{"$i":"days-until-short","$v":{"other":["za ",{"t":"idOrVar","v":"value"}," d."],"zero":"danas"},"$x":[{"t":"idOrVar","v":"plural"},"value"]},{"$i":"incorrectDate","$v":"(netočan datum)"},{"$i":"dateTimeFormat_%c","$v":"%a %b %e %Y %I:%M:%S %p"},{"$i":"dateTimeFormat_%x","$v":"%m/%d/%Y"},{"$i":"dateTimeFormat_%X","$v":"%I:%M:%S %p"},{"$i":"shortTimeFormat","$v":"%x %I:%M %p"},{"$i":"shortTimeFormat12","$v":"%x %I:%M %p"},{"$i":"shortTimeFormat24","$v":"%H:%M"},{"$i":"shortDateTimeFormat","$v":"%x %I:%M %p"},{"$i":"weekStartsOnMonday","$v":"0.0"},{"$i":"firstDayOfTheWeek","$v":"1.0"},{"$i":"time_am","$v":"AM"},{"$i":"time_pm","$v":"PM"}]