[{"$i":"setup-app-name-header","$v":"Էլ․ նամակ"},{"$i":"setup-empty-account-message","$v":"Դուք չունեք տեղադրված կարգավորումներ էլ․ նամակ ուղարկելու կամ ստանալու համար։ Տեղադրեք հաշիվ՝ գործողությունը կատարելու համար։"},{"$i":"setup-pick-service","$v":"Էլփոստ ուղարկելու և ստանալու համար, դուք պետք է տեղադրեք հաշիվ։"},{"$i":"setup-account-header3","$v":"Հաշվի Մուտք"},{"$i":"setup-account-password","$v":"Գաղտնաբառ"},{"$i":"setup-info-next","$v":"Հջրդ"},{"$i":"setup-progress-wait-msg","$v":"Հաշվի տեղադրում"},{"$i":"setup-sync-progress-wait-msg","$v":"Հաշվի համաժամեցում"},{"$i":"setup-completed-header","$v":"Շնորհավորում ենք։"},{"$i":"setup-completed-label","$v":"Արված է։"},{"$i":"setup-add-another-account","$v":"Ավլցն հշվ"},{"$i":"setup-show-mail","$v":"Անցնել Էլփոստին"},{"$i":"setup-done-add","$v":"Ավլցն հաշիվ"},{"$i":"setup-error-offline","$v":"Սարքն այս պահին ցանցից դուրս է: Միացեք ցանցին և կրկին փորձեք:"},{"$i":"setup-error-bad-user-or-pass2","$v":"Անվավեր օգտանուն կամ գաղտնաբառ։ Ստուգեք սխալները։"},{"$i":"setup-error-bad-address","$v":"Անվավեր էլփոստի հասցե։ Ստուգեք սխալները։"},{"$i":"setup-error-not-authorized","$v":"Համաձայն սերվերի՝ դուք լիազորված չեք հաշիվ ստեղծելու համար"},{"$i":"setup-error-pop-server-not-great","$v":"Սերվերը չի աջակցվում։ POP3 սերվերը չի իրականացնում պահաջնվող գործառույթները։"},{"$i":"setup-error-unknown2","$v":"Առաջացավ անհայտ սխալ։ Ստուգեք կապի առկայությունը կամ փորձեք կարգավորել ձեռքով։"},{"$i":"setup-error-needs-app-pass","$v":"Դուք պետք է օգտագործեք ծրագրին հատուկ գաղտնաբառ՝ երկակի պաշտանությամբ Gmail հաշիվների համար"},{"$i":"setup-error-imap-disabled","$v":"Դուք պետք է միացնեք IMAP-ը ձեր Gmail հաշվի համար"},{"$i":"setup-error-pop3-disabled","$v":"Դուք պետք է միացնեք POP3-ը ձեր Gmail հաշվի համար"},{"$i":"setup-error-bad-security","$v":["Չհաջողվեց տեղակայել անվտանգ կապ «",{"t":"idOrVar","v":"server"},"» սերվերի հետ։ Հնարավոր է՝ առկա է խնդիր ձեր ցանցի կամ սերվերի հետ։"]},{"$i":"setup-error-unresponsive-server","$v":["Չհաջողվեց տեղակայել կապ «",{"t":"idOrVar","v":"server"},"» սերվերի հետ։ Հնարավոր է՝ առկա է խնդիր ձեր ցանցի հետ։"]},{"$i":"setup-error-server-problem","$v":["«",{"t":"idOrVar","v":"server"},"» սերվերի հետ առկա է խնդիր։ Կրկին փորձեք ավելի ուշ։"]},{"$i":"setup-error-no-config-info","$v":"Չհաջողվեց ինքնաշխատ կարգավորել ձեր հաշիվը։ Ուղղեք ձեր էլփոստի հասցեն կամ փորձեք կարգավորել ձեռքով։"},{"$i":"setup-error-server-maintenance","$v":["«",{"t":"idOrVar","v":"server"},"» սերվերը ցանցից դուրս է՝ տեխնիկական պատճառներով։ Կրկին փորձեք ավելի ուշ։"]},{"$i":"setup-error-account-already-exists","$v":"Հաշիվն արդեն կարգավորված է։"},{"$i":"setup-manual-config2","$v":"Ընդլայնված"},{"$i":"setup-manual-config-header","$v":"Հաշվի Մուտք"},{"$i":"setup-manual-account-type-header","$v":"Հաշվի տեսակը"},{"$i":"setup-manual-account-type","$v":"Հաշվի տեսակը"},{"$i":"setup-manual-account-type-select","ariaLabel":"Հաշվի տեսակը"},{"$i":"setup-manual-imap-header","$v":"IMAP պարամետրեր"},{"$i":"setup-manual-pop3-header","$v":"POP3-ի պարամետրեր"},{"$i":"setup-manual-smtp-header","$v":"SMTP պարամետրեր"},{"$i":"setup-manual-activesync-header","$v":"ԱկտիվՀմժ պարամետրեր"},{"$i":"setup-manual-next","$v":"Հջրդ"},{"$i":"setup-manual-socket","$v":"Բնիկի տեսակը"},{"$i":"setup-manual-socket-ssl","$v":"SSL"},{"$i":"setup-manual-socket-starttls","$v":"STARTTLS"},{"$i":"setup-manual-socket-select","ariaLabel":"Կապի անվտանգություն"},{"$i":"setup-manual-socket-plain","$v":"Գաղտնագրված չէ"},{"$i":"setup-bad-password-header","$v":"Վատ գաղտնաբառ։"},{"$i":"setup-bad-password","$v":"Չհաջողվեց մուտք գործել սերվեր։ Կրկին փորձեք գաղտնաբառը։"},{"$i":"setup-new-password","placeholder":"Նոր գաղտնաբառ"},{"$i":"setup-fix-password","$v":"Կրկին փորձեք նոր գաղտնաբառով"},{"$i":"setup-gmail-twofactor-header","$v":"Երկակի պաշտպանությունը միացված է"},{"$i":"setup-gmail-twofactor-message","$v":"Դուք պետք է մուտքագրեք տվյալ ծրագրին հատուկ գաղտնաբառ ստորև։"},{"$i":"setup-gmail-imap-header","$v":"IMAP-ն անջատված է"},{"$i":"setup-gmail-imap-message","$v":"Դուք պետք է միացնեք ձեր Gmail հաշվի IMAP-ը"},{"$i":"setup-gmail-retry","$v":"Նորից փորձել"},{"$i":"setup-gmail-pop3-header","$v":"POP3-ն անջատված է"},{"$i":"setup-gmail-pop3-message","$v":"Դուք պետք է միացնեք ձեր Gmail հաշվի POP3-ը"},{"$i":"setup-fix-oauth2-header","$v":"Կրկին լիազորել էլփոստը"},{"$i":"setup-fix-oauth2-description","$v":"Անհրաժեշտ է կրկին լիազորել էլփոստը՝ հետևյալ հաշիվ մուտք գործելու համար․"},{"$i":"setup-fix-oauth2-reauthorize","$v":"Կրկին լիազորել"},{"$i":"settings-main-header","$v":"Էլփոստի պարամետրեր"},{"$i":"settings-sub-header-account","$v":"Հաշիվ"},{"$i":"settings-account-group","ariaLabel":"Հաշիվ"},{"$i":"settings-account-name","$v":"Ձեր անունը"},{"$i":"settings-account-label","$v":"Հաշվի պիտակ"},{"$i":"settings-account-display-notifications","$v":"Ցուցադրել նոր էլփոստի ծանուցումները"},{"$i":"settings-account-play-sound-onsend","$v":"Նվագարկել ազդանշան Հղրդգր ուղարկելուց հետո"},{"$i":"settings-account-signature-label","$v":"Ստորագրություն"},{"$i":"settings-sub-header-data","$v":"Տվյալներ"},{"$i":"settings-data-group","ariaLabel":"Տվյալներ"},{"$i":"settings-account-check-mail","$v":"Ստուգել նոր հղգրթյուն"},{"$i":"settings-account-check-mail-select","ariaLabel":"Ստուգել նոր հղգրթյուն"},{"$i":"settings-sub-header-server","$v":"Սերվերի պարամետրեր"},{"$i":"settings-server-group","ariaLabel":"Սերվերի պարամետրեր"},{"$i":"settings-account-userpass","$v":"Օգտանուն և գաղտնաբառ"},{"$i":"settings-account-useroauth2","$v":"Օգտանուն"},{"$i":"settings-default-signature-2","$v":"Ուղարկված է իմ հեռախոսից"},{"$i":"settings-done","$v":"Արվծ է"},{"$i":"settings-account-section","$v":"Հաշիվներ"},{"$i":"settings-account-listbox","ariaLabel":"Հաշիվներ"},{"$i":"settings-account-add","$v":"Ավլցն"},{"$i":"settings-account-delete","$v":"Ջնջել հաշիվը"},{"$i":"settings-account-delete-prompt","$v":["Իսկապես ջնջե՞լ ձեր ",{"t":"idOrVar","v":"account"}," էլփոստի հաշիվը։"]},{"$i":"settings-account-delete-desc","$v":"Դուք ստիպված կլինեք նորից ներբեռնել ձեր էլփոստը, եթե կրկնեք հաշվի ստեղծումը։"},{"$i":"settings-account-delete-cancel","$v":"Չեղարկել"},{"$i":"settings-account-delete-confirm","$v":"Ջնջել"},{"$i":"settings-account-clarify","$v":[{"t":"idOrVar","v":"account-name"}]},{"$i":"settings-account-clarify-imap","$v":[{"t":"idOrVar","v":"account-name"}," (IMAP)"]},{"$i":"settings-account-clarify-pop3","$v":[{"t":"idOrVar","v":"account-name"}," (POP3)"]},{"$i":"settings-account-clarify-smtp","$v":[{"t":"idOrVar","v":"account-name"}," (SMTP)"]},{"$i":"settings-general-section","$v":"Ընդհանուր պարամետրեր"},{"$i":"settings-show-images","$v":"Միշտ ցուցադրել պատկերները"},{"$i":"settings-download-attachments","$v":"Ներբեռնել կցորդները"},{"$i":"settings-check-every-5min","$v":"Ամեն 5 րոպեն"},{"$i":"settings-check-every-10min","$v":"Ամեն 10 րոպեն"},{"$i":"settings-check-every-15min","$v":"Ամեն 15 րոպեն"},{"$i":"settings-check-every-30min","$v":"Ամեն 30 րոպեն"},{"$i":"settings-check-every-60min","$v":"Ամեն ժամ"},{"$i":"settings-check-every-manual","$v":"Ձեռքով"},{"$i":"settings-check-dynamic","$v":{"few":[{"t":"idOrVar","v":"n"}," վայրկյան"],"many":[{"t":"idOrVar","v":"n"}," վայրկյան"],"one":[{"t":"idOrVar","v":"n"}," վայրկյան"],"other":[{"t":"idOrVar","v":"n"}," վայրկյան"],"two":[{"t":"idOrVar","v":"n"}," վայրկյան"],"zero":"անջատված է"},"$x":[{"t":"idOrVar","v":"plural"},"n"]},{"$i":"settings-default-account","$v":"Տեղակայել որպես կանխադրված էլփոստ"},{"$i":"settings-account-type","$v":"Հաշվի տեսակը"},{"$i":"settings-account-credentials","$v":"Մուտքի տվյալներ"},{"$i":"settings-activesync-label","$v":"ԱկտիվՀմժ պարամետրեր"},{"$i":"settings-imap-label","$v":"IMAP պարամետրեր"},{"$i":"settings-pop3-label","$v":"POP3-ի պարամետրեր"},{"$i":"settings-smtp-label","$v":"SMTP պարամետրեր"},{"$i":"settings-hostname","$v":"Հոսթի անունը"},{"$i":"settings-port","$v":"Միացք"},{"$i":"settings-username","$v":"Օգտանուն"},{"$i":"settings-password","$v":"Գղտնբռ"},{"$i":"settings-save","$v":"Պահել"},{"$i":"password-saved","$v":"Գաղտնաբառը պահվեց:"},{"$i":"settings-reauth","$v":"Կրկին լիազորել"},{"$i":"settings-account-synchronize-window","$v":"Օր՝ մինչ Հմժմլ"},{"$i":"settings-account-synchronize-window-select","ariaLabel":"Օր՝ մինչ Հմժմլ"},{"$i":"settings-synchronize-auto","$v":"Ինքնշխտ"},{"$i":"settings-synchronize-one-day","$v":"1 օր"},{"$i":"settings-synchronize-three-days","$v":"3 օր"},{"$i":"settings-synchronize-one-week","$v":"1 շաբաթ"},{"$i":"settings-synchronize-two-weeks","$v":"2 շաբաթ"},{"$i":"settings-synchronize-one-month","$v":"1 ամիս"},{"$i":"settings-synchronize-all","$v":"Բոլոր հաղորդագրությունները"},{"$i":"envelope-from","$v":"Ումից"},{"$i":"envelope-to","$v":"Ում"},{"$i":"envelope-cc","$v":"Պճ"},{"$i":"envelope-bcc","$v":"Ծպճ"},{"$i":"message-header-state-sending","ariaLabel":"Ուղարկում"},{"$i":"message-header-state-error","ariaLabel":"Ուղարկման սխալ"},{"$i":"message-header-unread","ariaLabel":"Ապաընթերցել"},{"$i":"message-header-reply","ariaLabel":"Պատասխանել"},{"$i":"message-header-forward","ariaLabel":"Փոխանցել"},{"$i":"message-header-starred","ariaLabel":"Ունի աստղ"},{"$i":"message-header-attachments","ariaLabel":"Ունի կցորդներ"},{"$i":"message-body-container","ariaLabel":"Հաղորդագրության տեքստը"},{"$i":"message-body-container-progress","ariaValueText":"Բեռնվում է"},{"$i":"subject","ariaLabel":"Թեմա"},{"$i":"attachments-container","ariaLabel":"Կցրդնր"},{"$i":"from-group","ariaLabel":"Ումից"},{"$i":"to-group","ariaLabel":"Ում"},{"$i":"cc-group","ariaLabel":"ՊՃ"},{"$i":"bcc-group","ariaLabel":"ԾՊՃ"},{"$i":"compose-header","$v":"Կազմել հաղորդագրություն"},{"$i":"compose-header-short","$v":"Կազմել"},{"$i":"compose-send","$v":"Ուղրկլ"},{"$i":"compose-send-button","ariaLabel":"Ուղրկլ"},{"$i":"compose-to","$v":"Ում"},{"$i":"compose-cc","$v":"Պճ"},{"$i":"compose-bcc","$v":"Ծպճ"},{"$i":"compose-cc-remove","$v":"Պատճենի ցանկը հեռացված է:"},{"$i":"compose-bcc-remove","$v":"Ծածկապատճենի ցանկը հեռացված է:"},{"$i":"compose-contact-add","ariaLabel":"Ավլցն կնտկտ"},{"$i":"compose-attachments","$v":{"few":["(",{"t":"idOrVar","v":"n"},") կցորդ"],"many":["(",{"t":"idOrVar","v":"n"},") կցորդ"],"one":["(",{"t":"idOrVar","v":"n"},") կցորդ"],"other":["(",{"t":"idOrVar","v":"n"},") կցորդ"],"two":["(",{"t":"idOrVar","v":"n"},") կցորդ"],"zero":"Կցորդ"},"$x":[{"t":"idOrVar","v":"plural"},"n"]},{"$i":"compose-text","ariaLabel":"Խմբգրլ"},{"$i":"compose-attachment-still-working","$v":"Մեկ րոպե։ Նախորդ կցորդը դեռ մշակվում է..."},{"$i":"compose-attachment-loading","$v":"Բեռնել հավելվածը ..."},{"$i":"compose-attachments-loading","$v":"Հավելվածները բեռնվում են ..."},{"$i":"compose-forward-attachment-error-title","$v":"Նրբռնմ չհջղվց:"},{"$i":"compose-forward-attachment-error-title2","$v":"Սխալ"},{"$i":"compose-forward-attachment-unable-load","$v":"Չհաջողվեց բեռնել կցորդը:"},{"$i":"compose-forward-attachments-unable-load","$v":"Չհաջողվեց բեռնել կցորդները:"},{"$i":"compose-forward-attachment-load-error","$v":"Մի քանի կցորդ չհաջողվեց բեռնել:"},{"$i":"confirmation-title","$v":"Հաստատում"},{"$i":"compose-subject","$v":"Թեմա"},{"$i":"compose-draft-save","$v":"Պահե՞լ տեղային սևագրերում։"},{"$i":"compose-discard-confirm","$v":"Հրաժարվել"},{"$i":"compose-draft-dialog-cancel","$v":"Չեղարկել"},{"$i":"compose-draft-dialog-save","$v":"Պահել"},{"$i":"composer-draft-saved","$v":"Հաղորդագրությունը պահվեց տեղային սևագրերում"},{"$i":"attention","$v":"Ուշադրություն"},{"$i":"compose-send-message-failed","$v":"Էլ․ նամակը չուղարկվեց"},{"$i":"compose-attchment-size-exceeded","$v":"Ընտրված կցորդը չափազանց մեծ է այս հաղորդագրությամբ ուղարկելու համար։"},{"$i":"compose-attchments-size-exceeded","$v":"Ընտրված կցորդները չափազանց մեծ են այս հաղորդագրությամբ ուղարկելու համար։ Փորձեք ընտրել ավելի քիչ քանակի ֆայլեր։"},{"$i":"composer-attachment-large-title","$v":"Ֆայլը չափազանց մեծ է"},{"$i":"default-attachment-filename","$v":["(",{"t":"idOrVar","v":"n"},")կցորդ"]},{"$i":"attachment-size-meb","$v":[{"t":"idOrVar","v":"megabytes"}," ՄԲ"]},{"$i":"attachment-size-kib","$v":[{"t":"idOrVar","v":"kilobytes"}," ԿԲ"]},{"$i":"attachment-size-byte","$v":[{"t":"idOrVar","v":"bytes"}," Բ"]},{"$i":"message-attachment-view","$v":"Դիտել"},{"$i":"message-attachment-did-not-open-label","$v":"Հնարավոր չէ բացել"},{"$i":"message-attachment-did-not-open-body","$v":"Սարքը չունի ծրագիր, որը կարող է բացել այս կցորդը։"},{"$i":"message-attachment-too-large","$v":"Ֆայլը չփզնց մեծ է ներբեռնելու հմր:"},{"$i":"message-attachment-not-found","$v":"Կցորդ ֆայլը չգտնվեց։ Հնարավոր է՝ ջնջված է։"},{"$i":"message-attachment-download-fail","$v":[{"t":"idOrVar","v":"fileName"}," -Նրբռնմ չհջղվց"]},{"$i":"message-no-subject","$v":"(թեմայի տղը դտրկ է)"},{"$i":"message-edit-menu-edit","$v":"Խմբգրլ"},{"$i":"message-edit-menu-delete","$v":"Ջնջել"},{"$i":"message-edit-delete-confirm","$v":"Ջնջե՞լ էլ․ նամակի հղրդգրությունը:"},{"$i":"message-forward-attachment-title","$v":"Կցորդ"},{"$i":"message-forward-attachment","$v":"Կցորդը նո՞ւյնպես փոխանցել:"},{"$i":"message-forward-attachments","$v":"Կցորդները նո՞ւյնպես փոխանցել:"},{"$i":"message-multiedit-header","$v":{"few":["Ընտրվեց ",{"t":"idOrVar","v":"n"}],"many":["Ընտրվեց ",{"t":"idOrVar","v":"n"}],"one":["Ընտրվեց ",{"t":"idOrVar","v":"n"}],"other":["Ընտրվեց ",{"t":"idOrVar","v":"n"}],"two":["Ընտրվեց ",{"t":"idOrVar","v":"n"}],"zero":["Ընտրվեց ",{"t":"idOrVar","v":"n"}]},"$x":[{"t":"idOrVar","v":"plural"},"n"]},{"$i":"message-multiedit-search-header","$v":{"few":["Ընտրվեց ",{"t":"idOrVar","v":"n"}],"many":["Ընտրվեց ",{"t":"idOrVar","v":"n"}],"one":["Ընտրվեց ",{"t":"idOrVar","v":"n"}],"other":["Ընտրվեց ",{"t":"idOrVar","v":"n"}],"two":["Ընտրվեց ",{"t":"idOrVar","v":"n"}],"zero":"Ընտրվեց 0"},"$x":[{"t":"idOrVar","v":"plural"},"n"]},{"$i":"browse-to-url-prompt","$v":["Բացե՞լ URL-ն: ",{"t":"idOrVar","v":"url"}]},{"$i":"message-download-images-tap","$v":{"few":["Էլ․ նամակը պարունակում է ",{"t":"idOrVar","v":"n"}," պատկեր։ Հպեք՝ ներբեռնելու համար։"],"many":["Էլ․ նամակը պարունակում է ",{"t":"idOrVar","v":"n"}," պատկեր։ Հպեք՝ ներբեռնելու համար։"],"one":"Էլ․ նամակը պարունակում է մեկ պատկեր։ Հպեք՝ ներբեռնելու համար։","other":["Էլ․ նամակը պարունակում է ",{"t":"idOrVar","v":"n"}," պատկեր։ Հպեք՝ ներբեռնելու համար։"],"two":["Էլ․ նամակը պարունակում է ",{"t":"idOrVar","v":"n"}," պատկեր։ Հպեք՝ ներբեռնելու համար։"]},"$x":[{"t":"idOrVar","v":"plural"},"n"]},{"$i":"message-show-external-images","$v":"Ցուցադրել արտաքին պատկերները"},{"$i":"message-delete-cancel","$v":"Չեղարկել"},{"$i":"message-multiedit-delete-confirm","$v":{"few":["Ջնջե՞լ ",{"t":"idOrVar","v":"n"}," հղրդգրթյն:"],"many":["Ջնջե՞լ ",{"t":"idOrVar","v":"n"}," հղրդգրթյն:"],"one":"Ջնջե՞լ ընտրված հղրդգրությունը:","other":["Ջնջե՞լ ",{"t":"idOrVar","v":"n"}," հղրդգրթյն:"],"two":["Ջնջե՞լ ",{"t":"idOrVar","v":"n"}," հղրդգրթյն:"]},"$x":[{"t":"idOrVar","v":"plural"},"n"]},{"$i":"message-large-message-cancel","$v":"Չեղարկել"},{"$i":"message-large-message-ok","$v":"Շարունակել"},{"$i":"message-large-message-confirm","$v":"Հաղորդագրությունը մեծ է և ներբեռնելու համար ժամանակ է պահանջվում։"},{"$i":"message-large-message-warning","$v":"Հաղորդագրությունը չափազանց մեծ է բեռնելու համար։"},{"$i":"message-search-header","$v":"Որոնել"},{"$i":"search-result","$v":["Գտավ ",{"t":"idOrVar","v":"num"}," համընկնում"]},{"$i":"message-search-from","$v":"Ումից"},{"$i":"message-search-to","$v":"Ում"},{"$i":"message-search-subject","$v":"Թեմա"},{"$i":"message-search-body","$v":"Տեքստ"},{"$i":"message-search-all","$v":"Բոլոր"},{"$i":"message-search-input","placeholder":"Որոնել էլ․ նամակ"},{"$i":"message-search-cancel","$v":"Չեղարկել"},{"$i":"messages-syncing","$v":"Հաղորդագրությունները բեռնվում են"},{"$i":"messages-syncing-progressbar","ariaValueText":"Հաղորդագրությունները բեռնվում են"},{"$i":"messages-load-more","$v":"Բեռնել ավելի շատ հաղորդագրություններ"},{"$i":"messages-folder-empty","$v":"Պանակում էլ․ նամակ չկա"},{"$i":"messages-search-empty","$v":"Տեղային քեշավորված հաղորդագրություններում համըկնում չկա"},{"$i":"messages-folder-select","$v":"Տղփխլ պնկ"},{"$i":"messages-folder-unread-max","$v":"999+"},{"$i":"message-contact-menu-create","$v":"Պհլ նոր կնտկտ"},{"$i":"message-contact-menu-add-existing","$v":"Ավլցն առկա կոնտակտին"},{"$i":"message-contact-menu-view","$v":"Դիտլ կնտկտ"},{"$i":"message-contact-menu-reply","$v":"Պատասխանել"},{"$i":"message-contact-menu-new","$v":"Ուղրկլ նոր էլ․ նամակ"},{"$i":"message-reply-menu-reply","$v":"Պատասխանել"},{"$i":"message-reply-menu-reply-all","$v":"Պտսխնլ բոլորին"},{"$i":"message-reply-menu-forward","$v":"Փոխանցել"},{"$i":"message-reply-menu-cancel","$v":"Չեղարկել"},{"$i":"reply-quoting-wrote","$v":"{name} գրել է"},{"$i":"forward-original-message","$v":"Բնօրինակ հաղորդագրություն"},{"$i":"forward-header-subject","$v":"Թեմա"},{"$i":"forward-header-date","$v":"Ամսթիվ"},{"$i":"forward-header-from","$v":"Ումից"},{"$i":"forward-header-reply-to","$v":"Պատասխանել"},{"$i":"forward-header-to","$v":"Ում"},{"$i":"forward-header-cc","$v":"Պճ"},{"$i":"folder-inbox","$v":"Մուտքի արկղ"},{"$i":"folder-sent","$v":"Ուղարկված"},{"$i":"folder-drafts","$v":"Սևագրեր"},{"$i":"folder-trash","$v":"Աղբարկղ"},{"$i":"folder-queue","$v":"Չուղարկված"},{"$i":"folder-junk","$v":"Թափոն"},{"$i":"folder-archives","$v":"Արխիվներ"},{"$i":"folder-localdrafts","$v":"Տեղային սևագրեր"},{"$i":"folder-outbox","$v":"Ելքի արկղ"},{"$i":"drawer-back","$v":"Հետ"},{"$i":"drawer-accounts-header","$v":"Հաշիվներ"},{"$i":"drawer-settings-link","$v":"Պարամետրեր"},{"$i":"folder-last-synced-label","$v":"Վերջին հմժմ՝"},{"$i":"messages-refresh-progress","ariaValueText":"Թրմցմ"},{"$i":"no-internet-connection","$v":"Ինտերնետ կապ չկա։"},{"$i":"toaster-undo","$v":"Հետարկել"},{"$i":"toaster-message-star","$v":{"few":["Մատնանշվեցին ",{"t":"idOrVar","v":"n"}," հաղորդագրություններ"],"many":["Մատնանշվեցին ",{"t":"idOrVar","v":"n"}," հաղորդագրություններ"],"one":"Հաղորդագրությունը մատնանշվեց","other":["Մատնանշվեցին ",{"t":"idOrVar","v":"n"}," հաղորդագրություններ"],"two":["Մատնանշվեցին ",{"t":"idOrVar","v":"n"}," հաղորդագրություններ"]},"$x":[{"t":"idOrVar","v":"plural"},"n"]},{"$i":"toaster-message-unstar","$v":{"few":["Հեռացվեցին ",{"t":"idOrVar","v":"n"}," հաղորդագրության դրոշներ"],"many":["Հեռացվեցին ",{"t":"idOrVar","v":"n"}," հաղորդագրության դրոշներ"],"one":"Հաղորդագրության դրոշը հեռացվեց","other":["Հեռացվեցին ",{"t":"idOrVar","v":"n"}," հաղորդագրության դրոշներ"],"two":["Հեռացվեցին ",{"t":"idOrVar","v":"n"}," հաղորդագրության դրոշներ"]},"$x":[{"t":"idOrVar","v":"plural"},"n"]},{"$i":"toaster-message-read","$v":{"few":[{"t":"idOrVar","v":"n"}," հաղորդագրություն նշվեց ընթեցված"],"many":[{"t":"idOrVar","v":"n"}," հաղորդագրություն նշվեց ընթեցված"],"one":"Հաղորդագրությունը նշվեց ընթեցված","other":[{"t":"idOrVar","v":"n"}," հաղորդագրություն նշվեց ընթեցված"],"two":[{"t":"idOrVar","v":"n"}," հաղորդագրություն նշվեց ընթեցված"]},"$x":[{"t":"idOrVar","v":"plural"},"n"]},{"$i":"toaster-message-unread","$v":{"few":[{"t":"idOrVar","v":"n"}," հաղորդագրություն նշվեց ապընթեցված"],"many":[{"t":"idOrVar","v":"n"}," հաղորդագրություն նշվեց ապընթեցված"],"one":"Հաղորդագրությունը նշվեց ապընթեցված","other":[{"t":"idOrVar","v":"n"}," հաղորդագրություն նշվեց ապընթեցված"],"two":[{"t":"idOrVar","v":"n"}," հաղորդագրություն նշվեց ապընթեցված"]},"$x":[{"t":"idOrVar","v":"plural"},"n"]},{"$i":"toaster-message-move","$v":{"few":[{"t":"idOrVar","v":"n"}," հաղորդագրություն տեղափոխվեց պանակ՝"],"many":[{"t":"idOrVar","v":"n"}," հաղորդագրություն տեղափոխվեց պանակ՝"],"one":"Հաղորդագրությունները տեղափոխվեցին պանակ՝","other":[{"t":"idOrVar","v":"n"}," հաղորդագրություն տեղափոխվեց պանակ՝"],"two":[{"t":"idOrVar","v":"n"}," հաղորդագրություն տեղափոխվեց պանակ՝"]},"$x":[{"t":"idOrVar","v":"plural"},"n"]},{"$i":"toaster-message-delete","$v":{"few":["Ջնջվեցին ",{"t":"idOrVar","v":"n"}," էլ․ նամակներ"],"many":["Ջնջվեցին ",{"t":"idOrVar","v":"n"}," էլ․ նամակներ"],"one":"Ջնջվեց 1 էլ․ նամակ","other":["Ջնջվեցին ",{"t":"idOrVar","v":"n"}," էլ․ նամակներ"],"two":["Ջնջվեցին ",{"t":"idOrVar","v":"n"}," էլ․ նամակներ"]},"$x":[{"t":"idOrVar","v":"plural"},"n"]},{"$i":"toaster-sync-failed","$v":"Չհաջողվեց միանալ սերվերին:"},{"$i":"compose-invalid-addresses-title","$v":"Անվավեր հասցեատերեր"},{"$i":"compose-invalid-addresses-description","$v":"Ձեր հաղորդագրությունը պարունակում է մեկ կամ մի քանի անվավեր էլփոստի հասեցատերեր։ Ուղղեք՝ նախքան ուղարկելը։"},{"$i":"background-send-pending","$v":"Կապ չկա։ Էլ․ նամակը պահվեց ելքի արկղում։"},{"$i":"background-send-sending","$v":"Էլ․ նամակն ուղարկվում է․․․"},{"$i":"background-send-success","$v":"Էլ․ նամակն ուղարկվեց։"},{"$i":"background-send-error","$v":"Սխալ առաջացավ։ Էլ․ նամակը պահվեց ելքի արկղում։"},{"$i":"background-send-error-recipients","$v":"Սխալ հասցեատեր։ Էլ․ նամակը պահվեց ելքի արկղում։"},{"$i":"background-send-error-title","$v":"Էլ․ նամակը չուղարկվեց"},{"$i":"send-failure-recipients","$v":"Ստուգեք վերոնշյալ հասցեատերերի ճշգրտությունը։ Ըստ ձեր էլ․ նամակի սերվերի՝ վերոնշյալ հասցեատերերից մեկը կամ մի քանիսը սխալ են։"},{"$i":"send-failure-unknown","$v":"Հաղորդագրությունը չհաջողվեց ուղարկել:"},{"$i":"form-clear-input","$v":"Հեռացնել տեքստը"},{"$i":"confirm-dialog-title","$v":"Հաստատում"},{"$i":"confirm-dialog-ok","$v":"OK"},{"$i":"msg-display-subject","$v":"Թեմա"},{"$i":"msg-reader-display-attachments","$v":"Կցրդնր"},{"$i":"msg-reader-display-attachment","$v":"Կցորդ"},{"$i":"msg-reader-download-external-images","$v":["Ներբեռնել արտաքին պատկերները (",{"t":"idOrVar","v":"n"}," ՄԲ)"]},{"$i":"msg-reader-sender-header","$v":"Ումից"},{"$i":"msg-reader-recipients-header","$v":"Ստցղներ"},{"$i":"msg-reader-cc-header","$v":"Պճ"},{"$i":"msg-reader-bcc-header","$v":"Ծպճ"},{"$i":"msg-reader-message-flagged","$v":"Հաղորդագրությունը մատնանշվեց"},{"$i":"msg-reader-flag-removed","$v":"Դրոշը հեռացվեց"},{"$i":"external-image-downloading","$v":"Ներբեռնվում է..."},{"$i":"senders-separation-sign","$v":", "},{"$i":"new-messages","$v":{"few":[{"t":"idOrVar","v":"n"}," նոր հղրդգրթյն"],"many":[{"t":"idOrVar","v":"n"}," նոր հղրդգրթյն"],"one":"1 նոր հղրդգրթյն","other":[{"t":"idOrVar","v":"n"}," նոր հղրդգրթյն"],"two":[{"t":"idOrVar","v":"n"}," նոր հղրդգրթյն"]},"$x":[{"t":"idOrVar","v":"plural"},"n"]},{"$i":"new-emails-notify-one-account","$v":{"few":[{"t":"idOrVar","v":"n"}," նոր էլ․ նամակ"],"many":[{"t":"idOrVar","v":"n"}," նոր էլ․ նամակ"],"one":"1 նոր էլ․ նամակ","other":[{"t":"idOrVar","v":"n"}," նոր էլ․ նամակ"],"two":[{"t":"idOrVar","v":"n"}," նոր էլ․ նամակ"]},"$x":[{"t":"idOrVar","v":"plural"},"n"]},{"$i":"new-emails-notify-multiple-accounts","$v":{"few":[{"t":"idOrVar","v":"n"}," նոր էլփոստ (",{"t":"idOrVar","v":"accountName"},")"],"many":[{"t":"idOrVar","v":"n"}," նոր էլփոստ (",{"t":"idOrVar","v":"accountName"},")"],"one":["1 նոր էլփոստ (",{"t":"idOrVar","v":"accountName"},")"],"other":[{"t":"idOrVar","v":"n"}," նոր էլփոստ (",{"t":"idOrVar","v":"accountName"},")"],"two":[{"t":"idOrVar","v":"n"}," նոր էլփոստ (",{"t":"idOrVar","v":"accountName"},")"]},"$x":[{"t":"idOrVar","v":"plural"},"n"]},{"$i":"new-emails-notify-multiple-accounts-body","$v":[{"t":"idOrVar","v":"from"}," «",{"t":"idOrVar","v":"subject"},"»"]},{"$i":"tng-plain-socket-warning-title","$v":"Համոզված՞ եք։"},{"$i":"tng-plain-socket-warning-message","$v":"Այլ անձիք կարող են տեսնել ձեր գաղտնաբառերը և էլ․ նամակները, կամ կառավարել ձեր հաշիվը։"},{"$i":"tng-plain-socket-warning-message-options","$v":"Կան բազմաթիվ, անվճար էլփոստի մատակարարներ, որոնք առաջարկում են ավելի անվտանգ, գաղտնագրված կապ։"},{"$i":"tng-plain-socket-warning-ok","$v":"Հասկանում եմ"},{"$i":"message-reader-date-received","ariaLabel":"Ստացված"},{"$i":"sort-by-title","$v":"Տեսկվր ըստ"},{"$i":"sort-by-date","$v":"Ամսթիվ"},{"$i":"sort-by-from","$v":"Ումից"},{"$i":"sort-by-to","$v":"Ում"},{"$i":"sort-by-subject","$v":"Թեմա"},{"$i":"softkey-options","$v":"Ընտրանքներ"},{"$i":"opt-compose","$v":"Կազմել"},{"$i":"opt-reply","$v":"Պատասխանել"},{"$i":"opt-reply-all","$v":"Պտսխնլ բոլորին"},{"$i":"opt-forward","$v":"Փոխանցել"},{"$i":"opt-mark-read","$v":"Նշել ընթերցված"},{"$i":"opt-mark-unread","$v":"Նշել ապընթերցված"},{"$i":"opt-add-flag","$v":"Ավելացնել դրոշ"},{"$i":"opt-remove-flag","$v":"Հեռացնել դրոշը"},{"$i":"opt-move-message","$v":"Տղփխլ պնկ"},{"$i":"opt-delete-message","$v":"Ջնջել"},{"$i":"opt-multi-select","$v":"Ընտրել բազմակի"},{"$i":"opt-search","$v":"Որոնել"},{"$i":"opt-folders","$v":"Դիտել պանակները"},{"$i":"opt-sort","$v":"Տեսկվր"},{"$i":"opt-sync","$v":"Հմժմել"},{"$i":"opt-account","$v":"Փոխել հաշիվը"},{"$i":"opt-settings","$v":"Պարամետրեր"},{"$i":"opt-edit","$v":"Խմբգրլ"},{"$i":"opt-cancel","$v":"Չեղարկել"},{"$i":"opt-save","$v":"Պահել"},{"$i":"opt-move","$v":"Տղփխլ"},{"$i":"opt-view","$v":"Դիտել"},{"$i":"opt-empty-trash","$v":"Դատարկել աղբարկղը"},{"$i":"opt-call-number","$v":"Կանչել"},{"$i":"opt-compose-mail","$v":"Կազմել"},{"$i":"opt-open-url","$v":"Բացել"},{"$i":"select-option-on","$v":"Մցնլ"},{"$i":"select-option-off","$v":"Անջտլ"},{"$i":"select-option-imap-smtp","$v":"IMAP+SMTP"},{"$i":"select-option-pop3-smtp","$v":"POP3+SMTP"},{"$i":"select-option-activesync","$v":"ԱկտիվՀմժմ"},{"$i":"toaster-switch-account","$v":"Էլփոստի հաշիվը փոխարինվեց հետևյալի՝"},{"$i":"toaster-sorted-by","$v":"Հաղորդագրությունները տեսակավորվեցին ըստ"},{"$i":"cmp-reply","$v":"Պատասխանել"},{"$i":"cmp-reply-all","$v":"Պտսխնլ բոլորին"},{"$i":"cmp-forward","$v":"Փոխանցել հաղորդագրությունը"},{"$i":"cmp-remove-attach","$v":"Կցորդը հեռացված է"},{"$i":"select","$v":"Ընտրել"},{"$i":"deselect","$v":"Ապընտրել"},{"$i":"cancel","$v":"Չեղարկել"},{"$i":"enter","$v":"Մուտք գործել"},{"$i":"remove-attachment","$v":"Հեռացնել կցորդները"},{"$i":"replace-attachment","$v":"Փոխարինել կցորդը"},{"$i":"add-attachment","$v":"Ավելացնել կցորդ"},{"$i":"add-contact","$v":"Ավլցն կնտկտ"},{"$i":"add-cc","$v":"Ավլցն Պճ"},{"$i":"remove-cc","$v":"Հեռացնել Պճ"},{"$i":"add-bcc","$v":"Ավլցն Ծպճ"},{"$i":"remove-bcc","$v":"Հեռացնել Ծպճ"},{"$i":"attachment-download","$v":"Ներբեռնել"},{"$i":"attachment-share","$v":"Հմօգտլ"},{"$i":"send-new-mail","$v":"Ուղրկլ նոր էլ․ նամակ"},{"$i":"view-contact","$v":"Դիտլ կնտկտ"},{"$i":"save-new-contact","$v":"Պհլ նոր կնտկտ"},{"$i":"add-to-exsiting-contact","$v":"Ավլցն առկա կոնտակտին"},{"$i":"no","$v":"Ոչ"},{"$i":"yes","$v":"Այո"},{"$i":"retry","$v":"Նրց փրձլ"},{"$i":"empty","$v":"Դատարկ"},{"$i":"empty-trash-confirm","$v":"Դատարկե՞լ աղբարկղը։"},{"$i":"trash-emptied","$v":"Աղբարկղը դատարկված է"},{"$i":"next","$v":"Հջրդ"},{"$i":"welcome-header","$v":"Էլ․ նամակ"},{"$i":"welcome-msg","$v":"Բարի գալուստ Էլփոստ։"},{"$i":"welcome-msg-setup","$v":"Սեղմեք Հաջորդ՝ ձեր էլփոստի հաշիվը տեղակայելու համար։"},{"$i":"discard","$v":"Հրաժարվել"},{"$i":"leave-this-page-warning-message","$v":"Հեռացնե՞լ էլփոստի հասցեի տեղեկությունները։"},{"$i":"finish","$v":"Ավարտել"},{"$i":"setup-done-msg","$v":"Դուք բարեհաջող մուտք գործեցիք։ Ուզո՞ւմ եք ավելացնել մեկ այլ հաշիվ։"},{"$i":"save-as-draft","$v":"Պահել որպես Սևագիր"},{"$i":"show-password","$v":"Ցուցադրել գաղտնաբառը"},{"$i":"account-label","$v":"Հաշվի պիտակ"},{"$i":"folders","$v":"Պանակներ"},{"$i":"security","$v":"Անվտնգթյ"},{"$i":"port-number","$v":"Միացքի համարը"},{"$i":"domain-username","$v":"Տիրույթ\\Օգտանուն"},{"$i":"synchronizing","$v":"Հմժմ…"},{"$i":"browse-mail","$v":"Որոնել էլփոստը"},{"$i":"never-sync","$v":"Տեղային պանակը չհամաժամեցվեց"},{"$i":"emptyDownloadFile","$v":"Չհաջողվեց ներբեռնել ֆայլը։ Հնարավոր է՝ այն դատարկ է։"},{"$i":"sync","$v":"Համաժամացնել"},{"$i":"outbox-unsent-label","$v":{"few":[{"t":"idOrVar","v":"n"}," չուղարկված հաղորդագրություն Ելքի արկղում"],"many":[{"t":"idOrVar","v":"n"}," չուղարկված հաղորդագրություն Ելքի արկղում"],"one":"1 չուղարկված հաղորդագրություն Ելքի արկղում","other":[{"t":"idOrVar","v":"n"}," չուղարկված հաղորդագրություն Ելքի արկղում"],"two":"2 չուղարկված հաղորդագրություն Ելքի արկղում"},"$x":[{"t":"idOrVar","v":"plural"},"n"]},{"$i":"storage-full-title","$v":"Պահոցը լիքն է"},{"$i":"storage-full-warning","$v":"Կարող եք ջնջել որոշ մեդիա ֆայլեր կամ կառավարել ծրագրի տվյալները՝ տարածք ազատելու համար:"},{"$i":"storage-full","$v":"Հեռախոսի պահոցը լիքն է։"},{"$i":"storage-sdcard-full","$v":"SD քարտը լիքն է։"},{"$i":"view-address","$v":"Դիտել հասցեն"},{"$i":"mail-address-title","$v":"Փոստի հասցե"},{"$i":"mail-address","$v":[{"t":"idOrVar","v":"address"}]},{"$i":"value-name","$v":[{"t":"idOrVar","v":"name"}]},{"$i":"account-deleted","$v":"Հաշվի ջնջված է:"},{"$i":"account-reEnable","$v":"Հաշիվն արդեն գոյություն ունի: Համաժամացնե՞լ այս հաշվի նամակները:"},{"$i":"setup-account-usedInfo","$v":"Այս հաշիվը կօգտագործվի ստորև ծրագրերի կողմից: Դուք կարող եք փոխել այն Պարամետրերի Հաշիվ բաժնում:"},{"$i":"setup-account-settingsInfo","$v":"Յուրաքանչյուր հավելված ունի համաժամելու տարբեր միջակայքեր: Ստուգեք հավելվածի կարգավորումներում:"},{"$i":"app-calendar","$v":"Օրացույց"},{"$i":"app-contacts","$v":"Կոնտակտներ"},{"$i":"app-email","$v":"Էլ․ նամակ"},{"$i":"weekday-0-long","$v":"Կիրակի"},{"$i":"weekday-1-long","$v":"Երկուշաբթի"},{"$i":"weekday-2-long","$v":"Երեքշաբթի"},{"$i":"weekday-3-long","$v":"Չորեքշաբթի"},{"$i":"weekday-4-long","$v":"Հինգշաբթի"},{"$i":"weekday-5-long","$v":"Ուրբաթ"},{"$i":"weekday-6-long","$v":"Շաբաթ"},{"$i":"weekday-0-short","$v":"Կիր"},{"$i":"weekday-1-short","$v":"Երկ"},{"$i":"weekday-2-short","$v":"Երք"},{"$i":"weekday-3-short","$v":"Չրք"},{"$i":"weekday-4-short","$v":"Հնգ"},{"$i":"weekday-5-short","$v":"Ուրբ"},{"$i":"weekday-6-short","$v":"Շբթ"},{"$i":"month-0-long","$v":"Հունվար"},{"$i":"month-1-long","$v":"Փետրվար"},{"$i":"month-2-long","$v":"Մարտ"},{"$i":"month-3-long","$v":"Ապրիլ"},{"$i":"month-4-long","$v":"Մյս"},{"$i":"month-5-long","$v":"Հունիս"},{"$i":"month-6-long","$v":"Հուլիս"},{"$i":"month-7-long","$v":"Օգոստոս"},{"$i":"month-8-long","$v":"Սեպտեմբեր"},{"$i":"month-9-long","$v":"Հոկտեմբեր"},{"$i":"month-10-long","$v":"Նոյեմբեր"},{"$i":"month-11-long","$v":"Դեկտեմբեր"},{"$i":"month-0-genitive","$v":"Հունվար"},{"$i":"month-1-genitive","$v":"Փետրվար"},{"$i":"month-2-genitive","$v":"Մարտ"},{"$i":"month-3-genitive","$v":"Ապրիլ"},{"$i":"month-4-genitive","$v":"Մյս"},{"$i":"month-5-genitive","$v":"Հունիս"},{"$i":"month-6-genitive","$v":"Հուլիս"},{"$i":"month-7-genitive","$v":"Օգոստոս"},{"$i":"month-8-genitive","$v":"Սեպտեմբեր"},{"$i":"month-9-genitive","$v":"Հոկտեմբեր"},{"$i":"month-10-genitive","$v":"Նոյեմբեր"},{"$i":"month-11-genitive","$v":"Դեկտեմբեր"},{"$i":"month-0-short","$v":"Հունվ"},{"$i":"month-1-short","$v":"Փետ"},{"$i":"month-2-short","$v":"Մրտ"},{"$i":"month-3-short","$v":"Ապլ"},{"$i":"month-4-short","$v":"Մյս"},{"$i":"month-5-short","$v":"Հուն"},{"$i":"month-6-short","$v":"Հուլ"},{"$i":"month-7-short","$v":"Օգս"},{"$i":"month-8-short","$v":"Սպտ"},{"$i":"month-9-short","$v":"Հոկտ"},{"$i":"month-10-short","$v":"Նոյ"},{"$i":"month-11-short","$v":"Դեկ"},{"$i":"minutes-ago-long","$v":{"few":[{"t":"idOrVar","v":"value"}," րոպե առաջ"],"many":[{"t":"idOrVar","v":"value"}," րոպե առաջ"],"one":"րոպե առաջ","other":[{"t":"idOrVar","v":"value"}," րոպե առաջ"],"two":[{"t":"idOrVar","v":"value"}," րոպե առաջ"],"zero":"հենց նոր"},"$x":[{"t":"idOrVar","v":"plural"},"value"]},{"$i":"hours-ago-long","$v":{"few":[{"t":"idOrVar","v":"value"}," ժամ առաջ"],"many":[{"t":"idOrVar","v":"value"}," ժամ առաջ"],"one":"մեկ ժամ առաջ","other":[{"t":"idOrVar","v":"value"}," ժամ առաջ"],"two":[{"t":"idOrVar","v":"value"}," ժամ առաջ"],"zero":"հենց նոր"},"$x":[{"t":"idOrVar","v":"plural"},"value"]},{"$i":"days-ago-long","$v":{"few":[{"t":"idOrVar","v":"value"}," օր առաջ"],"many":[{"t":"idOrVar","v":"value"}," օր առաջ"],"one":"երեկ","other":[{"t":"idOrVar","v":"value"}," օր առաջ"],"two":[{"t":"idOrVar","v":"value"}," օր առաջ"],"zero":"այսօր"},"$x":[{"t":"idOrVar","v":"plural"},"value"]},{"$i":"weeks-ago-long","$v":{"few":[{"t":"idOrVar","v":"value"}," շաբաթ առաջ"],"many":[{"t":"idOrVar","v":"value"}," շաբաթ առաջ"],"one":"անցյալ շաբաթ","other":[{"t":"idOrVar","v":"value"}," շաբաթ առաջ"],"two":[{"t":"idOrVar","v":"value"}," շաբաթ առաջ"],"zero":"այս շաբաթ"},"$x":[{"t":"idOrVar","v":"plural"},"value"]},{"$i":"months-ago-long","$v":{"few":[{"t":"idOrVar","v":"value"}," ամիս առաջ"],"many":[{"t":"idOrVar","v":"value"}," ամիս առաջ"],"one":"անցած ամիս","other":[{"t":"idOrVar","v":"value"}," ամիս առաջ"],"two":[{"t":"idOrVar","v":"value"}," ամիս առաջ"],"zero":"այս ամիս"},"$x":[{"t":"idOrVar","v":"plural"},"value"]},{"$i":"years-ago-long","$v":{"few":[{"t":"idOrVar","v":"value"}," տարի առաջ"],"many":[{"t":"idOrVar","v":"value"}," տարի առաջ"],"one":"անցյալ տարի","other":[{"t":"idOrVar","v":"value"}," տարի առաջ"],"two":[{"t":"idOrVar","v":"value"}," տարի առաջ"],"zero":"այս տարի"},"$x":[{"t":"idOrVar","v":"plural"},"value"]},{"$i":"minutes-until-long","$v":{"few":[{"t":"idOrVar","v":"value"}," րոպեից"],"many":[{"t":"idOrVar","v":"value"}," րոպեից"],"one":"մեկ րոպեից","other":[{"t":"idOrVar","v":"value"}," րոպեից"],"two":[{"t":"idOrVar","v":"value"}," րոպեից"],"zero":"հիմա"},"$x":[{"t":"idOrVar","v":"plural"},"value"]},{"$i":"hours-until-long","$v":{"few":[{"t":"idOrVar","v":"value"}," ժամից"],"many":[{"t":"idOrVar","v":"value"}," ժամից"],"one":"մեկ ժամից","other":[{"t":"idOrVar","v":"value"}," ժամից"],"two":[{"t":"idOrVar","v":"value"}," ժամից"],"zero":"հիմա"},"$x":[{"t":"idOrVar","v":"plural"},"value"]},{"$i":"days-until-long","$v":{"few":[{"t":"idOrVar","v":"value"}," օրից"],"many":[{"t":"idOrVar","v":"value"}," օրից"],"one":"վաղը","other":[{"t":"idOrVar","v":"value"}," օրից"],"two":[{"t":"idOrVar","v":"value"}," օրից"],"zero":"այսօր"},"$x":[{"t":"idOrVar","v":"plural"},"value"]},{"$i":"weeks-until-long","$v":{"few":[{"t":"idOrVar","v":"value"}," շաբաթից"],"many":[{"t":"idOrVar","v":"value"}," շաբաթից"],"one":"հաջորդ շաբաթ","other":[{"t":"idOrVar","v":"value"}," շաբաթից"],"two":[{"t":"idOrVar","v":"value"}," շաբաթից"],"zero":"այս շաբաթ"},"$x":[{"t":"idOrVar","v":"plural"},"value"]},{"$i":"months-until-long","$v":{"few":[{"t":"idOrVar","v":"value"}," ամսից"],"many":[{"t":"idOrVar","v":"value"}," ամսից"],"one":"հաջորդ ամիս","other":[{"t":"idOrVar","v":"value"}," ամսից"],"two":[{"t":"idOrVar","v":"value"}," ամսից"],"zero":"այս ամիս"},"$x":[{"t":"idOrVar","v":"plural"},"value"]},{"$i":"years-until-long","$v":{"few":[{"t":"idOrVar","v":"value"}," տարուց"],"many":[{"t":"idOrVar","v":"value"}," տարուց"],"one":"հաջորդ տարի","other":[{"t":"idOrVar","v":"value"}," տարուց"],"two":[{"t":"idOrVar","v":"value"}," տարուց"],"zero":"այս տարի"},"$x":[{"t":"idOrVar","v":"plural"},"value"]},{"$i":"minutes-ago-short","$v":{"other":[{"t":"idOrVar","v":"value"}," ր առաջ"],"zero":"հենց նոր"},"$x":[{"t":"idOrVar","v":"plural"},"value"]},{"$i":"hours-ago-short","$v":{"other":[{"t":"idOrVar","v":"value"}," ժ առաջ"],"zero":"հենց նոր"},"$x":[{"t":"idOrVar","v":"plural"},"value"]},{"$i":"days-ago-short","$v":{"other":[{"t":"idOrVar","v":"value"}," օր առաջ"],"zero":"այսօր"},"$x":[{"t":"idOrVar","v":"plural"},"value"]},{"$i":"minutes-until-short","$v":{"other":[{"t":"idOrVar","v":"value"}," ր-ից"],"zero":"հիմա"},"$x":[{"t":"idOrVar","v":"plural"},"value"]},{"$i":"hours-until-short","$v":{"other":[{"t":"idOrVar","v":"value"}," ժ-ից"],"zero":"հիմա"},"$x":[{"t":"idOrVar","v":"plural"},"value"]},{"$i":"days-until-short","$v":{"other":[{"t":"idOrVar","v":"value"}," օրից"],"zero":"այսօր"},"$x":[{"t":"idOrVar","v":"plural"},"value"]},{"$i":"incorrectDate","$v":"(սխալ ամսաթիվ)"},{"$i":"dateTimeFormat_%c","$v":"%a %b %e %Y %I:%M:%S %p"},{"$i":"dateTimeFormat_%x","$v":"%m/%d/%Y"},{"$i":"dateTimeFormat_%X","$v":"%I:%M:%S %p"},{"$i":"shortTimeFormat","$v":"%I:%M %p"},{"$i":"shortTimeFormat12","$v":"%I:%M %p"},{"$i":"shortTimeFormat24","$v":"%H:%M"},{"$i":"shortDateTimeFormat","$v":"%x %I:%M %p"},{"$i":"weekStartsOnMonday","$v":"0.0"},{"$i":"firstDayOfTheWeek","$v":"1.0"},{"$i":"time_am","$v":"AM"},{"$i":"time_pm","$v":"PM"}]