[{"$i":"setup-app-name-header","$v":"Póstur"},{"$i":"setup-empty-account-message","$v":"Sending og móttaka pósts er ekki uppsett. Settu upp reikn. til að ljúka aðgerðinni."},{"$i":"setup-pick-service","$v":"Setja þarf upp reikn. til að senda og taka á móti tölvupósti."},{"$i":"setup-account-header3","$v":"Innskráning reiknings"},{"$i":"setup-account-password","$v":"Aðgangsorð"},{"$i":"setup-info-next","$v":"Áfram"},{"$i":"setup-progress-wait-msg","$v":"Uppsetning reiknings"},{"$i":"setup-sync-progress-wait-msg","$v":"Samstilling reiknings"},{"$i":"setup-completed-header","$v":"Til hamingju!"},{"$i":"setup-completed-label","$v":"Lokið!"},{"$i":"setup-add-another-account","$v":"Bæta v. öðr. reikn."},{"$i":"setup-show-mail","$v":"Halda áfram í tölvup."},{"$i":"setup-done-add","$v":"Bæta við reikn."},{"$i":"setup-error-offline","$v":"Þetta tæki er ótengt eins og er. Tengstu neti og reyndu aftur."},{"$i":"setup-error-bad-user-or-pass2","$v":"Ógilt notandan. eða aðg.orð. Ath. innsl.villur."},{"$i":"setup-error-bad-address","$v":"Ógilt netfang. Ath. innsláttarvillur."},{"$i":"setup-error-not-authorized","$v":"Samkv. þjóni hefurðu ekki heimild til að stofna reikn."},{"$i":"setup-error-pop-server-not-great","$v":"Óstuddur þjónn. POP3-þjónn innleiðir ekki áskilda eiginleika."},{"$i":"setup-error-unknown2","$v":"Óþekkt villa kom upp. Kannaðu nettenginguna eða reyndu handvirka stillingu."},{"$i":"setup-error-needs-app-pass","$v":"Nota þarf tiltekið aðg.orð fyrir tvíþætta Gmail-reikn."},{"$i":"setup-error-imap-disabled","$v":"Kveikja þarf á IMAP fyrir Gmail-reikn."},{"$i":"setup-error-pop3-disabled","$v":"Kveikja þarf á POP3 fyrir Gmail-reikn."},{"$i":"setup-error-bad-security","$v":["Ekki er hægt að koma á öruggri tengingu við „",{"t":"idOrVar","v":"server"},"“. Hugsanlega er vandamál með net eða þjón."]},{"$i":"setup-error-unresponsive-server","$v":["Ekki er hægt að koma á tengingu við „",{"t":"idOrVar","v":"server"},"“. Hugsanlega er vandamál með net."]},{"$i":"setup-error-server-problem","$v":["Vandamál kom upp með þjón „",{"t":"idOrVar","v":"server"},"“. Reyndu aftur síðar."]},{"$i":"setup-error-no-config-info","$v":"Ekki er hægt að grunnstilla reikning. sjálfkr. Leiðréttu netfangið eða reyndu handv. stillingu."},{"$i":"setup-error-server-maintenance","$v":["Þjónninn „",{"t":"idOrVar","v":"server"},"“ er ótengdur vegna viðhalds. Reyndu aftur síðar."]},{"$i":"setup-error-account-already-exists","$v":"Reikn. er þegar grunnstilltur."},{"$i":"setup-manual-config2","$v":"Ítarlegt"},{"$i":"setup-manual-config-header","$v":"Innskráning reiknings"},{"$i":"setup-manual-account-type-header","$v":"Gerð reikn."},{"$i":"setup-manual-account-type","$v":"Gerð reikn."},{"$i":"setup-manual-account-type-select","ariaLabel":"Gerð reikn."},{"$i":"setup-manual-imap-header","$v":"IMAP-still."},{"$i":"setup-manual-pop3-header","$v":"POP3-stillingar"},{"$i":"setup-manual-smtp-header","$v":"SMTP-still."},{"$i":"setup-manual-activesync-header","$v":"Stillingar ActiveSync"},{"$i":"setup-manual-next","$v":"Áfram"},{"$i":"setup-manual-socket","$v":"Gerð innst."},{"$i":"setup-manual-socket-ssl","$v":"SSL"},{"$i":"setup-manual-socket-starttls","$v":"STARTTLS"},{"$i":"setup-manual-socket-select","ariaLabel":"Öryggi teng."},{"$i":"setup-manual-socket-plain","$v":"Ekki dulkóð."},{"$i":"setup-bad-password-header","$v":"Rangt aðgangsorð!"},{"$i":"setup-bad-password","$v":"Innskr. á þjón tókst ekki. Reyndu aftur."},{"$i":"setup-new-password","placeholder":"Nýtt aðgangsorð"},{"$i":"setup-fix-password","$v":"Reyna aftur með nýju aðg.orði"},{"$i":"setup-gmail-twofactor-header","$v":"Kveikt á tvíþætt."},{"$i":"setup-gmail-twofactor-message","$v":"Þú þarft að slá inn aðgangsorð forrits fyrir neðan."},{"$i":"setup-gmail-imap-header","$v":"Slökkt á IMAP"},{"$i":"setup-gmail-imap-message","$v":"Kveikja þarf á IMAP í Gmail-reikn."},{"$i":"setup-gmail-retry","$v":"Reyna aftur"},{"$i":"setup-gmail-pop3-header","$v":"Slökkt á POP3"},{"$i":"setup-gmail-pop3-message","$v":"Kveikja þarf á POP3 í Gmail-reikn."},{"$i":"setup-fix-oauth2-header","$v":"Endurheimila póst"},{"$i":"setup-fix-oauth2-description","$v":"Endurheimila þarf tölvupóst til að opna eftirf. reikning:"},{"$i":"setup-fix-oauth2-reauthorize","$v":"Endurheimila"},{"$i":"settings-main-header","$v":"Still. tölvupósts"},{"$i":"settings-sub-header-account","$v":"Reikn."},{"$i":"settings-account-group","ariaLabel":"Reikn."},{"$i":"settings-account-name","$v":"Þitt nafn"},{"$i":"settings-account-label","$v":"Merkimiði reikn."},{"$i":"settings-account-display-notifications","$v":"Birta nýjar tölvupóststilkynningar"},{"$i":"settings-account-play-sound-onsend","$v":"Spila hljóð þegar skilab. eru send"},{"$i":"settings-account-signature-label","$v":"Undirskrift"},{"$i":"settings-sub-header-data","$v":"Gögn"},{"$i":"settings-data-group","ariaLabel":"Gögn"},{"$i":"settings-account-check-mail","$v":"Ath. ný skilaboð"},{"$i":"settings-account-check-mail-select","ariaLabel":"Ath. ný skilaboð"},{"$i":"settings-sub-header-server","$v":"Þjónsstillingar"},{"$i":"settings-server-group","ariaLabel":"Þjónsstillingar"},{"$i":"settings-account-userpass","$v":"Notandan. og aðgangsorð"},{"$i":"settings-account-useroauth2","$v":"Notandanafn"},{"$i":"settings-default-signature-2","$v":"Sent úr símanum mínum"},{"$i":"settings-done","$v":"Lokið"},{"$i":"settings-account-section","$v":"Reikn."},{"$i":"settings-account-listbox","ariaLabel":"Reikn."},{"$i":"settings-account-add","$v":"Bæta við"},{"$i":"settings-account-delete","$v":"Eyða reikn."},{"$i":"settings-account-delete-prompt","$v":["Viltu örugglega eyða ",{"t":"idOrVar","v":"account"},"-tölvup.reikningnum?"]},{"$i":"settings-account-delete-desc","$v":"Þú þarft að hlaða tölvup. aftur niður ef reikn. er stofnaður aftur."},{"$i":"settings-account-delete-cancel","$v":"H. við"},{"$i":"settings-account-delete-confirm","$v":"Eyða"},{"$i":"settings-account-clarify","$v":[{"t":"idOrVar","v":"account-name"}]},{"$i":"settings-account-clarify-imap","$v":[{"t":"idOrVar","v":"account-name"}," (IMAP)"]},{"$i":"settings-account-clarify-pop3","$v":[{"t":"idOrVar","v":"account-name"}," (POP3)"]},{"$i":"settings-account-clarify-smtp","$v":[{"t":"idOrVar","v":"account-name"}," (SMTP)"]},{"$i":"settings-general-section","$v":"Alm. stillingar"},{"$i":"settings-show-images","$v":"Sýna alltaf myndir"},{"$i":"settings-download-attachments","$v":"Hlaða niður viðhengjum"},{"$i":"settings-check-every-5min","$v":"Á 5 mín. fresti"},{"$i":"settings-check-every-10min","$v":"Á 10 mín. fresti"},{"$i":"settings-check-every-15min","$v":"Á 15 mín. fresti"},{"$i":"settings-check-every-30min","$v":"Á 30 mín. fresti"},{"$i":"settings-check-every-60min","$v":"Á klst. fresti"},{"$i":"settings-check-every-manual","$v":"Handv."},{"$i":"settings-check-dynamic","$v":{"few":[{"t":"idOrVar","v":"n"}," sek."],"many":[{"t":"idOrVar","v":"n"}," sek."],"one":[{"t":"idOrVar","v":"n"}," sek."],"other":[{"t":"idOrVar","v":"n"}," sek."],"two":[{"t":"idOrVar","v":"n"}," sek."],"zero":"óvirkt"},"$x":[{"t":"idOrVar","v":"plural"},"n"]},{"$i":"settings-default-account","$v":"Velja s. sjálfgef. tölvup."},{"$i":"settings-account-type","$v":"Gerð reikn."},{"$i":"settings-account-credentials","$v":"Innskrán.upplýs."},{"$i":"settings-activesync-label","$v":"Stillingar ActiveSync"},{"$i":"settings-imap-label","$v":"IMAP-still."},{"$i":"settings-pop3-label","$v":"POP3-stillingar"},{"$i":"settings-smtp-label","$v":"SMTP-still."},{"$i":"settings-hostname","$v":"Hýsitölva"},{"$i":"settings-port","$v":"Gátt"},{"$i":"settings-username","$v":"Notandanafn"},{"$i":"settings-password","$v":"Aðgangsorð"},{"$i":"settings-save","$v":"Vista"},{"$i":"password-saved","$v":"Lykilorð vistað."},{"$i":"settings-reauth","$v":"Endurheimila"},{"$i":"settings-account-synchronize-window","$v":"Dagar til samst."},{"$i":"settings-account-synchronize-window-select","ariaLabel":"Dagar til samst."},{"$i":"settings-synchronize-auto","$v":"Sjálfv."},{"$i":"settings-synchronize-one-day","$v":"1 dagur"},{"$i":"settings-synchronize-three-days","$v":"3 dagar"},{"$i":"settings-synchronize-one-week","$v":"1 vika"},{"$i":"settings-synchronize-two-weeks","$v":"2 vikur"},{"$i":"settings-synchronize-one-month","$v":"1 mán."},{"$i":"settings-synchronize-all","$v":"Öll skilaboð"},{"$i":"envelope-from","$v":"Frá"},{"$i":"envelope-to","$v":"Til"},{"$i":"envelope-cc","$v":"Afr."},{"$i":"envelope-bcc","$v":"Fal. afr."},{"$i":"message-header-state-sending","ariaLabel":"Sendir"},{"$i":"message-header-state-error","ariaLabel":"Villa við send."},{"$i":"message-header-unread","ariaLabel":"Ólesið"},{"$i":"message-header-reply","ariaLabel":"Svara"},{"$i":"message-header-forward","ariaLabel":"Framsenda"},{"$i":"message-header-starred","ariaLabel":"Með stjörnu"},{"$i":"message-header-attachments","ariaLabel":"Með viðhengi"},{"$i":"message-body-container","ariaLabel":"Meginmál skilab."},{"$i":"message-body-container-progress","ariaValueText":"Hleður"},{"$i":"subject","ariaLabel":"Efni"},{"$i":"attachments-container","ariaLabel":"Viðhengi"},{"$i":"from-group","ariaLabel":"Frá"},{"$i":"to-group","ariaLabel":"Til"},{"$i":"cc-group","ariaLabel":"AFR."},{"$i":"bcc-group","ariaLabel":"FAL. AFR."},{"$i":"compose-header","$v":"Skrifa skilaboð"},{"$i":"compose-header-short","$v":"Skrifa"},{"$i":"compose-send","$v":"Senda"},{"$i":"compose-send-button","ariaLabel":"Senda"},{"$i":"compose-to","$v":"Til"},{"$i":"compose-cc","$v":"Afr."},{"$i":"compose-bcc","$v":"Fal. afr."},{"$i":"compose-cc-remove","$v":"Cc-listinn fjarlægður."},{"$i":"compose-bcc-remove","$v":"Bcc-listinn fjarlægður."},{"$i":"compose-contact-add","ariaLabel":"Bæta tengil. við"},{"$i":"compose-attachments","$v":{"few":["Viðhengi (",{"t":"idOrVar","v":"n"},")"],"many":["Viðhengi (",{"t":"idOrVar","v":"n"},")"],"one":["Viðhengi (",{"t":"idOrVar","v":"n"},")"],"other":["Viðhengi (",{"t":"idOrVar","v":"n"},")"],"two":["Viðhengi (",{"t":"idOrVar","v":"n"},")"],"zero":"Viðhengi"},"$x":[{"t":"idOrVar","v":"plural"},"n"]},{"$i":"compose-text","ariaLabel":"Br."},{"$i":"compose-attachment-still-working","$v":"Augnablik, vinnur með fyrra viðhengi ..."},{"$i":"compose-attachment-loading","$v":"Hleður viðhengi ..."},{"$i":"compose-attachments-loading","$v":"Hleður viðhengi ..."},{"$i":"compose-forward-attachment-error-title","$v":"Niðurhal mist."},{"$i":"compose-forward-attachment-error-title2","$v":"Villa"},{"$i":"compose-forward-attachment-unable-load","$v":"Ekki tókst að hlaða viðhengi."},{"$i":"compose-forward-attachments-unable-load","$v":"Ekki tókst að hlaða viðhengi."},{"$i":"compose-forward-attachment-load-error","$v":"Ekki tókst að hlaða sum viðhengi."},{"$i":"confirmation-title","$v":"Staðfesting"},{"$i":"compose-subject","$v":"Efni"},{"$i":"compose-draft-save","$v":"Vista í staðb. drögum?"},{"$i":"compose-discard-confirm","$v":"Fleygja"},{"$i":"compose-draft-dialog-cancel","$v":"H. við"},{"$i":"compose-draft-dialog-save","$v":"Vista"},{"$i":"composer-draft-saved","$v":"Skilab. vistuð í staðb. drögum"},{"$i":"attention","$v":"Athugið"},{"$i":"compose-send-message-failed","$v":"Mist. að senda tölvup."},{"$i":"compose-attchment-size-exceeded","$v":"Valið viðh. er of stórt til að senda með þessum skilab."},{"$i":"compose-attchments-size-exceeded","$v":"Valin viðh. eru of stór til að senda með þessum skilab. Reyndu að velja færri skrár."},{"$i":"composer-attachment-large-title","$v":"Skrá of stór"},{"$i":"default-attachment-filename","$v":["viðhengi",{"t":"idOrVar","v":"n"}]},{"$i":"attachment-size-meb","$v":[{"t":"idOrVar","v":"megabytes"}," MB"]},{"$i":"attachment-size-kib","$v":[{"t":"idOrVar","v":"kilobytes"}," KB"]},{"$i":"attachment-size-byte","$v":[{"t":"idOrVar","v":"bytes"}," B"]},{"$i":"message-attachment-view","$v":"Skoða"},{"$i":"message-attachment-did-not-open-label","$v":"Ekki hægt að opna"},{"$i":"message-attachment-did-not-open-body","$v":"Tækið er ekki með forrit til að opna þetta viðhengi."},{"$i":"message-attachment-too-large","$v":"Skráin er of stór til að hlaða niður."},{"$i":"message-attachment-not-found","$v":"Viðhengd skrá finnst ekki, henni hefur kannski verið eytt."},{"$i":"message-attachment-download-fail","$v":[{"t":"idOrVar","v":"fileName"}," -Niðurhal mistókst"]},{"$i":"message-no-subject","$v":"(ekkert efni)"},{"$i":"message-edit-menu-edit","$v":"Br."},{"$i":"message-edit-menu-delete","$v":"Eyða"},{"$i":"message-edit-delete-confirm","$v":"Eyða tölvupósti?"},{"$i":"message-forward-attachment-title","$v":"Viðhengi"},{"$i":"message-forward-attachment","$v":"Áframsenda viðhengi líka?"},{"$i":"message-forward-attachments","$v":"Áframsenda viðhengi líka?"},{"$i":"message-multiedit-header","$v":{"few":[{"t":"idOrVar","v":"n"}," valin"],"many":[{"t":"idOrVar","v":"n"}," valin"],"one":[{"t":"idOrVar","v":"n"}," valin"],"other":[{"t":"idOrVar","v":"n"}," valin"],"two":[{"t":"idOrVar","v":"n"}," valin"],"zero":[{"t":"idOrVar","v":"n"}," valin"]},"$x":[{"t":"idOrVar","v":"plural"},"n"]},{"$i":"message-multiedit-search-header","$v":{"few":[{"t":"idOrVar","v":"n"}," valin"],"many":[{"t":"idOrVar","v":"n"}," valin"],"one":[{"t":"idOrVar","v":"n"}," valin"],"other":[{"t":"idOrVar","v":"n"}," valin"],"two":[{"t":"idOrVar","v":"n"}," valin"],"zero":"0 valið"},"$x":[{"t":"idOrVar","v":"plural"},"n"]},{"$i":"browse-to-url-prompt","$v":["Fletta að vefsl.?: ",{"t":"idOrVar","v":"url"}]},{"$i":"message-download-images-tap","$v":{"few":["Tölvup. innih. ",{"t":"idOrVar","v":"n"}," myndir. Pikkaðu til að hlaða niður."],"many":["Tölvup. innih. ",{"t":"idOrVar","v":"n"}," myndir. Pikkaðu til að hlaða niður."],"one":"Tölvup. innih. eina mynd. Pikkaðu til að hlaða niður.","other":["Tölvup. innih. ",{"t":"idOrVar","v":"n"}," myndir. Pikkaðu til að hlaða niður."],"two":["Tölvup. innih. ",{"t":"idOrVar","v":"n"}," myndir. Pikkaðu til að hl. niður."]},"$x":[{"t":"idOrVar","v":"plural"},"n"]},{"$i":"message-show-external-images","$v":"Sýna ytri myndir"},{"$i":"message-delete-cancel","$v":"Hætta við"},{"$i":"message-multiedit-delete-confirm","$v":{"few":["Viltu eyða ",{"t":"idOrVar","v":"n"}," skilaboðum?"],"many":["Viltu eyða ",{"t":"idOrVar","v":"n"}," skilaboðum?"],"one":"Eyða völdum skilaboðum?","other":["Viltu eyða ",{"t":"idOrVar","v":"n"}," skilaboðum?"],"two":["Viltu eyða ",{"t":"idOrVar","v":"n"}," skilaboðum?"]},"$x":[{"t":"idOrVar","v":"plural"},"n"]},{"$i":"message-large-message-cancel","$v":"H. við"},{"$i":"message-large-message-ok","$v":"Halda áfr."},{"$i":"message-large-message-confirm","$v":"Skilaboðin eru stór og því lengi að hlaðast niður."},{"$i":"message-large-message-warning","$v":"Skilab. eru of stór fyrir hleðslu."},{"$i":"message-search-header","$v":"Leita"},{"$i":"search-result","$v":[{"t":"idOrVar","v":"num"}," niðurst. fannst"]},{"$i":"message-search-from","$v":"Frá"},{"$i":"message-search-to","$v":"Til"},{"$i":"message-search-subject","$v":"Efni"},{"$i":"message-search-body","$v":"Meginm."},{"$i":"message-search-all","$v":"Allt"},{"$i":"message-search-input","placeholder":"Leita í tölvup."},{"$i":"message-search-cancel","$v":"H. við"},{"$i":"messages-syncing","$v":"Hleð skilaboð"},{"$i":"messages-syncing-progressbar","ariaValueText":"Hleð skilaboð"},{"$i":"messages-load-more","$v":"Hlaða fl. skilab."},{"$i":"messages-folder-empty","$v":"Enginn tölvup. í möppu"},{"$i":"messages-search-empty","$v":"Eng. niðurst. í skilab. í skyndim."},{"$i":"messages-folder-select","$v":"Færa í möppu"},{"$i":"messages-folder-unread-max","$v":"999+"},{"$i":"message-contact-menu-create","$v":"Vista nýjan tengil."},{"$i":"message-contact-menu-add-existing","$v":"Bæta við fyrirl. tengilið"},{"$i":"message-contact-menu-view","$v":"Skoða tengilið"},{"$i":"message-contact-menu-reply","$v":"Svara"},{"$i":"message-contact-menu-new","$v":"Senda nýj. tölvup."},{"$i":"message-reply-menu-reply","$v":"Svara"},{"$i":"message-reply-menu-reply-all","$v":"Svara öllum"},{"$i":"message-reply-menu-forward","$v":"Framsenda"},{"$i":"message-reply-menu-cancel","$v":"H. við"},{"$i":"reply-quoting-wrote","$v":"{name} skrifaði"},{"$i":"forward-original-message","$v":"Upprunal. skilab."},{"$i":"forward-header-subject","$v":"Efni"},{"$i":"forward-header-date","$v":"Dags."},{"$i":"forward-header-from","$v":"Frá"},{"$i":"forward-header-reply-to","$v":"Svara"},{"$i":"forward-header-to","$v":"Til"},{"$i":"forward-header-cc","$v":"Afr."},{"$i":"folder-inbox","$v":"Innhólf"},{"$i":"folder-sent","$v":"Sent"},{"$i":"folder-drafts","$v":"Drög"},{"$i":"folder-trash","$v":"Rusl"},{"$i":"folder-queue","$v":"Ósent"},{"$i":"folder-junk","$v":"Rusl"},{"$i":"folder-archives","$v":"Safnskrár"},{"$i":"folder-localdrafts","$v":"Staðb. drög"},{"$i":"folder-outbox","$v":"Úthólf"},{"$i":"drawer-back","$v":"Til baka"},{"$i":"drawer-accounts-header","$v":"Reikn."},{"$i":"drawer-settings-link","$v":"Still."},{"$i":"folder-last-synced-label","$v":"Síðasta samst.:"},{"$i":"messages-refresh-progress","ariaValueText":"Endurhleð"},{"$i":"no-internet-connection","$v":"Engin internettenging."},{"$i":"toaster-undo","$v":"Afturk."},{"$i":"toaster-message-star","$v":{"few":[{"t":"idOrVar","v":"n"}," skilab. flögguð"],"many":[{"t":"idOrVar","v":"n"}," skilab. flögguð"],"one":"Skilab. flögguð","other":[{"t":"idOrVar","v":"n"}," skilab. flögguð"],"two":[{"t":"idOrVar","v":"n"}," skilab. flögguð"]},"$x":[{"t":"idOrVar","v":"plural"},"n"]},{"$i":"toaster-message-unstar","$v":{"few":[{"t":"idOrVar","v":"n"}," skilaboðafánar fjarl."],"many":[{"t":"idOrVar","v":"n"}," skilaboðafánar fjarl."],"one":"Skilaboðafáni fjarl.","other":[{"t":"idOrVar","v":"n"}," skilaboðafánar fjarl."],"two":[{"t":"idOrVar","v":"n"}," skilaboðafánar fjarl."]},"$x":[{"t":"idOrVar","v":"plural"},"n"]},{"$i":"toaster-message-read","$v":{"few":[{"t":"idOrVar","v":"n"}," skilab. merkt s. lesin"],"many":[{"t":"idOrVar","v":"n"}," skilab. merkt s. lesin"],"one":"Skilab. merkt s. lesin","other":[{"t":"idOrVar","v":"n"}," skilab. merkt s. lesin"],"two":[{"t":"idOrVar","v":"n"}," skilab. merkt s. lesin"]},"$x":[{"t":"idOrVar","v":"plural"},"n"]},{"$i":"toaster-message-unread","$v":{"few":[{"t":"idOrVar","v":"n"}," skilab. merkt s. ólesin"],"many":[{"t":"idOrVar","v":"n"}," skilab. merkt s. ólesin"],"one":"Skilab. merkt s. ólesin","other":[{"t":"idOrVar","v":"n"}," skilab. merkt s. ólesin"],"two":[{"t":"idOrVar","v":"n"}," skilab. merkt s. ólesin"]},"$x":[{"t":"idOrVar","v":"plural"},"n"]},{"$i":"toaster-message-move","$v":{"few":[{"t":"idOrVar","v":"n"}," skilab. færð í möppu:"],"many":[{"t":"idOrVar","v":"n"}," skilab. færð í möppu:"],"one":"Skilab. færð í möppu:","other":[{"t":"idOrVar","v":"n"}," skilab. færð í möppu:"],"two":[{"t":"idOrVar","v":"n"}," skilab. færð í möppu:"]},"$x":[{"t":"idOrVar","v":"plural"},"n"]},{"$i":"toaster-message-delete","$v":{"few":[{"t":"idOrVar","v":"n"}," tölvup. eytt"],"many":[{"t":"idOrVar","v":"n"}," tölvup. eytt"],"one":"1 tölvup. eytt","other":[{"t":"idOrVar","v":"n"}," tölvup. eytt"],"two":[{"t":"idOrVar","v":"n"}," tölvup. eytt"]},"$x":[{"t":"idOrVar","v":"plural"},"n"]},{"$i":"toaster-sync-failed","$v":"Ekki tókst að tengjast við þjón."},{"$i":"compose-invalid-addresses-title","$v":"Ógild netföng"},{"$i":"compose-invalid-addresses-description","$v":"Skilaboðin innihalda eitt eða fleiri ógild netföng. Leiðréttu þau fyrir sendingu."},{"$i":"background-send-pending","$v":"Net ótiltækt. Tölvup. vist. í úthólf."},{"$i":"background-send-sending","$v":"Sendi tölvup. …"},{"$i":"background-send-success","$v":"Tölvup. sendur."},{"$i":"background-send-error","$v":"Villa. Tölvup. vist. í úthólf."},{"$i":"background-send-error-recipients","$v":"Villa hjá viðt. Tölvup. vist. í úthólf."},{"$i":"background-send-error-title","$v":"Mist. að senda tölvup."},{"$i":"send-failure-recipients","$v":"Ath. stafsetn. vistfanga hér að ofan. Tölvupóstþj. gaf til kynna að eitt eða fl. vistf. séu röng."},{"$i":"send-failure-unknown","$v":"Ekki tókst að senda skilab."},{"$i":"form-clear-input","$v":"Fjarl. texta"},{"$i":"confirm-dialog-title","$v":"Staðfesting"},{"$i":"confirm-dialog-ok","$v":"Í lagi"},{"$i":"msg-display-subject","$v":"Efni"},{"$i":"msg-reader-display-attachments","$v":"Viðhengi"},{"$i":"msg-reader-display-attachment","$v":"Viðhengi"},{"$i":"msg-reader-download-external-images","$v":["Hlaða nið. ytri myndum (",{"t":"idOrVar","v":"n"}," MB)"]},{"$i":"msg-reader-sender-header","$v":"Frá"},{"$i":"msg-reader-recipients-header","$v":"Viðtakendur"},{"$i":"msg-reader-cc-header","$v":"Afr."},{"$i":"msg-reader-bcc-header","$v":"Fal. afr."},{"$i":"msg-reader-message-flagged","$v":"Skilab. flögguð"},{"$i":"msg-reader-flag-removed","$v":"Fáni fjarl."},{"$i":"external-image-downloading","$v":"Sækir ..."},{"$i":"senders-separation-sign","$v":", "},{"$i":"new-messages","$v":{"few":[{"t":"idOrVar","v":"n"}," ný skilab."],"many":[{"t":"idOrVar","v":"n"}," ný skilab."],"one":"1 ný skilab.","other":[{"t":"idOrVar","v":"n"}," ný skilab."],"two":[{"t":"idOrVar","v":"n"}," ný skilab."]},"$x":[{"t":"idOrVar","v":"plural"},"n"]},{"$i":"new-emails-notify-one-account","$v":{"few":[{"t":"idOrVar","v":"n"}," nýir tölvup."],"many":[{"t":"idOrVar","v":"n"}," nýir tölvup."],"one":"1 nýr tölvup.","other":[{"t":"idOrVar","v":"n"}," nýir tölvup."],"two":[{"t":"idOrVar","v":"n"}," nýir tölvup."]},"$x":[{"t":"idOrVar","v":"plural"},"n"]},{"$i":"new-emails-notify-multiple-accounts","$v":{"few":[{"t":"idOrVar","v":"n"}," nýir tölvup. (",{"t":"idOrVar","v":"accountName"},")"],"many":[{"t":"idOrVar","v":"n"}," nýir tölvup. (",{"t":"idOrVar","v":"accountName"},")"],"one":["1 nýr tölvup. (",{"t":"idOrVar","v":"accountName"},")"],"other":[{"t":"idOrVar","v":"n"}," nýir tölvup. (",{"t":"idOrVar","v":"accountName"},")"],"two":["{",{"t":"idOrVar","v":"n"}," nýir tölvup. (",{"t":"idOrVar","v":"accountName"},")"]},"$x":[{"t":"idOrVar","v":"plural"},"n"]},{"$i":"new-emails-notify-multiple-accounts-body","$v":[{"t":"idOrVar","v":"from"}," „",{"t":"idOrVar","v":"subject"},"“"]},{"$i":"tng-plain-socket-warning-title","$v":"Ertu viss?"},{"$i":"tng-plain-socket-warning-message","$v":"Aðrir geta séð aðgangsorðin og tölvupóstana þína eða stjórnað reikningnum."},{"$i":"tng-plain-socket-warning-message-options","$v":"Margar ókeypis tölvupóstveitur bjóða öruggari, dulkóðaðar tengingar."},{"$i":"tng-plain-socket-warning-ok","$v":"Ég skil"},{"$i":"message-reader-date-received","ariaLabel":"Móttekið"},{"$i":"sort-by-title","$v":"Raða eftir"},{"$i":"sort-by-date","$v":"Dags."},{"$i":"sort-by-from","$v":"Frá"},{"$i":"sort-by-to","$v":"Til"},{"$i":"sort-by-subject","$v":"Efni"},{"$i":"softkey-options","$v":"Valkostir"},{"$i":"opt-compose","$v":"Skrifa"},{"$i":"opt-reply","$v":"Svara"},{"$i":"opt-reply-all","$v":"Svara öllum"},{"$i":"opt-forward","$v":"Framsenda"},{"$i":"opt-mark-read","$v":"Merkja s. lesið"},{"$i":"opt-mark-unread","$v":"Merkja s. ólesið"},{"$i":"opt-add-flag","$v":"Bæta v. fána"},{"$i":"opt-remove-flag","$v":"Fjarl. fána"},{"$i":"opt-move-message","$v":"Færa í möppu"},{"$i":"opt-delete-message","$v":"Eyða"},{"$i":"opt-multi-select","$v":"Velja margt"},{"$i":"opt-search","$v":"Leita"},{"$i":"opt-folders","$v":"Skoða möppur"},{"$i":"opt-sort","$v":"Raða"},{"$i":"opt-sync","$v":"Samstilla"},{"$i":"opt-account","$v":"Skipta um reikn."},{"$i":"opt-settings","$v":"Still."},{"$i":"opt-edit","$v":"Br."},{"$i":"opt-cancel","$v":"H. við"},{"$i":"opt-save","$v":"Vista"},{"$i":"opt-move","$v":"Færa"},{"$i":"opt-view","$v":"Skoða"},{"$i":"opt-empty-trash","$v":"Tæma rusl"},{"$i":"opt-call-number","$v":"Hringja"},{"$i":"opt-compose-mail","$v":"Skrifa"},{"$i":"opt-open-url","$v":"Opna"},{"$i":"select-option-on","$v":"Kv."},{"$i":"select-option-off","$v":"Sl."},{"$i":"select-option-imap-smtp","$v":"IMAP+SMTP"},{"$i":"select-option-pop3-smtp","$v":"POP3+SMTP"},{"$i":"select-option-activesync","$v":"ActiveSync"},{"$i":"toaster-switch-account","$v":"Tölvup.reikn. skipt í:"},{"$i":"toaster-sorted-by","$v":"Skilab. raðað eftir"},{"$i":"cmp-reply","$v":"Svara"},{"$i":"cmp-reply-all","$v":"Svara öllum"},{"$i":"cmp-forward","$v":"Frams. skilab."},{"$i":"cmp-remove-attach","$v":"Viðh. fjarlægt"},{"$i":"select","$v":"Velja"},{"$i":"deselect","$v":"Afturkalla"},{"$i":"cancel","$v":"H. við"},{"$i":"enter","$v":"Slá inn"},{"$i":"remove-attachment","$v":"Fjarl. viðhengi"},{"$i":"replace-attachment","$v":"Skipta út viðhengi"},{"$i":"add-attachment","$v":"Bæta við viðhengi"},{"$i":"add-contact","$v":"Bæta tengil. við"},{"$i":"add-cc","$v":"Bæta við afr."},{"$i":"remove-cc","$v":"Fjarl. afr."},{"$i":"add-bcc","$v":"Bæta við föl. afr."},{"$i":"remove-bcc","$v":"Fjarl. fal. afr."},{"$i":"attachment-download","$v":"Hlaða niður"},{"$i":"attachment-share","$v":"Deila"},{"$i":"send-new-mail","$v":"Senda nýj. tölvup."},{"$i":"view-contact","$v":"Skoða tengilið"},{"$i":"save-new-contact","$v":"Vista nýjan tengil."},{"$i":"add-to-exsiting-contact","$v":"Bæta við fyrirl. tengil."},{"$i":"no","$v":"Nei"},{"$i":"yes","$v":"Já"},{"$i":"retry","$v":"Reyna aftur"},{"$i":"empty","$v":"Tómt"},{"$i":"empty-trash-confirm","$v":"Viltu tæma ruslið?"},{"$i":"trash-emptied","$v":"Rusl tæmt"},{"$i":"next","$v":"Áfram"},{"$i":"welcome-header","$v":"Póstur"},{"$i":"welcome-msg","$v":"Velkomin(n) í tölvupóst."},{"$i":"welcome-msg-setup","$v":"Ýttu á „Áfram“ til að setja upp tölvup.reikn."},{"$i":"discard","$v":"Fleygja"},{"$i":"leave-this-page-warning-message","$v":"Viltu fleygja uppl. um tölvupóstreikning?"},{"$i":"finish","$v":"Ljúka"},{"$i":"setup-done-msg","$v":"Innskráning tókst. Viltu bæta við öðrum reikn.?"},{"$i":"save-as-draft","$v":"Vista s. drög"},{"$i":"show-password","$v":"Sýna aðgangsorð"},{"$i":"account-label","$v":"Merkimiði reikn."},{"$i":"folders","$v":"Möppur"},{"$i":"security","$v":"Öryggi"},{"$i":"port-number","$v":"Gáttarnúmer"},{"$i":"domain-username","$v":"Lén"},{"$i":"synchronizing","$v":"Samstillir …"},{"$i":"browse-mail","$v":"Fletta tölvup."},{"$i":"never-sync","$v":"Ekki hægt að samst. staðb. möppu"},{"$i":"emptyDownloadFile","$v":"Ekki er hægt að sækja þessa skrá, hún kann að vera tóm"},{"$i":"sync","$v":"Samst."},{"$i":"outbox-unsent-label","$v":{"few":[{"t":"idOrVar","v":"n"}," ósend skilaboð í úthólfi"],"many":[{"t":"idOrVar","v":"n"}," ósend skilaboð í úthólfi"],"one":"1 ósend skilaboð í úthólfi","other":[{"t":"idOrVar","v":"n"}," ósend skilaboð í úthólfi"],"two":"2 ósend skilaboð í úthólfi"},"$x":[{"t":"idOrVar","v":"plural"},"n"]},{"$i":"storage-full-title","$v":"Geymsla full"},{"$i":"storage-full-warning","$v":"Þú getur eytt einhverjum efnisskrám eða stjórnað forritagögnum til að losa pláss."},{"$i":"storage-full","$v":"Símageymsla full."},{"$i":"storage-sdcard-full","$v":"SD-kort fullt."},{"$i":"view-address","$v":"Skoða netfang"},{"$i":"mail-address-title","$v":"Netfang"},{"$i":"mail-address","$v":[{"t":"idOrVar","v":"address"}]},{"$i":"value-name","$v":[{"t":"idOrVar","v":"name"}]},{"$i":"account-deleted","$v":"Reikningur eytt."},{"$i":"account-reEnable","$v":"Reikningur er þegar til. Samstilla tölvupóst reiknings?"},{"$i":"setup-account-usedInfo","$v":"Neðangreind forrit munu nota þennan reikning. Þú getur breytt þessu í Stillingar>Reikningar."},{"$i":"setup-account-settingsInfo","$v":"Hvert forrit er með mismunandi sjálfgefið millibil milli samstillinga, sem finna má í forritastillingum."},{"$i":"app-calendar","$v":"Dagbók"},{"$i":"app-contacts","$v":"Tengiliðir"},{"$i":"app-email","$v":"Póstur"},{"$i":"weekday-0-long","$v":"Sunnudagur"},{"$i":"weekday-1-long","$v":"Mánudagur"},{"$i":"weekday-2-long","$v":"Þriðjudagur"},{"$i":"weekday-3-long","$v":"Miðvikudagur"},{"$i":"weekday-4-long","$v":"Fimmtudagur"},{"$i":"weekday-5-long","$v":"Föstudagur"},{"$i":"weekday-6-long","$v":"Laugardagur"},{"$i":"weekday-0-short","$v":"Sun."},{"$i":"weekday-1-short","$v":"Mán."},{"$i":"weekday-2-short","$v":"Þri."},{"$i":"weekday-3-short","$v":"Mið."},{"$i":"weekday-4-short","$v":"Fim."},{"$i":"weekday-5-short","$v":"Fös."},{"$i":"weekday-6-short","$v":"Lau."},{"$i":"month-0-long","$v":"Janúar"},{"$i":"month-1-long","$v":"Febrúar"},{"$i":"month-2-long","$v":"Mars"},{"$i":"month-3-long","$v":"Apríl"},{"$i":"month-4-long","$v":"Maí"},{"$i":"month-5-long","$v":"Júní"},{"$i":"month-6-long","$v":"Júlí"},{"$i":"month-7-long","$v":"Ágúst"},{"$i":"month-8-long","$v":"September"},{"$i":"month-9-long","$v":"Október"},{"$i":"month-10-long","$v":"Nóvember"},{"$i":"month-11-long","$v":"Desember"},{"$i":"month-0-genitive","$v":"Janúar"},{"$i":"month-1-genitive","$v":"Febrúar"},{"$i":"month-2-genitive","$v":"Mars"},{"$i":"month-3-genitive","$v":"Apríl"},{"$i":"month-4-genitive","$v":"Maí"},{"$i":"month-5-genitive","$v":"Júní"},{"$i":"month-6-genitive","$v":"Júlí"},{"$i":"month-7-genitive","$v":"Ágúst"},{"$i":"month-8-genitive","$v":"September"},{"$i":"month-9-genitive","$v":"Október"},{"$i":"month-10-genitive","$v":"Nóvember"},{"$i":"month-11-genitive","$v":"Desember"},{"$i":"month-0-short","$v":"Jan."},{"$i":"month-1-short","$v":"Feb."},{"$i":"month-2-short","$v":"Mar."},{"$i":"month-3-short","$v":"Apr."},{"$i":"month-4-short","$v":"Maí"},{"$i":"month-5-short","$v":"Jún."},{"$i":"month-6-short","$v":"Júl."},{"$i":"month-7-short","$v":"Ágú."},{"$i":"month-8-short","$v":"Sep."},{"$i":"month-9-short","$v":"Okt."},{"$i":"month-10-short","$v":"Nóv."},{"$i":"month-11-short","$v":"Des."},{"$i":"minutes-ago-long","$v":{"few":["Fyrir ",{"t":"idOrVar","v":"value"}," mín."],"many":["Fyrir ",{"t":"idOrVar","v":"value"}," mín."],"one":"fyrir mínútu","other":["Fyrir ",{"t":"idOrVar","v":"value"}," mín."],"two":["Fyrir ",{"t":"idOrVar","v":"value"}," mín."],"zero":"rétt í þessu"},"$x":[{"t":"idOrVar","v":"plural"},"value"]},{"$i":"hours-ago-long","$v":{"few":["Fyrir ",{"t":"idOrVar","v":"value"}," klst."],"many":["Fyrir ",{"t":"idOrVar","v":"value"}," klst."],"one":"fyrir klst.","other":["Fyrir ",{"t":"idOrVar","v":"value"}," klst."],"two":["Fyrir ",{"t":"idOrVar","v":"value"}," klst."],"zero":"rétt í þessu"},"$x":[{"t":"idOrVar","v":"plural"},"value"]},{"$i":"days-ago-long","$v":{"few":["Fyrir ",{"t":"idOrVar","v":"value"}," dögum"],"many":["Fyrir ",{"t":"idOrVar","v":"value"}," dögum"],"one":"í gær","other":["Fyrir ",{"t":"idOrVar","v":"value"}," dögum"],"two":["Fyrir ",{"t":"idOrVar","v":"value"}," dögum"],"zero":"í dag"},"$x":[{"t":"idOrVar","v":"plural"},"value"]},{"$i":"weeks-ago-long","$v":{"few":["Fyrir ",{"t":"idOrVar","v":"value"}," vikum"],"many":["Fyrir ",{"t":"idOrVar","v":"value"}," vikum"],"one":"í síð. viku","other":["Fyrir ",{"t":"idOrVar","v":"value"}," vikum"],"two":["Fyrir ",{"t":"idOrVar","v":"value"}," vikum"],"zero":"í þessari viku"},"$x":[{"t":"idOrVar","v":"plural"},"value"]},{"$i":"months-ago-long","$v":{"few":["Fyrir ",{"t":"idOrVar","v":"value"}," mánuðum"],"many":["Fyrir ",{"t":"idOrVar","v":"value"}," mánuðum"],"one":"í síð. mán.","other":["Fyrir ",{"t":"idOrVar","v":"value"}," mánuðum"],"two":["Fyrir ",{"t":"idOrVar","v":"value"}," mánuðum"],"zero":"í þessum mán."},"$x":[{"t":"idOrVar","v":"plural"},"value"]},{"$i":"years-ago-long","$v":{"few":["Fyrir ",{"t":"idOrVar","v":"value"}," árum"],"many":["Fyrir ",{"t":"idOrVar","v":"value"}," árum"],"one":"á síð. ári","other":["Fyrir ",{"t":"idOrVar","v":"value"}," árum"],"two":["Fyrir ",{"t":"idOrVar","v":"value"}," árum"],"zero":"á þessu ári"},"$x":[{"t":"idOrVar","v":"plural"},"value"]},{"$i":"minutes-until-long","$v":{"few":["eftir ",{"t":"idOrVar","v":"value"}," mín."],"many":["eftir ",{"t":"idOrVar","v":"value"}," mín."],"one":"eftir eina mín.","other":["eftir ",{"t":"idOrVar","v":"value"}," mín."],"two":["eftir ",{"t":"idOrVar","v":"value"}," mín."],"zero":"núna"},"$x":[{"t":"idOrVar","v":"plural"},"value"]},{"$i":"hours-until-long","$v":{"few":["eftir ",{"t":"idOrVar","v":"value"}," klst."],"many":["eftir ",{"t":"idOrVar","v":"value"}," klst."],"one":"eftir eina klst.","other":["eftir ",{"t":"idOrVar","v":"value"}," klst."],"two":["eftir ",{"t":"idOrVar","v":"value"}," klst."],"zero":"núna"},"$x":[{"t":"idOrVar","v":"plural"},"value"]},{"$i":"days-until-long","$v":{"few":["eftir ",{"t":"idOrVar","v":"value"}," daga"],"many":["eftir ",{"t":"idOrVar","v":"value"}," daga"],"one":"á morgun","other":["eftir ",{"t":"idOrVar","v":"value"}," daga"],"two":["eftir ",{"t":"idOrVar","v":"value"}," daga"],"zero":"í dag"},"$x":[{"t":"idOrVar","v":"plural"},"value"]},{"$i":"weeks-until-long","$v":{"few":["eftir ",{"t":"idOrVar","v":"value"}," vikur"],"many":["eftir ",{"t":"idOrVar","v":"value"}," vikur"],"one":"í næstu viku","other":["eftir ",{"t":"idOrVar","v":"value"}," vikur"],"two":["eftir ",{"t":"idOrVar","v":"value"}," vikur"],"zero":"í þessari viku"},"$x":[{"t":"idOrVar","v":"plural"},"value"]},{"$i":"months-until-long","$v":{"few":["eftir ",{"t":"idOrVar","v":"value"}," mán."],"many":["eftir ",{"t":"idOrVar","v":"value"}," mán."],"one":"í næsta mán.","other":["eftir ",{"t":"idOrVar","v":"value"}," mán."],"two":["eftir ",{"t":"idOrVar","v":"value"}," mán."],"zero":"í þessum mán."},"$x":[{"t":"idOrVar","v":"plural"},"value"]},{"$i":"years-until-long","$v":{"few":["eftir ",{"t":"idOrVar","v":"value"}," ár"],"many":["eftir ",{"t":"idOrVar","v":"value"}," ár"],"one":"á næsta ári","other":["eftir ",{"t":"idOrVar","v":"value"}," ár"],"two":["eftir ",{"t":"idOrVar","v":"value"}," ár"],"zero":"á þessu ári"},"$x":[{"t":"idOrVar","v":"plural"},"value"]},{"$i":"minutes-ago-short","$v":{"other":["Fyrir ",{"t":"idOrVar","v":"value"}," m."],"zero":"rétt í þessu"},"$x":[{"t":"idOrVar","v":"plural"},"value"]},{"$i":"hours-ago-short","$v":{"other":["Fyrir ",{"t":"idOrVar","v":"value"}," k."],"zero":"rétt í þessu"},"$x":[{"t":"idOrVar","v":"plural"},"value"]},{"$i":"days-ago-short","$v":{"other":["Fyrir ",{"t":"idOrVar","v":"value"}," d."],"zero":"í dag"},"$x":[{"t":"idOrVar","v":"plural"},"value"]},{"$i":"minutes-until-short","$v":{"other":["eftir ",{"t":"idOrVar","v":"value"}," m"],"zero":"núna"},"$x":[{"t":"idOrVar","v":"plural"},"value"]},{"$i":"hours-until-short","$v":{"other":["eftir ",{"t":"idOrVar","v":"value"}," k"],"zero":"núna"},"$x":[{"t":"idOrVar","v":"plural"},"value"]},{"$i":"days-until-short","$v":{"other":["eftir ",{"t":"idOrVar","v":"value"}," d"],"zero":"í dag"},"$x":[{"t":"idOrVar","v":"plural"},"value"]},{"$i":"incorrectDate","$v":"(röng dags.)"},{"$i":"dateTimeFormat_%c","$v":"%a %b %e %Y %I:%M:%S %p"},{"$i":"dateTimeFormat_%x","$v":"%m/%d/%Y"},{"$i":"dateTimeFormat_%X","$v":"%I:%M:%S %p"},{"$i":"shortTimeFormat","$v":"%I:%M %p"},{"$i":"shortTimeFormat12","$v":"%I:%M %p"},{"$i":"shortTimeFormat24","$v":"%H:%M"},{"$i":"shortDateTimeFormat","$v":"%x %I:%M %p"},{"$i":"weekStartsOnMonday","$v":"0.0"},{"$i":"firstDayOfTheWeek","$v":"1.0"},{"$i":"time_am","$v":"f.h."},{"$i":"time_pm","$v":"e.h."}]