[{"$i":"setup-app-name-header","$v":"ელფოსტა"},{"$i":"setup-empty-account-message","$v":"თქვენ არ ხართ მზად იმისათვის, რომ გააგზ. ან მიიღოთ ელწერილი. დააყენეთ ანგ. მოქმედების დასასრულებლად."},{"$i":"setup-pick-service","$v":"ელწერილის გასაგზავნად და მისაღებად, უნდა დააყენოთ ანგ."},{"$i":"setup-account-header3","$v":"Ანგარიშზე შესვლა"},{"$i":"setup-account-password","$v":"პაროლი"},{"$i":"setup-info-next","$v":"შემდეგი"},{"$i":"setup-progress-wait-msg","$v":"ანგ. დაყენება"},{"$i":"setup-sync-progress-wait-msg","$v":"ანგარიშის გამორთვა"},{"$i":"setup-completed-header","$v":"გილოცავთ!"},{"$i":"setup-completed-label","$v":"ყველაფერი მზადაა!"},{"$i":"setup-add-another-account","$v":"სხვა ანგარიშის დამატება"},{"$i":"setup-show-mail","$v":"გააგრძელეთ ელფოსტაში"},{"$i":"setup-done-add","$v":"ანგარიშის დამატება"},{"$i":"setup-error-offline","$v":"ეს მოწყობილობა ამჟამად კავშირგარეშეა. ჩართეთ ქსელში და კიდევ სცადეთ."},{"$i":"setup-error-bad-user-or-pass2","$v":"არასწორი მომხ. სახელი ან პაროლი. შეამოწმეთ ორთოგრაფია."},{"$i":"setup-error-bad-address","$v":"არასწორი ელფოსტის მისამართი. შეამოწ. ორთოგრაფია."},{"$i":"setup-error-not-authorized","$v":"სერვერის თანახმად, თქვენ არ გაქვთ უფლება შექმნათ ანგარიში"},{"$i":"setup-error-pop-server-not-great","$v":"შერვერს არ აქვს მხარდაჭერა. POP3 სერვერი არ ასრულებს საჭირო ფუნქციებს."},{"$i":"setup-error-unknown2","$v":"დაფიქს. უცნობი შეცდომა. შეამოწმეთ ქსელთან კავშირი ან სცადეთ მექანიკ. კონფიგურაცია."},{"$i":"setup-error-needs-app-pass","$v":"უნდა გამოიყენოთ აპლიკაციის პაროლი ორფაქტორიანი Gmail ანგ-თვის"},{"$i":"setup-error-imap-disabled","$v":"უნდა ჩართოთ IMAP თქვენი Gmail ანგ-თვის"},{"$i":"setup-error-pop3-disabled","$v":"უნდა ჩართოთ POP3 თქვენი Gmail ანგ-თვის"},{"$i":"setup-error-bad-security","$v":["შეუძლ. უსაფრთხო კავშირი „",{"t":"idOrVar","v":"server"},"“. შესაძლოა პრობლემა იყოს ქსელთან ან სერვერთან."]},{"$i":"setup-error-unresponsive-server","$v":["შეუძლ. კავშირი „",{"t":"idOrVar","v":"server"},"“. შესაძლოა პრობლემა იყოს ქსელთან."]},{"$i":"setup-error-server-problem","$v":["პრობლემაა სერვერთან „",{"t":"idOrVar","v":"server"},"“. მოგვიანებით სცადეთ."]},{"$i":"setup-error-no-config-info","$v":"შეუძლებელია თქვენი ანგ. ავტომ. კონფიგურაცია. გაასწორეთ ელფოსტის მისამართი ან სცადეთ მექანიკ. კონფიგურაცია."},{"$i":"setup-error-server-maintenance","$v":["სერვერი „",{"t":"idOrVar","v":"server"},"“ ოფლაინშია ტექ. მოსახურებისთვის. მოგვიანებით სცადეთ."]},{"$i":"setup-error-account-already-exists","$v":"ეს ანგ. უკვე კონფიგურირებულია."},{"$i":"setup-manual-config2","$v":"გაფართოებული"},{"$i":"setup-manual-config-header","$v":"Ანგარიშზე შესვლა"},{"$i":"setup-manual-account-type-header","$v":"ანგ. ტიპი"},{"$i":"setup-manual-account-type","$v":"ანგ. ტიპი"},{"$i":"setup-manual-account-type-select","ariaLabel":"ანგ. ტიპი"},{"$i":"setup-manual-imap-header","$v":"IMAP პარამეტ."},{"$i":"setup-manual-pop3-header","$v":"POP3 პარამეტ."},{"$i":"setup-manual-smtp-header","$v":"SMTP პარამეტ."},{"$i":"setup-manual-activesync-header","$v":"აქტსინქ. პარამ."},{"$i":"setup-manual-next","$v":"შემდეგი"},{"$i":"setup-manual-socket","$v":"სოკეტის ტიპი"},{"$i":"setup-manual-socket-ssl","$v":"SSL"},{"$i":"setup-manual-socket-starttls","$v":"STARTTLS"},{"$i":"setup-manual-socket-select","ariaLabel":"კავშირის უსაფრთხოება"},{"$i":"setup-manual-socket-plain","$v":"დაუშიფრავი"},{"$i":"setup-bad-password-header","$v":"ცუდი პაროლი!"},{"$i":"setup-bad-password","$v":"სერვერზე დარეგისტ. შეუძლებელია. გთხოვთ, ხელახლა სცადოთ პაროლი."},{"$i":"setup-new-password","placeholder":"ახალი პაროლი"},{"$i":"setup-fix-password","$v":"ხელახლა სცადეთ ახალი პაროლით"},{"$i":"setup-gmail-twofactor-header","$v":"ორი ფაქტ. გამორთ."},{"$i":"setup-gmail-twofactor-message","$v":"უნდა შეიყვანოთ ქვევით მოცემული აპლიკ. პაროლი."},{"$i":"setup-gmail-imap-header","$v":"IMAP გამორთ."},{"$i":"setup-gmail-imap-message","$v":"უნდა ჩართოთ IMAP თქვენ Gmail ანგ-ზე"},{"$i":"setup-gmail-retry","$v":"გამეორება"},{"$i":"setup-gmail-pop3-header","$v":"POP3 გამორთ."},{"$i":"setup-gmail-pop3-message","$v":"უნდა ჩართოთ POP3 თქვენ Gmail ანგ-ზე"},{"$i":"setup-fix-oauth2-header","$v":"ელფოსტის ხელახალი ავტორიზაცია"},{"$i":"setup-fix-oauth2-description","$v":"საჭიროა ელფოსტის ხელახალი ავტორიზაცია შემდეგი ანგ. მისაღებად:"},{"$i":"setup-fix-oauth2-reauthorize","$v":"ხელახალი ავტორიზაცია"},{"$i":"settings-main-header","$v":"ელფოსტის პარამეტ."},{"$i":"settings-sub-header-account","$v":"ანგარიში"},{"$i":"settings-account-group","ariaLabel":"ანგარიში"},{"$i":"settings-account-name","$v":"თქვენი სახელი"},{"$i":"settings-account-label","$v":"ანგარიშის წარწ."},{"$i":"settings-account-display-notifications","$v":"ახალი ელწერილის შეტყ. გამოსახვა"},{"$i":"settings-account-play-sound-onsend","$v":"შეტყ. გაგზავნის შემდეგ, გააჟღერეთ ბგერა"},{"$i":"settings-account-signature-label","$v":"ხელმოწერა"},{"$i":"settings-sub-header-data","$v":"მონაცემები"},{"$i":"settings-data-group","ariaLabel":"მონაცემები"},{"$i":"settings-account-check-mail","$v":"შეამოწ. ახალი შეტყ."},{"$i":"settings-account-check-mail-select","ariaLabel":"შეამოწ. ახალი შეტყ."},{"$i":"settings-sub-header-server","$v":"სერვერის პარამეტ."},{"$i":"settings-server-group","ariaLabel":"სერვერის პარამეტ."},{"$i":"settings-account-userpass","$v":"მომხ. და პაროლი"},{"$i":"settings-account-useroauth2","$v":"მომხ. სახ."},{"$i":"settings-default-signature-2","$v":"გაიგზ. ჩემი ტელეფონიდან"},{"$i":"settings-done","$v":"მზადაა"},{"$i":"settings-account-section","$v":"ანგარიშები"},{"$i":"settings-account-listbox","ariaLabel":"ანგარიშები"},{"$i":"settings-account-add","$v":"დამატება"},{"$i":"settings-account-delete","$v":"ანგ. წაშლა"},{"$i":"settings-account-delete-prompt","$v":["ნამდვილად გსურთ თქვენი ",{"t":"idOrVar","v":"account"}," ელფოსტის ანგარიშის წაშლა?"]},{"$i":"settings-account-delete-desc","$v":"თქვენ თავიდან უნდა ჩამოტვ. ელფოსტა, თუ გაიმეორებთ ანგ. შექმნას."},{"$i":"settings-account-delete-cancel","$v":"გაუქმება"},{"$i":"settings-account-delete-confirm","$v":"წაშლა"},{"$i":"settings-account-clarify","$v":[{"t":"idOrVar","v":"account-name"}]},{"$i":"settings-account-clarify-imap","$v":[{"t":"idOrVar","v":"account-name"}," (IMAP)"]},{"$i":"settings-account-clarify-pop3","$v":[{"t":"idOrVar","v":"account-name"}," (POP3)"]},{"$i":"settings-account-clarify-smtp","$v":[{"t":"idOrVar","v":"account-name"}," (SMTP)"]},{"$i":"settings-general-section","$v":"ზოგადი პარამეტ."},{"$i":"settings-show-images","$v":"ყოველთვის მაჩვენე გამოსახ."},{"$i":"settings-download-attachments","$v":"დანართ. ჩამოტვ."},{"$i":"settings-check-every-5min","$v":"ყოველ 5 წუთში"},{"$i":"settings-check-every-10min","$v":"ყოველ 10 წუთში"},{"$i":"settings-check-every-15min","$v":"ყოველ 15 წუთში"},{"$i":"settings-check-every-30min","$v":"ყოველ 30 წუთში"},{"$i":"settings-check-every-60min","$v":"ყოველი საათი"},{"$i":"settings-check-every-manual","$v":"მექანიკურად"},{"$i":"settings-check-dynamic","$v":{"zero":"disabled","one":[{"t":"idOrVar","v":"n"}," second"],"two":[{"t":"idOrVar","v":"n"}," seconds"],"few":[{"t":"idOrVar","v":"n"}," seconds"],"many":[{"t":"idOrVar","v":"n"}," seconds"],"other":[{"t":"idOrVar","v":"n"}," seconds"]},"$x":[{"t":"idOrVar","v":"plural"},"n"]},{"$i":"settings-default-account","$v":"დაყენდა, როგორც ნაგულისხ. ელწერილი"},{"$i":"settings-account-type","$v":"ანგ. ტიპი"},{"$i":"settings-account-credentials","$v":"დეტალები"},{"$i":"settings-activesync-label","$v":"აქტსინქ. პარამ."},{"$i":"settings-imap-label","$v":"IMAP პარამეტ."},{"$i":"settings-pop3-label","$v":"POP3 პარამეტ."},{"$i":"settings-smtp-label","$v":"SMTP პარამეტ."},{"$i":"settings-hostname","$v":"საკვანძო სახელი"},{"$i":"settings-port","$v":"პორტი"},{"$i":"settings-username","$v":"მომხ. სახ."},{"$i":"settings-password","$v":"პაროლი"},{"$i":"settings-save","$v":"შენახვა"},{"$i":"password-saved","$v":"პაროლი შენახულია."},{"$i":"settings-reauth","$v":"ხელახალი ავტორიზაცია"},{"$i":"settings-account-synchronize-window","$v":"სინქ. დღეები"},{"$i":"settings-account-synchronize-window-select","ariaLabel":"სინქ. დღეები"},{"$i":"settings-synchronize-auto","$v":"ავტომატური"},{"$i":"settings-synchronize-one-day","$v":"1 დღე"},{"$i":"settings-synchronize-three-days","$v":"3 დღე"},{"$i":"settings-synchronize-one-week","$v":"1 კვირა"},{"$i":"settings-synchronize-two-weeks","$v":"2 კვირა"},{"$i":"settings-synchronize-one-month","$v":"1 თვე"},{"$i":"settings-synchronize-all","$v":"ყველა შეტყ."},{"$i":"envelope-from","$v":"გამომგზავნი"},{"$i":"envelope-to","$v":"იმისათვის, რომ"},{"$i":"envelope-cc","$v":"CC"},{"$i":"envelope-bcc","$v":"BCC"},{"$i":"message-header-state-sending","ariaLabel":"გაგზავნა"},{"$i":"message-header-state-error","ariaLabel":"შეცდომის გაგზ."},{"$i":"message-header-unread","ariaLabel":"წაუკითხავი"},{"$i":"message-header-reply","ariaLabel":"პასუხი"},{"$i":"message-header-forward","ariaLabel":"გადამისამართ."},{"$i":"message-header-starred","ariaLabel":"აქვს ვარსკვლავი"},{"$i":"message-header-attachments","ariaLabel":"აქვს დანართები"},{"$i":"message-body-container","ariaLabel":"შეტყ. ტექსტი"},{"$i":"message-body-container-progress","ariaValueText":"ჩატვირთვა"},{"$i":"subject","ariaLabel":"თემა"},{"$i":"attachments-container","ariaLabel":"დანართები"},{"$i":"from-group","ariaLabel":"გამომგზავნი"},{"$i":"to-group","ariaLabel":"იმისათვის, რომ"},{"$i":"cc-group","ariaLabel":"CC"},{"$i":"bcc-group","ariaLabel":"BCC"},{"$i":"compose-header","$v":"შეტყ. შექმნა"},{"$i":"compose-header-short","$v":"შექმნა"},{"$i":"compose-send","$v":"გაგზავნა"},{"$i":"compose-send-button","ariaLabel":"გაგზავნა"},{"$i":"compose-to","$v":"ვისთან"},{"$i":"compose-cc","$v":"CC"},{"$i":"compose-bcc","$v":"BCC"},{"$i":"compose-cc-remove","$v":"ასლების სია წაიშალა."},{"$i":"compose-bcc-remove","$v":"ბრმა ასლების სია წაიშალა."},{"$i":"compose-contact-add","ariaLabel":"კონტაქ. დამატ."},{"$i":"compose-attachments","$v":{"zero":"Attachment","one":["Attachment (",{"t":"idOrVar","v":"n"},")"],"two":["Attachments (",{"t":"idOrVar","v":"n"},")"],"few":["Attachments (",{"t":"idOrVar","v":"n"},")"],"many":["Attachments (",{"t":"idOrVar","v":"n"},")"],"other":["Attachments (",{"t":"idOrVar","v":"n"},")"]},"$x":[{"t":"idOrVar","v":"plural"},"n"]},{"$i":"compose-text","ariaLabel":"რედაქტ."},{"$i":"compose-attachment-still-working","$v":"ერთი წუთით, ჯერ კიდევ წინა დანართზე მუშაობთ..."},{"$i":"compose-attachment-loading","$v":"დანართის ჩატვირთვა ..."},{"$i":"compose-attachments-loading","$v":"დანართების ჩატვირთვა ..."},{"$i":"compose-forward-attachment-error-title","$v":"ჩამოტვირთვა ვერ მოხერხდა."},{"$i":"compose-forward-attachment-error-title2","$v":"შეცდომა"},{"$i":"compose-forward-attachment-unable-load","$v":"დანართის ჩატვირთვა ვერ ხერხდება."},{"$i":"compose-forward-attachments-unable-load","$v":"დანართების ჩატვირთვა ვერ ხერხდება."},{"$i":"compose-forward-attachment-load-error","$v":"ზოგიერთი დანართი ვერ ჩაიტვირთა."},{"$i":"confirmation-title","$v":"დადასტურება"},{"$i":"compose-subject","$v":"თემა"},{"$i":"compose-draft-save","$v":"შევინახო ადგ. მონახაზებში?"},{"$i":"compose-discard-confirm","$v":"გაუქმება"},{"$i":"compose-draft-dialog-cancel","$v":"გაუქმება"},{"$i":"compose-draft-dialog-save","$v":"შენახვა"},{"$i":"composer-draft-saved","$v":"შერტყ. შენახულია ადგ. მონახაზებში"},{"$i":"attention","$v":"ყურადღება"},{"$i":"compose-send-message-failed","$v":"ელფოსტის გაგზავნა ვერ მოხერხდა"},{"$i":"compose-attchment-size-exceeded","$v":"არჩეული დანართი ძალიან დიდია ამ შეტყ. გასაგზავნად."},{"$i":"compose-attchments-size-exceeded","$v":"არჩეული დანართები ძალიან დიდია ამ შეტყ. გასაგზავნად. ეცადეთ აირჩიოთ რამდენიმე ფაილი."},{"$i":"composer-attachment-large-title","$v":"ფაილის ზომა ძალიან დიდია"},{"$i":"default-attachment-filename","$v":["დანართი",{"t":"idOrVar","v":"n"}]},{"$i":"attachment-size-meb","$v":[{"t":"idOrVar","v":"megabytes"}," MB"]},{"$i":"attachment-size-kib","$v":[{"t":"idOrVar","v":"kilobytes"}," KB"]},{"$i":"attachment-size-byte","$v":[{"t":"idOrVar","v":"bytes"}," ბ"]},{"$i":"message-attachment-view","$v":"ნახვა"},{"$i":"message-attachment-did-not-open-label","$v":"გახსნა შეუძლებელია"},{"$i":"message-attachment-did-not-open-body","$v":"მოწყ. არ აქვს აპი, რომელსაც შეუძლია გახსნას დანართი."},{"$i":"message-attachment-too-large","$v":"ეს ფაილი ძალიან დიდია ჩამოსატვირთად."},{"$i":"message-attachment-not-found","$v":"დანართის პოვნა შეუძლებელია, შეიძლება წაიშალა."},{"$i":"message-attachment-download-fail","$v":[{"t":"idOrVar","v":"fileName"}," -ჩამოტვირთვა ვერ მოხერხდა."]},{"$i":"message-no-subject","$v":"(თემის გარეშე)"},{"$i":"message-edit-menu-edit","$v":"რედაქტ."},{"$i":"message-edit-menu-delete","$v":"წაშლა"},{"$i":"message-edit-delete-confirm","$v":"წავშალო ელწერილის შეტყობინება?"},{"$i":"message-forward-attachment-title","$v":"მიმაგრება"},{"$i":"message-forward-attachment","$v":"დანართიც გადავაგზავნოთ?"},{"$i":"message-forward-attachments","$v":"დანართებიც გადავაგზავნოთ?"},{"$i":"message-multiedit-header","$v":{"zero":[{"t":"idOrVar","v":"n"}," selected"],"one":[{"t":"idOrVar","v":"n"}," selected"],"two":[{"t":"idOrVar","v":"n"}," selected"],"few":[{"t":"idOrVar","v":"n"}," selected"],"many":[{"t":"idOrVar","v":"n"}," selected"],"other":[{"t":"idOrVar","v":"n"}," selected"]},"$x":[{"t":"idOrVar","v":"plural"},"n"]},{"$i":"message-multiedit-search-header","$v":{"zero":"0 selected","one":[{"t":"idOrVar","v":"n"}," selected"],"two":[{"t":"idOrVar","v":"n"}," selected"],"few":[{"t":"idOrVar","v":"n"}," selected"],"many":[{"t":"idOrVar","v":"n"}," selected"],"other":[{"t":"idOrVar","v":"n"}," selected"]},"$x":[{"t":"idOrVar","v":"plural"},"n"]},{"$i":"browse-to-url-prompt","$v":["მოვიძიო URL?: ",{"t":"idOrVar","v":"url"}]},{"$i":"message-download-images-tap","$v":{"one":"This email contains one image. Tap to download.","two":["This email contains ",{"t":"idOrVar","v":"n"}," images. Tap to download."],"few":["This email contains ",{"t":"idOrVar","v":"n"}," images. Tap to download."],"many":["This email contains ",{"t":"idOrVar","v":"n"}," images. Tap to download."],"other":["This email contains ",{"t":"idOrVar","v":"n"}," images. Tap to download."]},"$x":[{"t":"idOrVar","v":"plural"},"n"]},{"$i":"message-show-external-images","$v":"გარე გამოსახ. ჩვენება"},{"$i":"message-delete-cancel","$v":"გაუქმება"},{"$i":"message-multiedit-delete-confirm","$v":{"one":"Delete selected message?","two":["Delete ",{"t":"idOrVar","v":"n"}," messages?"],"few":["Delete ",{"t":"idOrVar","v":"n"}," messages?"],"many":["Delete ",{"t":"idOrVar","v":"n"}," messages?"],"other":["Delete ",{"t":"idOrVar","v":"n"}," messages?"]},"$x":[{"t":"idOrVar","v":"plural"},"n"]},{"$i":"message-large-message-cancel","$v":"გაუქმება"},{"$i":"message-large-message-ok","$v":"გაგრძ."},{"$i":"message-large-message-confirm","$v":"ეს შეტყ. დიდია და შეიძლება დაჭირდეს გარკვეული დრო ჩამოტვირთვისთვის."},{"$i":"message-large-message-warning","$v":"შეტყ. მეტისმეტად დიდია ასატვირთად."},{"$i":"message-search-header","$v":"ძიება"},{"$i":"search-result","$v":[{"t":"idOrVar","v":"num"}," დამთხვ. ნაპოვნია"]},{"$i":"message-search-from","$v":"გამომგზავნი"},{"$i":"message-search-to","$v":"იმისათვის, რომ"},{"$i":"message-search-subject","$v":"თემა"},{"$i":"message-search-body","$v":"ტექსტი"},{"$i":"message-search-all","$v":"ყველა"},{"$i":"message-search-input","placeholder":"ელწერილ. ძიება"},{"$i":"message-search-cancel","$v":"გაუქმება"},{"$i":"messages-syncing","$v":"შეტყ. ჩატვირთვა"},{"$i":"messages-syncing-progressbar","ariaValueText":"შეტყ. ჩატვირთვა"},{"$i":"messages-load-more","$v":"მეტი შეტყ. ჩატვირთვა"},{"$i":"messages-folder-empty","$v":"ამ საქაღ. წერილი არ არის"},{"$i":"messages-search-empty","$v":"ადგილ. ქეშირებული შეტყ. არ ემთხვევა"},{"$i":"messages-folder-select","$v":"საქაღ-ში გადატანა"},{"$i":"messages-folder-unread-max","$v":"999"},{"$i":"message-contact-menu-create","$v":"ახალი კონტაქ. შენახვა"},{"$i":"message-contact-menu-add-existing","$v":"არს. კონტაქტზე დამატება"},{"$i":"message-contact-menu-view","$v":"კონტაქტის ნახვა"},{"$i":"message-contact-menu-reply","$v":"პასუხი"},{"$i":"message-contact-menu-new","$v":"ახალი ელწერილის გაგზავნა"},{"$i":"message-reply-menu-reply","$v":"პასუხი"},{"$i":"message-reply-menu-reply-all","$v":"პასუხი ყველას"},{"$i":"message-reply-menu-forward","$v":"გადამისამართ."},{"$i":"message-reply-menu-cancel","$v":"გაუქმება"},{"$i":"reply-quoting-wrote","$v":"{სახელი} დაწერა"},{"$i":"forward-original-message","$v":"თავდაპ. შეტყ."},{"$i":"forward-header-subject","$v":"თემა"},{"$i":"forward-header-date","$v":"თარიღი"},{"$i":"forward-header-from","$v":"გამომგზავნი"},{"$i":"forward-header-reply-to","$v":"პასუხი -ვის"},{"$i":"forward-header-to","$v":"იმისათვის, რომ"},{"$i":"forward-header-cc","$v":"CC"},{"$i":"folder-inbox","$v":"შემოსულები"},{"$i":"folder-sent","$v":"გაგზავნილი"},{"$i":"folder-drafts","$v":"მონახაზები"},{"$i":"folder-trash","$v":"წაშლილი"},{"$i":"folder-queue","$v":"გაუგზავნელი"},{"$i":"folder-junk","$v":"არასასურვ. ფოსტა"},{"$i":"folder-archives","$v":"არქივები"},{"$i":"folder-localdrafts","$v":"ადგილ. მონახ."},{"$i":"folder-outbox","$v":"გასაგზ."},{"$i":"drawer-back","$v":"უკან"},{"$i":"drawer-accounts-header","$v":"ანგარიშები"},{"$i":"drawer-settings-link","$v":"პარამ."},{"$i":"folder-last-synced-label","$v":"უკანასკ. სინქ:"},{"$i":"messages-refresh-progress","ariaValueText":"განახლება"},{"$i":"no-internet-connection","$v":"ინტერნეტთან კავშირი არ არის."},{"$i":"toaster-undo","$v":"მოქმედების დაბრუნება"},{"$i":"toaster-message-star","$v":{"one":"Message flagged.","two":[{"t":"idOrVar","v":"n"}," messages flagged."],"few":[{"t":"idOrVar","v":"n"}," messages flagged."],"many":[{"t":"idOrVar","v":"n"}," messages flagged."],"other":[{"t":"idOrVar","v":"n"}," messages flagged."]},"$x":[{"t":"idOrVar","v":"plural"},"n"]},{"$i":"toaster-message-unstar","$v":{"one":"Message flag removed.","two":[{"t":"idOrVar","v":"n"}," message flags removed."],"few":[{"t":"idOrVar","v":"n"}," message flags removed."],"many":[{"t":"idOrVar","v":"n"}," message flags removed."],"other":[{"t":"idOrVar","v":"n"}," message flags removed."]},"$x":[{"t":"idOrVar","v":"plural"},"n"]},{"$i":"toaster-message-read","$v":{"one":"Marked as read.","two":[{"t":"idOrVar","v":"n"}," messages marked as read."],"few":[{"t":"idOrVar","v":"n"}," messages marked as read."],"many":[{"t":"idOrVar","v":"n"}," messages marked as read."],"other":[{"t":"idOrVar","v":"n"}," messages marked as read."]},"$x":[{"t":"idOrVar","v":"plural"},"n"]},{"$i":"toaster-message-unread","$v":{"one":"Marked as unread.","two":[{"t":"idOrVar","v":"n"}," messages marked as unread."],"few":[{"t":"idOrVar","v":"n"}," messages marked as unread."],"many":[{"t":"idOrVar","v":"n"}," messages marked as unread."],"other":[{"t":"idOrVar","v":"n"}," messages marked as unread."]},"$x":[{"t":"idOrVar","v":"plural"},"n"]},{"$i":"toaster-message-move","$v":{"one":"Message moved to folder: ","two":[{"t":"idOrVar","v":"n"}," messages moved to folder: "],"few":[{"t":"idOrVar","v":"n"}," messages moved to folder: "],"many":[{"t":"idOrVar","v":"n"}," messages moved to folder: "],"other":[{"t":"idOrVar","v":"n"}," messages moved to folder: "]},"$x":[{"t":"idOrVar","v":"plural"},"n"]},{"$i":"toaster-message-delete","$v":{"one":"1 mail deleted.","two":[{"t":"idOrVar","v":"n"}," mails deleted."],"few":[{"t":"idOrVar","v":"n"}," mails deleted."],"many":[{"t":"idOrVar","v":"n"}," mails deleted."],"other":[{"t":"idOrVar","v":"n"}," mails deleted."]},"$x":[{"t":"idOrVar","v":"plural"},"n"]},{"$i":"toaster-sync-failed","$v":"სერვერთან დაკავშირება ვერ ხერხდება."},{"$i":"compose-invalid-addresses-title","$v":"არასწ. მისამართები"},{"$i":"compose-invalid-addresses-description","$v":"თქვენი შეტყ. შეიცავს ერთ ან მეთ არასწორ ელ. მისამართს. გთხოვთ გაასწოროთ ისინი გაგზავნამდე."},{"$i":"background-send-pending","$v":"ქსელი მიუწვდომელია. ელფოსტა შენახულია გასაგზავნში."},{"$i":"background-send-sending","$v":"ელწერილის გაგზავნა..."},{"$i":"background-send-success","$v":"ელფოსტა გაიგზავნა."},{"$i":"background-send-error","$v":"დაფიქსირდა შეცდომა. ელფოსტა შენახულია გასაგზავნში."},{"$i":"background-send-error-recipients","$v":"მიმღ. შეცდომა. ელფოსტა შენახულია გასაგზავნში."},{"$i":"background-send-error-title","$v":"ელფოსტის გაგზავნა ვერ მოხერხდა"},{"$i":"send-failure-recipients","$v":"შეამოწმეთ ზემოთ მისამართების მართლწერა. თქვენი ელფოსტის სერვერის მითითებული ერთი ან მეტი მისამართი არასწორია."},{"$i":"send-failure-unknown","$v":"შეტყობინების გაგზავნა შეუძლებელია."},{"$i":"form-clear-input","$v":"ტექსტის წაშლა"},{"$i":"confirm-dialog-title","$v":"დადასტურება"},{"$i":"confirm-dialog-ok","$v":"OK"},{"$i":"msg-display-subject","$v":"თემა"},{"$i":"msg-reader-display-attachments","$v":"დანართები"},{"$i":"msg-reader-display-attachment","$v":"მიმაგრება"},{"$i":"msg-reader-download-external-images","$v":["გარე გამოსახულ. ჩამოტვ (",{"t":"idOrVar","v":"n"}," MB)"]},{"$i":"msg-reader-sender-header","$v":"გამომგზავნი"},{"$i":"msg-reader-recipients-header","$v":"მიმღებები"},{"$i":"msg-reader-cc-header","$v":"CC"},{"$i":"msg-reader-bcc-header","$v":"BCC"},{"$i":"msg-reader-message-flagged","$v":"შეტყ. ალამია"},{"$i":"msg-reader-flag-removed","$v":"ალამო წაშლილია"},{"$i":"external-image-downloading","$v":"ჩამოტვირთვა..."},{"$i":"senders-separation-sign","$v":", "},{"$i":"new-messages","$v":{"one":"1 New Message","two":[{"t":"idOrVar","v":"n"}," New Messages"],"few":[{"t":"idOrVar","v":"n"}," New Messages"],"many":[{"t":"idOrVar","v":"n"}," New Messages"],"other":[{"t":"idOrVar","v":"n"}," New Messages"]},"$x":[{"t":"idOrVar","v":"plural"},"n"]},{"$i":"new-emails-notify-one-account","$v":{"one":"1 New Email","two":[{"t":"idOrVar","v":"n"}," New Emails"],"few":[{"t":"idOrVar","v":"n"}," New Emails"],"many":[{"t":"idOrVar","v":"n"}," New Emails"],"other":[{"t":"idOrVar","v":"n"}," New Emails"]},"$x":[{"t":"idOrVar","v":"plural"},"n"]},{"$i":"new-emails-notify-multiple-accounts","$v":{"one":["1 New Email (",{"t":"idOrVar","v":"accountName"},")"],"two":[{"t":"idOrVar","v":"n"}," New Emails (",{"t":"idOrVar","v":"accountName"},")"],"few":[{"t":"idOrVar","v":"n"}," New Emails (",{"t":"idOrVar","v":"accountName"},")"],"many":[{"t":"idOrVar","v":"n"}," New Emails (",{"t":"idOrVar","v":"accountName"},")"],"other":[{"t":"idOrVar","v":"n"}," New Emails (",{"t":"idOrVar","v":"accountName"},")"]},"$x":[{"t":"idOrVar","v":"plural"},"n"]},{"$i":"new-emails-notify-multiple-accounts-body","$v":[{"t":"idOrVar","v":"from"}," „",{"t":"idOrVar","v":"subject"},"“"]},{"$i":"tng-plain-socket-warning-title","$v":"დარწმუნებული ხართ?"},{"$i":"tng-plain-socket-warning-message","$v":"შეიძლება სხვებმა შეძლონ თქვენი პაროლებისა და ელწერილების ნახვა ან აკონტროლონ თქვენი ანგარიში."},{"$i":"tng-plain-socket-warning-message-options","$v":"მრავალი, უფასო ელფოსტის პროვაიდერი არსებობს, რომლებიც გთავაზობენ უსაფრთხო, დაშიფრულ კავშირებს."},{"$i":"tng-plain-socket-warning-ok","$v":"გავიგე"},{"$i":"message-reader-date-received","ariaLabel":"მიღებული"},{"$i":"sort-by-title","$v":"დალაგება"},{"$i":"sort-by-date","$v":"თარიღი"},{"$i":"sort-by-from","$v":"გამომგზავნი"},{"$i":"sort-by-to","$v":"იმისათვის, რომ"},{"$i":"sort-by-subject","$v":"თემა"},{"$i":"softkey-options","$v":"ვარიანტები"},{"$i":"opt-compose","$v":"შექმნა"},{"$i":"opt-reply","$v":"პასუხი"},{"$i":"opt-reply-all","$v":"უპასუხო ყველას"},{"$i":"opt-forward","$v":"გადამისამართ."},{"$i":"opt-mark-read","$v":"მონიშნეთ, როგორწ წაკითხ."},{"$i":"opt-mark-unread","$v":"მონიშნეთ, როგორწ წაუკითხ."},{"$i":"opt-add-flag","$v":"ალმის დამატება"},{"$i":"opt-remove-flag","$v":"ალმის წაშლა"},{"$i":"opt-move-message","$v":"საქაღ-ში გადატანა"},{"$i":"opt-delete-message","$v":"წაშლა"},{"$i":"opt-multi-select","$v":"აირჩიეთ მრავალი"},{"$i":"opt-search","$v":"ძიება"},{"$i":"opt-folders","$v":"საქაღ. ნახვა"},{"$i":"opt-sort","$v":"სორტირება"},{"$i":"opt-sync","$v":"სინქრონიზაცია"},{"$i":"opt-account","$v":"ჩართვის ანგარიში"},{"$i":"opt-settings","$v":"პარამ."},{"$i":"opt-edit","$v":"რედაქტ."},{"$i":"opt-cancel","$v":"გაუქმება"},{"$i":"opt-save","$v":"შენახვა"},{"$i":"opt-move","$v":"გადატანა"},{"$i":"opt-view","$v":"ნახვა"},{"$i":"opt-empty-trash","$v":"სანაგვე ყუთის დაცარიელება"},{"$i":"opt-call-number","$v":"ზარი"},{"$i":"opt-compose-mail","$v":"შექმნა"},{"$i":"opt-open-url","$v":"გახსნა"},{"$i":"select-option-on","$v":"ჩართული"},{"$i":"select-option-off","$v":"გამორთული"},{"$i":"select-option-imap-smtp","$v":"IMAP+SMTP"},{"$i":"select-option-pop3-smtp","$v":"POP3+SMTP"},{"$i":"select-option-activesync","$v":"აქტ.სინქ."},{"$i":"toaster-switch-account","$v":"ელფოსტის ანგ. გადაერთო:"},{"$i":"toaster-sorted-by","$v":"შეტყ. დაჯგუფდა -ის მიხედვით"},{"$i":"cmp-reply","$v":"პასუხი"},{"$i":"cmp-reply-all","$v":"უპასუხო ყველას"},{"$i":"cmp-forward","$v":"შეტყ. გადამისამ."},{"$i":"cmp-remove-attach","$v":"დანართი მოიხსნა"},{"$i":"select","$v":"არჩევა"},{"$i":"deselect","$v":"მონიშვნის მოხსნა"},{"$i":"cancel","$v":"გაუქმება"},{"$i":"enter","$v":"შესვლა"},{"$i":"remove-attachment","$v":"დანართის წაშლა"},{"$i":"replace-attachment","$v":"დანართის ჩანაცვლება"},{"$i":"add-attachment","$v":"დანართის დამატება"},{"$i":"add-contact","$v":"კონტაქტის დამატება"},{"$i":"add-cc","$v":"დაამ. Cc"},{"$i":"remove-cc","$v":"Cc-ის წაშლა"},{"$i":"add-bcc","$v":"დაამ. Bcc"},{"$i":"remove-bcc","$v":"Bcc-ის წაშლა"},{"$i":"attachment-download","$v":"ჩამოტვირთვა"},{"$i":"attachment-share","$v":"გაზიარება"},{"$i":"send-new-mail","$v":"ახალი ელწერილის გაგზავნა"},{"$i":"view-contact","$v":"კონტაქტის ნახვა"},{"$i":"save-new-contact","$v":"ახალი კონტაქ. შენახვა"},{"$i":"add-to-exsiting-contact","$v":"არს. კონტაქტზე დამატება"},{"$i":"no","$v":"არა"},{"$i":"yes","$v":"დიახ"},{"$i":"retry","$v":"გამეორება"},{"$i":"empty","$v":"ცარიელი"},{"$i":"empty-trash-confirm","$v":"გსურთ ნაგვის ყუთის დაცლა?"},{"$i":"trash-emptied","$v":"სანაგვე ყუთი დაცარიელდა"},{"$i":"next","$v":"შემდეგი"},{"$i":"welcome-header","$v":"ელფოსტა"},{"$i":"welcome-msg","$v":"კეთილი იყოს თქვენი მობრძანება ელფოსტაში."},{"$i":"welcome-msg-setup","$v":"თქვენი ელფოსტის ანგ. დასაყ. დააჭირეთ „შემდეგ“-ს."},{"$i":"discard","$v":"გაუქმება"},{"$i":"leave-this-page-warning-message","$v":"გსურთ წაშალოთ ელფოსტის ანგარიშის ინფორმაცია?"},{"$i":"finish","$v":"დასრულება"},{"$i":"setup-done-msg","$v":"თქვენ წარმატებით გაიარეთ რეგისტრ. გსურთ სხვა ანგ. დამატება?"},{"$i":"save-as-draft","$v":"შეინახე როგორც მონახაზი"},{"$i":"show-password","$v":"მაჩვენე პაროლი"},{"$i":"account-label","$v":"ანგარიშის წარწ."},{"$i":"folders","$v":"საქაღალდეები"},{"$i":"security","$v":"უსაფრთხოება"},{"$i":"port-number","$v":"პორტის ნომ."},{"$i":"domain-username","$v":"დომენი/მომხ. სახელი"},{"$i":"synchronizing","$v":"სინქრონიზაცია…"},{"$i":"browse-mail","$v":"ელფოსტის მოძიება"},{"$i":"never-sync","$v":"ადგილობრივი საქაღ. სინქ. შეუძლებელია"},{"$i":"emptyDownloadFile","$v":"ამ ფაილის ჩამოტვ. შეუძლებელია, ის შეიძლება ცარიელი იყოს"},{"$i":"sync","$v":"სინქრონიზაცია"},{"$i":"outbox-unsent-label","$v":{"one":"1 unsent message in Outbox","two":"2 unsent messages in Outbox","few":[{"t":"idOrVar","v":"n"}," unsent messages in Outbox"],"many":[{"t":"idOrVar","v":"n"}," unsent messages in Outbox"],"other":[{"t":"idOrVar","v":"n"}," unsent messages in Outbox"]},"$x":[{"t":"idOrVar","v":"plural"},"n"]},{"$i":"storage-full-title","$v":"მეხსიერება სავსეა"},{"$i":"storage-full-warning","$v":"თქვენ შეგიძლიათ წაშალოთ რამდენიმე მედია ფაილი ან მართოთ აპლიკ. მონაცემები ცოტაოდენი სივრცის გასათავისუფლებლად."},{"$i":"storage-full","$v":"ტელეფონის მეხსიერება სავსეა."},{"$i":"storage-sdcard-full","$v":"SD ბარათი სავსეა."},{"$i":"view-address","$v":"მისამართის ნახვა"},{"$i":"mail-address-title","$v":"ფოსტის მისამართი"},{"$i":"mail-address","$v":[{"t":"idOrVar","v":"address"}]},{"$i":"value-name","$v":[{"t":"idOrVar","v":"name"}]},{"$i":"account-deleted","$v":"ანგარიში წაშლილია."},{"$i":"account-reEnable","$v":"ანგარიში უკვე არსებობს. დასინქრონდეს ანგარიშის ელფოსტა?"},{"$i":"setup-account-usedInfo","$v":"ეს ანგარიში გამოყენებული იქნება ქვემოთ მოცემულ აპებში. შეგიძლიათ შეცვალოთ ეს მენიუში: პარამეტრები > ანგარიში."},{"$i":"setup-account-settingsInfo","$v":"თითოეულ აპს აქვს სხვადასხვა ნაგულისხმევი სინქრონიზაციის ინტერვალი, გთხოვთ შეამოწმოთ აპის პარამეტრები."},{"$i":"app-calendar","$v":"კალენდარი"},{"$i":"app-contacts","$v":"კონტაქტები"},{"$i":"app-email","$v":"ელფოსტა"},{"$i":"weekday-0-long","$v":"კვირა"},{"$i":"weekday-1-long","$v":"ორშაბათი"},{"$i":"weekday-2-long","$v":"სამშაბათი"},{"$i":"weekday-3-long","$v":"ოთხშაბათი"},{"$i":"weekday-4-long","$v":"ხუთშაბათი"},{"$i":"weekday-5-long","$v":"პარასკევი"},{"$i":"weekday-6-long","$v":"შაბათი"},{"$i":"weekday-0-short","$v":"კვი"},{"$i":"weekday-1-short","$v":"ორშ"},{"$i":"weekday-2-short","$v":"სამ"},{"$i":"weekday-3-short","$v":"ოთხ"},{"$i":"weekday-4-short","$v":"ხუთ"},{"$i":"weekday-5-short","$v":"პარ"},{"$i":"weekday-6-short","$v":"შაბ"},{"$i":"month-0-long","$v":"იანვარი"},{"$i":"month-1-long","$v":"თებერვალი"},{"$i":"month-2-long","$v":"მარტი"},{"$i":"month-3-long","$v":"აპრილი"},{"$i":"month-4-long","$v":"მაისი"},{"$i":"month-5-long","$v":"ივნისი"},{"$i":"month-6-long","$v":"ივლისი"},{"$i":"month-7-long","$v":"აგვისტო"},{"$i":"month-8-long","$v":"სექტემბერი"},{"$i":"month-9-long","$v":"ოქტომბერი"},{"$i":"month-10-long","$v":"ნოემბერი"},{"$i":"month-11-long","$v":"დეკემბერი"},{"$i":"month-0-genitive","$v":"იანვარი"},{"$i":"month-1-genitive","$v":"თებერვალი"},{"$i":"month-2-genitive","$v":"მარტი"},{"$i":"month-3-genitive","$v":"აპრილი"},{"$i":"month-4-genitive","$v":"მაისი"},{"$i":"month-5-genitive","$v":"ივნისი"},{"$i":"month-6-genitive","$v":"ივლისი"},{"$i":"month-7-genitive","$v":"აგვისტო"},{"$i":"month-8-genitive","$v":"სექტემბერი"},{"$i":"month-9-genitive","$v":"ოქტომბერი"},{"$i":"month-10-genitive","$v":"ნოემბერი"},{"$i":"month-11-genitive","$v":"დეკემბერი"},{"$i":"month-0-short","$v":"იანვ"},{"$i":"month-1-short","$v":"თებ"},{"$i":"month-2-short","$v":"მარ"},{"$i":"month-3-short","$v":"აპრ"},{"$i":"month-4-short","$v":"მაისი"},{"$i":"month-5-short","$v":"ივნ"},{"$i":"month-6-short","$v":"ივლ"},{"$i":"month-7-short","$v":"აგვ"},{"$i":"month-8-short","$v":"სექ"},{"$i":"month-9-short","$v":"ოქტ"},{"$i":"month-10-short","$v":"ნოე"},{"$i":"month-11-short","$v":"დეკ"},{"$i":"minutes-ago-long","$v":{"few":[{"t":"idOrVar","v":"value"}," წუთის წინ"],"many":[{"t":"idOrVar","v":"value"}," წუთის წინ"],"one":"ერთი წუთის წინ","other":[{"t":"idOrVar","v":"value"}," წუთის წინ"],"two":[{"t":"idOrVar","v":"value"}," წუთის წინ"],"zero":"ეს-ეს არის"},"$x":[{"t":"idOrVar","v":"plural"},"value"]},{"$i":"hours-ago-long","$v":{"few":[{"t":"idOrVar","v":"value"}," საათის წინ"],"many":[{"t":"idOrVar","v":"value"}," საათის წინ"],"one":"ერთი საათის წინ","other":[{"t":"idOrVar","v":"value"}," საათის წინ"],"two":[{"t":"idOrVar","v":"value"}," საათის წინ"],"zero":"ეს-ეს არის"},"$x":[{"t":"idOrVar","v":"plural"},"value"]},{"$i":"days-ago-long","$v":{"few":[{"t":"idOrVar","v":"value"}," დღის წინ"],"many":[{"t":"idOrVar","v":"value"}," დღის წინ"],"one":"გუშინ","other":[{"t":"idOrVar","v":"value"}," დღის წინ"],"two":[{"t":"idOrVar","v":"value"}," დღის წინ"],"zero":"დღეს"},"$x":[{"t":"idOrVar","v":"plural"},"value"]},{"$i":"weeks-ago-long","$v":{"few":[{"t":"idOrVar","v":"value"}," კვირის წინ"],"many":[{"t":"idOrVar","v":"value"}," კვირის წინ"],"one":"გასული კვირა","other":[{"t":"idOrVar","v":"value"}," კვირის წინ"],"two":[{"t":"idOrVar","v":"value"}," კვირის წინ"],"zero":"ეს კვირა"},"$x":[{"t":"idOrVar","v":"plural"},"value"]},{"$i":"months-ago-long","$v":{"few":[{"t":"idOrVar","v":"value"}," თვის წინ"],"many":[{"t":"idOrVar","v":"value"}," თვის წინ"],"one":"გასული თვე","other":[{"t":"idOrVar","v":"value"}," თვის წინ"],"two":[{"t":"idOrVar","v":"value"}," თვის წინ"],"zero":"ეს თვე"},"$x":[{"t":"idOrVar","v":"plural"},"value"]},{"$i":"years-ago-long","$v":{"few":[{"t":"idOrVar","v":"value"}," წლის წინ"],"many":[{"t":"idOrVar","v":"value"}," წლის წინ"],"one":"გასული წელი","other":[{"t":"idOrVar","v":"value"}," წლის წინ"],"two":[{"t":"idOrVar","v":"value"}," წლის წინ"],"zero":"ეს წელი"},"$x":[{"t":"idOrVar","v":"plural"},"value"]},{"$i":"minutes-until-long","$v":{"few":[{"t":"idOrVar","v":"value"}," წუთში"],"many":[{"t":"idOrVar","v":"value"}," წუთში"],"one":"წუთში","other":[{"t":"idOrVar","v":"value"}," წუთში"],"two":[{"t":"idOrVar","v":"value"}," წუთში"],"zero":"ახლა"},"$x":[{"t":"idOrVar","v":"plural"},"value"]},{"$i":"hours-until-long","$v":{"few":[{"t":"idOrVar","v":"value"}," საათში"],"many":[{"t":"idOrVar","v":"value"}," საათში"],"one":"საათში","other":[{"t":"idOrVar","v":"value"}," საათში"],"two":[{"t":"idOrVar","v":"value"}," საათში"],"zero":"ახლა"},"$x":[{"t":"idOrVar","v":"plural"},"value"]},{"$i":"days-until-long","$v":{"few":[{"t":"idOrVar","v":"value"}," დღეში"],"many":[{"t":"idOrVar","v":"value"}," დღეში"],"one":"ხვალ","other":[{"t":"idOrVar","v":"value"}," დღეში"],"two":[{"t":"idOrVar","v":"value"}," დღეში"],"zero":"დღეს"},"$x":[{"t":"idOrVar","v":"plural"},"value"]},{"$i":"weeks-until-long","$v":{"few":[{"t":"idOrVar","v":"value"}," კვირაში"],"many":[{"t":"idOrVar","v":"value"}," კვირაში"],"one":"მომდევნო კვირა","other":[{"t":"idOrVar","v":"value"}," კვირაში"],"two":[{"t":"idOrVar","v":"value"}," კვირაში"],"zero":"ეს კვირა"},"$x":[{"t":"idOrVar","v":"plural"},"value"]},{"$i":"months-until-long","$v":{"few":[{"t":"idOrVar","v":"value"}," თვეში"],"many":[{"t":"idOrVar","v":"value"}," თვეში"],"one":"მომდევნო თვე","other":[{"t":"idOrVar","v":"value"}," თვეში"],"two":[{"t":"idOrVar","v":"value"}," თვეში"],"zero":"ეს თვე"},"$x":[{"t":"idOrVar","v":"plural"},"value"]},{"$i":"years-until-long","$v":{"few":[{"t":"idOrVar","v":"value"}," წელში"],"many":[{"t":"idOrVar","v":"value"}," წელში"],"one":"მომდევნო წელი","other":[{"t":"idOrVar","v":"value"}," წელში"],"two":[{"t":"idOrVar","v":"value"}," წელში"],"zero":"ეს წელი"},"$x":[{"t":"idOrVar","v":"plural"},"value"]},{"$i":"minutes-ago-short","$v":{"other":[{"t":"idOrVar","v":"value"},"თ წინ"],"zero":"ეს-ეს არის"},"$x":[{"t":"idOrVar","v":"plural"},"value"]},{"$i":"hours-ago-short","$v":{"other":[{"t":"idOrVar","v":"value"},"სთ წინ"],"zero":"ეს-ეს არის"},"$x":[{"t":"idOrVar","v":"plural"},"value"]},{"$i":"days-ago-short","$v":{"other":[{"t":"idOrVar","v":"value"},"დ წინ"],"zero":"დღეს"},"$x":[{"t":"idOrVar","v":"plural"},"value"]},{"$i":"minutes-until-short","$v":{"other":[{"t":"idOrVar","v":"value"},"წთ-ში"],"zero":"ახლა"},"$x":[{"t":"idOrVar","v":"plural"},"value"]},{"$i":"hours-until-short","$v":{"other":[{"t":"idOrVar","v":"value"},"სთ-ში"],"zero":"ახლა"},"$x":[{"t":"idOrVar","v":"plural"},"value"]},{"$i":"days-until-short","$v":{"other":[{"t":"idOrVar","v":"value"},"დღ-ში"],"zero":"დღეს"},"$x":[{"t":"idOrVar","v":"plural"},"value"]},{"$i":"incorrectDate","$v":"(არასწორი თარიღი)"},{"$i":"dateTimeFormat_%c","$v":"%a %b %e %Y %I:%M:%S %p"},{"$i":"dateTimeFormat_%x","$v":"%m/%d/%Y"},{"$i":"dateTimeFormat_%X","$v":"%I:%M:%S %p"},{"$i":"shortTimeFormat","$v":"%I:%M %p"},{"$i":"shortTimeFormat12","$v":"%I:%M %p"},{"$i":"shortTimeFormat24","$v":"%H:%M"},{"$i":"shortDateTimeFormat","$v":"%x %I:%M %p"},{"$i":"weekStartsOnMonday","$v":"0.0"},{"$i":"firstDayOfTheWeek","$v":"1.0"},{"$i":"time_am","$v":"AM"},{"$i":"time_pm","$v":"PM"}]