[{"$i":"setup-app-name-header","$v":"E-pasts"},{"$i":"setup-empty-account-message","$v":"Jūs nevarat nosūtīt vai saņemt e-pastus. Lai pabeigtu darbību, izveidojiet kontu."},{"$i":"setup-pick-service","$v":"Lai nosūtītu un saņemtu e-pastu, jums nepieciešams izveidot kontu."},{"$i":"setup-account-header3","$v":"Konta pieteikšanās"},{"$i":"setup-account-password","$v":"Parole"},{"$i":"setup-info-next","$v":"Nākamais"},{"$i":"setup-progress-wait-msg","$v":"Konta izveide"},{"$i":"setup-sync-progress-wait-msg","$v":"Konta sinhronizēšana"},{"$i":"setup-completed-header","$v":"Apsveicam!"},{"$i":"setup-completed-label","$v":"Gatavs!"},{"$i":"setup-add-another-account","$v":"Pievienot citu kontu"},{"$i":"setup-show-mail","$v":"Turpināt darbu e-pastā"},{"$i":"setup-done-add","$v":"Pievienot kontu"},{"$i":"setup-error-offline","$v":"Šī ierīce pašlaik ir bezsaistē. Izveidojiet savienojumu ar tīklu un mēģiniet vēlreiz."},{"$i":"setup-error-bad-user-or-pass2","$v":"Nederīgs lietotājvārds vai parole. Pārbaudiet vai tajā nav kļūdu."},{"$i":"setup-error-bad-address","$v":"Nederīga e-pasta adrese. Pārbaudiet, vai tajā nav kļūdu."},{"$i":"setup-error-not-authorized","$v":"Saskaņā ar serveri, jums nav tiesību izveidot kontu"},{"$i":"setup-error-pop-server-not-great","$v":"Serveris nav atbalstīts. POP3 serveris neīsteno nepieciešamās funkcijas."},{"$i":"setup-error-unknown2","$v":"Radās nezināma kļūda. Pārbaudiet tīkla savienojumu vai izmēģiniet manuālās konfigurācijas opciju."},{"$i":"setup-error-needs-app-pass","$v":"Lai izmantotu divfaktoru Gmail kontus, jums ir jāievada īpaša parole"},{"$i":"setup-error-imap-disabled","$v":"Jums ir jāiespējo IMAP savam Gmail kontam"},{"$i":"setup-error-pop3-disabled","$v":"Jums ir jāiespējo POP3 savam Gmail kontam"},{"$i":"setup-error-bad-security","$v":["Nevar izveidot drošu savienojumu ar \"",{"t":"idOrVar","v":"server"},"\". Jūsu tīklā vai serverī var būt problēma."]},{"$i":"setup-error-unresponsive-server","$v":["Nevar izveidot savienojumu ar \"",{"t":"idOrVar","v":"server"},"\". Tīklā var būt problēma."]},{"$i":"setup-error-server-problem","$v":["Serverī \"",{"t":"idOrVar","v":"server"},"\" radusies problēma. Vēlāk mēģiniet vēlreiz."]},{"$i":"setup-error-no-config-info","$v":"Nevar automātiski konfigurēt jūsu kontu. Izlabojiet savu e-pasta adresi vai izmēģiniet manuālās konfigurācijas opciju."},{"$i":"setup-error-server-maintenance","$v":["Serveris \"",{"t":"idOrVar","v":"server"},"\" tiek uzturēts bezsaistē. Pamēģini vēlreiz vēlāk."]},{"$i":"setup-error-account-already-exists","$v":"Šis konts jau ir konfigurēts."},{"$i":"setup-manual-config2","$v":"Papildu"},{"$i":"setup-manual-config-header","$v":"Konta pieteikšanās"},{"$i":"setup-manual-account-type-header","$v":"Konta tips"},{"$i":"setup-manual-account-type","$v":"Konta tips"},{"$i":"setup-manual-account-type-select","ariaLabel":"Konta tips"},{"$i":"setup-manual-imap-header","$v":"IMAP iestatījumi"},{"$i":"setup-manual-pop3-header","$v":"POP3 iestatījumi"},{"$i":"setup-manual-smtp-header","$v":"SMTP iestatījumi"},{"$i":"setup-manual-activesync-header","$v":"ActiveSync iestatījumi"},{"$i":"setup-manual-next","$v":"Nākamais"},{"$i":"setup-manual-socket","$v":"Ligzdas tips"},{"$i":"setup-manual-socket-ssl","$v":"SSL"},{"$i":"setup-manual-socket-starttls","$v":"STARTTLS"},{"$i":"setup-manual-socket-select","ariaLabel":"Savienojuma drošība"},{"$i":"setup-manual-socket-plain","$v":"Nešifrēta"},{"$i":"setup-bad-password-header","$v":"Nepareiza parole!"},{"$i":"setup-bad-password","$v":"Nevarēja pierakstīties serverī. Lūdzu, mēģiniet vēlreiz."},{"$i":"setup-new-password","placeholder":"Jaunā parole"},{"$i":"setup-fix-password","$v":"Ievadiet vēlreiz jauno paroli"},{"$i":"setup-gmail-twofactor-header","$v":"Divu faktoru režīms ir iespējots"},{"$i":"setup-gmail-twofactor-message","$v":"Zemāk ir jāievada īpašā lietojumprogrammas parole."},{"$i":"setup-gmail-imap-header","$v":"IMAP ir atspējots"},{"$i":"setup-gmail-imap-message","$v":"Jums ir jāiespējo IMAP savā Gmail kontā"},{"$i":"setup-gmail-retry","$v":"Atkārtot"},{"$i":"setup-gmail-pop3-header","$v":"POP3 atspējots"},{"$i":"setup-gmail-pop3-message","$v":"Jums ir jāiespējo POP3 savā Gmail kontā"},{"$i":"setup-fix-oauth2-header","$v":"Atkārtoti autorizēt e-pastu"},{"$i":"setup-fix-oauth2-description","$v":"E-pasts ir atkārtoti jāautorizē, lai piekļūtu šādam kontam:"},{"$i":"setup-fix-oauth2-reauthorize","$v":"Atkārtoti pilnvarot"},{"$i":"settings-main-header","$v":"E-pasta iestatījumi"},{"$i":"settings-sub-header-account","$v":"Konts"},{"$i":"settings-account-group","ariaLabel":"Konts"},{"$i":"settings-account-name","$v":"Jūsu vārds"},{"$i":"settings-account-label","$v":"Konta apzīmējums"},{"$i":"settings-account-display-notifications","$v":"Parādīt jaunus e-pasta paziņojumus"},{"$i":"settings-account-play-sound-onsend","$v":"Atskaņot signālu pēc ziņojuma nosūtīšanas"},{"$i":"settings-account-signature-label","$v":"Paraksts"},{"$i":"settings-sub-header-data","$v":"Dati"},{"$i":"settings-data-group","ariaLabel":"Dati"},{"$i":"settings-account-check-mail","$v":"Pārbaudiet, vai nav jaunu ziņojumu"},{"$i":"settings-account-check-mail-select","ariaLabel":"Pārbaudiet, vai nav jaunu ziņojumu"},{"$i":"settings-sub-header-server","$v":"Servera iestatījumi"},{"$i":"settings-server-group","ariaLabel":"Servera iestatījumi"},{"$i":"settings-account-userpass","$v":"Lietotājvārds un parole"},{"$i":"settings-account-useroauth2","$v":"Lietotājvārds"},{"$i":"settings-default-signature-2","$v":"Nosūtīts no mana tālruņa"},{"$i":"settings-done","$v":"Gatavs"},{"$i":"settings-account-section","$v":"Konti"},{"$i":"settings-account-listbox","ariaLabel":"Konti"},{"$i":"settings-account-add","$v":"Pievienot"},{"$i":"settings-account-delete","$v":"Dzēst acct"},{"$i":"settings-account-delete-prompt","$v":["Vai tiešām vēlaties dzēst ",{"t":"idOrVar","v":"account"}," e-pasta kontu?"]},{"$i":"settings-account-delete-desc","$v":"Lai atkārtotu konta izveidi, jums vēlreiz jālejuplādē e-pasts."},{"$i":"settings-account-delete-cancel","$v":"Atcelt"},{"$i":"settings-account-delete-confirm","$v":"Dzēst"},{"$i":"settings-account-clarify","$v":[{"t":"idOrVar","v":"account-name"}]},{"$i":"settings-account-clarify-imap","$v":[{"t":"idOrVar","v":"account-name"}," (IMAP)"]},{"$i":"settings-account-clarify-pop3","$v":[{"t":"idOrVar","v":"account-name"}," (POP3)"]},{"$i":"settings-account-clarify-smtp","$v":[{"t":"idOrVar","v":"account-name"}," (SMTP)"]},{"$i":"settings-general-section","$v":"Vispārīgi iestatījumi"},{"$i":"settings-show-images","$v":"Vienmēr rādīt attēlus"},{"$i":"settings-download-attachments","$v":"Pielikumu lejupielāde"},{"$i":"settings-check-every-5min","$v":"Ik pēc 5 minūtēm"},{"$i":"settings-check-every-10min","$v":"Ik pēc 10 minūtēm"},{"$i":"settings-check-every-15min","$v":"Ik pēc 15 minūtēm"},{"$i":"settings-check-every-30min","$v":"Ik pēc 30 minūtēm"},{"$i":"settings-check-every-60min","$v":"Reizi stundā"},{"$i":"settings-check-every-manual","$v":"Manuāli"},{"$i":"settings-check-dynamic","$v":{"few":[{"t":"idOrVar","v":"n"}," sekundes"],"many":[{"t":"idOrVar","v":"n"}," sekundes"],"one":[{"t":"idOrVar","v":"n"}," sekunde"],"other":[{"t":"idOrVar","v":"n"}," sekundes"],"two":[{"t":"idOrVar","v":"n"}," sekundes"],"zero":"atspējota"},"$x":[{"t":"idOrVar","v":"plural"},"n"]},{"$i":"settings-default-account","$v":"Iestatīt kā noklusējuma e-pastu"},{"$i":"settings-account-type","$v":"Konta tips"},{"$i":"settings-account-credentials","$v":"Akreditācijas dati"},{"$i":"settings-activesync-label","$v":"ActiveSync iestatījumi"},{"$i":"settings-imap-label","$v":"IMAP iestatījumi"},{"$i":"settings-pop3-label","$v":"POP3 iestatījumi"},{"$i":"settings-smtp-label","$v":"SMTP iestatījumi"},{"$i":"settings-hostname","$v":"Resursdatora nosaukums"},{"$i":"settings-port","$v":"Ports"},{"$i":"settings-username","$v":"Lietotājvārds"},{"$i":"settings-password","$v":"Parole"},{"$i":"settings-save","$v":"Saglabāt"},{"$i":"password-saved","$v":"Parole saglabāta."},{"$i":"settings-reauth","$v":"Atkārtoti pilnvarot"},{"$i":"settings-account-synchronize-window","$v":"Dienas līdz sinhronizācijai"},{"$i":"settings-account-synchronize-window-select","ariaLabel":"Dienas līdz sinhronizācijai"},{"$i":"settings-synchronize-auto","$v":"Automātiski"},{"$i":"settings-synchronize-one-day","$v":"1 diena"},{"$i":"settings-synchronize-three-days","$v":"3 dienas"},{"$i":"settings-synchronize-one-week","$v":"1 nedēļa"},{"$i":"settings-synchronize-two-weeks","$v":"2 nedēļas"},{"$i":"settings-synchronize-one-month","$v":"1 mēnesis"},{"$i":"settings-synchronize-all","$v":"Visi ziņojumi"},{"$i":"envelope-from","$v":"No"},{"$i":"envelope-to","$v":"Darbība"},{"$i":"envelope-cc","$v":"Kopija"},{"$i":"envelope-bcc","$v":"Diskr. kopija"},{"$i":"message-header-state-sending","ariaLabel":"Tiek sūtīts"},{"$i":"message-header-state-error","ariaLabel":"Sūtīšanas kļūda"},{"$i":"message-header-unread","ariaLabel":"Nelasīti"},{"$i":"message-header-reply","ariaLabel":"Atbildēt"},{"$i":"message-header-forward","ariaLabel":"Pārsūtīt"},{"$i":"message-header-starred","ariaLabel":"Ir zvaigzne"},{"$i":"message-header-attachments","ariaLabel":"Ir pielikumi"},{"$i":"message-body-container","ariaLabel":"Ziņojuma pamatteksts"},{"$i":"message-body-container-progress","ariaValueText":"Ielādēšana"},{"$i":"subject","ariaLabel":"Tēma"},{"$i":"attachments-container","ariaLabel":"Pielikumi"},{"$i":"from-group","ariaLabel":"No"},{"$i":"to-group","ariaLabel":"Darbība"},{"$i":"cc-group","ariaLabel":"Kopija"},{"$i":"bcc-group","ariaLabel":"Diskr. kopija"},{"$i":"compose-header","$v":"Sastādīt ziņojumu"},{"$i":"compose-header-short","$v":"Rakstīt"},{"$i":"compose-send","$v":"Sūtīt"},{"$i":"compose-send-button","ariaLabel":"Sūtīt"},{"$i":"compose-to","$v":"Kam:"},{"$i":"compose-cc","$v":"Kopija"},{"$i":"compose-bcc","$v":"Diskr. kopija"},{"$i":"compose-cc-remove","$v":"Kopijas saraksts noņemts."},{"$i":"compose-bcc-remove","$v":"Diskrētās kopijas saraksts noņemts."},{"$i":"compose-contact-add","ariaLabel":"Pievienot kontaktu"},{"$i":"compose-attachments","$v":{"few":["Pielikumi (",{"t":"idOrVar","v":"n"},")"],"many":["Pielikumi (",{"t":"idOrVar","v":"n"},")"],"one":["Pielikums (",{"t":"idOrVar","v":"n"},")"],"other":["Pielikumi (",{"t":"idOrVar","v":"n"},")"],"two":["Pielikumi (",{"t":"idOrVar","v":"n"},")"],"zero":"Pielikums"},"$x":[{"t":"idOrVar","v":"plural"},"n"]},{"$i":"compose-text","ariaLabel":"Rediģēt"},{"$i":"compose-attachment-still-working","$v":"Uzgaidiet, joprojām apstrādā iepriekšējo pielikumu..."},{"$i":"compose-attachment-loading","$v":"Notiek pielikuma ielāde ..."},{"$i":"compose-attachments-loading","$v":"Notiek pielikumu ielāde ..."},{"$i":"compose-forward-attachment-error-title","$v":"Lejupielāde neizdevās."},{"$i":"compose-forward-attachment-error-title2","$v":"Kļūda"},{"$i":"compose-forward-attachment-unable-load","$v":"Nevar ielādēt pielikumu."},{"$i":"compose-forward-attachments-unable-load","$v":"Nevar ielādēt pielikumus."},{"$i":"compose-forward-attachment-load-error","$v":"Dažus pielikumus nevarēja ielādēt."},{"$i":"confirmation-title","$v":"Apstiprinājums"},{"$i":"compose-subject","$v":"Tēma"},{"$i":"compose-draft-save","$v":"Saglabāt vietējos melnrakstos?"},{"$i":"compose-discard-confirm","$v":"Atmest"},{"$i":"compose-draft-dialog-cancel","$v":"Atcelt"},{"$i":"compose-draft-dialog-save","$v":"Saglabāt"},{"$i":"composer-draft-saved","$v":"Ziņojums ir saglabāts vietējos melnrakstus"},{"$i":"attention","$v":"Uzmanību!"},{"$i":"compose-send-message-failed","$v":"E-pasta ziņojuma sūtīšana neizdevās"},{"$i":"compose-attchment-size-exceeded","$v":"Atlasītais pielikums ir pārāk liels, lai to nosūtītu ar šo ziņojumu."},{"$i":"compose-attchments-size-exceeded","$v":"Atlasītie pielikumi ir pārāk lieli, lai nosūtītu šo ziņojumu. Atlasiet mazāk failu."},{"$i":"composer-attachment-large-title","$v":"Fails ir pārāk liels"},{"$i":"default-attachment-filename","$v":["pielikums",{"t":"idOrVar","v":"n"}]},{"$i":"attachment-size-meb","$v":[{"t":"idOrVar","v":"megabytes"}," MB"]},{"$i":"attachment-size-kib","$v":[{"t":"idOrVar","v":"kilobytes"}," KB"]},{"$i":"attachment-size-byte","$v":[{"t":"idOrVar","v":"bytes"}," B"]},{"$i":"message-attachment-view","$v":"Skatīt"},{"$i":"message-attachment-did-not-open-label","$v":"Nevar atvērt"},{"$i":"message-attachment-did-not-open-body","$v":"Ierīcē nav lietotnes, kas var atvērt pielikumu."},{"$i":"message-attachment-too-large","$v":"Šī fails ir pārāk liels, lai to lejuplādētu."},{"$i":"message-attachment-not-found","$v":"Nevarēja atrast pielikumu; iespējams, tas ir izdzēsts."},{"$i":"message-attachment-download-fail","$v":[{"t":"idOrVar","v":"fileName"}," -Lejupielāde neizdevās"]},{"$i":"message-no-subject","$v":"(nav tēmas)"},{"$i":"message-edit-menu-edit","$v":"Rediģēt"},{"$i":"message-edit-menu-delete","$v":"Dzēst"},{"$i":"message-edit-delete-confirm","$v":"Vai izdzēst e-pasta ziņojumu?"},{"$i":"message-forward-attachment-title","$v":"Pielikums"},{"$i":"message-forward-attachment","$v":"Vai pārsūtīt arī pielikumu?"},{"$i":"message-forward-attachments","$v":"Vai pārsūtīt arī pielikumus?"},{"$i":"message-multiedit-header","$v":{"few":["Atlasīti ",{"t":"idOrVar","v":"n"}],"many":["Atlasīti ",{"t":"idOrVar","v":"n"}],"one":["Atlasīti ",{"t":"idOrVar","v":"n"}],"other":["Atlasīti ",{"t":"idOrVar","v":"n"}],"two":["Atlasīti ",{"t":"idOrVar","v":"n"}],"zero":["Atlasīti ",{"t":"idOrVar","v":"n"}]},"$x":[{"t":"idOrVar","v":"plural"},"n"]},{"$i":"message-multiedit-search-header","$v":{"few":["Atlasīti ",{"t":"idOrVar","v":"n"}],"many":["Atlasīti ",{"t":"idOrVar","v":"n"}],"one":["Atlasīti ",{"t":"idOrVar","v":"n"}],"other":["Atlasīti ",{"t":"idOrVar","v":"n"}],"two":["Atlasīti ",{"t":"idOrVar","v":"n"}],"zero":"Atlasīta 0"},"$x":[{"t":"idOrVar","v":"plural"},"n"]},{"$i":"browse-to-url-prompt","$v":["Pārlūkot URL?: ",{"t":"idOrVar","v":"url"}]},{"$i":"message-download-images-tap","$v":{"few":["Šajā e-pastā ir ",{"t":"idOrVar","v":"n"}," attēli. Pieskarieties, lai lejupielādētu."],"many":["Šajā e-pastā ir ",{"t":"idOrVar","v":"n"}," attēli. Pieskarieties, lai lejupielādētu."],"one":"Šajā e-pastā ir viens attēls. Pieskarieties, lai lejupielādētu.","other":["Šajā e-pastā ir ",{"t":"idOrVar","v":"n"}," attēli. Pieskarieties, lai lejupielādētu."],"two":["Šajā e-pastā ir ",{"t":"idOrVar","v":"n"}," attēli. Pieskarieties, lai lejupielādētu."]},"$x":[{"t":"idOrVar","v":"plural"},"n"]},{"$i":"message-show-external-images","$v":"Parādīt ārējos attēlus"},{"$i":"message-delete-cancel","$v":"Atcelt"},{"$i":"message-multiedit-delete-confirm","$v":{"few":["Vai dzēst ",{"t":"idOrVar","v":"n"}," ziņas?"],"many":["Vai dzēst ",{"t":"idOrVar","v":"n"}," ziņas?"],"one":"Vai dzēst izvēlēto ziņu?","other":["Vai dzēst ",{"t":"idOrVar","v":"n"}," ziņas?"],"two":["Vai dzēst ",{"t":"idOrVar","v":"n"}," ziņas?"]},"$x":[{"t":"idOrVar","v":"plural"},"n"]},{"$i":"message-large-message-cancel","$v":"Atcelt"},{"$i":"message-large-message-ok","$v":"Turpināt"},{"$i":"message-large-message-confirm","$v":"Šis ziņojums ir liels un tā lejupielāde var prasīt ilgāku laiku."},{"$i":"message-large-message-warning","$v":"Ziņa ir pārāk liela, lai to ielādētu."},{"$i":"message-search-header","$v":"Meklēt"},{"$i":"search-result","$v":["Atrasta ",{"t":"idOrVar","v":"num"}," sakritība"]},{"$i":"message-search-from","$v":"No"},{"$i":"message-search-to","$v":"Darbība"},{"$i":"message-search-subject","$v":"Tēma"},{"$i":"message-search-body","$v":"Ķermenis"},{"$i":"message-search-all","$v":"Visi"},{"$i":"message-search-input","placeholder":"Meklēt e-pasta ziņojumus"},{"$i":"message-search-cancel","$v":"Atcelt"},{"$i":"messages-syncing","$v":"Ziņu ielāde"},{"$i":"messages-syncing-progressbar","ariaValueText":"Ziņu ielāde"},{"$i":"messages-load-more","$v":"Ielādēt vairāk ziņojumu"},{"$i":"messages-folder-empty","$v":"Šajā mapē nav e-pastu"},{"$i":"messages-search-empty","$v":"Kešatmiņā saglabātajos ziņojumos nav nevienas atbilstības"},{"$i":"messages-folder-select","$v":"Pārvietot uz mapi"},{"$i":"messages-folder-unread-max","$v":"999+"},{"$i":"message-contact-menu-create","$v":"Saglabāt jaunu kontaktu"},{"$i":"message-contact-menu-add-existing","$v":"Pievienot esošai kontaktpersonai"},{"$i":"message-contact-menu-view","$v":"Skatīt kontaktu"},{"$i":"message-contact-menu-reply","$v":"Atbildēt"},{"$i":"message-contact-menu-new","$v":"Nosūtīt jaunu e-pastu"},{"$i":"message-reply-menu-reply","$v":"Atbildēt"},{"$i":"message-reply-menu-reply-all","$v":"Atbildēt visiem"},{"$i":"message-reply-menu-forward","$v":"Pārsūtīt"},{"$i":"message-reply-menu-cancel","$v":"Atcelt"},{"$i":"reply-quoting-wrote","$v":"{name} rakstīja"},{"$i":"forward-original-message","$v":"Oriģināls ziņojums"},{"$i":"forward-header-subject","$v":"Tēma"},{"$i":"forward-header-date","$v":"Datums"},{"$i":"forward-header-from","$v":"No"},{"$i":"forward-header-reply-to","$v":"Atbildēt"},{"$i":"forward-header-to","$v":"Darbība"},{"$i":"forward-header-cc","$v":"Kopija"},{"$i":"folder-inbox","$v":"Iesūtne"},{"$i":"folder-sent","$v":"Nosūtītie"},{"$i":"folder-drafts","$v":"Melnraksti"},{"$i":"folder-trash","$v":"Atkritne"},{"$i":"folder-queue","$v":"Nenosūtītie"},{"$i":"folder-junk","$v":"Nevēlamie"},{"$i":"folder-archives","$v":"Arhīvi"},{"$i":"folder-localdrafts","$v":"Vietējie melnraksti"},{"$i":"folder-outbox","$v":"Izsūtne"},{"$i":"drawer-back","$v":"aizmugure"},{"$i":"drawer-accounts-header","$v":"Konti"},{"$i":"drawer-settings-link","$v":"Iestatījumi"},{"$i":"folder-last-synced-label","$v":"Pēdējā sinhronizēšana:"},{"$i":"messages-refresh-progress","ariaValueText":"Atsvaidzinošs"},{"$i":"no-internet-connection","$v":"Nav interneta savienojuma."},{"$i":"toaster-undo","$v":"Atsaukt"},{"$i":"toaster-message-star","$v":{"few":[{"t":"idOrVar","v":"n"}," ziņojumi ir atzīmēti"],"many":[{"t":"idOrVar","v":"n"}," ziņojumi ir atzīmēti"],"one":"Ziņojums ir atzīmēts","other":[{"t":"idOrVar","v":"n"}," ziņojumi ir atzīmēti"],"two":[{"t":"idOrVar","v":"n"}," ziņojumi ir atzīmēti"]},"$x":[{"t":"idOrVar","v":"plural"},"n"]},{"$i":"toaster-message-unstar","$v":{"few":[{"t":"idOrVar","v":"n"}," ziņojumu atzīmes ir noņemtas"],"many":[{"t":"idOrVar","v":"n"}," ziņojumu atzīmes ir noņemtas"],"one":"Ziņojuma atzīme ir noņemta","other":[{"t":"idOrVar","v":"n"}," ziņojumu atzīmes ir noņemtas"],"two":[{"t":"idOrVar","v":"n"}," ziņojumu atzīmes ir noņemtas"]},"$x":[{"t":"idOrVar","v":"plural"},"n"]},{"$i":"toaster-message-read","$v":{"few":[{"t":"idOrVar","v":"n"}," ziņas atzīmētas kā izlasītas"],"many":[{"t":"idOrVar","v":"n"}," ziņas atzīmētas kā izlasītas"],"one":"Ziņa ir atzīmēta kā lasīta","other":[{"t":"idOrVar","v":"n"}," ziņas atzīmētas kā izlasītas"],"two":[{"t":"idOrVar","v":"n"}," ziņas atzīmētas kā izlasītas"]},"$x":[{"t":"idOrVar","v":"plural"},"n"]},{"$i":"toaster-message-unread","$v":{"few":[{"t":"idOrVar","v":"n"}," ziņojumi atzīmēti kā nelasīti"],"many":[{"t":"idOrVar","v":"n"}," ziņojumi atzīmēti kā nelasīti"],"one":"Ziņojums ir atzīmēts kā nelasīts","other":[{"t":"idOrVar","v":"n"}," ziņojumi atzīmēti kā nelasīti"],"two":[{"t":"idOrVar","v":"n"}," ziņojumi atzīmēti kā nelasīti"]},"$x":[{"t":"idOrVar","v":"plural"},"n"]},{"$i":"toaster-message-move","$v":{"few":[{"t":"idOrVar","v":"n"}," ziņojumi pārvietoti uz mapi:"],"many":[{"t":"idOrVar","v":"n"}," ziņojumi pārvietoti uz mapi:"],"one":"Ziņojums pārvietots uz mapi:","other":[{"t":"idOrVar","v":"n"}," ziņojumi pārvietoti uz mapi:"],"two":[{"t":"idOrVar","v":"n"}," ziņojumi pārvietoti uz mapi:"]},"$x":[{"t":"idOrVar","v":"plural"},"n"]},{"$i":"toaster-message-delete","$v":{"few":[{"t":"idOrVar","v":"n"}," e-pasta ziņojumi ir izdzēsti"],"many":[{"t":"idOrVar","v":"n"}," e-pasta ziņojumi ir izdzēsti"],"one":"1 e-pasta ziņojums ir izdzēsts","other":[{"t":"idOrVar","v":"n"}," e-pasta ziņojumi ir izdzēsti"],"two":[{"t":"idOrVar","v":"n"}," e-pasta ziņojumi ir izdzēsti"]},"$x":[{"t":"idOrVar","v":"plural"},"n"]},{"$i":"toaster-sync-failed","$v":"Nevar izveidot savienojumu ar serveri."},{"$i":"compose-invalid-addresses-title","$v":"Nederīgas adreses"},{"$i":"compose-invalid-addresses-description","$v":"Jūsu ziņojumā ir viena vai vairākas nederīgas e-pasta adreses. Lūdzu, izlabojiet tās pirms sūtīšanas."},{"$i":"background-send-pending","$v":"Tīkls nav pieejams. E-pasts saglabāts mapē Izsūtne."},{"$i":"background-send-sending","$v":"E-pasta ziņojuma sūtīšana..."},{"$i":"background-send-success","$v":"E-pasta ziņojums ir nosūtīts."},{"$i":"background-send-error","$v":"Radusies kļūda. E-pasts saglabāts mapē Izsūtne."},{"$i":"background-send-error-recipients","$v":"Saņēmēja kļūda. E-pasts saglabāts mapē Izsūtne."},{"$i":"background-send-error-title","$v":"E-pastu neizdevās nosūtīt."},{"$i":"send-failure-recipients","$v":"Pārbaudiet iepriekš minēto adrešu pareizrakstību. Jūsu e-pasta serveris norādīja, ka viena vai vairākas no iepriekš minētajām adresēm ir nepareizas."},{"$i":"send-failure-unknown","$v":"Ziņojumu nevarēja nosūtīt."},{"$i":"form-clear-input","$v":"Dzēst tekstu"},{"$i":"confirm-dialog-title","$v":"Apstiprinājums"},{"$i":"confirm-dialog-ok","$v":"Labi"},{"$i":"msg-display-subject","$v":"Tēma"},{"$i":"msg-reader-display-attachments","$v":"Pielikumi"},{"$i":"msg-reader-display-attachment","$v":"Pielikums"},{"$i":"msg-reader-download-external-images","$v":["Lejupielādēt ārējos attēlus (",{"t":"idOrVar","v":"n"}," MB)"]},{"$i":"msg-reader-sender-header","$v":"No"},{"$i":"msg-reader-recipients-header","$v":"Adresāti"},{"$i":"msg-reader-cc-header","$v":"Kopija"},{"$i":"msg-reader-bcc-header","$v":"Diskr. kopija"},{"$i":"msg-reader-message-flagged","$v":"Ziņojums ir atzīmēts"},{"$i":"msg-reader-flag-removed","$v":"Karodziņš ir noņemts"},{"$i":"external-image-downloading","$v":"Notiek lejupielāde..."},{"$i":"senders-separation-sign","$v":", "},{"$i":"new-messages","$v":{"few":[{"t":"idOrVar","v":"n"}," jauni ziņojumi"],"many":[{"t":"idOrVar","v":"n"}," jauni ziņojumi"],"one":"1 jauns ziņojums","other":[{"t":"idOrVar","v":"n"}," jauni ziņojumi"],"two":[{"t":"idOrVar","v":"n"}," jauni ziņojumi"]},"$x":[{"t":"idOrVar","v":"plural"},"n"]},{"$i":"new-emails-notify-one-account","$v":{"few":[{"t":"idOrVar","v":"n"}," jauni e-pasta ziņojumi"],"many":[{"t":"idOrVar","v":"n"}," jauni e-pasta ziņojumi"],"one":"1 jauns e-pasta ziņojums","other":[{"t":"idOrVar","v":"n"}," jauni e-pasta ziņojumi"],"two":[{"t":"idOrVar","v":"n"}," jauni e-pasta ziņojumi"]},"$x":[{"t":"idOrVar","v":"plural"},"n"]},{"$i":"new-emails-notify-multiple-accounts","$v":{"few":[{"t":"idOrVar","v":"n"}," jauni e-pasta ziņojumi (",{"t":"idOrVar","v":"accountName"},")"],"many":[{"t":"idOrVar","v":"n"}," jauni e-pasta ziņojumi (",{"t":"idOrVar","v":"accountName"},")"],"one":["1 jauns e-pasta ziņojums (",{"t":"idOrVar","v":"accountName"},")"],"other":[{"t":"idOrVar","v":"n"}," jauni e-pasta ziņojumi (",{"t":"idOrVar","v":"accountName"},")"],"two":[{"t":"idOrVar","v":"n"}," jauni e-pasta ziņojumi (",{"t":"idOrVar","v":"accountName"},")"]},"$x":[{"t":"idOrVar","v":"plural"},"n"]},{"$i":"new-emails-notify-multiple-accounts-body","$v":[{"t":"idOrVar","v":"from"}," “",{"t":"idOrVar","v":"subject"},"”"]},{"$i":"tng-plain-socket-warning-title","$v":"Vai tiešām vēlaties to darīt?"},{"$i":"tng-plain-socket-warning-message","$v":"Citi cilvēki var redzēt jūsu paroles un e-pastus vai pārvaldīt jūsu kontu."},{"$i":"tng-plain-socket-warning-message-options","$v":"Ir vairāki bezmaksas e-pasta pakalpojumu sniedzēji, kas piedāvā drošākus šifrētus savienojumus."},{"$i":"tng-plain-socket-warning-ok","$v":"Es saprotu"},{"$i":"message-reader-date-received","ariaLabel":"Saņemts"},{"$i":"sort-by-title","$v":"Kārtot pēc"},{"$i":"sort-by-date","$v":"Datums"},{"$i":"sort-by-from","$v":"No"},{"$i":"sort-by-to","$v":"Darbība"},{"$i":"sort-by-subject","$v":"Tēma"},{"$i":"softkey-options","$v":"Iespējas"},{"$i":"opt-compose","$v":"Rakstīt"},{"$i":"opt-reply","$v":"Atbildēt"},{"$i":"opt-reply-all","$v":"Atbildēt visiem"},{"$i":"opt-forward","$v":"Pārsūtīt"},{"$i":"opt-mark-read","$v":"Atzīmēt kā izlasītu"},{"$i":"opt-mark-unread","$v":"Atzīmēt kā nelasītu"},{"$i":"opt-add-flag","$v":"Pievienot karodziņu"},{"$i":"opt-remove-flag","$v":"Noņemt karodziņu"},{"$i":"opt-move-message","$v":"Pārvietot uz mapi"},{"$i":"opt-delete-message","$v":"Dzēst"},{"$i":"opt-multi-select","$v":"Atlasīt vairākus"},{"$i":"opt-search","$v":"Meklēt"},{"$i":"opt-folders","$v":"Skatīt mapes"},{"$i":"opt-sort","$v":"Kārtot"},{"$i":"opt-sync","$v":"Sinhronizēt"},{"$i":"opt-account","$v":"Pārslēgt kontu"},{"$i":"opt-settings","$v":"Iestatījumi"},{"$i":"opt-edit","$v":"Rediģēt"},{"$i":"opt-cancel","$v":"Atcelt"},{"$i":"opt-save","$v":"Saglabāt"},{"$i":"opt-move","$v":"Pārvietošana"},{"$i":"opt-view","$v":"Skatīt"},{"$i":"opt-empty-trash","$v":"Iztukšot atkritni"},{"$i":"opt-call-number","$v":"Zvanīt"},{"$i":"opt-compose-mail","$v":"Rakstīt"},{"$i":"opt-open-url","$v":"Atvērt"},{"$i":"select-option-on","$v":"Ieslēgta"},{"$i":"select-option-off","$v":"Izslēgta"},{"$i":"select-option-imap-smtp","$v":"IMAP+SMTP"},{"$i":"select-option-pop3-smtp","$v":"POP3+SMTP"},{"$i":"select-option-activesync","$v":"ActiveSync"},{"$i":"toaster-switch-account","$v":"E-pasta konts ir pārslēgts uz:"},{"$i":"toaster-sorted-by","$v":"Ziņojums ir sakārtots pēc"},{"$i":"cmp-reply","$v":"Atbildēt"},{"$i":"cmp-reply-all","$v":"Atbildēt visiem"},{"$i":"cmp-forward","$v":"Pārsūtīt ziņojumu"},{"$i":"cmp-remove-attach","$v":"Pielikums ir noņemts"},{"$i":"select","$v":"Izvēlēties"},{"$i":"deselect","$v":"Noņemt izvēli"},{"$i":"cancel","$v":"Atcelt"},{"$i":"enter","$v":"Ievadīt"},{"$i":"remove-attachment","$v":"Noņemt pielikumu"},{"$i":"replace-attachment","$v":"Aizstāt pielikumu"},{"$i":"add-attachment","$v":"Pievienot pielikumu"},{"$i":"add-contact","$v":"Piev. kont."},{"$i":"add-cc","$v":"Pievienot kopiju"},{"$i":"remove-cc","$v":"Noņemt kopiju"},{"$i":"add-bcc","$v":"Pievienot diskrēto kopiju"},{"$i":"remove-bcc","$v":"Noņemt diskrēto kopiju"},{"$i":"attachment-download","$v":"Lejupielāde"},{"$i":"attachment-share","$v":"Kopīgot"},{"$i":"send-new-mail","$v":"Nosūtīt jaunu e-pastu"},{"$i":"view-contact","$v":"Skatīt kontaktu"},{"$i":"save-new-contact","$v":"Saglabāt jaunu kontaktu"},{"$i":"add-to-exsiting-contact","$v":"Pievienot esošai kontaktpersonai"},{"$i":"no","$v":"Nē"},{"$i":"yes","$v":"Jā"},{"$i":"retry","$v":"Atkārtot"},{"$i":"empty","$v":"Iztukšot"},{"$i":"empty-trash-confirm","$v":"Vai vēlaties iztukšot atkritni?"},{"$i":"trash-emptied","$v":"Atkritne ir iztukšota"},{"$i":"next","$v":"Nākamais"},{"$i":"welcome-header","$v":"E-pasts"},{"$i":"welcome-msg","$v":"Laipni lūdzam e-pastā."},{"$i":"welcome-msg-setup","$v":"Nospiediet Nākamais, lai iestatītu savu e-pasta kontu."},{"$i":"discard","$v":"Atmest"},{"$i":"leave-this-page-warning-message","$v":"Vai vēlaties noņemt e-pasta konta informāciju?"},{"$i":"finish","$v":"Beigt"},{"$i":"setup-done-msg","$v":"Jūs esat veiksmīgi pierakstījies. Vai vēlaties pievienot citu kontu?"},{"$i":"save-as-draft","$v":"Saglabāt kā melnrakstu"},{"$i":"show-password","$v":"Rādīt paroli"},{"$i":"account-label","$v":"Konta apzīmējums"},{"$i":"folders","$v":"Mapes"},{"$i":"security","$v":"Drošība"},{"$i":"port-number","$v":"Porta numurs"},{"$i":"domain-username","$v":"Domēns\\lietotājvārds"},{"$i":"synchronizing","$v":"Sinhronizē..."},{"$i":"browse-mail","$v":"Pārlūkot e-pastu"},{"$i":"never-sync","$v":"Vietējo mapi nevar sinhronizēt."},{"$i":"emptyDownloadFile","$v":"Nevar lejupielādēt failu. Iespējams, tas ir tukšs"},{"$i":"sync","$v":"Sinhronizēt"},{"$i":"outbox-unsent-label","$v":{"few":[{"t":"idOrVar","v":"n"}," nenosūtīti ziņojumi mapē Izsūtne"],"many":[{"t":"idOrVar","v":"n"}," nenosūtīti ziņojumi mapē Izsūtne"],"one":"1 nenosūtīts ziņojums mapē Izsūtne","other":[{"t":"idOrVar","v":"n"}," nenosūtīti ziņojumi mapē Izsūtne"],"two":"2 nenosūtīti ziņojumi mapē Izsūtne"},"$x":[{"t":"idOrVar","v":"plural"},"n"]},{"$i":"storage-full-title","$v":"Krātuve pilna"},{"$i":"storage-full-warning","$v":"Lai atbrīvotu vietu, varat dzēst dažus multivides failus vai pārvaldīt programmas datus."},{"$i":"storage-full","$v":"Tālruņa krātuve ir pilna."},{"$i":"storage-sdcard-full","$v":"SD karte ir pilna."},{"$i":"view-address","$v":"Skatīt adresi"},{"$i":"mail-address-title","$v":"Pasta adrese"},{"$i":"mail-address","$v":[{"t":"idOrVar","v":"address"}]},{"$i":"value-name","$v":[{"t":"idOrVar","v":"name"}]},{"$i":"account-deleted","$v":"Konts ir dzēsts."},{"$i":"account-reEnable","$v":"Konts jau pastāv. Vai sinhronizēt konta e-pastu?"},{"$i":"setup-account-usedInfo","$v":"Šo kontu izmantos tālāk norādītās programmas. Varat veikt izmaiņas sadaļā Iestatījumi>Konts."},{"$i":"setup-account-settingsInfo","$v":"Katrai programmai ir dažādi noklusējuma sinhronizācijas intervāli. Lūdzu, skatiet programmas iestatījumus."},{"$i":"app-calendar","$v":"Kalendārs"},{"$i":"app-contacts","$v":"Kontakti"},{"$i":"app-email","$v":"E-pasts"},{"$i":"weekday-0-long","$v":"Svētdiena"},{"$i":"weekday-1-long","$v":"Pirmdiena"},{"$i":"weekday-2-long","$v":"Otrdiena"},{"$i":"weekday-3-long","$v":"Trešdiens"},{"$i":"weekday-4-long","$v":"Ceturtdiena"},{"$i":"weekday-5-long","$v":"Piektdiena"},{"$i":"weekday-6-long","$v":"Sestdiena"},{"$i":"weekday-0-short","$v":"Sv"},{"$i":"weekday-1-short","$v":"P"},{"$i":"weekday-2-short","$v":"O"},{"$i":"weekday-3-short","$v":"T"},{"$i":"weekday-4-short","$v":"C"},{"$i":"weekday-5-short","$v":"Pk"},{"$i":"weekday-6-short","$v":"S"},{"$i":"month-0-long","$v":"Janvāris"},{"$i":"month-1-long","$v":"Februāris"},{"$i":"month-2-long","$v":"Marts"},{"$i":"month-3-long","$v":"Aprīlis"},{"$i":"month-4-long","$v":"Maijs"},{"$i":"month-5-long","$v":"Jūnijs"},{"$i":"month-6-long","$v":"Jūlijs"},{"$i":"month-7-long","$v":"Augusts"},{"$i":"month-8-long","$v":"Septembris"},{"$i":"month-9-long","$v":"Oktobris"},{"$i":"month-10-long","$v":"Novembris"},{"$i":"month-11-long","$v":"Decembris"},{"$i":"month-0-genitive","$v":"Janvāris"},{"$i":"month-1-genitive","$v":"Februāris"},{"$i":"month-2-genitive","$v":"Marts"},{"$i":"month-3-genitive","$v":"Aprīlis"},{"$i":"month-4-genitive","$v":"Maijs"},{"$i":"month-5-genitive","$v":"Jūnijs"},{"$i":"month-6-genitive","$v":"Jūlijs"},{"$i":"month-7-genitive","$v":"Augusts"},{"$i":"month-8-genitive","$v":"Septembris"},{"$i":"month-9-genitive","$v":"Oktobris"},{"$i":"month-10-genitive","$v":"Novembris"},{"$i":"month-11-genitive","$v":"Decembris"},{"$i":"month-0-short","$v":"Jan."},{"$i":"month-1-short","$v":"Febr."},{"$i":"month-2-short","$v":"Marts"},{"$i":"month-3-short","$v":"Apr."},{"$i":"month-4-short","$v":"Maijs"},{"$i":"month-5-short","$v":"Jūn."},{"$i":"month-6-short","$v":"Jūl."},{"$i":"month-7-short","$v":"Aug."},{"$i":"month-8-short","$v":"Sept."},{"$i":"month-9-short","$v":"Okt."},{"$i":"month-10-short","$v":"Nov."},{"$i":"month-11-short","$v":"Dec."},{"$i":"minutes-ago-long","$v":{"few":["Pirms ",{"t":"idOrVar","v":"value"}," minūtēm"],"many":["Pirms ",{"t":"idOrVar","v":"value"}," minūtēm"],"one":"pirms minūtes","other":["Pirms ",{"t":"idOrVar","v":"value"}," minūtēm"],"two":["Pirms ",{"t":"idOrVar","v":"value"}," minūtēm"],"zero":"tikko"},"$x":[{"t":"idOrVar","v":"plural"},"value"]},{"$i":"hours-ago-long","$v":{"few":["Pirms ",{"t":"idOrVar","v":"value"}," stundām"],"many":["Pirms ",{"t":"idOrVar","v":"value"}," stundām"],"one":"pirms stundas","other":["Pirms ",{"t":"idOrVar","v":"value"}," stundām"],"two":["Pirms ",{"t":"idOrVar","v":"value"}," stundām"],"zero":"tikko"},"$x":[{"t":"idOrVar","v":"plural"},"value"]},{"$i":"days-ago-long","$v":{"few":["Pirms ",{"t":"idOrVar","v":"value"}," dienām"],"many":["Pirms ",{"t":"idOrVar","v":"value"}," dienām"],"one":"vakar","other":["Pirms ",{"t":"idOrVar","v":"value"}," dienām"],"two":["Pirms ",{"t":"idOrVar","v":"value"}," dienām"],"zero":"šodien"},"$x":[{"t":"idOrVar","v":"plural"},"value"]},{"$i":"weeks-ago-long","$v":{"few":["Pirms ",{"t":"idOrVar","v":"value"}," nedēļām"],"many":["Pirms ",{"t":"idOrVar","v":"value"}," nedēļām"],"one":"pagājušajā nedēļā","other":["Pirms ",{"t":"idOrVar","v":"value"}," nedēļām"],"two":["Pirms ",{"t":"idOrVar","v":"value"}," nedēļām"],"zero":"šonedēļ"},"$x":[{"t":"idOrVar","v":"plural"},"value"]},{"$i":"months-ago-long","$v":{"few":["Pirms ",{"t":"idOrVar","v":"value"}," mēnešiem"],"many":["Pirms ",{"t":"idOrVar","v":"value"}," mēnešiem"],"one":"pagājušajā mēnesī","other":["Pirms ",{"t":"idOrVar","v":"value"}," mēnešiem"],"two":["Pirms ",{"t":"idOrVar","v":"value"}," mēnešiem"],"zero":"šomēnes"},"$x":[{"t":"idOrVar","v":"plural"},"value"]},{"$i":"years-ago-long","$v":{"few":["Pirms ",{"t":"idOrVar","v":"value"}," gadiem"],"many":["Pirms ",{"t":"idOrVar","v":"value"}," gadiem"],"one":"pagājušajā gadā","other":["Pirms ",{"t":"idOrVar","v":"value"}," gadiem"],"two":["Pirms ",{"t":"idOrVar","v":"value"}," gadiem"],"zero":"šogad"},"$x":[{"t":"idOrVar","v":"plural"},"value"]},{"$i":"minutes-until-long","$v":{"few":[{"t":"idOrVar","v":"value"}," minūtēs"],"many":[{"t":"idOrVar","v":"value"}," minūtēs"],"one":"minūtē","other":[{"t":"idOrVar","v":"value"}," minūtēs"],"two":[{"t":"idOrVar","v":"value"}," minūtēs"],"zero":"tūlīt"},"$x":[{"t":"idOrVar","v":"plural"},"value"]},{"$i":"hours-until-long","$v":{"few":[{"t":"idOrVar","v":"value"}," stundās"],"many":[{"t":"idOrVar","v":"value"}," stundās"],"one":"stundā","other":[{"t":"idOrVar","v":"value"}," stundās"],"two":[{"t":"idOrVar","v":"value"}," stundās"],"zero":"tūlīt"},"$x":[{"t":"idOrVar","v":"plural"},"value"]},{"$i":"days-until-long","$v":{"few":[{"t":"idOrVar","v":"value"}," dienās"],"many":[{"t":"idOrVar","v":"value"}," dienās"],"one":"rīt","other":[{"t":"idOrVar","v":"value"}," dienās"],"two":[{"t":"idOrVar","v":"value"}," dienās"],"zero":"šodien"},"$x":[{"t":"idOrVar","v":"plural"},"value"]},{"$i":"weeks-until-long","$v":{"few":[{"t":"idOrVar","v":"value"}," nedēļās"],"many":[{"t":"idOrVar","v":"value"}," nedēļās"],"one":"nākamā nedēļa","other":[{"t":"idOrVar","v":"value"}," nedēļās"],"two":[{"t":"idOrVar","v":"value"}," nedēļās"],"zero":"šonedēļ"},"$x":[{"t":"idOrVar","v":"plural"},"value"]},{"$i":"months-until-long","$v":{"few":[{"t":"idOrVar","v":"value"}," mēnešos"],"many":[{"t":"idOrVar","v":"value"}," mēnešos"],"one":"nākamais mēnesis","other":[{"t":"idOrVar","v":"value"}," mēnešos"],"two":[{"t":"idOrVar","v":"value"}," mēnešos"],"zero":"šomēnes"},"$x":[{"t":"idOrVar","v":"plural"},"value"]},{"$i":"years-until-long","$v":{"few":[{"t":"idOrVar","v":"value"}," gados"],"many":[{"t":"idOrVar","v":"value"}," gados"],"one":"nākamais gads","other":[{"t":"idOrVar","v":"value"}," gados"],"two":[{"t":"idOrVar","v":"value"}," gados"],"zero":"šogad"},"$x":[{"t":"idOrVar","v":"plural"},"value"]},{"$i":"minutes-ago-short","$v":{"other":["Pirms ",{"t":"idOrVar","v":"value"}," min."],"zero":"tikko"},"$x":[{"t":"idOrVar","v":"plural"},"value"]},{"$i":"hours-ago-short","$v":{"other":["Pirms ",{"t":"idOrVar","v":"value"}," stundām"],"zero":"tikko"},"$x":[{"t":"idOrVar","v":"plural"},"value"]},{"$i":"days-ago-short","$v":{"other":["Pirms ",{"t":"idOrVar","v":"value"}," d."],"zero":"šodien"},"$x":[{"t":"idOrVar","v":"plural"},"value"]},{"$i":"minutes-until-short","$v":{"other":[{"t":"idOrVar","v":"value"}," min."],"zero":"tūlīt"},"$x":[{"t":"idOrVar","v":"plural"},"value"]},{"$i":"hours-until-short","$v":{"other":[{"t":"idOrVar","v":"value"}," st."],"zero":"tūlīt"},"$x":[{"t":"idOrVar","v":"plural"},"value"]},{"$i":"days-until-short","$v":{"other":[{"t":"idOrVar","v":"value"}," dienās"],"zero":"šodien"},"$x":[{"t":"idOrVar","v":"plural"},"value"]},{"$i":"incorrectDate","$v":"(nepareizs datums)"},{"$i":"dateTimeFormat_%c","$v":"%a %b %e %Y %I:%M:%S %p"},{"$i":"dateTimeFormat_%x","$v":"%m/%d/%Y"},{"$i":"dateTimeFormat_%X","$v":"%I:%M:%S %p"},{"$i":"shortTimeFormat","$v":"%I:%M %p"},{"$i":"shortTimeFormat12","$v":"%I:%M %p"},{"$i":"shortTimeFormat24","$v":"%H:%M"},{"$i":"shortDateTimeFormat","$v":"%x %I:%M %p"},{"$i":"weekStartsOnMonday","$v":"0.0"},{"$i":"firstDayOfTheWeek","$v":"1.0"},{"$i":"time_am","$v":"no rīta"},{"$i":"time_pm","$v":"Pēc plkst."}]