[{"$i":"setup-app-name-header","$v":"Е-пошта"},{"$i":"setup-empty-account-message","$v":"Не сте поставиле да испраќате или добивате е-пошта. Поставете ја сметката за да го завршите дејството."},{"$i":"setup-pick-service","$v":"За да добивате или испраќате е-пошта, треба да поставите сметка."},{"$i":"setup-account-header3","$v":"Влез во сметката"},{"$i":"setup-account-password","$v":"Лозинка"},{"$i":"setup-info-next","$v":"Следно"},{"$i":"setup-progress-wait-msg","$v":"Поставување на сметка"},{"$i":"setup-sync-progress-wait-msg","$v":"Синхронизирање на сметка"},{"$i":"setup-completed-header","$v":"Честитки!"},{"$i":"setup-completed-label","$v":"Готово!"},{"$i":"setup-add-another-account","$v":"Додајте друга сметка"},{"$i":"setup-show-mail","$v":"Продолжете кон е-поштата."},{"$i":"setup-done-add","$v":"Додајте сметка"},{"$i":"setup-error-offline","$v":"Овој уред моментално е офлајн. Поврзете се кон мрежа и обидете се повторно."},{"$i":"setup-error-bad-user-or-pass2","$v":"Неправилно корис. име или лозинка. Проверете за грешки."},{"$i":"setup-error-bad-address","$v":"Неважечка е-адреса. Проверете за грешки."},{"$i":"setup-error-not-authorized","$v":"Според серверот вие не сте овластени за да создадете сметка"},{"$i":"setup-error-pop-server-not-great","$v":"Серверот не се поддржува. POP3 серверот не ги исполнува бараните својства."},{"$i":"setup-error-unknown2","$v":"Се појави непозната грешка. Проверете ја врската со мрежата или пробајте ја опцијата за рачна конфигурација."},{"$i":"setup-error-needs-app-pass","$v":"Мора да користите посебна лозинка за апликацијата за двофакторни Gmail сметки."},{"$i":"setup-error-imap-disabled","$v":"Мора да овозможите IMAP за вашата Gmail сметка"},{"$i":"setup-error-pop3-disabled","$v":"Мора да овозможите POP3 за вашата Gmail сметка"},{"$i":"setup-error-bad-security","$v":["Не може да се воспостави сигурна врска со \"",{"t":"idOrVar","v":"server"},"\". Возможно е да има проблем со вашата мрежа или серверот."]},{"$i":"setup-error-unresponsive-server","$v":["Не може да се воспостави сигурна врска со \"",{"t":"idOrVar","v":"server"},"\". Возможно е да има проблем со мрежата."]},{"$i":"setup-error-server-problem","$v":["Има проблем со серверот \"",{"t":"idOrVar","v":"server"},"\". Обидете се повторно подоцна."]},{"$i":"setup-error-no-config-info","$v":"Вашата сметка не може да се конфигурира автоматски. Поправете ја вашата е-адреса или пробајте ја опцијата за рачна конфигурација."},{"$i":"setup-error-server-maintenance","$v":["Серверот \"",{"t":"idOrVar","v":"server"},"\" е офлајн за одржување. Обидете се повторно подоцна."]},{"$i":"setup-error-account-already-exists","$v":"Оваа сметка е веќе конфигурирана."},{"$i":"setup-manual-config2","$v":"Напредно"},{"$i":"setup-manual-config-header","$v":"Влез во сметката"},{"$i":"setup-manual-account-type-header","$v":"Тип на сметка"},{"$i":"setup-manual-account-type","$v":"Тип на сметка"},{"$i":"setup-manual-account-type-select","ariaLabel":"Тип на сметка"},{"$i":"setup-manual-imap-header","$v":"Поставки IMAP"},{"$i":"setup-manual-pop3-header","$v":"Поставки POP3"},{"$i":"setup-manual-smtp-header","$v":"Поставки SMTP"},{"$i":"setup-manual-activesync-header","$v":"Параметри на актив. синхр."},{"$i":"setup-manual-next","$v":"Следно"},{"$i":"setup-manual-socket","$v":"Тип на приклучокот"},{"$i":"setup-manual-socket-ssl","$v":"SSL"},{"$i":"setup-manual-socket-starttls","$v":"STARTTLS"},{"$i":"setup-manual-socket-select","ariaLabel":"Безбедност на врската"},{"$i":"setup-manual-socket-plain","$v":"Нешифирирано"},{"$i":"setup-bad-password-header","$v":"Погрешна лозинка!"},{"$i":"setup-bad-password","$v":"Не може да се најави во серверот. Повторно внесете лозинка."},{"$i":"setup-new-password","placeholder":"Нова лозинка"},{"$i":"setup-fix-password","$v":"Пробај со нова лозинка"},{"$i":"setup-gmail-twofactor-header","$v":"Овозможени се два фактори."},{"$i":"setup-gmail-twofactor-message","$v":"Долу е потребно да внесете посебна лозинка за апликацијата."},{"$i":"setup-gmail-imap-header","$v":"IMAP е оневозможен"},{"$i":"setup-gmail-imap-message","$v":"Мора да овозможите IMAP на вашата Gmail сметка"},{"$i":"setup-gmail-retry","$v":"Обидете се повторно"},{"$i":"setup-gmail-pop3-header","$v":"POP3 е оневозможен"},{"$i":"setup-gmail-pop3-message","$v":"Мора да овозможите POP3 на вашата Gmail сметка"},{"$i":"setup-fix-oauth2-header","$v":"Реавторизација на е-поштата."},{"$i":"setup-fix-oauth2-description","$v":"Потребна е реавториз. на е-поштата за да се пристапи до следната сметка:"},{"$i":"setup-fix-oauth2-reauthorize","$v":"Реавторизирај"},{"$i":"settings-main-header","$v":"Поставки за е-поштата"},{"$i":"settings-sub-header-account","$v":"Сметка"},{"$i":"settings-account-group","ariaLabel":"Сметка"},{"$i":"settings-account-name","$v":"Вашето име"},{"$i":"settings-account-label","$v":"Назив на сметката"},{"$i":"settings-account-display-notifications","$v":"Прикажи ги известувањ. за нова е-пошта"},{"$i":"settings-account-play-sound-onsend","$v":"Репродуцирај звук откако пораката е испратена."},{"$i":"settings-account-signature-label","$v":"Потпис"},{"$i":"settings-sub-header-data","$v":"Податоци"},{"$i":"settings-data-group","ariaLabel":"Податоци"},{"$i":"settings-account-check-mail","$v":"Проверете за нови пораки"},{"$i":"settings-account-check-mail-select","ariaLabel":"Проверете за нови пораки"},{"$i":"settings-sub-header-server","$v":"Поставки за серверот"},{"$i":"settings-server-group","ariaLabel":"Поставки за серверот"},{"$i":"settings-account-userpass","$v":"Корисн. име и лозинка"},{"$i":"settings-account-useroauth2","$v":"Корисничко име"},{"$i":"settings-default-signature-2","$v":"Испратено од мојот телефон"},{"$i":"settings-done","$v":"Готово"},{"$i":"settings-account-section","$v":"Сметки"},{"$i":"settings-account-listbox","ariaLabel":"Сметки"},{"$i":"settings-account-add","$v":"Додај"},{"$i":"settings-account-delete","$v":"Избриши ја сметката"},{"$i":"settings-account-delete-prompt","$v":["Дали сте сигурни дека сакате да избришете ",{"t":"idOrVar","v":"account"}," сметка на е-пошта?"]},{"$i":"settings-account-delete-desc","$v":"Ако го повторите создав. сметката, ќе треба повт. да ја преземете ваш. е-пошта."},{"$i":"settings-account-delete-cancel","$v":"Откажи"},{"$i":"settings-account-delete-confirm","$v":"Избриши"},{"$i":"settings-account-clarify","$v":[{"t":"idOrVar","v":"account-name"}]},{"$i":"settings-account-clarify-imap","$v":[{"t":"idOrVar","v":"account-name"}," (IMAP)"]},{"$i":"settings-account-clarify-pop3","$v":[{"t":"idOrVar","v":"account-name"}," (POP3)"]},{"$i":"settings-account-clarify-smtp","$v":[{"t":"idOrVar","v":"account-name"}," (SMTP)"]},{"$i":"settings-general-section","$v":"Главни поставки"},{"$i":"settings-show-images","$v":"Секогаш покажувај слики"},{"$i":"settings-download-attachments","$v":"Преземи прилози"},{"$i":"settings-check-every-5min","$v":"Секои 5 минути"},{"$i":"settings-check-every-10min","$v":"Секои 10 минути"},{"$i":"settings-check-every-15min","$v":"Секои 15 минути"},{"$i":"settings-check-every-30min","$v":"Секои 30 минути"},{"$i":"settings-check-every-60min","$v":"Секој час"},{"$i":"settings-check-every-manual","$v":"Рачно"},{"$i":"settings-check-dynamic","$v":{"few":[{"t":"idOrVar","v":"n"}," секунди"],"many":[{"t":"idOrVar","v":"n"}," секунди"],"one":[{"t":"idOrVar","v":"n"}," секунда"],"other":[{"t":"idOrVar","v":"n"}," секунди"],"two":[{"t":"idOrVar","v":"n"}," секунди"],"zero":"оневозможено"},"$x":[{"t":"idOrVar","v":"plural"},"n"]},{"$i":"settings-default-account","$v":"Постави како станд. е-пошта"},{"$i":"settings-account-type","$v":"Тип на сметка"},{"$i":"settings-account-credentials","$v":"Акредитиви"},{"$i":"settings-activesync-label","$v":"Параметри на актив. синхр."},{"$i":"settings-imap-label","$v":"Поставки IMAP"},{"$i":"settings-pop3-label","$v":"Поставки POP3"},{"$i":"settings-smtp-label","$v":"Поставки SMTP"},{"$i":"settings-hostname","$v":"Име на домаќин"},{"$i":"settings-port","$v":"Порта"},{"$i":"settings-username","$v":"Корисничко име"},{"$i":"settings-password","$v":"Лозинка"},{"$i":"settings-save","$v":"Зачувај"},{"$i":"password-saved","$v":"Лозинката е зачувана."},{"$i":"settings-reauth","$v":"Реавторизирај"},{"$i":"settings-account-synchronize-window","$v":"Денови за синхр."},{"$i":"settings-account-synchronize-window-select","ariaLabel":"Денови за синхр."},{"$i":"settings-synchronize-auto","$v":"Автоматски"},{"$i":"settings-synchronize-one-day","$v":"1 ден"},{"$i":"settings-synchronize-three-days","$v":"3 дена"},{"$i":"settings-synchronize-one-week","$v":"1 седмица"},{"$i":"settings-synchronize-two-weeks","$v":"2 седмици"},{"$i":"settings-synchronize-one-month","$v":"1 месец"},{"$i":"settings-synchronize-all","$v":"Сите пораки"},{"$i":"envelope-from","$v":"Од"},{"$i":"envelope-to","$v":"До"},{"$i":"envelope-cc","$v":"Cc"},{"$i":"envelope-bcc","$v":"Bcc"},{"$i":"message-header-state-sending","ariaLabel":"Испраќање"},{"$i":"message-header-state-error","ariaLabel":"Грешка при испраќ."},{"$i":"message-header-unread","ariaLabel":"Непрочитано"},{"$i":"message-header-reply","ariaLabel":"Одговори"},{"$i":"message-header-forward","ariaLabel":"Напред"},{"$i":"message-header-starred","ariaLabel":"Има ѕвезда"},{"$i":"message-header-attachments","ariaLabel":"Има прилози"},{"$i":"message-body-container","ariaLabel":"Гл. текст на порака"},{"$i":"message-body-container-progress","ariaValueText":"Вчитување"},{"$i":"subject","ariaLabel":"Предмет"},{"$i":"attachments-container","ariaLabel":"Прилози"},{"$i":"from-group","ariaLabel":"Од"},{"$i":"to-group","ariaLabel":"До"},{"$i":"cc-group","ariaLabel":"CC"},{"$i":"bcc-group","ariaLabel":"BCC"},{"$i":"compose-header","$v":"Состави порака"},{"$i":"compose-header-short","$v":"Состави"},{"$i":"compose-send","$v":"Испрати"},{"$i":"compose-send-button","ariaLabel":"Испрати"},{"$i":"compose-to","$v":"До"},{"$i":"compose-cc","$v":"Cc"},{"$i":"compose-bcc","$v":"Bcc"},{"$i":"compose-cc-remove","$v":"Листата со cc е отстранета."},{"$i":"compose-bcc-remove","$v":"Листата со bcc е отстранета."},{"$i":"compose-contact-add","ariaLabel":"Додај контакт"},{"$i":"compose-attachments","$v":{"few":["Прилози (",{"t":"idOrVar","v":"n"},")"],"many":["Прилози (",{"t":"idOrVar","v":"n"},")"],"one":["Прилог (",{"t":"idOrVar","v":"n"},")"],"other":["Прилози (",{"t":"idOrVar","v":"n"},")"],"two":["Прилози (",{"t":"idOrVar","v":"n"},")"],"zero":"Прилог"},"$x":[{"t":"idOrVar","v":"plural"},"n"]},{"$i":"compose-text","ariaLabel":"Уреди"},{"$i":"compose-attachment-still-working","$v":"Еден момент, сѐ уште се работи на претходниот прилог..."},{"$i":"compose-attachment-loading","$v":"Вчитувам прилог ..."},{"$i":"compose-attachments-loading","$v":"Вчитувам прилози ..."},{"$i":"compose-forward-attachment-error-title","$v":"Преземањето не успеа."},{"$i":"compose-forward-attachment-error-title2","$v":"Грешка"},{"$i":"compose-forward-attachment-unable-load","$v":"Прилогот не може да се вчита."},{"$i":"compose-forward-attachments-unable-load","$v":"Прилозите не може да се вчитаат."},{"$i":"compose-forward-attachment-load-error","$v":"Некои прилози не се вчитаа."},{"$i":"confirmation-title","$v":"Потврдување"},{"$i":"compose-subject","$v":"Предмет"},{"$i":"compose-draft-save","$v":"Да се зачува во локалните нацрти?"},{"$i":"compose-discard-confirm","$v":"Отфрли"},{"$i":"compose-draft-dialog-cancel","$v":"Откажи"},{"$i":"compose-draft-dialog-save","$v":"Зачувај"},{"$i":"composer-draft-saved","$v":"Пораката е зачувана во локалните нацрти"},{"$i":"attention","$v":"Внимание"},{"$i":"compose-send-message-failed","$v":"Испраќањето на е-поштата не успеа"},{"$i":"compose-attchment-size-exceeded","$v":"Избраниот прилог е преголем за да се испрати со оваа порака."},{"$i":"compose-attchments-size-exceeded","$v":"Избраните прилози се преголеми за да се испратат со оваа порака. Обидете се да изберете помалку датотеки."},{"$i":"composer-attachment-large-title","$v":"Датотеката е преголема"},{"$i":"default-attachment-filename","$v":["Прилог",{"t":"idOrVar","v":"n"}]},{"$i":"attachment-size-meb","$v":[{"t":"idOrVar","v":"megabytes"}," MB"]},{"$i":"attachment-size-kib","$v":[{"t":"idOrVar","v":"kilobytes"}," KB"]},{"$i":"attachment-size-byte","$v":[{"t":"idOrVar","v":"bytes"}," B"]},{"$i":"message-attachment-view","$v":"Преглед"},{"$i":"message-attachment-did-not-open-label","$v":"Не може да се отвори"},{"$i":"message-attachment-did-not-open-body","$v":"Уредот нема апликација што може да го отвори прилогот."},{"$i":"message-attachment-too-large","$v":"Оваа датотека е преголема за да се преземе."},{"$i":"message-attachment-not-found","$v":"Приложената датотека не може да биде пронајдена, возможно е да била избришана."},{"$i":"message-attachment-download-fail","$v":[{"t":"idOrVar","v":"fileName"}," -Преземањето не успеа"]},{"$i":"message-no-subject","$v":"(нема предмет)"},{"$i":"message-edit-menu-edit","$v":"Уреди"},{"$i":"message-edit-menu-delete","$v":"Избриши"},{"$i":"message-edit-delete-confirm","$v":"Избриши ја пораката?"},{"$i":"message-forward-attachment-title","$v":"Прилог"},{"$i":"message-forward-attachment","$v":"Да се препрати и прилогот?"},{"$i":"message-forward-attachments","$v":"Да се препратат и прилозите?"},{"$i":"message-multiedit-header","$v":{"few":[{"t":"idOrVar","v":"n"}," избрано"],"many":[{"t":"idOrVar","v":"n"}," избрано"],"one":[{"t":"idOrVar","v":"n"}," избрано"],"other":[{"t":"idOrVar","v":"n"}," избрано"],"two":[{"t":"idOrVar","v":"n"}," избрано"],"zero":[{"t":"idOrVar","v":"n"}," избрано"]},"$x":[{"t":"idOrVar","v":"plural"},"n"]},{"$i":"message-multiedit-search-header","$v":{"few":[{"t":"idOrVar","v":"n"}," избрано"],"many":[{"t":"idOrVar","v":"n"}," избрано"],"one":[{"t":"idOrVar","v":"n"}," избрано"],"other":[{"t":"idOrVar","v":"n"}," избрано"],"two":[{"t":"idOrVar","v":"n"}," избрано"],"zero":"0 избрани"},"$x":[{"t":"idOrVar","v":"plural"},"n"]},{"$i":"browse-to-url-prompt","$v":["Да се прегледа URL?: ",{"t":"idOrVar","v":"url"}]},{"$i":"message-download-images-tap","$v":{"few":["Оваа е-пошта содржи ",{"t":"idOrVar","v":"n"}," слики. Допрете за да ги преземете."],"many":["Оваа е-пошта содржи ",{"t":"idOrVar","v":"n"}," слики. Допрете за да ги преземете."],"one":"Оваа е-пошта содржи една слика. Допрете за да ја преземете.","other":["Оваа е-пошта содржи ",{"t":"idOrVar","v":"n"}," слики. Допрете за да ги преземете."],"two":["Оваа е-пошта содржи ",{"t":"idOrVar","v":"n"}," слики. Допрете за да ги преземете."]},"$x":[{"t":"idOrVar","v":"plural"},"n"]},{"$i":"message-show-external-images","$v":"Покажи надворешни слики"},{"$i":"message-delete-cancel","$v":"Откажи"},{"$i":"message-multiedit-delete-confirm","$v":{"few":["Избриши ",{"t":"idOrVar","v":"n"}," пораки?"],"many":["Избриши ",{"t":"idOrVar","v":"n"}," пораки?"],"one":"Избриши ги избраните пораки?","other":["Избриши ",{"t":"idOrVar","v":"n"}," пораки?"],"two":["Избриши ",{"t":"idOrVar","v":"n"}," пораки?"]},"$x":[{"t":"idOrVar","v":"plural"},"n"]},{"$i":"message-large-message-cancel","$v":"Откажи"},{"$i":"message-large-message-ok","$v":"Продолжи"},{"$i":"message-large-message-confirm","$v":"Оваа порака е голема и е возможно преземањето ѝ да потрае."},{"$i":"message-large-message-warning","$v":"Пораката е преголема за да се вчита."},{"$i":"message-search-header","$v":"Пребарувај"},{"$i":"search-result","$v":["пронајдени се ",{"t":"idOrVar","v":"num"}," совпаднувања"]},{"$i":"message-search-from","$v":"Од"},{"$i":"message-search-to","$v":"До"},{"$i":"message-search-subject","$v":"Предмет"},{"$i":"message-search-body","$v":"Осн. текст"},{"$i":"message-search-all","$v":"Сите"},{"$i":"message-search-input","placeholder":"Пребарувај ја е-поштата"},{"$i":"message-search-cancel","$v":"Откажи"},{"$i":"messages-syncing","$v":"Вчитување на пораките"},{"$i":"messages-syncing-progressbar","ariaValueText":"Вчитување на пораките"},{"$i":"messages-load-more","$v":"Вчитај повеќе пораки"},{"$i":"messages-folder-empty","$v":"Нема писма во оваа папка"},{"$i":"messages-search-empty","$v":"Нема совпаднувања во локално кешираните пораки"},{"$i":"messages-folder-select","$v":"Премести во папка"},{"$i":"messages-folder-unread-max","$v":"999"},{"$i":"message-contact-menu-create","$v":"Зачувајте го новиот контакт"},{"$i":"message-contact-menu-add-existing","$v":"Додајте кон постоечки контакт"},{"$i":"message-contact-menu-view","$v":"Прегледај контакт"},{"$i":"message-contact-menu-reply","$v":"Одговори"},{"$i":"message-contact-menu-new","$v":"Испратете нова е-пошта"},{"$i":"message-reply-menu-reply","$v":"Одговори"},{"$i":"message-reply-menu-reply-all","$v":"Одговори на сите"},{"$i":"message-reply-menu-forward","$v":"Напред"},{"$i":"message-reply-menu-cancel","$v":"Откажи"},{"$i":"reply-quoting-wrote","$v":"{name} пишав"},{"$i":"forward-original-message","$v":"Оригинална порака"},{"$i":"forward-header-subject","$v":"Предмет"},{"$i":"forward-header-date","$v":"Датум"},{"$i":"forward-header-from","$v":"Од"},{"$i":"forward-header-reply-to","$v":"Одговори-на"},{"$i":"forward-header-to","$v":"До"},{"$i":"forward-header-cc","$v":"Cc"},{"$i":"folder-inbox","$v":"Приемно сандаче"},{"$i":"folder-sent","$v":"Испратено"},{"$i":"folder-drafts","$v":"Нацрти"},{"$i":"folder-trash","$v":"Ѓубре"},{"$i":"folder-queue","$v":"Неиспратени"},{"$i":"folder-junk","$v":"Непотребно"},{"$i":"folder-archives","$v":"Архиви"},{"$i":"folder-localdrafts","$v":"Локални нацрти"},{"$i":"folder-outbox","$v":"Сандаче за испраќање"},{"$i":"drawer-back","$v":"Назад"},{"$i":"drawer-accounts-header","$v":"Сметки"},{"$i":"drawer-settings-link","$v":"Параметри"},{"$i":"folder-last-synced-label","$v":"Последна синх.:"},{"$i":"messages-refresh-progress","ariaValueText":"Обновување"},{"$i":"no-internet-connection","$v":"Нема интернет врска"},{"$i":"toaster-undo","$v":"Отповикување"},{"$i":"toaster-message-star","$v":{"few":[{"t":"idOrVar","v":"n"}," пораки се означени со знаменце"],"many":[{"t":"idOrVar","v":"n"}," пораки се означени со знаменце"],"one":"Пораката е озн. со знаме","other":[{"t":"idOrVar","v":"n"}," пораки се означени со знаменце"],"two":[{"t":"idOrVar","v":"n"}," пораки се означени со знаменце"]},"$x":[{"t":"idOrVar","v":"plural"},"n"]},{"$i":"toaster-message-unstar","$v":{"few":["отстранети се ",{"t":"idOrVar","v":"n"}," знаменца за пораки"],"many":["отстранети се ",{"t":"idOrVar","v":"n"}," знаменца за пораки"],"one":"Знаменцето од пораката е отстрането","other":["отстранети се ",{"t":"idOrVar","v":"n"}," знаменца за пораки"],"two":["отстранети се ",{"t":"idOrVar","v":"n"}," знаменца за пораки"]},"$x":[{"t":"idOrVar","v":"plural"},"n"]},{"$i":"toaster-message-read","$v":{"few":[{"t":"idOrVar","v":"n"}," пораки се означени како прочитани"],"many":[{"t":"idOrVar","v":"n"}," пораки се означени како прочитани"],"one":"Пораката е означена како прочитана","other":[{"t":"idOrVar","v":"n"}," пораки се означени како прочитани"],"two":[{"t":"idOrVar","v":"n"}," пораки се означени како прочитани"]},"$x":[{"t":"idOrVar","v":"plural"},"n"]},{"$i":"toaster-message-unread","$v":{"few":[{"t":"idOrVar","v":"n"}," пораки се означени како непрочитани"],"many":[{"t":"idOrVar","v":"n"}," пораки се означени како непрочитани"],"one":"Пораката е означена како непрочитана","other":[{"t":"idOrVar","v":"n"}," пораки се означени како непрочитани"],"two":[{"t":"idOrVar","v":"n"}," пораки се означени како непрочитани"]},"$x":[{"t":"idOrVar","v":"plural"},"n"]},{"$i":"toaster-message-move","$v":{"few":[{"t":"idOrVar","v":"n"}," пораки се преместени во папката:"],"many":[{"t":"idOrVar","v":"n"}," пораки се преместени во папката:"],"one":"Пораката е преместена во папката:","other":[{"t":"idOrVar","v":"n"}," пораки се преместени во папката:"],"two":[{"t":"idOrVar","v":"n"}," пораки се преместени во папката:"]},"$x":[{"t":"idOrVar","v":"plural"},"n"]},{"$i":"toaster-message-delete","$v":{"few":[{"t":"idOrVar","v":"n"}," е-пораки се избришани"],"many":[{"t":"idOrVar","v":"n"}," е-пораки се избришани"],"one":"1 е-порака е избришана","other":[{"t":"idOrVar","v":"n"}," е-пораки се избришани"],"two":[{"t":"idOrVar","v":"n"}," е-пораки се избришани"]},"$x":[{"t":"idOrVar","v":"plural"},"n"]},{"$i":"toaster-sync-failed","$v":"Не може да се поврзе со серверот."},{"$i":"compose-invalid-addresses-title","$v":"Неважечки е-адреси"},{"$i":"compose-invalid-addresses-description","$v":"Пораката содржи една или повеќе неважечки е-адреси. Поправете ги пред да ја испратите."},{"$i":"background-send-pending","$v":"Мрежата е недостапна. Е-поштата е зачувана во санд. за испраќање."},{"$i":"background-send-sending","$v":"Испраќање на е-поштата..."},{"$i":"background-send-success","$v":"Е-поштата е испратена."},{"$i":"background-send-error","$v":"Се појави грешка. Е-поштата е зачувана во санд. за испраќање."},{"$i":"background-send-error-recipients","$v":"Грешка во примачот. Е-поштата е зачувана во санд. за испраќање."},{"$i":"background-send-error-title","$v":"Е-поштата не се испрати."},{"$i":"send-failure-recipients","$v":"Проверете го правописот на адресите погоре. Серверот на е-поштата укажа дека една или повеќе од адресите погоре се неточни."},{"$i":"send-failure-unknown","$v":"Пораката не може да се испрати."},{"$i":"form-clear-input","$v":"Отстрани го текстот"},{"$i":"confirm-dialog-title","$v":"Потврдување"},{"$i":"confirm-dialog-ok","$v":"ОК"},{"$i":"msg-display-subject","$v":"Предмет"},{"$i":"msg-reader-display-attachments","$v":"Прилози"},{"$i":"msg-reader-display-attachment","$v":"Прилог"},{"$i":"msg-reader-download-external-images","$v":["Преземи надворешни слики (",{"t":"idOrVar","v":"n"}," MB)"]},{"$i":"msg-reader-sender-header","$v":"Од"},{"$i":"msg-reader-recipients-header","$v":"Примачи"},{"$i":"msg-reader-cc-header","$v":"Cc"},{"$i":"msg-reader-bcc-header","$v":"Bcc"},{"$i":"msg-reader-message-flagged","$v":"Пораката е озн. со знаме"},{"$i":"msg-reader-flag-removed","$v":"Знаменцето е отстрането"},{"$i":"external-image-downloading","$v":"Преземање..."},{"$i":"senders-separation-sign","$v":", "},{"$i":"new-messages","$v":{"few":[{"t":"idOrVar","v":"n"}," Нови пораки"],"many":[{"t":"idOrVar","v":"n"}," Нови пораки"],"one":"1 Нова порака","other":[{"t":"idOrVar","v":"n"}," Нови пораки"],"two":[{"t":"idOrVar","v":"n"}," Нови пораки"]},"$x":[{"t":"idOrVar","v":"plural"},"n"]},{"$i":"new-emails-notify-one-account","$v":{"few":[{"t":"idOrVar","v":"n"}," Нови е-пошти"],"many":[{"t":"idOrVar","v":"n"}," Нови е-пошти"],"one":"1 Нова е-пошта","other":[{"t":"idOrVar","v":"n"}," Нови е-пошти"],"two":[{"t":"idOrVar","v":"n"}," Нови е-пошти"]},"$x":[{"t":"idOrVar","v":"plural"},"n"]},{"$i":"new-emails-notify-multiple-accounts","$v":{"few":[{"t":"idOrVar","v":"n"}," Нови е-пошти (",{"t":"idOrVar","v":"accountName"},")"],"many":[{"t":"idOrVar","v":"n"}," Нови е-пошти (",{"t":"idOrVar","v":"accountName"},")"],"one":["1 Нова е-пошта (",{"t":"idOrVar","v":"accountName"},")"],"other":[{"t":"idOrVar","v":"n"}," Нови е-пошти (",{"t":"idOrVar","v":"accountName"},")"],"two":[{"t":"idOrVar","v":"n"}," Нови е-пошти (",{"t":"idOrVar","v":"accountName"},")"]},"$x":[{"t":"idOrVar","v":"plural"},"n"]},{"$i":"new-emails-notify-multiple-accounts-body","$v":[{"t":"idOrVar","v":"from"}," “",{"t":"idOrVar","v":"subject"},"”"]},{"$i":"tng-plain-socket-warning-title","$v":"Сигурни ли сте?"},{"$i":"tng-plain-socket-warning-message","$v":"Возможно е други луѓе да можат да ги видат вашите лозинки и е-пошти или да ја контролираат вашата сметка."},{"$i":"tng-plain-socket-warning-message-options","$v":"Постојат повеќе, бесплатни провајдери на е-пошти, што нудат побезбедни, шифрирани врски."},{"$i":"tng-plain-socket-warning-ok","$v":"Разбирам"},{"$i":"message-reader-date-received","ariaLabel":"Примено"},{"$i":"sort-by-title","$v":"Подреди по"},{"$i":"sort-by-date","$v":"Датум"},{"$i":"sort-by-from","$v":"Од"},{"$i":"sort-by-to","$v":"До"},{"$i":"sort-by-subject","$v":"Предмет"},{"$i":"softkey-options","$v":"Опции"},{"$i":"opt-compose","$v":"Состави"},{"$i":"opt-reply","$v":"Одговори"},{"$i":"opt-reply-all","$v":"Одговори на сите"},{"$i":"opt-forward","$v":"Напред"},{"$i":"opt-mark-read","$v":"Означи како проч."},{"$i":"opt-mark-unread","$v":"Означи како непроч."},{"$i":"opt-add-flag","$v":"Додај знаменце"},{"$i":"opt-remove-flag","$v":"Отстрани знаменце"},{"$i":"opt-move-message","$v":"Премести во папка"},{"$i":"opt-delete-message","$v":"Избриши"},{"$i":"opt-multi-select","$v":"Изберете неколку"},{"$i":"opt-search","$v":"Пребарувај"},{"$i":"opt-folders","$v":"Преглед на папките"},{"$i":"opt-sort","$v":"Подредување"},{"$i":"opt-sync","$v":"Синхронизирање"},{"$i":"opt-account","$v":"Промена на сметката"},{"$i":"opt-settings","$v":"Параметри"},{"$i":"opt-edit","$v":"Уреди"},{"$i":"opt-cancel","$v":"Откажи"},{"$i":"opt-save","$v":"Зачувај"},{"$i":"opt-move","$v":"Премести"},{"$i":"opt-view","$v":"Преглед"},{"$i":"opt-empty-trash","$v":"Испразни ѓубре"},{"$i":"opt-call-number","$v":"Повик"},{"$i":"opt-compose-mail","$v":"Состави"},{"$i":"opt-open-url","$v":"Отвори"},{"$i":"select-option-on","$v":"Вклучено"},{"$i":"select-option-off","$v":"Исклучено"},{"$i":"select-option-imap-smtp","$v":"IMAP+SMTP"},{"$i":"select-option-pop3-smtp","$v":"POP3+SMTP"},{"$i":"select-option-activesync","$v":"Активна синх."},{"$i":"toaster-switch-account","$v":"Сметката за е-пошта е префрлена на:"},{"$i":"toaster-sorted-by","$v":"Пораките се групирани по"},{"$i":"cmp-reply","$v":"Одговори"},{"$i":"cmp-reply-all","$v":"Одговори на сите"},{"$i":"cmp-forward","$v":"Препрати ја пораката"},{"$i":"cmp-remove-attach","$v":"Прилогот е отстранет"},{"$i":"select","$v":"Одбери"},{"$i":"deselect","$v":"Пон.ги избр."},{"$i":"cancel","$v":"Откажи"},{"$i":"enter","$v":"Внесете"},{"$i":"remove-attachment","$v":"Отстранување на прилог"},{"$i":"replace-attachment","$v":"Замена на прилог"},{"$i":"add-attachment","$v":"Додај прилог"},{"$i":"add-contact","$v":"Додај контакт"},{"$i":"add-cc","$v":"Додај Cc"},{"$i":"remove-cc","$v":"Отстранете го Cc"},{"$i":"add-bcc","$v":"Додај Bcc"},{"$i":"remove-bcc","$v":"Отстранете го Bcc"},{"$i":"attachment-download","$v":"Преземи"},{"$i":"attachment-share","$v":"Сподели"},{"$i":"send-new-mail","$v":"Испратете нова е-пошта"},{"$i":"view-contact","$v":"Прегледај контакт"},{"$i":"save-new-contact","$v":"Зачувајте го новиот контакт"},{"$i":"add-to-exsiting-contact","$v":"Додајте кон Постоечки контакт"},{"$i":"no","$v":"Не"},{"$i":"yes","$v":"Да"},{"$i":"retry","$v":"Обидете се повторно"},{"$i":"empty","$v":"Празно"},{"$i":"empty-trash-confirm","$v":"Сакате ли да го испразните ѓубрето?"},{"$i":"trash-emptied","$v":"Ѓубрето е празно"},{"$i":"next","$v":"Следно"},{"$i":"welcome-header","$v":"Е-пошта"},{"$i":"welcome-msg","$v":"Добредојдовте во е-поштата."},{"$i":"welcome-msg-setup","$v":"Притиснете Следно за да ја поставите вашата сметка за е-пошта."},{"$i":"discard","$v":"Отфрли"},{"$i":"leave-this-page-warning-message","$v":"Сакате ли да ја отфрлите информацијата за сметката на е-поштата?"},{"$i":"finish","$v":"Крај"},{"$i":"setup-done-msg","$v":"Успешно се најавивте. Сакате ли да додадете друга сметка?"},{"$i":"save-as-draft","$v":"Да се зач. ли како нацрт?"},{"$i":"show-password","$v":"Покажи лозинка"},{"$i":"account-label","$v":"Назив на сметката"},{"$i":"folders","$v":"Папки"},{"$i":"security","$v":"Безбедност"},{"$i":"port-number","$v":"Број на порта"},{"$i":"domain-username","$v":"Домен/Корис.име"},{"$i":"synchronizing","$v":"Синхронизација…"},{"$i":"browse-mail","$v":"Прегледај ја е-поштата"},{"$i":"never-sync","$v":"Локалната папка не може да се синхронизира"},{"$i":"emptyDownloadFile","$v":"Оваа датотека не може да се преземе, можеби е празна"},{"$i":"sync","$v":"Синхронизација"},{"$i":"outbox-unsent-label","$v":{"few":[{"t":"idOrVar","v":"n"}," неиспратени пораки во санд. за испраќање"],"many":[{"t":"idOrVar","v":"n"}," неиспратени пораки во санд. за испраќање"],"one":"1 неиспратена порака во санд. за испраќање","other":[{"t":"idOrVar","v":"n"}," неиспратени пораки во санд. за испраќање"],"two":"2 неиспратени пораки во санд. за испраќање"},"$x":[{"t":"idOrVar","v":"plural"},"n"]},{"$i":"storage-full-title","$v":"Складот е полн"},{"$i":"storage-full-warning","$v":"Можете да избришете некои медиум. датотеки или да ги подредите подат. од аплик. за да ослободите простор."},{"$i":"storage-full","$v":"Складот на телефонот е полн."},{"$i":"storage-sdcard-full","$v":"SD карт. е полна."},{"$i":"view-address","$v":"Прикажи адреса"},{"$i":"mail-address-title","$v":"Е-адреса"},{"$i":"mail-address","$v":[{"t":"idOrVar","v":"address"}]},{"$i":"value-name","$v":[{"t":"idOrVar","v":"name"}]},{"$i":"account-deleted","$v":"Сметката се избриша."},{"$i":"account-reEnable","$v":"Сметката веќе постои. Да се синхронизира е-поштата за сметката?"},{"$i":"setup-account-usedInfo","$v":"Апликациите подолу ќе ја користат сметкава. Ова може да го промените во Параметри>Сметка."},{"$i":"setup-account-settingsInfo","$v":"Секоја апликација има различни интервали за стандардно синхронизирање, проверете ги во поставките на апликацијата."},{"$i":"app-calendar","$v":"Календар"},{"$i":"app-contacts","$v":"Контакти"},{"$i":"app-email","$v":"Е-пошта"},{"$i":"weekday-0-long","$v":"Недела"},{"$i":"weekday-1-long","$v":"Понеделник"},{"$i":"weekday-2-long","$v":"Вторник"},{"$i":"weekday-3-long","$v":"Среда"},{"$i":"weekday-4-long","$v":"Четврток"},{"$i":"weekday-5-long","$v":"Петок"},{"$i":"weekday-6-long","$v":"Сабота"},{"$i":"weekday-0-short","$v":"Нед"},{"$i":"weekday-1-short","$v":"Пон"},{"$i":"weekday-2-short","$v":"Вто"},{"$i":"weekday-3-short","$v":"Сре"},{"$i":"weekday-4-short","$v":"Чет"},{"$i":"weekday-5-short","$v":"Пет"},{"$i":"weekday-6-short","$v":"Саб"},{"$i":"month-0-long","$v":"Јануари"},{"$i":"month-1-long","$v":"Фебруари"},{"$i":"month-2-long","$v":"Март"},{"$i":"month-3-long","$v":"Април"},{"$i":"month-4-long","$v":"Мај"},{"$i":"month-5-long","$v":"Јуни"},{"$i":"month-6-long","$v":"Јули"},{"$i":"month-7-long","$v":"Август"},{"$i":"month-8-long","$v":"Септември"},{"$i":"month-9-long","$v":"Октомври"},{"$i":"month-10-long","$v":"Ноември"},{"$i":"month-11-long","$v":"Декември"},{"$i":"month-0-genitive","$v":"Јануари"},{"$i":"month-1-genitive","$v":"Февруари"},{"$i":"month-2-genitive","$v":"Март"},{"$i":"month-3-genitive","$v":"Април"},{"$i":"month-4-genitive","$v":"Мај"},{"$i":"month-5-genitive","$v":"Јуни"},{"$i":"month-6-genitive","$v":"Јули"},{"$i":"month-7-genitive","$v":"Август"},{"$i":"month-8-genitive","$v":"Септември"},{"$i":"month-9-genitive","$v":"Октомври"},{"$i":"month-10-genitive","$v":"Ноември"},{"$i":"month-11-genitive","$v":"Декември"},{"$i":"month-0-short","$v":"Јан"},{"$i":"month-1-short","$v":"Фев"},{"$i":"month-2-short","$v":"Мар"},{"$i":"month-3-short","$v":"Апр"},{"$i":"month-4-short","$v":"Мај"},{"$i":"month-5-short","$v":"Јун"},{"$i":"month-6-short","$v":"Јул"},{"$i":"month-7-short","$v":"Авг"},{"$i":"month-8-short","$v":"Сеп"},{"$i":"month-9-short","$v":"Окт"},{"$i":"month-10-short","$v":"Ное"},{"$i":"month-11-short","$v":"Дек"},{"$i":"minutes-ago-long","$v":{"few":[{"t":"idOrVar","v":"value"}," минути пред"],"many":[{"t":"idOrVar","v":"value"}," минути пред"],"one":"пред 1 минута","other":["Пред ",{"t":"idOrVar","v":"value"}," Минути"],"two":[{"t":"idOrVar","v":"value"}," минути пред"],"zero":"само што"},"$x":[{"t":"idOrVar","v":"plural"},"value"]},{"$i":"hours-ago-long","$v":{"few":[{"t":"idOrVar","v":"value"}," часови пред"],"many":[{"t":"idOrVar","v":"value"}," часови пред"],"one":"пред еден час","other":["Пред ",{"t":"idOrVar","v":"value"}," Часа"],"two":[{"t":"idOrVar","v":"value"}," часови пред"],"zero":"само што"},"$x":[{"t":"idOrVar","v":"plural"},"value"]},{"$i":"days-ago-long","$v":{"few":[{"t":"idOrVar","v":"value"}," денови пред"],"many":[{"t":"idOrVar","v":"value"}," денови пред"],"one":"вчера","other":["Пред ",{"t":"idOrVar","v":"value"}," Дена"],"two":[{"t":"idOrVar","v":"value"}," денови пред"],"zero":"денес"},"$x":[{"t":"idOrVar","v":"plural"},"value"]},{"$i":"weeks-ago-long","$v":{"few":[{"t":"idOrVar","v":"value"}," седмици пред"],"many":[{"t":"idOrVar","v":"value"}," седмици пред"],"one":"минатата недела","other":[{"t":"idOrVar","v":"value"}," седмици пред"],"two":[{"t":"idOrVar","v":"value"}," седмици пред"],"zero":"оваа седмица"},"$x":[{"t":"idOrVar","v":"plural"},"value"]},{"$i":"months-ago-long","$v":{"few":[{"t":"idOrVar","v":"value"}," месеци пред"],"many":[{"t":"idOrVar","v":"value"}," месеци пред"],"one":"минатиот месец","other":[{"t":"idOrVar","v":"value"}," месеци пред"],"two":[{"t":"idOrVar","v":"value"}," месеци пред"],"zero":"овој месец"},"$x":[{"t":"idOrVar","v":"plural"},"value"]},{"$i":"years-ago-long","$v":{"few":[{"t":"idOrVar","v":"value"}," години пред"],"many":[{"t":"idOrVar","v":"value"}," години пред"],"one":"минатата година","other":[{"t":"idOrVar","v":"value"}," години пред"],"two":[{"t":"idOrVar","v":"value"}," години пред"],"zero":"оваа година"},"$x":[{"t":"idOrVar","v":"plural"},"value"]},{"$i":"minutes-until-long","$v":{"few":["за ",{"t":"idOrVar","v":"value"}," минути"],"many":["за ",{"t":"idOrVar","v":"value"}," минути"],"one":"за една минута","other":["за ",{"t":"idOrVar","v":"value"}," минути"],"two":["за ",{"t":"idOrVar","v":"value"}," минути"],"zero":"сега"},"$x":[{"t":"idOrVar","v":"plural"},"value"]},{"$i":"hours-until-long","$v":{"few":["за ",{"t":"idOrVar","v":"value"}," часа"],"many":["за ",{"t":"idOrVar","v":"value"}," часа"],"one":"за еден час","other":["за ",{"t":"idOrVar","v":"value"}," часа"],"two":["за ",{"t":"idOrVar","v":"value"}," часа"],"zero":"сега"},"$x":[{"t":"idOrVar","v":"plural"},"value"]},{"$i":"days-until-long","$v":{"few":["за ",{"t":"idOrVar","v":"value"}," дена"],"many":["за ",{"t":"idOrVar","v":"value"}," дена"],"one":"утре","other":["за ",{"t":"idOrVar","v":"value"}," дена"],"two":["за ",{"t":"idOrVar","v":"value"}," дена"],"zero":"денес"},"$x":[{"t":"idOrVar","v":"plural"},"value"]},{"$i":"weeks-until-long","$v":{"few":["за ",{"t":"idOrVar","v":"value"}," седмици"],"many":["за ",{"t":"idOrVar","v":"value"}," седмици"],"one":"следната седмица","other":["за ",{"t":"idOrVar","v":"value"}," седмици"],"two":["за ",{"t":"idOrVar","v":"value"}," седмици"],"zero":"оваа седмица"},"$x":[{"t":"idOrVar","v":"plural"},"value"]},{"$i":"months-until-long","$v":{"few":["за ",{"t":"idOrVar","v":"value"}," месеци"],"many":["за ",{"t":"idOrVar","v":"value"}," месеци"],"one":"следниот месец","other":["за ",{"t":"idOrVar","v":"value"}," месеци"],"two":["за ",{"t":"idOrVar","v":"value"}," месеци"],"zero":"овој месец"},"$x":[{"t":"idOrVar","v":"plural"},"value"]},{"$i":"years-until-long","$v":{"few":["за ",{"t":"idOrVar","v":"value"}," години"],"many":["за ",{"t":"idOrVar","v":"value"}," години"],"one":"следната година","other":["за ",{"t":"idOrVar","v":"value"}," години"],"two":["за ",{"t":"idOrVar","v":"value"}," години"],"zero":"оваа година"},"$x":[{"t":"idOrVar","v":"plural"},"value"]},{"$i":"minutes-ago-short","$v":{"other":[{"t":"idOrVar","v":"value"},"м. пред"],"zero":"само што"},"$x":[{"t":"idOrVar","v":"plural"},"value"]},{"$i":"hours-ago-short","$v":{"other":[{"t":"idOrVar","v":"value"},"ч. пред"],"zero":"само што"},"$x":[{"t":"idOrVar","v":"plural"},"value"]},{"$i":"days-ago-short","$v":{"other":[{"t":"idOrVar","v":"value"},"д. пред"],"zero":"денес"},"$x":[{"t":"idOrVar","v":"plural"},"value"]},{"$i":"minutes-until-short","$v":{"other":["за ",{"t":"idOrVar","v":"value"},"м"],"zero":"сега"},"$x":[{"t":"idOrVar","v":"plural"},"value"]},{"$i":"hours-until-short","$v":{"other":["за ",{"t":"idOrVar","v":"value"},"ч"],"zero":"сега"},"$x":[{"t":"idOrVar","v":"plural"},"value"]},{"$i":"days-until-short","$v":{"other":["за ",{"t":"idOrVar","v":"value"},"д"],"zero":"денес"},"$x":[{"t":"idOrVar","v":"plural"},"value"]},{"$i":"incorrectDate","$v":"(неточна дата)"},{"$i":"dateTimeFormat_%c","$v":"%a %b %e %Y %I:%M:%S %p"},{"$i":"dateTimeFormat_%x","$v":"%m/%d/%Y"},{"$i":"dateTimeFormat_%X","$v":"%I:%M:%S %p"},{"$i":"shortTimeFormat","$v":"%I:%M %p"},{"$i":"shortTimeFormat12","$v":"%I:%M %p"},{"$i":"shortTimeFormat24","$v":"%H:%M"},{"$i":"shortDateTimeFormat","$v":"%x %I:%M %p"},{"$i":"weekStartsOnMonday","$v":"0.0"},{"$i":"firstDayOfTheWeek","$v":"1.0"},{"$i":"time_am","$v":"Претпл."},{"$i":"time_pm","$v":"пм"}]