[{"$i":"setup-app-name-header","$v":"E-mail"},{"$i":"setup-empty-account-message","$v":"Nu aveți setările necesare pentru a trimite sau primi e-mail. Setați un cont pentru a finaliza acțiunea."},{"$i":"setup-pick-service","$v":"Pentru a trimite sau primi un e-mail, trebuie să configurați un cont."},{"$i":"setup-account-header3","$v":"Conectare la cont"},{"$i":"setup-account-password","$v":"Parolă"},{"$i":"setup-info-next","$v":"Înainte"},{"$i":"setup-progress-wait-msg","$v":"Setarea unui cont"},{"$i":"setup-sync-progress-wait-msg","$v":"Sincronizarea contului"},{"$i":"setup-completed-header","$v":"Felicitări!"},{"$i":"setup-completed-label","$v":"Totul este gata!"},{"$i":"setup-add-another-account","$v":"Adăugați un alt cont"},{"$i":"setup-show-mail","$v":"Continuați la e-mail"},{"$i":"setup-done-add","$v":"Adăugați cont"},{"$i":"setup-error-offline","$v":"Acest aparat este momentan offline. Conectați-l la o rețea și încercați din nou."},{"$i":"setup-error-bad-user-or-pass2","$v":"Nume de utilizator sau parolă nevalid(ă). Verificați să nu existe greșeli de ortografie."},{"$i":"setup-error-bad-address","$v":"Adresă e-mail nevalidă. Verificați să nu existe greșeli de ortografie."},{"$i":"setup-error-not-authorized","$v":"Conform serverului, nu aveți autorizația de a crea un cont"},{"$i":"setup-error-pop-server-not-great","$v":"Server incompatibil. Serverul POP3 nu are implementate funcțiile solicitate."},{"$i":"setup-error-unknown2","$v":"A apărut o eroare necunoscută. Verificați conexiunea la rețea sau încercați opțiunea de configurare manuală."},{"$i":"setup-error-needs-app-pass","$v":"Trebuie să utilizați o parolă specifică aplicației pentru conturi Gmail cu doi factor"},{"$i":"setup-error-imap-disabled","$v":"Trebuie să activați IMAP pentru contul Gmail"},{"$i":"setup-error-pop3-disabled","$v":"Trebuie să activați POP3 pentru contul Gmail"},{"$i":"setup-error-bad-security","$v":["Imposibil de stabilit o conexiune sigură cu „",{"t":"idOrVar","v":"server"},"”. Este posibil să existe o problemă cu rețeaua sau serverul."]},{"$i":"setup-error-unresponsive-server","$v":["Imposibil de stabilit o conexiune cu „",{"t":"idOrVar","v":"server"},"”. Este posibil să existe o problemă cu rețeaua."]},{"$i":"setup-error-server-problem","$v":["Există o problemă cu serverul „",{"t":"idOrVar","v":"server"},"”. Încercați din nou mai târziu."]},{"$i":"setup-error-no-config-info","$v":"Imposibil de configurat automat contul. Corectați adresa e-mail sau încercați opțiunea de configurare manuală."},{"$i":"setup-error-server-maintenance","$v":["Serverul „",{"t":"idOrVar","v":"server"},"” este offline pentru mentenanță. Încercați din nou mai târziu."]},{"$i":"setup-error-account-already-exists","$v":"Acest cont este configurat deja."},{"$i":"setup-manual-config2","$v":"Avansat"},{"$i":"setup-manual-config-header","$v":"Conectare la cont"},{"$i":"setup-manual-account-type-header","$v":"Tip cont"},{"$i":"setup-manual-account-type","$v":"Tip cont"},{"$i":"setup-manual-account-type-select","ariaLabel":"Tip cont"},{"$i":"setup-manual-imap-header","$v":"Setări IMAP"},{"$i":"setup-manual-pop3-header","$v":"Setări POP3"},{"$i":"setup-manual-smtp-header","$v":"Setări SMTP"},{"$i":"setup-manual-activesync-header","$v":"Setări ActiveSync"},{"$i":"setup-manual-next","$v":"Înainte"},{"$i":"setup-manual-socket","$v":"Tip priză"},{"$i":"setup-manual-socket-ssl","$v":"SSL"},{"$i":"setup-manual-socket-starttls","$v":"STARTTLS"},{"$i":"setup-manual-socket-select","ariaLabel":"Siguranță conexiune"},{"$i":"setup-manual-socket-plain","$v":"Necriptat"},{"$i":"setup-bad-password-header","$v":"Parolă incorectă!"},{"$i":"setup-bad-password","$v":"Conectare la server nereușită. Încercați să introduceți din nou parola."},{"$i":"setup-new-password","placeholder":"Parolă nouă"},{"$i":"setup-fix-password","$v":"Încercați din nou cu parola nouă"},{"$i":"setup-gmail-twofactor-header","$v":"Funcția doi factori activată"},{"$i":"setup-gmail-twofactor-message","$v":"Trebuie să introduceți mai jos o parolă specifică aplicației."},{"$i":"setup-gmail-imap-header","$v":"IMAP dezactivat"},{"$i":"setup-gmail-imap-message","$v":"Trebuie să activați IMAP pe contul Gmail"},{"$i":"setup-gmail-retry","$v":"Reîncercare"},{"$i":"setup-gmail-pop3-header","$v":"POP3 dezactivat"},{"$i":"setup-gmail-pop3-message","$v":"Trebuie să activați POP3 pe contul Gmail"},{"$i":"setup-fix-oauth2-header","$v":"Re-autorizare e-mail"},{"$i":"setup-fix-oauth2-description","$v":"E-mailul trebuie să fie reautorizat din nou pentru a accesa contul următor:"},{"$i":"setup-fix-oauth2-reauthorize","$v":"Reautorizare"},{"$i":"settings-main-header","$v":"Setări e-mail"},{"$i":"settings-sub-header-account","$v":"Cont"},{"$i":"settings-account-group","ariaLabel":"Cont"},{"$i":"settings-account-name","$v":"Numele dvs."},{"$i":"settings-account-label","$v":"Etichetă cont"},{"$i":"settings-account-display-notifications","$v":"Afișare notificări e-mail noi"},{"$i":"settings-account-play-sound-onsend","$v":"Redare sunet după trimiterea mesajului"},{"$i":"settings-account-signature-label","$v":"Semnătură"},{"$i":"settings-sub-header-data","$v":"Date"},{"$i":"settings-data-group","ariaLabel":"Date"},{"$i":"settings-account-check-mail","$v":"Verificați dacă aveți mesaje noi"},{"$i":"settings-account-check-mail-select","ariaLabel":"Verificați dacă aveți mesaje noi"},{"$i":"settings-sub-header-server","$v":"Setări server"},{"$i":"settings-server-group","ariaLabel":"Setări server"},{"$i":"settings-account-userpass","$v":"Nume de utilizator și parolă"},{"$i":"settings-account-useroauth2","$v":"Nume de utilizator"},{"$i":"settings-default-signature-2","$v":"Trimis de pe telefonul meu"},{"$i":"settings-done","$v":"Efectuat"},{"$i":"settings-account-section","$v":"Conturi"},{"$i":"settings-account-listbox","ariaLabel":"Conturi"},{"$i":"settings-account-add","$v":"Adăugați"},{"$i":"settings-account-delete","$v":"Ștergere cont"},{"$i":"settings-account-delete-prompt","$v":["Sunteți sigur că doriți să ștergeți contul e-mail ",{"t":"idOrVar","v":"account"},"?"]},{"$i":"settings-account-delete-desc","$v":"Va trebui să descărcați e-mailul din nou dacă repetați crearea contului."},{"$i":"settings-account-delete-cancel","$v":"Anulare"},{"$i":"settings-account-delete-confirm","$v":"Ștergere"},{"$i":"settings-account-clarify","$v":[{"t":"idOrVar","v":"account-name"}]},{"$i":"settings-account-clarify-imap","$v":[{"t":"idOrVar","v":"account-name"}," (IMAP)"]},{"$i":"settings-account-clarify-pop3","$v":[{"t":"idOrVar","v":"account-name"}," (POP3)"]},{"$i":"settings-account-clarify-smtp","$v":[{"t":"idOrVar","v":"account-name"}," (SMTP)"]},{"$i":"settings-general-section","$v":"Setări generale"},{"$i":"settings-show-images","$v":"Afișați întotdeauna imaginile"},{"$i":"settings-download-attachments","$v":"Descărcați anexe"},{"$i":"settings-check-every-5min","$v":"La fiecare 5 minute"},{"$i":"settings-check-every-10min","$v":"La fiecare 10 minute"},{"$i":"settings-check-every-15min","$v":"La fiecare 15 minute"},{"$i":"settings-check-every-30min","$v":"La fiecare 30 minute"},{"$i":"settings-check-every-60min","$v":"În fiecare oră"},{"$i":"settings-check-every-manual","$v":"Manual"},{"$i":"settings-check-dynamic","$v":{"few":[{"t":"idOrVar","v":"n"}," secunde"],"many":[{"t":"idOrVar","v":"n"}," secunde"],"one":[{"t":"idOrVar","v":"n"}," secundă"],"other":[{"t":"idOrVar","v":"n"}," secunde"],"two":[{"t":"idOrVar","v":"n"}," secunde"],"zero":"dezactivat"},"$x":[{"t":"idOrVar","v":"plural"},"n"]},{"$i":"settings-default-account","$v":"Setați ca e-mail implicit"},{"$i":"settings-account-type","$v":"Tip cont"},{"$i":"settings-account-credentials","$v":"Date de autentificare"},{"$i":"settings-activesync-label","$v":"Setări ActiveSync"},{"$i":"settings-imap-label","$v":"Setări IMAP"},{"$i":"settings-pop3-label","$v":"Setări POP3"},{"$i":"settings-smtp-label","$v":"Setări SMTP"},{"$i":"settings-hostname","$v":"Nume gazdă"},{"$i":"settings-port","$v":"Port"},{"$i":"settings-username","$v":"Nume de utilizator"},{"$i":"settings-password","$v":"Parolă"},{"$i":"settings-save","$v":"Salvare"},{"$i":"password-saved","$v":"Parola a fost salvată."},{"$i":"settings-reauth","$v":"Reautorizare"},{"$i":"settings-account-synchronize-window","$v":"Zile până la sincronizare"},{"$i":"settings-account-synchronize-window-select","ariaLabel":"Zile până la sincronizare"},{"$i":"settings-synchronize-auto","$v":"Automat"},{"$i":"settings-synchronize-one-day","$v":"1 zi"},{"$i":"settings-synchronize-three-days","$v":"3 zile"},{"$i":"settings-synchronize-one-week","$v":"1 săptămână"},{"$i":"settings-synchronize-two-weeks","$v":"2 săptămâni"},{"$i":"settings-synchronize-one-month","$v":"1 lună"},{"$i":"settings-synchronize-all","$v":"Toate mesajele"},{"$i":"envelope-from","$v":"De la"},{"$i":"envelope-to","$v":"Către"},{"$i":"envelope-cc","$v":"Cc"},{"$i":"envelope-bcc","$v":"Bcc"},{"$i":"message-header-state-sending","ariaLabel":"Trimitere"},{"$i":"message-header-state-error","ariaLabel":"Eroare la trimitere"},{"$i":"message-header-unread","ariaLabel":"Necitit"},{"$i":"message-header-reply","ariaLabel":"Răspuns"},{"$i":"message-header-forward","ariaLabel":"Redirecționare"},{"$i":"message-header-starred","ariaLabel":"Are stea"},{"$i":"message-header-attachments","ariaLabel":"Are anexe"},{"$i":"message-body-container","ariaLabel":"Corp mesaj"},{"$i":"message-body-container-progress","ariaValueText":"În curs de încărcare"},{"$i":"subject","ariaLabel":"Subiect"},{"$i":"attachments-container","ariaLabel":"Anexe"},{"$i":"from-group","ariaLabel":"De la"},{"$i":"to-group","ariaLabel":"Către"},{"$i":"cc-group","ariaLabel":"CC"},{"$i":"bcc-group","ariaLabel":"BCC"},{"$i":"compose-header","$v":"Compunere mesaj"},{"$i":"compose-header-short","$v":"Alcătuire"},{"$i":"compose-send","$v":"Trimitere"},{"$i":"compose-send-button","ariaLabel":"Trimitere"},{"$i":"compose-to","$v":"Către"},{"$i":"compose-cc","$v":"Cc"},{"$i":"compose-bcc","$v":"Bcc"},{"$i":"compose-cc-remove","$v":"Lista cc a fost eliminată."},{"$i":"compose-bcc-remove","$v":"Lista bcc a fost eliminată."},{"$i":"compose-contact-add","ariaLabel":"Adăugați contact"},{"$i":"compose-attachments","$v":{"few":["Anexe (",{"t":"idOrVar","v":"n"},")"],"many":["Anexe (",{"t":"idOrVar","v":"n"},")"],"one":["Anexă (",{"t":"idOrVar","v":"n"},")"],"other":["Anexe (",{"t":"idOrVar","v":"n"},")"],"two":["Anexe (",{"t":"idOrVar","v":"n"},")"],"zero":"Anexă"},"$x":[{"t":"idOrVar","v":"plural"},"n"]},{"$i":"compose-text","ariaLabel":"Editare"},{"$i":"compose-attachment-still-working","$v":"Un moment, încă lucrăm la anexa anterioară..."},{"$i":"compose-attachment-loading","$v":"Se încarcă atașamentul ..."},{"$i":"compose-attachments-loading","$v":"Se încarcă atașamente ..."},{"$i":"compose-forward-attachment-error-title","$v":"Descărcare nereușită."},{"$i":"compose-forward-attachment-error-title2","$v":"Eroare"},{"$i":"compose-forward-attachment-unable-load","$v":"Atașamentul nu poate fi încărcat."},{"$i":"compose-forward-attachments-unable-load","$v":"Atașamentele nu pot fi încărcate."},{"$i":"compose-forward-attachment-load-error","$v":"Câteva atașamente nu au putut fi încărcate."},{"$i":"confirmation-title","$v":"Confirmare"},{"$i":"compose-subject","$v":"Subiect"},{"$i":"compose-draft-save","$v":"Salvați în Schițe locale?"},{"$i":"compose-discard-confirm","$v":"Renunțare"},{"$i":"compose-draft-dialog-cancel","$v":"Anulare"},{"$i":"compose-draft-dialog-save","$v":"Salvare"},{"$i":"composer-draft-saved","$v":"Mesaj salvat în Schițe locale"},{"$i":"attention","$v":"Atenție"},{"$i":"compose-send-message-failed","$v":"Trimitere e-mail nereușită"},{"$i":"compose-attchment-size-exceeded","$v":"Anexa selectată este prea mare pentru a fi trimisă împreună cu acest mesaj."},{"$i":"compose-attchments-size-exceeded","$v":"Anexele selectate sunt prea mari pentru a fi trimise împreună cu acest mesaj. Încercați să selectați mai puține fișiere."},{"$i":"composer-attachment-large-title","$v":"Dimensiune fișier prea mare"},{"$i":"default-attachment-filename","$v":["anexă ",{"t":"idOrVar","v":"n"}]},{"$i":"attachment-size-meb","$v":[{"t":"idOrVar","v":"megabytes"}," MB"]},{"$i":"attachment-size-kib","$v":[{"t":"idOrVar","v":"kilobytes"}," KB"]},{"$i":"attachment-size-byte","$v":[{"t":"idOrVar","v":"bytes"}," B"]},{"$i":"message-attachment-view","$v":"Vizualizare"},{"$i":"message-attachment-did-not-open-label","$v":"Imposibil de deschis"},{"$i":"message-attachment-did-not-open-body","$v":"Dispozitivul nu are o aplicație care să poată deschide anexa."},{"$i":"message-attachment-too-large","$v":"Acest fișier este prea mare pentru a fi descărcat."},{"$i":"message-attachment-not-found","$v":"Imposibil de găsit fișierul atașat, este posibil să fi fost șters."},{"$i":"message-attachment-download-fail","$v":[{"t":"idOrVar","v":"fileName"}," -Descărcare nereușită"]},{"$i":"message-no-subject","$v":"(niciun subiect)"},{"$i":"message-edit-menu-edit","$v":"Editare"},{"$i":"message-edit-menu-delete","$v":"Ștergere"},{"$i":"message-edit-delete-confirm","$v":"Ștergeți mesajul e-mail?"},{"$i":"message-forward-attachment-title","$v":"Anexă"},{"$i":"message-forward-attachment","$v":"Redirecționați și atașamentul?"},{"$i":"message-forward-attachments","$v":"Redirecționați și atașamentele?"},{"$i":"message-multiedit-header","$v":{"few":[{"t":"idOrVar","v":"n"}," selectat"],"many":[{"t":"idOrVar","v":"n"}," selectat"],"one":[{"t":"idOrVar","v":"n"}," selectat"],"other":[{"t":"idOrVar","v":"n"}," selectat"],"two":[{"t":"idOrVar","v":"n"}," selectat"],"zero":[{"t":"idOrVar","v":"n"}," selectat"]},"$x":[{"t":"idOrVar","v":"plural"},"n"]},{"$i":"message-multiedit-search-header","$v":{"few":[{"t":"idOrVar","v":"n"}," selectat"],"many":[{"t":"idOrVar","v":"n"}," selectat"],"one":[{"t":"idOrVar","v":"n"}," selectat"],"other":[{"t":"idOrVar","v":"n"}," selectat"],"two":[{"t":"idOrVar","v":"n"}," selectat"],"zero":"0 selectat"},"$x":[{"t":"idOrVar","v":"plural"},"n"]},{"$i":"browse-to-url-prompt","$v":["Răsfoire la URL?: ",{"t":"idOrVar","v":"url"}]},{"$i":"message-download-images-tap","$v":{"few":["Acest e-mail conține ",{"t":"idOrVar","v":"n"}," imagini. Atingeți pentru a descărca."],"many":["Acest e-mail conține ",{"t":"idOrVar","v":"n"}," imagini. Atingeți pentru a descărca."],"one":"Acest e-mail conține o imagine. Atingeți pentru a descărca.","other":["Acest e-mail conține ",{"t":"idOrVar","v":"n"}," imagini. Atingeți pentru a descărca."],"two":["Acest e-mail conține ",{"t":"idOrVar","v":"n"}," imagini. Atingeți pentru a descărca."]},"$x":[{"t":"idOrVar","v":"plural"},"n"]},{"$i":"message-show-external-images","$v":"Afișare imagini externe"},{"$i":"message-delete-cancel","$v":"Anulare"},{"$i":"message-multiedit-delete-confirm","$v":{"few":["Ștergeți ",{"t":"idOrVar","v":"n"}," mesaje?"],"many":["Ștergeți ",{"t":"idOrVar","v":"n"}," mesaje?"],"one":"Ștergeți mesajul selectat?","other":["Ștergeți ",{"t":"idOrVar","v":"n"}," mesaje?"],"two":["Ștergeți ",{"t":"idOrVar","v":"n"}," mesaje?"]},"$x":[{"t":"idOrVar","v":"plural"},"n"]},{"$i":"message-large-message-cancel","$v":"Anulare"},{"$i":"message-large-message-ok","$v":"Continuare"},{"$i":"message-large-message-confirm","$v":"Acest mesaj este prea mare, iar descărcarea poate dura mai mult timp."},{"$i":"message-large-message-warning","$v":"Mesajul este prea mare pentru a fi încărcat."},{"$i":"message-search-header","$v":"Căutare"},{"$i":"search-result","$v":[{"t":"idOrVar","v":"num"}," Potrivire găsită"]},{"$i":"message-search-from","$v":"De la"},{"$i":"message-search-to","$v":"Către"},{"$i":"message-search-subject","$v":"Subiect"},{"$i":"message-search-body","$v":"Corp"},{"$i":"message-search-all","$v":"Toate"},{"$i":"message-search-input","placeholder":"Căutare e-mail"},{"$i":"message-search-cancel","$v":"Anulare"},{"$i":"messages-syncing","$v":"Încărcare mesaje"},{"$i":"messages-syncing-progressbar","ariaValueText":"Încărcare mesaje"},{"$i":"messages-load-more","$v":"Încărcați mai multe mesaje"},{"$i":"messages-folder-empty","$v":"Niciun e-mail în acest folder"},{"$i":"messages-search-empty","$v":"Nicio potrivire în mesajele locale ascunse"},{"$i":"messages-folder-select","$v":"Mutare în folder"},{"$i":"messages-folder-unread-max","$v":"999+"},{"$i":"message-contact-menu-create","$v":"Salvați contact nou"},{"$i":"message-contact-menu-add-existing","$v":"Adăugați la contact existent"},{"$i":"message-contact-menu-view","$v":"Vizualizați contactul"},{"$i":"message-contact-menu-reply","$v":"Răspuns"},{"$i":"message-contact-menu-new","$v":"Trimitere e-mail nou"},{"$i":"message-reply-menu-reply","$v":"Răspuns"},{"$i":"message-reply-menu-reply-all","$v":"Răspuns la toți"},{"$i":"message-reply-menu-forward","$v":"Redirecționare"},{"$i":"message-reply-menu-cancel","$v":"Anulare"},{"$i":"reply-quoting-wrote","$v":"{name} a scris"},{"$i":"forward-original-message","$v":"Mesaj inițial"},{"$i":"forward-header-subject","$v":"Subiect"},{"$i":"forward-header-date","$v":"Data"},{"$i":"forward-header-from","$v":"De la"},{"$i":"forward-header-reply-to","$v":"Răspuns"},{"$i":"forward-header-to","$v":"Către"},{"$i":"forward-header-cc","$v":"Cc"},{"$i":"folder-inbox","$v":"Inbox"},{"$i":"folder-sent","$v":"Trimise"},{"$i":"folder-drafts","$v":"Schițe"},{"$i":"folder-trash","$v":"Pubelă"},{"$i":"folder-queue","$v":"Netrimise"},{"$i":"folder-junk","$v":"Junk"},{"$i":"folder-archives","$v":"Arhive"},{"$i":"folder-localdrafts","$v":"Schițe locale"},{"$i":"folder-outbox","$v":"Outbox"},{"$i":"drawer-back","$v":"Înapoi"},{"$i":"drawer-accounts-header","$v":"Conturi"},{"$i":"drawer-settings-link","$v":"Setări"},{"$i":"folder-last-synced-label","$v":"Ultima sinc.:"},{"$i":"messages-refresh-progress","ariaValueText":"Reîmprospătare"},{"$i":"no-internet-connection","$v":"Nicio conexiune de Internet"},{"$i":"toaster-undo","$v":"Anulare"},{"$i":"toaster-message-star","$v":{"few":[{"t":"idOrVar","v":"n"}," mesaje marcate cu steag"],"many":[{"t":"idOrVar","v":"n"}," mesaje marcate cu steag"],"one":"Mesaj marcat cu steag","other":[{"t":"idOrVar","v":"n"}," mesaje marcate cu steag"],"two":[{"t":"idOrVar","v":"n"}," mesaje marcate cu steag"]},"$x":[{"t":"idOrVar","v":"plural"},"n"]},{"$i":"toaster-message-unstar","$v":{"few":[{"t":"idOrVar","v":"n"}," steaguri mesaj îndepărtate"],"many":[{"t":"idOrVar","v":"n"}," steaguri mesaj îndepărtate"],"one":"Steag mesaj îndepărtat","other":[{"t":"idOrVar","v":"n"}," steaguri mesaj îndepărtate"],"two":[{"t":"idOrVar","v":"n"}," steaguri mesaj îndepărtate"]},"$x":[{"t":"idOrVar","v":"plural"},"n"]},{"$i":"toaster-message-read","$v":{"few":[{"t":"idOrVar","v":"n"}," mesaje marcate ca citite"],"many":[{"t":"idOrVar","v":"n"}," mesaje marcate ca citite"],"one":"Mesaj marcat ca citit","other":[{"t":"idOrVar","v":"n"}," mesaje marcate ca citite"],"two":[{"t":"idOrVar","v":"n"}," mesaje marcate ca citite"]},"$x":[{"t":"idOrVar","v":"plural"},"n"]},{"$i":"toaster-message-unread","$v":{"few":[{"t":"idOrVar","v":"n"}," mesaje marcate ca necitite"],"many":[{"t":"idOrVar","v":"n"}," mesaje marcate ca necitite"],"one":"Mesaj marcat ca necitit","other":[{"t":"idOrVar","v":"n"}," mesaje marcate ca necitite"],"two":[{"t":"idOrVar","v":"n"}," mesaje marcate ca necitite"]},"$x":[{"t":"idOrVar","v":"plural"},"n"]},{"$i":"toaster-message-move","$v":{"few":[{"t":"idOrVar","v":"n"}," mesaje mutate în folder:"],"many":[{"t":"idOrVar","v":"n"}," mesaje mutate în folder:"],"one":"Mesaj mutat în folder:","other":[{"t":"idOrVar","v":"n"}," mesaje mutate în folder:"],"two":[{"t":"idOrVar","v":"n"}," mesaje mutate în folder:"]},"$x":[{"t":"idOrVar","v":"plural"},"n"]},{"$i":"toaster-message-delete","$v":{"few":[{"t":"idOrVar","v":"n"}," e-mailuri șterse"],"many":[{"t":"idOrVar","v":"n"}," e-mailuri șterse"],"one":"1 e-mail șters","other":[{"t":"idOrVar","v":"n"}," e-mailuri șterse"],"two":[{"t":"idOrVar","v":"n"}," e-mailuri șterse"]},"$x":[{"t":"idOrVar","v":"plural"},"n"]},{"$i":"toaster-sync-failed","$v":"Imposibil de conectat la server."},{"$i":"compose-invalid-addresses-title","$v":"Adrese nevalide"},{"$i":"compose-invalid-addresses-description","$v":"Mesajul dvs. conține una sau mai multe adrese e-mail nevalide. Corectați-le înainte de a trimite."},{"$i":"background-send-pending","$v":"Rețea indisponibilă. E-mail salvat în outbox."},{"$i":"background-send-sending","$v":"Trimitere e-mail..."},{"$i":"background-send-success","$v":"E-mail trimis."},{"$i":"background-send-error","$v":"A apărut o eroare. E-mail salvat în outbox."},{"$i":"background-send-error-recipients","$v":"Eroare destinatar. E-mail salvat în outbox."},{"$i":"background-send-error-title","$v":"E-mailul nu a fost trimis"},{"$i":"send-failure-recipients","$v":"Verificați ortografierea adreselor de mai sus. Serverul e-mail a indicat una sau mai multe adrese de mai sus ca fiind incorecte."},{"$i":"send-failure-unknown","$v":"Mesajul nu a putut fi trimis."},{"$i":"form-clear-input","$v":"Îndepărtare text"},{"$i":"confirm-dialog-title","$v":"Confirmare"},{"$i":"confirm-dialog-ok","$v":"OK"},{"$i":"msg-display-subject","$v":"Subiect"},{"$i":"msg-reader-display-attachments","$v":"Anexe"},{"$i":"msg-reader-display-attachment","$v":"Anexă"},{"$i":"msg-reader-download-external-images","$v":["Descărcare imagini externe (",{"t":"idOrVar","v":"n"}," MB)"]},{"$i":"msg-reader-sender-header","$v":"De la"},{"$i":"msg-reader-recipients-header","$v":"Destinatari"},{"$i":"msg-reader-cc-header","$v":"Cc"},{"$i":"msg-reader-bcc-header","$v":"Bcc"},{"$i":"msg-reader-message-flagged","$v":"Mesaj marcat cu steag"},{"$i":"msg-reader-flag-removed","$v":"Steag eliminat"},{"$i":"external-image-downloading","$v":"Descărcare..."},{"$i":"senders-separation-sign","$v":", "},{"$i":"new-messages","$v":{"few":[{"t":"idOrVar","v":"n"}," Mesaje noi"],"many":[{"t":"idOrVar","v":"n"}," Mesaje noi"],"one":"1 mesaj nou","other":[{"t":"idOrVar","v":"n"}," Mesaje noi"],"two":[{"t":"idOrVar","v":"n"}," Mesaje noi"]},"$x":[{"t":"idOrVar","v":"plural"},"n"]},{"$i":"new-emails-notify-one-account","$v":{"few":[{"t":"idOrVar","v":"n"}," E-mailuri noi"],"many":[{"t":"idOrVar","v":"n"}," E-mailuri noi"],"one":"1 e-mail nou","other":[{"t":"idOrVar","v":"n"}," E-mailuri noi"],"two":[{"t":"idOrVar","v":"n"}," E-mailuri noi"]},"$x":[{"t":"idOrVar","v":"plural"},"n"]},{"$i":"new-emails-notify-multiple-accounts","$v":{"few":[{"t":"idOrVar","v":"n"}," E-mailuri noi (",{"t":"idOrVar","v":"accountName"},")"],"many":[{"t":"idOrVar","v":"n"}," E-mailuri noi (",{"t":"idOrVar","v":"accountName"},")"],"one":["1 e-mail nou (",{"t":"idOrVar","v":"accountName"},")"],"other":[{"t":"idOrVar","v":"n"}," E-mailuri noi (",{"t":"idOrVar","v":"accountName"},")"],"two":[{"t":"idOrVar","v":"n"}," E-mailuri noi (",{"t":"idOrVar","v":"accountName"},")"]},"$x":[{"t":"idOrVar","v":"plural"},"n"]},{"$i":"new-emails-notify-multiple-accounts-body","$v":[{"t":"idOrVar","v":"from"}," „",{"t":"idOrVar","v":"subject"},"”"]},{"$i":"tng-plain-socket-warning-title","$v":"Sunteți sigur?"},{"$i":"tng-plain-socket-warning-message","$v":"Alte persoane vă pot vedea parolele și e-mailurile sau vă pot controla contul."},{"$i":"tng-plain-socket-warning-message-options","$v":"Există mai mulți furnizori de e-mail gratuit care oferă conexiuni mai sigure, criptate."},{"$i":"tng-plain-socket-warning-ok","$v":"Înțeleg"},{"$i":"message-reader-date-received","ariaLabel":"Primit"},{"$i":"sort-by-title","$v":"Sortați după"},{"$i":"sort-by-date","$v":"Data"},{"$i":"sort-by-from","$v":"De la"},{"$i":"sort-by-to","$v":"Către"},{"$i":"sort-by-subject","$v":"Subiect"},{"$i":"softkey-options","$v":"Opț."},{"$i":"opt-compose","$v":"Alcătuire"},{"$i":"opt-reply","$v":"Răspuns"},{"$i":"opt-reply-all","$v":"Răspuns la toți"},{"$i":"opt-forward","$v":"Redirecționare"},{"$i":"opt-mark-read","$v":"Marcare ca citit"},{"$i":"opt-mark-unread","$v":"Marcare ca necitit"},{"$i":"opt-add-flag","$v":"Adăugare steag"},{"$i":"opt-remove-flag","$v":"Eliminare steag"},{"$i":"opt-move-message","$v":"Mutare în folder"},{"$i":"opt-delete-message","$v":"Ștergere"},{"$i":"opt-multi-select","$v":"Selectați multiplu"},{"$i":"opt-search","$v":"Căutare"},{"$i":"opt-folders","$v":"Vizualizare foldere"},{"$i":"opt-sort","$v":"Sortare"},{"$i":"opt-sync","$v":"Sincronizare"},{"$i":"opt-account","$v":"Comutare cont"},{"$i":"opt-settings","$v":"Setări"},{"$i":"opt-edit","$v":"Editare"},{"$i":"opt-cancel","$v":"Anulare"},{"$i":"opt-save","$v":"Salvare"},{"$i":"opt-move","$v":"Mutare"},{"$i":"opt-view","$v":"Vizualizare"},{"$i":"opt-empty-trash","$v":"Golire pubelă"},{"$i":"opt-call-number","$v":"Apel"},{"$i":"opt-compose-mail","$v":"Alcătuire"},{"$i":"opt-open-url","$v":"Deschis"},{"$i":"select-option-on","$v":"Pornit"},{"$i":"select-option-off","$v":"Oprit"},{"$i":"select-option-imap-smtp","$v":"IMAP+SMTP"},{"$i":"select-option-pop3-smtp","$v":"POP3+SMTP"},{"$i":"select-option-activesync","$v":"ActiveSync"},{"$i":"toaster-switch-account","$v":"Cont e-mail comutat la:"},{"$i":"toaster-sorted-by","$v":"Mesaj sortat în funcție de"},{"$i":"cmp-reply","$v":"Răspuns"},{"$i":"cmp-reply-all","$v":"Răspuns la toți"},{"$i":"cmp-forward","$v":"Direcționare mesaj"},{"$i":"cmp-remove-attach","$v":"Anexă eliminată"},{"$i":"select","$v":"Selectare"},{"$i":"deselect","$v":"Deselectați"},{"$i":"cancel","$v":"Anulare"},{"$i":"enter","$v":"Introducere"},{"$i":"remove-attachment","$v":"Eliminați anexă"},{"$i":"replace-attachment","$v":"Înlocuiți anexă"},{"$i":"add-attachment","$v":"Adăugați anexă"},{"$i":"add-contact","$v":"Adăug. contact"},{"$i":"add-cc","$v":"Adăugați Cc"},{"$i":"remove-cc","$v":"Eliminați Cc"},{"$i":"add-bcc","$v":"Adăugați Bcc"},{"$i":"remove-bcc","$v":"Eliminați Bcc"},{"$i":"attachment-download","$v":"Descărcare"},{"$i":"attachment-share","$v":"Partajare"},{"$i":"send-new-mail","$v":"Trimitere e-mail nou"},{"$i":"view-contact","$v":"Vizualizați contactul"},{"$i":"save-new-contact","$v":"Salvați contact nou"},{"$i":"add-to-exsiting-contact","$v":"Adăugați la contact existent"},{"$i":"no","$v":"Nu"},{"$i":"yes","$v":"Da"},{"$i":"retry","$v":"Reîncercare"},{"$i":"empty","$v":"Gol"},{"$i":"empty-trash-confirm","$v":"Doriți să goliți pubela?"},{"$i":"trash-emptied","$v":"Pubelă golită"},{"$i":"next","$v":"Înainte"},{"$i":"welcome-header","$v":"E-mail"},{"$i":"welcome-msg","$v":"Bine ați venit la e-mail."},{"$i":"welcome-msg-setup","$v":"Apăsați Înainte pentru a configura contul e-mail."},{"$i":"discard","$v":"Renunțare"},{"$i":"leave-this-page-warning-message","$v":"Doriți să eliminați informațiile privind contul e-mail?"},{"$i":"finish","$v":"Finalizare"},{"$i":"setup-done-msg","$v":"V-ați conectat cu succes. Doriți să adăugați un alt cont?"},{"$i":"save-as-draft","$v":"Salvare ca schiță"},{"$i":"show-password","$v":"Afișare parolă"},{"$i":"account-label","$v":"Etichetă cont"},{"$i":"folders","$v":"Foldere"},{"$i":"security","$v":"Siguranță"},{"$i":"port-number","$v":"Număr port"},{"$i":"domain-username","$v":"Domeniu\\Nume de utilizator"},{"$i":"synchronizing","$v":"Sincronizare..."},{"$i":"browse-mail","$v":"Răsfoire e-mail"},{"$i":"never-sync","$v":"Imposibil de sincronizat dosarul local"},{"$i":"emptyDownloadFile","$v":"Acest fișier nu poate fi descărcat, ar putea fi gol"},{"$i":"sync","$v":"Sinc."},{"$i":"outbox-unsent-label","$v":{"few":[{"t":"idOrVar","v":"n"}," mesaje netrimise în Outbox"],"many":[{"t":"idOrVar","v":"n"}," mesaje netrimise în Outbox"],"one":"1 mesaj netrimis în Outbox","other":[{"t":"idOrVar","v":"n"}," mesaje netrimise în Outbox"],"two":"2 mesaje netrimise în Outbox"},"$x":[{"t":"idOrVar","v":"plural"},"n"]},{"$i":"storage-full-title","$v":"Memorie plină"},{"$i":"storage-full-warning","$v":"Puteți șterge anumite fișiere media sau puteți gestiona datele aplicației pentru a elibera mai mult spațiu."},{"$i":"storage-full","$v":"Memorie telefon plină."},{"$i":"storage-sdcard-full","$v":"Cardul SD este plin."},{"$i":"view-address","$v":"Vizualizați adresa"},{"$i":"mail-address-title","$v":"Adresă e-mail"},{"$i":"mail-address","$v":[{"t":"idOrVar","v":"address"}]},{"$i":"value-name","$v":[{"t":"idOrVar","v":"name"}]},{"$i":"account-deleted","$v":"Contul a fost șters."},{"$i":"account-reEnable","$v":"Contul există deja. Sincronizați adresa de e-mail a contului?"},{"$i":"setup-account-usedInfo","$v":"Acest cont va fi utilizat de aplicațiile de mai jos. Puteți schimba acest lucru în Setări > Cont."},{"$i":"setup-account-settingsInfo","$v":"Fiecare aplicație are intervale implicite diferite de sincronizare; verificați setările aplicației."},{"$i":"app-calendar","$v":"Calendar"},{"$i":"app-contacts","$v":"Contacte"},{"$i":"app-email","$v":"E-mail"},{"$i":"weekday-0-long","$v":"Duminică"},{"$i":"weekday-1-long","$v":"Luni"},{"$i":"weekday-2-long","$v":"Marți"},{"$i":"weekday-3-long","$v":"Miercuri"},{"$i":"weekday-4-long","$v":"Joi"},{"$i":"weekday-5-long","$v":"Vineri"},{"$i":"weekday-6-long","$v":"Sâmbătă"},{"$i":"weekday-0-short","$v":"Dum"},{"$i":"weekday-1-short","$v":"Lun"},{"$i":"weekday-2-short","$v":"Ma"},{"$i":"weekday-3-short","$v":"Mie"},{"$i":"weekday-4-short","$v":"Joi"},{"$i":"weekday-5-short","$v":"Vi"},{"$i":"weekday-6-short","$v":"Sâm"},{"$i":"month-0-long","$v":"Ianuarie"},{"$i":"month-1-long","$v":"Februarie"},{"$i":"month-2-long","$v":"Martie"},{"$i":"month-3-long","$v":"Aprilie"},{"$i":"month-4-long","$v":"Mai"},{"$i":"month-5-long","$v":"Iunie"},{"$i":"month-6-long","$v":"Iulie"},{"$i":"month-7-long","$v":"August"},{"$i":"month-8-long","$v":"Septembrie"},{"$i":"month-9-long","$v":"Octombrie"},{"$i":"month-10-long","$v":"Noiembrie"},{"$i":"month-11-long","$v":"Decembrie"},{"$i":"month-0-genitive","$v":"Ianuarie"},{"$i":"month-1-genitive","$v":"Februarie"},{"$i":"month-2-genitive","$v":"Martie"},{"$i":"month-3-genitive","$v":"Aprilie"},{"$i":"month-4-genitive","$v":"Mai"},{"$i":"month-5-genitive","$v":"Iunie"},{"$i":"month-6-genitive","$v":"Iulie"},{"$i":"month-7-genitive","$v":"August"},{"$i":"month-8-genitive","$v":"Septembrie"},{"$i":"month-9-genitive","$v":"Octombrie"},{"$i":"month-10-genitive","$v":"Noiembrie"},{"$i":"month-11-genitive","$v":"Decembrie"},{"$i":"month-0-short","$v":"Ian"},{"$i":"month-1-short","$v":"Feb"},{"$i":"month-2-short","$v":"Mar"},{"$i":"month-3-short","$v":"Apr"},{"$i":"month-4-short","$v":"Mai"},{"$i":"month-5-short","$v":"Iun"},{"$i":"month-6-short","$v":"Iul"},{"$i":"month-7-short","$v":"Aug"},{"$i":"month-8-short","$v":"Sep"},{"$i":"month-9-short","$v":"Oct"},{"$i":"month-10-short","$v":"Nov"},{"$i":"month-11-short","$v":"Dec"},{"$i":"minutes-ago-long","$v":{"few":[{"t":"idOrVar","v":"value"}," minute în urmă"],"many":[{"t":"idOrVar","v":"value"}," minute în urmă"],"one":"un minut în urmă","other":[{"t":"idOrVar","v":"value"}," minute în urmă"],"two":[{"t":"idOrVar","v":"value"}," minute în urmă"],"zero":"chiar acum"},"$x":[{"t":"idOrVar","v":"plural"},"value"]},{"$i":"hours-ago-long","$v":{"few":[{"t":"idOrVar","v":"value"}," ore în urmă"],"many":[{"t":"idOrVar","v":"value"}," ore în urmă"],"one":"o oră în urmă","other":[{"t":"idOrVar","v":"value"}," ore în urmă"],"two":[{"t":"idOrVar","v":"value"}," ore în urmă"],"zero":"chiar acum"},"$x":[{"t":"idOrVar","v":"plural"},"value"]},{"$i":"days-ago-long","$v":{"few":[{"t":"idOrVar","v":"value"}," zile în urmă"],"many":[{"t":"idOrVar","v":"value"}," zile în urmă"],"one":"ieri","other":[{"t":"idOrVar","v":"value"}," zile în urmă"],"two":[{"t":"idOrVar","v":"value"}," zile în urmă"],"zero":"azi"},"$x":[{"t":"idOrVar","v":"plural"},"value"]},{"$i":"weeks-ago-long","$v":{"few":[{"t":"idOrVar","v":"value"}," săptămâni în urmă"],"many":[{"t":"idOrVar","v":"value"}," săptămâni în urmă"],"one":"ultima săptămână","other":[{"t":"idOrVar","v":"value"}," săptămâni în urmă"],"two":[{"t":"idOrVar","v":"value"}," săptămâni în urmă"],"zero":"această săptămână"},"$x":[{"t":"idOrVar","v":"plural"},"value"]},{"$i":"months-ago-long","$v":{"few":[{"t":"idOrVar","v":"value"}," luni în urmă"],"many":[{"t":"idOrVar","v":"value"}," luni în urmă"],"one":"ultima lună","other":[{"t":"idOrVar","v":"value"}," luni în urmă"],"two":[{"t":"idOrVar","v":"value"}," luni în urmă"],"zero":"această lună"},"$x":[{"t":"idOrVar","v":"plural"},"value"]},{"$i":"years-ago-long","$v":{"few":[{"t":"idOrVar","v":"value"}," ani în urmă"],"many":[{"t":"idOrVar","v":"value"}," ani în urmă"],"one":"ultimul an","other":[{"t":"idOrVar","v":"value"}," ani în urmă"],"two":[{"t":"idOrVar","v":"value"}," ani în urmă"],"zero":"acest an"},"$x":[{"t":"idOrVar","v":"plural"},"value"]},{"$i":"minutes-until-long","$v":{"few":["în ",{"t":"idOrVar","v":"value"}," minute"],"many":["în ",{"t":"idOrVar","v":"value"}," minute"],"one":"într-un minut","other":["în ",{"t":"idOrVar","v":"value"}," minute"],"two":["în ",{"t":"idOrVar","v":"value"}," minute"],"zero":"acum"},"$x":[{"t":"idOrVar","v":"plural"},"value"]},{"$i":"hours-until-long","$v":{"few":["în ",{"t":"idOrVar","v":"value"}," ore"],"many":["în ",{"t":"idOrVar","v":"value"}," ore"],"one":"într-o oră","other":["în ",{"t":"idOrVar","v":"value"}," ore"],"two":["în ",{"t":"idOrVar","v":"value"}," ore"],"zero":"acum"},"$x":[{"t":"idOrVar","v":"plural"},"value"]},{"$i":"days-until-long","$v":{"few":["în ",{"t":"idOrVar","v":"value"}," zile"],"many":["în ",{"t":"idOrVar","v":"value"}," zile"],"one":"mâine","other":["în ",{"t":"idOrVar","v":"value"}," zile"],"two":["în ",{"t":"idOrVar","v":"value"}," zile"],"zero":"azi"},"$x":[{"t":"idOrVar","v":"plural"},"value"]},{"$i":"weeks-until-long","$v":{"few":["în ",{"t":"idOrVar","v":"value"}," săptămâni"],"many":["în ",{"t":"idOrVar","v":"value"}," săptămâni"],"one":"săptămâna viitoare","other":["în ",{"t":"idOrVar","v":"value"}," săptămâni"],"two":["în ",{"t":"idOrVar","v":"value"}," săptămâni"],"zero":"această săptămână"},"$x":[{"t":"idOrVar","v":"plural"},"value"]},{"$i":"months-until-long","$v":{"few":["în ",{"t":"idOrVar","v":"value"}," luni"],"many":["în ",{"t":"idOrVar","v":"value"}," luni"],"one":"luna viitoare","other":["în ",{"t":"idOrVar","v":"value"}," luni"],"two":["în ",{"t":"idOrVar","v":"value"}," luni"],"zero":"această lună"},"$x":[{"t":"idOrVar","v":"plural"},"value"]},{"$i":"years-until-long","$v":{"few":["în ",{"t":"idOrVar","v":"value"}," ani"],"many":["în ",{"t":"idOrVar","v":"value"}," ani"],"one":"anul viitor","other":["în ",{"t":"idOrVar","v":"value"}," ani"],"two":["în ",{"t":"idOrVar","v":"value"}," ani"],"zero":"acest an"},"$x":[{"t":"idOrVar","v":"plural"},"value"]},{"$i":"minutes-ago-short","$v":{"other":[{"t":"idOrVar","v":"value"},"m în urmă"],"zero":"chiar acum"},"$x":[{"t":"idOrVar","v":"plural"},"value"]},{"$i":"hours-ago-short","$v":{"other":[{"t":"idOrVar","v":"value"},"h în urmă"],"zero":"chiar acum"},"$x":[{"t":"idOrVar","v":"plural"},"value"]},{"$i":"days-ago-short","$v":{"other":[{"t":"idOrVar","v":"value"},"z în urmă"],"zero":"azi"},"$x":[{"t":"idOrVar","v":"plural"},"value"]},{"$i":"minutes-until-short","$v":{"other":["în ",{"t":"idOrVar","v":"value"},"m"],"zero":"acum"},"$x":[{"t":"idOrVar","v":"plural"},"value"]},{"$i":"hours-until-short","$v":{"other":["în ",{"t":"idOrVar","v":"value"},"h"],"zero":"acum"},"$x":[{"t":"idOrVar","v":"plural"},"value"]},{"$i":"days-until-short","$v":{"other":["în ",{"t":"idOrVar","v":"value"},"z"],"zero":"azi"},"$x":[{"t":"idOrVar","v":"plural"},"value"]},{"$i":"incorrectDate","$v":"(dată incorectă)"},{"$i":"dateTimeFormat_%c","$v":"%a %b %e %Y %I:%M:%S %p"},{"$i":"dateTimeFormat_%x","$v":"%m/%d/%Y"},{"$i":"dateTimeFormat_%X","$v":"%I:%M:%S %p"},{"$i":"shortTimeFormat","$v":"%I:%M %p"},{"$i":"shortTimeFormat12","$v":"%I:%M %p"},{"$i":"shortTimeFormat24","$v":"%H:%M"},{"$i":"shortDateTimeFormat","$v":"%x %I:%M %p"},{"$i":"weekStartsOnMonday","$v":"0.0"},{"$i":"firstDayOfTheWeek","$v":"1.0"},{"$i":"time_am","$v":"AM"},{"$i":"time_pm","$v":"PM"}]