[{"$i":"setup-app-name-header","$v":"Mel"},{"$i":"setup-empty-account-message","$v":"Anda tidak disediakan untuk menghantar atau menerima e-mel. Sediakan akaun untuk melengkapkan tindakan."},{"$i":"setup-pick-service","$v":"Untuk menghantar dan menerima e-mel, anda akan perlu menyediakan akaun."},{"$i":"setup-account-header3","$v":"Log Masuk Akaun"},{"$i":"setup-account-password","$v":"Kata laluan"},{"$i":"setup-info-next","$v":"Seterusnya"},{"$i":"setup-progress-wait-msg","$v":"Menyediakan akaun"},{"$i":"setup-sync-progress-wait-msg","$v":"Menyegerakkan kenalan"},{"$i":"setup-completed-header","$v":"Tahniah!"},{"$i":"setup-completed-label","$v":"Semua selesai!"},{"$i":"setup-add-another-account","$v":"Tambah akaun lain"},{"$i":"setup-show-mail","$v":"Teruskan ke Mel"},{"$i":"setup-done-add","$v":"Tambah Akaun"},{"$i":"setup-error-offline","$v":"Tiada sambungan Internet."},{"$i":"setup-error-bad-user-or-pass2","$v":"Alamat e-mel atau kata laluan tidak betul."},{"$i":"setup-error-bad-address","$v":"Alamat e-mel tidak betul."},{"$i":"setup-error-not-authorized","$v":"Tidak dibenarkan untuk mencipta akaun."},{"$i":"setup-error-pop-server-not-great","$v":"Pelayan POP3 tidak menyokong ciri yang diperlukan."},{"$i":"setup-error-unknown2","$v":"Satu ralat tidak diketahui berlaku. Semak sambungan rangkaian atau cuba pilihan konfigurasi manual."},{"$i":"setup-error-needs-app-pass","$v":"Anda mesti menggunakan kata laluan khusus aplikasi untuk akaun Gmail dua faktor."},{"$i":"setup-error-imap-disabled","$v":"Anda mesti mendayakan IMAP untuk akaun Gmail anda."},{"$i":"setup-error-pop3-disabled","$v":"Anda mesti mendayakan POP3 untuk akaun Gmail anda."},{"$i":"setup-error-bad-security","$v":["Tidak dapat mewujudkan sambungan selamat dengan \"",{"t":"idOrVar","v":"server"},"\". Mungkin terdapat masalah dengan rangkaian atau pelayan anda."]},{"$i":"setup-error-unresponsive-server","$v":["Tidak dapat mewujudkan sambungan dengan \"",{"t":"idOrVar","v":"server"},"\". Mungkin terdapat masalah dengan rangkaian."]},{"$i":"setup-error-server-problem","$v":["Terdapat masalah dengan pelayan \"",{"t":"idOrVar","v":"server"},"\". Cuba lagi kemudian."]},{"$i":"setup-error-no-config-info","$v":"Konfigurasi tidak berjaya. Semak alamat e-mel atau cuba pilihan konfigurasi manual."},{"$i":"setup-error-server-maintenance","$v":["Pelayan \"",{"t":"idOrVar","v":"server"},"\" luar talian untuk penyelenggaraan. Cuba lagi kemudian."]},{"$i":"setup-error-account-already-exists","$v":"Akaun sudah wujud."},{"$i":"setup-manual-config2","$v":"Lanjutan"},{"$i":"setup-manual-config-header","$v":"Log Masuk Akaun"},{"$i":"setup-manual-account-type-header","$v":"Jenis Akaun"},{"$i":"setup-manual-account-type","$v":"Jenis akaun"},{"$i":"setup-manual-account-type-select","ariaLabel":"Jenis akaun"},{"$i":"setup-manual-imap-header","$v":"Tetapan IMAP"},{"$i":"setup-manual-pop3-header","$v":"Tetapan POP3"},{"$i":"setup-manual-smtp-header","$v":"Tetapan SMTP"},{"$i":"setup-manual-activesync-header","$v":"Tetapan SegerakAktif"},{"$i":"setup-manual-next","$v":"Seterusnya"},{"$i":"setup-manual-socket","$v":"Jenis Soket"},{"$i":"setup-manual-socket-ssl","$v":"SSL"},{"$i":"setup-manual-socket-starttls","$v":"STARTTLS"},{"$i":"setup-manual-socket-select","ariaLabel":"Keselamatan sambungan"},{"$i":"setup-manual-socket-plain","$v":"Dinyahsulitkan"},{"$i":"setup-bad-password-header","$v":"Kata Laluan Salah"},{"$i":"setup-bad-password","$v":"Tidak dapat mendaftar masuk ke pelayan, sila pastikan kata laluan anda betul."},{"$i":"setup-new-password","placeholder":"Kata laluan baharu"},{"$i":"setup-fix-password","$v":"Cuba semula dengan kata laluan baharu"},{"$i":"setup-gmail-twofactor-header","$v":"Dua Faktor Didayakan"},{"$i":"setup-gmail-twofactor-message","$v":"Anda perlu memasukkan kata laluan khusus aplikasi di bawah."},{"$i":"setup-gmail-imap-header","$v":"IMAP Dinyahdayakan"},{"$i":"setup-gmail-imap-message","$v":"Anda mesti mendayakan IMAP pada akaun Gmail anda"},{"$i":"setup-gmail-retry","$v":"Cuba semula"},{"$i":"setup-gmail-pop3-header","$v":"POP3 Dinyahdayakan"},{"$i":"setup-gmail-pop3-message","$v":"Anda mesti mendayakan POP3 pada akaun Gmail anda"},{"$i":"setup-fix-oauth2-header","$v":"Benarkan Semula E-mel"},{"$i":"setup-fix-oauth2-description","$v":"E-mel perlu dibenarkan semula untuk mengakses akaun yang berikut:"},{"$i":"setup-fix-oauth2-reauthorize","$v":"Benarkan semula"},{"$i":"settings-main-header","$v":"Tetapan E-mel"},{"$i":"settings-sub-header-account","$v":"Akaun"},{"$i":"settings-account-group","ariaLabel":"Akaun"},{"$i":"settings-account-name","$v":"Nama anda"},{"$i":"settings-account-label","$v":"Nama Akaun"},{"$i":"settings-account-display-notifications","$v":"Paparkan pemberitahuan e-mel baharu"},{"$i":"settings-account-play-sound-onsend","$v":"Mainkan bunyi selepas mesej dihantar"},{"$i":"settings-account-signature-label","$v":"Tandatangan"},{"$i":"settings-sub-header-data","$v":"Data"},{"$i":"settings-data-group","ariaLabel":"Data"},{"$i":"settings-account-check-mail","$v":"Semak mesej baharu"},{"$i":"settings-account-check-mail-select","ariaLabel":"Semak Mesej Baharu"},{"$i":"settings-sub-header-server","$v":"Tetapan Pelayan"},{"$i":"settings-server-group","ariaLabel":"Tetapan pelayan"},{"$i":"settings-account-userpass","$v":"Nama pengguna dan kata laluan"},{"$i":"settings-account-useroauth2","$v":"Nama Pengguna"},{"$i":"settings-default-signature-2","$v":"Dihantar dari telefon saya"},{"$i":"settings-done","$v":"Selesai"},{"$i":"settings-account-section","$v":"Akaun"},{"$i":"settings-account-listbox","ariaLabel":"Akaun"},{"$i":"settings-account-add","$v":"Tambah"},{"$i":"settings-account-delete","$v":"Padam akaun"},{"$i":"settings-account-delete-prompt","$v":"Jika anda memadam akaun ini, apl yang menggunakan akaun ini juga akan terjejas."},{"$i":"settings-account-delete-desc","$v":"Anda akan perlu memuat turun semula mel anda jika anda membuat semula akaun."},{"$i":"settings-account-delete-cancel","$v":"Batal"},{"$i":"settings-account-delete-confirm","$v":"Padam"},{"$i":"settings-account-clarify","$v":[{"t":"idOrVar","v":"account-name"}]},{"$i":"settings-account-clarify-imap","$v":[{"t":"idOrVar","v":"account-name"}," (IMAP)"]},{"$i":"settings-account-clarify-pop3","$v":[{"t":"idOrVar","v":"account-name"}," (POP3)"]},{"$i":"settings-account-clarify-smtp","$v":[{"t":"idOrVar","v":"account-name"}," (SMTP)"]},{"$i":"settings-general-section","$v":"Tetapan umum"},{"$i":"settings-show-images","$v":"Sentiasa tunjukkan imej"},{"$i":"settings-download-attachments","$v":"Muat turun lampiran"},{"$i":"settings-check-every-5min","$v":"Setiap 5 minit"},{"$i":"settings-check-every-10min","$v":"Setiap 10 minit"},{"$i":"settings-check-every-15min","$v":"Setiap 15 minit"},{"$i":"settings-check-every-30min","$v":"Setiap 30 minit"},{"$i":"settings-check-every-60min","$v":"Setiap Jam"},{"$i":"settings-check-every-manual","$v":"Secara manual"},{"$i":"settings-check-dynamic","$v":{"few":[{"t":"idOrVar","v":"n"}," saat"],"many":[{"t":"idOrVar","v":"n"}," saat"],"one":[{"t":"idOrVar","v":"n"}," saat"],"other":[{"t":"idOrVar","v":"n"}," saat"],"two":[{"t":"idOrVar","v":"n"}," saat"],"zero":"dinyahdayakan"},"$x":[{"t":"idOrVar","v":"plural"},"n"]},{"$i":"settings-default-account","$v":"Tetapkan sebagai e-mel lalai"},{"$i":"settings-account-type","$v":"Jenis akaun"},{"$i":"settings-account-credentials","$v":"Kelayakan"},{"$i":"settings-activesync-label","$v":"Tetapan SegerakAktif"},{"$i":"settings-imap-label","$v":"Tetapan IMAP"},{"$i":"settings-pop3-label","$v":"Tetapan POP3"},{"$i":"settings-smtp-label","$v":"Tetapan SMTP"},{"$i":"settings-hostname","$v":"Nama hos"},{"$i":"settings-port","$v":"Port"},{"$i":"settings-username","$v":"Nama Pengguna"},{"$i":"settings-password","$v":"Kata laluan"},{"$i":"settings-save","$v":"Simpan"},{"$i":"password-saved","$v":"Kata laluan disimpan."},{"$i":"settings-reauth","$v":"Benarkan semula"},{"$i":"settings-account-synchronize-window","$v":"Hari untuk Penyegerakan"},{"$i":"settings-account-synchronize-window-select","ariaLabel":"Hari untuk penyegerakan"},{"$i":"settings-synchronize-auto","$v":"Automatik"},{"$i":"settings-synchronize-one-day","$v":"1 Hari"},{"$i":"settings-synchronize-three-days","$v":"3 Hari"},{"$i":"settings-synchronize-one-week","$v":"1 Minggu"},{"$i":"settings-synchronize-two-weeks","$v":"2 Minggu"},{"$i":"settings-synchronize-one-month","$v":"1 Bulan"},{"$i":"settings-synchronize-all","$v":"Semua Mesej"},{"$i":"envelope-from","$v":"Daripada"},{"$i":"envelope-to","$v":"Kepada"},{"$i":"envelope-cc","$v":"Sk"},{"$i":"envelope-bcc","$v":"Skt"},{"$i":"message-header-state-sending","ariaLabel":"Menghantar"},{"$i":"message-header-state-error","ariaLabel":"Ralat menghantar"},{"$i":"message-header-unread","ariaLabel":"Belum dibaca"},{"$i":"message-header-reply","ariaLabel":"Balas"},{"$i":"message-header-forward","ariaLabel":"Majukan"},{"$i":"message-header-starred","ariaLabel":"Mempunyai bintang"},{"$i":"message-header-attachments","ariaLabel":"Mempunyai lampiran"},{"$i":"message-body-container","ariaLabel":"Bahagian isi mesej"},{"$i":"message-body-container-progress","ariaValueText":"Memuatkan"},{"$i":"subject","ariaLabel":"Subjek"},{"$i":"attachments-container","ariaLabel":"Lampiran"},{"$i":"from-group","ariaLabel":"Daripada"},{"$i":"to-group","ariaLabel":"Kepada"},{"$i":"cc-group","ariaLabel":"SK"},{"$i":"bcc-group","ariaLabel":"SKT"},{"$i":"compose-header","$v":"Karang mesej"},{"$i":"compose-header-short","$v":"Karang"},{"$i":"compose-send","$v":"Hantar"},{"$i":"compose-send-button","ariaLabel":"Hantar"},{"$i":"compose-to","$v":"Kepada"},{"$i":"compose-cc","$v":"Sk"},{"$i":"compose-bcc","$v":"Skt"},{"$i":"compose-cc-remove","$v":"Senarai cc dialih keluar."},{"$i":"compose-bcc-remove","$v":"Senarai bcc dialih keluar."},{"$i":"compose-contact-add","ariaLabel":"Tambah kenalan"},{"$i":"compose-attachments","$v":{"few":["Lampiran (",{"t":"idOrVar","v":"n"},")"],"many":["Lampiran (",{"t":"idOrVar","v":"n"},")"],"one":["Lampiran (",{"t":"idOrVar","v":"n"},")"],"other":["Lampiran (",{"t":"idOrVar","v":"n"},")"],"two":["Lampiran (",{"t":"idOrVar","v":"n"},")"],"zero":"Lampiran"},"$x":[{"t":"idOrVar","v":"plural"},"n"]},{"$i":"compose-text","ariaLabel":"Edit"},{"$i":"compose-attachment-still-working","$v":"Sebentar, masih menyelesaikan lampiran yang sebelum ini..."},{"$i":"compose-attachment-loading","$v":"Memuatkan lampiran..."},{"$i":"compose-attachments-loading","$v":"Memuatkan lampiran..."},{"$i":"compose-forward-attachment-error-title","$v":"Muat Turun Gagal"},{"$i":"compose-forward-attachment-error-title2","$v":"Ralat"},{"$i":"compose-forward-attachment-unable-load","$v":"Tidak dapat memuatkan lampiran."},{"$i":"compose-forward-attachments-unable-load","$v":"Tidak dapat memuatkan lampiran."},{"$i":"compose-forward-attachment-load-error","$v":"Sesetengah lampiran tidak dapat dimuatkan."},{"$i":"confirmation-title","$v":"Pengesahan"},{"$i":"compose-subject","$v":"Subjek"},{"$i":"compose-draft-save","$v":"Simpan ke Draf Tempatan?"},{"$i":"compose-discard-confirm","$v":"Buang"},{"$i":"compose-draft-dialog-cancel","$v":"Batal"},{"$i":"compose-draft-dialog-save","$v":"Simpan"},{"$i":"composer-draft-saved","$v":"Draf disimpan."},{"$i":"attention","$v":"Perhatian"},{"$i":"compose-send-message-failed","$v":"Gagal menghantar e-mel"},{"$i":"compose-attchment-size-exceeded","$v":"Lampiran terlalu besar untuk dihantar bersama mesej."},{"$i":"compose-attchments-size-exceeded","$v":"Lampiran terlalu besar untuk dihantar bersama mesej."},{"$i":"composer-attachment-large-title","$v":"Saiz Fail Terlalu Besar"},{"$i":"default-attachment-filename","$v":["lampiran",{"t":"idOrVar","v":"n"}]},{"$i":"attachment-size-meb","$v":[{"t":"idOrVar","v":"megabytes"}," MB"]},{"$i":"attachment-size-kib","$v":[{"t":"idOrVar","v":"kilobytes"}," KB"]},{"$i":"attachment-size-byte","$v":[{"t":"idOrVar","v":"bytes"}," B"]},{"$i":"message-attachment-view","$v":"Lihat"},{"$i":"message-attachment-did-not-open-label","$v":"Tidak dapat membuka"},{"$i":"message-attachment-did-not-open-body","$v":"Peranti tidak mempunyai aplikasi yang boleh membuka lampiran."},{"$i":"message-attachment-too-large","$v":"Fail ini terlalu besar untuk dimuat turun."},{"$i":"message-attachment-not-found","$v":"Fail lampiran tidak ditemui, muat turun semula?"},{"$i":"message-attachment-download-fail","$v":[{"t":"idOrVar","v":"fileName"}," - Muat turun gagal."]},{"$i":"message-no-subject","$v":"(tiada subjek)"},{"$i":"message-edit-menu-edit","$v":"Edit"},{"$i":"message-edit-menu-delete","$v":"Padam"},{"$i":"message-edit-delete-confirm","$v":"Padam mesej e-mel?"},{"$i":"message-forward-attachment-title","$v":"Lampiran"},{"$i":"message-forward-attachment","$v":"Majukan lampiran juga?"},{"$i":"message-forward-attachments","$v":"Majukan lampiran juga?"},{"$i":"message-multiedit-header","$v":{"few":[{"t":"idOrVar","v":"n"}," dipilih"],"many":[{"t":"idOrVar","v":"n"}," dipilih"],"one":[{"t":"idOrVar","v":"n"}," dipilih"],"other":[{"t":"idOrVar","v":"n"}," dipilih"],"two":[{"t":"idOrVar","v":"n"}," dipilih"],"zero":[{"t":"idOrVar","v":"n"}," dipilih"]},"$x":[{"t":"idOrVar","v":"plural"},"n"]},{"$i":"message-multiedit-search-header","$v":{"few":[{"t":"idOrVar","v":"n"}," dipilih"],"many":[{"t":"idOrVar","v":"n"}," dipilih"],"one":[{"t":"idOrVar","v":"n"}," dipilih"],"other":[{"t":"idOrVar","v":"n"}," dipilih"],"two":[{"t":"idOrVar","v":"n"}," dipilih"],"zero":"0 dipilih"},"$x":[{"t":"idOrVar","v":"plural"},"n"]},{"$i":"browse-to-url-prompt","$v":["Semak imbas ke URL?: ",{"t":"idOrVar","v":"url"}]},{"$i":"message-download-images-tap","$v":{"few":["E-mel ini mengandungi ",{"t":"idOrVar","v":"n"}," imej. Ketik untuk muat turun."],"many":["E-mel ini mengandungi ",{"t":"idOrVar","v":"n"}," imej. Ketik untuk muat turun."],"one":"E-mel ini mengandungi satu imej. Ketik untuk muat turun.","other":["E-mel ini mengandungi ",{"t":"idOrVar","v":"n"}," imej. Ketik untuk muat turun."],"two":["E-mel ini mengandungi ",{"t":"idOrVar","v":"n"}," imej. Ketik untuk muat turun."]},"$x":[{"t":"idOrVar","v":"plural"},"n"]},{"$i":"message-show-external-images","$v":"Tunjukkan imej luaran"},{"$i":"message-delete-cancel","$v":"Batal"},{"$i":"message-multiedit-delete-confirm","$v":{"few":["Padam ",{"t":"idOrVar","v":"n"}," mesej?"],"many":["Padam ",{"t":"idOrVar","v":"n"}," mesej?"],"one":"Padam mesej yang dipilih?","other":["Padam ",{"t":"idOrVar","v":"n"}," mesej?"],"two":["Padam ",{"t":"idOrVar","v":"n"}," mesej?"]},"$x":[{"t":"idOrVar","v":"plural"},"n"]},{"$i":"message-large-message-cancel","$v":"Batal"},{"$i":"message-large-message-ok","$v":"Teruskan"},{"$i":"message-large-message-confirm","$v":"Mesej ini terlalu besar dan mungkin mengambil masa untuk dimuat turun."},{"$i":"message-large-message-warning","$v":"Mesej terlalu besar untuk dimuatkan."},{"$i":"message-search-header","$v":"Cari"},{"$i":"search-result","$v":["E-mel(",{"t":"idOrVar","v":"num"},")"]},{"$i":"message-search-from","$v":"Daripada"},{"$i":"message-search-to","$v":"Kepada"},{"$i":"message-search-subject","$v":"Subjek"},{"$i":"message-search-body","$v":"Isi"},{"$i":"message-search-all","$v":"Semua"},{"$i":"message-search-input","placeholder":"Cari Mel"},{"$i":"message-search-cancel","$v":"Batal"},{"$i":"messages-syncing","$v":"Memuatkan Mesej"},{"$i":"messages-syncing-progressbar","ariaValueText":"Memuatkan Mesej"},{"$i":"messages-load-more","$v":"Muatkan Lebih Banyak Mesej"},{"$i":"messages-folder-empty","$v":"Tiada e-mel dalam folder ini"},{"$i":"messages-search-empty","$v":"Tiada padanan dalam mesej dengan cache tempatan"},{"$i":"messages-folder-select","$v":"Pindah ke Folder"},{"$i":"messages-folder-unread-max","$v":"999+"},{"$i":"message-contact-menu-create","$v":"Buat Kenalan Baharu"},{"$i":"message-contact-menu-add-existing","$v":"Tambah ke Kenalan Sedia Ada"},{"$i":"message-contact-menu-view","$v":"Lihat kenalan"},{"$i":"message-contact-menu-reply","$v":"Balas"},{"$i":"message-contact-menu-new","$v":"Hantar mel baharu"},{"$i":"message-reply-menu-reply","$v":"Balas"},{"$i":"message-reply-menu-reply-all","$v":"Balas Semua"},{"$i":"message-reply-menu-forward","$v":"Majukan"},{"$i":"message-reply-menu-cancel","$v":"Batal"},{"$i":"reply-quoting-wrote","$v":"{name} menulis"},{"$i":"forward-original-message","$v":"Mesej asal"},{"$i":"forward-header-subject","$v":"Subjek"},{"$i":"forward-header-date","$v":"Tarikh"},{"$i":"forward-header-from","$v":"Daripada"},{"$i":"forward-header-reply-to","$v":"Balas Kepada"},{"$i":"forward-header-to","$v":"Kepada"},{"$i":"forward-header-cc","$v":"Sk"},{"$i":"folder-inbox","$v":"Peti masuk"},{"$i":"folder-sent","$v":"Dihantar"},{"$i":"folder-drafts","$v":"Draf"},{"$i":"folder-trash","$v":"Sampah"},{"$i":"folder-queue","$v":"Tidak dihantar"},{"$i":"folder-junk","$v":"Sarap"},{"$i":"folder-archives","$v":"Arkib"},{"$i":"folder-localdrafts","$v":"Draf Tempatan"},{"$i":"folder-outbox","$v":"Peti keluar"},{"$i":"drawer-back","$v":"Undur"},{"$i":"drawer-accounts-header","$v":"Akaun"},{"$i":"drawer-settings-link","$v":"Tetapan"},{"$i":"folder-last-synced-label","$v":"Penyegerakan terakhir:"},{"$i":"messages-refresh-progress","ariaValueText":"Menyegarkan semula"},{"$i":"no-internet-connection","$v":"Tiada sambungan Internet."},{"$i":"toaster-undo","$v":"Buat asal"},{"$i":"toaster-message-star","$v":{"few":[{"t":"idOrVar","v":"n"}," mesej dibenderakan."],"many":[{"t":"idOrVar","v":"n"}," mesej dibenderakan."],"one":"Mesej dibenderakan.","other":[{"t":"idOrVar","v":"n"}," mesej dibenderakan."],"two":[{"t":"idOrVar","v":"n"}," mesej dibenderakan."]},"$x":[{"t":"idOrVar","v":"plural"},"n"]},{"$i":"toaster-message-unstar","$v":{"few":[{"t":"idOrVar","v":"n"}," bendera mesej dialih keluar."],"many":[{"t":"idOrVar","v":"n"}," bendera mesej dialih keluar."],"one":"Bendera mesej dialih keluar.","other":[{"t":"idOrVar","v":"n"}," bendera mesej dialih keluar."],"two":[{"t":"idOrVar","v":"n"}," bendera mesej dialih keluar."]},"$x":[{"t":"idOrVar","v":"plural"},"n"]},{"$i":"toaster-message-read","$v":{"few":[{"t":"idOrVar","v":"n"}," mesej ditandakan sebagai telah dibaca."],"many":[{"t":"idOrVar","v":"n"}," mesej ditandakan sebagai telah dibaca."],"one":"Ditandakan sebagai telah dibaca.","other":[{"t":"idOrVar","v":"n"}," mesej ditandakan sebagai telah dibaca."],"two":[{"t":"idOrVar","v":"n"}," mesej ditandakan sebagai telah dibaca."]},"$x":[{"t":"idOrVar","v":"plural"},"n"]},{"$i":"toaster-message-unread","$v":{"few":[{"t":"idOrVar","v":"n"}," mesej ditandakan sebagai belum dibaca."],"many":[{"t":"idOrVar","v":"n"}," mesej ditandakan sebagai belum dibaca."],"one":"Ditandakan sebagai belum dibaca.","other":[{"t":"idOrVar","v":"n"}," mesej ditandakan sebagai belum dibaca."],"two":[{"t":"idOrVar","v":"n"}," mesej ditandakan sebagai belum dibaca."]},"$x":[{"t":"idOrVar","v":"plural"},"n"]},{"$i":"toaster-message-move","$v":{"few":[{"t":"idOrVar","v":"n"}," mesej dipindahkan ke folder:"],"many":[{"t":"idOrVar","v":"n"}," mesej dipindahkan ke folder:"],"one":"Mesej dipindahkan ke folder:","other":[{"t":"idOrVar","v":"n"}," mesej dipindahkan ke folder:"],"two":[{"t":"idOrVar","v":"n"}," mesej dipindahkan ke folder:"]},"$x":[{"t":"idOrVar","v":"plural"},"n"]},{"$i":"toaster-message-delete","$v":{"few":[{"t":"idOrVar","v":"n"}," mel dipadam."],"many":[{"t":"idOrVar","v":"n"}," mel dipadam."],"one":"1 mel dipadam.","other":[{"t":"idOrVar","v":"n"}," mel dipadam."],"two":[{"t":"idOrVar","v":"n"}," mel dipadam."]},"$x":[{"t":"idOrVar","v":"plural"},"n"]},{"$i":"toaster-sync-failed","$v":"Tidak dapat menyambung ke pelayan."},{"$i":"compose-invalid-addresses-title","$v":"Alamat Tidak Sah"},{"$i":"compose-invalid-addresses-description","$v":"Mesej anda mengandungi satu atau lebih alamat e-mel yang tidak sah. Sila betulkannya sebelum menghantar."},{"$i":"background-send-pending","$v":"Tiada sambungan internet. E-mel disimpan ke peti keluar."},{"$i":"background-send-sending","$v":"Menghantar…"},{"$i":"background-send-success","$v":"E-mel dihantar."},{"$i":"background-send-error","$v":"Ralat berlaku. E-mel disimpan ke peti keluar."},{"$i":"background-send-error-recipients","$v":"Ralat penerima. E-mel disimpan ke peti keluar."},{"$i":"background-send-error-title","$v":"Mel gagal dihantar"},{"$i":"send-failure-recipients","$v":"Semak ejaan bagi alamat di atas. Pelayan mel anda menandakan bahawa satu atau lebih alamat di atas adalah salah."},{"$i":"send-failure-unknown","$v":"Mesej tidak dapat dihantar."},{"$i":"form-clear-input","$v":"Alih keluar teks"},{"$i":"confirm-dialog-title","$v":"Pengesahan"},{"$i":"confirm-dialog-ok","$v":"OK"},{"$i":"msg-display-subject","$v":"Subjek"},{"$i":"msg-reader-display-attachments","$v":"Lampiran"},{"$i":"msg-reader-display-attachment","$v":"Lampiran"},{"$i":"msg-reader-download-external-images","$v":["Muat turun imej luaran (",{"t":"idOrVar","v":"n"}," MB)"]},{"$i":"msg-reader-sender-header","$v":"Pengirim"},{"$i":"msg-reader-recipients-header","$v":"Penerima"},{"$i":"msg-reader-cc-header","$v":"Sk"},{"$i":"msg-reader-bcc-header","$v":"Skt"},{"$i":"msg-reader-message-flagged","$v":"Mesej diletakkan bendera"},{"$i":"msg-reader-flag-removed","$v":"Bendera dialih keluar"},{"$i":"external-image-downloading","$v":"Memuat turun..."},{"$i":"senders-separation-sign","$v":", "},{"$i":"new-messages","$v":{"few":[{"t":"idOrVar","v":"n"}," Mesej Baharu"],"many":[{"t":"idOrVar","v":"n"}," Mesej Baharu"],"one":"1 Mesej Baharu","other":[{"t":"idOrVar","v":"n"}," Mesej Baharu"],"two":[{"t":"idOrVar","v":"n"}," Mesej Baharu"]},"$x":[{"t":"idOrVar","v":"plural"},"n"]},{"$i":"new-emails-notify-one-account","$v":{"few":[{"t":"idOrVar","v":"n"}," E-mel Baharu"],"many":[{"t":"idOrVar","v":"n"}," E-mel Baharu"],"one":"1 E-mel Baharu","other":[{"t":"idOrVar","v":"n"}," E-mel Baharu"],"two":[{"t":"idOrVar","v":"n"}," E-mel Baharu"]},"$x":[{"t":"idOrVar","v":"plural"},"n"]},{"$i":"new-emails-notify-multiple-accounts","$v":{"few":[{"t":"idOrVar","v":"n"}," E-mel Baharu (",{"t":"idOrVar","v":"accountName"},")"],"many":[{"t":"idOrVar","v":"n"}," E-mel Baharu (",{"t":"idOrVar","v":"accountName"},")"],"one":["1 E-mel Baharu (",{"t":"idOrVar","v":"accountName"},")"],"other":[{"t":"idOrVar","v":"n"}," E-mel Baharu (",{"t":"idOrVar","v":"accountName"},")"],"two":[{"t":"idOrVar","v":"n"}," E-mel Baharu (",{"t":"idOrVar","v":"accountName"},")"]},"$x":[{"t":"idOrVar","v":"plural"},"n"]},{"$i":"new-emails-notify-multiple-accounts-body","$v":[{"t":"idOrVar","v":"from"}," “",{"t":"idOrVar","v":"subject"},"”"]},{"$i":"tng-plain-socket-warning-title","$v":"Adakah anda pasti?"},{"$i":"tng-plain-socket-warning-message","$v":"Orang lain mungkin dapat melihat kata laluan dan e-mel anda atau mengawal akaun anda."},{"$i":"tng-plain-socket-warning-message-options","$v":"Terdapat berbilang penyedia e-mel percuma yang menawarkan sambungan yang lebih selamat dan disulitkan."},{"$i":"tng-plain-socket-warning-ok","$v":"Saya faham"},{"$i":"message-reader-date-received","ariaLabel":"Diterima"},{"$i":"sort-by-title","$v":"Isih mengikut"},{"$i":"sort-by-date","$v":"Tarikh"},{"$i":"sort-by-from","$v":"Daripada"},{"$i":"sort-by-to","$v":"Kepada"},{"$i":"sort-by-subject","$v":"Subjek"},{"$i":"softkey-options","$v":"Pilihan"},{"$i":"opt-compose","$v":"Karang"},{"$i":"opt-reply","$v":"Balas"},{"$i":"opt-reply-all","$v":"Balas kepada semua"},{"$i":"opt-forward","$v":"Majukan"},{"$i":"opt-mark-read","$v":"Tandakan sebagai telah dibaca"},{"$i":"opt-mark-unread","$v":"Tandakan sebagai belum dibaca"},{"$i":"opt-add-flag","$v":"Tambah bendera"},{"$i":"opt-remove-flag","$v":"Alih keluar bendera"},{"$i":"opt-move-message","$v":"Alih ke folder"},{"$i":"opt-delete-message","$v":"Padam"},{"$i":"opt-multi-select","$v":"Pilih berbilang"},{"$i":"opt-search","$v":"Cari"},{"$i":"opt-folders","$v":"Lihat folder"},{"$i":"opt-sort","$v":"Isih"},{"$i":"opt-sync","$v":"Segerak"},{"$i":"opt-account","$v":"Tukar akaun"},{"$i":"opt-settings","$v":"Tetapan"},{"$i":"opt-edit","$v":"Edit"},{"$i":"opt-cancel","$v":"Batal"},{"$i":"opt-save","$v":"Simpan"},{"$i":"opt-move","$v":"Pindahkan"},{"$i":"opt-view","$v":"Lihat"},{"$i":"opt-empty-trash","$v":"Kosongkan sampah"},{"$i":"opt-call-number","$v":"Panggil"},{"$i":"opt-compose-mail","$v":"Karang"},{"$i":"opt-open-url","$v":"Buka"},{"$i":"select-option-on","$v":"Hidupkan"},{"$i":"select-option-off","$v":"Matikan"},{"$i":"select-option-imap-smtp","$v":"IMAP+SMTP"},{"$i":"select-option-pop3-smtp","$v":"POP3+SMTP"},{"$i":"select-option-activesync","$v":"SegerakAktif"},{"$i":"toaster-switch-account","$v":"Akaun e-mel ditukar kepada: "},{"$i":"toaster-sorted-by","$v":"Mesej diisih mengikut"},{"$i":"cmp-reply","$v":"Balas"},{"$i":"cmp-reply-all","$v":"Balas kepada Semua"},{"$i":"cmp-forward","$v":"Majukan Mesej"},{"$i":"cmp-remove-attach","$v":"Lampiran dialih keluar"},{"$i":"select","$v":"Pilih"},{"$i":"deselect","$v":"Nyahpilih"},{"$i":"cancel","$v":"Batal"},{"$i":"enter","$v":"Masuk"},{"$i":"remove-attachment","$v":"Alih keluar lampiran"},{"$i":"replace-attachment","$v":"Gantikan lampiran"},{"$i":"add-attachment","$v":"Tambah lampiran"},{"$i":"add-contact","$v":"Tambah kenalan"},{"$i":"add-cc","$v":"Tambah cc"},{"$i":"remove-cc","$v":"Alih keluar cc"},{"$i":"add-bcc","$v":"Tambah bcc"},{"$i":"remove-bcc","$v":"Alih keluar bcc"},{"$i":"attachment-download","$v":"Muat turun"},{"$i":"attachment-share","$v":"Kongsi"},{"$i":"send-new-mail","$v":"Hantar mel baharu"},{"$i":"view-contact","$v":"Lihat Kenalan"},{"$i":"save-new-contact","$v":"Buat Kenalan Baharu"},{"$i":"add-to-exsiting-contact","$v":"Tambah ke Kenalan Sedia Ada"},{"$i":"no","$v":"Tidak"},{"$i":"yes","$v":"Ya"},{"$i":"retry","$v":"Cuba semula"},{"$i":"empty","$v":"Kosong"},{"$i":"empty-trash-confirm","$v":"Adakah anda ingin mengosongkan sampah?"},{"$i":"trash-emptied","$v":"Sampah dikosongkan"},{"$i":"next","$v":"Seterusnya"},{"$i":"welcome-header","$v":"E-mel"},{"$i":"welcome-msg","$v":"Selamat datang ke E-mel."},{"$i":"welcome-msg-setup","$v":"Tekan Seterusnya untuk menyediakan akaun e-mel anda."},{"$i":"discard","$v":"Buang"},{"$i":"leave-this-page-warning-message","$v":"Buang maklumat?"},{"$i":"finish","$v":"Selesai"},{"$i":"setup-done-msg","$v":"Anda telah berjaya mendaftar masuk. Adakah anda ingin menambah akaun lain?"},{"$i":"save-as-draft","$v":"Simpan sebagai draf"},{"$i":"show-password","$v":"Tunjukkan kata laluan"},{"$i":"account-label","$v":"Nama Akaun"},{"$i":"folders","$v":"Folder"},{"$i":"security","$v":"Keselamatan"},{"$i":"port-number","$v":"Nombor Port"},{"$i":"domain-username","$v":"Domain\\Nama Pengguna"},{"$i":"synchronizing","$v":"Menyegerakkan..."},{"$i":"browse-mail","$v":"Semak Imbas Mel"},{"$i":"never-sync","$v":"Draf setempat tidak disegerakkan dengan pelayan."},{"$i":"emptyDownloadFile","$v":"Tidak dapat memuat turun fail ini, ia mungkin kosong"},{"$i":"sync","$v":"Segerakkan"},{"$i":"outbox-unsent-label","$v":{"few":[{"t":"idOrVar","v":"n"}," mesej tidak dihantar dalam Peti Keluar"],"many":[{"t":"idOrVar","v":"n"}," mesej tidak dihantar dalam Peti Keluar"],"one":"1 mesej tidak dihantar dalam Peti Keluar","other":[{"t":"idOrVar","v":"n"}," mesej tidak dihantar dalam Peti Keluar"],"two":"2 mesej tidak dihantar dalam Peti Keluar"},"$x":[{"t":"idOrVar","v":"plural"},"n"]},{"$i":"storage-full-title","$v":"Storan Penuh"},{"$i":"storage-full-warning","$v":"Anda boleh memadam sesetengah fail media atau menguruskan data aplikasi untuk mendapatkan lebih banyak ruang kosong."},{"$i":"storage-full","$v":"Storan telefon penuh."},{"$i":"storage-sdcard-full","$v":"Kad SD penuh."},{"$i":"view-address","$v":"Lihat alamat"},{"$i":"mail-address-title","$v":"Alamat e-mel"},{"$i":"mail-address","$v":[{"t":"idOrVar","v":"address"}]},{"$i":"value-name","$v":[{"t":"idOrVar","v":"name"}]},{"$i":"account-deleted","$v":"Akaun dipadam."},{"$i":"account-reEnable","$v":"Akaun sudah wujud. Segerakkan e-mel akaun?"},{"$i":"setup-account-usedInfo","$v":"Akaun ini akan digunakan oleh apl di bawah. Anda boleh mengubah ini dalam Tetapan > Akaun."},{"$i":"setup-account-settingsInfo","$v":"Setiap aplikasi mempunyai selang penyegerakan lalai berbeza, sila semak dalam tetapan aplikasi."},{"$i":"app-calendar","$v":"Kalendar"},{"$i":"app-contacts","$v":"Kenalan"},{"$i":"app-email","$v":"E-mel"},{"$i":"weekday-0-long","$v":"Ahad"},{"$i":"weekday-1-long","$v":"Isnin"},{"$i":"weekday-2-long","$v":"Selasa"},{"$i":"weekday-3-long","$v":"Rabu"},{"$i":"weekday-4-long","$v":"Khamis"},{"$i":"weekday-5-long","$v":"Jumaat"},{"$i":"weekday-6-long","$v":"Sabtu"},{"$i":"weekday-0-short","$v":"Aha"},{"$i":"weekday-1-short","$v":"Isn"},{"$i":"weekday-2-short","$v":"Sel"},{"$i":"weekday-3-short","$v":"Rab"},{"$i":"weekday-4-short","$v":"Kha"},{"$i":"weekday-5-short","$v":"Jum"},{"$i":"weekday-6-short","$v":"Sab"},{"$i":"month-0-long","$v":"Januari"},{"$i":"month-1-long","$v":"Februari"},{"$i":"month-2-long","$v":"Mac"},{"$i":"month-3-long","$v":"April"},{"$i":"month-4-long","$v":"Mei"},{"$i":"month-5-long","$v":"Jun"},{"$i":"month-6-long","$v":"Julai"},{"$i":"month-7-long","$v":"Ogos"},{"$i":"month-8-long","$v":"September"},{"$i":"month-9-long","$v":"Oktober"},{"$i":"month-10-long","$v":"November"},{"$i":"month-11-long","$v":"Disember"},{"$i":"month-0-genitive","$v":"Januari"},{"$i":"month-1-genitive","$v":"Februari"},{"$i":"month-2-genitive","$v":"Mac"},{"$i":"month-3-genitive","$v":"April"},{"$i":"month-4-genitive","$v":"Mei"},{"$i":"month-5-genitive","$v":"Jun"},{"$i":"month-6-genitive","$v":"Julai"},{"$i":"month-7-genitive","$v":"Ogos"},{"$i":"month-8-genitive","$v":"September"},{"$i":"month-9-genitive","$v":"Oktober"},{"$i":"month-10-genitive","$v":"November"},{"$i":"month-11-genitive","$v":"Disember"},{"$i":"month-0-short","$v":"Jan"},{"$i":"month-1-short","$v":"Feb"},{"$i":"month-2-short","$v":"Mac"},{"$i":"month-3-short","$v":"Apr"},{"$i":"month-4-short","$v":"Mei"},{"$i":"month-5-short","$v":"Jun"},{"$i":"month-6-short","$v":"Jul"},{"$i":"month-7-short","$v":"Ogo"},{"$i":"month-8-short","$v":"Sep"},{"$i":"month-9-short","$v":"Okt"},{"$i":"month-10-short","$v":"Nov"},{"$i":"month-11-short","$v":"Dis"},{"$i":"minutes-ago-long","$v":{"few":[{"t":"idOrVar","v":"value"}," minit yang lalu"],"many":[{"t":"idOrVar","v":"value"}," minit yang lalu"],"one":"seminit yang lalu","other":[{"t":"idOrVar","v":"value"}," minit yang lalu"],"two":[{"t":"idOrVar","v":"value"}," minit yang lalu"],"zero":"sebentar tadi"},"$x":[{"t":"idOrVar","v":"plural"},"value"]},{"$i":"hours-ago-long","$v":{"few":[{"t":"idOrVar","v":"value"}," jam yang lalu"],"many":[{"t":"idOrVar","v":"value"}," jam yang lalu"],"one":"sejam yang lalu","other":[{"t":"idOrVar","v":"value"}," jam yang lalu"],"two":[{"t":"idOrVar","v":"value"}," jam yang lalu"],"zero":"sebentar tadi"},"$x":[{"t":"idOrVar","v":"plural"},"value"]},{"$i":"days-ago-long","$v":{"few":[{"t":"idOrVar","v":"value"}," hari yang lalu"],"many":[{"t":"idOrVar","v":"value"}," hari yang lalu"],"one":"semalam","other":[{"t":"idOrVar","v":"value"}," hari yang lalu"],"two":[{"t":"idOrVar","v":"value"}," hari yang lalu"],"zero":"hari ini"},"$x":[{"t":"idOrVar","v":"plural"},"value"]},{"$i":"weeks-ago-long","$v":{"few":[{"t":"idOrVar","v":"value"}," minggu yang lalu"],"many":[{"t":"idOrVar","v":"value"}," minggu yang lalu"],"one":"minggu lepas","other":[{"t":"idOrVar","v":"value"}," minggu yang lalu"],"two":[{"t":"idOrVar","v":"value"}," minggu yang lalu"],"zero":"minggu ini"},"$x":[{"t":"idOrVar","v":"plural"},"value"]},{"$i":"months-ago-long","$v":{"few":[{"t":"idOrVar","v":"value"}," bulan yang lalu"],"many":[{"t":"idOrVar","v":"value"}," bulan yang lalu"],"one":"bulan lepas","other":[{"t":"idOrVar","v":"value"}," bulan yang lalu"],"two":[{"t":"idOrVar","v":"value"}," bulan yang lalu"],"zero":"bulan ini"},"$x":[{"t":"idOrVar","v":"plural"},"value"]},{"$i":"years-ago-long","$v":{"few":[{"t":"idOrVar","v":"value"}," tahun yang lalu"],"many":[{"t":"idOrVar","v":"value"}," tahun yang lalu"],"one":"tahun lepas","other":[{"t":"idOrVar","v":"value"}," tahun yang lalu"],"two":[{"t":"idOrVar","v":"value"}," tahun yang lalu"],"zero":"tahun ini"},"$x":[{"t":"idOrVar","v":"plural"},"value"]},{"$i":"minutes-until-long","$v":{"few":["dalam ",{"t":"idOrVar","v":"value"}," minit"],"many":["dalam ",{"t":"idOrVar","v":"value"}," minit"],"one":"dalam masa seminit","other":["dalam ",{"t":"idOrVar","v":"value"}," minit"],"two":["dalam ",{"t":"idOrVar","v":"value"}," minit"],"zero":"sekarang"},"$x":[{"t":"idOrVar","v":"plural"},"value"]},{"$i":"hours-until-long","$v":{"few":["dalam ",{"t":"idOrVar","v":"value"}," jam"],"many":["dalam ",{"t":"idOrVar","v":"value"}," jam"],"one":"dalam masa sejam","other":["dalam ",{"t":"idOrVar","v":"value"}," jam"],"two":["dalam ",{"t":"idOrVar","v":"value"}," jam"],"zero":"sekarang"},"$x":[{"t":"idOrVar","v":"plural"},"value"]},{"$i":"days-until-long","$v":{"few":["dalam ",{"t":"idOrVar","v":"value"}," hari"],"many":["dalam ",{"t":"idOrVar","v":"value"}," hari"],"one":"esok","other":["dalam ",{"t":"idOrVar","v":"value"}," hari"],"two":["dalam ",{"t":"idOrVar","v":"value"}," hari"],"zero":"hari ini"},"$x":[{"t":"idOrVar","v":"plural"},"value"]},{"$i":"weeks-until-long","$v":{"few":["dalam ",{"t":"idOrVar","v":"value"}," minggu"],"many":["dalam ",{"t":"idOrVar","v":"value"}," minggu"],"one":"minggu depan","other":["dalam ",{"t":"idOrVar","v":"value"}," minggu"],"two":["dalam ",{"t":"idOrVar","v":"value"}," minggu"],"zero":"minggu ini"},"$x":[{"t":"idOrVar","v":"plural"},"value"]},{"$i":"months-until-long","$v":{"few":["dalam ",{"t":"idOrVar","v":"value"}," bulan"],"many":["dalam ",{"t":"idOrVar","v":"value"}," bulan"],"one":"bulan depan","other":["dalam ",{"t":"idOrVar","v":"value"}," bulan"],"two":["dalam ",{"t":"idOrVar","v":"value"}," bulan"],"zero":"bulan ini"},"$x":[{"t":"idOrVar","v":"plural"},"value"]},{"$i":"years-until-long","$v":{"few":["dalam ",{"t":"idOrVar","v":"value"}," tahun"],"many":["dalam ",{"t":"idOrVar","v":"value"}," tahun"],"one":"tahun depan","other":["dalam ",{"t":"idOrVar","v":"value"}," tahun"],"two":["dalam ",{"t":"idOrVar","v":"value"}," tahun"],"zero":"tahun ini"},"$x":[{"t":"idOrVar","v":"plural"},"value"]},{"$i":"minutes-ago-short","$v":{"other":[{"t":"idOrVar","v":"value"},"m yang lalu"],"zero":"sebentar tadi"},"$x":[{"t":"idOrVar","v":"plural"},"value"]},{"$i":"hours-ago-short","$v":{"other":[{"t":"idOrVar","v":"value"},"j yang lalu"],"zero":"sebentar tadi"},"$x":[{"t":"idOrVar","v":"plural"},"value"]},{"$i":"days-ago-short","$v":{"other":[{"t":"idOrVar","v":"value"},"h yang lalu"],"zero":"hari ini"},"$x":[{"t":"idOrVar","v":"plural"},"value"]},{"$i":"minutes-until-short","$v":{"other":["dalam ",{"t":"idOrVar","v":"value"},"m"],"zero":"sekarang"},"$x":[{"t":"idOrVar","v":"plural"},"value"]},{"$i":"hours-until-short","$v":{"other":["dalam ",{"t":"idOrVar","v":"value"},"j"],"zero":"sekarang"},"$x":[{"t":"idOrVar","v":"plural"},"value"]},{"$i":"days-until-short","$v":{"other":["dalam ",{"t":"idOrVar","v":"value"},"h"],"zero":"hari ini"},"$x":[{"t":"idOrVar","v":"plural"},"value"]},{"$i":"incorrectDate","$v":"(tarikh salah)"},{"$i":"dateTimeFormat_%c","$v":"%a %b %e %Y %I:%M:%S %p"},{"$i":"dateTimeFormat_%x","$v":"%d/%m/%Y"},{"$i":"dateTimeFormat_%X","$v":"%I:%M:%S %p"},{"$i":"shortTimeFormat","$v":"%I:%M %p"},{"$i":"shortTimeFormat12","$v":"%I:%M %p"},{"$i":"shortTimeFormat24","$v":"%H:%M"},{"$i":"shortDateTimeFormat","$v":"%x %I:%M %p"},{"$i":"weekStartsOnMonday","$v":"0.0"},{"$i":"firstDayOfTheWeek","$v":"0.0"},{"$i":"time_am","$v":"Pagi"},{"$i":"time_pm","$v":"Petang"}]