[{"$i":"setup-app-name-header","$v":"मेल"},{"$i":"setup-empty-account-message","$v":"तपाईं इमेल पठाउन र प्राप्त गर्न सेट अप हुनुहुन्न। कार्य पूरा गर्न खाता सेट अप गर्नुहोस्।"},{"$i":"setup-pick-service","$v":"इमेल पठाउन र प्राप्त गर्नको लागि, तपाईंले खाता सेट अप गर्न आवश्यक हुनेछ।"},{"$i":"setup-account-header3","$v":"खाता लगइन"},{"$i":"setup-account-password","$v":"पासवर्ड"},{"$i":"setup-info-next","$v":"अर्को"},{"$i":"setup-progress-wait-msg","$v":"खाता सेट अप गर्दै"},{"$i":"setup-sync-progress-wait-msg","$v":"खाता समक्रमण गर्ने"},{"$i":"setup-completed-header","$v":"बधाई छ!"},{"$i":"setup-completed-label","$v":"सबै पूरा भयो!"},{"$i":"setup-add-another-account","$v":"अर्को खाता थप्नुहोस्"},{"$i":"setup-show-mail","$v":"पत्राचार जारी राख्नुहोस्"},{"$i":"setup-done-add","$v":"खाता थप्नुहोस्"},{"$i":"setup-error-offline","$v":"यो यन्त्र हाल अफलाइन छ। नेटवर्कमा जडान गर्नुहोस् र पुन: प्रयास गर्नुहोस्"},{"$i":"setup-error-bad-user-or-pass2","$v":"अमान्य प्रयोगकर्तानाम वा पासवर्ड टाइपोहरू जाँच्नुहोस्।"},{"$i":"setup-error-bad-address","$v":"अमान्य इमेल ठेगाना। टाइपोहरू जाँच्नुहोस्।"},{"$i":"setup-error-not-authorized","$v":"यो सर्भरले बताउँछ कि तपाईं खाता सिर्जना गर्न अधिकारप्राप्त हुनुहुन्न"},{"$i":"setup-error-pop-server-not-great","$v":"सर्भर असमर्थित छ। POP3 सर्भरले आवश्यक सुविधाहरू लागू गर्दैन।"},{"$i":"setup-error-unknown2","$v":"एउटा अज्ञात त्रुटि भयो। तपाईंको सञ्जाल जडान जाँच गर्नुहोस् वा म्यानुअल कन्फिगरेसन विकल्प प्रयास गर्नुहोस्।"},{"$i":"setup-error-needs-app-pass","$v":"तपाईंले दुई-तत्त्वको Gmail खाताहरूको लागि एप्लिकेसन विशेष पासवर्ड प्रयोग गर्नुपर्छ"},{"$i":"setup-error-imap-disabled","$v":"तपाईंलेआफ्नोGmailखातामाIMAPसक्षमगर्नुपर्छ"},{"$i":"setup-error-pop3-disabled","$v":"तपाईंलेआफ्नोGmailखातामाPOP3सक्षमगर्नुपर्छ"},{"$i":"setup-error-bad-security","$v":[{"t":"idOrVar","v":"server"},"\" सँग सुरक्षित जडान स्थापना गर्न सकिएन। तपाईंको सञ्जाल वा सर्भरमा एउटा समस्या हुनसक्छ।"]},{"$i":"setup-error-unresponsive-server","$v":[{"t":"idOrVar","v":"server"},"\" सँग जडान सिर्जना गर्न असक्षम भयो। सञ्जालमा समस्या हुन सक्छ।"]},{"$i":"setup-error-server-problem","$v":["सर्भर \"",{"t":"idOrVar","v":"server"},"\" मा समस्या छ। पछि फेरि प्रयास गर्नुहोस्।"]},{"$i":"setup-error-no-config-info","$v":"स्वचालित रूपमा तपाईंको खाता कन्फिगर गर्न असक्षम भयो। आफ्नो इमेल ठेगाना सच्याउनुहोस् वा म्यानुअल कन्फिगरेसन विकल्प प्रयास गर्नुहोस्।"},{"$i":"setup-error-server-maintenance","$v":["सर्भर \"",{"t":"idOrVar","v":"server"},"\" मर्मत-सम्भारको लागि अफलाइन छ। पछि फेरि प्रयास गर्नुहोस्।"]},{"$i":"setup-error-account-already-exists","$v":"यो खाता पहिले ननै कन्फिगर गरिएको छ।"},{"$i":"setup-manual-config2","$v":"उन्नत"},{"$i":"setup-manual-config-header","$v":"खाता लगइन"},{"$i":"setup-manual-account-type-header","$v":"खाताप्रकार"},{"$i":"setup-manual-account-type","$v":"खाताप्रकार"},{"$i":"setup-manual-account-type-select","ariaLabel":"खाताप्रकार"},{"$i":"setup-manual-imap-header","$v":"IMAPसेटिङहरू"},{"$i":"setup-manual-pop3-header","$v":"POP3सेटिङहरू"},{"$i":"setup-manual-smtp-header","$v":"SMTPसेटिङहरू"},{"$i":"setup-manual-activesync-header","$v":"एक्टिभसिङ्क सेटिङहरू"},{"$i":"setup-manual-next","$v":"अर्को"},{"$i":"setup-manual-socket","$v":"सकेट प्रकार"},{"$i":"setup-manual-socket-ssl","$v":"SSL"},{"$i":"setup-manual-socket-starttls","$v":"STARTTLS"},{"$i":"setup-manual-socket-select","ariaLabel":"जडान सुरक्षा"},{"$i":"setup-manual-socket-plain","$v":"इन्क्रिप्ट नगरिएको"},{"$i":"setup-bad-password-header","$v":"गलत पासवर्ड"},{"$i":"setup-bad-password","$v":"सर्भरमा साइन इन गर्न सकिएन। कृपया पासवर्ड फेरि प्रयास गर्नुहोस्।"},{"$i":"setup-new-password","placeholder":"नयाँ पासवर्ड"},{"$i":"setup-fix-password","$v":"नयाँ पासवर्डबाट फेरि प्रयास गर्नुहोस्"},{"$i":"setup-gmail-twofactor-header","$v":"दुई-तत्व सक्षम गरियो"},{"$i":"setup-gmail-twofactor-message","$v":"तपाईंले तल एप्लिकेसन-विशेष पासवर्ड प्रविष्ट गर्न आवश्यक हुन्छ।"},{"$i":"setup-gmail-imap-header","$v":"IMAPअक्षमबनाइयो"},{"$i":"setup-gmail-imap-message","$v":"तपाईंले आफ्नो Gmail खातामा IMAP सक्षम गर्नुपर्छ"},{"$i":"setup-gmail-retry","$v":"पुनःप्रयास गर्नुहोस्"},{"$i":"setup-gmail-pop3-header","$v":"POP3 असक्षम गरियो"},{"$i":"setup-gmail-pop3-message","$v":"तपाईंले आफ्नो Gmail खातामा POP3 सक्षम गर्नुपर्छ"},{"$i":"setup-fix-oauth2-header","$v":"इमेललाई फेरि प्रमाणित गर्नुहोस्"},{"$i":"setup-fix-oauth2-description","$v":"निम्नलिखित खातामा पहुँच गर्नको लागि इमेललाई फेरि प्रमाणित गर्न आवश्यक हुन्छ:"},{"$i":"setup-fix-oauth2-reauthorize","$v":"पुन: प्रमाणीकरण गर्नुहोस्"},{"$i":"settings-main-header","$v":"इमेलसेटिङहरू"},{"$i":"settings-sub-header-account","$v":"खाता"},{"$i":"settings-account-group","ariaLabel":"खाता"},{"$i":"settings-account-name","$v":"तपाईंको नाम"},{"$i":"settings-account-label","$v":"खाता लेबुल"},{"$i":"settings-account-display-notifications","$v":"नयाँ इमेल सूचनाहरू प्रदर्शन गर्नुहोस्"},{"$i":"settings-account-play-sound-onsend","$v":"सन्देश पठाइएपछि ध्वनि प्ले गर्नुहोस्"},{"$i":"settings-account-signature-label","$v":"हस्ताक्षर"},{"$i":"settings-sub-header-data","$v":"डेटा"},{"$i":"settings-data-group","ariaLabel":"डेटा"},{"$i":"settings-account-check-mail","$v":"नयाँ सन्देशहरू जाँच्नुहोस्"},{"$i":"settings-account-check-mail-select","ariaLabel":"नयाँ सन्देशहरू जाँच्नुहोस्"},{"$i":"settings-sub-header-server","$v":"सर्भरसेटिङ्स"},{"$i":"settings-server-group","ariaLabel":"सर्भरसेटिङ्स"},{"$i":"settings-account-userpass","$v":"प्रयोगकर्ता नाम र पासवर्ड"},{"$i":"settings-account-useroauth2","$v":"एक-पटके पाठ सन्देश"},{"$i":"settings-default-signature-2","$v":"मेरो फोनबाट पठाइयो"},{"$i":"settings-done","$v":"भयो"},{"$i":"settings-account-section","$v":"खाताहरू"},{"$i":"settings-account-listbox","ariaLabel":"खाताहरू"},{"$i":"settings-account-add","$v":"थप्नुहोस्"},{"$i":"settings-account-delete","$v":"कार्य मेटाउनुहोस्"},{"$i":"settings-account-delete-prompt","$v":["तपाईंले निश्चित रूपमा आफ्नो ",{"t":"idOrVar","v":"account"}," मेल खाता मेटाउन चाहनुहुन्छ?"]},{"$i":"settings-account-delete-desc","$v":"तपाईंले खाता पुन: सिर्जना गर्नुहुन्छ भने तपाईंले आफ्नो मेल फेरि डाउनलोड गर्नुपर्नेछ।"},{"$i":"settings-account-delete-cancel","$v":"रद्द गर्नुहोस्"},{"$i":"settings-account-delete-confirm","$v":"मेट्नुहोस्"},{"$i":"settings-account-clarify","$v":[{"t":"idOrVar","v":"account-name"}]},{"$i":"settings-account-clarify-imap","$v":[{"t":"idOrVar","v":"account-name"}," (IMAP)"]},{"$i":"settings-account-clarify-pop3","$v":[{"t":"idOrVar","v":"account-name"}," (POP3)"]},{"$i":"settings-account-clarify-smtp","$v":[{"t":"idOrVar","v":"account-name"}," (SMTP)"]},{"$i":"settings-general-section","$v":"साधारणसेटिङहरू"},{"$i":"settings-show-images","$v":"छविहरू सधै देखाउनुहोस्"},{"$i":"settings-download-attachments","$v":"संलग्नकहरूडाउनलोडगर्नुहोस्"},{"$i":"settings-check-every-5min","$v":"हरेक5मिनेट"},{"$i":"settings-check-every-10min","$v":"हरेक10मिनेट"},{"$i":"settings-check-every-15min","$v":"हरेक १५ मिनेट"},{"$i":"settings-check-every-30min","$v":"हरेक ३० मिनेट"},{"$i":"settings-check-every-60min","$v":"हरेकघन्टा"},{"$i":"settings-check-every-manual","$v":"मानवचालित रूपमा"},{"$i":"settings-check-dynamic","$v":{"few":[{"t":"idOrVar","v":"n"},"सेकेण्ड"],"many":[{"t":"idOrVar","v":"n"},"सेकेण्ड"],"one":[{"t":"idOrVar","v":"n"},"सेकेण्ड"],"other":[{"t":"idOrVar","v":"n"},"सेकेण्ड"],"two":[{"t":"idOrVar","v":"n"},"सेकेण्ड"],"zero":"असक्षम पारियो"},"$x":[{"t":"idOrVar","v":"plural"},"n"]},{"$i":"settings-default-account","$v":"पूर्वनिर्धारित इमेलको रूपमा सेट गर्नुहोस्"},{"$i":"settings-account-type","$v":"खाताप्रकार"},{"$i":"settings-account-credentials","$v":"पत्यारपत्रहरू"},{"$i":"settings-activesync-label","$v":"एक्टिभसिङ्क सेटिङहरू"},{"$i":"settings-imap-label","$v":"IMAPसेटिङहरू"},{"$i":"settings-pop3-label","$v":"POP3सेटिङहरू"},{"$i":"settings-smtp-label","$v":"SMTPसेटिङहरू"},{"$i":"settings-hostname","$v":"होस्टको नाम"},{"$i":"settings-port","$v":"पोर्ट"},{"$i":"settings-username","$v":"एक-पटके पाठ सन्देश"},{"$i":"settings-password","$v":"पासवर्ड"},{"$i":"settings-save","$v":"सुरक्षित गर्नुहोस्"},{"$i":"password-saved","$v":"पासवर्ड बचत भयो।"},{"$i":"settings-reauth","$v":"पुन: प्रमाणीकरण गर्नुहोस्"},{"$i":"settings-account-synchronize-window","$v":"समक्रमण गर्ने दिनहरू"},{"$i":"settings-account-synchronize-window-select","ariaLabel":"समक्रमण गर्ने दिनहरू"},{"$i":"settings-synchronize-auto","$v":"स्वचालित"},{"$i":"settings-synchronize-one-day","$v":"1दिन"},{"$i":"settings-synchronize-three-days","$v":"3दिन"},{"$i":"settings-synchronize-one-week","$v":"1हप्ता"},{"$i":"settings-synchronize-two-weeks","$v":"2हप्ता"},{"$i":"settings-synchronize-one-month","$v":"1महिना"},{"$i":"settings-synchronize-all","$v":"सबै सन्देशहरू"},{"$i":"envelope-from","$v":"प्रेषक"},{"$i":"envelope-to","$v":"सम्म"},{"$i":"envelope-cc","$v":"CC"},{"$i":"envelope-bcc","$v":"BCC"},{"$i":"message-header-state-sending","ariaLabel":"पठाउँदै"},{"$i":"message-header-state-error","ariaLabel":"त्रुटि पठाउँदै"},{"$i":"message-header-unread","ariaLabel":"पढ्न बाँकी"},{"$i":"message-header-reply","ariaLabel":"जवाफ पठाउनुहोस्"},{"$i":"message-header-forward","ariaLabel":"फर्वार्ड गर्नुहोस्"},{"$i":"message-header-starred","ariaLabel":"तारा छ"},{"$i":"message-header-attachments","ariaLabel":"संलग्नकहरू छन्"},{"$i":"message-body-container","ariaLabel":"सन्देशको मुख्य भाग"},{"$i":"message-body-container-progress","ariaValueText":"लोड हुँदै"},{"$i":"subject","ariaLabel":"विषय"},{"$i":"attachments-container","ariaLabel":"संलग्नताहरू"},{"$i":"from-group","ariaLabel":"प्रेषक"},{"$i":"to-group","ariaLabel":"सम्म"},{"$i":"cc-group","ariaLabel":"CC"},{"$i":"bcc-group","ariaLabel":"BCC"},{"$i":"compose-header","$v":"सन्देश रचना गर्नुहोस्"},{"$i":"compose-header-short","$v":"रचना गर्नुहोस"},{"$i":"compose-send","$v":"पठाउनुहोस्"},{"$i":"compose-send-button","ariaLabel":"पठाउनुहोस्"},{"$i":"compose-to","$v":"सम्म"},{"$i":"compose-cc","$v":"CC"},{"$i":"compose-bcc","$v":"BCC"},{"$i":"compose-cc-remove","$v":"सि.सि सूची हटाइयो।"},{"$i":"compose-bcc-remove","$v":"बि.सि.सि सूची हटाइयो।"},{"$i":"compose-contact-add","ariaLabel":"सम्पर्क थप्नुहोस्"},{"$i":"compose-attachments","$v":{"few":["संलग्नताहरू(",{"t":"idOrVar","v":"n"},")"],"many":["संलग्नताहरू(",{"t":"idOrVar","v":"n"},")"],"one":["संलग्नताहरू(",{"t":"idOrVar","v":"n"},")"],"other":["संलग्नताहरू(",{"t":"idOrVar","v":"n"},")"],"two":["संलग्नताहरू(",{"t":"idOrVar","v":"n"},")"],"zero":"संलग्नताहरू"},"$x":[{"t":"idOrVar","v":"plural"},"n"]},{"$i":"compose-text","ariaLabel":"सम्पादन गर्नुहोस्"},{"$i":"compose-attachment-still-working","$v":"एकटा क्षणले अझै पनि अघिल्लो संलग्नकमा कार्य गर्दैछ..."},{"$i":"compose-attachment-loading","$v":"संलग्न लोड गर्दै..."},{"$i":"compose-attachments-loading","$v":"संलग्नहरू लोड गर्दै..."},{"$i":"compose-forward-attachment-error-title","$v":"डाउनलोड असफल भयो।"},{"$i":"compose-forward-attachment-error-title2","$v":"त्रुटि"},{"$i":"compose-forward-attachment-unable-load","$v":"संलग्नता लोड गर्न असक्षम।"},{"$i":"compose-forward-attachments-unable-load","$v":"संलग्नताहरू लोड गर्न असक्षम।"},{"$i":"compose-forward-attachment-load-error","$v":"केही संलग्नताहरू लोड गर्न सकिँदैन।"},{"$i":"confirmation-title","$v":"पुष्टिकरण"},{"$i":"compose-subject","$v":"विषय"},{"$i":"compose-draft-save","$v":"स्थानीय मस्यौदाहरूमा बचत गर्ने?"},{"$i":"compose-discard-confirm","$v":"त्याग्नुहोस्"},{"$i":"compose-draft-dialog-cancel","$v":"रद्द गर्नुहोस्"},{"$i":"compose-draft-dialog-save","$v":"सुरक्षित गर्नुहोस्"},{"$i":"composer-draft-saved","$v":"सन्देशड्राफ्टकोरूपमाबचतभयो"},{"$i":"attention","$v":"सावधानी"},{"$i":"compose-send-message-failed","$v":"इमेल पठाउन असफल भयो"},{"$i":"compose-attchment-size-exceeded","$v":"चयन गरिएको संलग्नक यो सन्देशसँग पठाउन एकदमै ठूलो छ।"},{"$i":"compose-attchments-size-exceeded","$v":"चयन गरिएका संलग्नकहरू यो सन्देशसँग पठाउन एकदमै ठूला छन्। कम फाइलहरू चयन गर्ने प्रयास गर्नुहोस्।"},{"$i":"composer-attachment-large-title","$v":"फाइलको आकार निकै ठूलो छ"},{"$i":"default-attachment-filename","$v":["संलग्नताहरू",{"t":"idOrVar","v":"n"}]},{"$i":"attachment-size-meb","$v":[{"t":"idOrVar","v":"megabytes"}," MB"]},{"$i":"attachment-size-kib","$v":[{"t":"idOrVar","v":"kilobytes"}," KB"]},{"$i":"attachment-size-byte","$v":[{"t":"idOrVar","v":"bytes"}," B"]},{"$i":"message-attachment-view","$v":"हेर्नुहोस्"},{"$i":"message-attachment-did-not-open-label","$v":"खोल्न असक्षम"},{"$i":"message-attachment-did-not-open-body","$v":"यो यन्त्रमा संलग्नक खोल्न सक्ने एप छैन।"},{"$i":"message-attachment-too-large","$v":"यो फाइल डाउनलोड गर्न एकदमै ठूलो छ।"},{"$i":"message-attachment-not-found","$v":"संलग्न फाइल फेला पार्न सकिएन, मेटाइएको हुनसक्छ।"},{"$i":"message-attachment-download-fail","$v":[{"t":"idOrVar","v":"fileName"}," - डाउनलोड असफल भयो।"]},{"$i":"message-no-subject","$v":"(कुनैविषयछैन)"},{"$i":"message-edit-menu-edit","$v":"सम्पादन गर्नुहोस्"},{"$i":"message-edit-menu-delete","$v":"मेट्नुहोस्"},{"$i":"message-edit-delete-confirm","$v":"चयनगरिएकासन्देशहरूमेटाउने?"},{"$i":"message-forward-attachment-title","$v":"संलग्नताहरू"},{"$i":"message-forward-attachment","$v":"संलग्न फर्वाड पनि?"},{"$i":"message-forward-attachments","$v":"संलग्न फर्वाड पनि?"},{"$i":"message-multiedit-header","$v":{"few":[{"t":"idOrVar","v":"n"}," चयन गरियो"],"many":[{"t":"idOrVar","v":"n"}," चयन गरियो"],"one":[{"t":"idOrVar","v":"n"}," चयन गरियो"],"other":[{"t":"idOrVar","v":"n"}," चयन गरियो"],"two":[{"t":"idOrVar","v":"n"}," चयन गरियो"],"zero":[{"t":"idOrVar","v":"n"}," चयन गरियो"]},"$x":[{"t":"idOrVar","v":"plural"},"n"]},{"$i":"message-multiedit-search-header","$v":{"few":[{"t":"idOrVar","v":"n"}," चयन गरियो"],"many":[{"t":"idOrVar","v":"n"}," चयन गरियो"],"one":[{"t":"idOrVar","v":"n"}," चयन गरियो"],"other":[{"t":"idOrVar","v":"n"}," चयन गरियो"],"two":[{"t":"idOrVar","v":"n"}," चयन गरियो"],"zero":"0 चयन गर्नुहोस्"},"$x":[{"t":"idOrVar","v":"plural"},"n"]},{"$i":"browse-to-url-prompt","$v":["यू.आर.एल मा ब्राउज गर्ने? ",{"t":"idOrVar","v":"url"}]},{"$i":"message-download-images-tap","$v":{"few":["यो इमेलमा ",{"t":"idOrVar","v":"n"}," वटा छवि छन्। डाउनलोड गर्न ट्याप गर्नुहोस्।"],"many":["यो इमेलमा ",{"t":"idOrVar","v":"n"}," वटा छवि छन्। डाउनलोड गर्न ट्याप गर्नुहोस्।"],"one":"यो इमेलमा एउटा छवि छ। डाउनलोड गर्न ट्याप गर्नुहोस्।","other":["यो इमेलमा ",{"t":"idOrVar","v":"n"}," वटा छवि छन्। डाउनलोड गर्न ट्याप गर्नुहोस्।"],"two":["यो इमेलमा ",{"t":"idOrVar","v":"n"}," वटा छवि छन्। डाउनलोड गर्न ट्याप गर्नुहोस्।"]},"$x":[{"t":"idOrVar","v":"plural"},"n"]},{"$i":"message-show-external-images","$v":"बाह्य छविहरू देखाउनुहोस्"},{"$i":"message-delete-cancel","$v":"रद्द गर्नुहोस्"},{"$i":"message-multiedit-delete-confirm","$v":{"few":[{"t":"idOrVar","v":"n"}," सन्देशहरू मेटाउने?"],"many":[{"t":"idOrVar","v":"n"}," सन्देशहरू मेटाउने?"],"one":"चयन गरिएका सन्देशहरू मेटाउनुहोस्","other":[{"t":"idOrVar","v":"n"}," सन्देशहरू मेटाउने?"],"two":[{"t":"idOrVar","v":"n"}," सन्देशहरू मेटाउने?"]},"$x":[{"t":"idOrVar","v":"plural"},"n"]},{"$i":"message-large-message-cancel","$v":"रद्द गर्नुहोस्"},{"$i":"message-large-message-ok","$v":"जारी राख्नुहोस्"},{"$i":"message-large-message-confirm","$v":"यो सन्देश ठूलो छ र डाउनलोड हुन केही समय लाग्न सक्छ।"},{"$i":"message-large-message-warning","$v":"लोड गर्न यो सन्देश धेरै ठूलो छ।"},{"$i":"message-search-header","$v":"खोज्नुहोस्"},{"$i":"search-result","$v":[{"t":"idOrVar","v":"num"}," मिलान फेला पर्यो"]},{"$i":"message-search-from","$v":"प्रेषक"},{"$i":"message-search-to","$v":"सम्म"},{"$i":"message-search-subject","$v":"विषय"},{"$i":"message-search-body","$v":"मुख्य भाग"},{"$i":"message-search-all","$v":"सबै"},{"$i":"message-search-input","placeholder":"मेल खोज्नुहोस्"},{"$i":"message-search-cancel","$v":"रद्द गर्नुहोस्"},{"$i":"messages-syncing","$v":"सन्देशहरूलोडहुँदै"},{"$i":"messages-syncing-progressbar","ariaValueText":"सन्देशहरूलोडहुँदै"},{"$i":"messages-load-more","$v":"थप सन्देशहरू लोड गर्नुहोस्"},{"$i":"messages-folder-empty","$v":"यो फोल्डरमा कुनै मेल छैन"},{"$i":"messages-search-empty","$v":"स्थानीय रूपमा क्यास गरिएका सन्देशहरूमा कुनै मिलानहरू छैनन्"},{"$i":"messages-folder-select","$v":"फोल्डरमा सार्नुहोस्"},{"$i":"messages-folder-unread-max","$v":"999+"},{"$i":"message-contact-menu-create","$v":"नयाँसम्पर्कसिर्जनागर्नुहोस्"},{"$i":"message-contact-menu-add-existing","$v":"विद्यमान सम्पर्कमा थप्नुहोस्"},{"$i":"message-contact-menu-view","$v":"सम्पर्क हेर्नुहोस्"},{"$i":"message-contact-menu-reply","$v":"जवाफ पठाउनुहोस्"},{"$i":"message-contact-menu-new","$v":"नयाँ मेल पठाउनुहोस्"},{"$i":"message-reply-menu-reply","$v":"जवाफ पठाउनुहोस्"},{"$i":"message-reply-menu-reply-all","$v":"सबैलाई जवाफ दिनुहोस्"},{"$i":"message-reply-menu-forward","$v":"फर्वार्ड गर्नुहोस्"},{"$i":"message-reply-menu-cancel","$v":"रद्द गर्नुहोस्"},{"$i":"reply-quoting-wrote","$v":"{name} लेखिएको"},{"$i":"forward-original-message","$v":"मौलिक सन्देश"},{"$i":"forward-header-subject","$v":"विषय"},{"$i":"forward-header-date","$v":"मिति"},{"$i":"forward-header-from","$v":"प्रेषक"},{"$i":"forward-header-reply-to","$v":"लाई जवाफ दिनुहोस्"},{"$i":"forward-header-to","$v":"सम्म"},{"$i":"forward-header-cc","$v":"CC"},{"$i":"folder-inbox","$v":"इनबक्स"},{"$i":"folder-sent","$v":"पठाइयो"},{"$i":"folder-drafts","$v":"ड्राफ्ट"},{"$i":"folder-trash","$v":"ट्र्यास"},{"$i":"folder-queue","$v":"नपठाइएको"},{"$i":"folder-junk","$v":"रद्दी"},{"$i":"folder-archives","$v":"अभिलेख"},{"$i":"folder-localdrafts","$v":"स्थानीय मस्यौदाहरू"},{"$i":"folder-outbox","$v":"आउटबक्स"},{"$i":"drawer-back","$v":"पछाडि"},{"$i":"drawer-accounts-header","$v":"खाताहरू"},{"$i":"drawer-settings-link","$v":"सेटिङ्हरू"},{"$i":"folder-last-synced-label","$v":"पछिल्लो समक्रमण:"},{"$i":"messages-refresh-progress","ariaValueText":"ताजागर्दै"},{"$i":"no-internet-connection","$v":"इन्टरनेट जडान छैन।"},{"$i":"toaster-undo","$v":"अनडू गर्नुहोस्"},{"$i":"toaster-message-star","$v":{"few":[{"t":"idOrVar","v":"n"}," वटा सन्देशहरूमा झन्डा अङ्कित गरियो"],"many":[{"t":"idOrVar","v":"n"}," वटा सन्देशहरूमा झन्डा अङ्कित गरियो"],"one":"सन्देशमा झण्डा अङ्कित गरियो","other":[{"t":"idOrVar","v":"n"}," वटा सन्देशहरूमा झन्डा अङ्कित गरियो"],"two":[{"t":"idOrVar","v":"n"}," वटा सन्देशहरूमा झन्डा अङ्कित गरियो"]},"$x":[{"t":"idOrVar","v":"plural"},"n"]},{"$i":"toaster-message-unstar","$v":{"few":[{"t":"idOrVar","v":"n"}," सन्देशका झण्डाहरू हटाइयो"],"many":[{"t":"idOrVar","v":"n"}," सन्देशका झण्डाहरू हटाइयो"],"one":"सन्देशको झण्डा हटाइयो","other":[{"t":"idOrVar","v":"n"}," सन्देशका झण्डाहरू हटाइयो"],"two":[{"t":"idOrVar","v":"n"}," सन्देशका झण्डाहरू हटाइयो"]},"$x":[{"t":"idOrVar","v":"plural"},"n"]},{"$i":"toaster-message-read","$v":{"few":[{"t":"idOrVar","v":"n"}," वटा सन्देशलाई पढिएको रूपमा चिन्हित गरियो"],"many":[{"t":"idOrVar","v":"n"}," वटा सन्देशलाई पढिएको रूपमा चिन्हित गरियो"],"one":"सन्देशलाई पढिएको रूपमा चिन्हित गरियो","other":[{"t":"idOrVar","v":"n"}," वटा सन्देशलाई पढिएको रूपमा चिन्हित गरियो"],"two":[{"t":"idOrVar","v":"n"}," वटा सन्देशलाई पढिएको रूपमा चिन्हित गरियो"]},"$x":[{"t":"idOrVar","v":"plural"},"n"]},{"$i":"toaster-message-unread","$v":{"few":[{"t":"idOrVar","v":"n"}," वटा सन्देशलाई नढिएको रूपमा चिन्हित गरियो"],"many":[{"t":"idOrVar","v":"n"}," वटा सन्देशलाई नढिएको रूपमा चिन्हित गरियो"],"one":"सन्देशलाई नपढिएको रूपमा चिन्हित गरियो","other":[{"t":"idOrVar","v":"n"}," वटा सन्देशलाई नढिएको रूपमा चिन्हित गरियो"],"two":[{"t":"idOrVar","v":"n"}," वटा सन्देशलाई नढिएको रूपमा चिन्हित गरियो"]},"$x":[{"t":"idOrVar","v":"plural"},"n"]},{"$i":"toaster-message-move","$v":{"few":[{"t":"idOrVar","v":"n"}," वटा सन्देशहरूलाई फोल्डरमा सारियो:"],"many":[{"t":"idOrVar","v":"n"}," वटा सन्देशहरूलाई फोल्डरमा सारियो:"],"one":"सन्देशलाई फोल्डरमा सारियो:","other":[{"t":"idOrVar","v":"n"}," वटा सन्देशहरूलाई फोल्डरमा सारियो:"],"two":[{"t":"idOrVar","v":"n"}," वटा सन्देशहरूलाई फोल्डरमा सारियो:"]},"$x":[{"t":"idOrVar","v":"plural"},"n"]},{"$i":"toaster-message-delete","$v":{"few":[{"t":"idOrVar","v":"n"}," वटा मेल मेटाइयो"],"many":[{"t":"idOrVar","v":"n"}," वटा मेल मेटाइयो"],"one":"1 मेल मेटाइयो","other":[{"t":"idOrVar","v":"n"}," वटा मेल मेटाइयो"],"two":[{"t":"idOrVar","v":"n"}," वटा मेल मेटाइयो"]},"$x":[{"t":"idOrVar","v":"plural"},"n"]},{"$i":"toaster-sync-failed","$v":"सर्भरमा जडान गर्न असक्षम भयो।"},{"$i":"compose-invalid-addresses-title","$v":"अमान्य ठेगानाहरू"},{"$i":"compose-invalid-addresses-description","$v":"तपाईंको सन्देशमा एउटा वा सोभन्दा धेरै अमान्य इमेल ठेगानाहरू समावेश छन्। कृपया पठाउनभन्दा अगाडि तिनीहरूलाई सुधार्नुहोस्।"},{"$i":"background-send-pending","$v":"नेटवर्क अनुपलब्ध। इमेल आउटबक्समा बचत गरियो।"},{"$i":"background-send-sending","$v":"मेलपठाउनुहोस्.."},{"$i":"background-send-success","$v":"इमेल पठाइयो।"},{"$i":"background-send-error","$v":"त्रुटि भयो। इमेल आउटबक्समा बचत गरियो।"},{"$i":"background-send-error-recipients","$v":"प्रापक त्रुटि। इमेल आउटबक्समा बचत गरियो।"},{"$i":"background-send-error-title","$v":"मेलपठाउनअसफलभयो।"},{"$i":"send-failure-recipients","$v":"माथिका ठेगानाहरूको हिज्जे जाँच गर्नुहोस्। तपाईंले मेल सर्भरले माथिका एउटा वा सोभन्दा धेरै ठेगानाहरू गलत छन् भनी संकेत गर्नुभएको छ।"},{"$i":"send-failure-unknown","$v":"योसन्देशलाईपठाउनसकिएन।"},{"$i":"form-clear-input","$v":"पाठहटाउनुहोस्"},{"$i":"confirm-dialog-title","$v":"पुष्टिकरण"},{"$i":"confirm-dialog-ok","$v":"ठीक छ"},{"$i":"msg-display-subject","$v":"विषय"},{"$i":"msg-reader-display-attachments","$v":"संलग्नताहरू"},{"$i":"msg-reader-display-attachment","$v":"संलग्नताहरू"},{"$i":"msg-reader-download-external-images","$v":["बाह्य छविहरू (",{"t":"idOrVar","v":"n"}," एम.बी) डाउनलोड गर्नुहोस्"]},{"$i":"msg-reader-sender-header","$v":"प्रेषक"},{"$i":"msg-reader-recipients-header","$v":"प्रापकहरू"},{"$i":"msg-reader-cc-header","$v":"CC"},{"$i":"msg-reader-bcc-header","$v":"BCC"},{"$i":"msg-reader-message-flagged","$v":"सन्देशमा झण्डा अङ्कित गरियो"},{"$i":"msg-reader-flag-removed","$v":"झण्डा हटाइयो"},{"$i":"external-image-downloading","$v":"डाउनलोडहुँदै..."},{"$i":"senders-separation-sign","$v":",%"},{"$i":"new-messages","$v":{"few":[{"t":"idOrVar","v":"n"},"नयाँ सन्देशहरू"],"many":[{"t":"idOrVar","v":"n"},"नयाँ सन्देशहरू"],"one":"1नयाँसन्देश","other":[{"t":"idOrVar","v":"n"},"नयाँ सन्देशहरू"],"two":[{"t":"idOrVar","v":"n"},"नयाँ सन्देशहरू"]},"$x":[{"t":"idOrVar","v":"plural"},"n"]},{"$i":"new-emails-notify-one-account","$v":{"few":[{"t":"idOrVar","v":"n"},"नयाँइमेल"],"many":[{"t":"idOrVar","v":"n"},"नयाँइमेल"],"one":"1नयाँइमेल","other":[{"t":"idOrVar","v":"n"},"नयाँइमेल"],"two":[{"t":"idOrVar","v":"n"},"नयाँइमेल"]},"$x":[{"t":"idOrVar","v":"plural"},"n"]},{"$i":"new-emails-notify-multiple-accounts","$v":{"few":[{"t":"idOrVar","v":"n"},"नयाँइमेल(",{"t":"idOrVar","v":"accountName"},")"],"many":[{"t":"idOrVar","v":"n"},"नयाँइमेल(",{"t":"idOrVar","v":"accountName"},")"],"one":["1नयाँइमेल(",{"t":"idOrVar","v":"accountName"},")"],"other":[{"t":"idOrVar","v":"n"},"नयाँइमेल(",{"t":"idOrVar","v":"accountName"},")"],"two":[{"t":"idOrVar","v":"n"},"नयाँइमेल(",{"t":"idOrVar","v":"accountName"},")"]},"$x":[{"t":"idOrVar","v":"plural"},"n"]},{"$i":"new-emails-notify-multiple-accounts-body","$v":[{"t":"idOrVar","v":"from"}," “",{"t":"idOrVar","v":"subject"},"”"]},{"$i":"tng-plain-socket-warning-title","$v":"तपाईं सुनिश्चित हुनुहुन्छ?"},{"$i":"tng-plain-socket-warning-message","$v":"अन्य मानिसहरू तपाईंको पासवर्ड र इमेलहरू हेर्न र तपाईंको खाता नियन्त्रण गर्न सक्षम हुन सक्छन्।"},{"$i":"tng-plain-socket-warning-message-options","$v":"धेरै नि:शुल्क इमेल प्रदायकहरू छन् जसले थप सुरक्षित, इन्क्रिप्ट गरिएका जडानहरू प्रस्ताव गर्छन्।"},{"$i":"tng-plain-socket-warning-ok","$v":"म बुझ्दछु कि"},{"$i":"message-reader-date-received","ariaLabel":"प्राप्त गरिएको"},{"$i":"sort-by-title","$v":"यसद्वारा क्रमवद्घ गर्नुहोस्"},{"$i":"sort-by-date","$v":"मिति"},{"$i":"sort-by-from","$v":"प्रेषक"},{"$i":"sort-by-to","$v":"सम्म"},{"$i":"sort-by-subject","$v":"विषय"},{"$i":"softkey-options","$v":"विकल्पहरू"},{"$i":"opt-compose","$v":"रचना गर्नुहोस"},{"$i":"opt-reply","$v":"जवाफ पठाउनुहोस्"},{"$i":"opt-reply-all","$v":"सबैलाई जवाफ दिनुहोस्"},{"$i":"opt-forward","$v":"फर्वार्ड गर्नुहोस्"},{"$i":"opt-mark-read","$v":"पढिएको रूपमा चिन्ह लगाउनुहोस्"},{"$i":"opt-mark-unread","$v":"नपढिएको रूपमा चिन्ह लगाउनुहोस्"},{"$i":"opt-add-flag","$v":"झण्डा थप्नुहोस्"},{"$i":"opt-remove-flag","$v":"फ्ल्याग हटाउनुहोस्"},{"$i":"opt-move-message","$v":"फोल्डरमा सार्नुहोस्"},{"$i":"opt-delete-message","$v":"मेट्नुहोस्"},{"$i":"opt-multi-select","$v":"विविध चयन गर्नुहोस्"},{"$i":"opt-search","$v":"खोज्नुहोस्"},{"$i":"opt-folders","$v":"फोल्डरहरू हेर्नुहोस्"},{"$i":"opt-sort","$v":"क्रमबद्धगर्नुहोस्"},{"$i":"opt-sync","$v":"समक्रमण गर्नुहोस्"},{"$i":"opt-account","$v":"खाता स्विच गर्नुहोस्"},{"$i":"opt-settings","$v":"सेटिङ्हरू"},{"$i":"opt-edit","$v":"सम्पादन गर्नुहोस्"},{"$i":"opt-cancel","$v":"रद्द गर्नुहोस्"},{"$i":"opt-save","$v":"सुरक्षित गर्नुहोस्"},{"$i":"opt-move","$v":"सार्नुहोस्"},{"$i":"opt-view","$v":"हेर्नुहोस्"},{"$i":"opt-empty-trash","$v":"ट्र्यास खाली गर्नुहोस्"},{"$i":"opt-call-number","$v":"कल गर्नुहोस्"},{"$i":"opt-compose-mail","$v":"रचना गर्नुहोस"},{"$i":"opt-open-url","$v":"खोल्नुहोस्"},{"$i":"select-option-on","$v":"खुला"},{"$i":"select-option-off","$v":"निष्क्रिय"},{"$i":"select-option-imap-smtp","$v":"IMAP+SMTP"},{"$i":"select-option-pop3-smtp","$v":"POP3+SMTP"},{"$i":"select-option-activesync","$v":"ActiveSync"},{"$i":"toaster-switch-account","$v":"इमेल खातालाई यसमा स्विच गरियो: "},{"$i":"toaster-sorted-by","$v":"सन्देशलाई निम्नानुसार क्रमबद्ध गरियो"},{"$i":"cmp-reply","$v":"जवाफ पठाउनुहोस्"},{"$i":"cmp-reply-all","$v":"सबैलाई जवाफ दिनुहोस्"},{"$i":"cmp-forward","$v":"सन्देशफर्वार्डगर्नुहोस्"},{"$i":"cmp-remove-attach","$v":"संलग्नक हटाइयो"},{"$i":"select","$v":"चयन गर्नुहोस्"},{"$i":"deselect","$v":"चयन हटाउनुहोस्"},{"$i":"cancel","$v":"रद्द गर्नुहोस्"},{"$i":"enter","$v":"प्रविष्टि गर्नुहोस्"},{"$i":"remove-attachment","$v":"संयोजन हटाउनुहोस्"},{"$i":"replace-attachment","$v":"संलग्न बदल्नुहोस्"},{"$i":"add-attachment","$v":"संलग्न थप्नुहोस्"},{"$i":"add-contact","$v":"सम्पर्क थप्नुहोस्"},{"$i":"add-cc","$v":"Ccजोड्नुहोस्"},{"$i":"remove-cc","$v":"Ccहटाउनुहोस्"},{"$i":"add-bcc","$v":"Bccजोड्नुहोस्"},{"$i":"remove-bcc","$v":"Bccहटाउनुहोस्"},{"$i":"attachment-download","$v":"डाउनलोड गर्नुहोस्"},{"$i":"attachment-share","$v":"साझेदारी"},{"$i":"send-new-mail","$v":"नयाँ मेल पठाउनुहोस्"},{"$i":"view-contact","$v":"सम्पर्क हेर्नुहोस्"},{"$i":"save-new-contact","$v":"नयाँसम्पर्कसिर्जनागर्नुहोस्"},{"$i":"add-to-exsiting-contact","$v":"विद्यमान सम्पर्कमा थप्नुहोस्"},{"$i":"no","$v":"होइन"},{"$i":"yes","$v":"हो"},{"$i":"retry","$v":"पुनःप्रयास गर्नुहोस्"},{"$i":"empty","$v":"खाली"},{"$i":"empty-trash-confirm","$v":"तपाईंले ट्र्यासलाई खाली गर्न चाहनुहुन्छ?"},{"$i":"trash-emptied","$v":"ट्र्यास खाली गरियो"},{"$i":"next","$v":"अर्को"},{"$i":"welcome-header","$v":"इमेल"},{"$i":"welcome-msg","$v":"इमेलमा स्वागत छ।"},{"$i":"welcome-msg-setup","$v":"आफ्नो इमेल खाता सेट अप गर्न अर्को थिच्नुहोस्।"},{"$i":"discard","$v":"त्याग्नुहोस्"},{"$i":"leave-this-page-warning-message","$v":"तपाईंले इमेल खाता जानकारी त्याग्न चाहनुहुन्छ?"},{"$i":"finish","$v":"समाप्त गर्नुहोस्"},{"$i":"setup-done-msg","$v":"तपाईंले सफलतापूर्वक साइन इन गर्नुभएको छ। तपाईंले अर्को खाता थप्न चाहनुहुन्छ?"},{"$i":"save-as-draft","$v":"मस्यौदाको रूपमा बचत गर्नुहोस्"},{"$i":"show-password","$v":"पासवर्ड देखाउनु"},{"$i":"account-label","$v":"खाता लेबुल"},{"$i":"folders","$v":"फोल्डर"},{"$i":"security","$v":"सुरक्षा"},{"$i":"port-number","$v":"पोर्टनम्बर"},{"$i":"domain-username","$v":"डोमेन\\प्रयोगकर्तानाम"},{"$i":"synchronizing","$v":"समक्रमण गर्दै..."},{"$i":"browse-mail","$v":"मेल ब्राउज गर्नुहोस्"},{"$i":"never-sync","$v":"Local drafts are not synced to server."},{"$i":"emptyDownloadFile","$v":"यो फाइल डाउनलोड गर्न असक्षम भयो, यो खाली हुन सक्छ"},{"$i":"sync","$v":"सिंक गर्नुहोस्"},{"$i":"outbox-unsent-label","$v":{"few":["आउटबक्समा ",{"t":"idOrVar","v":"n"}," वटा नपठाइएका सन्देश"],"many":["आउटबक्समा ",{"t":"idOrVar","v":"n"}," वटा नपठाइएका सन्देश"],"one":"आउटबक्समा 1 नपठाइएको सन्देश","other":["आउटबक्समा ",{"t":"idOrVar","v":"n"}," वटा नपठाइएका सन्देश"],"two":"आउटबक्समा 2 वटा नपठाइएका सन्देश"},"$x":[{"t":"idOrVar","v":"plural"},"n"]},{"$i":"storage-full-title","$v":"भण्‍डारण पूर्ण भयो"},{"$i":"storage-full-warning","$v":"तपाईंले थप खाली स्थान प्राप्त गर्न केही मिडिया फाइलहरु वा व्यवस्थापन एप्लिकेसन डेटा हटाउन सक्नुहुन्छ।"},{"$i":"storage-full","$v":"फोन भण्डारण भरिएको छ।"},{"$i":"storage-sdcard-full","$v":"SDकार्डभरिछ"},{"$i":"view-address","$v":"ठेगाना हेर्नुहोस्"},{"$i":"mail-address-title","$v":"पत्राचार ठेगाना"},{"$i":"mail-address","$v":[{"t":"idOrVar","v":"address"}]},{"$i":"value-name","$v":[{"t":"idOrVar","v":"name"}]},{"$i":"account-deleted","$v":"खाता मेटाइयो।"},{"$i":"account-reEnable","$v":"खाता पहिले नै विद्यमान छ। खाता इमेल समक्रमण गर्ने?"},{"$i":"setup-account-usedInfo","$v":"यो खाता तलका एपहरूद्वारा प्रयोग गरिनेछ। तपाईंले यसलाई सेटिङहरू>खातामा परिवर्तन गर्न सक्नुहुन्छ।"},{"$i":"setup-account-settingsInfo","$v":"प्रत्येक एपका भिन्न पूर्वनिर्धारित समक्रमण अन्तरालहरू हुन्छन्, कृपया एप सेटिङहरूमा हेर्नुहोस्।"},{"$i":"app-calendar","$v":"पात्रो"},{"$i":"app-contacts","$v":"सम्पर्कहरू"},{"$i":"app-email","$v":"इमेल"},{"$i":"weekday-0-long","$v":"आइतबार"},{"$i":"weekday-1-long","$v":"सोमबार"},{"$i":"weekday-2-long","$v":"मङ्गलबार"},{"$i":"weekday-3-long","$v":"बुधबार"},{"$i":"weekday-4-long","$v":"बिहिबार"},{"$i":"weekday-5-long","$v":"शुक्रबार"},{"$i":"weekday-6-long","$v":"शनिबार"},{"$i":"weekday-0-short","$v":"सूर्य"},{"$i":"weekday-1-short","$v":"सोमबार"},{"$i":"weekday-2-short","$v":"मङ्गलबार"},{"$i":"weekday-3-short","$v":"बुधबार"},{"$i":"weekday-4-short","$v":"बिहीबार"},{"$i":"weekday-5-short","$v":"शुक्रबार"},{"$i":"weekday-6-short","$v":"शनिबार"},{"$i":"month-0-long","$v":"जनवरी"},{"$i":"month-1-long","$v":"फेब्रुअरी"},{"$i":"month-2-long","$v":"मार्च"},{"$i":"month-3-long","$v":"अप्रिल"},{"$i":"month-4-long","$v":"मे"},{"$i":"month-5-long","$v":"जुन"},{"$i":"month-6-long","$v":"जुलाइ"},{"$i":"month-7-long","$v":"अगस्ट"},{"$i":"month-8-long","$v":"सेप्टेम्बर"},{"$i":"month-9-long","$v":"अक्टुबर"},{"$i":"month-10-long","$v":"नोभेम्बर"},{"$i":"month-11-long","$v":"डिसेम्बर"},{"$i":"month-0-genitive","$v":"जनवरी"},{"$i":"month-1-genitive","$v":"फेब्रुअरी"},{"$i":"month-2-genitive","$v":"मार्च"},{"$i":"month-3-genitive","$v":"अप्रिल"},{"$i":"month-4-genitive","$v":"मे"},{"$i":"month-5-genitive","$v":"जुन"},{"$i":"month-6-genitive","$v":"जुलाइ"},{"$i":"month-7-genitive","$v":"अगस्ट"},{"$i":"month-8-genitive","$v":"सेप्टेम्बर"},{"$i":"month-9-genitive","$v":"अक्टुबर"},{"$i":"month-10-genitive","$v":"नोभेम्बर"},{"$i":"month-11-genitive","$v":"डिसेम्बर"},{"$i":"month-0-short","$v":"जनवरी"},{"$i":"month-1-short","$v":"फेब्रुअरी"},{"$i":"month-2-short","$v":"मार्च"},{"$i":"month-3-short","$v":"अप्रिल"},{"$i":"month-4-short","$v":"मे"},{"$i":"month-5-short","$v":"जुन"},{"$i":"month-6-short","$v":"जुलाई"},{"$i":"month-7-short","$v":"अगस्ट"},{"$i":"month-8-short","$v":"सेप्टेम्बर"},{"$i":"month-9-short","$v":"अक्टोबर"},{"$i":"month-10-short","$v":"नोभेम्बर"},{"$i":"month-11-short","$v":"डिसेम्बर"},{"$i":"minutes-ago-long","$v":{"few":[{"t":"idOrVar","v":"value"}," मिनेट पहिला"],"many":[{"t":"idOrVar","v":"value"}," मिनेट पहिला"],"one":"एक मिनेट अघि","other":[{"t":"idOrVar","v":"value"}," मिनेट पहिला"],"two":[{"t":"idOrVar","v":"value"}," मिनेट पहिला"],"zero":"अहिले भर्खर"},"$x":[{"t":"idOrVar","v":"plural"},"value"]},{"$i":"hours-ago-long","$v":{"few":[{"t":"idOrVar","v":"value"}," घण्टा पहिला"],"many":[{"t":"idOrVar","v":"value"}," घण्टा पहिला"],"one":"एक घण्टा अघि","other":[{"t":"idOrVar","v":"value"}," घण्टा पहिला"],"two":[{"t":"idOrVar","v":"value"}," घण्टा पहिला"],"zero":"अहिले भर्खर"},"$x":[{"t":"idOrVar","v":"plural"},"value"]},{"$i":"days-ago-long","$v":{"few":[{"t":"idOrVar","v":"value"}," दिन पहिला"],"many":[{"t":"idOrVar","v":"value"}," दिन पहिला"],"one":"हिजो","other":[{"t":"idOrVar","v":"value"}," दिन पहिला"],"two":[{"t":"idOrVar","v":"value"}," दिन पहिला"],"zero":"आज"},"$x":[{"t":"idOrVar","v":"plural"},"value"]},{"$i":"weeks-ago-long","$v":{"few":[{"t":"idOrVar","v":"value"}," हप्ता पहिला"],"many":[{"t":"idOrVar","v":"value"}," हप्ता पहिला"],"one":"गत हप्ता","other":[{"t":"idOrVar","v":"value"}," हप्ता पहिला"],"two":[{"t":"idOrVar","v":"value"}," हप्ता पहिला"],"zero":"यो हप्ता"},"$x":[{"t":"idOrVar","v":"plural"},"value"]},{"$i":"months-ago-long","$v":{"few":[{"t":"idOrVar","v":"value"}," महिना पहिला"],"many":[{"t":"idOrVar","v":"value"}," महिना पहिला"],"one":"गत महिना","other":[{"t":"idOrVar","v":"value"}," महिना पहिला"],"two":[{"t":"idOrVar","v":"value"}," महिना पहिला"],"zero":"यो महिना"},"$x":[{"t":"idOrVar","v":"plural"},"value"]},{"$i":"years-ago-long","$v":{"few":[{"t":"idOrVar","v":"value"}," वर्ष पहिला"],"many":[{"t":"idOrVar","v":"value"}," वर्ष पहिला"],"one":"गएको वर्ष","other":[{"t":"idOrVar","v":"value"}," वर्ष पहिला"],"two":[{"t":"idOrVar","v":"value"}," वर्ष पहिला"],"zero":"यो वर्ष"},"$x":[{"t":"idOrVar","v":"plural"},"value"]},{"$i":"minutes-until-long","$v":{"few":[{"t":"idOrVar","v":"value"}," मिनेटमा"],"many":[{"t":"idOrVar","v":"value"}," मिनेटमा"],"one":"एक मिनेटमा","other":[{"t":"idOrVar","v":"value"}," मिनेटमा"],"two":[{"t":"idOrVar","v":"value"}," मिनेटमा"],"zero":"अहिले"},"$x":[{"t":"idOrVar","v":"plural"},"value"]},{"$i":"hours-until-long","$v":{"few":[{"t":"idOrVar","v":"value"}," घण्टामा"],"many":[{"t":"idOrVar","v":"value"}," घण्टामा"],"one":"एक घण्टामा","other":[{"t":"idOrVar","v":"value"}," घण्टामा"],"two":[{"t":"idOrVar","v":"value"}," घण्टामा"],"zero":"अहिले"},"$x":[{"t":"idOrVar","v":"plural"},"value"]},{"$i":"days-until-long","$v":{"few":[{"t":"idOrVar","v":"value"}," दिनमा"],"many":[{"t":"idOrVar","v":"value"}," दिनमा"],"one":"भोली","other":[{"t":"idOrVar","v":"value"}," दिनमा"],"two":[{"t":"idOrVar","v":"value"}," दिनमा"],"zero":"आज"},"$x":[{"t":"idOrVar","v":"plural"},"value"]},{"$i":"weeks-until-long","$v":{"few":[{"t":"idOrVar","v":"value"}," हप्तामा"],"many":[{"t":"idOrVar","v":"value"}," हप्तामा"],"one":"अर्को हप्ता","other":[{"t":"idOrVar","v":"value"}," हप्तामा"],"two":[{"t":"idOrVar","v":"value"}," हप्तामा"],"zero":"यो हप्ता"},"$x":[{"t":"idOrVar","v":"plural"},"value"]},{"$i":"months-until-long","$v":{"few":[{"t":"idOrVar","v":"value"}," महिनामा"],"many":[{"t":"idOrVar","v":"value"}," महिनामा"],"one":"अर्को महिना","other":[{"t":"idOrVar","v":"value"}," महिनामा"],"two":[{"t":"idOrVar","v":"value"}," महिनामा"],"zero":"यो महिना"},"$x":[{"t":"idOrVar","v":"plural"},"value"]},{"$i":"years-until-long","$v":{"few":[{"t":"idOrVar","v":"value"}," वर्षमा"],"many":[{"t":"idOrVar","v":"value"}," वर्षमा"],"one":"अर्को वर्ष","other":[{"t":"idOrVar","v":"value"}," वर्षमा"],"two":[{"t":"idOrVar","v":"value"}," वर्षमा"],"zero":"यो वर्ष"},"$x":[{"t":"idOrVar","v":"plural"},"value"]},{"$i":"minutes-ago-short","$v":{"other":[{"t":"idOrVar","v":"value"}," मिनेट पहिला"],"zero":"अहिले भर्खर"},"$x":[{"t":"idOrVar","v":"plural"},"value"]},{"$i":"hours-ago-short","$v":{"other":[{"t":"idOrVar","v":"value"},"घण्टा पहिला"],"zero":"अहिले भर्खर"},"$x":[{"t":"idOrVar","v":"plural"},"value"]},{"$i":"days-ago-short","$v":{"other":[{"t":"idOrVar","v":"value"},"दिन पहिला"],"zero":"आज"},"$x":[{"t":"idOrVar","v":"plural"},"value"]},{"$i":"minutes-until-short","$v":{"other":[{"t":"idOrVar","v":"value"}," मिनेटमा"],"zero":"अहिले"},"$x":[{"t":"idOrVar","v":"plural"},"value"]},{"$i":"hours-until-short","$v":{"other":[{"t":"idOrVar","v":"value"}," घण्टामा"],"zero":"अहिले"},"$x":[{"t":"idOrVar","v":"plural"},"value"]},{"$i":"days-until-short","$v":{"other":[{"t":"idOrVar","v":"value"}," दिनमा"],"zero":"आज"},"$x":[{"t":"idOrVar","v":"plural"},"value"]},{"$i":"incorrectDate","$v":"(गलत मिति)"},{"$i":"dateTimeFormat_%c","$v":"%a %b %e %Y %I:%M:%S %p"},{"$i":"dateTimeFormat_%x","$v":"%m/%d/%Y"},{"$i":"dateTimeFormat_%X","$v":"%I:%M:%S %p"},{"$i":"shortTimeFormat","$v":"%I:%M %p"},{"$i":"shortTimeFormat12","$v":"%I:%M %p"},{"$i":"shortTimeFormat24","$v":"%H:%M"},{"$i":"shortDateTimeFormat","$v":"%x %I:%M %p"},{"$i":"weekStartsOnMonday","$v":"0.0"},{"$i":"firstDayOfTheWeek","$v":"0.0"},{"$i":"time_am","$v":"AM"},{"$i":"time_pm","$v":"PM"}]