[{"$i":"setup-app-name-header","$v":"Email"},{"$i":"setup-empty-account-message","$v":"Você não está configurado para enviar ou receber emails. Configure uma conta para concluir a ação."},{"$i":"setup-pick-service","$v":"Para enviar e receber emails, você precisará configurar uma conta."},{"$i":"setup-account-header3","$v":"Login de conta"},{"$i":"setup-account-password","$v":"Senha"},{"$i":"setup-info-next","$v":"Próximo"},{"$i":"setup-progress-wait-msg","$v":"Configurando conta"},{"$i":"setup-sync-progress-wait-msg","$v":"Sincronizar conta"},{"$i":"setup-completed-header","$v":"Parabéns!"},{"$i":"setup-completed-label","$v":"Tudo pronto!"},{"$i":"setup-add-another-account","$v":"Adicionar outra conta"},{"$i":"setup-show-mail","$v":"Continuar para email"},{"$i":"setup-done-add","$v":"Adicionar conta"},{"$i":"setup-error-offline","$v":"Este dispositivo está off-line no momento. Conecte-se a uma rede e tente novamente."},{"$i":"setup-error-bad-user-or-pass2","$v":"Senha ou nome de usuário inválido. Verifique se há erros de digitação."},{"$i":"setup-error-bad-address","$v":"Endereço de email inválido. Verificar se há erros de digitação."},{"$i":"setup-error-not-authorized","$v":"O servidor disse que você não está autorizado a criar uma conta"},{"$i":"setup-error-pop-server-not-great","$v":"Servidor incompatível. O servidor POP3 não implementa os recursos necessários."},{"$i":"setup-error-unknown2","$v":"Ocorreu um erro desconhecido. Verifique sua conexão de rede ou tente a opção de configuração manual."},{"$i":"setup-error-needs-app-pass","$v":"Você deve usar uma senha específica de aplicativo para contas de duplo fator do Gmail"},{"$i":"setup-error-imap-disabled","$v":"Você deve ativar o IMAP para a sua conta do Gmail"},{"$i":"setup-error-pop3-disabled","$v":"Você deve ativar o POP3 para a sua conta do Gmail"},{"$i":"setup-error-bad-security","$v":["Não é possível estabelecer uma conexão segura com \"",{"t":"idOrVar","v":"server"},"\". Pode haver um problema com a rede ou o servidor."]},{"$i":"setup-error-unresponsive-server","$v":["Não é possível estabelecer uma conexão com \"",{"t":"idOrVar","v":"server"},"\". Pode haver um problema com a rede."]},{"$i":"setup-error-server-problem","$v":["Há um problema com o servidor \"",{"t":"idOrVar","v":"server"},"\". Tente novamente mais tarde."]},{"$i":"setup-error-no-config-info","$v":"Não é possível configurar automaticamente sua conta. Corrija seu endereço de email ou tente a opção de configuração manual."},{"$i":"setup-error-server-maintenance","$v":["O servidor \"",{"t":"idOrVar","v":"server"},"\" está off-line para manutenção. Tente novamente mais tarde."]},{"$i":"setup-error-account-already-exists","$v":"Esta conta já está configurada."},{"$i":"setup-manual-config2","$v":"Avançado"},{"$i":"setup-manual-config-header","$v":"Login de conta"},{"$i":"setup-manual-account-type-header","$v":"Tipo de conta"},{"$i":"setup-manual-account-type","$v":"Tipo de conta"},{"$i":"setup-manual-account-type-select","ariaLabel":"Tipo de conta"},{"$i":"setup-manual-imap-header","$v":"Configurações de IMAP"},{"$i":"setup-manual-pop3-header","$v":"Configurações de POP3"},{"$i":"setup-manual-smtp-header","$v":"Configurações de SMTP"},{"$i":"setup-manual-activesync-header","$v":"Configurações do ActiveSync"},{"$i":"setup-manual-next","$v":"Próximo"},{"$i":"setup-manual-socket","$v":"Tipo de soquete"},{"$i":"setup-manual-socket-ssl","$v":"SSL"},{"$i":"setup-manual-socket-starttls","$v":"STARTTLS"},{"$i":"setup-manual-socket-select","ariaLabel":"Segurança da conexão"},{"$i":"setup-manual-socket-plain","$v":"Não criptografado"},{"$i":"setup-bad-password-header","$v":"Senha incorreta"},{"$i":"setup-bad-password","$v":"Não foi possível iniciar sessão no servidor. Tente novamente a senha."},{"$i":"setup-new-password","placeholder":"Nova senha"},{"$i":"setup-fix-password","$v":"Tentar novamente com a nova senha"},{"$i":"setup-gmail-twofactor-header","$v":"Conta de duplo fator ativada"},{"$i":"setup-gmail-twofactor-message","$v":"Você precisa digitar uma senha específica de aplicativo abaixo."},{"$i":"setup-gmail-imap-header","$v":"IMAP desativado"},{"$i":"setup-gmail-imap-message","$v":"Você deve ativar o IMAP em sua conta do Gmail"},{"$i":"setup-gmail-retry","$v":"Tentar novamente"},{"$i":"setup-gmail-pop3-header","$v":"POP3 desativado"},{"$i":"setup-gmail-pop3-message","$v":"Você deve ativar o POP3 em sua conta do Gmail"},{"$i":"setup-fix-oauth2-header","$v":"Voltar a autorizar email"},{"$i":"setup-fix-oauth2-description","$v":"O email precisa ser autorizado novamente a acessar a conta a seguir:"},{"$i":"setup-fix-oauth2-reauthorize","$v":"Voltar a autorizar"},{"$i":"settings-main-header","$v":"Configurações de email"},{"$i":"settings-sub-header-account","$v":"Conta"},{"$i":"settings-account-group","ariaLabel":"Conta"},{"$i":"settings-account-name","$v":"Seu nome"},{"$i":"settings-account-label","$v":"Rótulo da conta"},{"$i":"settings-account-display-notifications","$v":"Mostrar novas notificações de email"},{"$i":"settings-account-play-sound-onsend","$v":"Reproduzir som após a mensagem ser enviada"},{"$i":"settings-account-signature-label","$v":"Assinatura"},{"$i":"settings-sub-header-data","$v":"Dados"},{"$i":"settings-data-group","ariaLabel":"Dados"},{"$i":"settings-account-check-mail","$v":"Verificar se há novas mensagens"},{"$i":"settings-account-check-mail-select","ariaLabel":"Verificar se há novas mensagens"},{"$i":"settings-sub-header-server","$v":"Configurações do servidor"},{"$i":"settings-server-group","ariaLabel":"Configurações do servidor"},{"$i":"settings-account-userpass","$v":"Nome de usuário e senha"},{"$i":"settings-account-useroauth2","$v":"Nome de usuário"},{"$i":"settings-default-signature-2","$v":"Enviado do meu telefone"},{"$i":"settings-done","$v":"Concluído"},{"$i":"settings-account-section","$v":"Contas"},{"$i":"settings-account-listbox","ariaLabel":"Contas"},{"$i":"settings-account-add","$v":"Adicionar"},{"$i":"settings-account-delete","$v":"Excluir conta"},{"$i":"settings-account-delete-prompt","$v":["Tem certeza de que deseja excluir a sua conta de email ",{"t":"idOrVar","v":"account"},"?"]},{"$i":"settings-account-delete-desc","$v":"Você precisará baixar novamente seus emails se você recriar a conta."},{"$i":"settings-account-delete-cancel","$v":"Cancelar"},{"$i":"settings-account-delete-confirm","$v":"Excluir"},{"$i":"settings-account-clarify","$v":[{"t":"idOrVar","v":"account-name"}]},{"$i":"settings-account-clarify-imap","$v":[{"t":"idOrVar","v":"account-name"}," (IMAP)"]},{"$i":"settings-account-clarify-pop3","$v":[{"t":"idOrVar","v":"account-name"}," (POP3)"]},{"$i":"settings-account-clarify-smtp","$v":[{"t":"idOrVar","v":"account-name"}," (SMTP)"]},{"$i":"settings-general-section","$v":"Configurações gerais"},{"$i":"settings-show-images","$v":"Sempre mostrar imagens"},{"$i":"settings-download-attachments","$v":"Baixar anexos"},{"$i":"settings-check-every-5min","$v":"A cada 5 minutos"},{"$i":"settings-check-every-10min","$v":"A cada 10 minutos"},{"$i":"settings-check-every-15min","$v":"A cada 15 minutos"},{"$i":"settings-check-every-30min","$v":"A cada 30 minutos"},{"$i":"settings-check-every-60min","$v":"A cada hora"},{"$i":"settings-check-every-manual","$v":"Manualmente"},{"$i":"settings-check-dynamic","$v":{"few":[{"t":"idOrVar","v":"n"}," segundos"],"many":[{"t":"idOrVar","v":"n"}," segundos"],"one":[{"t":"idOrVar","v":"n"}," segundo"],"other":[{"t":"idOrVar","v":"n"}," segundos"],"two":[{"t":"idOrVar","v":"n"}," segundos"],"zero":"desativado"},"$x":[{"t":"idOrVar","v":"plural"},"n"]},{"$i":"settings-default-account","$v":"Definir como email padrão"},{"$i":"settings-account-type","$v":"Tipo de conta"},{"$i":"settings-account-credentials","$v":"Credenciais"},{"$i":"settings-activesync-label","$v":"Configurações do ActiveSync"},{"$i":"settings-imap-label","$v":"Configurações de IMAP"},{"$i":"settings-pop3-label","$v":"Configurações de POP3"},{"$i":"settings-smtp-label","$v":"Configurações de SMTP"},{"$i":"settings-hostname","$v":"Nome do host"},{"$i":"settings-port","$v":"Porta"},{"$i":"settings-username","$v":"Nome de usuário"},{"$i":"settings-password","$v":"Senha"},{"$i":"settings-save","$v":"Salvar"},{"$i":"password-saved","$v":"Senha salva."},{"$i":"settings-reauth","$v":"Voltar a autorizar"},{"$i":"settings-account-synchronize-window","$v":"Dias para sincronizar"},{"$i":"settings-account-synchronize-window-select","ariaLabel":"Dias para sincronizar"},{"$i":"settings-synchronize-auto","$v":"Automático"},{"$i":"settings-synchronize-one-day","$v":"1 dia"},{"$i":"settings-synchronize-three-days","$v":"3 dias"},{"$i":"settings-synchronize-one-week","$v":"1 semana"},{"$i":"settings-synchronize-two-weeks","$v":"2 semanas"},{"$i":"settings-synchronize-one-month","$v":"1 mês"},{"$i":"settings-synchronize-all","$v":"Todas as mensagens"},{"$i":"envelope-from","$v":"De"},{"$i":"envelope-to","$v":"Para"},{"$i":"envelope-cc","$v":"Cc"},{"$i":"envelope-bcc","$v":"Cco"},{"$i":"message-header-state-sending","ariaLabel":"Enviando"},{"$i":"message-header-state-error","ariaLabel":"Erro ao enviar"},{"$i":"message-header-unread","ariaLabel":"Não lida"},{"$i":"message-header-reply","ariaLabel":"Responder"},{"$i":"message-header-forward","ariaLabel":"Encaminhar"},{"$i":"message-header-starred","ariaLabel":"Tem estrela"},{"$i":"message-header-attachments","ariaLabel":"Tem anexos"},{"$i":"message-body-container","ariaLabel":"Corpo da mensagem"},{"$i":"message-body-container-progress","ariaValueText":"Carregando"},{"$i":"subject","ariaLabel":"Assunto"},{"$i":"attachments-container","ariaLabel":"Anexos"},{"$i":"from-group","ariaLabel":"De"},{"$i":"to-group","ariaLabel":"Para"},{"$i":"cc-group","ariaLabel":"CC"},{"$i":"bcc-group","ariaLabel":"CCO"},{"$i":"compose-header","$v":"Escrever mensagem"},{"$i":"compose-header-short","$v":"Escrever"},{"$i":"compose-send","$v":"Enviar"},{"$i":"compose-send-button","ariaLabel":"Enviar"},{"$i":"compose-to","$v":"Para"},{"$i":"compose-cc","$v":"Cc"},{"$i":"compose-bcc","$v":"Cco"},{"$i":"compose-cc-remove","$v":"Lista cc removida."},{"$i":"compose-bcc-remove","$v":"Lista bcc removida."},{"$i":"compose-contact-add","ariaLabel":"Adicionar contato"},{"$i":"compose-attachments","$v":{"few":["Anexos (",{"t":"idOrVar","v":"n"},")"],"many":["Anexos (",{"t":"idOrVar","v":"n"},")"],"one":["Anexo (",{"t":"idOrVar","v":"n"},")"],"other":["Anexos (",{"t":"idOrVar","v":"n"},")"],"two":["Anexos (",{"t":"idOrVar","v":"n"},")"],"zero":"Anexo"},"$x":[{"t":"idOrVar","v":"plural"},"n"]},{"$i":"compose-text","ariaLabel":"Editar"},{"$i":"compose-attachment-still-working","$v":"Um momento, ainda trabalhando no anexo anterior..."},{"$i":"compose-attachment-loading","$v":"Carregando anexo..."},{"$i":"compose-attachments-loading","$v":"Carregando anexos..."},{"$i":"compose-forward-attachment-error-title","$v":"Falha no download."},{"$i":"compose-forward-attachment-error-title2","$v":"Erro"},{"$i":"compose-forward-attachment-unable-load","$v":"Não é possível carregar anexo."},{"$i":"compose-forward-attachments-unable-load","$v":"Não é possível carregar anexos."},{"$i":"compose-forward-attachment-load-error","$v":"Não foi possível carregar alguns anexos."},{"$i":"confirmation-title","$v":"Confirmação"},{"$i":"compose-subject","$v":"Assunto"},{"$i":"compose-draft-save","$v":"Salvar em Rascunhos locais?"},{"$i":"compose-discard-confirm","$v":"Descartar"},{"$i":"compose-draft-dialog-cancel","$v":"Cancelar"},{"$i":"compose-draft-dialog-save","$v":"Salvar"},{"$i":"composer-draft-saved","$v":"Mensagem salva em Rascunhos locais"},{"$i":"attention","$v":"Atenção"},{"$i":"compose-send-message-failed","$v":"Falha ao enviar email"},{"$i":"compose-attchment-size-exceeded","$v":"O anexo selecionado é muito grande para ser enviado com esta mensagem."},{"$i":"compose-attchments-size-exceeded","$v":"Os anexos selecionados são muito grandes para serem enviados com esta mensagem. Tente selecionar menos arquivos."},{"$i":"composer-attachment-large-title","$v":"Arquivo muito grande"},{"$i":"default-attachment-filename","$v":["anexo ",{"t":"idOrVar","v":"n"}]},{"$i":"attachment-size-meb","$v":[{"t":"idOrVar","v":"megabytes"}," MB"]},{"$i":"attachment-size-kib","$v":[{"t":"idOrVar","v":"kilobytes"}," KB"]},{"$i":"attachment-size-byte","$v":[{"t":"idOrVar","v":"bytes"}," B"]},{"$i":"message-attachment-view","$v":"Exibir"},{"$i":"message-attachment-did-not-open-label","$v":"Impossível abrir"},{"$i":"message-attachment-did-not-open-body","$v":"O dispositivo não tem um aplicativo que possa abrir o anexo."},{"$i":"message-attachment-too-large","$v":"Este arquivo é grande demais para baixar."},{"$i":"message-attachment-not-found","$v":"Não foi possível localizar o arquivo de anexo, ele pode ter sido excluído."},{"$i":"message-attachment-download-fail","$v":["Falha no download - ",{"t":"idOrVar","v":"fileName"},"."]},{"$i":"message-no-subject","$v":"(sem título)"},{"$i":"message-edit-menu-edit","$v":"Editar"},{"$i":"message-edit-menu-delete","$v":"Excluir"},{"$i":"message-edit-delete-confirm","$v":"Excluir email selecionado?"},{"$i":"message-forward-attachment-title","$v":"Anexo"},{"$i":"message-forward-attachment","$v":"Encaminhar anexo também?"},{"$i":"message-forward-attachments","$v":"Encaminhar anexos também?"},{"$i":"message-multiedit-header","$v":{"few":[{"t":"idOrVar","v":"n"}," selecionado(s)"],"many":[{"t":"idOrVar","v":"n"}," selecionado(s)"],"one":[{"t":"idOrVar","v":"n"}," selecionado(s)"],"other":[{"t":"idOrVar","v":"n"}," selecionado(s)"],"two":[{"t":"idOrVar","v":"n"}," selecionado(s)"],"zero":[{"t":"idOrVar","v":"n"}," selecionado(s)"]},"$x":[{"t":"idOrVar","v":"plural"},"n"]},{"$i":"message-multiedit-search-header","$v":{"few":[{"t":"idOrVar","v":"n"}," selecionadas"],"many":[{"t":"idOrVar","v":"n"}," selecionadas"],"one":[{"t":"idOrVar","v":"n"}," selecionadas"],"other":[{"t":"idOrVar","v":"n"}," selecionadas"],"two":[{"t":"idOrVar","v":"n"}," selecionadas"],"zero":"0 selecionadas"},"$x":[{"t":"idOrVar","v":"plural"},"n"]},{"$i":"browse-to-url-prompt","$v":["Navegar para URL?: ",{"t":"idOrVar","v":"url"}]},{"$i":"message-download-images-tap","$v":{"few":["Este email contém ",{"t":"idOrVar","v":"n"}," imagens. Toque para baixar."],"many":["Este email contém ",{"t":"idOrVar","v":"n"}," imagens. Toque para baixar."],"one":"Este email contém uma imagem. Toque para baixar.","other":["Este email contém ",{"t":"idOrVar","v":"n"}," imagens. Toque para baixar."],"two":["Este email contém ",{"t":"idOrVar","v":"n"}," imagens. Toque para baixar."]},"$x":[{"t":"idOrVar","v":"plural"},"n"]},{"$i":"message-show-external-images","$v":"Mostrar imagens externas"},{"$i":"message-delete-cancel","$v":"Cancelar"},{"$i":"message-multiedit-delete-confirm","$v":{"few":["Excluir ",{"t":"idOrVar","v":"n"}," mensagens?"],"many":["Excluir ",{"t":"idOrVar","v":"n"}," mensagens?"],"one":"Excluir mensagem selecionada?","other":["Excluir ",{"t":"idOrVar","v":"n"}," mensagens?"],"two":["Excluir ",{"t":"idOrVar","v":"n"}," mensagens?"]},"$x":[{"t":"idOrVar","v":"plural"},"n"]},{"$i":"message-large-message-cancel","$v":"Cancelar"},{"$i":"message-large-message-ok","$v":"Continuar"},{"$i":"message-large-message-confirm","$v":"Esta mensagem é grande e pode levar algum tempo para baixar."},{"$i":"message-large-message-warning","$v":"A mensagem é grande demais para carregar."},{"$i":"message-search-header","$v":"Pesquisar"},{"$i":"search-result","$v":[{"t":"idOrVar","v":"num"}," correspondência(s) encontrada(s)"]},{"$i":"message-search-from","$v":"De"},{"$i":"message-search-to","$v":"Para"},{"$i":"message-search-subject","$v":"Assunto"},{"$i":"message-search-body","$v":"Corpo"},{"$i":"message-search-all","$v":"Tudo"},{"$i":"message-search-input","placeholder":"Pesquisar email"},{"$i":"message-search-cancel","$v":"Cancelar"},{"$i":"messages-syncing","$v":"Carregando mensagens"},{"$i":"messages-syncing-progressbar","ariaValueText":"Carregando mensagens"},{"$i":"messages-load-more","$v":"Carregar mais mensagens"},{"$i":"messages-folder-empty","$v":"Não há emails nesta pasta"},{"$i":"messages-search-empty","$v":"Nenhuma correspondência em mensagens armazenadas em cache localmente"},{"$i":"messages-folder-select","$v":"Mover para pasta"},{"$i":"messages-folder-unread-max","$v":"999+"},{"$i":"message-contact-menu-create","$v":"Salvar novo contato"},{"$i":"message-contact-menu-add-existing","$v":"Adicionar a contato existente"},{"$i":"message-contact-menu-view","$v":"Exibir contato"},{"$i":"message-contact-menu-reply","$v":"Responder"},{"$i":"message-contact-menu-new","$v":"Enviar novo email"},{"$i":"message-reply-menu-reply","$v":"Responder"},{"$i":"message-reply-menu-reply-all","$v":"Responder a todos"},{"$i":"message-reply-menu-forward","$v":"Encaminhar"},{"$i":"message-reply-menu-cancel","$v":"Cancelar"},{"$i":"reply-quoting-wrote","$v":"{name} escreveu"},{"$i":"forward-original-message","$v":"Mensagem original"},{"$i":"forward-header-subject","$v":"Assunto"},{"$i":"forward-header-date","$v":"Data"},{"$i":"forward-header-from","$v":"De"},{"$i":"forward-header-reply-to","$v":"Responder a"},{"$i":"forward-header-to","$v":"Para"},{"$i":"forward-header-cc","$v":"Cc"},{"$i":"folder-inbox","$v":"Caixa de entrada"},{"$i":"folder-sent","$v":"Enviado"},{"$i":"folder-drafts","$v":"Rascunhos"},{"$i":"folder-trash","$v":"Lixeira"},{"$i":"folder-queue","$v":"Não enviado"},{"$i":"folder-junk","$v":"Lixo"},{"$i":"folder-archives","$v":"Arquivos"},{"$i":"folder-localdrafts","$v":"Rascunhos locais"},{"$i":"folder-outbox","$v":"Caixa de saída"},{"$i":"drawer-back","$v":"Voltar"},{"$i":"drawer-accounts-header","$v":"Contas"},{"$i":"drawer-settings-link","$v":"Configurações"},{"$i":"folder-last-synced-label","$v":"Última sincronização:"},{"$i":"messages-refresh-progress","ariaValueText":"Atualizando"},{"$i":"no-internet-connection","$v":"Sem conexão com a Internet."},{"$i":"toaster-undo","$v":"Desfazer"},{"$i":"toaster-message-star","$v":{"few":[{"t":"idOrVar","v":"n"}," mensagens sinalizadas"],"many":[{"t":"idOrVar","v":"n"}," mensagens sinalizadas"],"one":"Mensagem sinalizada","other":[{"t":"idOrVar","v":"n"}," mensagens sinalizadas"],"two":[{"t":"idOrVar","v":"n"}," mensagens sinalizadas"]},"$x":[{"t":"idOrVar","v":"plural"},"n"]},{"$i":"toaster-message-unstar","$v":{"few":[{"t":"idOrVar","v":"n"}," sinalizadores de mensagem removidos"],"many":[{"t":"idOrVar","v":"n"}," sinalizadores de mensagem removidos"],"one":"Sinalizador de mensagem removido","other":[{"t":"idOrVar","v":"n"}," sinalizadores de mensagem removidos"],"two":[{"t":"idOrVar","v":"n"}," sinalizadores de mensagem removidos"]},"$x":[{"t":"idOrVar","v":"plural"},"n"]},{"$i":"toaster-message-read","$v":{"few":[{"t":"idOrVar","v":"n"}," mensagens marcadas como lidas"],"many":[{"t":"idOrVar","v":"n"}," mensagens marcadas como lidas"],"one":"Mensagem marcada como lida","other":[{"t":"idOrVar","v":"n"}," mensagens marcadas como lidas"],"two":[{"t":"idOrVar","v":"n"}," mensagens marcadas como lidas"]},"$x":[{"t":"idOrVar","v":"plural"},"n"]},{"$i":"toaster-message-unread","$v":{"few":[{"t":"idOrVar","v":"n"}," mensagens marcadas como não lidas"],"many":[{"t":"idOrVar","v":"n"}," mensagens marcadas como não lidas"],"one":"Mensagem marcada como não lida","other":[{"t":"idOrVar","v":"n"}," mensagens marcadas como não lidas"],"two":[{"t":"idOrVar","v":"n"}," mensagens marcadas como não lidas"]},"$x":[{"t":"idOrVar","v":"plural"},"n"]},{"$i":"toaster-message-move","$v":{"few":[{"t":"idOrVar","v":"n"}," mensagens movidas para a pasta:"],"many":[{"t":"idOrVar","v":"n"}," mensagens movidas para a pasta:"],"one":"Mensagem movida para a pasta:","other":[{"t":"idOrVar","v":"n"}," mensagens movidas para a pasta:"],"two":[{"t":"idOrVar","v":"n"}," mensagens movidas para a pasta:"]},"$x":[{"t":"idOrVar","v":"plural"},"n"]},{"$i":"toaster-message-delete","$v":{"few":[{"t":"idOrVar","v":"n"}," emails excluídos"],"many":[{"t":"idOrVar","v":"n"}," emails excluídos"],"one":"1 email excluído","other":[{"t":"idOrVar","v":"n"}," emails excluídos"],"two":[{"t":"idOrVar","v":"n"}," emails excluídos"]},"$x":[{"t":"idOrVar","v":"plural"},"n"]},{"$i":"toaster-sync-failed","$v":"Não é possível conectar ao servidor."},{"$i":"compose-invalid-addresses-title","$v":"Endereços inválidos"},{"$i":"compose-invalid-addresses-description","$v":"Sua mensagem contém um ou mais endereços de email inválidos. Corrija-os antes de enviar."},{"$i":"background-send-pending","$v":"Rede indisponível. Email salvo na caixa de saída."},{"$i":"background-send-sending","$v":"Enviando email…"},{"$i":"background-send-success","$v":"Email enviado."},{"$i":"background-send-error","$v":"Ocorreu um erro. Email salvo na caixa de saída."},{"$i":"background-send-error-recipients","$v":"Erro de destinatário. Email salvo na caixa de saída."},{"$i":"background-send-error-title","$v":"Falha ao enviar email"},{"$i":"send-failure-recipients","$v":"Verifique a ortografia dos endereços acima. O servidor de email indicado em um ou mais dos endereços acima está incorreto."},{"$i":"send-failure-unknown","$v":"Não foi possível enviar a mensagem."},{"$i":"form-clear-input","$v":"Remover texto"},{"$i":"confirm-dialog-title","$v":"Confirmação"},{"$i":"confirm-dialog-ok","$v":"OK"},{"$i":"msg-display-subject","$v":"Assunto"},{"$i":"msg-reader-display-attachments","$v":"Anexos"},{"$i":"msg-reader-display-attachment","$v":"Anexo"},{"$i":"msg-reader-download-external-images","$v":["Baixar imagens externas (",{"t":"idOrVar","v":"n"}," MB)"]},{"$i":"msg-reader-sender-header","$v":"De"},{"$i":"msg-reader-recipients-header","$v":"Destinatários"},{"$i":"msg-reader-cc-header","$v":"Cc"},{"$i":"msg-reader-bcc-header","$v":"Cco"},{"$i":"msg-reader-message-flagged","$v":"Mensagem sinalizada"},{"$i":"msg-reader-flag-removed","$v":"Sinalizador removido"},{"$i":"external-image-downloading","$v":"Baixando..."},{"$i":"senders-separation-sign","$v":", "},{"$i":"new-messages","$v":{"few":[{"t":"idOrVar","v":"n"}," novas mensagens"],"many":[{"t":"idOrVar","v":"n"}," novas mensagens"],"one":"1 nova mensagem","other":[{"t":"idOrVar","v":"n"}," novas mensagens"],"two":[{"t":"idOrVar","v":"n"}," novas mensagens"]},"$x":[{"t":"idOrVar","v":"plural"},"n"]},{"$i":"new-emails-notify-one-account","$v":{"few":[{"t":"idOrVar","v":"n"}," novos emails"],"many":[{"t":"idOrVar","v":"n"}," novos emails"],"one":"1 novo email","other":[{"t":"idOrVar","v":"n"}," novos emails"],"two":[{"t":"idOrVar","v":"n"}," novos emails"]},"$x":[{"t":"idOrVar","v":"plural"},"n"]},{"$i":"new-emails-notify-multiple-accounts","$v":{"few":[{"t":"idOrVar","v":"n"}," novos emails (",{"t":"idOrVar","v":"accountName"},")"],"many":[{"t":"idOrVar","v":"n"}," novos emails (",{"t":"idOrVar","v":"accountName"},")"],"one":["1 novo email (",{"t":"idOrVar","v":"accountName"},")"],"other":[{"t":"idOrVar","v":"n"}," novos emails (",{"t":"idOrVar","v":"accountName"},")"],"two":[{"t":"idOrVar","v":"n"}," novos emails (",{"t":"idOrVar","v":"accountName"},")"]},"$x":[{"t":"idOrVar","v":"plural"},"n"]},{"$i":"new-emails-notify-multiple-accounts-body","$v":[{"t":"idOrVar","v":"from"}," “",{"t":"idOrVar","v":"subject"},"”"]},{"$i":"tng-plain-socket-warning-title","$v":"Tem certeza?"},{"$i":"tng-plain-socket-warning-message","$v":"Outras pessoas podem ser capazes de ver as senhas e os emails ou controlar a sua conta."},{"$i":"tng-plain-socket-warning-message-options","$v":"Há vários provedores de email gratuitos que oferecem conexões mais seguras e criptografadas."},{"$i":"tng-plain-socket-warning-ok","$v":"Eu entendo"},{"$i":"message-reader-date-received","ariaLabel":"Recebidas"},{"$i":"sort-by-title","$v":"Classificar por"},{"$i":"sort-by-date","$v":"Data"},{"$i":"sort-by-from","$v":"De"},{"$i":"sort-by-to","$v":"Para"},{"$i":"sort-by-subject","$v":"Assunto"},{"$i":"softkey-options","$v":"Opções"},{"$i":"opt-compose","$v":"Escrever"},{"$i":"opt-reply","$v":"Responder"},{"$i":"opt-reply-all","$v":"Responder a todos"},{"$i":"opt-forward","$v":"Encaminhar"},{"$i":"opt-mark-read","$v":"Marcar como lido"},{"$i":"opt-mark-unread","$v":"Marcar como não lido"},{"$i":"opt-add-flag","$v":"Adicionar sinalizador"},{"$i":"opt-remove-flag","$v":"Remover sinalizador"},{"$i":"opt-move-message","$v":"Mover para pasta"},{"$i":"opt-delete-message","$v":"Excluir"},{"$i":"opt-multi-select","$v":"Selecionar múltiplos"},{"$i":"opt-search","$v":"Pesquisar"},{"$i":"opt-folders","$v":"Exibir pastas"},{"$i":"opt-sort","$v":"Classificar"},{"$i":"opt-sync","$v":"Sincronizar"},{"$i":"opt-account","$v":"Trocar de conta"},{"$i":"opt-settings","$v":"Configurações"},{"$i":"opt-edit","$v":"Editar"},{"$i":"opt-cancel","$v":"Cancelar"},{"$i":"opt-save","$v":"Salvar"},{"$i":"opt-move","$v":"Mover"},{"$i":"opt-view","$v":"Exibir"},{"$i":"opt-empty-trash","$v":"Esvaziar lixeira"},{"$i":"opt-call-number","$v":"Chamada"},{"$i":"opt-compose-mail","$v":"Escrever"},{"$i":"opt-open-url","$v":"Abrir"},{"$i":"select-option-on","$v":"Ativado"},{"$i":"select-option-off","$v":"Desativado"},{"$i":"select-option-imap-smtp","$v":"IMAP+SMTP"},{"$i":"select-option-pop3-smtp","$v":"POP3+SMTP"},{"$i":"select-option-activesync","$v":"ActiveSync"},{"$i":"toaster-switch-account","$v":"Conta de email alternada para: "},{"$i":"toaster-sorted-by","$v":"Emails ordenados por"},{"$i":"cmp-reply","$v":"Responder"},{"$i":"cmp-reply-all","$v":"Responder a todos"},{"$i":"cmp-forward","$v":"Encaminhar mensagem"},{"$i":"cmp-remove-attach","$v":"Anexo removido"},{"$i":"select","$v":"Selecionar"},{"$i":"deselect","$v":"Desmarcar"},{"$i":"cancel","$v":"Cancelar"},{"$i":"enter","$v":"Entrar"},{"$i":"remove-attachment","$v":"Remover anexo"},{"$i":"replace-attachment","$v":"Substituir anexo"},{"$i":"add-attachment","$v":"Adicionar anexo"},{"$i":"add-contact","$v":"Adicionar contato"},{"$i":"add-cc","$v":"Adicionar Cc"},{"$i":"remove-cc","$v":"Remover Cc"},{"$i":"add-bcc","$v":"Adicionar Cco"},{"$i":"remove-bcc","$v":"Remover Cco"},{"$i":"attachment-download","$v":"Download"},{"$i":"attachment-share","$v":"Compartilhar"},{"$i":"send-new-mail","$v":"Enviar novo email"},{"$i":"view-contact","$v":"Exibir contato"},{"$i":"save-new-contact","$v":"Salvar novo contato"},{"$i":"add-to-exsiting-contact","$v":"Adicionar a contato existente"},{"$i":"no","$v":"Não"},{"$i":"yes","$v":"Sim"},{"$i":"retry","$v":"Tentar novamente"},{"$i":"empty","$v":"Vazio"},{"$i":"empty-trash-confirm","$v":"Você deseja esvaziar a lixeira?"},{"$i":"trash-emptied","$v":"Lixeira esvaziada"},{"$i":"next","$v":"Avançar"},{"$i":"welcome-header","$v":"Email"},{"$i":"welcome-msg","$v":"Bem-vindo ao email."},{"$i":"welcome-msg-setup","$v":"Pressione Avançar para configurar sua conta de email."},{"$i":"discard","$v":"Descartar"},{"$i":"leave-this-page-warning-message","$v":"Você deseja descartar as informações de conta de email?"},{"$i":"finish","$v":"Concluir"},{"$i":"setup-done-msg","$v":"Você iniciou sessão com sucesso. Gostaria de adicionar outra conta?"},{"$i":"save-as-draft","$v":"Salvar como rascunho"},{"$i":"show-password","$v":"Mostrar senha"},{"$i":"account-label","$v":"Rótulo da conta"},{"$i":"folders","$v":"Pastas"},{"$i":"security","$v":"Segurança"},{"$i":"port-number","$v":"Número de porta"},{"$i":"domain-username","$v":"Domínio\\Nome de usuário"},{"$i":"synchronizing","$v":"Sincronizando…"},{"$i":"browse-mail","$v":"Procurar email"},{"$i":"never-sync","$v":"Rascunhos locais não são sincronizados ao servidor."},{"$i":"emptyDownloadFile","$v":"Não é possível baixar este arquivo, ele pode ficar vazio"},{"$i":"sync","$v":"Síncrono"},{"$i":"outbox-unsent-label","$v":{"few":[{"t":"idOrVar","v":"n"}," mensagens não enviadas na caixa de saída"],"many":[{"t":"idOrVar","v":"n"}," mensagens não enviadas na caixa de saída"],"one":"1 mensagem não enviada na caixa de saída","other":[{"t":"idOrVar","v":"n"}," mensagens não enviadas na caixa de saída"],"two":"2 mensagens não enviadas na caixa de saída"},"$x":[{"t":"idOrVar","v":"plural"},"n"]},{"$i":"storage-full-title","$v":"Armazenamento cheio"},{"$i":"storage-full-warning","$v":"Você pode excluir alguns arquivos de mídia ou gerenciar dados de aplicativos para obter mais espaço livre."},{"$i":"storage-full","$v":"Armazenamento do telefone cheio."},{"$i":"storage-sdcard-full","$v":"O cartão SD está cheio."},{"$i":"view-address","$v":"Mostrar endereço"},{"$i":"mail-address-title","$v":"Endereço de e-mail"},{"$i":"mail-address","$v":[{"t":"idOrVar","v":"address"}]},{"$i":"value-name","$v":[{"t":"idOrVar","v":"name"}]},{"$i":"account-deleted","$v":"Conta excluída."},{"$i":"account-reEnable","$v":"A conta já existe. Sincronizar e-mail da conta?"},{"$i":"setup-account-usedInfo","$v":"Esta conta será usada pelos aplicativos abaixo. Você pode mudar isso em Configurações>Conta."},{"$i":"setup-account-settingsInfo","$v":"Cada aplicativo tem intervalos de sincronização padrão diferentes; verifique nas configurações dos aplicativos."},{"$i":"app-calendar","$v":"Agenda"},{"$i":"app-contacts","$v":"Contatos"},{"$i":"app-email","$v":"Email"},{"$i":"weekday-0-long","$v":"Domingo"},{"$i":"weekday-1-long","$v":"Segunda-feira"},{"$i":"weekday-2-long","$v":"Terça-feira"},{"$i":"weekday-3-long","$v":"Quarta-feira"},{"$i":"weekday-4-long","$v":"Quinta-feira"},{"$i":"weekday-5-long","$v":"Sexta-feira"},{"$i":"weekday-6-long","$v":"Sábado"},{"$i":"weekday-0-short","$v":"Dom"},{"$i":"weekday-1-short","$v":"Seg"},{"$i":"weekday-2-short","$v":"Ter"},{"$i":"weekday-3-short","$v":"Qua"},{"$i":"weekday-4-short","$v":"Qui"},{"$i":"weekday-5-short","$v":"Sex"},{"$i":"weekday-6-short","$v":"Sáb"},{"$i":"month-0-long","$v":"Janeiro"},{"$i":"month-1-long","$v":"Fevereiro"},{"$i":"month-2-long","$v":"Março"},{"$i":"month-3-long","$v":"Abril"},{"$i":"month-4-long","$v":"Maio"},{"$i":"month-5-long","$v":"Junho"},{"$i":"month-6-long","$v":"Julho"},{"$i":"month-7-long","$v":"Agosto"},{"$i":"month-8-long","$v":"Setembro"},{"$i":"month-9-long","$v":"Outubro"},{"$i":"month-10-long","$v":"Novembro"},{"$i":"month-11-long","$v":"Dezembro"},{"$i":"month-0-genitive","$v":"Janeiro"},{"$i":"month-1-genitive","$v":"Fevereiro"},{"$i":"month-2-genitive","$v":"Março"},{"$i":"month-3-genitive","$v":"Abril"},{"$i":"month-4-genitive","$v":"Maio"},{"$i":"month-5-genitive","$v":"Junho"},{"$i":"month-6-genitive","$v":"Julho"},{"$i":"month-7-genitive","$v":"Agosto"},{"$i":"month-8-genitive","$v":"Setembro"},{"$i":"month-9-genitive","$v":"Outubro"},{"$i":"month-10-genitive","$v":"Novembro"},{"$i":"month-11-genitive","$v":"Dezembro"},{"$i":"month-0-short","$v":"Jan"},{"$i":"month-1-short","$v":"Fev"},{"$i":"month-2-short","$v":"Mar"},{"$i":"month-3-short","$v":"Abr"},{"$i":"month-4-short","$v":"Mai"},{"$i":"month-5-short","$v":"Jun"},{"$i":"month-6-short","$v":"Jul"},{"$i":"month-7-short","$v":"Ago"},{"$i":"month-8-short","$v":"Set"},{"$i":"month-9-short","$v":"Out"},{"$i":"month-10-short","$v":"Nov"},{"$i":"month-11-short","$v":"Dez"},{"$i":"minutes-ago-long","$v":{"few":[{"t":"idOrVar","v":"value"}," minutos atrás"],"many":[{"t":"idOrVar","v":"value"}," minutos atrás"],"one":"um minuto atrás","other":[{"t":"idOrVar","v":"value"}," minutos atrás"],"two":[{"t":"idOrVar","v":"value"}," minutos atrás"],"zero":"agora mesmo"},"$x":[{"t":"idOrVar","v":"plural"},"value"]},{"$i":"hours-ago-long","$v":{"few":["horas ",{"t":"idOrVar","v":"value"}," atrás"],"many":["horas ",{"t":"idOrVar","v":"value"}," atrás"],"one":"uma hora atrás","other":["horas ",{"t":"idOrVar","v":"value"}," atrás"],"two":["horas ",{"t":"idOrVar","v":"value"}," atrás"],"zero":"agora mesmo"},"$x":[{"t":"idOrVar","v":"plural"},"value"]},{"$i":"days-ago-long","$v":{"few":[{"t":"idOrVar","v":"value"}," dias antes"],"many":[{"t":"idOrVar","v":"value"}," dias antes"],"one":"ontem","other":[{"t":"idOrVar","v":"value"}," dias antes"],"two":[{"t":"idOrVar","v":"value"}," dias antes"],"zero":"hoje"},"$x":[{"t":"idOrVar","v":"plural"},"value"]},{"$i":"weeks-ago-long","$v":{"few":[{"t":"idOrVar","v":"value"}," semanas antes"],"many":[{"t":"idOrVar","v":"value"}," semanas antes"],"one":"semana passada","other":[{"t":"idOrVar","v":"value"}," semanas antes"],"two":[{"t":"idOrVar","v":"value"}," semanas antes"],"zero":"esta semana"},"$x":[{"t":"idOrVar","v":"plural"},"value"]},{"$i":"months-ago-long","$v":{"few":[{"t":"idOrVar","v":"value"}," meses antes"],"many":[{"t":"idOrVar","v":"value"}," meses antes"],"one":"no mês passado","other":[{"t":"idOrVar","v":"value"}," meses antes"],"two":[{"t":"idOrVar","v":"value"}," meses antes"],"zero":"este mês"},"$x":[{"t":"idOrVar","v":"plural"},"value"]},{"$i":"years-ago-long","$v":{"few":[{"t":"idOrVar","v":"value"}," anos antes"],"many":[{"t":"idOrVar","v":"value"}," anos antes"],"one":"ano passado","other":[{"t":"idOrVar","v":"value"}," anos antes"],"two":[{"t":"idOrVar","v":"value"}," anos antes"],"zero":"este ano"},"$x":[{"t":"idOrVar","v":"plural"},"value"]},{"$i":"minutes-until-long","$v":{"few":["em ",{"t":"idOrVar","v":"value"}," minutos"],"many":["em ",{"t":"idOrVar","v":"value"}," minutos"],"one":"em um minuto","other":["em ",{"t":"idOrVar","v":"value"}," minutos"],"two":["em ",{"t":"idOrVar","v":"value"}," minutos"],"zero":"agora"},"$x":[{"t":"idOrVar","v":"plural"},"value"]},{"$i":"hours-until-long","$v":{"few":["em ",{"t":"idOrVar","v":"value"}," horas"],"many":["em ",{"t":"idOrVar","v":"value"}," horas"],"one":"em uma hora","other":["em ",{"t":"idOrVar","v":"value"}," horas"],"two":["em ",{"t":"idOrVar","v":"value"}," horas"],"zero":"agora"},"$x":[{"t":"idOrVar","v":"plural"},"value"]},{"$i":"days-until-long","$v":{"few":["em ",{"t":"idOrVar","v":"value"}," dias"],"many":["em ",{"t":"idOrVar","v":"value"}," dias"],"one":"amanhã","other":["em ",{"t":"idOrVar","v":"value"}," dias"],"two":["em ",{"t":"idOrVar","v":"value"}," dias"],"zero":"hoje"},"$x":[{"t":"idOrVar","v":"plural"},"value"]},{"$i":"weeks-until-long","$v":{"few":["em ",{"t":"idOrVar","v":"value"}," semanas"],"many":["em ",{"t":"idOrVar","v":"value"}," semanas"],"one":"próxima semana","other":["em ",{"t":"idOrVar","v":"value"}," semanas"],"two":["em ",{"t":"idOrVar","v":"value"}," semanas"],"zero":"esta semana"},"$x":[{"t":"idOrVar","v":"plural"},"value"]},{"$i":"months-until-long","$v":{"few":["em ",{"t":"idOrVar","v":"value"}," meses"],"many":["em ",{"t":"idOrVar","v":"value"}," meses"],"one":"próximo mês","other":["em ",{"t":"idOrVar","v":"value"}," meses"],"two":["em ",{"t":"idOrVar","v":"value"}," meses"],"zero":"este mês"},"$x":[{"t":"idOrVar","v":"plural"},"value"]},{"$i":"years-until-long","$v":{"few":["em ",{"t":"idOrVar","v":"value"}," anos"],"many":["em ",{"t":"idOrVar","v":"value"}," anos"],"one":"próximo ano","other":["em ",{"t":"idOrVar","v":"value"}," anos"],"two":["em ",{"t":"idOrVar","v":"value"}," anos"],"zero":"este ano"},"$x":[{"t":"idOrVar","v":"plural"},"value"]},{"$i":"minutes-ago-short","$v":{"other":[{"t":"idOrVar","v":"value"},"m atrás"],"zero":"agora mesmo"},"$x":[{"t":"idOrVar","v":"plural"},"value"]},{"$i":"hours-ago-short","$v":{"other":[{"t":"idOrVar","v":"value"},"h atrás"],"zero":"agora mesmo"},"$x":[{"t":"idOrVar","v":"plural"},"value"]},{"$i":"days-ago-short","$v":{"other":[{"t":"idOrVar","v":"value"},"d antes"],"zero":"hoje"},"$x":[{"t":"idOrVar","v":"plural"},"value"]},{"$i":"minutes-until-short","$v":{"other":["em ",{"t":"idOrVar","v":"value"},"m"],"zero":"agora"},"$x":[{"t":"idOrVar","v":"plural"},"value"]},{"$i":"hours-until-short","$v":{"other":["em ",{"t":"idOrVar","v":"value"},"h"],"zero":"agora"},"$x":[{"t":"idOrVar","v":"plural"},"value"]},{"$i":"days-until-short","$v":{"other":["em ",{"t":"idOrVar","v":"value"},"d"],"zero":"hoje"},"$x":[{"t":"idOrVar","v":"plural"},"value"]},{"$i":"incorrectDate","$v":"(data incorreta)"},{"$i":"dateTimeFormat_%c","$v":"%a %b %e %Y %I:%M:%S %p"},{"$i":"dateTimeFormat_%x","$v":"%d/%m/%Y"},{"$i":"dateTimeFormat_%X","$v":"%I:%M:%S %p"},{"$i":"shortTimeFormat","$v":"%I:%M %p"},{"$i":"shortTimeFormat12","$v":"%I:%M %p"},{"$i":"shortTimeFormat24","$v":"%H:%M"},{"$i":"shortDateTimeFormat","$v":"%x %I:%M %p"},{"$i":"weekStartsOnMonday","$v":"0.0"},{"$i":"firstDayOfTheWeek","$v":"0.0"},{"$i":"time_am","$v":"AM"},{"$i":"time_pm","$v":"PM"}]