[{"$i":"setup-app-name-header","$v":"E-mail"},{"$i":"setup-empty-account-message","$v":"Se não estiver configurado para enviar ou receber e-mails. Configure uma conta para concluir a ação."},{"$i":"setup-pick-service","$v":"Para enviar e receber e-mails, tem de configurar uma conta."},{"$i":"setup-account-header3","$v":"Início de sessão na conta"},{"$i":"setup-account-password","$v":"Palavra-passe"},{"$i":"setup-info-next","$v":"Seguinte"},{"$i":"setup-progress-wait-msg","$v":"Configurar uma conta"},{"$i":"setup-sync-progress-wait-msg","$v":"A sincronizar conta"},{"$i":"setup-completed-header","$v":"Parabéns!"},{"$i":"setup-completed-label","$v":"Muito bem!"},{"$i":"setup-add-another-account","$v":"Adicionar outra conta"},{"$i":"setup-show-mail","$v":"Continuar para o E-mail"},{"$i":"setup-done-add","$v":"Adicionar conta"},{"$i":"setup-error-offline","$v":"Este dispositivo está atualmente offline. Ligue-se a uma rede e tente novamente."},{"$i":"setup-error-bad-user-or-pass2","$v":"Nome de utilizador ou palavra-passe inválidos. Verifique se tem erros."},{"$i":"setup-error-bad-address","$v":"Endereço de e-mail inválido. Verifique se tem erros."},{"$i":"setup-error-not-authorized","$v":"O servidor disse que não está autorizado a criar uma conta"},{"$i":"setup-error-pop-server-not-great","$v":"Servidor não suportado. O servidor POP3 não implementa as funcionalidades necessárias."},{"$i":"setup-error-unknown2","$v":"Ocorreu um erro desconhecido. Verifique a sua ligação de rede ou experimente a opção de configuração manual."},{"$i":"setup-error-needs-app-pass","$v":"Tem de utilizar uma palavra-passe específica da aplicação para contas Gmail de dois fatores"},{"$i":"setup-error-imap-disabled","$v":"Tem de ativar o IMAP para a sua conta Gmail"},{"$i":"setup-error-pop3-disabled","$v":"Tem de ativar o POP3 para a sua conta Gmail"},{"$i":"setup-error-bad-security","$v":["Não foi possível estabelecer uma ligação segura a \"",{"t":"idOrVar","v":"server"},"\". Pode haver um problema com a sua rede ou o servidor."]},{"$i":"setup-error-unresponsive-server","$v":["Não foi possível estabelecer uma ligação ao \"",{"t":"idOrVar","v":"server"},"\". Pode haver um problema com a rede."]},{"$i":"setup-error-server-problem","$v":["Existe um problema com o servidor \"",{"t":"idOrVar","v":"server"},"\". Tente mais tarde."]},{"$i":"setup-error-no-config-info","$v":"Não foi possível configurar automaticamente a sua conta. Corrija o seu endereço de e-mail ou experimente a opção de configuração manual."},{"$i":"setup-error-server-maintenance","$v":["O servidor \"",{"t":"idOrVar","v":"server"},"\" está offline para manutenção. Tente mais tarde."]},{"$i":"setup-error-account-already-exists","$v":"Esta conta já está configurada."},{"$i":"setup-manual-config2","$v":"Avançadas"},{"$i":"setup-manual-config-header","$v":"Início de sessão na conta"},{"$i":"setup-manual-account-type-header","$v":"Tipo de conta"},{"$i":"setup-manual-account-type","$v":"Tipo de conta"},{"$i":"setup-manual-account-type-select","ariaLabel":"Tipo de conta"},{"$i":"setup-manual-imap-header","$v":"Definições IMAP"},{"$i":"setup-manual-pop3-header","$v":"Definições POP3"},{"$i":"setup-manual-smtp-header","$v":"Definições de SMTP"},{"$i":"setup-manual-activesync-header","$v":"Definições ActiveSync"},{"$i":"setup-manual-next","$v":"Seguinte"},{"$i":"setup-manual-socket","$v":"Tipo de socket"},{"$i":"setup-manual-socket-ssl","$v":"SSL"},{"$i":"setup-manual-socket-starttls","$v":"STARTTLS"},{"$i":"setup-manual-socket-select","ariaLabel":"Segurança da ligação"},{"$i":"setup-manual-socket-plain","$v":"Desencriptado"},{"$i":"setup-bad-password-header","$v":"Palavra-passe incorreta"},{"$i":"setup-bad-password","$v":"Não foi possível iniciar sessão no servidor. Volte a tentar a palavra-passe."},{"$i":"setup-new-password","placeholder":"Nova palavra-passe"},{"$i":"setup-fix-password","$v":"Voltar a tentar com nova palavra-passe"},{"$i":"setup-gmail-twofactor-header","$v":"Dois fatores ativados"},{"$i":"setup-gmail-twofactor-message","$v":"Tem de introduzir uma palavra-passe específica da aplicação abaixo."},{"$i":"setup-gmail-imap-header","$v":"IMAP desativado"},{"$i":"setup-gmail-imap-message","$v":"Tem de ativar o IMAP na sua conta Gmail"},{"$i":"setup-gmail-retry","$v":"Tentar novamente"},{"$i":"setup-gmail-pop3-header","$v":"POP3 desativado"},{"$i":"setup-gmail-pop3-message","$v":"Tem de ativar o POP3 na sua conta Gmail"},{"$i":"setup-fix-oauth2-header","$v":"Reautorizar e-mail"},{"$i":"setup-fix-oauth2-description","$v":"O e-mail tem de ser novamente autorizado para aceder à seguinte conta:"},{"$i":"setup-fix-oauth2-reauthorize","$v":"Reautorizar"},{"$i":"settings-main-header","$v":"Definições de e-mail"},{"$i":"settings-sub-header-account","$v":"Conta"},{"$i":"settings-account-group","ariaLabel":"Conta"},{"$i":"settings-account-name","$v":"O seu nome"},{"$i":"settings-account-label","$v":"Etiqueta da conta"},{"$i":"settings-account-display-notifications","$v":"Apresentar notificações de novos e-mails"},{"$i":"settings-account-play-sound-onsend","$v":"Reproduzir som quando a mensagem for enviada"},{"$i":"settings-account-signature-label","$v":"Assinatura"},{"$i":"settings-sub-header-data","$v":"Dados"},{"$i":"settings-data-group","ariaLabel":"Dados"},{"$i":"settings-account-check-mail","$v":"Procurar novas mensagens"},{"$i":"settings-account-check-mail-select","ariaLabel":"Procurar novas mensagens"},{"$i":"settings-sub-header-server","$v":"Definições do servidor"},{"$i":"settings-server-group","ariaLabel":"Definições do servidor"},{"$i":"settings-account-userpass","$v":"Nome de utilizador e palavra-passe"},{"$i":"settings-account-useroauth2","$v":"Nome de utilizador"},{"$i":"settings-default-signature-2","$v":"Enviado do meu telefone"},{"$i":"settings-done","$v":"Concluído"},{"$i":"settings-account-section","$v":"Contas"},{"$i":"settings-account-listbox","ariaLabel":"Contas"},{"$i":"settings-account-add","$v":"Adicionar"},{"$i":"settings-account-delete","$v":"Eliminar conta"},{"$i":"settings-account-delete-prompt","$v":["Tem a certeza de que pretende eliminar a conta de e-mail de ",{"t":"idOrVar","v":"account"},"?"]},{"$i":"settings-account-delete-desc","$v":"Terá de voltar a transferir os e-mails se voltar a criar a conta."},{"$i":"settings-account-delete-cancel","$v":"Cancelar"},{"$i":"settings-account-delete-confirm","$v":"Eliminar"},{"$i":"settings-account-clarify","$v":[{"t":"idOrVar","v":"account-name"}]},{"$i":"settings-account-clarify-imap","$v":[{"t":"idOrVar","v":"account-name"}," (IMAP)"]},{"$i":"settings-account-clarify-pop3","$v":[{"t":"idOrVar","v":"account-name"}," (POP3)"]},{"$i":"settings-account-clarify-smtp","$v":[{"t":"idOrVar","v":"account-name"}," (SMTP)"]},{"$i":"settings-general-section","$v":"Configurações gerais"},{"$i":"settings-show-images","$v":"Mostrar sempre imagens"},{"$i":"settings-download-attachments","$v":"Transferir anexos"},{"$i":"settings-check-every-5min","$v":"A cada 5 minutos"},{"$i":"settings-check-every-10min","$v":"A cada 10 minutos"},{"$i":"settings-check-every-15min","$v":"A cada 15 minutos"},{"$i":"settings-check-every-30min","$v":"A cada 30 minutos"},{"$i":"settings-check-every-60min","$v":"A todas as horas"},{"$i":"settings-check-every-manual","$v":"Manualmente"},{"$i":"settings-check-dynamic","$v":{"few":[{"t":"idOrVar","v":"n"}," segundos"],"many":[{"t":"idOrVar","v":"n"}," segundos"],"one":[{"t":"idOrVar","v":"n"}," segundo"],"other":[{"t":"idOrVar","v":"n"}," segundos"],"two":[{"t":"idOrVar","v":"n"}," segundos"],"zero":"desativado"},"$x":[{"t":"idOrVar","v":"plural"},"n"]},{"$i":"settings-default-account","$v":"Tornar o e-mail predefinido"},{"$i":"settings-account-type","$v":"Tipo de conta"},{"$i":"settings-account-credentials","$v":"Credenciais"},{"$i":"settings-activesync-label","$v":"Definições ActiveSync"},{"$i":"settings-imap-label","$v":"Definições IMAP"},{"$i":"settings-pop3-label","$v":"Definições POP3"},{"$i":"settings-smtp-label","$v":"Definições de SMTP"},{"$i":"settings-hostname","$v":"Nome de servidor"},{"$i":"settings-port","$v":"Porta"},{"$i":"settings-username","$v":"Nome de utilizador"},{"$i":"settings-password","$v":"Palavra-passe"},{"$i":"settings-save","$v":"Guardar"},{"$i":"password-saved","$v":"Palavra-passe guardada."},{"$i":"settings-reauth","$v":"Reautorizar"},{"$i":"settings-account-synchronize-window","$v":"Dias para sincronizar"},{"$i":"settings-account-synchronize-window-select","ariaLabel":"Dias para sincronizar"},{"$i":"settings-synchronize-auto","$v":"Automático"},{"$i":"settings-synchronize-one-day","$v":"1 dia"},{"$i":"settings-synchronize-three-days","$v":"3 dias"},{"$i":"settings-synchronize-one-week","$v":"1 semana"},{"$i":"settings-synchronize-two-weeks","$v":"2 semanas"},{"$i":"settings-synchronize-one-month","$v":"1 mês"},{"$i":"settings-synchronize-all","$v":"Todas as mensagens"},{"$i":"envelope-from","$v":"De"},{"$i":"envelope-to","$v":"Para"},{"$i":"envelope-cc","$v":"Cc"},{"$i":"envelope-bcc","$v":"Bcc"},{"$i":"message-header-state-sending","ariaLabel":"A enviar"},{"$i":"message-header-state-error","ariaLabel":"Erro ao enviar"},{"$i":"message-header-unread","ariaLabel":"Não lidas"},{"$i":"message-header-reply","ariaLabel":"Responder"},{"$i":"message-header-forward","ariaLabel":"Reenviar"},{"$i":"message-header-starred","ariaLabel":"Tem estrela"},{"$i":"message-header-attachments","ariaLabel":"Tem anexos"},{"$i":"message-body-container","ariaLabel":"Texto da mensagem"},{"$i":"message-body-container-progress","ariaValueText":"A carregar"},{"$i":"subject","ariaLabel":"Assunto"},{"$i":"attachments-container","ariaLabel":"Anexos"},{"$i":"from-group","ariaLabel":"De"},{"$i":"to-group","ariaLabel":"Para"},{"$i":"cc-group","ariaLabel":"CC"},{"$i":"bcc-group","ariaLabel":"BCC"},{"$i":"compose-header","$v":"Compor mensagem"},{"$i":"compose-header-short","$v":"Escrever"},{"$i":"compose-send","$v":"Enviar"},{"$i":"compose-send-button","ariaLabel":"Enviar"},{"$i":"compose-to","$v":"Para"},{"$i":"compose-cc","$v":"Cc"},{"$i":"compose-bcc","$v":"Bcc"},{"$i":"compose-cc-remove","$v":"A lista cc foi removida."},{"$i":"compose-bcc-remove","$v":"A lista bcc foi removida."},{"$i":"compose-contact-add","ariaLabel":"Adicionar contacto"},{"$i":"compose-attachments","$v":{"few":["Anexos (",{"t":"idOrVar","v":"n"},")"],"many":["Anexos (",{"t":"idOrVar","v":"n"},")"],"one":["Anexo (",{"t":"idOrVar","v":"n"},")"],"other":["Anexos (",{"t":"idOrVar","v":"n"},")"],"two":["Anexos (",{"t":"idOrVar","v":"n"},")"],"zero":"Anexo"},"$x":[{"t":"idOrVar","v":"plural"},"n"]},{"$i":"compose-text","ariaLabel":"Editar"},{"$i":"compose-attachment-still-working","$v":"Um minuto, ainda estamos a trabalhar no anexo anterior..."},{"$i":"compose-attachment-loading","$v":"A carregar anexo..."},{"$i":"compose-attachments-loading","$v":"A carregar anexos..."},{"$i":"compose-forward-attachment-error-title","$v":"A transferência falhou."},{"$i":"compose-forward-attachment-error-title2","$v":"Erro"},{"$i":"compose-forward-attachment-unable-load","$v":"Não foi possível carregar o anexo."},{"$i":"compose-forward-attachments-unable-load","$v":"Não foi possível carregar os anexos."},{"$i":"compose-forward-attachment-load-error","$v":"Não foi possível carregar alguns anexos."},{"$i":"confirmation-title","$v":"Confirmação"},{"$i":"compose-subject","$v":"Assunto"},{"$i":"compose-draft-save","$v":"Guardar nos rascunhos locais?"},{"$i":"compose-discard-confirm","$v":"Rejeitar"},{"$i":"compose-draft-dialog-cancel","$v":"Cancelar"},{"$i":"compose-draft-dialog-save","$v":"Guardar"},{"$i":"composer-draft-saved","$v":"Mensagem guardada nos rascunhos locais"},{"$i":"attention","$v":"Atenção"},{"$i":"compose-send-message-failed","$v":"Falha ao enviar e-mail"},{"$i":"compose-attchment-size-exceeded","$v":"O anexo selecionado é demasiado grande para enviar com esta mensagem."},{"$i":"compose-attchments-size-exceeded","$v":"Os anexos selecionados são demasiado grandes para enviar com esta mensagem. Tente selecionar menos ficheiros."},{"$i":"composer-attachment-large-title","$v":"O ficheiro é demasiado grande"},{"$i":"default-attachment-filename","$v":["anexo",{"t":"idOrVar","v":"n"}]},{"$i":"attachment-size-meb","$v":[{"t":"idOrVar","v":"megabytes"}," MB"]},{"$i":"attachment-size-kib","$v":[{"t":"idOrVar","v":"kilobytes"}," KB"]},{"$i":"attachment-size-byte","$v":[{"t":"idOrVar","v":"bytes"}," B"]},{"$i":"message-attachment-view","$v":"Ver"},{"$i":"message-attachment-did-not-open-label","$v":"Não é possível abrir"},{"$i":"message-attachment-did-not-open-body","$v":"O dispositivo não tem uma aplicação que consiga abrir o anexo."},{"$i":"message-attachment-too-large","$v":"Este ficheiro é demasiado grande para transferir."},{"$i":"message-attachment-not-found","$v":"Não foi possível encontrar o ficheiro de anexo, pode ter sido eliminado."},{"$i":"message-attachment-download-fail","$v":[{"t":"idOrVar","v":"fileName"}," - Transferência falhou."]},{"$i":"message-no-subject","$v":"(sem título)"},{"$i":"message-edit-menu-edit","$v":"Editar"},{"$i":"message-edit-menu-delete","$v":"Eliminar"},{"$i":"message-edit-delete-confirm","$v":"Eliminar mensagem de e-mail?"},{"$i":"message-forward-attachment-title","$v":"Anexo"},{"$i":"message-forward-attachment","$v":"Reencaminhar também o anexo?"},{"$i":"message-forward-attachments","$v":"Reencaminhar também os anexos?"},{"$i":"message-multiedit-header","$v":{"few":[{"t":"idOrVar","v":"n"}," selecionado(s)"],"many":[{"t":"idOrVar","v":"n"}," selecionados"],"one":[{"t":"idOrVar","v":"n"}," selecionados"],"other":[{"t":"idOrVar","v":"n"}," selecionados"],"two":[{"t":"idOrVar","v":"n"}," selecionados"],"zero":[{"t":"idOrVar","v":"n"}," selecionados"]},"$x":[{"t":"idOrVar","v":"plural"},"n"]},{"$i":"message-multiedit-search-header","$v":{"few":[{"t":"idOrVar","v":"n"}," selecionados"],"many":[{"t":"idOrVar","v":"n"}," selecionados"],"one":[{"t":"idOrVar","v":"n"}," selecionados"],"other":[{"t":"idOrVar","v":"n"}," selecionados"],"two":[{"t":"idOrVar","v":"n"}," selecionados"],"zero":"0 selecionados"},"$x":[{"t":"idOrVar","v":"plural"},"n"]},{"$i":"browse-to-url-prompt","$v":["Procurar no URL?: ",{"t":"idOrVar","v":"url"}]},{"$i":"message-download-images-tap","$v":{"few":["Este e-mail contém ",{"t":"idOrVar","v":"n"}," imagens. Toque para transferir."],"many":["Este e-mail contém ",{"t":"idOrVar","v":"n"}," imagens. Toque para transferir."],"one":"Este e-mail contém uma imagem. Toque para transferir.","other":["Este e-mail contém ",{"t":"idOrVar","v":"n"}," imagens. Toque para transferir."],"two":["Este e-mail contém ",{"t":"idOrVar","v":"n"}," imagens. Toque para transferir."]},"$x":[{"t":"idOrVar","v":"plural"},"n"]},{"$i":"message-show-external-images","$v":"Mostrar imagens externas"},{"$i":"message-delete-cancel","$v":"Cancelar"},{"$i":"message-multiedit-delete-confirm","$v":{"few":["Eliminar ",{"t":"idOrVar","v":"n"}," mensagens?"],"many":["Eliminar ",{"t":"idOrVar","v":"n"}," mensagens?"],"one":"Eliminar mensagem selecionada?","other":["Eliminar ",{"t":"idOrVar","v":"n"}," mensagens?"],"two":["Eliminar ",{"t":"idOrVar","v":"n"}," mensagens?"]},"$x":[{"t":"idOrVar","v":"plural"},"n"]},{"$i":"message-large-message-cancel","$v":"Cancelar"},{"$i":"message-large-message-ok","$v":"Continuar"},{"$i":"message-large-message-confirm","$v":"Esta mensagem é grande e pode demorar algum tempo a transferir."},{"$i":"message-large-message-warning","$v":"A mensagem é demasiado grande para carregar."},{"$i":"message-search-header","$v":"Pesquisar"},{"$i":"search-result","$v":[{"t":"idOrVar","v":"num"}," correspondência(s) encontrada(s)"]},{"$i":"message-search-from","$v":"De"},{"$i":"message-search-to","$v":"Para"},{"$i":"message-search-subject","$v":"Assunto"},{"$i":"message-search-body","$v":"Conteúdo"},{"$i":"message-search-all","$v":"Todos"},{"$i":"message-search-input","placeholder":"Pesquisar e-mail"},{"$i":"message-search-cancel","$v":"Cancelar"},{"$i":"messages-syncing","$v":"A carregar mensagens"},{"$i":"messages-syncing-progressbar","ariaValueText":"A carregar mensagens"},{"$i":"messages-load-more","$v":"Carregar mais mensagens"},{"$i":"messages-folder-empty","$v":"Não existem e-mails nesta pasta"},{"$i":"messages-search-empty","$v":"Sem correspondências em mensagens da cache local"},{"$i":"messages-folder-select","$v":"Mover para a pasta"},{"$i":"messages-folder-unread-max","$v":"999+"},{"$i":"message-contact-menu-create","$v":"Guardar novo contacto"},{"$i":"message-contact-menu-add-existing","$v":"Adicionar a contacto existente"},{"$i":"message-contact-menu-view","$v":"Ver contacto"},{"$i":"message-contact-menu-reply","$v":"Responder"},{"$i":"message-contact-menu-new","$v":"Enviar novo e-mail"},{"$i":"message-reply-menu-reply","$v":"Responder"},{"$i":"message-reply-menu-reply-all","$v":"Responder a todos"},{"$i":"message-reply-menu-forward","$v":"Reenviar"},{"$i":"message-reply-menu-cancel","$v":"Cancelar"},{"$i":"reply-quoting-wrote","$v":"{name} escreveu"},{"$i":"forward-original-message","$v":"Mensagem original"},{"$i":"forward-header-subject","$v":"Assunto"},{"$i":"forward-header-date","$v":"Data"},{"$i":"forward-header-from","$v":"De"},{"$i":"forward-header-reply-to","$v":"Responder a"},{"$i":"forward-header-to","$v":"Para"},{"$i":"forward-header-cc","$v":"Cc"},{"$i":"folder-inbox","$v":"Caixa de entrada"},{"$i":"folder-sent","$v":"Enviado"},{"$i":"folder-drafts","$v":"Rascunhos"},{"$i":"folder-trash","$v":"Lixo"},{"$i":"folder-queue","$v":"Não enviado"},{"$i":"folder-junk","$v":"Lixo"},{"$i":"folder-archives","$v":"Arquivos"},{"$i":"folder-localdrafts","$v":"Rascunhos locais"},{"$i":"folder-outbox","$v":"Caixa de saída"},{"$i":"drawer-back","$v":"Voltar"},{"$i":"drawer-accounts-header","$v":"Contas"},{"$i":"drawer-settings-link","$v":"Definições"},{"$i":"folder-last-synced-label","$v":"Última sincronização:"},{"$i":"messages-refresh-progress","ariaValueText":"A atualizar"},{"$i":"no-internet-connection","$v":"Sem ligação à Internet."},{"$i":"toaster-undo","$v":"Anular"},{"$i":"toaster-message-star","$v":{"few":[{"t":"idOrVar","v":"n"}," mensagens sinalizadas"],"many":[{"t":"idOrVar","v":"n"}," mensagens sinalizadas"],"one":"Mensagem sinalizada","other":[{"t":"idOrVar","v":"n"}," mensagens sinalizadas"],"two":[{"t":"idOrVar","v":"n"}," mensagens sinalizadas"]},"$x":[{"t":"idOrVar","v":"plural"},"n"]},{"$i":"toaster-message-unstar","$v":{"few":[{"t":"idOrVar","v":"n"}," sinalizações de mensagens removidas"],"many":[{"t":"idOrVar","v":"n"}," sinalizações de mensagens removidas"],"one":"Sinalização de mensagem removida","other":[{"t":"idOrVar","v":"n"}," sinalizações de mensagens removidas"],"two":[{"t":"idOrVar","v":"n"}," sinalizações de mensagens removidas"]},"$x":[{"t":"idOrVar","v":"plural"},"n"]},{"$i":"toaster-message-read","$v":{"few":[{"t":"idOrVar","v":"n"}," mensagens marcadas como lidas"],"many":[{"t":"idOrVar","v":"n"}," mensagens marcadas como lidas"],"one":"Mensagem marcada como lida","other":[{"t":"idOrVar","v":"n"}," mensagens marcadas como lidas"],"two":[{"t":"idOrVar","v":"n"}," mensagens marcadas como lidas"]},"$x":[{"t":"idOrVar","v":"plural"},"n"]},{"$i":"toaster-message-unread","$v":{"few":[{"t":"idOrVar","v":"n"}," mensagens marcadas como não lidas"],"many":[{"t":"idOrVar","v":"n"}," mensagens marcadas como não lidas"],"one":"Mensagem marcada como não lida","other":[{"t":"idOrVar","v":"n"}," mensagens marcadas como não lidas"],"two":[{"t":"idOrVar","v":"n"}," mensagens marcadas como não lidas"]},"$x":[{"t":"idOrVar","v":"plural"},"n"]},{"$i":"toaster-message-move","$v":{"few":[{"t":"idOrVar","v":"n"}," mensagens movidas para a pasta:"],"many":[{"t":"idOrVar","v":"n"}," mensagens movidas para a pasta:"],"one":"Mensagem movida para a pasta:","other":[{"t":"idOrVar","v":"n"}," mensagens movidas para a pasta:"],"two":[{"t":"idOrVar","v":"n"}," mensagens movidas para a pasta:"]},"$x":[{"t":"idOrVar","v":"plural"},"n"]},{"$i":"toaster-message-delete","$v":{"few":[{"t":"idOrVar","v":"n"}," e-mails eliminados"],"many":[{"t":"idOrVar","v":"n"}," e-mails eliminados"],"one":"1 e-mail eliminado.","other":[{"t":"idOrVar","v":"n"}," e-mails eliminados"],"two":[{"t":"idOrVar","v":"n"}," e-mails eliminados"]},"$x":[{"t":"idOrVar","v":"plural"},"n"]},{"$i":"toaster-sync-failed","$v":"Não é possível ligar ao servidor."},{"$i":"compose-invalid-addresses-title","$v":"Endereços inválidos"},{"$i":"compose-invalid-addresses-description","$v":"A sua mensagem contém um ou mais endereços de e-mail inválidos. Corrija-os antes de enviar."},{"$i":"background-send-pending","$v":"Rede indisponível. E-mail guardado na caixa de saída."},{"$i":"background-send-sending","$v":"A enviar e-mail…"},{"$i":"background-send-success","$v":"E-mail enviado."},{"$i":"background-send-error","$v":"Ocorreu um erro. E-mail guardado na caixa de saída."},{"$i":"background-send-error-recipients","$v":"Erro de destinatário. E-mail guardado na caixa de saída."},{"$i":"background-send-error-title","$v":"Falha ao enviar e-mail"},{"$i":"send-failure-recipients","$v":"Verifique a ortografia dos endereços acima. O servidor de correio indicou que um ou mais dos endereços acima está incorreto."},{"$i":"send-failure-unknown","$v":"Não foi possível enviar a mensagem."},{"$i":"form-clear-input","$v":"Remover texto"},{"$i":"confirm-dialog-title","$v":"Confirmação"},{"$i":"confirm-dialog-ok","$v":"OK"},{"$i":"msg-display-subject","$v":"Assunto"},{"$i":"msg-reader-display-attachments","$v":"Anexos"},{"$i":"msg-reader-display-attachment","$v":"Anexo"},{"$i":"msg-reader-download-external-images","$v":["Transferir imagens externas (",{"t":"idOrVar","v":"n"}," MB)"]},{"$i":"msg-reader-sender-header","$v":"De"},{"$i":"msg-reader-recipients-header","$v":"Destinatários"},{"$i":"msg-reader-cc-header","$v":"Cc"},{"$i":"msg-reader-bcc-header","$v":"Bcc"},{"$i":"msg-reader-message-flagged","$v":"Mensagem sinalizada"},{"$i":"msg-reader-flag-removed","$v":"Sinalização removida"},{"$i":"external-image-downloading","$v":"A transferir..."},{"$i":"senders-separation-sign","$v":", "},{"$i":"new-messages","$v":{"few":[{"t":"idOrVar","v":"n"}," novas mensagens"],"many":[{"t":"idOrVar","v":"n"}," novas mensagens"],"one":"1 nova mensagem","other":[{"t":"idOrVar","v":"n"}," novas mensagens"],"two":[{"t":"idOrVar","v":"n"}," novas mensagens"]},"$x":[{"t":"idOrVar","v":"plural"},"n"]},{"$i":"new-emails-notify-one-account","$v":{"few":[{"t":"idOrVar","v":"n"}," novos e-mails"],"many":[{"t":"idOrVar","v":"n"}," novos e-mails"],"one":"1 novo e-mail","other":[{"t":"idOrVar","v":"n"}," novos e-mails"],"two":[{"t":"idOrVar","v":"n"}," novos e-mails"]},"$x":[{"t":"idOrVar","v":"plural"},"n"]},{"$i":"new-emails-notify-multiple-accounts","$v":{"few":[{"t":"idOrVar","v":"n"}," novos e-mails (",{"t":"idOrVar","v":"accountName"},")"],"many":[{"t":"idOrVar","v":"n"}," novos e-mails (",{"t":"idOrVar","v":"accountName"},")"],"one":["1 novo e-mail (",{"t":"idOrVar","v":"accountName"},")"],"other":[{"t":"idOrVar","v":"n"}," novos e-mails (",{"t":"idOrVar","v":"accountName"},")"],"two":[{"t":"idOrVar","v":"n"}," novos e-mails (",{"t":"idOrVar","v":"accountName"},")"]},"$x":[{"t":"idOrVar","v":"plural"},"n"]},{"$i":"new-emails-notify-multiple-accounts-body","$v":[{"t":"idOrVar","v":"from"}," “",{"t":"idOrVar","v":"subject"},"”"]},{"$i":"tng-plain-socket-warning-title","$v":"Continuar?"},{"$i":"tng-plain-socket-warning-message","$v":"Outras pessoas poderão ver as suas palavras-passe e e-mails ou controlar a sua conta."},{"$i":"tng-plain-socket-warning-message-options","$v":"Existem vários fornecedores de e-mail gratuitos que oferecem ligações encriptadas mais seguras."},{"$i":"tng-plain-socket-warning-ok","$v":"Compreendo"},{"$i":"message-reader-date-received","ariaLabel":"Recebidas"},{"$i":"sort-by-title","$v":"Ordenar por"},{"$i":"sort-by-date","$v":"Data"},{"$i":"sort-by-from","$v":"De"},{"$i":"sort-by-to","$v":"Para"},{"$i":"sort-by-subject","$v":"Assunto"},{"$i":"softkey-options","$v":"Opções"},{"$i":"opt-compose","$v":"Escrever"},{"$i":"opt-reply","$v":"Responder"},{"$i":"opt-reply-all","$v":"Responder a todos"},{"$i":"opt-forward","$v":"Reenviar"},{"$i":"opt-mark-read","$v":"Marcar como lida"},{"$i":"opt-mark-unread","$v":"Marcar como não lida"},{"$i":"opt-add-flag","$v":"Adicionar sinalizador"},{"$i":"opt-remove-flag","$v":"Remover sinalizador"},{"$i":"opt-move-message","$v":"Mover para a pasta"},{"$i":"opt-delete-message","$v":"Eliminar"},{"$i":"opt-multi-select","$v":"Selecionar vários"},{"$i":"opt-search","$v":"Pesquisar"},{"$i":"opt-folders","$v":"Ver pastas"},{"$i":"opt-sort","$v":"Ordenar"},{"$i":"opt-sync","$v":"Sincronizar"},{"$i":"opt-account","$v":"Mudar de conta"},{"$i":"opt-settings","$v":"Definições"},{"$i":"opt-edit","$v":"Editar"},{"$i":"opt-cancel","$v":"Cancelar"},{"$i":"opt-save","$v":"Guardar"},{"$i":"opt-move","$v":"Mover"},{"$i":"opt-view","$v":"Ver"},{"$i":"opt-empty-trash","$v":"Esvaziar lixo"},{"$i":"opt-call-number","$v":"Chamar"},{"$i":"opt-compose-mail","$v":"Escrever"},{"$i":"opt-open-url","$v":"Abrir"},{"$i":"select-option-on","$v":"Ativado"},{"$i":"select-option-off","$v":"Desativado"},{"$i":"select-option-imap-smtp","$v":"IMAP+SMTP"},{"$i":"select-option-pop3-smtp","$v":"POP3+SMTP"},{"$i":"select-option-activesync","$v":"ActiveSync"},{"$i":"toaster-switch-account","$v":"Conta de e-mail alterada para: "},{"$i":"toaster-sorted-by","$v":"E-mails ordenados por"},{"$i":"cmp-reply","$v":"Responder"},{"$i":"cmp-reply-all","$v":"Responder a todos"},{"$i":"cmp-forward","$v":"Reenviar mensagem"},{"$i":"cmp-remove-attach","$v":"Anexo removido"},{"$i":"select","$v":"Selecionar"},{"$i":"deselect","$v":"Desmarcar"},{"$i":"cancel","$v":"Cancelar"},{"$i":"enter","$v":"Introduzir"},{"$i":"remove-attachment","$v":"Remover anexo"},{"$i":"replace-attachment","$v":"Substituir anexo"},{"$i":"add-attachment","$v":"Adicionar anexo"},{"$i":"add-contact","$v":"Adicionar contacto"},{"$i":"add-cc","$v":"Adicionar Cc"},{"$i":"remove-cc","$v":"Remover Cc"},{"$i":"add-bcc","$v":"Adicionar Bcc"},{"$i":"remove-bcc","$v":"Remover Bcc"},{"$i":"attachment-download","$v":"Transferir"},{"$i":"attachment-share","$v":"Partilhar"},{"$i":"send-new-mail","$v":"Enviar novo e-mail"},{"$i":"view-contact","$v":"Ver contacto"},{"$i":"save-new-contact","$v":"Guardar novo contacto"},{"$i":"add-to-exsiting-contact","$v":"Adicionar a contacto existente"},{"$i":"no","$v":"Não"},{"$i":"yes","$v":"Sim"},{"$i":"retry","$v":"Tentar novamente"},{"$i":"empty","$v":"Vazio"},{"$i":"empty-trash-confirm","$v":"Esvaziar lixo?"},{"$i":"trash-emptied","$v":"Lixo esvaziado"},{"$i":"next","$v":"Avançar"},{"$i":"welcome-header","$v":"E-mail"},{"$i":"welcome-msg","$v":"Bem-vindo ao E-mail."},{"$i":"welcome-msg-setup","$v":"Prima Avançar para configurar a sua conta de e-mail."},{"$i":"discard","$v":"Rejeitar"},{"$i":"leave-this-page-warning-message","$v":"Pretende descartar as informações da conta de e-mail?"},{"$i":"finish","$v":"Terminar"},{"$i":"setup-done-msg","$v":"Iniciou sessão com êxito. Pretende adicionar outra conta?"},{"$i":"save-as-draft","$v":"Guardar como rascunho"},{"$i":"show-password","$v":"Mostrar palavra-passe"},{"$i":"account-label","$v":"Etiqueta da conta"},{"$i":"folders","$v":"Pastas"},{"$i":"security","$v":"Segurança"},{"$i":"port-number","$v":"Número da porta"},{"$i":"domain-username","$v":"Domínio\\Nome de utilizador"},{"$i":"synchronizing","$v":"A sincronizar..."},{"$i":"browse-mail","$v":"Procurar nos e-mails"},{"$i":"never-sync","$v":"Os rascunhos locais não são sincronizados com o servidor."},{"$i":"emptyDownloadFile","$v":"Não foi possível transferir este ficheiro, pode estar vazio"},{"$i":"sync","$v":"Sincronização"},{"$i":"outbox-unsent-label","$v":{"few":[{"t":"idOrVar","v":"n"}," mensagens não enviadas na Caixa de saída"],"many":[{"t":"idOrVar","v":"n"}," mensagens não enviadas na Caixa de saída"],"one":"1 mensagem não enviada na Caixa de saída","other":[{"t":"idOrVar","v":"n"}," mensagens não enviadas na Caixa de saída"],"two":"2 mensagens não enviadas na Caixa de saída"},"$x":[{"t":"idOrVar","v":"plural"},"n"]},{"$i":"storage-full-title","$v":"Armazenamento cheio"},{"$i":"storage-full-warning","$v":"Pode eliminar alguns ficheiros multimédia ou gerir dados de aplicações para obter mais espaço livre."},{"$i":"storage-full","$v":"Memória do telefone cheia."},{"$i":"storage-sdcard-full","$v":"Cartão SD cheio."},{"$i":"view-address","$v":"Ver endereço"},{"$i":"mail-address-title","$v":"Endereço de e-mail"},{"$i":"mail-address","$v":[{"t":"idOrVar","v":"address"}]},{"$i":"value-name","$v":[{"t":"idOrVar","v":"name"}]},{"$i":"account-deleted","$v":"Conta eliminada."},{"$i":"account-reEnable","$v":"A conta já existe. Sincronizar e-mails da conta?"},{"$i":"setup-account-usedInfo","$v":"Esta conta será utilizada pelas aplicações abaixo. Pode alterá-lo em Definições > Conta."},{"$i":"setup-account-settingsInfo","$v":"Cada aplicação tem intervalos de sincronização predefinidos diferentes. Verifique nas definições da aplicação."},{"$i":"app-calendar","$v":"Calendário"},{"$i":"app-contacts","$v":"Contactos"},{"$i":"app-email","$v":"E-mail"},{"$i":"weekday-0-long","$v":"Domingo"},{"$i":"weekday-1-long","$v":"Segunda-feira"},{"$i":"weekday-2-long","$v":"Terça-feira"},{"$i":"weekday-3-long","$v":"Quarta-feira"},{"$i":"weekday-4-long","$v":"Quinta-feira"},{"$i":"weekday-5-long","$v":"Sexta-feira"},{"$i":"weekday-6-long","$v":"Sábado"},{"$i":"weekday-0-short","$v":"Dom"},{"$i":"weekday-1-short","$v":"Seg"},{"$i":"weekday-2-short","$v":"Ter"},{"$i":"weekday-3-short","$v":"Qua"},{"$i":"weekday-4-short","$v":"Qui"},{"$i":"weekday-5-short","$v":"Sex"},{"$i":"weekday-6-short","$v":"Sáb"},{"$i":"month-0-long","$v":"Janeiro"},{"$i":"month-1-long","$v":"Fevereiro"},{"$i":"month-2-long","$v":"Março"},{"$i":"month-3-long","$v":"Abril"},{"$i":"month-4-long","$v":"Maio"},{"$i":"month-5-long","$v":"Junho"},{"$i":"month-6-long","$v":"Julho"},{"$i":"month-7-long","$v":"Agosto"},{"$i":"month-8-long","$v":"Setembro"},{"$i":"month-9-long","$v":"Outubro"},{"$i":"month-10-long","$v":"Novembro"},{"$i":"month-11-long","$v":"Dezembro"},{"$i":"month-0-genitive","$v":"Janeiro"},{"$i":"month-1-genitive","$v":"Fevereiro"},{"$i":"month-2-genitive","$v":"Março"},{"$i":"month-3-genitive","$v":"Abril"},{"$i":"month-4-genitive","$v":"Maio"},{"$i":"month-5-genitive","$v":"Junho"},{"$i":"month-6-genitive","$v":"Julho"},{"$i":"month-7-genitive","$v":"Agosto"},{"$i":"month-8-genitive","$v":"Setembro"},{"$i":"month-9-genitive","$v":"Outubro"},{"$i":"month-10-genitive","$v":"Novembro"},{"$i":"month-11-genitive","$v":"Dezembro"},{"$i":"month-0-short","$v":"Jan"},{"$i":"month-1-short","$v":"Fev"},{"$i":"month-2-short","$v":"Mar"},{"$i":"month-3-short","$v":"Abr"},{"$i":"month-4-short","$v":"Mai"},{"$i":"month-5-short","$v":"Jun"},{"$i":"month-6-short","$v":"Jul"},{"$i":"month-7-short","$v":"Ago"},{"$i":"month-8-short","$v":"Set"},{"$i":"month-9-short","$v":"Out"},{"$i":"month-10-short","$v":"Nov"},{"$i":"month-11-short","$v":"Dez"},{"$i":"minutes-ago-long","$v":{"few":[{"t":"idOrVar","v":"value"}," minutos atrás"],"many":[{"t":"idOrVar","v":"value"}," minutos atrás"],"one":"há um minuto","other":[{"t":"idOrVar","v":"value"}," minutos atrás"],"two":[{"t":"idOrVar","v":"value"}," minutos atrás"],"zero":"mesmo agora"},"$x":[{"t":"idOrVar","v":"plural"},"value"]},{"$i":"hours-ago-long","$v":{"few":[{"t":"idOrVar","v":"value"}," horas atrás"],"many":[{"t":"idOrVar","v":"value"}," horas atrás"],"one":"há uma hora","other":[{"t":"idOrVar","v":"value"}," horas atrás"],"two":[{"t":"idOrVar","v":"value"}," horas atrás"],"zero":"mesmo agora"},"$x":[{"t":"idOrVar","v":"plural"},"value"]},{"$i":"days-ago-long","$v":{"few":[{"t":"idOrVar","v":"value"}," dias atrás"],"many":[{"t":"idOrVar","v":"value"}," dias atrás"],"one":"ontem","other":[{"t":"idOrVar","v":"value"}," dias atrás"],"two":[{"t":"idOrVar","v":"value"}," dias atrás"],"zero":"hoje"},"$x":[{"t":"idOrVar","v":"plural"},"value"]},{"$i":"weeks-ago-long","$v":{"few":[{"t":"idOrVar","v":"value"}," semanas atrás"],"many":[{"t":"idOrVar","v":"value"}," semanas atrás"],"one":"semana passada","other":[{"t":"idOrVar","v":"value"}," semanas atrás"],"two":[{"t":"idOrVar","v":"value"}," semanas atrás"],"zero":"esta semana"},"$x":[{"t":"idOrVar","v":"plural"},"value"]},{"$i":"months-ago-long","$v":{"few":[{"t":"idOrVar","v":"value"}," meses atrás"],"many":[{"t":"idOrVar","v":"value"}," meses atrás"],"one":"mês passado","other":[{"t":"idOrVar","v":"value"}," meses atrás"],"two":[{"t":"idOrVar","v":"value"}," meses atrás"],"zero":"este mês"},"$x":[{"t":"idOrVar","v":"plural"},"value"]},{"$i":"years-ago-long","$v":{"few":[{"t":"idOrVar","v":"value"}," anos atrás"],"many":[{"t":"idOrVar","v":"value"}," anos atrás"],"one":"ano passado","other":[{"t":"idOrVar","v":"value"}," anos atrás"],"two":[{"t":"idOrVar","v":"value"}," anos atrás"],"zero":"este ano"},"$x":[{"t":"idOrVar","v":"plural"},"value"]},{"$i":"minutes-until-long","$v":{"few":["em ",{"t":"idOrVar","v":"value"}," minutos"],"many":["em ",{"t":"idOrVar","v":"value"}," minutos"],"one":"em um minuto","other":["em ",{"t":"idOrVar","v":"value"}," minutos"],"two":["em ",{"t":"idOrVar","v":"value"}," minutos"],"zero":"agora"},"$x":[{"t":"idOrVar","v":"plural"},"value"]},{"$i":"hours-until-long","$v":{"few":["em ",{"t":"idOrVar","v":"value"}," horas"],"many":["em ",{"t":"idOrVar","v":"value"}," horas"],"one":"dentro de uma hora","other":["em ",{"t":"idOrVar","v":"value"}," horas"],"two":["em ",{"t":"idOrVar","v":"value"}," horas"],"zero":"agora"},"$x":[{"t":"idOrVar","v":"plural"},"value"]},{"$i":"days-until-long","$v":{"few":["em ",{"t":"idOrVar","v":"value"}," dias"],"many":["em ",{"t":"idOrVar","v":"value"}," dias"],"one":"amanhã","other":["em ",{"t":"idOrVar","v":"value"}," dias"],"two":["em ",{"t":"idOrVar","v":"value"}," dias"],"zero":"hoje"},"$x":[{"t":"idOrVar","v":"plural"},"value"]},{"$i":"weeks-until-long","$v":{"few":["em ",{"t":"idOrVar","v":"value"}," semanas"],"many":["em ",{"t":"idOrVar","v":"value"}," semanas"],"one":"próxima semana","other":["em ",{"t":"idOrVar","v":"value"}," semanas"],"two":["em ",{"t":"idOrVar","v":"value"}," semanas"],"zero":"esta semana"},"$x":[{"t":"idOrVar","v":"plural"},"value"]},{"$i":"months-until-long","$v":{"few":["em ",{"t":"idOrVar","v":"value"}," meses"],"many":["em ",{"t":"idOrVar","v":"value"}," meses"],"one":"próximo mês","other":["em ",{"t":"idOrVar","v":"value"}," meses"],"two":["em ",{"t":"idOrVar","v":"value"}," meses"],"zero":"este mês"},"$x":[{"t":"idOrVar","v":"plural"},"value"]},{"$i":"years-until-long","$v":{"few":["em ",{"t":"idOrVar","v":"value"}," anos"],"many":["em ",{"t":"idOrVar","v":"value"}," anos"],"one":"próximo ano","other":["em ",{"t":"idOrVar","v":"value"}," anos"],"two":["em ",{"t":"idOrVar","v":"value"}," anos"],"zero":"este ano"},"$x":[{"t":"idOrVar","v":"plural"},"value"]},{"$i":"minutes-ago-short","$v":{"other":[{"t":"idOrVar","v":"value"},"m atrás"],"zero":"mesmo agora"},"$x":[{"t":"idOrVar","v":"plural"},"value"]},{"$i":"hours-ago-short","$v":{"other":[{"t":"idOrVar","v":"value"},"h atrás"],"zero":"mesmo agora"},"$x":[{"t":"idOrVar","v":"plural"},"value"]},{"$i":"days-ago-short","$v":{"other":[{"t":"idOrVar","v":"value"},"d atrás"],"zero":"hoje"},"$x":[{"t":"idOrVar","v":"plural"},"value"]},{"$i":"minutes-until-short","$v":{"other":["em ",{"t":"idOrVar","v":"value"},"m"],"zero":"agora"},"$x":[{"t":"idOrVar","v":"plural"},"value"]},{"$i":"hours-until-short","$v":{"other":["em ",{"t":"idOrVar","v":"value"},"h"],"zero":"agora"},"$x":[{"t":"idOrVar","v":"plural"},"value"]},{"$i":"days-until-short","$v":{"other":["em ",{"t":"idOrVar","v":"value"},"d"],"zero":"hoje"},"$x":[{"t":"idOrVar","v":"plural"},"value"]},{"$i":"incorrectDate","$v":"(data incorreta)"},{"$i":"dateTimeFormat_%c","$v":"%a %b %e %Y %I:%M:%S %p"},{"$i":"dateTimeFormat_%x","$v":"%d/%m/%Y"},{"$i":"dateTimeFormat_%X","$v":"%I:%M:%S %p"},{"$i":"shortTimeFormat","$v":"%I:%M %p"},{"$i":"shortTimeFormat12","$v":"%I:%M %p"},{"$i":"shortTimeFormat24","$v":"%H:%M"},{"$i":"shortDateTimeFormat","$v":"%x %I:%M %p"},{"$i":"weekStartsOnMonday","$v":"0.0"},{"$i":"firstDayOfTheWeek","$v":"1.0"},{"$i":"time_am","$v":"AM"},{"$i":"time_pm","$v":"PM"}]