[{"$i":"setup-app-name-header","$v":"E-mail"},{"$i":"setup-empty-account-message","$v":"Nu aveți configurările necesare pentru a trimite sau primi e-mailuri. Configurați un cont pentru a finaliza acțiunea."},{"$i":"setup-pick-service","$v":"Pentru a trimite și a primi e-mailuri, va trebui să vă configurați un cont."},{"$i":"setup-account-header3","$v":"Conectare la cont"},{"$i":"setup-account-password","$v":"Parolă"},{"$i":"setup-info-next","$v":"Înainte"},{"$i":"setup-progress-wait-msg","$v":"Setare cont"},{"$i":"setup-sync-progress-wait-msg","$v":"Sincronizare cont"},{"$i":"setup-completed-header","$v":"Felicitări!"},{"$i":"setup-completed-label","$v":"Gata!"},{"$i":"setup-add-another-account","$v":"Adăugați un alt cont"},{"$i":"setup-show-mail","$v":"Continuați la e-mail"},{"$i":"setup-done-add","$v":"Adăugare cont"},{"$i":"setup-error-offline","$v":"Acest dispozitiv este momentan offline. Conectați-vă la o rețea și încercați din nou."},{"$i":"setup-error-bad-user-or-pass2","$v":"Nume de utilizator incorect sau parolă incorecte. Verificați dacă nu există greșeli de ortografie."},{"$i":"setup-error-bad-address","$v":"Adresă e-mail incorectă. Verificați dacă nu există greșeli de ortografie."},{"$i":"setup-error-not-authorized","$v":"Serverul vă informează că nu sunteți autorizat să creați un cont"},{"$i":"setup-error-pop-server-not-great","$v":"Server neacceptat. Serverul POP3 nu implementează funcțiile obligatorii."},{"$i":"setup-error-unknown2","$v":"A apărut o eroare necunoscută. Verificați conexiunea la rețea sau încercați opțiunea de configurare manuală."},{"$i":"setup-error-needs-app-pass","$v":"Trebuie să utilizați o parolă specifică aplicației pentru conturile Gmail cu doi factori"},{"$i":"setup-error-imap-disabled","$v":"Trebuie să activați funcția IMAP pentru contul dvs. Gmail"},{"$i":"setup-error-pop3-disabled","$v":"Trebuie să activați funcția POP3 pentru contul dvs. Gmail"},{"$i":"setup-error-bad-security","$v":["Nu s-a putut stabili o conexiune securizată cu „",{"t":"idOrVar","v":"server"},"”. Este posibil să existe o problemă cu rețeaua sau cu serverul dvs."]},{"$i":"setup-error-unresponsive-server","$v":["Nu s-a putut stabili o conexiune cu „",{"t":"idOrVar","v":"server"},"”. Este posibil să existe o problemă cu rețeaua."]},{"$i":"setup-error-server-problem","$v":["Există o problemă cu serverul „",{"t":"idOrVar","v":"server"},"”. Încercați din nou mai târziu."]},{"$i":"setup-error-no-config-info","$v":"Contul dvs. nu a putut fi configurat automat. Corectați adresa e-mail sau încercați opțiunea de configurare manuală."},{"$i":"setup-error-server-maintenance","$v":["Serverul „",{"t":"idOrVar","v":"server"},"” este offline din motive de întreținere. Încercați din nou mai târziu."]},{"$i":"setup-error-account-already-exists","$v":"Acest cont este deja configurat."},{"$i":"setup-manual-config2","$v":"Setări avansate"},{"$i":"setup-manual-config-header","$v":"Conectare la cont"},{"$i":"setup-manual-account-type-header","$v":"Tipul contului"},{"$i":"setup-manual-account-type","$v":"Tipul contului"},{"$i":"setup-manual-account-type-select","ariaLabel":"Tipul contului"},{"$i":"setup-manual-imap-header","$v":"Setări IMAP"},{"$i":"setup-manual-pop3-header","$v":"Setări POP3"},{"$i":"setup-manual-smtp-header","$v":"Setări SMTP"},{"$i":"setup-manual-activesync-header","$v":"Setări ActiveSync"},{"$i":"setup-manual-next","$v":"Înainte"},{"$i":"setup-manual-socket","$v":"Tip priză"},{"$i":"setup-manual-socket-ssl","$v":"SSL"},{"$i":"setup-manual-socket-starttls","$v":"STARTTLS"},{"$i":"setup-manual-socket-select","ariaLabel":"Securitate conexiune"},{"$i":"setup-manual-socket-plain","$v":"Necriptat"},{"$i":"setup-bad-password-header","$v":"Parolă incorectă"},{"$i":"setup-bad-password","$v":"Nu s-a putut efectua autentificarea pe server. Încercați să reintroduceți parola."},{"$i":"setup-new-password","placeholder":"Parolă nouă"},{"$i":"setup-fix-password","$v":"Încercați din nou cu parola nouă"},{"$i":"setup-gmail-twofactor-header","$v":"Activare cu doi factori"},{"$i":"setup-gmail-twofactor-message","$v":"Trebuie să introduceți o parolă specifică aplicației mai jos."},{"$i":"setup-gmail-imap-header","$v":"IMAP dezactivat"},{"$i":"setup-gmail-imap-message","$v":"Trebuie să activați funcția IMAP în contul dvs. Gmail"},{"$i":"setup-gmail-retry","$v":"Reîncercare"},{"$i":"setup-gmail-pop3-header","$v":"POP3 dezactivat"},{"$i":"setup-gmail-pop3-message","$v":"Trebuie să activați funcția POP3 în contul dvs. Gmail"},{"$i":"setup-fix-oauth2-header","$v":"Reautorizare e-mail"},{"$i":"setup-fix-oauth2-description","$v":"E-mailul trebuie reautorizat pentru a accesa următorul cont:"},{"$i":"setup-fix-oauth2-reauthorize","$v":"Reautorizare"},{"$i":"settings-main-header","$v":"Setări e-mail"},{"$i":"settings-sub-header-account","$v":"Cont"},{"$i":"settings-account-group","ariaLabel":"Cont"},{"$i":"settings-account-name","$v":"Numele dvs."},{"$i":"settings-account-label","$v":"Etichetă cont"},{"$i":"settings-account-display-notifications","$v":"Afișare notificări e-mail noi"},{"$i":"settings-account-play-sound-onsend","$v":"Redare sunet după trimiterea mesajului"},{"$i":"settings-account-signature-label","$v":"Semnătură"},{"$i":"settings-sub-header-data","$v":"Date"},{"$i":"settings-data-group","ariaLabel":"Date"},{"$i":"settings-account-check-mail","$v":"Verificați dacă există mesaje noi"},{"$i":"settings-account-check-mail-select","ariaLabel":"Verificați dacă există mesaje noi"},{"$i":"settings-sub-header-server","$v":"Setări server"},{"$i":"settings-server-group","ariaLabel":"Setări server"},{"$i":"settings-account-userpass","$v":"Nume de utilizator și parolă"},{"$i":"settings-account-useroauth2","$v":"Nume de utilizator"},{"$i":"settings-default-signature-2","$v":"Trimis de pe telefonul meu"},{"$i":"settings-done","$v":"Gata"},{"$i":"settings-account-section","$v":"Conturi"},{"$i":"settings-account-listbox","ariaLabel":"Conturi"},{"$i":"settings-account-add","$v":"Adăugare"},{"$i":"settings-account-delete","$v":"Ștergere cont"},{"$i":"settings-account-delete-prompt","$v":["Sigur doriți să ștergeți contul e-mail ",{"t":"idOrVar","v":"account"},"?"]},{"$i":"settings-account-delete-desc","$v":"Va trebui să descărcați din nou e-mailul dacă vă creați din nou contul."},{"$i":"settings-account-delete-cancel","$v":"Anulare"},{"$i":"settings-account-delete-confirm","$v":"Ștergere"},{"$i":"settings-account-clarify","$v":[{"t":"idOrVar","v":"account-name"}]},{"$i":"settings-account-clarify-imap","$v":[{"t":"idOrVar","v":"account-name"}," (IMAP)"]},{"$i":"settings-account-clarify-pop3","$v":[{"t":"idOrVar","v":"account-name"}," (POP3)"]},{"$i":"settings-account-clarify-smtp","$v":[{"t":"idOrVar","v":"account-name"}," (SMTP)"]},{"$i":"settings-general-section","$v":"Setări generale"},{"$i":"settings-show-images","$v":"Afișează întotdeauna imaginile"},{"$i":"settings-download-attachments","$v":"Descărcare fișiere anexate"},{"$i":"settings-check-every-5min","$v":"La fiecare 5 minute"},{"$i":"settings-check-every-10min","$v":"La fiecare 10 minute"},{"$i":"settings-check-every-15min","$v":"La fiecare 15 minute"},{"$i":"settings-check-every-30min","$v":"La fiecare 30 de minute"},{"$i":"settings-check-every-60min","$v":"La fiecare oră"},{"$i":"settings-check-every-manual","$v":"Manual"},{"$i":"settings-check-dynamic","$v":{"few":[{"t":"idOrVar","v":"n"}," secunde"],"many":[{"t":"idOrVar","v":"n"}," secunde"],"one":[{"t":"idOrVar","v":"n"}," secundă"],"other":[{"t":"idOrVar","v":"n"}," secunde"],"two":[{"t":"idOrVar","v":"n"}," secunde"],"zero":"dezactivat"},"$x":[{"t":"idOrVar","v":"plural"},"n"]},{"$i":"settings-default-account","$v":"Setare ca e-mail implicit"},{"$i":"settings-account-type","$v":"Tipul contului"},{"$i":"settings-account-credentials","$v":"Date de autentificare"},{"$i":"settings-activesync-label","$v":"Setări ActiveSync"},{"$i":"settings-imap-label","$v":"Setări IMAP"},{"$i":"settings-pop3-label","$v":"Setări POP3"},{"$i":"settings-smtp-label","$v":"Setări SMTP"},{"$i":"settings-hostname","$v":"Nume gazdă"},{"$i":"settings-port","$v":"Port"},{"$i":"settings-username","$v":"Nume de utilizator"},{"$i":"settings-password","$v":"Parolă"},{"$i":"settings-save","$v":"Salvare"},{"$i":"password-saved","$v":"Parola a fost salvată."},{"$i":"settings-reauth","$v":"Reautorizare"},{"$i":"settings-account-synchronize-window","$v":"Zile de sincronizare"},{"$i":"settings-account-synchronize-window-select","ariaLabel":"Zile de sincronizare"},{"$i":"settings-synchronize-auto","$v":"Automat"},{"$i":"settings-synchronize-one-day","$v":"1 zi"},{"$i":"settings-synchronize-three-days","$v":"3 zile"},{"$i":"settings-synchronize-one-week","$v":"1 săptămână"},{"$i":"settings-synchronize-two-weeks","$v":"2 săptămâni"},{"$i":"settings-synchronize-one-month","$v":"1 lună"},{"$i":"settings-synchronize-all","$v":"Toate mesajele"},{"$i":"envelope-from","$v":"De la"},{"$i":"envelope-to","$v":"Către"},{"$i":"envelope-cc","$v":"Cc"},{"$i":"envelope-bcc","$v":"Bcc"},{"$i":"message-header-state-sending","ariaLabel":"Trimitere în curs"},{"$i":"message-header-state-error","ariaLabel":"Eroare în timpul trimiterii"},{"$i":"message-header-unread","ariaLabel":"Necitit"},{"$i":"message-header-reply","ariaLabel":"Răspundeți"},{"$i":"message-header-forward","ariaLabel":"Redirecționare"},{"$i":"message-header-starred","ariaLabel":"Are o stea"},{"$i":"message-header-attachments","ariaLabel":"Are fișiere anexate"},{"$i":"message-body-container","ariaLabel":"Corp mesaj"},{"$i":"message-body-container-progress","ariaValueText":"Încărcare în curs"},{"$i":"subject","ariaLabel":"Subiect"},{"$i":"attachments-container","ariaLabel":"Fișiere anexate"},{"$i":"from-group","ariaLabel":"De la"},{"$i":"to-group","ariaLabel":"Către"},{"$i":"cc-group","ariaLabel":"CC"},{"$i":"bcc-group","ariaLabel":"BCC"},{"$i":"compose-header","$v":"Scrieți un mesaj"},{"$i":"compose-header-short","$v":"Scrieți mesaj"},{"$i":"compose-send","$v":"Trimitere"},{"$i":"compose-send-button","ariaLabel":"Trimitere"},{"$i":"compose-to","$v":"Către"},{"$i":"compose-cc","$v":"Cc"},{"$i":"compose-bcc","$v":"Bcc"},{"$i":"compose-cc-remove","$v":"Lista Bcc a fost eliminată."},{"$i":"compose-bcc-remove","$v":"Încercați să căutați manual mai târziu."},{"$i":"compose-contact-add","ariaLabel":"Adăugare contact"},{"$i":"compose-attachments","$v":{"few":["Fișiere anexate (",{"t":"idOrVar","v":"n"},")"],"many":["Fișiere anexate (",{"t":"idOrVar","v":"n"},")"],"one":["Fișier anexat (",{"t":"idOrVar","v":"n"},")"],"other":["Fișiere anexate (",{"t":"idOrVar","v":"n"},")"],"two":["Fișiere anexate (",{"t":"idOrVar","v":"n"},")"],"zero":"Fișier anexat"},"$x":[{"t":"idOrVar","v":"plural"},"n"]},{"$i":"compose-text","ariaLabel":"Modificare"},{"$i":"compose-attachment-still-working","$v":"Așteptați. Fișierul anexat anterior este încă în curs de procesare..."},{"$i":"compose-attachment-loading","$v":"Se încarcă fișierul anexat..."},{"$i":"compose-attachments-loading","$v":"Se încarcă fișierele anexate..."},{"$i":"compose-forward-attachment-error-title","$v":"Descărcarea nu a reușit."},{"$i":"compose-forward-attachment-error-title2","$v":"Eroare"},{"$i":"compose-forward-attachment-unable-load","$v":"Fișierul anexat nu poate fi încărcat."},{"$i":"compose-forward-attachments-unable-load","$v":"Fișierele anexate nu pot fi încărcate."},{"$i":"compose-forward-attachment-load-error","$v":"Anumite fișiere anexate nu au putut fi încărcate."},{"$i":"confirmation-title","$v":"Confirmare"},{"$i":"compose-subject","$v":"Subiect"},{"$i":"compose-draft-save","$v":"Salvați în Schițe locale?"},{"$i":"compose-discard-confirm","$v":"Anulare"},{"$i":"compose-draft-dialog-cancel","$v":"Anulare"},{"$i":"compose-draft-dialog-save","$v":"Salvare"},{"$i":"composer-draft-saved","$v":"Mesajul a fost salvat în Schițe locale"},{"$i":"attention","$v":"Atenție"},{"$i":"compose-send-message-failed","$v":"E-mailul nu a putut fi trimis"},{"$i":"compose-attchment-size-exceeded","$v":"Fișierul anexat selectat este prea mare pentru a fi expediat cu acest mesaj."},{"$i":"compose-attchments-size-exceeded","$v":"Fișierele anexate selectate sunt prea mari pentru a fi expediate cu acest mesaj. Încercați să selectați mai puține fișiere."},{"$i":"composer-attachment-large-title","$v":"Fișier prea mare"},{"$i":"default-attachment-filename","$v":["fișier anexat ",{"t":"idOrVar","v":"n"}]},{"$i":"attachment-size-meb","$v":[{"t":"idOrVar","v":"megabytes"}," MB"]},{"$i":"attachment-size-kib","$v":[{"t":"idOrVar","v":"kilobytes"}," KB"]},{"$i":"attachment-size-byte","$v":[{"t":"idOrVar","v":"bytes"}," B"]},{"$i":"message-attachment-view","$v":"Afișare"},{"$i":"message-attachment-did-not-open-label","$v":"Nu se poate deschide"},{"$i":"message-attachment-did-not-open-body","$v":"Dispozitivul nu are o aplicație care să poată deschide fișierul anexat."},{"$i":"message-attachment-too-large","$v":"Acest fișier este prea mare pentru a fi descărcat."},{"$i":"message-attachment-not-found","$v":"Fișierul anexat nu a putut fi găsit. Este posibil să fi fost șters."},{"$i":"message-attachment-download-fail","$v":["Descărcarea fișierului ",{"t":"idOrVar","v":"fileName"}," a eșuat"]},{"$i":"message-no-subject","$v":"(nu există subiect)"},{"$i":"message-edit-menu-edit","$v":"Modificare"},{"$i":"message-edit-menu-delete","$v":"Ștergere"},{"$i":"message-edit-delete-confirm","$v":"Ștergeți mesajul e-mail?"},{"$i":"message-forward-attachment-title","$v":"Fișier anexat"},{"$i":"message-forward-attachment","$v":"Redirecționați și fișierul anexat?"},{"$i":"message-forward-attachments","$v":"Redirecționați și fișierele anexate?"},{"$i":"message-multiedit-header","$v":{"few":[{"t":"idOrVar","v":"n"}," selectat(e)"],"many":[{"t":"idOrVar","v":"n"}," selectat(e)"],"one":[{"t":"idOrVar","v":"n"}," selectat(e)"],"other":[{"t":"idOrVar","v":"n"}," selectat(e)"],"two":[{"t":"idOrVar","v":"n"}," selectat(e)"],"zero":[{"t":"idOrVar","v":"n"}," selectat(e)"]},"$x":[{"t":"idOrVar","v":"plural"},"n"]},{"$i":"message-multiedit-search-header","$v":{"few":[{"t":"idOrVar","v":"n"}," selectat(e)"],"many":[{"t":"idOrVar","v":"n"}," selectat(e)"],"one":[{"t":"idOrVar","v":"n"}," selectat(e)"],"other":[{"t":"idOrVar","v":"n"}," selectat(e)"],"two":[{"t":"idOrVar","v":"n"}," selectat(e)"],"zero":"0 selectate"},"$x":[{"t":"idOrVar","v":"plural"},"n"]},{"$i":"browse-to-url-prompt","$v":["Navigați la URL?: ",{"t":"idOrVar","v":"url"}]},{"$i":"message-download-images-tap","$v":{"few":["Acest e-mail conține ",{"t":"idOrVar","v":"n"}," imagini. Atingeți pentru a descărca."],"many":["Acest e-mail conține ",{"t":"idOrVar","v":"n"}," imagini. Atingeți pentru a descărca."],"one":"Acest e-mail conține o imagine. Atingeți pentru a descărca.","other":["Acest e-mail conține ",{"t":"idOrVar","v":"n"}," imagini. Atingeți pentru a descărca."],"two":["Acest e-mail conține ",{"t":"idOrVar","v":"n"}," imagini. Atingeți pentru a descărca."]},"$x":[{"t":"idOrVar","v":"plural"},"n"]},{"$i":"message-show-external-images","$v":"Afișați imaginile externe"},{"$i":"message-delete-cancel","$v":"Anulare"},{"$i":"message-multiedit-delete-confirm","$v":{"few":["Ștergeți ",{"t":"idOrVar","v":"n"}," mesaje?"],"many":["Ștergeți ",{"t":"idOrVar","v":"n"}," mesaje?"],"one":"Ștergeți mesajul selectat?","other":["Ștergeți ",{"t":"idOrVar","v":"n"}," mesaje?"],"two":["Ștergeți ",{"t":"idOrVar","v":"n"}," mesaje?"]},"$x":[{"t":"idOrVar","v":"plural"},"n"]},{"$i":"message-large-message-cancel","$v":"Anulare"},{"$i":"message-large-message-ok","$v":"Continuare"},{"$i":"message-large-message-confirm","$v":"Acest mesaj este mare și descărcarea sa poate dura mult timp."},{"$i":"message-large-message-warning","$v":"Mesajul este prea mare pentru a fi încărcat."},{"$i":"message-search-header","$v":"Căutare"},{"$i":"search-result","$v":[{"t":"idOrVar","v":"num"}," potrivire găsită"]},{"$i":"message-search-from","$v":"De la"},{"$i":"message-search-to","$v":"Către"},{"$i":"message-search-subject","$v":"Subiect"},{"$i":"message-search-body","$v":"Corp"},{"$i":"message-search-all","$v":"Toate"},{"$i":"message-search-input","placeholder":"Căutare e-mail"},{"$i":"message-search-cancel","$v":"Anulare"},{"$i":"messages-syncing","$v":"Se încarcă mesajele"},{"$i":"messages-syncing-progressbar","ariaValueText":"Se încarcă mesajele"},{"$i":"messages-load-more","$v":"Încărcați mai multe mesaje"},{"$i":"messages-folder-empty","$v":"Nu există niciun e-mail în acest dosar"},{"$i":"messages-search-empty","$v":"Nu există nicio potrivire în mesajele din memoria cache locală"},{"$i":"messages-folder-select","$v":"Mutare în dosar"},{"$i":"messages-folder-unread-max","$v":"999+"},{"$i":"message-contact-menu-create","$v":"Salvare contact nou"},{"$i":"message-contact-menu-add-existing","$v":"Adăugare la contactul existent"},{"$i":"message-contact-menu-view","$v":"Afișare contact"},{"$i":"message-contact-menu-reply","$v":"Răspundeți"},{"$i":"message-contact-menu-new","$v":"Trimiteți un e-mail nou"},{"$i":"message-reply-menu-reply","$v":"Răspundeți"},{"$i":"message-reply-menu-reply-all","$v":"Răspundeți tuturor"},{"$i":"message-reply-menu-forward","$v":"Redirecționare"},{"$i":"message-reply-menu-cancel","$v":"Anulare"},{"$i":"reply-quoting-wrote","$v":"{name} a scris"},{"$i":"forward-original-message","$v":"Mesajul inițial"},{"$i":"forward-header-subject","$v":"Subiect"},{"$i":"forward-header-date","$v":"Dată"},{"$i":"forward-header-from","$v":"De la"},{"$i":"forward-header-reply-to","$v":"Trimiteți răspuns către"},{"$i":"forward-header-to","$v":"Către"},{"$i":"forward-header-cc","$v":"Cc"},{"$i":"folder-inbox","$v":"Mesaje primite"},{"$i":"folder-sent","$v":"Mesaje trimise"},{"$i":"folder-drafts","$v":"Schițe"},{"$i":"folder-trash","$v":"Coș de gunoi"},{"$i":"folder-queue","$v":"Mesaje netrimise"},{"$i":"folder-junk","$v":"Fișiere nedorite"},{"$i":"folder-archives","$v":"Arhive"},{"$i":"folder-localdrafts","$v":"Schițe locale"},{"$i":"folder-outbox","$v":"Mesaje în curs de trimitere"},{"$i":"drawer-back","$v":"Înapoi"},{"$i":"drawer-accounts-header","$v":"Conturi"},{"$i":"drawer-settings-link","$v":"Setări"},{"$i":"folder-last-synced-label","$v":"Ultima sincronizare:"},{"$i":"messages-refresh-progress","ariaValueText":"Se actualizează"},{"$i":"no-internet-connection","$v":"Nu există conexiune la internet."},{"$i":"toaster-undo","$v":"Anulare"},{"$i":"toaster-message-star","$v":{"few":[{"t":"idOrVar","v":"n"}," mesaje marcate"],"many":[{"t":"idOrVar","v":"n"}," mesaje marcate"],"one":"Mesaj marcat","other":[{"t":"idOrVar","v":"n"}," mesaje marcate"],"two":[{"t":"idOrVar","v":"n"}," mesaje marcate"]},"$x":[{"t":"idOrVar","v":"plural"},"n"]},{"$i":"toaster-message-unstar","$v":{"few":[{"t":"idOrVar","v":"n"}," marcaje mesaje eliminate"],"many":[{"t":"idOrVar","v":"n"}," marcaje mesaje eliminate"],"one":"Marcaj mesaj eliminat","other":[{"t":"idOrVar","v":"n"}," marcaje mesaje eliminate"],"two":[{"t":"idOrVar","v":"n"}," marcaje mesaje eliminate"]},"$x":[{"t":"idOrVar","v":"plural"},"n"]},{"$i":"toaster-message-read","$v":{"few":[{"t":"idOrVar","v":"n"}," mesaje marcate ca citite"],"many":[{"t":"idOrVar","v":"n"}," mesaje marcate ca citite"],"one":"Mesaj marcat ca citit","other":[{"t":"idOrVar","v":"n"}," mesaje marcate ca citite"],"two":[{"t":"idOrVar","v":"n"}," mesaje marcate ca citite"]},"$x":[{"t":"idOrVar","v":"plural"},"n"]},{"$i":"toaster-message-unread","$v":{"few":[{"t":"idOrVar","v":"n"}," mesaje marcate ca necitite"],"many":[{"t":"idOrVar","v":"n"}," mesaje marcate ca necitite"],"one":"Mesaj marcat ca necitit","other":[{"t":"idOrVar","v":"n"}," mesaje marcate ca necitite"],"two":[{"t":"idOrVar","v":"n"}," mesaje marcate ca necitite"]},"$x":[{"t":"idOrVar","v":"plural"},"n"]},{"$i":"toaster-message-move","$v":{"few":[{"t":"idOrVar","v":"n"}," mesaje mutate în dosarul:"],"many":[{"t":"idOrVar","v":"n"}," mesaje mutate în dosarul:"],"one":"Mesaj mutat în dosarul:","other":[{"t":"idOrVar","v":"n"}," mesaje mutate în dosarul:"],"two":[{"t":"idOrVar","v":"n"}," mesaje mutate în dosarul:"]},"$x":[{"t":"idOrVar","v":"plural"},"n"]},{"$i":"toaster-message-delete","$v":{"few":[{"t":"idOrVar","v":"n"}," e-mailuri șterse"],"many":[{"t":"idOrVar","v":"n"}," e-mailuri șterse"],"one":"1 e-mail șters","other":[{"t":"idOrVar","v":"n"}," e-mailuri șterse"],"two":[{"t":"idOrVar","v":"n"}," e-mailuri șterse"]},"$x":[{"t":"idOrVar","v":"plural"},"n"]},{"$i":"toaster-sync-failed","$v":"Nu este posibilă conectarea la server."},{"$i":"compose-invalid-addresses-title","$v":"Adrese incorecte"},{"$i":"compose-invalid-addresses-description","$v":"Mesajul dvs. conține una sau mai multe adrese e-mail incorecte. Corectați-le înainte de a-l trimite."},{"$i":"background-send-pending","$v":"Rețea indisponibilă. E-mailul a fost salvat în căsuța pentru mesaje în curs de trimitere."},{"$i":"background-send-sending","$v":"Se trimite e-mailul..."},{"$i":"background-send-success","$v":"E-mail trimis."},{"$i":"background-send-error","$v":"A apărut o eroare. E-mailul a fost salvat în căsuța pentru mesaje în curs de trimitere."},{"$i":"background-send-error-recipients","$v":"Eroare destinatar. E-mailul a fost salvat în căsuța pentru mesaje în curs de trimitere."},{"$i":"background-send-error-title","$v":"E-mailul nu a putut fi trimis"},{"$i":"send-failure-recipients","$v":"Verificați scrierea adreselor de mai sus. Serverul e-mail a indicat că una sau mai multe dintre adresele de mai sus sunt incorecte."},{"$i":"send-failure-unknown","$v":"Mesajul nu a putut fi trimis."},{"$i":"form-clear-input","$v":"Eliminați textul"},{"$i":"confirm-dialog-title","$v":"Confirmare"},{"$i":"confirm-dialog-ok","$v":"OK"},{"$i":"msg-display-subject","$v":"Subiect"},{"$i":"msg-reader-display-attachments","$v":"Fișiere anexate"},{"$i":"msg-reader-display-attachment","$v":"Fișier anexat"},{"$i":"msg-reader-download-external-images","$v":["Descărcați imaginile externe (",{"t":"idOrVar","v":"n"}," MB)"]},{"$i":"msg-reader-sender-header","$v":"De la"},{"$i":"msg-reader-recipients-header","$v":"Destinatari"},{"$i":"msg-reader-cc-header","$v":"Cc"},{"$i":"msg-reader-bcc-header","$v":"Bcc"},{"$i":"msg-reader-message-flagged","$v":"Mesaj marcat"},{"$i":"msg-reader-flag-removed","$v":"Marcaj eliminat"},{"$i":"external-image-downloading","$v":"Se descarcă..."},{"$i":"senders-separation-sign","$v":", "},{"$i":"new-messages","$v":{"few":[{"t":"idOrVar","v":"n"}," mesaje noi"],"many":[{"t":"idOrVar","v":"n"}," mesaje noi"],"one":"1 mesaj nou","other":[{"t":"idOrVar","v":"n"}," mesaje noi"],"two":[{"t":"idOrVar","v":"n"}," mesaje noi"]},"$x":[{"t":"idOrVar","v":"plural"},"n"]},{"$i":"new-emails-notify-one-account","$v":{"few":[{"t":"idOrVar","v":"n"}," e-mailuri noi"],"many":[{"t":"idOrVar","v":"n"}," e-mailuri noi"],"one":"1 e-mail nou","other":[{"t":"idOrVar","v":"n"}," e-mailuri noi"],"two":[{"t":"idOrVar","v":"n"}," e-mailuri noi"]},"$x":[{"t":"idOrVar","v":"plural"},"n"]},{"$i":"new-emails-notify-multiple-accounts","$v":{"few":[{"t":"idOrVar","v":"n"}," e-mailuri noi (",{"t":"idOrVar","v":"accountName"},")"],"many":[{"t":"idOrVar","v":"n"}," e-mailuri noi (",{"t":"idOrVar","v":"accountName"},")"],"one":["1 e-mail nou (",{"t":"idOrVar","v":"accountName"},")"],"other":[{"t":"idOrVar","v":"n"}," e-mailuri noi (",{"t":"idOrVar","v":"accountName"},")"],"two":[{"t":"idOrVar","v":"n"}," e-mailuri noi (",{"t":"idOrVar","v":"accountName"},")"]},"$x":[{"t":"idOrVar","v":"plural"},"n"]},{"$i":"new-emails-notify-multiple-accounts-body","$v":[{"t":"idOrVar","v":"from"}," „",{"t":"idOrVar","v":"subject"},"”"]},{"$i":"tng-plain-socket-warning-title","$v":"Sunteți sigur?"},{"$i":"tng-plain-socket-warning-message","$v":"Este posibil ca alte persoane să vadă parolele și e-mailurile dvs. sau să controleze contul dvs."},{"$i":"tng-plain-socket-warning-message-options","$v":"Există mai mulți furnizori de servicii e-mail gratuite care oferă conexiuni criptate, mai sigure."},{"$i":"tng-plain-socket-warning-ok","$v":"Am înțeles"},{"$i":"message-reader-date-received","ariaLabel":"Primite"},{"$i":"sort-by-title","$v":"Sortare după"},{"$i":"sort-by-date","$v":"Dată"},{"$i":"sort-by-from","$v":"De la"},{"$i":"sort-by-to","$v":"Către"},{"$i":"sort-by-subject","$v":"Subiect"},{"$i":"softkey-options","$v":"Opțiuni"},{"$i":"opt-compose","$v":"Scrieți mesaj"},{"$i":"opt-reply","$v":"Răspundeți"},{"$i":"opt-reply-all","$v":"Răspundeți tuturor"},{"$i":"opt-forward","$v":"Redirecționare"},{"$i":"opt-mark-read","$v":"Marcare ca citit"},{"$i":"opt-mark-unread","$v":"Marcare ca necitit"},{"$i":"opt-add-flag","$v":"Adăugare marcaj"},{"$i":"opt-remove-flag","$v":"Eliminare marcaj"},{"$i":"opt-move-message","$v":"Mutare în dosar"},{"$i":"opt-delete-message","$v":"Ștergere"},{"$i":"opt-multi-select","$v":"Selectare multiplă"},{"$i":"opt-search","$v":"Căutare"},{"$i":"opt-folders","$v":"Afișare dosare"},{"$i":"opt-sort","$v":"Sortare"},{"$i":"opt-sync","$v":"Sincronizare"},{"$i":"opt-account","$v":"Comutare între conturi"},{"$i":"opt-settings","$v":"Setări"},{"$i":"opt-edit","$v":"Modificare"},{"$i":"opt-cancel","$v":"Anulare"},{"$i":"opt-save","$v":"Salvare"},{"$i":"opt-move","$v":"Mutare"},{"$i":"opt-view","$v":"Afișare"},{"$i":"opt-empty-trash","$v":"Eliminare mesaje șterse"},{"$i":"opt-call-number","$v":"Apel"},{"$i":"opt-compose-mail","$v":"Scrieți mesaj"},{"$i":"opt-open-url","$v":"Deschidere"},{"$i":"select-option-on","$v":"Activat"},{"$i":"select-option-off","$v":"Dezactivat"},{"$i":"select-option-imap-smtp","$v":"IMAP+SMTP"},{"$i":"select-option-pop3-smtp","$v":"POP3+SMTP"},{"$i":"select-option-activesync","$v":"ActiveSync"},{"$i":"toaster-switch-account","$v":"Cont e-mail comutat la: "},{"$i":"toaster-sorted-by","$v":"Mesaj sortat după"},{"$i":"cmp-reply","$v":"Răspundeți"},{"$i":"cmp-reply-all","$v":"Răspundeți tuturor"},{"$i":"cmp-forward","$v":"Redirecționare mesaj"},{"$i":"cmp-remove-attach","$v":"Fișier anexat eliminat"},{"$i":"select","$v":"Selectare"},{"$i":"deselect","$v":"Deselectare"},{"$i":"cancel","$v":"Anulare"},{"$i":"enter","$v":"Introducere"},{"$i":"remove-attachment","$v":"Eliminare fișier anexat"},{"$i":"replace-attachment","$v":"Înlocuire fișier anexat"},{"$i":"add-attachment","$v":"Anexare fișier"},{"$i":"add-contact","$v":"Adăugare contact"},{"$i":"add-cc","$v":"Adăugare Cc"},{"$i":"remove-cc","$v":"Eliminare Cc"},{"$i":"add-bcc","$v":"Adăugare Bcc"},{"$i":"remove-bcc","$v":"Eliminare Bcc"},{"$i":"attachment-download","$v":"Descărcare"},{"$i":"attachment-share","$v":"Partajare"},{"$i":"send-new-mail","$v":"Trimiteți un e-mail nou"},{"$i":"view-contact","$v":"Afișare contact"},{"$i":"save-new-contact","$v":"Salvare contact nou"},{"$i":"add-to-exsiting-contact","$v":"Adăugare la contactul existent"},{"$i":"no","$v":"Nu"},{"$i":"yes","$v":"Da"},{"$i":"retry","$v":"Reîncercare"},{"$i":"empty","$v":"Nu există"},{"$i":"empty-trash-confirm","$v":"Doriți să eliminați mesajele șterse?"},{"$i":"trash-emptied","$v":"Mesaje șterse eliminate"},{"$i":"next","$v":"Înainte"},{"$i":"welcome-header","$v":"E-mail"},{"$i":"welcome-msg","$v":"Bun venit la e-mail!"},{"$i":"welcome-msg-setup","$v":"Apăsați Înainte pentru a vă configura contul e-mail."},{"$i":"discard","$v":"Anulare"},{"$i":"leave-this-page-warning-message","$v":"Doriți să eliminați informațiile despre contul e-mail?"},{"$i":"finish","$v":"Finalizare"},{"$i":"setup-done-msg","$v":"V-ați autentificat cu succes. Doriți să adăugați un alt cont?"},{"$i":"save-as-draft","$v":"Salvare ca ciornă"},{"$i":"show-password","$v":"Afișare parolă"},{"$i":"account-label","$v":"Etichetă cont"},{"$i":"folders","$v":"Dosare"},{"$i":"security","$v":"Securitate"},{"$i":"port-number","$v":"Număr port"},{"$i":"domain-username","$v":"Domeniu\\Nume de utilizator"},{"$i":"synchronizing","$v":"Se sincronizează..."},{"$i":"browse-mail","$v":"Răsfoire e-mailuri"},{"$i":"never-sync","$v":"Schițele locale nu s-au sincronizat pe server."},{"$i":"emptyDownloadFile","$v":"Descărcarea acestui fișier nu este posibilă. S-ar putea să fie gol."},{"$i":"sync","$v":"Sincronizare"},{"$i":"outbox-unsent-label","$v":{"few":[{"t":"idOrVar","v":"n"}," mesaje netrimise în căsuța pentru mesaje în curs de trimitere"],"many":[{"t":"idOrVar","v":"n"}," mesaje netrimise în căsuța pentru mesaje în curs de trimitere"],"one":"1 mesaj netrimis în căsuța pentru mesaje în curs de trimitere","other":[{"t":"idOrVar","v":"n"}," mesaje netrimise în căsuța pentru mesaje în curs de trimitere"],"two":"2 mesaje netrimise în căsuța pentru mesaje în curs de trimitere"},"$x":[{"t":"idOrVar","v":"plural"},"n"]},{"$i":"storage-full-title","$v":"Spațiul de stocare este plin"},{"$i":"storage-full-warning","$v":"Puteți șterge câteva fișiere media sau gestiona datele aplicațiilor, pentru a obține mai mult spațiu liber."},{"$i":"storage-full","$v":"Memoria telefonului este plină."},{"$i":"storage-sdcard-full","$v":"Cartela SD este plină."},{"$i":"view-address","$v":"Afișați adresa"},{"$i":"mail-address-title","$v":"Adresă e-mail"},{"$i":"mail-address","$v":[{"t":"idOrVar","v":"address"}]},{"$i":"value-name","$v":[{"t":"idOrVar","v":"name"}]},{"$i":"account-deleted","$v":"Cont șters."},{"$i":"account-reEnable","$v":"Contul există deja. Sincronizați contul e-mail?"},{"$i":"setup-account-usedInfo","$v":"Acest cont va fi utilizat de aplicațiile de mai jos. Puteți modifica această setare din Setări>Cont."},{"$i":"setup-account-settingsInfo","$v":"Fiecare aplicație are un interval de sincronizare implicit diferit. Verificați setările aplicației."},{"$i":"app-calendar","$v":"Calendar"},{"$i":"app-contacts","$v":"Agendă"},{"$i":"app-email","$v":"E-mail"},{"$i":"weekday-0-long","$v":"Duminică"},{"$i":"weekday-1-long","$v":"Luni"},{"$i":"weekday-2-long","$v":"Marți"},{"$i":"weekday-3-long","$v":"Miercuri"},{"$i":"weekday-4-long","$v":"Joi"},{"$i":"weekday-5-long","$v":"Vineri"},{"$i":"weekday-6-long","$v":"Sâmbătă"},{"$i":"weekday-0-short","$v":"Dum"},{"$i":"weekday-1-short","$v":"Lun"},{"$i":"weekday-2-short","$v":"Mar"},{"$i":"weekday-3-short","$v":"Mie"},{"$i":"weekday-4-short","$v":"Joi"},{"$i":"weekday-5-short","$v":"Vin"},{"$i":"weekday-6-short","$v":"Sâm"},{"$i":"month-0-long","$v":"Ianuarie"},{"$i":"month-1-long","$v":"Februarie"},{"$i":"month-2-long","$v":"Martie"},{"$i":"month-3-long","$v":"Aprilie"},{"$i":"month-4-long","$v":"Mai"},{"$i":"month-5-long","$v":"Iunie"},{"$i":"month-6-long","$v":"Iulie"},{"$i":"month-7-long","$v":"August"},{"$i":"month-8-long","$v":"Septembrie"},{"$i":"month-9-long","$v":"Octombrie"},{"$i":"month-10-long","$v":"Noiembrie"},{"$i":"month-11-long","$v":"Decembrie"},{"$i":"month-0-genitive","$v":"Ianuarie"},{"$i":"month-1-genitive","$v":"Februarie"},{"$i":"month-2-genitive","$v":"Martie"},{"$i":"month-3-genitive","$v":"Aprilie"},{"$i":"month-4-genitive","$v":"Mai"},{"$i":"month-5-genitive","$v":"Iunie"},{"$i":"month-6-genitive","$v":"Iulie"},{"$i":"month-7-genitive","$v":"August"},{"$i":"month-8-genitive","$v":"Septembrie"},{"$i":"month-9-genitive","$v":"Octombrie"},{"$i":"month-10-genitive","$v":"Noiembrie"},{"$i":"month-11-genitive","$v":"Decembrie"},{"$i":"month-0-short","$v":"Ian"},{"$i":"month-1-short","$v":"Feb"},{"$i":"month-2-short","$v":"Mar"},{"$i":"month-3-short","$v":"Apr"},{"$i":"month-4-short","$v":"Mai"},{"$i":"month-5-short","$v":"Iun"},{"$i":"month-6-short","$v":"Iul"},{"$i":"month-7-short","$v":"Aug"},{"$i":"month-8-short","$v":"Sep"},{"$i":"month-9-short","$v":"Oct"},{"$i":"month-10-short","$v":"Nov"},{"$i":"month-11-short","$v":"Dec"},{"$i":"minutes-ago-long","$v":{"few":["în urmă cu ",{"t":"idOrVar","v":"value"}," minute"],"many":["în urmă cu ",{"t":"idOrVar","v":"value"}," minute"],"one":"în urmă cu un minut","other":["în urmă cu ",{"t":"idOrVar","v":"value"}," minute"],"two":["în urmă cu ",{"t":"idOrVar","v":"value"}," minute"],"zero":"chiar acum"},"$x":[{"t":"idOrVar","v":"plural"},"value"]},{"$i":"hours-ago-long","$v":{"few":["în urmă cu ",{"t":"idOrVar","v":"value"}," ore"],"many":["în urmă cu ",{"t":"idOrVar","v":"value"}," ore"],"one":"în urmă cu o oră","other":["în urmă cu ",{"t":"idOrVar","v":"value"}," ore"],"two":["în urmă cu ",{"t":"idOrVar","v":"value"}," ore"],"zero":"chiar acum"},"$x":[{"t":"idOrVar","v":"plural"},"value"]},{"$i":"days-ago-long","$v":{"few":["În urmă cu ",{"t":"idOrVar","v":"value"}," zile"],"many":["În urmă cu ",{"t":"idOrVar","v":"value"}," zile"],"one":"ieri","other":["În urmă cu ",{"t":"idOrVar","v":"value"}," zile"],"two":["În urmă cu ",{"t":"idOrVar","v":"value"}," zile"],"zero":"astăzi"},"$x":[{"t":"idOrVar","v":"plural"},"value"]},{"$i":"weeks-ago-long","$v":{"few":["în urmă cu ",{"t":"idOrVar","v":"value"}," săptămâni"],"many":["în urmă cu ",{"t":"idOrVar","v":"value"}," săptămâni"],"one":"săptămâna trecută","other":["în urmă cu ",{"t":"idOrVar","v":"value"}," săptămâni"],"two":["în urmă cu ",{"t":"idOrVar","v":"value"}," săptămâni"],"zero":"săptămâna aceasta"},"$x":[{"t":"idOrVar","v":"plural"},"value"]},{"$i":"months-ago-long","$v":{"few":["în urmă cu ",{"t":"idOrVar","v":"value"}," luni"],"many":["în urmă cu ",{"t":"idOrVar","v":"value"}," luni"],"one":"luna trecută","other":["în urmă cu ",{"t":"idOrVar","v":"value"}," luni"],"two":["în urmă cu ",{"t":"idOrVar","v":"value"}," luni"],"zero":"această lună"},"$x":[{"t":"idOrVar","v":"plural"},"value"]},{"$i":"years-ago-long","$v":{"few":["în urmă cu ",{"t":"idOrVar","v":"value"}," ani"],"many":["în urmă cu ",{"t":"idOrVar","v":"value"}," ani"],"one":"anul trecut","other":["în urmă cu ",{"t":"idOrVar","v":"value"}," ani"],"two":["în urmă cu ",{"t":"idOrVar","v":"value"}," ani"],"zero":"anul acesta"},"$x":[{"t":"idOrVar","v":"plural"},"value"]},{"$i":"minutes-until-long","$v":{"few":["peste ",{"t":"idOrVar","v":"value"}," minute"],"many":["peste ",{"t":"idOrVar","v":"value"}," minute"],"one":"peste un minut","other":["peste ",{"t":"idOrVar","v":"value"}," minute"],"two":["peste ",{"t":"idOrVar","v":"value"}," minute"],"zero":"acum"},"$x":[{"t":"idOrVar","v":"plural"},"value"]},{"$i":"hours-until-long","$v":{"few":["peste ",{"t":"idOrVar","v":"value"}," ore"],"many":["peste ",{"t":"idOrVar","v":"value"}," ore"],"one":"peste o oră","other":["peste ",{"t":"idOrVar","v":"value"}," ore"],"two":["peste ",{"t":"idOrVar","v":"value"}," ore"],"zero":"acum"},"$x":[{"t":"idOrVar","v":"plural"},"value"]},{"$i":"days-until-long","$v":{"few":["peste ",{"t":"idOrVar","v":"value"}," zile"],"many":["peste ",{"t":"idOrVar","v":"value"}," zile"],"one":"mâine","other":["peste ",{"t":"idOrVar","v":"value"}," zile"],"two":["peste ",{"t":"idOrVar","v":"value"}," zile"],"zero":"astăzi"},"$x":[{"t":"idOrVar","v":"plural"},"value"]},{"$i":"weeks-until-long","$v":{"few":["peste ",{"t":"idOrVar","v":"value"}," săptămâni"],"many":["peste ",{"t":"idOrVar","v":"value"}," săptămâni"],"one":"săptămâna viitoare","other":["peste ",{"t":"idOrVar","v":"value"}," săptămâni"],"two":["peste ",{"t":"idOrVar","v":"value"}," săptămâni"],"zero":"săptămâna aceasta"},"$x":[{"t":"idOrVar","v":"plural"},"value"]},{"$i":"months-until-long","$v":{"few":["peste ",{"t":"idOrVar","v":"value"}," luni"],"many":["peste ",{"t":"idOrVar","v":"value"}," luni"],"one":"luna următoare","other":["peste ",{"t":"idOrVar","v":"value"}," luni"],"two":["peste ",{"t":"idOrVar","v":"value"}," luni"],"zero":"această lună"},"$x":[{"t":"idOrVar","v":"plural"},"value"]},{"$i":"years-until-long","$v":{"few":["peste ",{"t":"idOrVar","v":"value"}," ani"],"many":["peste ",{"t":"idOrVar","v":"value"}," ani"],"one":"anul viitor","other":["peste ",{"t":"idOrVar","v":"value"}," ani"],"two":["peste ",{"t":"idOrVar","v":"value"}," ani"],"zero":"anul acesta"},"$x":[{"t":"idOrVar","v":"plural"},"value"]},{"$i":"minutes-ago-short","$v":{"other":["în urmă cu ",{"t":"idOrVar","v":"value"}," m"],"zero":"chiar acum"},"$x":[{"t":"idOrVar","v":"plural"},"value"]},{"$i":"hours-ago-short","$v":{"other":["în urmă cu ",{"t":"idOrVar","v":"value"}," h"],"zero":"chiar acum"},"$x":[{"t":"idOrVar","v":"plural"},"value"]},{"$i":"days-ago-short","$v":{"other":["În urmă cu ",{"t":"idOrVar","v":"value"}," z"],"zero":"astăzi"},"$x":[{"t":"idOrVar","v":"plural"},"value"]},{"$i":"minutes-until-short","$v":{"other":["peste ",{"t":"idOrVar","v":"value"}," m"],"zero":"acum"},"$x":[{"t":"idOrVar","v":"plural"},"value"]},{"$i":"hours-until-short","$v":{"other":["peste ",{"t":"idOrVar","v":"value"}," h"],"zero":"acum"},"$x":[{"t":"idOrVar","v":"plural"},"value"]},{"$i":"days-until-short","$v":{"other":["peste ",{"t":"idOrVar","v":"value"}," z"],"zero":"astăzi"},"$x":[{"t":"idOrVar","v":"plural"},"value"]},{"$i":"incorrectDate","$v":"(dată incorectă)"},{"$i":"dateTimeFormat_%c","$v":"%a %b %e %Y %I:%M:%S %p"},{"$i":"dateTimeFormat_%x","$v":"%m/%d/%Y"},{"$i":"dateTimeFormat_%X","$v":"%I:%M:%S %p"},{"$i":"shortTimeFormat","$v":"%I:%M %p"},{"$i":"shortTimeFormat12","$v":"%I:%M %p"},{"$i":"shortTimeFormat24","$v":"%H:%M"},{"$i":"shortDateTimeFormat","$v":"%x %I:%M %p"},{"$i":"weekStartsOnMonday","$v":"0.0"},{"$i":"firstDayOfTheWeek","$v":"1.0"},{"$i":"time_am","$v":"AM"},{"$i":"time_pm","$v":"PM"}]