[{"$i":"setup-app-name-header","$v":"ඊමේල්"},{"$i":"setup-empty-account-message","$v":"ඔබ ඊමේල් යැවීමට හෝ ලැබීමට කටයුතු සකසා නැත. ක්‍රියාව සම්පූර්ණ කිරීමට ගිණුමක් සකසන්න."},{"$i":"setup-pick-service","$v":"ඊමේල් යැවීමට හා ලැබීමට ඔබට ගිණුමක් පිහිටුවීමට සිදු වනු ඇත."},{"$i":"setup-account-header3","$v":"ගිණුම් ලොග්"},{"$i":"setup-account-password","$v":"රහස් වචනය"},{"$i":"setup-info-next","$v":"ඊළඟ"},{"$i":"setup-progress-wait-msg","$v":"ගිණුම පිහිටුවීම"},{"$i":"setup-sync-progress-wait-msg","$v":"ගිණුම සමමුහුර්ත කිරීම"},{"$i":"setup-completed-header","$v":"සුබ පැතුම්!"},{"$i":"setup-completed-label","$v":"සියල්ල නිමයි!"},{"$i":"setup-add-another-account","$v":"වෙනත් ගිණුමක් එක් කරන්න"},{"$i":"setup-show-mail","$v":"ඊමේල් වෙත ඉදිරියට යන්න"},{"$i":"setup-done-add","$v":"ගිණුම එක් කරන්න"},{"$i":"setup-error-offline","$v":"මෙම උපාංගය දැනට මාර්ග අපගතය. ජාලයකට සම්බන්ධ වී නැවත උත්සාහ කරන්න."},{"$i":"setup-error-bad-user-or-pass2","$v":"වලංගු නොවන පරිශීලක නමක් හෝ මුරපදයකි. යතුරුලියන දෝෂ වේ දැයි බලන්න."},{"$i":"setup-error-bad-address","$v":"වලංගු නොවන ඊමේල් ලිපිනයකි. යතුරුලියන දෝෂ වේ දැයි බලන්න."},{"$i":"setup-error-not-authorized","$v":"සේවාදායකයට අනුව ඔබට ගිණුමක් තැනීමට අවසර නැත"},{"$i":"setup-error-pop-server-not-great","$v":"සේවාදායකයට සහාය නොදක්වයි. POP3 සේවාදායකය මගින් අවශ්‍ය විශේෂාංග ක්‍රියාත්මක නොකරයි."},{"$i":"setup-error-unknown2","$v":"නොදන්නා දෝෂයක් ඇති විණි. ඔබේ ජාල සම්බන්ධතාව පිරික්සන්න; නැතහොත් හස්තීය වින්‍යාසකරණ විකල්පය භාවිතා කර බලන්න."},{"$i":"setup-error-needs-app-pass","$v":"ඔබට ද්වි සාධන Gmail ගිණුම් සඳහා යෙදුමට විශේෂිත මුරපදයක් භාවිතා කළ යුතුය"},{"$i":"setup-error-imap-disabled","$v":"ඔබ ඔබේ Gmail ගිණුම සඳහා IMAP සක්‍රිය කරනු ලැබිය යුතුය"},{"$i":"setup-error-pop3-disabled","$v":"ඔබ ඔබේ Gmail ගිණුම සඳහා POP3 සක්‍රිය කළ යුතුය"},{"$i":"setup-error-bad-security","$v":[{"t":"idOrVar","v":"server"},"\" සමග ආරක්ෂිත සම්බන්ධතාවක් පිහිටවිය නොහැක. ඔබේ ජාලයේ හෝ සේවාදායකයේ දෝෂයක් තිබිය හැක."]},{"$i":"setup-error-unresponsive-server","$v":[{"t":"idOrVar","v":"server"},"\" සමග සම්බන්ධතාවක් පිහිටුවිය නොහැක. ජාලයේ ගැටලුවක් තිබීමට ඉඩ ඇත."]},{"$i":"setup-error-server-problem","$v":[{"t":"idOrVar","v":"server"},"\" සේවාදායකයේ ගැටලුවක් තිබේ. පසුව නැවත උත්සාහ කරන්න."]},{"$i":"setup-error-no-config-info","$v":"ඔබේ ගිණුම ස්වයංක්‍රියව වින්‍යාස කළ නොහැක. ඔබේ ඊමේල් ලිපිනය නිවැරදි කරන්න; නැතහොත් හස්තීය වින්‍යාසකරණ විකල්පය භාවිතා කර බලන්න."},{"$i":"setup-error-server-maintenance","$v":["සේවාදායකය \"",{"t":"idOrVar","v":"server"},"\" නඩත්තුව සඳහා මාර්ග අපගතව තිබේ. පසුව නැවත උත්සාහ කරන්න."]},{"$i":"setup-error-account-already-exists","$v":"මෙම ගිණුම දැනටමත් වින්‍යාස කර ඇත."},{"$i":"setup-manual-config2","$v":"උසස්"},{"$i":"setup-manual-config-header","$v":"ගිණුම් ලොග්"},{"$i":"setup-manual-account-type-header","$v":"ගිණුම් වර්ගය"},{"$i":"setup-manual-account-type","$v":"ගිණුම් වර්ගය"},{"$i":"setup-manual-account-type-select","ariaLabel":"ගිණුම් වර්ගය"},{"$i":"setup-manual-imap-header","$v":"IMAP පසුතල"},{"$i":"setup-manual-pop3-header","$v":"POP3 පසුතල"},{"$i":"setup-manual-smtp-header","$v":"SMTP පසුතල"},{"$i":"setup-manual-activesync-header","$v":"ActiveSync පසුතල"},{"$i":"setup-manual-next","$v":"ඊළඟ"},{"$i":"setup-manual-socket","$v":"සොකට් වර්ගය"},{"$i":"setup-manual-socket-ssl","$v":"SSL"},{"$i":"setup-manual-socket-starttls","$v":"STARTTLS"},{"$i":"setup-manual-socket-select","ariaLabel":"සම්බන්ධතා ආරක්ෂාව"},{"$i":"setup-manual-socket-plain","$v":"ගුප්තකේතනය නොකළ"},{"$i":"setup-bad-password-header","$v":"සදොස් මුරපදයකි!"},{"$i":"setup-bad-password","$v":"සේවාදායකයට පිරිය නොහැකි විය. කරුණාකර මුරපදය නැවත යොදා බලන්න."},{"$i":"setup-new-password","placeholder":"නව මුරපදය"},{"$i":"setup-fix-password","$v":"නව මුරපදය යොදා යළි උත්සාහ කරන්න"},{"$i":"setup-gmail-twofactor-header","$v":"ද්වි සාධකය සක්‍රීය කෙරිණි"},{"$i":"setup-gmail-twofactor-message","$v":"ඔබ විසින් පහතින් යෙදුමට විශේෂිත වූ මුරපදයක් ඇතුළු කළ යුතුය."},{"$i":"setup-gmail-imap-header","$v":"IMAP අක්‍රීය කළා"},{"$i":"setup-gmail-imap-message","$v":"ඔබ ඔබේ Gmail ගිණුමේ IMAP සක්‍රීය කළ යුතුය"},{"$i":"setup-gmail-retry","$v":"නැවත උත්සාහ කරන්න"},{"$i":"setup-gmail-pop3-header","$v":"POP3 අක්‍රීය කළා"},{"$i":"setup-gmail-pop3-message","$v":"ඔබ ඔබේ Gmail ගිණුමේ POP3 සක්‍රීය කළ යුතුය"},{"$i":"setup-fix-oauth2-header","$v":"ඊමේලයට නැවත අවසර ලබා දෙන්න"},{"$i":"setup-fix-oauth2-description","$v":"පහත ගිණුමට ප්‍රවේශ වීම සඳහා ඊමේලයට නැවත අවසර ලබා දිය යුතුය:"},{"$i":"setup-fix-oauth2-reauthorize","$v":"නැවත බලය පවරන්න"},{"$i":"settings-main-header","$v":"ඊමේල් පසුතල"},{"$i":"settings-sub-header-account","$v":"ගිණුම"},{"$i":"settings-account-group","ariaLabel":"ගිණුම"},{"$i":"settings-account-name","$v":"ඔබේ නම"},{"$i":"settings-account-label","$v":"ගිණුම් ලේබලය"},{"$i":"settings-account-display-notifications","$v":"නව ඊමේල් දැනුම්දීම් පෙන්වන්න"},{"$i":"settings-account-play-sound-onsend","$v":"පණිවුඩය යැවුණු පසු නාද කරන්න"},{"$i":"settings-account-signature-label","$v":"අත්සන"},{"$i":"settings-sub-header-data","$v":"දත්ත"},{"$i":"settings-data-group","ariaLabel":"දත්ත"},{"$i":"settings-account-check-mail","$v":"නව පණිවුඩ වේ දැයි බලන්න"},{"$i":"settings-account-check-mail-select","ariaLabel":"නව පණිවුඩ වේ දැයි බලන්න"},{"$i":"settings-sub-header-server","$v":"සේවාදායක පසුතල"},{"$i":"settings-server-group","ariaLabel":"සේවාදායක පසුතල"},{"$i":"settings-account-userpass","$v":"පරිශීලක නම හා මුරපදය"},{"$i":"settings-account-useroauth2","$v":"පරිශීලක නම"},{"$i":"settings-default-signature-2","$v":"මගේ දුරකථනයෙන් යැවිණි"},{"$i":"settings-done","$v":"නිමයි"},{"$i":"settings-account-section","$v":"ගිණුම්"},{"$i":"settings-account-listbox","ariaLabel":"ගිණුම්"},{"$i":"settings-account-add","$v":"එක් කරන්න"},{"$i":"settings-account-delete","$v":"ගිණුම මකන්න"},{"$i":"settings-account-delete-prompt","$v":["ඔබට ඔබේ ",{"t":"idOrVar","v":"account"}," ඊමේල් ගිණුම මැකීමට අවශ්‍ය බව සහතික ද?"]},{"$i":"settings-account-delete-desc","$v":"ඔබ ගිණුම නිමැවීම නැවත කරන්නේ නම් ඔබට ඔබේ ඊමේල් නැවත බාගැනීමට සිදු වනු ඇත."},{"$i":"settings-account-delete-cancel","$v":"අවලංගු කරන්න"},{"$i":"settings-account-delete-confirm","$v":"මකන්න"},{"$i":"settings-account-clarify","$v":[{"t":"idOrVar","v":"account-name"}]},{"$i":"settings-account-clarify-imap","$v":[{"t":"idOrVar","v":"account-name"}," (IMAP)"]},{"$i":"settings-account-clarify-pop3","$v":[{"t":"idOrVar","v":"account-name"}," (POP3)"]},{"$i":"settings-account-clarify-smtp","$v":[{"t":"idOrVar","v":"account-name"}," (SMTP)"]},{"$i":"settings-general-section","$v":"සාමාන්‍ය පසුතල"},{"$i":"settings-show-images","$v":"සැමවිටම අනුරූ පෙන්වන්න"},{"$i":"settings-download-attachments","$v":"ඇමුණුම් බාගන්න"},{"$i":"settings-check-every-5min","$v":"සෑම විනාඩි 5කටම වරක්"},{"$i":"settings-check-every-10min","$v":"සෑම විනාඩි 10කටම වරක්"},{"$i":"settings-check-every-15min","$v":"සෑම විනාඩි 15කටම වරක්"},{"$i":"settings-check-every-30min","$v":"සෑම විනාඩි 30කටම වරක්"},{"$i":"settings-check-every-60min","$v":"සෑම පැයකට වරක්"},{"$i":"settings-check-every-manual","$v":"අතින්"},{"$i":"settings-check-dynamic","$v":{"few":["තප්පර ",{"t":"idOrVar","v":"n"}],"many":["තප්පර ",{"t":"idOrVar","v":"n"}],"one":[{"t":"idOrVar","v":"n"}," තප්පරය"],"other":["තප්පර ",{"t":"idOrVar","v":"n"}],"two":["තප්පර ",{"t":"idOrVar","v":"n"}],"zero":"අක්‍රීය කළා"},"$x":[{"t":"idOrVar","v":"plural"},"n"]},{"$i":"settings-default-account","$v":"පෙරනිමි ඊමේල් ලෙස පිහිටුවන්න"},{"$i":"settings-account-type","$v":"ගිණුම් වර්ගය"},{"$i":"settings-account-credentials","$v":"අක්තපත්‍ර"},{"$i":"settings-activesync-label","$v":"ActiveSync පසුතල"},{"$i":"settings-imap-label","$v":"IMAP පසුතල"},{"$i":"settings-pop3-label","$v":"POP3 පසුතල"},{"$i":"settings-smtp-label","$v":"SMTP පසුතල"},{"$i":"settings-hostname","$v":"සත්කාරක නාමය"},{"$i":"settings-port","$v":"තොට"},{"$i":"settings-username","$v":"පරිශීලක නම"},{"$i":"settings-password","$v":"මුරපදය"},{"$i":"settings-save","$v":"සුරකින්න"},{"$i":"password-saved","$v":"මුරපදය සුරකින ලදි."},{"$i":"settings-reauth","$v":"නැවත බලය පවරන්න"},{"$i":"settings-account-synchronize-window","$v":"සමමුහුව සඳහා දින"},{"$i":"settings-account-synchronize-window-select","ariaLabel":"සමමුහුව සඳහා දින"},{"$i":"settings-synchronize-auto","$v":"ස්වයංක්‍රීය"},{"$i":"settings-synchronize-one-day","$v":"දින 1"},{"$i":"settings-synchronize-three-days","$v":"දින 3"},{"$i":"settings-synchronize-one-week","$v":"සති 1"},{"$i":"settings-synchronize-two-weeks","$v":"සති 2"},{"$i":"settings-synchronize-one-month","$v":"මාස 1"},{"$i":"settings-synchronize-all","$v":"සියලු පණිවුඩ"},{"$i":"envelope-from","$v":"සිට"},{"$i":"envelope-to","$v":"වෙත"},{"$i":"envelope-cc","$v":"Cc"},{"$i":"envelope-bcc","$v":"Bcc"},{"$i":"message-header-state-sending","ariaLabel":"යැවීම"},{"$i":"message-header-state-error","ariaLabel":"දෝෂ යැවීම"},{"$i":"message-header-unread","ariaLabel":"නොකියවූ"},{"$i":"message-header-reply","ariaLabel":"පිළිතුරු යවන්න"},{"$i":"message-header-forward","ariaLabel":"යොමු කරන්න"},{"$i":"message-header-starred","ariaLabel":"තරු ලකුණ සහිත"},{"$i":"message-header-attachments","ariaLabel":"ඇමුණුම් සහිත"},{"$i":"message-body-container","ariaLabel":"පණිවුඩයේ බඳ"},{"$i":"message-body-container-progress","ariaValueText":"ප්‍රවේශනය"},{"$i":"subject","ariaLabel":"මාතෘකාව"},{"$i":"attachments-container","ariaLabel":"ඇමුණුම්"},{"$i":"from-group","ariaLabel":"සිට"},{"$i":"to-group","ariaLabel":"වෙත"},{"$i":"cc-group","ariaLabel":"CC"},{"$i":"bcc-group","ariaLabel":"BCC"},{"$i":"compose-header","$v":"පණිවුඩය රචනා කරන්න"},{"$i":"compose-header-short","$v":"රචනා කරන්න"},{"$i":"compose-send","$v":"යවන්න"},{"$i":"compose-send-button","ariaLabel":"යවන්න"},{"$i":"compose-to","$v":"වෙත"},{"$i":"compose-cc","$v":"Cc"},{"$i":"compose-bcc","$v":"Bcc"},{"$i":"compose-cc-remove","$v":"කාබන් පිටපත් ලැයිස්තුව ඉවත් කෙරිණි."},{"$i":"compose-bcc-remove","$v":"අඳ පිටපත් ලැයිස්තුව ඉවත් කෙරිණි."},{"$i":"compose-contact-add","ariaLabel":"සබඳතාව එක් කරන්න"},{"$i":"compose-attachments","$v":{"few":["ඇමුණුම් (",{"t":"idOrVar","v":"n"},")"],"many":["ඇමුණුම් (",{"t":"idOrVar","v":"n"},")"],"one":["ඇමුණුම (",{"t":"idOrVar","v":"n"},")"],"other":["ඇමුණුම් (",{"t":"idOrVar","v":"n"},")"],"two":["ඇමුණුම් (",{"t":"idOrVar","v":"n"},")"],"zero":"ඇමුණුම"},"$x":[{"t":"idOrVar","v":"plural"},"n"]},{"$i":"compose-text","ariaLabel":"සංස්කරණය කරන්න"},{"$i":"compose-attachment-still-working","$v":"මොහොතක් රැඳෙන්න, තවමත් පෙර ඇමුණුමේ කටයුතු සිදු කෙරේ…"},{"$i":"compose-attachment-loading","$v":"ඇමුණුම් පූරණය කිරීම ..."},{"$i":"compose-attachments-loading","$v":"ඇමුණුම් පූරණය කරමින් ..."},{"$i":"compose-forward-attachment-error-title","$v":"බාගැනීම අපොහොසත් විය."},{"$i":"compose-forward-attachment-error-title2","$v":"දෝෂය"},{"$i":"compose-forward-attachment-unable-load","$v":"ඇමුණුම ප්‍රවේශනය කළ නොහැක."},{"$i":"compose-forward-attachments-unable-load","$v":"ඇමුණුම් ප්‍රවේශනය කළ නොහැක."},{"$i":"compose-forward-attachment-load-error","$v":"ඇතැම් ඇමුණුම් ප්‍රවේශනය කළ නොහැකි විය."},{"$i":"confirmation-title","$v":"තහවුරු කිරීම"},{"$i":"compose-subject","$v":"මාතෘකාව"},{"$i":"compose-draft-save","$v":"දේශීය කෙටුම්පත් වෙත සුරකින්න ද?"},{"$i":"compose-discard-confirm","$v":"ඉවත ලන්න"},{"$i":"compose-draft-dialog-cancel","$v":"අවලංගු කරන්න"},{"$i":"compose-draft-dialog-save","$v":"සුරකින්න"},{"$i":"composer-draft-saved","$v":"පණිවුඩය දේශීය කෙටුම්පත් වෙත සුරැකිණි"},{"$i":"attention","$v":"අවධානය"},{"$i":"compose-send-message-failed","$v":"ඊමේලය යැවීමට නොහැකි විය"},{"$i":"compose-attchment-size-exceeded","$v":"තේරූ ඇමුණුම මෙම පණිවුඩය සමග යැවීමට විශාල වැඩියි."},{"$i":"compose-attchments-size-exceeded","$v":"තේරූ ඇමුණුම් මෙම පණිවුඩය සමග යැවීමට විශාල වැඩියි. අඩු ගොනු ගණනක් තෝරා බලන්න."},{"$i":"composer-attachment-large-title","$v":"ගොනු තරම විශාල වැඩියි"},{"$i":"default-attachment-filename","$v":["ඇමුණුම",{"t":"idOrVar","v":"n"}]},{"$i":"attachment-size-meb","$v":[{"t":"idOrVar","v":"megabytes"}," MB"]},{"$i":"attachment-size-kib","$v":[{"t":"idOrVar","v":"kilobytes"}," KB"]},{"$i":"attachment-size-byte","$v":[{"t":"idOrVar","v":"bytes"}," B"]},{"$i":"message-attachment-view","$v":"දක්වන්න"},{"$i":"message-attachment-did-not-open-label","$v":"විවෘත කළ නොහැක"},{"$i":"message-attachment-did-not-open-body","$v":"ඇමුණුම විවෘත කළ හැකි යෙදුමක් උපාංගයේ නොමැත."},{"$i":"message-attachment-too-large","$v":"මෙම පිටුව බාගැනීමට විශාල වැඩියි."},{"$i":"message-attachment-not-found","$v":"ඇමුණුම් ගොනුව සොයාගත නොහැකි විය, මකා තිබෙනු විය හැකිය."},{"$i":"message-attachment-download-fail","$v":[{"t":"idOrVar","v":"fileName"}," -බාගැනීම අපොහොසත් විය"]},{"$i":"message-no-subject","$v":"(මාතෘකාවක් නැත)"},{"$i":"message-edit-menu-edit","$v":"සංස්කරණය කරන්න"},{"$i":"message-edit-menu-delete","$v":"මකන්න"},{"$i":"message-edit-delete-confirm","$v":"ඊමේල් පණිවුඩය මකන්න ද?"},{"$i":"message-forward-attachment-title","$v":"ඇමුණුම"},{"$i":"message-forward-attachment","$v":"ඇමුණුමත් යොමු කරන්න ද?"},{"$i":"message-forward-attachments","$v":"ඇමුණුමුත් යොමු කරන්න ද?"},{"$i":"message-multiedit-header","$v":{"few":[{"t":"idOrVar","v":"n"}," තෝරා ගැණිනි"],"many":[{"t":"idOrVar","v":"n"}," තෝරා ගැණිනි"],"one":[{"t":"idOrVar","v":"n"}," තෝරා ගැණිනි"],"other":[{"t":"idOrVar","v":"n"}," තෝරා ගැණිනි"],"two":[{"t":"idOrVar","v":"n"}," තෝරා ගැණිනි"],"zero":[{"t":"idOrVar","v":"n"}," තෝරා ගැණිනි"]},"$x":[{"t":"idOrVar","v":"plural"},"n"]},{"$i":"message-multiedit-search-header","$v":{"few":[{"t":"idOrVar","v":"n"}," තෝරා ගැණිනි"],"many":[{"t":"idOrVar","v":"n"}," තෝරා ගැණිනි"],"one":[{"t":"idOrVar","v":"n"}," තෝරා ගැණිනි"],"other":[{"t":"idOrVar","v":"n"}," තෝරා ගැණිනි"],"two":[{"t":"idOrVar","v":"n"}," තෝරා ගැණිනි"],"zero":"0 තෝරා ගැණිනි"},"$x":[{"t":"idOrVar","v":"plural"},"n"]},{"$i":"browse-to-url-prompt","$v":["URL වෙත පිරික්සන්න?: ",{"t":"idOrVar","v":"url"}]},{"$i":"message-download-images-tap","$v":{"few":["මෙම ඊමේලයෙහි අනුරූ ",{"t":"idOrVar","v":"n"}," අඩංගු වේ. බාගැනීමට තට්ටු කරන්න."],"many":["මෙම ඊමේලයෙහි අනුරූ ",{"t":"idOrVar","v":"n"}," අඩංගු වේ. බාගැනීමට තට්ටු කරන්න."],"one":"මෙම ඊමේලයෙහි අනුරූ එකක් ඇත. බාගැනීමට තට්ටු කරන්න.","other":["මෙම ඊමේලයෙහි අනුරූ ",{"t":"idOrVar","v":"n"}," අඩංගු වේ. බාගැනීමට තට්ටු කරන්න."],"two":["මෙම ඊමේලයෙහි අනුරූ ",{"t":"idOrVar","v":"n"}," අඩංගු වේ. බාගැනීමට තට්ටු කරන්න."]},"$x":[{"t":"idOrVar","v":"plural"},"n"]},{"$i":"message-show-external-images","$v":"බාහිර අනුරූ පෙන්වන්න"},{"$i":"message-delete-cancel","$v":"අවලංගු කරන්න"},{"$i":"message-multiedit-delete-confirm","$v":{"few":["පණිවුඩ ",{"t":"idOrVar","v":"n"}," මකන්නද?"],"many":["පණිවුඩ ",{"t":"idOrVar","v":"n"}," මකන්නද?"],"one":"තේරූ පණිවුඩය මකන්නද?","other":["පණිවුඩ ",{"t":"idOrVar","v":"n"}," මකන්නද?"],"two":["පණිවුඩ ",{"t":"idOrVar","v":"n"}," මකන්නද?"]},"$x":[{"t":"idOrVar","v":"plural"},"n"]},{"$i":"message-large-message-cancel","$v":"අවලංගු කරන්න"},{"$i":"message-large-message-ok","$v":"ඉදිරියට යන්න"},{"$i":"message-large-message-confirm","$v":"මෙම පණිවුඩය විශාල වන අතර බාගැනීමට තරමක් කල් ගත විය හැක."},{"$i":"message-large-message-warning","$v":"පණිවුඩය පැටවීමට ඉතා විශාල වැඩිය."},{"$i":"message-search-header","$v":"සොයන්න"},{"$i":"search-result","$v":["ගැළපෙන ඒවා ",{"t":"idOrVar","v":"num"}," හමු විණි"]},{"$i":"message-search-from","$v":"සිට"},{"$i":"message-search-to","$v":"වෙත"},{"$i":"message-search-subject","$v":"මාතෘකාව"},{"$i":"message-search-body","$v":"බඳ"},{"$i":"message-search-all","$v":"සියල්ල"},{"$i":"message-search-input","placeholder":"ඊමේලයෙහි සොයන්න"},{"$i":"message-search-cancel","$v":"අවලංගු කරන්න"},{"$i":"messages-syncing","$v":"පණිවුඩ ප්‍රවේශනය"},{"$i":"messages-syncing-progressbar","ariaValueText":"පණිවුඩ ප්‍රවේශනය"},{"$i":"messages-load-more","$v":"තවත් පණිවුඩ ප්‍රවේශනය කරන්න"},{"$i":"messages-folder-empty","$v":"මෙම ෆෝල්ඩරයේ ඊමේල් නැත"},{"$i":"messages-search-empty","$v":"ස්ථානීයව හැඹිලිගත පණිවුඩවල ගැළපෙන ඒවා නැත"},{"$i":"messages-folder-select","$v":"ෆෝල්ඩරය වෙත ගෙන යන්න"},{"$i":"messages-folder-unread-max","$v":"999+"},{"$i":"message-contact-menu-create","$v":"නව සබඳතාව සුරකින්න"},{"$i":"message-contact-menu-add-existing","$v":"පවතින සබඳතාවට එක් කරන්න"},{"$i":"message-contact-menu-view","$v":"සබඳතාව දක්වන්න"},{"$i":"message-contact-menu-reply","$v":"පිළිතුරු යවන්න"},{"$i":"message-contact-menu-new","$v":"නව ඊමේලය යවන්න"},{"$i":"message-reply-menu-reply","$v":"පිළිතුරු යවන්න"},{"$i":"message-reply-menu-reply-all","$v":"සියල්ලන්ටම පිළිතුරු යවන්න"},{"$i":"message-reply-menu-forward","$v":"යොමු කරන්න"},{"$i":"message-reply-menu-cancel","$v":"අවලංගු කරන්න"},{"$i":"reply-quoting-wrote","$v":"{name} ලිවීය"},{"$i":"forward-original-message","$v":"මුල් පණිවුඩය"},{"$i":"forward-header-subject","$v":"මාතෘකාව"},{"$i":"forward-header-date","$v":"දිනය"},{"$i":"forward-header-from","$v":"සිට"},{"$i":"forward-header-reply-to","$v":"පිළිතුරු-වෙත"},{"$i":"forward-header-to","$v":"වෙත"},{"$i":"forward-header-cc","$v":"Cc"},{"$i":"folder-inbox","$v":"ලද පණිවුඩ"},{"$i":"folder-sent","$v":"යැවූ"},{"$i":"folder-drafts","$v":"කෙටුම්පත්"},{"$i":"folder-trash","$v":"කසළ බඳුන"},{"$i":"folder-queue","$v":"නොයැවූ"},{"$i":"folder-junk","$v":"නිසරු"},{"$i":"folder-archives","$v":"සංරක්ෂණය කරයි"},{"$i":"folder-localdrafts","$v":"දේශීය කෙටුම්පත්"},{"$i":"folder-outbox","$v":"යැවූ පණිවුඩ"},{"$i":"drawer-back","$v":"ආපස්සට"},{"$i":"drawer-accounts-header","$v":"ගිණුම්"},{"$i":"drawer-settings-link","$v":"පසුතල"},{"$i":"folder-last-synced-label","$v":"අවසන් සමමුහුව:"},{"$i":"messages-refresh-progress","ariaValueText":"නැවුම් කිරීම"},{"$i":"no-internet-connection","$v":"අන්තර්ජාල සම්බන්ධතාවක් නැත."},{"$i":"toaster-undo","$v":"පසුගමනය කරන්න"},{"$i":"toaster-message-star","$v":{"few":["පණිවුඩ ",{"t":"idOrVar","v":"n"}," කොඩි දැමිණි"],"many":["පණිවුඩ ",{"t":"idOrVar","v":"n"}," කොඩි දැමිණි"],"one":"පණිවුඩයට කොඩි දැමිණි","other":["පණිවුඩ ",{"t":"idOrVar","v":"n"}," කොඩි දැමිණි"],"two":["පණිවුඩ ",{"t":"idOrVar","v":"n"}," කොඩි දැමිණි"]},"$x":[{"t":"idOrVar","v":"plural"},"n"]},{"$i":"toaster-message-unstar","$v":{"few":["පණිවුඩ කොඩි ",{"t":"idOrVar","v":"n"}," ඉවත් කෙරිණි"],"many":["පණිවුඩ කොඩි ",{"t":"idOrVar","v":"n"}," ඉවත් කෙරිණි"],"one":"පණිවුඩ කොඩිය ඉවත් කෙරිණි","other":["පණිවුඩ කොඩි ",{"t":"idOrVar","v":"n"}," ඉවත් කෙරිණි"],"two":["පණිවුඩ කොඩි ",{"t":"idOrVar","v":"n"}," ඉවත් කෙරිණි"]},"$x":[{"t":"idOrVar","v":"plural"},"n"]},{"$i":"toaster-message-read","$v":{"few":["පණිවුඩ ",{"t":"idOrVar","v":"n"}," කියවූ ලෙස ලකුණු කෙරිණි"],"many":["පණිවුඩ ",{"t":"idOrVar","v":"n"}," කියවූ ලෙස ලකුණු කෙරිණි"],"one":"පණිවුඩය කියවූ ලෙස ලකුණු කෙරිණි","other":["පණිවුඩ ",{"t":"idOrVar","v":"n"}," කියවූ ලෙස ලකුණු කෙරිණි"],"two":["පණිවුඩ ",{"t":"idOrVar","v":"n"}," කියවූ ලෙස ලකුණු කෙරිණි"]},"$x":[{"t":"idOrVar","v":"plural"},"n"]},{"$i":"toaster-message-unread","$v":{"few":["පණිවුඩ ",{"t":"idOrVar","v":"n"}," නොකියවූ ලෙස ලකුණු කෙරිණි"],"many":["පණිවුඩ ",{"t":"idOrVar","v":"n"}," නොකියවූ ලෙස ලකුණු කෙරිණි"],"one":"පණිවුඩය නොකියවූ ලෙස ලකුණු කෙරිණි","other":["පණිවුඩ ",{"t":"idOrVar","v":"n"}," නොකියවූ ලෙස ලකුණු කෙරිණි"],"two":["පණිවුඩ ",{"t":"idOrVar","v":"n"}," නොකියවූ ලෙස ලකුණු කෙරිණි"]},"$x":[{"t":"idOrVar","v":"plural"},"n"]},{"$i":"toaster-message-move","$v":{"few":["පණිවුඩ ",{"t":"idOrVar","v":"n"}," මෙම ෆෝල්ඩරය වෙත ගෙන යන ලදී:"],"many":["පණිවුඩ ",{"t":"idOrVar","v":"n"}," මෙම ෆෝල්ඩරය වෙත ගෙන යන ලදී:"],"one":"පණිවුඩය මෙම ෆෝල්ඩරයට ගෙන යන ලදී:","other":["පණිවුඩ ",{"t":"idOrVar","v":"n"}," මෙම ෆෝල්ඩරය වෙත ගෙන යන ලදී:"],"two":["පණිවුඩ ",{"t":"idOrVar","v":"n"}," මෙම ෆෝල්ඩරය වෙත ගෙන යන ලදී:"]},"$x":[{"t":"idOrVar","v":"plural"},"n"]},{"$i":"toaster-message-delete","$v":{"few":["ඊමේල් ",{"t":"idOrVar","v":"n"}," මකන ලදී"],"many":["ඊමේල් ",{"t":"idOrVar","v":"n"}," මකන ලදී"],"one":"ඊමේල් 1ක් මකන ලදී","other":["ඊමේල් ",{"t":"idOrVar","v":"n"}," මකන ලදී"],"two":["ඊමේල් ",{"t":"idOrVar","v":"n"}," මකන ලදී"]},"$x":[{"t":"idOrVar","v":"plural"},"n"]},{"$i":"toaster-sync-failed","$v":"සේවාදායකයට සම්බන්ධ විය නොහැක."},{"$i":"compose-invalid-addresses-title","$v":"වලංගු නොවන ලිපින"},{"$i":"compose-invalid-addresses-description","$v":"ඔබේ පණිවුඩයේ වලංගු නොවන ඊමේල් ලිපින එකක් හෝ කිහිපයක් අඩංගු වේ. කරුණාකර යැවීමට පෙර ඒවා නිවැරදි කරන්න."},{"$i":"background-send-pending","$v":"ජාලය ලද නොහැක. ඊමේලය යැවූ පණිවුඩ වෙත සුරැකිණි."},{"$i":"background-send-sending","$v":"ඊමේලය යැවේ…"},{"$i":"background-send-success","$v":"ඊමේලය යැවිණි."},{"$i":"background-send-error","$v":"දෝෂයක් ඇති විණි. ඊමේලය යැවූ පණිවුඩ වෙත සුරැකිණි."},{"$i":"background-send-error-recipients","$v":"ලාභියාගේ දෝෂයකි. ඊමේලය යැවූ පණිවුඩ වෙත සුරැකිණි."},{"$i":"background-send-error-title","$v":"ඊමේලය යැවීමට නොහැකි විය"},{"$i":"send-failure-recipients","$v":"ඉහත ලිපිනයේ අක්ෂර වින්‍යාසය පිරික්සන්න. ඔබේ ඊමේල් සේවාදායකය විසින් ඉහත ලිපිනවලින් එකක් හෝ කිහිපයක් වැරදි බව දක්වන ලදී."},{"$i":"send-failure-unknown","$v":"පණිවුඩය යැවිය නොහැකි විය."},{"$i":"form-clear-input","$v":"පෙළ ඉවත් කරන්න"},{"$i":"confirm-dialog-title","$v":"තහවුරු කිරීම"},{"$i":"confirm-dialog-ok","$v":"OK"},{"$i":"msg-display-subject","$v":"මාතෘකාව"},{"$i":"msg-reader-display-attachments","$v":"ඇමුණුම්"},{"$i":"msg-reader-display-attachment","$v":"ඇමුණුම"},{"$i":"msg-reader-download-external-images","$v":["බාහිර අනුරූ බාගන්න (",{"t":"idOrVar","v":"n"}," MB)"]},{"$i":"msg-reader-sender-header","$v":"සිට"},{"$i":"msg-reader-recipients-header","$v":"ලාභියෝ"},{"$i":"msg-reader-cc-header","$v":"Cc"},{"$i":"msg-reader-bcc-header","$v":"Bcc"},{"$i":"msg-reader-message-flagged","$v":"පණිවුඩයට කොඩි දැමිණි"},{"$i":"msg-reader-flag-removed","$v":"කොඩි සලකුණ ඉවත් කෙරිණි"},{"$i":"external-image-downloading","$v":"බාගනිමින්..."},{"$i":"senders-separation-sign","$v":", "},{"$i":"new-messages","$v":{"few":["නව පණිවුඩ ",{"t":"idOrVar","v":"n"}],"many":["නව පණිවුඩ ",{"t":"idOrVar","v":"n"}],"one":"නව පණිවුඩ 1","other":["නව පණිවුඩ ",{"t":"idOrVar","v":"n"}],"two":["නව පණිවුඩ ",{"t":"idOrVar","v":"n"}]},"$x":[{"t":"idOrVar","v":"plural"},"n"]},{"$i":"new-emails-notify-one-account","$v":{"few":["නව ඊමේල් ",{"t":"idOrVar","v":"n"}],"many":["නව ඊමේල් ",{"t":"idOrVar","v":"n"}],"one":"නව ඊමේල් 1","other":["නව ඊමේල් ",{"t":"idOrVar","v":"n"}],"two":["නව ඊමේල් ",{"t":"idOrVar","v":"n"}]},"$x":[{"t":"idOrVar","v":"plural"},"n"]},{"$i":"new-emails-notify-multiple-accounts","$v":{"few":["නව ඊමේල් ",{"t":"idOrVar","v":"n"}," (",{"t":"idOrVar","v":"accountName"},")"],"many":["නව ඊමේල් ",{"t":"idOrVar","v":"n"}," (",{"t":"idOrVar","v":"accountName"},")"],"one":["නව ඊමේල් 1 (",{"t":"idOrVar","v":"accountName"},")"],"other":["නව ඊමේල් ",{"t":"idOrVar","v":"n"}," (",{"t":"idOrVar","v":"accountName"},")"],"two":["නව ඊමේල් ",{"t":"idOrVar","v":"n"}," (",{"t":"idOrVar","v":"accountName"},")"]},"$x":[{"t":"idOrVar","v":"plural"},"n"]},{"$i":"new-emails-notify-multiple-accounts-body","$v":[{"t":"idOrVar","v":"from"}," “",{"t":"idOrVar","v":"subject"},"”"]},{"$i":"tng-plain-socket-warning-title","$v":"ඔබට සහතික ද?"},{"$i":"tng-plain-socket-warning-message","$v":"වෙනත් පුද්ගලයන්ට ඔබේ මුරපද හා ඊමේල් දැකීමට හෝ ඔබේ ගිණුම පාලනය කිරීමට හැකි වීමට ඉඩ ඇත."},{"$i":"tng-plain-socket-warning-message-options","$v":"මීට වඩා ආරක්ෂිත, ගුප්ත කේතනය කරන ලද සම්බන්ධතා ලබා දෙන නොමිලේ ඊමේල් සැපයුම්කරුවන් ගණනාවක් වේ."},{"$i":"tng-plain-socket-warning-ok","$v":"මට වැටහේ"},{"$i":"message-reader-date-received","ariaLabel":"ලැබුණු"},{"$i":"sort-by-title","$v":"සුබෙදන්න"},{"$i":"sort-by-date","$v":"දිනය"},{"$i":"sort-by-from","$v":"සිට"},{"$i":"sort-by-to","$v":"වෙත"},{"$i":"sort-by-subject","$v":"මාතෘකාව"},{"$i":"softkey-options","$v":"විකල්ප"},{"$i":"opt-compose","$v":"ලියන්න"},{"$i":"opt-reply","$v":"පිළිතුරු යවන්න"},{"$i":"opt-reply-all","$v":"සියල්ලන්ට පිළිතුරු යවන්න"},{"$i":"opt-forward","$v":"යොමු කරන්න"},{"$i":"opt-mark-read","$v":"කියවූ ලෙස ලකුණු කරන්න"},{"$i":"opt-mark-unread","$v":"නොකියවූ ලෙස ලකුණු කරන්න"},{"$i":"opt-add-flag","$v":"flag එක් කරන්න"},{"$i":"opt-remove-flag","$v":"කොඩිය ඉවත් කරන්න"},{"$i":"opt-move-message","$v":"ෆෝල්ඩරය වෙත ගෙන යන්න"},{"$i":"opt-delete-message","$v":"මකන්න"},{"$i":"opt-multi-select","$v":"කිහිපයක් තෝරන්න"},{"$i":"opt-search","$v":"සොයන්න"},{"$i":"opt-folders","$v":"ෆෝල්ඩර දක්වන්න"},{"$i":"opt-sort","$v":"සුබෙදන්න"},{"$i":"opt-sync","$v":"සමමුහුර්තකරණය කරන්න"},{"$i":"opt-account","$v":"ගිණුම මාරු කරන්න"},{"$i":"opt-settings","$v":"පසුතල"},{"$i":"opt-edit","$v":"සංස්කරණය කරන්න"},{"$i":"opt-cancel","$v":"අවලංගු කරන්න"},{"$i":"opt-save","$v":"සුරකින්න"},{"$i":"opt-move","$v":"ගෙන යන්න"},{"$i":"opt-view","$v":"දක්වන්න"},{"$i":"opt-empty-trash","$v":"කසළ හිස් කරන්න"},{"$i":"opt-call-number","$v":"අමතන්න"},{"$i":"opt-compose-mail","$v":"රචනා කරන්න"},{"$i":"opt-open-url","$v":"විවෘත කරන්න"},{"$i":"select-option-on","$v":"ක්‍රියාත්මක"},{"$i":"select-option-off","$v":"ක්‍රියා විරහිත"},{"$i":"select-option-imap-smtp","$v":"IMAP+SMTP"},{"$i":"select-option-pop3-smtp","$v":"POP3+SMTP"},{"$i":"select-option-activesync","$v":"ActiveSync"},{"$i":"toaster-switch-account","$v":"ඊමේල් ගිණුම මෙයට මාරු කළා:"},{"$i":"toaster-sorted-by","$v":"පණිවුඩය සුබෙදන ලද්දේ"},{"$i":"cmp-reply","$v":"පිළිතුරු යවන්න"},{"$i":"cmp-reply-all","$v":"සියල්ලන්ට පිළිතුරු යවන්න"},{"$i":"cmp-forward","$v":"පණිවුඩය යොමු කරන්න"},{"$i":"cmp-remove-attach","$v":"ඇමුණුම ඉවත් කළා"},{"$i":"select","$v":"තෝරන්න"},{"$i":"deselect","$v":"තේරීම ඉවත් කරන්න"},{"$i":"cancel","$v":"අවලංගු කරන්න"},{"$i":"enter","$v":"ඇතුළු කරන්න"},{"$i":"remove-attachment","$v":"ඇමුණුම ඉවත් කරන්න"},{"$i":"replace-attachment","$v":"ඇමුණුම ආදේශ කරන්න"},{"$i":"add-attachment","$v":"ඇමුණුම එක් කරන්න"},{"$i":"add-contact","$v":"සබඳතාව එක් කරන්න"},{"$i":"add-cc","$v":"Cc එක් කරන්න"},{"$i":"remove-cc","$v":"Cc ඉවත් කරන්න"},{"$i":"add-bcc","$v":"Bcc එක් කරන්න"},{"$i":"remove-bcc","$v":"Bcc ඉවත් කරන්න"},{"$i":"attachment-download","$v":"බාගන්න"},{"$i":"attachment-share","$v":"හුවමාරු කරන්න"},{"$i":"send-new-mail","$v":"නව ඊමේලය යවන්න"},{"$i":"view-contact","$v":"සබඳතාව දක්වන්න"},{"$i":"save-new-contact","$v":"නව සබඳතාව සුරකින්න"},{"$i":"add-to-exsiting-contact","$v":"පවතින සබඳතාවට එක් කරන්න"},{"$i":"no","$v":"නැත"},{"$i":"yes","$v":"ඔව්"},{"$i":"retry","$v":"නැවත උත්සාහ කරන්න"},{"$i":"empty","$v":"හිස්"},{"$i":"empty-trash-confirm","$v":"ඔබට කසළ බඳුන හිස් කිරීමට අවශ්‍ය ද?"},{"$i":"trash-emptied","$v":"කසළ හිස් කෙරිණි"},{"$i":"next","$v":"ඊළඟ"},{"$i":"welcome-header","$v":"ඊමේල්"},{"$i":"welcome-msg","$v":"ඊමේල් වෙත සාදරයෙන් පිළිගනිමු."},{"$i":"welcome-msg-setup","$v":"ඔබේ ඊමේල් ගිණුම පිහිටුවීමට ඊළඟ ඔබන්න."},{"$i":"discard","$v":"ඉවත ලන්න"},{"$i":"leave-this-page-warning-message","$v":"ඔබ ඊමේල් ගිණුම් තොරතුරු ඉවත ලීමට අදහස් කරන්නේ ද?"},{"$i":"finish","$v":"අවසන් කරන්න"},{"$i":"setup-done-msg","$v":"ඔබ සාර්ථකව ඇතුල් වී ඇත. ඔබ තවත් ගිණුමක් එක් කිරීමට කැමති ද?"},{"$i":"save-as-draft","$v":"කෙටුම්පතක් ලෙස සුරකින්න"},{"$i":"show-password","$v":"මුරපදය පෙන්වන්න"},{"$i":"account-label","$v":"ගිණුම් ලේබලය"},{"$i":"folders","$v":"ෆෝල්ඩර"},{"$i":"security","$v":"ආරක්ෂාව"},{"$i":"port-number","$v":"තොට අංකය"},{"$i":"domain-username","$v":"වසම\\පරිශීලක නාමය"},{"$i":"synchronizing","$v":"සමමුහුර්ත කෙරේ…"},{"$i":"browse-mail","$v":"ඊමේල් පිරික්සන්න"},{"$i":"never-sync","$v":"දේශීය ෆෝල්ඩරය සමමුහුර්ත කළ නොහැක"},{"$i":"emptyDownloadFile","$v":"මෙම ගොනුව බාගැනීමට නොහැකිය, එය හිස් විය හැකිය"},{"$i":"sync","$v":"සමමු කරන්න"},{"$i":"outbox-unsent-label","$v":{"few":["යැවූ පණිවුඩවල නොයැවුණු පණිවුඩ ",{"t":"idOrVar","v":"n"}],"many":["යැවූ පණිවුඩවල නොයැවුණු පණිවුඩ ",{"t":"idOrVar","v":"n"}],"one":"යැවූ පණිවුඩවල නොයැවුණු පණිවුඩ 1","other":["යැවූ පණිවුඩවල නොයැවුණු පණිවුඩ ",{"t":"idOrVar","v":"n"}],"two":"යැවූ පණිවුඩවල නොයැවුණු පණිවුඩ 2"},"$x":[{"t":"idOrVar","v":"plural"},"n"]},{"$i":"storage-full-title","$v":"ගබඩාව පිරී ඇත"},{"$i":"storage-full-warning","$v":"වඩා වැඩි නිදහස් ඉඩක් ලබාගැනීමට ඔබට මාධ්‍ය ගොනු කිහිපයක් මැකීමට හෝ යෙදුම් දත්ත කළමනාකරණය කිරීමට හැකිය."},{"$i":"storage-full","$v":"දුරකථන ගබඩාව පිරී ඇත."},{"$i":"storage-sdcard-full","$v":"SD කාඩ්පත පිරී ඇත."},{"$i":"view-address","$v":"ලිපිනය බලන්න"},{"$i":"mail-address-title","$v":"තැපැල් ලිපිනය"},{"$i":"mail-address","$v":[{"t":"idOrVar","v":"address"}]},{"$i":"value-name","$v":[{"t":"idOrVar","v":"name"}]},{"$i":"account-deleted","$v":"ගිණුම මකාදමා ඇත."},{"$i":"account-reEnable","$v":"ගිණුම දැනටමත් පවතී. ගිණුම් ඊමේල් සමමුහු කරන්න ද?"},{"$i":"setup-account-usedInfo","$v":"මෙම ගිණුම පහත යෙදුම් මගින් භාවිතා කෙරෙනු ඇත. ඔබට මෙය පසුතල>ගිණුම වෙතින් වෙනස් කළ හැක."},{"$i":"setup-account-settingsInfo","$v":"යෙදුම් එකිනෙකට වෙනස් පෙරනිමි සමමුහුර්ත කාල අන්තර ඇත, කරුණාකර යෙදුමේ සැකසුම් තුළ පරීක්ෂා කරන්න."},{"$i":"app-calendar","$v":"දින දර්."},{"$i":"app-contacts","$v":"සබඳතා"},{"$i":"app-email","$v":"ඊමේල්"},{"$i":"weekday-0-long","$v":"ඉරිදා"},{"$i":"weekday-1-long","$v":"සඳුදා"},{"$i":"weekday-2-long","$v":"අඟහරුවාදා"},{"$i":"weekday-3-long","$v":"බදාදා"},{"$i":"weekday-4-long","$v":"බ්‍රහස්පතින්දා"},{"$i":"weekday-5-long","$v":"සිකුරාදා"},{"$i":"weekday-6-long","$v":"සෙනසුරාදා"},{"$i":"weekday-0-short","$v":"ඉරිදා"},{"$i":"weekday-1-short","$v":"සඳු"},{"$i":"weekday-2-short","$v":"අඟ"},{"$i":"weekday-3-short","$v":"බදා"},{"$i":"weekday-4-short","$v":"බ්‍රහස්"},{"$i":"weekday-5-short","$v":"සිකු"},{"$i":"weekday-6-short","$v":"සෙන"},{"$i":"month-0-long","$v":"ජනවාරි"},{"$i":"month-1-long","$v":"පෙබරවාරි"},{"$i":"month-2-long","$v":"මාර්තු"},{"$i":"month-3-long","$v":"අප්‍රේල්"},{"$i":"month-4-long","$v":"මැයි"},{"$i":"month-5-long","$v":"ජුනි"},{"$i":"month-6-long","$v":"ජූලි"},{"$i":"month-7-long","$v":"අගෝස්තු"},{"$i":"month-8-long","$v":"සැප්තැම්බර්"},{"$i":"month-9-long","$v":"ඔක්තෝබර්"},{"$i":"month-10-long","$v":"නොවැම්බර්"},{"$i":"month-11-long","$v":"දෙසැම්බර්"},{"$i":"month-0-genitive","$v":"ජනවාරි"},{"$i":"month-1-genitive","$v":"පෙබරවාරි"},{"$i":"month-2-genitive","$v":"මාර්තු"},{"$i":"month-3-genitive","$v":"අප්‍රේල්"},{"$i":"month-4-genitive","$v":"මැයි"},{"$i":"month-5-genitive","$v":"ජූනි"},{"$i":"month-6-genitive","$v":"ජුලි"},{"$i":"month-7-genitive","$v":"අගෝස්තු"},{"$i":"month-8-genitive","$v":"සැප්තැම්බර්"},{"$i":"month-9-genitive","$v":"ඔක්තෝබර්"},{"$i":"month-10-genitive","$v":"නොවැම්බර්"},{"$i":"month-11-genitive","$v":"දෙසැම්බර්"},{"$i":"month-0-short","$v":"ජන"},{"$i":"month-1-short","$v":"පෙබ"},{"$i":"month-2-short","$v":"මාර්."},{"$i":"month-3-short","$v":"අප්‍රේ"},{"$i":"month-4-short","$v":"මැයි"},{"$i":"month-5-short","$v":"ජූනි"},{"$i":"month-6-short","$v":"ජූලි"},{"$i":"month-7-short","$v":"අගෝ"},{"$i":"month-8-short","$v":"සැප්"},{"$i":"month-9-short","$v":"ඔක්"},{"$i":"month-10-short","$v":"නොවැ"},{"$i":"month-11-short","$v":"දෙසැ"},{"$i":"minutes-ago-long","$v":{"few":[{"t":"idOrVar","v":"value"}," මිනිත්තුවකට පෙර"],"many":[{"t":"idOrVar","v":"value"}," මිනිත්තුවකට පෙර"],"one":"මිනිත්තුවකට පෙර","other":[{"t":"idOrVar","v":"value"}," මිනිත්තුවකට පෙර"],"two":[{"t":"idOrVar","v":"value"}," මිනිත්තුවකට පෙර"],"zero":"මේ දැන්"},"$x":[{"t":"idOrVar","v":"plural"},"value"]},{"$i":"hours-ago-long","$v":{"few":[{"t":"idOrVar","v":"value"}," පැයකට ඉහත"],"many":[{"t":"idOrVar","v":"value"}," පැයකට ඉහත"],"one":"පැයකට පෙර","other":[{"t":"idOrVar","v":"value"}," පැයකට ඉහත"],"two":[{"t":"idOrVar","v":"value"}," පැයකට ඉහත"],"zero":"මේ දැන්"},"$x":[{"t":"idOrVar","v":"plural"},"value"]},{"$i":"days-ago-long","$v":{"few":[{"t":"idOrVar","v":"value"}," දවසකට ඉහත"],"many":[{"t":"idOrVar","v":"value"}," දවසකට ඉහත"],"one":"ඊයේ","other":[{"t":"idOrVar","v":"value"}," දවසකට ඉහත"],"two":[{"t":"idOrVar","v":"value"}," දවසකට ඉහත"],"zero":"අද"},"$x":[{"t":"idOrVar","v":"plural"},"value"]},{"$i":"weeks-ago-long","$v":{"few":[{"t":"idOrVar","v":"value"}," සතියකට ඉහත"],"many":[{"t":"idOrVar","v":"value"}," සතියකට ඉහත"],"one":"පසුගිය සතිය","other":[{"t":"idOrVar","v":"value"}," සතියකට ඉහත"],"two":[{"t":"idOrVar","v":"value"}," සතියකට ඉහත"],"zero":"මේ සතිය"},"$x":[{"t":"idOrVar","v":"plural"},"value"]},{"$i":"months-ago-long","$v":{"few":[{"t":"idOrVar","v":"value"}," මසකට ඉහත"],"many":[{"t":"idOrVar","v":"value"}," මසකට ඉහත"],"one":"අවසන් මාසය","other":[{"t":"idOrVar","v":"value"}," මසකට ඉහත"],"two":[{"t":"idOrVar","v":"value"}," මසකට ඉහත"],"zero":"මේ මාසය"},"$x":[{"t":"idOrVar","v":"plural"},"value"]},{"$i":"years-ago-long","$v":{"few":[{"t":"idOrVar","v":"value"}," වසරකට ඉහත"],"many":[{"t":"idOrVar","v":"value"}," වසරකට ඉහත"],"one":"පසුගිය වසර","other":[{"t":"idOrVar","v":"value"}," වසරකට ඉහත"],"two":[{"t":"idOrVar","v":"value"}," වසරකට ඉහත"],"zero":"මෙම වසර"},"$x":[{"t":"idOrVar","v":"plural"},"value"]},{"$i":"minutes-until-long","$v":{"few":["මිනිත්තු",{"t":"idOrVar","v":"value"}," කින්"],"many":["මිනිත්තු",{"t":"idOrVar","v":"value"}," කින්"],"one":"මිනිත්තුවකදී","other":["මිනිත්තු",{"t":"idOrVar","v":"value"}," කින්"],"two":["මිනිත්තු",{"t":"idOrVar","v":"value"}," කින්"],"zero":"දැන්"},"$x":[{"t":"idOrVar","v":"plural"},"value"]},{"$i":"hours-until-long","$v":{"few":["පැය ",{"t":"idOrVar","v":"value"}," කින්"],"many":["පැය ",{"t":"idOrVar","v":"value"}," කින්"],"one":"පැයකදී","other":["පැය ",{"t":"idOrVar","v":"value"}," කින්"],"two":["පැය ",{"t":"idOrVar","v":"value"}," කින්"],"zero":"දැන්"},"$x":[{"t":"idOrVar","v":"plural"},"value"]},{"$i":"days-until-long","$v":{"few":["දින ",{"t":"idOrVar","v":"value"}," කින්"],"many":["දින ",{"t":"idOrVar","v":"value"}," කින්"],"one":"හෙට","other":["දින ",{"t":"idOrVar","v":"value"}," කින්"],"two":["දින ",{"t":"idOrVar","v":"value"}," කින්"],"zero":"අද"},"$x":[{"t":"idOrVar","v":"plural"},"value"]},{"$i":"weeks-until-long","$v":{"few":["සති ",{"t":"idOrVar","v":"value"}," කින්"],"many":["සති ",{"t":"idOrVar","v":"value"}," කින්"],"one":"ඊළඟ සතිය","other":["සති ",{"t":"idOrVar","v":"value"}," කින්"],"two":["සති ",{"t":"idOrVar","v":"value"}," කින්"],"zero":"මේ සතිය"},"$x":[{"t":"idOrVar","v":"plural"},"value"]},{"$i":"months-until-long","$v":{"few":["මාස ",{"t":"idOrVar","v":"value"}," කින්"],"many":["මාස ",{"t":"idOrVar","v":"value"}," කින්"],"one":"ඊළඟ මාසය","other":["මාස ",{"t":"idOrVar","v":"value"}," කින්"],"two":["මාස ",{"t":"idOrVar","v":"value"}," කින්"],"zero":"මේ මාසය"},"$x":[{"t":"idOrVar","v":"plural"},"value"]},{"$i":"years-until-long","$v":{"few":["වසර ",{"t":"idOrVar","v":"value"}," කින්"],"many":["වසර ",{"t":"idOrVar","v":"value"}," කින්"],"one":"ඊළඟ වසර","other":["වසර ",{"t":"idOrVar","v":"value"}," කින්"],"two":["වසර ",{"t":"idOrVar","v":"value"}," කින්"],"zero":"මෙම වසර"},"$x":[{"t":"idOrVar","v":"plural"},"value"]},{"$i":"minutes-ago-short","$v":{"other":[{"t":"idOrVar","v":"value"},"මි. පෙර"],"zero":"මේ දැන්"},"$x":[{"t":"idOrVar","v":"plural"},"value"]},{"$i":"hours-ago-short","$v":{"other":[{"t":"idOrVar","v":"value"},"පැ. පෙර"],"zero":"මේ දැන්"},"$x":[{"t":"idOrVar","v":"plural"},"value"]},{"$i":"days-ago-short","$v":{"other":[{"t":"idOrVar","v":"value"},"දි. පෙර"],"zero":"අද"},"$x":[{"t":"idOrVar","v":"plural"},"value"]},{"$i":"minutes-until-short","$v":{"other":["මාස ",{"t":"idOrVar","v":"value"},"කින්"],"zero":"දැන්"},"$x":[{"t":"idOrVar","v":"plural"},"value"]},{"$i":"hours-until-short","$v":{"other":["පැය ",{"t":"idOrVar","v":"value"},"කින්"],"zero":"දැන්"},"$x":[{"t":"idOrVar","v":"plural"},"value"]},{"$i":"days-until-short","$v":{"other":["දින ",{"t":"idOrVar","v":"value"},"කින්"],"zero":"අද"},"$x":[{"t":"idOrVar","v":"plural"},"value"]},{"$i":"incorrectDate","$v":"(වැරදිදිනය)"},{"$i":"dateTimeFormat_%c","$v":"%a %b %e %Y %I:%M:%S %p"},{"$i":"dateTimeFormat_%x","$v":"%m/%d/%Y"},{"$i":"dateTimeFormat_%X","$v":"%I:%M:%S %p"},{"$i":"shortTimeFormat","$v":"%I:%M %p"},{"$i":"shortTimeFormat12","$v":"%I:%M %p"},{"$i":"shortTimeFormat24","$v":"%H:%M"},{"$i":"shortDateTimeFormat","$v":"%x %I:%M %p"},{"$i":"weekStartsOnMonday","$v":"0.0"},{"$i":"firstDayOfTheWeek","$v":"0.0"},{"$i":"time_am","$v":"AM"},{"$i":"time_pm","$v":"PM"}]