[{"$i":"setup-app-name-header","$v":"อีเมล"},{"$i":"setup-empty-account-message","$v":"คุณยังไม่ได้ตั้งค่าเพื่อส่งหรือรับอีเมล ตั้งค่าอีเมลเพื่อดำเนินการให้เสร็จสิ้น"},{"$i":"setup-pick-service","$v":"หากต้องการส่งและรับอีเมล คุณจะต้องตั้งค่าบัญชี"},{"$i":"setup-account-header3","$v":"ลงชื่อเข้าใช้บัญชี"},{"$i":"setup-account-password","$v":"รหัสผ่าน"},{"$i":"setup-info-next","$v":"ถัดไป"},{"$i":"setup-progress-wait-msg","$v":"การตั้งค่าบัญชี"},{"$i":"setup-sync-progress-wait-msg","$v":"กำลังซิงก์บัญชี"},{"$i":"setup-completed-header","$v":"ยินดีด้วย!"},{"$i":"setup-completed-label","$v":"เสร็จสิ้นแล้ว!"},{"$i":"setup-add-another-account","$v":"เพิ่มบัญชีอื่น"},{"$i":"setup-show-mail","$v":"ดำเนินการกับอีเมลต่อ"},{"$i":"setup-done-add","$v":"เพิ่มบัญชี"},{"$i":"setup-error-offline","$v":"ไม่มีการเชื่อมต่ออินเทอร์เน็ต"},{"$i":"setup-error-bad-user-or-pass2","$v":"อีเมลหรือรหัสผ่านไม่ถูกต้อง"},{"$i":"setup-error-bad-address","$v":"อีเมลไม่ถูกต้อง"},{"$i":"setup-error-not-authorized","$v":"ไม่อนุญาตให้สร้างบัญชี"},{"$i":"setup-error-pop-server-not-great","$v":"เซิร์ฟเวอร์ POP3 ไม่รองรับคุณสมบัติที่กำหนด"},{"$i":"setup-error-unknown2","$v":"เกิดข้อผิดพลาดที่ไม่ทราบสาเหตุ ตรวจสอบการเชื่อมต่อสัญญาณเครือข่ายหรือลองตัวเลือกกำหนดค่าด้วยตัวเอง"},{"$i":"setup-error-needs-app-pass","$v":"คุณต้องใช้รหัสผ่านที่มากับแอปพลิเคชันสำหรับบัญชี Gmail สองขั้นตอน"},{"$i":"setup-error-imap-disabled","$v":"คุณต้องเปิดใช้งาน IMAP สำหรับบัญชี Gmail ของคุณ"},{"$i":"setup-error-pop3-disabled","$v":"คุณต้องเปิดใช้งาน POP3 สำหรับบัญชี Gmail ของคุณ"},{"$i":"setup-error-bad-security","$v":["ไม่สามารถเชื่อมต่อสัญญาณที่เสถียรกับ \"",{"t":"idOrVar","v":"server"},"\" เกิดปัญหากับเครือข่ายหรือเซิร์ฟเวอร์ของคุณ"]},{"$i":"setup-error-unresponsive-server","$v":["ไม่สามารถเชื่อมต่อกับ \"",{"t":"idOrVar","v":"server"},"\" เกิดปัญหากับเครือข่าย"]},{"$i":"setup-error-server-problem","$v":["เกิดปัญหาขึ้นกับเซิร์ฟเวอร์ \"",{"t":"idOrVar","v":"server"},"\" ลองอีกครั้งภายหลัง"]},{"$i":"setup-error-no-config-info","$v":"ตั้งค่าไม่สำเร็จ ตรวจอีเมลหรือลองตั้งค่าด้วยตัวเอง"},{"$i":"setup-error-server-maintenance","$v":["เซิร์ฟเวอร์ \"",{"t":"idOrVar","v":"server"},"\" ออฟไลน์เนื่องจากอยู่ระหว่างการบำรุงรักษา ลองอีกครั้งภายหลัง"]},{"$i":"setup-error-account-already-exists","$v":"มีบัญชีอยู่แล้ว"},{"$i":"setup-manual-config2","$v":"ขั้นสูง"},{"$i":"setup-manual-config-header","$v":"ลงชื่อเข้าใช้บัญชี"},{"$i":"setup-manual-account-type-header","$v":"ประเภทบัญชี"},{"$i":"setup-manual-account-type","$v":"ประเภทบัญชี"},{"$i":"setup-manual-account-type-select","ariaLabel":"ประเภทบัญชี"},{"$i":"setup-manual-imap-header","$v":"การตั้งค่า IMAP"},{"$i":"setup-manual-pop3-header","$v":"การตั้งค่า POP3"},{"$i":"setup-manual-smtp-header","$v":"การตั้งค่า SMTP"},{"$i":"setup-manual-activesync-header","$v":"การตั้งค่า ActiveSync"},{"$i":"setup-manual-next","$v":"ถัดไป"},{"$i":"setup-manual-socket","$v":"ประเภทซ็อกเก็ต"},{"$i":"setup-manual-socket-ssl","$v":"SSL"},{"$i":"setup-manual-socket-starttls","$v":"STARTTLS"},{"$i":"setup-manual-socket-select","ariaLabel":"ความปลอดภัยในการเชื่อมต่อ"},{"$i":"setup-manual-socket-plain","$v":"ไม่ได้เข้ารหัส"},{"$i":"setup-bad-password-header","$v":"รหัสผ่านไม่ถูกต้อง"},{"$i":"setup-bad-password","$v":"ไม่สามารถลงชื่อเข้าใช้เซิร์ฟเวอร์ โปรดตรวจสอบให้แน่ใจว่ารหัสผ่านของคุณถูกต้อง"},{"$i":"setup-new-password","placeholder":"รหัสผ่านใหม่"},{"$i":"setup-fix-password","$v":"ลองป้อนรหัสผ่านใหม่"},{"$i":"setup-gmail-twofactor-header","$v":"เปิดใช้งานการตรวจสอบสองระดับแล้ว"},{"$i":"setup-gmail-twofactor-message","$v":"คุณต้องป้อนรหัสผ่านเฉพาะสำหรับแอปพลิเคชันด้านล่าง"},{"$i":"setup-gmail-imap-header","$v":"ปิดใช้งาน IMAP แล้ว"},{"$i":"setup-gmail-imap-message","$v":"คุณต้องเปิดใช้งาน IMAP บนบัญชี Gmail ของคุณ"},{"$i":"setup-gmail-retry","$v":"ลองอีกครั้ง"},{"$i":"setup-gmail-pop3-header","$v":"ปิดใช้งาน POP3 แล้ว"},{"$i":"setup-gmail-pop3-message","$v":"คุณต้องเปิดใช้งาน POP3 บนบัญชี Gmail ของคุณ"},{"$i":"setup-fix-oauth2-header","$v":"มอบสิทธิ์ใหม่ให้อีเมล"},{"$i":"setup-fix-oauth2-description","$v":"อีเมลต้องได้รับมอบสิทธิ์ใหม่เพื่อเข้าถึงบัญชีต่อไปนี้:"},{"$i":"setup-fix-oauth2-reauthorize","$v":"มอบสิทธิ์ใหม่"},{"$i":"settings-main-header","$v":"การตั้งค่าอีเมล"},{"$i":"settings-sub-header-account","$v":"บัญชี"},{"$i":"settings-account-group","ariaLabel":"บัญชี"},{"$i":"settings-account-name","$v":"ชื่อของคุณ"},{"$i":"settings-account-label","$v":"ชื่อบัญชี"},{"$i":"settings-account-display-notifications","$v":"แสดงข้อความแจ้งเตือนอีเมลใหม่"},{"$i":"settings-account-play-sound-onsend","$v":"เล่นเสียงหลังส่งข้อความ"},{"$i":"settings-account-signature-label","$v":"ลายเซ็น"},{"$i":"settings-sub-header-data","$v":"ข้อมูล"},{"$i":"settings-data-group","ariaLabel":"ข้อมูล"},{"$i":"settings-account-check-mail","$v":"ตรวจสอบข้อความใหม่"},{"$i":"settings-account-check-mail-select","ariaLabel":"ดูข้อความใหม่"},{"$i":"settings-sub-header-server","$v":"การตั้งค่าเซิร์ฟเวอร์"},{"$i":"settings-server-group","ariaLabel":"การตั้งค่าเซิร์ฟเวอร์"},{"$i":"settings-account-userpass","$v":"ชื่อผู้ใช้และรหัสผ่าน"},{"$i":"settings-account-useroauth2","$v":"ชื่อผู้ใช้"},{"$i":"settings-default-signature-2","$v":"ส่งจากโทรศัพท์ของฉัน"},{"$i":"settings-done","$v":"เสร็จสิ้น"},{"$i":"settings-account-section","$v":"บัญชี"},{"$i":"settings-account-listbox","ariaLabel":"บัญชี"},{"$i":"settings-account-add","$v":"เพิ่ม"},{"$i":"settings-account-delete","$v":"ลบบัญชี"},{"$i":"settings-account-delete-prompt","$v":"ถ้าคุณลบบัญชีนี้ แอปที่ใช้บัญชีนี้จะได้รับผลกระทบเช่นกัน"},{"$i":"settings-account-delete-desc","$v":"คุณต้องดาวน์โหลดอีเมลใหม่หากคุณสร้างบัญชีใหม่"},{"$i":"settings-account-delete-cancel","$v":"ยกเลิก"},{"$i":"settings-account-delete-confirm","$v":"ลบ"},{"$i":"settings-account-clarify","$v":[{"t":"idOrVar","v":"account-name"}]},{"$i":"settings-account-clarify-imap","$v":[{"t":"idOrVar","v":"account-name"}," (IMAP)"]},{"$i":"settings-account-clarify-pop3","$v":[{"t":"idOrVar","v":"account-name"}," (POP3)"]},{"$i":"settings-account-clarify-smtp","$v":[{"t":"idOrVar","v":"account-name"}," (SMTP)"]},{"$i":"settings-general-section","$v":"การตั้งค่าทั่วไป"},{"$i":"settings-show-images","$v":"แสดงภาพเสมอ"},{"$i":"settings-download-attachments","$v":"ดาวน์โหลดข้อมูลแนบ"},{"$i":"settings-check-every-5min","$v":"ทุก 5 นาที"},{"$i":"settings-check-every-10min","$v":"ทุก 10 นาที"},{"$i":"settings-check-every-15min","$v":"ทุก 15 นาที"},{"$i":"settings-check-every-30min","$v":"ทุก 30 นาที"},{"$i":"settings-check-every-60min","$v":"ทุกชั่วโมง"},{"$i":"settings-check-every-manual","$v":"ด้วยตนเอง"},{"$i":"settings-check-dynamic","$v":{"few":[{"t":"idOrVar","v":"n"}," วินาที"],"many":[{"t":"idOrVar","v":"n"}," วินาที"],"one":[{"t":"idOrVar","v":"n"}," วินาที"],"other":[{"t":"idOrVar","v":"n"}," วินาที"],"two":[{"t":"idOrVar","v":"n"}," วินาที"],"zero":"ปิดใช้งาน"},"$x":[{"t":"idOrVar","v":"plural"},"n"]},{"$i":"settings-default-account","$v":"ตั้งเป็นอีเมลเริ่มต้น"},{"$i":"settings-account-type","$v":"ประเภทบัญชี"},{"$i":"settings-account-credentials","$v":"การรับรอง"},{"$i":"settings-activesync-label","$v":"การตั้งค่า ActiveSync"},{"$i":"settings-imap-label","$v":"การตั้งค่า IMAP"},{"$i":"settings-pop3-label","$v":"การตั้งค่า POP3"},{"$i":"settings-smtp-label","$v":"การตั้งค่า SMTP"},{"$i":"settings-hostname","$v":"ชื่อโฮสต์"},{"$i":"settings-port","$v":"พอร์ต"},{"$i":"settings-username","$v":"ชื่อผู้ใช้"},{"$i":"settings-password","$v":"รหัสผ่าน"},{"$i":"settings-save","$v":"บันทึก"},{"$i":"password-saved","$v":"บันทึกรหัสผ่านแล้ว"},{"$i":"settings-reauth","$v":"มอบสิทธิ์ใหม่"},{"$i":"settings-account-synchronize-window","$v":"วันที่ซิงค์"},{"$i":"settings-account-synchronize-window-select","ariaLabel":"วันที่ซิงค์"},{"$i":"settings-synchronize-auto","$v":"อัตโนมัติ"},{"$i":"settings-synchronize-one-day","$v":"1 วัน"},{"$i":"settings-synchronize-three-days","$v":"3 วัน"},{"$i":"settings-synchronize-one-week","$v":"1 สัปดาห์"},{"$i":"settings-synchronize-two-weeks","$v":"2 สัปดาห์"},{"$i":"settings-synchronize-one-month","$v":"1 เดือน"},{"$i":"settings-synchronize-all","$v":"ข้อความทั้งหมเ"},{"$i":"envelope-from","$v":"จาก"},{"$i":"envelope-to","$v":"ถึง"},{"$i":"envelope-cc","$v":"สำเนาถึง"},{"$i":"envelope-bcc","$v":"สำเนาลับถึง"},{"$i":"message-header-state-sending","ariaLabel":"กำลังส่ง"},{"$i":"message-header-state-error","ariaLabel":"ข้อผิดพลาดการส่ง"},{"$i":"message-header-unread","ariaLabel":"ยังไม่อ่าน"},{"$i":"message-header-reply","ariaLabel":"ตอบกลับ"},{"$i":"message-header-forward","ariaLabel":"ส่งต่อ"},{"$i":"message-header-starred","ariaLabel":"มีดาว"},{"$i":"message-header-attachments","ariaLabel":"มีข้อมูลแนบ"},{"$i":"message-body-container","ariaLabel":"ตัวข้อความ"},{"$i":"message-body-container-progress","ariaValueText":"กำลังโหลด"},{"$i":"subject","ariaLabel":"หัวเรื่อง"},{"$i":"attachments-container","ariaLabel":"ข้อมูลแนบ"},{"$i":"from-group","ariaLabel":"จาก"},{"$i":"to-group","ariaLabel":"ถึง"},{"$i":"cc-group","ariaLabel":"สำเนาถึง"},{"$i":"bcc-group","ariaLabel":"สำเนาลับถึง"},{"$i":"compose-header","$v":"เขียนข้อความ"},{"$i":"compose-header-short","$v":"เขียน"},{"$i":"compose-send","$v":"ส่ง"},{"$i":"compose-send-button","ariaLabel":"ส่ง"},{"$i":"compose-to","$v":"ถึง"},{"$i":"compose-cc","$v":"สำเนาถึง"},{"$i":"compose-bcc","$v":"สำเนาลับถึง"},{"$i":"compose-cc-remove","$v":"รายชื่อ cc ถูกลบแล้ว"},{"$i":"compose-bcc-remove","$v":"รายชื่อ bcc ถูกลบแล้ว"},{"$i":"compose-contact-add","ariaLabel":"เพิ่มรายชื่อ"},{"$i":"compose-attachments","$v":{"few":["ข้อมูลแนบ (",{"t":"idOrVar","v":"n"},") รายการ"],"many":["ข้อมูลแนบ (",{"t":"idOrVar","v":"n"},") รายการ"],"one":["ข้อมูลแนบ (",{"t":"idOrVar","v":"n"},") รายการ"],"other":["ข้อมูลแนบ (",{"t":"idOrVar","v":"n"},") รายการ"],"two":["ข้อมูลแนบ (",{"t":"idOrVar","v":"n"},") รายการ"],"zero":"ข้อมูลแนบ"},"$x":[{"t":"idOrVar","v":"plural"},"n"]},{"$i":"compose-text","ariaLabel":"แก้ไข"},{"$i":"compose-attachment-still-working","$v":"โปรดรอสักครู่ กำลังดำเนินการกับข้อมูลแนบก่อนหน้า..."},{"$i":"compose-attachment-loading","$v":"กำลังโหลดไฟล์แนบ..."},{"$i":"compose-attachments-loading","$v":"กำลังโหลดไฟล์แนบ..."},{"$i":"compose-forward-attachment-error-title","$v":"ดาวน์โหลดไม่สำเร็จ"},{"$i":"compose-forward-attachment-error-title2","$v":"ข้อผิดพลาด"},{"$i":"compose-forward-attachment-unable-load","$v":"ไม่สามารถโหลดไฟล์แนบ"},{"$i":"compose-forward-attachments-unable-load","$v":"ไม่สามารถโหลดไฟล์แนบ"},{"$i":"compose-forward-attachment-load-error","$v":"ไม่สามารถโหลดไฟล์แนบได้บางไฟล์"},{"$i":"confirmation-title","$v":"การยืนยัน"},{"$i":"compose-subject","$v":"หัวเรื่อง"},{"$i":"compose-draft-save","$v":"บันทึกไปยังข้อความร่างในเครื่องหรือไม่"},{"$i":"compose-discard-confirm","$v":"ยกเลิก"},{"$i":"compose-draft-dialog-cancel","$v":"ยกเลิก"},{"$i":"compose-draft-dialog-save","$v":"บันทึก"},{"$i":"composer-draft-saved","$v":"บันทึกร่างจดหมาย"},{"$i":"attention","$v":"โปรดทราบ"},{"$i":"compose-send-message-failed","$v":"การส่งอีเมลล้มเหลว"},{"$i":"compose-attchment-size-exceeded","$v":"ไฟล์ที่แนบใหญ่เกินไปที่จะส่งพร้อมข้อความ"},{"$i":"compose-attchments-size-exceeded","$v":"ไฟล์ที่แนบใหญ่เกินไปที่จะส่งพร้อมข้อความ"},{"$i":"composer-attachment-large-title","$v":"ขนาดไฟล์ใหญ่เกินไป"},{"$i":"default-attachment-filename","$v":["ข้อมูลแนบ ",{"t":"idOrVar","v":"n"}," รายการ"]},{"$i":"attachment-size-meb","$v":[{"t":"idOrVar","v":"megabytes"}," MB"]},{"$i":"attachment-size-kib","$v":[{"t":"idOrVar","v":"kilobytes"}," KB"]},{"$i":"attachment-size-byte","$v":[{"t":"idOrVar","v":"bytes"}," B"]},{"$i":"message-attachment-view","$v":"ดู"},{"$i":"message-attachment-did-not-open-label","$v":"ไม่สามารถเปิด"},{"$i":"message-attachment-did-not-open-body","$v":"อุปกรณ์ไม่มีแอปพลิเคชันที่สามารถเปิดข้อมูลแนบ"},{"$i":"message-attachment-too-large","$v":"ไฟล์มีขนาดใหญ่เกินกว่าที่จะดาวน์โหลด"},{"$i":"message-attachment-not-found","$v":"ไม่พบไฟล์แนบ ดาวน์โหลดอีกครั้ง?"},{"$i":"message-attachment-download-fail","$v":[{"t":"idOrVar","v":"fileName"}," - ดาวน์โหลดล้มเหลว"]},{"$i":"message-no-subject","$v":"(ไม่มีชื่อเรื่อง)"},{"$i":"message-edit-menu-edit","$v":"แก้ไข"},{"$i":"message-edit-menu-delete","$v":"ลบ"},{"$i":"message-edit-delete-confirm","$v":"ลบข้อความอีเมลหรือไม่"},{"$i":"message-forward-attachment-title","$v":"ข้อมูลแนบ"},{"$i":"message-forward-attachment","$v":"ส่งต่อไฟล์แนบด้วยหรือไม่?"},{"$i":"message-forward-attachments","$v":"ส่งต่อไฟล์แนบด้วยหรือไม่?"},{"$i":"message-multiedit-header","$v":{"few":["เลือก ",{"t":"idOrVar","v":"n"}," รายการ"],"many":["เลือก ",{"t":"idOrVar","v":"n"}," รายการ"],"one":["เลือก ",{"t":"idOrVar","v":"n"}," รายการ"],"other":["เลือก ",{"t":"idOrVar","v":"n"}," รายการ"],"two":["เลือก ",{"t":"idOrVar","v":"n"}," รายการ"],"zero":["เลือก ",{"t":"idOrVar","v":"n"}," รายการ"]},"$x":[{"t":"idOrVar","v":"plural"},"n"]},{"$i":"message-multiedit-search-header","$v":{"few":["เลือก ",{"t":"idOrVar","v":"n"}," รายการ"],"many":["เลือก ",{"t":"idOrVar","v":"n"}," รายการ"],"one":["เลือก ",{"t":"idOrVar","v":"n"}," รายการ"],"other":["เลือก ",{"t":"idOrVar","v":"n"}," รายการ"],"two":["เลือก ",{"t":"idOrVar","v":"n"}," รายการ"],"zero":"เลือก 0 รายการ"},"$x":[{"t":"idOrVar","v":"plural"},"n"]},{"$i":"browse-to-url-prompt","$v":["ค้นดู URL หรือไม่ ",{"t":"idOrVar","v":"url"}]},{"$i":"message-download-images-tap","$v":{"few":["อีเมลนี้มีภาพ ",{"t":"idOrVar","v":"n"}," ภาพ แตะเพื่อดาวน์โหลด"],"many":["อีเมลนี้มีภาพ ",{"t":"idOrVar","v":"n"}," ภาพ แตะเพื่อดาวน์โหลด"],"one":"อีเมลนี้มีภาพ 1 ภาพ แตะเพื่อดาวน์โหลด","other":["อีเมลนี้มีภาพ ",{"t":"idOrVar","v":"n"}," ภาพ แตะเพื่อดาวน์โหลด"],"two":["อีเมลนี้มีภาพ ",{"t":"idOrVar","v":"n"}," ภาพ แตะเพื่อดาวน์โหลด"]},"$x":[{"t":"idOrVar","v":"plural"},"n"]},{"$i":"message-show-external-images","$v":"แสดงภาพภายนอก"},{"$i":"message-delete-cancel","$v":"ยกเลิก"},{"$i":"message-multiedit-delete-confirm","$v":{"few":["ลบ ",{"t":"idOrVar","v":"n"}," ข้อความใช่หรือไม่?"],"many":["ลบ ",{"t":"idOrVar","v":"n"}," ข้อความใช่หรือไม่?"],"one":"ลบข้อความที่เลือกหรือไม่","other":["ลบ ",{"t":"idOrVar","v":"n"}," ข้อความใช่หรือไม่?"],"two":["ลบ ",{"t":"idOrVar","v":"n"}," ข้อความใช่หรือไม่?"]},"$x":[{"t":"idOrVar","v":"plural"},"n"]},{"$i":"message-large-message-cancel","$v":"ยกเลิก"},{"$i":"message-large-message-ok","$v":"ดำเนินการต่อ"},{"$i":"message-large-message-confirm","$v":"ข้อความนี้ใหญ่เกินไปและอาจใช้เวลาในการดาวน์โหลด"},{"$i":"message-large-message-warning","$v":"ข้อความมีขนาดใหญ่เกินกว่าที่จะดาวน์โหลด"},{"$i":"message-search-header","$v":"ค้นหา"},{"$i":"search-result","$v":["อีเมล (",{"t":"idOrVar","v":"num"},")"]},{"$i":"message-search-from","$v":"จาก"},{"$i":"message-search-to","$v":"ถึง"},{"$i":"message-search-subject","$v":"หัวเรื่อง"},{"$i":"message-search-body","$v":"ส่วนหลัก"},{"$i":"message-search-all","$v":"ทั้งหมด"},{"$i":"message-search-input","placeholder":"ค้นหาอีเมล"},{"$i":"message-search-cancel","$v":"ยกเลิก"},{"$i":"messages-syncing","$v":"กำลังโหลดข้อความ"},{"$i":"messages-syncing-progressbar","ariaValueText":"กำลังโหลดข้อความ"},{"$i":"messages-load-more","$v":"โหลดข้อความเพิ่ม"},{"$i":"messages-folder-empty","$v":"ไม่มีอีเมลในโฟลเดอร์นี้"},{"$i":"messages-search-empty","$v":"ไม่มีรายการที่ตรงกันในข้อความที่เก็บในหน่วยความจำสำรองภายในเครื่อง"},{"$i":"messages-folder-select","$v":"ย้ายไปยังโฟลเดอร์"},{"$i":"messages-folder-unread-max","$v":"999+"},{"$i":"message-contact-menu-create","$v":"สร้างรายชื่อใหม่"},{"$i":"message-contact-menu-add-existing","$v":"เพิ่มไปยังรายชื่อที่มีอยู่"},{"$i":"message-contact-menu-view","$v":"ดูรายชื่อ"},{"$i":"message-contact-menu-reply","$v":"ตอบกลับ"},{"$i":"message-contact-menu-new","$v":"ส่งอีเมลใหม่"},{"$i":"message-reply-menu-reply","$v":"ตอบกลับ"},{"$i":"message-reply-menu-reply-all","$v":"ตอบกลับทุกคน"},{"$i":"message-reply-menu-forward","$v":"ส่งต่อ"},{"$i":"message-reply-menu-cancel","$v":"ยกเลิก"},{"$i":"reply-quoting-wrote","$v":"{name} เขียน"},{"$i":"forward-original-message","$v":"ข้อความเดิม"},{"$i":"forward-header-subject","$v":"หัวเรื่อง"},{"$i":"forward-header-date","$v":"วันที่"},{"$i":"forward-header-from","$v":"จาก"},{"$i":"forward-header-reply-to","$v":"ตอบกลับไปยัง"},{"$i":"forward-header-to","$v":"ถึง"},{"$i":"forward-header-cc","$v":"สำเนาถึง"},{"$i":"folder-inbox","$v":"กล่องขาเข้า"},{"$i":"folder-sent","$v":"ส่งแล้ว"},{"$i":"folder-drafts","$v":"ข้อความร่าง"},{"$i":"folder-trash","$v":"ถังขยะ"},{"$i":"folder-queue","$v":"ยังไม่ได้ส่ง"},{"$i":"folder-junk","$v":"ขยะ"},{"$i":"folder-archives","$v":"ที่บันทึก"},{"$i":"folder-localdrafts","$v":"ข้อความร่างในเครื่อง"},{"$i":"folder-outbox","$v":"กล่องขาออก"},{"$i":"drawer-back","$v":"ย้อนกลับ"},{"$i":"drawer-accounts-header","$v":"บัญชี"},{"$i":"drawer-settings-link","$v":"การตั้งค่า"},{"$i":"folder-last-synced-label","$v":"ซิงค์ล่าสุด:"},{"$i":"messages-refresh-progress","ariaValueText":"กำลังรีเฟรช"},{"$i":"no-internet-connection","$v":"ไม่มีการเชื่อมต่ออินเทอร์เน็ต"},{"$i":"toaster-undo","$v":"เลิกทำ"},{"$i":"toaster-message-star","$v":{"few":[{"t":"idOrVar","v":"n"},"  ข้อความที่ถูกบ่งชี้"],"many":[{"t":"idOrVar","v":"n"},"  ข้อความที่ถูกบ่งชี้"],"one":"บ่งชี้ข้อความแล้ว","other":[{"t":"idOrVar","v":"n"},"  ข้อความที่ถูกบ่งชี้"],"two":[{"t":"idOrVar","v":"n"},"  ข้อความที่ถูกบ่งชี้"]},"$x":[{"t":"idOrVar","v":"plural"},"n"]},{"$i":"toaster-message-unstar","$v":{"few":[{"t":"idOrVar","v":"n"}," ข้อความที่ถูกบ่งชี้ถูกลบ"],"many":[{"t":"idOrVar","v":"n"}," ข้อความที่ถูกบ่งชี้ถูกลบ"],"one":"ลบตัวบ่งชี้ข้อความแล้ว","other":[{"t":"idOrVar","v":"n"}," ข้อความที่ถูกบ่งชี้ถูกลบ"],"two":[{"t":"idOrVar","v":"n"}," ข้อความที่ถูกบ่งชี้ถูกลบ"]},"$x":[{"t":"idOrVar","v":"plural"},"n"]},{"$i":"toaster-message-read","$v":{"few":["ทำเครื่องหมาย ",{"t":"idOrVar","v":"n"},"  ข้อความว่าอ่านแล้ว"],"many":["ทำเครื่องหมาย ",{"t":"idOrVar","v":"n"},"  ข้อความว่าอ่านแล้ว"],"one":"ทำเครื่องหมายว่าอ่านแล้ว","other":["ทำเครื่องหมาย ",{"t":"idOrVar","v":"n"},"  ข้อความว่าอ่านแล้ว"],"two":["ทำเครื่องหมาย ",{"t":"idOrVar","v":"n"},"  ข้อความว่าอ่านแล้ว"]},"$x":[{"t":"idOrVar","v":"plural"},"n"]},{"$i":"toaster-message-unread","$v":{"few":["ทำเครื่องหมาย ",{"t":"idOrVar","v":"n"},"  ข้อความว่ายังไม่ได้อาน"],"many":["ทำเครื่องหมาย ",{"t":"idOrVar","v":"n"},"  ข้อความว่ายังไม่ได้อาน"],"one":"ทำเครื่องหมายว่าไม่ได้อ่านแล้ว","other":["ทำเครื่องหมาย ",{"t":"idOrVar","v":"n"},"  ข้อความว่ายังไม่ได้อาน"],"two":["ทำเครื่องหมาย ",{"t":"idOrVar","v":"n"},"  ข้อความว่ายังไม่ได้อาน"]},"$x":[{"t":"idOrVar","v":"plural"},"n"]},{"$i":"toaster-message-move","$v":{"few":["ย้ายข้อความ ",{"t":"idOrVar","v":"n"}," รายการไปยังโฟลเดอร์:"],"many":["ย้ายข้อความ ",{"t":"idOrVar","v":"n"}," รายการไปยังโฟลเดอร์:"],"one":"ย้ายข้อความไปยังโฟลเดอร์:","other":["ย้ายข้อความ ",{"t":"idOrVar","v":"n"}," รายการไปยังโฟลเดอร์:"],"two":["ย้ายข้อความ ",{"t":"idOrVar","v":"n"}," รายการไปยังโฟลเดอร์:"]},"$x":[{"t":"idOrVar","v":"plural"},"n"]},{"$i":"toaster-message-delete","$v":{"few":["จดหมาย ",{"t":"idOrVar","v":"n"},"  ฉบับถูกลบ"],"many":["จดหมาย ",{"t":"idOrVar","v":"n"},"  ฉบับถูกลบ"],"one":"1 จดหมายถูกลบ","other":["จดหมาย ",{"t":"idOrVar","v":"n"},"  ฉบับถูกลบ"],"two":["จดหมาย ",{"t":"idOrVar","v":"n"},"  ฉบับถูกลบ"]},"$x":[{"t":"idOrVar","v":"plural"},"n"]},{"$i":"toaster-sync-failed","$v":"ไม่สามารถเชื่อมต่อเซิร์ฟเวอร์"},{"$i":"compose-invalid-addresses-title","$v":"ที่อยู่ไม่ถูกต้อง"},{"$i":"compose-invalid-addresses-description","$v":"ข้อความของคุณมีที่อยู่อีเมลไม่ถูกต้องหนึ่งหรือหลายรายการ โปรดแก้ไขก่อนส่ง"},{"$i":"background-send-pending","$v":"ไม่มีสัญญาณอินเทอร์เน็ต บันทึกอีเมลในกล่องข้อความขาออก"},{"$i":"background-send-sending","$v":"กำลังส่ง…"},{"$i":"background-send-success","$v":"ส่งอีเมลแล้ว."},{"$i":"background-send-error","$v":"เกิดข้อผิดพลาดขึ้น บันทึกอีเมลไปยังขาออกแล้ว"},{"$i":"background-send-error-recipients","$v":"ผู้รับเกิดข้อผิดพลาด บันทึกอีเมลไปยังขาออกแล้ว"},{"$i":"background-send-error-title","$v":"ไม่สามารถส่งอีเมล"},{"$i":"send-failure-recipients","$v":"ตรวจสอบการสะกดที่อยู่ด้านบน เซิร์ฟเวอร์อีเมลของคุณระบุว่าที่อยู่หนึ่งหรือหลายรายการด้านบนไม่ถูกต้อง"},{"$i":"send-failure-unknown","$v":"ไม่สามารถส่งข้อความได้"},{"$i":"form-clear-input","$v":"ลบข้อความ"},{"$i":"confirm-dialog-title","$v":"การยืนยัน"},{"$i":"confirm-dialog-ok","$v":"ตกลง"},{"$i":"msg-display-subject","$v":"หัวเรื่อง"},{"$i":"msg-reader-display-attachments","$v":"ข้อมูลแนบ"},{"$i":"msg-reader-display-attachment","$v":"ข้อมูลแนบ"},{"$i":"msg-reader-download-external-images","$v":["ดาวน์โหลดภาพภายนอก (",{"t":"idOrVar","v":"n"}," MB)"]},{"$i":"msg-reader-sender-header","$v":"ผู้ส่ง"},{"$i":"msg-reader-recipients-header","$v":"ผู้รับ"},{"$i":"msg-reader-cc-header","$v":"สำเนาถึง"},{"$i":"msg-reader-bcc-header","$v":"สำเนาลับถึง"},{"$i":"msg-reader-message-flagged","$v":"ทำเครื่องหมายสำคัญที่ข้อความแล้ว"},{"$i":"msg-reader-flag-removed","$v":"ลบเครื่องหมายสำคัญแล้ว"},{"$i":"external-image-downloading","$v":"กำลังดาวน์โหลด..."},{"$i":"senders-separation-sign","$v":", "},{"$i":"new-messages","$v":{"few":["ข้อความใหม่ ",{"t":"idOrVar","v":"n"}," รายการ"],"many":["ข้อความใหม่ ",{"t":"idOrVar","v":"n"}," รายการ"],"one":"ข้อความใหม่ 1 รายการ","other":["ข้อความใหม่ ",{"t":"idOrVar","v":"n"}," รายการ"],"two":["ข้อความใหม่ ",{"t":"idOrVar","v":"n"}," รายการ"]},"$x":[{"t":"idOrVar","v":"plural"},"n"]},{"$i":"new-emails-notify-one-account","$v":{"few":["อีเมลใหม่ ",{"t":"idOrVar","v":"n"}," รายการ"],"many":["อีเมลใหม่ ",{"t":"idOrVar","v":"n"}," รายการ"],"one":"อีเมลใหม่ 1 รายการ","other":["อีเมลใหม่ ",{"t":"idOrVar","v":"n"}," รายการ"],"two":["อีเมลใหม่ ",{"t":"idOrVar","v":"n"}," รายการ"]},"$x":[{"t":"idOrVar","v":"plural"},"n"]},{"$i":"new-emails-notify-multiple-accounts","$v":{"few":["อีเมลใหม่ ",{"t":"idOrVar","v":"n"}," รายการ (",{"t":"idOrVar","v":"accountName"},")"],"many":["อีเมลใหม่ ",{"t":"idOrVar","v":"n"}," รายการ (",{"t":"idOrVar","v":"accountName"},")"],"one":["อีเมลใหม่ 1 รายการ (",{"t":"idOrVar","v":"accountName"},")"],"other":["อีเมลใหม่ ",{"t":"idOrVar","v":"n"}," รายการ (",{"t":"idOrVar","v":"accountName"},")"],"two":["อีเมลใหม่ ",{"t":"idOrVar","v":"n"}," รายการ (",{"t":"idOrVar","v":"accountName"},")"]},"$x":[{"t":"idOrVar","v":"plural"},"n"]},{"$i":"new-emails-notify-multiple-accounts-body","$v":[{"t":"idOrVar","v":"from"}," “",{"t":"idOrVar","v":"subject"},"”"]},{"$i":"tng-plain-socket-warning-title","$v":"คุณแน่ใจหรือไม่"},{"$i":"tng-plain-socket-warning-message","$v":"บุคคลอื่นอาจสามารถเห็นรหัสผ่านและอีเมลของคุณ หรือควบคุมบัญชีของคุณได้"},{"$i":"tng-plain-socket-warning-message-options","$v":"มีผู้ให้บริการอีเมลหลากหลายที่สามารถมอบการเชื่อมต่อที่เข้ารหัสได้ปลอดภัยมากกว่า"},{"$i":"tng-plain-socket-warning-ok","$v":"ฉันเข้าใจ"},{"$i":"message-reader-date-received","ariaLabel":"ได้รับแล้ว"},{"$i":"sort-by-title","$v":"เรียงลำดับโดย"},{"$i":"sort-by-date","$v":"วันที่"},{"$i":"sort-by-from","$v":"จาก"},{"$i":"sort-by-to","$v":"ถึง"},{"$i":"sort-by-subject","$v":"หัวเรื่อง"},{"$i":"softkey-options","$v":"ตัวเลือก"},{"$i":"opt-compose","$v":"เขียน"},{"$i":"opt-reply","$v":"ตอบกลับ"},{"$i":"opt-reply-all","$v":"ตอนกลับทั้งหมด"},{"$i":"opt-forward","$v":"ส่งต่อ"},{"$i":"opt-mark-read","$v":"ทำเครื่องหมายว่าอ่าน"},{"$i":"opt-mark-unread","$v":"ทำเครื่องหมายว่าไม่ได้อ่าน"},{"$i":"opt-add-flag","$v":"เพิ่มตัวบ่งชี้"},{"$i":"opt-remove-flag","$v":"ลบตัวบ่งชี้"},{"$i":"opt-move-message","$v":"ย้ายไปที่โฟลเดอร์"},{"$i":"opt-delete-message","$v":"ลบ"},{"$i":"opt-multi-select","$v":"เลือกหลายรายการ"},{"$i":"opt-search","$v":"ค้นหา"},{"$i":"opt-folders","$v":"ดูโฟลเดอร์"},{"$i":"opt-sort","$v":"เรียง"},{"$i":"opt-sync","$v":"ซิงโครไนซ์"},{"$i":"opt-account","$v":"เปลี่ยนบัญชี"},{"$i":"opt-settings","$v":"การตั้งค่า"},{"$i":"opt-edit","$v":"แก้ไข"},{"$i":"opt-cancel","$v":"ยกเลิก"},{"$i":"opt-save","$v":"บันทึก"},{"$i":"opt-move","$v":"ย้าย"},{"$i":"opt-view","$v":"ดู"},{"$i":"opt-empty-trash","$v":"ล้างขยะ"},{"$i":"opt-call-number","$v":"การโทร"},{"$i":"opt-compose-mail","$v":"เขียน"},{"$i":"opt-open-url","$v":"เปิด"},{"$i":"select-option-on","$v":"เปิด"},{"$i":"select-option-off","$v":"ปิด"},{"$i":"select-option-imap-smtp","$v":"IMAP+SMTP"},{"$i":"select-option-pop3-smtp","$v":"POP3+SMTP"},{"$i":"select-option-activesync","$v":"ActiveSync"},{"$i":"toaster-switch-account","$v":"สลับบัญชีอีเมลเป็น: "},{"$i":"toaster-sorted-by","$v":"เรียงลำดับข้อมูลตาม"},{"$i":"cmp-reply","$v":"ตอบกลับ"},{"$i":"cmp-reply-all","$v":"ตอบกลับทุกคน"},{"$i":"cmp-forward","$v":"ส่งต่อข้อความ"},{"$i":"cmp-remove-attach","$v":"ลบไฟล์แนบ"},{"$i":"select","$v":"เลือก"},{"$i":"deselect","$v":"ยกเลิกการเลือก"},{"$i":"cancel","$v":"ยกเลิก"},{"$i":"enter","$v":"ป้อน"},{"$i":"remove-attachment","$v":"ลบข้อมูลแนบ"},{"$i":"replace-attachment","$v":"แทนที่ข้อมูลแนบ"},{"$i":"add-attachment","$v":"เพิ่มข้อมูลแนบ"},{"$i":"add-contact","$v":"เพิ่มรายชื่อ"},{"$i":"add-cc","$v":"เพิ่ม cc"},{"$i":"remove-cc","$v":"ลบ cc"},{"$i":"add-bcc","$v":"เพิ่ม bcc"},{"$i":"remove-bcc","$v":"ลบ bbc"},{"$i":"attachment-download","$v":"ดาวน์โหลด"},{"$i":"attachment-share","$v":"แชร์"},{"$i":"send-new-mail","$v":"ส่งอีเมลใหม่"},{"$i":"view-contact","$v":"ดูรายชื่อ"},{"$i":"save-new-contact","$v":"สร้างรายชื่อใหม่"},{"$i":"add-to-exsiting-contact","$v":"เพิ่มไปยังรายชื่อที่มีอยู่"},{"$i":"no","$v":"ไม่ใช่"},{"$i":"yes","$v":"ใช่"},{"$i":"retry","$v":"ลองอีกครั้ง"},{"$i":"empty","$v":"ว่าง"},{"$i":"empty-trash-confirm","$v":"คุณต้องการล้างถังขยะหรือไม่"},{"$i":"trash-emptied","$v":"ล้างถังขยะแล้ว"},{"$i":"next","$v":"ถัดไป"},{"$i":"welcome-header","$v":"อีเมล"},{"$i":"welcome-msg","$v":"ยินดีต้อนรับสู่อีเมล"},{"$i":"welcome-msg-setup","$v":"กดปุ่มถัดไปเพื่อตั้งค่าบัญชีอีเมลของคุณ"},{"$i":"discard","$v":"ยกเลิก"},{"$i":"leave-this-page-warning-message","$v":"ละทิ้งข้อมูล?"},{"$i":"finish","$v":"เสร็จสิ้น"},{"$i":"setup-done-msg","$v":"คุณได้เข้าสู่ระบบสำเร็จ คุณต้องการเพิ่มบัญชีอื่นหรือไม่"},{"$i":"save-as-draft","$v":"บันทึกเป็นข้อความร่าง"},{"$i":"show-password","$v":"แสดงรหัสผ่าน"},{"$i":"account-label","$v":"ชื่อบัญชี"},{"$i":"folders","$v":"โฟลเดอร์"},{"$i":"security","$v":"ความปลอดภัย"},{"$i":"port-number","$v":"หมายเลขพอร์ต"},{"$i":"domain-username","$v":"โดเมน\\ชื่อผู้ใช้"},{"$i":"synchronizing","$v":"กำลังซิงโครไนซ์..."},{"$i":"browse-mail","$v":"ค้นดูอีเมล"},{"$i":"never-sync","$v":"ไฟล์ร่างในเครื่องไม่ได้ซิงค์กับเซิร์ฟเวอร์"},{"$i":"emptyDownloadFile","$v":"ไม่สามารถดาวน์โหลดไฟล์นี้ ไฟล์อาจว่างเปล่า"},{"$i":"sync","$v":"ซิงค์"},{"$i":"outbox-unsent-label","$v":{"few":["ข้อความที่ยังไม่ได้ส่ง ",{"t":"idOrVar","v":"n"}," รายการในกล่องขาออก"],"many":["ข้อความที่ยังไม่ได้ส่ง ",{"t":"idOrVar","v":"n"}," รายการในกล่องขาออก"],"one":"ข้อความที่ยังไม่ได้ส่ง 1 รายการในกล่องขาออก","other":["ข้อความที่ยังไม่ได้ส่ง ",{"t":"idOrVar","v":"n"}," รายการในกล่องขาออก"],"two":"ข้อความที่ยังไม่ได้ส่ง 2 รายการในกล่องขาออก"},"$x":[{"t":"idOrVar","v":"plural"},"n"]},{"$i":"storage-full-title","$v":"ที่เก็บข้อมูลเต็ม"},{"$i":"storage-full-warning","$v":"คุณสามารถลบไฟล์สื่อหรือจัดการข้อมูลแอปพลิเคชันเพื่อเพิ่มพื้นที่ว่างได้"},{"$i":"storage-full","$v":"พื้นที่เก็บข้อมูลโทรศัพท์เต็ม"},{"$i":"storage-sdcard-full","$v":"การ์ด SD เต็ม"},{"$i":"view-address","$v":"ดูที่อยู่"},{"$i":"mail-address-title","$v":"ที่อยู่อีเมล์"},{"$i":"mail-address","$v":[{"t":"idOrVar","v":"address"}]},{"$i":"value-name","$v":[{"t":"idOrVar","v":"name"}]},{"$i":"account-deleted","$v":"บัญชีถูกลบ"},{"$i":"account-reEnable","$v":"มีบัญชีอยู่แล้ว ซิงก์อีเมลของบัญชีหรือไม่?"},{"$i":"setup-account-usedInfo","$v":"บัญชีนี้จะถูกใช้โดยแอปด้านล่าง คุณสามารถเปลี่ยนได้ในการตั้งค่า > บัญชี"},{"$i":"setup-account-settingsInfo","$v":"แต่ละแอปมีรอบการซิงก์เริ่มต้นที่ต่างกัน โปรดตรวจสอบการตั้งค่าแอป"},{"$i":"app-calendar","$v":"ปฏิทิน"},{"$i":"app-contacts","$v":"รายชื่อ"},{"$i":"app-email","$v":"อีเมล"},{"$i":"weekday-0-long","$v":"อาทิตย์"},{"$i":"weekday-1-long","$v":"จันทร์"},{"$i":"weekday-2-long","$v":"อังคาร"},{"$i":"weekday-3-long","$v":"พุธ"},{"$i":"weekday-4-long","$v":"พฤหัสบดี"},{"$i":"weekday-5-long","$v":"ศุกร์"},{"$i":"weekday-6-long","$v":"เสาร์"},{"$i":"weekday-0-short","$v":"อาทิตย์"},{"$i":"weekday-1-short","$v":"จันทร์"},{"$i":"weekday-2-short","$v":"อังคาร"},{"$i":"weekday-3-short","$v":"พุธ"},{"$i":"weekday-4-short","$v":"พฤหัสบดี"},{"$i":"weekday-5-short","$v":"ศุกร์"},{"$i":"weekday-6-short","$v":"เสาร์"},{"$i":"month-0-long","$v":"มกราคม"},{"$i":"month-1-long","$v":"กุมภาพันธ์"},{"$i":"month-2-long","$v":"มีนาคม"},{"$i":"month-3-long","$v":"เมษายน"},{"$i":"month-4-long","$v":"พฤษภาคม"},{"$i":"month-5-long","$v":"มิถุนายน"},{"$i":"month-6-long","$v":"กรกฎาคม"},{"$i":"month-7-long","$v":"สิงหาคม"},{"$i":"month-8-long","$v":"กันยายน"},{"$i":"month-9-long","$v":"ตุลาคม"},{"$i":"month-10-long","$v":"พฤศจิกายน"},{"$i":"month-11-long","$v":"ธันวาคม"},{"$i":"month-0-genitive","$v":"มกราคม"},{"$i":"month-1-genitive","$v":"กุมภาพันธ์"},{"$i":"month-2-genitive","$v":"มีนาคม"},{"$i":"month-3-genitive","$v":"เมษายน"},{"$i":"month-4-genitive","$v":"พฤษภาคม"},{"$i":"month-5-genitive","$v":"มิถุนายน"},{"$i":"month-6-genitive","$v":"กรกฎาคม"},{"$i":"month-7-genitive","$v":"สิงหาคม"},{"$i":"month-8-genitive","$v":"กันยายน"},{"$i":"month-9-genitive","$v":"ตุลาคม"},{"$i":"month-10-genitive","$v":"พฤศจิกายน"},{"$i":"month-11-genitive","$v":"ธันวาคม"},{"$i":"month-0-short","$v":"ม.ค."},{"$i":"month-1-short","$v":"ก.พ."},{"$i":"month-2-short","$v":"มี.ค."},{"$i":"month-3-short","$v":"เม.ย."},{"$i":"month-4-short","$v":"พ.ค."},{"$i":"month-5-short","$v":"มิ.ย."},{"$i":"month-6-short","$v":"ก.ค."},{"$i":"month-7-short","$v":"ส.ค."},{"$i":"month-8-short","$v":"ก.ย."},{"$i":"month-9-short","$v":"ต.ค."},{"$i":"month-10-short","$v":"พ.ย."},{"$i":"month-11-short","$v":"ธ.ค."},{"$i":"minutes-ago-long","$v":{"few":[{"t":"idOrVar","v":"value"}," นาทีที่แล้ว"],"many":[{"t":"idOrVar","v":"value"}," นาทีที่แล้ว"],"one":"1 นาทีที่แล้ว","other":[{"t":"idOrVar","v":"value"}," นาทีที่แล้ว"],"two":[{"t":"idOrVar","v":"value"}," นาทีที่แล้ว"],"zero":"เมื่อสักครู่"},"$x":[{"t":"idOrVar","v":"plural"},"value"]},{"$i":"hours-ago-long","$v":{"few":[{"t":"idOrVar","v":"value"}," ชั่วโมงที่แล้ว"],"many":[{"t":"idOrVar","v":"value"}," ชั่วโมงที่แล้ว"],"one":"ชั่วโมงที่แล้ว","other":[{"t":"idOrVar","v":"value"}," ชั่วโมงที่แล้ว"],"two":[{"t":"idOrVar","v":"value"}," ชั่วโมงที่แล้ว"],"zero":"เมื่อสักครู่"},"$x":[{"t":"idOrVar","v":"plural"},"value"]},{"$i":"days-ago-long","$v":{"few":[{"t":"idOrVar","v":"value"}," วันที่แล้ว"],"many":[{"t":"idOrVar","v":"value"}," วันที่แล้ว"],"one":"เมื่อวานนี้","other":[{"t":"idOrVar","v":"value"}," วันที่แล้ว"],"two":[{"t":"idOrVar","v":"value"}," วันที่แล้ว"],"zero":"วันนี้"},"$x":[{"t":"idOrVar","v":"plural"},"value"]},{"$i":"weeks-ago-long","$v":{"few":[{"t":"idOrVar","v":"value"}," สัปดาห์ที่แล้ว"],"many":[{"t":"idOrVar","v":"value"}," สัปดาห์ที่แล้ว"],"one":"สัปดาห์ที่แล้ว","other":[{"t":"idOrVar","v":"value"}," สัปดาห์ที่แล้ว"],"two":[{"t":"idOrVar","v":"value"}," สัปดาห์ที่แล้ว"],"zero":"สัปดาห์นี้"},"$x":[{"t":"idOrVar","v":"plural"},"value"]},{"$i":"months-ago-long","$v":{"few":[{"t":"idOrVar","v":"value"}," เดือนที่แล้ว"],"many":[{"t":"idOrVar","v":"value"}," เดือนที่แล้ว"],"one":"เดือนที่แล้ว","other":[{"t":"idOrVar","v":"value"}," เดือนที่แล้ว"],"two":[{"t":"idOrVar","v":"value"}," เดือนที่แล้ว"],"zero":"เดือนนี้"},"$x":[{"t":"idOrVar","v":"plural"},"value"]},{"$i":"years-ago-long","$v":{"few":[{"t":"idOrVar","v":"value"}," ปีที่แล้ว"],"many":[{"t":"idOrVar","v":"value"}," ปีที่แล้ว"],"one":"ปีที่แล้ว","other":[{"t":"idOrVar","v":"value"}," ปีที่แล้ว"],"two":[{"t":"idOrVar","v":"value"}," ปีที่แล้ว"],"zero":"ปีนี้"},"$x":[{"t":"idOrVar","v":"plural"},"value"]},{"$i":"minutes-until-long","$v":{"few":["ใน ",{"t":"idOrVar","v":"value"}," นาที"],"many":["ใน ",{"t":"idOrVar","v":"value"}," นาที"],"one":"ใน 1 นาที","other":["ใน ",{"t":"idOrVar","v":"value"}," นาที"],"two":["ใน ",{"t":"idOrVar","v":"value"}," นาที"],"zero":"ตอนนี้"},"$x":[{"t":"idOrVar","v":"plural"},"value"]},{"$i":"hours-until-long","$v":{"few":["ใน ",{"t":"idOrVar","v":"value"}," ชั่วโมง"],"many":["ใน ",{"t":"idOrVar","v":"value"}," ชั่วโมง"],"one":"ใน 1 ชั่วโมง","other":["ใน ",{"t":"idOrVar","v":"value"}," ชั่วโมง"],"two":["ใน ",{"t":"idOrVar","v":"value"}," ชั่วโมง"],"zero":"ตอนนี้"},"$x":[{"t":"idOrVar","v":"plural"},"value"]},{"$i":"days-until-long","$v":{"few":["ใน ",{"t":"idOrVar","v":"value"}," วัน"],"many":["ใน ",{"t":"idOrVar","v":"value"}," วัน"],"one":"พรุ่งนี้","other":["ใน ",{"t":"idOrVar","v":"value"}," วัน"],"two":["ใน ",{"t":"idOrVar","v":"value"}," วัน"],"zero":"วันนี้"},"$x":[{"t":"idOrVar","v":"plural"},"value"]},{"$i":"weeks-until-long","$v":{"few":["ใน ",{"t":"idOrVar","v":"value"}," สัปดาห์"],"many":["ใน ",{"t":"idOrVar","v":"value"}," สัปดาห์"],"one":"สัปดาห์ถัดไป","other":["ใน ",{"t":"idOrVar","v":"value"}," สัปดาห์"],"two":["ใน ",{"t":"idOrVar","v":"value"}," สัปดาห์"],"zero":"สัปดาห์นี้"},"$x":[{"t":"idOrVar","v":"plural"},"value"]},{"$i":"months-until-long","$v":{"few":["ใน ",{"t":"idOrVar","v":"value"}," เดือน"],"many":["ใน ",{"t":"idOrVar","v":"value"}," เดือน"],"one":"เดือนถัดไป","other":["ใน ",{"t":"idOrVar","v":"value"}," เดือน"],"two":["ใน ",{"t":"idOrVar","v":"value"}," เดือน"],"zero":"เดือนนี้"},"$x":[{"t":"idOrVar","v":"plural"},"value"]},{"$i":"years-until-long","$v":{"few":["ใน ",{"t":"idOrVar","v":"value"}," ปี"],"many":["ใน ",{"t":"idOrVar","v":"value"}," ปี"],"one":"ปีถัดไป","other":["ใน ",{"t":"idOrVar","v":"value"}," ปี"],"two":["ใน ",{"t":"idOrVar","v":"value"}," ปี"],"zero":"ปีนี้"},"$x":[{"t":"idOrVar","v":"plural"},"value"]},{"$i":"minutes-ago-short","$v":{"other":[{"t":"idOrVar","v":"value"}," นาทีที่แล้ว"],"zero":"เมื่อสักครู่"},"$x":[{"t":"idOrVar","v":"plural"},"value"]},{"$i":"hours-ago-short","$v":{"other":[{"t":"idOrVar","v":"value"}," ชั่วโมงที่แล้ว"],"zero":"เมื่อสักครู่"},"$x":[{"t":"idOrVar","v":"plural"},"value"]},{"$i":"days-ago-short","$v":{"other":[{"t":"idOrVar","v":"value"}," วันที่แล้ว"],"zero":"วันนี้"},"$x":[{"t":"idOrVar","v":"plural"},"value"]},{"$i":"minutes-until-short","$v":{"other":["ใน ",{"t":"idOrVar","v":"value"}," นาที"],"zero":"ตอนนี้"},"$x":[{"t":"idOrVar","v":"plural"},"value"]},{"$i":"hours-until-short","$v":{"other":["ใน ",{"t":"idOrVar","v":"value"}," ชั่วโมง"],"zero":"ตอนนี้"},"$x":[{"t":"idOrVar","v":"plural"},"value"]},{"$i":"days-until-short","$v":{"other":["ใน ",{"t":"idOrVar","v":"value"}," วัน"],"zero":"วันนี้"},"$x":[{"t":"idOrVar","v":"plural"},"value"]},{"$i":"incorrectDate","$v":"(วันที่ไม่ถูกต้อง)"},{"$i":"dateTimeFormat_%c","$v":"%a %b %e %Y %I:%M:%S %p"},{"$i":"dateTimeFormat_%x","$v":"%d/%m/%Y"},{"$i":"dateTimeFormat_%X","$v":"%I:%M:%S %p"},{"$i":"shortTimeFormat","$v":"%I:%M %p"},{"$i":"shortTimeFormat12","$v":"%I:%M %p"},{"$i":"shortTimeFormat24","$v":"%H:%M"},{"$i":"shortDateTimeFormat","$v":"%x %I:%M %p"},{"$i":"weekStartsOnMonday","$v":"0.0"},{"$i":"firstDayOfTheWeek","$v":"0.0"},{"$i":"time_am","$v":"AM"},{"$i":"time_pm","$v":"PM"}]