[{"$i":"setup-app-name-header","$v":"Електронна пошта"},{"$i":"setup-empty-account-message","$v":"Вихідні або вхідні електронні листи не настроєно. Настройте обліковий запис, щоб завершити дію."},{"$i":"setup-pick-service","$v":"Щоб надсилати й отримувати електронні листи, потрібно настроїти обліковий запис."},{"$i":"setup-account-header3","$v":"Вхід до облікового запису"},{"$i":"setup-account-password","$v":"Пароль"},{"$i":"setup-info-next","$v":"Далі"},{"$i":"setup-progress-wait-msg","$v":"Настроювання облікового запису"},{"$i":"setup-sync-progress-wait-msg","$v":"Синхронізація облікового запису"},{"$i":"setup-completed-header","$v":"Вітаємо!"},{"$i":"setup-completed-label","$v":"Готово!"},{"$i":"setup-add-another-account","$v":"Додати ще один обліковий запис"},{"$i":"setup-show-mail","$v":"Продовжити в електронній пошті"},{"$i":"setup-done-add","$v":"Додати обліковий запис"},{"$i":"setup-error-offline","$v":"Зараз цей пристрій не в мережі. Підключіться до мережі та спробуйте ще раз."},{"$i":"setup-error-bad-user-or-pass2","$v":"Неправильне ім’я користувача або пароль. Перевірте правильність написання."},{"$i":"setup-error-bad-address","$v":"Недійсна адреса електронної пошти. Перевірте правильність написання."},{"$i":"setup-error-not-authorized","$v":"Сервер повідомив, що ви не авторизовані і не можете створити обліковий запис."},{"$i":"setup-error-pop-server-not-great","$v":"Сервер не підтримується. На сервері POP3 не реалізовано потрібні функції."},{"$i":"setup-error-unknown2","$v":"Виникла невідома помилка. Перевірте з’єднання з мережею або спробуйте настроїти все вручну."},{"$i":"setup-error-needs-app-pass","$v":"Для облікових записів Gmail із двофакторною автентифікацією потрібен пароль певної програми."},{"$i":"setup-error-imap-disabled","$v":"Увімкніть IMAP для облікового запису Gmail."},{"$i":"setup-error-pop3-disabled","$v":"Увімкніть POP3 для облікового запису Gmail."},{"$i":"setup-error-bad-security","$v":["Не вдалося встановити захищене з’єднання із сервером ",{"t":"idOrVar","v":"server"},". Можливо, на сервері або в мережі сталася помилка."]},{"$i":"setup-error-unresponsive-server","$v":["Не вдалося встановити з’єднання із сервером ",{"t":"idOrVar","v":"server"},". Можливо, сталася помилка мережі."]},{"$i":"setup-error-server-problem","$v":["На сервері ",{"t":"idOrVar","v":"server"}," виникла проблема. Спробуйте ще раз пізніше."]},{"$i":"setup-error-no-config-info","$v":"Не вдалось автоматично настроїти обліковий запис. Змініть адресу електронної пошти або настройте все вручну."},{"$i":"setup-error-server-maintenance","$v":["Сервер ",{"t":"idOrVar","v":"server"}," вимкнено для обслуговування. Спробуйте ще раз пізніше."]},{"$i":"setup-error-account-already-exists","$v":"Обліковий запис уже настроєно."},{"$i":"setup-manual-config2","$v":"Додаткові"},{"$i":"setup-manual-config-header","$v":"Вхід до облікового запису"},{"$i":"setup-manual-account-type-header","$v":"Тип облікового запису"},{"$i":"setup-manual-account-type","$v":"Тип облікового запису"},{"$i":"setup-manual-account-type-select","ariaLabel":"Тип облікового запису"},{"$i":"setup-manual-imap-header","$v":"Настройки IMAP"},{"$i":"setup-manual-pop3-header","$v":"Настройки POP3"},{"$i":"setup-manual-smtp-header","$v":"Настройки SMTP"},{"$i":"setup-manual-activesync-header","$v":"Настройки ActiveSync"},{"$i":"setup-manual-next","$v":"Далі"},{"$i":"setup-manual-socket","$v":"Тип сокета"},{"$i":"setup-manual-socket-ssl","$v":"SSL"},{"$i":"setup-manual-socket-starttls","$v":"STARTTLS"},{"$i":"setup-manual-socket-select","ariaLabel":"Безпека з’єднання"},{"$i":"setup-manual-socket-plain","$v":"Без шифрування"},{"$i":"setup-bad-password-header","$v":"Неправильний пароль!"},{"$i":"setup-bad-password","$v":"Помилка входу на сервер. Введіть пароль іще раз."},{"$i":"setup-new-password","placeholder":"Новий пароль"},{"$i":"setup-fix-password","$v":"Повторити спробу з новим паролем"},{"$i":"setup-gmail-twofactor-header","$v":"Двофакторну автентифікацію ввімкнено"},{"$i":"setup-gmail-twofactor-message","$v":"Потрібно ввести пароль певної програми нижче."},{"$i":"setup-gmail-imap-header","$v":"IMAP вимкнено"},{"$i":"setup-gmail-imap-message","$v":"Увімкніть IMAP для облікового запису Gmail."},{"$i":"setup-gmail-retry","$v":"Повторити"},{"$i":"setup-gmail-pop3-header","$v":"POP3 вимкнено"},{"$i":"setup-gmail-pop3-message","$v":"Увімкніть POP3 для облікового запису Gmail."},{"$i":"setup-fix-oauth2-header","$v":"Повторна авторизація електронної пошти"},{"$i":"setup-fix-oauth2-description","$v":"Потрібна повторна авторизація електронної пошти для доступу до такого облікового запису:"},{"$i":"setup-fix-oauth2-reauthorize","$v":"Повторна авторизація"},{"$i":"settings-main-header","$v":"Настройки електронної пошти"},{"$i":"settings-sub-header-account","$v":"Обліковий запис"},{"$i":"settings-account-group","ariaLabel":"Обліковий запис"},{"$i":"settings-account-name","$v":"Ваше ім'я"},{"$i":"settings-account-label","$v":"Позначка облікового запису"},{"$i":"settings-account-display-notifications","$v":"Відображати оповіщення про нові електронні листи"},{"$i":"settings-account-play-sound-onsend","$v":"Відтворювати звук після надсилання повідомлення"},{"$i":"settings-account-signature-label","$v":"Підпис"},{"$i":"settings-sub-header-data","$v":"Дані"},{"$i":"settings-data-group","ariaLabel":"Дані"},{"$i":"settings-account-check-mail","$v":"Перевірити пошту"},{"$i":"settings-account-check-mail-select","ariaLabel":"Перевірити пошту"},{"$i":"settings-sub-header-server","$v":"Настройки сервера"},{"$i":"settings-server-group","ariaLabel":"Настройки сервера"},{"$i":"settings-account-userpass","$v":"Ім’я користувача і пароль"},{"$i":"settings-account-useroauth2","$v":"Ім’я користувача"},{"$i":"settings-default-signature-2","$v":"Надіслано з мого телефону"},{"$i":"settings-done","$v":"Готово"},{"$i":"settings-account-section","$v":"Облікові записи"},{"$i":"settings-account-listbox","ariaLabel":"Облікові записи"},{"$i":"settings-account-add","$v":"Додати"},{"$i":"settings-account-delete","$v":"Видалити обліковий запис"},{"$i":"settings-account-delete-prompt","$v":["Видалити обліковий запис електронної пошти ",{"t":"idOrVar","v":"account"},"?"]},{"$i":"settings-account-delete-desc","$v":"У разі повторного створення облікового запису доведеться завантажити електронний лист іще раз."},{"$i":"settings-account-delete-cancel","$v":"Скасувати"},{"$i":"settings-account-delete-confirm","$v":"Видалити"},{"$i":"settings-account-clarify","$v":[{"t":"idOrVar","v":"account-name"}]},{"$i":"settings-account-clarify-imap","$v":[{"t":"idOrVar","v":"account-name"}," (IMAP)"]},{"$i":"settings-account-clarify-pop3","$v":[{"t":"idOrVar","v":"account-name"}," (POP3)"]},{"$i":"settings-account-clarify-smtp","$v":[{"t":"idOrVar","v":"account-name"}," (SMTP)"]},{"$i":"settings-general-section","$v":"Основні настройки"},{"$i":"settings-show-images","$v":"Завжди відображати зображення"},{"$i":"settings-download-attachments","$v":"Завантажувати вкладення"},{"$i":"settings-check-every-5min","$v":"Кожні 5 хвилин"},{"$i":"settings-check-every-10min","$v":"Кожні 10 хвилин"},{"$i":"settings-check-every-15min","$v":"Кожні 15 хвилин"},{"$i":"settings-check-every-30min","$v":"Кожні 30 хвилин"},{"$i":"settings-check-every-60min","$v":"Щогодини"},{"$i":"settings-check-every-manual","$v":"Уручну"},{"$i":"settings-check-dynamic","$v":{"few":[{"t":"idOrVar","v":"n"}," секунди"],"many":[{"t":"idOrVar","v":"n"}," секунд"],"one":[{"t":"idOrVar","v":"n"}," секунда"],"other":[{"t":"idOrVar","v":"n"}," секунди"],"two":[{"t":"idOrVar","v":"n"}," секунди"],"zero":"вимкнено"},"$x":[{"t":"idOrVar","v":"plural"},"n"]},{"$i":"settings-default-account","$v":"Установити як стандартний електронний лист"},{"$i":"settings-account-type","$v":"Тип облікового запису"},{"$i":"settings-account-credentials","$v":"Облікові дані"},{"$i":"settings-activesync-label","$v":"Настройки ActiveSync"},{"$i":"settings-imap-label","$v":"Настройки IMAP"},{"$i":"settings-pop3-label","$v":"Настройки POP3"},{"$i":"settings-smtp-label","$v":"Настройки SMTP"},{"$i":"settings-hostname","$v":"Ім’я хоста"},{"$i":"settings-port","$v":"Порт"},{"$i":"settings-username","$v":"Ім’я користувача"},{"$i":"settings-password","$v":"Пароль"},{"$i":"settings-save","$v":"Зберегти"},{"$i":"password-saved","$v":"Пароль збережено."},{"$i":"settings-reauth","$v":"Повторна авторизація"},{"$i":"settings-account-synchronize-window","$v":"Днів до синхронізації"},{"$i":"settings-account-synchronize-window-select","ariaLabel":"Днів до синхронізації"},{"$i":"settings-synchronize-auto","$v":"Автоматично"},{"$i":"settings-synchronize-one-day","$v":"1 день"},{"$i":"settings-synchronize-three-days","$v":"3 дні"},{"$i":"settings-synchronize-one-week","$v":"1 тиждень"},{"$i":"settings-synchronize-two-weeks","$v":"2 тижні"},{"$i":"settings-synchronize-one-month","$v":"1 місяць"},{"$i":"settings-synchronize-all","$v":"Усі повідомлення"},{"$i":"envelope-from","$v":"Від"},{"$i":"envelope-to","$v":"Кому"},{"$i":"envelope-cc","$v":"Копія"},{"$i":"envelope-bcc","$v":"Прихована копія"},{"$i":"message-header-state-sending","ariaLabel":"Надсилання"},{"$i":"message-header-state-error","ariaLabel":"Помилка надсилання"},{"$i":"message-header-unread","ariaLabel":"Не прочитано"},{"$i":"message-header-reply","ariaLabel":"Відповісти"},{"$i":"message-header-forward","ariaLabel":"Переслати"},{"$i":"message-header-starred","ariaLabel":"Позначено зірочкою"},{"$i":"message-header-attachments","ariaLabel":"З вкладеннями"},{"$i":"message-body-container","ariaLabel":"Текст повідомлення"},{"$i":"message-body-container-progress","ariaValueText":"Завантаження"},{"$i":"subject","ariaLabel":"Тема"},{"$i":"attachments-container","ariaLabel":"Вкладення"},{"$i":"from-group","ariaLabel":"Від"},{"$i":"to-group","ariaLabel":"Кому"},{"$i":"cc-group","ariaLabel":"КОПІЯ"},{"$i":"bcc-group","ariaLabel":"ПРИХОВАНА КОПІЯ"},{"$i":"compose-header","$v":"Створити повідомлення"},{"$i":"compose-header-short","$v":"Створити"},{"$i":"compose-send","$v":"Надіслати"},{"$i":"compose-send-button","ariaLabel":"Надіслати"},{"$i":"compose-to","$v":"Кому"},{"$i":"compose-cc","$v":"Копія"},{"$i":"compose-bcc","$v":"Прихована копія"},{"$i":"compose-cc-remove","$v":"Список копій видалено."},{"$i":"compose-bcc-remove","$v":"Список схованих копій видалено."},{"$i":"compose-contact-add","ariaLabel":"Додати контакт"},{"$i":"compose-attachments","$v":{"few":["Вкладення (",{"t":"idOrVar","v":"n"},")"],"many":["Вкладення (",{"t":"idOrVar","v":"n"},")"],"one":["Вкладення (",{"t":"idOrVar","v":"n"},")"],"other":["Вкладення (",{"t":"idOrVar","v":"n"},")"],"two":["Вкладення (",{"t":"idOrVar","v":"n"},")"],"zero":"Вкладення"},"$x":[{"t":"idOrVar","v":"plural"},"n"]},{"$i":"compose-text","ariaLabel":"Редагувати"},{"$i":"compose-attachment-still-working","$v":"Триває обробка попереднього вкладення. Зачекайте…"},{"$i":"compose-attachment-loading","$v":"Завантаження вкладення ..."},{"$i":"compose-attachments-loading","$v":"Завантаження вкладень ..."},{"$i":"compose-forward-attachment-error-title","$v":"Помилка завантаження."},{"$i":"compose-forward-attachment-error-title2","$v":"Помилка"},{"$i":"compose-forward-attachment-unable-load","$v":"Не вдалося завантажити вкладення."},{"$i":"compose-forward-attachments-unable-load","$v":"Не вдалося завантажити вкладення."},{"$i":"compose-forward-attachment-load-error","$v":"Не вдалося завантажити деякі вкладення."},{"$i":"confirmation-title","$v":"Підтвердження"},{"$i":"compose-subject","$v":"Тема"},{"$i":"compose-draft-save","$v":"Зберегти в локальній папці \"Чернетки\"?"},{"$i":"compose-discard-confirm","$v":"Відхилити"},{"$i":"compose-draft-dialog-cancel","$v":"Скасувати"},{"$i":"compose-draft-dialog-save","$v":"Зберегти"},{"$i":"composer-draft-saved","$v":"Повідомлення збережено в локальній папці \"Чернетки"},{"$i":"attention","$v":"Увага!"},{"$i":"compose-send-message-failed","$v":"Не вдалося надіслати електронний лист"},{"$i":"compose-attchment-size-exceeded","$v":"Вибране вкладення завелике для надсилання в цьому повідомленні."},{"$i":"compose-attchments-size-exceeded","$v":"Вибрані вкладення завеликі для надсилання в цьому повідомленні. Виберіть менше файлів."},{"$i":"composer-attachment-large-title","$v":"Завеликий розмір файлу"},{"$i":"default-attachment-filename","$v":["вкладення \"",{"t":"idOrVar","v":"n"}]},{"$i":"attachment-size-meb","$v":[{"t":"idOrVar","v":"megabytes"}," МБ"]},{"$i":"attachment-size-kib","$v":[{"t":"idOrVar","v":"kilobytes"}," КБ"]},{"$i":"attachment-size-byte","$v":[{"t":"idOrVar","v":"bytes"}," б"]},{"$i":"message-attachment-view","$v":"Переглянути"},{"$i":"message-attachment-did-not-open-label","$v":"Не вдалося відкрити"},{"$i":"message-attachment-did-not-open-body","$v":"На пристрої не встановлено програму, за допомогою якої можна відкрити вкладення."},{"$i":"message-attachment-too-large","$v":"Цей файл завеликий. Його не можна завантажити."},{"$i":"message-attachment-not-found","$v":"Не вдалося знайти файл вкладення. Можливо, його видалено."},{"$i":"message-attachment-download-fail","$v":[{"t":"idOrVar","v":"fileName"}," -Помилка завантаження"]},{"$i":"message-no-subject","$v":"(немає теми)"},{"$i":"message-edit-menu-edit","$v":"Редагувати"},{"$i":"message-edit-menu-delete","$v":"Видалити"},{"$i":"message-edit-delete-confirm","$v":"Видалити електронний лист?"},{"$i":"message-forward-attachment-title","$v":"Вкладення"},{"$i":"message-forward-attachment","$v":"Також переслати вкладення?"},{"$i":"message-forward-attachments","$v":"Також переслати вкладення?"},{"$i":"message-multiedit-header","$v":{"few":["Вибрано ",{"t":"idOrVar","v":"n"}],"many":["Вибрано ",{"t":"idOrVar","v":"n"}],"one":["Вибрано ",{"t":"idOrVar","v":"n"}],"other":["Вибрано ",{"t":"idOrVar","v":"n"}],"two":["Вибрано ",{"t":"idOrVar","v":"n"}],"zero":["Вибрано ",{"t":"idOrVar","v":"n"}]},"$x":[{"t":"idOrVar","v":"plural"},"n"]},{"$i":"message-multiedit-search-header","$v":{"few":["Вибрано ",{"t":"idOrVar","v":"n"}],"many":["Вибрано ",{"t":"idOrVar","v":"n"}],"one":["Вибрано ",{"t":"idOrVar","v":"n"}],"other":["Вибрано ",{"t":"idOrVar","v":"n"}],"two":["Вибрано ",{"t":"idOrVar","v":"n"}],"zero":"Вибрано 0"},"$x":[{"t":"idOrVar","v":"plural"},"n"]},{"$i":"browse-to-url-prompt","$v":["Перейти за URL-адресою?: ",{"t":"idOrVar","v":"url"}]},{"$i":"message-download-images-tap","$v":{"few":["Це повідомлення містить ",{"t":"idOrVar","v":"n"}," зображення. Торкніться, щоб завантажити."],"many":["Це повідомлення містить ",{"t":"idOrVar","v":"n"}," зображень. Торкніться, щоб завантажити."],"one":"Це повідомлення містить одне зображення. Торкніться, щоб завантажити.","other":["Це повідомлення містить ",{"t":"idOrVar","v":"n"}," зображення. Торкніться, щоб завантажити."],"two":["Це повідомлення містить ",{"t":"idOrVar","v":"n"}," зображення. Торкніться, щоб завантажити."]},"$x":[{"t":"idOrVar","v":"plural"},"n"]},{"$i":"message-show-external-images","$v":"Відобразити зовнішні зображення"},{"$i":"message-delete-cancel","$v":"Скасувати"},{"$i":"message-multiedit-delete-confirm","$v":{"few":["Видалити повідомлення (",{"t":"idOrVar","v":"n"},")?"],"many":["Видалити повідомлення (",{"t":"idOrVar","v":"n"},")?"],"one":"Видалити вибране повідомлення?","other":["Видалити повідомлення (",{"t":"idOrVar","v":"n"},")?"],"two":["Видалити повідомлення (",{"t":"idOrVar","v":"n"},")?"]},"$x":[{"t":"idOrVar","v":"plural"},"n"]},{"$i":"message-large-message-cancel","$v":"Скасувати"},{"$i":"message-large-message-ok","$v":"Продовжити"},{"$i":"message-large-message-confirm","$v":"Це повідомлення велике. Завантаження може зайняти деякий час."},{"$i":"message-large-message-warning","$v":"Не вдалося завантажити повідомлення, оскільки воно завелике."},{"$i":"message-search-header","$v":"Пошук"},{"$i":"search-result","$v":["Знайдено збігів: ",{"t":"idOrVar","v":"num"}]},{"$i":"message-search-from","$v":"Від"},{"$i":"message-search-to","$v":"Кому"},{"$i":"message-search-subject","$v":"Тема"},{"$i":"message-search-body","$v":"Текст"},{"$i":"message-search-all","$v":"Усі"},{"$i":"message-search-input","placeholder":"Пошук листа"},{"$i":"message-search-cancel","$v":"Скасувати"},{"$i":"messages-syncing","$v":"Завантаження повідомлень"},{"$i":"messages-syncing-progressbar","ariaValueText":"Завантаження повідомлень"},{"$i":"messages-load-more","$v":"Завантажити інші повідомлення"},{"$i":"messages-folder-empty","$v":"У цій папці немає електронних листів"},{"$i":"messages-search-empty","$v":"Немає збігів у локально кешованих повідомленнях"},{"$i":"messages-folder-select","$v":"Перемістити до папки"},{"$i":"messages-folder-unread-max","$v":"Понад 999"},{"$i":"message-contact-menu-create","$v":"Зберегти новий контакт"},{"$i":"message-contact-menu-add-existing","$v":"Додати до наявного контакту"},{"$i":"message-contact-menu-view","$v":"Переглянути дані контакту"},{"$i":"message-contact-menu-reply","$v":"Відповісти"},{"$i":"message-contact-menu-new","$v":"Надіслати новий електронний лист"},{"$i":"message-reply-menu-reply","$v":"Відповісти"},{"$i":"message-reply-menu-reply-all","$v":"Відповісти всім"},{"$i":"message-reply-menu-forward","$v":"Переслати"},{"$i":"message-reply-menu-cancel","$v":"Скасувати"},{"$i":"reply-quoting-wrote","$v":"Повідомлення від: {name}"},{"$i":"forward-original-message","$v":"Вихідне повідомлення"},{"$i":"forward-header-subject","$v":"Тема"},{"$i":"forward-header-date","$v":"Дата"},{"$i":"forward-header-from","$v":"Від"},{"$i":"forward-header-reply-to","$v":"Відповісти"},{"$i":"forward-header-to","$v":"Кому"},{"$i":"forward-header-cc","$v":"Копія"},{"$i":"folder-inbox","$v":"Вхідні"},{"$i":"folder-sent","$v":"Надіслані"},{"$i":"folder-drafts","$v":"Чернетки"},{"$i":"folder-trash","$v":"Видалені"},{"$i":"folder-queue","$v":"Ненадіслані"},{"$i":"folder-junk","$v":"Спам"},{"$i":"folder-archives","$v":"Архіви"},{"$i":"folder-localdrafts","$v":"Локальна папка \"Чернетки"},{"$i":"folder-outbox","$v":"Вихідні"},{"$i":"drawer-back","$v":"Назад"},{"$i":"drawer-accounts-header","$v":"Облікові записи"},{"$i":"drawer-settings-link","$v":"Настройки"},{"$i":"folder-last-synced-label","$v":"Остання синхронізація:"},{"$i":"messages-refresh-progress","ariaValueText":"Оновлення"},{"$i":"no-internet-connection","$v":"Немає з’єднання з Інтернетом."},{"$i":"toaster-undo","$v":"Скасувати"},{"$i":"toaster-message-star","$v":{"few":["Позначено ",{"t":"idOrVar","v":"n"}," повідомлення"],"many":["Позначено ",{"t":"idOrVar","v":"n"}," повідомлень"],"one":"Повідомлення позначено","other":["Позначено ",{"t":"idOrVar","v":"n"}," повідомлення"],"two":["Позначено ",{"t":"idOrVar","v":"n"}," повідомлення"]},"$x":[{"t":"idOrVar","v":"plural"},"n"]},{"$i":"toaster-message-unstar","$v":{"few":["Знято позначки з ",{"t":"idOrVar","v":"n"}," повідомлень"],"many":["Знято позначки з ",{"t":"idOrVar","v":"n"}," повідомлень"],"one":"Знято позначку з повідомлення","other":["Знято позначки з ",{"t":"idOrVar","v":"n"}," повідомлення"],"two":["Знято позначки з ",{"t":"idOrVar","v":"n"}," повідомлень"]},"$x":[{"t":"idOrVar","v":"plural"},"n"]},{"$i":"toaster-message-read","$v":{"few":[{"t":"idOrVar","v":"n"}," повідомлення позначено як прочитані"],"many":[{"t":"idOrVar","v":"n"}," повідомлень позначено як прочитані"],"one":"Повідомлення позначено як прочитане","other":[{"t":"idOrVar","v":"n"}," повідомлення позначено як прочитані"],"two":[{"t":"idOrVar","v":"n"}," повідомлення позначено як прочитані"]},"$x":[{"t":"idOrVar","v":"plural"},"n"]},{"$i":"toaster-message-unread","$v":{"few":[{"t":"idOrVar","v":"n"}," повідомлення позначено як непрочитані"],"many":[{"t":"idOrVar","v":"n"}," повідомлень позначено як непрочитані"],"one":"Повідомлення позначено як непрочитане","other":[{"t":"idOrVar","v":"n"}," повідомлення позначено як непрочитані"],"two":[{"t":"idOrVar","v":"n"}," повідомлення позначено як непрочитані"]},"$x":[{"t":"idOrVar","v":"plural"},"n"]},{"$i":"toaster-message-move","$v":{"few":[{"t":"idOrVar","v":"n"}," повідомлення переміщено до папки:"],"many":[{"t":"idOrVar","v":"n"}," повідомлень переміщено до папки:"],"one":"Повідомлення переміщено до папки:","other":[{"t":"idOrVar","v":"n"}," повідомлення переміщено до папки:"],"two":[{"t":"idOrVar","v":"n"}," повідомлення переміщено до папки:"]},"$x":[{"t":"idOrVar","v":"plural"},"n"]},{"$i":"toaster-message-delete","$v":{"few":["Видалено ",{"t":"idOrVar","v":"n"}," електронні листи"],"many":["Видалено ",{"t":"idOrVar","v":"n"}," електронних листів"],"one":"Видалено один електронний лист","other":["Видалено ",{"t":"idOrVar","v":"n"}," електронного листа"],"two":["Видалено ",{"t":"idOrVar","v":"n"}," електронні листи"]},"$x":[{"t":"idOrVar","v":"plural"},"n"]},{"$i":"toaster-sync-failed","$v":"Не вдалося підключитися до сервера."},{"$i":"compose-invalid-addresses-title","$v":"Неправильні адреси"},{"$i":"compose-invalid-addresses-description","$v":"У повідомленні вказано одну або кілька неправильних адрес електронної пошти. Виправте їх перед надсиланням."},{"$i":"background-send-pending","$v":"Мережа недоступна. Електронний лист збережено в папці \"Вихідні\"."},{"$i":"background-send-sending","$v":"Надсилання електронного листа…"},{"$i":"background-send-success","$v":"Електронний лист надіслано."},{"$i":"background-send-error","$v":"Сталася помилка. Електронний лист збережено в папці \"Вихідні\"."},{"$i":"background-send-error-recipients","$v":"Помилка одержувача. Електронний лист збережено в папці \"Вихідні\"."},{"$i":"background-send-error-title","$v":"Помилка надсилання електронного листа"},{"$i":"send-failure-recipients","$v":"Перевірте, чи адреси електронної пошти вказано правильно. Сервер електронної пошти повідомляє, що одна або кілька вказаних адрес недійсні."},{"$i":"send-failure-unknown","$v":"Не вдалося надіслати повідомлення."},{"$i":"form-clear-input","$v":"Видалити текст"},{"$i":"confirm-dialog-title","$v":"Підтвердження"},{"$i":"confirm-dialog-ok","$v":"OK"},{"$i":"msg-display-subject","$v":"Тема"},{"$i":"msg-reader-display-attachments","$v":"Вкладення"},{"$i":"msg-reader-display-attachment","$v":"Вкладення"},{"$i":"msg-reader-download-external-images","$v":["Завантажити зовнішні зображення (",{"t":"idOrVar","v":"n"}," МБ)"]},{"$i":"msg-reader-sender-header","$v":"Від"},{"$i":"msg-reader-recipients-header","$v":"Одержувачі"},{"$i":"msg-reader-cc-header","$v":"Копія"},{"$i":"msg-reader-bcc-header","$v":"Прихована копія"},{"$i":"msg-reader-message-flagged","$v":"Повідомлення позначено"},{"$i":"msg-reader-flag-removed","$v":"Позначку знято"},{"$i":"external-image-downloading","$v":"Завантаження…"},{"$i":"senders-separation-sign","$v":", "},{"$i":"new-messages","$v":{"few":[{"t":"idOrVar","v":"n"}," нові повідомлення"],"many":[{"t":"idOrVar","v":"n"}," нових повідомлень"],"one":"Одне нове повідомлення","other":[{"t":"idOrVar","v":"n"}," нового повідомлення"],"two":[{"t":"idOrVar","v":"n"}," нові повідомлення"]},"$x":[{"t":"idOrVar","v":"plural"},"n"]},{"$i":"new-emails-notify-one-account","$v":{"few":[{"t":"idOrVar","v":"n"}," нові електронні листи"],"many":[{"t":"idOrVar","v":"n"}," нових електронних листів"],"one":"Один новий електронний лист","other":[{"t":"idOrVar","v":"n"}," нового електронного листа"],"two":[{"t":"idOrVar","v":"n"}," нові електронні листи"]},"$x":[{"t":"idOrVar","v":"plural"},"n"]},{"$i":"new-emails-notify-multiple-accounts","$v":{"few":[{"t":"idOrVar","v":"n"}," нові електронні листи (",{"t":"idOrVar","v":"accountName"},")"],"many":[{"t":"idOrVar","v":"n"}," нових електронних листів (",{"t":"idOrVar","v":"accountName"},")"],"one":["Один новий електронний лист (",{"t":"idOrVar","v":"accountName"},")"],"other":[{"t":"idOrVar","v":"n"}," нового електронного листа (",{"t":"idOrVar","v":"accountName"},")"],"two":[{"t":"idOrVar","v":"n"}," нові електронні листи (",{"t":"idOrVar","v":"accountName"},")"]},"$x":[{"t":"idOrVar","v":"plural"},"n"]},{"$i":"new-emails-notify-multiple-accounts-body","$v":[{"t":"idOrVar","v":"from"}," \"",{"t":"idOrVar","v":"subject"}]},{"$i":"tng-plain-socket-warning-title","$v":"Справді?"},{"$i":"tng-plain-socket-warning-message","$v":"Інші користувачі зможуть переглядати ваш пароль і електронні листи або керувати обліковим записом."},{"$i":"tng-plain-socket-warning-message-options","$v":"Існує декілька безкоштовних постачальників послуг електронної пошти, які пропонують більш захищене та зашифроване підключення."},{"$i":"tng-plain-socket-warning-ok","$v":"Зрозуміло"},{"$i":"message-reader-date-received","ariaLabel":"Отримано"},{"$i":"sort-by-title","$v":"Критерій сортування"},{"$i":"sort-by-date","$v":"Дата"},{"$i":"sort-by-from","$v":"Від"},{"$i":"sort-by-to","$v":"Кому"},{"$i":"sort-by-subject","$v":"Тема"},{"$i":"softkey-options","$v":"Опції"},{"$i":"opt-compose","$v":"Створити"},{"$i":"opt-reply","$v":"Відповісти"},{"$i":"opt-reply-all","$v":"Відповісти всім"},{"$i":"opt-forward","$v":"Переслати"},{"$i":"opt-mark-read","$v":"Позначити як прочитаний"},{"$i":"opt-mark-unread","$v":"Позначити як непрочитаний"},{"$i":"opt-add-flag","$v":"Додати позначку"},{"$i":"opt-remove-flag","$v":"Зняти позначку"},{"$i":"opt-move-message","$v":"Перемістити до папки"},{"$i":"opt-delete-message","$v":"Видалити"},{"$i":"opt-multi-select","$v":"Вибрати декілька"},{"$i":"opt-search","$v":"Пошук"},{"$i":"opt-folders","$v":"Переглянути папки"},{"$i":"opt-sort","$v":"Сортувати"},{"$i":"opt-sync","$v":"Синхронізувати"},{"$i":"opt-account","$v":"Змінити обліковий запис"},{"$i":"opt-settings","$v":"Настройки"},{"$i":"opt-edit","$v":"Редагувати"},{"$i":"opt-cancel","$v":"Скасувати"},{"$i":"opt-save","$v":"Зберегти"},{"$i":"opt-move","$v":"Перемістити"},{"$i":"opt-view","$v":"Переглянути"},{"$i":"opt-empty-trash","$v":"Очистити папку \"Видалені"},{"$i":"opt-call-number","$v":"Дзвінок"},{"$i":"opt-compose-mail","$v":"Створити"},{"$i":"opt-open-url","$v":"Відкрити"},{"$i":"select-option-on","$v":"Увімкнено"},{"$i":"select-option-off","$v":"Вимкнено"},{"$i":"select-option-imap-smtp","$v":"IMAP+SMTP"},{"$i":"select-option-pop3-smtp","$v":"POP3+SMTP"},{"$i":"select-option-activesync","$v":"ActiveSync"},{"$i":"toaster-switch-account","$v":"Обліковий запис електронної пошти змінено на:"},{"$i":"toaster-sorted-by","$v":"Повідомлення відсортовано за таким критерієм:"},{"$i":"cmp-reply","$v":"Відповісти"},{"$i":"cmp-reply-all","$v":"Відповісти всім"},{"$i":"cmp-forward","$v":"Переслати повідомлення"},{"$i":"cmp-remove-attach","$v":"Вкладення видалено"},{"$i":"select","$v":"Вибрати"},{"$i":"deselect","$v":"Скасувати вибір"},{"$i":"cancel","$v":"Скасувати"},{"$i":"enter","$v":"Ввести"},{"$i":"remove-attachment","$v":"Видалити вкладення"},{"$i":"replace-attachment","$v":"Замінити вкладення"},{"$i":"add-attachment","$v":"Додати вкладення"},{"$i":"add-contact","$v":"Додати контакт"},{"$i":"add-cc","$v":"Додати копію"},{"$i":"remove-cc","$v":"Видалити копію"},{"$i":"add-bcc","$v":"Додати приховану копію"},{"$i":"remove-bcc","$v":"Видалити приховану копію"},{"$i":"attachment-download","$v":"Завантажити"},{"$i":"attachment-share","$v":"Обмінятися"},{"$i":"send-new-mail","$v":"Надіслати новий електронний лист"},{"$i":"view-contact","$v":"Переглянути дані контакту"},{"$i":"save-new-contact","$v":"Зберегти новий контакт"},{"$i":"add-to-exsiting-contact","$v":"Додати до наявного контакту"},{"$i":"no","$v":"Ні"},{"$i":"yes","$v":"Так"},{"$i":"retry","$v":"Повторити"},{"$i":"empty","$v":"Пусто"},{"$i":"empty-trash-confirm","$v":"Очистити папку \"Видалені\"?"},{"$i":"trash-emptied","$v":"Папку \"Видалені\" очищено"},{"$i":"next","$v":"Далі"},{"$i":"welcome-header","$v":"Електронна пошта"},{"$i":"welcome-msg","$v":"Вітаємо в електронній пошті!"},{"$i":"welcome-msg-setup","$v":"Натисніть \"Далі\", щоб налаштувати обліковий запис електронної пошти."},{"$i":"discard","$v":"Відхилити"},{"$i":"leave-this-page-warning-message","$v":"Вилучити інформацію облікового запису електронної пошти?"},{"$i":"finish","$v":"Завершити"},{"$i":"setup-done-msg","$v":"Вхід виконано. Додати ще один обліковий запис?"},{"$i":"save-as-draft","$v":"Зберегти як чернетку"},{"$i":"show-password","$v":"Відобразити пароль"},{"$i":"account-label","$v":"Позначка облікового запису"},{"$i":"folders","$v":"Папки"},{"$i":"security","$v":"Захист"},{"$i":"port-number","$v":"Номер порту"},{"$i":"domain-username","$v":"Домен\\ім’я користувача"},{"$i":"synchronizing","$v":"Синхронізація…"},{"$i":"browse-mail","$v":"Переглянути електронний лист"},{"$i":"never-sync","$v":"Не вдалося синхронізувати локальну папку."},{"$i":"emptyDownloadFile","$v":"Не вдалося завантажити цей файл. Він може бути пустим."},{"$i":"sync","$v":"Синхронізувати"},{"$i":"outbox-unsent-label","$v":{"few":[{"t":"idOrVar","v":"n"}," ненадіслані повідомлення в папці \"Вихідні"],"many":[{"t":"idOrVar","v":"n"}," ненадісланих повідомлень у папці \"Вихідні"],"one":"Одне ненадіслане повідомлення в папці \"Вихідні","other":[{"t":"idOrVar","v":"n"}," ненадіслані повідомлення в папці \"Вихідні"],"two":"Два ненадіслані повідомлення в папці \"Вихідні"},"$x":[{"t":"idOrVar","v":"plural"},"n"]},{"$i":"storage-full-title","$v":"Пам’ять заповнена"},{"$i":"storage-full-warning","$v":"Ви можете видалити деякі мультимедійні файли або дані програми, щоб звільнити місце."},{"$i":"storage-full","$v":"Пам’ять телефону заповнена"},{"$i":"storage-sdcard-full","$v":"SD-картку заповнено."},{"$i":"view-address","$v":"Переглянути адресу"},{"$i":"mail-address-title","$v":"Адреса електронної пошти"},{"$i":"mail-address","$v":[{"t":"idOrVar","v":"address"}]},{"$i":"value-name","$v":[{"t":"idOrVar","v":"name"}]},{"$i":"account-deleted","$v":"Обліковий запис видалено."},{"$i":"account-reEnable","$v":"Такий обліковий запис уже існує. Синхронізувати електронну пошту облікового запису?"},{"$i":"setup-account-usedInfo","$v":"Цей обліковий запис використовуватиметься вказаними нижче програмами. Щоб змінити це, перейдіть у розділ \"Настройки\" > \"Обліковий запис\"."},{"$i":"setup-account-settingsInfo","$v":"Усі програми мають різні стандартні інтервали синхр., перегляньте їх у настройках."},{"$i":"app-calendar","$v":"Календар"},{"$i":"app-contacts","$v":"Контакти"},{"$i":"app-email","$v":"Адреса електронної пошти"},{"$i":"weekday-0-long","$v":"Неділя"},{"$i":"weekday-1-long","$v":"Понеділок"},{"$i":"weekday-2-long","$v":"Вівторок"},{"$i":"weekday-3-long","$v":"Середа"},{"$i":"weekday-4-long","$v":"Четвер"},{"$i":"weekday-5-long","$v":"П’ятниця"},{"$i":"weekday-6-long","$v":"Субота"},{"$i":"weekday-0-short","$v":"Нд"},{"$i":"weekday-1-short","$v":"Пн"},{"$i":"weekday-2-short","$v":"Вт"},{"$i":"weekday-3-short","$v":"Ср"},{"$i":"weekday-4-short","$v":"Чт"},{"$i":"weekday-5-short","$v":"Пт"},{"$i":"weekday-6-short","$v":"Сб"},{"$i":"month-0-long","$v":"Січень"},{"$i":"month-1-long","$v":"Лютий"},{"$i":"month-2-long","$v":"Березень"},{"$i":"month-3-long","$v":"Квітень"},{"$i":"month-4-long","$v":"Травень"},{"$i":"month-5-long","$v":"Червень"},{"$i":"month-6-long","$v":"Липень"},{"$i":"month-7-long","$v":"Серпень"},{"$i":"month-8-long","$v":"Вересень"},{"$i":"month-9-long","$v":"Жовтень"},{"$i":"month-10-long","$v":"Листопад"},{"$i":"month-11-long","$v":"Грудень"},{"$i":"month-0-genitive","$v":"січня"},{"$i":"month-1-genitive","$v":"лютого"},{"$i":"month-2-genitive","$v":"березня"},{"$i":"month-3-genitive","$v":"квітня"},{"$i":"month-4-genitive","$v":"травня"},{"$i":"month-5-genitive","$v":"червня"},{"$i":"month-6-genitive","$v":"липня"},{"$i":"month-7-genitive","$v":"серпня"},{"$i":"month-8-genitive","$v":"вересня"},{"$i":"month-9-genitive","$v":"жовтня"},{"$i":"month-10-genitive","$v":"листопада"},{"$i":"month-11-genitive","$v":"грудня"},{"$i":"month-0-short","$v":"Січ"},{"$i":"month-1-short","$v":"Лют"},{"$i":"month-2-short","$v":"Бер"},{"$i":"month-3-short","$v":"Кві"},{"$i":"month-4-short","$v":"Тра"},{"$i":"month-5-short","$v":"Чер"},{"$i":"month-6-short","$v":"Лип"},{"$i":"month-7-short","$v":"Сер"},{"$i":"month-8-short","$v":"Вер"},{"$i":"month-9-short","$v":"Жов"},{"$i":"month-10-short","$v":"Лис"},{"$i":"month-11-short","$v":"Гру"},{"$i":"minutes-ago-long","$v":{"few":[{"t":"idOrVar","v":"value"}," хвилини тому"],"many":[{"t":"idOrVar","v":"value"}," хвилин тому"],"one":"Хвилину тому","other":[{"t":"idOrVar","v":"value"}," хвилини тому"],"two":[{"t":"idOrVar","v":"value"}," хвилини тому"],"zero":"просто зараз"},"$x":[{"t":"idOrVar","v":"plural"},"value"]},{"$i":"hours-ago-long","$v":{"few":[{"t":"idOrVar","v":"value"}," години тому"],"many":[{"t":"idOrVar","v":"value"}," годин тому"],"one":"годину тому","other":[{"t":"idOrVar","v":"value"}," години тому"],"two":[{"t":"idOrVar","v":"value"}," години тому"],"zero":"просто зараз"},"$x":[{"t":"idOrVar","v":"plural"},"value"]},{"$i":"days-ago-long","$v":{"few":[{"t":"idOrVar","v":"value"}," дні тому"],"many":[{"t":"idOrVar","v":"value"}," днів тому"],"one":"учора","other":[{"t":"idOrVar","v":"value"}," дня тому"],"two":[{"t":"idOrVar","v":"value"}," дні тому"],"zero":"сьогодні"},"$x":[{"t":"idOrVar","v":"plural"},"value"]},{"$i":"weeks-ago-long","$v":{"few":[{"t":"idOrVar","v":"value"}," тижні тому"],"many":[{"t":"idOrVar","v":"value"}," тижнів тому"],"one":"минулий тиждень","other":[{"t":"idOrVar","v":"value"}," тижня тому"],"two":[{"t":"idOrVar","v":"value"}," тижні тому"],"zero":"цього тижня"},"$x":[{"t":"idOrVar","v":"plural"},"value"]},{"$i":"months-ago-long","$v":{"few":[{"t":"idOrVar","v":"value"}," місяці тому"],"many":[{"t":"idOrVar","v":"value"}," місяців тому"],"one":"минулий місяць","other":[{"t":"idOrVar","v":"value"}," місяця тому"],"two":[{"t":"idOrVar","v":"value"}," місяці тому"],"zero":"цього місяця"},"$x":[{"t":"idOrVar","v":"plural"},"value"]},{"$i":"years-ago-long","$v":{"few":[{"t":"idOrVar","v":"value"}," роки тому"],"many":[{"t":"idOrVar","v":"value"}," років тому"],"one":"минулий рік","other":[{"t":"idOrVar","v":"value"}," року тому"],"two":[{"t":"idOrVar","v":"value"}," роки тому"],"zero":"цього року"},"$x":[{"t":"idOrVar","v":"plural"},"value"]},{"$i":"minutes-until-long","$v":{"few":["через ",{"t":"idOrVar","v":"value"}," хв."],"many":["через ",{"t":"idOrVar","v":"value"}," хв."],"one":"через хвилину","other":["через ",{"t":"idOrVar","v":"value"}," хв."],"two":["через ",{"t":"idOrVar","v":"value"}," хв."],"zero":"зараз"},"$x":[{"t":"idOrVar","v":"plural"},"value"]},{"$i":"hours-until-long","$v":{"few":["через ",{"t":"idOrVar","v":"value"}," год."],"many":["через ",{"t":"idOrVar","v":"value"}," год."],"one":"через годину","other":["через ",{"t":"idOrVar","v":"value"}," год."],"two":["через ",{"t":"idOrVar","v":"value"}," год."],"zero":"зараз"},"$x":[{"t":"idOrVar","v":"plural"},"value"]},{"$i":"days-until-long","$v":{"few":["через ",{"t":"idOrVar","v":"value"}," дн."],"many":["через ",{"t":"idOrVar","v":"value"}," дн."],"one":"завтра","other":["через ",{"t":"idOrVar","v":"value"}," дн."],"two":["через ",{"t":"idOrVar","v":"value"}," дн."],"zero":"сьогодні"},"$x":[{"t":"idOrVar","v":"plural"},"value"]},{"$i":"weeks-until-long","$v":{"few":["через ",{"t":"idOrVar","v":"value"}," тиж."],"many":["через ",{"t":"idOrVar","v":"value"}," тиж."],"one":"наступного тижня","other":["через ",{"t":"idOrVar","v":"value"}," тиж."],"two":["через ",{"t":"idOrVar","v":"value"}," тиж."],"zero":"цього тижня"},"$x":[{"t":"idOrVar","v":"plural"},"value"]},{"$i":"months-until-long","$v":{"few":["через ",{"t":"idOrVar","v":"value"}," міс."],"many":["через ",{"t":"idOrVar","v":"value"}," міс."],"one":"наступного місяця","other":["через ",{"t":"idOrVar","v":"value"}," міс."],"two":["через ",{"t":"idOrVar","v":"value"}," міс."],"zero":"цього місяця"},"$x":[{"t":"idOrVar","v":"plural"},"value"]},{"$i":"years-until-long","$v":{"few":["через ",{"t":"idOrVar","v":"value"}," р."],"many":["через ",{"t":"idOrVar","v":"value"}," р."],"one":"наступного року","other":["через ",{"t":"idOrVar","v":"value"}," р."],"two":["через ",{"t":"idOrVar","v":"value"}," р."],"zero":"цього року"},"$x":[{"t":"idOrVar","v":"plural"},"value"]},{"$i":"minutes-ago-short","$v":{"other":[{"t":"idOrVar","v":"value"}," хвилини тому"],"zero":"просто зараз"},"$x":[{"t":"idOrVar","v":"plural"},"value"]},{"$i":"hours-ago-short","$v":{"other":[{"t":"idOrVar","v":"value"}," години тому"],"zero":"просто зараз"},"$x":[{"t":"idOrVar","v":"plural"},"value"]},{"$i":"days-ago-short","$v":{"other":[{"t":"idOrVar","v":"value"}," дня тому"],"zero":"сьогодні"},"$x":[{"t":"idOrVar","v":"plural"},"value"]},{"$i":"minutes-until-short","$v":{"other":["через ",{"t":"idOrVar","v":"value"}," хв."],"zero":"зараз"},"$x":[{"t":"idOrVar","v":"plural"},"value"]},{"$i":"hours-until-short","$v":{"other":["через ",{"t":"idOrVar","v":"value"}," год."],"zero":"зараз"},"$x":[{"t":"idOrVar","v":"plural"},"value"]},{"$i":"days-until-short","$v":{"other":["через ",{"t":"idOrVar","v":"value"}," дн."],"zero":"сьогодні"},"$x":[{"t":"idOrVar","v":"plural"},"value"]},{"$i":"incorrectDate","$v":"(неправильна дата)"},{"$i":"dateTimeFormat_%c","$v":"%a %b %e %Y %I:%M:%S %p"},{"$i":"dateTimeFormat_%x","$v":"%m/%d/%Y"},{"$i":"dateTimeFormat_%X","$v":"%I:%M:%S %p"},{"$i":"shortTimeFormat","$v":"%I:%M %p"},{"$i":"shortTimeFormat12","$v":"%I:%M %p"},{"$i":"shortTimeFormat24","$v":"%H:%M"},{"$i":"shortDateTimeFormat","$v":"%x %I:%M %p"},{"$i":"weekStartsOnMonday","$v":"0.0"},{"$i":"firstDayOfTheWeek","$v":"1.0"},{"$i":"time_am","$v":"ДП"},{"$i":"time_pm","$v":"ПП"}]