[{"$i":"setup-app-name-header","$v":"Thư"},{"$i":"setup-empty-account-message","$v":"Bạn không được thiết lập để gửi hoặc nhận email. Thiết lập một tài khoản để hoàn tất hoạt động."},{"$i":"setup-pick-service","$v":"Để gửi và nhận email, bạn cần phải thiết lập tài khoản."},{"$i":"setup-account-header3","$v":"Đăng nhập Tài khoản"},{"$i":"setup-account-password","$v":"Mật khẩu"},{"$i":"setup-info-next","$v":"Tiếp"},{"$i":"setup-progress-wait-msg","$v":"Thiết lập tài khoản"},{"$i":"setup-sync-progress-wait-msg","$v":"Đồng bộ hóa danh bạ"},{"$i":"setup-completed-header","$v":"Xin chúc mừng!"},{"$i":"setup-completed-label","$v":"Đã hoàn thành!"},{"$i":"setup-add-another-account","$v":"Thêm tài khoản khác"},{"$i":"setup-show-mail","$v":"Tiếp tục tới Thư"},{"$i":"setup-done-add","$v":"Thêm Tài khoản"},{"$i":"setup-error-offline","$v":"Thiết bị này hiện đang ngoại tuyến. Hãy kết nối với mạng và thử lại."},{"$i":"setup-error-bad-user-or-pass2","$v":"Tên người dùng hoặc mật khẩu không hợp lệ. Kiểm tra lỗi đánh máy."},{"$i":"setup-error-bad-address","$v":"Địa chỉ e-mail không hợp lệ. Kiểm tra lỗi đánh máy."},{"$i":"setup-error-not-authorized","$v":"Máy chủ cho biết bạn không được phép tạo một tài khoản"},{"$i":"setup-error-pop-server-not-great","$v":"Máy chủ không được hỗ trợ. Máy chủ POP3 không thực hiện các tính năng được yêu cầu."},{"$i":"setup-error-unknown2","$v":"Đã xảy ra lỗi không xác định. Kiểm tra kết nối mạng của bạn hoặc thử tùy chọn cấu hình thủ công."},{"$i":"setup-error-needs-app-pass","$v":"Bạn phải sử dụng mật khẩu dành riêng cho ứng dụng cho các tài khoản Gmail hai bước"},{"$i":"setup-error-imap-disabled","$v":"Bạn phải kích hoạt IMAP cho tài khoản Gmail của mình"},{"$i":"setup-error-pop3-disabled","$v":"Bạn phải kích hoạt POP3 cho tài khoản Gmail của mình"},{"$i":"setup-error-bad-security","$v":["Không thể thiết lập kết nối an toàn với \"",{"t":"idOrVar","v":"server"},"\". Có thể có sự cố với mạng hoặc máy chủ của bạn."]},{"$i":"setup-error-unresponsive-server","$v":["Không thể thiết lập kết nối với \"",{"t":"idOrVar","v":"server"},"\". Có thể có sự cố với mạng."]},{"$i":"setup-error-server-problem","$v":["Đã xảy ra sự cố với máy chủ \"",{"t":"idOrVar","v":"server"},"\". Thử lại sau."]},{"$i":"setup-error-no-config-info","$v":"Không thể tự động cấu hình tài khoản của bạn. Sửa địa chỉ e-mail của bạn hoặc thử tùy chọn cấu hình thủ công."},{"$i":"setup-error-server-maintenance","$v":["Máy chủ \"",{"t":"idOrVar","v":"server"},"\" đang ngoại tuyến để bảo trì. Thử lại sau."]},{"$i":"setup-error-account-already-exists","$v":"Tài khoản này đã được cấu hình."},{"$i":"setup-manual-config2","$v":"Nâng cao"},{"$i":"setup-manual-config-header","$v":"Đăng nhập Tài khoản"},{"$i":"setup-manual-account-type-header","$v":"Loại Tài khoản"},{"$i":"setup-manual-account-type","$v":"Loại Tài khoản"},{"$i":"setup-manual-account-type-select","ariaLabel":"Loại tài khoản"},{"$i":"setup-manual-imap-header","$v":"Cài đặt IMAP"},{"$i":"setup-manual-pop3-header","$v":"Cài đặt POP3"},{"$i":"setup-manual-smtp-header","$v":"Cài đặt SMTP"},{"$i":"setup-manual-activesync-header","$v":"Cài đặt ActiveSync"},{"$i":"setup-manual-next","$v":"Tiếp"},{"$i":"setup-manual-socket","$v":"Loại Cổng"},{"$i":"setup-manual-socket-ssl","$v":"SSL"},{"$i":"setup-manual-socket-starttls","$v":"STARTTLS"},{"$i":"setup-manual-socket-select","ariaLabel":"Bảo mật kết nối"},{"$i":"setup-manual-socket-plain","$v":"Không được mã hóa"},{"$i":"setup-bad-password-header","$v":"Mật khẩu Sai"},{"$i":"setup-bad-password","$v":"Không thể đăng nhập vào máy chủ. Hãy thử lại mật khẩu."},{"$i":"setup-new-password","placeholder":"Mật khẩu mới"},{"$i":"setup-fix-password","$v":"Thử lại bằng mật khẩu mới"},{"$i":"setup-gmail-twofactor-header","$v":"Đã kích hoạt Hai-bước"},{"$i":"setup-gmail-twofactor-message","$v":"Bạn cần nhập mật khẩu dành riêng cho ứng dụng bên dưới."},{"$i":"setup-gmail-imap-header","$v":"Đã vô hiệu hóa IMAP"},{"$i":"setup-gmail-imap-message","$v":"Bạn phải kích hoạt IMAP trên tài khoản Gmail của mình"},{"$i":"setup-gmail-retry","$v":"Thử lại"},{"$i":"setup-gmail-pop3-header","$v":"Đã vô hiệu hóa POP3"},{"$i":"setup-gmail-pop3-message","$v":"Bạn phải kích hoạt POP3 trên tài khoản Gmail của mình"},{"$i":"setup-fix-oauth2-header","$v":"Cho phép lại Email"},{"$i":"setup-fix-oauth2-description","$v":"Email cần được cho phép lại để truy cập vào tài khoản sau:"},{"$i":"setup-fix-oauth2-reauthorize","$v":"Cho phép lại"},{"$i":"settings-main-header","$v":"Cài đặt Email"},{"$i":"settings-sub-header-account","$v":"Tài khoản"},{"$i":"settings-account-group","ariaLabel":"Tài khoản"},{"$i":"settings-account-name","$v":"Tên Bạn"},{"$i":"settings-account-label","$v":"Nhãn Tài khoản"},{"$i":"settings-account-display-notifications","$v":"Hiển thị Thông báo Email Mới"},{"$i":"settings-account-play-sound-onsend","$v":"Phát Âm thanh sau khi Tin nhắn Đã được gửi"},{"$i":"settings-account-signature-label","$v":"Chữ ký"},{"$i":"settings-sub-header-data","$v":"Dữ liệu"},{"$i":"settings-data-group","ariaLabel":"Dữ liệu"},{"$i":"settings-account-check-mail","$v":"Kiểm tra Tin nhắn Mới"},{"$i":"settings-account-check-mail-select","ariaLabel":"Kiểm tra Tin nhắn Mới"},{"$i":"settings-sub-header-server","$v":"Cài đặt Máy chủ"},{"$i":"settings-server-group","ariaLabel":"Cài đặt máy chủ"},{"$i":"settings-account-userpass","$v":"Tên người dùng và Mật khẩu"},{"$i":"settings-account-useroauth2","$v":"Tên người dùng"},{"$i":"settings-default-signature-2","$v":"Đã gửi từ điện thoại của tôi"},{"$i":"settings-done","$v":"Đã xong"},{"$i":"settings-account-section","$v":"Tài khoản"},{"$i":"settings-account-listbox","ariaLabel":"Tài khoản"},{"$i":"settings-account-add","$v":"Thêm"},{"$i":"settings-account-delete","$v":"Xóa tài khoản"},{"$i":"settings-account-delete-prompt","$v":["Bạn có chắc chắn muốn xóa tài khoản thư ",{"t":"idOrVar","v":"account"}," của bạn không?"]},{"$i":"settings-account-delete-desc","$v":"Bạn sẽ phải tải xuống lại thư của mình nếu bạn tạo lại tài khoản."},{"$i":"settings-account-delete-cancel","$v":"Hủy"},{"$i":"settings-account-delete-confirm","$v":"Xóa"},{"$i":"settings-account-clarify","$v":[{"t":"idOrVar","v":"account-name"}]},{"$i":"settings-account-clarify-imap","$v":[{"t":"idOrVar","v":"account-name"}," (IMAP)"]},{"$i":"settings-account-clarify-pop3","$v":[{"t":"idOrVar","v":"account-name"}," (POP3)"]},{"$i":"settings-account-clarify-smtp","$v":[{"t":"idOrVar","v":"account-name"}," (SMTP)"]},{"$i":"settings-general-section","$v":"Cài đặt chung"},{"$i":"settings-show-images","$v":"Luôn hiển thị hình ảnh"},{"$i":"settings-download-attachments","$v":"Tải xuống tập tin đính kèm"},{"$i":"settings-check-every-5min","$v":"5 phút Một lần"},{"$i":"settings-check-every-10min","$v":"10 phút Một lần"},{"$i":"settings-check-every-15min","$v":"15 phút Một lần"},{"$i":"settings-check-every-30min","$v":"30 phút Một lần"},{"$i":"settings-check-every-60min","$v":"Mỗi Giờ"},{"$i":"settings-check-every-manual","$v":"Thủ công"},{"$i":"settings-check-dynamic","$v":{"few":[{"t":"idOrVar","v":"n"}," giây"],"many":[{"t":"idOrVar","v":"n"}," giây"],"one":[{"t":"idOrVar","v":"n"}," giây"],"other":[{"t":"idOrVar","v":"n"}," giây"],"two":[{"t":"idOrVar","v":"n"}," giây"],"zero":"đã tắt"},"$x":[{"t":"idOrVar","v":"plural"},"n"]},{"$i":"settings-default-account","$v":"Đặt làm Email Mặc định"},{"$i":"settings-account-type","$v":"Loại Tài khoản"},{"$i":"settings-account-credentials","$v":"Thông tin ủy nhiệm"},{"$i":"settings-activesync-label","$v":"Cài đặt ActiveSync"},{"$i":"settings-imap-label","$v":"Cài đặt IMAP"},{"$i":"settings-pop3-label","$v":"Cài đặt POP3"},{"$i":"settings-smtp-label","$v":"Cài đặt SMTP"},{"$i":"settings-hostname","$v":"Tên máy chủ"},{"$i":"settings-port","$v":"Cổng"},{"$i":"settings-username","$v":"Tên người dùng"},{"$i":"settings-password","$v":"Mật khẩu"},{"$i":"settings-save","$v":"Lưu"},{"$i":"password-saved","$v":"Đã lưu mật khẩu."},{"$i":"settings-reauth","$v":"Cho phép lại"},{"$i":"settings-account-synchronize-window","$v":"Ngày Đồng bộ"},{"$i":"settings-account-synchronize-window-select","ariaLabel":"Ngày đồng bộ"},{"$i":"settings-synchronize-auto","$v":"Tự động"},{"$i":"settings-synchronize-one-day","$v":"1 Ngày"},{"$i":"settings-synchronize-three-days","$v":"3 Ngày"},{"$i":"settings-synchronize-one-week","$v":"1 Tuần"},{"$i":"settings-synchronize-two-weeks","$v":"2 Tuần"},{"$i":"settings-synchronize-one-month","$v":"1 Tháng"},{"$i":"settings-synchronize-all","$v":"Tất cả Tin nhắn"},{"$i":"envelope-from","$v":"Từ"},{"$i":"envelope-to","$v":"Tới"},{"$i":"envelope-cc","$v":"Cc"},{"$i":"envelope-bcc","$v":"Bcc"},{"$i":"message-header-state-sending","ariaLabel":"Đang gửi"},{"$i":"message-header-state-error","ariaLabel":"Gửi lỗi"},{"$i":"message-header-unread","ariaLabel":"Chưa đọc"},{"$i":"message-header-reply","ariaLabel":"Trả lời"},{"$i":"message-header-forward","ariaLabel":"Chuyển tiếp"},{"$i":"message-header-starred","ariaLabel":"Có dấu sao"},{"$i":"message-header-attachments","ariaLabel":"Có các tập tin đính kèm"},{"$i":"message-body-container","ariaLabel":"Nội dung tin nhắn"},{"$i":"message-body-container-progress","ariaValueText":"Đang tải"},{"$i":"subject","ariaLabel":"Chủ đề"},{"$i":"attachments-container","ariaLabel":"Tập tin đính kèm"},{"$i":"from-group","ariaLabel":"Từ"},{"$i":"to-group","ariaLabel":"Tới"},{"$i":"cc-group","ariaLabel":"CC"},{"$i":"bcc-group","ariaLabel":"Bcc"},{"$i":"compose-header","$v":"Soạn tin nhắn"},{"$i":"compose-header-short","$v":"Soạn"},{"$i":"compose-send","$v":"Gửi"},{"$i":"compose-send-button","ariaLabel":"Gửi"},{"$i":"compose-to","$v":"Tới"},{"$i":"compose-cc","$v":"Cc"},{"$i":"compose-bcc","$v":"Bcc"},{"$i":"compose-cc-remove","$v":"Đã xóa danh sách cc."},{"$i":"compose-bcc-remove","$v":"Đã xóa danh sách bcc."},{"$i":"compose-contact-add","ariaLabel":"Thêm liên hệ"},{"$i":"compose-attachments","$v":{"few":["Tập tin đính kèm (",{"t":"idOrVar","v":"n"},")"],"many":["Tập tin đính kèm (",{"t":"idOrVar","v":"n"},")"],"one":["Tập tin đính kèm (",{"t":"idOrVar","v":"n"},")"],"other":["Tập tin đính kèm (",{"t":"idOrVar","v":"n"},")"],"two":["Tập tin đính kèm (",{"t":"idOrVar","v":"n"},")"],"zero":"Tập tin đính kèm"},"$x":[{"t":"idOrVar","v":"plural"},"n"]},{"$i":"compose-text","ariaLabel":"Chỉnh sửa"},{"$i":"compose-attachment-still-working","$v":"Xin chờ trong giây lát, hệ thống vẫn đang làm việc với tập tin đính kèm trước đó..."},{"$i":"compose-attachment-loading","$v":"Đang tải tập tin đính kèm..."},{"$i":"compose-attachments-loading","$v":"Đang tải tập tin đính kèm..."},{"$i":"compose-forward-attachment-error-title","$v":"Tải xuống không thành công."},{"$i":"compose-forward-attachment-error-title2","$v":"Lỗi"},{"$i":"compose-forward-attachment-unable-load","$v":"Không thể tải tập tin đính kèm."},{"$i":"compose-forward-attachments-unable-load","$v":"Không thể tải tập tin đính kèm."},{"$i":"compose-forward-attachment-load-error","$v":"Một số tập tin đính kèm không thể tải được."},{"$i":"confirmation-title","$v":"Xác nhận"},{"$i":"compose-subject","$v":"Chủ đề"},{"$i":"compose-draft-save","$v":"Lưu vào Nháp Cục bộ?"},{"$i":"compose-discard-confirm","$v":"Loại bỏ"},{"$i":"compose-draft-dialog-cancel","$v":"Hủy"},{"$i":"compose-draft-dialog-save","$v":"Lưu"},{"$i":"composer-draft-saved","$v":"Tin nhắn đã được lưu vào Local Drafts (thư mục Nháp cục bộ)"},{"$i":"attention","$v":"Chú ý"},{"$i":"compose-send-message-failed","$v":"Không thể gửi email"},{"$i":"compose-attchment-size-exceeded","$v":"Tập tin đính kèm đã chọn quá lớn để gửi kèm tin nhắn này."},{"$i":"compose-attchments-size-exceeded","$v":"Các tập tin đính kèm đã chọn quá lớn để gửi kèm tin nhắn này. Thử chọn ít tập tin hơn."},{"$i":"composer-attachment-large-title","$v":"Kích thước Tập tin Quá Lớn"},{"$i":"default-attachment-filename","$v":["tập tin đính kèm (",{"t":"idOrVar","v":"n"},")"]},{"$i":"attachment-size-meb","$v":[{"t":"idOrVar","v":"megabytes"}," MB"]},{"$i":"attachment-size-kib","$v":[{"t":"idOrVar","v":"kilobytes"}," KB"]},{"$i":"attachment-size-byte","$v":[{"t":"idOrVar","v":"bytes"}," B"]},{"$i":"message-attachment-view","$v":"Xem"},{"$i":"message-attachment-did-not-open-label","$v":"Không thể mở"},{"$i":"message-attachment-did-not-open-body","$v":"Thiết bị này không có một ứng dụng có thể mở tập tin đính kèm."},{"$i":"message-attachment-too-large","$v":"Dung lượng tập tin quá lớn để có thể tải xuống."},{"$i":"message-attachment-not-found","$v":"Không thể tìm thấy tập tin đính kèm, có thể đã bị xóa."},{"$i":"message-attachment-download-fail","$v":[{"t":"idOrVar","v":"fileName"}," - Tải xuống thất bại."]},{"$i":"message-no-subject","$v":"(không có chủ đề)"},{"$i":"message-edit-menu-edit","$v":"Chỉnh sửa"},{"$i":"message-edit-menu-delete","$v":"Xóa"},{"$i":"message-edit-delete-confirm","$v":"Xóa tin nhắn email?"},{"$i":"message-forward-attachment-title","$v":"Tập tin đính kèm"},{"$i":"message-forward-attachment","$v":"Chuyển tiếp cả tập tin đính kèm?"},{"$i":"message-forward-attachments","$v":"Chuyển tiếp cả các tập tin đính kèm?"},{"$i":"message-multiedit-header","$v":{"few":["Đã chọn ",{"t":"idOrVar","v":"n"}],"many":["Đã chọn ",{"t":"idOrVar","v":"n"}],"one":["Đã chọn ",{"t":"idOrVar","v":"n"}],"other":["Đã chọn ",{"t":"idOrVar","v":"n"}],"two":["Đã chọn ",{"t":"idOrVar","v":"n"}],"zero":["Đã chọn ",{"t":"idOrVar","v":"n"}]},"$x":[{"t":"idOrVar","v":"plural"},"n"]},{"$i":"message-multiedit-search-header","$v":{"few":["Đã chọn ",{"t":"idOrVar","v":"n"}],"many":["Đã chọn ",{"t":"idOrVar","v":"n"}],"one":["Đã chọn ",{"t":"idOrVar","v":"n"}],"other":["Đã chọn ",{"t":"idOrVar","v":"n"}],"two":["Đã chọn ",{"t":"idOrVar","v":"n"}],"zero":"Đã chọn 0"},"$x":[{"t":"idOrVar","v":"plural"},"n"]},{"$i":"browse-to-url-prompt","$v":["Duyệt cho URL?: ",{"t":"idOrVar","v":"url"}]},{"$i":"message-download-images-tap","$v":{"few":["Email này chứa ",{"t":"idOrVar","v":"n"}," hình ảnh. Nhấn để tải xuống."],"many":["Email này chứa ",{"t":"idOrVar","v":"n"}," hình ảnh. Nhấn để tải xuống."],"one":"Email này chứa một hình ảnh. Nhấn để tải xuống.","other":["Email này chứa ",{"t":"idOrVar","v":"n"}," hình ảnh. Nhấn để tải xuống."],"two":["Email này chứa ",{"t":"idOrVar","v":"n"}," hình ảnh. Nhấn để tải xuống."]},"$x":[{"t":"idOrVar","v":"plural"},"n"]},{"$i":"message-show-external-images","$v":"Hiển thị các hình ảnh bên ngoài"},{"$i":"message-delete-cancel","$v":"Hủy"},{"$i":"message-multiedit-delete-confirm","$v":{"few":["Xóa ",{"t":"idOrVar","v":"n"}," tin nhắn?"],"many":["Xóa ",{"t":"idOrVar","v":"n"}," tin nhắn?"],"one":"Xóa tin nhắn đã chọn?","other":["Xóa ",{"t":"idOrVar","v":"n"}," tin nhắn?"],"two":["Xóa ",{"t":"idOrVar","v":"n"}," tin nhắn?"]},"$x":[{"t":"idOrVar","v":"plural"},"n"]},{"$i":"message-large-message-cancel","$v":"Hủy"},{"$i":"message-large-message-ok","$v":"Tiếp"},{"$i":"message-large-message-confirm","$v":"Tin nhắn này có dung lượng lớn và có thể mất một chút thời gian để tải xuống."},{"$i":"message-large-message-warning","$v":"Tin nhắn quá lớn để tải."},{"$i":"message-search-header","$v":"Tìm kiếm"},{"$i":"search-result","$v":["Đã tìm thấy ",{"t":"idOrVar","v":"num"}," Kết quả phù hợp"]},{"$i":"message-search-from","$v":"Từ"},{"$i":"message-search-to","$v":"Tới"},{"$i":"message-search-subject","$v":"Chủ đề"},{"$i":"message-search-body","$v":"Nội dung"},{"$i":"message-search-all","$v":"Tất cả"},{"$i":"message-search-input","placeholder":"Tìm kiếm Thư"},{"$i":"message-search-cancel","$v":"Hủy"},{"$i":"messages-syncing","$v":"Đang tải Tin nhắn"},{"$i":"messages-syncing-progressbar","ariaValueText":"Đang tải Tin nhắn"},{"$i":"messages-load-more","$v":"Tải Thêm Tin nhắn"},{"$i":"messages-folder-empty","$v":"Không có thư nào trong Thư mục này"},{"$i":"messages-search-empty","$v":"Không có kết quả phù hợp trong các tin nhắn được lưu ở bộ nhớ đệm cục bộ"},{"$i":"messages-folder-select","$v":"Chuyển sang Thư mục"},{"$i":"messages-folder-unread-max","$v":"999+"},{"$i":"message-contact-menu-create","$v":"Lưu liên hệ mới"},{"$i":"message-contact-menu-add-existing","$v":"Thêm vào liên hệ hiện tại"},{"$i":"message-contact-menu-view","$v":"Xem liên hệ"},{"$i":"message-contact-menu-reply","$v":"Trả lời"},{"$i":"message-contact-menu-new","$v":"Gửi thư mới"},{"$i":"message-reply-menu-reply","$v":"Trả lời"},{"$i":"message-reply-menu-reply-all","$v":"Trả lời Tất cả"},{"$i":"message-reply-menu-forward","$v":"Chuyển tiếp"},{"$i":"message-reply-menu-cancel","$v":"Hủy"},{"$i":"reply-quoting-wrote","$v":"{name} đã ghi"},{"$i":"forward-original-message","$v":"Tin nhắn ban đầu"},{"$i":"forward-header-subject","$v":"Chủ đề"},{"$i":"forward-header-date","$v":"Ngày"},{"$i":"forward-header-from","$v":"Từ"},{"$i":"forward-header-reply-to","$v":"Trả lời-Tới"},{"$i":"forward-header-to","$v":"Tới"},{"$i":"forward-header-cc","$v":"Cc"},{"$i":"folder-inbox","$v":"Hộp thư đến"},{"$i":"folder-sent","$v":"Đã gửi"},{"$i":"folder-drafts","$v":"Nháp"},{"$i":"folder-trash","$v":"Thùng rác"},{"$i":"folder-queue","$v":"Chưa gửi"},{"$i":"folder-junk","$v":"Thư rác"},{"$i":"folder-archives","$v":"Lưu trữ"},{"$i":"folder-localdrafts","$v":"Thư Nháp"},{"$i":"folder-outbox","$v":"Hộp thư đi"},{"$i":"drawer-back","$v":"Quay lại"},{"$i":"drawer-accounts-header","$v":"Tài khoản"},{"$i":"drawer-settings-link","$v":"Cài đặt"},{"$i":"folder-last-synced-label","$v":"Đồng bộ hóa lần cuối:"},{"$i":"messages-refresh-progress","ariaValueText":"Đang làm mới"},{"$i":"no-internet-connection","$v":"Không có kết nối Internet."},{"$i":"toaster-undo","$v":"Hoàn tác"},{"$i":"toaster-message-star","$v":{"few":[{"t":"idOrVar","v":"n"}," tin nhắn được gắn cờ"],"many":[{"t":"idOrVar","v":"n"}," tin nhắn được gắn cờ"],"one":"Tin nhắn được gắn cờ","other":[{"t":"idOrVar","v":"n"}," tin nhắn được gắn cờ"],"two":[{"t":"idOrVar","v":"n"}," tin nhắn được gắn cờ"]},"$x":[{"t":"idOrVar","v":"plural"},"n"]},{"$i":"toaster-message-unstar","$v":{"few":["Đã xóa ",{"t":"idOrVar","v":"n"}," cờ tin nhắn"],"many":["Đã xóa ",{"t":"idOrVar","v":"n"}," cờ tin nhắn"],"one":"Đã xóa cờ tin nhắn","other":["Đã xóa ",{"t":"idOrVar","v":"n"}," cờ tin nhắn"],"two":["Đã xóa ",{"t":"idOrVar","v":"n"}," cờ tin nhắn"]},"$x":[{"t":"idOrVar","v":"plural"},"n"]},{"$i":"toaster-message-read","$v":{"few":[{"t":"idOrVar","v":"n"}," tin nhắn được đánh dấu là đã đọc"],"many":[{"t":"idOrVar","v":"n"}," tin nhắn được đánh dấu là đã đọc"],"one":"Tin nhắn được đánh dấu là đã đọc","other":[{"t":"idOrVar","v":"n"}," tin nhắn được đánh dấu là đã đọc"],"two":[{"t":"idOrVar","v":"n"}," tin nhắn được đánh dấu là đã đọc"]},"$x":[{"t":"idOrVar","v":"plural"},"n"]},{"$i":"toaster-message-unread","$v":{"few":[{"t":"idOrVar","v":"n"}," tin nhắn được đánh dấu là chưa đọc"],"many":[{"t":"idOrVar","v":"n"}," tin nhắn được đánh dấu là chưa đọc"],"one":"Tin nhắn được đánh dấu là chưa đọc","other":[{"t":"idOrVar","v":"n"}," tin nhắn được đánh dấu là chưa đọc"],"two":[{"t":"idOrVar","v":"n"}," tin nhắn được đánh dấu là chưa đọc"]},"$x":[{"t":"idOrVar","v":"plural"},"n"]},{"$i":"toaster-message-move","$v":{"few":[{"t":"idOrVar","v":"n"}," tin nhắn được chuyển đến thư mục:"],"many":[{"t":"idOrVar","v":"n"}," tin nhắn được chuyển đến thư mục:"],"one":"Tin nhắn được chuyển đến thư mục:","other":[{"t":"idOrVar","v":"n"}," tin nhắn được chuyển đến thư mục:"],"two":[{"t":"idOrVar","v":"n"}," tin nhắn được chuyển đến thư mục:"]},"$x":[{"t":"idOrVar","v":"plural"},"n"]},{"$i":"toaster-message-delete","$v":{"few":["Đã xóa ",{"t":"idOrVar","v":"n"}," thư"],"many":["Đã xóa ",{"t":"idOrVar","v":"n"}," thư"],"one":"Đã xóa 1 thư","other":["Đã xóa ",{"t":"idOrVar","v":"n"}," thư"],"two":["Đã xóa ",{"t":"idOrVar","v":"n"}," thư"]},"$x":[{"t":"idOrVar","v":"plural"},"n"]},{"$i":"toaster-sync-failed","$v":"Không thể kết nối đến máy chủ."},{"$i":"compose-invalid-addresses-title","$v":"Địa chỉ Không hợp lệ"},{"$i":"compose-invalid-addresses-description","$v":"Tin nhắn của bạn có chứa một hoặc nhiều địa chỉ email không hợp lệ. Vui lòng chỉnh sửa chúng trước khi gửi."},{"$i":"background-send-pending","$v":"Mạng không khả dụng. Email được lưu vào hộp thư đi."},{"$i":"background-send-sending","$v":"Đang gửi thư..."},{"$i":"background-send-success","$v":"Đã gửi email."},{"$i":"background-send-error","$v":"Đã xảy ra lỗi. Email được lưu vào hộp thư đi."},{"$i":"background-send-error-recipients","$v":"Lỗi người nhận. Email được lưu vào hộp thư đi."},{"$i":"background-send-error-title","$v":"Không thể gửi thư"},{"$i":"send-failure-recipients","$v":"Kiểm tra chính tả các địa chỉ ở trên. Máy chủ quản lý thư của bạn đã cho biết có một hoặc nhiều địa chỉ trên không chính xác."},{"$i":"send-failure-unknown","$v":"Không thể để trống tin nhắn."},{"$i":"form-clear-input","$v":"Xóa văn bản"},{"$i":"confirm-dialog-title","$v":"Xác nhận"},{"$i":"confirm-dialog-ok","$v":"OK"},{"$i":"msg-display-subject","$v":"Chủ đề"},{"$i":"msg-reader-display-attachments","$v":"Tập tin đính kèm"},{"$i":"msg-reader-display-attachment","$v":"Tập tin đính kèm"},{"$i":"msg-reader-download-external-images","$v":["Tải xuống các hình ảnh ngoài(",{"t":"idOrVar","v":"n"}," MB)"]},{"$i":"msg-reader-sender-header","$v":"Từ"},{"$i":"msg-reader-recipients-header","$v":"Người nhận"},{"$i":"msg-reader-cc-header","$v":"Cc"},{"$i":"msg-reader-bcc-header","$v":"Bcc"},{"$i":"msg-reader-message-flagged","$v":"Tin nhắn được gắn cờ"},{"$i":"msg-reader-flag-removed","$v":"Đã gỡ bỏ cờ"},{"$i":"external-image-downloading","$v":"Đang tải xuống..."},{"$i":"senders-separation-sign","$v":", "},{"$i":"new-messages","$v":{"few":[{"t":"idOrVar","v":"n"}," Tin nhắn Mới"],"many":[{"t":"idOrVar","v":"n"}," Tin nhắn Mới"],"one":"1 Tin nhắn Mới","other":[{"t":"idOrVar","v":"n"}," Tin nhắn Mới"],"two":[{"t":"idOrVar","v":"n"}," Tin nhắn Mới"]},"$x":[{"t":"idOrVar","v":"plural"},"n"]},{"$i":"new-emails-notify-one-account","$v":{"few":[{"t":"idOrVar","v":"n"}," Email Mới"],"many":[{"t":"idOrVar","v":"n"}," Email Mới"],"one":"1 Email Mới","other":[{"t":"idOrVar","v":"n"}," Email Mới"],"two":[{"t":"idOrVar","v":"n"}," Email Mới"]},"$x":[{"t":"idOrVar","v":"plural"},"n"]},{"$i":"new-emails-notify-multiple-accounts","$v":{"few":[{"t":"idOrVar","v":"n"}," Email Mới (",{"t":"idOrVar","v":"accountName"},")"],"many":[{"t":"idOrVar","v":"n"}," Email Mới (",{"t":"idOrVar","v":"accountName"},")"],"one":["1 Email Mới (",{"t":"idOrVar","v":"accountName"},")"],"other":[{"t":"idOrVar","v":"n"}," Email Mới (",{"t":"idOrVar","v":"accountName"},")"],"two":[{"t":"idOrVar","v":"n"}," Email Mới (",{"t":"idOrVar","v":"accountName"},")"]},"$x":[{"t":"idOrVar","v":"plural"},"n"]},{"$i":"new-emails-notify-multiple-accounts-body","$v":[{"t":"idOrVar","v":"from"}," “",{"t":"idOrVar","v":"subject"},"”"]},{"$i":"tng-plain-socket-warning-title","$v":"Bạn có chắc?"},{"$i":"tng-plain-socket-warning-message","$v":"Những người khác có thể biết mật khẩu và email của bạn hoặc kiểm soát tài khoản của bạn."},{"$i":"tng-plain-socket-warning-message-options","$v":"Có nhiều nhà cung cấp dịch vụ email miễn phí cung cấp nhiều kết nối được mã hóa, an toàn hơn."},{"$i":"tng-plain-socket-warning-ok","$v":"Tôi hiểu"},{"$i":"message-reader-date-received","ariaLabel":"Đã nhận"},{"$i":"sort-by-title","$v":"Sắp xếp theo"},{"$i":"sort-by-date","$v":"Ngày"},{"$i":"sort-by-from","$v":"Từ"},{"$i":"sort-by-to","$v":"Tới"},{"$i":"sort-by-subject","$v":"Chủ đề"},{"$i":"softkey-options","$v":"Tùy chọn"},{"$i":"opt-compose","$v":"Soạn"},{"$i":"opt-reply","$v":"Trả lời"},{"$i":"opt-reply-all","$v":"Trả lời Tất cả"},{"$i":"opt-forward","$v":"Chuyển tiếp"},{"$i":"opt-mark-read","$v":"Đánh dấu là Đã đọc"},{"$i":"opt-mark-unread","$v":"Đánh dấu là Chưa đọc"},{"$i":"opt-add-flag","$v":"Thêm Cờ"},{"$i":"opt-remove-flag","$v":"Gỡ bỏ Cờ"},{"$i":"opt-move-message","$v":"Chuyển sang Thư mục"},{"$i":"opt-delete-message","$v":"Xóa"},{"$i":"opt-multi-select","$v":"Đa Lựa chọn"},{"$i":"opt-search","$v":"Tìm kiếm"},{"$i":"opt-folders","$v":"Xem các Thư mục"},{"$i":"opt-sort","$v":"Sắp xếp"},{"$i":"opt-sync","$v":"Đồng bộ hóa"},{"$i":"opt-account","$v":"Đổi Tài khoản"},{"$i":"opt-settings","$v":"Cài đặt"},{"$i":"opt-edit","$v":"Chỉnh sửa"},{"$i":"opt-cancel","$v":"Hủy"},{"$i":"opt-save","$v":"Lưu"},{"$i":"opt-move","$v":"Di chuyển"},{"$i":"opt-view","$v":"Xem"},{"$i":"opt-empty-trash","$v":"Làm trống Thùng rác"},{"$i":"opt-call-number","$v":"Gọi"},{"$i":"opt-compose-mail","$v":"Soạn"},{"$i":"opt-open-url","$v":"Mở"},{"$i":"select-option-on","$v":"Bật"},{"$i":"select-option-off","$v":"Tắt"},{"$i":"select-option-imap-smtp","$v":"IMAP+SMTP"},{"$i":"select-option-pop3-smtp","$v":"POP3+SMTP"},{"$i":"select-option-activesync","$v":"ActiveSync"},{"$i":"toaster-switch-account","$v":"Đã chuyển tài khoản email sang: "},{"$i":"toaster-sorted-by","$v":"Sắp xếp tin nhắn theo"},{"$i":"cmp-reply","$v":"Trả lời"},{"$i":"cmp-reply-all","$v":"Trả lời Tất cả"},{"$i":"cmp-forward","$v":"Chuyển tiếp Tin nhắn"},{"$i":"cmp-remove-attach","$v":"Đã gỡ bỏ Tập tin đính kèm"},{"$i":"select","$v":"Chọn"},{"$i":"deselect","$v":"Bỏ chọn"},{"$i":"cancel","$v":"Hủy"},{"$i":"enter","$v":"Nhập"},{"$i":"remove-attachment","$v":"Gỡ bỏ Tập tin đính kèm"},{"$i":"replace-attachment","$v":"Thay thế Tập tin đính kèm"},{"$i":"add-attachment","$v":"Thêm Tập tin đính kèm"},{"$i":"add-contact","$v":"Thêm Liên hệ"},{"$i":"add-cc","$v":"Thêm Cc"},{"$i":"remove-cc","$v":"Xóa Cc"},{"$i":"add-bcc","$v":"Thêm Bcc"},{"$i":"remove-bcc","$v":"Xóa Bcc"},{"$i":"attachment-download","$v":"Tải xuống"},{"$i":"attachment-share","$v":"Chia sẻ"},{"$i":"send-new-mail","$v":"Gửi Thư Mới"},{"$i":"view-contact","$v":"Xem Liên hệ"},{"$i":"save-new-contact","$v":"Lưu Liên hệ Mới"},{"$i":"add-to-exsiting-contact","$v":"Thêm vào Liên hệ Hiện tại"},{"$i":"no","$v":"Không"},{"$i":"yes","$v":"Có"},{"$i":"retry","$v":"Thử lại"},{"$i":"empty","$v":"Trống"},{"$i":"empty-trash-confirm","$v":"Bạn có muốn làm trống thùng rác không?"},{"$i":"trash-emptied","$v":"Đã làm trống thùng rác"},{"$i":"next","$v":"Tiếp"},{"$i":"welcome-header","$v":"Email"},{"$i":"welcome-msg","$v":"Chào mừng bạn đến với Email."},{"$i":"welcome-msg-setup","$v":"Nhấn Tiếp để thiết lập tài khoản Email của bạn."},{"$i":"discard","$v":"Loại bỏ"},{"$i":"leave-this-page-warning-message","$v":"Bạn có muốn loại bỏ thông tin tài khoản email này không?"},{"$i":"finish","$v":"Hoàn thành"},{"$i":"setup-done-msg","$v":"Bạn đã đăng nhập thành công. Bạn có muốn thêm một tài khoản khác không?"},{"$i":"save-as-draft","$v":"Lưu Thành Nháp"},{"$i":"show-password","$v":"Hiển thị Mật khẩu"},{"$i":"account-label","$v":"Nhãn Tài khoản"},{"$i":"folders","$v":"Thư mục"},{"$i":"security","$v":"An toàn"},{"$i":"port-number","$v":"Số Cổng"},{"$i":"domain-username","$v":"Tên miền\\Người dùng"},{"$i":"synchronizing","$v":"Đang đồng bộ hóa..."},{"$i":"browse-mail","$v":"Duyệt Thư"},{"$i":"never-sync","$v":"Bản nháp cục bộ không được đồng bộ hóa với máy chủ."},{"$i":"emptyDownloadFile","$v":"Không thể tải xuống tập tin này, tập tin có thể trống"},{"$i":"sync","$v":"Đồng bộ"},{"$i":"outbox-unsent-label","$v":{"few":[{"t":"idOrVar","v":"n"}," tin nhắn chưa được gửi trong Hộp thư đi"],"many":[{"t":"idOrVar","v":"n"}," tin nhắn chưa được gửi trong Hộp thư đi"],"one":"1 tin nhắn chưa được gửi trong Hộp thư đi","other":[{"t":"idOrVar","v":"n"}," tin nhắn chưa được gửi trong Hộp thư đi"],"two":"2 tin nhắn chưa được gửi trong Hộp thư đi"},"$x":[{"t":"idOrVar","v":"plural"},"n"]},{"$i":"storage-full-title","$v":"Bộ lưu trữ Đầy"},{"$i":"storage-full-warning","$v":"Bạn có thể xóa một số tập tin đa phương tiện hoặc quản lý dữ liệu ứng dụng để có nhiều dung lượng trống hơn."},{"$i":"storage-full","$v":"Bộ nhớ điện thoại đã đầy."},{"$i":"storage-sdcard-full","$v":"Thẻ nhớ đầy."},{"$i":"view-address","$v":"Xem Địa chỉ"},{"$i":"mail-address-title","$v":"Địa chỉ gửi thư"},{"$i":"mail-address","$v":[{"t":"idOrVar","v":"address"}]},{"$i":"value-name","$v":[{"t":"idOrVar","v":"name"}]},{"$i":"account-deleted","$v":"Đã xóa tài khoản."},{"$i":"account-reEnable","$v":"Tài khoản đã tồn tại. Đồng bộ email tài khoản?"},{"$i":"setup-account-usedInfo","$v":"Tài khoản này sẽ được những ứng dụng dưới đây sử dụng. Bạn có thể thay đổi điều này bất cứ lúc nào trong Cài đặt>Tài khoản."},{"$i":"setup-account-settingsInfo","$v":"Mỗi ứng dụng có các khoảng thời gian đồng bộ hóa mặc định khác nhau, vui lòng kiểm tra cài đặt ứng dụng."},{"$i":"app-calendar","$v":"Lịch"},{"$i":"app-contacts","$v":"Danh bạ"},{"$i":"app-email","$v":"Email"},{"$i":"weekday-0-long","$v":"Chủ nhật"},{"$i":"weekday-1-long","$v":"Thứ Hai"},{"$i":"weekday-2-long","$v":"Thứ Ba"},{"$i":"weekday-3-long","$v":"Thứ Tư"},{"$i":"weekday-4-long","$v":"Thứ Năm"},{"$i":"weekday-5-long","$v":"Thứ Sáu"},{"$i":"weekday-6-long","$v":"Thứ Bảy"},{"$i":"weekday-0-short","$v":"CN"},{"$i":"weekday-1-short","$v":"Thứ 2"},{"$i":"weekday-2-short","$v":"Thứ 3"},{"$i":"weekday-3-short","$v":"Thứ 4"},{"$i":"weekday-4-short","$v":"Thứ 5"},{"$i":"weekday-5-short","$v":"Thứ 6"},{"$i":"weekday-6-short","$v":"Thứ 7"},{"$i":"month-0-long","$v":"Tháng 1"},{"$i":"month-1-long","$v":"Tháng 2"},{"$i":"month-2-long","$v":"Tháng 3"},{"$i":"month-3-long","$v":"Tháng 4"},{"$i":"month-4-long","$v":"Tháng 5"},{"$i":"month-5-long","$v":"Tháng 6"},{"$i":"month-6-long","$v":"Tháng 7"},{"$i":"month-7-long","$v":"Tháng 8"},{"$i":"month-8-long","$v":"Tháng 9"},{"$i":"month-9-long","$v":"Tháng 10"},{"$i":"month-10-long","$v":"Tháng 11"},{"$i":"month-11-long","$v":"Tháng 12"},{"$i":"month-0-genitive","$v":"Tháng 1"},{"$i":"month-1-genitive","$v":"Tháng 2"},{"$i":"month-2-genitive","$v":"Tháng 3"},{"$i":"month-3-genitive","$v":"Tháng 4"},{"$i":"month-4-genitive","$v":"Tháng 5"},{"$i":"month-5-genitive","$v":"Tháng 6"},{"$i":"month-6-genitive","$v":"Tháng 7"},{"$i":"month-7-genitive","$v":"Tháng 8"},{"$i":"month-8-genitive","$v":"Tháng 9"},{"$i":"month-9-genitive","$v":"Tháng 10"},{"$i":"month-10-genitive","$v":"Tháng 11"},{"$i":"month-11-genitive","$v":"Tháng 12"},{"$i":"month-0-short","$v":"Tháng 1"},{"$i":"month-1-short","$v":"Tháng 2"},{"$i":"month-2-short","$v":"Tháng 3"},{"$i":"month-3-short","$v":"Tháng 4"},{"$i":"month-4-short","$v":"Tháng 5"},{"$i":"month-5-short","$v":"Tháng 6"},{"$i":"month-6-short","$v":"Tháng 7"},{"$i":"month-7-short","$v":"Tháng 8"},{"$i":"month-8-short","$v":"Tháng 9"},{"$i":"month-9-short","$v":"Tháng 10"},{"$i":"month-10-short","$v":"Tháng 11"},{"$i":"month-11-short","$v":"Tháng 12"},{"$i":"minutes-ago-long","$v":{"few":[{"t":"idOrVar","v":"value"}," phút trước"],"many":[{"t":"idOrVar","v":"value"}," phút trước"],"one":"một phút trước","other":[{"t":"idOrVar","v":"value"}," phút trước"],"two":[{"t":"idOrVar","v":"value"}," phút trước"],"zero":"ngay bây giờ"},"$x":[{"t":"idOrVar","v":"plural"},"value"]},{"$i":"hours-ago-long","$v":{"few":[{"t":"idOrVar","v":"value"}," giờ trước"],"many":[{"t":"idOrVar","v":"value"}," giờ trước"],"one":"giờ trước","other":[{"t":"idOrVar","v":"value"}," giờ trước"],"two":[{"t":"idOrVar","v":"value"}," giờ trước"],"zero":"ngay bây giờ"},"$x":[{"t":"idOrVar","v":"plural"},"value"]},{"$i":"days-ago-long","$v":{"few":[{"t":"idOrVar","v":"value"}," ngày trước"],"many":[{"t":"idOrVar","v":"value"}," ngày trước"],"one":"hôm qua","other":[{"t":"idOrVar","v":"value"}," ngày trước"],"two":[{"t":"idOrVar","v":"value"}," ngày trước"],"zero":"hôm nay"},"$x":[{"t":"idOrVar","v":"plural"},"value"]},{"$i":"weeks-ago-long","$v":{"few":[{"t":"idOrVar","v":"value"}," tuần trước"],"many":[{"t":"idOrVar","v":"value"}," tuần trước"],"one":"tuần trước","other":[{"t":"idOrVar","v":"value"}," tuần trước"],"two":[{"t":"idOrVar","v":"value"}," tuần trước"],"zero":"tuần này"},"$x":[{"t":"idOrVar","v":"plural"},"value"]},{"$i":"months-ago-long","$v":{"few":[{"t":"idOrVar","v":"value"}," tháng trước"],"many":[{"t":"idOrVar","v":"value"}," tháng trước"],"one":"tháng trước","other":[{"t":"idOrVar","v":"value"}," tháng trước"],"two":[{"t":"idOrVar","v":"value"}," tháng trước"],"zero":"tháng này"},"$x":[{"t":"idOrVar","v":"plural"},"value"]},{"$i":"years-ago-long","$v":{"few":[{"t":"idOrVar","v":"value"}," năm trước"],"many":[{"t":"idOrVar","v":"value"}," năm trước"],"one":"năm ngoái","other":[{"t":"idOrVar","v":"value"}," năm trước"],"two":[{"t":"idOrVar","v":"value"}," năm trước"],"zero":"năm nay"},"$x":[{"t":"idOrVar","v":"plural"},"value"]},{"$i":"minutes-until-long","$v":{"few":["trong ",{"t":"idOrVar","v":"value"}," phút"],"many":["trong ",{"t":"idOrVar","v":"value"}," phút"],"one":"trong một phút","other":["trong ",{"t":"idOrVar","v":"value"}," phút"],"two":["trong ",{"t":"idOrVar","v":"value"}," phút"],"zero":"hiện tại"},"$x":[{"t":"idOrVar","v":"plural"},"value"]},{"$i":"hours-until-long","$v":{"few":["trong ",{"t":"idOrVar","v":"value"}," giờ"],"many":["trong ",{"t":"idOrVar","v":"value"}," giờ"],"one":"trong một giờ","other":["trong ",{"t":"idOrVar","v":"value"}," giờ"],"two":["trong ",{"t":"idOrVar","v":"value"}," giờ"],"zero":"hiện tại"},"$x":[{"t":"idOrVar","v":"plural"},"value"]},{"$i":"days-until-long","$v":{"few":["trong ",{"t":"idOrVar","v":"value"}," ngày"],"many":["trong ",{"t":"idOrVar","v":"value"}," ngày"],"one":"ngày mai","other":["trong ",{"t":"idOrVar","v":"value"}," ngày"],"two":["trong ",{"t":"idOrVar","v":"value"}," ngày"],"zero":"hôm nay"},"$x":[{"t":"idOrVar","v":"plural"},"value"]},{"$i":"weeks-until-long","$v":{"few":["trong ",{"t":"idOrVar","v":"value"}," tuần"],"many":["trong ",{"t":"idOrVar","v":"value"}," tuần"],"one":"tuần tới","other":["trong ",{"t":"idOrVar","v":"value"}," tuần"],"two":["trong ",{"t":"idOrVar","v":"value"}," tuần"],"zero":"tuần này"},"$x":[{"t":"idOrVar","v":"plural"},"value"]},{"$i":"months-until-long","$v":{"few":["trong ",{"t":"idOrVar","v":"value"}," tháng"],"many":["trong ",{"t":"idOrVar","v":"value"}," tháng"],"one":"tháng tiếp theo","other":["trong ",{"t":"idOrVar","v":"value"}," tháng"],"two":["trong ",{"t":"idOrVar","v":"value"}," tháng"],"zero":"tháng này"},"$x":[{"t":"idOrVar","v":"plural"},"value"]},{"$i":"years-until-long","$v":{"few":["trong ",{"t":"idOrVar","v":"value"}," năm"],"many":["trong ",{"t":"idOrVar","v":"value"}," năm"],"one":"năm tới","other":["trong ",{"t":"idOrVar","v":"value"}," năm"],"two":["trong ",{"t":"idOrVar","v":"value"}," năm"],"zero":"năm nay"},"$x":[{"t":"idOrVar","v":"plural"},"value"]},{"$i":"minutes-ago-short","$v":{"other":[{"t":"idOrVar","v":"value"}," tháng trước"],"zero":"ngay bây giờ"},"$x":[{"t":"idOrVar","v":"plural"},"value"]},{"$i":"hours-ago-short","$v":{"other":[{"t":"idOrVar","v":"value"}," giờ trước"],"zero":"ngay bây giờ"},"$x":[{"t":"idOrVar","v":"plural"},"value"]},{"$i":"days-ago-short","$v":{"other":[{"t":"idOrVar","v":"value"}," ngày trước"],"zero":"hôm nay"},"$x":[{"t":"idOrVar","v":"plural"},"value"]},{"$i":"minutes-until-short","$v":{"other":["trong ",{"t":"idOrVar","v":"value"},"m"],"zero":"hiện tại"},"$x":[{"t":"idOrVar","v":"plural"},"value"]},{"$i":"hours-until-short","$v":{"other":["trong ",{"t":"idOrVar","v":"value"}],"zero":"hiện tại"},"$x":[{"t":"idOrVar","v":"plural"},"value"]},{"$i":"days-until-short","$v":{"other":["in ",{"t":"idOrVar","v":"value"},"d"],"zero":"hôm nay"},"$x":[{"t":"idOrVar","v":"plural"},"value"]},{"$i":"incorrectDate","$v":"(ngày không chính xác)"},{"$i":"dateTimeFormat_%c","$v":"%a %b %e %Y %I:%M:%S %p"},{"$i":"dateTimeFormat_%x","$v":"%m/%d/%Y"},{"$i":"dateTimeFormat_%X","$v":"%I:%M:%S %p"},{"$i":"shortTimeFormat","$v":"%I:%M %p"},{"$i":"shortTimeFormat12","$v":"%I:%M %p"},{"$i":"shortTimeFormat24","$v":"%H:%M"},{"$i":"shortDateTimeFormat","$v":"%x %I:%M %p"},{"$i":"weekStartsOnMonday","$v":"0.0"},{"$i":"firstDayOfTheWeek","$v":"0.0"},{"$i":"time_am","$v":"AM"},{"$i":"time_pm","$v":"PM"}]