[{"$i":"setup-app-name-header","$v":"I-imeyili"},{"$i":"setup-empty-account-message","$v":"Awumiselwanga ukuthumela nokwamkela i-imeyili. Misela i-akhawunti ukuze ugqibezele esi senzo."},{"$i":"setup-pick-service","$v":"Ukuze uthumele kwaye wamkele i-imeyili, kuza kufuneka umisele i-akhawunti."},{"$i":"setup-account-header3","$v":"Login Account"},{"$i":"setup-account-password","$v":"Ipasiwedi"},{"$i":"setup-info-next","$v":"Elandelayo"},{"$i":"setup-progress-wait-msg","$v":"Imisela i-akhawunti"},{"$i":"setup-sync-progress-wait-msg","$v":"Ukuvumelanisa iakhawunti"},{"$i":"setup-completed-header","$v":"Halala!"},{"$i":"setup-completed-label","$v":"Ugqibile!"},{"$i":"setup-add-another-account","$v":"Faka enye i-akhawunti"},{"$i":"setup-show-mail","$v":"Qhubeka uye kwi-Imeyili"},{"$i":"setup-done-add","$v":"Faka iAkhawunti"},{"$i":"setup-error-offline","$v":"Esi sixhobo asikho kwi-intanethi ngoku. Nxibelelana nenetwekhi uze uzame kwakhona."},{"$i":"setup-error-bad-user-or-pass2","$v":"Igama lomsebenzisi okanye ipaswedi engalunganga. Khangela iimpazamo."},{"$i":"setup-error-bad-address","$v":"Idilesi ye-imeyili engalunganga. Khangela iimpazamo."},{"$i":"setup-error-not-authorized","$v":"Ngokwakwiseva, awugunyaziswanga ukuba udale i-akhawunti."},{"$i":"setup-error-pop-server-not-great","$v":"Iseva ayixhaswa. Iseva ye-POP3 ayizenzi ezi fitsha zifunekayo."},{"$i":"setup-error-unknown2","$v":"Kwenzeke impazamo engaziwayo. Jonga unxibelelwano lwakho lwenetwekhi okanye zama okunokukhethwa ngolwakhelo lwesandla."},{"$i":"setup-error-needs-app-pass","$v":"Kumele usebenzise ipaswedi eyenzelwe kanye loo app ngee-akhawunti zika-Gmail ezinee-factor ezimbini"},{"$i":"setup-error-imap-disabled","$v":"Kumele uvule i-IMAP ye-akhawunti yakho ka-Gmail"},{"$i":"setup-error-pop3-disabled","$v":"Kumele uvule i-POP3 ye-akhawunti yakho ye-Gmail"},{"$i":"setup-error-bad-security","$v":["Ayikwazi ukufumana unxibelelwano olukhuselekileyo ne- \"",{"t":"idOrVar","v":"server"},"\". Kusenokubakho ingxaki nenetwekhi okanye neseva yakho."]},{"$i":"setup-error-unresponsive-server","$v":["Ayikwazi ukumisela unxibelelwano ne- \"",{"t":"idOrVar","v":"server"},"\". Kusenokubakho ingxaki nenetwekhi."]},{"$i":"setup-error-server-problem","$v":["Kukho ingxaki neseva \"",{"t":"idOrVar","v":"server"},"\". Zama kwakhona kamva."]},{"$i":"setup-error-no-config-info","$v":"Ayikwazi ukwakhela i-akhawunti yakho ngokuzenzekelayo. Lungisa idilesi yakho ye-imeyili okanye zama okunokukhethwa ngolwakhelo lwesandla."},{"$i":"setup-error-server-maintenance","$v":["Iseva \"",{"t":"idOrVar","v":"server"},"\" ayikho kwi-intanethi ukwenzela ulondolozo. Zama kwakhona kamva."]},{"$i":"setup-error-account-already-exists","$v":"Le akhawunti sele yakhelwe."},{"$i":"setup-manual-config2","$v":"Phucukileyo"},{"$i":"setup-manual-config-header","$v":"Login Account"},{"$i":"setup-manual-account-type-header","$v":"Uhlobo lwe-Akhawunti"},{"$i":"setup-manual-account-type","$v":"Uhlobo lwe-Akhawunti"},{"$i":"setup-manual-account-type-select","ariaLabel":"Uhlobo lwe-Akhawunti"},{"$i":"setup-manual-imap-header","$v":"Iisethingi ze-IMAP"},{"$i":"setup-manual-pop3-header","$v":"Iisethingi ze-POP3"},{"$i":"setup-manual-smtp-header","$v":"Iisethingi ze-SMTP"},{"$i":"setup-manual-activesync-header","$v":"Iisethingi zoNgmanisoOlusebenzayo"},{"$i":"setup-manual-next","$v":"Okulandelayo"},{"$i":"setup-manual-socket","$v":"Uhlobo lweSokethi"},{"$i":"setup-manual-socket-ssl","$v":"I-SSL"},{"$i":"setup-manual-socket-starttls","$v":"I-STARTTLS"},{"$i":"setup-manual-socket-select","ariaLabel":"Ukhuseleko lonxibelelwano"},{"$i":"setup-manual-socket-plain","$v":"Ayikhowudwanga"},{"$i":"setup-bad-password-header","$v":"Ipaswedi engalunganga!"},{"$i":"setup-bad-password","$v":"Ayikwazanga kungena kwiseva. Nceda uphinde uzame ipaswedi."},{"$i":"setup-new-password","placeholder":"Ipaswedi entsha"},{"$i":"setup-fix-password","$v":"Phinda uzame ipaswedi entsha"},{"$i":"setup-gmail-twofactor-header","$v":"Kuvulwe ii-Factor eZimbini"},{"$i":"setup-gmail-twofactor-message","$v":"Kufuneka ufake ipaswedi eyenzelwe kanye loo aplikheshini apha ngezantsi."},{"$i":"setup-gmail-imap-header","$v":"I-IMAP iValiwe"},{"$i":"setup-gmail-imap-message","$v":"Kumele uvule i-IMAP kwi-akhawunti yakho ka-Gmail"},{"$i":"setup-gmail-retry","$v":"Zama kwakhona"},{"$i":"setup-gmail-pop3-header","$v":"I-POP3 iValiwe"},{"$i":"setup-gmail-pop3-message","$v":"Kumele uvule i-POP3 kwi-akhawunti yakho ka-Gmail"},{"$i":"setup-fix-oauth2-header","$v":"Phinda ugunyazise i-imeyili"},{"$i":"setup-fix-oauth2-description","$v":"I-imeyili kufuneka iphinde igunyaziswe kwakhona ukuze ungene kule akhawunti ilandelayo:"},{"$i":"setup-fix-oauth2-reauthorize","$v":"Phinda ugunyazise"},{"$i":"settings-main-header","$v":"Iisethingi ze-Imeyili"},{"$i":"settings-sub-header-account","$v":"Akhawunti"},{"$i":"settings-account-group","ariaLabel":"I-Akhawunti"},{"$i":"settings-account-name","$v":"Igama Lakho"},{"$i":"settings-account-label","$v":"Ilebhuli ye-akhawunti"},{"$i":"settings-account-display-notifications","$v":"Bonisa iZaziso ze-Imeyili eNtsha"},{"$i":"settings-account-play-sound-onsend","$v":"Dlala uMculo emva kokuThunyelwa koMyalezo"},{"$i":"settings-account-signature-label","$v":"Utyikityo"},{"$i":"settings-sub-header-data","$v":"Idatha"},{"$i":"settings-data-group","ariaLabel":"Idatha"},{"$i":"settings-account-check-mail","$v":"Khangela iMiyalezo eMitsha"},{"$i":"settings-account-check-mail-select","ariaLabel":"Khangela iMiyalezo eMitsha"},{"$i":"settings-sub-header-server","$v":"Iisethingi zeSeva"},{"$i":"settings-server-group","ariaLabel":"Iisethingi zeseva"},{"$i":"settings-account-userpass","$v":"Umsebenzisi nePaswedi"},{"$i":"settings-account-useroauth2","$v":"Umsebenzisi"},{"$i":"settings-default-signature-2","$v":"Ithunyelwe ngefowuni yam"},{"$i":"settings-done","$v":"Yenziwe"},{"$i":"settings-account-section","$v":"Ii-Akhawunti"},{"$i":"settings-account-listbox","ariaLabel":"Ii-Akhawunti"},{"$i":"settings-account-add","$v":"Faka"},{"$i":"settings-account-delete","$v":"Cima i-akhawunti"},{"$i":"settings-account-delete-prompt","$v":["Uqinisekile ufuna ukucima i-akhawunti yakho ye-imeyili ",{"t":"idOrVar","v":"account"},"?"]},{"$i":"settings-account-delete-desc","$v":"Uza kuphinda ukhuphele i-imeyili yakho ukuba uphinda ukudalwa kwe-akhawunti."},{"$i":"settings-account-delete-cancel","$v":"Rhoxisa"},{"$i":"settings-account-delete-confirm","$v":"Cima"},{"$i":"settings-account-clarify","$v":[{"t":"idOrVar","v":"account-name"}]},{"$i":"settings-account-clarify-imap","$v":[{"t":"idOrVar","v":"account-name"}," (IMAP)"]},{"$i":"settings-account-clarify-pop3","$v":[{"t":"idOrVar","v":"account-name"}," (POP3)"]},{"$i":"settings-account-clarify-smtp","$v":[{"t":"idOrVar","v":"account-name"}," (SMTP)"]},{"$i":"settings-general-section","$v":"Iisethingi jikelele"},{"$i":"settings-show-images","$v":"Hlala ubonisa imifanekiso"},{"$i":"settings-download-attachments","$v":"Khuphela izihlomelo"},{"$i":"settings-check-every-5min","$v":"Rhoqo kwiMizuzu emi-5"},{"$i":"settings-check-every-10min","$v":"Rhoqo kwiMizuzu eli-10"},{"$i":"settings-check-every-15min","$v":"Rhoqo kwiMizuzu eli-15"},{"$i":"settings-check-every-30min","$v":"Rhoqo kwiMizuzu engama-30"},{"$i":"settings-check-every-60min","$v":"Rhoqo ngeYure"},{"$i":"settings-check-every-manual","$v":"Ngezandla"},{"$i":"settings-check-dynamic","$v":{"few":["Imizuzwana ",{"t":"idOrVar","v":"n"}],"many":["Imizuzwana ",{"t":"idOrVar","v":"n"}],"one":["Umzuzwana ",{"t":"idOrVar","v":"n"}],"other":["Imizuzwana ",{"t":"idOrVar","v":"n"}],"two":["Imizuzwana ",{"t":"idOrVar","v":"n"}],"zero":"ivaliwe"},"$x":[{"t":"idOrVar","v":"plural"},"n"]},{"$i":"settings-default-account","$v":"Seta njenge-Imeyili eziNgenelayo"},{"$i":"settings-account-type","$v":"Uhlobo lwe-Akhawunti"},{"$i":"settings-account-credentials","$v":"Iimpepha"},{"$i":"settings-activesync-label","$v":"Iisethingi zoNgqamisoOlusebenzayo"},{"$i":"settings-imap-label","$v":"Iisethingi ze-IMAP"},{"$i":"settings-pop3-label","$v":"Iisethingi ze-POP3"},{"$i":"settings-smtp-label","$v":"Iisethingi ze-SMTP"},{"$i":"settings-hostname","$v":"Igamalehowusti"},{"$i":"settings-port","$v":"Iphothi"},{"$i":"settings-username","$v":"Umsebenzisi"},{"$i":"settings-password","$v":"Ipaswedi"},{"$i":"settings-save","$v":"Gcina"},{"$i":"password-saved","$v":"Iphasiwedi igcinwe."},{"$i":"settings-reauth","$v":"Phinda ugunyazise"},{"$i":"settings-account-synchronize-window","$v":"Iintsuku zokuNgqamanisa"},{"$i":"settings-account-synchronize-window-select","ariaLabel":"Iintsuku zokuNgqamanisa"},{"$i":"settings-synchronize-auto","$v":"Iyazenzekela"},{"$i":"settings-synchronize-one-day","$v":"Usuku olu-1"},{"$i":"settings-synchronize-three-days","$v":"Iintsuku ezi-3"},{"$i":"settings-synchronize-one-week","$v":"Iveki e-1"},{"$i":"settings-synchronize-two-weeks","$v":"Iiveki ezi-2"},{"$i":"settings-synchronize-one-month","$v":"Inyanga e-1"},{"$i":"settings-synchronize-all","$v":"Yonke iMiyalezo"},{"$i":"envelope-from","$v":"Ivela"},{"$i":"envelope-to","$v":"Iya"},{"$i":"envelope-cc","$v":"I-Cc"},{"$i":"envelope-bcc","$v":"I-Bcc"},{"$i":"message-header-state-sending","ariaLabel":"Ukuthumela"},{"$i":"message-header-state-error","ariaLabel":"Impazamo yokuthumela"},{"$i":"message-header-unread","ariaLabel":"Yekisa u-ifundiwe"},{"$i":"message-header-reply","ariaLabel":"Phendula"},{"$i":"message-header-forward","ariaLabel":"Gqithisa"},{"$i":"message-header-starred","ariaLabel":"Inenkwenkwezi"},{"$i":"message-header-attachments","ariaLabel":"Inezihlomelo"},{"$i":"message-body-container","ariaLabel":"Isiqu somyalezo"},{"$i":"message-body-container-progress","ariaValueText":"Iyalayisha"},{"$i":"subject","ariaLabel":"Umba"},{"$i":"attachments-container","ariaLabel":"Izihlomelo"},{"$i":"from-group","ariaLabel":"Ivela"},{"$i":"to-group","ariaLabel":"Iya"},{"$i":"cc-group","ariaLabel":"I-CC"},{"$i":"bcc-group","ariaLabel":"I-BCC"},{"$i":"compose-header","$v":"Yila umyalezo"},{"$i":"compose-header-short","$v":"Yila"},{"$i":"compose-send","$v":"Thumela"},{"$i":"compose-send-button","ariaLabel":"Thumela"},{"$i":"compose-to","$v":"Iya"},{"$i":"compose-cc","$v":"I-Cc"},{"$i":"compose-bcc","$v":"I-Bcc"},{"$i":"compose-cc-remove","$v":"Uluhlu lwe-cc lushenxisiwe."},{"$i":"compose-bcc-remove","$v":"Uluhlu lwe-bcc lushenxisiwe."},{"$i":"compose-contact-add","ariaLabel":"Faka umqhagamshelwa"},{"$i":"compose-attachments","$v":{"few":["Izihlomelo (",{"t":"idOrVar","v":"n"},")"],"many":["Izihlomelo (",{"t":"idOrVar","v":"n"},")"],"one":["Isihlomelo (",{"t":"idOrVar","v":"n"},")"],"other":["Izihlomelo (",{"t":"idOrVar","v":"n"},")"],"two":["Izihlomelo (",{"t":"idOrVar","v":"n"},")"],"zero":"Isihlomelo"},"$x":[{"t":"idOrVar","v":"plural"},"n"]},{"$i":"compose-text","ariaLabel":"Hlela"},{"$i":"compose-attachment-still-working","$v":"Kancinci nje, isasebenza isihlomelo sangaphambili..."},{"$i":"compose-attachment-loading","$v":"Ukulayisha isinamathiselo ..."},{"$i":"compose-attachments-loading","$v":"Ukulayisha okunamathiselweyo ..."},{"$i":"compose-forward-attachment-error-title","$v":"Ukhuphelo lusilele."},{"$i":"compose-forward-attachment-error-title2","$v":"Impazamo"},{"$i":"compose-forward-attachment-unable-load","$v":"Ayikwazi ukulayishwa ifayile ekhaphayo"},{"$i":"compose-forward-attachments-unable-load","$v":"Ayikwazi ukulayisha ifayile ekhaphayo"},{"$i":"compose-forward-attachment-load-error","$v":"Ezinye iifayile ezikhaphayo azikwazanga ukulayishwa."},{"$i":"confirmation-title","$v":"Isiqinisekiso"},{"$i":"compose-subject","$v":"Umba"},{"$i":"compose-draft-save","$v":"Seyiva kuYilo lwaSekhaya?"},{"$i":"compose-discard-confirm","$v":"Lahla"},{"$i":"compose-draft-dialog-cancel","$v":"Rhoxisa"},{"$i":"compose-draft-dialog-save","$v":"Gcina"},{"$i":"composer-draft-saved","$v":"Umyalelo useyivwe kwiiDrafti zaSekhaya"},{"$i":"attention","$v":"Qaphela"},{"$i":"compose-send-message-failed","$v":"Ukuthumela i-imeyile kuphanzile"},{"$i":"compose-attchment-size-exceeded","$v":"Esi sihlomelo sikhethiweyo sikhulu kakhulu ukuba singathunyelwa nalo myalezo."},{"$i":"compose-attchments-size-exceeded","$v":"Ezi zihlomelo zikhethiweyo zikhulu kakhulu ukuba zingathunyelwa nalo myalezo. Zama ukukhetha iifayile ezimbalwa."},{"$i":"composer-attachment-large-title","$v":"Isayizi yeFayile Inkulu Kakhulu"},{"$i":"default-attachment-filename","$v":["isihlomelo",{"t":"idOrVar","v":"n"}]},{"$i":"attachment-size-meb","$v":[{"t":"idOrVar","v":"megabytes"}," MB"]},{"$i":"attachment-size-kib","$v":[{"t":"idOrVar","v":"kilobytes"}," KB"]},{"$i":"attachment-size-byte","$v":[{"t":"idOrVar","v":"bytes"}," B"]},{"$i":"message-attachment-view","$v":"Inkangeleko"},{"$i":"message-attachment-did-not-open-label","$v":"Ayinakho ukuvula"},{"$i":"message-attachment-did-not-open-body","$v":"Isixhobo asinayo i-app enokuvula esi sihlomelo."},{"$i":"message-attachment-too-large","$v":"Le fayile inkulu kakhulu ukuba ingakhutshelwa."},{"$i":"message-attachment-not-found","$v":"Ayikwazi kufumana ifayile enanyathiselweyo, ingabe icinyiwe."},{"$i":"message-attachment-download-fail","$v":[{"t":"idOrVar","v":"fileName"}," -Ukhuphelo aluphumelelanga"]},{"$i":"message-no-subject","$v":"(akukho mba)"},{"$i":"message-edit-menu-edit","$v":"Hela"},{"$i":"message-edit-menu-delete","$v":"Cima"},{"$i":"message-edit-delete-confirm","$v":"Cima umyalezo we-imeyili?"},{"$i":"message-forward-attachment-title","$v":"Isihlomelo"},{"$i":"message-forward-attachment","$v":"Ufuna ukuthumela ifayile ekhaphayo nayo?"},{"$i":"message-forward-attachments","$v":"Ufuna ukuthumela ifayile ekhaphayo nayo?"},{"$i":"message-multiedit-header","$v":{"few":[{"t":"idOrVar","v":"n"}," khethiweyo"],"many":[{"t":"idOrVar","v":"n"}," khethiweyo"],"one":[{"t":"idOrVar","v":"n"}," khethiweyo"],"other":[{"t":"idOrVar","v":"n"}," khethiweyo"],"two":[{"t":"idOrVar","v":"n"}," khethiweyo"],"zero":[{"t":"idOrVar","v":"n"}," khethiweyo"]},"$x":[{"t":"idOrVar","v":"plural"},"n"]},{"$i":"message-multiedit-search-header","$v":{"few":[{"t":"idOrVar","v":"n"}," khethiweyo"],"many":[{"t":"idOrVar","v":"n"}," khethiweyo"],"one":[{"t":"idOrVar","v":"n"}," khethiweyo"],"other":[{"t":"idOrVar","v":"n"}," khethiweyo"],"two":[{"t":"idOrVar","v":"n"}," khethiweyo"],"zero":"0 khethiwe"},"$x":[{"t":"idOrVar","v":"plural"},"n"]},{"$i":"browse-to-url-prompt","$v":["Bhrawuza uye kwi-URL?: ",{"t":"idOrVar","v":"url"}]},{"$i":"message-download-images-tap","$v":{"few":["Le imeyili iqulathe imifanekiso ",{"t":"idOrVar","v":"n"},". Chwetha ukuze ukhuphele."],"many":["Le imeyili iqulathe imifanekiso ",{"t":"idOrVar","v":"n"},". Chwetha ukuze ukhuphele."],"one":"Le imeyili iqulathe umfanekiso omnye. Chwetha ukuze ukhuphele.","other":["Le imeyili iqulathe imifanekiso ",{"t":"idOrVar","v":"n"},". Chwetha ukuze ukhuphele."],"two":["Le imeyili iqulathe imifanekiso ",{"t":"idOrVar","v":"n"},". Chwetha ukuze ukhuphele."]},"$x":[{"t":"idOrVar","v":"plural"},"n"]},{"$i":"message-show-external-images","$v":"Bonisa imifanekiso yangaphandle"},{"$i":"message-delete-cancel","$v":"Rhixisa"},{"$i":"message-multiedit-delete-confirm","$v":{"few":["Cima ",{"t":"idOrVar","v":"n"}," imiyalezo?"],"many":["Cima ",{"t":"idOrVar","v":"n"}," imiyalezo?"],"one":"Cima umyalezo okhethiweyo?","other":["Cima ",{"t":"idOrVar","v":"n"}," imiyalezo?"],"two":["Cima ",{"t":"idOrVar","v":"n"}," imiyalezo?"]},"$x":[{"t":"idOrVar","v":"plural"},"n"]},{"$i":"message-large-message-cancel","$v":"Rhoxisa"},{"$i":"message-large-message-ok","$v":"Qhubeka"},{"$i":"message-large-message-confirm","$v":"Lo myalezo mkhulu kwaye usenokuthatha ixesha ukukhutshelwa."},{"$i":"message-large-message-warning","$v":"Umyalezo mde kakhulu ukulayishwa."},{"$i":"message-search-header","$v":"Khangela"},{"$i":"search-result","$v":[{"t":"idOrVar","v":"num"}," eHambelanayo iFunyenwe"]},{"$i":"message-search-from","$v":"Ivela"},{"$i":"message-search-to","$v":"Iya"},{"$i":"message-search-subject","$v":"Umba"},{"$i":"message-search-body","$v":"Isiqu"},{"$i":"message-search-all","$v":"Bonke"},{"$i":"message-search-input","placeholder":"Khangela i-Imeyili"},{"$i":"message-search-cancel","$v":"Rhoxisa"},{"$i":"messages-syncing","$v":"Ilayisha iMiyalezo"},{"$i":"messages-syncing-progressbar","ariaValueText":"Ilayisha iMiyalezo"},{"$i":"messages-load-more","$v":"Layisha iMiyalezo eYongezelelweyo"},{"$i":"messages-folder-empty","$v":"Akukho imeyili kule folda"},{"$i":"messages-search-empty","$v":"Akukho zihambelanayo kwimiyalezo efihlwe kwalapha"},{"$i":"messages-folder-select","$v":"Fudusela kwiFolda"},{"$i":"messages-folder-unread-max","$v":"999+"},{"$i":"message-contact-menu-create","$v":"Seyiva umqhagamshelwa omtsha"},{"$i":"message-contact-menu-add-existing","$v":"Faka kumqhagamshelwa osele ekhona"},{"$i":"message-contact-menu-view","$v":"Jonga umqhagamshelwa"},{"$i":"message-contact-menu-reply","$v":"Phendula"},{"$i":"message-contact-menu-new","$v":"Thumela i-meyili entsha"},{"$i":"message-reply-menu-reply","$v":"Phendula"},{"$i":"message-reply-menu-reply-all","$v":"Phendula Bonke"},{"$i":"message-reply-menu-forward","$v":"Gqithisa"},{"$i":"message-reply-menu-cancel","$v":"Rhoxisa"},{"$i":"reply-quoting-wrote","$v":"{name} ubhale"},{"$i":"forward-original-message","$v":"Umyalezo woqobo"},{"$i":"forward-header-subject","$v":"Umba"},{"$i":"forward-header-date","$v":"Umhla"},{"$i":"forward-header-from","$v":"Ivela"},{"$i":"forward-header-reply-to","$v":"Phendula ku"},{"$i":"forward-header-to","$v":"Iya"},{"$i":"forward-header-cc","$v":"I-Cc"},{"$i":"folder-inbox","$v":"i-Inbhoksi"},{"$i":"folder-sent","$v":"Ithunyelwe"},{"$i":"folder-drafts","$v":"Iidrafti"},{"$i":"folder-trash","$v":"Inkunkuma"},{"$i":"folder-queue","$v":"Engathunyelwanga"},{"$i":"folder-junk","$v":"I-Junk"},{"$i":"folder-archives","$v":"Oovimba bezindala"},{"$i":"folder-localdrafts","$v":"Iidrafti zaSekhaya"},{"$i":"folder-outbox","$v":"I-Awutbhoksi"},{"$i":"drawer-back","$v":"Emva"},{"$i":"drawer-accounts-header","$v":"Ii-Akhawunti"},{"$i":"drawer-settings-link","$v":"Iisethingi"},{"$i":"folder-last-synced-label","$v":"Ungqamaniso lokugqibela:"},{"$i":"messages-refresh-progress","ariaValueText":"Iqalisa ngokutsha"},{"$i":"no-internet-connection","$v":"Akukho qhakamshelo lwa-intanethi."},{"$i":"toaster-undo","$v":"Yekisa"},{"$i":"toaster-message-star","$v":{"few":[{"t":"idOrVar","v":"n"}," imiyalezo eflegiweyo"],"many":[{"t":"idOrVar","v":"n"}," imiyalezo eflegiweyo"],"one":"Umyalezo eflegiweyo","other":[{"t":"idOrVar","v":"n"}," imiyalezo eflegiweyo"],"two":[{"t":"idOrVar","v":"n"}," imiyalezo eflegiweyo"]},"$x":[{"t":"idOrVar","v":"plural"},"n"]},{"$i":"toaster-message-unstar","$v":{"few":[{"t":"idOrVar","v":"n"}," imiyalezo eflegwe njengesusiweyo"],"many":[{"t":"idOrVar","v":"n"}," imiyalezo eflegwe njengesusiweyo"],"one":"Umyalezo oflegwe njengosusiweyo","other":[{"t":"idOrVar","v":"n"}," imiyalezo eflegwe njengesusiweyo"],"two":[{"t":"idOrVar","v":"n"}," imiyalezo eflegwe njengesusiweyo"]},"$x":[{"t":"idOrVar","v":"plural"},"n"]},{"$i":"toaster-message-read","$v":{"few":[{"t":"idOrVar","v":"n"}," imiyalezo ephawulwe njengefundiweyo"],"many":[{"t":"idOrVar","v":"n"}," imiyalezo ephawulwe njengefundiweyo"],"one":"Umyalezo ophawulwe njengofundiweyo","other":[{"t":"idOrVar","v":"n"}," imiyalezo ephawulwe njengefundiweyo"],"two":[{"t":"idOrVar","v":"n"}," imiyalezo ephawulwe njengefundiweyo"]},"$x":[{"t":"idOrVar","v":"plural"},"n"]},{"$i":"toaster-message-unread","$v":{"few":[{"t":"idOrVar","v":"n"}," imiyalezo ephawulwe njengengafundwanga"],"many":[{"t":"idOrVar","v":"n"}," imiyalezo ephawulwe njengengafundwanga"],"one":"Umyalezo ophawulwe njengongafundwanga","other":[{"t":"idOrVar","v":"n"}," imiyalezo ephawulwe njengengafundwanga"],"two":[{"t":"idOrVar","v":"n"}," imiyalezo ephawulwe njengengafundwanga"]},"$x":[{"t":"idOrVar","v":"plural"},"n"]},{"$i":"toaster-message-move","$v":{"few":[{"t":"idOrVar","v":"n"}," imiyalezo efuduselwe kwifolda:"],"many":[{"t":"idOrVar","v":"n"}," imiyalezo efuduselwe kwifolda:"],"one":"Umyalezo ufuduselwe kwifolda:","other":[{"t":"idOrVar","v":"n"}," imiyalezo efuduselwe kwifolda:"],"two":[{"t":"idOrVar","v":"n"}," imiyalezo efuduselwe kwifolda:"]},"$x":[{"t":"idOrVar","v":"plural"},"n"]},{"$i":"toaster-message-delete","$v":{"few":[{"t":"idOrVar","v":"n"}," ii-imeyili ezicinyiweyo"],"many":[{"t":"idOrVar","v":"n"}," ii-imeyili ezicinyiweyo"],"one":"I-1 i-imeyili ecinyiweyo","other":[{"t":"idOrVar","v":"n"}," ii-imeyili ezicinyiweyo"],"two":[{"t":"idOrVar","v":"n"}," ii-imeyili ezicinyiweyo"]},"$x":[{"t":"idOrVar","v":"plural"},"n"]},{"$i":"toaster-sync-failed","$v":"Ayikwazi ukuqhakamshela kwiseva."},{"$i":"compose-invalid-addresses-title","$v":"Iidilesi ezingalunganga"},{"$i":"compose-invalid-addresses-description","$v":"Umyalezo wakho uqulathe idilesi ye-imeyile engalunganga enye okanye ngaphezulu. Nceda uzilungise ngaphambi kokuthumela."},{"$i":"background-send-pending","$v":"Inetwekhi ayifumaneki. I-imeyili ifunyenwe kwi-awutbhoksi."},{"$i":"background-send-sending","$v":"Ithumela i-imeyili…"},{"$i":"background-send-success","$v":"I-imeyili ithunyelwe."},{"$i":"background-send-error","$v":"Kwenzeke impazamo. I-imeyili iseyivwe kwi-awutbhoksi."},{"$i":"background-send-error-recipients","$v":"Impazamo yomamkeli. I-imeyili iseyivwe kwi-awutbhoksi."},{"$i":"background-send-error-title","$v":"I-imeyili iphanzile ukuthunyelwa"},{"$i":"send-failure-recipients","$v":"Hlola ukupelwa kwezi dilesi zingentla. Iseva ye-imeyili yakho ibonise ukuba idilesi enye okanye ngaphezulu kwezi zingentla ayichanekanga."},{"$i":"send-failure-unknown","$v":"Lo myalezo awukwazanga ukuthunyelwa."},{"$i":"form-clear-input","$v":"Susa imibhalo"},{"$i":"confirm-dialog-title","$v":"Isiqinisekiso"},{"$i":"confirm-dialog-ok","$v":"Kulungile"},{"$i":"msg-display-subject","$v":"Umba"},{"$i":"msg-reader-display-attachments","$v":"Izihlomelo"},{"$i":"msg-reader-display-attachment","$v":"Isihlomelo"},{"$i":"msg-reader-download-external-images","$v":["Khuphela imifanekiso yangaphandle (",{"t":"idOrVar","v":"n"}," MB)"]},{"$i":"msg-reader-sender-header","$v":"Ivela"},{"$i":"msg-reader-recipients-header","$v":"Abamkeli"},{"$i":"msg-reader-cc-header","$v":"I-Cc"},{"$i":"msg-reader-bcc-header","$v":"I-Bcc"},{"$i":"msg-reader-message-flagged","$v":"Umyalezo uneflegi"},{"$i":"msg-reader-flag-removed","$v":"Iflegi isusiwe"},{"$i":"external-image-downloading","$v":"Iyakhuphela..."},{"$i":"senders-separation-sign","$v":", "},{"$i":"new-messages","$v":{"few":["Imiyalezo eMitsha ",{"t":"idOrVar","v":"n"}],"many":["Imiyalezo eMitsha ",{"t":"idOrVar","v":"n"}],"one":"Umyalezo oMtsha om-1","other":["Imiyalezo eMitsha ",{"t":"idOrVar","v":"n"}],"two":["Imiyalezo eMitsha ",{"t":"idOrVar","v":"n"}]},"$x":[{"t":"idOrVar","v":"plural"},"n"]},{"$i":"new-emails-notify-one-account","$v":{"few":[{"t":"idOrVar","v":"n"}," Ii-imeyili eziNtsha"],"many":[{"t":"idOrVar","v":"n"}," Ii-imeyili eziNtsha"],"one":"I-imeyili eNtsha e-1","other":[{"t":"idOrVar","v":"n"}," Ii-imeyili eziNtsha"],"two":[{"t":"idOrVar","v":"n"}," Ii-imeyili eziNtsha"]},"$x":[{"t":"idOrVar","v":"plural"},"n"]},{"$i":"new-emails-notify-multiple-accounts","$v":{"few":[{"t":"idOrVar","v":"n"}," Ii-imeyili eziNtsha (",{"t":"idOrVar","v":"accountName"},")"],"many":[{"t":"idOrVar","v":"n"}," Ii-imeyili eziNtsha (",{"t":"idOrVar","v":"accountName"},")"],"one":["I-imeyili eNtsha e-1 (",{"t":"idOrVar","v":"accountName"},")"],"other":[{"t":"idOrVar","v":"n"}," Ii-imeyili eziNtsha (",{"t":"idOrVar","v":"accountName"},")"],"two":[{"t":"idOrVar","v":"n"}," Ii-imeyili eziNtsha (",{"t":"idOrVar","v":"accountName"},")"]},"$x":[{"t":"idOrVar","v":"plural"},"n"]},{"$i":"new-emails-notify-multiple-accounts-body","$v":[{"t":"idOrVar","v":"from"}," “",{"t":"idOrVar","v":"subject"},"”"]},{"$i":"tng-plain-socket-warning-title","$v":"Uqinisekile?"},{"$i":"tng-plain-socket-warning-message","$v":"Abanye abantu basenokukwazi ukubona ipaswedi yakho nee-imeyili okanye balawule i-akhawunti yakho."},{"$i":"tng-plain-socket-warning-message-options","$v":"Kukho ababoneleli abaninzi bee-imeyili ababonelela ngonxibelelwano olukhuseleke nangakumbi, olukhodiweyo."},{"$i":"tng-plain-socket-warning-ok","$v":"Ndiyaqonda"},{"$i":"message-reader-date-received","ariaLabel":"Yamkelwe"},{"$i":"sort-by-title","$v":"Imiswe nge"},{"$i":"sort-by-date","$v":"Umhla"},{"$i":"sort-by-from","$v":"Ivela"},{"$i":"sort-by-to","$v":"Iya"},{"$i":"sort-by-subject","$v":"Umba"},{"$i":"softkey-options","$v":"Okunokukhethwa"},{"$i":"opt-compose","$v":"Yila"},{"$i":"opt-reply","$v":"Phendula"},{"$i":"opt-reply-all","$v":"Phendula Bonke"},{"$i":"opt-forward","$v":"Gqithisa"},{"$i":"opt-mark-read","$v":"Phawula njengeFundiweyo"},{"$i":"opt-mark-unread","$v":"Phawula njengeNgafundwanga"},{"$i":"opt-add-flag","$v":"Faka iFlegi"},{"$i":"opt-remove-flag","$v":"Khetha iFlegi"},{"$i":"opt-move-message","$v":"Fudusela kwiFolda"},{"$i":"opt-delete-message","$v":"Cima"},{"$i":"opt-multi-select","$v":"Khetha eZininzi"},{"$i":"opt-search","$v":"Khangela"},{"$i":"opt-folders","$v":"Bona iiFolda"},{"$i":"opt-sort","$v":"Hlengahlengisa"},{"$i":"opt-sync","$v":"Ngqamanisa"},{"$i":"opt-account","$v":"Tshintsha i-Akhawunti"},{"$i":"opt-settings","$v":"Iisethingi"},{"$i":"opt-edit","$v":"Hlela"},{"$i":"opt-cancel","$v":"Rhoxisa"},{"$i":"opt-save","$v":"Seyiva"},{"$i":"opt-move","$v":"Fudusa"},{"$i":"opt-view","$v":"Bona"},{"$i":"opt-empty-trash","$v":"Lahla iNkunkuma"},{"$i":"opt-call-number","$v":"Fowuna"},{"$i":"opt-compose-mail","$v":"Ukubhala"},{"$i":"opt-open-url","$v":"Vula"},{"$i":"select-option-on","$v":"Ilayitile"},{"$i":"select-option-off","$v":"Icimile"},{"$i":"select-option-imap-smtp","$v":"I-IMAP+SMTP"},{"$i":"select-option-pop3-smtp","$v":"I-POP3+SMTP"},{"$i":"select-option-activesync","$v":"UngqamanisoOlusebenzayo"},{"$i":"toaster-switch-account","$v":"I-akhawunti ye-imeyili itshintshelwe ku-:"},{"$i":"toaster-sorted-by","$v":"Umyalezo umiswe nge-"},{"$i":"cmp-reply","$v":"Phendula"},{"$i":"cmp-reply-all","$v":"Phendula bonke"},{"$i":"cmp-forward","$v":"Gqithisa uMyalezo"},{"$i":"cmp-remove-attach","$v":"Isihlomelo siSusiwe"},{"$i":"select","$v":"Khetha"},{"$i":"deselect","$v":"Yekisa ukukhetha"},{"$i":"cancel","$v":"Rhoxisa"},{"$i":"enter","$v":"Ngena"},{"$i":"remove-attachment","$v":"Susa uQinisekiso"},{"$i":"replace-attachment","$v":"Thsintsha indawo yoQinisekiso"},{"$i":"add-attachment","$v":"Faka uQinisekiso"},{"$i":"add-contact","$v":"Faka umqhakamshelwa"},{"$i":"add-cc","$v":"Faka i-Cc"},{"$i":"remove-cc","$v":"Susa i-Cc"},{"$i":"add-bcc","$v":"Faka i-Bcc"},{"$i":"remove-bcc","$v":"Remove Bcc"},{"$i":"attachment-download","$v":"Khuphela"},{"$i":"attachment-share","$v":"Yabelana"},{"$i":"send-new-mail","$v":"Thumela i-Imeyili eNtsha"},{"$i":"view-contact","$v":"Bona uMqhagamshelwa"},{"$i":"save-new-contact","$v":"Seyiva uMqhagamshelwa oMtsha"},{"$i":"add-to-exsiting-contact","$v":"Faka kumQhakamshelwa Osele ekhona"},{"$i":"no","$v":"Hayi"},{"$i":"yes","$v":"Ewe"},{"$i":"retry","$v":"Zama kwakhona"},{"$i":"empty","$v":"Ayinanto"},{"$i":"empty-trash-confirm","$v":"Ufuna inkunkuma ingabinanto?"},{"$i":"trash-emptied","$v":"Inkunkuma ilahliwe"},{"$i":"next","$v":"Olandelayo"},{"$i":"welcome-header","$v":"I-imeyili"},{"$i":"welcome-msg","$v":"Wamkelekile kwi-Imeyili."},{"$i":"welcome-msg-setup","$v":"Cofa u-Elandelayo ukumisela i-akhawunti ye-imeyili."},{"$i":"discard","$v":"Lahla"},{"$i":"leave-this-page-warning-message","$v":"Unqwenela ukulahla iinkcukacha ze-akhawunti ye-imeyili?"},{"$i":"finish","$v":"Gqiba"},{"$i":"setup-done-msg","$v":"Ungene ngempumelelo. Ungathanda ukufaka enye i-akhawunti?"},{"$i":"save-as-draft","$v":"Seyiva NjengeDrafti"},{"$i":"show-password","$v":"Bonisa iPaswedi"},{"$i":"account-label","$v":"Ilebhuli ye-akhawunti"},{"$i":"folders","$v":"Iifolda"},{"$i":"security","$v":"Ukhuseleko"},{"$i":"port-number","$v":"Inombolo yePothi"},{"$i":"domain-username","$v":"Idomeyini\\umsebenzini"},{"$i":"synchronizing","$v":"Iyangqamanisa..."},{"$i":"browse-mail","$v":"Bhrawuza i-Imeyili"},{"$i":"never-sync","$v":"Ifolda yasekuhlaleni ayinakunqanyaniswa"},{"$i":"emptyDownloadFile","$v":"Ayikwazi ukukhuphela lefayile, ingangainanto"},{"$i":"sync","$v":"Ngqamanisa"},{"$i":"outbox-unsent-label","$v":{"few":[{"t":"idOrVar","v":"n"}," imiyalezo engathunyelwanga kwi-Awutbhoksi"],"many":[{"t":"idOrVar","v":"n"}," imiyalezo engathunyelwanga kwi-Awutbhoksi"],"one":"Um-1 umyalezo ongathunyelwanga kwi-Awutbhoksi","other":[{"t":"idOrVar","v":"n"}," imiyalezo engathunyelwanga kwi-Awutbhoksi"],"two":"Mi-2 imiyalezo engathunyelwanga kwi-Awutbhoksi"},"$x":[{"t":"idOrVar","v":"isininzi"},"n"]},{"$i":"storage-full-title","$v":"Uvimba uGcwele"},{"$i":"storage-full-warning","$v":"Ungacima ezinye iifayile zemidiya okanye idatha ye-aplikheshini ephetheyo ukuze ufumane izikhewu ezivulekileyo ezongezelelekileyo."},{"$i":"storage-full","$v":"Uvumba wefowuni ugcwele"},{"$i":"storage-sdcard-full","$v":"I-SD khadi igcwele."},{"$i":"view-address","$v":"Bona Idilesi"},{"$i":"mail-address-title","$v":"Idilesi yemeyile"},{"$i":"mail-address","$v":[{"t":"idOrVar","v":"address"}]},{"$i":"value-name","$v":[{"t":"idOrVar","v":"name"}]},{"$i":"account-deleted","$v":"Akhawunti isusiwe."},{"$i":"account-reEnable","$v":"I-akhawunti sele ikhona. Ufuna ukungqamanisa i-imeyile ye-akhawwunti?"},{"$i":"setup-account-usedInfo","$v":"Le akhawunti iza kusetyenziswa zii-app ezingezantsi. Ungakutshintsha oku kwiiSethingi>iiAkhawunti."},{"$i":"setup-account-settingsInfo","$v":"Nganye kwii-app inamaxesha asekiweyo okulungelelanisa angafaniyo, nceda jonga iisethingi ze-app."},{"$i":"app-calendar","$v":"Ikhalenda"},{"$i":"app-contacts","$v":"Abaqhakamshelwa"},{"$i":"app-email","$v":"Meyile"},{"$i":"weekday-0-long","$v":"Ngecawe"},{"$i":"weekday-1-long","$v":"NgoMvulo"},{"$i":"weekday-2-long","$v":"Lwesibini"},{"$i":"weekday-3-long","$v":"Lwesithathu"},{"$i":"weekday-4-long","$v":"Lwesine"},{"$i":"weekday-5-long","$v":"Lwesihlanu"},{"$i":"weekday-6-long","$v":"Mgqibelo"},{"$i":"weekday-0-short","$v":"Ca"},{"$i":"weekday-1-short","$v":"Mvu"},{"$i":"weekday-2-short","$v":"Lb"},{"$i":"weekday-3-short","$v":"Lt"},{"$i":"weekday-4-short","$v":"Ln"},{"$i":"weekday-5-short","$v":"Lh"},{"$i":"weekday-6-short","$v":"Mg"},{"$i":"month-0-long","$v":"EyoMqungu"},{"$i":"month-1-long","$v":"EyoMdumba"},{"$i":"month-2-long","$v":"EyoKwindla"},{"$i":"month-3-long","$v":"Tshazimpuzi"},{"$i":"month-4-long","$v":"UCanzibe"},{"$i":"month-5-long","$v":"Isilimela"},{"$i":"month-6-long","$v":"EyeKhala"},{"$i":"month-7-long","$v":"EyeThupha"},{"$i":"month-8-long","$v":"EyoMsintsi"},{"$i":"month-9-long","$v":"EyeDwarha"},{"$i":"month-10-long","$v":"EyeNkanga"},{"$i":"month-11-long","$v":"EyoMnga"},{"$i":"month-0-genitive","$v":"Januwari"},{"$i":"month-1-genitive","$v":"Februwari"},{"$i":"month-2-genitive","$v":"Matshi"},{"$i":"month-3-genitive","$v":"Tshazimpuzi"},{"$i":"month-4-genitive","$v":"Meyi"},{"$i":"month-5-genitive","$v":"Juni"},{"$i":"month-6-genitive","$v":"Julayi"},{"$i":"month-7-genitive","$v":"Agasti"},{"$i":"month-8-genitive","$v":"Septemba"},{"$i":"month-9-genitive","$v":"Oktobha"},{"$i":"month-10-genitive","$v":"Novemba"},{"$i":"month-11-genitive","$v":"Disemba"},{"$i":"month-0-short","$v":"Jan"},{"$i":"month-1-short","$v":"Feb"},{"$i":"month-2-short","$v":"Mat"},{"$i":"month-3-short","$v":"Tshaz"},{"$i":"month-4-short","$v":"Meyi"},{"$i":"month-5-short","$v":"Juni"},{"$i":"month-6-short","$v":"Julayi"},{"$i":"month-7-short","$v":"Agasti"},{"$i":"month-8-short","$v":"Sep"},{"$i":"month-9-short","$v":"Okto"},{"$i":"month-10-short","$v":"Nov"},{"$i":"month-11-short","$v":"Dis"},{"$i":"minutes-ago-long","$v":{"few":[{"t":"idOrVar","v":"value"}," imizuzu edlileyo"],"many":[{"t":"idOrVar","v":"value"}," imizuzu edlileyo"],"one":"Umzuzu odluleyo","other":[{"t":"idOrVar","v":"value"}," imizuzu edlileyo"],"two":[{"t":"idOrVar","v":"value"}," imizuzu edlileyo"],"zero":"nje ngoku"},"$x":[{"t":"idOrVar","v":"izininzi"},"inani"]},{"$i":"hours-ago-long","$v":{"few":[{"t":"idOrVar","v":"value"}," iiyure ezidluleyo"],"many":[{"t":"idOrVar","v":"value"}," iiyure ezidluleyo"],"one":"kwiyure edluleyo","other":[{"t":"idOrVar","v":"value"}," iiyure ezidluleyo"],"two":[{"t":"idOrVar","v":"value"}," iiyure ezidluleyo"],"zero":"nje ngoku"},"$x":[{"t":"idOrVar","v":"izininzi"},"inani"]},{"$i":"days-ago-long","$v":{"few":[{"t":"idOrVar","v":"value"}," iintsuku ezidluleyo"],"many":[{"t":"idOrVar","v":"value"}," iintsuku ezidluleyo"],"one":"izolo","other":[{"t":"idOrVar","v":"value"}," iintsuku ezidluleyo"],"two":[{"t":"idOrVar","v":"value"}," iintsuku ezidluleyo"],"zero":"namhlanje"},"$x":[{"t":"idOrVar","v":"izininzi"},"inani"]},{"$i":"weeks-ago-long","$v":{"few":[{"t":"idOrVar","v":"value"}," iiveki ezidluleyo"],"many":[{"t":"idOrVar","v":"value"}," iiveki ezidluleyo"],"one":"kwiveki edluleyo","other":[{"t":"idOrVar","v":"value"}," iiveki ezidluleyo"],"two":[{"t":"idOrVar","v":"value"}," iiveki ezidluleyo"],"zero":"kule veki"},"$x":[{"t":"idOrVar","v":"izininzi"},"inani"]},{"$i":"months-ago-long","$v":{"few":[{"t":"idOrVar","v":"value"}," iinyanga ezidluyo"],"many":[{"t":"idOrVar","v":"value"}," iinyanga ezidluyo"],"one":"Kwinyanga edluleyo","other":[{"t":"idOrVar","v":"value"}," iinyanga ezidluyo"],"two":[{"t":"idOrVar","v":"value"}," iinyanga ezidluyo"],"zero":"kule nyanga"},"$x":[{"t":"idOrVar","v":"izininzi"},"inani"]},{"$i":"years-ago-long","$v":{"few":[{"t":"idOrVar","v":"value"}," iiminyak edluleyo"],"many":[{"t":"idOrVar","v":"value"}," iiminyak edluleyo"],"one":"kunyaka odluleyo","other":[{"t":"idOrVar","v":"value"}," iiminyak edluleyo"],"two":[{"t":"idOrVar","v":"value"}," iiminyak edluleyo"],"zero":"kulo nyaka"},"$x":[{"t":"idOrVar","v":"izininzi"},"inani"]},{"$i":"minutes-until-long","$v":{"few":["in ",{"t":"idOrVar","v":"value"}," imizuzu"],"many":["in ",{"t":"idOrVar","v":"value"}," imizuzu"],"one":"kumzuzu","other":["in ",{"t":"idOrVar","v":"value"}," imizuzu"],"two":["in ",{"t":"idOrVar","v":"value"}," imizuzu"],"zero":"Ngoku"},"$x":[{"t":"idOrVar","v":"izininzi"},"inani"]},{"$i":"hours-until-long","$v":{"few":["in ",{"t":"idOrVar","v":"value"}," iiyure"],"many":["in ",{"t":"idOrVar","v":"value"}," iiyure"],"one":"kwiyure","other":["in ",{"t":"idOrVar","v":"value"}," iiyure"],"two":["in ",{"t":"idOrVar","v":"value"}," iiyure"],"zero":"Ngoku"},"$x":[{"t":"idOrVar","v":"izininzi"},"inani"]},{"$i":"days-until-long","$v":{"few":["in ",{"t":"idOrVar","v":"value"}," iintsuku"],"many":["in ",{"t":"idOrVar","v":"value"}," iintsuku"],"one":"ngomso","other":["in ",{"t":"idOrVar","v":"value"}," iintsuku"],"two":["in ",{"t":"idOrVar","v":"value"}," iintsuku"],"zero":"namhlanje"},"$x":[{"t":"idOrVar","v":"izininzi"},"inani"]},{"$i":"weeks-until-long","$v":{"few":["in ",{"t":"idOrVar","v":"value"}," iiveki"],"many":["in ",{"t":"idOrVar","v":"value"}," iiveki"],"one":"iveki ezayo","other":["in ",{"t":"idOrVar","v":"value"}," iiveki"],"two":["in ",{"t":"idOrVar","v":"value"}," iiveki"],"zero":"kule veki"},"$x":[{"t":"idOrVar","v":"izininzi"},"inani"]},{"$i":"months-until-long","$v":{"few":["in ",{"t":"idOrVar","v":"value"}," iinyanga"],"many":["in ",{"t":"idOrVar","v":"value"}," iinyanga"],"one":"inyanga ezayo","other":["in ",{"t":"idOrVar","v":"value"}," iinyanga"],"two":["in ",{"t":"idOrVar","v":"value"}," iinyanga"],"zero":"kule nyanga"},"$x":[{"t":"idOrVar","v":"izininzi"},"inani"]},{"$i":"years-until-long","$v":{"few":["in ",{"t":"idOrVar","v":"value"}," iiminyaka"],"many":["in ",{"t":"idOrVar","v":"value"}," iiminyaka"],"one":"unyaka ozayou","other":["in ",{"t":"idOrVar","v":"value"}," iiminyaka"],"two":["in ",{"t":"idOrVar","v":"value"}," iiminyaka"],"zero":"kulo nyaka"},"$x":[{"t":"idOrVar","v":"izininzi"},"inani"]},{"$i":"minutes-ago-short","$v":{"other":[{"t":"idOrVar","v":"value"},"m dluleyo"],"zero":"nje ngoku"},"$x":[{"t":"idOrVar","v":"izininzi"},"inani"]},{"$i":"hours-ago-short","$v":{"other":[{"t":"idOrVar","v":"value"},"y dluleyo"],"zero":"nje ngoku"},"$x":[{"t":"idOrVar","v":"izininzi"},"inani"]},{"$i":"days-ago-short","$v":{"other":[{"t":"idOrVar","v":"value"},"s dluleyo"],"zero":"namhlanje"},"$x":[{"t":"idOrVar","v":"izininzi"},"inani"]},{"$i":"minutes-until-short","$v":{"other":["in ",{"t":"idOrVar","v":"value"},"m"],"zero":"Ngoku"},"$x":[{"t":"idOrVar","v":"izininzi"},"inani"]},{"$i":"hours-until-short","$v":{"other":["in ",{"t":"idOrVar","v":"value"},"h"],"zero":"Ngoku"},"$x":[{"t":"idOrVar","v":"izininzi"},"inani"]},{"$i":"days-until-short","$v":{"other":["in ",{"t":"idOrVar","v":"value"},"d"],"zero":"namhlanje"},"$x":[{"t":"idOrVar","v":"izininzi"},"inani"]},{"$i":"incorrectDate","$v":"(umhla awulunganga)"},{"$i":"dateTimeFormat_%c","$v":"%a %b %e %Y %I:%M:%S %p"},{"$i":"dateTimeFormat_%x","$v":"%m/%d/%Y"},{"$i":"dateTimeFormat_%X","$v":"%I:%M:%S %p"},{"$i":"shortTimeFormat","$v":"%I:%M %p"},{"$i":"shortTimeFormat12","$v":"%I:%M %p"},{"$i":"shortTimeFormat24","$v":"%H:%M"},{"$i":"shortDateTimeFormat","$v":"%x %I:%M %p"},{"$i":"weekStartsOnMonday","$v":"0.0"},{"$i":"firstDayOfTheWeek","$v":"0.0"},{"$i":"time_am","$v":"AM"},{"$i":"time_pm","$v":"PM"}]