[{"$i":"reset","$v":"Stel terug"},{"$i":"start","$v":"Begin"},{"$i":"stop","$v":"Stop"},{"$i":"cancel","$v":"Kanselleer"},{"$i":"hour","$v":"Uur"},{"$i":"hours","$v":"Ure"},{"$i":"minute","$v":"Minuut"},{"$i":"minutes","$v":"Minute"},{"$i":"second","$v":"Sekonde"},{"$i":"alarm","$v":"Alarm"},{"$i":"alarm-name","placeholder":"Alarm"},{"$i":"timer","$v":"Afteller"},{"$i":"stopwatch","$v":"Stophorlosie"},{"$i":"alarmName","$v":"Alarmnaam"},{"$i":"newAlarm","$v":"Nuwe alarm"},{"$i":"editAlarm","$v":"Wysig alarm"},{"$i":"tclSettings","$v":"Instellings"},{"$i":"clock-settings","$v":"Klok Instellings"},{"$i":"alarms-maximum","$v":"Jy het die maksimum getal wekkers bereik"},{"$i":"laps-maximum","$v":"Jy het die maksimum getal rondtes bereik."},{"$i":"changes-saved","$v":"Veranderinge gestoor."},{"$i":"pause","$v":"Onderbreek"},{"$i":"resume","$v":"Hervat"},{"$i":"lap","$v":"Rondte"},{"$i":"lap-number","$v":["Rondte ",{"t":"idOrVar","v":"n"}]},{"$i":"timer-hour","$v":"uur"},{"$i":"timer-min","$v":"minuut"},{"$i":"timer-sec","$v":"Sekonde"},{"$i":"delete","$v":"Skrap"},{"$i":"time","$v":"Tyd"},{"$i":"snooze-label","$v":"Sluimer"},{"$i":"snooze-button","$v":"Sluimer"},{"$i":"repeat","$v":"Herhaal"},{"$i":"vibrate","$v":"Vibreer"},{"$i":"close","$v":"Maak toe"},{"$i":"save","$v":"Stoor"},{"$i":"done","$v":"Klaar"},{"$i":"kai-select-time","$v":"Kies tyd"},{"$i":"closeButton","ariaLabel":"Maak toe"},{"$i":"newAlarmButton","ariaLabel":"Nuwe alarm"},{"$i":"alarm-volume-label","$v":"Stelsel Alarmvolume"},{"$i":"kai-volume","$v":"Volume:"},{"$i":"volume-level-display","$v":[{"t":"idOrVar","v":"n"}," / ",{"t":"idOrVar","v":"c"}]},{"$i":"sound","$v":"Klank"},{"$i":"noSound","$v":"Geen Klank"},{"$i":"kai-ringtones","$v":"Luitone"},{"$i":"everyday","$v":"Elke dag"},{"$i":"weekdays","$v":"Weeksdae"},{"$i":"weekends","$v":"Naweke"},{"$i":"never","$v":"Nooit"},{"$i":"vibrateOn","$v":"Aan"},{"$i":"vibrateOff","$v":"Af"},{"$i":"kai-on","$v":"Aan"},{"$i":"kai-off","$v":"Af"},{"$i":"plusMinute","$v":"+1 mins"},{"$i":"dateFormat","$v":"%A, %B %e"},{"$i":"countdown-lessThanAnHour","$v":["Hierdie alarm is gestel vir ",{"t":"idOrVar","v":"minutes"}," van nou af."]},{"$i":"countdown-moreThanAnHour","$v":["Hierdie alarm is gestel vir ",{"t":"idOrVar","v":"hours"}," ",{"t":"idOrVar","v":"minutes"},"van nou af."]},{"$i":"countdown-moreThanADay","$v":["Hierdie alarm is gestel vir ",{"t":"idOrVar","v":"days"}," ",{"t":"idOrVar","v":"hours"}," van nou af."]},{"$i":"kai-alarm-off","$v":"Alarm is afgeskakel."},{"$i":"kai-alarm-deleted","$v":"Alarm geskrap"},{"$i":"alarm-delete-all","$v":"Alle alarms geskrap."},{"$i":"nMinutes","$v":{"few":[{"t":"idOrVar","v":"n"},"minute"],"many":[{"t":"idOrVar","v":"n"},"minute"],"one":"Een minuut","other":[{"t":"idOrVar","v":"n"}," minuut"],"two":[{"t":"idOrVar","v":"n"},"minute"],"zero":"Minder as ‘n minuut"},"$x":[{"t":"idOrVar","v":"plural"},"n"]},{"$i":"nHours","$v":{"few":[{"t":"idOrVar","v":"n"}," ure"],"many":[{"t":"idOrVar","v":"n"}," ure"],"one":[{"t":"idOrVar","v":"n"}," uur"],"other":[{"t":"idOrVar","v":"n"}," ure"],"two":[{"t":"idOrVar","v":"n"}," ure"]},"$x":[{"t":"idOrVar","v":"plural"},"n"]},{"$i":"nAndRemainHours","$v":{"few":["En ",{"t":"idOrVar","v":"n"}," ure"],"many":["En ",{"t":"idOrVar","v":"n"}," ure"],"one":["En ",{"t":"idOrVar","v":"n"}," uur"],"other":["En ",{"t":"idOrVar","v":"n"}," ure"],"two":["En ",{"t":"idOrVar","v":"n"}," ure"]},"$x":[{"t":"idOrVar","v":"plural"},"n"]},{"$i":"nRemainDays","$v":{"few":[{"t":"idOrVar","v":"n"}," dae"],"many":[{"t":"idOrVar","v":"n"}," dae"],"one":[{"t":"idOrVar","v":"n"}," dag"],"other":[{"t":"idOrVar","v":"n"}," dae"],"two":[{"t":"idOrVar","v":"n"}," dae"]},"$x":[{"t":"idOrVar","v":"plural"},"n"]},{"$i":"nRemainMinutes","$v":{"few":["En ",{"t":"idOrVar","v":"n"}," minute"],"many":["En ",{"t":"idOrVar","v":"n"}," minute"],"one":["En ",{"t":"idOrVar","v":"n"}," minuut"],"other":["En ",{"t":"idOrVar","v":"n"}," minute"],"two":["En ",{"t":"idOrVar","v":"n"}," minute"]},"$x":[{"t":"idOrVar","v":"plural"},"n"]},{"$i":"nSpinnerSeconds","$v":{"few":[{"t":"idOrVar","v":"n"}," sekondes"],"many":[{"t":"idOrVar","v":"n"}," sekondes"],"one":"Een sekonde","other":[{"t":"idOrVar","v":"n"}," sekondes"],"two":[{"t":"idOrVar","v":"n"}," sekondes"],"zero":"Nul sekondes"},"$x":[{"t":"idOrVar","v":"plural"},"n"]},{"$i":"nSpinnerMinutes","$v":{"few":[{"t":"idOrVar","v":"n"},"minute"],"many":[{"t":"idOrVar","v":"n"},"minute"],"one":"Een minuut","other":[{"t":"idOrVar","v":"n"},"minute"],"two":[{"t":"idOrVar","v":"n"},"minute"],"zero":"Nul minute"},"$x":[{"t":"idOrVar","v":"plural"},"n"]},{"$i":"nSpinnerHours","$v":{"few":[{"t":"idOrVar","v":"n"}," ure"],"many":[{"t":"idOrVar","v":"n"}," ure"],"one":[{"t":"idOrVar","v":"n"}," uur"],"other":[{"t":"idOrVar","v":"n"}," ure"],"two":[{"t":"idOrVar","v":"n"}," ure"],"zero":"Nul ure"},"$x":[{"t":"idOrVar","v":"plural"},"n"]},{"$i":"kai-stop","$v":"Stop"},{"$i":"kai-snooze","$v":"Sluimer"},{"$i":"ac_africa_ogg","$v":"Afrika"},{"$i":"ac_amazon_ogg","$v":"Amazon"},{"$i":"ac_disco_ogg","$v":"Disco"},{"$i":"ac_fairy_tales_ogg","$v":"Fairy tales"},{"$i":"ac_fresh_ogg","$v":"Vars"},{"$i":"ac_galaxy_ogg","$v":"Galaxy"},{"$i":"ac_kai_ogg","$v":"Kai"},{"$i":"ac_techno_ogg","$v":"Techno"},{"$i":"ac_woody_ogg","$v":"Woody"},{"$i":"ac_awake_opus","$v":"Wakker"},{"$i":"ac_crystalize_opus","$v":"Kristaliseer"},{"$i":"ac_cycle_opus","$v":"Fietsry"},{"$i":"ac_digicloud_opus","$v":"Digiwolk"},{"$i":"ac_humming_waves_opus","$v":"Branders wat neurie"},{"$i":"ac_into_the_void_opus","$v":"In die Niet"},{"$i":"ac_lightly_opus","$v":"Liggies"},{"$i":"ac_mobile_opus","$v":"Selfoon"},{"$i":"ac_pinger_opus","$v":"Pinger"},{"$i":"ac_skip_opus","$v":"Slaan oor"},{"$i":"ac_tri_opus","$v":"Drie"},{"$i":"ac_universal_opus","$v":"Universele"},{"$i":"kai-options","$v":"Opsies"},{"$i":"kai-clock-title","$v":"Klok"},{"$i":"alarm-title","$v":"Alarm"},{"$i":"no-alarms-body","$v":"Geen wekkers is gestel nie. Druk “Nuwe” om te begin."},{"$i":"kai-new-alarm","$v":"Nuwe"},{"$i":"kai-settings","$v":"Instellings"},{"$i":"kai-cancel","$v":"Kanselleer"},{"$i":"kai-save","$v":"Stoor"},{"$i":"turnOn","$v":"Skakel aan"},{"$i":"turnOff","$v":"Skakel af"},{"$i":"edit","$v":"Wysig"},{"$i":"select","$v":"Kies"},{"$i":"kai-delete","$v":"Skrap"},{"$i":"delete-all","$v":"Skrap alles"},{"$i":"kai-selected-alarm","$v":"Gekiesde alarm"},{"$i":"set","$v":"Stel"},{"$i":"kai-start","$v":"Begin"},{"$i":"kai-reset","$v":"Stel terug"},{"$i":"kai-min-plus","$v":"+1 mins"},{"$i":"kai-resume","$v":"Hervat"},{"$i":"kai-lap","$v":"Rondte"},{"$i":"play","$v":"Speel"},{"$i":"kai-no-repeat","$v":"Geen herhaling"},{"$i":"kai-confirm-title","$v":"Bevestiging"},{"$i":"kai-confirm-delete-body","$v":"Skrap gekose alarm?"},{"$i":"confirm-delete-all-body","$v":"Skrap alle alarms?"},{"$i":"kai-confirm-end-key-body","$v":{"$o":"Toepassing sal toegemaak word met dataverlies. <br><br>Sou jy wil teruggaan na wysiging?"}},{"$i":"kai-confirm-exit-button","$v":"Verlaat"},{"$i":"kai-confirm-return-button","$v":"Keer terug"},{"$i":"weekday-0-long","$v":"Sondag"},{"$i":"weekday-1-long","$v":"Maandag"},{"$i":"weekday-2-long","$v":"Dinsdag"},{"$i":"weekday-3-long","$v":"Woensdag"},{"$i":"weekday-4-long","$v":"Donderdag"},{"$i":"weekday-5-long","$v":"Vrydag"},{"$i":"weekday-6-long","$v":"Saterdag"},{"$i":"weekday-0-short","$v":"So"},{"$i":"weekday-1-short","$v":"Ma"},{"$i":"weekday-2-short","$v":"Di"},{"$i":"weekday-3-short","$v":"Wo"},{"$i":"weekday-4-short","$v":"Do"},{"$i":"weekday-5-short","$v":"Vr"},{"$i":"weekday-6-short","$v":"Sa"},{"$i":"month-0-long","$v":"Januarie"},{"$i":"month-1-long","$v":"Februarie"},{"$i":"month-2-long","$v":"Maart"},{"$i":"month-3-long","$v":"April"},{"$i":"month-4-long","$v":"Mei"},{"$i":"month-5-long","$v":"Junie"},{"$i":"month-6-long","$v":"Julie"},{"$i":"month-7-long","$v":"Augustus"},{"$i":"month-8-long","$v":"September"},{"$i":"month-9-long","$v":"Oktober"},{"$i":"month-10-long","$v":"November"},{"$i":"month-11-long","$v":"Desember"},{"$i":"month-0-genitive","$v":"Januarie"},{"$i":"month-1-genitive","$v":"Februarie"},{"$i":"month-2-genitive","$v":"Maart"},{"$i":"month-3-genitive","$v":"April"},{"$i":"month-4-genitive","$v":"Mei"},{"$i":"month-5-genitive","$v":"Junie"},{"$i":"month-6-genitive","$v":"Julie"},{"$i":"month-7-genitive","$v":"Augustus"},{"$i":"month-8-genitive","$v":"September"},{"$i":"month-9-genitive","$v":"Oktober"},{"$i":"month-10-genitive","$v":"November"},{"$i":"month-11-genitive","$v":"Desember"},{"$i":"month-0-short","$v":"Jan"},{"$i":"month-1-short","$v":"Feb"},{"$i":"month-2-short","$v":"Mrt"},{"$i":"month-3-short","$v":"Apr"},{"$i":"month-4-short","$v":"Mei"},{"$i":"month-5-short","$v":"Jun"},{"$i":"month-6-short","$v":"Jul"},{"$i":"month-7-short","$v":"Aug"},{"$i":"month-8-short","$v":"Sep"},{"$i":"month-9-short","$v":"Okt"},{"$i":"month-10-short","$v":"Nov"},{"$i":"month-11-short","$v":"Des"},{"$i":"minutes-ago-long","$v":{"few":[{"t":"idOrVar","v":"value"},"minute gelede"],"many":[{"t":"idOrVar","v":"value"},"minute gelede"],"one":"‘n minuut gelede","other":[{"t":"idOrVar","v":"value"},"minute gelede"],"two":[{"t":"idOrVar","v":"value"},"minute gelede"],"zero":"nou net"},"$x":[{"t":"idOrVar","v":"plural"},"value"]},{"$i":"hours-ago-long","$v":{"few":[{"t":"idOrVar","v":"value"}," ure gelede"],"many":[{"t":"idOrVar","v":"value"}," ure gelede"],"one":"‘n uur gelede","other":[{"t":"idOrVar","v":"value"}," ure gelede"],"two":[{"t":"idOrVar","v":"value"}," ure gelede"],"zero":"nou net"},"$x":[{"t":"idOrVar","v":"plural"},"value"]},{"$i":"days-ago-long","$v":{"few":[{"t":"idOrVar","v":"value"}," dae gelede"],"many":[{"t":"idOrVar","v":"value"}," dae gelede"],"one":"gister","other":[{"t":"idOrVar","v":"value"}," dae gelede"],"two":[{"t":"idOrVar","v":"value"}," dae gelede"],"zero":"Vandag"},"$x":[{"t":"idOrVar","v":"plural"},"value"]},{"$i":"weeks-ago-long","$v":{"few":[{"t":"idOrVar","v":"value"}," weke gelede"],"many":[{"t":"idOrVar","v":"value"}," weke gelede"],"one":"Verlede week","other":[{"t":"idOrVar","v":"value"}," weke gelede"],"two":[{"t":"idOrVar","v":"value"}," weke gelede"],"zero":"Hierdie week"},"$x":[{"t":"idOrVar","v":"plural"},"value"]},{"$i":"months-ago-long","$v":{"few":[{"t":"idOrVar","v":"value"}," maande gelede"],"many":[{"t":"idOrVar","v":"value"}," maande gelede"],"one":"Verlede maand","other":[{"t":"idOrVar","v":"value"}," maande gelede"],"two":[{"t":"idOrVar","v":"value"}," maande gelede"],"zero":"hierdie maand"},"$x":[{"t":"idOrVar","v":"plural"},"value"]},{"$i":"years-ago-long","$v":{"few":[{"t":"idOrVar","v":"value"}," jare gelede"],"many":[{"t":"idOrVar","v":"value"}," jare gelede"],"one":"Verlede jaar","other":[{"t":"idOrVar","v":"value"}," jare gelede"],"two":[{"t":"idOrVar","v":"value"}," jare gelede"],"zero":"Hierdie jaar"},"$x":[{"t":"idOrVar","v":"plural"},"value"]},{"$i":"minutes-until-long","$v":{"few":["In ",{"t":"idOrVar","v":"value"}," minute"],"many":["In ",{"t":"idOrVar","v":"value"}," minute"],"one":"In ‘n minuut","other":["In ",{"t":"idOrVar","v":"value"}," minute"],"two":["In ",{"t":"idOrVar","v":"value"}," minute"],"zero":"Nou"},"$x":[{"t":"idOrVar","v":"plural"},"value"]},{"$i":"hours-until-long","$v":{"few":["In ",{"t":"idOrVar","v":"value"}," ure"],"many":["In ",{"t":"idOrVar","v":"value"}," ure"],"one":"In ‘n uur","other":["In ",{"t":"idOrVar","v":"value"}," ure"],"two":["In ",{"t":"idOrVar","v":"value"}," ure"],"zero":"Nou"},"$x":[{"t":"idOrVar","v":"plural"},"value"]},{"$i":"days-until-long","$v":{"few":["In ",{"t":"idOrVar","v":"value"}," dae"],"many":["In ",{"t":"idOrVar","v":"value"}," dae"],"one":"môre","other":["In ",{"t":"idOrVar","v":"value"}," dae"],"two":["In ",{"t":"idOrVar","v":"value"}," dae"],"zero":"Vandag"},"$x":[{"t":"idOrVar","v":"plural"},"value"]},{"$i":"weeks-until-long","$v":{"few":["In ",{"t":"idOrVar","v":"value"}," weke"],"many":["In ",{"t":"idOrVar","v":"value"}," weke"],"one":"volgende week","other":["In ",{"t":"idOrVar","v":"value"}," weke"],"two":["In ",{"t":"idOrVar","v":"value"}," weke"],"zero":"Hierdie week"},"$x":[{"t":"idOrVar","v":"plural"},"value"]},{"$i":"months-until-long","$v":{"few":["In ",{"t":"idOrVar","v":"value"}," maande"],"many":["In ",{"t":"idOrVar","v":"value"}," maande"],"one":"Volgende maand","other":["In ",{"t":"idOrVar","v":"value"}," maande"],"two":["In ",{"t":"idOrVar","v":"value"}," maande"],"zero":"hierdie maand"},"$x":[{"t":"idOrVar","v":"plural"},"value"]},{"$i":"years-until-long","$v":{"few":["In ",{"t":"idOrVar","v":"value"}," jare"],"many":["In ",{"t":"idOrVar","v":"value"}," jare"],"one":"Volgende jaar","other":["In ",{"t":"idOrVar","v":"value"}," jare"],"two":["In ",{"t":"idOrVar","v":"value"}," jare"],"zero":"Hierdie jaar"},"$x":[{"t":"idOrVar","v":"plural"},"value"]},{"$i":"minutes-ago-short","$v":{"other":[{"t":"idOrVar","v":"value"},"m gelede"],"zero":"nou net"},"$x":[{"t":"idOrVar","v":"plural"},"value"]},{"$i":"hours-ago-short","$v":{"other":[{"t":"idOrVar","v":"value"},"u gelede"],"zero":"nou net"},"$x":[{"t":"idOrVar","v":"plural"},"value"]},{"$i":"days-ago-short","$v":{"other":[{"t":"idOrVar","v":"value"},"d gelede"],"zero":"Vandag"},"$x":[{"t":"idOrVar","v":"plural"},"value"]},{"$i":"minutes-until-short","$v":{"other":["In ",{"t":"idOrVar","v":"value"},"m"],"zero":"Nou"},"$x":[{"t":"idOrVar","v":"plural"},"value"]},{"$i":"hours-until-short","$v":{"other":["In ",{"t":"idOrVar","v":"value"}," u"],"zero":"Nou"},"$x":[{"t":"idOrVar","v":"plural"},"value"]},{"$i":"days-until-short","$v":{"other":["In ",{"t":"idOrVar","v":"value"},"d"],"zero":"Vandag"},"$x":[{"t":"idOrVar","v":"plural"},"value"]},{"$i":"incorrectDate","$v":"(verkeerde datum)"},{"$i":"dateTimeFormat_%c","$v":"%a %b %e %Y %I:%M:%S %p"},{"$i":"dateTimeFormat_%x","$v":"%m/%d/%Y"},{"$i":"dateTimeFormat_%X","$v":"%I:%M:%S %p"},{"$i":"shortTimeFormat","$v":"%I:%M %p"},{"$i":"shortTimeFormat12","$v":"%I:%M %p"},{"$i":"shortTimeFormat24","$v":"%H:%M"},{"$i":"shortDateTimeFormat","$v":"%X %I:%M %p"},{"$i":"weekStartsOnMonday","$v":"0.0"},{"$i":"firstDayOfTheWeek","$v":"0.0"},{"$i":"time_am","$v":"VM"},{"$i":"time_pm","$v":"NM"},{"$i":"softkey-options","$v":"Opsies"}]