[{"$i":"reset","$v":"إعادة ضبط"},{"$i":"start","$v":"بدء"},{"$i":"stop","$v":"إيقاف"},{"$i":"cancel","$v":"إلغاء"},{"$i":"hour","$v":"ساعة"},{"$i":"hours","$v":"ساعات"},{"$i":"minute","$v":"دقيقة"},{"$i":"minutes","$v":"دقائق"},{"$i":"second","$v":"ثانية"},{"$i":"alarm","$v":"المنبه"},{"$i":"alarm-name","placeholder":"المنبه"},{"$i":"timer","$v":"مُؤقِّت"},{"$i":"stopwatch","$v":"ساعة التوقيف"},{"$i":"alarmName","$v":"اسم المنبه"},{"$i":"newAlarm","$v":"إضافة منبه"},{"$i":"editAlarm","$v":"تعديل منبه"},{"$i":"tclSettings","$v":"الإعدادات"},{"$i":"clock-settings","$v":"إعدادات الساعة"},{"$i":"alarms-maximum","$v":"لقد تم بلوغ الحد الأقصى المسموح به لعدد المنبهات"},{"$i":"laps-maximum","$v":"لقد تم بلوغ الحد الأقصى المسموح به لعدد الدورات"},{"$i":"changes-saved","$v":"تم حفظ التغييرات."},{"$i":"pause","$v":"إيقاف مؤقت"},{"$i":"resume","$v":"استمرار"},{"$i":"lap","$v":"دورة"},{"$i":"lap-number","$v":["دورة ",{"t":"idOrVar","v":"n"}]},{"$i":"timer-hour","$v":"ساعة"},{"$i":"timer-min","$v":"دقيقة"},{"$i":"timer-sec","$v":"ثانية"},{"$i":"delete","$v":"حذف"},{"$i":"time","$v":"الوقت"},{"$i":"snooze-label","$v":"غفوة"},{"$i":"snooze-button","$v":"غفوة"},{"$i":"repeat","$v":"تكرار"},{"$i":"vibrate","$v":"إهتزاز"},{"$i":"close","$v":"إغلاق"},{"$i":"save","$v":"حِفظ"},{"$i":"done","$v":"تم"},{"$i":"kai-select-time","$v":"تحديد الوقت"},{"$i":"closeButton","ariaLabel":"إغلاق"},{"$i":"newAlarmButton","ariaLabel":"منبه جديد"},{"$i":"alarm-volume-label","$v":"مستوى صوت منبه النظام"},{"$i":"kai-volume","$v":"مستوى الصوت:"},{"$i":"volume-level-display","$v":[{"t":"idOrVar","v":"n"}," / ",{"t":"idOrVar","v":"c"}]},{"$i":"sound","$v":"الصوت"},{"$i":"noSound","$v":"بلا صوت"},{"$i":"kai-ringtones","$v":"نغمات الرنين"},{"$i":"everyday","$v":"كل يوم"},{"$i":"weekdays","$v":"أيام الأسبوع"},{"$i":"weekends","$v":"عطلة نهاية الأسبوع"},{"$i":"never","$v":"أبداً"},{"$i":"vibrateOn","$v":"فعَال"},{"$i":"vibrateOff","$v":"معطّل"},{"$i":"kai-on","$v":"فعّال"},{"$i":"kai-off","$v":"غيرفعّال"},{"$i":"plusMinute","$v":"+1 دقيقة"},{"$i":"dateFormat","$v":"%A, %B %e"},{"$i":"countdown-lessThanAnHour","$v":["تم ضبط المنبه خلال ",{"t":"idOrVar","v":"minutes"}," من الآن ."]},{"$i":"countdown-moreThanAnHour","$v":["تم ضبط المنبه خلال ",{"t":"idOrVar","v":"hours"}," ",{"t":"idOrVar","v":"minutes"}," من الآن ."]},{"$i":"countdown-moreThanADay","$v":["تم ضبط المنبه خلال ",{"t":"idOrVar","v":"hours"}," ",{"t":"idOrVar","v":"minutes"}," من الآن ."]},{"$i":"kai-alarm-off","$v":"تم إيقاف تشغيل المنبه."},{"$i":"kai-alarm-deleted","$v":"تم حذف المنبه."},{"$i":"alarm-delete-all","$v":"تم حذف جميع التنبيهات."},{"$i":"nMinutes","$v":{"few":[{"t":"idOrVar","v":"n"}," دقائق ."],"many":[{"t":"idOrVar","v":"n"}," دقائق ."],"one":"دقيقة واحدة","other":[{"t":"idOrVar","v":"n"}," دقائق ."],"two":[{"t":"idOrVar","v":"n"}," دقيقتين."],"zero":"أقل من دقيقة"},"$x":[{"t":"idOrVar","v":"plural"},"n"]},{"$i":"nHours","$v":{"few":[{"t":"idOrVar","v":"n"}," ساعات"],"many":[{"t":"idOrVar","v":"n"}," ساعات"],"one":[{"t":"idOrVar","v":"n"}," ساعة"],"other":[{"t":"idOrVar","v":"n"}," ساعات"],"two":[{"t":"idOrVar","v":"n"}," ساعتين"]},"$x":[{"t":"idOrVar","v":"plural"},"n"]},{"$i":"nAndRemainHours","$v":{"few":["و ",{"t":"idOrVar","v":"n"}," ساعات"],"many":["و ",{"t":"idOrVar","v":"n"}," ساعات"],"one":["و ",{"t":"idOrVar","v":"n"}," ساعة"],"other":["و ",{"t":"idOrVar","v":"n"}," ساعات"],"two":["و ",{"t":"idOrVar","v":"n"}," ساعات"]},"$x":[{"t":"idOrVar","v":"plural"},"n"]},{"$i":"nRemainDays","$v":{"few":[{"t":"idOrVar","v":"n"}," أيام"],"many":[{"t":"idOrVar","v":"n"}," يوم"],"one":[{"t":"idOrVar","v":"n"}," ايام"],"other":[{"t":"idOrVar","v":"n"}," يوم"],"two":[{"t":"idOrVar","v":"n"}," أيام"]},"$x":[{"t":"idOrVar","v":"plural"},"n"]},{"$i":"nRemainMinutes","$v":{"few":["و ",{"t":"idOrVar","v":"n"}," دقائق"],"many":["و ",{"t":"idOrVar","v":"n"}," دقائق"],"one":["و ",{"t":"idOrVar","v":"n"}," دقيقة"],"other":["و ",{"t":"idOrVar","v":"n"}," دقائق"],"two":["و ",{"t":"idOrVar","v":"n"}," دقائق"]},"$x":[{"t":"idOrVar","v":"plural"},"n"]},{"$i":"nSpinnerSeconds","$v":{"few":[{"t":"idOrVar","v":"n"}," ثوانٍ"],"many":[{"t":"idOrVar","v":"n"}," ثوانٍ"],"one":"ثانية واحدة","other":[{"t":"idOrVar","v":"n"}," ثوانٍ"],"two":[{"t":"idOrVar","v":"n"}," ثوانٍ"],"zero":"صفر ثوانٍ"},"$x":[{"t":"idOrVar","v":"plural"},"n"]},{"$i":"nSpinnerMinutes","$v":{"few":[{"t":"idOrVar","v":"n"}," دقائق"],"many":[{"t":"idOrVar","v":"n"}," دقائق"],"one":"دقيقة واحدة","other":[{"t":"idOrVar","v":"n"}," دقائق"],"two":[{"t":"idOrVar","v":"n"}," دقائق"],"zero":"صفر دقائق"},"$x":[{"t":"idOrVar","v":"plural"},"n"]},{"$i":"nSpinnerHours","$v":{"few":[{"t":"idOrVar","v":"n"}," ساعات"],"many":[{"t":"idOrVar","v":"n"}," ساعات"],"one":[{"t":"idOrVar","v":"n"}," ساعة"],"other":[{"t":"idOrVar","v":"n"}," ساعات"],"two":[{"t":"idOrVar","v":"n"}," ساعات"],"zero":"صفر ساعات"},"$x":[{"t":"idOrVar","v":"plural"},"n"]},{"$i":"kai-stop","$v":"إيقاف"},{"$i":"kai-snooze","$v":"غفوة"},{"$i":"ac_africa_ogg","$v":"أفريقيا"},{"$i":"ac_amazon_ogg","$v":"Amazon"},{"$i":"ac_disco_ogg","$v":"Disco"},{"$i":"ac_fairy_tales_ogg","$v":"Fairy tales"},{"$i":"ac_fresh_ogg","$v":"نقي"},{"$i":"ac_galaxy_ogg","$v":"Galaxy"},{"$i":"ac_kai_ogg","$v":"Kai"},{"$i":"ac_techno_ogg","$v":"Techno"},{"$i":"ac_woody_ogg","$v":"Woody"},{"$i":"ac_awake_opus","$v":"نشط"},{"$i":"ac_crystalize_opus","$v":"تبلور"},{"$i":"ac_cycle_opus","$v":"دورة"},{"$i":"ac_digicloud_opus","$v":"Digicloud"},{"$i":"ac_humming_waves_opus","$v":"موجات الطنين"},{"$i":"ac_into_the_void_opus","$v":"في الفراغ"},{"$i":"ac_lightly_opus","$v":"برفق"},{"$i":"ac_mobile_opus","$v":"الهاتف المحمول"},{"$i":"ac_pinger_opus","$v":"جهاز نبضات صوتية"},{"$i":"ac_skip_opus","$v":"تخطي"},{"$i":"ac_tri_opus","$v":"Tri"},{"$i":"ac_universal_opus","$v":"عالمي"},{"$i":"kai-options","$v":"الخيارات"},{"$i":"kai-clock-title","$v":"الساعة"},{"$i":"alarm-title","$v":"المنبه"},{"$i":"no-alarms-body","$v":"لم يتم تعيين أي منبهات. اضغط على جديد للبدء."},{"$i":"kai-new-alarm","$v":"جديد"},{"$i":"kai-settings","$v":"الإعدادات"},{"$i":"kai-cancel","$v":"ألغِ"},{"$i":"kai-save","$v":"حفظ"},{"$i":"turnOn","$v":"تشغيل"},{"$i":"turnOff","$v":"إيقاف التشغيل"},{"$i":"edit","$v":"تحرير"},{"$i":"select","$v":"تحديد"},{"$i":"kai-delete","$v":"حذف"},{"$i":"delete-all","$v":"حذف الكل"},{"$i":"kai-selected-alarm","$v":"منبه محدد"},{"$i":"set","$v":"ضبط"},{"$i":"kai-start","$v":"بدء"},{"$i":"kai-reset","$v":"إعادة ضبط"},{"$i":"kai-min-plus","$v":"+1 دقيقة"},{"$i":"kai-resume","$v":"إستئناف"},{"$i":"kai-lap","$v":"دورة"},{"$i":"play","$v":"تشغيل"},{"$i":"kai-no-repeat","$v":"بدون تكرار"},{"$i":"kai-confirm-title","$v":"تأكيد"},{"$i":"kai-confirm-delete-body","$v":"هل تريد حذف المنبه المحدد؟"},{"$i":"confirm-delete-all-body","$v":"هل تريد حذف جميع التنبيهات؟"},{"$i":"kai-confirm-end-key-body","$v":{"$o":"سيتم إغلاق التطبيق مع فقد البيانات. <br><br> هل تريد العودة إلى التحرير؟"}},{"$i":"kai-confirm-exit-button","$v":"خروج"},{"$i":"kai-confirm-return-button","$v":"رجوع"},{"$i":"weekday-0-long","$v":"الأحد"},{"$i":"weekday-1-long","$v":"الإثنين"},{"$i":"weekday-2-long","$v":"الثلاثاء"},{"$i":"weekday-3-long","$v":"الأربعاء"},{"$i":"weekday-4-long","$v":"الخميس"},{"$i":"weekday-5-long","$v":"الجمعة"},{"$i":"weekday-6-long","$v":"السبت"},{"$i":"weekday-0-short","$v":"أحد"},{"$i":"weekday-1-short","$v":"إثنين"},{"$i":"weekday-2-short","$v":"ثلاثاء"},{"$i":"weekday-3-short","$v":"أربعاء"},{"$i":"weekday-4-short","$v":"خميس"},{"$i":"weekday-5-short","$v":"جمعة"},{"$i":"weekday-6-short","$v":"سبت"},{"$i":"month-0-long","$v":"يناير"},{"$i":"month-1-long","$v":"فبراير"},{"$i":"month-2-long","$v":"مارس"},{"$i":"month-3-long","$v":"أبريل"},{"$i":"month-4-long","$v":"مايو"},{"$i":"month-5-long","$v":"يونيو"},{"$i":"month-6-long","$v":"يوليو"},{"$i":"month-7-long","$v":"أغسطس"},{"$i":"month-8-long","$v":"سبتمبر"},{"$i":"month-9-long","$v":"أكتوبر"},{"$i":"month-10-long","$v":"نوفمبر"},{"$i":"month-11-long","$v":"ديسمبر"},{"$i":"month-0-genitive","$v":"يناير"},{"$i":"month-1-genitive","$v":"فبراير"},{"$i":"month-2-genitive","$v":"مارس"},{"$i":"month-3-genitive","$v":"أبريل"},{"$i":"month-4-genitive","$v":"مايو"},{"$i":"month-5-genitive","$v":"يونيو"},{"$i":"month-6-genitive","$v":"يوليو"},{"$i":"month-7-genitive","$v":"أغسطس"},{"$i":"month-8-genitive","$v":"سبتمبر"},{"$i":"month-9-genitive","$v":"أكتوبر"},{"$i":"month-10-genitive","$v":"نوفمبر"},{"$i":"month-11-genitive","$v":"ديسمبر"},{"$i":"month-0-short","$v":"يناير"},{"$i":"month-1-short","$v":"فبراير"},{"$i":"month-2-short","$v":"مارس"},{"$i":"month-3-short","$v":"ابريل"},{"$i":"month-4-short","$v":"مايو"},{"$i":"month-5-short","$v":"يونيو"},{"$i":"month-6-short","$v":"يوليو"},{"$i":"month-7-short","$v":"أغسطس"},{"$i":"month-8-short","$v":"سبتمبر"},{"$i":"month-9-short","$v":"أكتوبر"},{"$i":"month-10-short","$v":"نوفمبر"},{"$i":"month-11-short","$v":"ديسمبر"},{"$i":"minutes-ago-long","$v":{"few":["منذ ",{"t":"idOrVar","v":"value"}," دقائق"],"many":["منذ ",{"t":"idOrVar","v":"value"}," دقائق"],"one":"منذ دقيقة","other":["منذ ",{"t":"idOrVar","v":"value"}," دقائق"],"two":["منذ ",{"t":"idOrVar","v":"value"}," دقائق"],"zero":"الآن"},"$x":[{"t":"idOrVar","v":"plural"},"value"]},{"$i":"hours-ago-long","$v":{"few":["قبل ",{"t":"idOrVar","v":"value"}," ساعات"],"many":["قبل ",{"t":"idOrVar","v":"value"}," ساعة"],"one":"قبل ساعة واحدة","other":["قبل ",{"t":"idOrVar","v":"value"}," ساعة"],"two":"منذ ساعتين","zero":"الآن"},"$x":[{"t":"idOrVar","v":"plural"},"value"]},{"$i":"days-ago-long","$v":{"few":["قبل ",{"t":"idOrVar","v":"value"}," أيام"],"many":["قبل ",{"t":"idOrVar","v":"value"}," يوم"],"one":"الأمس","other":["قبل ",{"t":"idOrVar","v":"value"}," يوم"],"two":"قبل يومين","zero":"اليوم"},"$x":[{"t":"idOrVar","v":"plural"},"value"]},{"$i":"weeks-ago-long","$v":{"few":["منذ ",{"t":"idOrVar","v":"value"}," أسابيع"],"many":["منذ ",{"t":"idOrVar","v":"value"}," أسابيع"],"one":"الأسبوع الماضي","other":["منذ ",{"t":"idOrVar","v":"value"}," أسابيع"],"two":["منذ ",{"t":"idOrVar","v":"value"}," أسابيع"],"zero":"هذا الأسبوع"},"$x":[{"t":"idOrVar","v":"plural"},"value"]},{"$i":"months-ago-long","$v":{"few":["منذ ",{"t":"idOrVar","v":"value"}," أشهر"],"many":["منذ ",{"t":"idOrVar","v":"value"}," أشهر"],"one":"الشهر الماضي","other":["منذ ",{"t":"idOrVar","v":"value"}," أشهر"],"two":["منذ ",{"t":"idOrVar","v":"value"}," أشهر"],"zero":"هذا الشهر"},"$x":[{"t":"idOrVar","v":"plural"},"value"]},{"$i":"years-ago-long","$v":{"few":["منذ ",{"t":"idOrVar","v":"value"}," سنوات"],"many":["منذ ",{"t":"idOrVar","v":"value"}," سنة"],"one":"السنة الماضية","other":["منذ ",{"t":"idOrVar","v":"value"}," سنة"],"two":"منذ سنتين","zero":"هذه السنة"},"$x":[{"t":"idOrVar","v":"plural"},"value"]},{"$i":"minutes-until-long","$v":{"few":["خلال ",{"t":"idOrVar","v":"value"}," دقائق"],"many":["خلال ",{"t":"idOrVar","v":"value"}," دقيقة"],"one":"خلال دقيقة","other":["خلال ",{"t":"idOrVar","v":"value"}," دقيقة"],"two":"خلال دقيقتين","zero":"الآن"},"$x":[{"t":"idOrVar","v":"plural"},"value"]},{"$i":"hours-until-long","$v":{"few":["خلال ",{"t":"idOrVar","v":"value"}," ساعات"],"many":["خلال ",{"t":"idOrVar","v":"value"}," ساعة"],"one":"خلال ساعة","other":["خلال ",{"t":"idOrVar","v":"value"}," ساعة"],"two":"خلال ساعتين","zero":"الآن"},"$x":[{"t":"idOrVar","v":"plural"},"value"]},{"$i":"days-until-long","$v":{"few":["خلال ",{"t":"idOrVar","v":"value"}," أيام"],"many":["خلال ",{"t":"idOrVar","v":"value"}," يوم"],"one":"غداً","other":["خلال ",{"t":"idOrVar","v":"value"}," يوم"],"two":"خلال يومين","zero":"اليوم"},"$x":[{"t":"idOrVar","v":"plural"},"value"]},{"$i":"weeks-until-long","$v":{"few":["خلال ",{"t":"idOrVar","v":"value"}," أسابيع"],"many":["خلال ",{"t":"idOrVar","v":"value"}," أسبوع"],"one":"الأسبوع القادم","other":["خلال ",{"t":"idOrVar","v":"value"}," أسبوع"],"two":"خلال اسبوعين","zero":"هذا الأسبوع"},"$x":[{"t":"idOrVar","v":"plural"},"value"]},{"$i":"months-until-long","$v":{"few":["خلال ",{"t":"idOrVar","v":"value"}," أشهر"],"many":["خلال ",{"t":"idOrVar","v":"value"}," شهر"],"one":"الشهر القادم","other":["خلال ",{"t":"idOrVar","v":"value"}," شهر"],"two":"خلال شهرين","zero":"هذا الشهر"},"$x":[{"t":"idOrVar","v":"plural"},"value"]},{"$i":"years-until-long","$v":{"few":["خلال ",{"t":"idOrVar","v":"value"}," سنوات"],"many":["خلال ",{"t":"idOrVar","v":"value"}," سنة"],"one":"السنة القادمة","other":["خلال ",{"t":"idOrVar","v":"value"}," سنة"],"two":"خلال سنتين","zero":"هذه السنة"},"$x":[{"t":"idOrVar","v":"plural"},"value"]},{"$i":"minutes-ago-short","$v":{"other":["منذ ",{"t":"idOrVar","v":"value"}," دقيقة"],"zero":"الآن"},"$x":[{"t":"idOrVar","v":"plural"},"value"]},{"$i":"hours-ago-short","$v":{"other":["منذ ",{"t":"idOrVar","v":"value"}," س"],"zero":"الآن"},"$x":[{"t":"idOrVar","v":"plural"},"value"]},{"$i":"days-ago-short","$v":{"other":["منذ ",{"t":"idOrVar","v":"value"}," ي"],"zero":"اليوم"},"$x":[{"t":"idOrVar","v":"plural"},"value"]},{"$i":"minutes-until-short","$v":{"other":["خلال ",{"t":"idOrVar","v":"value"}," د"],"zero":"الآن"},"$x":[{"t":"idOrVar","v":"plural"},"value"]},{"$i":"hours-until-short","$v":{"other":["خلال ",{"t":"idOrVar","v":"value"}," س"],"zero":"الآن"},"$x":[{"t":"idOrVar","v":"plural"},"value"]},{"$i":"days-until-short","$v":{"other":["خلال ",{"t":"idOrVar","v":"value"}," ي"],"zero":"اليوم"},"$x":[{"t":"idOrVar","v":"plural"},"value"]},{"$i":"incorrectDate","$v":"(تاريخ غير صحيح)"},{"$i":"dateTimeFormat_%c","$v":"%a %e %b %Y %I:%M:%S %p"},{"$i":"dateTimeFormat_%x","$v":"%Y/%m/%d"},{"$i":"dateTimeFormat_%X","$v":"%I:%M:%S %p"},{"$i":"shortTimeFormat","$v":"%I:%M %p"},{"$i":"shortTimeFormat12","$v":"%I:%M %p"},{"$i":"shortTimeFormat24","$v":"%H:%M"},{"$i":"shortDateTimeFormat","$v":"%x %I:%M %p"},{"$i":"weekStartsOnMonday","$v":"0.0"},{"$i":"firstDayOfTheWeek","$v":"0.0"},{"$i":"time_am","$v":"ص"},{"$i":"time_pm","$v":"م"},{"$i":"softkey-options","$v":"الخيارات"}]