[{"$i":"reset","$v":"Нулиране"},{"$i":"start","$v":"Старт"},{"$i":"stop","$v":"Спиране"},{"$i":"cancel","$v":"Отмяна"},{"$i":"hour","$v":"Час"},{"$i":"hours","$v":"Часа"},{"$i":"minute","$v":"Мин."},{"$i":"minutes","$v":"Минути"},{"$i":"second","$v":"Секунда"},{"$i":"alarm","$v":"Аларма"},{"$i":"alarm-name","placeholder":"Аларма"},{"$i":"timer","$v":"Таймер"},{"$i":"stopwatch","$v":"Хронометър"},{"$i":"alarmName","$v":"Име на аларма"},{"$i":"newAlarm","$v":"Нова аларма"},{"$i":"editAlarm","$v":"Редактиране на аларма"},{"$i":"tclSettings","$v":"Настройки"},{"$i":"clock-settings","$v":"Настройки на часовник"},{"$i":"alarms-maximum","$v":"Достигнахте максималния брой аларми"},{"$i":"laps-maximum","$v":"Достигнахте максималния брой обиколки"},{"$i":"changes-saved","$v":"Промените са записани."},{"$i":"pause","$v":"Пауза"},{"$i":"resume","$v":"Поднов."},{"$i":"lap","$v":"Обиколка"},{"$i":"lap-number","$v":["Обиколка ",{"t":"idOrVar","v":"n"}]},{"$i":"timer-hour","$v":"час"},{"$i":"timer-min","$v":"минута"},{"$i":"timer-sec","$v":"секунда"},{"$i":"delete","$v":"Изтриване"},{"$i":"time","$v":"Време"},{"$i":"snooze-label","$v":"Отл."},{"$i":"snooze-button","$v":"Отл."},{"$i":"repeat","$v":"Повтаряне"},{"$i":"vibrate","$v":"Вибриране"},{"$i":"close","$v":"Затваряне"},{"$i":"save","$v":"Запис"},{"$i":"done","$v":"Готово"},{"$i":"kai-select-time","$v":"Изберете час"},{"$i":"closeButton","ariaLabel":"Затваряне"},{"$i":"newAlarmButton","ariaLabel":"Нова аларма"},{"$i":"alarm-volume-label","$v":"Сила на звука на сист. аларма"},{"$i":"kai-volume","$v":"Сила на звука:"},{"$i":"volume-level-display","$v":[{"t":"idOrVar","v":"n"}," / ",{"t":"idOrVar","v":"c"}]},{"$i":"sound","$v":"Звук"},{"$i":"noSound","$v":"Няма звук"},{"$i":"kai-ringtones","$v":"Мелодии"},{"$i":"everyday","$v":"Всеки ден"},{"$i":"weekdays","$v":"Дел."},{"$i":"weekends","$v":"Уик."},{"$i":"never","$v":"Никога"},{"$i":"vibrateOn","$v":"Включено"},{"$i":"vibrateOff","$v":"Изкл."},{"$i":"kai-on","$v":"Включено"},{"$i":"kai-off","$v":"Изкл."},{"$i":"plusMinute","$v":"+1 мин."},{"$i":"dateFormat","$v":"%A, %B %e"},{"$i":"countdown-lessThanAnHour","$v":["Алармата е зададена за след ",{"t":"idOrVar","v":"minutes"},"."]},{"$i":"countdown-moreThanAnHour","$v":["Алармата е зададена за след ",{"t":"idOrVar","v":"hours"}," ",{"t":"idOrVar","v":"minutes"},"."]},{"$i":"countdown-moreThanADay","$v":["Алармата е зададена за след ",{"t":"idOrVar","v":"days"}," ",{"t":"idOrVar","v":"hours"},"."]},{"$i":"kai-alarm-off","$v":"Алармата е изключена."},{"$i":"kai-alarm-deleted","$v":"Алармата е изтрита."},{"$i":"alarm-delete-all","$v":"Всички аларми са изтрити."},{"$i":"nMinutes","$v":{"few":[{"t":"idOrVar","v":"n"}," минути"],"many":[{"t":"idOrVar","v":"n"}," минути"],"one":"една минута","other":[{"t":"idOrVar","v":"n"}," минути"],"two":[{"t":"idOrVar","v":"n"}," минути"],"zero":"по-малко от минута"},"$x":[{"t":"idOrVar","v":"plural"},"n"]},{"$i":"nHours","$v":{"few":[{"t":"idOrVar","v":"n"}," часа"],"many":[{"t":"idOrVar","v":"n"}," часа"],"one":[{"t":"idOrVar","v":"n"}," час"],"other":[{"t":"idOrVar","v":"n"}," часа"],"two":[{"t":"idOrVar","v":"n"}," часа"]},"$x":[{"t":"idOrVar","v":"plural"},"n"]},{"$i":"nAndRemainHours","$v":{"few":["и ",{"t":"idOrVar","v":"n"}," часа"],"many":["и ",{"t":"idOrVar","v":"n"}," часа"],"one":["и ",{"t":"idOrVar","v":"n"}," час"],"other":["и ",{"t":"idOrVar","v":"n"}," часа"],"two":["и ",{"t":"idOrVar","v":"n"}," часа"]},"$x":[{"t":"idOrVar","v":"plural"},"n"]},{"$i":"nRemainDays","$v":{"few":[{"t":"idOrVar","v":"n"}," дена"],"many":[{"t":"idOrVar","v":"n"}," дена"],"one":[{"t":"idOrVar","v":"n"}," ден"],"other":[{"t":"idOrVar","v":"n"}," дена"],"two":[{"t":"idOrVar","v":"n"}," дена"]},"$x":[{"t":"idOrVar","v":"plural"},"n"]},{"$i":"nRemainMinutes","$v":{"few":["и ",{"t":"idOrVar","v":"n"}," минути"],"many":["и ",{"t":"idOrVar","v":"n"}," минути"],"one":["и ",{"t":"idOrVar","v":"n"}," минута"],"other":["и ",{"t":"idOrVar","v":"n"}," минути"],"two":["и ",{"t":"idOrVar","v":"n"}," минути"]},"$x":[{"t":"idOrVar","v":"plural"},"n"]},{"$i":"nSpinnerSeconds","$v":{"few":[{"t":"idOrVar","v":"n"}," секунди"],"many":[{"t":"idOrVar","v":"n"}," секунди"],"one":"една секунда","other":[{"t":"idOrVar","v":"n"}," секунди"],"two":[{"t":"idOrVar","v":"n"}," секунди"],"zero":"нула секунди"},"$x":[{"t":"idOrVar","v":"plural"},"n"]},{"$i":"nSpinnerMinutes","$v":{"few":[{"t":"idOrVar","v":"n"}," минути"],"many":[{"t":"idOrVar","v":"n"}," минути"],"one":"една минута","other":[{"t":"idOrVar","v":"n"}," минути"],"two":[{"t":"idOrVar","v":"n"}," минути"],"zero":"нула минути"},"$x":[{"t":"idOrVar","v":"plural"},"n"]},{"$i":"nSpinnerHours","$v":{"few":[{"t":"idOrVar","v":"n"}," часа"],"many":[{"t":"idOrVar","v":"n"}," часа"],"one":[{"t":"idOrVar","v":"n"}," час"],"other":[{"t":"idOrVar","v":"n"}," часа"],"two":[{"t":"idOrVar","v":"n"}," часа"],"zero":"нула часа"},"$x":[{"t":"idOrVar","v":"plural"},"n"]},{"$i":"kai-stop","$v":"Спиране"},{"$i":"kai-snooze","$v":"Отл."},{"$i":"ac_africa_ogg","$v":"Африка"},{"$i":"ac_amazon_ogg","$v":"Амазонка"},{"$i":"ac_disco_ogg","$v":"Диско"},{"$i":"ac_fairy_tales_ogg","$v":"Приказки"},{"$i":"ac_fresh_ogg","$v":"Свежест"},{"$i":"ac_galaxy_ogg","$v":"Галактика"},{"$i":"ac_kai_ogg","$v":"Кай"},{"$i":"ac_techno_ogg","$v":"Техно"},{"$i":"ac_woody_ogg","$v":"Дървесно"},{"$i":"ac_awake_opus","$v":"Awake"},{"$i":"ac_crystalize_opus","$v":"Crystallise"},{"$i":"ac_cycle_opus","$v":"Cycle"},{"$i":"ac_digicloud_opus","$v":"Digicloud"},{"$i":"ac_humming_waves_opus","$v":"Humming Waves"},{"$i":"ac_into_the_void_opus","$v":"Into the Void"},{"$i":"ac_lightly_opus","$v":"Lightly"},{"$i":"ac_mobile_opus","$v":"Mobile"},{"$i":"ac_pinger_opus","$v":"Pinger"},{"$i":"ac_skip_opus","$v":"Skip"},{"$i":"ac_tri_opus","$v":"Tri"},{"$i":"ac_universal_opus","$v":"Universal"},{"$i":"kai-options","$v":"Опции"},{"$i":"kai-clock-title","$v":"Часовник"},{"$i":"alarm-title","$v":"Аларма"},{"$i":"no-alarms-body","$v":"Няма зададени аларми. Натиснете „Нова аларма“, за да започнете."},{"$i":"kai-new-alarm","$v":"Нова аларма"},{"$i":"kai-settings","$v":"Настройки"},{"$i":"kai-cancel","$v":"Отказ"},{"$i":"kai-save","$v":"Запис"},{"$i":"turnOn","$v":"Включване"},{"$i":"turnOff","$v":"Изключване"},{"$i":"edit","$v":"Редактиране"},{"$i":"select","$v":"Избор"},{"$i":"kai-delete","$v":"Изтриване"},{"$i":"delete-all","$v":"Изтриване на всичко"},{"$i":"kai-selected-alarm","$v":"Избрана аларма"},{"$i":"set","$v":"Задаване"},{"$i":"kai-start","$v":"Старт"},{"$i":"kai-reset","$v":"Нулиране"},{"$i":"kai-min-plus","$v":"+1 мин."},{"$i":"kai-resume","$v":"Поднов."},{"$i":"kai-lap","$v":"Обиколка"},{"$i":"play","$v":"Възпроизвеждане"},{"$i":"kai-no-repeat","$v":"Без повтаряне"},{"$i":"kai-confirm-title","$v":"Потвърждаване"},{"$i":"kai-confirm-delete-body","$v":"Изтриване на избраната аларма?"},{"$i":"confirm-delete-all-body","$v":"Да се изтрият ли всички аларми?"},{"$i":"kai-confirm-end-key-body","$v":{"$o":"Прил. ще бъде затв. със заг. данни. <br></br> Връщане към редакт.?"}},{"$i":"kai-confirm-exit-button","$v":"Изход"},{"$i":"kai-confirm-return-button","$v":"Връщане"},{"$i":"weekday-0-long","$v":"Неделя"},{"$i":"weekday-1-long","$v":"Понеделник"},{"$i":"weekday-2-long","$v":"Вторник"},{"$i":"weekday-3-long","$v":"Сряда"},{"$i":"weekday-4-long","$v":"Четвъртък"},{"$i":"weekday-5-long","$v":"Петък"},{"$i":"weekday-6-long","$v":"Събота"},{"$i":"weekday-0-short","$v":"нед"},{"$i":"weekday-1-short","$v":"пон"},{"$i":"weekday-2-short","$v":"втор"},{"$i":"weekday-3-short","$v":"ср"},{"$i":"weekday-4-short","$v":"чт"},{"$i":"weekday-5-short","$v":"пет"},{"$i":"weekday-6-short","$v":"сб"},{"$i":"month-0-long","$v":"Януари"},{"$i":"month-1-long","$v":"Февруари"},{"$i":"month-2-long","$v":"Март"},{"$i":"month-3-long","$v":"Април"},{"$i":"month-4-long","$v":"май"},{"$i":"month-5-long","$v":"Юни"},{"$i":"month-6-long","$v":"Юли"},{"$i":"month-7-long","$v":"Август"},{"$i":"month-8-long","$v":"Септември"},{"$i":"month-9-long","$v":"Октомври"},{"$i":"month-10-long","$v":"Ноември"},{"$i":"month-11-long","$v":"Декември"},{"$i":"month-0-genitive","$v":"Януари"},{"$i":"month-1-genitive","$v":"Февруари"},{"$i":"month-2-genitive","$v":"Март"},{"$i":"month-3-genitive","$v":"Април"},{"$i":"month-4-genitive","$v":"май"},{"$i":"month-5-genitive","$v":"Юни"},{"$i":"month-6-genitive","$v":"Юли"},{"$i":"month-7-genitive","$v":"Август"},{"$i":"month-8-genitive","$v":"Септември"},{"$i":"month-9-genitive","$v":"Октомври"},{"$i":"month-10-genitive","$v":"Ноември"},{"$i":"month-11-genitive","$v":"Декември"},{"$i":"month-0-short","$v":"ян"},{"$i":"month-1-short","$v":"фев"},{"$i":"month-2-short","$v":"март"},{"$i":"month-3-short","$v":"апр"},{"$i":"month-4-short","$v":"май"},{"$i":"month-5-short","$v":"юни"},{"$i":"month-6-short","$v":"юли"},{"$i":"month-7-short","$v":"авг"},{"$i":"month-8-short","$v":"септ"},{"$i":"month-9-short","$v":"окт"},{"$i":"month-10-short","$v":"ноем"},{"$i":"month-11-short","$v":"дек"},{"$i":"minutes-ago-long","$v":{"few":["Преди ",{"t":"idOrVar","v":"value"}," минути"],"many":["Преди ",{"t":"idOrVar","v":"value"}," минути"],"one":"преди минута","other":["Преди ",{"t":"idOrVar","v":"value"}," минути"],"two":["Преди ",{"t":"idOrVar","v":"value"}," минути"],"zero":"точно сега"},"$x":[{"t":"idOrVar","v":"plural"},"value"]},{"$i":"hours-ago-long","$v":{"few":["Преди ",{"t":"idOrVar","v":"value"}," часа"],"many":["Преди ",{"t":"idOrVar","v":"value"}," часа"],"one":"преди час","other":["Преди ",{"t":"idOrVar","v":"value"}," часа"],"two":["Преди ",{"t":"idOrVar","v":"value"}," часа"],"zero":"точно сега"},"$x":[{"t":"idOrVar","v":"plural"},"value"]},{"$i":"days-ago-long","$v":{"few":["Преди ",{"t":"idOrVar","v":"value"}," дни"],"many":["Преди ",{"t":"idOrVar","v":"value"}," дни"],"one":"вчера","other":["Преди ",{"t":"idOrVar","v":"value"}," дни"],"two":["Преди ",{"t":"idOrVar","v":"value"}," дни"],"zero":"днес"},"$x":[{"t":"idOrVar","v":"plural"},"value"]},{"$i":"weeks-ago-long","$v":{"few":["Преди ",{"t":"idOrVar","v":"value"}," седмици"],"many":["Преди ",{"t":"idOrVar","v":"value"}," седмици"],"one":"последната седмица","other":["Преди ",{"t":"idOrVar","v":"value"}," седмици"],"two":["Преди ",{"t":"idOrVar","v":"value"}," седмици"],"zero":"тази седмица"},"$x":[{"t":"idOrVar","v":"plural"},"value"]},{"$i":"months-ago-long","$v":{"few":["Преди ",{"t":"idOrVar","v":"value"}," месеца"],"many":["Преди ",{"t":"idOrVar","v":"value"}," месеца"],"one":"последния месец","other":["Преди ",{"t":"idOrVar","v":"value"}," месеца"],"two":["Преди ",{"t":"idOrVar","v":"value"}," месеца"],"zero":"този месец"},"$x":[{"t":"idOrVar","v":"plural"},"value"]},{"$i":"years-ago-long","$v":{"few":["Преди ",{"t":"idOrVar","v":"value"}," години"],"many":["Преди ",{"t":"idOrVar","v":"value"}," години"],"one":"последната година","other":["Преди ",{"t":"idOrVar","v":"value"}," години"],"two":["Преди ",{"t":"idOrVar","v":"value"}," години"],"zero":"тази година"},"$x":[{"t":"idOrVar","v":"plural"},"value"]},{"$i":"minutes-until-long","$v":{"few":["след ",{"t":"idOrVar","v":"value"}," минути"],"many":["след ",{"t":"idOrVar","v":"value"}," минути"],"one":"след минута","other":["след ",{"t":"idOrVar","v":"value"}," минути"],"two":["след ",{"t":"idOrVar","v":"value"}," минути"],"zero":"сега"},"$x":[{"t":"idOrVar","v":"plural"},"value"]},{"$i":"hours-until-long","$v":{"few":["след ",{"t":"idOrVar","v":"value"}," часа"],"many":["след ",{"t":"idOrVar","v":"value"}," часа"],"one":"след час","other":["след ",{"t":"idOrVar","v":"value"}," часа"],"two":["след ",{"t":"idOrVar","v":"value"}," часа"],"zero":"сега"},"$x":[{"t":"idOrVar","v":"plural"},"value"]},{"$i":"days-until-long","$v":{"few":["след ",{"t":"idOrVar","v":"value"}," дни"],"many":["след ",{"t":"idOrVar","v":"value"}," дни"],"one":"утре","other":["след ",{"t":"idOrVar","v":"value"}," дни"],"two":["след ",{"t":"idOrVar","v":"value"}," дни"],"zero":"днес"},"$x":[{"t":"idOrVar","v":"plural"},"value"]},{"$i":"weeks-until-long","$v":{"few":["след ",{"t":"idOrVar","v":"value"}," седмици"],"many":["след ",{"t":"idOrVar","v":"value"}," седмици"],"one":"следващата седмица","other":["след ",{"t":"idOrVar","v":"value"}," седмици"],"two":["след ",{"t":"idOrVar","v":"value"}," седмици"],"zero":"тази седмица"},"$x":[{"t":"idOrVar","v":"plural"},"value"]},{"$i":"months-until-long","$v":{"few":["след ",{"t":"idOrVar","v":"value"}," месеца"],"many":["след ",{"t":"idOrVar","v":"value"}," месеца"],"one":"следващия месец","other":["след ",{"t":"idOrVar","v":"value"}," месеца"],"two":["след ",{"t":"idOrVar","v":"value"}," месеца"],"zero":"този месец"},"$x":[{"t":"idOrVar","v":"plural"},"value"]},{"$i":"years-until-long","$v":{"few":["след ",{"t":"idOrVar","v":"value"}," години"],"many":["след ",{"t":"idOrVar","v":"value"}," години"],"one":"следващата година","other":["след ",{"t":"idOrVar","v":"value"}," години"],"two":["след ",{"t":"idOrVar","v":"value"}," години"],"zero":"тази година"},"$x":[{"t":"idOrVar","v":"plural"},"value"]},{"$i":"minutes-ago-short","$v":{"other":["Преди ",{"t":"idOrVar","v":"value"}," мин."],"zero":"точно сега"},"$x":[{"t":"idOrVar","v":"plural"},"value"]},{"$i":"hours-ago-short","$v":{"other":["Преди ",{"t":"idOrVar","v":"value"}," ч."],"zero":"точно сега"},"$x":[{"t":"idOrVar","v":"plural"},"value"]},{"$i":"days-ago-short","$v":{"other":["Преди ",{"t":"idOrVar","v":"value"}," дни"],"zero":"днес"},"$x":[{"t":"idOrVar","v":"plural"},"value"]},{"$i":"minutes-until-short","$v":{"other":["след ",{"t":"idOrVar","v":"value"},"м."],"zero":"сега"},"$x":[{"t":"idOrVar","v":"plural"},"value"]},{"$i":"hours-until-short","$v":{"other":["след ",{"t":"idOrVar","v":"value"},"ч."],"zero":"сега"},"$x":[{"t":"idOrVar","v":"plural"},"value"]},{"$i":"days-until-short","$v":{"other":["след ",{"t":"idOrVar","v":"value"},"д."],"zero":"днес"},"$x":[{"t":"idOrVar","v":"plural"},"value"]},{"$i":"incorrectDate","$v":"(неправилна дата)"},{"$i":"dateTimeFormat_%c","$v":"%a %b %e %Y %I:%M:%S %p"},{"$i":"dateTimeFormat_%x","$v":"%m/%d/%Y"},{"$i":"dateTimeFormat_%X","$v":"%I:%M:%S %p"},{"$i":"shortTimeFormat","$v":"%I:%M %p"},{"$i":"shortTimeFormat12","$v":"%I:%M %p"},{"$i":"shortTimeFormat24","$v":"%H:%M"},{"$i":"shortDateTimeFormat","$v":"%x %I:%M %p"},{"$i":"weekStartsOnMonday","$v":"0.0"},{"$i":"firstDayOfTheWeek","$v":"1.0"},{"$i":"time_am","$v":"AM"},{"$i":"time_pm","$v":"PM"},{"$i":"softkey-options","$v":"Опции"}]