[{"$i":"reset","$v":"Resetuj"},{"$i":"start","$v":"Početak"},{"$i":"stop","$v":"Zaustavi"},{"$i":"cancel","$v":"Otkaži"},{"$i":"hour","$v":"Sat"},{"$i":"hours","$v":"Sati"},{"$i":"minute","$v":"Minuta"},{"$i":"minutes","$v":"Minute"},{"$i":"second","$v":"Sekunda"},{"$i":"alarm","$v":"Alarm"},{"$i":"alarm-name","placeholder":"Alarm"},{"$i":"timer","$v":"Tajmer"},{"$i":"stopwatch","$v":"Štoperica"},{"$i":"alarmName","$v":"Ime alarma"},{"$i":"newAlarm","$v":"Novi alarm"},{"$i":"editAlarm","$v":"Uredi alarm"},{"$i":"tclSettings","$v":"Postavke"},{"$i":"clock-settings","$v":"Podešavanja sata"},{"$i":"alarms-maximum","$v":"Dostigli ste maksimalan broj alarma"},{"$i":"laps-maximum","$v":"Dostigli ste maksimalan broj krugova"},{"$i":"changes-saved","$v":"Promjene sačuvane."},{"$i":"pause","$v":"Pauza"},{"$i":"resume","$v":"Nastavi"},{"$i":"lap","$v":"Krug"},{"$i":"lap-number","$v":["Krug ",{"t":"idOrVar","v":"n"}]},{"$i":"timer-hour","$v":"sat"},{"$i":"timer-min","$v":"minuta"},{"$i":"timer-sec","$v":"sekunda"},{"$i":"delete","$v":"Izbriši"},{"$i":"time","$v":"Vrijeme"},{"$i":"snooze-label","$v":"Odgodi"},{"$i":"snooze-button","$v":"Odgodi"},{"$i":"repeat","$v":"Ponavljanje"},{"$i":"vibrate","$v":"Vibracija"},{"$i":"close","$v":"Zatvori"},{"$i":"save","$v":"Sačuvaj"},{"$i":"done","$v":"Završeno"},{"$i":"kai-select-time","$v":"Odaberi vrijeme"},{"$i":"closeButton","ariaLabel":"Zatvori"},{"$i":"newAlarmButton","ariaLabel":"Novi alarm"},{"$i":"alarm-volume-label","$v":"Jačina sistemskog alarma"},{"$i":"kai-volume","$v":"Jačina zvuka:"},{"$i":"volume-level-display","$v":[{"t":"idOrVar","v":"n"}," / ",{"t":"idOrVar","v":"c"}]},{"$i":"sound","$v":"Zvuk"},{"$i":"noSound","$v":"Bez zvuka"},{"$i":"kai-ringtones","$v":"Melodije zvona"},{"$i":"everyday","$v":"Svaki dan"},{"$i":"weekdays","$v":"Dani u sedmici"},{"$i":"weekends","$v":"Vikendi"},{"$i":"never","$v":"Nikada"},{"$i":"vibrateOn","$v":"Uklj."},{"$i":"vibrateOff","$v":"Isklj."},{"$i":"kai-on","$v":"Uklj."},{"$i":"kai-off","$v":"Isklj."},{"$i":"plusMinute","$v":"+1 min."},{"$i":"dateFormat","$v":"%A, %B %e"},{"$i":"countdown-lessThanAnHour","$v":["Alarm je podešen za ",{"t":"idOrVar","v":"minutes"}," od sada."]},{"$i":"countdown-moreThanAnHour","$v":["Alarm je podešen za ",{"t":"idOrVar","v":"hours"}," ",{"t":"idOrVar","v":"minutes"}," od sada."]},{"$i":"countdown-moreThanADay","$v":["Alarm je podešen za ",{"t":"idOrVar","v":"days"}," ",{"t":"idOrVar","v":"hours"}," od sada."]},{"$i":"kai-alarm-off","$v":"Alarm isključen."},{"$i":"kai-alarm-deleted","$v":"Alarm izbrisan."},{"$i":"alarm-delete-all","$v":"Svi alarmi su izbrisani."},{"$i":"nMinutes","$v":{"few":[{"t":"idOrVar","v":"n"}," minuta"],"many":[{"t":"idOrVar","v":"n"}," minuta"],"one":"jedna minuta","other":[{"t":"idOrVar","v":"n"}," minuta"],"two":[{"t":"idOrVar","v":"n"}," minuta"],"zero":"manje od minute"},"$x":[{"t":"idOrVar","v":"plural"},"n"]},{"$i":"nHours","$v":{"few":[{"t":"idOrVar","v":"n"}," sati"],"many":[{"t":"idOrVar","v":"n"}," sati"],"one":[{"t":"idOrVar","v":"n"}," sat"],"other":[{"t":"idOrVar","v":"n"}," sati"],"two":[{"t":"idOrVar","v":"n"}," sati"]},"$x":[{"t":"idOrVar","v":"plural"},"n"]},{"$i":"nAndRemainHours","$v":{"few":["i ",{"t":"idOrVar","v":"n"}," sati"],"many":["i ",{"t":"idOrVar","v":"n"}," sati"],"one":["i ",{"t":"idOrVar","v":"n"}," sat"],"other":["i ",{"t":"idOrVar","v":"n"}," sati"],"two":["i ",{"t":"idOrVar","v":"n"}," sati"]},"$x":[{"t":"idOrVar","v":"plural"},"n"]},{"$i":"nRemainDays","$v":{"few":[{"t":"idOrVar","v":"n"}," dana"],"many":[{"t":"idOrVar","v":"n"}," dana"],"one":[{"t":"idOrVar","v":"n"}," dan"],"other":[{"t":"idOrVar","v":"n"}," dana"],"two":[{"t":"idOrVar","v":"n"}," dana"]},"$x":[{"t":"idOrVar","v":"plural"},"n"]},{"$i":"nRemainMinutes","$v":{"few":["i ",{"t":"idOrVar","v":"n"}," minuti"],"many":["i ",{"t":"idOrVar","v":"n"}," minuti"],"one":["i ",{"t":"idOrVar","v":"n"}," minut"],"other":["i ",{"t":"idOrVar","v":"n"}," minuti"],"two":["i ",{"t":"idOrVar","v":"n"}," minuti"]},"$x":[{"t":"idOrVar","v":"plural"},"n"]},{"$i":"nSpinnerSeconds","$v":{"few":[{"t":"idOrVar","v":"n"}," sekunde/i"],"many":[{"t":"idOrVar","v":"n"}," sekunde/i"],"one":"Sad","other":[{"t":"idOrVar","v":"n"}," sekunde/i"],"two":[{"t":"idOrVar","v":"n"}," sekunde/i"],"zero":"nula sekundi"},"$x":[{"t":"idOrVar","v":"plural"},"n"]},{"$i":"nSpinnerMinutes","$v":{"few":[{"t":"idOrVar","v":"n"}," minuta"],"many":[{"t":"idOrVar","v":"n"}," minuta"],"one":"jedna minuta","other":[{"t":"idOrVar","v":"n"}," minuta"],"two":[{"t":"idOrVar","v":"n"}," minuta"],"zero":"nula minuta"},"$x":[{"t":"idOrVar","v":"plural"},"n"]},{"$i":"nSpinnerHours","$v":{"few":[{"t":"idOrVar","v":"n"}," sati"],"many":[{"t":"idOrVar","v":"n"}," sati"],"one":[{"t":"idOrVar","v":"n"}," sat"],"other":[{"t":"idOrVar","v":"n"}," sati"],"two":[{"t":"idOrVar","v":"n"}," sati"],"zero":"nula sati"},"$x":[{"t":"idOrVar","v":"plural"},"n"]},{"$i":"kai-stop","$v":"Zaustavi"},{"$i":"kai-snooze","$v":"Odgodi"},{"$i":"ac_africa_ogg","$v":"Afrika"},{"$i":"ac_amazon_ogg","$v":"Amazon"},{"$i":"ac_disco_ogg","$v":"Disko"},{"$i":"ac_fairy_tales_ogg","$v":"Bajke"},{"$i":"ac_fresh_ogg","$v":"Osvježenje"},{"$i":"ac_galaxy_ogg","$v":"Svemir"},{"$i":"ac_kai_ogg","$v":"Kai"},{"$i":"ac_techno_ogg","$v":"Tehno"},{"$i":"ac_woody_ogg","$v":"Drvenasto"},{"$i":"ac_awake_opus","$v":"Awake"},{"$i":"ac_crystalize_opus","$v":"Crystallise"},{"$i":"ac_cycle_opus","$v":"Cycle"},{"$i":"ac_digicloud_opus","$v":"Digicloud"},{"$i":"ac_humming_waves_opus","$v":"Humming Waves"},{"$i":"ac_into_the_void_opus","$v":"Into the Void"},{"$i":"ac_lightly_opus","$v":"Lightly"},{"$i":"ac_mobile_opus","$v":"Mobile"},{"$i":"ac_pinger_opus","$v":"Pinger"},{"$i":"ac_skip_opus","$v":"Skip"},{"$i":"ac_tri_opus","$v":"Tri"},{"$i":"ac_universal_opus","$v":"Universal"},{"$i":"kai-options","$v":"Opcije"},{"$i":"kai-clock-title","$v":"Sat"},{"$i":"alarm-title","$v":"Alarm"},{"$i":"no-alarms-body","$v":"Nema podešenih alarma. Pritisni Novi alarm za početak."},{"$i":"kai-new-alarm","$v":"Novi alarm"},{"$i":"kai-settings","$v":"Postavke"},{"$i":"kai-cancel","$v":"Otkaži"},{"$i":"kai-save","$v":"Sačuvaj"},{"$i":"turnOn","$v":"Uključi"},{"$i":"turnOff","$v":"Isključi"},{"$i":"edit","$v":"Uredi"},{"$i":"select","$v":"Odaberi"},{"$i":"kai-delete","$v":"Izbriši"},{"$i":"delete-all","$v":"Izbriši sve"},{"$i":"kai-selected-alarm","$v":"Odabrani alarm"},{"$i":"set","$v":"Postavi"},{"$i":"kai-start","$v":"Početak"},{"$i":"kai-reset","$v":"Resetuj"},{"$i":"kai-min-plus","$v":"+1 min."},{"$i":"kai-resume","$v":"Nastavi"},{"$i":"kai-lap","$v":"Krug"},{"$i":"play","$v":"Reprodukuj"},{"$i":"kai-no-repeat","$v":"Nema ponavljanja"},{"$i":"kai-confirm-title","$v":"Potvrda"},{"$i":"kai-confirm-delete-body","$v":"Izbriši odabrani alarm?"},{"$i":"confirm-delete-all-body","$v":"Izbrisati sve alarme?"},{"$i":"kai-confirm-end-key-body","$v":{"$o":"Aplik. će se zatvoriti s gubitkom podataka. <br></br> Želite se vratiti na uređivanje?"}},{"$i":"kai-confirm-exit-button","$v":"Izađi"},{"$i":"kai-confirm-return-button","$v":"Nazad"},{"$i":"weekday-0-long","$v":"Nedjelja"},{"$i":"weekday-1-long","$v":"Ponedjeljak"},{"$i":"weekday-2-long","$v":"Utorak"},{"$i":"weekday-3-long","$v":"Srijeda"},{"$i":"weekday-4-long","$v":"Četvrtak"},{"$i":"weekday-5-long","$v":"Petak"},{"$i":"weekday-6-long","$v":"Subota"},{"$i":"weekday-0-short","$v":"Ned."},{"$i":"weekday-1-short","$v":"Pon."},{"$i":"weekday-2-short","$v":"Uto."},{"$i":"weekday-3-short","$v":"Sri."},{"$i":"weekday-4-short","$v":"Čet."},{"$i":"weekday-5-short","$v":"Pet."},{"$i":"weekday-6-short","$v":"Sub."},{"$i":"month-0-long","$v":"Januar"},{"$i":"month-1-long","$v":"Februar"},{"$i":"month-2-long","$v":"Mart"},{"$i":"month-3-long","$v":"April"},{"$i":"month-4-long","$v":"Maj"},{"$i":"month-5-long","$v":"Juni"},{"$i":"month-6-long","$v":"Juli"},{"$i":"month-7-long","$v":"Avgust"},{"$i":"month-8-long","$v":"Septembar"},{"$i":"month-9-long","$v":"Oktobar"},{"$i":"month-10-long","$v":"Novembar"},{"$i":"month-11-long","$v":"Decembar"},{"$i":"month-0-genitive","$v":"Januar"},{"$i":"month-1-genitive","$v":"Februar"},{"$i":"month-2-genitive","$v":"Mart"},{"$i":"month-3-genitive","$v":"April"},{"$i":"month-4-genitive","$v":"Maj"},{"$i":"month-5-genitive","$v":"Juni"},{"$i":"month-6-genitive","$v":"Juli"},{"$i":"month-7-genitive","$v":"Avgust"},{"$i":"month-8-genitive","$v":"Septembar"},{"$i":"month-9-genitive","$v":"Oktobar"},{"$i":"month-10-genitive","$v":"Novembar"},{"$i":"month-11-genitive","$v":"Decembar"},{"$i":"month-0-short","$v":"Jan."},{"$i":"month-1-short","$v":"Feb."},{"$i":"month-2-short","$v":"Mart"},{"$i":"month-3-short","$v":"Apr."},{"$i":"month-4-short","$v":"Maj"},{"$i":"month-5-short","$v":"Juni"},{"$i":"month-6-short","$v":"Juli"},{"$i":"month-7-short","$v":"Avg."},{"$i":"month-8-short","$v":"Sep."},{"$i":"month-9-short","$v":"Okt."},{"$i":"month-10-short","$v":"Nov."},{"$i":"month-11-short","$v":"Dec."},{"$i":"minutes-ago-long","$v":{"few":["Prije ",{"t":"idOrVar","v":"value"}," minute/a"],"many":["Prije ",{"t":"idOrVar","v":"value"}," minute/a"],"one":"prije jedan minut","other":["Prije ",{"t":"idOrVar","v":"value"}," minute/a"],"two":["Prije ",{"t":"idOrVar","v":"value"}," minute/a"],"zero":"sada"},"$x":[{"t":"idOrVar","v":"plural"},"value"]},{"$i":"hours-ago-long","$v":{"few":["Prije ",{"t":"idOrVar","v":"value"}," sata/i"],"many":["Prije ",{"t":"idOrVar","v":"value"}," sata/i"],"one":"prije sat vremena","other":["Prije ",{"t":"idOrVar","v":"value"}," sata/i"],"two":["Prije ",{"t":"idOrVar","v":"value"}," sata/i"],"zero":"sada"},"$x":[{"t":"idOrVar","v":"plural"},"value"]},{"$i":"days-ago-long","$v":{"few":["prije ",{"t":"idOrVar","v":"value"}," dana"],"many":["prije ",{"t":"idOrVar","v":"value"}," dana"],"one":"jučer","other":["prije ",{"t":"idOrVar","v":"value"}," dana"],"two":["prije ",{"t":"idOrVar","v":"value"}," dana"],"zero":"danas"},"$x":[{"t":"idOrVar","v":"plural"},"value"]},{"$i":"weeks-ago-long","$v":{"few":["Prije ",{"t":"idOrVar","v":"value"}," sedmice/a"],"many":["Prije ",{"t":"idOrVar","v":"value"}," sedmice/a"],"one":"prošle sedmice","other":["Prije ",{"t":"idOrVar","v":"value"}," sedmice/a"],"two":["Prije ",{"t":"idOrVar","v":"value"}," sedmice/a"],"zero":"ova sedmica"},"$x":[{"t":"idOrVar","v":"plural"},"value"]},{"$i":"months-ago-long","$v":{"few":["Prije ",{"t":"idOrVar","v":"value"}," mjeseca/i"],"many":["Prije ",{"t":"idOrVar","v":"value"}," mjeseca/i"],"one":"prošli mjesec","other":["Prije ",{"t":"idOrVar","v":"value"}," mjeseca/i"],"two":["Prije ",{"t":"idOrVar","v":"value"}," mjeseca/i"],"zero":"ovaj mjesec"},"$x":[{"t":"idOrVar","v":"plural"},"value"]},{"$i":"years-ago-long","$v":{"few":["Prije ",{"t":"idOrVar","v":"value"}," godine/a"],"many":["Prije ",{"t":"idOrVar","v":"value"}," godine/a"],"one":"prošle godine","other":["Prije ",{"t":"idOrVar","v":"value"}," godine/a"],"two":["Prije ",{"t":"idOrVar","v":"value"}," godine/a"],"zero":"ova godina"},"$x":[{"t":"idOrVar","v":"plural"},"value"]},{"$i":"minutes-until-long","$v":{"few":["za ",{"t":"idOrVar","v":"value"}," minuta"],"many":["za ",{"t":"idOrVar","v":"value"}," minuta"],"one":"za minut","other":["za ",{"t":"idOrVar","v":"value"}," minuta"],"two":["za ",{"t":"idOrVar","v":"value"}," minuta"],"zero":"sada"},"$x":[{"t":"idOrVar","v":"plural"},"value"]},{"$i":"hours-until-long","$v":{"few":["za ",{"t":"idOrVar","v":"value"}," sati"],"many":["za ",{"t":"idOrVar","v":"value"}," sati"],"one":"za sat","other":["za ",{"t":"idOrVar","v":"value"}," sati"],"two":["za ",{"t":"idOrVar","v":"value"}," sati"],"zero":"sada"},"$x":[{"t":"idOrVar","v":"plural"},"value"]},{"$i":"days-until-long","$v":{"few":["za ",{"t":"idOrVar","v":"value"}," dana"],"many":["za ",{"t":"idOrVar","v":"value"}," dana"],"one":"sutra","other":["za ",{"t":"idOrVar","v":"value"}," dana"],"two":["za ",{"t":"idOrVar","v":"value"}," dana"],"zero":"danas"},"$x":[{"t":"idOrVar","v":"plural"},"value"]},{"$i":"weeks-until-long","$v":{"few":["za ",{"t":"idOrVar","v":"value"}," sedmica"],"many":["za ",{"t":"idOrVar","v":"value"}," sedmica"],"one":"sljedeća sedmica","other":["za ",{"t":"idOrVar","v":"value"}," sedmica"],"two":["za ",{"t":"idOrVar","v":"value"}," sedmica"],"zero":"ova sedmica"},"$x":[{"t":"idOrVar","v":"plural"},"value"]},{"$i":"months-until-long","$v":{"few":["za ",{"t":"idOrVar","v":"value"}," mjeseci"],"many":["za ",{"t":"idOrVar","v":"value"}," mjeseci"],"one":"sljedeći mjesec","other":["za ",{"t":"idOrVar","v":"value"}," mjeseci"],"two":["za ",{"t":"idOrVar","v":"value"}," mjeseci"],"zero":"ovaj mjesec"},"$x":[{"t":"idOrVar","v":"plural"},"value"]},{"$i":"years-until-long","$v":{"few":["za ",{"t":"idOrVar","v":"value"}," godina"],"many":["za ",{"t":"idOrVar","v":"value"}," godina"],"one":"sljedeća godina","other":["za ",{"t":"idOrVar","v":"value"}," godina"],"two":["za ",{"t":"idOrVar","v":"value"}," godina"],"zero":"ova godina"},"$x":[{"t":"idOrVar","v":"plural"},"value"]},{"$i":"minutes-ago-short","$v":{"other":["Prije ",{"t":"idOrVar","v":"value"},"m"],"zero":"sada"},"$x":[{"t":"idOrVar","v":"plural"},"value"]},{"$i":"hours-ago-short","$v":{"other":["Prije ",{"t":"idOrVar","v":"value"},"h"],"zero":"sada"},"$x":[{"t":"idOrVar","v":"plural"},"value"]},{"$i":"days-ago-short","$v":{"other":["Prije ",{"t":"idOrVar","v":"value"},"d"],"zero":"danas"},"$x":[{"t":"idOrVar","v":"plural"},"value"]},{"$i":"minutes-until-short","$v":{"other":["za ",{"t":"idOrVar","v":"value"},"m"],"zero":"sada"},"$x":[{"t":"idOrVar","v":"plural"},"value"]},{"$i":"hours-until-short","$v":{"other":["za ",{"t":"idOrVar","v":"value"},"s"],"zero":"sada"},"$x":[{"t":"idOrVar","v":"plural"},"value"]},{"$i":"days-until-short","$v":{"other":["za ",{"t":"idOrVar","v":"value"},"d"],"zero":"danas"},"$x":[{"t":"idOrVar","v":"plural"},"value"]},{"$i":"incorrectDate","$v":"(netačan datum)"},{"$i":"dateTimeFormat_%c","$v":"%a %b %e %Y %I:%M:%S %p"},{"$i":"dateTimeFormat_%x","$v":"%m/%d/%Y"},{"$i":"dateTimeFormat_%X","$v":"%I:%M:%S %p"},{"$i":"shortTimeFormat","$v":"%I:%M %p"},{"$i":"shortTimeFormat12","$v":"%I:%M %p"},{"$i":"shortTimeFormat24","$v":"%H:%M"},{"$i":"shortDateTimeFormat","$v":"%x %I:%M %p"},{"$i":"weekStartsOnMonday","$v":"0.0"},{"$i":"firstDayOfTheWeek","$v":"1.0"},{"$i":"time_am","$v":"AM"},{"$i":"time_pm","$v":"PM"},{"$i":"softkey-options","$v":"Opcije"}]