[{"$i":"reset","$v":"Resetovat"},{"$i":"start","$v":"Spustit"},{"$i":"stop","$v":"Zastavit"},{"$i":"cancel","$v":"Zrušit"},{"$i":"hour","$v":"hod."},{"$i":"hours","$v":"hod."},{"$i":"minute","$v":"min."},{"$i":"minutes","$v":"Min."},{"$i":"second","$v":"Sekunda"},{"$i":"alarm","$v":"Budík"},{"$i":"alarm-name","placeholder":"Budík"},{"$i":"timer","$v":"Časovač"},{"$i":"stopwatch","$v":"Stopky"},{"$i":"alarmName","$v":"Název budíku"},{"$i":"newAlarm","$v":"Nový budík"},{"$i":"editAlarm","$v":"Upravit upozornění"},{"$i":"tclSettings","$v":"Nastavení"},{"$i":"clock-settings","$v":"Nastavení hodin"},{"$i":"alarms-maximum","$v":"Byl dosažen maximální počet budíků"},{"$i":"laps-maximum","$v":"Byl dosažen maximální počet kol"},{"$i":"changes-saved","$v":"Změny uloženy."},{"$i":"pause","$v":"Pozastavit"},{"$i":"resume","$v":"Pokračovat"},{"$i":"lap","$v":"Kolo"},{"$i":"lap-number","$v":["Kolo ",{"t":"idOrVar","v":"n"}]},{"$i":"timer-hour","$v":"hod."},{"$i":"timer-min","$v":"minuta"},{"$i":"timer-sec","$v":"sekunda"},{"$i":"delete","$v":"Odstranit"},{"$i":"time","$v":"Čas"},{"$i":"snooze-label","$v":"Odložit"},{"$i":"snooze-button","$v":"Odložit"},{"$i":"repeat","$v":"Opakovat"},{"$i":"vibrate","$v":"Vibrace"},{"$i":"close","$v":"Zavřít"},{"$i":"save","$v":"Uložit"},{"$i":"done","$v":"Hotovo"},{"$i":"kai-select-time","$v":"Vybrat čas"},{"$i":"closeButton","ariaLabel":"Zavřít"},{"$i":"newAlarmButton","ariaLabel":"Nový budík"},{"$i":"alarm-volume-label","$v":"Hlasitost syst. budíku"},{"$i":"kai-volume","$v":"Hlasitost:"},{"$i":"volume-level-display","$v":[{"t":"idOrVar","v":"n"}," / ",{"t":"idOrVar","v":"c"}]},{"$i":"sound","$v":"Zvuk"},{"$i":"noSound","$v":"Žádný zvuk"},{"$i":"kai-ringtones","$v":"Vyzváněcí tóny"},{"$i":"everyday","$v":"Každý den"},{"$i":"weekdays","$v":"Všed. dny"},{"$i":"weekends","$v":"Víkendy"},{"$i":"never","$v":"Nikdy"},{"$i":"vibrateOn","$v":"Zap."},{"$i":"vibrateOff","$v":"Vyp."},{"$i":"kai-on","$v":"Zap."},{"$i":"kai-off","$v":"Vyp."},{"$i":"plusMinute","$v":"+1 min"},{"$i":"dateFormat","$v":"%A, %B %e"},{"$i":"countdown-lessThanAnHour","$v":["Budík se aktivuje za ",{"t":"idOrVar","v":"minutes"},"."]},{"$i":"countdown-moreThanAnHour","$v":["Budík se aktivuje za ",{"t":"idOrVar","v":"hours"}," ",{"t":"idOrVar","v":"minutes"},"."]},{"$i":"countdown-moreThanADay","$v":["Budík se aktivuje za ",{"t":"idOrVar","v":"days"}," ",{"t":"idOrVar","v":"hours"},"."]},{"$i":"kai-alarm-off","$v":"Budík vypnut."},{"$i":"kai-alarm-deleted","$v":"Budík odstraněn."},{"$i":"alarm-delete-all","$v":"Všechny alarmy byly vymazány."},{"$i":"nMinutes","$v":{"few":[{"t":"idOrVar","v":"n"}," minut(y)"],"many":[{"t":"idOrVar","v":"n"}," minut(y)"],"one":"1 minuta","other":[{"t":"idOrVar","v":"n"}," minut"],"two":[{"t":"idOrVar","v":"n"}," minut(y)"],"zero":"méně než minuta"},"$x":[{"t":"idOrVar","v":"plural"},"n"]},{"$i":"nHours","$v":{"few":[{"t":"idOrVar","v":"n"}," hodin(y)"],"many":[{"t":"idOrVar","v":"n"}," hodin(y)"],"one":[{"t":"idOrVar","v":"n"}," hodina"],"other":[{"t":"idOrVar","v":"n"}," hodin(y)"],"two":[{"t":"idOrVar","v":"n"}," hodin(y)"]},"$x":[{"t":"idOrVar","v":"plural"},"n"]},{"$i":"nAndRemainHours","$v":{"few":["a ",{"t":"idOrVar","v":"n"}," hod."],"many":["a ",{"t":"idOrVar","v":"n"}," hod."],"one":["a ",{"t":"idOrVar","v":"n"}," hod."],"other":["a ",{"t":"idOrVar","v":"n"}," hod."],"two":["a ",{"t":"idOrVar","v":"n"}," hod."]},"$x":[{"t":"idOrVar","v":"plural"},"n"]},{"$i":"nRemainDays","$v":{"few":[{"t":"idOrVar","v":"n"}," dny/dní"],"many":[{"t":"idOrVar","v":"n"}," dny/dní"],"one":[{"t":"idOrVar","v":"n"}," den"],"other":[{"t":"idOrVar","v":"n"}," dny/dní"],"two":[{"t":"idOrVar","v":"n"}," dny/dní"]},"$x":[{"t":"idOrVar","v":"plural"},"n"]},{"$i":"nRemainMinutes","$v":{"few":["a ",{"t":"idOrVar","v":"n"}," min."],"many":["a ",{"t":"idOrVar","v":"n"}," min."],"one":["a ",{"t":"idOrVar","v":"n"}," min."],"other":["a ",{"t":"idOrVar","v":"n"}," min."],"two":["a ",{"t":"idOrVar","v":"n"}," min."]},"$x":[{"t":"idOrVar","v":"plural"},"n"]},{"$i":"nSpinnerSeconds","$v":{"few":[{"t":"idOrVar","v":"n"}," sekund(y)"],"many":[{"t":"idOrVar","v":"n"}," sekund(y)"],"one":"1 sekunda","other":[{"t":"idOrVar","v":"n"}," sekund(y)"],"two":[{"t":"idOrVar","v":"n"}," sekund(y)"],"zero":"nula sekund"},"$x":[{"t":"idOrVar","v":"plural"},"n"]},{"$i":"nSpinnerMinutes","$v":{"few":[{"t":"idOrVar","v":"n"}," minut(y)"],"many":[{"t":"idOrVar","v":"n"}," minut(y)"],"one":"1 minuta","other":[{"t":"idOrVar","v":"n"}," minut(y)"],"two":[{"t":"idOrVar","v":"n"}," minut(y)"],"zero":"nula minut"},"$x":[{"t":"idOrVar","v":"plural"},"n"]},{"$i":"nSpinnerHours","$v":{"few":[{"t":"idOrVar","v":"n"}," hodin(y)"],"many":[{"t":"idOrVar","v":"n"}," hodin(y)"],"one":[{"t":"idOrVar","v":"n"}," hodina"],"other":[{"t":"idOrVar","v":"n"}," hodin(y)"],"two":[{"t":"idOrVar","v":"n"}," hodin(y)"],"zero":"nula hodin"},"$x":[{"t":"idOrVar","v":"plural"},"n"]},{"$i":"kai-stop","$v":"Zastavit"},{"$i":"kai-snooze","$v":"Odložit"},{"$i":"ac_africa_ogg","$v":"Afrika"},{"$i":"ac_amazon_ogg","$v":"Amazonie"},{"$i":"ac_disco_ogg","$v":"Disko"},{"$i":"ac_fairy_tales_ogg","$v":"Pohádky"},{"$i":"ac_fresh_ogg","$v":"Svěží"},{"$i":"ac_galaxy_ogg","$v":"Galaxie"},{"$i":"ac_kai_ogg","$v":"Kai"},{"$i":"ac_techno_ogg","$v":"Techno"},{"$i":"ac_woody_ogg","$v":"Les"},{"$i":"ac_awake_opus","$v":"Awake"},{"$i":"ac_crystalize_opus","$v":"Crystallise"},{"$i":"ac_cycle_opus","$v":"Cycle"},{"$i":"ac_digicloud_opus","$v":"Digicloud"},{"$i":"ac_humming_waves_opus","$v":"Humming Waves"},{"$i":"ac_into_the_void_opus","$v":"Into the Void"},{"$i":"ac_lightly_opus","$v":"Lightly"},{"$i":"ac_mobile_opus","$v":"Mobile"},{"$i":"ac_pinger_opus","$v":"Pinger"},{"$i":"ac_skip_opus","$v":"Skip"},{"$i":"ac_tri_opus","$v":"Tri"},{"$i":"ac_universal_opus","$v":"Universal"},{"$i":"kai-options","$v":"Možnosti"},{"$i":"kai-clock-title","$v":"Hodiny"},{"$i":"alarm-title","$v":"Budík"},{"$i":"no-alarms-body","$v":"Nebyly nastaveny žádné budíky. Stiskněte Nový budík."},{"$i":"kai-new-alarm","$v":"Nový budík"},{"$i":"kai-settings","$v":"Nastavení"},{"$i":"kai-cancel","$v":"Zrušit"},{"$i":"kai-save","$v":"Uložit"},{"$i":"turnOn","$v":"Zapnout"},{"$i":"turnOff","$v":"Vypnout"},{"$i":"edit","$v":"Upravit"},{"$i":"select","$v":"Vybrat"},{"$i":"kai-delete","$v":"Odstranit"},{"$i":"delete-all","$v":"Odstranit vše"},{"$i":"kai-selected-alarm","$v":"Vybraný budík"},{"$i":"set","$v":"Nastavit"},{"$i":"kai-start","$v":"Spustit"},{"$i":"kai-reset","$v":"Resetovat"},{"$i":"kai-min-plus","$v":"+1 min"},{"$i":"kai-resume","$v":"Pokračovat"},{"$i":"kai-lap","$v":"Kolo"},{"$i":"play","$v":"Přehrát"},{"$i":"kai-no-repeat","$v":"Neopakovat"},{"$i":"kai-confirm-title","$v":"Potvrzení"},{"$i":"kai-confirm-delete-body","$v":"Odstranit vybrané upozornění?"},{"$i":"confirm-delete-all-body","$v":"Smazat všechny alarmy?"},{"$i":"kai-confirm-end-key-body","$v":{"$o":"Aplikace bude zavřena a data ztracena. <br></br> Chcete se vrátit k úpravám?"}},{"$i":"kai-confirm-exit-button","$v":"Konec"},{"$i":"kai-confirm-return-button","$v":"Vrátit"},{"$i":"weekday-0-long","$v":"Neděle"},{"$i":"weekday-1-long","$v":"Pondělí"},{"$i":"weekday-2-long","$v":"Úterý"},{"$i":"weekday-3-long","$v":"Středa"},{"$i":"weekday-4-long","$v":"Čtvrtek"},{"$i":"weekday-5-long","$v":"Pátek"},{"$i":"weekday-6-long","$v":"Sobota"},{"$i":"weekday-0-short","$v":"Ne"},{"$i":"weekday-1-short","$v":"Po"},{"$i":"weekday-2-short","$v":"Út"},{"$i":"weekday-3-short","$v":"St"},{"$i":"weekday-4-short","$v":"Čt"},{"$i":"weekday-5-short","$v":"Pá"},{"$i":"weekday-6-short","$v":"So"},{"$i":"month-0-long","$v":"Leden"},{"$i":"month-1-long","$v":"Únor"},{"$i":"month-2-long","$v":"Březen"},{"$i":"month-3-long","$v":"Duben"},{"$i":"month-4-long","$v":"Květen"},{"$i":"month-5-long","$v":"Červen"},{"$i":"month-6-long","$v":"Červenec"},{"$i":"month-7-long","$v":"Srpen"},{"$i":"month-8-long","$v":"Září"},{"$i":"month-9-long","$v":"Říjen"},{"$i":"month-10-long","$v":"Listopad"},{"$i":"month-11-long","$v":"Prosinec"},{"$i":"month-0-genitive","$v":"Leden"},{"$i":"month-1-genitive","$v":"Únor"},{"$i":"month-2-genitive","$v":"Březen"},{"$i":"month-3-genitive","$v":"Duben"},{"$i":"month-4-genitive","$v":"Květen"},{"$i":"month-5-genitive","$v":"Červen"},{"$i":"month-6-genitive","$v":"Červenec"},{"$i":"month-7-genitive","$v":"Srpen"},{"$i":"month-8-genitive","$v":"Září"},{"$i":"month-9-genitive","$v":"Říjen"},{"$i":"month-10-genitive","$v":"Listopad"},{"$i":"month-11-genitive","$v":"Prosinec"},{"$i":"month-0-short","$v":"Led"},{"$i":"month-1-short","$v":"Úno"},{"$i":"month-2-short","$v":"Bře"},{"$i":"month-3-short","$v":"Dub"},{"$i":"month-4-short","$v":"Kvě"},{"$i":"month-5-short","$v":"Čer"},{"$i":"month-6-short","$v":"Čvc"},{"$i":"month-7-short","$v":"Srp"},{"$i":"month-8-short","$v":"Zář"},{"$i":"month-9-short","$v":"Říj"},{"$i":"month-10-short","$v":"Lis"},{"$i":"month-11-short","$v":"Pro"},{"$i":"minutes-ago-long","$v":{"few":["před ",{"t":"idOrVar","v":"value"}," minutami"],"many":["před ",{"t":"idOrVar","v":"value"}," minutami"],"one":"před minutou","other":["před ",{"t":"idOrVar","v":"value"}," minutami"],"two":["před ",{"t":"idOrVar","v":"value"}," minutami"],"zero":"právě teď"},"$x":[{"t":"idOrVar","v":"plural"},"value"]},{"$i":"hours-ago-long","$v":{"few":["před ",{"t":"idOrVar","v":"value"}," hodinami"],"many":["před ",{"t":"idOrVar","v":"value"}," hodinami"],"one":"před hodinou","other":["před ",{"t":"idOrVar","v":"value"}," hodinami"],"two":["před ",{"t":"idOrVar","v":"value"}," hodinami"],"zero":"právě teď"},"$x":[{"t":"idOrVar","v":"plural"},"value"]},{"$i":"days-ago-long","$v":{"few":["před ",{"t":"idOrVar","v":"value"}," dny"],"many":["před ",{"t":"idOrVar","v":"value"}," dny"],"one":"včera","other":["před ",{"t":"idOrVar","v":"value"}," dny"],"two":["před ",{"t":"idOrVar","v":"value"}," dny"],"zero":"dnes"},"$x":[{"t":"idOrVar","v":"plural"},"value"]},{"$i":"weeks-ago-long","$v":{"few":["před ",{"t":"idOrVar","v":"value"}," týdny"],"many":["před ",{"t":"idOrVar","v":"value"}," týdny"],"one":"minulý týden","other":["před ",{"t":"idOrVar","v":"value"}," týdny"],"two":["před ",{"t":"idOrVar","v":"value"}," týdny"],"zero":"tento týden"},"$x":[{"t":"idOrVar","v":"plural"},"value"]},{"$i":"months-ago-long","$v":{"few":["před ",{"t":"idOrVar","v":"value"}," měsíci"],"many":["před ",{"t":"idOrVar","v":"value"}," měsíci"],"one":"poslední měsíc","other":["před ",{"t":"idOrVar","v":"value"}," měsíci"],"two":["před ",{"t":"idOrVar","v":"value"}," měsíci"],"zero":"tento měsíc"},"$x":[{"t":"idOrVar","v":"plural"},"value"]},{"$i":"years-ago-long","$v":{"few":["před ",{"t":"idOrVar","v":"value"}," lety"],"many":["před ",{"t":"idOrVar","v":"value"}," lety"],"one":"minulý rok","other":["před ",{"t":"idOrVar","v":"value"}," lety"],"two":["před ",{"t":"idOrVar","v":"value"}," lety"],"zero":"tento rok"},"$x":[{"t":"idOrVar","v":"plural"},"value"]},{"$i":"minutes-until-long","$v":{"few":["za ",{"t":"idOrVar","v":"value"}," min."],"many":["za ",{"t":"idOrVar","v":"value"}," min."],"one":"za minutu","other":["za ",{"t":"idOrVar","v":"value"}," min."],"two":["za ",{"t":"idOrVar","v":"value"}," min."],"zero":"nyní"},"$x":[{"t":"idOrVar","v":"plural"},"value"]},{"$i":"hours-until-long","$v":{"few":["za ",{"t":"idOrVar","v":"value"}," hod."],"many":["za ",{"t":"idOrVar","v":"value"}," hod."],"one":"za hodinu","other":["za ",{"t":"idOrVar","v":"value"}," hod."],"two":["za ",{"t":"idOrVar","v":"value"}," hod."],"zero":"nyní"},"$x":[{"t":"idOrVar","v":"plural"},"value"]},{"$i":"days-until-long","$v":{"few":["za ",{"t":"idOrVar","v":"value"}," dny/dní"],"many":["za ",{"t":"idOrVar","v":"value"}," dny/dní"],"one":"zítra","other":["za ",{"t":"idOrVar","v":"value"}," dny/dní"],"two":["za ",{"t":"idOrVar","v":"value"}," dny/dní"],"zero":"dnes"},"$x":[{"t":"idOrVar","v":"plural"},"value"]},{"$i":"weeks-until-long","$v":{"few":["za ",{"t":"idOrVar","v":"value"}," týdny/týdnů"],"many":["za ",{"t":"idOrVar","v":"value"}," týdny/týdnů"],"one":"příští týden","other":["za ",{"t":"idOrVar","v":"value"}," týdny/týdnů"],"two":["za ",{"t":"idOrVar","v":"value"}," týdny/týdnů"],"zero":"tento týden"},"$x":[{"t":"idOrVar","v":"plural"},"value"]},{"$i":"months-until-long","$v":{"few":["za ",{"t":"idOrVar","v":"value"}," měsíce/měsíců"],"many":["za ",{"t":"idOrVar","v":"value"}," měsíce/měsíců"],"one":"příští měsíc","other":["za ",{"t":"idOrVar","v":"value"}," měsíce/měsíců"],"two":["za ",{"t":"idOrVar","v":"value"}," měsíce/měsíců"],"zero":"tento měsíc"},"$x":[{"t":"idOrVar","v":"plural"},"value"]},{"$i":"years-until-long","$v":{"few":["za ",{"t":"idOrVar","v":"value"}," roky/let"],"many":["za ",{"t":"idOrVar","v":"value"}," roky/let"],"one":"příští rok","other":["za ",{"t":"idOrVar","v":"value"}," roky/let"],"two":["za ",{"t":"idOrVar","v":"value"}," roky/let"],"zero":"tento rok"},"$x":[{"t":"idOrVar","v":"plural"},"value"]},{"$i":"minutes-ago-short","$v":{"other":["před ",{"t":"idOrVar","v":"value"}," m"],"zero":"právě teď"},"$x":[{"t":"idOrVar","v":"plural"},"value"]},{"$i":"hours-ago-short","$v":{"other":["před ",{"t":"idOrVar","v":"value"}," h"],"zero":"právě teď"},"$x":[{"t":"idOrVar","v":"plural"},"value"]},{"$i":"days-ago-short","$v":{"other":["před ",{"t":"idOrVar","v":"value"}," d"],"zero":"dnes"},"$x":[{"t":"idOrVar","v":"plural"},"value"]},{"$i":"minutes-until-short","$v":{"other":["za ",{"t":"idOrVar","v":"value"}," m"],"zero":"nyní"},"$x":[{"t":"idOrVar","v":"plural"},"value"]},{"$i":"hours-until-short","$v":{"other":["za ",{"t":"idOrVar","v":"value"}," h"],"zero":"nyní"},"$x":[{"t":"idOrVar","v":"plural"},"value"]},{"$i":"days-until-short","$v":{"other":["za ",{"t":"idOrVar","v":"value"}," d"],"zero":"dnes"},"$x":[{"t":"idOrVar","v":"plural"},"value"]},{"$i":"incorrectDate","$v":"(nesprávné datum)"},{"$i":"dateTimeFormat_%c","$v":"%a %b %e %Y %I:%M:%S %p"},{"$i":"dateTimeFormat_%x","$v":"%m/%d/%Y"},{"$i":"dateTimeFormat_%X","$v":"%I:%M:%S %p"},{"$i":"shortTimeFormat","$v":"%I:%M %p"},{"$i":"shortTimeFormat12","$v":"%I:%M %p"},{"$i":"shortTimeFormat24","$v":"%H:%M"},{"$i":"shortDateTimeFormat","$v":"%x %I:%M %p"},{"$i":"weekStartsOnMonday","$v":"0.0"},{"$i":"firstDayOfTheWeek","$v":"1.0"},{"$i":"time_am","$v":"dop."},{"$i":"time_pm","$v":"odp."},{"$i":"softkey-options","$v":"Možnosti"}]