[{"$i":"reset","$v":"Nulstil"},{"$i":"start","$v":"Start"},{"$i":"stop","$v":"Stop"},{"$i":"cancel","$v":"Annuller"},{"$i":"hour","$v":"Time"},{"$i":"hours","$v":"Timer"},{"$i":"minute","$v":"Minut"},{"$i":"minutes","$v":"Minutter"},{"$i":"second","$v":"Sekund"},{"$i":"alarm","$v":"Alarm"},{"$i":"alarm-name","placeholder":"Alarm"},{"$i":"timer","$v":"Timer"},{"$i":"stopwatch","$v":"Stopur"},{"$i":"alarmName","$v":"Alarmnavn"},{"$i":"newAlarm","$v":"Ny alarm"},{"$i":"editAlarm","$v":"Rediger alarm"},{"$i":"tclSettings","$v":"Indstillinger"},{"$i":"clock-settings","$v":"Indstillinger for ur"},{"$i":"alarms-maximum","$v":"Du har nået det maksimale antal alarmer"},{"$i":"laps-maximum","$v":"Du har nået det maksimale antal omgange"},{"$i":"changes-saved","$v":"Ændringerne er gemt."},{"$i":"pause","$v":"Pause"},{"$i":"resume","$v":"Fortsæt"},{"$i":"lap","$v":"Omgang"},{"$i":"lap-number","$v":["Omgang ",{"t":"idOrVar","v":"n"}]},{"$i":"timer-hour","$v":"time"},{"$i":"timer-min","$v":"minut"},{"$i":"timer-sec","$v":"sekund"},{"$i":"delete","$v":"Slet"},{"$i":"time","$v":"Klokkeslæt"},{"$i":"snooze-label","$v":"Udsæt"},{"$i":"snooze-button","$v":"Udsæt"},{"$i":"repeat","$v":"Gentag"},{"$i":"vibrate","$v":"Vibrer"},{"$i":"close","$v":"Luk"},{"$i":"save","$v":"Gem"},{"$i":"done","$v":"Udført"},{"$i":"kai-select-time","$v":"Vælg tid"},{"$i":"closeButton","ariaLabel":"Luk"},{"$i":"newAlarmButton","ariaLabel":"Ny alarm"},{"$i":"alarm-volume-label","$v":"Lydstyrke for systemalarm"},{"$i":"kai-volume","$v":"Lydstyrke:"},{"$i":"volume-level-display","$v":[{"t":"idOrVar","v":"n"}," / ",{"t":"idOrVar","v":"c"}]},{"$i":"sound","$v":"Lyd"},{"$i":"noSound","$v":"Ingen lyd"},{"$i":"kai-ringtones","$v":"Ringetoner"},{"$i":"everyday","$v":"Hver dag"},{"$i":"weekdays","$v":"Ugedage"},{"$i":"weekends","$v":"Weekender"},{"$i":"never","$v":"Aldrig"},{"$i":"vibrateOn","$v":"Til"},{"$i":"vibrateOff","$v":"Fra"},{"$i":"kai-on","$v":"Til"},{"$i":"kai-off","$v":"Fra"},{"$i":"plusMinute","$v":"+1 min."},{"$i":"dateFormat","$v":"%A, %B %e"},{"$i":"countdown-lessThanAnHour","$v":["Alarmen er indstillet til ",{"t":"idOrVar","v":"minutes"}," fra nu."]},{"$i":"countdown-moreThanAnHour","$v":["Alarmen er indstillet til ",{"t":"idOrVar","v":"hours"}," ",{"t":"idOrVar","v":"minutes"}," fra nu."]},{"$i":"countdown-moreThanADay","$v":["Alarmen er indstillet til ",{"t":"idOrVar","v":"days"}," ",{"t":"idOrVar","v":"hours"}," fra nu."]},{"$i":"kai-alarm-off","$v":"Alarm slået fra."},{"$i":"kai-alarm-deleted","$v":"Alarm slettet."},{"$i":"alarm-delete-all","$v":"Alle alarmer er slettet."},{"$i":"nMinutes","$v":{"few":[{"t":"idOrVar","v":"n"}," minutter"],"many":[{"t":"idOrVar","v":"n"}," minutter"],"one":"et minut","other":[{"t":"idOrVar","v":"n"}," minutter"],"two":[{"t":"idOrVar","v":"n"}," minutter"],"zero":"mindre end et minut"},"$x":[{"t":"idOrVar","v":"plural"},"n"]},{"$i":"nHours","$v":{"few":[{"t":"idOrVar","v":"n"}," timer"],"many":[{"t":"idOrVar","v":"n"}," timer"],"one":[{"t":"idOrVar","v":"n"}," time"],"other":[{"t":"idOrVar","v":"n"}," timer"],"two":[{"t":"idOrVar","v":"n"}," timer"]},"$x":[{"t":"idOrVar","v":"plural"},"n"]},{"$i":"nAndRemainHours","$v":{"few":["og ",{"t":"idOrVar","v":"n"}," timer"],"many":["og ",{"t":"idOrVar","v":"n"}," timer"],"one":["og ",{"t":"idOrVar","v":"n"}," time"],"other":["og ",{"t":"idOrVar","v":"n"}," timer"],"two":["og ",{"t":"idOrVar","v":"n"}," timer"]},"$x":[{"t":"idOrVar","v":"plural"},"n"]},{"$i":"nRemainDays","$v":{"few":[{"t":"idOrVar","v":"n"}," dage"],"many":[{"t":"idOrVar","v":"n"}," dage"],"one":[{"t":"idOrVar","v":"n"}," dag"],"other":[{"t":"idOrVar","v":"n"}," dage"],"two":[{"t":"idOrVar","v":"n"}," dage"]},"$x":[{"t":"idOrVar","v":"plural"},"n"]},{"$i":"nRemainMinutes","$v":{"few":["og ",{"t":"idOrVar","v":"n"}," minutter"],"many":["og ",{"t":"idOrVar","v":"n"}," minutter"],"one":["og ",{"t":"idOrVar","v":"n"}," minut"],"other":["og ",{"t":"idOrVar","v":"n"}," minutter"],"two":["og ",{"t":"idOrVar","v":"n"}," minutter"]},"$x":[{"t":"idOrVar","v":"plural"},"n"]},{"$i":"nSpinnerSeconds","$v":{"few":[{"t":"idOrVar","v":"n"}," sekunder"],"many":[{"t":"idOrVar","v":"n"}," sekunder"],"one":"et sekund","other":[{"t":"idOrVar","v":"n"}," sekunder"],"two":[{"t":"idOrVar","v":"n"}," sekunder"],"zero":"nul sekunder"},"$x":[{"t":"idOrVar","v":"plural"},"n"]},{"$i":"nSpinnerMinutes","$v":{"few":[{"t":"idOrVar","v":"n"}," minutter"],"many":[{"t":"idOrVar","v":"n"}," minutter"],"one":"et minut","other":[{"t":"idOrVar","v":"n"}," minutter"],"two":[{"t":"idOrVar","v":"n"}," minutter"],"zero":"nul minutter"},"$x":[{"t":"idOrVar","v":"plural"},"n"]},{"$i":"nSpinnerHours","$v":{"few":[{"t":"idOrVar","v":"n"}," timer"],"many":[{"t":"idOrVar","v":"n"}," timer"],"one":[{"t":"idOrVar","v":"n"}," time"],"other":[{"t":"idOrVar","v":"n"}," timer"],"two":[{"t":"idOrVar","v":"n"}," timer"],"zero":"nul timer"},"$x":[{"t":"idOrVar","v":"plural"},"n"]},{"$i":"kai-stop","$v":"Stop"},{"$i":"kai-snooze","$v":"Udsæt"},{"$i":"ac_africa_ogg","$v":"Afrika"},{"$i":"ac_amazon_ogg","$v":"Amazon"},{"$i":"ac_disco_ogg","$v":"Disko"},{"$i":"ac_fairy_tales_ogg","$v":"Eventyr"},{"$i":"ac_fresh_ogg","$v":"Frisk"},{"$i":"ac_galaxy_ogg","$v":"Galakse"},{"$i":"ac_kai_ogg","$v":"Kai"},{"$i":"ac_techno_ogg","$v":"Techno"},{"$i":"ac_woody_ogg","$v":"Skovrig"},{"$i":"ac_awake_opus","$v":"Awake"},{"$i":"ac_crystalize_opus","$v":"Crystallise"},{"$i":"ac_cycle_opus","$v":"Cycle"},{"$i":"ac_digicloud_opus","$v":"Digicloud"},{"$i":"ac_humming_waves_opus","$v":"Humming Waves"},{"$i":"ac_into_the_void_opus","$v":"Into the Void"},{"$i":"ac_lightly_opus","$v":"Lightly"},{"$i":"ac_mobile_opus","$v":"Mobile"},{"$i":"ac_pinger_opus","$v":"Pinger"},{"$i":"ac_skip_opus","$v":"Skip"},{"$i":"ac_tri_opus","$v":"Tri"},{"$i":"ac_universal_opus","$v":"Universal"},{"$i":"kai-options","$v":"Valg"},{"$i":"kai-clock-title","$v":"Ur"},{"$i":"alarm-title","$v":"Alarm"},{"$i":"no-alarms-body","$v":"Der er ikke indstillet nogen alarmer. Tryk på Ny alarm for at komme i gang."},{"$i":"kai-new-alarm","$v":"Ny alarm"},{"$i":"kai-settings","$v":"Indstillinger"},{"$i":"kai-cancel","$v":"Annuller"},{"$i":"kai-save","$v":"Gem"},{"$i":"turnOn","$v":"Slå til"},{"$i":"turnOff","$v":"Slå fra"},{"$i":"edit","$v":"Rediger"},{"$i":"select","$v":"Vælg"},{"$i":"kai-delete","$v":"Slet"},{"$i":"delete-all","$v":"Slet alle"},{"$i":"kai-selected-alarm","$v":"Valgt alarm"},{"$i":"set","$v":"Angiv"},{"$i":"kai-start","$v":"Start"},{"$i":"kai-reset","$v":"Nulstil"},{"$i":"kai-min-plus","$v":"+1 min."},{"$i":"kai-resume","$v":"Fortsæt"},{"$i":"kai-lap","$v":"Omgang"},{"$i":"play","$v":"Afspil"},{"$i":"kai-no-repeat","$v":"Ingen gentagelse"},{"$i":"kai-confirm-title","$v":"Bekræftelse"},{"$i":"kai-confirm-delete-body","$v":"Slet den valgte alarm?"},{"$i":"confirm-delete-all-body","$v":"Slet alle alarmer?"},{"$i":"kai-confirm-end-key-body","$v":{"$o":"Appen vil blive lukket med datatab. <br></br> Vil du vende tilbage til redigering?"}},{"$i":"kai-confirm-exit-button","$v":"Afslut"},{"$i":"kai-confirm-return-button","$v":"Gå tilbage"},{"$i":"weekday-0-long","$v":"Søndag"},{"$i":"weekday-1-long","$v":"Mandag"},{"$i":"weekday-2-long","$v":"Tirsdag"},{"$i":"weekday-3-long","$v":"Onsdag"},{"$i":"weekday-4-long","$v":"Torsdag"},{"$i":"weekday-5-long","$v":"Fredag"},{"$i":"weekday-6-long","$v":"Lørdag"},{"$i":"weekday-0-short","$v":"Søn"},{"$i":"weekday-1-short","$v":"Man"},{"$i":"weekday-2-short","$v":"Tir"},{"$i":"weekday-3-short","$v":"Ons"},{"$i":"weekday-4-short","$v":"Tor"},{"$i":"weekday-5-short","$v":"Fre"},{"$i":"weekday-6-short","$v":"Lør"},{"$i":"month-0-long","$v":"Januar"},{"$i":"month-1-long","$v":"Februar"},{"$i":"month-2-long","$v":"Marts"},{"$i":"month-3-long","$v":"April"},{"$i":"month-4-long","$v":"Maj"},{"$i":"month-5-long","$v":"Juni"},{"$i":"month-6-long","$v":"Juli"},{"$i":"month-7-long","$v":"August"},{"$i":"month-8-long","$v":"September"},{"$i":"month-9-long","$v":"Oktober"},{"$i":"month-10-long","$v":"November"},{"$i":"month-11-long","$v":"December"},{"$i":"month-0-genitive","$v":"Januar"},{"$i":"month-1-genitive","$v":"Februar"},{"$i":"month-2-genitive","$v":"Marts"},{"$i":"month-3-genitive","$v":"April"},{"$i":"month-4-genitive","$v":"Maj"},{"$i":"month-5-genitive","$v":"Juni"},{"$i":"month-6-genitive","$v":"Juli"},{"$i":"month-7-genitive","$v":"August"},{"$i":"month-8-genitive","$v":"September"},{"$i":"month-9-genitive","$v":"Oktober"},{"$i":"month-10-genitive","$v":"November"},{"$i":"month-11-genitive","$v":"December"},{"$i":"month-0-short","$v":"Jan"},{"$i":"month-1-short","$v":"Feb"},{"$i":"month-2-short","$v":"Mar"},{"$i":"month-3-short","$v":"Apr"},{"$i":"month-4-short","$v":"Maj"},{"$i":"month-5-short","$v":"Jun"},{"$i":"month-6-short","$v":"Jul"},{"$i":"month-7-short","$v":"Aug"},{"$i":"month-8-short","$v":"Sep"},{"$i":"month-9-short","$v":"Okt"},{"$i":"month-10-short","$v":"Nov"},{"$i":"month-11-short","$v":"Dec"},{"$i":"minutes-ago-long","$v":{"few":[{"t":"idOrVar","v":"value"}," minutter siden"],"many":[{"t":"idOrVar","v":"value"}," minutter siden"],"one":"et minut siden","other":[{"t":"idOrVar","v":"value"}," minutter siden"],"two":[{"t":"idOrVar","v":"value"}," minutter siden"],"zero":"lige nu"},"$x":[{"t":"idOrVar","v":"plural"},"value"]},{"$i":"hours-ago-long","$v":{"few":[{"t":"idOrVar","v":"value"}," timer siden"],"many":[{"t":"idOrVar","v":"value"}," timer siden"],"one":"for en time siden","other":[{"t":"idOrVar","v":"value"}," timer siden"],"two":[{"t":"idOrVar","v":"value"}," timer siden"],"zero":"lige nu"},"$x":[{"t":"idOrVar","v":"plural"},"value"]},{"$i":"days-ago-long","$v":{"few":[{"t":"idOrVar","v":"value"}," dage siden"],"many":[{"t":"idOrVar","v":"value"}," dage siden"],"one":"i går","other":[{"t":"idOrVar","v":"value"}," dage siden"],"two":[{"t":"idOrVar","v":"value"}," dage siden"],"zero":"i dag"},"$x":[{"t":"idOrVar","v":"plural"},"value"]},{"$i":"weeks-ago-long","$v":{"few":[{"t":"idOrVar","v":"value"}," uger siden"],"many":[{"t":"idOrVar","v":"value"}," uger siden"],"one":"sidste uge","other":[{"t":"idOrVar","v":"value"}," uger siden"],"two":[{"t":"idOrVar","v":"value"}," uger siden"],"zero":"denne uge"},"$x":[{"t":"idOrVar","v":"plural"},"value"]},{"$i":"months-ago-long","$v":{"few":[{"t":"idOrVar","v":"value"}," måneder siden"],"many":[{"t":"idOrVar","v":"value"}," måneder siden"],"one":"sidste måned","other":[{"t":"idOrVar","v":"value"}," måneder siden"],"two":[{"t":"idOrVar","v":"value"}," måneder siden"],"zero":"denne måned"},"$x":[{"t":"idOrVar","v":"plural"},"value"]},{"$i":"years-ago-long","$v":{"few":[{"t":"idOrVar","v":"value"}," år siden"],"many":[{"t":"idOrVar","v":"value"}," år siden"],"one":"sidste år","other":[{"t":"idOrVar","v":"value"}," år siden"],"two":[{"t":"idOrVar","v":"value"}," år siden"],"zero":"i år"},"$x":[{"t":"idOrVar","v":"plural"},"value"]},{"$i":"minutes-until-long","$v":{"few":["om ",{"t":"idOrVar","v":"value"}," minutter"],"many":["om ",{"t":"idOrVar","v":"value"}," minutter"],"one":"om et minut","other":["om ",{"t":"idOrVar","v":"value"}," minutter"],"two":["om ",{"t":"idOrVar","v":"value"}," minutter"],"zero":"nu"},"$x":[{"t":"idOrVar","v":"plural"},"value"]},{"$i":"hours-until-long","$v":{"few":["om ",{"t":"idOrVar","v":"value"}," timer"],"many":["om ",{"t":"idOrVar","v":"value"}," timer"],"one":"om en time","other":["om ",{"t":"idOrVar","v":"value"}," timer"],"two":["om ",{"t":"idOrVar","v":"value"}," timer"],"zero":"nu"},"$x":[{"t":"idOrVar","v":"plural"},"value"]},{"$i":"days-until-long","$v":{"few":["om ",{"t":"idOrVar","v":"value"}," dage"],"many":["om ",{"t":"idOrVar","v":"value"}," dage"],"one":"i morgen","other":["om ",{"t":"idOrVar","v":"value"}," dage"],"two":["om ",{"t":"idOrVar","v":"value"}," dage"],"zero":"i dag"},"$x":[{"t":"idOrVar","v":"plural"},"value"]},{"$i":"weeks-until-long","$v":{"few":["om ",{"t":"idOrVar","v":"value"}," uger"],"many":["om ",{"t":"idOrVar","v":"value"}," uger"],"one":"næste uge","other":["om ",{"t":"idOrVar","v":"value"}," uger"],"two":["om ",{"t":"idOrVar","v":"value"}," uger"],"zero":"denne uge"},"$x":[{"t":"idOrVar","v":"plural"},"value"]},{"$i":"months-until-long","$v":{"few":["om ",{"t":"idOrVar","v":"value"}," måneder"],"many":["om ",{"t":"idOrVar","v":"value"}," måneder"],"one":"næste måned","other":["om ",{"t":"idOrVar","v":"value"}," måneder"],"two":["om ",{"t":"idOrVar","v":"value"}," måneder"],"zero":"denne måned"},"$x":[{"t":"idOrVar","v":"plural"},"value"]},{"$i":"years-until-long","$v":{"few":["om ",{"t":"idOrVar","v":"value"}," år"],"many":["om ",{"t":"idOrVar","v":"value"}," år"],"one":"næste år","other":["om ",{"t":"idOrVar","v":"value"}," år"],"two":["om ",{"t":"idOrVar","v":"value"}," år"],"zero":"i år"},"$x":[{"t":"idOrVar","v":"plural"},"value"]},{"$i":"minutes-ago-short","$v":{"other":[{"t":"idOrVar","v":"value"},"m siden"],"zero":"lige nu"},"$x":[{"t":"idOrVar","v":"plural"},"value"]},{"$i":"hours-ago-short","$v":{"other":[{"t":"idOrVar","v":"value"},"t siden"],"zero":"lige nu"},"$x":[{"t":"idOrVar","v":"plural"},"value"]},{"$i":"days-ago-short","$v":{"other":[{"t":"idOrVar","v":"value"},"d siden"],"zero":"i dag"},"$x":[{"t":"idOrVar","v":"plural"},"value"]},{"$i":"minutes-until-short","$v":{"other":["om ",{"t":"idOrVar","v":"value"},"m"],"zero":"nu"},"$x":[{"t":"idOrVar","v":"plural"},"value"]},{"$i":"hours-until-short","$v":{"other":["om ",{"t":"idOrVar","v":"value"},"t"],"zero":"nu"},"$x":[{"t":"idOrVar","v":"plural"},"value"]},{"$i":"days-until-short","$v":{"other":["om ",{"t":"idOrVar","v":"value"},"d"],"zero":"i dag"},"$x":[{"t":"idOrVar","v":"plural"},"value"]},{"$i":"incorrectDate","$v":"(forkert dato)"},{"$i":"dateTimeFormat_%c","$v":"%a %b %e %Y %I:%M:%S %p"},{"$i":"dateTimeFormat_%x","$v":"%m/%d/%Y"},{"$i":"dateTimeFormat_%X","$v":"%I:%M:%S %p"},{"$i":"shortTimeFormat","$v":"%I:%M %p"},{"$i":"shortTimeFormat12","$v":"%I:%M %p"},{"$i":"shortTimeFormat24","$v":"%H:%M"},{"$i":"shortDateTimeFormat","$v":"%x %I:%M %p"},{"$i":"weekStartsOnMonday","$v":"0.0"},{"$i":"firstDayOfTheWeek","$v":"1.0"},{"$i":"time_am","$v":"AM"},{"$i":"time_pm","$v":"PM"},{"$i":"softkey-options","$v":"Valg"}]