[{"$i":"reset","$v":"Zurücksetzen"},{"$i":"start","$v":"Start"},{"$i":"stop","$v":"Anhalten"},{"$i":"cancel","$v":"Abbrechen"},{"$i":"hour","$v":"Stunde"},{"$i":"hours","$v":"Stunden"},{"$i":"minute","$v":"Minute"},{"$i":"minutes","$v":"Minuten"},{"$i":"second","$v":"Sekunde"},{"$i":"alarm","$v":"Wecker"},{"$i":"alarm-name","placeholder":"Wecker"},{"$i":"timer","$v":"Timer"},{"$i":"stopwatch","$v":"Stoppuhr"},{"$i":"alarmName","$v":"Weckernname"},{"$i":"newAlarm","$v":"Neuer Wecker"},{"$i":"editAlarm","$v":"Wecker bearbeiten"},{"$i":"tclSettings","$v":"Einstellungen"},{"$i":"clock-settings","$v":"Uhreinstellungen"},{"$i":"alarms-maximum","$v":"Sie haben die maximale Anzahl von Weckern erreicht."},{"$i":"laps-maximum","$v":"Sie haben die maximale Anzahl von Runden erreicht."},{"$i":"changes-saved","$v":"Änderungen gespeichert."},{"$i":"pause","$v":"Pause"},{"$i":"resume","$v":"Fortsetzen"},{"$i":"lap","$v":"Runde"},{"$i":"lap-number","$v":["Runde ",{"t":"idOrVar","v":"n"}]},{"$i":"timer-hour","$v":"Stunde"},{"$i":"timer-min","$v":"Minute"},{"$i":"timer-sec","$v":"Sekunde"},{"$i":"delete","$v":"Löschen"},{"$i":"time","$v":"Uhrzeit"},{"$i":"snooze-label","$v":"Schlummern"},{"$i":"snooze-button","$v":"Schlummern"},{"$i":"repeat","$v":"Wiederholen"},{"$i":"vibrate","$v":"Vibration"},{"$i":"close","$v":"Schließen"},{"$i":"save","$v":"Speichern"},{"$i":"done","$v":"Fertig"},{"$i":"kai-select-time","$v":"Uhrzeit auswählen"},{"$i":"closeButton","ariaLabel":"Schließen"},{"$i":"newAlarmButton","ariaLabel":"Neuer Wecker"},{"$i":"alarm-volume-label","$v":"Lautstärke Systemalarm"},{"$i":"kai-volume","$v":"Lautstärke:"},{"$i":"volume-level-display","$v":[{"t":"idOrVar","v":"n"}," / ",{"t":"idOrVar","v":"c"}]},{"$i":"sound","$v":"Ton"},{"$i":"noSound","$v":"Kein Ton"},{"$i":"kai-ringtones","$v":"Klingeltöne"},{"$i":"everyday","$v":"Täglich"},{"$i":"weekdays","$v":"An Werktagen"},{"$i":"weekends","$v":"Am Wochenende"},{"$i":"never","$v":"Nie"},{"$i":"vibrateOn","$v":"Ein"},{"$i":"vibrateOff","$v":"Aus"},{"$i":"kai-on","$v":"Ein"},{"$i":"kai-off","$v":"Aus"},{"$i":"plusMinute","$v":"+1 Min."},{"$i":"dateFormat","$v":"%A, %B %e"},{"$i":"countdown-lessThanAnHour","$v":["Der Wecker ist auf ",{"t":"idOrVar","v":"minutes"}," ab jetzt festgelegt."]},{"$i":"countdown-moreThanAnHour","$v":["Der Wecker ist auf ",{"t":"idOrVar","v":"hours"}," ab jetzt festgelegt."]},{"$i":"countdown-moreThanADay","$v":["Der Wecker ist auf ",{"t":"idOrVar","v":"days"}," ab jetzt festgelegt."]},{"$i":"kai-alarm-off","$v":"Wecker ist deaktiviert."},{"$i":"kai-alarm-deleted","$v":"Wecker gelöscht."},{"$i":"alarm-delete-all","$v":"Alle Alarme gelöscht."},{"$i":"nMinutes","$v":{"few":[{"t":"idOrVar","v":"n"}," Minuten"],"many":[{"t":"idOrVar","v":"n"}," Minuten"],"one":"eine Minute","other":[{"t":"idOrVar","v":"n"}," Minuten"],"two":[{"t":"idOrVar","v":"n"}," Minuten"],"zero":"weniger als eine Minute"},"$x":[{"t":"idOrVar","v":"plural"},"n"]},{"$i":"nHours","$v":{"few":[{"t":"idOrVar","v":"n"}," Stunden"],"many":[{"t":"idOrVar","v":"n"}," Stunden"],"one":[{"t":"idOrVar","v":"n"}," Stunde"],"other":[{"t":"idOrVar","v":"n"}," Stunden"],"two":[{"t":"idOrVar","v":"n"}," Stunden"]},"$x":[{"t":"idOrVar","v":"plural"},"n"]},{"$i":"nAndRemainHours","$v":{"few":["und ",{"t":"idOrVar","v":"n"}," Stunden"],"many":["und ",{"t":"idOrVar","v":"n"}," Stunden"],"one":["und ",{"t":"idOrVar","v":"n"}," Stunde"],"other":["und ",{"t":"idOrVar","v":"n"}," Stunden"],"two":["und ",{"t":"idOrVar","v":"n"}," Stunden"]},"$x":[{"t":"idOrVar","v":"plural"},"n"]},{"$i":"nRemainDays","$v":{"few":[{"t":"idOrVar","v":"n"}," Tage"],"many":[{"t":"idOrVar","v":"n"}," Tage"],"one":[{"t":"idOrVar","v":"n"}," Tag"],"other":[{"t":"idOrVar","v":"n"}," Tage"],"two":[{"t":"idOrVar","v":"n"}," Tage"]},"$x":[{"t":"idOrVar","v":"plural"},"n"]},{"$i":"nRemainMinutes","$v":{"few":["und ",{"t":"idOrVar","v":"n"}," Minuten"],"many":["und ",{"t":"idOrVar","v":"n"}," Minuten"],"one":["und ",{"t":"idOrVar","v":"n"}," Minute"],"other":["und ",{"t":"idOrVar","v":"n"}," Minuten"],"two":["und ",{"t":"idOrVar","v":"n"}," Minuten"]},"$x":[{"t":"idOrVar","v":"plural"},"n"]},{"$i":"nSpinnerSeconds","$v":{"few":[{"t":"idOrVar","v":"n"}," Sekunden"],"many":[{"t":"idOrVar","v":"n"}," Sekunden"],"one":"eine Sekunde","other":[{"t":"idOrVar","v":"n"}," Sekunden"],"two":[{"t":"idOrVar","v":"n"}," Sekunden"],"zero":"null Sekunden"},"$x":[{"t":"idOrVar","v":"plural"},"n"]},{"$i":"nSpinnerMinutes","$v":{"few":[{"t":"idOrVar","v":"n"}," Minuten"],"many":[{"t":"idOrVar","v":"n"}," Minuten"],"one":"eine Minute","other":[{"t":"idOrVar","v":"n"}," Minuten"],"two":[{"t":"idOrVar","v":"n"}," Minuten"],"zero":"null Minuten"},"$x":[{"t":"idOrVar","v":"plural"},"n"]},{"$i":"nSpinnerHours","$v":{"few":[{"t":"idOrVar","v":"n"}," Stunden"],"many":[{"t":"idOrVar","v":"n"}," Stunden"],"one":[{"t":"idOrVar","v":"n"}," Stunde"],"other":[{"t":"idOrVar","v":"n"}," Stunden"],"two":[{"t":"idOrVar","v":"n"}," Stunden"],"zero":"null Stunden"},"$x":[{"t":"idOrVar","v":"plural"},"n"]},{"$i":"kai-stop","$v":"Anhalten"},{"$i":"kai-snooze","$v":"Schlummern"},{"$i":"ac_africa_ogg","$v":"Afrika"},{"$i":"ac_amazon_ogg","$v":"Amazon"},{"$i":"ac_disco_ogg","$v":"Disco"},{"$i":"ac_fairy_tales_ogg","$v":"Fairy tales"},{"$i":"ac_fresh_ogg","$v":"Fresh"},{"$i":"ac_galaxy_ogg","$v":"Galaxy"},{"$i":"ac_kai_ogg","$v":"Kai"},{"$i":"ac_techno_ogg","$v":"Techno"},{"$i":"ac_woody_ogg","$v":"Woody"},{"$i":"ac_awake_opus","$v":"Awake"},{"$i":"ac_crystalize_opus","$v":"Crystalize"},{"$i":"ac_cycle_opus","$v":"Cycle"},{"$i":"ac_digicloud_opus","$v":"Digicloud"},{"$i":"ac_humming_waves_opus","$v":"Humming Waves"},{"$i":"ac_into_the_void_opus","$v":"Into the Void"},{"$i":"ac_lightly_opus","$v":"Lightly"},{"$i":"ac_mobile_opus","$v":"Mobile"},{"$i":"ac_pinger_opus","$v":"Pinger"},{"$i":"ac_skip_opus","$v":"Skip"},{"$i":"ac_tri_opus","$v":"Tri"},{"$i":"ac_universal_opus","$v":"Universal"},{"$i":"kai-options","$v":"Optionen"},{"$i":"kai-clock-title","$v":"Uhr"},{"$i":"alarm-title","$v":"Wecker"},{"$i":"no-alarms-body","$v":"Es wurden keine Wecker gestellt. „Neu“ berühren: starten"},{"$i":"kai-new-alarm","$v":"Neu"},{"$i":"kai-settings","$v":"Einstellungen"},{"$i":"kai-cancel","$v":"Abbrechen"},{"$i":"kai-save","$v":"Speichern"},{"$i":"turnOn","$v":"Aktivieren"},{"$i":"turnOff","$v":"Ausschalten"},{"$i":"edit","$v":"Bearbeiten"},{"$i":"select","$v":"Auswählen"},{"$i":"kai-delete","$v":"Löschen"},{"$i":"delete-all","$v":"Alles löschen"},{"$i":"kai-selected-alarm","$v":"Ausgewählter Wecker"},{"$i":"set","$v":"Festlegen"},{"$i":"kai-start","$v":"Start"},{"$i":"kai-reset","$v":"Zurücksetzen"},{"$i":"kai-min-plus","$v":"+1 Min."},{"$i":"kai-resume","$v":"Fortsetzen"},{"$i":"kai-lap","$v":"Runde"},{"$i":"play","$v":"Wiedergabe"},{"$i":"kai-no-repeat","$v":"Keine Wiederholung"},{"$i":"kai-confirm-title","$v":"Bestätigung"},{"$i":"kai-confirm-delete-body","$v":"Ausgewählten Wecker löschen?"},{"$i":"confirm-delete-all-body","$v":"Alle Alarme löschen?"},{"$i":"kai-confirm-end-key-body","$v":{"$o":"Anwendung wird mit Datenverlust beendet. <br><br> Möchten Sie mit dem Editieren fortfahren?"}},{"$i":"kai-confirm-exit-button","$v":"Beenden"},{"$i":"kai-confirm-return-button","$v":"Zurück"},{"$i":"weekday-0-long","$v":"Sonntag"},{"$i":"weekday-1-long","$v":"Montag"},{"$i":"weekday-2-long","$v":"Dienstag"},{"$i":"weekday-3-long","$v":"Mittwoch"},{"$i":"weekday-4-long","$v":"Donnerstag"},{"$i":"weekday-5-long","$v":"Freitag"},{"$i":"weekday-6-long","$v":"Samstag"},{"$i":"weekday-0-short","$v":"So"},{"$i":"weekday-1-short","$v":"Mo"},{"$i":"weekday-2-short","$v":"Di"},{"$i":"weekday-3-short","$v":"Mi"},{"$i":"weekday-4-short","$v":"Do"},{"$i":"weekday-5-short","$v":"Fr"},{"$i":"weekday-6-short","$v":"Sa"},{"$i":"month-0-long","$v":"Januar"},{"$i":"month-1-long","$v":"Februar"},{"$i":"month-2-long","$v":"März"},{"$i":"month-3-long","$v":"April"},{"$i":"month-4-long","$v":"Mai"},{"$i":"month-5-long","$v":"Juni"},{"$i":"month-6-long","$v":"Juli"},{"$i":"month-7-long","$v":"August"},{"$i":"month-8-long","$v":"September"},{"$i":"month-9-long","$v":"Oktober"},{"$i":"month-10-long","$v":"November"},{"$i":"month-11-long","$v":"Dezember"},{"$i":"month-0-genitive","$v":"Januar"},{"$i":"month-1-genitive","$v":"Februar"},{"$i":"month-2-genitive","$v":"März"},{"$i":"month-3-genitive","$v":"April"},{"$i":"month-4-genitive","$v":"Mai"},{"$i":"month-5-genitive","$v":"Juni"},{"$i":"month-6-genitive","$v":"Juli"},{"$i":"month-7-genitive","$v":"August"},{"$i":"month-8-genitive","$v":"September"},{"$i":"month-9-genitive","$v":"Oktober"},{"$i":"month-10-genitive","$v":"November"},{"$i":"month-11-genitive","$v":"Dezember"},{"$i":"month-0-short","$v":"Jan"},{"$i":"month-1-short","$v":"Feb"},{"$i":"month-2-short","$v":"Mär"},{"$i":"month-3-short","$v":"Apr"},{"$i":"month-4-short","$v":"Mai"},{"$i":"month-5-short","$v":"Jun"},{"$i":"month-6-short","$v":"Jul"},{"$i":"month-7-short","$v":"Aug"},{"$i":"month-8-short","$v":"Sep"},{"$i":"month-9-short","$v":"Okt"},{"$i":"month-10-short","$v":"Nov"},{"$i":"month-11-short","$v":"Dez"},{"$i":"minutes-ago-long","$v":{"few":["vor ",{"t":"idOrVar","v":"value"}," Minuten"],"many":["vor ",{"t":"idOrVar","v":"value"}," Minuten"],"one":"vor einer Minute","other":["vor ",{"t":"idOrVar","v":"value"}," Minuten"],"two":["vor ",{"t":"idOrVar","v":"value"}," Minuten"],"zero":"genau jetzt"},"$x":[{"t":"idOrVar","v":"plural"},"value"]},{"$i":"hours-ago-long","$v":{"few":["vor ",{"t":"idOrVar","v":"value"}," Stunden"],"many":["vor ",{"t":"idOrVar","v":"value"}," Stunden"],"one":"vor einer Stunde","other":["vor ",{"t":"idOrVar","v":"value"}," Stunden"],"two":["vor ",{"t":"idOrVar","v":"value"}," Stunden"],"zero":"genau jetzt"},"$x":[{"t":"idOrVar","v":"plural"},"value"]},{"$i":"days-ago-long","$v":{"few":["vor ",{"t":"idOrVar","v":"value"}," Tagen"],"many":["vor ",{"t":"idOrVar","v":"value"}," Tagen"],"one":"gestern","other":["vor ",{"t":"idOrVar","v":"value"}," Tagen"],"two":["vor ",{"t":"idOrVar","v":"value"}," Tagen"],"zero":"heute"},"$x":[{"t":"idOrVar","v":"plural"},"value"]},{"$i":"weeks-ago-long","$v":{"few":["vor ",{"t":"idOrVar","v":"value"}," Wochen"],"many":["vor ",{"t":"idOrVar","v":"value"}," Wochen"],"one":"letzte Woche","other":["vor ",{"t":"idOrVar","v":"value"}," Wochen"],"two":["vor ",{"t":"idOrVar","v":"value"}," Wochen"],"zero":"diese Woche"},"$x":[{"t":"idOrVar","v":"plural"},"value"]},{"$i":"months-ago-long","$v":{"few":["vor ",{"t":"idOrVar","v":"value"}," Monaten"],"many":["vor ",{"t":"idOrVar","v":"value"}," Monaten"],"one":"letzter Monat","other":["vor ",{"t":"idOrVar","v":"value"}," Monaten"],"two":["vor ",{"t":"idOrVar","v":"value"}," Monaten"],"zero":"diesen Monat"},"$x":[{"t":"idOrVar","v":"plural"},"value"]},{"$i":"years-ago-long","$v":{"few":["vor ",{"t":"idOrVar","v":"value"}," Jahren"],"many":["vor ",{"t":"idOrVar","v":"value"}," Jahren"],"one":"letztes Jahr","other":["vor ",{"t":"idOrVar","v":"value"}," Jahren"],"two":["vor ",{"t":"idOrVar","v":"value"}," Jahren"],"zero":"dieses Jahr"},"$x":[{"t":"idOrVar","v":"plural"},"value"]},{"$i":"minutes-until-long","$v":{"few":["in ",{"t":"idOrVar","v":"value"}," Minuten"],"many":["in ",{"t":"idOrVar","v":"value"}," Minuten"],"one":"in einer Minute","other":["in ",{"t":"idOrVar","v":"value"}," Minuten"],"two":["in ",{"t":"idOrVar","v":"value"}," Minuten"],"zero":"jetzt"},"$x":[{"t":"idOrVar","v":"plural"},"value"]},{"$i":"hours-until-long","$v":{"few":["in ",{"t":"idOrVar","v":"value"}," Stunden"],"many":["in ",{"t":"idOrVar","v":"value"}," Stunden"],"one":"in einer Stunde","other":["in ",{"t":"idOrVar","v":"value"}," Stunden"],"two":["in ",{"t":"idOrVar","v":"value"}," Stunden"],"zero":"jetzt"},"$x":[{"t":"idOrVar","v":"plural"},"value"]},{"$i":"days-until-long","$v":{"few":["in ",{"t":"idOrVar","v":"value"}," Tagen"],"many":["in ",{"t":"idOrVar","v":"value"}," Tagen"],"one":"morgen","other":["in ",{"t":"idOrVar","v":"value"}," Tagen"],"two":["in ",{"t":"idOrVar","v":"value"}," Tagen"],"zero":"heute"},"$x":[{"t":"idOrVar","v":"plural"},"value"]},{"$i":"weeks-until-long","$v":{"few":["in ",{"t":"idOrVar","v":"value"}," Wochen"],"many":["in ",{"t":"idOrVar","v":"value"}," Wochen"],"one":"nächste Woche","other":["in ",{"t":"idOrVar","v":"value"}," Wochen"],"two":["in ",{"t":"idOrVar","v":"value"}," Wochen"],"zero":"diese Woche"},"$x":[{"t":"idOrVar","v":"plural"},"value"]},{"$i":"months-until-long","$v":{"few":["in ",{"t":"idOrVar","v":"value"}," Monaten"],"many":["in ",{"t":"idOrVar","v":"value"}," Monaten"],"one":"im nächsten Monat","other":["in ",{"t":"idOrVar","v":"value"}," Monaten"],"two":["in ",{"t":"idOrVar","v":"value"}," Monaten"],"zero":"diesen Monat"},"$x":[{"t":"idOrVar","v":"plural"},"value"]},{"$i":"years-until-long","$v":{"few":["in ",{"t":"idOrVar","v":"value"}," Jahren"],"many":["in ",{"t":"idOrVar","v":"value"}," Jahren"],"one":"nächstes Jahr","other":["in ",{"t":"idOrVar","v":"value"}," Jahren"],"two":["in ",{"t":"idOrVar","v":"value"}," Jahren"],"zero":"dieses Jahr"},"$x":[{"t":"idOrVar","v":"plural"},"value"]},{"$i":"minutes-ago-short","$v":{"other":["vor ",{"t":"idOrVar","v":"value"}," Std."],"zero":"genau jetzt"},"$x":[{"t":"idOrVar","v":"plural"},"value"]},{"$i":"hours-ago-short","$v":{"other":["vor ",{"t":"idOrVar","v":"value"}," Std."],"zero":"genau jetzt"},"$x":[{"t":"idOrVar","v":"plural"},"value"]},{"$i":"days-ago-short","$v":{"other":["vor ",{"t":"idOrVar","v":"value"}," Tag"],"zero":"heute"},"$x":[{"t":"idOrVar","v":"plural"},"value"]},{"$i":"minutes-until-short","$v":{"other":["in ",{"t":"idOrVar","v":"value"}," Min."],"zero":"jetzt"},"$x":[{"t":"idOrVar","v":"plural"},"value"]},{"$i":"hours-until-short","$v":{"other":["in ",{"t":"idOrVar","v":"value"}," Std."],"zero":"jetzt"},"$x":[{"t":"idOrVar","v":"plural"},"value"]},{"$i":"days-until-short","$v":{"other":["in ",{"t":"idOrVar","v":"value"}," Tag"],"zero":"heute"},"$x":[{"t":"idOrVar","v":"plural"},"value"]},{"$i":"incorrectDate","$v":"(falsches Datum)"},{"$i":"dateTimeFormat_%c","$v":"%a %b %e %Y %I:%M:%S %p"},{"$i":"dateTimeFormat_%x","$v":"%m/%d/%Y"},{"$i":"dateTimeFormat_%X","$v":"%I:%M:%S %p"},{"$i":"shortTimeFormat","$v":"%I:%M %p"},{"$i":"shortTimeFormat12","$v":"%I:%M %p"},{"$i":"shortTimeFormat24","$v":"%H:%M"},{"$i":"shortDateTimeFormat","$v":"%x %I:%M %p"},{"$i":"weekStartsOnMonday","$v":"0.0"},{"$i":"firstDayOfTheWeek","$v":"1.0"},{"$i":"time_am","$v":"AM"},{"$i":"time_pm","$v":"PM"},{"$i":"softkey-options","$v":"Optionen"}]