[{"$i":"reset","$v":"Επαναφορά"},{"$i":"start","$v":"Έναρξη"},{"$i":"stop","$v":"Διακοπή"},{"$i":"cancel","$v":"Ακύρωση"},{"$i":"hour","$v":"Ώρα"},{"$i":"hours","$v":"Ώρες"},{"$i":"minute","$v":"Λεπτό"},{"$i":"minutes","$v":"Λεπτά"},{"$i":"second","$v":"Δευτερόλεπτο"},{"$i":"alarm","$v":"Αφύπνιση"},{"$i":"alarm-name","placeholder":"Αφύπνιση"},{"$i":"timer","$v":"Χρονομετρητής"},{"$i":"stopwatch","$v":"Χρονόμετρο"},{"$i":"alarmName","$v":"Όνομα αφύπνισης"},{"$i":"newAlarm","$v":"Νέα αφύπνιση"},{"$i":"editAlarm","$v":"Επεξεργασία αφύπνισης"},{"$i":"tclSettings","$v":"Ρυθμίσεις"},{"$i":"clock-settings","$v":"Ρυθμίσεις ρολογιού"},{"$i":"alarms-maximum","$v":"Συμπληρώσατε τον μέγιστο αριθμό αφυπνίσεων"},{"$i":"laps-maximum","$v":"Συμπληρώσατε τον μέγιστο αριθμό γύρων"},{"$i":"changes-saved","$v":"Οι αλλαγές αποθηκεύτηκαν."},{"$i":"pause","$v":"Παύση"},{"$i":"resume","$v":"Συνέχιση"},{"$i":"lap","$v":"Γύρος"},{"$i":"lap-number","$v":["Γύρος ",{"t":"idOrVar","v":"n"}]},{"$i":"timer-hour","$v":"ώρα"},{"$i":"timer-min","$v":"λεπτό"},{"$i":"timer-sec","$v":"δευτερόλεπτο"},{"$i":"delete","$v":"Διαγραφή"},{"$i":"time","$v":"Ώρα"},{"$i":"snooze-label","$v":"Αναβολή"},{"$i":"snooze-button","$v":"Αναβολή"},{"$i":"repeat","$v":"Επανάληψη"},{"$i":"vibrate","$v":"Δόνηση"},{"$i":"close","$v":"Κλείσιμο"},{"$i":"save","$v":"Αποθήκευση"},{"$i":"done","$v":"Τέλος"},{"$i":"kai-select-time","$v":"Επιλογή ώρας"},{"$i":"closeButton","ariaLabel":"Κλείσιμο"},{"$i":"newAlarmButton","ariaLabel":"Νέα αφύπνιση"},{"$i":"alarm-volume-label","$v":"Έντ. ήχου ειδοπ. συστήμ."},{"$i":"kai-volume","$v":"Ένταση"},{"$i":"volume-level-display","$v":[{"t":"idOrVar","v":"n"}," / ",{"t":"idOrVar","v":"c"}]},{"$i":"sound","$v":"Ήχος"},{"$i":"noSound","$v":"Κανένας ήχος"},{"$i":"kai-ringtones","$v":"Ήχοι κλήσης"},{"$i":"everyday","$v":"Καθημερινά"},{"$i":"weekdays","$v":"Ημ. εβδ."},{"$i":"weekends","$v":"Σαβ/κύρ."},{"$i":"never","$v":"Ποτέ"},{"$i":"vibrateOn","$v":"Ενεργό"},{"$i":"vibrateOff","$v":"Ανενεργό"},{"$i":"kai-on","$v":"Ενεργό"},{"$i":"kai-off","$v":"Απενεργοπ."},{"$i":"plusMinute","$v":"+1 λεπ."},{"$i":"dateFormat","$v":"%A, %B %e"},{"$i":"countdown-lessThanAnHour","$v":["Η αφύπνιση ορίστηκε σε ",{"t":"idOrVar","v":"minutes"}," από τώρα."]},{"$i":"countdown-moreThanAnHour","$v":["Η αφύπνιση ορίστηκε σε ",{"t":"idOrVar","v":"hours"}," ",{"t":"idOrVar","v":"minutes"}," από τώρα."]},{"$i":"countdown-moreThanADay","$v":["Η αφύπνιση ορίστηκε σε ",{"t":"idOrVar","v":"days"}," ",{"t":"idOrVar","v":"hours"}," από τώρα."]},{"$i":"kai-alarm-off","$v":"Αφύπνιση απενεργοποιημ."},{"$i":"kai-alarm-deleted","$v":"Η αφύπνιση διαγράφηκε."},{"$i":"alarm-delete-all","$v":"Όλοι οι συναγερμοί έχουν διαγραφεί."},{"$i":"nMinutes","$v":{"few":[{"t":"idOrVar","v":"n"}," λεπτά"],"many":[{"t":"idOrVar","v":"n"}," λεπτά"],"one":"ένα λεπτό","other":[{"t":"idOrVar","v":"n"}," λεπτά"],"two":[{"t":"idOrVar","v":"n"}," λεπτά"],"zero":"λιγότερο από ένα λεπτό"},"$x":[{"t":"idOrVar","v":"plural"},"n"]},{"$i":"nHours","$v":{"few":[{"t":"idOrVar","v":"n"}," ώρες"],"many":[{"t":"idOrVar","v":"n"}," ώρες"],"one":[{"t":"idOrVar","v":"n"}," ώρα"],"other":[{"t":"idOrVar","v":"n"}," ώρες"],"two":[{"t":"idOrVar","v":"n"}," ώρες"]},"$x":[{"t":"idOrVar","v":"plural"},"n"]},{"$i":"nAndRemainHours","$v":{"few":["και ",{"t":"idOrVar","v":"n"}," ώρες"],"many":["και ",{"t":"idOrVar","v":"n"}," ώρες"],"one":["και ",{"t":"idOrVar","v":"n"}," ώρα"],"other":["και ",{"t":"idOrVar","v":"n"}," ώρες"],"two":["και ",{"t":"idOrVar","v":"n"}," ώρες"]},"$x":[{"t":"idOrVar","v":"plural"},"n"]},{"$i":"nRemainDays","$v":{"few":[{"t":"idOrVar","v":"n"}," ημέρες"],"many":[{"t":"idOrVar","v":"n"}," ημέρες"],"one":[{"t":"idOrVar","v":"n"}," ημέρα"],"other":[{"t":"idOrVar","v":"n"}," ημέρες"],"two":[{"t":"idOrVar","v":"n"}," ημέρες"]},"$x":[{"t":"idOrVar","v":"plural"},"n"]},{"$i":"nRemainMinutes","$v":{"few":["και ",{"t":"idOrVar","v":"n"}," λεπτά"],"many":["και ",{"t":"idOrVar","v":"n"}," λεπτά"],"one":["και ",{"t":"idOrVar","v":"n"}," λεπτό"],"other":["και ",{"t":"idOrVar","v":"n"}," λεπτά"],"two":["και ",{"t":"idOrVar","v":"n"}," λεπτά"]},"$x":[{"t":"idOrVar","v":"plural"},"n"]},{"$i":"nSpinnerSeconds","$v":{"few":[{"t":"idOrVar","v":"n"}," δευτερόλεπτα"],"many":[{"t":"idOrVar","v":"n"}," δευτερόλεπτα"],"one":"ένα δευτ.","other":[{"t":"idOrVar","v":"n"}," δευτερόλεπτα"],"two":[{"t":"idOrVar","v":"n"}," δευτερόλεπτα"],"zero":"μηδέν δευτερ."},"$x":[{"t":"idOrVar","v":"plural"},"n"]},{"$i":"nSpinnerMinutes","$v":{"few":[{"t":"idOrVar","v":"n"}," λεπτά"],"many":[{"t":"idOrVar","v":"n"}," λεπτά"],"one":"ένα λεπτό","other":[{"t":"idOrVar","v":"n"}," λεπτά"],"two":[{"t":"idOrVar","v":"n"}," λεπτά"],"zero":"μηδέν λεπτά"},"$x":[{"t":"idOrVar","v":"plural"},"n"]},{"$i":"nSpinnerHours","$v":{"few":[{"t":"idOrVar","v":"n"}," ώρες"],"many":[{"t":"idOrVar","v":"n"}," ώρες"],"one":[{"t":"idOrVar","v":"n"}," ώρα"],"other":[{"t":"idOrVar","v":"n"}," ώρες"],"two":[{"t":"idOrVar","v":"n"}," ώρες"],"zero":"μηδέν ώρες"},"$x":[{"t":"idOrVar","v":"plural"},"n"]},{"$i":"kai-stop","$v":"Διακοπή"},{"$i":"kai-snooze","$v":"Αναβολή"},{"$i":"ac_africa_ogg","$v":"Αφρική"},{"$i":"ac_amazon_ogg","$v":"Amazon"},{"$i":"ac_disco_ogg","$v":"Ντίσκο"},{"$i":"ac_fairy_tales_ogg","$v":"Παραμύθια"},{"$i":"ac_fresh_ogg","$v":"Φρέσκο"},{"$i":"ac_galaxy_ogg","$v":"Γαλαξίας"},{"$i":"ac_kai_ogg","$v":"Kai"},{"$i":"ac_techno_ogg","$v":"Techno"},{"$i":"ac_woody_ogg","$v":"Ξυλώδης"},{"$i":"ac_awake_opus","$v":"Awake"},{"$i":"ac_crystalize_opus","$v":"Crystallise"},{"$i":"ac_cycle_opus","$v":"Cycle"},{"$i":"ac_digicloud_opus","$v":"Digicloud"},{"$i":"ac_humming_waves_opus","$v":"Humming Waves"},{"$i":"ac_into_the_void_opus","$v":"Into the Void"},{"$i":"ac_lightly_opus","$v":"Lightly"},{"$i":"ac_mobile_opus","$v":"Mobile"},{"$i":"ac_pinger_opus","$v":"Pinger"},{"$i":"ac_skip_opus","$v":"Skip"},{"$i":"ac_tri_opus","$v":"Tri"},{"$i":"ac_universal_opus","$v":"Universal"},{"$i":"kai-options","$v":"Επιλογές"},{"$i":"kai-clock-title","$v":"Ρολόι"},{"$i":"alarm-title","$v":"Αφύπνιση"},{"$i":"no-alarms-body","$v":"Δεν έχουν οριστεί αφυπνίσεις. Πατήστε Νέα αφύπνιση για να ξεκινήσετε."},{"$i":"kai-new-alarm","$v":"Νέα αφύπνιση"},{"$i":"kai-settings","$v":"Ρυθμίσεις"},{"$i":"kai-cancel","$v":"Ακύρωση"},{"$i":"kai-save","$v":"Αποθήκευση"},{"$i":"turnOn","$v":"Ενεργοπ."},{"$i":"turnOff","$v":"Απενεργοπ."},{"$i":"edit","$v":"Επεξεργασία"},{"$i":"select","$v":"Επιλογή"},{"$i":"kai-delete","$v":"Διαγραφή"},{"$i":"delete-all","$v":"Διαγραφή όλων"},{"$i":"kai-selected-alarm","$v":"Επιλογή αφύπνισης"},{"$i":"set","$v":"Ορισμός"},{"$i":"kai-start","$v":"Έναρξη"},{"$i":"kai-reset","$v":"Επαναφορά"},{"$i":"kai-min-plus","$v":"+1 λεπ."},{"$i":"kai-resume","$v":"Συνέχιση"},{"$i":"kai-lap","$v":"Γύρος"},{"$i":"play","$v":"Αναπαραγωγή"},{"$i":"kai-no-repeat","$v":"Χωρίς επανάληψη"},{"$i":"kai-confirm-title","$v":"Επιβεβαίωση"},{"$i":"kai-confirm-delete-body","$v":"Να διαγρ. η επιλεγμ. αφύπνιση;"},{"$i":"confirm-delete-all-body","$v":"Διαγραφή όλων των συναγερμών;"},{"$i":"kai-confirm-end-key-body","$v":{"$o":"Η εφαρμογή θα κλείσει με απώλεια δεδομένων. <br></br> Θέλετε να επιστρέψετε στην επεξεργασία;"}},{"$i":"kai-confirm-exit-button","$v":"Έξοδος"},{"$i":"kai-confirm-return-button","$v":"Επιστροφή"},{"$i":"weekday-0-long","$v":"Κυριακή"},{"$i":"weekday-1-long","$v":"Δευτέρα"},{"$i":"weekday-2-long","$v":"Τρίτη"},{"$i":"weekday-3-long","$v":"Τετάρτη"},{"$i":"weekday-4-long","$v":"Πέμπτη"},{"$i":"weekday-5-long","$v":"Παρασκευή"},{"$i":"weekday-6-long","$v":"Σάββατο"},{"$i":"weekday-0-short","$v":"Κυρ"},{"$i":"weekday-1-short","$v":"Δευ"},{"$i":"weekday-2-short","$v":"Τρ"},{"$i":"weekday-3-short","$v":"Τετ"},{"$i":"weekday-4-short","$v":"Πέμ"},{"$i":"weekday-5-short","$v":"Παρ"},{"$i":"weekday-6-short","$v":"Σάβ"},{"$i":"month-0-long","$v":"Ιανουάριος"},{"$i":"month-1-long","$v":"Φεβρουάριος"},{"$i":"month-2-long","$v":"Μάρτιος"},{"$i":"month-3-long","$v":"Απρίλιος"},{"$i":"month-4-long","$v":"Μάιος"},{"$i":"month-5-long","$v":"Ιούνιος"},{"$i":"month-6-long","$v":"Ιούλιος"},{"$i":"month-7-long","$v":"Αύγουστος"},{"$i":"month-8-long","$v":"Σεπτέμβριος"},{"$i":"month-9-long","$v":"Οκτώβριος"},{"$i":"month-10-long","$v":"Νοέμβριος"},{"$i":"month-11-long","$v":"Δεκέμβριος"},{"$i":"month-0-genitive","$v":"Ιανουάριος"},{"$i":"month-1-genitive","$v":"Φεβρουάριος"},{"$i":"month-2-genitive","$v":"Μάρτιος"},{"$i":"month-3-genitive","$v":"Απρίλιος"},{"$i":"month-4-genitive","$v":"Μάι"},{"$i":"month-5-genitive","$v":"Ιούνιος"},{"$i":"month-6-genitive","$v":"Ιούλιος"},{"$i":"month-7-genitive","$v":"Αύγουστος"},{"$i":"month-8-genitive","$v":"Σεπτέμβριος"},{"$i":"month-9-genitive","$v":"Οκτώβριος"},{"$i":"month-10-genitive","$v":"Νοέμβριος"},{"$i":"month-11-genitive","$v":"Δεκέμβριος"},{"$i":"month-0-short","$v":"Ιαν"},{"$i":"month-1-short","$v":"Φεβ"},{"$i":"month-2-short","$v":"Μάρ"},{"$i":"month-3-short","$v":"Απρ"},{"$i":"month-4-short","$v":"Μάι"},{"$i":"month-5-short","$v":"Ιούν"},{"$i":"month-6-short","$v":"Ιούλ"},{"$i":"month-7-short","$v":"Αύγ"},{"$i":"month-8-short","$v":"Σεπ"},{"$i":"month-9-short","$v":"Οκτ"},{"$i":"month-10-short","$v":"Νοέ"},{"$i":"month-11-short","$v":"Δεκ"},{"$i":"minutes-ago-long","$v":{"few":[{"t":"idOrVar","v":"value"}," λεπτά πριν"],"many":[{"t":"idOrVar","v":"value"}," λεπτά πριν"],"one":"ένα λεπτό πριν","other":[{"t":"idOrVar","v":"value"}," λεπτά πριν"],"two":[{"t":"idOrVar","v":"value"}," λεπτά πριν"],"zero":"μόλις τώρα"},"$x":[{"t":"idOrVar","v":"plural"},"value"]},{"$i":"hours-ago-long","$v":{"few":[{"t":"idOrVar","v":"value"}," ώρες πριν"],"many":[{"t":"idOrVar","v":"value"}," ώρες πριν"],"one":"πριν από μία ώρα","other":[{"t":"idOrVar","v":"value"}," ώρες πριν"],"two":[{"t":"idOrVar","v":"value"}," ώρες πριν"],"zero":"μόλις τώρα"},"$x":[{"t":"idOrVar","v":"plural"},"value"]},{"$i":"days-ago-long","$v":{"few":[{"t":"idOrVar","v":"value"}," ημέρες πριν"],"many":[{"t":"idOrVar","v":"value"}," ημέρες πριν"],"one":"χθες","other":[{"t":"idOrVar","v":"value"}," ημέρες πριν"],"two":[{"t":"idOrVar","v":"value"}," ημέρες πριν"],"zero":"σήμερα"},"$x":[{"t":"idOrVar","v":"plural"},"value"]},{"$i":"weeks-ago-long","$v":{"few":[{"t":"idOrVar","v":"value"}," εβδομάδες πριν"],"many":[{"t":"idOrVar","v":"value"}," εβδομάδες πριν"],"one":"προηγούμενη εβδομάδα","other":[{"t":"idOrVar","v":"value"}," εβδομάδες πριν"],"two":[{"t":"idOrVar","v":"value"}," εβδομάδες πριν"],"zero":"αυτήν την εβδομάδα"},"$x":[{"t":"idOrVar","v":"plural"},"value"]},{"$i":"months-ago-long","$v":{"few":[{"t":"idOrVar","v":"value"}," μήνες πριν"],"many":[{"t":"idOrVar","v":"value"}," μήνες πριν"],"one":"τελευταίος μήνας","other":[{"t":"idOrVar","v":"value"}," μήνες πριν"],"two":[{"t":"idOrVar","v":"value"}," μήνες πριν"],"zero":"αυτόν τον μήνα"},"$x":[{"t":"idOrVar","v":"plural"},"value"]},{"$i":"years-ago-long","$v":{"few":[{"t":"idOrVar","v":"value"}," έτη πριν"],"many":[{"t":"idOrVar","v":"value"}," έτη πριν"],"one":"προηγούμενο έτος","other":[{"t":"idOrVar","v":"value"}," έτη πριν"],"two":[{"t":"idOrVar","v":"value"}," έτη πριν"],"zero":"αυτό το έτος"},"$x":[{"t":"idOrVar","v":"plural"},"value"]},{"$i":"minutes-until-long","$v":{"few":["σε ",{"t":"idOrVar","v":"value"}," λεπτά"],"many":["σε ",{"t":"idOrVar","v":"value"}," λεπτά"],"one":"σε ένα λεπτό","other":["σε ",{"t":"idOrVar","v":"value"}," λεπτά"],"two":["σε ",{"t":"idOrVar","v":"value"}," λεπτά"],"zero":"τώρα"},"$x":[{"t":"idOrVar","v":"plural"},"value"]},{"$i":"hours-until-long","$v":{"few":["σε ",{"t":"idOrVar","v":"value"}," ώρες"],"many":["σε ",{"t":"idOrVar","v":"value"}," ώρες"],"one":"σε μια ώρα","other":["σε ",{"t":"idOrVar","v":"value"}," ώρες"],"two":["σε ",{"t":"idOrVar","v":"value"}," ώρες"],"zero":"τώρα"},"$x":[{"t":"idOrVar","v":"plural"},"value"]},{"$i":"days-until-long","$v":{"few":["σε ",{"t":"idOrVar","v":"value"}," ημέρες"],"many":["σε ",{"t":"idOrVar","v":"value"}," ημέρες"],"one":"αύριο","other":["σε ",{"t":"idOrVar","v":"value"}," ημέρες"],"two":["σε ",{"t":"idOrVar","v":"value"}," ημέρες"],"zero":"σήμερα"},"$x":[{"t":"idOrVar","v":"plural"},"value"]},{"$i":"weeks-until-long","$v":{"few":["σε ",{"t":"idOrVar","v":"value"}," εβδομάδες"],"many":["σε ",{"t":"idOrVar","v":"value"}," εβδομάδες"],"one":"επόμενη εβδομάδα","other":["σε ",{"t":"idOrVar","v":"value"}," εβδομάδες"],"two":["σε ",{"t":"idOrVar","v":"value"}," εβδομάδες"],"zero":"αυτήν την εβδομάδα"},"$x":[{"t":"idOrVar","v":"plural"},"value"]},{"$i":"months-until-long","$v":{"few":["σε ",{"t":"idOrVar","v":"value"}," μήνες"],"many":["σε ",{"t":"idOrVar","v":"value"}," μήνες"],"one":"επόμενος μήνας","other":["σε ",{"t":"idOrVar","v":"value"}," μήνες"],"two":["σε ",{"t":"idOrVar","v":"value"}," μήνες"],"zero":"αυτόν τον μήνα"},"$x":[{"t":"idOrVar","v":"plural"},"value"]},{"$i":"years-until-long","$v":{"few":["σε ",{"t":"idOrVar","v":"value"}," έτη"],"many":["σε ",{"t":"idOrVar","v":"value"}," έτη"],"one":"επόμενο έτος","other":["σε ",{"t":"idOrVar","v":"value"}," έτη"],"two":["σε ",{"t":"idOrVar","v":"value"}," έτη"],"zero":"αυτό το έτος"},"$x":[{"t":"idOrVar","v":"plural"},"value"]},{"$i":"minutes-ago-short","$v":{"other":[{"t":"idOrVar","v":"value"}," μήνα πριν"],"zero":"μόλις τώρα"},"$x":[{"t":"idOrVar","v":"plural"},"value"]},{"$i":"hours-ago-short","$v":{"other":[{"t":"idOrVar","v":"value"}," ώρες πριν"],"zero":"μόλις τώρα"},"$x":[{"t":"idOrVar","v":"plural"},"value"]},{"$i":"days-ago-short","$v":{"other":[{"t":"idOrVar","v":"value"}," ημ. πριν"],"zero":"σήμερα"},"$x":[{"t":"idOrVar","v":"plural"},"value"]},{"$i":"minutes-until-short","$v":{"other":["σε ",{"t":"idOrVar","v":"value"}," λεπτ."],"zero":"τώρα"},"$x":[{"t":"idOrVar","v":"plural"},"value"]},{"$i":"hours-until-short","$v":{"other":["σε ",{"t":"idOrVar","v":"value"}," ώρ."],"zero":"τώρα"},"$x":[{"t":"idOrVar","v":"plural"},"value"]},{"$i":"days-until-short","$v":{"other":["σε ",{"t":"idOrVar","v":"value"}," ημ."],"zero":"σήμερα"},"$x":[{"t":"idOrVar","v":"plural"},"value"]},{"$i":"incorrectDate","$v":"(εσφαλμένη ημερομηνία)"},{"$i":"dateTimeFormat_%c","$v":"%a %b %e %Y %I:%M:%S %p"},{"$i":"dateTimeFormat_%x","$v":"%m/%d/%Y"},{"$i":"dateTimeFormat_%X","$v":"%I:%M:%S %p"},{"$i":"shortTimeFormat","$v":"%I:%M %p"},{"$i":"shortTimeFormat12","$v":"%I:%M %p"},{"$i":"shortTimeFormat24","$v":"%H:%M"},{"$i":"shortDateTimeFormat","$v":"%x %I:%M %p"},{"$i":"weekStartsOnMonday","$v":"0.0"},{"$i":"firstDayOfTheWeek","$v":"1.0"},{"$i":"time_am","$v":"ΠΜ"},{"$i":"time_pm","$v":"ΜΜ"},{"$i":"softkey-options","$v":"Επιλογές"}]