[{"$i":"reset","$v":"Restablecer"},{"$i":"start","$v":"Iniciar"},{"$i":"stop","$v":"Detener"},{"$i":"cancel","$v":"Cancelar"},{"$i":"hour","$v":"Hora"},{"$i":"hours","$v":"Horas"},{"$i":"minute","$v":"Minuto"},{"$i":"minutes","$v":"Minutos"},{"$i":"second","$v":"Segundo"},{"$i":"alarm","$v":"Alarma"},{"$i":"alarm-name","placeholder":"Alarma"},{"$i":"timer","$v":"Temporizador"},{"$i":"stopwatch","$v":"Cronómetro"},{"$i":"alarmName","$v":"Nombre de la alarma"},{"$i":"newAlarm","$v":"Nueva alarma"},{"$i":"editAlarm","$v":"Editar alarma"},{"$i":"tclSettings","$v":"Ajustes"},{"$i":"clock-settings","$v":"Ajustes del reloj"},{"$i":"alarms-maximum","$v":"Ha alcanzado el número máximo de alarmas."},{"$i":"laps-maximum","$v":"Ha alcanzado el número máximo de vueltas."},{"$i":"changes-saved","$v":"Cambios guardados."},{"$i":"pause","$v":"Pausar"},{"$i":"resume","$v":"Reanudar"},{"$i":"lap","$v":"Vuelta"},{"$i":"lap-number","$v":["Vuelta ",{"t":"idOrVar","v":"n"}]},{"$i":"timer-hour","$v":"hora"},{"$i":"timer-min","$v":"minuto"},{"$i":"timer-sec","$v":"segundo"},{"$i":"delete","$v":"Eliminar"},{"$i":"time","$v":"Hora"},{"$i":"snooze-label","$v":"Repetir"},{"$i":"snooze-button","$v":"Repetir"},{"$i":"repeat","$v":"Repetir"},{"$i":"vibrate","$v":"Vibración"},{"$i":"close","$v":"Cerrar"},{"$i":"save","$v":"Guardar"},{"$i":"done","$v":"Hecho"},{"$i":"kai-select-time","$v":"Seleccionar hora"},{"$i":"closeButton","ariaLabel":"Cerrar"},{"$i":"newAlarmButton","ariaLabel":"Nueva alarma"},{"$i":"alarm-volume-label","$v":"Volumen de la alarma del sistema"},{"$i":"kai-volume","$v":"Volumen:"},{"$i":"volume-level-display","$v":[{"t":"idOrVar","v":"n"}," / ",{"t":"idOrVar","v":"c"}]},{"$i":"sound","$v":"Sonido"},{"$i":"noSound","$v":"Sin sonido"},{"$i":"kai-ringtones","$v":"Tonos de llamada"},{"$i":"everyday","$v":"Todos los días"},{"$i":"weekdays","$v":"Entre semana"},{"$i":"weekends","$v":"Fines de semana"},{"$i":"never","$v":"Nunca"},{"$i":"vibrateOn","$v":"Activado"},{"$i":"vibrateOff","$v":"Desactivado"},{"$i":"kai-on","$v":"Activado"},{"$i":"kai-off","$v":"Desactivado"},{"$i":"plusMinute","$v":"+1 minuto"},{"$i":"dateFormat","$v":"%A, %B %e"},{"$i":"countdown-lessThanAnHour","$v":["La alarma sonará dentro de ",{"t":"idOrVar","v":"minutes"}," a partir de ahora."]},{"$i":"countdown-moreThanAnHour","$v":["La alarma sonará dentro de ",{"t":"idOrVar","v":"hours"}," ",{"t":"idOrVar","v":"minutes"}," a partir de ahora."]},{"$i":"countdown-moreThanADay","$v":["La alarma sonará dentro de ",{"t":"idOrVar","v":"days"}," ",{"t":"idOrVar","v":"hours"}," a partir de ahora."]},{"$i":"kai-alarm-off","$v":"Alarma desactivada."},{"$i":"kai-alarm-deleted","$v":"Alarma eliminada."},{"$i":"alarm-delete-all","$v":"Todas las alarmas borradas."},{"$i":"nMinutes","$v":{"few":[{"t":"idOrVar","v":"n"}," minutos"],"many":[{"t":"idOrVar","v":"n"}," minutos"],"one":"un minuto","other":[{"t":"idOrVar","v":"n"}," minutos"],"two":[{"t":"idOrVar","v":"n"}," minutos"],"zero":"menos de un minuto"},"$x":[{"t":"idOrVar","v":"plural"},"n"]},{"$i":"nHours","$v":{"few":[{"t":"idOrVar","v":"n"}," horas"],"many":[{"t":"idOrVar","v":"n"}," horas"],"one":[{"t":"idOrVar","v":"n"}," hora"],"other":[{"t":"idOrVar","v":"n"}," horas"],"two":[{"t":"idOrVar","v":"n"}," horas"]},"$x":[{"t":"idOrVar","v":"plural"},"n"]},{"$i":"nAndRemainHours","$v":{"few":["y ",{"t":"idOrVar","v":"n"}," horas"],"many":["y ",{"t":"idOrVar","v":"n"}," horas"],"one":["y ",{"t":"idOrVar","v":"n"}," hora"],"other":["y ",{"t":"idOrVar","v":"n"}," horas"],"two":["y ",{"t":"idOrVar","v":"n"}," horas"]},"$x":[{"t":"idOrVar","v":"plural"},"n"]},{"$i":"nRemainDays","$v":{"few":[{"t":"idOrVar","v":"n"}," días"],"many":[{"t":"idOrVar","v":"n"}," días"],"one":[{"t":"idOrVar","v":"n"}," día"],"other":[{"t":"idOrVar","v":"n"}," días"],"two":[{"t":"idOrVar","v":"n"}," días"]},"$x":[{"t":"idOrVar","v":"plural"},"n"]},{"$i":"nRemainMinutes","$v":{"few":["y ",{"t":"idOrVar","v":"n"}," minutos"],"many":["y ",{"t":"idOrVar","v":"n"}," minutos"],"one":["y ",{"t":"idOrVar","v":"n"}," minuto"],"other":["y ",{"t":"idOrVar","v":"n"}," minutos"],"two":["y ",{"t":"idOrVar","v":"n"}," minutos"]},"$x":[{"t":"idOrVar","v":"plural"},"n"]},{"$i":"nSpinnerSeconds","$v":{"few":[{"t":"idOrVar","v":"n"}," segundos"],"many":[{"t":"idOrVar","v":"n"}," segundos"],"one":"un segundo","other":[{"t":"idOrVar","v":"n"}," segundos"],"two":[{"t":"idOrVar","v":"n"}," segundos"],"zero":"cero segundos"},"$x":[{"t":"idOrVar","v":"plural"},"n"]},{"$i":"nSpinnerMinutes","$v":{"few":[{"t":"idOrVar","v":"n"}," minutos"],"many":[{"t":"idOrVar","v":"n"}," minutos"],"one":"un minuto","other":[{"t":"idOrVar","v":"n"}," minutos"],"two":[{"t":"idOrVar","v":"n"}," minutos"],"zero":"cero minutos"},"$x":[{"t":"idOrVar","v":"plural"},"n"]},{"$i":"nSpinnerHours","$v":{"few":[{"t":"idOrVar","v":"n"}," horas"],"many":[{"t":"idOrVar","v":"n"}," horas"],"one":[{"t":"idOrVar","v":"n"}," hora"],"other":[{"t":"idOrVar","v":"n"}," horas"],"two":[{"t":"idOrVar","v":"n"}," horas"],"zero":"cero horas"},"$x":[{"t":"idOrVar","v":"plural"},"n"]},{"$i":"kai-stop","$v":"Detener"},{"$i":"kai-snooze","$v":"Posponer"},{"$i":"ac_africa_ogg","$v":"África"},{"$i":"ac_amazon_ogg","$v":"Amazon"},{"$i":"ac_disco_ogg","$v":"Disco"},{"$i":"ac_fairy_tales_ogg","$v":"Fairy tales"},{"$i":"ac_fresh_ogg","$v":"Fresco"},{"$i":"ac_galaxy_ogg","$v":"Galaxy"},{"$i":"ac_kai_ogg","$v":"Kai"},{"$i":"ac_techno_ogg","$v":"Techno"},{"$i":"ac_woody_ogg","$v":"Woody"},{"$i":"ac_awake_opus","$v":"Activa"},{"$i":"ac_crystalize_opus","$v":"Cristalizar"},{"$i":"ac_cycle_opus","$v":"Ciclo"},{"$i":"ac_digicloud_opus","$v":"Digicloud"},{"$i":"ac_humming_waves_opus","$v":"Olas que murmuran"},{"$i":"ac_into_the_void_opus","$v":"El vacío"},{"$i":"ac_lightly_opus","$v":"Ligereza"},{"$i":"ac_mobile_opus","$v":"Móvil"},{"$i":"ac_pinger_opus","$v":"Ultrasonido"},{"$i":"ac_skip_opus","$v":"Omitir"},{"$i":"ac_tri_opus","$v":"Tri"},{"$i":"ac_universal_opus","$v":"Universal"},{"$i":"kai-options","$v":"Opciones"},{"$i":"kai-clock-title","$v":"Reloj"},{"$i":"alarm-title","$v":"Alarma"},{"$i":"no-alarms-body","$v":"No se ha definido ninguna alarma. Pulse Nuevo para empezar."},{"$i":"kai-new-alarm","$v":"Nuevo"},{"$i":"kai-settings","$v":"Ajustes"},{"$i":"kai-cancel","$v":"Cancelar"},{"$i":"kai-save","$v":"Guardar"},{"$i":"turnOn","$v":"Activar"},{"$i":"turnOff","$v":"Desactivar"},{"$i":"edit","$v":"Editar"},{"$i":"select","$v":"Seleccionar"},{"$i":"kai-delete","$v":"Eliminar"},{"$i":"delete-all","$v":"Eliminar todo"},{"$i":"kai-selected-alarm","$v":"Alarma seleccionada"},{"$i":"set","$v":"Definir"},{"$i":"kai-start","$v":"Iniciar"},{"$i":"kai-reset","$v":"Restablecer"},{"$i":"kai-min-plus","$v":"+1 minuto"},{"$i":"kai-resume","$v":"Reanudar"},{"$i":"kai-lap","$v":"Vuelta"},{"$i":"play","$v":"Reproducir"},{"$i":"kai-no-repeat","$v":"Sin repetición"},{"$i":"kai-confirm-title","$v":"Confirmación"},{"$i":"kai-confirm-delete-body","$v":"¿Desea eliminar la alarma seleccionada?"},{"$i":"confirm-delete-all-body","$v":"¿Desea borrar todas las alarmas?"},{"$i":"kai-confirm-end-key-body","$v":{"$o":"La aplicación se cerrará y se perderán datos. <br><br> ¿Desea regresar a la edición?"}},{"$i":"kai-confirm-exit-button","$v":"Salir"},{"$i":"kai-confirm-return-button","$v":"Regresar"},{"$i":"weekday-0-long","$v":"domingo"},{"$i":"weekday-1-long","$v":"lunes"},{"$i":"weekday-2-long","$v":"martes"},{"$i":"weekday-3-long","$v":"miércoles"},{"$i":"weekday-4-long","$v":"jueves"},{"$i":"weekday-5-long","$v":"viernes"},{"$i":"weekday-6-long","$v":"sábado"},{"$i":"weekday-0-short","$v":"dom."},{"$i":"weekday-1-short","$v":"lun."},{"$i":"weekday-2-short","$v":"mar."},{"$i":"weekday-3-short","$v":"mié.  "},{"$i":"weekday-4-short","$v":"jue."},{"$i":"weekday-5-short","$v":"vie."},{"$i":"weekday-6-short","$v":"sáb."},{"$i":"month-0-long","$v":"enero"},{"$i":"month-1-long","$v":"febrero"},{"$i":"month-2-long","$v":"marzo"},{"$i":"month-3-long","$v":"abril"},{"$i":"month-4-long","$v":"mayo"},{"$i":"month-5-long","$v":"junio"},{"$i":"month-6-long","$v":"julio"},{"$i":"month-7-long","$v":"agosto"},{"$i":"month-8-long","$v":"septiembre"},{"$i":"month-9-long","$v":"octubre"},{"$i":"month-10-long","$v":"noviembre"},{"$i":"month-11-long","$v":"diciembre"},{"$i":"month-0-genitive","$v":"enero"},{"$i":"month-1-genitive","$v":"febrero"},{"$i":"month-2-genitive","$v":"marzo"},{"$i":"month-3-genitive","$v":"abril"},{"$i":"month-4-genitive","$v":"mayo"},{"$i":"month-5-genitive","$v":"junio"},{"$i":"month-6-genitive","$v":"julio"},{"$i":"month-7-genitive","$v":"agosto"},{"$i":"month-8-genitive","$v":"septiembre"},{"$i":"month-9-genitive","$v":"octubre"},{"$i":"month-10-genitive","$v":"noviembre"},{"$i":"month-11-genitive","$v":"diciembre"},{"$i":"month-0-short","$v":"ene"},{"$i":"month-1-short","$v":"feb"},{"$i":"month-2-short","$v":"mar"},{"$i":"month-3-short","$v":"abr"},{"$i":"month-4-short","$v":"mayo"},{"$i":"month-5-short","$v":"jun"},{"$i":"month-6-short","$v":"jul"},{"$i":"month-7-short","$v":"ago"},{"$i":"month-8-short","$v":"sep"},{"$i":"month-9-short","$v":"oct"},{"$i":"month-10-short","$v":"nov"},{"$i":"month-11-short","$v":"dic"},{"$i":"minutes-ago-long","$v":{"few":["Hace ",{"t":"idOrVar","v":"value"}," minutos"],"many":["Hace ",{"t":"idOrVar","v":"value"}," minutos"],"one":"Hace un minuto","other":["Hace ",{"t":"idOrVar","v":"value"}," minutos"],"two":["Hace ",{"t":"idOrVar","v":"value"}," minutos"],"zero":"justo ahora"},"$x":[{"t":"idOrVar","v":"plural"},"value"]},{"$i":"hours-ago-long","$v":{"few":["Hace ",{"t":"idOrVar","v":"value"}," horas"],"many":["Hace ",{"t":"idOrVar","v":"value"}," horas"],"one":"Hace una hora","other":["Hace ",{"t":"idOrVar","v":"value"}," horas"],"two":["Hace ",{"t":"idOrVar","v":"value"}," horas"],"zero":"justo ahora"},"$x":[{"t":"idOrVar","v":"plural"},"value"]},{"$i":"days-ago-long","$v":{"few":["Hace ",{"t":"idOrVar","v":"value"}," días"],"many":["Hace ",{"t":"idOrVar","v":"value"}," días"],"one":"Ayer","other":["Hace ",{"t":"idOrVar","v":"value"}," días"],"two":["Hace ",{"t":"idOrVar","v":"value"}," días"],"zero":"Hoy"},"$x":[{"t":"idOrVar","v":"plural"},"value"]},{"$i":"weeks-ago-long","$v":{"few":["Hace ",{"t":"idOrVar","v":"value"}," semanas"],"many":["Hace ",{"t":"idOrVar","v":"value"}," semanas"],"one":"La semana pasada","other":["Hace ",{"t":"idOrVar","v":"value"}," semanas"],"two":["Hace ",{"t":"idOrVar","v":"value"}," semanas"],"zero":"Esta semana"},"$x":[{"t":"idOrVar","v":"plural"},"value"]},{"$i":"months-ago-long","$v":{"few":["Hace ",{"t":"idOrVar","v":"value"}," meses"],"many":["Hace ",{"t":"idOrVar","v":"value"}," meses"],"one":"Último mes","other":["Hace ",{"t":"idOrVar","v":"value"}," meses"],"two":["Hace ",{"t":"idOrVar","v":"value"}," meses"],"zero":"este mes"},"$x":[{"t":"idOrVar","v":"plural"},"value"]},{"$i":"years-ago-long","$v":{"few":["Hace ",{"t":"idOrVar","v":"value"}," años"],"many":["Hace ",{"t":"idOrVar","v":"value"}," años"],"one":"El año pasado","other":["Hace ",{"t":"idOrVar","v":"value"}," años"],"two":["Hace ",{"t":"idOrVar","v":"value"}," años"],"zero":"Este año"},"$x":[{"t":"idOrVar","v":"plural"},"value"]},{"$i":"minutes-until-long","$v":{"few":["Dentro de ",{"t":"idOrVar","v":"value"}," minutos"],"many":["Dentro de ",{"t":"idOrVar","v":"value"}," minutos"],"one":"Dentro de un minuto","other":["Dentro de ",{"t":"idOrVar","v":"value"}," minutos"],"two":["Dentro de ",{"t":"idOrVar","v":"value"}," minutos"],"zero":"ahora"},"$x":[{"t":"idOrVar","v":"plural"},"value"]},{"$i":"hours-until-long","$v":{"few":["Dentro de ",{"t":"idOrVar","v":"value"}," horas"],"many":["Dentro de ",{"t":"idOrVar","v":"value"}," horas"],"one":"Dentro de una hora","other":["Dentro de ",{"t":"idOrVar","v":"value"}," horas"],"two":["Dentro de ",{"t":"idOrVar","v":"value"}," horas"],"zero":"ahora"},"$x":[{"t":"idOrVar","v":"plural"},"value"]},{"$i":"days-until-long","$v":{"few":["Dentro de ",{"t":"idOrVar","v":"value"}," días"],"many":["Dentro de ",{"t":"idOrVar","v":"value"}," días"],"one":"Mañana","other":["Dentro de ",{"t":"idOrVar","v":"value"}," días"],"two":["Dentro de ",{"t":"idOrVar","v":"value"}," días"],"zero":"Hoy"},"$x":[{"t":"idOrVar","v":"plural"},"value"]},{"$i":"weeks-until-long","$v":{"few":["Dentro de ",{"t":"idOrVar","v":"value"}," semanas"],"many":["Dentro de ",{"t":"idOrVar","v":"value"}," semanas"],"one":"La próxima semana","other":["Dentro de ",{"t":"idOrVar","v":"value"}," semanas"],"two":["Dentro de ",{"t":"idOrVar","v":"value"}," semanas"],"zero":"Esta semana"},"$x":[{"t":"idOrVar","v":"plural"},"value"]},{"$i":"months-until-long","$v":{"few":["Dentro de ",{"t":"idOrVar","v":"value"}," meses"],"many":["Dentro de ",{"t":"idOrVar","v":"value"}," meses"],"one":"Mes siguiente","other":["Dentro de ",{"t":"idOrVar","v":"value"}," meses"],"two":["Dentro de ",{"t":"idOrVar","v":"value"}," meses"],"zero":"Este mes"},"$x":[{"t":"idOrVar","v":"plural"},"value"]},{"$i":"years-until-long","$v":{"few":["Dentro de ",{"t":"idOrVar","v":"value"}," años"],"many":["Dentro de ",{"t":"idOrVar","v":"value"}," años"],"one":"El año que viene","other":["Dentro de ",{"t":"idOrVar","v":"value"}," años"],"two":["Dentro de ",{"t":"idOrVar","v":"value"}," años"],"zero":"Este año"},"$x":[{"t":"idOrVar","v":"plural"},"value"]},{"$i":"minutes-ago-short","$v":{"other":["Hace ",{"t":"idOrVar","v":"value"}," m"],"zero":"Justo ahora"},"$x":[{"t":"idOrVar","v":"plural"},"value"]},{"$i":"hours-ago-short","$v":{"other":["Hace ",{"t":"idOrVar","v":"value"}," h"],"zero":"justo ahora"},"$x":[{"t":"idOrVar","v":"plural"},"value"]},{"$i":"days-ago-short","$v":{"other":["Hace ",{"t":"idOrVar","v":"value"}," d"],"zero":"Hoy"},"$x":[{"t":"idOrVar","v":"plural"},"value"]},{"$i":"minutes-until-short","$v":{"other":["Dentro de ",{"t":"idOrVar","v":"value"}," m"],"zero":"ahora"},"$x":[{"t":"idOrVar","v":"plural"},"value"]},{"$i":"hours-until-short","$v":{"other":["Dentro de ",{"t":"idOrVar","v":"value"}," h"],"zero":"ahora"},"$x":[{"t":"idOrVar","v":"plural"},"value"]},{"$i":"days-until-short","$v":{"other":["Dentro de ",{"t":"idOrVar","v":"value"}," d"],"zero":"Hoy"},"$x":[{"t":"idOrVar","v":"plural"},"value"]},{"$i":"incorrectDate","$v":"(fecha incorrecta)"},{"$i":"dateTimeFormat_%c","$v":"%a %b %e %Y %I:%M:%S %p"},{"$i":"dateTimeFormat_%x","$v":"%d/%m/%Y"},{"$i":"dateTimeFormat_%X","$v":"%I:%M:%S %p"},{"$i":"shortTimeFormat","$v":"%I:%M %p"},{"$i":"shortTimeFormat12","$v":"%I:%M %p"},{"$i":"shortTimeFormat24","$v":"%H:%M"},{"$i":"shortDateTimeFormat","$v":"%x %I:%M %p"},{"$i":"weekStartsOnMonday","$v":"0.0"},{"$i":"firstDayOfTheWeek","$v":"1.0"},{"$i":"time_am","$v":"AM"},{"$i":"time_pm","$v":"PM"},{"$i":"softkey-options","$v":"Opciones"}]