[{"$i":"reset","$v":"Restablecer"},{"$i":"start","$v":"Comenzar"},{"$i":"stop","$v":"Detener"},{"$i":"cancel","$v":"Cancelar"},{"$i":"hour","$v":"Hora"},{"$i":"hours","$v":"Horas"},{"$i":"minute","$v":"Minuto"},{"$i":"minutes","$v":"Minutos"},{"$i":"second","$v":"Segundo"},{"$i":"alarm","$v":"Alarma"},{"$i":"alarm-name","placeholder":"Alarma"},{"$i":"timer","$v":"Temporizador"},{"$i":"stopwatch","$v":"Cronómetro"},{"$i":"alarmName","$v":"Nombre de alarma"},{"$i":"newAlarm","$v":"Alarma nueva"},{"$i":"editAlarm","$v":"Editar alarma"},{"$i":"tclSettings","$v":"Ajustes"},{"$i":"clock-settings","$v":"Ajustes de reloj"},{"$i":"alarms-maximum","$v":"Alcanzó el número máximo de alarmas."},{"$i":"laps-maximum","$v":"Alcanzó el número máximo de vueltas."},{"$i":"changes-saved","$v":"Cambios guardados."},{"$i":"pause","$v":"Pausar"},{"$i":"resume","$v":"Reiniciar"},{"$i":"lap","$v":"Ciclo"},{"$i":"lap-number","$v":["Vuelta ",{"t":"idOrVar","v":"n"}]},{"$i":"timer-hour","$v":"hora"},{"$i":"timer-min","$v":"minuto"},{"$i":"timer-sec","$v":"segundo"},{"$i":"delete","$v":"Eliminar"},{"$i":"time","$v":"Hora"},{"$i":"snooze-label","$v":"Posponer"},{"$i":"snooze-button","$v":"Parar"},{"$i":"repeat","$v":"Repetir"},{"$i":"vibrate","$v":"Vibrar"},{"$i":"close","$v":"Cerrar"},{"$i":"save","$v":"Guardar"},{"$i":"done","$v":"Listo"},{"$i":"kai-select-time","$v":"Seleccionar hora"},{"$i":"closeButton","ariaLabel":"Cerrar"},{"$i":"newAlarmButton","ariaLabel":"Alarma nueva"},{"$i":"alarm-volume-label","$v":"Volumen de alarma del sistema"},{"$i":"kai-volume","$v":"Volumen:"},{"$i":"volume-level-display","$v":[{"t":"idOrVar","v":"n"}," / ",{"t":"idOrVar","v":"c"}]},{"$i":"sound","$v":"Sonido"},{"$i":"noSound","$v":"Sin sonido"},{"$i":"kai-ringtones","$v":"Tonos de llamada"},{"$i":"everyday","$v":"Todos los días"},{"$i":"weekdays","$v":"Días hábiles"},{"$i":"weekends","$v":"Fines de semana"},{"$i":"never","$v":"Nunca"},{"$i":"vibrateOn","$v":"Encendido"},{"$i":"vibrateOff","$v":"Apagado"},{"$i":"kai-on","$v":"Encendido"},{"$i":"kai-off","$v":"Apagado"},{"$i":"plusMinute","$v":"+1 Min"},{"$i":"dateFormat","$v":"%A, %B %e"},{"$i":"countdown-lessThanAnHour","$v":["Se estableció la alarma para ",{"t":"idOrVar","v":"minutes"}," desde ahora."]},{"$i":"countdown-moreThanAnHour","$v":["Se estableció la alarma para ",{"t":"idOrVar","v":"hours"}," ",{"t":"idOrVar","v":"minutes"}," desde ahora."]},{"$i":"countdown-moreThanADay","$v":["Se estableció la alarma para ",{"t":"idOrVar","v":"days"}," ",{"t":"idOrVar","v":"hours"}," desde ahora."]},{"$i":"kai-alarm-off","$v":"Alarma apagada"},{"$i":"kai-alarm-deleted","$v":"Alarma eliminada"},{"$i":"alarm-delete-all","$v":"Todas las alarmas eliminadas."},{"$i":"nMinutes","$v":{"few":[{"t":"idOrVar","v":"n"}," minutos"],"many":[{"t":"idOrVar","v":"n"}," minutos"],"one":"un minuto","other":[{"t":"idOrVar","v":"n"}," minutos"],"two":[{"t":"idOrVar","v":"n"}," minutos"],"zero":"menos de un minuto"},"$x":[{"t":"idOrVar","v":"plural"},"n"]},{"$i":"nHours","$v":{"few":[{"t":"idOrVar","v":"n"}," horas"],"many":[{"t":"idOrVar","v":"n"}," horas"],"one":[{"t":"idOrVar","v":"n"}," hora"],"other":[{"t":"idOrVar","v":"n"}," horas"],"two":[{"t":"idOrVar","v":"n"}," horas"],"zero":""},"$x":[{"t":"idOrVar","v":"plural"},"n"]},{"$i":"nAndRemainHours","$v":{"few":["y ",{"t":"idOrVar","v":"n"}," horas"],"many":["y ",{"t":"idOrVar","v":"n"}," horas"],"one":["y ",{"t":"idOrVar","v":"n"}," hora"],"other":["y ",{"t":"idOrVar","v":"n"}," horas"],"two":["y ",{"t":"idOrVar","v":"n"}," horas"],"zero":""},"$x":[{"t":"idOrVar","v":"plural"},"n"]},{"$i":"nRemainDays","$v":{"few":[{"t":"idOrVar","v":"n"}," días"],"many":[{"t":"idOrVar","v":"n"}," días"],"one":[{"t":"idOrVar","v":"n"}," día"],"other":[{"t":"idOrVar","v":"n"}," días"],"two":[{"t":"idOrVar","v":"n"}," días"],"zero":""},"$x":[{"t":"idOrVar","v":"plural"},"n"]},{"$i":"nRemainMinutes","$v":{"few":["y ",{"t":"idOrVar","v":"n"}," minutos"],"many":["y ",{"t":"idOrVar","v":"n"}," minutos"],"one":["y ",{"t":"idOrVar","v":"n"}," minuto"],"other":["y ",{"t":"idOrVar","v":"n"}," minutos"],"two":["y ",{"t":"idOrVar","v":"n"}," minutos"],"zero":""},"$x":[{"t":"idOrVar","v":"plural"},"n"]},{"$i":"nSpinnerSeconds","$v":{"few":[{"t":"idOrVar","v":"n"}," segundos"],"many":[{"t":"idOrVar","v":"n"}," segundos"],"one":"un segundo","other":[{"t":"idOrVar","v":"n"}," segundos"],"two":[{"t":"idOrVar","v":"n"}," segundos"],"zero":"cero segundos"},"$x":[{"t":"idOrVar","v":"plural"},"n"]},{"$i":"nSpinnerMinutes","$v":{"few":[{"t":"idOrVar","v":"n"}," minutos"],"many":[{"t":"idOrVar","v":"n"}," minutos"],"one":"un minuto","other":[{"t":"idOrVar","v":"n"}," minutos"],"two":[{"t":"idOrVar","v":"n"}," minutos"],"zero":"cero minutos"},"$x":[{"t":"idOrVar","v":"plural"},"n"]},{"$i":"nSpinnerHours","$v":{"few":[{"t":"idOrVar","v":"n"}," horas"],"many":[{"t":"idOrVar","v":"n"}," horas"],"one":[{"t":"idOrVar","v":"n"}," hora"],"other":[{"t":"idOrVar","v":"n"}," horas"],"two":[{"t":"idOrVar","v":"n"}," horas"],"zero":"cero horas"},"$x":[{"t":"idOrVar","v":"plural"},"n"]},{"$i":"kai-stop","$v":"Detener"},{"$i":"kai-snooze","$v":"Posponer"},{"$i":"ac_africa_ogg","$v":"África"},{"$i":"ac_amazon_ogg","$v":"Amazon"},{"$i":"ac_disco_ogg","$v":"Disco"},{"$i":"ac_fairy_tales_ogg","$v":"Fairy tales"},{"$i":"ac_fresh_ogg","$v":"Fresh"},{"$i":"ac_galaxy_ogg","$v":"Galaxy"},{"$i":"ac_kai_ogg","$v":"Kai"},{"$i":"ac_techno_ogg","$v":"Techno"},{"$i":"ac_woody_ogg","$v":"Woody"},{"$i":"ac_awake_opus","$v":"Despierto"},{"$i":"ac_crystalize_opus","$v":"Cristalizar"},{"$i":"ac_cycle_opus","$v":"Ciclo"},{"$i":"ac_digicloud_opus","$v":"Nube digital"},{"$i":"ac_humming_waves_opus","$v":"Ondas de zumbidos"},{"$i":"ac_into_the_void_opus","$v":"Vacío"},{"$i":"ac_lightly_opus","$v":"Suave"},{"$i":"ac_mobile_opus","$v":"Móvil"},{"$i":"ac_pinger_opus","$v":"Tintineo"},{"$i":"ac_skip_opus","$v":"Omitir"},{"$i":"ac_tri_opus","$v":"Tri"},{"$i":"ac_universal_opus","$v":"Universal"},{"$i":"kai-options","$v":"Opciones"},{"$i":"kai-clock-title","$v":"Reloj"},{"$i":"alarm-title","$v":"Alarma"},{"$i":"no-alarms-body","$v":"No se ha establecido ninguna alarma. Pulse Nuevo para empezar."},{"$i":"kai-new-alarm","$v":"Nuevo"},{"$i":"kai-settings","$v":"Ajustes"},{"$i":"kai-cancel","$v":"Cancelar"},{"$i":"kai-save","$v":"Guardar"},{"$i":"turnOn","$v":"Encender"},{"$i":"turnOff","$v":"Apagar"},{"$i":"edit","$v":"Editar"},{"$i":"select","$v":"Selec."},{"$i":"kai-delete","$v":"Eliminar"},{"$i":"delete-all","$v":"Eliminar todos"},{"$i":"kai-selected-alarm","$v":"Alarma seleccionada"},{"$i":"set","$v":"Establecer"},{"$i":"kai-start","$v":"Comenzar"},{"$i":"kai-reset","$v":"Restablecer"},{"$i":"kai-min-plus","$v":"+1 Min"},{"$i":"kai-resume","$v":"Reanudar"},{"$i":"kai-lap","$v":"Vuelta"},{"$i":"play","$v":"Reproducir"},{"$i":"kai-no-repeat","$v":"No repetir"},{"$i":"kai-confirm-title","$v":"Confirmación"},{"$i":"kai-confirm-delete-body","$v":"¿Eliminar alarma seleccionada?"},{"$i":"confirm-delete-all-body","$v":"¿Desea eliminar todas las alarmas?"},{"$i":"kai-confirm-end-key-body","$v":{"$o":"Se cerrará la aplicación y se perderán los datos. <br><br> ¿Le gustaría volver a la edición?"}},{"$i":"kai-confirm-exit-button","$v":"Salir"},{"$i":"kai-confirm-return-button","$v":"Volver"},{"$i":"weekday-0-long","$v":"Domingo"},{"$i":"weekday-1-long","$v":"Lunes"},{"$i":"weekday-2-long","$v":"Martes"},{"$i":"weekday-3-long","$v":"Miércoles"},{"$i":"weekday-4-long","$v":"Jueves"},{"$i":"weekday-5-long","$v":"Viernes"},{"$i":"weekday-6-long","$v":"Sábado"},{"$i":"weekday-0-short","$v":"dom."},{"$i":"weekday-1-short","$v":"lun."},{"$i":"weekday-2-short","$v":"mar."},{"$i":"weekday-3-short","$v":"mié."},{"$i":"weekday-4-short","$v":"jue."},{"$i":"weekday-5-short","$v":"vie."},{"$i":"weekday-6-short","$v":"sáb."},{"$i":"month-0-long","$v":"Enero"},{"$i":"month-1-long","$v":"Febrero"},{"$i":"month-2-long","$v":"Marzo"},{"$i":"month-3-long","$v":"Abril"},{"$i":"month-4-long","$v":"Mayo"},{"$i":"month-5-long","$v":"Junio"},{"$i":"month-6-long","$v":"Julio"},{"$i":"month-7-long","$v":"Agosto"},{"$i":"month-8-long","$v":"Septiembre"},{"$i":"month-9-long","$v":"Octubre"},{"$i":"month-10-long","$v":"Noviembre"},{"$i":"month-11-long","$v":"Diciembre"},{"$i":"month-0-genitive","$v":"Enero"},{"$i":"month-1-genitive","$v":"Febrero"},{"$i":"month-2-genitive","$v":"Marzo"},{"$i":"month-3-genitive","$v":"Abril"},{"$i":"month-4-genitive","$v":"Mayo"},{"$i":"month-5-genitive","$v":"Junio"},{"$i":"month-6-genitive","$v":"Julio"},{"$i":"month-7-genitive","$v":"Agosto"},{"$i":"month-8-genitive","$v":"Septiembre"},{"$i":"month-9-genitive","$v":"Octubre"},{"$i":"month-10-genitive","$v":"Noviembre"},{"$i":"month-11-genitive","$v":"Diciembre"},{"$i":"month-0-short","$v":"Ene"},{"$i":"month-1-short","$v":"Feb"},{"$i":"month-2-short","$v":"Mar"},{"$i":"month-3-short","$v":"Abr"},{"$i":"month-4-short","$v":"May"},{"$i":"month-5-short","$v":"Jun"},{"$i":"month-6-short","$v":"Jul"},{"$i":"month-7-short","$v":"Ago"},{"$i":"month-8-short","$v":"Sep"},{"$i":"month-9-short","$v":"Oct"},{"$i":"month-10-short","$v":"Nov"},{"$i":"month-11-short","$v":"Dec"},{"$i":"minutes-ago-long","$v":{"few":["hace ",{"t":"idOrVar","v":"value"}," minutos"],"many":["hace ",{"t":"idOrVar","v":"value"}," minutos"],"one":"hace un minuto","other":["hace ",{"t":"idOrVar","v":"value"}," minutos"],"two":["hace ",{"t":"idOrVar","v":"value"}," minutos"],"zero":"recién"},"$x":[{"t":"idOrVar","v":"plural"},"value"]},{"$i":"hours-ago-long","$v":{"few":["hace ",{"t":"idOrVar","v":"value"}," horas"],"many":["hace ",{"t":"idOrVar","v":"value"}," horas"],"one":"hace una hora","other":["hace ",{"t":"idOrVar","v":"value"}," horas"],"two":["hace ",{"t":"idOrVar","v":"value"}," horas"],"zero":"recién"},"$x":[{"t":"idOrVar","v":"plural"},"value"]},{"$i":"days-ago-long","$v":{"few":["hace ",{"t":"idOrVar","v":"value"}," días"],"many":["hace ",{"t":"idOrVar","v":"value"}," días"],"one":"ayer","other":["hace ",{"t":"idOrVar","v":"value"}," días"],"two":["hace ",{"t":"idOrVar","v":"value"}," días"],"zero":"hoy"},"$x":[{"t":"idOrVar","v":"plural"},"value"]},{"$i":"weeks-ago-long","$v":{"few":["hace ",{"t":"idOrVar","v":"value"}," semanas"],"many":["hace ",{"t":"idOrVar","v":"value"}," semanas"],"one":"la semana pasada","other":["hace ",{"t":"idOrVar","v":"value"}," semanas"],"two":["hace ",{"t":"idOrVar","v":"value"}," semanas"],"zero":"esta semana"},"$x":[{"t":"idOrVar","v":"plural"},"value"]},{"$i":"months-ago-long","$v":{"few":["hace ",{"t":"idOrVar","v":"value"}," meses"],"many":["hace ",{"t":"idOrVar","v":"value"}," meses"],"one":"el último mes","other":["hace ",{"t":"idOrVar","v":"value"}," meses"],"two":["hace ",{"t":"idOrVar","v":"value"}," meses"],"zero":"este mes"},"$x":[{"t":"idOrVar","v":"plural"},"value"]},{"$i":"years-ago-long","$v":{"few":["hace ",{"t":"idOrVar","v":"value"}," años"],"many":["hace ",{"t":"idOrVar","v":"value"}," años"],"one":"el año pasado","other":["hace ",{"t":"idOrVar","v":"value"}," años"],"two":["hace ",{"t":"idOrVar","v":"value"}," años"],"zero":"este año"},"$x":[{"t":"idOrVar","v":"plural"},"value"]},{"$i":"minutes-until-long","$v":{"few":["en ",{"t":"idOrVar","v":"value"}," minutos"],"many":["en ",{"t":"idOrVar","v":"value"}," minutos"],"one":"en un minuto","other":["en ",{"t":"idOrVar","v":"value"}," minutos"],"two":["en ",{"t":"idOrVar","v":"value"}," minutos"],"zero":"ahora"},"$x":[{"t":"idOrVar","v":"plural"},"value"]},{"$i":"hours-until-long","$v":{"few":["en ",{"t":"idOrVar","v":"value"}," horas"],"many":["en ",{"t":"idOrVar","v":"value"}," horas"],"one":"en una hora","other":["en ",{"t":"idOrVar","v":"value"}," horas"],"two":["en ",{"t":"idOrVar","v":"value"}," horas"],"zero":"ahora"},"$x":[{"t":"idOrVar","v":"plural"},"value"]},{"$i":"days-until-long","$v":{"few":["en ",{"t":"idOrVar","v":"value"}," días"],"many":["en ",{"t":"idOrVar","v":"value"}," días"],"one":"mañana","other":["en ",{"t":"idOrVar","v":"value"}," días"],"two":["en ",{"t":"idOrVar","v":"value"}," días"],"zero":"hoy"},"$x":[{"t":"idOrVar","v":"plural"},"value"]},{"$i":"weeks-until-long","$v":{"few":["en ",{"t":"idOrVar","v":"value"}," semanas"],"many":["en ",{"t":"idOrVar","v":"value"}," semanas"],"one":"la semana que viene","other":["en ",{"t":"idOrVar","v":"value"}," semanas"],"two":["en ",{"t":"idOrVar","v":"value"}," semanas"],"zero":"esta semana"},"$x":[{"t":"idOrVar","v":"plural"},"value"]},{"$i":"months-until-long","$v":{"few":["en ",{"t":"idOrVar","v":"value"}," meses"],"many":["en ",{"t":"idOrVar","v":"value"}," meses"],"one":"el próximo mes","other":["en ",{"t":"idOrVar","v":"value"}," meses"],"two":["en ",{"t":"idOrVar","v":"value"}," meses"],"zero":"este mes"},"$x":[{"t":"idOrVar","v":"plural"},"value"]},{"$i":"years-until-long","$v":{"few":["en ",{"t":"idOrVar","v":"value"}," años"],"many":["en ",{"t":"idOrVar","v":"value"}," años"],"one":"el próximo año","other":["en ",{"t":"idOrVar","v":"value"}," años"],"two":["en ",{"t":"idOrVar","v":"value"}," años"],"zero":"este año"},"$x":[{"t":"idOrVar","v":"plural"},"value"]},{"$i":"minutes-ago-short","$v":{"other":["hace ",{"t":"idOrVar","v":"value"},"m"],"zero":"recién"},"$x":[{"t":"idOrVar","v":"plural"},"value"]},{"$i":"hours-ago-short","$v":{"other":["hace ",{"t":"idOrVar","v":"value"},"h"],"zero":"recién"},"$x":[{"t":"idOrVar","v":"plural"},"value"]},{"$i":"days-ago-short","$v":{"other":["hace ",{"t":"idOrVar","v":"value"},"d"],"zero":"hoy"},"$x":[{"t":"idOrVar","v":"plural"},"value"]},{"$i":"minutes-until-short","$v":{"other":["en ",{"t":"idOrVar","v":"value"},"m"],"zero":"ahora"},"$x":[{"t":"idOrVar","v":"plural"},"value"]},{"$i":"hours-until-short","$v":{"other":["en ",{"t":"idOrVar","v":"value"},"h"],"zero":"ahora"},"$x":[{"t":"idOrVar","v":"plural"},"value"]},{"$i":"days-until-short","$v":{"other":["en ",{"t":"idOrVar","v":"value"},"d"],"zero":"hoy"},"$x":[{"t":"idOrVar","v":"plural"},"value"]},{"$i":"incorrectDate","$v":"(fecha incorrecta)"},{"$i":"dateTimeFormat_%c","$v":"%a %b %e %Y %I:%M:%S %p"},{"$i":"dateTimeFormat_%x","$v":"%d/%m/%Y"},{"$i":"dateTimeFormat_%X","$v":"%I:%M:%S %p"},{"$i":"shortTimeFormat","$v":"%I:%M %p"},{"$i":"shortTimeFormat12","$v":"%I:%M %p"},{"$i":"shortTimeFormat24","$v":"%H:%M"},{"$i":"shortDateTimeFormat","$v":"%x %I:%M %p"},{"$i":"weekStartsOnMonday","$v":"0.0"},{"$i":"firstDayOfTheWeek","$v":"0.0"},{"$i":"time_am","$v":"AM"},{"$i":"time_pm","$v":"PM"},{"$i":"softkey-options","$v":"Opciones"}]