[{"$i":"reset","$v":"Lähtesta"},{"$i":"start","$v":"Start"},{"$i":"stop","$v":"Peata"},{"$i":"cancel","$v":"Tühista"},{"$i":"hour","$v":"Tund"},{"$i":"hours","$v":"Tundi"},{"$i":"minute","$v":"Minut"},{"$i":"minutes","$v":"Minutit"},{"$i":"second","$v":"Sekund"},{"$i":"alarm","$v":"Äratus"},{"$i":"alarm-name","placeholder":"Äratus"},{"$i":"timer","$v":"Taimer"},{"$i":"stopwatch","$v":"Stopper"},{"$i":"alarmName","$v":"Äratuse nimi"},{"$i":"newAlarm","$v":"Uus äratus"},{"$i":"editAlarm","$v":"Redigeeri alarmi"},{"$i":"tclSettings","$v":"Seaded"},{"$i":"clock-settings","$v":"Kella seaded"},{"$i":"alarms-maximum","$v":"Olete saavutanud maksimaalse äratuste arvu"},{"$i":"laps-maximum","$v":"Olete saavutanud maksimaalse ringide arvu"},{"$i":"changes-saved","$v":"Muudatused on salvestatud."},{"$i":"pause","$v":"Peata"},{"$i":"resume","$v":"Jätka"},{"$i":"lap","$v":"Etapp"},{"$i":"lap-number","$v":["Etapp ",{"t":"idOrVar","v":"n"}]},{"$i":"timer-hour","$v":"tund"},{"$i":"timer-min","$v":"minut"},{"$i":"timer-sec","$v":"sekund"},{"$i":"delete","$v":"Kustuta"},{"$i":"time","$v":"Aeg"},{"$i":"snooze-label","$v":"Kordus"},{"$i":"snooze-button","$v":"Kordus"},{"$i":"repeat","$v":"Korda"},{"$i":"vibrate","$v":"Värin"},{"$i":"close","$v":"Sule"},{"$i":"save","$v":"Salvesta"},{"$i":"done","$v":"Valmis"},{"$i":"kai-select-time","$v":"Valige aeg"},{"$i":"closeButton","ariaLabel":"Sule"},{"$i":"newAlarmButton","ariaLabel":"Uus äratus"},{"$i":"alarm-volume-label","$v":"Süst. äratuse helit."},{"$i":"kai-volume","$v":"Helitugevus:"},{"$i":"volume-level-display","$v":[{"t":"idOrVar","v":"n"}," / ",{"t":"idOrVar","v":"c"}]},{"$i":"sound","$v":"Heli"},{"$i":"noSound","$v":"Heli pole"},{"$i":"kai-ringtones","$v":"Helinad"},{"$i":"everyday","$v":"Iga päev"},{"$i":"weekdays","$v":"Nädalapäevad"},{"$i":"weekends","$v":"Nädalavahetustel"},{"$i":"never","$v":"Mitte kunagi"},{"$i":"vibrateOn","$v":"Sees"},{"$i":"vibrateOff","$v":"Väljas"},{"$i":"kai-on","$v":"Sees"},{"$i":"kai-off","$v":"Väljas"},{"$i":"plusMinute","$v":"+1 min"},{"$i":"dateFormat","$v":"%A, %B %e"},{"$i":"countdown-lessThanAnHour","$v":["Äratus on ",{"t":"idOrVar","v":"minutes"}," pärast."]},{"$i":"countdown-moreThanAnHour","$v":["Äratus on ",{"t":"idOrVar","v":"hours"}," ",{"t":"idOrVar","v":"minutes"}," pärast."]},{"$i":"countdown-moreThanADay","$v":["Äratus on ",{"t":"idOrVar","v":"days"}," ",{"t":"idOrVar","v":"hours"}," pärast."]},{"$i":"kai-alarm-off","$v":"Äratus on välja lülitatud."},{"$i":"kai-alarm-deleted","$v":"Alarm on kustutatud."},{"$i":"alarm-delete-all","$v":"Kõik häired on kustutatud."},{"$i":"nMinutes","$v":{"few":[{"t":"idOrVar","v":"n"}," minutit"],"many":[{"t":"idOrVar","v":"n"}," minutit"],"one":"ühe minut","other":[{"t":"idOrVar","v":"n"}," minutit"],"two":[{"t":"idOrVar","v":"n"}," minutit"],"zero":"vähem kui minuti"},"$x":[{"t":"idOrVar","v":"plural"},"n"]},{"$i":"nHours","$v":{"few":[{"t":"idOrVar","v":"n"}," tundi"],"many":[{"t":"idOrVar","v":"n"}," tundi"],"one":[{"t":"idOrVar","v":"n"}," tund"],"other":[{"t":"idOrVar","v":"n"}," tundi"],"two":[{"t":"idOrVar","v":"n"}," tundi"]},"$x":[{"t":"idOrVar","v":"plural"},"n"]},{"$i":"nAndRemainHours","$v":{"few":["ja ",{"t":"idOrVar","v":"n"}," tundi"],"many":["ja ",{"t":"idOrVar","v":"n"}," tundi"],"one":["ja ",{"t":"idOrVar","v":"n"}," tund"],"other":["ja ",{"t":"idOrVar","v":"n"}," tundi"],"two":["ja ",{"t":"idOrVar","v":"n"}," tundi"]},"$x":[{"t":"idOrVar","v":"plural"},"n"]},{"$i":"nRemainDays","$v":{"few":[{"t":"idOrVar","v":"n"}," päeva"],"many":[{"t":"idOrVar","v":"n"}," päeva"],"one":[{"t":"idOrVar","v":"n"}," päev"],"other":[{"t":"idOrVar","v":"n"}," päeva"],"two":[{"t":"idOrVar","v":"n"}," päeva"]},"$x":[{"t":"idOrVar","v":"plural"},"n"]},{"$i":"nRemainMinutes","$v":{"few":["ja ",{"t":"idOrVar","v":"n"}," minutit"],"many":["ja ",{"t":"idOrVar","v":"n"}," minutit"],"one":["ja ",{"t":"idOrVar","v":"n"}," minut"],"other":["ja ",{"t":"idOrVar","v":"n"}," minutit"],"two":["ja ",{"t":"idOrVar","v":"n"}," minutit"]},"$x":[{"t":"idOrVar","v":"plural"},"n"]},{"$i":"nSpinnerSeconds","$v":{"few":[{"t":"idOrVar","v":"n"}," sekundit"],"many":[{"t":"idOrVar","v":"n"}," sekundit"],"one":"üks sekund","other":[{"t":"idOrVar","v":"n"}," sekundit"],"two":[{"t":"idOrVar","v":"n"}," sekundit"],"zero":"null sekundit"},"$x":[{"t":"idOrVar","v":"plural"},"n"]},{"$i":"nSpinnerMinutes","$v":{"few":[{"t":"idOrVar","v":"n"}," minutit"],"many":[{"t":"idOrVar","v":"n"}," minutit"],"one":"üks minut","other":[{"t":"idOrVar","v":"n"}," minutit"],"two":[{"t":"idOrVar","v":"n"}," minutit"],"zero":"null minutit"},"$x":[{"t":"idOrVar","v":"plural"},"n"]},{"$i":"nSpinnerHours","$v":{"few":[{"t":"idOrVar","v":"n"}," tundi"],"many":[{"t":"idOrVar","v":"n"}," tundi"],"one":[{"t":"idOrVar","v":"n"}," tund"],"other":[{"t":"idOrVar","v":"n"}," tundi"],"two":[{"t":"idOrVar","v":"n"}," tundi"],"zero":"null tundi"},"$x":[{"t":"idOrVar","v":"plural"},"n"]},{"$i":"kai-stop","$v":"Peata"},{"$i":"kai-snooze","$v":"Kordus"},{"$i":"ac_africa_ogg","$v":"Aafrika"},{"$i":"ac_amazon_ogg","$v":"Amazonas"},{"$i":"ac_disco_ogg","$v":"Disko"},{"$i":"ac_fairy_tales_ogg","$v":"Muinasjutud"},{"$i":"ac_fresh_ogg","$v":"Värske"},{"$i":"ac_galaxy_ogg","$v":"Galaktika"},{"$i":"ac_kai_ogg","$v":"Kai"},{"$i":"ac_techno_ogg","$v":"Tekno"},{"$i":"ac_woody_ogg","$v":"Metsane"},{"$i":"ac_awake_opus","$v":"Awake"},{"$i":"ac_crystalize_opus","$v":"Crystallise"},{"$i":"ac_cycle_opus","$v":"Cycle"},{"$i":"ac_digicloud_opus","$v":"Digicloud"},{"$i":"ac_humming_waves_opus","$v":"Humming Waves"},{"$i":"ac_into_the_void_opus","$v":"Into the Void"},{"$i":"ac_lightly_opus","$v":"Lightly"},{"$i":"ac_mobile_opus","$v":"Mobile"},{"$i":"ac_pinger_opus","$v":"Pinger"},{"$i":"ac_skip_opus","$v":"Skip"},{"$i":"ac_tri_opus","$v":"Tri"},{"$i":"ac_universal_opus","$v":"Universal"},{"$i":"kai-options","$v":"Valikud"},{"$i":"kai-clock-title","$v":"Kell"},{"$i":"alarm-title","$v":"Äratus"},{"$i":"no-alarms-body","$v":"Äratusi pole määratud. Vajutage alustamiseks nuppu Uus äratus."},{"$i":"kai-new-alarm","$v":"Uus äratus"},{"$i":"kai-settings","$v":"Seaded"},{"$i":"kai-cancel","$v":"Tühista"},{"$i":"kai-save","$v":"Salvesta"},{"$i":"turnOn","$v":"Lülita sisse"},{"$i":"turnOff","$v":"Lülita välja"},{"$i":"edit","$v":"Redigeeri"},{"$i":"select","$v":"Vali"},{"$i":"kai-delete","$v":"Kustuta"},{"$i":"delete-all","$v":"Kustuta kõik"},{"$i":"kai-selected-alarm","$v":"Valitud äratus"},{"$i":"set","$v":"Määra"},{"$i":"kai-start","$v":"Start"},{"$i":"kai-reset","$v":"Lähtesta"},{"$i":"kai-min-plus","$v":"+1 min"},{"$i":"kai-resume","$v":"Jätka"},{"$i":"kai-lap","$v":"Ring"},{"$i":"play","$v":"Esita"},{"$i":"kai-no-repeat","$v":"Ei korrata"},{"$i":"kai-confirm-title","$v":"Kinnitus"},{"$i":"kai-confirm-delete-body","$v":"Kas kustutada valitud alarm?"},{"$i":"confirm-delete-all-body","$v":"Kustutage kõik alarmid?"},{"$i":"kai-confirm-end-key-body","$v":{"$o":"Rakendus suletakse andmekaoga. <br></br> Kas soovite redigeerimise juurde naasta?"}},{"$i":"kai-confirm-exit-button","$v":"Välju"},{"$i":"kai-confirm-return-button","$v":"Naasmine"},{"$i":"weekday-0-long","$v":"Pühapäev"},{"$i":"weekday-1-long","$v":"Esmaspäev"},{"$i":"weekday-2-long","$v":"Teisipäev"},{"$i":"weekday-3-long","$v":"Kolmapäev"},{"$i":"weekday-4-long","$v":"Neljapäev"},{"$i":"weekday-5-long","$v":"Reede"},{"$i":"weekday-6-long","$v":"Laupäev"},{"$i":"weekday-0-short","$v":"P"},{"$i":"weekday-1-short","$v":"E"},{"$i":"weekday-2-short","$v":"T"},{"$i":"weekday-3-short","$v":"K"},{"$i":"weekday-4-short","$v":"N"},{"$i":"weekday-5-short","$v":"R"},{"$i":"weekday-6-short","$v":"L"},{"$i":"month-0-long","$v":"Jaanuar"},{"$i":"month-1-long","$v":"Veebruar"},{"$i":"month-2-long","$v":"Märts"},{"$i":"month-3-long","$v":"Aprill"},{"$i":"month-4-long","$v":"Mai"},{"$i":"month-5-long","$v":"Juuni"},{"$i":"month-6-long","$v":"Juuli"},{"$i":"month-7-long","$v":"August"},{"$i":"month-8-long","$v":"September"},{"$i":"month-9-long","$v":"Oktoober"},{"$i":"month-10-long","$v":"November"},{"$i":"month-11-long","$v":"Detsember"},{"$i":"month-0-genitive","$v":"Jaanuar"},{"$i":"month-1-genitive","$v":"Veebruar"},{"$i":"month-2-genitive","$v":"Märts"},{"$i":"month-3-genitive","$v":"Aprill"},{"$i":"month-4-genitive","$v":"Mai"},{"$i":"month-5-genitive","$v":"Juuni"},{"$i":"month-6-genitive","$v":"Juuli"},{"$i":"month-7-genitive","$v":"August"},{"$i":"month-8-genitive","$v":"September"},{"$i":"month-9-genitive","$v":"Oktoober"},{"$i":"month-10-genitive","$v":"November"},{"$i":"month-11-genitive","$v":"Detsember"},{"$i":"month-0-short","$v":"jaan"},{"$i":"month-1-short","$v":"veebr"},{"$i":"month-2-short","$v":"märts"},{"$i":"month-3-short","$v":"apr"},{"$i":"month-4-short","$v":"Mai"},{"$i":"month-5-short","$v":"juuni"},{"$i":"month-6-short","$v":"juuli"},{"$i":"month-7-short","$v":"aug"},{"$i":"month-8-short","$v":"sept"},{"$i":"month-9-short","$v":"okt"},{"$i":"month-10-short","$v":"nov"},{"$i":"month-11-short","$v":"dets"},{"$i":"minutes-ago-long","$v":{"few":[{"t":"idOrVar","v":"value"}," minutit tagasi"],"many":[{"t":"idOrVar","v":"value"}," minutit tagasi"],"one":"üks minut tagasi","other":[{"t":"idOrVar","v":"value"}," minutit tagasi"],"two":[{"t":"idOrVar","v":"value"}," minutit tagasi"],"zero":"just nüüd"},"$x":[{"t":"idOrVar","v":"plural"},"value"]},{"$i":"hours-ago-long","$v":{"few":[{"t":"idOrVar","v":"value"}," tundi tagasi"],"many":[{"t":"idOrVar","v":"value"}," tundi tagasi"],"one":"tund aega tagasi","other":[{"t":"idOrVar","v":"value"}," tundi tagasi"],"two":[{"t":"idOrVar","v":"value"}," tundi tagasi"],"zero":"just nüüd"},"$x":[{"t":"idOrVar","v":"plural"},"value"]},{"$i":"days-ago-long","$v":{"few":[{"t":"idOrVar","v":"value"}," päeva tagasi"],"many":[{"t":"idOrVar","v":"value"}," päeva tagasi"],"one":"eile","other":[{"t":"idOrVar","v":"value"}," päeva tagasi"],"two":[{"t":"idOrVar","v":"value"}," päeva tagasi"],"zero":"täna"},"$x":[{"t":"idOrVar","v":"plural"},"value"]},{"$i":"weeks-ago-long","$v":{"few":[{"t":"idOrVar","v":"value"}," nädalat tagasi"],"many":[{"t":"idOrVar","v":"value"}," nädalat tagasi"],"one":"eelmine nädal","other":[{"t":"idOrVar","v":"value"}," nädalat tagasi"],"two":[{"t":"idOrVar","v":"value"}," nädalat tagasi"],"zero":"sel nädalal"},"$x":[{"t":"idOrVar","v":"plural"},"value"]},{"$i":"months-ago-long","$v":{"few":[{"t":"idOrVar","v":"value"}," kuud tagasi"],"many":[{"t":"idOrVar","v":"value"}," kuud tagasi"],"one":"eelmine kuu","other":[{"t":"idOrVar","v":"value"}," kuud tagasi"],"two":[{"t":"idOrVar","v":"value"}," kuud tagasi"],"zero":"see kuu"},"$x":[{"t":"idOrVar","v":"plural"},"value"]},{"$i":"years-ago-long","$v":{"few":[{"t":"idOrVar","v":"value"}," aastat tagasi"],"many":[{"t":"idOrVar","v":"value"}," aastat tagasi"],"one":"eelmine aasta","other":[{"t":"idOrVar","v":"value"}," aastat tagasi"],"two":[{"t":"idOrVar","v":"value"}," aastat tagasi"],"zero":"see aasta"},"$x":[{"t":"idOrVar","v":"plural"},"value"]},{"$i":"minutes-until-long","$v":{"few":[{"t":"idOrVar","v":"value"}," minuti pärast"],"many":[{"t":"idOrVar","v":"value"}," minuti pärast"],"one":"minuti pärast","other":[{"t":"idOrVar","v":"value"}," minuti pärast"],"two":[{"t":"idOrVar","v":"value"}," minuti pärast"],"zero":"kohe"},"$x":[{"t":"idOrVar","v":"plural"},"value"]},{"$i":"hours-until-long","$v":{"few":[{"t":"idOrVar","v":"value"}," tunni pärast"],"many":[{"t":"idOrVar","v":"value"}," tunni pärast"],"one":"tunni pärast","other":[{"t":"idOrVar","v":"value"}," tunni pärast"],"two":[{"t":"idOrVar","v":"value"}," tunni pärast"],"zero":"kohe"},"$x":[{"t":"idOrVar","v":"plural"},"value"]},{"$i":"days-until-long","$v":{"few":[{"t":"idOrVar","v":"value"}," päeva pärast"],"many":[{"t":"idOrVar","v":"value"}," päeva pärast"],"one":"homme","other":[{"t":"idOrVar","v":"value"}," päeva pärast"],"two":[{"t":"idOrVar","v":"value"}," päeva pärast"],"zero":"täna"},"$x":[{"t":"idOrVar","v":"plural"},"value"]},{"$i":"weeks-until-long","$v":{"few":[{"t":"idOrVar","v":"value"}," nädala pärast"],"many":[{"t":"idOrVar","v":"value"}," nädala pärast"],"one":"järgmine nädal","other":[{"t":"idOrVar","v":"value"}," nädala pärast"],"two":[{"t":"idOrVar","v":"value"}," nädala pärast"],"zero":"sel nädalal"},"$x":[{"t":"idOrVar","v":"plural"},"value"]},{"$i":"months-until-long","$v":{"few":[{"t":"idOrVar","v":"value"}," kuu pärast"],"many":[{"t":"idOrVar","v":"value"}," kuu pärast"],"one":"järgmine kuu","other":[{"t":"idOrVar","v":"value"}," kuu pärast"],"two":[{"t":"idOrVar","v":"value"}," kuu pärast"],"zero":"see kuu"},"$x":[{"t":"idOrVar","v":"plural"},"value"]},{"$i":"years-until-long","$v":{"few":[{"t":"idOrVar","v":"value"}," aasta pärast"],"many":[{"t":"idOrVar","v":"value"}," aasta pärast"],"one":"järgmine aasta","other":[{"t":"idOrVar","v":"value"}," aasta pärast"],"two":[{"t":"idOrVar","v":"value"}," aasta pärast"],"zero":"see aasta"},"$x":[{"t":"idOrVar","v":"plural"},"value"]},{"$i":"minutes-ago-short","$v":{"other":[{"t":"idOrVar","v":"value"}," m tagasi"],"zero":"just nüüd"},"$x":[{"t":"idOrVar","v":"plural"},"value"]},{"$i":"hours-ago-short","$v":{"other":[{"t":"idOrVar","v":"value"}," h tagasi"],"zero":"just nüüd"},"$x":[{"t":"idOrVar","v":"plural"},"value"]},{"$i":"days-ago-short","$v":{"other":[{"t":"idOrVar","v":"value"}," p tagasi"],"zero":"täna"},"$x":[{"t":"idOrVar","v":"plural"},"value"]},{"$i":"minutes-until-short","$v":{"other":[{"t":"idOrVar","v":"value"}," min pärast"],"zero":"kohe"},"$x":[{"t":"idOrVar","v":"plural"},"value"]},{"$i":"hours-until-short","$v":{"other":[{"t":"idOrVar","v":"value"},"h pärast"],"zero":"kohe"},"$x":[{"t":"idOrVar","v":"plural"},"value"]},{"$i":"days-until-short","$v":{"other":[{"t":"idOrVar","v":"value"},"p pärast"],"zero":"täna"},"$x":[{"t":"idOrVar","v":"plural"},"value"]},{"$i":"incorrectDate","$v":"(vale kuupäev)"},{"$i":"dateTimeFormat_%c","$v":"%a %b %e %Y %I:%M:%S %p"},{"$i":"dateTimeFormat_%x","$v":"%m/%d/%Y"},{"$i":"dateTimeFormat_%X","$v":"%I:%M:%S %p"},{"$i":"shortTimeFormat","$v":"%I:%M %p"},{"$i":"shortTimeFormat12","$v":"%I:%M %p"},{"$i":"shortTimeFormat24","$v":"%H:%M"},{"$i":"shortDateTimeFormat","$v":"%x %I:%M %p"},{"$i":"weekStartsOnMonday","$v":"0.0"},{"$i":"firstDayOfTheWeek","$v":"1.0"},{"$i":"time_am","$v":"AM"},{"$i":"time_pm","$v":"PM"},{"$i":"softkey-options","$v":"Valikud"}]