[{"$i":"reset","$v":"Nollaa"},{"$i":"start","$v":"Aloitus"},{"$i":"stop","$v":"Lopeta"},{"$i":"cancel","$v":"Peruuta"},{"$i":"hour","$v":"Tunti"},{"$i":"hours","$v":"Tuntia"},{"$i":"minute","$v":"Minuutti"},{"$i":"minutes","$v":"Minuuttia"},{"$i":"second","$v":"Sekunti"},{"$i":"alarm","$v":"Hälytys"},{"$i":"alarm-name","placeholder":"Hälytys"},{"$i":"timer","$v":"Ajastin"},{"$i":"stopwatch","$v":"Sekuntikello"},{"$i":"alarmName","$v":"Hälytyksen nimi"},{"$i":"newAlarm","$v":"Uusi hälytys"},{"$i":"editAlarm","$v":"Muokkaa hälytystä"},{"$i":"tclSettings","$v":"Asetukset"},{"$i":"clock-settings","$v":"Kellon asetukset"},{"$i":"alarms-maximum","$v":"Olet saavuttanut hälytysten enimmäismäärän"},{"$i":"laps-maximum","$v":"Olet saavuttanut kierrosten enimmäismäärän"},{"$i":"changes-saved","$v":"Muutokset tallennettu."},{"$i":"pause","$v":"Tauko"},{"$i":"resume","$v":"Jatka"},{"$i":"lap","$v":"Kierros"},{"$i":"lap-number","$v":["Kierros ",{"t":"idOrVar","v":"n"}]},{"$i":"timer-hour","$v":"tunti"},{"$i":"timer-min","$v":"minuutti"},{"$i":"timer-sec","$v":"sekunti"},{"$i":"delete","$v":"Poista"},{"$i":"time","$v":"Aika"},{"$i":"snooze-label","$v":"Torkku"},{"$i":"snooze-button","$v":"Torkku"},{"$i":"repeat","$v":"Toista"},{"$i":"vibrate","$v":"Värinä"},{"$i":"close","$v":"Sulje"},{"$i":"save","$v":"Tallenna"},{"$i":"done","$v":"Valmis"},{"$i":"kai-select-time","$v":"Valitse aika"},{"$i":"closeButton","ariaLabel":"Sulje"},{"$i":"newAlarmButton","ariaLabel":"Uusi hälytys"},{"$i":"alarm-volume-label","$v":"Järjestelmän hälytyksen äänenvoimakkuus"},{"$i":"kai-volume","$v":"Äänenvoim.:"},{"$i":"volume-level-display","$v":[{"t":"idOrVar","v":"n"}," / ",{"t":"idOrVar","v":"c"}]},{"$i":"sound","$v":"Ääni"},{"$i":"noSound","$v":"Ei ääntä"},{"$i":"kai-ringtones","$v":"Soittoäänet"},{"$i":"everyday","$v":"Joka päivä"},{"$i":"weekdays","$v":"Arkipäivisin"},{"$i":"weekends","$v":"Viikonloppuisin"},{"$i":"never","$v":"Ei toisteta"},{"$i":"vibrateOn","$v":"Käytössä"},{"$i":"vibrateOff","$v":"Ei käytössä"},{"$i":"kai-on","$v":"Käytössä"},{"$i":"kai-off","$v":"Ei käytössä"},{"$i":"plusMinute","$v":"+1 min"},{"$i":"dateFormat","$v":"%A, %B %e"},{"$i":"countdown-lessThanAnHour","$v":["Hälytys soi ajan ",{"t":"idOrVar","v":"minutes"}," kuluttua."]},{"$i":"countdown-moreThanAnHour","$v":["Hälytys soi ajan ",{"t":"idOrVar","v":"hours"}," ",{"t":"idOrVar","v":"minutes"}," kuluttua."]},{"$i":"countdown-moreThanADay","$v":["Hälytys soi ajan ",{"t":"idOrVar","v":"days"}," ",{"t":"idOrVar","v":"hours"}," kuluttua."]},{"$i":"kai-alarm-off","$v":"Hälytys otettu pois."},{"$i":"kai-alarm-deleted","$v":"Hälytys poistettu."},{"$i":"alarm-delete-all","$v":"Kaikki hälytykset on poistettu."},{"$i":"nMinutes","$v":{"few":[{"t":"idOrVar","v":"n"}," minuuttia"],"many":[{"t":"idOrVar","v":"n"}," minuuttia"],"one":"yksi minuutti","other":[{"t":"idOrVar","v":"n"}," minuuttia"],"two":[{"t":"idOrVar","v":"n"}," minuuttia"],"zero":"alle minuutti"},"$x":[{"t":"idOrVar","v":"plural"},"n"]},{"$i":"nHours","$v":{"few":[{"t":"idOrVar","v":"n"}," tuntia"],"many":[{"t":"idOrVar","v":"n"}," tuntia"],"one":[{"t":"idOrVar","v":"n"}," tunti"],"other":[{"t":"idOrVar","v":"n"}," tuntia"],"two":[{"t":"idOrVar","v":"n"}," tuntia"]},"$x":[{"t":"idOrVar","v":"plural"},"n"]},{"$i":"nAndRemainHours","$v":{"few":["ja ",{"t":"idOrVar","v":"n"}," tuntia"],"many":["ja ",{"t":"idOrVar","v":"n"}," tuntia"],"one":["ja ",{"t":"idOrVar","v":"n"}," tunti"],"other":["ja ",{"t":"idOrVar","v":"n"}," tuntia"],"two":["ja ",{"t":"idOrVar","v":"n"}," tuntia"]},"$x":[{"t":"idOrVar","v":"plural"},"n"]},{"$i":"nRemainDays","$v":{"few":[{"t":"idOrVar","v":"n"}," päivää"],"many":[{"t":"idOrVar","v":"n"}," päivää"],"one":[{"t":"idOrVar","v":"n"}," päivä"],"other":[{"t":"idOrVar","v":"n"}," päivää"],"two":[{"t":"idOrVar","v":"n"}," päivää"]},"$x":[{"t":"idOrVar","v":"plural"},"n"]},{"$i":"nRemainMinutes","$v":{"few":["ja ",{"t":"idOrVar","v":"n"}," minuuttia"],"many":["ja ",{"t":"idOrVar","v":"n"}," minuuttia"],"one":["ja ",{"t":"idOrVar","v":"n"}," minuutti"],"other":["ja ",{"t":"idOrVar","v":"n"}," minuuttia"],"two":["ja ",{"t":"idOrVar","v":"n"}," minuuttia"]},"$x":[{"t":"idOrVar","v":"plural"},"n"]},{"$i":"nSpinnerSeconds","$v":{"few":[{"t":"idOrVar","v":"n"}," sekuntia"],"many":[{"t":"idOrVar","v":"n"}," sekuntia"],"one":"yksi sekunti","other":[{"t":"idOrVar","v":"n"}," sekuntia"],"two":[{"t":"idOrVar","v":"n"}," sekuntia"],"zero":"nolla sekuntia"},"$x":[{"t":"idOrVar","v":"plural"},"n"]},{"$i":"nSpinnerMinutes","$v":{"few":[{"t":"idOrVar","v":"n"}," minuuttia"],"many":[{"t":"idOrVar","v":"n"}," minuuttia"],"one":"yksi minuutti","other":[{"t":"idOrVar","v":"n"}," minuuttia"],"two":[{"t":"idOrVar","v":"n"}," minuuttia"],"zero":"nolla minuuttia"},"$x":[{"t":"idOrVar","v":"plural"},"n"]},{"$i":"nSpinnerHours","$v":{"few":[{"t":"idOrVar","v":"n"}," tuntia"],"many":[{"t":"idOrVar","v":"n"}," tuntia"],"one":[{"t":"idOrVar","v":"n"}," tunti"],"other":[{"t":"idOrVar","v":"n"}," tuntia"],"two":[{"t":"idOrVar","v":"n"}," tuntia"],"zero":"nolla tuntia"},"$x":[{"t":"idOrVar","v":"plural"},"n"]},{"$i":"kai-stop","$v":"Lopeta"},{"$i":"kai-snooze","$v":"Torkku"},{"$i":"ac_africa_ogg","$v":"Afrikka"},{"$i":"ac_amazon_ogg","$v":"Amazon"},{"$i":"ac_disco_ogg","$v":"Disco"},{"$i":"ac_fairy_tales_ogg","$v":"Sadut"},{"$i":"ac_fresh_ogg","$v":"Tuore"},{"$i":"ac_galaxy_ogg","$v":"Galaksi"},{"$i":"ac_kai_ogg","$v":"Kai"},{"$i":"ac_techno_ogg","$v":"Tekno"},{"$i":"ac_woody_ogg","$v":"Puumainen"},{"$i":"ac_awake_opus","$v":"Awake"},{"$i":"ac_crystalize_opus","$v":"Crystallise"},{"$i":"ac_cycle_opus","$v":"Cycle"},{"$i":"ac_digicloud_opus","$v":"Digicloud"},{"$i":"ac_humming_waves_opus","$v":"Humming Waves"},{"$i":"ac_into_the_void_opus","$v":"Into the Void"},{"$i":"ac_lightly_opus","$v":"Lightly"},{"$i":"ac_mobile_opus","$v":"Mobile"},{"$i":"ac_pinger_opus","$v":"Pinger"},{"$i":"ac_skip_opus","$v":"Skip"},{"$i":"ac_tri_opus","$v":"Tri"},{"$i":"ac_universal_opus","$v":"Universal"},{"$i":"kai-options","$v":"Valinnat"},{"$i":"kai-clock-title","$v":"Kello"},{"$i":"alarm-title","$v":"Hälytys"},{"$i":"no-alarms-body","$v":"Hälytyksiä ei ole asetettu. Aloita painamalla Uusi hälytys."},{"$i":"kai-new-alarm","$v":"Uusi hälytys"},{"$i":"kai-settings","$v":"Asetukset"},{"$i":"kai-cancel","$v":"Peruuta"},{"$i":"kai-save","$v":"Tallenna"},{"$i":"turnOn","$v":"Ota käyttöön"},{"$i":"turnOff","$v":"Poista käytöstä"},{"$i":"edit","$v":"Muokkaa"},{"$i":"select","$v":"Valitse"},{"$i":"kai-delete","$v":"Poista"},{"$i":"delete-all","$v":"Poista kaikki"},{"$i":"kai-selected-alarm","$v":"Valittu hälytys"},{"$i":"set","$v":"Aseta"},{"$i":"kai-start","$v":"Aloitus"},{"$i":"kai-reset","$v":"Nollaa"},{"$i":"kai-min-plus","$v":"+1 min"},{"$i":"kai-resume","$v":"Jatka"},{"$i":"kai-lap","$v":"Kierros"},{"$i":"play","$v":"Toista"},{"$i":"kai-no-repeat","$v":"Ei toistoa"},{"$i":"kai-confirm-title","$v":"Vahvistus"},{"$i":"kai-confirm-delete-body","$v":"Poistetaanko valittu hälytys?"},{"$i":"confirm-delete-all-body","$v":"Poista kaikki hälytykset?"},{"$i":"kai-confirm-end-key-body","$v":{"$o":"Sovellus suljetaan ja tietoja menetetään. <br></br> Haluatko palata muokkaamaan?"}},{"$i":"kai-confirm-exit-button","$v":"Poistu"},{"$i":"kai-confirm-return-button","$v":"Paluu"},{"$i":"weekday-0-long","$v":"Sunnuntai"},{"$i":"weekday-1-long","$v":"Maanantai"},{"$i":"weekday-2-long","$v":"Tiistai"},{"$i":"weekday-3-long","$v":"Keskiviikko"},{"$i":"weekday-4-long","$v":"Torstai"},{"$i":"weekday-5-long","$v":"Perjantai"},{"$i":"weekday-6-long","$v":"Lauantai"},{"$i":"weekday-0-short","$v":"Su"},{"$i":"weekday-1-short","$v":"Ma"},{"$i":"weekday-2-short","$v":"Ti"},{"$i":"weekday-3-short","$v":"Ke"},{"$i":"weekday-4-short","$v":"To"},{"$i":"weekday-5-short","$v":"Pe"},{"$i":"weekday-6-short","$v":"La"},{"$i":"month-0-long","$v":"Tammikuu"},{"$i":"month-1-long","$v":"Helmikuu"},{"$i":"month-2-long","$v":"Maaliskuu"},{"$i":"month-3-long","$v":"Huhtikuu"},{"$i":"month-4-long","$v":"Toukokuu"},{"$i":"month-5-long","$v":"Kesäkuu"},{"$i":"month-6-long","$v":"Heinäkuu"},{"$i":"month-7-long","$v":"Elokuu"},{"$i":"month-8-long","$v":"Syyskuu"},{"$i":"month-9-long","$v":"Lokakuu"},{"$i":"month-10-long","$v":"Marraskuu"},{"$i":"month-11-long","$v":"Joulukuu"},{"$i":"month-0-genitive","$v":"Tammikuu"},{"$i":"month-1-genitive","$v":"Helmikuu"},{"$i":"month-2-genitive","$v":"Maaliskuu"},{"$i":"month-3-genitive","$v":"Huhtikuu"},{"$i":"month-4-genitive","$v":"Toukokuu"},{"$i":"month-5-genitive","$v":"Kesäkuu"},{"$i":"month-6-genitive","$v":"Heinäkuu"},{"$i":"month-7-genitive","$v":"Elokuu"},{"$i":"month-8-genitive","$v":"Syyskuu"},{"$i":"month-9-genitive","$v":"Lokakuu"},{"$i":"month-10-genitive","$v":"Marraskuu"},{"$i":"month-11-genitive","$v":"Joulukuu"},{"$i":"month-0-short","$v":"tam"},{"$i":"month-1-short","$v":"hel"},{"$i":"month-2-short","$v":"maa"},{"$i":"month-3-short","$v":"huh"},{"$i":"month-4-short","$v":"tou"},{"$i":"month-5-short","$v":"kes"},{"$i":"month-6-short","$v":"hei"},{"$i":"month-7-short","$v":"elo"},{"$i":"month-8-short","$v":"syy"},{"$i":"month-9-short","$v":"lok"},{"$i":"month-10-short","$v":"mar"},{"$i":"month-11-short","$v":"jou"},{"$i":"minutes-ago-long","$v":{"few":[{"t":"idOrVar","v":"value"}," minuuttia sitten"],"many":[{"t":"idOrVar","v":"value"}," minuuttia sitten"],"one":"minuutti sitten","other":[{"t":"idOrVar","v":"value"}," minuuttia sitten"],"two":[{"t":"idOrVar","v":"value"}," minuuttia sitten"],"zero":"juuri nyt"},"$x":[{"t":"idOrVar","v":"plural"},"value"]},{"$i":"hours-ago-long","$v":{"few":[{"t":"idOrVar","v":"value"}," tuntia sitten"],"many":[{"t":"idOrVar","v":"value"}," tuntia sitten"],"one":"tunti sitten","other":[{"t":"idOrVar","v":"value"}," tuntia sitten"],"two":[{"t":"idOrVar","v":"value"}," tuntia sitten"],"zero":"juuri nyt"},"$x":[{"t":"idOrVar","v":"plural"},"value"]},{"$i":"days-ago-long","$v":{"few":[{"t":"idOrVar","v":"value"}," päivää sitten"],"many":[{"t":"idOrVar","v":"value"}," päivää sitten"],"one":"eilen","other":[{"t":"idOrVar","v":"value"}," päivää sitten"],"two":[{"t":"idOrVar","v":"value"}," päivää sitten"],"zero":"tänään"},"$x":[{"t":"idOrVar","v":"plural"},"value"]},{"$i":"weeks-ago-long","$v":{"few":[{"t":"idOrVar","v":"value"}," viikkoa sitten"],"many":[{"t":"idOrVar","v":"value"}," viikkoa sitten"],"one":"viime viikolla","other":[{"t":"idOrVar","v":"value"}," viikkoa sitten"],"two":[{"t":"idOrVar","v":"value"}," viikkoa sitten"],"zero":"tällä viikolla"},"$x":[{"t":"idOrVar","v":"plural"},"value"]},{"$i":"months-ago-long","$v":{"few":[{"t":"idOrVar","v":"value"}," kuukautta sitten"],"many":[{"t":"idOrVar","v":"value"}," kuukautta sitten"],"one":"viimeinen kuukausi","other":[{"t":"idOrVar","v":"value"}," kuukautta sitten"],"two":[{"t":"idOrVar","v":"value"}," kuukautta sitten"],"zero":"tässä kuussa"},"$x":[{"t":"idOrVar","v":"plural"},"value"]},{"$i":"years-ago-long","$v":{"few":[{"t":"idOrVar","v":"value"}," vuotta sitten"],"many":[{"t":"idOrVar","v":"value"}," vuotta sitten"],"one":"viime vuonna","other":[{"t":"idOrVar","v":"value"}," vuotta sitten"],"two":[{"t":"idOrVar","v":"value"}," vuotta sitten"],"zero":"tänä vuonna"},"$x":[{"t":"idOrVar","v":"plural"},"value"]},{"$i":"minutes-until-long","$v":{"few":[{"t":"idOrVar","v":"value"}," minuutin kuluttua"],"many":[{"t":"idOrVar","v":"value"}," minuutin kuluttua"],"one":"minuutin kuluttua","other":[{"t":"idOrVar","v":"value"}," minuutin kuluttua"],"two":[{"t":"idOrVar","v":"value"}," minuutin kuluttua"],"zero":"nyt"},"$x":[{"t":"idOrVar","v":"plural"},"value"]},{"$i":"hours-until-long","$v":{"few":[{"t":"idOrVar","v":"value"}," tunnin kuluttua"],"many":[{"t":"idOrVar","v":"value"}," tunnin kuluttua"],"one":"tunnin kuluttua","other":[{"t":"idOrVar","v":"value"}," tunnin kuluttua"],"two":[{"t":"idOrVar","v":"value"}," tunnin kuluttua"],"zero":"nyt"},"$x":[{"t":"idOrVar","v":"plural"},"value"]},{"$i":"days-until-long","$v":{"few":[{"t":"idOrVar","v":"value"}," päivän kuluttua"],"many":[{"t":"idOrVar","v":"value"}," päivän kuluttua"],"one":"huomenna","other":[{"t":"idOrVar","v":"value"}," päivän kuluttua"],"two":[{"t":"idOrVar","v":"value"}," päivän kuluttua"],"zero":"tänään"},"$x":[{"t":"idOrVar","v":"plural"},"value"]},{"$i":"weeks-until-long","$v":{"few":[{"t":"idOrVar","v":"value"}," viikon kuluttua"],"many":[{"t":"idOrVar","v":"value"}," viikon kuluttua"],"one":"seuraava viikko","other":[{"t":"idOrVar","v":"value"}," viikon kuluttua"],"two":[{"t":"idOrVar","v":"value"}," viikon kuluttua"],"zero":"tällä viikolla"},"$x":[{"t":"idOrVar","v":"plural"},"value"]},{"$i":"months-until-long","$v":{"few":[{"t":"idOrVar","v":"value"}," kuukauden kuluttua"],"many":[{"t":"idOrVar","v":"value"}," kuukauden kuluttua"],"one":"seuraava kuukausi","other":[{"t":"idOrVar","v":"value"}," kuukauden kuluttua"],"two":[{"t":"idOrVar","v":"value"}," kuukauden kuluttua"],"zero":"tässä kuussa"},"$x":[{"t":"idOrVar","v":"plural"},"value"]},{"$i":"years-until-long","$v":{"few":[{"t":"idOrVar","v":"value"}," vuoden kuluttua"],"many":[{"t":"idOrVar","v":"value"}," vuoden kuluttua"],"one":"seuraava vuosi","other":[{"t":"idOrVar","v":"value"}," vuoden kuluttua"],"two":[{"t":"idOrVar","v":"value"}," vuoden kuluttua"],"zero":"tänä vuonna"},"$x":[{"t":"idOrVar","v":"plural"},"value"]},{"$i":"minutes-ago-short","$v":{"other":[{"t":"idOrVar","v":"value"}," m sitten"],"zero":"juuri nyt"},"$x":[{"t":"idOrVar","v":"plural"},"value"]},{"$i":"hours-ago-short","$v":{"other":[{"t":"idOrVar","v":"value"}," h sitten"],"zero":"juuri nyt"},"$x":[{"t":"idOrVar","v":"plural"},"value"]},{"$i":"days-ago-short","$v":{"other":[{"t":"idOrVar","v":"value"}," pvää sitten"],"zero":"tänään"},"$x":[{"t":"idOrVar","v":"plural"},"value"]},{"$i":"minutes-until-short","$v":{"other":[{"t":"idOrVar","v":"value"}," m kuluttua"],"zero":"nyt"},"$x":[{"t":"idOrVar","v":"plural"},"value"]},{"$i":"hours-until-short","$v":{"other":[{"t":"idOrVar","v":"value"}," h kuluttua"],"zero":"nyt"},"$x":[{"t":"idOrVar","v":"plural"},"value"]},{"$i":"days-until-short","$v":{"other":[{"t":"idOrVar","v":"value"}," pvän kuluttua"],"zero":"tänään"},"$x":[{"t":"idOrVar","v":"plural"},"value"]},{"$i":"incorrectDate","$v":"(virheellinen päivämäärä)"},{"$i":"dateTimeFormat_%c","$v":"%a %b %e %Y %I:%M:%S %p"},{"$i":"dateTimeFormat_%x","$v":"%m/%d/%Y"},{"$i":"dateTimeFormat_%X","$v":"%I:%M:%S %p"},{"$i":"shortTimeFormat","$v":"%I:%M %p"},{"$i":"shortTimeFormat12","$v":"%I:%M %p"},{"$i":"shortTimeFormat24","$v":"%H:%M"},{"$i":"shortDateTimeFormat","$v":"%x %I:%M %p"},{"$i":"weekStartsOnMonday","$v":"0.0"},{"$i":"firstDayOfTheWeek","$v":"1.0"},{"$i":"time_am","$v":"AM"},{"$i":"time_pm","$v":"PM"},{"$i":"softkey-options","$v":"Valinnat"}]