[{"$i":"reset","$v":"I-reset"},{"$i":"start","$v":"Simulan"},{"$i":"stop","$v":"Ihinto"},{"$i":"cancel","$v":"Kanselahin"},{"$i":"hour","$v":"Oras"},{"$i":"hours","$v":"Mga Oras"},{"$i":"minute","$v":"Minuto"},{"$i":"minutes","$v":"Mga Minuto"},{"$i":"second","$v":"Segundo"},{"$i":"alarm","$v":"Alarm"},{"$i":"alarm-name","placeholder":"Alarm"},{"$i":"timer","$v":"Timer"},{"$i":"stopwatch","$v":"Stopwatch"},{"$i":"alarmName","$v":"Pangalan ng alarm"},{"$i":"newAlarm","$v":"Bagong alarm"},{"$i":"editAlarm","$v":"I-edit ang alarm"},{"$i":"tclSettings","$v":"Mga Setting"},{"$i":"clock-settings","$v":"Mga Setting ng Orasan"},{"$i":"alarms-maximum","$v":"Naabot mo ang maximum na bilang ng mga alarm"},{"$i":"laps-maximum","$v":"Naabot mo ang maximum na bilang ng mga lap"},{"$i":"changes-saved","$v":"Na-save ang mga pagbabago."},{"$i":"pause","$v":"I-pause"},{"$i":"resume","$v":"Ipagpatuloy"},{"$i":"lap","$v":"Lap"},{"$i":"lap-number","$v":["Lap ",{"t":"idOrVar","v":"n"}]},{"$i":"timer-hour","$v":"oras"},{"$i":"timer-min","$v":"minuto"},{"$i":"timer-sec","$v":"segundo"},{"$i":"delete","$v":"I-delete"},{"$i":"time","$v":"Oras"},{"$i":"snooze-label","$v":"Snooze"},{"$i":"snooze-button","$v":"Snooze"},{"$i":"repeat","$v":"Ulitin"},{"$i":"vibrate","$v":"Pag-vibrate"},{"$i":"close","$v":"Isara"},{"$i":"save","$v":"I-save"},{"$i":"done","$v":"Tapos na"},{"$i":"kai-select-time","$v":"Pumili ng oras"},{"$i":"closeButton","ariaLabel":"Isara"},{"$i":"newAlarmButton","ariaLabel":"Bagong alarm"},{"$i":"alarm-volume-label","$v":"Volume ng System Alarm"},{"$i":"kai-volume","$v":"Volume:"},{"$i":"volume-level-display","$v":[{"t":"idOrVar","v":"n"}," / ",{"t":"idOrVar","v":"c"}]},{"$i":"sound","$v":"Mga Tunog"},{"$i":"noSound","$v":"Walang Tunog"},{"$i":"kai-ringtones","$v":"Mga Ringtone"},{"$i":"everyday","$v":"Bawat araw"},{"$i":"weekdays","$v":"Weekdays"},{"$i":"weekends","$v":"Weekends"},{"$i":"never","$v":"Hindi kailanman"},{"$i":"vibrateOn","$v":"Bukas"},{"$i":"vibrateOff","$v":"I-off"},{"$i":"kai-on","$v":"Bukas"},{"$i":"kai-off","$v":"I-off"},{"$i":"plusMinute","$v":"+1 Min"},{"$i":"dateFormat","$v":"%A, %B %e"},{"$i":"countdown-lessThanAnHour","$v":["Naitakda ang alarm nang ",{"t":"idOrVar","v":"minutes"}," mula ngayon."]},{"$i":"countdown-moreThanAnHour","$v":["Naitakda ang alarm nang ",{"t":"idOrVar","v":"hours"}," ",{"t":"idOrVar","v":"minutes"}," mula ngayon."]},{"$i":"countdown-moreThanADay","$v":["Naitakda ang alarm nang ",{"t":"idOrVar","v":"days"}," ",{"t":"idOrVar","v":"hours"}," mula ngayon."]},{"$i":"kai-alarm-off","$v":"Na-off ang alarm."},{"$i":"kai-alarm-deleted","$v":"Na-delete ang alarm."},{"$i":"alarm-delete-all","$v":"Ang lahat ng mga alarma ay tinanggal na."},{"$i":"nMinutes","$v":{"few":[{"t":"idOrVar","v":"n"}," (na) minuto"],"many":[{"t":"idOrVar","v":"n"}," (na) minuto"],"one":"isang minuto","other":[{"t":"idOrVar","v":"n"}," (na) minuto"],"two":[{"t":"idOrVar","v":"n"}," (na) minuto"],"zero":"wala pang isang minuto"},"$x":[{"t":"idOrVar","v":"plural"},"n"]},{"$i":"nHours","$v":{"few":[{"t":"idOrVar","v":"n"}," (na) oras"],"many":[{"t":"idOrVar","v":"n"}," (na) oras"],"one":[{"t":"idOrVar","v":"n"}," oras"],"other":[{"t":"idOrVar","v":"n"}," (na) oras"],"two":[{"t":"idOrVar","v":"n"}," (na) oras"]},"$x":[{"t":"idOrVar","v":"plural"},"n"]},{"$i":"nAndRemainHours","$v":{"few":["at ",{"t":"idOrVar","v":"n"}," (na) oras"],"many":["at ",{"t":"idOrVar","v":"n"}," (na) oras"],"one":["at ",{"t":"idOrVar","v":"n"}," oras"],"other":["at ",{"t":"idOrVar","v":"n"}," (na) oras"],"two":["at ",{"t":"idOrVar","v":"n"}," (na) oras"]},"$x":[{"t":"idOrVar","v":"plural"},"n"]},{"$i":"nRemainDays","$v":{"few":[{"t":"idOrVar","v":"n"}," (na) araw"],"many":[{"t":"idOrVar","v":"n"}," (na) araw"],"one":[{"t":"idOrVar","v":"n"}," araw"],"other":[{"t":"idOrVar","v":"n"}," (na) araw"],"two":[{"t":"idOrVar","v":"n"}," (na) araw"]},"$x":[{"t":"idOrVar","v":"plural"},"n"]},{"$i":"nRemainMinutes","$v":{"few":["at ",{"t":"idOrVar","v":"n"}," (na) minuto"],"many":["at ",{"t":"idOrVar","v":"n"}," (na) minuto"],"one":["at ",{"t":"idOrVar","v":"n"}," minuto"],"other":["at ",{"t":"idOrVar","v":"n"}," (na) minuto"],"two":["at ",{"t":"idOrVar","v":"n"}," (na) minuto"]},"$x":[{"t":"idOrVar","v":"plural"},"n"]},{"$i":"nSpinnerSeconds","$v":{"few":[{"t":"idOrVar","v":"n"}," (na) segundo"],"many":[{"t":"idOrVar","v":"n"}," (na) segundo"],"one":"isang segundo","other":[{"t":"idOrVar","v":"n"}," (na) segundo"],"two":[{"t":"idOrVar","v":"n"}," (na) segundo"],"zero":"zer na segundo"},"$x":[{"t":"idOrVar","v":"plural"},"n"]},{"$i":"nSpinnerMinutes","$v":{"few":[{"t":"idOrVar","v":"n"}," (na) minuto"],"many":[{"t":"idOrVar","v":"n"}," (na) minuto"],"one":"isang minuto","other":[{"t":"idOrVar","v":"n"}," (na) minuto"],"two":[{"t":"idOrVar","v":"n"}," (na) minuto"],"zero":"zero na minuto"},"$x":[{"t":"idOrVar","v":"plural"},"n"]},{"$i":"nSpinnerHours","$v":{"few":[{"t":"idOrVar","v":"n"}," (na) oras"],"many":[{"t":"idOrVar","v":"n"}," (na) oras"],"one":[{"t":"idOrVar","v":"n"}," oras"],"other":[{"t":"idOrVar","v":"n"}," (na) oras"],"two":[{"t":"idOrVar","v":"n"}," (na) oras"],"zero":"zero na oras"},"$x":[{"t":"idOrVar","v":"plural"},"n"]},{"$i":"kai-stop","$v":"Ihinto"},{"$i":"kai-snooze","$v":"Snooze"},{"$i":"ac_africa_ogg","$v":"Africa"},{"$i":"ac_amazon_ogg","$v":"Amazon"},{"$i":"ac_disco_ogg","$v":"Disco"},{"$i":"ac_fairy_tales_ogg","$v":"Mga fariy tale"},{"$i":"ac_fresh_ogg","$v":"Fresh"},{"$i":"ac_galaxy_ogg","$v":"Galaxy"},{"$i":"ac_kai_ogg","$v":"Kai"},{"$i":"ac_techno_ogg","$v":"Techno"},{"$i":"ac_woody_ogg","$v":"Woody"},{"$i":"ac_awake_opus","$v":"Awake"},{"$i":"ac_crystalize_opus","$v":"Crystallise"},{"$i":"ac_cycle_opus","$v":"Cycle"},{"$i":"ac_digicloud_opus","$v":"Digicloud"},{"$i":"ac_humming_waves_opus","$v":"Humming Waves"},{"$i":"ac_into_the_void_opus","$v":"Into the Void"},{"$i":"ac_lightly_opus","$v":"Lightly"},{"$i":"ac_mobile_opus","$v":"Mobile"},{"$i":"ac_pinger_opus","$v":"Pinger"},{"$i":"ac_skip_opus","$v":"Skip"},{"$i":"ac_tri_opus","$v":"Tri"},{"$i":"ac_universal_opus","$v":"Universal"},{"$i":"kai-options","$v":"Mga Opsyon"},{"$i":"kai-clock-title","$v":"Orasan"},{"$i":"alarm-title","$v":"Alarm"},{"$i":"no-alarms-body","$v":"Walang naitakdang alarm. Pindutin ang Bagong Alarm upang magsimula."},{"$i":"kai-new-alarm","$v":"Bagong Alarm"},{"$i":"kai-settings","$v":"Mga Setting"},{"$i":"kai-cancel","$v":"Kanselahin"},{"$i":"kai-save","$v":"I-save"},{"$i":"turnOn","$v":"I-on"},{"$i":"turnOff","$v":"I-off"},{"$i":"edit","$v":"I-edit"},{"$i":"select","$v":"Piliin"},{"$i":"kai-delete","$v":"I-delete"},{"$i":"delete-all","$v":"I-delete lahat"},{"$i":"kai-selected-alarm","$v":"Napiling alarm"},{"$i":"set","$v":"Itakda"},{"$i":"kai-start","$v":"Simulan"},{"$i":"kai-reset","$v":"I-reset"},{"$i":"kai-min-plus","$v":"+1 Min"},{"$i":"kai-resume","$v":"Ipagpatuloy"},{"$i":"kai-lap","$v":"Lap"},{"$i":"play","$v":"I-play"},{"$i":"kai-no-repeat","$v":"Walang pag-ulit"},{"$i":"kai-confirm-title","$v":"Kumpirmasyon"},{"$i":"kai-confirm-delete-body","$v":"I-delete ang napiling alarm?"},{"$i":"confirm-delete-all-body","$v":"Tanggalin ang lahat ng mga alarma?"},{"$i":"kai-confirm-end-key-body","$v":{"$o":"Mawawala ang data kapag isinara ang application. <br></br> Gusto mo bang bumalik sa pag-edit?"}},{"$i":"kai-confirm-exit-button","$v":"Lumabas"},{"$i":"kai-confirm-return-button","$v":"Bumalik"},{"$i":"weekday-0-long","$v":"Linggo"},{"$i":"weekday-1-long","$v":"Lunes"},{"$i":"weekday-2-long","$v":"Martes"},{"$i":"weekday-3-long","$v":"Miyerkules"},{"$i":"weekday-4-long","$v":"Huwebes"},{"$i":"weekday-5-long","$v":"Biyernes"},{"$i":"weekday-6-long","$v":"Sabado"},{"$i":"weekday-0-short","$v":"Lin"},{"$i":"weekday-1-short","$v":"Lun"},{"$i":"weekday-2-short","$v":"Mar"},{"$i":"weekday-3-short","$v":"Miy"},{"$i":"weekday-4-short","$v":"Hwe"},{"$i":"weekday-5-short","$v":"Biy"},{"$i":"weekday-6-short","$v":"Sab"},{"$i":"month-0-long","$v":"Enero"},{"$i":"month-1-long","$v":"Pebrero"},{"$i":"month-2-long","$v":"Marso"},{"$i":"month-3-long","$v":"Abril"},{"$i":"month-4-long","$v":"Mayo"},{"$i":"month-5-long","$v":"Hunyo"},{"$i":"month-6-long","$v":"Hulyo"},{"$i":"month-7-long","$v":"Agosto"},{"$i":"month-8-long","$v":"Setyembre"},{"$i":"month-9-long","$v":"Oktubre"},{"$i":"month-10-long","$v":"Nobyembre"},{"$i":"month-11-long","$v":"Disyembre"},{"$i":"month-0-genitive","$v":"Enero"},{"$i":"month-1-genitive","$v":"Pebrero"},{"$i":"month-2-genitive","$v":"Marso"},{"$i":"month-3-genitive","$v":"Abril"},{"$i":"month-4-genitive","$v":"Mayo"},{"$i":"month-5-genitive","$v":"Hunyo"},{"$i":"month-6-genitive","$v":"Hulyo"},{"$i":"month-7-genitive","$v":"Agosto"},{"$i":"month-8-genitive","$v":"Setyembre"},{"$i":"month-9-genitive","$v":"Oktubre"},{"$i":"month-10-genitive","$v":"Nobyembre"},{"$i":"month-11-genitive","$v":"Disyembre"},{"$i":"month-0-short","$v":"Ene"},{"$i":"month-1-short","$v":"Peb"},{"$i":"month-2-short","$v":"Mar"},{"$i":"month-3-short","$v":"Abr"},{"$i":"month-4-short","$v":"Mayo"},{"$i":"month-5-short","$v":"Hun"},{"$i":"month-6-short","$v":"Hul"},{"$i":"month-7-short","$v":"Ago"},{"$i":"month-8-short","$v":"Set"},{"$i":"month-9-short","$v":"Okt"},{"$i":"month-10-short","$v":"Nob"},{"$i":"month-11-short","$v":"Dis"},{"$i":"minutes-ago-long","$v":{"few":[{"t":"idOrVar","v":"value"}," (na) minuto ang nakalipas"],"many":[{"t":"idOrVar","v":"value"}," (na) minuto ang nakalipas"],"one":"isang minuto ang nakalipas","other":[{"t":"idOrVar","v":"value"}," (na) minuto ang nakalipas"],"two":[{"t":"idOrVar","v":"value"}," (na) minuto ang nakalipas"],"zero":"ngayon lang"},"$x":[{"t":"idOrVar","v":"plural"},"value"]},{"$i":"hours-ago-long","$v":{"few":[{"t":"idOrVar","v":"value"}," (na) oras ang nakalipas"],"many":[{"t":"idOrVar","v":"value"}," (na) oras ang nakalipas"],"one":"isang oras ang nakalipas","other":[{"t":"idOrVar","v":"value"}," (na) oras ang nakalipas"],"two":[{"t":"idOrVar","v":"value"}," (na) oras ang nakalipas"],"zero":"ngayon lang"},"$x":[{"t":"idOrVar","v":"plural"},"value"]},{"$i":"days-ago-long","$v":{"few":[{"t":"idOrVar","v":"value"}," (na) araw ang nakalipas"],"many":[{"t":"idOrVar","v":"value"}," (na) araw ang nakalipas"],"one":"kahapon","other":[{"t":"idOrVar","v":"value"}," (na) araw ang nakalipas"],"two":[{"t":"idOrVar","v":"value"}," (na) araw ang nakalipas"],"zero":"ngayon"},"$x":[{"t":"idOrVar","v":"plural"},"value"]},{"$i":"weeks-ago-long","$v":{"few":[{"t":"idOrVar","v":"value"}," (na) linggo ang nakalipas"],"many":[{"t":"idOrVar","v":"value"}," (na) linggo ang nakalipas"],"one":"nakaraang linggo","other":[{"t":"idOrVar","v":"value"}," (na) linggo ang nakalipas"],"two":[{"t":"idOrVar","v":"value"}," (na) linggo ang nakalipas"],"zero":"ngayong linggo"},"$x":[{"t":"idOrVar","v":"plural"},"value"]},{"$i":"months-ago-long","$v":{"few":[{"t":"idOrVar","v":"value"}," (na) buwan ang nakalipas"],"many":[{"t":"idOrVar","v":"value"}," (na) buwan ang nakalipas"],"one":"nakaraang buwan","other":[{"t":"idOrVar","v":"value"}," (na) buwan ang nakalipas"],"two":[{"t":"idOrVar","v":"value"}," (na) buwan ang nakalipas"],"zero":"ngayong buwan"},"$x":[{"t":"idOrVar","v":"plural"},"value"]},{"$i":"years-ago-long","$v":{"few":[{"t":"idOrVar","v":"value"}," (na) taon ang nakalipas"],"many":[{"t":"idOrVar","v":"value"}," (na) taon ang nakalipas"],"one":"nakaraang taon","other":[{"t":"idOrVar","v":"value"}," (na) taon ang nakalipas"],"two":[{"t":"idOrVar","v":"value"}," (na) taon ang nakalipas"],"zero":"ngayong taon"},"$x":[{"t":"idOrVar","v":"plural"},"value"]},{"$i":"minutes-until-long","$v":{"few":["sa loob ng ",{"t":"idOrVar","v":"value"}," (na) minuto"],"many":["sa loob ng ",{"t":"idOrVar","v":"value"}," (na) minuto"],"one":"sa loob ng isang minuto","other":["sa loob ng ",{"t":"idOrVar","v":"value"}," (na) minuto"],"two":["sa loob ng ",{"t":"idOrVar","v":"value"}," (na) minuto"],"zero":"ngayon"},"$x":[{"t":"idOrVar","v":"plural"},"value"]},{"$i":"hours-until-long","$v":{"few":["sa loob ng ",{"t":"idOrVar","v":"value"}," (na) oras"],"many":["sa loob ng ",{"t":"idOrVar","v":"value"}," (na) oras"],"one":"sa loob ng isang oras","other":["sa loob ng ",{"t":"idOrVar","v":"value"}," (na) oras"],"two":["sa loob ng ",{"t":"idOrVar","v":"value"}," (na) oras"],"zero":"ngayon"},"$x":[{"t":"idOrVar","v":"plural"},"value"]},{"$i":"days-until-long","$v":{"few":["sa loob ng ",{"t":"idOrVar","v":"value"}," (na) araw"],"many":["sa loob ng ",{"t":"idOrVar","v":"value"}," (na) araw"],"one":"bukas","other":["sa loob ng ",{"t":"idOrVar","v":"value"}," (na) araw"],"two":["sa loob ng ",{"t":"idOrVar","v":"value"}," (na) araw"],"zero":"ngayon"},"$x":[{"t":"idOrVar","v":"plural"},"value"]},{"$i":"weeks-until-long","$v":{"few":["sa loob ng ",{"t":"idOrVar","v":"value"}," (na) linggo"],"many":["sa loob ng ",{"t":"idOrVar","v":"value"}," (na) linggo"],"one":"susunod na linggo","other":["sa loob ng ",{"t":"idOrVar","v":"value"}," (na) linggo"],"two":["sa loob ng ",{"t":"idOrVar","v":"value"}," (na) linggo"],"zero":"ngayong linggo"},"$x":[{"t":"idOrVar","v":"plural"},"value"]},{"$i":"months-until-long","$v":{"few":["sa loob ng ",{"t":"idOrVar","v":"value"}," (na) buwan"],"many":["sa loob ng ",{"t":"idOrVar","v":"value"}," (na) buwan"],"one":"susunod na buwan","other":["sa loob ng ",{"t":"idOrVar","v":"value"}," (na) buwan"],"two":["sa loob ng ",{"t":"idOrVar","v":"value"}," (na) buwan"],"zero":"ngayong buwan"},"$x":[{"t":"idOrVar","v":"plural"},"value"]},{"$i":"years-until-long","$v":{"few":["sa loob ng ",{"t":"idOrVar","v":"value"}," (na) taon"],"many":["sa loob ng ",{"t":"idOrVar","v":"value"}," (na) taon"],"one":"susunod na taon","other":["sa loob ng ",{"t":"idOrVar","v":"value"}," (na) taon"],"two":["sa loob ng ",{"t":"idOrVar","v":"value"}," (na) taon"],"zero":"ngayong taon"},"$x":[{"t":"idOrVar","v":"plural"},"value"]},{"$i":"minutes-ago-short","$v":{"other":[{"t":"idOrVar","v":"value"},"m ang nakalipas"],"zero":"ngayon lang"},"$x":[{"t":"idOrVar","v":"plural"},"value"]},{"$i":"hours-ago-short","$v":{"other":[{"t":"idOrVar","v":"value"},"h ang nakalipas"],"zero":"ngayon lang"},"$x":[{"t":"idOrVar","v":"plural"},"value"]},{"$i":"days-ago-short","$v":{"other":[{"t":"idOrVar","v":"value"},"d ang nakalipas"],"zero":"ngayon"},"$x":[{"t":"idOrVar","v":"plural"},"value"]},{"$i":"minutes-until-short","$v":{"other":["sa loob ng ",{"t":"idOrVar","v":"value"},"m"],"zero":"ngayon"},"$x":[{"t":"idOrVar","v":"plural"},"value"]},{"$i":"hours-until-short","$v":{"other":["sa loob ng ",{"t":"idOrVar","v":"value"},"o"],"zero":"ngayon"},"$x":[{"t":"idOrVar","v":"plural"},"value"]},{"$i":"days-until-short","$v":{"other":["sa loob ng ",{"t":"idOrVar","v":"value"},"a"],"zero":"ngayon"},"$x":[{"t":"idOrVar","v":"plural"},"value"]},{"$i":"incorrectDate","$v":"(mali ang petsa)"},{"$i":"dateTimeFormat_%c","$v":"%a %b %e %Y %I:%M:%S %p"},{"$i":"dateTimeFormat_%x","$v":"%m/%d/%Y"},{"$i":"dateTimeFormat_%X","$v":"%I:%M:%S %p"},{"$i":"shortTimeFormat","$v":"%I:%M %p"},{"$i":"shortTimeFormat12","$v":"%I:%M %p"},{"$i":"shortTimeFormat24","$v":"%H:%M"},{"$i":"shortDateTimeFormat","$v":"%x %I:%M %p"},{"$i":"weekStartsOnMonday","$v":"0.0"},{"$i":"firstDayOfTheWeek","$v":"0.0"},{"$i":"time_am","$v":"AM"},{"$i":"time_pm","$v":"PM"},{"$i":"softkey-options","$v":"Mga Opsyon"}]