[{"$i":"reset","$v":"Réinitialiser"},{"$i":"start","$v":"Démarrer"},{"$i":"stop","$v":"Arrêter"},{"$i":"cancel","$v":"Annuler"},{"$i":"hour","$v":"Heure"},{"$i":"hours","$v":"Heures"},{"$i":"minute","$v":"Minute"},{"$i":"minutes","$v":"Minutes"},{"$i":"second","$v":"Seconde"},{"$i":"alarm","$v":"Alarme"},{"$i":"alarm-name","placeholder":"Alarme"},{"$i":"timer","$v":"Minuterie"},{"$i":"stopwatch","$v":"Chronomètre"},{"$i":"alarmName","$v":"Nom de l'alarme"},{"$i":"newAlarm","$v":"Nouvelle alarme"},{"$i":"editAlarm","$v":"Modifier l'alarme"},{"$i":"tclSettings","$v":"Réglages"},{"$i":"clock-settings","$v":"Réglages de l'horloge"},{"$i":"alarms-maximum","$v":"Vous avez atteint le nombre maximal d'alarmes"},{"$i":"laps-maximum","$v":"Vous avez atteint le nombre maximal de tours"},{"$i":"changes-saved","$v":"Modifications enregistrées."},{"$i":"pause","$v":"Pause"},{"$i":"resume","$v":"Reprendre"},{"$i":"lap","$v":"Reprise"},{"$i":"lap-number","$v":["Reprise ",{"t":"idOrVar","v":"n"}]},{"$i":"timer-hour","$v":"heure"},{"$i":"timer-min","$v":"minute"},{"$i":"timer-sec","$v":"seconde"},{"$i":"delete","$v":"Supprimer"},{"$i":"time","$v":"Heure"},{"$i":"snooze-label","$v":"Rappel de sonnerie"},{"$i":"snooze-button","$v":"Rappel de sonnerie"},{"$i":"repeat","$v":"Répéter"},{"$i":"vibrate","$v":"Vibrer"},{"$i":"close","$v":"Fermer"},{"$i":"save","$v":"Enregistrer"},{"$i":"done","$v":"Terminé"},{"$i":"kai-select-time","$v":"Sélectionnez l'heure"},{"$i":"closeButton","ariaLabel":"Fermer"},{"$i":"newAlarmButton","ariaLabel":"Nouvelle alarme"},{"$i":"alarm-volume-label","$v":"Volume d'alarmes du système"},{"$i":"kai-volume","$v":"Volume :"},{"$i":"volume-level-display","$v":[{"t":"idOrVar","v":"n"}," / ",{"t":"idOrVar","v":"c"}]},{"$i":"sound","$v":"Son"},{"$i":"noSound","$v":"Aucun son"},{"$i":"kai-ringtones","$v":"Sonneries"},{"$i":"everyday","$v":"Chaque jour"},{"$i":"weekdays","$v":"Les jours de la semaine"},{"$i":"weekends","$v":"Fins de semaine"},{"$i":"never","$v":"Jamais"},{"$i":"vibrateOn","$v":"Activé"},{"$i":"vibrateOff","$v":"Désactivé"},{"$i":"kai-on","$v":"Activé"},{"$i":"kai-off","$v":"Désactivé"},{"$i":"plusMinute","$v":"+1 min"},{"$i":"dateFormat","$v":"%A, %B %e"},{"$i":"countdown-lessThanAnHour","$v":["L'alarme est réglée pour ",{"t":"idOrVar","v":"minutes"}," à partir de maintenant."]},{"$i":"countdown-moreThanAnHour","$v":["L'alarme est réglée pour ",{"t":"idOrVar","v":"hours"}," ",{"t":"idOrVar","v":"minutes"}," à partir de maintenant."]},{"$i":"countdown-moreThanADay","$v":["L'alarme est réglée pour ",{"t":"idOrVar","v":"days"}," ",{"t":"idOrVar","v":"hours"}," à partir de maintenant."]},{"$i":"kai-alarm-off","$v":"Alarme désactivée"},{"$i":"kai-alarm-deleted","$v":"Alarme supprimée"},{"$i":"alarm-delete-all","$v":"Toutes les alarmes ont été supprimées."},{"$i":"nMinutes","$v":{"few":[{"t":"idOrVar","v":"n"}," minutes"],"many":[{"t":"idOrVar","v":"n"}," minutes"],"one":"une minute","other":[{"t":"idOrVar","v":"n"}," minutes"],"two":[{"t":"idOrVar","v":"n"}," minutes"],"zero":"moins d'une minute"},"$x":[{"t":"idOrVar","v":"plural"},"n"]},{"$i":"nHours","$v":{"few":[{"t":"idOrVar","v":"n"}," heures"],"many":[{"t":"idOrVar","v":"n"}," heures"],"one":[{"t":"idOrVar","v":"n"}," heure"],"other":[{"t":"idOrVar","v":"n"}," heures"],"two":[{"t":"idOrVar","v":"n"}," heures"],"zero":""},"$x":[{"t":"idOrVar","v":"plural"},"n"]},{"$i":"nAndRemainHours","$v":{"few":["et ",{"t":"idOrVar","v":"n"}," heures"],"many":["et ",{"t":"idOrVar","v":"n"}," heures"],"one":["et ",{"t":"idOrVar","v":"n"}," heure"],"other":["et ",{"t":"idOrVar","v":"n"}," heures"],"two":["et ",{"t":"idOrVar","v":"n"}," heures"],"zero":""},"$x":[{"t":"idOrVar","v":"plural"},"n"]},{"$i":"nRemainDays","$v":{"few":[{"t":"idOrVar","v":"n"}," jours"],"many":[{"t":"idOrVar","v":"n"}," jours"],"one":[{"t":"idOrVar","v":"n"}," jour"],"other":[{"t":"idOrVar","v":"n"}," jours"],"two":[{"t":"idOrVar","v":"n"}," jours"],"zero":""},"$x":[{"t":"idOrVar","v":"plural"},"n"]},{"$i":"nRemainMinutes","$v":{"few":["et ",{"t":"idOrVar","v":"n"}," minutes"],"many":["et ",{"t":"idOrVar","v":"n"}," minutes"],"one":["et ",{"t":"idOrVar","v":"n"}," minute"],"other":["et ",{"t":"idOrVar","v":"n"}," minutes"],"two":["et ",{"t":"idOrVar","v":"n"}," minutes"],"zero":""},"$x":[{"t":"idOrVar","v":"plural"},"n"]},{"$i":"nSpinnerSeconds","$v":{"few":[{"t":"idOrVar","v":"n"}," secondes"],"many":[{"t":"idOrVar","v":"n"}," secondes"],"one":"une seconde","other":[{"t":"idOrVar","v":"n"}," secondes"],"two":[{"t":"idOrVar","v":"n"}," secondes"],"zero":"zéro seconde"},"$x":[{"t":"idOrVar","v":"plural"},"n"]},{"$i":"nSpinnerMinutes","$v":{"few":[{"t":"idOrVar","v":"n"}," minutes"],"many":[{"t":"idOrVar","v":"n"}," minutes"],"one":"une minute","other":[{"t":"idOrVar","v":"n"}," minutes"],"two":[{"t":"idOrVar","v":"n"}," minutes"],"zero":"zéro minute"},"$x":[{"t":"idOrVar","v":"plural"},"n"]},{"$i":"nSpinnerHours","$v":{"few":[{"t":"idOrVar","v":"n"}," heures"],"many":[{"t":"idOrVar","v":"n"}," heures"],"one":[{"t":"idOrVar","v":"n"}," heure"],"other":[{"t":"idOrVar","v":"n"}," heures"],"two":[{"t":"idOrVar","v":"n"}," heures"],"zero":"zéro heure"},"$x":[{"t":"idOrVar","v":"plural"},"n"]},{"$i":"kai-stop","$v":"Arrêter"},{"$i":"kai-snooze","$v":"Rappel de sonnerie"},{"$i":"ac_africa_ogg","$v":"Afrique"},{"$i":"ac_amazon_ogg","$v":"Amazon"},{"$i":"ac_disco_ogg","$v":"Disco"},{"$i":"ac_fairy_tales_ogg","$v":"Fairy tales"},{"$i":"ac_fresh_ogg","$v":"Frais"},{"$i":"ac_galaxy_ogg","$v":"Galaxy"},{"$i":"ac_kai_ogg","$v":"Kai"},{"$i":"ac_techno_ogg","$v":"Techno"},{"$i":"ac_woody_ogg","$v":"Woody"},{"$i":"ac_awake_opus","$v":"Activé"},{"$i":"ac_crystalize_opus","$v":"Cristalliser"},{"$i":"ac_cycle_opus","$v":"Cycle"},{"$i":"ac_digicloud_opus","$v":"Nuage numérique"},{"$i":"ac_humming_waves_opus","$v":"Fredonnement de vagues"},{"$i":"ac_into_the_void_opus","$v":"Vers le vide"},{"$i":"ac_lightly_opus","$v":"Légèrement"},{"$i":"ac_mobile_opus","$v":"Cellulaire"},{"$i":"ac_pinger_opus","$v":"Émetteur d'impulsion"},{"$i":"ac_skip_opus","$v":"Sauter"},{"$i":"ac_tri_opus","$v":"Tri"},{"$i":"ac_universal_opus","$v":"Universel"},{"$i":"kai-options","$v":"Options"},{"$i":"kai-clock-title","$v":"Horloge"},{"$i":"alarm-title","$v":"Alarme"},{"$i":"no-alarms-body","$v":"Aucune alarme n'a été définie. Appuyez sur Nouveau pour commencer."},{"$i":"kai-new-alarm","$v":"Nouveau"},{"$i":"kai-settings","$v":"Réglages"},{"$i":"kai-cancel","$v":"Annuler"},{"$i":"kai-save","$v":"Enregistrer"},{"$i":"turnOn","$v":"Activer"},{"$i":"turnOff","$v":"Désactiver"},{"$i":"edit","$v":"Modifier"},{"$i":"select","$v":"Sélectionner"},{"$i":"kai-delete","$v":"Supprimer"},{"$i":"delete-all","$v":"Supprimer tout"},{"$i":"kai-selected-alarm","$v":"Alarme sélectionnée"},{"$i":"set","$v":"Régler"},{"$i":"kai-start","$v":"Démarrer"},{"$i":"kai-reset","$v":"Réinitialiser"},{"$i":"kai-min-plus","$v":"+1 min"},{"$i":"kai-resume","$v":"Reprendre"},{"$i":"kai-lap","$v":"Reprise"},{"$i":"play","$v":"Écouter"},{"$i":"kai-no-repeat","$v":"Aucune répétition"},{"$i":"kai-confirm-title","$v":"Confirmation"},{"$i":"kai-confirm-delete-body","$v":"Supprimer l'alarme sélectionnée?"},{"$i":"confirm-delete-all-body","$v":"Supprimer toutes les alarmes?"},{"$i":"kai-confirm-end-key-body","$v":{"$o":"L'application sera fermée avec perte de données. <br><br> Voulez-vous retourner vers la modification?"}},{"$i":"kai-confirm-exit-button","$v":"Quitter"},{"$i":"kai-confirm-return-button","$v":"Retourner"},{"$i":"weekday-0-long","$v":"Dimanche"},{"$i":"weekday-1-long","$v":"Lundi"},{"$i":"weekday-2-long","$v":"Mardi"},{"$i":"weekday-3-long","$v":"Mercredi"},{"$i":"weekday-4-long","$v":"Jeudi"},{"$i":"weekday-5-long","$v":"Vendredi"},{"$i":"weekday-6-long","$v":"Samedi"},{"$i":"weekday-0-short","$v":"Dim"},{"$i":"weekday-1-short","$v":"Lun"},{"$i":"weekday-2-short","$v":"Mar"},{"$i":"weekday-3-short","$v":"Mer"},{"$i":"weekday-4-short","$v":"Jeu"},{"$i":"weekday-5-short","$v":"Ven"},{"$i":"weekday-6-short","$v":"Sam"},{"$i":"month-0-long","$v":"Janvier"},{"$i":"month-1-long","$v":"Février"},{"$i":"month-2-long","$v":"Mars"},{"$i":"month-3-long","$v":"Avril"},{"$i":"month-4-long","$v":"Mai"},{"$i":"month-5-long","$v":"Juin"},{"$i":"month-6-long","$v":"Juillet"},{"$i":"month-7-long","$v":"Août"},{"$i":"month-8-long","$v":"Septembre"},{"$i":"month-9-long","$v":"Octobre"},{"$i":"month-10-long","$v":"Novembre"},{"$i":"month-11-long","$v":"Décembre"},{"$i":"month-0-genitive","$v":"Janvier"},{"$i":"month-1-genitive","$v":"Février"},{"$i":"month-2-genitive","$v":"Mars"},{"$i":"month-3-genitive","$v":"Avril"},{"$i":"month-4-genitive","$v":"Mai"},{"$i":"month-5-genitive","$v":"Juin"},{"$i":"month-6-genitive","$v":"Juillet"},{"$i":"month-7-genitive","$v":"Août"},{"$i":"month-8-genitive","$v":"Septembre"},{"$i":"month-9-genitive","$v":"Octobre"},{"$i":"month-10-genitive","$v":"Novembre"},{"$i":"month-11-genitive","$v":"Décembre"},{"$i":"month-0-short","$v":"Jan"},{"$i":"month-1-short","$v":"Fév"},{"$i":"month-2-short","$v":"Mar"},{"$i":"month-3-short","$v":"Avr"},{"$i":"month-4-short","$v":"Mai"},{"$i":"month-5-short","$v":"Jun"},{"$i":"month-6-short","$v":"Jul"},{"$i":"month-7-short","$v":"Aoû"},{"$i":"month-8-short","$v":"Sep"},{"$i":"month-9-short","$v":"Oct"},{"$i":"month-10-short","$v":"Nov"},{"$i":"month-11-short","$v":"Déc"},{"$i":"minutes-ago-long","$v":{"few":["il y a ",{"t":"idOrVar","v":"value"}," minutes"],"many":["il y a ",{"t":"idOrVar","v":"value"}," minutes"],"one":"il y a une minute","other":["il y a ",{"t":"idOrVar","v":"value"}," minutes"],"two":["il y a ",{"t":"idOrVar","v":"value"}," minutes"],"zero":"juste maintenant"},"$x":[{"t":"idOrVar","v":"plural"},"value"]},{"$i":"hours-ago-long","$v":{"few":["il y a ",{"t":"idOrVar","v":"value"}," heures"],"many":["il y a ",{"t":"idOrVar","v":"value"}," heures"],"one":"il y a une heure","other":["il y a ",{"t":"idOrVar","v":"value"}," heures"],"two":["il y a ",{"t":"idOrVar","v":"value"}," heures"],"zero":"juste maintenant"},"$x":[{"t":"idOrVar","v":"plural"},"value"]},{"$i":"days-ago-long","$v":{"few":["il y a ",{"t":"idOrVar","v":"value"}," jours"],"many":["il y a ",{"t":"idOrVar","v":"value"}," jours"],"one":"hier","other":["il y a ",{"t":"idOrVar","v":"value"}," jours"],"two":["il y a ",{"t":"idOrVar","v":"value"}," jours"],"zero":"aujourd'hui"},"$x":[{"t":"idOrVar","v":"plural"},"value"]},{"$i":"weeks-ago-long","$v":{"few":["il y a ",{"t":"idOrVar","v":"value"}," semaines"],"many":["il y a ",{"t":"idOrVar","v":"value"}," semaines"],"one":"la semaine dernière","other":["il y a ",{"t":"idOrVar","v":"value"}," semaines"],"two":["il y a ",{"t":"idOrVar","v":"value"}," semaines"],"zero":"cette semaine"},"$x":[{"t":"idOrVar","v":"plural"},"value"]},{"$i":"months-ago-long","$v":{"few":["il y a ",{"t":"idOrVar","v":"value"}," mois"],"many":["il y a ",{"t":"idOrVar","v":"value"}," mois"],"one":"le mois dernier","other":["il y a ",{"t":"idOrVar","v":"value"}," mois"],"two":["il y a ",{"t":"idOrVar","v":"value"}," mois"],"zero":"ce mois"},"$x":[{"t":"idOrVar","v":"plural"},"value"]},{"$i":"years-ago-long","$v":{"few":["il y a ",{"t":"idOrVar","v":"value"}," années"],"many":["il y a ",{"t":"idOrVar","v":"value"}," années"],"one":"l'année dernière","other":["il y a ",{"t":"idOrVar","v":"value"}," années"],"two":["il y a ",{"t":"idOrVar","v":"value"}," années"],"zero":"cette année"},"$x":[{"t":"idOrVar","v":"plural"},"value"]},{"$i":"minutes-until-long","$v":{"few":["dans ",{"t":"idOrVar","v":"value"}," minutes"],"many":["dans ",{"t":"idOrVar","v":"value"}," minutes"],"one":"dans une minute","other":["dans ",{"t":"idOrVar","v":"value"}," minutes"],"two":["dans ",{"t":"idOrVar","v":"value"}," minutes"],"zero":"maintenant"},"$x":[{"t":"idOrVar","v":"plural"},"value"]},{"$i":"hours-until-long","$v":{"few":["dans ",{"t":"idOrVar","v":"value"}," heures"],"many":["dans ",{"t":"idOrVar","v":"value"}," heures"],"one":"dans une heure","other":["dans ",{"t":"idOrVar","v":"value"}," heures"],"two":["dans ",{"t":"idOrVar","v":"value"}," heures"],"zero":"maintenant"},"$x":[{"t":"idOrVar","v":"plural"},"value"]},{"$i":"days-until-long","$v":{"few":["dans ",{"t":"idOrVar","v":"value"}," jours"],"many":["dans ",{"t":"idOrVar","v":"value"}," jours"],"one":"demain","other":["dans ",{"t":"idOrVar","v":"value"}," jours"],"two":["dans ",{"t":"idOrVar","v":"value"}," jours"],"zero":"aujourd'hui"},"$x":[{"t":"idOrVar","v":"plural"},"value"]},{"$i":"weeks-until-long","$v":{"few":["dans ",{"t":"idOrVar","v":"value"}," semaines"],"many":["dans ",{"t":"idOrVar","v":"value"}," semaines"],"one":"la semaine prochaine","other":["dans ",{"t":"idOrVar","v":"value"}," semaines"],"two":["dans ",{"t":"idOrVar","v":"value"}," semaines"],"zero":"cette semaine"},"$x":[{"t":"idOrVar","v":"plural"},"value"]},{"$i":"months-until-long","$v":{"few":["dans ",{"t":"idOrVar","v":"value"}," mois"],"many":["dans ",{"t":"idOrVar","v":"value"}," mois"],"one":"le mois prochain","other":["dans ",{"t":"idOrVar","v":"value"}," mois"],"two":["dans ",{"t":"idOrVar","v":"value"}," mois"],"zero":"ce mois"},"$x":[{"t":"idOrVar","v":"plural"},"value"]},{"$i":"years-until-long","$v":{"few":["dans ",{"t":"idOrVar","v":"value"}," années"],"many":["dans ",{"t":"idOrVar","v":"value"}," années"],"one":"l'année prochaine","other":["dans ",{"t":"idOrVar","v":"value"}," années"],"two":["dans ",{"t":"idOrVar","v":"value"}," années"],"zero":"cette année"},"$x":[{"t":"idOrVar","v":"plural"},"value"]},{"$i":"minutes-ago-short","$v":{"other":["il y a ",{"t":"idOrVar","v":"value"}," m"],"zero":"juste maintenant"},"$x":[{"t":"idOrVar","v":"plural"},"value"]},{"$i":"hours-ago-short","$v":{"other":["il y a ",{"t":"idOrVar","v":"value"}," h"],"zero":"juste maintenant"},"$x":[{"t":"idOrVar","v":"plural"},"value"]},{"$i":"days-ago-short","$v":{"other":["il y a ",{"t":"idOrVar","v":"value"}," j"],"zero":"aujourd'hui"},"$x":[{"t":"idOrVar","v":"plural"},"value"]},{"$i":"minutes-until-short","$v":{"other":["dans ",{"t":"idOrVar","v":"value"}," m"],"zero":"maintenant"},"$x":[{"t":"idOrVar","v":"plural"},"value"]},{"$i":"hours-until-short","$v":{"other":["dans ",{"t":"idOrVar","v":"value"}," h"],"zero":"maintenant"},"$x":[{"t":"idOrVar","v":"plural"},"value"]},{"$i":"days-until-short","$v":{"other":["dans ",{"t":"idOrVar","v":"value"}," j"],"zero":"aujourd'hui"},"$x":[{"t":"idOrVar","v":"plural"},"value"]},{"$i":"incorrectDate","$v":"(date erronée)"},{"$i":"dateTimeFormat_%c","$v":"%a %b %e %Y %I:%M:%S %p"},{"$i":"dateTimeFormat_%x","$v":"%m/%d/%Y"},{"$i":"dateTimeFormat_%X","$v":"%I:%M:%S %p"},{"$i":"shortTimeFormat","$v":"%I:%M %p"},{"$i":"shortTimeFormat12","$v":"%I:%M %p"},{"$i":"shortTimeFormat24","$v":"%H:%M"},{"$i":"shortDateTimeFormat","$v":"%x %I:%M %p"},{"$i":"weekStartsOnMonday","$v":"0.0"},{"$i":"firstDayOfTheWeek","$v":"0.0"},{"$i":"time_am","$v":"AM"},{"$i":"time_pm","$v":"PM"},{"$i":"softkey-options","$v":"Options"}]