[{"$i":"reset","$v":"Remettre à zéro"},{"$i":"start","$v":"Démarrer"},{"$i":"stop","$v":"Arrêter"},{"$i":"cancel","$v":"Annuler"},{"$i":"hour","$v":"Heure(s)"},{"$i":"hours","$v":"Heures"},{"$i":"minute","$v":"Minute(s)"},{"$i":"minutes","$v":"Minutes"},{"$i":"second","$v":"Seconde(s)"},{"$i":"alarm","$v":"Alarme"},{"$i":"alarm-name","placeholder":"Alarme"},{"$i":"timer","$v":"Minuteur"},{"$i":"stopwatch","$v":"Chronomètre"},{"$i":"alarmName","$v":"Nom de l’alarme"},{"$i":"newAlarm","$v":"Nouvelle alarme"},{"$i":"editAlarm","$v":"Modifier l’alarme"},{"$i":"tclSettings","$v":"Paramètres"},{"$i":"clock-settings","$v":"Paramètres d’horloge"},{"$i":"alarms-maximum","$v":"Nombre maximal d’alarmes atteint"},{"$i":"laps-maximum","$v":"Nombre maximal de tours atteint"},{"$i":"changes-saved","$v":"Les modifications sont enregistrées."},{"$i":"pause","$v":"Pause"},{"$i":"resume","$v":"Reprendre"},{"$i":"lap","$v":"Tour"},{"$i":"lap-number","$v":["Tour ",{"t":"idOrVar","v":"n"}]},{"$i":"timer-hour","$v":"heure"},{"$i":"timer-min","$v":"minute"},{"$i":"timer-sec","$v":"seconde"},{"$i":"delete","$v":"Supprimer"},{"$i":"time","$v":"Heure"},{"$i":"snooze-label","$v":"Rappel"},{"$i":"snooze-button","$v":"Reporter"},{"$i":"repeat","$v":"Répétition"},{"$i":"vibrate","$v":"Vibreur"},{"$i":"close","$v":"Arrêter"},{"$i":"save","$v":"Enregistrer"},{"$i":"done","$v":"Fini"},{"$i":"kai-select-time","$v":"Indiquer l’heure"},{"$i":"closeButton","ariaLabel":"Fermer"},{"$i":"newAlarmButton","ariaLabel":"Nouvelle alarme"},{"$i":"alarm-volume-label","$v":"Volume d’alarme du système"},{"$i":"kai-volume","$v":"Volume :"},{"$i":"volume-level-display","$v":[{"t":"idOrVar","v":"n"},"/",{"t":"idOrVar","v":"c"}]},{"$i":"sound","$v":"Sonnerie"},{"$i":"noSound","$v":"Aucune sonnerie"},{"$i":"kai-ringtones","$v":"Sonneries"},{"$i":"everyday","$v":"Tous les jours"},{"$i":"weekdays","$v":"Les jours de la semaine"},{"$i":"weekends","$v":"Les weekends"},{"$i":"never","$v":"Jamais"},{"$i":"vibrateOn","$v":"Activé"},{"$i":"vibrateOff","$v":"Désactivé"},{"$i":"kai-on","$v":"Activé"},{"$i":"kai-off","$v":"Désactivé"},{"$i":"plusMinute","$v":"+1 min"},{"$i":"dateFormat","$v":"%A %e %Eb"},{"$i":"countdown-lessThanAnHour","$v":["L’alarme est réglée pour dans ",{"t":"idOrVar","v":"minutes"},"."]},{"$i":"countdown-moreThanAnHour","$v":["L’alarme est réglée pour dans ",{"t":"idOrVar","v":"hours"}," ",{"t":"idOrVar","v":"minutes"},"."]},{"$i":"countdown-moreThanADay","$v":["L’alarme est réglée pour dans ",{"t":"idOrVar","v":"days"}," ",{"t":"idOrVar","v":"hours"},"."]},{"$i":"kai-alarm-off","$v":"L'alarme est désactivée."},{"$i":"kai-alarm-deleted","$v":"L'alarme est supprimée."},{"$i":"alarm-delete-all","$v":"Toutes les alarmes ont été supprimées."},{"$i":"nMinutes","$v":{"few":[{"t":"idOrVar","v":"n"}," minutes"],"many":[{"t":"idOrVar","v":"n"}," minutes"],"one":"une minute","other":[{"t":"idOrVar","v":"n"}," minutes"],"two":[{"t":"idOrVar","v":"n"}," minutes"],"zero":"moins d’une minute"},"$x":[{"t":"idOrVar","v":"plural"},"n"]},{"$i":"nHours","$v":{"few":[{"t":"idOrVar","v":"n"}," heures"],"many":[{"t":"idOrVar","v":"n"}," heures"],"one":[{"t":"idOrVar","v":"n"}," heure"],"other":[{"t":"idOrVar","v":"n"}," heures"],"two":[{"t":"idOrVar","v":"n"}," heures"]},"$x":[{"t":"idOrVar","v":"plural"},"n"]},{"$i":"nAndRemainHours","$v":{"few":["et ",{"t":"idOrVar","v":"n"}," heures"],"many":["et ",{"t":"idOrVar","v":"n"}," heures"],"one":["et ",{"t":"idOrVar","v":"n"}," heure"],"other":["et ",{"t":"idOrVar","v":"n"}," heures"],"two":["et ",{"t":"idOrVar","v":"n"}," heures"]},"$x":[{"t":"idOrVar","v":"plural"},"n"]},{"$i":"nRemainDays","$v":{"few":[{"t":"idOrVar","v":"n"}," jours"],"many":[{"t":"idOrVar","v":"n"}," jours"],"one":[{"t":"idOrVar","v":"n"}," jour"],"other":[{"t":"idOrVar","v":"n"}," jours"],"two":[{"t":"idOrVar","v":"n"}," jours"]},"$x":[{"t":"idOrVar","v":"plural"},"n"]},{"$i":"nRemainMinutes","$v":{"few":["et ",{"t":"idOrVar","v":"n"}," minutes"],"many":["et ",{"t":"idOrVar","v":"n"}," minutes"],"one":["et ",{"t":"idOrVar","v":"n"}," minute"],"other":["et ",{"t":"idOrVar","v":"n"}," minutes"],"two":["et ",{"t":"idOrVar","v":"n"}," minutes"]},"$x":[{"t":"idOrVar","v":"plural"},"n"]},{"$i":"nSpinnerSeconds","$v":{"few":[{"t":"idOrVar","v":"n"}," secondes"],"many":[{"t":"idOrVar","v":"n"}," secondes"],"one":"une seconde","other":[{"t":"idOrVar","v":"n"}," secondes"],"two":[{"t":"idOrVar","v":"n"}," secondes"],"zero":"zéro secondes"},"$x":[{"t":"idOrVar","v":"plural"},"n"]},{"$i":"nSpinnerMinutes","$v":{"few":[{"t":"idOrVar","v":"n"}," minutes"],"many":[{"t":"idOrVar","v":"n"}," minutes"],"one":"une minute","other":[{"t":"idOrVar","v":"n"}," minutes"],"two":[{"t":"idOrVar","v":"n"}," minutes"],"zero":"zéro minutes"},"$x":[{"t":"idOrVar","v":"plural"},"n"]},{"$i":"nSpinnerHours","$v":{"few":[{"t":"idOrVar","v":"n"}," heures"],"many":[{"t":"idOrVar","v":"n"}," heures"],"one":[{"t":"idOrVar","v":"n"}," heure"],"other":[{"t":"idOrVar","v":"n"}," heures"],"two":[{"t":"idOrVar","v":"n"}," heures"],"zero":"zéro heures"},"$x":[{"t":"idOrVar","v":"plural"},"n"]},{"$i":"kai-stop","$v":"Arrêter"},{"$i":"kai-snooze","$v":"Répéter"},{"$i":"ac_africa_ogg","$v":"Afrique"},{"$i":"ac_amazon_ogg","$v":"Amazon"},{"$i":"ac_disco_ogg","$v":"Disco"},{"$i":"ac_fairy_tales_ogg","$v":"Fairy tales"},{"$i":"ac_fresh_ogg","$v":"Frais"},{"$i":"ac_galaxy_ogg","$v":"Galaxy"},{"$i":"ac_kai_ogg","$v":"Kai"},{"$i":"ac_techno_ogg","$v":"Techno"},{"$i":"ac_woody_ogg","$v":"Woody"},{"$i":"ac_awake_opus","$v":"Awake"},{"$i":"ac_crystalize_opus","$v":"Crystalize"},{"$i":"ac_cycle_opus","$v":"Cycle"},{"$i":"ac_digicloud_opus","$v":"Digicloud"},{"$i":"ac_humming_waves_opus","$v":"Humming Waves"},{"$i":"ac_into_the_void_opus","$v":"Into the Void"},{"$i":"ac_lightly_opus","$v":"Lightly"},{"$i":"ac_mobile_opus","$v":"Mobile"},{"$i":"ac_pinger_opus","$v":"Pinger"},{"$i":"ac_skip_opus","$v":"Skip"},{"$i":"ac_tri_opus","$v":"Tri"},{"$i":"ac_universal_opus","$v":"Universal"},{"$i":"kai-options","$v":"Options"},{"$i":"kai-clock-title","$v":"Horloge"},{"$i":"alarm-title","$v":"Alarme"},{"$i":"no-alarms-body","$v":"Aucune alarme n’a été définie. Appuyez sur Nouveau pour commencer."},{"$i":"kai-new-alarm","$v":"Nouveau"},{"$i":"kai-settings","$v":"Paramètres"},{"$i":"kai-cancel","$v":"Annuler"},{"$i":"kai-save","$v":"Enreg."},{"$i":"turnOn","$v":"ACTIV."},{"$i":"turnOff","$v":"DÉSACTIV."},{"$i":"edit","$v":"Modifier"},{"$i":"select","$v":"Sélectionner"},{"$i":"kai-delete","$v":"Suppr."},{"$i":"delete-all","$v":"Tout supprimer"},{"$i":"kai-selected-alarm","$v":"Choisir l’alarme"},{"$i":"set","$v":"Définir"},{"$i":"kai-start","$v":"Commencer"},{"$i":"kai-reset","$v":"Réinit."},{"$i":"kai-min-plus","$v":"+1 min"},{"$i":"kai-resume","$v":"Reprendre"},{"$i":"kai-lap","$v":"Tour"},{"$i":"play","$v":"Lecture"},{"$i":"kai-no-repeat","$v":"Aucune répétition"},{"$i":"kai-confirm-title","$v":"Confirmation"},{"$i":"kai-confirm-delete-body","$v":"Supprimer l’alarme choisie ?"},{"$i":"confirm-delete-all-body","$v":"Supprimer toutes les alarmes ?"},{"$i":"kai-confirm-end-key-body","$v":{"$o":"L’application va se fermer et vous perdrez des données. <br><br>Voulez-vous revenir à l’édition ?"}},{"$i":"kai-confirm-exit-button","$v":"Quitter"},{"$i":"kai-confirm-return-button","$v":"Retour"},{"$i":"weekday-0-long","$v":"Dimanche"},{"$i":"weekday-1-long","$v":"Lundi"},{"$i":"weekday-2-long","$v":"Mardi"},{"$i":"weekday-3-long","$v":"Mercredi"},{"$i":"weekday-4-long","$v":"Jeudi"},{"$i":"weekday-5-long","$v":"Vendredi"},{"$i":"weekday-6-long","$v":"Samedi"},{"$i":"weekday-0-short","$v":"dim"},{"$i":"weekday-1-short","$v":"lun"},{"$i":"weekday-2-short","$v":"mar"},{"$i":"weekday-3-short","$v":"mer"},{"$i":"weekday-4-short","$v":"jeu"},{"$i":"weekday-5-short","$v":"ven"},{"$i":"weekday-6-short","$v":"sam"},{"$i":"month-0-long","$v":"Janvier"},{"$i":"month-1-long","$v":"Février"},{"$i":"month-2-long","$v":"Mars"},{"$i":"month-3-long","$v":"Avril"},{"$i":"month-4-long","$v":"Mai"},{"$i":"month-5-long","$v":"Juin"},{"$i":"month-6-long","$v":"Juillet"},{"$i":"month-7-long","$v":"Août"},{"$i":"month-8-long","$v":"Septembre"},{"$i":"month-9-long","$v":"Octobre"},{"$i":"month-10-long","$v":"Novembre"},{"$i":"month-11-long","$v":"Décembre"},{"$i":"month-0-genitive","$v":"janvier"},{"$i":"month-1-genitive","$v":"février"},{"$i":"month-2-genitive","$v":"mars"},{"$i":"month-3-genitive","$v":"avril"},{"$i":"month-4-genitive","$v":"mai"},{"$i":"month-5-genitive","$v":"juin"},{"$i":"month-6-genitive","$v":"juillet"},{"$i":"month-7-genitive","$v":"août"},{"$i":"month-8-genitive","$v":"septembre"},{"$i":"month-9-genitive","$v":"octobre"},{"$i":"month-10-genitive","$v":"novembre"},{"$i":"month-11-genitive","$v":"décembre"},{"$i":"month-0-short","$v":"jan."},{"$i":"month-1-short","$v":"fév."},{"$i":"month-2-short","$v":"mars"},{"$i":"month-3-short","$v":"avr."},{"$i":"month-4-short","$v":"mai"},{"$i":"month-5-short","$v":"juin"},{"$i":"month-6-short","$v":"juil."},{"$i":"month-7-short","$v":"août"},{"$i":"month-8-short","$v":"sep."},{"$i":"month-9-short","$v":"oct."},{"$i":"month-10-short","$v":"nov."},{"$i":"month-11-short","$v":"déc."},{"$i":"minutes-ago-long","$v":{"few":["il y a ",{"t":"idOrVar","v":"value"}," minutes"],"many":["Il y a ",{"t":"idOrVar","v":"value"}," minutes"],"one":"Il y a 1 minute","other":["il y a ",{"t":"idOrVar","v":"value"}," minutes"],"two":["il y a ",{"t":"idOrVar","v":"value"}," minutes"],"zero":"à l’instant"},"$x":[{"t":"idOrVar","v":"plural"},"value"]},{"$i":"hours-ago-long","$v":{"few":["il y a ",{"t":"idOrVar","v":"value"}," heures"],"many":["Il y a ",{"t":"idOrVar","v":"value"}," heures"],"one":"Il y a 1 heure","other":["il y a ",{"t":"idOrVar","v":"value"}," heures"],"two":["il y a ",{"t":"idOrVar","v":"value"}," heures"],"zero":"à l’instant"},"$x":[{"t":"idOrVar","v":"plural"},"value"]},{"$i":"days-ago-long","$v":{"few":["il y a ",{"t":"idOrVar","v":"value"}," jours"],"many":["il y a ",{"t":"idOrVar","v":"value"}," jours"],"one":"hier","other":["il y a ",{"t":"idOrVar","v":"value"}," jours"],"two":["il y a ",{"t":"idOrVar","v":"value"}," jours"],"zero":"aujourd’hui"},"$x":[{"t":"idOrVar","v":"plural"},"value"]},{"$i":"weeks-ago-long","$v":{"few":["il y a ",{"t":"idOrVar","v":"value"}," semaines"],"many":["il y a ",{"t":"idOrVar","v":"value"}," semaines"],"one":"la semaine dernière","other":["il y a ",{"t":"idOrVar","v":"value"}," semaines"],"two":["il y a ",{"t":"idOrVar","v":"value"}," semaines"],"zero":"cette semaine"},"$x":[{"t":"idOrVar","v":"plural"},"value"]},{"$i":"months-ago-long","$v":{"few":["il y a ",{"t":"idOrVar","v":"value"}," mois"],"many":["il y a ",{"t":"idOrVar","v":"value"}," mois"],"one":"le mois dernier","other":["il y a ",{"t":"idOrVar","v":"value"}," mois"],"two":["il y a ",{"t":"idOrVar","v":"value"}," mois"],"zero":"ce mois-ci"},"$x":[{"t":"idOrVar","v":"plural"},"value"]},{"$i":"years-ago-long","$v":{"few":["il y a ",{"t":"idOrVar","v":"value"}," ans"],"many":["il y a ",{"t":"idOrVar","v":"value"}," ans"],"one":"l’année dernière","other":["il y a ",{"t":"idOrVar","v":"value"}," ans"],"two":["il y a ",{"t":"idOrVar","v":"value"}," ans"],"zero":"cette année"},"$x":[{"t":"idOrVar","v":"plural"},"value"]},{"$i":"minutes-until-long","$v":{"few":["dans ",{"t":"idOrVar","v":"value"}," minutes"],"many":["dans ",{"t":"idOrVar","v":"value"}," minutes"],"one":["dans ",{"t":"idOrVar","v":"value"}," minute"],"other":["dans ",{"t":"idOrVar","v":"value"}," minutes"],"two":["dans ",{"t":"idOrVar","v":"value"}," minutes"],"zero":"maintenant"},"$x":[{"t":"idOrVar","v":"plural"},"value"]},{"$i":"hours-until-long","$v":{"few":["dans ",{"t":"idOrVar","v":"value"}," heures"],"many":["dans ",{"t":"idOrVar","v":"value"}," heures"],"one":["dans ",{"t":"idOrVar","v":"value"}," heure"],"other":["dans ",{"t":"idOrVar","v":"value"}," heures"],"two":["dans ",{"t":"idOrVar","v":"value"}," heures"],"zero":"maintenant"},"$x":[{"t":"idOrVar","v":"plural"},"value"]},{"$i":"days-until-long","$v":{"few":["dans ",{"t":"idOrVar","v":"value"}," jours"],"many":["dans ",{"t":"idOrVar","v":"value"}," jours"],"one":"demain","other":["dans ",{"t":"idOrVar","v":"value"}," jours"],"two":["dans ",{"t":"idOrVar","v":"value"}," jours"],"zero":"aujourd’hui"},"$x":[{"t":"idOrVar","v":"plural"},"value"]},{"$i":"weeks-until-long","$v":{"few":["dans ",{"t":"idOrVar","v":"value"}," semaines"],"many":["dans ",{"t":"idOrVar","v":"value"}," semaines"],"one":"la semaine prochaine","other":["dans ",{"t":"idOrVar","v":"value"}," semaines"],"two":["dans ",{"t":"idOrVar","v":"value"}," semaines"],"zero":"cette semaine"},"$x":[{"t":"idOrVar","v":"plural"},"value"]},{"$i":"months-until-long","$v":{"few":["dans ",{"t":"idOrVar","v":"value"}," mois"],"many":["dans ",{"t":"idOrVar","v":"value"}," mois"],"one":"le mois prochain","other":["dans ",{"t":"idOrVar","v":"value"}," mois"],"two":["dans ",{"t":"idOrVar","v":"value"}," mois"],"zero":"ce mois-ci"},"$x":[{"t":"idOrVar","v":"plural"},"value"]},{"$i":"years-until-long","$v":{"few":["dans ",{"t":"idOrVar","v":"value"}," ans"],"many":["dans ",{"t":"idOrVar","v":"value"}," ans"],"one":"l’année prochaine","other":["dans ",{"t":"idOrVar","v":"value"}," ans"],"two":["dans ",{"t":"idOrVar","v":"value"}," ans"],"zero":"cette année"},"$x":[{"t":"idOrVar","v":"plural"},"value"]},{"$i":"minutes-ago-short","$v":{"other":["il y a ",{"t":"idOrVar","v":"value"}," min"],"zero":"à l’instant"},"$x":[{"t":"idOrVar","v":"plural"},"value"]},{"$i":"hours-ago-short","$v":{"other":["il y a ",{"t":"idOrVar","v":"value"},"h"],"zero":"à l’instant"},"$x":[{"t":"idOrVar","v":"plural"},"value"]},{"$i":"days-ago-short","$v":{"other":["il y a ",{"t":"idOrVar","v":"value"},"j"],"zero":"aujourd’hui"},"$x":[{"t":"idOrVar","v":"plural"},"value"]},{"$i":"minutes-until-short","$v":{"other":["dans ",{"t":"idOrVar","v":"value"},"m"],"zero":"maintenant"},"$x":[{"t":"idOrVar","v":"plural"},"value"]},{"$i":"hours-until-short","$v":{"other":["dans ",{"t":"idOrVar","v":"value"},"h"],"zero":"maintenant"},"$x":[{"t":"idOrVar","v":"plural"},"value"]},{"$i":"days-until-short","$v":{"other":["dans ",{"t":"idOrVar","v":"value"},"j"],"zero":"aujourd’hui"},"$x":[{"t":"idOrVar","v":"plural"},"value"]},{"$i":"incorrectDate","$v":"(date incorrecte)"},{"$i":"dateTimeFormat_%c","$v":"%a %e %b %Y %H:%M:%S"},{"$i":"dateTimeFormat_%x","$v":"%d/%m/%Y"},{"$i":"dateTimeFormat_%X","$v":"%I:%M:%S %p"},{"$i":"shortTimeFormat","$v":"%H:%M"},{"$i":"shortTimeFormat12","$v":"%I:%M %p"},{"$i":"shortTimeFormat24","$v":"%H:%M"},{"$i":"shortDateTimeFormat","$v":"%x %H:%M"},{"$i":"weekStartsOnMonday","$v":"0.0"},{"$i":"firstDayOfTheWeek","$v":"1.0"},{"$i":"time_am","$v":"AM"},{"$i":"time_pm","$v":"PM"},{"$i":"softkey-options","$v":"Options"}]