[{"$i":"reset","$v":"אפס"},{"$i":"start","$v":"התחל"},{"$i":"stop","$v":"עצור"},{"$i":"cancel","$v":"בטל"},{"$i":"hour","$v":"שעה"},{"$i":"hours","$v":"שעות"},{"$i":"minute","$v":"דקה"},{"$i":"minutes","$v":"דקות"},{"$i":"second","$v":"שנייה"},{"$i":"alarm","$v":"שעון מעורר"},{"$i":"alarm-name","placeholder":"שעון מעורר"},{"$i":"timer","$v":"קוצב זמן"},{"$i":"stopwatch","$v":"שעון עצר"},{"$i":"alarmName","$v":"שם שעון מעורר"},{"$i":"newAlarm","$v":"שעון מעורר חדש"},{"$i":"editAlarm","$v":"ערוך התרעה"},{"$i":"tclSettings","$v":"הגדרות"},{"$i":"clock-settings","$v":"הגדרת שעון"},{"$i":"alarms-maximum","$v":"הגעת למספר ההתרעות המרבי"},{"$i":"laps-maximum","$v":"הגעת למספר ההקפות המרבי"},{"$i":"changes-saved","$v":"השינויים נשמרו."},{"$i":"pause","$v":"הפסקה"},{"$i":"resume","$v":"חדש פעולה"},{"$i":"lap","$v":"סבב"},{"$i":"lap-number","$v":["סבב ",{"t":"idOrVar","v":"n"}]},{"$i":"timer-hour","$v":"שעה"},{"$i":"timer-min","$v":"דקה"},{"$i":"timer-sec","$v":"שנייה"},{"$i":"delete","$v":"מחק"},{"$i":"time","$v":"זמן"},{"$i":"snooze-label","$v":"נמנם"},{"$i":"snooze-button","$v":"נמנם"},{"$i":"repeat","$v":"חזור"},{"$i":"vibrate","$v":"רטט"},{"$i":"close","$v":"סגור"},{"$i":"save","$v":"שמור"},{"$i":"done","$v":"בוצע"},{"$i":"kai-select-time","$v":"בחר זמן"},{"$i":"closeButton","ariaLabel":"סגור"},{"$i":"newAlarmButton","ariaLabel":"שעון מעורר חדש"},{"$i":"alarm-volume-label","$v":"עוצמת קול שעון מעורר מערכת"},{"$i":"kai-volume","$v":"עוצמת קול:"},{"$i":"volume-level-display","$v":[{"t":"idOrVar","v":"n"}," / ",{"t":"idOrVar","v":"c"}]},{"$i":"sound","$v":"שמע"},{"$i":"noSound","$v":"אין קול"},{"$i":"kai-ringtones","$v":"רינגטונים"},{"$i":"everyday","$v":"כל יום"},{"$i":"weekdays","$v":"ימי חול"},{"$i":"weekends","$v":"סופי שבוע"},{"$i":"never","$v":"לעולם לא"},{"$i":"vibrateOn","$v":"מופעל"},{"$i":"vibrateOff","$v":"כבוי"},{"$i":"kai-on","$v":"מופעל"},{"$i":"kai-off","$v":"כבוי"},{"$i":"plusMinute","$v":"+1 דקה"},{"$i":"dateFormat","$v":"%A, %B %e"},{"$i":"countdown-lessThanAnHour","$v":["השעון המעורר נקבע לעוד ",{"t":"idOrVar","v":"minutes"}," מעתה."]},{"$i":"countdown-moreThanAnHour","$v":["השעון המעורר נקבע לעוד ",{"t":"idOrVar","v":"hours"}," ",{"t":"idOrVar","v":"minutes"}," מעתה."]},{"$i":"countdown-moreThanADay","$v":["השעון המעורר נקבע לעוד ",{"t":"idOrVar","v":"days"}," ",{"t":"idOrVar","v":"hours"}," מעתה."]},{"$i":"kai-alarm-off","$v":"שעון מעורר כבוי."},{"$i":"kai-alarm-deleted","$v":"שעון מעורר נמחק."},{"$i":"alarm-delete-all","$v":"כל ההתראות נמחקו."},{"$i":"nMinutes","$v":{"few":[{"t":"idOrVar","v":"n"}," דקות"],"many":[{"t":"idOrVar","v":"n"}," דקות"],"one":"דקה אחת","other":[{"t":"idOrVar","v":"n"}," דקות"],"two":[{"t":"idOrVar","v":"n"}," דקות"],"zero":"פחות מדקה"},"$x":[{"t":"idOrVar","v":"plural"},"n"]},{"$i":"nHours","$v":{"few":[{"t":"idOrVar","v":"n"}," שעות"],"many":[{"t":"idOrVar","v":"n"}," שעות"],"one":[{"t":"idOrVar","v":"n"}," שעה"],"other":[{"t":"idOrVar","v":"n"}," שעות"],"two":"שעתיים"},"$x":[{"t":"idOrVar","v":"plural"},"n"]},{"$i":"nAndRemainHours","$v":{"few":["ו-",{"t":"idOrVar","v":"n"}," שעות"],"many":["ו-",{"t":"idOrVar","v":"n"}," שעות"],"one":["ו-",{"t":"idOrVar","v":"n"}," שעה"],"other":["ו-",{"t":"idOrVar","v":"n"}," שעות"],"two":["ו-",{"t":"idOrVar","v":"n"}," שעות"]},"$x":[{"t":"idOrVar","v":"plural"},"n"]},{"$i":"nRemainDays","$v":{"few":[{"t":"idOrVar","v":"n"}," ימים"],"many":[{"t":"idOrVar","v":"n"}," ימים"],"one":[{"t":"idOrVar","v":"n"}," יום"],"other":[{"t":"idOrVar","v":"n"}," ימים"],"two":[{"t":"idOrVar","v":"n"}," ימים"]},"$x":[{"t":"idOrVar","v":"plural"},"n"]},{"$i":"nRemainMinutes","$v":{"few":["ו-",{"t":"idOrVar","v":"n"}," דקות"],"many":["ו-",{"t":"idOrVar","v":"n"}," דקות"],"one":["ו-",{"t":"idOrVar","v":"n"}," דקה"],"other":["ו-",{"t":"idOrVar","v":"n"}," דקות"],"two":["ו-",{"t":"idOrVar","v":"n"}," דקות"]},"$x":[{"t":"idOrVar","v":"plural"},"n"]},{"$i":"nSpinnerSeconds","$v":{"few":[{"t":"idOrVar","v":"n"}," שניות"],"many":[{"t":"idOrVar","v":"n"}," שניות"],"one":"שנייה אחת","other":[{"t":"idOrVar","v":"n"}," שניות"],"two":[{"t":"idOrVar","v":"n"}," שניות"],"zero":"אפס שניות"},"$x":[{"t":"idOrVar","v":"plural"},"n"]},{"$i":"nSpinnerMinutes","$v":{"few":[{"t":"idOrVar","v":"n"}," דקות"],"many":[{"t":"idOrVar","v":"n"}," דקות"],"one":"דקה אחת","other":[{"t":"idOrVar","v":"n"}," דקות"],"two":[{"t":"idOrVar","v":"n"}," דקות"],"zero":"אפס דקות"},"$x":[{"t":"idOrVar","v":"plural"},"n"]},{"$i":"nSpinnerHours","$v":{"few":"שעתיים","many":[{"t":"idOrVar","v":"n"}," שעות"],"one":[{"t":"idOrVar","v":"n"}," שעה"],"other":[{"t":"idOrVar","v":"n"}," שעות"],"two":[{"t":"idOrVar","v":"n"}," שעות"],"zero":"אפס שעות"},"$x":[{"t":"idOrVar","v":"plural"},"n"]},{"$i":"kai-stop","$v":"עצור"},{"$i":"kai-snooze","$v":"נמנם"},{"$i":"ac_africa_ogg","$v":"אפריקה"},{"$i":"ac_amazon_ogg","$v":"אמזון"},{"$i":"ac_disco_ogg","$v":"דיסקו"},{"$i":"ac_fairy_tales_ogg","$v":"סיפורי פיות"},{"$i":"ac_fresh_ogg","$v":"רענן"},{"$i":"ac_galaxy_ogg","$v":"גלקסי"},{"$i":"ac_kai_ogg","$v":"קאי"},{"$i":"ac_techno_ogg","$v":"טכנו"},{"$i":"ac_woody_ogg","$v":"וודי"},{"$i":"ac_awake_opus","$v":"Awake"},{"$i":"ac_crystalize_opus","$v":"Crystallise"},{"$i":"ac_cycle_opus","$v":"Cycle"},{"$i":"ac_digicloud_opus","$v":"Digicloud"},{"$i":"ac_humming_waves_opus","$v":"Humming Waves"},{"$i":"ac_into_the_void_opus","$v":"Into the Void"},{"$i":"ac_lightly_opus","$v":"Lightly"},{"$i":"ac_mobile_opus","$v":"Mobile"},{"$i":"ac_pinger_opus","$v":"Pinger"},{"$i":"ac_skip_opus","$v":"Skip"},{"$i":"ac_tri_opus","$v":"Tri"},{"$i":"ac_universal_opus","$v":"Universal"},{"$i":"kai-options","$v":"אפשרויות"},{"$i":"kai-clock-title","$v":"שעון"},{"$i":"alarm-title","$v":"שעון מעורר"},{"$i":"no-alarms-body","$v":"לא נקבעו שעונים מעוררים. לחץ על שעון מעורר חדש כדי להתחיל."},{"$i":"kai-new-alarm","$v":"שעון מעורר חדש"},{"$i":"kai-settings","$v":"הגדרות"},{"$i":"kai-cancel","$v":"ביטול"},{"$i":"kai-save","$v":"שמור"},{"$i":"turnOn","$v":"הפעל"},{"$i":"turnOff","$v":"כבה"},{"$i":"edit","$v":"ערוך"},{"$i":"select","$v":"בחר"},{"$i":"kai-delete","$v":"מחק"},{"$i":"delete-all","$v":"מחק הכול"},{"$i":"kai-selected-alarm","$v":"שעון מעורר נבחר"},{"$i":"set","$v":"הגדר"},{"$i":"kai-start","$v":"התחל"},{"$i":"kai-reset","$v":"אפס"},{"$i":"kai-min-plus","$v":"+1 דקה"},{"$i":"kai-resume","$v":"חדש פעולה"},{"$i":"kai-lap","$v":"סבב"},{"$i":"play","$v":"נגן"},{"$i":"kai-no-repeat","$v":"ללא חזרה"},{"$i":"kai-confirm-title","$v":"אישור"},{"$i":"kai-confirm-delete-body","$v":"למחוק את ההתראה שנבחרה?"},{"$i":"confirm-delete-all-body","$v":"למחוק את כל ההתראות?"},{"$i":"kai-confirm-end-key-body","$v":{"$o":"היישום ייסגר עם אבדן נתונים. <br></br> האם ברצונך לשוב לעריכה?"}},{"$i":"kai-confirm-exit-button","$v":"יציאה"},{"$i":"kai-confirm-return-button","$v":"חזור"},{"$i":"weekday-0-long","$v":"ראשון"},{"$i":"weekday-1-long","$v":"שני"},{"$i":"weekday-2-long","$v":"שלישי"},{"$i":"weekday-3-long","$v":"רביעי"},{"$i":"weekday-4-long","$v":"חמישי"},{"$i":"weekday-5-long","$v":"שישי"},{"$i":"weekday-6-long","$v":"שבת"},{"$i":"weekday-0-short","$v":"א'"},{"$i":"weekday-1-short","$v":"ב'"},{"$i":"weekday-2-short","$v":"ג'"},{"$i":"weekday-3-short","$v":"ד'"},{"$i":"weekday-4-short","$v":"ה'"},{"$i":"weekday-5-short","$v":"ו'"},{"$i":"weekday-6-short","$v":"ש'"},{"$i":"month-0-long","$v":"ינואר"},{"$i":"month-1-long","$v":"פברואר"},{"$i":"month-2-long","$v":"מרץ"},{"$i":"month-3-long","$v":"אפריל"},{"$i":"month-4-long","$v":"מאי"},{"$i":"month-5-long","$v":"יוני"},{"$i":"month-6-long","$v":"יולי"},{"$i":"month-7-long","$v":"אוגוסט"},{"$i":"month-8-long","$v":"ספטמבר"},{"$i":"month-9-long","$v":"אוקטובר"},{"$i":"month-10-long","$v":"נובמבר"},{"$i":"month-11-long","$v":"דצמבר"},{"$i":"month-0-genitive","$v":"ינואר"},{"$i":"month-1-genitive","$v":"פברואר"},{"$i":"month-2-genitive","$v":"מרץ"},{"$i":"month-3-genitive","$v":"אפריל"},{"$i":"month-4-genitive","$v":"מאי"},{"$i":"month-5-genitive","$v":"יוני"},{"$i":"month-6-genitive","$v":"יולי"},{"$i":"month-7-genitive","$v":"אוגוסט"},{"$i":"month-8-genitive","$v":"ספטמבר"},{"$i":"month-9-genitive","$v":"אוקטובר"},{"$i":"month-10-genitive","$v":"נובמבר"},{"$i":"month-11-genitive","$v":"דצמבר"},{"$i":"month-0-short","$v":"ינו"},{"$i":"month-1-short","$v":"פבר"},{"$i":"month-2-short","$v":"מרץ"},{"$i":"month-3-short","$v":"אפר"},{"$i":"month-4-short","$v":"מאי"},{"$i":"month-5-short","$v":"יונ"},{"$i":"month-6-short","$v":"יול"},{"$i":"month-7-short","$v":"אוג"},{"$i":"month-8-short","$v":"ספט"},{"$i":"month-9-short","$v":"אוק"},{"$i":"month-10-short","$v":"נוב"},{"$i":"month-11-short","$v":"דצמ"},{"$i":"minutes-ago-long","$v":{"few":["לפני ",{"t":"idOrVar","v":"value"}," דקות"],"many":["לפני ",{"t":"idOrVar","v":"value"}," דקות"],"one":"לפני דקה","other":["לפני ",{"t":"idOrVar","v":"value"}," דקות"],"two":["לפני ",{"t":"idOrVar","v":"value"}," דקות"],"zero":"בדיוק כעת"},"$x":[{"t":"idOrVar","v":"plural"},"value"]},{"$i":"hours-ago-long","$v":{"few":["לפני ",{"t":"idOrVar","v":"value"}," שעות"],"many":["לפני ",{"t":"idOrVar","v":"value"}," שעות"],"one":"לפני שעה","other":["לפני ",{"t":"idOrVar","v":"value"}," שעות"],"two":["לפני ",{"t":"idOrVar","v":"value"}," שעות"],"zero":"בדיוק כעת"},"$x":[{"t":"idOrVar","v":"plural"},"value"]},{"$i":"days-ago-long","$v":{"few":["לפני ",{"t":"idOrVar","v":"value"}," ימים"],"many":["לפני ",{"t":"idOrVar","v":"value"}," ימים"],"one":"אתמול","other":["לפני ",{"t":"idOrVar","v":"value"}," ימים"],"two":["לפני ",{"t":"idOrVar","v":"value"}," ימים"],"zero":"היום"},"$x":[{"t":"idOrVar","v":"plural"},"value"]},{"$i":"weeks-ago-long","$v":{"few":["לפני ",{"t":"idOrVar","v":"value"}," שבועות"],"many":["לפני ",{"t":"idOrVar","v":"value"}," שבועות"],"one":"השבוע שעבר","other":["לפני ",{"t":"idOrVar","v":"value"}," שבועות"],"two":["לפני ",{"t":"idOrVar","v":"value"}," שבועות"],"zero":"השבוע"},"$x":[{"t":"idOrVar","v":"plural"},"value"]},{"$i":"months-ago-long","$v":{"few":["לפני ",{"t":"idOrVar","v":"value"}," חודשים"],"many":["לפני ",{"t":"idOrVar","v":"value"}," חודשים"],"one":"חודש האחרון","other":["לפני ",{"t":"idOrVar","v":"value"}," חודשים"],"two":["לפני ",{"t":"idOrVar","v":"value"}," חודשים"],"zero":"החודש"},"$x":[{"t":"idOrVar","v":"plural"},"value"]},{"$i":"years-ago-long","$v":{"few":["לפני ",{"t":"idOrVar","v":"value"}," שנים"],"many":["לפני ",{"t":"idOrVar","v":"value"}," שנים"],"one":"השנה שעברה","other":["לפני ",{"t":"idOrVar","v":"value"}," שנים"],"two":["לפני ",{"t":"idOrVar","v":"value"}," שנים"],"zero":"השנה"},"$x":[{"t":"idOrVar","v":"plural"},"value"]},{"$i":"minutes-until-long","$v":{"few":["בתוך ",{"t":"idOrVar","v":"value"}," דקות"],"many":["בתוך ",{"t":"idOrVar","v":"value"}," דקות"],"one":"בתוך דקה","other":["בתוך ",{"t":"idOrVar","v":"value"}," דקות"],"two":["בתוך ",{"t":"idOrVar","v":"value"}," דקות"],"zero":"כעת"},"$x":[{"t":"idOrVar","v":"plural"},"value"]},{"$i":"hours-until-long","$v":{"few":["בתוך ",{"t":"idOrVar","v":"value"}," שעות"],"many":["בתוך ",{"t":"idOrVar","v":"value"}," שעות"],"one":"בתוך שעה","other":["בתוך ",{"t":"idOrVar","v":"value"}," שעות"],"two":["בתוך ",{"t":"idOrVar","v":"value"}," שעות"],"zero":"כעת"},"$x":[{"t":"idOrVar","v":"plural"},"value"]},{"$i":"days-until-long","$v":{"few":["בתוך ",{"t":"idOrVar","v":"value"}," ימים"],"many":["בתוך ",{"t":"idOrVar","v":"value"}," ימים"],"one":"מחר","other":["בתוך ",{"t":"idOrVar","v":"value"}," ימים"],"two":["בתוך ",{"t":"idOrVar","v":"value"}," ימים"],"zero":"היום"},"$x":[{"t":"idOrVar","v":"plural"},"value"]},{"$i":"weeks-until-long","$v":{"few":["בתוך ",{"t":"idOrVar","v":"value"}," שבועות"],"many":["בתוך ",{"t":"idOrVar","v":"value"}," שבועות"],"one":"השבוע הבא","other":["בתוך ",{"t":"idOrVar","v":"value"}," שבועות"],"two":["בתוך ",{"t":"idOrVar","v":"value"}," שבועות"],"zero":"השבוע"},"$x":[{"t":"idOrVar","v":"plural"},"value"]},{"$i":"months-until-long","$v":{"few":["בתוך ",{"t":"idOrVar","v":"value"}," חודשים"],"many":["בתוך ",{"t":"idOrVar","v":"value"}," חודשים"],"one":"החודש הבא","other":["בתוך ",{"t":"idOrVar","v":"value"}," חודשים"],"two":["בתוך ",{"t":"idOrVar","v":"value"}," חודשים"],"zero":"החודש"},"$x":[{"t":"idOrVar","v":"plural"},"value"]},{"$i":"years-until-long","$v":{"few":["בתוך ",{"t":"idOrVar","v":"value"}," שנים"],"many":["בתוך ",{"t":"idOrVar","v":"value"}," שנים"],"one":"השנה הבאה","other":["בתוך ",{"t":"idOrVar","v":"value"}," שנים"],"two":["בתוך ",{"t":"idOrVar","v":"value"}," שנים"],"zero":"השנה"},"$x":[{"t":"idOrVar","v":"plural"},"value"]},{"$i":"minutes-ago-short","$v":{"other":[{"t":"idOrVar","v":"value"}," דק' לפני"],"zero":"בדיוק כעת"},"$x":[{"t":"idOrVar","v":"plural"},"value"]},{"$i":"hours-ago-short","$v":{"other":[{"t":"idOrVar","v":"value"}," שע' לפני"],"zero":"בדיוק כעת"},"$x":[{"t":"idOrVar","v":"plural"},"value"]},{"$i":"days-ago-short","$v":{"other":[{"t":"idOrVar","v":"value"}," ימים לפני"],"zero":"היום"},"$x":[{"t":"idOrVar","v":"plural"},"value"]},{"$i":"minutes-until-short","$v":{"other":["בתוך ",{"t":"idOrVar","v":"value"},"דקות"],"zero":"כעת"},"$x":[{"t":"idOrVar","v":"plural"},"value"]},{"$i":"hours-until-short","$v":{"other":["בתוך ",{"t":"idOrVar","v":"value"},"שעות"],"zero":"כעת"},"$x":[{"t":"idOrVar","v":"plural"},"value"]},{"$i":"days-until-short","$v":{"other":["בתוך ",{"t":"idOrVar","v":"value"},"ימים"],"zero":"היום"},"$x":[{"t":"idOrVar","v":"plural"},"value"]},{"$i":"incorrectDate","$v":"(תאריך שגוי)"},{"$i":"dateTimeFormat_%c","$v":"%a %b %e %Y %I:%M:%S %p"},{"$i":"dateTimeFormat_%x","$v":"%m/%d/%Y"},{"$i":"dateTimeFormat_%X","$v":"%I:%M:%S %p"},{"$i":"shortTimeFormat","$v":"%I:%M %p"},{"$i":"shortTimeFormat12","$v":"%I:%M %p"},{"$i":"shortTimeFormat24","$v":"%H:%M"},{"$i":"shortDateTimeFormat","$v":"%x %I:%M %p"},{"$i":"weekStartsOnMonday","$v":"0.0"},{"$i":"firstDayOfTheWeek","$v":"0.0"},{"$i":"time_am","$v":"בבוקר"},{"$i":"time_pm","$v":"אחר הצהריים"},{"$i":"softkey-options","$v":"אפשרויות"}]