[{"$i":"reset","$v":"Visszaállítás"},{"$i":"start","$v":"Indítás"},{"$i":"stop","$v":"Leállítás"},{"$i":"cancel","$v":"Mégse"},{"$i":"hour","$v":"Óra"},{"$i":"hours","$v":"Óra"},{"$i":"minute","$v":"Perc"},{"$i":"minutes","$v":"Perc"},{"$i":"second","$v":"Másodperc"},{"$i":"alarm","$v":"Riasztás"},{"$i":"alarm-name","placeholder":"Riasztás"},{"$i":"timer","$v":"Időzítő"},{"$i":"stopwatch","$v":"Stopperóra"},{"$i":"alarmName","$v":"Riasztás neve"},{"$i":"newAlarm","$v":"Új riasztás"},{"$i":"editAlarm","$v":"Riasztás szerkesztése"},{"$i":"tclSettings","$v":"Beállítások"},{"$i":"clock-settings","$v":"Órabeállítások"},{"$i":"alarms-maximum","$v":"Elérte a riasztások maximális számát."},{"$i":"laps-maximum","$v":"Elérte a körök maximális számát"},{"$i":"changes-saved","$v":"Módosítások elmentve."},{"$i":"pause","$v":"Szüneteltetés"},{"$i":"resume","$v":"Folytatás"},{"$i":"lap","$v":"Kör"},{"$i":"lap-number","$v":["Kör ",{"t":"idOrVar","v":"n"}]},{"$i":"timer-hour","$v":"Óra"},{"$i":"timer-min","$v":"Perc"},{"$i":"timer-sec","$v":"Másodperc"},{"$i":"delete","$v":"Törlés"},{"$i":"time","$v":"Idő"},{"$i":"snooze-label","$v":"Szundi"},{"$i":"snooze-button","$v":"Szundi"},{"$i":"repeat","$v":"Ismétlés"},{"$i":"vibrate","$v":"Rezgés"},{"$i":"close","$v":"Bezárás"},{"$i":"save","$v":"Mentés"},{"$i":"done","$v":"Kész"},{"$i":"kai-select-time","$v":"Idő kiválasztása"},{"$i":"closeButton","ariaLabel":"Bezárás"},{"$i":"newAlarmButton","ariaLabel":"Új riasztás"},{"$i":"alarm-volume-label","$v":"Rendszer riasztási hangereje"},{"$i":"kai-volume","$v":"Hangerő:"},{"$i":"volume-level-display","$v":[{"t":"idOrVar","v":"n"}," / ",{"t":"idOrVar","v":"c"}]},{"$i":"sound","$v":"Hang"},{"$i":"noSound","$v":"Hang nélkül"},{"$i":"kai-ringtones","$v":"Csengőhangok"},{"$i":"everyday","$v":"Naponta"},{"$i":"weekdays","$v":"Hétköznapokon"},{"$i":"weekends","$v":"Hétvégeken"},{"$i":"never","$v":"Soha"},{"$i":"vibrateOn","$v":"Be"},{"$i":"vibrateOff","$v":"Ki"},{"$i":"kai-on","$v":"Be"},{"$i":"kai-off","$v":"Ki"},{"$i":"plusMinute","$v":"+1 perc"},{"$i":"dateFormat","$v":"%A, %B %e"},{"$i":"countdown-lessThanAnHour","$v":["A riasztás mostantól számítva ",{"t":"idOrVar","v":"minutes"}," perc múlva kapcsol be."]},{"$i":"countdown-moreThanAnHour","$v":["A riasztás mostantól számítva ",{"t":"idOrVar","v":"hours"}," ",{"t":"idOrVar","v":"minutes"}," perc múlva kapcsol be."]},{"$i":"countdown-moreThanADay","$v":["A riasztás mostantól számítva ",{"t":"idOrVar","v":"days"}," nap, ",{"t":"idOrVar","v":"hours"}," óra múlva kapcsol be."]},{"$i":"kai-alarm-off","$v":"Riasztás kikapcsolva."},{"$i":"kai-alarm-deleted","$v":"Riasztás törölve."},{"$i":"alarm-delete-all","$v":"Az összes ébresztő törölve."},{"$i":"nMinutes","$v":{"few":[{"t":"idOrVar","v":"n"}," perc"],"many":[{"t":"idOrVar","v":"n"}," perc"],"one":"egy perc","other":[{"t":"idOrVar","v":"n"}," perc"],"two":[{"t":"idOrVar","v":"n"}," perc"],"zero":"kevesebb mint egy perc"},"$x":[{"t":"idOrVar","v":"plural"},"n"]},{"$i":"nHours","$v":{"few":[{"t":"idOrVar","v":"n"}," óra"],"many":[{"t":"idOrVar","v":"n"}," óra"],"one":[{"t":"idOrVar","v":"n"}," óra"],"other":[{"t":"idOrVar","v":"n"}," óra"],"two":[{"t":"idOrVar","v":"n"}," óra"]},"$x":[{"t":"idOrVar","v":"plural"},"n"]},{"$i":"nAndRemainHours","$v":{"few":["és ",{"t":"idOrVar","v":"n"}," óra"],"many":["és ",{"t":"idOrVar","v":"n"}," óra"],"one":["és ",{"t":"idOrVar","v":"n"}," óra"],"other":["és ",{"t":"idOrVar","v":"n"}," óra"],"two":["és ",{"t":"idOrVar","v":"n"}," óra"]},"$x":[{"t":"idOrVar","v":"plural"},"n"]},{"$i":"nRemainDays","$v":{"few":[{"t":"idOrVar","v":"n"}," nap"],"many":[{"t":"idOrVar","v":"n"}," nap"],"one":[{"t":"idOrVar","v":"n"}," nap"],"other":[{"t":"idOrVar","v":"n"}," nap"],"two":[{"t":"idOrVar","v":"n"}," nap"]},"$x":[{"t":"idOrVar","v":"plural"},"n"]},{"$i":"nRemainMinutes","$v":{"few":["és ",{"t":"idOrVar","v":"n"}," perc"],"many":["és ",{"t":"idOrVar","v":"n"}," perc"],"one":["és ",{"t":"idOrVar","v":"n"}," perc"],"other":["és ",{"t":"idOrVar","v":"n"}," perc"],"two":["és ",{"t":"idOrVar","v":"n"}," perc"]},"$x":[{"t":"idOrVar","v":"plural"},"n"]},{"$i":"nSpinnerSeconds","$v":{"few":[{"t":"idOrVar","v":"n"}," másodperc"],"many":[{"t":"idOrVar","v":"n"}," másodperc"],"one":"egy másodperc","other":[{"t":"idOrVar","v":"n"}," másodperc"],"two":[{"t":"idOrVar","v":"n"}," másodperc"],"zero":"nulla másodperc"},"$x":[{"t":"idOrVar","v":"plural"},"n"]},{"$i":"nSpinnerMinutes","$v":{"few":[{"t":"idOrVar","v":"n"}," perc"],"many":[{"t":"idOrVar","v":"n"}," perc"],"one":"egy perc","other":[{"t":"idOrVar","v":"n"}," perc"],"two":[{"t":"idOrVar","v":"n"}," perc"],"zero":"nulla perc"},"$x":[{"t":"idOrVar","v":"plural"},"n"]},{"$i":"nSpinnerHours","$v":{"few":[{"t":"idOrVar","v":"n"}," óra"],"many":[{"t":"idOrVar","v":"n"}," óra"],"one":[{"t":"idOrVar","v":"n"}," óra"],"other":[{"t":"idOrVar","v":"n"}," óra"],"two":[{"t":"idOrVar","v":"n"}," óra"],"zero":"nulla óra"},"$x":[{"t":"idOrVar","v":"plural"},"n"]},{"$i":"kai-stop","$v":"Leállítás"},{"$i":"kai-snooze","$v":"Szundi"},{"$i":"ac_africa_ogg","$v":"Afrika"},{"$i":"ac_amazon_ogg","$v":"Amazon"},{"$i":"ac_disco_ogg","$v":"Disco"},{"$i":"ac_fairy_tales_ogg","$v":"Fairy tales"},{"$i":"ac_fresh_ogg","$v":"Friss"},{"$i":"ac_galaxy_ogg","$v":"Galaxy"},{"$i":"ac_kai_ogg","$v":"Kai"},{"$i":"ac_techno_ogg","$v":"Techno"},{"$i":"ac_woody_ogg","$v":"Woody"},{"$i":"ac_awake_opus","$v":"Ébren"},{"$i":"ac_crystalize_opus","$v":"Crystalize"},{"$i":"ac_cycle_opus","$v":"Ciklus"},{"$i":"ac_digicloud_opus","$v":"Digicloud"},{"$i":"ac_humming_waves_opus","$v":"Humming Waves"},{"$i":"ac_into_the_void_opus","$v":"Into the Void"},{"$i":"ac_lightly_opus","$v":"Lightly"},{"$i":"ac_mobile_opus","$v":"Mobil"},{"$i":"ac_pinger_opus","$v":"Pinger"},{"$i":"ac_skip_opus","$v":"Skip"},{"$i":"ac_tri_opus","$v":"Tri"},{"$i":"ac_universal_opus","$v":"Univerzális"},{"$i":"kai-options","$v":"Opciók"},{"$i":"kai-clock-title","$v":"Óra"},{"$i":"alarm-title","$v":"Riasztás"},{"$i":"no-alarms-body","$v":"Nincsenek beállítva ébresztők. Nyomja meg az Új gombot a kezdéshez."},{"$i":"kai-new-alarm","$v":"Új"},{"$i":"kai-settings","$v":"Beállítások"},{"$i":"kai-cancel","$v":"Mégse"},{"$i":"kai-save","$v":"Mentés"},{"$i":"turnOn","$v":"Bekapcsolás"},{"$i":"turnOff","$v":"Kikapcsolás"},{"$i":"edit","$v":"Szerkesztés"},{"$i":"select","$v":"Kiválasztás"},{"$i":"kai-delete","$v":"Törlés"},{"$i":"delete-all","$v":"Összes törlése"},{"$i":"kai-selected-alarm","$v":"Kiválasztott riasztás"},{"$i":"set","$v":"Beállítás"},{"$i":"kai-start","$v":"Indítás"},{"$i":"kai-reset","$v":"Visszaállítás"},{"$i":"kai-min-plus","$v":"+1 perc"},{"$i":"kai-resume","$v":"Folytatás"},{"$i":"kai-lap","$v":"Kör"},{"$i":"play","$v":"Lejátszás"},{"$i":"kai-no-repeat","$v":"Nincs ismétlés"},{"$i":"kai-confirm-title","$v":"Megerősítés"},{"$i":"kai-confirm-delete-body","$v":"Törli a kiválasztott riasztást?"},{"$i":"confirm-delete-all-body","$v":"Törli az összes ébresztőt?"},{"$i":"kai-confirm-end-key-body","$v":{"$o":"Az alkalmazás adatvesztéssel bezárásra kerül. <br><br>  Vissza kíván térni a szerkesztéshez?"}},{"$i":"kai-confirm-exit-button","$v":"Kilépés"},{"$i":"kai-confirm-return-button","$v":"Vissza"},{"$i":"weekday-0-long","$v":"Vasárnap"},{"$i":"weekday-1-long","$v":"Hétfő"},{"$i":"weekday-2-long","$v":"Kedd"},{"$i":"weekday-3-long","$v":"Szerda"},{"$i":"weekday-4-long","$v":"Csütörtök"},{"$i":"weekday-5-long","$v":"Péntek"},{"$i":"weekday-6-long","$v":"Szombat"},{"$i":"weekday-0-short","$v":"Vas"},{"$i":"weekday-1-short","$v":"Hé."},{"$i":"weekday-2-short","$v":"Ke."},{"$i":"weekday-3-short","$v":"Sze."},{"$i":"weekday-4-short","$v":"Csü."},{"$i":"weekday-5-short","$v":"Pé."},{"$i":"weekday-6-short","$v":"Szo."},{"$i":"month-0-long","$v":"JANUÁR"},{"$i":"month-1-long","$v":"FEBRUÁR"},{"$i":"month-2-long","$v":"MÁRCIUS"},{"$i":"month-3-long","$v":"ÁPRILIS"},{"$i":"month-4-long","$v":"MÁJUS"},{"$i":"month-5-long","$v":"JÚNIUS"},{"$i":"month-6-long","$v":"JÚLIUS"},{"$i":"month-7-long","$v":"AUGUSZTUS"},{"$i":"month-8-long","$v":"SZEPTEMBER"},{"$i":"month-9-long","$v":"OKTÓBER"},{"$i":"month-10-long","$v":"NOVEMBER"},{"$i":"month-11-long","$v":"DECEMBER"},{"$i":"month-0-genitive","$v":"JANUÁR"},{"$i":"month-1-genitive","$v":"FEBRUÁR"},{"$i":"month-2-genitive","$v":"MÁRCIUS"},{"$i":"month-3-genitive","$v":"ÁPRILIS"},{"$i":"month-4-genitive","$v":"MÁJUS"},{"$i":"month-5-genitive","$v":"JÚNIUS"},{"$i":"month-6-genitive","$v":"JÚLIUS"},{"$i":"month-7-genitive","$v":"AUGUSZTUS"},{"$i":"month-8-genitive","$v":"SZEPTEMBER"},{"$i":"month-9-genitive","$v":"OKTÓBER"},{"$i":"month-10-genitive","$v":"NOVEMBER"},{"$i":"month-11-genitive","$v":"DECEMBER"},{"$i":"month-0-short","$v":"Jan."},{"$i":"month-1-short","$v":"Feb."},{"$i":"month-2-short","$v":"Már."},{"$i":"month-3-short","$v":"Ápr."},{"$i":"month-4-short","$v":"MÁJUS"},{"$i":"month-5-short","$v":"Jún."},{"$i":"month-6-short","$v":"Júl."},{"$i":"month-7-short","$v":"Aug."},{"$i":"month-8-short","$v":"Szep."},{"$i":"month-9-short","$v":"Okt."},{"$i":"month-10-short","$v":"Nov."},{"$i":"month-11-short","$v":"Dec."},{"$i":"minutes-ago-long","$v":{"few":[{"t":"idOrVar","v":"value"}," perccel ezelőtt"],"many":[{"t":"idOrVar","v":"value"}," perccel ezelőtt"],"one":"egy perccel ezelőtt","other":[{"t":"idOrVar","v":"value"}," perccel ezelőtt"],"two":[{"t":"idOrVar","v":"value"}," perccel ezelőtt"],"zero":"épp most"},"$x":[{"t":"idOrVar","v":"plural"},"value"]},{"$i":"hours-ago-long","$v":{"few":[{"t":"idOrVar","v":"value"}," órával ezelőtt"],"many":[{"t":"idOrVar","v":"value"}," órával ezelőtt"],"one":"egy órája","other":[{"t":"idOrVar","v":"value"}," órával ezelőtt"],"two":[{"t":"idOrVar","v":"value"}," órával ezelőtt"],"zero":"épp most"},"$x":[{"t":"idOrVar","v":"plural"},"value"]},{"$i":"days-ago-long","$v":{"few":[{"t":"idOrVar","v":"value"}," nappal ezelőtt"],"many":[{"t":"idOrVar","v":"value"}," nappal ezelőtt"],"one":"Tegnap","other":[{"t":"idOrVar","v":"value"}," nappal ezelőtt"],"two":[{"t":"idOrVar","v":"value"}," nappal ezelőtt"],"zero":"Ma"},"$x":[{"t":"idOrVar","v":"plural"},"value"]},{"$i":"weeks-ago-long","$v":{"few":[{"t":"idOrVar","v":"value"}," héttel ezelőtt"],"many":[{"t":"idOrVar","v":"value"}," héttel ezelőtt"],"one":"múlt héten","other":[{"t":"idOrVar","v":"value"}," héttel ezelőtt"],"two":[{"t":"idOrVar","v":"value"}," héttel ezelőtt"],"zero":"ezen a héten"},"$x":[{"t":"idOrVar","v":"plural"},"value"]},{"$i":"months-ago-long","$v":{"few":[{"t":"idOrVar","v":"value"}," hónappal ezelőtt"],"many":[{"t":"idOrVar","v":"value"}," hónappal ezelőtt"],"one":"Múlt hónapban","other":[{"t":"idOrVar","v":"value"}," hónappal ezelőtt"],"two":[{"t":"idOrVar","v":"value"}," hónappal ezelőtt"],"zero":"EBBEN A HÓNAPBAN"},"$x":[{"t":"idOrVar","v":"plural"},"value"]},{"$i":"years-ago-long","$v":{"few":[{"t":"idOrVar","v":"value"}," évvel ezelőtt"],"many":[{"t":"idOrVar","v":"value"}," évvel ezelőtt"],"one":"tavaly","other":[{"t":"idOrVar","v":"value"}," évvel ezelőtt"],"two":[{"t":"idOrVar","v":"value"}," évvel ezelőtt"],"zero":"idén"},"$x":[{"t":"idOrVar","v":"plural"},"value"]},{"$i":"minutes-until-long","$v":{"few":[{"t":"idOrVar","v":"value"}," perc múlva"],"many":[{"t":"idOrVar","v":"value"}," perc múlva"],"one":"egy perc múlva","other":[{"t":"idOrVar","v":"value"}," perc múlva"],"two":[{"t":"idOrVar","v":"value"}," perc múlva"],"zero":"most"},"$x":[{"t":"idOrVar","v":"plural"},"value"]},{"$i":"hours-until-long","$v":{"few":[{"t":"idOrVar","v":"value"}," óra múlva"],"many":[{"t":"idOrVar","v":"value"}," óra múlva"],"one":"egy órán múlva","other":[{"t":"idOrVar","v":"value"}," óra múlva"],"two":[{"t":"idOrVar","v":"value"}," óra múlva"],"zero":"most"},"$x":[{"t":"idOrVar","v":"plural"},"value"]},{"$i":"days-until-long","$v":{"few":[{"t":"idOrVar","v":"value"}," nap múlva"],"many":[{"t":"idOrVar","v":"value"}," nap múlva"],"one":"holnap","other":[{"t":"idOrVar","v":"value"}," nap múlva"],"two":[{"t":"idOrVar","v":"value"}," nap múlva"],"zero":"Ma"},"$x":[{"t":"idOrVar","v":"plural"},"value"]},{"$i":"weeks-until-long","$v":{"few":[{"t":"idOrVar","v":"value"}," hét múlva"],"many":[{"t":"idOrVar","v":"value"}," hét múlva"],"one":"jövő héten","other":[{"t":"idOrVar","v":"value"}," hét múlva"],"two":[{"t":"idOrVar","v":"value"}," hét múlva"],"zero":"ezen a héten"},"$x":[{"t":"idOrVar","v":"plural"},"value"]},{"$i":"months-until-long","$v":{"few":[{"t":"idOrVar","v":"value"}," hónap múlva"],"many":[{"t":"idOrVar","v":"value"}," hónap múlva"],"one":"következő hónapban","other":[{"t":"idOrVar","v":"value"}," hónap múlva"],"two":[{"t":"idOrVar","v":"value"}," hónap múlva"],"zero":"EBBEN A HÓNAPBAN"},"$x":[{"t":"idOrVar","v":"plural"},"value"]},{"$i":"years-until-long","$v":{"few":[{"t":"idOrVar","v":"value"}," év múlva"],"many":[{"t":"idOrVar","v":"value"}," év múlva"],"one":"jövő évben","other":[{"t":"idOrVar","v":"value"}," év múlva"],"two":[{"t":"idOrVar","v":"value"}," év múlva"],"zero":"idén"},"$x":[{"t":"idOrVar","v":"plural"},"value"]},{"$i":"minutes-ago-short","$v":{"other":[{"t":"idOrVar","v":"value"}," perccel ezelőtt"],"zero":"épp most"},"$x":[{"t":"idOrVar","v":"plural"},"value"]},{"$i":"hours-ago-short","$v":{"other":[{"t":"idOrVar","v":"value"}," órával ezelőtt"],"zero":"épp most"},"$x":[{"t":"idOrVar","v":"plural"},"value"]},{"$i":"days-ago-short","$v":{"other":[{"t":"idOrVar","v":"value"},"n ezelőtt"],"zero":"Ma"},"$x":[{"t":"idOrVar","v":"plural"},"value"]},{"$i":"minutes-until-short","$v":{"other":[{"t":"idOrVar","v":"value"}," percen belül"],"zero":"most"},"$x":[{"t":"idOrVar","v":"plural"},"value"]},{"$i":"hours-until-short","$v":{"other":[{"t":"idOrVar","v":"value"}," óra múlva"],"zero":"most"},"$x":[{"t":"idOrVar","v":"plural"},"value"]},{"$i":"days-until-short","$v":{"other":[{"t":"idOrVar","v":"value"}," nap múlva"],"zero":"Ma"},"$x":[{"t":"idOrVar","v":"plural"},"value"]},{"$i":"incorrectDate","$v":"(helytelen dátum)"},{"$i":"dateTimeFormat_%c","$v":"%a %b %e %Y %I:%M:%S %p"},{"$i":"dateTimeFormat_%x","$v":"%m/%d/%Y"},{"$i":"dateTimeFormat_%X","$v":"%I:%M:%S %p"},{"$i":"shortTimeFormat","$v":"%I:%M %p"},{"$i":"shortTimeFormat12","$v":"%I:%M %p"},{"$i":"shortTimeFormat24","$v":"%H:%M"},{"$i":"shortDateTimeFormat","$v":"%x %I:%M %p"},{"$i":"weekStartsOnMonday","$v":"0.0"},{"$i":"firstDayOfTheWeek","$v":"1.0"},{"$i":"time_am","$v":"de."},{"$i":"time_pm","$v":"du."},{"$i":"softkey-options","$v":"Opciók"}]