[{"$i":"reset","$v":"Reset"},{"$i":"start","$v":"Mulai"},{"$i":"stop","$v":"Berhenti"},{"$i":"cancel","$v":"Batal"},{"$i":"hour","$v":"Jam"},{"$i":"hours","$v":"Jam"},{"$i":"minute","$v":"Menit"},{"$i":"minutes","$v":"Menit"},{"$i":"second","$v":"Detik"},{"$i":"alarm","$v":"Alarm"},{"$i":"alarm-name","placeholder":"Alarm"},{"$i":"timer","$v":"Pengatur Waktu"},{"$i":"stopwatch","$v":"Stopwatch"},{"$i":"alarmName","$v":"Nama alarm"},{"$i":"newAlarm","$v":"Alarm baru"},{"$i":"editAlarm","$v":"Edit alarm"},{"$i":"tclSettings","$v":"Pengaturan"},{"$i":"clock-settings","$v":"Pengaturan Jam"},{"$i":"alarms-maximum","$v":"Anda telah mencapai jumlah maksimal alarm"},{"$i":"laps-maximum","$v":"Anda telah mencapai jumlah maksimal putaran"},{"$i":"changes-saved","$v":"Perubahan disimpan."},{"$i":"pause","$v":"Jeda"},{"$i":"resume","$v":"Lanjutkan"},{"$i":"lap","$v":"Putaran"},{"$i":"lap-number","$v":["Putaran ",{"t":"idOrVar","v":"n"}]},{"$i":"timer-hour","$v":"jam"},{"$i":"timer-min","$v":"menit"},{"$i":"timer-sec","$v":"detik"},{"$i":"delete","$v":"Hapus"},{"$i":"time","$v":"Waktu"},{"$i":"snooze-label","$v":"Tunda Alarm"},{"$i":"snooze-button","$v":"Tunda Alarm"},{"$i":"repeat","$v":"Ulangi"},{"$i":"vibrate","$v":"Getar"},{"$i":"close","$v":"Tutup"},{"$i":"save","$v":"Simpan"},{"$i":"done","$v":"Selesai"},{"$i":"kai-select-time","$v":"Pilih waktu"},{"$i":"closeButton","ariaLabel":"Tutup"},{"$i":"newAlarmButton","ariaLabel":"Alarm baru"},{"$i":"alarm-volume-label","$v":"Volume Alarm Sistem"},{"$i":"kai-volume","$v":"Volume:"},{"$i":"volume-level-display","$v":[{"t":"idOrVar","v":"n"}," / ",{"t":"idOrVar","v":"c"}]},{"$i":"sound","$v":"Suara"},{"$i":"noSound","$v":"Tanpa Suara"},{"$i":"kai-ringtones","$v":"Nada dering"},{"$i":"everyday","$v":"Setiap hari"},{"$i":"weekdays","$v":"Hari kerja"},{"$i":"weekends","$v":"Akhir Pekan"},{"$i":"never","$v":"Jangan pernah"},{"$i":"vibrateOn","$v":"Aktif"},{"$i":"vibrateOff","$v":"Mati"},{"$i":"kai-on","$v":"Aktif"},{"$i":"kai-off","$v":"Mati"},{"$i":"plusMinute","$v":"+1 Mnt"},{"$i":"dateFormat","$v":"%A, %B %e"},{"$i":"countdown-lessThanAnHour","$v":["Alarm ditetapkan selama ",{"t":"idOrVar","v":"minutes"}," dari sekarang."]},{"$i":"countdown-moreThanAnHour","$v":["Alarm ditetapkan selama ",{"t":"idOrVar","v":"hours"}," ",{"t":"idOrVar","v":"minutes"}," dari sekarang."]},{"$i":"countdown-moreThanADay","$v":["Alarm ditetapkan selama ",{"t":"idOrVar","v":"days"}," ",{"t":"idOrVar","v":"hours"}," dari sekarang."]},{"$i":"kai-alarm-off","$v":"Alarm dipadamkan."},{"$i":"kai-alarm-deleted","$v":"Alarm dihapuskan."},{"$i":"alarm-delete-all","$v":"Semua alarm dihapus."},{"$i":"nMinutes","$v":{"few":[{"t":"idOrVar","v":"n"}," menit"],"many":[{"t":"idOrVar","v":"n"}," menit"],"one":"satu menit","other":[{"t":"idOrVar","v":"n"}," menit"],"two":[{"t":"idOrVar","v":"n"}," menit"],"zero":"kurang dari semenit"},"$x":[{"t":"idOrVar","v":"plural"},"n"]},{"$i":"nHours","$v":{"few":[{"t":"idOrVar","v":"n"}," jam"],"many":[{"t":"idOrVar","v":"n"}," jam"],"one":[{"t":"idOrVar","v":"n"}," jam"],"other":[{"t":"idOrVar","v":"n"}," jam"],"two":[{"t":"idOrVar","v":"n"}," jam"]},"$x":[{"t":"idOrVar","v":"plural"},"n"]},{"$i":"nAndRemainHours","$v":{"few":["dan ",{"t":"idOrVar","v":"n"}," jam"],"many":["dan ",{"t":"idOrVar","v":"n"}," jam"],"one":["dan ",{"t":"idOrVar","v":"n"}," jam"],"other":["dan ",{"t":"idOrVar","v":"n"}," jam"],"two":["dan ",{"t":"idOrVar","v":"n"}," jam"]},"$x":[{"t":"idOrVar","v":"plural"},"n"]},{"$i":"nRemainDays","$v":{"few":[{"t":"idOrVar","v":"n"}," hari"],"many":[{"t":"idOrVar","v":"n"}," hari"],"one":[{"t":"idOrVar","v":"n"}," hari"],"other":[{"t":"idOrVar","v":"n"}," hari"],"two":[{"t":"idOrVar","v":"n"}," hari"]},"$x":[{"t":"idOrVar","v":"plural"},"n"]},{"$i":"nRemainMinutes","$v":{"few":["dan ",{"t":"idOrVar","v":"n"}," menit"],"many":["dan ",{"t":"idOrVar","v":"n"}," menit"],"one":["dan ",{"t":"idOrVar","v":"n"}," menit"],"other":["dan ",{"t":"idOrVar","v":"n"}," menit"],"two":["dan ",{"t":"idOrVar","v":"n"}," menit"]},"$x":[{"t":"idOrVar","v":"plural"},"n"]},{"$i":"nSpinnerSeconds","$v":{"few":[{"t":"idOrVar","v":"n"}," detik"],"many":[{"t":"idOrVar","v":"n"}," detik"],"one":"satu detik","other":[{"t":"idOrVar","v":"n"}," detik"],"two":[{"t":"idOrVar","v":"n"}," detik"],"zero":"nol detik"},"$x":[{"t":"idOrVar","v":"plural"},"n"]},{"$i":"nSpinnerMinutes","$v":{"few":[{"t":"idOrVar","v":"n"}," menit"],"many":[{"t":"idOrVar","v":"n"}," menit"],"one":"satu menit","other":[{"t":"idOrVar","v":"n"}," menit"],"two":[{"t":"idOrVar","v":"n"}," menit"],"zero":"nol menit"},"$x":[{"t":"idOrVar","v":"plural"},"n"]},{"$i":"nSpinnerHours","$v":{"few":[{"t":"idOrVar","v":"n"}," jam"],"many":[{"t":"idOrVar","v":"n"}," jam"],"one":[{"t":"idOrVar","v":"n"}," jam"],"other":[{"t":"idOrVar","v":"n"}," jam"],"two":[{"t":"idOrVar","v":"n"}," jam"],"zero":"nol jam"},"$x":[{"t":"idOrVar","v":"plural"},"n"]},{"$i":"kai-stop","$v":"Berhenti"},{"$i":"kai-snooze","$v":"Tunda Alarm"},{"$i":"ac_africa_ogg","$v":"Afrika"},{"$i":"ac_amazon_ogg","$v":"Amazon"},{"$i":"ac_disco_ogg","$v":"Disco"},{"$i":"ac_fairy_tales_ogg","$v":"Fairy tales"},{"$i":"ac_fresh_ogg","$v":"Fresh"},{"$i":"ac_galaxy_ogg","$v":"Galaxy"},{"$i":"ac_kai_ogg","$v":"Kai"},{"$i":"ac_techno_ogg","$v":"Techno"},{"$i":"ac_woody_ogg","$v":"Woody"},{"$i":"ac_awake_opus","$v":"Terjaga"},{"$i":"ac_crystalize_opus","$v":"Kristalisasi"},{"$i":"ac_cycle_opus","$v":"Siklus"},{"$i":"ac_digicloud_opus","$v":"Digicloud"},{"$i":"ac_humming_waves_opus","$v":"Gelombang Dengung"},{"$i":"ac_into_the_void_opus","$v":"Ke Dalam Kekosongan"},{"$i":"ac_lightly_opus","$v":"Ringan"},{"$i":"ac_mobile_opus","$v":"Seluler"},{"$i":"ac_pinger_opus","$v":"Pinger"},{"$i":"ac_skip_opus","$v":"Lewati"},{"$i":"ac_tri_opus","$v":"Tri"},{"$i":"ac_universal_opus","$v":"Universal"},{"$i":"kai-options","$v":"Opsi"},{"$i":"kai-clock-title","$v":"Jam"},{"$i":"alarm-title","$v":"Alarm"},{"$i":"no-alarms-body","$v":"Alarm belum ditetapkan. Tekan Baru untuk memulai."},{"$i":"kai-new-alarm","$v":"Baru"},{"$i":"kai-settings","$v":"Pengaturan"},{"$i":"kai-cancel","$v":"Batal"},{"$i":"kai-save","$v":"Simpan"},{"$i":"turnOn","$v":"Nyalakan"},{"$i":"turnOff","$v":"Matikan"},{"$i":"edit","$v":"Edit"},{"$i":"select","$v":"Pilih"},{"$i":"kai-delete","$v":"Hapus"},{"$i":"delete-all","$v":"Hapus semua"},{"$i":"kai-selected-alarm","$v":"Alarm yang dipilih"},{"$i":"set","$v":"Tetapkan"},{"$i":"kai-start","$v":"Mulai"},{"$i":"kai-reset","$v":"Reset"},{"$i":"kai-min-plus","$v":"+1 Mnt"},{"$i":"kai-resume","$v":"Lanjutkan"},{"$i":"kai-lap","$v":"Putaran"},{"$i":"play","$v":"Putar"},{"$i":"kai-no-repeat","$v":"Tanpa Pengulangan"},{"$i":"kai-confirm-title","$v":"Konfirmasi"},{"$i":"kai-confirm-delete-body","$v":"Hapus alarm yang dipilih?"},{"$i":"confirm-delete-all-body","$v":"Hapus semua alarm?"},{"$i":"kai-confirm-end-key-body","$v":{"$o":"Aplikasi akan ditutup dengan kehilangan data. <br><br> Apakah Anda ingin kembali ke pengeditan?"}},{"$i":"kai-confirm-exit-button","$v":"Keluar"},{"$i":"kai-confirm-return-button","$v":"Kembali"},{"$i":"weekday-0-long","$v":"Minggu"},{"$i":"weekday-1-long","$v":"Senin"},{"$i":"weekday-2-long","$v":"Selasa"},{"$i":"weekday-3-long","$v":"Rabu"},{"$i":"weekday-4-long","$v":"Kamis"},{"$i":"weekday-5-long","$v":"Jumat"},{"$i":"weekday-6-long","$v":"Sabtu"},{"$i":"weekday-0-short","$v":"Min"},{"$i":"weekday-1-short","$v":"Sen"},{"$i":"weekday-2-short","$v":"Sel"},{"$i":"weekday-3-short","$v":"Rab"},{"$i":"weekday-4-short","$v":"Kam"},{"$i":"weekday-5-short","$v":"Jum"},{"$i":"weekday-6-short","$v":"Sab"},{"$i":"month-0-long","$v":"Januari"},{"$i":"month-1-long","$v":"Februari"},{"$i":"month-2-long","$v":"Maret"},{"$i":"month-3-long","$v":"April"},{"$i":"month-4-long","$v":"Mei"},{"$i":"month-5-long","$v":"Juni"},{"$i":"month-6-long","$v":"Juli"},{"$i":"month-7-long","$v":"Agustus"},{"$i":"month-8-long","$v":"September"},{"$i":"month-9-long","$v":"Oktober"},{"$i":"month-10-long","$v":"November"},{"$i":"month-11-long","$v":"Desember"},{"$i":"month-0-genitive","$v":"Januari"},{"$i":"month-1-genitive","$v":"Februari"},{"$i":"month-2-genitive","$v":"Maret"},{"$i":"month-3-genitive","$v":"April"},{"$i":"month-4-genitive","$v":"Mei"},{"$i":"month-5-genitive","$v":"Juni"},{"$i":"month-6-genitive","$v":"Juli"},{"$i":"month-7-genitive","$v":"Agustus"},{"$i":"month-8-genitive","$v":"September"},{"$i":"month-9-genitive","$v":"Oktober"},{"$i":"month-10-genitive","$v":"November"},{"$i":"month-11-genitive","$v":"Desember"},{"$i":"month-0-short","$v":"Jan"},{"$i":"month-1-short","$v":"Feb"},{"$i":"month-2-short","$v":"Mar"},{"$i":"month-3-short","$v":"Apr"},{"$i":"month-4-short","$v":"Mei"},{"$i":"month-5-short","$v":"Jun"},{"$i":"month-6-short","$v":"Jul"},{"$i":"month-7-short","$v":"Agt"},{"$i":"month-8-short","$v":"Sep"},{"$i":"month-9-short","$v":"Okt"},{"$i":"month-10-short","$v":"Nov"},{"$i":"month-11-short","$v":"Des"},{"$i":"minutes-ago-long","$v":{"few":[{"t":"idOrVar","v":"value"}," menit yang lalu"],"many":[{"t":"idOrVar","v":"value"}," menit yang lalu"],"one":"semenit yang lalu","other":[{"t":"idOrVar","v":"value"}," menit yang lalu"],"two":[{"t":"idOrVar","v":"value"}," menit yang lalu"],"zero":"baru saja"},"$x":[{"t":"idOrVar","v":"plural"},"value"]},{"$i":"hours-ago-long","$v":{"few":[{"t":"idOrVar","v":"value"}," jam yang lalu"],"many":[{"t":"idOrVar","v":"value"}," jam yang lalu"],"one":"sejam yang lalu","other":[{"t":"idOrVar","v":"value"}," jam yang lalu"],"two":[{"t":"idOrVar","v":"value"}," jam yang lalu"],"zero":"baru saja"},"$x":[{"t":"idOrVar","v":"plural"},"value"]},{"$i":"days-ago-long","$v":{"few":[{"t":"idOrVar","v":"value"}," hari yang lalu"],"many":[{"t":"idOrVar","v":"value"}," hari yang lalu"],"one":"kemarin","other":[{"t":"idOrVar","v":"value"}," hari yang lalu"],"two":[{"t":"idOrVar","v":"value"}," hari yang lalu"],"zero":"hari ini"},"$x":[{"t":"idOrVar","v":"plural"},"value"]},{"$i":"weeks-ago-long","$v":{"few":[{"t":"idOrVar","v":"value"}," pekan yang lalu"],"many":[{"t":"idOrVar","v":"value"}," pekan yang lalu"],"one":"pekan lalu","other":[{"t":"idOrVar","v":"value"}," pekan yang lalu"],"two":[{"t":"idOrVar","v":"value"}," pekan yang lalu"],"zero":"pekan ini"},"$x":[{"t":"idOrVar","v":"plural"},"value"]},{"$i":"months-ago-long","$v":{"few":[{"t":"idOrVar","v":"value"}," bulan yang lalu"],"many":[{"t":"idOrVar","v":"value"}," bulan yang lalu"],"one":"bulan lalu","other":[{"t":"idOrVar","v":"value"}," bulan yang lalu"],"two":[{"t":"idOrVar","v":"value"}," bulan yang lalu"],"zero":"bulan ini"},"$x":[{"t":"idOrVar","v":"plural"},"value"]},{"$i":"years-ago-long","$v":{"few":[{"t":"idOrVar","v":"value"}," tahun yang lalu"],"many":[{"t":"idOrVar","v":"value"}," tahun yang lalu"],"one":"tahun lalu","other":[{"t":"idOrVar","v":"value"}," tahun yang lalu"],"two":[{"t":"idOrVar","v":"value"}," tahun yang lalu"],"zero":"tahun ini"},"$x":[{"t":"idOrVar","v":"plural"},"value"]},{"$i":"minutes-until-long","$v":{"few":["dalam ",{"t":"idOrVar","v":"value"}," menit"],"many":["dalam ",{"t":"idOrVar","v":"value"}," menit"],"one":"dalam satu menit","other":["dalam ",{"t":"idOrVar","v":"value"}," menit"],"two":["dalam ",{"t":"idOrVar","v":"value"}," menit"],"zero":"sekarang"},"$x":[{"t":"idOrVar","v":"plural"},"value"]},{"$i":"hours-until-long","$v":{"few":["dalam ",{"t":"idOrVar","v":"value"}," jam"],"many":["dalam ",{"t":"idOrVar","v":"value"}," jam"],"one":"dalam satu jam","other":["dalam ",{"t":"idOrVar","v":"value"}," jam"],"two":["dalam ",{"t":"idOrVar","v":"value"}," jam"],"zero":"sekarang"},"$x":[{"t":"idOrVar","v":"plural"},"value"]},{"$i":"days-until-long","$v":{"few":["dalam ",{"t":"idOrVar","v":"value"}," hari"],"many":["dalam ",{"t":"idOrVar","v":"value"}," hari"],"one":"besok","other":["dalam ",{"t":"idOrVar","v":"value"}," hari"],"two":["dalam ",{"t":"idOrVar","v":"value"}," hari"],"zero":"hari ini"},"$x":[{"t":"idOrVar","v":"plural"},"value"]},{"$i":"weeks-until-long","$v":{"few":["dalam ",{"t":"idOrVar","v":"value"}," pekan"],"many":["dalam ",{"t":"idOrVar","v":"value"}," pekan"],"one":"pekan depan","other":["dalam ",{"t":"idOrVar","v":"value"}," pekan"],"two":["dalam ",{"t":"idOrVar","v":"value"}," pekan"],"zero":"pekan ini"},"$x":[{"t":"idOrVar","v":"plural"},"value"]},{"$i":"months-until-long","$v":{"few":["dalam ",{"t":"idOrVar","v":"value"}," bulan"],"many":["dalam ",{"t":"idOrVar","v":"value"}," bulan"],"one":"bulan depan","other":["dalam ",{"t":"idOrVar","v":"value"}," bulan"],"two":["dalam ",{"t":"idOrVar","v":"value"}," bulan"],"zero":"bulan ini"},"$x":[{"t":"idOrVar","v":"plural"},"value"]},{"$i":"years-until-long","$v":{"few":["dalam ",{"t":"idOrVar","v":"value"}," tahun"],"many":["dalam ",{"t":"idOrVar","v":"value"}," tahun"],"one":"tahun depan","other":["dalam ",{"t":"idOrVar","v":"value"}," tahun"],"two":["dalam ",{"t":"idOrVar","v":"value"}," tahun"],"zero":"tahun ini"},"$x":[{"t":"idOrVar","v":"plural"},"value"]},{"$i":"minutes-ago-short","$v":{"other":[{"t":"idOrVar","v":"value"},"menit yang lalu"],"zero":"baru saja"},"$x":[{"t":"idOrVar","v":"plural"},"value"]},{"$i":"hours-ago-short","$v":{"other":[{"t":"idOrVar","v":"value"},"j yang lalu"],"zero":"baru saja"},"$x":[{"t":"idOrVar","v":"plural"},"value"]},{"$i":"days-ago-short","$v":{"other":[{"t":"idOrVar","v":"value"},"h yang lalu"],"zero":"hari ini"},"$x":[{"t":"idOrVar","v":"plural"},"value"]},{"$i":"minutes-until-short","$v":{"other":["dalam ",{"t":"idOrVar","v":"value"},"m"],"zero":"sekarang"},"$x":[{"t":"idOrVar","v":"plural"},"value"]},{"$i":"hours-until-short","$v":{"other":["dalam ",{"t":"idOrVar","v":"value"},"j"],"zero":"sekarang"},"$x":[{"t":"idOrVar","v":"plural"},"value"]},{"$i":"days-until-short","$v":{"other":["dalam ",{"t":"idOrVar","v":"value"},"h"],"zero":"hari ini"},"$x":[{"t":"idOrVar","v":"plural"},"value"]},{"$i":"incorrectDate","$v":"(tanggal salah)"},{"$i":"dateTimeFormat_%c","$v":"%a %b %e %Y %I:%M:%S %p"},{"$i":"dateTimeFormat_%x","$v":"%m/%d/%Y"},{"$i":"dateTimeFormat_%X","$v":"%I:%M:%S %p"},{"$i":"shortTimeFormat","$v":"%I:%M %p"},{"$i":"shortTimeFormat12","$v":"%I:%M %p"},{"$i":"shortTimeFormat24","$v":"%H:%M"},{"$i":"shortDateTimeFormat","$v":"%x %I:%M %p"},{"$i":"weekStartsOnMonday","$v":"0.0"},{"$i":"firstDayOfTheWeek","$v":"0.0"},{"$i":"time_am","$v":"AM"},{"$i":"time_pm","$v":"PM"},{"$i":"softkey-options","$v":"Opsi"}]