[{"$i":"reset","$v":"Núllstilla"},{"$i":"start","$v":"Byrja"},{"$i":"stop","$v":"Stöðva"},{"$i":"cancel","$v":"H. við"},{"$i":"hour","$v":"Klst."},{"$i":"hours","$v":"Klst."},{"$i":"minute","$v":"Mín."},{"$i":"minutes","$v":"Mínútur"},{"$i":"second","$v":"Sek."},{"$i":"alarm","$v":"Vekjari"},{"$i":"alarm-name","placeholder":"Vekjari"},{"$i":"timer","$v":"Teljari"},{"$i":"stopwatch","$v":"Skeiðklukka"},{"$i":"alarmName","$v":"Vekjaraheiti"},{"$i":"newAlarm","$v":"Nýr vekjari"},{"$i":"editAlarm","$v":"Br. vekj."},{"$i":"tclSettings","$v":"Still."},{"$i":"clock-settings","$v":"Still. klukku"},{"$i":"alarms-maximum","$v":"Hámarksfjölda vekjara er náð"},{"$i":"laps-maximum","$v":"Hámarksfjölda hringja er náð"},{"$i":"changes-saved","$v":"Breyt. vist."},{"$i":"pause","$v":"Gera hlé"},{"$i":"resume","$v":"Halda áfram"},{"$i":"lap","$v":"Hringur"},{"$i":"lap-number","$v":["Hringur ",{"t":"idOrVar","v":"n"}]},{"$i":"timer-hour","$v":"klst."},{"$i":"timer-min","$v":"mínúta"},{"$i":"timer-sec","$v":"sekúnda"},{"$i":"delete","$v":"Eyða"},{"$i":"time","$v":"Tími"},{"$i":"snooze-label","$v":"Blunda"},{"$i":"snooze-button","$v":"Blunda"},{"$i":"repeat","$v":"Endurtaka"},{"$i":"vibrate","$v":"Titra"},{"$i":"close","$v":"Loka"},{"$i":"save","$v":"Vista"},{"$i":"done","$v":"Lokið"},{"$i":"kai-select-time","$v":"Velja tíma"},{"$i":"closeButton","ariaLabel":"Loka"},{"$i":"newAlarmButton","ariaLabel":"Nýr vekjari"},{"$i":"alarm-volume-label","$v":"Hljóðst. kerfisáminn."},{"$i":"kai-volume","$v":"Hljóðst.:"},{"$i":"volume-level-display","$v":[{"t":"idOrVar","v":"n"}," / ",{"t":"idOrVar","v":"c"}]},{"$i":"sound","$v":"Hljóð"},{"$i":"noSound","$v":"Ekkert hljóð"},{"$i":"kai-ringtones","$v":"Hringitónar"},{"$i":"everyday","$v":"Alla daga"},{"$i":"weekdays","$v":"Virka daga"},{"$i":"weekends","$v":"Helgar"},{"$i":"never","$v":"Aldrei"},{"$i":"vibrateOn","$v":"Kveikt"},{"$i":"vibrateOff","$v":"Slökkt"},{"$i":"kai-on","$v":"Kv."},{"$i":"kai-off","$v":"Slökkt"},{"$i":"plusMinute","$v":"+1 mín."},{"$i":"dateFormat","$v":"%A, %B %e"},{"$i":"countdown-lessThanAnHour","$v":["Vekjarinn hringir eftir ",{"t":"idOrVar","v":"minutes"},"."]},{"$i":"countdown-moreThanAnHour","$v":["Vekjarinn hringir eftir ",{"t":"idOrVar","v":"hours"}," og ",{"t":"idOrVar","v":"minutes"},"."]},{"$i":"countdown-moreThanADay","$v":["Vekjarinn hringir eftir ",{"t":"idOrVar","v":"days"}," og ",{"t":"idOrVar","v":"hours"},"."]},{"$i":"kai-alarm-off","$v":"Sl. á vekjara."},{"$i":"kai-alarm-deleted","$v":"Vekjara eytt."},{"$i":"alarm-delete-all","$v":"Öll viðvörun hefur verið eytt."},{"$i":"nMinutes","$v":{"few":[{"t":"idOrVar","v":"n"}," mín."],"many":[{"t":"idOrVar","v":"n"}," mín."],"one":"ein mínúta","other":[{"t":"idOrVar","v":"n"}," mín."],"two":[{"t":"idOrVar","v":"n"}," mín."],"zero":"innan við mínúta"},"$x":[{"t":"idOrVar","v":"plural"},"n"]},{"$i":"nHours","$v":{"few":[{"t":"idOrVar","v":"n"}," klst."],"many":[{"t":"idOrVar","v":"n"}," klst."],"one":[{"t":"idOrVar","v":"n"}," klst."],"other":[{"t":"idOrVar","v":"n"}," klst."],"two":[{"t":"idOrVar","v":"n"}," klst."]},"$x":[{"t":"idOrVar","v":"plural"},"n"]},{"$i":"nAndRemainHours","$v":{"few":["og ",{"t":"idOrVar","v":"n"}," klst."],"many":["og ",{"t":"idOrVar","v":"n"}," klst."],"one":["og ",{"t":"idOrVar","v":"n"}," klst."],"other":["og ",{"t":"idOrVar","v":"n"}," klst."],"two":["og ",{"t":"idOrVar","v":"n"}," klst."]},"$x":[{"t":"idOrVar","v":"plural"},"n"]},{"$i":"nRemainDays","$v":{"few":[{"t":"idOrVar","v":"n"}," dagar"],"many":[{"t":"idOrVar","v":"n"}," dagar"],"one":[{"t":"idOrVar","v":"n"}," dagur"],"other":[{"t":"idOrVar","v":"n"}," dagar"],"two":[{"t":"idOrVar","v":"n"}," dagar"]},"$x":[{"t":"idOrVar","v":"plural"},"n"]},{"$i":"nRemainMinutes","$v":{"few":["og ",{"t":"idOrVar","v":"n"}," mín."],"many":["og ",{"t":"idOrVar","v":"n"}," mín."],"one":["og ",{"t":"idOrVar","v":"n"}," mín."],"other":["og ",{"t":"idOrVar","v":"n"}," mín."],"two":["og ",{"t":"idOrVar","v":"n"}," mín."]},"$x":[{"t":"idOrVar","v":"plural"},"n"]},{"$i":"nSpinnerSeconds","$v":{"few":[{"t":"idOrVar","v":"n"}," sek."],"many":[{"t":"idOrVar","v":"n"}," sek."],"one":"ein sekúnda","other":[{"t":"idOrVar","v":"n"}," sek."],"two":[{"t":"idOrVar","v":"n"}," sek."],"zero":"engar sek."},"$x":[{"t":"idOrVar","v":"plural"},"n"]},{"$i":"nSpinnerMinutes","$v":{"few":[{"t":"idOrVar","v":"n"}," mín."],"many":[{"t":"idOrVar","v":"n"}," mín."],"one":"ein mínúta","other":[{"t":"idOrVar","v":"n"}," mín."],"two":[{"t":"idOrVar","v":"n"}," mín."],"zero":"engar mín."},"$x":[{"t":"idOrVar","v":"plural"},"n"]},{"$i":"nSpinnerHours","$v":{"few":[{"t":"idOrVar","v":"n"}," klst."],"many":[{"t":"idOrVar","v":"n"}," klst."],"one":[{"t":"idOrVar","v":"n"}," klst."],"other":[{"t":"idOrVar","v":"n"}," klst."],"two":[{"t":"idOrVar","v":"n"}," klst."],"zero":"engar klst."},"$x":[{"t":"idOrVar","v":"plural"},"n"]},{"$i":"kai-stop","$v":"Stöðva"},{"$i":"kai-snooze","$v":"Blunda"},{"$i":"ac_africa_ogg","$v":"Afríka"},{"$i":"ac_amazon_ogg","$v":"Amason"},{"$i":"ac_disco_ogg","$v":"Diskó"},{"$i":"ac_fairy_tales_ogg","$v":"Ævintýri"},{"$i":"ac_fresh_ogg","$v":"Ferskt"},{"$i":"ac_galaxy_ogg","$v":"Vetrarbraut"},{"$i":"ac_kai_ogg","$v":"Kai"},{"$i":"ac_techno_ogg","$v":"Teknó"},{"$i":"ac_woody_ogg","$v":"Woody"},{"$i":"ac_awake_opus","$v":"Awake"},{"$i":"ac_crystalize_opus","$v":"Crystallise"},{"$i":"ac_cycle_opus","$v":"Cycle"},{"$i":"ac_digicloud_opus","$v":"Digicloud"},{"$i":"ac_humming_waves_opus","$v":"Humming Waves"},{"$i":"ac_into_the_void_opus","$v":"Into the Void"},{"$i":"ac_lightly_opus","$v":"Lightly"},{"$i":"ac_mobile_opus","$v":"Mobile"},{"$i":"ac_pinger_opus","$v":"Pinger"},{"$i":"ac_skip_opus","$v":"Skip"},{"$i":"ac_tri_opus","$v":"Tri"},{"$i":"ac_universal_opus","$v":"Universal"},{"$i":"kai-options","$v":"Valkostir"},{"$i":"kai-clock-title","$v":"Klukka"},{"$i":"alarm-title","$v":"Vekjari"},{"$i":"no-alarms-body","$v":"Engir vekjarar stilltir. Ýttu á \"\"Nýr vekjari\"\" til að hefjast handa"},{"$i":"kai-new-alarm","$v":"Nýr vekjari"},{"$i":"kai-settings","$v":"Stillingar"},{"$i":"kai-cancel","$v":"Hætta við"},{"$i":"kai-save","$v":"Vista"},{"$i":"turnOn","$v":"Kveikja"},{"$i":"turnOff","$v":"Slökkva"},{"$i":"edit","$v":"Breyta"},{"$i":"select","$v":"Velja"},{"$i":"kai-delete","$v":"Eyða"},{"$i":"delete-all","$v":"Eyða öllu"},{"$i":"kai-selected-alarm","$v":"Valinn vekjari"},{"$i":"set","$v":"Stilla"},{"$i":"kai-start","$v":"Byrja"},{"$i":"kai-reset","$v":"Núllst."},{"$i":"kai-min-plus","$v":"+1 mín."},{"$i":"kai-resume","$v":"Halda áfram"},{"$i":"kai-lap","$v":"Hringur"},{"$i":"play","$v":"Spila"},{"$i":"kai-no-repeat","$v":"Engin endurtekning"},{"$i":"kai-confirm-title","$v":"Staðfesting"},{"$i":"kai-confirm-delete-body","$v":"Eyða völdum vekjara?"},{"$i":"confirm-delete-all-body","$v":"Eyða öllum viðvörunum?"},{"$i":"kai-confirm-end-key-body","$v":{"$o":"Forritinu verður lokað og gögn tapast. <br></br> Viltu fara til baka til að breyta?"}},{"$i":"kai-confirm-exit-button","$v":"Hætta"},{"$i":"kai-confirm-return-button","$v":"Fara til baka"},{"$i":"weekday-0-long","$v":"Sunnudagur"},{"$i":"weekday-1-long","$v":"Mánudagur"},{"$i":"weekday-2-long","$v":"Þriðjudagur"},{"$i":"weekday-3-long","$v":"Miðvikudagur"},{"$i":"weekday-4-long","$v":"Fimmtudagur"},{"$i":"weekday-5-long","$v":"Föstudagur"},{"$i":"weekday-6-long","$v":"Laugardagur"},{"$i":"weekday-0-short","$v":"Sun."},{"$i":"weekday-1-short","$v":"Mán."},{"$i":"weekday-2-short","$v":"Þri."},{"$i":"weekday-3-short","$v":"Mið."},{"$i":"weekday-4-short","$v":"Fim."},{"$i":"weekday-5-short","$v":"Fös."},{"$i":"weekday-6-short","$v":"Lau."},{"$i":"month-0-long","$v":"Janúar"},{"$i":"month-1-long","$v":"Febrúar"},{"$i":"month-2-long","$v":"Mars"},{"$i":"month-3-long","$v":"Apríl"},{"$i":"month-4-long","$v":"Maí"},{"$i":"month-5-long","$v":"Júní"},{"$i":"month-6-long","$v":"Júlí"},{"$i":"month-7-long","$v":"Ágúst"},{"$i":"month-8-long","$v":"September"},{"$i":"month-9-long","$v":"Október"},{"$i":"month-10-long","$v":"Nóvember"},{"$i":"month-11-long","$v":"Desember"},{"$i":"month-0-genitive","$v":"Janúar"},{"$i":"month-1-genitive","$v":"Febrúar"},{"$i":"month-2-genitive","$v":"Mars"},{"$i":"month-3-genitive","$v":"Apríl"},{"$i":"month-4-genitive","$v":"Maí"},{"$i":"month-5-genitive","$v":"Júní"},{"$i":"month-6-genitive","$v":"Júlí"},{"$i":"month-7-genitive","$v":"Ágúst"},{"$i":"month-8-genitive","$v":"September"},{"$i":"month-9-genitive","$v":"Október"},{"$i":"month-10-genitive","$v":"Nóvember"},{"$i":"month-11-genitive","$v":"Desember"},{"$i":"month-0-short","$v":"Jan."},{"$i":"month-1-short","$v":"Feb."},{"$i":"month-2-short","$v":"Mar."},{"$i":"month-3-short","$v":"Apr."},{"$i":"month-4-short","$v":"Maí"},{"$i":"month-5-short","$v":"Jún."},{"$i":"month-6-short","$v":"Júl."},{"$i":"month-7-short","$v":"Ágú."},{"$i":"month-8-short","$v":"Sep."},{"$i":"month-9-short","$v":"Okt."},{"$i":"month-10-short","$v":"Nóv."},{"$i":"month-11-short","$v":"Des."},{"$i":"minutes-ago-long","$v":{"few":["Fyrir ",{"t":"idOrVar","v":"value"}," mín."],"many":["Fyrir ",{"t":"idOrVar","v":"value"}," mín."],"one":"fyrir mínútu","other":["Fyrir ",{"t":"idOrVar","v":"value"}," mín."],"two":["Fyrir ",{"t":"idOrVar","v":"value"}," mín."],"zero":"rétt í þessu"},"$x":[{"t":"idOrVar","v":"plural"},"value"]},{"$i":"hours-ago-long","$v":{"few":["Fyrir ",{"t":"idOrVar","v":"value"}," klst."],"many":["Fyrir ",{"t":"idOrVar","v":"value"}," klst."],"one":"fyrir klst.","other":["Fyrir ",{"t":"idOrVar","v":"value"}," klst."],"two":["Fyrir ",{"t":"idOrVar","v":"value"}," klst."],"zero":"rétt í þessu"},"$x":[{"t":"idOrVar","v":"plural"},"value"]},{"$i":"days-ago-long","$v":{"few":["Fyrir ",{"t":"idOrVar","v":"value"}," dögum"],"many":["Fyrir ",{"t":"idOrVar","v":"value"}," dögum"],"one":"í gær","other":["Fyrir ",{"t":"idOrVar","v":"value"}," dögum"],"two":["Fyrir ",{"t":"idOrVar","v":"value"}," dögum"],"zero":"í dag"},"$x":[{"t":"idOrVar","v":"plural"},"value"]},{"$i":"weeks-ago-long","$v":{"few":["Fyrir ",{"t":"idOrVar","v":"value"}," vikum"],"many":["Fyrir ",{"t":"idOrVar","v":"value"}," vikum"],"one":"í síð. viku","other":["Fyrir ",{"t":"idOrVar","v":"value"}," vikum"],"two":["Fyrir ",{"t":"idOrVar","v":"value"}," vikum"],"zero":"í þessari viku"},"$x":[{"t":"idOrVar","v":"plural"},"value"]},{"$i":"months-ago-long","$v":{"few":["Fyrir ",{"t":"idOrVar","v":"value"}," mánuðum"],"many":["Fyrir ",{"t":"idOrVar","v":"value"}," mánuðum"],"one":"í síð. mán.","other":["Fyrir ",{"t":"idOrVar","v":"value"}," mánuðum"],"two":["Fyrir ",{"t":"idOrVar","v":"value"}," mánuðum"],"zero":"í þessum mán."},"$x":[{"t":"idOrVar","v":"plural"},"value"]},{"$i":"years-ago-long","$v":{"few":["Fyrir ",{"t":"idOrVar","v":"value"}," árum"],"many":["Fyrir ",{"t":"idOrVar","v":"value"}," árum"],"one":"á síð. ári","other":["Fyrir ",{"t":"idOrVar","v":"value"}," árum"],"two":["Fyrir ",{"t":"idOrVar","v":"value"}," árum"],"zero":"á þessu ári"},"$x":[{"t":"idOrVar","v":"plural"},"value"]},{"$i":"minutes-until-long","$v":{"few":["eftir ",{"t":"idOrVar","v":"value"}," mín."],"many":["eftir ",{"t":"idOrVar","v":"value"}," mín."],"one":"eftir eina mín.","other":["eftir ",{"t":"idOrVar","v":"value"}," mín."],"two":["eftir ",{"t":"idOrVar","v":"value"}," mín."],"zero":"núna"},"$x":[{"t":"idOrVar","v":"plural"},"value"]},{"$i":"hours-until-long","$v":{"few":["eftir ",{"t":"idOrVar","v":"value"}," klst."],"many":["eftir ",{"t":"idOrVar","v":"value"}," klst."],"one":"eftir eina klst.","other":["eftir ",{"t":"idOrVar","v":"value"}," klst."],"two":["eftir ",{"t":"idOrVar","v":"value"}," klst."],"zero":"núna"},"$x":[{"t":"idOrVar","v":"plural"},"value"]},{"$i":"days-until-long","$v":{"few":["eftir ",{"t":"idOrVar","v":"value"}," daga"],"many":["eftir ",{"t":"idOrVar","v":"value"}," daga"],"one":"á morgun","other":["eftir ",{"t":"idOrVar","v":"value"}," daga"],"two":["eftir ",{"t":"idOrVar","v":"value"}," daga"],"zero":"í dag"},"$x":[{"t":"idOrVar","v":"plural"},"value"]},{"$i":"weeks-until-long","$v":{"few":["eftir ",{"t":"idOrVar","v":"value"}," vikur"],"many":["eftir ",{"t":"idOrVar","v":"value"}," vikur"],"one":"í næstu viku","other":["eftir ",{"t":"idOrVar","v":"value"}," vikur"],"two":["eftir ",{"t":"idOrVar","v":"value"}," vikur"],"zero":"í þessari viku"},"$x":[{"t":"idOrVar","v":"plural"},"value"]},{"$i":"months-until-long","$v":{"few":["eftir ",{"t":"idOrVar","v":"value"}," mán."],"many":["eftir ",{"t":"idOrVar","v":"value"}," mán."],"one":"í næsta mán.","other":["eftir ",{"t":"idOrVar","v":"value"}," mán."],"two":["eftir ",{"t":"idOrVar","v":"value"}," mán."],"zero":"í þessum mán."},"$x":[{"t":"idOrVar","v":"plural"},"value"]},{"$i":"years-until-long","$v":{"few":["eftir ",{"t":"idOrVar","v":"value"}," ár"],"many":["eftir ",{"t":"idOrVar","v":"value"}," ár"],"one":"á næsta ári","other":["eftir ",{"t":"idOrVar","v":"value"}," ár"],"two":["eftir ",{"t":"idOrVar","v":"value"}," ár"],"zero":"á þessu ári"},"$x":[{"t":"idOrVar","v":"plural"},"value"]},{"$i":"minutes-ago-short","$v":{"other":["Fyrir ",{"t":"idOrVar","v":"value"}," m."],"zero":"rétt í þessu"},"$x":[{"t":"idOrVar","v":"plural"},"value"]},{"$i":"hours-ago-short","$v":{"other":["Fyrir ",{"t":"idOrVar","v":"value"}," k."],"zero":"rétt í þessu"},"$x":[{"t":"idOrVar","v":"plural"},"value"]},{"$i":"days-ago-short","$v":{"other":["Fyrir ",{"t":"idOrVar","v":"value"}," d."],"zero":"í dag"},"$x":[{"t":"idOrVar","v":"plural"},"value"]},{"$i":"minutes-until-short","$v":{"other":["eftir ",{"t":"idOrVar","v":"value"}," m"],"zero":"núna"},"$x":[{"t":"idOrVar","v":"plural"},"value"]},{"$i":"hours-until-short","$v":{"other":["eftir ",{"t":"idOrVar","v":"value"}," k"],"zero":"núna"},"$x":[{"t":"idOrVar","v":"plural"},"value"]},{"$i":"days-until-short","$v":{"other":["eftir ",{"t":"idOrVar","v":"value"}," d"],"zero":"í dag"},"$x":[{"t":"idOrVar","v":"plural"},"value"]},{"$i":"incorrectDate","$v":"(röng dags.)"},{"$i":"dateTimeFormat_%c","$v":"%a %b %e %Y %I:%M:%S %p"},{"$i":"dateTimeFormat_%x","$v":"%m/%d/%Y"},{"$i":"dateTimeFormat_%X","$v":"%I:%M:%S %p"},{"$i":"shortTimeFormat","$v":"%I:%M %p"},{"$i":"shortTimeFormat12","$v":"%I:%M %p"},{"$i":"shortTimeFormat24","$v":"%H:%M"},{"$i":"shortDateTimeFormat","$v":"%x %I:%M %p"},{"$i":"weekStartsOnMonday","$v":"0.0"},{"$i":"firstDayOfTheWeek","$v":"1.0"},{"$i":"time_am","$v":"f.h."},{"$i":"time_pm","$v":"e.h."},{"$i":"softkey-options","$v":"Valkostir"}]