[{"$i":"reset","$v":"Reimposta"},{"$i":"start","$v":"Avvia"},{"$i":"stop","$v":"Interrompi"},{"$i":"cancel","$v":"Annulla"},{"$i":"hour","$v":"Ora"},{"$i":"hours","$v":"Ore"},{"$i":"minute","$v":"Minuto"},{"$i":"minutes","$v":"Minuti"},{"$i":"second","$v":"Secondo"},{"$i":"alarm","$v":"Allarme"},{"$i":"alarm-name","placeholder":"Allarme"},{"$i":"timer","$v":"Timer"},{"$i":"stopwatch","$v":"Cronometro"},{"$i":"alarmName","$v":"Nome allarme"},{"$i":"newAlarm","$v":"Nuovo allarme"},{"$i":"editAlarm","$v":"Modifica allarme"},{"$i":"tclSettings","$v":"Impostazioni"},{"$i":"clock-settings","$v":"Impostazioni orologio"},{"$i":"alarms-maximum","$v":"È stato raggiunto il numero massimo di allarmi"},{"$i":"laps-maximum","$v":"È stato raggiunto il numero massimo di giri"},{"$i":"changes-saved","$v":"Modifiche salvate."},{"$i":"pause","$v":"Pausa"},{"$i":"resume","$v":"Riprendi"},{"$i":"lap","$v":"Giro"},{"$i":"lap-number","$v":["Giro ",{"t":"idOrVar","v":"n"}]},{"$i":"timer-hour","$v":"ora"},{"$i":"timer-min","$v":"minuto"},{"$i":"timer-sec","$v":"secondo"},{"$i":"delete","$v":"Elimina"},{"$i":"time","$v":"Ora"},{"$i":"snooze-label","$v":"Posponi"},{"$i":"snooze-button","$v":"Posponi"},{"$i":"repeat","$v":"Ripeti"},{"$i":"vibrate","$v":"Vibrazione"},{"$i":"close","$v":"Chiudi"},{"$i":"save","$v":"Salva"},{"$i":"done","$v":"Fine"},{"$i":"kai-select-time","$v":"Seleziona ora"},{"$i":"closeButton","ariaLabel":"Chiudi"},{"$i":"newAlarmButton","ariaLabel":"Nuovo allarme"},{"$i":"alarm-volume-label","$v":"Volume allarme di sistema"},{"$i":"kai-volume","$v":"Volume:"},{"$i":"volume-level-display","$v":[{"t":"idOrVar","v":"n"}," / ",{"t":"idOrVar","v":"c"}]},{"$i":"sound","$v":"Suono"},{"$i":"noSound","$v":"Nessun suono"},{"$i":"kai-ringtones","$v":"Suonerie"},{"$i":"everyday","$v":"Ogni giorno"},{"$i":"weekdays","$v":"Giorni della settimana"},{"$i":"weekends","$v":"Fine settimana"},{"$i":"never","$v":"Mai"},{"$i":"vibrateOn","$v":"Attivata"},{"$i":"vibrateOff","$v":"Disattivata"},{"$i":"kai-on","$v":"Attivato"},{"$i":"kai-off","$v":"Disattivato"},{"$i":"plusMinute","$v":"+1 minuto"},{"$i":"dateFormat","$v":"%A, %B %e"},{"$i":"countdown-lessThanAnHour","$v":["L'allarme è impostato per suonare tra ",{"t":"idOrVar","v":"minutes"}," a partire da adesso."]},{"$i":"countdown-moreThanAnHour","$v":["L'allarme è impostato per suonare tra ",{"t":"idOrVar","v":"hours"}," ",{"t":"idOrVar","v":"minutes"}," a partire da adesso."]},{"$i":"countdown-moreThanADay","$v":["L'allarme è impostato per suonare tra ",{"t":"idOrVar","v":"days"}," ",{"t":"idOrVar","v":"hours"}," a partire da adesso."]},{"$i":"kai-alarm-off","$v":"Allarme disattivato."},{"$i":"kai-alarm-deleted","$v":"Allarme eliminato."},{"$i":"alarm-delete-all","$v":"Tutti gli allarmi sono stati eliminati."},{"$i":"nMinutes","$v":{"few":[{"t":"idOrVar","v":"n"}," minuti"],"many":[{"t":"idOrVar","v":"n"}," minuti"],"one":"un minuto","other":[{"t":"idOrVar","v":"n"}," minuti"],"two":[{"t":"idOrVar","v":"n"}," minuti"],"zero":"meno di un minuto"},"$x":[{"t":"idOrVar","v":"plural"},"n"]},{"$i":"nHours","$v":{"few":[{"t":"idOrVar","v":"n"}," ore"],"many":[{"t":"idOrVar","v":"n"}," ore"],"one":[{"t":"idOrVar","v":"n"}," ora"],"other":[{"t":"idOrVar","v":"n"}," ore"],"two":[{"t":"idOrVar","v":"n"}," ore"]},"$x":[{"t":"idOrVar","v":"plural"},"n"]},{"$i":"nAndRemainHours","$v":{"few":["e ",{"t":"idOrVar","v":"n"}," ore"],"many":["e ",{"t":"idOrVar","v":"n"}," ore"],"one":["e ",{"t":"idOrVar","v":"n"}," ora"],"other":["e ",{"t":"idOrVar","v":"n"}," ore"],"two":["e ",{"t":"idOrVar","v":"n"}," ore"]},"$x":[{"t":"idOrVar","v":"plural"},"n"]},{"$i":"nRemainDays","$v":{"few":[{"t":"idOrVar","v":"n"}," giorni"],"many":[{"t":"idOrVar","v":"n"}," giorni"],"one":[{"t":"idOrVar","v":"n"}," giorno"],"other":[{"t":"idOrVar","v":"n"}," giorni"],"two":[{"t":"idOrVar","v":"n"}," giorni"]},"$x":[{"t":"idOrVar","v":"plural"},"n"]},{"$i":"nRemainMinutes","$v":{"few":["e ",{"t":"idOrVar","v":"n"}," minuti"],"many":["e ",{"t":"idOrVar","v":"n"}," minuti"],"one":["e ",{"t":"idOrVar","v":"n"}," minuto"],"other":["e ",{"t":"idOrVar","v":"n"}," minuti"],"two":["e ",{"t":"idOrVar","v":"n"}," minuti"]},"$x":[{"t":"idOrVar","v":"plural"},"n"]},{"$i":"nSpinnerSeconds","$v":{"few":[{"t":"idOrVar","v":"n"}," secondi"],"many":[{"t":"idOrVar","v":"n"}," secondi"],"one":"un secondo","other":[{"t":"idOrVar","v":"n"}," secondi"],"two":[{"t":"idOrVar","v":"n"}," secondi"],"zero":"zero secondi"},"$x":[{"t":"idOrVar","v":"plural"},"n"]},{"$i":"nSpinnerMinutes","$v":{"few":[{"t":"idOrVar","v":"n"}," minuti"],"many":[{"t":"idOrVar","v":"n"}," minuti"],"one":"un minuto","other":[{"t":"idOrVar","v":"n"}," minuti"],"two":[{"t":"idOrVar","v":"n"}," minuti"],"zero":"zero minuti"},"$x":[{"t":"idOrVar","v":"plural"},"n"]},{"$i":"nSpinnerHours","$v":{"few":[{"t":"idOrVar","v":"n"}," ore"],"many":[{"t":"idOrVar","v":"n"}," ore"],"one":[{"t":"idOrVar","v":"n"}," ora"],"other":[{"t":"idOrVar","v":"n"}," ore"],"two":[{"t":"idOrVar","v":"n"}," ore"],"zero":"zero ore"},"$x":[{"t":"idOrVar","v":"plural"},"n"]},{"$i":"kai-stop","$v":"Interrompi"},{"$i":"kai-snooze","$v":"Posponi"},{"$i":"ac_africa_ogg","$v":"Africa"},{"$i":"ac_amazon_ogg","$v":"Amazon"},{"$i":"ac_disco_ogg","$v":"Disco"},{"$i":"ac_fairy_tales_ogg","$v":"Fairy tales"},{"$i":"ac_fresh_ogg","$v":"Fresh"},{"$i":"ac_galaxy_ogg","$v":"Galaxy"},{"$i":"ac_kai_ogg","$v":"Kai"},{"$i":"ac_techno_ogg","$v":"Techno"},{"$i":"ac_woody_ogg","$v":"Woody"},{"$i":"ac_awake_opus","$v":"Awake"},{"$i":"ac_crystalize_opus","$v":"Crystalize"},{"$i":"ac_cycle_opus","$v":"Cycle"},{"$i":"ac_digicloud_opus","$v":"Digicloud"},{"$i":"ac_humming_waves_opus","$v":"Humming Waves"},{"$i":"ac_into_the_void_opus","$v":"Into the Void"},{"$i":"ac_lightly_opus","$v":"Lightly"},{"$i":"ac_mobile_opus","$v":"Mobile"},{"$i":"ac_pinger_opus","$v":"Pinger"},{"$i":"ac_skip_opus","$v":"Skip"},{"$i":"ac_tri_opus","$v":"Tri"},{"$i":"ac_universal_opus","$v":"Universal"},{"$i":"kai-options","$v":"Opzioni"},{"$i":"kai-clock-title","$v":"Orologio"},{"$i":"alarm-title","$v":"Allarme"},{"$i":"no-alarms-body","$v":"Nessun allarme impostato. Premere Nuovo per iniziare."},{"$i":"kai-new-alarm","$v":"Nuovo"},{"$i":"kai-settings","$v":"Impostazioni"},{"$i":"kai-cancel","$v":"Annulla"},{"$i":"kai-save","$v":"Salva"},{"$i":"turnOn","$v":"Attiva"},{"$i":"turnOff","$v":"Disattiva"},{"$i":"edit","$v":"Modifica"},{"$i":"select","$v":"Seleziona"},{"$i":"kai-delete","$v":"Elimina"},{"$i":"delete-all","$v":"Elimina tutto"},{"$i":"kai-selected-alarm","$v":"Allarme selezionato"},{"$i":"set","$v":"Imposta"},{"$i":"kai-start","$v":"Avvia"},{"$i":"kai-reset","$v":"Reimposta"},{"$i":"kai-min-plus","$v":"+ 1 Min"},{"$i":"kai-resume","$v":"Riprendi"},{"$i":"kai-lap","$v":"Giro"},{"$i":"play","$v":"Riproduci"},{"$i":"kai-no-repeat","$v":"Nessuna ripetizione"},{"$i":"kai-confirm-title","$v":"Conferma"},{"$i":"kai-confirm-delete-body","$v":"Eliminare l'allarme selezionato?"},{"$i":"confirm-delete-all-body","$v":"Eliminare tutti gli allarmi?"},{"$i":"kai-confirm-end-key-body","$v":{"$o":"I dati andranno persi alla chiusura dell'applicazione. <br><br> Ritornare alla modifica?"}},{"$i":"kai-confirm-exit-button","$v":"Esci"},{"$i":"kai-confirm-return-button","$v":"Indietro"},{"$i":"weekday-0-long","$v":"Domenica"},{"$i":"weekday-1-long","$v":"Lunedì"},{"$i":"weekday-2-long","$v":"Martedì"},{"$i":"weekday-3-long","$v":"Mercoledì"},{"$i":"weekday-4-long","$v":"Giovedì"},{"$i":"weekday-5-long","$v":"Venerdì"},{"$i":"weekday-6-long","$v":"Sabato"},{"$i":"weekday-0-short","$v":"Dom"},{"$i":"weekday-1-short","$v":"Lun"},{"$i":"weekday-2-short","$v":"Mar"},{"$i":"weekday-3-short","$v":"Mer"},{"$i":"weekday-4-short","$v":"Gio"},{"$i":"weekday-5-short","$v":"Ven"},{"$i":"weekday-6-short","$v":"Sab"},{"$i":"month-0-long","$v":"Gennaio"},{"$i":"month-1-long","$v":"Febbraio"},{"$i":"month-2-long","$v":"Marzo"},{"$i":"month-3-long","$v":"Aprile"},{"$i":"month-4-long","$v":"Maggio"},{"$i":"month-5-long","$v":"Giugno"},{"$i":"month-6-long","$v":"Luglio"},{"$i":"month-7-long","$v":"Agosto"},{"$i":"month-8-long","$v":"Settembre"},{"$i":"month-9-long","$v":"Ottobre"},{"$i":"month-10-long","$v":"Novembre"},{"$i":"month-11-long","$v":"Dicembre"},{"$i":"month-0-genitive","$v":"Gennaio"},{"$i":"month-1-genitive","$v":"Febbraio"},{"$i":"month-2-genitive","$v":"Marzo"},{"$i":"month-3-genitive","$v":"Aprile"},{"$i":"month-4-genitive","$v":"Maggio"},{"$i":"month-5-genitive","$v":"Giugno"},{"$i":"month-6-genitive","$v":"Luglio"},{"$i":"month-7-genitive","$v":"Agosto"},{"$i":"month-8-genitive","$v":"Settembre"},{"$i":"month-9-genitive","$v":"Ottobre"},{"$i":"month-10-genitive","$v":"Novembre"},{"$i":"month-11-genitive","$v":"Dicembre"},{"$i":"month-0-short","$v":"Gen"},{"$i":"month-1-short","$v":"Feb"},{"$i":"month-2-short","$v":"Mar"},{"$i":"month-3-short","$v":"Apr"},{"$i":"month-4-short","$v":"Mag"},{"$i":"month-5-short","$v":"Giu"},{"$i":"month-6-short","$v":"Lug"},{"$i":"month-7-short","$v":"Ago"},{"$i":"month-8-short","$v":"Set"},{"$i":"month-9-short","$v":"Ott"},{"$i":"month-10-short","$v":"Nov"},{"$i":"month-11-short","$v":"Dic"},{"$i":"minutes-ago-long","$v":{"few":[{"t":"idOrVar","v":"value"}," minuti fa"],"many":[{"t":"idOrVar","v":"value"}," minuti fa"],"one":"un minuto fa","other":[{"t":"idOrVar","v":"value"}," minuti fa"],"two":[{"t":"idOrVar","v":"value"}," minuti fa"],"zero":"adesso"},"$x":[{"t":"idOrVar","v":"plural"},"value"]},{"$i":"hours-ago-long","$v":{"few":[{"t":"idOrVar","v":"value"}," ore fa"],"many":[{"t":"idOrVar","v":"value"}," ore fa"],"one":"un'ora fa","other":[{"t":"idOrVar","v":"value"}," ore fa"],"two":[{"t":"idOrVar","v":"value"}," ore fa"],"zero":"adesso"},"$x":[{"t":"idOrVar","v":"plural"},"value"]},{"$i":"days-ago-long","$v":{"few":[{"t":"idOrVar","v":"value"}," giorni fa"],"many":[{"t":"idOrVar","v":"value"}," giorni fa"],"one":"ieri","other":[{"t":"idOrVar","v":"value"}," giorni fa"],"two":[{"t":"idOrVar","v":"value"}," giorni fa"],"zero":"oggi"},"$x":[{"t":"idOrVar","v":"plural"},"value"]},{"$i":"weeks-ago-long","$v":{"few":[{"t":"idOrVar","v":"value"}," settimane fa"],"many":[{"t":"idOrVar","v":"value"}," settimane fa"],"one":"una settimana fa","other":[{"t":"idOrVar","v":"value"}," settimane fa"],"two":[{"t":"idOrVar","v":"value"}," settimane fa"],"zero":"questa settimana"},"$x":[{"t":"idOrVar","v":"plural"},"value"]},{"$i":"months-ago-long","$v":{"few":[{"t":"idOrVar","v":"value"}," mesi fa"],"many":[{"t":"idOrVar","v":"value"}," mesi fa"],"one":"un mese fa","other":[{"t":"idOrVar","v":"value"}," mesi fa"],"two":[{"t":"idOrVar","v":"value"}," mesi fa"],"zero":"questo mese"},"$x":[{"t":"idOrVar","v":"plural"},"value"]},{"$i":"years-ago-long","$v":{"few":[{"t":"idOrVar","v":"value"}," anni fa"],"many":[{"t":"idOrVar","v":"value"}," anni fa"],"one":"un anno fa","other":[{"t":"idOrVar","v":"value"}," anni fa"],"two":[{"t":"idOrVar","v":"value"}," anni fa"],"zero":"quest'anno"},"$x":[{"t":"idOrVar","v":"plural"},"value"]},{"$i":"minutes-until-long","$v":{"few":["tra ",{"t":"idOrVar","v":"value"}," minuti"],"many":["tra ",{"t":"idOrVar","v":"value"}," minuti"],"one":"tra un minuto","other":["tra ",{"t":"idOrVar","v":"value"}," minuti"],"two":["tra ",{"t":"idOrVar","v":"value"}," minuti"],"zero":"ora"},"$x":[{"t":"idOrVar","v":"plural"},"value"]},{"$i":"hours-until-long","$v":{"few":["tra ",{"t":"idOrVar","v":"value"}," ore"],"many":["tra ",{"t":"idOrVar","v":"value"}," ore"],"one":"tra un'ora","other":["tra ",{"t":"idOrVar","v":"value"}," ore"],"two":["tra ",{"t":"idOrVar","v":"value"}," ore"],"zero":"ora"},"$x":[{"t":"idOrVar","v":"plural"},"value"]},{"$i":"days-until-long","$v":{"few":["tra ",{"t":"idOrVar","v":"value"}," giorni"],"many":["tra ",{"t":"idOrVar","v":"value"}," giorni"],"one":"domani","other":["tra ",{"t":"idOrVar","v":"value"}," giorni"],"two":["tra ",{"t":"idOrVar","v":"value"}," giorni"],"zero":"oggi"},"$x":[{"t":"idOrVar","v":"plural"},"value"]},{"$i":"weeks-until-long","$v":{"few":["tra ",{"t":"idOrVar","v":"value"}," settimane"],"many":["tra ",{"t":"idOrVar","v":"value"}," settimane"],"one":"tra una settimana","other":["tra ",{"t":"idOrVar","v":"value"}," settimane"],"two":["tra ",{"t":"idOrVar","v":"value"}," settimane"],"zero":"questa settimana"},"$x":[{"t":"idOrVar","v":"plural"},"value"]},{"$i":"months-until-long","$v":{"few":["tra ",{"t":"idOrVar","v":"value"}," mesi"],"many":["tra ",{"t":"idOrVar","v":"value"}," mesi"],"one":"tra un mese","other":["tra ",{"t":"idOrVar","v":"value"}," mesi"],"two":["tra ",{"t":"idOrVar","v":"value"}," mesi"],"zero":"questo mese"},"$x":[{"t":"idOrVar","v":"plural"},"value"]},{"$i":"years-until-long","$v":{"few":["tra ",{"t":"idOrVar","v":"value"}," anni"],"many":["tra ",{"t":"idOrVar","v":"value"}," anni"],"one":"tra un anno","other":["tra ",{"t":"idOrVar","v":"value"}," anni"],"two":["tra ",{"t":"idOrVar","v":"value"}," anni"],"zero":"quest'anno"},"$x":[{"t":"idOrVar","v":"plural"},"value"]},{"$i":"minutes-ago-short","$v":{"other":[{"t":"idOrVar","v":"value"}," m fa"],"zero":"adesso"},"$x":[{"t":"idOrVar","v":"plural"},"value"]},{"$i":"hours-ago-short","$v":{"other":[{"t":"idOrVar","v":"value"}," h fa"],"zero":"adesso"},"$x":[{"t":"idOrVar","v":"plural"},"value"]},{"$i":"days-ago-short","$v":{"other":[{"t":"idOrVar","v":"value"}," g fa"],"zero":"oggi"},"$x":[{"t":"idOrVar","v":"plural"},"value"]},{"$i":"minutes-until-short","$v":{"other":["tra ",{"t":"idOrVar","v":"value"}," m"],"zero":"ora"},"$x":[{"t":"idOrVar","v":"plural"},"value"]},{"$i":"hours-until-short","$v":{"other":["tra ",{"t":"idOrVar","v":"value"}," h"],"zero":"ora"},"$x":[{"t":"idOrVar","v":"plural"},"value"]},{"$i":"days-until-short","$v":{"other":["tra ",{"t":"idOrVar","v":"value"}," g"],"zero":"oggi"},"$x":[{"t":"idOrVar","v":"plural"},"value"]},{"$i":"incorrectDate","$v":"(data errata)"},{"$i":"dateTimeFormat_%c","$v":"%a %b %e %Y %I:%M:%S %p"},{"$i":"dateTimeFormat_%x","$v":"%m/%d/%Y"},{"$i":"dateTimeFormat_%X","$v":"%I:%M:%S %p"},{"$i":"shortTimeFormat","$v":"%I:%M %p"},{"$i":"shortTimeFormat12","$v":"%I:%M %p"},{"$i":"shortTimeFormat24","$v":"%H:%M"},{"$i":"shortDateTimeFormat","$v":"%x %I:%M %p"},{"$i":"weekStartsOnMonday","$v":"0.0"},{"$i":"firstDayOfTheWeek","$v":"1.0"},{"$i":"time_am","$v":"AM"},{"$i":"time_pm","$v":"PM"},{"$i":"softkey-options","$v":"Opzioni"}]