[{"$i":"reset","$v":"გადაყენება"},{"$i":"start","$v":"დაწყება"},{"$i":"stop","$v":"გაჩერება"},{"$i":"cancel","$v":"გაუქმება"},{"$i":"hour","$v":"სთ"},{"$i":"hours","$v":"სთ-ები"},{"$i":"minute","$v":"წუთი"},{"$i":"minutes","$v":"წუთები"},{"$i":"second","$v":"წამი"},{"$i":"alarm","$v":"მაღვიძარა"},{"$i":"alarm-name","placeholder":"მაღვიძარა"},{"$i":"timer","$v":"ტაიმერი"},{"$i":"stopwatch","$v":"წამზომი"},{"$i":"alarmName","$v":"სიგნალის სახელი"},{"$i":"newAlarm","$v":"ახალი მაღვიძარა"},{"$i":"editAlarm","$v":"მაღვიძარას რედაქტირება"},{"$i":"tclSettings","$v":"პარამეტრები"},{"$i":"clock-settings","$v":"საათის პარამეტრები"},{"$i":"alarms-maximum","$v":"თქვენ მიაღწიეთ სიგნალის მაქსიმალურ რაოდენობას"},{"$i":"laps-maximum","$v":"თქვენ მიაღწიეთ წრეების მაქსიმალურ რაოდენობას"},{"$i":"changes-saved","$v":"ცვლილებები შენახულია."},{"$i":"pause","$v":"პაუზა"},{"$i":"resume","$v":"გაგრძელება"},{"$i":"lap","$v":"წრე"},{"$i":"lap-number","$v":["წრე ",{"t":"idOrVar","v":"n"}]},{"$i":"timer-hour","$v":"სთ"},{"$i":"timer-min","$v":"წუთი"},{"$i":"timer-sec","$v":"წამი"},{"$i":"delete","$v":"წაშლა"},{"$i":"time","$v":"დრო"},{"$i":"snooze-label","$v":"გადად"},{"$i":"snooze-button","$v":"გადად"},{"$i":"repeat","$v":"გამეორება"},{"$i":"vibrate","$v":"ვიბრირება"},{"$i":"close","$v":"დახურვა"},{"$i":"save","$v":"შენახვა"},{"$i":"done","$v":"დას."},{"$i":"kai-select-time","$v":"აირჩიეთ დრო"},{"$i":"closeButton","ariaLabel":"დახურვა"},{"$i":"newAlarmButton","ariaLabel":"ახალი მაღვიძარა"},{"$i":"alarm-volume-label","$v":"სისტემის სიგნალის ხმა"},{"$i":"kai-volume","$v":"ხმა:"},{"$i":"volume-level-display","$v":[{"t":"idOrVar","v":"n"}," / ",{"t":"idOrVar","v":"c"}]},{"$i":"sound","$v":"ხმა"},{"$i":"noSound","$v":"ხმა არ არის"},{"$i":"kai-ringtones","$v":"ზარის მელოდიები"},{"$i":"everyday","$v":"ყოველდღე"},{"$i":"weekdays","$v":"სამუშაო დღეები"},{"$i":"weekends","$v":"უიქენდი"},{"$i":"never","$v":"არასოდეს"},{"$i":"vibrateOn","$v":"ჩართული"},{"$i":"vibrateOff","$v":"გამორთული"},{"$i":"kai-on","$v":"ჩართული"},{"$i":"kai-off","$v":"გამორთული"},{"$i":"plusMinute","$v":"+1 წთ"},{"$i":"dateFormat","$v":"%A, %B %e"},{"$i":"countdown-lessThanAnHour","$v":["მაღვიძარა დაყენებულია ",{"t":"idOrVar","v":"minutes"}," ამ მომენტიდან"]},{"$i":"countdown-moreThanAnHour","$v":["მაღვიძარა დაყენებულია ",{"t":"idOrVar","v":"hours"}," ",{"t":"idOrVar","v":"minutes"},"-ზე ამ მომენტიდან."]},{"$i":"countdown-moreThanADay","$v":["მაღვიძარა დაყენებულია ",{"t":"idOrVar","v":"days"}," ",{"t":"idOrVar","v":"hours"},"-ზე ამ მომენტიდან."]},{"$i":"kai-alarm-off","$v":"მაღვიძარა გამორთულია."},{"$i":"kai-alarm-deleted","$v":"მაღვიძარა წაშლილია."},{"$i":"alarm-delete-all","$v":"ყველა სიგნალი წაშლილია."},{"$i":"nMinutes","$v":{"few":[{"t":"idOrVar","v":"n"}," წუთი"],"many":[{"t":"idOrVar","v":"n"}," წუთი"],"one":"ერთი წუთი","other":[{"t":"idOrVar","v":"n"}," წუთი"],"two":[{"t":"idOrVar","v":"n"}," წუთი"],"zero":"წუთზე ნაკლებზე"},"$x":[{"t":"idOrVar","v":"plural"},"n"]},{"$i":"nHours","$v":{"few":[{"t":"idOrVar","v":"n"}," საათი"],"many":[{"t":"idOrVar","v":"n"}," საათი"],"one":[{"t":"idOrVar","v":"n"}," საათი"],"other":[{"t":"idOrVar","v":"n"}," საათი"],"two":[{"t":"idOrVar","v":"n"}," საათი"]},"$x":[{"t":"idOrVar","v":"plural"},"n"]},{"$i":"nAndRemainHours","$v":{"few":["და ",{"t":"idOrVar","v":"n"}," საათი"],"many":["და ",{"t":"idOrVar","v":"n"}," საათი"],"one":["და ",{"t":"idOrVar","v":"n"}," საათი"],"other":["და ",{"t":"idOrVar","v":"n"}," საათი"],"two":["და ",{"t":"idOrVar","v":"n"}," საათი"]},"$x":[{"t":"idOrVar","v":"plural"},"n"]},{"$i":"nRemainDays","$v":{"few":[{"t":"idOrVar","v":"n"}," დღე"],"many":[{"t":"idOrVar","v":"n"}," დღე"],"one":[{"t":"idOrVar","v":"n"}," დღე"],"other":[{"t":"idOrVar","v":"n"}," დღე"],"two":[{"t":"idOrVar","v":"n"}," დღე"]},"$x":[{"t":"idOrVar","v":"plural"},"n"]},{"$i":"nRemainMinutes","$v":{"few":["და ",{"t":"idOrVar","v":"n"}," წუთი"],"many":["და ",{"t":"idOrVar","v":"n"}," წუთი"],"one":["და ",{"t":"idOrVar","v":"n"}," წუთი"],"other":["და ",{"t":"idOrVar","v":"n"}," წუთი"],"two":["და ",{"t":"idOrVar","v":"n"}," წუთი"]},"$x":[{"t":"idOrVar","v":"plural"},"n"]},{"$i":"nSpinnerSeconds","$v":{"few":[{"t":"idOrVar","v":"n"}," წამები"],"many":[{"t":"idOrVar","v":"n"}," წამები"],"one":"ერთი წამი","other":[{"t":"idOrVar","v":"n"}," წამები"],"two":[{"t":"idOrVar","v":"n"}," წამები"],"zero":"ნული წამი"},"$x":[{"t":"idOrVar","v":"plural"},"n"]},{"$i":"nSpinnerMinutes","$v":{"few":[{"t":"idOrVar","v":"n"}," წუთი"],"many":[{"t":"idOrVar","v":"n"}," წუთი"],"one":"ერთი წუთი","other":[{"t":"idOrVar","v":"n"}," წუთი"],"two":[{"t":"idOrVar","v":"n"}," წუთი"],"zero":"ნული წუთი"},"$x":[{"t":"idOrVar","v":"plural"},"n"]},{"$i":"nSpinnerHours","$v":{"few":[{"t":"idOrVar","v":"n"}," საათი"],"many":[{"t":"idOrVar","v":"n"}," საათი"],"one":[{"t":"idOrVar","v":"n"}," საათი"],"other":[{"t":"idOrVar","v":"n"}," საათი"],"two":[{"t":"idOrVar","v":"n"}," საათი"],"zero":"ნული საათი"},"$x":[{"t":"idOrVar","v":"plural"},"n"]},{"$i":"kai-stop","$v":"გაჩერება"},{"$i":"kai-snooze","$v":"გადად"},{"$i":"ac_africa_ogg","$v":"აფრიკა"},{"$i":"ac_amazon_ogg","$v":"ამაზონი"},{"$i":"ac_disco_ogg","$v":"დისკო"},{"$i":"ac_fairy_tales_ogg","$v":"ზღაპრები"},{"$i":"ac_fresh_ogg","$v":"ფრეში"},{"$i":"ac_galaxy_ogg","$v":"გელექსი"},{"$i":"ac_kai_ogg","$v":"Kai"},{"$i":"ac_techno_ogg","$v":"ტექნო"},{"$i":"ac_woody_ogg","$v":"ვუდი"},{"$i":"ac_awake_opus","$v":"Awake"},{"$i":"ac_crystalize_opus","$v":"Crystallise"},{"$i":"ac_cycle_opus","$v":"Cycle"},{"$i":"ac_digicloud_opus","$v":"Digicloud"},{"$i":"ac_humming_waves_opus","$v":"Humming Waves"},{"$i":"ac_into_the_void_opus","$v":"Into the Void"},{"$i":"ac_lightly_opus","$v":"Lightly"},{"$i":"ac_mobile_opus","$v":"Mobile"},{"$i":"ac_pinger_opus","$v":"Pinger"},{"$i":"ac_skip_opus","$v":"Skip"},{"$i":"ac_tri_opus","$v":"Tri"},{"$i":"ac_universal_opus","$v":"Universal"},{"$i":"kai-options","$v":"ვარიანტები"},{"$i":"kai-clock-title","$v":"საათი"},{"$i":"alarm-title","$v":"მაღვიძარა"},{"$i":"no-alarms-body","$v":"სიგნალი დაყენებული არ არის. დასაწყებად დააჭირეთ ღილაკს “ახალი სიგნალი”."},{"$i":"kai-new-alarm","$v":"ახალი მაღვიძარა"},{"$i":"kai-settings","$v":"პარამეტრები"},{"$i":"kai-cancel","$v":"გაუქმება"},{"$i":"kai-save","$v":"შენახვა"},{"$i":"turnOn","$v":"ჩართვა"},{"$i":"turnOff","$v":"გამორთვა"},{"$i":"edit","$v":"რედაქტირება"},{"$i":"select","$v":"არჩევა"},{"$i":"kai-delete","$v":"წაშლა"},{"$i":"delete-all","$v":"ყველას წაშლა"},{"$i":"kai-selected-alarm","$v":"არჩეული მაღვიძარა"},{"$i":"set","$v":"დაყენება"},{"$i":"kai-start","$v":"დაწყება"},{"$i":"kai-reset","$v":"გადაყენება"},{"$i":"kai-min-plus","$v":"+1 წთ"},{"$i":"kai-resume","$v":"გაგრძელება"},{"$i":"kai-lap","$v":"წრე"},{"$i":"play","$v":"დაკვრა"},{"$i":"kai-no-repeat","$v":"გამეორების გარეშე"},{"$i":"kai-confirm-title","$v":"დადასტურება"},{"$i":"kai-confirm-delete-body","$v":"წავშალო არჩეული მაღვიძარა?"},{"$i":"confirm-delete-all-body","$v":"ყველა სიგნალის წაშლა?"},{"$i":"kai-confirm-end-key-body","$v":{"$o":"აპლიკაციის დახურვის შემთხვევაში, მონაც. დაიკარგება. <br></br> გსურთ რედაქტირებაზე დაბრუნება?"}},{"$i":"kai-confirm-exit-button","$v":"გამოსვლა"},{"$i":"kai-confirm-return-button","$v":"დაბრუნება"},{"$i":"weekday-0-long","$v":"კვირა"},{"$i":"weekday-1-long","$v":"ორშაბათი"},{"$i":"weekday-2-long","$v":"სამშაბათი"},{"$i":"weekday-3-long","$v":"ოთხშაბათი"},{"$i":"weekday-4-long","$v":"ხუთშაბათი"},{"$i":"weekday-5-long","$v":"პარასკევი"},{"$i":"weekday-6-long","$v":"შაბათი"},{"$i":"weekday-0-short","$v":"კვი"},{"$i":"weekday-1-short","$v":"ორშ"},{"$i":"weekday-2-short","$v":"სამ"},{"$i":"weekday-3-short","$v":"ოთხ"},{"$i":"weekday-4-short","$v":"ხუთ"},{"$i":"weekday-5-short","$v":"პარ"},{"$i":"weekday-6-short","$v":"შაბ"},{"$i":"month-0-long","$v":"იანვარი"},{"$i":"month-1-long","$v":"თებერვალი"},{"$i":"month-2-long","$v":"მარტი"},{"$i":"month-3-long","$v":"აპრილი"},{"$i":"month-4-long","$v":"მაისი"},{"$i":"month-5-long","$v":"ივნისი"},{"$i":"month-6-long","$v":"ივლისი"},{"$i":"month-7-long","$v":"აგვისტო"},{"$i":"month-8-long","$v":"სექტემბერი"},{"$i":"month-9-long","$v":"ოქტომბერი"},{"$i":"month-10-long","$v":"ნოემბერი"},{"$i":"month-11-long","$v":"დეკემბერი"},{"$i":"month-0-genitive","$v":"იანვარი"},{"$i":"month-1-genitive","$v":"თებერვალი"},{"$i":"month-2-genitive","$v":"მარტი"},{"$i":"month-3-genitive","$v":"აპრილი"},{"$i":"month-4-genitive","$v":"მაისი"},{"$i":"month-5-genitive","$v":"ივნისი"},{"$i":"month-6-genitive","$v":"ივლისი"},{"$i":"month-7-genitive","$v":"აგვისტო"},{"$i":"month-8-genitive","$v":"სექტემბერი"},{"$i":"month-9-genitive","$v":"ოქტომბერი"},{"$i":"month-10-genitive","$v":"ნოემბერი"},{"$i":"month-11-genitive","$v":"დეკემბერი"},{"$i":"month-0-short","$v":"იანვ"},{"$i":"month-1-short","$v":"თებ"},{"$i":"month-2-short","$v":"მარ"},{"$i":"month-3-short","$v":"აპრ"},{"$i":"month-4-short","$v":"მაისი"},{"$i":"month-5-short","$v":"ივნ"},{"$i":"month-6-short","$v":"ივლ"},{"$i":"month-7-short","$v":"აგვ"},{"$i":"month-8-short","$v":"სექ"},{"$i":"month-9-short","$v":"ოქტ"},{"$i":"month-10-short","$v":"ნოე"},{"$i":"month-11-short","$v":"დეკ"},{"$i":"minutes-ago-long","$v":{"few":[{"t":"idOrVar","v":"value"}," წუთის წინ"],"many":[{"t":"idOrVar","v":"value"}," წუთის წინ"],"one":"ერთი წუთის წინ","other":[{"t":"idOrVar","v":"value"}," წუთის წინ"],"two":[{"t":"idOrVar","v":"value"}," წუთის წინ"],"zero":"ეს-ეს არის"},"$x":[{"t":"idOrVar","v":"plural"},"value"]},{"$i":"hours-ago-long","$v":{"few":[{"t":"idOrVar","v":"value"}," საათის წინ"],"many":[{"t":"idOrVar","v":"value"}," საათის წინ"],"one":"ერთი საათის წინ","other":[{"t":"idOrVar","v":"value"}," საათის წინ"],"two":[{"t":"idOrVar","v":"value"}," საათის წინ"],"zero":"ეს-ეს არის"},"$x":[{"t":"idOrVar","v":"plural"},"value"]},{"$i":"days-ago-long","$v":{"few":[{"t":"idOrVar","v":"value"}," დღის წინ"],"many":[{"t":"idOrVar","v":"value"}," დღის წინ"],"one":"გუშინ","other":[{"t":"idOrVar","v":"value"}," დღის წინ"],"two":[{"t":"idOrVar","v":"value"}," დღის წინ"],"zero":"დღეს"},"$x":[{"t":"idOrVar","v":"plural"},"value"]},{"$i":"weeks-ago-long","$v":{"few":[{"t":"idOrVar","v":"value"}," კვირის წინ"],"many":[{"t":"idOrVar","v":"value"}," კვირის წინ"],"one":"გასული კვირა","other":[{"t":"idOrVar","v":"value"}," კვირის წინ"],"two":[{"t":"idOrVar","v":"value"}," კვირის წინ"],"zero":"ეს კვირა"},"$x":[{"t":"idOrVar","v":"plural"},"value"]},{"$i":"months-ago-long","$v":{"few":[{"t":"idOrVar","v":"value"}," თვის წინ"],"many":[{"t":"idOrVar","v":"value"}," თვის წინ"],"one":"გასული თვე","other":[{"t":"idOrVar","v":"value"}," თვის წინ"],"two":[{"t":"idOrVar","v":"value"}," თვის წინ"],"zero":"ეს თვე"},"$x":[{"t":"idOrVar","v":"plural"},"value"]},{"$i":"years-ago-long","$v":{"few":[{"t":"idOrVar","v":"value"}," წლის წინ"],"many":[{"t":"idOrVar","v":"value"}," წლის წინ"],"one":"გასული წელი","other":[{"t":"idOrVar","v":"value"}," წლის წინ"],"two":[{"t":"idOrVar","v":"value"}," წლის წინ"],"zero":"ეს წელი"},"$x":[{"t":"idOrVar","v":"plural"},"value"]},{"$i":"minutes-until-long","$v":{"few":[{"t":"idOrVar","v":"value"}," წუთში"],"many":[{"t":"idOrVar","v":"value"}," წუთში"],"one":"წუთში","other":[{"t":"idOrVar","v":"value"}," წუთში"],"two":[{"t":"idOrVar","v":"value"}," წუთში"],"zero":"ახლა"},"$x":[{"t":"idOrVar","v":"plural"},"value"]},{"$i":"hours-until-long","$v":{"few":[{"t":"idOrVar","v":"value"}," საათში"],"many":[{"t":"idOrVar","v":"value"}," საათში"],"one":"საათში","other":[{"t":"idOrVar","v":"value"}," საათში"],"two":[{"t":"idOrVar","v":"value"}," საათში"],"zero":"ახლა"},"$x":[{"t":"idOrVar","v":"plural"},"value"]},{"$i":"days-until-long","$v":{"few":[{"t":"idOrVar","v":"value"}," დღეში"],"many":[{"t":"idOrVar","v":"value"}," დღეში"],"one":"ხვალ","other":[{"t":"idOrVar","v":"value"}," დღეში"],"two":[{"t":"idOrVar","v":"value"}," დღეში"],"zero":"დღეს"},"$x":[{"t":"idOrVar","v":"plural"},"value"]},{"$i":"weeks-until-long","$v":{"few":[{"t":"idOrVar","v":"value"}," კვირაში"],"many":[{"t":"idOrVar","v":"value"}," კვირაში"],"one":"მომდევნო კვირა","other":[{"t":"idOrVar","v":"value"}," კვირაში"],"two":[{"t":"idOrVar","v":"value"}," კვირაში"],"zero":"ეს კვირა"},"$x":[{"t":"idOrVar","v":"plural"},"value"]},{"$i":"months-until-long","$v":{"few":[{"t":"idOrVar","v":"value"}," თვეში"],"many":[{"t":"idOrVar","v":"value"}," თვეში"],"one":"მომდევნო თვე","other":[{"t":"idOrVar","v":"value"}," თვეში"],"two":[{"t":"idOrVar","v":"value"}," თვეში"],"zero":"ეს თვე"},"$x":[{"t":"idOrVar","v":"plural"},"value"]},{"$i":"years-until-long","$v":{"few":[{"t":"idOrVar","v":"value"}," წელში"],"many":[{"t":"idOrVar","v":"value"}," წელში"],"one":"მომდევნო წელი","other":[{"t":"idOrVar","v":"value"}," წელში"],"two":[{"t":"idOrVar","v":"value"}," წელში"],"zero":"ეს წელი"},"$x":[{"t":"idOrVar","v":"plural"},"value"]},{"$i":"minutes-ago-short","$v":{"other":[{"t":"idOrVar","v":"value"},"თ წინ"],"zero":"ეს-ეს არის"},"$x":[{"t":"idOrVar","v":"plural"},"value"]},{"$i":"hours-ago-short","$v":{"other":[{"t":"idOrVar","v":"value"},"სთ წინ"],"zero":"ეს-ეს არის"},"$x":[{"t":"idOrVar","v":"plural"},"value"]},{"$i":"days-ago-short","$v":{"other":[{"t":"idOrVar","v":"value"},"დ წინ"],"zero":"დღეს"},"$x":[{"t":"idOrVar","v":"plural"},"value"]},{"$i":"minutes-until-short","$v":{"other":[{"t":"idOrVar","v":"value"},"წთ-ში"],"zero":"ახლა"},"$x":[{"t":"idOrVar","v":"plural"},"value"]},{"$i":"hours-until-short","$v":{"other":[{"t":"idOrVar","v":"value"},"სთ-ში"],"zero":"ახლა"},"$x":[{"t":"idOrVar","v":"plural"},"value"]},{"$i":"days-until-short","$v":{"other":[{"t":"idOrVar","v":"value"},"დღ-ში"],"zero":"დღეს"},"$x":[{"t":"idOrVar","v":"plural"},"value"]},{"$i":"incorrectDate","$v":"(არასწორი თარიღი)"},{"$i":"dateTimeFormat_%c","$v":"%a %b %e %Y %I:%M:%S %p"},{"$i":"dateTimeFormat_%x","$v":"%m/%d/%Y"},{"$i":"dateTimeFormat_%X","$v":"%I:%M:%S %p"},{"$i":"shortTimeFormat","$v":"%I:%M %p"},{"$i":"shortTimeFormat12","$v":"%I:%M %p"},{"$i":"shortTimeFormat24","$v":"%H:%M"},{"$i":"shortDateTimeFormat","$v":"%x %I:%M %p"},{"$i":"weekStartsOnMonday","$v":"0.0"},{"$i":"firstDayOfTheWeek","$v":"1.0"},{"$i":"time_am","$v":"AM"},{"$i":"time_pm","$v":"PM"},{"$i":"softkey-options","$v":"ვარიანტები"}]