[{"$i":"reset","$v":"កំណត់​ឡើង​វិញ"},{"$i":"start","$v":"ចាប់​ផ្ដើម"},{"$i":"stop","$v":"បញ្ឈប់"},{"$i":"cancel","$v":"បោះ​បង់"},{"$i":"hour","$v":"ម៉"},{"$i":"hours","$v":"ម៉ោង"},{"$i":"minute","$v":"នា"},{"$i":"minutes","$v":"នាទី"},{"$i":"second","$v":"វិនាទី"},{"$i":"alarm","$v":"ម៉ោង​រោទ៍"},{"$i":"alarm-name","placeholder":"ម៉ោង​រោទ៍"},{"$i":"timer","$v":"ឧបករណ៍​វាស់​ពេល"},{"$i":"stopwatch","$v":"នាឡិកា​កំណត់​ពេល"},{"$i":"alarmName","$v":"ឈ្មោះ​ម៉ោង​រោទ៍"},{"$i":"newAlarm","$v":"ម៉ោង​រោទ៍​ថ្មី"},{"$i":"editAlarm","$v":"កែ​សម្រួល​ការរោទ៍"},{"$i":"tclSettings","$v":"ការកំណត់"},{"$i":"clock-settings","$v":"ការកំណត់​នាឡិកា"},{"$i":"alarms-maximum","$v":"អ្នក​បាន​ប្រើ​ចំនួន​ម៉ោង​រោទ៍​ច្រើន​បំផុត​ហើយ។"},{"$i":"laps-maximum","$v":"អ្នក​ដល់​ចំនួន​ជុំ​អតិ​បរមា​ហើយ។"},{"$i":"changes-saved","$v":"បាន​រក្សា​ទុក​ការផ្លាស់​ប្ដូរ។"},{"$i":"pause","$v":"ផ្អាក"},{"$i":"resume","$v":"បន្ត​វិញ"},{"$i":"lap","$v":"ជុំ"},{"$i":"lap-number","$v":["ជុំ​ទី ",{"t":"idOrVar","v":"n"}]},{"$i":"timer-hour","$v":"ម៉ោង"},{"$i":"timer-min","$v":"នាទី"},{"$i":"timer-sec","$v":"វិនាទី"},{"$i":"delete","$v":"លុប"},{"$i":"time","$v":"ម៉ោង​ពេល"},{"$i":"snooze-label","$v":"ផ្អាក"},{"$i":"snooze-button","$v":"ផ្អាក"},{"$i":"repeat","$v":"សា​ឡើង​វិញ"},{"$i":"vibrate","$v":"ញ័រ"},{"$i":"close","$v":"បិទ"},{"$i":"save","$v":"រក្សា​ទុក"},{"$i":"done","$v":"រួច​រាល់"},{"$i":"kai-select-time","$v":"ជ្រើស​ម៉ោង​ពេល"},{"$i":"closeButton","ariaLabel":"បិទ"},{"$i":"newAlarmButton","ariaLabel":"ម៉ោង​រោទ៍​ថ្មី"},{"$i":"alarm-volume-label","$v":"កម្រិត​សំឡេង​រោទ៍​ប្រព័ន្ធ"},{"$i":"kai-volume","$v":"កម្រិត​សំឡេង៖"},{"$i":"volume-level-display","$v":[{"t":"idOrVar","v":"n"}," / ",{"t":"idOrVar","v":"c"}]},{"$i":"sound","$v":"សំឡេង"},{"$i":"noSound","$v":"គ្មាន​សំឡេង​ទេ"},{"$i":"kai-ringtones","$v":"សំឡេង​រោទ៍"},{"$i":"everyday","$v":"រាល់​ថ្ងៃ"},{"$i":"weekdays","$v":"ថ្ងៃ​ធ្វើការ"},{"$i":"weekends","$v":"ចុង​សប្ដាហ៍"},{"$i":"never","$v":"មិន​អនុវត្ត"},{"$i":"vibrateOn","$v":"បើក"},{"$i":"vibrateOff","$v":"បិទ"},{"$i":"kai-on","$v":"បើក"},{"$i":"kai-off","$v":"បិទ"},{"$i":"plusMinute","$v":"+1 នា."},{"$i":"dateFormat","$v":"%A, %B %e"},{"$i":"countdown-lessThanAnHour","$v":["ម៉ោង​រោទ៍​ត្រូវ​បាន​កំណត់​រយៈ​ពេល  ",{"t":"idOrVar","v":"minutes"}," ពី​ពេល​ឥឡូវ។"]},{"$i":"countdown-moreThanAnHour","$v":["ម៉ោង​រោទ៍​ត្រូវ​បាន​កំណត់​រយៈ​ពេល ",{"t":"idOrVar","v":"hours"}," ",{"t":"idOrVar","v":"minutes"}," ពី​ពេល​ឥឡូវ។"]},{"$i":"countdown-moreThanADay","$v":["ម៉ោង​រោទ៍​ត្រូវ​បាន​កំណត់​រយៈ​ពេល ",{"t":"idOrVar","v":"days"}," ",{"t":"idOrVar","v":"hours"}," ពី​ពេល​ឥឡូវ។"]},{"$i":"kai-alarm-off","$v":"បាន​បិទ​ម៉ោង​រោទ៍។"},{"$i":"kai-alarm-deleted","$v":"បាន​លុប​ម៉ោង​រោទ៍។"},{"$i":"alarm-delete-all","$v":"សំឡេងរោទិ៍ទាំងអស់ត្រូវបានលុប។"},{"$i":"nMinutes","$v":{"few":[{"t":"idOrVar","v":"n"}," នាទី"],"many":[{"t":"idOrVar","v":"n"}," នាទី"],"one":"មួយ​នាទី","other":[{"t":"idOrVar","v":"n"}," នាទី"],"two":[{"t":"idOrVar","v":"n"}," នាទី"],"zero":"តិច​ជាង​មួយ​នាទី"},"$x":[{"t":"idOrVar","v":"plural"},"n"]},{"$i":"nHours","$v":{"few":[{"t":"idOrVar","v":"n"}," ម៉ោង"],"many":[{"t":"idOrVar","v":"n"}," ម៉ោង"],"one":[{"t":"idOrVar","v":"n"}," ម៉ោង"],"other":[{"t":"idOrVar","v":"n"}," ម៉ោង"],"two":[{"t":"idOrVar","v":"n"}," ម៉ោង"]},"$x":[{"t":"idOrVar","v":"plural"},"n"]},{"$i":"nAndRemainHours","$v":{"few":["និង ",{"t":"idOrVar","v":"n"}," ម៉ោង"],"many":["និង ",{"t":"idOrVar","v":"n"}," ម៉ោង"],"one":["និង ",{"t":"idOrVar","v":"n"}," ម៉ោង"],"other":["និង ",{"t":"idOrVar","v":"n"}," ម៉ោង"],"two":["និង ",{"t":"idOrVar","v":"n"}," ម៉ោង"]},"$x":[{"t":"idOrVar","v":"plural"},"n"]},{"$i":"nRemainDays","$v":{"few":[{"t":"idOrVar","v":"n"}," ថ្ងៃ"],"many":[{"t":"idOrVar","v":"n"}," ថ្ងៃ"],"one":[{"t":"idOrVar","v":"n"}," ថ្ងៃ"],"other":[{"t":"idOrVar","v":"n"}," ថ្ងៃ"],"two":[{"t":"idOrVar","v":"n"}," ថ្ងៃ"]},"$x":[{"t":"idOrVar","v":"plural"},"n"]},{"$i":"nRemainMinutes","$v":{"few":["និង ",{"t":"idOrVar","v":"n"}," នាទី"],"many":["និង ",{"t":"idOrVar","v":"n"}," នាទី"],"one":["និង ",{"t":"idOrVar","v":"n"}," នាទី"],"other":["និង ",{"t":"idOrVar","v":"n"}," នាទី"],"two":["និង ",{"t":"idOrVar","v":"n"}," នាទី"]},"$x":[{"t":"idOrVar","v":"plural"},"n"]},{"$i":"nSpinnerSeconds","$v":{"few":[{"t":"idOrVar","v":"n"}," វិនាទី"],"many":[{"t":"idOrVar","v":"n"}," វិនាទី"],"one":"មួយ​វិនាទី","other":[{"t":"idOrVar","v":"n"}," វិនាទី"],"two":[{"t":"idOrVar","v":"n"}," វិនាទី"],"zero":"សូន្យ​វិនាទី"},"$x":[{"t":"idOrVar","v":"plural"},"n"]},{"$i":"nSpinnerMinutes","$v":{"few":[{"t":"idOrVar","v":"n"}," នាទី"],"many":[{"t":"idOrVar","v":"n"}," នាទី"],"one":"មួយ​នាទី","other":[{"t":"idOrVar","v":"n"}," នាទី"],"two":[{"t":"idOrVar","v":"n"}," នាទី"],"zero":"សូន្យ​នាទី"},"$x":[{"t":"idOrVar","v":"plural"},"n"]},{"$i":"nSpinnerHours","$v":{"few":[{"t":"idOrVar","v":"n"}," ម៉ោង"],"many":[{"t":"idOrVar","v":"n"}," ម៉ោង"],"one":[{"t":"idOrVar","v":"n"}," ម៉ោង"],"other":[{"t":"idOrVar","v":"n"}," ម៉ោង"],"two":[{"t":"idOrVar","v":"n"}," ម៉ោង"],"zero":"សូន្យ​ម៉ោង"},"$x":[{"t":"idOrVar","v":"plural"},"n"]},{"$i":"kai-stop","$v":"បញ្ឈប់"},{"$i":"kai-snooze","$v":"ផ្អាក"},{"$i":"ac_africa_ogg","$v":"អាហ្វ្រិក"},{"$i":"ac_amazon_ogg","$v":"អាម៉ាហ្សូន"},{"$i":"ac_disco_ogg","$v":"ឌីស្កូ"},{"$i":"ac_fairy_tales_ogg","$v":"រឿង​ព្រេង​និទាន"},{"$i":"ac_fresh_ogg","$v":"ស្រស់"},{"$i":"ac_galaxy_ogg","$v":"កញ្ចុំ​ផ្កាយ"},{"$i":"ac_kai_ogg","$v":"Kai"},{"$i":"ac_techno_ogg","$v":"បច្ចេក​វិទ្យា"},{"$i":"ac_woody_ogg","$v":"ឈើ"},{"$i":"ac_awake_opus","$v":"Awake"},{"$i":"ac_crystalize_opus","$v":"Crystallise"},{"$i":"ac_cycle_opus","$v":"Cycle"},{"$i":"ac_digicloud_opus","$v":"Digicloud"},{"$i":"ac_humming_waves_opus","$v":"Humming Waves"},{"$i":"ac_into_the_void_opus","$v":"Into the Void"},{"$i":"ac_lightly_opus","$v":"Lightly"},{"$i":"ac_mobile_opus","$v":"Mobile"},{"$i":"ac_pinger_opus","$v":"Pinger"},{"$i":"ac_skip_opus","$v":"Skip"},{"$i":"ac_tri_opus","$v":"Tri"},{"$i":"ac_universal_opus","$v":"Universal"},{"$i":"kai-options","$v":"ជម្រើស"},{"$i":"kai-clock-title","$v":"នាឡិកា"},{"$i":"alarm-title","$v":"ម៉ោង​រោទ៍"},{"$i":"no-alarms-body","$v":"មិន​ទាន់​បាន​កំណត់​ម៉ោង​រោទ៍​ថ្មី​ទេ។ ចុច​ម៉ោង​រោទ៍​ថ្មី​ដើម្បី​ចាប់ផ្ដើម។"},{"$i":"kai-new-alarm","$v":"ម៉ោង​រោទ៍​ថ្មី"},{"$i":"kai-settings","$v":"ការកំណត់"},{"$i":"kai-cancel","$v":"បោះបង់"},{"$i":"kai-save","$v":"រក្សា​ទុក"},{"$i":"turnOn","$v":"បើក"},{"$i":"turnOff","$v":"បិទ"},{"$i":"edit","$v":"កែ​សម្រួល"},{"$i":"select","$v":"ជ្រើស"},{"$i":"kai-delete","$v":"លុប"},{"$i":"delete-all","$v":"លុប​ទាំង​អស់"},{"$i":"kai-selected-alarm","$v":"ម៉ោង​រោទ៍​ដែល​ជ្រើស"},{"$i":"set","$v":"កំណត់"},{"$i":"kai-start","$v":"ចាប់​ផ្ដើម"},{"$i":"kai-reset","$v":"កំណត់​ឡើង​វិញ"},{"$i":"kai-min-plus","$v":"+1 នា."},{"$i":"kai-resume","$v":"បន្ត​វិញ"},{"$i":"kai-lap","$v":"ជុំ"},{"$i":"play","$v":"ចាក់"},{"$i":"kai-no-repeat","$v":"មិន​សា​ឡើង​វិញ​ទេ"},{"$i":"kai-confirm-title","$v":"ការបញ្ជាក់"},{"$i":"kai-confirm-delete-body","$v":"លុប​ធាតុ​ដែល​បាន​ជ្រើស​ឬ?"},{"$i":"confirm-delete-all-body","$v":"លុបសំឡេងរោទិ៍ទាំងអស់?"},{"$i":"kai-confirm-end-key-body","$v":{"$o":"កម្មវិធី​នឹង​បិទ​ដោយ​បាត់បង់​ទិន្នន័យ។ <br></br> អ្នក​ចង់​ត្រឡប់​ទៅ​កែ​សម្រួល​វិញ​ដែរ​ទេ?"}},{"$i":"kai-confirm-exit-button","$v":"ចាក​ចេញ"},{"$i":"kai-confirm-return-button","$v":"ត្រឡប់"},{"$i":"weekday-0-long","$v":"អាទិត្យ"},{"$i":"weekday-1-long","$v":"ចន្ទ"},{"$i":"weekday-2-long","$v":"អង្គារ"},{"$i":"weekday-3-long","$v":"ពុធ"},{"$i":"weekday-4-long","$v":"ព្រហស្បតិ៍"},{"$i":"weekday-5-long","$v":"សុក្រ"},{"$i":"weekday-6-long","$v":"សៅរ៍"},{"$i":"weekday-0-short","$v":"អា"},{"$i":"weekday-1-short","$v":"ច"},{"$i":"weekday-2-short","$v":"អ"},{"$i":"weekday-3-short","$v":"ពុ"},{"$i":"weekday-4-short","$v":"ព្រ"},{"$i":"weekday-5-short","$v":"សុ"},{"$i":"weekday-6-short","$v":"ស"},{"$i":"month-0-long","$v":"មករា"},{"$i":"month-1-long","$v":"កុម្ភៈ"},{"$i":"month-2-long","$v":"មីនា"},{"$i":"month-3-long","$v":"មេសា"},{"$i":"month-4-long","$v":"ឧសភា"},{"$i":"month-5-long","$v":"មិថុនា"},{"$i":"month-6-long","$v":"កក្កដា"},{"$i":"month-7-long","$v":"សីហា"},{"$i":"month-8-long","$v":"កញ្ញា"},{"$i":"month-9-long","$v":"តុលា"},{"$i":"month-10-long","$v":"វិច្ឆិកា"},{"$i":"month-11-long","$v":"ធ្នូ"},{"$i":"month-0-genitive","$v":"មករា"},{"$i":"month-1-genitive","$v":"កុម្ភៈ"},{"$i":"month-2-genitive","$v":"មីនា"},{"$i":"month-3-genitive","$v":"មេសា"},{"$i":"month-4-genitive","$v":"ឧសភា"},{"$i":"month-5-genitive","$v":"មិថុនា"},{"$i":"month-6-genitive","$v":"កក្កដា"},{"$i":"month-7-genitive","$v":"សីហា"},{"$i":"month-8-genitive","$v":"កញ្ញា"},{"$i":"month-9-genitive","$v":"តុលា"},{"$i":"month-10-genitive","$v":"វិច្ឆិកា"},{"$i":"month-11-genitive","$v":"ធ្នូ"},{"$i":"month-0-short","$v":"មករា"},{"$i":"month-1-short","$v":"កុម្ភៈ"},{"$i":"month-2-short","$v":"មីនា"},{"$i":"month-3-short","$v":"មេសា"},{"$i":"month-4-short","$v":"ឧសភា"},{"$i":"month-5-short","$v":"មិថុនា"},{"$i":"month-6-short","$v":"កក្កដា"},{"$i":"month-7-short","$v":"សីហា"},{"$i":"month-8-short","$v":"កញ្ញា"},{"$i":"month-9-short","$v":"តុលា"},{"$i":"month-10-short","$v":"វិច្ឆិកា"},{"$i":"month-11-short","$v":"ធ្នូ"},{"$i":"minutes-ago-long","$v":{"few":[{"t":"idOrVar","v":"value"}," នាទី​មុន"],"many":[{"t":"idOrVar","v":"value"}," នាទី​មុន"],"one":"មួយ​នាទី​មុន","other":[{"t":"idOrVar","v":"value"}," នាទី​មុន"],"two":[{"t":"idOrVar","v":"value"}," នាទី​មុន"],"zero":"អម្បាញ់​មិញ"},"$x":[{"t":"idOrVar","v":"plural"},"value"]},{"$i":"hours-ago-long","$v":{"few":[{"t":"idOrVar","v":"value"}," ម៉ោង​មុន"],"many":[{"t":"idOrVar","v":"value"}," ម៉ោង​មុន"],"one":"មួយ​ម៉ោង​មុន","other":[{"t":"idOrVar","v":"value"}," ម៉ោង​មុន"],"two":[{"t":"idOrVar","v":"value"}," ម៉ោង​មុន"],"zero":"អម្បាញ់​មិញ"},"$x":[{"t":"idOrVar","v":"plural"},"value"]},{"$i":"days-ago-long","$v":{"few":[{"t":"idOrVar","v":"value"}," ថ្ងៃ​មុន"],"many":[{"t":"idOrVar","v":"value"}," ថ្ងៃ​មុន"],"one":"ម្សិល​មិញ","other":[{"t":"idOrVar","v":"value"}," ថ្ងៃ​មុន"],"two":[{"t":"idOrVar","v":"value"}," ថ្ងៃ​មុន"],"zero":"ថ្ងៃ​នេះ"},"$x":[{"t":"idOrVar","v":"plural"},"value"]},{"$i":"weeks-ago-long","$v":{"few":[{"t":"idOrVar","v":"value"}," សប្ដាហ៍​មុន"],"many":[{"t":"idOrVar","v":"value"}," សប្ដាហ៍​មុន"],"one":"សប្ដាហ៍​មុន","other":[{"t":"idOrVar","v":"value"}," សប្ដាហ៍​មុន"],"two":[{"t":"idOrVar","v":"value"}," សប្ដាហ៍​មុន"],"zero":"សប្ដាហ៍​នេះ"},"$x":[{"t":"idOrVar","v":"plural"},"value"]},{"$i":"months-ago-long","$v":{"few":[{"t":"idOrVar","v":"value"}," ខែ​មុន"],"many":[{"t":"idOrVar","v":"value"}," ខែ​មុន"],"one":"ខែ​មុន","other":[{"t":"idOrVar","v":"value"}," ខែ​មុន"],"two":[{"t":"idOrVar","v":"value"}," ខែ​មុន"],"zero":"ខែ​នេះ"},"$x":[{"t":"idOrVar","v":"plural"},"value"]},{"$i":"years-ago-long","$v":{"few":[{"t":"idOrVar","v":"value"}," ឆ្នាំ​មុន"],"many":[{"t":"idOrVar","v":"value"}," ឆ្នាំ​មុន"],"one":"ឆ្នាំ​មុន","other":[{"t":"idOrVar","v":"value"}," ឆ្នាំ​មុន"],"two":[{"t":"idOrVar","v":"value"}," ឆ្នាំ​មុន"],"zero":"ឆ្នាំ​នេះ"},"$x":[{"t":"idOrVar","v":"plural"},"value"]},{"$i":"minutes-until-long","$v":{"few":["ក្នុង​ពេល ",{"t":"idOrVar","v":"value"}," នាទី"],"many":["ក្នុង​ពេល ",{"t":"idOrVar","v":"value"}," នាទី"],"one":"ក្នុង​ពេល​មួយ​នាទី","other":["ក្នុង​ពេល ",{"t":"idOrVar","v":"value"}," នាទី"],"two":["ក្នុង​ពេល ",{"t":"idOrVar","v":"value"}," នាទី"],"zero":"ឥឡូវ"},"$x":[{"t":"idOrVar","v":"plural"},"value"]},{"$i":"hours-until-long","$v":{"few":["ក្នុង​ពេល ",{"t":"idOrVar","v":"value"}," ម៉ោង"],"many":["ក្នុង​ពេល ",{"t":"idOrVar","v":"value"}," ម៉ោង"],"one":"ក្នុង​ពេល​មួយ​ម៉ោង","other":["ក្នុង​ពេល ",{"t":"idOrVar","v":"value"}," ម៉ោង"],"two":["ក្នុង​ពេល ",{"t":"idOrVar","v":"value"}," ម៉ោង"],"zero":"ឥឡូវ"},"$x":[{"t":"idOrVar","v":"plural"},"value"]},{"$i":"days-until-long","$v":{"few":["ក្នុង​ពេល ",{"t":"idOrVar","v":"value"}," ថ្ងៃ"],"many":["ក្នុង​ពេល ",{"t":"idOrVar","v":"value"}," ថ្ងៃ"],"one":"ស្អែក","other":["ក្នុង​ពេល ",{"t":"idOrVar","v":"value"}," ថ្ងៃ"],"two":["ក្នុង​ពេល ",{"t":"idOrVar","v":"value"}," ថ្ងៃ"],"zero":"ថ្ងៃ​នេះ"},"$x":[{"t":"idOrVar","v":"plural"},"value"]},{"$i":"weeks-until-long","$v":{"few":["ក្នុង​ពេល ",{"t":"idOrVar","v":"value"}," សប្ដាហ៍"],"many":["ក្នុង​ពេល ",{"t":"idOrVar","v":"value"}," សប្ដាហ៍"],"one":"សប្ដាហ៍​ក្រោយ","other":["ក្នុង​ពេល ",{"t":"idOrVar","v":"value"}," សប្ដាហ៍"],"two":["ក្នុង​ពេល ",{"t":"idOrVar","v":"value"}," សប្ដាហ៍"],"zero":"សប្ដាហ៍​នេះ"},"$x":[{"t":"idOrVar","v":"plural"},"value"]},{"$i":"months-until-long","$v":{"few":["ក្នុង​ពេល ",{"t":"idOrVar","v":"value"}," ខែ"],"many":["ក្នុង​ពេល ",{"t":"idOrVar","v":"value"}," ខែ"],"one":"ខែ​ក្រោយ","other":["ក្នុង​ពេល ",{"t":"idOrVar","v":"value"}," ខែ"],"two":["ក្នុង​ពេល ",{"t":"idOrVar","v":"value"}," ខែ"],"zero":"ខែ​នេះ"},"$x":[{"t":"idOrVar","v":"plural"},"value"]},{"$i":"years-until-long","$v":{"few":["ក្នុង​ពេល ",{"t":"idOrVar","v":"value"}," ឆ្នាំ"],"many":["ក្នុង​ពេល ",{"t":"idOrVar","v":"value"}," ឆ្នាំ"],"one":"ឆ្នាំ​ក្រោយ","other":["ក្នុង​ពេល ",{"t":"idOrVar","v":"value"}," ឆ្នាំ"],"two":["ក្នុង​ពេល ",{"t":"idOrVar","v":"value"}," ឆ្នាំ"],"zero":"ឆ្នាំ​នេះ"},"$x":[{"t":"idOrVar","v":"plural"},"value"]},{"$i":"minutes-ago-short","$v":{"other":[{"t":"idOrVar","v":"value"}," នា. មុន"],"zero":"អម្បាញ់​មិញ"},"$x":[{"t":"idOrVar","v":"plural"},"value"]},{"$i":"hours-ago-short","$v":{"other":[{"t":"idOrVar","v":"value"}," ម៉. មុន"],"zero":"អម្បាញ់​មិញ"},"$x":[{"t":"idOrVar","v":"plural"},"value"]},{"$i":"days-ago-short","$v":{"other":[{"t":"idOrVar","v":"value"}," ថ្ងៃ​មុន"],"zero":"ថ្ងៃ​នេះ"},"$x":[{"t":"idOrVar","v":"plural"},"value"]},{"$i":"minutes-until-short","$v":{"other":["ក្នុង​ពេល ",{"t":"idOrVar","v":"value"}," នា"],"zero":"ឥឡូវ"},"$x":[{"t":"idOrVar","v":"plural"},"value"]},{"$i":"hours-until-short","$v":{"other":["ក្នុងពេល  ",{"t":"idOrVar","v":"value"}," ម៉"],"zero":"ឥឡូវ"},"$x":[{"t":"idOrVar","v":"plural"},"value"]},{"$i":"days-until-short","$v":{"other":["ក្នុង​ពេល ",{"t":"idOrVar","v":"value"}," ថ្ងៃ"],"zero":"ថ្ងៃ​នេះ"},"$x":[{"t":"idOrVar","v":"plural"},"value"]},{"$i":"incorrectDate","$v":"(កាល​បរិច្ឆេទ​ខុស)"},{"$i":"dateTimeFormat_%c","$v":"%a %b %e %Y %I:%M:%S %p"},{"$i":"dateTimeFormat_%x","$v":"%d/%m/%Y"},{"$i":"dateTimeFormat_%X","$v":"%I:%M:%S %p"},{"$i":"shortTimeFormat","$v":"%I:%M %p"},{"$i":"shortTimeFormat12","$v":"%I:%M %p"},{"$i":"shortTimeFormat24","$v":"%H:%M"},{"$i":"shortDateTimeFormat","$v":"%x %I:%M %p"},{"$i":"weekStartsOnMonday","$v":"0.0"},{"$i":"firstDayOfTheWeek","$v":"0.0"},{"$i":"time_am","$v":"ព្រឹក"},{"$i":"time_pm","$v":"រសៀល"},{"$i":"softkey-options","$v":"ជម្រើស"}]