[{"$i":"reset","$v":"Atstat."},{"$i":"start","$v":"Pradėti"},{"$i":"stop","$v":"Stabdyti"},{"$i":"cancel","$v":"Atš."},{"$i":"hour","$v":"Val."},{"$i":"hours","$v":"Val."},{"$i":"minute","$v":"Min."},{"$i":"minutes","$v":"Min."},{"$i":"second","$v":"Sekun."},{"$i":"alarm","$v":"Sign."},{"$i":"alarm-name","placeholder":"Sign."},{"$i":"timer","$v":"Laikmatis"},{"$i":"stopwatch","$v":"Chronometras"},{"$i":"alarmName","$v":"Sign. pav."},{"$i":"newAlarm","$v":"Naujas signalas"},{"$i":"editAlarm","$v":"Red. sign."},{"$i":"tclSettings","$v":"Parametrai"},{"$i":"clock-settings","$v":"Laikr. param."},{"$i":"alarms-maximum","$v":"Pasiekėte maksimalų signalų skaičių"},{"$i":"laps-maximum","$v":"Pasiekėte maksimalų ratų skaičių"},{"$i":"changes-saved","$v":"Pak. išsaug."},{"$i":"pause","$v":"Prist."},{"$i":"resume","$v":"Tęsti"},{"$i":"lap","$v":"Etap."},{"$i":"lap-number","$v":[{"t":"idOrVar","v":"n"}," et."]},{"$i":"timer-hour","$v":"val."},{"$i":"timer-min","$v":"min."},{"$i":"timer-sec","$v":"sekun."},{"$i":"delete","$v":"Ištrin."},{"$i":"time","$v":"Laikas"},{"$i":"snooze-label","$v":"Atidėti"},{"$i":"snooze-button","$v":"Atidėti"},{"$i":"repeat","$v":"Kart."},{"$i":"vibrate","$v":"Vibruoti"},{"$i":"close","$v":"Užd."},{"$i":"save","$v":"Išsg."},{"$i":"done","$v":"Atl."},{"$i":"kai-select-time","$v":"Rinktis laiką"},{"$i":"closeButton","ariaLabel":"Užd."},{"$i":"newAlarmButton","ariaLabel":"Naujas signalas"},{"$i":"alarm-volume-label","$v":"Sistemos signalo garsumas"},{"$i":"kai-volume","$v":"Garsumas:"},{"$i":"volume-level-display","$v":[{"t":"idOrVar","v":"n"}," / ",{"t":"idOrVar","v":"c"}]},{"$i":"sound","$v":"Garsas"},{"$i":"noSound","$v":"Nėra garso"},{"$i":"kai-ringtones","$v":"Skamb. ton."},{"$i":"everyday","$v":"Kasdien"},{"$i":"weekdays","$v":"Darbo dienomis"},{"$i":"weekends","$v":"Savaitgaliais"},{"$i":"never","$v":"Niekada"},{"$i":"vibrateOn","$v":"Įj."},{"$i":"vibrateOff","$v":"Išjungti"},{"$i":"kai-on","$v":"Įj."},{"$i":"kai-off","$v":"Išjungti"},{"$i":"plusMinute","$v":"+1 min."},{"$i":"dateFormat","$v":"%A, %B %e"},{"$i":"countdown-lessThanAnHour","$v":["Signalas skambės po vienos ",{"t":"idOrVar","v":"minutes"}]},{"$i":"countdown-moreThanAnHour","$v":["Signalas skambės po ",{"t":"idOrVar","v":"hours"}," ir ",{"t":"idOrVar","v":"minutes"}]},{"$i":"countdown-moreThanADay","$v":["Signalas skambės po ",{"t":"idOrVar","v":"days"}," ir ",{"t":"idOrVar","v":"hours"}]},{"$i":"kai-alarm-off","$v":"Signalas išjungt."},{"$i":"kai-alarm-deleted","$v":"Sign. ištrint."},{"$i":"alarm-delete-all","$v":"Visi aliarmai buvo ištrinti."},{"$i":"nMinutes","$v":{"few":[{"t":"idOrVar","v":"n"}," min."],"many":[{"t":"idOrVar","v":"n"}," min."],"one":"viena min.","other":[{"t":"idOrVar","v":"n"}," min."],"two":[{"t":"idOrVar","v":"n"}," min."],"zero":"mažiau nei minutė"},"$x":[{"t":"idOrVar","v":"plural"},"n"]},{"$i":"nHours","$v":{"few":[{"t":"idOrVar","v":"n"}," val."],"many":[{"t":"idOrVar","v":"n"}," val."],"one":[{"t":"idOrVar","v":"n"}," val."],"other":[{"t":"idOrVar","v":"n"}," val."],"two":[{"t":"idOrVar","v":"n"}," val."]},"$x":[{"t":"idOrVar","v":"plural"},"n"]},{"$i":"nAndRemainHours","$v":{"few":["ir ",{"t":"idOrVar","v":"n"}," val."],"many":["ir ",{"t":"idOrVar","v":"n"}," val."],"one":["ir ",{"t":"idOrVar","v":"n"}," val."],"other":["ir ",{"t":"idOrVar","v":"n"}," val."],"two":["ir ",{"t":"idOrVar","v":"n"}," val."]},"$x":[{"t":"idOrVar","v":"plural"},"n"]},{"$i":"nRemainDays","$v":{"few":[{"t":"idOrVar","v":"n"}," d."],"many":[{"t":"idOrVar","v":"n"}," d."],"one":[{"t":"idOrVar","v":"n"}," d."],"other":[{"t":"idOrVar","v":"n"}," d."],"two":[{"t":"idOrVar","v":"n"}," d."]},"$x":[{"t":"idOrVar","v":"plural"},"n"]},{"$i":"nRemainMinutes","$v":{"few":["ir ",{"t":"idOrVar","v":"n"}," min."],"many":["ir ",{"t":"idOrVar","v":"n"}," min."],"one":["ir ",{"t":"idOrVar","v":"n"}," min."],"other":["ir ",{"t":"idOrVar","v":"n"}," min."],"two":["ir ",{"t":"idOrVar","v":"n"}," min."]},"$x":[{"t":"idOrVar","v":"plural"},"n"]},{"$i":"nSpinnerSeconds","$v":{"few":[{"t":"idOrVar","v":"n"}," sek."],"many":[{"t":"idOrVar","v":"n"}," sek."],"one":"viena sek.","other":[{"t":"idOrVar","v":"n"}," sek."],"two":[{"t":"idOrVar","v":"n"}," sek."],"zero":"nulis sekundžių"},"$x":[{"t":"idOrVar","v":"plural"},"n"]},{"$i":"nSpinnerMinutes","$v":{"few":[{"t":"idOrVar","v":"n"}," min."],"many":[{"t":"idOrVar","v":"n"}," min."],"one":"viena min.","other":[{"t":"idOrVar","v":"n"}," min."],"two":[{"t":"idOrVar","v":"n"}," min."],"zero":"nulis minučių"},"$x":[{"t":"idOrVar","v":"plural"},"n"]},{"$i":"nSpinnerHours","$v":{"few":[{"t":"idOrVar","v":"n"}," val."],"many":[{"t":"idOrVar","v":"n"}," val."],"one":[{"t":"idOrVar","v":"n"}," val."],"other":[{"t":"idOrVar","v":"n"}," val."],"two":[{"t":"idOrVar","v":"n"}," val."],"zero":"nulis valandų"},"$x":[{"t":"idOrVar","v":"plural"},"n"]},{"$i":"kai-stop","$v":"Stabdyti"},{"$i":"kai-snooze","$v":"Atidėti"},{"$i":"ac_africa_ogg","$v":"Afrika"},{"$i":"ac_amazon_ogg","$v":"Amazonė"},{"$i":"ac_disco_ogg","$v":"Diskoteka"},{"$i":"ac_fairy_tales_ogg","$v":"Pasakos"},{"$i":"ac_fresh_ogg","$v":"Gaiva"},{"$i":"ac_galaxy_ogg","$v":"Galaktika"},{"$i":"ac_kai_ogg","$v":"Kai"},{"$i":"ac_techno_ogg","$v":"Techno"},{"$i":"ac_woody_ogg","$v":"Medinis"},{"$i":"ac_awake_opus","$v":"Awake"},{"$i":"ac_crystalize_opus","$v":"Crystallise"},{"$i":"ac_cycle_opus","$v":"Cycle"},{"$i":"ac_digicloud_opus","$v":"Digicloud"},{"$i":"ac_humming_waves_opus","$v":"Humming Waves"},{"$i":"ac_into_the_void_opus","$v":"Into the Void"},{"$i":"ac_lightly_opus","$v":"Lightly"},{"$i":"ac_mobile_opus","$v":"Mobile"},{"$i":"ac_pinger_opus","$v":"Pinger"},{"$i":"ac_skip_opus","$v":"Skip"},{"$i":"ac_tri_opus","$v":"Tri"},{"$i":"ac_universal_opus","$v":"Universal"},{"$i":"kai-options","$v":"Funkc."},{"$i":"kai-clock-title","$v":"Laikr."},{"$i":"alarm-title","$v":"Sign."},{"$i":"no-alarms-body","$v":"Sign. nenust. norėd. prad., spaus. Nauj. sign."},{"$i":"kai-new-alarm","$v":"Nauj. sig."},{"$i":"kai-settings","$v":"Parametrai"},{"$i":"kai-cancel","$v":"Atšaukti"},{"$i":"kai-save","$v":"Išsg."},{"$i":"turnOn","$v":"Įjungti"},{"$i":"turnOff","$v":"Išjungti"},{"$i":"edit","$v":"Red."},{"$i":"select","$v":"Rinktis"},{"$i":"kai-delete","$v":"Ištrin."},{"$i":"delete-all","$v":"Ištr. vis."},{"$i":"kai-selected-alarm","$v":"Pasirinktas signalas"},{"$i":"set","$v":"Nustatyti"},{"$i":"kai-start","$v":"Pradėti"},{"$i":"kai-reset","$v":"Atstat."},{"$i":"kai-min-plus","$v":"+1 min."},{"$i":"kai-resume","$v":"Tęsti"},{"$i":"kai-lap","$v":"Etap."},{"$i":"play","$v":"Atk."},{"$i":"kai-no-repeat","$v":"Be pakrt."},{"$i":"kai-confirm-title","$v":"Patvirtinim."},{"$i":"kai-confirm-delete-body","$v":"Ištr. pas. signalą?"},{"$i":"confirm-delete-all-body","$v":"Ištrinti visus aliarmus?"},{"$i":"kai-confirm-end-key-body","$v":{"$o":"Programa bus uždaryta, o duomenys neišsaugoti. <br></br> Norite redaguoti toliau?"}},{"$i":"kai-confirm-exit-button","$v":"Užd."},{"$i":"kai-confirm-return-button","$v":"Grįžti"},{"$i":"weekday-0-long","$v":"Sekmadienis"},{"$i":"weekday-1-long","$v":"Pirmadienis"},{"$i":"weekday-2-long","$v":"Antradienis"},{"$i":"weekday-3-long","$v":"Trečiadienis"},{"$i":"weekday-4-long","$v":"Ketvirtadienis"},{"$i":"weekday-5-long","$v":"Penktadienis"},{"$i":"weekday-6-long","$v":"Šeštadienis"},{"$i":"weekday-0-short","$v":"Sk"},{"$i":"weekday-1-short","$v":"Pr"},{"$i":"weekday-2-short","$v":"An"},{"$i":"weekday-3-short","$v":"Tr"},{"$i":"weekday-4-short","$v":"Kt"},{"$i":"weekday-5-short","$v":"Pn"},{"$i":"weekday-6-short","$v":"Št"},{"$i":"month-0-long","$v":"Sausis"},{"$i":"month-1-long","$v":"Vasaris"},{"$i":"month-2-long","$v":"Kovas"},{"$i":"month-3-long","$v":"Balandis"},{"$i":"month-4-long","$v":"Gegužė"},{"$i":"month-5-long","$v":"Birželis"},{"$i":"month-6-long","$v":"Liepa"},{"$i":"month-7-long","$v":"Rugpjūtis"},{"$i":"month-8-long","$v":"Rugsėjis"},{"$i":"month-9-long","$v":"Spalis"},{"$i":"month-10-long","$v":"Lapkritis"},{"$i":"month-11-long","$v":"Gruodis"},{"$i":"month-0-genitive","$v":"Sausis"},{"$i":"month-1-genitive","$v":"Vasaris"},{"$i":"month-2-genitive","$v":"Kovas"},{"$i":"month-3-genitive","$v":"Balandis"},{"$i":"month-4-genitive","$v":"Gegužė"},{"$i":"month-5-genitive","$v":"Birželis"},{"$i":"month-6-genitive","$v":"Liepa"},{"$i":"month-7-genitive","$v":"Rugpjūtis"},{"$i":"month-8-genitive","$v":"Rugsėjis"},{"$i":"month-9-genitive","$v":"Spalis"},{"$i":"month-10-genitive","$v":"Lapkritis"},{"$i":"month-11-genitive","$v":"Gruodis"},{"$i":"month-0-short","$v":"saus."},{"$i":"month-1-short","$v":"vasar."},{"$i":"month-2-short","$v":"kov."},{"$i":"month-3-short","$v":"balan."},{"$i":"month-4-short","$v":"Geg"},{"$i":"month-5-short","$v":"birž."},{"$i":"month-6-short","$v":"liep."},{"$i":"month-7-short","$v":"rugpj."},{"$i":"month-8-short","$v":"rugs"},{"$i":"month-9-short","$v":"spal."},{"$i":"month-10-short","$v":"lapkr."},{"$i":"month-11-short","$v":"grd."},{"$i":"minutes-ago-long","$v":{"few":["Prieš ",{"t":"idOrVar","v":"value"}," min."],"many":["Prieš ",{"t":"idOrVar","v":"value"}," min."],"one":"prieš minutę","other":["Prieš ",{"t":"idOrVar","v":"value"}," min."],"two":["Prieš ",{"t":"idOrVar","v":"value"}," min."],"zero":"ką tik"},"$x":[{"t":"idOrVar","v":"plural"},"value"]},{"$i":"hours-ago-long","$v":{"few":["Prieš ",{"t":"idOrVar","v":"value"}," val."],"many":["Prieš ",{"t":"idOrVar","v":"value"}," val."],"one":"prieš valandą","other":["Prieš ",{"t":"idOrVar","v":"value"}," val."],"two":["Prieš ",{"t":"idOrVar","v":"value"}," val."],"zero":"ką tik"},"$x":[{"t":"idOrVar","v":"plural"},"value"]},{"$i":"days-ago-long","$v":{"few":["Prieš ",{"t":"idOrVar","v":"value"}," d."],"many":["Prieš ",{"t":"idOrVar","v":"value"}," d."],"one":"vakar","other":["Prieš ",{"t":"idOrVar","v":"value"}," d."],"two":["Prieš ",{"t":"idOrVar","v":"value"}," d."],"zero":"šiandien"},"$x":[{"t":"idOrVar","v":"plural"},"value"]},{"$i":"weeks-ago-long","$v":{"few":["Prieš ",{"t":"idOrVar","v":"value"}," sav."],"many":["Prieš ",{"t":"idOrVar","v":"value"}," sav."],"one":"pas. sav.","other":["Prieš ",{"t":"idOrVar","v":"value"}," sav."],"two":["Prieš ",{"t":"idOrVar","v":"value"}," sav."],"zero":"ši savaitė"},"$x":[{"t":"idOrVar","v":"plural"},"value"]},{"$i":"months-ago-long","$v":{"few":[{"t":"idOrVar","v":"value"}," mėn. po"],"many":[{"t":"idOrVar","v":"value"}," mėn. po"],"one":"pask. mėn.","other":[{"t":"idOrVar","v":"value"}," mėn. po"],"two":[{"t":"idOrVar","v":"value"}," mėn. po"],"zero":"šis mėnuo"},"$x":[{"t":"idOrVar","v":"plural"},"value"]},{"$i":"years-ago-long","$v":{"few":["Prieš ",{"t":"idOrVar","v":"value"}," met."],"many":["Prieš ",{"t":"idOrVar","v":"value"}," met."],"one":"Pas. met.","other":["Prieš ",{"t":"idOrVar","v":"value"}," met."],"two":["Prieš ",{"t":"idOrVar","v":"value"}," met."],"zero":"šie metai"},"$x":[{"t":"idOrVar","v":"plural"},"value"]},{"$i":"minutes-until-long","$v":{"few":["per ",{"t":"idOrVar","v":"value"}," min."],"many":["per ",{"t":"idOrVar","v":"value"}," min."],"one":"per min.","other":["per ",{"t":"idOrVar","v":"value"}," min."],"two":["per ",{"t":"idOrVar","v":"value"}," min."],"zero":"dabar"},"$x":[{"t":"idOrVar","v":"plural"},"value"]},{"$i":"hours-until-long","$v":{"few":["per ",{"t":"idOrVar","v":"value"}," val."],"many":["per ",{"t":"idOrVar","v":"value"}," val."],"one":"per val.","other":["per ",{"t":"idOrVar","v":"value"}," val."],"two":["per ",{"t":"idOrVar","v":"value"}," val."],"zero":"dabar"},"$x":[{"t":"idOrVar","v":"plural"},"value"]},{"$i":"days-until-long","$v":{"few":["per ",{"t":"idOrVar","v":"value"}," d."],"many":["per ",{"t":"idOrVar","v":"value"}," d."],"one":"rytoj","other":["per ",{"t":"idOrVar","v":"value"}," d."],"two":["per ",{"t":"idOrVar","v":"value"}," d."],"zero":"šiandien"},"$x":[{"t":"idOrVar","v":"plural"},"value"]},{"$i":"weeks-until-long","$v":{"few":["per ",{"t":"idOrVar","v":"value"}," sav."],"many":["per ",{"t":"idOrVar","v":"value"}," sav."],"one":"kita sav.","other":["per ",{"t":"idOrVar","v":"value"}," sav."],"two":["per ",{"t":"idOrVar","v":"value"}," sav."],"zero":"ši savaitė"},"$x":[{"t":"idOrVar","v":"plural"},"value"]},{"$i":"months-until-long","$v":{"few":["per ",{"t":"idOrVar","v":"value"}," mėn."],"many":["per ",{"t":"idOrVar","v":"value"}," mėn."],"one":"kit. mėn.","other":["per ",{"t":"idOrVar","v":"value"}," mėn."],"two":["per ",{"t":"idOrVar","v":"value"}," mėn."],"zero":"šis mėnuo"},"$x":[{"t":"idOrVar","v":"plural"},"value"]},{"$i":"years-until-long","$v":{"few":["per ",{"t":"idOrVar","v":"value"}," met."],"many":["per ",{"t":"idOrVar","v":"value"}," met."],"one":"kit. met.","other":["per ",{"t":"idOrVar","v":"value"}," met."],"two":["per ",{"t":"idOrVar","v":"value"}," met."],"zero":"šie metai"},"$x":[{"t":"idOrVar","v":"plural"},"value"]},{"$i":"minutes-ago-short","$v":{"other":["Prieš ",{"t":"idOrVar","v":"value"},"min."],"zero":"ką tik"},"$x":[{"t":"idOrVar","v":"plural"},"value"]},{"$i":"hours-ago-short","$v":{"other":["Prieš ",{"t":"idOrVar","v":"value"},"val."],"zero":"ką tik"},"$x":[{"t":"idOrVar","v":"plural"},"value"]},{"$i":"days-ago-short","$v":{"other":["Prieš ",{"t":"idOrVar","v":"value"},"d."],"zero":"šiandien"},"$x":[{"t":"idOrVar","v":"plural"},"value"]},{"$i":"minutes-until-short","$v":{"other":["per ",{"t":"idOrVar","v":"value"},"min."],"zero":"dabar"},"$x":[{"t":"idOrVar","v":"plural"},"value"]},{"$i":"hours-until-short","$v":{"other":["per ",{"t":"idOrVar","v":"value"},"val."],"zero":"dabar"},"$x":[{"t":"idOrVar","v":"plural"},"value"]},{"$i":"days-until-short","$v":{"other":["per ",{"t":"idOrVar","v":"value"},"d"],"zero":"šiandien"},"$x":[{"t":"idOrVar","v":"plural"},"value"]},{"$i":"incorrectDate","$v":"(neteisinga data)"},{"$i":"dateTimeFormat_%c","$v":"%a %b %e %Y %I:%M:%S %p"},{"$i":"dateTimeFormat_%x","$v":"%m/%d/%Y"},{"$i":"dateTimeFormat_%X","$v":"%I:%M:%S %p"},{"$i":"shortTimeFormat","$v":"%I:%M %p"},{"$i":"shortTimeFormat12","$v":"%I:%M %p"},{"$i":"shortTimeFormat24","$v":"%H:%M"},{"$i":"shortDateTimeFormat","$v":"%x %I:%M %p"},{"$i":"weekStartsOnMonday","$v":"0.0"},{"$i":"firstDayOfTheWeek","$v":"1.0"},{"$i":"time_am","$v":"AM"},{"$i":"time_pm","$v":"PM"},{"$i":"softkey-options","$v":"Funkc."}]