[{"$i":"reset","$v":"Atjaunot"},{"$i":"start","$v":"Startēt"},{"$i":"stop","$v":"Pārtraukt"},{"$i":"cancel","$v":"Atcelt"},{"$i":"hour","$v":"Stunda"},{"$i":"hours","$v":"Stundas"},{"$i":"minute","$v":"Minūte"},{"$i":"minutes","$v":"Minūtes"},{"$i":"second","$v":"Sekunde"},{"$i":"alarm","$v":"Modinātājs"},{"$i":"alarm-name","placeholder":"Modinātājs"},{"$i":"timer","$v":"Taimeris"},{"$i":"stopwatch","$v":"Hronometrs"},{"$i":"alarmName","$v":"Signāla nosaukums"},{"$i":"newAlarm","$v":"Jauns signāls"},{"$i":"editAlarm","$v":"Rediģēt signālu"},{"$i":"tclSettings","$v":"Uzstādījumi"},{"$i":"clock-settings","$v":"Pulksteņa uzstādījumi"},{"$i":"alarms-maximum","$v":"Sasniegts maksimālais modinātāju skaits."},{"$i":"laps-maximum","$v":"Sasniegts maksimālais apļu skaits."},{"$i":"changes-saved","$v":"Izmaiņas saglabātas."},{"$i":"pause","$v":"Apturēt"},{"$i":"resume","$v":"Turpināt"},{"$i":"lap","$v":"Aplis"},{"$i":"lap-number","$v":["Aplis ",{"t":"idOrVar","v":"n"}]},{"$i":"timer-hour","$v":"Stunda"},{"$i":"timer-min","$v":"minūti"},{"$i":"timer-sec","$v":"Sekunde"},{"$i":"delete","$v":"Dzēst"},{"$i":"time","$v":"Laiks"},{"$i":"snooze-label","$v":"Atlikt"},{"$i":"snooze-button","$v":"Atlikt"},{"$i":"repeat","$v":"Atkārtošana"},{"$i":"vibrate","$v":"Vibrēt"},{"$i":"close","$v":"Aizvērt"},{"$i":"save","$v":"Saglabāt"},{"$i":"done","$v":"Gatavs"},{"$i":"kai-select-time","$v":"Atlasiet laiku"},{"$i":"closeButton","ariaLabel":"Aizvērt"},{"$i":"newAlarmButton","ariaLabel":"Jauns signāls"},{"$i":"alarm-volume-label","$v":"Sistēmas signāla skaļums"},{"$i":"kai-volume","$v":"Tilpums:"},{"$i":"volume-level-display","$v":[{"t":"idOrVar","v":"n"}," / ",{"t":"idOrVar","v":"c"}]},{"$i":"sound","$v":"Skaņa"},{"$i":"noSound","$v":"Nav skaņas"},{"$i":"kai-ringtones","$v":"Ringtones"},{"$i":"everyday","$v":"Katru dienu"},{"$i":"weekdays","$v":"Darbadienas"},{"$i":"weekends","$v":"Brīvdienas"},{"$i":"never","$v":"Nekad"},{"$i":"vibrateOn","$v":"Ieslēgts"},{"$i":"vibrateOff","$v":"Izslēgta"},{"$i":"kai-on","$v":"Ieslēgts"},{"$i":"kai-off","$v":"Izslēgta"},{"$i":"plusMinute","$v":"+1 min."},{"$i":"dateFormat","$v":"%A, %B %e"},{"$i":"countdown-lessThanAnHour","$v":["Signāls ir iestatīts. Atlicis laiks: mazāk par ",{"t":"idOrVar","v":"minutes"},"."]},{"$i":"countdown-moreThanAnHour","$v":["Signāls ir iestatīts. Atlicis laiks: ",{"t":"idOrVar","v":"hours"}," ",{"t":"idOrVar","v":"minutes"}]},{"$i":"countdown-moreThanADay","$v":["Signāls ir iestatīts pēc ",{"t":"idOrVar","v":"days"}," dienām un ",{"t":"idOrVar","v":"hours"}," stundām no šī brīža."]},{"$i":"kai-alarm-off","$v":"Signāls izslēgts."},{"$i":"kai-alarm-deleted","$v":"Signāls dzēsts."},{"$i":"alarm-delete-all","$v":"Visi trauksmes signāli ir izdzēsti."},{"$i":"nMinutes","$v":{"few":[{"t":"idOrVar","v":"n"}," min"],"many":[{"t":"idOrVar","v":"n"}," min"],"one":"viena minūte","other":[{"t":"idOrVar","v":"n"}," min"],"two":[{"t":"idOrVar","v":"n"}," min"],"zero":"atlicis mazāk par minūti"},"$x":[{"t":"idOrVar","v":"plural"},"n"]},{"$i":"nHours","$v":{"few":[{"t":"idOrVar","v":"n"}," stundas"],"many":[{"t":"idOrVar","v":"n"}," stundas"],"one":[{"t":"idOrVar","v":"n"}," stunda"],"other":[{"t":"idOrVar","v":"n"}," stundas"],"two":[{"t":"idOrVar","v":"n"}," stundas"]},"$x":[{"t":"idOrVar","v":"plural"},"n"]},{"$i":"nAndRemainHours","$v":{"few":["un ",{"t":"idOrVar","v":"n"}," stundas"],"many":["un ",{"t":"idOrVar","v":"n"}," stundas"],"one":["un ",{"t":"idOrVar","v":"n"}," stunda"],"other":["un ",{"t":"idOrVar","v":"n"}," stundas"],"two":["un ",{"t":"idOrVar","v":"n"}," stundas"]},"$x":[{"t":"idOrVar","v":"plural"},"n"]},{"$i":"nRemainDays","$v":{"few":[{"t":"idOrVar","v":"n"}," dienas"],"many":[{"t":"idOrVar","v":"n"}," dienas"],"one":[{"t":"idOrVar","v":"n"}," diena"],"other":[{"t":"idOrVar","v":"n"}," dienas"],"two":[{"t":"idOrVar","v":"n"}," dienas"]},"$x":[{"t":"idOrVar","v":"plural"},"n"]},{"$i":"nRemainMinutes","$v":{"few":["un ",{"t":"idOrVar","v":"n"}," minūtes"],"many":["un ",{"t":"idOrVar","v":"n"}," minūtes"],"one":["un ",{"t":"idOrVar","v":"n"}," minūte"],"other":["un ",{"t":"idOrVar","v":"n"}," minūtes"],"two":["un ",{"t":"idOrVar","v":"n"}," minūtes"]},"$x":[{"t":"idOrVar","v":"plural"},"n"]},{"$i":"nSpinnerSeconds","$v":{"few":[{"t":"idOrVar","v":"n"}," sekundes"],"many":[{"t":"idOrVar","v":"n"}," sekundes"],"one":"viena sekunde","other":[{"t":"idOrVar","v":"n"}," sekundes"],"two":[{"t":"idOrVar","v":"n"}," sekundes"],"zero":"nulle sekundes"},"$x":[{"t":"idOrVar","v":"plural"},"n"]},{"$i":"nSpinnerMinutes","$v":{"few":[{"t":"idOrVar","v":"n"}," min"],"many":[{"t":"idOrVar","v":"n"}," min"],"one":"viena minūte","other":[{"t":"idOrVar","v":"n"}," min"],"two":[{"t":"idOrVar","v":"n"}," min"],"zero":"nulle minūtes"},"$x":[{"t":"idOrVar","v":"plural"},"n"]},{"$i":"nSpinnerHours","$v":{"few":[{"t":"idOrVar","v":"n"}," stundas"],"many":[{"t":"idOrVar","v":"n"}," stundas"],"one":[{"t":"idOrVar","v":"n"}," stunda"],"other":[{"t":"idOrVar","v":"n"}," stundas"],"two":[{"t":"idOrVar","v":"n"}," stundas"],"zero":"nulle stundas"},"$x":[{"t":"idOrVar","v":"plural"},"n"]},{"$i":"kai-stop","$v":"Pārtraukt"},{"$i":"kai-snooze","$v":"Atlikt"},{"$i":"ac_africa_ogg","$v":"Āfrika"},{"$i":"ac_amazon_ogg","$v":"Amazone"},{"$i":"ac_disco_ogg","$v":"Disko"},{"$i":"ac_fairy_tales_ogg","$v":"Pasakas"},{"$i":"ac_fresh_ogg","$v":"Svaigs"},{"$i":"ac_galaxy_ogg","$v":"Galaktika"},{"$i":"ac_kai_ogg","$v":"Kajs"},{"$i":"ac_techno_ogg","$v":"Tehno"},{"$i":"ac_woody_ogg","$v":"Kokains"},{"$i":"ac_awake_opus","$v":"Awake"},{"$i":"ac_crystalize_opus","$v":"Crystallise"},{"$i":"ac_cycle_opus","$v":"Cycle"},{"$i":"ac_digicloud_opus","$v":"Digicloud"},{"$i":"ac_humming_waves_opus","$v":"Humming Waves"},{"$i":"ac_into_the_void_opus","$v":"Into the Void"},{"$i":"ac_lightly_opus","$v":"Lightly"},{"$i":"ac_mobile_opus","$v":"Mobile"},{"$i":"ac_pinger_opus","$v":"Pinger"},{"$i":"ac_skip_opus","$v":"Skip"},{"$i":"ac_tri_opus","$v":"Tri"},{"$i":"ac_universal_opus","$v":"Universal"},{"$i":"kai-options","$v":"Iespējas"},{"$i":"kai-clock-title","$v":"Pulkstenis"},{"$i":"alarm-title","$v":"Modinātājs"},{"$i":"no-alarms-body","$v":"Nav iestatīts neviens signāls. Lai sāktu darbu, nospiediet uz Jauns signāls."},{"$i":"kai-new-alarm","$v":"Jauns"},{"$i":"kai-settings","$v":"Uzstādījumi"},{"$i":"kai-cancel","$v":"Atcelt"},{"$i":"kai-save","$v":"Saglabāt"},{"$i":"turnOn","$v":"Ieslēgt"},{"$i":"turnOff","$v":"Izslēgt"},{"$i":"edit","$v":"Rediģēt"},{"$i":"select","$v":"Atlasīt"},{"$i":"kai-delete","$v":"Dzēst"},{"$i":"delete-all","$v":"Dzēst visu"},{"$i":"kai-selected-alarm","$v":"Atlasītais signāls"},{"$i":"set","$v":"Kopa"},{"$i":"kai-start","$v":"Startēt"},{"$i":"kai-reset","$v":"Atjaunot"},{"$i":"kai-min-plus","$v":"+1 min."},{"$i":"kai-resume","$v":"Turpināt"},{"$i":"kai-lap","$v":"Aplis"},{"$i":"play","$v":"Atskaņot"},{"$i":"kai-no-repeat","$v":"Neatkārtot"},{"$i":"kai-confirm-title","$v":"Apstiprinājums"},{"$i":"kai-confirm-delete-body","$v":"Vai dzēst izvēlēto signālu?"},{"$i":"confirm-delete-all-body","$v":"Vai dzēst visus trauksmes signālus?"},{"$i":"kai-confirm-end-key-body","$v":{"$o":"Aizverot programmu, tiks zaudēti dati. <br></br> Vai vēlaties atgriezties pie rediģēšanas?"}},{"$i":"kai-confirm-exit-button","$v":"Iziet"},{"$i":"kai-confirm-return-button","$v":"Peļņa"},{"$i":"weekday-0-long","$v":"Svētdiena"},{"$i":"weekday-1-long","$v":"Pirmdiena"},{"$i":"weekday-2-long","$v":"Otrdiena"},{"$i":"weekday-3-long","$v":"Trešdiens"},{"$i":"weekday-4-long","$v":"Ceturtdiena"},{"$i":"weekday-5-long","$v":"Piektdiena"},{"$i":"weekday-6-long","$v":"Sestdiena"},{"$i":"weekday-0-short","$v":"Sv"},{"$i":"weekday-1-short","$v":"P"},{"$i":"weekday-2-short","$v":"O"},{"$i":"weekday-3-short","$v":"T"},{"$i":"weekday-4-short","$v":"C"},{"$i":"weekday-5-short","$v":"Pk"},{"$i":"weekday-6-short","$v":"S"},{"$i":"month-0-long","$v":"Janvāris"},{"$i":"month-1-long","$v":"Februāris"},{"$i":"month-2-long","$v":"Marts"},{"$i":"month-3-long","$v":"Aprīlis"},{"$i":"month-4-long","$v":"Maijs"},{"$i":"month-5-long","$v":"Jūnijs"},{"$i":"month-6-long","$v":"Jūlijs"},{"$i":"month-7-long","$v":"Augusts"},{"$i":"month-8-long","$v":"Septembris"},{"$i":"month-9-long","$v":"Oktobris"},{"$i":"month-10-long","$v":"Novembris"},{"$i":"month-11-long","$v":"Decembris"},{"$i":"month-0-genitive","$v":"Janvāris"},{"$i":"month-1-genitive","$v":"Februāris"},{"$i":"month-2-genitive","$v":"Marts"},{"$i":"month-3-genitive","$v":"Aprīlis"},{"$i":"month-4-genitive","$v":"Maijs"},{"$i":"month-5-genitive","$v":"Jūnijs"},{"$i":"month-6-genitive","$v":"Jūlijs"},{"$i":"month-7-genitive","$v":"Augusts"},{"$i":"month-8-genitive","$v":"Septembris"},{"$i":"month-9-genitive","$v":"Oktobris"},{"$i":"month-10-genitive","$v":"Novembris"},{"$i":"month-11-genitive","$v":"Decembris"},{"$i":"month-0-short","$v":"Jan."},{"$i":"month-1-short","$v":"Febr."},{"$i":"month-2-short","$v":"Marts"},{"$i":"month-3-short","$v":"Apr."},{"$i":"month-4-short","$v":"Maijs"},{"$i":"month-5-short","$v":"Jūn."},{"$i":"month-6-short","$v":"Jūl."},{"$i":"month-7-short","$v":"Aug."},{"$i":"month-8-short","$v":"Sept."},{"$i":"month-9-short","$v":"Okt."},{"$i":"month-10-short","$v":"Nov."},{"$i":"month-11-short","$v":"Dec."},{"$i":"minutes-ago-long","$v":{"few":["Pirms ",{"t":"idOrVar","v":"value"}," minūtēm"],"many":["Pirms ",{"t":"idOrVar","v":"value"}," minūtēm"],"one":"pirms minūtes","other":["Pirms ",{"t":"idOrVar","v":"value"}," minūtēm"],"two":["Pirms ",{"t":"idOrVar","v":"value"}," minūtēm"],"zero":"tikko"},"$x":[{"t":"idOrVar","v":"plural"},"value"]},{"$i":"hours-ago-long","$v":{"few":["Pirms ",{"t":"idOrVar","v":"value"}," stundām"],"many":["Pirms ",{"t":"idOrVar","v":"value"}," stundām"],"one":"pirms stundas","other":["Pirms ",{"t":"idOrVar","v":"value"}," stundām"],"two":["Pirms ",{"t":"idOrVar","v":"value"}," stundām"],"zero":"tikko"},"$x":[{"t":"idOrVar","v":"plural"},"value"]},{"$i":"days-ago-long","$v":{"few":["Pirms ",{"t":"idOrVar","v":"value"}," dienām"],"many":["Pirms ",{"t":"idOrVar","v":"value"}," dienām"],"one":"vakar","other":["Pirms ",{"t":"idOrVar","v":"value"}," dienām"],"two":["Pirms ",{"t":"idOrVar","v":"value"}," dienām"],"zero":"šodien"},"$x":[{"t":"idOrVar","v":"plural"},"value"]},{"$i":"weeks-ago-long","$v":{"few":["Pirms ",{"t":"idOrVar","v":"value"}," nedēļām"],"many":["Pirms ",{"t":"idOrVar","v":"value"}," nedēļām"],"one":"pagājušajā nedēļā","other":["Pirms ",{"t":"idOrVar","v":"value"}," nedēļām"],"two":["Pirms ",{"t":"idOrVar","v":"value"}," nedēļām"],"zero":"šonedēļ"},"$x":[{"t":"idOrVar","v":"plural"},"value"]},{"$i":"months-ago-long","$v":{"few":["Pirms ",{"t":"idOrVar","v":"value"}," mēnešiem"],"many":["Pirms ",{"t":"idOrVar","v":"value"}," mēnešiem"],"one":"pagājušajā mēnesī","other":["Pirms ",{"t":"idOrVar","v":"value"}," mēnešiem"],"two":["Pirms ",{"t":"idOrVar","v":"value"}," mēnešiem"],"zero":"šomēnes"},"$x":[{"t":"idOrVar","v":"plural"},"value"]},{"$i":"years-ago-long","$v":{"few":["Pirms ",{"t":"idOrVar","v":"value"}," gadiem"],"many":["Pirms ",{"t":"idOrVar","v":"value"}," gadiem"],"one":"pagājušajā gadā","other":["Pirms ",{"t":"idOrVar","v":"value"}," gadiem"],"two":["Pirms ",{"t":"idOrVar","v":"value"}," gadiem"],"zero":"šogad"},"$x":[{"t":"idOrVar","v":"plural"},"value"]},{"$i":"minutes-until-long","$v":{"few":[{"t":"idOrVar","v":"value"}," minūtēs"],"many":[{"t":"idOrVar","v":"value"}," minūtēs"],"one":"minūtē","other":[{"t":"idOrVar","v":"value"}," minūtēs"],"two":[{"t":"idOrVar","v":"value"}," minūtēs"],"zero":"tūlīt"},"$x":[{"t":"idOrVar","v":"plural"},"value"]},{"$i":"hours-until-long","$v":{"few":[{"t":"idOrVar","v":"value"}," stundās"],"many":[{"t":"idOrVar","v":"value"}," stundās"],"one":"stundā","other":[{"t":"idOrVar","v":"value"}," stundās"],"two":[{"t":"idOrVar","v":"value"}," stundās"],"zero":"tūlīt"},"$x":[{"t":"idOrVar","v":"plural"},"value"]},{"$i":"days-until-long","$v":{"few":[{"t":"idOrVar","v":"value"}," dienās"],"many":[{"t":"idOrVar","v":"value"}," dienās"],"one":"rīt","other":[{"t":"idOrVar","v":"value"}," dienās"],"two":[{"t":"idOrVar","v":"value"}," dienās"],"zero":"šodien"},"$x":[{"t":"idOrVar","v":"plural"},"value"]},{"$i":"weeks-until-long","$v":{"few":[{"t":"idOrVar","v":"value"}," nedēļās"],"many":[{"t":"idOrVar","v":"value"}," nedēļās"],"one":"nākamā nedēļa","other":[{"t":"idOrVar","v":"value"}," nedēļās"],"two":[{"t":"idOrVar","v":"value"}," nedēļās"],"zero":"šonedēļ"},"$x":[{"t":"idOrVar","v":"plural"},"value"]},{"$i":"months-until-long","$v":{"few":[{"t":"idOrVar","v":"value"}," mēnešos"],"many":[{"t":"idOrVar","v":"value"}," mēnešos"],"one":"nākamais mēnesis","other":[{"t":"idOrVar","v":"value"}," mēnešos"],"two":[{"t":"idOrVar","v":"value"}," mēnešos"],"zero":"šomēnes"},"$x":[{"t":"idOrVar","v":"plural"},"value"]},{"$i":"years-until-long","$v":{"few":[{"t":"idOrVar","v":"value"}," gados"],"many":[{"t":"idOrVar","v":"value"}," gados"],"one":"nākamais gads","other":[{"t":"idOrVar","v":"value"}," gados"],"two":[{"t":"idOrVar","v":"value"}," gados"],"zero":"šogad"},"$x":[{"t":"idOrVar","v":"plural"},"value"]},{"$i":"minutes-ago-short","$v":{"other":["Pirms ",{"t":"idOrVar","v":"value"}," min."],"zero":"tikko"},"$x":[{"t":"idOrVar","v":"plural"},"value"]},{"$i":"hours-ago-short","$v":{"other":["Pirms ",{"t":"idOrVar","v":"value"}," stundām"],"zero":"tikko"},"$x":[{"t":"idOrVar","v":"plural"},"value"]},{"$i":"days-ago-short","$v":{"other":["Pirms ",{"t":"idOrVar","v":"value"}," d."],"zero":"šodien"},"$x":[{"t":"idOrVar","v":"plural"},"value"]},{"$i":"minutes-until-short","$v":{"other":[{"t":"idOrVar","v":"value"}," min."],"zero":"tūlīt"},"$x":[{"t":"idOrVar","v":"plural"},"value"]},{"$i":"hours-until-short","$v":{"other":[{"t":"idOrVar","v":"value"}," st."],"zero":"tūlīt"},"$x":[{"t":"idOrVar","v":"plural"},"value"]},{"$i":"days-until-short","$v":{"other":[{"t":"idOrVar","v":"value"}," dienās"],"zero":"šodien"},"$x":[{"t":"idOrVar","v":"plural"},"value"]},{"$i":"incorrectDate","$v":"(nepareizs datums)"},{"$i":"dateTimeFormat_%c","$v":"%a %b %e %Y %I:%M:%S %p"},{"$i":"dateTimeFormat_%x","$v":"%m/%d/%Y"},{"$i":"dateTimeFormat_%X","$v":"%I:%M:%S %p"},{"$i":"shortTimeFormat","$v":"%I:%M %p"},{"$i":"shortTimeFormat12","$v":"%I:%M %p"},{"$i":"shortTimeFormat24","$v":"%H:%M"},{"$i":"shortDateTimeFormat","$v":"%x %I:%M %p"},{"$i":"weekStartsOnMonday","$v":"0.0"},{"$i":"firstDayOfTheWeek","$v":"1.0"},{"$i":"time_am","$v":"no rīta"},{"$i":"time_pm","$v":"Pēc plkst."},{"$i":"softkey-options","$v":"Iespējas"}]