[{"$i":"reset","$v":"Повт.постав."},{"$i":"start","$v":"Почеток"},{"$i":"stop","$v":"Запри"},{"$i":"cancel","$v":"Откажи"},{"$i":"hour","$v":"Час"},{"$i":"hours","$v":"Часа"},{"$i":"minute","$v":"Мин."},{"$i":"minutes","$v":"Минути"},{"$i":"second","$v":"секунда"},{"$i":"alarm","$v":"Аларм"},{"$i":"alarm-name","placeholder":"Аларм"},{"$i":"timer","$v":"Тајмер"},{"$i":"stopwatch","$v":"Стоперица"},{"$i":"alarmName","$v":"Име на аларм"},{"$i":"newAlarm","$v":"Нов аларм"},{"$i":"editAlarm","$v":"Уредување на аларм"},{"$i":"tclSettings","$v":"Параметри"},{"$i":"clock-settings","$v":"Поставки за часовникот"},{"$i":"alarms-maximum","$v":"Достигнавте макс. број на аларми"},{"$i":"laps-maximum","$v":"Достигнавте макс. број на кругови"},{"$i":"changes-saved","$v":"Промените се зачувани."},{"$i":"pause","$v":"Паузирај"},{"$i":"resume","$v":"Продолжи"},{"$i":"lap","$v":"Круг"},{"$i":"lap-number","$v":["Круг ",{"t":"idOrVar","v":"n"}]},{"$i":"timer-hour","$v":"час"},{"$i":"timer-min","$v":"минута"},{"$i":"timer-sec","$v":"секунда"},{"$i":"delete","$v":"Избриши"},{"$i":"time","$v":"Време"},{"$i":"snooze-label","$v":"Одл."},{"$i":"snooze-button","$v":"Одл."},{"$i":"repeat","$v":"Повтори"},{"$i":"vibrate","$v":"Вибрира"},{"$i":"close","$v":"Затвори"},{"$i":"save","$v":"Зачувај"},{"$i":"done","$v":"Готово"},{"$i":"kai-select-time","$v":"Изберете време"},{"$i":"closeButton","ariaLabel":"Затвори"},{"$i":"newAlarmButton","ariaLabel":"Нов аларм"},{"$i":"alarm-volume-label","$v":"Јач. на систем.аларм"},{"$i":"kai-volume","$v":"Волумен:"},{"$i":"volume-level-display","$v":[{"t":"idOrVar","v":"n"}," / ",{"t":"idOrVar","v":"c"}]},{"$i":"sound","$v":"Звук"},{"$i":"noSound","$v":"Нема звук"},{"$i":"kai-ringtones","$v":"Мелодии"},{"$i":"everyday","$v":"Секој ден"},{"$i":"weekdays","$v":"Делн."},{"$i":"weekends","$v":"Вик."},{"$i":"never","$v":"Никогаш"},{"$i":"vibrateOn","$v":"Вклучено"},{"$i":"vibrateOff","$v":"Исклучено"},{"$i":"kai-on","$v":"Вклучено"},{"$i":"kai-off","$v":"Исклучено"},{"$i":"plusMinute","$v":"+1 Мин"},{"$i":"dateFormat","$v":"%A, %B %e"},{"$i":"countdown-lessThanAnHour","$v":["Алармот е поставен за ",{"t":"idOrVar","v":"minutes"}," од сега."]},{"$i":"countdown-moreThanAnHour","$v":["Алармот е поставен за ",{"t":"idOrVar","v":"hours"}," ",{"t":"idOrVar","v":"minutes"}," од сега."]},{"$i":"countdown-moreThanADay","$v":["Алармот е поставен за ",{"t":"idOrVar","v":"days"}," ",{"t":"idOrVar","v":"hours"}," од сега."]},{"$i":"kai-alarm-off","$v":"Алармот е искл."},{"$i":"kai-alarm-deleted","$v":"Алармот е избришан."},{"$i":"alarm-delete-all","$v":"Сите аларми се избришани."},{"$i":"nMinutes","$v":{"few":[{"t":"idOrVar","v":"n"}," минути"],"many":[{"t":"idOrVar","v":"n"}," минути"],"one":"една минута","other":[{"t":"idOrVar","v":"n"}," минути"],"two":[{"t":"idOrVar","v":"n"}," минути"],"zero":"помалку од една минута"},"$x":[{"t":"idOrVar","v":"plural"},"n"]},{"$i":"nHours","$v":{"few":[{"t":"idOrVar","v":"n"}," часа"],"many":[{"t":"idOrVar","v":"n"}," часа"],"one":[{"t":"idOrVar","v":"n"}," час"],"other":[{"t":"idOrVar","v":"n"}," часа"],"two":[{"t":"idOrVar","v":"n"}," часа"]},"$x":[{"t":"idOrVar","v":"plural"},"n"]},{"$i":"nAndRemainHours","$v":{"few":["и ",{"t":"idOrVar","v":"n"}," часа"],"many":["и ",{"t":"idOrVar","v":"n"}," часа"],"one":["и ",{"t":"idOrVar","v":"n"}," час"],"other":["и ",{"t":"idOrVar","v":"n"}," часа"],"two":["и ",{"t":"idOrVar","v":"n"}," часа"]},"$x":[{"t":"idOrVar","v":"plural"},"n"]},{"$i":"nRemainDays","$v":{"few":[{"t":"idOrVar","v":"n"}," дена"],"many":[{"t":"idOrVar","v":"n"}," дена"],"one":[{"t":"idOrVar","v":"n"}," ден"],"other":[{"t":"idOrVar","v":"n"}," дена"],"two":[{"t":"idOrVar","v":"n"}," дена"]},"$x":[{"t":"idOrVar","v":"plural"},"n"]},{"$i":"nRemainMinutes","$v":{"few":["и ",{"t":"idOrVar","v":"n"}," минути"],"many":["и ",{"t":"idOrVar","v":"n"}," минути"],"one":["и ",{"t":"idOrVar","v":"n"}," минута"],"other":["и ",{"t":"idOrVar","v":"n"}," минути"],"two":["и ",{"t":"idOrVar","v":"n"}," минути"]},"$x":[{"t":"idOrVar","v":"plural"},"n"]},{"$i":"nSpinnerSeconds","$v":{"few":[{"t":"idOrVar","v":"n"}," секунди"],"many":[{"t":"idOrVar","v":"n"}," секунди"],"one":"една секунда","other":[{"t":"idOrVar","v":"n"}," секунди"],"two":[{"t":"idOrVar","v":"n"}," секунди"],"zero":"нула секунди"},"$x":[{"t":"idOrVar","v":"plural"},"n"]},{"$i":"nSpinnerMinutes","$v":{"few":[{"t":"idOrVar","v":"n"}," минути"],"many":[{"t":"idOrVar","v":"n"}," минути"],"one":"една минута","other":[{"t":"idOrVar","v":"n"}," минути"],"two":[{"t":"idOrVar","v":"n"}," минути"],"zero":"нула минути"},"$x":[{"t":"idOrVar","v":"plural"},"n"]},{"$i":"nSpinnerHours","$v":{"few":[{"t":"idOrVar","v":"n"}," часа"],"many":[{"t":"idOrVar","v":"n"}," часа"],"one":[{"t":"idOrVar","v":"n"}," час"],"other":[{"t":"idOrVar","v":"n"}," часа"],"two":[{"t":"idOrVar","v":"n"}," часа"],"zero":"нула часови"},"$x":[{"t":"idOrVar","v":"plural"},"n"]},{"$i":"kai-stop","$v":"Запри"},{"$i":"kai-snooze","$v":"Одл."},{"$i":"ac_africa_ogg","$v":"Африка"},{"$i":"ac_amazon_ogg","$v":"Амазон"},{"$i":"ac_disco_ogg","$v":"Диско"},{"$i":"ac_fairy_tales_ogg","$v":"Бајки"},{"$i":"ac_fresh_ogg","$v":"Свежо"},{"$i":"ac_galaxy_ogg","$v":"Галаксија"},{"$i":"ac_kai_ogg","$v":"Каи"},{"$i":"ac_techno_ogg","$v":"Техно"},{"$i":"ac_woody_ogg","$v":"Дрвенест"},{"$i":"ac_awake_opus","$v":"Awake"},{"$i":"ac_crystalize_opus","$v":"Crystallise"},{"$i":"ac_cycle_opus","$v":"Cycle"},{"$i":"ac_digicloud_opus","$v":"Digicloud"},{"$i":"ac_humming_waves_opus","$v":"Humming Waves"},{"$i":"ac_into_the_void_opus","$v":"Into the Void"},{"$i":"ac_lightly_opus","$v":"Lightly"},{"$i":"ac_mobile_opus","$v":"Mobile"},{"$i":"ac_pinger_opus","$v":"Pinger"},{"$i":"ac_skip_opus","$v":"Skip"},{"$i":"ac_tri_opus","$v":"Tri"},{"$i":"ac_universal_opus","$v":"Universal"},{"$i":"kai-options","$v":"Опции"},{"$i":"kai-clock-title","$v":"Часовник"},{"$i":"alarm-title","$v":"Аларм"},{"$i":"no-alarms-body","$v":"Не беа поставени аларми. Притиснете Нов аларм за да започнете."},{"$i":"kai-new-alarm","$v":"Нов аларм"},{"$i":"kai-settings","$v":"Параметри"},{"$i":"kai-cancel","$v":"Откажи"},{"$i":"kai-save","$v":"Зачувај"},{"$i":"turnOn","$v":"Вклучете"},{"$i":"turnOff","$v":"Исклучете"},{"$i":"edit","$v":"Уредување"},{"$i":"select","$v":"Избор"},{"$i":"kai-delete","$v":"Избриши"},{"$i":"delete-all","$v":"Избриши ги сите"},{"$i":"kai-selected-alarm","$v":"Избран аларм"},{"$i":"set","$v":"Постави"},{"$i":"kai-start","$v":"Почеток"},{"$i":"kai-reset","$v":"Повт.постав."},{"$i":"kai-min-plus","$v":"+1 Мин"},{"$i":"kai-resume","$v":"Продолжи"},{"$i":"kai-lap","$v":"Круг"},{"$i":"play","$v":"Репродукција"},{"$i":"kai-no-repeat","$v":"Не се повторува"},{"$i":"kai-confirm-title","$v":"Потврдување"},{"$i":"kai-confirm-delete-body","$v":"Избриши го избраниот аларм?"},{"$i":"confirm-delete-all-body","$v":"Ги избришете сите аларми?"},{"$i":"kai-confirm-end-key-body","$v":{"$o":"Аплик. ќе се затв. со заг. на подат. <br></br> Сак. ли да се вр. назад на уред.?"}},{"$i":"kai-confirm-exit-button","$v":"Излези"},{"$i":"kai-confirm-return-button","$v":"Враќање"},{"$i":"weekday-0-long","$v":"Недела"},{"$i":"weekday-1-long","$v":"Понеделник"},{"$i":"weekday-2-long","$v":"Вторник"},{"$i":"weekday-3-long","$v":"Среда"},{"$i":"weekday-4-long","$v":"Четврток"},{"$i":"weekday-5-long","$v":"Петок"},{"$i":"weekday-6-long","$v":"Сабота"},{"$i":"weekday-0-short","$v":"Нед"},{"$i":"weekday-1-short","$v":"Пон"},{"$i":"weekday-2-short","$v":"Вто"},{"$i":"weekday-3-short","$v":"Сре"},{"$i":"weekday-4-short","$v":"Чет"},{"$i":"weekday-5-short","$v":"Пет"},{"$i":"weekday-6-short","$v":"Саб"},{"$i":"month-0-long","$v":"Јануари"},{"$i":"month-1-long","$v":"Фебруари"},{"$i":"month-2-long","$v":"Март"},{"$i":"month-3-long","$v":"Април"},{"$i":"month-4-long","$v":"Мај"},{"$i":"month-5-long","$v":"Јуни"},{"$i":"month-6-long","$v":"Јули"},{"$i":"month-7-long","$v":"Август"},{"$i":"month-8-long","$v":"Септември"},{"$i":"month-9-long","$v":"Октомври"},{"$i":"month-10-long","$v":"Ноември"},{"$i":"month-11-long","$v":"Декември"},{"$i":"month-0-genitive","$v":"Јануари"},{"$i":"month-1-genitive","$v":"Февруари"},{"$i":"month-2-genitive","$v":"Март"},{"$i":"month-3-genitive","$v":"Април"},{"$i":"month-4-genitive","$v":"Мај"},{"$i":"month-5-genitive","$v":"Јуни"},{"$i":"month-6-genitive","$v":"Јули"},{"$i":"month-7-genitive","$v":"Август"},{"$i":"month-8-genitive","$v":"Септември"},{"$i":"month-9-genitive","$v":"Октомври"},{"$i":"month-10-genitive","$v":"Ноември"},{"$i":"month-11-genitive","$v":"Декември"},{"$i":"month-0-short","$v":"Јан"},{"$i":"month-1-short","$v":"Фев"},{"$i":"month-2-short","$v":"Мар"},{"$i":"month-3-short","$v":"Апр"},{"$i":"month-4-short","$v":"Мај"},{"$i":"month-5-short","$v":"Јун"},{"$i":"month-6-short","$v":"Јул"},{"$i":"month-7-short","$v":"Авг"},{"$i":"month-8-short","$v":"Сеп"},{"$i":"month-9-short","$v":"Окт"},{"$i":"month-10-short","$v":"Ное"},{"$i":"month-11-short","$v":"Дек"},{"$i":"minutes-ago-long","$v":{"few":[{"t":"idOrVar","v":"value"}," минути пред"],"many":[{"t":"idOrVar","v":"value"}," минути пред"],"one":"пред 1 минута","other":["Пред ",{"t":"idOrVar","v":"value"}," Минути"],"two":[{"t":"idOrVar","v":"value"}," минути пред"],"zero":"само што"},"$x":[{"t":"idOrVar","v":"plural"},"value"]},{"$i":"hours-ago-long","$v":{"few":[{"t":"idOrVar","v":"value"}," часови пред"],"many":[{"t":"idOrVar","v":"value"}," часови пред"],"one":"пред еден час","other":["Пред ",{"t":"idOrVar","v":"value"}," Часа"],"two":[{"t":"idOrVar","v":"value"}," часови пред"],"zero":"само што"},"$x":[{"t":"idOrVar","v":"plural"},"value"]},{"$i":"days-ago-long","$v":{"few":[{"t":"idOrVar","v":"value"}," денови пред"],"many":[{"t":"idOrVar","v":"value"}," денови пред"],"one":"вчера","other":["Пред ",{"t":"idOrVar","v":"value"}," Дена"],"two":[{"t":"idOrVar","v":"value"}," денови пред"],"zero":"денес"},"$x":[{"t":"idOrVar","v":"plural"},"value"]},{"$i":"weeks-ago-long","$v":{"few":[{"t":"idOrVar","v":"value"}," седмици пред"],"many":[{"t":"idOrVar","v":"value"}," седмици пред"],"one":"минатата недела","other":[{"t":"idOrVar","v":"value"}," седмици пред"],"two":[{"t":"idOrVar","v":"value"}," седмици пред"],"zero":"оваа седмица"},"$x":[{"t":"idOrVar","v":"plural"},"value"]},{"$i":"months-ago-long","$v":{"few":[{"t":"idOrVar","v":"value"}," месеци пред"],"many":[{"t":"idOrVar","v":"value"}," месеци пред"],"one":"минатиот месец","other":[{"t":"idOrVar","v":"value"}," месеци пред"],"two":[{"t":"idOrVar","v":"value"}," месеци пред"],"zero":"овој месец"},"$x":[{"t":"idOrVar","v":"plural"},"value"]},{"$i":"years-ago-long","$v":{"few":[{"t":"idOrVar","v":"value"}," години пред"],"many":[{"t":"idOrVar","v":"value"}," години пред"],"one":"минатата година","other":[{"t":"idOrVar","v":"value"}," години пред"],"two":[{"t":"idOrVar","v":"value"}," години пред"],"zero":"оваа година"},"$x":[{"t":"idOrVar","v":"plural"},"value"]},{"$i":"minutes-until-long","$v":{"few":["за ",{"t":"idOrVar","v":"value"}," минути"],"many":["за ",{"t":"idOrVar","v":"value"}," минути"],"one":"за една минута","other":["за ",{"t":"idOrVar","v":"value"}," минути"],"two":["за ",{"t":"idOrVar","v":"value"}," минути"],"zero":"сега"},"$x":[{"t":"idOrVar","v":"plural"},"value"]},{"$i":"hours-until-long","$v":{"few":["за ",{"t":"idOrVar","v":"value"}," часа"],"many":["за ",{"t":"idOrVar","v":"value"}," часа"],"one":"за еден час","other":["за ",{"t":"idOrVar","v":"value"}," часа"],"two":["за ",{"t":"idOrVar","v":"value"}," часа"],"zero":"сега"},"$x":[{"t":"idOrVar","v":"plural"},"value"]},{"$i":"days-until-long","$v":{"few":["за ",{"t":"idOrVar","v":"value"}," дена"],"many":["за ",{"t":"idOrVar","v":"value"}," дена"],"one":"утре","other":["за ",{"t":"idOrVar","v":"value"}," дена"],"two":["за ",{"t":"idOrVar","v":"value"}," дена"],"zero":"денес"},"$x":[{"t":"idOrVar","v":"plural"},"value"]},{"$i":"weeks-until-long","$v":{"few":["за ",{"t":"idOrVar","v":"value"}," седмици"],"many":["за ",{"t":"idOrVar","v":"value"}," седмици"],"one":"следната седмица","other":["за ",{"t":"idOrVar","v":"value"}," седмици"],"two":["за ",{"t":"idOrVar","v":"value"}," седмици"],"zero":"оваа седмица"},"$x":[{"t":"idOrVar","v":"plural"},"value"]},{"$i":"months-until-long","$v":{"few":["за ",{"t":"idOrVar","v":"value"}," месеци"],"many":["за ",{"t":"idOrVar","v":"value"}," месеци"],"one":"следниот месец","other":["за ",{"t":"idOrVar","v":"value"}," месеци"],"two":["за ",{"t":"idOrVar","v":"value"}," месеци"],"zero":"овој месец"},"$x":[{"t":"idOrVar","v":"plural"},"value"]},{"$i":"years-until-long","$v":{"few":["за ",{"t":"idOrVar","v":"value"}," години"],"many":["за ",{"t":"idOrVar","v":"value"}," години"],"one":"следната година","other":["за ",{"t":"idOrVar","v":"value"}," години"],"two":["за ",{"t":"idOrVar","v":"value"}," години"],"zero":"оваа година"},"$x":[{"t":"idOrVar","v":"plural"},"value"]},{"$i":"minutes-ago-short","$v":{"other":[{"t":"idOrVar","v":"value"},"м. пред"],"zero":"само што"},"$x":[{"t":"idOrVar","v":"plural"},"value"]},{"$i":"hours-ago-short","$v":{"other":[{"t":"idOrVar","v":"value"},"ч. пред"],"zero":"само што"},"$x":[{"t":"idOrVar","v":"plural"},"value"]},{"$i":"days-ago-short","$v":{"other":[{"t":"idOrVar","v":"value"},"д. пред"],"zero":"денес"},"$x":[{"t":"idOrVar","v":"plural"},"value"]},{"$i":"minutes-until-short","$v":{"other":["за ",{"t":"idOrVar","v":"value"},"м"],"zero":"сега"},"$x":[{"t":"idOrVar","v":"plural"},"value"]},{"$i":"hours-until-short","$v":{"other":["за ",{"t":"idOrVar","v":"value"},"ч"],"zero":"сега"},"$x":[{"t":"idOrVar","v":"plural"},"value"]},{"$i":"days-until-short","$v":{"other":["за ",{"t":"idOrVar","v":"value"},"д"],"zero":"денес"},"$x":[{"t":"idOrVar","v":"plural"},"value"]},{"$i":"incorrectDate","$v":"(неточна дата)"},{"$i":"dateTimeFormat_%c","$v":"%a %b %e %Y %I:%M:%S %p"},{"$i":"dateTimeFormat_%x","$v":"%m/%d/%Y"},{"$i":"dateTimeFormat_%X","$v":"%I:%M:%S %p"},{"$i":"shortTimeFormat","$v":"%I:%M %p"},{"$i":"shortTimeFormat12","$v":"%I:%M %p"},{"$i":"shortTimeFormat24","$v":"%H:%M"},{"$i":"shortDateTimeFormat","$v":"%x %I:%M %p"},{"$i":"weekStartsOnMonday","$v":"0.0"},{"$i":"firstDayOfTheWeek","$v":"1.0"},{"$i":"time_am","$v":"Претпл."},{"$i":"time_pm","$v":"пм"},{"$i":"softkey-options","$v":"Опции"}]