[{"$i":"reset","$v":"Resetare"},{"$i":"start","$v":"Pornire"},{"$i":"stop","$v":"Oprire"},{"$i":"cancel","$v":"Anulare"},{"$i":"hour","$v":"Oră"},{"$i":"hours","$v":"Ore"},{"$i":"minute","$v":"Minut"},{"$i":"minutes","$v":"Minute"},{"$i":"second","$v":"Secundă"},{"$i":"alarm","$v":"Alarmă"},{"$i":"alarm-name","placeholder":"Alarmă"},{"$i":"timer","$v":"Temporizator"},{"$i":"stopwatch","$v":"Cronometru"},{"$i":"alarmName","$v":"Denumire alarmă"},{"$i":"newAlarm","$v":"Nouă"},{"$i":"editAlarm","$v":"Editați alarmă"},{"$i":"tclSettings","$v":"Setări"},{"$i":"clock-settings","$v":"Setări ceas"},{"$i":"alarms-maximum","$v":"Ați atins numărul maxim de alarme"},{"$i":"laps-maximum","$v":"Ați atins numărul maxim de ture"},{"$i":"changes-saved","$v":"Modificări salvate."},{"$i":"pause","$v":"Pauză"},{"$i":"resume","$v":"Reluare"},{"$i":"lap","$v":"Tură"},{"$i":"lap-number","$v":["Tură ",{"t":"idOrVar","v":"n"}]},{"$i":"timer-hour","$v":"oră"},{"$i":"timer-min","$v":"minut"},{"$i":"timer-sec","$v":"secundă"},{"$i":"delete","$v":"Ștergere"},{"$i":"time","$v":"Oră"},{"$i":"snooze-label","$v":"Amânare"},{"$i":"snooze-button","$v":"Amânare"},{"$i":"repeat","$v":"Repetare"},{"$i":"vibrate","$v":"Vibrații"},{"$i":"close","$v":"Închidere"},{"$i":"save","$v":"Salvare"},{"$i":"done","$v":"Efectuat"},{"$i":"kai-select-time","$v":"Selectați ora"},{"$i":"closeButton","ariaLabel":"Închidere"},{"$i":"newAlarmButton","ariaLabel":"Alarmă nouă"},{"$i":"alarm-volume-label","$v":"Volum alarmă sistem"},{"$i":"kai-volume","$v":"Volum:"},{"$i":"volume-level-display","$v":[{"t":"idOrVar","v":"n"}," / ",{"t":"idOrVar","v":"c"}]},{"$i":"sound","$v":"Sunet"},{"$i":"noSound","$v":"Niciun sunet"},{"$i":"kai-ringtones","$v":"Sunete de apel"},{"$i":"everyday","$v":"Zilnic"},{"$i":"weekdays","$v":"Zilele săptămânii"},{"$i":"weekends","$v":"Weekenduri"},{"$i":"never","$v":"Niciodată"},{"$i":"vibrateOn","$v":"Pornit"},{"$i":"vibrateOff","$v":"Oprit"},{"$i":"kai-on","$v":"Pornit"},{"$i":"kai-off","$v":"Oprit"},{"$i":"plusMinute","$v":"+1 Min."},{"$i":"dateFormat","$v":"%A, %B %e"},{"$i":"countdown-lessThanAnHour","$v":["Alarma este setată peste ",{"t":"idOrVar","v":"minutes"}," începând de acum."]},{"$i":"countdown-moreThanAnHour","$v":["Alarma este setată peste ",{"t":"idOrVar","v":"hours"}," ",{"t":"idOrVar","v":"minutes"}," începând de acum."]},{"$i":"countdown-moreThanADay","$v":["Alarma este setată peste ",{"t":"idOrVar","v":"days"}," ",{"t":"idOrVar","v":"hours"}," începând de acum."]},{"$i":"kai-alarm-off","$v":"Alarmă oprită."},{"$i":"kai-alarm-deleted","$v":"Alarmă ștearsă."},{"$i":"alarm-delete-all","$v":"All alarms deleted."},{"$i":"nMinutes","$v":{"few":[{"t":"idOrVar","v":"n"}," minute"],"many":[{"t":"idOrVar","v":"n"}," minute"],"one":"un minut","other":[{"t":"idOrVar","v":"n"}," minute"],"two":[{"t":"idOrVar","v":"n"}," minute"],"zero":"mai puțin de un minut"},"$x":[{"t":"idOrVar","v":"plural"},"n"]},{"$i":"nHours","$v":{"few":[{"t":"idOrVar","v":"n"}," ore"],"many":[{"t":"idOrVar","v":"n"}," ore"],"one":[{"t":"idOrVar","v":"n"}," oră"],"other":[{"t":"idOrVar","v":"n"}," ore"],"two":[{"t":"idOrVar","v":"n"}," ore"]},"$x":[{"t":"idOrVar","v":"plural"},"n"]},{"$i":"nAndRemainHours","$v":{"few":["și ",{"t":"idOrVar","v":"n"}," ore"],"many":["și ",{"t":"idOrVar","v":"n"}," ore"],"one":["și ",{"t":"idOrVar","v":"n"}," oră"],"other":["și ",{"t":"idOrVar","v":"n"}," ore"],"two":["și ",{"t":"idOrVar","v":"n"}," ore"]},"$x":[{"t":"idOrVar","v":"plural"},"n"]},{"$i":"nRemainDays","$v":{"few":[{"t":"idOrVar","v":"n"}," zile"],"many":[{"t":"idOrVar","v":"n"}," zile"],"one":[{"t":"idOrVar","v":"n"}," zi"],"other":[{"t":"idOrVar","v":"n"}," zile"],"two":[{"t":"idOrVar","v":"n"}," zile"]},"$x":[{"t":"idOrVar","v":"plural"},"n"]},{"$i":"nRemainMinutes","$v":{"few":["și ",{"t":"idOrVar","v":"n"}," minute"],"many":["și ",{"t":"idOrVar","v":"n"}," minute"],"one":["și ",{"t":"idOrVar","v":"n"}," minut"],"other":["și ",{"t":"idOrVar","v":"n"}," minute"],"two":["și ",{"t":"idOrVar","v":"n"}," minute"]},"$x":[{"t":"idOrVar","v":"plural"},"n"]},{"$i":"nSpinnerSeconds","$v":{"few":[{"t":"idOrVar","v":"n"}," secunde"],"many":[{"t":"idOrVar","v":"n"}," secunde"],"one":"o secundă","other":[{"t":"idOrVar","v":"n"}," secunde"],"two":[{"t":"idOrVar","v":"n"}," secunde"],"zero":"zero secunde"},"$x":[{"t":"idOrVar","v":"plural"},"n"]},{"$i":"nSpinnerMinutes","$v":{"few":[{"t":"idOrVar","v":"n"}," minute"],"many":[{"t":"idOrVar","v":"n"}," minute"],"one":"un minut","other":[{"t":"idOrVar","v":"n"}," minute"],"two":[{"t":"idOrVar","v":"n"}," minute"],"zero":"zero minute"},"$x":[{"t":"idOrVar","v":"plural"},"n"]},{"$i":"nSpinnerHours","$v":{"few":[{"t":"idOrVar","v":"n"}," ore"],"many":[{"t":"idOrVar","v":"n"}," ore"],"one":[{"t":"idOrVar","v":"n"}," oră"],"other":[{"t":"idOrVar","v":"n"}," ore"],"two":[{"t":"idOrVar","v":"n"}," ore"],"zero":"zero ore"},"$x":[{"t":"idOrVar","v":"plural"},"n"]},{"$i":"kai-stop","$v":"Oprire"},{"$i":"kai-snooze","$v":"Amânare"},{"$i":"ac_africa_ogg","$v":"Africa"},{"$i":"ac_amazon_ogg","$v":"Amazon"},{"$i":"ac_disco_ogg","$v":"Disco"},{"$i":"ac_fairy_tales_ogg","$v":"Povești cu zâne"},{"$i":"ac_fresh_ogg","$v":"Proaspăt"},{"$i":"ac_galaxy_ogg","$v":"Galaxy"},{"$i":"ac_kai_ogg","$v":"Kai"},{"$i":"ac_techno_ogg","$v":"Tehno"},{"$i":"ac_woody_ogg","$v":"Lemnos"},{"$i":"ac_awake_opus","$v":"Awake"},{"$i":"ac_crystalize_opus","$v":"Crystallise"},{"$i":"ac_cycle_opus","$v":"Cycle"},{"$i":"ac_digicloud_opus","$v":"Digicloud"},{"$i":"ac_humming_waves_opus","$v":"Humming Waves"},{"$i":"ac_into_the_void_opus","$v":"Into the Void"},{"$i":"ac_lightly_opus","$v":"Lightly"},{"$i":"ac_mobile_opus","$v":"Mobile"},{"$i":"ac_pinger_opus","$v":"Pinger"},{"$i":"ac_skip_opus","$v":"Skip"},{"$i":"ac_tri_opus","$v":"Tri"},{"$i":"ac_universal_opus","$v":"Universal"},{"$i":"kai-options","$v":"Opțiuni"},{"$i":"kai-clock-title","$v":"Ceas"},{"$i":"alarm-title","$v":"Alarmă"},{"$i":"no-alarms-body","$v":"Nicio alarmă nu a fost setată. Apăsați Alarmă nouă pentru a începe."},{"$i":"kai-new-alarm","$v":"Nouă"},{"$i":"kai-settings","$v":"Setări"},{"$i":"kai-cancel","$v":"Anulare"},{"$i":"kai-save","$v":"Salvare"},{"$i":"turnOn","$v":"Pornire"},{"$i":"turnOff","$v":"Oprire"},{"$i":"edit","$v":"Editare"},{"$i":"select","$v":"Selectare"},{"$i":"kai-delete","$v":"Ștergere"},{"$i":"delete-all","$v":"Ștergeți toate"},{"$i":"kai-selected-alarm","$v":"Alarmă selectată"},{"$i":"set","$v":"Setare"},{"$i":"kai-start","$v":"Pornire"},{"$i":"kai-reset","$v":"Resetare"},{"$i":"kai-min-plus","$v":"+1 Min."},{"$i":"kai-resume","$v":"Reluare"},{"$i":"kai-lap","$v":"Tură"},{"$i":"play","$v":"Redare"},{"$i":"kai-no-repeat","$v":"Fără repetare"},{"$i":"kai-confirm-title","$v":"Confirmare"},{"$i":"kai-confirm-delete-body","$v":"Ștergeți alarma selectată?"},{"$i":"confirm-delete-all-body","$v":"Delete all alarms?"},{"$i":"kai-confirm-end-key-body","$v":{"$o":"Aplicația se va închide cu pierderea datelor. <br></br> Doriți să reveniți la editare?"}},{"$i":"kai-confirm-exit-button","$v":"Ieșire"},{"$i":"kai-confirm-return-button","$v":"Revenire"},{"$i":"weekday-0-long","$v":"Duminică"},{"$i":"weekday-1-long","$v":"Luni"},{"$i":"weekday-2-long","$v":"Marți"},{"$i":"weekday-3-long","$v":"Miercuri"},{"$i":"weekday-4-long","$v":"Joi"},{"$i":"weekday-5-long","$v":"Vineri"},{"$i":"weekday-6-long","$v":"Sâmbătă"},{"$i":"weekday-0-short","$v":"Dum"},{"$i":"weekday-1-short","$v":"Lun"},{"$i":"weekday-2-short","$v":"Ma"},{"$i":"weekday-3-short","$v":"Mie"},{"$i":"weekday-4-short","$v":"Joi"},{"$i":"weekday-5-short","$v":"Vi"},{"$i":"weekday-6-short","$v":"Sâm"},{"$i":"month-0-long","$v":"Ianuarie"},{"$i":"month-1-long","$v":"Februarie"},{"$i":"month-2-long","$v":"Martie"},{"$i":"month-3-long","$v":"Aprilie"},{"$i":"month-4-long","$v":"Mai"},{"$i":"month-5-long","$v":"Iunie"},{"$i":"month-6-long","$v":"Iulie"},{"$i":"month-7-long","$v":"August"},{"$i":"month-8-long","$v":"Septembrie"},{"$i":"month-9-long","$v":"Octombrie"},{"$i":"month-10-long","$v":"Noiembrie"},{"$i":"month-11-long","$v":"Decembrie"},{"$i":"month-0-genitive","$v":"Ianuarie"},{"$i":"month-1-genitive","$v":"Februarie"},{"$i":"month-2-genitive","$v":"Martie"},{"$i":"month-3-genitive","$v":"Aprilie"},{"$i":"month-4-genitive","$v":"Mai"},{"$i":"month-5-genitive","$v":"Iunie"},{"$i":"month-6-genitive","$v":"Iulie"},{"$i":"month-7-genitive","$v":"August"},{"$i":"month-8-genitive","$v":"Septembrie"},{"$i":"month-9-genitive","$v":"Octombrie"},{"$i":"month-10-genitive","$v":"Noiembrie"},{"$i":"month-11-genitive","$v":"Decembrie"},{"$i":"month-0-short","$v":"Ian"},{"$i":"month-1-short","$v":"Feb"},{"$i":"month-2-short","$v":"Mar"},{"$i":"month-3-short","$v":"Apr"},{"$i":"month-4-short","$v":"Mai"},{"$i":"month-5-short","$v":"Iun"},{"$i":"month-6-short","$v":"Iul"},{"$i":"month-7-short","$v":"Aug"},{"$i":"month-8-short","$v":"Sep"},{"$i":"month-9-short","$v":"Oct"},{"$i":"month-10-short","$v":"Nov"},{"$i":"month-11-short","$v":"Dec"},{"$i":"minutes-ago-long","$v":{"few":[{"t":"idOrVar","v":"value"}," minute în urmă"],"many":[{"t":"idOrVar","v":"value"}," minute în urmă"],"one":"un minut în urmă","other":[{"t":"idOrVar","v":"value"}," minute în urmă"],"two":[{"t":"idOrVar","v":"value"}," minute în urmă"],"zero":"chiar acum"},"$x":[{"t":"idOrVar","v":"plural"},"value"]},{"$i":"hours-ago-long","$v":{"few":[{"t":"idOrVar","v":"value"}," ore în urmă"],"many":[{"t":"idOrVar","v":"value"}," ore în urmă"],"one":"o oră în urmă","other":[{"t":"idOrVar","v":"value"}," ore în urmă"],"two":[{"t":"idOrVar","v":"value"}," ore în urmă"],"zero":"chiar acum"},"$x":[{"t":"idOrVar","v":"plural"},"value"]},{"$i":"days-ago-long","$v":{"few":[{"t":"idOrVar","v":"value"}," zile în urmă"],"many":[{"t":"idOrVar","v":"value"}," zile în urmă"],"one":"ieri","other":[{"t":"idOrVar","v":"value"}," zile în urmă"],"two":[{"t":"idOrVar","v":"value"}," zile în urmă"],"zero":"azi"},"$x":[{"t":"idOrVar","v":"plural"},"value"]},{"$i":"weeks-ago-long","$v":{"few":[{"t":"idOrVar","v":"value"}," săptămâni în urmă"],"many":[{"t":"idOrVar","v":"value"}," săptămâni în urmă"],"one":"ultima săptămână","other":[{"t":"idOrVar","v":"value"}," săptămâni în urmă"],"two":[{"t":"idOrVar","v":"value"}," săptămâni în urmă"],"zero":"această săptămână"},"$x":[{"t":"idOrVar","v":"plural"},"value"]},{"$i":"months-ago-long","$v":{"few":[{"t":"idOrVar","v":"value"}," luni în urmă"],"many":[{"t":"idOrVar","v":"value"}," luni în urmă"],"one":"ultima lună","other":[{"t":"idOrVar","v":"value"}," luni în urmă"],"two":[{"t":"idOrVar","v":"value"}," luni în urmă"],"zero":"această lună"},"$x":[{"t":"idOrVar","v":"plural"},"value"]},{"$i":"years-ago-long","$v":{"few":[{"t":"idOrVar","v":"value"}," ani în urmă"],"many":[{"t":"idOrVar","v":"value"}," ani în urmă"],"one":"ultimul an","other":[{"t":"idOrVar","v":"value"}," ani în urmă"],"two":[{"t":"idOrVar","v":"value"}," ani în urmă"],"zero":"acest an"},"$x":[{"t":"idOrVar","v":"plural"},"value"]},{"$i":"minutes-until-long","$v":{"few":["în ",{"t":"idOrVar","v":"value"}," minute"],"many":["în ",{"t":"idOrVar","v":"value"}," minute"],"one":"într-un minut","other":["în ",{"t":"idOrVar","v":"value"}," minute"],"two":["în ",{"t":"idOrVar","v":"value"}," minute"],"zero":"acum"},"$x":[{"t":"idOrVar","v":"plural"},"value"]},{"$i":"hours-until-long","$v":{"few":["în ",{"t":"idOrVar","v":"value"}," ore"],"many":["în ",{"t":"idOrVar","v":"value"}," ore"],"one":"într-o oră","other":["în ",{"t":"idOrVar","v":"value"}," ore"],"two":["în ",{"t":"idOrVar","v":"value"}," ore"],"zero":"acum"},"$x":[{"t":"idOrVar","v":"plural"},"value"]},{"$i":"days-until-long","$v":{"few":["în ",{"t":"idOrVar","v":"value"}," zile"],"many":["în ",{"t":"idOrVar","v":"value"}," zile"],"one":"mâine","other":["în ",{"t":"idOrVar","v":"value"}," zile"],"two":["în ",{"t":"idOrVar","v":"value"}," zile"],"zero":"azi"},"$x":[{"t":"idOrVar","v":"plural"},"value"]},{"$i":"weeks-until-long","$v":{"few":["în ",{"t":"idOrVar","v":"value"}," săptămâni"],"many":["în ",{"t":"idOrVar","v":"value"}," săptămâni"],"one":"săptămâna viitoare","other":["în ",{"t":"idOrVar","v":"value"}," săptămâni"],"two":["în ",{"t":"idOrVar","v":"value"}," săptămâni"],"zero":"această săptămână"},"$x":[{"t":"idOrVar","v":"plural"},"value"]},{"$i":"months-until-long","$v":{"few":["în ",{"t":"idOrVar","v":"value"}," luni"],"many":["în ",{"t":"idOrVar","v":"value"}," luni"],"one":"luna viitoare","other":["în ",{"t":"idOrVar","v":"value"}," luni"],"two":["în ",{"t":"idOrVar","v":"value"}," luni"],"zero":"această lună"},"$x":[{"t":"idOrVar","v":"plural"},"value"]},{"$i":"years-until-long","$v":{"few":["în ",{"t":"idOrVar","v":"value"}," ani"],"many":["în ",{"t":"idOrVar","v":"value"}," ani"],"one":"anul viitor","other":["în ",{"t":"idOrVar","v":"value"}," ani"],"two":["în ",{"t":"idOrVar","v":"value"}," ani"],"zero":"acest an"},"$x":[{"t":"idOrVar","v":"plural"},"value"]},{"$i":"minutes-ago-short","$v":{"other":[{"t":"idOrVar","v":"value"},"m în urmă"],"zero":"chiar acum"},"$x":[{"t":"idOrVar","v":"plural"},"value"]},{"$i":"hours-ago-short","$v":{"other":[{"t":"idOrVar","v":"value"},"h în urmă"],"zero":"chiar acum"},"$x":[{"t":"idOrVar","v":"plural"},"value"]},{"$i":"days-ago-short","$v":{"other":[{"t":"idOrVar","v":"value"},"z în urmă"],"zero":"azi"},"$x":[{"t":"idOrVar","v":"plural"},"value"]},{"$i":"minutes-until-short","$v":{"other":["în ",{"t":"idOrVar","v":"value"},"m"],"zero":"acum"},"$x":[{"t":"idOrVar","v":"plural"},"value"]},{"$i":"hours-until-short","$v":{"other":["în ",{"t":"idOrVar","v":"value"},"h"],"zero":"acum"},"$x":[{"t":"idOrVar","v":"plural"},"value"]},{"$i":"days-until-short","$v":{"other":["în ",{"t":"idOrVar","v":"value"},"z"],"zero":"azi"},"$x":[{"t":"idOrVar","v":"plural"},"value"]},{"$i":"incorrectDate","$v":"(dată incorectă)"},{"$i":"dateTimeFormat_%c","$v":"%a %b %e %Y %I:%M:%S %p"},{"$i":"dateTimeFormat_%x","$v":"%m/%d/%Y"},{"$i":"dateTimeFormat_%X","$v":"%I:%M:%S %p"},{"$i":"shortTimeFormat","$v":"%I:%M %p"},{"$i":"shortTimeFormat12","$v":"%I:%M %p"},{"$i":"shortTimeFormat24","$v":"%H:%M"},{"$i":"shortDateTimeFormat","$v":"%x %I:%M %p"},{"$i":"weekStartsOnMonday","$v":"0.0"},{"$i":"firstDayOfTheWeek","$v":"1.0"},{"$i":"time_am","$v":"AM"},{"$i":"time_pm","$v":"PM"},{"$i":"softkey-options","$v":"Opțiuni"}]