[{"$i":"reset","$v":"Herstellen"},{"$i":"start","$v":"Starten"},{"$i":"stop","$v":"Stoppen"},{"$i":"cancel","$v":"Annuleren"},{"$i":"hour","$v":"Uur"},{"$i":"hours","$v":"Uren"},{"$i":"minute","$v":"Minuut"},{"$i":"minutes","$v":"Minuten"},{"$i":"second","$v":"Seconde"},{"$i":"alarm","$v":"Alarm"},{"$i":"alarm-name","placeholder":"Alarm"},{"$i":"timer","$v":"Timer"},{"$i":"stopwatch","$v":"Stopwatch"},{"$i":"alarmName","$v":"Alarmnaam"},{"$i":"newAlarm","$v":"Nieuw alarm"},{"$i":"editAlarm","$v":"Alarm bewerken"},{"$i":"tclSettings","$v":"Instellingen"},{"$i":"clock-settings","$v":"Klokinstellingen"},{"$i":"alarms-maximum","$v":"U hebt het maximale aantal alarmen bereikt."},{"$i":"laps-maximum","$v":"U hebt het maximale aantal ronden bereikt."},{"$i":"changes-saved","$v":"Wijzigingen opgeslagen."},{"$i":"pause","$v":"Onderbreken"},{"$i":"resume","$v":"Hervatten"},{"$i":"lap","$v":"Ronde"},{"$i":"lap-number","$v":["Ronde ",{"t":"idOrVar","v":"n"}]},{"$i":"timer-hour","$v":"uur"},{"$i":"timer-min","$v":"minuut"},{"$i":"timer-sec","$v":"seconde"},{"$i":"delete","$v":"Verwijderen"},{"$i":"time","$v":"Tijd"},{"$i":"snooze-label","$v":"Sluimer"},{"$i":"snooze-button","$v":"Sluimer"},{"$i":"repeat","$v":"Herhalen"},{"$i":"vibrate","$v":"Trillen"},{"$i":"close","$v":"Sluiten"},{"$i":"save","$v":"Opslaan"},{"$i":"done","$v":"Gereed"},{"$i":"kai-select-time","$v":"Tijd selecteren"},{"$i":"closeButton","ariaLabel":"Sluiten"},{"$i":"newAlarmButton","ariaLabel":"Nieuw alarm"},{"$i":"alarm-volume-label","$v":"Volume systeemalarm"},{"$i":"kai-volume","$v":"Volume:"},{"$i":"volume-level-display","$v":[{"t":"idOrVar","v":"n"}," / ",{"t":"idOrVar","v":"c"}]},{"$i":"sound","$v":"Geluid"},{"$i":"noSound","$v":"Geen geluid"},{"$i":"kai-ringtones","$v":"Beltonen"},{"$i":"everyday","$v":"Elke dag"},{"$i":"weekdays","$v":"Weekdagen"},{"$i":"weekends","$v":"Weekeinden"},{"$i":"never","$v":"Nooit"},{"$i":"vibrateOn","$v":"Aan"},{"$i":"vibrateOff","$v":"Uit"},{"$i":"kai-on","$v":"Aan"},{"$i":"kai-off","$v":"Uit"},{"$i":"plusMinute","$v":"+1 minuut"},{"$i":"dateFormat","$v":"%A, %B %e"},{"$i":"countdown-lessThanAnHour","$v":["Het alarm is ingesteld op ",{"t":"idOrVar","v":"minutes"}," vanaf nu."]},{"$i":"countdown-moreThanAnHour","$v":["Het alarm is ingesteld op ",{"t":"idOrVar","v":"hours"}," ",{"t":"idOrVar","v":"minutes"}," vanaf nu."]},{"$i":"countdown-moreThanADay","$v":["Het alarm is ingesteld op ",{"t":"idOrVar","v":"days"}," ",{"t":"idOrVar","v":"hours"}," vanaf nu."]},{"$i":"kai-alarm-off","$v":"Alarm uitgeschakeld."},{"$i":"kai-alarm-deleted","$v":"Alarm verwijderd."},{"$i":"alarm-delete-all","$v":"Alle alarmen verwijderd."},{"$i":"nMinutes","$v":{"few":[{"t":"idOrVar","v":"n"}," minuten"],"many":[{"t":"idOrVar","v":"n"}," minuten"],"one":"één minuut","other":[{"t":"idOrVar","v":"n"}," minuten"],"two":[{"t":"idOrVar","v":"n"}," minuten"],"zero":"minder dan een minuut"},"$x":[{"t":"idOrVar","v":"plural"},"n"]},{"$i":"nHours","$v":{"few":[{"t":"idOrVar","v":"n"}," uren"],"many":[{"t":"idOrVar","v":"n"}," uren"],"one":[{"t":"idOrVar","v":"n"}," uur"],"other":[{"t":"idOrVar","v":"n"}," uren"],"two":[{"t":"idOrVar","v":"n"}," uren"]},"$x":[{"t":"idOrVar","v":"plural"},"n"]},{"$i":"nAndRemainHours","$v":{"few":["en ",{"t":"idOrVar","v":"n"}," uren"],"many":["en ",{"t":"idOrVar","v":"n"}," uren"],"one":["en ",{"t":"idOrVar","v":"n"}," uur"],"other":["en ",{"t":"idOrVar","v":"n"}," uren"],"two":["en ",{"t":"idOrVar","v":"n"}," uren"]},"$x":[{"t":"idOrVar","v":"plural"},"n"]},{"$i":"nRemainDays","$v":{"few":[{"t":"idOrVar","v":"n"}," dagen"],"many":[{"t":"idOrVar","v":"n"}," dagen"],"one":[{"t":"idOrVar","v":"n"}," dag"],"other":[{"t":"idOrVar","v":"n"}," dagen"],"two":[{"t":"idOrVar","v":"n"}," dagen"]},"$x":[{"t":"idOrVar","v":"plural"},"n"]},{"$i":"nRemainMinutes","$v":{"few":["en ",{"t":"idOrVar","v":"n"}," minuten"],"many":["en ",{"t":"idOrVar","v":"n"}," minuten"],"one":["en ",{"t":"idOrVar","v":"n"}," minuut"],"other":["en ",{"t":"idOrVar","v":"n"}," minuten"],"two":["en ",{"t":"idOrVar","v":"n"}," minuten"]},"$x":[{"t":"idOrVar","v":"plural"},"n"]},{"$i":"nSpinnerSeconds","$v":{"few":[{"t":"idOrVar","v":"n"}," seconden"],"many":[{"t":"idOrVar","v":"n"}," seconden"],"one":"één seconde","other":[{"t":"idOrVar","v":"n"}," seconden"],"two":[{"t":"idOrVar","v":"n"}," seconden"],"zero":"nul seconden"},"$x":[{"t":"idOrVar","v":"plural"},"n"]},{"$i":"nSpinnerMinutes","$v":{"few":[{"t":"idOrVar","v":"n"}," minuten"],"many":[{"t":"idOrVar","v":"n"}," minuten"],"one":"één minuut","other":[{"t":"idOrVar","v":"n"}," minuten"],"two":[{"t":"idOrVar","v":"n"}," minuten"],"zero":"nul minuten"},"$x":[{"t":"idOrVar","v":"plural"},"n"]},{"$i":"nSpinnerHours","$v":{"few":[{"t":"idOrVar","v":"n"}," uren"],"many":[{"t":"idOrVar","v":"n"}," uren"],"one":[{"t":"idOrVar","v":"n"}," uur"],"other":[{"t":"idOrVar","v":"n"}," uren"],"two":[{"t":"idOrVar","v":"n"}," uren"],"zero":"nul uur"},"$x":[{"t":"idOrVar","v":"plural"},"n"]},{"$i":"kai-stop","$v":"Stoppen"},{"$i":"kai-snooze","$v":"Sluimer"},{"$i":"ac_africa_ogg","$v":"Afrika"},{"$i":"ac_amazon_ogg","$v":"Amazon"},{"$i":"ac_disco_ogg","$v":"Disco"},{"$i":"ac_fairy_tales_ogg","$v":"Fairy tales"},{"$i":"ac_fresh_ogg","$v":"Fris"},{"$i":"ac_galaxy_ogg","$v":"Galaxy"},{"$i":"ac_kai_ogg","$v":"Kai"},{"$i":"ac_techno_ogg","$v":"Techno"},{"$i":"ac_woody_ogg","$v":"Woody"},{"$i":"ac_awake_opus","$v":"Actief"},{"$i":"ac_crystalize_opus","$v":"Crystalize"},{"$i":"ac_cycle_opus","$v":"Cycle"},{"$i":"ac_digicloud_opus","$v":"Digicloud"},{"$i":"ac_humming_waves_opus","$v":"Humming Waves"},{"$i":"ac_into_the_void_opus","$v":"Into the Void"},{"$i":"ac_lightly_opus","$v":"Lightly"},{"$i":"ac_mobile_opus","$v":"Mobiel"},{"$i":"ac_pinger_opus","$v":"Pinger"},{"$i":"ac_skip_opus","$v":"Overslaan"},{"$i":"ac_tri_opus","$v":"Tri"},{"$i":"ac_universal_opus","$v":"Universal"},{"$i":"kai-options","$v":"Opties"},{"$i":"kai-clock-title","$v":"Klok"},{"$i":"alarm-title","$v":"Alarm"},{"$i":"no-alarms-body","$v":"Er zijn geen alarmen ingesteld. Druk op Nieuw om aan de slag te gaan."},{"$i":"kai-new-alarm","$v":"Nieuw"},{"$i":"kai-settings","$v":"Instellingen"},{"$i":"kai-cancel","$v":"Annuleren"},{"$i":"kai-save","$v":"Opslaan"},{"$i":"turnOn","$v":"Inschakelen"},{"$i":"turnOff","$v":"Uitschakelen"},{"$i":"edit","$v":"Bewerken"},{"$i":"select","$v":"Selecteer"},{"$i":"kai-delete","$v":"Verwijderen"},{"$i":"delete-all","$v":"Alles verwijderen"},{"$i":"kai-selected-alarm","$v":"Geselecteerd alarm"},{"$i":"set","$v":"Instellen"},{"$i":"kai-start","$v":"Starten"},{"$i":"kai-reset","$v":"Reset"},{"$i":"kai-min-plus","$v":"+1 minuut"},{"$i":"kai-resume","$v":"Hervatten"},{"$i":"kai-lap","$v":"Ronde"},{"$i":"play","$v":"Afspelen"},{"$i":"kai-no-repeat","$v":"Geen herhaling"},{"$i":"kai-confirm-title","$v":"Bevestiging"},{"$i":"kai-confirm-delete-body","$v":"Geselecteerde alarm verwijderen?"},{"$i":"confirm-delete-all-body","$v":"Alle alarmen verwijderen?"},{"$i":"kai-confirm-end-key-body","$v":{"$o":"Applicatie wordt gesloten en er gaan gegevens verloren. <br><br> Wilt u terugkeren naar bewerken?"}},{"$i":"kai-confirm-exit-button","$v":"Afsluiten"},{"$i":"kai-confirm-return-button","$v":"Terug"},{"$i":"weekday-0-long","$v":"zondag"},{"$i":"weekday-1-long","$v":"maandag"},{"$i":"weekday-2-long","$v":"dinsdag"},{"$i":"weekday-3-long","$v":"woensdag"},{"$i":"weekday-4-long","$v":"donderdag"},{"$i":"weekday-5-long","$v":"vrijdag"},{"$i":"weekday-6-long","$v":"zaterdag"},{"$i":"weekday-0-short","$v":"Zon"},{"$i":"weekday-1-short","$v":"Maa"},{"$i":"weekday-2-short","$v":"Din"},{"$i":"weekday-3-short","$v":"Woe"},{"$i":"weekday-4-short","$v":"Don"},{"$i":"weekday-5-short","$v":"Vrij"},{"$i":"weekday-6-short","$v":"Zat"},{"$i":"month-0-long","$v":"januari"},{"$i":"month-1-long","$v":"februari"},{"$i":"month-2-long","$v":"maart"},{"$i":"month-3-long","$v":"april"},{"$i":"month-4-long","$v":"mei"},{"$i":"month-5-long","$v":"juni"},{"$i":"month-6-long","$v":"juli"},{"$i":"month-7-long","$v":"augustus"},{"$i":"month-8-long","$v":"september"},{"$i":"month-9-long","$v":"oktober"},{"$i":"month-10-long","$v":"november"},{"$i":"month-11-long","$v":"december"},{"$i":"month-0-genitive","$v":"januari"},{"$i":"month-1-genitive","$v":"februari"},{"$i":"month-2-genitive","$v":"maart"},{"$i":"month-3-genitive","$v":"april"},{"$i":"month-4-genitive","$v":"mei"},{"$i":"month-5-genitive","$v":"juni"},{"$i":"month-6-genitive","$v":"juli"},{"$i":"month-7-genitive","$v":"augustus"},{"$i":"month-8-genitive","$v":"september"},{"$i":"month-9-genitive","$v":"oktober"},{"$i":"month-10-genitive","$v":"november"},{"$i":"month-11-genitive","$v":"december"},{"$i":"month-0-short","$v":"Jan"},{"$i":"month-1-short","$v":"Feb"},{"$i":"month-2-short","$v":"Maa"},{"$i":"month-3-short","$v":"Apr"},{"$i":"month-4-short","$v":"mei"},{"$i":"month-5-short","$v":"Jun"},{"$i":"month-6-short","$v":"Jul"},{"$i":"month-7-short","$v":"Aug"},{"$i":"month-8-short","$v":"Sep"},{"$i":"month-9-short","$v":"Okt"},{"$i":"month-10-short","$v":"Nov"},{"$i":"month-11-short","$v":"Dec"},{"$i":"minutes-ago-long","$v":{"few":[{"t":"idOrVar","v":"value"}," minuten geleden"],"many":[{"t":"idOrVar","v":"value"}," minuten geleden"],"one":"een minuut geleden","other":[{"t":"idOrVar","v":"value"}," minuten geleden"],"two":[{"t":"idOrVar","v":"value"}," minuten geleden"],"zero":"zojuist"},"$x":[{"t":"idOrVar","v":"plural"},"value"]},{"$i":"hours-ago-long","$v":{"few":[{"t":"idOrVar","v":"value"}," uur geleden"],"many":[{"t":"idOrVar","v":"value"}," uur geleden"],"one":"een uur geleden","other":[{"t":"idOrVar","v":"value"}," uur geleden"],"two":[{"t":"idOrVar","v":"value"}," uur geleden"],"zero":"zojuist"},"$x":[{"t":"idOrVar","v":"plural"},"value"]},{"$i":"days-ago-long","$v":{"few":[{"t":"idOrVar","v":"value"}," dagen geleden"],"many":[{"t":"idOrVar","v":"value"}," dagen geleden"],"one":"gisteren","other":[{"t":"idOrVar","v":"value"}," dagen geleden"],"two":[{"t":"idOrVar","v":"value"}," dagen geleden"],"zero":"vandaag"},"$x":[{"t":"idOrVar","v":"plural"},"value"]},{"$i":"weeks-ago-long","$v":{"few":[{"t":"idOrVar","v":"value"}," weken geleden"],"many":[{"t":"idOrVar","v":"value"}," weken geleden"],"one":"vorige week","other":[{"t":"idOrVar","v":"value"}," weken geleden"],"two":[{"t":"idOrVar","v":"value"}," weken geleden"],"zero":"deze week"},"$x":[{"t":"idOrVar","v":"plural"},"value"]},{"$i":"months-ago-long","$v":{"few":[{"t":"idOrVar","v":"value"}," maanden geleden"],"many":[{"t":"idOrVar","v":"value"}," maanden geleden"],"one":"vorige maand","other":[{"t":"idOrVar","v":"value"}," maanden geleden"],"two":[{"t":"idOrVar","v":"value"}," maanden geleden"],"zero":"deze maand"},"$x":[{"t":"idOrVar","v":"plural"},"value"]},{"$i":"years-ago-long","$v":{"few":[{"t":"idOrVar","v":"value"}," jaar geleden"],"many":[{"t":"idOrVar","v":"value"}," jaar geleden"],"one":"vorig jaar","other":[{"t":"idOrVar","v":"value"}," jaar geleden"],"two":[{"t":"idOrVar","v":"value"}," jaar geleden"],"zero":"dit jaar"},"$x":[{"t":"idOrVar","v":"plural"},"value"]},{"$i":"minutes-until-long","$v":{"few":["over ",{"t":"idOrVar","v":"value"}," minuten"],"many":["over ",{"t":"idOrVar","v":"value"}," minuten"],"one":"over een minuut","other":["over ",{"t":"idOrVar","v":"value"}," minuten"],"two":["over ",{"t":"idOrVar","v":"value"}," minuten"],"zero":"nu"},"$x":[{"t":"idOrVar","v":"plural"},"value"]},{"$i":"hours-until-long","$v":{"few":["over ",{"t":"idOrVar","v":"value"}," uur"],"many":["over ",{"t":"idOrVar","v":"value"}," uur"],"one":"over een uur","other":["over ",{"t":"idOrVar","v":"value"}," uur"],"two":["over ",{"t":"idOrVar","v":"value"}," uur"],"zero":"nu"},"$x":[{"t":"idOrVar","v":"plural"},"value"]},{"$i":"days-until-long","$v":{"few":["over ",{"t":"idOrVar","v":"value"}," dagen"],"many":["over ",{"t":"idOrVar","v":"value"}," dagen"],"one":"morgen","other":["over ",{"t":"idOrVar","v":"value"}," dagen"],"two":["over ",{"t":"idOrVar","v":"value"}," dagen"],"zero":"vandaag"},"$x":[{"t":"idOrVar","v":"plural"},"value"]},{"$i":"weeks-until-long","$v":{"few":["over ",{"t":"idOrVar","v":"value"}," weken"],"many":["over ",{"t":"idOrVar","v":"value"}," weken"],"one":"volgende week","other":["over ",{"t":"idOrVar","v":"value"}," weken"],"two":["over ",{"t":"idOrVar","v":"value"}," weken"],"zero":"deze week"},"$x":[{"t":"idOrVar","v":"plural"},"value"]},{"$i":"months-until-long","$v":{"few":["over ",{"t":"idOrVar","v":"value"}," maanden"],"many":["over ",{"t":"idOrVar","v":"value"}," maanden"],"one":"volgende maand","other":["over ",{"t":"idOrVar","v":"value"}," maanden"],"two":["over ",{"t":"idOrVar","v":"value"}," maanden"],"zero":"deze maand"},"$x":[{"t":"idOrVar","v":"plural"},"value"]},{"$i":"years-until-long","$v":{"few":["over ",{"t":"idOrVar","v":"value"}," jaar"],"many":["over ",{"t":"idOrVar","v":"value"}," jaar"],"one":"volgend jaar","other":["over ",{"t":"idOrVar","v":"value"}," jaar"],"two":["over ",{"t":"idOrVar","v":"value"}," jaar"],"zero":"dit jaar"},"$x":[{"t":"idOrVar","v":"plural"},"value"]},{"$i":"minutes-ago-short","$v":{"other":[{"t":"idOrVar","v":"value"},"m geleden"],"zero":"zojuist"},"$x":[{"t":"idOrVar","v":"plural"},"value"]},{"$i":"hours-ago-short","$v":{"other":[{"t":"idOrVar","v":"value"},"u geleden"],"zero":"zojuist"},"$x":[{"t":"idOrVar","v":"plural"},"value"]},{"$i":"days-ago-short","$v":{"other":[{"t":"idOrVar","v":"value"},"d geleden"],"zero":"vandaag"},"$x":[{"t":"idOrVar","v":"plural"},"value"]},{"$i":"minutes-until-short","$v":{"other":["over ",{"t":"idOrVar","v":"value"},"m"],"zero":"nu"},"$x":[{"t":"idOrVar","v":"plural"},"value"]},{"$i":"hours-until-short","$v":{"other":["over ",{"t":"idOrVar","v":"value"},"u"],"zero":"nu"},"$x":[{"t":"idOrVar","v":"plural"},"value"]},{"$i":"days-until-short","$v":{"other":["over ",{"t":"idOrVar","v":"value"},"d"],"zero":"vandaag"},"$x":[{"t":"idOrVar","v":"plural"},"value"]},{"$i":"incorrectDate","$v":"(onjuiste datum)"},{"$i":"dateTimeFormat_%c","$v":"%a %b %e %Y %I:%M:%S %p"},{"$i":"dateTimeFormat_%x","$v":"%m/%d/%Y"},{"$i":"dateTimeFormat_%X","$v":"%I:%M:%S %p"},{"$i":"shortTimeFormat","$v":"%I:%M %p"},{"$i":"shortTimeFormat12","$v":"%I:%M %p"},{"$i":"shortTimeFormat24","$v":"%H:%M"},{"$i":"shortDateTimeFormat","$v":"%x %I:%M %p"},{"$i":"weekStartsOnMonday","$v":"0.0"},{"$i":"firstDayOfTheWeek","$v":"1.0"},{"$i":"time_am","$v":"AM"},{"$i":"time_pm","$v":"PM"},{"$i":"softkey-options","$v":"Opties"}]