[{"$i":"reset","$v":"دوباره ترتیبول"},{"$i":"start","$v":"پیل کړئ"},{"$i":"stop","$v":"ودروئ"},{"$i":"cancel","$v":"کول"},{"$i":"hour","$v":"ساعت"},{"$i":"hours","$v":"ساعتونه"},{"$i":"minute","$v":"دقیقه"},{"$i":"minutes","$v":"دقیقي"},{"$i":"second","$v":"دویم"},{"$i":"alarm","$v":"خطر زنګ"},{"$i":"alarm-name","placeholder":"خطر زنګ"},{"$i":"timer","$v":"وخت ښود"},{"$i":"stopwatch","$v":"سټاپ واچ"},{"$i":"alarmName","$v":"زنګ نوم خطر"},{"$i":"newAlarm","$v":"نوی زنګ خطر"},{"$i":"editAlarm","$v":"خبرونکی زنګ اصلاح کړئ"},{"$i":"tclSettings","$v":"تنظیمات"},{"$i":"clock-settings","$v":"د ساعت تنظیمات"},{"$i":"alarms-maximum","$v":"د اخطارونه اکثر حد ته ورسیدئ"},{"$i":"laps-maximum","$v":"د لیپونو اکثر حد ته ورسیدئ"},{"$i":"changes-saved","$v":"تغیرات ثبت شول"},{"$i":"pause","$v":"توقف"},{"$i":"resume","$v":"له سره پیل کول"},{"$i":"lap","$v":"لمن"},{"$i":"lap-number","$v":["لمن ",{"t":"idOrVar","v":"n"}]},{"$i":"timer-hour","$v":"ساعت"},{"$i":"timer-min","$v":"دقیقه"},{"$i":"timer-sec","$v":"دویم"},{"$i":"delete","$v":"لرې کول"},{"$i":"time","$v":"وخت"},{"$i":"snooze-label","$v":"یو سترګه خوب"},{"$i":"snooze-button","$v":"یو سترګه خوب"},{"$i":"repeat","$v":"تکرار کړئ"},{"$i":"vibrate","$v":"لرزه کول"},{"$i":"close","$v":"بندول"},{"$i":"save","$v":"محفوظ کړئ"},{"$i":"done","$v":"وشو"},{"$i":"kai-select-time","$v":"وخت انتخاب کړئ"},{"$i":"closeButton","ariaLabel":"بندول"},{"$i":"newAlarmButton","ariaLabel":"نوی زنګ خطر"},{"$i":"alarm-volume-label","$v":"د سیستم د خطر زنګ اواز"},{"$i":"kai-volume","$v":"والیوم:"},{"$i":"volume-level-display","$v":[{"t":"idOrVar","v":"n"}," / ",{"t":"idOrVar","v":"c"}]},{"$i":"sound","$v":"اواز"},{"$i":"noSound","$v":"اواز نشته"},{"$i":"kai-ringtones","$v":"نغمې"},{"$i":"everyday","$v":"هره ورځ"},{"$i":"weekdays","$v":"اونی ورځې"},{"$i":"weekends","$v":"د اونې اخره"},{"$i":"never","$v":"هیڅ کله نه"},{"$i":"vibrateOn","$v":"آن"},{"$i":"vibrateOff","$v":"خاموش"},{"$i":"kai-on","$v":"آن"},{"$i":"kai-off","$v":"خاموش"},{"$i":"plusMinute","$v":"+1 دقه"},{"$i":"dateFormat","$v":"%A, %B %e"},{"$i":"countdown-lessThanAnHour","$v":["د خطر زنګ د اوس څخه د ",{"t":"idOrVar","v":"minutes"}," ساعتونو لپاره برابر شوی."]},{"$i":"countdown-moreThanAnHour","$v":["د خطر زنګ د اوس څخه د ",{"t":"idOrVar","v":"hours"}," ",{"t":"idOrVar","v":"minutes"}," ساعتونو لپاره برابر شوی."]},{"$i":"countdown-moreThanADay","$v":["د خطر زنګ د اوس څخه د ",{"t":"idOrVar","v":"days"}," ",{"t":"idOrVar","v":"hours"}," ساعتونو لپاره برابر شوی."]},{"$i":"kai-alarm-off","$v":"خطر زنګ غیر فعال شو"},{"$i":"kai-alarm-deleted","$v":"خطر زنګ لرې شو"},{"$i":"alarm-delete-all","$v":"ټول الارمونه ړنګ شوي دي."},{"$i":"nMinutes","$v":{"few":[{"t":"idOrVar","v":"n"}," دقیقی"],"many":[{"t":"idOrVar","v":"n"}," دقیقی"],"one":"یوه دقیقه","other":[{"t":"idOrVar","v":"n"}," دقیقی"],"two":[{"t":"idOrVar","v":"n"}," دقیقی"],"zero":"د یوې دقیقي څخه لږ"},"$x":[{"t":"idOrVar","v":"plural"},"n"]},{"$i":"nHours","$v":{"few":[{"t":"idOrVar","v":"n"}," ساعتونه"],"many":[{"t":"idOrVar","v":"n"}," ساعتونه"],"one":[{"t":"idOrVar","v":"n"}," ساعت"],"other":[{"t":"idOrVar","v":"n"}," ساعتونه"],"two":[{"t":"idOrVar","v":"n"}," ساعتونه"]},"$x":[{"t":"idOrVar","v":"plural"},"n"]},{"$i":"nAndRemainHours","$v":{"few":["او ",{"t":"idOrVar","v":"n"}," ساعتونه"],"many":["او ",{"t":"idOrVar","v":"n"}," ساعتونه"],"one":["او ",{"t":"idOrVar","v":"n"}," ساعت"],"other":["او ",{"t":"idOrVar","v":"n"}," ساعتونه"],"two":["او ",{"t":"idOrVar","v":"n"}," ساعتونه"]},"$x":[{"t":"idOrVar","v":"plural"},"n"]},{"$i":"nRemainDays","$v":{"few":[{"t":"idOrVar","v":"n"}," ورځې"],"many":[{"t":"idOrVar","v":"n"}," ورځې"],"one":[{"t":"idOrVar","v":"n"}," ورځ"],"other":[{"t":"idOrVar","v":"n"}," ورځې"],"two":[{"t":"idOrVar","v":"n"}," ورځې"]},"$x":[{"t":"idOrVar","v":"plural"},"n"]},{"$i":"nRemainMinutes","$v":{"few":["او ",{"t":"idOrVar","v":"n"}," دقیقې"],"many":["او ",{"t":"idOrVar","v":"n"}," دقیقې"],"one":["او ",{"t":"idOrVar","v":"n"}," دقیقه"],"other":["او ",{"t":"idOrVar","v":"n"}," دقیقې"],"two":["او ",{"t":"idOrVar","v":"n"}," دقیقې"]},"$x":[{"t":"idOrVar","v":"plural"},"n"]},{"$i":"nSpinnerSeconds","$v":{"few":[{"t":"idOrVar","v":"n"}," ثانیي"],"many":[{"t":"idOrVar","v":"n"}," ثانیي"],"one":"یوه ثانیه","other":[{"t":"idOrVar","v":"n"}," ثانیي"],"two":[{"t":"idOrVar","v":"n"}," ثانیي"],"zero":"صفر ثاني"},"$x":[{"t":"idOrVar","v":"plural"},"n"]},{"$i":"nSpinnerMinutes","$v":{"few":[{"t":"idOrVar","v":"n"}," دقیقی"],"many":[{"t":"idOrVar","v":"n"}," دقیقی"],"one":"یوه دقیقه","other":[{"t":"idOrVar","v":"n"}," دقیقی"],"two":[{"t":"idOrVar","v":"n"}," دقیقی"],"zero":"صفر دقیقې"},"$x":[{"t":"idOrVar","v":"plural"},"n"]},{"$i":"nSpinnerHours","$v":{"few":[{"t":"idOrVar","v":"n"}," ساعتونه"],"many":[{"t":"idOrVar","v":"n"}," ساعتونه"],"one":[{"t":"idOrVar","v":"n"}," ساعت"],"other":[{"t":"idOrVar","v":"n"}," ساعتونه"],"two":[{"t":"idOrVar","v":"n"}," ساعتونه"],"zero":"صفر ساعتونه"},"$x":[{"t":"idOrVar","v":"plural"},"n"]},{"$i":"kai-stop","$v":"ودروئ"},{"$i":"kai-snooze","$v":"یو سترګه خوب"},{"$i":"ac_africa_ogg","$v":"افریقا"},{"$i":"ac_amazon_ogg","$v":"امازون"},{"$i":"ac_disco_ogg","$v":"عصری"},{"$i":"ac_fairy_tales_ogg","$v":"ښاپیریو قصی"},{"$i":"ac_fresh_ogg","$v":"تازه"},{"$i":"ac_galaxy_ogg","$v":"ګلکسی"},{"$i":"ac_kai_ogg","$v":"کای"},{"$i":"ac_techno_ogg","$v":"ټیکنو"},{"$i":"ac_woody_ogg","$v":"لرګین"},{"$i":"ac_awake_opus","$v":"Awake"},{"$i":"ac_crystalize_opus","$v":"Crystallise"},{"$i":"ac_cycle_opus","$v":"Cycle"},{"$i":"ac_digicloud_opus","$v":"Digicloud"},{"$i":"ac_humming_waves_opus","$v":"Humming Waves"},{"$i":"ac_into_the_void_opus","$v":"Into the Void"},{"$i":"ac_lightly_opus","$v":"Lightly"},{"$i":"ac_mobile_opus","$v":"Mobile"},{"$i":"ac_pinger_opus","$v":"Pinger"},{"$i":"ac_skip_opus","$v":"Skip"},{"$i":"ac_tri_opus","$v":"Tri"},{"$i":"ac_universal_opus","$v":"Universal"},{"$i":"kai-options","$v":"غوراوي"},{"$i":"kai-clock-title","$v":"ساعت"},{"$i":"alarm-title","$v":"خطر زنګ"},{"$i":"no-alarms-body","$v":"د خطر زنګ نه دی ټاکل شوی. د پیل لپاره د خطر نوی زنګ زور کړئ."},{"$i":"kai-new-alarm","$v":"نوی زنګ خطر"},{"$i":"kai-settings","$v":"تنظیمات"},{"$i":"kai-cancel","$v":"لغوه کړئ"},{"$i":"kai-save","$v":"محفوظ کړئ"},{"$i":"turnOn","$v":"فعال ‎کړئ"},{"$i":"turnOff","$v":"بند ‎کړئ"},{"$i":"edit","$v":"اصلاح کول"},{"$i":"select","$v":"انتخال کړئ"},{"$i":"kai-delete","$v":"لرې کول"},{"$i":"delete-all","$v":"ټول لرې کړئ"},{"$i":"kai-selected-alarm","$v":"د خطر انتخاب شوی زنګ"},{"$i":"set","$v":"انتخاب ‎کړئ"},{"$i":"kai-start","$v":"پیل کړئ"},{"$i":"kai-reset","$v":"دوباره ترتیبول"},{"$i":"kai-min-plus","$v":"+1 دقه"},{"$i":"kai-resume","$v":"له سره پیل کول"},{"$i":"kai-lap","$v":"لمن"},{"$i":"play","$v":"و چلوئ"},{"$i":"kai-no-repeat","$v":"تکرار نشته"},{"$i":"kai-confirm-title","$v":"تصدیق"},{"$i":"kai-confirm-delete-body","$v":"د ویښولو زنګ لرې کړي؟"},{"$i":"confirm-delete-all-body","$v":"ټول الارمونه ړنګ کړئ؟"},{"$i":"kai-confirm-end-key-body","$v":{"$o":"د ډیټا د ورکیدو سره به اپلیکیشن بند شي <br><br> غواړئ د اصلاح لپاره شاته لاړ شئ؟"}},{"$i":"kai-confirm-exit-button","$v":"خارجیدل"},{"$i":"kai-confirm-return-button","$v":"واپس کړئ"},{"$i":"weekday-0-long","$v":"یکشنبه"},{"$i":"weekday-1-long","$v":"دوشنبه"},{"$i":"weekday-2-long","$v":"سه شنبه"},{"$i":"weekday-3-long","$v":"چهارشنبه"},{"$i":"weekday-4-long","$v":"پنجشنبه"},{"$i":"weekday-5-long","$v":"جمعه"},{"$i":"weekday-6-long","$v":"شنبه"},{"$i":"weekday-0-short","$v":"لمر"},{"$i":"weekday-1-short","$v":"دو"},{"$i":"weekday-2-short","$v":"سه"},{"$i":"weekday-3-short","$v":"چهار"},{"$i":"weekday-4-short","$v":"پنج."},{"$i":"weekday-5-short","$v":"جمعه"},{"$i":"weekday-6-short","$v":"هفته"},{"$i":"month-0-long","$v":"جنوری"},{"$i":"month-1-long","$v":"فروری"},{"$i":"month-2-long","$v":"مارچ"},{"$i":"month-3-long","$v":"اپریل"},{"$i":"month-4-long","$v":"مئی"},{"$i":"month-5-long","$v":"جون"},{"$i":"month-6-long","$v":"جولائی"},{"$i":"month-7-long","$v":"اګست"},{"$i":"month-8-long","$v":"ستمبر"},{"$i":"month-9-long","$v":"اکتوبر"},{"$i":"month-10-long","$v":"نومبر"},{"$i":"month-11-long","$v":"دسمبر"},{"$i":"month-0-genitive","$v":"جنوری"},{"$i":"month-1-genitive","$v":"فروری"},{"$i":"month-2-genitive","$v":"مارچ"},{"$i":"month-3-genitive","$v":"اپریل"},{"$i":"month-4-genitive","$v":"مئی"},{"$i":"month-5-genitive","$v":"جون"},{"$i":"month-6-genitive","$v":"جولائی"},{"$i":"month-7-genitive","$v":"اګست"},{"$i":"month-8-genitive","$v":"ستمبر"},{"$i":"month-9-genitive","$v":"اکتوبر"},{"$i":"month-10-genitive","$v":"نومبر"},{"$i":"month-11-genitive","$v":"دسمبر"},{"$i":"month-0-short","$v":"جنوری"},{"$i":"month-1-short","$v":"فروری"},{"$i":"month-2-short","$v":"مارچ"},{"$i":"month-3-short","$v":"اپریل"},{"$i":"month-4-short","$v":"مئی"},{"$i":"month-5-short","$v":"جون"},{"$i":"month-6-short","$v":"جولائی"},{"$i":"month-7-short","$v":"اګست"},{"$i":"month-8-short","$v":"ستمبر"},{"$i":"month-9-short","$v":"اکتوبر"},{"$i":"month-10-short","$v":"نومبر"},{"$i":"month-11-short","$v":"دسمبر"},{"$i":"minutes-ago-long","$v":{"few":[{"t":"idOrVar","v":"value"}," دقی مخکې"],"many":[{"t":"idOrVar","v":"value"}," دقی مخکې"],"one":"یو دقیقه مخکې","other":[{"t":"idOrVar","v":"value"}," دقی مخکې"],"two":[{"t":"idOrVar","v":"value"}," دقی مخکې"],"zero":"همدا اوس"},"$x":[{"t":"idOrVar","v":"plural"},"value"]},{"$i":"hours-ago-long","$v":{"few":[{"t":"idOrVar","v":"value"}," ساعته مخکې"],"many":[{"t":"idOrVar","v":"value"}," ساعته مخکې"],"one":"یو ساعت مخکې","other":[{"t":"idOrVar","v":"value"}," ساعته مخکې"],"two":[{"t":"idOrVar","v":"value"}," ساعته مخکې"],"zero":"همدا اوس"},"$x":[{"t":"idOrVar","v":"plural"},"value"]},{"$i":"days-ago-long","$v":{"few":[{"t":"idOrVar","v":"value"}," ورځي مخکې"],"many":[{"t":"idOrVar","v":"value"}," ورځي مخکې"],"one":"پرون","other":[{"t":"idOrVar","v":"value"}," ورځي مخکې"],"two":[{"t":"idOrVar","v":"value"}," ورځي مخکې"],"zero":"نن"},"$x":[{"t":"idOrVar","v":"plural"},"value"]},{"$i":"weeks-ago-long","$v":{"few":[{"t":"idOrVar","v":"value"}," اوونئ مخکې"],"many":[{"t":"idOrVar","v":"value"}," اوونئ مخکې"],"one":"تیره اوونۍ","other":[{"t":"idOrVar","v":"value"}," اوونئ مخکې"],"two":[{"t":"idOrVar","v":"value"}," اوونئ مخکې"],"zero":"دا اونۍ"},"$x":[{"t":"idOrVar","v":"plural"},"value"]},{"$i":"months-ago-long","$v":{"few":[{"t":"idOrVar","v":"value"}," میاشتي مخکې"],"many":[{"t":"idOrVar","v":"value"}," میاشتي مخکې"],"one":"تیره میاشت","other":[{"t":"idOrVar","v":"value"}," میاشتي مخکې"],"two":[{"t":"idOrVar","v":"value"}," میاشتي مخکې"],"zero":"دا میاشت"},"$x":[{"t":"idOrVar","v":"plural"},"value"]},{"$i":"years-ago-long","$v":{"few":[{"t":"idOrVar","v":"value"}," کاله مخکې"],"many":[{"t":"idOrVar","v":"value"}," کاله مخکې"],"one":"تیر کال","other":[{"t":"idOrVar","v":"value"}," کاله مخکې"],"two":[{"t":"idOrVar","v":"value"}," کاله مخکې"],"zero":"دا کال"},"$x":[{"t":"idOrVar","v":"plural"},"value"]},{"$i":"minutes-until-long","$v":{"few":["په ",{"t":"idOrVar","v":"value"}," دقیقو"],"many":["په ",{"t":"idOrVar","v":"value"}," دقیقو"],"one":"په یوه دقیقه کې","other":["په ",{"t":"idOrVar","v":"value"}," دقیقو"],"two":["په ",{"t":"idOrVar","v":"value"}," دقیقو"],"zero":"اوس"},"$x":[{"t":"idOrVar","v":"plural"},"value"]},{"$i":"hours-until-long","$v":{"few":["په ",{"t":"idOrVar","v":"value"}," ساعتونو"],"many":["په ",{"t":"idOrVar","v":"value"}," ساعتونو"],"one":"په یو ساعت کې","other":["په ",{"t":"idOrVar","v":"value"}," ساعتونو"],"two":["په ",{"t":"idOrVar","v":"value"}," ساعتونو"],"zero":"اوس"},"$x":[{"t":"idOrVar","v":"plural"},"value"]},{"$i":"days-until-long","$v":{"few":["په ",{"t":"idOrVar","v":"value"}," ورځو"],"many":["په ",{"t":"idOrVar","v":"value"}," ورځو"],"one":"سبا","other":["په ",{"t":"idOrVar","v":"value"}," ورځو"],"two":["په ",{"t":"idOrVar","v":"value"}," ورځو"],"zero":"نن"},"$x":[{"t":"idOrVar","v":"plural"},"value"]},{"$i":"weeks-until-long","$v":{"few":["په ",{"t":"idOrVar","v":"value"}," اوونیو"],"many":["په ",{"t":"idOrVar","v":"value"}," اوونیو"],"one":"راتلونکې اوونۍ","other":["په ",{"t":"idOrVar","v":"value"}," اوونیو"],"two":["په ",{"t":"idOrVar","v":"value"}," اوونیو"],"zero":"دا اونۍ"},"$x":[{"t":"idOrVar","v":"plural"},"value"]},{"$i":"months-until-long","$v":{"few":["په ",{"t":"idOrVar","v":"value"}," میاشتو"],"many":["په ",{"t":"idOrVar","v":"value"}," میاشتو"],"one":"راتلونکې میاشت","other":["په ",{"t":"idOrVar","v":"value"}," میاشتو"],"two":["په ",{"t":"idOrVar","v":"value"}," میاشتو"],"zero":"دا میاشت"},"$x":[{"t":"idOrVar","v":"plural"},"value"]},{"$i":"years-until-long","$v":{"few":["په ",{"t":"idOrVar","v":"value"}," کلونو"],"many":["په ",{"t":"idOrVar","v":"value"}," کلونو"],"one":"راتلونکی کال","other":["په ",{"t":"idOrVar","v":"value"}," کلونو"],"two":["په ",{"t":"idOrVar","v":"value"}," کلونو"],"zero":"دا کال"},"$x":[{"t":"idOrVar","v":"plural"},"value"]},{"$i":"minutes-ago-short","$v":{"other":[{"t":"idOrVar","v":"value"},"دقه مخکې"],"zero":"همدا اوس"},"$x":[{"t":"idOrVar","v":"plural"},"value"]},{"$i":"hours-ago-short","$v":{"other":[{"t":"idOrVar","v":"value"},"ساعت مخکې"],"zero":"همدا اوس"},"$x":[{"t":"idOrVar","v":"plural"},"value"]},{"$i":"days-ago-short","$v":{"other":[{"t":"idOrVar","v":"value"},"ورځ مخکې"],"zero":"نن"},"$x":[{"t":"idOrVar","v":"plural"},"value"]},{"$i":"minutes-until-short","$v":{"other":["په ",{"t":"idOrVar","v":"value"}," دقیقو"],"zero":"اوس"},"$x":[{"t":"idOrVar","v":"plural"},"value"]},{"$i":"hours-until-short","$v":{"other":["په ",{"t":"idOrVar","v":"value"}," ساعتونو"],"zero":"اوس"},"$x":[{"t":"idOrVar","v":"plural"},"value"]},{"$i":"days-until-short","$v":{"other":["په ",{"t":"idOrVar","v":"value"}," ورځو"],"zero":"نن"},"$x":[{"t":"idOrVar","v":"plural"},"value"]},{"$i":"incorrectDate","$v":"(غلطه نیټه)"},{"$i":"dateTimeFormat_%c","$v":"%a %b %e %Y %I:%M:%S %p"},{"$i":"dateTimeFormat_%x","$v":"%m/%d/%Y"},{"$i":"dateTimeFormat_%X","$v":"%I:%M:%S %p"},{"$i":"shortTimeFormat","$v":"%I:%M %p"},{"$i":"shortTimeFormat12","$v":"%I:%M %p"},{"$i":"shortTimeFormat24","$v":"%H:%M"},{"$i":"shortDateTimeFormat","$v":"%x %I:%M %p"},{"$i":"weekStartsOnMonday","$v":"0.0"},{"$i":"firstDayOfTheWeek","$v":"0.0"},{"$i":"time_am","$v":"سهار"},{"$i":"time_pm","$v":"ماښام"},{"$i":"softkey-options","$v":"غوراوي"}]