[{"$i":"reset","$v":"Reiniciar"},{"$i":"start","$v":"Iniciar"},{"$i":"stop","$v":"Parar"},{"$i":"cancel","$v":"Cancelar"},{"$i":"hour","$v":"Hora(s)"},{"$i":"hours","$v":"Horas"},{"$i":"minute","$v":"Minuto(s)"},{"$i":"minutes","$v":"Minutos"},{"$i":"second","$v":"Segundo(s)"},{"$i":"alarm","$v":"Alarme"},{"$i":"alarm-name","placeholder":"Alarme"},{"$i":"timer","$v":"Temporizador"},{"$i":"stopwatch","$v":"Cronómetro"},{"$i":"alarmName","$v":"Nome do alarme"},{"$i":"newAlarm","$v":"Novo alarme"},{"$i":"editAlarm","$v":"Editar alarme"},{"$i":"tclSettings","$v":"Definições"},{"$i":"clock-settings","$v":"Definições do relógio"},{"$i":"alarms-maximum","$v":"Atingiu o número máximo de alarmes."},{"$i":"laps-maximum","$v":"Atingiu o número máximo de voltas."},{"$i":"changes-saved","$v":"Alterações guardadas."},{"$i":"pause","$v":"Pausa"},{"$i":"resume","$v":"Retomar"},{"$i":"lap","$v":"Volta"},{"$i":"lap-number","$v":["Volta ",{"t":"idOrVar","v":"n"}]},{"$i":"timer-hour","$v":"hora"},{"$i":"timer-min","$v":"minuto"},{"$i":"timer-sec","$v":"segundo"},{"$i":"delete","$v":"Eliminar"},{"$i":"time","$v":"Hora"},{"$i":"snooze-label","$v":"Repetir"},{"$i":"snooze-button","$v":"Repetir"},{"$i":"repeat","$v":"Repetir"},{"$i":"vibrate","$v":"Vibrar"},{"$i":"close","$v":"Fechar"},{"$i":"save","$v":"Guardar"},{"$i":"done","$v":"Concluído"},{"$i":"kai-select-time","$v":"Selecionar hora"},{"$i":"closeButton","ariaLabel":"Fechar"},{"$i":"newAlarmButton","ariaLabel":"Novo alarme"},{"$i":"alarm-volume-label","$v":"Volume do alarme do sistema"},{"$i":"kai-volume","$v":"Volume:"},{"$i":"volume-level-display","$v":[{"t":"idOrVar","v":"n"}," / ",{"t":"idOrVar","v":"c"}]},{"$i":"sound","$v":"Som"},{"$i":"noSound","$v":"Sem som"},{"$i":"kai-ringtones","$v":"Toques"},{"$i":"everyday","$v":"Todos os dias"},{"$i":"weekdays","$v":"Dias da semana"},{"$i":"weekends","$v":"Fins-de-semana"},{"$i":"never","$v":"Nunca"},{"$i":"vibrateOn","$v":"Ativado"},{"$i":"vibrateOff","$v":"Desativado"},{"$i":"kai-on","$v":"Ativado"},{"$i":"kai-off","$v":"Desativado"},{"$i":"plusMinute","$v":"+1 min"},{"$i":"dateFormat","$v":"%A, %B %e"},{"$i":"countdown-lessThanAnHour","$v":["O alarme está definido para ",{"t":"idOrVar","v":"minutes"}," a partir de agora."]},{"$i":"countdown-moreThanAnHour","$v":["O alarme está definido para ",{"t":"idOrVar","v":"hours"}," ",{"t":"idOrVar","v":"minutes"}," a partir de agora."]},{"$i":"countdown-moreThanADay","$v":["O alarme está definido para ",{"t":"idOrVar","v":"days"}," ",{"t":"idOrVar","v":"hours"}," a partir de agora."]},{"$i":"kai-alarm-off","$v":"Alarme desativado."},{"$i":"kai-alarm-deleted","$v":"Alarme eliminado."},{"$i":"alarm-delete-all","$v":"Todos os alarmes eliminados."},{"$i":"nMinutes","$v":{"few":[{"t":"idOrVar","v":"n"}," minutos"],"many":[{"t":"idOrVar","v":"n"}," minutos"],"one":"um minuto","other":[{"t":"idOrVar","v":"n"}," minutos"],"two":[{"t":"idOrVar","v":"n"}," minutos"],"zero":"menos de 1 minuto"},"$x":[{"t":"idOrVar","v":"plural"},"n"]},{"$i":"nHours","$v":{"few":[{"t":"idOrVar","v":"n"}," horas"],"many":[{"t":"idOrVar","v":"n"}," horas"],"one":[{"t":"idOrVar","v":"n"}," hora"],"other":[{"t":"idOrVar","v":"n"}," horas"],"two":[{"t":"idOrVar","v":"n"}," horas"]},"$x":[{"t":"idOrVar","v":"plural"},"n"]},{"$i":"nAndRemainHours","$v":{"few":["e ",{"t":"idOrVar","v":"n"}," horas"],"many":["e ",{"t":"idOrVar","v":"n"}," horas"],"one":["e ",{"t":"idOrVar","v":"n"}," hora"],"other":["e ",{"t":"idOrVar","v":"n"}," horas"],"two":["e ",{"t":"idOrVar","v":"n"}," horas"]},"$x":[{"t":"idOrVar","v":"plural"},"n"]},{"$i":"nRemainDays","$v":{"few":[{"t":"idOrVar","v":"n"}," dias"],"many":[{"t":"idOrVar","v":"n"}," dias"],"one":[{"t":"idOrVar","v":"n"}," dia"],"other":[{"t":"idOrVar","v":"n"}," dias"],"two":[{"t":"idOrVar","v":"n"}," dias"]},"$x":[{"t":"idOrVar","v":"plural"},"n"]},{"$i":"nRemainMinutes","$v":{"few":["e ",{"t":"idOrVar","v":"n"}," minutos"],"many":["e ",{"t":"idOrVar","v":"n"}," minutos"],"one":["e ",{"t":"idOrVar","v":"n"}," minuto"],"other":["e ",{"t":"idOrVar","v":"n"}," minutos"],"two":["e ",{"t":"idOrVar","v":"n"}," minutos"]},"$x":[{"t":"idOrVar","v":"plural"},"n"]},{"$i":"nSpinnerSeconds","$v":{"few":[{"t":"idOrVar","v":"n"}," segundos"],"many":[{"t":"idOrVar","v":"n"}," segundos"],"one":"um segundo","other":[{"t":"idOrVar","v":"n"}," segundos"],"two":[{"t":"idOrVar","v":"n"}," segundos"],"zero":"zero segundos"},"$x":[{"t":"idOrVar","v":"plural"},"n"]},{"$i":"nSpinnerMinutes","$v":{"few":[{"t":"idOrVar","v":"n"}," minutos"],"many":[{"t":"idOrVar","v":"n"}," minutos"],"one":"um minuto","other":[{"t":"idOrVar","v":"n"}," minutos"],"two":[{"t":"idOrVar","v":"n"}," minutos"],"zero":"zero minutos"},"$x":[{"t":"idOrVar","v":"plural"},"n"]},{"$i":"nSpinnerHours","$v":{"few":[{"t":"idOrVar","v":"n"}," horas"],"many":[{"t":"idOrVar","v":"n"}," horas"],"one":[{"t":"idOrVar","v":"n"}," hora"],"other":[{"t":"idOrVar","v":"n"}," horas"],"two":[{"t":"idOrVar","v":"n"}," horas"],"zero":"zero horas"},"$x":[{"t":"idOrVar","v":"plural"},"n"]},{"$i":"kai-stop","$v":"Parar"},{"$i":"kai-snooze","$v":"Repetir"},{"$i":"ac_africa_ogg","$v":"África"},{"$i":"ac_amazon_ogg","$v":"Amazon"},{"$i":"ac_disco_ogg","$v":"Disco"},{"$i":"ac_fairy_tales_ogg","$v":"Fairy tales"},{"$i":"ac_fresh_ogg","$v":"Fresh"},{"$i":"ac_galaxy_ogg","$v":"Galaxy"},{"$i":"ac_kai_ogg","$v":"Kai"},{"$i":"ac_techno_ogg","$v":"Techno"},{"$i":"ac_woody_ogg","$v":"Woody"},{"$i":"ac_awake_opus","$v":"Ativar"},{"$i":"ac_crystalize_opus","$v":"Crystalize"},{"$i":"ac_cycle_opus","$v":"Cycle"},{"$i":"ac_digicloud_opus","$v":"Digicloud"},{"$i":"ac_humming_waves_opus","$v":"Humming Waves"},{"$i":"ac_into_the_void_opus","$v":"Into the Void"},{"$i":"ac_lightly_opus","$v":"Ligeiramente"},{"$i":"ac_mobile_opus","$v":"Telemóvel"},{"$i":"ac_pinger_opus","$v":"Pinger"},{"$i":"ac_skip_opus","$v":"Ignorar"},{"$i":"ac_tri_opus","$v":"Tri"},{"$i":"ac_universal_opus","$v":"Universal"},{"$i":"kai-options","$v":"Opções"},{"$i":"kai-clock-title","$v":"Relógio"},{"$i":"alarm-title","$v":"Alarme"},{"$i":"no-alarms-body","$v":"Não foram definidos alarmes. Prima Novo para iniciar."},{"$i":"kai-new-alarm","$v":"Novo"},{"$i":"kai-settings","$v":"Definições"},{"$i":"kai-cancel","$v":"Cancelar"},{"$i":"kai-save","$v":"Guardar"},{"$i":"turnOn","$v":"Ativar"},{"$i":"turnOff","$v":"Desativar"},{"$i":"edit","$v":"Editar"},{"$i":"select","$v":"Selecionar"},{"$i":"kai-delete","$v":"Eliminar"},{"$i":"delete-all","$v":"Eliminar tudo"},{"$i":"kai-selected-alarm","$v":"Alarme selecionado"},{"$i":"set","$v":"Definir"},{"$i":"kai-start","$v":"Iniciar"},{"$i":"kai-reset","$v":"Repor"},{"$i":"kai-min-plus","$v":"+1 min"},{"$i":"kai-resume","$v":"Retomar"},{"$i":"kai-lap","$v":"Volta"},{"$i":"play","$v":"Reproduzir"},{"$i":"kai-no-repeat","$v":"Sem repetição"},{"$i":"kai-confirm-title","$v":"Confirmação"},{"$i":"kai-confirm-delete-body","$v":"Eliminar o alarme selecionado?"},{"$i":"confirm-delete-all-body","$v":"Eliminar todos os alarmes?"},{"$i":"kai-confirm-end-key-body","$v":{"$o":"A aplicação será fechada com perda de dados. <br><br> Pretende voltar à edição?"}},{"$i":"kai-confirm-exit-button","$v":"Sair"},{"$i":"kai-confirm-return-button","$v":"Voltar"},{"$i":"weekday-0-long","$v":"Domingo"},{"$i":"weekday-1-long","$v":"Segunda-feira"},{"$i":"weekday-2-long","$v":"Terça-feira"},{"$i":"weekday-3-long","$v":"Quarta-feira"},{"$i":"weekday-4-long","$v":"Quinta-feira"},{"$i":"weekday-5-long","$v":"Sexta-feira"},{"$i":"weekday-6-long","$v":"Sábado"},{"$i":"weekday-0-short","$v":"Dom"},{"$i":"weekday-1-short","$v":"Seg"},{"$i":"weekday-2-short","$v":"Ter"},{"$i":"weekday-3-short","$v":"Qua"},{"$i":"weekday-4-short","$v":"Qui"},{"$i":"weekday-5-short","$v":"Sex"},{"$i":"weekday-6-short","$v":"Sáb"},{"$i":"month-0-long","$v":"Janeiro"},{"$i":"month-1-long","$v":"Fevereiro"},{"$i":"month-2-long","$v":"Março"},{"$i":"month-3-long","$v":"Abril"},{"$i":"month-4-long","$v":"Maio"},{"$i":"month-5-long","$v":"Junho"},{"$i":"month-6-long","$v":"Julho"},{"$i":"month-7-long","$v":"Agosto"},{"$i":"month-8-long","$v":"Setembro"},{"$i":"month-9-long","$v":"Outubro"},{"$i":"month-10-long","$v":"Novembro"},{"$i":"month-11-long","$v":"Dezembro"},{"$i":"month-0-genitive","$v":"Janeiro"},{"$i":"month-1-genitive","$v":"Fevereiro"},{"$i":"month-2-genitive","$v":"Março"},{"$i":"month-3-genitive","$v":"Abril"},{"$i":"month-4-genitive","$v":"Maio"},{"$i":"month-5-genitive","$v":"Junho"},{"$i":"month-6-genitive","$v":"Julho"},{"$i":"month-7-genitive","$v":"Agosto"},{"$i":"month-8-genitive","$v":"Setembro"},{"$i":"month-9-genitive","$v":"Outubro"},{"$i":"month-10-genitive","$v":"Novembro"},{"$i":"month-11-genitive","$v":"Dezembro"},{"$i":"month-0-short","$v":"Jan"},{"$i":"month-1-short","$v":"Fev"},{"$i":"month-2-short","$v":"Mar"},{"$i":"month-3-short","$v":"Abr"},{"$i":"month-4-short","$v":"Mai"},{"$i":"month-5-short","$v":"Jun"},{"$i":"month-6-short","$v":"Jul"},{"$i":"month-7-short","$v":"Ago"},{"$i":"month-8-short","$v":"Set"},{"$i":"month-9-short","$v":"Out"},{"$i":"month-10-short","$v":"Nov"},{"$i":"month-11-short","$v":"Dez"},{"$i":"minutes-ago-long","$v":{"few":[{"t":"idOrVar","v":"value"}," minutos atrás"],"many":[{"t":"idOrVar","v":"value"}," minutos atrás"],"one":"há um minuto","other":[{"t":"idOrVar","v":"value"}," minutos atrás"],"two":[{"t":"idOrVar","v":"value"}," minutos atrás"],"zero":"mesmo agora"},"$x":[{"t":"idOrVar","v":"plural"},"value"]},{"$i":"hours-ago-long","$v":{"few":[{"t":"idOrVar","v":"value"}," horas atrás"],"many":[{"t":"idOrVar","v":"value"}," horas atrás"],"one":"há uma hora","other":[{"t":"idOrVar","v":"value"}," horas atrás"],"two":[{"t":"idOrVar","v":"value"}," horas atrás"],"zero":"mesmo agora"},"$x":[{"t":"idOrVar","v":"plural"},"value"]},{"$i":"days-ago-long","$v":{"few":[{"t":"idOrVar","v":"value"}," dias atrás"],"many":[{"t":"idOrVar","v":"value"}," dias atrás"],"one":"ontem","other":[{"t":"idOrVar","v":"value"}," dias atrás"],"two":[{"t":"idOrVar","v":"value"}," dias atrás"],"zero":"hoje"},"$x":[{"t":"idOrVar","v":"plural"},"value"]},{"$i":"weeks-ago-long","$v":{"few":[{"t":"idOrVar","v":"value"}," semanas atrás"],"many":[{"t":"idOrVar","v":"value"}," semanas atrás"],"one":"semana passada","other":[{"t":"idOrVar","v":"value"}," semanas atrás"],"two":[{"t":"idOrVar","v":"value"}," semanas atrás"],"zero":"esta semana"},"$x":[{"t":"idOrVar","v":"plural"},"value"]},{"$i":"months-ago-long","$v":{"few":[{"t":"idOrVar","v":"value"}," meses atrás"],"many":[{"t":"idOrVar","v":"value"}," meses atrás"],"one":"mês passado","other":[{"t":"idOrVar","v":"value"}," meses atrás"],"two":[{"t":"idOrVar","v":"value"}," meses atrás"],"zero":"este mês"},"$x":[{"t":"idOrVar","v":"plural"},"value"]},{"$i":"years-ago-long","$v":{"few":[{"t":"idOrVar","v":"value"}," anos atrás"],"many":[{"t":"idOrVar","v":"value"}," anos atrás"],"one":"ano passado","other":[{"t":"idOrVar","v":"value"}," anos atrás"],"two":[{"t":"idOrVar","v":"value"}," anos atrás"],"zero":"este ano"},"$x":[{"t":"idOrVar","v":"plural"},"value"]},{"$i":"minutes-until-long","$v":{"few":["em ",{"t":"idOrVar","v":"value"}," minutos"],"many":["em ",{"t":"idOrVar","v":"value"}," minutos"],"one":"em um minuto","other":["em ",{"t":"idOrVar","v":"value"}," minutos"],"two":["em ",{"t":"idOrVar","v":"value"}," minutos"],"zero":"agora"},"$x":[{"t":"idOrVar","v":"plural"},"value"]},{"$i":"hours-until-long","$v":{"few":["em ",{"t":"idOrVar","v":"value"}," horas"],"many":["em ",{"t":"idOrVar","v":"value"}," horas"],"one":"dentro de uma hora","other":["em ",{"t":"idOrVar","v":"value"}," horas"],"two":["em ",{"t":"idOrVar","v":"value"}," horas"],"zero":"agora"},"$x":[{"t":"idOrVar","v":"plural"},"value"]},{"$i":"days-until-long","$v":{"few":["em ",{"t":"idOrVar","v":"value"}," dias"],"many":["em ",{"t":"idOrVar","v":"value"}," dias"],"one":"amanhã","other":["em ",{"t":"idOrVar","v":"value"}," dias"],"two":["em ",{"t":"idOrVar","v":"value"}," dias"],"zero":"hoje"},"$x":[{"t":"idOrVar","v":"plural"},"value"]},{"$i":"weeks-until-long","$v":{"few":["em ",{"t":"idOrVar","v":"value"}," semanas"],"many":["em ",{"t":"idOrVar","v":"value"}," semanas"],"one":"próxima semana","other":["em ",{"t":"idOrVar","v":"value"}," semanas"],"two":["em ",{"t":"idOrVar","v":"value"}," semanas"],"zero":"esta semana"},"$x":[{"t":"idOrVar","v":"plural"},"value"]},{"$i":"months-until-long","$v":{"few":["em ",{"t":"idOrVar","v":"value"}," meses"],"many":["em ",{"t":"idOrVar","v":"value"}," meses"],"one":"próximo mês","other":["em ",{"t":"idOrVar","v":"value"}," meses"],"two":["em ",{"t":"idOrVar","v":"value"}," meses"],"zero":"este mês"},"$x":[{"t":"idOrVar","v":"plural"},"value"]},{"$i":"years-until-long","$v":{"few":["em ",{"t":"idOrVar","v":"value"}," anos"],"many":["em ",{"t":"idOrVar","v":"value"}," anos"],"one":"próximo ano","other":["em ",{"t":"idOrVar","v":"value"}," anos"],"two":["em ",{"t":"idOrVar","v":"value"}," anos"],"zero":"este ano"},"$x":[{"t":"idOrVar","v":"plural"},"value"]},{"$i":"minutes-ago-short","$v":{"other":[{"t":"idOrVar","v":"value"},"m atrás"],"zero":"mesmo agora"},"$x":[{"t":"idOrVar","v":"plural"},"value"]},{"$i":"hours-ago-short","$v":{"other":[{"t":"idOrVar","v":"value"},"h atrás"],"zero":"mesmo agora"},"$x":[{"t":"idOrVar","v":"plural"},"value"]},{"$i":"days-ago-short","$v":{"other":[{"t":"idOrVar","v":"value"},"d atrás"],"zero":"hoje"},"$x":[{"t":"idOrVar","v":"plural"},"value"]},{"$i":"minutes-until-short","$v":{"other":["em ",{"t":"idOrVar","v":"value"},"m"],"zero":"agora"},"$x":[{"t":"idOrVar","v":"plural"},"value"]},{"$i":"hours-until-short","$v":{"other":["em ",{"t":"idOrVar","v":"value"},"h"],"zero":"agora"},"$x":[{"t":"idOrVar","v":"plural"},"value"]},{"$i":"days-until-short","$v":{"other":["em ",{"t":"idOrVar","v":"value"},"d"],"zero":"hoje"},"$x":[{"t":"idOrVar","v":"plural"},"value"]},{"$i":"incorrectDate","$v":"(data incorreta)"},{"$i":"dateTimeFormat_%c","$v":"%a %b %e %Y %I:%M:%S %p"},{"$i":"dateTimeFormat_%x","$v":"%d/%m/%Y"},{"$i":"dateTimeFormat_%X","$v":"%I:%M:%S %p"},{"$i":"shortTimeFormat","$v":"%I:%M %p"},{"$i":"shortTimeFormat12","$v":"%I:%M %p"},{"$i":"shortTimeFormat24","$v":"%H:%M"},{"$i":"shortDateTimeFormat","$v":"%x %I:%M %p"},{"$i":"weekStartsOnMonday","$v":"0.0"},{"$i":"firstDayOfTheWeek","$v":"1.0"},{"$i":"time_am","$v":"AM"},{"$i":"time_pm","$v":"PM"},{"$i":"softkey-options","$v":"Opções"}]