[{"$i":"reset","$v":"Weka upya"},{"$i":"start","$v":"Anza"},{"$i":"stop","$v":"Simamisha"},{"$i":"cancel","$v":"Ghairi"},{"$i":"hour","$v":"Saa"},{"$i":"hours","$v":"Saa"},{"$i":"minute","$v":"Dakika"},{"$i":"minutes","$v":"Dakika"},{"$i":"second","$v":"Pili"},{"$i":"alarm","$v":"King'ora"},{"$i":"alarm-name","placeholder":"King'ora"},{"$i":"timer","$v":"Kipima saa"},{"$i":"stopwatch","$v":"Saa ya michezo"},{"$i":"alarmName","$v":"Jina la King’ora"},{"$i":"newAlarm","$v":"King’ora kipya"},{"$i":"editAlarm","$v":"Hariri king’ora"},{"$i":"tclSettings","$v":"Mipangilio"},{"$i":"clock-settings","$v":"Mipangilio ya Saa"},{"$i":"alarms-maximum","$v":"Umefikisha idadi ya juu zaidi ya ving’ora."},{"$i":"laps-maximum","$v":"Umefikisha idadi ya juu zaidi ya mizunguko."},{"$i":"changes-saved","$v":"Mabadiliko yamehifadhiwa."},{"$i":"pause","$v":"Simamisha"},{"$i":"resume","$v":"Endelea"},{"$i":"lap","$v":"Mzunguko"},{"$i":"lap-number","$v":["Mzunguko ",{"t":"idOrVar","v":"n"}]},{"$i":"timer-hour","$v":"Saa"},{"$i":"timer-min","$v":"dakika"},{"$i":"timer-sec","$v":"pili"},{"$i":"delete","$v":"Futa"},{"$i":"time","$v":"Saa"},{"$i":"snooze-label","$v":"Sinzia"},{"$i":"snooze-button","$v":"Sinzia"},{"$i":"repeat","$v":"Rudia"},{"$i":"vibrate","$v":"Tetemeka"},{"$i":"close","$v":"Funga"},{"$i":"save","$v":"Hifadhi"},{"$i":"done","$v":"Gotoka"},{"$i":"kai-select-time","$v":"Chagua saa"},{"$i":"closeButton","ariaLabel":"Funga"},{"$i":"newAlarmButton","ariaLabel":"King’ora kipya"},{"$i":"alarm-volume-label","$v":"Kiwango-sauti cha King’ora cha Mfumo"},{"$i":"kai-volume","$v":"Kiwango-sauti:"},{"$i":"volume-level-display","$v":[{"t":"idOrVar","v":"n"}," / ",{"t":"idOrVar","v":"c"}]},{"$i":"sound","$v":"Sauti"},{"$i":"noSound","$v":"Hakuna Sauti"},{"$i":"kai-ringtones","$v":"Milio"},{"$i":"everyday","$v":"Kila siku"},{"$i":"weekdays","$v":"Siku za wiki"},{"$i":"weekends","$v":"Wikendi"},{"$i":"never","$v":"Kamwe"},{"$i":"vibrateOn","$v":"Washa"},{"$i":"vibrateOff","$v":"Zima"},{"$i":"kai-on","$v":"Washa"},{"$i":"kai-off","$v":"Zima"},{"$i":"plusMinute","$v":"Dakika +1"},{"$i":"dateFormat","$v":"%A, %B %e"},{"$i":"countdown-lessThanAnHour","$v":["King’ora kimewekwa kulia ",{"t":"idOrVar","v":"minutes"}," kutoka sasa."]},{"$i":"countdown-moreThanAnHour","$v":["King’ora kimewekwa kulia ",{"t":"idOrVar","v":"hours"}," ",{"t":"idOrVar","v":"minutes"}," kutoka sasa."]},{"$i":"countdown-moreThanADay","$v":["King’ora kimewekwa kulia ",{"t":"idOrVar","v":"days"}," ",{"t":"idOrVar","v":"hours"}," kutoka sasa."]},{"$i":"kai-alarm-off","$v":"King’ora kimezimwa."},{"$i":"kai-alarm-deleted","$v":"King’ora kimefutwa."},{"$i":"alarm-delete-all","$v":"Umefuta kengele zote."},{"$i":"nMinutes","$v":{"few":["dakika ",{"t":"idOrVar","v":"n"}],"many":["dakika ",{"t":"idOrVar","v":"n"}],"one":"dakika moja","other":["dakika ",{"t":"idOrVar","v":"n"}],"two":["dakika ",{"t":"idOrVar","v":"n"}],"zero":"chini ya dakika moja"},"$x":[{"t":"idOrVar","v":"plural"},"n"]},{"$i":"nHours","$v":{"few":["saa ",{"t":"idOrVar","v":"n"}],"many":["saa ",{"t":"idOrVar","v":"n"}],"one":["saa ",{"t":"idOrVar","v":"n"}],"other":["saa ",{"t":"idOrVar","v":"n"}],"two":["saa ",{"t":"idOrVar","v":"n"}]},"$x":[{"t":"idOrVar","v":"plural"},"n"]},{"$i":"nAndRemainHours","$v":{"few":["na saa ",{"t":"idOrVar","v":"n"}],"many":["na saa ",{"t":"idOrVar","v":"n"}],"one":["na saa ",{"t":"idOrVar","v":"n"}],"other":["na saa ",{"t":"idOrVar","v":"n"}],"two":["na saa ",{"t":"idOrVar","v":"n"}]},"$x":[{"t":"idOrVar","v":"plural"},"n"]},{"$i":"nRemainDays","$v":{"few":["siku ",{"t":"idOrVar","v":"n"}],"many":["siku ",{"t":"idOrVar","v":"n"}],"one":["siku ",{"t":"idOrVar","v":"n"}],"other":["siku ",{"t":"idOrVar","v":"n"}],"two":["siku ",{"t":"idOrVar","v":"n"}]},"$x":[{"t":"idOrVar","v":"plural"},"n"]},{"$i":"nRemainMinutes","$v":{"few":["na dakika ",{"t":"idOrVar","v":"n"}],"many":["na dakika ",{"t":"idOrVar","v":"n"}],"one":["na dakika ",{"t":"idOrVar","v":"n"}],"other":["na dakika ",{"t":"idOrVar","v":"n"}],"two":["na dakika ",{"t":"idOrVar","v":"n"}]},"$x":[{"t":"idOrVar","v":"plural"},"n"]},{"$i":"nSpinnerSeconds","$v":{"few":["sekunde ",{"t":"idOrVar","v":"n"}],"many":["sekunde ",{"t":"idOrVar","v":"n"}],"one":"sekunde moja","other":["sekunde ",{"t":"idOrVar","v":"n"}],"two":["sekunde ",{"t":"idOrVar","v":"n"}],"zero":"sekunde sufuri"},"$x":[{"t":"idOrVar","v":"plural"},"n"]},{"$i":"nSpinnerMinutes","$v":{"few":["dakika ",{"t":"idOrVar","v":"n"}],"many":["dakika ",{"t":"idOrVar","v":"n"}],"one":"dakika moja","other":["dakika ",{"t":"idOrVar","v":"n"}],"two":["dakika ",{"t":"idOrVar","v":"n"}],"zero":"dakika sufuri"},"$x":[{"t":"idOrVar","v":"plural"},"n"]},{"$i":"nSpinnerHours","$v":{"few":["saa ",{"t":"idOrVar","v":"n"}],"many":["saa ",{"t":"idOrVar","v":"n"}],"one":["saa ",{"t":"idOrVar","v":"n"}],"other":["saa ",{"t":"idOrVar","v":"n"}],"two":["saa ",{"t":"idOrVar","v":"n"}],"zero":"saa sufuri"},"$x":[{"t":"idOrVar","v":"plural"},"n"]},{"$i":"kai-stop","$v":"Simamisha"},{"$i":"kai-snooze","$v":"Sinzia"},{"$i":"ac_africa_ogg","$v":"Afrika"},{"$i":"ac_amazon_ogg","$v":"Amazon"},{"$i":"ac_disco_ogg","$v":"Disco"},{"$i":"ac_fairy_tales_ogg","$v":"Fairy tales"},{"$i":"ac_fresh_ogg","$v":"Fresh"},{"$i":"ac_galaxy_ogg","$v":"Galaxy"},{"$i":"ac_kai_ogg","$v":"Kai"},{"$i":"ac_techno_ogg","$v":"Techno"},{"$i":"ac_woody_ogg","$v":"Woody"},{"$i":"ac_awake_opus","$v":"Imeamshwa"},{"$i":"ac_crystalize_opus","$v":"Gandisha"},{"$i":"ac_cycle_opus","$v":"Mzunguko"},{"$i":"ac_digicloud_opus","$v":"Digicloud"},{"$i":"ac_humming_waves_opus","$v":"Mawimbi yenye Mvumo"},{"$i":"ac_into_the_void_opus","$v":"Katika Tupu"},{"$i":"ac_lightly_opus","$v":"Kiurahisi"},{"$i":"ac_mobile_opus","$v":"Simu ya mkononi"},{"$i":"ac_pinger_opus","$v":"Ping’a"},{"$i":"ac_skip_opus","$v":"Ruka"},{"$i":"ac_tri_opus","$v":"Tatu"},{"$i":"ac_universal_opus","$v":"Ulimwengu"},{"$i":"kai-options","$v":"Chaguo"},{"$i":"kai-clock-title","$v":"Saa"},{"$i":"alarm-title","$v":"King'ora"},{"$i":"no-alarms-body","$v":"Hakuna ving’ora vimewekwa. Bonyeza Kipya ili uanze."},{"$i":"kai-new-alarm","$v":"Mpya"},{"$i":"kai-settings","$v":"Mipangilio"},{"$i":"kai-cancel","$v":"Ghairi"},{"$i":"kai-save","$v":"Hifadhi"},{"$i":"turnOn","$v":"Washa"},{"$i":"turnOff","$v":"Zima"},{"$i":"edit","$v":"Hariri"},{"$i":"select","$v":"Chagua"},{"$i":"kai-delete","$v":"Futa"},{"$i":"delete-all","$v":"Futa yote"},{"$i":"kai-selected-alarm","$v":"King’ora kilichochaguliwa"},{"$i":"set","$v":"Weka"},{"$i":"kai-start","$v":"Anza"},{"$i":"kai-reset","$v":"Weka upya"},{"$i":"kai-min-plus","$v":"Dakika +1"},{"$i":"kai-resume","$v":"Endelea"},{"$i":"kai-lap","$v":"Mzunguko"},{"$i":"play","$v":"Cheza"},{"$i":"kai-no-repeat","$v":"Hakuna marudio"},{"$i":"kai-confirm-title","$v":"Uthibitishaji"},{"$i":"kai-confirm-delete-body","$v":"Je, ungependa kufuta king’ora kilichochaguliwa?"},{"$i":"confirm-delete-all-body","$v":"Ungependa kufuta kengele zote?"},{"$i":"kai-confirm-end-key-body","$v":{"$o":"Programu itafungwa kwa upotezaji wa data. <br><br> Ungependa kurudi nyuma kwenye uhariri?"}},{"$i":"kai-confirm-exit-button","$v":"Toka"},{"$i":"kai-confirm-return-button","$v":"Rudi"},{"$i":"weekday-0-long","$v":"Jumapili"},{"$i":"weekday-1-long","$v":"Jumatatu"},{"$i":"weekday-2-long","$v":"Jumanne"},{"$i":"weekday-3-long","$v":"Jumatano"},{"$i":"weekday-4-long","$v":"Alhamisi"},{"$i":"weekday-5-long","$v":"Ijumaa"},{"$i":"weekday-6-long","$v":"Jumamosi"},{"$i":"weekday-0-short","$v":"Jumapili"},{"$i":"weekday-1-short","$v":"Jumatatu"},{"$i":"weekday-2-short","$v":"Jumanne"},{"$i":"weekday-3-short","$v":"Jumatano"},{"$i":"weekday-4-short","$v":"Alhamisi"},{"$i":"weekday-5-short","$v":"Ijumaa"},{"$i":"weekday-6-short","$v":"Jumamosi"},{"$i":"month-0-long","$v":"Januari"},{"$i":"month-1-long","$v":"Februari"},{"$i":"month-2-long","$v":"Machi"},{"$i":"month-3-long","$v":"Aprili"},{"$i":"month-4-long","$v":"Mei"},{"$i":"month-5-long","$v":"Juni"},{"$i":"month-6-long","$v":"Julai"},{"$i":"month-7-long","$v":"Agosti"},{"$i":"month-8-long","$v":"Septemba"},{"$i":"month-9-long","$v":"Oktoba"},{"$i":"month-10-long","$v":"Novemba"},{"$i":"month-11-long","$v":"Desemba"},{"$i":"month-0-genitive","$v":"Januari"},{"$i":"month-1-genitive","$v":"Februari"},{"$i":"month-2-genitive","$v":"Machi"},{"$i":"month-3-genitive","$v":"Aprili"},{"$i":"month-4-genitive","$v":"Mei"},{"$i":"month-5-genitive","$v":"Juni"},{"$i":"month-6-genitive","$v":"Julai"},{"$i":"month-7-genitive","$v":"Agosti"},{"$i":"month-8-genitive","$v":"Septemba"},{"$i":"month-9-genitive","$v":"Oktoba"},{"$i":"month-10-genitive","$v":"Novemba"},{"$i":"month-11-genitive","$v":"Desemba"},{"$i":"month-0-short","$v":"Januari"},{"$i":"month-1-short","$v":"Februari"},{"$i":"month-2-short","$v":"Machi"},{"$i":"month-3-short","$v":"Aprili"},{"$i":"month-4-short","$v":"Mei"},{"$i":"month-5-short","$v":"Juni"},{"$i":"month-6-short","$v":"Julai"},{"$i":"month-7-short","$v":"Agosti"},{"$i":"month-8-short","$v":"Septemba"},{"$i":"month-9-short","$v":"Oktoba"},{"$i":"month-10-short","$v":"Novemba"},{"$i":"month-11-short","$v":"Disemba"},{"$i":"minutes-ago-long","$v":{"few":["dakika ",{"t":"idOrVar","v":"value"}," zilizopita"],"many":["dakika ",{"t":"idOrVar","v":"value"}," zilizopita"],"one":"dakika moja iliyopita","other":["dakika ",{"t":"idOrVar","v":"value"}," zilizopita"],"two":["dakika ",{"t":"idOrVar","v":"value"}," zilizopita"],"zero":"sasa hivi tu"},"$x":[{"t":"idOrVar","v":"plural"},"value"]},{"$i":"hours-ago-long","$v":{"few":["saa ",{"t":"idOrVar","v":"value"}," zilizopita"],"many":["saa ",{"t":"idOrVar","v":"value"}," zilizopita"],"one":"saa moja iliyopita","other":["saa ",{"t":"idOrVar","v":"value"}," zilizopita"],"two":["saa ",{"t":"idOrVar","v":"value"}," zilizopita"],"zero":"sasa hivi tu"},"$x":[{"t":"idOrVar","v":"plural"},"value"]},{"$i":"days-ago-long","$v":{"few":["Siku ",{"t":"idOrVar","v":"value"}," zilizopita"],"many":["Siku ",{"t":"idOrVar","v":"value"}," zilizopita"],"one":"jana","other":["Siku ",{"t":"idOrVar","v":"value"}," zilizopita"],"two":["Siku ",{"t":"idOrVar","v":"value"}," zilizopita"],"zero":"leo"},"$x":[{"t":"idOrVar","v":"plural"},"value"]},{"$i":"weeks-ago-long","$v":{"few":["wiki ",{"t":"idOrVar","v":"value"}," zilizopita"],"many":["wiki ",{"t":"idOrVar","v":"value"}," zilizopita"],"one":"wiki iliyopita","other":["wiki ",{"t":"idOrVar","v":"value"}," zilizopita"],"two":["wiki ",{"t":"idOrVar","v":"value"}," zilizopita"],"zero":"wiki hii"},"$x":[{"t":"idOrVar","v":"plural"},"value"]},{"$i":"months-ago-long","$v":{"few":["miezi ",{"t":"idOrVar","v":"value"}," iliyopita"],"many":["miezi ",{"t":"idOrVar","v":"value"}," iliyopita"],"one":"mwezi uliopita","other":["miezi ",{"t":"idOrVar","v":"value"}," iliyopita"],"two":["miezi ",{"t":"idOrVar","v":"value"}," iliyopita"],"zero":"mwezi huu"},"$x":[{"t":"idOrVar","v":"plural"},"value"]},{"$i":"years-ago-long","$v":{"few":["mwaka ",{"t":"idOrVar","v":"value"}," uliopita"],"many":["mwaka ",{"t":"idOrVar","v":"value"}," uliopita"],"one":"mwaka jana","other":["mwaka ",{"t":"idOrVar","v":"value"}," uliopita"],"two":["mwaka ",{"t":"idOrVar","v":"value"}," uliopita"],"zero":"mwaka huu"},"$x":[{"t":"idOrVar","v":"plural"},"value"]},{"$i":"minutes-until-long","$v":{"few":["baada ya dakika ",{"t":"idOrVar","v":"value"}],"many":["baada ya dakika ",{"t":"idOrVar","v":"value"}],"one":"baada ya dakika moja","other":["baada ya dakika ",{"t":"idOrVar","v":"value"}],"two":["baada ya dakika ",{"t":"idOrVar","v":"value"}],"zero":"sasa hivi"},"$x":[{"t":"idOrVar","v":"plural"},"value"]},{"$i":"hours-until-long","$v":{"few":["baada ya saa ",{"t":"idOrVar","v":"value"}],"many":["baada ya saa ",{"t":"idOrVar","v":"value"}],"one":"baada ya saa moja","other":["baada ya saa ",{"t":"idOrVar","v":"value"}],"two":["baada ya saa ",{"t":"idOrVar","v":"value"}],"zero":"sasa hivi"},"$x":[{"t":"idOrVar","v":"plural"},"value"]},{"$i":"days-until-long","$v":{"few":["baada ya siku ",{"t":"idOrVar","v":"value"}],"many":["baada ya siku ",{"t":"idOrVar","v":"value"}],"one":"kesho","other":["baada ya siku ",{"t":"idOrVar","v":"value"}],"two":["baada ya siku ",{"t":"idOrVar","v":"value"}],"zero":"leo"},"$x":[{"t":"idOrVar","v":"plural"},"value"]},{"$i":"weeks-until-long","$v":{"few":["baada ya wiki ",{"t":"idOrVar","v":"value"}],"many":["baada ya wiki ",{"t":"idOrVar","v":"value"}],"one":"wiki ijayo","other":["baada ya wiki ",{"t":"idOrVar","v":"value"}],"two":["baada ya wiki ",{"t":"idOrVar","v":"value"}],"zero":"wiki hii"},"$x":[{"t":"idOrVar","v":"plural"},"value"]},{"$i":"months-until-long","$v":{"few":["baada ya miezi ",{"t":"idOrVar","v":"value"}],"many":["baada ya miezi ",{"t":"idOrVar","v":"value"}],"one":"mwezi ujao","other":["baada ya miezi ",{"t":"idOrVar","v":"value"}],"two":["baada ya miezi ",{"t":"idOrVar","v":"value"}],"zero":"mwezi huu"},"$x":[{"t":"idOrVar","v":"plural"},"value"]},{"$i":"years-until-long","$v":{"few":["baada ya miaka ",{"t":"idOrVar","v":"value"}],"many":["baada ya miaka ",{"t":"idOrVar","v":"value"}],"one":"mwaka ujao","other":["baada ya miaka ",{"t":"idOrVar","v":"value"}],"two":["baada ya miaka ",{"t":"idOrVar","v":"value"}],"zero":"mwaka huu"},"$x":[{"t":"idOrVar","v":"plural"},"value"]},{"$i":"minutes-ago-short","$v":{"other":["dakika ",{"t":"idOrVar","v":"value"}," iliyopita"],"zero":"sasa hivi tu"},"$x":[{"t":"idOrVar","v":"plural"},"value"]},{"$i":"hours-ago-short","$v":{"other":["saa ",{"t":"idOrVar","v":"value"}," iliyopita"],"zero":"sasa hivi tu"},"$x":[{"t":"idOrVar","v":"plural"},"value"]},{"$i":"days-ago-short","$v":{"other":["Siku ",{"t":"idOrVar","v":"value"}," iliyopita"],"zero":"leo"},"$x":[{"t":"idOrVar","v":"plural"},"value"]},{"$i":"minutes-until-short","$v":{"other":["baada ya dakika ",{"t":"idOrVar","v":"value"}],"zero":"sasa hivi"},"$x":[{"t":"idOrVar","v":"plural"},"value"]},{"$i":"hours-until-short","$v":{"other":["baada ya saa ",{"t":"idOrVar","v":"value"}],"zero":"sasa hivi"},"$x":[{"t":"idOrVar","v":"plural"},"value"]},{"$i":"days-until-short","$v":{"other":["baada ya siku ",{"t":"idOrVar","v":"value"}],"zero":"leo"},"$x":[{"t":"idOrVar","v":"plural"},"value"]},{"$i":"incorrectDate","$v":"(Tarehe isiyo sahihi)"},{"$i":"dateTimeFormat_%c","$v":"%a %b %e %Y %I:%M:%S %p"},{"$i":"dateTimeFormat_%x","$v":"%m/%d/%Y"},{"$i":"dateTimeFormat_%X","$v":"%I:%M:%S %p"},{"$i":"shortTimeFormat","$v":"%I:%M %p"},{"$i":"shortTimeFormat12","$v":"%I:%M %p"},{"$i":"shortTimeFormat24","$v":"%H:%M"},{"$i":"shortDateTimeFormat","$v":"%x %I:%M %p"},{"$i":"weekStartsOnMonday","$v":"0.0"},{"$i":"firstDayOfTheWeek","$v":"0.0"},{"$i":"time_am","$v":"Asubuhi"},{"$i":"time_pm","$v":"PM"},{"$i":"softkey-options","$v":"Chaguo"}]