[{"$i":"reset","$v":"ரீசெட்"},{"$i":"start","$v":"தொடங்கு"},{"$i":"stop","$v":"நிறுத்து"},{"$i":"cancel","$v":"ரத்து செய்க"},{"$i":"hour","$v":"மணிநேரம்"},{"$i":"hours","$v":"மணிநேரங்கள்"},{"$i":"minute","$v":"நிமிடம்"},{"$i":"minutes","$v":"நிமிடங்கள்"},{"$i":"second","$v":"நொடி"},{"$i":"alarm","$v":"அலாரம்"},{"$i":"alarm-name","placeholder":"அலாரம்"},{"$i":"timer","$v":"டைமர்"},{"$i":"stopwatch","$v":"ஸ்டாப்வாட்ச்"},{"$i":"alarmName","$v":"அலாரம் பெயர்"},{"$i":"newAlarm","$v":"புதிய அலாரம்"},{"$i":"editAlarm","$v":"அலாரத்தைத் திருத்து"},{"$i":"tclSettings","$v":"செட்டிங்ஸ்"},{"$i":"clock-settings","$v":"கடிகார செட்டிங்ஸ்"},{"$i":"alarms-maximum","$v":"அலாரங்களின் அதிகபட்ச எண்ணிக்கையை நீங்கள் அடைந்துவிட்டீர்கள்"},{"$i":"laps-maximum","$v":"நீங்கள் லெப்ஸ்-இன் அதிகபட்ச எண்ணிக்கையை அடைந்துவிட்டீர்கள்"},{"$i":"changes-saved","$v":"மாற்றங்கள் சேமிக்கப்பட்டன."},{"$i":"pause","$v":"இடைநிறுத்து"},{"$i":"resume","$v":"மீண்டும் தொடர்"},{"$i":"lap","$v":"லேப்"},{"$i":"lap-number","$v":["லேப் ",{"t":"idOrVar","v":"n"}]},{"$i":"timer-hour","$v":"மணிநேரம்"},{"$i":"timer-min","$v":"நிமிடம்"},{"$i":"timer-sec","$v":"நொடி"},{"$i":"delete","$v":"நீக்கு"},{"$i":"time","$v":"நேரம்"},{"$i":"snooze-label","$v":"ஸ்னூஸ்"},{"$i":"snooze-button","$v":"ஸ்னூஸ்"},{"$i":"repeat","$v":"மீண்டும்"},{"$i":"vibrate","$v":"அதிர்வு"},{"$i":"close","$v":"மூடு"},{"$i":"save","$v":"சேமி"},{"$i":"done","$v":"முடிந்தது"},{"$i":"kai-select-time","$v":"நேரத்தைத் தேர்ந்தெடு"},{"$i":"closeButton","ariaLabel":"மூடு"},{"$i":"newAlarmButton","ariaLabel":"புதிய அலாரம்"},{"$i":"alarm-volume-label","$v":"சிஸ்டம் அலார வால்யூம்"},{"$i":"kai-volume","$v":"வால்யூம்:"},{"$i":"volume-level-display","$v":[{"t":"idOrVar","v":"n"}," / ",{"t":"idOrVar","v":"c"}]},{"$i":"sound","$v":"ஒலி"},{"$i":"noSound","$v":"ஒலி இல்லை"},{"$i":"kai-ringtones","$v":"ரிங்டோன்கள்"},{"$i":"everyday","$v":"தினசரி"},{"$i":"weekdays","$v":"வாரநாட்கள்"},{"$i":"weekends","$v":"வார இறுதி"},{"$i":"never","$v":"எப்போதும் வேண்டாம்"},{"$i":"vibrateOn","$v":"ஆன்"},{"$i":"vibrateOff","$v":"ஆஃப்"},{"$i":"kai-on","$v":"ஆன்"},{"$i":"kai-off","$v":"ஆஃப்"},{"$i":"plusMinute","$v":"+1 நிமிடம்"},{"$i":"dateFormat","$v":"%A, %B %e"},{"$i":"countdown-lessThanAnHour","$v":["இப்போதிலிருந்து ",{"t":"idOrVar","v":"minutes"}," களுக்கு அலாரம் அமைக்கப்பட்டுள்ளது."]},{"$i":"countdown-moreThanAnHour","$v":["இப்போதிலிருந்து ",{"t":"idOrVar","v":"days"}," ",{"t":"idOrVar","v":"minutes"}," களுக்கு அலாரம் அமைக்கப்பட்டுள்ளது."]},{"$i":"countdown-moreThanADay","$v":["இப்போதிலிருந்து ",{"t":"idOrVar","v":"days"}," ",{"t":"idOrVar","v":"hours"}," களுக்கு அலாரம் அமைக்கப்பட்டுள்ளது."]},{"$i":"kai-alarm-off","$v":"அலாரம் ஆஃப் செய்யப்பட்டுள்ளது."},{"$i":"kai-alarm-deleted","$v":"அலாரம் நீக்கப்பட்டது."},{"$i":"alarm-delete-all","$v":"அனைத்து அலாரங்கள் நீக்கப்பட்டன."},{"$i":"nMinutes","$v":{"few":[{"t":"idOrVar","v":"n"}," நிமிடங்கள்"],"many":[{"t":"idOrVar","v":"n"}," நிமிடங்கள்"],"one":"ஒரு நிமிடம்","other":[{"t":"idOrVar","v":"n"}," நிமிடங்கள்"],"two":[{"t":"idOrVar","v":"n"}," நிமிடங்கள்"],"zero":"ஒரு நிமிடத்துக்கும் குறைவாக"},"$x":[{"t":"idOrVar","v":"plural"},"n"]},{"$i":"nHours","$v":{"few":[{"t":"idOrVar","v":"n"}," மணிநேரங்கள்"],"many":[{"t":"idOrVar","v":"n"}," மணிநேரங்கள்"],"one":[{"t":"idOrVar","v":"n"}," மணிநேரம்"],"other":[{"t":"idOrVar","v":"n"}," மணிநேரங்கள்"],"two":[{"t":"idOrVar","v":"n"}," மணிநேரங்கள்"]},"$x":[{"t":"idOrVar","v":"plural"},"n"]},{"$i":"nAndRemainHours","$v":{"few":["மேலும் ",{"t":"idOrVar","v":"n"}," மணிநேரங்கள்"],"many":["மேலும் ",{"t":"idOrVar","v":"n"}," மணிநேரங்கள்"],"one":["மேலும் ",{"t":"idOrVar","v":"n"}," மணிநேரம்"],"other":["மேலும் ",{"t":"idOrVar","v":"n"}," மணிநேரங்கள்"],"two":["மேலும் ",{"t":"idOrVar","v":"n"}," மணிநேரங்கள்"]},"$x":[{"t":"idOrVar","v":"plural"},"n"]},{"$i":"nRemainDays","$v":{"few":[{"t":"idOrVar","v":"n"}," நாட்கள்"],"many":[{"t":"idOrVar","v":"n"}," நாட்கள்"],"one":[{"t":"idOrVar","v":"n"}," நாள்"],"other":[{"t":"idOrVar","v":"n"}," நாட்கள்"],"two":[{"t":"idOrVar","v":"n"}," நாட்கள்"]},"$x":[{"t":"idOrVar","v":"plural"},"n"]},{"$i":"nRemainMinutes","$v":{"few":["மேலும் ",{"t":"idOrVar","v":"n"}," நிமிடங்கள்"],"many":["மேலும் ",{"t":"idOrVar","v":"n"}," நிமிடங்கள்"],"one":["மேலும் ",{"t":"idOrVar","v":"n"}," நிமிடம்"],"other":["மேலும் ",{"t":"idOrVar","v":"n"}," நிமிடங்கள்"],"two":["மேலும் ",{"t":"idOrVar","v":"n"}," நிமிடங்கள்"]},"$x":[{"t":"idOrVar","v":"plural"},"n"]},{"$i":"nSpinnerSeconds","$v":{"few":[{"t":"idOrVar","v":"n"}," நொடிகள்"],"many":[{"t":"idOrVar","v":"n"}," நொடிகள்"],"one":"ஒரு நொடி","other":[{"t":"idOrVar","v":"n"}," நொடிகள்"],"two":[{"t":"idOrVar","v":"n"}," நொடிகள்"],"zero":"பூஜ்ய நொடிகள்"},"$x":[{"t":"idOrVar","v":"plural"},"n"]},{"$i":"nSpinnerMinutes","$v":{"few":[{"t":"idOrVar","v":"n"}," நிமிடங்கள்"],"many":[{"t":"idOrVar","v":"n"}," நிமிடங்கள்"],"one":"ஒரு நிமிடம்","other":[{"t":"idOrVar","v":"n"}," நிமிடங்கள்"],"two":[{"t":"idOrVar","v":"n"}," நிமிடங்கள்"],"zero":"பூஜ்ய நிமிடங்கள்"},"$x":[{"t":"idOrVar","v":"plural"},"n"]},{"$i":"nSpinnerHours","$v":{"few":[{"t":"idOrVar","v":"n"}," மணிநேரங்கள்"],"many":[{"t":"idOrVar","v":"n"}," மணிநேரங்கள்"],"one":[{"t":"idOrVar","v":"n"}," மணிநேரம்"],"other":[{"t":"idOrVar","v":"n"}," மணிநேரங்கள்"],"two":[{"t":"idOrVar","v":"n"}," மணிநேரங்கள்"],"zero":"பூஜ்ய மணிநேரங்கள்"},"$x":[{"t":"idOrVar","v":"plural"},"n"]},{"$i":"kai-stop","$v":"நிறுத்து"},{"$i":"kai-snooze","$v":"ஸ்னூஸ்"},{"$i":"ac_africa_ogg","$v":"ஆப்பிரிக்கா"},{"$i":"ac_amazon_ogg","$v":"அமேசான்"},{"$i":"ac_disco_ogg","$v":"டிஸ்கோ"},{"$i":"ac_fairy_tales_ogg","$v":"ஃபேரி டேல்ஸ்"},{"$i":"ac_fresh_ogg","$v":"ஃபிரெஷ்"},{"$i":"ac_galaxy_ogg","$v":"கேலக்ஸி"},{"$i":"ac_kai_ogg","$v":"காய்"},{"$i":"ac_techno_ogg","$v":"டெக்னோ"},{"$i":"ac_woody_ogg","$v":"வூடி"},{"$i":"ac_awake_opus","$v":"அவேக்"},{"$i":"ac_crystalize_opus","$v":"கிரிஸ்டலைஸ்"},{"$i":"ac_cycle_opus","$v":"சைக்கிள்"},{"$i":"ac_digicloud_opus","$v":"டிஜிகிளவுட்"},{"$i":"ac_humming_waves_opus","$v":"ஹம்மிங் வேவ்ஸ்"},{"$i":"ac_into_the_void_opus","$v":"இன்டூ தி வாய்டு"},{"$i":"ac_lightly_opus","$v":"லைட்லி"},{"$i":"ac_mobile_opus","$v":"மொபைல்"},{"$i":"ac_pinger_opus","$v":"பிங்கர்"},{"$i":"ac_skip_opus","$v":"தவிர்"},{"$i":"ac_tri_opus","$v":"ட்ரீ"},{"$i":"ac_universal_opus","$v":"யூனிவர்சல்"},{"$i":"kai-options","$v":"விருப்பங்கள்"},{"$i":"kai-clock-title","$v":"கடிகாரம்"},{"$i":"alarm-title","$v":"அலாரம்"},{"$i":"no-alarms-body","$v":"அலாரங்கள் அமைக்கப்படவில்லை. தொடங்குவதற்கு புதிய என்பதை அழுத்தவும்."},{"$i":"kai-new-alarm","$v":"புதிய"},{"$i":"kai-settings","$v":"செட்டிங்ஸ்"},{"$i":"kai-cancel","$v":"ரத்து செய்க"},{"$i":"kai-save","$v":"சேமி"},{"$i":"turnOn","$v":"ஆன் செய்யவும்"},{"$i":"turnOff","$v":"ஆஃப் செய்யவும்"},{"$i":"edit","$v":"திருத்து"},{"$i":"select","$v":"தேர்ந்தெடு"},{"$i":"kai-delete","$v":"நீக்கு"},{"$i":"delete-all","$v":"அனைத்தையும் நீக்கு"},{"$i":"kai-selected-alarm","$v":"தேர்தெடுக்கப்பட்ட அலாரம்"},{"$i":"set","$v":"அமை"},{"$i":"kai-start","$v":"தொடங்கு"},{"$i":"kai-reset","$v":"ரீசெட்"},{"$i":"kai-min-plus","$v":"+1 நிமிடம்"},{"$i":"kai-resume","$v":"மீண்டும் தொடர்"},{"$i":"kai-lap","$v":"லேப்"},{"$i":"play","$v":"இயக்கு"},{"$i":"kai-no-repeat","$v":"மீண்டும் செய்யவில்லை"},{"$i":"kai-confirm-title","$v":"உறுதிப்படுத்துதல்"},{"$i":"kai-confirm-delete-body","$v":"தேர்ந்தெடுத்த அலாரத்தை நீக்கவா?"},{"$i":"confirm-delete-all-body","$v":"எல்லா அலாரங்களையும் நீக்கவா?"},{"$i":"kai-confirm-end-key-body","$v":{"$o":"அப்ளிகேஷன், டேட்டா இழப்புடன் மூடப்படும். <br><br> திருந்துவதற்கு மீண்டும் செல்ல விரும்புகிறீர்களா?"}},{"$i":"kai-confirm-exit-button","$v":"வெளியேறு"},{"$i":"kai-confirm-return-button","$v":"திரும்பு"},{"$i":"weekday-0-long","$v":"ஞாயிறுக்கிழமை"},{"$i":"weekday-1-long","$v":"திங்கள்"},{"$i":"weekday-2-long","$v":"செவ்வாய்க்கிழமை"},{"$i":"weekday-3-long","$v":"புதன்கிழமை"},{"$i":"weekday-4-long","$v":"வியாழக்கிழமை"},{"$i":"weekday-5-long","$v":"வெள்ளி"},{"$i":"weekday-6-long","$v":"சனிக்கிழமை"},{"$i":"weekday-0-short","$v":"ஞாயிறுக்கிழமை"},{"$i":"weekday-1-short","$v":"திங்கள்"},{"$i":"weekday-2-short","$v":"செவ்வாய்க்கிழமை"},{"$i":"weekday-3-short","$v":"புதன்கிழமை"},{"$i":"weekday-4-short","$v":"வியாழன்"},{"$i":"weekday-5-short","$v":"வெள்ளி"},{"$i":"weekday-6-short","$v":"சனிக்கிழமை"},{"$i":"month-0-long","$v":"ஜனவரி"},{"$i":"month-1-long","$v":"பிப்ரவரி"},{"$i":"month-2-long","$v":"மார்ச்"},{"$i":"month-3-long","$v":"ஏப்ரல்"},{"$i":"month-4-long","$v":"மே"},{"$i":"month-5-long","$v":"ஜூன்"},{"$i":"month-6-long","$v":"ஜூலை"},{"$i":"month-7-long","$v":"ஆகஸ்ட்"},{"$i":"month-8-long","$v":"செப்டம்பர்"},{"$i":"month-9-long","$v":"அக்டோபர்"},{"$i":"month-10-long","$v":"நவம்பர்"},{"$i":"month-11-long","$v":"டிசம்பர்"},{"$i":"month-0-genitive","$v":"ஜனவரி"},{"$i":"month-1-genitive","$v":"பிப்ரவரி"},{"$i":"month-2-genitive","$v":"மார்ச்"},{"$i":"month-3-genitive","$v":"ஏப்ரல்"},{"$i":"month-4-genitive","$v":"மே"},{"$i":"month-5-genitive","$v":"ஜூன்"},{"$i":"month-6-genitive","$v":"ஜூலை"},{"$i":"month-7-genitive","$v":"ஆகஸ்ட்"},{"$i":"month-8-genitive","$v":"செப்டம்பர்"},{"$i":"month-9-genitive","$v":"அக்டோபர்"},{"$i":"month-10-genitive","$v":"நவம்பர்"},{"$i":"month-11-genitive","$v":"டிசம்பர்"},{"$i":"month-0-short","$v":"ஜனவரி"},{"$i":"month-1-short","$v":"பிப்ரவரி"},{"$i":"month-2-short","$v":"மார்ச்"},{"$i":"month-3-short","$v":"ஏப்ரல்"},{"$i":"month-4-short","$v":"மே"},{"$i":"month-5-short","$v":"ஜூன்"},{"$i":"month-6-short","$v":"ஜூலை"},{"$i":"month-7-short","$v":"ஆகஸ்ட்"},{"$i":"month-8-short","$v":"செப்டம்பர்"},{"$i":"month-9-short","$v":"அக்டோபர்"},{"$i":"month-10-short","$v":"நவம்பர்"},{"$i":"month-11-short","$v":"டிசம்பர்"},{"$i":"minutes-ago-long","$v":{"few":[{"t":"idOrVar","v":"value"}," நிமிடங்களுக்கு முன்பு"],"many":[{"t":"idOrVar","v":"value"}," நிமிடங்களுக்கு முன்பு"],"one":"ஒரு நிமிடம் முன்பாக","other":[{"t":"idOrVar","v":"value"}," நிமிடங்களுக்கு முன்பு"],"two":[{"t":"idOrVar","v":"value"}," நிமிடங்களுக்கு முன்பு"],"zero":"இப்போது தான்"},"$x":[{"t":"idOrVar","v":"plural"},"value"]},{"$i":"hours-ago-long","$v":{"few":[{"t":"idOrVar","v":"value"}," மணிநேரங்களுக்கு முன்பு"],"many":[{"t":"idOrVar","v":"value"}," மணிநேரங்களுக்கு முன்பு"],"one":"ஒரு மணிநேரம் முன்பாக","other":[{"t":"idOrVar","v":"value"}," மணிநேரங்களுக்கு முன்பு"],"two":[{"t":"idOrVar","v":"value"}," மணிநேரங்களுக்கு முன்பு"],"zero":"இப்போது தான்"},"$x":[{"t":"idOrVar","v":"plural"},"value"]},{"$i":"days-ago-long","$v":{"few":[{"t":"idOrVar","v":"value"}," நாட்களுக்கு முன்பு"],"many":[{"t":"idOrVar","v":"value"}," நாட்களுக்கு முன்பு"],"one":"நேற்று","other":[{"t":"idOrVar","v":"value"}," நாட்களுக்கு முன்பு"],"two":[{"t":"idOrVar","v":"value"}," நாட்களுக்கு முன்பு"],"zero":"இன்று"},"$x":[{"t":"idOrVar","v":"plural"},"value"]},{"$i":"weeks-ago-long","$v":{"few":[{"t":"idOrVar","v":"value"}," வாரங்களுக்கு முன்பு"],"many":[{"t":"idOrVar","v":"value"}," வாரங்களுக்கு முன்பு"],"one":"கடந்த வாரம்","other":[{"t":"idOrVar","v":"value"}," வாரங்களுக்கு முன்பு"],"two":[{"t":"idOrVar","v":"value"}," வாரங்களுக்கு முன்பு"],"zero":"இந்த வாரம்"},"$x":[{"t":"idOrVar","v":"plural"},"value"]},{"$i":"months-ago-long","$v":{"few":[{"t":"idOrVar","v":"value"}," மாதங்களுக்கு முன்பு"],"many":[{"t":"idOrVar","v":"value"}," மாதங்களுக்கு முன்பு"],"one":"கடந்த மாதம்","other":[{"t":"idOrVar","v":"value"}," மாதங்களுக்கு முன்பு"],"two":[{"t":"idOrVar","v":"value"}," மாதங்களுக்கு முன்பு"],"zero":"இந்த மாதம்"},"$x":[{"t":"idOrVar","v":"plural"},"value"]},{"$i":"years-ago-long","$v":{"few":[{"t":"idOrVar","v":"value"}," வருடங்களுக்கு முன்பு"],"many":[{"t":"idOrVar","v":"value"}," வருடங்களுக்கு முன்பு"],"one":"கடந்த வருடம்","other":[{"t":"idOrVar","v":"value"}," வருடங்களுக்கு முன்பு"],"two":[{"t":"idOrVar","v":"value"}," வருடங்களுக்கு முன்பு"],"zero":"இந்த வருடம்"},"$x":[{"t":"idOrVar","v":"plural"},"value"]},{"$i":"minutes-until-long","$v":{"few":[{"t":"idOrVar","v":"value"}," நிமிடங்களில்"],"many":[{"t":"idOrVar","v":"value"}," நிமிடங்களில்"],"one":"ஒரு நிமிடத்தில்","other":[{"t":"idOrVar","v":"value"}," நிமிடங்களில்"],"two":[{"t":"idOrVar","v":"value"}," நிமிடங்களில்"],"zero":"இப்போதே"},"$x":[{"t":"idOrVar","v":"plural"},"value"]},{"$i":"hours-until-long","$v":{"few":[{"t":"idOrVar","v":"value"}," மணிநேரங்களில்"],"many":[{"t":"idOrVar","v":"value"}," மணிநேரங்களில்"],"one":"ஒரு மணிநேரத்தில்","other":[{"t":"idOrVar","v":"value"}," மணிநேரங்களில்"],"two":[{"t":"idOrVar","v":"value"}," மணிநேரங்களில்"],"zero":"இப்போதே"},"$x":[{"t":"idOrVar","v":"plural"},"value"]},{"$i":"days-until-long","$v":{"few":[{"t":"idOrVar","v":"value"}," நாட்களில்"],"many":[{"t":"idOrVar","v":"value"}," நாட்களில்"],"one":"நாளை","other":[{"t":"idOrVar","v":"value"}," நாட்களில்"],"two":[{"t":"idOrVar","v":"value"}," நாட்களில்"],"zero":"இன்று"},"$x":[{"t":"idOrVar","v":"plural"},"value"]},{"$i":"weeks-until-long","$v":{"few":[{"t":"idOrVar","v":"value"}," வாரங்களில்"],"many":[{"t":"idOrVar","v":"value"}," வாரங்களில்"],"one":"அடுத்த வாரம்","other":[{"t":"idOrVar","v":"value"}," வாரங்களில்"],"two":[{"t":"idOrVar","v":"value"}," வாரங்களில்"],"zero":"இந்த வாரம்"},"$x":[{"t":"idOrVar","v":"plural"},"value"]},{"$i":"months-until-long","$v":{"few":[{"t":"idOrVar","v":"value"}," மாதங்களில்"],"many":[{"t":"idOrVar","v":"value"}," மாதங்களில்"],"one":"அடுத்த மாதம்","other":[{"t":"idOrVar","v":"value"}," மாதங்களில்"],"two":[{"t":"idOrVar","v":"value"}," மாதங்களில்"],"zero":"இந்த மாதம்"},"$x":[{"t":"idOrVar","v":"plural"},"value"]},{"$i":"years-until-long","$v":{"few":[{"t":"idOrVar","v":"value"}," வருடங்களில்"],"many":[{"t":"idOrVar","v":"value"}," வருடங்களில்"],"one":"அடுத்த ஆண்டு","other":[{"t":"idOrVar","v":"value"}," வருடங்களில்"],"two":[{"t":"idOrVar","v":"value"}," வருடங்களில்"],"zero":"இந்த வருடம்"},"$x":[{"t":"idOrVar","v":"plural"},"value"]},{"$i":"minutes-ago-short","$v":{"other":[{"t":"idOrVar","v":"value"},"நிமிடம் முன்பு"],"zero":"இப்போது தான்"},"$x":[{"t":"idOrVar","v":"plural"},"value"]},{"$i":"hours-ago-short","$v":{"other":[{"t":"idOrVar","v":"value"},"மணிநேரம் முன்பு"],"zero":"இப்போது தான்"},"$x":[{"t":"idOrVar","v":"plural"},"value"]},{"$i":"days-ago-short","$v":{"other":[{"t":"idOrVar","v":"value"},"நாள் முன்பு"],"zero":"இன்று"},"$x":[{"t":"idOrVar","v":"plural"},"value"]},{"$i":"minutes-until-short","$v":{"other":[{"t":"idOrVar","v":"value"},"நிமிடத்தில்"],"zero":"இப்போதே"},"$x":[{"t":"idOrVar","v":"plural"},"value"]},{"$i":"hours-until-short","$v":{"other":[{"t":"idOrVar","v":"value"},"மணிநேரத்தில்"],"zero":"இப்போதே"},"$x":[{"t":"idOrVar","v":"plural"},"value"]},{"$i":"days-until-short","$v":{"other":[{"t":"idOrVar","v":"value"},"நாள் இல்"],"zero":"இன்று"},"$x":[{"t":"idOrVar","v":"plural"},"value"]},{"$i":"incorrectDate","$v":"(தவறான தேதி)"},{"$i":"dateTimeFormat_%c","$v":"%a %b %e %Y %I:%M:%S %p"},{"$i":"dateTimeFormat_%x","$v":"%m/%d/%Y"},{"$i":"dateTimeFormat_%X","$v":"%I:%M:%S %p"},{"$i":"shortTimeFormat","$v":"%I:%M %p"},{"$i":"shortTimeFormat12","$v":"%I:%M %p"},{"$i":"shortTimeFormat24","$v":"%H:%M"},{"$i":"shortDateTimeFormat","$v":"%x %I:%M %p"},{"$i":"weekStartsOnMonday","$v":"0.0"},{"$i":"firstDayOfTheWeek","$v":"0.0"},{"$i":"time_am","$v":"AM"},{"$i":"time_pm","$v":"PM"},{"$i":"softkey-options","$v":"விருப்பங்கள்"}]