[{"$i":"reset","$v":"รีเซ็ต"},{"$i":"start","$v":"เริ่ม"},{"$i":"stop","$v":"หยุด"},{"$i":"cancel","$v":"ยกเลิก"},{"$i":"hour","$v":"ชั่วโมง"},{"$i":"hours","$v":"ชั่วโมง"},{"$i":"minute","$v":"นาที"},{"$i":"minutes","$v":"นาที"},{"$i":"second","$v":"วินาที"},{"$i":"alarm","$v":"นาฬิกาปลุก"},{"$i":"alarm-name","placeholder":"นาฬิกาปลุก"},{"$i":"timer","$v":"ตัวนับถอยหลัง"},{"$i":"stopwatch","$v":"ตัวจับเวลา"},{"$i":"alarmName","$v":"ชื่อการปลุก"},{"$i":"newAlarm","$v":"การปลุกใหม่"},{"$i":"editAlarm","$v":"แก้ไขการปลุก"},{"$i":"tclSettings","$v":"การตั้งค่า"},{"$i":"clock-settings","$v":"การตั้งค่านาฬิกา"},{"$i":"alarms-maximum","$v":"คุณใช้การปลุกถึงจำนวนสูงสุดที่กำหนดให้แล้ว"},{"$i":"laps-maximum","$v":"คุณใช้รอบถึงจำนวนสูงสุดที่กำหนดให้แล้ว"},{"$i":"changes-saved","$v":"บันทึกการเปลี่ยนแปลงแล้ว"},{"$i":"pause","$v":"หยุดชั่วคราว"},{"$i":"resume","$v":"ดำเนินการต่อ"},{"$i":"lap","$v":"รอบ"},{"$i":"lap-number","$v":["รอบที่ ",{"t":"idOrVar","v":"n"}]},{"$i":"timer-hour","$v":"ชั่วโมง"},{"$i":"timer-min","$v":"นาที"},{"$i":"timer-sec","$v":"วินาที"},{"$i":"delete","$v":"ลบ"},{"$i":"time","$v":"เวลา"},{"$i":"snooze-label","$v":"ปิดเสียงเตือนชั่วคราว"},{"$i":"snooze-button","$v":"ปิดเสียงเตือนชั่วคราว"},{"$i":"repeat","$v":"ซ้ำ"},{"$i":"vibrate","$v":"สั่น"},{"$i":"close","$v":"ปิด"},{"$i":"save","$v":"บันทึก"},{"$i":"done","$v":"เสร็จสิ้น"},{"$i":"kai-select-time","$v":"เลือกเวลา"},{"$i":"closeButton","ariaLabel":"ปิด"},{"$i":"newAlarmButton","ariaLabel":"การปลุกใหม่"},{"$i":"alarm-volume-label","$v":"ระดับเสียงปลุกระบบ"},{"$i":"kai-volume","$v":"ระดับเสียง:"},{"$i":"volume-level-display","$v":[{"t":"idOrVar","v":"n"}," / ",{"t":"idOrVar","v":"c"}]},{"$i":"sound","$v":"เสียง"},{"$i":"noSound","$v":"ไม่มีเสียง"},{"$i":"kai-ringtones","$v":"เสียงเรียกเข้า"},{"$i":"everyday","$v":"ทุกวัน"},{"$i":"weekdays","$v":"วันธรรมดา"},{"$i":"weekends","$v":"วันสุดสัปดาห์"},{"$i":"never","$v":"ห้ามทุกครั้ง"},{"$i":"vibrateOn","$v":"เปิด"},{"$i":"vibrateOff","$v":"ปิด"},{"$i":"kai-on","$v":"เปิด"},{"$i":"kai-off","$v":"ปิด"},{"$i":"plusMinute","$v":"+1 นาที"},{"$i":"dateFormat","$v":"%A, %B %e"},{"$i":"countdown-lessThanAnHour","$v":["การปลุกนี้ตั้งไว้สำหรับเวลา ",{"t":"idOrVar","v":"minutes"}," นับจากตอนนี้"]},{"$i":"countdown-moreThanAnHour","$v":["การปลุกนี้ตั้งไว้สำหรับเวลา ",{"t":"idOrVar","v":"hours"}," ",{"t":"idOrVar","v":"minutes"}," นับจากตอนนี้"]},{"$i":"countdown-moreThanADay","$v":["การปลุกนี้ตั้งไว้สำหรับ ",{"t":"idOrVar","v":"days"}," ",{"t":"idOrVar","v":"hours"}," นับจากตอนนี้"]},{"$i":"kai-alarm-off","$v":"ปิดทำงานการปลุกแล้ว"},{"$i":"kai-alarm-deleted","$v":"ลบการปลุกแล้ว"},{"$i":"alarm-delete-all","$v":"ลบการแจ้งเตือนทั้งหมดแล้ว"},{"$i":"nMinutes","$v":{"few":[{"t":"idOrVar","v":"n"}," นาที"],"many":[{"t":"idOrVar","v":"n"}," นาที"],"one":"1 นาที","other":[{"t":"idOrVar","v":"n"}," นาที"],"two":[{"t":"idOrVar","v":"n"}," นาที"],"zero":"น้อยกว่า 1 นาที"},"$x":[{"t":"idOrVar","v":"plural"},"n"]},{"$i":"nHours","$v":{"few":["และ ",{"t":"idOrVar","v":"n"}," ชั่วโมง"],"many":["และ ",{"t":"idOrVar","v":"n"}," ชั่วโมง"],"one":["และ ",{"t":"idOrVar","v":"n"}," ชั่วโมง"],"other":["และ ",{"t":"idOrVar","v":"n"}," ชั่วโมง"],"two":["และ ",{"t":"idOrVar","v":"n"}," ชั่วโมง"]},"$x":[{"t":"idOrVar","v":"plural"},"n"]},{"$i":"nAndRemainHours","$v":{"few":["และ ",{"t":"idOrVar","v":"n"}," ชั่วโมง"],"many":["และ ",{"t":"idOrVar","v":"n"}," ชั่วโมง"],"one":["และ ",{"t":"idOrVar","v":"n"}," ชั่วโมง"],"other":["และ ",{"t":"idOrVar","v":"n"}," ชั่วโมง"],"two":["และ ",{"t":"idOrVar","v":"n"}," ชั่วโมง"]},"$x":[{"t":"idOrVar","v":"plural"},"n"]},{"$i":"nRemainDays","$v":{"few":[{"t":"idOrVar","v":"n"}," วัน"],"many":[{"t":"idOrVar","v":"n"}," วัน"],"one":[{"t":"idOrVar","v":"n"}," วัน"],"other":[{"t":"idOrVar","v":"n"}," วัน"],"two":[{"t":"idOrVar","v":"n"}," วัน"]},"$x":[{"t":"idOrVar","v":"plural"},"n"]},{"$i":"nRemainMinutes","$v":{"few":["และ ",{"t":"idOrVar","v":"n"}," นาที"],"many":["และ ",{"t":"idOrVar","v":"n"}," นาที"],"one":["และ ",{"t":"idOrVar","v":"n"}," นาที"],"other":["และ ",{"t":"idOrVar","v":"n"}," นาที"],"two":["และ ",{"t":"idOrVar","v":"n"}," นาที"]},"$x":[{"t":"idOrVar","v":"plural"},"n"]},{"$i":"nSpinnerSeconds","$v":{"few":[{"t":"idOrVar","v":"n"}," วินาที"],"many":[{"t":"idOrVar","v":"n"}," วินาที"],"one":"1 วินาที","other":[{"t":"idOrVar","v":"n"}," วินาที"],"two":[{"t":"idOrVar","v":"n"}," วินาที"],"zero":"0 วินาที"},"$x":[{"t":"idOrVar","v":"plural"},"n"]},{"$i":"nSpinnerMinutes","$v":{"few":[{"t":"idOrVar","v":"n"}," นาที"],"many":[{"t":"idOrVar","v":"n"}," นาที"],"one":"1 นาที","other":[{"t":"idOrVar","v":"n"}," นาที"],"two":[{"t":"idOrVar","v":"n"}," นาที"],"zero":"0 นาที"},"$x":[{"t":"idOrVar","v":"plural"},"n"]},{"$i":"nSpinnerHours","$v":{"few":["และ ",{"t":"idOrVar","v":"n"}," ชั่วโมง"],"many":["และ ",{"t":"idOrVar","v":"n"}," ชั่วโมง"],"one":["และ ",{"t":"idOrVar","v":"n"}," ชั่วโมง"],"other":["และ ",{"t":"idOrVar","v":"n"}," ชั่วโมง"],"two":["และ ",{"t":"idOrVar","v":"n"}," ชั่วโมง"],"zero":"0 ชั่วโมง"},"$x":[{"t":"idOrVar","v":"plural"},"n"]},{"$i":"kai-stop","$v":"หยุด"},{"$i":"kai-snooze","$v":"เลื่อนปลุก"},{"$i":"ac_africa_ogg","$v":"แอฟริกา"},{"$i":"ac_amazon_ogg","$v":"Amazon"},{"$i":"ac_disco_ogg","$v":"Disco"},{"$i":"ac_fairy_tales_ogg","$v":"Fairy tales"},{"$i":"ac_fresh_ogg","$v":"Fresh"},{"$i":"ac_galaxy_ogg","$v":"Galaxy"},{"$i":"ac_kai_ogg","$v":"Kai"},{"$i":"ac_techno_ogg","$v":"Techno"},{"$i":"ac_woody_ogg","$v":"Woody"},{"$i":"ac_awake_opus","$v":"ปลุก"},{"$i":"ac_crystalize_opus","$v":"กำหนดรูปร่าง"},{"$i":"ac_cycle_opus","$v":"รอบ"},{"$i":"ac_digicloud_opus","$v":"ดิจิคลาวด์"},{"$i":"ac_humming_waves_opus","$v":"คลื่นรบกวน"},{"$i":"ac_into_the_void_opus","$v":"เป็นโมฆะ"},{"$i":"ac_lightly_opus","$v":"ระดับต่ำ"},{"$i":"ac_mobile_opus","$v":"มือถือ"},{"$i":"ac_pinger_opus","$v":"Pinger"},{"$i":"ac_skip_opus","$v":"ข้าม"},{"$i":"ac_tri_opus","$v":"สาม"},{"$i":"ac_universal_opus","$v":"สากล"},{"$i":"kai-options","$v":"ตัวเลือก"},{"$i":"kai-clock-title","$v":"นาฬิกา"},{"$i":"alarm-title","$v":"นาฬิกาปลุก"},{"$i":"no-alarms-body","$v":"ยังไม่ได้ตั้งการปลุก กดปุ่มใหม่เพื่อเริ่มต้น"},{"$i":"kai-new-alarm","$v":"ใหม่"},{"$i":"kai-settings","$v":"การตั้งค่า"},{"$i":"kai-cancel","$v":"ยกเลิก"},{"$i":"kai-save","$v":"บันทึก"},{"$i":"turnOn","$v":"เปิด"},{"$i":"turnOff","$v":"ปิด"},{"$i":"edit","$v":"แก้ไข"},{"$i":"select","$v":"เลือก"},{"$i":"kai-delete","$v":"ลบ"},{"$i":"delete-all","$v":"ลบทั้งหมด"},{"$i":"kai-selected-alarm","$v":"การปลุกที่เลือก"},{"$i":"set","$v":"ตั้งค่า"},{"$i":"kai-start","$v":"เริ่ม"},{"$i":"kai-reset","$v":"รีเซ็ต"},{"$i":"kai-min-plus","$v":"+1 นาที"},{"$i":"kai-resume","$v":"ดำเนินการต่อ"},{"$i":"kai-lap","$v":"รอบ"},{"$i":"play","$v":"เล่น"},{"$i":"kai-no-repeat","$v":"ปิดการซ้ำ"},{"$i":"kai-confirm-title","$v":"การยืนยัน"},{"$i":"kai-confirm-delete-body","$v":"ลบการปลุกที่เลือกหรือไม่"},{"$i":"confirm-delete-all-body","$v":"ลบการแจ้งเตือนทั้งหมด?"},{"$i":"kai-confirm-end-key-body","$v":{"$o":"แอปพลิเคชันจะถูกปิด และข้อความจะสูญหาย <br><br> คุณต้องการย้อนกลับมาแก้ไขหรือไม่"}},{"$i":"kai-confirm-exit-button","$v":"ออก"},{"$i":"kai-confirm-return-button","$v":"ย้อนกลับ"},{"$i":"weekday-0-long","$v":"อาทิตย์"},{"$i":"weekday-1-long","$v":"จันทร์"},{"$i":"weekday-2-long","$v":"อังคาร"},{"$i":"weekday-3-long","$v":"พุธ"},{"$i":"weekday-4-long","$v":"พฤหัสบดี"},{"$i":"weekday-5-long","$v":"ศุกร์"},{"$i":"weekday-6-long","$v":"เสาร์"},{"$i":"weekday-0-short","$v":"อาทิตย์"},{"$i":"weekday-1-short","$v":"จันทร์"},{"$i":"weekday-2-short","$v":"อังคาร"},{"$i":"weekday-3-short","$v":"พุธ"},{"$i":"weekday-4-short","$v":"พฤหัสบดี"},{"$i":"weekday-5-short","$v":"ศุกร์"},{"$i":"weekday-6-short","$v":"เสาร์"},{"$i":"month-0-long","$v":"มกราคม"},{"$i":"month-1-long","$v":"กุมภาพันธ์"},{"$i":"month-2-long","$v":"มีนาคม"},{"$i":"month-3-long","$v":"เมษายน"},{"$i":"month-4-long","$v":"พฤษภาคม"},{"$i":"month-5-long","$v":"มิถุนายน"},{"$i":"month-6-long","$v":"กรกฎาคม"},{"$i":"month-7-long","$v":"สิงหาคม"},{"$i":"month-8-long","$v":"กันยายน"},{"$i":"month-9-long","$v":"ตุลาคม"},{"$i":"month-10-long","$v":"พฤศจิกายน"},{"$i":"month-11-long","$v":"ธันวาคม"},{"$i":"month-0-genitive","$v":"มกราคม"},{"$i":"month-1-genitive","$v":"กุมภาพันธ์"},{"$i":"month-2-genitive","$v":"มีนาคม"},{"$i":"month-3-genitive","$v":"เมษายน"},{"$i":"month-4-genitive","$v":"พฤษภาคม"},{"$i":"month-5-genitive","$v":"มิถุนายน"},{"$i":"month-6-genitive","$v":"กรกฎาคม"},{"$i":"month-7-genitive","$v":"สิงหาคม"},{"$i":"month-8-genitive","$v":"กันยายน"},{"$i":"month-9-genitive","$v":"ตุลาคม"},{"$i":"month-10-genitive","$v":"พฤศจิกายน"},{"$i":"month-11-genitive","$v":"ธันวาคม"},{"$i":"month-0-short","$v":"ม.ค."},{"$i":"month-1-short","$v":"ก.พ."},{"$i":"month-2-short","$v":"มี.ค."},{"$i":"month-3-short","$v":"เม.ย."},{"$i":"month-4-short","$v":"พ.ค."},{"$i":"month-5-short","$v":"มิ.ย."},{"$i":"month-6-short","$v":"ก.ค."},{"$i":"month-7-short","$v":"ส.ค."},{"$i":"month-8-short","$v":"ก.ย."},{"$i":"month-9-short","$v":"ต.ค."},{"$i":"month-10-short","$v":"พ.ย."},{"$i":"month-11-short","$v":"ธ.ค."},{"$i":"minutes-ago-long","$v":{"few":[{"t":"idOrVar","v":"value"}," นาทีที่แล้ว"],"many":[{"t":"idOrVar","v":"value"}," นาทีที่แล้ว"],"one":"1 นาทีที่แล้ว","other":[{"t":"idOrVar","v":"value"}," นาทีที่แล้ว"],"two":[{"t":"idOrVar","v":"value"}," นาทีที่แล้ว"],"zero":"เมื่อสักครู่"},"$x":[{"t":"idOrVar","v":"plural"},"value"]},{"$i":"hours-ago-long","$v":{"few":[{"t":"idOrVar","v":"value"}," ชั่วโมงที่แล้ว"],"many":[{"t":"idOrVar","v":"value"}," ชั่วโมงที่แล้ว"],"one":"ชั่วโมงที่แล้ว","other":[{"t":"idOrVar","v":"value"}," ชั่วโมงที่แล้ว"],"two":[{"t":"idOrVar","v":"value"}," ชั่วโมงที่แล้ว"],"zero":"เมื่อสักครู่"},"$x":[{"t":"idOrVar","v":"plural"},"value"]},{"$i":"days-ago-long","$v":{"few":[{"t":"idOrVar","v":"value"}," วันที่แล้ว"],"many":[{"t":"idOrVar","v":"value"}," วันที่แล้ว"],"one":"เมื่อวานนี้","other":[{"t":"idOrVar","v":"value"}," วันที่แล้ว"],"two":[{"t":"idOrVar","v":"value"}," วันที่แล้ว"],"zero":"วันนี้"},"$x":[{"t":"idOrVar","v":"plural"},"value"]},{"$i":"weeks-ago-long","$v":{"few":[{"t":"idOrVar","v":"value"}," สัปดาห์ที่แล้ว"],"many":[{"t":"idOrVar","v":"value"}," สัปดาห์ที่แล้ว"],"one":"สัปดาห์ที่แล้ว","other":[{"t":"idOrVar","v":"value"}," สัปดาห์ที่แล้ว"],"two":[{"t":"idOrVar","v":"value"}," สัปดาห์ที่แล้ว"],"zero":"สัปดาห์นี้"},"$x":[{"t":"idOrVar","v":"plural"},"value"]},{"$i":"months-ago-long","$v":{"few":[{"t":"idOrVar","v":"value"}," เดือนที่แล้ว"],"many":[{"t":"idOrVar","v":"value"}," เดือนที่แล้ว"],"one":"เดือนที่แล้ว","other":[{"t":"idOrVar","v":"value"}," เดือนที่แล้ว"],"two":[{"t":"idOrVar","v":"value"}," เดือนที่แล้ว"],"zero":"เดือนนี้"},"$x":[{"t":"idOrVar","v":"plural"},"value"]},{"$i":"years-ago-long","$v":{"few":[{"t":"idOrVar","v":"value"}," ปีที่แล้ว"],"many":[{"t":"idOrVar","v":"value"}," ปีที่แล้ว"],"one":"ปีที่แล้ว","other":[{"t":"idOrVar","v":"value"}," ปีที่แล้ว"],"two":[{"t":"idOrVar","v":"value"}," ปีที่แล้ว"],"zero":"ปีนี้"},"$x":[{"t":"idOrVar","v":"plural"},"value"]},{"$i":"minutes-until-long","$v":{"few":["ใน ",{"t":"idOrVar","v":"value"}," นาที"],"many":["ใน ",{"t":"idOrVar","v":"value"}," นาที"],"one":"ใน 1 นาที","other":["ใน ",{"t":"idOrVar","v":"value"}," นาที"],"two":["ใน ",{"t":"idOrVar","v":"value"}," นาที"],"zero":"ตอนนี้"},"$x":[{"t":"idOrVar","v":"plural"},"value"]},{"$i":"hours-until-long","$v":{"few":["ใน ",{"t":"idOrVar","v":"value"}," ชั่วโมง"],"many":["ใน ",{"t":"idOrVar","v":"value"}," ชั่วโมง"],"one":"ใน 1 ชั่วโมง","other":["ใน ",{"t":"idOrVar","v":"value"}," ชั่วโมง"],"two":["ใน ",{"t":"idOrVar","v":"value"}," ชั่วโมง"],"zero":"ตอนนี้"},"$x":[{"t":"idOrVar","v":"plural"},"value"]},{"$i":"days-until-long","$v":{"few":["ใน ",{"t":"idOrVar","v":"value"}," วัน"],"many":["ใน ",{"t":"idOrVar","v":"value"}," วัน"],"one":"พรุ่งนี้","other":["ใน ",{"t":"idOrVar","v":"value"}," วัน"],"two":["ใน ",{"t":"idOrVar","v":"value"}," วัน"],"zero":"วันนี้"},"$x":[{"t":"idOrVar","v":"plural"},"value"]},{"$i":"weeks-until-long","$v":{"few":["ใน ",{"t":"idOrVar","v":"value"}," สัปดาห์"],"many":["ใน ",{"t":"idOrVar","v":"value"}," สัปดาห์"],"one":"สัปดาห์ถัดไป","other":["ใน ",{"t":"idOrVar","v":"value"}," สัปดาห์"],"two":["ใน ",{"t":"idOrVar","v":"value"}," สัปดาห์"],"zero":"สัปดาห์นี้"},"$x":[{"t":"idOrVar","v":"plural"},"value"]},{"$i":"months-until-long","$v":{"few":["ใน ",{"t":"idOrVar","v":"value"}," เดือน"],"many":["ใน ",{"t":"idOrVar","v":"value"}," เดือน"],"one":"เดือนถัดไป","other":["ใน ",{"t":"idOrVar","v":"value"}," เดือน"],"two":["ใน ",{"t":"idOrVar","v":"value"}," เดือน"],"zero":"เดือนนี้"},"$x":[{"t":"idOrVar","v":"plural"},"value"]},{"$i":"years-until-long","$v":{"few":["ใน ",{"t":"idOrVar","v":"value"}," ปี"],"many":["ใน ",{"t":"idOrVar","v":"value"}," ปี"],"one":"ปีถัดไป","other":["ใน ",{"t":"idOrVar","v":"value"}," ปี"],"two":["ใน ",{"t":"idOrVar","v":"value"}," ปี"],"zero":"ปีนี้"},"$x":[{"t":"idOrVar","v":"plural"},"value"]},{"$i":"minutes-ago-short","$v":{"other":[{"t":"idOrVar","v":"value"}," นาทีที่แล้ว"],"zero":"เมื่อสักครู่"},"$x":[{"t":"idOrVar","v":"plural"},"value"]},{"$i":"hours-ago-short","$v":{"other":[{"t":"idOrVar","v":"value"}," ชั่วโมงที่แล้ว"],"zero":"เมื่อสักครู่"},"$x":[{"t":"idOrVar","v":"plural"},"value"]},{"$i":"days-ago-short","$v":{"other":[{"t":"idOrVar","v":"value"}," วันที่แล้ว"],"zero":"วันนี้"},"$x":[{"t":"idOrVar","v":"plural"},"value"]},{"$i":"minutes-until-short","$v":{"other":["ใน ",{"t":"idOrVar","v":"value"}," นาที"],"zero":"ตอนนี้"},"$x":[{"t":"idOrVar","v":"plural"},"value"]},{"$i":"hours-until-short","$v":{"other":["ใน ",{"t":"idOrVar","v":"value"}," ชั่วโมง"],"zero":"ตอนนี้"},"$x":[{"t":"idOrVar","v":"plural"},"value"]},{"$i":"days-until-short","$v":{"other":["ใน ",{"t":"idOrVar","v":"value"}," วัน"],"zero":"วันนี้"},"$x":[{"t":"idOrVar","v":"plural"},"value"]},{"$i":"incorrectDate","$v":"(วันที่ไม่ถูกต้อง)"},{"$i":"dateTimeFormat_%c","$v":"%a %b %e %Y %I:%M:%S %p"},{"$i":"dateTimeFormat_%x","$v":"%d/%m/%Y"},{"$i":"dateTimeFormat_%X","$v":"%I:%M:%S %p"},{"$i":"shortTimeFormat","$v":"%I:%M %p"},{"$i":"shortTimeFormat12","$v":"%I:%M %p"},{"$i":"shortTimeFormat24","$v":"%H:%M"},{"$i":"shortDateTimeFormat","$v":"%x %I:%M %p"},{"$i":"weekStartsOnMonday","$v":"0.0"},{"$i":"firstDayOfTheWeek","$v":"0.0"},{"$i":"time_am","$v":"AM"},{"$i":"time_pm","$v":"PM"},{"$i":"softkey-options","$v":"ตัวเลือก"}]