[{"$i":"reset","$v":"Sıfırla"},{"$i":"start","$v":"Başlat"},{"$i":"stop","$v":"Durdur"},{"$i":"cancel","$v":"İptal"},{"$i":"hour","$v":"Saat"},{"$i":"hours","$v":"Saat"},{"$i":"minute","$v":"Dakika"},{"$i":"minutes","$v":"Dakika"},{"$i":"second","$v":"Saniye"},{"$i":"alarm","$v":"Alarm"},{"$i":"alarm-name","placeholder":"Alarm"},{"$i":"timer","$v":"Zamanlayıcı"},{"$i":"stopwatch","$v":"Kronometre"},{"$i":"alarmName","$v":"Alarm adı"},{"$i":"newAlarm","$v":"Yeni alarm"},{"$i":"editAlarm","$v":"Alarmı düzenle"},{"$i":"tclSettings","$v":"Ayarlar"},{"$i":"clock-settings","$v":"Saat Ayarları"},{"$i":"alarms-maximum","$v":"Maksimum alarm sayısına ulaştınız"},{"$i":"laps-maximum","$v":"Maksimum tur sayısına ulaştınız"},{"$i":"changes-saved","$v":"Değişiklikler kaydedildi."},{"$i":"pause","$v":"Duraklat"},{"$i":"resume","$v":"Devam et"},{"$i":"lap","$v":"Tur"},{"$i":"lap-number","$v":[{"t":"idOrVar","v":"n"}," tur"]},{"$i":"timer-hour","$v":"saat"},{"$i":"timer-min","$v":"dakika"},{"$i":"timer-sec","$v":"saniye"},{"$i":"delete","$v":"Sil"},{"$i":"time","$v":"Saat"},{"$i":"snooze-label","$v":"Ertele"},{"$i":"snooze-button","$v":"Ertele"},{"$i":"repeat","$v":"Tekrarla"},{"$i":"vibrate","$v":"Titreşim"},{"$i":"close","$v":"Kapat"},{"$i":"save","$v":"Kaydet"},{"$i":"done","$v":"Bitti"},{"$i":"kai-select-time","$v":"Saat seç"},{"$i":"closeButton","ariaLabel":"Kapat"},{"$i":"newAlarmButton","ariaLabel":"Yeni alarm"},{"$i":"alarm-volume-label","$v":"Sistem Alarmı Ses Düzeyi"},{"$i":"kai-volume","$v":"Ses:"},{"$i":"volume-level-display","$v":[{"t":"idOrVar","v":"n"}," / ",{"t":"idOrVar","v":"c"}]},{"$i":"sound","$v":"Ses"},{"$i":"noSound","$v":"Ses Yok"},{"$i":"kai-ringtones","$v":"Zil sesleri"},{"$i":"everyday","$v":"Her gün"},{"$i":"weekdays","$v":"Hafta içi"},{"$i":"weekends","$v":"Hafta sonu"},{"$i":"never","$v":"Asla"},{"$i":"vibrateOn","$v":"Açık"},{"$i":"vibrateOff","$v":"Kapalı"},{"$i":"kai-on","$v":"Açık"},{"$i":"kai-off","$v":"Kapalı"},{"$i":"plusMinute","$v":"+1 Dk"},{"$i":"dateFormat","$v":"%A, %B %e"},{"$i":"countdown-lessThanAnHour","$v":["Alarm ",{"t":"idOrVar","v":"minutes"}," bir zamana kuruldu."]},{"$i":"countdown-moreThanAnHour","$v":["Alarm ",{"t":"idOrVar","v":"hours"}," ",{"t":"idOrVar","v":"minutes"}," sonraya kuruldu."]},{"$i":"countdown-moreThanADay","$v":["Alarm ",{"t":"idOrVar","v":"days"}," ",{"t":"idOrVar","v":"hours"}," sonraya kuruldu."]},{"$i":"kai-alarm-off","$v":"Alarm kapatıldı."},{"$i":"kai-alarm-deleted","$v":"Alarm silindi."},{"$i":"alarm-delete-all","$v":"Tüm alarmlar silindi."},{"$i":"nMinutes","$v":{"few":[{"t":"idOrVar","v":"n"}," dakika"],"many":[{"t":"idOrVar","v":"n"}," dakika"],"one":"bir dakika","other":[{"t":"idOrVar","v":"n"}," dakika"],"two":[{"t":"idOrVar","v":"n"}," dakika"],"zero":"bir dakikadan kısa"},"$x":[{"t":"idOrVar","v":"plural"},"n"]},{"$i":"nHours","$v":{"few":[{"t":"idOrVar","v":"n"}," saat"],"many":[{"t":"idOrVar","v":"n"}," saat"],"one":[{"t":"idOrVar","v":"n"}," saat"],"other":[{"t":"idOrVar","v":"n"}," saat"],"two":[{"t":"idOrVar","v":"n"}," saat"]},"$x":[{"t":"idOrVar","v":"plural"},"n"]},{"$i":"nAndRemainHours","$v":{"few":["ve ",{"t":"idOrVar","v":"n"}," saat"],"many":["ve ",{"t":"idOrVar","v":"n"}," saat"],"one":["ve ",{"t":"idOrVar","v":"n"}," saat"],"other":["ve ",{"t":"idOrVar","v":"n"}," saat"],"two":["ve ",{"t":"idOrVar","v":"n"}," saat"]},"$x":[{"t":"idOrVar","v":"plural"},"n"]},{"$i":"nRemainDays","$v":{"few":[{"t":"idOrVar","v":"n"}," gün"],"many":[{"t":"idOrVar","v":"n"}," gün"],"one":[{"t":"idOrVar","v":"n"}," gün"],"other":[{"t":"idOrVar","v":"n"}," gün"],"two":[{"t":"idOrVar","v":"n"}," gün"]},"$x":[{"t":"idOrVar","v":"plural"},"n"]},{"$i":"nRemainMinutes","$v":{"few":["ve ",{"t":"idOrVar","v":"n"}," dakika"],"many":["ve ",{"t":"idOrVar","v":"n"}," dakika"],"one":["ve ",{"t":"idOrVar","v":"n"}," dakika"],"other":["ve ",{"t":"idOrVar","v":"n"}," dakika"],"two":["ve ",{"t":"idOrVar","v":"n"}," dakika"]},"$x":[{"t":"idOrVar","v":"plural"},"n"]},{"$i":"nSpinnerSeconds","$v":{"few":[{"t":"idOrVar","v":"n"}," saniye"],"many":[{"t":"idOrVar","v":"n"}," saniye"],"one":"bir saniye","other":[{"t":"idOrVar","v":"n"}," saniye"],"two":[{"t":"idOrVar","v":"n"}," saniye"],"zero":"sıfır saniye"},"$x":[{"t":"idOrVar","v":"plural"},"n"]},{"$i":"nSpinnerMinutes","$v":{"few":[{"t":"idOrVar","v":"n"}," dakika"],"many":[{"t":"idOrVar","v":"n"}," dakika"],"one":"bir dakika","other":[{"t":"idOrVar","v":"n"}," dakika"],"two":[{"t":"idOrVar","v":"n"}," dakika"],"zero":"sıfır dakika"},"$x":[{"t":"idOrVar","v":"plural"},"n"]},{"$i":"nSpinnerHours","$v":{"few":[{"t":"idOrVar","v":"n"}," saat"],"many":[{"t":"idOrVar","v":"n"}," saat"],"one":[{"t":"idOrVar","v":"n"}," saat"],"other":[{"t":"idOrVar","v":"n"}," saat"],"two":[{"t":"idOrVar","v":"n"}," saat"],"zero":"sıfır saat"},"$x":[{"t":"idOrVar","v":"plural"},"n"]},{"$i":"kai-stop","$v":"Durdur"},{"$i":"kai-snooze","$v":"Ertele"},{"$i":"ac_africa_ogg","$v":"Afrika"},{"$i":"ac_amazon_ogg","$v":"Amazon"},{"$i":"ac_disco_ogg","$v":"Disco"},{"$i":"ac_fairy_tales_ogg","$v":"Fairy tales"},{"$i":"ac_fresh_ogg","$v":"Fresh"},{"$i":"ac_galaxy_ogg","$v":"Galaxy"},{"$i":"ac_kai_ogg","$v":"Kai"},{"$i":"ac_techno_ogg","$v":"Techno"},{"$i":"ac_woody_ogg","$v":"Woody"},{"$i":"ac_awake_opus","$v":"Uyanık"},{"$i":"ac_crystalize_opus","$v":"Kristalleştir"},{"$i":"ac_cycle_opus","$v":"Döngü"},{"$i":"ac_digicloud_opus","$v":"Digicloud"},{"$i":"ac_humming_waves_opus","$v":"Uğuldayan Dalgalar"},{"$i":"ac_into_the_void_opus","$v":"Boşluğa Doğru"},{"$i":"ac_lightly_opus","$v":"Hafifçe"},{"$i":"ac_mobile_opus","$v":"Mobil"},{"$i":"ac_pinger_opus","$v":"Pinger"},{"$i":"ac_skip_opus","$v":"Atla"},{"$i":"ac_tri_opus","$v":"Tri"},{"$i":"ac_universal_opus","$v":"Evrensel"},{"$i":"kai-options","$v":"Seçenekler"},{"$i":"kai-clock-title","$v":"Saat"},{"$i":"alarm-title","$v":"Alarm"},{"$i":"no-alarms-body","$v":"Hiç alarm ayarlanmadı. Başlamak için Yeni'ye basın."},{"$i":"kai-new-alarm","$v":"Yeni"},{"$i":"kai-settings","$v":"Ayarlar"},{"$i":"kai-cancel","$v":"İptal"},{"$i":"kai-save","$v":"Kaydet"},{"$i":"turnOn","$v":"Aç"},{"$i":"turnOff","$v":"Kapat"},{"$i":"edit","$v":"Düzenle"},{"$i":"select","$v":"Seç"},{"$i":"kai-delete","$v":"Sil"},{"$i":"delete-all","$v":"Tümünü sil"},{"$i":"kai-selected-alarm","$v":"Seçili alarm"},{"$i":"set","$v":"Ayarla"},{"$i":"kai-start","$v":"Başlat"},{"$i":"kai-reset","$v":"Sıfırla"},{"$i":"kai-min-plus","$v":"+1 Dk"},{"$i":"kai-resume","$v":"Devam et"},{"$i":"kai-lap","$v":"Tur"},{"$i":"play","$v":"Oynat"},{"$i":"kai-no-repeat","$v":"Tekrar yok"},{"$i":"kai-confirm-title","$v":"Onay"},{"$i":"kai-confirm-delete-body","$v":"Seçili alarm silinsin mi?"},{"$i":"confirm-delete-all-body","$v":"Tüm alarmlar silinsin mi?"},{"$i":"kai-confirm-end-key-body","$v":{"$o":"Uygulama veri kaybıyla kapatılacak. <br><br> Düzenlemeye geri dönmek ister misiniz?"}},{"$i":"kai-confirm-exit-button","$v":"Çıkış"},{"$i":"kai-confirm-return-button","$v":"Geri dön"},{"$i":"weekday-0-long","$v":"Pazar"},{"$i":"weekday-1-long","$v":"Pazartesi"},{"$i":"weekday-2-long","$v":"Salı"},{"$i":"weekday-3-long","$v":"Çarşamba"},{"$i":"weekday-4-long","$v":"Perşembe"},{"$i":"weekday-5-long","$v":"Cuma"},{"$i":"weekday-6-long","$v":"Cumartesi"},{"$i":"weekday-0-short","$v":"Paz"},{"$i":"weekday-1-short","$v":"Pzt"},{"$i":"weekday-2-short","$v":"Sal"},{"$i":"weekday-3-short","$v":"Çrş"},{"$i":"weekday-4-short","$v":"Per"},{"$i":"weekday-5-short","$v":"Cum"},{"$i":"weekday-6-short","$v":"Cmt"},{"$i":"month-0-long","$v":"Ocak"},{"$i":"month-1-long","$v":"Şubat"},{"$i":"month-2-long","$v":"Mart"},{"$i":"month-3-long","$v":"Nisan"},{"$i":"month-4-long","$v":"Mayıs"},{"$i":"month-5-long","$v":"Haziran"},{"$i":"month-6-long","$v":"Temmuz"},{"$i":"month-7-long","$v":"Ağustos"},{"$i":"month-8-long","$v":"Eylül"},{"$i":"month-9-long","$v":"Ekim"},{"$i":"month-10-long","$v":"Kasım"},{"$i":"month-11-long","$v":"Aralık"},{"$i":"month-0-genitive","$v":"Ocak"},{"$i":"month-1-genitive","$v":"Şubat"},{"$i":"month-2-genitive","$v":"Mart"},{"$i":"month-3-genitive","$v":"Nisan"},{"$i":"month-4-genitive","$v":"Mayıs"},{"$i":"month-5-genitive","$v":"Haziran"},{"$i":"month-6-genitive","$v":"Temmuz"},{"$i":"month-7-genitive","$v":"Ağustos"},{"$i":"month-8-genitive","$v":"Eylül"},{"$i":"month-9-genitive","$v":"Ekim"},{"$i":"month-10-genitive","$v":"Kasım"},{"$i":"month-11-genitive","$v":"Aralık"},{"$i":"month-0-short","$v":"Oca"},{"$i":"month-1-short","$v":"Şub"},{"$i":"month-2-short","$v":"Mar"},{"$i":"month-3-short","$v":"Nis"},{"$i":"month-4-short","$v":"Mayıs"},{"$i":"month-5-short","$v":"Haz"},{"$i":"month-6-short","$v":"Tem"},{"$i":"month-7-short","$v":"Ağu"},{"$i":"month-8-short","$v":"Eyl"},{"$i":"month-9-short","$v":"Eki"},{"$i":"month-10-short","$v":"Kas"},{"$i":"month-11-short","$v":"Ara"},{"$i":"minutes-ago-long","$v":{"few":[{"t":"idOrVar","v":"value"}," dakika önce"],"many":[{"t":"idOrVar","v":"value"}," dakika önce"],"one":"bir dakika önce","other":[{"t":"idOrVar","v":"value"}," dakika önce"],"two":[{"t":"idOrVar","v":"value"}," dakika önce"],"zero":"az önce"},"$x":[{"t":"idOrVar","v":"plural"},"value"]},{"$i":"hours-ago-long","$v":{"few":[{"t":"idOrVar","v":"value"}," saat önce"],"many":[{"t":"idOrVar","v":"value"}," saat önce"],"one":"bir saat önce","other":[{"t":"idOrVar","v":"value"}," saat önce"],"two":[{"t":"idOrVar","v":"value"}," saat önce"],"zero":"az önce"},"$x":[{"t":"idOrVar","v":"plural"},"value"]},{"$i":"days-ago-long","$v":{"few":[{"t":"idOrVar","v":"value"}," gün önce"],"many":[{"t":"idOrVar","v":"value"}," gün önce"],"one":"dün","other":[{"t":"idOrVar","v":"value"}," gün önce"],"two":[{"t":"idOrVar","v":"value"}," gün önce"],"zero":"bugün"},"$x":[{"t":"idOrVar","v":"plural"},"value"]},{"$i":"weeks-ago-long","$v":{"few":[{"t":"idOrVar","v":"value"}," hafta önce"],"many":[{"t":"idOrVar","v":"value"}," hafta önce"],"one":"geçen hafta","other":[{"t":"idOrVar","v":"value"}," hafta önce"],"two":[{"t":"idOrVar","v":"value"}," hafta önce"],"zero":"bu hafta"},"$x":[{"t":"idOrVar","v":"plural"},"value"]},{"$i":"months-ago-long","$v":{"few":[{"t":"idOrVar","v":"value"}," ay önce"],"many":[{"t":"idOrVar","v":"value"}," ay önce"],"one":"geçen ay","other":[{"t":"idOrVar","v":"value"}," ay önce"],"two":[{"t":"idOrVar","v":"value"}," ay önce"],"zero":"bu ay"},"$x":[{"t":"idOrVar","v":"plural"},"value"]},{"$i":"years-ago-long","$v":{"few":[{"t":"idOrVar","v":"value"}," yıl önce"],"many":[{"t":"idOrVar","v":"value"}," yıl önce"],"one":"geçen yıl","other":[{"t":"idOrVar","v":"value"}," yıl önce"],"two":[{"t":"idOrVar","v":"value"}," yıl önce"],"zero":"bu yıl"},"$x":[{"t":"idOrVar","v":"plural"},"value"]},{"$i":"minutes-until-long","$v":{"few":[{"t":"idOrVar","v":"value"}," dakika içinde"],"many":[{"t":"idOrVar","v":"value"}," dakika içinde"],"one":"bir dakika içinde","other":[{"t":"idOrVar","v":"value"}," dakika içinde"],"two":[{"t":"idOrVar","v":"value"}," dakika içinde"],"zero":"şimdi"},"$x":[{"t":"idOrVar","v":"plural"},"value"]},{"$i":"hours-until-long","$v":{"few":[{"t":"idOrVar","v":"value"}," saat içinde"],"many":[{"t":"idOrVar","v":"value"}," saat içinde"],"one":"bir saat içinde","other":[{"t":"idOrVar","v":"value"}," saat içinde"],"two":[{"t":"idOrVar","v":"value"}," saat içinde"],"zero":"şimdi"},"$x":[{"t":"idOrVar","v":"plural"},"value"]},{"$i":"days-until-long","$v":{"few":[{"t":"idOrVar","v":"value"}," gün içinde"],"many":[{"t":"idOrVar","v":"value"}," gün içinde"],"one":"yarın","other":[{"t":"idOrVar","v":"value"}," gün içinde"],"two":[{"t":"idOrVar","v":"value"}," gün içinde"],"zero":"bugün"},"$x":[{"t":"idOrVar","v":"plural"},"value"]},{"$i":"weeks-until-long","$v":{"few":[{"t":"idOrVar","v":"value"}," hafta içinde"],"many":[{"t":"idOrVar","v":"value"}," hafta içinde"],"one":"gelecek hafta","other":[{"t":"idOrVar","v":"value"}," hafta içinde"],"two":[{"t":"idOrVar","v":"value"}," hafta içinde"],"zero":"bu hafta"},"$x":[{"t":"idOrVar","v":"plural"},"value"]},{"$i":"months-until-long","$v":{"few":[{"t":"idOrVar","v":"value"}," ay içinde"],"many":[{"t":"idOrVar","v":"value"}," ay içinde"],"one":"gelecek ay","other":[{"t":"idOrVar","v":"value"}," ay içinde"],"two":[{"t":"idOrVar","v":"value"}," ay içinde"],"zero":"bu ay"},"$x":[{"t":"idOrVar","v":"plural"},"value"]},{"$i":"years-until-long","$v":{"few":[{"t":"idOrVar","v":"value"}," yıl içinde"],"many":[{"t":"idOrVar","v":"value"}," yıl içinde"],"one":"gelecek yıl","other":[{"t":"idOrVar","v":"value"}," yıl içinde"],"two":[{"t":"idOrVar","v":"value"}," yıl içinde"],"zero":"bu yıl"},"$x":[{"t":"idOrVar","v":"plural"},"value"]},{"$i":"minutes-ago-short","$v":{"other":[{"t":"idOrVar","v":"value"},"d önce"],"zero":"az önce"},"$x":[{"t":"idOrVar","v":"plural"},"value"]},{"$i":"hours-ago-short","$v":{"other":[{"t":"idOrVar","v":"value"},"s önce"],"zero":"az önce"},"$x":[{"t":"idOrVar","v":"plural"},"value"]},{"$i":"days-ago-short","$v":{"other":[{"t":"idOrVar","v":"value"},"g önce"],"zero":"bugün"},"$x":[{"t":"idOrVar","v":"plural"},"value"]},{"$i":"minutes-until-short","$v":{"other":[{"t":"idOrVar","v":"value"},"d içinde"],"zero":"şimdi"},"$x":[{"t":"idOrVar","v":"plural"},"value"]},{"$i":"hours-until-short","$v":{"other":[{"t":"idOrVar","v":"value"},"s içinde"],"zero":"şimdi"},"$x":[{"t":"idOrVar","v":"plural"},"value"]},{"$i":"days-until-short","$v":{"other":[{"t":"idOrVar","v":"value"},"g içinde"],"zero":"bugün"},"$x":[{"t":"idOrVar","v":"plural"},"value"]},{"$i":"incorrectDate","$v":"(hatalı tarih)"},{"$i":"dateTimeFormat_%c","$v":"%a %b %e %Y %I:%M:%S %p"},{"$i":"dateTimeFormat_%x","$v":"%d/%m/%Y"},{"$i":"dateTimeFormat_%X","$v":"%I:%M:%S %p"},{"$i":"shortTimeFormat","$v":"%I:%M %p"},{"$i":"shortTimeFormat12","$v":"%I:%M %p"},{"$i":"shortTimeFormat24","$v":"%H:%M"},{"$i":"shortDateTimeFormat","$v":"%x %I:%M %p"},{"$i":"weekStartsOnMonday","$v":"0.0"},{"$i":"firstDayOfTheWeek","$v":"1.0"},{"$i":"time_am","$v":"AM"},{"$i":"time_pm","$v":"PM"},{"$i":"softkey-options","$v":"Seçenekler"}]