[{"$i":"reset","$v":"دوبارہ ترتیب دیں"},{"$i":"start","$v":"شروع کریں"},{"$i":"stop","$v":"روکیں"},{"$i":"cancel","$v":"منسوخ کریں"},{"$i":"hour","$v":"گھنٹہ"},{"$i":"hours","$v":"گھنٹے"},{"$i":"minute","$v":"منٹ"},{"$i":"minutes","$v":"منٹس"},{"$i":"second","$v":"سیکنڈ"},{"$i":"alarm","$v":"الارم"},{"$i":"alarm-name","placeholder":"الارم"},{"$i":"timer","$v":"ٹائمر"},{"$i":"stopwatch","$v":"اسٹاپ واچ"},{"$i":"alarmName","$v":"الارم کا نام"},{"$i":"newAlarm","$v":"نیا الارم"},{"$i":"editAlarm","$v":"الارم میں ترمیم کریں"},{"$i":"tclSettings","$v":"ترتیبات"},{"$i":"clock-settings","$v":"گھڑی کی سیٹنگ"},{"$i":"alarms-maximum","$v":"آپ الارمز کی زیادہ سے زیادہ تعداد کو پہنچ گئے ہیں"},{"$i":"laps-maximum","$v":"آپ لیپس کی زیادہ سے زیادہ تعداد تک پہنچ گئے ہیں"},{"$i":"changes-saved","$v":"تبدیلیاں محفوظ ہوگئی۔"},{"$i":"pause","$v":"موقوف کریں"},{"$i":"resume","$v":"دوبارہ شروع کریں"},{"$i":"lap","$v":"لیپ"},{"$i":"lap-number","$v":["لیپ ",{"t":"idOrVar","v":"n"}]},{"$i":"timer-hour","$v":"گھنٹہ"},{"$i":"timer-min","$v":"منٹ"},{"$i":"timer-sec","$v":"سیکنڈ"},{"$i":"delete","$v":"حذف کریں"},{"$i":"time","$v":"وقت"},{"$i":"snooze-label","$v":"اسنوز"},{"$i":"snooze-button","$v":"اسنوز"},{"$i":"repeat","$v":"دہرائیں"},{"$i":"vibrate","$v":"وائبریٹ"},{"$i":"close","$v":"بند کریں"},{"$i":"save","$v":"محفوظ کریں"},{"$i":"done","$v":"ہو گیا"},{"$i":"kai-select-time","$v":"وقت منتخب کریں"},{"$i":"closeButton","ariaLabel":"بند کریں"},{"$i":"newAlarmButton","ariaLabel":"نیا الارم"},{"$i":"alarm-volume-label","$v":"سسٹم الارم والیوم"},{"$i":"kai-volume","$v":"والیوم:"},{"$i":"volume-level-display","$v":[{"t":"idOrVar","v":"n"}," / ",{"t":"idOrVar","v":"c"}]},{"$i":"sound","$v":"آواز"},{"$i":"noSound","$v":"کوئی آواز نہیں"},{"$i":"kai-ringtones","$v":"رنگ ٹونز"},{"$i":"everyday","$v":"ہر دن"},{"$i":"weekdays","$v":"ہفتہ کے دن"},{"$i":"weekends","$v":"اختتام ہفتہ"},{"$i":"never","$v":"کبھی نہیں"},{"$i":"vibrateOn","$v":"آن"},{"$i":"vibrateOff","$v":"آف"},{"$i":"kai-on","$v":"آن"},{"$i":"kai-off","$v":"آف"},{"$i":"plusMinute","$v":"+1 منٹ"},{"$i":"dateFormat","$v":"%A, %B %e"},{"$i":"countdown-lessThanAnHour","$v":["الارم اب سے ",{"t":"idOrVar","v":"minutes"}," پر سیٹ کیا گیا ہے۔"]},{"$i":"countdown-moreThanAnHour","$v":["الارم اب سے ",{"t":"idOrVar","v":"hours"}," ",{"t":"idOrVar","v":"minutes"}," پر سیٹ کیا گیا ہے۔"]},{"$i":"countdown-moreThanADay","$v":["الارم اب سے ",{"t":"idOrVar","v":"days"}," ",{"t":"idOrVar","v":"hours"}," پر سیٹ کیا گیا ہے۔"]},{"$i":"kai-alarm-off","$v":"الارم بند ہوگیا"},{"$i":"kai-alarm-deleted","$v":"الارم حذف کردیا گیا"},{"$i":"alarm-delete-all","$v":"سبھی الارمز حذف کر دیے گئے۔"},{"$i":"nMinutes","$v":{"few":[{"t":"idOrVar","v":"n"}," منٹس"],"many":[{"t":"idOrVar","v":"n"}," منٹس"],"one":"ایک منٹ","other":[{"t":"idOrVar","v":"n"}," منٹس"],"two":[{"t":"idOrVar","v":"n"}," منٹس"],"zero":"ایک منٹ سے کم"},"$x":[{"t":"idOrVar","v":"plural"},"n"]},{"$i":"nHours","$v":{"few":[{"t":"idOrVar","v":"n"}," گھنٹے"],"many":[{"t":"idOrVar","v":"n"}," گھنٹے"],"one":[{"t":"idOrVar","v":"n"}," گھنٹہ"],"other":[{"t":"idOrVar","v":"n"}," گھنٹے"],"two":[{"t":"idOrVar","v":"n"}," گھنٹے"]},"$x":[{"t":"idOrVar","v":"plural"},"n"]},{"$i":"nAndRemainHours","$v":{"few":["اور ",{"t":"idOrVar","v":"n"}," گھنٹے"],"many":["اور ",{"t":"idOrVar","v":"n"}," گھنٹے"],"one":["اور ",{"t":"idOrVar","v":"n"}," گھنٹہ"],"other":["اور ",{"t":"idOrVar","v":"n"}," گھنٹے"],"two":["اور ",{"t":"idOrVar","v":"n"}," گھنٹے"]},"$x":[{"t":"idOrVar","v":"plural"},"n"]},{"$i":"nRemainDays","$v":{"few":[{"t":"idOrVar","v":"n"}," دن"],"many":[{"t":"idOrVar","v":"n"}," دن"],"one":[{"t":"idOrVar","v":"n"}," دن"],"other":[{"t":"idOrVar","v":"n"}," دن"],"two":[{"t":"idOrVar","v":"n"}," دن"]},"$x":[{"t":"idOrVar","v":"plural"},"n"]},{"$i":"nRemainMinutes","$v":{"few":["اور ",{"t":"idOrVar","v":"n"}," منٹس"],"many":["اور ",{"t":"idOrVar","v":"n"}," منٹس"],"one":["اور ",{"t":"idOrVar","v":"n"}," منٹ"],"other":["اور ",{"t":"idOrVar","v":"n"}," منٹس"],"two":["اور ",{"t":"idOrVar","v":"n"}," منٹس"]},"$x":[{"t":"idOrVar","v":"plural"},"n"]},{"$i":"nSpinnerSeconds","$v":{"few":[{"t":"idOrVar","v":"n"}," سیکنڈز"],"many":[{"t":"idOrVar","v":"n"}," سیکنڈز"],"one":"ایک سیکنڈ","other":[{"t":"idOrVar","v":"n"}," سیکنڈز"],"two":[{"t":"idOrVar","v":"n"}," سیکنڈز"],"zero":"صفر سیکنڈز"},"$x":[{"t":"idOrVar","v":"plural"},"n"]},{"$i":"nSpinnerMinutes","$v":{"few":[{"t":"idOrVar","v":"n"}," منٹس"],"many":[{"t":"idOrVar","v":"n"}," منٹس"],"one":"ایک منٹ","other":[{"t":"idOrVar","v":"n"}," منٹس"],"two":[{"t":"idOrVar","v":"n"}," منٹس"],"zero":"صفر منٹس"},"$x":[{"t":"idOrVar","v":"plural"},"n"]},{"$i":"nSpinnerHours","$v":{"few":[{"t":"idOrVar","v":"n"}," گھنٹے"],"many":[{"t":"idOrVar","v":"n"}," گھنٹے"],"one":[{"t":"idOrVar","v":"n"}," گھنٹہ"],"other":[{"t":"idOrVar","v":"n"}," گھنٹے"],"two":[{"t":"idOrVar","v":"n"}," گھنٹے"],"zero":"صفر گھنٹے"},"$x":[{"t":"idOrVar","v":"plural"},"n"]},{"$i":"kai-stop","$v":"روکیں"},{"$i":"kai-snooze","$v":"اسنوز"},{"$i":"ac_africa_ogg","$v":"افریقہ"},{"$i":"ac_amazon_ogg","$v":"ایمیزون"},{"$i":"ac_disco_ogg","$v":"ڈکسو"},{"$i":"ac_fairy_tales_ogg","$v":"فیئری ٹیلز"},{"$i":"ac_fresh_ogg","$v":"فریش"},{"$i":"ac_galaxy_ogg","$v":"گیلیکسی"},{"$i":"ac_kai_ogg","$v":"کائی"},{"$i":"ac_techno_ogg","$v":"ٹیکنو"},{"$i":"ac_woody_ogg","$v":"ووڈی"},{"$i":"ac_awake_opus","$v":"بیدار"},{"$i":"ac_crystalize_opus","$v":"کرسٹلائز"},{"$i":"ac_cycle_opus","$v":"سائکل"},{"$i":"ac_digicloud_opus","$v":"ڈیجی کلاؤڈ"},{"$i":"ac_humming_waves_opus","$v":"گنگناتی لہریں"},{"$i":"ac_into_the_void_opus","$v":"ان ٹو دی وائڈ"},{"$i":"ac_lightly_opus","$v":"ہلکے"},{"$i":"ac_mobile_opus","$v":"موبائل"},{"$i":"ac_pinger_opus","$v":"پنگر"},{"$i":"ac_skip_opus","$v":"نظر انداز کریں"},{"$i":"ac_tri_opus","$v":"ٹرائی"},{"$i":"ac_universal_opus","$v":"عالمگیر"},{"$i":"kai-options","$v":"اختیارات"},{"$i":"kai-clock-title","$v":"گھڑی"},{"$i":"alarm-title","$v":"الارم"},{"$i":"no-alarms-body","$v":"کوئی الارم سیٹ نہیں کیا گیا۔ شروع کرنے کیلئے نیا دبائیں۔"},{"$i":"kai-new-alarm","$v":"نیا"},{"$i":"kai-settings","$v":"ترتیبات"},{"$i":"kai-cancel","$v":"منسوخ کریں"},{"$i":"kai-save","$v":"محفوظ کریں"},{"$i":"turnOn","$v":"آن کریں"},{"$i":"turnOff","$v":"آف کریں"},{"$i":"edit","$v":"ترمیم کریں"},{"$i":"select","$v":"منتخب کریں"},{"$i":"kai-delete","$v":"حذف کریں"},{"$i":"delete-all","$v":"تمام حذف کریں"},{"$i":"kai-selected-alarm","$v":"منتخبہ الارم"},{"$i":"set","$v":"سیٹ کریں"},{"$i":"kai-start","$v":"شروع کریں"},{"$i":"kai-reset","$v":"دوبارہ ترتیب دیں"},{"$i":"kai-min-plus","$v":"+1 منٹ"},{"$i":"kai-resume","$v":"دوبارہ شروع کریں"},{"$i":"kai-lap","$v":"لیپ"},{"$i":"play","$v":"چلائیں"},{"$i":"kai-no-repeat","$v":"مکرر نہیں"},{"$i":"kai-confirm-title","$v":"توثیق کاری"},{"$i":"kai-confirm-delete-body","$v":"منتخبہ الارم کو حذف کریں؟"},{"$i":"confirm-delete-all-body","$v":"سبھی الارمز کو حذف کریں؟"},{"$i":"kai-confirm-end-key-body","$v":{"$o":"ایپلیکیشن ڈیٹا ضائع کرتے ہوئے بند جائے گا۔ <br><br> کیا آپ تدوین کرنے پر واپس جانا چاہتے ہیں۔"}},{"$i":"kai-confirm-exit-button","$v":"باہر نکلیں"},{"$i":"kai-confirm-return-button","$v":"واپسی"},{"$i":"weekday-0-long","$v":"اتوار"},{"$i":"weekday-1-long","$v":"پیر"},{"$i":"weekday-2-long","$v":"منگل"},{"$i":"weekday-3-long","$v":"بدھ"},{"$i":"weekday-4-long","$v":"جمعرات"},{"$i":"weekday-5-long","$v":"جمعہ"},{"$i":"weekday-6-long","$v":"سنیچر"},{"$i":"weekday-0-short","$v":"اتوار"},{"$i":"weekday-1-short","$v":"پیر"},{"$i":"weekday-2-short","$v":"منگل"},{"$i":"weekday-3-short","$v":"بدھ"},{"$i":"weekday-4-short","$v":"جمعرات"},{"$i":"weekday-5-short","$v":"جمعہ"},{"$i":"weekday-6-short","$v":"ہفتہ"},{"$i":"month-0-long","$v":"جنوری"},{"$i":"month-1-long","$v":"فروری"},{"$i":"month-2-long","$v":"مارچ"},{"$i":"month-3-long","$v":"اپریل"},{"$i":"month-4-long","$v":"مئی"},{"$i":"month-5-long","$v":"جون"},{"$i":"month-6-long","$v":"جولائی"},{"$i":"month-7-long","$v":"اگست"},{"$i":"month-8-long","$v":"ستمبر"},{"$i":"month-9-long","$v":"اکتوبر"},{"$i":"month-10-long","$v":"نومبر"},{"$i":"month-11-long","$v":"دسمبر"},{"$i":"month-0-genitive","$v":"جنوری"},{"$i":"month-1-genitive","$v":"فروری"},{"$i":"month-2-genitive","$v":"مارچ"},{"$i":"month-3-genitive","$v":"اپریل"},{"$i":"month-4-genitive","$v":"مئی"},{"$i":"month-5-genitive","$v":"جون"},{"$i":"month-6-genitive","$v":"جولائی"},{"$i":"month-7-genitive","$v":"اگست"},{"$i":"month-8-genitive","$v":"ستمبر"},{"$i":"month-9-genitive","$v":"اکتوبر"},{"$i":"month-10-genitive","$v":"نومبر"},{"$i":"month-11-genitive","$v":"دسمبر"},{"$i":"month-0-short","$v":"جنوری"},{"$i":"month-1-short","$v":"فروری"},{"$i":"month-2-short","$v":"مارچ"},{"$i":"month-3-short","$v":"اپریل"},{"$i":"month-4-short","$v":"مئی"},{"$i":"month-5-short","$v":"جون"},{"$i":"month-6-short","$v":"جولائی"},{"$i":"month-7-short","$v":"اگست"},{"$i":"month-8-short","$v":"ستمبر"},{"$i":"month-9-short","$v":"اکتوبر"},{"$i":"month-10-short","$v":"نومبر"},{"$i":"month-11-short","$v":"دسمبر"},{"$i":"minutes-ago-long","$v":{"few":[{"t":"idOrVar","v":"value"}," منٹس قبل"],"many":[{"t":"idOrVar","v":"value"}," منٹس قبل"],"one":"ایک منٹ قبل","other":[{"t":"idOrVar","v":"value"}," منٹس قبل"],"two":[{"t":"idOrVar","v":"value"}," منٹس قبل"],"zero":"ابھی ابھی"},"$x":[{"t":"idOrVar","v":"plural"},"value"]},{"$i":"hours-ago-long","$v":{"few":[{"t":"idOrVar","v":"value"}," گھنٹوں قبل"],"many":[{"t":"idOrVar","v":"value"}," گھنٹوں قبل"],"one":"ایک گھنٹہ قبل","other":[{"t":"idOrVar","v":"value"}," گھنٹوں قبل"],"two":[{"t":"idOrVar","v":"value"}," گھنٹوں قبل"],"zero":"ابھی ابھی"},"$x":[{"t":"idOrVar","v":"plural"},"value"]},{"$i":"days-ago-long","$v":{"few":[{"t":"idOrVar","v":"value"}," دن قبل"],"many":[{"t":"idOrVar","v":"value"}," دن قبل"],"one":"گزشتہ کل","other":[{"t":"idOrVar","v":"value"}," دن قبل"],"two":[{"t":"idOrVar","v":"value"}," دن قبل"],"zero":"آج"},"$x":[{"t":"idOrVar","v":"plural"},"value"]},{"$i":"weeks-ago-long","$v":{"few":[{"t":"idOrVar","v":"value"}," ہفتے قبل"],"many":[{"t":"idOrVar","v":"value"}," ہفتے قبل"],"one":"آخری ہفتہ","other":[{"t":"idOrVar","v":"value"}," ہفتے قبل"],"two":[{"t":"idOrVar","v":"value"}," ہفتے قبل"],"zero":"اس ہفتہ"},"$x":[{"t":"idOrVar","v":"plural"},"value"]},{"$i":"months-ago-long","$v":{"few":[{"t":"idOrVar","v":"value"}," مہینہ قبل"],"many":[{"t":"idOrVar","v":"value"}," مہینہ قبل"],"one":"آخری مہینہ","other":[{"t":"idOrVar","v":"value"}," مہینہ قبل"],"two":[{"t":"idOrVar","v":"value"}," مہینہ قبل"],"zero":"اس ماہ"},"$x":[{"t":"idOrVar","v":"plural"},"value"]},{"$i":"years-ago-long","$v":{"few":[{"t":"idOrVar","v":"value"}," سال قبل"],"many":[{"t":"idOrVar","v":"value"}," سال قبل"],"one":"آخری سال","other":[{"t":"idOrVar","v":"value"}," سال قبل"],"two":[{"t":"idOrVar","v":"value"}," سال قبل"],"zero":"اس سال"},"$x":[{"t":"idOrVar","v":"plural"},"value"]},{"$i":"minutes-until-long","$v":{"few":[{"t":"idOrVar","v":"value"}," منٹوں میں"],"many":[{"t":"idOrVar","v":"value"}," منٹوں میں"],"one":"ایک منٹ میں","other":[{"t":"idOrVar","v":"value"}," منٹوں میں"],"two":[{"t":"idOrVar","v":"value"}," منٹوں میں"],"zero":"ابھی"},"$x":[{"t":"idOrVar","v":"plural"},"value"]},{"$i":"hours-until-long","$v":{"few":[{"t":"idOrVar","v":"value"}," گھنٹوں میں"],"many":[{"t":"idOrVar","v":"value"}," گھنٹوں میں"],"one":"ایک گھٹے میں","other":[{"t":"idOrVar","v":"value"}," گھنٹوں میں"],"two":[{"t":"idOrVar","v":"value"}," گھنٹوں میں"],"zero":"ابھی"},"$x":[{"t":"idOrVar","v":"plural"},"value"]},{"$i":"days-until-long","$v":{"few":[{"t":"idOrVar","v":"value"}," دنوں میں"],"many":[{"t":"idOrVar","v":"value"}," دنوں میں"],"one":"tomorrow","other":[{"t":"idOrVar","v":"value"}," دنوں میں"],"two":[{"t":"idOrVar","v":"value"}," دنوں میں"],"zero":"آج"},"$x":[{"t":"idOrVar","v":"plural"},"value"]},{"$i":"weeks-until-long","$v":{"few":[{"t":"idOrVar","v":"value"}," ہفتوں میں"],"many":[{"t":"idOrVar","v":"value"}," ہفتوں میں"],"one":"اگلے ہفتے","other":[{"t":"idOrVar","v":"value"}," ہفتوں میں"],"two":[{"t":"idOrVar","v":"value"}," ہفتوں میں"],"zero":"اس ہفتہ"},"$x":[{"t":"idOrVar","v":"plural"},"value"]},{"$i":"months-until-long","$v":{"few":[{"t":"idOrVar","v":"value"}," مہینوں میں"],"many":[{"t":"idOrVar","v":"value"}," مہینوں میں"],"one":"اگلے ماہ","other":[{"t":"idOrVar","v":"value"}," مہینوں میں"],"two":[{"t":"idOrVar","v":"value"}," مہینوں میں"],"zero":"اس ماہ"},"$x":[{"t":"idOrVar","v":"plural"},"value"]},{"$i":"years-until-long","$v":{"few":[{"t":"idOrVar","v":"value"}," سالوں میں"],"many":[{"t":"idOrVar","v":"value"}," سالوں میں"],"one":"اگلے سال","other":[{"t":"idOrVar","v":"value"}," سالوں میں"],"two":[{"t":"idOrVar","v":"value"}," سالوں میں"],"zero":"اس سال"},"$x":[{"t":"idOrVar","v":"plural"},"value"]},{"$i":"minutes-ago-short","$v":{"other":[{"t":"idOrVar","v":"value"}," منٹ قبل"],"zero":"ابھی ابھی"},"$x":[{"t":"idOrVar","v":"plural"},"value"]},{"$i":"hours-ago-short","$v":{"other":[{"t":"idOrVar","v":"value"}," گھنٹہ قبل"],"zero":"ابھی ابھی"},"$x":[{"t":"idOrVar","v":"plural"},"value"]},{"$i":"days-ago-short","$v":{"other":[{"t":"idOrVar","v":"value"}," دن قبل"],"zero":"آج"},"$x":[{"t":"idOrVar","v":"plural"},"value"]},{"$i":"minutes-until-short","$v":{"other":[{"t":"idOrVar","v":"value"}," منٹ میں"],"zero":"ابھی"},"$x":[{"t":"idOrVar","v":"plural"},"value"]},{"$i":"hours-until-short","$v":{"other":[{"t":"idOrVar","v":"value"}," گھنٹے میں"],"zero":"ابھی"},"$x":[{"t":"idOrVar","v":"plural"},"value"]},{"$i":"days-until-short","$v":{"other":[{"t":"idOrVar","v":"value"}," دن میں"],"zero":"آج"},"$x":[{"t":"idOrVar","v":"plural"},"value"]},{"$i":"incorrectDate","$v":"(غلط تاریخ)"},{"$i":"dateTimeFormat_%c","$v":"%a %b %e %Y %I:%M:%S %p"},{"$i":"dateTimeFormat_%x","$v":"%m/%d/%Y"},{"$i":"dateTimeFormat_%X","$v":"%I:%M:%S %p"},{"$i":"shortTimeFormat","$v":"%I:%M %p"},{"$i":"shortTimeFormat12","$v":"%I:%M %p"},{"$i":"shortTimeFormat24","$v":"%H:%M"},{"$i":"shortDateTimeFormat","$v":"%x %I:%M %p"},{"$i":"weekStartsOnMonday","$v":"0.0"},{"$i":"firstDayOfTheWeek","$v":"0.0"},{"$i":"time_am","$v":"صبح"},{"$i":"time_pm","$v":"شام"},{"$i":"softkey-options","$v":"اختیارات"}]