[{"$i":"reset","$v":"Аслига қайтариш"},{"$i":"start","$v":"Бошлаш"},{"$i":"stop","$v":"Тўхтатиш"},{"$i":"cancel","$v":"Бекор"},{"$i":"hour","$v":"Соат"},{"$i":"hours","$v":"Соат"},{"$i":"minute","$v":"Дақиқа"},{"$i":"minutes","$v":"Дақиқа"},{"$i":"second","$v":"Сония"},{"$i":"alarm","$v":"Сигнал"},{"$i":"alarm-name","placeholder":"Сигнал"},{"$i":"timer","$v":"Таймер"},{"$i":"stopwatch","$v":"Вақт Улч."},{"$i":"alarmName","$v":"Сигнал номи"},{"$i":"newAlarm","$v":"Янги сигнал"},{"$i":"editAlarm","$v":"Сигнални таҳрирлаш"},{"$i":"tclSettings","$v":"Созламалар"},{"$i":"clock-settings","$v":"Соат созламалари"},{"$i":"alarms-maximum","$v":"Сигналлар максимал сонига етдингиз"},{"$i":"laps-maximum","$v":"Айланалар максимал сонига етдингиз"},{"$i":"changes-saved","$v":"Ўзгаришлар сақланди."},{"$i":"pause","$v":"Пауза"},{"$i":"resume","$v":"Давом этиш"},{"$i":"lap","$v":"айлана"},{"$i":"lap-number","$v":[{"t":"idOrVar","v":"n"},"-айлана"]},{"$i":"timer-hour","$v":"соат"},{"$i":"timer-min","$v":"дақиқа"},{"$i":"timer-sec","$v":"сония"},{"$i":"delete","$v":"Ўчириш"},{"$i":"time","$v":"Вақт"},{"$i":"snooze-label","$v":"Қолдир"},{"$i":"snooze-button","$v":"Қолдир"},{"$i":"repeat","$v":"Такрорлаш"},{"$i":"vibrate","$v":"Тебраниш"},{"$i":"close","$v":"Ёпиш"},{"$i":"save","$v":"Сақлаш"},{"$i":"done","$v":"Тайёр"},{"$i":"kai-select-time","$v":"Вақтни танлаш"},{"$i":"closeButton","ariaLabel":"Ёпиш"},{"$i":"newAlarmButton","ariaLabel":"Янги сигнал"},{"$i":"alarm-volume-label","$v":"Тизим сигнали бал-ги"},{"$i":"kai-volume","$v":"Товуш баландлиги:"},{"$i":"volume-level-display","$v":[{"t":"idOrVar","v":"n"}," / ",{"t":"idOrVar","v":"c"}]},{"$i":"sound","$v":"Товуш"},{"$i":"noSound","$v":"Товушсиз"},{"$i":"kai-ringtones","$v":"Рингтонлар"},{"$i":"everyday","$v":"Ҳар куни"},{"$i":"weekdays","$v":"Ҳафта кун-ри"},{"$i":"weekends","$v":"Дам олиш кун-ри"},{"$i":"never","$v":"Ҳеч қачон"},{"$i":"vibrateOn","$v":"Ёниқ"},{"$i":"vibrateOff","$v":"Ўчиқ"},{"$i":"kai-on","$v":"Ёниқ"},{"$i":"kai-off","$v":"Ўчиқ"},{"$i":"plusMinute","$v":"+1 дақ"},{"$i":"dateFormat","$v":"%A, %B %e"},{"$i":"countdown-lessThanAnHour","$v":["Сигнал ҳозирдан бошлаб  ",{"t":"idOrVar","v":"minutes"},"га қўйилди."]},{"$i":"countdown-moreThanAnHour","$v":["Сигнал ҳозирдан бошлаб ",{"t":"idOrVar","v":"hours"}," ",{"t":"idOrVar","v":"minutes"},"га қўйилди."]},{"$i":"countdown-moreThanADay","$v":["Сигнал ҳозирдан бошлаб ",{"t":"idOrVar","v":"days"}," ",{"t":"idOrVar","v":"hours"},"га қўйилди."]},{"$i":"kai-alarm-off","$v":"Сигнал ўчди."},{"$i":"kai-alarm-deleted","$v":"Сигнал ўчирилди."},{"$i":"alarm-delete-all","$v":"Барча сигналлар оьчирилди."},{"$i":"nMinutes","$v":{"few":[{"t":"idOrVar","v":"n"}," дақиқа"],"many":[{"t":"idOrVar","v":"n"}," дақиқа"],"one":"бир дақиқа","other":[{"t":"idOrVar","v":"n"}," дақиқа"],"two":[{"t":"idOrVar","v":"n"}," дақиқа"],"zero":"бир дақиқадан кам"},"$x":[{"t":"idOrVar","v":"plural"},"n"]},{"$i":"nHours","$v":{"few":[{"t":"idOrVar","v":"n"}," соат"],"many":[{"t":"idOrVar","v":"n"}," соат"],"one":[{"t":"idOrVar","v":"n"}," соат"],"other":[{"t":"idOrVar","v":"n"}," соат"],"two":[{"t":"idOrVar","v":"n"}," соат"]},"$x":[{"t":"idOrVar","v":"plural"},"n"]},{"$i":"nAndRemainHours","$v":{"few":["ва ",{"t":"idOrVar","v":"n"}," соат"],"many":["ва ",{"t":"idOrVar","v":"n"}," соат"],"one":["ва ",{"t":"idOrVar","v":"n"}," соат"],"other":["ва ",{"t":"idOrVar","v":"n"}," соат"],"two":["ва ",{"t":"idOrVar","v":"n"}," соат"]},"$x":[{"t":"idOrVar","v":"plural"},"n"]},{"$i":"nRemainDays","$v":{"few":[{"t":"idOrVar","v":"n"}," кун"],"many":[{"t":"idOrVar","v":"n"}," кун"],"one":[{"t":"idOrVar","v":"n"}," кун"],"other":[{"t":"idOrVar","v":"n"}," кун"],"two":[{"t":"idOrVar","v":"n"}," кун"]},"$x":[{"t":"idOrVar","v":"plural"},"n"]},{"$i":"nRemainMinutes","$v":{"few":["ва ",{"t":"idOrVar","v":"n"}," дақиқа"],"many":["ва ",{"t":"idOrVar","v":"n"}," дақиқа"],"one":["ва ",{"t":"idOrVar","v":"n"}," дақиқа"],"other":["ва ",{"t":"idOrVar","v":"n"}," дақиқа"],"two":["ва ",{"t":"idOrVar","v":"n"}," дақиқа"]},"$x":[{"t":"idOrVar","v":"plural"},"n"]},{"$i":"nSpinnerSeconds","$v":{"few":[{"t":"idOrVar","v":"n"}," сония"],"many":[{"t":"idOrVar","v":"n"}," сония"],"one":"бир сония","other":[{"t":"idOrVar","v":"n"}," сония"],"two":[{"t":"idOrVar","v":"n"}," сония"],"zero":"нол сония"},"$x":[{"t":"idOrVar","v":"plural"},"n"]},{"$i":"nSpinnerMinutes","$v":{"few":[{"t":"idOrVar","v":"n"}," дақиқа"],"many":[{"t":"idOrVar","v":"n"}," дақиқа"],"one":"бир дақиқа","other":[{"t":"idOrVar","v":"n"}," дақиқа"],"two":[{"t":"idOrVar","v":"n"}," дақиқа"],"zero":"нол дақиқа"},"$x":[{"t":"idOrVar","v":"plural"},"n"]},{"$i":"nSpinnerHours","$v":{"few":[{"t":"idOrVar","v":"n"}," соат"],"many":[{"t":"idOrVar","v":"n"}," соат"],"one":[{"t":"idOrVar","v":"n"}," соат"],"other":[{"t":"idOrVar","v":"n"}," соат"],"two":[{"t":"idOrVar","v":"n"}," соат"],"zero":"нол соат"},"$x":[{"t":"idOrVar","v":"plural"},"n"]},{"$i":"kai-stop","$v":"Тўхтатиш"},{"$i":"kai-snooze","$v":"Қолдир"},{"$i":"ac_africa_ogg","$v":"Африка"},{"$i":"ac_amazon_ogg","$v":"Амазонка"},{"$i":"ac_disco_ogg","$v":"Диско"},{"$i":"ac_fairy_tales_ogg","$v":"Сеҳрли эртаклар"},{"$i":"ac_fresh_ogg","$v":"Фреш"},{"$i":"ac_galaxy_ogg","$v":"Галактика"},{"$i":"ac_kai_ogg","$v":"Kai"},{"$i":"ac_techno_ogg","$v":"Техно"},{"$i":"ac_woody_ogg","$v":"Ўрмон"},{"$i":"ac_awake_opus","$v":"Awake"},{"$i":"ac_crystalize_opus","$v":"Crystallise"},{"$i":"ac_cycle_opus","$v":"Cycle"},{"$i":"ac_digicloud_opus","$v":"Digicloud"},{"$i":"ac_humming_waves_opus","$v":"Humming Waves"},{"$i":"ac_into_the_void_opus","$v":"Into the Void"},{"$i":"ac_lightly_opus","$v":"Lightly"},{"$i":"ac_mobile_opus","$v":"Mobile"},{"$i":"ac_pinger_opus","$v":"Pinger"},{"$i":"ac_skip_opus","$v":"Skip"},{"$i":"ac_tri_opus","$v":"Tri"},{"$i":"ac_universal_opus","$v":"Universal"},{"$i":"kai-options","$v":"Параметрлар"},{"$i":"kai-clock-title","$v":"Соат"},{"$i":"alarm-title","$v":"Сигнал"},{"$i":"no-alarms-body","$v":"Сигнал белгиланмаган. Ишни бошлаш учун Янги сигнал тугмасини босинг."},{"$i":"kai-new-alarm","$v":"Янги сигнал"},{"$i":"kai-settings","$v":"Созламалар"},{"$i":"kai-cancel","$v":"Бекор қилиш"},{"$i":"kai-save","$v":"Сақлаш"},{"$i":"turnOn","$v":"Ёқиш"},{"$i":"turnOff","$v":"Ўчириб қўйиш"},{"$i":"edit","$v":"Таҳрирлаш"},{"$i":"select","$v":"Танлаш"},{"$i":"kai-delete","$v":"Ўчириш"},{"$i":"delete-all","$v":"Ҳаммасини ўчириш"},{"$i":"kai-selected-alarm","$v":"Танланган сигнал"},{"$i":"set","$v":"Созлаш"},{"$i":"kai-start","$v":"Бошлаш"},{"$i":"kai-reset","$v":"Аслига қайтариш"},{"$i":"kai-min-plus","$v":"+1 дақ"},{"$i":"kai-resume","$v":"Давом этиш"},{"$i":"kai-lap","$v":"айлана"},{"$i":"play","$v":"Ижро"},{"$i":"kai-no-repeat","$v":"Такрорсиз"},{"$i":"kai-confirm-title","$v":"Тасдиқ"},{"$i":"kai-confirm-delete-body","$v":"Танланган сигнал ўчирилсинми?"},{"$i":"confirm-delete-all-body","$v":"Барча сигналларни оьчириб ташлаш керакми?"},{"$i":"kai-confirm-end-key-body","$v":{"$o":"Дастур ёпилиб, ахб. ўчиб кетади. <br></br> Таҳрир-га қайтасизми?"}},{"$i":"kai-confirm-exit-button","$v":"Чиқиш"},{"$i":"kai-confirm-return-button","$v":"Қайтиш"},{"$i":"weekday-0-long","$v":"Якшанба"},{"$i":"weekday-1-long","$v":"Душанба"},{"$i":"weekday-2-long","$v":"Сешанба"},{"$i":"weekday-3-long","$v":"Чоршанба"},{"$i":"weekday-4-long","$v":"Пайшанба"},{"$i":"weekday-5-long","$v":"Жума"},{"$i":"weekday-6-long","$v":"Шанба"},{"$i":"weekday-0-short","$v":"Якш"},{"$i":"weekday-1-short","$v":"Душ"},{"$i":"weekday-2-short","$v":"Сеш"},{"$i":"weekday-3-short","$v":"Чор"},{"$i":"weekday-4-short","$v":"Пай"},{"$i":"weekday-5-short","$v":"Жум"},{"$i":"weekday-6-short","$v":"Шан"},{"$i":"month-0-long","$v":"Январ"},{"$i":"month-1-long","$v":"Феврал"},{"$i":"month-2-long","$v":"Март"},{"$i":"month-3-long","$v":"Апрель"},{"$i":"month-4-long","$v":"Май"},{"$i":"month-5-long","$v":"Июн"},{"$i":"month-6-long","$v":"Июл"},{"$i":"month-7-long","$v":"Август"},{"$i":"month-8-long","$v":"Сентябр"},{"$i":"month-9-long","$v":"Октябр"},{"$i":"month-10-long","$v":"Ноябр"},{"$i":"month-11-long","$v":"Декабр"},{"$i":"month-0-genitive","$v":"Январь"},{"$i":"month-1-genitive","$v":"Февраль"},{"$i":"month-2-genitive","$v":"Март"},{"$i":"month-3-genitive","$v":"Апрель"},{"$i":"month-4-genitive","$v":"Май"},{"$i":"month-5-genitive","$v":"Июнь"},{"$i":"month-6-genitive","$v":"Июль"},{"$i":"month-7-genitive","$v":"Август"},{"$i":"month-8-genitive","$v":"Сентябрь"},{"$i":"month-9-genitive","$v":"Октябрь"},{"$i":"month-10-genitive","$v":"Ноябрь"},{"$i":"month-11-genitive","$v":"Декабрь"},{"$i":"month-0-short","$v":"Янв"},{"$i":"month-1-short","$v":"Фев"},{"$i":"month-2-short","$v":"Мар"},{"$i":"month-3-short","$v":"Апр"},{"$i":"month-4-short","$v":"Май"},{"$i":"month-5-short","$v":"Июн"},{"$i":"month-6-short","$v":"Июл"},{"$i":"month-7-short","$v":"Авг"},{"$i":"month-8-short","$v":"Сен"},{"$i":"month-9-short","$v":"Окт"},{"$i":"month-10-short","$v":"Ноя"},{"$i":"month-11-short","$v":"Дек"},{"$i":"minutes-ago-long","$v":{"few":[{"t":"idOrVar","v":"value"}," дақиқа олдин"],"many":[{"t":"idOrVar","v":"value"}," дақиқа олдин"],"one":"бир дақиқа аввал","other":[{"t":"idOrVar","v":"value"}," дақиқа олдин"],"two":[{"t":"idOrVar","v":"value"}," дақиқа олдин"],"zero":"ҳозиргина"},"$x":[{"t":"idOrVar","v":"plural"},"value"]},{"$i":"hours-ago-long","$v":{"few":[{"t":"idOrVar","v":"value"}," соат олдин"],"many":[{"t":"idOrVar","v":"value"}," соат олдин"],"one":"бир соат олдин","other":[{"t":"idOrVar","v":"value"}," соат олдин"],"two":[{"t":"idOrVar","v":"value"}," соат олдин"],"zero":"ҳозиргина"},"$x":[{"t":"idOrVar","v":"plural"},"value"]},{"$i":"days-ago-long","$v":{"few":[{"t":"idOrVar","v":"value"}," кун олдин"],"many":[{"t":"idOrVar","v":"value"}," кун олдин"],"one":"кеча","other":[{"t":"idOrVar","v":"value"}," кун олдин"],"two":[{"t":"idOrVar","v":"value"}," кун олдин"],"zero":"бугун"},"$x":[{"t":"idOrVar","v":"plural"},"value"]},{"$i":"weeks-ago-long","$v":{"few":[{"t":"idOrVar","v":"value"}," ҳафта олдин"],"many":[{"t":"idOrVar","v":"value"}," ҳафта олдин"],"one":"ўтган ҳафта","other":[{"t":"idOrVar","v":"value"}," ҳафта олдин"],"two":[{"t":"idOrVar","v":"value"}," ҳафта олдин"],"zero":"шу ҳафта"},"$x":[{"t":"idOrVar","v":"plural"},"value"]},{"$i":"months-ago-long","$v":{"few":[{"t":"idOrVar","v":"value"}," ой олдин"],"many":[{"t":"idOrVar","v":"value"}," ой олдин"],"one":"ўтган ой","other":[{"t":"idOrVar","v":"value"}," ой олдин"],"two":[{"t":"idOrVar","v":"value"}," ой олдин"],"zero":"бу ой"},"$x":[{"t":"idOrVar","v":"plural"},"value"]},{"$i":"years-ago-long","$v":{"few":[{"t":"idOrVar","v":"value"}," йил олдин"],"many":[{"t":"idOrVar","v":"value"}," йил олдин"],"one":"ўтган йил","other":[{"t":"idOrVar","v":"value"}," йил олдин"],"two":[{"t":"idOrVar","v":"value"}," йил олдин"],"zero":"шу йил"},"$x":[{"t":"idOrVar","v":"plural"},"value"]},{"$i":"minutes-until-long","$v":{"few":[{"t":"idOrVar","v":"value"}," дақиқада"],"many":[{"t":"idOrVar","v":"value"}," дақиқада"],"one":"бир дақиқада","other":[{"t":"idOrVar","v":"value"}," дақиқада"],"two":[{"t":"idOrVar","v":"value"}," дақиқада"],"zero":"ҳозир"},"$x":[{"t":"idOrVar","v":"plural"},"value"]},{"$i":"hours-until-long","$v":{"few":[{"t":"idOrVar","v":"value"}," соатда"],"many":[{"t":"idOrVar","v":"value"}," соатда"],"one":"бир соатда","other":[{"t":"idOrVar","v":"value"}," соатда"],"two":[{"t":"idOrVar","v":"value"}," соатда"],"zero":"ҳозир"},"$x":[{"t":"idOrVar","v":"plural"},"value"]},{"$i":"days-until-long","$v":{"few":[{"t":"idOrVar","v":"value"}," кунда"],"many":[{"t":"idOrVar","v":"value"}," кунда"],"one":"эртага","other":[{"t":"idOrVar","v":"value"}," кунда"],"two":[{"t":"idOrVar","v":"value"}," кунда"],"zero":"бугун"},"$x":[{"t":"idOrVar","v":"plural"},"value"]},{"$i":"weeks-until-long","$v":{"few":[{"t":"idOrVar","v":"value"}," ҳафтада"],"many":[{"t":"idOrVar","v":"value"}," ҳафтада"],"one":"кейинги ҳафта","other":[{"t":"idOrVar","v":"value"}," ҳафтада"],"two":[{"t":"idOrVar","v":"value"}," ҳафтада"],"zero":"шу ҳафта"},"$x":[{"t":"idOrVar","v":"plural"},"value"]},{"$i":"months-until-long","$v":{"few":[{"t":"idOrVar","v":"value"}," ойда"],"many":[{"t":"idOrVar","v":"value"}," ойда"],"one":"кейинги ой","other":[{"t":"idOrVar","v":"value"}," ойда"],"two":[{"t":"idOrVar","v":"value"}," ойда"],"zero":"бу ой"},"$x":[{"t":"idOrVar","v":"plural"},"value"]},{"$i":"years-until-long","$v":{"few":[{"t":"idOrVar","v":"value"}," йилда"],"many":[{"t":"idOrVar","v":"value"}," йилда"],"one":"кейинги йил","other":[{"t":"idOrVar","v":"value"}," йилда"],"two":[{"t":"idOrVar","v":"value"}," йилда"],"zero":"шу йил"},"$x":[{"t":"idOrVar","v":"plural"},"value"]},{"$i":"minutes-ago-short","$v":{"other":[{"t":"idOrVar","v":"value"},"д олдин"],"zero":"ҳозиргина"},"$x":[{"t":"idOrVar","v":"plural"},"value"]},{"$i":"hours-ago-short","$v":{"other":[{"t":"idOrVar","v":"value"},"с олдин"],"zero":"ҳозиргина"},"$x":[{"t":"idOrVar","v":"plural"},"value"]},{"$i":"days-ago-short","$v":{"other":[{"t":"idOrVar","v":"value"},"к олдин"],"zero":"бугун"},"$x":[{"t":"idOrVar","v":"plural"},"value"]},{"$i":"minutes-until-short","$v":{"other":[{"t":"idOrVar","v":"value"},"д"],"zero":"ҳозир"},"$x":[{"t":"idOrVar","v":"plural"},"value"]},{"$i":"hours-until-short","$v":{"other":[{"t":"idOrVar","v":"value"},"с"],"zero":"ҳозир"},"$x":[{"t":"idOrVar","v":"plural"},"value"]},{"$i":"days-until-short","$v":{"other":[{"t":"idOrVar","v":"value"},"к"],"zero":"бугун"},"$x":[{"t":"idOrVar","v":"plural"},"value"]},{"$i":"incorrectDate","$v":"(сана хато)"},{"$i":"dateTimeFormat_%c","$v":"%a %b %e %Y %I:%M:%S %p"},{"$i":"dateTimeFormat_%x","$v":"%m/%d/%Y"},{"$i":"dateTimeFormat_%X","$v":"%I:%M:%S %p"},{"$i":"shortTimeFormat","$v":"%I:%M %p"},{"$i":"shortTimeFormat12","$v":"%I:%M %p"},{"$i":"shortTimeFormat24","$v":"%H:%M"},{"$i":"shortDateTimeFormat","$v":"%x %I:%M %p"},{"$i":"weekStartsOnMonday","$v":"0.0"},{"$i":"firstDayOfTheWeek","$v":"1.0"},{"$i":"time_am","$v":"ТО"},{"$i":"time_pm","$v":"ТК"},{"$i":"softkey-options","$v":"Параметрлар"}]