[{"$i":"reset","$v":"Đặt lại"},{"$i":"start","$v":"Bắt đầu"},{"$i":"stop","$v":"Dừng"},{"$i":"cancel","$v":"Hủy"},{"$i":"hour","$v":"Giờ"},{"$i":"hours","$v":"Giờ"},{"$i":"minute","$v":"Phút"},{"$i":"minutes","$v":"Phút"},{"$i":"second","$v":"Giây"},{"$i":"alarm","$v":"Báo thức"},{"$i":"alarm-name","placeholder":"Báo thức"},{"$i":"timer","$v":"Bấm giờ"},{"$i":"stopwatch","$v":"Đồng hồ bấm giờ"},{"$i":"alarmName","$v":"Tên báo thức"},{"$i":"newAlarm","$v":"Báo thức mới"},{"$i":"editAlarm","$v":"Chỉnh sửa báo thức"},{"$i":"tclSettings","$v":"Cài đặt"},{"$i":"clock-settings","$v":"Cài đặt Giờ"},{"$i":"alarms-maximum","$v":"Bạn đã đạt đến số lượng mẫu báo thức tối đa"},{"$i":"laps-maximum","$v":"Bạn đã đạt đến số lượng vòng chạy tối đa"},{"$i":"changes-saved","$v":"Đã lưu thay đổi."},{"$i":"pause","$v":"Tạm dừng"},{"$i":"resume","$v":"Tiếp tục"},{"$i":"lap","$v":"Vòng chạy"},{"$i":"lap-number","$v":["Vòng chạy ",{"t":"idOrVar","v":"n"}]},{"$i":"timer-hour","$v":"giờ"},{"$i":"timer-min","$v":"phút"},{"$i":"timer-sec","$v":"giây"},{"$i":"delete","$v":"Xóa"},{"$i":"time","$v":"Thời gian"},{"$i":"snooze-label","$v":"Tạm tắt"},{"$i":"snooze-button","$v":"Tạm tắt"},{"$i":"repeat","$v":"Lặp lại"},{"$i":"vibrate","$v":"Rung"},{"$i":"close","$v":"Đóng"},{"$i":"save","$v":"Lưu"},{"$i":"done","$v":"Đã xong"},{"$i":"kai-select-time","$v":"Chọn giờ"},{"$i":"closeButton","ariaLabel":"Đóng"},{"$i":"newAlarmButton","ariaLabel":"Báo thức mới"},{"$i":"alarm-volume-label","$v":"Âm lượng Báo thức của Hệ thống"},{"$i":"kai-volume","$v":"Âm lượng:"},{"$i":"volume-level-display","$v":[{"t":"idOrVar","v":"n"}," / ",{"t":"idOrVar","v":"c"}]},{"$i":"sound","$v":"Âm thanh"},{"$i":"noSound","$v":"Không có Âm thanh"},{"$i":"kai-ringtones","$v":"Nhạc chuông"},{"$i":"everyday","$v":"Hàng ngày"},{"$i":"weekdays","$v":"Các ngày trong tuần"},{"$i":"weekends","$v":"Các ngày cuối tuần"},{"$i":"never","$v":"Không bao giờ"},{"$i":"vibrateOn","$v":"Bật"},{"$i":"vibrateOff","$v":"Tắt"},{"$i":"kai-on","$v":"Bật"},{"$i":"kai-off","$v":"Tắt"},{"$i":"plusMinute","$v":"+1 Phút"},{"$i":"dateFormat","$v":"%A, %B %e"},{"$i":"countdown-lessThanAnHour","$v":["Báo thức này còn ",{"t":"idOrVar","v":"minutes"}," tính từ bây giờ."]},{"$i":"countdown-moreThanAnHour","$v":["Báo thức này còn ",{"t":"idOrVar","v":"hours"}," ",{"t":"idOrVar","v":"minutes"}," tính từ bây giờ."]},{"$i":"countdown-moreThanADay","$v":["Báo thức này còn ",{"t":"idOrVar","v":"days"}," ",{"t":"idOrVar","v":"hours"}," tính từ bây giờ."]},{"$i":"kai-alarm-off","$v":"Đã tắt báo thức."},{"$i":"kai-alarm-deleted","$v":"Đã xóa báo thức."},{"$i":"alarm-delete-all","$v":"Đã xóa tất cả báo thức."},{"$i":"nMinutes","$v":{"few":[{"t":"idOrVar","v":"n"}," phút"],"many":[{"t":"idOrVar","v":"n"}," phút"],"one":"một phút","other":[{"t":"idOrVar","v":"n"}," phút"],"two":[{"t":"idOrVar","v":"n"}," phút"],"zero":"dưới một phút"},"$x":[{"t":"idOrVar","v":"plural"},"n"]},{"$i":"nHours","$v":{"few":[{"t":"idOrVar","v":"n"}," giờ"],"many":[{"t":"idOrVar","v":"n"}," giờ"],"one":[{"t":"idOrVar","v":"n"}," giờ"],"other":[{"t":"idOrVar","v":"n"}," giờ"],"two":[{"t":"idOrVar","v":"n"}," giờ"]},"$x":[{"t":"idOrVar","v":"plural"},"n"]},{"$i":"nAndRemainHours","$v":{"few":["và ",{"t":"idOrVar","v":"n"}," giờ"],"many":["và ",{"t":"idOrVar","v":"n"}," giờ"],"one":["và ",{"t":"idOrVar","v":"n"}," giờ"],"other":["và ",{"t":"idOrVar","v":"n"}," giờ"],"two":["và ",{"t":"idOrVar","v":"n"}," giờ"]},"$x":[{"t":"idOrVar","v":"plural"},"n"]},{"$i":"nRemainDays","$v":{"few":[{"t":"idOrVar","v":"n"}," ngày"],"many":[{"t":"idOrVar","v":"n"}," ngày"],"one":[{"t":"idOrVar","v":"n"}," ngày"],"other":[{"t":"idOrVar","v":"n"}," ngày"],"two":[{"t":"idOrVar","v":"n"}," ngày"]},"$x":[{"t":"idOrVar","v":"plural"},"n"]},{"$i":"nRemainMinutes","$v":{"few":["và ",{"t":"idOrVar","v":"n"}," phút"],"many":["và ",{"t":"idOrVar","v":"n"}," phút"],"one":["và ",{"t":"idOrVar","v":"n"}," phút"],"other":["và ",{"t":"idOrVar","v":"n"}," phút"],"two":["và ",{"t":"idOrVar","v":"n"}," phút"]},"$x":[{"t":"idOrVar","v":"plural"},"n"]},{"$i":"nSpinnerSeconds","$v":{"few":[{"t":"idOrVar","v":"n"}," giây"],"many":[{"t":"idOrVar","v":"n"}," giây"],"one":"một giây","other":[{"t":"idOrVar","v":"n"}," giây"],"two":[{"t":"idOrVar","v":"n"}," giây"],"zero":"không giây"},"$x":[{"t":"idOrVar","v":"plural"},"n"]},{"$i":"nSpinnerMinutes","$v":{"few":[{"t":"idOrVar","v":"n"}," phút"],"many":[{"t":"idOrVar","v":"n"}," phút"],"one":"một phút","other":[{"t":"idOrVar","v":"n"}," phút"],"two":[{"t":"idOrVar","v":"n"}," phút"],"zero":"không phút"},"$x":[{"t":"idOrVar","v":"plural"},"n"]},{"$i":"nSpinnerHours","$v":{"few":[{"t":"idOrVar","v":"n"}," giờ"],"many":[{"t":"idOrVar","v":"n"}," giờ"],"one":[{"t":"idOrVar","v":"n"}," giờ"],"other":[{"t":"idOrVar","v":"n"}," giờ"],"two":[{"t":"idOrVar","v":"n"}," giờ"],"zero":"không giờ"},"$x":[{"t":"idOrVar","v":"plural"},"n"]},{"$i":"kai-stop","$v":"Dừng"},{"$i":"kai-snooze","$v":"Tạm tắt"},{"$i":"ac_africa_ogg","$v":"Châu Phi"},{"$i":"ac_amazon_ogg","$v":"Amazon"},{"$i":"ac_disco_ogg","$v":"Disco"},{"$i":"ac_fairy_tales_ogg","$v":"Fairy tales"},{"$i":"ac_fresh_ogg","$v":"Fresh"},{"$i":"ac_galaxy_ogg","$v":"Galaxy"},{"$i":"ac_kai_ogg","$v":"Kai"},{"$i":"ac_techno_ogg","$v":"Techno"},{"$i":"ac_woody_ogg","$v":"Woody"},{"$i":"ac_awake_opus","$v":"Thức giấc"},{"$i":"ac_crystalize_opus","$v":"Crystalize"},{"$i":"ac_cycle_opus","$v":"Cycle"},{"$i":"ac_digicloud_opus","$v":"Digicloud"},{"$i":"ac_humming_waves_opus","$v":"Humming Waves"},{"$i":"ac_into_the_void_opus","$v":"Into the Void"},{"$i":"ac_lightly_opus","$v":"Nhẹ"},{"$i":"ac_mobile_opus","$v":"Di động"},{"$i":"ac_pinger_opus","$v":"Máy phát siêu âm"},{"$i":"ac_skip_opus","$v":"Bỏ qua"},{"$i":"ac_tri_opus","$v":"Tri"},{"$i":"ac_universal_opus","$v":"Toàn bộ"},{"$i":"kai-options","$v":"Tùy chọn"},{"$i":"kai-clock-title","$v":"Đồng hồ"},{"$i":"alarm-title","$v":"Báo thức"},{"$i":"no-alarms-body","$v":"Không đặt báo thức nào. Nhấn New (Mới) để bắt đầu."},{"$i":"kai-new-alarm","$v":"Mới"},{"$i":"kai-settings","$v":"Cài đặt"},{"$i":"kai-cancel","$v":"Hủy"},{"$i":"kai-save","$v":"Lưu"},{"$i":"turnOn","$v":"Bật"},{"$i":"turnOff","$v":"Tắt"},{"$i":"edit","$v":"Chỉnh sửa"},{"$i":"select","$v":"Chọn"},{"$i":"kai-delete","$v":"Xóa"},{"$i":"delete-all","$v":"Xóa tất cả"},{"$i":"kai-selected-alarm","$v":"Báo thức đã chọn"},{"$i":"set","$v":"Đặt"},{"$i":"kai-start","$v":"Bắt đầu"},{"$i":"kai-reset","$v":"Đặt lại"},{"$i":"kai-min-plus","$v":"+1 Phút"},{"$i":"kai-resume","$v":"Tiếp tục"},{"$i":"kai-lap","$v":"Vòng chạy"},{"$i":"play","$v":"Phát"},{"$i":"kai-no-repeat","$v":"Không lặp lại"},{"$i":"kai-confirm-title","$v":"Xác nhận"},{"$i":"kai-confirm-delete-body","$v":"Xóa báo thức đã chọn?"},{"$i":"confirm-delete-all-body","$v":"Xóa tất cả báo thức?"},{"$i":"kai-confirm-end-key-body","$v":{"$o":"Ứng dụng sẽ bị đóng và mất dữ liệu. <br><br> Bạn có muốn trở lại để chỉnh sửa không?"}},{"$i":"kai-confirm-exit-button","$v":"Thoát"},{"$i":"kai-confirm-return-button","$v":"Quay lại"},{"$i":"weekday-0-long","$v":"Chủ nhật"},{"$i":"weekday-1-long","$v":"Thứ Hai"},{"$i":"weekday-2-long","$v":"Thứ Ba"},{"$i":"weekday-3-long","$v":"Thứ Tư"},{"$i":"weekday-4-long","$v":"Thứ Năm"},{"$i":"weekday-5-long","$v":"Thứ Sáu"},{"$i":"weekday-6-long","$v":"Thứ Bảy"},{"$i":"weekday-0-short","$v":"CN"},{"$i":"weekday-1-short","$v":"Thứ 2"},{"$i":"weekday-2-short","$v":"Thứ 3"},{"$i":"weekday-3-short","$v":"Thứ 4"},{"$i":"weekday-4-short","$v":"Thứ 5"},{"$i":"weekday-5-short","$v":"Thứ 6"},{"$i":"weekday-6-short","$v":"Thứ 7"},{"$i":"month-0-long","$v":"Tháng 1"},{"$i":"month-1-long","$v":"Tháng 2"},{"$i":"month-2-long","$v":"Tháng 3"},{"$i":"month-3-long","$v":"Tháng 4"},{"$i":"month-4-long","$v":"Tháng 5"},{"$i":"month-5-long","$v":"Tháng 6"},{"$i":"month-6-long","$v":"Tháng 7"},{"$i":"month-7-long","$v":"Tháng 8"},{"$i":"month-8-long","$v":"Tháng 9"},{"$i":"month-9-long","$v":"Tháng 10"},{"$i":"month-10-long","$v":"Tháng 11"},{"$i":"month-11-long","$v":"Tháng 12"},{"$i":"month-0-genitive","$v":"Tháng 1"},{"$i":"month-1-genitive","$v":"Tháng 2"},{"$i":"month-2-genitive","$v":"Tháng 3"},{"$i":"month-3-genitive","$v":"Tháng 4"},{"$i":"month-4-genitive","$v":"Tháng 5"},{"$i":"month-5-genitive","$v":"Tháng 6"},{"$i":"month-6-genitive","$v":"Tháng 7"},{"$i":"month-7-genitive","$v":"Tháng 8"},{"$i":"month-8-genitive","$v":"Tháng 9"},{"$i":"month-9-genitive","$v":"Tháng 10"},{"$i":"month-10-genitive","$v":"Tháng 11"},{"$i":"month-11-genitive","$v":"Tháng 12"},{"$i":"month-0-short","$v":"Tháng 1"},{"$i":"month-1-short","$v":"Tháng 2"},{"$i":"month-2-short","$v":"Tháng 3"},{"$i":"month-3-short","$v":"Tháng 4"},{"$i":"month-4-short","$v":"Tháng 5"},{"$i":"month-5-short","$v":"Tháng 6"},{"$i":"month-6-short","$v":"Tháng 7"},{"$i":"month-7-short","$v":"Tháng 8"},{"$i":"month-8-short","$v":"Tháng 9"},{"$i":"month-9-short","$v":"Tháng 10"},{"$i":"month-10-short","$v":"Tháng 11"},{"$i":"month-11-short","$v":"Tháng 12"},{"$i":"minutes-ago-long","$v":{"few":[{"t":"idOrVar","v":"value"}," phút trước"],"many":[{"t":"idOrVar","v":"value"}," phút trước"],"one":"một phút trước","other":[{"t":"idOrVar","v":"value"}," phút trước"],"two":[{"t":"idOrVar","v":"value"}," phút trước"],"zero":"ngay bây giờ"},"$x":[{"t":"idOrVar","v":"plural"},"value"]},{"$i":"hours-ago-long","$v":{"few":[{"t":"idOrVar","v":"value"}," giờ trước"],"many":[{"t":"idOrVar","v":"value"}," giờ trước"],"one":"giờ trước","other":[{"t":"idOrVar","v":"value"}," giờ trước"],"two":[{"t":"idOrVar","v":"value"}," giờ trước"],"zero":"ngay bây giờ"},"$x":[{"t":"idOrVar","v":"plural"},"value"]},{"$i":"days-ago-long","$v":{"few":[{"t":"idOrVar","v":"value"}," ngày trước"],"many":[{"t":"idOrVar","v":"value"}," ngày trước"],"one":"hôm qua","other":[{"t":"idOrVar","v":"value"}," ngày trước"],"two":[{"t":"idOrVar","v":"value"}," ngày trước"],"zero":"hôm nay"},"$x":[{"t":"idOrVar","v":"plural"},"value"]},{"$i":"weeks-ago-long","$v":{"few":[{"t":"idOrVar","v":"value"}," tuần trước"],"many":[{"t":"idOrVar","v":"value"}," tuần trước"],"one":"tuần trước","other":[{"t":"idOrVar","v":"value"}," tuần trước"],"two":[{"t":"idOrVar","v":"value"}," tuần trước"],"zero":"tuần này"},"$x":[{"t":"idOrVar","v":"plural"},"value"]},{"$i":"months-ago-long","$v":{"few":[{"t":"idOrVar","v":"value"}," tháng trước"],"many":[{"t":"idOrVar","v":"value"}," tháng trước"],"one":"tháng trước","other":[{"t":"idOrVar","v":"value"}," tháng trước"],"two":[{"t":"idOrVar","v":"value"}," tháng trước"],"zero":"tháng này"},"$x":[{"t":"idOrVar","v":"plural"},"value"]},{"$i":"years-ago-long","$v":{"few":[{"t":"idOrVar","v":"value"}," năm trước"],"many":[{"t":"idOrVar","v":"value"}," năm trước"],"one":"năm ngoái","other":[{"t":"idOrVar","v":"value"}," năm trước"],"two":[{"t":"idOrVar","v":"value"}," năm trước"],"zero":"năm nay"},"$x":[{"t":"idOrVar","v":"plural"},"value"]},{"$i":"minutes-until-long","$v":{"few":["trong ",{"t":"idOrVar","v":"value"}," phút"],"many":["trong ",{"t":"idOrVar","v":"value"}," phút"],"one":"trong một phút","other":["trong ",{"t":"idOrVar","v":"value"}," phút"],"two":["trong ",{"t":"idOrVar","v":"value"}," phút"],"zero":"hiện tại"},"$x":[{"t":"idOrVar","v":"plural"},"value"]},{"$i":"hours-until-long","$v":{"few":["trong ",{"t":"idOrVar","v":"value"}," giờ"],"many":["trong ",{"t":"idOrVar","v":"value"}," giờ"],"one":"trong một giờ","other":["trong ",{"t":"idOrVar","v":"value"}," giờ"],"two":["trong ",{"t":"idOrVar","v":"value"}," giờ"],"zero":"hiện tại"},"$x":[{"t":"idOrVar","v":"plural"},"value"]},{"$i":"days-until-long","$v":{"few":["trong ",{"t":"idOrVar","v":"value"}," ngày"],"many":["trong ",{"t":"idOrVar","v":"value"}," ngày"],"one":"ngày mai","other":["trong ",{"t":"idOrVar","v":"value"}," ngày"],"two":["trong ",{"t":"idOrVar","v":"value"}," ngày"],"zero":"hôm nay"},"$x":[{"t":"idOrVar","v":"plural"},"value"]},{"$i":"weeks-until-long","$v":{"few":["trong ",{"t":"idOrVar","v":"value"}," tuần"],"many":["trong ",{"t":"idOrVar","v":"value"}," tuần"],"one":"tuần tới","other":["trong ",{"t":"idOrVar","v":"value"}," tuần"],"two":["trong ",{"t":"idOrVar","v":"value"}," tuần"],"zero":"tuần này"},"$x":[{"t":"idOrVar","v":"plural"},"value"]},{"$i":"months-until-long","$v":{"few":["trong ",{"t":"idOrVar","v":"value"}," tháng"],"many":["trong ",{"t":"idOrVar","v":"value"}," tháng"],"one":"tháng tiếp theo","other":["trong ",{"t":"idOrVar","v":"value"}," tháng"],"two":["trong ",{"t":"idOrVar","v":"value"}," tháng"],"zero":"tháng này"},"$x":[{"t":"idOrVar","v":"plural"},"value"]},{"$i":"years-until-long","$v":{"few":["trong ",{"t":"idOrVar","v":"value"}," năm"],"many":["trong ",{"t":"idOrVar","v":"value"}," năm"],"one":"năm tới","other":["trong ",{"t":"idOrVar","v":"value"}," năm"],"two":["trong ",{"t":"idOrVar","v":"value"}," năm"],"zero":"năm nay"},"$x":[{"t":"idOrVar","v":"plural"},"value"]},{"$i":"minutes-ago-short","$v":{"other":[{"t":"idOrVar","v":"value"}," tháng trước"],"zero":"ngay bây giờ"},"$x":[{"t":"idOrVar","v":"plural"},"value"]},{"$i":"hours-ago-short","$v":{"other":[{"t":"idOrVar","v":"value"}," giờ trước"],"zero":"ngay bây giờ"},"$x":[{"t":"idOrVar","v":"plural"},"value"]},{"$i":"days-ago-short","$v":{"other":[{"t":"idOrVar","v":"value"}," ngày trước"],"zero":"hôm nay"},"$x":[{"t":"idOrVar","v":"plural"},"value"]},{"$i":"minutes-until-short","$v":{"other":["trong ",{"t":"idOrVar","v":"value"},"m"],"zero":"hiện tại"},"$x":[{"t":"idOrVar","v":"plural"},"value"]},{"$i":"hours-until-short","$v":{"other":["trong ",{"t":"idOrVar","v":"value"}],"zero":"hiện tại"},"$x":[{"t":"idOrVar","v":"plural"},"value"]},{"$i":"days-until-short","$v":{"other":["in ",{"t":"idOrVar","v":"value"},"d"],"zero":"hôm nay"},"$x":[{"t":"idOrVar","v":"plural"},"value"]},{"$i":"incorrectDate","$v":"(ngày không chính xác)"},{"$i":"dateTimeFormat_%c","$v":"%a %b %e %Y %I:%M:%S %p"},{"$i":"dateTimeFormat_%x","$v":"%m/%d/%Y"},{"$i":"dateTimeFormat_%X","$v":"%I:%M:%S %p"},{"$i":"shortTimeFormat","$v":"%I:%M %p"},{"$i":"shortTimeFormat12","$v":"%I:%M %p"},{"$i":"shortTimeFormat24","$v":"%H:%M"},{"$i":"shortDateTimeFormat","$v":"%x %I:%M %p"},{"$i":"weekStartsOnMonday","$v":"0.0"},{"$i":"firstDayOfTheWeek","$v":"0.0"},{"$i":"time_am","$v":"AM"},{"$i":"time_pm","$v":"PM"},{"$i":"softkey-options","$v":"Tùy chọn"}]