[{"$i":"reset","$v":"Seta kwakhona"},{"$i":"start","$v":"Qalisa"},{"$i":"stop","$v":"Yima"},{"$i":"cancel","$v":"Rhoxisa"},{"$i":"hour","$v":"Iyure"},{"$i":"hours","$v":"Iiyure"},{"$i":"minute","$v":"Mzuzu"},{"$i":"minutes","$v":"Imizuzu"},{"$i":"second","$v":"Mzuzwana"},{"$i":"alarm","$v":"Ialam"},{"$i":"alarm-name","placeholder":"Ialam"},{"$i":"timer","$v":"Isibali-xesha"},{"$i":"stopwatch","$v":"Istopwatshi"},{"$i":"alarmName","$v":"Igama lealam"},{"$i":"newAlarm","$v":"Esitsha isazisi"},{"$i":"editAlarm","$v":"Hlela ialam"},{"$i":"tclSettings","$v":"Iisethingi"},{"$i":"clock-settings","$v":"Iisethingi Zewotshi"},{"$i":"alarms-maximum","$v":"Ufukelele kwinombolo yokugqibela yee-alamu"},{"$i":"laps-maximum","$v":"Ufukelele kwinombolo yokugqibela yamacala"},{"$i":"changes-saved","$v":"Utshintsho Lugciniwe."},{"$i":"pause","$v":"Misa"},{"$i":"resume","$v":"Qala kwakhona"},{"$i":"lap","$v":"Ithanga"},{"$i":"lap-number","$v":["Ithanga ",{"t":"idOrVar","v":"n"}]},{"$i":"timer-hour","$v":"Iyure"},{"$i":"timer-min","$v":"Mzuzu"},{"$i":"timer-sec","$v":"Mzuzwana"},{"$i":"delete","$v":"Cima"},{"$i":"time","$v":"Ixesha"},{"$i":"snooze-label","$v":"Hlehlisa"},{"$i":"snooze-button","$v":"Hlehlisa"},{"$i":"repeat","$v":"Phinda"},{"$i":"vibrate","$v":"Didizela"},{"$i":"close","$v":"Vala"},{"$i":"save","$v":"Gcina"},{"$i":"done","$v":"Ugqibile"},{"$i":"kai-select-time","$v":"Khetha ixesha"},{"$i":"closeButton","ariaLabel":"Vala"},{"$i":"newAlarmButton","ariaLabel":"Esitsha isazisi"},{"$i":"alarm-volume-label","$v":"Ivolyum ye-Alamu yeNkqubo"},{"$i":"kai-volume","$v":"Ivolyum:"},{"$i":"volume-level-display","$v":[{"t":"idOrVar","v":"n"}," / ",{"t":"idOrVar","v":"c"}]},{"$i":"sound","$v":"Isandi"},{"$i":"noSound","$v":"Akukho Sandi"},{"$i":"kai-ringtones","$v":"Iiringthowuni"},{"$i":"everyday","$v":"Rhoqo ngosuku"},{"$i":"weekdays","$v":"Evekini"},{"$i":"weekends","$v":"Iimpela-veki"},{"$i":"never","$v":"Ungaze"},{"$i":"vibrateOn","$v":"Ivuliwe"},{"$i":"vibrateOff","$v":"Icinyiwe"},{"$i":"kai-on","$v":"Layitile"},{"$i":"kai-off","$v":"Cimile"},{"$i":"plusMinute","$v":"+1 Mzu"},{"$i":"dateFormat","$v":"%A, %B %e"},{"$i":"countdown-lessThanAnHour","$v":["I-alamu isetelwe ngo- ",{"t":"idOrVar","v":"minutes"}," ukusukela ngoku."]},{"$i":"countdown-moreThanAnHour","$v":["I-alamu isetelwe ngo- ",{"t":"idOrVar","v":"hours"}," ",{"t":"idOrVar","v":"minutes"}," ukusukela ngoku."]},{"$i":"countdown-moreThanADay","$v":["I-alamu isetelwe ngo- ",{"t":"idOrVar","v":"days"}," ",{"t":"idOrVar","v":"hours"}," ukusukela ngoku."]},{"$i":"kai-alarm-off","$v":"I-alam icinyiwe"},{"$i":"kai-alarm-deleted","$v":"I-alam icinyiwe."},{"$i":"alarm-delete-all","$v":"Zonke iil alamu zisusiwe."},{"$i":"nMinutes","$v":{"few":[{"t":"idOrVar","v":"n"}," imizuzu"],"many":[{"t":"idOrVar","v":"n"}," imizuzu"],"one":"Umzuzu omnye","other":[{"t":"idOrVar","v":"n"}," imizuzu"],"two":[{"t":"idOrVar","v":"n"}," imizuzu"],"zero":"Ngaphantsi komzuzuz"},"$x":[{"t":"idOrVar","v":"plural"},"n"]},{"$i":"nHours","$v":{"few":[{"t":"idOrVar","v":"n"}," iiyure"],"many":[{"t":"idOrVar","v":"n"}," iiyure"],"one":[{"t":"idOrVar","v":"n"}," yure"],"other":[{"t":"idOrVar","v":"n"}," iiyure"],"two":[{"t":"idOrVar","v":"n"}," iiyure"]},"$x":[{"t":"idOrVar","v":"plural"},"n"]},{"$i":"nAndRemainHours","$v":{"few":["kunye ",{"t":"idOrVar","v":"n"}," neeyure"],"many":["kunye ",{"t":"idOrVar","v":"n"}," neeyure"],"one":["kunye ",{"t":"idOrVar","v":"n"}," neyure"],"other":["kunye ",{"t":"idOrVar","v":"n"}," neeyure"],"two":["kunye ",{"t":"idOrVar","v":"n"}," neeyure"]},"$x":[{"t":"idOrVar","v":"plural"},"n"]},{"$i":"nRemainDays","$v":{"few":[{"t":"idOrVar","v":"n"}," iintsuku"],"many":[{"t":"idOrVar","v":"n"}," iintsuku"],"one":[{"t":"idOrVar","v":"n"}," usuku"],"other":[{"t":"idOrVar","v":"n"}," iintsuku"],"two":[{"t":"idOrVar","v":"n"}," iintsuku"]},"$x":[{"t":"idOrVar","v":"plural"},"n"]},{"$i":"nRemainMinutes","$v":{"few":["kunye ",{"t":"idOrVar","v":"n"}," nemizuzu"],"many":["kunye ",{"t":"idOrVar","v":"n"}," nemizuzu"],"one":["kunye ",{"t":"idOrVar","v":"n"}," nomzuzu"],"other":["kunye ",{"t":"idOrVar","v":"n"}," nemizuzu"],"two":["kunye ",{"t":"idOrVar","v":"n"}," nemizuzu"]},"$x":[{"t":"idOrVar","v":"plural"},"n"]},{"$i":"nSpinnerSeconds","$v":{"few":[{"t":"idOrVar","v":"n"}," mizuzwana"],"many":[{"t":"idOrVar","v":"n"}," mizuzwana"],"one":"Omnye umzuzwana","other":[{"t":"idOrVar","v":"n"}," mizuzwana"],"two":[{"t":"idOrVar","v":"n"}," mizuzwana"],"zero":"imizuzwana eliqanda"},"$x":[{"t":"idOrVar","v":"plural"},"n"]},{"$i":"nSpinnerMinutes","$v":{"few":[{"t":"idOrVar","v":"n"}," imizuzu"],"many":[{"t":"idOrVar","v":"n"}," imizuzu"],"one":"Umzuzu omnye","other":[{"t":"idOrVar","v":"n"}," imizuzu"],"two":[{"t":"idOrVar","v":"n"}," imizuzu"],"zero":"imizuzu eliqanda"},"$x":[{"t":"idOrVar","v":"plural"},"n"]},{"$i":"nSpinnerHours","$v":{"few":[{"t":"idOrVar","v":"n"}," iiyure"],"many":[{"t":"idOrVar","v":"n"}," iiyure"],"one":[{"t":"idOrVar","v":"n"}," yure"],"other":[{"t":"idOrVar","v":"n"}," iiyure"],"two":[{"t":"idOrVar","v":"n"}," iiyure"],"zero":"iiyure eziliqanda"},"$x":[{"t":"idOrVar","v":"plural"},"n"]},{"$i":"kai-stop","$v":"Misa"},{"$i":"kai-snooze","$v":"Snuza"},{"$i":"ac_africa_ogg","$v":"Afrika"},{"$i":"ac_amazon_ogg","$v":"U-Amazon"},{"$i":"ac_disco_ogg","$v":"IDiskho"},{"$i":"ac_fairy_tales_ogg","$v":"Iintsomi ezimnandi"},{"$i":"ac_fresh_ogg","$v":"Intsha"},{"$i":"ac_galaxy_ogg","$v":"I-Galaxy"},{"$i":"ac_kai_ogg","$v":"Ukutya okuqinileyo"},{"$i":"ac_techno_ogg","$v":"I-Techno"},{"$i":"ac_woody_ogg","$v":"Okumthi"},{"$i":"ac_awake_opus","$v":"Awake"},{"$i":"ac_crystalize_opus","$v":"Crystallise"},{"$i":"ac_cycle_opus","$v":"Cycle"},{"$i":"ac_digicloud_opus","$v":"Digicloud"},{"$i":"ac_humming_waves_opus","$v":"Humming Waves"},{"$i":"ac_into_the_void_opus","$v":"Into the Void"},{"$i":"ac_lightly_opus","$v":"Lightly"},{"$i":"ac_mobile_opus","$v":"Mobile"},{"$i":"ac_pinger_opus","$v":"Pinger"},{"$i":"ac_skip_opus","$v":"Skip"},{"$i":"ac_tri_opus","$v":"Tri"},{"$i":"ac_universal_opus","$v":"Universal"},{"$i":"kai-options","$v":"Ukhetho"},{"$i":"kai-clock-title","$v":"Iwotshi"},{"$i":"alarm-title","$v":"Ialam"},{"$i":"no-alarms-body","$v":"Akukho zazisi zisetiweyo. Cofa esitsha iSazisi ukuqala."},{"$i":"kai-new-alarm","$v":"Entsha"},{"$i":"kai-settings","$v":"Iisetingi"},{"$i":"kai-cancel","$v":"Rhoxisa"},{"$i":"kai-save","$v":"Gcina"},{"$i":"turnOn","$v":"Layita"},{"$i":"turnOff","$v":"Cima"},{"$i":"edit","$v":"Hlela"},{"$i":"select","$v":"Khetha"},{"$i":"kai-delete","$v":"Cima"},{"$i":"delete-all","$v":"Cima zonke"},{"$i":"kai-selected-alarm","$v":"Ialam Ekhethiweyo"},{"$i":"set","$v":"Seta"},{"$i":"kai-start","$v":"Qala"},{"$i":"kai-reset","$v":"Seta kwakhona"},{"$i":"kai-min-plus","$v":"+1 Imiz"},{"$i":"kai-resume","$v":"Phinda uqale"},{"$i":"kai-lap","$v":"Ukuphela"},{"$i":"play","$v":"Dlala"},{"$i":"kai-no-repeat","$v":"Akukho okuphindiweyo"},{"$i":"kai-confirm-title","$v":"isiqinisekiso"},{"$i":"kai-confirm-delete-body","$v":"Icinywe le alam ikhethiweyo?"},{"$i":"confirm-delete-all-body","$v":"Susa yonke i-alamu?"},{"$i":"kai-confirm-end-key-body","$v":{"$o":"I-aphu iza kuvala ngenxa yedatha elahlekileyo. <br><br> Ngaba ungathanda ukubuyela ekuyitshintsheni?"}},{"$i":"kai-confirm-exit-button","$v":"Phuma"},{"$i":"kai-confirm-return-button","$v":"Buyela ku"},{"$i":"weekday-0-long","$v":"Ngecawe"},{"$i":"weekday-1-long","$v":"NgoMvulo"},{"$i":"weekday-2-long","$v":"Lwesibini"},{"$i":"weekday-3-long","$v":"Lwesithathu"},{"$i":"weekday-4-long","$v":"Lwesine"},{"$i":"weekday-5-long","$v":"Lwesihlanu"},{"$i":"weekday-6-long","$v":"Mgqibelo"},{"$i":"weekday-0-short","$v":"Ca"},{"$i":"weekday-1-short","$v":"Mvu"},{"$i":"weekday-2-short","$v":"Lb"},{"$i":"weekday-3-short","$v":"Lt"},{"$i":"weekday-4-short","$v":"Ln"},{"$i":"weekday-5-short","$v":"Lh"},{"$i":"weekday-6-short","$v":"Mg"},{"$i":"month-0-long","$v":"EyoMqungu"},{"$i":"month-1-long","$v":"EyoMdumba"},{"$i":"month-2-long","$v":"EyoKwindla"},{"$i":"month-3-long","$v":"Tshazimpuzi"},{"$i":"month-4-long","$v":"UCanzibe"},{"$i":"month-5-long","$v":"Isilimela"},{"$i":"month-6-long","$v":"EyeKhala"},{"$i":"month-7-long","$v":"EyeThupha"},{"$i":"month-8-long","$v":"EyoMsintsi"},{"$i":"month-9-long","$v":"EyeDwarha"},{"$i":"month-10-long","$v":"EyeNkanga"},{"$i":"month-11-long","$v":"EyoMnga"},{"$i":"month-0-genitive","$v":"Januwari"},{"$i":"month-1-genitive","$v":"Februwari"},{"$i":"month-2-genitive","$v":"Matshi"},{"$i":"month-3-genitive","$v":"Tshazimpuzi"},{"$i":"month-4-genitive","$v":"Meyi"},{"$i":"month-5-genitive","$v":"Juni"},{"$i":"month-6-genitive","$v":"Julayi"},{"$i":"month-7-genitive","$v":"Agasti"},{"$i":"month-8-genitive","$v":"Septemba"},{"$i":"month-9-genitive","$v":"Oktobha"},{"$i":"month-10-genitive","$v":"Novemba"},{"$i":"month-11-genitive","$v":"Disemba"},{"$i":"month-0-short","$v":"Jan"},{"$i":"month-1-short","$v":"Feb"},{"$i":"month-2-short","$v":"Mat"},{"$i":"month-3-short","$v":"Tshaz"},{"$i":"month-4-short","$v":"Meyi"},{"$i":"month-5-short","$v":"Juni"},{"$i":"month-6-short","$v":"Julayi"},{"$i":"month-7-short","$v":"Agasti"},{"$i":"month-8-short","$v":"Sep"},{"$i":"month-9-short","$v":"Okto"},{"$i":"month-10-short","$v":"Nov"},{"$i":"month-11-short","$v":"Dis"},{"$i":"minutes-ago-long","$v":{"few":[{"t":"idOrVar","v":"value"}," imizuzu edlileyo"],"many":[{"t":"idOrVar","v":"value"}," imizuzu edlileyo"],"one":"Umzuzu odluleyo","other":[{"t":"idOrVar","v":"value"}," imizuzu edlileyo"],"two":[{"t":"idOrVar","v":"value"}," imizuzu edlileyo"],"zero":"nje ngoku"},"$x":[{"t":"idOrVar","v":"izininzi"},"inani"]},{"$i":"hours-ago-long","$v":{"few":[{"t":"idOrVar","v":"value"}," iiyure ezidluleyo"],"many":[{"t":"idOrVar","v":"value"}," iiyure ezidluleyo"],"one":"kwiyure edluleyo","other":[{"t":"idOrVar","v":"value"}," iiyure ezidluleyo"],"two":[{"t":"idOrVar","v":"value"}," iiyure ezidluleyo"],"zero":"nje ngoku"},"$x":[{"t":"idOrVar","v":"izininzi"},"inani"]},{"$i":"days-ago-long","$v":{"few":[{"t":"idOrVar","v":"value"}," iintsuku ezidluleyo"],"many":[{"t":"idOrVar","v":"value"}," iintsuku ezidluleyo"],"one":"izolo","other":[{"t":"idOrVar","v":"value"}," iintsuku ezidluleyo"],"two":[{"t":"idOrVar","v":"value"}," iintsuku ezidluleyo"],"zero":"namhlanje"},"$x":[{"t":"idOrVar","v":"izininzi"},"inani"]},{"$i":"weeks-ago-long","$v":{"few":[{"t":"idOrVar","v":"value"}," iiveki ezidluleyo"],"many":[{"t":"idOrVar","v":"value"}," iiveki ezidluleyo"],"one":"kwiveki edluleyo","other":[{"t":"idOrVar","v":"value"}," iiveki ezidluleyo"],"two":[{"t":"idOrVar","v":"value"}," iiveki ezidluleyo"],"zero":"kule veki"},"$x":[{"t":"idOrVar","v":"izininzi"},"inani"]},{"$i":"months-ago-long","$v":{"few":[{"t":"idOrVar","v":"value"}," iinyanga ezidluyo"],"many":[{"t":"idOrVar","v":"value"}," iinyanga ezidluyo"],"one":"Kwinyanga edluleyo","other":[{"t":"idOrVar","v":"value"}," iinyanga ezidluyo"],"two":[{"t":"idOrVar","v":"value"}," iinyanga ezidluyo"],"zero":"kule nyanga"},"$x":[{"t":"idOrVar","v":"izininzi"},"inani"]},{"$i":"years-ago-long","$v":{"few":[{"t":"idOrVar","v":"value"}," iiminyak edluleyo"],"many":[{"t":"idOrVar","v":"value"}," iiminyak edluleyo"],"one":"kunyaka odluleyo","other":[{"t":"idOrVar","v":"value"}," iiminyak edluleyo"],"two":[{"t":"idOrVar","v":"value"}," iiminyak edluleyo"],"zero":"kulo nyaka"},"$x":[{"t":"idOrVar","v":"izininzi"},"inani"]},{"$i":"minutes-until-long","$v":{"few":["in ",{"t":"idOrVar","v":"value"}," imizuzu"],"many":["in ",{"t":"idOrVar","v":"value"}," imizuzu"],"one":"kumzuzu","other":["in ",{"t":"idOrVar","v":"value"}," imizuzu"],"two":["in ",{"t":"idOrVar","v":"value"}," imizuzu"],"zero":"Ngoku"},"$x":[{"t":"idOrVar","v":"izininzi"},"inani"]},{"$i":"hours-until-long","$v":{"few":["in ",{"t":"idOrVar","v":"value"}," iiyure"],"many":["in ",{"t":"idOrVar","v":"value"}," iiyure"],"one":"kwiyure","other":["in ",{"t":"idOrVar","v":"value"}," iiyure"],"two":["in ",{"t":"idOrVar","v":"value"}," iiyure"],"zero":"Ngoku"},"$x":[{"t":"idOrVar","v":"izininzi"},"inani"]},{"$i":"days-until-long","$v":{"few":["in ",{"t":"idOrVar","v":"value"}," iintsuku"],"many":["in ",{"t":"idOrVar","v":"value"}," iintsuku"],"one":"ngomso","other":["in ",{"t":"idOrVar","v":"value"}," iintsuku"],"two":["in ",{"t":"idOrVar","v":"value"}," iintsuku"],"zero":"namhlanje"},"$x":[{"t":"idOrVar","v":"izininzi"},"inani"]},{"$i":"weeks-until-long","$v":{"few":["in ",{"t":"idOrVar","v":"value"}," iiveki"],"many":["in ",{"t":"idOrVar","v":"value"}," iiveki"],"one":"iveki ezayo","other":["in ",{"t":"idOrVar","v":"value"}," iiveki"],"two":["in ",{"t":"idOrVar","v":"value"}," iiveki"],"zero":"kule veki"},"$x":[{"t":"idOrVar","v":"izininzi"},"inani"]},{"$i":"months-until-long","$v":{"few":["in ",{"t":"idOrVar","v":"value"}," iinyanga"],"many":["in ",{"t":"idOrVar","v":"value"}," iinyanga"],"one":"inyanga ezayo","other":["in ",{"t":"idOrVar","v":"value"}," iinyanga"],"two":["in ",{"t":"idOrVar","v":"value"}," iinyanga"],"zero":"kule nyanga"},"$x":[{"t":"idOrVar","v":"izininzi"},"inani"]},{"$i":"years-until-long","$v":{"few":["in ",{"t":"idOrVar","v":"value"}," iiminyaka"],"many":["in ",{"t":"idOrVar","v":"value"}," iiminyaka"],"one":"unyaka ozayou","other":["in ",{"t":"idOrVar","v":"value"}," iiminyaka"],"two":["in ",{"t":"idOrVar","v":"value"}," iiminyaka"],"zero":"kulo nyaka"},"$x":[{"t":"idOrVar","v":"izininzi"},"inani"]},{"$i":"minutes-ago-short","$v":{"other":[{"t":"idOrVar","v":"value"},"m dluleyo"],"zero":"nje ngoku"},"$x":[{"t":"idOrVar","v":"izininzi"},"inani"]},{"$i":"hours-ago-short","$v":{"other":[{"t":"idOrVar","v":"value"},"y dluleyo"],"zero":"nje ngoku"},"$x":[{"t":"idOrVar","v":"izininzi"},"inani"]},{"$i":"days-ago-short","$v":{"other":[{"t":"idOrVar","v":"value"},"s dluleyo"],"zero":"namhlanje"},"$x":[{"t":"idOrVar","v":"izininzi"},"inani"]},{"$i":"minutes-until-short","$v":{"other":["in ",{"t":"idOrVar","v":"value"},"m"],"zero":"Ngoku"},"$x":[{"t":"idOrVar","v":"izininzi"},"inani"]},{"$i":"hours-until-short","$v":{"other":["in ",{"t":"idOrVar","v":"value"},"h"],"zero":"Ngoku"},"$x":[{"t":"idOrVar","v":"izininzi"},"inani"]},{"$i":"days-until-short","$v":{"other":["in ",{"t":"idOrVar","v":"value"},"d"],"zero":"namhlanje"},"$x":[{"t":"idOrVar","v":"izininzi"},"inani"]},{"$i":"incorrectDate","$v":"(umhla awulunganga)"},{"$i":"dateTimeFormat_%c","$v":"%a %b %e %Y %I:%M:%S %p"},{"$i":"dateTimeFormat_%x","$v":"%m/%d/%Y"},{"$i":"dateTimeFormat_%X","$v":"%I:%M:%S %p"},{"$i":"shortTimeFormat","$v":"%I:%M %p"},{"$i":"shortTimeFormat12","$v":"%I:%M %p"},{"$i":"shortTimeFormat24","$v":"%H:%M"},{"$i":"shortDateTimeFormat","$v":"%x %I:%M %p"},{"$i":"weekStartsOnMonday","$v":"0.0"},{"$i":"firstDayOfTheWeek","$v":"0.0"},{"$i":"time_am","$v":"AM"},{"$i":"time_pm","$v":"PM"},{"$i":"softkey-options","$v":"Iinketho"}]