[{"$i":"reset","$v":"Setha kabusha"},{"$i":"start","$v":"Qala"},{"$i":"stop","$v":"Misa"},{"$i":"cancel","$v":"Khansela"},{"$i":"hour","$v":"Ihora"},{"$i":"hours","$v":"Amahora"},{"$i":"minute","$v":"Umzuzu"},{"$i":"minutes","$v":"Imizuzu"},{"$i":"second","$v":"Umzuzu"},{"$i":"alarm","$v":"I-alamu"},{"$i":"alarm-name","placeholder":"I-alamu"},{"$i":"timer","$v":"Isibali-sikhathi"},{"$i":"stopwatch","$v":"Iwashi lokuzikalela isikhathi"},{"$i":"alarmName","$v":"Igama le-alamu"},{"$i":"newAlarm","$v":"I-alamu entsha"},{"$i":"editAlarm","$v":"Hlela i-alamu"},{"$i":"tclSettings","$v":"Amasethingi"},{"$i":"clock-settings","$v":"Amasethingi Ewashi"},{"$i":"alarms-maximum","$v":"Usufinyelele ekugcineni kwenani lama-alamu"},{"$i":"laps-maximum","$v":"Usufinyelele ekugcineni kwenani lemijikelezo"},{"$i":"changes-saved","$v":"Ushintsho lulondoloziwe"},{"$i":"pause","$v":"Misa"},{"$i":"resume","$v":"Qala phansi"},{"$i":"lap","$v":"Umjikelezo"},{"$i":"lap-number","$v":["Umnjikelezo ",{"t":"idOrVar","v":"n"}]},{"$i":"timer-hour","$v":"ihora"},{"$i":"timer-min","$v":"umzuzu"},{"$i":"timer-sec","$v":"umzuzwana"},{"$i":"delete","$v":"Susa"},{"$i":"time","$v":"Isikhathi"},{"$i":"snooze-label","$v":"Lala"},{"$i":"snooze-button","$v":"Lala"},{"$i":"repeat","$v":"Phinda"},{"$i":"vibrate","$v":"Ukunyakaza"},{"$i":"close","$v":"Vala"},{"$i":"save","$v":"Londoloza"},{"$i":"done","$v":"Kwenziwe"},{"$i":"kai-select-time","$v":"Khetha isikhathi"},{"$i":"closeButton","ariaLabel":"Vala"},{"$i":"newAlarmButton","ariaLabel":"I-alamu entsha"},{"$i":"alarm-volume-label","$v":"Ivolumu Ye-Alamu Yesistimu"},{"$i":"kai-volume","$v":"Ivolumu:"},{"$i":"volume-level-display","$v":[{"t":"idOrVar","v":"n"}," / ",{"t":"idOrVar","v":"c"}]},{"$i":"sound","$v":"Umsindo"},{"$i":"noSound","$v":"Umsindo Awukho"},{"$i":"kai-ringtones","$v":"Amaringithoni"},{"$i":"everyday","$v":"Nsuku zonke"},{"$i":"weekdays","$v":"Phakathi neviki"},{"$i":"weekends","$v":"Izimpelasonto"},{"$i":"never","$v":"Akusoze"},{"$i":"vibrateOn","$v":"Vuliwe"},{"$i":"vibrateOff","$v":"Valiwe"},{"$i":"kai-on","$v":"Ivuliwe"},{"$i":"kai-off","$v":"IValiwe"},{"$i":"plusMinute","$v":"+1 imiz"},{"$i":"dateFormat","$v":"%A, %B %e"},{"$i":"countdown-lessThanAnHour","$v":["I-alamu isethwe ukuba ikhale ",{"t":"idOrVar","v":"minutes"}," kusukela manje."]},{"$i":"countdown-moreThanAnHour","$v":["I-alamu isethwe ukuba ikhale ",{"t":"idOrVar","v":"hours"}," ",{"t":"idOrVar","v":"minutes"}," kusukela manje."]},{"$i":"countdown-moreThanADay","$v":["I-alamu isethwe ukuba ikhale ",{"t":"idOrVar","v":"days"}," ",{"t":"idOrVar","v":"hours"}," kusukela manje."]},{"$i":"kai-alarm-off","$v":"I-alamu ivaliwe"},{"$i":"kai-alarm-deleted","$v":"I-alamu isuliwe."},{"$i":"alarm-delete-all","$v":"Onke ama-alamu asusiwe."},{"$i":"nMinutes","$v":{"few":[{"t":"idOrVar","v":"n"}," imizuzu"],"many":[{"t":"idOrVar","v":"n"}," imizuzu"],"one":"Umzuzu owodwa","other":[{"t":"idOrVar","v":"n"}," imizuzu"],"two":[{"t":"idOrVar","v":"n"}," imizuzu"],"zero":"Kusele umzuzu ongaphansi kowodwa"},"$x":[{"t":"idOrVar","v":"plural"},"n"]},{"$i":"nHours","$v":{"few":[{"t":"idOrVar","v":"n"}," amahora"],"many":[{"t":"idOrVar","v":"n"}," amahora"],"one":[{"t":"idOrVar","v":"n"}," ihora"],"other":[{"t":"idOrVar","v":"n"}," amahora"],"two":[{"t":"idOrVar","v":"n"}," amahora"]},"$x":[{"t":"idOrVar","v":"plural"},"n"]},{"$i":"nAndRemainHours","$v":{"few":["namahora angu ",{"t":"idOrVar","v":"n"}],"many":["namahora angu ",{"t":"idOrVar","v":"n"}],"one":["nehora ",{"t":"idOrVar","v":"n"}],"other":["namahora angu ",{"t":"idOrVar","v":"n"}],"two":["namahora angu ",{"t":"idOrVar","v":"n"}]},"$x":[{"t":"idOrVar","v":"plural"},"n"]},{"$i":"nRemainDays","$v":{"few":[{"t":"idOrVar","v":"n"}," izinsuku"],"many":[{"t":"idOrVar","v":"n"}," izinsuku"],"one":[{"t":"idOrVar","v":"n"}," usuku"],"other":[{"t":"idOrVar","v":"n"}," izinsuku"],"two":[{"t":"idOrVar","v":"n"}," izinsuku"]},"$x":[{"t":"idOrVar","v":"plural"},"n"]},{"$i":"nRemainMinutes","$v":{"few":["nemizuzu engu ",{"t":"idOrVar","v":"n"}],"many":["nemizuzu engu ",{"t":"idOrVar","v":"n"}],"one":["nomzuzu ",{"t":"idOrVar","v":"n"}],"other":["nemizuzu engu ",{"t":"idOrVar","v":"n"}],"two":["nemizuzu engu ",{"t":"idOrVar","v":"n"}]},"$x":[{"t":"idOrVar","v":"plural"},"n"]},{"$i":"nSpinnerSeconds","$v":{"few":[{"t":"idOrVar","v":"n"}," imizuzwana"],"many":[{"t":"idOrVar","v":"n"}," imizuzwana"],"one":"umzuzwana","other":[{"t":"idOrVar","v":"n"}," imizuzwana"],"two":[{"t":"idOrVar","v":"n"}," imizuzwana"],"zero":"0 imizuzwana"},"$x":[{"t":"idOrVar","v":"plural"},"n"]},{"$i":"nSpinnerMinutes","$v":{"few":[{"t":"idOrVar","v":"n"}," imizuzu"],"many":[{"t":"idOrVar","v":"n"}," imizuzu"],"one":"umzuzu owodwa","other":[{"t":"idOrVar","v":"n"}," imizuzu"],"two":[{"t":"idOrVar","v":"n"}," imizuzu"],"zero":"0 imizuzu"},"$x":[{"t":"idOrVar","v":"plural"},"n"]},{"$i":"nSpinnerHours","$v":{"few":[{"t":"idOrVar","v":"n"}," amahora"],"many":[{"t":"idOrVar","v":"n"}," amahora"],"one":[{"t":"idOrVar","v":"n"}," ihora"],"other":[{"t":"idOrVar","v":"n"}," amahora"],"two":[{"t":"idOrVar","v":"n"}," amahora"],"zero":"0 amahora"},"$x":[{"t":"idOrVar","v":"plural"},"n"]},{"$i":"kai-stop","$v":"Yima"},{"$i":"kai-snooze","$v":"Lala"},{"$i":"ac_africa_ogg","$v":"I-Africa"},{"$i":"ac_amazon_ogg","$v":"Amazon"},{"$i":"ac_disco_ogg","$v":"Disco"},{"$i":"ac_fairy_tales_ogg","$v":"Fairy tales"},{"$i":"ac_fresh_ogg","$v":"Fresh"},{"$i":"ac_galaxy_ogg","$v":"Galaxy"},{"$i":"ac_kai_ogg","$v":"Kai"},{"$i":"ac_techno_ogg","$v":"Techno"},{"$i":"ac_woody_ogg","$v":"Woody"},{"$i":"ac_awake_opus","$v":"Phapheme"},{"$i":"ac_crystalize_opus","$v":"Gcizelela"},{"$i":"ac_cycle_opus","$v":"Umjikelezo"},{"$i":"ac_digicloud_opus","$v":"Ifu elidijithali"},{"$i":"ac_humming_waves_opus","$v":"Amagagasi Ankenenezayo"},{"$i":"ac_into_the_void_opus","$v":"Iya Endaweni Engenalutho"},{"$i":"ac_lightly_opus","$v":"Okulula"},{"$i":"ac_mobile_opus","$v":"Imobhali"},{"$i":"ac_pinger_opus","$v":"I-Pinger"},{"$i":"ac_skip_opus","$v":"Yeqa"},{"$i":"ac_tri_opus","$v":"Okuthathu"},{"$i":"ac_universal_opus","$v":"Jikelele"},{"$i":"kai-options","$v":"Okhetha kukho"},{"$i":"kai-clock-title","$v":"Iwashi"},{"$i":"alarm-title","$v":"I-alamu"},{"$i":"no-alarms-body","$v":"Awekho ama-alamu asethiwe. Chofoza okuthi Okusha ukuze uqale."},{"$i":"kai-new-alarm","$v":"Okusha"},{"$i":"kai-settings","$v":"Amasethingi"},{"$i":"kai-cancel","$v":"Khansela"},{"$i":"kai-save","$v":"Londoloza"},{"$i":"turnOn","$v":"Vula"},{"$i":"turnOff","$v":"Vala"},{"$i":"edit","$v":"Hlela"},{"$i":"select","$v":"Khetha"},{"$i":"kai-delete","$v":"Susa"},{"$i":"delete-all","$v":"Sula konke"},{"$i":"kai-selected-alarm","$v":"I-alamu ekhethiwe"},{"$i":"set","$v":"Setha"},{"$i":"kai-start","$v":"Qala"},{"$i":"kai-reset","$v":"Setha kabusha"},{"$i":"kai-min-plus","$v":"+1 imiz"},{"$i":"kai-resume","$v":"Qhubeka"},{"$i":"kai-lap","$v":"Umjikelezo"},{"$i":"play","$v":"Dlala"},{"$i":"kai-no-repeat","$v":"Ayiphindi"},{"$i":"kai-confirm-title","$v":"Ukuqinisekisa"},{"$i":"kai-confirm-delete-body","$v":"Sula i-alamu ekhethiwe?"},{"$i":"confirm-delete-all-body","$v":"Susa onke ama-alamu?"},{"$i":"kai-confirm-end-key-body","$v":{"$o":"I-aplikheshini izovalwa bese kulahleka idatha. <br><br> Ungathanda yini ukuphindela ekuhleleni?"}},{"$i":"kai-confirm-exit-button","$v":"Phuma"},{"$i":"kai-confirm-return-button","$v":"Buyela"},{"$i":"weekday-0-long","$v":"ISonto"},{"$i":"weekday-1-long","$v":"UMsombuluko"},{"$i":"weekday-2-long","$v":"ULwesibili"},{"$i":"weekday-3-long","$v":"ULwesithathu"},{"$i":"weekday-4-long","$v":"ULwesine"},{"$i":"weekday-5-long","$v":"ULwesihlanu"},{"$i":"weekday-6-long","$v":"UMgqibelo"},{"$i":"weekday-0-short","$v":"Isonto"},{"$i":"weekday-1-short","$v":"Mso"},{"$i":"weekday-2-short","$v":"Lwbl"},{"$i":"weekday-3-short","$v":"Lwth"},{"$i":"weekday-4-short","$v":"Lwesn"},{"$i":"weekday-5-short","$v":"Lwshl"},{"$i":"weekday-6-short","$v":"Mgq"},{"$i":"month-0-long","$v":"Januwari"},{"$i":"month-1-long","$v":"Febhuwari"},{"$i":"month-2-long","$v":"Mashi"},{"$i":"month-3-long","$v":"Ephreli"},{"$i":"month-4-long","$v":"Meyi"},{"$i":"month-5-long","$v":"Juni"},{"$i":"month-6-long","$v":"Julayi"},{"$i":"month-7-long","$v":"Agasti"},{"$i":"month-8-long","$v":"Septhemba"},{"$i":"month-9-long","$v":"Okthoba"},{"$i":"month-10-long","$v":"Novemba"},{"$i":"month-11-long","$v":"Disemba"},{"$i":"month-0-genitive","$v":"Januwari"},{"$i":"month-1-genitive","$v":"Febhuwari"},{"$i":"month-2-genitive","$v":"Mashi"},{"$i":"month-3-genitive","$v":"Ephreli"},{"$i":"month-4-genitive","$v":"Meyi"},{"$i":"month-5-genitive","$v":"Juni"},{"$i":"month-6-genitive","$v":"Julayi"},{"$i":"month-7-genitive","$v":"Agasti"},{"$i":"month-8-genitive","$v":"Septhemba"},{"$i":"month-9-genitive","$v":"Okthoba"},{"$i":"month-10-genitive","$v":"Novemba"},{"$i":"month-11-genitive","$v":"Disemba"},{"$i":"month-0-short","$v":"Jan"},{"$i":"month-1-short","$v":"Feb"},{"$i":"month-2-short","$v":"Mas"},{"$i":"month-3-short","$v":"Ephr"},{"$i":"month-4-short","$v":"Meyi"},{"$i":"month-5-short","$v":"Jun"},{"$i":"month-6-short","$v":"Jul"},{"$i":"month-7-short","$v":"Aga"},{"$i":"month-8-short","$v":"Sep"},{"$i":"month-9-short","$v":"Okt"},{"$i":"month-10-short","$v":"Nov"},{"$i":"month-11-short","$v":"Dis"},{"$i":"minutes-ago-long","$v":{"few":[{"t":"idOrVar","v":"value"}," imizuzu edlule"],"many":[{"t":"idOrVar","v":"value"}," imizuzu edlule"],"one":"Umzuzu odlule","other":[{"t":"idOrVar","v":"value"}," imizuzu edlule"],"two":[{"t":"idOrVar","v":"value"}," imizuzu edlule"],"zero":"manje"},"$x":[{"t":"idOrVar","v":"plural"},"value"]},{"$i":"hours-ago-long","$v":{"few":[{"t":"idOrVar","v":"value"}," amahora adlule"],"many":[{"t":"idOrVar","v":"value"}," amahora adlule"],"one":"ihora elidlule","other":[{"t":"idOrVar","v":"value"}," amahora adlule"],"two":[{"t":"idOrVar","v":"value"}," amahora adlule"],"zero":"manje"},"$x":[{"t":"idOrVar","v":"plural"},"value"]},{"$i":"days-ago-long","$v":{"few":[{"t":"idOrVar","v":"value"}," izinsuku ezidlule"],"many":[{"t":"idOrVar","v":"value"}," izinsuku ezidlule"],"one":"izolo","other":[{"t":"idOrVar","v":"value"}," izinsuku ezidlule"],"two":[{"t":"idOrVar","v":"value"}," izinsuku ezidlule"],"zero":"namuhla"},"$x":[{"t":"idOrVar","v":"plural"},"value"]},{"$i":"weeks-ago-long","$v":{"few":[{"t":"idOrVar","v":"value"}," amaviki adlule"],"many":[{"t":"idOrVar","v":"value"}," amaviki adlule"],"one":"iviki eledlule","other":[{"t":"idOrVar","v":"value"}," amaviki adlule"],"two":[{"t":"idOrVar","v":"value"}," amaviki adlule"],"zero":"kuleli viki"},"$x":[{"t":"idOrVar","v":"plural"},"value"]},{"$i":"months-ago-long","$v":{"few":[{"t":"idOrVar","v":"value"}," izinyanga ezidlule"],"many":[{"t":"idOrVar","v":"value"}," izinyanga ezidlule"],"one":"inyanga edlule","other":[{"t":"idOrVar","v":"value"}," izinyanga ezidlule"],"two":[{"t":"idOrVar","v":"value"}," izinyanga ezidlule"],"zero":"kule nyanga"},"$x":[{"t":"idOrVar","v":"plural"},"value"]},{"$i":"years-ago-long","$v":{"few":[{"t":"idOrVar","v":"value"}," iminyaka edlule"],"many":[{"t":"idOrVar","v":"value"}," iminyaka edlule"],"one":"ngonyaka odlule","other":[{"t":"idOrVar","v":"value"}," iminyaka edlule"],"two":[{"t":"idOrVar","v":"value"}," iminyaka edlule"],"zero":"kulo nyaka"},"$x":[{"t":"idOrVar","v":"plural"},"value"]},{"$i":"minutes-until-long","$v":{"few":["emizuzwini engu ",{"t":"idOrVar","v":"value"}],"many":["emizuzwini engu ",{"t":"idOrVar","v":"value"}],"one":"Ngemva komzuzu","other":["emizuzwini engu ",{"t":"idOrVar","v":"value"}],"two":["emizuzwini engu ",{"t":"idOrVar","v":"value"}],"zero":"manje"},"$x":[{"t":"idOrVar","v":"plural"},"value"]},{"$i":"hours-until-long","$v":{"few":["emahoreni angu ",{"t":"idOrVar","v":"value"}],"many":["emahoreni angu ",{"t":"idOrVar","v":"value"}],"one":"Ngemva kwehora","other":["emahoreni angu ",{"t":"idOrVar","v":"value"}],"two":["emahoreni angu ",{"t":"idOrVar","v":"value"}],"zero":"manje"},"$x":[{"t":"idOrVar","v":"plural"},"value"]},{"$i":"days-until-long","$v":{"few":["Ezinsukwini ezingu ",{"t":"idOrVar","v":"value"}],"many":["Ezinsukwini ezingu ",{"t":"idOrVar","v":"value"}],"one":"kusasa","other":["Ezinsukwini ezingu ",{"t":"idOrVar","v":"value"}],"two":["Ezinsukwini ezingu ",{"t":"idOrVar","v":"value"}],"zero":"namuhla"},"$x":[{"t":"idOrVar","v":"plural"},"value"]},{"$i":"weeks-until-long","$v":{"few":["emavikini angu ",{"t":"idOrVar","v":"value"}],"many":["emavikini angu ",{"t":"idOrVar","v":"value"}],"one":"ngeviki elizayo","other":["emavikini angu ",{"t":"idOrVar","v":"value"}],"two":["emavikini angu ",{"t":"idOrVar","v":"value"}],"zero":"kuleli viki"},"$x":[{"t":"idOrVar","v":"plural"},"value"]},{"$i":"months-until-long","$v":{"few":["ezinyangeni ezingu ",{"t":"idOrVar","v":"value"}],"many":["ezinyangeni ezingu ",{"t":"idOrVar","v":"value"}],"one":"ngenyanga ezayo","other":["ezinyangeni ezingu ",{"t":"idOrVar","v":"value"}],"two":["ezinyangeni ezingu ",{"t":"idOrVar","v":"value"}],"zero":"kule nyanga"},"$x":[{"t":"idOrVar","v":"plural"},"value"]},{"$i":"years-until-long","$v":{"few":["eminyakeni engu ",{"t":"idOrVar","v":"value"}],"many":["eminyakeni engu ",{"t":"idOrVar","v":"value"}],"one":"ngonyaka ozayo","other":["eminyakeni engu ",{"t":"idOrVar","v":"value"}],"two":["eminyakeni engu ",{"t":"idOrVar","v":"value"}],"zero":"kulo nyaka"},"$x":[{"t":"idOrVar","v":"plural"},"value"]},{"$i":"minutes-ago-short","$v":{"other":[{"t":"idOrVar","v":"value"}," umzuzu odlule"],"zero":"manje"},"$x":[{"t":"idOrVar","v":"plural"},"value"]},{"$i":"hours-ago-short","$v":{"other":[{"t":"idOrVar","v":"value"}," ihora elidlule"],"zero":"manje"},"$x":[{"t":"idOrVar","v":"plural"},"value"]},{"$i":"days-ago-short","$v":{"other":[{"t":"idOrVar","v":"value"}," usuku oludlule"],"zero":"namuhla"},"$x":[{"t":"idOrVar","v":"plural"},"value"]},{"$i":"minutes-until-short","$v":{"other":["Ngemva kwemizuzu engu ",{"t":"idOrVar","v":"value"}],"zero":"manje"},"$x":[{"t":"idOrVar","v":"plural"},"value"]},{"$i":"hours-until-short","$v":{"other":["Ngehora ",{"t":"idOrVar","v":"value"}],"zero":"manje"},"$x":[{"t":"idOrVar","v":"plural"},"value"]},{"$i":"days-until-short","$v":{"other":["osukwini ",{"t":"idOrVar","v":"value"}],"zero":"namuhla"},"$x":[{"t":"idOrVar","v":"plural"},"value"]},{"$i":"incorrectDate","$v":"(Usuku olunganembile)"},{"$i":"dateTimeFormat_%c","$v":"%a %b %e %Y %I:%M:%S %p"},{"$i":"dateTimeFormat_%x","$v":"%m/%d/%Y"},{"$i":"dateTimeFormat_%X","$v":"%I:%M:%S %p"},{"$i":"shortTimeFormat","$v":"%I:%M %p"},{"$i":"shortTimeFormat12","$v":"%I:%M %p"},{"$i":"shortTimeFormat24","$v":"%H:%M"},{"$i":"shortDateTimeFormat","$v":"%x %I:%M %p"},{"$i":"weekStartsOnMonday","$v":"0.0"},{"$i":"firstDayOfTheWeek","$v":"0.0"},{"$i":"time_am","$v":"AM"},{"$i":"time_pm","$v":"PM"},{"$i":"softkey-options","$v":"Okhetha kukho"}]