[{"$i":"back","$v":"Terug"},{"$i":"edit","$v":"Wysig"},{"$i":"remove","$v":"Verwyder"},{"$i":"remove-all","$v":"Verwyder alles"},{"$i":"mark-as-done","$v":"Merk as voltooid"},{"$i":"mark-as-undo","$v":"Merk as ongedaan"},{"$i":"options","$v":"Opsies"},{"$i":"add","$v":"Voeg by"},{"$i":"would-you-like-to-remove-this-item","$v":"Wil jy hierdie item verwyder?"},{"$i":"confirm","$v":"Bevestig"},{"$i":"cancel","$v":"Kanselleer"},{"$i":"new-item","$v":"Nuwe item"},{"$i":"title","$v":"Titel"},{"$i":"content","$v":"Inhoud"},{"$i":"state","$v":"Provinsie"},{"$i":"ok","$v":"Goed"},{"$i":"select","$v":"Kies"},{"$i":"menu-end-session","$v":"Beëindig sessie"},{"$i":"menu-help-info","$v":"Hulpinligting"},{"$i":"operatorServices","$v":"Operateurdienste"}]