[{"$i":"back","$v":"Geriyə"},{"$i":"edit","$v":"Redaktə et"},{"$i":"remove","$v":"Sil"},{"$i":"remove-all","$v":"Hamısını sil"},{"$i":"mark-as-done","$v":"Tamamlanmış kimi işarələ"},{"$i":"mark-as-undo","$v":"Ləğv edilmiş kimi işarələ"},{"$i":"options","$v":"Seçimlər"},{"$i":"add","$v":"Əlavə et"},{"$i":"would-you-like-to-remove-this-item","$v":"Bu elementi silmək istəyirsiniz?"},{"$i":"confirm","$v":"Təsdiqlə"},{"$i":"cancel","$v":"Ləğv et"},{"$i":"new-item","$v":"Yeni element"},{"$i":"title","$v":"Başlıq"},{"$i":"content","$v":"Məzmun"},{"$i":"state","$v":"Dövlət"},{"$i":"ok","$v":"OK"},{"$i":"select","$v":"Seç"},{"$i":"menu-end-session","$v":"Seansı bitirin"},{"$i":"menu-help-info","$v":"Kömək məlumatı"},{"$i":"operatorServices","$v":"Operator Xidmətləri"}]