[{"$i":"back","$v":"Назад"},{"$i":"edit","$v":"Редактиране"},{"$i":"remove","$v":"Премахване"},{"$i":"remove-all","$v":"Премахване на всички"},{"$i":"mark-as-done","$v":"Отб. като приключено"},{"$i":"mark-as-undo","$v":"Отб. като отм."},{"$i":"options","$v":"Опции"},{"$i":"add","$v":"Добавяне"},{"$i":"would-you-like-to-remove-this-item","$v":"Искате ли да премахнете елемента?"},{"$i":"confirm","$v":"Потвържд."},{"$i":"cancel","$v":"Отказ"},{"$i":"new-item","$v":"Нов елемент"},{"$i":"title","$v":"Заглавие"},{"$i":"content","$v":"Съдърж."},{"$i":"state","$v":"Щат"},{"$i":"ok","$v":"OK"},{"$i":"select","$v":"Избор"},{"$i":"menu-end-session","$v":"Край на сесията"},{"$i":"menu-help-info","$v":"Информация за помощ"},{"$i":"operatorServices","$v":"Услуги на оператора"}]