[{"$i":"back","$v":"ফিরে যান"},{"$i":"edit","$v":"সম্পাদনা করুন"},{"$i":"remove","$v":"সরান"},{"$i":"remove-all","$v":"সবগুলি অপসারণ করুন"},{"$i":"mark-as-done","$v":"সম্পন্ন করা হয়েছে হিসেবে চিহ্নিত করুন"},{"$i":"mark-as-undo","$v":"আনডু হিসেবে চিহ্নিত করুন"},{"$i":"options","$v":"বিকল্পগুলি"},{"$i":"add","$v":"যোগ করুন"},{"$i":"would-you-like-to-remove-this-item","$v":"আপনি কি এই পরিচিতিটি সরাতে চান?"},{"$i":"confirm","$v":"নিশ্চিত করুন"},{"$i":"cancel","$v":"বাতিল করুন"},{"$i":"new-item","$v":"নতুন আইটেম"},{"$i":"title","$v":"শিরোনাম"},{"$i":"content","$v":"বিষয়বস্তু"},{"$i":"state","$v":"রাজ্য"},{"$i":"ok","$v":"ঠিক আছে"},{"$i":"select","$v":"নির্বাচন করুন"},{"$i":"menu-end-session","$v":"সেশন সমাপ্ত করুন"},{"$i":"menu-help-info","$v":"সহায়ককারী তথ্য়"},{"$i":"operatorServices","$v":"অপারেটরের পরিষেবা"}]