[{"$i":"back","$v":"Nazad"},{"$i":"edit","$v":"Uredi"},{"$i":"remove","$v":"Ukloni"},{"$i":"remove-all","$v":"Ukloni sve"},{"$i":"mark-as-done","$v":"Označi kao završeno"},{"$i":"mark-as-undo","$v":"Označi kao opozvano"},{"$i":"options","$v":"Opcije"},{"$i":"add","$v":"Dodaj"},{"$i":"would-you-like-to-remove-this-item","$v":"Želite li ukloniti ovu stavku?"},{"$i":"confirm","$v":"Potvrdi"},{"$i":"cancel","$v":"Otkaži"},{"$i":"new-item","$v":"Nova stavka"},{"$i":"title","$v":"Zanimanje"},{"$i":"content","$v":"Sadržaj"},{"$i":"state","$v":"Država"},{"$i":"ok","$v":"OK"},{"$i":"select","$v":"Odaberi"},{"$i":"menu-end-session","$v":"Kraj sesije"},{"$i":"menu-help-info","$v":"Help info"},{"$i":"operatorServices","$v":"Usluge operatera"}]