[{"$i":"back","$v":"Tilbage"},{"$i":"edit","$v":"Rediger"},{"$i":"remove","$v":"Fjern"},{"$i":"remove-all","$v":"Fjern alle"},{"$i":"mark-as-done","$v":"Markér som afsluttet"},{"$i":"mark-as-undo","$v":"Markér som fortryd"},{"$i":"options","$v":"Valg"},{"$i":"add","$v":"Tilføj"},{"$i":"would-you-like-to-remove-this-item","$v":"Vil du fjerne dette element?"},{"$i":"confirm","$v":"Bekræft"},{"$i":"cancel","$v":"Annuller"},{"$i":"new-item","$v":"Nyt element"},{"$i":"title","$v":"Titel"},{"$i":"content","$v":"Indhold"},{"$i":"state","$v":"Tilstand"},{"$i":"ok","$v":"OK"},{"$i":"select","$v":"Vælg"},{"$i":"menu-end-session","$v":"Afslut session"},{"$i":"menu-help-info","$v":"Hjælp info"},{"$i":"operatorServices","$v":"Operatørtjenester"}]