[{"$i":"back","$v":"Zurück"},{"$i":"edit","$v":"Bearbeiten"},{"$i":"remove","$v":"Entfernen"},{"$i":"remove-all","$v":"Alle entfernen"},{"$i":"mark-as-done","$v":"Als „Fertiggestellt“ kennzeichnen"},{"$i":"mark-as-undo","$v":"Als „Rückgängig“ kennzeichnen"},{"$i":"options","$v":"Optionen"},{"$i":"add","$v":"Hinzufügen"},{"$i":"would-you-like-to-remove-this-item","$v":"Möchten Sie dieses Element entfernen?"},{"$i":"confirm","$v":"Bestätigen"},{"$i":"cancel","$v":"Abbrechen"},{"$i":"new-item","$v":"Neues Element"},{"$i":"title","$v":"Titel"},{"$i":"content","$v":"Inhalt"},{"$i":"state","$v":"Bundesland"},{"$i":"ok","$v":"OK"},{"$i":"select","$v":"Auswählen"},{"$i":"menu-end-session","$v":"Sitzung beenden"},{"$i":"menu-help-info","$v":"Hilfe"},{"$i":"operatorServices","$v":"Netzbetreiber-Dienste"}]