[{"$i":"back","$v":"Πίσω"},{"$i":"edit","$v":"Επεξεργασία"},{"$i":"remove","$v":"Διαγραφή"},{"$i":"remove-all","$v":"Αφαίρεση όλων"},{"$i":"mark-as-done","$v":"Σήμανση ως ολοκληρωμένου"},{"$i":"mark-as-undo","$v":"Σήμανση ως αναίρεσης"},{"$i":"options","$v":"Επιλογές"},{"$i":"add","$v":"Προσθήκη"},{"$i":"would-you-like-to-remove-this-item","$v":"Θέλετε να καταργηθεί αυτό το στοιχείο;"},{"$i":"confirm","$v":"Επιβεβαίωση"},{"$i":"cancel","$v":"Ακύρωση"},{"$i":"new-item","$v":"Νέο στοιχείο"},{"$i":"title","$v":"Τίτλος"},{"$i":"content","$v":"Περιεχόμενο"},{"$i":"state","$v":"Πολιτεία"},{"$i":"ok","$v":"OK"},{"$i":"select","$v":"Επιλογή"},{"$i":"menu-end-session","$v":"Τέλος περιόδου σύνδεσης"},{"$i":"menu-help-info","$v":"Πληροφορίες βοήθειας"},{"$i":"operatorServices","$v":"Υπηρεσίες φορέα"}]