[{"$i":"back","$v":"Atrás"},{"$i":"edit","$v":"Editar"},{"$i":"remove","$v":"Eliminar"},{"$i":"remove-all","$v":"Eliminar todo"},{"$i":"mark-as-done","$v":"Marcar como finalizado"},{"$i":"mark-as-undo","$v":"Marcar como deshacer"},{"$i":"options","$v":"Opciones"},{"$i":"add","$v":"Añadir"},{"$i":"would-you-like-to-remove-this-item","$v":"¿Desea eliminar este elemento?"},{"$i":"confirm","$v":"Confirmar"},{"$i":"cancel","$v":"Cancelar"},{"$i":"new-item","$v":"Elemento nuevo"},{"$i":"title","$v":"Título"},{"$i":"content","$v":"Contenido"},{"$i":"state","$v":"Provincia"},{"$i":"ok","$v":"Aceptar"},{"$i":"select","$v":"Seleccionar"},{"$i":"menu-end-session","$v":"Finalizar sesión"},{"$i":"menu-help-info","$v":"Información de ayuda"},{"$i":"operatorServices","$v":"Servicios de operador"}]