[{"$i":"back","$v":"Volver"},{"$i":"edit","$v":"Editar"},{"$i":"remove","$v":"Quitar"},{"$i":"remove-all","$v":"Quitar todo"},{"$i":"mark-as-done","$v":"Marcar como finalizado"},{"$i":"mark-as-undo","$v":"Marcar como deshacer"},{"$i":"options","$v":"Opciones"},{"$i":"add","$v":"Añadir"},{"$i":"would-you-like-to-remove-this-item","$v":"¿Desea quitar este elemento?"},{"$i":"confirm","$v":"Confirmar"},{"$i":"cancel","$v":"Cancelar"},{"$i":"new-item","$v":"Nuevo elemento"},{"$i":"title","$v":"Título"},{"$i":"content","$v":"Contenido"},{"$i":"state","$v":"Estado"},{"$i":"ok","$v":"OK"},{"$i":"select","$v":"Selec."},{"$i":"menu-end-session","$v":"Finalizar sesión"},{"$i":"menu-help-info","$v":"Información de ayuda"},{"$i":"operatorServices","$v":"Servicios del operador"}]