[{"$i":"back","$v":"Tagasi"},{"$i":"edit","$v":"Redigeeri"},{"$i":"remove","$v":"Eemalda"},{"$i":"remove-all","$v":"Eemalda kõik"},{"$i":"mark-as-done","$v":"Märgi lõpetatuks"},{"$i":"mark-as-undo","$v":"Märgi tagasivõetuks"},{"$i":"options","$v":"Valikud"},{"$i":"add","$v":"Lisa"},{"$i":"would-you-like-to-remove-this-item","$v":"Kas soovite selle üksuse eemaldada?"},{"$i":"confirm","$v":"Kinnita"},{"$i":"cancel","$v":"Tühista"},{"$i":"new-item","$v":"Uus üksus"},{"$i":"title","$v":"Pealkiri"},{"$i":"content","$v":"Sisu"},{"$i":"state","$v":"Olek"},{"$i":"ok","$v":"OK"},{"$i":"select","$v":"Vali"},{"$i":"menu-end-session","$v":"Lõpeta seanss"},{"$i":"menu-help-info","$v":"Abi info"},{"$i":"operatorServices","$v":"Operaatori teenused"}]