[{"$i":"back","$v":"Bumalik"},{"$i":"edit","$v":"I-edit"},{"$i":"remove","$v":"Alisin"},{"$i":"remove-all","$v":"Alisin lahat"},{"$i":"mark-as-done","$v":"Markahang tapos"},{"$i":"mark-as-undo","$v":"Markahang i-undo"},{"$i":"options","$v":"Mga Opsyon"},{"$i":"add","$v":"Magdagdag"},{"$i":"would-you-like-to-remove-this-item","$v":"Tanggalin ang item na ito?"},{"$i":"confirm","$v":"Kumpirmahin"},{"$i":"cancel","$v":"Kanselahin"},{"$i":"new-item","$v":"Bagong item"},{"$i":"title","$v":"Pamagat"},{"$i":"content","$v":"Content"},{"$i":"state","$v":"Estado"},{"$i":"ok","$v":"OK"},{"$i":"select","$v":"Pumili"},{"$i":"menu-end-session","$v":"Tapusin ang session"},{"$i":"menu-help-info","$v":"Impormasyon ng tulong"},{"$i":"operatorServices","$v":"Mga Serbisyo ng Operator"}]