[{"$i":"back","$v":"Retour"},{"$i":"edit","$v":"Modif."},{"$i":"remove","$v":"Supprimer"},{"$i":"remove-all","$v":"Tout supprimer"},{"$i":"mark-as-done","$v":"Opération terminée"},{"$i":"mark-as-undo","$v":"À annuler"},{"$i":"options","$v":"Options"},{"$i":"add","$v":"Ajouter"},{"$i":"would-you-like-to-remove-this-item","$v":"Voulez-vous supprimer cet élément ?"},{"$i":"confirm","$v":"Confirmer"},{"$i":"cancel","$v":"Annuler"},{"$i":"new-item","$v":"Nouvel élément"},{"$i":"title","$v":"Titre"},{"$i":"content","$v":"Contenu"},{"$i":"state","$v":"État"},{"$i":"ok","$v":"OK"},{"$i":"select","$v":"Sélectionner"},{"$i":"menu-end-session","$v":"Fermer la session"},{"$i":"menu-help-info","$v":"Informations d'aide"},{"$i":"operatorServices","$v":"Services de l’opérateur"}]