[{"$i":"back","$v":"Natrag"},{"$i":"edit","$v":"Uredi"},{"$i":"remove","$v":"Ukloni"},{"$i":"remove-all","$v":"Ukloni sve"},{"$i":"mark-as-done","$v":"Označi kao dovršeno"},{"$i":"mark-as-undo","$v":"Označi kao Poništi"},{"$i":"options","$v":"Opcije"},{"$i":"add","$v":"Dodaj"},{"$i":"would-you-like-to-remove-this-item","$v":"Želite li ukloniti tu stavku?"},{"$i":"confirm","$v":"Potvrdi"},{"$i":"cancel","$v":"Poništi"},{"$i":"new-item","$v":"Nova stavka"},{"$i":"title","$v":"Naslov"},{"$i":"content","$v":"Sadržaj"},{"$i":"state","$v":"Država"},{"$i":"ok","$v":"U redu"},{"$i":"select","$v":"Odaberi"},{"$i":"menu-end-session","$v":"Dovrši sesiju"},{"$i":"menu-help-info","$v":"Informacije o pomoći"},{"$i":"operatorServices","$v":"Servisi operatora"}]