[{"$i":"back","$v":"Til baka"},{"$i":"edit","$v":"Br."},{"$i":"remove","$v":"Fjarlægja"},{"$i":"remove-all","$v":"Fjarlægja allt"},{"$i":"mark-as-done","$v":"Merkja s. lokið"},{"$i":"mark-as-undo","$v":"Merkja s. afturkallað"},{"$i":"options","$v":"Valkostir"},{"$i":"add","$v":"Bæta við"},{"$i":"would-you-like-to-remove-this-item","$v":"Á að fjarlægja hlutinn?"},{"$i":"confirm","$v":"Staðf."},{"$i":"cancel","$v":"H. við"},{"$i":"new-item","$v":"Nýr hlutur"},{"$i":"title","$v":"Titill"},{"$i":"content","$v":"Efni"},{"$i":"state","$v":"Staða"},{"$i":"ok","$v":"Í lagi"},{"$i":"select","$v":"Velja"},{"$i":"menu-end-session","$v":"Ljúka lotu"},{"$i":"menu-help-info","$v":"Hjálpar upplýsingar"},{"$i":"operatorServices","$v":"Þjónusta símafyrirtækis"}]