[{"$i":"back","$v":"Артқа"},{"$i":"edit","$v":"Өзгерту"},{"$i":"remove","$v":"Жою"},{"$i":"remove-all","$v":"Барлығын жою"},{"$i":"mark-as-done","$v":"Аяқталған ретінде белгілеу"},{"$i":"mark-as-undo","$v":"Қайтару ретінде белгілеу"},{"$i":"options","$v":"Опциялар"},{"$i":"add","$v":"Қосу"},{"$i":"would-you-like-to-remove-this-item","$v":"Осы элементті жойғыңыз келе ме?"},{"$i":"confirm","$v":"Растау"},{"$i":"cancel","$v":"Бас тарту"},{"$i":"new-item","$v":"Жаңа элемент"},{"$i":"title","$v":"Тақырып"},{"$i":"content","$v":"Мазмұн"},{"$i":"state","$v":"Аймақ"},{"$i":"ok","$v":"OK"},{"$i":"select","$v":"Таңдау"},{"$i":"menu-end-session","$v":"Сеансты аяқтау"},{"$i":"menu-help-info","$v":"Анықтама ақпараты"},{"$i":"operatorServices","$v":"Оператор қызметтері"}]