[{"$i":"back","$v":"ថយ​ក្រោយ"},{"$i":"edit","$v":"កែ​សម្រួល"},{"$i":"remove","$v":"លុប​ចេញ"},{"$i":"remove-all","$v":"លុប​ចេញ​ទាំង​អស់"},{"$i":"mark-as-done","$v":"សម្គាល់​ថា​បាន​បញ្ចប់"},{"$i":"mark-as-undo","$v":"សម្គាល់​ថា​ត្រឡប់​វិញ"},{"$i":"options","$v":"ជម្រើស"},{"$i":"add","$v":"បន្ថែម"},{"$i":"would-you-like-to-remove-this-item","$v":"តើ​អ្នក​ចង់​លុប​ធាតុ​នេះ​ចេញ​ដែរ​ឬ​ទេ?"},{"$i":"confirm","$v":"បញ្ជាក់"},{"$i":"cancel","$v":"បោះបង់"},{"$i":"new-item","$v":"ធាតុ​ថ្មី"},{"$i":"title","$v":"ចំណង​ជើង"},{"$i":"content","$v":"ខ្លឹមសារ"},{"$i":"state","$v":"ស្ថានភាព"},{"$i":"ok","$v":"យល់ព្រម"},{"$i":"select","$v":"ជ្រើស"},{"$i":"menu-end-session","$v":"វគ្គត្រូវបានបញ្ចប់"},{"$i":"menu-help-info","$v":"ព័ត៌មានជំនួយ"},{"$i":"operatorServices","$v":"សេវា​ប្រតិបត្តិករ"}]