[{"$i":"back","$v":"ກັບຄືນ"},{"$i":"edit","$v":"ແກ້ໄຂ"},{"$i":"remove","$v":"ລຶບອອກ"},{"$i":"remove-all","$v":"ລົບອອກໝົດ"},{"$i":"mark-as-done","$v":"ໝາຍສຳເລັດ"},{"$i":"mark-as-undo","$v":"ໝາຍເລີກເຮັດ"},{"$i":"options","$v":"ຕົວເລືອກ"},{"$i":"add","$v":"ເພີ່ມ"},{"$i":"would-you-like-to-remove-this-item","$v":"ທ່ານຕ້ອງການລົບຂໍ້ນີ້ອອກບໍ?"},{"$i":"confirm","$v":"ຢືນຢັນ"},{"$i":"cancel","$v":"ຍົກເລີກ"},{"$i":"new-item","$v":"ຂໍ້ໃໝ່"},{"$i":"title","$v":"ຫົວຂໍ້"},{"$i":"content","$v":"ເນື້ອໃນ"},{"$i":"state","$v":"ລັດ"},{"$i":"ok","$v":"ຕົກລົງ"},{"$i":"select","$v":"ເລືອກ"},{"$i":"menu-end-session","$v":"ສິ້ນສຸດຊ່ວງເວລາ"},{"$i":"menu-help-info","$v":"Help info"},{"$i":"operatorServices","$v":"ບໍລິການຂອງຜູ່ໃຫ້ບໍລິການ"}]