[{"$i":"back","$v":"aizmugure"},{"$i":"edit","$v":"Rediģēt"},{"$i":"remove","$v":"Noņemt"},{"$i":"remove-all","$v":"Noņemt visu"},{"$i":"mark-as-done","$v":"Atzīmēt kā pabeigtu"},{"$i":"mark-as-undo","$v":"Atzīmēt kā atsauktu"},{"$i":"options","$v":"Iespējas"},{"$i":"add","$v":"Pievienot"},{"$i":"would-you-like-to-remove-this-item","$v":"Vai vēlaties dzēst šo vienumu?"},{"$i":"confirm","$v":"Apstiprināt"},{"$i":"cancel","$v":"Atcelt"},{"$i":"new-item","$v":"Jauns vienums"},{"$i":"title","$v":"Virsraksts"},{"$i":"content","$v":"Saturs"},{"$i":"state","$v":"Stāvoklis"},{"$i":"ok","$v":"Labi"},{"$i":"select","$v":"Izvēlēties"},{"$i":"menu-end-session","$v":"Beigt sesiju"},{"$i":"menu-help-info","$v":"Palīdzības informācija"},{"$i":"operatorServices","$v":"Operatora pakalpojumi"}]