[{"$i":"back","$v":"Înapoi"},{"$i":"edit","$v":"Editare"},{"$i":"remove","$v":"Îndepărtare"},{"$i":"remove-all","$v":"Îndepărtare toate"},{"$i":"mark-as-done","$v":"Marcare ca finalizat"},{"$i":"mark-as-undo","$v":"Marcare ca anulare"},{"$i":"options","$v":"Opțiuni"},{"$i":"add","$v":"Adăugați"},{"$i":"would-you-like-to-remove-this-item","$v":"Doriți să îndepărtați acest articol?"},{"$i":"confirm","$v":"Confirmare"},{"$i":"cancel","$v":"Anulare"},{"$i":"new-item","$v":"Articol nou"},{"$i":"title","$v":"Titlu"},{"$i":"content","$v":"Conținut"},{"$i":"state","$v":"Stat"},{"$i":"ok","$v":"OK"},{"$i":"select","$v":"Selectare"},{"$i":"menu-end-session","$v":"Sfârșit sesiune"},{"$i":"menu-help-info","$v":"Ajutor info"},{"$i":"operatorServices","$v":"Servicii operator"}]