[{"$i":"back","$v":"पछाडि"},{"$i":"edit","$v":"सम्पादन गर्नुहोस्"},{"$i":"remove","$v":"हटाउनुहोस्"},{"$i":"remove-all","$v":"सबै हटाउनुहोस्"},{"$i":"mark-as-done","$v":"सकिएको भनी चिह्न लगाउनुहोस्"},{"$i":"mark-as-undo","$v":"अनडुको रूपमा चिह्न लगाउनुहोस्"},{"$i":"options","$v":"विकल्पहरू"},{"$i":"add","$v":"थप्नुहोस्"},{"$i":"would-you-like-to-remove-this-item","$v":"तपाईं सम्पर्कहरूलाई बचत गर्न चाहनुहुन्छ"},{"$i":"confirm","$v":"निश्चित गर्नुहोस्"},{"$i":"cancel","$v":"रद्द गर्नुहोस्"},{"$i":"new-item","$v":"नयाँ वस्तु"},{"$i":"title","$v":"शीर्षक"},{"$i":"content","$v":"सामग्री"},{"$i":"state","$v":"राज्य"},{"$i":"ok","$v":"ठीक छ"},{"$i":"select","$v":"चयन गर्नुहोस्"},{"$i":"menu-end-session","$v":"सत्र समाप्त गर्नुहोस्"},{"$i":"menu-help-info","$v":"मद्दत जानकारी"},{"$i":"operatorServices","$v":"सञ्चालन सेवाहरू"}]