[{"$i":"back","$v":"Voltar"},{"$i":"edit","$v":"Editar"},{"$i":"remove","$v":"Remover"},{"$i":"remove-all","$v":"Remover tudo"},{"$i":"mark-as-done","$v":"Marcar como concluída"},{"$i":"mark-as-undo","$v":"Marcar como desfazer"},{"$i":"options","$v":"Opções"},{"$i":"add","$v":"Adicionar"},{"$i":"would-you-like-to-remove-this-item","$v":"Deseja remover este item?"},{"$i":"confirm","$v":"Confirmar"},{"$i":"cancel","$v":"Cancelar"},{"$i":"new-item","$v":"Novo item"},{"$i":"title","$v":"Título"},{"$i":"content","$v":"Conteúdo"},{"$i":"state","$v":"Estado"},{"$i":"ok","$v":"OK"},{"$i":"select","$v":"Selecionar"},{"$i":"menu-end-session","$v":"Encerrar sessão"},{"$i":"menu-help-info","$v":"Informações de ajuda"},{"$i":"operatorServices","$v":"Serviços da operadora"}]