[{"$i":"back","$v":"ආපස්සට"},{"$i":"edit","$v":"සංස්කරණය කරන්න"},{"$i":"remove","$v":"ඉවත් කරන්න"},{"$i":"remove-all","$v":"සියල්ල ඉවත් කරන්න"},{"$i":"mark-as-done","$v":"නිම කළ ලෙස ලකුණු කරන්න"},{"$i":"mark-as-undo","$v":"පසුගමනය කරන ලෙස ලකුණු කරන්න"},{"$i":"options","$v":"විකල්ප"},{"$i":"add","$v":"එක් කරන්න"},{"$i":"would-you-like-to-remove-this-item","$v":"ඔබ මෙම අයිතමය ඉවත් කිරීමට කැමති ද?"},{"$i":"confirm","$v":"තහවුරු කරන්න"},{"$i":"cancel","$v":"අවලංගු කරන්න"},{"$i":"new-item","$v":"නව අයිතමය"},{"$i":"title","$v":"ශීර්ෂය"},{"$i":"content","$v":"අන්තර්ගතය"},{"$i":"state","$v":"ප්‍රාන්තය"},{"$i":"ok","$v":"හරි"},{"$i":"select","$v":"තෝරන්න"},{"$i":"menu-end-session","$v":"සැසිය අවසන් කරන්න"},{"$i":"menu-help-info","$v":"උදව් තොරතුරු"},{"$i":"operatorServices","$v":"මෙහෙයුම්කරුගේ සේවා"}]