[{"$i":"back","$v":"Prapa"},{"$i":"edit","$v":"Modifiko"},{"$i":"remove","$v":"Hiq"},{"$i":"remove-all","$v":"Hiqi të gjitha"},{"$i":"mark-as-done","$v":"Shënoje të përfunduar"},{"$i":"mark-as-undo","$v":"Shënoje për zhbërje"},{"$i":"options","$v":"Opsionet"},{"$i":"add","$v":"Shto"},{"$i":"would-you-like-to-remove-this-item","$v":"Të hiqet artikulli?"},{"$i":"confirm","$v":"Konfirmo"},{"$i":"cancel","$v":"Anulo"},{"$i":"new-item","$v":"Artikull i ri"},{"$i":"title","$v":"Titulli"},{"$i":"content","$v":"Përmbajtja"},{"$i":"state","$v":"Shteti"},{"$i":"ok","$v":"OK"},{"$i":"select","$v":"Zgjidh"},{"$i":"menu-end-session","$v":"Përfundo seancën"},{"$i":"menu-help-info","$v":"Ndihmoni informacionin"},{"$i":"operatorServices","$v":"Shërbimet e operatorit"}]