[{"$i":"back","$v":"Nazad"},{"$i":"edit","$v":"Izmeni"},{"$i":"remove","$v":"Ukloni"},{"$i":"remove-all","$v":"Ukloni sve"},{"$i":"mark-as-done","$v":"Označi kao dovršeno"},{"$i":"mark-as-undo","$v":"Označi kao opoziv"},{"$i":"options","$v":"Opcije"},{"$i":"add","$v":"Dodaj"},{"$i":"would-you-like-to-remove-this-item","$v":"Želite li da uklonite ovu stavku?"},{"$i":"confirm","$v":"Potvrdi"},{"$i":"cancel","$v":"Otkaži"},{"$i":"new-item","$v":"Nova stavka"},{"$i":"title","$v":"Naslov"},{"$i":"content","$v":"Sadržaj"},{"$i":"state","$v":"Država"},{"$i":"ok","$v":"OK"},{"$i":"select","$v":"Izaberi"},{"$i":"menu-end-session","$v":"Završi sesiju"},{"$i":"menu-help-info","$v":"Хелп инфо"},{"$i":"operatorServices","$v":"Servisi operatora"}]