[{"$i":"back","$v":"Tillbaka"},{"$i":"edit","$v":"Redigera"},{"$i":"remove","$v":"Ta bort"},{"$i":"remove-all","$v":"Ta bort alla"},{"$i":"mark-as-done","$v":"Markera som färdigt"},{"$i":"mark-as-undo","$v":"Markera som ångra"},{"$i":"options","$v":"Alternativ"},{"$i":"add","$v":"Lägg till"},{"$i":"would-you-like-to-remove-this-item","$v":"Vill du ta bort det här objektet?"},{"$i":"confirm","$v":"Bekräfta"},{"$i":"cancel","$v":"Avbryt"},{"$i":"new-item","$v":"Nytt objekt"},{"$i":"title","$v":"Titel"},{"$i":"content","$v":"Innehåll"},{"$i":"state","$v":"Stat"},{"$i":"ok","$v":"OK"},{"$i":"select","$v":"Välj"},{"$i":"menu-end-session","$v":"Avsluta session"},{"$i":"menu-help-info","$v":"Hjälpinfo"},{"$i":"operatorServices","$v":"Operatörstjänster"}]