[{"$i":"back","$v":"Назад"},{"$i":"edit","$v":"Редагувати"},{"$i":"remove","$v":"Видалити"},{"$i":"remove-all","$v":"Видалити всі"},{"$i":"mark-as-done","$v":"Позначити як завершене"},{"$i":"mark-as-undo","$v":"Позначити як незавершене"},{"$i":"options","$v":"Опції"},{"$i":"add","$v":"Додати"},{"$i":"would-you-like-to-remove-this-item","$v":"Видалити цей елемент?"},{"$i":"confirm","$v":"Підтвердити"},{"$i":"cancel","$v":"Скасувати"},{"$i":"new-item","$v":"Новий елемент"},{"$i":"title","$v":"Заголовок"},{"$i":"content","$v":"Вміст"},{"$i":"state","$v":"Стан"},{"$i":"ok","$v":"OK"},{"$i":"select","$v":"Вибрати"},{"$i":"menu-end-session","$v":"Завершити сеанс"},{"$i":"menu-help-info","$v":"Інформація про довідку"},{"$i":"operatorServices","$v":"Послуги оператора"}]