[{"$i":"back","$v":"Орқага"},{"$i":"edit","$v":"Таҳрир"},{"$i":"remove","$v":"Олиб ташлаш"},{"$i":"remove-all","$v":"Барчасини ўчириш"},{"$i":"mark-as-done","$v":"Тугаган деб белгилаш"},{"$i":"mark-as-undo","$v":"Қайтариш деб белгилаш"},{"$i":"options","$v":"Параметрлар"},{"$i":"add","$v":"Қўшиш"},{"$i":"would-you-like-to-remove-this-item","$v":"Буни олиб ташлайсизми?"},{"$i":"confirm","$v":"Тасдиқлаш"},{"$i":"cancel","$v":"Бекор"},{"$i":"new-item","$v":"Янги элемент"},{"$i":"title","$v":"Сарлавҳа"},{"$i":"content","$v":"Контент"},{"$i":"state","$v":"Ҳолати"},{"$i":"ok","$v":"OK"},{"$i":"select","$v":"Танлаш"},{"$i":"menu-end-session","$v":"Сеанс тугади"},{"$i":"menu-help-info","$v":"Yordam haqida ma'lumot"},{"$i":"operatorServices","$v":"Оператор хизматлари"}]