[{"$i":"back","$v":"Quay lại"},{"$i":"edit","$v":"Chỉnh sửa"},{"$i":"remove","$v":"Xóa"},{"$i":"remove-all","$v":"Xóa tất cả"},{"$i":"mark-as-done","$v":"Đánh dấu là đã hoàn thành"},{"$i":"mark-as-undo","$v":"Đánh dấu là hoàn tác"},{"$i":"options","$v":"Tùy chọn"},{"$i":"add","$v":"Thêm"},{"$i":"would-you-like-to-remove-this-item","$v":"Bạn có muốn xóa tập tin này không?"},{"$i":"confirm","$v":"Xác nhận"},{"$i":"cancel","$v":"Hủy"},{"$i":"new-item","$v":"Không có mục mới"},{"$i":"title","$v":"Tiêu đề"},{"$i":"content","$v":"Nội dụng"},{"$i":"state","$v":"Tiểu bang"},{"$i":"ok","$v":"OK"},{"$i":"select","$v":"Chọn"},{"$i":"menu-end-session","$v":"Kết thúc phiên"},{"$i":"menu-help-info","$v":"Thông tin trợ giúp"},{"$i":"operatorServices","$v":"Các dịch vụ của Nhà điều hành mạng"}]