[{"$i":"back","$v":"Emva"},{"$i":"edit","$v":"Hlela"},{"$i":"remove","$v":"Susa"},{"$i":"remove-all","$v":"Susa zonke"},{"$i":"mark-as-done","$v":"Phawula njengegqityiweyo"},{"$i":"mark-as-undo","$v":"Phawula njengeyekiswe ukwenziwa"},{"$i":"options","$v":"Iinketho"},{"$i":"add","$v":"Faka"},{"$i":"would-you-like-to-remove-this-item","$v":"Ungathanda ukususa ezi zinto?"},{"$i":"confirm","$v":"Confirm"},{"$i":"cancel","$v":"Rhoxisa"},{"$i":"new-item","$v":"Into entsha"},{"$i":"title","$v":"Itayitile"},{"$i":"content","$v":"Umxholo"},{"$i":"state","$v":"Isimo"},{"$i":"ok","$v":"Kulungile"},{"$i":"select","$v":"Khetha"},{"$i":"menu-end-session","$v":"Ukuphela kweseshoni"},{"$i":"menu-help-info","$v":"Ulwazi lo kunceda"},{"$i":"operatorServices","$v":"Iinkonzo zomsebenzisi"}]