{"search_providers":{"yahoo":{"title":"Yahoo","search":{"url":"https://search.yahoo.com/yhs/search","params":{"p":"{searchTerms}"}},"suggest":{"url":"https://search.yahoo.com/sugg/ff","params":{"command":"{searchTerms}","output":"fxjson"}}},"ddg":{"title":"DuckDuckGo","search":{"url":"https://duckduckgo.com/","params":{"t":"ffos","q":"{searchTerms}"}},"suggest":{"url":"https://ac.duckduckgo.com/ac/","params":{"q":"{searchTerms}","type":"list"}}},"google":{"title":"Google","search":{"url":"https://www.google.com/search","params":{"q":"{searchTerms}","client":"kaios-nokia"}},"suggest":{"url":"https://www.google.com/complete/search","params":{"q":"{searchTerms}","client":"firefox"}}},"baidu":{"title":"Baidu","search":{"url":"https://www.baidu.com/s","params":{"wd":"{searchTerms}","client":"kaios"}},"suggest":{"url":"https://www.baidu.com/su","params":{"wd":"{searchTerms}","client":"firefox"}}},"bing":{"title":"Bing","search":{"url":"https://www.bing.com/search","params":{"q":"{searchTerms}"}},"suggest":{"url":"https://www.bing.com/osjson.aspx","params":{"query":"{searchTerms}"}}}},"simConfigs":{"460-999":{"zh-CN":{"defaultEngine":"baidu","providers":{"yahoo":{},"google":{},"baidu":{},"bing":{},"ddg":{}}}},"460-000":{"zh-CN":{"defaultEngine":"baidu","providers":{"yahoo":{},"google":{},"baidu":{},"bing":{},"ddg":{}}}},"460-001":{"zh-CN":{"defaultEngine":"baidu","providers":{"yahoo":{},"google":{},"baidu":{},"bing":{},"ddg":{}}}},"460-002":{"zh-CN":{"defaultEngine":"baidu","providers":{"yahoo":{},"google":{},"baidu":{},"bing":{},"ddg":{}}}},"460-003":{"zh-CN":{"defaultEngine":"baidu","providers":{"yahoo":{},"google":{},"baidu":{},"bing":{},"ddg":{}}}},"460-011":{"zh-CN":{"defaultEngine":"baidu","providers":{"yahoo":{},"google":{},"baidu":{},"bing":{},"ddg":{}}}}},"partnerConfig":{},"defaultEngines":{"defaultEngine":"google","providers":{"yahoo":{},"google":{},"bing":{},"ddg":{}}},"locales":{}}