[{"$i":"select","$v":"Избор"},{"$i":"deselect","$v":"Размаркиране"},{"$i":"kai-select","$v":"Избор"},{"$i":"invalid-image","$v":"Невалидно изобр."},{"$i":"image-too-big","$v":"Размерът на изобр. е твърде голям, за да се покаже в галерията"},{"$i":"kai-selected-items-count","$v":[{"t":"idOrVar","v":"n"}," Избрани"]},{"$i":"delete-photo?","$v":"Изтриване на снимка?"},{"$i":"delete-video?","$v":"Изтриване на видеоклип?"},{"$i":"deleting","$v":"Изтриване…"},{"$i":"delete-n-items?","$v":{"few":["Изтриване на ",{"t":"idOrVar","v":"n"}," елемента?"],"many":["Изтриване на ",{"t":"idOrVar","v":"n"}," елемента?"],"one":"Изтриване на избрания елемент?","other":["Изтриване на ",{"t":"idOrVar","v":"n"}," елемента?"],"two":["Изтриване на ",{"t":"idOrVar","v":"n"}," елемента?"],"zero":"Нищо не е избрано"},"$x":[{"t":"idOrVar","v":"plural"},"n"]},{"$i":"kai-contact-set-ok","$v":"Изображението за контакта е добавено"},{"$i":"kai-contact-set-fail","$v":"Неуспешно задаване на изобр. на контакт"},{"$i":"kai-exposure-done","$v":"Експонирането е приложено"},{"$i":"kai-rotation-done","$v":"Завърт. е прилож."},{"$i":"kai-crop-done","$v":"Изображението е изрязано"},{"$i":"kai-filters-done","$v":"Филтърът е приложен"},{"$i":"kai-autocorrection-done","$v":"Автоматичното коригиране е приложено"},{"$i":"kai-changes-saved","$v":"Промените са записани"},{"$i":"wallpaper-set","$v":"Тапетът е зададен"},{"$i":"kai-single-image-locked","$v":"Избраното изобр. е закл."},{"$i":"kai-single-image-unlocked","$v":"Избраното изобр. е откл."},{"$i":"kai-single-image-deleted","$v":"Снимката е изтрита"},{"$i":"kai-multiple-images-locked","$v":{"one":[{"t":"idOrVar","v":"n"}," снимка е заключена"],"other":[{"t":"idOrVar","v":"n"}," снимки са заключени"],"zero":"Няма заключена снимка"},"$x":[{"t":"idOrVar","v":"plural"},"n"]},{"$i":"kai-multiple-images-unlocked","$v":{"one":[{"t":"idOrVar","v":"n"}," снимка е отключена"],"other":[{"t":"idOrVar","v":"n"}," снимки са отключени"],"zero":"Няма отключена снимка"},"$x":[{"t":"idOrVar","v":"plural"},"n"]},{"$i":"kai-deleted-n-photos","$v":{"one":[{"t":"idOrVar","v":"n"}," снимка е изтрита"],"other":[{"t":"idOrVar","v":"n"}," снимки са изтрити"],"zero":"Не са изтрити снимки"},"$x":[{"t":"idOrVar","v":"plural"},"n"]},{"$i":"kai-some-photos-not-share","$v":"Някои снимки не могат да бъдат споделени"},{"$i":"kai-some-photos-not-delete","$v":"Някои снимки не могат да бъдат изтрити"},{"$i":"kai-some-photos-not-lock","$v":"Някои снимки не могат да бъдат заключени"},{"$i":"kai-undo","$v":"Отмяна"},{"$i":"pickoneimage2","$v":"Избор"},{"$i":"cropimage","$v":"Изрязване"},{"$i":"kai-on","$v":"Включено"},{"$i":"kai-off","$v":"Изкл."},{"$i":"cancel","$v":"Отмяна"},{"$i":"delete","$v":"Изтриване"},{"$i":"ok","$v":"ОК"},{"$i":"edit","$v":"Редактиране"},{"$i":"revert","$v":"Връщане"},{"$i":"save","$v":"Запис"},{"$i":"done","$v":"Готово"},{"$i":"exposure","$v":"Експониране"},{"$i":"crop","$v":"Изрязване"},{"$i":"effects","$v":"Ефекти"},{"$i":"borders","$v":"Граници"},{"$i":"enhance-on","$v":"Автоматично увеличаване вкл."},{"$i":"enhance-off","$v":"Автоматично увеличаване изкл."},{"$i":"kai-set","$v":"Задаване"},{"$i":"kai-options","$v":"Опции"},{"$i":"kai-select-all","$v":"Изберете всички"},{"$i":"kai-deselect-all","$v":"Размаркиране на всички"},{"$i":"kai-lock","$v":"Lock"},{"$i":"kai-unlock","$v":"Отключване"},{"$i":"kai-rename","$v":"Преименуване"},{"$i":"kai-rotate","$v":"Завъртане"},{"$i":"kai-share","$v":"Споделяне"},{"$i":"kai-settings","$v":"Настройки"},{"$i":"kai-set-as","$v":"Задаване като"},{"$i":"set-as-wallpaper","$v":"Задаване като тапет"},{"$i":"kai-wallpaper","$v":"Тапет"},{"$i":"kai-existing-contact-image","$v":"Изобр. за съществуващ контакт"},{"$i":"kai-zoom","$v":"Мащабиране"},{"$i":"kai-zoom-in","$v":"Увел. на мащаб,"},{"$i":"kai-zoom-out","$v":"Намал. на мащаб."},{"$i":"kai-file-info","$v":"Информация за файл"},{"$i":"kai-select-multiple","$v":"Изберете множество"},{"$i":"kai-invalid-name","$v":"Невалидно име"},{"$i":"kai-name-already-exists","$v":"Това име вече съществува"},{"$i":"kai-override-warning-msg","$v":"Искате ли да презапишете съществуващото изображение?"},{"$i":"kai-override","$v":"Застъпване"},{"$i":"kai-edit-title","$v":"Редактиране на изображение"},{"$i":"kai-edit-exposure","$v":"Експониране"},{"$i":"kai-edit-crop","$v":"Изрязване"},{"$i":"kai-edit-rotate","$v":"Завъртане"},{"$i":"kai-edit-filters","$v":"Филтри"},{"$i":"kai-edit-auto-correct","$v":"Автоматично коригиране"},{"$i":"edit-exposure","ariaLabel":"Експониране"},{"$i":"edit-crop","ariaLabel":"Изрязване"},{"$i":"edit-rotate","ariaLabel":"Завъртане"},{"$i":"edit-filters","ariaLabel":"Филтри"},{"$i":"edit-auto-correct","ariaLabel":"Автоматично коригиране"},{"$i":"kai-crop-none","$v":"Отмяна на изрязването"},{"$i":"kai-crop-aspect-free","$v":"По подразбиране"},{"$i":"kai-crop-aspect-portrait","$v":"2:3"},{"$i":"kai-crop-aspect-landscape","$v":"3:2"},{"$i":"kai-crop-aspect-square","$v":"1:1"},{"$i":"crop-none","ariaLabel":"Отмяна на изрязването"},{"$i":"crop-aspect-free","ariaLabel":"По подразбиране"},{"$i":"crop-aspect-portrait","ariaLabel":"2:3"},{"$i":"crop-aspect-landscape","ariaLabel":"3:2"},{"$i":"crop-aspect-square","ariaLabel":"1:1"},{"$i":"edit-filters-none","ariaLabel":"Филтър 1"},{"$i":"edit-filters-bw","ariaLabel":"Филтър 2"},{"$i":"edit-filters-sepia","ariaLabel":"Филтър 3"},{"$i":"edit-filters-bluesteel","ariaLabel":"Филтър 4"},{"$i":"edit-filters-faded","ariaLabel":"Филтър 5"},{"$i":"kai-rotate-cw","$v":"CW"},{"$i":"kai-rotate-ccw","$v":"CCW"},{"$i":"original","$v":"Оригинал"},{"$i":"blackandwhite","$v":"Черно-бяло"},{"$i":"sepia","$v":"Сепия"},{"$i":"freeform","$v":"Свободна форма"},{"$i":"portrait","$v":"Портрет"},{"$i":"landscape","$v":"Пейзаж"},{"$i":"square","$v":"Квадрат"},{"$i":"emptygallery2-title","$v":"Няма снимки или видеоклипове"},{"$i":"emptygallery2-text","$v":"Галерията е празна. Използвайте камерата, за да започнете."},{"$i":"emptygallery2-title-pick","$v":"Няма снимки"},{"$i":"emptygallery-text-pick","$v":"Няма налични снимки."},{"$i":"nocard3-title","$v":"Няма карта с памет"},{"$i":"nocard4-text","$v":"Поставете карта с памет, за да използвате това приложение."},{"$i":"pluggedin2-title","$v":"Картата с памет се използва"},{"$i":"pluggedin2-text","$v":"Паметта се използва. Изключете кабела от телефона, за да използвате това приложение."},{"$i":"scanning-title","$v":"Сканиране"},{"$i":"scanning-text","$v":"Сканиране за снимки..."},{"$i":"upgrade-title","$v":"Надстройване на база данни"},{"$i":"upgrade-text","$v":"Изчакайте, докато „Галерия“ актуал. базата си данни."},{"$i":"share-noprovider","$v":"Този тип файл с изображение не може да се сподели."},{"$i":"memorycardfull","$v":"Паметта е пълна. Не могат да се редактират снимки."},{"$i":"imagetoobig","$v":"Изобр. е твърде голямо, за да се покаже на устройството."},{"$i":"imageinvalid","$v":"Изобр. е невалидно или повредено и не може да се покаже."},{"$i":"saved","$v":[{"t":"idOrVar","v":"filename"}," е записан в галерията"]},{"$i":"edit-copy-saved","$v":"Ново копие е записано."},{"$i":"overlay-camera-button","$v":"Към камерата"},{"$i":"name-label","$v":"Име"},{"$i":"size-label","$v":"Размер"},{"$i":"image-type-label","$v":"Тип изобр."},{"$i":"kai-date-and-time-label","$v":"Дата и час"},{"$i":"date-taken-label","$v":"Дата на записване"},{"$i":"resolution-label","$v":"Резолюция"},{"$i":"close-button","$v":"Затваряне"},{"$i":"path-label","$v":"Пътека"},{"$i":"sd-card","$v":"SD карта"},{"$i":"internal","$v":"Вътрешни"},{"$i":"byteUnit-B","$v":"Байтове"},{"$i":"byteUnit-KB","$v":"KB"},{"$i":"byteUnit-MB","$v":"MB"},{"$i":"byteUnit-GB","$v":"GB"},{"$i":"gallery","$v":"Галерия"},{"$i":"preview","$v":"Преглед"},{"$i":"kai-confirmation","$v":"Потвърждаване"},{"$i":"kai-delete-this-image","$v":"Изтриване на снимка?"},{"$i":"kai-delete-selected-image","$v":"Изтриване на избраната снимка?"},{"$i":"kai-delete-selected-images","$v":"Изтриване на избраните снимки?"},{"$i":"kai-sort-by","$v":"Сортиране по"},{"$i":"kai-group-by-date-and-location","$v":"Групиране по дата"},{"$i":"kai-error","$v":"Грешка"},{"$i":"kai-error-delete-locked-image","$v":"Избраното изображение е заключено и не може да бъде изтрито!"},{"$i":"kai-error-delete-locked-images","$v":"Избраните изображения съдържат заключени изображения и не могат да бъдат изтрити!"},{"$i":"kai-enter-new-name","$v":"Въведете ново име"},{"$i":"sort-and-group","$v":"Сортиране и групиране"},{"$i":"time_am","$v":"AM"},{"$i":"time_pm","$v":"PM"},{"$i":"date-group-header","$v":"%B %Y"},{"$i":"videoDescriptionShort","$v":"Видео с дата %I:%M %p, %B %e, %Y"},{"$i":"imageDescriptionShort","$v":"Изобр. с дата %I:%M %p, %B %e, %Y"},{"$i":"editImagePreview","ariaLabel":"Редактиране на прегл. на изобр."},{"$i":"kai-pickoneimage","$v":"Изберете снимка"},{"$i":"discard-changes-warning","$v":"Всички промени ще бъдат изгубени. Искате ли да отхвърлите промените?"},{"$i":"save-changes-warning","$v":"Всички промени ще бъдат изгубени. Искате ли да запишете промените?"},{"$i":"discard","$v":"Отхвърляне"},{"$i":"camera","$v":"Камера"},{"$i":"phone-is-full-title","$v":"Паметта на телефона е пълна"},{"$i":"sd-card-is-full-title","$v":"SD картата е пълна"},{"$i":"phone-is-full-content","$v":"Изтрийте мултимедийни файлове или данни на приложения, за да освободите място. Можете и да поставите SD карта, за да разширите мястото за съхранение за мултимедия."},{"$i":"sd-card-is-full-content","$v":"Изтрийте файлове от SD картата, за да освободите място."},{"$i":"imageDescription","$v":[{"t":"idOrVar","v":"orientation"}," изображение, %I:%M %p, %B %e, %Y"]},{"$i":"imageDescriptionNoTimestamp","$v":[{"t":"idOrVar","v":"orientation"}," изображение"]},{"$i":"videoDescription","$v":[{"t":"idOrVar","v":"orientation"}," видеоклип, %I:%M %p, %B %e, %Y"]},{"$i":"videoDescriptionNoTimestamp","$v":[{"t":"idOrVar","v":"orientation"}," видеоклип"]},{"$i":"orientationPortrait","$v":"портрет"},{"$i":"orientationLandscape","$v":"пейзаж"},{"$i":"playbackPlay","ariaLabel":"Пускане"},{"$i":"playbackPause","ariaLabel":"Пауза"},{"$i":"playbackNext","ariaLabel":"Напред"},{"$i":"playbackPrevious","ariaLabel":"Предишно"},{"$i":"playbackFullscreen","ariaLabel":"Цял екран"},{"$i":"playbackSeekBar","ariaLabel":["Лента за търсене, продължителност ",{"t":"idOrVar","v":"duration"}]},{"$i":"weekday-0-long","$v":"Неделя"},{"$i":"weekday-1-long","$v":"Понеделник"},{"$i":"weekday-2-long","$v":"Вторник"},{"$i":"weekday-3-long","$v":"Сряда"},{"$i":"weekday-4-long","$v":"Четвъртък"},{"$i":"weekday-5-long","$v":"Петък"},{"$i":"weekday-6-long","$v":"Събота"},{"$i":"weekday-0-short","$v":"нед"},{"$i":"weekday-1-short","$v":"пон"},{"$i":"weekday-2-short","$v":"втор"},{"$i":"weekday-3-short","$v":"ср"},{"$i":"weekday-4-short","$v":"чт"},{"$i":"weekday-5-short","$v":"пет"},{"$i":"weekday-6-short","$v":"сб"},{"$i":"month-0-long","$v":"Януари"},{"$i":"month-1-long","$v":"Февруари"},{"$i":"month-2-long","$v":"Март"},{"$i":"month-3-long","$v":"Април"},{"$i":"month-4-long","$v":"май"},{"$i":"month-5-long","$v":"Юни"},{"$i":"month-6-long","$v":"Юли"},{"$i":"month-7-long","$v":"Август"},{"$i":"month-8-long","$v":"Септември"},{"$i":"month-9-long","$v":"Октомври"},{"$i":"month-10-long","$v":"Ноември"},{"$i":"month-11-long","$v":"Декември"},{"$i":"month-0-genitive","$v":"Януари"},{"$i":"month-1-genitive","$v":"Февруари"},{"$i":"month-2-genitive","$v":"Март"},{"$i":"month-3-genitive","$v":"Април"},{"$i":"month-4-genitive","$v":"май"},{"$i":"month-5-genitive","$v":"Юни"},{"$i":"month-6-genitive","$v":"Юли"},{"$i":"month-7-genitive","$v":"Август"},{"$i":"month-8-genitive","$v":"Септември"},{"$i":"month-9-genitive","$v":"Октомври"},{"$i":"month-10-genitive","$v":"Ноември"},{"$i":"month-11-genitive","$v":"Декември"},{"$i":"month-0-short","$v":"ян"},{"$i":"month-1-short","$v":"фев"},{"$i":"month-2-short","$v":"март"},{"$i":"month-3-short","$v":"апр"},{"$i":"month-4-short","$v":"май"},{"$i":"month-5-short","$v":"юни"},{"$i":"month-6-short","$v":"юли"},{"$i":"month-7-short","$v":"авг"},{"$i":"month-8-short","$v":"септ"},{"$i":"month-9-short","$v":"окт"},{"$i":"month-10-short","$v":"ноем"},{"$i":"month-11-short","$v":"дек"},{"$i":"minutes-ago-long","$v":{"few":["Преди ",{"t":"idOrVar","v":"value"}," минути"],"many":["Преди ",{"t":"idOrVar","v":"value"}," минути"],"one":"преди минута","other":["Преди ",{"t":"idOrVar","v":"value"}," минути"],"two":["Преди ",{"t":"idOrVar","v":"value"}," минути"],"zero":"точно сега"},"$x":[{"t":"idOrVar","v":"plural"},"value"]},{"$i":"hours-ago-long","$v":{"few":["Преди ",{"t":"idOrVar","v":"value"}," часа"],"many":["Преди ",{"t":"idOrVar","v":"value"}," часа"],"one":"преди час","other":["Преди ",{"t":"idOrVar","v":"value"}," часа"],"two":["Преди ",{"t":"idOrVar","v":"value"}," часа"],"zero":"точно сега"},"$x":[{"t":"idOrVar","v":"plural"},"value"]},{"$i":"days-ago-long","$v":{"few":["Преди ",{"t":"idOrVar","v":"value"}," дни"],"many":["Преди ",{"t":"idOrVar","v":"value"}," дни"],"one":"вчера","other":["Преди ",{"t":"idOrVar","v":"value"}," дни"],"two":["Преди ",{"t":"idOrVar","v":"value"}," дни"],"zero":"днес"},"$x":[{"t":"idOrVar","v":"plural"},"value"]},{"$i":"weeks-ago-long","$v":{"few":["Преди ",{"t":"idOrVar","v":"value"}," седмици"],"many":["Преди ",{"t":"idOrVar","v":"value"}," седмици"],"one":"последната седмица","other":["Преди ",{"t":"idOrVar","v":"value"}," седмици"],"two":["Преди ",{"t":"idOrVar","v":"value"}," седмици"],"zero":"тази седмица"},"$x":[{"t":"idOrVar","v":"plural"},"value"]},{"$i":"months-ago-long","$v":{"few":["Преди ",{"t":"idOrVar","v":"value"}," месеца"],"many":["Преди ",{"t":"idOrVar","v":"value"}," месеца"],"one":"последния месец","other":["Преди ",{"t":"idOrVar","v":"value"}," месеца"],"two":["Преди ",{"t":"idOrVar","v":"value"}," месеца"],"zero":"този месец"},"$x":[{"t":"idOrVar","v":"plural"},"value"]},{"$i":"years-ago-long","$v":{"few":["Преди ",{"t":"idOrVar","v":"value"}," години"],"many":["Преди ",{"t":"idOrVar","v":"value"}," години"],"one":"последната година","other":["Преди ",{"t":"idOrVar","v":"value"}," години"],"two":["Преди ",{"t":"idOrVar","v":"value"}," години"],"zero":"тази година"},"$x":[{"t":"idOrVar","v":"plural"},"value"]},{"$i":"minutes-until-long","$v":{"few":["след ",{"t":"idOrVar","v":"value"}," минути"],"many":["след ",{"t":"idOrVar","v":"value"}," минути"],"one":"след минута","other":["след ",{"t":"idOrVar","v":"value"}," минути"],"two":["след ",{"t":"idOrVar","v":"value"}," минути"],"zero":"сега"},"$x":[{"t":"idOrVar","v":"plural"},"value"]},{"$i":"hours-until-long","$v":{"few":["след ",{"t":"idOrVar","v":"value"}," часа"],"many":["след ",{"t":"idOrVar","v":"value"}," часа"],"one":"след час","other":["след ",{"t":"idOrVar","v":"value"}," часа"],"two":["след ",{"t":"idOrVar","v":"value"}," часа"],"zero":"сега"},"$x":[{"t":"idOrVar","v":"plural"},"value"]},{"$i":"days-until-long","$v":{"few":["след ",{"t":"idOrVar","v":"value"}," дни"],"many":["след ",{"t":"idOrVar","v":"value"}," дни"],"one":"утре","other":["след ",{"t":"idOrVar","v":"value"}," дни"],"two":["след ",{"t":"idOrVar","v":"value"}," дни"],"zero":"днес"},"$x":[{"t":"idOrVar","v":"plural"},"value"]},{"$i":"weeks-until-long","$v":{"few":["след ",{"t":"idOrVar","v":"value"}," седмици"],"many":["след ",{"t":"idOrVar","v":"value"}," седмици"],"one":"следващата седмица","other":["след ",{"t":"idOrVar","v":"value"}," седмици"],"two":["след ",{"t":"idOrVar","v":"value"}," седмици"],"zero":"тази седмица"},"$x":[{"t":"idOrVar","v":"plural"},"value"]},{"$i":"months-until-long","$v":{"few":["след ",{"t":"idOrVar","v":"value"}," месеца"],"many":["след ",{"t":"idOrVar","v":"value"}," месеца"],"one":"следващия месец","other":["след ",{"t":"idOrVar","v":"value"}," месеца"],"two":["след ",{"t":"idOrVar","v":"value"}," месеца"],"zero":"този месец"},"$x":[{"t":"idOrVar","v":"plural"},"value"]},{"$i":"years-until-long","$v":{"few":["след ",{"t":"idOrVar","v":"value"}," години"],"many":["след ",{"t":"idOrVar","v":"value"}," години"],"one":"следващата година","other":["след ",{"t":"idOrVar","v":"value"}," години"],"two":["след ",{"t":"idOrVar","v":"value"}," години"],"zero":"тази година"},"$x":[{"t":"idOrVar","v":"plural"},"value"]},{"$i":"minutes-ago-short","$v":{"other":["Преди ",{"t":"idOrVar","v":"value"}," мин."],"zero":"точно сега"},"$x":[{"t":"idOrVar","v":"plural"},"value"]},{"$i":"hours-ago-short","$v":{"other":["Преди ",{"t":"idOrVar","v":"value"}," ч."],"zero":"точно сега"},"$x":[{"t":"idOrVar","v":"plural"},"value"]},{"$i":"days-ago-short","$v":{"other":["Преди ",{"t":"idOrVar","v":"value"}," дни"],"zero":"днес"},"$x":[{"t":"idOrVar","v":"plural"},"value"]},{"$i":"minutes-until-short","$v":{"other":["след ",{"t":"idOrVar","v":"value"},"м."],"zero":"сега"},"$x":[{"t":"idOrVar","v":"plural"},"value"]},{"$i":"hours-until-short","$v":{"other":["след ",{"t":"idOrVar","v":"value"},"ч."],"zero":"сега"},"$x":[{"t":"idOrVar","v":"plural"},"value"]},{"$i":"days-until-short","$v":{"other":["след ",{"t":"idOrVar","v":"value"},"д."],"zero":"днес"},"$x":[{"t":"idOrVar","v":"plural"},"value"]},{"$i":"incorrectDate","$v":"(неправилна дата)"},{"$i":"dateTimeFormat_%c","$v":"%a %b %e %Y %I:%M:%S %p"},{"$i":"dateTimeFormat_%x","$v":"%m/%d/%Y"},{"$i":"dateTimeFormat_%X","$v":"%I:%M:%S %p"},{"$i":"shortTimeFormat","$v":"%I:%M %p"},{"$i":"shortTimeFormat12","$v":"%I:%M %p"},{"$i":"shortTimeFormat24","$v":"%H:%M"},{"$i":"shortDateTimeFormat","$v":"%x %I:%M %p"},{"$i":"weekStartsOnMonday","$v":"0.0"},{"$i":"firstDayOfTheWeek","$v":"1.0"},{"$i":"softkey-options","$v":"Опции"}]