[{"$i":"select","$v":"নির্বাচন করুন"},{"$i":"deselect","$v":"অনির্বাচন করুন"},{"$i":"kai-select","$v":"নির্বাচন করুন"},{"$i":"invalid-image","$v":"অবৈধ ছবি"},{"$i":"image-too-big","$v":"গ্যালারীতে দেখানোর পক্ষে ছবির ফাইলের আকার বেশিই বড়"},{"$i":"kai-selected-items-count","$v":[{"t":"idOrVar","v":"n"},"টি নির্বাচিত"]},{"$i":"delete-photo?","$v":"ফটো মুছবেন?"},{"$i":"delete-video?","$v":"ভিডিও মুছবেন?"},{"$i":"deleting","$v":"মোছা হচ্ছে…"},{"$i":"delete-n-items?","$v":{"few":["টি আইটেম ",{"t":"idOrVar","v":"n"}," মুছবেন?"],"many":["টি আইটেম ",{"t":"idOrVar","v":"n"}," মুছবেন?"],"one":"নির্বাচিত আইটেম মুছবেন?","other":["টি আইটেম ",{"t":"idOrVar","v":"n"}," মুছবেন?"],"two":["টি আইটেম ",{"t":"idOrVar","v":"n"}," মুছবেন?"],"zero":"নির্বাচিত কিছুই"},"$x":[{"t":"idOrVar","v":"plural"},"n"]},{"$i":"kai-contact-set-ok","$v":"পরিচিতির ছবি যোগ করা হয়েছে"},{"$i":"kai-contact-set-fail","$v":"পরিচিতির ছবি সেট করা ব্যর্থ"},{"$i":"kai-exposure-done","$v":"এক্সপোজার প্রয়োগ করা হয়েছে"},{"$i":"kai-rotation-done","$v":"ঘূর্ণন প্রয়োগ করা হয়েছে"},{"$i":"kai-crop-done","$v":"ছবি ছাঁটাই করা হল"},{"$i":"kai-filters-done","$v":"ফিল্টার প্রয়োগ করা হয়েছে"},{"$i":"kai-autocorrection-done","$v":"স্বতঃ সংশোধন প্রয়োগ করা হয়েছে"},{"$i":"kai-changes-saved","$v":"পরিবর্তনগুলো সংরক্ষণ করা হয়েছে"},{"$i":"wallpaper-set","$v":"ওয়ালপেপার সেট করা হয়েছে"},{"$i":"kai-single-image-locked","$v":"নির্বাচিত ছবি তালাবন্ধ হয়েছে"},{"$i":"kai-single-image-unlocked","$v":"নির্বাচিত ছবির আনলক করা হয়েছে"},{"$i":"kai-single-image-deleted","$v":"ছবি মোছা হয়েছে।"},{"$i":"kai-multiple-images-locked","$v":{"one":[{"t":"idOrVar","v":"n"},"টি ফটো লক করা হয়েছে"],"other":[{"t":"idOrVar","v":"n"},"টি ফটো লক করা হয়েছে"],"zero":"কোনো ফটো লক করা হয়নি"},"$x":[{"t":"idOrVar","v":"plural"},"n"]},{"$i":"kai-multiple-images-unlocked","$v":{"one":[{"t":"idOrVar","v":"n"},"টি ফটো আনলক করা হয়েছে"],"other":[{"t":"idOrVar","v":"n"},"টি ফটো আনলক করা হয়েছে"],"zero":"কোনও ফটো আনলক করা হয়নি"},"$x":[{"t":"idOrVar","v":"plural"},"n"]},{"$i":"kai-deleted-n-photos","$v":{"one":[{"t":"idOrVar","v":"n"}," টি ছবি মোছা হয়েছে"],"other":[{"t":"idOrVar","v":"n"},"টি ফটো মোছা হয়েছে"],"zero":"কোনও ফটো মোছা হয়নি"},"$x":[{"t":"idOrVar","v":"plural"},"n"]},{"$i":"kai-some-photos-not-share","$v":"কিছু ছবি শেয়ার করা যাবে না"},{"$i":"kai-some-photos-not-delete","$v":"কিছু ছবি মোছা যাবে না"},{"$i":"kai-some-photos-not-lock","$v":"কিছু ছবি লক করা যাবে না"},{"$i":"kai-undo","$v":"পূর্বাবস্থায় ফেরান"},{"$i":"pickoneimage2","$v":"নির্বাচন করুন"},{"$i":"cropimage","$v":"কাটুন"},{"$i":"kai-on","$v":"চালু"},{"$i":"kai-off","$v":"বন্ধ"},{"$i":"cancel","$v":"বাতিল করুন"},{"$i":"delete","$v":"মুছুন"},{"$i":"ok","$v":"ঠিক আছে"},{"$i":"edit","$v":"সম্পাদনা করুন"},{"$i":"revert","$v":"প্রত্যাবর্তন"},{"$i":"save","$v":"সংরক্ষণ করুন"},{"$i":"done","$v":"সম্পূর্ণ হয়েছে"},{"$i":"exposure","$v":"এক্সপোজার"},{"$i":"crop","$v":"কাটুন"},{"$i":"effects","$v":"প্রভাব"},{"$i":"borders","$v":"বর্ডার"},{"$i":"enhance-on","$v":"স্বতঃ উন্নতি চালু"},{"$i":"enhance-off","$v":"স্বতঃ উন্নতি বন্ধ"},{"$i":"kai-set","$v":"সেট করুন"},{"$i":"kai-options","$v":"বিকল্প"},{"$i":"kai-select-all","$v":"সমস্ত নির্বাচন করুন"},{"$i":"kai-deselect-all","$v":"সবগুলি নির্বাচনমুক্ত করুন"},{"$i":"kai-lock","$v":"Lock"},{"$i":"kai-unlock","$v":"আনলক"},{"$i":"kai-rename","$v":"পুনঃনামকরণ করুন"},{"$i":"kai-rotate","$v":"ঘোরান"},{"$i":"kai-share","$v":"ভাগ করুন"},{"$i":"kai-settings","$v":"সেটিং"},{"$i":"kai-set-as","$v":"এই হিসাবে সেট করুন"},{"$i":"set-as-wallpaper","$v":"ওয়ালপেপার হিসেবে সেট করুন"},{"$i":"kai-wallpaper","$v":"ওয়ালপেপার"},{"$i":"kai-existing-contact-image","$v":"অস্তিত্বশীল পরিচিতের জন্য ছবি"},{"$i":"kai-zoom","$v":"জুম"},{"$i":"kai-zoom-in","$v":"জুম বাড়ানো"},{"$i":"kai-zoom-out","$v":"জুম কমানো"},{"$i":"kai-file-info","$v":"ফাইলের তথ্য"},{"$i":"kai-select-multiple","$v":"বিবিধ বেছে নিন"},{"$i":"kai-invalid-name","$v":"অবৈধ নাম"},{"$i":"kai-name-already-exists","$v":"এই নামটি ইতিমধ্যেই বিদ্যমান"},{"$i":"kai-override-warning-msg","$v":"আপনি কি বিদ্যমান ছবি ওভাররাইড করতে চান?"},{"$i":"kai-override","$v":"ওভাররাইড"},{"$i":"kai-edit-title","$v":"ছবি সম্পাদনা করুন"},{"$i":"kai-edit-exposure","$v":"এক্সপোজার"},{"$i":"kai-edit-crop","$v":"কাটুন"},{"$i":"kai-edit-rotate","$v":"ঘোরান"},{"$i":"kai-edit-filters","$v":"ফিল্টার"},{"$i":"kai-edit-auto-correct","$v":"স্বতঃ সংশোধন"},{"$i":"edit-exposure","ariaLabel":"এক্সপোজার"},{"$i":"edit-crop","ariaLabel":"কাটুন"},{"$i":"edit-rotate","ariaLabel":"ঘোরান"},{"$i":"edit-filters","ariaLabel":"ফিল্টার"},{"$i":"edit-auto-correct","ariaLabel":"স্বতঃ সংশোধন"},{"$i":"kai-crop-none","$v":"ক্রপ করা পূর্বাবস্থায় ফেরান"},{"$i":"kai-crop-aspect-free","$v":"ডিফল্ট"},{"$i":"kai-crop-aspect-portrait","$v":"2:3"},{"$i":"kai-crop-aspect-landscape","$v":"3:2"},{"$i":"kai-crop-aspect-square","$v":"1:1"},{"$i":"crop-none","ariaLabel":"ক্রপ করা পূর্বাবস্থায় ফেরান"},{"$i":"crop-aspect-free","ariaLabel":"ডিফল্ট"},{"$i":"crop-aspect-portrait","ariaLabel":"2:3"},{"$i":"crop-aspect-landscape","ariaLabel":"3:2"},{"$i":"crop-aspect-square","ariaLabel":"1:1"},{"$i":"edit-filters-none","ariaLabel":"ফিল্টার 1"},{"$i":"edit-filters-bw","ariaLabel":"ফিল্টার 2"},{"$i":"edit-filters-sepia","ariaLabel":"ফিল্টার 3"},{"$i":"edit-filters-bluesteel","ariaLabel":"ফিল্টার 4"},{"$i":"edit-filters-faded","ariaLabel":"ফিল্টার 5"},{"$i":"kai-rotate-cw","$v":"CW"},{"$i":"kai-rotate-ccw","$v":"CCW"},{"$i":"original","$v":"আসল"},{"$i":"blackandwhite","$v":{"$o":"B&W"}},{"$i":"sepia","$v":"সেপিয়া"},{"$i":"freeform","$v":"Freeform"},{"$i":"portrait","$v":"পোর্ট্রেট"},{"$i":"landscape","$v":"ল্যান্ডস্কেপ"},{"$i":"square","$v":"বর্গ"},{"$i":"emptygallery2-title","$v":"কোন ছবি বা ভিডিও নেই"},{"$i":"emptygallery2-text","$v":"গ্যালারি খালি। শুরু করার জন্য ক্যামেরা ব্যবহার করুন।"},{"$i":"emptygallery2-title-pick","$v":"কোন ছবি নেই"},{"$i":"emptygallery-text-pick","$v":"কোন ছবি উপলব্ধ নেই।"},{"$i":"nocard3-title","$v":"কোন মেমরি কার্ড নেই"},{"$i":"nocard4-text","$v":"এই অ্যাপটি ব্যবহার করতে একটি মেমরি কার্ড ঢোকান।"},{"$i":"pluggedin2-title","$v":"মেমরি কার্ড ব্যবহার করা হচ্ছে"},{"$i":"pluggedin2-text","$v":"সঞ্চয়স্থান ব্যবহার হচ্ছে। অনুগ্রহ করে এই অ্যাপটি ব্যবহার করতে ফোনটি আনপ্ল্যাগ করুন।"},{"$i":"scanning-title","$v":"স্ক্যানিং"},{"$i":"scanning-text","$v":"ছবির জন্য স্ক্যান করা হচ্ছে..."},{"$i":"upgrade-title","$v":"ডেটাবেস আপগ্রেড"},{"$i":"upgrade-text","$v":"গ্যালারি তার ডেটাবেস আপডেট করার সময় অনুগ্রহ করে অপেক্ষা করুন।"},{"$i":"share-noprovider","$v":"এই ছবি ফাইল ধরণ শেয়ার করা যাবে না।"},{"$i":"memorycardfull","$v":"সঞ্চয়স্থান সম্পূর্ণ। ছবিগুলি সম্পাদনা করা যাবে না।"},{"$i":"imagetoobig","$v":"এই ডিভাইসে দেখানোর পক্ষে ছবিটি খুব বেশিই বড়।"},{"$i":"imageinvalid","$v":"ছবিটি অবৈধ বা বিকৃত এবং দেখানো যাবে না।"},{"$i":"saved","$v":[{"t":"idOrVar","v":"filename"}," গ্যালারিতে সংরক্ষণ করা হয়েছে"]},{"$i":"edit-copy-saved","$v":"নতুন নকল সংরক্ষণ করা হয়েছে।"},{"$i":"overlay-camera-button","$v":"ক্যামেরায় যান"},{"$i":"name-label","$v":"নাম"},{"$i":"size-label","$v":"আকার"},{"$i":"image-type-label","$v":"ছবির প্রকার"},{"$i":"kai-date-and-time-label","$v":"তারিখ এবং সময়"},{"$i":"date-taken-label","$v":"তারিখ নেওয়া হয়েছে"},{"$i":"resolution-label","$v":"রিজোলিউশন"},{"$i":"close-button","$v":"বন্ধ করুন"},{"$i":"path-label","$v":"পাথ"},{"$i":"sd-card","$v":"SD কার্ড"},{"$i":"internal","$v":"আভ্যন্তরীণ"},{"$i":"byteUnit-B","$v":"বাইট"},{"$i":"byteUnit-KB","$v":"KB"},{"$i":"byteUnit-MB","$v":"MB"},{"$i":"byteUnit-GB","$v":"GB"},{"$i":"gallery","$v":"গ্যালারি"},{"$i":"preview","$v":"পূর্বরূপ"},{"$i":"kai-confirmation","$v":"নিশ্চিতকরণ"},{"$i":"kai-delete-this-image","$v":"ফটো মুছবেন?"},{"$i":"kai-delete-selected-image","$v":"নির্বাচিত ছবি মুছবেন?"},{"$i":"kai-delete-selected-images","$v":"নির্বাচিত ছবিগুলি মুছবেন?"},{"$i":"kai-sort-by","$v":"এই অনুসারে বাছাই করুন"},{"$i":"kai-group-by-date-and-location","$v":"তারিখ অনুসারে গ্রুপ করুন"},{"$i":"kai-error","$v":"ত্রুটি"},{"$i":"kai-error-delete-locked-image","$v":"নির্বাচিত ছবিটি লক করা আছে এবং মুছে ফেলা যাবে না!"},{"$i":"kai-error-delete-locked-images","$v":"নির্বাচিত ছবিগুলিতে লক করা ছবি(গুলি‌) আছে এবং মুছে ফেলা যাবে না!"},{"$i":"kai-enter-new-name","$v":"নতুন নাম লিখুন"},{"$i":"sort-and-group","$v":"বাছাই করুন ও গ্রুপ করুন"},{"$i":"time_am","$v":"AM"},{"$i":"time_pm","$v":"PM"},{"$i":"date-group-header","$v":"%B %Y"},{"$i":"videoDescriptionShort","$v":"ভিডিওয়ের তারিখ %I:%M %p, %B %e, %Y"},{"$i":"imageDescriptionShort","$v":"ছবির তারিখ %I:%M %p, %B %e, %Y"},{"$i":"editImagePreview","ariaLabel":"ছবির পূর্বরূপ সম্পাদনা করুন"},{"$i":"kai-pickoneimage","$v":"একটি ছবি বেছে নিন"},{"$i":"discard-changes-warning","$v":"সমস্ত পরিবর্তন হারিয়ে যাবে। আপনি কি পরিবর্তনগুলি বাতিল করতে চান?"},{"$i":"save-changes-warning","$v":"সমস্ত পরিবর্তন হারিয়ে যাবে। আপনি কি পরিবর্তনগুলি সংরক্ষণ করতে চান?"},{"$i":"discard","$v":"বর্জন করুন"},{"$i":"camera","$v":"ক্যামেরা"},{"$i":"phone-is-full-title","$v":"ফোনের সঞ্চয়স্থান পূর্ণ"},{"$i":"sd-card-is-full-title","$v":"SD কার্ড পূর্ণ হয়ে গেছে।"},{"$i":"phone-is-full-content","$v":"স্থান খালি করতে মিডিয়া ফাইলগুলি বা অ্যাপ ডেটা মুছুন। এছাড়াও মিডিয়া সঞ্চয়স্থান বাড়াতে একটি SD কার্ড প্রবেশ করান।"},{"$i":"sd-card-is-full-content","$v":"স্থান খালি করতে SD কার্ডের ফাইলগুলি মুছুন।"},{"$i":"imageDescription","$v":[{"t":"idOrVar","v":"orientation"}," ছবি, %I:%M %p, %B %e, %Y"]},{"$i":"imageDescriptionNoTimestamp","$v":[{"t":"idOrVar","v":"orientation"}," ছবি"]},{"$i":"videoDescription","$v":[{"t":"idOrVar","v":"orientation"}," ভিডিও, %I:%M %p, %B %e, %Y"]},{"$i":"videoDescriptionNoTimestamp","$v":[{"t":"idOrVar","v":"orientation"}," ভিডিও"]},{"$i":"orientationPortrait","$v":"পোর্ট্রেট"},{"$i":"orientationLandscape","$v":"ল্যান্ডস্কেপ"},{"$i":"playbackPlay","ariaLabel":"প্লে করুন"},{"$i":"playbackPause","ariaLabel":"সাময়িক থামান"},{"$i":"playbackNext","ariaLabel":"পরবর্তী"},{"$i":"playbackPrevious","ariaLabel":"পূর্ববর্তী"},{"$i":"playbackFullscreen","ariaLabel":"পূর্ণস্ক্রীন"},{"$i":"playbackSeekBar","ariaLabel":["বার, মেয়াদ খুঁজুন ",{"t":"idOrVar","v":"duration"}]},{"$i":"weekday-0-long","$v":"রবিবার"},{"$i":"weekday-1-long","$v":"সোমবার"},{"$i":"weekday-2-long","$v":"মঙ্গলবার"},{"$i":"weekday-3-long","$v":"বুধবার"},{"$i":"weekday-4-long","$v":"বৃহস্পতিবার"},{"$i":"weekday-5-long","$v":"শুক্রবার"},{"$i":"weekday-6-long","$v":"শনিবার"},{"$i":"weekday-0-short","$v":"রবি"},{"$i":"weekday-1-short","$v":"সোম"},{"$i":"weekday-2-short","$v":"মঙ্গল"},{"$i":"weekday-3-short","$v":"বুধ"},{"$i":"weekday-4-short","$v":"বৃহ"},{"$i":"weekday-5-short","$v":"শুক্র"},{"$i":"weekday-6-short","$v":"শনি"},{"$i":"month-0-long","$v":"জানুয়ারী"},{"$i":"month-1-long","$v":"ফেব্রুয়ারী"},{"$i":"month-2-long","$v":"মার্চ"},{"$i":"month-3-long","$v":"এপ্রিল"},{"$i":"month-4-long","$v":"মে"},{"$i":"month-5-long","$v":"জুন"},{"$i":"month-6-long","$v":"জুলাই"},{"$i":"month-7-long","$v":"আগস্ট"},{"$i":"month-8-long","$v":"সেপ্টেম্বর"},{"$i":"month-9-long","$v":"অক্টোবর"},{"$i":"month-10-long","$v":"নভেম্বর"},{"$i":"month-11-long","$v":"ডিসেম্বর"},{"$i":"month-0-genitive","$v":"জানুয়ারী"},{"$i":"month-1-genitive","$v":"ফেব্রুয়ারী"},{"$i":"month-2-genitive","$v":"মার্চ"},{"$i":"month-3-genitive","$v":"এপ্রিল"},{"$i":"month-4-genitive","$v":"মে"},{"$i":"month-5-genitive","$v":"জুন"},{"$i":"month-6-genitive","$v":"জুলাই"},{"$i":"month-7-genitive","$v":"আগস্ট"},{"$i":"month-8-genitive","$v":"সেপ্টেম্বর"},{"$i":"month-9-genitive","$v":"অক্টোবর"},{"$i":"month-10-genitive","$v":"নভেম্বর"},{"$i":"month-11-genitive","$v":"ডিসেম্বর"},{"$i":"month-0-short","$v":"জানু"},{"$i":"month-1-short","$v":"ফেব্রু"},{"$i":"month-2-short","$v":"মার্চ"},{"$i":"month-3-short","$v":"এপ্রি"},{"$i":"month-4-short","$v":"মে"},{"$i":"month-5-short","$v":"জুন"},{"$i":"month-6-short","$v":"জুলা"},{"$i":"month-7-short","$v":"আগ"},{"$i":"month-8-short","$v":"সেপ্টে"},{"$i":"month-9-short","$v":"অক্টো"},{"$i":"month-10-short","$v":"নভে"},{"$i":"month-11-short","$v":"ডিসে"},{"$i":"minutes-ago-long","$v":{"few":[{"t":"idOrVar","v":"value"}," মিনিট আগে"],"many":[{"t":"idOrVar","v":"value"}," মিনিট আগে"],"one":"এক মিনিট আগে","other":[{"t":"idOrVar","v":"value"}," মিনিট আগে"],"two":[{"t":"idOrVar","v":"value"}," মিনিট আগে"],"zero":"এখনই"},"$x":[{"t":"idOrVar","v":"plural"},"value"]},{"$i":"hours-ago-long","$v":{"few":[{"t":"idOrVar","v":"value"}," ঘন্টা আগে"],"many":[{"t":"idOrVar","v":"value"}," ঘন্টা আগে"],"one":"এক ঘন্টা আগে","other":[{"t":"idOrVar","v":"value"}," ঘন্টা আগে"],"two":[{"t":"idOrVar","v":"value"}," ঘন্টা আগে"],"zero":"এখনই"},"$x":[{"t":"idOrVar","v":"plural"},"value"]},{"$i":"days-ago-long","$v":{"few":[{"t":"idOrVar","v":"value"}," দিন আগে"],"many":[{"t":"idOrVar","v":"value"}," দিন আগে"],"one":"গতকাল","other":[{"t":"idOrVar","v":"value"}," দিন আগে"],"two":[{"t":"idOrVar","v":"value"}," দিন আগে"],"zero":"আজ"},"$x":[{"t":"idOrVar","v":"plural"},"value"]},{"$i":"weeks-ago-long","$v":{"few":[{"t":"idOrVar","v":"value"}," সপ্তাহ আগে"],"many":[{"t":"idOrVar","v":"value"}," সপ্তাহ আগে"],"one":"গত সপ্তাহ","other":[{"t":"idOrVar","v":"value"}," সপ্তাহ আগে"],"two":[{"t":"idOrVar","v":"value"}," সপ্তাহ আগে"],"zero":"এই সপ্তাহ"},"$x":[{"t":"idOrVar","v":"plural"},"value"]},{"$i":"months-ago-long","$v":{"few":[{"t":"idOrVar","v":"value"}," মাস আগে"],"many":[{"t":"idOrVar","v":"value"}," মাস আগে"],"one":"গত মাস","other":[{"t":"idOrVar","v":"value"}," মাস আগে"],"two":[{"t":"idOrVar","v":"value"}," মাস আগে"],"zero":"এই মাস"},"$x":[{"t":"idOrVar","v":"plural"},"value"]},{"$i":"years-ago-long","$v":{"few":[{"t":"idOrVar","v":"value"}," বছর আগে"],"many":[{"t":"idOrVar","v":"value"}," বছর আগে"],"one":"গত বছর","other":[{"t":"idOrVar","v":"value"}," বছর আগে"],"two":[{"t":"idOrVar","v":"value"}," বছর আগে"],"zero":"এই বছর"},"$x":[{"t":"idOrVar","v":"plural"},"value"]},{"$i":"minutes-until-long","$v":{"few":["মিনিটে ",{"t":"idOrVar","v":"value"}],"many":["মিনিটে ",{"t":"idOrVar","v":"value"}],"one":"এক মিনিটে","other":["মিনিটে ",{"t":"idOrVar","v":"value"}],"two":["মিনিটে ",{"t":"idOrVar","v":"value"}],"zero":"এখনই"},"$x":[{"t":"idOrVar","v":"plural"},"value"]},{"$i":"hours-until-long","$v":{"few":["ঘন্টায় ",{"t":"idOrVar","v":"value"}],"many":["ঘন্টায় ",{"t":"idOrVar","v":"value"}],"one":"এক ঘন্টায়","other":["ঘন্টায় ",{"t":"idOrVar","v":"value"}],"two":["ঘন্টায় ",{"t":"idOrVar","v":"value"}],"zero":"এখনই"},"$x":[{"t":"idOrVar","v":"plural"},"value"]},{"$i":"days-until-long","$v":{"few":["দিনে ",{"t":"idOrVar","v":"value"}],"many":["দিনে ",{"t":"idOrVar","v":"value"}],"one":"আগামীকাল","other":["দিনে ",{"t":"idOrVar","v":"value"}],"two":["দিনে ",{"t":"idOrVar","v":"value"}],"zero":"আজ"},"$x":[{"t":"idOrVar","v":"plural"},"value"]},{"$i":"weeks-until-long","$v":{"few":["সপ্তাহে ",{"t":"idOrVar","v":"value"}],"many":["সপ্তাহে ",{"t":"idOrVar","v":"value"}],"one":"পরের সপ্তাহ","other":["সপ্তাহে ",{"t":"idOrVar","v":"value"}],"two":["সপ্তাহে ",{"t":"idOrVar","v":"value"}],"zero":"এই সপ্তাহ"},"$x":[{"t":"idOrVar","v":"plural"},"value"]},{"$i":"months-until-long","$v":{"few":["মাসে ",{"t":"idOrVar","v":"value"}],"many":["মাসে ",{"t":"idOrVar","v":"value"}],"one":"পরের মাস","other":["মাসে ",{"t":"idOrVar","v":"value"}],"two":["মাসে ",{"t":"idOrVar","v":"value"}],"zero":"এই মাস"},"$x":[{"t":"idOrVar","v":"plural"},"value"]},{"$i":"years-until-long","$v":{"few":["বছরে ",{"t":"idOrVar","v":"value"}],"many":["বছরে ",{"t":"idOrVar","v":"value"}],"one":"পরের বছর","other":["বছরে ",{"t":"idOrVar","v":"value"}],"two":["বছরে ",{"t":"idOrVar","v":"value"}],"zero":"এই বছর"},"$x":[{"t":"idOrVar","v":"plural"},"value"]},{"$i":"minutes-ago-short","$v":{"other":[{"t":"idOrVar","v":"value"},"মিঃ আগে"],"zero":"এখনই"},"$x":[{"t":"idOrVar","v":"plural"},"value"]},{"$i":"hours-ago-short","$v":{"other":[{"t":"idOrVar","v":"value"},"ঘঃ আগে"],"zero":"এখনই"},"$x":[{"t":"idOrVar","v":"plural"},"value"]},{"$i":"days-ago-short","$v":{"other":[{"t":"idOrVar","v":"value"},"দিন আগে"],"zero":"আজ"},"$x":[{"t":"idOrVar","v":"plural"},"value"]},{"$i":"minutes-until-short","$v":{"other":["m ",{"t":"idOrVar","v":"value"}],"zero":"এখনই"},"$x":[{"t":"idOrVar","v":"plural"},"value"]},{"$i":"hours-until-short","$v":{"other":["h ",{"t":"idOrVar","v":"value"}],"zero":"এখনই"},"$x":[{"t":"idOrVar","v":"plural"},"value"]},{"$i":"days-until-short","$v":{"other":["d ",{"t":"idOrVar","v":"value"}],"zero":"আজ"},"$x":[{"t":"idOrVar","v":"plural"},"value"]},{"$i":"incorrectDate","$v":"(ভুল তারিখ)"},{"$i":"dateTimeFormat_%c","$v":"%a %b %e %Y %I:%M:%S %p"},{"$i":"dateTimeFormat_%x","$v":"%m/%d/%Y"},{"$i":"dateTimeFormat_%X","$v":"%I:%M:%S %p"},{"$i":"shortTimeFormat","$v":"%I:%M %p"},{"$i":"shortTimeFormat12","$v":"%I:%M %p"},{"$i":"shortTimeFormat24","$v":"%H:%M"},{"$i":"shortDateTimeFormat","$v":"%x %I:%M %p"},{"$i":"weekStartsOnMonday","$v":"0.0"},{"$i":"firstDayOfTheWeek","$v":"0.0"},{"$i":"softkey-options","$v":"বিকল্প"}]