[{"$i":"select","$v":"Odaberi"},{"$i":"deselect","$v":"Poništi odabir"},{"$i":"kai-select","$v":"Odaberi"},{"$i":"invalid-image","$v":"Nevažeća slika"},{"$i":"image-too-big","$v":"Veličina slike je prevelika da bi se prikazala u galeriji"},{"$i":"kai-selected-items-count","$v":[{"t":"idOrVar","v":"n"}," Izabrano"]},{"$i":"delete-photo?","$v":"Izbriši fotografiju?"},{"$i":"delete-video?","$v":"Izbriši video zapis?"},{"$i":"deleting","$v":"Brisanje..."},{"$i":"delete-n-items?","$v":{"few":["Izbriši ",{"t":"idOrVar","v":"n"}," datoteke?"],"many":["Izbriši ",{"t":"idOrVar","v":"n"}," datoteke?"],"one":"Izbriši odabranu stavku?","other":["Izbriši ",{"t":"idOrVar","v":"n"}," datoteke?"],"two":["Izbriši ",{"t":"idOrVar","v":"n"}," datoteke?"],"zero":"Ništa nije izabrano"},"$x":[{"t":"idOrVar","v":"plural"},"n"]},{"$i":"kai-contact-set-ok","$v":"Slika kontakta dodata"},{"$i":"kai-contact-set-fail","$v":"Nije moguće postaviti fotografiju kontakta"},{"$i":"kai-exposure-done","$v":"Izlaganje primijenjeno"},{"$i":"kai-rotation-done","$v":"Rotacija primijenjena"},{"$i":"kai-crop-done","$v":"Slika je obrezana"},{"$i":"kai-filters-done","$v":"Filter primijenjen"},{"$i":"kai-autocorrection-done","$v":"Primijenjena auto. ispravka"},{"$i":"kai-changes-saved","$v":"Promjene su sačuvane"},{"$i":"wallpaper-set","$v":"Pozadina postavljena"},{"$i":"kai-single-image-locked","$v":"Odabrana slika zaključana"},{"$i":"kai-single-image-unlocked","$v":"Odabrana slika otključana"},{"$i":"kai-single-image-deleted","$v":"Fotografija izbrisana"},{"$i":"kai-multiple-images-locked","$v":{"one":[{"t":"idOrVar","v":"n"}," fotografija zaključana"],"other":[{"t":"idOrVar","v":"n"}," fotografije/a zaključane/o"],"zero":"Nema zaključanih fotografija"},"$x":[{"t":"idOrVar","v":"plural"},"n"]},{"$i":"kai-multiple-images-unlocked","$v":{"one":[{"t":"idOrVar","v":"n"}," fotografija otključana"],"other":[{"t":"idOrVar","v":"n"}," fotografije/a otključane/o"],"zero":"Nema otključanih fotografija"},"$x":[{"t":"idOrVar","v":"plural"},"n"]},{"$i":"kai-deleted-n-photos","$v":{"one":[{"t":"idOrVar","v":"n"}," fotografija je izbrisana"],"other":["Fotografije (njih ",{"t":"idOrVar","v":"n"},") su izbrisane"],"zero":"Nije izbrisana nijedna fotografija"},"$x":[{"t":"idOrVar","v":"plural"},"n"]},{"$i":"kai-some-photos-not-share","$v":"Neke fotografije se ne mogu dijeliti"},{"$i":"kai-some-photos-not-delete","$v":"Neke fotografije se ne mogu izbrisati"},{"$i":"kai-some-photos-not-lock","$v":"Neke fotografije se ne mogu zaključati"},{"$i":"kai-undo","$v":"Opozovi"},{"$i":"pickoneimage2","$v":"Odaberi"},{"$i":"cropimage","$v":"Obreži"},{"$i":"kai-on","$v":"Uklj."},{"$i":"kai-off","$v":"Isklj."},{"$i":"cancel","$v":"Otkaži"},{"$i":"delete","$v":"Izbriši"},{"$i":"ok","$v":"U redu"},{"$i":"edit","$v":"Uredi"},{"$i":"revert","$v":"Vrati na prethodno"},{"$i":"save","$v":"Sačuvaj"},{"$i":"done","$v":"Završeno"},{"$i":"exposure","$v":"Izlaganje"},{"$i":"crop","$v":"Obreži"},{"$i":"effects","$v":"Efekti"},{"$i":"borders","$v":"Granice"},{"$i":"enhance-on","$v":"Auto. poboljšanje uklj."},{"$i":"enhance-off","$v":"Auto. poboljšanje isklj."},{"$i":"kai-set","$v":"Postavi"},{"$i":"kai-options","$v":"Opcije"},{"$i":"kai-select-all","$v":"Odaberi sve"},{"$i":"kai-deselect-all","$v":"Poništi sve"},{"$i":"kai-lock","$v":"Zaključaj"},{"$i":"kai-unlock","$v":"Otključaj"},{"$i":"kai-rename","$v":"Preimenuj"},{"$i":"kai-rotate","$v":"Rotiraj"},{"$i":"kai-share","$v":"Podijeli"},{"$i":"kai-settings","$v":"Postavke"},{"$i":"kai-set-as","$v":"Postavi kao"},{"$i":"set-as-wallpaper","$v":"Postavi kao sl. pozadine"},{"$i":"kai-wallpaper","$v":"Pozadina"},{"$i":"kai-existing-contact-image","$v":"Slika za postojeći kontakt"},{"$i":"kai-zoom","$v":"Povećaj"},{"$i":"kai-zoom-in","$v":"Povećaj"},{"$i":"kai-zoom-out","$v":"Smanji"},{"$i":"kai-file-info","$v":"Podaci o datoteci"},{"$i":"kai-select-multiple","$v":"Odaberi nekoliko"},{"$i":"kai-invalid-name","$v":"Nevažeće ime"},{"$i":"kai-name-already-exists","$v":"Ovo ime već postoji"},{"$i":"kai-override-warning-msg","$v":"Želite li presnimiti postojeću sliku?"},{"$i":"kai-override","$v":"Preuređivanje"},{"$i":"kai-edit-title","$v":"Uredi fotografiju"},{"$i":"kai-edit-exposure","$v":"Izlaganje"},{"$i":"kai-edit-crop","$v":"Obreži"},{"$i":"kai-edit-rotate","$v":"Rotiraj"},{"$i":"kai-edit-filters","$v":"Filteri"},{"$i":"kai-edit-auto-correct","$v":"Auto. ispravka"},{"$i":"edit-exposure","ariaLabel":"Izlaganje"},{"$i":"edit-crop","ariaLabel":"Obreži"},{"$i":"edit-rotate","ariaLabel":"Rotiraj"},{"$i":"edit-filters","ariaLabel":"Filteri"},{"$i":"edit-auto-correct","ariaLabel":"Auto. ispravka"},{"$i":"kai-crop-none","$v":"Opozovi isjecanje"},{"$i":"kai-crop-aspect-free","$v":"Zadano"},{"$i":"kai-crop-aspect-portrait","$v":"2:3"},{"$i":"kai-crop-aspect-landscape","$v":"3:2"},{"$i":"kai-crop-aspect-square","$v":"1:1"},{"$i":"crop-none","ariaLabel":"Opozovi isjecanje"},{"$i":"crop-aspect-free","ariaLabel":"Zadano"},{"$i":"crop-aspect-portrait","ariaLabel":"2:3"},{"$i":"crop-aspect-landscape","ariaLabel":"3:2"},{"$i":"crop-aspect-square","ariaLabel":"1:1"},{"$i":"edit-filters-none","ariaLabel":"Filter br. 1"},{"$i":"edit-filters-bw","ariaLabel":"Filter br. 2"},{"$i":"edit-filters-sepia","ariaLabel":"Filter br. 3"},{"$i":"edit-filters-bluesteel","ariaLabel":"Filter br. 4"},{"$i":"edit-filters-faded","ariaLabel":"Filter br. 5"},{"$i":"kai-rotate-cw","$v":"CW"},{"$i":"kai-rotate-ccw","$v":"CCW"},{"$i":"original","$v":"Originalno"},{"$i":"blackandwhite","$v":{"$o":"B&W"}},{"$i":"sepia","$v":"Sepija"},{"$i":"freeform","$v":"Slobodna forma"},{"$i":"portrait","$v":"Portret"},{"$i":"landscape","$v":"Pejzaž"},{"$i":"square","$v":"Kvadrat"},{"$i":"emptygallery2-title","$v":"Nema fotografija ili video zapisa"},{"$i":"emptygallery2-text","$v":"Galerija je prazna. Koristite kameru kako biste počeli."},{"$i":"emptygallery2-title-pick","$v":"Nema fotografija"},{"$i":"emptygallery-text-pick","$v":"Nema dostupnih fotografija."},{"$i":"nocard3-title","$v":"Nema memorijske kartice"},{"$i":"nocard4-text","$v":"Umetnite memorijsku karticu kako biste koristili ovu aplikaciju."},{"$i":"pluggedin2-title","$v":"Memorijska kartica u upotrebi"},{"$i":"pluggedin2-text","$v":"Memorija u upotrebi. Odspoji telefon da koristiš ovu aplikaciju."},{"$i":"scanning-title","$v":"Pretraga"},{"$i":"scanning-text","$v":"Pretraga slika..."},{"$i":"upgrade-title","$v":"Nadogradnja baze podataka"},{"$i":"upgrade-text","$v":"Sačekajte dok galerija ažurira svoju bazu podataka."},{"$i":"share-noprovider","$v":"Nije moguće podijeliti ovu vrstu datoteke fotografije."},{"$i":"memorycardfull","$v":"Memorija puna. Nije moguće urediti fotografije."},{"$i":"imagetoobig","$v":"Slika je prevelika da bi se prikazala na ovom uređaju."},{"$i":"imageinvalid","$v":"Slika nije važeća ili je korumpirana i stoga je nije moguće prikazati."},{"$i":"saved","$v":[{"t":"idOrVar","v":"filename"}," sačuvano u Galeriji"]},{"$i":"edit-copy-saved","$v":"Nova kopija sačuvana."},{"$i":"overlay-camera-button","$v":"Idi na kameru"},{"$i":"name-label","$v":"Ime"},{"$i":"size-label","$v":"Veličina"},{"$i":"image-type-label","$v":"Vrsta slike"},{"$i":"kai-date-and-time-label","$v":"Datum i vrijeme"},{"$i":"date-taken-label","$v":"Datum snimanja"},{"$i":"resolution-label","$v":"Rezolucija"},{"$i":"close-button","$v":"Zatvori"},{"$i":"path-label","$v":"Path"},{"$i":"sd-card","$v":"SD kartica"},{"$i":"internal","$v":"Unutrašnja"},{"$i":"byteUnit-B","$v":"Bajti"},{"$i":"byteUnit-KB","$v":"KB"},{"$i":"byteUnit-MB","$v":"MB"},{"$i":"byteUnit-GB","$v":"VB"},{"$i":"gallery","$v":"Galerija"},{"$i":"preview","$v":"Pregled"},{"$i":"kai-confirmation","$v":"Potvrda"},{"$i":"kai-delete-this-image","$v":"Izbriši fotografiju?"},{"$i":"kai-delete-selected-image","$v":"Izbriši odabranu fotografiju?"},{"$i":"kai-delete-selected-images","$v":"Izbriši odabrane fotografije?"},{"$i":"kai-sort-by","$v":"Sortiraj po"},{"$i":"kai-group-by-date-and-location","$v":"Grupiši po datumu"},{"$i":"kai-error","$v":"Greška"},{"$i":"kai-error-delete-locked-image","$v":"Odabrana slika je zaključana i ne može se izbrisati!"},{"$i":"kai-error-delete-locked-images","$v":"Među odabranih slikama je zaključana slika (slike) i ne mogu se izbrisati!"},{"$i":"kai-enter-new-name","$v":"Unesi novi naziv"},{"$i":"sort-and-group","$v":"Sortiraj i grupiši"},{"$i":"time_am","$v":"AM"},{"$i":"time_pm","$v":"PM"},{"$i":"date-group-header","$v":"%B %Y"},{"$i":"videoDescriptionShort","$v":"Video zapis izbrisan %I:%M %p, %B %e, %Y"},{"$i":"imageDescriptionShort","$v":"Slika od %I:%M %p, %B %e, %Y"},{"$i":"editImagePreview","ariaLabel":"Uredi pregled fotografije"},{"$i":"kai-pickoneimage","$v":"Odaberi fotografiju"},{"$i":"discard-changes-warning","$v":"Sve promjene će biti izgubljene. Želite li otkazati promjene?"},{"$i":"save-changes-warning","$v":"Sve promjene će biti izgubljene. Želite li sačuvati promjene?"},{"$i":"discard","$v":"Otkaži"},{"$i":"camera","$v":"Fotoaparat"},{"$i":"phone-is-full-title","$v":"Pohrana telefona je puna"},{"$i":"sd-card-is-full-title","$v":"SD kartica je puna."},{"$i":"phone-is-full-content","$v":"Izbrišite medijske datoteke ili podatke aplikacije da oslobodite prostor. Možete i umetnuti SD karticu da proširite prostor za pohranu medija."},{"$i":"sd-card-is-full-content","$v":"Izbrišite datoteke na SD kartici da oslobodite prostor."},{"$i":"imageDescription","$v":[{"t":"idOrVar","v":"orientation"}," slika, %I:%M %p, %B %e, %Y"]},{"$i":"imageDescriptionNoTimestamp","$v":[{"t":"idOrVar","v":"orientation"}," slika"]},{"$i":"videoDescription","$v":[{"t":"idOrVar","v":"orientation"}," video, %I:%M %p, %B %e, %Y"]},{"$i":"videoDescriptionNoTimestamp","$v":[{"t":"idOrVar","v":"orientation"}," video"]},{"$i":"orientationPortrait","$v":"portret"},{"$i":"orientationLandscape","$v":"pejzaž"},{"$i":"playbackPlay","ariaLabel":"Reproduciraj"},{"$i":"playbackPause","ariaLabel":"Pauziraj"},{"$i":"playbackNext","ariaLabel":"Sljedeće"},{"$i":"playbackPrevious","ariaLabel":"Prethodno"},{"$i":"playbackFullscreen","ariaLabel":"Cijeli ekran"},{"$i":"playbackSeekBar","ariaLabel":["Traka za pretragu, trajanje ",{"t":"idOrVar","v":"duration"}]},{"$i":"weekday-0-long","$v":"Nedjelja"},{"$i":"weekday-1-long","$v":"Ponedjeljak"},{"$i":"weekday-2-long","$v":"Utorak"},{"$i":"weekday-3-long","$v":"Srijeda"},{"$i":"weekday-4-long","$v":"Četvrtak"},{"$i":"weekday-5-long","$v":"Petak"},{"$i":"weekday-6-long","$v":"Subota"},{"$i":"weekday-0-short","$v":"Ned."},{"$i":"weekday-1-short","$v":"Pon."},{"$i":"weekday-2-short","$v":"Uto."},{"$i":"weekday-3-short","$v":"Sri."},{"$i":"weekday-4-short","$v":"Čet."},{"$i":"weekday-5-short","$v":"Pet."},{"$i":"weekday-6-short","$v":"Sub."},{"$i":"month-0-long","$v":"Januar"},{"$i":"month-1-long","$v":"Februar"},{"$i":"month-2-long","$v":"Mart"},{"$i":"month-3-long","$v":"April"},{"$i":"month-4-long","$v":"Maj"},{"$i":"month-5-long","$v":"Juni"},{"$i":"month-6-long","$v":"Juli"},{"$i":"month-7-long","$v":"Avgust"},{"$i":"month-8-long","$v":"Septembar"},{"$i":"month-9-long","$v":"Oktobar"},{"$i":"month-10-long","$v":"Novembar"},{"$i":"month-11-long","$v":"Decembar"},{"$i":"month-0-genitive","$v":"Januar"},{"$i":"month-1-genitive","$v":"Februar"},{"$i":"month-2-genitive","$v":"Mart"},{"$i":"month-3-genitive","$v":"April"},{"$i":"month-4-genitive","$v":"Maj"},{"$i":"month-5-genitive","$v":"Juni"},{"$i":"month-6-genitive","$v":"Juli"},{"$i":"month-7-genitive","$v":"Avgust"},{"$i":"month-8-genitive","$v":"Septembar"},{"$i":"month-9-genitive","$v":"Oktobar"},{"$i":"month-10-genitive","$v":"Novembar"},{"$i":"month-11-genitive","$v":"Decembar"},{"$i":"month-0-short","$v":"Jan."},{"$i":"month-1-short","$v":"Feb."},{"$i":"month-2-short","$v":"Mart"},{"$i":"month-3-short","$v":"Apr."},{"$i":"month-4-short","$v":"Maj"},{"$i":"month-5-short","$v":"Juni"},{"$i":"month-6-short","$v":"Juli"},{"$i":"month-7-short","$v":"Avg."},{"$i":"month-8-short","$v":"Sep."},{"$i":"month-9-short","$v":"Okt."},{"$i":"month-10-short","$v":"Nov."},{"$i":"month-11-short","$v":"Dec."},{"$i":"minutes-ago-long","$v":{"few":["Prije ",{"t":"idOrVar","v":"value"}," minute/a"],"many":["Prije ",{"t":"idOrVar","v":"value"}," minute/a"],"one":"prije jedan minut","other":["Prije ",{"t":"idOrVar","v":"value"}," minute/a"],"two":["Prije ",{"t":"idOrVar","v":"value"}," minute/a"],"zero":"sada"},"$x":[{"t":"idOrVar","v":"plural"},"value"]},{"$i":"hours-ago-long","$v":{"few":["Prije ",{"t":"idOrVar","v":"value"}," sata/i"],"many":["Prije ",{"t":"idOrVar","v":"value"}," sata/i"],"one":"prije sat vremena","other":["Prije ",{"t":"idOrVar","v":"value"}," sata/i"],"two":["Prije ",{"t":"idOrVar","v":"value"}," sata/i"],"zero":"sada"},"$x":[{"t":"idOrVar","v":"plural"},"value"]},{"$i":"days-ago-long","$v":{"few":["prije ",{"t":"idOrVar","v":"value"}," dana"],"many":["prije ",{"t":"idOrVar","v":"value"}," dana"],"one":"jučer","other":["prije ",{"t":"idOrVar","v":"value"}," dana"],"two":["prije ",{"t":"idOrVar","v":"value"}," dana"],"zero":"danas"},"$x":[{"t":"idOrVar","v":"plural"},"value"]},{"$i":"weeks-ago-long","$v":{"few":["Prije ",{"t":"idOrVar","v":"value"}," sedmice/a"],"many":["Prije ",{"t":"idOrVar","v":"value"}," sedmice/a"],"one":"prošle sedmice","other":["Prije ",{"t":"idOrVar","v":"value"}," sedmice/a"],"two":["Prije ",{"t":"idOrVar","v":"value"}," sedmice/a"],"zero":"ova sedmica"},"$x":[{"t":"idOrVar","v":"plural"},"value"]},{"$i":"months-ago-long","$v":{"few":["Prije ",{"t":"idOrVar","v":"value"}," mjeseca/i"],"many":["Prije ",{"t":"idOrVar","v":"value"}," mjeseca/i"],"one":"prošli mjesec","other":["Prije ",{"t":"idOrVar","v":"value"}," mjeseca/i"],"two":["Prije ",{"t":"idOrVar","v":"value"}," mjeseca/i"],"zero":"ovaj mjesec"},"$x":[{"t":"idOrVar","v":"plural"},"value"]},{"$i":"years-ago-long","$v":{"few":["Prije ",{"t":"idOrVar","v":"value"}," godine/a"],"many":["Prije ",{"t":"idOrVar","v":"value"}," godine/a"],"one":"prošle godine","other":["Prije ",{"t":"idOrVar","v":"value"}," godine/a"],"two":["Prije ",{"t":"idOrVar","v":"value"}," godine/a"],"zero":"ova godina"},"$x":[{"t":"idOrVar","v":"plural"},"value"]},{"$i":"minutes-until-long","$v":{"few":["za ",{"t":"idOrVar","v":"value"}," minuta"],"many":["za ",{"t":"idOrVar","v":"value"}," minuta"],"one":"za minut","other":["za ",{"t":"idOrVar","v":"value"}," minuta"],"two":["za ",{"t":"idOrVar","v":"value"}," minuta"],"zero":"sada"},"$x":[{"t":"idOrVar","v":"plural"},"value"]},{"$i":"hours-until-long","$v":{"few":["za ",{"t":"idOrVar","v":"value"}," sati"],"many":["za ",{"t":"idOrVar","v":"value"}," sati"],"one":"za sat","other":["za ",{"t":"idOrVar","v":"value"}," sati"],"two":["za ",{"t":"idOrVar","v":"value"}," sati"],"zero":"sada"},"$x":[{"t":"idOrVar","v":"plural"},"value"]},{"$i":"days-until-long","$v":{"few":["za ",{"t":"idOrVar","v":"value"}," dana"],"many":["za ",{"t":"idOrVar","v":"value"}," dana"],"one":"sutra","other":["za ",{"t":"idOrVar","v":"value"}," dana"],"two":["za ",{"t":"idOrVar","v":"value"}," dana"],"zero":"danas"},"$x":[{"t":"idOrVar","v":"plural"},"value"]},{"$i":"weeks-until-long","$v":{"few":["za ",{"t":"idOrVar","v":"value"}," sedmica"],"many":["za ",{"t":"idOrVar","v":"value"}," sedmica"],"one":"sljedeća sedmica","other":["za ",{"t":"idOrVar","v":"value"}," sedmica"],"two":["za ",{"t":"idOrVar","v":"value"}," sedmica"],"zero":"ova sedmica"},"$x":[{"t":"idOrVar","v":"plural"},"value"]},{"$i":"months-until-long","$v":{"few":["za ",{"t":"idOrVar","v":"value"}," mjeseci"],"many":["za ",{"t":"idOrVar","v":"value"}," mjeseci"],"one":"sljedeći mjesec","other":["za ",{"t":"idOrVar","v":"value"}," mjeseci"],"two":["za ",{"t":"idOrVar","v":"value"}," mjeseci"],"zero":"ovaj mjesec"},"$x":[{"t":"idOrVar","v":"plural"},"value"]},{"$i":"years-until-long","$v":{"few":["za ",{"t":"idOrVar","v":"value"}," godina"],"many":["za ",{"t":"idOrVar","v":"value"}," godina"],"one":"sljedeća godina","other":["za ",{"t":"idOrVar","v":"value"}," godina"],"two":["za ",{"t":"idOrVar","v":"value"}," godina"],"zero":"ova godina"},"$x":[{"t":"idOrVar","v":"plural"},"value"]},{"$i":"minutes-ago-short","$v":{"other":["Prije ",{"t":"idOrVar","v":"value"},"m"],"zero":"sada"},"$x":[{"t":"idOrVar","v":"plural"},"value"]},{"$i":"hours-ago-short","$v":{"other":["Prije ",{"t":"idOrVar","v":"value"},"h"],"zero":"sada"},"$x":[{"t":"idOrVar","v":"plural"},"value"]},{"$i":"days-ago-short","$v":{"other":["Prije ",{"t":"idOrVar","v":"value"},"d"],"zero":"danas"},"$x":[{"t":"idOrVar","v":"plural"},"value"]},{"$i":"minutes-until-short","$v":{"other":["za ",{"t":"idOrVar","v":"value"},"m"],"zero":"sada"},"$x":[{"t":"idOrVar","v":"plural"},"value"]},{"$i":"hours-until-short","$v":{"other":["za ",{"t":"idOrVar","v":"value"},"s"],"zero":"sada"},"$x":[{"t":"idOrVar","v":"plural"},"value"]},{"$i":"days-until-short","$v":{"other":["za ",{"t":"idOrVar","v":"value"},"d"],"zero":"danas"},"$x":[{"t":"idOrVar","v":"plural"},"value"]},{"$i":"incorrectDate","$v":"(netačan datum)"},{"$i":"dateTimeFormat_%c","$v":"%a %b %e %Y %I:%M:%S %p"},{"$i":"dateTimeFormat_%x","$v":"%m/%d/%Y"},{"$i":"dateTimeFormat_%X","$v":"%I:%M:%S %p"},{"$i":"shortTimeFormat","$v":"%I:%M %p"},{"$i":"shortTimeFormat12","$v":"%I:%M %p"},{"$i":"shortTimeFormat24","$v":"%H:%M"},{"$i":"shortDateTimeFormat","$v":"%x %I:%M %p"},{"$i":"weekStartsOnMonday","$v":"0.0"},{"$i":"firstDayOfTheWeek","$v":"1.0"},{"$i":"softkey-options","$v":"Opcije"}]