[{"$i":"select","$v":"Select"},{"$i":"deselect","$v":"Deselect"},{"$i":"kai-select","$v":"Select"},{"$i":"invalid-image","$v":"Invalid Image"},{"$i":"image-too-big","$v":"Image file size is too large to show in Gallery."},{"$i":"kai-selected-items-count","$v":[{"t":"idOrVar","v":"n"}," Selected"]},{"$i":"delete-photo?","$v":"Delete photo?"},{"$i":"delete-video?","$v":"Delete video?"},{"$i":"deleting","$v":"Deleting..."},{"$i":"delete-n-items?","$v":{"zero":"Nothing selected","one":"Delete selected item?","two":["Delete ",{"t":"idOrVar","v":"n"}," items?"],"few":["Delete ",{"t":"idOrVar","v":"n"}," items?"],"many":["Delete ",{"t":"idOrVar","v":"n"}," items?"],"other":["Delete ",{"t":"idOrVar","v":"n"}," items?"]},"$x":[{"t":"idOrVar","v":"plural"},"n"]},{"$i":"kai-contact-set-ok","$v":"Contact image added"},{"$i":"kai-contact-set-fail","$v":"Fail to set contact image"},{"$i":"kai-exposure-done","$v":"Exposure applied"},{"$i":"kai-rotation-done","$v":"Rotation applied"},{"$i":"kai-crop-done","$v":"Image cropped"},{"$i":"kai-filters-done","$v":"Filter applied"},{"$i":"kai-autocorrection-done","$v":"Auto-Correction applied"},{"$i":"kai-changes-saved","$v":"Changes saved"},{"$i":"wallpaper-set","$v":"Wallpaper set"},{"$i":"kai-single-image-locked","$v":"Selected image locked"},{"$i":"kai-single-image-unlocked","$v":"Selected image unlocked."},{"$i":"kai-single-image-deleted","$v":"Photo deleted."},{"$i":"kai-multiple-images-locked","$v":{"zero":"No photo locked","one":[{"t":"idOrVar","v":"n"}," photo locked"],"other":[{"t":"idOrVar","v":"n"}," photos locked"]},"$x":[{"t":"idOrVar","v":"plural"},"n"]},{"$i":"kai-multiple-images-unlocked","$v":{"zero":"No photo unlocked","one":[{"t":"idOrVar","v":"n"}," photo unlocked"],"other":[{"t":"idOrVar","v":"n"}," photos unlocked"]},"$x":[{"t":"idOrVar","v":"plural"},"n"]},{"$i":"kai-deleted-n-photos","$v":{"zero":"No photo deleted","one":[{"t":"idOrVar","v":"n"}," photo deleted"],"other":[{"t":"idOrVar","v":"n"}," photos deleted"]},"$x":[{"t":"idOrVar","v":"plural"},"n"]},{"$i":"kai-some-photos-not-share","$v":"Some photos can’t be shared"},{"$i":"kai-some-photos-not-delete","$v":"Some photos can’t be deleted"},{"$i":"kai-some-photos-not-lock","$v":"Some photos can’t be locked"},{"$i":"kai-undo","$v":"Undo"},{"$i":"pickoneimage2","$v":"Select"},{"$i":"cropimage","$v":"Crop"},{"$i":"kai-on","$v":"On"},{"$i":"kai-off","$v":"Off"},{"$i":"cancel","$v":"Cancel"},{"$i":"delete","$v":"Delete"},{"$i":"ok","$v":"OK"},{"$i":"edit","$v":"Edit"},{"$i":"revert","$v":"Revert"},{"$i":"save","$v":"Save"},{"$i":"done","$v":"Done"},{"$i":"exposure","$v":"Exposure"},{"$i":"crop","$v":"Crop"},{"$i":"effects","$v":"Effects"},{"$i":"borders","$v":"Borders"},{"$i":"enhance-on","$v":"Auto-enhance on"},{"$i":"enhance-off","$v":"Auto-enhance off"},{"$i":"kai-set","$v":"Set"},{"$i":"kai-options","$v":"Options"},{"$i":"kai-select-all","$v":"All"},{"$i":"kai-deselect-all","$v":"None"},{"$i":"kai-lock","$v":"Lock"},{"$i":"kai-unlock","$v":"Unlock"},{"$i":"kai-rename","$v":"Rename"},{"$i":"kai-rotate","$v":"Rotate"},{"$i":"kai-share","$v":"Share"},{"$i":"kai-settings","$v":"Settings"},{"$i":"kai-set-as","$v":"Set as"},{"$i":"set-as-wallpaper","$v":"Set as wallpaper"},{"$i":"kai-wallpaper","$v":"Wallpaper"},{"$i":"kai-existing-contact-image","$v":"Image for existing contact"},{"$i":"kai-zoom","$v":"Zoom"},{"$i":"kai-zoom-in","$v":"Zoom In"},{"$i":"kai-zoom-out","$v":"Zoom Out"},{"$i":"kai-file-info","$v":"File Info"},{"$i":"kai-select-multiple","$v":"Select Multiple"},{"$i":"kai-invalid-name","$v":"Invalid Name"},{"$i":"kai-name-already-exists","$v":"This name already exists"},{"$i":"kai-override-warning-msg","$v":"Would you like to override the existing image?"},{"$i":"kai-override","$v":"Override"},{"$i":"kai-edit-title","$v":"Edit Image"},{"$i":"kai-edit-exposure","$v":"Exposure"},{"$i":"kai-edit-crop","$v":"Crop"},{"$i":"kai-edit-rotate","$v":"Rotate"},{"$i":"kai-edit-filters","$v":"Filters"},{"$i":"kai-edit-auto-correct","$v":"Auto-correction"},{"$i":"edit-exposure","ariaLabel":"Exposure"},{"$i":"edit-crop","ariaLabel":"Crop"},{"$i":"edit-rotate","ariaLabel":"Rotate"},{"$i":"edit-filters","ariaLabel":"Filters"},{"$i":"edit-auto-correct","ariaLabel":"Auto-correction"},{"$i":"kai-crop-none","$v":"Undo cropping"},{"$i":"kai-crop-aspect-free","$v":"Default"},{"$i":"kai-crop-aspect-portrait","$v":"2:3"},{"$i":"kai-crop-aspect-landscape","$v":"3:2"},{"$i":"kai-crop-aspect-square","$v":"1:1"},{"$i":"crop-none","ariaLabel":"Undo cropping"},{"$i":"crop-aspect-free","ariaLabel":"Default"},{"$i":"crop-aspect-portrait","ariaLabel":"2:3"},{"$i":"crop-aspect-landscape","ariaLabel":"3:2"},{"$i":"crop-aspect-square","ariaLabel":"1:1"},{"$i":"edit-filters-none","ariaLabel":"Filter 1"},{"$i":"edit-filters-bw","ariaLabel":"Filter 2"},{"$i":"edit-filters-sepia","ariaLabel":"Filter 3"},{"$i":"edit-filters-bluesteel","ariaLabel":"Filter 4"},{"$i":"edit-filters-faded","ariaLabel":"Filter 5"},{"$i":"kai-rotate-cw","$v":"CW"},{"$i":"kai-rotate-ccw","$v":"CCW"},{"$i":"original","$v":"Original"},{"$i":"blackandwhite","$v":{"$o":"B&W"}},{"$i":"sepia","$v":"Sepia"},{"$i":"freeform","$v":"Freeform"},{"$i":"portrait","$v":"Portrait"},{"$i":"landscape","$v":"Landscape"},{"$i":"square","$v":"Square"},{"$i":"emptygallery2-title","$v":"No photos or videos"},{"$i":"emptygallery2-text","$v":"Gallery is empty. Use camera to get started."},{"$i":"emptygallery2-title-pick","$v":"No photos"},{"$i":"emptygallery-text-pick","$v":"No photos available."},{"$i":"nocard3-title","$v":"No memory card"},{"$i":"nocard4-text","$v":"Insert a memory card to use this app."},{"$i":"pluggedin2-title","$v":"Memory card in use"},{"$i":"pluggedin2-text","$v":"Storage is in use. Please unplug the phone to use this app."},{"$i":"scanning-title","$v":"Scanning"},{"$i":"scanning-text","$v":"Scanning for photos ..."},{"$i":"upgrade-title","$v":"Database Upgrade"},{"$i":"upgrade-text","$v":"Please wait while Gallery updates its database."},{"$i":"share-noprovider","$v":"Can not share this image file type."},{"$i":"memorycardfull","$v":"Storage is full. Can not edit photos."},{"$i":"imagetoobig","$v":"Image is too large to display on this device."},{"$i":"imageinvalid","$v":"Image is invalid or corrupt and cannot be displayed."},{"$i":"saved","$v":[{"t":"idOrVar","v":"filename"}," saved to Gallery"]},{"$i":"edit-copy-saved","$v":"New copy saved."},{"$i":"overlay-camera-button","$v":"Go to Camera"},{"$i":"name-label","$v":"Name"},{"$i":"size-label","$v":"Size"},{"$i":"image-type-label","$v":"Image Type"},{"$i":"kai-date-and-time-label","$v":"Date and Time"},{"$i":"date-taken-label","$v":"Date Taken"},{"$i":"resolution-label","$v":"Resolution"},{"$i":"close-button","$v":"Close"},{"$i":"path-label","$v":"Path"},{"$i":"sd-card","$v":"SD Card"},{"$i":"internal","$v":"Internal"},{"$i":"byteUnit-B","$v":"Bytes"},{"$i":"byteUnit-KB","$v":"KB"},{"$i":"byteUnit-MB","$v":"MB"},{"$i":"byteUnit-GB","$v":"GB"},{"$i":"gallery","$v":"Gallery"},{"$i":"preview","$v":"Preview"},{"$i":"kai-confirmation","$v":"Confirmation"},{"$i":"kai-delete-this-image","$v":"Delete photo?"},{"$i":"kai-delete-selected-image","$v":"Delete selected photo?"},{"$i":"kai-delete-selected-images","$v":"Delete selected photos?"},{"$i":"kai-sort-by","$v":"Sort by"},{"$i":"kai-group-by-date-and-location","$v":"Group by Date"},{"$i":"kai-error","$v":"Error"},{"$i":"kai-error-delete-locked-image","$v":"The selected image is locked and could not be deleted!"},{"$i":"kai-error-delete-locked-images","$v":"The selected images contain locked image(s) and could not be deleted!"},{"$i":"kai-enter-new-name","$v":"Enter New Name"},{"$i":"sort-and-group","$v":"Sort and Group"},{"$i":"time_am","$v":"AM"},{"$i":"time_pm","$v":"PM"},{"$i":"date-group-header","$v":"%B %Y"},{"$i":"videoDescriptionShort","$v":"Video dated %I:%M %p, %B %e, %Y"},{"$i":"imageDescriptionShort","$v":"Image dated %I:%M %p, %B %e, %Y"},{"$i":"editImagePreview","ariaLabel":"Edit image preview"},{"$i":"kai-pickoneimage","$v":"Select A Photo"},{"$i":"discard-changes-warning","$v":"All changes will be lost. Would you like to discard changes?"},{"$i":"save-changes-warning","$v":"All changes will be discarded. Save changes?"},{"$i":"discard","$v":"Discard"},{"$i":"camera","$v":"Camera"},{"$i":"phone-is-full-title","$v":"Phone Storage Full"},{"$i":"sd-card-is-full-title","$v":"SD Card Full"},{"$i":"phone-is-full-content","$v":"Delete media files or application data to free up space. You can also insert an SD card to expand media storage."},{"$i":"sd-card-is-full-content","$v":"Delete files in SD card to free up space."},{"$i":"imageDescription","$v":[{"t":"idOrVar","v":"orientation"}," image, %I:%M %p, %B %e, %Y"]},{"$i":"imageDescriptionNoTimestamp","$v":[{"t":"idOrVar","v":"orientation"}," image"]},{"$i":"videoDescription","$v":[{"t":"idOrVar","v":"orientation"}," video, %I:%M %p, %B %e, %Y"]},{"$i":"videoDescriptionNoTimestamp","$v":[{"t":"idOrVar","v":"orientation"}," video"]},{"$i":"orientationPortrait","$v":"portrait"},{"$i":"orientationLandscape","$v":"landscape"},{"$i":"playbackPlay","ariaLabel":"Play"},{"$i":"playbackPause","ariaLabel":"Pause"},{"$i":"playbackNext","ariaLabel":"Next"},{"$i":"playbackPrevious","ariaLabel":"Previous"},{"$i":"playbackFullscreen","ariaLabel":"Fullscreen"},{"$i":"playbackSeekBar","ariaLabel":["Seek bar, duration ",{"t":"idOrVar","v":"duration"}]},{"$i":"weekday-0-long","$v":"Sunday"},{"$i":"weekday-1-long","$v":"Monday"},{"$i":"weekday-2-long","$v":"Tuesday"},{"$i":"weekday-3-long","$v":"Wednesday"},{"$i":"weekday-4-long","$v":"Thursday"},{"$i":"weekday-5-long","$v":"Friday"},{"$i":"weekday-6-long","$v":"Saturday"},{"$i":"weekday-0-short","$v":"Sun"},{"$i":"weekday-1-short","$v":"Mon"},{"$i":"weekday-2-short","$v":"Tue"},{"$i":"weekday-3-short","$v":"Wed"},{"$i":"weekday-4-short","$v":"Thu"},{"$i":"weekday-5-short","$v":"Fri"},{"$i":"weekday-6-short","$v":"Sat"},{"$i":"month-0-long","$v":"January"},{"$i":"month-1-long","$v":"February"},{"$i":"month-2-long","$v":"March"},{"$i":"month-3-long","$v":"April"},{"$i":"month-4-long","$v":"May"},{"$i":"month-5-long","$v":"June"},{"$i":"month-6-long","$v":"July"},{"$i":"month-7-long","$v":"August"},{"$i":"month-8-long","$v":"September"},{"$i":"month-9-long","$v":"October"},{"$i":"month-10-long","$v":"November"},{"$i":"month-11-long","$v":"December"},{"$i":"month-0-genitive","$v":"January"},{"$i":"month-1-genitive","$v":"February"},{"$i":"month-2-genitive","$v":"March"},{"$i":"month-3-genitive","$v":"April"},{"$i":"month-4-genitive","$v":"May"},{"$i":"month-5-genitive","$v":"June"},{"$i":"month-6-genitive","$v":"July"},{"$i":"month-7-genitive","$v":"August"},{"$i":"month-8-genitive","$v":"September"},{"$i":"month-9-genitive","$v":"October"},{"$i":"month-10-genitive","$v":"November"},{"$i":"month-11-genitive","$v":"December"},{"$i":"month-0-short","$v":"Jan"},{"$i":"month-1-short","$v":"Feb"},{"$i":"month-2-short","$v":"Mar"},{"$i":"month-3-short","$v":"Apr"},{"$i":"month-4-short","$v":"May"},{"$i":"month-5-short","$v":"Jun"},{"$i":"month-6-short","$v":"Jul"},{"$i":"month-7-short","$v":"Aug"},{"$i":"month-8-short","$v":"Sep"},{"$i":"month-9-short","$v":"Oct"},{"$i":"month-10-short","$v":"Nov"},{"$i":"month-11-short","$v":"Dec"},{"$i":"minutes-ago-long","$v":{"zero":"just now","one":"a minute ago","two":[{"t":"idOrVar","v":"value"}," minutes ago"],"few":[{"t":"idOrVar","v":"value"}," minutes ago"],"many":[{"t":"idOrVar","v":"value"}," minutes ago"],"other":[{"t":"idOrVar","v":"value"}," minutes ago"]},"$x":[{"t":"idOrVar","v":"plural"},"value"]},{"$i":"hours-ago-long","$v":{"zero":"just now","one":"an hour ago","two":[{"t":"idOrVar","v":"value"}," hours ago"],"few":[{"t":"idOrVar","v":"value"}," hours ago"],"many":[{"t":"idOrVar","v":"value"}," hours ago"],"other":[{"t":"idOrVar","v":"value"}," hours ago"]},"$x":[{"t":"idOrVar","v":"plural"},"value"]},{"$i":"days-ago-long","$v":{"zero":"today","one":"yesterday","two":[{"t":"idOrVar","v":"value"}," days ago"],"few":[{"t":"idOrVar","v":"value"}," days ago"],"many":[{"t":"idOrVar","v":"value"}," days ago"],"other":[{"t":"idOrVar","v":"value"}," days ago"]},"$x":[{"t":"idOrVar","v":"plural"},"value"]},{"$i":"weeks-ago-long","$v":{"zero":"this week","one":"last week","two":[{"t":"idOrVar","v":"value"}," weeks ago"],"few":[{"t":"idOrVar","v":"value"}," weeks ago"],"many":[{"t":"idOrVar","v":"value"}," weeks ago"],"other":[{"t":"idOrVar","v":"value"}," weeks ago"]},"$x":[{"t":"idOrVar","v":"plural"},"value"]},{"$i":"months-ago-long","$v":{"zero":"this month","one":"last month","two":[{"t":"idOrVar","v":"value"}," months ago"],"few":[{"t":"idOrVar","v":"value"}," months ago"],"many":[{"t":"idOrVar","v":"value"}," months ago"],"other":[{"t":"idOrVar","v":"value"}," months ago"]},"$x":[{"t":"idOrVar","v":"plural"},"value"]},{"$i":"years-ago-long","$v":{"zero":"this year","one":"last year","two":[{"t":"idOrVar","v":"value"}," years ago"],"few":[{"t":"idOrVar","v":"value"}," years ago"],"many":[{"t":"idOrVar","v":"value"}," years ago"],"other":[{"t":"idOrVar","v":"value"}," years ago"]},"$x":[{"t":"idOrVar","v":"plural"},"value"]},{"$i":"minutes-until-long","$v":{"zero":"now","one":"in a minute","two":["in ",{"t":"idOrVar","v":"value"}," minutes"],"few":["in ",{"t":"idOrVar","v":"value"}," minutes"],"many":["in ",{"t":"idOrVar","v":"value"}," minutes"],"other":["in ",{"t":"idOrVar","v":"value"}," minutes"]},"$x":[{"t":"idOrVar","v":"plural"},"value"]},{"$i":"hours-until-long","$v":{"zero":"now","one":"in an hour","two":["in ",{"t":"idOrVar","v":"value"}," hours"],"few":["in ",{"t":"idOrVar","v":"value"}," hours"],"many":["in ",{"t":"idOrVar","v":"value"}," hours"],"other":["in ",{"t":"idOrVar","v":"value"}," hours"]},"$x":[{"t":"idOrVar","v":"plural"},"value"]},{"$i":"days-until-long","$v":{"zero":"today","one":"tomorrow","two":["in ",{"t":"idOrVar","v":"value"}," days"],"few":["in ",{"t":"idOrVar","v":"value"}," days"],"many":["in ",{"t":"idOrVar","v":"value"}," days"],"other":["in ",{"t":"idOrVar","v":"value"}," days"]},"$x":[{"t":"idOrVar","v":"plural"},"value"]},{"$i":"weeks-until-long","$v":{"zero":"this week","one":"next week","two":["in ",{"t":"idOrVar","v":"value"}," weeks"],"few":["in ",{"t":"idOrVar","v":"value"}," weeks"],"many":["in ",{"t":"idOrVar","v":"value"}," weeks"],"other":["in ",{"t":"idOrVar","v":"value"}," weeks"]},"$x":[{"t":"idOrVar","v":"plural"},"value"]},{"$i":"months-until-long","$v":{"zero":"this month","one":"next month","two":["in ",{"t":"idOrVar","v":"value"}," months"],"few":["in ",{"t":"idOrVar","v":"value"}," months"],"many":["in ",{"t":"idOrVar","v":"value"}," months"],"other":["in ",{"t":"idOrVar","v":"value"}," months"]},"$x":[{"t":"idOrVar","v":"plural"},"value"]},{"$i":"years-until-long","$v":{"zero":"this year","one":"next year","two":["in ",{"t":"idOrVar","v":"value"}," years"],"few":["in ",{"t":"idOrVar","v":"value"}," years"],"many":["in ",{"t":"idOrVar","v":"value"}," years"],"other":["in ",{"t":"idOrVar","v":"value"}," years"]},"$x":[{"t":"idOrVar","v":"plural"},"value"]},{"$i":"minutes-ago-short","$v":{"zero":"just now","other":[{"t":"idOrVar","v":"value"},"m ago"]},"$x":[{"t":"idOrVar","v":"plural"},"value"]},{"$i":"hours-ago-short","$v":{"zero":"just now","other":[{"t":"idOrVar","v":"value"},"h ago"]},"$x":[{"t":"idOrVar","v":"plural"},"value"]},{"$i":"days-ago-short","$v":{"zero":"today","other":[{"t":"idOrVar","v":"value"},"d ago"]},"$x":[{"t":"idOrVar","v":"plural"},"value"]},{"$i":"minutes-until-short","$v":{"zero":"now","other":["in ",{"t":"idOrVar","v":"value"},"m"]},"$x":[{"t":"idOrVar","v":"plural"},"value"]},{"$i":"hours-until-short","$v":{"zero":"now","other":["in ",{"t":"idOrVar","v":"value"},"h"]},"$x":[{"t":"idOrVar","v":"plural"},"value"]},{"$i":"days-until-short","$v":{"zero":"today","other":["in ",{"t":"idOrVar","v":"value"},"d"]},"$x":[{"t":"idOrVar","v":"plural"},"value"]},{"$i":"incorrectDate","$v":"(incorrect date)"},{"$i":"dateTimeFormat_%c","$v":"%a %b %e %Y %I:%M:%S %p"},{"$i":"dateTimeFormat_%x","$v":"%m/%d/%Y"},{"$i":"dateTimeFormat_%X","$v":"%I:%M:%S %p"},{"$i":"shortTimeFormat","$v":"%I:%M %p"},{"$i":"shortTimeFormat12","$v":"%I:%M %p"},{"$i":"shortTimeFormat24","$v":"%H:%M"},{"$i":"shortDateTimeFormat","$v":"%x %I:%M %p"},{"$i":"weekStartsOnMonday","$v":"0"},{"$i":"firstDayOfTheWeek","$v":"0"},{"$i":"softkey-options","$v":"Options"}]