[{"$i":"select","$v":"Selec."},{"$i":"deselect","$v":"Desmarcar"},{"$i":"kai-select","$v":"Selec."},{"$i":"invalid-image","$v":"Imagen no válida"},{"$i":"image-too-big","$v":"El tamaño del archivo de imagen es demasiado grande para verlo en la galería."},{"$i":"kai-selected-items-count","$v":["Seleccionadas: ",{"t":"idOrVar","v":"n"}]},{"$i":"delete-photo?","$v":"¿Eliminar foto?"},{"$i":"delete-video?","$v":"¿Eliminar video?"},{"$i":"deleting","$v":"Eliminando…"},{"$i":"delete-n-items?","$v":{"few":["¿Eliminar ",{"t":"idOrVar","v":"n"}," elementos?"],"many":["¿Eliminar ",{"t":"idOrVar","v":"n"}," elementos?"],"one":"¿Eliminar elemento seleccionado?","other":["¿Eliminar ",{"t":"idOrVar","v":"n"}," elementos?"],"two":["¿Eliminar ",{"t":"idOrVar","v":"n"}," elementos?"],"zero":"Nada seleccionado"},"$x":[{"t":"idOrVar","v":"plural"},"n"]},{"$i":"kai-contact-set-ok","$v":"Imagen de contacto añadida"},{"$i":"kai-contact-set-fail","$v":"Fallo al establecer la imagen de contacto"},{"$i":"kai-exposure-done","$v":"Toma aplicada"},{"$i":"kai-rotation-done","$v":"Rotación aplicada"},{"$i":"kai-crop-done","$v":"Imagen recortada"},{"$i":"kai-filters-done","$v":"Filtro aplicado"},{"$i":"kai-autocorrection-done","$v":"Auto-corrección aplicada"},{"$i":"kai-changes-saved","$v":"Cambios guardados"},{"$i":"wallpaper-set","$v":"Fondo de pantalla establecido"},{"$i":"kai-single-image-locked","$v":"Imagen seleccionada bloqueada"},{"$i":"kai-single-image-unlocked","$v":"Imagen seleccionada desbloqueada"},{"$i":"kai-single-image-deleted","$v":"Fotografía eliminada."},{"$i":"kai-multiple-images-locked","$v":{"one":["Se ha bloqueado ",{"t":"idOrVar","v":"n"}," foto"],"other":["Se han bloqueado ",{"t":"idOrVar","v":"n"}," fotos"],"zero":"No se ha bloqueado ninguna foto"},"$x":[{"t":"idOrVar","v":"plural"},"n"]},{"$i":"kai-multiple-images-unlocked","$v":{"one":["Se ha desbloqueado ",{"t":"idOrVar","v":"n"}," foto"],"other":["Se han desbloqueado ",{"t":"idOrVar","v":"n"}," fotos"],"zero":"No se ha desbloqueado ninguna foto"},"$x":[{"t":"idOrVar","v":"plural"},"n"]},{"$i":"kai-deleted-n-photos","$v":{"one":[{"t":"idOrVar","v":"n"}," foto eliminada"],"other":[{"t":"idOrVar","v":"n"}," imágenes eliminadas"],"zero":"No se ha eliminado ninguna foto."},"$x":[{"t":"idOrVar","v":"plural"},"n"]},{"$i":"kai-some-photos-not-share","$v":"Algunas fotos no se pueden compartir."},{"$i":"kai-some-photos-not-delete","$v":"Algunas fotos no se pueden eliminar."},{"$i":"kai-some-photos-not-lock","$v":"Algunas fotos no se pueden bloquear."},{"$i":"kai-undo","$v":"Deshacer"},{"$i":"pickoneimage2","$v":"Selec."},{"$i":"cropimage","$v":"Recortar"},{"$i":"kai-on","$v":"Encendido"},{"$i":"kai-off","$v":"Apagado"},{"$i":"cancel","$v":"Cancelar"},{"$i":"delete","$v":"Eliminar"},{"$i":"ok","$v":"ACEPTAR"},{"$i":"edit","$v":"Editar"},{"$i":"revert","$v":"Atrás"},{"$i":"save","$v":"Guardar"},{"$i":"done","$v":"Listo"},{"$i":"exposure","$v":"Exposición"},{"$i":"crop","$v":"Recortar"},{"$i":"effects","$v":"Efectos"},{"$i":"borders","$v":"Bordes"},{"$i":"enhance-on","$v":"Mejorar automáticamente activado"},{"$i":"enhance-off","$v":"Mejorar automáticamente desactivado"},{"$i":"kai-set","$v":"Establecer"},{"$i":"kai-options","$v":"Opciones"},{"$i":"kai-select-all","$v":"Todos"},{"$i":"kai-deselect-all","$v":"Ninguno"},{"$i":"kai-lock","$v":"Bloquear"},{"$i":"kai-unlock","$v":"Desbloquear"},{"$i":"kai-rename","$v":"Volver a nombrar"},{"$i":"kai-rotate","$v":"Rotar"},{"$i":"kai-share","$v":"Compartir"},{"$i":"kai-settings","$v":"Ajustes"},{"$i":"kai-set-as","$v":"Establecer como"},{"$i":"set-as-wallpaper","$v":"Establecer como papel tapiz"},{"$i":"kai-wallpaper","$v":"Fondo de pantalla"},{"$i":"kai-existing-contact-image","$v":"Imagen para contacto"},{"$i":"kai-zoom","$v":"Zoom"},{"$i":"kai-zoom-in","$v":"Acercar"},{"$i":"kai-zoom-out","$v":"Alejar"},{"$i":"kai-file-info","$v":"Información del archivo"},{"$i":"kai-select-multiple","$v":"Seleccionar múltiple"},{"$i":"kai-invalid-name","$v":"Nombre inválido"},{"$i":"kai-name-already-exists","$v":"Este nombre ya existe."},{"$i":"kai-override-warning-msg","$v":"¿Le gustaría anular una imagen existente?"},{"$i":"kai-override","$v":"Anular"},{"$i":"kai-edit-title","$v":"Editar imagen"},{"$i":"kai-edit-exposure","$v":"Toma"},{"$i":"kai-edit-crop","$v":"Recortar"},{"$i":"kai-edit-rotate","$v":"Rotar"},{"$i":"kai-edit-filters","$v":"Filtros"},{"$i":"kai-edit-auto-correct","$v":"Corrección automática"},{"$i":"edit-exposure","ariaLabel":"Toma"},{"$i":"edit-crop","ariaLabel":"Recortar"},{"$i":"edit-rotate","ariaLabel":"Rotar"},{"$i":"edit-filters","ariaLabel":"Filtros"},{"$i":"edit-auto-correct","ariaLabel":"Corrección automática"},{"$i":"kai-crop-none","$v":"Deshacer recorte"},{"$i":"kai-crop-aspect-free","$v":"Predeterminado"},{"$i":"kai-crop-aspect-portrait","$v":"2:3"},{"$i":"kai-crop-aspect-landscape","$v":"3:2"},{"$i":"kai-crop-aspect-square","$v":"1:1"},{"$i":"crop-none","ariaLabel":"Deshacer recorte"},{"$i":"crop-aspect-free","ariaLabel":"Predeterminado"},{"$i":"crop-aspect-portrait","ariaLabel":"2:3"},{"$i":"crop-aspect-landscape","ariaLabel":"3:2"},{"$i":"crop-aspect-square","ariaLabel":"1:1"},{"$i":"edit-filters-none","ariaLabel":"Filtro 1"},{"$i":"edit-filters-bw","ariaLabel":"Filtro 2"},{"$i":"edit-filters-sepia","ariaLabel":"Filtro 3"},{"$i":"edit-filters-bluesteel","ariaLabel":"Filtro 4"},{"$i":"edit-filters-faded","ariaLabel":"Filtro 5"},{"$i":"kai-rotate-cw","$v":"Dirección agujas del reloj"},{"$i":"kai-rotate-ccw","$v":"Dirección opuesta a las agujas del reloj"},{"$i":"original","$v":"Original"},{"$i":"blackandwhite","$v":"N y B"},{"$i":"sepia","$v":"Sepia"},{"$i":"freeform","$v":"Libre"},{"$i":"portrait","$v":"Portaretratos"},{"$i":"landscape","$v":"Paisaje"},{"$i":"square","$v":"Cuadrado"},{"$i":"emptygallery2-title","$v":"Ninguna fotografía o video"},{"$i":"emptygallery2-text","$v":"La galería está vacía. Use la cámara para comenzar."},{"$i":"emptygallery2-title-pick","$v":"Sin fotografías."},{"$i":"emptygallery-text-pick","$v":"Ninguna fotografía disponible"},{"$i":"nocard3-title","$v":"Sin tarjeta de memoria"},{"$i":"nocard4-text","$v":"Insertar una tarjeta de memoria para usar esta aplicación."},{"$i":"pluggedin2-title","$v":"Tarjeta de memoria en uso"},{"$i":"pluggedin2-text","$v":"Almacenamiento en uso. Desenchufe el teléfono para usar esta aplicación."},{"$i":"scanning-title","$v":"Exploración"},{"$i":"scanning-text","$v":"Buscando fotografías…"},{"$i":"upgrade-title","$v":"Actualización de base de datos"},{"$i":"upgrade-text","$v":"Espere mientras la Galería actualiza su base de datos."},{"$i":"share-noprovider","$v":"No se puede compartir este tipo de archivo de imagen."},{"$i":"memorycardfull","$v":"El almacenamiento está llego. No se pueden editar las fotografías."},{"$i":"imagetoobig","$v":"La imagen es demasiado grande para mostrarse en este dispositivo."},{"$i":"imageinvalid","$v":"La imagen es inválida o corrupta y no puede mostrarse."},{"$i":"saved","$v":[{"t":"idOrVar","v":"filename"}," guardado en la Galería"]},{"$i":"edit-copy-saved","$v":"Se guardó la copia nueva."},{"$i":"overlay-camera-button","$v":"Ir a Cámara"},{"$i":"name-label","$v":"Nombre"},{"$i":"size-label","$v":"Tamaño"},{"$i":"image-type-label","$v":"Tipo de imagen"},{"$i":"kai-date-and-time-label","$v":"Fecha y hora"},{"$i":"date-taken-label","$v":"Fecha tomada"},{"$i":"resolution-label","$v":"Resolución"},{"$i":"close-button","$v":"Cerrar"},{"$i":"path-label","$v":"Ruta"},{"$i":"sd-card","$v":"Tarjeta SD"},{"$i":"internal","$v":"Interna"},{"$i":"byteUnit-B","$v":"Bites"},{"$i":"byteUnit-KB","$v":"KB"},{"$i":"byteUnit-MB","$v":"MB"},{"$i":"byteUnit-GB","$v":"GB"},{"$i":"gallery","$v":"Galería"},{"$i":"preview","$v":"Vista previa"},{"$i":"kai-confirmation","$v":"Confirmación"},{"$i":"kai-delete-this-image","$v":"¿Eliminar foto?"},{"$i":"kai-delete-selected-image","$v":"¿Eliminar fotografía seleccionada?"},{"$i":"kai-delete-selected-images","$v":"¿Eliminar fotografías seleccionadas?"},{"$i":"kai-sort-by","$v":"Ordenar por"},{"$i":"kai-group-by-date-and-location","$v":"Agrupar por fecha"},{"$i":"kai-error","$v":"Error"},{"$i":"kai-error-delete-locked-image","$v":"¡La imagen seleccionada está bloqueada y no puede eliminarse!"},{"$i":"kai-error-delete-locked-images","$v":"¡Las imágenes contienen imágenes bloqueadas y no pueden eliminarse!"},{"$i":"kai-enter-new-name","$v":"Ingresar nombre nuevo"},{"$i":"sort-and-group","$v":"Ordenar y agrupar"},{"$i":"time_am","$v":"AM"},{"$i":"time_pm","$v":"PM"},{"$i":"date-group-header","$v":"%B %Y"},{"$i":"videoDescriptionShort","$v":"Video de fecha %I:%M %p, %B %e, %Y"},{"$i":"imageDescriptionShort","$v":"Imagen de fecha %I:%M %p, %B %e, %Y"},{"$i":"editImagePreview","ariaLabel":"Editar vista previa de imagen"},{"$i":"kai-pickoneimage","$v":"Seleccionar una imagen"},{"$i":"discard-changes-warning","$v":"Se perderán todos los cambios. ¿Le gustaría descartar los cambios?"},{"$i":"save-changes-warning","$v":"Se perderán todos los cambios. ¿Guardar cambios?"},{"$i":"discard","$v":"Descartar"},{"$i":"camera","$v":"Cámara"},{"$i":"phone-is-full-title","$v":"Almacenamiento del teléfono lleno"},{"$i":"sd-card-is-full-title","$v":"Tarjeta SD llena"},{"$i":"phone-is-full-content","$v":"Elimine archivos multimedia o datos de aplicaciones para liberar espacio. También puede insertar una tarjeta SD para ampliar el almacenamiento multimedia."},{"$i":"sd-card-is-full-content","$v":"Elimine archivos de la tarjeta SD para liberar espacio."},{"$i":"imageDescription","$v":[{"t":"idOrVar","v":"orientation"}," imagen, %I:%M %p, %B %e, %Y"]},{"$i":"imageDescriptionNoTimestamp","$v":[{"t":"idOrVar","v":"orientation"}," imagen"]},{"$i":"videoDescription","$v":[{"t":"idOrVar","v":"orientation"}," video, %I:%M %p, %B %e, %Y"]},{"$i":"videoDescriptionNoTimestamp","$v":[{"t":"idOrVar","v":"orientation"}," video"]},{"$i":"orientationPortrait","$v":"portaretrato"},{"$i":"orientationLandscape","$v":"paisaje"},{"$i":"playbackPlay","ariaLabel":"Reproducir"},{"$i":"playbackPause","ariaLabel":"Pausa"},{"$i":"playbackNext","ariaLabel":"Siguiente"},{"$i":"playbackPrevious","ariaLabel":"Anterior"},{"$i":"playbackFullscreen","ariaLabel":"Pantalla completa"},{"$i":"playbackSeekBar","ariaLabel":["Buscar barra, duración ",{"t":"idOrVar","v":"duration"}]},{"$i":"weekday-0-long","$v":"Domingo"},{"$i":"weekday-1-long","$v":"Lunes"},{"$i":"weekday-2-long","$v":"Martes"},{"$i":"weekday-3-long","$v":"Miércoles"},{"$i":"weekday-4-long","$v":"Jueves"},{"$i":"weekday-5-long","$v":"Viernes"},{"$i":"weekday-6-long","$v":"Sábado"},{"$i":"weekday-0-short","$v":"dom."},{"$i":"weekday-1-short","$v":"lun."},{"$i":"weekday-2-short","$v":"mar."},{"$i":"weekday-3-short","$v":"mié."},{"$i":"weekday-4-short","$v":"jue."},{"$i":"weekday-5-short","$v":"vie."},{"$i":"weekday-6-short","$v":"sáb."},{"$i":"month-0-long","$v":"Enero"},{"$i":"month-1-long","$v":"Febrero"},{"$i":"month-2-long","$v":"Marzo"},{"$i":"month-3-long","$v":"Abril"},{"$i":"month-4-long","$v":"Mayo"},{"$i":"month-5-long","$v":"Junio"},{"$i":"month-6-long","$v":"Julio"},{"$i":"month-7-long","$v":"Agosto"},{"$i":"month-8-long","$v":"Septiembre"},{"$i":"month-9-long","$v":"Octubre"},{"$i":"month-10-long","$v":"Noviembre"},{"$i":"month-11-long","$v":"Diciembre"},{"$i":"month-0-genitive","$v":"Enero"},{"$i":"month-1-genitive","$v":"Febrero"},{"$i":"month-2-genitive","$v":"Marzo"},{"$i":"month-3-genitive","$v":"Abril"},{"$i":"month-4-genitive","$v":"Mayo"},{"$i":"month-5-genitive","$v":"Junio"},{"$i":"month-6-genitive","$v":"Julio"},{"$i":"month-7-genitive","$v":"Agosto"},{"$i":"month-8-genitive","$v":"Septiembre"},{"$i":"month-9-genitive","$v":"Octubre"},{"$i":"month-10-genitive","$v":"Noviembre"},{"$i":"month-11-genitive","$v":"Diciembre"},{"$i":"month-0-short","$v":"Ene"},{"$i":"month-1-short","$v":"Feb"},{"$i":"month-2-short","$v":"Mar"},{"$i":"month-3-short","$v":"Abr"},{"$i":"month-4-short","$v":"May"},{"$i":"month-5-short","$v":"Jun"},{"$i":"month-6-short","$v":"Jul"},{"$i":"month-7-short","$v":"Ago"},{"$i":"month-8-short","$v":"Sep"},{"$i":"month-9-short","$v":"Oct"},{"$i":"month-10-short","$v":"Nov"},{"$i":"month-11-short","$v":"Dec"},{"$i":"minutes-ago-long","$v":{"few":["hace ",{"t":"idOrVar","v":"value"}," minutos"],"many":["hace ",{"t":"idOrVar","v":"value"}," minutos"],"one":"hace un minuto","other":["hace ",{"t":"idOrVar","v":"value"}," minutos"],"two":["hace ",{"t":"idOrVar","v":"value"}," minutos"],"zero":"recién"},"$x":[{"t":"idOrVar","v":"plural"},"value"]},{"$i":"hours-ago-long","$v":{"few":["hace ",{"t":"idOrVar","v":"value"}," horas"],"many":["hace ",{"t":"idOrVar","v":"value"}," horas"],"one":"hace una hora","other":["hace ",{"t":"idOrVar","v":"value"}," horas"],"two":["hace ",{"t":"idOrVar","v":"value"}," horas"],"zero":"recién"},"$x":[{"t":"idOrVar","v":"plural"},"value"]},{"$i":"days-ago-long","$v":{"few":["hace ",{"t":"idOrVar","v":"value"}," días"],"many":["hace ",{"t":"idOrVar","v":"value"}," días"],"one":"ayer","other":["hace ",{"t":"idOrVar","v":"value"}," días"],"two":["hace ",{"t":"idOrVar","v":"value"}," días"],"zero":"hoy"},"$x":[{"t":"idOrVar","v":"plural"},"value"]},{"$i":"weeks-ago-long","$v":{"few":["hace ",{"t":"idOrVar","v":"value"}," semanas"],"many":["hace ",{"t":"idOrVar","v":"value"}," semanas"],"one":"la semana pasada","other":["hace ",{"t":"idOrVar","v":"value"}," semanas"],"two":["hace ",{"t":"idOrVar","v":"value"}," semanas"],"zero":"esta semana"},"$x":[{"t":"idOrVar","v":"plural"},"value"]},{"$i":"months-ago-long","$v":{"few":["hace ",{"t":"idOrVar","v":"value"}," meses"],"many":["hace ",{"t":"idOrVar","v":"value"}," meses"],"one":"el último mes","other":["hace ",{"t":"idOrVar","v":"value"}," meses"],"two":["hace ",{"t":"idOrVar","v":"value"}," meses"],"zero":"este mes"},"$x":[{"t":"idOrVar","v":"plural"},"value"]},{"$i":"years-ago-long","$v":{"few":["hace ",{"t":"idOrVar","v":"value"}," años"],"many":["hace ",{"t":"idOrVar","v":"value"}," años"],"one":"el año pasado","other":["hace ",{"t":"idOrVar","v":"value"}," años"],"two":["hace ",{"t":"idOrVar","v":"value"}," años"],"zero":"este año"},"$x":[{"t":"idOrVar","v":"plural"},"value"]},{"$i":"minutes-until-long","$v":{"few":["en ",{"t":"idOrVar","v":"value"}," minutos"],"many":["en ",{"t":"idOrVar","v":"value"}," minutos"],"one":"en un minuto","other":["en ",{"t":"idOrVar","v":"value"}," minutos"],"two":["en ",{"t":"idOrVar","v":"value"}," minutos"],"zero":"ahora"},"$x":[{"t":"idOrVar","v":"plural"},"value"]},{"$i":"hours-until-long","$v":{"few":["en ",{"t":"idOrVar","v":"value"}," horas"],"many":["en ",{"t":"idOrVar","v":"value"}," horas"],"one":"en una hora","other":["en ",{"t":"idOrVar","v":"value"}," horas"],"two":["en ",{"t":"idOrVar","v":"value"}," horas"],"zero":"ahora"},"$x":[{"t":"idOrVar","v":"plural"},"value"]},{"$i":"days-until-long","$v":{"few":["en ",{"t":"idOrVar","v":"value"}," días"],"many":["en ",{"t":"idOrVar","v":"value"}," días"],"one":"mañana","other":["en ",{"t":"idOrVar","v":"value"}," días"],"two":["en ",{"t":"idOrVar","v":"value"}," días"],"zero":"hoy"},"$x":[{"t":"idOrVar","v":"plural"},"value"]},{"$i":"weeks-until-long","$v":{"few":["en ",{"t":"idOrVar","v":"value"}," semanas"],"many":["en ",{"t":"idOrVar","v":"value"}," semanas"],"one":"la semana que viene","other":["en ",{"t":"idOrVar","v":"value"}," semanas"],"two":["en ",{"t":"idOrVar","v":"value"}," semanas"],"zero":"esta semana"},"$x":[{"t":"idOrVar","v":"plural"},"value"]},{"$i":"months-until-long","$v":{"few":["en ",{"t":"idOrVar","v":"value"}," meses"],"many":["en ",{"t":"idOrVar","v":"value"}," meses"],"one":"el próximo mes","other":["en ",{"t":"idOrVar","v":"value"}," meses"],"two":["en ",{"t":"idOrVar","v":"value"}," meses"],"zero":"este mes"},"$x":[{"t":"idOrVar","v":"plural"},"value"]},{"$i":"years-until-long","$v":{"few":["en ",{"t":"idOrVar","v":"value"}," años"],"many":["en ",{"t":"idOrVar","v":"value"}," años"],"one":"el próximo año","other":["en ",{"t":"idOrVar","v":"value"}," años"],"two":["en ",{"t":"idOrVar","v":"value"}," años"],"zero":"este año"},"$x":[{"t":"idOrVar","v":"plural"},"value"]},{"$i":"minutes-ago-short","$v":{"other":["hace ",{"t":"idOrVar","v":"value"},"m"],"zero":"recién"},"$x":[{"t":"idOrVar","v":"plural"},"value"]},{"$i":"hours-ago-short","$v":{"other":["hace ",{"t":"idOrVar","v":"value"},"h"],"zero":"recién"},"$x":[{"t":"idOrVar","v":"plural"},"value"]},{"$i":"days-ago-short","$v":{"other":["hace ",{"t":"idOrVar","v":"value"},"d"],"zero":"hoy"},"$x":[{"t":"idOrVar","v":"plural"},"value"]},{"$i":"minutes-until-short","$v":{"other":["en ",{"t":"idOrVar","v":"value"},"m"],"zero":"ahora"},"$x":[{"t":"idOrVar","v":"plural"},"value"]},{"$i":"hours-until-short","$v":{"other":["en ",{"t":"idOrVar","v":"value"},"h"],"zero":"ahora"},"$x":[{"t":"idOrVar","v":"plural"},"value"]},{"$i":"days-until-short","$v":{"other":["en ",{"t":"idOrVar","v":"value"},"d"],"zero":"hoy"},"$x":[{"t":"idOrVar","v":"plural"},"value"]},{"$i":"incorrectDate","$v":"(fecha incorrecta)"},{"$i":"dateTimeFormat_%c","$v":"%a %b %e %Y %I:%M:%S %p"},{"$i":"dateTimeFormat_%x","$v":"%d/%m/%Y"},{"$i":"dateTimeFormat_%X","$v":"%I:%M:%S %p"},{"$i":"shortTimeFormat","$v":"%I:%M %p"},{"$i":"shortTimeFormat12","$v":"%I:%M %p"},{"$i":"shortTimeFormat24","$v":"%H:%M"},{"$i":"shortDateTimeFormat","$v":"%x %I:%M %p"},{"$i":"weekStartsOnMonday","$v":"0.0"},{"$i":"firstDayOfTheWeek","$v":"0.0"},{"$i":"softkey-options","$v":"Opciones"}]