[{"$i":"select","$v":"Vali"},{"$i":"deselect","$v":"Tühista valik"},{"$i":"kai-select","$v":"Vali"},{"$i":"invalid-image","$v":"Vigane pilt"},{"$i":"image-too-big","$v":"Pildifail on galeriis näitamiseks liiga suur"},{"$i":"kai-selected-items-count","$v":[{"t":"idOrVar","v":"n"}," valitud"]},{"$i":"delete-photo?","$v":"Kas kustutada foto?"},{"$i":"delete-video?","$v":"Kas kustutada video?"},{"$i":"deleting","$v":"Kustutamine…"},{"$i":"delete-n-items?","$v":{"few":["Kas kustutada ",{"t":"idOrVar","v":"n"}," üksust?"],"many":["Kas kustutada ",{"t":"idOrVar","v":"n"}," üksust?"],"one":"Kas kustutada valitud üksus?","other":["Kas kustutada ",{"t":"idOrVar","v":"n"}," üksust?"],"two":["Kas kustutada ",{"t":"idOrVar","v":"n"}," üksust?"],"zero":"Midagi pole valitud"},"$x":[{"t":"idOrVar","v":"plural"},"n"]},{"$i":"kai-contact-set-ok","$v":"Kontakti pilt on lisatud"},{"$i":"kai-contact-set-fail","$v":"Kontakti pilti ei saanud määrata"},{"$i":"kai-exposure-done","$v":"Säritus on rakendatud"},{"$i":"kai-rotation-done","$v":"Pööramine on rakendatud"},{"$i":"kai-crop-done","$v":"Pilt on kärbitud"},{"$i":"kai-filters-done","$v":"Filter on rakendatud"},{"$i":"kai-autocorrection-done","$v":"Automaatne parandamine on rakendatud"},{"$i":"kai-changes-saved","$v":"Muudatused on salvestatud"},{"$i":"wallpaper-set","$v":"Taustpilt on määratud"},{"$i":"kai-single-image-locked","$v":"Valitud pilt on lukus"},{"$i":"kai-single-image-unlocked","$v":"Valitud pilt on vabastatud"},{"$i":"kai-single-image-deleted","$v":"Foto on kustutatud"},{"$i":"kai-multiple-images-locked","$v":{"one":[{"t":"idOrVar","v":"n"}," foto lukustatud"],"other":[{"t":"idOrVar","v":"n"}," fotot lukustatud"],"zero":"Ühtegi fotot pole lukustatud"},"$x":[{"t":"idOrVar","v":"plural"},"n"]},{"$i":"kai-multiple-images-unlocked","$v":{"one":[{"t":"idOrVar","v":"n"}," foto lukust avatud"],"other":[{"t":"idOrVar","v":"n"}," fotot lukust avatud"],"zero":"Ühtegi fotot pole lukust avatud"},"$x":[{"t":"idOrVar","v":"plural"},"n"]},{"$i":"kai-deleted-n-photos","$v":{"one":[{"t":"idOrVar","v":"n"}," foto kustutatud"],"other":[{"t":"idOrVar","v":"n"}," fotot kustutatud"],"zero":"Fotosid ei kustutatud"},"$x":[{"t":"idOrVar","v":"plural"},"n"]},{"$i":"kai-some-photos-not-share","$v":"Mõnda fotot ei saa jagada"},{"$i":"kai-some-photos-not-delete","$v":"Mõnda fotot ei saa kustutada"},{"$i":"kai-some-photos-not-lock","$v":"Mõnda fotot ei saa lukustada"},{"$i":"kai-undo","$v":"tagasivõtmine"},{"$i":"pickoneimage2","$v":"Vali"},{"$i":"cropimage","$v":"Kärbi"},{"$i":"kai-on","$v":"Sees"},{"$i":"kai-off","$v":"Väljas"},{"$i":"cancel","$v":"Tühista"},{"$i":"delete","$v":"Kustuta"},{"$i":"ok","$v":"OK"},{"$i":"edit","$v":"Redigeeri"},{"$i":"revert","$v":"Ennista"},{"$i":"save","$v":"Salvesta"},{"$i":"done","$v":"Valmis"},{"$i":"exposure","$v":"Säritus"},{"$i":"crop","$v":"Kärbi"},{"$i":"effects","$v":"Efektid"},{"$i":"borders","$v":"Piirjooned"},{"$i":"enhance-on","$v":"Automaatne täiustamine on sees"},{"$i":"enhance-off","$v":"Automaatne täiustamine on väljas"},{"$i":"kai-set","$v":"Määra"},{"$i":"kai-options","$v":"Valikud"},{"$i":"kai-select-all","$v":"Valige kõik"},{"$i":"kai-deselect-all","$v":"Eemalda kõigilt valik"},{"$i":"kai-lock","$v":"Lukk"},{"$i":"kai-unlock","$v":"Ava lukust"},{"$i":"kai-rename","$v":"Ümbernimetamine"},{"$i":"kai-rotate","$v":"Pööra"},{"$i":"kai-share","$v":"Jaga"},{"$i":"kai-settings","$v":"Seaded"},{"$i":"kai-set-as","$v":"Seadista kui"},{"$i":"set-as-wallpaper","$v":"Määra taustpildiks"},{"$i":"kai-wallpaper","$v":"Taustapilt"},{"$i":"kai-existing-contact-image","$v":"Olemasoleva kontakti pilt"},{"$i":"kai-zoom","$v":"Suumi"},{"$i":"kai-zoom-in","$v":"Suumi sisse"},{"$i":"kai-zoom-out","$v":"Suumi välja"},{"$i":"kai-file-info","$v":"Faili teave"},{"$i":"kai-select-multiple","$v":"Valige mitu"},{"$i":"kai-invalid-name","$v":"Vale nimi"},{"$i":"kai-name-already-exists","$v":"Selline nimi on juba olemas"},{"$i":"kai-override-warning-msg","$v":"Kas soovite olemasoleva pildi tühistada?"},{"$i":"kai-override","$v":"Alista"},{"$i":"kai-edit-title","$v":"Redigeeri pilti"},{"$i":"kai-edit-exposure","$v":"Säritus"},{"$i":"kai-edit-crop","$v":"Kärbi"},{"$i":"kai-edit-rotate","$v":"Pööra"},{"$i":"kai-edit-filters","$v":"Filtrid"},{"$i":"kai-edit-auto-correct","$v":"Automaatne parandamine"},{"$i":"edit-exposure","ariaLabel":"Säritus"},{"$i":"edit-crop","ariaLabel":"Kärbi"},{"$i":"edit-rotate","ariaLabel":"Pööra"},{"$i":"edit-filters","ariaLabel":"Filtrid"},{"$i":"edit-auto-correct","ariaLabel":"Automaatne parandamine"},{"$i":"kai-crop-none","$v":"Tühista kärpimine"},{"$i":"kai-crop-aspect-free","$v":"Vaikesäte"},{"$i":"kai-crop-aspect-portrait","$v":"2 : 3"},{"$i":"kai-crop-aspect-landscape","$v":"3 : 2"},{"$i":"kai-crop-aspect-square","$v":"1 : 1"},{"$i":"crop-none","ariaLabel":"Tühista kärpimine"},{"$i":"crop-aspect-free","ariaLabel":"Vaikesäte"},{"$i":"crop-aspect-portrait","ariaLabel":"2 : 3"},{"$i":"crop-aspect-landscape","ariaLabel":"3 : 2"},{"$i":"crop-aspect-square","ariaLabel":"1 : 1"},{"$i":"edit-filters-none","ariaLabel":"Filter 1"},{"$i":"edit-filters-bw","ariaLabel":"Filter 2"},{"$i":"edit-filters-sepia","ariaLabel":"Filter 3"},{"$i":"edit-filters-bluesteel","ariaLabel":"Filter 4"},{"$i":"edit-filters-faded","ariaLabel":"Filter 5"},{"$i":"kai-rotate-cw","$v":"PP"},{"$i":"kai-rotate-ccw","$v":"VP"},{"$i":"original","$v":"Originaal"},{"$i":"blackandwhite","$v":{"$o":"B&W"}},{"$i":"sepia","$v":"Seepia"},{"$i":"freeform","$v":"Vabas vormis"},{"$i":"portrait","$v":"Portree"},{"$i":"landscape","$v":"Maastik"},{"$i":"square","$v":"Nelinurkselt"},{"$i":"emptygallery2-title","$v":"Fotosid ega videoid pole"},{"$i":"emptygallery2-text","$v":"Galerii on tühi. Kasutage alustamiseks kaamerat."},{"$i":"emptygallery2-title-pick","$v":"Fotosid pole"},{"$i":"emptygallery-text-pick","$v":"Fotosid ei ole saadaval."},{"$i":"nocard3-title","$v":"Mälukaarti pole"},{"$i":"nocard4-text","$v":"Sisestage selle rakenduse kasutamiseks mälukaart."},{"$i":"pluggedin2-title","$v":"Mälukaart on kasutusel"},{"$i":"pluggedin2-text","$v":"Mäluruum on kasut. Rakenduse kasut. ühen. telefon lahti."},{"$i":"scanning-title","$v":"Skannimine"},{"$i":"scanning-text","$v":"Fotode skannimine ..."},{"$i":"upgrade-title","$v":"Andmebaasi versioonitäiendus"},{"$i":"upgrade-text","$v":"Oodake, galerii uuendab oma andmebaasi."},{"$i":"share-noprovider","$v":"Seda pildifaili tüüpi ei saa jagada."},{"$i":"memorycardfull","$v":"Mälur. täis. Fotosid ei saa muuta."},{"$i":"imagetoobig","$v":"Pilt on selles seadmes kuvamiseks liiga suur."},{"$i":"imageinvalid","$v":"Pilt on vigane või rikutud ja seda ei saa kuvada."},{"$i":"saved","$v":[{"t":"idOrVar","v":"filename"}," Galeriisse salvestatud"]},{"$i":"edit-copy-saved","$v":"Uus koopia on salvestatud."},{"$i":"overlay-camera-button","$v":"Ava kaamera"},{"$i":"name-label","$v":"Nimi"},{"$i":"size-label","$v":"Suurus"},{"$i":"image-type-label","$v":"Pildi tüüp"},{"$i":"kai-date-and-time-label","$v":"Kuupäev/kell"},{"$i":"date-taken-label","$v":"Tegemise kuupäev"},{"$i":"resolution-label","$v":"Eraldusvõime"},{"$i":"close-button","$v":"Sule"},{"$i":"path-label","$v":"Tee"},{"$i":"sd-card","$v":"SD-kaart"},{"$i":"internal","$v":"Sisemine"},{"$i":"byteUnit-B","$v":"Baiti"},{"$i":"byteUnit-KB","$v":"KB"},{"$i":"byteUnit-MB","$v":"MB"},{"$i":"byteUnit-GB","$v":"GB"},{"$i":"gallery","$v":"Galerii"},{"$i":"preview","$v":"Eelvaade"},{"$i":"kai-confirmation","$v":"Kinnitus"},{"$i":"kai-delete-this-image","$v":"Kas kustutada foto?"},{"$i":"kai-delete-selected-image","$v":"Kas kustutada valitud foto?"},{"$i":"kai-delete-selected-images","$v":"Kas kustutada valitud fotod?"},{"$i":"kai-sort-by","$v":"Sortimisalus"},{"$i":"kai-group-by-date-and-location","$v":"Rühmita kuupäeva alusel"},{"$i":"kai-error","$v":"Viga"},{"$i":"kai-error-delete-locked-image","$v":"Valitud pilt on lukus ja seda ei õnnestunud kustutada."},{"$i":"kai-error-delete-locked-images","$v":"Valitud pildid sisaldavad lukustatud pilti/pilte ja neid ei õnnestunud kustutada."},{"$i":"kai-enter-new-name","$v":"Sisestage uus nimi"},{"$i":"sort-and-group","$v":"Sordi ja grupeeri"},{"$i":"time_am","$v":"AM"},{"$i":"time_pm","$v":"PM"},{"$i":"date-group-header","$v":"%B %Y"},{"$i":"videoDescriptionShort","$v":"Video kuupäev on %I:%M %p, %B %e, %Y"},{"$i":"imageDescriptionShort","$v":"Pilt kuupäevaga %I:%M %p, %B %e, %Y"},{"$i":"editImagePreview","ariaLabel":"Redigeeri pildi eelvaadet"},{"$i":"kai-pickoneimage","$v":"Valige foto"},{"$i":"discard-changes-warning","$v":"Kõik muudatused lähevad kaotsi. Kas soovite muudatustest loobuda?"},{"$i":"save-changes-warning","$v":"Kõik muudatused lähevad kaotsi. Kas soovite muudatused salvestada?"},{"$i":"discard","$v":"Loobu"},{"$i":"camera","$v":"Kaamera"},{"$i":"phone-is-full-title","$v":"Telefoni salvestusruum on täis"},{"$i":"sd-card-is-full-title","$v":"SD-kaart on täis."},{"$i":"phone-is-full-content","$v":"Kustutage mäluruumi vabastamiseks meediumifaile või rakenduse andmeid. Või sisestage mäluruumi laiendamiseks SD-kaart."},{"$i":"sd-card-is-full-content","$v":"Kustutage mäluruumi vabastamiseks SD-kaardilt faile."},{"$i":"imageDescription","$v":[{"t":"idOrVar","v":"orientation"}," pilt, %I:%M %p, %B %e, %Y"]},{"$i":"imageDescriptionNoTimestamp","$v":[{"t":"idOrVar","v":"orientation"}," pilt"]},{"$i":"videoDescription","$v":[{"t":"idOrVar","v":"orientation"}," video, %I:%M %p, %B %e, %Y"]},{"$i":"videoDescriptionNoTimestamp","$v":[{"t":"idOrVar","v":"orientation"}," video"]},{"$i":"orientationPortrait","$v":"portree"},{"$i":"orientationLandscape","$v":"maastik"},{"$i":"playbackPlay","ariaLabel":"Esita"},{"$i":"playbackPause","ariaLabel":"Peata"},{"$i":"playbackNext","ariaLabel":"Järgmine"},{"$i":"playbackPrevious","ariaLabel":"Eelmine"},{"$i":"playbackFullscreen","ariaLabel":"Täiskuva"},{"$i":"playbackSeekBar","ariaLabel":["Otsi riba, kestus ",{"t":"idOrVar","v":"duration"}]},{"$i":"weekday-0-long","$v":"Pühapäev"},{"$i":"weekday-1-long","$v":"Esmaspäev"},{"$i":"weekday-2-long","$v":"Teisipäev"},{"$i":"weekday-3-long","$v":"Kolmapäev"},{"$i":"weekday-4-long","$v":"Neljapäev"},{"$i":"weekday-5-long","$v":"Reede"},{"$i":"weekday-6-long","$v":"Laupäev"},{"$i":"weekday-0-short","$v":"P"},{"$i":"weekday-1-short","$v":"E"},{"$i":"weekday-2-short","$v":"T"},{"$i":"weekday-3-short","$v":"K"},{"$i":"weekday-4-short","$v":"N"},{"$i":"weekday-5-short","$v":"R"},{"$i":"weekday-6-short","$v":"L"},{"$i":"month-0-long","$v":"Jaanuar"},{"$i":"month-1-long","$v":"Veebruar"},{"$i":"month-2-long","$v":"Märts"},{"$i":"month-3-long","$v":"Aprill"},{"$i":"month-4-long","$v":"Mai"},{"$i":"month-5-long","$v":"Juuni"},{"$i":"month-6-long","$v":"Juuli"},{"$i":"month-7-long","$v":"August"},{"$i":"month-8-long","$v":"September"},{"$i":"month-9-long","$v":"Oktoober"},{"$i":"month-10-long","$v":"November"},{"$i":"month-11-long","$v":"Detsember"},{"$i":"month-0-genitive","$v":"Jaanuar"},{"$i":"month-1-genitive","$v":"Veebruar"},{"$i":"month-2-genitive","$v":"Märts"},{"$i":"month-3-genitive","$v":"Aprill"},{"$i":"month-4-genitive","$v":"Mai"},{"$i":"month-5-genitive","$v":"Juuni"},{"$i":"month-6-genitive","$v":"Juuli"},{"$i":"month-7-genitive","$v":"August"},{"$i":"month-8-genitive","$v":"September"},{"$i":"month-9-genitive","$v":"Oktoober"},{"$i":"month-10-genitive","$v":"November"},{"$i":"month-11-genitive","$v":"Detsember"},{"$i":"month-0-short","$v":"jaan"},{"$i":"month-1-short","$v":"veebr"},{"$i":"month-2-short","$v":"märts"},{"$i":"month-3-short","$v":"apr"},{"$i":"month-4-short","$v":"Mai"},{"$i":"month-5-short","$v":"juuni"},{"$i":"month-6-short","$v":"juuli"},{"$i":"month-7-short","$v":"aug"},{"$i":"month-8-short","$v":"sept"},{"$i":"month-9-short","$v":"okt"},{"$i":"month-10-short","$v":"nov"},{"$i":"month-11-short","$v":"dets"},{"$i":"minutes-ago-long","$v":{"few":[{"t":"idOrVar","v":"value"}," minutit tagasi"],"many":[{"t":"idOrVar","v":"value"}," minutit tagasi"],"one":"üks minut tagasi","other":[{"t":"idOrVar","v":"value"}," minutit tagasi"],"two":[{"t":"idOrVar","v":"value"}," minutit tagasi"],"zero":"just nüüd"},"$x":[{"t":"idOrVar","v":"plural"},"value"]},{"$i":"hours-ago-long","$v":{"few":[{"t":"idOrVar","v":"value"}," tundi tagasi"],"many":[{"t":"idOrVar","v":"value"}," tundi tagasi"],"one":"tund aega tagasi","other":[{"t":"idOrVar","v":"value"}," tundi tagasi"],"two":[{"t":"idOrVar","v":"value"}," tundi tagasi"],"zero":"just nüüd"},"$x":[{"t":"idOrVar","v":"plural"},"value"]},{"$i":"days-ago-long","$v":{"few":[{"t":"idOrVar","v":"value"}," päeva tagasi"],"many":[{"t":"idOrVar","v":"value"}," päeva tagasi"],"one":"eile","other":[{"t":"idOrVar","v":"value"}," päeva tagasi"],"two":[{"t":"idOrVar","v":"value"}," päeva tagasi"],"zero":"täna"},"$x":[{"t":"idOrVar","v":"plural"},"value"]},{"$i":"weeks-ago-long","$v":{"few":[{"t":"idOrVar","v":"value"}," nädalat tagasi"],"many":[{"t":"idOrVar","v":"value"}," nädalat tagasi"],"one":"eelmine nädal","other":[{"t":"idOrVar","v":"value"}," nädalat tagasi"],"two":[{"t":"idOrVar","v":"value"}," nädalat tagasi"],"zero":"sel nädalal"},"$x":[{"t":"idOrVar","v":"plural"},"value"]},{"$i":"months-ago-long","$v":{"few":[{"t":"idOrVar","v":"value"}," kuud tagasi"],"many":[{"t":"idOrVar","v":"value"}," kuud tagasi"],"one":"eelmine kuu","other":[{"t":"idOrVar","v":"value"}," kuud tagasi"],"two":[{"t":"idOrVar","v":"value"}," kuud tagasi"],"zero":"see kuu"},"$x":[{"t":"idOrVar","v":"plural"},"value"]},{"$i":"years-ago-long","$v":{"few":[{"t":"idOrVar","v":"value"}," aastat tagasi"],"many":[{"t":"idOrVar","v":"value"}," aastat tagasi"],"one":"eelmine aasta","other":[{"t":"idOrVar","v":"value"}," aastat tagasi"],"two":[{"t":"idOrVar","v":"value"}," aastat tagasi"],"zero":"see aasta"},"$x":[{"t":"idOrVar","v":"plural"},"value"]},{"$i":"minutes-until-long","$v":{"few":[{"t":"idOrVar","v":"value"}," minuti pärast"],"many":[{"t":"idOrVar","v":"value"}," minuti pärast"],"one":"minuti pärast","other":[{"t":"idOrVar","v":"value"}," minuti pärast"],"two":[{"t":"idOrVar","v":"value"}," minuti pärast"],"zero":"kohe"},"$x":[{"t":"idOrVar","v":"plural"},"value"]},{"$i":"hours-until-long","$v":{"few":[{"t":"idOrVar","v":"value"}," tunni pärast"],"many":[{"t":"idOrVar","v":"value"}," tunni pärast"],"one":"tunni pärast","other":[{"t":"idOrVar","v":"value"}," tunni pärast"],"two":[{"t":"idOrVar","v":"value"}," tunni pärast"],"zero":"kohe"},"$x":[{"t":"idOrVar","v":"plural"},"value"]},{"$i":"days-until-long","$v":{"few":[{"t":"idOrVar","v":"value"}," päeva pärast"],"many":[{"t":"idOrVar","v":"value"}," päeva pärast"],"one":"homme","other":[{"t":"idOrVar","v":"value"}," päeva pärast"],"two":[{"t":"idOrVar","v":"value"}," päeva pärast"],"zero":"täna"},"$x":[{"t":"idOrVar","v":"plural"},"value"]},{"$i":"weeks-until-long","$v":{"few":[{"t":"idOrVar","v":"value"}," nädala pärast"],"many":[{"t":"idOrVar","v":"value"}," nädala pärast"],"one":"järgmine nädal","other":[{"t":"idOrVar","v":"value"}," nädala pärast"],"two":[{"t":"idOrVar","v":"value"}," nädala pärast"],"zero":"sel nädalal"},"$x":[{"t":"idOrVar","v":"plural"},"value"]},{"$i":"months-until-long","$v":{"few":[{"t":"idOrVar","v":"value"}," kuu pärast"],"many":[{"t":"idOrVar","v":"value"}," kuu pärast"],"one":"järgmine kuu","other":[{"t":"idOrVar","v":"value"}," kuu pärast"],"two":[{"t":"idOrVar","v":"value"}," kuu pärast"],"zero":"see kuu"},"$x":[{"t":"idOrVar","v":"plural"},"value"]},{"$i":"years-until-long","$v":{"few":[{"t":"idOrVar","v":"value"}," aasta pärast"],"many":[{"t":"idOrVar","v":"value"}," aasta pärast"],"one":"järgmine aasta","other":[{"t":"idOrVar","v":"value"}," aasta pärast"],"two":[{"t":"idOrVar","v":"value"}," aasta pärast"],"zero":"see aasta"},"$x":[{"t":"idOrVar","v":"plural"},"value"]},{"$i":"minutes-ago-short","$v":{"other":[{"t":"idOrVar","v":"value"}," m tagasi"],"zero":"just nüüd"},"$x":[{"t":"idOrVar","v":"plural"},"value"]},{"$i":"hours-ago-short","$v":{"other":[{"t":"idOrVar","v":"value"}," h tagasi"],"zero":"just nüüd"},"$x":[{"t":"idOrVar","v":"plural"},"value"]},{"$i":"days-ago-short","$v":{"other":[{"t":"idOrVar","v":"value"}," p tagasi"],"zero":"täna"},"$x":[{"t":"idOrVar","v":"plural"},"value"]},{"$i":"minutes-until-short","$v":{"other":[{"t":"idOrVar","v":"value"}," min pärast"],"zero":"kohe"},"$x":[{"t":"idOrVar","v":"plural"},"value"]},{"$i":"hours-until-short","$v":{"other":[{"t":"idOrVar","v":"value"},"h pärast"],"zero":"kohe"},"$x":[{"t":"idOrVar","v":"plural"},"value"]},{"$i":"days-until-short","$v":{"other":[{"t":"idOrVar","v":"value"},"p pärast"],"zero":"täna"},"$x":[{"t":"idOrVar","v":"plural"},"value"]},{"$i":"incorrectDate","$v":"(vale kuupäev)"},{"$i":"dateTimeFormat_%c","$v":"%a %b %e %Y %I:%M:%S %p"},{"$i":"dateTimeFormat_%x","$v":"%m/%d/%Y"},{"$i":"dateTimeFormat_%X","$v":"%I:%M:%S %p"},{"$i":"shortTimeFormat","$v":"%I:%M %p"},{"$i":"shortTimeFormat12","$v":"%I:%M %p"},{"$i":"shortTimeFormat24","$v":"%H:%M"},{"$i":"shortDateTimeFormat","$v":"%x %I:%M %p"},{"$i":"weekStartsOnMonday","$v":"0.0"},{"$i":"firstDayOfTheWeek","$v":"1.0"},{"$i":"softkey-options","$v":"Valikud"}]