[{"$i":"select","$v":"Valitse"},{"$i":"deselect","$v":"Poista valinta"},{"$i":"kai-select","$v":"Valitse"},{"$i":"invalid-image","$v":"Kuva ei kelpaa"},{"$i":"image-too-big","$v":"Kuvan tiedostokoko on liian suuri näytettäväksi galleriassa"},{"$i":"kai-selected-items-count","$v":[{"t":"idOrVar","v":"n"}," valittu"]},{"$i":"delete-photo?","$v":"Poistetaanko valokuva?"},{"$i":"delete-video?","$v":"Poistetaanko video?"},{"$i":"deleting","$v":"Poistetaan…"},{"$i":"delete-n-items?","$v":{"few":["Poistetaanko ",{"t":"idOrVar","v":"n"}," kohdetta?"],"many":["Poistetaanko ",{"t":"idOrVar","v":"n"}," kohdetta?"],"one":"Poistetaanko valittu kohde?","other":["Poistetaanko ",{"t":"idOrVar","v":"n"}," kohdetta?"],"two":["Poistetaanko ",{"t":"idOrVar","v":"n"}," kohdetta?"],"zero":"Ei mitään valittuna"},"$x":[{"t":"idOrVar","v":"plural"},"n"]},{"$i":"kai-contact-set-ok","$v":"Yhteystiedon kuva lisätty"},{"$i":"kai-contact-set-fail","$v":"Yhteystiedon kuvan asetus epäonnistui"},{"$i":"kai-exposure-done","$v":"Valotusta käytetty"},{"$i":"kai-rotation-done","$v":"Pyöritystä käytetty"},{"$i":"kai-crop-done","$v":"Kuva rajattu"},{"$i":"kai-filters-done","$v":"Suodatinta käytetty"},{"$i":"kai-autocorrection-done","$v":"Automaattikorjausta käytetty"},{"$i":"kai-changes-saved","$v":"Muutokset tallennettu"},{"$i":"wallpaper-set","$v":"Taustakuva asetettu"},{"$i":"kai-single-image-locked","$v":"Valittu kuva lukittu"},{"$i":"kai-single-image-unlocked","$v":"Valitun kuvan lukitus poistettu"},{"$i":"kai-single-image-deleted","$v":"Valokuva poistettu"},{"$i":"kai-multiple-images-locked","$v":{"one":[{"t":"idOrVar","v":"n"}," valokuva lukittu"],"other":[{"t":"idOrVar","v":"n"}," valokuvaa lukittu"],"zero":"Valokuvia ei lukittu"},"$x":[{"t":"idOrVar","v":"plural"},"n"]},{"$i":"kai-multiple-images-unlocked","$v":{"one":[{"t":"idOrVar","v":"n"}," valokuvan lukitus avattu"],"other":[{"t":"idOrVar","v":"n"}," valokuvan lukitus avattu"],"zero":"Valokuvien lukituksia ei avattu"},"$x":[{"t":"idOrVar","v":"plural"},"n"]},{"$i":"kai-deleted-n-photos","$v":{"one":[{"t":"idOrVar","v":"n"}," valokuva poistettu"],"other":[{"t":"idOrVar","v":"n"}," valokuvaa poistettu"],"zero":"Ei poistettuja valokuvia"},"$x":[{"t":"idOrVar","v":"plural"},"n"]},{"$i":"kai-some-photos-not-share","$v":"Joitakin valokuvia ei voi jakaa"},{"$i":"kai-some-photos-not-delete","$v":"Joitakin valokuvia ei voi poistaa"},{"$i":"kai-some-photos-not-lock","$v":"Joitakin valokuvia ei voi lukita"},{"$i":"kai-undo","$v":"Peru"},{"$i":"pickoneimage2","$v":"Valitse"},{"$i":"cropimage","$v":"Rajaa"},{"$i":"kai-on","$v":"Käytössä"},{"$i":"kai-off","$v":"Ei käytössä"},{"$i":"cancel","$v":"Peruuta"},{"$i":"delete","$v":"Poista"},{"$i":"ok","$v":"OK"},{"$i":"edit","$v":"Muokkaa"},{"$i":"revert","$v":"Palauta"},{"$i":"save","$v":"Tallenna"},{"$i":"done","$v":"Valmis"},{"$i":"exposure","$v":"Valotus"},{"$i":"crop","$v":"Rajaa"},{"$i":"effects","$v":"Tehosteet"},{"$i":"borders","$v":"Rajat"},{"$i":"enhance-on","$v":"Automaattinen parannus pois"},{"$i":"enhance-off","$v":"Automaattinen parannus päällä"},{"$i":"kai-set","$v":"Aseta"},{"$i":"kai-options","$v":"Valinnat"},{"$i":"kai-select-all","$v":"Valitse kaikki"},{"$i":"kai-deselect-all","$v":"Poista valinta kaikista"},{"$i":"kai-lock","$v":"Lukitus"},{"$i":"kai-unlock","$v":"Avaa lukitus"},{"$i":"kai-rename","$v":"Muuta nimi"},{"$i":"kai-rotate","$v":"Käännä"},{"$i":"kai-share","$v":"Jaa"},{"$i":"kai-settings","$v":"Asetukset"},{"$i":"kai-set-as","$v":"Aseta:"},{"$i":"set-as-wallpaper","$v":"Taustakuvaksi"},{"$i":"kai-wallpaper","$v":"Taustakuva"},{"$i":"kai-existing-contact-image","$v":"Nykyisen yhteystiedon kuva"},{"$i":"kai-zoom","$v":"Koko"},{"$i":"kai-zoom-in","$v":"Lähennä"},{"$i":"kai-zoom-out","$v":"Loitonna"},{"$i":"kai-file-info","$v":"Tiedoston tiedot"},{"$i":"kai-select-multiple","$v":"Valitse useita"},{"$i":"kai-invalid-name","$v":"Nimi ei kelpaa"},{"$i":"kai-name-already-exists","$v":"Tämä nimi on jo olemassa"},{"$i":"kai-override-warning-msg","$v":"Haluatko ohittaa nykyisen kuvan?"},{"$i":"kai-override","$v":"Ohita"},{"$i":"kai-edit-title","$v":"Muokkaa kuvaa"},{"$i":"kai-edit-exposure","$v":"Valotus"},{"$i":"kai-edit-crop","$v":"Rajaa"},{"$i":"kai-edit-rotate","$v":"Käännä"},{"$i":"kai-edit-filters","$v":"Suodattimet"},{"$i":"kai-edit-auto-correct","$v":"Automaattikorjaus"},{"$i":"edit-exposure","ariaLabel":"Valotus"},{"$i":"edit-crop","ariaLabel":"Rajaa"},{"$i":"edit-rotate","ariaLabel":"Käännä"},{"$i":"edit-filters","ariaLabel":"Suodattimet"},{"$i":"edit-auto-correct","ariaLabel":"Automaattikorjaus"},{"$i":"kai-crop-none","$v":"Peru rajaus"},{"$i":"kai-crop-aspect-free","$v":"Oletus"},{"$i":"kai-crop-aspect-portrait","$v":"2:3"},{"$i":"kai-crop-aspect-landscape","$v":"3:2"},{"$i":"kai-crop-aspect-square","$v":"1:1"},{"$i":"crop-none","ariaLabel":"Peru rajaus"},{"$i":"crop-aspect-free","ariaLabel":"Oletus"},{"$i":"crop-aspect-portrait","ariaLabel":"2:3"},{"$i":"crop-aspect-landscape","ariaLabel":"3:2"},{"$i":"crop-aspect-square","ariaLabel":"1:1"},{"$i":"edit-filters-none","ariaLabel":"Suodatin 1"},{"$i":"edit-filters-bw","ariaLabel":"Suodatin 2"},{"$i":"edit-filters-sepia","ariaLabel":"Suodatin 3"},{"$i":"edit-filters-bluesteel","ariaLabel":"Suodatin 4"},{"$i":"edit-filters-faded","ariaLabel":"Suodatin 5"},{"$i":"kai-rotate-cw","$v":"Myötäpäivään"},{"$i":"kai-rotate-ccw","$v":"Vastapäivään"},{"$i":"original","$v":"Alkuperäinen"},{"$i":"blackandwhite","$v":"Mustavalko"},{"$i":"sepia","$v":"Seepia"},{"$i":"freeform","$v":"Vapaamuotoinen"},{"$i":"portrait","$v":"Pysty"},{"$i":"landscape","$v":"Vaaka"},{"$i":"square","$v":"Neliö"},{"$i":"emptygallery2-title","$v":"Ei valokuvia tai videoita"},{"$i":"emptygallery2-text","$v":"Galleria on tyhjä. Aloita käyttämällä kameraa."},{"$i":"emptygallery2-title-pick","$v":"Ei valokuvia"},{"$i":"emptygallery-text-pick","$v":"Ei valokuvia saatavilla."},{"$i":"nocard3-title","$v":"Ei muistikorttia"},{"$i":"nocard4-text","$v":"Syötä muistikortti, jotta voit käyttää tätä sovellusta."},{"$i":"pluggedin2-title","$v":"Muistikortti käytössä"},{"$i":"pluggedin2-text","$v":"Tallennustila on käytössä. Irrota puhelin jotta voit käyttää tätä sovellusta."},{"$i":"scanning-title","$v":"Skannataan"},{"$i":"scanning-text","$v":"Skannataan valokuvien varalta..."},{"$i":"upgrade-title","$v":"Tietokannan päivitys"},{"$i":"upgrade-text","$v":"Odota, Galleria päivittää tietokantaansa."},{"$i":"share-noprovider","$v":"Tätä kuvatiedostotyyppiä ei voida jakaa."},{"$i":"memorycardfull","$v":"Säilytystila täynnä. Kuvien muokkaus ei onnistu."},{"$i":"imagetoobig","$v":"Kuva on liian suuri näytettäväksi tällä laitteella."},{"$i":"imageinvalid","$v":"Kuva on virheellinen tai vioittunut, eikä sitä voida näyttää."},{"$i":"saved","$v":[{"t":"idOrVar","v":"filename"}," tallennettu Galleriaan"]},{"$i":"edit-copy-saved","$v":"Uusi kopio tallennettu."},{"$i":"overlay-camera-button","$v":"Siirry kameraan"},{"$i":"name-label","$v":"Nimi"},{"$i":"size-label","$v":"Koko"},{"$i":"image-type-label","$v":"Kuvan tyyppi"},{"$i":"kai-date-and-time-label","$v":"Pvm ja aika"},{"$i":"date-taken-label","$v":"Ottopäivämäärä"},{"$i":"resolution-label","$v":"Tarkkuus"},{"$i":"close-button","$v":"Sulje"},{"$i":"path-label","$v":"Polku"},{"$i":"sd-card","$v":"SD-kortti"},{"$i":"internal","$v":"Sisäinen"},{"$i":"byteUnit-B","$v":"Tavua"},{"$i":"byteUnit-KB","$v":"kt"},{"$i":"byteUnit-MB","$v":"Mt"},{"$i":"byteUnit-GB","$v":"Gt"},{"$i":"gallery","$v":"Galleria"},{"$i":"preview","$v":"Esikatsele"},{"$i":"kai-confirmation","$v":"Vahvistus"},{"$i":"kai-delete-this-image","$v":"Poistetaanko valokuva?"},{"$i":"kai-delete-selected-image","$v":"Poistetaanko valittu valokuva?"},{"$i":"kai-delete-selected-images","$v":"Poistetaanko valitut valokuvat?"},{"$i":"kai-sort-by","$v":"Järjestä"},{"$i":"kai-group-by-date-and-location","$v":"Ryhmittele päivän mukaan"},{"$i":"kai-error","$v":"Virhe"},{"$i":"kai-error-delete-locked-image","$v":"Valittu kuva on lukittu, eikä sitä voitu poistaa!"},{"$i":"kai-error-delete-locked-images","$v":"Valitut kuvat sisältävät lukitun kuvan tai kuvia, joita ei voitu poistaa!"},{"$i":"kai-enter-new-name","$v":"Anna uusi nimi"},{"$i":"sort-and-group","$v":"Järjestä ja ryhmittele"},{"$i":"time_am","$v":"AM"},{"$i":"time_pm","$v":"PM"},{"$i":"date-group-header","$v":"%B %Y"},{"$i":"videoDescriptionShort","$v":"Videon päiväys %I:%M %p, %B %e, %Y"},{"$i":"imageDescriptionShort","$v":"Kuvan päiväys %I:%M %p, %B %e, %Y"},{"$i":"editImagePreview","ariaLabel":"Muokkaa kuvan esikatselua"},{"$i":"kai-pickoneimage","$v":"Valitse valokuva"},{"$i":"discard-changes-warning","$v":"Kaikki muutokset menetetään. Haluatko hylätä muutokset?"},{"$i":"save-changes-warning","$v":"Kaikki muutokset menetetään. Haluatko tallentaa muutokset?"},{"$i":"discard","$v":"Hylkää"},{"$i":"camera","$v":"Kamera"},{"$i":"phone-is-full-title","$v":"Puhelimen tallennustila on täynnä"},{"$i":"sd-card-is-full-title","$v":"SD-kortti on täynnä."},{"$i":"phone-is-full-content","$v":"Poista mediatiedostoja tai sovellustietoja vapauttaaksesi tilaa. Voit myös liittää SD-kortin laajentaaksesi median tallennustilaa."},{"$i":"sd-card-is-full-content","$v":"Poista tiedostoja SD-kortilta vapauttaaksesi tilaa."},{"$i":"imageDescription","$v":[{"t":"idOrVar","v":"orientation"},"kuva, %I:%M %p, %B %e, %Y"]},{"$i":"imageDescriptionNoTimestamp","$v":[{"t":"idOrVar","v":"orientation"},"kuva"]},{"$i":"videoDescription","$v":[{"t":"idOrVar","v":"orientation"},"video, %I:%M %p, %B %e, %Y"]},{"$i":"videoDescriptionNoTimestamp","$v":[{"t":"idOrVar","v":"orientation"},"video"]},{"$i":"orientationPortrait","$v":"pysty"},{"$i":"orientationLandscape","$v":"vaaka"},{"$i":"playbackPlay","ariaLabel":"Toista"},{"$i":"playbackPause","ariaLabel":"Tauko"},{"$i":"playbackNext","ariaLabel":"Seuraava"},{"$i":"playbackPrevious","ariaLabel":"Edellinen"},{"$i":"playbackFullscreen","ariaLabel":"Koko näyttö"},{"$i":"playbackSeekBar","ariaLabel":["Seekbar-hakupalkki, kesto ",{"t":"idOrVar","v":"duration"}]},{"$i":"weekday-0-long","$v":"Sunnuntai"},{"$i":"weekday-1-long","$v":"Maanantai"},{"$i":"weekday-2-long","$v":"Tiistai"},{"$i":"weekday-3-long","$v":"Keskiviikko"},{"$i":"weekday-4-long","$v":"Torstai"},{"$i":"weekday-5-long","$v":"Perjantai"},{"$i":"weekday-6-long","$v":"Lauantai"},{"$i":"weekday-0-short","$v":"Su"},{"$i":"weekday-1-short","$v":"Ma"},{"$i":"weekday-2-short","$v":"Ti"},{"$i":"weekday-3-short","$v":"Ke"},{"$i":"weekday-4-short","$v":"To"},{"$i":"weekday-5-short","$v":"Pe"},{"$i":"weekday-6-short","$v":"La"},{"$i":"month-0-long","$v":"Tammikuu"},{"$i":"month-1-long","$v":"Helmikuu"},{"$i":"month-2-long","$v":"Maaliskuu"},{"$i":"month-3-long","$v":"Huhtikuu"},{"$i":"month-4-long","$v":"Toukokuu"},{"$i":"month-5-long","$v":"Kesäkuu"},{"$i":"month-6-long","$v":"Heinäkuu"},{"$i":"month-7-long","$v":"Elokuu"},{"$i":"month-8-long","$v":"Syyskuu"},{"$i":"month-9-long","$v":"Lokakuu"},{"$i":"month-10-long","$v":"Marraskuu"},{"$i":"month-11-long","$v":"Joulukuu"},{"$i":"month-0-genitive","$v":"Tammikuu"},{"$i":"month-1-genitive","$v":"Helmikuu"},{"$i":"month-2-genitive","$v":"Maaliskuu"},{"$i":"month-3-genitive","$v":"Huhtikuu"},{"$i":"month-4-genitive","$v":"Toukokuu"},{"$i":"month-5-genitive","$v":"Kesäkuu"},{"$i":"month-6-genitive","$v":"Heinäkuu"},{"$i":"month-7-genitive","$v":"Elokuu"},{"$i":"month-8-genitive","$v":"Syyskuu"},{"$i":"month-9-genitive","$v":"Lokakuu"},{"$i":"month-10-genitive","$v":"Marraskuu"},{"$i":"month-11-genitive","$v":"Joulukuu"},{"$i":"month-0-short","$v":"tam"},{"$i":"month-1-short","$v":"hel"},{"$i":"month-2-short","$v":"maa"},{"$i":"month-3-short","$v":"huh"},{"$i":"month-4-short","$v":"tou"},{"$i":"month-5-short","$v":"kes"},{"$i":"month-6-short","$v":"hei"},{"$i":"month-7-short","$v":"elo"},{"$i":"month-8-short","$v":"syy"},{"$i":"month-9-short","$v":"lok"},{"$i":"month-10-short","$v":"mar"},{"$i":"month-11-short","$v":"jou"},{"$i":"minutes-ago-long","$v":{"few":[{"t":"idOrVar","v":"value"}," minuuttia sitten"],"many":[{"t":"idOrVar","v":"value"}," minuuttia sitten"],"one":"minuutti sitten","other":[{"t":"idOrVar","v":"value"}," minuuttia sitten"],"two":[{"t":"idOrVar","v":"value"}," minuuttia sitten"],"zero":"juuri nyt"},"$x":[{"t":"idOrVar","v":"plural"},"value"]},{"$i":"hours-ago-long","$v":{"few":[{"t":"idOrVar","v":"value"}," tuntia sitten"],"many":[{"t":"idOrVar","v":"value"}," tuntia sitten"],"one":"tunti sitten","other":[{"t":"idOrVar","v":"value"}," tuntia sitten"],"two":[{"t":"idOrVar","v":"value"}," tuntia sitten"],"zero":"juuri nyt"},"$x":[{"t":"idOrVar","v":"plural"},"value"]},{"$i":"days-ago-long","$v":{"few":[{"t":"idOrVar","v":"value"}," päivää sitten"],"many":[{"t":"idOrVar","v":"value"}," päivää sitten"],"one":"eilen","other":[{"t":"idOrVar","v":"value"}," päivää sitten"],"two":[{"t":"idOrVar","v":"value"}," päivää sitten"],"zero":"tänään"},"$x":[{"t":"idOrVar","v":"plural"},"value"]},{"$i":"weeks-ago-long","$v":{"few":[{"t":"idOrVar","v":"value"}," viikkoa sitten"],"many":[{"t":"idOrVar","v":"value"}," viikkoa sitten"],"one":"viime viikolla","other":[{"t":"idOrVar","v":"value"}," viikkoa sitten"],"two":[{"t":"idOrVar","v":"value"}," viikkoa sitten"],"zero":"tällä viikolla"},"$x":[{"t":"idOrVar","v":"plural"},"value"]},{"$i":"months-ago-long","$v":{"few":[{"t":"idOrVar","v":"value"}," kuukautta sitten"],"many":[{"t":"idOrVar","v":"value"}," kuukautta sitten"],"one":"viimeinen kuukausi","other":[{"t":"idOrVar","v":"value"}," kuukautta sitten"],"two":[{"t":"idOrVar","v":"value"}," kuukautta sitten"],"zero":"tässä kuussa"},"$x":[{"t":"idOrVar","v":"plural"},"value"]},{"$i":"years-ago-long","$v":{"few":[{"t":"idOrVar","v":"value"}," vuotta sitten"],"many":[{"t":"idOrVar","v":"value"}," vuotta sitten"],"one":"viime vuonna","other":[{"t":"idOrVar","v":"value"}," vuotta sitten"],"two":[{"t":"idOrVar","v":"value"}," vuotta sitten"],"zero":"tänä vuonna"},"$x":[{"t":"idOrVar","v":"plural"},"value"]},{"$i":"minutes-until-long","$v":{"few":[{"t":"idOrVar","v":"value"}," minuutin kuluttua"],"many":[{"t":"idOrVar","v":"value"}," minuutin kuluttua"],"one":"minuutin kuluttua","other":[{"t":"idOrVar","v":"value"}," minuutin kuluttua"],"two":[{"t":"idOrVar","v":"value"}," minuutin kuluttua"],"zero":"nyt"},"$x":[{"t":"idOrVar","v":"plural"},"value"]},{"$i":"hours-until-long","$v":{"few":[{"t":"idOrVar","v":"value"}," tunnin kuluttua"],"many":[{"t":"idOrVar","v":"value"}," tunnin kuluttua"],"one":"tunnin kuluttua","other":[{"t":"idOrVar","v":"value"}," tunnin kuluttua"],"two":[{"t":"idOrVar","v":"value"}," tunnin kuluttua"],"zero":"nyt"},"$x":[{"t":"idOrVar","v":"plural"},"value"]},{"$i":"days-until-long","$v":{"few":[{"t":"idOrVar","v":"value"}," päivän kuluttua"],"many":[{"t":"idOrVar","v":"value"}," päivän kuluttua"],"one":"huomenna","other":[{"t":"idOrVar","v":"value"}," päivän kuluttua"],"two":[{"t":"idOrVar","v":"value"}," päivän kuluttua"],"zero":"tänään"},"$x":[{"t":"idOrVar","v":"plural"},"value"]},{"$i":"weeks-until-long","$v":{"few":[{"t":"idOrVar","v":"value"}," viikon kuluttua"],"many":[{"t":"idOrVar","v":"value"}," viikon kuluttua"],"one":"seuraava viikko","other":[{"t":"idOrVar","v":"value"}," viikon kuluttua"],"two":[{"t":"idOrVar","v":"value"}," viikon kuluttua"],"zero":"tällä viikolla"},"$x":[{"t":"idOrVar","v":"plural"},"value"]},{"$i":"months-until-long","$v":{"few":[{"t":"idOrVar","v":"value"}," kuukauden kuluttua"],"many":[{"t":"idOrVar","v":"value"}," kuukauden kuluttua"],"one":"seuraava kuukausi","other":[{"t":"idOrVar","v":"value"}," kuukauden kuluttua"],"two":[{"t":"idOrVar","v":"value"}," kuukauden kuluttua"],"zero":"tässä kuussa"},"$x":[{"t":"idOrVar","v":"plural"},"value"]},{"$i":"years-until-long","$v":{"few":[{"t":"idOrVar","v":"value"}," vuoden kuluttua"],"many":[{"t":"idOrVar","v":"value"}," vuoden kuluttua"],"one":"seuraava vuosi","other":[{"t":"idOrVar","v":"value"}," vuoden kuluttua"],"two":[{"t":"idOrVar","v":"value"}," vuoden kuluttua"],"zero":"tänä vuonna"},"$x":[{"t":"idOrVar","v":"plural"},"value"]},{"$i":"minutes-ago-short","$v":{"other":[{"t":"idOrVar","v":"value"}," m sitten"],"zero":"juuri nyt"},"$x":[{"t":"idOrVar","v":"plural"},"value"]},{"$i":"hours-ago-short","$v":{"other":[{"t":"idOrVar","v":"value"}," h sitten"],"zero":"juuri nyt"},"$x":[{"t":"idOrVar","v":"plural"},"value"]},{"$i":"days-ago-short","$v":{"other":[{"t":"idOrVar","v":"value"}," pvää sitten"],"zero":"tänään"},"$x":[{"t":"idOrVar","v":"plural"},"value"]},{"$i":"minutes-until-short","$v":{"other":[{"t":"idOrVar","v":"value"}," m kuluttua"],"zero":"nyt"},"$x":[{"t":"idOrVar","v":"plural"},"value"]},{"$i":"hours-until-short","$v":{"other":[{"t":"idOrVar","v":"value"}," h kuluttua"],"zero":"nyt"},"$x":[{"t":"idOrVar","v":"plural"},"value"]},{"$i":"days-until-short","$v":{"other":[{"t":"idOrVar","v":"value"}," pvän kuluttua"],"zero":"tänään"},"$x":[{"t":"idOrVar","v":"plural"},"value"]},{"$i":"incorrectDate","$v":"(virheellinen päivämäärä)"},{"$i":"dateTimeFormat_%c","$v":"%a %b %e %Y %I:%M:%S %p"},{"$i":"dateTimeFormat_%x","$v":"%m/%d/%Y"},{"$i":"dateTimeFormat_%X","$v":"%I:%M:%S %p"},{"$i":"shortTimeFormat","$v":"%I:%M %p"},{"$i":"shortTimeFormat12","$v":"%I:%M %p"},{"$i":"shortTimeFormat24","$v":"%H:%M"},{"$i":"shortDateTimeFormat","$v":"%x %I:%M %p"},{"$i":"weekStartsOnMonday","$v":"0.0"},{"$i":"firstDayOfTheWeek","$v":"1.0"},{"$i":"softkey-options","$v":"Valinnat"}]