[{"$i":"select","$v":"Piliin"},{"$i":"deselect","$v":"Alisin ang pagkakapili"},{"$i":"kai-select","$v":"Piliin"},{"$i":"invalid-image","$v":"Invalid na Larawan"},{"$i":"image-too-big","$v":"Masyadong malaki ang file ng larawan upang maipakita sa gallery"},{"$i":"kai-selected-items-count","$v":[{"t":"idOrVar","v":"n"}," ang Napili"]},{"$i":"delete-photo?","$v":"I-delete ang larawan?"},{"$i":"delete-video?","$v":"I-delete ang video?"},{"$i":"deleting","$v":"Dine-delete…"},{"$i":"delete-n-items?","$v":{"few":["I-delete ang ",{"t":"idOrVar","v":"n"}," (na) item?"],"many":["I-delete ang ",{"t":"idOrVar","v":"n"}," (na) item?"],"one":"Alisin ang napiling item?","other":["I-delete ang ",{"t":"idOrVar","v":"n"}," (na) item?"],"two":["I-delete ang ",{"t":"idOrVar","v":"n"}," (na) item?"],"zero":"Walang napili"},"$x":[{"t":"idOrVar","v":"plural"},"n"]},{"$i":"kai-contact-set-ok","$v":"Naidagdag ang larawan ng contact"},{"$i":"kai-contact-set-fail","$v":"Hindi nakapagtakda ng larawan ng contact"},{"$i":"kai-exposure-done","$v":"Nalapat ang exposure"},{"$i":"kai-rotation-done","$v":"Nailapat ang pag-rotate"},{"$i":"kai-crop-done","$v":"Na-crop ang larawan"},{"$i":"kai-filters-done","$v":"Nalapat ang filter"},{"$i":"kai-autocorrection-done","$v":"Nailapat ang Awtomatikong Pagwawasto"},{"$i":"kai-changes-saved","$v":"Na-save ang mga pagbabago"},{"$i":"wallpaper-set","$v":"Naitakda ang wallpaper"},{"$i":"kai-single-image-locked","$v":"Napiling na-lock na larawan"},{"$i":"kai-single-image-unlocked","$v":"Napiling unlock na larawan"},{"$i":"kai-single-image-deleted","$v":"Na-delete ang larawan"},{"$i":"kai-multiple-images-locked","$v":{"one":[{"t":"idOrVar","v":"n"}," larawan ang na-lock"],"other":[{"t":"idOrVar","v":"n"}," (na) larawan ang na-lock"],"zero":"Walang na-lock na larawan"},"$x":[{"t":"idOrVar","v":"plural"},"n"]},{"$i":"kai-multiple-images-unlocked","$v":{"one":[{"t":"idOrVar","v":"n"}," larawan ang na-unlock"],"other":[{"t":"idOrVar","v":"n"}," (na) larawan ang na-unlock"],"zero":"Walang na-unlock na larawan"},"$x":[{"t":"idOrVar","v":"plural"},"n"]},{"$i":"kai-deleted-n-photos","$v":{"one":[{"t":"idOrVar","v":"n"}," larawan ang na-delete"],"other":[{"t":"idOrVar","v":"n"}," (na) larawan ang na-delete"],"zero":"Walang na-delete na larawan"},"$x":[{"t":"idOrVar","v":"plural"},"n"]},{"$i":"kai-some-photos-not-share","$v":"Hindi ma-share ang ilang larawan"},{"$i":"kai-some-photos-not-delete","$v":"Hindi ma-delete ang ilang larawan"},{"$i":"kai-some-photos-not-lock","$v":"Hindi ma-lock ang ilang larawan"},{"$i":"kai-undo","$v":"I-undo"},{"$i":"pickoneimage2","$v":"Piliin"},{"$i":"cropimage","$v":"I-crop"},{"$i":"kai-on","$v":"Bukas"},{"$i":"kai-off","$v":"I-off"},{"$i":"cancel","$v":"Kanselahin"},{"$i":"delete","$v":"I-delete"},{"$i":"ok","$v":"OK"},{"$i":"edit","$v":"I-edit"},{"$i":"revert","$v":"Bumalik"},{"$i":"save","$v":"I-save"},{"$i":"done","$v":"Tapos na"},{"$i":"exposure","$v":"Exposure"},{"$i":"crop","$v":"I-crop"},{"$i":"effects","$v":"Mga epekto"},{"$i":"borders","$v":"Mga Border"},{"$i":"enhance-on","$v":"Naka-on ang Auto-enhance"},{"$i":"enhance-off","$v":"Naka-off ang Auto-enhance"},{"$i":"kai-set","$v":"Itakda"},{"$i":"kai-options","$v":"Mga Opsyon"},{"$i":"kai-select-all","$v":"Piliin Lahat"},{"$i":"kai-deselect-all","$v":"Alisin ang Pagkakapili sa Lahat"},{"$i":"kai-lock","$v":"Lock"},{"$i":"kai-unlock","$v":"I-unlock"},{"$i":"kai-rename","$v":"Palitan ang pangalan"},{"$i":"kai-rotate","$v":"I-rotate"},{"$i":"kai-share","$v":"Ibahagi"},{"$i":"kai-settings","$v":"Mga Setting"},{"$i":"kai-set-as","$v":"Itakda bilang"},{"$i":"set-as-wallpaper","$v":"Itakda bilang wallpaper"},{"$i":"kai-wallpaper","$v":"Wallpaper"},{"$i":"kai-existing-contact-image","$v":"Larawan para sa kasalukuyang contact"},{"$i":"kai-zoom","$v":"I-zoom"},{"$i":"kai-zoom-in","$v":"I-zoom In"},{"$i":"kai-zoom-out","$v":"I-zoom Out"},{"$i":"kai-file-info","$v":"Impormasyon ng File"},{"$i":"kai-select-multiple","$v":"Pumili nang Marami"},{"$i":"kai-invalid-name","$v":"Invalid na Pangalan"},{"$i":"kai-name-already-exists","$v":"Mayroon nang ganitong pangalan"},{"$i":"kai-override-warning-msg","$v":"Gusto mo bang i-override ang kasalukuyang larawan?"},{"$i":"kai-override","$v":"I-override"},{"$i":"kai-edit-title","$v":"I-edit ang Larawan"},{"$i":"kai-edit-exposure","$v":"Exposure"},{"$i":"kai-edit-crop","$v":"I-crop"},{"$i":"kai-edit-rotate","$v":"I-rotate"},{"$i":"kai-edit-filters","$v":"Mga Filter"},{"$i":"kai-edit-auto-correct","$v":"Awtomatikong pagwawasto"},{"$i":"edit-exposure","ariaLabel":"Exposure"},{"$i":"edit-crop","ariaLabel":"I-crop"},{"$i":"edit-rotate","ariaLabel":"I-rotate"},{"$i":"edit-filters","ariaLabel":"Mga Filter"},{"$i":"edit-auto-correct","ariaLabel":"Awtomatikong pagwawasto"},{"$i":"kai-crop-none","$v":"I-undo ang pag-crop"},{"$i":"kai-crop-aspect-free","$v":"Default"},{"$i":"kai-crop-aspect-portrait","$v":"2:3"},{"$i":"kai-crop-aspect-landscape","$v":"3:2"},{"$i":"kai-crop-aspect-square","$v":"1:1"},{"$i":"crop-none","ariaLabel":"I-undo ang pag-crop"},{"$i":"crop-aspect-free","ariaLabel":"Default"},{"$i":"crop-aspect-portrait","ariaLabel":"2:3"},{"$i":"crop-aspect-landscape","ariaLabel":"3:2"},{"$i":"crop-aspect-square","ariaLabel":"1:1"},{"$i":"edit-filters-none","ariaLabel":"Filter 1"},{"$i":"edit-filters-bw","ariaLabel":"Filter 2"},{"$i":"edit-filters-sepia","ariaLabel":"Filter 3"},{"$i":"edit-filters-bluesteel","ariaLabel":"Filter 4"},{"$i":"edit-filters-faded","ariaLabel":"Filter 5"},{"$i":"kai-rotate-cw","$v":"CW"},{"$i":"kai-rotate-ccw","$v":"CCW"},{"$i":"original","$v":"Orihinal"},{"$i":"blackandwhite","$v":{"$o":"B&W"}},{"$i":"sepia","$v":"Sepia"},{"$i":"freeform","$v":"Freeform"},{"$i":"portrait","$v":"Portrait"},{"$i":"landscape","$v":"Landscape"},{"$i":"square","$v":"Parisukat"},{"$i":"emptygallery2-title","$v":"Walang larawan o video"},{"$i":"emptygallery2-text","$v":"Walang laman ang Gallery. Gamitin ang camera upang magsimula."},{"$i":"emptygallery2-title-pick","$v":"Walang larawan"},{"$i":"emptygallery-text-pick","$v":"Walang available na larawan."},{"$i":"nocard3-title","$v":"Walang memory card"},{"$i":"nocard4-text","$v":"Magpasok ng memory card upang magamit ang app na ito."},{"$i":"pluggedin2-title","$v":"Ginagamit ang memory card"},{"$i":"pluggedin2-text","$v":"Ginagamit ang storage. Paki-unplug ang telepono upang magamit ang app na ito."},{"$i":"scanning-title","$v":"Sina-scan"},{"$i":"scanning-text","$v":"Nagsa-scan para sa mga larawan..."},{"$i":"upgrade-title","$v":"Pag-upgrade ng Database"},{"$i":"upgrade-text","$v":"Maghintay habang ina-update ng Gallery ang database nito."},{"$i":"share-noprovider","$v":"Hindi maibahagi ang ganitong uri ng file ng larawan."},{"$i":"memorycardfull","$v":"Puno ang storage. Hindi ma-edit ang mga larawan."},{"$i":"imagetoobig","$v":"Masyadong malaki ang larawan upang maipakita sa device na ito."},{"$i":"imageinvalid","$v":"Invalid o corrupt ang larawan at hindi maipapakita."},{"$i":"saved","$v":["Na-save ang ",{"t":"idOrVar","v":"filename"}," sa Gallery"]},{"$i":"edit-copy-saved","$v":"Na-save ang bagong kopya."},{"$i":"overlay-camera-button","$v":"Pumunta sa Camera"},{"$i":"name-label","$v":"Pangalan"},{"$i":"size-label","$v":"Laki"},{"$i":"image-type-label","$v":"Uri ng Larawan"},{"$i":"kai-date-and-time-label","$v":"Petsa at Oras"},{"$i":"date-taken-label","$v":"Petsa ng Pagkuha"},{"$i":"resolution-label","$v":"Resolution"},{"$i":"close-button","$v":"Isara"},{"$i":"path-label","$v":"Path"},{"$i":"sd-card","$v":"SD Card"},{"$i":"internal","$v":"Internal"},{"$i":"byteUnit-B","$v":"Bytes"},{"$i":"byteUnit-KB","$v":"KB"},{"$i":"byteUnit-MB","$v":"MB"},{"$i":"byteUnit-GB","$v":"GB"},{"$i":"gallery","$v":"Gallery"},{"$i":"preview","$v":"I-preview"},{"$i":"kai-confirmation","$v":"Kumpirmasyon"},{"$i":"kai-delete-this-image","$v":"I-delete ang larawan?"},{"$i":"kai-delete-selected-image","$v":"I-delete ang napiling larawan?"},{"$i":"kai-delete-selected-images","$v":"I-delete ang mga napiling larawan?"},{"$i":"kai-sort-by","$v":"Pagsunud-sunurin ayon sa"},{"$i":"kai-group-by-date-and-location","$v":"Ipangkat ayon sa Petsa"},{"$i":"kai-error","$v":"Error"},{"$i":"kai-error-delete-locked-image","$v":"Naka-lock ang napiling larawan at hindi ito made-delete!"},{"$i":"kai-error-delete-locked-images","$v":"Ang mga napiling larawan ay may (mga) naka-lock na larawan at hindi made-delete ang mga ito!"},{"$i":"kai-enter-new-name","$v":"Magpasok ng Bagong Pangalan"},{"$i":"sort-and-group","$v":"Pagsunud-sunurin at Ipangkat"},{"$i":"time_am","$v":"AM"},{"$i":"time_pm","$v":"PM"},{"$i":"date-group-header","$v":"%B %Y"},{"$i":"videoDescriptionShort","$v":"Petsa ng video %I:%M %p, %B %e, %Y"},{"$i":"imageDescriptionShort","$v":"Petsa ng larawan %I:%M %p, %B %e, %Y"},{"$i":"editImagePreview","ariaLabel":"I-edit ang preview ng larawan"},{"$i":"kai-pickoneimage","$v":"Pumili Ng Larawan"},{"$i":"discard-changes-warning","$v":"Mawawala ang lahat ng pagbabago. Gusto mo bang i-discard ang mga pagbabago?"},{"$i":"save-changes-warning","$v":"Mawawala ang lahat ng pagbabago. Gusto mo bang i-save ang mga pagbabago?"},{"$i":"discard","$v":"I-discard"},{"$i":"camera","$v":"Camera"},{"$i":"phone-is-full-title","$v":"Puno ang Storage ng Telepono"},{"$i":"sd-card-is-full-title","$v":"Puno ang SD card."},{"$i":"phone-is-full-content","$v":"Mag-delete ng mga media file o application data para magbakante ng espasyo. Maaari ka ring maglagay ng SD card para palakihin ang media storage."},{"$i":"sd-card-is-full-content","$v":"I-delete ang mga file sa SD card para magbakante ng espasyo."},{"$i":"imageDescription","$v":[{"t":"idOrVar","v":"orientation"}," larawan, %I:%M %p, %B %e, %Y"]},{"$i":"imageDescriptionNoTimestamp","$v":[{"t":"idOrVar","v":"orientation"}," larawan"]},{"$i":"videoDescription","$v":[{"t":"idOrVar","v":"orientation"}," video, %I:%M %p, %B %e, %Y"]},{"$i":"videoDescriptionNoTimestamp","$v":[{"t":"idOrVar","v":"orientation"}," video"]},{"$i":"orientationPortrait","$v":"portrait"},{"$i":"orientationLandscape","$v":"landscape"},{"$i":"playbackPlay","ariaLabel":"I-play"},{"$i":"playbackPause","ariaLabel":"I-pause"},{"$i":"playbackNext","ariaLabel":"Susunod"},{"$i":"playbackPrevious","ariaLabel":"Nakaraan"},{"$i":"playbackFullscreen","ariaLabel":"Fullscreen"},{"$i":"playbackSeekBar","ariaLabel":["Hanapin ang bar, tagal ",{"t":"idOrVar","v":"duration"}]},{"$i":"weekday-0-long","$v":"Linggo"},{"$i":"weekday-1-long","$v":"Lunes"},{"$i":"weekday-2-long","$v":"Martes"},{"$i":"weekday-3-long","$v":"Miyerkules"},{"$i":"weekday-4-long","$v":"Huwebes"},{"$i":"weekday-5-long","$v":"Biyernes"},{"$i":"weekday-6-long","$v":"Sabado"},{"$i":"weekday-0-short","$v":"Lin"},{"$i":"weekday-1-short","$v":"Lun"},{"$i":"weekday-2-short","$v":"Mar"},{"$i":"weekday-3-short","$v":"Miy"},{"$i":"weekday-4-short","$v":"Hwe"},{"$i":"weekday-5-short","$v":"Biy"},{"$i":"weekday-6-short","$v":"Sab"},{"$i":"month-0-long","$v":"Enero"},{"$i":"month-1-long","$v":"Pebrero"},{"$i":"month-2-long","$v":"Marso"},{"$i":"month-3-long","$v":"Abril"},{"$i":"month-4-long","$v":"Mayo"},{"$i":"month-5-long","$v":"Hunyo"},{"$i":"month-6-long","$v":"Hulyo"},{"$i":"month-7-long","$v":"Agosto"},{"$i":"month-8-long","$v":"Setyembre"},{"$i":"month-9-long","$v":"Oktubre"},{"$i":"month-10-long","$v":"Nobyembre"},{"$i":"month-11-long","$v":"Disyembre"},{"$i":"month-0-genitive","$v":"Enero"},{"$i":"month-1-genitive","$v":"Pebrero"},{"$i":"month-2-genitive","$v":"Marso"},{"$i":"month-3-genitive","$v":"Abril"},{"$i":"month-4-genitive","$v":"Mayo"},{"$i":"month-5-genitive","$v":"Hunyo"},{"$i":"month-6-genitive","$v":"Hulyo"},{"$i":"month-7-genitive","$v":"Agosto"},{"$i":"month-8-genitive","$v":"Setyembre"},{"$i":"month-9-genitive","$v":"Oktubre"},{"$i":"month-10-genitive","$v":"Nobyembre"},{"$i":"month-11-genitive","$v":"Disyembre"},{"$i":"month-0-short","$v":"Ene"},{"$i":"month-1-short","$v":"Peb"},{"$i":"month-2-short","$v":"Mar"},{"$i":"month-3-short","$v":"Abr"},{"$i":"month-4-short","$v":"Mayo"},{"$i":"month-5-short","$v":"Hun"},{"$i":"month-6-short","$v":"Hul"},{"$i":"month-7-short","$v":"Ago"},{"$i":"month-8-short","$v":"Set"},{"$i":"month-9-short","$v":"Okt"},{"$i":"month-10-short","$v":"Nob"},{"$i":"month-11-short","$v":"Dis"},{"$i":"minutes-ago-long","$v":{"few":[{"t":"idOrVar","v":"value"}," (na) minuto ang nakalipas"],"many":[{"t":"idOrVar","v":"value"}," (na) minuto ang nakalipas"],"one":"isang minuto ang nakalipas","other":[{"t":"idOrVar","v":"value"}," (na) minuto ang nakalipas"],"two":[{"t":"idOrVar","v":"value"}," (na) minuto ang nakalipas"],"zero":"ngayon lang"},"$x":[{"t":"idOrVar","v":"plural"},"value"]},{"$i":"hours-ago-long","$v":{"few":[{"t":"idOrVar","v":"value"}," (na) oras ang nakalipas"],"many":[{"t":"idOrVar","v":"value"}," (na) oras ang nakalipas"],"one":"isang oras ang nakalipas","other":[{"t":"idOrVar","v":"value"}," (na) oras ang nakalipas"],"two":[{"t":"idOrVar","v":"value"}," (na) oras ang nakalipas"],"zero":"ngayon lang"},"$x":[{"t":"idOrVar","v":"plural"},"value"]},{"$i":"days-ago-long","$v":{"few":[{"t":"idOrVar","v":"value"}," (na) araw ang nakalipas"],"many":[{"t":"idOrVar","v":"value"}," (na) araw ang nakalipas"],"one":"kahapon","other":[{"t":"idOrVar","v":"value"}," (na) araw ang nakalipas"],"two":[{"t":"idOrVar","v":"value"}," (na) araw ang nakalipas"],"zero":"ngayon"},"$x":[{"t":"idOrVar","v":"plural"},"value"]},{"$i":"weeks-ago-long","$v":{"few":[{"t":"idOrVar","v":"value"}," (na) linggo ang nakalipas"],"many":[{"t":"idOrVar","v":"value"}," (na) linggo ang nakalipas"],"one":"nakaraang linggo","other":[{"t":"idOrVar","v":"value"}," (na) linggo ang nakalipas"],"two":[{"t":"idOrVar","v":"value"}," (na) linggo ang nakalipas"],"zero":"ngayong linggo"},"$x":[{"t":"idOrVar","v":"plural"},"value"]},{"$i":"months-ago-long","$v":{"few":[{"t":"idOrVar","v":"value"}," (na) buwan ang nakalipas"],"many":[{"t":"idOrVar","v":"value"}," (na) buwan ang nakalipas"],"one":"nakaraang buwan","other":[{"t":"idOrVar","v":"value"}," (na) buwan ang nakalipas"],"two":[{"t":"idOrVar","v":"value"}," (na) buwan ang nakalipas"],"zero":"ngayong buwan"},"$x":[{"t":"idOrVar","v":"plural"},"value"]},{"$i":"years-ago-long","$v":{"few":[{"t":"idOrVar","v":"value"}," (na) taon ang nakalipas"],"many":[{"t":"idOrVar","v":"value"}," (na) taon ang nakalipas"],"one":"nakaraang taon","other":[{"t":"idOrVar","v":"value"}," (na) taon ang nakalipas"],"two":[{"t":"idOrVar","v":"value"}," (na) taon ang nakalipas"],"zero":"ngayong taon"},"$x":[{"t":"idOrVar","v":"plural"},"value"]},{"$i":"minutes-until-long","$v":{"few":["sa loob ng ",{"t":"idOrVar","v":"value"}," (na) minuto"],"many":["sa loob ng ",{"t":"idOrVar","v":"value"}," (na) minuto"],"one":"sa loob ng isang minuto","other":["sa loob ng ",{"t":"idOrVar","v":"value"}," (na) minuto"],"two":["sa loob ng ",{"t":"idOrVar","v":"value"}," (na) minuto"],"zero":"ngayon"},"$x":[{"t":"idOrVar","v":"plural"},"value"]},{"$i":"hours-until-long","$v":{"few":["sa loob ng ",{"t":"idOrVar","v":"value"}," (na) oras"],"many":["sa loob ng ",{"t":"idOrVar","v":"value"}," (na) oras"],"one":"sa loob ng isang oras","other":["sa loob ng ",{"t":"idOrVar","v":"value"}," (na) oras"],"two":["sa loob ng ",{"t":"idOrVar","v":"value"}," (na) oras"],"zero":"ngayon"},"$x":[{"t":"idOrVar","v":"plural"},"value"]},{"$i":"days-until-long","$v":{"few":["sa loob ng ",{"t":"idOrVar","v":"value"}," (na) araw"],"many":["sa loob ng ",{"t":"idOrVar","v":"value"}," (na) araw"],"one":"bukas","other":["sa loob ng ",{"t":"idOrVar","v":"value"}," (na) araw"],"two":["sa loob ng ",{"t":"idOrVar","v":"value"}," (na) araw"],"zero":"ngayon"},"$x":[{"t":"idOrVar","v":"plural"},"value"]},{"$i":"weeks-until-long","$v":{"few":["sa loob ng ",{"t":"idOrVar","v":"value"}," (na) linggo"],"many":["sa loob ng ",{"t":"idOrVar","v":"value"}," (na) linggo"],"one":"susunod na linggo","other":["sa loob ng ",{"t":"idOrVar","v":"value"}," (na) linggo"],"two":["sa loob ng ",{"t":"idOrVar","v":"value"}," (na) linggo"],"zero":"ngayong linggo"},"$x":[{"t":"idOrVar","v":"plural"},"value"]},{"$i":"months-until-long","$v":{"few":["sa loob ng ",{"t":"idOrVar","v":"value"}," (na) buwan"],"many":["sa loob ng ",{"t":"idOrVar","v":"value"}," (na) buwan"],"one":"susunod na buwan","other":["sa loob ng ",{"t":"idOrVar","v":"value"}," (na) buwan"],"two":["sa loob ng ",{"t":"idOrVar","v":"value"}," (na) buwan"],"zero":"ngayong buwan"},"$x":[{"t":"idOrVar","v":"plural"},"value"]},{"$i":"years-until-long","$v":{"few":["sa loob ng ",{"t":"idOrVar","v":"value"}," (na) taon"],"many":["sa loob ng ",{"t":"idOrVar","v":"value"}," (na) taon"],"one":"susunod na taon","other":["sa loob ng ",{"t":"idOrVar","v":"value"}," (na) taon"],"two":["sa loob ng ",{"t":"idOrVar","v":"value"}," (na) taon"],"zero":"ngayong taon"},"$x":[{"t":"idOrVar","v":"plural"},"value"]},{"$i":"minutes-ago-short","$v":{"other":[{"t":"idOrVar","v":"value"},"m ang nakalipas"],"zero":"ngayon lang"},"$x":[{"t":"idOrVar","v":"plural"},"value"]},{"$i":"hours-ago-short","$v":{"other":[{"t":"idOrVar","v":"value"},"h ang nakalipas"],"zero":"ngayon lang"},"$x":[{"t":"idOrVar","v":"plural"},"value"]},{"$i":"days-ago-short","$v":{"other":[{"t":"idOrVar","v":"value"},"d ang nakalipas"],"zero":"ngayon"},"$x":[{"t":"idOrVar","v":"plural"},"value"]},{"$i":"minutes-until-short","$v":{"other":["sa loob ng ",{"t":"idOrVar","v":"value"},"m"],"zero":"ngayon"},"$x":[{"t":"idOrVar","v":"plural"},"value"]},{"$i":"hours-until-short","$v":{"other":["sa loob ng ",{"t":"idOrVar","v":"value"},"o"],"zero":"ngayon"},"$x":[{"t":"idOrVar","v":"plural"},"value"]},{"$i":"days-until-short","$v":{"other":["sa loob ng ",{"t":"idOrVar","v":"value"},"a"],"zero":"ngayon"},"$x":[{"t":"idOrVar","v":"plural"},"value"]},{"$i":"incorrectDate","$v":"(mali ang petsa)"},{"$i":"dateTimeFormat_%c","$v":"%a %b %e %Y %I:%M:%S %p"},{"$i":"dateTimeFormat_%x","$v":"%m/%d/%Y"},{"$i":"dateTimeFormat_%X","$v":"%I:%M:%S %p"},{"$i":"shortTimeFormat","$v":"%I:%M %p"},{"$i":"shortTimeFormat12","$v":"%I:%M %p"},{"$i":"shortTimeFormat24","$v":"%H:%M"},{"$i":"shortDateTimeFormat","$v":"%x %I:%M %p"},{"$i":"weekStartsOnMonday","$v":"0.0"},{"$i":"firstDayOfTheWeek","$v":"0.0"},{"$i":"softkey-options","$v":"Mga Opsyon"}]