[{"$i":"select","$v":"Sélectionner"},{"$i":"deselect","$v":"Désélectionner"},{"$i":"kai-select","$v":"Sélectionner"},{"$i":"invalid-image","$v":"Image non valide"},{"$i":"image-too-big","$v":"La taille de fichier de l'image est trop grande pour l'afficher dans la galerie."},{"$i":"kai-selected-items-count","$v":[{"t":"idOrVar","v":"n"}," sélectionnés"]},{"$i":"delete-photo?","$v":"Supprimer la photo?"},{"$i":"delete-video?","$v":"Supprimer la vidéo?"},{"$i":"deleting","$v":"Suppression..."},{"$i":"delete-n-items?","$v":{"few":["Supprimer ",{"t":"idOrVar","v":"n"}," éléments?"],"many":["Supprimer ",{"t":"idOrVar","v":"n"}," éléments?"],"one":"Supprimer les éléments sélectionnés?","other":["Supprimer ",{"t":"idOrVar","v":"n"}," éléments?"],"two":["Supprimer ",{"t":"idOrVar","v":"n"}," éléments?"],"zero":"Rien n'est sélectionné."},"$x":[{"t":"idOrVar","v":"plural"},"n"]},{"$i":"kai-contact-set-ok","$v":"Image du contact ajoutée"},{"$i":"kai-contact-set-fail","$v":"Échec de réglage de l'image du contact"},{"$i":"kai-exposure-done","$v":"Exposition appliquée"},{"$i":"kai-rotation-done","$v":"Rotation appliquée"},{"$i":"kai-crop-done","$v":"Image rognée"},{"$i":"kai-filters-done","$v":"Le filtre est appliqué"},{"$i":"kai-autocorrection-done","$v":"Correction automatique appliquée"},{"$i":"kai-changes-saved","$v":"Modifications enregistrées"},{"$i":"wallpaper-set","$v":"Fond d'écran défini"},{"$i":"kai-single-image-locked","$v":"L'image sélectionnée est verrouillée."},{"$i":"kai-single-image-unlocked","$v":"L'image sélectionnée est déverrouillée."},{"$i":"kai-single-image-deleted","$v":"Photo supprimée"},{"$i":"kai-multiple-images-locked","$v":{"one":[{"t":"idOrVar","v":"n"}," photo verrouillée"],"other":[{"t":"idOrVar","v":"n"}," photos verrouillées"],"zero":"Aucune photo verrouillée"},"$x":[{"t":"idOrVar","v":"plural"},"n"]},{"$i":"kai-multiple-images-unlocked","$v":{"one":[{"t":"idOrVar","v":"n"}," photo déverrouillée"],"other":[{"t":"idOrVar","v":"n"}," photos déverrouillées"],"zero":"Aucune photo déverrouillée"},"$x":[{"t":"idOrVar","v":"plural"},"n"]},{"$i":"kai-deleted-n-photos","$v":{"one":[{"t":"idOrVar","v":"n"}," photo supprimée"],"other":[{"t":"idOrVar","v":"n"}," images supprimées"],"zero":"Aucune photo supprimée"},"$x":[{"t":"idOrVar","v":"plural"},"n"]},{"$i":"kai-some-photos-not-share","$v":"Certaines photos ne peuvent pas être partagées"},{"$i":"kai-some-photos-not-delete","$v":"Certaines photos ne peuvent pas être supprimées"},{"$i":"kai-some-photos-not-lock","$v":"Certaines photos ne peuvent pas être verrouillées"},{"$i":"kai-undo","$v":"Annuler une commande"},{"$i":"pickoneimage2","$v":"Sélectionner"},{"$i":"cropimage","$v":"Rogner"},{"$i":"kai-on","$v":"Activé"},{"$i":"kai-off","$v":"Désactivé"},{"$i":"cancel","$v":"Annuler"},{"$i":"delete","$v":"Supprimer"},{"$i":"ok","$v":"OK"},{"$i":"edit","$v":"Modifier"},{"$i":"revert","$v":"Annuler"},{"$i":"save","$v":"Enregistrer"},{"$i":"done","$v":"Terminé"},{"$i":"exposure","$v":"Exposition"},{"$i":"crop","$v":"Rogner"},{"$i":"effects","$v":"Effets"},{"$i":"borders","$v":"Bords"},{"$i":"enhance-on","$v":"Amélioration automatique activée"},{"$i":"enhance-off","$v":"Amélioration automatique désactivée"},{"$i":"kai-set","$v":"Régler"},{"$i":"kai-options","$v":"Options"},{"$i":"kai-select-all","$v":"Tout"},{"$i":"kai-deselect-all","$v":"Aucun"},{"$i":"kai-lock","$v":"Verrouiller"},{"$i":"kai-unlock","$v":"Déverrouiller"},{"$i":"kai-rename","$v":"Renommer"},{"$i":"kai-rotate","$v":"Tourner"},{"$i":"kai-share","$v":"Partager"},{"$i":"kai-settings","$v":"Réglages"},{"$i":"kai-set-as","$v":"Régler en tant que"},{"$i":"set-as-wallpaper","$v":"Établir comme papier peint"},{"$i":"kai-wallpaper","$v":"Papier peint"},{"$i":"kai-existing-contact-image","$v":"Image existante du contact"},{"$i":"kai-zoom","$v":"Zoom"},{"$i":"kai-zoom-in","$v":"Zoom avant"},{"$i":"kai-zoom-out","$v":"Zoom arrière"},{"$i":"kai-file-info","$v":"Informations sur le fichier"},{"$i":"kai-select-multiple","$v":"Sélectionner plusieurs"},{"$i":"kai-invalid-name","$v":"Nom invalide"},{"$i":"kai-name-already-exists","$v":"Ce nom existe déjà"},{"$i":"kai-override-warning-msg","$v":"Voulez-vous outrepasser l'image existante?"},{"$i":"kai-override","$v":"Outrepasser"},{"$i":"kai-edit-title","$v":"Modifier l'image"},{"$i":"kai-edit-exposure","$v":"Exposition"},{"$i":"kai-edit-crop","$v":"Rogner"},{"$i":"kai-edit-rotate","$v":"Tourner"},{"$i":"kai-edit-filters","$v":"Filtres"},{"$i":"kai-edit-auto-correct","$v":"Correction automatique"},{"$i":"edit-exposure","ariaLabel":"Exposition"},{"$i":"edit-crop","ariaLabel":"Rogner"},{"$i":"edit-rotate","ariaLabel":"Tourner"},{"$i":"edit-filters","ariaLabel":"Filtres"},{"$i":"edit-auto-correct","ariaLabel":"Correction automatique"},{"$i":"kai-crop-none","$v":"Défaire le rognage"},{"$i":"kai-crop-aspect-free","$v":"Par défaut"},{"$i":"kai-crop-aspect-portrait","$v":"2:3"},{"$i":"kai-crop-aspect-landscape","$v":"3:2"},{"$i":"kai-crop-aspect-square","$v":"1:1"},{"$i":"crop-none","ariaLabel":"Défaire le rognage"},{"$i":"crop-aspect-free","ariaLabel":"Par défaut"},{"$i":"crop-aspect-portrait","ariaLabel":"2:3"},{"$i":"crop-aspect-landscape","ariaLabel":"3:2"},{"$i":"crop-aspect-square","ariaLabel":"1:1"},{"$i":"edit-filters-none","ariaLabel":"Filtre 1"},{"$i":"edit-filters-bw","ariaLabel":"Filtre 2"},{"$i":"edit-filters-sepia","ariaLabel":"Filtre 3"},{"$i":"edit-filters-bluesteel","ariaLabel":"Filtre 4"},{"$i":"edit-filters-faded","ariaLabel":"Filtre 5"},{"$i":"kai-rotate-cw","$v":"CW"},{"$i":"kai-rotate-ccw","$v":"CCW"},{"$i":"original","$v":"Original"},{"$i":"blackandwhite","$v":"N et B"},{"$i":"sepia","$v":"Sépia"},{"$i":"freeform","$v":"Forme irrégulière"},{"$i":"portrait","$v":"Portrait"},{"$i":"landscape","$v":"Paysage"},{"$i":"square","$v":"Carré"},{"$i":"emptygallery2-title","$v":"Aucune photo ni vidéo"},{"$i":"emptygallery2-text","$v":"La galerie est vide. Utilisez la caméra pour démarrer."},{"$i":"emptygallery2-title-pick","$v":"Aucune photo"},{"$i":"emptygallery-text-pick","$v":"Pas de photo disponible"},{"$i":"nocard3-title","$v":"Aucune carte mémoire"},{"$i":"nocard4-text","$v":"Insérez une carte mémoire pour utiliser cette application."},{"$i":"pluggedin2-title","$v":"La carte mémoire est en utilisation."},{"$i":"pluggedin2-text","$v":"La mémoire est en utilisation. Veuillez débrancher le téléphone pour pouvoir utiliser cette application."},{"$i":"scanning-title","$v":"Numérisation"},{"$i":"scanning-text","$v":"Balayage pour des photos en cours..."},{"$i":"upgrade-title","$v":"Mise à jour de la base de données"},{"$i":"upgrade-text","$v":"Veuillez patienter pendant que Galerie met à jour sa base de données."},{"$i":"share-noprovider","$v":"Impossible de partager ce type de fichier d'images"},{"$i":"memorycardfull","$v":"La mémoire est pleine. Impossible de pas modifier les photos."},{"$i":"imagetoobig","$v":"L'image est trop grande pour être affichée sur cet appareil."},{"$i":"imageinvalid","$v":"L'image est invalide ou corrompue et ne peut pas être affichée."},{"$i":"saved","$v":[{"t":"idOrVar","v":"filename"}," est enregistrée sur la galerie."]},{"$i":"edit-copy-saved","$v":"Nouvelle copie enregistrée"},{"$i":"overlay-camera-button","$v":"Aller à la caméra"},{"$i":"name-label","$v":"Nom"},{"$i":"size-label","$v":"Taille"},{"$i":"image-type-label","$v":"type d'image"},{"$i":"kai-date-and-time-label","$v":"Date et heure"},{"$i":"date-taken-label","$v":"Date prise"},{"$i":"resolution-label","$v":"Résolution"},{"$i":"close-button","$v":"Fermer"},{"$i":"path-label","$v":"Chemin"},{"$i":"sd-card","$v":"Carte SD"},{"$i":"internal","$v":"Interne"},{"$i":"byteUnit-B","$v":"Octets"},{"$i":"byteUnit-KB","$v":"Ko"},{"$i":"byteUnit-MB","$v":"Mo"},{"$i":"byteUnit-GB","$v":"Go"},{"$i":"gallery","$v":"Galerie"},{"$i":"preview","$v":"Aperçu"},{"$i":"kai-confirmation","$v":"Confirmation"},{"$i":"kai-delete-this-image","$v":"Supprimer la photo?"},{"$i":"kai-delete-selected-image","$v":"Supprimer la photo sélectionnée?"},{"$i":"kai-delete-selected-images","$v":"Supprimer les photos sélectionnées?"},{"$i":"kai-sort-by","$v":"Trier par"},{"$i":"kai-group-by-date-and-location","$v":"Grouper par date"},{"$i":"kai-error","$v":"Erreur"},{"$i":"kai-error-delete-locked-image","$v":"L'image sélectionnée est verrouillée et ne peut pas être supprimée!"},{"$i":"kai-error-delete-locked-images","$v":"La sélection d'images contient une ou plusieurs images verrouillées et n'a pas pu être supprimée!"},{"$i":"kai-enter-new-name","$v":"Saisissez le nouveau nom"},{"$i":"sort-and-group","$v":"Tri et groupe"},{"$i":"time_am","$v":"AM"},{"$i":"time_pm","$v":"PM"},{"$i":"date-group-header","$v":"%B %Y"},{"$i":"videoDescriptionShort","$v":"Vidéo datée %I:%M %p, %B %e, %Y"},{"$i":"imageDescriptionShort","$v":"Image datée %I:%M %p, %B %e, %Y"},{"$i":"editImagePreview","ariaLabel":"Modifier l'aperçu de l'image"},{"$i":"kai-pickoneimage","$v":"Sélectionnez l'image A"},{"$i":"discard-changes-warning","$v":"Toutes les modifications seront perdues. Voulez-vous rejeter les modifications?"},{"$i":"save-changes-warning","$v":"Toutes les modifications seront perdues. Enregistrer les modifications?"},{"$i":"discard","$v":"Rejeter"},{"$i":"camera","$v":"Appareil photo"},{"$i":"phone-is-full-title","$v":"Stockage du téléphone plein"},{"$i":"sd-card-is-full-title","$v":"Carte SD pleine"},{"$i":"phone-is-full-content","$v":"Supprimez des fichiers de médias ou des données d'application pour libérer de l'espace. Vous pouvez aussi insérer une carte SD pour agrandir l'espace de stockage des médias."},{"$i":"sd-card-is-full-content","$v":"Supprimez des fichiers sur la carte SD pour libérer de l'espace."},{"$i":"imageDescription","$v":[{"t":"idOrVar","v":"orientation"}," image, %I:%M %p, %B %e, %Y"]},{"$i":"imageDescriptionNoTimestamp","$v":[{"t":"idOrVar","v":"orientation"}," image"]},{"$i":"videoDescription","$v":[{"t":"idOrVar","v":"orientation"}," vidéo, %I:%M %p, %B %e, %Y"]},{"$i":"videoDescriptionNoTimestamp","$v":[{"t":"idOrVar","v":"orientation"}," vidéo"]},{"$i":"orientationPortrait","$v":"portrait"},{"$i":"orientationLandscape","$v":"paysage"},{"$i":"playbackPlay","ariaLabel":"Lire"},{"$i":"playbackPause","ariaLabel":"Pause"},{"$i":"playbackNext","ariaLabel":"Suivant"},{"$i":"playbackPrevious","ariaLabel":"Précédent"},{"$i":"playbackFullscreen","ariaLabel":"Plein écran"},{"$i":"playbackSeekBar","ariaLabel":["Barre de recherche, durée ",{"t":"idOrVar","v":"duration"}]},{"$i":"weekday-0-long","$v":"Dimanche"},{"$i":"weekday-1-long","$v":"Lundi"},{"$i":"weekday-2-long","$v":"Mardi"},{"$i":"weekday-3-long","$v":"Mercredi"},{"$i":"weekday-4-long","$v":"Jeudi"},{"$i":"weekday-5-long","$v":"Vendredi"},{"$i":"weekday-6-long","$v":"Samedi"},{"$i":"weekday-0-short","$v":"Dim"},{"$i":"weekday-1-short","$v":"Lun"},{"$i":"weekday-2-short","$v":"Mar"},{"$i":"weekday-3-short","$v":"Mer"},{"$i":"weekday-4-short","$v":"Jeu"},{"$i":"weekday-5-short","$v":"Ven"},{"$i":"weekday-6-short","$v":"Sam"},{"$i":"month-0-long","$v":"Janvier"},{"$i":"month-1-long","$v":"Février"},{"$i":"month-2-long","$v":"Mars"},{"$i":"month-3-long","$v":"Avril"},{"$i":"month-4-long","$v":"Mai"},{"$i":"month-5-long","$v":"Juin"},{"$i":"month-6-long","$v":"Juillet"},{"$i":"month-7-long","$v":"Août"},{"$i":"month-8-long","$v":"Septembre"},{"$i":"month-9-long","$v":"Octobre"},{"$i":"month-10-long","$v":"Novembre"},{"$i":"month-11-long","$v":"Décembre"},{"$i":"month-0-genitive","$v":"Janvier"},{"$i":"month-1-genitive","$v":"Février"},{"$i":"month-2-genitive","$v":"Mars"},{"$i":"month-3-genitive","$v":"Avril"},{"$i":"month-4-genitive","$v":"Mai"},{"$i":"month-5-genitive","$v":"Juin"},{"$i":"month-6-genitive","$v":"Juillet"},{"$i":"month-7-genitive","$v":"Août"},{"$i":"month-8-genitive","$v":"Septembre"},{"$i":"month-9-genitive","$v":"Octobre"},{"$i":"month-10-genitive","$v":"Novembre"},{"$i":"month-11-genitive","$v":"Décembre"},{"$i":"month-0-short","$v":"Jan"},{"$i":"month-1-short","$v":"Fév"},{"$i":"month-2-short","$v":"Mar"},{"$i":"month-3-short","$v":"Avr"},{"$i":"month-4-short","$v":"Mai"},{"$i":"month-5-short","$v":"Jun"},{"$i":"month-6-short","$v":"Jul"},{"$i":"month-7-short","$v":"Aoû"},{"$i":"month-8-short","$v":"Sep"},{"$i":"month-9-short","$v":"Oct"},{"$i":"month-10-short","$v":"Nov"},{"$i":"month-11-short","$v":"Déc"},{"$i":"minutes-ago-long","$v":{"few":["il y a ",{"t":"idOrVar","v":"value"}," minutes"],"many":["il y a ",{"t":"idOrVar","v":"value"}," minutes"],"one":"il y a une minute","other":["il y a ",{"t":"idOrVar","v":"value"}," minutes"],"two":["il y a ",{"t":"idOrVar","v":"value"}," minutes"],"zero":"juste maintenant"},"$x":[{"t":"idOrVar","v":"plural"},"value"]},{"$i":"hours-ago-long","$v":{"few":["il y a ",{"t":"idOrVar","v":"value"}," heures"],"many":["il y a ",{"t":"idOrVar","v":"value"}," heures"],"one":"il y a une heure","other":["il y a ",{"t":"idOrVar","v":"value"}," heures"],"two":["il y a ",{"t":"idOrVar","v":"value"}," heures"],"zero":"juste maintenant"},"$x":[{"t":"idOrVar","v":"plural"},"value"]},{"$i":"days-ago-long","$v":{"few":["il y a ",{"t":"idOrVar","v":"value"}," jours"],"many":["il y a ",{"t":"idOrVar","v":"value"}," jours"],"one":"hier","other":["il y a ",{"t":"idOrVar","v":"value"}," jours"],"two":["il y a ",{"t":"idOrVar","v":"value"}," jours"],"zero":"aujourd'hui"},"$x":[{"t":"idOrVar","v":"plural"},"value"]},{"$i":"weeks-ago-long","$v":{"few":["il y a ",{"t":"idOrVar","v":"value"}," semaines"],"many":["il y a ",{"t":"idOrVar","v":"value"}," semaines"],"one":"la semaine dernière","other":["il y a ",{"t":"idOrVar","v":"value"}," semaines"],"two":["il y a ",{"t":"idOrVar","v":"value"}," semaines"],"zero":"cette semaine"},"$x":[{"t":"idOrVar","v":"plural"},"value"]},{"$i":"months-ago-long","$v":{"few":["il y a ",{"t":"idOrVar","v":"value"}," mois"],"many":["il y a ",{"t":"idOrVar","v":"value"}," mois"],"one":"le mois dernier","other":["il y a ",{"t":"idOrVar","v":"value"}," mois"],"two":["il y a ",{"t":"idOrVar","v":"value"}," mois"],"zero":"ce mois"},"$x":[{"t":"idOrVar","v":"plural"},"value"]},{"$i":"years-ago-long","$v":{"few":["il y a ",{"t":"idOrVar","v":"value"}," années"],"many":["il y a ",{"t":"idOrVar","v":"value"}," années"],"one":"l'année dernière","other":["il y a ",{"t":"idOrVar","v":"value"}," années"],"two":["il y a ",{"t":"idOrVar","v":"value"}," années"],"zero":"cette année"},"$x":[{"t":"idOrVar","v":"plural"},"value"]},{"$i":"minutes-until-long","$v":{"few":["dans ",{"t":"idOrVar","v":"value"}," minutes"],"many":["dans ",{"t":"idOrVar","v":"value"}," minutes"],"one":"dans une minute","other":["dans ",{"t":"idOrVar","v":"value"}," minutes"],"two":["dans ",{"t":"idOrVar","v":"value"}," minutes"],"zero":"maintenant"},"$x":[{"t":"idOrVar","v":"plural"},"value"]},{"$i":"hours-until-long","$v":{"few":["dans ",{"t":"idOrVar","v":"value"}," heures"],"many":["dans ",{"t":"idOrVar","v":"value"}," heures"],"one":"dans une heure","other":["dans ",{"t":"idOrVar","v":"value"}," heures"],"two":["dans ",{"t":"idOrVar","v":"value"}," heures"],"zero":"maintenant"},"$x":[{"t":"idOrVar","v":"plural"},"value"]},{"$i":"days-until-long","$v":{"few":["dans ",{"t":"idOrVar","v":"value"}," jours"],"many":["dans ",{"t":"idOrVar","v":"value"}," jours"],"one":"demain","other":["dans ",{"t":"idOrVar","v":"value"}," jours"],"two":["dans ",{"t":"idOrVar","v":"value"}," jours"],"zero":"aujourd'hui"},"$x":[{"t":"idOrVar","v":"plural"},"value"]},{"$i":"weeks-until-long","$v":{"few":["dans ",{"t":"idOrVar","v":"value"}," semaines"],"many":["dans ",{"t":"idOrVar","v":"value"}," semaines"],"one":"la semaine prochaine","other":["dans ",{"t":"idOrVar","v":"value"}," semaines"],"two":["dans ",{"t":"idOrVar","v":"value"}," semaines"],"zero":"cette semaine"},"$x":[{"t":"idOrVar","v":"plural"},"value"]},{"$i":"months-until-long","$v":{"few":["dans ",{"t":"idOrVar","v":"value"}," mois"],"many":["dans ",{"t":"idOrVar","v":"value"}," mois"],"one":"le mois prochain","other":["dans ",{"t":"idOrVar","v":"value"}," mois"],"two":["dans ",{"t":"idOrVar","v":"value"}," mois"],"zero":"ce mois"},"$x":[{"t":"idOrVar","v":"plural"},"value"]},{"$i":"years-until-long","$v":{"few":["dans ",{"t":"idOrVar","v":"value"}," années"],"many":["dans ",{"t":"idOrVar","v":"value"}," années"],"one":"l'année prochaine","other":["dans ",{"t":"idOrVar","v":"value"}," années"],"two":["dans ",{"t":"idOrVar","v":"value"}," années"],"zero":"cette année"},"$x":[{"t":"idOrVar","v":"plural"},"value"]},{"$i":"minutes-ago-short","$v":{"other":["il y a ",{"t":"idOrVar","v":"value"}," m"],"zero":"juste maintenant"},"$x":[{"t":"idOrVar","v":"plural"},"value"]},{"$i":"hours-ago-short","$v":{"other":["il y a ",{"t":"idOrVar","v":"value"}," h"],"zero":"juste maintenant"},"$x":[{"t":"idOrVar","v":"plural"},"value"]},{"$i":"days-ago-short","$v":{"other":["il y a ",{"t":"idOrVar","v":"value"}," j"],"zero":"aujourd'hui"},"$x":[{"t":"idOrVar","v":"plural"},"value"]},{"$i":"minutes-until-short","$v":{"other":["dans ",{"t":"idOrVar","v":"value"}," m"],"zero":"maintenant"},"$x":[{"t":"idOrVar","v":"plural"},"value"]},{"$i":"hours-until-short","$v":{"other":["dans ",{"t":"idOrVar","v":"value"}," h"],"zero":"maintenant"},"$x":[{"t":"idOrVar","v":"plural"},"value"]},{"$i":"days-until-short","$v":{"other":["dans ",{"t":"idOrVar","v":"value"}," j"],"zero":"aujourd'hui"},"$x":[{"t":"idOrVar","v":"plural"},"value"]},{"$i":"incorrectDate","$v":"(date erronée)"},{"$i":"dateTimeFormat_%c","$v":"%a %b %e %Y %I:%M:%S %p"},{"$i":"dateTimeFormat_%x","$v":"%m/%d/%Y"},{"$i":"dateTimeFormat_%X","$v":"%I:%M:%S %p"},{"$i":"shortTimeFormat","$v":"%I:%M %p"},{"$i":"shortTimeFormat12","$v":"%I:%M %p"},{"$i":"shortTimeFormat24","$v":"%H:%M"},{"$i":"shortDateTimeFormat","$v":"%x %I:%M %p"},{"$i":"weekStartsOnMonday","$v":"0.0"},{"$i":"firstDayOfTheWeek","$v":"0.0"},{"$i":"softkey-options","$v":"Options"}]