[{"$i":"select","$v":"בחר"},{"$i":"deselect","$v":"בטל בחירה"},{"$i":"kai-select","$v":"בחר"},{"$i":"invalid-image","$v":"תמונה בלתי חוקית"},{"$i":"image-too-big","$v":"גודל קובץ התמונה גדול מדי להצגה בגלריה"},{"$i":"kai-selected-items-count","$v":[{"t":"idOrVar","v":"n"}," נבחרו"]},{"$i":"delete-photo?","$v":"למחוק תמונה?"},{"$i":"delete-video?","$v":"למחוק סרטון?"},{"$i":"deleting","$v":"מוחק…"},{"$i":"delete-n-items?","$v":{"few":["למחוק ",{"t":"idOrVar","v":"n"}," פריטים?"],"many":["למחוק ",{"t":"idOrVar","v":"n"}," פריטים?"],"one":"האם למחוק את הפריט הנבחר?","other":["למחוק ",{"t":"idOrVar","v":"n"}," פריטים?"],"two":["למחוק ",{"t":"idOrVar","v":"n"}," פריטים?"],"zero":"לא נבחר דבר"},"$x":[{"t":"idOrVar","v":"plural"},"n"]},{"$i":"kai-contact-set-ok","$v":"תמונת איש קשר הוספה"},{"$i":"kai-contact-set-fail","$v":"נכשל בהגדרת תמונת איש קשר"},{"$i":"kai-exposure-done","$v":"החשיפה הוחלה"},{"$i":"kai-rotation-done","$v":"סיבוב הוחל"},{"$i":"kai-crop-done","$v":"התמונה קוצצה"},{"$i":"kai-filters-done","$v":"מסננת מופעלת"},{"$i":"kai-autocorrection-done","$v":"תיקון אוטומטי מוחל"},{"$i":"kai-changes-saved","$v":"השינויים נשמרו"},{"$i":"wallpaper-set","$v":"הטפט הוגדר"},{"$i":"kai-single-image-locked","$v":"התמונה שנבחרה נעולה"},{"$i":"kai-single-image-unlocked","$v":"התמונה שנבחרה בלתי נעולה"},{"$i":"kai-single-image-deleted","$v":"התמונה נמחקה"},{"$i":"kai-multiple-images-locked","$v":{"one":[{"t":"idOrVar","v":"n"}," תמונה נעולה"],"other":[{"t":"idOrVar","v":"n"}," תמונות נעולות"],"zero":"אין תמונות נעולות"},"$x":[{"t":"idOrVar","v":"plural"},"n"]},{"$i":"kai-multiple-images-unlocked","$v":{"one":[{"t":"idOrVar","v":"n"}," תמונה בלתי נעולה"],"other":[{"t":"idOrVar","v":"n"}," תמונות בלתי נעולות"],"zero":"אין תמונות בלתי נעולות"},"$x":[{"t":"idOrVar","v":"plural"},"n"]},{"$i":"kai-deleted-n-photos","$v":{"one":["תמונה ",{"t":"idOrVar","v":"n"}," נמחקה"],"other":[{"t":"idOrVar","v":"n"}," תמונות נמחקו"],"zero":"לא נמחקו תמונות"},"$x":[{"t":"idOrVar","v":"plural"},"n"]},{"$i":"kai-some-photos-not-share","$v":"לא ניתן לשתף מספר תמונות"},{"$i":"kai-some-photos-not-delete","$v":"לא ניתן למחוק מספר תמונות"},{"$i":"kai-some-photos-not-lock","$v":"לא ניתן לנעול מספר תמונות"},{"$i":"kai-undo","$v":"חזור למצב הקודם"},{"$i":"pickoneimage2","$v":"בחר"},{"$i":"cropimage","$v":"חתוך"},{"$i":"kai-on","$v":"מופעל"},{"$i":"kai-off","$v":"כבוי"},{"$i":"cancel","$v":"בטל"},{"$i":"delete","$v":"מחק"},{"$i":"ok","$v":"OK"},{"$i":"edit","$v":"ערוך"},{"$i":"revert","$v":"החזר למצב קודם"},{"$i":"save","$v":"שמור"},{"$i":"done","$v":"בוצע"},{"$i":"exposure","$v":"חשיפה"},{"$i":"crop","$v":"חתוך"},{"$i":"effects","$v":"אפקטים"},{"$i":"borders","$v":"שוליים"},{"$i":"enhance-on","$v":"שיפור אוטומטי מופעל"},{"$i":"enhance-off","$v":"שיפור אוטומטי כבוי"},{"$i":"kai-set","$v":"קבע"},{"$i":"kai-options","$v":"אפשרויות"},{"$i":"kai-select-all","$v":"בחר הכול"},{"$i":"kai-deselect-all","$v":"בחר בחירת הכול"},{"$i":"kai-lock","$v":"Lock"},{"$i":"kai-unlock","$v":"הסר נעילה"},{"$i":"kai-rename","$v":"שנה שם"},{"$i":"kai-rotate","$v":"סובב"},{"$i":"kai-share","$v":"שתף"},{"$i":"kai-settings","$v":"הגדרות"},{"$i":"kai-set-as","$v":"הגדר בתור"},{"$i":"set-as-wallpaper","$v":"הגדר בתור טפט"},{"$i":"kai-wallpaper","$v":"טפט"},{"$i":"kai-existing-contact-image","$v":"תמונה לאיש קשר קיים"},{"$i":"kai-zoom","$v":"זום"},{"$i":"kai-zoom-in","$v":"זום הגדלה"},{"$i":"kai-zoom-out","$v":"זום הקטנה"},{"$i":"kai-file-info","$v":"מידע קובץ"},{"$i":"kai-select-multiple","$v":"בחר כמה"},{"$i":"kai-invalid-name","$v":"שם בלתי חוקי"},{"$i":"kai-name-already-exists","$v":"השם הזה כבר קיים"},{"$i":"kai-override-warning-msg","$v":"האם ברצונך לעקוף את תמונה הקיימת?"},{"$i":"kai-override","$v":"עקוף"},{"$i":"kai-edit-title","$v":"ערוך תמונה"},{"$i":"kai-edit-exposure","$v":"חשיפה"},{"$i":"kai-edit-crop","$v":"חתוך"},{"$i":"kai-edit-rotate","$v":"סובב"},{"$i":"kai-edit-filters","$v":"מסננות"},{"$i":"kai-edit-auto-correct","$v":"תיקון אוטומטי"},{"$i":"edit-exposure","ariaLabel":"חשיפה"},{"$i":"edit-crop","ariaLabel":"חתוך"},{"$i":"edit-rotate","ariaLabel":"סובב"},{"$i":"edit-filters","ariaLabel":"מסננות"},{"$i":"edit-auto-correct","ariaLabel":"תיקון אוטומטי"},{"$i":"kai-crop-none","$v":"בטל קיצוץ"},{"$i":"kai-crop-aspect-free","$v":"ברירת מחדל"},{"$i":"kai-crop-aspect-portrait","$v":"2:3"},{"$i":"kai-crop-aspect-landscape","$v":"3:2"},{"$i":"kai-crop-aspect-square","$v":"1:1"},{"$i":"crop-none","ariaLabel":"בטל קיצוץ"},{"$i":"crop-aspect-free","ariaLabel":"ברירת מחדל"},{"$i":"crop-aspect-portrait","ariaLabel":"2:3"},{"$i":"crop-aspect-landscape","ariaLabel":"3:2"},{"$i":"crop-aspect-square","ariaLabel":"1:1"},{"$i":"edit-filters-none","ariaLabel":"מסננת 1"},{"$i":"edit-filters-bw","ariaLabel":"מסננת 2"},{"$i":"edit-filters-sepia","ariaLabel":"מסננת 3"},{"$i":"edit-filters-bluesteel","ariaLabel":"מסננת 4"},{"$i":"edit-filters-faded","ariaLabel":"מסננת 5"},{"$i":"kai-rotate-cw","$v":"בכיוון השעון"},{"$i":"kai-rotate-ccw","$v":"CCW"},{"$i":"original","$v":"מקורית"},{"$i":"blackandwhite","$v":"שחור-לבן"},{"$i":"sepia","$v":"חום כהה"},{"$i":"freeform","$v":"צורה חופשית"},{"$i":"portrait","$v":"לגובה"},{"$i":"landscape","$v":"לרוחב"},{"$i":"square","$v":"ריבוע"},{"$i":"emptygallery2-title","$v":"אין תמונות או סרטונים"},{"$i":"emptygallery2-text","$v":"הגלריה ריקה. השתמש במצלמה כדי להתחיל."},{"$i":"emptygallery2-title-pick","$v":"אין תמונות"},{"$i":"emptygallery-text-pick","$v":"אין תמונות זמינות."},{"$i":"nocard3-title","$v":"אין כרטיס זיכרון"},{"$i":"nocard4-text","$v":"הכנס כרטיס זיכרון כדי להשתמש ביישום הזה."},{"$i":"pluggedin2-title","$v":"כרטיס זיכרון בשימוש"},{"$i":"pluggedin2-text","$v":"האחסון נמצא כעת בשימוש. נא לנתק את הטלפון כדי להשתמש ביישום הזה."},{"$i":"scanning-title","$v":"סורק"},{"$i":"scanning-text","$v":"סורק למציאת תצלומים..."},{"$i":"upgrade-title","$v":"שדרוג מסד נתונים"},{"$i":"upgrade-text","$v":"נא להמתין בעוד גלריה מעדכנת את מסד הנתונים שלה."},{"$i":"share-noprovider","$v":"לא ניתן לשתף סוג קובץ תמונה זה."},{"$i":"memorycardfull","$v":"האחסון מלא. לא ניתן לערוך תמונות."},{"$i":"imagetoobig","$v":"התמונה גדולה מדי להצגה במכשיר הזה."},{"$i":"imageinvalid","$v":"התמונה אינה חוקית או מושחתת ולא ניתן להציגה."},{"$i":"saved","$v":[{"t":"idOrVar","v":"filename"}," שמור בגלריה"]},{"$i":"edit-copy-saved","$v":"העותק החדש נשמר."},{"$i":"overlay-camera-button","$v":"עבור למצלמה"},{"$i":"name-label","$v":"שם"},{"$i":"size-label","$v":"גודל"},{"$i":"image-type-label","$v":"סוג תמונה"},{"$i":"kai-date-and-time-label","$v":"תאריך ושעה"},{"$i":"date-taken-label","$v":"תאריך צילום"},{"$i":"resolution-label","$v":"רזולוציה"},{"$i":"close-button","$v":"סגור"},{"$i":"path-label","$v":"נתיב "},{"$i":"sd-card","$v":"כרטיס SD"},{"$i":"internal","$v":"פנימי"},{"$i":"byteUnit-B","$v":"בתים"},{"$i":"byteUnit-KB","$v":"ק\"ב"},{"$i":"byteUnit-MB","$v":"מ\"ב"},{"$i":"byteUnit-GB","$v":"GB"},{"$i":"gallery","$v":"גלריה"},{"$i":"preview","$v":"תצוגה מקדימה"},{"$i":"kai-confirmation","$v":"אישור"},{"$i":"kai-delete-this-image","$v":"למחוק תמונה?"},{"$i":"kai-delete-selected-image","$v":"למחוק את תמונה שנבחרה?"},{"$i":"kai-delete-selected-images","$v":"למחוק את תמונות שנבחרו?"},{"$i":"kai-sort-by","$v":"מיין לפי"},{"$i":"kai-group-by-date-and-location","$v":"קבץ לפי תאריך"},{"$i":"kai-error","$v":"שגיאה"},{"$i":"kai-error-delete-locked-image","$v":"התמונה שנבחרה נעולה ולא ניתן למחוק אותה!"},{"$i":"kai-error-delete-locked-images","$v":"התמונות שנבחרה כוללות תמונה(ות) נעולה(ות) ולא ניתן למחוק אותן!"},{"$i":"kai-enter-new-name","$v":"הזן שם חדש"},{"$i":"sort-and-group","$v":"מיין וקבץ"},{"$i":"time_am","$v":"בבוקר"},{"$i":"time_pm","$v":"אחר הצהריים"},{"$i":"date-group-header","$v":"%B %Y"},{"$i":"videoDescriptionShort","$v":"סרטון מתאריך %I:%M %p, %B %e, %Y"},{"$i":"imageDescriptionShort","$v":"תמונה מתאריך %I:%M %p, %B %e, %Y"},{"$i":"editImagePreview","ariaLabel":"ערוך תצוגה מוקדמת של תמונה"},{"$i":"kai-pickoneimage","$v":"בחר תמונה"},{"$i":"discard-changes-warning","$v":"כל השינויים יאבדו. האם ברצונך למחוק את כל השינויים?"},{"$i":"save-changes-warning","$v":"כל השינויים יאבדו. האם ברצונך לשמור את כל השינויים?"},{"$i":"discard","$v":"מחק"},{"$i":"camera","$v":"מצלמה"},{"$i":"phone-is-full-title","$v":"אחסון הטלפון מלא"},{"$i":"sd-card-is-full-title","$v":"כרטיס ה-SD מלא."},{"$i":"phone-is-full-content","$v":"מחק קובצי מדיה או נתוני אפליקציות כדי לפנות מקום. תוכל גם להכניס כרטיס SD כדי להרחיב את אחסון המדיה."},{"$i":"sd-card-is-full-content","$v":"מחק קבצים בכרטיס ה-SD כדי לפנות מקום."},{"$i":"imageDescription","$v":[{"t":"idOrVar","v":"orientation"}," תמונה, %I:%M %p, %B %e, %Y"]},{"$i":"imageDescriptionNoTimestamp","$v":[{"t":"idOrVar","v":"orientation"}," תמונה"]},{"$i":"videoDescription","$v":[{"t":"idOrVar","v":"orientation"}," סרטון, %I:%M %p, %B %e, %Y"]},{"$i":"videoDescriptionNoTimestamp","$v":[{"t":"idOrVar","v":"orientation"}," סרטון"]},{"$i":"orientationPortrait","$v":"לגובה"},{"$i":"orientationLandscape","$v":"לרוחב"},{"$i":"playbackPlay","ariaLabel":"הפעל"},{"$i":"playbackPause","ariaLabel":"השהה"},{"$i":"playbackNext","ariaLabel":"הבא"},{"$i":"playbackPrevious","ariaLabel":"הקודם"},{"$i":"playbackFullscreen","ariaLabel":"מסך מלא"},{"$i":"playbackSeekBar","ariaLabel":["שורת חיפוש, משך ",{"t":"idOrVar","v":"duration"}]},{"$i":"weekday-0-long","$v":"ראשון"},{"$i":"weekday-1-long","$v":"שני"},{"$i":"weekday-2-long","$v":"שלישי"},{"$i":"weekday-3-long","$v":"רביעי"},{"$i":"weekday-4-long","$v":"חמישי"},{"$i":"weekday-5-long","$v":"שישי"},{"$i":"weekday-6-long","$v":"שבת"},{"$i":"weekday-0-short","$v":"א'"},{"$i":"weekday-1-short","$v":"ב'"},{"$i":"weekday-2-short","$v":"ג'"},{"$i":"weekday-3-short","$v":"ד'"},{"$i":"weekday-4-short","$v":"ה'"},{"$i":"weekday-5-short","$v":"ו'"},{"$i":"weekday-6-short","$v":"ש'"},{"$i":"month-0-long","$v":"ינואר"},{"$i":"month-1-long","$v":"פברואר"},{"$i":"month-2-long","$v":"מרץ"},{"$i":"month-3-long","$v":"אפריל"},{"$i":"month-4-long","$v":"מאי"},{"$i":"month-5-long","$v":"יוני"},{"$i":"month-6-long","$v":"יולי"},{"$i":"month-7-long","$v":"אוגוסט"},{"$i":"month-8-long","$v":"ספטמבר"},{"$i":"month-9-long","$v":"אוקטובר"},{"$i":"month-10-long","$v":"נובמבר"},{"$i":"month-11-long","$v":"דצמבר"},{"$i":"month-0-genitive","$v":"ינואר"},{"$i":"month-1-genitive","$v":"פברואר"},{"$i":"month-2-genitive","$v":"מרץ"},{"$i":"month-3-genitive","$v":"אפריל"},{"$i":"month-4-genitive","$v":"מאי"},{"$i":"month-5-genitive","$v":"יוני"},{"$i":"month-6-genitive","$v":"יולי"},{"$i":"month-7-genitive","$v":"אוגוסט"},{"$i":"month-8-genitive","$v":"ספטמבר"},{"$i":"month-9-genitive","$v":"אוקטובר"},{"$i":"month-10-genitive","$v":"נובמבר"},{"$i":"month-11-genitive","$v":"דצמבר"},{"$i":"month-0-short","$v":"ינו"},{"$i":"month-1-short","$v":"פבר"},{"$i":"month-2-short","$v":"מרץ"},{"$i":"month-3-short","$v":"אפר"},{"$i":"month-4-short","$v":"מאי"},{"$i":"month-5-short","$v":"יונ"},{"$i":"month-6-short","$v":"יול"},{"$i":"month-7-short","$v":"אוג"},{"$i":"month-8-short","$v":"ספט"},{"$i":"month-9-short","$v":"אוק"},{"$i":"month-10-short","$v":"נוב"},{"$i":"month-11-short","$v":"דצמ"},{"$i":"minutes-ago-long","$v":{"few":["לפני ",{"t":"idOrVar","v":"value"}," דקות"],"many":["לפני ",{"t":"idOrVar","v":"value"}," דקות"],"one":"לפני דקה","other":["לפני ",{"t":"idOrVar","v":"value"}," דקות"],"two":["לפני ",{"t":"idOrVar","v":"value"}," דקות"],"zero":"בדיוק כעת"},"$x":[{"t":"idOrVar","v":"plural"},"value"]},{"$i":"hours-ago-long","$v":{"few":["לפני ",{"t":"idOrVar","v":"value"}," שעות"],"many":["לפני ",{"t":"idOrVar","v":"value"}," שעות"],"one":"לפני שעה","other":["לפני ",{"t":"idOrVar","v":"value"}," שעות"],"two":["לפני ",{"t":"idOrVar","v":"value"}," שעות"],"zero":"בדיוק כעת"},"$x":[{"t":"idOrVar","v":"plural"},"value"]},{"$i":"days-ago-long","$v":{"few":["לפני ",{"t":"idOrVar","v":"value"}," ימים"],"many":["לפני ",{"t":"idOrVar","v":"value"}," ימים"],"one":"אתמול","other":["לפני ",{"t":"idOrVar","v":"value"}," ימים"],"two":["לפני ",{"t":"idOrVar","v":"value"}," ימים"],"zero":"היום"},"$x":[{"t":"idOrVar","v":"plural"},"value"]},{"$i":"weeks-ago-long","$v":{"few":["לפני ",{"t":"idOrVar","v":"value"}," שבועות"],"many":["לפני ",{"t":"idOrVar","v":"value"}," שבועות"],"one":"השבוע שעבר","other":["לפני ",{"t":"idOrVar","v":"value"}," שבועות"],"two":["לפני ",{"t":"idOrVar","v":"value"}," שבועות"],"zero":"השבוע"},"$x":[{"t":"idOrVar","v":"plural"},"value"]},{"$i":"months-ago-long","$v":{"few":["לפני ",{"t":"idOrVar","v":"value"}," חודשים"],"many":["לפני ",{"t":"idOrVar","v":"value"}," חודשים"],"one":"חודש האחרון","other":["לפני ",{"t":"idOrVar","v":"value"}," חודשים"],"two":["לפני ",{"t":"idOrVar","v":"value"}," חודשים"],"zero":"החודש"},"$x":[{"t":"idOrVar","v":"plural"},"value"]},{"$i":"years-ago-long","$v":{"few":["לפני ",{"t":"idOrVar","v":"value"}," שנים"],"many":["לפני ",{"t":"idOrVar","v":"value"}," שנים"],"one":"השנה שעברה","other":["לפני ",{"t":"idOrVar","v":"value"}," שנים"],"two":["לפני ",{"t":"idOrVar","v":"value"}," שנים"],"zero":"השנה"},"$x":[{"t":"idOrVar","v":"plural"},"value"]},{"$i":"minutes-until-long","$v":{"few":["בתוך ",{"t":"idOrVar","v":"value"}," דקות"],"many":["בתוך ",{"t":"idOrVar","v":"value"}," דקות"],"one":"בתוך דקה","other":["בתוך ",{"t":"idOrVar","v":"value"}," דקות"],"two":["בתוך ",{"t":"idOrVar","v":"value"}," דקות"],"zero":"כעת"},"$x":[{"t":"idOrVar","v":"plural"},"value"]},{"$i":"hours-until-long","$v":{"few":["בתוך ",{"t":"idOrVar","v":"value"}," שעות"],"many":["בתוך ",{"t":"idOrVar","v":"value"}," שעות"],"one":"בתוך שעה","other":["בתוך ",{"t":"idOrVar","v":"value"}," שעות"],"two":["בתוך ",{"t":"idOrVar","v":"value"}," שעות"],"zero":"כעת"},"$x":[{"t":"idOrVar","v":"plural"},"value"]},{"$i":"days-until-long","$v":{"few":["בתוך ",{"t":"idOrVar","v":"value"}," ימים"],"many":["בתוך ",{"t":"idOrVar","v":"value"}," ימים"],"one":"מחר","other":["בתוך ",{"t":"idOrVar","v":"value"}," ימים"],"two":["בתוך ",{"t":"idOrVar","v":"value"}," ימים"],"zero":"היום"},"$x":[{"t":"idOrVar","v":"plural"},"value"]},{"$i":"weeks-until-long","$v":{"few":["בתוך ",{"t":"idOrVar","v":"value"}," שבועות"],"many":["בתוך ",{"t":"idOrVar","v":"value"}," שבועות"],"one":"השבוע הבא","other":["בתוך ",{"t":"idOrVar","v":"value"}," שבועות"],"two":["בתוך ",{"t":"idOrVar","v":"value"}," שבועות"],"zero":"השבוע"},"$x":[{"t":"idOrVar","v":"plural"},"value"]},{"$i":"months-until-long","$v":{"few":["בתוך ",{"t":"idOrVar","v":"value"}," חודשים"],"many":["בתוך ",{"t":"idOrVar","v":"value"}," חודשים"],"one":"החודש הבא","other":["בתוך ",{"t":"idOrVar","v":"value"}," חודשים"],"two":["בתוך ",{"t":"idOrVar","v":"value"}," חודשים"],"zero":"החודש"},"$x":[{"t":"idOrVar","v":"plural"},"value"]},{"$i":"years-until-long","$v":{"few":["בתוך ",{"t":"idOrVar","v":"value"}," שנים"],"many":["בתוך ",{"t":"idOrVar","v":"value"}," שנים"],"one":"השנה הבאה","other":["בתוך ",{"t":"idOrVar","v":"value"}," שנים"],"two":["בתוך ",{"t":"idOrVar","v":"value"}," שנים"],"zero":"השנה"},"$x":[{"t":"idOrVar","v":"plural"},"value"]},{"$i":"minutes-ago-short","$v":{"other":[{"t":"idOrVar","v":"value"}," דק' לפני"],"zero":"בדיוק כעת"},"$x":[{"t":"idOrVar","v":"plural"},"value"]},{"$i":"hours-ago-short","$v":{"other":[{"t":"idOrVar","v":"value"}," שע' לפני"],"zero":"בדיוק כעת"},"$x":[{"t":"idOrVar","v":"plural"},"value"]},{"$i":"days-ago-short","$v":{"other":[{"t":"idOrVar","v":"value"}," ימים לפני"],"zero":"היום"},"$x":[{"t":"idOrVar","v":"plural"},"value"]},{"$i":"minutes-until-short","$v":{"other":["בתוך ",{"t":"idOrVar","v":"value"},"דקות"],"zero":"כעת"},"$x":[{"t":"idOrVar","v":"plural"},"value"]},{"$i":"hours-until-short","$v":{"other":["בתוך ",{"t":"idOrVar","v":"value"},"שעות"],"zero":"כעת"},"$x":[{"t":"idOrVar","v":"plural"},"value"]},{"$i":"days-until-short","$v":{"other":["בתוך ",{"t":"idOrVar","v":"value"},"ימים"],"zero":"היום"},"$x":[{"t":"idOrVar","v":"plural"},"value"]},{"$i":"incorrectDate","$v":"(תאריך שגוי)"},{"$i":"dateTimeFormat_%c","$v":"%a %b %e %Y %I:%M:%S %p"},{"$i":"dateTimeFormat_%x","$v":"%m/%d/%Y"},{"$i":"dateTimeFormat_%X","$v":"%I:%M:%S %p"},{"$i":"shortTimeFormat","$v":"%I:%M %p"},{"$i":"shortTimeFormat12","$v":"%I:%M %p"},{"$i":"shortTimeFormat24","$v":"%H:%M"},{"$i":"shortDateTimeFormat","$v":"%x %I:%M %p"},{"$i":"weekStartsOnMonday","$v":"0.0"},{"$i":"firstDayOfTheWeek","$v":"0.0"},{"$i":"softkey-options","$v":"אפשרויות"}]