[{"$i":"select","$v":"चुनें"},{"$i":"deselect","$v":"चयन हटाएं"},{"$i":"kai-select","$v":"चुनें"},{"$i":"invalid-image","$v":"अमान्य छवि"},{"$i":"image-too-big","$v":"गैलरी में दिखाने के लिए छवि फ़ाइल का आकार बहुत बड़ा हैं."},{"$i":"kai-selected-items-count","$v":[{"t":"idOrVar","v":"n"}," चयनित"]},{"$i":"delete-photo?","$v":"फ़ोटो हटाएँ?"},{"$i":"delete-video?","$v":"वीडियो हटाएँ?"},{"$i":"deleting","$v":"हटाया जा रहा है ..."},{"$i":"delete-n-items?","$v":{"few":[{"t":"idOrVar","v":"n"}," आइटम हटाएँ?"],"many":[{"t":"idOrVar","v":"n"}," आइटम हटाएँ?"],"one":"चयनित आइटम हटाएँ?","other":[{"t":"idOrVar","v":"n"}," आइटम हटाएँ?"],"two":[{"t":"idOrVar","v":"n"}," आइटम हटाएँ?"],"zero":"कुछ भी चयनित नहीं"},"$x":[{"t":"idOrVar","v":"plural"},"n"]},{"$i":"kai-contact-set-ok","$v":"संपर्क की छवि जोड़ी गई"},{"$i":"kai-contact-set-fail","$v":"संपर्क छवि सेट करने में विफल"},{"$i":"kai-exposure-done","$v":"एक्सपोज़र लागू"},{"$i":"kai-rotation-done","$v":"रोटेशन लागू"},{"$i":"kai-crop-done","$v":"छवि क्रॉप की गई"},{"$i":"kai-filters-done","$v":"फ़िल्टर लागू"},{"$i":"kai-autocorrection-done","$v":"स्वतः-सुधार लागू"},{"$i":"kai-changes-saved","$v":"परिवर्तन सेव हुए"},{"$i":"wallpaper-set","$v":"वॉलपेपर सेट"},{"$i":"kai-single-image-locked","$v":"चयनित छवि लॉक की गई"},{"$i":"kai-single-image-unlocked","$v":"चयनित छवि अनलॉक की गई"},{"$i":"kai-single-image-deleted","$v":"फ़ोटो हटाया गया।"},{"$i":"kai-multiple-images-locked","$v":{"one":[{"t":"idOrVar","v":"n"}," फोटो लॉक किया गया"],"other":[{"t":"idOrVar","v":"n"}," फोटो लॉक किये गए"],"zero":"कोई फ़ोटो लॉक नहीं किया गया"},"$x":[{"t":"idOrVar","v":"plural"},"n"]},{"$i":"kai-multiple-images-unlocked","$v":{"one":[{"t":"idOrVar","v":"n"}," फोटो अनलॉक किया गया"],"other":[{"t":"idOrVar","v":"n"}," फोटो अनलॉक किये गए"],"zero":"कोई फ़ोटो अनलॉक नहीं किया गया"},"$x":[{"t":"idOrVar","v":"plural"},"n"]},{"$i":"kai-deleted-n-photos","$v":{"one":[{"t":"idOrVar","v":"n"}," फोटो हटाए गए।"],"other":[{"t":"idOrVar","v":"n"}," फोटो हटाए गए।"],"zero":"कोई फ़ोटो हटाया नहीं गया"},"$x":[{"t":"idOrVar","v":"plural"},"n"]},{"$i":"kai-some-photos-not-share","$v":"कुछ फ़ोटो शेयर नहीं किए जा सकते"},{"$i":"kai-some-photos-not-delete","$v":"कुछ फ़ोटो हटाए नहीं जा सकते"},{"$i":"kai-some-photos-not-lock","$v":"कुछ फ़ोटो लॉक नहीं किए जा सकते"},{"$i":"kai-undo","$v":"अनडू करें"},{"$i":"pickoneimage2","$v":"चुनें"},{"$i":"cropimage","$v":"क्रॉप करें"},{"$i":"kai-on","$v":"ऑन"},{"$i":"kai-off","$v":"ऑफ"},{"$i":"cancel","$v":"रद्द करें"},{"$i":"delete","$v":"हटाएँ"},{"$i":"ok","$v":"ठीक हैं"},{"$i":"edit","$v":"संपादित करें"},{"$i":"revert","$v":"रिवर्ट करें"},{"$i":"save","$v":"सेव करें"},{"$i":"done","$v":"हो गया"},{"$i":"exposure","$v":"एक्सपोज़र"},{"$i":"crop","$v":"क्रॉप करें"},{"$i":"effects","$v":"प्रभाव"},{"$i":"borders","$v":"बॉर्डर"},{"$i":"enhance-on","$v":"स्वतः-संवर्धन ऑन करें"},{"$i":"enhance-off","$v":"स्वतः-संवर्धन ऑफ करें"},{"$i":"kai-set","$v":"सेट करें"},{"$i":"kai-options","$v":"विकल्प"},{"$i":"kai-select-all","$v":"सभी"},{"$i":"kai-deselect-all","$v":"कुछ भी नहीं"},{"$i":"kai-lock","$v":"लॉक करें"},{"$i":"kai-unlock","$v":"अनलॉक करें"},{"$i":"kai-rename","$v":"नाम बदलें"},{"$i":"kai-rotate","$v":"घुमाएँ"},{"$i":"kai-share","$v":"साझा करें"},{"$i":"kai-settings","$v":"सेटिंग्स"},{"$i":"kai-set-as","$v":"के रूप में सेट करें"},{"$i":"set-as-wallpaper","$v":"वॉलपेपर के रूप में सेट करें"},{"$i":"kai-wallpaper","$v":"वॉलपेपर"},{"$i":"kai-existing-contact-image","$v":"मौजूदा संपर्क के लिए तस्वीर"},{"$i":"kai-zoom","$v":"ज़ूम करें"},{"$i":"kai-zoom-in","$v":"ज़ूम इन करें"},{"$i":"kai-zoom-out","$v":"ज़ूम आउट करें"},{"$i":"kai-file-info","$v":"फ़ाइल की जानकारी"},{"$i":"kai-select-multiple","$v":"एकाधिक चुनें"},{"$i":"kai-invalid-name","$v":"अमान्य नाम"},{"$i":"kai-name-already-exists","$v":"यह नाम पहले से ही मौजूद हैं"},{"$i":"kai-override-warning-msg","$v":"क्या आप मौजूदा छवि को ओवरराइड करना चाहते हैं"},{"$i":"kai-override","$v":"ओवरराइड करें"},{"$i":"kai-edit-title","$v":"छवि संपादित करें"},{"$i":"kai-edit-exposure","$v":"एक्सपोज़र"},{"$i":"kai-edit-crop","$v":"क्रॉप करें"},{"$i":"kai-edit-rotate","$v":"घुमाएँ"},{"$i":"kai-edit-filters","$v":"फिल्टर्स"},{"$i":"kai-edit-auto-correct","$v":"स्वतः सुधार"},{"$i":"edit-exposure","ariaLabel":"एक्सपोज़र"},{"$i":"edit-crop","ariaLabel":"क्रॉप करें"},{"$i":"edit-rotate","ariaLabel":"घुमाएँ"},{"$i":"edit-filters","ariaLabel":"फिल्टर्स"},{"$i":"edit-auto-correct","ariaLabel":"स्वतः सुधार"},{"$i":"kai-crop-none","$v":"क्रॉपिंग अनडू करें"},{"$i":"kai-crop-aspect-free","$v":"डिफ़ॉल्ट"},{"$i":"kai-crop-aspect-portrait","$v":"2:3"},{"$i":"kai-crop-aspect-landscape","$v":"3:2"},{"$i":"kai-crop-aspect-square","$v":"1:1"},{"$i":"crop-none","ariaLabel":"क्रॉपिंग अनडू करें"},{"$i":"crop-aspect-free","ariaLabel":"डिफ़ॉल्ट"},{"$i":"crop-aspect-portrait","ariaLabel":"2:3"},{"$i":"crop-aspect-landscape","ariaLabel":"3:2"},{"$i":"crop-aspect-square","ariaLabel":"1:1"},{"$i":"edit-filters-none","ariaLabel":"फ़िल्टर 1"},{"$i":"edit-filters-bw","ariaLabel":"फ़िल्टर 2"},{"$i":"edit-filters-sepia","ariaLabel":"फ़िल्टर 3"},{"$i":"edit-filters-bluesteel","ariaLabel":"फ़िल्टर 4"},{"$i":"edit-filters-faded","ariaLabel":"फ़िल्टर 5"},{"$i":"kai-rotate-cw","$v":"CW"},{"$i":"kai-rotate-ccw","$v":"CCW"},{"$i":"original","$v":"असली"},{"$i":"blackandwhite","$v":{"$o":"B&W"}},{"$i":"sepia","$v":"सेपिया"},{"$i":"freeform","$v":"फ्रीफॉर्म"},{"$i":"portrait","$v":"पोर्ट्रेट"},{"$i":"landscape","$v":"लैंडस्केप"},{"$i":"square","$v":"वर्गाकार"},{"$i":"emptygallery2-title","$v":"कोई फ़ोटो या वीडियो नहीं हैं"},{"$i":"emptygallery2-text","$v":"गैलरी खाली हैं। आरंभ करने के लिए कैमरे का उपयोग करें।"},{"$i":"emptygallery2-title-pick","$v":"कोई फ़ोटो नहीं हैं"},{"$i":"emptygallery-text-pick","$v":"कोई फ़ोटो उपलब्ध नहीं हैं।"},{"$i":"nocard3-title","$v":"कोई मेमोरी कार्ड नहीं"},{"$i":"nocard4-text","$v":"इस ऐप का उपयोग करने के लिए मेमोरी कार्ड डालें।"},{"$i":"pluggedin2-title","$v":"मेमोरी कार्ड उपयोग में हैं"},{"$i":"pluggedin2-text","$v":"स्टोरेज उपयोग में हैं। कृपया इस ऐप का उपयोग करने के लिए फ़ोन को अनप्लग करें।"},{"$i":"scanning-title","$v":"स्‍कैन हो रहा हैं"},{"$i":"scanning-text","$v":"फ़ोटो के लिए स्कैन कर रहा हैं..."},{"$i":"upgrade-title","$v":"डेटाबेस अपग्रेड"},{"$i":"upgrade-text","$v":"कृपया गैलरी का डेटाबेस अपडेट होने तक प्रतीक्षा करें।"},{"$i":"share-noprovider","$v":"इस छवि फ़ाइल के प्रकार को साझा नहीं किया जा सकता।"},{"$i":"memorycardfull","$v":"स्टोरेज भर गया हैं। फ़ोटो संपादित नहीं कर सकते।"},{"$i":"imagetoobig","$v":"इस डिवाइस पर डिस्प्ले के लिए छवि बहुत बड़ी हैं।"},{"$i":"imageinvalid","$v":"छवि अमान्य या खराब हैं और डिस्प्ले नहीं की जा सकती हैं।"},{"$i":"saved","$v":[{"t":"idOrVar","v":"filename"}," गैलरी में सेव हुई"]},{"$i":"edit-copy-saved","$v":"नई कॉपी सेव की गई।"},{"$i":"overlay-camera-button","$v":"कैमरे पर जाएं"},{"$i":"name-label","$v":"नाम"},{"$i":"size-label","$v":"आकार"},{"$i":"image-type-label","$v":"छवि प्रकार"},{"$i":"kai-date-and-time-label","$v":"दिनांक और समय"},{"$i":"date-taken-label","$v":"दिनांक को लिया"},{"$i":"resolution-label","$v":"रेज़ॉल्यूशन"},{"$i":"close-button","$v":"बंद करें"},{"$i":"path-label","$v":"पथ"},{"$i":"sd-card","$v":"SD कार्ड"},{"$i":"internal","$v":"इंटर्नल"},{"$i":"byteUnit-B","$v":"बाइट"},{"$i":"byteUnit-KB","$v":"KB"},{"$i":"byteUnit-MB","$v":"MB"},{"$i":"byteUnit-GB","$v":"GB"},{"$i":"gallery","$v":"गैलरी"},{"$i":"preview","$v":"प्रीव्यू"},{"$i":"kai-confirmation","$v":"पुष्टिकरण"},{"$i":"kai-delete-this-image","$v":"फ़ोटो हटाएँ?"},{"$i":"kai-delete-selected-image","$v":"चयनित फ़ोटो हटाएँ"},{"$i":"kai-delete-selected-images","$v":"चयनित फ़ोटो हटाएँ?"},{"$i":"kai-sort-by","$v":"के अनुसार क्रमबद्ध करें"},{"$i":"kai-group-by-date-and-location","$v":"दिनांक के अनुसार समूहबद्ध करें"},{"$i":"kai-error","$v":"त्रुटि"},{"$i":"kai-error-delete-locked-image","$v":"चयनित छवि लॉक हैं और हटाई नहीं जा सकी!"},{"$i":"kai-error-delete-locked-images","$v":"चयनित छवियों में लॉक छवि(याँ) हैं और हटाई नहीं जा सकीं!"},{"$i":"kai-enter-new-name","$v":"नया नाम दर्ज करें"},{"$i":"sort-and-group","$v":"क्रमबद्ध और समूहबद्ध करें"},{"$i":"time_am","$v":"AM"},{"$i":"time_pm","$v":"PM"},{"$i":"date-group-header","$v":"%B %Y"},{"$i":"videoDescriptionShort","$v":"वीडियो दिनांक %I:%M %p, %B %e, %Y"},{"$i":"imageDescriptionShort","$v":"छवि दिनांक %I:%M %p, %B %e, %Y"},{"$i":"editImagePreview","ariaLabel":"छवि का प्रीव्यू संपादित करें"},{"$i":"kai-pickoneimage","$v":"एक फ़ोटो चुनें"},{"$i":"discard-changes-warning","$v":"सभी परिवर्तन हट जाएंगे। क्या आप परिवर्तनों को हटाना चाहते हैं?"},{"$i":"save-changes-warning","$v":"सभी परिवर्तन हट जाएंगे। परिवर्तनों को सेव करना चाहते हैं?"},{"$i":"discard","$v":"हटाएं"},{"$i":"camera","$v":"कैमरा"},{"$i":"phone-is-full-title","$v":"फोन स्टोरेज भरा हुआ है"},{"$i":"sd-card-is-full-title","$v":"एस.डी कार्ड भरा हुआ है"},{"$i":"phone-is-full-content","$v":"जगह खाली करने के लिए मीडिया फ़ाइलें या एप्लिकेशन डेटा को हटाएं। आप मीडिया स्टोरेज का विस्तार करने के लिए एस.डी कार्ड भी डाल सकते हैं।"},{"$i":"sd-card-is-full-content","$v":"जगह खाली करने के लिए एस.डी कार्ड से सभी फ़ाइल को हटाएं।"},{"$i":"imageDescription","$v":[{"t":"idOrVar","v":"orientation"}," छवि, %I:%M %p, %B %e, %Y"]},{"$i":"imageDescriptionNoTimestamp","$v":[{"t":"idOrVar","v":"orientation"}," छवि"]},{"$i":"videoDescription","$v":[{"t":"idOrVar","v":"orientation"}," वीडियो, %I:%M %p, %B %e, %Y"]},{"$i":"videoDescriptionNoTimestamp","$v":[{"t":"idOrVar","v":"orientation"}," वीडियो"]},{"$i":"orientationPortrait","$v":"पोर्ट्रेट"},{"$i":"orientationLandscape","$v":"लैंडस्केप"},{"$i":"playbackPlay","ariaLabel":"बजाए"},{"$i":"playbackPause","ariaLabel":"रोकें"},{"$i":"playbackNext","ariaLabel":"अगला"},{"$i":"playbackPrevious","ariaLabel":"पिछला"},{"$i":"playbackFullscreen","ariaLabel":"फुलस्क्रिन"},{"$i":"playbackSeekBar","ariaLabel":["सीक बार, अवधि ",{"t":"idOrVar","v":"duration"}]},{"$i":"weekday-0-long","$v":"रविवार"},{"$i":"weekday-1-long","$v":"सोमवार"},{"$i":"weekday-2-long","$v":"मंगलवार"},{"$i":"weekday-3-long","$v":"बुधवार"},{"$i":"weekday-4-long","$v":"गुरुवार"},{"$i":"weekday-5-long","$v":"शुक्रवार"},{"$i":"weekday-6-long","$v":"शनिवार"},{"$i":"weekday-0-short","$v":"रवि"},{"$i":"weekday-1-short","$v":"सोम"},{"$i":"weekday-2-short","$v":"मंगल"},{"$i":"weekday-3-short","$v":"बुध"},{"$i":"weekday-4-short","$v":"गुरु"},{"$i":"weekday-5-short","$v":"शुक्र"},{"$i":"weekday-6-short","$v":"शनि"},{"$i":"month-0-long","$v":"जनवरी"},{"$i":"month-1-long","$v":"फरवरी"},{"$i":"month-2-long","$v":"मार्च"},{"$i":"month-3-long","$v":"अप्रैल"},{"$i":"month-4-long","$v":"मई"},{"$i":"month-5-long","$v":"जून"},{"$i":"month-6-long","$v":"जुलाई"},{"$i":"month-7-long","$v":"अगस्त"},{"$i":"month-8-long","$v":"सितंबर"},{"$i":"month-9-long","$v":"अक्टूबर"},{"$i":"month-10-long","$v":"नवंबर"},{"$i":"month-11-long","$v":"दिसंबर"},{"$i":"month-0-genitive","$v":"जनवरी"},{"$i":"month-1-genitive","$v":"फरवरी"},{"$i":"month-2-genitive","$v":"मार्च"},{"$i":"month-3-genitive","$v":"अप्रैल"},{"$i":"month-4-genitive","$v":"मई"},{"$i":"month-5-genitive","$v":"जून"},{"$i":"month-6-genitive","$v":"जुलाई"},{"$i":"month-7-genitive","$v":"अगस्त"},{"$i":"month-8-genitive","$v":"सितंबर"},{"$i":"month-9-genitive","$v":"अक्टूबर"},{"$i":"month-10-genitive","$v":"नवंबर"},{"$i":"month-11-genitive","$v":"दिसंबर"},{"$i":"month-0-short","$v":"जनवरी"},{"$i":"month-1-short","$v":"फरवरी"},{"$i":"month-2-short","$v":"मार्च"},{"$i":"month-3-short","$v":"अप्रैल"},{"$i":"month-4-short","$v":"मई"},{"$i":"month-5-short","$v":"जून"},{"$i":"month-6-short","$v":"जुलाई"},{"$i":"month-7-short","$v":"अगस्त"},{"$i":"month-8-short","$v":"सितंबर"},{"$i":"month-9-short","$v":"अक्टूबर"},{"$i":"month-10-short","$v":"नवंबर"},{"$i":"month-11-short","$v":"दिसंबर"},{"$i":"minutes-ago-long","$v":{"few":[{"t":"idOrVar","v":"value"}," मिनट पहले"],"many":[{"t":"idOrVar","v":"value"}," मिनट पहले"],"one":"एक मिनट पहले","other":[{"t":"idOrVar","v":"value"}," मिनट पहले"],"two":[{"t":"idOrVar","v":"value"}," मिनट पहले"],"zero":"अभी"},"$x":[{"t":"idOrVar","v":"plural"},"value"]},{"$i":"hours-ago-long","$v":{"few":[{"t":"idOrVar","v":"value"}," घंटे पहले"],"many":[{"t":"idOrVar","v":"value"}," घंटे पहले"],"one":"एक घंटे पहले","other":[{"t":"idOrVar","v":"value"}," घंटे पहले"],"two":[{"t":"idOrVar","v":"value"}," घंटे पहले"],"zero":"अभी"},"$x":[{"t":"idOrVar","v":"plural"},"value"]},{"$i":"days-ago-long","$v":{"few":[{"t":"idOrVar","v":"value"}," दिनों पहले"],"many":[{"t":"idOrVar","v":"value"}," दिनों पहले"],"one":"बीता कल","other":[{"t":"idOrVar","v":"value"}," दिनों पहले"],"two":[{"t":"idOrVar","v":"value"}," दिनों पहले"],"zero":"आज"},"$x":[{"t":"idOrVar","v":"plural"},"value"]},{"$i":"weeks-ago-long","$v":{"few":[{"t":"idOrVar","v":"value"}," सप्ताह पहले"],"many":[{"t":"idOrVar","v":"value"}," सप्ताह पहले"],"one":"पिछले सप्ताह","other":[{"t":"idOrVar","v":"value"}," सप्ताह पहले"],"two":[{"t":"idOrVar","v":"value"}," सप्ताह पहले"],"zero":"इस सप्ताह"},"$x":[{"t":"idOrVar","v":"plural"},"value"]},{"$i":"months-ago-long","$v":{"few":[{"t":"idOrVar","v":"value"}," महीनों पहले"],"many":[{"t":"idOrVar","v":"value"}," महीनों पहले"],"one":"पिछले महीने","other":[{"t":"idOrVar","v":"value"}," महीनों पहले"],"two":[{"t":"idOrVar","v":"value"}," महीनों पहले"],"zero":"इस महीने"},"$x":[{"t":"idOrVar","v":"plural"},"value"]},{"$i":"years-ago-long","$v":{"few":[{"t":"idOrVar","v":"value"}," वर्ष पहले"],"many":[{"t":"idOrVar","v":"value"}," वर्ष पहले"],"one":"पिछले वर्ष","other":[{"t":"idOrVar","v":"value"}," वर्ष पहले"],"two":[{"t":"idOrVar","v":"value"}," वर्ष पहले"],"zero":"इस वर्ष"},"$x":[{"t":"idOrVar","v":"plural"},"value"]},{"$i":"minutes-until-long","$v":{"few":[{"t":"idOrVar","v":"value"}," मिनट में"],"many":[{"t":"idOrVar","v":"value"}," मिनट में"],"one":"एक मिनट में","other":[{"t":"idOrVar","v":"value"}," मिनट में"],"two":[{"t":"idOrVar","v":"value"}," मिनट में"],"zero":"अभी"},"$x":[{"t":"idOrVar","v":"plural"},"value"]},{"$i":"hours-until-long","$v":{"few":[{"t":"idOrVar","v":"value"}," घंटों में"],"many":[{"t":"idOrVar","v":"value"}," घंटों में"],"one":"एक घंटे में","other":[{"t":"idOrVar","v":"value"}," घंटों में"],"two":[{"t":"idOrVar","v":"value"}," घंटों में"],"zero":"अभी"},"$x":[{"t":"idOrVar","v":"plural"},"value"]},{"$i":"days-until-long","$v":{"few":[{"t":"idOrVar","v":"value"}," दिनों में"],"many":[{"t":"idOrVar","v":"value"}," दिनों में"],"one":"कल","other":[{"t":"idOrVar","v":"value"}," दिनों में"],"two":[{"t":"idOrVar","v":"value"}," दिनों में"],"zero":"आज"},"$x":[{"t":"idOrVar","v":"plural"},"value"]},{"$i":"weeks-until-long","$v":{"few":[{"t":"idOrVar","v":"value"}," सप्ताह में"],"many":[{"t":"idOrVar","v":"value"}," सप्ताह में"],"one":"अगले सप्ताह","other":[{"t":"idOrVar","v":"value"}," सप्ताह में"],"two":[{"t":"idOrVar","v":"value"}," सप्ताह में"],"zero":"इस सप्ताह"},"$x":[{"t":"idOrVar","v":"plural"},"value"]},{"$i":"months-until-long","$v":{"few":[{"t":"idOrVar","v":"value"}," महीनो में"],"many":[{"t":"idOrVar","v":"value"}," महीनो में"],"one":"अगले महीने","other":[{"t":"idOrVar","v":"value"}," महीनो में"],"two":[{"t":"idOrVar","v":"value"}," महीनो में"],"zero":"इस महीने"},"$x":[{"t":"idOrVar","v":"plural"},"value"]},{"$i":"years-until-long","$v":{"few":[{"t":"idOrVar","v":"value"}," वर्षों में"],"many":[{"t":"idOrVar","v":"value"}," वर्षों में"],"one":"अगले वर्ष","other":[{"t":"idOrVar","v":"value"}," वर्षों में"],"two":[{"t":"idOrVar","v":"value"}," वर्षों में"],"zero":"इस वर्ष"},"$x":[{"t":"idOrVar","v":"plural"},"value"]},{"$i":"minutes-ago-short","$v":{"other":[{"t":"idOrVar","v":"value"}," मिनट पहले"],"zero":"अभी"},"$x":[{"t":"idOrVar","v":"plural"},"value"]},{"$i":"hours-ago-short","$v":{"other":[{"t":"idOrVar","v":"value"}," घंटे पहले"],"zero":"अभी"},"$x":[{"t":"idOrVar","v":"plural"},"value"]},{"$i":"days-ago-short","$v":{"other":[{"t":"idOrVar","v":"value"}," दिनों पहले"],"zero":"आज"},"$x":[{"t":"idOrVar","v":"plural"},"value"]},{"$i":"minutes-until-short","$v":{"other":[{"t":"idOrVar","v":"value"},"मिनिट में"],"zero":"अभी"},"$x":[{"t":"idOrVar","v":"plural"},"value"]},{"$i":"hours-until-short","$v":{"other":[{"t":"idOrVar","v":"value"},"घंटे में"],"zero":"अभी"},"$x":[{"t":"idOrVar","v":"plural"},"value"]},{"$i":"days-until-short","$v":{"other":[{"t":"idOrVar","v":"value"},"दिन में"],"zero":"आज"},"$x":[{"t":"idOrVar","v":"plural"},"value"]},{"$i":"incorrectDate","$v":"(गलत दिनांक)"},{"$i":"dateTimeFormat_%c","$v":"%a %b %e %Y %I:%M:%S %p"},{"$i":"dateTimeFormat_%x","$v":"%m/%d/%Y"},{"$i":"dateTimeFormat_%X","$v":"%I:%M:%S %p"},{"$i":"shortTimeFormat","$v":"%I:%M %p"},{"$i":"shortTimeFormat12","$v":"%I:%M %p"},{"$i":"shortTimeFormat24","$v":"%H:%M"},{"$i":"shortDateTimeFormat","$v":"%x %I:%M %p"},{"$i":"weekStartsOnMonday","$v":"0.0"},{"$i":"firstDayOfTheWeek","$v":"0.0"},{"$i":"softkey-options","$v":"विकल्प"}]