[{"$i":"select","$v":"Ընտրել"},{"$i":"deselect","$v":"Ապընտրել"},{"$i":"kai-select","$v":"Ընտրել"},{"$i":"invalid-image","$v":"Անվավեր պատկեր"},{"$i":"image-too-big","$v":"Պատկերի ամբողջական չափսը չափազանց մեծ է պատկերասրահում ցուցադրելու համար"},{"$i":"kai-selected-items-count","$v":["Ընտրվեցին ",{"t":"idOrVar","v":"n"}]},{"$i":"delete-photo?","$v":"Ջնջե՞լ լուսանկարը:"},{"$i":"delete-video?","$v":"Ջնջե՞լ տեսնայութը:"},{"$i":"deleting","$v":"Ջնջվում է…"},{"$i":"delete-n-items?","$v":{"few":["Ջնջե՞լ ",{"t":"idOrVar","v":"n"}," տարր:"],"many":["Ջնջե՞լ ",{"t":"idOrVar","v":"n"}," տարր:"],"one":"Ջնջե՞լ ընտրվծ միավորը:","other":["Ջնջե՞լ ",{"t":"idOrVar","v":"n"}," տարր:"],"two":["Ջնջե՞լ ",{"t":"idOrVar","v":"n"}," տարր:"],"zero":"Ոչինչ չընտրվեց"},"$x":[{"t":"idOrVar","v":"plural"},"n"]},{"$i":"kai-contact-set-ok","$v":"Կոնտակտի լուսանկարը ավելացված է"},{"$i":"kai-contact-set-fail","$v":"Կոնտակտի պատկերը չտեղակայվեց"},{"$i":"kai-exposure-done","$v":"Կիրառվեց լուսակայում"},{"$i":"kai-rotation-done","$v":"Պտտումը կիրառված է"},{"$i":"kai-crop-done","$v":"Պատկերը կադրավորված է"},{"$i":"kai-filters-done","$v":"Զտիչը կիրառված է"},{"$i":"kai-autocorrection-done","$v":"Կիրառվել ինքնշխտ ուղղում"},{"$i":"kai-changes-saved","$v":"Փոփոխությունները պահվեցին"},{"$i":"wallpaper-set","$v":"Պաստառը տեղադրված է"},{"$i":"kai-single-image-locked","$v":"Ընտրված պատկերը կողպված է"},{"$i":"kai-single-image-unlocked","$v":"Ընտրված պատկերն արգելաբացված է"},{"$i":"kai-single-image-deleted","$v":"Լուսանկարը ջնջվեց:"},{"$i":"kai-multiple-images-locked","$v":{"one":[{"t":"idOrVar","v":"n"}," լուսանկար կողպվեց"],"other":[{"t":"idOrVar","v":"n"}," լուսանկար կողպվեց"],"zero":"Ոչ մի լուսանկար չկողպվեց"},"$x":[{"t":"idOrVar","v":"plural"},"n"]},{"$i":"kai-multiple-images-unlocked","$v":{"one":[{"t":"idOrVar","v":"n"}," լուսանկար ապակողպվեց"],"other":[{"t":"idOrVar","v":"n"}," լուսանկար ապակողպվեց"],"zero":"Ոչ մի լուսանկար չապակողպվեց"},"$x":[{"t":"idOrVar","v":"plural"},"n"]},{"$i":"kai-deleted-n-photos","$v":{"one":["Ջնջվեց ",{"t":"idOrVar","v":"n"}," լուսանկար"],"other":["Ջնջվեց ",{"t":"idOrVar","v":"n"}," լուսանկար"],"zero":"Որևէ լուսանկար չջնջվեց"},"$x":[{"t":"idOrVar","v":"plural"},"n"]},{"$i":"kai-some-photos-not-share","$v":"Որոշ լուսանկարներ հնարավոր չէ կիսել"},{"$i":"kai-some-photos-not-delete","$v":"Որոշ լուսանկարներ հնարավոր չէ ջնջել"},{"$i":"kai-some-photos-not-lock","$v":"Որոշ լուսանկարներ հնարավոր չէ կողպել"},{"$i":"kai-undo","$v":"Հետարկել"},{"$i":"pickoneimage2","$v":"Ընտրել"},{"$i":"cropimage","$v":"Կադրավորել"},{"$i":"kai-on","$v":"Միացված է"},{"$i":"kai-off","$v":"Անջատված է"},{"$i":"cancel","$v":"Չեղարկել"},{"$i":"delete","$v":"Ջնջել"},{"$i":"ok","$v":"Լավ"},{"$i":"edit","$v":"Խմբգրլ"},{"$i":"revert","$v":"Վերականգնել"},{"$i":"save","$v":"Պահել"},{"$i":"done","$v":"Արված է"},{"$i":"exposure","$v":"Լուսակայում"},{"$i":"crop","$v":"Կադրավորել"},{"$i":"effects","$v":"Էֆեկտներ"},{"$i":"borders","$v":"Եզրեր"},{"$i":"enhance-on","$v":"Ինքնշխտ հզրցմ միացվծ է"},{"$i":"enhance-off","$v":"Ինքնշխտ հզրցմ անջտվծ է"},{"$i":"kai-set","$v":"Տղկյլ"},{"$i":"kai-options","$v":"Ընտրանքներ"},{"$i":"kai-select-all","$v":"Ընտրել բոլորը"},{"$i":"kai-deselect-all","$v":"Ապընտրել բոլորը"},{"$i":"kai-lock","$v":"Lock"},{"$i":"kai-unlock","$v":"Ապակողպել"},{"$i":"kai-rename","$v":"Վերանվանել"},{"$i":"kai-rotate","$v":"Պտտել"},{"$i":"kai-share","$v":"Համօգտագործել"},{"$i":"kai-settings","$v":"Պարամետրեր"},{"$i":"kai-set-as","$v":"Տղկյլ որպես"},{"$i":"set-as-wallpaper","$v":"Տղկյլ որպես պաստառ"},{"$i":"kai-wallpaper","$v":"Պաստառ"},{"$i":"kai-existing-contact-image","$v":"Պատկեր գոյություն ունեցող կոնտակտի համար"},{"$i":"kai-zoom","$v":"Խշրցնլ"},{"$i":"kai-zoom-in","$v":"Մեծացնել"},{"$i":"kai-zoom-out","$v":"Փոքրացնել"},{"$i":"kai-file-info","$v":"Ֆայլի տվյալներ"},{"$i":"kai-select-multiple","$v":"Ընտրել բազմակի"},{"$i":"kai-invalid-name","$v":"Անվավեր անուն"},{"$i":"kai-name-already-exists","$v":"Անունն արդեն գոյություն ունի"},{"$i":"kai-override-warning-msg","$v":"Վերագրե՞լ առկա պատկերը:"},{"$i":"kai-override","$v":"Վերագրել"},{"$i":"kai-edit-title","$v":"Խմբգրլ պատկերը"},{"$i":"kai-edit-exposure","$v":"Լուսակայում"},{"$i":"kai-edit-crop","$v":"Կադրավորել"},{"$i":"kai-edit-rotate","$v":"Պտտել"},{"$i":"kai-edit-filters","$v":"Զտիչներ"},{"$i":"kai-edit-auto-correct","$v":"Ինքնշխտ ուղղել"},{"$i":"edit-exposure","ariaLabel":"Լուսակայում"},{"$i":"edit-crop","ariaLabel":"Կադրավորել"},{"$i":"edit-rotate","ariaLabel":"Պտտել"},{"$i":"edit-filters","ariaLabel":"Զտիչներ"},{"$i":"edit-auto-correct","ariaLabel":"Ինքնշխտ ուղղել"},{"$i":"kai-crop-none","$v":"Հետարկել կադրավորումը"},{"$i":"kai-crop-aspect-free","$v":"Կանխադրված"},{"$i":"kai-crop-aspect-portrait","$v":"2:3"},{"$i":"kai-crop-aspect-landscape","$v":"3:2"},{"$i":"kai-crop-aspect-square","$v":"1:1"},{"$i":"crop-none","ariaLabel":"Հետարկել կադրավորումը"},{"$i":"crop-aspect-free","ariaLabel":"Կանխադրված"},{"$i":"crop-aspect-portrait","ariaLabel":"2:3"},{"$i":"crop-aspect-landscape","ariaLabel":"3:2"},{"$i":"crop-aspect-square","ariaLabel":"1:1"},{"$i":"edit-filters-none","ariaLabel":"Զտիչ 1"},{"$i":"edit-filters-bw","ariaLabel":"Զտիչ 2"},{"$i":"edit-filters-sepia","ariaLabel":"Զտիչ 3"},{"$i":"edit-filters-bluesteel","ariaLabel":"Զտիչ 4"},{"$i":"edit-filters-faded","ariaLabel":"Զտիչ 5"},{"$i":"kai-rotate-cw","$v":"Ժմցյց սլք ուղղ"},{"$i":"kai-rotate-ccw","$v":"CCW"},{"$i":"original","$v":"Բնօրինակ"},{"$i":"blackandwhite","$v":"Սև և Սպիտակ"},{"$i":"sepia","$v":"Սեպիա"},{"$i":"freeform","$v":"Ազատ շրջանակ"},{"$i":"portrait","$v":"Դիմանկար"},{"$i":"landscape","$v":"Բնապատկեր"},{"$i":"square","$v":"Քառակուսի"},{"$i":"emptygallery2-title","$v":"Լուսանկարներ կամ տեսանյութեր չկան"},{"$i":"emptygallery2-text","$v":"Պատկերասրահը դատարկ է: Օգտագործեք տեսախցիկը սկսելու համար:"},{"$i":"emptygallery2-title-pick","$v":"Լուսանկարներ չկան"},{"$i":"emptygallery-text-pick","$v":"Հասանելի լուսանկարներ չկան:"},{"$i":"nocard3-title","$v":"Հիշաքարտ չկա"},{"$i":"nocard4-text","$v":"Ծրագիրն օգտագործելու համար տեղադրեք հիշքարտ:"},{"$i":"pluggedin2-title","$v":"Օգտագործվող հիշաքարտ"},{"$i":"pluggedin2-text","$v":"Պհցն օգտգրծվմ է: Անջտք հռխսը հսնքից ծրգրն օգտգրծ հմր:"},{"$i":"scanning-title","$v":"Սկանավորվում է"},{"$i":"scanning-text","$v":"Սկանավորվում է լուսանկարների համար..."},{"$i":"upgrade-title","$v":"Տվյալների բազայի ընդլայնում"},{"$i":"upgrade-text","$v":"Սպսք, մինչ Պտկրսրհ թրմցնմ է տվյլ բզն:"},{"$i":"share-noprovider","$v":"Հնարավոր չէ համօգտագործել պատկերի այս տեսակի ֆայլը:"},{"$i":"memorycardfull","$v":"Պհցը լիքն է: Հնրվր չէ խմբգրլ լսնկրնրը:"},{"$i":"imagetoobig","$v":"Պատկերը չափազանց մեծ է այս սարքի վրա ցուցադրելու համար:"},{"$i":"imageinvalid","$v":"Պատկերն անվավեր է կամ վնասված և չի կարող ցուցադրվել:"},{"$i":"saved","$v":[{"t":"idOrVar","v":"filename"}," պահվեց Պատկերասրահում"]},{"$i":"edit-copy-saved","$v":"Նոր պատճենը պահվեց:"},{"$i":"overlay-camera-button","$v":"Գնալ խցիկ"},{"$i":"name-label","$v":"Անուն"},{"$i":"size-label","$v":"Չափ"},{"$i":"image-type-label","$v":"Պատկերի տեսակ"},{"$i":"kai-date-and-time-label","$v":"Ամսաթիվ և ժամ"},{"$i":"date-taken-label","$v":"Նկրմն ամսաթիվ"},{"$i":"resolution-label","$v":"Լուծաչափը"},{"$i":"close-button","$v":"Փակել"},{"$i":"path-label","$v":"Ուղի"},{"$i":"sd-card","$v":"SD քարտ"},{"$i":"internal","$v":"Ներքին"},{"$i":"byteUnit-B","$v":"Բիթեր"},{"$i":"byteUnit-KB","$v":"ԿԲ"},{"$i":"byteUnit-MB","$v":"ՄԲ"},{"$i":"byteUnit-GB","$v":"ԳԲ"},{"$i":"gallery","$v":"Պատկերասրահ"},{"$i":"preview","$v":"Նախադիտել"},{"$i":"kai-confirmation","$v":"Հաստատում"},{"$i":"kai-delete-this-image","$v":"Ջնջե՞լ լուսանկարը:"},{"$i":"kai-delete-selected-image","$v":"Ջնջե՞լ ընտրված լուսանկարը:"},{"$i":"kai-delete-selected-images","$v":"Ջնջե՞լ ընտրված լուսանկարները:"},{"$i":"kai-sort-by","$v":"Տեսկվր ըստ"},{"$i":"kai-group-by-date-and-location","$v":"Խմբավորել ըստ ամսաթվի"},{"$i":"kai-error","$v":"Սխալ"},{"$i":"kai-error-delete-locked-image","$v":"Ընտրված պատկերը կողպված է և հնարավոր չէ ջնջել:"},{"$i":"kai-error-delete-locked-images","$v":"Ընտրված պատկերները պարունակում են կողպված պատկեր(ներ) և հնարավոր չէ ջնջել:"},{"$i":"kai-enter-new-name","$v":"Մտքգրեք նոր անուն"},{"$i":"sort-and-group","$v":"Տսկվորել և խմբվրլ"},{"$i":"time_am","$v":"AM"},{"$i":"time_pm","$v":"PM"},{"$i":"date-group-header","$v":"%B %Y"},{"$i":"videoDescriptionShort","$v":"Տեսանյութի ամսաթիվ՝ %I:%M %p, %B %e, %Y"},{"$i":"imageDescriptionShort","$v":"Պատկերի ամսաթիվ %I:%M %p, %B %e, %Y"},{"$i":"editImagePreview","ariaLabel":"Խմբգրլ պատկերի նախադիտումը"},{"$i":"kai-pickoneimage","$v":"Ընտրեք լուսանկար"},{"$i":"discard-changes-warning","$v":"Բոլոր փոփոխությունները չեն պահվի: Հեռացնե՞լ փոփոխությունները:"},{"$i":"save-changes-warning","$v":"Բոլոր փոփոխությունները չեն պահվի: Պահե՞լ փոփոխությունները:"},{"$i":"discard","$v":"Հրաժարվել"},{"$i":"camera","$v":"Խցիկ"},{"$i":"phone-is-full-title","$v":"Հեռախոսի պահոցը լիքն է"},{"$i":"sd-card-is-full-title","$v":"SD քարտը լիքն է։"},{"$i":"phone-is-full-content","$v":"Ջնջեք մեդիա նիշքերը կամ հավելվածի տվյալները՝ տարածք ազատելու համար։ Կարող եք նաև տեղադրել SD քարտ՝ մեդիա հիշողությունն ընդլայնելու համար։"},{"$i":"sd-card-is-full-content","$v":"Ջնջել SD քարտի նիշքերը՝ տարածք ազատելու համար։"},{"$i":"imageDescription","$v":[{"t":"idOrVar","v":"orientation"}," պատկեր, %I:%M %p, %B %e, %Y"]},{"$i":"imageDescriptionNoTimestamp","$v":[{"t":"idOrVar","v":"orientation"}," պատկեր"]},{"$i":"videoDescription","$v":[{"t":"idOrVar","v":"orientation"}," տեսանյութ, %I:%M %p, %B %e, %Y"]},{"$i":"videoDescriptionNoTimestamp","$v":[{"t":"idOrVar","v":"orientation"}," տեսանյութ"]},{"$i":"orientationPortrait","$v":"դիմանկար"},{"$i":"orientationLandscape","$v":"բնապատկեր"},{"$i":"playbackPlay","ariaLabel":"Նվագարկել"},{"$i":"playbackPause","ariaLabel":"Դդրցնլ"},{"$i":"playbackNext","ariaLabel":"Հջրդ"},{"$i":"playbackPrevious","ariaLabel":"Նախորդ"},{"$i":"playbackFullscreen","ariaLabel":"Լիաէկրան"},{"$i":"playbackSeekBar","ariaLabel":["Փնտրլ գտն, տևղթյն ",{"t":"idOrVar","v":"duration"}]},{"$i":"weekday-0-long","$v":"Կիրակի"},{"$i":"weekday-1-long","$v":"Երկուշաբթի"},{"$i":"weekday-2-long","$v":"Երեքշաբթի"},{"$i":"weekday-3-long","$v":"Չորեքշաբթի"},{"$i":"weekday-4-long","$v":"Հինգշաբթի"},{"$i":"weekday-5-long","$v":"Ուրբաթ"},{"$i":"weekday-6-long","$v":"Շաբաթ"},{"$i":"weekday-0-short","$v":"Կիր"},{"$i":"weekday-1-short","$v":"Երկ"},{"$i":"weekday-2-short","$v":"Երք"},{"$i":"weekday-3-short","$v":"Չրք"},{"$i":"weekday-4-short","$v":"Հնգ"},{"$i":"weekday-5-short","$v":"Ուրբ"},{"$i":"weekday-6-short","$v":"Շբթ"},{"$i":"month-0-long","$v":"Հունվար"},{"$i":"month-1-long","$v":"Փետրվար"},{"$i":"month-2-long","$v":"Մարտ"},{"$i":"month-3-long","$v":"Ապրիլ"},{"$i":"month-4-long","$v":"Մյս"},{"$i":"month-5-long","$v":"Հունիս"},{"$i":"month-6-long","$v":"Հուլիս"},{"$i":"month-7-long","$v":"Օգոստոս"},{"$i":"month-8-long","$v":"Սեպտեմբեր"},{"$i":"month-9-long","$v":"Հոկտեմբեր"},{"$i":"month-10-long","$v":"Նոյեմբեր"},{"$i":"month-11-long","$v":"Դեկտեմբեր"},{"$i":"month-0-genitive","$v":"Հունվար"},{"$i":"month-1-genitive","$v":"Փետրվար"},{"$i":"month-2-genitive","$v":"Մարտ"},{"$i":"month-3-genitive","$v":"Ապրիլ"},{"$i":"month-4-genitive","$v":"Մյս"},{"$i":"month-5-genitive","$v":"Հունիս"},{"$i":"month-6-genitive","$v":"Հուլիս"},{"$i":"month-7-genitive","$v":"Օգոստոս"},{"$i":"month-8-genitive","$v":"Սեպտեմբեր"},{"$i":"month-9-genitive","$v":"Հոկտեմբեր"},{"$i":"month-10-genitive","$v":"Նոյեմբեր"},{"$i":"month-11-genitive","$v":"Դեկտեմբեր"},{"$i":"month-0-short","$v":"Հունվ"},{"$i":"month-1-short","$v":"Փետ"},{"$i":"month-2-short","$v":"Մրտ"},{"$i":"month-3-short","$v":"Ապլ"},{"$i":"month-4-short","$v":"Մյս"},{"$i":"month-5-short","$v":"Հուն"},{"$i":"month-6-short","$v":"Հուլ"},{"$i":"month-7-short","$v":"Օգս"},{"$i":"month-8-short","$v":"Սպտ"},{"$i":"month-9-short","$v":"Հոկտ"},{"$i":"month-10-short","$v":"Նոյ"},{"$i":"month-11-short","$v":"Դեկ"},{"$i":"minutes-ago-long","$v":{"few":[{"t":"idOrVar","v":"value"}," րոպե առաջ"],"many":[{"t":"idOrVar","v":"value"}," րոպե առաջ"],"one":"րոպե առաջ","other":[{"t":"idOrVar","v":"value"}," րոպե առաջ"],"two":[{"t":"idOrVar","v":"value"}," րոպե առաջ"],"zero":"հենց նոր"},"$x":[{"t":"idOrVar","v":"plural"},"value"]},{"$i":"hours-ago-long","$v":{"few":[{"t":"idOrVar","v":"value"}," ժամ առաջ"],"many":[{"t":"idOrVar","v":"value"}," ժամ առաջ"],"one":"մեկ ժամ առաջ","other":[{"t":"idOrVar","v":"value"}," ժամ առաջ"],"two":[{"t":"idOrVar","v":"value"}," ժամ առաջ"],"zero":"հենց նոր"},"$x":[{"t":"idOrVar","v":"plural"},"value"]},{"$i":"days-ago-long","$v":{"few":[{"t":"idOrVar","v":"value"}," օր առաջ"],"many":[{"t":"idOrVar","v":"value"}," օր առաջ"],"one":"երեկ","other":[{"t":"idOrVar","v":"value"}," օր առաջ"],"two":[{"t":"idOrVar","v":"value"}," օր առաջ"],"zero":"այսօր"},"$x":[{"t":"idOrVar","v":"plural"},"value"]},{"$i":"weeks-ago-long","$v":{"few":[{"t":"idOrVar","v":"value"}," շաբաթ առաջ"],"many":[{"t":"idOrVar","v":"value"}," շաբաթ առաջ"],"one":"անցյալ շաբաթ","other":[{"t":"idOrVar","v":"value"}," շաբաթ առաջ"],"two":[{"t":"idOrVar","v":"value"}," շաբաթ առաջ"],"zero":"այս շաբաթ"},"$x":[{"t":"idOrVar","v":"plural"},"value"]},{"$i":"months-ago-long","$v":{"few":[{"t":"idOrVar","v":"value"}," ամիս առաջ"],"many":[{"t":"idOrVar","v":"value"}," ամիս առաջ"],"one":"անցած ամիս","other":[{"t":"idOrVar","v":"value"}," ամիս առաջ"],"two":[{"t":"idOrVar","v":"value"}," ամիս առաջ"],"zero":"այս ամիս"},"$x":[{"t":"idOrVar","v":"plural"},"value"]},{"$i":"years-ago-long","$v":{"few":[{"t":"idOrVar","v":"value"}," տարի առաջ"],"many":[{"t":"idOrVar","v":"value"}," տարի առաջ"],"one":"անցյալ տարի","other":[{"t":"idOrVar","v":"value"}," տարի առաջ"],"two":[{"t":"idOrVar","v":"value"}," տարի առաջ"],"zero":"այս տարի"},"$x":[{"t":"idOrVar","v":"plural"},"value"]},{"$i":"minutes-until-long","$v":{"few":[{"t":"idOrVar","v":"value"}," րոպեից"],"many":[{"t":"idOrVar","v":"value"}," րոպեից"],"one":"մեկ րոպեից","other":[{"t":"idOrVar","v":"value"}," րոպեից"],"two":[{"t":"idOrVar","v":"value"}," րոպեից"],"zero":"հիմա"},"$x":[{"t":"idOrVar","v":"plural"},"value"]},{"$i":"hours-until-long","$v":{"few":[{"t":"idOrVar","v":"value"}," ժամից"],"many":[{"t":"idOrVar","v":"value"}," ժամից"],"one":"մեկ ժամից","other":[{"t":"idOrVar","v":"value"}," ժամից"],"two":[{"t":"idOrVar","v":"value"}," ժամից"],"zero":"հիմա"},"$x":[{"t":"idOrVar","v":"plural"},"value"]},{"$i":"days-until-long","$v":{"few":[{"t":"idOrVar","v":"value"}," օրից"],"many":[{"t":"idOrVar","v":"value"}," օրից"],"one":"վաղը","other":[{"t":"idOrVar","v":"value"}," օրից"],"two":[{"t":"idOrVar","v":"value"}," օրից"],"zero":"այսօր"},"$x":[{"t":"idOrVar","v":"plural"},"value"]},{"$i":"weeks-until-long","$v":{"few":[{"t":"idOrVar","v":"value"}," շաբաթից"],"many":[{"t":"idOrVar","v":"value"}," շաբաթից"],"one":"հաջորդ շաբաթ","other":[{"t":"idOrVar","v":"value"}," շաբաթից"],"two":[{"t":"idOrVar","v":"value"}," շաբաթից"],"zero":"այս շաբաթ"},"$x":[{"t":"idOrVar","v":"plural"},"value"]},{"$i":"months-until-long","$v":{"few":[{"t":"idOrVar","v":"value"}," ամսից"],"many":[{"t":"idOrVar","v":"value"}," ամսից"],"one":"հաջորդ ամիս","other":[{"t":"idOrVar","v":"value"}," ամսից"],"two":[{"t":"idOrVar","v":"value"}," ամսից"],"zero":"այս ամիս"},"$x":[{"t":"idOrVar","v":"plural"},"value"]},{"$i":"years-until-long","$v":{"few":[{"t":"idOrVar","v":"value"}," տարուց"],"many":[{"t":"idOrVar","v":"value"}," տարուց"],"one":"հաջորդ տարի","other":[{"t":"idOrVar","v":"value"}," տարուց"],"two":[{"t":"idOrVar","v":"value"}," տարուց"],"zero":"այս տարի"},"$x":[{"t":"idOrVar","v":"plural"},"value"]},{"$i":"minutes-ago-short","$v":{"other":[{"t":"idOrVar","v":"value"}," ր առաջ"],"zero":"հենց նոր"},"$x":[{"t":"idOrVar","v":"plural"},"value"]},{"$i":"hours-ago-short","$v":{"other":[{"t":"idOrVar","v":"value"}," ժ առաջ"],"zero":"հենց նոր"},"$x":[{"t":"idOrVar","v":"plural"},"value"]},{"$i":"days-ago-short","$v":{"other":[{"t":"idOrVar","v":"value"}," օր առաջ"],"zero":"այսօր"},"$x":[{"t":"idOrVar","v":"plural"},"value"]},{"$i":"minutes-until-short","$v":{"other":[{"t":"idOrVar","v":"value"}," ր-ից"],"zero":"հիմա"},"$x":[{"t":"idOrVar","v":"plural"},"value"]},{"$i":"hours-until-short","$v":{"other":[{"t":"idOrVar","v":"value"}," ժ-ից"],"zero":"հիմա"},"$x":[{"t":"idOrVar","v":"plural"},"value"]},{"$i":"days-until-short","$v":{"other":[{"t":"idOrVar","v":"value"}," օրից"],"zero":"այսօր"},"$x":[{"t":"idOrVar","v":"plural"},"value"]},{"$i":"incorrectDate","$v":"(սխալ ամսաթիվ)"},{"$i":"dateTimeFormat_%c","$v":"%a %b %e %Y %I:%M:%S %p"},{"$i":"dateTimeFormat_%x","$v":"%m/%d/%Y"},{"$i":"dateTimeFormat_%X","$v":"%I:%M:%S %p"},{"$i":"shortTimeFormat","$v":"%I:%M %p"},{"$i":"shortTimeFormat12","$v":"%I:%M %p"},{"$i":"shortTimeFormat24","$v":"%H:%M"},{"$i":"shortDateTimeFormat","$v":"%x %I:%M %p"},{"$i":"weekStartsOnMonday","$v":"0.0"},{"$i":"firstDayOfTheWeek","$v":"1.0"},{"$i":"softkey-options","$v":"Ընտրանքներ"}]