[{"$i":"select","$v":"Таңдау"},{"$i":"deselect","$v":"Таңдауды алу"},{"$i":"kai-select","$v":"Таңдау"},{"$i":"invalid-image","$v":"Жарамсыз кескін"},{"$i":"image-too-big","$v":"Кескін файлының өлшемі галереяда көрсету үшін тым үлкен"},{"$i":"kai-selected-items-count","$v":[{"t":"idOrVar","v":"n"}," таңдалды"]},{"$i":"delete-photo?","$v":"Фотосуретті жою керек пе?"},{"$i":"delete-video?","$v":"Бейнені жою керек пе?"},{"$i":"deleting","$v":"… жойылуда"},{"$i":"delete-n-items?","$v":{"few":[{"t":"idOrVar","v":"n"}," элементті жою керек пе?"],"many":[{"t":"idOrVar","v":"n"}," элементті жою керек пе?"],"one":"Таңдалған элементті жою керек пе?","other":[{"t":"idOrVar","v":"n"}," элементті жою керек пе?"],"two":[{"t":"idOrVar","v":"n"}," элементті жою керек пе?"],"zero":"Ештеңе сақталмады"},"$x":[{"t":"idOrVar","v":"plural"},"n"]},{"$i":"kai-contact-set-ok","$v":"Контактінің кескіні қосылды"},{"$i":"kai-contact-set-fail","$v":"Контактінің кескіні орнатылмады"},{"$i":"kai-exposure-done","$v":"Экспозиция қолданылды"},{"$i":"kai-rotation-done","$v":"Бұру қолданылды"},{"$i":"kai-crop-done","$v":"Кескін қиылды"},{"$i":"kai-filters-done","$v":"Сүзгі қолданылды"},{"$i":"kai-autocorrection-done","$v":"Автоматты түзету қолданылды"},{"$i":"kai-changes-saved","$v":"Өзгерістер сақталды"},{"$i":"wallpaper-set","$v":"Тұсқағаз орнатылды"},{"$i":"kai-single-image-locked","$v":"Таңдалған кескін құлыпталды"},{"$i":"kai-single-image-unlocked","$v":"Таңдалған кескіннің құлпы ашылды"},{"$i":"kai-single-image-deleted","$v":"Телефон жойылды"},{"$i":"kai-multiple-images-locked","$v":{"one":[{"t":"idOrVar","v":"n"}," фотосурет құлыпталды"],"other":[{"t":"idOrVar","v":"n"}," фотосурет құлыпталды"],"zero":"Құлыпталған фотосурет жоқ"},"$x":[{"t":"idOrVar","v":"plural"},"n"]},{"$i":"kai-multiple-images-unlocked","$v":{"one":[{"t":"idOrVar","v":"n"}," фотосуреттің құлпы ашылды"],"other":[{"t":"idOrVar","v":"n"}," фотосуреттің құлпы ашылды"],"zero":"Құлпы ашылған фотосурет жоқ"},"$x":[{"t":"idOrVar","v":"plural"},"n"]},{"$i":"kai-deleted-n-photos","$v":{"one":[{"t":"idOrVar","v":"n"}," фотосурет жойылды"],"other":[{"t":"idOrVar","v":"n"}," фотосурет жойылды"],"zero":"Фотосурет жойылмады"},"$x":[{"t":"idOrVar","v":"plural"},"n"]},{"$i":"kai-some-photos-not-share","$v":"Кейбір фотосуреттерді бөлісу мүмкін емес"},{"$i":"kai-some-photos-not-delete","$v":"Кейбір фотосуреттерді жою мүмкін емес"},{"$i":"kai-some-photos-not-lock","$v":"Кейбір фотосуреттерді құлыптау мүмкін емес"},{"$i":"kai-undo","$v":"Қайтару"},{"$i":"pickoneimage2","$v":"Таңдау"},{"$i":"cropimage","$v":"Қию"},{"$i":"kai-on","$v":"Қосулы"},{"$i":"kai-off","$v":"Өшірулі"},{"$i":"cancel","$v":"Бас тарту"},{"$i":"delete","$v":"Жою"},{"$i":"ok","$v":"OK"},{"$i":"edit","$v":"Өзгерту"},{"$i":"revert","$v":"Қайтару"},{"$i":"save","$v":"Сақтау"},{"$i":"done","$v":"Болды"},{"$i":"exposure","$v":"Экспозиция"},{"$i":"crop","$v":"Қию"},{"$i":"effects","$v":"Әсерлер"},{"$i":"borders","$v":"Жиектер"},{"$i":"enhance-on","$v":"Автоматты күшейтуді қосу"},{"$i":"enhance-off","$v":"Автоматты күшейтуді өшіру"},{"$i":"kai-set","$v":"Орнату"},{"$i":"kai-options","$v":"Опциялар"},{"$i":"kai-select-all","$v":"Барлығын таңдау"},{"$i":"kai-deselect-all","$v":"Барлығынан таңдауды алу"},{"$i":"kai-lock","$v":"Lock"},{"$i":"kai-unlock","$v":"Құлыпты ашу"},{"$i":"kai-rename","$v":"Атын өзгерту"},{"$i":"kai-rotate","$v":"Бұру"},{"$i":"kai-share","$v":"Бөлісу"},{"$i":"kai-settings","$v":"Параметрлер"},{"$i":"kai-set-as","$v":"Орнату"},{"$i":"set-as-wallpaper","$v":"Тұсқағаз етіп орнату"},{"$i":"kai-wallpaper","$v":"Тұсқағаз"},{"$i":"kai-existing-contact-image","$v":"Бар контактінің кескіні"},{"$i":"kai-zoom","$v":"Масштабтау"},{"$i":"kai-zoom-in","$v":"Үлкейту"},{"$i":"kai-zoom-out","$v":"Кішірейту"},{"$i":"kai-file-info","$v":"Файл туралы ақпарат"},{"$i":"kai-select-multiple","$v":"Бірнешеуді таңдау"},{"$i":"kai-invalid-name","$v":"Жарамсыз ат"},{"$i":"kai-name-already-exists","$v":"Бұл атау бұрыннан бар"},{"$i":"kai-override-warning-msg","$v":"Бар кескінді қайта анықтағыңыз келе ме?"},{"$i":"kai-override","$v":"Қайта анықтау"},{"$i":"kai-edit-title","$v":"Кескінді өзгерту"},{"$i":"kai-edit-exposure","$v":"Экспозиция"},{"$i":"kai-edit-crop","$v":"Қию"},{"$i":"kai-edit-rotate","$v":"Бұру"},{"$i":"kai-edit-filters","$v":"Сүзгілер"},{"$i":"kai-edit-auto-correct","$v":"Автоматты түзету"},{"$i":"edit-exposure","ariaLabel":"Экспозиция"},{"$i":"edit-crop","ariaLabel":"Қию"},{"$i":"edit-rotate","ariaLabel":"Бұру"},{"$i":"edit-filters","ariaLabel":"Сүзгілер"},{"$i":"edit-auto-correct","ariaLabel":"Автоматты түзету"},{"$i":"kai-crop-none","$v":"Қиюды қайтару"},{"$i":"kai-crop-aspect-free","$v":"Әдепкі"},{"$i":"kai-crop-aspect-portrait","$v":"2:3"},{"$i":"kai-crop-aspect-landscape","$v":"3:2"},{"$i":"kai-crop-aspect-square","$v":"1:1"},{"$i":"crop-none","ariaLabel":"Қиюды қайтару"},{"$i":"crop-aspect-free","ariaLabel":"Әдепкі"},{"$i":"crop-aspect-portrait","ariaLabel":"2:3"},{"$i":"crop-aspect-landscape","ariaLabel":"3:2"},{"$i":"crop-aspect-square","ariaLabel":"1:1"},{"$i":"edit-filters-none","ariaLabel":"1-сүзгі"},{"$i":"edit-filters-bw","ariaLabel":"2-сүзгі"},{"$i":"edit-filters-sepia","ariaLabel":"3-сүзгі"},{"$i":"edit-filters-bluesteel","ariaLabel":"4-сүзгі"},{"$i":"edit-filters-faded","ariaLabel":"5-сүзгі"},{"$i":"kai-rotate-cw","$v":"Сағат тілінің бағыты бойынша"},{"$i":"kai-rotate-ccw","$v":"CCW"},{"$i":"original","$v":"Бастапқы"},{"$i":"blackandwhite","$v":"Қара және ақ"},{"$i":"sepia","$v":"Сепиа"},{"$i":"freeform","$v":"Еркін форма"},{"$i":"portrait","$v":"Портреттік"},{"$i":"landscape","$v":"Альбомдық"},{"$i":"square","$v":"Шаршы"},{"$i":"emptygallery2-title","$v":"Фотосуреттер немесе бейнелер жоқ"},{"$i":"emptygallery2-text","$v":"Галерея бос. Бастау үшін камераны қолданыңыз."},{"$i":"emptygallery2-title-pick","$v":"Фотосуреттер жоқ"},{"$i":"emptygallery-text-pick","$v":"Фотосуреттер қолжетімді емес."},{"$i":"nocard3-title","$v":"Жад картасы жоқ"},{"$i":"nocard4-text","$v":"Бұл қолданбаны пайдалану үшін жад картасын салыңыз."},{"$i":"pluggedin2-title","$v":"Жад картасы пайдаланылуда"},{"$i":"pluggedin2-text","$v":"Жад пайд. Бұл қолд. пайд. үшін тел. розеткадан ажыр."},{"$i":"scanning-title","$v":"Іздеу"},{"$i":"scanning-text","$v":"Фотосуреттерді іздеу..."},{"$i":"upgrade-title","$v":"Дерекқорды жаңарту"},{"$i":"upgrade-text","$v":"Гал. дерек. жаңарт."},{"$i":"share-noprovider","$v":"Бұндай кескін түрімен бөлісу мүмкін емес."},{"$i":"memorycardfull","$v":"Жад толы. Фото өң-мейді."},{"$i":"imagetoobig","$v":"Бұл құрылғыда көрсету үшін кескін тым үлкен."},{"$i":"imageinvalid","$v":"Кескін жарамсыз немесе бүлінген және оны көрсету мүмкін емес."},{"$i":"saved","$v":[{"t":"idOrVar","v":"filename"}," галереяға сақталды"]},{"$i":"edit-copy-saved","$v":"Жаңа көшірме сақталды."},{"$i":"overlay-camera-button","$v":"Камераға өту"},{"$i":"name-label","$v":"Аты"},{"$i":"size-label","$v":"Өлшемі"},{"$i":"image-type-label","$v":"Кескін түрі"},{"$i":"kai-date-and-time-label","$v":"Күн және уақыт"},{"$i":"date-taken-label","$v":"Түсіру күні"},{"$i":"resolution-label","$v":"Ажыратымдылығы"},{"$i":"close-button","$v":"Жабу"},{"$i":"path-label","$v":"Жол"},{"$i":"sd-card","$v":"SD картасы"},{"$i":"internal","$v":"Ішкі"},{"$i":"byteUnit-B","$v":"Байт"},{"$i":"byteUnit-KB","$v":"КБ"},{"$i":"byteUnit-MB","$v":"МБ"},{"$i":"byteUnit-GB","$v":"ГБ"},{"$i":"gallery","$v":"Галерея"},{"$i":"preview","$v":"Көріп алу"},{"$i":"kai-confirmation","$v":"Растау"},{"$i":"kai-delete-this-image","$v":"Фотосуретті жою керек пе?"},{"$i":"kai-delete-selected-image","$v":"Таңдалған фотосуретті жою керек пе?"},{"$i":"kai-delete-selected-images","$v":"Таңдалған фотосуреттерді жою керек пе?"},{"$i":"kai-sort-by","$v":"Сұрыптау реті"},{"$i":"kai-group-by-date-and-location","$v":"Күні бойынша топтастыру"},{"$i":"kai-error","$v":"Қате"},{"$i":"kai-error-delete-locked-image","$v":"Таңдалған кескін құлыпталған және жойылмады!"},{"$i":"kai-error-delete-locked-images","$v":"Таңдалған кескіндерде құлыпталған кескін(дер) бар және олар жойылмады!"},{"$i":"kai-enter-new-name","$v":"Жаңа атау енгізу"},{"$i":"sort-and-group","$v":"Сұрыптау және топтау"},{"$i":"time_am","$v":"ТД"},{"$i":"time_pm","$v":"түстен кейін"},{"$i":"date-group-header","$v":"%B %Y"},{"$i":"videoDescriptionShort","$v":"Бейне күні %I:%M %p, %B %e, %Y"},{"$i":"imageDescriptionShort","$v":"Кескін күні %I:%M %p, %B %e, %Y"},{"$i":"editImagePreview","ariaLabel":"Кескіннің алдын ала көрінісін өзгерту"},{"$i":"kai-pickoneimage","$v":"Фотосурет таңдау"},{"$i":"discard-changes-warning","$v":"Барлық өзгерістер өшіріледі. Өзгерістерден бас тарту керек пе?"},{"$i":"save-changes-warning","$v":"Барлық өзгерістер өшіріледі. Өзгерістерді сақтау керек пе?"},{"$i":"discard","$v":"Бас тарту"},{"$i":"camera","$v":"Камера"},{"$i":"phone-is-full-title","$v":"Телефон жады толы"},{"$i":"sd-card-is-full-title","$v":"SD картасы толы."},{"$i":"phone-is-full-content","$v":"Орын босату үшін мультимедиа файлдарын немесе қолданба деректерін жойыңыз. Мультимедиа жадын кеңейту үшін SD картасын салуға болады."},{"$i":"sd-card-is-full-content","$v":"Орын босату үшін SD картасындағы файлдарды жойыңыз."},{"$i":"imageDescription","$v":[{"t":"idOrVar","v":"orientation"}," кескін, %I:%M %p, %B %e, %Y"]},{"$i":"imageDescriptionNoTimestamp","$v":[{"t":"idOrVar","v":"orientation"}," кескін"]},{"$i":"videoDescription","$v":[{"t":"idOrVar","v":"orientation"}," бейне, %I:%M %p, %B %e, %Y"]},{"$i":"videoDescriptionNoTimestamp","$v":[{"t":"idOrVar","v":"orientation"}," бейне"]},{"$i":"orientationPortrait","$v":"портреттік"},{"$i":"orientationLandscape","$v":"альбомдық"},{"$i":"playbackPlay","ariaLabel":"Ойнату"},{"$i":"playbackPause","ariaLabel":"Кідірту"},{"$i":"playbackNext","ariaLabel":"Келесі"},{"$i":"playbackPrevious","ariaLabel":"Алдыңғы"},{"$i":"playbackFullscreen","ariaLabel":"Толық экран"},{"$i":"playbackSeekBar","ariaLabel":["Іздеу жолағы, ұзақтығы ",{"t":"idOrVar","v":"duration"}]},{"$i":"weekday-0-long","$v":"Жексенбі"},{"$i":"weekday-1-long","$v":"Дүйсенбі"},{"$i":"weekday-2-long","$v":"Сейсенбі"},{"$i":"weekday-3-long","$v":"Сәрсенбі"},{"$i":"weekday-4-long","$v":"Бейсенбі"},{"$i":"weekday-5-long","$v":"Жұма"},{"$i":"weekday-6-long","$v":"Сенбі"},{"$i":"weekday-0-short","$v":"Жс"},{"$i":"weekday-1-short","$v":"Дс"},{"$i":"weekday-2-short","$v":"Сс"},{"$i":"weekday-3-short","$v":"Ср"},{"$i":"weekday-4-short","$v":"Бс"},{"$i":"weekday-5-short","$v":"Жм"},{"$i":"weekday-6-short","$v":"Сб"},{"$i":"month-0-long","$v":"Қаңтар"},{"$i":"month-1-long","$v":"Ақпан"},{"$i":"month-2-long","$v":"Наурыз"},{"$i":"month-3-long","$v":"Сәуір"},{"$i":"month-4-long","$v":"Мамыр"},{"$i":"month-5-long","$v":"Маусым"},{"$i":"month-6-long","$v":"Шілде"},{"$i":"month-7-long","$v":"Тамыз"},{"$i":"month-8-long","$v":"Қыркүйек"},{"$i":"month-9-long","$v":"Қазан"},{"$i":"month-10-long","$v":"Қараша"},{"$i":"month-11-long","$v":"Желтоқсан"},{"$i":"month-0-genitive","$v":"Қаңтар"},{"$i":"month-1-genitive","$v":"Ақпан"},{"$i":"month-2-genitive","$v":"Наурыз"},{"$i":"month-3-genitive","$v":"Сәуір"},{"$i":"month-4-genitive","$v":"Мам"},{"$i":"month-5-genitive","$v":"Маусым"},{"$i":"month-6-genitive","$v":"Шілде"},{"$i":"month-7-genitive","$v":"Тамыз"},{"$i":"month-8-genitive","$v":"Қыркүйек"},{"$i":"month-9-genitive","$v":"Қазан"},{"$i":"month-10-genitive","$v":"Қараша"},{"$i":"month-11-genitive","$v":"Желтоқсан"},{"$i":"month-0-short","$v":"Қаң"},{"$i":"month-1-short","$v":"Ақп"},{"$i":"month-2-short","$v":"Нау"},{"$i":"month-3-short","$v":"Сәу"},{"$i":"month-4-short","$v":"Мам"},{"$i":"month-5-short","$v":"Мау"},{"$i":"month-6-short","$v":"Шілде"},{"$i":"month-7-short","$v":"Там"},{"$i":"month-8-short","$v":"Қыр"},{"$i":"month-9-short","$v":"Қаз"},{"$i":"month-10-short","$v":"Қар"},{"$i":"month-11-short","$v":"Жел"},{"$i":"minutes-ago-long","$v":{"few":[{"t":"idOrVar","v":"value"}," минут бұрын"],"many":[{"t":"idOrVar","v":"value"}," минут бұрын"],"one":"бір минут бұрын","other":[{"t":"idOrVar","v":"value"}," минут бұрын"],"two":[{"t":"idOrVar","v":"value"}," минут бұрын"],"zero":"қазір ғана"},"$x":[{"t":"idOrVar","v":"plural"},"value"]},{"$i":"hours-ago-long","$v":{"few":[{"t":"idOrVar","v":"value"}," сағат бұрын"],"many":[{"t":"idOrVar","v":"value"}," сағат бұрын"],"one":"бір сағат бұрын","other":[{"t":"idOrVar","v":"value"}," сағат бұрын"],"two":[{"t":"idOrVar","v":"value"}," сағат бұрын"],"zero":"қазір ғана"},"$x":[{"t":"idOrVar","v":"plural"},"value"]},{"$i":"days-ago-long","$v":{"few":[{"t":"idOrVar","v":"value"}," күн бұрын"],"many":[{"t":"idOrVar","v":"value"}," күн бұрын"],"one":"кеше","other":[{"t":"idOrVar","v":"value"}," күн бұрын"],"two":[{"t":"idOrVar","v":"value"}," күн бұрын"],"zero":"бүгін"},"$x":[{"t":"idOrVar","v":"plural"},"value"]},{"$i":"weeks-ago-long","$v":{"few":[{"t":"idOrVar","v":"value"}," апта бұрын"],"many":[{"t":"idOrVar","v":"value"}," апта бұрын"],"one":"өткен апта","other":[{"t":"idOrVar","v":"value"}," апта бұрын"],"two":[{"t":"idOrVar","v":"value"}," апта бұрын"],"zero":"осы апта"},"$x":[{"t":"idOrVar","v":"plural"},"value"]},{"$i":"months-ago-long","$v":{"few":[{"t":"idOrVar","v":"value"}," ай бұрын"],"many":[{"t":"idOrVar","v":"value"}," ай бұрын"],"one":"өткен ай","other":[{"t":"idOrVar","v":"value"}," ай бұрын"],"two":[{"t":"idOrVar","v":"value"}," ай бұрын"],"zero":"осы ай"},"$x":[{"t":"idOrVar","v":"plural"},"value"]},{"$i":"years-ago-long","$v":{"few":[{"t":"idOrVar","v":"value"}," жыл бұрын"],"many":[{"t":"idOrVar","v":"value"}," жыл бұрын"],"one":"өткен жыл","other":[{"t":"idOrVar","v":"value"}," жыл бұрын"],"two":[{"t":"idOrVar","v":"value"}," жыл бұрын"],"zero":"осы жыл"},"$x":[{"t":"idOrVar","v":"plural"},"value"]},{"$i":"minutes-until-long","$v":{"few":[{"t":"idOrVar","v":"value"}," минутта"],"many":[{"t":"idOrVar","v":"value"}," минутта"],"one":"бір минутта","other":[{"t":"idOrVar","v":"value"}," минутта"],"two":[{"t":"idOrVar","v":"value"}," минутта"],"zero":"қазір"},"$x":[{"t":"idOrVar","v":"plural"},"value"]},{"$i":"hours-until-long","$v":{"few":[{"t":"idOrVar","v":"value"}," сағатта"],"many":[{"t":"idOrVar","v":"value"}," сағатта"],"one":"бір сағатта","other":[{"t":"idOrVar","v":"value"}," сағатта"],"two":[{"t":"idOrVar","v":"value"}," сағатта"],"zero":"қазір"},"$x":[{"t":"idOrVar","v":"plural"},"value"]},{"$i":"days-until-long","$v":{"few":[{"t":"idOrVar","v":"value"}," күнде"],"many":[{"t":"idOrVar","v":"value"}," күнде"],"one":"ертең","other":[{"t":"idOrVar","v":"value"}," күнде"],"two":[{"t":"idOrVar","v":"value"}," күнде"],"zero":"бүгін"},"$x":[{"t":"idOrVar","v":"plural"},"value"]},{"$i":"weeks-until-long","$v":{"few":[{"t":"idOrVar","v":"value"}," аптада"],"many":[{"t":"idOrVar","v":"value"}," аптада"],"one":"келесі апта","other":[{"t":"idOrVar","v":"value"}," аптада"],"two":[{"t":"idOrVar","v":"value"}," аптада"],"zero":"осы апта"},"$x":[{"t":"idOrVar","v":"plural"},"value"]},{"$i":"months-until-long","$v":{"few":[{"t":"idOrVar","v":"value"}," айда"],"many":[{"t":"idOrVar","v":"value"}," айда"],"one":"келесі ай","other":[{"t":"idOrVar","v":"value"}," айда"],"two":[{"t":"idOrVar","v":"value"}," айда"],"zero":"осы ай"},"$x":[{"t":"idOrVar","v":"plural"},"value"]},{"$i":"years-until-long","$v":{"few":[{"t":"idOrVar","v":"value"}," жылда"],"many":[{"t":"idOrVar","v":"value"}," жылда"],"one":"келесі жыл","other":[{"t":"idOrVar","v":"value"}," жылда"],"two":[{"t":"idOrVar","v":"value"}," жылда"],"zero":"осы жыл"},"$x":[{"t":"idOrVar","v":"plural"},"value"]},{"$i":"minutes-ago-short","$v":{"other":[{"t":"idOrVar","v":"value"}," минут бұрын"],"zero":"қазір ғана"},"$x":[{"t":"idOrVar","v":"plural"},"value"]},{"$i":"hours-ago-short","$v":{"other":[{"t":"idOrVar","v":"value"}," сағат бұрын"],"zero":"қазір ғана"},"$x":[{"t":"idOrVar","v":"plural"},"value"]},{"$i":"days-ago-short","$v":{"other":[{"t":"idOrVar","v":"value"}," күн бұрын"],"zero":"бүгін"},"$x":[{"t":"idOrVar","v":"plural"},"value"]},{"$i":"minutes-until-short","$v":{"other":[{"t":"idOrVar","v":"value"}," минутта"],"zero":"қазір"},"$x":[{"t":"idOrVar","v":"plural"},"value"]},{"$i":"hours-until-short","$v":{"other":[{"t":"idOrVar","v":"value"}," сағатта"],"zero":"қазір"},"$x":[{"t":"idOrVar","v":"plural"},"value"]},{"$i":"days-until-short","$v":{"other":[{"t":"idOrVar","v":"value"}," күнде"],"zero":"бүгін"},"$x":[{"t":"idOrVar","v":"plural"},"value"]},{"$i":"incorrectDate","$v":"(дұрыс емес күн)"},{"$i":"dateTimeFormat_%c","$v":"%a %b %e %Y %I:%M:%S %p"},{"$i":"dateTimeFormat_%x","$v":"%m/%d/%Y"},{"$i":"dateTimeFormat_%X","$v":"%I:%M:%S %p"},{"$i":"shortTimeFormat","$v":"%I:%M %p"},{"$i":"shortTimeFormat12","$v":"%I:%M %p"},{"$i":"shortTimeFormat24","$v":"%H:%M"},{"$i":"shortDateTimeFormat","$v":"%x %I:%M %p"},{"$i":"weekStartsOnMonday","$v":"0.0"},{"$i":"firstDayOfTheWeek","$v":"1.0"},{"$i":"softkey-options","$v":"Опциялар"}]