[{"$i":"select","$v":"ជ្រើស"},{"$i":"deselect","$v":"ដក​ការជ្រើស"},{"$i":"kai-select","$v":"ជ្រើស"},{"$i":"invalid-image","$v":"រូបភាព​មិន​ត្រឹមត្រូវ"},{"$i":"image-too-big","$v":"ទំហំ​ឯកសារ​រូបភាព​ធំ​ពេក បង្ហាញ​លើ​វិចិត្រសាល​មិន​បាន​ទេ"},{"$i":"kai-selected-items-count","$v":["បាន​ជ្រើស ",{"t":"idOrVar","v":"n"}]},{"$i":"delete-photo?","$v":"លុប​រូប​ថត​ឬ?"},{"$i":"delete-video?","$v":"លុប​វីដេអូ​ឬ?"},{"$i":"deleting","$v":"កំពុង​លុប…"},{"$i":"delete-n-items?","$v":{"few":["លុប ",{"t":"idOrVar","v":"n"}," ធាតុ​ឬ?"],"many":["លុប ",{"t":"idOrVar","v":"n"}," ធាតុ​ឬ?"],"one":"លុប​ធាតុ​ដែល​បាន​ជ្រើស​ឬ?","other":["លុប ",{"t":"idOrVar","v":"n"}," ធាតុ​ឬ?"],"two":["លុប ",{"t":"idOrVar","v":"n"}," ធាតុ​ឬ?"],"zero":"មិន​បាន​ជ្រើសរើស​អ្វី​ទេ"},"$x":[{"t":"idOrVar","v":"plural"},"n"]},{"$i":"kai-contact-set-ok","$v":"បាន​បន្ថែម​រូប​ទំនាក់ទំនង"},{"$i":"kai-contact-set-fail","$v":"កំណត់​រូបភាព​ទំនាក់ទំនង​មិន​បាន​សម្រេច"},{"$i":"kai-exposure-done","$v":"បាន​ប្រើ​ដំណើរការ​ចាប់​រូបភាព"},{"$i":"kai-rotation-done","$v":"បាន​ប្រើ​ការបង្វិល"},{"$i":"kai-crop-done","$v":"បាន​ច្រឹប​រូបភាព"},{"$i":"kai-filters-done","$v":"បាន​ប្រើ​តម្រង"},{"$i":"kai-autocorrection-done","$v":"ប្រើ​ការកែ​តម្រូវ​ស្វ័យ​ប្រវត្តិ"},{"$i":"kai-changes-saved","$v":"បាន​រក្សា​ទុក​ការផ្លាស់​ប្ដូរ"},{"$i":"wallpaper-set","$v":"បណ្ដុំ​រូប​ផ្ទៃ​អេក្រង់"},{"$i":"kai-single-image-locked","$v":"បាន​ចាក់​សោ​រូបភាព​ដែល​ជ្រើស"},{"$i":"kai-single-image-unlocked","$v":"បាន​ដោះ​សោ​រូបភាព​ដែល​ជ្រើស"},{"$i":"kai-single-image-deleted","$v":"បាន​លុប​រូប​ថត។"},{"$i":"kai-multiple-images-locked","$v":{"one":[{"t":"idOrVar","v":"n"}," រូបថតជាប់សោ"],"other":[{"t":"idOrVar","v":"n"}," រូបថតជាប់សោ"],"zero":"គ្មានរូបថតជាប់សោទេ"},"$x":[{"t":"idOrVar","v":"plural"},"n"]},{"$i":"kai-multiple-images-unlocked","$v":{"one":[{"t":"idOrVar","v":"n"}," រូបថតបានដោះសោ"],"other":[{"t":"idOrVar","v":"n"}," រូបថតបានដោះសោ"],"zero":"គ្មានរូបថតដែលបានដោះសោទេ"},"$x":[{"t":"idOrVar","v":"plural"},"n"]},{"$i":"kai-deleted-n-photos","$v":{"one":["បាន​លុប​រូប​ថត ",{"t":"idOrVar","v":"n"}],"other":["បាន​លុប​រូប​ថត ",{"t":"idOrVar","v":"n"}],"zero":"មិន​បាន​លុប​រូប​ថត​ទេ"},"$x":[{"t":"idOrVar","v":"plural"},"n"]},{"$i":"kai-some-photos-not-share","$v":"មិន​អាច​ចែក​រំលែក​រូបថត​មួយ​ចំនួន​បាន​ទេ"},{"$i":"kai-some-photos-not-delete","$v":"មិន​អាច​លុប​រូបថត​មួយ​ចំនួន​បាន​ទេ"},{"$i":"kai-some-photos-not-lock","$v":"មិន​អាច​ចាក់សោ​រូបថត​មួយ​ចំនួន​បាន​ទេ"},{"$i":"kai-undo","$v":"ត្រឡប់​វិញ"},{"$i":"pickoneimage2","$v":"ជ្រើស"},{"$i":"cropimage","$v":"ច្រឹប"},{"$i":"kai-on","$v":"បើក"},{"$i":"kai-off","$v":"បិទ"},{"$i":"cancel","$v":"បោះ​បង់"},{"$i":"delete","$v":"លុប"},{"$i":"ok","$v":"យល់​ព្រម"},{"$i":"edit","$v":"កែ​សម្រួល"},{"$i":"revert","$v":"ប្ដូរ​ត្រឡប់"},{"$i":"save","$v":"រក្សា​ទុក"},{"$i":"done","$v":"រួច​រាល់"},{"$i":"exposure","$v":"ដំណើរការ​ចាប់​រូបភាព"},{"$i":"crop","$v":"ច្រឹប"},{"$i":"effects","$v":"បែបផែន"},{"$i":"borders","$v":"ស៊ុម​ជុំវិញ"},{"$i":"enhance-on","$v":"ការលើក​កម្ពស់​ស្វ័យ​ប្រវត្តិ​បើក"},{"$i":"enhance-off","$v":"ការលើក​កម្ពស់​ស្វ័យ​ប្រវត្តិ​បិទ"},{"$i":"kai-set","$v":"កំណត់"},{"$i":"kai-options","$v":"ជម្រើស"},{"$i":"kai-select-all","$v":"ជ្រើស​ទាំង​អស់"},{"$i":"kai-deselect-all","$v":"ដក​ការជ្រើស​ទាំង​អស់"},{"$i":"kai-lock","$v":"ចាក់​សោ"},{"$i":"kai-unlock","$v":"ដោះ​សោ"},{"$i":"kai-rename","$v":"ប្ដូរ​ឈ្មោះ"},{"$i":"kai-rotate","$v":"បង្វិល"},{"$i":"kai-share","$v":"ចែក​រំលែក"},{"$i":"kai-settings","$v":"ការកំណត់"},{"$i":"kai-set-as","$v":"កំណត់​ជា"},{"$i":"set-as-wallpaper","$v":"កំណត់​ជា​រូប​ផ្ទៃ​អេក្រង់"},{"$i":"kai-wallpaper","$v":"រូប​ផ្ទៃ​អេក្រង់"},{"$i":"kai-existing-contact-image","$v":"រូបភាព​សម្រាប់​ទំនាក់ទំនង​មាន​ស្រាប់"},{"$i":"kai-zoom","$v":"ពង្រីក​បង្រួម"},{"$i":"kai-zoom-in","$v":"ពង្រីក"},{"$i":"kai-zoom-out","$v":"បង្រួម"},{"$i":"kai-file-info","$v":"ព័ត៌មាន​ឯកសារ"},{"$i":"kai-select-multiple","$v":"ជ្រើស​ច្រើន"},{"$i":"kai-invalid-name","$v":"ឈ្មោះ​មិន​ត្រឹមត្រូវ"},{"$i":"kai-name-already-exists","$v":"ឈ្មោះ​នេះ​មាន​រួច​ហើយ"},{"$i":"kai-override-warning-msg","$v":"តើ​អ្នក​ចង់​លុប​លើ​រូបភាព​មាន​ស្រាប់​ទេ?"},{"$i":"kai-override","$v":"លុប​លើ"},{"$i":"kai-edit-title","$v":"កែ​សម្រួល​រូបភាព"},{"$i":"kai-edit-exposure","$v":"ដំណើរការ​ចាប់​រូបភាព"},{"$i":"kai-edit-crop","$v":"ច្រឹប"},{"$i":"kai-edit-rotate","$v":"បង្វិល"},{"$i":"kai-edit-filters","$v":"តម្រង"},{"$i":"kai-edit-auto-correct","$v":"ការកែ​តម្រូវ​ស្វ័យ​ប្រវត្តិ"},{"$i":"edit-exposure","ariaLabel":"ដំណើរការ​ចាប់​រូបភាព"},{"$i":"edit-crop","ariaLabel":"ច្រឹប"},{"$i":"edit-rotate","ariaLabel":"បង្វិល"},{"$i":"edit-filters","ariaLabel":"តម្រង"},{"$i":"edit-auto-correct","ariaLabel":"ការកែ​តម្រូវ​ស្វ័យ​ប្រវត្តិ"},{"$i":"kai-crop-none","$v":"ត្រឡប់​ការច្រឹប​វិញ"},{"$i":"kai-crop-aspect-free","$v":"លំនាំ​ដើម"},{"$i":"kai-crop-aspect-portrait","$v":"2:3"},{"$i":"kai-crop-aspect-landscape","$v":"3:2"},{"$i":"kai-crop-aspect-square","$v":"1:1"},{"$i":"crop-none","ariaLabel":"ត្រឡប់​ការច្រឹប​វិញ"},{"$i":"crop-aspect-free","ariaLabel":"លំនាំ​ដើម"},{"$i":"crop-aspect-portrait","ariaLabel":"2:3"},{"$i":"crop-aspect-landscape","ariaLabel":"3:2"},{"$i":"crop-aspect-square","ariaLabel":"1:1"},{"$i":"edit-filters-none","ariaLabel":"តម្រង​ទី 1"},{"$i":"edit-filters-bw","ariaLabel":"តម្រង​ទី 2"},{"$i":"edit-filters-sepia","ariaLabel":"តម្រង​ទី 3"},{"$i":"edit-filters-bluesteel","ariaLabel":"តម្រង​ទី 4"},{"$i":"edit-filters-faded","ariaLabel":"តម្រង​ទី 5"},{"$i":"kai-rotate-cw","$v":"តាម​ទិស​នាឡិកា"},{"$i":"kai-rotate-ccw","$v":"ផ្ទុយ​ទិស​នាឡិកា"},{"$i":"original","$v":"ដើម"},{"$i":"blackandwhite","$v":"ស​ខ្មៅ"},{"$i":"sepia","$v":"ត្នោត​ភ្លាវ"},{"$i":"freeform","$v":"ទម្រង់​សេរី"},{"$i":"portrait","$v":"បញ្ឈរ"},{"$i":"landscape","$v":"ផ្ដេក"},{"$i":"square","$v":"ការេ"},{"$i":"emptygallery2-title","$v":"គ្មាន​រូបថត ឬ​វីដេអូ​ទេ"},{"$i":"emptygallery2-text","$v":"វិចិត្រ​សារ​ទទេ។ ប្រើ​ម៉ាស៊ីន​ថត​រូប​ដើម្បី​ចាប់​ផ្ដើម។"},{"$i":"emptygallery2-title-pick","$v":"គ្មាន​រូប​ថត"},{"$i":"emptygallery-text-pick","$v":"គ្មាន​រូប​ថត​ដែល​អាច​រក​បាន​ទេ។"},{"$i":"nocard3-title","$v":"គ្មាន​កាត​អង្គ​ចង​ចាំ​ទេ"},{"$i":"nocard4-text","$v":"ស៊ក​បញ្ចូល​កាត​អង្គ​ចងចាំ​សម្រាប់​ប្រើ​កម្មវិធី​នេះ។"},{"$i":"pluggedin2-title","$v":"កាត​អង្គ​ចង​ចាំ​កំពុង​ជាប់​ប្រើ"},{"$i":"pluggedin2-text","$v":"ឧបករណ៍​ផ្ទុក​ពេញ។ សូម​ដក​ទូរស័ព្ទ​ដើម្បី​ប្រើ​កម្មវិធី​នេះ។"},{"$i":"scanning-title","$v":"កំពុង​ស្កេន"},{"$i":"scanning-text","$v":"កំពុង​ស្កេន​រក​រូប​ថត ..."},{"$i":"upgrade-title","$v":"ការដំឡើង​កំណែ​ឃ្លាំង​ទិន្នន័យ"},{"$i":"upgrade-text","$v":"សូម​រង់ចាំ ពេល​វិចិត្រ​សាល​អាប់ដេត​ឃ្លាំង​ទិន្នន័យ។"},{"$i":"share-noprovider","$v":"មិន​អាច​ចែក​រំលែក​ប្រភេទ​ឯកសារ​រូប​នេះ​ទេ។"},{"$i":"memorycardfull","$v":"ឧបករណ៍​ផ្ទុក​ពេញ។ មិន​អាច​កែ​រូប​ថត​ទេ។"},{"$i":"imagetoobig","$v":"រូបភាព​ធំ​ពេក បង្ហាញ​លើ​ឧបករណ៍​នេះ​មិន​បាន​ទេ។"},{"$i":"imageinvalid","$v":"រូបភាព​មិន​ត្រឹមត្រូវ ឬ​ខូច និង​មិន​អាច​បង្ហាញ​បាន។"},{"$i":"saved","$v":["បាន​រក្សា​ទុក ",{"t":"idOrVar","v":"filename"}," ចូល​វិចិត្រសាល"]},{"$i":"edit-copy-saved","$v":"បាន​ទុក​ការ​ចម្លង​ថ្មី។"},{"$i":"overlay-camera-button","$v":"ទៅ​​កាន់​ម៉ាស៊ីន​ថត​រូប"},{"$i":"name-label","$v":"ឈ្មោះ"},{"$i":"size-label","$v":"ទំហំ"},{"$i":"image-type-label","$v":"ប្រភេទ​រូបភាព"},{"$i":"kai-date-and-time-label","$v":"ថ្ងៃ និង​ម៉ោង​ពេល"},{"$i":"date-taken-label","$v":"កាល​បរិច្ឆេទ​ថត"},{"$i":"resolution-label","$v":"រីសូលូសុន"},{"$i":"close-button","$v":"បិទ"},{"$i":"path-label","$v":"លុបទាំងអស់"},{"$i":"sd-card","$v":"កាត SD"},{"$i":"internal","$v":"ខាង​ក្នុង"},{"$i":"byteUnit-B","$v":"បៃ"},{"$i":"byteUnit-KB","$v":"គ.ប"},{"$i":"byteUnit-MB","$v":"ម.ប"},{"$i":"byteUnit-GB","$v":"ជ.ប"},{"$i":"gallery","$v":"វិចិត្រ​សាល"},{"$i":"preview","$v":"ការមើល​មុន"},{"$i":"kai-confirmation","$v":"ការបញ្ជាក់"},{"$i":"kai-delete-this-image","$v":"លុប​រូប​ថត​ឬ?"},{"$i":"kai-delete-selected-image","$v":"លុប​រូប​ថត​ដែល​បាន​ជ្រើស​ឬ?"},{"$i":"kai-delete-selected-images","$v":"លុប​រូប​ថត​ដែល​បាន​ជ្រើស​ឬ?"},{"$i":"kai-sort-by","$v":"តម្រៀប​តាម"},{"$i":"kai-group-by-date-and-location","$v":"ផ្ដុំ​តាម​កាល​បរិច្ឆេទ"},{"$i":"kai-error","$v":"មាន​បញ្ហា"},{"$i":"kai-error-delete-locked-image","$v":"រូបភាព​ដែល​ជ្រើស​ត្រូវ​បាន​ចាក់​សោ និង​មិន​អាច​លុប​បាន​ទេ!"},{"$i":"kai-error-delete-locked-images","$v":"រូបភាព​ដែល​ជ្រើស​មាន​រូបភាព​ដែល​ជាប់​សោ និង​មិន​អាច​លុប​បាន​ទេ!"},{"$i":"kai-enter-new-name","$v":"បញ្ចូល​ឈ្មោះ​ថ្មី"},{"$i":"sort-and-group","$v":"តម្រៀប និង​ផ្ដុំ​តាម​ក្រុម"},{"$i":"time_am","$v":"ព្រឹក"},{"$i":"time_pm","$v":"រសៀល"},{"$i":"date-group-header","$v":"%B %Y"},{"$i":"videoDescriptionShort","$v":"កាល​បរិច្ឆេទ​វីដេអូ %I៖%M %p, %B %e, %Y"},{"$i":"imageDescriptionShort","$v":"កាល​បរិច្ឆេទ​រូបភាព %I៖%M %p, %B %e, %Y"},{"$i":"editImagePreview","ariaLabel":"កែ​សម្រួល​ការមើល​រូបភាព​មុន"},{"$i":"kai-pickoneimage","$v":"ជ្រើស​រូប​ថត"},{"$i":"discard-changes-warning","$v":"ការផ្លាស់​ប្ដូរ​ទាំង​អស់​នឹង​ត្រូវ​បាត់​បង់។ តើ​អ្នក​ចង់​បោះបង់​ការផ្លាស់​ប្ដូរ​ទេ?"},{"$i":"save-changes-warning","$v":"ការផ្លាស់​ប្ដូរ​ទាំង​អស់​នឹង​ត្រូវ​បាត់​បង់។ តើ​អ្នក​ចង់​រក្សា​ទុក​ការផ្លាស់​ប្ដូរ​ទេ?"},{"$i":"discard","$v":"ចោល"},{"$i":"camera","$v":"ម៉ាស៊ីន​ថត​រូប"},{"$i":"phone-is-full-title","$v":"ទូរសព្ទ​អស់​ទំហំ​ផ្ទុក​ទំនេរ"},{"$i":"sd-card-is-full-title","$v":"កាត SD ពេញ។"},{"$i":"phone-is-full-content","$v":"លុប​ឯកសារ​មេឌៀ ឬ​ទិន្នន័យ​កម្មវិធី ដើម្បី​បង្កើន​ទំហំ​ផ្ទុក​ទំនេរ។ អ្នក​ក៏​អាច​ស៊ក​បញ្ចូល​កាត SD ដើម្បី​បង្កើន​ទំហំ​ផ្ទុក​មេឌៀ​ផងដែរ។"},{"$i":"sd-card-is-full-content","$v":"លុប​ឯកសារ​ក្នុង​កាត SD ដើម្បី​បង្កើន​ទំហំ​ផ្ទុក​ទំនេរ។"},{"$i":"imageDescription","$v":["រូបភាព ",{"t":"idOrVar","v":"orientation"}," %I:%M %p, %B %e, %Y"]},{"$i":"imageDescriptionNoTimestamp","$v":["រូបភាព ",{"t":"idOrVar","v":"orientation"}]},{"$i":"videoDescription","$v":["វីដេអូ ",{"t":"idOrVar","v":"orientation"}," %I:%M %p, %B %e, %Y"]},{"$i":"videoDescriptionNoTimestamp","$v":["វីដេអូ ",{"t":"idOrVar","v":"orientation"}]},{"$i":"orientationPortrait","$v":"បញ្ឈរ"},{"$i":"orientationLandscape","$v":"ផ្ដេក"},{"$i":"playbackPlay","ariaLabel":"ចាក់"},{"$i":"playbackPause","ariaLabel":"ផ្អាក"},{"$i":"playbackNext","ariaLabel":"បន្ទាប់"},{"$i":"playbackPrevious","ariaLabel":"ពី​មុន"},{"$i":"playbackFullscreen","ariaLabel":"អេក្រង់​ពេញ"},{"$i":"playbackSeekBar","ariaLabel":["របារ​រក រយៈ​ពេល ",{"t":"idOrVar","v":"duration"}]},{"$i":"weekday-0-long","$v":"អាទិត្យ"},{"$i":"weekday-1-long","$v":"ចន្ទ"},{"$i":"weekday-2-long","$v":"អង្គារ"},{"$i":"weekday-3-long","$v":"ពុធ"},{"$i":"weekday-4-long","$v":"ព្រហស្បតិ៍"},{"$i":"weekday-5-long","$v":"សុក្រ"},{"$i":"weekday-6-long","$v":"សៅរ៍"},{"$i":"weekday-0-short","$v":"អា"},{"$i":"weekday-1-short","$v":"ច"},{"$i":"weekday-2-short","$v":"អ"},{"$i":"weekday-3-short","$v":"ពុ"},{"$i":"weekday-4-short","$v":"ព្រ"},{"$i":"weekday-5-short","$v":"សុ"},{"$i":"weekday-6-short","$v":"ស"},{"$i":"month-0-long","$v":"មករា"},{"$i":"month-1-long","$v":"កុម្ភៈ"},{"$i":"month-2-long","$v":"មីនា"},{"$i":"month-3-long","$v":"មេសា"},{"$i":"month-4-long","$v":"ឧសភា"},{"$i":"month-5-long","$v":"មិថុនា"},{"$i":"month-6-long","$v":"កក្កដា"},{"$i":"month-7-long","$v":"សីហា"},{"$i":"month-8-long","$v":"កញ្ញា"},{"$i":"month-9-long","$v":"តុលា"},{"$i":"month-10-long","$v":"វិច្ឆិកា"},{"$i":"month-11-long","$v":"ធ្នូ"},{"$i":"month-0-genitive","$v":"មករា"},{"$i":"month-1-genitive","$v":"កុម្ភៈ"},{"$i":"month-2-genitive","$v":"មីនា"},{"$i":"month-3-genitive","$v":"មេសា"},{"$i":"month-4-genitive","$v":"ឧសភា"},{"$i":"month-5-genitive","$v":"មិថុនា"},{"$i":"month-6-genitive","$v":"កក្កដា"},{"$i":"month-7-genitive","$v":"សីហា"},{"$i":"month-8-genitive","$v":"កញ្ញា"},{"$i":"month-9-genitive","$v":"តុលា"},{"$i":"month-10-genitive","$v":"វិច្ឆិកា"},{"$i":"month-11-genitive","$v":"ធ្នូ"},{"$i":"month-0-short","$v":"មករា"},{"$i":"month-1-short","$v":"កុម្ភៈ"},{"$i":"month-2-short","$v":"មីនា"},{"$i":"month-3-short","$v":"មេសា"},{"$i":"month-4-short","$v":"ឧសភា"},{"$i":"month-5-short","$v":"មិថុនា"},{"$i":"month-6-short","$v":"កក្កដា"},{"$i":"month-7-short","$v":"សីហា"},{"$i":"month-8-short","$v":"កញ្ញា"},{"$i":"month-9-short","$v":"តុលា"},{"$i":"month-10-short","$v":"វិច្ឆិកា"},{"$i":"month-11-short","$v":"ធ្នូ"},{"$i":"minutes-ago-long","$v":{"few":[{"t":"idOrVar","v":"value"}," នាទី​មុន"],"many":[{"t":"idOrVar","v":"value"}," នាទី​មុន"],"one":"មួយ​នាទី​មុន","other":[{"t":"idOrVar","v":"value"}," នាទី​មុន"],"two":[{"t":"idOrVar","v":"value"}," នាទី​មុន"],"zero":"អម្បាញ់​មិញ"},"$x":[{"t":"idOrVar","v":"plural"},"value"]},{"$i":"hours-ago-long","$v":{"few":[{"t":"idOrVar","v":"value"}," ម៉ោង​មុន"],"many":[{"t":"idOrVar","v":"value"}," ម៉ោង​មុន"],"one":"មួយ​ម៉ោង​មុន","other":[{"t":"idOrVar","v":"value"}," ម៉ោង​មុន"],"two":[{"t":"idOrVar","v":"value"}," ម៉ោង​មុន"],"zero":"អម្បាញ់​មិញ"},"$x":[{"t":"idOrVar","v":"plural"},"value"]},{"$i":"days-ago-long","$v":{"few":[{"t":"idOrVar","v":"value"}," ថ្ងៃ​មុន"],"many":[{"t":"idOrVar","v":"value"}," ថ្ងៃ​មុន"],"one":"ម្សិល​មិញ","other":[{"t":"idOrVar","v":"value"}," ថ្ងៃ​មុន"],"two":[{"t":"idOrVar","v":"value"}," ថ្ងៃ​មុន"],"zero":"ថ្ងៃ​នេះ"},"$x":[{"t":"idOrVar","v":"plural"},"value"]},{"$i":"weeks-ago-long","$v":{"few":[{"t":"idOrVar","v":"value"}," សប្ដាហ៍​មុន"],"many":[{"t":"idOrVar","v":"value"}," សប្ដាហ៍​មុន"],"one":"សប្ដាហ៍​មុន","other":[{"t":"idOrVar","v":"value"}," សប្ដាហ៍​មុន"],"two":[{"t":"idOrVar","v":"value"}," សប្ដាហ៍​មុន"],"zero":"សប្ដាហ៍​នេះ"},"$x":[{"t":"idOrVar","v":"plural"},"value"]},{"$i":"months-ago-long","$v":{"few":[{"t":"idOrVar","v":"value"}," ខែ​មុន"],"many":[{"t":"idOrVar","v":"value"}," ខែ​មុន"],"one":"ខែ​មុន","other":[{"t":"idOrVar","v":"value"}," ខែ​មុន"],"two":[{"t":"idOrVar","v":"value"}," ខែ​មុន"],"zero":"ខែ​នេះ"},"$x":[{"t":"idOrVar","v":"plural"},"value"]},{"$i":"years-ago-long","$v":{"few":[{"t":"idOrVar","v":"value"}," ឆ្នាំ​មុន"],"many":[{"t":"idOrVar","v":"value"}," ឆ្នាំ​មុន"],"one":"ឆ្នាំ​មុន","other":[{"t":"idOrVar","v":"value"}," ឆ្នាំ​មុន"],"two":[{"t":"idOrVar","v":"value"}," ឆ្នាំ​មុន"],"zero":"ឆ្នាំ​នេះ"},"$x":[{"t":"idOrVar","v":"plural"},"value"]},{"$i":"minutes-until-long","$v":{"few":["ក្នុង​ពេល ",{"t":"idOrVar","v":"value"}," នាទី"],"many":["ក្នុង​ពេល ",{"t":"idOrVar","v":"value"}," នាទី"],"one":"ក្នុង​ពេល​មួយ​នាទី","other":["ក្នុង​ពេល ",{"t":"idOrVar","v":"value"}," នាទី"],"two":["ក្នុង​ពេល ",{"t":"idOrVar","v":"value"}," នាទី"],"zero":"ឥឡូវ"},"$x":[{"t":"idOrVar","v":"plural"},"value"]},{"$i":"hours-until-long","$v":{"few":["ក្នុង​ពេល ",{"t":"idOrVar","v":"value"}," ម៉ោង"],"many":["ក្នុង​ពេល ",{"t":"idOrVar","v":"value"}," ម៉ោង"],"one":"ក្នុង​ពេល​មួយ​ម៉ោង","other":["ក្នុង​ពេល ",{"t":"idOrVar","v":"value"}," ម៉ោង"],"two":["ក្នុង​ពេល ",{"t":"idOrVar","v":"value"}," ម៉ោង"],"zero":"ឥឡូវ"},"$x":[{"t":"idOrVar","v":"plural"},"value"]},{"$i":"days-until-long","$v":{"few":["ក្នុង​ពេល ",{"t":"idOrVar","v":"value"}," ថ្ងៃ"],"many":["ក្នុង​ពេល ",{"t":"idOrVar","v":"value"}," ថ្ងៃ"],"one":"ស្អែក","other":["ក្នុង​ពេល ",{"t":"idOrVar","v":"value"}," ថ្ងៃ"],"two":["ក្នុង​ពេល ",{"t":"idOrVar","v":"value"}," ថ្ងៃ"],"zero":"ថ្ងៃ​នេះ"},"$x":[{"t":"idOrVar","v":"plural"},"value"]},{"$i":"weeks-until-long","$v":{"few":["ក្នុង​ពេល ",{"t":"idOrVar","v":"value"}," សប្ដាហ៍"],"many":["ក្នុង​ពេល ",{"t":"idOrVar","v":"value"}," សប្ដាហ៍"],"one":"សប្ដាហ៍​ក្រោយ","other":["ក្នុង​ពេល ",{"t":"idOrVar","v":"value"}," សប្ដាហ៍"],"two":["ក្នុង​ពេល ",{"t":"idOrVar","v":"value"}," សប្ដាហ៍"],"zero":"សប្ដាហ៍​នេះ"},"$x":[{"t":"idOrVar","v":"plural"},"value"]},{"$i":"months-until-long","$v":{"few":["ក្នុង​ពេល ",{"t":"idOrVar","v":"value"}," ខែ"],"many":["ក្នុង​ពេល ",{"t":"idOrVar","v":"value"}," ខែ"],"one":"ខែ​ក្រោយ","other":["ក្នុង​ពេល ",{"t":"idOrVar","v":"value"}," ខែ"],"two":["ក្នុង​ពេល ",{"t":"idOrVar","v":"value"}," ខែ"],"zero":"ខែ​នេះ"},"$x":[{"t":"idOrVar","v":"plural"},"value"]},{"$i":"years-until-long","$v":{"few":["ក្នុង​ពេល ",{"t":"idOrVar","v":"value"}," ឆ្នាំ"],"many":["ក្នុង​ពេល ",{"t":"idOrVar","v":"value"}," ឆ្នាំ"],"one":"ឆ្នាំ​ក្រោយ","other":["ក្នុង​ពេល ",{"t":"idOrVar","v":"value"}," ឆ្នាំ"],"two":["ក្នុង​ពេល ",{"t":"idOrVar","v":"value"}," ឆ្នាំ"],"zero":"ឆ្នាំ​នេះ"},"$x":[{"t":"idOrVar","v":"plural"},"value"]},{"$i":"minutes-ago-short","$v":{"other":[{"t":"idOrVar","v":"value"}," នា. មុន"],"zero":"អម្បាញ់​មិញ"},"$x":[{"t":"idOrVar","v":"plural"},"value"]},{"$i":"hours-ago-short","$v":{"other":[{"t":"idOrVar","v":"value"}," ម៉. មុន"],"zero":"អម្បាញ់​មិញ"},"$x":[{"t":"idOrVar","v":"plural"},"value"]},{"$i":"days-ago-short","$v":{"other":[{"t":"idOrVar","v":"value"}," ថ្ងៃ​មុន"],"zero":"ថ្ងៃ​នេះ"},"$x":[{"t":"idOrVar","v":"plural"},"value"]},{"$i":"minutes-until-short","$v":{"other":["ក្នុង​ពេល ",{"t":"idOrVar","v":"value"}," នា"],"zero":"ឥឡូវ"},"$x":[{"t":"idOrVar","v":"plural"},"value"]},{"$i":"hours-until-short","$v":{"other":["ក្នុងពេល  ",{"t":"idOrVar","v":"value"}," ម៉"],"zero":"ឥឡូវ"},"$x":[{"t":"idOrVar","v":"plural"},"value"]},{"$i":"days-until-short","$v":{"other":["ក្នុង​ពេល ",{"t":"idOrVar","v":"value"}," ថ្ងៃ"],"zero":"ថ្ងៃ​នេះ"},"$x":[{"t":"idOrVar","v":"plural"},"value"]},{"$i":"incorrectDate","$v":"(កាល​បរិច្ឆេទ​ខុស)"},{"$i":"dateTimeFormat_%c","$v":"%a %b %e %Y %I:%M:%S %p"},{"$i":"dateTimeFormat_%x","$v":"%d/%m/%Y"},{"$i":"dateTimeFormat_%X","$v":"%I:%M:%S %p"},{"$i":"shortTimeFormat","$v":"%I:%M %p"},{"$i":"shortTimeFormat12","$v":"%I:%M %p"},{"$i":"shortTimeFormat24","$v":"%H:%M"},{"$i":"shortDateTimeFormat","$v":"%x %I:%M %p"},{"$i":"weekStartsOnMonday","$v":"0.0"},{"$i":"firstDayOfTheWeek","$v":"0.0"},{"$i":"softkey-options","$v":"ជម្រើស"}]