[{"$i":"select","$v":"ເລືອກ"},{"$i":"deselect","$v":"ຍົກເລີກການເລືອກ"},{"$i":"kai-select","$v":"ເລືອກ"},{"$i":"invalid-image","$v":"ຮູບພາບບໍ່ຖືກຕ້ອງ"},{"$i":"image-too-big","$v":"ຂະໜາດໄຟລ໌ພາຍໃຫຍ່ເກີນໄປ ທີ່ຈະສະແດງໃນຫ້ອງຮູບພາບ"},{"$i":"kai-selected-items-count","$v":[{"t":"idOrVar","v":"n"}," ລາຍການທີ່ເລືອກ"]},{"$i":"delete-photo?","$v":"ໃຫ້ລຶບຮູບພາບບໍ່?"},{"$i":"delete-video?","$v":"ໃຫ້ລຶບວິດີໂອບໍ່?"},{"$i":"deleting","$v":"ກຳລັງລຶບ…"},{"$i":"delete-n-items?","$v":{"few":["ລຶບ ",{"t":"idOrVar","v":"n"}," ອັນ?"],"many":["ລຶບ ",{"t":"idOrVar","v":"n"}," ອັນ?"],"one":"ລຶບລາຍການທີ່ເລືອກບໍ?","other":["ລຶບ ",{"t":"idOrVar","v":"n"}," ອັນ?"],"two":["ລຶບ ",{"t":"idOrVar","v":"n"}," ອັນ?"],"zero":"ຍັງບໍ່ມີຫຍັງຄັດເລືອກແລ້ວ"},"$x":[{"t":"idOrVar","v":"plural"},"n"]},{"$i":"kai-contact-set-ok","$v":"ເພີ່ມຮູບພາບຜູ່ຕິດຕໍ່ແລ້ວ"},{"$i":"kai-contact-set-fail","$v":"ການໃສ່ຮູບໃຫ້ ບັນຊີຊື່ ບໍ່ສຳເລັດ"},{"$i":"kai-exposure-done","$v":"ໄດ້ຈັດຄ່າຮູຮັບແສງ"},{"$i":"kai-rotation-done","$v":"ນຳໃຊ້ການປິ່ນ"},{"$i":"kai-crop-done","$v":"ພາບຖືກຕັດແລ້ວ"},{"$i":"kai-filters-done","$v":"ໃຊ້ການກັ່ນຕອງ"},{"$i":"kai-autocorrection-done","$v":"ໃຊ້ການແກ້ໄຂແບບອັດຕະໂນ ມັດແລ້ວ"},{"$i":"kai-changes-saved","$v":"ບັນທຶກການປ່ຽນແປງແລ້ວ"},{"$i":"wallpaper-set","$v":"ຕິດຕັ້ງເຈ້ຍແຜ່ນໃໝ່"},{"$i":"kai-single-image-locked","$v":"ລັອກຮູບພາບທີ່ເລືອກແລ້ວ"},{"$i":"kai-single-image-unlocked","$v":"ປົດລັອກຮູບພາບທີ່ເລືອກ ແລ້ວ"},{"$i":"kai-single-image-deleted","$v":"ລຶບຮູບພາບແລ້ວ"},{"$i":"kai-multiple-images-locked","$v":{"one":["ລັອກ ",{"t":"idOrVar","v":"n"}," ຮູບແລ້ວ"],"other":["ລັອກ ",{"t":"idOrVar","v":"n"}," ຮູບແລ້ວ"],"zero":"ບໍ່ໄດ້ລັອກຮູບ"},"$x":[{"t":"idOrVar","v":"plural"},"n"]},{"$i":"kai-multiple-images-unlocked","$v":{"one":["ປົດລັອກ ",{"t":"idOrVar","v":"n"}," ຮູບແລ້ວ"],"other":["ປົດລັອກ ",{"t":"idOrVar","v":"n"}," ຮູບແລ້ວ"],"zero":"ບໍ່ໄດ້ປົດລັອກຮູບ"},"$x":[{"t":"idOrVar","v":"plural"},"n"]},{"$i":"kai-deleted-n-photos","$v":{"one":["ລຶບ ",{"t":"idOrVar","v":"n"}," ຮູບແລ້ວ"],"other":["ລຶບ ",{"t":"idOrVar","v":"n"}," ຮູບແລ້ວ"],"zero":"ບໍ່ມີຮູບທີ່ຖືກລຶບ"},"$x":[{"t":"idOrVar","v":"plural"},"n"]},{"$i":"kai-some-photos-not-share","$v":"ບໍ່ສາມາດແບ່ງປັນບາງຮູບໄດ້"},{"$i":"kai-some-photos-not-delete","$v":"ບໍ່ສາມາດລຶບບາງຮູບໄດ້"},{"$i":"kai-some-photos-not-lock","$v":"ບໍ່ສາມາດລັອກບາງຮູບໄດ້"},{"$i":"kai-undo","$v":"ແກ້ໄຂຄືນໃໝ່"},{"$i":"pickoneimage2","$v":"ເລືອກ"},{"$i":"cropimage","$v":"ຕັດ"},{"$i":"kai-on","$v":"ເປີດ"},{"$i":"kai-off","$v":"ປິດ"},{"$i":"cancel","$v":"ຍົກເລີກ"},{"$i":"delete","$v":"ລົບ"},{"$i":"ok","$v":"ຕົກລົງ"},{"$i":"edit","$v":"ແກ້ໄຂ"},{"$i":"revert","$v":"ກັບຄືນ"},{"$i":"save","$v":"ບັນທຶກໄວ້"},{"$i":"done","$v":"ສຳເລັດ"},{"$i":"exposure","$v":"ຮູຮັບແສງ"},{"$i":"crop","$v":"ຕັດ"},{"$i":"effects","$v":"ຜົນກະທົບ"},{"$i":"borders","$v":"ຊາຍແດນ"},{"$i":"enhance-on","$v":"ເປີດການນຳເຂົ້າອັດຕະໂນມັດ"},{"$i":"enhance-off","$v":"ປິດການນຳເຂົ້າອັດຕະໂນມັດ"},{"$i":"kai-set","$v":"ຕັ້ງຄ່າ"},{"$i":"kai-options","$v":"ຕົວເລືອກ"},{"$i":"kai-select-all","$v":"ເລືອກທັງໝົດ"},{"$i":"kai-deselect-all","$v":"ຍົກເລີກທັງໝົດທີ່ໄດ້ເລືອກໄວ້"},{"$i":"kai-lock","$v":"ລັອກ"},{"$i":"kai-unlock","$v":"ປິດລ໋ອກ"},{"$i":"kai-rename","$v":"ປ່ຽນຊື່ໃໝ່"},{"$i":"kai-rotate","$v":"ປິ່ນ"},{"$i":"kai-share","$v":"ແຊຣ໌"},{"$i":"kai-settings","$v":"ການຕັ້ງຄ່າ"},{"$i":"kai-set-as","$v":"ຕັ້ງຄ່າເປັນ"},{"$i":"set-as-wallpaper","$v":"ຕັ້ງຄ່າວອລ໌ເປເປີ"},{"$i":"kai-wallpaper","$v":"ເຈ້ຍແຜ່ນ"},{"$i":"kai-existing-contact-image","$v":"ພາບສຳລັບລາຍຊື່ຕິດຕໍ່ທີ່ມີຢູ່"},{"$i":"kai-zoom","$v":"ຊູມ"},{"$i":"kai-zoom-in","$v":"ຊູມເຂົ້າ"},{"$i":"kai-zoom-out","$v":"ຊູມເຂົ້າ"},{"$i":"kai-file-info","$v":"ຂໍ້ມູນເອກະສານ"},{"$i":"kai-select-multiple","$v":"ເລືອກຫຼາຍລາຍການ"},{"$i":"kai-invalid-name","$v":"ຊື່ບໍ່ຖືກຕ້ອງ"},{"$i":"kai-name-already-exists","$v":"ຊື່ນີ້ມີຢູ່ແລ້ວ"},{"$i":"kai-override-warning-msg","$v":"ທ່ານຕ້ອງການແທນທີ່ຮູບ ພາບທີ່ມີຢູ່ຫຼືບໍ່?"},{"$i":"kai-override","$v":"ແທນທີ່"},{"$i":"kai-edit-title","$v":"ແກ້ໄຂຮູບພາບ"},{"$i":"kai-edit-exposure","$v":"ຮູຮັບແສງ"},{"$i":"kai-edit-crop","$v":"ຕັດ"},{"$i":"kai-edit-rotate","$v":"ປິ່ນ"},{"$i":"kai-edit-filters","$v":"ການກັ່ນຕອງ"},{"$i":"kai-edit-auto-correct","$v":"ແກ້ໄຂອັດຕະໂນມັດ"},{"$i":"edit-exposure","ariaLabel":"ຮູຮັບແສງ"},{"$i":"edit-crop","ariaLabel":"ຕັດ"},{"$i":"edit-rotate","ariaLabel":"ປິ່ນ"},{"$i":"edit-filters","ariaLabel":"ການກັ່ນຕອງ"},{"$i":"edit-auto-correct","ariaLabel":"ແກ້ໄຂອັດຕະໂນມັດ"},{"$i":"kai-crop-none","$v":"ຍົກເລີກການຕັດສາຍ"},{"$i":"kai-crop-aspect-free","$v":"ຄ່າມາດຕະຖານ"},{"$i":"kai-crop-aspect-portrait","$v":"2:3"},{"$i":"kai-crop-aspect-landscape","$v":"3:2"},{"$i":"kai-crop-aspect-square","$v":"1:1"},{"$i":"crop-none","ariaLabel":"ຍົກເລີກການຕັດສາຍ"},{"$i":"crop-aspect-free","ariaLabel":"ຄ່າມາດຕະຖານ"},{"$i":"crop-aspect-portrait","ariaLabel":"2:3"},{"$i":"crop-aspect-landscape","ariaLabel":"3:2"},{"$i":"crop-aspect-square","ariaLabel":"1:1"},{"$i":"edit-filters-none","ariaLabel":"ກັ່ນຕອງ 1"},{"$i":"edit-filters-bw","ariaLabel":"ກັ່ນຕອງ 2"},{"$i":"edit-filters-sepia","ariaLabel":"ກັ່ນຕອງ 3"},{"$i":"edit-filters-bluesteel","ariaLabel":"ກັ່ນຕອງ 4"},{"$i":"edit-filters-faded","ariaLabel":"ກັ່ນຕອງ 5"},{"$i":"kai-rotate-cw","$v":"CW"},{"$i":"kai-rotate-ccw","$v":"CCW"},{"$i":"original","$v":"ຕົ້ນສະບັບ"},{"$i":"blackandwhite","$v":{"$o":"B&W"}},{"$i":"sepia","$v":"ຊີເປຍ"},{"$i":"freeform","$v":"ບໍມີຮູບຮ່າງ"},{"$i":"portrait","$v":"ແນວຕັ້ງ"},{"$i":"landscape","$v":"ແນວນອນ"},{"$i":"square","$v":"ສີ່ຫຼ່ຽມ"},{"$i":"emptygallery2-title","$v":"ບໍ່ມີຮູບພາບ ຫຼືວີດີໂອ"},{"$i":"emptygallery2-text","$v":"ຄັງຮູບພາບຍັງເປົ່າຫວ່າງ. ເປີດໃຊ້ກ້ອງຖ່າຍຮູບເພືອເລີ້ມ."},{"$i":"emptygallery2-title-pick","$v":"ບໍ່ມີຮູບພາບ"},{"$i":"emptygallery-text-pick","$v":"ບໍ່ມີການນຳໃຊ້ຮູບພາບ"},{"$i":"nocard3-title","$v":"ບໍ່ມີກາດຄວາມຈຳ"},{"$i":"nocard4-text","$v":"ໃສ່ກາຣ໌ດຄວາມຈຳເພື່ອໃຊ້ ແອັບນີ້."},{"$i":"pluggedin2-title","$v":"ກາດຄວາມຈຳທີ່ໃຊ້"},{"$i":"pluggedin2-text","$v":"ບ່ອນເກັບຂໍ້ມູນກຳລັງໃຊ້ຢູ່. ກະລຸນາຖອດສາຍໂທລະສັບເພື່ອໃຊ້ແອັບນີ້."},{"$i":"scanning-title","$v":"ກຳລັງສະແກນ"},{"$i":"scanning-text","$v":"ກຳລັງສະແກນຫາຮູບພາບ..."},{"$i":"upgrade-title","$v":"ຍົກລະດັບຖານຂໍ້ມູນ"},{"$i":"upgrade-text","$v":"ກະລຸນາລໍຖ້າ ຂະນະທີ່ຫ້ອງຮູບພາບກຳລັງອັບເດດຖານຂໍ້ມູນ."},{"$i":"share-noprovider","$v":"ບໍ່ສາມາດແບ່ງປັນໄຟລ໌ພາບ ປະເພດນີ້ໄດ້."},{"$i":"memorycardfull","$v":"ບ່ອນເກັບຂໍ້ມູນເຕັມ. ບໍ່ສາມາດແປງຮູບໄດ້."},{"$i":"imagetoobig","$v":"ຂະໜາດພາບໃຫຍ່ເກີນໄປ ບໍ່ສາມາດສະແດງຜົນໃນອຸ ປະກອນນີ້."},{"$i":"imageinvalid","$v":"ພາບບໍ່ຖືກຕ້ອງ ຫຼືເສຍຫາຍ ແລະບໍ່ສາມາດສະແດງຜົນໄດ້."},{"$i":"saved","$v":[{"t":"idOrVar","v":"filename"}," ໄດ້ບັນທຶກໄປທີ່ ຄັງຮູບພາບແລ້ວ"]},{"$i":"edit-copy-saved","$v":"ບັນທຶກສຳເນົາໃໝ່ແລ້ວ."},{"$i":"overlay-camera-button","$v":"ໄປຫາກ້ອງຖ່າຍຮູບ"},{"$i":"name-label","$v":"ຊື່"},{"$i":"size-label","$v":"ຂະໜາດ"},{"$i":"image-type-label","$v":"ປະເພດຮູບພາບ"},{"$i":"kai-date-and-time-label","$v":"ວັນທີ ແລະເວລາ"},{"$i":"date-taken-label","$v":"ວັນທີຖ່າຍທຳ"},{"$i":"resolution-label","$v":"ຄວາມລະອຽດ"},{"$i":"close-button","$v":"ປິດ"},{"$i":"path-label","$v":"ທາງເລືອກດາວໂລດ"},{"$i":"sd-card","$v":"ບັດ SD"},{"$i":"internal","$v":"ພາຍໃນ"},{"$i":"byteUnit-B","$v":"ໄບຕ໌"},{"$i":"byteUnit-KB","$v":"KB"},{"$i":"byteUnit-MB","$v":"MB"},{"$i":"byteUnit-GB","$v":"GB"},{"$i":"gallery","$v":"ຄັງຮູບ"},{"$i":"preview","$v":"ພາບຕົວຢ່າງ"},{"$i":"kai-confirmation","$v":"ການຢືນຢັນ"},{"$i":"kai-delete-this-image","$v":"ໃຫ້ລຶບຮູບພາບບໍ່?"},{"$i":"kai-delete-selected-image","$v":"ຕ້ອງການລົບຮູບພາບນີ້ຫຼືບໍ່?"},{"$i":"kai-delete-selected-images","$v":"ໃຫ້ລຶບບັນດາຮູບພາບນີ້ບໍ່?"},{"$i":"kai-sort-by","$v":"ຈັດປະເພດໂດຍ"},{"$i":"kai-group-by-date-and-location","$v":"ຈັດກຸ່ມໂດຍວັນທີ"},{"$i":"kai-error","$v":"ຕິດຂັດ"},{"$i":"kai-error-delete-locked-image","$v":"ຮູບພາບທີ່ເລືອກຖືກລັອກ ແລະ ບໍ່ສາມາດລຶບໄດ້!"},{"$i":"kai-error-delete-locked-images","$v":"ຮູບພາບທີ່ເລືອກມີຮູບພາບ ຕ່າງໆທີ່ຖືກລັອກ ແລະ ບໍ່ສາມາດລຶບໄດ້!"},{"$i":"kai-enter-new-name","$v":"ປ້ອນຊື່ໃໝ່"},{"$i":"sort-and-group","$v":"ຈັດປະເພດ ແລະ ເປັນກຸ່ມ"},{"$i":"time_am","$v":"AM"},{"$i":"time_pm","$v":"ຕອນເຊົ້າ"},{"$i":"date-group-header","$v":"%B %Y"},{"$i":"videoDescriptionShort","$v":"ວີດີໂອລົງວັນທີ %I:%M %p, %B %e, %Y"},{"$i":"imageDescriptionShort","$v":"ພາບວັນທີ %I:%M %p, %B %e, %Y"},{"$i":"editImagePreview","ariaLabel":"ແກ້ໄຂການສະແດງຕົວຢ່າງຮູບ ພາບ"},{"$i":"kai-pickoneimage","$v":"ເລືອກຮູບ"},{"$i":"discard-changes-warning","$v":"ການປ່ຽນແປງທັງໝົດຈະສູນ ເສຍ. ທ່ານຕ້ອງການຍົກເລີກ ການປ່ຽນແປງ ຫຼືບໍ່?"},{"$i":"save-changes-warning","$v":"ການປ່ຽນແປງທັງໝົດຈະສູນ ເສຍ. ທ່ານຕ້ອງການຍົກເລີກ ການປ່ຽນແປງ ຫຼືບໍ່?"},{"$i":"discard","$v":"ບົກເລີກ"},{"$i":"camera","$v":"ກ້ອງ"},{"$i":"phone-is-full-title","$v":"ບ່ອນເກັບຂໍ້ມູນໂທລະສັບເຕັມ"},{"$i":"sd-card-is-full-title","$v":"ກາດ SD ເຕັມ."},{"$i":"phone-is-full-content","$v":"ລຶບໄຟລ໌ສື່ ຫຼື ຂໍ້ມູນແອັບພລິເຄຊັນ ເພື່ອເພີ່ມພື້ນທີ່ວ່າງ. ນອກຈາກນີ້ ທ່ານຍັງສາມາດໃສ່ກາດ SD ເພື່ອຂະຫຍາຍພື້ນທີ່ເກັບຂໍ້ມູນສື່."},{"$i":"sd-card-is-full-content","$v":"ລຶບໄຟລ໌ໃນກາດ SD ເພື່ອເພີ່ມພື້ນທີ່ວ່າງ."},{"$i":"imageDescription","$v":[{"t":"idOrVar","v":"orientation"}," ຮູບພາບ, %I:%M %p, %B %e, %Y"]},{"$i":"imageDescriptionNoTimestamp","$v":[{"t":"idOrVar","v":"orientation"}," ຮູບພາບ"]},{"$i":"videoDescription","$v":[{"t":"idOrVar","v":"orientation"}," ວີດີໂອ, %I:%M %p, %B %e, %Y"]},{"$i":"videoDescriptionNoTimestamp","$v":[{"t":"idOrVar","v":"orientation"}," ວີດີໂອ"]},{"$i":"orientationPortrait","$v":"ພາບເໝືອນ"},{"$i":"orientationLandscape","$v":"ແນວນອນ"},{"$i":"playbackPlay","ariaLabel":"ຫຼິ້ນ"},{"$i":"playbackPause","ariaLabel":"ຢຸດຊົ່ວຄາວ"},{"$i":"playbackNext","ariaLabel":"ຕໍ່ໄປ"},{"$i":"playbackPrevious","ariaLabel":"ກ່ອນໜ້ານີ້"},{"$i":"playbackFullscreen","ariaLabel":"ເຕັມໜ້າຈໍ"},{"$i":"playbackSeekBar","ariaLabel":["ຄົ້ນຫາແຖບ, ໄລຍະເວລາ ",{"t":"idOrVar","v":"duration"}]},{"$i":"weekday-0-long","$v":"ວັນອາທິດ"},{"$i":"weekday-1-long","$v":"ວັນ​ຈັນ"},{"$i":"weekday-2-long","$v":"ວັນຄານ"},{"$i":"weekday-3-long","$v":"ວັນ​ພຸດ"},{"$i":"weekday-4-long","$v":"ວັນພະຫັດ"},{"$i":"weekday-5-long","$v":"ວັນ​ສຸກ"},{"$i":"weekday-6-long","$v":"ວັນ​ເສົາ"},{"$i":"weekday-0-short","$v":"ອາທິດ"},{"$i":"weekday-1-short","$v":"ຈັນ"},{"$i":"weekday-2-short","$v":"ຄານ"},{"$i":"weekday-3-short","$v":"ພຸດ"},{"$i":"weekday-4-short","$v":"ພະຫັດ"},{"$i":"weekday-5-short","$v":"ສຸກ"},{"$i":"weekday-6-short","$v":"ເສົາ"},{"$i":"month-0-long","$v":"ມັງ​ກອນ"},{"$i":"month-1-long","$v":"ມ​ພາ"},{"$i":"month-2-long","$v":"ມີ​ນາ"},{"$i":"month-3-long","$v":"ເມ​ສາ"},{"$i":"month-4-long","$v":"ພຶດ​ສະ​ພາ"},{"$i":"month-5-long","$v":"ມິ​ຖຸ​ນາ"},{"$i":"month-6-long","$v":"ກໍ​ລະ​ກົດ"},{"$i":"month-7-long","$v":"ສິງຫາ"},{"$i":"month-8-long","$v":"ກັນ​ຍາ"},{"$i":"month-9-long","$v":"ຕຸ​ລາ"},{"$i":"month-10-long","$v":"ພະ​ຈິກ"},{"$i":"month-11-long","$v":"ທັນ​ວາ"},{"$i":"month-0-genitive","$v":"ມັງ​ກອນ"},{"$i":"month-1-genitive","$v":"ມ​ພາ"},{"$i":"month-2-genitive","$v":"ມີ​ນາ"},{"$i":"month-3-genitive","$v":"ເມ​ສາ"},{"$i":"month-4-genitive","$v":"ພຶດ​ສະ​ພາ"},{"$i":"month-5-genitive","$v":"ມິ​ຖຸ​ນາ"},{"$i":"month-6-genitive","$v":"ກໍ​ລະ​ກົດ"},{"$i":"month-7-genitive","$v":"ສິງຫາ"},{"$i":"month-8-genitive","$v":"ກັນ​ຍາ"},{"$i":"month-9-genitive","$v":"ຕຸ​ລາ"},{"$i":"month-10-genitive","$v":"ພະ​ຈິກ"},{"$i":"month-11-genitive","$v":"ທັນ​ວາ"},{"$i":"month-0-short","$v":"ມັງ​ກອນ"},{"$i":"month-1-short","$v":"ກຸມພາ"},{"$i":"month-2-short","$v":"ມີ​ນາ"},{"$i":"month-3-short","$v":"ເມ​ສາ"},{"$i":"month-4-short","$v":"ພຶດ​ສະ​ພາ"},{"$i":"month-5-short","$v":"ມິ​ຖຸ​ນາ"},{"$i":"month-6-short","$v":"ກໍ​​ລະ​​ກົດ"},{"$i":"month-7-short","$v":"ສິງຫາ"},{"$i":"month-8-short","$v":"ກັນຍາ"},{"$i":"month-9-short","$v":"ຕຸ​ລາ"},{"$i":"month-10-short","$v":"ພະ​ຈິກ"},{"$i":"month-11-short","$v":"ທັນ​ວາ"},{"$i":"minutes-ago-long","$v":{"few":[{"t":"idOrVar","v":"value"}," ນາທີກ່ອນ"],"many":[{"t":"idOrVar","v":"value"}," ນາທີກ່ອນ"],"one":"ໜຶ່ງນາທີຜ່ານມາ","other":[{"t":"idOrVar","v":"value"}," ນາທີກ່ອນ"],"two":[{"t":"idOrVar","v":"value"}," ນາທີກ່ອນ"],"zero":"ຕອນນີ້"},"$x":[{"t":"idOrVar","v":"plural"},"value"]},{"$i":"hours-ago-long","$v":{"few":[{"t":"idOrVar","v":"value"}," ຊົ່ວໂມງກ່ອນ"],"many":[{"t":"idOrVar","v":"value"}," ຊົ່ວໂມງກ່ອນ"],"one":"ໜຶ່ງຊົ່ວໂມງຜ່ານມາ","other":[{"t":"idOrVar","v":"value"}," ຊົ່ວໂມງກ່ອນ"],"two":[{"t":"idOrVar","v":"value"}," ຊົ່ວໂມງກ່ອນ"],"zero":"ຕອນນີ້"},"$x":[{"t":"idOrVar","v":"plural"},"value"]},{"$i":"days-ago-long","$v":{"few":[{"t":"idOrVar","v":"value"}," ມື້ກ່ອນ"],"many":[{"t":"idOrVar","v":"value"}," ມື້ກ່ອນ"],"one":"ມື້ວານ","other":[{"t":"idOrVar","v":"value"}," ມື້ກ່ອນ"],"two":[{"t":"idOrVar","v":"value"}," ມື້ກ່ອນ"],"zero":"ມື້ນີ້"},"$x":[{"t":"idOrVar","v":"plural"},"value"]},{"$i":"weeks-ago-long","$v":{"few":[{"t":"idOrVar","v":"value"}," ເດືອນກ່ອນໜ້າ"],"many":[{"t":"idOrVar","v":"value"}," ເດືອນກ່ອນໜ້າ"],"one":"ອາທິດຜ່ານມາ","other":[{"t":"idOrVar","v":"value"}," ເດືອນກ່ອນໜ້າ"],"two":[{"t":"idOrVar","v":"value"}," ເດືອນກ່ອນໜ້າ"],"zero":"ທິດນີ້"},"$x":[{"t":"idOrVar","v":"plural"},"value"]},{"$i":"months-ago-long","$v":{"few":[{"t":"idOrVar","v":"value"}," ເດືອນກ່ອນ"],"many":[{"t":"idOrVar","v":"value"}," ເດືອນກ່ອນ"],"one":"ເດືອນກ່ອນນີ້","other":[{"t":"idOrVar","v":"value"}," ເດືອນກ່ອນ"],"two":[{"t":"idOrVar","v":"value"}," ເດືອນກ່ອນ"],"zero":"ເດືອນນີ້"},"$x":[{"t":"idOrVar","v":"plural"},"value"]},{"$i":"years-ago-long","$v":{"few":[{"t":"idOrVar","v":"value"}," ປີຕໍ່ໄປ"],"many":[{"t":"idOrVar","v":"value"}," ປີຕໍ່ໄປ"],"one":"ປີກາຍນີ້","other":[{"t":"idOrVar","v":"value"}," ປີຕໍ່ໄປ"],"two":[{"t":"idOrVar","v":"value"}," ປີຕໍ່ໄປ"],"zero":"ປີນີ້"},"$x":[{"t":"idOrVar","v":"plural"},"value"]},{"$i":"minutes-until-long","$v":{"few":["ໃນ ",{"t":"idOrVar","v":"value"}," ຫຼາຍນາທີ"],"many":["ໃນ ",{"t":"idOrVar","v":"value"}," ຫຼາຍນາທີ"],"one":"ໃນໜຶ່ງນາທີ","other":["ໃນ ",{"t":"idOrVar","v":"value"}," ຫຼາຍນາທີ"],"two":["ໃນ ",{"t":"idOrVar","v":"value"}," ຫຼາຍນາທີ"],"zero":"ຕອນນີ້"},"$x":[{"t":"idOrVar","v":"plural"},"value"]},{"$i":"hours-until-long","$v":{"few":["ໃນ ",{"t":"idOrVar","v":"value"}," ຫຼາຍຊົ່ວໂມງ"],"many":["ໃນ ",{"t":"idOrVar","v":"value"}," ຫຼາຍຊົ່ວໂມງ"],"one":"ໃນໜຶ່ງຊົ່ວໂມງ","other":["ໃນ ",{"t":"idOrVar","v":"value"}," ຫຼາຍຊົ່ວໂມງ"],"two":["ໃນ ",{"t":"idOrVar","v":"value"}," ຫຼາຍຊົ່ວໂມງ"],"zero":"ຕອນນີ້"},"$x":[{"t":"idOrVar","v":"plural"},"value"]},{"$i":"days-until-long","$v":{"few":["ໃນ ",{"t":"idOrVar","v":"value"}," ຫຼາຍວັນ"],"many":["ໃນ ",{"t":"idOrVar","v":"value"}," ຫຼາຍວັນ"],"one":"ມື້ອື່ນ","other":["ໃນ ",{"t":"idOrVar","v":"value"}," ຫຼາຍວັນ"],"two":["ໃນ ",{"t":"idOrVar","v":"value"}," ຫຼາຍວັນ"],"zero":"ມື້ນີ້"},"$x":[{"t":"idOrVar","v":"plural"},"value"]},{"$i":"weeks-until-long","$v":{"few":["ໃນ ",{"t":"idOrVar","v":"value"}," ຫຼາຍອາທິດ"],"many":["ໃນ ",{"t":"idOrVar","v":"value"}," ຫຼາຍອາທິດ"],"one":"ອາທິດໜ້າ","other":["ໃນ ",{"t":"idOrVar","v":"value"}," ຫຼາຍອາທິດ"],"two":["ໃນ ",{"t":"idOrVar","v":"value"}," ຫຼາຍອາທິດ"],"zero":"ທິດນີ້"},"$x":[{"t":"idOrVar","v":"plural"},"value"]},{"$i":"months-until-long","$v":{"few":["ໃນ ",{"t":"idOrVar","v":"value"}," ຫຼາຍເດືອນ"],"many":["ໃນ ",{"t":"idOrVar","v":"value"}," ຫຼາຍເດືອນ"],"one":"ເດືອນໜ້າ","other":["ໃນ ",{"t":"idOrVar","v":"value"}," ຫຼາຍເດືອນ"],"two":["ໃນ ",{"t":"idOrVar","v":"value"}," ຫຼາຍເດືອນ"],"zero":"ເດືອນນີ້"},"$x":[{"t":"idOrVar","v":"plural"},"value"]},{"$i":"years-until-long","$v":{"few":["ໃນ ",{"t":"idOrVar","v":"value"}," ຫຼາຍປີ"],"many":["ໃນ ",{"t":"idOrVar","v":"value"}," ຫຼາຍປີ"],"one":"ປີໜ້າ","other":["ໃນ ",{"t":"idOrVar","v":"value"}," ຫຼາຍປີ"],"two":["ໃນ ",{"t":"idOrVar","v":"value"}," ຫຼາຍປີ"],"zero":"ປີນີ້"},"$x":[{"t":"idOrVar","v":"plural"},"value"]},{"$i":"minutes-ago-short","$v":{"other":[{"t":"idOrVar","v":"value"},"ນ ກ່ອນ"],"zero":"ຕອນນີ້"},"$x":[{"t":"idOrVar","v":"plural"},"value"]},{"$i":"hours-ago-short","$v":{"other":[{"t":"idOrVar","v":"value"},"ມ ກ່ອນ"],"zero":"ຕອນນີ້"},"$x":[{"t":"idOrVar","v":"plural"},"value"]},{"$i":"days-ago-short","$v":{"other":[{"t":"idOrVar","v":"value"},"ມື້ກ່ອນ"],"zero":"ມື້ນີ້"},"$x":[{"t":"idOrVar","v":"plural"},"value"]},{"$i":"minutes-until-short","$v":{"other":["ໃນ ",{"t":"idOrVar","v":"value"},"ດ"],"zero":"ຕອນນີ້"},"$x":[{"t":"idOrVar","v":"plural"},"value"]},{"$i":"hours-until-short","$v":{"other":["ໃນ ",{"t":"idOrVar","v":"value"},"ຊ.ມ"],"zero":"ຕອນນີ້"},"$x":[{"t":"idOrVar","v":"plural"},"value"]},{"$i":"days-until-short","$v":{"other":["ໃນ ",{"t":"idOrVar","v":"value"},"ວ"],"zero":"ມື້ນີ້"},"$x":[{"t":"idOrVar","v":"plural"},"value"]},{"$i":"incorrectDate","$v":"(ວັນທີບໍ່ຖືກຕ້ອງ)"},{"$i":"dateTimeFormat_%c","$v":"%a %b %e %Y %I:%M:%S %p"},{"$i":"dateTimeFormat_%x","$v":"%m/%d/%Y"},{"$i":"dateTimeFormat_%X","$v":"%I:%M:%S %p"},{"$i":"shortTimeFormat","$v":"%I:%M %p"},{"$i":"shortTimeFormat12","$v":"%I:%M %p"},{"$i":"shortTimeFormat24","$v":"%H:%M"},{"$i":"shortDateTimeFormat","$v":"%x %I:%M %p"},{"$i":"weekStartsOnMonday","$v":"0.0"},{"$i":"firstDayOfTheWeek","$v":"0.0"},{"$i":"softkey-options","$v":"ຕົວເລືອກ"}]