[{"$i":"select","$v":"Rinktis"},{"$i":"deselect","$v":"Atsisak."},{"$i":"kai-select","$v":"Rinktis"},{"$i":"invalid-image","$v":"Netin. atvzd."},{"$i":"image-too-big","$v":"Atvaiz. per did., todėl jo negalima rod. gal."},{"$i":"kai-selected-items-count","$v":["Pasir.: ",{"t":"idOrVar","v":"n"}]},{"$i":"delete-photo?","$v":"Ištr. nuotr.?"},{"$i":"delete-video?","$v":"Ištr. v. įr.?"},{"$i":"deleting","$v":"Ištrinama…"},{"$i":"delete-n-items?","$v":{"few":["Ištr. ",{"t":"idOrVar","v":"n"}," el.?"],"many":["Ištr. ",{"t":"idOrVar","v":"n"}," el.?"],"one":"Ištr. pasir. elem.?","other":["Ištr. ",{"t":"idOrVar","v":"n"}," el.?"],"two":["Ištr. ",{"t":"idOrVar","v":"n"}," el.?"],"zero":"Niekas nepasir."},"$x":[{"t":"idOrVar","v":"plural"},"n"]},{"$i":"kai-contact-set-ok","$v":"Įtr. adresat. atv."},{"$i":"kai-contact-set-fail","$v":"Nep. nustat. adres. atv."},{"$i":"kai-exposure-done","$v":"Pritaik. išlaik."},{"$i":"kai-rotation-done","$v":"Pasuk. pritaik."},{"$i":"kai-crop-done","$v":"Atvaizd. apk."},{"$i":"kai-filters-done","$v":"Filtras prit."},{"$i":"kai-autocorrection-done","$v":"Pritaik. automat. tais."},{"$i":"kai-changes-saved","$v":"Pak. išsaug."},{"$i":"wallpaper-set","$v":"Fono paveikslėlis nustatytas"},{"$i":"kai-single-image-locked","$v":"Pasirinktas atvaizdas užrakintas"},{"$i":"kai-single-image-unlocked","$v":"Pasirinktas atvaizdas atrakintas"},{"$i":"kai-single-image-deleted","$v":"Nuotr ištrin"},{"$i":"kai-multiple-images-locked","$v":{"one":["Užrakinta nuotraukų: ",{"t":"idOrVar","v":"n"}],"other":["Užrakinta nuotraukų: ",{"t":"idOrVar","v":"n"}],"zero":"Nėra užrakintų nuotraukų"},"$x":[{"t":"idOrVar","v":"plural"},"n"]},{"$i":"kai-multiple-images-unlocked","$v":{"one":["Atrakinta nuotraukų: ",{"t":"idOrVar","v":"n"}],"other":["Atrakinta nuotraukų: ",{"t":"idOrVar","v":"n"}],"zero":"Nėra atrakintų nuotraukų"},"$x":[{"t":"idOrVar","v":"plural"},"n"]},{"$i":"kai-deleted-n-photos","$v":{"one":["Ištr. ",{"t":"idOrVar","v":"n"}," nuotr."],"other":["Ištr. ",{"t":"idOrVar","v":"n"}," nuotr."],"zero":"Ištr. nuotr. nėra"},"$x":[{"t":"idOrVar","v":"plural"},"n"]},{"$i":"kai-some-photos-not-share","$v":"Kai kurių nuotraukų negalima bendrinti"},{"$i":"kai-some-photos-not-delete","$v":"Kai kurių nuotraukų negalima ištrinti"},{"$i":"kai-some-photos-not-lock","$v":"Kai kurios nuotraukos negali būti užrakintos"},{"$i":"kai-undo","$v":"Anuliuoti"},{"$i":"pickoneimage2","$v":"Rinktis"},{"$i":"cropimage","$v":"Apk."},{"$i":"kai-on","$v":"Įj."},{"$i":"kai-off","$v":"Išjungti"},{"$i":"cancel","$v":"Atš."},{"$i":"delete","$v":"Ištrin."},{"$i":"ok","$v":"GERAI"},{"$i":"edit","$v":"Red."},{"$i":"revert","$v":"Atšaukti"},{"$i":"save","$v":"Išsg."},{"$i":"done","$v":"Atl."},{"$i":"exposure","$v":"Išlaik."},{"$i":"crop","$v":"Apk."},{"$i":"effects","$v":"Efektai"},{"$i":"borders","$v":"Krašt."},{"$i":"enhance-on","$v":"Aut. tobul. įj."},{"$i":"enhance-off","$v":"Aut. tobul. išj."},{"$i":"kai-set","$v":"Nustatyti"},{"$i":"kai-options","$v":"Funkc."},{"$i":"kai-select-all","$v":"Rinktis viską"},{"$i":"kai-deselect-all","$v":"Ats. visų pas."},{"$i":"kai-lock","$v":"Lock"},{"$i":"kai-unlock","$v":"Atrakinti"},{"$i":"kai-rename","$v":"Pervd."},{"$i":"kai-rotate","$v":"Pasuk."},{"$i":"kai-share","$v":"Dalintis"},{"$i":"kai-settings","$v":"Parametrai"},{"$i":"kai-set-as","$v":"Nustatyti kaip"},{"$i":"set-as-wallpaper","$v":"Nust. kaip fono pav."},{"$i":"kai-wallpaper","$v":"Fono paveikslėlis"},{"$i":"kai-existing-contact-image","$v":"Esamo adresato atvaizdas"},{"$i":"kai-zoom","$v":"Keisti mastelį"},{"$i":"kai-zoom-in","$v":"Didinti vaizdą"},{"$i":"kai-zoom-out","$v":"Mažinti vaizdą"},{"$i":"kai-file-info","$v":"Failo inf."},{"$i":"kai-select-multiple","$v":"Rinktis kelis"},{"$i":"kai-invalid-name","$v":"Neteis. pav."},{"$i":"kai-name-already-exists","$v":"Toks pavadinimas jau yra"},{"$i":"kai-override-warning-msg","$v":"Ar norite perrašyti dabartinį atvaizdą?"},{"$i":"kai-override","$v":"Perraš."},{"$i":"kai-edit-title","$v":"Red. atv."},{"$i":"kai-edit-exposure","$v":"Išlaik."},{"$i":"kai-edit-crop","$v":"Apk."},{"$i":"kai-edit-rotate","$v":"Pasuk."},{"$i":"kai-edit-filters","$v":"Filtrai"},{"$i":"kai-edit-auto-correct","$v":"Automat. tais."},{"$i":"edit-exposure","ariaLabel":"Išlaik."},{"$i":"edit-crop","ariaLabel":"Apk."},{"$i":"edit-rotate","ariaLabel":"Pasuk."},{"$i":"edit-filters","ariaLabel":"Filtrai"},{"$i":"edit-auto-correct","ariaLabel":"Automat. tais."},{"$i":"kai-crop-none","$v":"Anuliuoti apkarpymą"},{"$i":"kai-crop-aspect-free","$v":"Numat."},{"$i":"kai-crop-aspect-portrait","$v":"2:3"},{"$i":"kai-crop-aspect-landscape","$v":"3:2"},{"$i":"kai-crop-aspect-square","$v":"1:1"},{"$i":"crop-none","ariaLabel":"Anuliuoti apkarpymą"},{"$i":"crop-aspect-free","ariaLabel":"Numat."},{"$i":"crop-aspect-portrait","ariaLabel":"2:3"},{"$i":"crop-aspect-landscape","ariaLabel":"3:2"},{"$i":"crop-aspect-square","ariaLabel":"1:1"},{"$i":"edit-filters-none","ariaLabel":"1 filtr."},{"$i":"edit-filters-bw","ariaLabel":"2 filtr."},{"$i":"edit-filters-sepia","ariaLabel":"3 filtr."},{"$i":"edit-filters-bluesteel","ariaLabel":"4 filtr."},{"$i":"edit-filters-faded","ariaLabel":"5 filtr."},{"$i":"kai-rotate-cw","$v":"CW"},{"$i":"kai-rotate-ccw","$v":"CCW"},{"$i":"original","$v":"Pradinis"},{"$i":"blackandwhite","$v":"Nesp."},{"$i":"sepia","$v":"Sepija"},{"$i":"freeform","$v":"Lais. form."},{"$i":"portrait","$v":"Statusis"},{"$i":"landscape","$v":"Peizažas"},{"$i":"square","$v":"Kvadratas"},{"$i":"emptygallery2-title","$v":"Nuot. ar vaiz. įr. nėra"},{"$i":"emptygallery2-text","$v":"Galerija tuščia. Norėd. prad., naud. fotok."},{"$i":"emptygallery2-title-pick","$v":"Nuot. nėra"},{"$i":"emptygallery-text-pick","$v":"Nėra pasiek. nuotr."},{"$i":"nocard3-title","$v":"Nėra atm. krt."},{"$i":"nocard4-text","$v":"Įdėkite atm. kort. ir naud. šią prog."},{"$i":"pluggedin2-title","$v":"Atm. kort. naudoj."},{"$i":"pluggedin2-text","$v":"Saugykla naudojama. Norėdami naudoti programą, atjunkite telefoną."},{"$i":"scanning-title","$v":"Nuskait."},{"$i":"scanning-text","$v":"Nuotraukų nuskaitym..."},{"$i":"upgrade-title","$v":"Duom. b. vers. nauj."},{"$i":"upgrade-text","$v":"Palaukite, kol bus atn. galer. duom. bazė."},{"$i":"share-noprovider","$v":"Nepav. pasid. šio atv. fail. tipu."},{"$i":"memorycardfull","$v":"Saugykla pilna. Negalima redaguoti nuotraukų."},{"$i":"imagetoobig","$v":"Atvz. per did., jo negal. rodyti šiame priet."},{"$i":"imageinvalid","$v":"Atvaiz. netink. arba sugad., todėl jo negal. rodyti."},{"$i":"saved","$v":["„",{"t":"idOrVar","v":"filename"},"“ išsaug. galer."]},{"$i":"edit-copy-saved","$v":"Nauj. kop. išs."},{"$i":"overlay-camera-button","$v":"Eiti į fotok."},{"$i":"name-label","$v":"Vard."},{"$i":"size-label","$v":"Dydis"},{"$i":"image-type-label","$v":"Atvz. tip."},{"$i":"kai-date-and-time-label","$v":"Data ir laik."},{"$i":"date-taken-label","$v":"Įrašo data"},{"$i":"resolution-label","$v":"Raiška"},{"$i":"close-button","$v":"Užd."},{"$i":"path-label","$v":"Kelias"},{"$i":"sd-card","$v":"SD kort."},{"$i":"internal","$v":"Vidin."},{"$i":"byteUnit-B","$v":"Bait."},{"$i":"byteUnit-KB","$v":"KB"},{"$i":"byteUnit-MB","$v":"MB"},{"$i":"byteUnit-GB","$v":"GB"},{"$i":"gallery","$v":"Galer."},{"$i":"preview","$v":"Perž."},{"$i":"kai-confirmation","$v":"Patvirtinim."},{"$i":"kai-delete-this-image","$v":"Ištr. nuotr.?"},{"$i":"kai-delete-selected-image","$v":"Ištr. pas. nuotrauką?"},{"$i":"kai-delete-selected-images","$v":"Ištr. pas. nuotraukas?"},{"$i":"kai-sort-by","$v":"Rikiuoti pagal"},{"$i":"kai-group-by-date-and-location","$v":"Gr. pag. datą"},{"$i":"kai-error","$v":"Klaida"},{"$i":"kai-error-delete-locked-image","$v":"Pasirinktas atvaizdas yra užrakintas ir jo negalima ištrinti!"},{"$i":"kai-error-delete-locked-images","$v":"Pasirinktuose atvaizduose yra užrakintų vaizdų, kurių negalima ištrinti!"},{"$i":"kai-enter-new-name","$v":"Įves. nauj. vard."},{"$i":"sort-and-group","$v":"Rikiuoti ir grupuoti"},{"$i":"time_am","$v":"AM"},{"$i":"time_pm","$v":"PM"},{"$i":"date-group-header","$v":"%B %Y"},{"$i":"videoDescriptionShort","$v":"Vaizdo įrašo data %I:%M %p, %B %e, %Y"},{"$i":"imageDescriptionShort","$v":"Atv. data %I:%M %p, %B %e, %Y"},{"$i":"editImagePreview","ariaLabel":"Red. atvaiz. perž."},{"$i":"kai-pickoneimage","$v":"Rinktis nuotrauką"},{"$i":"discard-changes-warning","$v":"Visi pakeitimai bus prarasti. Atmesti pakeitimus?"},{"$i":"save-changes-warning","$v":"Visi pakeitimai bus prarasti. Išsaugoti pakeitimus?"},{"$i":"discard","$v":"Atmesti"},{"$i":"camera","$v":"Vaiz.kam."},{"$i":"phone-is-full-title","$v":"Tel. saugykla pilna"},{"$i":"sd-card-is-full-title","$v":"SD kort. pilna."},{"$i":"phone-is-full-content","$v":"Jei norite atlaisvinti vietos, ištrinkite medijos failų ar programų duomenų. Taip pat galite įdėti SD kortelę, kad būtų daugiau medijos saugyklos vietos."},{"$i":"sd-card-is-full-content","$v":"Ištrinkite failus SD kortelėje, kad atlaisvintumėte vietos."},{"$i":"imageDescription","$v":[{"t":"idOrVar","v":"orientation"}," atv., %I:%M %p, %B %e, %Y"]},{"$i":"imageDescriptionNoTimestamp","$v":[{"t":"idOrVar","v":"orientation"}," atv."]},{"$i":"videoDescription","$v":[{"t":"idOrVar","v":"orientation"}," Vaiz. įr., %I:%M %p, %B %e, %Y"]},{"$i":"videoDescriptionNoTimestamp","$v":[{"t":"idOrVar","v":"orientation"}," vaiz. įr."]},{"$i":"orientationPortrait","$v":"statusis"},{"$i":"orientationLandscape","$v":"gulsčiasis"},{"$i":"playbackPlay","ariaLabel":"Leisti"},{"$i":"playbackPause","ariaLabel":"Prist."},{"$i":"playbackNext","ariaLabel":"Kitas"},{"$i":"playbackPrevious","ariaLabel":"Ankstes."},{"$i":"playbackFullscreen","ariaLabel":"Visas ekr."},{"$i":"playbackSeekBar","ariaLabel":["Paiešk. juosta, trukmė ",{"t":"idOrVar","v":"duration"}]},{"$i":"weekday-0-long","$v":"Sekmadienis"},{"$i":"weekday-1-long","$v":"Pirmadienis"},{"$i":"weekday-2-long","$v":"Antradienis"},{"$i":"weekday-3-long","$v":"Trečiadienis"},{"$i":"weekday-4-long","$v":"Ketvirtadienis"},{"$i":"weekday-5-long","$v":"Penktadienis"},{"$i":"weekday-6-long","$v":"Šeštadienis"},{"$i":"weekday-0-short","$v":"Sk"},{"$i":"weekday-1-short","$v":"Pr"},{"$i":"weekday-2-short","$v":"An"},{"$i":"weekday-3-short","$v":"Tr"},{"$i":"weekday-4-short","$v":"Kt"},{"$i":"weekday-5-short","$v":"Pn"},{"$i":"weekday-6-short","$v":"Št"},{"$i":"month-0-long","$v":"Sausis"},{"$i":"month-1-long","$v":"Vasaris"},{"$i":"month-2-long","$v":"Kovas"},{"$i":"month-3-long","$v":"Balandis"},{"$i":"month-4-long","$v":"Gegužė"},{"$i":"month-5-long","$v":"Birželis"},{"$i":"month-6-long","$v":"Liepa"},{"$i":"month-7-long","$v":"Rugpjūtis"},{"$i":"month-8-long","$v":"Rugsėjis"},{"$i":"month-9-long","$v":"Spalis"},{"$i":"month-10-long","$v":"Lapkritis"},{"$i":"month-11-long","$v":"Gruodis"},{"$i":"month-0-genitive","$v":"Sausis"},{"$i":"month-1-genitive","$v":"Vasaris"},{"$i":"month-2-genitive","$v":"Kovas"},{"$i":"month-3-genitive","$v":"Balandis"},{"$i":"month-4-genitive","$v":"Gegužė"},{"$i":"month-5-genitive","$v":"Birželis"},{"$i":"month-6-genitive","$v":"Liepa"},{"$i":"month-7-genitive","$v":"Rugpjūtis"},{"$i":"month-8-genitive","$v":"Rugsėjis"},{"$i":"month-9-genitive","$v":"Spalis"},{"$i":"month-10-genitive","$v":"Lapkritis"},{"$i":"month-11-genitive","$v":"Gruodis"},{"$i":"month-0-short","$v":"saus."},{"$i":"month-1-short","$v":"vasar."},{"$i":"month-2-short","$v":"kov."},{"$i":"month-3-short","$v":"balan."},{"$i":"month-4-short","$v":"Geg"},{"$i":"month-5-short","$v":"birž."},{"$i":"month-6-short","$v":"liep."},{"$i":"month-7-short","$v":"rugpj."},{"$i":"month-8-short","$v":"rugs"},{"$i":"month-9-short","$v":"spal."},{"$i":"month-10-short","$v":"lapkr."},{"$i":"month-11-short","$v":"grd."},{"$i":"minutes-ago-long","$v":{"few":["Prieš ",{"t":"idOrVar","v":"value"}," min."],"many":["Prieš ",{"t":"idOrVar","v":"value"}," min."],"one":"prieš minutę","other":["Prieš ",{"t":"idOrVar","v":"value"}," min."],"two":["Prieš ",{"t":"idOrVar","v":"value"}," min."],"zero":"ką tik"},"$x":[{"t":"idOrVar","v":"plural"},"value"]},{"$i":"hours-ago-long","$v":{"few":["Prieš ",{"t":"idOrVar","v":"value"}," val."],"many":["Prieš ",{"t":"idOrVar","v":"value"}," val."],"one":"prieš valandą","other":["Prieš ",{"t":"idOrVar","v":"value"}," val."],"two":["Prieš ",{"t":"idOrVar","v":"value"}," val."],"zero":"ką tik"},"$x":[{"t":"idOrVar","v":"plural"},"value"]},{"$i":"days-ago-long","$v":{"few":["Prieš ",{"t":"idOrVar","v":"value"}," d."],"many":["Prieš ",{"t":"idOrVar","v":"value"}," d."],"one":"vakar","other":["Prieš ",{"t":"idOrVar","v":"value"}," d."],"two":["Prieš ",{"t":"idOrVar","v":"value"}," d."],"zero":"šiandien"},"$x":[{"t":"idOrVar","v":"plural"},"value"]},{"$i":"weeks-ago-long","$v":{"few":["Prieš ",{"t":"idOrVar","v":"value"}," sav."],"many":["Prieš ",{"t":"idOrVar","v":"value"}," sav."],"one":"pas. sav.","other":["Prieš ",{"t":"idOrVar","v":"value"}," sav."],"two":["Prieš ",{"t":"idOrVar","v":"value"}," sav."],"zero":"ši savaitė"},"$x":[{"t":"idOrVar","v":"plural"},"value"]},{"$i":"months-ago-long","$v":{"few":[{"t":"idOrVar","v":"value"}," mėn. po"],"many":[{"t":"idOrVar","v":"value"}," mėn. po"],"one":"pask. mėn.","other":[{"t":"idOrVar","v":"value"}," mėn. po"],"two":[{"t":"idOrVar","v":"value"}," mėn. po"],"zero":"šis mėnuo"},"$x":[{"t":"idOrVar","v":"plural"},"value"]},{"$i":"years-ago-long","$v":{"few":["Prieš ",{"t":"idOrVar","v":"value"}," met."],"many":["Prieš ",{"t":"idOrVar","v":"value"}," met."],"one":"Pas. met.","other":["Prieš ",{"t":"idOrVar","v":"value"}," met."],"two":["Prieš ",{"t":"idOrVar","v":"value"}," met."],"zero":"šie metai"},"$x":[{"t":"idOrVar","v":"plural"},"value"]},{"$i":"minutes-until-long","$v":{"few":["per ",{"t":"idOrVar","v":"value"}," min."],"many":["per ",{"t":"idOrVar","v":"value"}," min."],"one":"per min.","other":["per ",{"t":"idOrVar","v":"value"}," min."],"two":["per ",{"t":"idOrVar","v":"value"}," min."],"zero":"dabar"},"$x":[{"t":"idOrVar","v":"plural"},"value"]},{"$i":"hours-until-long","$v":{"few":["per ",{"t":"idOrVar","v":"value"}," val."],"many":["per ",{"t":"idOrVar","v":"value"}," val."],"one":"per val.","other":["per ",{"t":"idOrVar","v":"value"}," val."],"two":["per ",{"t":"idOrVar","v":"value"}," val."],"zero":"dabar"},"$x":[{"t":"idOrVar","v":"plural"},"value"]},{"$i":"days-until-long","$v":{"few":["per ",{"t":"idOrVar","v":"value"}," d."],"many":["per ",{"t":"idOrVar","v":"value"}," d."],"one":"rytoj","other":["per ",{"t":"idOrVar","v":"value"}," d."],"two":["per ",{"t":"idOrVar","v":"value"}," d."],"zero":"šiandien"},"$x":[{"t":"idOrVar","v":"plural"},"value"]},{"$i":"weeks-until-long","$v":{"few":["per ",{"t":"idOrVar","v":"value"}," sav."],"many":["per ",{"t":"idOrVar","v":"value"}," sav."],"one":"kita sav.","other":["per ",{"t":"idOrVar","v":"value"}," sav."],"two":["per ",{"t":"idOrVar","v":"value"}," sav."],"zero":"ši savaitė"},"$x":[{"t":"idOrVar","v":"plural"},"value"]},{"$i":"months-until-long","$v":{"few":["per ",{"t":"idOrVar","v":"value"}," mėn."],"many":["per ",{"t":"idOrVar","v":"value"}," mėn."],"one":"kit. mėn.","other":["per ",{"t":"idOrVar","v":"value"}," mėn."],"two":["per ",{"t":"idOrVar","v":"value"}," mėn."],"zero":"šis mėnuo"},"$x":[{"t":"idOrVar","v":"plural"},"value"]},{"$i":"years-until-long","$v":{"few":["per ",{"t":"idOrVar","v":"value"}," met."],"many":["per ",{"t":"idOrVar","v":"value"}," met."],"one":"kit. met.","other":["per ",{"t":"idOrVar","v":"value"}," met."],"two":["per ",{"t":"idOrVar","v":"value"}," met."],"zero":"šie metai"},"$x":[{"t":"idOrVar","v":"plural"},"value"]},{"$i":"minutes-ago-short","$v":{"other":["Prieš ",{"t":"idOrVar","v":"value"},"min."],"zero":"ką tik"},"$x":[{"t":"idOrVar","v":"plural"},"value"]},{"$i":"hours-ago-short","$v":{"other":["Prieš ",{"t":"idOrVar","v":"value"},"val."],"zero":"ką tik"},"$x":[{"t":"idOrVar","v":"plural"},"value"]},{"$i":"days-ago-short","$v":{"other":["Prieš ",{"t":"idOrVar","v":"value"},"d."],"zero":"šiandien"},"$x":[{"t":"idOrVar","v":"plural"},"value"]},{"$i":"minutes-until-short","$v":{"other":["per ",{"t":"idOrVar","v":"value"},"min."],"zero":"dabar"},"$x":[{"t":"idOrVar","v":"plural"},"value"]},{"$i":"hours-until-short","$v":{"other":["per ",{"t":"idOrVar","v":"value"},"val."],"zero":"dabar"},"$x":[{"t":"idOrVar","v":"plural"},"value"]},{"$i":"days-until-short","$v":{"other":["per ",{"t":"idOrVar","v":"value"},"d"],"zero":"šiandien"},"$x":[{"t":"idOrVar","v":"plural"},"value"]},{"$i":"incorrectDate","$v":"(neteisinga data)"},{"$i":"dateTimeFormat_%c","$v":"%a %b %e %Y %I:%M:%S %p"},{"$i":"dateTimeFormat_%x","$v":"%m/%d/%Y"},{"$i":"dateTimeFormat_%X","$v":"%I:%M:%S %p"},{"$i":"shortTimeFormat","$v":"%I:%M %p"},{"$i":"shortTimeFormat12","$v":"%I:%M %p"},{"$i":"shortTimeFormat24","$v":"%H:%M"},{"$i":"shortDateTimeFormat","$v":"%x %I:%M %p"},{"$i":"weekStartsOnMonday","$v":"0.0"},{"$i":"firstDayOfTheWeek","$v":"1.0"},{"$i":"softkey-options","$v":"Funkc."}]