[{"$i":"select","$v":"Selectare"},{"$i":"deselect","$v":"Deselectați"},{"$i":"kai-select","$v":"Selectare"},{"$i":"invalid-image","$v":"Imagine nevalidă"},{"$i":"image-too-big","$v":"Dimensiunea fișierului imagine este prea mare pentru a fi afișat în galerie"},{"$i":"kai-selected-items-count","$v":[{"t":"idOrVar","v":"n"}," Selectat"]},{"$i":"delete-photo?","$v":"Ștergeți fotografie?"},{"$i":"delete-video?","$v":"Ștergeți videoclipul?"},{"$i":"deleting","$v":"În curs de ștergere..."},{"$i":"delete-n-items?","$v":{"few":["Ștergeți ",{"t":"idOrVar","v":"n"}," articole?"],"many":["Ștergeți ",{"t":"idOrVar","v":"n"}," articole?"],"one":"Ștergeți articolul selectat?","other":["Ștergeți ",{"t":"idOrVar","v":"n"}," articole?"],"two":["Ștergeți ",{"t":"idOrVar","v":"n"}," articole?"],"zero":"Nu s-a selectat nimic"},"$x":[{"t":"idOrVar","v":"plural"},"n"]},{"$i":"kai-contact-set-ok","$v":"Imagine contact adăugată"},{"$i":"kai-contact-set-fail","$v":"Setare imagine contact nereușită"},{"$i":"kai-exposure-done","$v":"Expunere aplicată"},{"$i":"kai-rotation-done","$v":"Rotație aplicată"},{"$i":"kai-crop-done","$v":"Imagine decupată"},{"$i":"kai-filters-done","$v":"Filtru aplicat"},{"$i":"kai-autocorrection-done","$v":"Corectare automată aplicată"},{"$i":"kai-changes-saved","$v":"Modificări salvate"},{"$i":"wallpaper-set","$v":"Imagine de fundal setată"},{"$i":"kai-single-image-locked","$v":"Imagine selectată blocată"},{"$i":"kai-single-image-unlocked","$v":"Imagine selectată deblocată"},{"$i":"kai-single-image-deleted","$v":"Fotografie ștearsă"},{"$i":"kai-multiple-images-locked","$v":{"one":[{"t":"idOrVar","v":"n"}," fotografie blocată"],"other":[{"t":"idOrVar","v":"n"}," fotografii blocate"],"zero":"Nicio fotografie blocată"},"$x":[{"t":"idOrVar","v":"plural"},"n"]},{"$i":"kai-multiple-images-unlocked","$v":{"one":[{"t":"idOrVar","v":"n"}," fotografie deblocată"],"other":[{"t":"idOrVar","v":"n"}," fotografii deblocate"],"zero":"Nicio fotografie deblocată"},"$x":[{"t":"idOrVar","v":"plural"},"n"]},{"$i":"kai-deleted-n-photos","$v":{"one":[{"t":"idOrVar","v":"n"}," fotografie ștearsă"],"other":[{"t":"idOrVar","v":"n"}," fotografii șterse"],"zero":"Nicio fotografie ștearsă"},"$x":[{"t":"idOrVar","v":"plural"},"n"]},{"$i":"kai-some-photos-not-share","$v":"Anumite fotografii nu pot fi partajate"},{"$i":"kai-some-photos-not-delete","$v":"Anumite fotografii nu pot fi șterse"},{"$i":"kai-some-photos-not-lock","$v":"Anumite fotografii nu pot fi blocate"},{"$i":"kai-undo","$v":"Anulare"},{"$i":"pickoneimage2","$v":"Selectare"},{"$i":"cropimage","$v":"Decupare"},{"$i":"kai-on","$v":"Pornit"},{"$i":"kai-off","$v":"Oprit"},{"$i":"cancel","$v":"Anulare"},{"$i":"delete","$v":"Ștergere"},{"$i":"ok","$v":"OK"},{"$i":"edit","$v":"Editare"},{"$i":"revert","$v":"Revenire"},{"$i":"save","$v":"Salvare"},{"$i":"done","$v":"Efectuat"},{"$i":"exposure","$v":"Expunere"},{"$i":"crop","$v":"Decupare"},{"$i":"effects","$v":"Efecte"},{"$i":"borders","$v":"Margini"},{"$i":"enhance-on","$v":"Îmbunătățire automată pornită"},{"$i":"enhance-off","$v":"Îmbunătățire automată oprită"},{"$i":"kai-set","$v":"Setare"},{"$i":"kai-options","$v":"Opțiuni"},{"$i":"kai-select-all","$v":"Selectați toate"},{"$i":"kai-deselect-all","$v":"Deselectați toate"},{"$i":"kai-lock","$v":"Lock"},{"$i":"kai-unlock","$v":"Deblocare"},{"$i":"kai-rename","$v":"Redenumire"},{"$i":"kai-rotate","$v":"Rotire"},{"$i":"kai-share","$v":"Partajare"},{"$i":"kai-settings","$v":"Setări"},{"$i":"kai-set-as","$v":"Setare ca"},{"$i":"set-as-wallpaper","$v":"Setați ca imagine de fundal"},{"$i":"kai-wallpaper","$v":"Imagine de fundal"},{"$i":"kai-existing-contact-image","$v":"Img. pt. contactul existent"},{"$i":"kai-zoom","$v":"Zoom"},{"$i":"kai-zoom-in","$v":"Mărire"},{"$i":"kai-zoom-out","$v":"Micșorare"},{"$i":"kai-file-info","$v":"Info fișier"},{"$i":"kai-select-multiple","$v":"Selectați multiplu"},{"$i":"kai-invalid-name","$v":"Denumire nevalidă"},{"$i":"kai-name-already-exists","$v":"Acest nume există deja"},{"$i":"kai-override-warning-msg","$v":"Doriți să suprascrieți imaginea existentă?"},{"$i":"kai-override","$v":"Suprascriere"},{"$i":"kai-edit-title","$v":"Editați imagine"},{"$i":"kai-edit-exposure","$v":"Expunere"},{"$i":"kai-edit-crop","$v":"Decupare"},{"$i":"kai-edit-rotate","$v":"Rotire"},{"$i":"kai-edit-filters","$v":"Filters"},{"$i":"kai-edit-auto-correct","$v":"Corectare automată"},{"$i":"edit-exposure","ariaLabel":"Expunere"},{"$i":"edit-crop","ariaLabel":"Decupare"},{"$i":"edit-rotate","ariaLabel":"Rotire"},{"$i":"edit-filters","ariaLabel":"Filters"},{"$i":"edit-auto-correct","ariaLabel":"Corectare automată"},{"$i":"kai-crop-none","$v":"Anulare trunchiere"},{"$i":"kai-crop-aspect-free","$v":"Implicit"},{"$i":"kai-crop-aspect-portrait","$v":"2:3"},{"$i":"kai-crop-aspect-landscape","$v":"3:2"},{"$i":"kai-crop-aspect-square","$v":"1:1"},{"$i":"crop-none","ariaLabel":"Anulare trunchiere"},{"$i":"crop-aspect-free","ariaLabel":"Implicit"},{"$i":"crop-aspect-portrait","ariaLabel":"2:3"},{"$i":"crop-aspect-landscape","ariaLabel":"3:2"},{"$i":"crop-aspect-square","ariaLabel":"1:1"},{"$i":"edit-filters-none","ariaLabel":"Filtru 1"},{"$i":"edit-filters-bw","ariaLabel":"Filtru 2"},{"$i":"edit-filters-sepia","ariaLabel":"Filtru 3"},{"$i":"edit-filters-bluesteel","ariaLabel":"Filtru 4"},{"$i":"edit-filters-faded","ariaLabel":"Filtru 5"},{"$i":"kai-rotate-cw","$v":"În sensul acelor de ceasornic"},{"$i":"kai-rotate-ccw","$v":"CCW"},{"$i":"original","$v":"Original"},{"$i":"blackandwhite","$v":{"$o":"B&W"}},{"$i":"sepia","$v":"Sepia"},{"$i":"freeform","$v":"Formă liberă"},{"$i":"portrait","$v":"Portret"},{"$i":"landscape","$v":"Peisaj"},{"$i":"square","$v":"Pătrat"},{"$i":"emptygallery2-title","$v":"Nicio fotografie sau videoclip"},{"$i":"emptygallery2-text","$v":"Galeria este goală. Utilizați camera pentru a începe."},{"$i":"emptygallery2-title-pick","$v":"Nicio fotografie"},{"$i":"emptygallery-text-pick","$v":"Nicio fotografie disponibilă."},{"$i":"nocard3-title","$v":"Niciun card de memorie"},{"$i":"nocard4-text","$v":"Introduceți un card de memorie pentru a utiliza această aplicație."},{"$i":"pluggedin2-title","$v":"Card de memorie utilizat"},{"$i":"pluggedin2-text","$v":"Memoria este utilizată. Deconectați tel. pentru a utiliza această aplicație."},{"$i":"scanning-title","$v":"Scanare"},{"$i":"scanning-text","$v":"Scanare pentru fotografii..."},{"$i":"upgrade-title","$v":"Upgrade bază de date"},{"$i":"upgrade-text","$v":"Așteptați cât timp Galeria își actual. baza de date."},{"$i":"share-noprovider","$v":"Imposibil de partajat acest tip de fișier imagine."},{"$i":"memorycardfull","$v":"Memoria este plină. Imposibil de editat fotografii."},{"$i":"imagetoobig","$v":"Imaginea este prea mare pentru a fi afișată pe acest aparat."},{"$i":"imageinvalid","$v":"Imaginea este nevalidă sau coruptă și nu poate fi afișată."},{"$i":"saved","$v":[{"t":"idOrVar","v":"filename"}," salvat în Galerie"]},{"$i":"edit-copy-saved","$v":"Copie nouă salvată."},{"$i":"overlay-camera-button","$v":"Accesați camera"},{"$i":"name-label","$v":"Denumire"},{"$i":"size-label","$v":"Dimensiune"},{"$i":"image-type-label","$v":"Tip imagine"},{"$i":"kai-date-and-time-label","$v":"Data și ora"},{"$i":"date-taken-label","$v":"Data efectuării"},{"$i":"resolution-label","$v":"Rezoluție"},{"$i":"close-button","$v":"Închidere"},{"$i":"path-label","$v":"cale"},{"$i":"sd-card","$v":"Card SD"},{"$i":"internal","$v":"Intern"},{"$i":"byteUnit-B","$v":"Octeți"},{"$i":"byteUnit-KB","$v":"KB"},{"$i":"byteUnit-MB","$v":"MB"},{"$i":"byteUnit-GB","$v":"GB"},{"$i":"gallery","$v":"Galerie"},{"$i":"preview","$v":"Previzualizare"},{"$i":"kai-confirmation","$v":"Confirmare"},{"$i":"kai-delete-this-image","$v":"Ștergeți fotografie?"},{"$i":"kai-delete-selected-image","$v":"Ștergeți fotografia selectată?"},{"$i":"kai-delete-selected-images","$v":"Ștergeți fotografiile selectate?"},{"$i":"kai-sort-by","$v":"Sortați după"},{"$i":"kai-group-by-date-and-location","$v":"Grupare după dată"},{"$i":"kai-error","$v":"Eroare"},{"$i":"kai-error-delete-locked-image","$v":"Imaginea selectată este blocată și nu poate fi ștearsă!"},{"$i":"kai-error-delete-locked-images","$v":"Imaginile selectate conțin imagini blocate și nu au putut fi șterse!"},{"$i":"kai-enter-new-name","$v":"Introduceți numele nou"},{"$i":"sort-and-group","$v":"Sortare și grupare"},{"$i":"time_am","$v":"AM"},{"$i":"time_pm","$v":"PM"},{"$i":"date-group-header","$v":"%B %Y"},{"$i":"videoDescriptionShort","$v":"Videoclip datat %I:%M %p, %B %e, %Y"},{"$i":"imageDescriptionShort","$v":"Imagine datată %I:%M %p, %B %e, %Y"},{"$i":"editImagePreview","ariaLabel":"Editați previzualizare imagine"},{"$i":"kai-pickoneimage","$v":"Selectaţi o fotografie"},{"$i":"discard-changes-warning","$v":"Toate modificările se vor pierde. Doriți să renunțați la modificări?"},{"$i":"save-changes-warning","$v":"Toate modificările se vor pierde. Doriți să salvați modificările?"},{"$i":"discard","$v":"Renunțare"},{"$i":"camera","$v":"Cameră"},{"$i":"phone-is-full-title","$v":"Memorie telefon plină"},{"$i":"sd-card-is-full-title","$v":"Cardul SD este plin."},{"$i":"phone-is-full-content","$v":"Ștergeți fișierele media sau datele aplicației pentru a elibera spațiu. Puteți introduce și un card SD pentru a extinde stocarea media."},{"$i":"sd-card-is-full-content","$v":"Ștergeți fișierele de pe cardul SD pentru a elibera spațiu."},{"$i":"imageDescription","$v":[{"t":"idOrVar","v":"orientation"}," imagine, %I:%M %p, %B %e, %Y"]},{"$i":"imageDescriptionNoTimestamp","$v":[{"t":"idOrVar","v":"orientation"}," imagine"]},{"$i":"videoDescription","$v":[{"t":"idOrVar","v":"orientation"}," videoclip, %I:%M %p, %B %e, %Y"]},{"$i":"videoDescriptionNoTimestamp","$v":[{"t":"idOrVar","v":"orientation"}," videoclip"]},{"$i":"orientationPortrait","$v":"portret"},{"$i":"orientationLandscape","$v":"peisaj"},{"$i":"playbackPlay","ariaLabel":"Redare"},{"$i":"playbackPause","ariaLabel":"Pauză"},{"$i":"playbackNext","ariaLabel":"Înainte"},{"$i":"playbackPrevious","ariaLabel":"Anterior"},{"$i":"playbackFullscreen","ariaLabel":"Ecran întreg"},{"$i":"playbackSeekBar","ariaLabel":["Bară de căutare, durată ",{"t":"idOrVar","v":"duration"}]},{"$i":"weekday-0-long","$v":"Duminică"},{"$i":"weekday-1-long","$v":"Luni"},{"$i":"weekday-2-long","$v":"Marți"},{"$i":"weekday-3-long","$v":"Miercuri"},{"$i":"weekday-4-long","$v":"Joi"},{"$i":"weekday-5-long","$v":"Vineri"},{"$i":"weekday-6-long","$v":"Sâmbătă"},{"$i":"weekday-0-short","$v":"Dum"},{"$i":"weekday-1-short","$v":"Lun"},{"$i":"weekday-2-short","$v":"Ma"},{"$i":"weekday-3-short","$v":"Mie"},{"$i":"weekday-4-short","$v":"Joi"},{"$i":"weekday-5-short","$v":"Vi"},{"$i":"weekday-6-short","$v":"Sâm"},{"$i":"month-0-long","$v":"Ianuarie"},{"$i":"month-1-long","$v":"Februarie"},{"$i":"month-2-long","$v":"Martie"},{"$i":"month-3-long","$v":"Aprilie"},{"$i":"month-4-long","$v":"Mai"},{"$i":"month-5-long","$v":"Iunie"},{"$i":"month-6-long","$v":"Iulie"},{"$i":"month-7-long","$v":"August"},{"$i":"month-8-long","$v":"Septembrie"},{"$i":"month-9-long","$v":"Octombrie"},{"$i":"month-10-long","$v":"Noiembrie"},{"$i":"month-11-long","$v":"Decembrie"},{"$i":"month-0-genitive","$v":"Ianuarie"},{"$i":"month-1-genitive","$v":"Februarie"},{"$i":"month-2-genitive","$v":"Martie"},{"$i":"month-3-genitive","$v":"Aprilie"},{"$i":"month-4-genitive","$v":"Mai"},{"$i":"month-5-genitive","$v":"Iunie"},{"$i":"month-6-genitive","$v":"Iulie"},{"$i":"month-7-genitive","$v":"August"},{"$i":"month-8-genitive","$v":"Septembrie"},{"$i":"month-9-genitive","$v":"Octombrie"},{"$i":"month-10-genitive","$v":"Noiembrie"},{"$i":"month-11-genitive","$v":"Decembrie"},{"$i":"month-0-short","$v":"Ian"},{"$i":"month-1-short","$v":"Feb"},{"$i":"month-2-short","$v":"Mar"},{"$i":"month-3-short","$v":"Apr"},{"$i":"month-4-short","$v":"Mai"},{"$i":"month-5-short","$v":"Iun"},{"$i":"month-6-short","$v":"Iul"},{"$i":"month-7-short","$v":"Aug"},{"$i":"month-8-short","$v":"Sep"},{"$i":"month-9-short","$v":"Oct"},{"$i":"month-10-short","$v":"Nov"},{"$i":"month-11-short","$v":"Dec"},{"$i":"minutes-ago-long","$v":{"few":[{"t":"idOrVar","v":"value"}," minute în urmă"],"many":[{"t":"idOrVar","v":"value"}," minute în urmă"],"one":"un minut în urmă","other":[{"t":"idOrVar","v":"value"}," minute în urmă"],"two":[{"t":"idOrVar","v":"value"}," minute în urmă"],"zero":"chiar acum"},"$x":[{"t":"idOrVar","v":"plural"},"value"]},{"$i":"hours-ago-long","$v":{"few":[{"t":"idOrVar","v":"value"}," ore în urmă"],"many":[{"t":"idOrVar","v":"value"}," ore în urmă"],"one":"o oră în urmă","other":[{"t":"idOrVar","v":"value"}," ore în urmă"],"two":[{"t":"idOrVar","v":"value"}," ore în urmă"],"zero":"chiar acum"},"$x":[{"t":"idOrVar","v":"plural"},"value"]},{"$i":"days-ago-long","$v":{"few":[{"t":"idOrVar","v":"value"}," zile în urmă"],"many":[{"t":"idOrVar","v":"value"}," zile în urmă"],"one":"ieri","other":[{"t":"idOrVar","v":"value"}," zile în urmă"],"two":[{"t":"idOrVar","v":"value"}," zile în urmă"],"zero":"azi"},"$x":[{"t":"idOrVar","v":"plural"},"value"]},{"$i":"weeks-ago-long","$v":{"few":[{"t":"idOrVar","v":"value"}," săptămâni în urmă"],"many":[{"t":"idOrVar","v":"value"}," săptămâni în urmă"],"one":"ultima săptămână","other":[{"t":"idOrVar","v":"value"}," săptămâni în urmă"],"two":[{"t":"idOrVar","v":"value"}," săptămâni în urmă"],"zero":"această săptămână"},"$x":[{"t":"idOrVar","v":"plural"},"value"]},{"$i":"months-ago-long","$v":{"few":[{"t":"idOrVar","v":"value"}," luni în urmă"],"many":[{"t":"idOrVar","v":"value"}," luni în urmă"],"one":"ultima lună","other":[{"t":"idOrVar","v":"value"}," luni în urmă"],"two":[{"t":"idOrVar","v":"value"}," luni în urmă"],"zero":"această lună"},"$x":[{"t":"idOrVar","v":"plural"},"value"]},{"$i":"years-ago-long","$v":{"few":[{"t":"idOrVar","v":"value"}," ani în urmă"],"many":[{"t":"idOrVar","v":"value"}," ani în urmă"],"one":"ultimul an","other":[{"t":"idOrVar","v":"value"}," ani în urmă"],"two":[{"t":"idOrVar","v":"value"}," ani în urmă"],"zero":"acest an"},"$x":[{"t":"idOrVar","v":"plural"},"value"]},{"$i":"minutes-until-long","$v":{"few":["în ",{"t":"idOrVar","v":"value"}," minute"],"many":["în ",{"t":"idOrVar","v":"value"}," minute"],"one":"într-un minut","other":["în ",{"t":"idOrVar","v":"value"}," minute"],"two":["în ",{"t":"idOrVar","v":"value"}," minute"],"zero":"acum"},"$x":[{"t":"idOrVar","v":"plural"},"value"]},{"$i":"hours-until-long","$v":{"few":["în ",{"t":"idOrVar","v":"value"}," ore"],"many":["în ",{"t":"idOrVar","v":"value"}," ore"],"one":"într-o oră","other":["în ",{"t":"idOrVar","v":"value"}," ore"],"two":["în ",{"t":"idOrVar","v":"value"}," ore"],"zero":"acum"},"$x":[{"t":"idOrVar","v":"plural"},"value"]},{"$i":"days-until-long","$v":{"few":["în ",{"t":"idOrVar","v":"value"}," zile"],"many":["în ",{"t":"idOrVar","v":"value"}," zile"],"one":"mâine","other":["în ",{"t":"idOrVar","v":"value"}," zile"],"two":["în ",{"t":"idOrVar","v":"value"}," zile"],"zero":"azi"},"$x":[{"t":"idOrVar","v":"plural"},"value"]},{"$i":"weeks-until-long","$v":{"few":["în ",{"t":"idOrVar","v":"value"}," săptămâni"],"many":["în ",{"t":"idOrVar","v":"value"}," săptămâni"],"one":"săptămâna viitoare","other":["în ",{"t":"idOrVar","v":"value"}," săptămâni"],"two":["în ",{"t":"idOrVar","v":"value"}," săptămâni"],"zero":"această săptămână"},"$x":[{"t":"idOrVar","v":"plural"},"value"]},{"$i":"months-until-long","$v":{"few":["în ",{"t":"idOrVar","v":"value"}," luni"],"many":["în ",{"t":"idOrVar","v":"value"}," luni"],"one":"luna viitoare","other":["în ",{"t":"idOrVar","v":"value"}," luni"],"two":["în ",{"t":"idOrVar","v":"value"}," luni"],"zero":"această lună"},"$x":[{"t":"idOrVar","v":"plural"},"value"]},{"$i":"years-until-long","$v":{"few":["în ",{"t":"idOrVar","v":"value"}," ani"],"many":["în ",{"t":"idOrVar","v":"value"}," ani"],"one":"anul viitor","other":["în ",{"t":"idOrVar","v":"value"}," ani"],"two":["în ",{"t":"idOrVar","v":"value"}," ani"],"zero":"acest an"},"$x":[{"t":"idOrVar","v":"plural"},"value"]},{"$i":"minutes-ago-short","$v":{"other":[{"t":"idOrVar","v":"value"},"m în urmă"],"zero":"chiar acum"},"$x":[{"t":"idOrVar","v":"plural"},"value"]},{"$i":"hours-ago-short","$v":{"other":[{"t":"idOrVar","v":"value"},"h în urmă"],"zero":"chiar acum"},"$x":[{"t":"idOrVar","v":"plural"},"value"]},{"$i":"days-ago-short","$v":{"other":[{"t":"idOrVar","v":"value"},"z în urmă"],"zero":"azi"},"$x":[{"t":"idOrVar","v":"plural"},"value"]},{"$i":"minutes-until-short","$v":{"other":["în ",{"t":"idOrVar","v":"value"},"m"],"zero":"acum"},"$x":[{"t":"idOrVar","v":"plural"},"value"]},{"$i":"hours-until-short","$v":{"other":["în ",{"t":"idOrVar","v":"value"},"h"],"zero":"acum"},"$x":[{"t":"idOrVar","v":"plural"},"value"]},{"$i":"days-until-short","$v":{"other":["în ",{"t":"idOrVar","v":"value"},"z"],"zero":"azi"},"$x":[{"t":"idOrVar","v":"plural"},"value"]},{"$i":"incorrectDate","$v":"(dată incorectă)"},{"$i":"dateTimeFormat_%c","$v":"%a %b %e %Y %I:%M:%S %p"},{"$i":"dateTimeFormat_%x","$v":"%m/%d/%Y"},{"$i":"dateTimeFormat_%X","$v":"%I:%M:%S %p"},{"$i":"shortTimeFormat","$v":"%I:%M %p"},{"$i":"shortTimeFormat12","$v":"%I:%M %p"},{"$i":"shortTimeFormat24","$v":"%H:%M"},{"$i":"shortDateTimeFormat","$v":"%x %I:%M %p"},{"$i":"weekStartsOnMonday","$v":"0.0"},{"$i":"firstDayOfTheWeek","$v":"1.0"},{"$i":"softkey-options","$v":"Opțiuni"}]