[{"$i":"select","$v":"चयन गर्नुहोस्"},{"$i":"deselect","$v":"चयन हटाउनुहोस्"},{"$i":"kai-select","$v":"चयन गर्नुहोस्"},{"$i":"invalid-image","$v":"अमान्य प्रतिबिम्ब"},{"$i":"image-too-big","$v":"ग्यालरीमा प्रतिबिम्ब फाइलको आकार धेरै ठूलो छ हेर्नुहोस्."},{"$i":"kai-selected-items-count","$v":[{"t":"idOrVar","v":"n"}," चयन गरियो"]},{"$i":"delete-photo?","$v":"फोटो मेटाउनुहोस् ?"},{"$i":"delete-video?","$v":"भिडियो मेटाउनुहोस् ?"},{"$i":"deleting","$v":"मेटाउँदै..."},{"$i":"delete-n-items?","$v":{"few":[{"t":"idOrVar","v":"n"}," वस्तुहरू हटाउनुहोस् ?"],"many":[{"t":"idOrVar","v":"n"}," वस्तुहरू हटाउनुहोस् ?"],"one":"चयन गरिएको वस्तुलाई मेटाउनुहोस् ?","other":[{"t":"idOrVar","v":"n"}," वस्तुहरू हटाउनुहोस् ?"],"two":[{"t":"idOrVar","v":"n"}," वस्तुहरू हटाउनुहोस् ?"],"zero":"केहीपनि चयन गरिएन"},"$x":[{"t":"idOrVar","v":"plural"},"n"]},{"$i":"kai-contact-set-ok","$v":"सम्पर्क छवि थप्नुहोस्"},{"$i":"kai-contact-set-fail","$v":"सम्पर्क छवि सेट गर्न असफल भयो"},{"$i":"kai-exposure-done","$v":"प्रभावित लागु गरियो"},{"$i":"kai-rotation-done","$v":"परिक्रमण लागू गरियो"},{"$i":"kai-crop-done","$v":"प्रतिबिम्ब काँटछाँट गरियो"},{"$i":"kai-filters-done","$v":"फिल्टर लागू गरियो"},{"$i":"kai-autocorrection-done","$v":"स्वत-सुधार लागू गर्नुहोस्"},{"$i":"kai-changes-saved","$v":"परिवर्तनहरू बचत गरियो"},{"$i":"wallpaper-set","$v":"वालपेपर सेट गर्नुहोस्"},{"$i":"kai-single-image-locked","$v":"चयन गरिएको छवि लक भयो"},{"$i":"kai-single-image-unlocked","$v":"चयन गरिएको छवि अनलक भयो"},{"$i":"kai-single-image-deleted","$v":"फोटो मेाटइयो।"},{"$i":"kai-multiple-images-locked","$v":{"one":[{"t":"idOrVar","v":"n"}," वटा फोटो लक गरियो"],"other":[{"t":"idOrVar","v":"n"}," वटा फोटो लक गरियो"],"zero":"कुनै फोटो लक गरिएको छैन"},"$x":[{"t":"idOrVar","v":"plural"},"n"]},{"$i":"kai-multiple-images-unlocked","$v":{"one":[{"t":"idOrVar","v":"n"}," वटा फोटो अनलक गरियो"],"other":[{"t":"idOrVar","v":"n"}," वटा फोटो अनलक गरियो"],"zero":"कुनै फोटो अनलक गरिएको छैन"},"$x":[{"t":"idOrVar","v":"plural"},"n"]},{"$i":"kai-deleted-n-photos","$v":{"one":[{"t":"idOrVar","v":"n"}," वटा फोटो मेटाइयो"],"other":[{"t":"idOrVar","v":"n"}," वटा फोटोहरू मेटाइयो"],"zero":"कुनै फोटो मेटाइएन"},"$x":[{"t":"idOrVar","v":"plural"},"n"]},{"$i":"kai-some-photos-not-share","$v":"केही फोटोहरू साझा गर्न सकिँदैन"},{"$i":"kai-some-photos-not-delete","$v":"केही फोटोहरू मेटाउन सकिँदैन"},{"$i":"kai-some-photos-not-lock","$v":"केही फोटोहरू लक गर्न सकिँदैन"},{"$i":"kai-undo","$v":"अनडू गर्नुहोस्"},{"$i":"pickoneimage2","$v":"चयन गर्नुहोस्"},{"$i":"cropimage","$v":"क्रप गर्नुहोस्"},{"$i":"kai-on","$v":"खुला"},{"$i":"kai-off","$v":"निष्क्रिय"},{"$i":"cancel","$v":"रद्द गर्नुहोस्"},{"$i":"delete","$v":"मेट्नुहोस्"},{"$i":"ok","$v":"ठीक छ"},{"$i":"edit","$v":"सम्पादन गर्नुहोस्"},{"$i":"revert","$v":"पूर्वस्थितिमा ल्याउनुहोस्"},{"$i":"save","$v":"सुरक्षित गर्नुहोस्"},{"$i":"done","$v":"भयो"},{"$i":"exposure","$v":"एक्स्पोजर"},{"$i":"crop","$v":"क्रप गर्नुहोस्"},{"$i":"effects","$v":"प्रभावहरू"},{"$i":"borders","$v":"सीमाहरू"},{"$i":"enhance-on","$v":"स्वत-सुधार खुला गर्नुहोस्"},{"$i":"enhance-off","$v":"स्वत-सुधार बन्द गर्नुहोस्"},{"$i":"kai-set","$v":"सेट गर्नुहोस्"},{"$i":"kai-options","$v":"विकल्पहरू"},{"$i":"kai-select-all","$v":"सबै"},{"$i":"kai-deselect-all","$v":"कुनै पनि होइन"},{"$i":"kai-lock","$v":"लक गर्नुहोस्"},{"$i":"kai-unlock","$v":"खोल्नुहोस्"},{"$i":"kai-rename","$v":"पुनःनामाकरण गर्नुहोस्"},{"$i":"kai-rotate","$v":"घुमाउनुहोस्"},{"$i":"kai-share","$v":"साझेदारी"},{"$i":"kai-settings","$v":"सेटिङ्हरू"},{"$i":"kai-set-as","$v":"को रूपमा सेट गर्नुहोस्"},{"$i":"set-as-wallpaper","$v":"भित्तेकागजको रुपमा सेट गर्नुहोस्"},{"$i":"kai-wallpaper","$v":"वालपेपर"},{"$i":"kai-existing-contact-image","$v":"विद्यमान सम्पर्कको लागि छवि"},{"$i":"kai-zoom","$v":"जुम"},{"$i":"kai-zoom-in","$v":"जुम इन"},{"$i":"kai-zoom-out","$v":"जुम आउट"},{"$i":"kai-file-info","$v":"फाइल जानकारी"},{"$i":"kai-select-multiple","$v":"विविध चयन गर्नुहोस्"},{"$i":"kai-invalid-name","$v":"अमान्य नाम"},{"$i":"kai-name-already-exists","$v":"यो नाम पहिले नै अवस्थित छ"},{"$i":"kai-override-warning-msg","$v":"तपाईं विद्यमान छविलाई रद्द गर्न चाहनुहुन्छ"},{"$i":"kai-override","$v":"उल्लङ्घन"},{"$i":"kai-edit-title","$v":"तस्विर सम्पादन गर्नुहोस्"},{"$i":"kai-edit-exposure","$v":"एक्स्पोजर"},{"$i":"kai-edit-crop","$v":"क्रप गर्नुहोस्"},{"$i":"kai-edit-rotate","$v":"घुमाउनुहोस्"},{"$i":"kai-edit-filters","$v":"फिल्टरहरू"},{"$i":"kai-edit-auto-correct","$v":"स्वतः सुधार"},{"$i":"edit-exposure","ariaLabel":"एक्स्पोजर"},{"$i":"edit-crop","ariaLabel":"क्रप गर्नुहोस्"},{"$i":"edit-rotate","ariaLabel":"घुमाउनुहोस्"},{"$i":"edit-filters","ariaLabel":"फिल्टरहरू"},{"$i":"edit-auto-correct","ariaLabel":"स्वतः सुधार"},{"$i":"kai-crop-none","$v":"क्रपिङ अनडु गर्नुहोस्"},{"$i":"kai-crop-aspect-free","$v":"पूर्वनिर्धारित"},{"$i":"kai-crop-aspect-portrait","$v":"2:3"},{"$i":"kai-crop-aspect-landscape","$v":"3:2"},{"$i":"kai-crop-aspect-square","$v":"1:1"},{"$i":"crop-none","ariaLabel":"क्रपिङ अनडु गर्नुहोस्"},{"$i":"crop-aspect-free","ariaLabel":"पूर्वनिर्धारित"},{"$i":"crop-aspect-portrait","ariaLabel":"2:3"},{"$i":"crop-aspect-landscape","ariaLabel":"3:2"},{"$i":"crop-aspect-square","ariaLabel":"1:1"},{"$i":"edit-filters-none","ariaLabel":"फिल्टर 1"},{"$i":"edit-filters-bw","ariaLabel":"फिल्टर 2"},{"$i":"edit-filters-sepia","ariaLabel":"फिल्टर 3"},{"$i":"edit-filters-bluesteel","ariaLabel":"फिल्टर 4"},{"$i":"edit-filters-faded","ariaLabel":"फिल्टर 5"},{"$i":"kai-rotate-cw","$v":"CW"},{"$i":"kai-rotate-ccw","$v":"CCW"},{"$i":"original","$v":"वास्तविक"},{"$i":"blackandwhite","$v":{"$o":"B&W"}},{"$i":"sepia","$v":"सेपिया"},{"$i":"freeform","$v":"फ्रिफर्म"},{"$i":"portrait","$v":"पोट्रेट"},{"$i":"landscape","$v":"परिदृश्य"},{"$i":"square","$v":"वर्गाकार"},{"$i":"emptygallery2-title","$v":"फोटोहरू वा भिडियोहरू छैनन्"},{"$i":"emptygallery2-text","$v":"ग्यालरी खाली छ । सुरु गर्न क्यामेरा प्रयोग गर्नुहोस ।"},{"$i":"emptygallery2-title-pick","$v":"फोटोहरू छैनन्"},{"$i":"emptygallery-text-pick","$v":"फोटोहरू उपलब्ध छैन।"},{"$i":"nocard3-title","$v":"मेमोरी कार्ड छैन"},{"$i":"nocard4-text","$v":"एप्लिकेसन प्रयोग गर्न मेमोरी कार्ड घुसाउनुहोस्।"},{"$i":"pluggedin2-title","$v":"मेमेरी कार्ड प्रयोगमा छ"},{"$i":"pluggedin2-text","$v":"भण्डारण प्रयोगमा छ। कृपया फोनबाट एप्लिकेसन प्रयोग गर्न अनप्लग गर्नुहोस्।"},{"$i":"scanning-title","$v":"स्क्यान गर्दै"},{"$i":"scanning-text","$v":"फोटोहरूको लागि स्क्यानिङ..."},{"$i":"upgrade-title","$v":"डेटाबेस स्तरवृद्धि"},{"$i":"upgrade-text","$v":"यसको डेटाबेस ग्यालरीमा अद्यावधिकहरू छन कृपया पर्खनुहोस्।"},{"$i":"share-noprovider","$v":"यो तस्विर फाइलको प्रकार साझा गर्न सकिएन।"},{"$i":"memorycardfull","$v":"भण्डार भरिएको छ। फोटोहरू सम्पादन गर्न सकिदैन।"},{"$i":"imagetoobig","$v":"यस यन्त्रमा प्रदर्शन गर्न प्रतिबिम्ब धेरै ठूलो छ।"},{"$i":"imageinvalid","$v":"प्रतिबिम्ब अमान्य वा भ्रष्ट छ र प्रदर्शन गरिएको छैन।"},{"$i":"saved","$v":[{"t":"idOrVar","v":"filename"}," ग्यालरीमा बचत गरियो"]},{"$i":"edit-copy-saved","$v":"नयाँ प्रतिलिपि बचत गरियो।"},{"$i":"overlay-camera-button","$v":"क्यामेरामा जानुहोस्"},{"$i":"name-label","$v":"नाम"},{"$i":"size-label","$v":"आकार"},{"$i":"image-type-label","$v":"प्रतिबिम्ब प्रकार"},{"$i":"kai-date-and-time-label","$v":"मिति र समय"},{"$i":"date-taken-label","$v":"मिति लिइयो"},{"$i":"resolution-label","$v":"रिजोल्यूसन"},{"$i":"close-button","$v":"बन्द गर्नुहोस्"},{"$i":"path-label","$v":"बाटो"},{"$i":"sd-card","$v":"SD कार्ड"},{"$i":"internal","$v":"आन्तरिक"},{"$i":"byteUnit-B","$v":"बाइट"},{"$i":"byteUnit-KB","$v":"KB"},{"$i":"byteUnit-MB","$v":"MB"},{"$i":"byteUnit-GB","$v":"GB"},{"$i":"gallery","$v":"ग्यालरी"},{"$i":"preview","$v":"पूर्वावलोकन"},{"$i":"kai-confirmation","$v":"पुष्टिकरण"},{"$i":"kai-delete-this-image","$v":"फोटो मेटाउनुहोस् ?"},{"$i":"kai-delete-selected-image","$v":"चयन गरिएको फोटोहरू मेटाउनुहोस्"},{"$i":"kai-delete-selected-images","$v":"चयन गरिएको फोटोहरू मेटाउनुहोस् ?"},{"$i":"kai-sort-by","$v":"यसद्वारा क्रमवद्घ गर्नुहोस्"},{"$i":"kai-group-by-date-and-location","$v":"मितिद्वारा ग्रुप गर्नुहोस्"},{"$i":"kai-error","$v":"त्रुटि"},{"$i":"kai-error-delete-locked-image","$v":"चयन भएको छवि लक छ र मेट्न सकिदैन!"},{"$i":"kai-error-delete-locked-images","$v":"चयन भएको तस्वीरहरूले सुरक्षित तस्विर आवृत गर्छ र त्यसलाई मेट्न सकिदैन!"},{"$i":"kai-enter-new-name","$v":"नयाँ नाम प्रविष्ट गर्नुहोस्"},{"$i":"sort-and-group","$v":"क्रमबद्ध गरेर समूह बनाउनुहोस्"},{"$i":"time_am","$v":"AM"},{"$i":"time_pm","$v":"PM"},{"$i":"date-group-header","$v":"%B %Y"},{"$i":"videoDescriptionShort","$v":"मितिको भिडियो %I:%M %p, %B %e, %Y"},{"$i":"imageDescriptionShort","$v":"प्रतिबिम्ब मितिको %I:%M %p, %B %e, %Y"},{"$i":"editImagePreview","ariaLabel":"छविको पूर्वावलोकन सम्पादन गर्नुहोस्"},{"$i":"kai-pickoneimage","$v":"फोटो चयन गर्नुहोस"},{"$i":"discard-changes-warning","$v":"सबै परिवर्तन हरायो। तपाईं परिवर्तनहरू हटाउन चाहनुहुन्छ ?"},{"$i":"save-changes-warning","$v":"सबै परिवर्तन हरायो। परिवर्तनहरूलाई बचत गर्ने?"},{"$i":"discard","$v":"त्याग्नुहोस्"},{"$i":"camera","$v":"क्यामेरा"},{"$i":"phone-is-full-title","$v":"फोन भण्डारण भरिएको छ"},{"$i":"sd-card-is-full-title","$v":"एस.डि कार्ड पूरा छ"},{"$i":"phone-is-full-content","$v":"स्थान खाली गर्न मिडिया फाइल वा आवेदन मितिलाई मेटाउनुहोस्। तपाईंले मिडिया भण्डारणलाई विस्तार गर्न एस.डि कार्डलाई घुसाउन सक्नुहुन्छ ।"},{"$i":"sd-card-is-full-content","$v":"स्थान खाली गर्न एस.डि कार्डमा रहेका फाइलहरूलाई मेटाउनुहोस्।"},{"$i":"imageDescription","$v":[{"t":"idOrVar","v":"orientation"}," छवि, %I:%M %p, %B %e, %Y"]},{"$i":"imageDescriptionNoTimestamp","$v":[{"t":"idOrVar","v":"orientation"}," छवि"]},{"$i":"videoDescription","$v":[{"t":"idOrVar","v":"orientation"}," भिडियो, %I:%M %p, %B %e, %Y"]},{"$i":"videoDescriptionNoTimestamp","$v":[{"t":"idOrVar","v":"orientation"}," भिडियो"]},{"$i":"orientationPortrait","$v":"पोट्रेट"},{"$i":"orientationLandscape","$v":"परिदृश्य"},{"$i":"playbackPlay","ariaLabel":"चलाउनुहोस्"},{"$i":"playbackPause","ariaLabel":"पज गर्नुहोस्"},{"$i":"playbackNext","ariaLabel":"अर्को"},{"$i":"playbackPrevious","ariaLabel":"अघिल्लो"},{"$i":"playbackFullscreen","ariaLabel":"पूर्ण स्क्रिन"},{"$i":"playbackSeekBar","ariaLabel":["खोज्ने पट्टी, अवधि ",{"t":"idOrVar","v":"duration"}]},{"$i":"weekday-0-long","$v":"आइतबार"},{"$i":"weekday-1-long","$v":"सोमबार"},{"$i":"weekday-2-long","$v":"मङ्गलबार"},{"$i":"weekday-3-long","$v":"बुधबार"},{"$i":"weekday-4-long","$v":"बिहिबार"},{"$i":"weekday-5-long","$v":"शुक्रबार"},{"$i":"weekday-6-long","$v":"शनिबार"},{"$i":"weekday-0-short","$v":"सूर्य"},{"$i":"weekday-1-short","$v":"सोमबार"},{"$i":"weekday-2-short","$v":"मङ्गलबार"},{"$i":"weekday-3-short","$v":"बुधबार"},{"$i":"weekday-4-short","$v":"बिहीबार"},{"$i":"weekday-5-short","$v":"शुक्रबार"},{"$i":"weekday-6-short","$v":"शनिबार"},{"$i":"month-0-long","$v":"जनवरी"},{"$i":"month-1-long","$v":"फेब्रुअरी"},{"$i":"month-2-long","$v":"मार्च"},{"$i":"month-3-long","$v":"अप्रिल"},{"$i":"month-4-long","$v":"मे"},{"$i":"month-5-long","$v":"जुन"},{"$i":"month-6-long","$v":"जुलाइ"},{"$i":"month-7-long","$v":"अगस्ट"},{"$i":"month-8-long","$v":"सेप्टेम्बर"},{"$i":"month-9-long","$v":"अक्टुबर"},{"$i":"month-10-long","$v":"नोभेम्बर"},{"$i":"month-11-long","$v":"डिसेम्बर"},{"$i":"month-0-genitive","$v":"जनवरी"},{"$i":"month-1-genitive","$v":"फेब्रुअरी"},{"$i":"month-2-genitive","$v":"मार्च"},{"$i":"month-3-genitive","$v":"अप्रिल"},{"$i":"month-4-genitive","$v":"मे"},{"$i":"month-5-genitive","$v":"जुन"},{"$i":"month-6-genitive","$v":"जुलाइ"},{"$i":"month-7-genitive","$v":"अगस्ट"},{"$i":"month-8-genitive","$v":"सेप्टेम्बर"},{"$i":"month-9-genitive","$v":"अक्टुबर"},{"$i":"month-10-genitive","$v":"नोभेम्बर"},{"$i":"month-11-genitive","$v":"डिसेम्बर"},{"$i":"month-0-short","$v":"जनवरी"},{"$i":"month-1-short","$v":"फेब्रुअरी"},{"$i":"month-2-short","$v":"मार्च"},{"$i":"month-3-short","$v":"अप्रिल"},{"$i":"month-4-short","$v":"मे"},{"$i":"month-5-short","$v":"जुन"},{"$i":"month-6-short","$v":"जुलाई"},{"$i":"month-7-short","$v":"अगस्ट"},{"$i":"month-8-short","$v":"सेप्टेम्बर"},{"$i":"month-9-short","$v":"अक्टोबर"},{"$i":"month-10-short","$v":"नोभेम्बर"},{"$i":"month-11-short","$v":"डिसेम्बर"},{"$i":"minutes-ago-long","$v":{"few":[{"t":"idOrVar","v":"value"}," मिनेट पहिला"],"many":[{"t":"idOrVar","v":"value"}," मिनेट पहिला"],"one":"एक मिनेट अघि","other":[{"t":"idOrVar","v":"value"}," मिनेट पहिला"],"two":[{"t":"idOrVar","v":"value"}," मिनेट पहिला"],"zero":"अहिले भर्खर"},"$x":[{"t":"idOrVar","v":"plural"},"value"]},{"$i":"hours-ago-long","$v":{"few":[{"t":"idOrVar","v":"value"}," घण्टा पहिला"],"many":[{"t":"idOrVar","v":"value"}," घण्टा पहिला"],"one":"एक घण्टा अघि","other":[{"t":"idOrVar","v":"value"}," घण्टा पहिला"],"two":[{"t":"idOrVar","v":"value"}," घण्टा पहिला"],"zero":"अहिले भर्खर"},"$x":[{"t":"idOrVar","v":"plural"},"value"]},{"$i":"days-ago-long","$v":{"few":[{"t":"idOrVar","v":"value"}," दिन पहिला"],"many":[{"t":"idOrVar","v":"value"}," दिन पहिला"],"one":"हिजो","other":[{"t":"idOrVar","v":"value"}," दिन पहिला"],"two":[{"t":"idOrVar","v":"value"}," दिन पहिला"],"zero":"आज"},"$x":[{"t":"idOrVar","v":"plural"},"value"]},{"$i":"weeks-ago-long","$v":{"few":[{"t":"idOrVar","v":"value"}," हप्ता पहिला"],"many":[{"t":"idOrVar","v":"value"}," हप्ता पहिला"],"one":"गत हप्ता","other":[{"t":"idOrVar","v":"value"}," हप्ता पहिला"],"two":[{"t":"idOrVar","v":"value"}," हप्ता पहिला"],"zero":"यो हप्ता"},"$x":[{"t":"idOrVar","v":"plural"},"value"]},{"$i":"months-ago-long","$v":{"few":[{"t":"idOrVar","v":"value"}," महिना पहिला"],"many":[{"t":"idOrVar","v":"value"}," महिना पहिला"],"one":"गत महिना","other":[{"t":"idOrVar","v":"value"}," महिना पहिला"],"two":[{"t":"idOrVar","v":"value"}," महिना पहिला"],"zero":"यो महिना"},"$x":[{"t":"idOrVar","v":"plural"},"value"]},{"$i":"years-ago-long","$v":{"few":[{"t":"idOrVar","v":"value"}," वर्ष पहिला"],"many":[{"t":"idOrVar","v":"value"}," वर्ष पहिला"],"one":"गएको वर्ष","other":[{"t":"idOrVar","v":"value"}," वर्ष पहिला"],"two":[{"t":"idOrVar","v":"value"}," वर्ष पहिला"],"zero":"यो वर्ष"},"$x":[{"t":"idOrVar","v":"plural"},"value"]},{"$i":"minutes-until-long","$v":{"few":[{"t":"idOrVar","v":"value"}," मिनेटमा"],"many":[{"t":"idOrVar","v":"value"}," मिनेटमा"],"one":"एक मिनेटमा","other":[{"t":"idOrVar","v":"value"}," मिनेटमा"],"two":[{"t":"idOrVar","v":"value"}," मिनेटमा"],"zero":"अहिले"},"$x":[{"t":"idOrVar","v":"plural"},"value"]},{"$i":"hours-until-long","$v":{"few":[{"t":"idOrVar","v":"value"}," घण्टामा"],"many":[{"t":"idOrVar","v":"value"}," घण्टामा"],"one":"एक घण्टामा","other":[{"t":"idOrVar","v":"value"}," घण्टामा"],"two":[{"t":"idOrVar","v":"value"}," घण्टामा"],"zero":"अहिले"},"$x":[{"t":"idOrVar","v":"plural"},"value"]},{"$i":"days-until-long","$v":{"few":[{"t":"idOrVar","v":"value"}," दिनमा"],"many":[{"t":"idOrVar","v":"value"}," दिनमा"],"one":"भोली","other":[{"t":"idOrVar","v":"value"}," दिनमा"],"two":[{"t":"idOrVar","v":"value"}," दिनमा"],"zero":"आज"},"$x":[{"t":"idOrVar","v":"plural"},"value"]},{"$i":"weeks-until-long","$v":{"few":[{"t":"idOrVar","v":"value"}," हप्तामा"],"many":[{"t":"idOrVar","v":"value"}," हप्तामा"],"one":"अर्को हप्ता","other":[{"t":"idOrVar","v":"value"}," हप्तामा"],"two":[{"t":"idOrVar","v":"value"}," हप्तामा"],"zero":"यो हप्ता"},"$x":[{"t":"idOrVar","v":"plural"},"value"]},{"$i":"months-until-long","$v":{"few":[{"t":"idOrVar","v":"value"}," महिनामा"],"many":[{"t":"idOrVar","v":"value"}," महिनामा"],"one":"अर्को महिना","other":[{"t":"idOrVar","v":"value"}," महिनामा"],"two":[{"t":"idOrVar","v":"value"}," महिनामा"],"zero":"यो महिना"},"$x":[{"t":"idOrVar","v":"plural"},"value"]},{"$i":"years-until-long","$v":{"few":[{"t":"idOrVar","v":"value"}," वर्षमा"],"many":[{"t":"idOrVar","v":"value"}," वर्षमा"],"one":"अर्को वर्ष","other":[{"t":"idOrVar","v":"value"}," वर्षमा"],"two":[{"t":"idOrVar","v":"value"}," वर्षमा"],"zero":"यो वर्ष"},"$x":[{"t":"idOrVar","v":"plural"},"value"]},{"$i":"minutes-ago-short","$v":{"other":[{"t":"idOrVar","v":"value"}," मिनेट पहिला"],"zero":"अहिले भर्खर"},"$x":[{"t":"idOrVar","v":"plural"},"value"]},{"$i":"hours-ago-short","$v":{"other":[{"t":"idOrVar","v":"value"},"घण्टा पहिला"],"zero":"अहिले भर्खर"},"$x":[{"t":"idOrVar","v":"plural"},"value"]},{"$i":"days-ago-short","$v":{"other":[{"t":"idOrVar","v":"value"},"दिन पहिला"],"zero":"आज"},"$x":[{"t":"idOrVar","v":"plural"},"value"]},{"$i":"minutes-until-short","$v":{"other":[{"t":"idOrVar","v":"value"}," मिनेटमा"],"zero":"अहिले"},"$x":[{"t":"idOrVar","v":"plural"},"value"]},{"$i":"hours-until-short","$v":{"other":[{"t":"idOrVar","v":"value"}," घण्टामा"],"zero":"अहिले"},"$x":[{"t":"idOrVar","v":"plural"},"value"]},{"$i":"days-until-short","$v":{"other":[{"t":"idOrVar","v":"value"}," दिनमा"],"zero":"आज"},"$x":[{"t":"idOrVar","v":"plural"},"value"]},{"$i":"incorrectDate","$v":"(गलत मिति)"},{"$i":"dateTimeFormat_%c","$v":"%a %b %e %Y %I:%M:%S %p"},{"$i":"dateTimeFormat_%x","$v":"%m/%d/%Y"},{"$i":"dateTimeFormat_%X","$v":"%I:%M:%S %p"},{"$i":"shortTimeFormat","$v":"%I:%M %p"},{"$i":"shortTimeFormat12","$v":"%I:%M %p"},{"$i":"shortTimeFormat24","$v":"%H:%M"},{"$i":"shortDateTimeFormat","$v":"%x %I:%M %p"},{"$i":"weekStartsOnMonday","$v":"0.0"},{"$i":"firstDayOfTheWeek","$v":"0.0"},{"$i":"softkey-options","$v":"विकल्पहरू"}]