[{"$i":"select","$v":"Selecteer"},{"$i":"deselect","$v":"Deselecteren"},{"$i":"kai-select","$v":"Selecteer"},{"$i":"invalid-image","$v":"Ongeldige afbeelding"},{"$i":"image-too-big","$v":"Bestandsgrootte van afbeelding is te groot om weer te geven in galerij."},{"$i":"kai-selected-items-count","$v":[{"t":"idOrVar","v":"n"}," geselecteerd"]},{"$i":"delete-photo?","$v":"Foto verwijderen?"},{"$i":"delete-video?","$v":"Video verwijderen?"},{"$i":"deleting","$v":"Verwijderen..."},{"$i":"delete-n-items?","$v":{"few":[{"t":"idOrVar","v":"n"}," items verwijderen?"],"many":[{"t":"idOrVar","v":"n"}," items verwijderen?"],"one":"Geselecteerd item verwijderen?","other":[{"t":"idOrVar","v":"n"}," items verwijderen?"],"two":[{"t":"idOrVar","v":"n"}," items verwijderen?"],"zero":"Niets geselecteerd"},"$x":[{"t":"idOrVar","v":"plural"},"n"]},{"$i":"kai-contact-set-ok","$v":"Contactafbeelding toegevoegd"},{"$i":"kai-contact-set-fail","$v":"Kan contactafbeelding niet instellen"},{"$i":"kai-exposure-done","$v":"Belichting toegepast"},{"$i":"kai-rotation-done","$v":"Rotatie toegepast"},{"$i":"kai-crop-done","$v":"Afbeelding bijgesneden"},{"$i":"kai-filters-done","$v":"Filter toegepast"},{"$i":"kai-autocorrection-done","$v":"Auto-correctie toegepast"},{"$i":"kai-changes-saved","$v":"Wijzigingen opgeslagen"},{"$i":"wallpaper-set","$v":"Achtergrond ingesteld"},{"$i":"kai-single-image-locked","$v":"Geselecteerde afbeelding vergrendeld"},{"$i":"kai-single-image-unlocked","$v":"Geselecteerde afbeelding ontgrendeld"},{"$i":"kai-single-image-deleted","$v":"Foto verwijderd."},{"$i":"kai-multiple-images-locked","$v":{"one":[{"t":"idOrVar","v":"n"}," foto vergrendeld"],"other":[{"t":"idOrVar","v":"n"}," foto's vergrendeld"],"zero":"Geen foto vergrendeld"},"$x":[{"t":"idOrVar","v":"plural"},"n"]},{"$i":"kai-multiple-images-unlocked","$v":{"one":[{"t":"idOrVar","v":"n"}," foto ontgrendeld"],"other":[{"t":"idOrVar","v":"n"}," foto's ontgrendeld"],"zero":"Geen foto ontgrendeld"},"$x":[{"t":"idOrVar","v":"plural"},"n"]},{"$i":"kai-deleted-n-photos","$v":{"one":[{"t":"idOrVar","v":"n"}," foto verwijderd"],"other":[{"t":"idOrVar","v":"n"}," afbeeldingen verwijderd"],"zero":"Geen foto verwijderd"},"$x":[{"t":"idOrVar","v":"plural"},"n"]},{"$i":"kai-some-photos-not-share","$v":"Sommige foto's kunnen niet worden gedeeld"},{"$i":"kai-some-photos-not-delete","$v":"Sommige foto's kunnen niet worden verwijderd"},{"$i":"kai-some-photos-not-lock","$v":"Sommige foto's kunnen niet worden vergrendeld"},{"$i":"kai-undo","$v":"Ongedaan maken"},{"$i":"pickoneimage2","$v":"Selecteer"},{"$i":"cropimage","$v":"Bijsnijden"},{"$i":"kai-on","$v":"Aan"},{"$i":"kai-off","$v":"Uit"},{"$i":"cancel","$v":"Annuleren"},{"$i":"delete","$v":"Verwijderen"},{"$i":"ok","$v":"OK"},{"$i":"edit","$v":"Bewerken"},{"$i":"revert","$v":"Terugzetten"},{"$i":"save","$v":"Opslaan"},{"$i":"done","$v":"Gereed"},{"$i":"exposure","$v":"Belichting"},{"$i":"crop","$v":"Bijsnijden"},{"$i":"effects","$v":"Effecten"},{"$i":"borders","$v":"Randen"},{"$i":"enhance-on","$v":"Automatisch verbeteren ingeschakeld"},{"$i":"enhance-off","$v":"Automatisch verbeteren uitgeschakeld"},{"$i":"kai-set","$v":"Instellen"},{"$i":"kai-options","$v":"Opties"},{"$i":"kai-select-all","$v":"Alles"},{"$i":"kai-deselect-all","$v":"Geen"},{"$i":"kai-lock","$v":"Vergrendelen"},{"$i":"kai-unlock","$v":"Ontgrendelen"},{"$i":"kai-rename","$v":"Naam wijzigen"},{"$i":"kai-rotate","$v":"Draaien"},{"$i":"kai-share","$v":"Delen"},{"$i":"kai-settings","$v":"Instellingen"},{"$i":"kai-set-as","$v":"Instellen als"},{"$i":"set-as-wallpaper","$v":"Instellen als achtergrond"},{"$i":"kai-wallpaper","$v":"Achtergrond"},{"$i":"kai-existing-contact-image","$v":"Afb. voor bestaande contact"},{"$i":"kai-zoom","$v":"In-/uitzoomen"},{"$i":"kai-zoom-in","$v":"Inzoomen"},{"$i":"kai-zoom-out","$v":"Uitzoomen"},{"$i":"kai-file-info","$v":"Bestandsgegevens"},{"$i":"kai-select-multiple","$v":"Meerdere selecteren"},{"$i":"kai-invalid-name","$v":"Ongeldige naam"},{"$i":"kai-name-already-exists","$v":"Deze naam bestaat al"},{"$i":"kai-override-warning-msg","$v":"Wilt u de bestaande afbeelding negeren?"},{"$i":"kai-override","$v":"Negeren"},{"$i":"kai-edit-title","$v":"Afbeelding bewerken"},{"$i":"kai-edit-exposure","$v":"Belichting"},{"$i":"kai-edit-crop","$v":"Bijsnijden"},{"$i":"kai-edit-rotate","$v":"Draaien"},{"$i":"kai-edit-filters","$v":"Filters"},{"$i":"kai-edit-auto-correct","$v":"Auto-correctie"},{"$i":"edit-exposure","ariaLabel":"Belichting"},{"$i":"edit-crop","ariaLabel":"Bijsnijden"},{"$i":"edit-rotate","ariaLabel":"Draaien"},{"$i":"edit-filters","ariaLabel":"Filters"},{"$i":"edit-auto-correct","ariaLabel":"Auto-correctie"},{"$i":"kai-crop-none","$v":"Bijsnijden ongedaan maken"},{"$i":"kai-crop-aspect-free","$v":"Standaard"},{"$i":"kai-crop-aspect-portrait","$v":"2:3"},{"$i":"kai-crop-aspect-landscape","$v":"3:2"},{"$i":"kai-crop-aspect-square","$v":"1:1"},{"$i":"crop-none","ariaLabel":"Bijsnijden ongedaan maken"},{"$i":"crop-aspect-free","ariaLabel":"Standaard"},{"$i":"crop-aspect-portrait","ariaLabel":"2:3"},{"$i":"crop-aspect-landscape","ariaLabel":"3:2"},{"$i":"crop-aspect-square","ariaLabel":"1:1"},{"$i":"edit-filters-none","ariaLabel":"Filter 1"},{"$i":"edit-filters-bw","ariaLabel":"Filter 2"},{"$i":"edit-filters-sepia","ariaLabel":"Filter 3"},{"$i":"edit-filters-bluesteel","ariaLabel":"Filter 4"},{"$i":"edit-filters-faded","ariaLabel":"Filter 5"},{"$i":"kai-rotate-cw","$v":"CW"},{"$i":"kai-rotate-ccw","$v":"CCW"},{"$i":"original","$v":"Origineel"},{"$i":"blackandwhite","$v":"Z/W"},{"$i":"sepia","$v":"Sepia"},{"$i":"freeform","$v":"Freeform"},{"$i":"portrait","$v":"Staand"},{"$i":"landscape","$v":"Liggend"},{"$i":"square","$v":"Vierkant"},{"$i":"emptygallery2-title","$v":"Geen foto's of video's"},{"$i":"emptygallery2-text","$v":"Galerij is leeg. Gebruik de camera om aan de slag te gaan."},{"$i":"emptygallery2-title-pick","$v":"Geen foto's"},{"$i":"emptygallery-text-pick","$v":"Geen foto's beschikbaar."},{"$i":"nocard3-title","$v":"Geen geheugenkaart"},{"$i":"nocard4-text","$v":"Plaats een geheugenkaart om deze app te gebruiken."},{"$i":"pluggedin2-title","$v":"Geheugenkaart is in gebruik"},{"$i":"pluggedin2-text","$v":"Opslag is in gebruik. Koppel de telefoon los om deze app te gebruiken."},{"$i":"scanning-title","$v":"Scannen"},{"$i":"scanning-text","$v":"Scannen naar foto's..."},{"$i":"upgrade-title","$v":"Database-upgrade"},{"$i":"upgrade-text","$v":"Een ogenblik geduld totdat Galerij de database heeft bijgewerkt."},{"$i":"share-noprovider","$v":"Kan dit type afbeeldingsbestand niet delen."},{"$i":"memorycardfull","$v":"Opslag is vol. Kan geen foto's bewerken."},{"$i":"imagetoobig","$v":"De afbeelding is te groot om weer te geven op dit apparaat."},{"$i":"imageinvalid","$v":"Afbeelding is ongeldig of beschadigd en kan niet worden weergegeven."},{"$i":"saved","$v":[{"t":"idOrVar","v":"filename"}," opgeslagen in Galerij"]},{"$i":"edit-copy-saved","$v":"Nieuw exemplaar opgeslagen."},{"$i":"overlay-camera-button","$v":"Ga naar Camera"},{"$i":"name-label","$v":"Naam"},{"$i":"size-label","$v":"Grootte"},{"$i":"image-type-label","$v":"Afbeeldingstype"},{"$i":"kai-date-and-time-label","$v":"Datum en tijd"},{"$i":"date-taken-label","$v":"Gemaakt op"},{"$i":"resolution-label","$v":"Resolutie"},{"$i":"close-button","$v":"Sluiten"},{"$i":"path-label","$v":"Pad"},{"$i":"sd-card","$v":"SD-kaart"},{"$i":"internal","$v":"Intern"},{"$i":"byteUnit-B","$v":"Bytes"},{"$i":"byteUnit-KB","$v":"KB"},{"$i":"byteUnit-MB","$v":"MB"},{"$i":"byteUnit-GB","$v":"GB"},{"$i":"gallery","$v":"Galerij"},{"$i":"preview","$v":"Voorbeeld"},{"$i":"kai-confirmation","$v":"Bevestiging"},{"$i":"kai-delete-this-image","$v":"Foto verwijderen?"},{"$i":"kai-delete-selected-image","$v":"Geselecteerde foto verwijderen?"},{"$i":"kai-delete-selected-images","$v":"Geselecteerde foto's verwijderen?"},{"$i":"kai-sort-by","$v":"Sorteren op"},{"$i":"kai-group-by-date-and-location","$v":"Groeperen op datum"},{"$i":"kai-error","$v":"Fout"},{"$i":"kai-error-delete-locked-image","$v":"De geselecteerde afbeelding is vergrendeld en kan niet worden verwijderd."},{"$i":"kai-error-delete-locked-images","$v":"De geselecteerde afbeeldingen bevatten vergrendelde afbeelding(en) en kunnen niet worden verwijderd."},{"$i":"kai-enter-new-name","$v":"Nieuwe naam invoeren"},{"$i":"sort-and-group","$v":"Sorteren en groeperen"},{"$i":"time_am","$v":"AM"},{"$i":"time_pm","$v":"PM"},{"$i":"date-group-header","$v":"%B %Y"},{"$i":"videoDescriptionShort","$v":"Video gemaakt op %I:%M %p, %B %e, %Y"},{"$i":"imageDescriptionShort","$v":"Afbeelding gemaakt op %I:%M %p, %B %e, %Y"},{"$i":"editImagePreview","ariaLabel":"Afbeeldingsvoorbeeld bewerken"},{"$i":"kai-pickoneimage","$v":"Een foto selecteren"},{"$i":"discard-changes-warning","$v":"Alle wijzigingen gaan verloren. Wilt u de wijzigingen verwijderen?"},{"$i":"save-changes-warning","$v":"Alle wijzigingen gaan verloren. Wijzigingen opslaan?"},{"$i":"discard","$v":"Weggooien"},{"$i":"camera","$v":"Camera"},{"$i":"phone-is-full-title","$v":"Telefoonopslag vol"},{"$i":"sd-card-is-full-title","$v":"SD-kaart vol"},{"$i":"phone-is-full-content","$v":"Verwijder mediabestanden of app-gegevens om geheugen vrij te maken. U kunt ook een SD-kaart plaatsen om de media-opslag uit te breiden."},{"$i":"sd-card-is-full-content","$v":"Verwijder bestanden van de SD-kaart om geheugen vrij te maken."},{"$i":"imageDescription","$v":[{"t":"idOrVar","v":"orientation"}," afbeelding, %I:%M %p, %B %e, %Y"]},{"$i":"imageDescriptionNoTimestamp","$v":[{"t":"idOrVar","v":"orientation"}," afbeelding"]},{"$i":"videoDescription","$v":[{"t":"idOrVar","v":"orientation"}," video, %I:%M %p, %B %e, %Y"]},{"$i":"videoDescriptionNoTimestamp","$v":[{"t":"idOrVar","v":"orientation"}," video"]},{"$i":"orientationPortrait","$v":"staand"},{"$i":"orientationLandscape","$v":"liggend"},{"$i":"playbackPlay","ariaLabel":"Afspelen"},{"$i":"playbackPause","ariaLabel":"Pauzeren"},{"$i":"playbackNext","ariaLabel":"Volgende"},{"$i":"playbackPrevious","ariaLabel":"Vorige"},{"$i":"playbackFullscreen","ariaLabel":"Volledig scherm"},{"$i":"playbackSeekBar","ariaLabel":["Zoekbalk, duur ",{"t":"idOrVar","v":"duration"}]},{"$i":"weekday-0-long","$v":"zondag"},{"$i":"weekday-1-long","$v":"maandag"},{"$i":"weekday-2-long","$v":"dinsdag"},{"$i":"weekday-3-long","$v":"woensdag"},{"$i":"weekday-4-long","$v":"donderdag"},{"$i":"weekday-5-long","$v":"vrijdag"},{"$i":"weekday-6-long","$v":"zaterdag"},{"$i":"weekday-0-short","$v":"Zon"},{"$i":"weekday-1-short","$v":"Maa"},{"$i":"weekday-2-short","$v":"Din"},{"$i":"weekday-3-short","$v":"Woe"},{"$i":"weekday-4-short","$v":"Don"},{"$i":"weekday-5-short","$v":"Vrij"},{"$i":"weekday-6-short","$v":"Zat"},{"$i":"month-0-long","$v":"januari"},{"$i":"month-1-long","$v":"februari"},{"$i":"month-2-long","$v":"maart"},{"$i":"month-3-long","$v":"april"},{"$i":"month-4-long","$v":"mei"},{"$i":"month-5-long","$v":"juni"},{"$i":"month-6-long","$v":"juli"},{"$i":"month-7-long","$v":"augustus"},{"$i":"month-8-long","$v":"september"},{"$i":"month-9-long","$v":"oktober"},{"$i":"month-10-long","$v":"november"},{"$i":"month-11-long","$v":"december"},{"$i":"month-0-genitive","$v":"januari"},{"$i":"month-1-genitive","$v":"februari"},{"$i":"month-2-genitive","$v":"maart"},{"$i":"month-3-genitive","$v":"april"},{"$i":"month-4-genitive","$v":"mei"},{"$i":"month-5-genitive","$v":"juni"},{"$i":"month-6-genitive","$v":"juli"},{"$i":"month-7-genitive","$v":"augustus"},{"$i":"month-8-genitive","$v":"september"},{"$i":"month-9-genitive","$v":"oktober"},{"$i":"month-10-genitive","$v":"november"},{"$i":"month-11-genitive","$v":"december"},{"$i":"month-0-short","$v":"Jan"},{"$i":"month-1-short","$v":"Feb"},{"$i":"month-2-short","$v":"Maa"},{"$i":"month-3-short","$v":"Apr"},{"$i":"month-4-short","$v":"mei"},{"$i":"month-5-short","$v":"Jun"},{"$i":"month-6-short","$v":"Jul"},{"$i":"month-7-short","$v":"Aug"},{"$i":"month-8-short","$v":"Sep"},{"$i":"month-9-short","$v":"Okt"},{"$i":"month-10-short","$v":"Nov"},{"$i":"month-11-short","$v":"Dec"},{"$i":"minutes-ago-long","$v":{"few":[{"t":"idOrVar","v":"value"}," minuten geleden"],"many":[{"t":"idOrVar","v":"value"}," minuten geleden"],"one":"een minuut geleden","other":[{"t":"idOrVar","v":"value"}," minuten geleden"],"two":[{"t":"idOrVar","v":"value"}," minuten geleden"],"zero":"zojuist"},"$x":[{"t":"idOrVar","v":"plural"},"value"]},{"$i":"hours-ago-long","$v":{"few":[{"t":"idOrVar","v":"value"}," uur geleden"],"many":[{"t":"idOrVar","v":"value"}," uur geleden"],"one":"een uur geleden","other":[{"t":"idOrVar","v":"value"}," uur geleden"],"two":[{"t":"idOrVar","v":"value"}," uur geleden"],"zero":"zojuist"},"$x":[{"t":"idOrVar","v":"plural"},"value"]},{"$i":"days-ago-long","$v":{"few":[{"t":"idOrVar","v":"value"}," dagen geleden"],"many":[{"t":"idOrVar","v":"value"}," dagen geleden"],"one":"gisteren","other":[{"t":"idOrVar","v":"value"}," dagen geleden"],"two":[{"t":"idOrVar","v":"value"}," dagen geleden"],"zero":"vandaag"},"$x":[{"t":"idOrVar","v":"plural"},"value"]},{"$i":"weeks-ago-long","$v":{"few":[{"t":"idOrVar","v":"value"}," weken geleden"],"many":[{"t":"idOrVar","v":"value"}," weken geleden"],"one":"vorige week","other":[{"t":"idOrVar","v":"value"}," weken geleden"],"two":[{"t":"idOrVar","v":"value"}," weken geleden"],"zero":"deze week"},"$x":[{"t":"idOrVar","v":"plural"},"value"]},{"$i":"months-ago-long","$v":{"few":[{"t":"idOrVar","v":"value"}," maanden geleden"],"many":[{"t":"idOrVar","v":"value"}," maanden geleden"],"one":"vorige maand","other":[{"t":"idOrVar","v":"value"}," maanden geleden"],"two":[{"t":"idOrVar","v":"value"}," maanden geleden"],"zero":"deze maand"},"$x":[{"t":"idOrVar","v":"plural"},"value"]},{"$i":"years-ago-long","$v":{"few":[{"t":"idOrVar","v":"value"}," jaar geleden"],"many":[{"t":"idOrVar","v":"value"}," jaar geleden"],"one":"vorig jaar","other":[{"t":"idOrVar","v":"value"}," jaar geleden"],"two":[{"t":"idOrVar","v":"value"}," jaar geleden"],"zero":"dit jaar"},"$x":[{"t":"idOrVar","v":"plural"},"value"]},{"$i":"minutes-until-long","$v":{"few":["over ",{"t":"idOrVar","v":"value"}," minuten"],"many":["over ",{"t":"idOrVar","v":"value"}," minuten"],"one":"over een minuut","other":["over ",{"t":"idOrVar","v":"value"}," minuten"],"two":["over ",{"t":"idOrVar","v":"value"}," minuten"],"zero":"nu"},"$x":[{"t":"idOrVar","v":"plural"},"value"]},{"$i":"hours-until-long","$v":{"few":["over ",{"t":"idOrVar","v":"value"}," uur"],"many":["over ",{"t":"idOrVar","v":"value"}," uur"],"one":"over een uur","other":["over ",{"t":"idOrVar","v":"value"}," uur"],"two":["over ",{"t":"idOrVar","v":"value"}," uur"],"zero":"nu"},"$x":[{"t":"idOrVar","v":"plural"},"value"]},{"$i":"days-until-long","$v":{"few":["over ",{"t":"idOrVar","v":"value"}," dagen"],"many":["over ",{"t":"idOrVar","v":"value"}," dagen"],"one":"morgen","other":["over ",{"t":"idOrVar","v":"value"}," dagen"],"two":["over ",{"t":"idOrVar","v":"value"}," dagen"],"zero":"vandaag"},"$x":[{"t":"idOrVar","v":"plural"},"value"]},{"$i":"weeks-until-long","$v":{"few":["over ",{"t":"idOrVar","v":"value"}," weken"],"many":["over ",{"t":"idOrVar","v":"value"}," weken"],"one":"volgende week","other":["over ",{"t":"idOrVar","v":"value"}," weken"],"two":["over ",{"t":"idOrVar","v":"value"}," weken"],"zero":"deze week"},"$x":[{"t":"idOrVar","v":"plural"},"value"]},{"$i":"months-until-long","$v":{"few":["over ",{"t":"idOrVar","v":"value"}," maanden"],"many":["over ",{"t":"idOrVar","v":"value"}," maanden"],"one":"volgende maand","other":["over ",{"t":"idOrVar","v":"value"}," maanden"],"two":["over ",{"t":"idOrVar","v":"value"}," maanden"],"zero":"deze maand"},"$x":[{"t":"idOrVar","v":"plural"},"value"]},{"$i":"years-until-long","$v":{"few":["over ",{"t":"idOrVar","v":"value"}," jaar"],"many":["over ",{"t":"idOrVar","v":"value"}," jaar"],"one":"volgend jaar","other":["over ",{"t":"idOrVar","v":"value"}," jaar"],"two":["over ",{"t":"idOrVar","v":"value"}," jaar"],"zero":"dit jaar"},"$x":[{"t":"idOrVar","v":"plural"},"value"]},{"$i":"minutes-ago-short","$v":{"other":[{"t":"idOrVar","v":"value"},"m geleden"],"zero":"zojuist"},"$x":[{"t":"idOrVar","v":"plural"},"value"]},{"$i":"hours-ago-short","$v":{"other":[{"t":"idOrVar","v":"value"},"u geleden"],"zero":"zojuist"},"$x":[{"t":"idOrVar","v":"plural"},"value"]},{"$i":"days-ago-short","$v":{"other":[{"t":"idOrVar","v":"value"},"d geleden"],"zero":"vandaag"},"$x":[{"t":"idOrVar","v":"plural"},"value"]},{"$i":"minutes-until-short","$v":{"other":["over ",{"t":"idOrVar","v":"value"},"m"],"zero":"nu"},"$x":[{"t":"idOrVar","v":"plural"},"value"]},{"$i":"hours-until-short","$v":{"other":["over ",{"t":"idOrVar","v":"value"},"u"],"zero":"nu"},"$x":[{"t":"idOrVar","v":"plural"},"value"]},{"$i":"days-until-short","$v":{"other":["over ",{"t":"idOrVar","v":"value"},"d"],"zero":"vandaag"},"$x":[{"t":"idOrVar","v":"plural"},"value"]},{"$i":"incorrectDate","$v":"(onjuiste datum)"},{"$i":"dateTimeFormat_%c","$v":"%a %b %e %Y %I:%M:%S %p"},{"$i":"dateTimeFormat_%x","$v":"%m/%d/%Y"},{"$i":"dateTimeFormat_%X","$v":"%I:%M:%S %p"},{"$i":"shortTimeFormat","$v":"%I:%M %p"},{"$i":"shortTimeFormat12","$v":"%I:%M %p"},{"$i":"shortTimeFormat24","$v":"%H:%M"},{"$i":"shortDateTimeFormat","$v":"%x %I:%M %p"},{"$i":"weekStartsOnMonday","$v":"0.0"},{"$i":"firstDayOfTheWeek","$v":"1.0"},{"$i":"softkey-options","$v":"Opties"}]