[{"$i":"select","$v":"انتخال کړئ"},{"$i":"deselect","$v":"غیر انتخاب کړئ"},{"$i":"kai-select","$v":"انتخال کړئ"},{"$i":"invalid-image","$v":"غلط انخور"},{"$i":"image-too-big","$v":"ګالري کې د ښودولو لپاره د انځور اندازه خورا لویه ده"},{"$i":"kai-selected-items-count","$v":[{"t":"idOrVar","v":"n"}," انتخاب شو"]},{"$i":"delete-photo?","$v":"انځور لرې کړئ؟"},{"$i":"delete-video?","$v":"ویډیو لرې کړي؟"},{"$i":"deleting","$v":"لرې کول…"},{"$i":"delete-n-items?","$v":{"few":[{"t":"idOrVar","v":"n"}," توکې لرې کړي؟"],"many":[{"t":"idOrVar","v":"n"}," توکې لرې کړي؟"],"one":"انتخاب شوی توکې لری کړئ؟","other":[{"t":"idOrVar","v":"n"}," توکې لرې کړي؟"],"two":[{"t":"idOrVar","v":"n"}," توکې لرې کړي؟"],"zero":"هیڅ انتخاب شوي ندي"},"$x":[{"t":"idOrVar","v":"plural"},"n"]},{"$i":"kai-contact-set-ok","$v":"د تماس انځور اضافه شو"},{"$i":"kai-contact-set-fail","$v":"د اړیکې د انځور ټاکلو کې ناکام شو"},{"$i":"kai-exposure-done","$v":"څرګندول پلې شو"},{"$i":"kai-rotation-done","$v":"تاوول پلي شو"},{"$i":"kai-crop-done","$v":"انځور غوڅ شو"},{"$i":"kai-filters-done","$v":"فلټر پلی شو"},{"$i":"kai-autocorrection-done","$v":"اتومات اصلاح پلې شوه"},{"$i":"kai-changes-saved","$v":"تغیرات ثبت شول"},{"$i":"wallpaper-set","$v":"وال پیپر وټاکل شو"},{"$i":"kai-single-image-locked","$v":"انتخاب شوی شکل کلپ شو"},{"$i":"kai-single-image-unlocked","$v":"انتخاب شوی شکل خلاص شو"},{"$i":"kai-single-image-deleted","$v":"انځور لرې شو"},{"$i":"kai-multiple-images-locked","$v":{"one":["د ",{"t":"idOrVar","v":"n"}," انځور قلف شو."],"other":["د ",{"t":"idOrVar","v":"n"}," انځورونه قلف شو."],"zero":"هيڅ انځور قلف نشو"},"$x":[{"t":"idOrVar","v":"plural"},"n"]},{"$i":"kai-multiple-images-unlocked","$v":{"one":["د ",{"t":"idOrVar","v":"n"}," انځور قلف خلاص شو."],"other":["د ",{"t":"idOrVar","v":"n"}," انځورونو قلف خلاص شو."],"zero":"د هيڅ انځور قلف خلاص نشو"},"$x":[{"t":"idOrVar","v":"plural"},"n"]},{"$i":"kai-deleted-n-photos","$v":{"one":[{"t":"idOrVar","v":"n"}," عکس لری شو"],"other":[{"t":"idOrVar","v":"n"}," عکس لری شو"],"zero":"عکس لری نشو"},"$x":[{"t":"idOrVar","v":"plural"},"n"]},{"$i":"kai-some-photos-not-share","$v":"ځینې عکسونه شریکېدای نشي"},{"$i":"kai-some-photos-not-delete","$v":"ځينې عکسونه پاکېدای نشي"},{"$i":"kai-some-photos-not-lock","$v":"ځینې عکسونه قفل کېدای نشي"},{"$i":"kai-undo","$v":"نکول"},{"$i":"pickoneimage2","$v":"انتخال کړئ"},{"$i":"cropimage","$v":"محصول"},{"$i":"kai-on","$v":"آن"},{"$i":"kai-off","$v":"خاموش"},{"$i":"cancel","$v":"کول"},{"$i":"delete","$v":"لرې کول"},{"$i":"ok","$v":"اوکی"},{"$i":"edit","$v":"اصلاح کول"},{"$i":"revert","$v":"وګرځوئ"},{"$i":"save","$v":"محفوظ کړئ"},{"$i":"done","$v":"وشو"},{"$i":"exposure","$v":"څرګندول"},{"$i":"crop","$v":"محصول"},{"$i":"effects","$v":"رنګونه"},{"$i":"borders","$v":"حدودات"},{"$i":"enhance-on","$v":"اتومات زیاتول آڼ"},{"$i":"enhance-off","$v":"اتومات زیاتول آف"},{"$i":"kai-set","$v":"انتخاب کړئ"},{"$i":"kai-options","$v":"غوراوي"},{"$i":"kai-select-all","$v":"ټول انتخاب کړئ"},{"$i":"kai-deselect-all","$v":"ټول انتخاب نه کول"},{"$i":"kai-lock","$v":"Lock"},{"$i":"kai-unlock","$v":"خلاصول"},{"$i":"kai-rename","$v":"نوم بدل کړئ"},{"$i":"kai-rotate","$v":"تاوول"},{"$i":"kai-share","$v":"شریک کړئ"},{"$i":"kai-settings","$v":"تنظیمات"},{"$i":"kai-set-as","$v":"په ډول وټاکئ"},{"$i":"set-as-wallpaper","$v":"د والپیپر په ډول وټاکئ"},{"$i":"kai-wallpaper","$v":"وال پیپر بدل شو"},{"$i":"kai-existing-contact-image","$v":"د موجوده تماس لپاره انځور"},{"$i":"kai-zoom","$v":"زوم کول"},{"$i":"kai-zoom-in","$v":"عټ کړئ"},{"$i":"kai-zoom-out","$v":"کوچنی کړئ"},{"$i":"kai-file-info","$v":"د فایل معلوت"},{"$i":"kai-select-multiple","$v":"متعدد انتخاب کړئ"},{"$i":"kai-invalid-name","$v":"غلط نوم"},{"$i":"kai-name-already-exists","$v":"دا نوم د مخه شتون لري"},{"$i":"kai-override-warning-msg","$v":"ایا غواړئ موجوده شکل لغوه کړئ؟"},{"$i":"kai-override","$v":"باطل کول"},{"$i":"kai-edit-title","$v":"انځور اصلاح کړئ"},{"$i":"kai-edit-exposure","$v":"څرګندول"},{"$i":"kai-edit-crop","$v":"محصول"},{"$i":"kai-edit-rotate","$v":"تاوول"},{"$i":"kai-edit-filters","$v":"فلټرونه"},{"$i":"kai-edit-auto-correct","$v":"اتومات اصلاح"},{"$i":"edit-exposure","ariaLabel":"څرګندول"},{"$i":"edit-crop","ariaLabel":"محصول"},{"$i":"edit-rotate","ariaLabel":"تاوول"},{"$i":"edit-filters","ariaLabel":"فلټرونه"},{"$i":"edit-auto-correct","ariaLabel":"اتومات اصلاح"},{"$i":"kai-crop-none","$v":"نه قطعه کول"},{"$i":"kai-crop-aspect-free","$v":"اصلي عیارونه"},{"$i":"kai-crop-aspect-portrait","$v":"2:3"},{"$i":"kai-crop-aspect-landscape","$v":"3:2"},{"$i":"kai-crop-aspect-square","$v":"1:1"},{"$i":"crop-none","ariaLabel":"نه قطعه کول"},{"$i":"crop-aspect-free","ariaLabel":"اصلي عیارونه"},{"$i":"crop-aspect-portrait","ariaLabel":"2:3"},{"$i":"crop-aspect-landscape","ariaLabel":"3:2"},{"$i":"crop-aspect-square","ariaLabel":"1:1"},{"$i":"edit-filters-none","ariaLabel":"1 فلټر"},{"$i":"edit-filters-bw","ariaLabel":"2 فلټر"},{"$i":"edit-filters-sepia","ariaLabel":"3فلټر"},{"$i":"edit-filters-bluesteel","ariaLabel":"4 فلټر"},{"$i":"edit-filters-faded","ariaLabel":"5 فلټر"},{"$i":"kai-rotate-cw","$v":"CW"},{"$i":"kai-rotate-ccw","$v":"CCW"},{"$i":"original","$v":"اصلي"},{"$i":"blackandwhite","$v":"بي او ډبل یو"},{"$i":"sepia","$v":"سیپیا"},{"$i":"freeform","$v":"وړیا فورمه"},{"$i":"portrait","$v":"افقې"},{"$i":"landscape","$v":"عمودی"},{"$i":"square","$v":"مربع"},{"$i":"emptygallery2-title","$v":"انځور یا ویډیو نشته"},{"$i":"emptygallery2-text","$v":"ګالري خالي ده. شروع کول لپاره کامره ولګوئ."},{"$i":"emptygallery2-title-pick","$v":"انځور نشته"},{"$i":"emptygallery-text-pick","$v":"انځور شتون نلري"},{"$i":"nocard3-title","$v":"میموري کار نشته"},{"$i":"nocard4-text","$v":"ددې اپلیکیشن د کارولو لپاره میموري کارډ داخل کړئ."},{"$i":"pluggedin2-title","$v":"میموري کارډ مصروف دی"},{"$i":"pluggedin2-text","$v":"ذخیره مصروفه ده. مهرباني وکړئ. ددې آپلیکیشن د کارولو لپاره ټیلیفون د جارچ څخه وباسئ."},{"$i":"scanning-title","$v":"لټه کول"},{"$i":"scanning-text","$v":"د انځورونو لپاره لټه کوی..."},{"$i":"upgrade-title","$v":"د ډیټابیس نوی کول"},{"$i":"upgrade-text","$v":"مهرباني وکړئ ترڅو ګالري خپل ډیټابیس آپډیټ کړي."},{"$i":"share-noprovider","$v":"د انځور دا ډول نشي شریک کیدای."},{"$i":"memorycardfull","$v":"ذخیره ډکه ده. انځورونه اصلاح کولی نشي."},{"$i":"imagetoobig","$v":"انځور پدې اله کې د ښودلو لپاره ډیر غټ دی."},{"$i":"imageinvalid","$v":"انځور بې باوره یا خراب دی، ښودل کیدای نشي."},{"$i":"saved","$v":[{"t":"idOrVar","v":"filename"}," ګالري کې خوندي شو"]},{"$i":"edit-copy-saved","$v":"نوې کاپي ثبت شوه"},{"$i":"overlay-camera-button","$v":"کامرې لاړ شئ"},{"$i":"name-label","$v":"نوم"},{"$i":"size-label","$v":"اندازه"},{"$i":"image-type-label","$v":"د انځور ډول"},{"$i":"kai-date-and-time-label","$v":"تاریخ او وخت"},{"$i":"date-taken-label","$v":"د ترلاسه کولو تاریخ"},{"$i":"resolution-label","$v":"تتوالی"},{"$i":"close-button","$v":"بندول"},{"$i":"path-label","$v":"لار"},{"$i":"sd-card","$v":"‏SD کارډ"},{"$i":"internal","$v":"داخلي"},{"$i":"byteUnit-B","$v":"بایټس"},{"$i":"byteUnit-KB","$v":"KB"},{"$i":"byteUnit-MB","$v":"MB"},{"$i":"byteUnit-GB","$v":"جي بي"},{"$i":"gallery","$v":"ګالری"},{"$i":"preview","$v":"ښودنه"},{"$i":"kai-confirmation","$v":"تصدیق"},{"$i":"kai-delete-this-image","$v":"انځور لرې کړئ؟"},{"$i":"kai-delete-selected-image","$v":"انتخاب شوی انځور لرې کړي؟"},{"$i":"kai-delete-selected-images","$v":"انتخاب شوی انځور لرې کړي؟"},{"$i":"kai-sort-by","$v":"ترتیب کړئ په"},{"$i":"kai-group-by-date-and-location","$v":"د تاریخ پر اساس ګروپ کول"},{"$i":"kai-error","$v":"خطا"},{"$i":"kai-error-delete-locked-image","$v":"انتخاب شوی شکل کلپ دی او لرې کیدای نشي!"},{"$i":"kai-error-delete-locked-images","$v":"انتخاب شوي شکلونو کې کلپ شکلونه شامل دي او لري کیدای نشي!"},{"$i":"kai-enter-new-name","$v":"نوی نوم داخل کړئ"},{"$i":"sort-and-group","$v":"ترتیب او ګروپ کړئ"},{"$i":"time_am","$v":"سهار"},{"$i":"time_pm","$v":"ماښام"},{"$i":"date-group-header","$v":"%B %Y"},{"$i":"videoDescriptionShort","$v":"د ویډیو تاریخ %I:%M %p, %B %e, %Y"},{"$i":"imageDescriptionShort","$v":"انځور نیټه %I:%M %p, %B %e, %Y"},{"$i":"editImagePreview","ariaLabel":"د انځور ښودونکی اصلاح کړئ"},{"$i":"kai-pickoneimage","$v":"یو انځور انتخاب کړئ"},{"$i":"discard-changes-warning","$v":"ټول تغیرات به له منځه لاړ شي. غواړی تغیرات ترک کړئ؟"},{"$i":"save-changes-warning","$v":"ټول تغیرات به له منځه لاړ شي. غواړی تغیرات ثبت کړئ؟"},{"$i":"discard","$v":"پریښودل"},{"$i":"camera","$v":"کیمره"},{"$i":"phone-is-full-title","$v":"Pamięć telefonu pełna"},{"$i":"sd-card-is-full-title","$v":"‏SD‏ کارډ ډک دي"},{"$i":"phone-is-full-content","$v":"میډیا فایلونه یا اپلیکېشن ډېټا پاکه کړئ تر څو خالي ځای ترلاسه کړئ. تاسو همدا راز کولی شئ د میډیا ذخیرې د پراخولو لپاره SD کارډ د ننه کړئ."},{"$i":"sd-card-is-full-content","$v":"په SD کارډ کې فایلونه پاک کړئ تر څو ځای خالي کړئ."},{"$i":"imageDescription","$v":[{"t":"idOrVar","v":"orientation"}," تصویرر, %I:%M %p, %B %e, %Y"]},{"$i":"imageDescriptionNoTimestamp","$v":[{"t":"idOrVar","v":"orientation"}," تصویر"]},{"$i":"videoDescription","$v":[{"t":"idOrVar","v":"orientation"}," ویډیو, %I:%M %p, %B %e, %Y"]},{"$i":"videoDescriptionNoTimestamp","$v":[{"t":"idOrVar","v":"orientation"}," ویډیو"]},{"$i":"orientationPortrait","$v":"افقې"},{"$i":"orientationLandscape","$v":"عمودی"},{"$i":"playbackPlay","ariaLabel":"وغږوه"},{"$i":"playbackPause","ariaLabel":"درول"},{"$i":"playbackNext","ariaLabel":"بل/راتلونکی"},{"$i":"playbackPrevious","ariaLabel":"مخکنی"},{"$i":"playbackFullscreen","ariaLabel":"مکمل سکرین"},{"$i":"playbackSeekBar","ariaLabel":[{"t":"idOrVar","v":"duration"},"د لټولو پټۍ، موده"]},{"$i":"weekday-0-long","$v":"یکشنبه"},{"$i":"weekday-1-long","$v":"دوشنبه"},{"$i":"weekday-2-long","$v":"سه شنبه"},{"$i":"weekday-3-long","$v":"چهارشنبه"},{"$i":"weekday-4-long","$v":"پنجشنبه"},{"$i":"weekday-5-long","$v":"جمعه"},{"$i":"weekday-6-long","$v":"شنبه"},{"$i":"weekday-0-short","$v":"لمر"},{"$i":"weekday-1-short","$v":"دو"},{"$i":"weekday-2-short","$v":"سه"},{"$i":"weekday-3-short","$v":"چهار"},{"$i":"weekday-4-short","$v":"پنج."},{"$i":"weekday-5-short","$v":"جمعه"},{"$i":"weekday-6-short","$v":"هفته"},{"$i":"month-0-long","$v":"جنوری"},{"$i":"month-1-long","$v":"فروری"},{"$i":"month-2-long","$v":"مارچ"},{"$i":"month-3-long","$v":"اپریل"},{"$i":"month-4-long","$v":"مئی"},{"$i":"month-5-long","$v":"جون"},{"$i":"month-6-long","$v":"جولائی"},{"$i":"month-7-long","$v":"اګست"},{"$i":"month-8-long","$v":"ستمبر"},{"$i":"month-9-long","$v":"اکتوبر"},{"$i":"month-10-long","$v":"نومبر"},{"$i":"month-11-long","$v":"دسمبر"},{"$i":"month-0-genitive","$v":"جنوری"},{"$i":"month-1-genitive","$v":"فروری"},{"$i":"month-2-genitive","$v":"مارچ"},{"$i":"month-3-genitive","$v":"اپریل"},{"$i":"month-4-genitive","$v":"مئی"},{"$i":"month-5-genitive","$v":"جون"},{"$i":"month-6-genitive","$v":"جولائی"},{"$i":"month-7-genitive","$v":"اګست"},{"$i":"month-8-genitive","$v":"ستمبر"},{"$i":"month-9-genitive","$v":"اکتوبر"},{"$i":"month-10-genitive","$v":"نومبر"},{"$i":"month-11-genitive","$v":"دسمبر"},{"$i":"month-0-short","$v":"جنوری"},{"$i":"month-1-short","$v":"فروری"},{"$i":"month-2-short","$v":"مارچ"},{"$i":"month-3-short","$v":"اپریل"},{"$i":"month-4-short","$v":"مئی"},{"$i":"month-5-short","$v":"جون"},{"$i":"month-6-short","$v":"جولائی"},{"$i":"month-7-short","$v":"اګست"},{"$i":"month-8-short","$v":"ستمبر"},{"$i":"month-9-short","$v":"اکتوبر"},{"$i":"month-10-short","$v":"نومبر"},{"$i":"month-11-short","$v":"دسمبر"},{"$i":"minutes-ago-long","$v":{"few":[{"t":"idOrVar","v":"value"}," دقی مخکې"],"many":[{"t":"idOrVar","v":"value"}," دقی مخکې"],"one":"یو دقیقه مخکې","other":[{"t":"idOrVar","v":"value"}," دقی مخکې"],"two":[{"t":"idOrVar","v":"value"}," دقی مخکې"],"zero":"همدا اوس"},"$x":[{"t":"idOrVar","v":"plural"},"value"]},{"$i":"hours-ago-long","$v":{"few":[{"t":"idOrVar","v":"value"}," ساعته مخکې"],"many":[{"t":"idOrVar","v":"value"}," ساعته مخکې"],"one":"یو ساعت مخکې","other":[{"t":"idOrVar","v":"value"}," ساعته مخکې"],"two":[{"t":"idOrVar","v":"value"}," ساعته مخکې"],"zero":"همدا اوس"},"$x":[{"t":"idOrVar","v":"plural"},"value"]},{"$i":"days-ago-long","$v":{"few":[{"t":"idOrVar","v":"value"}," ورځي مخکې"],"many":[{"t":"idOrVar","v":"value"}," ورځي مخکې"],"one":"پرون","other":[{"t":"idOrVar","v":"value"}," ورځي مخکې"],"two":[{"t":"idOrVar","v":"value"}," ورځي مخکې"],"zero":"نن"},"$x":[{"t":"idOrVar","v":"plural"},"value"]},{"$i":"weeks-ago-long","$v":{"few":[{"t":"idOrVar","v":"value"}," اوونئ مخکې"],"many":[{"t":"idOrVar","v":"value"}," اوونئ مخکې"],"one":"تیره اوونۍ","other":[{"t":"idOrVar","v":"value"}," اوونئ مخکې"],"two":[{"t":"idOrVar","v":"value"}," اوونئ مخکې"],"zero":"دا اونۍ"},"$x":[{"t":"idOrVar","v":"plural"},"value"]},{"$i":"months-ago-long","$v":{"few":[{"t":"idOrVar","v":"value"}," میاشتي مخکې"],"many":[{"t":"idOrVar","v":"value"}," میاشتي مخکې"],"one":"تیره میاشت","other":[{"t":"idOrVar","v":"value"}," میاشتي مخکې"],"two":[{"t":"idOrVar","v":"value"}," میاشتي مخکې"],"zero":"دا میاشت"},"$x":[{"t":"idOrVar","v":"plural"},"value"]},{"$i":"years-ago-long","$v":{"few":[{"t":"idOrVar","v":"value"}," کاله مخکې"],"many":[{"t":"idOrVar","v":"value"}," کاله مخکې"],"one":"تیر کال","other":[{"t":"idOrVar","v":"value"}," کاله مخکې"],"two":[{"t":"idOrVar","v":"value"}," کاله مخکې"],"zero":"دا کال"},"$x":[{"t":"idOrVar","v":"plural"},"value"]},{"$i":"minutes-until-long","$v":{"few":["په ",{"t":"idOrVar","v":"value"}," دقیقو"],"many":["په ",{"t":"idOrVar","v":"value"}," دقیقو"],"one":"په یوه دقیقه کې","other":["په ",{"t":"idOrVar","v":"value"}," دقیقو"],"two":["په ",{"t":"idOrVar","v":"value"}," دقیقو"],"zero":"اوس"},"$x":[{"t":"idOrVar","v":"plural"},"value"]},{"$i":"hours-until-long","$v":{"few":["په ",{"t":"idOrVar","v":"value"}," ساعتونو"],"many":["په ",{"t":"idOrVar","v":"value"}," ساعتونو"],"one":"په یو ساعت کې","other":["په ",{"t":"idOrVar","v":"value"}," ساعتونو"],"two":["په ",{"t":"idOrVar","v":"value"}," ساعتونو"],"zero":"اوس"},"$x":[{"t":"idOrVar","v":"plural"},"value"]},{"$i":"days-until-long","$v":{"few":["په ",{"t":"idOrVar","v":"value"}," ورځو"],"many":["په ",{"t":"idOrVar","v":"value"}," ورځو"],"one":"سبا","other":["په ",{"t":"idOrVar","v":"value"}," ورځو"],"two":["په ",{"t":"idOrVar","v":"value"}," ورځو"],"zero":"نن"},"$x":[{"t":"idOrVar","v":"plural"},"value"]},{"$i":"weeks-until-long","$v":{"few":["په ",{"t":"idOrVar","v":"value"}," اوونیو"],"many":["په ",{"t":"idOrVar","v":"value"}," اوونیو"],"one":"راتلونکې اوونۍ","other":["په ",{"t":"idOrVar","v":"value"}," اوونیو"],"two":["په ",{"t":"idOrVar","v":"value"}," اوونیو"],"zero":"دا اونۍ"},"$x":[{"t":"idOrVar","v":"plural"},"value"]},{"$i":"months-until-long","$v":{"few":["په ",{"t":"idOrVar","v":"value"}," میاشتو"],"many":["په ",{"t":"idOrVar","v":"value"}," میاشتو"],"one":"راتلونکې میاشت","other":["په ",{"t":"idOrVar","v":"value"}," میاشتو"],"two":["په ",{"t":"idOrVar","v":"value"}," میاشتو"],"zero":"دا میاشت"},"$x":[{"t":"idOrVar","v":"plural"},"value"]},{"$i":"years-until-long","$v":{"few":["په ",{"t":"idOrVar","v":"value"}," کلونو"],"many":["په ",{"t":"idOrVar","v":"value"}," کلونو"],"one":"راتلونکی کال","other":["په ",{"t":"idOrVar","v":"value"}," کلونو"],"two":["په ",{"t":"idOrVar","v":"value"}," کلونو"],"zero":"دا کال"},"$x":[{"t":"idOrVar","v":"plural"},"value"]},{"$i":"minutes-ago-short","$v":{"other":[{"t":"idOrVar","v":"value"},"دقه مخکې"],"zero":"همدا اوس"},"$x":[{"t":"idOrVar","v":"plural"},"value"]},{"$i":"hours-ago-short","$v":{"other":[{"t":"idOrVar","v":"value"},"ساعت مخکې"],"zero":"همدا اوس"},"$x":[{"t":"idOrVar","v":"plural"},"value"]},{"$i":"days-ago-short","$v":{"other":[{"t":"idOrVar","v":"value"},"ورځ مخکې"],"zero":"نن"},"$x":[{"t":"idOrVar","v":"plural"},"value"]},{"$i":"minutes-until-short","$v":{"other":["په ",{"t":"idOrVar","v":"value"}," دقیقو"],"zero":"اوس"},"$x":[{"t":"idOrVar","v":"plural"},"value"]},{"$i":"hours-until-short","$v":{"other":["په ",{"t":"idOrVar","v":"value"}," ساعتونو"],"zero":"اوس"},"$x":[{"t":"idOrVar","v":"plural"},"value"]},{"$i":"days-until-short","$v":{"other":["په ",{"t":"idOrVar","v":"value"}," ورځو"],"zero":"نن"},"$x":[{"t":"idOrVar","v":"plural"},"value"]},{"$i":"incorrectDate","$v":"(غلطه نیټه)"},{"$i":"dateTimeFormat_%c","$v":"%a %b %e %Y %I:%M:%S %p"},{"$i":"dateTimeFormat_%x","$v":"%m/%d/%Y"},{"$i":"dateTimeFormat_%X","$v":"%I:%M:%S %p"},{"$i":"shortTimeFormat","$v":"%I:%M %p"},{"$i":"shortTimeFormat12","$v":"%I:%M %p"},{"$i":"shortTimeFormat24","$v":"%H:%M"},{"$i":"shortDateTimeFormat","$v":"%x %I:%M %p"},{"$i":"weekStartsOnMonday","$v":"0.0"},{"$i":"firstDayOfTheWeek","$v":"0.0"},{"$i":"softkey-options","$v":"غوراوي"}]