[{"$i":"select","$v":"Selecionar"},{"$i":"deselect","$v":"Desmarcar"},{"$i":"kai-select","$v":"Selecionar"},{"$i":"invalid-image","$v":"Imagem inválida"},{"$i":"image-too-big","$v":"O tamanho do arquivo de imagem é muito grande para ser mostrado na galeria."},{"$i":"kai-selected-items-count","$v":[{"t":"idOrVar","v":"n"}," selecionado(s)"]},{"$i":"delete-photo?","$v":"Excluir foto?"},{"$i":"delete-video?","$v":"Excluir vídeo?"},{"$i":"deleting","$v":"Excluindo..."},{"$i":"delete-n-items?","$v":{"few":["Excluir ",{"t":"idOrVar","v":"n"}," itens?"],"many":["Excluir ",{"t":"idOrVar","v":"n"}," itens?"],"one":"Excluir item selecionado?","other":["Excluir ",{"t":"idOrVar","v":"n"}," itens?"],"two":["Excluir ",{"t":"idOrVar","v":"n"}," itens?"],"zero":"Nada selecionado"},"$x":[{"t":"idOrVar","v":"plural"},"n"]},{"$i":"kai-contact-set-ok","$v":"Imagem de contato adicionada"},{"$i":"kai-contact-set-fail","$v":"Falha ao definir imagem de contato"},{"$i":"kai-exposure-done","$v":"Exposição aplicada"},{"$i":"kai-rotation-done","$v":"Rotação aplicada"},{"$i":"kai-crop-done","$v":"Imagem recortada"},{"$i":"kai-filters-done","$v":"Filtro aplicado"},{"$i":"kai-autocorrection-done","$v":"Correção automática aplicada"},{"$i":"kai-changes-saved","$v":"Alterações salvas"},{"$i":"wallpaper-set","$v":"Definir papel de parede"},{"$i":"kai-single-image-locked","$v":"Fotografia selecionada bloqueada"},{"$i":"kai-single-image-unlocked","$v":"Fotografia selecionada desbloqueada"},{"$i":"kai-single-image-deleted","$v":"Foto excluída."},{"$i":"kai-multiple-images-locked","$v":{"one":[{"t":"idOrVar","v":"n"}," foto bloqueada"],"other":[{"t":"idOrVar","v":"n"}," fotos bloqueadas"],"zero":"Nenhuma foto bloqueada"},"$x":[{"t":"idOrVar","v":"plural"},"n"]},{"$i":"kai-multiple-images-unlocked","$v":{"one":[{"t":"idOrVar","v":"n"}," foto desbloqueada"],"other":[{"t":"idOrVar","v":"n"}," fotos desbloqueadas"],"zero":"Nenhuma foto desbloqueada"},"$x":[{"t":"idOrVar","v":"plural"},"n"]},{"$i":"kai-deleted-n-photos","$v":{"one":[{"t":"idOrVar","v":"n"}," fotos excluídas"],"other":[{"t":"idOrVar","v":"n"}," fotografias eliminadas"],"zero":"Nenhuma foto excluída"},"$x":[{"t":"idOrVar","v":"plural"},"n"]},{"$i":"kai-some-photos-not-share","$v":"Algumas fotos não podem ser compartilhadas"},{"$i":"kai-some-photos-not-delete","$v":"Algumas fotos não podem ser excluídas"},{"$i":"kai-some-photos-not-lock","$v":"Algumas fotos não podem ser bloqueadas"},{"$i":"kai-undo","$v":"Desfazer"},{"$i":"pickoneimage2","$v":"Selecionar"},{"$i":"cropimage","$v":"Recortar"},{"$i":"kai-on","$v":"Ativado"},{"$i":"kai-off","$v":"Desativado"},{"$i":"cancel","$v":"Cancelar"},{"$i":"delete","$v":"Excluir"},{"$i":"ok","$v":"OK"},{"$i":"edit","$v":"Editar"},{"$i":"revert","$v":"Reverter"},{"$i":"save","$v":"Salvar"},{"$i":"done","$v":"Concluído"},{"$i":"exposure","$v":"Exposição"},{"$i":"crop","$v":"Recortar"},{"$i":"effects","$v":"Efeitos"},{"$i":"borders","$v":"Limites"},{"$i":"enhance-on","$v":"Aprimoramento automático ativado"},{"$i":"enhance-off","$v":"Aprimoramento automático desativado"},{"$i":"kai-set","$v":"Definir"},{"$i":"kai-options","$v":"Opções"},{"$i":"kai-select-all","$v":"Tudo"},{"$i":"kai-deselect-all","$v":"Nenhum"},{"$i":"kai-lock","$v":"Bloquear"},{"$i":"kai-unlock","$v":"Desbloquear"},{"$i":"kai-rename","$v":"Renomear"},{"$i":"kai-rotate","$v":"Girar"},{"$i":"kai-share","$v":"Compartilhar"},{"$i":"kai-settings","$v":"Configurações"},{"$i":"kai-set-as","$v":"Definir como"},{"$i":"set-as-wallpaper","$v":"Definir como papel de parede"},{"$i":"kai-wallpaper","$v":"Papel de parede"},{"$i":"kai-existing-contact-image","$v":"Imagem de contato existente"},{"$i":"kai-zoom","$v":"Zoom"},{"$i":"kai-zoom-in","$v":"Ampliar"},{"$i":"kai-zoom-out","$v":"Reduzir"},{"$i":"kai-file-info","$v":"Informações sobre o arquivo"},{"$i":"kai-select-multiple","$v":"Selecionar múltiplos"},{"$i":"kai-invalid-name","$v":"Nome inválido"},{"$i":"kai-name-already-exists","$v":"Este nome já existe"},{"$i":"kai-override-warning-msg","$v":"Deseja substituir a imagem existente?"},{"$i":"kai-override","$v":"Substituir"},{"$i":"kai-edit-title","$v":"Editar Fotografia"},{"$i":"kai-edit-exposure","$v":"Exposição"},{"$i":"kai-edit-crop","$v":"Recortar"},{"$i":"kai-edit-rotate","$v":"Girar"},{"$i":"kai-edit-filters","$v":"Filtros"},{"$i":"kai-edit-auto-correct","$v":"Correção automática"},{"$i":"edit-exposure","ariaLabel":"Exposição"},{"$i":"edit-crop","ariaLabel":"Recortar"},{"$i":"edit-rotate","ariaLabel":"Girar"},{"$i":"edit-filters","ariaLabel":"Filtros"},{"$i":"edit-auto-correct","ariaLabel":"Correção automática"},{"$i":"kai-crop-none","$v":"Desfazer recorte"},{"$i":"kai-crop-aspect-free","$v":"Padrão"},{"$i":"kai-crop-aspect-portrait","$v":"2:3"},{"$i":"kai-crop-aspect-landscape","$v":"3:2"},{"$i":"kai-crop-aspect-square","$v":"1:1"},{"$i":"crop-none","ariaLabel":"Desfazer recorte"},{"$i":"crop-aspect-free","ariaLabel":"Padrão"},{"$i":"crop-aspect-portrait","ariaLabel":"2:3"},{"$i":"crop-aspect-landscape","ariaLabel":"3:2"},{"$i":"crop-aspect-square","ariaLabel":"1:1"},{"$i":"edit-filters-none","ariaLabel":"Filtro 1"},{"$i":"edit-filters-bw","ariaLabel":"Filtro 2"},{"$i":"edit-filters-sepia","ariaLabel":"Filtro 3"},{"$i":"edit-filters-bluesteel","ariaLabel":"Filtro 4"},{"$i":"edit-filters-faded","ariaLabel":"Filtro 5"},{"$i":"kai-rotate-cw","$v":"SENTIDO HORÁRIO"},{"$i":"kai-rotate-ccw","$v":"SENTIDO ANTI-HORÁRIO"},{"$i":"original","$v":"Original"},{"$i":"blackandwhite","$v":{"$o":"P&B"}},{"$i":"sepia","$v":"Sépia"},{"$i":"freeform","$v":"Forma livre"},{"$i":"portrait","$v":"Retrato"},{"$i":"landscape","$v":"Paisagem"},{"$i":"square","$v":"Quadrado"},{"$i":"emptygallery2-title","$v":"Não há fotos ou vídeos"},{"$i":"emptygallery2-text","$v":"A galeria está vazia. Use a câmera para começar."},{"$i":"emptygallery2-title-pick","$v":"Nenhuma foto"},{"$i":"emptygallery-text-pick","$v":"Não há fotos disponíveis."},{"$i":"nocard3-title","$v":"Não há cartão de memória"},{"$i":"nocard4-text","$v":"Insira um cartão de memória para usar este aplicativo."},{"$i":"pluggedin2-title","$v":"Cartão de memória em uso"},{"$i":"pluggedin2-text","$v":"O armazenamento está em uso. Desconecte o telefone para usar este aplicativo."},{"$i":"scanning-title","$v":"Pesquisando"},{"$i":"scanning-text","$v":"Pesquisando fotos ..."},{"$i":"upgrade-title","$v":"Atualização do banco de dados"},{"$i":"upgrade-text","$v":"Aguarde enquanto a galeria atualiza seu banco de dados."},{"$i":"share-noprovider","$v":"Não pode compartilhar este tipo de arquivo de imagem."},{"$i":"memorycardfull","$v":"O armazenamento está cheio. Não é possível editar fotos."},{"$i":"imagetoobig","$v":"A imagem é muito grande para ser exibida neste dispositivo."},{"$i":"imageinvalid","$v":"A imagem é inválida ou está corrompida e não pode ser exibida."},{"$i":"saved","$v":[{"t":"idOrVar","v":"filename"}," salvo na galeria"]},{"$i":"edit-copy-saved","$v":"Nova cópia salva."},{"$i":"overlay-camera-button","$v":"Acessar a câmera"},{"$i":"name-label","$v":"Nome"},{"$i":"size-label","$v":"Tamanho"},{"$i":"image-type-label","$v":"Tipo de fotografia"},{"$i":"kai-date-and-time-label","$v":"Data e hora"},{"$i":"date-taken-label","$v":"Data de criação"},{"$i":"resolution-label","$v":"Resolução"},{"$i":"close-button","$v":"Fechar"},{"$i":"path-label","$v":"Caminho"},{"$i":"sd-card","$v":"Cartão SD"},{"$i":"internal","$v":"Interno"},{"$i":"byteUnit-B","$v":"Bytes"},{"$i":"byteUnit-KB","$v":"KB"},{"$i":"byteUnit-MB","$v":"MB"},{"$i":"byteUnit-GB","$v":"GB"},{"$i":"gallery","$v":"Galeria"},{"$i":"preview","$v":"Visualização"},{"$i":"kai-confirmation","$v":"Confirmação"},{"$i":"kai-delete-this-image","$v":"Excluir foto?"},{"$i":"kai-delete-selected-image","$v":"Excluir foto selecionada?"},{"$i":"kai-delete-selected-images","$v":"Excluir fotos selecionadas?"},{"$i":"kai-sort-by","$v":"Classificar por"},{"$i":"kai-group-by-date-and-location","$v":"Agrupar por data"},{"$i":"kai-error","$v":"Erro"},{"$i":"kai-error-delete-locked-image","$v":"A imagem selecionada está bloqueada e não pôde ser excluída!"},{"$i":"kai-error-delete-locked-images","$v":"As imagens selecionadas contêm imagens bloqueadas e não puderam ser excluídas!"},{"$i":"kai-enter-new-name","$v":"Digitar novo nome"},{"$i":"sort-and-group","$v":"Classificar e agrupar"},{"$i":"time_am","$v":"AM"},{"$i":"time_pm","$v":"PM"},{"$i":"date-group-header","$v":"%B %Y"},{"$i":"videoDescriptionShort","$v":"Vídeo com a data de %I:%M %p, %B %e, %Y"},{"$i":"imageDescriptionShort","$v":"Imagem com data %I:%M %p, %B %e, %Y"},{"$i":"editImagePreview","ariaLabel":"Editar visualização da imagem"},{"$i":"kai-pickoneimage","$v":"Selecionar uma foto"},{"$i":"discard-changes-warning","$v":"Todas as alterações serão perdidas. Deseja descartar as alterações?"},{"$i":"save-changes-warning","$v":"Todas as alterações serão perdidas. Salvar alterações?"},{"$i":"discard","$v":"Descartar"},{"$i":"camera","$v":"Câmera"},{"$i":"phone-is-full-title","$v":"Armazenamento do telefone cheio"},{"$i":"sd-card-is-full-title","$v":"Cartão SD cheio"},{"$i":"phone-is-full-content","$v":"Exclua arquivos de mídia ou dados de aplicativo para liberar espaço. Você também pode inserir um cartão SD para expandir o armazenamento de mídia."},{"$i":"sd-card-is-full-content","$v":"Exclua arquivos no cartão SD para liberar espaço."},{"$i":"imageDescription","$v":["imagem de ",{"t":"idOrVar","v":"orientation"},", %I:%M %p, %B %e, %Y"]},{"$i":"imageDescriptionNoTimestamp","$v":["imagem de ",{"t":"idOrVar","v":"orientation"}]},{"$i":"videoDescription","$v":["vídeo de ",{"t":"idOrVar","v":"orientation"}," vídeo, %I:%M %p, %B %e, %Y"]},{"$i":"videoDescriptionNoTimestamp","$v":["vídeo de ",{"t":"idOrVar","v":"orientation"}]},{"$i":"orientationPortrait","$v":"retrato"},{"$i":"orientationLandscape","$v":"paisagem"},{"$i":"playbackPlay","ariaLabel":"Reproduzir"},{"$i":"playbackPause","ariaLabel":"Pausar"},{"$i":"playbackNext","ariaLabel":"Próximo"},{"$i":"playbackPrevious","ariaLabel":"Anterior"},{"$i":"playbackFullscreen","ariaLabel":"Tela cheia"},{"$i":"playbackSeekBar","ariaLabel":["Barra de busca, duração ",{"t":"idOrVar","v":"duration"}]},{"$i":"weekday-0-long","$v":"Domingo"},{"$i":"weekday-1-long","$v":"Segunda-feira"},{"$i":"weekday-2-long","$v":"Terça-feira"},{"$i":"weekday-3-long","$v":"Quarta-feira"},{"$i":"weekday-4-long","$v":"Quinta-feira"},{"$i":"weekday-5-long","$v":"Sexta-feira"},{"$i":"weekday-6-long","$v":"Sábado"},{"$i":"weekday-0-short","$v":"Dom"},{"$i":"weekday-1-short","$v":"Seg"},{"$i":"weekday-2-short","$v":"Ter"},{"$i":"weekday-3-short","$v":"Qua"},{"$i":"weekday-4-short","$v":"Qui"},{"$i":"weekday-5-short","$v":"Sex"},{"$i":"weekday-6-short","$v":"Sáb"},{"$i":"month-0-long","$v":"Janeiro"},{"$i":"month-1-long","$v":"Fevereiro"},{"$i":"month-2-long","$v":"Março"},{"$i":"month-3-long","$v":"Abril"},{"$i":"month-4-long","$v":"Maio"},{"$i":"month-5-long","$v":"Junho"},{"$i":"month-6-long","$v":"Julho"},{"$i":"month-7-long","$v":"Agosto"},{"$i":"month-8-long","$v":"Setembro"},{"$i":"month-9-long","$v":"Outubro"},{"$i":"month-10-long","$v":"Novembro"},{"$i":"month-11-long","$v":"Dezembro"},{"$i":"month-0-genitive","$v":"Janeiro"},{"$i":"month-1-genitive","$v":"Fevereiro"},{"$i":"month-2-genitive","$v":"Março"},{"$i":"month-3-genitive","$v":"Abril"},{"$i":"month-4-genitive","$v":"Maio"},{"$i":"month-5-genitive","$v":"Junho"},{"$i":"month-6-genitive","$v":"Julho"},{"$i":"month-7-genitive","$v":"Agosto"},{"$i":"month-8-genitive","$v":"Setembro"},{"$i":"month-9-genitive","$v":"Outubro"},{"$i":"month-10-genitive","$v":"Novembro"},{"$i":"month-11-genitive","$v":"Dezembro"},{"$i":"month-0-short","$v":"Jan"},{"$i":"month-1-short","$v":"Fev"},{"$i":"month-2-short","$v":"Mar"},{"$i":"month-3-short","$v":"Abr"},{"$i":"month-4-short","$v":"Mai"},{"$i":"month-5-short","$v":"Jun"},{"$i":"month-6-short","$v":"Jul"},{"$i":"month-7-short","$v":"Ago"},{"$i":"month-8-short","$v":"Set"},{"$i":"month-9-short","$v":"Out"},{"$i":"month-10-short","$v":"Nov"},{"$i":"month-11-short","$v":"Dez"},{"$i":"minutes-ago-long","$v":{"few":[{"t":"idOrVar","v":"value"}," minutos atrás"],"many":[{"t":"idOrVar","v":"value"}," minutos atrás"],"one":"um minuto atrás","other":[{"t":"idOrVar","v":"value"}," minutos atrás"],"two":[{"t":"idOrVar","v":"value"}," minutos atrás"],"zero":"agora mesmo"},"$x":[{"t":"idOrVar","v":"plural"},"value"]},{"$i":"hours-ago-long","$v":{"few":["horas ",{"t":"idOrVar","v":"value"}," atrás"],"many":["horas ",{"t":"idOrVar","v":"value"}," atrás"],"one":"uma hora atrás","other":["horas ",{"t":"idOrVar","v":"value"}," atrás"],"two":["horas ",{"t":"idOrVar","v":"value"}," atrás"],"zero":"agora mesmo"},"$x":[{"t":"idOrVar","v":"plural"},"value"]},{"$i":"days-ago-long","$v":{"few":[{"t":"idOrVar","v":"value"}," dias antes"],"many":[{"t":"idOrVar","v":"value"}," dias antes"],"one":"ontem","other":[{"t":"idOrVar","v":"value"}," dias antes"],"two":[{"t":"idOrVar","v":"value"}," dias antes"],"zero":"hoje"},"$x":[{"t":"idOrVar","v":"plural"},"value"]},{"$i":"weeks-ago-long","$v":{"few":[{"t":"idOrVar","v":"value"}," semanas antes"],"many":[{"t":"idOrVar","v":"value"}," semanas antes"],"one":"semana passada","other":[{"t":"idOrVar","v":"value"}," semanas antes"],"two":[{"t":"idOrVar","v":"value"}," semanas antes"],"zero":"esta semana"},"$x":[{"t":"idOrVar","v":"plural"},"value"]},{"$i":"months-ago-long","$v":{"few":[{"t":"idOrVar","v":"value"}," meses antes"],"many":[{"t":"idOrVar","v":"value"}," meses antes"],"one":"no mês passado","other":[{"t":"idOrVar","v":"value"}," meses antes"],"two":[{"t":"idOrVar","v":"value"}," meses antes"],"zero":"este mês"},"$x":[{"t":"idOrVar","v":"plural"},"value"]},{"$i":"years-ago-long","$v":{"few":[{"t":"idOrVar","v":"value"}," anos antes"],"many":[{"t":"idOrVar","v":"value"}," anos antes"],"one":"ano passado","other":[{"t":"idOrVar","v":"value"}," anos antes"],"two":[{"t":"idOrVar","v":"value"}," anos antes"],"zero":"este ano"},"$x":[{"t":"idOrVar","v":"plural"},"value"]},{"$i":"minutes-until-long","$v":{"few":["em ",{"t":"idOrVar","v":"value"}," minutos"],"many":["em ",{"t":"idOrVar","v":"value"}," minutos"],"one":"em um minuto","other":["em ",{"t":"idOrVar","v":"value"}," minutos"],"two":["em ",{"t":"idOrVar","v":"value"}," minutos"],"zero":"agora"},"$x":[{"t":"idOrVar","v":"plural"},"value"]},{"$i":"hours-until-long","$v":{"few":["em ",{"t":"idOrVar","v":"value"}," horas"],"many":["em ",{"t":"idOrVar","v":"value"}," horas"],"one":"em uma hora","other":["em ",{"t":"idOrVar","v":"value"}," horas"],"two":["em ",{"t":"idOrVar","v":"value"}," horas"],"zero":"agora"},"$x":[{"t":"idOrVar","v":"plural"},"value"]},{"$i":"days-until-long","$v":{"few":["em ",{"t":"idOrVar","v":"value"}," dias"],"many":["em ",{"t":"idOrVar","v":"value"}," dias"],"one":"amanhã","other":["em ",{"t":"idOrVar","v":"value"}," dias"],"two":["em ",{"t":"idOrVar","v":"value"}," dias"],"zero":"hoje"},"$x":[{"t":"idOrVar","v":"plural"},"value"]},{"$i":"weeks-until-long","$v":{"few":["em ",{"t":"idOrVar","v":"value"}," semanas"],"many":["em ",{"t":"idOrVar","v":"value"}," semanas"],"one":"próxima semana","other":["em ",{"t":"idOrVar","v":"value"}," semanas"],"two":["em ",{"t":"idOrVar","v":"value"}," semanas"],"zero":"esta semana"},"$x":[{"t":"idOrVar","v":"plural"},"value"]},{"$i":"months-until-long","$v":{"few":["em ",{"t":"idOrVar","v":"value"}," meses"],"many":["em ",{"t":"idOrVar","v":"value"}," meses"],"one":"próximo mês","other":["em ",{"t":"idOrVar","v":"value"}," meses"],"two":["em ",{"t":"idOrVar","v":"value"}," meses"],"zero":"este mês"},"$x":[{"t":"idOrVar","v":"plural"},"value"]},{"$i":"years-until-long","$v":{"few":["em ",{"t":"idOrVar","v":"value"}," anos"],"many":["em ",{"t":"idOrVar","v":"value"}," anos"],"one":"próximo ano","other":["em ",{"t":"idOrVar","v":"value"}," anos"],"two":["em ",{"t":"idOrVar","v":"value"}," anos"],"zero":"este ano"},"$x":[{"t":"idOrVar","v":"plural"},"value"]},{"$i":"minutes-ago-short","$v":{"other":[{"t":"idOrVar","v":"value"},"m atrás"],"zero":"agora mesmo"},"$x":[{"t":"idOrVar","v":"plural"},"value"]},{"$i":"hours-ago-short","$v":{"other":[{"t":"idOrVar","v":"value"},"h atrás"],"zero":"agora mesmo"},"$x":[{"t":"idOrVar","v":"plural"},"value"]},{"$i":"days-ago-short","$v":{"other":[{"t":"idOrVar","v":"value"},"d antes"],"zero":"hoje"},"$x":[{"t":"idOrVar","v":"plural"},"value"]},{"$i":"minutes-until-short","$v":{"other":["em ",{"t":"idOrVar","v":"value"},"m"],"zero":"agora"},"$x":[{"t":"idOrVar","v":"plural"},"value"]},{"$i":"hours-until-short","$v":{"other":["em ",{"t":"idOrVar","v":"value"},"h"],"zero":"agora"},"$x":[{"t":"idOrVar","v":"plural"},"value"]},{"$i":"days-until-short","$v":{"other":["em ",{"t":"idOrVar","v":"value"},"d"],"zero":"hoje"},"$x":[{"t":"idOrVar","v":"plural"},"value"]},{"$i":"incorrectDate","$v":"(data incorreta)"},{"$i":"dateTimeFormat_%c","$v":"%a %b %e %Y %I:%M:%S %p"},{"$i":"dateTimeFormat_%x","$v":"%d/%m/%Y"},{"$i":"dateTimeFormat_%X","$v":"%I:%M:%S %p"},{"$i":"shortTimeFormat","$v":"%I:%M %p"},{"$i":"shortTimeFormat12","$v":"%I:%M %p"},{"$i":"shortTimeFormat24","$v":"%H:%M"},{"$i":"shortDateTimeFormat","$v":"%x %I:%M %p"},{"$i":"weekStartsOnMonday","$v":"0.0"},{"$i":"firstDayOfTheWeek","$v":"0.0"},{"$i":"softkey-options","$v":"Opções"}]