[{"$i":"select","$v":"Selecionar"},{"$i":"deselect","$v":"Desmarcar"},{"$i":"kai-select","$v":"Selecionar"},{"$i":"invalid-image","$v":"Imagem inválida"},{"$i":"image-too-big","$v":"Tamanho do ficheiro de imagem demasiado grande para aparecer na galeria."},{"$i":"kai-selected-items-count","$v":[{"t":"idOrVar","v":"n"}," selecionado(s)"]},{"$i":"delete-photo?","$v":"Eliminar a fotografia?"},{"$i":"delete-video?","$v":"Eliminar o vídeo?"},{"$i":"deleting","$v":"A eliminar..."},{"$i":"delete-n-items?","$v":{"few":["Eliminar ",{"t":"idOrVar","v":"n"}," itens?"],"many":["Eliminar ",{"t":"idOrVar","v":"n"}," itens?"],"one":"Eliminar o item selecionado?","other":["Eliminar ",{"t":"idOrVar","v":"n"}," itens?"],"two":["Eliminar ",{"t":"idOrVar","v":"n"}," itens?"],"zero":"Nenhum selecionado"},"$x":[{"t":"idOrVar","v":"plural"},"n"]},{"$i":"kai-contact-set-ok","$v":"Imagem do contacto adicionada"},{"$i":"kai-contact-set-fail","$v":"Falha ao definir imagem do contacto"},{"$i":"kai-exposure-done","$v":"Exposição aplicada"},{"$i":"kai-rotation-done","$v":"Rotação aplicada"},{"$i":"kai-crop-done","$v":"Imagem recortada"},{"$i":"kai-filters-done","$v":"Filtro aplicado"},{"$i":"kai-autocorrection-done","$v":"Autocorreção aplicada"},{"$i":"kai-changes-saved","$v":"Alterações guardadas"},{"$i":"wallpaper-set","$v":"Fundo de ecrã definido"},{"$i":"kai-single-image-locked","$v":"Fotografia selecionada bloqueada"},{"$i":"kai-single-image-unlocked","$v":"Fotografia selecionada desbloqueada"},{"$i":"kai-single-image-deleted","$v":"Fotografia eliminada."},{"$i":"kai-multiple-images-locked","$v":{"one":[{"t":"idOrVar","v":"n"}," fotografia bloqueada"],"other":[{"t":"idOrVar","v":"n"}," fotografias bloqueadas"],"zero":"Nenhuma fotografia bloqueada"},"$x":[{"t":"idOrVar","v":"plural"},"n"]},{"$i":"kai-multiple-images-unlocked","$v":{"one":[{"t":"idOrVar","v":"n"}," fotografia desbloqueada"],"other":[{"t":"idOrVar","v":"n"}," fotografias desbloqueadas"],"zero":"Nenhuma fotografia desbloqueada"},"$x":[{"t":"idOrVar","v":"plural"},"n"]},{"$i":"kai-deleted-n-photos","$v":{"one":[{"t":"idOrVar","v":"n"}," fotografias eliminadas"],"other":[{"t":"idOrVar","v":"n"}," fotografias eliminadas"],"zero":"Nenhuma fotografia eliminada"},"$x":[{"t":"idOrVar","v":"plural"},"n"]},{"$i":"kai-some-photos-not-share","$v":"Não é possível partilhar algumas fotografias"},{"$i":"kai-some-photos-not-delete","$v":"Não é possível eliminar algumas fotografias"},{"$i":"kai-some-photos-not-lock","$v":"Não é possível bloquear algumas fotografias"},{"$i":"kai-undo","$v":"Anular"},{"$i":"pickoneimage2","$v":"Selecionar"},{"$i":"cropimage","$v":"Recortar"},{"$i":"kai-on","$v":"Ativado"},{"$i":"kai-off","$v":"Desativado"},{"$i":"cancel","$v":"Cancelar"},{"$i":"delete","$v":"Eliminar"},{"$i":"ok","$v":"OK"},{"$i":"edit","$v":"Editar"},{"$i":"revert","$v":"Reverter"},{"$i":"save","$v":"Guardar"},{"$i":"done","$v":"Concluído"},{"$i":"exposure","$v":"Exposição"},{"$i":"crop","$v":"Recortar"},{"$i":"effects","$v":"Efeitos"},{"$i":"borders","$v":"Margens"},{"$i":"enhance-on","$v":"Otimização automática ativada"},{"$i":"enhance-off","$v":"Otimização automática desativada"},{"$i":"kai-set","$v":"Definir"},{"$i":"kai-options","$v":"Opções"},{"$i":"kai-select-all","$v":"Todos"},{"$i":"kai-deselect-all","$v":"Nenhum"},{"$i":"kai-lock","$v":"Bloquear"},{"$i":"kai-unlock","$v":"Desbloquear"},{"$i":"kai-rename","$v":"Mudar o nome"},{"$i":"kai-rotate","$v":"Rodar"},{"$i":"kai-share","$v":"Partilhar"},{"$i":"kai-settings","$v":"Definições"},{"$i":"kai-set-as","$v":"Definir como"},{"$i":"set-as-wallpaper","$v":"Definir como fundo de ecrã"},{"$i":"kai-wallpaper","$v":"Fundo de ecrã"},{"$i":"kai-existing-contact-image","$v":"Imagem para contacto existente"},{"$i":"kai-zoom","$v":"Zoom"},{"$i":"kai-zoom-in","$v":"Ampliar"},{"$i":"kai-zoom-out","$v":"Reduzir"},{"$i":"kai-file-info","$v":"Informações do ficheiro"},{"$i":"kai-select-multiple","$v":"Selecionar várias"},{"$i":"kai-invalid-name","$v":"Nome inválido"},{"$i":"kai-name-already-exists","$v":"Este nome já existe"},{"$i":"kai-override-warning-msg","$v":"Pretende substituir a imagem existente?"},{"$i":"kai-override","$v":"Substituir"},{"$i":"kai-edit-title","$v":"Editar Fotografia"},{"$i":"kai-edit-exposure","$v":"Exposição"},{"$i":"kai-edit-crop","$v":"Recortar"},{"$i":"kai-edit-rotate","$v":"Rodar"},{"$i":"kai-edit-filters","$v":"Filtros"},{"$i":"kai-edit-auto-correct","$v":"Autocorreção"},{"$i":"edit-exposure","ariaLabel":"Exposição"},{"$i":"edit-crop","ariaLabel":"Recortar"},{"$i":"edit-rotate","ariaLabel":"Rodar"},{"$i":"edit-filters","ariaLabel":"Filtros"},{"$i":"edit-auto-correct","ariaLabel":"Autocorreção"},{"$i":"kai-crop-none","$v":"Anular recorte"},{"$i":"kai-crop-aspect-free","$v":"Predefinição"},{"$i":"kai-crop-aspect-portrait","$v":"2:3"},{"$i":"kai-crop-aspect-landscape","$v":"3:2"},{"$i":"kai-crop-aspect-square","$v":"1:1"},{"$i":"crop-none","ariaLabel":"Anular recorte"},{"$i":"crop-aspect-free","ariaLabel":"Predefinição"},{"$i":"crop-aspect-portrait","ariaLabel":"2:3"},{"$i":"crop-aspect-landscape","ariaLabel":"3:2"},{"$i":"crop-aspect-square","ariaLabel":"1:1"},{"$i":"edit-filters-none","ariaLabel":"Filtro 1"},{"$i":"edit-filters-bw","ariaLabel":"Filtro 2"},{"$i":"edit-filters-sepia","ariaLabel":"Filtro 3"},{"$i":"edit-filters-bluesteel","ariaLabel":"Filtro 4"},{"$i":"edit-filters-faded","ariaLabel":"Filtro 5"},{"$i":"kai-rotate-cw","$v":"Para a direita"},{"$i":"kai-rotate-ccw","$v":"Para a esquerda"},{"$i":"original","$v":"Original"},{"$i":"blackandwhite","$v":{"$o":"P&B"}},{"$i":"sepia","$v":"Sépia"},{"$i":"freeform","$v":"Forma livre"},{"$i":"portrait","$v":"Vertical"},{"$i":"landscape","$v":"Horizontal"},{"$i":"square","$v":"Quadrado"},{"$i":"emptygallery2-title","$v":"Nenhuma fotografia ou vídeo"},{"$i":"emptygallery2-text","$v":"Galeria vazia. Utilize a câmara para começar."},{"$i":"emptygallery2-title-pick","$v":"Nenhuma fotografia"},{"$i":"emptygallery-text-pick","$v":"Nenhuma fotografia disponível."},{"$i":"nocard3-title","$v":"Nenhum cartão de memória"},{"$i":"nocard4-text","$v":"Insira um cartão de memória para utilizar esta aplicação."},{"$i":"pluggedin2-title","$v":"Cartão de memória em utilização"},{"$i":"pluggedin2-text","$v":"Armazenamento em utilização. Desligue o telefone para utilizar esta aplicação."},{"$i":"scanning-title","$v":"A procurar"},{"$i":"scanning-text","$v":"A procurar fotografias..."},{"$i":"upgrade-title","$v":"Atualização da base de dados"},{"$i":"upgrade-text","$v":"Aguarde enquanto a Galeria atualiza a sua base de dados."},{"$i":"share-noprovider","$v":"Não é possível partilhar o tipo de ficheiro da imagem."},{"$i":"memorycardfull","$v":"Armazenamento cheio. Não é possível editar fotografias."},{"$i":"imagetoobig","$v":"A imagem é demasiado grande para ser apresentada neste dispositivo."},{"$i":"imageinvalid","$v":"A imagem é inválida ou está danificada e não pode ser apresentada."},{"$i":"saved","$v":[{"t":"idOrVar","v":"filename"}," guardado na Galeria"]},{"$i":"edit-copy-saved","$v":"Nova cópia guardada."},{"$i":"overlay-camera-button","$v":"Ir para a câmara"},{"$i":"name-label","$v":"Nome"},{"$i":"size-label","$v":"Tamanho"},{"$i":"image-type-label","$v":"Tipo de fotografia"},{"$i":"kai-date-and-time-label","$v":"Data e hora"},{"$i":"date-taken-label","$v":"Data de criação"},{"$i":"resolution-label","$v":"Resolução"},{"$i":"close-button","$v":"Fechar"},{"$i":"path-label","$v":"Caminho"},{"$i":"sd-card","$v":"Cartão SD"},{"$i":"internal","$v":"Interna"},{"$i":"byteUnit-B","$v":"Bytes"},{"$i":"byteUnit-KB","$v":"KB"},{"$i":"byteUnit-MB","$v":"MB"},{"$i":"byteUnit-GB","$v":"GB"},{"$i":"gallery","$v":"Galeria"},{"$i":"preview","$v":"Pré-visualizar"},{"$i":"kai-confirmation","$v":"Confirmação"},{"$i":"kai-delete-this-image","$v":"Eliminar a fotografia?"},{"$i":"kai-delete-selected-image","$v":"Eliminar fotografia selecionada?"},{"$i":"kai-delete-selected-images","$v":"Eliminar fotografias selecionadas?"},{"$i":"kai-sort-by","$v":"Ordenar por"},{"$i":"kai-group-by-date-and-location","$v":"Agrupar por data"},{"$i":"kai-error","$v":"Erro"},{"$i":"kai-error-delete-locked-image","$v":"A imagem selecionada está bloqueada e não pôde ser eliminada!"},{"$i":"kai-error-delete-locked-images","$v":"As imagens selecionadas contêm imagem(ns) bloqueada(s) e não puderam ser eliminadas!"},{"$i":"kai-enter-new-name","$v":"Introduzir novo nome"},{"$i":"sort-and-group","$v":"Ordenar e agrupar"},{"$i":"time_am","$v":"AM"},{"$i":"time_pm","$v":"PM"},{"$i":"date-group-header","$v":"%B %Y"},{"$i":"videoDescriptionShort","$v":"Vídeo com a data %I:%M %p, %B %e, %Y"},{"$i":"imageDescriptionShort","$v":"Imagem com a data %I:%M %p, %B %e, %Y"},{"$i":"editImagePreview","ariaLabel":"Editar pré-visualização da imagem"},{"$i":"kai-pickoneimage","$v":"Selecionar uma fotografia"},{"$i":"discard-changes-warning","$v":"Todas as alterações serão perdidas. Pretende rejeitar as alterações?"},{"$i":"save-changes-warning","$v":"Todas as alterações serão perdidas. Guardar alterações?"},{"$i":"discard","$v":"Rejeitar"},{"$i":"camera","$v":"Câmara"},{"$i":"phone-is-full-title","$v":"Memória do telefone cheia"},{"$i":"sd-card-is-full-title","$v":"Cartão SD cheio"},{"$i":"phone-is-full-content","$v":"Elimine ficheiros multimédia ou dados de aplicação para libertar espaço. Pode também inserir um cartão SD para expandir o armazenamento multimédia."},{"$i":"sd-card-is-full-content","$v":"Elimine ficheiros no cartão SD para libertar espaço."},{"$i":"imageDescription","$v":["Imagem ",{"t":"idOrVar","v":"orientation"},", %I:%M %p, %B %e, %Y"]},{"$i":"imageDescriptionNoTimestamp","$v":["Imagem ",{"t":"idOrVar","v":"orientation"}]},{"$i":"videoDescription","$v":["Vídeo ",{"t":"idOrVar","v":"orientation"},", %I:%M %p, %B %e, %Y"]},{"$i":"videoDescriptionNoTimestamp","$v":["Vídeo ",{"t":"idOrVar","v":"orientation"}]},{"$i":"orientationPortrait","$v":"retrato"},{"$i":"orientationLandscape","$v":"paisagem"},{"$i":"playbackPlay","ariaLabel":"Reproduzir"},{"$i":"playbackPause","ariaLabel":"Pausa"},{"$i":"playbackNext","ariaLabel":"Seguinte"},{"$i":"playbackPrevious","ariaLabel":"Anterior"},{"$i":"playbackFullscreen","ariaLabel":"Ecrã inteiro"},{"$i":"playbackSeekBar","ariaLabel":["Barra de procura, duração ",{"t":"idOrVar","v":"duration"}]},{"$i":"weekday-0-long","$v":"Domingo"},{"$i":"weekday-1-long","$v":"Segunda-feira"},{"$i":"weekday-2-long","$v":"Terça-feira"},{"$i":"weekday-3-long","$v":"Quarta-feira"},{"$i":"weekday-4-long","$v":"Quinta-feira"},{"$i":"weekday-5-long","$v":"Sexta-feira"},{"$i":"weekday-6-long","$v":"Sábado"},{"$i":"weekday-0-short","$v":"Dom"},{"$i":"weekday-1-short","$v":"Seg"},{"$i":"weekday-2-short","$v":"Ter"},{"$i":"weekday-3-short","$v":"Qua"},{"$i":"weekday-4-short","$v":"Qui"},{"$i":"weekday-5-short","$v":"Sex"},{"$i":"weekday-6-short","$v":"Sáb"},{"$i":"month-0-long","$v":"Janeiro"},{"$i":"month-1-long","$v":"Fevereiro"},{"$i":"month-2-long","$v":"Março"},{"$i":"month-3-long","$v":"Abril"},{"$i":"month-4-long","$v":"Maio"},{"$i":"month-5-long","$v":"Junho"},{"$i":"month-6-long","$v":"Julho"},{"$i":"month-7-long","$v":"Agosto"},{"$i":"month-8-long","$v":"Setembro"},{"$i":"month-9-long","$v":"Outubro"},{"$i":"month-10-long","$v":"Novembro"},{"$i":"month-11-long","$v":"Dezembro"},{"$i":"month-0-genitive","$v":"Janeiro"},{"$i":"month-1-genitive","$v":"Fevereiro"},{"$i":"month-2-genitive","$v":"Março"},{"$i":"month-3-genitive","$v":"Abril"},{"$i":"month-4-genitive","$v":"Maio"},{"$i":"month-5-genitive","$v":"Junho"},{"$i":"month-6-genitive","$v":"Julho"},{"$i":"month-7-genitive","$v":"Agosto"},{"$i":"month-8-genitive","$v":"Setembro"},{"$i":"month-9-genitive","$v":"Outubro"},{"$i":"month-10-genitive","$v":"Novembro"},{"$i":"month-11-genitive","$v":"Dezembro"},{"$i":"month-0-short","$v":"Jan"},{"$i":"month-1-short","$v":"Fev"},{"$i":"month-2-short","$v":"Mar"},{"$i":"month-3-short","$v":"Abr"},{"$i":"month-4-short","$v":"Mai"},{"$i":"month-5-short","$v":"Jun"},{"$i":"month-6-short","$v":"Jul"},{"$i":"month-7-short","$v":"Ago"},{"$i":"month-8-short","$v":"Set"},{"$i":"month-9-short","$v":"Out"},{"$i":"month-10-short","$v":"Nov"},{"$i":"month-11-short","$v":"Dez"},{"$i":"minutes-ago-long","$v":{"few":[{"t":"idOrVar","v":"value"}," minutos atrás"],"many":[{"t":"idOrVar","v":"value"}," minutos atrás"],"one":"há um minuto","other":[{"t":"idOrVar","v":"value"}," minutos atrás"],"two":[{"t":"idOrVar","v":"value"}," minutos atrás"],"zero":"mesmo agora"},"$x":[{"t":"idOrVar","v":"plural"},"value"]},{"$i":"hours-ago-long","$v":{"few":[{"t":"idOrVar","v":"value"}," horas atrás"],"many":[{"t":"idOrVar","v":"value"}," horas atrás"],"one":"há uma hora","other":[{"t":"idOrVar","v":"value"}," horas atrás"],"two":[{"t":"idOrVar","v":"value"}," horas atrás"],"zero":"mesmo agora"},"$x":[{"t":"idOrVar","v":"plural"},"value"]},{"$i":"days-ago-long","$v":{"few":[{"t":"idOrVar","v":"value"}," dias atrás"],"many":[{"t":"idOrVar","v":"value"}," dias atrás"],"one":"ontem","other":[{"t":"idOrVar","v":"value"}," dias atrás"],"two":[{"t":"idOrVar","v":"value"}," dias atrás"],"zero":"hoje"},"$x":[{"t":"idOrVar","v":"plural"},"value"]},{"$i":"weeks-ago-long","$v":{"few":[{"t":"idOrVar","v":"value"}," semanas atrás"],"many":[{"t":"idOrVar","v":"value"}," semanas atrás"],"one":"semana passada","other":[{"t":"idOrVar","v":"value"}," semanas atrás"],"two":[{"t":"idOrVar","v":"value"}," semanas atrás"],"zero":"esta semana"},"$x":[{"t":"idOrVar","v":"plural"},"value"]},{"$i":"months-ago-long","$v":{"few":[{"t":"idOrVar","v":"value"}," meses atrás"],"many":[{"t":"idOrVar","v":"value"}," meses atrás"],"one":"mês passado","other":[{"t":"idOrVar","v":"value"}," meses atrás"],"two":[{"t":"idOrVar","v":"value"}," meses atrás"],"zero":"este mês"},"$x":[{"t":"idOrVar","v":"plural"},"value"]},{"$i":"years-ago-long","$v":{"few":[{"t":"idOrVar","v":"value"}," anos atrás"],"many":[{"t":"idOrVar","v":"value"}," anos atrás"],"one":"ano passado","other":[{"t":"idOrVar","v":"value"}," anos atrás"],"two":[{"t":"idOrVar","v":"value"}," anos atrás"],"zero":"este ano"},"$x":[{"t":"idOrVar","v":"plural"},"value"]},{"$i":"minutes-until-long","$v":{"few":["em ",{"t":"idOrVar","v":"value"}," minutos"],"many":["em ",{"t":"idOrVar","v":"value"}," minutos"],"one":"em um minuto","other":["em ",{"t":"idOrVar","v":"value"}," minutos"],"two":["em ",{"t":"idOrVar","v":"value"}," minutos"],"zero":"agora"},"$x":[{"t":"idOrVar","v":"plural"},"value"]},{"$i":"hours-until-long","$v":{"few":["em ",{"t":"idOrVar","v":"value"}," horas"],"many":["em ",{"t":"idOrVar","v":"value"}," horas"],"one":"dentro de uma hora","other":["em ",{"t":"idOrVar","v":"value"}," horas"],"two":["em ",{"t":"idOrVar","v":"value"}," horas"],"zero":"agora"},"$x":[{"t":"idOrVar","v":"plural"},"value"]},{"$i":"days-until-long","$v":{"few":["em ",{"t":"idOrVar","v":"value"}," dias"],"many":["em ",{"t":"idOrVar","v":"value"}," dias"],"one":"amanhã","other":["em ",{"t":"idOrVar","v":"value"}," dias"],"two":["em ",{"t":"idOrVar","v":"value"}," dias"],"zero":"hoje"},"$x":[{"t":"idOrVar","v":"plural"},"value"]},{"$i":"weeks-until-long","$v":{"few":["em ",{"t":"idOrVar","v":"value"}," semanas"],"many":["em ",{"t":"idOrVar","v":"value"}," semanas"],"one":"próxima semana","other":["em ",{"t":"idOrVar","v":"value"}," semanas"],"two":["em ",{"t":"idOrVar","v":"value"}," semanas"],"zero":"esta semana"},"$x":[{"t":"idOrVar","v":"plural"},"value"]},{"$i":"months-until-long","$v":{"few":["em ",{"t":"idOrVar","v":"value"}," meses"],"many":["em ",{"t":"idOrVar","v":"value"}," meses"],"one":"próximo mês","other":["em ",{"t":"idOrVar","v":"value"}," meses"],"two":["em ",{"t":"idOrVar","v":"value"}," meses"],"zero":"este mês"},"$x":[{"t":"idOrVar","v":"plural"},"value"]},{"$i":"years-until-long","$v":{"few":["em ",{"t":"idOrVar","v":"value"}," anos"],"many":["em ",{"t":"idOrVar","v":"value"}," anos"],"one":"próximo ano","other":["em ",{"t":"idOrVar","v":"value"}," anos"],"two":["em ",{"t":"idOrVar","v":"value"}," anos"],"zero":"este ano"},"$x":[{"t":"idOrVar","v":"plural"},"value"]},{"$i":"minutes-ago-short","$v":{"other":[{"t":"idOrVar","v":"value"},"m atrás"],"zero":"mesmo agora"},"$x":[{"t":"idOrVar","v":"plural"},"value"]},{"$i":"hours-ago-short","$v":{"other":[{"t":"idOrVar","v":"value"},"h atrás"],"zero":"mesmo agora"},"$x":[{"t":"idOrVar","v":"plural"},"value"]},{"$i":"days-ago-short","$v":{"other":[{"t":"idOrVar","v":"value"},"d atrás"],"zero":"hoje"},"$x":[{"t":"idOrVar","v":"plural"},"value"]},{"$i":"minutes-until-short","$v":{"other":["em ",{"t":"idOrVar","v":"value"},"m"],"zero":"agora"},"$x":[{"t":"idOrVar","v":"plural"},"value"]},{"$i":"hours-until-short","$v":{"other":["em ",{"t":"idOrVar","v":"value"},"h"],"zero":"agora"},"$x":[{"t":"idOrVar","v":"plural"},"value"]},{"$i":"days-until-short","$v":{"other":["em ",{"t":"idOrVar","v":"value"},"d"],"zero":"hoje"},"$x":[{"t":"idOrVar","v":"plural"},"value"]},{"$i":"incorrectDate","$v":"(data incorreta)"},{"$i":"dateTimeFormat_%c","$v":"%a %b %e %Y %I:%M:%S %p"},{"$i":"dateTimeFormat_%x","$v":"%d/%m/%Y"},{"$i":"dateTimeFormat_%X","$v":"%I:%M:%S %p"},{"$i":"shortTimeFormat","$v":"%I:%M %p"},{"$i":"shortTimeFormat12","$v":"%I:%M %p"},{"$i":"shortTimeFormat24","$v":"%H:%M"},{"$i":"shortDateTimeFormat","$v":"%x %I:%M %p"},{"$i":"weekStartsOnMonday","$v":"0.0"},{"$i":"firstDayOfTheWeek","$v":"1.0"},{"$i":"softkey-options","$v":"Opções"}]