[{"$i":"select","$v":"Выбрать"},{"$i":"deselect","$v":"Отменить выбор"},{"$i":"kai-select","$v":"Выбрать"},{"$i":"invalid-image","$v":"Некорректное Изображение"},{"$i":"image-too-big","$v":"Размер файла изображения слишком велик для отображения в галерее."},{"$i":"kai-selected-items-count","$v":[{"t":"idOrVar","v":"n"}," Выбрано"]},{"$i":"delete-photo?","$v":"Удалить изображение?"},{"$i":"delete-video?","$v":"Удалить видео?"},{"$i":"deleting","$v":"Удаление…"},{"$i":"delete-n-items?","$v":{"few":["Удалить ",{"t":"idOrVar","v":"n"}," элементов?"],"many":["Удалить ",{"t":"idOrVar","v":"n"}," элементов?"],"one":"Удалить выделенный элемент?","other":["Удалить ",{"t":"idOrVar","v":"n"}," элементов?"],"two":["Удалить ",{"t":"idOrVar","v":"n"}," элементов?"],"zero":"Ничего не выбрано"},"$x":[{"t":"idOrVar","v":"plural"},"n"]},{"$i":"kai-contact-set-ok","$v":"Изображение контакта добавлено"},{"$i":"kai-contact-set-fail","$v":"Не удалось установить изображение контакта"},{"$i":"kai-exposure-done","$v":"Применена выдержка"},{"$i":"kai-rotation-done","$v":"Применен поворот"},{"$i":"kai-crop-done","$v":"Изображение обрезано"},{"$i":"kai-filters-done","$v":"Применен фильтр"},{"$i":"kai-autocorrection-done","$v":"Используется автоматическая коррекция"},{"$i":"kai-changes-saved","$v":"Изменения сохранены"},{"$i":"wallpaper-set","$v":"Установка обоев"},{"$i":"kai-single-image-locked","$v":"Выбранное изображение заблокировано"},{"$i":"kai-single-image-unlocked","$v":"Выбранные изображения заблокированы"},{"$i":"kai-single-image-deleted","$v":"Фото удалено."},{"$i":"kai-multiple-images-locked","$v":{"one":[{"t":"idOrVar","v":"n"}," фото заблокировано"],"other":[{"t":"idOrVar","v":"n"}," фото заблокированы"],"zero":"Нет заблокированных фото"},"$x":[{"t":"idOrVar","v":"plural"},"n"]},{"$i":"kai-multiple-images-unlocked","$v":{"one":[{"t":"idOrVar","v":"n"}," фото разблокировано"],"other":[{"t":"idOrVar","v":"n"}," фото разблокированы"],"zero":"Нет разблокированных фото"},"$x":[{"t":"idOrVar","v":"plural"},"n"]},{"$i":"kai-deleted-n-photos","$v":{"one":[{"t":"idOrVar","v":"n"}," фото удалено"],"other":[{"t":"idOrVar","v":"n"}," изображений удалено"],"zero":"Нет удаленных фото"},"$x":[{"t":"idOrVar","v":"plural"},"n"]},{"$i":"kai-some-photos-not-share","$v":"Некоторые фотографии нельзя отправить"},{"$i":"kai-some-photos-not-delete","$v":"Некоторые фотографии нельзя удалить"},{"$i":"kai-some-photos-not-lock","$v":"Некоторые фотографии не могут быть заблокированы"},{"$i":"kai-undo","$v":"Отменить"},{"$i":"pickoneimage2","$v":"Выбрать"},{"$i":"cropimage","$v":"Обрезка"},{"$i":"kai-on","$v":"Вкл"},{"$i":"kai-off","$v":"Выкл"},{"$i":"cancel","$v":"Отмена"},{"$i":"delete","$v":"Удалить"},{"$i":"ok","$v":"OK"},{"$i":"edit","$v":"Изменить"},{"$i":"revert","$v":"Вернуться"},{"$i":"save","$v":"Сохранить"},{"$i":"done","$v":"Готово"},{"$i":"exposure","$v":"Выдержка"},{"$i":"crop","$v":"Обрезка"},{"$i":"effects","$v":"Эффекты"},{"$i":"borders","$v":"Рамки"},{"$i":"enhance-on","$v":"Автоулучшение вкл"},{"$i":"enhance-off","$v":"Автоулучшение выкл"},{"$i":"kai-set","$v":"Установить"},{"$i":"kai-options","$v":"Опции"},{"$i":"kai-select-all","$v":"Все"},{"$i":"kai-deselect-all","$v":"Нет"},{"$i":"kai-lock","$v":"Блокировать"},{"$i":"kai-unlock","$v":"Разблокировать"},{"$i":"kai-rename","$v":"Переименовать"},{"$i":"kai-rotate","$v":"Поворот"},{"$i":"kai-share","$v":"Отправить"},{"$i":"kai-settings","$v":"Настройки"},{"$i":"kai-set-as","$v":"Установить как"},{"$i":"set-as-wallpaper","$v":"Установить как обои"},{"$i":"kai-wallpaper","$v":"Обои"},{"$i":"kai-existing-contact-image","$v":"Фото контакта"},{"$i":"kai-zoom","$v":"Масштабирование"},{"$i":"kai-zoom-in","$v":"Увеличить"},{"$i":"kai-zoom-out","$v":"Уменьшить"},{"$i":"kai-file-info","$v":"Информация о файле"},{"$i":"kai-select-multiple","$v":"Выбрать Несколько"},{"$i":"kai-invalid-name","$v":"Недопустимое Имя"},{"$i":"kai-name-already-exists","$v":"Это имя уже существует"},{"$i":"kai-override-warning-msg","$v":"Хотите переопределить существующее изображение?"},{"$i":"kai-override","$v":"Переопределить"},{"$i":"kai-edit-title","$v":"Редактировать Фото"},{"$i":"kai-edit-exposure","$v":"Экспозиция"},{"$i":"kai-edit-crop","$v":"Обрезка"},{"$i":"kai-edit-rotate","$v":"Поворот"},{"$i":"kai-edit-filters","$v":"Фильтры"},{"$i":"kai-edit-auto-correct","$v":"Автокоррекция"},{"$i":"edit-exposure","ariaLabel":"Выдержка"},{"$i":"edit-crop","ariaLabel":"Обрезка"},{"$i":"edit-rotate","ariaLabel":"Поворот"},{"$i":"edit-filters","ariaLabel":"Фильтры"},{"$i":"edit-auto-correct","ariaLabel":"Автокоррекция"},{"$i":"kai-crop-none","$v":"Отменить обрезку"},{"$i":"kai-crop-aspect-free","$v":"По умолчанию"},{"$i":"kai-crop-aspect-portrait","$v":"2:3"},{"$i":"kai-crop-aspect-landscape","$v":"3:2"},{"$i":"kai-crop-aspect-square","$v":"1:1"},{"$i":"crop-none","ariaLabel":"Отменить обрезку"},{"$i":"crop-aspect-free","ariaLabel":"По умолчанию"},{"$i":"crop-aspect-portrait","ariaLabel":"2:3"},{"$i":"crop-aspect-landscape","ariaLabel":"3:2"},{"$i":"crop-aspect-square","ariaLabel":"1:1"},{"$i":"edit-filters-none","ariaLabel":"Фильтр 1"},{"$i":"edit-filters-bw","ariaLabel":"Фильтр 2"},{"$i":"edit-filters-sepia","ariaLabel":"Фильтр 3"},{"$i":"edit-filters-bluesteel","ariaLabel":"Фильтр 4"},{"$i":"edit-filters-faded","ariaLabel":"Фильтр 5"},{"$i":"kai-rotate-cw","$v":"CW"},{"$i":"kai-rotate-ccw","$v":"CCW"},{"$i":"original","$v":"Оригинал"},{"$i":"blackandwhite","$v":"Ч/Б"},{"$i":"sepia","$v":"Сепия"},{"$i":"freeform","$v":"Свободная форма"},{"$i":"portrait","$v":"Портретная"},{"$i":"landscape","$v":"Альбомная"},{"$i":"square","$v":"Квадрат"},{"$i":"emptygallery2-title","$v":"Нет фото или видео"},{"$i":"emptygallery2-text","$v":"Галерея пуста. Используйте камеру, чтобы сделать первые снимки."},{"$i":"emptygallery2-title-pick","$v":"Нет фотографий"},{"$i":"emptygallery-text-pick","$v":"Нет доступных фотографий."},{"$i":"nocard3-title","$v":"Нет карты памяти"},{"$i":"nocard4-text","$v":"Вставьте карту памяти для использования этого приложения."},{"$i":"pluggedin2-title","$v":"Карта памяти используется"},{"$i":"pluggedin2-text","$v":"Память используется. Пожалуйста, отключите телефон, чтобы использовать это приложение."},{"$i":"scanning-title","$v":"Сканирование"},{"$i":"scanning-text","$v":"Поиск фотографий..."},{"$i":"upgrade-title","$v":"Обновление Базы Данных"},{"$i":"upgrade-text","$v":"Подождите, пока Галерея обновит свою базу данных."},{"$i":"share-noprovider","$v":"Невозможно отправить этот тип файла изображения."},{"$i":"memorycardfull","$v":"Память заполнена. невозможно редактировать фотографии."},{"$i":"imagetoobig","$v":"Слишком большое изображение для отображения на этом устройстве."},{"$i":"imageinvalid","$v":"Изображение некорректное или повреждено и не может быть отображено."},{"$i":"saved","$v":[{"t":"idOrVar","v":"filename"}," сохранен в Галерее"]},{"$i":"edit-copy-saved","$v":"Новая копия сохранена."},{"$i":"overlay-camera-button","$v":"Перейти к Камере"},{"$i":"name-label","$v":"Имя"},{"$i":"size-label","$v":"Размер"},{"$i":"image-type-label","$v":"Тип Изображения"},{"$i":"kai-date-and-time-label","$v":"Дата и время"},{"$i":"date-taken-label","$v":"Дата съёмки"},{"$i":"resolution-label","$v":"Разрешение"},{"$i":"close-button","$v":"Закрыть"},{"$i":"path-label","$v":"Путь"},{"$i":"sd-card","$v":"SD-карта"},{"$i":"internal","$v":"Внутренняя"},{"$i":"byteUnit-B","$v":"Байт"},{"$i":"byteUnit-KB","$v":"КБ"},{"$i":"byteUnit-MB","$v":"МБ"},{"$i":"byteUnit-GB","$v":"ГБ"},{"$i":"gallery","$v":"Галерея"},{"$i":"preview","$v":"Предварительный просмотр"},{"$i":"kai-confirmation","$v":"Подтверждение"},{"$i":"kai-delete-this-image","$v":"Удалить изображение?"},{"$i":"kai-delete-selected-image","$v":"Удалить выбранное фото?"},{"$i":"kai-delete-selected-images","$v":"Удалить выбранные фото?"},{"$i":"kai-sort-by","$v":"Сортировать по"},{"$i":"kai-group-by-date-and-location","$v":"Группировать по Дате"},{"$i":"kai-error","$v":"Ошибка"},{"$i":"kai-error-delete-locked-image","$v":"Выбранное изображение заблокировано и его нельзя удалить!"},{"$i":"kai-error-delete-locked-images","$v":"Выбранные изображения содержат заблокированные изображение(я) и не могут быть удалены!"},{"$i":"kai-enter-new-name","$v":"Введите Новое Имя"},{"$i":"sort-and-group","$v":"Сортировать и группировать"},{"$i":"time_am","$v":"AM"},{"$i":"time_pm","$v":"PM"},{"$i":"date-group-header","$v":"%B %Y"},{"$i":"videoDescriptionShort","$v":"Видео датировано %I:%M %p, %B %e, %Y"},{"$i":"imageDescriptionShort","$v":"Изображение датировано %I:%M %p, %B %e, %Y"},{"$i":"editImagePreview","ariaLabel":"Редактировать предварительный просмотр изображения"},{"$i":"kai-pickoneimage","$v":"Выбрать Фото"},{"$i":"discard-changes-warning","$v":"Все изменения будут отменены. Хотите отменить изменения?"},{"$i":"save-changes-warning","$v":"Все изменения будут потеряны. Сохранить изменения?"},{"$i":"discard","$v":"Нет"},{"$i":"camera","$v":"Камера"},{"$i":"phone-is-full-title","$v":"Память Телефона Заполнена"},{"$i":"sd-card-is-full-title","$v":"SD-карта Заполнена"},{"$i":"phone-is-full-content","$v":"Удалите файлы мультимедиа или данные приложения, чтобы освободить место. Можно также установить SD-карту для расширения памяти."},{"$i":"sd-card-is-full-content","$v":"Удалите файлы на SD-карте, чтобы освободить место."},{"$i":"imageDescription","$v":[{"t":"idOrVar","v":"orientation"}," изображения, %I:%M %p, %B %e, %Y"]},{"$i":"imageDescriptionNoTimestamp","$v":[{"t":"idOrVar","v":"orientation"}," изображения"]},{"$i":"videoDescription","$v":[{"t":"idOrVar","v":"orientation"}," видео, %I:%M %p, %B %e, %Y"]},{"$i":"videoDescriptionNoTimestamp","$v":[{"t":"idOrVar","v":"orientation"}," видео"]},{"$i":"orientationPortrait","$v":"портретная"},{"$i":"orientationLandscape","$v":"альбомная"},{"$i":"playbackPlay","ariaLabel":"Воспроизведение"},{"$i":"playbackPause","ariaLabel":"Пауза"},{"$i":"playbackNext","ariaLabel":"Далее"},{"$i":"playbackPrevious","ariaLabel":"Назад"},{"$i":"playbackFullscreen","ariaLabel":"На весь экран"},{"$i":"playbackSeekBar","ariaLabel":["Полоса поиска, продолжительность ",{"t":"idOrVar","v":"duration"}]},{"$i":"weekday-0-long","$v":"Воскресенье"},{"$i":"weekday-1-long","$v":"Понедельник"},{"$i":"weekday-2-long","$v":"Вторник"},{"$i":"weekday-3-long","$v":"Среда"},{"$i":"weekday-4-long","$v":"Четверг"},{"$i":"weekday-5-long","$v":"Пятница"},{"$i":"weekday-6-long","$v":"Суббота"},{"$i":"weekday-0-short","$v":"Вс"},{"$i":"weekday-1-short","$v":"Пн"},{"$i":"weekday-2-short","$v":"Вт"},{"$i":"weekday-3-short","$v":"Ср"},{"$i":"weekday-4-short","$v":"Чт"},{"$i":"weekday-5-short","$v":"Пт"},{"$i":"weekday-6-short","$v":"Сб"},{"$i":"month-0-long","$v":"Январь"},{"$i":"month-1-long","$v":"Февраль"},{"$i":"month-2-long","$v":"Март"},{"$i":"month-3-long","$v":"Апрель"},{"$i":"month-4-long","$v":"Май"},{"$i":"month-5-long","$v":"Июнь"},{"$i":"month-6-long","$v":"Июль"},{"$i":"month-7-long","$v":"Август"},{"$i":"month-8-long","$v":"Сентябрь"},{"$i":"month-9-long","$v":"Октябрь"},{"$i":"month-10-long","$v":"Ноябрь"},{"$i":"month-11-long","$v":"Декабрь"},{"$i":"month-0-genitive","$v":"Январь"},{"$i":"month-1-genitive","$v":"Февраль"},{"$i":"month-2-genitive","$v":"Март"},{"$i":"month-3-genitive","$v":"Апрель"},{"$i":"month-4-genitive","$v":"Май"},{"$i":"month-5-genitive","$v":"Июнь"},{"$i":"month-6-genitive","$v":"Июль"},{"$i":"month-7-genitive","$v":"Август"},{"$i":"month-8-genitive","$v":"Сентябрь"},{"$i":"month-9-genitive","$v":"Октябрь"},{"$i":"month-10-genitive","$v":"Ноябрь"},{"$i":"month-11-genitive","$v":"Декабрь"},{"$i":"month-0-short","$v":"Янв"},{"$i":"month-1-short","$v":"Фев"},{"$i":"month-2-short","$v":"Мар"},{"$i":"month-3-short","$v":"Апр"},{"$i":"month-4-short","$v":"Май"},{"$i":"month-5-short","$v":"Июн"},{"$i":"month-6-short","$v":"Июл"},{"$i":"month-7-short","$v":"Авг"},{"$i":"month-8-short","$v":"Сен"},{"$i":"month-9-short","$v":"Окт"},{"$i":"month-10-short","$v":"Ноя"},{"$i":"month-11-short","$v":"Дек"},{"$i":"minutes-ago-long","$v":{"few":[{"t":"idOrVar","v":"value"}," минут назад"],"many":[{"t":"idOrVar","v":"value"}," минут назад"],"one":"минуту назад","other":[{"t":"idOrVar","v":"value"}," минут назад"],"two":[{"t":"idOrVar","v":"value"}," минут назад"],"zero":"сейчас"},"$x":[{"t":"idOrVar","v":"plural"},"value"]},{"$i":"hours-ago-long","$v":{"few":[{"t":"idOrVar","v":"value"}," часов назад"],"many":[{"t":"idOrVar","v":"value"}," часов назад"],"one":"час назад","other":[{"t":"idOrVar","v":"value"}," часов назад"],"two":[{"t":"idOrVar","v":"value"}," часов назад"],"zero":"сейчас"},"$x":[{"t":"idOrVar","v":"plural"},"value"]},{"$i":"days-ago-long","$v":{"few":[{"t":"idOrVar","v":"value"}," дней назад"],"many":[{"t":"idOrVar","v":"value"}," дней назад"],"one":"вчера","other":[{"t":"idOrVar","v":"value"}," дней назад"],"two":[{"t":"idOrVar","v":"value"}," дней назад"],"zero":"сегодня"},"$x":[{"t":"idOrVar","v":"plural"},"value"]},{"$i":"weeks-ago-long","$v":{"few":[{"t":"idOrVar","v":"value"}," недель назад"],"many":[{"t":"idOrVar","v":"value"}," недель назад"],"one":"последняя неделя","other":[{"t":"idOrVar","v":"value"}," недель назад"],"two":[{"t":"idOrVar","v":"value"}," недель назад"],"zero":"эта неделя"},"$x":[{"t":"idOrVar","v":"plural"},"value"]},{"$i":"months-ago-long","$v":{"few":[{"t":"idOrVar","v":"value"}," месяцев назад"],"many":[{"t":"idOrVar","v":"value"}," месяцев назад"],"one":"прошлый месяц","other":[{"t":"idOrVar","v":"value"}," месяцев назад"],"two":[{"t":"idOrVar","v":"value"}," месяцев назад"],"zero":"этот месяц"},"$x":[{"t":"idOrVar","v":"plural"},"value"]},{"$i":"years-ago-long","$v":{"few":[{"t":"idOrVar","v":"value"}," лет назад"],"many":[{"t":"idOrVar","v":"value"}," лет назад"],"one":"прошлый год","other":[{"t":"idOrVar","v":"value"}," лет назад"],"two":[{"t":"idOrVar","v":"value"}," лет назад"],"zero":"этот год"},"$x":[{"t":"idOrVar","v":"plural"},"value"]},{"$i":"minutes-until-long","$v":{"few":["через ",{"t":"idOrVar","v":"value"}," минут"],"many":["через ",{"t":"idOrVar","v":"value"}," минут"],"one":"через минуту","other":["через ",{"t":"idOrVar","v":"value"}," минут"],"two":["через ",{"t":"idOrVar","v":"value"}," минут"],"zero":"сейчас"},"$x":[{"t":"idOrVar","v":"plural"},"value"]},{"$i":"hours-until-long","$v":{"few":["через ",{"t":"idOrVar","v":"value"}," часов"],"many":["через ",{"t":"idOrVar","v":"value"}," часов"],"one":"через  час","other":["через ",{"t":"idOrVar","v":"value"}," часов"],"two":["через ",{"t":"idOrVar","v":"value"}," часов"],"zero":"сейчас"},"$x":[{"t":"idOrVar","v":"plural"},"value"]},{"$i":"days-until-long","$v":{"few":["через ",{"t":"idOrVar","v":"value"}," дней"],"many":["через ",{"t":"idOrVar","v":"value"}," дней"],"one":"завтра","other":["через ",{"t":"idOrVar","v":"value"}," дней"],"two":["через ",{"t":"idOrVar","v":"value"}," дней"],"zero":"сегодня"},"$x":[{"t":"idOrVar","v":"plural"},"value"]},{"$i":"weeks-until-long","$v":{"few":["через ",{"t":"idOrVar","v":"value"}," нед."],"many":["через ",{"t":"idOrVar","v":"value"}," нед."],"one":"следующая неделя","other":["через ",{"t":"idOrVar","v":"value"}," нед."],"two":["через ",{"t":"idOrVar","v":"value"}," нед."],"zero":"эта неделя"},"$x":[{"t":"idOrVar","v":"plural"},"value"]},{"$i":"months-until-long","$v":{"few":["через ",{"t":"idOrVar","v":"value"}," мес."],"many":["через ",{"t":"idOrVar","v":"value"}," мес."],"one":"в следующем месяце","other":["через ",{"t":"idOrVar","v":"value"}," мес."],"two":["через ",{"t":"idOrVar","v":"value"}," мес."],"zero":"этот месяц"},"$x":[{"t":"idOrVar","v":"plural"},"value"]},{"$i":"years-until-long","$v":{"few":["через ",{"t":"idOrVar","v":"value"}," лет"],"many":["через ",{"t":"idOrVar","v":"value"}," лет"],"one":"следующий год","other":["через ",{"t":"idOrVar","v":"value"}," лет"],"two":["через ",{"t":"idOrVar","v":"value"}," лет"],"zero":"этот год"},"$x":[{"t":"idOrVar","v":"plural"},"value"]},{"$i":"minutes-ago-short","$v":{"other":[{"t":"idOrVar","v":"value"}," мин назад"],"zero":"сейчас"},"$x":[{"t":"idOrVar","v":"plural"},"value"]},{"$i":"hours-ago-short","$v":{"other":[{"t":"idOrVar","v":"value"}," ч назад"],"zero":"сейчас"},"$x":[{"t":"idOrVar","v":"plural"},"value"]},{"$i":"days-ago-short","$v":{"other":[{"t":"idOrVar","v":"value"}," д назад"],"zero":"сегодня"},"$x":[{"t":"idOrVar","v":"plural"},"value"]},{"$i":"minutes-until-short","$v":{"other":["через ",{"t":"idOrVar","v":"value"}," мин"],"zero":"сейчас"},"$x":[{"t":"idOrVar","v":"plural"},"value"]},{"$i":"hours-until-short","$v":{"other":["через ",{"t":"idOrVar","v":"value"}," ч"],"zero":"сейчас"},"$x":[{"t":"idOrVar","v":"plural"},"value"]},{"$i":"days-until-short","$v":{"other":["через ",{"t":"idOrVar","v":"value"}," д"],"zero":"сегодня"},"$x":[{"t":"idOrVar","v":"plural"},"value"]},{"$i":"incorrectDate","$v":"(неверная дата)"},{"$i":"dateTimeFormat_%c","$v":"%a %b %e %Y %I:%M:%S %p"},{"$i":"dateTimeFormat_%x","$v":"%m/%d/%Y"},{"$i":"dateTimeFormat_%X","$v":"%I:%M:%S %p"},{"$i":"shortTimeFormat","$v":"%I:%M %p"},{"$i":"shortTimeFormat12","$v":"%I:%M %p"},{"$i":"shortTimeFormat24","$v":"%H:%M"},{"$i":"shortDateTimeFormat","$v":"%x %I:%M %p"},{"$i":"weekStartsOnMonday","$v":"0.0"},{"$i":"firstDayOfTheWeek","$v":"1.0"},{"$i":"softkey-options","$v":"Опции"}]