[{"$i":"select","$v":"Vybrať"},{"$i":"deselect","$v":"Zrušiť výber"},{"$i":"kai-select","$v":"Vybrať"},{"$i":"invalid-image","$v":"Neplatná sním."},{"$i":"image-too-big","$v":"Veľkosť sním. je priveľká na zobr. v galérii"},{"$i":"kai-selected-items-count","$v":["Vybrané: ",{"t":"idOrVar","v":"n"}]},{"$i":"delete-photo?","$v":"Vymazať foto?"},{"$i":"delete-video?","$v":"Vymazať video?"},{"$i":"deleting","$v":"Vymazávanie…"},{"$i":"delete-n-items?","$v":{"few":["Vymazať položky (",{"t":"idOrVar","v":"n"},")?"],"many":["Vymazať položky (",{"t":"idOrVar","v":"n"},")?"],"one":"Vymazať zvolenú položku?","other":["Vymazať položky (",{"t":"idOrVar","v":"n"},")?"],"two":["Vymazať položky (",{"t":"idOrVar","v":"n"},")?"],"zero":"Bez výberu"},"$x":[{"t":"idOrVar","v":"plural"},"n"]},{"$i":"kai-contact-set-ok","$v":"Obrázok kontaktu pridaný"},{"$i":"kai-contact-set-fail","$v":"Nepodarilo sa nastaviť obr. kont."},{"$i":"kai-exposure-done","$v":"Použitá expozícia"},{"$i":"kai-rotation-done","$v":"Otočenie použité"},{"$i":"kai-crop-done","$v":"Sním. orezaná"},{"$i":"kai-filters-done","$v":"Filter použitý"},{"$i":"kai-autocorrection-done","$v":"Aut. oprava použitá"},{"$i":"kai-changes-saved","$v":"Zmeny uložené"},{"$i":"wallpaper-set","$v":"Tapeta nastavená"},{"$i":"kai-single-image-locked","$v":"Vybr. obrázok zamknutý"},{"$i":"kai-single-image-unlocked","$v":"Vybr. obrázok odomknutý"},{"$i":"kai-single-image-deleted","$v":"Foto vymazaná."},{"$i":"kai-multiple-images-locked","$v":{"one":["Zamknuté fotky: ",{"t":"idOrVar","v":"n"}],"other":["Zamknuté fotky: ",{"t":"idOrVar","v":"n"}],"zero":"Nie sú zamknuté žiadne fotky"},"$x":[{"t":"idOrVar","v":"plural"},"n"]},{"$i":"kai-multiple-images-unlocked","$v":{"one":["Odomknuté fotky: ",{"t":"idOrVar","v":"n"}],"other":["Odomknuté fotky: ",{"t":"idOrVar","v":"n"}],"zero":"Nie sú odomknuté žiadne fotky"},"$x":[{"t":"idOrVar","v":"plural"},"n"]},{"$i":"kai-deleted-n-photos","$v":{"one":["Vymazaná fot.: ",{"t":"idOrVar","v":"n"}],"other":["Vymazané fot.: ",{"t":"idOrVar","v":"n"}],"zero":"Žiadna fot. zmazaná"},"$x":[{"t":"idOrVar","v":"plural"},"n"]},{"$i":"kai-some-photos-not-share","$v":"Niektoré fotografie nemožno zdieľať"},{"$i":"kai-some-photos-not-delete","$v":"Niektoré fotografie nemožno vymazať"},{"$i":"kai-some-photos-not-lock","$v":"Niektoré fotografie nemožno zamknúť"},{"$i":"kai-undo","$v":"Späť"},{"$i":"pickoneimage2","$v":"Vybrať"},{"$i":"cropimage","$v":"Orezať"},{"$i":"kai-on","$v":"Zap."},{"$i":"kai-off","$v":"Vyp."},{"$i":"cancel","$v":"Zrušiť"},{"$i":"delete","$v":"Vymazať"},{"$i":"ok","$v":"OK"},{"$i":"edit","$v":"Upraviť"},{"$i":"revert","$v":"Zvrátiť"},{"$i":"save","$v":"Uložiť"},{"$i":"done","$v":"Hotovo"},{"$i":"exposure","$v":"Expozícia"},{"$i":"crop","$v":"Orezať"},{"$i":"effects","$v":"Efekty"},{"$i":"borders","$v":"Hranice"},{"$i":"enhance-on","$v":"Aut. zlepš. zap."},{"$i":"enhance-off","$v":"Aut. zlepš. vyp."},{"$i":"kai-set","$v":"Nastaviť"},{"$i":"kai-options","$v":"Možnosti"},{"$i":"kai-select-all","$v":"Všetky"},{"$i":"kai-deselect-all","$v":"Žiadne"},{"$i":"kai-lock","$v":"Uzamknúť "},{"$i":"kai-unlock","$v":"Odomknúť"},{"$i":"kai-rename","$v":"Premen."},{"$i":"kai-rotate","$v":"Otočiť"},{"$i":"kai-share","$v":"Zdieľať"},{"$i":"kai-settings","$v":"Nastavenia"},{"$i":"kai-set-as","$v":"Nastaviť ako"},{"$i":"set-as-wallpaper","$v":"Nastaviť ako tapetu"},{"$i":"kai-wallpaper","$v":"Tapeta"},{"$i":"kai-existing-contact-image","$v":"Sním. pre exist. kontakt"},{"$i":"kai-zoom","$v":"Priblížiť"},{"$i":"kai-zoom-in","$v":"Priblížiť"},{"$i":"kai-zoom-out","$v":"Oddialiť"},{"$i":"kai-file-info","$v":"Info o súbore"},{"$i":"kai-select-multiple","$v":"Vybrať viacero "},{"$i":"kai-invalid-name","$v":"Nepl. názov"},{"$i":"kai-name-already-exists","$v":"Toto meno už existuje"},{"$i":"kai-override-warning-msg","$v":"Prepísať existujúci obrázok?"},{"$i":"kai-override","$v":"Prepísať"},{"$i":"kai-edit-title","$v":"Upraviť obrázok"},{"$i":"kai-edit-exposure","$v":"Expozícia"},{"$i":"kai-edit-crop","$v":"Orezať"},{"$i":"kai-edit-rotate","$v":"Otočiť"},{"$i":"kai-edit-filters","$v":"Filtre"},{"$i":"kai-edit-auto-correct","$v":"Aut. oprava"},{"$i":"edit-exposure","ariaLabel":"Expozícia"},{"$i":"edit-crop","ariaLabel":"Orezať"},{"$i":"edit-rotate","ariaLabel":"Otočiť"},{"$i":"edit-filters","ariaLabel":"Filtre"},{"$i":"edit-auto-correct","ariaLabel":"Aut. oprava"},{"$i":"kai-crop-none","$v":"Vrátiť späť orezanie"},{"$i":"kai-crop-aspect-free","$v":"Predvolené"},{"$i":"kai-crop-aspect-portrait","$v":"2:3"},{"$i":"kai-crop-aspect-landscape","$v":"3:2"},{"$i":"kai-crop-aspect-square","$v":"1:1"},{"$i":"crop-none","ariaLabel":"Vrátiť späť orezanie"},{"$i":"crop-aspect-free","ariaLabel":"Predvolené"},{"$i":"crop-aspect-portrait","ariaLabel":"2:3"},{"$i":"crop-aspect-landscape","ariaLabel":"3:2"},{"$i":"crop-aspect-square","ariaLabel":"1:1"},{"$i":"edit-filters-none","ariaLabel":"Filter 1"},{"$i":"edit-filters-bw","ariaLabel":"Filter 2"},{"$i":"edit-filters-sepia","ariaLabel":"Filter 3"},{"$i":"edit-filters-bluesteel","ariaLabel":"Filter 4"},{"$i":"edit-filters-faded","ariaLabel":"Filter 5"},{"$i":"kai-rotate-cw","$v":"V smere hod. ručičiek"},{"$i":"kai-rotate-ccw","$v":"CCW"},{"$i":"original","$v":"Originál"},{"$i":"blackandwhite","$v":"ČB"},{"$i":"sepia","$v":"Sépia"},{"$i":"freeform","$v":"Voľný tvar"},{"$i":"portrait","$v":"Na výšku"},{"$i":"landscape","$v":"Na šírku"},{"$i":"square","$v":"Štvorec"},{"$i":"emptygallery2-title","$v":"Žiad. fot. ani videá"},{"$i":"emptygallery2-text","$v":"Galéria je prázdna. Použiť fotoaparát."},{"$i":"emptygallery2-title-pick","$v":"Žiadne fot."},{"$i":"emptygallery-text-pick","$v":"Žiadne dostupné fot."},{"$i":"nocard3-title","$v":"Žiad. pam. karta"},{"$i":"nocard4-text","$v":"Ak chceš použ. túto apl., vlož pam. kartu."},{"$i":"pluggedin2-title","$v":"Pamäť. karta sa používa"},{"$i":"pluggedin2-text","$v":"Úlož. sa používa. Odpojte tel., ak chcete použiť túto apl."},{"$i":"scanning-title","$v":"Prehľad."},{"$i":"scanning-text","$v":"Prehľad. fotografií..."},{"$i":"upgrade-title","$v":"Inovácia databázy"},{"$i":"upgrade-text","$v":"Počkajte, kým Galéria aktual. databázu."},{"$i":"share-noprovider","$v":"Nemožno zdieľať tento typ obr. súboru."},{"$i":"memorycardfull","$v":"Úlož. je plné. Nie je možné uprav. fotky."},{"$i":"imagetoobig","$v":"Sním. je priveľká na zobr. v tomto zariadení."},{"$i":"imageinvalid","$v":"Sním. je neplat. alebo poškod. a nemožno ju zobr."},{"$i":"saved","$v":[{"t":"idOrVar","v":"filename"}," uložený do galérie"]},{"$i":"edit-copy-saved","$v":"Nová kópia uložená."},{"$i":"overlay-camera-button","$v":"Ísť na fotoaparát"},{"$i":"name-label","$v":"Názov"},{"$i":"size-label","$v":"Veľkosť"},{"$i":"image-type-label","$v":"Typ snímky"},{"$i":"kai-date-and-time-label","$v":"Dátum a čas"},{"$i":"date-taken-label","$v":"Dátum snímania"},{"$i":"resolution-label","$v":"Rozlíšenie"},{"$i":"close-button","$v":"Zavrieť"},{"$i":"path-label","$v":"Cesta"},{"$i":"sd-card","$v":"Karta SD"},{"$i":"internal","$v":"Interný"},{"$i":"byteUnit-B","$v":"Bajty"},{"$i":"byteUnit-KB","$v":"KB"},{"$i":"byteUnit-MB","$v":"MB"},{"$i":"byteUnit-GB","$v":"GB"},{"$i":"gallery","$v":"Galéria"},{"$i":"preview","$v":"Ukážka"},{"$i":"kai-confirmation","$v":"Potvrdenie"},{"$i":"kai-delete-this-image","$v":"Vymazať foto? "},{"$i":"kai-delete-selected-image","$v":"Vymazať zvolenú fotku?"},{"$i":"kai-delete-selected-images","$v":"Vymazať zvolené fotky?"},{"$i":"kai-sort-by","$v":"Zoradiť podľa"},{"$i":"kai-group-by-date-and-location","$v":"Zoskupiť podľa dátumu"},{"$i":"kai-error","$v":"Chyba"},{"$i":"kai-error-delete-locked-image","$v":"Vybratý obr. je zamknutý a nepodarilo sa ho vymazať!"},{"$i":"kai-error-delete-locked-images","$v":"Vybraté obr. obsahujú zamknuté obr. a nepodarilo sa ich vymazať!"},{"$i":"kai-enter-new-name","$v":"Zadajte nový názov"},{"$i":"sort-and-group","$v":"Triediť a zoskupiť"},{"$i":"time_am","$v":"AM"},{"$i":"time_pm","$v":"PM"},{"$i":"date-group-header","$v":"%B %Y"},{"$i":"videoDescriptionShort","$v":"Video z dňa %I:%M %p, %B %e, %Y"},{"$i":"imageDescriptionShort","$v":"Sním. s dátumom %I:%M %p, %B %e, %Y"},{"$i":"editImagePreview","ariaLabel":"Upraviť náhľad obr."},{"$i":"kai-pickoneimage","$v":"Vybrať fotku"},{"$i":"discard-changes-warning","$v":"Všetky zmeny sa stratia. Chcete zmeny zahodiť?"},{"$i":"save-changes-warning","$v":"Všetky zmeny sa stratia. Chcete zmeny uložiť?"},{"$i":"discard","$v":"Zahodiť"},{"$i":"camera","$v":"Fotoaparát"},{"$i":"phone-is-full-title","$v":"Úložisko tel. je plné."},{"$i":"sd-card-is-full-title","$v":"Karta SD je plná."},{"$i":"phone-is-full-content","$v":"Zmazaním médií alebo dát aplikácií uvoľnite miesto. Úložisko tiež môžete zväčšiť vložením karty SD."},{"$i":"sd-card-is-full-content","$v":"Zmazaním súborov uvoľnite miesto na karte SD."},{"$i":"imageDescription","$v":[{"t":"idOrVar","v":"orientation"}," obrázok, %I:%M %p, %B %e, %Y"]},{"$i":"imageDescriptionNoTimestamp","$v":[{"t":"idOrVar","v":"orientation"}," obrázok"]},{"$i":"videoDescription","$v":[{"t":"idOrVar","v":"orientation"}," video, %I:%M %p, %B %e, %Y"]},{"$i":"videoDescriptionNoTimestamp","$v":[{"t":"idOrVar","v":"orientation"}," video"]},{"$i":"orientationPortrait","$v":"na výšku"},{"$i":"orientationLandscape","$v":"na šírku"},{"$i":"playbackPlay","ariaLabel":"Prehrať"},{"$i":"playbackPause","ariaLabel":"Pozastaviť"},{"$i":"playbackNext","ariaLabel":"Ďalej"},{"$i":"playbackPrevious","ariaLabel":"Predch."},{"$i":"playbackFullscreen","ariaLabel":"Celá obrazovka"},{"$i":"playbackSeekBar","ariaLabel":["Lišta hľadania, trvanie ",{"t":"idOrVar","v":"duration"}]},{"$i":"weekday-0-long","$v":"Nedeľa"},{"$i":"weekday-1-long","$v":"Pondelok"},{"$i":"weekday-2-long","$v":"Utorok"},{"$i":"weekday-3-long","$v":"Streda"},{"$i":"weekday-4-long","$v":"Štvrtok"},{"$i":"weekday-5-long","$v":"Piatok"},{"$i":"weekday-6-long","$v":"Sobota"},{"$i":"weekday-0-short","$v":"Ned"},{"$i":"weekday-1-short","$v":"Pon"},{"$i":"weekday-2-short","$v":"Uto"},{"$i":"weekday-3-short","$v":"Str"},{"$i":"weekday-4-short","$v":"Štv"},{"$i":"weekday-5-short","$v":"Pia"},{"$i":"weekday-6-short","$v":"Sob"},{"$i":"month-0-long","$v":"Január"},{"$i":"month-1-long","$v":"Február"},{"$i":"month-2-long","$v":"Marec"},{"$i":"month-3-long","$v":"Apríl"},{"$i":"month-4-long","$v":"Máj"},{"$i":"month-5-long","$v":"Jún"},{"$i":"month-6-long","$v":"Júl"},{"$i":"month-7-long","$v":"August"},{"$i":"month-8-long","$v":"September"},{"$i":"month-9-long","$v":"Október"},{"$i":"month-10-long","$v":"November"},{"$i":"month-11-long","$v":"December"},{"$i":"month-0-genitive","$v":"Január"},{"$i":"month-1-genitive","$v":"Február"},{"$i":"month-2-genitive","$v":"Marec"},{"$i":"month-3-genitive","$v":"Apríl"},{"$i":"month-4-genitive","$v":"Máj"},{"$i":"month-5-genitive","$v":"Jún"},{"$i":"month-6-genitive","$v":"Júl"},{"$i":"month-7-genitive","$v":"August"},{"$i":"month-8-genitive","$v":"September"},{"$i":"month-9-genitive","$v":"Október"},{"$i":"month-10-genitive","$v":"November"},{"$i":"month-11-genitive","$v":"December"},{"$i":"month-0-short","$v":"Jan"},{"$i":"month-1-short","$v":"Feb"},{"$i":"month-2-short","$v":"Mar"},{"$i":"month-3-short","$v":"Apr"},{"$i":"month-4-short","$v":"Máj"},{"$i":"month-5-short","$v":"Jún"},{"$i":"month-6-short","$v":"Júl"},{"$i":"month-7-short","$v":"Aug"},{"$i":"month-8-short","$v":"Sep"},{"$i":"month-9-short","$v":"Okt"},{"$i":"month-10-short","$v":"Nov"},{"$i":"month-11-short","$v":"Dec"},{"$i":"minutes-ago-long","$v":{"few":["Pred počtom min.: ",{"t":"idOrVar","v":"value"}],"many":["Pred počtom min.: ",{"t":"idOrVar","v":"value"}],"one":"pred 1 min.","other":["Pred počtom min.: ",{"t":"idOrVar","v":"value"}],"two":["Pred počtom min.: ",{"t":"idOrVar","v":"value"}],"zero":"práve teraz"},"$x":[{"t":"idOrVar","v":"plural"},"value"]},{"$i":"hours-ago-long","$v":{"few":["Pred počtom hod.: ",{"t":"idOrVar","v":"value"}],"many":["Pred počtom hod.: ",{"t":"idOrVar","v":"value"}],"one":"pred hodinou","other":["Pred počtom hod.: ",{"t":"idOrVar","v":"value"}],"two":["Pred počtom hod.: ",{"t":"idOrVar","v":"value"}],"zero":"práve teraz"},"$x":[{"t":"idOrVar","v":"plural"},"value"]},{"$i":"days-ago-long","$v":{"few":["Pred počtom dní: ",{"t":"idOrVar","v":"value"}],"many":["Pred počtom dní: ",{"t":"idOrVar","v":"value"}],"one":"včera","other":["Pred počtom dní: ",{"t":"idOrVar","v":"value"}],"two":["Pred počtom dní: ",{"t":"idOrVar","v":"value"}],"zero":"dnes"},"$x":[{"t":"idOrVar","v":"plural"},"value"]},{"$i":"weeks-ago-long","$v":{"few":["Pred počtom týžd.: ",{"t":"idOrVar","v":"value"}],"many":["Pred počtom týžd.: ",{"t":"idOrVar","v":"value"}],"one":"min. týždeň","other":["Pred počtom týžd.: ",{"t":"idOrVar","v":"value"}],"two":["Pred počtom týžd.: ",{"t":"idOrVar","v":"value"}],"zero":"tento týždeň"},"$x":[{"t":"idOrVar","v":"plural"},"value"]},{"$i":"months-ago-long","$v":{"few":["Pred počtom mes.: ",{"t":"idOrVar","v":"value"}],"many":["Pred počtom mes.: ",{"t":"idOrVar","v":"value"}],"one":"min. mesiac","other":["Pred počtom mes.: ",{"t":"idOrVar","v":"value"}],"two":["Pred počtom mes.: ",{"t":"idOrVar","v":"value"}],"zero":"tento mesiac"},"$x":[{"t":"idOrVar","v":"plural"},"value"]},{"$i":"years-ago-long","$v":{"few":["Pred počtom rokov: ",{"t":"idOrVar","v":"value"}],"many":["Pred počtom rokov: ",{"t":"idOrVar","v":"value"}],"one":"min. rok","other":["Pred počtom rokov: ",{"t":"idOrVar","v":"value"}],"two":["Pred počtom rokov: ",{"t":"idOrVar","v":"value"}],"zero":"tento rok"},"$x":[{"t":"idOrVar","v":"plural"},"value"]},{"$i":"minutes-until-long","$v":{"few":["o ",{"t":"idOrVar","v":"value"}," min"],"many":["o ",{"t":"idOrVar","v":"value"}," min"],"one":"o minútu","other":["o ",{"t":"idOrVar","v":"value"}," min"],"two":["o ",{"t":"idOrVar","v":"value"}," min"],"zero":"teraz"},"$x":[{"t":"idOrVar","v":"plural"},"value"]},{"$i":"hours-until-long","$v":{"few":["o ",{"t":"idOrVar","v":"value"}," hod."],"many":["o ",{"t":"idOrVar","v":"value"}," hod."],"one":"o hodinu","other":["o ",{"t":"idOrVar","v":"value"}," hod."],"two":["o ",{"t":"idOrVar","v":"value"}," hod."],"zero":"teraz"},"$x":[{"t":"idOrVar","v":"plural"},"value"]},{"$i":"days-until-long","$v":{"few":["o ",{"t":"idOrVar","v":"value"}," d."],"many":["o ",{"t":"idOrVar","v":"value"}," d."],"one":"zajtra","other":["o ",{"t":"idOrVar","v":"value"}," d."],"two":["o ",{"t":"idOrVar","v":"value"}," d."],"zero":"dnes"},"$x":[{"t":"idOrVar","v":"plural"},"value"]},{"$i":"weeks-until-long","$v":{"few":["o ",{"t":"idOrVar","v":"value"}," týžd."],"many":["o ",{"t":"idOrVar","v":"value"}," týžd."],"one":"nasl. týždeň","other":["o ",{"t":"idOrVar","v":"value"}," týžd."],"two":["o ",{"t":"idOrVar","v":"value"}," týžd."],"zero":"tento týždeň"},"$x":[{"t":"idOrVar","v":"plural"},"value"]},{"$i":"months-until-long","$v":{"few":["o ",{"t":"idOrVar","v":"value"}," mes."],"many":["o ",{"t":"idOrVar","v":"value"}," mes."],"one":"nasl. mesiac","other":["o ",{"t":"idOrVar","v":"value"}," mes."],"two":["o ",{"t":"idOrVar","v":"value"}," mes."],"zero":"tento mesiac"},"$x":[{"t":"idOrVar","v":"plural"},"value"]},{"$i":"years-until-long","$v":{"few":["o ",{"t":"idOrVar","v":"value"}," rok."],"many":["o ",{"t":"idOrVar","v":"value"}," rok."],"one":"nasl. rok","other":["o ",{"t":"idOrVar","v":"value"}," rok."],"two":["o ",{"t":"idOrVar","v":"value"}," rok."],"zero":"tento rok"},"$x":[{"t":"idOrVar","v":"plural"},"value"]},{"$i":"minutes-ago-short","$v":{"other":["Pred ",{"t":"idOrVar","v":"value"}," m"],"zero":"práve teraz"},"$x":[{"t":"idOrVar","v":"plural"},"value"]},{"$i":"hours-ago-short","$v":{"other":["Pred ",{"t":"idOrVar","v":"value"}," h"],"zero":"práve teraz"},"$x":[{"t":"idOrVar","v":"plural"},"value"]},{"$i":"days-ago-short","$v":{"other":["Pred ",{"t":"idOrVar","v":"value"}," d"],"zero":"dnes"},"$x":[{"t":"idOrVar","v":"plural"},"value"]},{"$i":"minutes-until-short","$v":{"other":["o ",{"t":"idOrVar","v":"value"}," m"],"zero":"teraz"},"$x":[{"t":"idOrVar","v":"plural"},"value"]},{"$i":"hours-until-short","$v":{"other":["o ",{"t":"idOrVar","v":"value"}," h"],"zero":"teraz"},"$x":[{"t":"idOrVar","v":"plural"},"value"]},{"$i":"days-until-short","$v":{"other":["o ",{"t":"idOrVar","v":"value"}," d"],"zero":"dnes"},"$x":[{"t":"idOrVar","v":"plural"},"value"]},{"$i":"incorrectDate","$v":"(nesprávny dátum)"},{"$i":"dateTimeFormat_%c","$v":"%a %b %e %Y %I:%M:%S %p"},{"$i":"dateTimeFormat_%x","$v":"%m/%d/%Y"},{"$i":"dateTimeFormat_%X","$v":"%I:%M:%S %p"},{"$i":"shortTimeFormat","$v":"%I:%M %p"},{"$i":"shortTimeFormat12","$v":"%I:%M %p"},{"$i":"shortTimeFormat24","$v":"%H:%M"},{"$i":"shortDateTimeFormat","$v":"%x %I:%M %p"},{"$i":"weekStartsOnMonday","$v":"0.0"},{"$i":"firstDayOfTheWeek","$v":"1.0"},{"$i":"softkey-options","$v":"Voľby"}]