[{"$i":"select","$v":"Izberi"},{"$i":"deselect","$v":"Prekliči izbor"},{"$i":"kai-select","$v":"Izberi"},{"$i":"invalid-image","$v":"Neveljavna slika"},{"$i":"image-too-big","$v":"Slikovna datoteka je prevelika, da bi jo bilo mogoče prikazati v galeriji"},{"$i":"kai-selected-items-count","$v":["Št. izbranih: ",{"t":"idOrVar","v":"n"}]},{"$i":"delete-photo?","$v":"Želite izbrisati fotografijo?"},{"$i":"delete-video?","$v":"Želite izbrisati video?"},{"$i":"deleting","$v":"Brisanje …"},{"$i":"delete-n-items?","$v":{"few":["Želite izbrisati ",{"t":"idOrVar","v":"n"}," elemente?"],"many":["Želite izbrisati ",{"t":"idOrVar","v":"n"}," elementov?"],"one":"Želite izbrisati izbrani element?","other":["Želite izbrisati ",{"t":"idOrVar","v":"n"}," elementov?"],"two":["Želite izbrisati ",{"t":"idOrVar","v":"n"}," elementa?"],"zero":"Nič ni izbrano"},"$x":[{"t":"idOrVar","v":"plural"},"n"]},{"$i":"kai-contact-set-ok","$v":"Slika stika je dodana"},{"$i":"kai-contact-set-fail","$v":"Nastavitev slike stika ni uspela"},{"$i":"kai-exposure-done","$v":"Uporabljena osvetlitev"},{"$i":"kai-rotation-done","$v":"Vrtenje je uporabljeno"},{"$i":"kai-crop-done","$v":"Slika je obrezana"},{"$i":"kai-filters-done","$v":"Uporabljen filter"},{"$i":"kai-autocorrection-done","$v":"Uporabljeno je samodejno popravljanje"},{"$i":"kai-changes-saved","$v":"Spremembe so shranjene"},{"$i":"wallpaper-set","$v":"Ozadje je nastavljeno"},{"$i":"kai-single-image-locked","$v":"Izbrana slika je zaklenjena"},{"$i":"kai-single-image-unlocked","$v":"Izbrana slika je odklenjena"},{"$i":"kai-single-image-deleted","$v":"Fotografija je izbrisana"},{"$i":"kai-multiple-images-locked","$v":{"one":[{"t":"idOrVar","v":"n"}," fotografija je zaklenjena"],"other":["Št. zaklenjenih fotografij: ",{"t":"idOrVar","v":"n"}],"zero":"Zaklenjena ni nobena fotografija"},"$x":[{"t":"idOrVar","v":"plural"},"n"]},{"$i":"kai-multiple-images-unlocked","$v":{"one":[{"t":"idOrVar","v":"n"}," fotografija je odklenjena"],"other":["Št. odklenjenih fotografij: ",{"t":"idOrVar","v":"n"}],"zero":"Odklenjena ni nobena fotografija"},"$x":[{"t":"idOrVar","v":"plural"},"n"]},{"$i":"kai-deleted-n-photos","$v":{"one":[{"t":"idOrVar","v":"n"}," fotografija je izbrisana"],"other":[{"t":"idOrVar","v":"n"}," fotografij je izbrisanih"],"zero":"Izbrisana ni nobena fotografija"},"$x":[{"t":"idOrVar","v":"plural"},"n"]},{"$i":"kai-some-photos-not-share","$v":"Nekaterih fotografij ni mogoče deliti"},{"$i":"kai-some-photos-not-delete","$v":"Nekaterih fotografij ni mogoče izbrisati"},{"$i":"kai-some-photos-not-lock","$v":"Nekaterih fotografij ni mogoče zakleniti"},{"$i":"kai-undo","$v":"Razveljavi"},{"$i":"pickoneimage2","$v":"Izberi"},{"$i":"cropimage","$v":"Obreži"},{"$i":"kai-on","$v":"Vklop"},{"$i":"kai-off","$v":"Izklop"},{"$i":"cancel","$v":"Prekliči"},{"$i":"delete","$v":"Brisanje"},{"$i":"ok","$v":"V redu"},{"$i":"edit","$v":"Uredi"},{"$i":"revert","$v":"Povrni"},{"$i":"save","$v":"Shrani"},{"$i":"done","$v":"Dokončano"},{"$i":"exposure","$v":"Osvetlitev"},{"$i":"crop","$v":"Obreži"},{"$i":"effects","$v":"Učinki"},{"$i":"borders","$v":"Robovi"},{"$i":"enhance-on","$v":"Samodejno izboljšanje je vklopljeno"},{"$i":"enhance-off","$v":"Samodejno izboljšanje je izklopljeno"},{"$i":"kai-set","$v":"Nastavi"},{"$i":"kai-options","$v":"Možnosti"},{"$i":"kai-select-all","$v":"Izberi vse"},{"$i":"kai-deselect-all","$v":"Prekliči izbor vseh"},{"$i":"kai-lock","$v":"Zakleni"},{"$i":"kai-unlock","$v":"Odkleni"},{"$i":"kai-rename","$v":"Preimenuj"},{"$i":"kai-rotate","$v":"Zavrti"},{"$i":"kai-share","$v":"Deli"},{"$i":"kai-settings","$v":"Nastavitve"},{"$i":"kai-set-as","$v":"Nastavi za"},{"$i":"set-as-wallpaper","$v":"Nastavi za ozadje"},{"$i":"kai-wallpaper","$v":"Ozadje"},{"$i":"kai-existing-contact-image","$v":"Slika za obstoječi stik"},{"$i":"kai-zoom","$v":"Povečava/pomanjšava"},{"$i":"kai-zoom-in","$v":"Povečava"},{"$i":"kai-zoom-out","$v":"Pomanjšava"},{"$i":"kai-file-info","$v":"Podatki o datoteki"},{"$i":"kai-select-multiple","$v":"Izberite več"},{"$i":"kai-invalid-name","$v":"Neveljavno ime"},{"$i":"kai-name-already-exists","$v":"To ime že obstaja"},{"$i":"kai-override-warning-msg","$v":"Želite prepisati obstoječo sliko?"},{"$i":"kai-override","$v":"Preglasi"},{"$i":"kai-edit-title","$v":"Uredi sliko"},{"$i":"kai-edit-exposure","$v":"Osvetlitev"},{"$i":"kai-edit-crop","$v":"Obreži"},{"$i":"kai-edit-rotate","$v":"Zavrti"},{"$i":"kai-edit-filters","$v":"Filtri"},{"$i":"kai-edit-auto-correct","$v":"Samodejno popravljanje"},{"$i":"edit-exposure","ariaLabel":"Osvetlitev"},{"$i":"edit-crop","ariaLabel":"Obreži"},{"$i":"edit-rotate","ariaLabel":"Zavrti"},{"$i":"edit-filters","ariaLabel":"Filtri"},{"$i":"edit-auto-correct","ariaLabel":"Samodejno popravljanje"},{"$i":"kai-crop-none","$v":"Razveljavi obrezovanje"},{"$i":"kai-crop-aspect-free","$v":"Privzeti"},{"$i":"kai-crop-aspect-portrait","$v":"2:3"},{"$i":"kai-crop-aspect-landscape","$v":"3:2"},{"$i":"kai-crop-aspect-square","$v":"1:1"},{"$i":"crop-none","ariaLabel":"Razveljavi obrezovanje"},{"$i":"crop-aspect-free","ariaLabel":"Privzeti"},{"$i":"crop-aspect-portrait","ariaLabel":"2:3"},{"$i":"crop-aspect-landscape","ariaLabel":"3:2"},{"$i":"crop-aspect-square","ariaLabel":"1:1"},{"$i":"edit-filters-none","ariaLabel":"Filter 1"},{"$i":"edit-filters-bw","ariaLabel":"Filter 2"},{"$i":"edit-filters-sepia","ariaLabel":"Filter 3"},{"$i":"edit-filters-bluesteel","ariaLabel":"Filter 4"},{"$i":"edit-filters-faded","ariaLabel":"Filter 5"},{"$i":"kai-rotate-cw","$v":"V smeri urnega kazalca"},{"$i":"kai-rotate-ccw","$v":"CCW"},{"$i":"original","$v":"Izvirnik"},{"$i":"blackandwhite","$v":"ČB"},{"$i":"sepia","$v":"Sepia"},{"$i":"freeform","$v":"Prosta oblika"},{"$i":"portrait","$v":"Pokončno"},{"$i":"landscape","$v":"Ležeče"},{"$i":"square","$v":"Kvadrat"},{"$i":"emptygallery2-title","$v":"Ni fotografij ali videov"},{"$i":"emptygallery2-text","$v":"Galerija je prazna. Uporabite fotoaparat."},{"$i":"emptygallery2-title-pick","$v":"Ni fotografij"},{"$i":"emptygallery-text-pick","$v":"Ni razpoložljivih fotografij."},{"$i":"nocard3-title","$v":"Ni pomnilniške kartice"},{"$i":"nocard4-text","$v":"Če želite uporabljati to aplikacijo, vstavite pomnilniško kartico."},{"$i":"pluggedin2-title","$v":"Pomnilniška kartica je v uporabi"},{"$i":"pluggedin2-text","$v":"Shramba je v uporabi. Za uporabo te apl. odklopite telefon."},{"$i":"scanning-title","$v":"Iskanje"},{"$i":"scanning-text","$v":"Iskanje fotografij …"},{"$i":"upgrade-title","$v":"Nadgradnja zbirke podatkov"},{"$i":"upgrade-text","$v":"Galerija posod. zbir. pod. Počakajte."},{"$i":"share-noprovider","$v":"Te vrste slikovne datoteke ni mogoče dati v skupno rabo."},{"$i":"memorycardfull","$v":"Shramba je polna. Urej. foto. ni mogoče."},{"$i":"imagetoobig","$v":"Slika je prevelika, da bi jo bilo mogoče prikazati v tej napravi."},{"$i":"imageinvalid","$v":"Slika je neveljavna ali poškodovana in je ni mogoče prikazati."},{"$i":"saved","$v":["Datoteka ",{"t":"idOrVar","v":"filename"}," je shranjena v Galerijo"]},{"$i":"edit-copy-saved","$v":"Nova kopija je shranjena."},{"$i":"overlay-camera-button","$v":"Pojdi v fotoaparat"},{"$i":"name-label","$v":"Ime"},{"$i":"size-label","$v":"Velikost"},{"$i":"image-type-label","$v":"Vrsta slike"},{"$i":"kai-date-and-time-label","$v":"Datum in ura"},{"$i":"date-taken-label","$v":"Datum posnetka"},{"$i":"resolution-label","$v":"Ločljivost"},{"$i":"close-button","$v":"Zapri"},{"$i":"path-label","$v":"Pot"},{"$i":"sd-card","$v":"Kartica SD"},{"$i":"internal","$v":"Notranja"},{"$i":"byteUnit-B","$v":"Bajti"},{"$i":"byteUnit-KB","$v":"KB"},{"$i":"byteUnit-MB","$v":"MB"},{"$i":"byteUnit-GB","$v":"GB"},{"$i":"gallery","$v":"Galerija"},{"$i":"preview","$v":"Predogled"},{"$i":"kai-confirmation","$v":"Potrditev"},{"$i":"kai-delete-this-image","$v":"Želite izbrisati fotografijo?"},{"$i":"kai-delete-selected-image","$v":"Želite izbrisati izbrano fotografijo?"},{"$i":"kai-delete-selected-images","$v":"Želite izbrisati izbrane fotografije?"},{"$i":"kai-sort-by","$v":"Razvrsti po"},{"$i":"kai-group-by-date-and-location","$v":"Razvrsti v skupine po datumu"},{"$i":"kai-error","$v":"Napaka"},{"$i":"kai-error-delete-locked-image","$v":"Izbrana slika je zaklenjena in je ni bilo mogoče izbrisati"},{"$i":"kai-error-delete-locked-images","$v":"Izbrane slike vsebujejo zaklenjene slike in jih ni bilo mogoče izbrisati"},{"$i":"kai-enter-new-name","$v":"Vnesite novo ime"},{"$i":"sort-and-group","$v":"Razvrščanje in združevanje"},{"$i":"time_am","$v":"dop."},{"$i":"time_pm","$v":"pop."},{"$i":"date-group-header","$v":"%B %Y"},{"$i":"videoDescriptionShort","$v":"Datum videa %I:%M %p, %B %e, %Y"},{"$i":"imageDescriptionShort","$v":"Slika z datumom %I:%M %p, %B %e, %Y"},{"$i":"editImagePreview","ariaLabel":"Predogled urejanja slike"},{"$i":"kai-pickoneimage","$v":"Izberite fotografijo"},{"$i":"discard-changes-warning","$v":"Vse spremembe bodo izgubljene. Želite zavreči spremembe?"},{"$i":"save-changes-warning","$v":"Vse spremembe bodo izgubljene. Želite shraniti spremembe?"},{"$i":"discard","$v":"Zavrzi"},{"$i":"camera","$v":"Kamera"},{"$i":"phone-is-full-title","$v":"Pomnilnik telefona je poln."},{"$i":"sd-card-is-full-title","$v":"Kartica SD je polna."},{"$i":"phone-is-full-content","$v":"Izbrišite predstavnostne datoteke ali podatke aplikacij, da sprostite prostor. Lahko tudi vstavite kartico SD in tako razširite shrambo za predstavnostne vsebine."},{"$i":"sd-card-is-full-content","$v":"Izbrišite datoteke na kartici SD, da sprostite prostor."},{"$i":"imageDescription","$v":[{"t":"idOrVar","v":"orientation"}," slika, %I : %M %p, %B %e, %Y"]},{"$i":"imageDescriptionNoTimestamp","$v":[{"t":"idOrVar","v":"orientation"}," slika"]},{"$i":"videoDescription","$v":[{"t":"idOrVar","v":"orientation"}," video, %I : %M %p, %B %e, %Y"]},{"$i":"videoDescriptionNoTimestamp","$v":[{"t":"idOrVar","v":"orientation"}," video"]},{"$i":"orientationPortrait","$v":"pokončno"},{"$i":"orientationLandscape","$v":"Ležeče"},{"$i":"playbackPlay","ariaLabel":"Predvajaj"},{"$i":"playbackPause","ariaLabel":"Premor"},{"$i":"playbackNext","ariaLabel":"Naslednji"},{"$i":"playbackPrevious","ariaLabel":"Prejšnji"},{"$i":"playbackFullscreen","ariaLabel":"Cel zaslon"},{"$i":"playbackSeekBar","ariaLabel":["Isk. vrst.; trajanje ",{"t":"idOrVar","v":"duration"}]},{"$i":"weekday-0-long","$v":"Nedelja"},{"$i":"weekday-1-long","$v":"Ponedeljek"},{"$i":"weekday-2-long","$v":"Torek"},{"$i":"weekday-3-long","$v":"Sreda"},{"$i":"weekday-4-long","$v":"Četrtek"},{"$i":"weekday-5-long","$v":"Petek"},{"$i":"weekday-6-long","$v":"Sobota"},{"$i":"weekday-0-short","$v":"ned"},{"$i":"weekday-1-short","$v":"pon"},{"$i":"weekday-2-short","$v":"tor"},{"$i":"weekday-3-short","$v":"sre"},{"$i":"weekday-4-short","$v":"čet"},{"$i":"weekday-5-short","$v":"pet"},{"$i":"weekday-6-short","$v":"sob"},{"$i":"month-0-long","$v":"januar"},{"$i":"month-1-long","$v":"februar"},{"$i":"month-2-long","$v":"marec"},{"$i":"month-3-long","$v":"april"},{"$i":"month-4-long","$v":"maj"},{"$i":"month-5-long","$v":"junij"},{"$i":"month-6-long","$v":"julij"},{"$i":"month-7-long","$v":"avgust"},{"$i":"month-8-long","$v":"september"},{"$i":"month-9-long","$v":"oktober"},{"$i":"month-10-long","$v":"november"},{"$i":"month-11-long","$v":"december"},{"$i":"month-0-genitive","$v":"januar"},{"$i":"month-1-genitive","$v":"februar"},{"$i":"month-2-genitive","$v":"marec"},{"$i":"month-3-genitive","$v":"april"},{"$i":"month-4-genitive","$v":"maj"},{"$i":"month-5-genitive","$v":"junij"},{"$i":"month-6-genitive","$v":"julij"},{"$i":"month-7-genitive","$v":"avgust"},{"$i":"month-8-genitive","$v":"september"},{"$i":"month-9-genitive","$v":"oktober"},{"$i":"month-10-genitive","$v":"november"},{"$i":"month-11-genitive","$v":"december"},{"$i":"month-0-short","$v":"jan"},{"$i":"month-1-short","$v":"feb"},{"$i":"month-2-short","$v":"mar"},{"$i":"month-3-short","$v":"apr"},{"$i":"month-4-short","$v":"maj"},{"$i":"month-5-short","$v":"jun"},{"$i":"month-6-short","$v":"jul"},{"$i":"month-7-short","$v":"avg"},{"$i":"month-8-short","$v":"sep"},{"$i":"month-9-short","$v":"okt"},{"$i":"month-10-short","$v":"nov"},{"$i":"month-11-short","$v":"dec"},{"$i":"minutes-ago-long","$v":{"few":["pred ",{"t":"idOrVar","v":"value"}," minutami"],"many":["pred ",{"t":"idOrVar","v":"value"}," minutami"],"one":"pred minuto","other":["pred ",{"t":"idOrVar","v":"value"}," minutami"],"two":["pred ",{"t":"idOrVar","v":"value"}," minutama"],"zero":"pravkar"},"$x":[{"t":"idOrVar","v":"plural"},"value"]},{"$i":"hours-ago-long","$v":{"few":["pred ",{"t":"idOrVar","v":"value"}," urami"],"many":["pred ",{"t":"idOrVar","v":"value"}," urami"],"one":"pred 1 uro","other":["pred ",{"t":"idOrVar","v":"value"}," urami"],"two":["pred ",{"t":"idOrVar","v":"value"}," urama"],"zero":"pravkar"},"$x":[{"t":"idOrVar","v":"plural"},"value"]},{"$i":"days-ago-long","$v":{"few":["pred ",{"t":"idOrVar","v":"value"}," dnevi"],"many":["pred ",{"t":"idOrVar","v":"value"}," dnevi"],"one":"včeraj","other":["pred ",{"t":"idOrVar","v":"value"}," dnevi"],"two":["pred ",{"t":"idOrVar","v":"value"}," dnevoma"],"zero":"danes"},"$x":[{"t":"idOrVar","v":"plural"},"value"]},{"$i":"weeks-ago-long","$v":{"few":["pred ",{"t":"idOrVar","v":"value"}," tedni"],"many":["pred ",{"t":"idOrVar","v":"value"}," tedni"],"one":"prejšnji teden","other":["pred ",{"t":"idOrVar","v":"value"}," tedni"],"two":["pred ",{"t":"idOrVar","v":"value"}," tednoma"],"zero":"ta teden"},"$x":[{"t":"idOrVar","v":"plural"},"value"]},{"$i":"months-ago-long","$v":{"few":["pred ",{"t":"idOrVar","v":"value"}," meseci"],"many":["pred ",{"t":"idOrVar","v":"value"}," meseci"],"one":"prejšnji mesec","other":["pred ",{"t":"idOrVar","v":"value"}," meseci"],"two":["pred ",{"t":"idOrVar","v":"value"}," mesecema"],"zero":"ta mesec"},"$x":[{"t":"idOrVar","v":"plural"},"value"]},{"$i":"years-ago-long","$v":{"few":["pred ",{"t":"idOrVar","v":"value"}," leti"],"many":["pred ",{"t":"idOrVar","v":"value"}," leti"],"one":"prejšnje leto","other":["pred ",{"t":"idOrVar","v":"value"}," leti"],"two":["pred ",{"t":"idOrVar","v":"value"}," letoma"],"zero":"to leto"},"$x":[{"t":"idOrVar","v":"plural"},"value"]},{"$i":"minutes-until-long","$v":{"few":["čez ",{"t":"idOrVar","v":"value"}," minute"],"many":["čez ",{"t":"idOrVar","v":"value"}," minut"],"one":"čez minuto","other":["čez ",{"t":"idOrVar","v":"value"}," minut"],"two":["čez ",{"t":"idOrVar","v":"value"}," minuti"],"zero":"zdaj"},"$x":[{"t":"idOrVar","v":"plural"},"value"]},{"$i":"hours-until-long","$v":{"few":["čez ",{"t":"idOrVar","v":"value"}," ure"],"many":["čez ",{"t":"idOrVar","v":"value"}," ur"],"one":"čez eno uro","other":["čez ",{"t":"idOrVar","v":"value"}," ur"],"two":["čez ",{"t":"idOrVar","v":"value"}," uri"],"zero":"zdaj"},"$x":[{"t":"idOrVar","v":"plural"},"value"]},{"$i":"days-until-long","$v":{"few":["čez ",{"t":"idOrVar","v":"value"}," dni"],"many":["čez ",{"t":"idOrVar","v":"value"}," dni"],"one":"jutri","other":["čez ",{"t":"idOrVar","v":"value"}," dni"],"two":["čez ",{"t":"idOrVar","v":"value"}," dni"],"zero":"danes"},"$x":[{"t":"idOrVar","v":"plural"},"value"]},{"$i":"weeks-until-long","$v":{"few":["čez ",{"t":"idOrVar","v":"value"}," tedne"],"many":["čez ",{"t":"idOrVar","v":"value"}," tednov"],"one":"naslednji teden","other":["čez ",{"t":"idOrVar","v":"value"}," tednov"],"two":["čez ",{"t":"idOrVar","v":"value"}," tedna"],"zero":"ta teden"},"$x":[{"t":"idOrVar","v":"plural"},"value"]},{"$i":"months-until-long","$v":{"few":["čez ",{"t":"idOrVar","v":"value"}," mesece"],"many":["čez ",{"t":"idOrVar","v":"value"}," mesecev"],"one":"naslednji mesec","other":["čez ",{"t":"idOrVar","v":"value"}," mesecev"],"two":["čez ",{"t":"idOrVar","v":"value"}," meseca"],"zero":"ta mesec"},"$x":[{"t":"idOrVar","v":"plural"},"value"]},{"$i":"years-until-long","$v":{"few":["čez ",{"t":"idOrVar","v":"value"}," leta"],"many":["čez ",{"t":"idOrVar","v":"value"}," let"],"one":"naslednje leto","other":["čez ",{"t":"idOrVar","v":"value"}," let"],"two":["čez ",{"t":"idOrVar","v":"value"}," leti"],"zero":"to leto"},"$x":[{"t":"idOrVar","v":"plural"},"value"]},{"$i":"minutes-ago-short","$v":{"other":["Pred ",{"t":"idOrVar","v":"value"}," m"],"zero":"pravkar"},"$x":[{"t":"idOrVar","v":"plural"},"value"]},{"$i":"hours-ago-short","$v":{"other":["pred ",{"t":"idOrVar","v":"value"}," h"],"zero":"pravkar"},"$x":[{"t":"idOrVar","v":"plural"},"value"]},{"$i":"days-ago-short","$v":{"other":["pred ",{"t":"idOrVar","v":"value"}," d"],"zero":"danes"},"$x":[{"t":"idOrVar","v":"plural"},"value"]},{"$i":"minutes-until-short","$v":{"other":["čez ",{"t":"idOrVar","v":"value"}," m"],"zero":"zdaj"},"$x":[{"t":"idOrVar","v":"plural"},"value"]},{"$i":"hours-until-short","$v":{"other":["čez ",{"t":"idOrVar","v":"value"}," h"],"zero":"zdaj"},"$x":[{"t":"idOrVar","v":"plural"},"value"]},{"$i":"days-until-short","$v":{"other":["čez ",{"t":"idOrVar","v":"value"}," d"],"zero":"danes"},"$x":[{"t":"idOrVar","v":"plural"},"value"]},{"$i":"incorrectDate","$v":"(nepravilen datum)"},{"$i":"dateTimeFormat_%c","$v":"%a %b %e %Y %I.%M.%S %p"},{"$i":"dateTimeFormat_%x","$v":"%m/%d/%Y"},{"$i":"dateTimeFormat_%X","$v":"%I:%M:%S %p"},{"$i":"shortTimeFormat","$v":"%I.%M %p"},{"$i":"shortTimeFormat12","$v":"%I.%M %p"},{"$i":"shortTimeFormat24","$v":"%H.%M"},{"$i":"shortDateTimeFormat","$v":"%x %I.%M %p"},{"$i":"weekStartsOnMonday","$v":"0.0"},{"$i":"firstDayOfTheWeek","$v":"1.0"},{"$i":"softkey-options","$v":"Možnosti"}]