[{"$i":"select","$v":"Zgjidh"},{"$i":"deselect","$v":"Çzgjidh"},{"$i":"kai-select","$v":"Zgjidh"},{"$i":"invalid-image","$v":"Figurë e pavlefshme"},{"$i":"image-too-big","$v":"Përmasat e skedarit të figurës janë shumë të mëdha për ta shfaqur në galeri"},{"$i":"kai-selected-items-count","$v":[{"t":"idOrVar","v":"n"}," zgjedhur"]},{"$i":"delete-photo?","$v":"Të fshihet fotoja?"},{"$i":"delete-video?","$v":"Të fshihet videoja?"},{"$i":"deleting","$v":"Po fshihen…"},{"$i":"delete-n-items?","$v":{"few":["Të fshihen ",{"t":"idOrVar","v":"n"}," artikuj?"],"many":["Të fshihen ",{"t":"idOrVar","v":"n"}," artikuj?"],"one":"Të fshihet artikulli i zgjedhur?","other":["Të fshihen ",{"t":"idOrVar","v":"n"}," artikuj?"],"two":["Të fshihen ",{"t":"idOrVar","v":"n"}," artikuj?"],"zero":"Nuk u zgjodh gjë"},"$x":[{"t":"idOrVar","v":"plural"},"n"]},{"$i":"kai-contact-set-ok","$v":"U shtua figurë kontakti"},{"$i":"kai-contact-set-fail","$v":"Figura e kontaktit nuk u caktua dot"},{"$i":"kai-exposure-done","$v":"U vu ekspozim"},{"$i":"kai-rotation-done","$v":"Rrotullimi u krye"},{"$i":"kai-crop-done","$v":"Figura u zvogëlua"},{"$i":"kai-filters-done","$v":"Filtri u vu"},{"$i":"kai-autocorrection-done","$v":"U krye korrigjim automatik"},{"$i":"kai-changes-saved","$v":"Ndryshimet u ruajtën"},{"$i":"wallpaper-set","$v":"Sfondi u caktua"},{"$i":"kai-single-image-locked","$v":"Figura e zgjedhur u kyç"},{"$i":"kai-single-image-unlocked","$v":"Figura e zgjedhur u shkyç"},{"$i":"kai-single-image-deleted","$v":"Fotoja u fshi"},{"$i":"kai-multiple-images-locked","$v":{"one":[{"t":"idOrVar","v":"n"}," fotografi e kyçur"],"other":[{"t":"idOrVar","v":"n"}," fotografi të kyçura"],"zero":"Asnjë fotografi e kyçur"},"$x":[{"t":"idOrVar","v":"plural"},"n"]},{"$i":"kai-multiple-images-unlocked","$v":{"one":[{"t":"idOrVar","v":"n"}," fotografi e shkyçur"],"other":[{"t":"idOrVar","v":"n"}," fotografi të shkyçura"],"zero":"Asnjë fotografi e shkyçur"},"$x":[{"t":"idOrVar","v":"plural"},"n"]},{"$i":"kai-deleted-n-photos","$v":{"one":[{"t":"idOrVar","v":"n"}," imazh u fshi"],"other":[{"t":"idOrVar","v":"n"}," imazhe u fshinë"],"zero":"Nuk u fshi imazh"},"$x":[{"t":"idOrVar","v":"plural"},"n"]},{"$i":"kai-some-photos-not-share","$v":"Disa foto nuk mund të ndahen"},{"$i":"kai-some-photos-not-delete","$v":"Disa foto nuk mund të fshihen"},{"$i":"kai-some-photos-not-lock","$v":"Disa foto nuk mund të kyçen"},{"$i":"kai-undo","$v":"Zhbëj"},{"$i":"pickoneimage2","$v":"Zgjidh"},{"$i":"cropimage","$v":"Prit"},{"$i":"kai-on","$v":"Aktiv"},{"$i":"kai-off","$v":"Joaktiv"},{"$i":"cancel","$v":"Anulo"},{"$i":"delete","$v":"Fshi"},{"$i":"ok","$v":"OK"},{"$i":"edit","$v":"Modifiko"},{"$i":"revert","$v":"Rikthe"},{"$i":"save","$v":"Ruaj"},{"$i":"done","$v":"U krye"},{"$i":"exposure","$v":"Ekspozimi"},{"$i":"crop","$v":"Prit"},{"$i":"effects","$v":"Efektet"},{"$i":"borders","$v":"Konturet"},{"$i":"enhance-on","$v":"Përmirësimi automatik aktiv"},{"$i":"enhance-off","$v":"Përmirësimi automatik joaktiv"},{"$i":"kai-set","$v":"Cakto"},{"$i":"kai-options","$v":"Opsionet"},{"$i":"kai-select-all","$v":"Zgjidhi të gjitha"},{"$i":"kai-deselect-all","$v":"Çzgjidh të gjitha"},{"$i":"kai-lock","$v":"Kyç"},{"$i":"kai-unlock","$v":"Shkyç"},{"$i":"kai-rename","$v":"Riemërto"},{"$i":"kai-rotate","$v":"Rrotullo"},{"$i":"kai-share","$v":"Ndaj"},{"$i":"kai-settings","$v":"Cilësimet"},{"$i":"kai-set-as","$v":"Caktoje si"},{"$i":"set-as-wallpaper","$v":"Caktoje si sfond"},{"$i":"kai-wallpaper","$v":"Sfond"},{"$i":"kai-existing-contact-image","$v":"Figura për kontaktin ekzistues"},{"$i":"kai-zoom","$v":"Zmadhim"},{"$i":"kai-zoom-in","$v":"Zmadho"},{"$i":"kai-zoom-out","$v":"Zvogëlo"},{"$i":"kai-file-info","$v":"Informacioni i skedarit"},{"$i":"kai-select-multiple","$v":"Zgjidh disa"},{"$i":"kai-invalid-name","$v":"Emër i pavlefshëm"},{"$i":"kai-name-already-exists","$v":"Ky emër ekziston"},{"$i":"kai-override-warning-msg","$v":"Të anashkalohet figura ekzistuese?"},{"$i":"kai-override","$v":"Anashkalo"},{"$i":"kai-edit-title","$v":"Modifiko imazhin"},{"$i":"kai-edit-exposure","$v":"Ekspozimi"},{"$i":"kai-edit-crop","$v":"Prit"},{"$i":"kai-edit-rotate","$v":"Rrotullo"},{"$i":"kai-edit-filters","$v":"Filtrat"},{"$i":"kai-edit-auto-correct","$v":"Korrigjim automatik"},{"$i":"edit-exposure","ariaLabel":"Ekspozimi"},{"$i":"edit-crop","ariaLabel":"Prit"},{"$i":"edit-rotate","ariaLabel":"Rrotullo"},{"$i":"edit-filters","ariaLabel":"Filtrat"},{"$i":"edit-auto-correct","ariaLabel":"Korrigjim automatik"},{"$i":"kai-crop-none","$v":"Zhbëj prerjen"},{"$i":"kai-crop-aspect-free","$v":"Standard"},{"$i":"kai-crop-aspect-portrait","$v":"2:3"},{"$i":"kai-crop-aspect-landscape","$v":"3:2"},{"$i":"kai-crop-aspect-square","$v":"1:1"},{"$i":"crop-none","ariaLabel":"Zhbëj prerjen"},{"$i":"crop-aspect-free","ariaLabel":"Standard"},{"$i":"crop-aspect-portrait","ariaLabel":"2:3"},{"$i":"crop-aspect-landscape","ariaLabel":"3:2"},{"$i":"crop-aspect-square","ariaLabel":"1:1"},{"$i":"edit-filters-none","ariaLabel":"Filtri 1"},{"$i":"edit-filters-bw","ariaLabel":"Filtri 2"},{"$i":"edit-filters-sepia","ariaLabel":"Filtri 3"},{"$i":"edit-filters-bluesteel","ariaLabel":"Filtri 4"},{"$i":"edit-filters-faded","ariaLabel":"Filtri 5"},{"$i":"kai-rotate-cw","$v":"CW"},{"$i":"kai-rotate-ccw","$v":"CCW"},{"$i":"original","$v":"Origjinal"},{"$i":"blackandwhite","$v":"Bardhezi"},{"$i":"sepia","$v":"Sepia"},{"$i":"freeform","$v":"Formë e lirë"},{"$i":"portrait","$v":"Portret"},{"$i":"landscape","$v":"Peizazh"},{"$i":"square","$v":"Katror"},{"$i":"emptygallery2-title","$v":"Nuk ka foto ose video"},{"$i":"emptygallery2-text","$v":"Galeria është bosh. Përdor kamerën për të filluar."},{"$i":"emptygallery2-title-pick","$v":"Nuk ka foto"},{"$i":"emptygallery-text-pick","$v":"Nuk ka foto të disponueshme."},{"$i":"nocard3-title","$v":"Nuk ka kartë memorieje"},{"$i":"nocard4-text","$v":"Fut një kartë memorieje për ta përdorur aplikacionin."},{"$i":"pluggedin2-title","$v":"Karta e memories në përdorim"},{"$i":"pluggedin2-text","$v":"Memo. është në përdo. Hiqe telefo. nga priza për të përdo. aplika."},{"$i":"scanning-title","$v":"Po skanon"},{"$i":"scanning-text","$v":"Po skanon për foto..."},{"$i":"upgrade-title","$v":"Aktualizimi i databazës"},{"$i":"upgrade-text","$v":"Prit sa \"Galeria\" të përditësojë databazën."},{"$i":"share-noprovider","$v":"Ky lloj skedari figure ndahet dot."},{"$i":"memorycardfull","$v":"Mem. është plot. Fotot nuk modi. dot."},{"$i":"imagetoobig","$v":"Figura është shumë e madhe për t'u shfaqur në këtë pajisje."},{"$i":"imageinvalid","$v":"Figura është e pavlefshme ose e dëmtuar dhe nuk shfaqet dot."},{"$i":"saved","$v":[{"t":"idOrVar","v":"filename"}," u ruajt te \"Galeria"]},{"$i":"edit-copy-saved","$v":"U ruajt kopje e re."},{"$i":"overlay-camera-button","$v":"Shko te kamera"},{"$i":"name-label","$v":"Emri"},{"$i":"size-label","$v":"Madhësia"},{"$i":"image-type-label","$v":"Lloji i figurës"},{"$i":"kai-date-and-time-label","$v":"Data dhe ora"},{"$i":"date-taken-label","$v":"Data e marrjes"},{"$i":"resolution-label","$v":"Rezolucioni"},{"$i":"close-button","$v":"Mbyll"},{"$i":"path-label","$v":"Shtegu"},{"$i":"sd-card","$v":"Karta SD"},{"$i":"internal","$v":"I brendshëm"},{"$i":"byteUnit-B","$v":"Bajt"},{"$i":"byteUnit-KB","$v":"KB"},{"$i":"byteUnit-MB","$v":"MB"},{"$i":"byteUnit-GB","$v":"GB"},{"$i":"gallery","$v":"Galeria"},{"$i":"preview","$v":"Shqyrtim"},{"$i":"kai-confirmation","$v":"Konfirmimi"},{"$i":"kai-delete-this-image","$v":"Të fshihet fotoja?"},{"$i":"kai-delete-selected-image","$v":"Të fshihet fotoja e zgjedhur?"},{"$i":"kai-delete-selected-images","$v":"Të fshihen fotot e zgjedhura?"},{"$i":"kai-sort-by","$v":"Rendit sipas"},{"$i":"kai-group-by-date-and-location","$v":"Grupo sipas datës"},{"$i":"kai-error","$v":"Gabim"},{"$i":"kai-error-delete-locked-image","$v":"Figura e zgjedhur është e kyçur dhe nuk fshihet dot!"},{"$i":"kai-error-delete-locked-images","$v":"Figurat e zgjedhura përmbajnë figura të kyçura dhe nuk fshihen dot!"},{"$i":"kai-enter-new-name","$v":"Jep emrin e ri"},{"$i":"sort-and-group","$v":"Rendit dhe grupo"},{"$i":"time_am","$v":"p.d."},{"$i":"time_pm","$v":"m.d."},{"$i":"date-group-header","$v":"%B %Y"},{"$i":"videoDescriptionShort","$v":"Video me datë %I:%M %p, %B %e, %Y"},{"$i":"imageDescriptionShort","$v":"Figura mban datë %I:%M %p, %B %e, %Y"},{"$i":"editImagePreview","ariaLabel":"Modifiko shqyrtimin e figurës"},{"$i":"kai-pickoneimage","$v":"Zgjidh një foto"},{"$i":"discard-changes-warning","$v":"Të gjitha ndryshimet do të humbasin. Të skartohen ndryshimet?"},{"$i":"save-changes-warning","$v":"Të gjitha ndryshimet do të humbasin. Të ruhen ndryshimet?"},{"$i":"discard","$v":"Skarto"},{"$i":"camera","$v":"Kamera"},{"$i":"phone-is-full-title","$v":"Memoria e telefonit plot"},{"$i":"sd-card-is-full-title","$v":"Karta SD është plot."},{"$i":"phone-is-full-content","$v":"Fshi skedarë media ose të dhëna aplikacionesh për të liruar hapësirë. Mund të fusësh edhe një kartë SD për të zgjeruar memorien e medias."},{"$i":"sd-card-is-full-content","$v":"Fshi skedarë në kartën SD për të liruar hapësirë."},{"$i":"imageDescription","$v":["Imazh ",{"t":"idOrVar","v":"orientation"},", %I:%M %p, %B %e, %Y"]},{"$i":"imageDescriptionNoTimestamp","$v":["Imazh ",{"t":"idOrVar","v":"orientation"}]},{"$i":"videoDescription","$v":["Video ",{"t":"idOrVar","v":"orientation"},", %I:%M %p, %B %e, %Y"]},{"$i":"videoDescriptionNoTimestamp","$v":["Video ",{"t":"idOrVar","v":"orientation"}]},{"$i":"orientationPortrait","$v":"portret"},{"$i":"orientationLandscape","$v":"peizazh"},{"$i":"playbackPlay","ariaLabel":"Luaj"},{"$i":"playbackPause","ariaLabel":"Pauzë"},{"$i":"playbackNext","ariaLabel":"Vijues"},{"$i":"playbackPrevious","ariaLabel":"Përpara"},{"$i":"playbackFullscreen","ariaLabel":"Ekran i plotë"},{"$i":"playbackSeekBar","ariaLabel":["Shiriti kërk., kohëzgj. ",{"t":"idOrVar","v":"duration"}]},{"$i":"weekday-0-long","$v":"E diel"},{"$i":"weekday-1-long","$v":"E hënë"},{"$i":"weekday-2-long","$v":"E martë"},{"$i":"weekday-3-long","$v":"E mërkurë"},{"$i":"weekday-4-long","$v":"E enjte"},{"$i":"weekday-5-long","$v":"E premte"},{"$i":"weekday-6-long","$v":"E shtunë"},{"$i":"weekday-0-short","$v":"Die"},{"$i":"weekday-1-short","$v":"Hën"},{"$i":"weekday-2-short","$v":"Mar"},{"$i":"weekday-3-short","$v":"Mër"},{"$i":"weekday-4-short","$v":"Enj"},{"$i":"weekday-5-short","$v":"Pre"},{"$i":"weekday-6-short","$v":"Sht"},{"$i":"month-0-long","$v":"Janar"},{"$i":"month-1-long","$v":"Shkurt"},{"$i":"month-2-long","$v":"Mars"},{"$i":"month-3-long","$v":"Prill"},{"$i":"month-4-long","$v":"Maj"},{"$i":"month-5-long","$v":"Qershor"},{"$i":"month-6-long","$v":"Korrik"},{"$i":"month-7-long","$v":"Gusht"},{"$i":"month-8-long","$v":"Shtator"},{"$i":"month-9-long","$v":"Tetor"},{"$i":"month-10-long","$v":"Nëntor"},{"$i":"month-11-long","$v":"Dhjetor"},{"$i":"month-0-genitive","$v":"Janar"},{"$i":"month-1-genitive","$v":"Shkurt"},{"$i":"month-2-genitive","$v":"Mars"},{"$i":"month-3-genitive","$v":"Prill"},{"$i":"month-4-genitive","$v":"Maj"},{"$i":"month-5-genitive","$v":"Qershor"},{"$i":"month-6-genitive","$v":"Korrik"},{"$i":"month-7-genitive","$v":"Gusht"},{"$i":"month-8-genitive","$v":"Shtator"},{"$i":"month-9-genitive","$v":"Tetor"},{"$i":"month-10-genitive","$v":"Nëntor"},{"$i":"month-11-genitive","$v":"Dhjetor"},{"$i":"month-0-short","$v":"Jan"},{"$i":"month-1-short","$v":"Shku"},{"$i":"month-2-short","$v":"Mar"},{"$i":"month-3-short","$v":"Pri"},{"$i":"month-4-short","$v":"Maj"},{"$i":"month-5-short","$v":"Qer"},{"$i":"month-6-short","$v":"Korr"},{"$i":"month-7-short","$v":"Gush"},{"$i":"month-8-short","$v":"Shta"},{"$i":"month-9-short","$v":"Tet"},{"$i":"month-10-short","$v":"Nën"},{"$i":"month-11-short","$v":"Dhj"},{"$i":"minutes-ago-long","$v":{"few":[{"t":"idOrVar","v":"value"}," minuta më parë"],"many":[{"t":"idOrVar","v":"value"}," minuta më parë"],"one":"një minutë më parë","other":[{"t":"idOrVar","v":"value"}," minuta më parë"],"two":[{"t":"idOrVar","v":"value"}," minuta më parë"],"zero":"sapo"},"$x":[{"t":"idOrVar","v":"plural"},"value"]},{"$i":"hours-ago-long","$v":{"few":[{"t":"idOrVar","v":"value"}," orë më parë"],"many":[{"t":"idOrVar","v":"value"}," orë më parë"],"one":"një orë më parë","other":[{"t":"idOrVar","v":"value"}," orë më parë"],"two":[{"t":"idOrVar","v":"value"}," orë më parë"],"zero":"sapo"},"$x":[{"t":"idOrVar","v":"plural"},"value"]},{"$i":"days-ago-long","$v":{"few":[{"t":"idOrVar","v":"value"}," ditë më parë"],"many":[{"t":"idOrVar","v":"value"}," ditë më parë"],"one":"dje","other":[{"t":"idOrVar","v":"value"}," ditë më parë"],"two":[{"t":"idOrVar","v":"value"}," ditë më parë"],"zero":"sot"},"$x":[{"t":"idOrVar","v":"plural"},"value"]},{"$i":"weeks-ago-long","$v":{"few":[{"t":"idOrVar","v":"value"}," javë më parë"],"many":[{"t":"idOrVar","v":"value"}," javë më parë"],"one":"javën e kaluar","other":[{"t":"idOrVar","v":"value"}," javë më parë"],"two":[{"t":"idOrVar","v":"value"}," javë më parë"],"zero":"këtë javë"},"$x":[{"t":"idOrVar","v":"plural"},"value"]},{"$i":"months-ago-long","$v":{"few":[{"t":"idOrVar","v":"value"}," muaj më parë"],"many":[{"t":"idOrVar","v":"value"}," muaj më parë"],"one":"muajin e kaluar","other":[{"t":"idOrVar","v":"value"}," muaj më parë"],"two":[{"t":"idOrVar","v":"value"}," muaj më parë"],"zero":"këtë muaj"},"$x":[{"t":"idOrVar","v":"plural"},"value"]},{"$i":"years-ago-long","$v":{"few":[{"t":"idOrVar","v":"value"}," vite më parë"],"many":[{"t":"idOrVar","v":"value"}," vite më parë"],"one":"vitin e kaluar","other":[{"t":"idOrVar","v":"value"}," vite më parë"],"two":[{"t":"idOrVar","v":"value"}," vite më parë"],"zero":"këtë vit"},"$x":[{"t":"idOrVar","v":"plural"},"value"]},{"$i":"minutes-until-long","$v":{"few":["për ",{"t":"idOrVar","v":"value"}," minuta"],"many":["për ",{"t":"idOrVar","v":"value"}," minuta"],"one":"për një minutë","other":["për ",{"t":"idOrVar","v":"value"}," minuta"],"two":["për ",{"t":"idOrVar","v":"value"}," minuta"],"zero":"tani"},"$x":[{"t":"idOrVar","v":"plural"},"value"]},{"$i":"hours-until-long","$v":{"few":["për ",{"t":"idOrVar","v":"value"}," orë"],"many":["për ",{"t":"idOrVar","v":"value"}," orë"],"one":"për një orë","other":["për ",{"t":"idOrVar","v":"value"}," orë"],"two":["për ",{"t":"idOrVar","v":"value"}," orë"],"zero":"tani"},"$x":[{"t":"idOrVar","v":"plural"},"value"]},{"$i":"days-until-long","$v":{"few":["për ",{"t":"idOrVar","v":"value"}," ditë"],"many":["për ",{"t":"idOrVar","v":"value"}," ditë"],"one":"nesër","other":["për ",{"t":"idOrVar","v":"value"}," ditë"],"two":["për ",{"t":"idOrVar","v":"value"}," ditë"],"zero":"sot"},"$x":[{"t":"idOrVar","v":"plural"},"value"]},{"$i":"weeks-until-long","$v":{"few":["për ",{"t":"idOrVar","v":"value"}," javë"],"many":["për ",{"t":"idOrVar","v":"value"}," javë"],"one":"javën tjetër","other":["për ",{"t":"idOrVar","v":"value"}," javë"],"two":["për ",{"t":"idOrVar","v":"value"}," javë"],"zero":"këtë javë"},"$x":[{"t":"idOrVar","v":"plural"},"value"]},{"$i":"months-until-long","$v":{"few":["për ",{"t":"idOrVar","v":"value"}," muaj"],"many":["për ",{"t":"idOrVar","v":"value"}," muaj"],"one":"muajin tjetër","other":["për ",{"t":"idOrVar","v":"value"}," muaj"],"two":["për ",{"t":"idOrVar","v":"value"}," muaj"],"zero":"këtë muaj"},"$x":[{"t":"idOrVar","v":"plural"},"value"]},{"$i":"years-until-long","$v":{"few":["për ",{"t":"idOrVar","v":"value"}," vjet"],"many":["për ",{"t":"idOrVar","v":"value"}," vjet"],"one":"vitin tjetër","other":["për ",{"t":"idOrVar","v":"value"}," vjet"],"two":["për ",{"t":"idOrVar","v":"value"}," vjet"],"zero":"këtë vit"},"$x":[{"t":"idOrVar","v":"plural"},"value"]},{"$i":"minutes-ago-short","$v":{"other":[{"t":"idOrVar","v":"value"}," min më parë"],"zero":"sapo"},"$x":[{"t":"idOrVar","v":"plural"},"value"]},{"$i":"hours-ago-short","$v":{"other":[{"t":"idOrVar","v":"value"}," orë më parë"],"zero":"sapo"},"$x":[{"t":"idOrVar","v":"plural"},"value"]},{"$i":"days-ago-short","$v":{"other":[{"t":"idOrVar","v":"value"}," ditë më parë"],"zero":"sot"},"$x":[{"t":"idOrVar","v":"plural"},"value"]},{"$i":"minutes-until-short","$v":{"other":["për ",{"t":"idOrVar","v":"value"}," min"],"zero":"tani"},"$x":[{"t":"idOrVar","v":"plural"},"value"]},{"$i":"hours-until-short","$v":{"other":["për ",{"t":"idOrVar","v":"value"}," orë"],"zero":"tani"},"$x":[{"t":"idOrVar","v":"plural"},"value"]},{"$i":"days-until-short","$v":{"other":["për ",{"t":"idOrVar","v":"value"}," ditë"],"zero":"sot"},"$x":[{"t":"idOrVar","v":"plural"},"value"]},{"$i":"incorrectDate","$v":"(datë e pasaktë)"},{"$i":"dateTimeFormat_%c","$v":"%a %b %e %Y %I:%M:%S %p"},{"$i":"dateTimeFormat_%x","$v":"%m/%d/%Y"},{"$i":"dateTimeFormat_%X","$v":"%I:%M:%S %p"},{"$i":"shortTimeFormat","$v":"%I:%M %p"},{"$i":"shortTimeFormat12","$v":"%I:%M %p"},{"$i":"shortTimeFormat24","$v":"%H:%M"},{"$i":"shortDateTimeFormat","$v":"%x %I:%M %p"},{"$i":"weekStartsOnMonday","$v":"0.0"},{"$i":"firstDayOfTheWeek","$v":"1.0"},{"$i":"softkey-options","$v":"Opsionet"}]