[{"$i":"select","$v":"Välj"},{"$i":"deselect","$v":"Avmarkera"},{"$i":"kai-select","$v":"Välj"},{"$i":"invalid-image","$v":"Ogiltig bild"},{"$i":"image-too-big","$v":"Bildens filstorlek är för stor för att visas i galleriet"},{"$i":"kai-selected-items-count","$v":[{"t":"idOrVar","v":"n"}," valda"]},{"$i":"delete-photo?","$v":"Ta bort foto?"},{"$i":"delete-video?","$v":"Ta bort video?"},{"$i":"deleting","$v":"Tar bort..."},{"$i":"delete-n-items?","$v":{"few":["Ta bort ",{"t":"idOrVar","v":"n"}," objekt?"],"many":["Ta bort ",{"t":"idOrVar","v":"n"}," objekt?"],"one":"Ta bort valt objekt?","other":["Ta bort ",{"t":"idOrVar","v":"n"}," objekt?"],"two":["Ta bort ",{"t":"idOrVar","v":"n"}," objekt?"],"zero":"Inget valt"},"$x":[{"t":"idOrVar","v":"plural"},"n"]},{"$i":"kai-contact-set-ok","$v":"Kontaktbild har lagts till"},{"$i":"kai-contact-set-fail","$v":"Det gick inte att ställa in kontaktbild"},{"$i":"kai-exposure-done","$v":"Exponering tillämpad"},{"$i":"kai-rotation-done","$v":"Rotation tillämpad"},{"$i":"kai-crop-done","$v":"Bild har beskurits"},{"$i":"kai-filters-done","$v":"Filter tillämpat"},{"$i":"kai-autocorrection-done","$v":"Automatisk korrigering tillämpad"},{"$i":"kai-changes-saved","$v":"Ändringar sparade"},{"$i":"wallpaper-set","$v":"Bakgrund inställd"},{"$i":"kai-single-image-locked","$v":"Vald bild låst"},{"$i":"kai-single-image-unlocked","$v":"Vald bild upplåst"},{"$i":"kai-single-image-deleted","$v":"Foto borttaget"},{"$i":"kai-multiple-images-locked","$v":{"one":[{"t":"idOrVar","v":"n"}," foto har låsts"],"other":[{"t":"idOrVar","v":"n"}," foton har låsts"],"zero":"Inget foto har låsts"},"$x":[{"t":"idOrVar","v":"plural"},"n"]},{"$i":"kai-multiple-images-unlocked","$v":{"one":[{"t":"idOrVar","v":"n"}," foto har låsts upp"],"other":[{"t":"idOrVar","v":"n"}," foton har låsts upp"],"zero":"Inget foto har låsts upp"},"$x":[{"t":"idOrVar","v":"plural"},"n"]},{"$i":"kai-deleted-n-photos","$v":{"one":[{"t":"idOrVar","v":"n"}," bild raderad"],"other":[{"t":"idOrVar","v":"n"}," bilder raderade"],"zero":"Ingen bild borttagen"},"$x":[{"t":"idOrVar","v":"plural"},"n"]},{"$i":"kai-some-photos-not-share","$v":"Det går inte att dela vissa foton"},{"$i":"kai-some-photos-not-delete","$v":"Det går inte att ta bort vissa foton"},{"$i":"kai-some-photos-not-lock","$v":"Det går inte att låsa vissa foton"},{"$i":"kai-undo","$v":"Ångra"},{"$i":"pickoneimage2","$v":"Välj"},{"$i":"cropimage","$v":"Beskär"},{"$i":"kai-on","$v":"På"},{"$i":"kai-off","$v":"Av"},{"$i":"cancel","$v":"Avbryt"},{"$i":"delete","$v":"Ta bort"},{"$i":"ok","$v":"OK"},{"$i":"edit","$v":"Redigera"},{"$i":"revert","$v":"Återgå"},{"$i":"save","$v":"Spara"},{"$i":"done","$v":"Klar"},{"$i":"exposure","$v":"Exponering"},{"$i":"crop","$v":"Beskär"},{"$i":"effects","$v":"Effekter"},{"$i":"borders","$v":"Kantlinjer"},{"$i":"enhance-on","$v":"Automatisk förbättring på"},{"$i":"enhance-off","$v":"Automatisk förbättring av"},{"$i":"kai-set","$v":"Ställ in"},{"$i":"kai-options","$v":"Alternativ"},{"$i":"kai-select-all","$v":"Markera alla"},{"$i":"kai-deselect-all","$v":"Avmarkera alla"},{"$i":"kai-lock","$v":"Lås"},{"$i":"kai-unlock","$v":"Lås upp"},{"$i":"kai-rename","$v":"Byt namn"},{"$i":"kai-rotate","$v":"Rotera"},{"$i":"kai-share","$v":"Dela"},{"$i":"kai-settings","$v":"Inställningar"},{"$i":"kai-set-as","$v":"Använd som"},{"$i":"set-as-wallpaper","$v":"Använd som bakgrund"},{"$i":"kai-wallpaper","$v":"Bakgrundsbild"},{"$i":"kai-existing-contact-image","$v":"Bild för befintlig kontakt"},{"$i":"kai-zoom","$v":"Zooma"},{"$i":"kai-zoom-in","$v":"Zooma in"},{"$i":"kai-zoom-out","$v":"Zooma ut"},{"$i":"kai-file-info","$v":"Filinfo"},{"$i":"kai-select-multiple","$v":"Markera flera"},{"$i":"kai-invalid-name","$v":"Ogiltigt namn"},{"$i":"kai-name-already-exists","$v":"Det här namnet finns redan"},{"$i":"kai-override-warning-msg","$v":"Vill du åsidosätta den befintliga bilden?"},{"$i":"kai-override","$v":"Åsidosätt"},{"$i":"kai-edit-title","$v":"Redigera bild"},{"$i":"kai-edit-exposure","$v":"Exponering"},{"$i":"kai-edit-crop","$v":"Beskär"},{"$i":"kai-edit-rotate","$v":"Rotera"},{"$i":"kai-edit-filters","$v":"Filter"},{"$i":"kai-edit-auto-correct","$v":"Automatisk korrigering"},{"$i":"edit-exposure","ariaLabel":"Exponering"},{"$i":"edit-crop","ariaLabel":"Beskär"},{"$i":"edit-rotate","ariaLabel":"Rotera"},{"$i":"edit-filters","ariaLabel":"Filter"},{"$i":"edit-auto-correct","ariaLabel":"Automatisk korrigering"},{"$i":"kai-crop-none","$v":"Ångra beskärning"},{"$i":"kai-crop-aspect-free","$v":"Standard"},{"$i":"kai-crop-aspect-portrait","$v":"2:3"},{"$i":"kai-crop-aspect-landscape","$v":"3:2"},{"$i":"kai-crop-aspect-square","$v":"1:1"},{"$i":"crop-none","ariaLabel":"Ångra beskärning"},{"$i":"crop-aspect-free","ariaLabel":"Standard"},{"$i":"crop-aspect-portrait","ariaLabel":"2:3"},{"$i":"crop-aspect-landscape","ariaLabel":"3:2"},{"$i":"crop-aspect-square","ariaLabel":"1:1"},{"$i":"edit-filters-none","ariaLabel":"Filter 1"},{"$i":"edit-filters-bw","ariaLabel":"Filter 2"},{"$i":"edit-filters-sepia","ariaLabel":"Filter 3"},{"$i":"edit-filters-bluesteel","ariaLabel":"Filter 4"},{"$i":"edit-filters-faded","ariaLabel":"Filter 5"},{"$i":"kai-rotate-cw","$v":"Medurs"},{"$i":"kai-rotate-ccw","$v":"CCW"},{"$i":"original","$v":"Ursprunglig"},{"$i":"blackandwhite","$v":"Svartvitt"},{"$i":"sepia","$v":"Sepia"},{"$i":"freeform","$v":"Frihandsfigur"},{"$i":"portrait","$v":"Stående"},{"$i":"landscape","$v":"Liggande"},{"$i":"square","$v":"Kvadrat"},{"$i":"emptygallery2-title","$v":"Inga foton eller videor"},{"$i":"emptygallery2-text","$v":"Galleriet är tomt. Använd kameran för att komma igång."},{"$i":"emptygallery2-title-pick","$v":"Inga foton"},{"$i":"emptygallery-text-pick","$v":"Inga foton tillgängliga."},{"$i":"nocard3-title","$v":"Inget minneskort"},{"$i":"nocard4-text","$v":"Sätt i ett minneskort för att använda denna app."},{"$i":"pluggedin2-title","$v":"Minneskortet är i bruk"},{"$i":"pluggedin2-text","$v":"Lagringsutrymme anv. Koppla från tel. för att använda appen."},{"$i":"scanning-title","$v":"Söker"},{"$i":"scanning-text","$v":"Söker efter foton..."},{"$i":"upgrade-title","$v":"Uppgradering av database"},{"$i":"upgrade-text","$v":"Vänta medan galleridatabasen uppdat."},{"$i":"share-noprovider","$v":"Det går inte att dela den här bildfiltypen."},{"$i":"memorycardfull","$v":"Lagringsutrymme fullt. Kan inte redigera foton."},{"$i":"imagetoobig","$v":"Bilden är för stor att visa på den här enheten."},{"$i":"imageinvalid","$v":"Bilden är ogiltig eller skadad och kan inte visas."},{"$i":"saved","$v":[{"t":"idOrVar","v":"filename"}," sparad i galleri"]},{"$i":"edit-copy-saved","$v":"Ny kopia har sparats."},{"$i":"overlay-camera-button","$v":"Gå till kamera"},{"$i":"name-label","$v":"Namn"},{"$i":"size-label","$v":"Storlek"},{"$i":"image-type-label","$v":"Bildtyp"},{"$i":"kai-date-and-time-label","$v":"Datum och tid"},{"$i":"date-taken-label","$v":"Datum taget"},{"$i":"resolution-label","$v":"Upplösning"},{"$i":"close-button","$v":"Stäng"},{"$i":"path-label","$v":"Sökväg"},{"$i":"sd-card","$v":"SD-kort"},{"$i":"internal","$v":"Internt"},{"$i":"byteUnit-B","$v":"Byte"},{"$i":"byteUnit-KB","$v":"KB"},{"$i":"byteUnit-MB","$v":"MB"},{"$i":"byteUnit-GB","$v":"GB"},{"$i":"gallery","$v":"Galleri"},{"$i":"preview","$v":"Förhandsgranska"},{"$i":"kai-confirmation","$v":"Bekräftelse"},{"$i":"kai-delete-this-image","$v":"Ta bort foto?"},{"$i":"kai-delete-selected-image","$v":"Ta bort valt foto?"},{"$i":"kai-delete-selected-images","$v":"Ta bort valda foton?"},{"$i":"kai-sort-by","$v":"Sortera via"},{"$i":"kai-group-by-date-and-location","$v":"Gruppera efter datum"},{"$i":"kai-error","$v":"Fel"},{"$i":"kai-error-delete-locked-image","$v":"Den valda bilden är låst och kunde inte tas bort!"},{"$i":"kai-error-delete-locked-images","$v":"De valda bilderna innehåller låst(a) bild(er) och kunde inte tas bort!"},{"$i":"kai-enter-new-name","$v":"Ange nytt namn"},{"$i":"sort-and-group","$v":"Sortera och gruppera"},{"$i":"time_am","$v":"am"},{"$i":"time_pm","$v":"PM"},{"$i":"date-group-header","$v":"%B %Y"},{"$i":"videoDescriptionShort","$v":"Video daterad %I:%M %p, %B %e, %Y"},{"$i":"imageDescriptionShort","$v":"Bild daterad %I:%M %p, %B %e, %Y"},{"$i":"editImagePreview","ariaLabel":"Redigera förhandsgranskning av bild"},{"$i":"kai-pickoneimage","$v":"Välj ett foto"},{"$i":"discard-changes-warning","$v":"Ändringarna kommer att gå förlorade. Vill du ignorera ändringarna?"},{"$i":"save-changes-warning","$v":"Ändringarna kommer att gå förlorade. Vill du spara ändringarna?"},{"$i":"discard","$v":"Kasta bort"},{"$i":"camera","$v":"Kamera"},{"$i":"phone-is-full-title","$v":"Telefonens minne fullt"},{"$i":"sd-card-is-full-title","$v":"SD-kortet är fullt."},{"$i":"phone-is-full-content","$v":"Ta bort mediefiler eller programdata för att frigöra utrymme. Du kan även sätta i ett SD-kort för att utöka medielagringen."},{"$i":"sd-card-is-full-content","$v":"Ta bort filer på SD-kortet för att frigöra utrymme."},{"$i":"imageDescription","$v":[{"t":"idOrVar","v":"orientation"}," bild, %I:%M %p, %B %e, %Y"]},{"$i":"imageDescriptionNoTimestamp","$v":[{"t":"idOrVar","v":"orientation"}," bild"]},{"$i":"videoDescription","$v":[{"t":"idOrVar","v":"orientation"}," video, %I:%M %p, %B %e, %Y"]},{"$i":"videoDescriptionNoTimestamp","$v":[{"t":"idOrVar","v":"orientation"}," video"]},{"$i":"orientationPortrait","$v":"Stående"},{"$i":"orientationLandscape","$v":"liggande"},{"$i":"playbackPlay","ariaLabel":"Spela upp"},{"$i":"playbackPause","ariaLabel":"Paus"},{"$i":"playbackNext","ariaLabel":"Nästa"},{"$i":"playbackPrevious","ariaLabel":"Föregående"},{"$i":"playbackFullscreen","ariaLabel":"Hel display"},{"$i":"playbackSeekBar","ariaLabel":["Sökfält, varaktighet",{"t":"idOrVar","v":"duration"}]},{"$i":"weekday-0-long","$v":"Söndag"},{"$i":"weekday-1-long","$v":"Måndag"},{"$i":"weekday-2-long","$v":"Tisdag"},{"$i":"weekday-3-long","$v":"Onsdag"},{"$i":"weekday-4-long","$v":"Torsdag"},{"$i":"weekday-5-long","$v":"Fredag"},{"$i":"weekday-6-long","$v":"Lördag"},{"$i":"weekday-0-short","$v":"Sön"},{"$i":"weekday-1-short","$v":"Mån"},{"$i":"weekday-2-short","$v":"Tis"},{"$i":"weekday-3-short","$v":"Ons"},{"$i":"weekday-4-short","$v":"Tor"},{"$i":"weekday-5-short","$v":"Fre"},{"$i":"weekday-6-short","$v":"Lör"},{"$i":"month-0-long","$v":"Januari"},{"$i":"month-1-long","$v":"Februari"},{"$i":"month-2-long","$v":"Mars"},{"$i":"month-3-long","$v":"April"},{"$i":"month-4-long","$v":"Maj"},{"$i":"month-5-long","$v":"Juni"},{"$i":"month-6-long","$v":"Juli"},{"$i":"month-7-long","$v":"Augusti"},{"$i":"month-8-long","$v":"September"},{"$i":"month-9-long","$v":"Oktober"},{"$i":"month-10-long","$v":"November"},{"$i":"month-11-long","$v":"December"},{"$i":"month-0-genitive","$v":"Januari"},{"$i":"month-1-genitive","$v":"Februari"},{"$i":"month-2-genitive","$v":"Mars"},{"$i":"month-3-genitive","$v":"April"},{"$i":"month-4-genitive","$v":"Maj"},{"$i":"month-5-genitive","$v":"Juni"},{"$i":"month-6-genitive","$v":"Juli"},{"$i":"month-7-genitive","$v":"Augusti"},{"$i":"month-8-genitive","$v":"September"},{"$i":"month-9-genitive","$v":"Oktober"},{"$i":"month-10-genitive","$v":"November"},{"$i":"month-11-genitive","$v":"December"},{"$i":"month-0-short","$v":"Jan"},{"$i":"month-1-short","$v":"Feb"},{"$i":"month-2-short","$v":"Mar"},{"$i":"month-3-short","$v":"Apr"},{"$i":"month-4-short","$v":"Maj"},{"$i":"month-5-short","$v":"Jun"},{"$i":"month-6-short","$v":"Jul"},{"$i":"month-7-short","$v":"Aug"},{"$i":"month-8-short","$v":"Sep"},{"$i":"month-9-short","$v":"Okt"},{"$i":"month-10-short","$v":"Nov"},{"$i":"month-11-short","$v":"Dec"},{"$i":"minutes-ago-long","$v":{"few":[{"t":"idOrVar","v":"value"}," minuter sedan"],"many":[{"t":"idOrVar","v":"value"}," minuter sedan"],"one":"en minut sedan","other":[{"t":"idOrVar","v":"value"}," minuter sedan"],"two":[{"t":"idOrVar","v":"value"}," minuter sedan"],"zero":"just nu"},"$x":[{"t":"idOrVar","v":"plural"},"value"]},{"$i":"hours-ago-long","$v":{"few":[{"t":"idOrVar","v":"value"}," timmar sedan"],"many":[{"t":"idOrVar","v":"value"}," timmar sedan"],"one":"en timme sedan","other":[{"t":"idOrVar","v":"value"}," timmar sedan"],"two":[{"t":"idOrVar","v":"value"}," timmar sedan"],"zero":"just nu"},"$x":[{"t":"idOrVar","v":"plural"},"value"]},{"$i":"days-ago-long","$v":{"few":[{"t":"idOrVar","v":"value"}," dagar sedan"],"many":[{"t":"idOrVar","v":"value"}," dagar sedan"],"one":"igår","other":[{"t":"idOrVar","v":"value"}," dagar sedan"],"two":[{"t":"idOrVar","v":"value"}," dagar sedan"],"zero":"idag"},"$x":[{"t":"idOrVar","v":"plural"},"value"]},{"$i":"weeks-ago-long","$v":{"few":[{"t":"idOrVar","v":"value"}," veckor sedan"],"many":[{"t":"idOrVar","v":"value"}," veckor sedan"],"one":"förra veckan","other":[{"t":"idOrVar","v":"value"}," veckor sedan"],"two":[{"t":"idOrVar","v":"value"}," veckor sedan"],"zero":"den här veckan"},"$x":[{"t":"idOrVar","v":"plural"},"value"]},{"$i":"months-ago-long","$v":{"few":[{"t":"idOrVar","v":"value"}," månader sedan"],"many":[{"t":"idOrVar","v":"value"}," månader sedan"],"one":"förra månaden","other":[{"t":"idOrVar","v":"value"}," månader sedan"],"two":[{"t":"idOrVar","v":"value"}," månader sedan"],"zero":"den här månaden"},"$x":[{"t":"idOrVar","v":"plural"},"value"]},{"$i":"years-ago-long","$v":{"few":[{"t":"idOrVar","v":"value"}," år sedan"],"many":[{"t":"idOrVar","v":"value"}," år sedan"],"one":"förra året","other":[{"t":"idOrVar","v":"value"}," år sedan"],"two":[{"t":"idOrVar","v":"value"}," år sedan"],"zero":"det här året"},"$x":[{"t":"idOrVar","v":"plural"},"value"]},{"$i":"minutes-until-long","$v":{"few":["om ",{"t":"idOrVar","v":"value"}," minuter"],"many":["om ",{"t":"idOrVar","v":"value"}," minuter"],"one":"om en minut","other":["om ",{"t":"idOrVar","v":"value"}," minuter"],"two":["om ",{"t":"idOrVar","v":"value"}," minuter"],"zero":"nu"},"$x":[{"t":"idOrVar","v":"plural"},"value"]},{"$i":"hours-until-long","$v":{"few":["om ",{"t":"idOrVar","v":"value"}," timmar"],"many":["om ",{"t":"idOrVar","v":"value"}," timmar"],"one":"om en timme","other":["om ",{"t":"idOrVar","v":"value"}," timmar"],"two":["om ",{"t":"idOrVar","v":"value"}," timmar"],"zero":"nu"},"$x":[{"t":"idOrVar","v":"plural"},"value"]},{"$i":"days-until-long","$v":{"few":["om ",{"t":"idOrVar","v":"value"}," dagar"],"many":["om ",{"t":"idOrVar","v":"value"}," dagar"],"one":"imorgon","other":["om ",{"t":"idOrVar","v":"value"}," dagar"],"two":["om ",{"t":"idOrVar","v":"value"}," dagar"],"zero":"idag"},"$x":[{"t":"idOrVar","v":"plural"},"value"]},{"$i":"weeks-until-long","$v":{"few":["om ",{"t":"idOrVar","v":"value"}," veckor"],"many":["om ",{"t":"idOrVar","v":"value"}," veckor"],"one":"nästa vecka","other":["om ",{"t":"idOrVar","v":"value"}," veckor"],"two":["om ",{"t":"idOrVar","v":"value"}," veckor"],"zero":"den här veckan"},"$x":[{"t":"idOrVar","v":"plural"},"value"]},{"$i":"months-until-long","$v":{"few":["om ",{"t":"idOrVar","v":"value"}," månader"],"many":["om ",{"t":"idOrVar","v":"value"}," månader"],"one":"nästa månad","other":["om ",{"t":"idOrVar","v":"value"}," månader"],"two":["om ",{"t":"idOrVar","v":"value"}," månader"],"zero":"den här månaden"},"$x":[{"t":"idOrVar","v":"plural"},"value"]},{"$i":"years-until-long","$v":{"few":["om ",{"t":"idOrVar","v":"value"}," år"],"many":["om ",{"t":"idOrVar","v":"value"}," år"],"one":"nästa år","other":["om ",{"t":"idOrVar","v":"value"}," år"],"two":["om ",{"t":"idOrVar","v":"value"}," år"],"zero":"det här året"},"$x":[{"t":"idOrVar","v":"plural"},"value"]},{"$i":"minutes-ago-short","$v":{"other":[{"t":"idOrVar","v":"value"}," m sedan"],"zero":"just nu"},"$x":[{"t":"idOrVar","v":"plural"},"value"]},{"$i":"hours-ago-short","$v":{"other":[{"t":"idOrVar","v":"value"}," tim. sedan"],"zero":"just nu"},"$x":[{"t":"idOrVar","v":"plural"},"value"]},{"$i":"days-ago-short","$v":{"other":[{"t":"idOrVar","v":"value"}," d sedan"],"zero":"idag"},"$x":[{"t":"idOrVar","v":"plural"},"value"]},{"$i":"minutes-until-short","$v":{"other":["om ",{"t":"idOrVar","v":"value"}," min."],"zero":"nu"},"$x":[{"t":"idOrVar","v":"plural"},"value"]},{"$i":"hours-until-short","$v":{"other":["om ",{"t":"idOrVar","v":"value"}," tim."],"zero":"nu"},"$x":[{"t":"idOrVar","v":"plural"},"value"]},{"$i":"days-until-short","$v":{"other":["om ",{"t":"idOrVar","v":"value"}," dag"],"zero":"idag"},"$x":[{"t":"idOrVar","v":"plural"},"value"]},{"$i":"incorrectDate","$v":"(fel datum)"},{"$i":"dateTimeFormat_%c","$v":"%a %b %e %Y %I:%M:%S %p"},{"$i":"dateTimeFormat_%x","$v":"%m/%d/%Y"},{"$i":"dateTimeFormat_%X","$v":"%I:%M:%S %p"},{"$i":"shortTimeFormat","$v":"%I:%M %p"},{"$i":"shortTimeFormat12","$v":"%I:%M %p"},{"$i":"shortTimeFormat24","$v":"%H:%M"},{"$i":"shortDateTimeFormat","$v":"%x %I:%M %p"},{"$i":"weekStartsOnMonday","$v":"0.0"},{"$i":"firstDayOfTheWeek","$v":"1.0"},{"$i":"softkey-options","$v":"Alternativ"}]