[{"$i":"select","$v":"เลือก"},{"$i":"deselect","$v":"ยกเลิกการเลือก"},{"$i":"kai-select","$v":"เลือก"},{"$i":"invalid-image","$v":"ภาพไม่ถูกต้อง"},{"$i":"image-too-big","$v":"ขนาดไฟล์ภาพใหญ่เกินไปที่จะแสดงในแกลเลอรี."},{"$i":"kai-selected-items-count","$v":["เลือก ",{"t":"idOrVar","v":"n"}," รายการ"]},{"$i":"delete-photo?","$v":"ลบภาพหรือไม่"},{"$i":"delete-video?","$v":"ลบวิดีโอหรือไม่"},{"$i":"deleting","$v":"กำลังลบ..."},{"$i":"delete-n-items?","$v":{"few":["ลบ ",{"t":"idOrVar","v":"n"}," รายการหรือไม่"],"many":["ลบ ",{"t":"idOrVar","v":"n"}," รายการหรือไม่"],"one":"ลบรายการที่เลือกหรือไม่","other":["ลบ ",{"t":"idOrVar","v":"n"}," รายการหรือไม่"],"two":["ลบ ",{"t":"idOrVar","v":"n"}," รายการหรือไม่"],"zero":"ไม่ได้เลือก"},"$x":[{"t":"idOrVar","v":"plural"},"n"]},{"$i":"kai-contact-set-ok","$v":"เพิ่มภาพรายชื่อแล้ว"},{"$i":"kai-contact-set-fail","$v":"ไม่สามารถตั้งค่าภาพรายชื่อได้"},{"$i":"kai-exposure-done","$v":"นำการรับแสงไปใช้แล้ว"},{"$i":"kai-rotation-done","$v":"นำการหมุนไปใช้แล้ว"},{"$i":"kai-crop-done","$v":"ครอบตัดภาพแล้ว"},{"$i":"kai-filters-done","$v":"นำฟิลเตอร์ไปใช้แล้ว"},{"$i":"kai-autocorrection-done","$v":"นำการแก้ไขอัตโนมัติไปใช้แล้ว"},{"$i":"kai-changes-saved","$v":"บันทึกการเปลี่ยนแปลงแล้ว"},{"$i":"wallpaper-set","$v":"ตั้งวอลเปเปอร์แล้ว"},{"$i":"kai-single-image-locked","$v":"ภาพที่เลือกถูกล็อกแล้ว"},{"$i":"kai-single-image-unlocked","$v":"ปลดล็อกรูปภาพที่เลือกแล้ว"},{"$i":"kai-single-image-deleted","$v":"ลบภาพแล้ว"},{"$i":"kai-multiple-images-locked","$v":{"one":[{"t":"idOrVar","v":"n"}," รูปภาพถูกล็อก"],"other":[{"t":"idOrVar","v":"n"}," รูปภาพถูกล็อก"],"zero":"ไม่มีรูปภาพที่ถูกล็อก"},"$x":[{"t":"idOrVar","v":"plural"},"n"]},{"$i":"kai-multiple-images-unlocked","$v":{"one":[{"t":"idOrVar","v":"n"}," รูปภาพถูกปลดล็อก"],"other":[{"t":"idOrVar","v":"n"}," รูปภาพถูกปลดล็อก"],"zero":"ไม่มีรูปภาพที่ปลดล็อก"},"$x":[{"t":"idOrVar","v":"plural"},"n"]},{"$i":"kai-deleted-n-photos","$v":{"one":["ลบรูปภาพ ",{"t":"idOrVar","v":"n"}," รายการแล้ว"],"other":["ลบรูปภาพแล้ว ",{"t":"idOrVar","v":"n"}," รูป"],"zero":"ลบรูปภาพแล้ว"},"$x":[{"t":"idOrVar","v":"plural"},"n"]},{"$i":"kai-some-photos-not-share","$v":"แชร์รูปภาพบางภาพไม่ได้"},{"$i":"kai-some-photos-not-delete","$v":"ลบรูปภาพบางภาพไม่ได้"},{"$i":"kai-some-photos-not-lock","$v":"ล็อกรูปภาพบางภาพไม่ได้"},{"$i":"kai-undo","$v":"เลิกทำ"},{"$i":"pickoneimage2","$v":"เลือก"},{"$i":"cropimage","$v":"ครอบตัด"},{"$i":"kai-on","$v":"เปิด"},{"$i":"kai-off","$v":"ปิด"},{"$i":"cancel","$v":"ยกเลิก"},{"$i":"delete","$v":"ลบ"},{"$i":"ok","$v":"ตกลง"},{"$i":"edit","$v":"แก้ไข"},{"$i":"revert","$v":"คืนค่า"},{"$i":"save","$v":"บันทึก"},{"$i":"done","$v":"เสร็จสิ้น"},{"$i":"exposure","$v":"การรับแสง"},{"$i":"crop","$v":"ครอบตัด"},{"$i":"effects","$v":"เอฟเฟ็กต์"},{"$i":"borders","$v":"ขอบเขต"},{"$i":"enhance-on","$v":"การปรับแต่งอัตโนมัติเปิดอยู่"},{"$i":"enhance-off","$v":"การปรับแต่งอัตโนมัติปิดอยู่"},{"$i":"kai-set","$v":"ตั้งค่า"},{"$i":"kai-options","$v":"ตัวเลือก"},{"$i":"kai-select-all","$v":"ทั้งหมด"},{"$i":"kai-deselect-all","$v":"ไม่มี"},{"$i":"kai-lock","$v":"ล็อก"},{"$i":"kai-unlock","$v":"ปลดล็อก"},{"$i":"kai-rename","$v":"เปลี่ยนชื่อ"},{"$i":"kai-rotate","$v":"หมุน"},{"$i":"kai-share","$v":"แชร์"},{"$i":"kai-settings","$v":"การตั้งค่า"},{"$i":"kai-set-as","$v":"ตั้งค่าเป็น"},{"$i":"set-as-wallpaper","$v":"ตั้งเป็นวอลเปเปอร์"},{"$i":"kai-wallpaper","$v":"วอลเปเปอร์"},{"$i":"kai-existing-contact-image","$v":"ภาพสำหรับรายชื่อที่มีอยู่"},{"$i":"kai-zoom","$v":"ซูม"},{"$i":"kai-zoom-in","$v":"ซูมเข้า"},{"$i":"kai-zoom-out","$v":"ซูมออก"},{"$i":"kai-file-info","$v":"ข้อมูลไฟล์"},{"$i":"kai-select-multiple","$v":"เลือกหลายรายการ"},{"$i":"kai-invalid-name","$v":"ชื่อไม่ถูกต้อง"},{"$i":"kai-name-already-exists","$v":"มีชื่อนี้อยู่แล้ว"},{"$i":"kai-override-warning-msg","$v":"คุณต้องการแทนที่ภาพที่มีอยู่หรือไม่"},{"$i":"kai-override","$v":"แทนที่"},{"$i":"kai-edit-title","$v":"แก้ไขภาพ"},{"$i":"kai-edit-exposure","$v":"การรับแสง"},{"$i":"kai-edit-crop","$v":"ครอบตัด"},{"$i":"kai-edit-rotate","$v":"หมุน"},{"$i":"kai-edit-filters","$v":"ฟิลเตอร์"},{"$i":"kai-edit-auto-correct","$v":"การแก้ไขอัตโนมัติ"},{"$i":"edit-exposure","ariaLabel":"การรับแสง"},{"$i":"edit-crop","ariaLabel":"ครอบตัด"},{"$i":"edit-rotate","ariaLabel":"หมุน"},{"$i":"edit-filters","ariaLabel":"ฟิลเตอร์"},{"$i":"edit-auto-correct","ariaLabel":"การแก้ไขอัตโนมัติ"},{"$i":"kai-crop-none","$v":"ยกเลิกการครอบตัด"},{"$i":"kai-crop-aspect-free","$v":"ค่าเริ่มต้น"},{"$i":"kai-crop-aspect-portrait","$v":"2:3"},{"$i":"kai-crop-aspect-landscape","$v":"3:2"},{"$i":"kai-crop-aspect-square","$v":"1:1"},{"$i":"crop-none","ariaLabel":"ยกเลิกการครอบตัด"},{"$i":"crop-aspect-free","ariaLabel":"ค่าเริ่มต้น"},{"$i":"crop-aspect-portrait","ariaLabel":"2:3"},{"$i":"crop-aspect-landscape","ariaLabel":"3:2"},{"$i":"crop-aspect-square","ariaLabel":"1:1"},{"$i":"edit-filters-none","ariaLabel":"ฟิลเตอร์ 1"},{"$i":"edit-filters-bw","ariaLabel":"ฟิลเตอร์ 2"},{"$i":"edit-filters-sepia","ariaLabel":"ฟิลเตอร์ 3"},{"$i":"edit-filters-bluesteel","ariaLabel":"ฟิลเตอร์ 4"},{"$i":"edit-filters-faded","ariaLabel":"ฟิลเตอร์ 5"},{"$i":"kai-rotate-cw","$v":"CW"},{"$i":"kai-rotate-ccw","$v":"CCW"},{"$i":"original","$v":"ต้นฉบับ"},{"$i":"blackandwhite","$v":"ขาวดำ"},{"$i":"sepia","$v":"ซีเปีย"},{"$i":"freeform","$v":"รูปแบบอิสระ"},{"$i":"portrait","$v":"บุคคล"},{"$i":"landscape","$v":"ทิวทัศน์"},{"$i":"square","$v":"เหลี่ยม"},{"$i":"emptygallery2-title","$v":"ไม่มีภาพหรือวิดีโอ"},{"$i":"emptygallery2-text","$v":"แกลเลอรี่ว่าง ใช้กล้องถ่ายรูปเพื่อเริ่มต้น"},{"$i":"emptygallery2-title-pick","$v":"ไม่มีภาพ"},{"$i":"emptygallery-text-pick","$v":"ไม่มีภาพที่พร้อมใช้งาน"},{"$i":"nocard3-title","$v":"ไม่มีการ์ดหน่วยความจำ"},{"$i":"nocard4-text","$v":"ใส่การ์ดหน่วยความจำเพื่อใช้แอปพลิเคชันนี้"},{"$i":"pluggedin2-title","$v":"การ์ดหน่วยความจำถูกใช้อยู่ตอนนี้"},{"$i":"pluggedin2-text","$v":"ที่เก็บข้อมูลถูกใช้อยู่ตอนนี้ โปรดถอดโทรศัพท์ออกเพื่อใช้แอปนี้"},{"$i":"scanning-title","$v":"กำลังสแกน"},{"$i":"scanning-text","$v":"กำลังสแกนภาพ..."},{"$i":"upgrade-title","$v":"การอัปเกรดฐานข้อมูล"},{"$i":"upgrade-text","$v":"โปรดรอขณะแกลเลอรีอัปเดตฐานข้อมูล"},{"$i":"share-noprovider","$v":"ไม่สามารถแชร์ประเภทไฟล์ภาพนี้ได้"},{"$i":"memorycardfull","$v":"ที่เก็บข้อมูลเต็ม ไม่สามารถแก้ไขภาพได้"},{"$i":"imagetoobig","$v":"ภาพใหญ่เกินไปที่จะแสดงบนอุปกรณ์นี้"},{"$i":"imageinvalid","$v":"ภาพไม่ถูกต้องหรือเสียหาย และไม่สามารถแสดงได้"},{"$i":"saved","$v":["บันทึก ",{"t":"idOrVar","v":"filename"}," ไปยังแกลเลอรี่แล้ว"]},{"$i":"edit-copy-saved","$v":"บันทึกการคัดลอกใหม่แล้ว"},{"$i":"overlay-camera-button","$v":"ไปที่กล้องถ่ายรูป"},{"$i":"name-label","$v":"ชื่อ"},{"$i":"size-label","$v":"ขนาด"},{"$i":"image-type-label","$v":"ประเภทภาพ"},{"$i":"kai-date-and-time-label","$v":"วันที่และเวลา"},{"$i":"date-taken-label","$v":"วันที่ถ่าย"},{"$i":"resolution-label","$v":"ความละเอียด"},{"$i":"close-button","$v":"ปิด"},{"$i":"path-label","$v":"พาธ"},{"$i":"sd-card","$v":"การ์ด SD"},{"$i":"internal","$v":"ภายใน"},{"$i":"byteUnit-B","$v":"ไบต์"},{"$i":"byteUnit-KB","$v":"KB"},{"$i":"byteUnit-MB","$v":"MB"},{"$i":"byteUnit-GB","$v":"GB"},{"$i":"gallery","$v":"แกลเลอรี่"},{"$i":"preview","$v":"ดูตัวอย่าง"},{"$i":"kai-confirmation","$v":"การยืนยัน"},{"$i":"kai-delete-this-image","$v":"ลบภาพหรือไม่"},{"$i":"kai-delete-selected-image","$v":"ลบภาพที่เลือกหรือไม่"},{"$i":"kai-delete-selected-images","$v":"ลบภาพที่เลือกหรือไม่"},{"$i":"kai-sort-by","$v":"เรียงลำดับโดย"},{"$i":"kai-group-by-date-and-location","$v":"จัดกลุ่มตามวันที่"},{"$i":"kai-error","$v":"ข้อผิดพลาด"},{"$i":"kai-error-delete-locked-image","$v":"ภาพที่เลือกถูกล็อกและไม่สามารถลบได้!"},{"$i":"kai-error-delete-locked-images","$v":"ภาพที่เลือกมีภาพที่ถูกล็อกและไม่สามารถลบได้!"},{"$i":"kai-enter-new-name","$v":"ป้อนชื่อใหม่"},{"$i":"sort-and-group","$v":"เรียงลำดับและจัดกลุ่ม"},{"$i":"time_am","$v":"AM"},{"$i":"time_pm","$v":"PM"},{"$i":"date-group-header","$v":"%B %Y"},{"$i":"videoDescriptionShort","$v":"วันที่ของวิดีโอ %I:%M %p, %B %e, %Y"},{"$i":"imageDescriptionShort","$v":"วันที่ของภาพ %I:%M %p, %B %e, %Y"},{"$i":"editImagePreview","ariaLabel":"แก้ไขการแสดงตัวอย่างภาพ"},{"$i":"kai-pickoneimage","$v":"เลือกภาพ"},{"$i":"discard-changes-warning","$v":"การเปลี่ยนแปลงทั้งหมดจะสูญหาย คุณต้องการยกเลิกการเปลี่ยนแปลงหรือไม่"},{"$i":"save-changes-warning","$v":"การเปลี่ยนแปลงทั้งหมดะถูกละทิ้ง บันทึกการเปลี่ยนแปลงหรือไม่?"},{"$i":"discard","$v":"ยกเลิก"},{"$i":"camera","$v":"กล้องถ่ายรูป"},{"$i":"phone-is-full-title","$v":"พื้นที่เก็บในโทรศัพท์เต็ม"},{"$i":"sd-card-is-full-title","$v":"การ์ด SD เต็ม"},{"$i":"phone-is-full-content","$v":"เพิ่มพื้นที่ว่างด้วยการลบไฟล์สื่อหรือข้อมูลแอปพลิเคชัน นอกจากนี้ คุณสามารถใส่การ์ด SD เพื่อขยายพื้นที่สื่อ"},{"$i":"sd-card-is-full-content","$v":"เพิ่มพื้นที่ว่างด้วยการลบไฟล์ในการ์ด SD"},{"$i":"imageDescription","$v":["ภาพ ",{"t":"idOrVar","v":"orientation"}," %I:%M %p, %B %e, %Y"]},{"$i":"imageDescriptionNoTimestamp","$v":["ภาพ ",{"t":"idOrVar","v":"orientation"}]},{"$i":"videoDescription","$v":["วิดีโอ ",{"t":"idOrVar","v":"orientation"}," %I:%M %p, %B %e, %Y"]},{"$i":"videoDescriptionNoTimestamp","$v":["วิดีโอ ",{"t":"idOrVar","v":"orientation"}]},{"$i":"orientationPortrait","$v":"บุคคล"},{"$i":"orientationLandscape","$v":"ทิวทัศน์"},{"$i":"playbackPlay","ariaLabel":"เล่น"},{"$i":"playbackPause","ariaLabel":"หยุดชั่วคราว"},{"$i":"playbackNext","ariaLabel":"ถัดไป"},{"$i":"playbackPrevious","ariaLabel":"ก่อนหน้า"},{"$i":"playbackFullscreen","ariaLabel":"เต็มหน้าจอ"},{"$i":"playbackSeekBar","ariaLabel":["ค้นหาแถบ ระยะเวลา ",{"t":"idOrVar","v":"duration"}]},{"$i":"weekday-0-long","$v":"อาทิตย์"},{"$i":"weekday-1-long","$v":"จันทร์"},{"$i":"weekday-2-long","$v":"อังคาร"},{"$i":"weekday-3-long","$v":"พุธ"},{"$i":"weekday-4-long","$v":"พฤหัสบดี"},{"$i":"weekday-5-long","$v":"ศุกร์"},{"$i":"weekday-6-long","$v":"เสาร์"},{"$i":"weekday-0-short","$v":"อาทิตย์"},{"$i":"weekday-1-short","$v":"จันทร์"},{"$i":"weekday-2-short","$v":"อังคาร"},{"$i":"weekday-3-short","$v":"พุธ"},{"$i":"weekday-4-short","$v":"พฤหัสบดี"},{"$i":"weekday-5-short","$v":"ศุกร์"},{"$i":"weekday-6-short","$v":"เสาร์"},{"$i":"month-0-long","$v":"มกราคม"},{"$i":"month-1-long","$v":"กุมภาพันธ์"},{"$i":"month-2-long","$v":"มีนาคม"},{"$i":"month-3-long","$v":"เมษายน"},{"$i":"month-4-long","$v":"พฤษภาคม"},{"$i":"month-5-long","$v":"มิถุนายน"},{"$i":"month-6-long","$v":"กรกฎาคม"},{"$i":"month-7-long","$v":"สิงหาคม"},{"$i":"month-8-long","$v":"กันยายน"},{"$i":"month-9-long","$v":"ตุลาคม"},{"$i":"month-10-long","$v":"พฤศจิกายน"},{"$i":"month-11-long","$v":"ธันวาคม"},{"$i":"month-0-genitive","$v":"มกราคม"},{"$i":"month-1-genitive","$v":"กุมภาพันธ์"},{"$i":"month-2-genitive","$v":"มีนาคม"},{"$i":"month-3-genitive","$v":"เมษายน"},{"$i":"month-4-genitive","$v":"พฤษภาคม"},{"$i":"month-5-genitive","$v":"มิถุนายน"},{"$i":"month-6-genitive","$v":"กรกฎาคม"},{"$i":"month-7-genitive","$v":"สิงหาคม"},{"$i":"month-8-genitive","$v":"กันยายน"},{"$i":"month-9-genitive","$v":"ตุลาคม"},{"$i":"month-10-genitive","$v":"พฤศจิกายน"},{"$i":"month-11-genitive","$v":"ธันวาคม"},{"$i":"month-0-short","$v":"ม.ค."},{"$i":"month-1-short","$v":"ก.พ."},{"$i":"month-2-short","$v":"มี.ค."},{"$i":"month-3-short","$v":"เม.ย."},{"$i":"month-4-short","$v":"พ.ค."},{"$i":"month-5-short","$v":"มิ.ย."},{"$i":"month-6-short","$v":"ก.ค."},{"$i":"month-7-short","$v":"ส.ค."},{"$i":"month-8-short","$v":"ก.ย."},{"$i":"month-9-short","$v":"ต.ค."},{"$i":"month-10-short","$v":"พ.ย."},{"$i":"month-11-short","$v":"ธ.ค."},{"$i":"minutes-ago-long","$v":{"few":[{"t":"idOrVar","v":"value"}," นาทีที่แล้ว"],"many":[{"t":"idOrVar","v":"value"}," นาทีที่แล้ว"],"one":"1 นาทีที่แล้ว","other":[{"t":"idOrVar","v":"value"}," นาทีที่แล้ว"],"two":[{"t":"idOrVar","v":"value"}," นาทีที่แล้ว"],"zero":"เมื่อสักครู่"},"$x":[{"t":"idOrVar","v":"plural"},"value"]},{"$i":"hours-ago-long","$v":{"few":[{"t":"idOrVar","v":"value"}," ชั่วโมงที่แล้ว"],"many":[{"t":"idOrVar","v":"value"}," ชั่วโมงที่แล้ว"],"one":"ชั่วโมงที่แล้ว","other":[{"t":"idOrVar","v":"value"}," ชั่วโมงที่แล้ว"],"two":[{"t":"idOrVar","v":"value"}," ชั่วโมงที่แล้ว"],"zero":"เมื่อสักครู่"},"$x":[{"t":"idOrVar","v":"plural"},"value"]},{"$i":"days-ago-long","$v":{"few":[{"t":"idOrVar","v":"value"}," วันที่แล้ว"],"many":[{"t":"idOrVar","v":"value"}," วันที่แล้ว"],"one":"เมื่อวานนี้","other":[{"t":"idOrVar","v":"value"}," วันที่แล้ว"],"two":[{"t":"idOrVar","v":"value"}," วันที่แล้ว"],"zero":"วันนี้"},"$x":[{"t":"idOrVar","v":"plural"},"value"]},{"$i":"weeks-ago-long","$v":{"few":[{"t":"idOrVar","v":"value"}," สัปดาห์ที่แล้ว"],"many":[{"t":"idOrVar","v":"value"}," สัปดาห์ที่แล้ว"],"one":"สัปดาห์ที่แล้ว","other":[{"t":"idOrVar","v":"value"}," สัปดาห์ที่แล้ว"],"two":[{"t":"idOrVar","v":"value"}," สัปดาห์ที่แล้ว"],"zero":"สัปดาห์นี้"},"$x":[{"t":"idOrVar","v":"plural"},"value"]},{"$i":"months-ago-long","$v":{"few":[{"t":"idOrVar","v":"value"}," เดือนที่แล้ว"],"many":[{"t":"idOrVar","v":"value"}," เดือนที่แล้ว"],"one":"เดือนที่แล้ว","other":[{"t":"idOrVar","v":"value"}," เดือนที่แล้ว"],"two":[{"t":"idOrVar","v":"value"}," เดือนที่แล้ว"],"zero":"เดือนนี้"},"$x":[{"t":"idOrVar","v":"plural"},"value"]},{"$i":"years-ago-long","$v":{"few":[{"t":"idOrVar","v":"value"}," ปีที่แล้ว"],"many":[{"t":"idOrVar","v":"value"}," ปีที่แล้ว"],"one":"ปีที่แล้ว","other":[{"t":"idOrVar","v":"value"}," ปีที่แล้ว"],"two":[{"t":"idOrVar","v":"value"}," ปีที่แล้ว"],"zero":"ปีนี้"},"$x":[{"t":"idOrVar","v":"plural"},"value"]},{"$i":"minutes-until-long","$v":{"few":["ใน ",{"t":"idOrVar","v":"value"}," นาที"],"many":["ใน ",{"t":"idOrVar","v":"value"}," นาที"],"one":"ใน 1 นาที","other":["ใน ",{"t":"idOrVar","v":"value"}," นาที"],"two":["ใน ",{"t":"idOrVar","v":"value"}," นาที"],"zero":"ตอนนี้"},"$x":[{"t":"idOrVar","v":"plural"},"value"]},{"$i":"hours-until-long","$v":{"few":["ใน ",{"t":"idOrVar","v":"value"}," ชั่วโมง"],"many":["ใน ",{"t":"idOrVar","v":"value"}," ชั่วโมง"],"one":"ใน 1 ชั่วโมง","other":["ใน ",{"t":"idOrVar","v":"value"}," ชั่วโมง"],"two":["ใน ",{"t":"idOrVar","v":"value"}," ชั่วโมง"],"zero":"ตอนนี้"},"$x":[{"t":"idOrVar","v":"plural"},"value"]},{"$i":"days-until-long","$v":{"few":["ใน ",{"t":"idOrVar","v":"value"}," วัน"],"many":["ใน ",{"t":"idOrVar","v":"value"}," วัน"],"one":"พรุ่งนี้","other":["ใน ",{"t":"idOrVar","v":"value"}," วัน"],"two":["ใน ",{"t":"idOrVar","v":"value"}," วัน"],"zero":"วันนี้"},"$x":[{"t":"idOrVar","v":"plural"},"value"]},{"$i":"weeks-until-long","$v":{"few":["ใน ",{"t":"idOrVar","v":"value"}," สัปดาห์"],"many":["ใน ",{"t":"idOrVar","v":"value"}," สัปดาห์"],"one":"สัปดาห์ถัดไป","other":["ใน ",{"t":"idOrVar","v":"value"}," สัปดาห์"],"two":["ใน ",{"t":"idOrVar","v":"value"}," สัปดาห์"],"zero":"สัปดาห์นี้"},"$x":[{"t":"idOrVar","v":"plural"},"value"]},{"$i":"months-until-long","$v":{"few":["ใน ",{"t":"idOrVar","v":"value"}," เดือน"],"many":["ใน ",{"t":"idOrVar","v":"value"}," เดือน"],"one":"เดือนถัดไป","other":["ใน ",{"t":"idOrVar","v":"value"}," เดือน"],"two":["ใน ",{"t":"idOrVar","v":"value"}," เดือน"],"zero":"เดือนนี้"},"$x":[{"t":"idOrVar","v":"plural"},"value"]},{"$i":"years-until-long","$v":{"few":["ใน ",{"t":"idOrVar","v":"value"}," ปี"],"many":["ใน ",{"t":"idOrVar","v":"value"}," ปี"],"one":"ปีถัดไป","other":["ใน ",{"t":"idOrVar","v":"value"}," ปี"],"two":["ใน ",{"t":"idOrVar","v":"value"}," ปี"],"zero":"ปีนี้"},"$x":[{"t":"idOrVar","v":"plural"},"value"]},{"$i":"minutes-ago-short","$v":{"other":[{"t":"idOrVar","v":"value"}," นาทีที่แล้ว"],"zero":"เมื่อสักครู่"},"$x":[{"t":"idOrVar","v":"plural"},"value"]},{"$i":"hours-ago-short","$v":{"other":[{"t":"idOrVar","v":"value"}," ชั่วโมงที่แล้ว"],"zero":"เมื่อสักครู่"},"$x":[{"t":"idOrVar","v":"plural"},"value"]},{"$i":"days-ago-short","$v":{"other":[{"t":"idOrVar","v":"value"}," วันที่แล้ว"],"zero":"วันนี้"},"$x":[{"t":"idOrVar","v":"plural"},"value"]},{"$i":"minutes-until-short","$v":{"other":["ใน ",{"t":"idOrVar","v":"value"}," นาที"],"zero":"ตอนนี้"},"$x":[{"t":"idOrVar","v":"plural"},"value"]},{"$i":"hours-until-short","$v":{"other":["ใน ",{"t":"idOrVar","v":"value"}," ชั่วโมง"],"zero":"ตอนนี้"},"$x":[{"t":"idOrVar","v":"plural"},"value"]},{"$i":"days-until-short","$v":{"other":["ใน ",{"t":"idOrVar","v":"value"}," วัน"],"zero":"วันนี้"},"$x":[{"t":"idOrVar","v":"plural"},"value"]},{"$i":"incorrectDate","$v":"(วันที่ไม่ถูกต้อง)"},{"$i":"dateTimeFormat_%c","$v":"%a %b %e %Y %I:%M:%S %p"},{"$i":"dateTimeFormat_%x","$v":"%d/%m/%Y"},{"$i":"dateTimeFormat_%X","$v":"%I:%M:%S %p"},{"$i":"shortTimeFormat","$v":"%I:%M %p"},{"$i":"shortTimeFormat12","$v":"%I:%M %p"},{"$i":"shortTimeFormat24","$v":"%H:%M"},{"$i":"shortDateTimeFormat","$v":"%x %I:%M %p"},{"$i":"weekStartsOnMonday","$v":"0.0"},{"$i":"firstDayOfTheWeek","$v":"0.0"},{"$i":"softkey-options","$v":"ตัวเลือก"}]