[{"$i":"select","$v":"منتخب کریں"},{"$i":"deselect","$v":"غیر منتخب کریں"},{"$i":"kai-select","$v":"منتخب کریں"},{"$i":"invalid-image","$v":"غیر مجاز تصویر"},{"$i":"image-too-big","$v":"گیلری میں دکھائے جانے کیلئے تصویر کا سائز بہت بڑا ہے."},{"$i":"kai-selected-items-count","$v":[{"t":"idOrVar","v":"n"}," منتخب شدہ"]},{"$i":"delete-photo?","$v":"تصویر حذف کریں"},{"$i":"delete-video?","$v":"ویڈیو کو حذف کریں؟"},{"$i":"deleting","$v":"حذف ہو رہا ہے..."},{"$i":"delete-n-items?","$v":{"few":[{"t":"idOrVar","v":"n"}," آئٹمز حذف کریں؟"],"many":[{"t":"idOrVar","v":"n"}," آئٹمز حذف کریں؟"],"one":"منتخبہ آئٹم کو حذف کریں؟","other":[{"t":"idOrVar","v":"n"}," آئٹمز حذف کریں؟"],"two":[{"t":"idOrVar","v":"n"}," آئٹمز حذف کریں؟"],"zero":"منتخب کچھ بھی نہیں"},"$x":[{"t":"idOrVar","v":"plural"},"n"]},{"$i":"kai-contact-set-ok","$v":"رابطہ کی تصویر شامل کی گئی"},{"$i":"kai-contact-set-fail","$v":"رابطہ کی تصویر سیٹ کرنے میں ناکام"},{"$i":"kai-exposure-done","$v":"انکشاف کا اطلاق کیا گیا"},{"$i":"kai-rotation-done","$v":"گردش کا اطلاق کا گیا"},{"$i":"kai-crop-done","$v":"تصویر تراشی گئی"},{"$i":"kai-filters-done","$v":"فلٹر کا اطلاق کیا گیا"},{"$i":"kai-autocorrection-done","$v":"خودکار-اصلاح کا اطلاق"},{"$i":"kai-changes-saved","$v":"تبدیلیاں محفوظ ہوگئی"},{"$i":"wallpaper-set","$v":"وال پیپر سیٹ ہوگیا"},{"$i":"kai-single-image-locked","$v":"منتخـہ تصویر لاک ہوگئی"},{"$i":"kai-single-image-unlocked","$v":"منتخبہ تصویر انلاک ہوگئی"},{"$i":"kai-single-image-deleted","$v":"تصویر حذف کی گئی۔"},{"$i":"kai-multiple-images-locked","$v":{"one":[{"t":"idOrVar","v":"n"}," فوٹو لاک کیا گیا"],"other":[{"t":"idOrVar","v":"n"}," فوٹوز لاک کیا گیا"],"zero":"کوئی فوٹو لاک نہیں کیا گیا"},"$x":[{"t":"idOrVar","v":"plural"},"n"]},{"$i":"kai-multiple-images-unlocked","$v":{"one":[{"t":"idOrVar","v":"n"}," فوٹو ان لاک کیا گیا"],"other":[{"t":"idOrVar","v":"n"}," فوٹوز ان لاک کیا گیا"],"zero":"کوئی فوٹو ان لاک نہیں کیا گیا"},"$x":[{"t":"idOrVar","v":"plural"},"n"]},{"$i":"kai-deleted-n-photos","$v":{"one":[{"t":"idOrVar","v":"n"}," فوٹو حذف کیے گئے"],"other":[{"t":"idOrVar","v":"n"}," فوٹوز حذف کیے گئے"],"zero":"کوئی بھی فوٹو حذف نہیں کیا گیا"},"$x":[{"t":"idOrVar","v":"plural"},"n"]},{"$i":"kai-some-photos-not-share","$v":"کچھ تصاویر کا اشتراک نہیں کیا جا سکتا"},{"$i":"kai-some-photos-not-delete","$v":"کچھ تصاویر کو حذف نہیں کیا جا سکتا"},{"$i":"kai-some-photos-not-lock","$v":"کچھ تصاویر کو لاک نہیں کیا جا سکتا"},{"$i":"kai-undo","$v":"کالعدم کریں"},{"$i":"pickoneimage2","$v":"منتخب کریں"},{"$i":"cropimage","$v":"تراشیں"},{"$i":"kai-on","$v":"آن"},{"$i":"kai-off","$v":"آف"},{"$i":"cancel","$v":"منسوخ کریں"},{"$i":"delete","$v":"حذف کریں"},{"$i":"ok","$v":"ٹھیک ہے"},{"$i":"edit","$v":"ترمیم کریں"},{"$i":"revert","$v":"الٹیں"},{"$i":"save","$v":"محفوظ کریں"},{"$i":"done","$v":"ہو گیا"},{"$i":"exposure","$v":"نمائش"},{"$i":"crop","$v":"تراشیں"},{"$i":"effects","$v":"اثرات"},{"$i":"borders","$v":"بارڈرز"},{"$i":"enhance-on","$v":"خودکار افزوں آن"},{"$i":"enhance-off","$v":"خودکار افزوں آف"},{"$i":"kai-set","$v":"سیٹ کریں"},{"$i":"kai-options","$v":"اختیارات"},{"$i":"kai-select-all","$v":"تمام"},{"$i":"kai-deselect-all","$v":"کوئی نہیں"},{"$i":"kai-lock","$v":"لاک"},{"$i":"kai-unlock","$v":"غیر مقفل کریں"},{"$i":"kai-rename","$v":"نام تبدیل کریں"},{"$i":"kai-rotate","$v":"گردش"},{"$i":"kai-share","$v":"اشتراک کریں"},{"$i":"kai-settings","$v":"ترتیبات"},{"$i":"kai-set-as","$v":"سیٹ کریں بطور"},{"$i":"set-as-wallpaper","$v":"وال پیپر کے طور پر سیٹ کریں"},{"$i":"kai-wallpaper","$v":"وال پیپر"},{"$i":"kai-existing-contact-image","$v":"موجودہ رابطہ کیلئے تصویر"},{"$i":"kai-zoom","$v":"زوم کریں"},{"$i":"kai-zoom-in","$v":"زوم ان"},{"$i":"kai-zoom-out","$v":"زوم آؤٹ"},{"$i":"kai-file-info","$v":"فائل کی معلومات"},{"$i":"kai-select-multiple","$v":"متعدد منتخب کریں"},{"$i":"kai-invalid-name","$v":"غیر مجاز نام"},{"$i":"kai-name-already-exists","$v":"یہ نام پہلے سے موجود ہے"},{"$i":"kai-override-warning-msg","$v":"کیا آپ موجودہ تصویر پر اوور رائيڈ کرنا چاہیں گے"},{"$i":"kai-override","$v":"اوور رائڈ"},{"$i":"kai-edit-title","$v":"تصویر کی تدوین کریں"},{"$i":"kai-edit-exposure","$v":"نمائش"},{"$i":"kai-edit-crop","$v":"تراشیں"},{"$i":"kai-edit-rotate","$v":"گردش"},{"$i":"kai-edit-filters","$v":"فلٹرز"},{"$i":"kai-edit-auto-correct","$v":"خودکار-اصلاح"},{"$i":"edit-exposure","ariaLabel":"نمائش"},{"$i":"edit-crop","ariaLabel":"تراشیں"},{"$i":"edit-rotate","ariaLabel":"گردش"},{"$i":"edit-filters","ariaLabel":"فلٹرز"},{"$i":"edit-auto-correct","ariaLabel":"خودکار-اصلاح"},{"$i":"kai-crop-none","$v":"کراپنگ کالعدم کریں"},{"$i":"kai-crop-aspect-free","$v":"ٖڈیفالٹ"},{"$i":"kai-crop-aspect-portrait","$v":"2:3"},{"$i":"kai-crop-aspect-landscape","$v":"3:2"},{"$i":"kai-crop-aspect-square","$v":"1:1"},{"$i":"crop-none","ariaLabel":"کراپنگ کالعدم کریں"},{"$i":"crop-aspect-free","ariaLabel":"ٖڈیفالٹ"},{"$i":"crop-aspect-portrait","ariaLabel":"2:3"},{"$i":"crop-aspect-landscape","ariaLabel":"3:2"},{"$i":"crop-aspect-square","ariaLabel":"1:1"},{"$i":"edit-filters-none","ariaLabel":"فلٹر 1"},{"$i":"edit-filters-bw","ariaLabel":"فلٹر 2"},{"$i":"edit-filters-sepia","ariaLabel":"فلٹر 3"},{"$i":"edit-filters-bluesteel","ariaLabel":"فلٹر 4"},{"$i":"edit-filters-faded","ariaLabel":"فلٹر 5"},{"$i":"kai-rotate-cw","$v":"CW"},{"$i":"kai-rotate-ccw","$v":"CCW"},{"$i":"original","$v":"اصلی"},{"$i":"blackandwhite","$v":{"$o":"B&W"}},{"$i":"sepia","$v":"سیپیا"},{"$i":"freeform","$v":"فری فارم"},{"$i":"portrait","$v":"پورٹریٹ"},{"$i":"landscape","$v":"لینڈ سکیپ"},{"$i":"square","$v":"مربع"},{"$i":"emptygallery2-title","$v":"کوئی تصویریں یا ویڈیوز نہیں ہیں"},{"$i":"emptygallery2-text","$v":"گیلری خالی ہے۔ شروع کرنے کیلئے کیمرہ استعمال کریں۔"},{"$i":"emptygallery2-title-pick","$v":"کوئی تصویر نہیں"},{"$i":"emptygallery-text-pick","$v":"کوئی تصویر دستیاب نہیں۔"},{"$i":"nocard3-title","$v":"کوئی میموری کارڈ نہیں"},{"$i":"nocard4-text","$v":"اس ایپ کا استعمال کرنے کیلئے میوری کارڈ داخل کریں۔"},{"$i":"pluggedin2-title","$v":"میموری کارڈ زیر استعمال"},{"$i":"pluggedin2-text","$v":"اسٹوریج زیر استعمال ہے۔ براہ کرم اس ایپ کو استعمال کرنے کیلئے فون ان پلگ کریں۔"},{"$i":"scanning-title","$v":"اسکیننگ"},{"$i":"scanning-text","$v":"تصایر کیلئے اسکین کررہا ہے…"},{"$i":"upgrade-title","$v":"ڈیٹا بیس اپگریڈ"},{"$i":"upgrade-text","$v":"براہ کرم گیلری کے اپنے ڈیٹا بیس اپ ڈیٹ کرنے تک انتظار کریں۔"},{"$i":"share-noprovider","$v":"اس قسم کی فائل کی تصویر کا اشتراک نہیں کیا جاسکتا"},{"$i":"memorycardfull","$v":"اسٹوریج بھر گیا ہے۔ تصاویر کی تدوین نہیں کی جاسکتی۔"},{"$i":"imagetoobig","$v":"اس آلہ پر دکھائے جانے کیلئے تصویر بہت بڑی ہے۔"},{"$i":"imageinvalid","$v":"تصویر غیر مجاز یا خراب ہے اور ڈسپلے نہیں کی جاسکتی۔"},{"$i":"saved","$v":[{"t":"idOrVar","v":"filename"}," گیلری میں محفوظ ہوگیا"]},{"$i":"edit-copy-saved","$v":"نئی نقل محفوظ ہوگئی۔"},{"$i":"overlay-camera-button","$v":"کیمرہ پر جائیں"},{"$i":"name-label","$v":"نام"},{"$i":"size-label","$v":"سائز"},{"$i":"image-type-label","$v":"تصویر کی قسم"},{"$i":"kai-date-and-time-label","$v":"تاریخ اور وقت"},{"$i":"date-taken-label","$v":"لیے جانے کی تاریخ"},{"$i":"resolution-label","$v":"ریزولیوشن"},{"$i":"close-button","$v":"بند کریں"},{"$i":"path-label","$v":"راستہ"},{"$i":"sd-card","$v":"SD کارڈ"},{"$i":"internal","$v":"اندرونی"},{"$i":"byteUnit-B","$v":"بائٹس"},{"$i":"byteUnit-KB","$v":"KB"},{"$i":"byteUnit-MB","$v":"MB"},{"$i":"byteUnit-GB","$v":"GB"},{"$i":"gallery","$v":"گیلری"},{"$i":"preview","$v":"پیش منظر"},{"$i":"kai-confirmation","$v":"توثیق کاری"},{"$i":"kai-delete-this-image","$v":"تصویر حذف کریں"},{"$i":"kai-delete-selected-image","$v":"منتخبہ تصاویر کو حذف کریں"},{"$i":"kai-delete-selected-images","$v":"منتخبہ تصاویر کو حذف کریں؟"},{"$i":"kai-sort-by","$v":"ترتیب دیں بذریعے"},{"$i":"kai-group-by-date-and-location","$v":"تاریخ کے مطابق گروپ"},{"$i":"kai-error","$v":"خرابی"},{"$i":"kai-error-delete-locked-image","$v":"منتخبہ تصویر لاک کی گئی ہے اور حذف نہیں کی جاسکتی!"},{"$i":"kai-error-delete-locked-images","$v":"منتخبہ تصاویر میں لاک کی گئی ہے تصویر(تصاویر) ہیں اور حذف نہیں کی جاسکتی!"},{"$i":"kai-enter-new-name","$v":"نیا نام درج کریں"},{"$i":"sort-and-group","$v":"ترتیب اور گروپ"},{"$i":"time_am","$v":"صبح"},{"$i":"time_pm","$v":"شام"},{"$i":"date-group-header","$v":"%B %Y"},{"$i":"videoDescriptionShort","$v":"ویڈیو بتاریخ %I:%M %p, %B %e, %Y"},{"$i":"imageDescriptionShort","$v":"تصویر بتاریخ %I:%M %p, %B %e, %Y"},{"$i":"editImagePreview","ariaLabel":"تصویر کی پیش منظر کی تدوین کریں"},{"$i":"kai-pickoneimage","$v":"اے تصویر منتخب کریں"},{"$i":"discard-changes-warning","$v":"تمام تبدیلیاں ضائع ہوجائے گی۔ کیا آپ تبدیلیاں مسترد کرنا چاہیں گے؟"},{"$i":"save-changes-warning","$v":"تمام تبدیلیاں ضائع ہوجائے گی۔ تبدیلیاں محفوظ کریں؟"},{"$i":"discard","$v":"رد کریں"},{"$i":"camera","$v":"کیمرا"},{"$i":"phone-is-full-title","$v":"فون اسٹوریج مکمل"},{"$i":"sd-card-is-full-title","$v":"ایس۔ڈی کارڈ بھر ہوا ہے"},{"$i":"phone-is-full-content","$v":"جگہ خالی کرنے کے لئے میڈیا فائلوں یا ایپلیکیشن ڈیٹا کو حذف کریں۔ میڈیا اسٹوریج کو بڑھانے کے لئے آپ ایک ایس۔ڈی کارڈ بھی داخل کر سکتے ہیں۔"},{"$i":"sd-card-is-full-content","$v":"جگہ خالی کرنے کے لئے ایس۔ڈی کارڈ میں موجود فائلوں کو حذف کریں۔"},{"$i":"imageDescription","$v":[{"t":"idOrVar","v":"orientation"}," تصویر، %I:%M %p, %B %e, %Y"]},{"$i":"imageDescriptionNoTimestamp","$v":[{"t":"idOrVar","v":"orientation"}," تصویر"]},{"$i":"videoDescription","$v":[{"t":"idOrVar","v":"orientation"}," ویڈیو، %I:%M %p, %B %e, %Y"]},{"$i":"videoDescriptionNoTimestamp","$v":[{"t":"idOrVar","v":"orientation"}," ویڈیو"]},{"$i":"orientationPortrait","$v":"پورٹریٹ"},{"$i":"orientationLandscape","$v":"لینڈ سکیپ"},{"$i":"playbackPlay","ariaLabel":"چلائیں"},{"$i":"playbackPause","ariaLabel":"موقوف کریں"},{"$i":"playbackNext","ariaLabel":"اگلا"},{"$i":"playbackPrevious","ariaLabel":"گزشتہ"},{"$i":"playbackFullscreen","ariaLabel":"مکمل اسکرین"},{"$i":"playbackSeekBar","ariaLabel":["تلاش بار، دورانیہ ",{"t":"idOrVar","v":"duration"}]},{"$i":"weekday-0-long","$v":"اتوار"},{"$i":"weekday-1-long","$v":"پیر"},{"$i":"weekday-2-long","$v":"منگل"},{"$i":"weekday-3-long","$v":"بدھ"},{"$i":"weekday-4-long","$v":"جمعرات"},{"$i":"weekday-5-long","$v":"جمعہ"},{"$i":"weekday-6-long","$v":"سنیچر"},{"$i":"weekday-0-short","$v":"اتوار"},{"$i":"weekday-1-short","$v":"پیر"},{"$i":"weekday-2-short","$v":"منگل"},{"$i":"weekday-3-short","$v":"بدھ"},{"$i":"weekday-4-short","$v":"جمعرات"},{"$i":"weekday-5-short","$v":"جمعہ"},{"$i":"weekday-6-short","$v":"ہفتہ"},{"$i":"month-0-long","$v":"جنوری"},{"$i":"month-1-long","$v":"فروری"},{"$i":"month-2-long","$v":"مارچ"},{"$i":"month-3-long","$v":"اپریل"},{"$i":"month-4-long","$v":"مئی"},{"$i":"month-5-long","$v":"جون"},{"$i":"month-6-long","$v":"جولائی"},{"$i":"month-7-long","$v":"اگست"},{"$i":"month-8-long","$v":"ستمبر"},{"$i":"month-9-long","$v":"اکتوبر"},{"$i":"month-10-long","$v":"نومبر"},{"$i":"month-11-long","$v":"دسمبر"},{"$i":"month-0-genitive","$v":"جنوری"},{"$i":"month-1-genitive","$v":"فروری"},{"$i":"month-2-genitive","$v":"مارچ"},{"$i":"month-3-genitive","$v":"اپریل"},{"$i":"month-4-genitive","$v":"مئی"},{"$i":"month-5-genitive","$v":"جون"},{"$i":"month-6-genitive","$v":"جولائی"},{"$i":"month-7-genitive","$v":"اگست"},{"$i":"month-8-genitive","$v":"ستمبر"},{"$i":"month-9-genitive","$v":"اکتوبر"},{"$i":"month-10-genitive","$v":"نومبر"},{"$i":"month-11-genitive","$v":"دسمبر"},{"$i":"month-0-short","$v":"جنوری"},{"$i":"month-1-short","$v":"فروری"},{"$i":"month-2-short","$v":"مارچ"},{"$i":"month-3-short","$v":"اپریل"},{"$i":"month-4-short","$v":"مئی"},{"$i":"month-5-short","$v":"جون"},{"$i":"month-6-short","$v":"جولائی"},{"$i":"month-7-short","$v":"اگست"},{"$i":"month-8-short","$v":"ستمبر"},{"$i":"month-9-short","$v":"اکتوبر"},{"$i":"month-10-short","$v":"نومبر"},{"$i":"month-11-short","$v":"دسمبر"},{"$i":"minutes-ago-long","$v":{"few":[{"t":"idOrVar","v":"value"}," منٹس قبل"],"many":[{"t":"idOrVar","v":"value"}," منٹس قبل"],"one":"ایک منٹ قبل","other":[{"t":"idOrVar","v":"value"}," منٹس قبل"],"two":[{"t":"idOrVar","v":"value"}," منٹس قبل"],"zero":"ابھی ابھی"},"$x":[{"t":"idOrVar","v":"plural"},"value"]},{"$i":"hours-ago-long","$v":{"few":[{"t":"idOrVar","v":"value"}," گھنٹوں قبل"],"many":[{"t":"idOrVar","v":"value"}," گھنٹوں قبل"],"one":"ایک گھنٹہ قبل","other":[{"t":"idOrVar","v":"value"}," گھنٹوں قبل"],"two":[{"t":"idOrVar","v":"value"}," گھنٹوں قبل"],"zero":"ابھی ابھی"},"$x":[{"t":"idOrVar","v":"plural"},"value"]},{"$i":"days-ago-long","$v":{"few":[{"t":"idOrVar","v":"value"}," دن قبل"],"many":[{"t":"idOrVar","v":"value"}," دن قبل"],"one":"گزشتہ کل","other":[{"t":"idOrVar","v":"value"}," دن قبل"],"two":[{"t":"idOrVar","v":"value"}," دن قبل"],"zero":"آج"},"$x":[{"t":"idOrVar","v":"plural"},"value"]},{"$i":"weeks-ago-long","$v":{"few":[{"t":"idOrVar","v":"value"}," ہفتے قبل"],"many":[{"t":"idOrVar","v":"value"}," ہفتے قبل"],"one":"آخری ہفتہ","other":[{"t":"idOrVar","v":"value"}," ہفتے قبل"],"two":[{"t":"idOrVar","v":"value"}," ہفتے قبل"],"zero":"اس ہفتہ"},"$x":[{"t":"idOrVar","v":"plural"},"value"]},{"$i":"months-ago-long","$v":{"few":[{"t":"idOrVar","v":"value"}," مہینہ قبل"],"many":[{"t":"idOrVar","v":"value"}," مہینہ قبل"],"one":"آخری مہینہ","other":[{"t":"idOrVar","v":"value"}," مہینہ قبل"],"two":[{"t":"idOrVar","v":"value"}," مہینہ قبل"],"zero":"اس ماہ"},"$x":[{"t":"idOrVar","v":"plural"},"value"]},{"$i":"years-ago-long","$v":{"few":[{"t":"idOrVar","v":"value"}," سال قبل"],"many":[{"t":"idOrVar","v":"value"}," سال قبل"],"one":"آخری سال","other":[{"t":"idOrVar","v":"value"}," سال قبل"],"two":[{"t":"idOrVar","v":"value"}," سال قبل"],"zero":"اس سال"},"$x":[{"t":"idOrVar","v":"plural"},"value"]},{"$i":"minutes-until-long","$v":{"few":[{"t":"idOrVar","v":"value"}," منٹوں میں"],"many":[{"t":"idOrVar","v":"value"}," منٹوں میں"],"one":"ایک منٹ میں","other":[{"t":"idOrVar","v":"value"}," منٹوں میں"],"two":[{"t":"idOrVar","v":"value"}," منٹوں میں"],"zero":"ابھی"},"$x":[{"t":"idOrVar","v":"plural"},"value"]},{"$i":"hours-until-long","$v":{"few":[{"t":"idOrVar","v":"value"}," گھنٹوں میں"],"many":[{"t":"idOrVar","v":"value"}," گھنٹوں میں"],"one":"ایک گھٹے میں","other":[{"t":"idOrVar","v":"value"}," گھنٹوں میں"],"two":[{"t":"idOrVar","v":"value"}," گھنٹوں میں"],"zero":"ابھی"},"$x":[{"t":"idOrVar","v":"plural"},"value"]},{"$i":"days-until-long","$v":{"few":[{"t":"idOrVar","v":"value"}," دنوں میں"],"many":[{"t":"idOrVar","v":"value"}," دنوں میں"],"one":"tomorrow","other":[{"t":"idOrVar","v":"value"}," دنوں میں"],"two":[{"t":"idOrVar","v":"value"}," دنوں میں"],"zero":"آج"},"$x":[{"t":"idOrVar","v":"plural"},"value"]},{"$i":"weeks-until-long","$v":{"few":[{"t":"idOrVar","v":"value"}," ہفتوں میں"],"many":[{"t":"idOrVar","v":"value"}," ہفتوں میں"],"one":"اگلے ہفتے","other":[{"t":"idOrVar","v":"value"}," ہفتوں میں"],"two":[{"t":"idOrVar","v":"value"}," ہفتوں میں"],"zero":"اس ہفتہ"},"$x":[{"t":"idOrVar","v":"plural"},"value"]},{"$i":"months-until-long","$v":{"few":[{"t":"idOrVar","v":"value"}," مہینوں میں"],"many":[{"t":"idOrVar","v":"value"}," مہینوں میں"],"one":"اگلے ماہ","other":[{"t":"idOrVar","v":"value"}," مہینوں میں"],"two":[{"t":"idOrVar","v":"value"}," مہینوں میں"],"zero":"اس ماہ"},"$x":[{"t":"idOrVar","v":"plural"},"value"]},{"$i":"years-until-long","$v":{"few":[{"t":"idOrVar","v":"value"}," سالوں میں"],"many":[{"t":"idOrVar","v":"value"}," سالوں میں"],"one":"اگلے سال","other":[{"t":"idOrVar","v":"value"}," سالوں میں"],"two":[{"t":"idOrVar","v":"value"}," سالوں میں"],"zero":"اس سال"},"$x":[{"t":"idOrVar","v":"plural"},"value"]},{"$i":"minutes-ago-short","$v":{"other":[{"t":"idOrVar","v":"value"}," منٹ قبل"],"zero":"ابھی ابھی"},"$x":[{"t":"idOrVar","v":"plural"},"value"]},{"$i":"hours-ago-short","$v":{"other":[{"t":"idOrVar","v":"value"}," گھنٹہ قبل"],"zero":"ابھی ابھی"},"$x":[{"t":"idOrVar","v":"plural"},"value"]},{"$i":"days-ago-short","$v":{"other":[{"t":"idOrVar","v":"value"}," دن قبل"],"zero":"آج"},"$x":[{"t":"idOrVar","v":"plural"},"value"]},{"$i":"minutes-until-short","$v":{"other":[{"t":"idOrVar","v":"value"}," منٹ میں"],"zero":"ابھی"},"$x":[{"t":"idOrVar","v":"plural"},"value"]},{"$i":"hours-until-short","$v":{"other":[{"t":"idOrVar","v":"value"}," گھنٹے میں"],"zero":"ابھی"},"$x":[{"t":"idOrVar","v":"plural"},"value"]},{"$i":"days-until-short","$v":{"other":[{"t":"idOrVar","v":"value"}," دن میں"],"zero":"آج"},"$x":[{"t":"idOrVar","v":"plural"},"value"]},{"$i":"incorrectDate","$v":"(غلط تاریخ)"},{"$i":"dateTimeFormat_%c","$v":"%a %b %e %Y %I:%M:%S %p"},{"$i":"dateTimeFormat_%x","$v":"%m/%d/%Y"},{"$i":"dateTimeFormat_%X","$v":"%I:%M:%S %p"},{"$i":"shortTimeFormat","$v":"%I:%M %p"},{"$i":"shortTimeFormat12","$v":"%I:%M %p"},{"$i":"shortTimeFormat24","$v":"%H:%M"},{"$i":"shortDateTimeFormat","$v":"%x %I:%M %p"},{"$i":"weekStartsOnMonday","$v":"0.0"},{"$i":"firstDayOfTheWeek","$v":"0.0"},{"$i":"softkey-options","$v":"اختیارات"}]