[{"$i":"select","$v":"Chọn"},{"$i":"deselect","$v":"Bỏ chọn"},{"$i":"kai-select","$v":"Chọn"},{"$i":"invalid-image","$v":"Hình ảnh Không hợp lệ"},{"$i":"image-too-big","$v":"Kích thước tập tin hình ảnh quá lớn để hiển thị trong bộ sưu tập."},{"$i":"kai-selected-items-count","$v":["Đã chọn",{"t":"idOrVar","v":"n"}]},{"$i":"delete-photo?","$v":"Xóa ảnh?"},{"$i":"delete-video?","$v":"Xóa video?"},{"$i":"deleting","$v":"Đang xóa..."},{"$i":"delete-n-items?","$v":{"few":["Xóa ",{"t":"idOrVar","v":"n"}," mục?"],"many":["Xóa ",{"t":"idOrVar","v":"n"}," mục?"],"one":"Xóa mục được chọn?","other":["Xóa ",{"t":"idOrVar","v":"n"}," mục?"],"two":["Xóa ",{"t":"idOrVar","v":"n"}," mục?"],"zero":"Không chọn mục nào"},"$x":[{"t":"idOrVar","v":"plural"},"n"]},{"$i":"kai-contact-set-ok","$v":"Đã thêm ảnh của liên hệ"},{"$i":"kai-contact-set-fail","$v":"Không thể đặt ảnh của liên hệ"},{"$i":"kai-exposure-done","$v":"Đã áp dụng độ phơi sáng"},{"$i":"kai-rotation-done","$v":"Đã áp dụng xoay"},{"$i":"kai-crop-done","$v":"Đã cắt ảnh"},{"$i":"kai-filters-done","$v":"Đã áp dụng bộ lọc"},{"$i":"kai-autocorrection-done","$v":"Đã áp dụng Tự động sửa"},{"$i":"kai-changes-saved","$v":"Đã lưu các thay đổi"},{"$i":"wallpaper-set","$v":"Đặt hình nền"},{"$i":"kai-single-image-locked","$v":"Đã khóa ảnh đã chọn"},{"$i":"kai-single-image-unlocked","$v":"Đã mở khóa Ảnh đã Chọn"},{"$i":"kai-single-image-deleted","$v":"Đã xóa ảnh."},{"$i":"kai-multiple-images-locked","$v":{"one":[{"t":"idOrVar","v":"n"}," ảnh đã khóa"],"other":[{"t":"idOrVar","v":"n"}," ảnh đã khóa"],"zero":"Không có ảnh đã khóa"},"$x":[{"t":"idOrVar","v":"plural"},"n"]},{"$i":"kai-multiple-images-unlocked","$v":{"one":[{"t":"idOrVar","v":"n"}," ảnh đã mở khóa"],"other":[{"t":"idOrVar","v":"n"}," ảnh đã mở khóa"],"zero":"Không có ảnh đãmở khóa"},"$x":[{"t":"idOrVar","v":"plural"},"n"]},{"$i":"kai-deleted-n-photos","$v":{"one":["Đã xóa ",{"t":"idOrVar","v":"n"}," ảnh"],"other":["Đã xóa ",{"t":"idOrVar","v":"n"}," ảnh"],"zero":"Không có ảnh nào bị xóa"},"$x":[{"t":"idOrVar","v":"plural"},"n"]},{"$i":"kai-some-photos-not-share","$v":"Không thể chia sẻ một số ảnh"},{"$i":"kai-some-photos-not-delete","$v":"Không thể xóa một số ảnh"},{"$i":"kai-some-photos-not-lock","$v":"Không thể khóa một số ảnh"},{"$i":"kai-undo","$v":"Hoàn tác"},{"$i":"pickoneimage2","$v":"Chọn"},{"$i":"cropimage","$v":"Cắt"},{"$i":"kai-on","$v":"Bật"},{"$i":"kai-off","$v":"Tắt"},{"$i":"cancel","$v":"Hủy"},{"$i":"delete","$v":"Xóa"},{"$i":"ok","$v":"OK"},{"$i":"edit","$v":"Chỉnh sửa"},{"$i":"revert","$v":"Hoàn nguyên"},{"$i":"save","$v":"Lưu"},{"$i":"done","$v":"Đã xong"},{"$i":"exposure","$v":"Độ phơi sáng"},{"$i":"crop","$v":"Cắt"},{"$i":"effects","$v":"Hiệu ứng"},{"$i":"borders","$v":"Đường viền"},{"$i":"enhance-on","$v":"Bật Tự động tăng cường"},{"$i":"enhance-off","$v":"Tắt Tự động tăng cường"},{"$i":"kai-set","$v":"Đặt"},{"$i":"kai-options","$v":"Tùy chọn"},{"$i":"kai-select-all","$v":"Tất cả"},{"$i":"kai-deselect-all","$v":"Không có"},{"$i":"kai-lock","$v":"Khóa"},{"$i":"kai-unlock","$v":"Mở khóa"},{"$i":"kai-rename","$v":"Đổi tên"},{"$i":"kai-rotate","$v":"Xoay"},{"$i":"kai-share","$v":"Chia sẻ"},{"$i":"kai-settings","$v":"Cài đặt"},{"$i":"kai-set-as","$v":"Đặt làm"},{"$i":"set-as-wallpaper","$v":"Đặt làm hình nền"},{"$i":"kai-wallpaper","$v":"Hình nền"},{"$i":"kai-existing-contact-image","$v":"Ảnh cho liên hệ hiện có"},{"$i":"kai-zoom","$v":"Thu phóng"},{"$i":"kai-zoom-in","$v":"Phóng To"},{"$i":"kai-zoom-out","$v":"Thu Nhỏ"},{"$i":"kai-file-info","$v":"Thông tin Tập tin"},{"$i":"kai-select-multiple","$v":"Đa Lựa chọn"},{"$i":"kai-invalid-name","$v":"Tên Không hợp lệ"},{"$i":"kai-name-already-exists","$v":"Tên này đã tồn tại"},{"$i":"kai-override-warning-msg","$v":"Bạn có muốn ghi đè lên ảnh hiện tại không?"},{"$i":"kai-override","$v":"Ghi đè"},{"$i":"kai-edit-title","$v":"Chỉnh sửa Ảnh"},{"$i":"kai-edit-exposure","$v":"Độ phơi sáng"},{"$i":"kai-edit-crop","$v":"Cắt"},{"$i":"kai-edit-rotate","$v":"Xoay"},{"$i":"kai-edit-filters","$v":"Bộ lọc"},{"$i":"kai-edit-auto-correct","$v":"Tự động sửa"},{"$i":"edit-exposure","ariaLabel":"Độ phơi sáng"},{"$i":"edit-crop","ariaLabel":"Cắt"},{"$i":"edit-rotate","ariaLabel":"Xoay"},{"$i":"edit-filters","ariaLabel":"Bộ lọc"},{"$i":"edit-auto-correct","ariaLabel":"Tự động sửa"},{"$i":"kai-crop-none","$v":"Hoàn tác cắt"},{"$i":"kai-crop-aspect-free","$v":"Mặc định"},{"$i":"kai-crop-aspect-portrait","$v":"2:3"},{"$i":"kai-crop-aspect-landscape","$v":"3:2"},{"$i":"kai-crop-aspect-square","$v":"1:1"},{"$i":"crop-none","ariaLabel":"Hoàn tác cắt"},{"$i":"crop-aspect-free","ariaLabel":"Mặc định"},{"$i":"crop-aspect-portrait","ariaLabel":"2:3"},{"$i":"crop-aspect-landscape","ariaLabel":"3:2"},{"$i":"crop-aspect-square","ariaLabel":"1:1"},{"$i":"edit-filters-none","ariaLabel":"Bộ lọc 1"},{"$i":"edit-filters-bw","ariaLabel":"Bộ lọc 2"},{"$i":"edit-filters-sepia","ariaLabel":"Bộ lọc 3"},{"$i":"edit-filters-bluesteel","ariaLabel":"Bộ lọc 4"},{"$i":"edit-filters-faded","ariaLabel":"Bộ lọc 5"},{"$i":"kai-rotate-cw","$v":"CW"},{"$i":"kai-rotate-ccw","$v":"CCW"},{"$i":"original","$v":"Nguyên bản"},{"$i":"blackandwhite","$v":"Đen Trắng"},{"$i":"sepia","$v":"Nâu đỏ"},{"$i":"freeform","$v":"Dạng tự do"},{"$i":"portrait","$v":"Chân dung"},{"$i":"landscape","$v":"Khổ ngang"},{"$i":"square","$v":"Cắt ảnh thành hình vuông"},{"$i":"emptygallery2-title","$v":"Không có ảnh hoặc video"},{"$i":"emptygallery2-text","$v":"Bộ sưu tập trống. Sử dụng máy ảnh để bắt đầu."},{"$i":"emptygallery2-title-pick","$v":"Không có ảnh"},{"$i":"emptygallery-text-pick","$v":"Không có ảnh."},{"$i":"nocard3-title","$v":"Không có thẻ nhớ"},{"$i":"nocard4-text","$v":"Lắp thẻ nhớ để sử dụng ứng dụng này."},{"$i":"pluggedin2-title","$v":"Đang sử dụng thẻ nhớ"},{"$i":"pluggedin2-text","$v":"Bộ nhớ đang được sử dụng. Vui lòng ngắt điện thoại để sử dụng ứng dụng này."},{"$i":"scanning-title","$v":"Đang quét"},{"$i":"scanning-text","$v":"Đang quét ảnh ..."},{"$i":"upgrade-title","$v":"Nâng cấp Cơ sở dữ liệu"},{"$i":"upgrade-text","$v":"Vui lòng chờ trong khi Bộ sưu tập cập nhật cơ sở dữ liệu."},{"$i":"share-noprovider","$v":"Không thể chia sẻ loại tập tin hình ảnh này."},{"$i":"memorycardfull","$v":"Bộ lưu trữ đầy. không thể chỉnh sửa ảnh."},{"$i":"imagetoobig","$v":"Hình ảnh quá lớn để hiển thị trên thiết bị này."},{"$i":"imageinvalid","$v":"Hình ảnh không hợp lệ hoặc bị lỗi và không thể được hiển thị."},{"$i":"saved","$v":[{"t":"idOrVar","v":"filename"}," đã lưu vào Bộ sưu tập"]},{"$i":"edit-copy-saved","$v":"Đã lưu bản sao mới."},{"$i":"overlay-camera-button","$v":"Đi đến Camera"},{"$i":"name-label","$v":"Tên"},{"$i":"size-label","$v":"Kích cỡ"},{"$i":"image-type-label","$v":"Loại hình ảnh"},{"$i":"kai-date-and-time-label","$v":"Ngày và Giờ"},{"$i":"date-taken-label","$v":"Ngày Chụp"},{"$i":"resolution-label","$v":"Độ phân giải"},{"$i":"close-button","$v":"Đóng"},{"$i":"path-label","$v":"Đường dẫn"},{"$i":"sd-card","$v":"Thẻ nhớ"},{"$i":"internal","$v":"Bộ nhớ trong"},{"$i":"byteUnit-B","$v":"Byte"},{"$i":"byteUnit-KB","$v":"KB"},{"$i":"byteUnit-MB","$v":"MB"},{"$i":"byteUnit-GB","$v":"GB"},{"$i":"gallery","$v":"Bộ sưu tập"},{"$i":"preview","$v":"Xem trước"},{"$i":"kai-confirmation","$v":"Xác nhận"},{"$i":"kai-delete-this-image","$v":"Xóa ảnh?"},{"$i":"kai-delete-selected-image","$v":"Xóa ảnh đã chọn?"},{"$i":"kai-delete-selected-images","$v":"Xóa ảnh đã chọn?"},{"$i":"kai-sort-by","$v":"Sắp xếp theo"},{"$i":"kai-group-by-date-and-location","$v":"Nhóm theo Ngày"},{"$i":"kai-error","$v":"Lỗi"},{"$i":"kai-error-delete-locked-image","$v":"Ảnh đã chọn đã bị khóa và không thể bị xóa!"},{"$i":"kai-error-delete-locked-images","$v":"Ảnh đã chọn chứa (các) hình ảnh bị khóa và không thể bị xóa!"},{"$i":"kai-enter-new-name","$v":"Nhập Tên Mới"},{"$i":"sort-and-group","$v":"Sắp xếp và Nhóm"},{"$i":"time_am","$v":"AM"},{"$i":"time_pm","$v":"PM"},{"$i":"date-group-header","$v":"%B %Y"},{"$i":"videoDescriptionShort","$v":"Ngày tạo video %I:%M %p, %B %e, %Y"},{"$i":"imageDescriptionShort","$v":"Ngày tạo ảnh %I:%M %p, %B %e, %Y"},{"$i":"editImagePreview","ariaLabel":"Xem trước ảnh chỉnh sửa"},{"$i":"kai-pickoneimage","$v":"Chọn một Ảnh"},{"$i":"discard-changes-warning","$v":"Mọi thay đổi sẽ bị mất. Bạn có muốn hủy thay đổi không?"},{"$i":"save-changes-warning","$v":"Mọi thay đổi sẽ bị mất. Lưu thay đổi?"},{"$i":"discard","$v":"Hủy bỏ"},{"$i":"camera","$v":"Camera"},{"$i":"phone-is-full-title","$v":"Bộ nhớ Điện thoại Đầy"},{"$i":"sd-card-is-full-title","$v":"Thẻ SD Đầy"},{"$i":"phone-is-full-content","$v":"Xóa tập tin phương tiện hoặc dữ liệu ứng dụng để giải phóng dung lượng trống. Bạn cũng có thể lắp thẻ SD để mở rộng bộ nhớ phương tiện."},{"$i":"sd-card-is-full-content","$v":"Xóa các tập tin trong thẻ SD để giải phóng dung lượng trống."},{"$i":"imageDescription","$v":[{"t":"idOrVar","v":"orientation"}," ảnh, %I:%M %p, %B %e, %Y"]},{"$i":"imageDescriptionNoTimestamp","$v":[{"t":"idOrVar","v":"orientation"}," ảnh"]},{"$i":"videoDescription","$v":[{"t":"idOrVar","v":"orientation"}," video, %I:%M %p, %B %e, %Y"]},{"$i":"videoDescriptionNoTimestamp","$v":[{"t":"idOrVar","v":"orientation"}," video"]},{"$i":"orientationPortrait","$v":"chân dung"},{"$i":"orientationLandscape","$v":"khổ ngang"},{"$i":"playbackPlay","ariaLabel":"Phát"},{"$i":"playbackPause","ariaLabel":"Tạm dừng"},{"$i":"playbackNext","ariaLabel":"Tiếp"},{"$i":"playbackPrevious","ariaLabel":"Trước"},{"$i":"playbackFullscreen","ariaLabel":"Toàn màn hình"},{"$i":"playbackSeekBar","ariaLabel":["Thanh tìm kiếm, thời gian ",{"t":"idOrVar","v":"duration"}]},{"$i":"weekday-0-long","$v":"Chủ nhật"},{"$i":"weekday-1-long","$v":"Thứ Hai"},{"$i":"weekday-2-long","$v":"Thứ Ba"},{"$i":"weekday-3-long","$v":"Thứ Tư"},{"$i":"weekday-4-long","$v":"Thứ Năm"},{"$i":"weekday-5-long","$v":"Thứ Sáu"},{"$i":"weekday-6-long","$v":"Thứ Bảy"},{"$i":"weekday-0-short","$v":"CN"},{"$i":"weekday-1-short","$v":"Thứ 2"},{"$i":"weekday-2-short","$v":"Thứ 3"},{"$i":"weekday-3-short","$v":"Thứ 4"},{"$i":"weekday-4-short","$v":"Thứ 5"},{"$i":"weekday-5-short","$v":"Thứ 6"},{"$i":"weekday-6-short","$v":"Thứ 7"},{"$i":"month-0-long","$v":"Tháng 1"},{"$i":"month-1-long","$v":"Tháng 2"},{"$i":"month-2-long","$v":"Tháng 3"},{"$i":"month-3-long","$v":"Tháng 4"},{"$i":"month-4-long","$v":"Tháng 5"},{"$i":"month-5-long","$v":"Tháng 6"},{"$i":"month-6-long","$v":"Tháng 7"},{"$i":"month-7-long","$v":"Tháng 8"},{"$i":"month-8-long","$v":"Tháng 9"},{"$i":"month-9-long","$v":"Tháng 10"},{"$i":"month-10-long","$v":"Tháng 11"},{"$i":"month-11-long","$v":"Tháng 12"},{"$i":"month-0-genitive","$v":"Tháng 1"},{"$i":"month-1-genitive","$v":"Tháng 2"},{"$i":"month-2-genitive","$v":"Tháng 3"},{"$i":"month-3-genitive","$v":"Tháng 4"},{"$i":"month-4-genitive","$v":"Tháng 5"},{"$i":"month-5-genitive","$v":"Tháng 6"},{"$i":"month-6-genitive","$v":"Tháng 7"},{"$i":"month-7-genitive","$v":"Tháng 8"},{"$i":"month-8-genitive","$v":"Tháng 9"},{"$i":"month-9-genitive","$v":"Tháng 10"},{"$i":"month-10-genitive","$v":"Tháng 11"},{"$i":"month-11-genitive","$v":"Tháng 12"},{"$i":"month-0-short","$v":"Tháng 1"},{"$i":"month-1-short","$v":"Tháng 2"},{"$i":"month-2-short","$v":"Tháng 3"},{"$i":"month-3-short","$v":"Tháng 4"},{"$i":"month-4-short","$v":"Tháng 5"},{"$i":"month-5-short","$v":"Tháng 6"},{"$i":"month-6-short","$v":"Tháng 7"},{"$i":"month-7-short","$v":"Tháng 8"},{"$i":"month-8-short","$v":"Tháng 9"},{"$i":"month-9-short","$v":"Tháng 10"},{"$i":"month-10-short","$v":"Tháng 11"},{"$i":"month-11-short","$v":"Tháng 12"},{"$i":"minutes-ago-long","$v":{"few":[{"t":"idOrVar","v":"value"}," phút trước"],"many":[{"t":"idOrVar","v":"value"}," phút trước"],"one":"một phút trước","other":[{"t":"idOrVar","v":"value"}," phút trước"],"two":[{"t":"idOrVar","v":"value"}," phút trước"],"zero":"ngay bây giờ"},"$x":[{"t":"idOrVar","v":"plural"},"value"]},{"$i":"hours-ago-long","$v":{"few":[{"t":"idOrVar","v":"value"}," giờ trước"],"many":[{"t":"idOrVar","v":"value"}," giờ trước"],"one":"giờ trước","other":[{"t":"idOrVar","v":"value"}," giờ trước"],"two":[{"t":"idOrVar","v":"value"}," giờ trước"],"zero":"ngay bây giờ"},"$x":[{"t":"idOrVar","v":"plural"},"value"]},{"$i":"days-ago-long","$v":{"few":[{"t":"idOrVar","v":"value"}," ngày trước"],"many":[{"t":"idOrVar","v":"value"}," ngày trước"],"one":"hôm qua","other":[{"t":"idOrVar","v":"value"}," ngày trước"],"two":[{"t":"idOrVar","v":"value"}," ngày trước"],"zero":"hôm nay"},"$x":[{"t":"idOrVar","v":"plural"},"value"]},{"$i":"weeks-ago-long","$v":{"few":[{"t":"idOrVar","v":"value"}," tuần trước"],"many":[{"t":"idOrVar","v":"value"}," tuần trước"],"one":"tuần trước","other":[{"t":"idOrVar","v":"value"}," tuần trước"],"two":[{"t":"idOrVar","v":"value"}," tuần trước"],"zero":"tuần này"},"$x":[{"t":"idOrVar","v":"plural"},"value"]},{"$i":"months-ago-long","$v":{"few":[{"t":"idOrVar","v":"value"}," tháng trước"],"many":[{"t":"idOrVar","v":"value"}," tháng trước"],"one":"tháng trước","other":[{"t":"idOrVar","v":"value"}," tháng trước"],"two":[{"t":"idOrVar","v":"value"}," tháng trước"],"zero":"tháng này"},"$x":[{"t":"idOrVar","v":"plural"},"value"]},{"$i":"years-ago-long","$v":{"few":[{"t":"idOrVar","v":"value"}," năm trước"],"many":[{"t":"idOrVar","v":"value"}," năm trước"],"one":"năm ngoái","other":[{"t":"idOrVar","v":"value"}," năm trước"],"two":[{"t":"idOrVar","v":"value"}," năm trước"],"zero":"năm nay"},"$x":[{"t":"idOrVar","v":"plural"},"value"]},{"$i":"minutes-until-long","$v":{"few":["trong ",{"t":"idOrVar","v":"value"}," phút"],"many":["trong ",{"t":"idOrVar","v":"value"}," phút"],"one":"trong một phút","other":["trong ",{"t":"idOrVar","v":"value"}," phút"],"two":["trong ",{"t":"idOrVar","v":"value"}," phút"],"zero":"hiện tại"},"$x":[{"t":"idOrVar","v":"plural"},"value"]},{"$i":"hours-until-long","$v":{"few":["trong ",{"t":"idOrVar","v":"value"}," giờ"],"many":["trong ",{"t":"idOrVar","v":"value"}," giờ"],"one":"trong một giờ","other":["trong ",{"t":"idOrVar","v":"value"}," giờ"],"two":["trong ",{"t":"idOrVar","v":"value"}," giờ"],"zero":"hiện tại"},"$x":[{"t":"idOrVar","v":"plural"},"value"]},{"$i":"days-until-long","$v":{"few":["trong ",{"t":"idOrVar","v":"value"}," ngày"],"many":["trong ",{"t":"idOrVar","v":"value"}," ngày"],"one":"ngày mai","other":["trong ",{"t":"idOrVar","v":"value"}," ngày"],"two":["trong ",{"t":"idOrVar","v":"value"}," ngày"],"zero":"hôm nay"},"$x":[{"t":"idOrVar","v":"plural"},"value"]},{"$i":"weeks-until-long","$v":{"few":["trong ",{"t":"idOrVar","v":"value"}," tuần"],"many":["trong ",{"t":"idOrVar","v":"value"}," tuần"],"one":"tuần tới","other":["trong ",{"t":"idOrVar","v":"value"}," tuần"],"two":["trong ",{"t":"idOrVar","v":"value"}," tuần"],"zero":"tuần này"},"$x":[{"t":"idOrVar","v":"plural"},"value"]},{"$i":"months-until-long","$v":{"few":["trong ",{"t":"idOrVar","v":"value"}," tháng"],"many":["trong ",{"t":"idOrVar","v":"value"}," tháng"],"one":"tháng tiếp theo","other":["trong ",{"t":"idOrVar","v":"value"}," tháng"],"two":["trong ",{"t":"idOrVar","v":"value"}," tháng"],"zero":"tháng này"},"$x":[{"t":"idOrVar","v":"plural"},"value"]},{"$i":"years-until-long","$v":{"few":["trong ",{"t":"idOrVar","v":"value"}," năm"],"many":["trong ",{"t":"idOrVar","v":"value"}," năm"],"one":"năm tới","other":["trong ",{"t":"idOrVar","v":"value"}," năm"],"two":["trong ",{"t":"idOrVar","v":"value"}," năm"],"zero":"năm nay"},"$x":[{"t":"idOrVar","v":"plural"},"value"]},{"$i":"minutes-ago-short","$v":{"other":[{"t":"idOrVar","v":"value"}," tháng trước"],"zero":"ngay bây giờ"},"$x":[{"t":"idOrVar","v":"plural"},"value"]},{"$i":"hours-ago-short","$v":{"other":[{"t":"idOrVar","v":"value"}," giờ trước"],"zero":"ngay bây giờ"},"$x":[{"t":"idOrVar","v":"plural"},"value"]},{"$i":"days-ago-short","$v":{"other":[{"t":"idOrVar","v":"value"}," ngày trước"],"zero":"hôm nay"},"$x":[{"t":"idOrVar","v":"plural"},"value"]},{"$i":"minutes-until-short","$v":{"other":["trong ",{"t":"idOrVar","v":"value"},"m"],"zero":"hiện tại"},"$x":[{"t":"idOrVar","v":"plural"},"value"]},{"$i":"hours-until-short","$v":{"other":["trong ",{"t":"idOrVar","v":"value"}],"zero":"hiện tại"},"$x":[{"t":"idOrVar","v":"plural"},"value"]},{"$i":"days-until-short","$v":{"other":["in ",{"t":"idOrVar","v":"value"},"d"],"zero":"hôm nay"},"$x":[{"t":"idOrVar","v":"plural"},"value"]},{"$i":"incorrectDate","$v":"(ngày không chính xác)"},{"$i":"dateTimeFormat_%c","$v":"%a %b %e %Y %I:%M:%S %p"},{"$i":"dateTimeFormat_%x","$v":"%m/%d/%Y"},{"$i":"dateTimeFormat_%X","$v":"%I:%M:%S %p"},{"$i":"shortTimeFormat","$v":"%I:%M %p"},{"$i":"shortTimeFormat12","$v":"%I:%M %p"},{"$i":"shortTimeFormat24","$v":"%H:%M"},{"$i":"shortDateTimeFormat","$v":"%x %I:%M %p"},{"$i":"weekStartsOnMonday","$v":"0.0"},{"$i":"firstDayOfTheWeek","$v":"0.0"},{"$i":"softkey-options","$v":"Tùy chọn"}]