[{"$i":"select","$v":"Khetha"},{"$i":"deselect","$v":"Yekisa ukukhetha"},{"$i":"kai-select","$v":"Khetha"},{"$i":"invalid-image","$v":"Akunguwo umfanekiso"},{"$i":"image-too-big","$v":"Ubungakanani befayile yomfanekiso bukhulu kakhulu ukubonaka kwigalri"},{"$i":"kai-selected-items-count","$v":[{"t":"idOrVar","v":"n"}," Khethiweyo"]},{"$i":"delete-photo?","$v":"Cima ifoto?"},{"$i":"delete-video?","$v":"Cima ividiyo?"},{"$i":"deleting","$v":"Iyacima..."},{"$i":"delete-n-items?","$v":{"few":["Cima ",{"t":"idOrVar","v":"n"}," izinto?"],"many":["Cima ",{"t":"idOrVar","v":"n"}," izinto?"],"one":"Cima into ekhethiweyo?","other":["Cima ",{"t":"idOrVar","v":"n"}," izinto?"],"two":["Cima ",{"t":"idOrVar","v":"n"}," izinto?"],"zero":"Akukhonto ikhethiweyo"},"$x":[{"t":"idOrVar","v":"plural"},"n"]},{"$i":"kai-contact-set-ok","$v":"Umqhagamshelwa wongezelelwe umfanekiso"},{"$i":"kai-contact-set-fail","$v":"Isilele ukufaka umfanekiso womqhagamshelwa"},{"$i":"kai-exposure-done","$v":"Ukubonisa kuyasetyenziswa"},{"$i":"kai-rotation-done","$v":"Ujikeleziso lufakiwe"},{"$i":"kai-crop-done","$v":"Umfanekiso usikiwe"},{"$i":"kai-filters-done","$v":"Isisefo siyasebenza"},{"$i":"kai-autocorrection-done","$v":"Ukulungisa Ngokuzenzekelayo kusetyenzisiwe"},{"$i":"kai-changes-saved","$v":"Utshintsho Lugciniwe"},{"$i":"wallpaper-set","$v":"Iwolpeyipa isetiwe"},{"$i":"kai-single-image-locked","$v":"Umfanekiso okhethiweyo utshixiwe"},{"$i":"kai-single-image-unlocked","$v":"Umfanekiso oKhethiweyo uVulwe ngeSitshixi"},{"$i":"kai-single-image-deleted","$v":"Ifoto icinyiwe"},{"$i":"kai-multiple-images-locked","$v":{"one":[{"t":"idOrVar","v":"n"}," ifoto itshixiwe"],"other":[{"t":"idOrVar","v":"n"}," iifoto zitshixiwe"],"zero":"Akukho foto itshixiweyo"},"$x":[{"t":"idOrVar","v":"plural"},"n"]},{"$i":"kai-multiple-images-unlocked","$v":{"one":[{"t":"idOrVar","v":"n"}," ifoto ayitshixwanga"],"other":[{"t":"idOrVar","v":"n"}," iifoto azitshixwanga"],"zero":"Akukho foto ingatshixwanga"},"$x":[{"t":"idOrVar","v":"plural"},"n"]},{"$i":"kai-deleted-n-photos","$v":{"one":[{"t":"idOrVar","v":"n"}," ifoto icinyiwe"],"other":[{"t":"idOrVar","v":"n"}," iifoto zicinyiwe"],"zero":"Akukho foto icinyiweyo"},"$x":[{"t":"idOrVar","v":"plural"},"n"]},{"$i":"kai-some-photos-not-share","$v":"Ezinye iifoto azikwazi ukwabelwana ngazo"},{"$i":"kai-some-photos-not-delete","$v":"Ezinye iifoto azikwazi ukususwa"},{"$i":"kai-some-photos-not-lock","$v":"Ezinye iifoto azikwazi ukuvalelwa"},{"$i":"kai-undo","$v":"Yekisa"},{"$i":"pickoneimage2","$v":"Khetha"},{"$i":"cropimage","$v":"Iinkozo"},{"$i":"kai-on","$v":"Ivuliwe"},{"$i":"kai-off","$v":"Icinyiwe"},{"$i":"cancel","$v":"Rhoxisa"},{"$i":"delete","$v":"Cima"},{"$i":"ok","$v":"KULUNGILE"},{"$i":"edit","$v":"Hlela"},{"$i":"revert","$v":"Buyisela"},{"$i":"save","$v":"Gcina"},{"$i":"done","$v":"Ugqibile"},{"$i":"exposure","$v":"Ukubonisa"},{"$i":"crop","$v":"Iinkozo"},{"$i":"effects","$v":"Iziphumo"},{"$i":"borders","$v":"Imida"},{"$i":"enhance-on","$v":"Ukwandisa ngokuzenzekelayo kuvuliwe"},{"$i":"enhance-off","$v":"Ukwandisa ngokuzenzekelayo kuphelisiwe"},{"$i":"kai-set","$v":"Seta"},{"$i":"kai-options","$v":"Iinketho"},{"$i":"kai-select-all","$v":"Khetha Konke"},{"$i":"kai-deselect-all","$v":"Yekisa ukukhetha Yonke"},{"$i":"kai-lock","$v":"Lock"},{"$i":"kai-unlock","$v":"Vula"},{"$i":"kai-rename","$v":"Thiya"},{"$i":"kai-rotate","$v":"Jikelezisa"},{"$i":"kai-share","$v":"Yabelana"},{"$i":"kai-settings","$v":"Iisethingi"},{"$i":"kai-set-as","$v":"Seta njenge-"},{"$i":"set-as-wallpaper","$v":"Seta njengewolpeyipa"},{"$i":"kai-wallpaper","$v":"Iwolpeyipa"},{"$i":"kai-existing-contact-image","$v":"Umfanekiso womfowunelwa okhona"},{"$i":"kai-zoom","$v":"Yandisa"},{"$i":"kai-zoom-in","$v":"Sondeza"},{"$i":"kai-zoom-out","$v":"Bhekelisa"},{"$i":"kai-file-info","$v":"Inkcaza Yefayile"},{"$i":"kai-select-multiple","$v":"Khetha eZininzi"},{"$i":"kai-invalid-name","$v":"Akulilo igama"},{"$i":"kai-name-already-exists","$v":"Eli gama sele likho"},{"$i":"kai-override-warning-msg","$v":"Ungathanda okongamela lo mfanekiso ukhoyo?"},{"$i":"kai-override","$v":"yiTshintshe"},{"$i":"kai-edit-title","$v":"Hlela Umfanekiso"},{"$i":"kai-edit-exposure","$v":"Ukubonisa"},{"$i":"kai-edit-crop","$v":"Iinkozo"},{"$i":"kai-edit-rotate","$v":"Jikelezisa"},{"$i":"kai-edit-filters","$v":"Izisefo"},{"$i":"kai-edit-auto-correct","$v":"Ukulungisa ngokuzenzekelayo"},{"$i":"edit-exposure","ariaLabel":"Ukubonisa"},{"$i":"edit-crop","ariaLabel":"Iinkozo"},{"$i":"edit-rotate","ariaLabel":"Jikelezisa"},{"$i":"edit-filters","ariaLabel":"Izisefo"},{"$i":"edit-auto-correct","ariaLabel":"Ukulungisa ngokuzenzekelayo"},{"$i":"kai-crop-none","$v":"Yekisa ukufinyeza"},{"$i":"kai-crop-aspect-free","$v":"Emiselweyo"},{"$i":"kai-crop-aspect-portrait","$v":"2:3"},{"$i":"kai-crop-aspect-landscape","$v":"3:2"},{"$i":"kai-crop-aspect-square","$v":"1:1"},{"$i":"crop-none","ariaLabel":"Yekisa ukufinyeza"},{"$i":"crop-aspect-free","ariaLabel":"Emiselweyo"},{"$i":"crop-aspect-portrait","ariaLabel":"2:3"},{"$i":"crop-aspect-landscape","ariaLabel":"3:2"},{"$i":"crop-aspect-square","ariaLabel":"1:1"},{"$i":"edit-filters-none","ariaLabel":"Isisefo 1"},{"$i":"edit-filters-bw","ariaLabel":"Isisefo 2"},{"$i":"edit-filters-sepia","ariaLabel":"Isisefo 3"},{"$i":"edit-filters-bluesteel","ariaLabel":"Isisefo 4"},{"$i":"edit-filters-faded","ariaLabel":"Isisefo 5"},{"$i":"kai-rotate-cw","$v":"CW"},{"$i":"kai-rotate-ccw","$v":"CCW"},{"$i":"original","$v":"Eyoqobo"},{"$i":"blackandwhite","$v":{"$o":"B&W"}},{"$i":"sepia","$v":"Ibubomvu"},{"$i":"freeform","$v":"Ifomu ekhululekileyo"},{"$i":"portrait","$v":"Umzobo"},{"$i":"landscape","$v":"Ububanzi"},{"$i":"square","$v":"Iskwere"},{"$i":"emptygallery2-title","$v":"Akukho zifoto okanye iividiyo"},{"$i":"emptygallery2-text","$v":"Igalari ayinanto. Sebenzisa ikhamera ukuqala."},{"$i":"emptygallery2-title-pick","$v":"Akukho zifoto"},{"$i":"emptygallery-text-pick","$v":"Akukho zifoto zifumanekayo."},{"$i":"nocard3-title","$v":"Akukho memori khadi"},{"$i":"nocard4-text","$v":"Faka imemori khadi ukusebenzisa le-app."},{"$i":"pluggedin2-title","$v":"Imemori khadi iyasebenza"},{"$i":"pluggedin2-text","$v":"Uvimba ugcwele. Nceda ukhuphe ifowuni eplagini uze usebenzise le app."},{"$i":"scanning-title","$v":"Iyaskena"},{"$i":"scanning-text","$v":"Iskena iifoto..."},{"$i":"upgrade-title","$v":"Ukuphuculwa Kwedatha-bheyisi"},{"$i":"upgrade-text","$v":"Nceda linda ngelixa ihlaziya iGalari kwisisele."},{"$i":"share-noprovider","$v":"Ayikwazi ukwabelana nohlobo lwefayile yomfanekiso."},{"$i":"memorycardfull","$v":"Uvimba ugcwele. Ayikwazi ukuhlela iifoto."},{"$i":"imagetoobig","$v":"Umfanekiso mkhulu kakhulu ukuboniswa kwesisixhobo."},{"$i":"imageinvalid","$v":"Umfanekiso akunguwo okanye umposhakele kwaye awunakuboniswa."},{"$i":"saved","$v":[{"t":"idOrVar","v":"filename"}," igciwe keiGalari"]},{"$i":"edit-copy-saved","$v":"Ikopi entsha igciniwe."},{"$i":"overlay-camera-button","$v":"Yiya Kwikhamera"},{"$i":"name-label","$v":"Igama"},{"$i":"size-label","$v":"Umlinganiselo"},{"$i":"image-type-label","$v":"Uhlobo lomfanekiso"},{"$i":"kai-date-and-time-label","$v":"Umhla Nexesha"},{"$i":"date-taken-label","$v":"Umhla wokuthatha"},{"$i":"resolution-label","$v":"Isisombululo"},{"$i":"close-button","$v":"Vala"},{"$i":"path-label","$v":"Umendo"},{"$i":"sd-card","$v":"iSD khadi"},{"$i":"internal","$v":"Ngaphakathi"},{"$i":"byteUnit-B","$v":"Iibhayithi"},{"$i":"byteUnit-KB","$v":"iKB"},{"$i":"byteUnit-MB","$v":"iMB"},{"$i":"byteUnit-GB","$v":"GB"},{"$i":"gallery","$v":"Igalari"},{"$i":"preview","$v":"Bona kuqala"},{"$i":"kai-confirmation","$v":"Isiqinisekiso"},{"$i":"kai-delete-this-image","$v":"Icime ifoto?"},{"$i":"kai-delete-selected-image","$v":"Cima ifoto ekhethiweyo?"},{"$i":"kai-delete-selected-images","$v":"Cima iifoto ezikhethiweyo?"},{"$i":"kai-sort-by","$v":"Imiswe nge"},{"$i":"kai-group-by-date-and-location","$v":"Zibeke Ngosuku"},{"$i":"kai-error","$v":"Impazamo"},{"$i":"kai-error-delete-locked-image","$v":"Lo mfanekiso ukhethiweyo utshixiwe kwaye awukhange ube nokucinywa!"},{"$i":"kai-error-delete-locked-images","$v":"Lo mfanekiso ukhethiweyo uqulathe um(imi)fanekiso otshixiweyo kwaye awukhange ube nokucinywa!"},{"$i":"kai-enter-new-name","$v":"Faka Igama Elitsha"},{"$i":"sort-and-group","$v":"Hlengahlengisa uze uQokelele"},{"$i":"time_am","$v":"AM"},{"$i":"time_pm","$v":"PM"},{"$i":"date-group-header","$v":"%B %Y"},{"$i":"videoDescriptionShort","$v":"Ividiyo yomhla %I:%M %p, %B %e, %Y"},{"$i":"imageDescriptionShort","$v":"Umhla womfanekiso %I:%M %p, %B %e, %Y"},{"$i":"editImagePreview","ariaLabel":"Hlela umfanekiso ongekajongwa"},{"$i":"kai-pickoneimage","$v":"Khetha iFoto"},{"$i":"discard-changes-warning","$v":"Lonke utshintsho lulahlekile. Ufuna ukulahla utsintsho?"},{"$i":"save-changes-warning","$v":"Lonke utshintsho lulahlekile. Ufuna ukugcina utsintsho?"},{"$i":"discard","$v":"Lahla"},{"$i":"camera","$v":"Ikhamera"},{"$i":"phone-is-full-title","$v":"Uvimba weFowuni Ugcwele"},{"$i":"sd-card-is-full-title","$v":"I-SD khadi igcwele."},{"$i":"phone-is-full-content","$v":"Cima ifayile yeendaba okanye idatha yesicelo ukukhulula isikhala. Unokufaka kwakhona ikhadi le-SD ukwandisa ukugcinwa kweendaba."},{"$i":"sd-card-is-full-content","$v":"Cima iifayile kwikhadi le-SD ukukhulula isikhala."},{"$i":"imageDescription","$v":[{"t":"idOrVar","v":"orientation"}," mfanekiso, %I:%M %p, %B %e, %Y"]},{"$i":"imageDescriptionNoTimestamp","$v":[{"t":"idOrVar","v":"orientation"}," mfanekiso"]},{"$i":"videoDescription","$v":[{"t":"idOrVar","v":"orientation"}," vidiyo, %I:%M %p, %B %e, %Y"]},{"$i":"videoDescriptionNoTimestamp","$v":[{"t":"idOrVar","v":"orientation"}," vidiyo"]},{"$i":"orientationPortrait","$v":"Umzobo"},{"$i":"orientationLandscape","$v":"Ububanzi"},{"$i":"playbackPlay","ariaLabel":"Dlala"},{"$i":"playbackPause","ariaLabel":"Nqumamisa"},{"$i":"playbackNext","ariaLabel":"Okulandelayo"},{"$i":"playbackPrevious","ariaLabel":"Buyela emva"},{"$i":"playbackFullscreen","ariaLabel":"Isikrini-Esipheleleyo"},{"$i":"playbackSeekBar","ariaLabel":["Ibha yokukhangela, ubuxe bexesha ",{"t":"idOrVar","v":"duration"}]},{"$i":"weekday-0-long","$v":"Ngecawe"},{"$i":"weekday-1-long","$v":"NgoMvulo"},{"$i":"weekday-2-long","$v":"Lwesibini"},{"$i":"weekday-3-long","$v":"Lwesithathu"},{"$i":"weekday-4-long","$v":"Lwesine"},{"$i":"weekday-5-long","$v":"Lwesihlanu"},{"$i":"weekday-6-long","$v":"Mgqibelo"},{"$i":"weekday-0-short","$v":"Ca"},{"$i":"weekday-1-short","$v":"Mvu"},{"$i":"weekday-2-short","$v":"Lb"},{"$i":"weekday-3-short","$v":"Lt"},{"$i":"weekday-4-short","$v":"Ln"},{"$i":"weekday-5-short","$v":"Lh"},{"$i":"weekday-6-short","$v":"Mg"},{"$i":"month-0-long","$v":"EyoMqungu"},{"$i":"month-1-long","$v":"EyoMdumba"},{"$i":"month-2-long","$v":"EyoKwindla"},{"$i":"month-3-long","$v":"Tshazimpuzi"},{"$i":"month-4-long","$v":"UCanzibe"},{"$i":"month-5-long","$v":"Isilimela"},{"$i":"month-6-long","$v":"EyeKhala"},{"$i":"month-7-long","$v":"EyeThupha"},{"$i":"month-8-long","$v":"EyoMsintsi"},{"$i":"month-9-long","$v":"EyeDwarha"},{"$i":"month-10-long","$v":"EyeNkanga"},{"$i":"month-11-long","$v":"EyoMnga"},{"$i":"month-0-genitive","$v":"Januwari"},{"$i":"month-1-genitive","$v":"Februwari"},{"$i":"month-2-genitive","$v":"Matshi"},{"$i":"month-3-genitive","$v":"Tshazimpuzi"},{"$i":"month-4-genitive","$v":"Meyi"},{"$i":"month-5-genitive","$v":"Juni"},{"$i":"month-6-genitive","$v":"Julayi"},{"$i":"month-7-genitive","$v":"Agasti"},{"$i":"month-8-genitive","$v":"Septemba"},{"$i":"month-9-genitive","$v":"Oktobha"},{"$i":"month-10-genitive","$v":"Novemba"},{"$i":"month-11-genitive","$v":"Disemba"},{"$i":"month-0-short","$v":"Jan"},{"$i":"month-1-short","$v":"Feb"},{"$i":"month-2-short","$v":"Mat"},{"$i":"month-3-short","$v":"Tshaz"},{"$i":"month-4-short","$v":"Meyi"},{"$i":"month-5-short","$v":"Juni"},{"$i":"month-6-short","$v":"Julayi"},{"$i":"month-7-short","$v":"Agasti"},{"$i":"month-8-short","$v":"Sep"},{"$i":"month-9-short","$v":"Okto"},{"$i":"month-10-short","$v":"Nov"},{"$i":"month-11-short","$v":"Dis"},{"$i":"minutes-ago-long","$v":{"few":[{"t":"idOrVar","v":"value"}," imizuzu edlileyo"],"many":[{"t":"idOrVar","v":"value"}," imizuzu edlileyo"],"one":"Umzuzu odluleyo","other":[{"t":"idOrVar","v":"value"}," imizuzu edlileyo"],"two":[{"t":"idOrVar","v":"value"}," imizuzu edlileyo"],"zero":"nje ngoku"},"$x":[{"t":"idOrVar","v":"izininzi"},"inani"]},{"$i":"hours-ago-long","$v":{"few":[{"t":"idOrVar","v":"value"}," iiyure ezidluleyo"],"many":[{"t":"idOrVar","v":"value"}," iiyure ezidluleyo"],"one":"kwiyure edluleyo","other":[{"t":"idOrVar","v":"value"}," iiyure ezidluleyo"],"two":[{"t":"idOrVar","v":"value"}," iiyure ezidluleyo"],"zero":"nje ngoku"},"$x":[{"t":"idOrVar","v":"izininzi"},"inani"]},{"$i":"days-ago-long","$v":{"few":[{"t":"idOrVar","v":"value"}," iintsuku ezidluleyo"],"many":[{"t":"idOrVar","v":"value"}," iintsuku ezidluleyo"],"one":"izolo","other":[{"t":"idOrVar","v":"value"}," iintsuku ezidluleyo"],"two":[{"t":"idOrVar","v":"value"}," iintsuku ezidluleyo"],"zero":"namhlanje"},"$x":[{"t":"idOrVar","v":"izininzi"},"inani"]},{"$i":"weeks-ago-long","$v":{"few":[{"t":"idOrVar","v":"value"}," iiveki ezidluleyo"],"many":[{"t":"idOrVar","v":"value"}," iiveki ezidluleyo"],"one":"kwiveki edluleyo","other":[{"t":"idOrVar","v":"value"}," iiveki ezidluleyo"],"two":[{"t":"idOrVar","v":"value"}," iiveki ezidluleyo"],"zero":"kule veki"},"$x":[{"t":"idOrVar","v":"izininzi"},"inani"]},{"$i":"months-ago-long","$v":{"few":[{"t":"idOrVar","v":"value"}," iinyanga ezidluyo"],"many":[{"t":"idOrVar","v":"value"}," iinyanga ezidluyo"],"one":"Kwinyanga edluleyo","other":[{"t":"idOrVar","v":"value"}," iinyanga ezidluyo"],"two":[{"t":"idOrVar","v":"value"}," iinyanga ezidluyo"],"zero":"kule nyanga"},"$x":[{"t":"idOrVar","v":"izininzi"},"inani"]},{"$i":"years-ago-long","$v":{"few":[{"t":"idOrVar","v":"value"}," iiminyak edluleyo"],"many":[{"t":"idOrVar","v":"value"}," iiminyak edluleyo"],"one":"kunyaka odluleyo","other":[{"t":"idOrVar","v":"value"}," iiminyak edluleyo"],"two":[{"t":"idOrVar","v":"value"}," iiminyak edluleyo"],"zero":"kulo nyaka"},"$x":[{"t":"idOrVar","v":"izininzi"},"inani"]},{"$i":"minutes-until-long","$v":{"few":["in ",{"t":"idOrVar","v":"value"}," imizuzu"],"many":["in ",{"t":"idOrVar","v":"value"}," imizuzu"],"one":"kumzuzu","other":["in ",{"t":"idOrVar","v":"value"}," imizuzu"],"two":["in ",{"t":"idOrVar","v":"value"}," imizuzu"],"zero":"Ngoku"},"$x":[{"t":"idOrVar","v":"izininzi"},"inani"]},{"$i":"hours-until-long","$v":{"few":["in ",{"t":"idOrVar","v":"value"}," iiyure"],"many":["in ",{"t":"idOrVar","v":"value"}," iiyure"],"one":"kwiyure","other":["in ",{"t":"idOrVar","v":"value"}," iiyure"],"two":["in ",{"t":"idOrVar","v":"value"}," iiyure"],"zero":"Ngoku"},"$x":[{"t":"idOrVar","v":"izininzi"},"inani"]},{"$i":"days-until-long","$v":{"few":["in ",{"t":"idOrVar","v":"value"}," iintsuku"],"many":["in ",{"t":"idOrVar","v":"value"}," iintsuku"],"one":"ngomso","other":["in ",{"t":"idOrVar","v":"value"}," iintsuku"],"two":["in ",{"t":"idOrVar","v":"value"}," iintsuku"],"zero":"namhlanje"},"$x":[{"t":"idOrVar","v":"izininzi"},"inani"]},{"$i":"weeks-until-long","$v":{"few":["in ",{"t":"idOrVar","v":"value"}," iiveki"],"many":["in ",{"t":"idOrVar","v":"value"}," iiveki"],"one":"iveki ezayo","other":["in ",{"t":"idOrVar","v":"value"}," iiveki"],"two":["in ",{"t":"idOrVar","v":"value"}," iiveki"],"zero":"kule veki"},"$x":[{"t":"idOrVar","v":"izininzi"},"inani"]},{"$i":"months-until-long","$v":{"few":["in ",{"t":"idOrVar","v":"value"}," iinyanga"],"many":["in ",{"t":"idOrVar","v":"value"}," iinyanga"],"one":"inyanga ezayo","other":["in ",{"t":"idOrVar","v":"value"}," iinyanga"],"two":["in ",{"t":"idOrVar","v":"value"}," iinyanga"],"zero":"kule nyanga"},"$x":[{"t":"idOrVar","v":"izininzi"},"inani"]},{"$i":"years-until-long","$v":{"few":["in ",{"t":"idOrVar","v":"value"}," iiminyaka"],"many":["in ",{"t":"idOrVar","v":"value"}," iiminyaka"],"one":"unyaka ozayou","other":["in ",{"t":"idOrVar","v":"value"}," iiminyaka"],"two":["in ",{"t":"idOrVar","v":"value"}," iiminyaka"],"zero":"kulo nyaka"},"$x":[{"t":"idOrVar","v":"izininzi"},"inani"]},{"$i":"minutes-ago-short","$v":{"other":[{"t":"idOrVar","v":"value"},"m dluleyo"],"zero":"nje ngoku"},"$x":[{"t":"idOrVar","v":"izininzi"},"inani"]},{"$i":"hours-ago-short","$v":{"other":[{"t":"idOrVar","v":"value"},"y dluleyo"],"zero":"nje ngoku"},"$x":[{"t":"idOrVar","v":"izininzi"},"inani"]},{"$i":"days-ago-short","$v":{"other":[{"t":"idOrVar","v":"value"},"s dluleyo"],"zero":"namhlanje"},"$x":[{"t":"idOrVar","v":"izininzi"},"inani"]},{"$i":"minutes-until-short","$v":{"other":["in ",{"t":"idOrVar","v":"value"},"m"],"zero":"Ngoku"},"$x":[{"t":"idOrVar","v":"izininzi"},"inani"]},{"$i":"hours-until-short","$v":{"other":["in ",{"t":"idOrVar","v":"value"},"h"],"zero":"Ngoku"},"$x":[{"t":"idOrVar","v":"izininzi"},"inani"]},{"$i":"days-until-short","$v":{"other":["in ",{"t":"idOrVar","v":"value"},"d"],"zero":"namhlanje"},"$x":[{"t":"idOrVar","v":"izininzi"},"inani"]},{"$i":"incorrectDate","$v":"(umhla awulunganga)"},{"$i":"dateTimeFormat_%c","$v":"%a %b %e %Y %I:%M:%S %p"},{"$i":"dateTimeFormat_%x","$v":"%m/%d/%Y"},{"$i":"dateTimeFormat_%X","$v":"%I:%M:%S %p"},{"$i":"shortTimeFormat","$v":"%I:%M %p"},{"$i":"shortTimeFormat12","$v":"%I:%M %p"},{"$i":"shortTimeFormat24","$v":"%H:%M"},{"$i":"shortDateTimeFormat","$v":"%x %I:%M %p"},{"$i":"weekStartsOnMonday","$v":"0.0"},{"$i":"firstDayOfTheWeek","$v":"0.0"},{"$i":"softkey-options","$v":"Iinketho"}]