[{"$i":"select","$v":"选择"},{"$i":"deselect","$v":"取消选择"},{"$i":"kai-select","$v":"选择"},{"$i":"invalid-image","$v":"无效图片"},{"$i":"image-too-big","$v":"图片文件过大，无法在图库中显示。"},{"$i":"kai-selected-items-count","$v":["已选 ",{"t":"idOrVar","v":"n"}," 项"]},{"$i":"delete-photo?","$v":"删除照片？"},{"$i":"delete-video?","$v":"删除视频？"},{"$i":"deleting","$v":"正在删除…"},{"$i":"delete-n-items?","$v":{"few":["删除 ",{"t":"idOrVar","v":"n"}," 项？"],"many":["删除 ",{"t":"idOrVar","v":"n"}," 项？"],"one":"删除所选项？","other":["删除 ",{"t":"idOrVar","v":"n"}," 项？"],"two":["删除 ",{"t":"idOrVar","v":"n"}," 项？"],"zero":"未选中任何项"},"$x":[{"t":"idOrVar","v":"plural"},"n"]},{"$i":"kai-contact-set-ok","$v":"联系人图片已添加"},{"$i":"kai-contact-set-fail","$v":"无法设置联系人图片"},{"$i":"kai-exposure-done","$v":"已使用曝光"},{"$i":"kai-rotation-done","$v":"已进行旋转"},{"$i":"kai-crop-done","$v":"图片已剪裁"},{"$i":"kai-filters-done","$v":"已使用滤镜"},{"$i":"kai-autocorrection-done","$v":"自动更正已启用"},{"$i":"kai-changes-saved","$v":"更改已保存"},{"$i":"wallpaper-set","$v":"壁纸已设置"},{"$i":"kai-single-image-locked","$v":"所选图片被锁定"},{"$i":"kai-single-image-unlocked","$v":"所选图片已解锁"},{"$i":"kai-single-image-deleted","$v":"照片已删除。"},{"$i":"kai-multiple-images-locked","$v":{"one":["已锁定 ",{"t":"idOrVar","v":"n"}," 张照片"],"other":["已锁定 ",{"t":"idOrVar","v":"n"}," 张照片"],"zero":"没有照片被锁定"},"$x":[{"t":"idOrVar","v":"plural"},"n"]},{"$i":"kai-multiple-images-unlocked","$v":{"one":["已解锁 ",{"t":"idOrVar","v":"n"}," 张照片"],"other":["已解锁 ",{"t":"idOrVar","v":"n"}," 张照片"],"zero":"没有照片被解锁"},"$x":[{"t":"idOrVar","v":"plural"},"n"]},{"$i":"kai-deleted-n-photos","$v":{"one":[{"t":"idOrVar","v":"n"}," 张照片被删除"],"other":["已删除 ",{"t":"idOrVar","v":"n"}," 张照片"],"zero":"没有照片被删除"},"$x":[{"t":"idOrVar","v":"plural"},"n"]},{"$i":"kai-some-photos-not-share","$v":"某些照片无法分享"},{"$i":"kai-some-photos-not-delete","$v":"某些照片无法删除"},{"$i":"kai-some-photos-not-lock","$v":"某些照片无法锁定"},{"$i":"kai-undo","$v":"撤消"},{"$i":"pickoneimage2","$v":"选择"},{"$i":"cropimage","$v":"剪裁"},{"$i":"kai-on","$v":"开启"},{"$i":"kai-off","$v":"关闭"},{"$i":"cancel","$v":"取消"},{"$i":"delete","$v":"删除"},{"$i":"ok","$v":"确定"},{"$i":"edit","$v":"编辑"},{"$i":"revert","$v":"恢复"},{"$i":"save","$v":"保存"},{"$i":"done","$v":"完成"},{"$i":"exposure","$v":"曝光"},{"$i":"crop","$v":"剪裁"},{"$i":"effects","$v":"效果"},{"$i":"borders","$v":"边框"},{"$i":"enhance-on","$v":"打开自动增强"},{"$i":"enhance-off","$v":"关闭自动增强"},{"$i":"kai-set","$v":"设置"},{"$i":"kai-options","$v":"选项"},{"$i":"kai-select-all","$v":"全部"},{"$i":"kai-deselect-all","$v":"取消"},{"$i":"kai-lock","$v":"锁定"},{"$i":"kai-unlock","$v":"解锁"},{"$i":"kai-rename","$v":"重命名"},{"$i":"kai-rotate","$v":"旋转"},{"$i":"kai-share","$v":"分享"},{"$i":"kai-settings","$v":"设置"},{"$i":"kai-set-as","$v":"设置为"},{"$i":"set-as-wallpaper","$v":"设为壁纸"},{"$i":"kai-wallpaper","$v":"壁纸"},{"$i":"kai-existing-contact-image","$v":"现有联系人图片"},{"$i":"kai-zoom","$v":"缩放"},{"$i":"kai-zoom-in","$v":"放大"},{"$i":"kai-zoom-out","$v":"缩小"},{"$i":"kai-file-info","$v":"文件信息"},{"$i":"kai-select-multiple","$v":"选择多个"},{"$i":"kai-invalid-name","$v":"名称无效"},{"$i":"kai-name-already-exists","$v":"此名称已存在"},{"$i":"kai-override-warning-msg","$v":"是否覆盖现有图片？"},{"$i":"kai-override","$v":"覆盖"},{"$i":"kai-edit-title","$v":"编辑图片"},{"$i":"kai-edit-exposure","$v":"曝光"},{"$i":"kai-edit-crop","$v":"剪裁"},{"$i":"kai-edit-rotate","$v":"旋转"},{"$i":"kai-edit-filters","$v":"滤镜"},{"$i":"kai-edit-auto-correct","$v":"自动更正"},{"$i":"edit-exposure","ariaLabel":"曝光"},{"$i":"edit-crop","ariaLabel":"剪裁"},{"$i":"edit-rotate","ariaLabel":"旋转"},{"$i":"edit-filters","ariaLabel":"滤镜"},{"$i":"edit-auto-correct","ariaLabel":"自动更正"},{"$i":"kai-crop-none","$v":"取消剪裁"},{"$i":"kai-crop-aspect-free","$v":"默认"},{"$i":"kai-crop-aspect-portrait","$v":"2:3"},{"$i":"kai-crop-aspect-landscape","$v":"3:2"},{"$i":"kai-crop-aspect-square","$v":"1:1"},{"$i":"crop-none","ariaLabel":"取消剪裁"},{"$i":"crop-aspect-free","ariaLabel":"默认"},{"$i":"crop-aspect-portrait","ariaLabel":"2:3"},{"$i":"crop-aspect-landscape","ariaLabel":"3:2"},{"$i":"crop-aspect-square","ariaLabel":"1:1"},{"$i":"edit-filters-none","ariaLabel":"滤镜 1"},{"$i":"edit-filters-bw","ariaLabel":"滤镜 2"},{"$i":"edit-filters-sepia","ariaLabel":"滤镜 3"},{"$i":"edit-filters-bluesteel","ariaLabel":"滤镜 4"},{"$i":"edit-filters-faded","ariaLabel":"滤镜 5"},{"$i":"kai-rotate-cw","$v":"顺时针"},{"$i":"kai-rotate-ccw","$v":"逆时针"},{"$i":"original","$v":"原照片"},{"$i":"blackandwhite","$v":"黑白"},{"$i":"sepia","$v":"棕褐色"},{"$i":"freeform","$v":"自由变形"},{"$i":"portrait","$v":"纵向"},{"$i":"landscape","$v":"横向"},{"$i":"square","$v":"正方形"},{"$i":"emptygallery2-title","$v":"没有照片或视频"},{"$i":"emptygallery2-text","$v":"图库为空。使用相机以开始。"},{"$i":"emptygallery2-title-pick","$v":"没有照片"},{"$i":"emptygallery-text-pick","$v":"无可用图片。"},{"$i":"nocard3-title","$v":"无存储卡"},{"$i":"nocard4-text","$v":"插入存储卡以便使用此应用。"},{"$i":"pluggedin2-title","$v":"存储卡被占用"},{"$i":"pluggedin2-text","$v":"存储被占用。如需使用此应用，请拔下手机。"},{"$i":"scanning-title","$v":"扫描"},{"$i":"scanning-text","$v":"正在搜索照片…"},{"$i":"upgrade-title","$v":"数据库升级"},{"$i":"upgrade-text","$v":"图库正在更新其数据库，请等待。"},{"$i":"share-noprovider","$v":"无法共享此图片文件类型。"},{"$i":"memorycardfull","$v":"存储已满，无法编辑照片"},{"$i":"imagetoobig","$v":"图片太大，无法显示"},{"$i":"imageinvalid","$v":"图片无效或已损坏，无法显示"},{"$i":"saved","$v":[{"t":"idOrVar","v":"filename"}," 已保存至图库"]},{"$i":"edit-copy-saved","$v":"新的备份已保存。"},{"$i":"overlay-camera-button","$v":"前往相机"},{"$i":"name-label","$v":"名称"},{"$i":"size-label","$v":"大小"},{"$i":"image-type-label","$v":"图片类型"},{"$i":"kai-date-and-time-label","$v":"日期和时间"},{"$i":"date-taken-label","$v":"拍摄日期"},{"$i":"resolution-label","$v":"分辨率"},{"$i":"close-button","$v":"关闭"},{"$i":"path-label","$v":"路径"},{"$i":"sd-card","$v":"SD卡"},{"$i":"internal","$v":"内部"},{"$i":"byteUnit-B","$v":"字节"},{"$i":"byteUnit-KB","$v":"KB"},{"$i":"byteUnit-MB","$v":"MB"},{"$i":"byteUnit-GB","$v":"GB"},{"$i":"gallery","$v":"图库"},{"$i":"preview","$v":"预览"},{"$i":"kai-confirmation","$v":"确认"},{"$i":"kai-delete-this-image","$v":"删除照片？"},{"$i":"kai-delete-selected-image","$v":"删除已选照片？"},{"$i":"kai-delete-selected-images","$v":"删除已选照片？"},{"$i":"kai-sort-by","$v":"排序依据"},{"$i":"kai-group-by-date-and-location","$v":"按日期分组"},{"$i":"kai-error","$v":"错误"},{"$i":"kai-error-delete-locked-image","$v":"所选图片已锁定，无法删除！"},{"$i":"kai-error-delete-locked-images","$v":"所选图片含已锁定图片，无法删除！"},{"$i":"kai-enter-new-name","$v":"输入新名称"},{"$i":"sort-and-group","$v":"排序和分组"},{"$i":"time_am","$v":"上午"},{"$i":"time_pm","$v":"下午"},{"$i":"date-group-header","$v":"%B %Y"},{"$i":"videoDescriptionShort","$v":"视频日期 %I:%M %p, %B %e, %Y"},{"$i":"imageDescriptionShort","$v":"图片日期 %I:%M %p, %B %e, %Y"},{"$i":"editImagePreview","ariaLabel":"编辑图片预览"},{"$i":"kai-pickoneimage","$v":"选择照片"},{"$i":"discard-changes-warning","$v":"所有更改将丢失。是否放弃更改？"},{"$i":"save-changes-warning","$v":"所有更改将丢失。是否保存更改？"},{"$i":"discard","$v":"舍弃"},{"$i":"camera","$v":"相机"},{"$i":"phone-is-full-title","$v":"手机存储已满。"},{"$i":"sd-card-is-full-title","$v":"SD 卡已满"},{"$i":"phone-is-full-content","$v":"删除媒体文件或应用数据以释放空间。也可以插入 SD 卡以扩展媒体存储空间。"},{"$i":"sd-card-is-full-content","$v":"删除 SD 卡中的文件以释放空间。"},{"$i":"imageDescription","$v":[{"t":"idOrVar","v":"orientation"}," 图片, %I:%M %p, %B %e, %Y"]},{"$i":"imageDescriptionNoTimestamp","$v":[{"t":"idOrVar","v":"orientation"}," 图片"]},{"$i":"videoDescription","$v":[{"t":"idOrVar","v":"orientation"}," 视频, %I:%M %p, %B %e, %Y"]},{"$i":"videoDescriptionNoTimestamp","$v":[{"t":"idOrVar","v":"orientation"}," 视频"]},{"$i":"orientationPortrait","$v":"纵向"},{"$i":"orientationLandscape","$v":"横向"},{"$i":"playbackPlay","ariaLabel":"播放"},{"$i":"playbackPause","ariaLabel":"暂停"},{"$i":"playbackNext","ariaLabel":"下一曲"},{"$i":"playbackPrevious","ariaLabel":"上一曲"},{"$i":"playbackFullscreen","ariaLabel":"全屏"},{"$i":"playbackSeekBar","ariaLabel":["拖动条，时长 ",{"t":"idOrVar","v":"duration"}]},{"$i":"weekday-0-long","$v":"周日"},{"$i":"weekday-1-long","$v":"周一"},{"$i":"weekday-2-long","$v":"周二"},{"$i":"weekday-3-long","$v":"周三"},{"$i":"weekday-4-long","$v":"周四"},{"$i":"weekday-5-long","$v":"周五"},{"$i":"weekday-6-long","$v":"周六"},{"$i":"weekday-0-short","$v":"周日"},{"$i":"weekday-1-short","$v":"周一"},{"$i":"weekday-2-short","$v":"周二"},{"$i":"weekday-3-short","$v":"周三"},{"$i":"weekday-4-short","$v":"周四"},{"$i":"weekday-5-short","$v":"周五"},{"$i":"weekday-6-short","$v":"周六"},{"$i":"month-0-long","$v":"一月"},{"$i":"month-1-long","$v":"二月"},{"$i":"month-2-long","$v":"三月"},{"$i":"month-3-long","$v":"四月"},{"$i":"month-4-long","$v":"五月"},{"$i":"month-5-long","$v":"六月"},{"$i":"month-6-long","$v":"七月"},{"$i":"month-7-long","$v":"八月"},{"$i":"month-8-long","$v":"九月"},{"$i":"month-9-long","$v":"十月"},{"$i":"month-10-long","$v":"十一月"},{"$i":"month-11-long","$v":"十二月"},{"$i":"month-0-genitive","$v":"一月"},{"$i":"month-1-genitive","$v":"二月"},{"$i":"month-2-genitive","$v":"三月"},{"$i":"month-3-genitive","$v":"四月"},{"$i":"month-4-genitive","$v":"五月"},{"$i":"month-5-genitive","$v":"六月"},{"$i":"month-6-genitive","$v":"七月"},{"$i":"month-7-genitive","$v":"八月"},{"$i":"month-8-genitive","$v":"九月"},{"$i":"month-9-genitive","$v":"十月"},{"$i":"month-10-genitive","$v":"十一月"},{"$i":"month-11-genitive","$v":"十二月"},{"$i":"month-0-short","$v":"1 月"},{"$i":"month-1-short","$v":"2 月"},{"$i":"month-2-short","$v":"3 月"},{"$i":"month-3-short","$v":"4 月"},{"$i":"month-4-short","$v":"5 月"},{"$i":"month-5-short","$v":"6 月"},{"$i":"month-6-short","$v":"7 月"},{"$i":"month-7-short","$v":"8 月"},{"$i":"month-8-short","$v":"9 月"},{"$i":"month-9-short","$v":"10 月"},{"$i":"month-10-short","$v":"11 月"},{"$i":"month-11-short","$v":"12 月"},{"$i":"minutes-ago-long","$v":{"few":[{"t":"idOrVar","v":"value"}," 分钟前"],"many":[{"t":"idOrVar","v":"value"}," 分钟前"],"one":"一分钟前","other":[{"t":"idOrVar","v":"value"}," 分钟前"],"two":[{"t":"idOrVar","v":"value"}," 分钟前"],"zero":"刚刚"},"$x":[{"t":"idOrVar","v":"plural"},"value"]},{"$i":"hours-ago-long","$v":{"few":[{"t":"idOrVar","v":"value"}," 小时前"],"many":[{"t":"idOrVar","v":"value"}," 小时前"],"one":"一小时前","other":[{"t":"idOrVar","v":"value"}," 小时前"],"two":[{"t":"idOrVar","v":"value"}," 小时前"],"zero":"刚刚"},"$x":[{"t":"idOrVar","v":"plural"},"value"]},{"$i":"days-ago-long","$v":{"few":[{"t":"idOrVar","v":"value"}," 天前"],"many":[{"t":"idOrVar","v":"value"}," 天前"],"one":"昨天","other":[{"t":"idOrVar","v":"value"}," 天前"],"two":[{"t":"idOrVar","v":"value"}," 天前"],"zero":"今天"},"$x":[{"t":"idOrVar","v":"plural"},"value"]},{"$i":"weeks-ago-long","$v":{"few":[{"t":"idOrVar","v":"value"}," 周前"],"many":[{"t":"idOrVar","v":"value"}," 周前"],"one":"最近一周","other":[{"t":"idOrVar","v":"value"}," 周前"],"two":[{"t":"idOrVar","v":"value"}," 周前"],"zero":"本周"},"$x":[{"t":"idOrVar","v":"plural"},"value"]},{"$i":"months-ago-long","$v":{"few":[{"t":"idOrVar","v":"value"}," 月前"],"many":[{"t":"idOrVar","v":"value"}," 月前"],"one":"上月","other":[{"t":"idOrVar","v":"value"}," 月前"],"two":[{"t":"idOrVar","v":"value"}," 月前"],"zero":"本月"},"$x":[{"t":"idOrVar","v":"plural"},"value"]},{"$i":"years-ago-long","$v":{"few":[{"t":"idOrVar","v":"value"}," 年前"],"many":[{"t":"idOrVar","v":"value"}," 年前"],"one":"去年","other":[{"t":"idOrVar","v":"value"}," 年前"],"two":[{"t":"idOrVar","v":"value"}," 年前"],"zero":"今年"},"$x":[{"t":"idOrVar","v":"plural"},"value"]},{"$i":"minutes-until-long","$v":{"few":[{"t":"idOrVar","v":"value"}," 分钟内"],"many":[{"t":"idOrVar","v":"value"}," 分钟内"],"one":"一分钟内","other":[{"t":"idOrVar","v":"value"}," 分钟"],"two":[{"t":"idOrVar","v":"value"}," 分钟内"],"zero":"現在"},"$x":[{"t":"idOrVar","v":"plural"},"value"]},{"$i":"hours-until-long","$v":{"few":[{"t":"idOrVar","v":"value"}," 小时内"],"many":[{"t":"idOrVar","v":"value"}," 小时内"],"one":"一小时","other":[{"t":"idOrVar","v":"value"}," 小时内"],"two":[{"t":"idOrVar","v":"value"}," 小时"],"zero":"現在"},"$x":[{"t":"idOrVar","v":"plural"},"value"]},{"$i":"days-until-long","$v":{"few":[{"t":"idOrVar","v":"value"}," 天内"],"many":[{"t":"idOrVar","v":"value"}," 天内"],"one":"明天","other":[{"t":"idOrVar","v":"value"}," 天内"],"two":[{"t":"idOrVar","v":"value"}," 天内"],"zero":"今天"},"$x":[{"t":"idOrVar","v":"plural"},"value"]},{"$i":"weeks-until-long","$v":{"few":[{"t":"idOrVar","v":"value"}," 周内"],"many":[{"t":"idOrVar","v":"value"}," 周内"],"one":"下周","other":[{"t":"idOrVar","v":"value"}," 周内"],"two":[{"t":"idOrVar","v":"value"}," 周内"],"zero":"本周"},"$x":[{"t":"idOrVar","v":"plural"},"value"]},{"$i":"months-until-long","$v":{"few":[{"t":"idOrVar","v":"value"}," 个月内"],"many":[{"t":"idOrVar","v":"value"}," 个月内"],"one":"下个月","other":[{"t":"idOrVar","v":"value"}," 个月内"],"two":[{"t":"idOrVar","v":"value"}," 个月内"],"zero":"本月"},"$x":[{"t":"idOrVar","v":"plural"},"value"]},{"$i":"years-until-long","$v":{"few":[{"t":"idOrVar","v":"value"}," 年内"],"many":[{"t":"idOrVar","v":"value"}," 年内"],"one":"明年","other":[{"t":"idOrVar","v":"value"}," 年内"],"two":[{"t":"idOrVar","v":"value"}," 年内"],"zero":"今年"},"$x":[{"t":"idOrVar","v":"plural"},"value"]},{"$i":"minutes-ago-short","$v":{"other":[{"t":"idOrVar","v":"value"}," 分钟前"],"zero":"刚刚"},"$x":[{"t":"idOrVar","v":"plural"},"value"]},{"$i":"hours-ago-short","$v":{"other":[{"t":"idOrVar","v":"value"}," 小时前"],"zero":"刚刚"},"$x":[{"t":"idOrVar","v":"plural"},"value"]},{"$i":"days-ago-short","$v":{"other":[{"t":"idOrVar","v":"value"}," 天前"],"zero":"今天"},"$x":[{"t":"idOrVar","v":"plural"},"value"]},{"$i":"minutes-until-short","$v":{"other":[{"t":"idOrVar","v":"value"}," 分內"],"zero":"現在"},"$x":[{"t":"idOrVar","v":"plural"},"value"]},{"$i":"hours-until-short","$v":{"other":[{"t":"idOrVar","v":"value"}," 小时内"],"zero":"現在"},"$x":[{"t":"idOrVar","v":"plural"},"value"]},{"$i":"days-until-short","$v":{"other":[{"t":"idOrVar","v":"value"}," 天内"],"zero":"今天"},"$x":[{"t":"idOrVar","v":"plural"},"value"]},{"$i":"incorrectDate","$v":"（日期有误）"},{"$i":"dateTimeFormat_%c","$v":"%Y年%b%d日 %a %I:%M:%S %p"},{"$i":"dateTimeFormat_%x","$v":"%Y/%m/%d"},{"$i":"dateTimeFormat_%X","$v":"%I:%M:%S %p"},{"$i":"shortTimeFormat","$v":"%p %I:%M"},{"$i":"shortTimeFormat12","$v":"%p %I:%M"},{"$i":"shortTimeFormat24","$v":"%H:%M"},{"$i":"shortDateTimeFormat","$v":"%p %x %I:%M"},{"$i":"weekStartsOnMonday","$v":"0.0"},{"$i":"firstDayOfTheWeek","$v":"0.0"},{"$i":"softkey-options","$v":"选项"}]