[{"$i":"callLog","$v":"Oproepregister"},{"$i":"all","$v":"Almal"},{"$i":"missed","$v":"Gemis"},{"$i":"outgoing","$v":"Geskakel"},{"$i":"incoming","$v":"Ontvang"},{"$i":"missedCall","$v":"Gemiste oproep"},{"$i":"outgoingCall","$v":"Uitgaande oproepe"},{"$i":"incomingCall","$v":"Inkomende oproep"},{"$i":"rttCall","$v":"RTT oproep"},{"$i":"rtt-call","$v":"RTT OPROEP"},{"$i":"videoCall","$v":"Video-oproep"},{"$i":"call","$v":"Skakel"},{"$i":"options","$v":"Opsies"},{"$i":"callInformation","$v":"Oproepinligting"},{"$i":"sendSms","$v":"Stuur boodskap"},{"$i":"createNewContact","$v":"Skep nuwe kontak"},{"$i":"addToExistingContact","$v":"Voeg by bestaande kontak"},{"$i":"editCalllog","$v":"Wysig oproeplys"},{"$i":"withheld-number","$v":"Onbekend"},{"$i":"today","$v":"Vandag"},{"$i":"yesterday","$v":"Gister"},{"$i":"no-logs-msg-1","$v":"Geen oproepgeskiedenis nie"},{"$i":"no-logs-msg-2","$v":"Begin nou kommunikeer"},{"$i":"voicemail","$v":"Stempos"},{"$i":"emergencyNumber","$v":"Noodoproep"},{"$i":"select","$v":"Kies"},{"$i":"calllog-all","$v":"Almal"},{"$i":"delete","$v":"Skrap"},{"$i":"deselect","$v":"Deselekteer"},{"$i":"calllog-none","$v":"Geen"},{"$i":"checkedCount","$v":"gekies"},{"$i":"confirmation","$v":"Bevestiging"},{"$i":"deleteLog","$v":"Is jy seker jy wil die gekose inskrywings uit die Oproeplys skrap?"},{"$i":"delete-single-log","$v":["Is jy seker jy wil ",{"t":"idOrVar","v":"name"}," op die lys van oproepe uitvee?"]},{"$i":"blockContact","$v":"Jy sal nie oproepe of boodskappe ontvang van mense op die blokkeerlys nie."},{"$i":"no-recent-numbers","$v":"Daar is geen onlangse nommers in die oproepregister om te bel nie."},{"$i":"ok","$v":"Goed"},{"$i":"cancel","$v":"Kanselleer"},{"$i":"block","$v":"Blokkeer"},{"$i":"unblock","$v":"Deblokkeer"},{"$i":"deletedNotification","$v":[{"t":"idOrVar","v":"n"}," inskrywings was geskrap"]},{"$i":"deletedNotification-1","$v":{"few":[{"t":"idOrVar","v":"n"}," inskrywings was geskrap"],"many":[{"t":"idOrVar","v":"n"}," inskrywings was geskrap"],"other":[{"t":"idOrVar","v":"n"}," inskrywings was geskrap"],"two":[{"t":"idOrVar","v":"n"}," inskrywings was geskrap"],"one":"1 inskrywing is uitgevee"},"$x":[{"t":"idOrVar","v":"plural"},"n"]},{"$i":"durationHours","$v":{"few":[{"t":"idOrVar","v":"value"}," ure"],"many":[{"t":"idOrVar","v":"value"}," ure"],"one":"1 uur","other":[{"t":"idOrVar","v":"value"}," ure"],"two":[{"t":"idOrVar","v":"value"}," ure"],"zero":"0 uur"},"$x":[{"t":"idOrVar","v":"plural"},"value"]},{"$i":"durationMinutes","$v":{"few":[{"t":"idOrVar","v":"value"}," minute"],"many":[{"t":"idOrVar","v":"value"}," minute"],"one":"1 minuut","other":[{"t":"idOrVar","v":"value"}," minute"],"two":[{"t":"idOrVar","v":"value"}," minute"],"zero":"0 minuut"},"$x":[{"t":"idOrVar","v":"plural"},"value"]},{"$i":"durationSeconds","$v":{"few":[{"t":"idOrVar","v":"value"}," sekondes"],"many":[{"t":"idOrVar","v":"value"}," sekondes"],"one":"1 sekonde","other":[{"t":"idOrVar","v":"value"}," sekondes"],"two":[{"t":"idOrVar","v":"value"}," sekondes"],"zero":"0 sekonde"},"$x":[{"t":"idOrVar","v":"plural"},"value"]},{"$i":"mobile","$v":"Selfoon"},{"$i":"home","$v":"Tuis"},{"$i":"work","$v":"Werk"},{"$i":"personal","$v":"Persoonlik"},{"$i":"faxHome","$v":"Faks huis"},{"$i":"faxOffice","$v":"Faks kantoor"},{"$i":"faxOther","$v":"Faks ander"},{"$i":"callAirplaneModeTitle","$v":"Vliegtuigmodus geaktiveer"},{"$i":"callAirplaneModeMessage","$v":"Om ‘n oproep te maak moet jy vliegtuigmodus deaktiveer in instellings."},{"$i":"emergencyDialogTitle","$v":"Geen netwerkverbinding"},{"$i":"emergencyDialogBodyBadNumber","$v":"Om ‘n oproep te maak moet die telefoon aan ‘n netwerk gekoppel wees."},{"$i":"emergencyDialogBodyDeviceNotAccepted","$v":"Noodoproepe word nie deur die netwerk toegelaat nie."},{"$i":"invalidNumberToDialTitle","$v":"Ongeldige foonnommer."},{"$i":"invalidNumberToDialMessage","$v":"Die foonnommer wat jy skakel is ongeldig."},{"$i":"emergency-call-only","$v":"Slegs noodoproepe"},{"$i":"emergency-call-error","$v":[{"t":"idOrVar","v":"number"}," is nie ‘n noodnommer nie."]},{"$i":"numberIsBusyTitle","$v":"Nommer is beset"},{"$i":"numberIsBusyMessage","$v":"Die nommer is tans beset. Probeer asseblief later weer."},{"$i":"fdnIsActiveTitle","$v":"VBN aktief"},{"$i":"fdnIsActiveMessage","$v":["VBN (Vasgestelde Belnommers) is geaktiveer en die volgende nommer is nie in jou VBN-lys nie: ",{"t":"idOrVar","v":"number"}]},{"$i":"otherConnectionInUseTitle","$v":"Ander verbinding in gebruik"},{"$i":"otherConnectionInUseMessage","$v":"Jy het ‘n aktiewe oproep op ‘n ander verbinding. Jy kan slegs een verbinding op ‘n slag gebruik."},{"$i":"GenericFailure","$v":"Generiese mislukking"},{"$i":"CallFailed","$v":"Oproep het misluk"},{"$i":"weekday-0-long","$v":"Sunday"},{"$i":"weekday-1-long","$v":"Monday"},{"$i":"weekday-2-long","$v":"Tuesday"},{"$i":"weekday-3-long","$v":"Wednesday"},{"$i":"weekday-4-long","$v":"Thursday"},{"$i":"weekday-5-long","$v":"Friday"},{"$i":"weekday-6-long","$v":"Saturday"},{"$i":"weekday-0-short","$v":"Sun"},{"$i":"weekday-1-short","$v":"Mon"},{"$i":"weekday-2-short","$v":"Tue"},{"$i":"weekday-3-short","$v":"Wed"},{"$i":"weekday-4-short","$v":"Thu"},{"$i":"weekday-5-short","$v":"Fri"},{"$i":"weekday-6-short","$v":"Sat"},{"$i":"month-0-long","$v":"January"},{"$i":"month-1-long","$v":"February"},{"$i":"month-2-long","$v":"March"},{"$i":"month-3-long","$v":"April"},{"$i":"month-4-long","$v":"May"},{"$i":"month-5-long","$v":"June"},{"$i":"month-6-long","$v":"July"},{"$i":"month-7-long","$v":"August"},{"$i":"month-8-long","$v":"September"},{"$i":"month-9-long","$v":"October"},{"$i":"month-10-long","$v":"November"},{"$i":"month-11-long","$v":"December"},{"$i":"month-0-genitive","$v":"January"},{"$i":"month-1-genitive","$v":"February"},{"$i":"month-2-genitive","$v":"March"},{"$i":"month-3-genitive","$v":"April"},{"$i":"month-4-genitive","$v":"May"},{"$i":"month-5-genitive","$v":"June"},{"$i":"month-6-genitive","$v":"July"},{"$i":"month-7-genitive","$v":"August"},{"$i":"month-8-genitive","$v":"September"},{"$i":"month-9-genitive","$v":"October"},{"$i":"month-10-genitive","$v":"November"},{"$i":"month-11-genitive","$v":"December"},{"$i":"month-0-short","$v":"Jan"},{"$i":"month-1-short","$v":"Feb"},{"$i":"month-2-short","$v":"Mar"},{"$i":"month-3-short","$v":"Apr"},{"$i":"month-4-short","$v":"May"},{"$i":"month-5-short","$v":"Jun"},{"$i":"month-6-short","$v":"Jul"},{"$i":"month-7-short","$v":"Aug"},{"$i":"month-8-short","$v":"Sep"},{"$i":"month-9-short","$v":"Oct"},{"$i":"month-10-short","$v":"Nov"},{"$i":"month-11-short","$v":"Dec"},{"$i":"minutes-ago-long","$v":{"zero":"just now","one":"a minute ago","two":[{"t":"idOrVar","v":"value"}," minutes ago"],"few":[{"t":"idOrVar","v":"value"}," minutes ago"],"many":[{"t":"idOrVar","v":"value"}," minutes ago"],"other":[{"t":"idOrVar","v":"value"}," minutes ago"]},"$x":[{"t":"idOrVar","v":"plural"},"value"]},{"$i":"hours-ago-long","$v":{"zero":"just now","one":"an hour ago","two":[{"t":"idOrVar","v":"value"}," hours ago"],"few":[{"t":"idOrVar","v":"value"}," hours ago"],"many":[{"t":"idOrVar","v":"value"}," hours ago"],"other":[{"t":"idOrVar","v":"value"}," hours ago"]},"$x":[{"t":"idOrVar","v":"plural"},"value"]},{"$i":"days-ago-long","$v":{"zero":"today","one":"yesterday","two":[{"t":"idOrVar","v":"value"}," days ago"],"few":[{"t":"idOrVar","v":"value"}," days ago"],"many":[{"t":"idOrVar","v":"value"}," days ago"],"other":[{"t":"idOrVar","v":"value"}," days ago"]},"$x":[{"t":"idOrVar","v":"plural"},"value"]},{"$i":"weeks-ago-long","$v":{"zero":"this week","one":"last week","two":[{"t":"idOrVar","v":"value"}," weeks ago"],"few":[{"t":"idOrVar","v":"value"}," weeks ago"],"many":[{"t":"idOrVar","v":"value"}," weeks ago"],"other":[{"t":"idOrVar","v":"value"}," weeks ago"]},"$x":[{"t":"idOrVar","v":"plural"},"value"]},{"$i":"months-ago-long","$v":{"zero":"this month","one":"last month","two":[{"t":"idOrVar","v":"value"}," months ago"],"few":[{"t":"idOrVar","v":"value"}," months ago"],"many":[{"t":"idOrVar","v":"value"}," months ago"],"other":[{"t":"idOrVar","v":"value"}," months ago"]},"$x":[{"t":"idOrVar","v":"plural"},"value"]},{"$i":"years-ago-long","$v":{"zero":"this year","one":"last year","two":[{"t":"idOrVar","v":"value"}," years ago"],"few":[{"t":"idOrVar","v":"value"}," years ago"],"many":[{"t":"idOrVar","v":"value"}," years ago"],"other":[{"t":"idOrVar","v":"value"}," years ago"]},"$x":[{"t":"idOrVar","v":"plural"},"value"]},{"$i":"minutes-until-long","$v":{"zero":"now","one":"in a minute","two":["in ",{"t":"idOrVar","v":"value"}," minutes"],"few":["in ",{"t":"idOrVar","v":"value"}," minutes"],"many":["in ",{"t":"idOrVar","v":"value"}," minutes"],"other":["in ",{"t":"idOrVar","v":"value"}," minutes"]},"$x":[{"t":"idOrVar","v":"plural"},"value"]},{"$i":"hours-until-long","$v":{"zero":"now","one":"in an hour","two":["in ",{"t":"idOrVar","v":"value"}," hours"],"few":["in ",{"t":"idOrVar","v":"value"}," hours"],"many":["in ",{"t":"idOrVar","v":"value"}," hours"],"other":["in ",{"t":"idOrVar","v":"value"}," hours"]},"$x":[{"t":"idOrVar","v":"plural"},"value"]},{"$i":"days-until-long","$v":{"zero":"today","one":"tomorrow","two":["in ",{"t":"idOrVar","v":"value"}," days"],"few":["in ",{"t":"idOrVar","v":"value"}," days"],"many":["in ",{"t":"idOrVar","v":"value"}," days"],"other":["in ",{"t":"idOrVar","v":"value"}," days"]},"$x":[{"t":"idOrVar","v":"plural"},"value"]},{"$i":"weeks-until-long","$v":{"zero":"this week","one":"next week","two":["in ",{"t":"idOrVar","v":"value"}," weeks"],"few":["in ",{"t":"idOrVar","v":"value"}," weeks"],"many":["in ",{"t":"idOrVar","v":"value"}," weeks"],"other":["in ",{"t":"idOrVar","v":"value"}," weeks"]},"$x":[{"t":"idOrVar","v":"plural"},"value"]},{"$i":"months-until-long","$v":{"zero":"this month","one":"next month","two":["in ",{"t":"idOrVar","v":"value"}," months"],"few":["in ",{"t":"idOrVar","v":"value"}," months"],"many":["in ",{"t":"idOrVar","v":"value"}," months"],"other":["in ",{"t":"idOrVar","v":"value"}," months"]},"$x":[{"t":"idOrVar","v":"plural"},"value"]},{"$i":"years-until-long","$v":{"zero":"this year","one":"next year","two":["in ",{"t":"idOrVar","v":"value"}," years"],"few":["in ",{"t":"idOrVar","v":"value"}," years"],"many":["in ",{"t":"idOrVar","v":"value"}," years"],"other":["in ",{"t":"idOrVar","v":"value"}," years"]},"$x":[{"t":"idOrVar","v":"plural"},"value"]},{"$i":"minutes-ago-short","$v":{"zero":"just now","other":[{"t":"idOrVar","v":"value"},"m ago"]},"$x":[{"t":"idOrVar","v":"plural"},"value"]},{"$i":"hours-ago-short","$v":{"zero":"just now","other":[{"t":"idOrVar","v":"value"},"h ago"]},"$x":[{"t":"idOrVar","v":"plural"},"value"]},{"$i":"days-ago-short","$v":{"zero":"today","other":[{"t":"idOrVar","v":"value"},"d ago"]},"$x":[{"t":"idOrVar","v":"plural"},"value"]},{"$i":"minutes-until-short","$v":{"zero":"now","other":["in ",{"t":"idOrVar","v":"value"},"m"]},"$x":[{"t":"idOrVar","v":"plural"},"value"]},{"$i":"hours-until-short","$v":{"zero":"now","other":["in ",{"t":"idOrVar","v":"value"},"h"]},"$x":[{"t":"idOrVar","v":"plural"},"value"]},{"$i":"days-until-short","$v":{"zero":"today","other":["in ",{"t":"idOrVar","v":"value"},"d"]},"$x":[{"t":"idOrVar","v":"plural"},"value"]},{"$i":"incorrectDate","$v":"(incorrect date)"},{"$i":"dateTimeFormat_%c","$v":"%a %b %e %Y %I:%M:%S %p"},{"$i":"dateTimeFormat_%x","$v":"%m/%d/%Y"},{"$i":"dateTimeFormat_%X","$v":"%I:%M:%S %p"},{"$i":"shortTimeFormat","$v":"%I:%M %p"},{"$i":"shortTimeFormat12","$v":"%I:%M %p"},{"$i":"shortTimeFormat24","$v":"%H:%M"},{"$i":"shortDateTimeFormat","$v":"%x %I:%M %p"},{"$i":"weekStartsOnMonday","$v":"0"},{"$i":"firstDayOfTheWeek","$v":"0"},{"$i":"time_am","$v":"AM"},{"$i":"time_pm","$v":"PM"},{"$i":"sim-with-index-and-carrier","$v":["SIM ",{"t":"idOrVar","v":"index"}," - ",{"t":"idOrVar","v":"carrier"}]},{"$i":"sim-without-carrier","$v":["SIM ",{"t":"idOrVar","v":"index"}]}]