[{"$i":"callLog","$v":"سجل المكالمات"},{"$i":"all","$v":"الكل"},{"$i":"missed","$v":"مكالمة فائتة"},{"$i":"outgoing","$v":"تم الاتصال"},{"$i":"incoming","$v":"تم الاستلام"},{"$i":"missedCall","$v":"مكالمة فائتة"},{"$i":"outgoingCall","$v":"مكالمة صادرة"},{"$i":"incomingCall","$v":"مكالمة واردة"},{"$i":"rttCall","$v":"اتصال RTT"},{"$i":"rtt-call","$v":"اتصال RTT"},{"$i":"videoCall","$v":"مكالمة فيديو"},{"$i":"call","$v":"اتصال"},{"$i":"options","$v":"الخيارات"},{"$i":"callInformation","$v":"معلومات الاتصال"},{"$i":"sendSms","$v":"إرسال رسالة"},{"$i":"createNewContact","$v":"إنشاء جهة اتصال جديدة"},{"$i":"addToExistingContact","$v":"إضافة إلى جهة اتصال موجودة"},{"$i":"editCalllog","$v":"تحرير سجل المكالمات"},{"$i":"withheld-number","$v":"غير معروف"},{"$i":"today","$v":"اليوم"},{"$i":"yesterday","$v":"أمس"},{"$i":"no-logs-msg-1","$v":"لا سجل المكالمات"},{"$i":"no-logs-msg-2","$v":"بدء التواصل الآن"},{"$i":"voicemail","$v":"بريد صوتي"},{"$i":"emergencyNumber","$v":"مكالمة الطوارئ"},{"$i":"select","$v":"تحديد"},{"$i":"calllog-all","$v":"الكل"},{"$i":"delete","$v":"حذف"},{"$i":"deselect","$v":"إلغاء تحديد"},{"$i":"calllog-none","$v":"لا يوجد"},{"$i":"checkedCount","$v":"محدد"},{"$i":"confirmation","$v":"تأكيد"},{"$i":"deleteLog","$v":"هل تريد بالتأكيد حذف الإدخالات المحددة من سجل المكالمات؟"},{"$i":"delete-single-log","$v":["هل أنت متأكد من أنك تريد حذف ",{"t":"idOrVar","v":"name"}," من سجل المكالمات؟"]},{"$i":"blockContact","$v":"لن تتلقى مكالمات هاتفية ولا رسائل من أشخاص في قائمة الحظر."},{"$i":"no-recent-numbers","$v":"لا توجد أرقام حديثة في سجل المكالمات لطلبها."},{"$i":"ok","$v":"موافق"},{"$i":"cancel","$v":"ألغِ"},{"$i":"block","$v":"حظر"},{"$i":"unblock","$v":"إلغاء الحظر"},{"$i":"deletedNotification","$v":[{"t":"idOrVar","v":"n"}," إدخالات تم حذفها"]},{"$i":"deletedNotification-1","$v":{"few":[{"t":"idOrVar","v":"n"}," إدخالات تم حذفها"],"many":[{"t":"idOrVar","v":"n"}," إدخالات تم حذفها"],"other":[{"t":"idOrVar","v":"n"}," إدخالات تم حذفها"],"two":[{"t":"idOrVar","v":"n"}," إدخالات تم حذفها"],"one":"تم حذف 1 إدخال"},"$x":[{"t":"idOrVar","v":"plural"},"n"]},{"$i":"durationHours","$v":{"few":[{"t":"idOrVar","v":"value"}," ساعات"],"many":[{"t":"idOrVar","v":"value"}," ساعات"],"one":"ساعة واحدة","other":[{"t":"idOrVar","v":"value"}," ساعات"],"two":[{"t":"idOrVar","v":"value"}," ساعات"],"zero":"0 ساعة"},"$x":[{"t":"idOrVar","v":"plural"},"value"]},{"$i":"durationMinutes","$v":{"few":[{"t":"idOrVar","v":"value"}," دقائق"],"many":[{"t":"idOrVar","v":"value"}," دقائق"],"one":"دقيقة واحدة","other":[{"t":"idOrVar","v":"value"}," دقائق"],"two":[{"t":"idOrVar","v":"value"}," دقائق"],"zero":"0 دقيقة"},"$x":[{"t":"idOrVar","v":"plural"},"value"]},{"$i":"durationSeconds","$v":{"few":[{"t":"idOrVar","v":"value"}," ثوانٍ"],"many":[{"t":"idOrVar","v":"value"}," ثوانٍ"],"one":"ثانية واحدة","other":[{"t":"idOrVar","v":"value"}," ثوانٍ"],"two":[{"t":"idOrVar","v":"value"}," ثوانٍ"],"zero":"0 ثانية"},"$x":[{"t":"idOrVar","v":"plural"},"value"]},{"$i":"mobile","$v":"الهاتف المحمول"},{"$i":"home","$v":"المنزل"},{"$i":"work","$v":"العمل"},{"$i":"personal","$v":"شخصي"},{"$i":"faxHome","$v":"فاكس المنزل"},{"$i":"faxOffice","$v":"فاكس المكتب"},{"$i":"faxOther","$v":"فاكس آخر"},{"$i":"callAirplaneModeTitle","$v":"وضع الطيران مُفعّل"},{"$i":"callAirplaneModeMessage","$v":"لإجراء مكالمة، قم بإلغاء وضع الطيران من الاعدادات."},{"$i":"emergencyDialogTitle","$v":"لا يوجد اتصال بالشبكة"},{"$i":"emergencyDialogBodyBadNumber","$v":"للإتصال يجب أن يكون الجوال مُتصل بشبكة."},{"$i":"emergencyDialogBodyDeviceNotAccepted","$v":"مكالمات الطوارئ غير مسموحة من الشبكة."},{"$i":"invalidNumberToDialTitle","$v":"رقم هاتف غير صحيح"},{"$i":"invalidNumberToDialMessage","$v":"رقم الهاتف الذي تحاول الاتصال به غير صحيح"},{"$i":"emergency-call-only","$v":"مكالمات الطوارئ فقط"},{"$i":"emergency-call-error","$v":[{"t":"idOrVar","v":"number"}," ليس رقم طوارئ."]},{"$i":"numberIsBusyTitle","$v":"الرقم مشغول"},{"$i":"numberIsBusyMessage","$v":"الرقم مشغول حاليا. يرجى المحاولة مرة أخرى في وقت لاحق."},{"$i":"fdnIsActiveTitle","$v":"FDN نشطة"},{"$i":"fdnIsActiveMessage","$v":["تم تنشيط FDN (أرقام الطلب الثابت) والرقم التالي غير موجود في قائمة FDN الخاصة بك: ",{"t":"idOrVar","v":"number"}]},{"$i":"otherConnectionInUseTitle","$v":"وسيلة اتصال اخرى قيد الاستخدام"},{"$i":"otherConnectionInUseMessage","$v":"لديك مكالمة نشطة على اتصال آخر. يمكنك فقط استخدام اتصال واحد في كل مرة."},{"$i":"GenericFailure","$v":"فشل عام"},{"$i":"CallFailed","$v":"فشل الاتصال"},{"$i":"weekday-0-long","$v":"Sunday"},{"$i":"weekday-1-long","$v":"Monday"},{"$i":"weekday-2-long","$v":"Tuesday"},{"$i":"weekday-3-long","$v":"Wednesday"},{"$i":"weekday-4-long","$v":"Thursday"},{"$i":"weekday-5-long","$v":"Friday"},{"$i":"weekday-6-long","$v":"Saturday"},{"$i":"weekday-0-short","$v":"Sun"},{"$i":"weekday-1-short","$v":"Mon"},{"$i":"weekday-2-short","$v":"Tue"},{"$i":"weekday-3-short","$v":"Wed"},{"$i":"weekday-4-short","$v":"Thu"},{"$i":"weekday-5-short","$v":"Fri"},{"$i":"weekday-6-short","$v":"Sat"},{"$i":"month-0-long","$v":"January"},{"$i":"month-1-long","$v":"February"},{"$i":"month-2-long","$v":"March"},{"$i":"month-3-long","$v":"April"},{"$i":"month-4-long","$v":"May"},{"$i":"month-5-long","$v":"June"},{"$i":"month-6-long","$v":"July"},{"$i":"month-7-long","$v":"August"},{"$i":"month-8-long","$v":"September"},{"$i":"month-9-long","$v":"October"},{"$i":"month-10-long","$v":"November"},{"$i":"month-11-long","$v":"December"},{"$i":"month-0-genitive","$v":"January"},{"$i":"month-1-genitive","$v":"February"},{"$i":"month-2-genitive","$v":"March"},{"$i":"month-3-genitive","$v":"April"},{"$i":"month-4-genitive","$v":"May"},{"$i":"month-5-genitive","$v":"June"},{"$i":"month-6-genitive","$v":"July"},{"$i":"month-7-genitive","$v":"August"},{"$i":"month-8-genitive","$v":"September"},{"$i":"month-9-genitive","$v":"October"},{"$i":"month-10-genitive","$v":"November"},{"$i":"month-11-genitive","$v":"December"},{"$i":"month-0-short","$v":"Jan"},{"$i":"month-1-short","$v":"Feb"},{"$i":"month-2-short","$v":"Mar"},{"$i":"month-3-short","$v":"Apr"},{"$i":"month-4-short","$v":"May"},{"$i":"month-5-short","$v":"Jun"},{"$i":"month-6-short","$v":"Jul"},{"$i":"month-7-short","$v":"Aug"},{"$i":"month-8-short","$v":"Sep"},{"$i":"month-9-short","$v":"Oct"},{"$i":"month-10-short","$v":"Nov"},{"$i":"month-11-short","$v":"Dec"},{"$i":"minutes-ago-long","$v":{"zero":"just now","one":"a minute ago","two":[{"t":"idOrVar","v":"value"}," minutes ago"],"few":[{"t":"idOrVar","v":"value"}," minutes ago"],"many":[{"t":"idOrVar","v":"value"}," minutes ago"],"other":[{"t":"idOrVar","v":"value"}," minutes ago"]},"$x":[{"t":"idOrVar","v":"plural"},"value"]},{"$i":"hours-ago-long","$v":{"zero":"just now","one":"an hour ago","two":[{"t":"idOrVar","v":"value"}," hours ago"],"few":[{"t":"idOrVar","v":"value"}," hours ago"],"many":[{"t":"idOrVar","v":"value"}," hours ago"],"other":[{"t":"idOrVar","v":"value"}," hours ago"]},"$x":[{"t":"idOrVar","v":"plural"},"value"]},{"$i":"days-ago-long","$v":{"zero":"today","one":"yesterday","two":[{"t":"idOrVar","v":"value"}," days ago"],"few":[{"t":"idOrVar","v":"value"}," days ago"],"many":[{"t":"idOrVar","v":"value"}," days ago"],"other":[{"t":"idOrVar","v":"value"}," days ago"]},"$x":[{"t":"idOrVar","v":"plural"},"value"]},{"$i":"weeks-ago-long","$v":{"zero":"this week","one":"last week","two":[{"t":"idOrVar","v":"value"}," weeks ago"],"few":[{"t":"idOrVar","v":"value"}," weeks ago"],"many":[{"t":"idOrVar","v":"value"}," weeks ago"],"other":[{"t":"idOrVar","v":"value"}," weeks ago"]},"$x":[{"t":"idOrVar","v":"plural"},"value"]},{"$i":"months-ago-long","$v":{"zero":"this month","one":"last month","two":[{"t":"idOrVar","v":"value"}," months ago"],"few":[{"t":"idOrVar","v":"value"}," months ago"],"many":[{"t":"idOrVar","v":"value"}," months ago"],"other":[{"t":"idOrVar","v":"value"}," months ago"]},"$x":[{"t":"idOrVar","v":"plural"},"value"]},{"$i":"years-ago-long","$v":{"zero":"this year","one":"last year","two":[{"t":"idOrVar","v":"value"}," years ago"],"few":[{"t":"idOrVar","v":"value"}," years ago"],"many":[{"t":"idOrVar","v":"value"}," years ago"],"other":[{"t":"idOrVar","v":"value"}," years ago"]},"$x":[{"t":"idOrVar","v":"plural"},"value"]},{"$i":"minutes-until-long","$v":{"zero":"now","one":"in a minute","two":["in ",{"t":"idOrVar","v":"value"}," minutes"],"few":["in ",{"t":"idOrVar","v":"value"}," minutes"],"many":["in ",{"t":"idOrVar","v":"value"}," minutes"],"other":["in ",{"t":"idOrVar","v":"value"}," minutes"]},"$x":[{"t":"idOrVar","v":"plural"},"value"]},{"$i":"hours-until-long","$v":{"zero":"now","one":"in an hour","two":["in ",{"t":"idOrVar","v":"value"}," hours"],"few":["in ",{"t":"idOrVar","v":"value"}," hours"],"many":["in ",{"t":"idOrVar","v":"value"}," hours"],"other":["in ",{"t":"idOrVar","v":"value"}," hours"]},"$x":[{"t":"idOrVar","v":"plural"},"value"]},{"$i":"days-until-long","$v":{"zero":"today","one":"tomorrow","two":["in ",{"t":"idOrVar","v":"value"}," days"],"few":["in ",{"t":"idOrVar","v":"value"}," days"],"many":["in ",{"t":"idOrVar","v":"value"}," days"],"other":["in ",{"t":"idOrVar","v":"value"}," days"]},"$x":[{"t":"idOrVar","v":"plural"},"value"]},{"$i":"weeks-until-long","$v":{"zero":"this week","one":"next week","two":["in ",{"t":"idOrVar","v":"value"}," weeks"],"few":["in ",{"t":"idOrVar","v":"value"}," weeks"],"many":["in ",{"t":"idOrVar","v":"value"}," weeks"],"other":["in ",{"t":"idOrVar","v":"value"}," weeks"]},"$x":[{"t":"idOrVar","v":"plural"},"value"]},{"$i":"months-until-long","$v":{"zero":"this month","one":"next month","two":["in ",{"t":"idOrVar","v":"value"}," months"],"few":["in ",{"t":"idOrVar","v":"value"}," months"],"many":["in ",{"t":"idOrVar","v":"value"}," months"],"other":["in ",{"t":"idOrVar","v":"value"}," months"]},"$x":[{"t":"idOrVar","v":"plural"},"value"]},{"$i":"years-until-long","$v":{"zero":"this year","one":"next year","two":["in ",{"t":"idOrVar","v":"value"}," years"],"few":["in ",{"t":"idOrVar","v":"value"}," years"],"many":["in ",{"t":"idOrVar","v":"value"}," years"],"other":["in ",{"t":"idOrVar","v":"value"}," years"]},"$x":[{"t":"idOrVar","v":"plural"},"value"]},{"$i":"minutes-ago-short","$v":{"zero":"just now","other":[{"t":"idOrVar","v":"value"},"m ago"]},"$x":[{"t":"idOrVar","v":"plural"},"value"]},{"$i":"hours-ago-short","$v":{"zero":"just now","other":[{"t":"idOrVar","v":"value"},"h ago"]},"$x":[{"t":"idOrVar","v":"plural"},"value"]},{"$i":"days-ago-short","$v":{"zero":"today","other":[{"t":"idOrVar","v":"value"},"d ago"]},"$x":[{"t":"idOrVar","v":"plural"},"value"]},{"$i":"minutes-until-short","$v":{"zero":"now","other":["in ",{"t":"idOrVar","v":"value"},"m"]},"$x":[{"t":"idOrVar","v":"plural"},"value"]},{"$i":"hours-until-short","$v":{"zero":"now","other":["in ",{"t":"idOrVar","v":"value"},"h"]},"$x":[{"t":"idOrVar","v":"plural"},"value"]},{"$i":"days-until-short","$v":{"zero":"today","other":["in ",{"t":"idOrVar","v":"value"},"d"]},"$x":[{"t":"idOrVar","v":"plural"},"value"]},{"$i":"incorrectDate","$v":"(incorrect date)"},{"$i":"dateTimeFormat_%c","$v":"%a %b %e %Y %I:%M:%S %p"},{"$i":"dateTimeFormat_%x","$v":"%m/%d/%Y"},{"$i":"dateTimeFormat_%X","$v":"%I:%M:%S %p"},{"$i":"shortTimeFormat","$v":"%I:%M %p"},{"$i":"shortTimeFormat12","$v":"%I:%M %p"},{"$i":"shortTimeFormat24","$v":"%H:%M"},{"$i":"shortDateTimeFormat","$v":"%x %I:%M %p"},{"$i":"weekStartsOnMonday","$v":"0"},{"$i":"firstDayOfTheWeek","$v":"0"},{"$i":"time_am","$v":"AM"},{"$i":"time_pm","$v":"PM"},{"$i":"sim-with-index-and-carrier","$v":["SIM ",{"t":"idOrVar","v":"index"}," - ",{"t":"idOrVar","v":"carrier"}]},{"$i":"sim-without-carrier","$v":["SIM ",{"t":"idOrVar","v":"index"}]}]