[{"$i":"callLog","$v":"Zəng Jurnalı"},{"$i":"all","$v":"Hamısı"},{"$i":"missed","$v":"Buraxılan zənglər"},{"$i":"outgoing","$v":"Yığılıb"},{"$i":"incoming","$v":"Qəbul edilənlər"},{"$i":"missedCall","$v":"Buraxılmış zəng"},{"$i":"outgoingCall","$v":"Çıxan zəng"},{"$i":"incomingCall","$v":"Gələn Zəng"},{"$i":"rttCall","$v":"RTT zəngi"},{"$i":"rtt-call","$v":"RTT ZƏNGİ"},{"$i":"videoCall","$v":"Video zəng"},{"$i":"call","$v":"Zəng"},{"$i":"options","$v":"Seçimlər"},{"$i":"callInformation","$v":"Zəng Məlumatı"},{"$i":"sendSms","$v":"Mesajı göndər"},{"$i":"createNewContact","$v":"Yeni Kontakt yarat"},{"$i":"addToExistingContact","$v":"Mövcud Kontakta əlavə et"},{"$i":"editCalllog","$v":"zəng jurnalını redaktə et"},{"$i":"withheld-number","$v":"Naməlum"},{"$i":"today","$v":"Bu gün"},{"$i":"yesterday","$v":"Dünən"},{"$i":"no-logs-msg-1","$v":"Zəng tarixi yoxdur"},{"$i":"no-logs-msg-2","$v":"İndi ünsiyyətə başla"},{"$i":"voicemail","$v":"Səsli poçt"},{"$i":"emergencyNumber","$v":"Təcili nömrə"},{"$i":"select","$v":"Seç"},{"$i":"calllog-all","$v":"Hamısı"},{"$i":"delete","$v":"Sil"},{"$i":"deselect","$v":"Ləğv et"},{"$i":"calllog-none","$v":"Heç biri"},{"$i":"checkedCount","$v":"selected"},{"$i":"confirmation","$v":"Təsdiq"},{"$i":"deleteLog","$v":"Zəng jurnalından seçilmiş girişləri silmək istədiyinizə əminsiniz?"},{"$i":"delete-single-log","$v":[{"t":"idOrVar","v":"name"}," qeydini Zəng Jurnalından silmək istədiyinizə əminsiniz?"]},{"$i":"blockContact","$v":"Blok siyahısındakı şəxslərdən telefon zəngi, mesaj almayacaqsınız."},{"$i":"no-recent-numbers","$v":"Zəng Jurnalında yığmaq üçün son nömrələr yoxdur."},{"$i":"ok","$v":"OK"},{"$i":"cancel","$v":"Ləğv et"},{"$i":"block","$v":"Bloklayın"},{"$i":"unblock","$v":"Blokdan çıxartın"},{"$i":"deletedNotification","$v":[{"t":"idOrVar","v":"n"}," qeyd silindi"]},{"$i":"deletedNotification-1","$v":{"few":[{"t":"idOrVar","v":"n"}," qeyd silindi"],"many":[{"t":"idOrVar","v":"n"}," qeyd silindi"],"other":[{"t":"idOrVar","v":"n"}," qeyd silindi"],"two":[{"t":"idOrVar","v":"n"}," qeyd silindi"],"one":"1 qeyd silindi"},"$x":[{"t":"idOrVar","v":"plural"},"n"]},{"$i":"durationHours","$v":{"few":[{"t":"idOrVar","v":"value"}," saat"],"many":[{"t":"idOrVar","v":"value"}," saat"],"one":"1 saat","other":[{"t":"idOrVar","v":"value"}," saat"],"two":[{"t":"idOrVar","v":"value"}," saat"],"zero":"0 saat"},"$x":[{"t":"idOrVar","v":"plural"},"value"]},{"$i":"durationMinutes","$v":{"few":[{"t":"idOrVar","v":"value"}," dəqiqə"],"many":[{"t":"idOrVar","v":"value"}," dəqiqə"],"one":"1 dəqiqə","other":[{"t":"idOrVar","v":"value"}," dəqiqə"],"two":[{"t":"idOrVar","v":"value"}," dəqiqə"],"zero":"0 dəqiqə"},"$x":[{"t":"idOrVar","v":"plural"},"value"]},{"$i":"durationSeconds","$v":{"few":[{"t":"idOrVar","v":"value"}," saat"],"many":[{"t":"idOrVar","v":"value"}," saat"],"one":"1 saniyə","other":[{"t":"idOrVar","v":"value"}," saat"],"two":[{"t":"idOrVar","v":"value"}," saat"],"zero":"0 saniyə"},"$x":[{"t":"idOrVar","v":"plural"},"value"]},{"$i":"mobile","$v":"Mobil"},{"$i":"home","$v":"Ev"},{"$i":"work","$v":"İş"},{"$i":"personal","$v":"Şəxsi"},{"$i":"faxHome","$v":"Faks ev"},{"$i":"faxOffice","$v":"Faks ofis"},{"$i":"faxOther","$v":"Faks digər"},{"$i":"callAirplaneModeTitle","$v":"Təyyarə rejimi aktiv edildi"},{"$i":"callAirplaneModeMessage","$v":"Zəng etmək üçün parametrlərdə təyyarə rejimini qeyri-aktiv etməlisiniz."},{"$i":"emergencyDialogTitle","$v":"Heç bir şəbəkə bağlantısı yoxdur"},{"$i":"emergencyDialogBodyBadNumber","$v":"Zəng etmək üçün telefon şəbəkəyə qoşulmalıdır."},{"$i":"emergencyDialogBodyDeviceNotAccepted","$v":"Təcili zənglərə şəbəkə tərəfindən icazə verilmir."},{"$i":"invalidNumberToDialTitle","$v":"Yanlış telefon nömrəsi"},{"$i":"invalidNumberToDialMessage","$v":"Zəng etdiyiniz telefon nömrəsi etibarsızdır."},{"$i":"emergency-call-only","$v":"Yalnız Təcili Zəng"},{"$i":"emergency-call-error","$v":[{"t":"idOrVar","v":"number"}," təcili nömrə deyil."]},{"$i":"numberIsBusyTitle","$v":"Nömrə məşğuldur"},{"$i":"numberIsBusyMessage","$v":"Nömrə hazırda məşğuldur. Daha sonra yenidən cəhd edin."},{"$i":"fdnIsActiveTitle","$v":"FDN aktivdir"},{"$i":"fdnIsActiveMessage","$v":["FDN (Sabit Nömrə Yığımı Nömrələri) aktiv edildi və aşağıdakı nömrə FDN siyahınızda deyil: ",{"t":"idOrVar","v":"number"}]},{"$i":"otherConnectionInUseTitle","$v":"Dig bağl istif edilir"},{"$i":"otherConnectionInUseMessage","$v":"Sizin başqa bağlantıda aktiv zənginiz var. Eyni vaxtda yalnız bir bağlantı istifadə edə bilərsiniz."},{"$i":"GenericFailure","$v":"Ümumi uğursuzluq"},{"$i":"CallFailed","$v":"Zəng baş tutmadı"},{"$i":"weekday-0-long","$v":"Sunday"},{"$i":"weekday-1-long","$v":"Monday"},{"$i":"weekday-2-long","$v":"Tuesday"},{"$i":"weekday-3-long","$v":"Wednesday"},{"$i":"weekday-4-long","$v":"Thursday"},{"$i":"weekday-5-long","$v":"Friday"},{"$i":"weekday-6-long","$v":"Saturday"},{"$i":"weekday-0-short","$v":"Sun"},{"$i":"weekday-1-short","$v":"Mon"},{"$i":"weekday-2-short","$v":"Tue"},{"$i":"weekday-3-short","$v":"Wed"},{"$i":"weekday-4-short","$v":"Thu"},{"$i":"weekday-5-short","$v":"Fri"},{"$i":"weekday-6-short","$v":"Sat"},{"$i":"month-0-long","$v":"January"},{"$i":"month-1-long","$v":"February"},{"$i":"month-2-long","$v":"March"},{"$i":"month-3-long","$v":"April"},{"$i":"month-4-long","$v":"May"},{"$i":"month-5-long","$v":"June"},{"$i":"month-6-long","$v":"July"},{"$i":"month-7-long","$v":"August"},{"$i":"month-8-long","$v":"September"},{"$i":"month-9-long","$v":"October"},{"$i":"month-10-long","$v":"November"},{"$i":"month-11-long","$v":"December"},{"$i":"month-0-genitive","$v":"January"},{"$i":"month-1-genitive","$v":"February"},{"$i":"month-2-genitive","$v":"March"},{"$i":"month-3-genitive","$v":"April"},{"$i":"month-4-genitive","$v":"May"},{"$i":"month-5-genitive","$v":"June"},{"$i":"month-6-genitive","$v":"July"},{"$i":"month-7-genitive","$v":"August"},{"$i":"month-8-genitive","$v":"September"},{"$i":"month-9-genitive","$v":"October"},{"$i":"month-10-genitive","$v":"November"},{"$i":"month-11-genitive","$v":"December"},{"$i":"month-0-short","$v":"Jan"},{"$i":"month-1-short","$v":"Feb"},{"$i":"month-2-short","$v":"Mar"},{"$i":"month-3-short","$v":"Apr"},{"$i":"month-4-short","$v":"May"},{"$i":"month-5-short","$v":"Jun"},{"$i":"month-6-short","$v":"Jul"},{"$i":"month-7-short","$v":"Aug"},{"$i":"month-8-short","$v":"Sep"},{"$i":"month-9-short","$v":"Oct"},{"$i":"month-10-short","$v":"Nov"},{"$i":"month-11-short","$v":"Dec"},{"$i":"minutes-ago-long","$v":{"zero":"just now","one":"a minute ago","two":[{"t":"idOrVar","v":"value"}," minutes ago"],"few":[{"t":"idOrVar","v":"value"}," minutes ago"],"many":[{"t":"idOrVar","v":"value"}," minutes ago"],"other":[{"t":"idOrVar","v":"value"}," minutes ago"]},"$x":[{"t":"idOrVar","v":"plural"},"value"]},{"$i":"hours-ago-long","$v":{"zero":"just now","one":"an hour ago","two":[{"t":"idOrVar","v":"value"}," hours ago"],"few":[{"t":"idOrVar","v":"value"}," hours ago"],"many":[{"t":"idOrVar","v":"value"}," hours ago"],"other":[{"t":"idOrVar","v":"value"}," hours ago"]},"$x":[{"t":"idOrVar","v":"plural"},"value"]},{"$i":"days-ago-long","$v":{"zero":"today","one":"yesterday","two":[{"t":"idOrVar","v":"value"}," days ago"],"few":[{"t":"idOrVar","v":"value"}," days ago"],"many":[{"t":"idOrVar","v":"value"}," days ago"],"other":[{"t":"idOrVar","v":"value"}," days ago"]},"$x":[{"t":"idOrVar","v":"plural"},"value"]},{"$i":"weeks-ago-long","$v":{"zero":"this week","one":"last week","two":[{"t":"idOrVar","v":"value"}," weeks ago"],"few":[{"t":"idOrVar","v":"value"}," weeks ago"],"many":[{"t":"idOrVar","v":"value"}," weeks ago"],"other":[{"t":"idOrVar","v":"value"}," weeks ago"]},"$x":[{"t":"idOrVar","v":"plural"},"value"]},{"$i":"months-ago-long","$v":{"zero":"this month","one":"last month","two":[{"t":"idOrVar","v":"value"}," months ago"],"few":[{"t":"idOrVar","v":"value"}," months ago"],"many":[{"t":"idOrVar","v":"value"}," months ago"],"other":[{"t":"idOrVar","v":"value"}," months ago"]},"$x":[{"t":"idOrVar","v":"plural"},"value"]},{"$i":"years-ago-long","$v":{"zero":"this year","one":"last year","two":[{"t":"idOrVar","v":"value"}," years ago"],"few":[{"t":"idOrVar","v":"value"}," years ago"],"many":[{"t":"idOrVar","v":"value"}," years ago"],"other":[{"t":"idOrVar","v":"value"}," years ago"]},"$x":[{"t":"idOrVar","v":"plural"},"value"]},{"$i":"minutes-until-long","$v":{"zero":"now","one":"in a minute","two":["in ",{"t":"idOrVar","v":"value"}," minutes"],"few":["in ",{"t":"idOrVar","v":"value"}," minutes"],"many":["in ",{"t":"idOrVar","v":"value"}," minutes"],"other":["in ",{"t":"idOrVar","v":"value"}," minutes"]},"$x":[{"t":"idOrVar","v":"plural"},"value"]},{"$i":"hours-until-long","$v":{"zero":"now","one":"in an hour","two":["in ",{"t":"idOrVar","v":"value"}," hours"],"few":["in ",{"t":"idOrVar","v":"value"}," hours"],"many":["in ",{"t":"idOrVar","v":"value"}," hours"],"other":["in ",{"t":"idOrVar","v":"value"}," hours"]},"$x":[{"t":"idOrVar","v":"plural"},"value"]},{"$i":"days-until-long","$v":{"zero":"today","one":"tomorrow","two":["in ",{"t":"idOrVar","v":"value"}," days"],"few":["in ",{"t":"idOrVar","v":"value"}," days"],"many":["in ",{"t":"idOrVar","v":"value"}," days"],"other":["in ",{"t":"idOrVar","v":"value"}," days"]},"$x":[{"t":"idOrVar","v":"plural"},"value"]},{"$i":"weeks-until-long","$v":{"zero":"this week","one":"next week","two":["in ",{"t":"idOrVar","v":"value"}," weeks"],"few":["in ",{"t":"idOrVar","v":"value"}," weeks"],"many":["in ",{"t":"idOrVar","v":"value"}," weeks"],"other":["in ",{"t":"idOrVar","v":"value"}," weeks"]},"$x":[{"t":"idOrVar","v":"plural"},"value"]},{"$i":"months-until-long","$v":{"zero":"this month","one":"next month","two":["in ",{"t":"idOrVar","v":"value"}," months"],"few":["in ",{"t":"idOrVar","v":"value"}," months"],"many":["in ",{"t":"idOrVar","v":"value"}," months"],"other":["in ",{"t":"idOrVar","v":"value"}," months"]},"$x":[{"t":"idOrVar","v":"plural"},"value"]},{"$i":"years-until-long","$v":{"zero":"this year","one":"next year","two":["in ",{"t":"idOrVar","v":"value"}," years"],"few":["in ",{"t":"idOrVar","v":"value"}," years"],"many":["in ",{"t":"idOrVar","v":"value"}," years"],"other":["in ",{"t":"idOrVar","v":"value"}," years"]},"$x":[{"t":"idOrVar","v":"plural"},"value"]},{"$i":"minutes-ago-short","$v":{"zero":"just now","other":[{"t":"idOrVar","v":"value"},"m ago"]},"$x":[{"t":"idOrVar","v":"plural"},"value"]},{"$i":"hours-ago-short","$v":{"zero":"just now","other":[{"t":"idOrVar","v":"value"},"h ago"]},"$x":[{"t":"idOrVar","v":"plural"},"value"]},{"$i":"days-ago-short","$v":{"zero":"today","other":[{"t":"idOrVar","v":"value"},"d ago"]},"$x":[{"t":"idOrVar","v":"plural"},"value"]},{"$i":"minutes-until-short","$v":{"zero":"now","other":["in ",{"t":"idOrVar","v":"value"},"m"]},"$x":[{"t":"idOrVar","v":"plural"},"value"]},{"$i":"hours-until-short","$v":{"zero":"now","other":["in ",{"t":"idOrVar","v":"value"},"h"]},"$x":[{"t":"idOrVar","v":"plural"},"value"]},{"$i":"days-until-short","$v":{"zero":"today","other":["in ",{"t":"idOrVar","v":"value"},"d"]},"$x":[{"t":"idOrVar","v":"plural"},"value"]},{"$i":"incorrectDate","$v":"(incorrect date)"},{"$i":"dateTimeFormat_%c","$v":"%a %b %e %Y %I:%M:%S %p"},{"$i":"dateTimeFormat_%x","$v":"%m/%d/%Y"},{"$i":"dateTimeFormat_%X","$v":"%I:%M:%S %p"},{"$i":"shortTimeFormat","$v":"%I:%M %p"},{"$i":"shortTimeFormat12","$v":"%I:%M %p"},{"$i":"shortTimeFormat24","$v":"%H:%M"},{"$i":"shortDateTimeFormat","$v":"%x %I:%M %p"},{"$i":"weekStartsOnMonday","$v":"0"},{"$i":"firstDayOfTheWeek","$v":"0"},{"$i":"time_am","$v":"AM"},{"$i":"time_pm","$v":"PM"},{"$i":"sim-with-index-and-carrier","$v":["SIM ",{"t":"idOrVar","v":"index"}," - ",{"t":"idOrVar","v":"carrier"}]},{"$i":"sim-without-carrier","$v":["SIM ",{"t":"idOrVar","v":"index"}]}]