[{"$i":"callLog","$v":"Журнал выклікаў"},{"$i":"all","$v":"Усе"},{"$i":"missed","$v":"Прапушчаныя"},{"$i":"outgoing","$v":"Набрана"},{"$i":"incoming","$v":"Прынятыя"},{"$i":"missedCall","$v":"Прапушчаны выклік"},{"$i":"outgoingCall","$v":"Зыходны выклік"},{"$i":"incomingCall","$v":"Уваходны выклік"},{"$i":"rttCall","$v":"Выклік RTT"},{"$i":"rtt-call","$v":"ВЫКЛІК RTT"},{"$i":"videoCall","$v":"Відэавыклік"},{"$i":"call","$v":"Выклік"},{"$i":"options","$v":"Опцыі"},{"$i":"callInformation","$v":"Інфармацыя аб выкліку"},{"$i":"sendSms","$v":"Адправіць паведамленне"},{"$i":"createNewContact","$v":"Ствар. новы кантакт"},{"$i":"addToExistingContact","$v":"Дад. да існ. кант."},{"$i":"editCalllog","$v":"Рэдагаваць журнал выклікаў"},{"$i":"withheld-number","$v":"Невяд."},{"$i":"today","$v":"Сёння"},{"$i":"yesterday","$v":"Учора"},{"$i":"no-logs-msg-1","$v":"Няма гісторыі выклікаў"},{"$i":"no-logs-msg-2","$v":"Пачаць зносіны"},{"$i":"voicemail","$v":"Галасавая пошта"},{"$i":"emergencyNumber","$v":"Экстраны нумар"},{"$i":"select","$v":"Выбраць"},{"$i":"calllog-all","$v":"Усе"},{"$i":"delete","$v":"Выдаліць"},{"$i":"deselect","$v":"Адмяніць выбар"},{"$i":"calllog-none","$v":"Няма"},{"$i":"checkedCount","$v":"selected"},{"$i":"confirmation","$v":"Пацверджанне"},{"$i":"deleteLog","$v":"Напэўна хочаце выдаліць выбраныя запісы з журнала выклікаў?"},{"$i":"delete-single-log","$v":["Хочаце выдаліць запісы (",{"t":"idOrVar","v":"name"},") з журнала выклікаў?"]},{"$i":"blockContact","$v":"Вы не будзеце атрымліваць тэлефонныя выклікі, паведамленні ад людзей са спіса заблакіраваных."},{"$i":"no-recent-numbers","$v":"У журнале выклікаў няма нядаўніх нумароў для выкліку."},{"$i":"ok","$v":"ОК"},{"$i":"cancel","$v":"Скасаваць"},{"$i":"block","$v":"Блакіраваць"},{"$i":"unblock","$v":"адкрыць"},{"$i":"deletedNotification","$v":[{"t":"idOrVar","v":"n"}," элементы(-аў) выдалены(-а)"]},{"$i":"deletedNotification-1","$v":{"few":[{"t":"idOrVar","v":"n"}," элементы(-аў) выдалены(-а)"],"many":[{"t":"idOrVar","v":"n"}," элементы(-аў) выдалены(-а)"],"other":[{"t":"idOrVar","v":"n"}," элементы(-аў) выдалены(-а)"],"two":[{"t":"idOrVar","v":"n"}," элементы(-аў) выдалены(-а)"],"one":"Быў выдалены 1 запіс"},"$x":[{"t":"idOrVar","v":"plural"},"n"]},{"$i":"durationHours","$v":{"few":["Гадзіны: ",{"t":"idOrVar","v":"value"}],"many":["Гадзіны: ",{"t":"idOrVar","v":"value"}],"one":"1 гадзіна","other":["Гадзіны: ",{"t":"idOrVar","v":"value"}],"two":["Гадзіны: ",{"t":"idOrVar","v":"value"}],"zero":"0 гадзін"},"$x":[{"t":"idOrVar","v":"plural"},"value"]},{"$i":"durationMinutes","$v":{"few":["Хвіліны: ",{"t":"idOrVar","v":"value"}],"many":["Хвіліны: ",{"t":"idOrVar","v":"value"}],"one":"1 хвіліна","other":["Хвіліны: ",{"t":"idOrVar","v":"value"}],"two":["Хвіліны: ",{"t":"idOrVar","v":"value"}],"zero":"0 хвіліна"},"$x":[{"t":"idOrVar","v":"plural"},"value"]},{"$i":"durationSeconds","$v":{"few":["Гадзіны: ",{"t":"idOrVar","v":"value"}],"many":["Гадзіны: ",{"t":"idOrVar","v":"value"}],"one":"1 секунда","other":["Гадзіны: ",{"t":"idOrVar","v":"value"}],"two":["Гадзіны: ",{"t":"idOrVar","v":"value"}],"zero":"0 секунд"},"$x":[{"t":"idOrVar","v":"plural"},"value"]},{"$i":"mobile","$v":"Мабільны"},{"$i":"home","$v":"Хатні"},{"$i":"work","$v":"Праца"},{"$i":"personal","$v":"Персанальны"},{"$i":"faxHome","$v":"Хатні факс"},{"$i":"faxOffice","$v":"Працоўны факс"},{"$i":"faxOther","$v":"Іншы факс"},{"$i":"callAirplaneModeTitle","$v":"Рэжым \"У самалёце\" уключаны"},{"$i":"callAirplaneModeMessage","$v":"Каб зрабіць выклік, трэба адключыць рэжым \"У самалёце\" у настройках."},{"$i":"emergencyDialogTitle","$v":"Няма падключэння да сеткі"},{"$i":"emergencyDialogBodyBadNumber","$v":"Каб зрабіць выклік, тэлефон павінен быць падключаны да сеткі."},{"$i":"emergencyDialogBodyDeviceNotAccepted","$v":"Экстраныя выклікі не дазволены сеткай."},{"$i":"invalidNumberToDialTitle","$v":"Няправільны нумар тэлефона"},{"$i":"invalidNumberToDialMessage","$v":"Нумар тэлефона, па якім вы званіце, несапраўдны."},{"$i":"emergency-call-only","$v":"Толькі экстраны выклік"},{"$i":"emergency-call-error","$v":["Нумар ",{"t":"idOrVar","v":"number"}," не з'яўляецца экстраным."]},{"$i":"numberIsBusyTitle","$v":"Нумар заняты"},{"$i":"numberIsBusyMessage","$v":"Номер зараз заняты. Паўтарыце спробу пазней."},{"$i":"fdnIsActiveTitle","$v":"FDN актыўна"},{"$i":"fdnIsActiveMessage","$v":["Функцыя FDN (фіксаваны набор нумароў) уключана, і наступны нумар не знаходзіцца ў вашым спісе FDN: ",{"t":"idOrVar","v":"number"}]},{"$i":"otherConnectionInUseTitle","$v":"Выкар. іншае падкл."},{"$i":"otherConnectionInUseMessage","$v":"У вас актыўны выклік на іншым падлучэнні. Адначасова можна карыстацца толькі адным падлучэннем."},{"$i":"GenericFailure","$v":"Агульны збой"},{"$i":"CallFailed","$v":"Памылка выкліку"},{"$i":"weekday-0-long","$v":"Sunday"},{"$i":"weekday-1-long","$v":"Monday"},{"$i":"weekday-2-long","$v":"Tuesday"},{"$i":"weekday-3-long","$v":"Wednesday"},{"$i":"weekday-4-long","$v":"Thursday"},{"$i":"weekday-5-long","$v":"Friday"},{"$i":"weekday-6-long","$v":"Saturday"},{"$i":"weekday-0-short","$v":"Sun"},{"$i":"weekday-1-short","$v":"Mon"},{"$i":"weekday-2-short","$v":"Tue"},{"$i":"weekday-3-short","$v":"Wed"},{"$i":"weekday-4-short","$v":"Thu"},{"$i":"weekday-5-short","$v":"Fri"},{"$i":"weekday-6-short","$v":"Sat"},{"$i":"month-0-long","$v":"January"},{"$i":"month-1-long","$v":"February"},{"$i":"month-2-long","$v":"March"},{"$i":"month-3-long","$v":"April"},{"$i":"month-4-long","$v":"May"},{"$i":"month-5-long","$v":"June"},{"$i":"month-6-long","$v":"July"},{"$i":"month-7-long","$v":"August"},{"$i":"month-8-long","$v":"September"},{"$i":"month-9-long","$v":"October"},{"$i":"month-10-long","$v":"November"},{"$i":"month-11-long","$v":"December"},{"$i":"month-0-genitive","$v":"January"},{"$i":"month-1-genitive","$v":"February"},{"$i":"month-2-genitive","$v":"March"},{"$i":"month-3-genitive","$v":"April"},{"$i":"month-4-genitive","$v":"May"},{"$i":"month-5-genitive","$v":"June"},{"$i":"month-6-genitive","$v":"July"},{"$i":"month-7-genitive","$v":"August"},{"$i":"month-8-genitive","$v":"September"},{"$i":"month-9-genitive","$v":"October"},{"$i":"month-10-genitive","$v":"November"},{"$i":"month-11-genitive","$v":"December"},{"$i":"month-0-short","$v":"Jan"},{"$i":"month-1-short","$v":"Feb"},{"$i":"month-2-short","$v":"Mar"},{"$i":"month-3-short","$v":"Apr"},{"$i":"month-4-short","$v":"May"},{"$i":"month-5-short","$v":"Jun"},{"$i":"month-6-short","$v":"Jul"},{"$i":"month-7-short","$v":"Aug"},{"$i":"month-8-short","$v":"Sep"},{"$i":"month-9-short","$v":"Oct"},{"$i":"month-10-short","$v":"Nov"},{"$i":"month-11-short","$v":"Dec"},{"$i":"minutes-ago-long","$v":{"zero":"just now","one":"a minute ago","two":[{"t":"idOrVar","v":"value"}," minutes ago"],"few":[{"t":"idOrVar","v":"value"}," minutes ago"],"many":[{"t":"idOrVar","v":"value"}," minutes ago"],"other":[{"t":"idOrVar","v":"value"}," minutes ago"]},"$x":[{"t":"idOrVar","v":"plural"},"value"]},{"$i":"hours-ago-long","$v":{"zero":"just now","one":"an hour ago","two":[{"t":"idOrVar","v":"value"}," hours ago"],"few":[{"t":"idOrVar","v":"value"}," hours ago"],"many":[{"t":"idOrVar","v":"value"}," hours ago"],"other":[{"t":"idOrVar","v":"value"}," hours ago"]},"$x":[{"t":"idOrVar","v":"plural"},"value"]},{"$i":"days-ago-long","$v":{"zero":"today","one":"yesterday","two":[{"t":"idOrVar","v":"value"}," days ago"],"few":[{"t":"idOrVar","v":"value"}," days ago"],"many":[{"t":"idOrVar","v":"value"}," days ago"],"other":[{"t":"idOrVar","v":"value"}," days ago"]},"$x":[{"t":"idOrVar","v":"plural"},"value"]},{"$i":"weeks-ago-long","$v":{"zero":"this week","one":"last week","two":[{"t":"idOrVar","v":"value"}," weeks ago"],"few":[{"t":"idOrVar","v":"value"}," weeks ago"],"many":[{"t":"idOrVar","v":"value"}," weeks ago"],"other":[{"t":"idOrVar","v":"value"}," weeks ago"]},"$x":[{"t":"idOrVar","v":"plural"},"value"]},{"$i":"months-ago-long","$v":{"zero":"this month","one":"last month","two":[{"t":"idOrVar","v":"value"}," months ago"],"few":[{"t":"idOrVar","v":"value"}," months ago"],"many":[{"t":"idOrVar","v":"value"}," months ago"],"other":[{"t":"idOrVar","v":"value"}," months ago"]},"$x":[{"t":"idOrVar","v":"plural"},"value"]},{"$i":"years-ago-long","$v":{"zero":"this year","one":"last year","two":[{"t":"idOrVar","v":"value"}," years ago"],"few":[{"t":"idOrVar","v":"value"}," years ago"],"many":[{"t":"idOrVar","v":"value"}," years ago"],"other":[{"t":"idOrVar","v":"value"}," years ago"]},"$x":[{"t":"idOrVar","v":"plural"},"value"]},{"$i":"minutes-until-long","$v":{"zero":"now","one":"in a minute","two":["in ",{"t":"idOrVar","v":"value"}," minutes"],"few":["in ",{"t":"idOrVar","v":"value"}," minutes"],"many":["in ",{"t":"idOrVar","v":"value"}," minutes"],"other":["in ",{"t":"idOrVar","v":"value"}," minutes"]},"$x":[{"t":"idOrVar","v":"plural"},"value"]},{"$i":"hours-until-long","$v":{"zero":"now","one":"in an hour","two":["in ",{"t":"idOrVar","v":"value"}," hours"],"few":["in ",{"t":"idOrVar","v":"value"}," hours"],"many":["in ",{"t":"idOrVar","v":"value"}," hours"],"other":["in ",{"t":"idOrVar","v":"value"}," hours"]},"$x":[{"t":"idOrVar","v":"plural"},"value"]},{"$i":"days-until-long","$v":{"zero":"today","one":"tomorrow","two":["in ",{"t":"idOrVar","v":"value"}," days"],"few":["in ",{"t":"idOrVar","v":"value"}," days"],"many":["in ",{"t":"idOrVar","v":"value"}," days"],"other":["in ",{"t":"idOrVar","v":"value"}," days"]},"$x":[{"t":"idOrVar","v":"plural"},"value"]},{"$i":"weeks-until-long","$v":{"zero":"this week","one":"next week","two":["in ",{"t":"idOrVar","v":"value"}," weeks"],"few":["in ",{"t":"idOrVar","v":"value"}," weeks"],"many":["in ",{"t":"idOrVar","v":"value"}," weeks"],"other":["in ",{"t":"idOrVar","v":"value"}," weeks"]},"$x":[{"t":"idOrVar","v":"plural"},"value"]},{"$i":"months-until-long","$v":{"zero":"this month","one":"next month","two":["in ",{"t":"idOrVar","v":"value"}," months"],"few":["in ",{"t":"idOrVar","v":"value"}," months"],"many":["in ",{"t":"idOrVar","v":"value"}," months"],"other":["in ",{"t":"idOrVar","v":"value"}," months"]},"$x":[{"t":"idOrVar","v":"plural"},"value"]},{"$i":"years-until-long","$v":{"zero":"this year","one":"next year","two":["in ",{"t":"idOrVar","v":"value"}," years"],"few":["in ",{"t":"idOrVar","v":"value"}," years"],"many":["in ",{"t":"idOrVar","v":"value"}," years"],"other":["in ",{"t":"idOrVar","v":"value"}," years"]},"$x":[{"t":"idOrVar","v":"plural"},"value"]},{"$i":"minutes-ago-short","$v":{"zero":"just now","other":[{"t":"idOrVar","v":"value"},"m ago"]},"$x":[{"t":"idOrVar","v":"plural"},"value"]},{"$i":"hours-ago-short","$v":{"zero":"just now","other":[{"t":"idOrVar","v":"value"},"h ago"]},"$x":[{"t":"idOrVar","v":"plural"},"value"]},{"$i":"days-ago-short","$v":{"zero":"today","other":[{"t":"idOrVar","v":"value"},"d ago"]},"$x":[{"t":"idOrVar","v":"plural"},"value"]},{"$i":"minutes-until-short","$v":{"zero":"now","other":["in ",{"t":"idOrVar","v":"value"},"m"]},"$x":[{"t":"idOrVar","v":"plural"},"value"]},{"$i":"hours-until-short","$v":{"zero":"now","other":["in ",{"t":"idOrVar","v":"value"},"h"]},"$x":[{"t":"idOrVar","v":"plural"},"value"]},{"$i":"days-until-short","$v":{"zero":"today","other":["in ",{"t":"idOrVar","v":"value"},"d"]},"$x":[{"t":"idOrVar","v":"plural"},"value"]},{"$i":"incorrectDate","$v":"(incorrect date)"},{"$i":"dateTimeFormat_%c","$v":"%a %b %e %Y %I:%M:%S %p"},{"$i":"dateTimeFormat_%x","$v":"%m/%d/%Y"},{"$i":"dateTimeFormat_%X","$v":"%I:%M:%S %p"},{"$i":"shortTimeFormat","$v":"%I:%M %p"},{"$i":"shortTimeFormat12","$v":"%I:%M %p"},{"$i":"shortTimeFormat24","$v":"%H:%M"},{"$i":"shortDateTimeFormat","$v":"%x %I:%M %p"},{"$i":"weekStartsOnMonday","$v":"0"},{"$i":"firstDayOfTheWeek","$v":"0"},{"$i":"time_am","$v":"AM"},{"$i":"time_pm","$v":"PM"},{"$i":"sim-with-index-and-carrier","$v":["SIM ",{"t":"idOrVar","v":"index"}," - ",{"t":"idOrVar","v":"carrier"}]},{"$i":"sim-without-carrier","$v":["SIM ",{"t":"idOrVar","v":"index"}]}]