[{"$i":"callLog","$v":"Дневник на повикванията"},{"$i":"all","$v":"Всички"},{"$i":"missed","$v":"Пропуснати"},{"$i":"outgoing","$v":"Набран"},{"$i":"incoming","$v":"Получени"},{"$i":"missedCall","$v":"Пропуснато повикване"},{"$i":"outgoingCall","$v":"Изход. повикване"},{"$i":"incomingCall","$v":"Вход. повикване"},{"$i":"rttCall","$v":"RTT повикване"},{"$i":"rtt-call","$v":"RTT ПОВИКВАНЕ"},{"$i":"videoCall","$v":"Видеоразговор"},{"$i":"call","$v":"Повикване"},{"$i":"options","$v":"Опции"},{"$i":"callInformation","$v":"Инф. за повик."},{"$i":"sendSms","$v":"Изпрати съобщен."},{"$i":"createNewContact","$v":"Създ. нов контакт"},{"$i":"addToExistingContact","$v":"Добавяне към същ. контакт"},{"$i":"editCalllog","$v":"Ред. на дневника на повикванията"},{"$i":"withheld-number","$v":"Неизвестен"},{"$i":"today","$v":"Днес"},{"$i":"yesterday","$v":"Вчера"},{"$i":"no-logs-msg-1","$v":"Без история на обажданията"},{"$i":"no-logs-msg-2","$v":"Стартиране на комуник. сега"},{"$i":"voicemail","$v":"Гласова поща"},{"$i":"emergencyNumber","$v":"Спешен номер"},{"$i":"select","$v":"Избор"},{"$i":"calllog-all","$v":"Всички"},{"$i":"delete","$v":"Изтриване"},{"$i":"deselect","$v":"Размаркиране"},{"$i":"calllog-none","$v":"Няма"},{"$i":"checkedCount","$v":"selected"},{"$i":"confirmation","$v":"Потвърждаване"},{"$i":"deleteLog","$v":"Наистина ли искате да изтриете избраните записи от дневника на повикванията?"},{"$i":"delete-single-log","$v":["Наистина ли искате да изтриете ",{"t":"idOrVar","v":"name"}," от дневника на повикванията?"]},{"$i":"blockContact","$v":"Няма да получавате телефонни повиквания и съобщения от лица от списъка с блокирани."},{"$i":"no-recent-numbers","$v":"Няма скорошни номера за набиране в регистъра."},{"$i":"ok","$v":"ОК"},{"$i":"cancel","$v":"Отмяна"},{"$i":"block","$v":"Блокиране"},{"$i":"unblock","$v":"Отблокиране"},{"$i":"deletedNotification","$v":[{"t":"idOrVar","v":"n"}," елемента са изтрити"]},{"$i":"deletedNotification-1","$v":{"few":[{"t":"idOrVar","v":"n"}," елемента са изтрити"],"many":[{"t":"idOrVar","v":"n"}," елемента са изтрити"],"other":[{"t":"idOrVar","v":"n"}," елемента са изтрити"],"two":[{"t":"idOrVar","v":"n"}," елемента са изтрити"],"one":"1 запис е изтрит"},"$x":[{"t":"idOrVar","v":"plural"},"n"]},{"$i":"durationHours","$v":{"few":[{"t":"idOrVar","v":"value"}," часа"],"many":[{"t":"idOrVar","v":"value"}," часа"],"one":"1 час","other":[{"t":"idOrVar","v":"value"}," часа"],"two":[{"t":"idOrVar","v":"value"}," часа"],"zero":"0 час"},"$x":[{"t":"idOrVar","v":"plural"},"value"]},{"$i":"durationMinutes","$v":{"few":[{"t":"idOrVar","v":"value"}," минути"],"many":[{"t":"idOrVar","v":"value"}," минути"],"one":"1 минута","other":[{"t":"idOrVar","v":"value"}," минути"],"two":[{"t":"idOrVar","v":"value"}," минути"],"zero":"0 минута"},"$x":[{"t":"idOrVar","v":"plural"},"value"]},{"$i":"durationSeconds","$v":{"few":[{"t":"idOrVar","v":"value"}," часа"],"many":[{"t":"idOrVar","v":"value"}," часа"],"one":"1 секунда","other":[{"t":"idOrVar","v":"value"}," часа"],"two":[{"t":"idOrVar","v":"value"}," часа"],"zero":"0 секунда"},"$x":[{"t":"idOrVar","v":"plural"},"value"]},{"$i":"mobile","$v":"Мобилен"},{"$i":"home","$v":"Домашен"},{"$i":"work","$v":"Служебен"},{"$i":"personal","$v":"Лични"},{"$i":"faxHome","$v":"Факс в дома"},{"$i":"faxOffice","$v":"Факс в офиса"},{"$i":"faxOther","$v":"Факс др."},{"$i":"callAirplaneModeTitle","$v":"Режимът за самолет е акт."},{"$i":"callAirplaneModeMessage","$v":"За да се обадите, трябва да дезактивирате режима за самолет в настройките."},{"$i":"emergencyDialogTitle","$v":"Няма връзка с мрежа"},{"$i":"emergencyDialogBodyBadNumber","$v":"За да се обадите, телефонът трябва да е свързан с мрежа."},{"$i":"emergencyDialogBodyDeviceNotAccepted","$v":"Спешните повиквания не са разрешени от мрежата."},{"$i":"invalidNumberToDialTitle","$v":"Невалиден тел. номер"},{"$i":"invalidNumberToDialMessage","$v":"Телефонният номер, който набирате, не е валиден."},{"$i":"emergency-call-only","$v":"Само спешни повиквания"},{"$i":"emergency-call-error","$v":[{"t":"idOrVar","v":"number"}," не е спешен номер."]},{"$i":"numberIsBusyTitle","$v":"Номерът е зает"},{"$i":"numberIsBusyMessage","$v":"Номерът в момента е зает. Опитайте отново по-късно."},{"$i":"fdnIsActiveTitle","$v":"Активни FDN"},{"$i":"fdnIsActiveMessage","$v":["FDN (фиксирани номера за набиране) се активират и следният номер не е в списъка ви с FDN: ",{"t":"idOrVar","v":"number"}]},{"$i":"otherConnectionInUseTitle","$v":"Изп. друга връзка"},{"$i":"otherConnectionInUseMessage","$v":"Имате активно повикване на друга връзка. По едно и също време можете да използвате само една връзка."},{"$i":"GenericFailure","$v":"Общ неуспех"},{"$i":"CallFailed","$v":"Неусп. обаждане"},{"$i":"weekday-0-long","$v":"Sunday"},{"$i":"weekday-1-long","$v":"Monday"},{"$i":"weekday-2-long","$v":"Tuesday"},{"$i":"weekday-3-long","$v":"Wednesday"},{"$i":"weekday-4-long","$v":"Thursday"},{"$i":"weekday-5-long","$v":"Friday"},{"$i":"weekday-6-long","$v":"Saturday"},{"$i":"weekday-0-short","$v":"Sun"},{"$i":"weekday-1-short","$v":"Mon"},{"$i":"weekday-2-short","$v":"Tue"},{"$i":"weekday-3-short","$v":"Wed"},{"$i":"weekday-4-short","$v":"Thu"},{"$i":"weekday-5-short","$v":"Fri"},{"$i":"weekday-6-short","$v":"Sat"},{"$i":"month-0-long","$v":"January"},{"$i":"month-1-long","$v":"February"},{"$i":"month-2-long","$v":"March"},{"$i":"month-3-long","$v":"April"},{"$i":"month-4-long","$v":"May"},{"$i":"month-5-long","$v":"June"},{"$i":"month-6-long","$v":"July"},{"$i":"month-7-long","$v":"August"},{"$i":"month-8-long","$v":"September"},{"$i":"month-9-long","$v":"October"},{"$i":"month-10-long","$v":"November"},{"$i":"month-11-long","$v":"December"},{"$i":"month-0-genitive","$v":"January"},{"$i":"month-1-genitive","$v":"February"},{"$i":"month-2-genitive","$v":"March"},{"$i":"month-3-genitive","$v":"April"},{"$i":"month-4-genitive","$v":"May"},{"$i":"month-5-genitive","$v":"June"},{"$i":"month-6-genitive","$v":"July"},{"$i":"month-7-genitive","$v":"August"},{"$i":"month-8-genitive","$v":"September"},{"$i":"month-9-genitive","$v":"October"},{"$i":"month-10-genitive","$v":"November"},{"$i":"month-11-genitive","$v":"December"},{"$i":"month-0-short","$v":"Jan"},{"$i":"month-1-short","$v":"Feb"},{"$i":"month-2-short","$v":"Mar"},{"$i":"month-3-short","$v":"Apr"},{"$i":"month-4-short","$v":"May"},{"$i":"month-5-short","$v":"Jun"},{"$i":"month-6-short","$v":"Jul"},{"$i":"month-7-short","$v":"Aug"},{"$i":"month-8-short","$v":"Sep"},{"$i":"month-9-short","$v":"Oct"},{"$i":"month-10-short","$v":"Nov"},{"$i":"month-11-short","$v":"Dec"},{"$i":"minutes-ago-long","$v":{"zero":"just now","one":"a minute ago","two":[{"t":"idOrVar","v":"value"}," minutes ago"],"few":[{"t":"idOrVar","v":"value"}," minutes ago"],"many":[{"t":"idOrVar","v":"value"}," minutes ago"],"other":[{"t":"idOrVar","v":"value"}," minutes ago"]},"$x":[{"t":"idOrVar","v":"plural"},"value"]},{"$i":"hours-ago-long","$v":{"zero":"just now","one":"an hour ago","two":[{"t":"idOrVar","v":"value"}," hours ago"],"few":[{"t":"idOrVar","v":"value"}," hours ago"],"many":[{"t":"idOrVar","v":"value"}," hours ago"],"other":[{"t":"idOrVar","v":"value"}," hours ago"]},"$x":[{"t":"idOrVar","v":"plural"},"value"]},{"$i":"days-ago-long","$v":{"zero":"today","one":"yesterday","two":[{"t":"idOrVar","v":"value"}," days ago"],"few":[{"t":"idOrVar","v":"value"}," days ago"],"many":[{"t":"idOrVar","v":"value"}," days ago"],"other":[{"t":"idOrVar","v":"value"}," days ago"]},"$x":[{"t":"idOrVar","v":"plural"},"value"]},{"$i":"weeks-ago-long","$v":{"zero":"this week","one":"last week","two":[{"t":"idOrVar","v":"value"}," weeks ago"],"few":[{"t":"idOrVar","v":"value"}," weeks ago"],"many":[{"t":"idOrVar","v":"value"}," weeks ago"],"other":[{"t":"idOrVar","v":"value"}," weeks ago"]},"$x":[{"t":"idOrVar","v":"plural"},"value"]},{"$i":"months-ago-long","$v":{"zero":"this month","one":"last month","two":[{"t":"idOrVar","v":"value"}," months ago"],"few":[{"t":"idOrVar","v":"value"}," months ago"],"many":[{"t":"idOrVar","v":"value"}," months ago"],"other":[{"t":"idOrVar","v":"value"}," months ago"]},"$x":[{"t":"idOrVar","v":"plural"},"value"]},{"$i":"years-ago-long","$v":{"zero":"this year","one":"last year","two":[{"t":"idOrVar","v":"value"}," years ago"],"few":[{"t":"idOrVar","v":"value"}," years ago"],"many":[{"t":"idOrVar","v":"value"}," years ago"],"other":[{"t":"idOrVar","v":"value"}," years ago"]},"$x":[{"t":"idOrVar","v":"plural"},"value"]},{"$i":"minutes-until-long","$v":{"zero":"now","one":"in a minute","two":["in ",{"t":"idOrVar","v":"value"}," minutes"],"few":["in ",{"t":"idOrVar","v":"value"}," minutes"],"many":["in ",{"t":"idOrVar","v":"value"}," minutes"],"other":["in ",{"t":"idOrVar","v":"value"}," minutes"]},"$x":[{"t":"idOrVar","v":"plural"},"value"]},{"$i":"hours-until-long","$v":{"zero":"now","one":"in an hour","two":["in ",{"t":"idOrVar","v":"value"}," hours"],"few":["in ",{"t":"idOrVar","v":"value"}," hours"],"many":["in ",{"t":"idOrVar","v":"value"}," hours"],"other":["in ",{"t":"idOrVar","v":"value"}," hours"]},"$x":[{"t":"idOrVar","v":"plural"},"value"]},{"$i":"days-until-long","$v":{"zero":"today","one":"tomorrow","two":["in ",{"t":"idOrVar","v":"value"}," days"],"few":["in ",{"t":"idOrVar","v":"value"}," days"],"many":["in ",{"t":"idOrVar","v":"value"}," days"],"other":["in ",{"t":"idOrVar","v":"value"}," days"]},"$x":[{"t":"idOrVar","v":"plural"},"value"]},{"$i":"weeks-until-long","$v":{"zero":"this week","one":"next week","two":["in ",{"t":"idOrVar","v":"value"}," weeks"],"few":["in ",{"t":"idOrVar","v":"value"}," weeks"],"many":["in ",{"t":"idOrVar","v":"value"}," weeks"],"other":["in ",{"t":"idOrVar","v":"value"}," weeks"]},"$x":[{"t":"idOrVar","v":"plural"},"value"]},{"$i":"months-until-long","$v":{"zero":"this month","one":"next month","two":["in ",{"t":"idOrVar","v":"value"}," months"],"few":["in ",{"t":"idOrVar","v":"value"}," months"],"many":["in ",{"t":"idOrVar","v":"value"}," months"],"other":["in ",{"t":"idOrVar","v":"value"}," months"]},"$x":[{"t":"idOrVar","v":"plural"},"value"]},{"$i":"years-until-long","$v":{"zero":"this year","one":"next year","two":["in ",{"t":"idOrVar","v":"value"}," years"],"few":["in ",{"t":"idOrVar","v":"value"}," years"],"many":["in ",{"t":"idOrVar","v":"value"}," years"],"other":["in ",{"t":"idOrVar","v":"value"}," years"]},"$x":[{"t":"idOrVar","v":"plural"},"value"]},{"$i":"minutes-ago-short","$v":{"zero":"just now","other":[{"t":"idOrVar","v":"value"},"m ago"]},"$x":[{"t":"idOrVar","v":"plural"},"value"]},{"$i":"hours-ago-short","$v":{"zero":"just now","other":[{"t":"idOrVar","v":"value"},"h ago"]},"$x":[{"t":"idOrVar","v":"plural"},"value"]},{"$i":"days-ago-short","$v":{"zero":"today","other":[{"t":"idOrVar","v":"value"},"d ago"]},"$x":[{"t":"idOrVar","v":"plural"},"value"]},{"$i":"minutes-until-short","$v":{"zero":"now","other":["in ",{"t":"idOrVar","v":"value"},"m"]},"$x":[{"t":"idOrVar","v":"plural"},"value"]},{"$i":"hours-until-short","$v":{"zero":"now","other":["in ",{"t":"idOrVar","v":"value"},"h"]},"$x":[{"t":"idOrVar","v":"plural"},"value"]},{"$i":"days-until-short","$v":{"zero":"today","other":["in ",{"t":"idOrVar","v":"value"},"d"]},"$x":[{"t":"idOrVar","v":"plural"},"value"]},{"$i":"incorrectDate","$v":"(incorrect date)"},{"$i":"dateTimeFormat_%c","$v":"%a %b %e %Y %I:%M:%S %p"},{"$i":"dateTimeFormat_%x","$v":"%m/%d/%Y"},{"$i":"dateTimeFormat_%X","$v":"%I:%M:%S %p"},{"$i":"shortTimeFormat","$v":"%I:%M %p"},{"$i":"shortTimeFormat12","$v":"%I:%M %p"},{"$i":"shortTimeFormat24","$v":"%H:%M"},{"$i":"shortDateTimeFormat","$v":"%x %I:%M %p"},{"$i":"weekStartsOnMonday","$v":"0"},{"$i":"firstDayOfTheWeek","$v":"0"},{"$i":"time_am","$v":"AM"},{"$i":"time_pm","$v":"PM"},{"$i":"sim-with-index-and-carrier","$v":["SIM ",{"t":"idOrVar","v":"index"}," - ",{"t":"idOrVar","v":"carrier"}]},{"$i":"sim-without-carrier","$v":["SIM ",{"t":"idOrVar","v":"index"}]}]