[{"$i":"callLog","$v":"Protokol volání"},{"$i":"all","$v":"Vše"},{"$i":"missed","$v":"Nepřijaté"},{"$i":"outgoing","$v":"Vytočeno"},{"$i":"incoming","$v":"Přijato"},{"$i":"missedCall","$v":"Zmeškaný hovor"},{"$i":"outgoingCall","$v":"Odchozí hovor"},{"$i":"incomingCall","$v":"Příchozí volání"},{"$i":"rttCall","$v":"RTT hovor"},{"$i":"rtt-call","$v":"RTT HOVOR"},{"$i":"videoCall","$v":"Videohovor"},{"$i":"call","$v":"Volat"},{"$i":"options","$v":"Možnosti"},{"$i":"callInformation","$v":"Info o volání"},{"$i":"sendSms","$v":"Odeslat zprávu"},{"$i":"createNewContact","$v":"Vytvořit nový kontakt"},{"$i":"addToExistingContact","$v":"Přidat ke stáv. kontaktu"},{"$i":"editCalllog","$v":"Upravit protokol volání"},{"$i":"withheld-number","$v":"Neznámé"},{"$i":"today","$v":"Dnes"},{"$i":"yesterday","$v":"Včera"},{"$i":"no-logs-msg-1","$v":"Žádná historie volání"},{"$i":"no-logs-msg-2","$v":"Začít komunikovat"},{"$i":"voicemail","$v":"Hlas. pošta"},{"$i":"emergencyNumber","$v":"Číslo tísňového volání"},{"$i":"select","$v":"Vybrat"},{"$i":"calllog-all","$v":"Vše"},{"$i":"delete","$v":"Odstranit"},{"$i":"deselect","$v":"Zrušit výběr"},{"$i":"calllog-none","$v":"Žádný"},{"$i":"checkedCount","$v":"selected"},{"$i":"confirmation","$v":"Potvrzení"},{"$i":"deleteLog","$v":"Opravdu chcete odstranit z protokolu volání vybrané položky?"},{"$i":"delete-single-log","$v":["Opravdu chcete z protokolu volání odstranit kontakt ",{"t":"idOrVar","v":"name"},"?"]},{"$i":"blockContact","$v":"Lidé na seznamu blokovaných čísel vám nebudou moci volat ani zasílat zprávy."},{"$i":"no-recent-numbers","$v":"V protokolu volání nejsou žádná nedávná čísla, která lze vytočit."},{"$i":"ok","$v":"OK"},{"$i":"cancel","$v":"Zrušit"},{"$i":"block","$v":"Zablokovat"},{"$i":"unblock","$v":"Odblokovat"},{"$i":"deletedNotification","$v":["Počet odstraněných položek: ",{"t":"idOrVar","v":"n"}]},{"$i":"deletedNotification-1","$v":{"few":["Počet odstraněných položek: ",{"t":"idOrVar","v":"n"}],"many":["Počet odstraněných položek: ",{"t":"idOrVar","v":"n"}],"other":["Počet odstraněných položek: ",{"t":"idOrVar","v":"n"}],"two":["Počet odstraněných položek: ",{"t":"idOrVar","v":"n"}],"one":"Byla odstraněna 1 položka"},"$x":[{"t":"idOrVar","v":"plural"},"n"]},{"$i":"durationHours","$v":{"few":[{"t":"idOrVar","v":"value"}," hod."],"many":[{"t":"idOrVar","v":"value"}," hod."],"one":"1 hodina","other":[{"t":"idOrVar","v":"value"}," hod."],"two":[{"t":"idOrVar","v":"value"}," hod."],"zero":"0 hodina"},"$x":[{"t":"idOrVar","v":"plural"},"value"]},{"$i":"durationMinutes","$v":{"few":[{"t":"idOrVar","v":"value"}," min."],"many":[{"t":"idOrVar","v":"value"}," min."],"one":"1 minuta","other":[{"t":"idOrVar","v":"value"}," min."],"two":[{"t":"idOrVar","v":"value"}," min."],"zero":"0 minuta"},"$x":[{"t":"idOrVar","v":"plural"},"value"]},{"$i":"durationSeconds","$v":{"few":[{"t":"idOrVar","v":"value"}," sek."],"many":[{"t":"idOrVar","v":"value"}," sek."],"one":"1 s","other":[{"t":"idOrVar","v":"value"}," sek."],"two":[{"t":"idOrVar","v":"value"}," sek."],"zero":"0 s"},"$x":[{"t":"idOrVar","v":"plural"},"value"]},{"$i":"mobile","$v":"Mobilní"},{"$i":"home","$v":"Domů"},{"$i":"work","$v":"Práce"},{"$i":"personal","$v":"Osobní"},{"$i":"faxHome","$v":"Fax domů"},{"$i":"faxOffice","$v":"Fax pracovní"},{"$i":"faxOther","$v":"Fax jiný"},{"$i":"callAirplaneModeTitle","$v":"Režim letadla aktivován"},{"$i":"callAirplaneModeMessage","$v":"K uskutečnění hovoru je nutno v nastavení zakázat režim letadla."},{"$i":"emergencyDialogTitle","$v":"Žádné připojení k síti"},{"$i":"emergencyDialogBodyBadNumber","$v":"K uskutečnění hovoru je nutno telefon připojit k síti."},{"$i":"emergencyDialogBodyDeviceNotAccepted","$v":"Síť tísňová volání neumožňuje."},{"$i":"invalidNumberToDialTitle","$v":"Neplatné telefonní číslo"},{"$i":"invalidNumberToDialMessage","$v":"Volané telefonní číslo není platné."},{"$i":"emergency-call-only","$v":"Pouze tísňový hovor"},{"$i":"emergency-call-error","$v":[{"t":"idOrVar","v":"number"}," není číslo tísňové linky."]},{"$i":"numberIsBusyTitle","$v":"Číslo je obsazeno"},{"$i":"numberIsBusyMessage","$v":"Číslo je nyní obsazené. Zkuste to později znovu."},{"$i":"fdnIsActiveTitle","$v":"FDN aktivní"},{"$i":"fdnIsActiveMessage","$v":["Je aktivována funkce FDN (pevná vytáčecí čísla) a toto číslo není v seznam FDN: ",{"t":"idOrVar","v":"number"}]},{"$i":"otherConnectionInUseTitle","$v":"Používá se jiné připojení"},{"$i":"otherConnectionInUseMessage","$v":"Máte aktivní volání na dalším připojení. V jednom okamžiku lze použít jen jedno připojení."},{"$i":"GenericFailure","$v":"Obecné selhání"},{"$i":"CallFailed","$v":"Hovor se nezdařil"},{"$i":"weekday-0-long","$v":"Sunday"},{"$i":"weekday-1-long","$v":"Monday"},{"$i":"weekday-2-long","$v":"Tuesday"},{"$i":"weekday-3-long","$v":"Wednesday"},{"$i":"weekday-4-long","$v":"Thursday"},{"$i":"weekday-5-long","$v":"Friday"},{"$i":"weekday-6-long","$v":"Saturday"},{"$i":"weekday-0-short","$v":"Sun"},{"$i":"weekday-1-short","$v":"Mon"},{"$i":"weekday-2-short","$v":"Tue"},{"$i":"weekday-3-short","$v":"Wed"},{"$i":"weekday-4-short","$v":"Thu"},{"$i":"weekday-5-short","$v":"Fri"},{"$i":"weekday-6-short","$v":"Sat"},{"$i":"month-0-long","$v":"January"},{"$i":"month-1-long","$v":"February"},{"$i":"month-2-long","$v":"March"},{"$i":"month-3-long","$v":"April"},{"$i":"month-4-long","$v":"May"},{"$i":"month-5-long","$v":"June"},{"$i":"month-6-long","$v":"July"},{"$i":"month-7-long","$v":"August"},{"$i":"month-8-long","$v":"September"},{"$i":"month-9-long","$v":"October"},{"$i":"month-10-long","$v":"November"},{"$i":"month-11-long","$v":"December"},{"$i":"month-0-genitive","$v":"January"},{"$i":"month-1-genitive","$v":"February"},{"$i":"month-2-genitive","$v":"March"},{"$i":"month-3-genitive","$v":"April"},{"$i":"month-4-genitive","$v":"May"},{"$i":"month-5-genitive","$v":"June"},{"$i":"month-6-genitive","$v":"July"},{"$i":"month-7-genitive","$v":"August"},{"$i":"month-8-genitive","$v":"September"},{"$i":"month-9-genitive","$v":"October"},{"$i":"month-10-genitive","$v":"November"},{"$i":"month-11-genitive","$v":"December"},{"$i":"month-0-short","$v":"Jan"},{"$i":"month-1-short","$v":"Feb"},{"$i":"month-2-short","$v":"Mar"},{"$i":"month-3-short","$v":"Apr"},{"$i":"month-4-short","$v":"May"},{"$i":"month-5-short","$v":"Jun"},{"$i":"month-6-short","$v":"Jul"},{"$i":"month-7-short","$v":"Aug"},{"$i":"month-8-short","$v":"Sep"},{"$i":"month-9-short","$v":"Oct"},{"$i":"month-10-short","$v":"Nov"},{"$i":"month-11-short","$v":"Dec"},{"$i":"minutes-ago-long","$v":{"zero":"just now","one":"a minute ago","two":[{"t":"idOrVar","v":"value"}," minutes ago"],"few":[{"t":"idOrVar","v":"value"}," minutes ago"],"many":[{"t":"idOrVar","v":"value"}," minutes ago"],"other":[{"t":"idOrVar","v":"value"}," minutes ago"]},"$x":[{"t":"idOrVar","v":"plural"},"value"]},{"$i":"hours-ago-long","$v":{"zero":"just now","one":"an hour ago","two":[{"t":"idOrVar","v":"value"}," hours ago"],"few":[{"t":"idOrVar","v":"value"}," hours ago"],"many":[{"t":"idOrVar","v":"value"}," hours ago"],"other":[{"t":"idOrVar","v":"value"}," hours ago"]},"$x":[{"t":"idOrVar","v":"plural"},"value"]},{"$i":"days-ago-long","$v":{"zero":"today","one":"yesterday","two":[{"t":"idOrVar","v":"value"}," days ago"],"few":[{"t":"idOrVar","v":"value"}," days ago"],"many":[{"t":"idOrVar","v":"value"}," days ago"],"other":[{"t":"idOrVar","v":"value"}," days ago"]},"$x":[{"t":"idOrVar","v":"plural"},"value"]},{"$i":"weeks-ago-long","$v":{"zero":"this week","one":"last week","two":[{"t":"idOrVar","v":"value"}," weeks ago"],"few":[{"t":"idOrVar","v":"value"}," weeks ago"],"many":[{"t":"idOrVar","v":"value"}," weeks ago"],"other":[{"t":"idOrVar","v":"value"}," weeks ago"]},"$x":[{"t":"idOrVar","v":"plural"},"value"]},{"$i":"months-ago-long","$v":{"zero":"this month","one":"last month","two":[{"t":"idOrVar","v":"value"}," months ago"],"few":[{"t":"idOrVar","v":"value"}," months ago"],"many":[{"t":"idOrVar","v":"value"}," months ago"],"other":[{"t":"idOrVar","v":"value"}," months ago"]},"$x":[{"t":"idOrVar","v":"plural"},"value"]},{"$i":"years-ago-long","$v":{"zero":"this year","one":"last year","two":[{"t":"idOrVar","v":"value"}," years ago"],"few":[{"t":"idOrVar","v":"value"}," years ago"],"many":[{"t":"idOrVar","v":"value"}," years ago"],"other":[{"t":"idOrVar","v":"value"}," years ago"]},"$x":[{"t":"idOrVar","v":"plural"},"value"]},{"$i":"minutes-until-long","$v":{"zero":"now","one":"in a minute","two":["in ",{"t":"idOrVar","v":"value"}," minutes"],"few":["in ",{"t":"idOrVar","v":"value"}," minutes"],"many":["in ",{"t":"idOrVar","v":"value"}," minutes"],"other":["in ",{"t":"idOrVar","v":"value"}," minutes"]},"$x":[{"t":"idOrVar","v":"plural"},"value"]},{"$i":"hours-until-long","$v":{"zero":"now","one":"in an hour","two":["in ",{"t":"idOrVar","v":"value"}," hours"],"few":["in ",{"t":"idOrVar","v":"value"}," hours"],"many":["in ",{"t":"idOrVar","v":"value"}," hours"],"other":["in ",{"t":"idOrVar","v":"value"}," hours"]},"$x":[{"t":"idOrVar","v":"plural"},"value"]},{"$i":"days-until-long","$v":{"zero":"today","one":"tomorrow","two":["in ",{"t":"idOrVar","v":"value"}," days"],"few":["in ",{"t":"idOrVar","v":"value"}," days"],"many":["in ",{"t":"idOrVar","v":"value"}," days"],"other":["in ",{"t":"idOrVar","v":"value"}," days"]},"$x":[{"t":"idOrVar","v":"plural"},"value"]},{"$i":"weeks-until-long","$v":{"zero":"this week","one":"next week","two":["in ",{"t":"idOrVar","v":"value"}," weeks"],"few":["in ",{"t":"idOrVar","v":"value"}," weeks"],"many":["in ",{"t":"idOrVar","v":"value"}," weeks"],"other":["in ",{"t":"idOrVar","v":"value"}," weeks"]},"$x":[{"t":"idOrVar","v":"plural"},"value"]},{"$i":"months-until-long","$v":{"zero":"this month","one":"next month","two":["in ",{"t":"idOrVar","v":"value"}," months"],"few":["in ",{"t":"idOrVar","v":"value"}," months"],"many":["in ",{"t":"idOrVar","v":"value"}," months"],"other":["in ",{"t":"idOrVar","v":"value"}," months"]},"$x":[{"t":"idOrVar","v":"plural"},"value"]},{"$i":"years-until-long","$v":{"zero":"this year","one":"next year","two":["in ",{"t":"idOrVar","v":"value"}," years"],"few":["in ",{"t":"idOrVar","v":"value"}," years"],"many":["in ",{"t":"idOrVar","v":"value"}," years"],"other":["in ",{"t":"idOrVar","v":"value"}," years"]},"$x":[{"t":"idOrVar","v":"plural"},"value"]},{"$i":"minutes-ago-short","$v":{"zero":"just now","other":[{"t":"idOrVar","v":"value"},"m ago"]},"$x":[{"t":"idOrVar","v":"plural"},"value"]},{"$i":"hours-ago-short","$v":{"zero":"just now","other":[{"t":"idOrVar","v":"value"},"h ago"]},"$x":[{"t":"idOrVar","v":"plural"},"value"]},{"$i":"days-ago-short","$v":{"zero":"today","other":[{"t":"idOrVar","v":"value"},"d ago"]},"$x":[{"t":"idOrVar","v":"plural"},"value"]},{"$i":"minutes-until-short","$v":{"zero":"now","other":["in ",{"t":"idOrVar","v":"value"},"m"]},"$x":[{"t":"idOrVar","v":"plural"},"value"]},{"$i":"hours-until-short","$v":{"zero":"now","other":["in ",{"t":"idOrVar","v":"value"},"h"]},"$x":[{"t":"idOrVar","v":"plural"},"value"]},{"$i":"days-until-short","$v":{"zero":"today","other":["in ",{"t":"idOrVar","v":"value"},"d"]},"$x":[{"t":"idOrVar","v":"plural"},"value"]},{"$i":"incorrectDate","$v":"(incorrect date)"},{"$i":"dateTimeFormat_%c","$v":"%a %b %e %Y %I:%M:%S %p"},{"$i":"dateTimeFormat_%x","$v":"%m/%d/%Y"},{"$i":"dateTimeFormat_%X","$v":"%I:%M:%S %p"},{"$i":"shortTimeFormat","$v":"%I:%M %p"},{"$i":"shortTimeFormat12","$v":"%I:%M %p"},{"$i":"shortTimeFormat24","$v":"%H:%M"},{"$i":"shortDateTimeFormat","$v":"%x %I:%M %p"},{"$i":"weekStartsOnMonday","$v":"0"},{"$i":"firstDayOfTheWeek","$v":"0"},{"$i":"time_am","$v":"AM"},{"$i":"time_pm","$v":"PM"},{"$i":"sim-with-index-and-carrier","$v":["SIM ",{"t":"idOrVar","v":"index"}," - ",{"t":"idOrVar","v":"carrier"}]},{"$i":"sim-without-carrier","$v":["SIM ",{"t":"idOrVar","v":"index"}]}]