[{"$i":"callLog","$v":"Registro de llamadas"},{"$i":"all","$v":"Todo"},{"$i":"missed","$v":"Perdida"},{"$i":"outgoing","$v":"Marcado"},{"$i":"incoming","$v":"Recibida"},{"$i":"missedCall","$v":"Llamada perdida"},{"$i":"outgoingCall","$v":"Llamada saliente"},{"$i":"incomingCall","$v":"Llamada entrante"},{"$i":"rttCall","$v":"Llamada RTT"},{"$i":"rtt-call","$v":"LLAMADA RTT"},{"$i":"videoCall","$v":"Llamada de vídeo"},{"$i":"call","$v":"Llamar"},{"$i":"options","$v":"Opciones"},{"$i":"callInformation","$v":"Información de llamada"},{"$i":"sendSms","$v":"Enviar mensaje"},{"$i":"createNewContact","$v":"Crear contacto nuevo"},{"$i":"addToExistingContact","$v":"Añadir a contacto existente"},{"$i":"editCalllog","$v":"Editar registro de llamadas"},{"$i":"withheld-number","$v":"Desconocido"},{"$i":"today","$v":"Hoy"},{"$i":"yesterday","$v":"Ayer"},{"$i":"no-logs-msg-1","$v":"Sin historial de llamadas"},{"$i":"no-logs-msg-2","$v":"Iniciar la comunicación ahora"},{"$i":"voicemail","$v":"Buzón de voz"},{"$i":"emergencyNumber","$v":"Llamada de emergencia"},{"$i":"select","$v":"Seleccionar"},{"$i":"calllog-all","$v":"Todo"},{"$i":"delete","$v":"Eliminar"},{"$i":"deselect","$v":"Deseleccionar"},{"$i":"calllog-none","$v":"Ninguno"},{"$i":"checkedCount","$v":"seleccionado"},{"$i":"confirmation","$v":"Confirmación"},{"$i":"deleteLog","$v":"¿Seguro de que quiere eliminar las entradas seleccionadas del registro de llamadas?"},{"$i":"delete-single-log","$v":["¿Seguro de que quiere eliminar ",{"t":"idOrVar","v":"name"}," del registro de llamadas?"]},{"$i":"blockContact","$v":"No recibirá llamadas ni mensajes de las personas que se encuentren en la lista de bloqueos."},{"$i":"no-recent-numbers","$v":"No hay ningún número reciente en el registro de llamadas por marcar."},{"$i":"ok","$v":"Aceptar"},{"$i":"cancel","$v":"Cancelar"},{"$i":"block","$v":"Bloquear"},{"$i":"unblock","$v":"Desbloquear"},{"$i":"deletedNotification","$v":["Se han eliminado ",{"t":"idOrVar","v":"n"}," entradas"]},{"$i":"deletedNotification-1","$v":{"few":["Se han eliminado ",{"t":"idOrVar","v":"n"}," entradas"],"many":["Se han eliminado ",{"t":"idOrVar","v":"n"}," entradas"],"other":["Se han eliminado ",{"t":"idOrVar","v":"n"}," entradas"],"two":["Se han eliminado ",{"t":"idOrVar","v":"n"}," entradas"],"one":"Se ha eliminado una entrada"},"$x":[{"t":"idOrVar","v":"plural"},"n"]},{"$i":"durationHours","$v":{"few":[{"t":"idOrVar","v":"value"}," horas"],"many":[{"t":"idOrVar","v":"value"}," horas"],"one":"1 hora","other":[{"t":"idOrVar","v":"value"}," horas"],"two":[{"t":"idOrVar","v":"value"}," horas"],"zero":"0 horas"},"$x":[{"t":"idOrVar","v":"plural"},"value"]},{"$i":"durationMinutes","$v":{"few":[{"t":"idOrVar","v":"value"}," minutos"],"many":[{"t":"idOrVar","v":"value"}," minutos"],"one":"1 minuto","other":[{"t":"idOrVar","v":"value"}," minutos"],"two":[{"t":"idOrVar","v":"value"}," minutos"],"zero":"0 minutos"},"$x":[{"t":"idOrVar","v":"plural"},"value"]},{"$i":"durationSeconds","$v":{"few":[{"t":"idOrVar","v":"value"}," segundos"],"many":[{"t":"idOrVar","v":"value"}," segundos"],"one":"1 segundo","other":[{"t":"idOrVar","v":"value"}," segundos"],"two":[{"t":"idOrVar","v":"value"}," segundos"],"zero":"0 segundos"},"$x":[{"t":"idOrVar","v":"plural"},"value"]},{"$i":"mobile","$v":"Móvil"},{"$i":"home","$v":"Particular"},{"$i":"work","$v":"Trabajo"},{"$i":"personal","$v":"Personal"},{"$i":"faxHome","$v":"Fax particular"},{"$i":"faxOffice","$v":"Fax del trabajo"},{"$i":"faxOther","$v":"Otro fax"},{"$i":"callAirplaneModeTitle","$v":"Modo vuelo activado"},{"$i":"callAirplaneModeMessage","$v":"Para realizar una llamada, debe desactivar el modo vuelo en los ajustes."},{"$i":"emergencyDialogTitle","$v":"Sin conexión de red"},{"$i":"emergencyDialogBodyBadNumber","$v":"Para realizar una llamada, el teléfono debe estar conectado a una red."},{"$i":"emergencyDialogBodyDeviceNotAccepted","$v":"La red no permite llamadas de emergencia."},{"$i":"invalidNumberToDialTitle","$v":"Número de teléfono no válido"},{"$i":"invalidNumberToDialMessage","$v":"El número de teléfono al que está llamando no es válido."},{"$i":"emergency-call-only","$v":"Solo llamadas de emergencia"},{"$i":"emergency-call-error","$v":[{"t":"idOrVar","v":"number"}," no es un número de emergencia."]},{"$i":"numberIsBusyTitle","$v":"El número está ocupado"},{"$i":"numberIsBusyMessage","$v":"El número está ocupado. Vuelva a intentarlo más tarde."},{"$i":"fdnIsActiveTitle","$v":"Números de marcación fija activos"},{"$i":"fdnIsActiveMessage","$v":["Los números de marcación fija están activados y el número siguiente no se encuentra en la lista de dichos números: ",{"t":"idOrVar","v":"number"}]},{"$i":"otherConnectionInUseTitle","$v":"Hay otra conexión en uso"},{"$i":"otherConnectionInUseMessage","$v":"Tiene una llamada activa en otra conexión. ¿Solo puede utilizar una conexión a la vez."},{"$i":"GenericFailure","$v":"Error genérico"},{"$i":"CallFailed","$v":"Error en la llamada"},{"$i":"weekday-0-long","$v":"Sunday"},{"$i":"weekday-1-long","$v":"Monday"},{"$i":"weekday-2-long","$v":"Tuesday"},{"$i":"weekday-3-long","$v":"Wednesday"},{"$i":"weekday-4-long","$v":"Thursday"},{"$i":"weekday-5-long","$v":"Friday"},{"$i":"weekday-6-long","$v":"Saturday"},{"$i":"weekday-0-short","$v":"Sun"},{"$i":"weekday-1-short","$v":"Mon"},{"$i":"weekday-2-short","$v":"Tue"},{"$i":"weekday-3-short","$v":"Wed"},{"$i":"weekday-4-short","$v":"Thu"},{"$i":"weekday-5-short","$v":"Fri"},{"$i":"weekday-6-short","$v":"Sat"},{"$i":"month-0-long","$v":"January"},{"$i":"month-1-long","$v":"February"},{"$i":"month-2-long","$v":"March"},{"$i":"month-3-long","$v":"April"},{"$i":"month-4-long","$v":"May"},{"$i":"month-5-long","$v":"June"},{"$i":"month-6-long","$v":"July"},{"$i":"month-7-long","$v":"August"},{"$i":"month-8-long","$v":"September"},{"$i":"month-9-long","$v":"October"},{"$i":"month-10-long","$v":"November"},{"$i":"month-11-long","$v":"December"},{"$i":"month-0-genitive","$v":"January"},{"$i":"month-1-genitive","$v":"February"},{"$i":"month-2-genitive","$v":"March"},{"$i":"month-3-genitive","$v":"April"},{"$i":"month-4-genitive","$v":"May"},{"$i":"month-5-genitive","$v":"June"},{"$i":"month-6-genitive","$v":"July"},{"$i":"month-7-genitive","$v":"August"},{"$i":"month-8-genitive","$v":"September"},{"$i":"month-9-genitive","$v":"October"},{"$i":"month-10-genitive","$v":"November"},{"$i":"month-11-genitive","$v":"December"},{"$i":"month-0-short","$v":"Jan"},{"$i":"month-1-short","$v":"Feb"},{"$i":"month-2-short","$v":"Mar"},{"$i":"month-3-short","$v":"Apr"},{"$i":"month-4-short","$v":"May"},{"$i":"month-5-short","$v":"Jun"},{"$i":"month-6-short","$v":"Jul"},{"$i":"month-7-short","$v":"Aug"},{"$i":"month-8-short","$v":"Sep"},{"$i":"month-9-short","$v":"Oct"},{"$i":"month-10-short","$v":"Nov"},{"$i":"month-11-short","$v":"Dec"},{"$i":"minutes-ago-long","$v":{"zero":"just now","one":"a minute ago","two":[{"t":"idOrVar","v":"value"}," minutes ago"],"few":[{"t":"idOrVar","v":"value"}," minutes ago"],"many":[{"t":"idOrVar","v":"value"}," minutes ago"],"other":[{"t":"idOrVar","v":"value"}," minutes ago"]},"$x":[{"t":"idOrVar","v":"plural"},"value"]},{"$i":"hours-ago-long","$v":{"zero":"just now","one":"an hour ago","two":[{"t":"idOrVar","v":"value"}," hours ago"],"few":[{"t":"idOrVar","v":"value"}," hours ago"],"many":[{"t":"idOrVar","v":"value"}," hours ago"],"other":[{"t":"idOrVar","v":"value"}," hours ago"]},"$x":[{"t":"idOrVar","v":"plural"},"value"]},{"$i":"days-ago-long","$v":{"zero":"today","one":"yesterday","two":[{"t":"idOrVar","v":"value"}," days ago"],"few":[{"t":"idOrVar","v":"value"}," days ago"],"many":[{"t":"idOrVar","v":"value"}," days ago"],"other":[{"t":"idOrVar","v":"value"}," days ago"]},"$x":[{"t":"idOrVar","v":"plural"},"value"]},{"$i":"weeks-ago-long","$v":{"zero":"this week","one":"last week","two":[{"t":"idOrVar","v":"value"}," weeks ago"],"few":[{"t":"idOrVar","v":"value"}," weeks ago"],"many":[{"t":"idOrVar","v":"value"}," weeks ago"],"other":[{"t":"idOrVar","v":"value"}," weeks ago"]},"$x":[{"t":"idOrVar","v":"plural"},"value"]},{"$i":"months-ago-long","$v":{"zero":"this month","one":"last month","two":[{"t":"idOrVar","v":"value"}," months ago"],"few":[{"t":"idOrVar","v":"value"}," months ago"],"many":[{"t":"idOrVar","v":"value"}," months ago"],"other":[{"t":"idOrVar","v":"value"}," months ago"]},"$x":[{"t":"idOrVar","v":"plural"},"value"]},{"$i":"years-ago-long","$v":{"zero":"this year","one":"last year","two":[{"t":"idOrVar","v":"value"}," years ago"],"few":[{"t":"idOrVar","v":"value"}," years ago"],"many":[{"t":"idOrVar","v":"value"}," years ago"],"other":[{"t":"idOrVar","v":"value"}," years ago"]},"$x":[{"t":"idOrVar","v":"plural"},"value"]},{"$i":"minutes-until-long","$v":{"zero":"now","one":"in a minute","two":["in ",{"t":"idOrVar","v":"value"}," minutes"],"few":["in ",{"t":"idOrVar","v":"value"}," minutes"],"many":["in ",{"t":"idOrVar","v":"value"}," minutes"],"other":["in ",{"t":"idOrVar","v":"value"}," minutes"]},"$x":[{"t":"idOrVar","v":"plural"},"value"]},{"$i":"hours-until-long","$v":{"zero":"now","one":"in an hour","two":["in ",{"t":"idOrVar","v":"value"}," hours"],"few":["in ",{"t":"idOrVar","v":"value"}," hours"],"many":["in ",{"t":"idOrVar","v":"value"}," hours"],"other":["in ",{"t":"idOrVar","v":"value"}," hours"]},"$x":[{"t":"idOrVar","v":"plural"},"value"]},{"$i":"days-until-long","$v":{"zero":"today","one":"tomorrow","two":["in ",{"t":"idOrVar","v":"value"}," days"],"few":["in ",{"t":"idOrVar","v":"value"}," days"],"many":["in ",{"t":"idOrVar","v":"value"}," days"],"other":["in ",{"t":"idOrVar","v":"value"}," days"]},"$x":[{"t":"idOrVar","v":"plural"},"value"]},{"$i":"weeks-until-long","$v":{"zero":"this week","one":"next week","two":["in ",{"t":"idOrVar","v":"value"}," weeks"],"few":["in ",{"t":"idOrVar","v":"value"}," weeks"],"many":["in ",{"t":"idOrVar","v":"value"}," weeks"],"other":["in ",{"t":"idOrVar","v":"value"}," weeks"]},"$x":[{"t":"idOrVar","v":"plural"},"value"]},{"$i":"months-until-long","$v":{"zero":"this month","one":"next month","two":["in ",{"t":"idOrVar","v":"value"}," months"],"few":["in ",{"t":"idOrVar","v":"value"}," months"],"many":["in ",{"t":"idOrVar","v":"value"}," months"],"other":["in ",{"t":"idOrVar","v":"value"}," months"]},"$x":[{"t":"idOrVar","v":"plural"},"value"]},{"$i":"years-until-long","$v":{"zero":"this year","one":"next year","two":["in ",{"t":"idOrVar","v":"value"}," years"],"few":["in ",{"t":"idOrVar","v":"value"}," years"],"many":["in ",{"t":"idOrVar","v":"value"}," years"],"other":["in ",{"t":"idOrVar","v":"value"}," years"]},"$x":[{"t":"idOrVar","v":"plural"},"value"]},{"$i":"minutes-ago-short","$v":{"zero":"just now","other":[{"t":"idOrVar","v":"value"},"m ago"]},"$x":[{"t":"idOrVar","v":"plural"},"value"]},{"$i":"hours-ago-short","$v":{"zero":"just now","other":[{"t":"idOrVar","v":"value"},"h ago"]},"$x":[{"t":"idOrVar","v":"plural"},"value"]},{"$i":"days-ago-short","$v":{"zero":"today","other":[{"t":"idOrVar","v":"value"},"d ago"]},"$x":[{"t":"idOrVar","v":"plural"},"value"]},{"$i":"minutes-until-short","$v":{"zero":"now","other":["in ",{"t":"idOrVar","v":"value"},"m"]},"$x":[{"t":"idOrVar","v":"plural"},"value"]},{"$i":"hours-until-short","$v":{"zero":"now","other":["in ",{"t":"idOrVar","v":"value"},"h"]},"$x":[{"t":"idOrVar","v":"plural"},"value"]},{"$i":"days-until-short","$v":{"zero":"today","other":["in ",{"t":"idOrVar","v":"value"},"d"]},"$x":[{"t":"idOrVar","v":"plural"},"value"]},{"$i":"incorrectDate","$v":"(incorrect date)"},{"$i":"dateTimeFormat_%c","$v":"%a %b %e %Y %I:%M:%S %p"},{"$i":"dateTimeFormat_%x","$v":"%m/%d/%Y"},{"$i":"dateTimeFormat_%X","$v":"%I:%M:%S %p"},{"$i":"shortTimeFormat","$v":"%I:%M %p"},{"$i":"shortTimeFormat12","$v":"%I:%M %p"},{"$i":"shortTimeFormat24","$v":"%H:%M"},{"$i":"shortDateTimeFormat","$v":"%x %I:%M %p"},{"$i":"weekStartsOnMonday","$v":"0"},{"$i":"firstDayOfTheWeek","$v":"0"},{"$i":"time_am","$v":"AM"},{"$i":"time_pm","$v":"PM"},{"$i":"sim-with-index-and-carrier","$v":["SIM ",{"t":"idOrVar","v":"index"}," - ",{"t":"idOrVar","v":"carrier"}]},{"$i":"sim-without-carrier","$v":["SIM ",{"t":"idOrVar","v":"index"}]}]