[{"$i":"callLog","$v":"آمار تماس"},{"$i":"all","$v":"همه"},{"$i":"missed","$v":"بی پاسخ"},{"$i":"outgoing","$v":"شماره گیری شد"},{"$i":"incoming","$v":"دریافت شد"},{"$i":"missedCall","$v":"تماس بی پاسخ"},{"$i":"outgoingCall","$v":"تماس خروجی"},{"$i":"incomingCall","$v":"تماس ورودی"},{"$i":"rttCall","$v":"تماس RTT"},{"$i":"rtt-call","$v":"تماس RTT"},{"$i":"videoCall","$v":"تماس ویدیویی"},{"$i":"call","$v":"تماس"},{"$i":"options","$v":"گزینه ها"},{"$i":"callInformation","$v":"اطلاعات تماس"},{"$i":"sendSms","$v":"ارسال پيام"},{"$i":"createNewContact","$v":"ایجاد مخاطب جدید"},{"$i":"addToExistingContact","$v":"افزودن به مخاطب موجود"},{"$i":"editCalllog","$v":"ویرایش آمار تماس"},{"$i":"withheld-number","$v":"ناشناخته"},{"$i":"today","$v":"امروز"},{"$i":"yesterday","$v":"ديروز"},{"$i":"no-logs-msg-1","$v":"سابقه تماس وجود ندارد"},{"$i":"no-logs-msg-2","$v":"ارتباط اكنون شروع می شود"},{"$i":"voicemail","$v":"پست صوتی"},{"$i":"emergencyNumber","$v":"تماس اضطراری"},{"$i":"select","$v":"انتخاب"},{"$i":"calllog-all","$v":"همه"},{"$i":"delete","$v":"حذف"},{"$i":"deselect","$v":"عدم انتخاب"},{"$i":"calllog-none","$v":"هيچكدام"},{"$i":"checkedCount","$v":"انتخاب شد"},{"$i":"confirmation","$v":"تأييد"},{"$i":"deleteLog","$v":"مطمئنید می خواهید ورودی های انتخابی را از آمار تماس حذف کنید؟"},{"$i":"delete-single-log","$v":["مطمئنید می خواهید ",{"t":"idOrVar","v":"name"}," را از آمار تماس حذف کنید؟"]},{"$i":"blockContact","$v":"از افرادی که در لیست مسدود شده ها قرار دارند، تماس تلفنی و پیامی دریافت نمی کنید."},{"$i":"no-recent-numbers","$v":"شماره های اخیری در آمار تماس برای شماره گیری موجود نیست."},{"$i":"ok","$v":"تأیید"},{"$i":"cancel","$v":"لغو کردن"},{"$i":"block","$v":"مسدود کردن"},{"$i":"unblock","$v":"رفع انسداد"},{"$i":"deletedNotification","$v":[{"t":"idOrVar","v":"n"}," ورودی حذف شد"]},{"$i":"deletedNotification-1","$v":{"few":[{"t":"idOrVar","v":"n"}," ورودی حذف شد"],"many":[{"t":"idOrVar","v":"n"}," ورودی حذف شد"],"other":[{"t":"idOrVar","v":"n"}," ورودی حذف شد"],"two":[{"t":"idOrVar","v":"n"}," ورودی حذف شد"],"one":"1 ورودی حذف شد"},"$x":[{"t":"idOrVar","v":"plural"},"n"]},{"$i":"durationHours","$v":{"few":[{"t":"idOrVar","v":"value"}," ساعت"],"many":[{"t":"idOrVar","v":"value"}," ساعت"],"one":"1 ساعت","other":[{"t":"idOrVar","v":"value"}," ساعت"],"two":[{"t":"idOrVar","v":"value"}," ساعت"],"zero":"0 ساعت"},"$x":[{"t":"idOrVar","v":"plural"},"value"]},{"$i":"durationMinutes","$v":{"few":[{"t":"idOrVar","v":"value"}," دقیقه"],"many":[{"t":"idOrVar","v":"value"}," دقیقه"],"one":"1 دقيقه","other":[{"t":"idOrVar","v":"value"}," دقیقه"],"two":[{"t":"idOrVar","v":"value"}," دقیقه"],"zero":"0 دقيقه"},"$x":[{"t":"idOrVar","v":"plural"},"value"]},{"$i":"durationSeconds","$v":{"few":[{"t":"idOrVar","v":"value"}," ثانیه"],"many":[{"t":"idOrVar","v":"value"}," ثانیه"],"one":"1 ثانیه","other":[{"t":"idOrVar","v":"value"}," ثانیه"],"two":[{"t":"idOrVar","v":"value"}," ثانیه"],"zero":"0 ثانیه"},"$x":[{"t":"idOrVar","v":"plural"},"value"]},{"$i":"mobile","$v":"تلفن همراه"},{"$i":"home","$v":"صفحه اصلی"},{"$i":"work","$v":"کار"},{"$i":"personal","$v":"شخصی"},{"$i":"faxHome","$v":"فاکس خانه"},{"$i":"faxOffice","$v":"فاکس اداره"},{"$i":"faxOther","$v":"فاکس دیگر"},{"$i":"callAirplaneModeTitle","$v":"حالت هواپیما فعال شد"},{"$i":"callAirplaneModeMessage","$v":"برای برقراری تماس، لازم است حالت هواپیما را از قسمت تنظیمات غیرفعال کنید."},{"$i":"emergencyDialogTitle","$v":"بدون اتصال شبکه"},{"$i":"emergencyDialogBodyBadNumber","$v":"برای برقراری یک تماس، تلفن باید به یک شبکه وصل باشد."},{"$i":"emergencyDialogBodyDeviceNotAccepted","$v":"تماس های اضطراری از طرف شبکه مجاز نیستند."},{"$i":"invalidNumberToDialTitle","$v":"شماره تلفن نامعتبر"},{"$i":"invalidNumberToDialMessage","$v":"شماره تلفنی که با آن تماس می گیرید معتبر نیست."},{"$i":"emergency-call-only","$v":"فقط تماس اضطراری"},{"$i":"emergency-call-error","$v":[{"t":"idOrVar","v":"number"}," یک شماره اضطراری نیست."]},{"$i":"numberIsBusyTitle","$v":"شماره مشغول است"},{"$i":"numberIsBusyMessage","$v":"شماره در حال حاضر مشغول است. لطفاً بعداً دوباره امتحان کنید."},{"$i":"fdnIsActiveTitle","$v":"FDN فعال"},{"$i":"fdnIsActiveMessage","$v":["FDN (شماره های شماره گیری ثابت) فعال شد و شماره زیر در لیست FDN موجود نیست: ",{"t":"idOrVar","v":"number"}]},{"$i":"otherConnectionInUseTitle","$v":"اتصال دیگر در حال استفاده است"},{"$i":"otherConnectionInUseMessage","$v":"یک تماس فعال در اتصال دیگر دارید. هر بار فقط می توانید از یک اتصال استفاده کنید."},{"$i":"GenericFailure","$v":"خطاي عمومي"},{"$i":"CallFailed","$v":"تماس برقرار نشد"},{"$i":"weekday-0-long","$v":"Sunday"},{"$i":"weekday-1-long","$v":"Monday"},{"$i":"weekday-2-long","$v":"Tuesday"},{"$i":"weekday-3-long","$v":"Wednesday"},{"$i":"weekday-4-long","$v":"Thursday"},{"$i":"weekday-5-long","$v":"Friday"},{"$i":"weekday-6-long","$v":"Saturday"},{"$i":"weekday-0-short","$v":"Sun"},{"$i":"weekday-1-short","$v":"Mon"},{"$i":"weekday-2-short","$v":"Tue"},{"$i":"weekday-3-short","$v":"Wed"},{"$i":"weekday-4-short","$v":"Thu"},{"$i":"weekday-5-short","$v":"Fri"},{"$i":"weekday-6-short","$v":"Sat"},{"$i":"month-0-long","$v":"January"},{"$i":"month-1-long","$v":"February"},{"$i":"month-2-long","$v":"March"},{"$i":"month-3-long","$v":"April"},{"$i":"month-4-long","$v":"May"},{"$i":"month-5-long","$v":"June"},{"$i":"month-6-long","$v":"July"},{"$i":"month-7-long","$v":"August"},{"$i":"month-8-long","$v":"September"},{"$i":"month-9-long","$v":"October"},{"$i":"month-10-long","$v":"November"},{"$i":"month-11-long","$v":"December"},{"$i":"month-0-genitive","$v":"January"},{"$i":"month-1-genitive","$v":"February"},{"$i":"month-2-genitive","$v":"March"},{"$i":"month-3-genitive","$v":"April"},{"$i":"month-4-genitive","$v":"May"},{"$i":"month-5-genitive","$v":"June"},{"$i":"month-6-genitive","$v":"July"},{"$i":"month-7-genitive","$v":"August"},{"$i":"month-8-genitive","$v":"September"},{"$i":"month-9-genitive","$v":"October"},{"$i":"month-10-genitive","$v":"November"},{"$i":"month-11-genitive","$v":"December"},{"$i":"month-0-short","$v":"Jan"},{"$i":"month-1-short","$v":"Feb"},{"$i":"month-2-short","$v":"Mar"},{"$i":"month-3-short","$v":"Apr"},{"$i":"month-4-short","$v":"May"},{"$i":"month-5-short","$v":"Jun"},{"$i":"month-6-short","$v":"Jul"},{"$i":"month-7-short","$v":"Aug"},{"$i":"month-8-short","$v":"Sep"},{"$i":"month-9-short","$v":"Oct"},{"$i":"month-10-short","$v":"Nov"},{"$i":"month-11-short","$v":"Dec"},{"$i":"minutes-ago-long","$v":{"zero":"just now","one":"a minute ago","two":[{"t":"idOrVar","v":"value"}," minutes ago"],"few":[{"t":"idOrVar","v":"value"}," minutes ago"],"many":[{"t":"idOrVar","v":"value"}," minutes ago"],"other":[{"t":"idOrVar","v":"value"}," minutes ago"]},"$x":[{"t":"idOrVar","v":"plural"},"value"]},{"$i":"hours-ago-long","$v":{"zero":"just now","one":"an hour ago","two":[{"t":"idOrVar","v":"value"}," hours ago"],"few":[{"t":"idOrVar","v":"value"}," hours ago"],"many":[{"t":"idOrVar","v":"value"}," hours ago"],"other":[{"t":"idOrVar","v":"value"}," hours ago"]},"$x":[{"t":"idOrVar","v":"plural"},"value"]},{"$i":"days-ago-long","$v":{"zero":"today","one":"yesterday","two":[{"t":"idOrVar","v":"value"}," days ago"],"few":[{"t":"idOrVar","v":"value"}," days ago"],"many":[{"t":"idOrVar","v":"value"}," days ago"],"other":[{"t":"idOrVar","v":"value"}," days ago"]},"$x":[{"t":"idOrVar","v":"plural"},"value"]},{"$i":"weeks-ago-long","$v":{"zero":"this week","one":"last week","two":[{"t":"idOrVar","v":"value"}," weeks ago"],"few":[{"t":"idOrVar","v":"value"}," weeks ago"],"many":[{"t":"idOrVar","v":"value"}," weeks ago"],"other":[{"t":"idOrVar","v":"value"}," weeks ago"]},"$x":[{"t":"idOrVar","v":"plural"},"value"]},{"$i":"months-ago-long","$v":{"zero":"this month","one":"last month","two":[{"t":"idOrVar","v":"value"}," months ago"],"few":[{"t":"idOrVar","v":"value"}," months ago"],"many":[{"t":"idOrVar","v":"value"}," months ago"],"other":[{"t":"idOrVar","v":"value"}," months ago"]},"$x":[{"t":"idOrVar","v":"plural"},"value"]},{"$i":"years-ago-long","$v":{"zero":"this year","one":"last year","two":[{"t":"idOrVar","v":"value"}," years ago"],"few":[{"t":"idOrVar","v":"value"}," years ago"],"many":[{"t":"idOrVar","v":"value"}," years ago"],"other":[{"t":"idOrVar","v":"value"}," years ago"]},"$x":[{"t":"idOrVar","v":"plural"},"value"]},{"$i":"minutes-until-long","$v":{"zero":"now","one":"in a minute","two":["in ",{"t":"idOrVar","v":"value"}," minutes"],"few":["in ",{"t":"idOrVar","v":"value"}," minutes"],"many":["in ",{"t":"idOrVar","v":"value"}," minutes"],"other":["in ",{"t":"idOrVar","v":"value"}," minutes"]},"$x":[{"t":"idOrVar","v":"plural"},"value"]},{"$i":"hours-until-long","$v":{"zero":"now","one":"in an hour","two":["in ",{"t":"idOrVar","v":"value"}," hours"],"few":["in ",{"t":"idOrVar","v":"value"}," hours"],"many":["in ",{"t":"idOrVar","v":"value"}," hours"],"other":["in ",{"t":"idOrVar","v":"value"}," hours"]},"$x":[{"t":"idOrVar","v":"plural"},"value"]},{"$i":"days-until-long","$v":{"zero":"today","one":"tomorrow","two":["in ",{"t":"idOrVar","v":"value"}," days"],"few":["in ",{"t":"idOrVar","v":"value"}," days"],"many":["in ",{"t":"idOrVar","v":"value"}," days"],"other":["in ",{"t":"idOrVar","v":"value"}," days"]},"$x":[{"t":"idOrVar","v":"plural"},"value"]},{"$i":"weeks-until-long","$v":{"zero":"this week","one":"next week","two":["in ",{"t":"idOrVar","v":"value"}," weeks"],"few":["in ",{"t":"idOrVar","v":"value"}," weeks"],"many":["in ",{"t":"idOrVar","v":"value"}," weeks"],"other":["in ",{"t":"idOrVar","v":"value"}," weeks"]},"$x":[{"t":"idOrVar","v":"plural"},"value"]},{"$i":"months-until-long","$v":{"zero":"this month","one":"next month","two":["in ",{"t":"idOrVar","v":"value"}," months"],"few":["in ",{"t":"idOrVar","v":"value"}," months"],"many":["in ",{"t":"idOrVar","v":"value"}," months"],"other":["in ",{"t":"idOrVar","v":"value"}," months"]},"$x":[{"t":"idOrVar","v":"plural"},"value"]},{"$i":"years-until-long","$v":{"zero":"this year","one":"next year","two":["in ",{"t":"idOrVar","v":"value"}," years"],"few":["in ",{"t":"idOrVar","v":"value"}," years"],"many":["in ",{"t":"idOrVar","v":"value"}," years"],"other":["in ",{"t":"idOrVar","v":"value"}," years"]},"$x":[{"t":"idOrVar","v":"plural"},"value"]},{"$i":"minutes-ago-short","$v":{"zero":"just now","other":[{"t":"idOrVar","v":"value"},"m ago"]},"$x":[{"t":"idOrVar","v":"plural"},"value"]},{"$i":"hours-ago-short","$v":{"zero":"just now","other":[{"t":"idOrVar","v":"value"},"h ago"]},"$x":[{"t":"idOrVar","v":"plural"},"value"]},{"$i":"days-ago-short","$v":{"zero":"today","other":[{"t":"idOrVar","v":"value"},"d ago"]},"$x":[{"t":"idOrVar","v":"plural"},"value"]},{"$i":"minutes-until-short","$v":{"zero":"now","other":["in ",{"t":"idOrVar","v":"value"},"m"]},"$x":[{"t":"idOrVar","v":"plural"},"value"]},{"$i":"hours-until-short","$v":{"zero":"now","other":["in ",{"t":"idOrVar","v":"value"},"h"]},"$x":[{"t":"idOrVar","v":"plural"},"value"]},{"$i":"days-until-short","$v":{"zero":"today","other":["in ",{"t":"idOrVar","v":"value"},"d"]},"$x":[{"t":"idOrVar","v":"plural"},"value"]},{"$i":"incorrectDate","$v":"(incorrect date)"},{"$i":"dateTimeFormat_%c","$v":"%a %b %e %Y %I:%M:%S %p"},{"$i":"dateTimeFormat_%x","$v":"%m/%d/%Y"},{"$i":"dateTimeFormat_%X","$v":"%I:%M:%S %p"},{"$i":"shortTimeFormat","$v":"%I:%M %p"},{"$i":"shortTimeFormat12","$v":"%I:%M %p"},{"$i":"shortTimeFormat24","$v":"%H:%M"},{"$i":"shortDateTimeFormat","$v":"%x %I:%M %p"},{"$i":"weekStartsOnMonday","$v":"0"},{"$i":"firstDayOfTheWeek","$v":"0"},{"$i":"time_am","$v":"AM"},{"$i":"time_pm","$v":"PM"},{"$i":"sim-with-index-and-carrier","$v":["SIM ",{"t":"idOrVar","v":"index"}," - ",{"t":"idOrVar","v":"carrier"}]},{"$i":"sim-without-carrier","$v":["SIM ",{"t":"idOrVar","v":"index"}]}]