[{"$i":"callLog","$v":"Puheluloki"},{"$i":"all","$v":"Kaikki"},{"$i":"missed","$v":"Vastaamattomat"},{"$i":"outgoing","$v":"Soitettu"},{"$i":"incoming","$v":"Vastaanotettu"},{"$i":"missedCall","$v":"Vastaamaton puhelu"},{"$i":"outgoingCall","$v":"Lähtevä puhelu"},{"$i":"incomingCall","$v":"Saapuva puhelu"},{"$i":"rttCall","$v":"RTT-puhelu"},{"$i":"rtt-call","$v":"RTT-PUHELU"},{"$i":"videoCall","$v":"Videopuhelu"},{"$i":"call","$v":"Puhelu"},{"$i":"options","$v":"Valinnat"},{"$i":"callInformation","$v":"Puhelutiedot"},{"$i":"sendSms","$v":"Lähetä viesti"},{"$i":"createNewContact","$v":"Luo uusi yhteystieto"},{"$i":"addToExistingContact","$v":"Lisää nykyiseen yhteystietoon"},{"$i":"editCalllog","$v":"Muokkaa puhelulokia"},{"$i":"withheld-number","$v":"Tuntematon"},{"$i":"today","$v":"Tänään"},{"$i":"yesterday","$v":"Eilen"},{"$i":"no-logs-msg-1","$v":"Ei puheluhistoriaa"},{"$i":"no-logs-msg-2","$v":"Ala viestiä nyt"},{"$i":"voicemail","$v":"Vastaaja"},{"$i":"emergencyNumber","$v":"Hätänumero"},{"$i":"select","$v":"Valitse"},{"$i":"calllog-all","$v":"Kaikki"},{"$i":"delete","$v":"Poista"},{"$i":"deselect","$v":"Poista valinta"},{"$i":"calllog-none","$v":"Ei mitään"},{"$i":"checkedCount","$v":"selected"},{"$i":"confirmation","$v":"Vahvistus"},{"$i":"deleteLog","$v":"Haluatko varmasti poistaa valitut tiedot puhelulokista?"},{"$i":"delete-single-log","$v":["Haluatko varmasti poistaa henkilön ",{"t":"idOrVar","v":"name"}," puhelulokista?"]},{"$i":"blockContact","$v":"Et saa puheluita tai viestejä estolistalle kuuluvilta henkilöiltä."},{"$i":"no-recent-numbers","$v":"Puhelulokissa ei ole hiljattain käytettyjä numeroita, joihin soittaa."},{"$i":"ok","$v":"OK"},{"$i":"cancel","$v":"Peruuta"},{"$i":"block","$v":"Estä"},{"$i":"unblock","$v":"Esto"},{"$i":"deletedNotification","$v":[{"t":"idOrVar","v":"n"}," syötettä poistettiin"]},{"$i":"deletedNotification-1","$v":{"few":[{"t":"idOrVar","v":"n"}," syötettä poistettiin"],"many":[{"t":"idOrVar","v":"n"}," syötettä poistettiin"],"other":[{"t":"idOrVar","v":"n"}," syötettä poistettiin"],"two":[{"t":"idOrVar","v":"n"}," syötettä poistettiin"],"one":"1 merkintä poistettiin"},"$x":[{"t":"idOrVar","v":"plural"},"n"]},{"$i":"durationHours","$v":{"few":[{"t":"idOrVar","v":"value"}," tuntia"],"many":[{"t":"idOrVar","v":"value"}," tuntia"],"one":"1 tunti","other":[{"t":"idOrVar","v":"value"}," tuntia"],"two":[{"t":"idOrVar","v":"value"}," tuntia"],"zero":"0 tuntia"},"$x":[{"t":"idOrVar","v":"plural"},"value"]},{"$i":"durationMinutes","$v":{"few":[{"t":"idOrVar","v":"value"}," minuuttia"],"many":[{"t":"idOrVar","v":"value"}," minuuttia"],"one":"1 minuutti","other":[{"t":"idOrVar","v":"value"}," minuuttia"],"two":[{"t":"idOrVar","v":"value"}," minuuttia"],"zero":"0 minuutti"},"$x":[{"t":"idOrVar","v":"plural"},"value"]},{"$i":"durationSeconds","$v":{"few":[{"t":"idOrVar","v":"value"}," tuntia"],"many":[{"t":"idOrVar","v":"value"}," tuntia"],"one":"1 sekunti","other":[{"t":"idOrVar","v":"value"}," tuntia"],"two":[{"t":"idOrVar","v":"value"}," tuntia"],"zero":"0 sekuntia"},"$x":[{"t":"idOrVar","v":"plural"},"value"]},{"$i":"mobile","$v":"Matkapuhelin"},{"$i":"home","$v":"Koti"},{"$i":"work","$v":"Työ"},{"$i":"personal","$v":"Henkilökohtainen"},{"$i":"faxHome","$v":"Kotifaksi"},{"$i":"faxOffice","$v":"Työfaksi"},{"$i":"faxOther","$v":"Muu faksi"},{"$i":"callAirplaneModeTitle","$v":"Lentotila aktivoitu"},{"$i":"callAirplaneModeMessage","$v":"Sinun on otettava lentotila pois käytöstä asetuksissa, jotta voit soittaa puhelun."},{"$i":"emergencyDialogTitle","$v":"Ei verkkoyhteyttä"},{"$i":"emergencyDialogBodyBadNumber","$v":"Puhelin on kytkettävä verkkoon, jotta voit soittaa puhelun."},{"$i":"emergencyDialogBodyDeviceNotAccepted","$v":"Verkko ei salli hätäpuheluja."},{"$i":"invalidNumberToDialTitle","$v":"Puhelinnumero ei kelpaa"},{"$i":"invalidNumberToDialMessage","$v":"Soitat puhelinnumeroon, joka ei ole kelvollinen."},{"$i":"emergency-call-only","$v":"Vain hätäpuhelut"},{"$i":"emergency-call-error","$v":[{"t":"idOrVar","v":"number"}," ei ole hätänumero."]},{"$i":"numberIsBusyTitle","$v":"Numero on varattu"},{"$i":"numberIsBusyMessage","$v":"Numero on varattu. Yritä myöhemmin uudelleen."},{"$i":"fdnIsActiveTitle","$v":"FDN aktiivinen"},{"$i":"fdnIsActiveMessage","$v":["FDN (sallitut numerot) on otettu käyttöön, eikä seuraava numero ole FDN-listallasi: ",{"t":"idOrVar","v":"number"}]},{"$i":"otherConnectionInUseTitle","$v":"Muu yhteys käytössä"},{"$i":"otherConnectionInUseMessage","$v":"Toisessa yhteydessä on aktiivinen puhelu. Voit käyttää vain yhtä yhteyttä kerrallaan."},{"$i":"GenericFailure","$v":"Yleinen virhe"},{"$i":"CallFailed","$v":"Puhelu epäonnistui"},{"$i":"weekday-0-long","$v":"Sunday"},{"$i":"weekday-1-long","$v":"Monday"},{"$i":"weekday-2-long","$v":"Tuesday"},{"$i":"weekday-3-long","$v":"Wednesday"},{"$i":"weekday-4-long","$v":"Thursday"},{"$i":"weekday-5-long","$v":"Friday"},{"$i":"weekday-6-long","$v":"Saturday"},{"$i":"weekday-0-short","$v":"Sun"},{"$i":"weekday-1-short","$v":"Mon"},{"$i":"weekday-2-short","$v":"Tue"},{"$i":"weekday-3-short","$v":"Wed"},{"$i":"weekday-4-short","$v":"Thu"},{"$i":"weekday-5-short","$v":"Fri"},{"$i":"weekday-6-short","$v":"Sat"},{"$i":"month-0-long","$v":"January"},{"$i":"month-1-long","$v":"February"},{"$i":"month-2-long","$v":"March"},{"$i":"month-3-long","$v":"April"},{"$i":"month-4-long","$v":"May"},{"$i":"month-5-long","$v":"June"},{"$i":"month-6-long","$v":"July"},{"$i":"month-7-long","$v":"August"},{"$i":"month-8-long","$v":"September"},{"$i":"month-9-long","$v":"October"},{"$i":"month-10-long","$v":"November"},{"$i":"month-11-long","$v":"December"},{"$i":"month-0-genitive","$v":"January"},{"$i":"month-1-genitive","$v":"February"},{"$i":"month-2-genitive","$v":"March"},{"$i":"month-3-genitive","$v":"April"},{"$i":"month-4-genitive","$v":"May"},{"$i":"month-5-genitive","$v":"June"},{"$i":"month-6-genitive","$v":"July"},{"$i":"month-7-genitive","$v":"August"},{"$i":"month-8-genitive","$v":"September"},{"$i":"month-9-genitive","$v":"October"},{"$i":"month-10-genitive","$v":"November"},{"$i":"month-11-genitive","$v":"December"},{"$i":"month-0-short","$v":"Jan"},{"$i":"month-1-short","$v":"Feb"},{"$i":"month-2-short","$v":"Mar"},{"$i":"month-3-short","$v":"Apr"},{"$i":"month-4-short","$v":"May"},{"$i":"month-5-short","$v":"Jun"},{"$i":"month-6-short","$v":"Jul"},{"$i":"month-7-short","$v":"Aug"},{"$i":"month-8-short","$v":"Sep"},{"$i":"month-9-short","$v":"Oct"},{"$i":"month-10-short","$v":"Nov"},{"$i":"month-11-short","$v":"Dec"},{"$i":"minutes-ago-long","$v":{"zero":"just now","one":"a minute ago","two":[{"t":"idOrVar","v":"value"}," minutes ago"],"few":[{"t":"idOrVar","v":"value"}," minutes ago"],"many":[{"t":"idOrVar","v":"value"}," minutes ago"],"other":[{"t":"idOrVar","v":"value"}," minutes ago"]},"$x":[{"t":"idOrVar","v":"plural"},"value"]},{"$i":"hours-ago-long","$v":{"zero":"just now","one":"an hour ago","two":[{"t":"idOrVar","v":"value"}," hours ago"],"few":[{"t":"idOrVar","v":"value"}," hours ago"],"many":[{"t":"idOrVar","v":"value"}," hours ago"],"other":[{"t":"idOrVar","v":"value"}," hours ago"]},"$x":[{"t":"idOrVar","v":"plural"},"value"]},{"$i":"days-ago-long","$v":{"zero":"today","one":"yesterday","two":[{"t":"idOrVar","v":"value"}," days ago"],"few":[{"t":"idOrVar","v":"value"}," days ago"],"many":[{"t":"idOrVar","v":"value"}," days ago"],"other":[{"t":"idOrVar","v":"value"}," days ago"]},"$x":[{"t":"idOrVar","v":"plural"},"value"]},{"$i":"weeks-ago-long","$v":{"zero":"this week","one":"last week","two":[{"t":"idOrVar","v":"value"}," weeks ago"],"few":[{"t":"idOrVar","v":"value"}," weeks ago"],"many":[{"t":"idOrVar","v":"value"}," weeks ago"],"other":[{"t":"idOrVar","v":"value"}," weeks ago"]},"$x":[{"t":"idOrVar","v":"plural"},"value"]},{"$i":"months-ago-long","$v":{"zero":"this month","one":"last month","two":[{"t":"idOrVar","v":"value"}," months ago"],"few":[{"t":"idOrVar","v":"value"}," months ago"],"many":[{"t":"idOrVar","v":"value"}," months ago"],"other":[{"t":"idOrVar","v":"value"}," months ago"]},"$x":[{"t":"idOrVar","v":"plural"},"value"]},{"$i":"years-ago-long","$v":{"zero":"this year","one":"last year","two":[{"t":"idOrVar","v":"value"}," years ago"],"few":[{"t":"idOrVar","v":"value"}," years ago"],"many":[{"t":"idOrVar","v":"value"}," years ago"],"other":[{"t":"idOrVar","v":"value"}," years ago"]},"$x":[{"t":"idOrVar","v":"plural"},"value"]},{"$i":"minutes-until-long","$v":{"zero":"now","one":"in a minute","two":["in ",{"t":"idOrVar","v":"value"}," minutes"],"few":["in ",{"t":"idOrVar","v":"value"}," minutes"],"many":["in ",{"t":"idOrVar","v":"value"}," minutes"],"other":["in ",{"t":"idOrVar","v":"value"}," minutes"]},"$x":[{"t":"idOrVar","v":"plural"},"value"]},{"$i":"hours-until-long","$v":{"zero":"now","one":"in an hour","two":["in ",{"t":"idOrVar","v":"value"}," hours"],"few":["in ",{"t":"idOrVar","v":"value"}," hours"],"many":["in ",{"t":"idOrVar","v":"value"}," hours"],"other":["in ",{"t":"idOrVar","v":"value"}," hours"]},"$x":[{"t":"idOrVar","v":"plural"},"value"]},{"$i":"days-until-long","$v":{"zero":"today","one":"tomorrow","two":["in ",{"t":"idOrVar","v":"value"}," days"],"few":["in ",{"t":"idOrVar","v":"value"}," days"],"many":["in ",{"t":"idOrVar","v":"value"}," days"],"other":["in ",{"t":"idOrVar","v":"value"}," days"]},"$x":[{"t":"idOrVar","v":"plural"},"value"]},{"$i":"weeks-until-long","$v":{"zero":"this week","one":"next week","two":["in ",{"t":"idOrVar","v":"value"}," weeks"],"few":["in ",{"t":"idOrVar","v":"value"}," weeks"],"many":["in ",{"t":"idOrVar","v":"value"}," weeks"],"other":["in ",{"t":"idOrVar","v":"value"}," weeks"]},"$x":[{"t":"idOrVar","v":"plural"},"value"]},{"$i":"months-until-long","$v":{"zero":"this month","one":"next month","two":["in ",{"t":"idOrVar","v":"value"}," months"],"few":["in ",{"t":"idOrVar","v":"value"}," months"],"many":["in ",{"t":"idOrVar","v":"value"}," months"],"other":["in ",{"t":"idOrVar","v":"value"}," months"]},"$x":[{"t":"idOrVar","v":"plural"},"value"]},{"$i":"years-until-long","$v":{"zero":"this year","one":"next year","two":["in ",{"t":"idOrVar","v":"value"}," years"],"few":["in ",{"t":"idOrVar","v":"value"}," years"],"many":["in ",{"t":"idOrVar","v":"value"}," years"],"other":["in ",{"t":"idOrVar","v":"value"}," years"]},"$x":[{"t":"idOrVar","v":"plural"},"value"]},{"$i":"minutes-ago-short","$v":{"zero":"just now","other":[{"t":"idOrVar","v":"value"},"m ago"]},"$x":[{"t":"idOrVar","v":"plural"},"value"]},{"$i":"hours-ago-short","$v":{"zero":"just now","other":[{"t":"idOrVar","v":"value"},"h ago"]},"$x":[{"t":"idOrVar","v":"plural"},"value"]},{"$i":"days-ago-short","$v":{"zero":"today","other":[{"t":"idOrVar","v":"value"},"d ago"]},"$x":[{"t":"idOrVar","v":"plural"},"value"]},{"$i":"minutes-until-short","$v":{"zero":"now","other":["in ",{"t":"idOrVar","v":"value"},"m"]},"$x":[{"t":"idOrVar","v":"plural"},"value"]},{"$i":"hours-until-short","$v":{"zero":"now","other":["in ",{"t":"idOrVar","v":"value"},"h"]},"$x":[{"t":"idOrVar","v":"plural"},"value"]},{"$i":"days-until-short","$v":{"zero":"today","other":["in ",{"t":"idOrVar","v":"value"},"d"]},"$x":[{"t":"idOrVar","v":"plural"},"value"]},{"$i":"incorrectDate","$v":"(incorrect date)"},{"$i":"dateTimeFormat_%c","$v":"%a %b %e %Y %I:%M:%S %p"},{"$i":"dateTimeFormat_%x","$v":"%m/%d/%Y"},{"$i":"dateTimeFormat_%X","$v":"%I:%M:%S %p"},{"$i":"shortTimeFormat","$v":"%I:%M %p"},{"$i":"shortTimeFormat12","$v":"%I:%M %p"},{"$i":"shortTimeFormat24","$v":"%H:%M"},{"$i":"shortDateTimeFormat","$v":"%x %I:%M %p"},{"$i":"weekStartsOnMonday","$v":"0"},{"$i":"firstDayOfTheWeek","$v":"0"},{"$i":"time_am","$v":"AM"},{"$i":"time_pm","$v":"PM"},{"$i":"sim-with-index-and-carrier","$v":["SIM ",{"t":"idOrVar","v":"index"}," - ",{"t":"idOrVar","v":"carrier"}]},{"$i":"sim-without-carrier","$v":["SIM ",{"t":"idOrVar","v":"index"}]}]