[{"$i":"callLog","$v":"Log ng Tawag"},{"$i":"all","$v":"Lahat"},{"$i":"missed","$v":"Hindi nasagot"},{"$i":"outgoing","$v":"Na-dial"},{"$i":"incoming","$v":"Natanggap"},{"$i":"missedCall","$v":"Na-miss na tawag"},{"$i":"outgoingCall","$v":"Papalabas na tawag"},{"$i":"incomingCall","$v":"Paparating na Tawag"},{"$i":"rttCall","$v":"RTT call"},{"$i":"rtt-call","$v":"RTT CALL"},{"$i":"videoCall","$v":"Video call"},{"$i":"call","$v":"Tumawag"},{"$i":"options","$v":"Mga Opsyon"},{"$i":"callInformation","$v":"Impormasyon ng Tawag"},{"$i":"sendSms","$v":"Magpadala ng Mensahe"},{"$i":"createNewContact","$v":"Gumawa ng Bagong Contact"},{"$i":"addToExistingContact","$v":"Idagdag sa Kasalukuyang Contact"},{"$i":"editCalllog","$v":"I-edit ang log ng tawag"},{"$i":"withheld-number","$v":"Hindi alam"},{"$i":"today","$v":"Ngayon"},{"$i":"yesterday","$v":"Kahapon"},{"$i":"no-logs-msg-1","$v":"Walang kasaysayan ng tawag"},{"$i":"no-logs-msg-2","$v":"Simulan nang makipag-usap"},{"$i":"voicemail","$v":"Voicemail"},{"$i":"emergencyNumber","$v":"Pang-emergency na numero"},{"$i":"select","$v":"Pumili"},{"$i":"calllog-all","$v":"Lahat"},{"$i":"delete","$v":"I-delete"},{"$i":"deselect","$v":"Alisin ang pagkakapili"},{"$i":"calllog-none","$v":"Wala"},{"$i":"checkedCount","$v":"selected"},{"$i":"confirmation","$v":"Kumpirmasyon"},{"$i":"deleteLog","$v":"Sigurado ka bang gusto mong i-delete ang mga napiling entry sa Log ng Tawag?"},{"$i":"delete-single-log","$v":["Sigurado ka bang gusto mong i-delete ang ",{"t":"idOrVar","v":"name"}," sa Call Log?"]},{"$i":"blockContact","$v":"Hindi ka makakatanggap ng mga tawag sa telepono, mensahe mula sa mga tao sa block list."},{"$i":"no-recent-numbers","$v":"Walang kamakailang numero sa Log ng Tawag na mada-dial."},{"$i":"ok","$v":"OK"},{"$i":"cancel","$v":"Kanselahin"},{"$i":"block","$v":"I-block"},{"$i":"unblock","$v":"I-unblock"},{"$i":"deletedNotification","$v":[{"t":"idOrVar","v":"n"}," (na) entry ang na-delete"]},{"$i":"deletedNotification-1","$v":{"few":[{"t":"idOrVar","v":"n"}," (na) entry ang na-delete"],"many":[{"t":"idOrVar","v":"n"}," (na) entry ang na-delete"],"other":[{"t":"idOrVar","v":"n"}," (na) entry ang na-delete"],"two":[{"t":"idOrVar","v":"n"}," (na) entry ang na-delete"],"one":"1 entry ang na-delete"},"$x":[{"t":"idOrVar","v":"plural"},"n"]},{"$i":"durationHours","$v":{"few":[{"t":"idOrVar","v":"value"}," (na) oras"],"many":[{"t":"idOrVar","v":"value"}," (na) oras"],"one":"1 oras","other":[{"t":"idOrVar","v":"value"}," (na) oras"],"two":[{"t":"idOrVar","v":"value"}," (na) oras"],"zero":"0 oras"},"$x":[{"t":"idOrVar","v":"plural"},"value"]},{"$i":"durationMinutes","$v":{"few":[{"t":"idOrVar","v":"value"}," (na) minuto"],"many":[{"t":"idOrVar","v":"value"}," (na) minuto"],"one":"1 minuto","other":[{"t":"idOrVar","v":"value"}," (na) minuto"],"two":[{"t":"idOrVar","v":"value"}," (na) minuto"],"zero":"0 minuto"},"$x":[{"t":"idOrVar","v":"plural"},"value"]},{"$i":"durationSeconds","$v":{"few":[{"t":"idOrVar","v":"value"}," (na) oras"],"many":[{"t":"idOrVar","v":"value"}," (na) oras"],"one":"1 segundo","other":[{"t":"idOrVar","v":"value"}," (na) oras"],"two":[{"t":"idOrVar","v":"value"}," (na) oras"],"zero":"0 segundo"},"$x":[{"t":"idOrVar","v":"plural"},"value"]},{"$i":"mobile","$v":"Mobile"},{"$i":"home","$v":"Bahay"},{"$i":"work","$v":"Trabaho"},{"$i":"personal","$v":"Personal"},{"$i":"faxHome","$v":"I-fax sa tahanan"},{"$i":"faxOffice","$v":"I-fax sa opisina"},{"$i":"faxOther","$v":"I-fax sa iba pa"},{"$i":"callAirplaneModeTitle","$v":"Na-activate ang airplane mode"},{"$i":"callAirplaneModeMessage","$v":"Para makatawag, kailangan mong i-disable ang airplane mode sa mga setting."},{"$i":"emergencyDialogTitle","$v":"Walang koneksyon sa network"},{"$i":"emergencyDialogBodyBadNumber","$v":"Upang makatawag, dapat maikonekta ang telepono sa isang network."},{"$i":"emergencyDialogBodyDeviceNotAccepted","$v":"Hindi pinapayagan ng network ang mga pang-emergency na tawag."},{"$i":"invalidNumberToDialTitle","$v":"Invalid na numero ng telepono"},{"$i":"invalidNumberToDialMessage","$v":"Hindi valid ang numero ng teleponong tinatawagan mo."},{"$i":"emergency-call-only","$v":"Pang-emergency na Tawag Lang"},{"$i":"emergency-call-error","$v":["Ang ",{"t":"idOrVar","v":"number"}," ay hindi isang pang-emergency na numero."]},{"$i":"numberIsBusyTitle","$v":"Busy ang numero"},{"$i":"numberIsBusyMessage","$v":"Kasalukuyang busy ang numero. Pakisubukang muli sa ibang pagkakataon."},{"$i":"fdnIsActiveTitle","$v":"Aktibo ang FDN"},{"$i":"fdnIsActiveMessage","$v":["Na-activate ang FDN (mga Fixed Dialling Number) at ang mga sumusunod na numero ay wala sa iyong listahan ng FDN: ",{"t":"idOrVar","v":"number"}]},{"$i":"otherConnectionInUseTitle","$v":"Ginagamit ang iba pang koneksyon"},{"$i":"otherConnectionInUseMessage","$v":"Mayroon kang aktibong tawag sa ibang koneksyon. Maaari ka lang gumamit ng isang koneksyon sa bawat sandali."},{"$i":"GenericFailure","$v":"Pangkaraniwang pagpalya"},{"$i":"CallFailed","$v":"Hindi nakatawag"},{"$i":"weekday-0-long","$v":"Sunday"},{"$i":"weekday-1-long","$v":"Monday"},{"$i":"weekday-2-long","$v":"Tuesday"},{"$i":"weekday-3-long","$v":"Wednesday"},{"$i":"weekday-4-long","$v":"Thursday"},{"$i":"weekday-5-long","$v":"Friday"},{"$i":"weekday-6-long","$v":"Saturday"},{"$i":"weekday-0-short","$v":"Sun"},{"$i":"weekday-1-short","$v":"Mon"},{"$i":"weekday-2-short","$v":"Tue"},{"$i":"weekday-3-short","$v":"Wed"},{"$i":"weekday-4-short","$v":"Thu"},{"$i":"weekday-5-short","$v":"Fri"},{"$i":"weekday-6-short","$v":"Sat"},{"$i":"month-0-long","$v":"January"},{"$i":"month-1-long","$v":"February"},{"$i":"month-2-long","$v":"March"},{"$i":"month-3-long","$v":"April"},{"$i":"month-4-long","$v":"May"},{"$i":"month-5-long","$v":"June"},{"$i":"month-6-long","$v":"July"},{"$i":"month-7-long","$v":"August"},{"$i":"month-8-long","$v":"September"},{"$i":"month-9-long","$v":"October"},{"$i":"month-10-long","$v":"November"},{"$i":"month-11-long","$v":"December"},{"$i":"month-0-genitive","$v":"January"},{"$i":"month-1-genitive","$v":"February"},{"$i":"month-2-genitive","$v":"March"},{"$i":"month-3-genitive","$v":"April"},{"$i":"month-4-genitive","$v":"May"},{"$i":"month-5-genitive","$v":"June"},{"$i":"month-6-genitive","$v":"July"},{"$i":"month-7-genitive","$v":"August"},{"$i":"month-8-genitive","$v":"September"},{"$i":"month-9-genitive","$v":"October"},{"$i":"month-10-genitive","$v":"November"},{"$i":"month-11-genitive","$v":"December"},{"$i":"month-0-short","$v":"Jan"},{"$i":"month-1-short","$v":"Feb"},{"$i":"month-2-short","$v":"Mar"},{"$i":"month-3-short","$v":"Apr"},{"$i":"month-4-short","$v":"May"},{"$i":"month-5-short","$v":"Jun"},{"$i":"month-6-short","$v":"Jul"},{"$i":"month-7-short","$v":"Aug"},{"$i":"month-8-short","$v":"Sep"},{"$i":"month-9-short","$v":"Oct"},{"$i":"month-10-short","$v":"Nov"},{"$i":"month-11-short","$v":"Dec"},{"$i":"minutes-ago-long","$v":{"zero":"just now","one":"a minute ago","two":[{"t":"idOrVar","v":"value"}," minutes ago"],"few":[{"t":"idOrVar","v":"value"}," minutes ago"],"many":[{"t":"idOrVar","v":"value"}," minutes ago"],"other":[{"t":"idOrVar","v":"value"}," minutes ago"]},"$x":[{"t":"idOrVar","v":"plural"},"value"]},{"$i":"hours-ago-long","$v":{"zero":"just now","one":"an hour ago","two":[{"t":"idOrVar","v":"value"}," hours ago"],"few":[{"t":"idOrVar","v":"value"}," hours ago"],"many":[{"t":"idOrVar","v":"value"}," hours ago"],"other":[{"t":"idOrVar","v":"value"}," hours ago"]},"$x":[{"t":"idOrVar","v":"plural"},"value"]},{"$i":"days-ago-long","$v":{"zero":"today","one":"yesterday","two":[{"t":"idOrVar","v":"value"}," days ago"],"few":[{"t":"idOrVar","v":"value"}," days ago"],"many":[{"t":"idOrVar","v":"value"}," days ago"],"other":[{"t":"idOrVar","v":"value"}," days ago"]},"$x":[{"t":"idOrVar","v":"plural"},"value"]},{"$i":"weeks-ago-long","$v":{"zero":"this week","one":"last week","two":[{"t":"idOrVar","v":"value"}," weeks ago"],"few":[{"t":"idOrVar","v":"value"}," weeks ago"],"many":[{"t":"idOrVar","v":"value"}," weeks ago"],"other":[{"t":"idOrVar","v":"value"}," weeks ago"]},"$x":[{"t":"idOrVar","v":"plural"},"value"]},{"$i":"months-ago-long","$v":{"zero":"this month","one":"last month","two":[{"t":"idOrVar","v":"value"}," months ago"],"few":[{"t":"idOrVar","v":"value"}," months ago"],"many":[{"t":"idOrVar","v":"value"}," months ago"],"other":[{"t":"idOrVar","v":"value"}," months ago"]},"$x":[{"t":"idOrVar","v":"plural"},"value"]},{"$i":"years-ago-long","$v":{"zero":"this year","one":"last year","two":[{"t":"idOrVar","v":"value"}," years ago"],"few":[{"t":"idOrVar","v":"value"}," years ago"],"many":[{"t":"idOrVar","v":"value"}," years ago"],"other":[{"t":"idOrVar","v":"value"}," years ago"]},"$x":[{"t":"idOrVar","v":"plural"},"value"]},{"$i":"minutes-until-long","$v":{"zero":"now","one":"in a minute","two":["in ",{"t":"idOrVar","v":"value"}," minutes"],"few":["in ",{"t":"idOrVar","v":"value"}," minutes"],"many":["in ",{"t":"idOrVar","v":"value"}," minutes"],"other":["in ",{"t":"idOrVar","v":"value"}," minutes"]},"$x":[{"t":"idOrVar","v":"plural"},"value"]},{"$i":"hours-until-long","$v":{"zero":"now","one":"in an hour","two":["in ",{"t":"idOrVar","v":"value"}," hours"],"few":["in ",{"t":"idOrVar","v":"value"}," hours"],"many":["in ",{"t":"idOrVar","v":"value"}," hours"],"other":["in ",{"t":"idOrVar","v":"value"}," hours"]},"$x":[{"t":"idOrVar","v":"plural"},"value"]},{"$i":"days-until-long","$v":{"zero":"today","one":"tomorrow","two":["in ",{"t":"idOrVar","v":"value"}," days"],"few":["in ",{"t":"idOrVar","v":"value"}," days"],"many":["in ",{"t":"idOrVar","v":"value"}," days"],"other":["in ",{"t":"idOrVar","v":"value"}," days"]},"$x":[{"t":"idOrVar","v":"plural"},"value"]},{"$i":"weeks-until-long","$v":{"zero":"this week","one":"next week","two":["in ",{"t":"idOrVar","v":"value"}," weeks"],"few":["in ",{"t":"idOrVar","v":"value"}," weeks"],"many":["in ",{"t":"idOrVar","v":"value"}," weeks"],"other":["in ",{"t":"idOrVar","v":"value"}," weeks"]},"$x":[{"t":"idOrVar","v":"plural"},"value"]},{"$i":"months-until-long","$v":{"zero":"this month","one":"next month","two":["in ",{"t":"idOrVar","v":"value"}," months"],"few":["in ",{"t":"idOrVar","v":"value"}," months"],"many":["in ",{"t":"idOrVar","v":"value"}," months"],"other":["in ",{"t":"idOrVar","v":"value"}," months"]},"$x":[{"t":"idOrVar","v":"plural"},"value"]},{"$i":"years-until-long","$v":{"zero":"this year","one":"next year","two":["in ",{"t":"idOrVar","v":"value"}," years"],"few":["in ",{"t":"idOrVar","v":"value"}," years"],"many":["in ",{"t":"idOrVar","v":"value"}," years"],"other":["in ",{"t":"idOrVar","v":"value"}," years"]},"$x":[{"t":"idOrVar","v":"plural"},"value"]},{"$i":"minutes-ago-short","$v":{"zero":"just now","other":[{"t":"idOrVar","v":"value"},"m ago"]},"$x":[{"t":"idOrVar","v":"plural"},"value"]},{"$i":"hours-ago-short","$v":{"zero":"just now","other":[{"t":"idOrVar","v":"value"},"h ago"]},"$x":[{"t":"idOrVar","v":"plural"},"value"]},{"$i":"days-ago-short","$v":{"zero":"today","other":[{"t":"idOrVar","v":"value"},"d ago"]},"$x":[{"t":"idOrVar","v":"plural"},"value"]},{"$i":"minutes-until-short","$v":{"zero":"now","other":["in ",{"t":"idOrVar","v":"value"},"m"]},"$x":[{"t":"idOrVar","v":"plural"},"value"]},{"$i":"hours-until-short","$v":{"zero":"now","other":["in ",{"t":"idOrVar","v":"value"},"h"]},"$x":[{"t":"idOrVar","v":"plural"},"value"]},{"$i":"days-until-short","$v":{"zero":"today","other":["in ",{"t":"idOrVar","v":"value"},"d"]},"$x":[{"t":"idOrVar","v":"plural"},"value"]},{"$i":"incorrectDate","$v":"(incorrect date)"},{"$i":"dateTimeFormat_%c","$v":"%a %b %e %Y %I:%M:%S %p"},{"$i":"dateTimeFormat_%x","$v":"%m/%d/%Y"},{"$i":"dateTimeFormat_%X","$v":"%I:%M:%S %p"},{"$i":"shortTimeFormat","$v":"%I:%M %p"},{"$i":"shortTimeFormat12","$v":"%I:%M %p"},{"$i":"shortTimeFormat24","$v":"%H:%M"},{"$i":"shortDateTimeFormat","$v":"%x %I:%M %p"},{"$i":"weekStartsOnMonday","$v":"0"},{"$i":"firstDayOfTheWeek","$v":"0"},{"$i":"time_am","$v":"AM"},{"$i":"time_pm","$v":"PM"},{"$i":"sim-with-index-and-carrier","$v":["SIM ",{"t":"idOrVar","v":"index"}," - ",{"t":"idOrVar","v":"carrier"}]},{"$i":"sim-without-carrier","$v":["SIM ",{"t":"idOrVar","v":"index"}]}]