[{"$i":"callLog","$v":"कॉल लॉग"},{"$i":"all","$v":"सभी"},{"$i":"missed","$v":"मिस्ड"},{"$i":"outgoing","$v":"डायल किया गया"},{"$i":"incoming","$v":"प्राप्त"},{"$i":"missedCall","$v":"मिस्ड कॉल"},{"$i":"outgoingCall","$v":"आउटगोइंग कॉल"},{"$i":"incomingCall","$v":"इनकमिंग कॉल"},{"$i":"rttCall","$v":"आर.टी.टी कॉल"},{"$i":"rtt-call","$v":"आर.टी.टी कॉल"},{"$i":"videoCall","$v":"वीडियो कॉल"},{"$i":"call","$v":"कॉल करें"},{"$i":"options","$v":"विकल्प"},{"$i":"callInformation","$v":"कॉल जानकारी"},{"$i":"sendSms","$v":"संदेश भेजें"},{"$i":"createNewContact","$v":"नया संपर्क बनाएँ"},{"$i":"addToExistingContact","$v":"मौजूदा संपर्क में जोड़ें"},{"$i":"editCalllog","$v":"कॉल लॉग संपादित करें"},{"$i":"withheld-number","$v":"अज्ञात"},{"$i":"today","$v":"आज"},{"$i":"yesterday","$v":"बीता कल"},{"$i":"no-logs-msg-1","$v":"कोई कॉल इतिहास नहीं"},{"$i":"no-logs-msg-2","$v":"अभी संवाद स्थापित करें"},{"$i":"voicemail","$v":"वॉयसमेल"},{"$i":"emergencyNumber","$v":"आपातकालीन कॉल"},{"$i":"select","$v":"चुनें"},{"$i":"calllog-all","$v":"सभी"},{"$i":"delete","$v":"हटाएँ"},{"$i":"deselect","$v":"चयन हटाएं"},{"$i":"calllog-none","$v":"कुछ भी नहीं"},{"$i":"checkedCount","$v":"चयनित"},{"$i":"confirmation","$v":"पुष्टिकरण"},{"$i":"deleteLog","$v":"क्या आप वाकई कॉल लॉग से चयनित एंट्रीयाँ हटाना चाहते हैं?"},{"$i":"delete-single-log","$v":["क्या आप वाकई कॉल लॉग से ",{"t":"idOrVar","v":"name"}," हटाना चाहते हैं?"]},{"$i":"blockContact","$v":"ब्लॉक सूची वाले लोगों से आपको फोन कॉल, संदेश प्राप्त नहीं होंगे।"},{"$i":"no-recent-numbers","$v":"डायल करने के लिए कॉल लॉग में कोई भी अभी के नंबर नहीं हैं।"},{"$i":"ok","$v":"ठीक हैं"},{"$i":"cancel","$v":"रद्द करें"},{"$i":"block","$v":"ब्लॉक"},{"$i":"unblock","$v":"अनब्लॉक"},{"$i":"deletedNotification","$v":[{"t":"idOrVar","v":"n"}," एंट्रियां हटा दी गई थीं"]},{"$i":"deletedNotification-1","$v":{"few":[{"t":"idOrVar","v":"n"}," एंट्रियां हटा दी गई थीं"],"many":[{"t":"idOrVar","v":"n"}," एंट्रियां हटा दी गई थीं"],"other":[{"t":"idOrVar","v":"n"}," एंट्रियां हटा दी गई थीं"],"two":[{"t":"idOrVar","v":"n"}," एंट्रियां हटा दी गई थीं"],"one":"1 प्रविष्टि हटाई गई "},"$x":[{"t":"idOrVar","v":"plural"},"n"]},{"$i":"durationHours","$v":{"few":[{"t":"idOrVar","v":"value"}," घंटे"],"many":[{"t":"idOrVar","v":"value"}," घंटे"],"one":"1 घंटा","other":[{"t":"idOrVar","v":"value"}," घंटे"],"two":[{"t":"idOrVar","v":"value"}," घंटे"],"zero":"0 घंटा"},"$x":[{"t":"idOrVar","v":"plural"},"value"]},{"$i":"durationMinutes","$v":{"few":[{"t":"idOrVar","v":"value"}," मिनट"],"many":[{"t":"idOrVar","v":"value"}," मिनट"],"one":"1 मिनट","other":[{"t":"idOrVar","v":"value"}," मिनट"],"two":[{"t":"idOrVar","v":"value"}," मिनट"],"zero":"0 मिनट"},"$x":[{"t":"idOrVar","v":"plural"},"value"]},{"$i":"durationSeconds","$v":{"few":[{"t":"idOrVar","v":"value"}," सेकेण्ड"],"many":[{"t":"idOrVar","v":"value"}," सेकेण्ड"],"one":"1 सेकेण्ड","other":[{"t":"idOrVar","v":"value"}," सेकेण्ड"],"two":[{"t":"idOrVar","v":"value"}," सेकेण्ड"],"zero":"0 सेकेण्ड"},"$x":[{"t":"idOrVar","v":"plural"},"value"]},{"$i":"mobile","$v":"मोबाइल"},{"$i":"home","$v":"होम"},{"$i":"work","$v":"वर्क"},{"$i":"personal","$v":"व्यक्तिगत"},{"$i":"faxHome","$v":"Fax होम"},{"$i":"faxOffice","$v":"Fax ऑफिस"},{"$i":"faxOther","$v":"अन्य Fax"},{"$i":"callAirplaneModeTitle","$v":"एयरप्लेन मोड सक्रिय किया गया"},{"$i":"callAirplaneModeMessage","$v":"कॉल करने के लिए आपको सेटिंगस में जाकर एयरप्लेन मोड को अक्षम करना होगा।"},{"$i":"emergencyDialogTitle","$v":"कोई नेटवर्क कनेक्शन नहीं हैं"},{"$i":"emergencyDialogBodyBadNumber","$v":"कॉल करने के लिए, फ़ोन को किसी नेटवर्क से कनेक्ट करना चाहिए।"},{"$i":"emergencyDialogBodyDeviceNotAccepted","$v":"नेटवर्क द्वारा आपातकालीन कॉल की अनुमति नहीं हैं।"},{"$i":"invalidNumberToDialTitle","$v":"अमान्य फ़ोन नंबर"},{"$i":"invalidNumberToDialMessage","$v":"आप जिस फ़ोन नंबर पर कॉल कर रहे हैं, वह मान्य नहीं हैं।"},{"$i":"emergency-call-only","$v":"केवल आपातकालीन कॉल"},{"$i":"emergency-call-error","$v":[{"t":"idOrVar","v":"number"}," आपातकालीन नंबर नहीं हैं।"]},{"$i":"numberIsBusyTitle","$v":"नंबर व्यस्त हैं"},{"$i":"numberIsBusyMessage","$v":"नंबर वर्तमान में व्यस्त हैं। कृपया पुनः प्रयास करें।"},{"$i":"fdnIsActiveTitle","$v":"FDN सक्रिय हैं"},{"$i":"fdnIsActiveMessage","$v":["FDN (फिक्स्ड डायलिंग नंबर) सक्रिय हैं और निम्न नंबर आपकी FDN लिस्ट में नहीं हैं: ",{"t":"idOrVar","v":"number"}]},{"$i":"otherConnectionInUseTitle","$v":"अन्य कनेक्शन उपयोग में हैं"},{"$i":"otherConnectionInUseMessage","$v":"आपके पास किसी अन्य कनेक्शन पर एक सक्रिय कॉल हैं। आप एक समय में केवल एक कनेक्शन का उपयोग कर सकते हैं।"},{"$i":"GenericFailure","$v":"सामान्य विफलता"},{"$i":"CallFailed","$v":"कॉल विफल रहा"},{"$i":"weekday-0-long","$v":"Sunday"},{"$i":"weekday-1-long","$v":"Monday"},{"$i":"weekday-2-long","$v":"Tuesday"},{"$i":"weekday-3-long","$v":"Wednesday"},{"$i":"weekday-4-long","$v":"Thursday"},{"$i":"weekday-5-long","$v":"Friday"},{"$i":"weekday-6-long","$v":"Saturday"},{"$i":"weekday-0-short","$v":"Sun"},{"$i":"weekday-1-short","$v":"Mon"},{"$i":"weekday-2-short","$v":"Tue"},{"$i":"weekday-3-short","$v":"Wed"},{"$i":"weekday-4-short","$v":"Thu"},{"$i":"weekday-5-short","$v":"Fri"},{"$i":"weekday-6-short","$v":"Sat"},{"$i":"month-0-long","$v":"January"},{"$i":"month-1-long","$v":"February"},{"$i":"month-2-long","$v":"March"},{"$i":"month-3-long","$v":"April"},{"$i":"month-4-long","$v":"May"},{"$i":"month-5-long","$v":"June"},{"$i":"month-6-long","$v":"July"},{"$i":"month-7-long","$v":"August"},{"$i":"month-8-long","$v":"September"},{"$i":"month-9-long","$v":"October"},{"$i":"month-10-long","$v":"November"},{"$i":"month-11-long","$v":"December"},{"$i":"month-0-genitive","$v":"January"},{"$i":"month-1-genitive","$v":"February"},{"$i":"month-2-genitive","$v":"March"},{"$i":"month-3-genitive","$v":"April"},{"$i":"month-4-genitive","$v":"May"},{"$i":"month-5-genitive","$v":"June"},{"$i":"month-6-genitive","$v":"July"},{"$i":"month-7-genitive","$v":"August"},{"$i":"month-8-genitive","$v":"September"},{"$i":"month-9-genitive","$v":"October"},{"$i":"month-10-genitive","$v":"November"},{"$i":"month-11-genitive","$v":"December"},{"$i":"month-0-short","$v":"Jan"},{"$i":"month-1-short","$v":"Feb"},{"$i":"month-2-short","$v":"Mar"},{"$i":"month-3-short","$v":"Apr"},{"$i":"month-4-short","$v":"May"},{"$i":"month-5-short","$v":"Jun"},{"$i":"month-6-short","$v":"Jul"},{"$i":"month-7-short","$v":"Aug"},{"$i":"month-8-short","$v":"Sep"},{"$i":"month-9-short","$v":"Oct"},{"$i":"month-10-short","$v":"Nov"},{"$i":"month-11-short","$v":"Dec"},{"$i":"minutes-ago-long","$v":{"zero":"just now","one":"a minute ago","two":[{"t":"idOrVar","v":"value"}," minutes ago"],"few":[{"t":"idOrVar","v":"value"}," minutes ago"],"many":[{"t":"idOrVar","v":"value"}," minutes ago"],"other":[{"t":"idOrVar","v":"value"}," minutes ago"]},"$x":[{"t":"idOrVar","v":"plural"},"value"]},{"$i":"hours-ago-long","$v":{"zero":"just now","one":"an hour ago","two":[{"t":"idOrVar","v":"value"}," hours ago"],"few":[{"t":"idOrVar","v":"value"}," hours ago"],"many":[{"t":"idOrVar","v":"value"}," hours ago"],"other":[{"t":"idOrVar","v":"value"}," hours ago"]},"$x":[{"t":"idOrVar","v":"plural"},"value"]},{"$i":"days-ago-long","$v":{"zero":"today","one":"yesterday","two":[{"t":"idOrVar","v":"value"}," days ago"],"few":[{"t":"idOrVar","v":"value"}," days ago"],"many":[{"t":"idOrVar","v":"value"}," days ago"],"other":[{"t":"idOrVar","v":"value"}," days ago"]},"$x":[{"t":"idOrVar","v":"plural"},"value"]},{"$i":"weeks-ago-long","$v":{"zero":"this week","one":"last week","two":[{"t":"idOrVar","v":"value"}," weeks ago"],"few":[{"t":"idOrVar","v":"value"}," weeks ago"],"many":[{"t":"idOrVar","v":"value"}," weeks ago"],"other":[{"t":"idOrVar","v":"value"}," weeks ago"]},"$x":[{"t":"idOrVar","v":"plural"},"value"]},{"$i":"months-ago-long","$v":{"zero":"this month","one":"last month","two":[{"t":"idOrVar","v":"value"}," months ago"],"few":[{"t":"idOrVar","v":"value"}," months ago"],"many":[{"t":"idOrVar","v":"value"}," months ago"],"other":[{"t":"idOrVar","v":"value"}," months ago"]},"$x":[{"t":"idOrVar","v":"plural"},"value"]},{"$i":"years-ago-long","$v":{"zero":"this year","one":"last year","two":[{"t":"idOrVar","v":"value"}," years ago"],"few":[{"t":"idOrVar","v":"value"}," years ago"],"many":[{"t":"idOrVar","v":"value"}," years ago"],"other":[{"t":"idOrVar","v":"value"}," years ago"]},"$x":[{"t":"idOrVar","v":"plural"},"value"]},{"$i":"minutes-until-long","$v":{"zero":"now","one":"in a minute","two":["in ",{"t":"idOrVar","v":"value"}," minutes"],"few":["in ",{"t":"idOrVar","v":"value"}," minutes"],"many":["in ",{"t":"idOrVar","v":"value"}," minutes"],"other":["in ",{"t":"idOrVar","v":"value"}," minutes"]},"$x":[{"t":"idOrVar","v":"plural"},"value"]},{"$i":"hours-until-long","$v":{"zero":"now","one":"in an hour","two":["in ",{"t":"idOrVar","v":"value"}," hours"],"few":["in ",{"t":"idOrVar","v":"value"}," hours"],"many":["in ",{"t":"idOrVar","v":"value"}," hours"],"other":["in ",{"t":"idOrVar","v":"value"}," hours"]},"$x":[{"t":"idOrVar","v":"plural"},"value"]},{"$i":"days-until-long","$v":{"zero":"today","one":"tomorrow","two":["in ",{"t":"idOrVar","v":"value"}," days"],"few":["in ",{"t":"idOrVar","v":"value"}," days"],"many":["in ",{"t":"idOrVar","v":"value"}," days"],"other":["in ",{"t":"idOrVar","v":"value"}," days"]},"$x":[{"t":"idOrVar","v":"plural"},"value"]},{"$i":"weeks-until-long","$v":{"zero":"this week","one":"next week","two":["in ",{"t":"idOrVar","v":"value"}," weeks"],"few":["in ",{"t":"idOrVar","v":"value"}," weeks"],"many":["in ",{"t":"idOrVar","v":"value"}," weeks"],"other":["in ",{"t":"idOrVar","v":"value"}," weeks"]},"$x":[{"t":"idOrVar","v":"plural"},"value"]},{"$i":"months-until-long","$v":{"zero":"this month","one":"next month","two":["in ",{"t":"idOrVar","v":"value"}," months"],"few":["in ",{"t":"idOrVar","v":"value"}," months"],"many":["in ",{"t":"idOrVar","v":"value"}," months"],"other":["in ",{"t":"idOrVar","v":"value"}," months"]},"$x":[{"t":"idOrVar","v":"plural"},"value"]},{"$i":"years-until-long","$v":{"zero":"this year","one":"next year","two":["in ",{"t":"idOrVar","v":"value"}," years"],"few":["in ",{"t":"idOrVar","v":"value"}," years"],"many":["in ",{"t":"idOrVar","v":"value"}," years"],"other":["in ",{"t":"idOrVar","v":"value"}," years"]},"$x":[{"t":"idOrVar","v":"plural"},"value"]},{"$i":"minutes-ago-short","$v":{"zero":"just now","other":[{"t":"idOrVar","v":"value"},"m ago"]},"$x":[{"t":"idOrVar","v":"plural"},"value"]},{"$i":"hours-ago-short","$v":{"zero":"just now","other":[{"t":"idOrVar","v":"value"},"h ago"]},"$x":[{"t":"idOrVar","v":"plural"},"value"]},{"$i":"days-ago-short","$v":{"zero":"today","other":[{"t":"idOrVar","v":"value"},"d ago"]},"$x":[{"t":"idOrVar","v":"plural"},"value"]},{"$i":"minutes-until-short","$v":{"zero":"now","other":["in ",{"t":"idOrVar","v":"value"},"m"]},"$x":[{"t":"idOrVar","v":"plural"},"value"]},{"$i":"hours-until-short","$v":{"zero":"now","other":["in ",{"t":"idOrVar","v":"value"},"h"]},"$x":[{"t":"idOrVar","v":"plural"},"value"]},{"$i":"days-until-short","$v":{"zero":"today","other":["in ",{"t":"idOrVar","v":"value"},"d"]},"$x":[{"t":"idOrVar","v":"plural"},"value"]},{"$i":"incorrectDate","$v":"(incorrect date)"},{"$i":"dateTimeFormat_%c","$v":"%a %b %e %Y %I:%M:%S %p"},{"$i":"dateTimeFormat_%x","$v":"%m/%d/%Y"},{"$i":"dateTimeFormat_%X","$v":"%I:%M:%S %p"},{"$i":"shortTimeFormat","$v":"%I:%M %p"},{"$i":"shortTimeFormat12","$v":"%I:%M %p"},{"$i":"shortTimeFormat24","$v":"%H:%M"},{"$i":"shortDateTimeFormat","$v":"%x %I:%M %p"},{"$i":"weekStartsOnMonday","$v":"0"},{"$i":"firstDayOfTheWeek","$v":"0"},{"$i":"time_am","$v":"AM"},{"$i":"time_pm","$v":"PM"},{"$i":"sim-with-index-and-carrier","$v":["SIM ",{"t":"idOrVar","v":"index"}," - ",{"t":"idOrVar","v":"carrier"}]},{"$i":"sim-without-carrier","$v":["SIM ",{"t":"idOrVar","v":"index"}]}]