[{"$i":"callLog","$v":"Zapisnik poziva"},{"$i":"all","$v":"Sve"},{"$i":"missed","$v":"Propušteni pozivi"},{"$i":"outgoing","$v":"Pozvani broj"},{"$i":"incoming","$v":"Primljeno"},{"$i":"missedCall","$v":"Propušten poziv"},{"$i":"outgoingCall","$v":"Odlazni poziv"},{"$i":"incomingCall","$v":"Dolazni poziv"},{"$i":"rttCall","$v":"RTT poziv"},{"$i":"rtt-call","$v":"RTT POZIV"},{"$i":"videoCall","$v":"Videopoziv"},{"$i":"call","$v":"Poziv"},{"$i":"options","$v":"Opcije"},{"$i":"callInformation","$v":"Informacije o pozivu"},{"$i":"sendSms","$v":"Pošalji poruku"},{"$i":"createNewContact","$v":"Izrada novog kontakta"},{"$i":"addToExistingContact","$v":"Dodaj u postojeći kontakt"},{"$i":"editCalllog","$v":"Uređivanje zapisnika poziva"},{"$i":"withheld-number","$v":"Nepoznato"},{"$i":"today","$v":"Danas"},{"$i":"yesterday","$v":"Jučer"},{"$i":"no-logs-msg-1","$v":"Nema povijesti poziva"},{"$i":"no-logs-msg-2","$v":"Odmah počn. komunicirati"},{"$i":"voicemail","$v":"Glasovna pošta"},{"$i":"emergencyNumber","$v":"Hitni broj"},{"$i":"select","$v":"Odaberi"},{"$i":"calllog-all","$v":"Sve"},{"$i":"delete","$v":"Izbriši"},{"$i":"deselect","$v":"Poništi odabir"},{"$i":"calllog-none","$v":"Ništa"},{"$i":"checkedCount","$v":"selected"},{"$i":"confirmation","$v":"Potvrda"},{"$i":"deleteLog","$v":"Jeste li sigurni da želite izbrisati odabrane stavke iz zapisnika poziva?"},{"$i":"delete-single-log","$v":["Želite li iz zapisnika poziva zaista izbrisati zapis ",{"t":"idOrVar","v":"name"},"?"]},{"$i":"blockContact","$v":"Od osoba na popisu blokiranih kontakata nećete primati telefonske pozive ni poruke."},{"$i":"no-recent-numbers","$v":"U zapisnicima poziva nema ned. brojeva za biranje."},{"$i":"ok","$v":"U redu"},{"$i":"cancel","$v":"Poništi"},{"$i":"block","$v":"Blokiraj"},{"$i":"unblock","$v":"odblokirati"},{"$i":"deletedNotification","$v":["Izbrisano stavki: ",{"t":"idOrVar","v":"n"}]},{"$i":"deletedNotification-1","$v":{"few":["Izbrisano stavki: ",{"t":"idOrVar","v":"n"}],"many":["Izbrisano stavki: ",{"t":"idOrVar","v":"n"}],"other":["Izbrisano stavki: ",{"t":"idOrVar","v":"n"}],"two":["Izbrisano stavki: ",{"t":"idOrVar","v":"n"}],"one":"Izbrisan je 1 unos"},"$x":[{"t":"idOrVar","v":"plural"},"n"]},{"$i":"durationHours","$v":{"few":["Sati: ",{"t":"idOrVar","v":"value"}],"many":["Sati: ",{"t":"idOrVar","v":"value"}],"one":"1 sat","other":["Sati: ",{"t":"idOrVar","v":"value"}],"two":["Sati: ",{"t":"idOrVar","v":"value"}],"zero":"0 sat"},"$x":[{"t":"idOrVar","v":"plural"},"value"]},{"$i":"durationMinutes","$v":{"few":["Minute: ",{"t":"idOrVar","v":"value"}],"many":["Minute: ",{"t":"idOrVar","v":"value"}],"one":"1 minuta","other":["Minute: ",{"t":"idOrVar","v":"value"}],"two":["Minute: ",{"t":"idOrVar","v":"value"}],"zero":"0 minuta"},"$x":[{"t":"idOrVar","v":"plural"},"value"]},{"$i":"durationSeconds","$v":{"few":["Sati: ",{"t":"idOrVar","v":"value"}],"many":["Sati: ",{"t":"idOrVar","v":"value"}],"one":"1 sekunda","other":["Sati: ",{"t":"idOrVar","v":"value"}],"two":["Sati: ",{"t":"idOrVar","v":"value"}],"zero":"0 sekundi"},"$x":[{"t":"idOrVar","v":"plural"},"value"]},{"$i":"mobile","$v":"Mobitel"},{"$i":"home","$v":"Kod kuće"},{"$i":"work","$v":"Posao"},{"$i":"personal","$v":"Osobno"},{"$i":"faxHome","$v":"Faks kod kuće"},{"$i":"faxOffice","$v":"Faks u uredu"},{"$i":"faxOther","$v":"Faks drugdje"},{"$i":"callAirplaneModeTitle","$v":"Aktiviran je zrakoplovni način"},{"$i":"callAirplaneModeMessage","$v":"Za uspostavu poziva morate u postavkama onemogućiti način rada u zrakoplovu."},{"$i":"emergencyDialogTitle","$v":"Nema mrežne veze"},{"$i":"emergencyDialogBodyBadNumber","$v":"Za uspostavu poziva telefon mora biti povezan s mrežom."},{"$i":"emergencyDialogBodyDeviceNotAccepted","$v":"Mreža ne dopušta hitne pozive."},{"$i":"invalidNumberToDialTitle","$v":"Broj telefona nije valjan"},{"$i":"invalidNumberToDialMessage","$v":"Broj telefona koji zovete nije valjan."},{"$i":"emergency-call-only","$v":"Samo žurni poziv"},{"$i":"emergency-call-error","$v":[{"t":"idOrVar","v":"number"}," nije hitni broj."]},{"$i":"numberIsBusyTitle","$v":"Broj je zauzet"},{"$i":"numberIsBusyMessage","$v":"Broj je trenutno zauzet. Pokušajte ponovno poslije."},{"$i":"fdnIsActiveTitle","$v":"FDN je aktivan"},{"$i":"fdnIsActiveMessage","$v":["FDN (fiksni brojevi za biranje) aktivirani su, a sljedeći broj nije na vašem popisu FDN: ",{"t":"idOrVar","v":"number"}]},{"$i":"otherConnectionInUseTitle","$v":"Druge veze koje se koriste"},{"$i":"otherConnectionInUseMessage","$v":"Imate aktivan poziv na drugoj vezi. Ne možete koristiti više veza odjednom."},{"$i":"GenericFailure","$v":"Generički kvar"},{"$i":"CallFailed","$v":"Poziv nije uspio"},{"$i":"weekday-0-long","$v":"Sunday"},{"$i":"weekday-1-long","$v":"Monday"},{"$i":"weekday-2-long","$v":"Tuesday"},{"$i":"weekday-3-long","$v":"Wednesday"},{"$i":"weekday-4-long","$v":"Thursday"},{"$i":"weekday-5-long","$v":"Friday"},{"$i":"weekday-6-long","$v":"Saturday"},{"$i":"weekday-0-short","$v":"Sun"},{"$i":"weekday-1-short","$v":"Mon"},{"$i":"weekday-2-short","$v":"Tue"},{"$i":"weekday-3-short","$v":"Wed"},{"$i":"weekday-4-short","$v":"Thu"},{"$i":"weekday-5-short","$v":"Fri"},{"$i":"weekday-6-short","$v":"Sat"},{"$i":"month-0-long","$v":"January"},{"$i":"month-1-long","$v":"February"},{"$i":"month-2-long","$v":"March"},{"$i":"month-3-long","$v":"April"},{"$i":"month-4-long","$v":"May"},{"$i":"month-5-long","$v":"June"},{"$i":"month-6-long","$v":"July"},{"$i":"month-7-long","$v":"August"},{"$i":"month-8-long","$v":"September"},{"$i":"month-9-long","$v":"October"},{"$i":"month-10-long","$v":"November"},{"$i":"month-11-long","$v":"December"},{"$i":"month-0-genitive","$v":"January"},{"$i":"month-1-genitive","$v":"February"},{"$i":"month-2-genitive","$v":"March"},{"$i":"month-3-genitive","$v":"April"},{"$i":"month-4-genitive","$v":"May"},{"$i":"month-5-genitive","$v":"June"},{"$i":"month-6-genitive","$v":"July"},{"$i":"month-7-genitive","$v":"August"},{"$i":"month-8-genitive","$v":"September"},{"$i":"month-9-genitive","$v":"October"},{"$i":"month-10-genitive","$v":"November"},{"$i":"month-11-genitive","$v":"December"},{"$i":"month-0-short","$v":"Jan"},{"$i":"month-1-short","$v":"Feb"},{"$i":"month-2-short","$v":"Mar"},{"$i":"month-3-short","$v":"Apr"},{"$i":"month-4-short","$v":"May"},{"$i":"month-5-short","$v":"Jun"},{"$i":"month-6-short","$v":"Jul"},{"$i":"month-7-short","$v":"Aug"},{"$i":"month-8-short","$v":"Sep"},{"$i":"month-9-short","$v":"Oct"},{"$i":"month-10-short","$v":"Nov"},{"$i":"month-11-short","$v":"Dec"},{"$i":"minutes-ago-long","$v":{"zero":"just now","one":"a minute ago","two":[{"t":"idOrVar","v":"value"}," minutes ago"],"few":[{"t":"idOrVar","v":"value"}," minutes ago"],"many":[{"t":"idOrVar","v":"value"}," minutes ago"],"other":[{"t":"idOrVar","v":"value"}," minutes ago"]},"$x":[{"t":"idOrVar","v":"plural"},"value"]},{"$i":"hours-ago-long","$v":{"zero":"just now","one":"an hour ago","two":[{"t":"idOrVar","v":"value"}," hours ago"],"few":[{"t":"idOrVar","v":"value"}," hours ago"],"many":[{"t":"idOrVar","v":"value"}," hours ago"],"other":[{"t":"idOrVar","v":"value"}," hours ago"]},"$x":[{"t":"idOrVar","v":"plural"},"value"]},{"$i":"days-ago-long","$v":{"zero":"today","one":"yesterday","two":[{"t":"idOrVar","v":"value"}," days ago"],"few":[{"t":"idOrVar","v":"value"}," days ago"],"many":[{"t":"idOrVar","v":"value"}," days ago"],"other":[{"t":"idOrVar","v":"value"}," days ago"]},"$x":[{"t":"idOrVar","v":"plural"},"value"]},{"$i":"weeks-ago-long","$v":{"zero":"this week","one":"last week","two":[{"t":"idOrVar","v":"value"}," weeks ago"],"few":[{"t":"idOrVar","v":"value"}," weeks ago"],"many":[{"t":"idOrVar","v":"value"}," weeks ago"],"other":[{"t":"idOrVar","v":"value"}," weeks ago"]},"$x":[{"t":"idOrVar","v":"plural"},"value"]},{"$i":"months-ago-long","$v":{"zero":"this month","one":"last month","two":[{"t":"idOrVar","v":"value"}," months ago"],"few":[{"t":"idOrVar","v":"value"}," months ago"],"many":[{"t":"idOrVar","v":"value"}," months ago"],"other":[{"t":"idOrVar","v":"value"}," months ago"]},"$x":[{"t":"idOrVar","v":"plural"},"value"]},{"$i":"years-ago-long","$v":{"zero":"this year","one":"last year","two":[{"t":"idOrVar","v":"value"}," years ago"],"few":[{"t":"idOrVar","v":"value"}," years ago"],"many":[{"t":"idOrVar","v":"value"}," years ago"],"other":[{"t":"idOrVar","v":"value"}," years ago"]},"$x":[{"t":"idOrVar","v":"plural"},"value"]},{"$i":"minutes-until-long","$v":{"zero":"now","one":"in a minute","two":["in ",{"t":"idOrVar","v":"value"}," minutes"],"few":["in ",{"t":"idOrVar","v":"value"}," minutes"],"many":["in ",{"t":"idOrVar","v":"value"}," minutes"],"other":["in ",{"t":"idOrVar","v":"value"}," minutes"]},"$x":[{"t":"idOrVar","v":"plural"},"value"]},{"$i":"hours-until-long","$v":{"zero":"now","one":"in an hour","two":["in ",{"t":"idOrVar","v":"value"}," hours"],"few":["in ",{"t":"idOrVar","v":"value"}," hours"],"many":["in ",{"t":"idOrVar","v":"value"}," hours"],"other":["in ",{"t":"idOrVar","v":"value"}," hours"]},"$x":[{"t":"idOrVar","v":"plural"},"value"]},{"$i":"days-until-long","$v":{"zero":"today","one":"tomorrow","two":["in ",{"t":"idOrVar","v":"value"}," days"],"few":["in ",{"t":"idOrVar","v":"value"}," days"],"many":["in ",{"t":"idOrVar","v":"value"}," days"],"other":["in ",{"t":"idOrVar","v":"value"}," days"]},"$x":[{"t":"idOrVar","v":"plural"},"value"]},{"$i":"weeks-until-long","$v":{"zero":"this week","one":"next week","two":["in ",{"t":"idOrVar","v":"value"}," weeks"],"few":["in ",{"t":"idOrVar","v":"value"}," weeks"],"many":["in ",{"t":"idOrVar","v":"value"}," weeks"],"other":["in ",{"t":"idOrVar","v":"value"}," weeks"]},"$x":[{"t":"idOrVar","v":"plural"},"value"]},{"$i":"months-until-long","$v":{"zero":"this month","one":"next month","two":["in ",{"t":"idOrVar","v":"value"}," months"],"few":["in ",{"t":"idOrVar","v":"value"}," months"],"many":["in ",{"t":"idOrVar","v":"value"}," months"],"other":["in ",{"t":"idOrVar","v":"value"}," months"]},"$x":[{"t":"idOrVar","v":"plural"},"value"]},{"$i":"years-until-long","$v":{"zero":"this year","one":"next year","two":["in ",{"t":"idOrVar","v":"value"}," years"],"few":["in ",{"t":"idOrVar","v":"value"}," years"],"many":["in ",{"t":"idOrVar","v":"value"}," years"],"other":["in ",{"t":"idOrVar","v":"value"}," years"]},"$x":[{"t":"idOrVar","v":"plural"},"value"]},{"$i":"minutes-ago-short","$v":{"zero":"just now","other":[{"t":"idOrVar","v":"value"},"m ago"]},"$x":[{"t":"idOrVar","v":"plural"},"value"]},{"$i":"hours-ago-short","$v":{"zero":"just now","other":[{"t":"idOrVar","v":"value"},"h ago"]},"$x":[{"t":"idOrVar","v":"plural"},"value"]},{"$i":"days-ago-short","$v":{"zero":"today","other":[{"t":"idOrVar","v":"value"},"d ago"]},"$x":[{"t":"idOrVar","v":"plural"},"value"]},{"$i":"minutes-until-short","$v":{"zero":"now","other":["in ",{"t":"idOrVar","v":"value"},"m"]},"$x":[{"t":"idOrVar","v":"plural"},"value"]},{"$i":"hours-until-short","$v":{"zero":"now","other":["in ",{"t":"idOrVar","v":"value"},"h"]},"$x":[{"t":"idOrVar","v":"plural"},"value"]},{"$i":"days-until-short","$v":{"zero":"today","other":["in ",{"t":"idOrVar","v":"value"},"d"]},"$x":[{"t":"idOrVar","v":"plural"},"value"]},{"$i":"incorrectDate","$v":"(incorrect date)"},{"$i":"dateTimeFormat_%c","$v":"%a %b %e %Y %I:%M:%S %p"},{"$i":"dateTimeFormat_%x","$v":"%m/%d/%Y"},{"$i":"dateTimeFormat_%X","$v":"%I:%M:%S %p"},{"$i":"shortTimeFormat","$v":"%I:%M %p"},{"$i":"shortTimeFormat12","$v":"%I:%M %p"},{"$i":"shortTimeFormat24","$v":"%H:%M"},{"$i":"shortDateTimeFormat","$v":"%x %I:%M %p"},{"$i":"weekStartsOnMonday","$v":"0"},{"$i":"firstDayOfTheWeek","$v":"0"},{"$i":"time_am","$v":"AM"},{"$i":"time_pm","$v":"PM"},{"$i":"sim-with-index-and-carrier","$v":["SIM ",{"t":"idOrVar","v":"index"}," - ",{"t":"idOrVar","v":"carrier"}]},{"$i":"sim-without-carrier","$v":["SIM ",{"t":"idOrVar","v":"index"}]}]