[{"$i":"callLog","$v":"Hívásnapló"},{"$i":"all","$v":"Összes"},{"$i":"missed","$v":"Nem fogadott"},{"$i":"outgoing","$v":"Tárcsázott"},{"$i":"incoming","$v":"Fogadva"},{"$i":"missedCall","$v":"Nem fogadott hívás"},{"$i":"outgoingCall","$v":"Kimenő hívás"},{"$i":"incomingCall","$v":"Bejövő hívás"},{"$i":"rttCall","$v":"RTT-hívás"},{"$i":"rtt-call","$v":"RTT-HÍVÁS"},{"$i":"videoCall","$v":"Videohívás"},{"$i":"call","$v":"Hívás"},{"$i":"options","$v":"Opciók"},{"$i":"callInformation","$v":"Hívásra vonatkozó információk"},{"$i":"sendSms","$v":"Üzenet küldése"},{"$i":"createNewContact","$v":"Új névjegy létrehozása"},{"$i":"addToExistingContact","$v":"Hozzáadás egy meglévő névjegyhez"},{"$i":"editCalllog","$v":"Hívásnapló szerkesztése"},{"$i":"withheld-number","$v":"Ismeretlen"},{"$i":"today","$v":"Ma"},{"$i":"yesterday","$v":"Tegnap"},{"$i":"no-logs-msg-1","$v":"Nincs híváselőzmény"},{"$i":"no-logs-msg-2","$v":"Kezdjen el kommunikálni most"},{"$i":"voicemail","$v":"Hangposta"},{"$i":"emergencyNumber","$v":"Segélyhívás"},{"$i":"select","$v":"Kiválasztás"},{"$i":"calllog-all","$v":"Összes"},{"$i":"delete","$v":"Törlés"},{"$i":"deselect","$v":"Kijelölés törlése"},{"$i":"calllog-none","$v":"Nincs"},{"$i":"checkedCount","$v":"kiválasztva"},{"$i":"confirmation","$v":"Megerősítés"},{"$i":"deleteLog","$v":"Biztosan törölni kívánja a kiválasztott bejegyzéseket a Hívásnaplóból?"},{"$i":"delete-single-log","$v":["Biztosan törölni kívánja a(z) ",{"t":"idOrVar","v":"name"}," névjegyet a Hívásnaplóból?"]},{"$i":"blockContact","$v":"A letiltási listán található személyektől nem fog hívásokat vagy üzeneteket kapni."},{"$i":"no-recent-numbers","$v":"A hívásnaplók nem tartalmaznak legutóbbi számokat a tárcsázáshoz."},{"$i":"ok","$v":"OK"},{"$i":"cancel","$v":"Mégse"},{"$i":"block","$v":"Letiltás"},{"$i":"unblock","$v":"Feloldás"},{"$i":"deletedNotification","$v":[{"t":"idOrVar","v":"n"}," bejegyzés törölve"]},{"$i":"deletedNotification-1","$v":{"few":[{"t":"idOrVar","v":"n"}," bejegyzés törölve"],"many":[{"t":"idOrVar","v":"n"}," bejegyzés törölve"],"other":[{"t":"idOrVar","v":"n"}," bejegyzés törölve"],"two":[{"t":"idOrVar","v":"n"}," bejegyzés törölve"],"one":"1 bejegyzés törlésre került"},"$x":[{"t":"idOrVar","v":"plural"},"n"]},{"$i":"durationHours","$v":{"few":[{"t":"idOrVar","v":"value"}," óra"],"many":[{"t":"idOrVar","v":"value"}," óra"],"one":"1 óra","other":[{"t":"idOrVar","v":"value"}," óra"],"two":[{"t":"idOrVar","v":"value"}," óra"],"zero":"0 óra"},"$x":[{"t":"idOrVar","v":"plural"},"value"]},{"$i":"durationMinutes","$v":{"few":[{"t":"idOrVar","v":"value"}," perc"],"many":[{"t":"idOrVar","v":"value"}," perc"],"one":"1 perc","other":[{"t":"idOrVar","v":"value"}," perc"],"two":[{"t":"idOrVar","v":"value"}," perc"],"zero":"0 perc"},"$x":[{"t":"idOrVar","v":"plural"},"value"]},{"$i":"durationSeconds","$v":{"few":[{"t":"idOrVar","v":"value"}," másodperc"],"many":[{"t":"idOrVar","v":"value"}," másodperc"],"one":"1 másodperc","other":[{"t":"idOrVar","v":"value"}," másodperc"],"two":[{"t":"idOrVar","v":"value"}," másodperc"],"zero":"0 másodperc"},"$x":[{"t":"idOrVar","v":"plural"},"value"]},{"$i":"mobile","$v":"Mobil"},{"$i":"home","$v":"Kezdőképernyő"},{"$i":"work","$v":"Munkahelyi"},{"$i":"personal","$v":"Személyes"},{"$i":"faxHome","$v":"Otthoni fax"},{"$i":"faxOffice","$v":"Munkahelyi fax"},{"$i":"faxOther","$v":"Egyéb fax"},{"$i":"callAirplaneModeTitle","$v":"Repülőgép üzemmód aktiválva"},{"$i":"callAirplaneModeMessage","$v":"Híváshoz ki kell kapcsolni a repülőgép üzemmódot a beállításokban."},{"$i":"emergencyDialogTitle","$v":"Nincs hálózati kapcsolat"},{"$i":"emergencyDialogBodyBadNumber","$v":"Hívás indításához a telefonnak csatlakoznia kell egy hálózathoz."},{"$i":"emergencyDialogBodyDeviceNotAccepted","$v":"A hálózat nem engedélyezi a segélyhívásokat."},{"$i":"invalidNumberToDialTitle","$v":"Érvénytelen telefonszám"},{"$i":"invalidNumberToDialMessage","$v":"A hívott szám nem érvényes."},{"$i":"emergency-call-only","$v":"Csak segélyhívás"},{"$i":"emergency-call-error","$v":["A ",{"t":"idOrVar","v":"number"}," nem segélyhívószám."]},{"$i":"numberIsBusyTitle","$v":"A szám foglalt"},{"$i":"numberIsBusyMessage","$v":"A szám jelenleg foglalt. Próbálja újra később."},{"$i":"fdnIsActiveTitle","$v":"Fix hívószámok (FDN) mód aktív"},{"$i":"fdnIsActiveMessage","$v":["A fix hívószámok (FDN) mód be van kapcsolva, és ez a szám nincs rajta a fix hívószámok (FDN) listáján: ",{"t":"idOrVar","v":"numbers"}]},{"$i":"otherConnectionInUseTitle","$v":"A használatban lévő másik kapcsolat"},{"$i":"otherConnectionInUseMessage","$v":"Egy folyamatban lévő hívása van egy másik kapcsolaton keresztül. Egyszerre csak egy kapcsolatot használhat."},{"$i":"GenericFailure","$v":"Általános hiba"},{"$i":"CallFailed","$v":"A hívás megszakadt."},{"$i":"weekday-0-long","$v":"Sunday"},{"$i":"weekday-1-long","$v":"Monday"},{"$i":"weekday-2-long","$v":"Tuesday"},{"$i":"weekday-3-long","$v":"Wednesday"},{"$i":"weekday-4-long","$v":"Thursday"},{"$i":"weekday-5-long","$v":"Friday"},{"$i":"weekday-6-long","$v":"Saturday"},{"$i":"weekday-0-short","$v":"Sun"},{"$i":"weekday-1-short","$v":"Mon"},{"$i":"weekday-2-short","$v":"Tue"},{"$i":"weekday-3-short","$v":"Wed"},{"$i":"weekday-4-short","$v":"Thu"},{"$i":"weekday-5-short","$v":"Fri"},{"$i":"weekday-6-short","$v":"Sat"},{"$i":"month-0-long","$v":"January"},{"$i":"month-1-long","$v":"February"},{"$i":"month-2-long","$v":"March"},{"$i":"month-3-long","$v":"April"},{"$i":"month-4-long","$v":"May"},{"$i":"month-5-long","$v":"June"},{"$i":"month-6-long","$v":"July"},{"$i":"month-7-long","$v":"August"},{"$i":"month-8-long","$v":"September"},{"$i":"month-9-long","$v":"October"},{"$i":"month-10-long","$v":"November"},{"$i":"month-11-long","$v":"December"},{"$i":"month-0-genitive","$v":"January"},{"$i":"month-1-genitive","$v":"February"},{"$i":"month-2-genitive","$v":"March"},{"$i":"month-3-genitive","$v":"April"},{"$i":"month-4-genitive","$v":"May"},{"$i":"month-5-genitive","$v":"June"},{"$i":"month-6-genitive","$v":"July"},{"$i":"month-7-genitive","$v":"August"},{"$i":"month-8-genitive","$v":"September"},{"$i":"month-9-genitive","$v":"October"},{"$i":"month-10-genitive","$v":"November"},{"$i":"month-11-genitive","$v":"December"},{"$i":"month-0-short","$v":"Jan"},{"$i":"month-1-short","$v":"Feb"},{"$i":"month-2-short","$v":"Mar"},{"$i":"month-3-short","$v":"Apr"},{"$i":"month-4-short","$v":"May"},{"$i":"month-5-short","$v":"Jun"},{"$i":"month-6-short","$v":"Jul"},{"$i":"month-7-short","$v":"Aug"},{"$i":"month-8-short","$v":"Sep"},{"$i":"month-9-short","$v":"Oct"},{"$i":"month-10-short","$v":"Nov"},{"$i":"month-11-short","$v":"Dec"},{"$i":"minutes-ago-long","$v":{"zero":"just now","one":"a minute ago","two":[{"t":"idOrVar","v":"value"}," minutes ago"],"few":[{"t":"idOrVar","v":"value"}," minutes ago"],"many":[{"t":"idOrVar","v":"value"}," minutes ago"],"other":[{"t":"idOrVar","v":"value"}," minutes ago"]},"$x":[{"t":"idOrVar","v":"plural"},"value"]},{"$i":"hours-ago-long","$v":{"zero":"just now","one":"an hour ago","two":[{"t":"idOrVar","v":"value"}," hours ago"],"few":[{"t":"idOrVar","v":"value"}," hours ago"],"many":[{"t":"idOrVar","v":"value"}," hours ago"],"other":[{"t":"idOrVar","v":"value"}," hours ago"]},"$x":[{"t":"idOrVar","v":"plural"},"value"]},{"$i":"days-ago-long","$v":{"zero":"today","one":"yesterday","two":[{"t":"idOrVar","v":"value"}," days ago"],"few":[{"t":"idOrVar","v":"value"}," days ago"],"many":[{"t":"idOrVar","v":"value"}," days ago"],"other":[{"t":"idOrVar","v":"value"}," days ago"]},"$x":[{"t":"idOrVar","v":"plural"},"value"]},{"$i":"weeks-ago-long","$v":{"zero":"this week","one":"last week","two":[{"t":"idOrVar","v":"value"}," weeks ago"],"few":[{"t":"idOrVar","v":"value"}," weeks ago"],"many":[{"t":"idOrVar","v":"value"}," weeks ago"],"other":[{"t":"idOrVar","v":"value"}," weeks ago"]},"$x":[{"t":"idOrVar","v":"plural"},"value"]},{"$i":"months-ago-long","$v":{"zero":"this month","one":"last month","two":[{"t":"idOrVar","v":"value"}," months ago"],"few":[{"t":"idOrVar","v":"value"}," months ago"],"many":[{"t":"idOrVar","v":"value"}," months ago"],"other":[{"t":"idOrVar","v":"value"}," months ago"]},"$x":[{"t":"idOrVar","v":"plural"},"value"]},{"$i":"years-ago-long","$v":{"zero":"this year","one":"last year","two":[{"t":"idOrVar","v":"value"}," years ago"],"few":[{"t":"idOrVar","v":"value"}," years ago"],"many":[{"t":"idOrVar","v":"value"}," years ago"],"other":[{"t":"idOrVar","v":"value"}," years ago"]},"$x":[{"t":"idOrVar","v":"plural"},"value"]},{"$i":"minutes-until-long","$v":{"zero":"now","one":"in a minute","two":["in ",{"t":"idOrVar","v":"value"}," minutes"],"few":["in ",{"t":"idOrVar","v":"value"}," minutes"],"many":["in ",{"t":"idOrVar","v":"value"}," minutes"],"other":["in ",{"t":"idOrVar","v":"value"}," minutes"]},"$x":[{"t":"idOrVar","v":"plural"},"value"]},{"$i":"hours-until-long","$v":{"zero":"now","one":"in an hour","two":["in ",{"t":"idOrVar","v":"value"}," hours"],"few":["in ",{"t":"idOrVar","v":"value"}," hours"],"many":["in ",{"t":"idOrVar","v":"value"}," hours"],"other":["in ",{"t":"idOrVar","v":"value"}," hours"]},"$x":[{"t":"idOrVar","v":"plural"},"value"]},{"$i":"days-until-long","$v":{"zero":"today","one":"tomorrow","two":["in ",{"t":"idOrVar","v":"value"}," days"],"few":["in ",{"t":"idOrVar","v":"value"}," days"],"many":["in ",{"t":"idOrVar","v":"value"}," days"],"other":["in ",{"t":"idOrVar","v":"value"}," days"]},"$x":[{"t":"idOrVar","v":"plural"},"value"]},{"$i":"weeks-until-long","$v":{"zero":"this week","one":"next week","two":["in ",{"t":"idOrVar","v":"value"}," weeks"],"few":["in ",{"t":"idOrVar","v":"value"}," weeks"],"many":["in ",{"t":"idOrVar","v":"value"}," weeks"],"other":["in ",{"t":"idOrVar","v":"value"}," weeks"]},"$x":[{"t":"idOrVar","v":"plural"},"value"]},{"$i":"months-until-long","$v":{"zero":"this month","one":"next month","two":["in ",{"t":"idOrVar","v":"value"}," months"],"few":["in ",{"t":"idOrVar","v":"value"}," months"],"many":["in ",{"t":"idOrVar","v":"value"}," months"],"other":["in ",{"t":"idOrVar","v":"value"}," months"]},"$x":[{"t":"idOrVar","v":"plural"},"value"]},{"$i":"years-until-long","$v":{"zero":"this year","one":"next year","two":["in ",{"t":"idOrVar","v":"value"}," years"],"few":["in ",{"t":"idOrVar","v":"value"}," years"],"many":["in ",{"t":"idOrVar","v":"value"}," years"],"other":["in ",{"t":"idOrVar","v":"value"}," years"]},"$x":[{"t":"idOrVar","v":"plural"},"value"]},{"$i":"minutes-ago-short","$v":{"zero":"just now","other":[{"t":"idOrVar","v":"value"},"m ago"]},"$x":[{"t":"idOrVar","v":"plural"},"value"]},{"$i":"hours-ago-short","$v":{"zero":"just now","other":[{"t":"idOrVar","v":"value"},"h ago"]},"$x":[{"t":"idOrVar","v":"plural"},"value"]},{"$i":"days-ago-short","$v":{"zero":"today","other":[{"t":"idOrVar","v":"value"},"d ago"]},"$x":[{"t":"idOrVar","v":"plural"},"value"]},{"$i":"minutes-until-short","$v":{"zero":"now","other":["in ",{"t":"idOrVar","v":"value"},"m"]},"$x":[{"t":"idOrVar","v":"plural"},"value"]},{"$i":"hours-until-short","$v":{"zero":"now","other":["in ",{"t":"idOrVar","v":"value"},"h"]},"$x":[{"t":"idOrVar","v":"plural"},"value"]},{"$i":"days-until-short","$v":{"zero":"today","other":["in ",{"t":"idOrVar","v":"value"},"d"]},"$x":[{"t":"idOrVar","v":"plural"},"value"]},{"$i":"incorrectDate","$v":"(incorrect date)"},{"$i":"dateTimeFormat_%c","$v":"%a %b %e %Y %I:%M:%S %p"},{"$i":"dateTimeFormat_%x","$v":"%m/%d/%Y"},{"$i":"dateTimeFormat_%X","$v":"%I:%M:%S %p"},{"$i":"shortTimeFormat","$v":"%I:%M %p"},{"$i":"shortTimeFormat12","$v":"%I:%M %p"},{"$i":"shortTimeFormat24","$v":"%H:%M"},{"$i":"shortDateTimeFormat","$v":"%x %I:%M %p"},{"$i":"weekStartsOnMonday","$v":"0"},{"$i":"firstDayOfTheWeek","$v":"0"},{"$i":"time_am","$v":"AM"},{"$i":"time_pm","$v":"PM"},{"$i":"sim-with-index-and-carrier","$v":["SIM ",{"t":"idOrVar","v":"index"}," - ",{"t":"idOrVar","v":"carrier"}]},{"$i":"sim-without-carrier","$v":["SIM ",{"t":"idOrVar","v":"index"}]}]