[{"$i":"callLog","$v":"Կանչի գրնցմտյն"},{"$i":"all","$v":"Բոլորը"},{"$i":"missed","$v":"Բաց թողնված"},{"$i":"outgoing","$v":"Հավաքված"},{"$i":"incoming","$v":"Ստացված"},{"$i":"missedCall","$v":"Բաց թողած զանգ"},{"$i":"outgoingCall","$v":"Ելքային կանչ"},{"$i":"incomingCall","$v":"Մուտքային կանչ"},{"$i":"rttCall","$v":"RTT կանչ"},{"$i":"rtt-call","$v":"RTT Կանչ"},{"$i":"videoCall","$v":"Տեսականչ"},{"$i":"call","$v":"Կանչ"},{"$i":"options","$v":"Ընտրանքներ"},{"$i":"callInformation","$v":"Կանչի տվյալներ"},{"$i":"sendSms","$v":"Ուղարկել հղգն"},{"$i":"createNewContact","$v":"Ստղծլ նոր կնտկտ"},{"$i":"addToExistingContact","$v":"Ավլցն առկա կոնտակտին"},{"$i":"editCalllog","$v":"Խմբգրլ զանգերի գրնցմտյանը"},{"$i":"withheld-number","$v":"Անհայտ"},{"$i":"today","$v":"Այսօր"},{"$i":"yesterday","$v":"Երեկ"},{"$i":"no-logs-msg-1","$v":"Ոչ զանգի պատմություն"},{"$i":"no-logs-msg-2","$v":"Սկսել շփվել հիմա"},{"$i":"voicemail","$v":"Ձայնային նամակ"},{"$i":"emergencyNumber","$v":"Արտակարգ իրավիճակի հեռախոսահամար"},{"$i":"select","$v":"Ընտրել"},{"$i":"calllog-all","$v":"Բոլորը"},{"$i":"delete","$v":"Ջնջել"},{"$i":"deselect","$v":"Ապընտրել"},{"$i":"calllog-none","$v":"Ոչ մի"},{"$i":"checkedCount","$v":"selected"},{"$i":"confirmation","$v":"Հաստատում"},{"$i":"deleteLog","$v":"Իսկապես ջնջե՞լ ընտրված մուտքագրումները Կանչերի գրանցամտյանից:"},{"$i":"delete-single-log","$v":["Ջնջե՞լ ",{"t":"idOrVar","v":"name"}," անունը զանգերի մատյանից:"]},{"$i":"blockContact","$v":"Դուք չեք ստանա հեռախոսազանգեր և հաղորդագրություններ արգելափակված ցանկի մարդկանցից:"},{"$i":"no-recent-numbers","$v":"Կանչերի մատյանում վերջին համարներ չկան կանչ կատարելու համար։"},{"$i":"ok","$v":"Լավ"},{"$i":"cancel","$v":"Չեղարկել"},{"$i":"block","$v":"Արգելափակել"},{"$i":"unblock","$v":"Բաց թողնել"},{"$i":"deletedNotification","$v":["Ջնջվեց ",{"t":"idOrVar","v":"n"}," նշում"]},{"$i":"deletedNotification-1","$v":{"few":["Ջնջվեց ",{"t":"idOrVar","v":"n"}," նշում"],"many":["Ջնջվեց ",{"t":"idOrVar","v":"n"}," նշում"],"other":["Ջնջվեց ",{"t":"idOrVar","v":"n"}," նշում"],"two":["Ջնջվեց ",{"t":"idOrVar","v":"n"}," նշում"],"one":"1 մուտք ջնջված է"},"$x":[{"t":"idOrVar","v":"plural"},"n"]},{"$i":"durationHours","$v":{"few":[{"t":"idOrVar","v":"value"}," ժամ"],"many":[{"t":"idOrVar","v":"value"}," ժամ"],"one":"1 ժամ","other":[{"t":"idOrVar","v":"value"}," ժամ"],"two":[{"t":"idOrVar","v":"value"}," ժամ"],"zero":"0 ժամ"},"$x":[{"t":"idOrVar","v":"plural"},"value"]},{"$i":"durationMinutes","$v":{"few":[{"t":"idOrVar","v":"value"}," րոպե"],"many":[{"t":"idOrVar","v":"value"}," րոպե"],"one":"1 րոպե","other":[{"t":"idOrVar","v":"value"}," րոպե"],"two":[{"t":"idOrVar","v":"value"}," րոպե"],"zero":"0 րոպե"},"$x":[{"t":"idOrVar","v":"plural"},"value"]},{"$i":"durationSeconds","$v":{"few":[{"t":"idOrVar","v":"value"}," ժամ"],"many":[{"t":"idOrVar","v":"value"}," ժամ"],"one":"1 վայրկյան","other":[{"t":"idOrVar","v":"value"}," ժամ"],"two":[{"t":"idOrVar","v":"value"}," ժամ"],"zero":"0 վայրկյան"},"$x":[{"t":"idOrVar","v":"plural"},"value"]},{"$i":"mobile","$v":"Բջջային"},{"$i":"home","$v":"Գլխավոր էջ"},{"$i":"work","$v":"Աշխատանք"},{"$i":"personal","$v":"Անձնական"},{"$i":"faxHome","$v":"Ֆաքս տուն"},{"$i":"faxOffice","$v":"Ֆաքս գրասենյակ"},{"$i":"faxOther","$v":"Ֆաքս այլ"},{"$i":"callAirplaneModeTitle","$v":"Օդանավի ռեժիմն ակտիվացված է"},{"$i":"callAirplaneModeMessage","$v":"Կանչ կատարելու համար անջատեք օդանավի ռեժիմը պարամետրերից:"},{"$i":"emergencyDialogTitle","$v":"Ցանց չկա"},{"$i":"emergencyDialogBodyBadNumber","$v":"Կանչ կատարելու համար հեռախոսը պետք է միացված լինի ցանցին:"},{"$i":"emergencyDialogBodyDeviceNotAccepted","$v":"Արտակարգ իրավիճակի կանչերը թույլատրելի չեն առանց ցանցի:"},{"$i":"invalidNumberToDialTitle","$v":"Անվավեր հեռախոսահամար"},{"$i":"invalidNumberToDialMessage","$v":"Հեռախոսահամարը, որին զանգում եք, վավեր չէ:"},{"$i":"emergency-call-only","$v":"Միայն արտակարգ իրավիճակի կանչ"},{"$i":"emergency-call-error","$v":[{"t":"idOrVar","v":"number"}," արտկրգ իրվճկնր հռխոսհմր չէ:"]},{"$i":"numberIsBusyTitle","$v":"Հեռախոսամարը զբաղված է"},{"$i":"numberIsBusyMessage","$v":"Այս պահին հեռախոսահամարը զբաղված է: Կրկին փորձեք ավելի ուշ:"},{"$i":"fdnIsActiveTitle","$v":"FDN-ն ակտիվ է"},{"$i":"fdnIsActiveMessage","$v":["FDN-ը (Ֆիքսված հավաքման համարներ) ակտիվացված է և հետևյալ համարը FDN ցանկում չէ. ",{"t":"idOrVar","v":"number"}]},{"$i":"otherConnectionInUseTitle","$v":"Օգտգրծվծ այլ միացում"},{"$i":"otherConnectionInUseMessage","$v":"Դուք ունեք ակտիվ կանչ կամ մեկ այլ միացում: Դուք կարող եք միայն օգտագործել մեկ միացում միաժամանակ:"},{"$i":"GenericFailure","$v":"Ընդհանուր ձախողում"},{"$i":"CallFailed","$v":"Կանչը ձախողվեց"},{"$i":"weekday-0-long","$v":"Sunday"},{"$i":"weekday-1-long","$v":"Monday"},{"$i":"weekday-2-long","$v":"Tuesday"},{"$i":"weekday-3-long","$v":"Wednesday"},{"$i":"weekday-4-long","$v":"Thursday"},{"$i":"weekday-5-long","$v":"Friday"},{"$i":"weekday-6-long","$v":"Saturday"},{"$i":"weekday-0-short","$v":"Sun"},{"$i":"weekday-1-short","$v":"Mon"},{"$i":"weekday-2-short","$v":"Tue"},{"$i":"weekday-3-short","$v":"Wed"},{"$i":"weekday-4-short","$v":"Thu"},{"$i":"weekday-5-short","$v":"Fri"},{"$i":"weekday-6-short","$v":"Sat"},{"$i":"month-0-long","$v":"January"},{"$i":"month-1-long","$v":"February"},{"$i":"month-2-long","$v":"March"},{"$i":"month-3-long","$v":"April"},{"$i":"month-4-long","$v":"May"},{"$i":"month-5-long","$v":"June"},{"$i":"month-6-long","$v":"July"},{"$i":"month-7-long","$v":"August"},{"$i":"month-8-long","$v":"September"},{"$i":"month-9-long","$v":"October"},{"$i":"month-10-long","$v":"November"},{"$i":"month-11-long","$v":"December"},{"$i":"month-0-genitive","$v":"January"},{"$i":"month-1-genitive","$v":"February"},{"$i":"month-2-genitive","$v":"March"},{"$i":"month-3-genitive","$v":"April"},{"$i":"month-4-genitive","$v":"May"},{"$i":"month-5-genitive","$v":"June"},{"$i":"month-6-genitive","$v":"July"},{"$i":"month-7-genitive","$v":"August"},{"$i":"month-8-genitive","$v":"September"},{"$i":"month-9-genitive","$v":"October"},{"$i":"month-10-genitive","$v":"November"},{"$i":"month-11-genitive","$v":"December"},{"$i":"month-0-short","$v":"Jan"},{"$i":"month-1-short","$v":"Feb"},{"$i":"month-2-short","$v":"Mar"},{"$i":"month-3-short","$v":"Apr"},{"$i":"month-4-short","$v":"May"},{"$i":"month-5-short","$v":"Jun"},{"$i":"month-6-short","$v":"Jul"},{"$i":"month-7-short","$v":"Aug"},{"$i":"month-8-short","$v":"Sep"},{"$i":"month-9-short","$v":"Oct"},{"$i":"month-10-short","$v":"Nov"},{"$i":"month-11-short","$v":"Dec"},{"$i":"minutes-ago-long","$v":{"zero":"just now","one":"a minute ago","two":[{"t":"idOrVar","v":"value"}," minutes ago"],"few":[{"t":"idOrVar","v":"value"}," minutes ago"],"many":[{"t":"idOrVar","v":"value"}," minutes ago"],"other":[{"t":"idOrVar","v":"value"}," minutes ago"]},"$x":[{"t":"idOrVar","v":"plural"},"value"]},{"$i":"hours-ago-long","$v":{"zero":"just now","one":"an hour ago","two":[{"t":"idOrVar","v":"value"}," hours ago"],"few":[{"t":"idOrVar","v":"value"}," hours ago"],"many":[{"t":"idOrVar","v":"value"}," hours ago"],"other":[{"t":"idOrVar","v":"value"}," hours ago"]},"$x":[{"t":"idOrVar","v":"plural"},"value"]},{"$i":"days-ago-long","$v":{"zero":"today","one":"yesterday","two":[{"t":"idOrVar","v":"value"}," days ago"],"few":[{"t":"idOrVar","v":"value"}," days ago"],"many":[{"t":"idOrVar","v":"value"}," days ago"],"other":[{"t":"idOrVar","v":"value"}," days ago"]},"$x":[{"t":"idOrVar","v":"plural"},"value"]},{"$i":"weeks-ago-long","$v":{"zero":"this week","one":"last week","two":[{"t":"idOrVar","v":"value"}," weeks ago"],"few":[{"t":"idOrVar","v":"value"}," weeks ago"],"many":[{"t":"idOrVar","v":"value"}," weeks ago"],"other":[{"t":"idOrVar","v":"value"}," weeks ago"]},"$x":[{"t":"idOrVar","v":"plural"},"value"]},{"$i":"months-ago-long","$v":{"zero":"this month","one":"last month","two":[{"t":"idOrVar","v":"value"}," months ago"],"few":[{"t":"idOrVar","v":"value"}," months ago"],"many":[{"t":"idOrVar","v":"value"}," months ago"],"other":[{"t":"idOrVar","v":"value"}," months ago"]},"$x":[{"t":"idOrVar","v":"plural"},"value"]},{"$i":"years-ago-long","$v":{"zero":"this year","one":"last year","two":[{"t":"idOrVar","v":"value"}," years ago"],"few":[{"t":"idOrVar","v":"value"}," years ago"],"many":[{"t":"idOrVar","v":"value"}," years ago"],"other":[{"t":"idOrVar","v":"value"}," years ago"]},"$x":[{"t":"idOrVar","v":"plural"},"value"]},{"$i":"minutes-until-long","$v":{"zero":"now","one":"in a minute","two":["in ",{"t":"idOrVar","v":"value"}," minutes"],"few":["in ",{"t":"idOrVar","v":"value"}," minutes"],"many":["in ",{"t":"idOrVar","v":"value"}," minutes"],"other":["in ",{"t":"idOrVar","v":"value"}," minutes"]},"$x":[{"t":"idOrVar","v":"plural"},"value"]},{"$i":"hours-until-long","$v":{"zero":"now","one":"in an hour","two":["in ",{"t":"idOrVar","v":"value"}," hours"],"few":["in ",{"t":"idOrVar","v":"value"}," hours"],"many":["in ",{"t":"idOrVar","v":"value"}," hours"],"other":["in ",{"t":"idOrVar","v":"value"}," hours"]},"$x":[{"t":"idOrVar","v":"plural"},"value"]},{"$i":"days-until-long","$v":{"zero":"today","one":"tomorrow","two":["in ",{"t":"idOrVar","v":"value"}," days"],"few":["in ",{"t":"idOrVar","v":"value"}," days"],"many":["in ",{"t":"idOrVar","v":"value"}," days"],"other":["in ",{"t":"idOrVar","v":"value"}," days"]},"$x":[{"t":"idOrVar","v":"plural"},"value"]},{"$i":"weeks-until-long","$v":{"zero":"this week","one":"next week","two":["in ",{"t":"idOrVar","v":"value"}," weeks"],"few":["in ",{"t":"idOrVar","v":"value"}," weeks"],"many":["in ",{"t":"idOrVar","v":"value"}," weeks"],"other":["in ",{"t":"idOrVar","v":"value"}," weeks"]},"$x":[{"t":"idOrVar","v":"plural"},"value"]},{"$i":"months-until-long","$v":{"zero":"this month","one":"next month","two":["in ",{"t":"idOrVar","v":"value"}," months"],"few":["in ",{"t":"idOrVar","v":"value"}," months"],"many":["in ",{"t":"idOrVar","v":"value"}," months"],"other":["in ",{"t":"idOrVar","v":"value"}," months"]},"$x":[{"t":"idOrVar","v":"plural"},"value"]},{"$i":"years-until-long","$v":{"zero":"this year","one":"next year","two":["in ",{"t":"idOrVar","v":"value"}," years"],"few":["in ",{"t":"idOrVar","v":"value"}," years"],"many":["in ",{"t":"idOrVar","v":"value"}," years"],"other":["in ",{"t":"idOrVar","v":"value"}," years"]},"$x":[{"t":"idOrVar","v":"plural"},"value"]},{"$i":"minutes-ago-short","$v":{"zero":"just now","other":[{"t":"idOrVar","v":"value"},"m ago"]},"$x":[{"t":"idOrVar","v":"plural"},"value"]},{"$i":"hours-ago-short","$v":{"zero":"just now","other":[{"t":"idOrVar","v":"value"},"h ago"]},"$x":[{"t":"idOrVar","v":"plural"},"value"]},{"$i":"days-ago-short","$v":{"zero":"today","other":[{"t":"idOrVar","v":"value"},"d ago"]},"$x":[{"t":"idOrVar","v":"plural"},"value"]},{"$i":"minutes-until-short","$v":{"zero":"now","other":["in ",{"t":"idOrVar","v":"value"},"m"]},"$x":[{"t":"idOrVar","v":"plural"},"value"]},{"$i":"hours-until-short","$v":{"zero":"now","other":["in ",{"t":"idOrVar","v":"value"},"h"]},"$x":[{"t":"idOrVar","v":"plural"},"value"]},{"$i":"days-until-short","$v":{"zero":"today","other":["in ",{"t":"idOrVar","v":"value"},"d"]},"$x":[{"t":"idOrVar","v":"plural"},"value"]},{"$i":"incorrectDate","$v":"(incorrect date)"},{"$i":"dateTimeFormat_%c","$v":"%a %b %e %Y %I:%M:%S %p"},{"$i":"dateTimeFormat_%x","$v":"%m/%d/%Y"},{"$i":"dateTimeFormat_%X","$v":"%I:%M:%S %p"},{"$i":"shortTimeFormat","$v":"%I:%M %p"},{"$i":"shortTimeFormat12","$v":"%I:%M %p"},{"$i":"shortTimeFormat24","$v":"%H:%M"},{"$i":"shortDateTimeFormat","$v":"%x %I:%M %p"},{"$i":"weekStartsOnMonday","$v":"0"},{"$i":"firstDayOfTheWeek","$v":"0"},{"$i":"time_am","$v":"AM"},{"$i":"time_pm","$v":"PM"},{"$i":"sim-with-index-and-carrier","$v":["SIM ",{"t":"idOrVar","v":"index"}," - ",{"t":"idOrVar","v":"carrier"}]},{"$i":"sim-without-carrier","$v":["SIM ",{"t":"idOrVar","v":"index"}]}]