[{"$i":"callLog","$v":"Log Panggilan"},{"$i":"all","$v":"Semua"},{"$i":"missed","$v":"Tak terjawab"},{"$i":"outgoing","$v":"Ditekan"},{"$i":"incoming","$v":"Diterima"},{"$i":"missedCall","$v":"Panggilan tak terjawab"},{"$i":"outgoingCall","$v":"Panggilan keluar"},{"$i":"incomingCall","$v":"Panggilan masuk"},{"$i":"rttCall","$v":"Panggilan RTT"},{"$i":"rtt-call","$v":"PANGGILAN RTT"},{"$i":"videoCall","$v":"Panggilan video"},{"$i":"call","$v":"Panggilan"},{"$i":"options","$v":"Opsi"},{"$i":"callInformation","$v":"Informasi Panggilan"},{"$i":"sendSms","$v":"Kirim Pesan"},{"$i":"createNewContact","$v":"Buat Kontak Baru"},{"$i":"addToExistingContact","$v":"Tambahkan ke Kontak yang Sudah Ada"},{"$i":"editCalllog","$v":"Edit log panggilan"},{"$i":"withheld-number","$v":"Tidak diketahui"},{"$i":"today","$v":"Hari ini"},{"$i":"yesterday","$v":"Kemarin"},{"$i":"no-logs-msg-1","$v":"Tidak ada riwayat panggilan"},{"$i":"no-logs-msg-2","$v":"Mulai komunikasi sekarang"},{"$i":"voicemail","$v":"Pesan suara"},{"$i":"emergencyNumber","$v":"Panggilan Darurat"},{"$i":"select","$v":"Pilih"},{"$i":"calllog-all","$v":"Semua"},{"$i":"delete","$v":"Hapus"},{"$i":"deselect","$v":"Hapus pilihan"},{"$i":"calllog-none","$v":"Tidak ada"},{"$i":"checkedCount","$v":"dipilih"},{"$i":"confirmation","$v":"Konfirmasi"},{"$i":"deleteLog","$v":"Anda yakin ingin menghapus entri yang dipilih dari Log Panggilan?"},{"$i":"delete-single-log","$v":["Anda yakin ingin menghapus ",{"t":"idOrVar","v":"name"}," dari Log Panggilan?"]},{"$i":"blockContact","$v":"Anda tidak akan menerima panggilan telepon, pesan dari orang dalam daftar blokir."},{"$i":"no-recent-numbers","$v":"Tidak ada nomor terbaru pada Log Panggilan untuk dipanggil."},{"$i":"ok","$v":"OK"},{"$i":"cancel","$v":"Batal"},{"$i":"block","$v":"Blokir"},{"$i":"unblock","$v":"Hapus blokir"},{"$i":"deletedNotification","$v":[{"t":"idOrVar","v":"n"}," entri dihapus"]},{"$i":"deletedNotification-1","$v":{"few":[{"t":"idOrVar","v":"n"}," entri dihapus"],"many":[{"t":"idOrVar","v":"n"}," entri dihapus"],"other":[{"t":"idOrVar","v":"n"}," entri dihapus"],"two":[{"t":"idOrVar","v":"n"}," entri dihapus"],"one":"1 entri dihapus"},"$x":[{"t":"idOrVar","v":"plural"},"n"]},{"$i":"durationHours","$v":{"few":[{"t":"idOrVar","v":"value"}," jam"],"many":[{"t":"idOrVar","v":"value"}," jam"],"one":"1 jam","other":[{"t":"idOrVar","v":"value"}," jam"],"two":[{"t":"idOrVar","v":"value"}," jam"],"zero":"0 jam"},"$x":[{"t":"idOrVar","v":"plural"},"value"]},{"$i":"durationMinutes","$v":{"few":[{"t":"idOrVar","v":"value"}," menit"],"many":[{"t":"idOrVar","v":"value"}," menit"],"one":"1 menit","other":[{"t":"idOrVar","v":"value"}," menit"],"two":[{"t":"idOrVar","v":"value"}," menit"],"zero":"0 menit"},"$x":[{"t":"idOrVar","v":"plural"},"value"]},{"$i":"durationSeconds","$v":{"few":[{"t":"idOrVar","v":"value"}," detik"],"many":[{"t":"idOrVar","v":"value"}," detik"],"one":"1 detik","other":[{"t":"idOrVar","v":"value"}," detik"],"two":[{"t":"idOrVar","v":"value"}," detik"],"zero":"0 detik"},"$x":[{"t":"idOrVar","v":"plural"},"value"]},{"$i":"mobile","$v":"Seluler"},{"$i":"home","$v":"Rumah"},{"$i":"work","$v":"Kantor"},{"$i":"personal","$v":"Pribadi"},{"$i":"faxHome","$v":"Fax rumah"},{"$i":"faxOffice","$v":"Fax kantor"},{"$i":"faxOther","$v":"Fax lainnya"},{"$i":"callAirplaneModeTitle","$v":"Mode pesawat terbang aktif"},{"$i":"callAirplaneModeMessage","$v":"Untuk melakukan panggilan Anda perlu mematikan mode pesawat terbang di pengaturan."},{"$i":"emergencyDialogTitle","$v":"Tidak ada koneksi jaringan"},{"$i":"emergencyDialogBodyBadNumber","$v":"Untuk melakukan panggilan, ponsel harus tersambung ke jaringan."},{"$i":"emergencyDialogBodyDeviceNotAccepted","$v":"Panggilan darurat tidak diizinkan oleh jaringan."},{"$i":"invalidNumberToDialTitle","$v":"Nomor telepon tidak valid"},{"$i":"invalidNumberToDialMessage","$v":"Nomor telepon yang ada panggil tidak valid."},{"$i":"emergency-call-only","$v":"Hanya Panggilan Darurat"},{"$i":"emergency-call-error","$v":[{"t":"idOrVar","v":"number"}," bukan nomor darurat."]},{"$i":"numberIsBusyTitle","$v":"Nomor sedang sibuk"},{"$i":"numberIsBusyMessage","$v":"Nomor sedang sibuk. Silakan coba sesaat lagi."},{"$i":"fdnIsActiveTitle","$v":"NPT aktif"},{"$i":"fdnIsActiveMessage","$v":["FDN (Fixed Dialing Numbers) diaktifkan dan nomor berikut tidak dalam daftar NPT Anda: ",{"t":"idOrVar","v":"number"}]},{"$i":"otherConnectionInUseTitle","$v":"Koneksi lain sedang digunakan"},{"$i":"otherConnectionInUseMessage","$v":"Anda memiliki panggilan aktif di koneksi lain. Anda hanya dapat menggunakan satu koneksi pada satu waktu."},{"$i":"GenericFailure","$v":"Kegagalan umum"},{"$i":"CallFailed","$v":"Panggilan gagal"},{"$i":"weekday-0-long","$v":"Sunday"},{"$i":"weekday-1-long","$v":"Monday"},{"$i":"weekday-2-long","$v":"Tuesday"},{"$i":"weekday-3-long","$v":"Wednesday"},{"$i":"weekday-4-long","$v":"Thursday"},{"$i":"weekday-5-long","$v":"Friday"},{"$i":"weekday-6-long","$v":"Saturday"},{"$i":"weekday-0-short","$v":"Sun"},{"$i":"weekday-1-short","$v":"Mon"},{"$i":"weekday-2-short","$v":"Tue"},{"$i":"weekday-3-short","$v":"Wed"},{"$i":"weekday-4-short","$v":"Thu"},{"$i":"weekday-5-short","$v":"Fri"},{"$i":"weekday-6-short","$v":"Sat"},{"$i":"month-0-long","$v":"January"},{"$i":"month-1-long","$v":"February"},{"$i":"month-2-long","$v":"March"},{"$i":"month-3-long","$v":"April"},{"$i":"month-4-long","$v":"May"},{"$i":"month-5-long","$v":"June"},{"$i":"month-6-long","$v":"July"},{"$i":"month-7-long","$v":"August"},{"$i":"month-8-long","$v":"September"},{"$i":"month-9-long","$v":"October"},{"$i":"month-10-long","$v":"November"},{"$i":"month-11-long","$v":"December"},{"$i":"month-0-genitive","$v":"January"},{"$i":"month-1-genitive","$v":"February"},{"$i":"month-2-genitive","$v":"March"},{"$i":"month-3-genitive","$v":"April"},{"$i":"month-4-genitive","$v":"May"},{"$i":"month-5-genitive","$v":"June"},{"$i":"month-6-genitive","$v":"July"},{"$i":"month-7-genitive","$v":"August"},{"$i":"month-8-genitive","$v":"September"},{"$i":"month-9-genitive","$v":"October"},{"$i":"month-10-genitive","$v":"November"},{"$i":"month-11-genitive","$v":"December"},{"$i":"month-0-short","$v":"Jan"},{"$i":"month-1-short","$v":"Feb"},{"$i":"month-2-short","$v":"Mar"},{"$i":"month-3-short","$v":"Apr"},{"$i":"month-4-short","$v":"May"},{"$i":"month-5-short","$v":"Jun"},{"$i":"month-6-short","$v":"Jul"},{"$i":"month-7-short","$v":"Aug"},{"$i":"month-8-short","$v":"Sep"},{"$i":"month-9-short","$v":"Oct"},{"$i":"month-10-short","$v":"Nov"},{"$i":"month-11-short","$v":"Dec"},{"$i":"minutes-ago-long","$v":{"zero":"just now","one":"a minute ago","two":[{"t":"idOrVar","v":"value"}," minutes ago"],"few":[{"t":"idOrVar","v":"value"}," minutes ago"],"many":[{"t":"idOrVar","v":"value"}," minutes ago"],"other":[{"t":"idOrVar","v":"value"}," minutes ago"]},"$x":[{"t":"idOrVar","v":"plural"},"value"]},{"$i":"hours-ago-long","$v":{"zero":"just now","one":"an hour ago","two":[{"t":"idOrVar","v":"value"}," hours ago"],"few":[{"t":"idOrVar","v":"value"}," hours ago"],"many":[{"t":"idOrVar","v":"value"}," hours ago"],"other":[{"t":"idOrVar","v":"value"}," hours ago"]},"$x":[{"t":"idOrVar","v":"plural"},"value"]},{"$i":"days-ago-long","$v":{"zero":"today","one":"yesterday","two":[{"t":"idOrVar","v":"value"}," days ago"],"few":[{"t":"idOrVar","v":"value"}," days ago"],"many":[{"t":"idOrVar","v":"value"}," days ago"],"other":[{"t":"idOrVar","v":"value"}," days ago"]},"$x":[{"t":"idOrVar","v":"plural"},"value"]},{"$i":"weeks-ago-long","$v":{"zero":"this week","one":"last week","two":[{"t":"idOrVar","v":"value"}," weeks ago"],"few":[{"t":"idOrVar","v":"value"}," weeks ago"],"many":[{"t":"idOrVar","v":"value"}," weeks ago"],"other":[{"t":"idOrVar","v":"value"}," weeks ago"]},"$x":[{"t":"idOrVar","v":"plural"},"value"]},{"$i":"months-ago-long","$v":{"zero":"this month","one":"last month","two":[{"t":"idOrVar","v":"value"}," months ago"],"few":[{"t":"idOrVar","v":"value"}," months ago"],"many":[{"t":"idOrVar","v":"value"}," months ago"],"other":[{"t":"idOrVar","v":"value"}," months ago"]},"$x":[{"t":"idOrVar","v":"plural"},"value"]},{"$i":"years-ago-long","$v":{"zero":"this year","one":"last year","two":[{"t":"idOrVar","v":"value"}," years ago"],"few":[{"t":"idOrVar","v":"value"}," years ago"],"many":[{"t":"idOrVar","v":"value"}," years ago"],"other":[{"t":"idOrVar","v":"value"}," years ago"]},"$x":[{"t":"idOrVar","v":"plural"},"value"]},{"$i":"minutes-until-long","$v":{"zero":"now","one":"in a minute","two":["in ",{"t":"idOrVar","v":"value"}," minutes"],"few":["in ",{"t":"idOrVar","v":"value"}," minutes"],"many":["in ",{"t":"idOrVar","v":"value"}," minutes"],"other":["in ",{"t":"idOrVar","v":"value"}," minutes"]},"$x":[{"t":"idOrVar","v":"plural"},"value"]},{"$i":"hours-until-long","$v":{"zero":"now","one":"in an hour","two":["in ",{"t":"idOrVar","v":"value"}," hours"],"few":["in ",{"t":"idOrVar","v":"value"}," hours"],"many":["in ",{"t":"idOrVar","v":"value"}," hours"],"other":["in ",{"t":"idOrVar","v":"value"}," hours"]},"$x":[{"t":"idOrVar","v":"plural"},"value"]},{"$i":"days-until-long","$v":{"zero":"today","one":"tomorrow","two":["in ",{"t":"idOrVar","v":"value"}," days"],"few":["in ",{"t":"idOrVar","v":"value"}," days"],"many":["in ",{"t":"idOrVar","v":"value"}," days"],"other":["in ",{"t":"idOrVar","v":"value"}," days"]},"$x":[{"t":"idOrVar","v":"plural"},"value"]},{"$i":"weeks-until-long","$v":{"zero":"this week","one":"next week","two":["in ",{"t":"idOrVar","v":"value"}," weeks"],"few":["in ",{"t":"idOrVar","v":"value"}," weeks"],"many":["in ",{"t":"idOrVar","v":"value"}," weeks"],"other":["in ",{"t":"idOrVar","v":"value"}," weeks"]},"$x":[{"t":"idOrVar","v":"plural"},"value"]},{"$i":"months-until-long","$v":{"zero":"this month","one":"next month","two":["in ",{"t":"idOrVar","v":"value"}," months"],"few":["in ",{"t":"idOrVar","v":"value"}," months"],"many":["in ",{"t":"idOrVar","v":"value"}," months"],"other":["in ",{"t":"idOrVar","v":"value"}," months"]},"$x":[{"t":"idOrVar","v":"plural"},"value"]},{"$i":"years-until-long","$v":{"zero":"this year","one":"next year","two":["in ",{"t":"idOrVar","v":"value"}," years"],"few":["in ",{"t":"idOrVar","v":"value"}," years"],"many":["in ",{"t":"idOrVar","v":"value"}," years"],"other":["in ",{"t":"idOrVar","v":"value"}," years"]},"$x":[{"t":"idOrVar","v":"plural"},"value"]},{"$i":"minutes-ago-short","$v":{"zero":"just now","other":[{"t":"idOrVar","v":"value"},"m ago"]},"$x":[{"t":"idOrVar","v":"plural"},"value"]},{"$i":"hours-ago-short","$v":{"zero":"just now","other":[{"t":"idOrVar","v":"value"},"h ago"]},"$x":[{"t":"idOrVar","v":"plural"},"value"]},{"$i":"days-ago-short","$v":{"zero":"today","other":[{"t":"idOrVar","v":"value"},"d ago"]},"$x":[{"t":"idOrVar","v":"plural"},"value"]},{"$i":"minutes-until-short","$v":{"zero":"now","other":["in ",{"t":"idOrVar","v":"value"},"m"]},"$x":[{"t":"idOrVar","v":"plural"},"value"]},{"$i":"hours-until-short","$v":{"zero":"now","other":["in ",{"t":"idOrVar","v":"value"},"h"]},"$x":[{"t":"idOrVar","v":"plural"},"value"]},{"$i":"days-until-short","$v":{"zero":"today","other":["in ",{"t":"idOrVar","v":"value"},"d"]},"$x":[{"t":"idOrVar","v":"plural"},"value"]},{"$i":"incorrectDate","$v":"(incorrect date)"},{"$i":"dateTimeFormat_%c","$v":"%a %b %e %Y %I:%M:%S %p"},{"$i":"dateTimeFormat_%x","$v":"%m/%d/%Y"},{"$i":"dateTimeFormat_%X","$v":"%I:%M:%S %p"},{"$i":"shortTimeFormat","$v":"%I:%M %p"},{"$i":"shortTimeFormat12","$v":"%I:%M %p"},{"$i":"shortTimeFormat24","$v":"%H:%M"},{"$i":"shortDateTimeFormat","$v":"%x %I:%M %p"},{"$i":"weekStartsOnMonday","$v":"0"},{"$i":"firstDayOfTheWeek","$v":"0"},{"$i":"time_am","$v":"AM"},{"$i":"time_pm","$v":"PM"},{"$i":"sim-with-index-and-carrier","$v":["SIM ",{"t":"idOrVar","v":"index"}," - ",{"t":"idOrVar","v":"carrier"}]},{"$i":"sim-without-carrier","$v":["SIM ",{"t":"idOrVar","v":"index"}]}]