[{"$i":"callLog","$v":"ზარების ჟურნალი"},{"$i":"all","$v":"ყველა"},{"$i":"missed","$v":"გამოტოვებული"},{"$i":"outgoing","$v":"აკრეფილი"},{"$i":"incoming","$v":"მიღებული"},{"$i":"missedCall","$v":"გამოტოვებული ზარი"},{"$i":"outgoingCall","$v":"გამავ. ზარი"},{"$i":"incomingCall","$v":"შემოსული ზარი"},{"$i":"rttCall","$v":"RTT ზარი"},{"$i":"rtt-call","$v":"RTT ზარი"},{"$i":"videoCall","$v":"ვიდ. ზარი"},{"$i":"call","$v":"ზარი"},{"$i":"options","$v":"ვარიანტები"},{"$i":"callInformation","$v":"ინფ. ზარის შესახებ"},{"$i":"sendSms","$v":"გააგზავნე შეტყობინება"},{"$i":"createNewContact","$v":"ახალი კონტაქ. შექმნა"},{"$i":"addToExistingContact","$v":"არს. კონტაქტზე დამატება"},{"$i":"editCalllog","$v":"ზარების ჟურნალის რედაქტირება"},{"$i":"withheld-number","$v":"უცნობი"},{"$i":"today","$v":"დღეს"},{"$i":"yesterday","$v":"გუშინ"},{"$i":"no-logs-msg-1","$v":"არა ზარის ისტორია"},{"$i":"no-logs-msg-2","$v":"დაიწყე კომუნიკაცია ახლა"},{"$i":"voicemail","$v":"ხმოვანი ფოსტა"},{"$i":"emergencyNumber","$v":"საგანგებო სამსახურის ნომერი"},{"$i":"select","$v":"არჩევა"},{"$i":"calllog-all","$v":"ყველა"},{"$i":"delete","$v":"წაშლა"},{"$i":"deselect","$v":"მონიშვნის მოხსნა"},{"$i":"calllog-none","$v":"არცერთი"},{"$i":"checkedCount","$v":"selected"},{"$i":"confirmation","$v":"დადასტურება"},{"$i":"deleteLog","$v":"დარწმუნებული ხართ, რომ გსურთ ზარების ჟურნალიდან არჩეული შეტანილი მონაცემების წაშლა?"},{"$i":"delete-single-log","$v":["ნამდვილად გსურთ, წაშალოთ ",{"t":"idOrVar","v":"name"}," ზარების ჟურნალიდან?"]},{"$i":"blockContact","$v":"თქვენ ვერ მიიღებთ სატელეფონო ზარებს და შეტყობინებებს დაბლოკილთა სიაში მყოფი ადამიანებისგან."},{"$i":"no-recent-numbers","$v":"ზარების ჟურნალში არ არის ახალი ზარები, რომ აიკრიფოს."},{"$i":"ok","$v":"OK"},{"$i":"cancel","$v":"გაუქმება"},{"$i":"block","$v":"დაბლოკვა"},{"$i":"unblock","$v":"განბლოკვა"},{"$i":"deletedNotification","$v":[{"t":"idOrVar","v":"n"}," შეტანილი მონაცემები წაშლილია"]},{"$i":"deletedNotification-1","$v":{"few":[{"t":"idOrVar","v":"n"}," შეტანილი მონაცემები წაშლილია"],"many":[{"t":"idOrVar","v":"n"}," შეტანილი მონაცემები წაშლილია"],"other":[{"t":"idOrVar","v":"n"}," შეტანილი მონაცემები წაშლილია"],"two":[{"t":"idOrVar","v":"n"}," შეტანილი მონაცემები წაშლილია"],"one":"1 შეტანილი ჩანაწერი წაიშალა"},"$x":[{"t":"idOrVar","v":"plural"},"n"]},{"$i":"durationHours","$v":{"few":[{"t":"idOrVar","v":"value"}," საათი"],"many":[{"t":"idOrVar","v":"value"}," საათი"],"one":"1 საათი","other":[{"t":"idOrVar","v":"value"}," საათი"],"two":[{"t":"idOrVar","v":"value"}," საათი"],"zero":"0 საათი"},"$x":[{"t":"idOrVar","v":"plural"},"value"]},{"$i":"durationMinutes","$v":{"few":[{"t":"idOrVar","v":"value"}," წუთი"],"many":[{"t":"idOrVar","v":"value"}," წუთი"],"one":"1 წუთი","other":[{"t":"idOrVar","v":"value"}," წუთი"],"two":[{"t":"idOrVar","v":"value"}," წუთი"],"zero":"0 წუთი"},"$x":[{"t":"idOrVar","v":"plural"},"value"]},{"$i":"durationSeconds","$v":{"few":[{"t":"idOrVar","v":"value"}," საათი"],"many":[{"t":"idOrVar","v":"value"}," საათი"],"one":"1 წამი","other":[{"t":"idOrVar","v":"value"}," საათი"],"two":[{"t":"idOrVar","v":"value"}," საათი"],"zero":"0 წამი"},"$x":[{"t":"idOrVar","v":"plural"},"value"]},{"$i":"mobile","$v":"მობილური"},{"$i":"home","$v":"სახლი"},{"$i":"work","$v":"სამუშაო"},{"$i":"personal","$v":"პირადი"},{"$i":"faxHome","$v":"ფაქსი სახლი"},{"$i":"faxOffice","$v":"ფაქსი ოფისი"},{"$i":"faxOther","$v":"ფაქსი სხვა"},{"$i":"callAirplaneModeTitle","$v":"ფრენის რეჟიმი გააქტიურებულია"},{"$i":"callAirplaneModeMessage","$v":"ზარის განსახორციელებლად, თქვენ უნდა გამორთოთ ფრენის რეჟიმი პარამეტრებიდან."},{"$i":"emergencyDialogTitle","$v":"ქსელთან კავშირი არ არის"},{"$i":"emergencyDialogBodyBadNumber","$v":"ზარის განსახორციელებლად, ტელეფონი ჩართული უნდა იყოს ინტერნეტში."},{"$i":"emergencyDialogBodyDeviceNotAccepted","$v":"საგანგებო ზარების განხორციელება ქსელით დაუშვებელია."},{"$i":"invalidNumberToDialTitle","$v":"არასწორი ტელეფონის ნომერი"},{"$i":"invalidNumberToDialMessage","$v":"ტელეფონის ნომერი, რომელზეც რეკავთ, არასწორია."},{"$i":"emergency-call-only","$v":"მხოლოდ საგანგებო ზარი"},{"$i":"emergency-call-error","$v":[{"t":"idOrVar","v":"number"}," არ არის საგანგებო სამსახურის ნომერი."]},{"$i":"numberIsBusyTitle","$v":"ნომერი დაკავებულია"},{"$i":"numberIsBusyMessage","$v":"ნომერი ამჟამად დაკავებული. გთხოვთ, მოგვიანებით კიდევ სცადეთ."},{"$i":"fdnIsActiveTitle","$v":"FDN აქტიური"},{"$i":"fdnIsActiveMessage","$v":["FDN (ფიქსირებული ასაკრეფი ნომრები) გააქტიურებულია, ხოლო შემდეგი ნომერი არ არის თქვენი FDN-ის სიაში: ",{"t":"idOrVar","v":"number"}]},{"$i":"otherConnectionInUseTitle","$v":"სხვა მოქმედი კავშირები"},{"$i":"otherConnectionInUseMessage","$v":"თქვენ გაქვთ აქტიური ზარი მეორე ხაზზე. ერთ ჯერზე მხოლოდ ერთი კავშირის გამოყენება შეგიძლიათ."},{"$i":"GenericFailure","$v":"გენერიკული მარცხი"},{"$i":"CallFailed","$v":"ზარი ვერ განხორციელდა"},{"$i":"weekday-0-long","$v":"Sunday"},{"$i":"weekday-1-long","$v":"Monday"},{"$i":"weekday-2-long","$v":"Tuesday"},{"$i":"weekday-3-long","$v":"Wednesday"},{"$i":"weekday-4-long","$v":"Thursday"},{"$i":"weekday-5-long","$v":"Friday"},{"$i":"weekday-6-long","$v":"Saturday"},{"$i":"weekday-0-short","$v":"Sun"},{"$i":"weekday-1-short","$v":"Mon"},{"$i":"weekday-2-short","$v":"Tue"},{"$i":"weekday-3-short","$v":"Wed"},{"$i":"weekday-4-short","$v":"Thu"},{"$i":"weekday-5-short","$v":"Fri"},{"$i":"weekday-6-short","$v":"Sat"},{"$i":"month-0-long","$v":"January"},{"$i":"month-1-long","$v":"February"},{"$i":"month-2-long","$v":"March"},{"$i":"month-3-long","$v":"April"},{"$i":"month-4-long","$v":"May"},{"$i":"month-5-long","$v":"June"},{"$i":"month-6-long","$v":"July"},{"$i":"month-7-long","$v":"August"},{"$i":"month-8-long","$v":"September"},{"$i":"month-9-long","$v":"October"},{"$i":"month-10-long","$v":"November"},{"$i":"month-11-long","$v":"December"},{"$i":"month-0-genitive","$v":"January"},{"$i":"month-1-genitive","$v":"February"},{"$i":"month-2-genitive","$v":"March"},{"$i":"month-3-genitive","$v":"April"},{"$i":"month-4-genitive","$v":"May"},{"$i":"month-5-genitive","$v":"June"},{"$i":"month-6-genitive","$v":"July"},{"$i":"month-7-genitive","$v":"August"},{"$i":"month-8-genitive","$v":"September"},{"$i":"month-9-genitive","$v":"October"},{"$i":"month-10-genitive","$v":"November"},{"$i":"month-11-genitive","$v":"December"},{"$i":"month-0-short","$v":"Jan"},{"$i":"month-1-short","$v":"Feb"},{"$i":"month-2-short","$v":"Mar"},{"$i":"month-3-short","$v":"Apr"},{"$i":"month-4-short","$v":"May"},{"$i":"month-5-short","$v":"Jun"},{"$i":"month-6-short","$v":"Jul"},{"$i":"month-7-short","$v":"Aug"},{"$i":"month-8-short","$v":"Sep"},{"$i":"month-9-short","$v":"Oct"},{"$i":"month-10-short","$v":"Nov"},{"$i":"month-11-short","$v":"Dec"},{"$i":"minutes-ago-long","$v":{"zero":"just now","one":"a minute ago","two":[{"t":"idOrVar","v":"value"}," minutes ago"],"few":[{"t":"idOrVar","v":"value"}," minutes ago"],"many":[{"t":"idOrVar","v":"value"}," minutes ago"],"other":[{"t":"idOrVar","v":"value"}," minutes ago"]},"$x":[{"t":"idOrVar","v":"plural"},"value"]},{"$i":"hours-ago-long","$v":{"zero":"just now","one":"an hour ago","two":[{"t":"idOrVar","v":"value"}," hours ago"],"few":[{"t":"idOrVar","v":"value"}," hours ago"],"many":[{"t":"idOrVar","v":"value"}," hours ago"],"other":[{"t":"idOrVar","v":"value"}," hours ago"]},"$x":[{"t":"idOrVar","v":"plural"},"value"]},{"$i":"days-ago-long","$v":{"zero":"today","one":"yesterday","two":[{"t":"idOrVar","v":"value"}," days ago"],"few":[{"t":"idOrVar","v":"value"}," days ago"],"many":[{"t":"idOrVar","v":"value"}," days ago"],"other":[{"t":"idOrVar","v":"value"}," days ago"]},"$x":[{"t":"idOrVar","v":"plural"},"value"]},{"$i":"weeks-ago-long","$v":{"zero":"this week","one":"last week","two":[{"t":"idOrVar","v":"value"}," weeks ago"],"few":[{"t":"idOrVar","v":"value"}," weeks ago"],"many":[{"t":"idOrVar","v":"value"}," weeks ago"],"other":[{"t":"idOrVar","v":"value"}," weeks ago"]},"$x":[{"t":"idOrVar","v":"plural"},"value"]},{"$i":"months-ago-long","$v":{"zero":"this month","one":"last month","two":[{"t":"idOrVar","v":"value"}," months ago"],"few":[{"t":"idOrVar","v":"value"}," months ago"],"many":[{"t":"idOrVar","v":"value"}," months ago"],"other":[{"t":"idOrVar","v":"value"}," months ago"]},"$x":[{"t":"idOrVar","v":"plural"},"value"]},{"$i":"years-ago-long","$v":{"zero":"this year","one":"last year","two":[{"t":"idOrVar","v":"value"}," years ago"],"few":[{"t":"idOrVar","v":"value"}," years ago"],"many":[{"t":"idOrVar","v":"value"}," years ago"],"other":[{"t":"idOrVar","v":"value"}," years ago"]},"$x":[{"t":"idOrVar","v":"plural"},"value"]},{"$i":"minutes-until-long","$v":{"zero":"now","one":"in a minute","two":["in ",{"t":"idOrVar","v":"value"}," minutes"],"few":["in ",{"t":"idOrVar","v":"value"}," minutes"],"many":["in ",{"t":"idOrVar","v":"value"}," minutes"],"other":["in ",{"t":"idOrVar","v":"value"}," minutes"]},"$x":[{"t":"idOrVar","v":"plural"},"value"]},{"$i":"hours-until-long","$v":{"zero":"now","one":"in an hour","two":["in ",{"t":"idOrVar","v":"value"}," hours"],"few":["in ",{"t":"idOrVar","v":"value"}," hours"],"many":["in ",{"t":"idOrVar","v":"value"}," hours"],"other":["in ",{"t":"idOrVar","v":"value"}," hours"]},"$x":[{"t":"idOrVar","v":"plural"},"value"]},{"$i":"days-until-long","$v":{"zero":"today","one":"tomorrow","two":["in ",{"t":"idOrVar","v":"value"}," days"],"few":["in ",{"t":"idOrVar","v":"value"}," days"],"many":["in ",{"t":"idOrVar","v":"value"}," days"],"other":["in ",{"t":"idOrVar","v":"value"}," days"]},"$x":[{"t":"idOrVar","v":"plural"},"value"]},{"$i":"weeks-until-long","$v":{"zero":"this week","one":"next week","two":["in ",{"t":"idOrVar","v":"value"}," weeks"],"few":["in ",{"t":"idOrVar","v":"value"}," weeks"],"many":["in ",{"t":"idOrVar","v":"value"}," weeks"],"other":["in ",{"t":"idOrVar","v":"value"}," weeks"]},"$x":[{"t":"idOrVar","v":"plural"},"value"]},{"$i":"months-until-long","$v":{"zero":"this month","one":"next month","two":["in ",{"t":"idOrVar","v":"value"}," months"],"few":["in ",{"t":"idOrVar","v":"value"}," months"],"many":["in ",{"t":"idOrVar","v":"value"}," months"],"other":["in ",{"t":"idOrVar","v":"value"}," months"]},"$x":[{"t":"idOrVar","v":"plural"},"value"]},{"$i":"years-until-long","$v":{"zero":"this year","one":"next year","two":["in ",{"t":"idOrVar","v":"value"}," years"],"few":["in ",{"t":"idOrVar","v":"value"}," years"],"many":["in ",{"t":"idOrVar","v":"value"}," years"],"other":["in ",{"t":"idOrVar","v":"value"}," years"]},"$x":[{"t":"idOrVar","v":"plural"},"value"]},{"$i":"minutes-ago-short","$v":{"zero":"just now","other":[{"t":"idOrVar","v":"value"},"m ago"]},"$x":[{"t":"idOrVar","v":"plural"},"value"]},{"$i":"hours-ago-short","$v":{"zero":"just now","other":[{"t":"idOrVar","v":"value"},"h ago"]},"$x":[{"t":"idOrVar","v":"plural"},"value"]},{"$i":"days-ago-short","$v":{"zero":"today","other":[{"t":"idOrVar","v":"value"},"d ago"]},"$x":[{"t":"idOrVar","v":"plural"},"value"]},{"$i":"minutes-until-short","$v":{"zero":"now","other":["in ",{"t":"idOrVar","v":"value"},"m"]},"$x":[{"t":"idOrVar","v":"plural"},"value"]},{"$i":"hours-until-short","$v":{"zero":"now","other":["in ",{"t":"idOrVar","v":"value"},"h"]},"$x":[{"t":"idOrVar","v":"plural"},"value"]},{"$i":"days-until-short","$v":{"zero":"today","other":["in ",{"t":"idOrVar","v":"value"},"d"]},"$x":[{"t":"idOrVar","v":"plural"},"value"]},{"$i":"incorrectDate","$v":"(incorrect date)"},{"$i":"dateTimeFormat_%c","$v":"%a %b %e %Y %I:%M:%S %p"},{"$i":"dateTimeFormat_%x","$v":"%m/%d/%Y"},{"$i":"dateTimeFormat_%X","$v":"%I:%M:%S %p"},{"$i":"shortTimeFormat","$v":"%I:%M %p"},{"$i":"shortTimeFormat12","$v":"%I:%M %p"},{"$i":"shortTimeFormat24","$v":"%H:%M"},{"$i":"shortDateTimeFormat","$v":"%x %I:%M %p"},{"$i":"weekStartsOnMonday","$v":"0"},{"$i":"firstDayOfTheWeek","$v":"0"},{"$i":"time_am","$v":"AM"},{"$i":"time_pm","$v":"PM"},{"$i":"sim-with-index-and-carrier","$v":["SIM ",{"t":"idOrVar","v":"index"}," - ",{"t":"idOrVar","v":"carrier"}]},{"$i":"sim-without-carrier","$v":["SIM ",{"t":"idOrVar","v":"index"}]}]