[{"$i":"callLog","$v":"Skmb. ž."},{"$i":"all","$v":"Visi"},{"$i":"missed","$v":"Praleistas"},{"$i":"outgoing","$v":"Rinkti numeriai"},{"$i":"incoming","$v":"Gauti"},{"$i":"missedCall","$v":"Pral. skmb."},{"$i":"outgoingCall","$v":"Išeinantis skambutis"},{"$i":"incomingCall","$v":"Priim. skamb."},{"$i":"rttCall","$v":"RTT skambutis"},{"$i":"rtt-call","$v":"RTT SKAMBUTIS"},{"$i":"videoCall","$v":"Vaizdo skambutis"},{"$i":"call","$v":"Skambinti"},{"$i":"options","$v":"Funkc."},{"$i":"callInformation","$v":"Skambučio infor."},{"$i":"sendSms","$v":"Siųsti pranešimą"},{"$i":"createNewContact","$v":"Naujo adresato kūr."},{"$i":"addToExistingContact","$v":"Įtr. į esamą adresatą"},{"$i":"editCalllog","$v":"Red. sk. žur."},{"$i":"withheld-number","$v":"Nežinomas"},{"$i":"today","$v":"Šiandien"},{"$i":"yesterday","$v":"Vakar"},{"$i":"no-logs-msg-1","$v":"Nėra skambučių istorijos"},{"$i":"no-logs-msg-2","$v":"Pradėkite bendrauti dabar"},{"$i":"voicemail","$v":"Balso paštas"},{"$i":"emergencyNumber","$v":"Pagalbos tarnybos numeris"},{"$i":"select","$v":"Rinktis"},{"$i":"calllog-all","$v":"Visi"},{"$i":"delete","$v":"Ištrinti"},{"$i":"deselect","$v":"Atsisak."},{"$i":"calllog-none","$v":"Nėra"},{"$i":"checkedCount","$v":"selected"},{"$i":"confirmation","$v":"Patvirtinim."},{"$i":"deleteLog","$v":"Ar tikrai norite ištrinti pasirinktus įrašus iš skambučių žurnalo?"},{"$i":"delete-single-log","$v":["Ar tikrai norite ištrinti ",{"t":"idOrVar","v":"name"}," iš skambučių žurnalo?"]},{"$i":"blockContact","$v":"Negausite skambučių, pranešimų iš žmonių, esančių blokuojamų numerių sąraše."},{"$i":"no-recent-numbers","$v":"Skambučių žurnale nėra neseniai rinktų numerių, kuriuos galėtumėte rinkti."},{"$i":"ok","$v":"GERAI"},{"$i":"cancel","$v":"Atš."},{"$i":"block","$v":"Blokuoti"},{"$i":"unblock","$v":"Atblokuoti"},{"$i":"deletedNotification","$v":["Ištrinta įrašų: ",{"t":"idOrVar","v":"n"}]},{"$i":"deletedNotification-1","$v":{"few":["Ištrinta įrašų: ",{"t":"idOrVar","v":"n"}],"many":["Ištrinta įrašų: ",{"t":"idOrVar","v":"n"}],"other":["Ištrinta įrašų: ",{"t":"idOrVar","v":"n"}],"two":["Ištrinta įrašų: ",{"t":"idOrVar","v":"n"}],"one":"1 įrašas ištrintas"},"$x":[{"t":"idOrVar","v":"plural"},"n"]},{"$i":"durationHours","$v":{"few":[{"t":"idOrVar","v":"value"}," val."],"many":[{"t":"idOrVar","v":"value"}," val."],"one":"1 val.","other":[{"t":"idOrVar","v":"value"}," val."],"two":[{"t":"idOrVar","v":"value"}," val."],"zero":"0 val."},"$x":[{"t":"idOrVar","v":"plural"},"value"]},{"$i":"durationMinutes","$v":{"few":[{"t":"idOrVar","v":"value"}," min."],"many":[{"t":"idOrVar","v":"value"}," min."],"one":"1 min.","other":[{"t":"idOrVar","v":"value"}," min."],"two":[{"t":"idOrVar","v":"value"}," min."],"zero":"0 min."},"$x":[{"t":"idOrVar","v":"plural"},"value"]},{"$i":"durationSeconds","$v":{"few":[{"t":"idOrVar","v":"value"}," val."],"many":[{"t":"idOrVar","v":"value"}," val."],"one":"1 sek.","other":[{"t":"idOrVar","v":"value"}," val."],"two":[{"t":"idOrVar","v":"value"}," val."],"zero":"0 sek."},"$x":[{"t":"idOrVar","v":"plural"},"value"]},{"$i":"mobile","$v":"Mobilusis"},{"$i":"home","$v":"Namų"},{"$i":"work","$v":"Darbas"},{"$i":"personal","$v":"Asmenin."},{"$i":"faxHome","$v":"Namų f."},{"$i":"faxOffice","$v":"Darbo fak."},{"$i":"faxOther","$v":"Kit. faks"},{"$i":"callAirplaneModeTitle","$v":"Lėkt. režimas įjungtas"},{"$i":"callAirplaneModeMessage","$v":"Norinti skambinti, reikia išjungti lėktuvo režimą param. skiltyje."},{"$i":"emergencyDialogTitle","$v":"Nėra tinklo ryšio"},{"$i":"emergencyDialogBodyBadNumber","$v":"Norint skambinti, telefonas turi būti prijungtas prie tinklo."},{"$i":"emergencyDialogBodyDeviceNotAccepted","$v":"Tinkle skambučiai pagalbos tarnyboms neleidžiami."},{"$i":"invalidNumberToDialTitle","$v":"Neteis. telef. num."},{"$i":"invalidNumberToDialMessage","$v":"Telefono numeris, kuriuo skambinate, neteisingas."},{"$i":"emergency-call-only","$v":"Tik skam. sk. pag. t."},{"$i":"emergency-call-error","$v":[{"t":"idOrVar","v":"number"}," nėra pagalbos tarnybos nr."]},{"$i":"numberIsBusyTitle","$v":"Numeris užimtas"},{"$i":"numberIsBusyMessage","$v":"Šiuo metu numeris užimtas. Bandykite dar kartą vėliau."},{"$i":"fdnIsActiveTitle","$v":"FDN įjung."},{"$i":"fdnIsActiveMessage","$v":["FDN (apribotojo rinkimo numerių) funkc. yra įjungta, bet šio numerio nėra jūsų FDN sąraše: ",{"t":"idOrVar","v":"number"}]},{"$i":"otherConnectionInUseTitle","$v":"Naudojamas kitas ryšys"},{"$i":"otherConnectionInUseMessage","$v":"Šiuo metu aktyviai skambinate kitam ryšiui. Galite naudotis tik vienu ryšiu tuo pačiu metu."},{"$i":"GenericFailure","$v":"Bendroji klaida"},{"$i":"CallFailed","$v":"Paskambinti nepavyko"},{"$i":"weekday-0-long","$v":"Sunday"},{"$i":"weekday-1-long","$v":"Monday"},{"$i":"weekday-2-long","$v":"Tuesday"},{"$i":"weekday-3-long","$v":"Wednesday"},{"$i":"weekday-4-long","$v":"Thursday"},{"$i":"weekday-5-long","$v":"Friday"},{"$i":"weekday-6-long","$v":"Saturday"},{"$i":"weekday-0-short","$v":"Sun"},{"$i":"weekday-1-short","$v":"Mon"},{"$i":"weekday-2-short","$v":"Tue"},{"$i":"weekday-3-short","$v":"Wed"},{"$i":"weekday-4-short","$v":"Thu"},{"$i":"weekday-5-short","$v":"Fri"},{"$i":"weekday-6-short","$v":"Sat"},{"$i":"month-0-long","$v":"January"},{"$i":"month-1-long","$v":"February"},{"$i":"month-2-long","$v":"March"},{"$i":"month-3-long","$v":"April"},{"$i":"month-4-long","$v":"May"},{"$i":"month-5-long","$v":"June"},{"$i":"month-6-long","$v":"July"},{"$i":"month-7-long","$v":"August"},{"$i":"month-8-long","$v":"September"},{"$i":"month-9-long","$v":"October"},{"$i":"month-10-long","$v":"November"},{"$i":"month-11-long","$v":"December"},{"$i":"month-0-genitive","$v":"January"},{"$i":"month-1-genitive","$v":"February"},{"$i":"month-2-genitive","$v":"March"},{"$i":"month-3-genitive","$v":"April"},{"$i":"month-4-genitive","$v":"May"},{"$i":"month-5-genitive","$v":"June"},{"$i":"month-6-genitive","$v":"July"},{"$i":"month-7-genitive","$v":"August"},{"$i":"month-8-genitive","$v":"September"},{"$i":"month-9-genitive","$v":"October"},{"$i":"month-10-genitive","$v":"November"},{"$i":"month-11-genitive","$v":"December"},{"$i":"month-0-short","$v":"Jan"},{"$i":"month-1-short","$v":"Feb"},{"$i":"month-2-short","$v":"Mar"},{"$i":"month-3-short","$v":"Apr"},{"$i":"month-4-short","$v":"May"},{"$i":"month-5-short","$v":"Jun"},{"$i":"month-6-short","$v":"Jul"},{"$i":"month-7-short","$v":"Aug"},{"$i":"month-8-short","$v":"Sep"},{"$i":"month-9-short","$v":"Oct"},{"$i":"month-10-short","$v":"Nov"},{"$i":"month-11-short","$v":"Dec"},{"$i":"minutes-ago-long","$v":{"zero":"just now","one":"a minute ago","two":[{"t":"idOrVar","v":"value"}," minutes ago"],"few":[{"t":"idOrVar","v":"value"}," minutes ago"],"many":[{"t":"idOrVar","v":"value"}," minutes ago"],"other":[{"t":"idOrVar","v":"value"}," minutes ago"]},"$x":[{"t":"idOrVar","v":"plural"},"value"]},{"$i":"hours-ago-long","$v":{"zero":"just now","one":"an hour ago","two":[{"t":"idOrVar","v":"value"}," hours ago"],"few":[{"t":"idOrVar","v":"value"}," hours ago"],"many":[{"t":"idOrVar","v":"value"}," hours ago"],"other":[{"t":"idOrVar","v":"value"}," hours ago"]},"$x":[{"t":"idOrVar","v":"plural"},"value"]},{"$i":"days-ago-long","$v":{"zero":"today","one":"yesterday","two":[{"t":"idOrVar","v":"value"}," days ago"],"few":[{"t":"idOrVar","v":"value"}," days ago"],"many":[{"t":"idOrVar","v":"value"}," days ago"],"other":[{"t":"idOrVar","v":"value"}," days ago"]},"$x":[{"t":"idOrVar","v":"plural"},"value"]},{"$i":"weeks-ago-long","$v":{"zero":"this week","one":"last week","two":[{"t":"idOrVar","v":"value"}," weeks ago"],"few":[{"t":"idOrVar","v":"value"}," weeks ago"],"many":[{"t":"idOrVar","v":"value"}," weeks ago"],"other":[{"t":"idOrVar","v":"value"}," weeks ago"]},"$x":[{"t":"idOrVar","v":"plural"},"value"]},{"$i":"months-ago-long","$v":{"zero":"this month","one":"last month","two":[{"t":"idOrVar","v":"value"}," months ago"],"few":[{"t":"idOrVar","v":"value"}," months ago"],"many":[{"t":"idOrVar","v":"value"}," months ago"],"other":[{"t":"idOrVar","v":"value"}," months ago"]},"$x":[{"t":"idOrVar","v":"plural"},"value"]},{"$i":"years-ago-long","$v":{"zero":"this year","one":"last year","two":[{"t":"idOrVar","v":"value"}," years ago"],"few":[{"t":"idOrVar","v":"value"}," years ago"],"many":[{"t":"idOrVar","v":"value"}," years ago"],"other":[{"t":"idOrVar","v":"value"}," years ago"]},"$x":[{"t":"idOrVar","v":"plural"},"value"]},{"$i":"minutes-until-long","$v":{"zero":"now","one":"in a minute","two":["in ",{"t":"idOrVar","v":"value"}," minutes"],"few":["in ",{"t":"idOrVar","v":"value"}," minutes"],"many":["in ",{"t":"idOrVar","v":"value"}," minutes"],"other":["in ",{"t":"idOrVar","v":"value"}," minutes"]},"$x":[{"t":"idOrVar","v":"plural"},"value"]},{"$i":"hours-until-long","$v":{"zero":"now","one":"in an hour","two":["in ",{"t":"idOrVar","v":"value"}," hours"],"few":["in ",{"t":"idOrVar","v":"value"}," hours"],"many":["in ",{"t":"idOrVar","v":"value"}," hours"],"other":["in ",{"t":"idOrVar","v":"value"}," hours"]},"$x":[{"t":"idOrVar","v":"plural"},"value"]},{"$i":"days-until-long","$v":{"zero":"today","one":"tomorrow","two":["in ",{"t":"idOrVar","v":"value"}," days"],"few":["in ",{"t":"idOrVar","v":"value"}," days"],"many":["in ",{"t":"idOrVar","v":"value"}," days"],"other":["in ",{"t":"idOrVar","v":"value"}," days"]},"$x":[{"t":"idOrVar","v":"plural"},"value"]},{"$i":"weeks-until-long","$v":{"zero":"this week","one":"next week","two":["in ",{"t":"idOrVar","v":"value"}," weeks"],"few":["in ",{"t":"idOrVar","v":"value"}," weeks"],"many":["in ",{"t":"idOrVar","v":"value"}," weeks"],"other":["in ",{"t":"idOrVar","v":"value"}," weeks"]},"$x":[{"t":"idOrVar","v":"plural"},"value"]},{"$i":"months-until-long","$v":{"zero":"this month","one":"next month","two":["in ",{"t":"idOrVar","v":"value"}," months"],"few":["in ",{"t":"idOrVar","v":"value"}," months"],"many":["in ",{"t":"idOrVar","v":"value"}," months"],"other":["in ",{"t":"idOrVar","v":"value"}," months"]},"$x":[{"t":"idOrVar","v":"plural"},"value"]},{"$i":"years-until-long","$v":{"zero":"this year","one":"next year","two":["in ",{"t":"idOrVar","v":"value"}," years"],"few":["in ",{"t":"idOrVar","v":"value"}," years"],"many":["in ",{"t":"idOrVar","v":"value"}," years"],"other":["in ",{"t":"idOrVar","v":"value"}," years"]},"$x":[{"t":"idOrVar","v":"plural"},"value"]},{"$i":"minutes-ago-short","$v":{"zero":"just now","other":[{"t":"idOrVar","v":"value"},"m ago"]},"$x":[{"t":"idOrVar","v":"plural"},"value"]},{"$i":"hours-ago-short","$v":{"zero":"just now","other":[{"t":"idOrVar","v":"value"},"h ago"]},"$x":[{"t":"idOrVar","v":"plural"},"value"]},{"$i":"days-ago-short","$v":{"zero":"today","other":[{"t":"idOrVar","v":"value"},"d ago"]},"$x":[{"t":"idOrVar","v":"plural"},"value"]},{"$i":"minutes-until-short","$v":{"zero":"now","other":["in ",{"t":"idOrVar","v":"value"},"m"]},"$x":[{"t":"idOrVar","v":"plural"},"value"]},{"$i":"hours-until-short","$v":{"zero":"now","other":["in ",{"t":"idOrVar","v":"value"},"h"]},"$x":[{"t":"idOrVar","v":"plural"},"value"]},{"$i":"days-until-short","$v":{"zero":"today","other":["in ",{"t":"idOrVar","v":"value"},"d"]},"$x":[{"t":"idOrVar","v":"plural"},"value"]},{"$i":"incorrectDate","$v":"(incorrect date)"},{"$i":"dateTimeFormat_%c","$v":"%a %b %e %Y %I:%M:%S %p"},{"$i":"dateTimeFormat_%x","$v":"%m/%d/%Y"},{"$i":"dateTimeFormat_%X","$v":"%I:%M:%S %p"},{"$i":"shortTimeFormat","$v":"%I:%M %p"},{"$i":"shortTimeFormat12","$v":"%I:%M %p"},{"$i":"shortTimeFormat24","$v":"%H:%M"},{"$i":"shortDateTimeFormat","$v":"%x %I:%M %p"},{"$i":"weekStartsOnMonday","$v":"0"},{"$i":"firstDayOfTheWeek","$v":"0"},{"$i":"time_am","$v":"AM"},{"$i":"time_pm","$v":"PM"},{"$i":"sim-with-index-and-carrier","$v":["SIM ",{"t":"idOrVar","v":"index"}," - ",{"t":"idOrVar","v":"carrier"}]},{"$i":"sim-without-carrier","$v":["SIM ",{"t":"idOrVar","v":"index"}]}]