[{"$i":"callLog","$v":"Oproeplog"},{"$i":"all","$v":"Alle"},{"$i":"missed","$v":"Gemist"},{"$i":"outgoing","$v":"Gebeld"},{"$i":"incoming","$v":"Ontvangen"},{"$i":"missedCall","$v":"Gemiste oproep"},{"$i":"outgoingCall","$v":"Uitgaande oproep"},{"$i":"incomingCall","$v":"Inkomende oproep"},{"$i":"rttCall","$v":"RTT-gesprek"},{"$i":"rtt-call","$v":"RTT-GESPREK"},{"$i":"videoCall","$v":"Videogesprek"},{"$i":"call","$v":"Oproep"},{"$i":"options","$v":"Opties"},{"$i":"callInformation","$v":"Oproepinformatie"},{"$i":"sendSms","$v":"Bericht verzenden"},{"$i":"createNewContact","$v":"Nieuw contact maken"},{"$i":"addToExistingContact","$v":"Toevoegen aan bestaand contact"},{"$i":"editCalllog","$v":"Oproeplog bewerken"},{"$i":"withheld-number","$v":"Onbekend"},{"$i":"today","$v":"Vandaag"},{"$i":"yesterday","$v":"Gisteren"},{"$i":"no-logs-msg-1","$v":"Geen belgeschiedenis"},{"$i":"no-logs-msg-2","$v":"Nu beginnen met communiceren"},{"$i":"voicemail","$v":"Voicemail"},{"$i":"emergencyNumber","$v":"Noodoproep"},{"$i":"select","$v":"Selecteer"},{"$i":"calllog-all","$v":"Alle"},{"$i":"delete","$v":"Verwijderen"},{"$i":"deselect","$v":"Deselecteren"},{"$i":"calllog-none","$v":"Geen"},{"$i":"checkedCount","$v":"geselecteerd"},{"$i":"confirmation","$v":"Bevestiging"},{"$i":"deleteLog","$v":"Weet u zeker dat u de geselecteerde items wilt verwijderen uit de oproeplog?"},{"$i":"delete-single-log","$v":["Weet u zeker dat u ",{"t":"idOrVar","v":"name"}," wilt verwijderen uit het oproeplogboek?"]},{"$i":"blockContact","$v":"U ontvangt geen oproepen of berichten van personen die zijn geblokkeerd."},{"$i":"no-recent-numbers","$v":"Er zijn geen recente nummers in het Oproepenlogboek om te bellen."},{"$i":"ok","$v":"OK"},{"$i":"cancel","$v":"Annuleren"},{"$i":"block","$v":"Blokkeren"},{"$i":"unblock","$v":"Blokkering opheffen"},{"$i":"deletedNotification","$v":[{"t":"idOrVar","v":"n"}," items zijn verwijderd"]},{"$i":"deletedNotification-1","$v":{"few":[{"t":"idOrVar","v":"n"}," items zijn verwijderd"],"many":[{"t":"idOrVar","v":"n"}," items zijn verwijderd"],"other":[{"t":"idOrVar","v":"n"}," items zijn verwijderd"],"two":[{"t":"idOrVar","v":"n"}," items zijn verwijderd"],"one":"1 invoer is verwijderd"},"$x":[{"t":"idOrVar","v":"plural"},"n"]},{"$i":"durationHours","$v":{"few":[{"t":"idOrVar","v":"value"}," uur"],"many":[{"t":"idOrVar","v":"value"}," uur"],"one":"1 uur","other":[{"t":"idOrVar","v":"value"}," uur"],"two":[{"t":"idOrVar","v":"value"}," uur"],"zero":"0 uur"},"$x":[{"t":"idOrVar","v":"plural"},"value"]},{"$i":"durationMinutes","$v":{"few":[{"t":"idOrVar","v":"value"}," minuten"],"many":[{"t":"idOrVar","v":"value"}," minuten"],"one":"1 minuut","other":[{"t":"idOrVar","v":"value"}," minuten"],"two":[{"t":"idOrVar","v":"value"}," minuten"],"zero":"0 minuten"},"$x":[{"t":"idOrVar","v":"plural"},"value"]},{"$i":"durationSeconds","$v":{"few":[{"t":"idOrVar","v":"value"}," seconden"],"many":[{"t":"idOrVar","v":"value"}," seconden"],"one":"1 seconde","other":[{"t":"idOrVar","v":"value"}," seconden"],"two":[{"t":"idOrVar","v":"value"}," seconden"],"zero":"0 seconden"},"$x":[{"t":"idOrVar","v":"plural"},"value"]},{"$i":"mobile","$v":"Mobiel"},{"$i":"home","$v":"Thuis"},{"$i":"work","$v":"Werk"},{"$i":"personal","$v":"Persoonlijk"},{"$i":"faxHome","$v":"Fax thuis"},{"$i":"faxOffice","$v":"Fax kantoor"},{"$i":"faxOther","$v":"Fax anders"},{"$i":"callAirplaneModeTitle","$v":"Vliegtuigmodus geactiveerd"},{"$i":"callAirplaneModeMessage","$v":"Om een oproep te plaatsen moet u de vliegtuigmodus uitschakelen in instellingen."},{"$i":"emergencyDialogTitle","$v":"Geen netwerkverbinding"},{"$i":"emergencyDialogBodyBadNumber","$v":"Om een oproep te plaatsen, moet de telefoon verbonden zijn met een netwerk."},{"$i":"emergencyDialogBodyDeviceNotAccepted","$v":"Noodoproepen zijn op het netwerk niet toegestaan."},{"$i":"invalidNumberToDialTitle","$v":"Ongeldig telefoonnummer"},{"$i":"invalidNumberToDialMessage","$v":"Het telefoonnummer dat u belt is niet geldig."},{"$i":"emergency-call-only","$v":"Alleen noodoproep"},{"$i":"emergency-call-error","$v":[{"t":"idOrVar","v":"number"}," is geen alarmnummer."]},{"$i":"numberIsBusyTitle","$v":"Het nummer is in gesprek"},{"$i":"numberIsBusyMessage","$v":"Het nummer is op dit moment in gesprek. Probeer het later nog eens."},{"$i":"fdnIsActiveTitle","$v":"FDN actief"},{"$i":"fdnIsActiveMessage","$v":["FDN (vaste nummers bellen) is geactiveerd en het volgende nummer staat niet in uw FDN-lijst: ",{"t":"idOrVar","v":"number"}]},{"$i":"otherConnectionInUseTitle","$v":"Andere verbinding in gebruik"},{"$i":"otherConnectionInUseMessage","$v":"U hebt een actieve oproep op een andere verbinding. U kunt slechts één verbinding tegelijk gebruiken."},{"$i":"GenericFailure","$v":"Algemene fout"},{"$i":"CallFailed","$v":"Oproep mislukt"},{"$i":"weekday-0-long","$v":"Sunday"},{"$i":"weekday-1-long","$v":"Monday"},{"$i":"weekday-2-long","$v":"Tuesday"},{"$i":"weekday-3-long","$v":"Wednesday"},{"$i":"weekday-4-long","$v":"Thursday"},{"$i":"weekday-5-long","$v":"Friday"},{"$i":"weekday-6-long","$v":"Saturday"},{"$i":"weekday-0-short","$v":"Sun"},{"$i":"weekday-1-short","$v":"Mon"},{"$i":"weekday-2-short","$v":"Tue"},{"$i":"weekday-3-short","$v":"Wed"},{"$i":"weekday-4-short","$v":"Thu"},{"$i":"weekday-5-short","$v":"Fri"},{"$i":"weekday-6-short","$v":"Sat"},{"$i":"month-0-long","$v":"January"},{"$i":"month-1-long","$v":"February"},{"$i":"month-2-long","$v":"March"},{"$i":"month-3-long","$v":"April"},{"$i":"month-4-long","$v":"May"},{"$i":"month-5-long","$v":"June"},{"$i":"month-6-long","$v":"July"},{"$i":"month-7-long","$v":"August"},{"$i":"month-8-long","$v":"September"},{"$i":"month-9-long","$v":"October"},{"$i":"month-10-long","$v":"November"},{"$i":"month-11-long","$v":"December"},{"$i":"month-0-genitive","$v":"January"},{"$i":"month-1-genitive","$v":"February"},{"$i":"month-2-genitive","$v":"March"},{"$i":"month-3-genitive","$v":"April"},{"$i":"month-4-genitive","$v":"May"},{"$i":"month-5-genitive","$v":"June"},{"$i":"month-6-genitive","$v":"July"},{"$i":"month-7-genitive","$v":"August"},{"$i":"month-8-genitive","$v":"September"},{"$i":"month-9-genitive","$v":"October"},{"$i":"month-10-genitive","$v":"November"},{"$i":"month-11-genitive","$v":"December"},{"$i":"month-0-short","$v":"Jan"},{"$i":"month-1-short","$v":"Feb"},{"$i":"month-2-short","$v":"Mar"},{"$i":"month-3-short","$v":"Apr"},{"$i":"month-4-short","$v":"May"},{"$i":"month-5-short","$v":"Jun"},{"$i":"month-6-short","$v":"Jul"},{"$i":"month-7-short","$v":"Aug"},{"$i":"month-8-short","$v":"Sep"},{"$i":"month-9-short","$v":"Oct"},{"$i":"month-10-short","$v":"Nov"},{"$i":"month-11-short","$v":"Dec"},{"$i":"minutes-ago-long","$v":{"zero":"just now","one":"a minute ago","two":[{"t":"idOrVar","v":"value"}," minutes ago"],"few":[{"t":"idOrVar","v":"value"}," minutes ago"],"many":[{"t":"idOrVar","v":"value"}," minutes ago"],"other":[{"t":"idOrVar","v":"value"}," minutes ago"]},"$x":[{"t":"idOrVar","v":"plural"},"value"]},{"$i":"hours-ago-long","$v":{"zero":"just now","one":"an hour ago","two":[{"t":"idOrVar","v":"value"}," hours ago"],"few":[{"t":"idOrVar","v":"value"}," hours ago"],"many":[{"t":"idOrVar","v":"value"}," hours ago"],"other":[{"t":"idOrVar","v":"value"}," hours ago"]},"$x":[{"t":"idOrVar","v":"plural"},"value"]},{"$i":"days-ago-long","$v":{"zero":"today","one":"yesterday","two":[{"t":"idOrVar","v":"value"}," days ago"],"few":[{"t":"idOrVar","v":"value"}," days ago"],"many":[{"t":"idOrVar","v":"value"}," days ago"],"other":[{"t":"idOrVar","v":"value"}," days ago"]},"$x":[{"t":"idOrVar","v":"plural"},"value"]},{"$i":"weeks-ago-long","$v":{"zero":"this week","one":"last week","two":[{"t":"idOrVar","v":"value"}," weeks ago"],"few":[{"t":"idOrVar","v":"value"}," weeks ago"],"many":[{"t":"idOrVar","v":"value"}," weeks ago"],"other":[{"t":"idOrVar","v":"value"}," weeks ago"]},"$x":[{"t":"idOrVar","v":"plural"},"value"]},{"$i":"months-ago-long","$v":{"zero":"this month","one":"last month","two":[{"t":"idOrVar","v":"value"}," months ago"],"few":[{"t":"idOrVar","v":"value"}," months ago"],"many":[{"t":"idOrVar","v":"value"}," months ago"],"other":[{"t":"idOrVar","v":"value"}," months ago"]},"$x":[{"t":"idOrVar","v":"plural"},"value"]},{"$i":"years-ago-long","$v":{"zero":"this year","one":"last year","two":[{"t":"idOrVar","v":"value"}," years ago"],"few":[{"t":"idOrVar","v":"value"}," years ago"],"many":[{"t":"idOrVar","v":"value"}," years ago"],"other":[{"t":"idOrVar","v":"value"}," years ago"]},"$x":[{"t":"idOrVar","v":"plural"},"value"]},{"$i":"minutes-until-long","$v":{"zero":"now","one":"in a minute","two":["in ",{"t":"idOrVar","v":"value"}," minutes"],"few":["in ",{"t":"idOrVar","v":"value"}," minutes"],"many":["in ",{"t":"idOrVar","v":"value"}," minutes"],"other":["in ",{"t":"idOrVar","v":"value"}," minutes"]},"$x":[{"t":"idOrVar","v":"plural"},"value"]},{"$i":"hours-until-long","$v":{"zero":"now","one":"in an hour","two":["in ",{"t":"idOrVar","v":"value"}," hours"],"few":["in ",{"t":"idOrVar","v":"value"}," hours"],"many":["in ",{"t":"idOrVar","v":"value"}," hours"],"other":["in ",{"t":"idOrVar","v":"value"}," hours"]},"$x":[{"t":"idOrVar","v":"plural"},"value"]},{"$i":"days-until-long","$v":{"zero":"today","one":"tomorrow","two":["in ",{"t":"idOrVar","v":"value"}," days"],"few":["in ",{"t":"idOrVar","v":"value"}," days"],"many":["in ",{"t":"idOrVar","v":"value"}," days"],"other":["in ",{"t":"idOrVar","v":"value"}," days"]},"$x":[{"t":"idOrVar","v":"plural"},"value"]},{"$i":"weeks-until-long","$v":{"zero":"this week","one":"next week","two":["in ",{"t":"idOrVar","v":"value"}," weeks"],"few":["in ",{"t":"idOrVar","v":"value"}," weeks"],"many":["in ",{"t":"idOrVar","v":"value"}," weeks"],"other":["in ",{"t":"idOrVar","v":"value"}," weeks"]},"$x":[{"t":"idOrVar","v":"plural"},"value"]},{"$i":"months-until-long","$v":{"zero":"this month","one":"next month","two":["in ",{"t":"idOrVar","v":"value"}," months"],"few":["in ",{"t":"idOrVar","v":"value"}," months"],"many":["in ",{"t":"idOrVar","v":"value"}," months"],"other":["in ",{"t":"idOrVar","v":"value"}," months"]},"$x":[{"t":"idOrVar","v":"plural"},"value"]},{"$i":"years-until-long","$v":{"zero":"this year","one":"next year","two":["in ",{"t":"idOrVar","v":"value"}," years"],"few":["in ",{"t":"idOrVar","v":"value"}," years"],"many":["in ",{"t":"idOrVar","v":"value"}," years"],"other":["in ",{"t":"idOrVar","v":"value"}," years"]},"$x":[{"t":"idOrVar","v":"plural"},"value"]},{"$i":"minutes-ago-short","$v":{"zero":"just now","other":[{"t":"idOrVar","v":"value"},"m ago"]},"$x":[{"t":"idOrVar","v":"plural"},"value"]},{"$i":"hours-ago-short","$v":{"zero":"just now","other":[{"t":"idOrVar","v":"value"},"h ago"]},"$x":[{"t":"idOrVar","v":"plural"},"value"]},{"$i":"days-ago-short","$v":{"zero":"today","other":[{"t":"idOrVar","v":"value"},"d ago"]},"$x":[{"t":"idOrVar","v":"plural"},"value"]},{"$i":"minutes-until-short","$v":{"zero":"now","other":["in ",{"t":"idOrVar","v":"value"},"m"]},"$x":[{"t":"idOrVar","v":"plural"},"value"]},{"$i":"hours-until-short","$v":{"zero":"now","other":["in ",{"t":"idOrVar","v":"value"},"h"]},"$x":[{"t":"idOrVar","v":"plural"},"value"]},{"$i":"days-until-short","$v":{"zero":"today","other":["in ",{"t":"idOrVar","v":"value"},"d"]},"$x":[{"t":"idOrVar","v":"plural"},"value"]},{"$i":"incorrectDate","$v":"(incorrect date)"},{"$i":"dateTimeFormat_%c","$v":"%a %b %e %Y %I:%M:%S %p"},{"$i":"dateTimeFormat_%x","$v":"%m/%d/%Y"},{"$i":"dateTimeFormat_%X","$v":"%I:%M:%S %p"},{"$i":"shortTimeFormat","$v":"%I:%M %p"},{"$i":"shortTimeFormat12","$v":"%I:%M %p"},{"$i":"shortTimeFormat24","$v":"%H:%M"},{"$i":"shortDateTimeFormat","$v":"%x %I:%M %p"},{"$i":"weekStartsOnMonday","$v":"0"},{"$i":"firstDayOfTheWeek","$v":"0"},{"$i":"time_am","$v":"AM"},{"$i":"time_pm","$v":"PM"},{"$i":"sim-with-index-and-carrier","$v":["SIM ",{"t":"idOrVar","v":"index"}," - ",{"t":"idOrVar","v":"carrier"}]},{"$i":"sim-without-carrier","$v":["SIM ",{"t":"idOrVar","v":"index"}]}]