[{"$i":"callLog","$v":"Registro de chamadas"},{"$i":"all","$v":"Tudo"},{"$i":"missed","$v":"Perdidas"},{"$i":"outgoing","$v":"Discado"},{"$i":"incoming","$v":"Recebidas"},{"$i":"missedCall","$v":"Chamada perdida"},{"$i":"outgoingCall","$v":"Chamada realizada"},{"$i":"incomingCall","$v":"Chamada recebida"},{"$i":"rttCall","$v":"Chamada RTT"},{"$i":"rtt-call","$v":"CHAMADA RTT"},{"$i":"videoCall","$v":"Chamada de vídeo"},{"$i":"call","$v":"Chamada"},{"$i":"options","$v":"Opções"},{"$i":"callInformation","$v":"Informações da chamada"},{"$i":"sendSms","$v":"Enviar mensagem"},{"$i":"createNewContact","$v":"Criar novo contato"},{"$i":"addToExistingContact","$v":"Adicionar a contato existente"},{"$i":"editCalllog","$v":"Editar registro de chamadas"},{"$i":"withheld-number","$v":"Desconhecido"},{"$i":"today","$v":"Hoje"},{"$i":"yesterday","$v":"Ontem"},{"$i":"no-logs-msg-1","$v":"Nenhum histórico de chamadas"},{"$i":"no-logs-msg-2","$v":"Iniciar comunicação agora"},{"$i":"voicemail","$v":"Correio de voz"},{"$i":"emergencyNumber","$v":"Chamada de emergência"},{"$i":"select","$v":"Selecionar"},{"$i":"calllog-all","$v":"Tudo"},{"$i":"delete","$v":"Excluir"},{"$i":"deselect","$v":"Desmarcar"},{"$i":"calllog-none","$v":"Nenhum"},{"$i":"checkedCount","$v":"selecionado"},{"$i":"confirmation","$v":"Confirmação"},{"$i":"deleteLog","$v":"Tem certeza de que deseja excluir as entradas selecionadas do registro de chamadas?"},{"$i":"delete-single-log","$v":["Tem certeza de que deseja excluir ",{"t":"idOrVar","v":"name"}," do registro de chamadas?"]},{"$i":"blockContact","$v":"Você não receberá chamadas ou mensagens de pessoas na lista de bloqueio."},{"$i":"no-recent-numbers","$v":"Nenhum número recente no registro de chamadas para discar."},{"$i":"ok","$v":"OK"},{"$i":"cancel","$v":"Cancelar"},{"$i":"block","$v":"Bloquear"},{"$i":"unblock","$v":"Desbloquear"},{"$i":"deletedNotification","$v":[{"t":"idOrVar","v":"n"}," entradas foram excluídas"]},{"$i":"deletedNotification-1","$v":{"few":[{"t":"idOrVar","v":"n"}," entradas foram excluídas"],"many":[{"t":"idOrVar","v":"n"}," entradas foram excluídas"],"other":[{"t":"idOrVar","v":"n"}," entradas foram excluídas"],"two":[{"t":"idOrVar","v":"n"}," entradas foram excluídas"],"one":"1 entrada foi excluída"},"$x":[{"t":"idOrVar","v":"plural"},"n"]},{"$i":"durationHours","$v":{"few":[{"t":"idOrVar","v":"value"}," horas"],"many":[{"t":"idOrVar","v":"value"}," horas"],"one":"1 hora","other":[{"t":"idOrVar","v":"value"}," horas"],"two":[{"t":"idOrVar","v":"value"}," horas"],"zero":"0 horas"},"$x":[{"t":"idOrVar","v":"plural"},"value"]},{"$i":"durationMinutes","$v":{"few":[{"t":"idOrVar","v":"value"}," minutos"],"many":[{"t":"idOrVar","v":"value"}," minutos"],"one":"1 minuto","other":[{"t":"idOrVar","v":"value"}," minutos"],"two":[{"t":"idOrVar","v":"value"}," minutos"],"zero":"0 minutos"},"$x":[{"t":"idOrVar","v":"plural"},"value"]},{"$i":"durationSeconds","$v":{"few":[{"t":"idOrVar","v":"value"}," segundos"],"many":[{"t":"idOrVar","v":"value"}," segundos"],"one":"1 segundo","other":[{"t":"idOrVar","v":"value"}," segundos"],"two":[{"t":"idOrVar","v":"value"}," segundos"],"zero":"0 segundos"},"$x":[{"t":"idOrVar","v":"plural"},"value"]},{"$i":"mobile","$v":"Mobile"},{"$i":"home","$v":"Casa"},{"$i":"work","$v":"Trabalho"},{"$i":"personal","$v":"Pessoal"},{"$i":"faxHome","$v":"Enviar fax para casa"},{"$i":"faxOffice","$v":"Enviar fax para o escritório"},{"$i":"faxOther","$v":"Enviar fax para outro"},{"$i":"callAirplaneModeTitle","$v":"Modo avião ativado"},{"$i":"callAirplaneModeMessage","$v":"Para fazer uma chamada, você precisa desativar o modo avião em Configurações."},{"$i":"emergencyDialogTitle","$v":"Sem conexão de rede"},{"$i":"emergencyDialogBodyBadNumber","$v":"Para fazer uma chamada, o telefone deve estar conectado a uma rede."},{"$i":"emergencyDialogBodyDeviceNotAccepted","$v":"Não são permitidas chamadas de emergência pela rede."},{"$i":"invalidNumberToDialTitle","$v":"N.º de telefone inválido"},{"$i":"invalidNumberToDialMessage","$v":"O número de telefone que você está chamando não é válido."},{"$i":"emergency-call-only","$v":"Apenas chamadas de emergência"},{"$i":"emergency-call-error","$v":[{"t":"idOrVar","v":"number"}," não é um número de emergência."]},{"$i":"numberIsBusyTitle","$v":"O número está ocupado"},{"$i":"numberIsBusyMessage","$v":"O número está ocupado no momento. Tente novamente mais tarde."},{"$i":"fdnIsActiveTitle","$v":"FDN ativo"},{"$i":"fdnIsActiveMessage","$v":["FDN (números de discagem fixa) está ativado e o número a seguir não está em sua lista de FDN: ",{"t":"idOrVar","v":"number"}]},{"$i":"otherConnectionInUseTitle","$v":"Outra conexão em uso"},{"$i":"otherConnectionInUseMessage","$v":"Você tem uma chamada ativa em outra conexão. Você só pode usar uma conexão por vez."},{"$i":"GenericFailure","$v":"Falha genérica"},{"$i":"CallFailed","$v":"Falha na chamada"},{"$i":"weekday-0-long","$v":"Sunday"},{"$i":"weekday-1-long","$v":"Monday"},{"$i":"weekday-2-long","$v":"Tuesday"},{"$i":"weekday-3-long","$v":"Wednesday"},{"$i":"weekday-4-long","$v":"Thursday"},{"$i":"weekday-5-long","$v":"Friday"},{"$i":"weekday-6-long","$v":"Saturday"},{"$i":"weekday-0-short","$v":"Sun"},{"$i":"weekday-1-short","$v":"Mon"},{"$i":"weekday-2-short","$v":"Tue"},{"$i":"weekday-3-short","$v":"Wed"},{"$i":"weekday-4-short","$v":"Thu"},{"$i":"weekday-5-short","$v":"Fri"},{"$i":"weekday-6-short","$v":"Sat"},{"$i":"month-0-long","$v":"January"},{"$i":"month-1-long","$v":"February"},{"$i":"month-2-long","$v":"March"},{"$i":"month-3-long","$v":"April"},{"$i":"month-4-long","$v":"May"},{"$i":"month-5-long","$v":"June"},{"$i":"month-6-long","$v":"July"},{"$i":"month-7-long","$v":"August"},{"$i":"month-8-long","$v":"September"},{"$i":"month-9-long","$v":"October"},{"$i":"month-10-long","$v":"November"},{"$i":"month-11-long","$v":"December"},{"$i":"month-0-genitive","$v":"January"},{"$i":"month-1-genitive","$v":"February"},{"$i":"month-2-genitive","$v":"March"},{"$i":"month-3-genitive","$v":"April"},{"$i":"month-4-genitive","$v":"May"},{"$i":"month-5-genitive","$v":"June"},{"$i":"month-6-genitive","$v":"July"},{"$i":"month-7-genitive","$v":"August"},{"$i":"month-8-genitive","$v":"September"},{"$i":"month-9-genitive","$v":"October"},{"$i":"month-10-genitive","$v":"November"},{"$i":"month-11-genitive","$v":"December"},{"$i":"month-0-short","$v":"Jan"},{"$i":"month-1-short","$v":"Feb"},{"$i":"month-2-short","$v":"Mar"},{"$i":"month-3-short","$v":"Apr"},{"$i":"month-4-short","$v":"May"},{"$i":"month-5-short","$v":"Jun"},{"$i":"month-6-short","$v":"Jul"},{"$i":"month-7-short","$v":"Aug"},{"$i":"month-8-short","$v":"Sep"},{"$i":"month-9-short","$v":"Oct"},{"$i":"month-10-short","$v":"Nov"},{"$i":"month-11-short","$v":"Dec"},{"$i":"minutes-ago-long","$v":{"zero":"just now","one":"a minute ago","two":[{"t":"idOrVar","v":"value"}," minutes ago"],"few":[{"t":"idOrVar","v":"value"}," minutes ago"],"many":[{"t":"idOrVar","v":"value"}," minutes ago"],"other":[{"t":"idOrVar","v":"value"}," minutes ago"]},"$x":[{"t":"idOrVar","v":"plural"},"value"]},{"$i":"hours-ago-long","$v":{"zero":"just now","one":"an hour ago","two":[{"t":"idOrVar","v":"value"}," hours ago"],"few":[{"t":"idOrVar","v":"value"}," hours ago"],"many":[{"t":"idOrVar","v":"value"}," hours ago"],"other":[{"t":"idOrVar","v":"value"}," hours ago"]},"$x":[{"t":"idOrVar","v":"plural"},"value"]},{"$i":"days-ago-long","$v":{"zero":"today","one":"yesterday","two":[{"t":"idOrVar","v":"value"}," days ago"],"few":[{"t":"idOrVar","v":"value"}," days ago"],"many":[{"t":"idOrVar","v":"value"}," days ago"],"other":[{"t":"idOrVar","v":"value"}," days ago"]},"$x":[{"t":"idOrVar","v":"plural"},"value"]},{"$i":"weeks-ago-long","$v":{"zero":"this week","one":"last week","two":[{"t":"idOrVar","v":"value"}," weeks ago"],"few":[{"t":"idOrVar","v":"value"}," weeks ago"],"many":[{"t":"idOrVar","v":"value"}," weeks ago"],"other":[{"t":"idOrVar","v":"value"}," weeks ago"]},"$x":[{"t":"idOrVar","v":"plural"},"value"]},{"$i":"months-ago-long","$v":{"zero":"this month","one":"last month","two":[{"t":"idOrVar","v":"value"}," months ago"],"few":[{"t":"idOrVar","v":"value"}," months ago"],"many":[{"t":"idOrVar","v":"value"}," months ago"],"other":[{"t":"idOrVar","v":"value"}," months ago"]},"$x":[{"t":"idOrVar","v":"plural"},"value"]},{"$i":"years-ago-long","$v":{"zero":"this year","one":"last year","two":[{"t":"idOrVar","v":"value"}," years ago"],"few":[{"t":"idOrVar","v":"value"}," years ago"],"many":[{"t":"idOrVar","v":"value"}," years ago"],"other":[{"t":"idOrVar","v":"value"}," years ago"]},"$x":[{"t":"idOrVar","v":"plural"},"value"]},{"$i":"minutes-until-long","$v":{"zero":"now","one":"in a minute","two":["in ",{"t":"idOrVar","v":"value"}," minutes"],"few":["in ",{"t":"idOrVar","v":"value"}," minutes"],"many":["in ",{"t":"idOrVar","v":"value"}," minutes"],"other":["in ",{"t":"idOrVar","v":"value"}," minutes"]},"$x":[{"t":"idOrVar","v":"plural"},"value"]},{"$i":"hours-until-long","$v":{"zero":"now","one":"in an hour","two":["in ",{"t":"idOrVar","v":"value"}," hours"],"few":["in ",{"t":"idOrVar","v":"value"}," hours"],"many":["in ",{"t":"idOrVar","v":"value"}," hours"],"other":["in ",{"t":"idOrVar","v":"value"}," hours"]},"$x":[{"t":"idOrVar","v":"plural"},"value"]},{"$i":"days-until-long","$v":{"zero":"today","one":"tomorrow","two":["in ",{"t":"idOrVar","v":"value"}," days"],"few":["in ",{"t":"idOrVar","v":"value"}," days"],"many":["in ",{"t":"idOrVar","v":"value"}," days"],"other":["in ",{"t":"idOrVar","v":"value"}," days"]},"$x":[{"t":"idOrVar","v":"plural"},"value"]},{"$i":"weeks-until-long","$v":{"zero":"this week","one":"next week","two":["in ",{"t":"idOrVar","v":"value"}," weeks"],"few":["in ",{"t":"idOrVar","v":"value"}," weeks"],"many":["in ",{"t":"idOrVar","v":"value"}," weeks"],"other":["in ",{"t":"idOrVar","v":"value"}," weeks"]},"$x":[{"t":"idOrVar","v":"plural"},"value"]},{"$i":"months-until-long","$v":{"zero":"this month","one":"next month","two":["in ",{"t":"idOrVar","v":"value"}," months"],"few":["in ",{"t":"idOrVar","v":"value"}," months"],"many":["in ",{"t":"idOrVar","v":"value"}," months"],"other":["in ",{"t":"idOrVar","v":"value"}," months"]},"$x":[{"t":"idOrVar","v":"plural"},"value"]},{"$i":"years-until-long","$v":{"zero":"this year","one":"next year","two":["in ",{"t":"idOrVar","v":"value"}," years"],"few":["in ",{"t":"idOrVar","v":"value"}," years"],"many":["in ",{"t":"idOrVar","v":"value"}," years"],"other":["in ",{"t":"idOrVar","v":"value"}," years"]},"$x":[{"t":"idOrVar","v":"plural"},"value"]},{"$i":"minutes-ago-short","$v":{"zero":"just now","other":[{"t":"idOrVar","v":"value"},"m ago"]},"$x":[{"t":"idOrVar","v":"plural"},"value"]},{"$i":"hours-ago-short","$v":{"zero":"just now","other":[{"t":"idOrVar","v":"value"},"h ago"]},"$x":[{"t":"idOrVar","v":"plural"},"value"]},{"$i":"days-ago-short","$v":{"zero":"today","other":[{"t":"idOrVar","v":"value"},"d ago"]},"$x":[{"t":"idOrVar","v":"plural"},"value"]},{"$i":"minutes-until-short","$v":{"zero":"now","other":["in ",{"t":"idOrVar","v":"value"},"m"]},"$x":[{"t":"idOrVar","v":"plural"},"value"]},{"$i":"hours-until-short","$v":{"zero":"now","other":["in ",{"t":"idOrVar","v":"value"},"h"]},"$x":[{"t":"idOrVar","v":"plural"},"value"]},{"$i":"days-until-short","$v":{"zero":"today","other":["in ",{"t":"idOrVar","v":"value"},"d"]},"$x":[{"t":"idOrVar","v":"plural"},"value"]},{"$i":"incorrectDate","$v":"(incorrect date)"},{"$i":"dateTimeFormat_%c","$v":"%a %b %e %Y %I:%M:%S %p"},{"$i":"dateTimeFormat_%x","$v":"%m/%d/%Y"},{"$i":"dateTimeFormat_%X","$v":"%I:%M:%S %p"},{"$i":"shortTimeFormat","$v":"%I:%M %p"},{"$i":"shortTimeFormat12","$v":"%I:%M %p"},{"$i":"shortTimeFormat24","$v":"%H:%M"},{"$i":"shortDateTimeFormat","$v":"%x %I:%M %p"},{"$i":"weekStartsOnMonday","$v":"0"},{"$i":"firstDayOfTheWeek","$v":"0"},{"$i":"time_am","$v":"AM"},{"$i":"time_pm","$v":"PM"},{"$i":"sim-with-index-and-carrier","$v":["SIM ",{"t":"idOrVar","v":"index"}," - ",{"t":"idOrVar","v":"carrier"}]},{"$i":"sim-without-carrier","$v":["SIM ",{"t":"idOrVar","v":"index"}]}]