[{"$i":"callLog","$v":"Журнал вызовов"},{"$i":"all","$v":"Все"},{"$i":"missed","$v":"Пропущенные"},{"$i":"outgoing","$v":"Набранные"},{"$i":"incoming","$v":"Полученные"},{"$i":"missedCall","$v":"Пропущенный вызов"},{"$i":"outgoingCall","$v":"Исходящий вызов"},{"$i":"incomingCall","$v":"Входящий вызов"},{"$i":"rttCall","$v":"RTT вызов"},{"$i":"rtt-call","$v":"RTT ВЫЗОВ"},{"$i":"videoCall","$v":"Видеовызов"},{"$i":"call","$v":"Вызов"},{"$i":"options","$v":"Опции"},{"$i":"callInformation","$v":"Информация о вызове"},{"$i":"sendSms","$v":"Отправить сообщение"},{"$i":"createNewContact","$v":"Создать Новый Контакт"},{"$i":"addToExistingContact","$v":"Добавить к Существующему Контакту"},{"$i":"editCalllog","$v":"Изменить журнал вызовов"},{"$i":"withheld-number","$v":"Неизвестно"},{"$i":"today","$v":"Сегодня"},{"$i":"yesterday","$v":"Вчера"},{"$i":"no-logs-msg-1","$v":"Нет истории звонков"},{"$i":"no-logs-msg-2","$v":"Начните общение прямо сейчас"},{"$i":"voicemail","$v":"Голосовая почта"},{"$i":"emergencyNumber","$v":"Экстренный вызов"},{"$i":"select","$v":"Выбрать"},{"$i":"calllog-all","$v":"Все"},{"$i":"delete","$v":"Удалить"},{"$i":"deselect","$v":"Отменить выбор"},{"$i":"calllog-none","$v":"Нет"},{"$i":"checkedCount","$v":"выбрано"},{"$i":"confirmation","$v":"Подтверждение"},{"$i":"deleteLog","$v":"Вы действительно хотите удалить выбранные записи из Журнала вызовов?"},{"$i":"delete-single-log","$v":["Вы уверены, что хотите удалить ",{"t":"idOrVar","v":"name"}," из Журнала вызовов?"]},{"$i":"blockContact","$v":"Вы не будете получать телефонные вызовы, сообщения от людей из черного списка."},{"$i":"no-recent-numbers","$v":"Недавние номера в Журнале вызовов отсутствуют."},{"$i":"ok","$v":"OK"},{"$i":"cancel","$v":"Отмена"},{"$i":"block","$v":"Блокировать"},{"$i":"unblock","$v":"Разблокировать"},{"$i":"deletedNotification","$v":[{"t":"idOrVar","v":"n"}," записей было удалено"]},{"$i":"deletedNotification-1","$v":{"few":[{"t":"idOrVar","v":"n"}," записей было удалено"],"many":[{"t":"idOrVar","v":"n"}," записей было удалено"],"other":[{"t":"idOrVar","v":"n"}," записей было удалено"],"two":[{"t":"idOrVar","v":"n"}," записей было удалено"],"one":"1 запись была удалена"},"$x":[{"t":"idOrVar","v":"plural"},"n"]},{"$i":"durationHours","$v":{"few":["через ",{"t":"idOrVar","v":"value"}," ч"],"many":["через ",{"t":"idOrVar","v":"value"}," ч"],"one":"1 ч","other":["через ",{"t":"idOrVar","v":"value"}," ч"],"two":["через ",{"t":"idOrVar","v":"value"}," ч"],"zero":"0 ч"},"$x":[{"t":"idOrVar","v":"plural"},"value"]},{"$i":"durationMinutes","$v":{"few":["через ",{"t":"idOrVar","v":"value"}," мин"],"many":["через ",{"t":"idOrVar","v":"value"}," мин"],"one":"1 мин","other":["через ",{"t":"idOrVar","v":"value"}," мин"],"two":["через ",{"t":"idOrVar","v":"value"}," мин"],"zero":"0 мин"},"$x":[{"t":"idOrVar","v":"plural"},"value"]},{"$i":"durationSeconds","$v":{"few":["через ",{"t":"idOrVar","v":"value"}," с"],"many":["через ",{"t":"idOrVar","v":"value"}," с"],"one":"1 с","other":["через ",{"t":"idOrVar","v":"value"}," с"],"two":["через ",{"t":"idOrVar","v":"value"}," с"],"zero":"0 с"},"$x":[{"t":"idOrVar","v":"plural"},"value"]},{"$i":"mobile","$v":"Мобильный"},{"$i":"home","$v":"Дом"},{"$i":"work","$v":"Работа"},{"$i":"personal","$v":"Личные"},{"$i":"faxHome","$v":"Домашний факс"},{"$i":"faxOffice","$v":"Рабочий факс"},{"$i":"faxOther","$v":"Дополнительный факс"},{"$i":"callAirplaneModeTitle","$v":"Активирован режим «В самолёте»"},{"$i":"callAirplaneModeMessage","$v":"Чтобы сделать вызов, вам необходимо отключить в настройках режим «В самолёте»."},{"$i":"emergencyDialogTitle","$v":"Отсутствует подключение к сети"},{"$i":"emergencyDialogBodyBadNumber","$v":"Чтобы сделать вызов, телефон должен быть подключен к сети."},{"$i":"emergencyDialogBodyDeviceNotAccepted","$v":"Экстренные вызовы не поддерживаются сетью."},{"$i":"invalidNumberToDialTitle","$v":"Недействительный номер телефона"},{"$i":"invalidNumberToDialMessage","$v":"Номер телефона, который вы вызываете, недействителен."},{"$i":"emergency-call-only","$v":"Только Экстренные вызовы"},{"$i":"emergency-call-error","$v":[{"t":"idOrVar","v":"number"}," не является номером службы экстренной помощи."]},{"$i":"numberIsBusyTitle","$v":"Абонент занят"},{"$i":"numberIsBusyMessage","$v":"Абонент в данный момент занят. Пожалуйста, повторите попытку позже."},{"$i":"fdnIsActiveTitle","$v":"FDN активен"},{"$i":"fdnIsActiveMessage","$v":["Активирован FDN (Фиксированный набор). Следующий номер не указан в вашем списке разрешённых номеров: ",{"t":"idOrVar","v":"number"}]},{"$i":"otherConnectionInUseTitle","$v":"Используется другое подключение"},{"$i":"otherConnectionInUseMessage","$v":"У вас есть активный вызов на другом подключении. Одновременно можно использовать только одно подключение."},{"$i":"GenericFailure","$v":"Общий сбой"},{"$i":"CallFailed","$v":"Ошибка вызова"},{"$i":"weekday-0-long","$v":"Sunday"},{"$i":"weekday-1-long","$v":"Monday"},{"$i":"weekday-2-long","$v":"Tuesday"},{"$i":"weekday-3-long","$v":"Wednesday"},{"$i":"weekday-4-long","$v":"Thursday"},{"$i":"weekday-5-long","$v":"Friday"},{"$i":"weekday-6-long","$v":"Saturday"},{"$i":"weekday-0-short","$v":"Sun"},{"$i":"weekday-1-short","$v":"Mon"},{"$i":"weekday-2-short","$v":"Tue"},{"$i":"weekday-3-short","$v":"Wed"},{"$i":"weekday-4-short","$v":"Thu"},{"$i":"weekday-5-short","$v":"Fri"},{"$i":"weekday-6-short","$v":"Sat"},{"$i":"month-0-long","$v":"January"},{"$i":"month-1-long","$v":"February"},{"$i":"month-2-long","$v":"March"},{"$i":"month-3-long","$v":"April"},{"$i":"month-4-long","$v":"May"},{"$i":"month-5-long","$v":"June"},{"$i":"month-6-long","$v":"July"},{"$i":"month-7-long","$v":"August"},{"$i":"month-8-long","$v":"September"},{"$i":"month-9-long","$v":"October"},{"$i":"month-10-long","$v":"November"},{"$i":"month-11-long","$v":"December"},{"$i":"month-0-genitive","$v":"January"},{"$i":"month-1-genitive","$v":"February"},{"$i":"month-2-genitive","$v":"March"},{"$i":"month-3-genitive","$v":"April"},{"$i":"month-4-genitive","$v":"May"},{"$i":"month-5-genitive","$v":"June"},{"$i":"month-6-genitive","$v":"July"},{"$i":"month-7-genitive","$v":"August"},{"$i":"month-8-genitive","$v":"September"},{"$i":"month-9-genitive","$v":"October"},{"$i":"month-10-genitive","$v":"November"},{"$i":"month-11-genitive","$v":"December"},{"$i":"month-0-short","$v":"Jan"},{"$i":"month-1-short","$v":"Feb"},{"$i":"month-2-short","$v":"Mar"},{"$i":"month-3-short","$v":"Apr"},{"$i":"month-4-short","$v":"May"},{"$i":"month-5-short","$v":"Jun"},{"$i":"month-6-short","$v":"Jul"},{"$i":"month-7-short","$v":"Aug"},{"$i":"month-8-short","$v":"Sep"},{"$i":"month-9-short","$v":"Oct"},{"$i":"month-10-short","$v":"Nov"},{"$i":"month-11-short","$v":"Dec"},{"$i":"minutes-ago-long","$v":{"zero":"just now","one":"a minute ago","two":[{"t":"idOrVar","v":"value"}," minutes ago"],"few":[{"t":"idOrVar","v":"value"}," minutes ago"],"many":[{"t":"idOrVar","v":"value"}," minutes ago"],"other":[{"t":"idOrVar","v":"value"}," minutes ago"]},"$x":[{"t":"idOrVar","v":"plural"},"value"]},{"$i":"hours-ago-long","$v":{"zero":"just now","one":"an hour ago","two":[{"t":"idOrVar","v":"value"}," hours ago"],"few":[{"t":"idOrVar","v":"value"}," hours ago"],"many":[{"t":"idOrVar","v":"value"}," hours ago"],"other":[{"t":"idOrVar","v":"value"}," hours ago"]},"$x":[{"t":"idOrVar","v":"plural"},"value"]},{"$i":"days-ago-long","$v":{"zero":"today","one":"yesterday","two":[{"t":"idOrVar","v":"value"}," days ago"],"few":[{"t":"idOrVar","v":"value"}," days ago"],"many":[{"t":"idOrVar","v":"value"}," days ago"],"other":[{"t":"idOrVar","v":"value"}," days ago"]},"$x":[{"t":"idOrVar","v":"plural"},"value"]},{"$i":"weeks-ago-long","$v":{"zero":"this week","one":"last week","two":[{"t":"idOrVar","v":"value"}," weeks ago"],"few":[{"t":"idOrVar","v":"value"}," weeks ago"],"many":[{"t":"idOrVar","v":"value"}," weeks ago"],"other":[{"t":"idOrVar","v":"value"}," weeks ago"]},"$x":[{"t":"idOrVar","v":"plural"},"value"]},{"$i":"months-ago-long","$v":{"zero":"this month","one":"last month","two":[{"t":"idOrVar","v":"value"}," months ago"],"few":[{"t":"idOrVar","v":"value"}," months ago"],"many":[{"t":"idOrVar","v":"value"}," months ago"],"other":[{"t":"idOrVar","v":"value"}," months ago"]},"$x":[{"t":"idOrVar","v":"plural"},"value"]},{"$i":"years-ago-long","$v":{"zero":"this year","one":"last year","two":[{"t":"idOrVar","v":"value"}," years ago"],"few":[{"t":"idOrVar","v":"value"}," years ago"],"many":[{"t":"idOrVar","v":"value"}," years ago"],"other":[{"t":"idOrVar","v":"value"}," years ago"]},"$x":[{"t":"idOrVar","v":"plural"},"value"]},{"$i":"minutes-until-long","$v":{"zero":"now","one":"in a minute","two":["in ",{"t":"idOrVar","v":"value"}," minutes"],"few":["in ",{"t":"idOrVar","v":"value"}," minutes"],"many":["in ",{"t":"idOrVar","v":"value"}," minutes"],"other":["in ",{"t":"idOrVar","v":"value"}," minutes"]},"$x":[{"t":"idOrVar","v":"plural"},"value"]},{"$i":"hours-until-long","$v":{"zero":"now","one":"in an hour","two":["in ",{"t":"idOrVar","v":"value"}," hours"],"few":["in ",{"t":"idOrVar","v":"value"}," hours"],"many":["in ",{"t":"idOrVar","v":"value"}," hours"],"other":["in ",{"t":"idOrVar","v":"value"}," hours"]},"$x":[{"t":"idOrVar","v":"plural"},"value"]},{"$i":"days-until-long","$v":{"zero":"today","one":"tomorrow","two":["in ",{"t":"idOrVar","v":"value"}," days"],"few":["in ",{"t":"idOrVar","v":"value"}," days"],"many":["in ",{"t":"idOrVar","v":"value"}," days"],"other":["in ",{"t":"idOrVar","v":"value"}," days"]},"$x":[{"t":"idOrVar","v":"plural"},"value"]},{"$i":"weeks-until-long","$v":{"zero":"this week","one":"next week","two":["in ",{"t":"idOrVar","v":"value"}," weeks"],"few":["in ",{"t":"idOrVar","v":"value"}," weeks"],"many":["in ",{"t":"idOrVar","v":"value"}," weeks"],"other":["in ",{"t":"idOrVar","v":"value"}," weeks"]},"$x":[{"t":"idOrVar","v":"plural"},"value"]},{"$i":"months-until-long","$v":{"zero":"this month","one":"next month","two":["in ",{"t":"idOrVar","v":"value"}," months"],"few":["in ",{"t":"idOrVar","v":"value"}," months"],"many":["in ",{"t":"idOrVar","v":"value"}," months"],"other":["in ",{"t":"idOrVar","v":"value"}," months"]},"$x":[{"t":"idOrVar","v":"plural"},"value"]},{"$i":"years-until-long","$v":{"zero":"this year","one":"next year","two":["in ",{"t":"idOrVar","v":"value"}," years"],"few":["in ",{"t":"idOrVar","v":"value"}," years"],"many":["in ",{"t":"idOrVar","v":"value"}," years"],"other":["in ",{"t":"idOrVar","v":"value"}," years"]},"$x":[{"t":"idOrVar","v":"plural"},"value"]},{"$i":"minutes-ago-short","$v":{"zero":"just now","other":[{"t":"idOrVar","v":"value"},"m ago"]},"$x":[{"t":"idOrVar","v":"plural"},"value"]},{"$i":"hours-ago-short","$v":{"zero":"just now","other":[{"t":"idOrVar","v":"value"},"h ago"]},"$x":[{"t":"idOrVar","v":"plural"},"value"]},{"$i":"days-ago-short","$v":{"zero":"today","other":[{"t":"idOrVar","v":"value"},"d ago"]},"$x":[{"t":"idOrVar","v":"plural"},"value"]},{"$i":"minutes-until-short","$v":{"zero":"now","other":["in ",{"t":"idOrVar","v":"value"},"m"]},"$x":[{"t":"idOrVar","v":"plural"},"value"]},{"$i":"hours-until-short","$v":{"zero":"now","other":["in ",{"t":"idOrVar","v":"value"},"h"]},"$x":[{"t":"idOrVar","v":"plural"},"value"]},{"$i":"days-until-short","$v":{"zero":"today","other":["in ",{"t":"idOrVar","v":"value"},"d"]},"$x":[{"t":"idOrVar","v":"plural"},"value"]},{"$i":"incorrectDate","$v":"(incorrect date)"},{"$i":"dateTimeFormat_%c","$v":"%a %b %e %Y %I:%M:%S %p"},{"$i":"dateTimeFormat_%x","$v":"%m/%d/%Y"},{"$i":"dateTimeFormat_%X","$v":"%I:%M:%S %p"},{"$i":"shortTimeFormat","$v":"%I:%M %p"},{"$i":"shortTimeFormat12","$v":"%I:%M %p"},{"$i":"shortTimeFormat24","$v":"%H:%M"},{"$i":"shortDateTimeFormat","$v":"%x %I:%M %p"},{"$i":"weekStartsOnMonday","$v":"0"},{"$i":"firstDayOfTheWeek","$v":"0"},{"$i":"time_am","$v":"AM"},{"$i":"time_pm","$v":"PM"},{"$i":"sim-with-index-and-carrier","$v":["SIM ",{"t":"idOrVar","v":"index"}," - ",{"t":"idOrVar","v":"carrier"}]},{"$i":"sim-without-carrier","$v":["SIM ",{"t":"idOrVar","v":"index"}]}]