[{"$i":"callLog","$v":"บันทึกการโทร"},{"$i":"all","$v":"ทั้งหมด"},{"$i":"missed","$v":"ไม่ได้รับ"},{"$i":"outgoing","$v":"ต่อหมายเลขแล้ว"},{"$i":"incoming","$v":"ได้รับแล้ว"},{"$i":"missedCall","$v":"สายที่ไม่ได้รับ"},{"$i":"outgoingCall","$v":"สายโทรออก"},{"$i":"incomingCall","$v":"สายเรียกเข้า"},{"$i":"rttCall","$v":"การโทรผ่าน RTT"},{"$i":"rtt-call","$v":"การโทรผ่าน RTT"},{"$i":"videoCall","$v":"การโทรผ่านวิดีโอ"},{"$i":"call","$v":"การโทร"},{"$i":"options","$v":"ตัวเลือก"},{"$i":"callInformation","$v":"ข้อมูลการโทร"},{"$i":"sendSms","$v":"ส่งข้อความ"},{"$i":"createNewContact","$v":"สร้างรายชื่อใหม่"},{"$i":"addToExistingContact","$v":"เพิ่มไปยังรายชื่อที่มีอยู่"},{"$i":"editCalllog","$v":"แก้ไขบันทึกการโทร"},{"$i":"withheld-number","$v":"ไม่ทราบ"},{"$i":"today","$v":"วันนี้"},{"$i":"yesterday","$v":"เมื่อวานนี้"},{"$i":"no-logs-msg-1","$v":"ไม่มีประวัติการโทร"},{"$i":"no-logs-msg-2","$v":"เริ่มการสื่อสารตอนนี้"},{"$i":"voicemail","$v":"ข้อความเสียง"},{"$i":"emergencyNumber","$v":"การโทรฉุกเฉิน"},{"$i":"select","$v":"เลือก"},{"$i":"calllog-all","$v":"ทั้งหมด"},{"$i":"delete","$v":"ลบ"},{"$i":"deselect","$v":"ยกเลิกการเลือก"},{"$i":"calllog-none","$v":"ไม่มี"},{"$i":"checkedCount","$v":"เลือกแล้ว"},{"$i":"confirmation","$v":"การยืนยัน"},{"$i":"deleteLog","$v":"คุณแน่ใจหรือไม่ว่าต้องการลบรายการข้อมูลที่เลือกออกจากบันทึกการโทร"},{"$i":"delete-single-log","$v":["คุณแน่ใจหรือว่าต้องการ ",{"t":"idOrVar","v":"name"}," รายการโทร?"]},{"$i":"blockContact","$v":"คุณจะไม่ได้รับสายโทรศัพท์ ข้อความ จากนที่อยู่ในรายชื่อ"},{"$i":"no-recent-numbers","$v":"ไม่มีหมายเลขล่าสุดในบันทึกการโทรเพื่อโทรออก"},{"$i":"ok","$v":"ตกลง"},{"$i":"cancel","$v":"ยกเลิก"},{"$i":"block","$v":"บล็อก"},{"$i":"unblock","$v":"ปลดบล็อก"},{"$i":"deletedNotification","$v":["ลบ ",{"t":"idOrVar","v":"n"}," รายการข้อมูลแล้ว"]},{"$i":"deletedNotification-1","$v":{"few":["ลบ ",{"t":"idOrVar","v":"n"}," รายการข้อมูลแล้ว"],"many":["ลบ ",{"t":"idOrVar","v":"n"}," รายการข้อมูลแล้ว"],"other":["ลบ ",{"t":"idOrVar","v":"n"}," รายการข้อมูลแล้ว"],"two":["ลบ ",{"t":"idOrVar","v":"n"}," รายการข้อมูลแล้ว"],"one":"1 รายการถูกลบ"},"$x":[{"t":"idOrVar","v":"plural"},"n"]},{"$i":"durationHours","$v":{"few":[{"t":"idOrVar","v":"value"}," ชั่วโมง"],"many":[{"t":"idOrVar","v":"value"}," ชั่วโมง"],"one":"1 ชั่วโมง","other":[{"t":"idOrVar","v":"value"}," ชั่วโมง"],"two":[{"t":"idOrVar","v":"value"}," ชั่วโมง"],"zero":"0 ชั่วโมง"},"$x":[{"t":"idOrVar","v":"plural"},"value"]},{"$i":"durationMinutes","$v":{"few":[{"t":"idOrVar","v":"value"}," นาที"],"many":[{"t":"idOrVar","v":"value"}," นาที"],"one":"1 นาที","other":[{"t":"idOrVar","v":"value"}," นาที"],"two":[{"t":"idOrVar","v":"value"}," นาที"],"zero":"0 นาที"},"$x":[{"t":"idOrVar","v":"plural"},"value"]},{"$i":"durationSeconds","$v":{"few":[{"t":"idOrVar","v":"value"}," วินาที"],"many":[{"t":"idOrVar","v":"value"}," วินาที"],"one":"1 วินาที","other":[{"t":"idOrVar","v":"value"}," วินาที"],"two":[{"t":"idOrVar","v":"value"}," วินาที"],"zero":"0 วินาที"},"$x":[{"t":"idOrVar","v":"plural"},"value"]},{"$i":"mobile","$v":"มือถือ"},{"$i":"home","$v":"หน้าหลัก"},{"$i":"work","$v":"ที่ทำงาน"},{"$i":"personal","$v":"ส่วนบุคคล"},{"$i":"faxHome","$v":"แฟกซ์บ้าน"},{"$i":"faxOffice","$v":"แฟกซ์ที่ทำงาน"},{"$i":"faxOther","$v":"แฟกซ์อื่นๆ"},{"$i":"callAirplaneModeTitle","$v":"เปิดใช้งานโหมดเครื่องบินแล้ว"},{"$i":"callAirplaneModeMessage","$v":"หากต้องการโทรออก คุณต้องปิดใช้งานโหมดเครื่องบินในการตั้งค่า"},{"$i":"emergencyDialogTitle","$v":"ไม่มีการเชื่อมต่อเครือข่าย"},{"$i":"emergencyDialogBodyBadNumber","$v":"หากต้องการโทร โทรศัพท์จะต้องเชื่อมต่อกับเครือข่าย"},{"$i":"emergencyDialogBodyDeviceNotAccepted","$v":"การโทรฉุกเฉินไม่ได้รับอนุญาตโดยเครือข่าย"},{"$i":"invalidNumberToDialTitle","$v":"หมายเลขโทรศัพท์ไม่ถูกต้อง"},{"$i":"invalidNumberToDialMessage","$v":"หมายเลขโทรศัพท์ที่คุณกำลังโทรไม่ถูกต้อง"},{"$i":"emergency-call-only","$v":"โทรฉุกเฉินเท่านั้น"},{"$i":"emergency-call-error","$v":[{"t":"idOrVar","v":"number"}," ไม่ใช่หมายเลขฉุกเฉิน"]},{"$i":"numberIsBusyTitle","$v":"หมายเลขไม่ว่าง"},{"$i":"numberIsBusyMessage","$v":"หมายเลขนี้ไม่ว่าง กรุณาลองใหม่ในภายหลัง"},{"$i":"fdnIsActiveTitle","$v":"FDN ใช้งานอยู่"},{"$i":"fdnIsActiveMessage","$v":["FDN (หมายเลขโทรออกที่กำหนด) เปิดใช้งานแล้ว และหมายเลขต่อไปนี้ไม่ได้อยู่ในรายการ FDN ของคุณ: ",{"t":"idOrVar","v":"number"}]},{"$i":"otherConnectionInUseTitle","$v":"การเชื่อมต่ออื่นที่กำลังใช้งานอยู่"},{"$i":"otherConnectionInUseMessage","$v":"คุณมีการโทรที่กำลังใช้งานอยู่ในการเชื่อมต่ออื่น คุณสามารถเพิ่มการเชื่อมต่อได้ครั้งละหนึ่งรายการเท่านั้น"},{"$i":"GenericFailure","$v":"ข้อผิดพลาดทั่วไป"},{"$i":"CallFailed","$v":"การโทรล้มเหลว"},{"$i":"weekday-0-long","$v":"Sunday"},{"$i":"weekday-1-long","$v":"Monday"},{"$i":"weekday-2-long","$v":"Tuesday"},{"$i":"weekday-3-long","$v":"Wednesday"},{"$i":"weekday-4-long","$v":"Thursday"},{"$i":"weekday-5-long","$v":"Friday"},{"$i":"weekday-6-long","$v":"Saturday"},{"$i":"weekday-0-short","$v":"Sun"},{"$i":"weekday-1-short","$v":"Mon"},{"$i":"weekday-2-short","$v":"Tue"},{"$i":"weekday-3-short","$v":"Wed"},{"$i":"weekday-4-short","$v":"Thu"},{"$i":"weekday-5-short","$v":"Fri"},{"$i":"weekday-6-short","$v":"Sat"},{"$i":"month-0-long","$v":"January"},{"$i":"month-1-long","$v":"February"},{"$i":"month-2-long","$v":"March"},{"$i":"month-3-long","$v":"April"},{"$i":"month-4-long","$v":"May"},{"$i":"month-5-long","$v":"June"},{"$i":"month-6-long","$v":"July"},{"$i":"month-7-long","$v":"August"},{"$i":"month-8-long","$v":"September"},{"$i":"month-9-long","$v":"October"},{"$i":"month-10-long","$v":"November"},{"$i":"month-11-long","$v":"December"},{"$i":"month-0-genitive","$v":"January"},{"$i":"month-1-genitive","$v":"February"},{"$i":"month-2-genitive","$v":"March"},{"$i":"month-3-genitive","$v":"April"},{"$i":"month-4-genitive","$v":"May"},{"$i":"month-5-genitive","$v":"June"},{"$i":"month-6-genitive","$v":"July"},{"$i":"month-7-genitive","$v":"August"},{"$i":"month-8-genitive","$v":"September"},{"$i":"month-9-genitive","$v":"October"},{"$i":"month-10-genitive","$v":"November"},{"$i":"month-11-genitive","$v":"December"},{"$i":"month-0-short","$v":"Jan"},{"$i":"month-1-short","$v":"Feb"},{"$i":"month-2-short","$v":"Mar"},{"$i":"month-3-short","$v":"Apr"},{"$i":"month-4-short","$v":"May"},{"$i":"month-5-short","$v":"Jun"},{"$i":"month-6-short","$v":"Jul"},{"$i":"month-7-short","$v":"Aug"},{"$i":"month-8-short","$v":"Sep"},{"$i":"month-9-short","$v":"Oct"},{"$i":"month-10-short","$v":"Nov"},{"$i":"month-11-short","$v":"Dec"},{"$i":"minutes-ago-long","$v":{"zero":"just now","one":"a minute ago","two":[{"t":"idOrVar","v":"value"}," minutes ago"],"few":[{"t":"idOrVar","v":"value"}," minutes ago"],"many":[{"t":"idOrVar","v":"value"}," minutes ago"],"other":[{"t":"idOrVar","v":"value"}," minutes ago"]},"$x":[{"t":"idOrVar","v":"plural"},"value"]},{"$i":"hours-ago-long","$v":{"zero":"just now","one":"an hour ago","two":[{"t":"idOrVar","v":"value"}," hours ago"],"few":[{"t":"idOrVar","v":"value"}," hours ago"],"many":[{"t":"idOrVar","v":"value"}," hours ago"],"other":[{"t":"idOrVar","v":"value"}," hours ago"]},"$x":[{"t":"idOrVar","v":"plural"},"value"]},{"$i":"days-ago-long","$v":{"zero":"today","one":"yesterday","two":[{"t":"idOrVar","v":"value"}," days ago"],"few":[{"t":"idOrVar","v":"value"}," days ago"],"many":[{"t":"idOrVar","v":"value"}," days ago"],"other":[{"t":"idOrVar","v":"value"}," days ago"]},"$x":[{"t":"idOrVar","v":"plural"},"value"]},{"$i":"weeks-ago-long","$v":{"zero":"this week","one":"last week","two":[{"t":"idOrVar","v":"value"}," weeks ago"],"few":[{"t":"idOrVar","v":"value"}," weeks ago"],"many":[{"t":"idOrVar","v":"value"}," weeks ago"],"other":[{"t":"idOrVar","v":"value"}," weeks ago"]},"$x":[{"t":"idOrVar","v":"plural"},"value"]},{"$i":"months-ago-long","$v":{"zero":"this month","one":"last month","two":[{"t":"idOrVar","v":"value"}," months ago"],"few":[{"t":"idOrVar","v":"value"}," months ago"],"many":[{"t":"idOrVar","v":"value"}," months ago"],"other":[{"t":"idOrVar","v":"value"}," months ago"]},"$x":[{"t":"idOrVar","v":"plural"},"value"]},{"$i":"years-ago-long","$v":{"zero":"this year","one":"last year","two":[{"t":"idOrVar","v":"value"}," years ago"],"few":[{"t":"idOrVar","v":"value"}," years ago"],"many":[{"t":"idOrVar","v":"value"}," years ago"],"other":[{"t":"idOrVar","v":"value"}," years ago"]},"$x":[{"t":"idOrVar","v":"plural"},"value"]},{"$i":"minutes-until-long","$v":{"zero":"now","one":"in a minute","two":["in ",{"t":"idOrVar","v":"value"}," minutes"],"few":["in ",{"t":"idOrVar","v":"value"}," minutes"],"many":["in ",{"t":"idOrVar","v":"value"}," minutes"],"other":["in ",{"t":"idOrVar","v":"value"}," minutes"]},"$x":[{"t":"idOrVar","v":"plural"},"value"]},{"$i":"hours-until-long","$v":{"zero":"now","one":"in an hour","two":["in ",{"t":"idOrVar","v":"value"}," hours"],"few":["in ",{"t":"idOrVar","v":"value"}," hours"],"many":["in ",{"t":"idOrVar","v":"value"}," hours"],"other":["in ",{"t":"idOrVar","v":"value"}," hours"]},"$x":[{"t":"idOrVar","v":"plural"},"value"]},{"$i":"days-until-long","$v":{"zero":"today","one":"tomorrow","two":["in ",{"t":"idOrVar","v":"value"}," days"],"few":["in ",{"t":"idOrVar","v":"value"}," days"],"many":["in ",{"t":"idOrVar","v":"value"}," days"],"other":["in ",{"t":"idOrVar","v":"value"}," days"]},"$x":[{"t":"idOrVar","v":"plural"},"value"]},{"$i":"weeks-until-long","$v":{"zero":"this week","one":"next week","two":["in ",{"t":"idOrVar","v":"value"}," weeks"],"few":["in ",{"t":"idOrVar","v":"value"}," weeks"],"many":["in ",{"t":"idOrVar","v":"value"}," weeks"],"other":["in ",{"t":"idOrVar","v":"value"}," weeks"]},"$x":[{"t":"idOrVar","v":"plural"},"value"]},{"$i":"months-until-long","$v":{"zero":"this month","one":"next month","two":["in ",{"t":"idOrVar","v":"value"}," months"],"few":["in ",{"t":"idOrVar","v":"value"}," months"],"many":["in ",{"t":"idOrVar","v":"value"}," months"],"other":["in ",{"t":"idOrVar","v":"value"}," months"]},"$x":[{"t":"idOrVar","v":"plural"},"value"]},{"$i":"years-until-long","$v":{"zero":"this year","one":"next year","two":["in ",{"t":"idOrVar","v":"value"}," years"],"few":["in ",{"t":"idOrVar","v":"value"}," years"],"many":["in ",{"t":"idOrVar","v":"value"}," years"],"other":["in ",{"t":"idOrVar","v":"value"}," years"]},"$x":[{"t":"idOrVar","v":"plural"},"value"]},{"$i":"minutes-ago-short","$v":{"zero":"just now","other":[{"t":"idOrVar","v":"value"},"m ago"]},"$x":[{"t":"idOrVar","v":"plural"},"value"]},{"$i":"hours-ago-short","$v":{"zero":"just now","other":[{"t":"idOrVar","v":"value"},"h ago"]},"$x":[{"t":"idOrVar","v":"plural"},"value"]},{"$i":"days-ago-short","$v":{"zero":"today","other":[{"t":"idOrVar","v":"value"},"d ago"]},"$x":[{"t":"idOrVar","v":"plural"},"value"]},{"$i":"minutes-until-short","$v":{"zero":"now","other":["in ",{"t":"idOrVar","v":"value"},"m"]},"$x":[{"t":"idOrVar","v":"plural"},"value"]},{"$i":"hours-until-short","$v":{"zero":"now","other":["in ",{"t":"idOrVar","v":"value"},"h"]},"$x":[{"t":"idOrVar","v":"plural"},"value"]},{"$i":"days-until-short","$v":{"zero":"today","other":["in ",{"t":"idOrVar","v":"value"},"d"]},"$x":[{"t":"idOrVar","v":"plural"},"value"]},{"$i":"incorrectDate","$v":"(incorrect date)"},{"$i":"dateTimeFormat_%c","$v":"%a %b %e %Y %I:%M:%S %p"},{"$i":"dateTimeFormat_%x","$v":"%m/%d/%Y"},{"$i":"dateTimeFormat_%X","$v":"%I:%M:%S %p"},{"$i":"shortTimeFormat","$v":"%I:%M %p"},{"$i":"shortTimeFormat12","$v":"%I:%M %p"},{"$i":"shortTimeFormat24","$v":"%H:%M"},{"$i":"shortDateTimeFormat","$v":"%x %I:%M %p"},{"$i":"weekStartsOnMonday","$v":"0"},{"$i":"firstDayOfTheWeek","$v":"0"},{"$i":"time_am","$v":"AM"},{"$i":"time_pm","$v":"PM"},{"$i":"sim-with-index-and-carrier","$v":["SIM ",{"t":"idOrVar","v":"index"}," - ",{"t":"idOrVar","v":"carrier"}]},{"$i":"sim-without-carrier","$v":["SIM ",{"t":"idOrVar","v":"index"}]}]