[{"$i":"callLog","$v":"Çağrı Kaydı"},{"$i":"all","$v":"Tümü"},{"$i":"missed","$v":"Cevapsız"},{"$i":"outgoing","$v":"Aranan"},{"$i":"incoming","$v":"Alınan"},{"$i":"missedCall","$v":"Cevapsız çağrı"},{"$i":"outgoingCall","$v":"Giden çağrı"},{"$i":"incomingCall","$v":"Gelen çağrı"},{"$i":"rttCall","$v":"RTT araması"},{"$i":"rtt-call","$v":"RTT ARAMASI"},{"$i":"videoCall","$v":"Görüntülü arama"},{"$i":"call","$v":"Çağrı"},{"$i":"options","$v":"Seçenekler"},{"$i":"callInformation","$v":"Çağrı Bilgisi"},{"$i":"sendSms","$v":"Mesaj Gönder"},{"$i":"createNewContact","$v":"Yeni Kişi Oluştur"},{"$i":"addToExistingContact","$v":"Mevcut Kişiye Ekle"},{"$i":"editCalllog","$v":"Arama kaydını düzenle"},{"$i":"withheld-number","$v":"Bilinmiyor"},{"$i":"today","$v":"Bugün"},{"$i":"yesterday","$v":"Dün"},{"$i":"no-logs-msg-1","$v":"Arama geçmişi yok"},{"$i":"no-logs-msg-2","$v":"İletişime şimdi başla"},{"$i":"voicemail","$v":"Sesli mesaj"},{"$i":"emergencyNumber","$v":"Acil Çağrı"},{"$i":"select","$v":"Seç"},{"$i":"calllog-all","$v":"Tümü"},{"$i":"delete","$v":"Sil"},{"$i":"deselect","$v":"Seçimi kaldır"},{"$i":"calllog-none","$v":"Hiçbiri"},{"$i":"checkedCount","$v":"seçildi"},{"$i":"confirmation","$v":"Onay"},{"$i":"deleteLog","$v":"Seçilen girdileri Arama Kaydından silmek istediğinizden emin misiniz?"},{"$i":"delete-single-log","$v":["Arama Günlüğü'nden ",{"t":"idOrVar","v":"name"}," öğesini silmek istediğinize emin misiniz?"]},{"$i":"blockContact","$v":"Engellediğiniz kişilerden telefon çağrısı ve mesaj almayacaksınız."},{"$i":"no-recent-numbers","$v":"Arama Kaydında aranacak son numara yok."},{"$i":"ok","$v":"Tamam"},{"$i":"cancel","$v":"İptal"},{"$i":"block","$v":"Engelle"},{"$i":"unblock","$v":"Engeli kaldır"},{"$i":"deletedNotification","$v":[{"t":"idOrVar","v":"n"}," girdi silindi"]},{"$i":"deletedNotification-1","$v":{"few":[{"t":"idOrVar","v":"n"}," girdi silindi"],"many":[{"t":"idOrVar","v":"n"}," girdi silindi"],"other":[{"t":"idOrVar","v":"n"}," girdi silindi"],"two":[{"t":"idOrVar","v":"n"}," girdi silindi"],"one":"1 giriş silindi"},"$x":[{"t":"idOrVar","v":"plural"},"n"]},{"$i":"durationHours","$v":{"few":[{"t":"idOrVar","v":"value"}," saat"],"many":[{"t":"idOrVar","v":"value"}," saat"],"one":"1 saat","other":[{"t":"idOrVar","v":"value"}," saat"],"two":[{"t":"idOrVar","v":"value"}," saat"],"zero":"0 saat"},"$x":[{"t":"idOrVar","v":"plural"},"value"]},{"$i":"durationMinutes","$v":{"few":[{"t":"idOrVar","v":"value"}," dakika"],"many":[{"t":"idOrVar","v":"value"}," dakika"],"one":"1 dakika","other":[{"t":"idOrVar","v":"value"}," dakika"],"two":[{"t":"idOrVar","v":"value"}," dakika"],"zero":"0 dakika"},"$x":[{"t":"idOrVar","v":"plural"},"value"]},{"$i":"durationSeconds","$v":{"few":[{"t":"idOrVar","v":"value"}," saniye"],"many":[{"t":"idOrVar","v":"value"}," saniye"],"one":"1 saniye","other":[{"t":"idOrVar","v":"value"}," saniye"],"two":[{"t":"idOrVar","v":"value"}," saniye"],"zero":"0 saniye"},"$x":[{"t":"idOrVar","v":"plural"},"value"]},{"$i":"mobile","$v":"Mobil"},{"$i":"home","$v":"Ev"},{"$i":"work","$v":"İş"},{"$i":"personal","$v":"Kişisel"},{"$i":"faxHome","$v":"Eve faks gönder"},{"$i":"faxOffice","$v":"Ofise faks gönder"},{"$i":"faxOther","$v":"Başkasına faks gönder"},{"$i":"callAirplaneModeTitle","$v":"Uçak modu etkin"},{"$i":"callAirplaneModeMessage","$v":"Çağrı yapabilmek için Ayarlar'da uçak modunu kapatmalısınız."},{"$i":"emergencyDialogTitle","$v":"Şebeke bağlantısı yok"},{"$i":"emergencyDialogBodyBadNumber","$v":"Çağrı yapmak için telefon bir şebekeye bağlı olmalıdır."},{"$i":"emergencyDialogBodyDeviceNotAccepted","$v":"Acil çağrılara şebeke tarafından izin verilmemektedir."},{"$i":"invalidNumberToDialTitle","$v":"Geçersiz telefon numarası"},{"$i":"invalidNumberToDialMessage","$v":"Aradığınız telefon numarası geçersiz."},{"$i":"emergency-call-only","$v":"Yalnızca Acil Çağrı"},{"$i":"emergency-call-error","$v":[{"t":"idOrVar","v":"number"}," bir acil durum numarası değil."]},{"$i":"numberIsBusyTitle","$v":"Numara meşgul"},{"$i":"numberIsBusyMessage","$v":"Aradığınız numara şu anda meşgul. Lütfen daha sonra tekrar deneyin."},{"$i":"fdnIsActiveTitle","$v":"FDN etkin"},{"$i":"fdnIsActiveMessage","$v":["FDN (Sabit Arama Numaraları) etkinleştirildi ve şu numara FDN listenizde değil: ",{"t":"idOrVar","v":"number"}]},{"$i":"otherConnectionInUseTitle","$v":"Başka bir bağlantı kullanımda"},{"$i":"otherConnectionInUseMessage","$v":"Başka bir bağlantıda aktif bir çağrınız var. Bir seferde sadece bir bağlantı kullanabilirsiniz."},{"$i":"GenericFailure","$v":"Genel Hata"},{"$i":"CallFailed","$v":"Çağrı başarısız"},{"$i":"weekday-0-long","$v":"Sunday"},{"$i":"weekday-1-long","$v":"Monday"},{"$i":"weekday-2-long","$v":"Tuesday"},{"$i":"weekday-3-long","$v":"Wednesday"},{"$i":"weekday-4-long","$v":"Thursday"},{"$i":"weekday-5-long","$v":"Friday"},{"$i":"weekday-6-long","$v":"Saturday"},{"$i":"weekday-0-short","$v":"Sun"},{"$i":"weekday-1-short","$v":"Mon"},{"$i":"weekday-2-short","$v":"Tue"},{"$i":"weekday-3-short","$v":"Wed"},{"$i":"weekday-4-short","$v":"Thu"},{"$i":"weekday-5-short","$v":"Fri"},{"$i":"weekday-6-short","$v":"Sat"},{"$i":"month-0-long","$v":"January"},{"$i":"month-1-long","$v":"February"},{"$i":"month-2-long","$v":"March"},{"$i":"month-3-long","$v":"April"},{"$i":"month-4-long","$v":"May"},{"$i":"month-5-long","$v":"June"},{"$i":"month-6-long","$v":"July"},{"$i":"month-7-long","$v":"August"},{"$i":"month-8-long","$v":"September"},{"$i":"month-9-long","$v":"October"},{"$i":"month-10-long","$v":"November"},{"$i":"month-11-long","$v":"December"},{"$i":"month-0-genitive","$v":"January"},{"$i":"month-1-genitive","$v":"February"},{"$i":"month-2-genitive","$v":"March"},{"$i":"month-3-genitive","$v":"April"},{"$i":"month-4-genitive","$v":"May"},{"$i":"month-5-genitive","$v":"June"},{"$i":"month-6-genitive","$v":"July"},{"$i":"month-7-genitive","$v":"August"},{"$i":"month-8-genitive","$v":"September"},{"$i":"month-9-genitive","$v":"October"},{"$i":"month-10-genitive","$v":"November"},{"$i":"month-11-genitive","$v":"December"},{"$i":"month-0-short","$v":"Jan"},{"$i":"month-1-short","$v":"Feb"},{"$i":"month-2-short","$v":"Mar"},{"$i":"month-3-short","$v":"Apr"},{"$i":"month-4-short","$v":"May"},{"$i":"month-5-short","$v":"Jun"},{"$i":"month-6-short","$v":"Jul"},{"$i":"month-7-short","$v":"Aug"},{"$i":"month-8-short","$v":"Sep"},{"$i":"month-9-short","$v":"Oct"},{"$i":"month-10-short","$v":"Nov"},{"$i":"month-11-short","$v":"Dec"},{"$i":"minutes-ago-long","$v":{"zero":"just now","one":"a minute ago","two":[{"t":"idOrVar","v":"value"}," minutes ago"],"few":[{"t":"idOrVar","v":"value"}," minutes ago"],"many":[{"t":"idOrVar","v":"value"}," minutes ago"],"other":[{"t":"idOrVar","v":"value"}," minutes ago"]},"$x":[{"t":"idOrVar","v":"plural"},"value"]},{"$i":"hours-ago-long","$v":{"zero":"just now","one":"an hour ago","two":[{"t":"idOrVar","v":"value"}," hours ago"],"few":[{"t":"idOrVar","v":"value"}," hours ago"],"many":[{"t":"idOrVar","v":"value"}," hours ago"],"other":[{"t":"idOrVar","v":"value"}," hours ago"]},"$x":[{"t":"idOrVar","v":"plural"},"value"]},{"$i":"days-ago-long","$v":{"zero":"today","one":"yesterday","two":[{"t":"idOrVar","v":"value"}," days ago"],"few":[{"t":"idOrVar","v":"value"}," days ago"],"many":[{"t":"idOrVar","v":"value"}," days ago"],"other":[{"t":"idOrVar","v":"value"}," days ago"]},"$x":[{"t":"idOrVar","v":"plural"},"value"]},{"$i":"weeks-ago-long","$v":{"zero":"this week","one":"last week","two":[{"t":"idOrVar","v":"value"}," weeks ago"],"few":[{"t":"idOrVar","v":"value"}," weeks ago"],"many":[{"t":"idOrVar","v":"value"}," weeks ago"],"other":[{"t":"idOrVar","v":"value"}," weeks ago"]},"$x":[{"t":"idOrVar","v":"plural"},"value"]},{"$i":"months-ago-long","$v":{"zero":"this month","one":"last month","two":[{"t":"idOrVar","v":"value"}," months ago"],"few":[{"t":"idOrVar","v":"value"}," months ago"],"many":[{"t":"idOrVar","v":"value"}," months ago"],"other":[{"t":"idOrVar","v":"value"}," months ago"]},"$x":[{"t":"idOrVar","v":"plural"},"value"]},{"$i":"years-ago-long","$v":{"zero":"this year","one":"last year","two":[{"t":"idOrVar","v":"value"}," years ago"],"few":[{"t":"idOrVar","v":"value"}," years ago"],"many":[{"t":"idOrVar","v":"value"}," years ago"],"other":[{"t":"idOrVar","v":"value"}," years ago"]},"$x":[{"t":"idOrVar","v":"plural"},"value"]},{"$i":"minutes-until-long","$v":{"zero":"now","one":"in a minute","two":["in ",{"t":"idOrVar","v":"value"}," minutes"],"few":["in ",{"t":"idOrVar","v":"value"}," minutes"],"many":["in ",{"t":"idOrVar","v":"value"}," minutes"],"other":["in ",{"t":"idOrVar","v":"value"}," minutes"]},"$x":[{"t":"idOrVar","v":"plural"},"value"]},{"$i":"hours-until-long","$v":{"zero":"now","one":"in an hour","two":["in ",{"t":"idOrVar","v":"value"}," hours"],"few":["in ",{"t":"idOrVar","v":"value"}," hours"],"many":["in ",{"t":"idOrVar","v":"value"}," hours"],"other":["in ",{"t":"idOrVar","v":"value"}," hours"]},"$x":[{"t":"idOrVar","v":"plural"},"value"]},{"$i":"days-until-long","$v":{"zero":"today","one":"tomorrow","two":["in ",{"t":"idOrVar","v":"value"}," days"],"few":["in ",{"t":"idOrVar","v":"value"}," days"],"many":["in ",{"t":"idOrVar","v":"value"}," days"],"other":["in ",{"t":"idOrVar","v":"value"}," days"]},"$x":[{"t":"idOrVar","v":"plural"},"value"]},{"$i":"weeks-until-long","$v":{"zero":"this week","one":"next week","two":["in ",{"t":"idOrVar","v":"value"}," weeks"],"few":["in ",{"t":"idOrVar","v":"value"}," weeks"],"many":["in ",{"t":"idOrVar","v":"value"}," weeks"],"other":["in ",{"t":"idOrVar","v":"value"}," weeks"]},"$x":[{"t":"idOrVar","v":"plural"},"value"]},{"$i":"months-until-long","$v":{"zero":"this month","one":"next month","two":["in ",{"t":"idOrVar","v":"value"}," months"],"few":["in ",{"t":"idOrVar","v":"value"}," months"],"many":["in ",{"t":"idOrVar","v":"value"}," months"],"other":["in ",{"t":"idOrVar","v":"value"}," months"]},"$x":[{"t":"idOrVar","v":"plural"},"value"]},{"$i":"years-until-long","$v":{"zero":"this year","one":"next year","two":["in ",{"t":"idOrVar","v":"value"}," years"],"few":["in ",{"t":"idOrVar","v":"value"}," years"],"many":["in ",{"t":"idOrVar","v":"value"}," years"],"other":["in ",{"t":"idOrVar","v":"value"}," years"]},"$x":[{"t":"idOrVar","v":"plural"},"value"]},{"$i":"minutes-ago-short","$v":{"zero":"just now","other":[{"t":"idOrVar","v":"value"},"m ago"]},"$x":[{"t":"idOrVar","v":"plural"},"value"]},{"$i":"hours-ago-short","$v":{"zero":"just now","other":[{"t":"idOrVar","v":"value"},"h ago"]},"$x":[{"t":"idOrVar","v":"plural"},"value"]},{"$i":"days-ago-short","$v":{"zero":"today","other":[{"t":"idOrVar","v":"value"},"d ago"]},"$x":[{"t":"idOrVar","v":"plural"},"value"]},{"$i":"minutes-until-short","$v":{"zero":"now","other":["in ",{"t":"idOrVar","v":"value"},"m"]},"$x":[{"t":"idOrVar","v":"plural"},"value"]},{"$i":"hours-until-short","$v":{"zero":"now","other":["in ",{"t":"idOrVar","v":"value"},"h"]},"$x":[{"t":"idOrVar","v":"plural"},"value"]},{"$i":"days-until-short","$v":{"zero":"today","other":["in ",{"t":"idOrVar","v":"value"},"d"]},"$x":[{"t":"idOrVar","v":"plural"},"value"]},{"$i":"incorrectDate","$v":"(incorrect date)"},{"$i":"dateTimeFormat_%c","$v":"%a %b %e %Y %I:%M:%S %p"},{"$i":"dateTimeFormat_%x","$v":"%m/%d/%Y"},{"$i":"dateTimeFormat_%X","$v":"%I:%M:%S %p"},{"$i":"shortTimeFormat","$v":"%I:%M %p"},{"$i":"shortTimeFormat12","$v":"%I:%M %p"},{"$i":"shortTimeFormat24","$v":"%H:%M"},{"$i":"shortDateTimeFormat","$v":"%x %I:%M %p"},{"$i":"weekStartsOnMonday","$v":"0"},{"$i":"firstDayOfTheWeek","$v":"0"},{"$i":"time_am","$v":"AM"},{"$i":"time_pm","$v":"PM"},{"$i":"sim-with-index-and-carrier","$v":["SIM ",{"t":"idOrVar","v":"index"}," - ",{"t":"idOrVar","v":"carrier"}]},{"$i":"sim-without-carrier","$v":["SIM ",{"t":"idOrVar","v":"index"}]}]