[{"$i":"callLog","$v":"Чақирув логи"},{"$i":"all","$v":"Ҳаммаси"},{"$i":"missed","$v":"Ўтказ. юборилган"},{"$i":"outgoing","$v":"Терилди"},{"$i":"incoming","$v":"Қабул қилинди"},{"$i":"missedCall","$v":"Жавобсиз қўнғироқ"},{"$i":"outgoingCall","$v":"Чиқувчи чақирув"},{"$i":"incomingCall","$v":"Кирувчи чақирув"},{"$i":"rttCall","$v":"RTT чақирув"},{"$i":"rtt-call","$v":"RTT ЧАҚИРУВ"},{"$i":"videoCall","$v":"Видео чақирув"},{"$i":"call","$v":"Чақирув"},{"$i":"options","$v":"Параметрлар"},{"$i":"callInformation","$v":"Чақирув маълумоти"},{"$i":"sendSms","$v":"Хабар юбориш"},{"$i":"createNewContact","$v":"Янги контакт яратиш"},{"$i":"addToExistingContact","$v":"Мавжуд контактга қўшиш"},{"$i":"editCalllog","$v":"Чақирув логини таҳрирлаш"},{"$i":"withheld-number","$v":"Номаълум"},{"$i":"today","$v":"Бугун"},{"$i":"yesterday","$v":"Кеча"},{"$i":"no-logs-msg-1","$v":"Qоьнгьироqлар тарихи ыоьq"},{"$i":"no-logs-msg-2","$v":"Мулоқотни бошлаш"},{"$i":"voicemail","$v":"Овозли почта"},{"$i":"emergencyNumber","$v":"Фавқулодда рақам"},{"$i":"select","$v":"Танлаш"},{"$i":"calllog-all","$v":"Ҳаммаси"},{"$i":"delete","$v":"Ўчириш"},{"$i":"deselect","$v":"Белгилашни бекор қилиш"},{"$i":"calllog-none","$v":"Йўқ"},{"$i":"checkedCount","$v":"selected"},{"$i":"confirmation","$v":"Тасдиқ"},{"$i":"deleteLog","$v":"Ҳақиқатан ҳам танланганларни Чақирувлар логидан ўчирасизми?"},{"$i":"delete-single-log","$v":["Чақирувлар журналидан ",{"t":"idOrVar","v":"name"}," ўчириб ташлансинми?"]},{"$i":"blockContact","$v":"Қора рўйхатдаги контактлардан телефон чақирувлари ва хабарларни олмайсиз."},{"$i":"no-recent-numbers","$v":"Териш учун чақирувлар журналида рақам йўқ."},{"$i":"ok","$v":"OK"},{"$i":"cancel","$v":"Бекор қилиш"},{"$i":"block","$v":"Блоклаш"},{"$i":"unblock","$v":"Бекор qилинг"},{"$i":"deletedNotification","$v":[{"t":"idOrVar","v":"n"}," та ёзув ўчирилди"]},{"$i":"deletedNotification-1","$v":{"few":[{"t":"idOrVar","v":"n"}," та ёзув ўчирилди"],"many":[{"t":"idOrVar","v":"n"}," та ёзув ўчирилди"],"other":[{"t":"idOrVar","v":"n"}," та ёзув ўчирилди"],"two":[{"t":"idOrVar","v":"n"}," та ёзув ўчирилди"],"one":"1 та ёзув ўчирилди"},"$x":[{"t":"idOrVar","v":"plural"},"n"]},{"$i":"durationHours","$v":{"few":[{"t":"idOrVar","v":"value"}," соат"],"many":[{"t":"idOrVar","v":"value"}," соат"],"one":"1 соат","other":[{"t":"idOrVar","v":"value"}," соат"],"two":[{"t":"idOrVar","v":"value"}," соат"],"zero":"0 соат"},"$x":[{"t":"idOrVar","v":"plural"},"value"]},{"$i":"durationMinutes","$v":{"few":[{"t":"idOrVar","v":"value"}," дақиқа"],"many":[{"t":"idOrVar","v":"value"}," дақиқа"],"one":"1 дақиқа","other":[{"t":"idOrVar","v":"value"}," дақиқа"],"two":[{"t":"idOrVar","v":"value"}," дақиқа"],"zero":"0 дақиқа"},"$x":[{"t":"idOrVar","v":"plural"},"value"]},{"$i":"durationSeconds","$v":{"few":[{"t":"idOrVar","v":"value"}," соат"],"many":[{"t":"idOrVar","v":"value"}," соат"],"one":"1 сония","other":[{"t":"idOrVar","v":"value"}," соат"],"two":[{"t":"idOrVar","v":"value"}," соат"],"zero":"0 сония"},"$x":[{"t":"idOrVar","v":"plural"},"value"]},{"$i":"mobile","$v":"Мобил"},{"$i":"home","$v":"Уй"},{"$i":"work","$v":"Иш"},{"$i":"personal","$v":"Шахсий"},{"$i":"faxHome","$v":"Факс уй"},{"$i":"faxOffice","$v":"Факс офис"},{"$i":"faxOther","$v":"Факс бошқа"},{"$i":"callAirplaneModeTitle","$v":"Парвоз режими фаоллашди"},{"$i":"callAirplaneModeMessage","$v":"Чақирув учун созламалардан парвоз режимини ўчиринг."},{"$i":"emergencyDialogTitle","$v":"Тармоқ уланиши йўқ"},{"$i":"emergencyDialogBodyBadNumber","$v":"Чақирув учун телефон тармоққа уланиши керак."},{"$i":"emergencyDialogBodyDeviceNotAccepted","$v":"Тармоқ фавқулодда чақирувга рухсат бермайди."},{"$i":"invalidNumberToDialTitle","$v":"Телефон рақами хато"},{"$i":"invalidNumberToDialMessage","$v":"Чақирилаётган рақам мавжуд эмас."},{"$i":"emergency-call-only","$v":"Фақат фавқулодда чақ."},{"$i":"emergency-call-error","$v":[{"t":"idOrVar","v":"number"}," фавқулодда рақам эмас."]},{"$i":"numberIsBusyTitle","$v":"Рақам банд"},{"$i":"numberIsBusyMessage","$v":"Рақам ҳозирча банд. Кейинроқ қайта урининг."},{"$i":"fdnIsActiveTitle","$v":"FDN ёқилди"},{"$i":"fdnIsActiveMessage","$v":["FDN (Рухсат этилган рақамлар) ёқилди, аммо қуйидаги рақам FDN рўйхатида йўқ: ",{"t":"idOrVar","v":"number"}]},{"$i":"otherConnectionInUseTitle","$v":"Бошқа фаол уланиш"},{"$i":"otherConnectionInUseMessage","$v":"Бошқа уланишда чақирув кетмоқда. Бир вақтда биттагина уланиш ишлатасиз."},{"$i":"GenericFailure","$v":"Умумий носозлик"},{"$i":"CallFailed","$v":"Чақирилмади"},{"$i":"weekday-0-long","$v":"Sunday"},{"$i":"weekday-1-long","$v":"Monday"},{"$i":"weekday-2-long","$v":"Tuesday"},{"$i":"weekday-3-long","$v":"Wednesday"},{"$i":"weekday-4-long","$v":"Thursday"},{"$i":"weekday-5-long","$v":"Friday"},{"$i":"weekday-6-long","$v":"Saturday"},{"$i":"weekday-0-short","$v":"Sun"},{"$i":"weekday-1-short","$v":"Mon"},{"$i":"weekday-2-short","$v":"Tue"},{"$i":"weekday-3-short","$v":"Wed"},{"$i":"weekday-4-short","$v":"Thu"},{"$i":"weekday-5-short","$v":"Fri"},{"$i":"weekday-6-short","$v":"Sat"},{"$i":"month-0-long","$v":"January"},{"$i":"month-1-long","$v":"February"},{"$i":"month-2-long","$v":"March"},{"$i":"month-3-long","$v":"April"},{"$i":"month-4-long","$v":"May"},{"$i":"month-5-long","$v":"June"},{"$i":"month-6-long","$v":"July"},{"$i":"month-7-long","$v":"August"},{"$i":"month-8-long","$v":"September"},{"$i":"month-9-long","$v":"October"},{"$i":"month-10-long","$v":"November"},{"$i":"month-11-long","$v":"December"},{"$i":"month-0-genitive","$v":"January"},{"$i":"month-1-genitive","$v":"February"},{"$i":"month-2-genitive","$v":"March"},{"$i":"month-3-genitive","$v":"April"},{"$i":"month-4-genitive","$v":"May"},{"$i":"month-5-genitive","$v":"June"},{"$i":"month-6-genitive","$v":"July"},{"$i":"month-7-genitive","$v":"August"},{"$i":"month-8-genitive","$v":"September"},{"$i":"month-9-genitive","$v":"October"},{"$i":"month-10-genitive","$v":"November"},{"$i":"month-11-genitive","$v":"December"},{"$i":"month-0-short","$v":"Jan"},{"$i":"month-1-short","$v":"Feb"},{"$i":"month-2-short","$v":"Mar"},{"$i":"month-3-short","$v":"Apr"},{"$i":"month-4-short","$v":"May"},{"$i":"month-5-short","$v":"Jun"},{"$i":"month-6-short","$v":"Jul"},{"$i":"month-7-short","$v":"Aug"},{"$i":"month-8-short","$v":"Sep"},{"$i":"month-9-short","$v":"Oct"},{"$i":"month-10-short","$v":"Nov"},{"$i":"month-11-short","$v":"Dec"},{"$i":"minutes-ago-long","$v":{"zero":"just now","one":"a minute ago","two":[{"t":"idOrVar","v":"value"}," minutes ago"],"few":[{"t":"idOrVar","v":"value"}," minutes ago"],"many":[{"t":"idOrVar","v":"value"}," minutes ago"],"other":[{"t":"idOrVar","v":"value"}," minutes ago"]},"$x":[{"t":"idOrVar","v":"plural"},"value"]},{"$i":"hours-ago-long","$v":{"zero":"just now","one":"an hour ago","two":[{"t":"idOrVar","v":"value"}," hours ago"],"few":[{"t":"idOrVar","v":"value"}," hours ago"],"many":[{"t":"idOrVar","v":"value"}," hours ago"],"other":[{"t":"idOrVar","v":"value"}," hours ago"]},"$x":[{"t":"idOrVar","v":"plural"},"value"]},{"$i":"days-ago-long","$v":{"zero":"today","one":"yesterday","two":[{"t":"idOrVar","v":"value"}," days ago"],"few":[{"t":"idOrVar","v":"value"}," days ago"],"many":[{"t":"idOrVar","v":"value"}," days ago"],"other":[{"t":"idOrVar","v":"value"}," days ago"]},"$x":[{"t":"idOrVar","v":"plural"},"value"]},{"$i":"weeks-ago-long","$v":{"zero":"this week","one":"last week","two":[{"t":"idOrVar","v":"value"}," weeks ago"],"few":[{"t":"idOrVar","v":"value"}," weeks ago"],"many":[{"t":"idOrVar","v":"value"}," weeks ago"],"other":[{"t":"idOrVar","v":"value"}," weeks ago"]},"$x":[{"t":"idOrVar","v":"plural"},"value"]},{"$i":"months-ago-long","$v":{"zero":"this month","one":"last month","two":[{"t":"idOrVar","v":"value"}," months ago"],"few":[{"t":"idOrVar","v":"value"}," months ago"],"many":[{"t":"idOrVar","v":"value"}," months ago"],"other":[{"t":"idOrVar","v":"value"}," months ago"]},"$x":[{"t":"idOrVar","v":"plural"},"value"]},{"$i":"years-ago-long","$v":{"zero":"this year","one":"last year","two":[{"t":"idOrVar","v":"value"}," years ago"],"few":[{"t":"idOrVar","v":"value"}," years ago"],"many":[{"t":"idOrVar","v":"value"}," years ago"],"other":[{"t":"idOrVar","v":"value"}," years ago"]},"$x":[{"t":"idOrVar","v":"plural"},"value"]},{"$i":"minutes-until-long","$v":{"zero":"now","one":"in a minute","two":["in ",{"t":"idOrVar","v":"value"}," minutes"],"few":["in ",{"t":"idOrVar","v":"value"}," minutes"],"many":["in ",{"t":"idOrVar","v":"value"}," minutes"],"other":["in ",{"t":"idOrVar","v":"value"}," minutes"]},"$x":[{"t":"idOrVar","v":"plural"},"value"]},{"$i":"hours-until-long","$v":{"zero":"now","one":"in an hour","two":["in ",{"t":"idOrVar","v":"value"}," hours"],"few":["in ",{"t":"idOrVar","v":"value"}," hours"],"many":["in ",{"t":"idOrVar","v":"value"}," hours"],"other":["in ",{"t":"idOrVar","v":"value"}," hours"]},"$x":[{"t":"idOrVar","v":"plural"},"value"]},{"$i":"days-until-long","$v":{"zero":"today","one":"tomorrow","two":["in ",{"t":"idOrVar","v":"value"}," days"],"few":["in ",{"t":"idOrVar","v":"value"}," days"],"many":["in ",{"t":"idOrVar","v":"value"}," days"],"other":["in ",{"t":"idOrVar","v":"value"}," days"]},"$x":[{"t":"idOrVar","v":"plural"},"value"]},{"$i":"weeks-until-long","$v":{"zero":"this week","one":"next week","two":["in ",{"t":"idOrVar","v":"value"}," weeks"],"few":["in ",{"t":"idOrVar","v":"value"}," weeks"],"many":["in ",{"t":"idOrVar","v":"value"}," weeks"],"other":["in ",{"t":"idOrVar","v":"value"}," weeks"]},"$x":[{"t":"idOrVar","v":"plural"},"value"]},{"$i":"months-until-long","$v":{"zero":"this month","one":"next month","two":["in ",{"t":"idOrVar","v":"value"}," months"],"few":["in ",{"t":"idOrVar","v":"value"}," months"],"many":["in ",{"t":"idOrVar","v":"value"}," months"],"other":["in ",{"t":"idOrVar","v":"value"}," months"]},"$x":[{"t":"idOrVar","v":"plural"},"value"]},{"$i":"years-until-long","$v":{"zero":"this year","one":"next year","two":["in ",{"t":"idOrVar","v":"value"}," years"],"few":["in ",{"t":"idOrVar","v":"value"}," years"],"many":["in ",{"t":"idOrVar","v":"value"}," years"],"other":["in ",{"t":"idOrVar","v":"value"}," years"]},"$x":[{"t":"idOrVar","v":"plural"},"value"]},{"$i":"minutes-ago-short","$v":{"zero":"just now","other":[{"t":"idOrVar","v":"value"},"m ago"]},"$x":[{"t":"idOrVar","v":"plural"},"value"]},{"$i":"hours-ago-short","$v":{"zero":"just now","other":[{"t":"idOrVar","v":"value"},"h ago"]},"$x":[{"t":"idOrVar","v":"plural"},"value"]},{"$i":"days-ago-short","$v":{"zero":"today","other":[{"t":"idOrVar","v":"value"},"d ago"]},"$x":[{"t":"idOrVar","v":"plural"},"value"]},{"$i":"minutes-until-short","$v":{"zero":"now","other":["in ",{"t":"idOrVar","v":"value"},"m"]},"$x":[{"t":"idOrVar","v":"plural"},"value"]},{"$i":"hours-until-short","$v":{"zero":"now","other":["in ",{"t":"idOrVar","v":"value"},"h"]},"$x":[{"t":"idOrVar","v":"plural"},"value"]},{"$i":"days-until-short","$v":{"zero":"today","other":["in ",{"t":"idOrVar","v":"value"},"d"]},"$x":[{"t":"idOrVar","v":"plural"},"value"]},{"$i":"incorrectDate","$v":"(incorrect date)"},{"$i":"dateTimeFormat_%c","$v":"%a %b %e %Y %I:%M:%S %p"},{"$i":"dateTimeFormat_%x","$v":"%m/%d/%Y"},{"$i":"dateTimeFormat_%X","$v":"%I:%M:%S %p"},{"$i":"shortTimeFormat","$v":"%I:%M %p"},{"$i":"shortTimeFormat12","$v":"%I:%M %p"},{"$i":"shortTimeFormat24","$v":"%H:%M"},{"$i":"shortDateTimeFormat","$v":"%x %I:%M %p"},{"$i":"weekStartsOnMonday","$v":"0"},{"$i":"firstDayOfTheWeek","$v":"0"},{"$i":"time_am","$v":"AM"},{"$i":"time_pm","$v":"PM"},{"$i":"sim-with-index-and-carrier","$v":["SIM ",{"t":"idOrVar","v":"index"}," - ",{"t":"idOrVar","v":"carrier"}]},{"$i":"sim-without-carrier","$v":["SIM ",{"t":"idOrVar","v":"index"}]}]