[{"$i":"callLog","$v":"Ilogi Yomnxeba"},{"$i":"all","$v":"Zonke"},{"$i":"missed","$v":"Eziphosiweyo"},{"$i":"outgoing","$v":"Icofiwe"},{"$i":"incoming","$v":"Ezikhoyo"},{"$i":"missedCall","$v":"Umnxeba ophosiweyo"},{"$i":"outgoingCall","$v":"Umnxeba ophumayo"},{"$i":"incomingCall","$v":"Umnxeba ongenayo"},{"$i":"rttCall","$v":"Umnxeba we-RTT"},{"$i":"rtt-call","$v":"UMNXEBA WE-RTT"},{"$i":"videoCall","$v":"Umnxeba wevidiyo"},{"$i":"call","$v":"Ifowuni"},{"$i":"options","$v":"Iinketho"},{"$i":"callInformation","$v":"Inkcazelo Yomnxeba"},{"$i":"sendSms","$v":"Thumela umyalezo"},{"$i":"createNewContact","$v":"Yila Umqhagamshelwa Omtsha"},{"$i":"addToExistingContact","$v":"Faka kumQhakamshelwa Osele ekhona"},{"$i":"editCalllog","$v":"Hlela ilogi yokufowuna"},{"$i":"withheld-number","$v":"Akaziwa"},{"$i":"today","$v":"Namhlanje"},{"$i":"yesterday","$v":"Izolo"},{"$i":"no-logs-msg-1","$v":"Ayikho imbali yomnxeba"},{"$i":"no-logs-msg-2","$v":"Qalisa uthungelwano ngoku"},{"$i":"voicemail","$v":"Ivoysmele"},{"$i":"emergencyNumber","$v":"Inombolo yongxamiseko"},{"$i":"select","$v":"Khetha"},{"$i":"calllog-all","$v":"Zonke"},{"$i":"delete","$v":"Cima"},{"$i":"deselect","$v":"Yekisa ukukhetha"},{"$i":"calllog-none","$v":"Nanye"},{"$i":"checkedCount","$v":"selected"},{"$i":"confirmation","$v":"Isiqinisekiso"},{"$i":"deleteLog","$v":"Uqinisekile ufuna ukucima iminxebe engenileyo kwiLogi?"},{"$i":"delete-single-log","$v":["Uqinisekile ufuna ukucima ",{"t":"idOrVar","v":"name"}," kwiMbali Yeminxeba?"]},{"$i":"blockContact","$v":"Awuzukufumana  iminxeba yefowuni, imiyalezo esuka kubantu abakuluhlu oluthintelweyo."},{"$i":"no-recent-numbers","$v":"Akukho zinombolo sisanda kuqhakamshelwa kwi-Log yofowunol."},{"$i":"ok","$v":"KULUNGILE"},{"$i":"cancel","$v":"Rhoxisa"},{"$i":"block","$v":"Vimba"},{"$i":"unblock","$v":"Vulela"},{"$i":"deletedNotification","$v":[{"t":"idOrVar","v":"n"}," iimfakelo zicinyiwe"]},{"$i":"deletedNotification-1","$v":{"few":[{"t":"idOrVar","v":"n"}," iimfakelo zicinyiwe"],"many":[{"t":"idOrVar","v":"n"}," iimfakelo zicinyiwe"],"other":[{"t":"idOrVar","v":"n"}," iimfakelo zicinyiwe"],"two":[{"t":"idOrVar","v":"n"}," iimfakelo zicinyiwe"],"one":"Kucinywe ungeniso olu-1"},"$x":[{"t":"idOrVar","v":"plural"},"n"]},{"$i":"durationHours","$v":{"few":[{"t":"idOrVar","v":"value"}," iiyure"],"many":[{"t":"idOrVar","v":"value"}," iiyure"],"one":"1 iyure","other":[{"t":"idOrVar","v":"value"}," iiyure"],"two":[{"t":"idOrVar","v":"value"}," iiyure"],"zero":"0 iyure"},"$x":[{"t":"idOrVar","v":"plural"},"value"]},{"$i":"durationMinutes","$v":{"few":[{"t":"idOrVar","v":"{value"}," imizuzu"],"many":[{"t":"idOrVar","v":"{value"}," imizuzu"],"one":"1 umzuzu","other":[{"t":"idOrVar","v":"{value"}," imizuzu"],"two":[{"t":"idOrVar","v":"{value"}," imizuzu"],"zero":"0 umzuzu"},"$x":[{"t":"idOrVar","v":"plural"},"value"]},{"$i":"durationSeconds","$v":{"few":[{"t":"idOrVar","v":"value"}," iiyure"],"many":[{"t":"idOrVar","v":"value"}," iiyure"],"one":"1 mzuzwana","other":[{"t":"idOrVar","v":"value"}," iiyure"],"two":[{"t":"idOrVar","v":"value"}," iiyure"],"zero":"0 mzuzwana"},"$x":[{"t":"idOrVar","v":"plural"},"value"]},{"$i":"mobile","$v":"Nomyayi"},{"$i":"home","$v":"Ikhaya"},{"$i":"work","$v":"Umsebenzi"},{"$i":"personal","$v":"Eyobuqu"},{"$i":"faxHome","$v":"Ifeksi yasekhaya"},{"$i":"faxOffice","$v":"Ifeksi yaseofisini"},{"$i":"faxOther","$v":"Enye ifeksi"},{"$i":"callAirplaneModeTitle","$v":"Imodi yenqwelo-moya ivuliwe"},{"$i":"callAirplaneModeMessage","$v":"Ukuze utsale umnxeba kufuneka uvale imo yepleyini kwiisethingi."},{"$i":"emergencyDialogTitle","$v":"Akukho qhakamshelo lanethiwekhi"},{"$i":"emergencyDialogBodyBadNumber","$v":"Ukuze utsale umnxeba, ifowuni kumele inxibelelane nenetwekhi."},{"$i":"emergencyDialogBodyDeviceNotAccepted","$v":"Ifowuni zongxamiseko azilandelwa kwinethiwekhi."},{"$i":"invalidNumberToDialTitle","$v":"Akuyiyo inombolo yefowuni"},{"$i":"invalidNumberToDialMessage","$v":"Le nombolo yefowuni uyifowunelayo ayilunganga."},{"$i":"emergency-call-only","$v":"Fowunela Ungxamiseko Kuphela"},{"$i":"emergency-call-error","$v":[{"t":"idOrVar","v":"number"}," akuyonombolo kaxakeka."]},{"$i":"numberIsBusyTitle","$v":"Inombolo ixakekile"},{"$i":"numberIsBusyMessage","$v":"Le nombolo ixakekile okwangoku. Nceda uzame kamva."},{"$i":"fdnIsActiveTitle","$v":"I-FDN iyasetyenziswa"},{"$i":"fdnIsActiveMessage","$v":["I-FDN (Iinombolo Ezimiselwe Ukutsalelwa) ivuliwe ibe ezi nombolo zilandelayo azikho kuludwe lwe-FDN: ",{"t":"idOrVar","v":"number"}]},{"$i":"otherConnectionInUseTitle","$v":"Amanye oqhakamshelo asetyenziswayo"},{"$i":"otherConnectionInUseMessage","$v":"Usemnxebeni kolunye unxibelelwano. Ungasebenzisa kuphela unxibelelwano olunye ngexesha."},{"$i":"GenericFailure","$v":"Ukusilela okuzenzekelayo"},{"$i":"CallFailed","$v":"Umnxeba uphanzile"},{"$i":"weekday-0-long","$v":"Sunday"},{"$i":"weekday-1-long","$v":"Monday"},{"$i":"weekday-2-long","$v":"Tuesday"},{"$i":"weekday-3-long","$v":"Wednesday"},{"$i":"weekday-4-long","$v":"Thursday"},{"$i":"weekday-5-long","$v":"Friday"},{"$i":"weekday-6-long","$v":"Saturday"},{"$i":"weekday-0-short","$v":"Sun"},{"$i":"weekday-1-short","$v":"Mon"},{"$i":"weekday-2-short","$v":"Tue"},{"$i":"weekday-3-short","$v":"Wed"},{"$i":"weekday-4-short","$v":"Thu"},{"$i":"weekday-5-short","$v":"Fri"},{"$i":"weekday-6-short","$v":"Sat"},{"$i":"month-0-long","$v":"January"},{"$i":"month-1-long","$v":"February"},{"$i":"month-2-long","$v":"March"},{"$i":"month-3-long","$v":"April"},{"$i":"month-4-long","$v":"May"},{"$i":"month-5-long","$v":"June"},{"$i":"month-6-long","$v":"July"},{"$i":"month-7-long","$v":"August"},{"$i":"month-8-long","$v":"September"},{"$i":"month-9-long","$v":"October"},{"$i":"month-10-long","$v":"November"},{"$i":"month-11-long","$v":"December"},{"$i":"month-0-genitive","$v":"January"},{"$i":"month-1-genitive","$v":"February"},{"$i":"month-2-genitive","$v":"March"},{"$i":"month-3-genitive","$v":"April"},{"$i":"month-4-genitive","$v":"May"},{"$i":"month-5-genitive","$v":"June"},{"$i":"month-6-genitive","$v":"July"},{"$i":"month-7-genitive","$v":"August"},{"$i":"month-8-genitive","$v":"September"},{"$i":"month-9-genitive","$v":"October"},{"$i":"month-10-genitive","$v":"November"},{"$i":"month-11-genitive","$v":"December"},{"$i":"month-0-short","$v":"Jan"},{"$i":"month-1-short","$v":"Feb"},{"$i":"month-2-short","$v":"Mar"},{"$i":"month-3-short","$v":"Apr"},{"$i":"month-4-short","$v":"May"},{"$i":"month-5-short","$v":"Jun"},{"$i":"month-6-short","$v":"Jul"},{"$i":"month-7-short","$v":"Aug"},{"$i":"month-8-short","$v":"Sep"},{"$i":"month-9-short","$v":"Oct"},{"$i":"month-10-short","$v":"Nov"},{"$i":"month-11-short","$v":"Dec"},{"$i":"minutes-ago-long","$v":{"zero":"just now","one":"a minute ago","two":[{"t":"idOrVar","v":"value"}," minutes ago"],"few":[{"t":"idOrVar","v":"value"}," minutes ago"],"many":[{"t":"idOrVar","v":"value"}," minutes ago"],"other":[{"t":"idOrVar","v":"value"}," minutes ago"]},"$x":[{"t":"idOrVar","v":"plural"},"value"]},{"$i":"hours-ago-long","$v":{"zero":"just now","one":"an hour ago","two":[{"t":"idOrVar","v":"value"}," hours ago"],"few":[{"t":"idOrVar","v":"value"}," hours ago"],"many":[{"t":"idOrVar","v":"value"}," hours ago"],"other":[{"t":"idOrVar","v":"value"}," hours ago"]},"$x":[{"t":"idOrVar","v":"plural"},"value"]},{"$i":"days-ago-long","$v":{"zero":"today","one":"yesterday","two":[{"t":"idOrVar","v":"value"}," days ago"],"few":[{"t":"idOrVar","v":"value"}," days ago"],"many":[{"t":"idOrVar","v":"value"}," days ago"],"other":[{"t":"idOrVar","v":"value"}," days ago"]},"$x":[{"t":"idOrVar","v":"plural"},"value"]},{"$i":"weeks-ago-long","$v":{"zero":"this week","one":"last week","two":[{"t":"idOrVar","v":"value"}," weeks ago"],"few":[{"t":"idOrVar","v":"value"}," weeks ago"],"many":[{"t":"idOrVar","v":"value"}," weeks ago"],"other":[{"t":"idOrVar","v":"value"}," weeks ago"]},"$x":[{"t":"idOrVar","v":"plural"},"value"]},{"$i":"months-ago-long","$v":{"zero":"this month","one":"last month","two":[{"t":"idOrVar","v":"value"}," months ago"],"few":[{"t":"idOrVar","v":"value"}," months ago"],"many":[{"t":"idOrVar","v":"value"}," months ago"],"other":[{"t":"idOrVar","v":"value"}," months ago"]},"$x":[{"t":"idOrVar","v":"plural"},"value"]},{"$i":"years-ago-long","$v":{"zero":"this year","one":"last year","two":[{"t":"idOrVar","v":"value"}," years ago"],"few":[{"t":"idOrVar","v":"value"}," years ago"],"many":[{"t":"idOrVar","v":"value"}," years ago"],"other":[{"t":"idOrVar","v":"value"}," years ago"]},"$x":[{"t":"idOrVar","v":"plural"},"value"]},{"$i":"minutes-until-long","$v":{"zero":"now","one":"in a minute","two":["in ",{"t":"idOrVar","v":"value"}," minutes"],"few":["in ",{"t":"idOrVar","v":"value"}," minutes"],"many":["in ",{"t":"idOrVar","v":"value"}," minutes"],"other":["in ",{"t":"idOrVar","v":"value"}," minutes"]},"$x":[{"t":"idOrVar","v":"plural"},"value"]},{"$i":"hours-until-long","$v":{"zero":"now","one":"in an hour","two":["in ",{"t":"idOrVar","v":"value"}," hours"],"few":["in ",{"t":"idOrVar","v":"value"}," hours"],"many":["in ",{"t":"idOrVar","v":"value"}," hours"],"other":["in ",{"t":"idOrVar","v":"value"}," hours"]},"$x":[{"t":"idOrVar","v":"plural"},"value"]},{"$i":"days-until-long","$v":{"zero":"today","one":"tomorrow","two":["in ",{"t":"idOrVar","v":"value"}," days"],"few":["in ",{"t":"idOrVar","v":"value"}," days"],"many":["in ",{"t":"idOrVar","v":"value"}," days"],"other":["in ",{"t":"idOrVar","v":"value"}," days"]},"$x":[{"t":"idOrVar","v":"plural"},"value"]},{"$i":"weeks-until-long","$v":{"zero":"this week","one":"next week","two":["in ",{"t":"idOrVar","v":"value"}," weeks"],"few":["in ",{"t":"idOrVar","v":"value"}," weeks"],"many":["in ",{"t":"idOrVar","v":"value"}," weeks"],"other":["in ",{"t":"idOrVar","v":"value"}," weeks"]},"$x":[{"t":"idOrVar","v":"plural"},"value"]},{"$i":"months-until-long","$v":{"zero":"this month","one":"next month","two":["in ",{"t":"idOrVar","v":"value"}," months"],"few":["in ",{"t":"idOrVar","v":"value"}," months"],"many":["in ",{"t":"idOrVar","v":"value"}," months"],"other":["in ",{"t":"idOrVar","v":"value"}," months"]},"$x":[{"t":"idOrVar","v":"plural"},"value"]},{"$i":"years-until-long","$v":{"zero":"this year","one":"next year","two":["in ",{"t":"idOrVar","v":"value"}," years"],"few":["in ",{"t":"idOrVar","v":"value"}," years"],"many":["in ",{"t":"idOrVar","v":"value"}," years"],"other":["in ",{"t":"idOrVar","v":"value"}," years"]},"$x":[{"t":"idOrVar","v":"plural"},"value"]},{"$i":"minutes-ago-short","$v":{"zero":"just now","other":[{"t":"idOrVar","v":"value"},"m ago"]},"$x":[{"t":"idOrVar","v":"plural"},"value"]},{"$i":"hours-ago-short","$v":{"zero":"just now","other":[{"t":"idOrVar","v":"value"},"h ago"]},"$x":[{"t":"idOrVar","v":"plural"},"value"]},{"$i":"days-ago-short","$v":{"zero":"today","other":[{"t":"idOrVar","v":"value"},"d ago"]},"$x":[{"t":"idOrVar","v":"plural"},"value"]},{"$i":"minutes-until-short","$v":{"zero":"now","other":["in ",{"t":"idOrVar","v":"value"},"m"]},"$x":[{"t":"idOrVar","v":"plural"},"value"]},{"$i":"hours-until-short","$v":{"zero":"now","other":["in ",{"t":"idOrVar","v":"value"},"h"]},"$x":[{"t":"idOrVar","v":"plural"},"value"]},{"$i":"days-until-short","$v":{"zero":"today","other":["in ",{"t":"idOrVar","v":"value"},"d"]},"$x":[{"t":"idOrVar","v":"plural"},"value"]},{"$i":"incorrectDate","$v":"(incorrect date)"},{"$i":"dateTimeFormat_%c","$v":"%a %b %e %Y %I:%M:%S %p"},{"$i":"dateTimeFormat_%x","$v":"%m/%d/%Y"},{"$i":"dateTimeFormat_%X","$v":"%I:%M:%S %p"},{"$i":"shortTimeFormat","$v":"%I:%M %p"},{"$i":"shortTimeFormat12","$v":"%I:%M %p"},{"$i":"shortTimeFormat24","$v":"%H:%M"},{"$i":"shortDateTimeFormat","$v":"%x %I:%M %p"},{"$i":"weekStartsOnMonday","$v":"0"},{"$i":"firstDayOfTheWeek","$v":"0"},{"$i":"time_am","$v":"AM"},{"$i":"time_pm","$v":"PM"},{"$i":"sim-with-index-and-carrier","$v":["SIM ",{"t":"idOrVar","v":"index"}," - ",{"t":"idOrVar","v":"carrier"}]},{"$i":"sim-without-carrier","$v":["SIM ",{"t":"idOrVar","v":"index"}]}]