[{"$i":"callLog","$v":"通话记录"},{"$i":"all","$v":"全部"},{"$i":"missed","$v":"未接电话"},{"$i":"outgoing","$v":"已拨号"},{"$i":"incoming","$v":"已接来电"},{"$i":"missedCall","$v":"未接电话"},{"$i":"outgoingCall","$v":"外拨电话"},{"$i":"incomingCall","$v":"来电"},{"$i":"rttCall","$v":"RTT 通话"},{"$i":"rtt-call","$v":"RTT 通话"},{"$i":"videoCall","$v":"视频电话"},{"$i":"call","$v":"电话"},{"$i":"options","$v":"选项"},{"$i":"callInformation","$v":"通话信息"},{"$i":"sendSms","$v":"发送短信"},{"$i":"createNewContact","$v":"创建新联系人"},{"$i":"addToExistingContact","$v":"添加至“已有联系人”"},{"$i":"editCalllog","$v":"编辑通话记录"},{"$i":"withheld-number","$v":"未知"},{"$i":"today","$v":"今天"},{"$i":"yesterday","$v":"昨天"},{"$i":"no-logs-msg-1","$v":"没有通话记录"},{"$i":"no-logs-msg-2","$v":"立即开始通讯"},{"$i":"voicemail","$v":"语音信箱"},{"$i":"emergencyNumber","$v":"紧急电话"},{"$i":"select","$v":"选择"},{"$i":"calllog-all","$v":"全部"},{"$i":"delete","$v":"删除"},{"$i":"deselect","$v":"取消选择"},{"$i":"calllog-none","$v":"无"},{"$i":"checkedCount","$v":"选中"},{"$i":"confirmation","$v":"确认"},{"$i":"deleteLog","$v":"确定要移除通话记录中所选条目？"},{"$i":"delete-single-log","$v":["确认要删除通话记录中的“",{"t":"idOrVar","v":"name"},"”吗？"]},{"$i":"blockContact","$v":"您将不会接到黑名单上人员的电话和信息。"},{"$i":"no-recent-numbers","$v":"通话记录中没有最近拨打号码。"},{"$i":"ok","$v":"确定"},{"$i":"cancel","$v":"取消"},{"$i":"block","$v":"屏蔽"},{"$i":"unblock","$v":"解除屏蔽"},{"$i":"deletedNotification","$v":["已删除 ",{"t":"idOrVar","v":"n"}," 个条目"]},{"$i":"deletedNotification-1","$v":{"few":["已删除 ",{"t":"idOrVar","v":"n"}," 个条目"],"many":["已删除 ",{"t":"idOrVar","v":"n"}," 个条目"],"other":["已删除 ",{"t":"idOrVar","v":"n"}," 个条目"],"two":["已删除 ",{"t":"idOrVar","v":"n"}," 个条目"],"one":"已删除 1 项"},"$x":[{"t":"idOrVar","v":"plural"},"n"]},{"$i":"durationHours","$v":{"few":[{"t":"idOrVar","v":"value"}," 小时"],"many":[{"t":"idOrVar","v":"value"}," 小时"],"one":"1 小时","other":[{"t":"idOrVar","v":"value"}," 小时"],"two":[{"t":"idOrVar","v":"value"}," 小时"],"zero":"0 小时"},"$x":[{"t":"idOrVar","v":"plural"},"value"]},{"$i":"durationMinutes","$v":{"few":[{"t":"idOrVar","v":"value"}," 分钟"],"many":[{"t":"idOrVar","v":"value"}," 分钟"],"one":"1 分钟","other":[{"t":"idOrVar","v":"value"}," 分钟"],"two":[{"t":"idOrVar","v":"value"}," 分钟"],"zero":"0 分钟"},"$x":[{"t":"idOrVar","v":"plural"},"value"]},{"$i":"durationSeconds","$v":{"few":[{"t":"idOrVar","v":"value"}," 秒"],"many":[{"t":"idOrVar","v":"value"}," 秒"],"one":"1 秒钟","other":[{"t":"idOrVar","v":"value"}," 秒"],"two":[{"t":"idOrVar","v":"value"}," 秒"],"zero":"0 秒钟"},"$x":[{"t":"idOrVar","v":"plural"},"value"]},{"$i":"mobile","$v":"手机"},{"$i":"home","$v":"住宅"},{"$i":"work","$v":"单位"},{"$i":"personal","$v":"个人"},{"$i":"faxHome","$v":"家庭传真"},{"$i":"faxOffice","$v":"办公传真"},{"$i":"faxOther","$v":"其他传真"},{"$i":"callAirplaneModeTitle","$v":"飞行模式已启用"},{"$i":"callAirplaneModeMessage","$v":"如需拨号，需在“设置”中禁用飞行模式。"},{"$i":"emergencyDialogTitle","$v":"无网络连接"},{"$i":"emergencyDialogBodyBadNumber","$v":"如需拨号，手机必须连接至网络。"},{"$i":"emergencyDialogBodyDeviceNotAccepted","$v":"网络不允许紧急呼叫。"},{"$i":"invalidNumberToDialTitle","$v":"无效电话号码"},{"$i":"invalidNumberToDialMessage","$v":"你拨打的号码无效。"},{"$i":"emergency-call-only","$v":"仅适用于紧急号码"},{"$i":"emergency-call-error","$v":[{"t":"idOrVar","v":"number"}," 非紧急号码。"]},{"$i":"numberIsBusyTitle","$v":"此号码正在通话中"},{"$i":"numberIsBusyMessage","$v":"此号码正在通话中。请稍后再拨。"},{"$i":"fdnIsActiveTitle","$v":"FDN 已激活"},{"$i":"fdnIsActiveMessage","$v":["固定拨号 (FDN) 已激活，下列号码不在 FDN 列表中：",{"t":"idOrVar","v":"number"}]},{"$i":"otherConnectionInUseTitle","$v":"其他连接被占用"},{"$i":"otherConnectionInUseMessage","$v":"您在另一连接中有进行中的通话。一次只能使用一个连接。"},{"$i":"GenericFailure","$v":"一般故障"},{"$i":"CallFailed","$v":"呼叫失败"},{"$i":"weekday-0-long","$v":"Sunday"},{"$i":"weekday-1-long","$v":"Monday"},{"$i":"weekday-2-long","$v":"Tuesday"},{"$i":"weekday-3-long","$v":"Wednesday"},{"$i":"weekday-4-long","$v":"Thursday"},{"$i":"weekday-5-long","$v":"Friday"},{"$i":"weekday-6-long","$v":"Saturday"},{"$i":"weekday-0-short","$v":"Sun"},{"$i":"weekday-1-short","$v":"Mon"},{"$i":"weekday-2-short","$v":"Tue"},{"$i":"weekday-3-short","$v":"Wed"},{"$i":"weekday-4-short","$v":"Thu"},{"$i":"weekday-5-short","$v":"Fri"},{"$i":"weekday-6-short","$v":"Sat"},{"$i":"month-0-long","$v":"January"},{"$i":"month-1-long","$v":"February"},{"$i":"month-2-long","$v":"March"},{"$i":"month-3-long","$v":"April"},{"$i":"month-4-long","$v":"May"},{"$i":"month-5-long","$v":"June"},{"$i":"month-6-long","$v":"July"},{"$i":"month-7-long","$v":"August"},{"$i":"month-8-long","$v":"September"},{"$i":"month-9-long","$v":"October"},{"$i":"month-10-long","$v":"November"},{"$i":"month-11-long","$v":"December"},{"$i":"month-0-genitive","$v":"January"},{"$i":"month-1-genitive","$v":"February"},{"$i":"month-2-genitive","$v":"March"},{"$i":"month-3-genitive","$v":"April"},{"$i":"month-4-genitive","$v":"May"},{"$i":"month-5-genitive","$v":"June"},{"$i":"month-6-genitive","$v":"July"},{"$i":"month-7-genitive","$v":"August"},{"$i":"month-8-genitive","$v":"September"},{"$i":"month-9-genitive","$v":"October"},{"$i":"month-10-genitive","$v":"November"},{"$i":"month-11-genitive","$v":"December"},{"$i":"month-0-short","$v":"Jan"},{"$i":"month-1-short","$v":"Feb"},{"$i":"month-2-short","$v":"Mar"},{"$i":"month-3-short","$v":"Apr"},{"$i":"month-4-short","$v":"May"},{"$i":"month-5-short","$v":"Jun"},{"$i":"month-6-short","$v":"Jul"},{"$i":"month-7-short","$v":"Aug"},{"$i":"month-8-short","$v":"Sep"},{"$i":"month-9-short","$v":"Oct"},{"$i":"month-10-short","$v":"Nov"},{"$i":"month-11-short","$v":"Dec"},{"$i":"minutes-ago-long","$v":{"zero":"just now","one":"a minute ago","two":[{"t":"idOrVar","v":"value"}," minutes ago"],"few":[{"t":"idOrVar","v":"value"}," minutes ago"],"many":[{"t":"idOrVar","v":"value"}," minutes ago"],"other":[{"t":"idOrVar","v":"value"}," minutes ago"]},"$x":[{"t":"idOrVar","v":"plural"},"value"]},{"$i":"hours-ago-long","$v":{"zero":"just now","one":"an hour ago","two":[{"t":"idOrVar","v":"value"}," hours ago"],"few":[{"t":"idOrVar","v":"value"}," hours ago"],"many":[{"t":"idOrVar","v":"value"}," hours ago"],"other":[{"t":"idOrVar","v":"value"}," hours ago"]},"$x":[{"t":"idOrVar","v":"plural"},"value"]},{"$i":"days-ago-long","$v":{"zero":"today","one":"yesterday","two":[{"t":"idOrVar","v":"value"}," days ago"],"few":[{"t":"idOrVar","v":"value"}," days ago"],"many":[{"t":"idOrVar","v":"value"}," days ago"],"other":[{"t":"idOrVar","v":"value"}," days ago"]},"$x":[{"t":"idOrVar","v":"plural"},"value"]},{"$i":"weeks-ago-long","$v":{"zero":"this week","one":"last week","two":[{"t":"idOrVar","v":"value"}," weeks ago"],"few":[{"t":"idOrVar","v":"value"}," weeks ago"],"many":[{"t":"idOrVar","v":"value"}," weeks ago"],"other":[{"t":"idOrVar","v":"value"}," weeks ago"]},"$x":[{"t":"idOrVar","v":"plural"},"value"]},{"$i":"months-ago-long","$v":{"zero":"this month","one":"last month","two":[{"t":"idOrVar","v":"value"}," months ago"],"few":[{"t":"idOrVar","v":"value"}," months ago"],"many":[{"t":"idOrVar","v":"value"}," months ago"],"other":[{"t":"idOrVar","v":"value"}," months ago"]},"$x":[{"t":"idOrVar","v":"plural"},"value"]},{"$i":"years-ago-long","$v":{"zero":"this year","one":"last year","two":[{"t":"idOrVar","v":"value"}," years ago"],"few":[{"t":"idOrVar","v":"value"}," years ago"],"many":[{"t":"idOrVar","v":"value"}," years ago"],"other":[{"t":"idOrVar","v":"value"}," years ago"]},"$x":[{"t":"idOrVar","v":"plural"},"value"]},{"$i":"minutes-until-long","$v":{"zero":"now","one":"in a minute","two":["in ",{"t":"idOrVar","v":"value"}," minutes"],"few":["in ",{"t":"idOrVar","v":"value"}," minutes"],"many":["in ",{"t":"idOrVar","v":"value"}," minutes"],"other":["in ",{"t":"idOrVar","v":"value"}," minutes"]},"$x":[{"t":"idOrVar","v":"plural"},"value"]},{"$i":"hours-until-long","$v":{"zero":"now","one":"in an hour","two":["in ",{"t":"idOrVar","v":"value"}," hours"],"few":["in ",{"t":"idOrVar","v":"value"}," hours"],"many":["in ",{"t":"idOrVar","v":"value"}," hours"],"other":["in ",{"t":"idOrVar","v":"value"}," hours"]},"$x":[{"t":"idOrVar","v":"plural"},"value"]},{"$i":"days-until-long","$v":{"zero":"today","one":"tomorrow","two":["in ",{"t":"idOrVar","v":"value"}," days"],"few":["in ",{"t":"idOrVar","v":"value"}," days"],"many":["in ",{"t":"idOrVar","v":"value"}," days"],"other":["in ",{"t":"idOrVar","v":"value"}," days"]},"$x":[{"t":"idOrVar","v":"plural"},"value"]},{"$i":"weeks-until-long","$v":{"zero":"this week","one":"next week","two":["in ",{"t":"idOrVar","v":"value"}," weeks"],"few":["in ",{"t":"idOrVar","v":"value"}," weeks"],"many":["in ",{"t":"idOrVar","v":"value"}," weeks"],"other":["in ",{"t":"idOrVar","v":"value"}," weeks"]},"$x":[{"t":"idOrVar","v":"plural"},"value"]},{"$i":"months-until-long","$v":{"zero":"this month","one":"next month","two":["in ",{"t":"idOrVar","v":"value"}," months"],"few":["in ",{"t":"idOrVar","v":"value"}," months"],"many":["in ",{"t":"idOrVar","v":"value"}," months"],"other":["in ",{"t":"idOrVar","v":"value"}," months"]},"$x":[{"t":"idOrVar","v":"plural"},"value"]},{"$i":"years-until-long","$v":{"zero":"this year","one":"next year","two":["in ",{"t":"idOrVar","v":"value"}," years"],"few":["in ",{"t":"idOrVar","v":"value"}," years"],"many":["in ",{"t":"idOrVar","v":"value"}," years"],"other":["in ",{"t":"idOrVar","v":"value"}," years"]},"$x":[{"t":"idOrVar","v":"plural"},"value"]},{"$i":"minutes-ago-short","$v":{"zero":"just now","other":[{"t":"idOrVar","v":"value"},"m ago"]},"$x":[{"t":"idOrVar","v":"plural"},"value"]},{"$i":"hours-ago-short","$v":{"zero":"just now","other":[{"t":"idOrVar","v":"value"},"h ago"]},"$x":[{"t":"idOrVar","v":"plural"},"value"]},{"$i":"days-ago-short","$v":{"zero":"today","other":[{"t":"idOrVar","v":"value"},"d ago"]},"$x":[{"t":"idOrVar","v":"plural"},"value"]},{"$i":"minutes-until-short","$v":{"zero":"now","other":["in ",{"t":"idOrVar","v":"value"},"m"]},"$x":[{"t":"idOrVar","v":"plural"},"value"]},{"$i":"hours-until-short","$v":{"zero":"now","other":["in ",{"t":"idOrVar","v":"value"},"h"]},"$x":[{"t":"idOrVar","v":"plural"},"value"]},{"$i":"days-until-short","$v":{"zero":"today","other":["in ",{"t":"idOrVar","v":"value"},"d"]},"$x":[{"t":"idOrVar","v":"plural"},"value"]},{"$i":"incorrectDate","$v":"(incorrect date)"},{"$i":"dateTimeFormat_%c","$v":"%a %b %e %Y %I:%M:%S %p"},{"$i":"dateTimeFormat_%x","$v":"%m/%d/%Y"},{"$i":"dateTimeFormat_%X","$v":"%I:%M:%S %p"},{"$i":"shortTimeFormat","$v":"%I:%M %p"},{"$i":"shortTimeFormat12","$v":"%I:%M %p"},{"$i":"shortTimeFormat24","$v":"%H:%M"},{"$i":"shortDateTimeFormat","$v":"%x %I:%M %p"},{"$i":"weekStartsOnMonday","$v":"0"},{"$i":"firstDayOfTheWeek","$v":"0"},{"$i":"time_am","$v":"AM"},{"$i":"time_pm","$v":"PM"},{"$i":"sim-with-index-and-carrier","$v":["SIM ",{"t":"idOrVar","v":"index"}," - ",{"t":"idOrVar","v":"carrier"}]},{"$i":"sim-without-carrier","$v":["SIM ",{"t":"idOrVar","v":"index"}]}]