[{"$i":"callLog","$v":"Umlando wezingcingo"},{"$i":"all","$v":"Konke"},{"$i":"missed","$v":"Okukuphuthele"},{"$i":"outgoing","$v":"Kudayeliwe"},{"$i":"incoming","$v":"Kutholakele"},{"$i":"missedCall","$v":"Ifoni engabanjwanga"},{"$i":"outgoingCall","$v":"Ikholi ephumayo"},{"$i":"incomingCall","$v":"Ucingo olungenayo"},{"$i":"rttCall","$v":"Ikholi ye-RTT"},{"$i":"rtt-call","$v":"IKHOLI YE-RTT"},{"$i":"videoCall","$v":"Ukufona ngevidiyo"},{"$i":"call","$v":"Fona"},{"$i":"options","$v":"Okhetha kukho"},{"$i":"callInformation","$v":"Imininingwane Yekholi"},{"$i":"sendSms","$v":"Thumela Umlayezo"},{"$i":"createNewContact","$v":"Yakha Oxhumana Naye Omusha"},{"$i":"addToExistingContact","$v":"Engeza KwengiXhumana Naye Okhona Kakade"},{"$i":"editCalllog","$v":"Hlela ilogi yezingcingo"},{"$i":"withheld-number","$v":"Akwaziwa"},{"$i":"today","$v":"Namhlanje"},{"$i":"yesterday","$v":"Izolo"},{"$i":"no-logs-msg-1","$v":"Awukho umlando wokushaya ucingo"},{"$i":"no-logs-msg-2","$v":"Qala ukuxhumana manje"},{"$i":"voicemail","$v":"Imeyili yezwi"},{"$i":"emergencyNumber","$v":"Ikholi Yesimo Esiphuthumayo"},{"$i":"select","$v":"Khetha"},{"$i":"calllog-all","$v":"Konke"},{"$i":"delete","$v":"Susa"},{"$i":"deselect","$v":"Yeka ukukhetha"},{"$i":"calllog-none","$v":"Lutho"},{"$i":"checkedCount","$v":"okukhethiwe"},{"$i":"confirmation","$v":"Ukuqinisekisa"},{"$i":"deleteLog","$v":"Ingabe uyaqiniseka ukuthi ufuna ukususa izinto ozikhethile ezivela kwiLogi yeKholi?"},{"$i":"delete-single-log","$v":["Ingabe uqinisekile ukuthi ufuna ukususa i-",{"t":"idOrVar","v":"name"}," kusuka ku-Call Log?"]},{"$i":"blockContact","$v":"Ngeke wamukele izingcingo, amameseji kubantu abasohlwini olivinjiwe."},{"$i":"no-recent-numbers","$v":"Azikho izinombolo zakamuva kwiLog yezingcingo ongazifonela."},{"$i":"ok","$v":"KULUNGILE"},{"$i":"cancel","$v":"Khansela"},{"$i":"block","$v":"Vimba"},{"$i":"unblock","$v":"Yeka ukuyivimba"},{"$i":"deletedNotification","$v":[{"t":"idOrVar","v":"n"}," okufakiwe kususiwe"]},{"$i":"deletedNotification-1","$v":{"few":[{"t":"idOrVar","v":"n"}," okufakiwe kususiwe"],"many":[{"t":"idOrVar","v":"n"}," okufakiwe kususiwe"],"other":[{"t":"idOrVar","v":"n"}," okufakiwe kususiwe"],"two":[{"t":"idOrVar","v":"n"}," okufakiwe kususiwe"],"one":"1 okungenayo kususiwe"},"$x":[{"t":"idOrVar","v":"plural"},"n"]},{"$i":"durationHours","$v":{"few":[{"t":"idOrVar","v":"value"}," amahora"],"many":[{"t":"idOrVar","v":"value"}," amahora"],"one":"Ihora elilodwa","other":[{"t":"idOrVar","v":"value"}," amahora"],"two":[{"t":"idOrVar","v":"value"}," amahora"],"zero":"0 ihora"},"$x":[{"t":"idOrVar","v":"plural"},"value"]},{"$i":"durationMinutes","$v":{"few":[{"t":"idOrVar","v":"value"}," imizuzu"],"many":[{"t":"idOrVar","v":"value"}," imizuzu"],"one":"Umzuzu owodwa","other":[{"t":"idOrVar","v":"value"}," imizuzu"],"two":[{"t":"idOrVar","v":"value"}," imizuzu"],"zero":"0 umzuzu"},"$x":[{"t":"idOrVar","v":"plural"},"value"]},{"$i":"durationSeconds","$v":{"few":[{"t":"idOrVar","v":"value"}," imizuzwana"],"many":[{"t":"idOrVar","v":"value"}," imizuzwana"],"one":"Umzuzwana owodwa","other":[{"t":"idOrVar","v":"value"}," imizuzwana"],"two":[{"t":"idOrVar","v":"value"}," imizuzwana"],"zero":"0 umzuzwana"},"$x":[{"t":"idOrVar","v":"plural"},"value"]},{"$i":"mobile","$v":"Imobhali"},{"$i":"home","$v":"Ekhaya"},{"$i":"work","$v":"Emsebenzini"},{"$i":"personal","$v":"Siqu"},{"$i":"faxHome","$v":"Feksa ekhaya"},{"$i":"faxOffice","$v":"Feksa ehhovisi"},{"$i":"faxOther","$v":"Feksa kwenye indawo"},{"$i":"callAirplaneModeTitle","$v":"Imodi yendiza ivuliwe"},{"$i":"callAirplaneModeMessage","$v":"Ukuze ufone kumelwe uyikhiphe kwimodi yendiza kumasethingi."},{"$i":"emergencyDialogTitle","$v":"Alukho uxhumano lenethiwekhi"},{"$i":"emergencyDialogBodyBadNumber","$v":"Ukuze ufone, ucingo lwakho kumelwe luxhunywe kunethiwekhi."},{"$i":"emergencyDialogBodyDeviceNotAccepted","$v":"Amakholi aphuthumayo awavunyelwe yinethiwekhi."},{"$i":"invalidNumberToDialTitle","$v":"Inombolo yocingo engalungile."},{"$i":"invalidNumberToDialMessage","$v":"Inombolo yocingo oyishayelayo ayilungile"},{"$i":"emergency-call-only","$v":"Amakholi Aphuthumayo Kuphela"},{"$i":"emergency-call-error","$v":[{"t":"idOrVar","v":"number"}," akuyona eyesimo esiphuthumayo."]},{"$i":"numberIsBusyTitle","$v":"Inombolo imatasa"},{"$i":"numberIsBusyMessage","$v":"Inombolo imatasa njengamanje. Sicela uzame futhi ngemva kwesikhathi."},{"$i":"fdnIsActiveTitle","$v":"FND ivuliwe"},{"$i":"fdnIsActiveMessage","$v":["FDN (Fixed Dialing Numbers) iyasebenza futhi inombolo elandelayo ayikho ohlwini lwe FND yakho: ",{"t":"idOrVar","v":"number"}]},{"$i":"otherConnectionInUseTitle","$v":"Kunokunye ukuxhumana okuqhubekayo"},{"$i":"otherConnectionInUseMessage","$v":"Unocingo oluqhubekayo kokunye ukuxhumana. Ungakwazi ukusebenzisa ukuxhumana okukodwa ngesikhathi."},{"$i":"GenericFailure","$v":"Ukwehluleka kohlobo lonke"},{"$i":"CallFailed","$v":"Ikholi ihlulekile"},{"$i":"weekday-0-long","$v":"Sunday"},{"$i":"weekday-1-long","$v":"Monday"},{"$i":"weekday-2-long","$v":"Tuesday"},{"$i":"weekday-3-long","$v":"Wednesday"},{"$i":"weekday-4-long","$v":"Thursday"},{"$i":"weekday-5-long","$v":"Friday"},{"$i":"weekday-6-long","$v":"Saturday"},{"$i":"weekday-0-short","$v":"Sun"},{"$i":"weekday-1-short","$v":"Mon"},{"$i":"weekday-2-short","$v":"Tue"},{"$i":"weekday-3-short","$v":"Wed"},{"$i":"weekday-4-short","$v":"Thu"},{"$i":"weekday-5-short","$v":"Fri"},{"$i":"weekday-6-short","$v":"Sat"},{"$i":"month-0-long","$v":"January"},{"$i":"month-1-long","$v":"February"},{"$i":"month-2-long","$v":"March"},{"$i":"month-3-long","$v":"April"},{"$i":"month-4-long","$v":"May"},{"$i":"month-5-long","$v":"June"},{"$i":"month-6-long","$v":"July"},{"$i":"month-7-long","$v":"August"},{"$i":"month-8-long","$v":"September"},{"$i":"month-9-long","$v":"October"},{"$i":"month-10-long","$v":"November"},{"$i":"month-11-long","$v":"December"},{"$i":"month-0-genitive","$v":"January"},{"$i":"month-1-genitive","$v":"February"},{"$i":"month-2-genitive","$v":"March"},{"$i":"month-3-genitive","$v":"April"},{"$i":"month-4-genitive","$v":"May"},{"$i":"month-5-genitive","$v":"June"},{"$i":"month-6-genitive","$v":"July"},{"$i":"month-7-genitive","$v":"August"},{"$i":"month-8-genitive","$v":"September"},{"$i":"month-9-genitive","$v":"October"},{"$i":"month-10-genitive","$v":"November"},{"$i":"month-11-genitive","$v":"December"},{"$i":"month-0-short","$v":"Jan"},{"$i":"month-1-short","$v":"Feb"},{"$i":"month-2-short","$v":"Mar"},{"$i":"month-3-short","$v":"Apr"},{"$i":"month-4-short","$v":"May"},{"$i":"month-5-short","$v":"Jun"},{"$i":"month-6-short","$v":"Jul"},{"$i":"month-7-short","$v":"Aug"},{"$i":"month-8-short","$v":"Sep"},{"$i":"month-9-short","$v":"Oct"},{"$i":"month-10-short","$v":"Nov"},{"$i":"month-11-short","$v":"Dec"},{"$i":"minutes-ago-long","$v":{"zero":"just now","one":"a minute ago","two":[{"t":"idOrVar","v":"value"}," minutes ago"],"few":[{"t":"idOrVar","v":"value"}," minutes ago"],"many":[{"t":"idOrVar","v":"value"}," minutes ago"],"other":[{"t":"idOrVar","v":"value"}," minutes ago"]},"$x":[{"t":"idOrVar","v":"plural"},"value"]},{"$i":"hours-ago-long","$v":{"zero":"just now","one":"an hour ago","two":[{"t":"idOrVar","v":"value"}," hours ago"],"few":[{"t":"idOrVar","v":"value"}," hours ago"],"many":[{"t":"idOrVar","v":"value"}," hours ago"],"other":[{"t":"idOrVar","v":"value"}," hours ago"]},"$x":[{"t":"idOrVar","v":"plural"},"value"]},{"$i":"days-ago-long","$v":{"zero":"today","one":"yesterday","two":[{"t":"idOrVar","v":"value"}," days ago"],"few":[{"t":"idOrVar","v":"value"}," days ago"],"many":[{"t":"idOrVar","v":"value"}," days ago"],"other":[{"t":"idOrVar","v":"value"}," days ago"]},"$x":[{"t":"idOrVar","v":"plural"},"value"]},{"$i":"weeks-ago-long","$v":{"zero":"this week","one":"last week","two":[{"t":"idOrVar","v":"value"}," weeks ago"],"few":[{"t":"idOrVar","v":"value"}," weeks ago"],"many":[{"t":"idOrVar","v":"value"}," weeks ago"],"other":[{"t":"idOrVar","v":"value"}," weeks ago"]},"$x":[{"t":"idOrVar","v":"plural"},"value"]},{"$i":"months-ago-long","$v":{"zero":"this month","one":"last month","two":[{"t":"idOrVar","v":"value"}," months ago"],"few":[{"t":"idOrVar","v":"value"}," months ago"],"many":[{"t":"idOrVar","v":"value"}," months ago"],"other":[{"t":"idOrVar","v":"value"}," months ago"]},"$x":[{"t":"idOrVar","v":"plural"},"value"]},{"$i":"years-ago-long","$v":{"zero":"this year","one":"last year","two":[{"t":"idOrVar","v":"value"}," years ago"],"few":[{"t":"idOrVar","v":"value"}," years ago"],"many":[{"t":"idOrVar","v":"value"}," years ago"],"other":[{"t":"idOrVar","v":"value"}," years ago"]},"$x":[{"t":"idOrVar","v":"plural"},"value"]},{"$i":"minutes-until-long","$v":{"zero":"now","one":"in a minute","two":["in ",{"t":"idOrVar","v":"value"}," minutes"],"few":["in ",{"t":"idOrVar","v":"value"}," minutes"],"many":["in ",{"t":"idOrVar","v":"value"}," minutes"],"other":["in ",{"t":"idOrVar","v":"value"}," minutes"]},"$x":[{"t":"idOrVar","v":"plural"},"value"]},{"$i":"hours-until-long","$v":{"zero":"now","one":"in an hour","two":["in ",{"t":"idOrVar","v":"value"}," hours"],"few":["in ",{"t":"idOrVar","v":"value"}," hours"],"many":["in ",{"t":"idOrVar","v":"value"}," hours"],"other":["in ",{"t":"idOrVar","v":"value"}," hours"]},"$x":[{"t":"idOrVar","v":"plural"},"value"]},{"$i":"days-until-long","$v":{"zero":"today","one":"tomorrow","two":["in ",{"t":"idOrVar","v":"value"}," days"],"few":["in ",{"t":"idOrVar","v":"value"}," days"],"many":["in ",{"t":"idOrVar","v":"value"}," days"],"other":["in ",{"t":"idOrVar","v":"value"}," days"]},"$x":[{"t":"idOrVar","v":"plural"},"value"]},{"$i":"weeks-until-long","$v":{"zero":"this week","one":"next week","two":["in ",{"t":"idOrVar","v":"value"}," weeks"],"few":["in ",{"t":"idOrVar","v":"value"}," weeks"],"many":["in ",{"t":"idOrVar","v":"value"}," weeks"],"other":["in ",{"t":"idOrVar","v":"value"}," weeks"]},"$x":[{"t":"idOrVar","v":"plural"},"value"]},{"$i":"months-until-long","$v":{"zero":"this month","one":"next month","two":["in ",{"t":"idOrVar","v":"value"}," months"],"few":["in ",{"t":"idOrVar","v":"value"}," months"],"many":["in ",{"t":"idOrVar","v":"value"}," months"],"other":["in ",{"t":"idOrVar","v":"value"}," months"]},"$x":[{"t":"idOrVar","v":"plural"},"value"]},{"$i":"years-until-long","$v":{"zero":"this year","one":"next year","two":["in ",{"t":"idOrVar","v":"value"}," years"],"few":["in ",{"t":"idOrVar","v":"value"}," years"],"many":["in ",{"t":"idOrVar","v":"value"}," years"],"other":["in ",{"t":"idOrVar","v":"value"}," years"]},"$x":[{"t":"idOrVar","v":"plural"},"value"]},{"$i":"minutes-ago-short","$v":{"zero":"just now","other":[{"t":"idOrVar","v":"value"},"m ago"]},"$x":[{"t":"idOrVar","v":"plural"},"value"]},{"$i":"hours-ago-short","$v":{"zero":"just now","other":[{"t":"idOrVar","v":"value"},"h ago"]},"$x":[{"t":"idOrVar","v":"plural"},"value"]},{"$i":"days-ago-short","$v":{"zero":"today","other":[{"t":"idOrVar","v":"value"},"d ago"]},"$x":[{"t":"idOrVar","v":"plural"},"value"]},{"$i":"minutes-until-short","$v":{"zero":"now","other":["in ",{"t":"idOrVar","v":"value"},"m"]},"$x":[{"t":"idOrVar","v":"plural"},"value"]},{"$i":"hours-until-short","$v":{"zero":"now","other":["in ",{"t":"idOrVar","v":"value"},"h"]},"$x":[{"t":"idOrVar","v":"plural"},"value"]},{"$i":"days-until-short","$v":{"zero":"today","other":["in ",{"t":"idOrVar","v":"value"},"d"]},"$x":[{"t":"idOrVar","v":"plural"},"value"]},{"$i":"incorrectDate","$v":"(incorrect date)"},{"$i":"dateTimeFormat_%c","$v":"%a %b %e %Y %I:%M:%S %p"},{"$i":"dateTimeFormat_%x","$v":"%m/%d/%Y"},{"$i":"dateTimeFormat_%X","$v":"%I:%M:%S %p"},{"$i":"shortTimeFormat","$v":"%I:%M %p"},{"$i":"shortTimeFormat12","$v":"%I:%M %p"},{"$i":"shortTimeFormat24","$v":"%H:%M"},{"$i":"shortDateTimeFormat","$v":"%x %I:%M %p"},{"$i":"weekStartsOnMonday","$v":"0"},{"$i":"firstDayOfTheWeek","$v":"0"},{"$i":"time_am","$v":"AM"},{"$i":"time_pm","$v":"PM"},{"$i":"sim-with-index-and-carrier","$v":["SIM ",{"t":"idOrVar","v":"index"}," - ",{"t":"idOrVar","v":"carrier"}]},{"$i":"sim-without-carrier","$v":["SIM ",{"t":"idOrVar","v":"index"}]}]