[{"$i":"bluetooth-header","$v":[{"t":"idOrVar","v":"bluetooth"}]},{"$i":"bluetooth-enable-msg","$v":"Skakel Bluetooth aan om toestelle in die omgewing te sien."},{"$i":"bluetooth-paired-devices","$v":"Gekoppelde toestel"},{"$i":"bluetooth-devices-nearby","$v":"Naby toestelle"},{"$i":"bt-nodevices-nearby","$v":"Geen toestelle naby gevind."},{"$i":"bluetooth-visible-to-all","$v":"Sigbaar vir Almal"},{"$i":"bluetooth-name-maxlength-alert","$v":["Jou toestel se naam oorskry ",{"t":"idOrVar","v":"length"}," karakters. Probeer asseblief weer."]},{"$i":"bluetooth-address","$v":"Bluetooth-adres"},{"$i":"bluetooth-address-unavailable","$v":"Nie beskikbaar nie"},{"$i":"bt-status-nopaired","$v":"Geen toestelle gekoppel"},{"$i":"bt-status-turnoff","$v":"Skakel af"},{"$i":"bt-status-paired","$v":{"few":[{"t":"idOrVar","v":"name"},", +",{"t":"idOrVar","v":"n"}," meer"],"many":[{"t":"idOrVar","v":"name"},", +",{"t":"idOrVar","v":"n"}," meer"],"one":[{"t":"idOrVar","v":"name"},", +",{"t":"idOrVar","v":"n"}," meer"],"other":[{"t":"idOrVar","v":"name"},", +",{"t":"idOrVar","v":"n"}," meer"],"two":[{"t":"idOrVar","v":"name"},", +",{"t":"idOrVar","v":"n"}," meer"],"zero":[{"t":"idOrVar","v":"name"}]},"$x":[{"t":"idOrVar","v":"plural"},"n"]},{"$i":"device-status-tap-connect","$v":"Druk \\”Kies\\” om te koppel"},{"$i":"device-status-pairing","$v":"Koppel met toestel"},{"$i":"device-status-waiting","$v":"Wag vir ander toestel"},{"$i":"device-status-paired","$v":"Verbind"},{"$i":"device-status-connecting","$v":"Verbind tans"},{"$i":"device-status-connected","$v":"Gekoppel"},{"$i":"device-status-connected-phone","$v":"Gekoppel aan foon oudio"},{"$i":"device-status-connected-media","$v":"Gekoppel aan media oudio"},{"$i":"device-status-connected-phone-media","$v":"Gekoppel aan foon/media oudio"},{"$i":"device-option-unpair","$v":"Ontkoppel"},{"$i":"device-option-confirm","$v":"Bevestig"},{"$i":"device-option-unpair-confirmation","$v":"Bevestiging"},{"$i":"device-option-unpair-device","$v":"Ontkoppel toestel?"},{"$i":"device-option-connect","$v":"Verbind"},{"$i":"device-option-disconnect","$v":"Ontkoppel"},{"$i":"search-for-device","$v":"Soek tans na toestelle"},{"$i":"search-device","$v":"Soek vir toestelle"},{"$i":"rename-device","$v":"Hernoem my toestel"},{"$i":"unnamed-device","$v":"Onbekende toestel"},{"$i":"change-phone-name","$v":"Verander Foonnaam"},{"$i":"change-phone-name-desc","$v":"Verander die naam van jou toestel soos dit in jou rekenaar verskyn"},{"$i":"bluetooth-new-name","$v":"Nuwe naam"},{"$i":"error-pair-title","$v":"Kan nie toestel koppel nie"},{"$i":"error-pair-pincode","$v":"Nie in staat om met die toestel te koppel nie. Maak seker dat die PIN korrek is."},{"$i":"error-pair-toofast","$v":"Nie in staat om met die toestel te koppel nie. Te veel versoeke."},{"$i":"error-pair-fail","$v":[{"t":"idOrVar","v":"devicename"}," koppel nie met jou foon nie."]},{"$i":"error-pair-checkpin","$v":"Wil jy weer probeer om met hierdie toestel te koppel?"},{"$i":"error-connect-title","$v":"Nie in staat om toestelle te verbind nie"},{"$i":"error-connect-msg","$v":"Maak seker dat die toestel waaraan jy probeer koppel steeds binne bereik is en dat die Bluetooth aangeskakel is."},{"$i":"unpair-title","$v":"Ontkoppel ‘n gekoppelde toestel?"},{"$i":"unpair-msg","$v":"Jy is tans aan hierdie toestel gekoppel. Ontkoppeling sal ook daarvan ontkoppel."},{"$i":"bluetooth","$v":"Bluetooth"},{"$i":"turn-bluetooth-on-title","$v":"Skakel Bluetooth aan"},{"$i":"bluetooth-status-description","$v":"Bluetooth is afgeskakel"},{"$i":"turn-bluetooth-on","$v":"Bluetooth is gedeaktiveer. Skakel Bluetooth aan?"},{"$i":"cancel","$v":"Kanselleer"},{"$i":"turn-on","$v":"Skakel aan"},{"$i":"error-transfer-title","$v":"Bluetooth se lêeroordrag het misluk"},{"$i":"error-transfer-settings","$v":"Bluetooth se lêeroordrag het misluk. Maak asseblief seker dat die instellings korrek is."},{"$i":"ok","$v":"Goed"},{"$i":"pair","$v":"Verbind"},{"$i":"active-pair","$v":"Bevestig toestelle om te paar"},{"$i":"active-pair-confirmation","$v":["Maak seker dat beide toestelle tans die volgende PIN vertoon om met die ",{"t":"idOrVar","v":"device"}," te koppel:"]},{"$i":"active-pair-pincode","$v":["Voer die PIN op die toestel in om te koppel met ",{"t":"idOrVar","v":"toestel"},"."]},{"$i":"active-pair-passkey","$v":["Voer die wagkode op die toestel in om met ",{"t":"idOrVar","v":"toestel"}," te koppel."]},{"$i":"passive-pair","$v":"Bluetooth koppelversoek"},{"$i":"passive-pair-confirmation","$v":"Wil graag aan hierdie foon verbind. Maak seker dat beide toestelle tans die volgende PIN vertoon om te aanvaar:"},{"$i":"passive-pair-pincode","$v":["wil graag met hierdie foon koppel. Voer asseblief PIN-kode op ",{"t":"idOrVar","v":"device"}," waarmee jy graag wil koppel. Druk Koppel om voort te gaan."]},{"$i":"passive-pair-enterpincode","$v":["wil graag met hierdie foon koppel. Voer asseblief PIN-kode op ",{"t":"idOrVar","v":"device"}," waarmee jy graag wil koppel. Druk Koppel om voort te gaan."]},{"$i":"passive-pair-passkey","$v":["wil graag met hierdie foon koppel. Voer asseblief hierdie PIN op ",{"t":"idOrVar","v":"device"}," in waarmee jy graag wil koppel en druk Koppel om voort te gaan."]},{"$i":"passive-pair-displaypasskey","$v":["wil graag met hierdie foon koppel. Voer asseblief hierdie PIN op ",{"t":"idOrVar","v":"device"}," in waarmee jy graag wil koppel en druk Koppel om voort te gaan."]},{"$i":"passive-pair-consent","$v":"wil graag met hierdie foon koppel. Druk Koppel om voort te gaan."},{"$i":"pin-input-title","$v":"Voer PIN-kode in"},{"$i":"pair-view-title","$v":"Bluetooth Versoek"},{"$i":"bluetooth-pairing-request-now-title","$v":"Bluetooth Koppelversoek"},{"$i":"pairing-request-timeout-title","$v":"Bluetooth Koppelversoek"},{"$i":"pairing-request-timeout-description","$v":"Bluetooth koppelversoek het verval. Probeer weer koppel."},{"$i":"rescan","$v":"Skandeer weer"},{"$i":"select-device","$v":"Kies Toestel"},{"$i":"select","$v":"Kies"},{"$i":"paired-with-device","$v":["Met ",{"t":"idOrVar","v":"deviceName"}," gekoppel."]},{"$i":"paired-failed","$v":["Kon nie met ",{"t":"idOrVar","v":"deviceName"}," koppel nie."]}]