[{"$i":"bluetooth-header","$v":[{"t":"idOrVar","v":"bluetooth"}]},{"$i":"bluetooth-enable-msg","$v":"قم بتشغيل Bluetooth لرؤية الأجهزة الموجودة في المنطقة."},{"$i":"bluetooth-paired-devices","$v":"اﻷجهزة المقترنة"},{"$i":"bluetooth-devices-nearby","$v":"الأجهزة القريبة"},{"$i":"bt-nodevices-nearby","$v":"لم يتم العثور على أي أجهزة قريبة."},{"$i":"bluetooth-visible-to-all","$v":"إظهار للكل"},{"$i":"bluetooth-name-maxlength-alert","$v":["اسم هاتفك قد تجاوز ال ",{"t":"idOrVar","v":"length"}," من الأحرف. الرجاء حاول مرة أخرى."]},{"$i":"bluetooth-address","$v":"عنوان البلوتوث"},{"$i":"bluetooth-address-unavailable","$v":"غير متوفر"},{"$i":"bt-status-nopaired","$v":"لم يتم إقران أي أجهزة"},{"$i":"bt-status-turnoff","$v":"مغلق"},{"$i":"bt-status-paired","$v":{"few":[{"t":"idOrVar","v":"name"},", +",{"t":"idOrVar","v":"n"}," المزيد"],"many":[{"t":"idOrVar","v":"name"},", +",{"t":"idOrVar","v":"n"}," المزيد"],"one":[{"t":"idOrVar","v":"name"},", +",{"t":"idOrVar","v":"n"}," المزيد"],"other":[{"t":"idOrVar","v":"name"},", +",{"t":"idOrVar","v":"n"}," المزيد"],"two":[{"t":"idOrVar","v":"name"},", +",{"t":"idOrVar","v":"n"}," المزيد"],"zero":[{"t":"idOrVar","v":"name"}]},"$x":[{"t":"idOrVar","v":"plural"},"n"]},{"$i":"device-status-tap-connect","$v":"أنقر للإتصال"},{"$i":"device-status-pairing","$v":"جارِ الاقتران مع جهاز…"},{"$i":"device-status-waiting","$v":"في إنتظار جهاز آخر..."},{"$i":"device-status-paired","$v":"مقترن"},{"$i":"device-status-connecting","$v":"جارِ الإتصال..."},{"$i":"device-status-connected","$v":"متصل"},{"$i":"device-status-connected-phone","$v":"تم التوصيل بصوت الهاتف"},{"$i":"device-status-connected-media","$v":"متصل بالوسائط"},{"$i":"device-status-connected-phone-media","$v":"تم التوصيل بصوت الهاتف/الوسائط"},{"$i":"device-option-unpair","$v":"إلغاء إقران"},{"$i":"device-option-confirm","$v":"تأكيد"},{"$i":"device-option-unpair-confirmation","$v":"تأكيد"},{"$i":"device-option-unpair-device","$v":"هل تريد إلغاء إقران الجهاز؟"},{"$i":"device-option-connect","$v":"اتصال"},{"$i":"device-option-disconnect","$v":"فَصِل"},{"$i":"search-for-device","$v":"البحث عن اجهزة..."},{"$i":"search-device","$v":"إبحث عن أجهزة"},{"$i":"rename-device","$v":"إعادة تسمية جهازي"},{"$i":"unnamed-device","$v":"جهاز مجهول"},{"$i":"change-phone-name","$v":"تغيير اسم الهاتف"},{"$i":"change-phone-name-desc","$v":"تغيير اسم الجهاز كما يظهر في جهاز الكمبيوتر الخاص بك"},{"$i":"bluetooth-new-name","$v":"اسم جديد"},{"$i":"error-pair-title","$v":"يتعذر إقران الجهاز"},{"$i":"error-pair-pincode","$v":"تعذّر الاقتران مع الجهاز. تحقق من صحة كود PIN"},{"$i":"error-pair-toofast","$v":"تعذَر الاقتران مع الجهاز بسبب كثرة الطلبات المُرسلة."},{"$i":"error-pair-fail","$v":[{"t":"idOrVar","v":"devicename"}," لا يقترن مع هاتفك."]},{"$i":"error-pair-checkpin","$v":"هل تريد تجربة الاقتران مع هذا الجهاز مرة أخرى؟"},{"$i":"error-connect-title","$v":"يتعذر توصيل الأجهزة"},{"$i":"error-connect-msg","$v":"تأكد من أن الجهاز الذي تحاول الاتصال به لا يزال في النطاق وأنه قد تم تشغيل Bluetooth به."},{"$i":"unpair-title","$v":"هل تريد إلغاء إقران جهاز متصل؟"},{"$i":"unpair-msg","$v":"أنت متصل حاليًا بهذا الجهاز. سوف يؤدي إلغاء الإقران أيضًا إلى قطع الاتصال به."},{"$i":"bluetooth","$v":"بلوتوث"},{"$i":"turn-bluetooth-on-title","$v":"تشغيل Bluetooth"},{"$i":"bluetooth-status-description","$v":"البلوتوث غير مفعَل"},{"$i":"turn-bluetooth-on","$v":"تم تعطيل Bluetooth. قم بتشغيل Bluetooth؟"},{"$i":"cancel","$v":"ألغِ"},{"$i":"turn-on","$v":"فعّل"},{"$i":"error-transfer-title","$v":"فشل نقل الملف عبر البلوتوث"},{"$i":"error-transfer-settings","$v":"فشل نقل الملف عبر البلوتوث. تحقق من أن إعدادات البلوتوث صحيحة."},{"$i":"ok","$v":"موافق"},{"$i":"pair","$v":"إقران"},{"$i":"active-pair","$v":"تأكيد الأجهزة للإقران"},{"$i":"active-pair-confirmation","$v":["للإقران بـ ",{"t":"idOrVar","v":"device"},"، تأكد من أن كلا الجهازين يعرضان رمز PIN التالي:"]},{"$i":"active-pair-pincode","$v":["للإقران بـ ",{"t":"idOrVar","v":"device"},"، أدخل رمز PIN الموجود على الجهاز."]},{"$i":"active-pair-passkey","$v":["للإقران بـ ",{"t":"idOrVar","v":"device"},"، أدخل مفتاح المرور الموجود على الجهاز."]},{"$i":"passive-pair","$v":"طلب إقران Bluetooth"},{"$i":"passive-pair-confirmation","$v":"يرغب في الاقتران بهذا الهاتف. للموافقة، تأكد من أن كلا الجهازين يعرضان رمز PIN التالي:"},{"$i":"passive-pair-pincode","$v":["ترغب في الإقران بهذا الهاتف. يُرجى إدخال رمز PIN على جهاز ",{"t":"idOrVar","v":"device"}," الذي تريد الإقران معه. اضغط على إقران للمتابعة."]},{"$i":"passive-pair-enterpincode","$v":["ترغب في الإقران بهذا الهاتف. يُرجى إدخال رمز PIN على جهاز ",{"t":"idOrVar","v":"device"}," الذي تريد الإقران معه. اضغط على إقران للمتابعة."]},{"$i":"passive-pair-passkey","$v":["ترغب في الإقران بهذا الهاتف. يُرجى إدخال رمز PIN على جهاز ",{"t":"idOrVar","v":"device"}," الذي تريد الإقران معه واضغط على إقران للمتابعة."]},{"$i":"passive-pair-displaypasskey","$v":["ترغب في الإقران بهذا الهاتف. يُرجى إدخال رمز PIN على جهاز ",{"t":"idOrVar","v":"device"}," الذي تريد الإقران معه واضغط على إقران للمتابعة."]},{"$i":"passive-pair-consent","$v":"ترغب في الإقران بهذا الهاتف. اضغط على إقران للمتابعة."},{"$i":"pin-input-title","$v":"إدخال رمز PIN"},{"$i":"pair-view-title","$v":"طلب Bluetooth"},{"$i":"bluetooth-pairing-request-now-title","$v":"طلب إقران Bluetooth"},{"$i":"pairing-request-timeout-title","$v":"طلب إقران Bluetooth"},{"$i":"pairing-request-timeout-description","$v":"انتهت صلاحية طلب إقران Bluetooth. حاول الإقران مرة أخرى."},{"$i":"rescan","$v":"إعادة المسح"},{"$i":"select-device","$v":"تحديد الجهاز"},{"$i":"select","$v":"تحديد"},{"$i":"paired-with-device","$v":["تم الاقتران بـ ",{"t":"idOrVar","v":"deviceName"},"."]},{"$i":"paired-failed","$v":["فشل الاقتران بـ ",{"t":"idOrVar","v":"deviceName"},"."]}]