[{"$i":"bluetooth-header","$v":[{"t":"idOrVar","v":"bluetooth"}]},{"$i":"bluetooth-enable-msg","$v":"এলাকায় ডিভাইসগুলি দেখতে Bluetooth চালু করুন।"},{"$i":"bluetooth-paired-devices","$v":"জোড়া বাঁধা ডিভাইসগুলি"},{"$i":"bluetooth-devices-nearby","$v":"কাছে থাকা ডিভাইস"},{"$i":"bt-nodevices-nearby","$v":"কাছাকাছি কোনও ডিভাইস খুঁজে পাওয়া যায়নি।"},{"$i":"bluetooth-visible-to-all","$v":"সকলের কাছে দৃশ্যমান"},{"$i":"bluetooth-name-maxlength-alert","$v":["আপনার ডিভাইসের নামের টি ",{"t":"idOrVar","v":"length"},"অক্ষর অতিক্রম করে গেছে। অনুগ্রহ করে আবার চেষ্টা করুন।"]},{"$i":"bluetooth-address","$v":"Bluetooth ঠিকানা"},{"$i":"bluetooth-address-unavailable","$v":"উপলব্ধ নেই"},{"$i":"bt-status-nopaired","$v":"কোন ডিভাইস জোড়া"},{"$i":"bt-status-turnoff","$v":"বন্ধ করা হয়েছে"},{"$i":"bt-status-paired","$v":{"few":[{"t":"idOrVar","v":"name"},", +",{"t":"idOrVar","v":"n"}," আরো"],"many":[{"t":"idOrVar","v":"name"},", +",{"t":"idOrVar","v":"n"}," আরো"],"one":[{"t":"idOrVar","v":"name"},", +",{"t":"idOrVar","v":"n"}," আরো"],"other":[{"t":"idOrVar","v":"name"},", +",{"t":"idOrVar","v":"n"}," আরো"],"two":[{"t":"idOrVar","v":"name"},", +",{"t":"idOrVar","v":"n"}," আরো"],"zero":[{"t":"idOrVar","v":"name"}]},"$x":[{"t":"idOrVar","v":"plural"},"n"]},{"$i":"device-status-tap-connect","$v":"জোড় বাঁধতে \"নির্বাচন করুন\" টিপুন"},{"$i":"device-status-pairing","$v":"ডিভাইসের সঙ্গে জোড়া বাঁধা হচ্ছে…"},{"$i":"device-status-waiting","$v":"অন্য ডিভাইসের জন্য অপেক্ষা করা হচ্ছে…"},{"$i":"device-status-paired","$v":"যুগল করা উপকরণ"},{"$i":"device-status-connecting","$v":"সংযোগ হচ্ছে…"},{"$i":"device-status-connected","$v":"সংযুক্ত"},{"$i":"device-status-connected-phone","$v":"ফোন অডিওতে সংযুক্ত"},{"$i":"device-status-connected-media","$v":"মিডিয়া অডিওতে সংযুক্ত"},{"$i":"device-status-connected-phone-media","$v":"ফোন/মিডিয়া অডিওতে সংযুক্ত"},{"$i":"device-option-unpair","$v":"বিযুক্ত"},{"$i":"device-option-confirm","$v":"নিশ্চিত করুন"},{"$i":"device-option-unpair-confirmation","$v":"নিশ্চিতকরণ"},{"$i":"device-option-unpair-device","$v":"আনপায়ার ডিভাইস?"},{"$i":"device-option-connect","$v":"সংযোগ করুন"},{"$i":"device-option-disconnect","$v":"সংযোগ বিচ্ছ. ক."},{"$i":"search-for-device","$v":"ডিভাইস অনুসন্ধান করা হচ্ছে..."},{"$i":"search-device","$v":"ডিভাইসগুলির জন্য অনুসন্ধান করুন"},{"$i":"rename-device","$v":"আমার ডিভাইসের নাম পরিবর্তন করুন"},{"$i":"unnamed-device","$v":"অজানা ডিভাইস"},{"$i":"change-phone-name","$v":"ফোনের নাম পরিবর্তন করুন"},{"$i":"change-phone-name-desc","$v":"আপনার কম্পিউটারে যেমন দেখাচ্ছে সেই হিসেবে আপনার ডিভাইসের নাম পরিবর্তন করুন"},{"$i":"bluetooth-new-name","$v":"নতুন নাম"},{"$i":"error-pair-title","$v":"ডিভাইস জোড় বাঁধা যাচ্ছে না"},{"$i":"error-pair-pincode","$v":"ডিভাইসটি জোড় বাঁধা যাবে না। PIN সঠিক কিনা চেক করুন।"},{"$i":"error-pair-toofast","$v":"ডিভাইসটি জোড় বাঁধা যাবে না। খুব বেশি অনুরোধ।"},{"$i":"error-pair-fail","$v":[{"t":"idOrVar","v":"devicename"}," আপনার ফোনের সঙ্গে জোড় বাঁধেনি।"]},{"$i":"error-pair-checkpin","$v":"আপনি কি এই ডিভাইসটির সাথে আবার জোড় বাঁধার চেষ্টা করতে চান?"},{"$i":"error-connect-title","$v":"ডিভাইসগুলির সাথে সংযোগ করতে অক্ষম"},{"$i":"error-connect-msg","$v":"আপনি যে ডিভাইসটির সাথে সংযোগ করার চেষ্টা করছেন সেটি পরিধির মধ্যে আছে কিনা এবং ব্লুটুথ চালু করা আছে কিনা তা পরীক্ষা করুন।"},{"$i":"unpair-title","$v":"একটি সংযুক্ত ডিভাইস জোড় মুক্ত করবেন?"},{"$i":"unpair-msg","$v":"আপনি বর্তমানে একটি ডিভাইসের সঙ্গে যুক্ত আছে। জোড় ভঙ্গ করলে এটি থেকে সংযোগ বিচ্ছিন্ন হয়ে যাবে।"},{"$i":"bluetooth","$v":"Bluetooth"},{"$i":"turn-bluetooth-on-title","$v":"ব্লুটুথ চালু করুন"},{"$i":"bluetooth-status-description","$v":"ব্লুটুথ অক্ষম করা হয়েছে"},{"$i":"turn-bluetooth-on","$v":"Bluetooth অক্ষম রয়েছে, আপনি কি Bluetooth চালু করতে চান?"},{"$i":"cancel","$v":"বাতিল করুন"},{"$i":"turn-on","$v":"চালু করুন"},{"$i":"error-transfer-title","$v":"Bluetooth ফাইল ট্র্যান্সফার ব্যর্থ হয়েছে"},{"$i":"error-transfer-settings","$v":"Bluetooth ফাইল ট্র্যান্সফার ব্যর্থ হয়েছে। Bluetooth সেটিংস সঠিক কিনা তা চেক করুন।"},{"$i":"ok","$v":"ঠিক আছে"},{"$i":"pair","$v":"জোড়া বাঁধুন"},{"$i":"active-pair","$v":"জোড় বাঁধার জন্য ডিভাইসগুলি নিশ্চিত করুন"},{"$i":"active-pair-confirmation","$v":["এর সঙ্গে জোড় বাঁধতে, ",{"t":"idOrVar","v":"device"},"নিশ্চিত করুন যে নিম্নলিখিত PIN উভয় ডিভাইসে প্রদর্শিত হচ্ছে"]},{"$i":"active-pair-pincode","$v":[{"t":"idOrVar","v":"device"},"-এর সাথে জুড়তে, ডিভাইসে PIN দিন।"]},{"$i":"active-pair-passkey","$v":[{"t":"idOrVar","v":"device"}," এর সঙ্গে জোড় বাঁধতে, ডিভাইসে পাসকোড দিন।"]},{"$i":"passive-pair","$v":"Bluetooth জোড়া বাঁধার অনুরোধ"},{"$i":"passive-pair-confirmation","$v":"এই ফোনের সঙ্গে যুক্ত হতে চায়ছে। স্বীকার করার জন্য, নিশ্চিত করুন যে নিম্নলিখিত PIN উভয় ডিভাইসে প্রদর্শিত হচ্ছে:"},{"$i":"passive-pair-pincode","$v":["এই ফোনের সাথে জোড়া বাঁধতে চায়। আপনি যে ",{"t":"idOrVar","v":"device"}," এ জোড়া বাঁধতে চান সেখানে PIN কোডটি লিখুন। এগিয়ে যেতে জোড়া বাঁধুন টিপুন।"]},{"$i":"passive-pair-enterpincode","$v":["এই ফোনের সাথে জোড়া বাঁধতে চায়। আপনি যে ",{"t":"idOrVar","v":"device"}," এ জোড়া বাঁধতে চান সেখানে PIN কোডটি লিখুন। এগিয়ে যেতে জোড়া বাঁধুন টিপুন।"]},{"$i":"passive-pair-passkey","$v":["এই ফোনের সাথে জোড়া বাঁধতে চায়। আপনি যে ",{"t":"idOrVar","v":"device"}," এ জোড়া বাঁধতে চান সেখানে এই PIN লিখুন এবং এগিয়ে যেতে জোড়া বাঁধুন টিপুন।"]},{"$i":"passive-pair-displaypasskey","$v":["এই ফোনের সাথে জোড়া বাঁধতে চায়। আপনি যে ",{"t":"idOrVar","v":"device"}," এ জোড়া বাঁধতে চান সেখানে এই PIN লিখুন এবং এগিয়ে যেতে জোড়া বাঁধুন টিপুন।"]},{"$i":"passive-pair-consent","$v":"এর ফোনের সাথে জোড়া বাঁধতে চায়। এগিয়ে যেতে জোড়া বাঁধুন টিপুন।"},{"$i":"pin-input-title","$v":"PIN কোড লিখুন"},{"$i":"pair-view-title","$v":"Bluetooth অনুরোধ"},{"$i":"bluetooth-pairing-request-now-title","$v":"Bluetooth জোড়া বাঁধার অনুরোধ"},{"$i":"pairing-request-timeout-title","$v":"Bluetooth জোড়া বাঁধার অনুরোধ"},{"$i":"pairing-request-timeout-description","$v":"Bluetooth জোড়া বাঁধার অনুরোধের মেয়াদ শেষ। আবার জোড় বাঁধার চেষ্টা করুন।"},{"$i":"rescan","$v":"আবার স্ক্যান করুন"},{"$i":"select-device","$v":"যন্ত্র বেছে নিন"},{"$i":"select","$v":"নির্বাচন করুন"},{"$i":"paired-with-device","$v":[{"t":"idOrVar","v":"deviceName"}," এর সঙ্গে জোঁড় বাঁধা হয়েছে।"]},{"$i":"paired-failed","$v":[{"t":"idOrVar","v":"deviceName"}," এর্র সঙ্গে জোড় বাঁধা গেল না।"]}]