[{"$i":"bluetooth-header","$v":[{"t":"idOrVar","v":"bluetooth"}]},{"$i":"bluetooth-enable-msg","$v":"Schalten Sie Bluetooth ein, um in der Nähe verfügbare Geräte anzuzeigen."},{"$i":"bluetooth-paired-devices","$v":"Gekoppelte Geräte"},{"$i":"bluetooth-devices-nearby","$v":"Geräte in der Nähe"},{"$i":"bt-nodevices-nearby","$v":"Keine Geräte in der Nähe gefunden."},{"$i":"bluetooth-visible-to-all","$v":"Für alle sichtbar"},{"$i":"bluetooth-name-maxlength-alert","$v":["Ihr Gerätename überschreitet die maximale Länge von ",{"t":"idOrVar","v":"length"}," Zeichen. Versuchen Sie es erneut."]},{"$i":"bluetooth-address","$v":"Bluetooth-Adresse"},{"$i":"bluetooth-address-unavailable","$v":"Nicht verfügbar"},{"$i":"bt-status-nopaired","$v":"Keine gekoppelten Geräte"},{"$i":"bt-status-turnoff","$v":"Ausgeschaltet"},{"$i":"bt-status-paired","$v":{"few":[{"t":"idOrVar","v":"name"},", +",{"t":"idOrVar","v":"n"}," mehr"],"many":[{"t":"idOrVar","v":"name"},", +",{"t":"idOrVar","v":"n"}," mehr"],"one":[{"t":"idOrVar","v":"name"},", +",{"t":"idOrVar","v":"n"}," mehr"],"other":[{"t":"idOrVar","v":"name"},", +",{"t":"idOrVar","v":"n"}," mehr"],"two":[{"t":"idOrVar","v":"name"},", +",{"t":"idOrVar","v":"n"}," mehr"],"zero":[{"t":"idOrVar","v":"name"}]},"$x":[{"t":"idOrVar","v":"plural"},"n"]},{"$i":"device-status-tap-connect","$v":"Drücken Sie zum Koppeln auf \\„Auswählen\\“"},{"$i":"device-status-pairing","$v":"Gerät wird gekoppelt..."},{"$i":"device-status-waiting","$v":"Auf das andere Gerät wird gewartet..."},{"$i":"device-status-paired","$v":"Gekoppelt"},{"$i":"device-status-connecting","$v":"Verbindung wird hergestellt..."},{"$i":"device-status-connected","$v":"Verbunden"},{"$i":"device-status-connected-phone","$v":"Verbunden mit Audiosystem des Telefons"},{"$i":"device-status-connected-media","$v":"Verbunden mit Audiosystem des Mediengeräts"},{"$i":"device-status-connected-phone-media","$v":"Verbunden mit Audiosystem des Telefons/Mediengeräts"},{"$i":"device-option-unpair","$v":"Kopplung aufheben"},{"$i":"device-option-confirm","$v":"Bestätigen"},{"$i":"device-option-unpair-confirmation","$v":"Bestätigung"},{"$i":"device-option-unpair-device","$v":"Gerät entkoppeln?"},{"$i":"device-option-connect","$v":"Verbinden"},{"$i":"device-option-disconnect","$v":"Trennen"},{"$i":"search-for-device","$v":"Suche nach Geräten..."},{"$i":"search-device","$v":"Nach Geräten suchen"},{"$i":"rename-device","$v":"Mein Gerät umbenennen"},{"$i":"unnamed-device","$v":"Unbekanntes Gerät"},{"$i":"change-phone-name","$v":"Telefonname ändern"},{"$i":"change-phone-name-desc","$v":"Ändern Sie den Gerätenamen, wie dieser auf Ihrem Computer angezeigt wird."},{"$i":"bluetooth-new-name","$v":"Neuer Name"},{"$i":"error-pair-title","$v":"Gerät kann nicht gekoppelt werden."},{"$i":"error-pair-pincode","$v":"Kopplung mit Gerät ist nicht möglich. Stellen Sie sicher, dass die PIN korrekt ist."},{"$i":"error-pair-toofast","$v":"Eine Kopplung mit dem Gerät ist nicht möglich. Zu viele Anforderungen."},{"$i":"error-pair-fail","$v":[{"t":"idOrVar","v":"devicename"}," kann nicht mit Ihrem Telefon gekoppelt werden."]},{"$i":"error-pair-checkpin","$v":"Möchten Sie erneut versuchen, dieses Gerät zu koppeln?"},{"$i":"error-connect-title","$v":"Verbindung der Geräte nicht möglich"},{"$i":"error-connect-msg","$v":"Das Gerät, mit dem Sie sich verbinden möchten, muss sich noch immer in Reichweite befinden und Bluetooth muss aktiviert sein."},{"$i":"unpair-title","$v":"Verbundenes Gerät entkoppeln?"},{"$i":"unpair-msg","$v":"Sie sind derzeit mit diesem Gerät verbunden. Beim Entkoppeln wird die Verbindung getrennt."},{"$i":"bluetooth","$v":"Bluetooth"},{"$i":"turn-bluetooth-on-title","$v":"Bluetooth aktivieren"},{"$i":"bluetooth-status-description","$v":"Bluetooth ist deaktiviert"},{"$i":"turn-bluetooth-on","$v":"Bluetooth ist deaktiviert. Bluetooth einschalten?"},{"$i":"cancel","$v":"Abbrechen"},{"$i":"turn-on","$v":"Aktivieren"},{"$i":"error-transfer-title","$v":"Bluetooth-Dateiübertragung fehlgeschlagen"},{"$i":"error-transfer-settings","$v":"Bluetooth-Dateiübertragung fehlgeschlagen. Überprüfen Sie die Bluetooth-Einstellungen."},{"$i":"ok","$v":"OK"},{"$i":"pair","$v":"Koppeln"},{"$i":"active-pair","$v":"Zu koppelnde Geräte bestätigen"},{"$i":"active-pair-confirmation","$v":["Um ",{"t":"idOrVar","v":"device"}," zu koppeln, muss auf beiden Geräten die folgende PIN angezeigt werden:"]},{"$i":"active-pair-pincode","$v":["Geben Sie die PIN auf dem Gerät ein, um ",{"t":"idOrVar","v":"device"}," zu koppeln."]},{"$i":"active-pair-passkey","$v":["Geben Sie den Hauptschlüssel auf dem Gerät ein, um ",{"t":"idOrVar","v":"device"}," zu koppeln."]},{"$i":"passive-pair","$v":"Bluetooth-Kopplungsanforderung"},{"$i":"passive-pair-confirmation","$v":"möchte sich mit diesem Telefon koppeln. Zum Akzeptieren muss auf beiden Geräten folgende PIN angezeigt werden:"},{"$i":"passive-pair-pincode","$v":["möchte eine Kopplung mit diesem Telefon herstellen. Geben Sie einen PIN-Code bei dem Gerät ",{"t":"idOrVar","v":"device"}," ein, mit dem Sie die Kopplung herstellen möchten. „Koppeln“ berühren: fortfahren"]},{"$i":"passive-pair-enterpincode","$v":["möchte eine Kopplung mit diesem Telefon herstellen. Geben Sie einen PIN-Code bei dem Gerät ",{"t":"idOrVar","v":"device"}," ein, mit dem Sie die Kopplung herstellen möchten. „Koppeln“ berühren: fortfahren"]},{"$i":"passive-pair-passkey","$v":["möchte eine Kopplung mit diesem Telefon herstellen. Geben Sie diese PIN bei dem Gerät ",{"t":"idOrVar","v":"device"}," ein, mit dem Sie die Kopplung herstellen möchten. Berühren Sie anschließend „Koppeln“, um fortzufahren."]},{"$i":"passive-pair-displaypasskey","$v":["möchte eine Kopplung mit diesem Telefon herstellen. Geben Sie diese PIN bei dem Gerät ",{"t":"idOrVar","v":"device"}," ein, mit dem Sie die Kopplung herstellen möchten. Berühren Sie anschließend „Koppeln“, um fortzufahren."]},{"$i":"passive-pair-consent","$v":"möchte eine Kopplung mit diesem Telefon herstellen. „Koppeln“ berühren: fortfahren"},{"$i":"pin-input-title","$v":"PIN-Code eingeben"},{"$i":"pair-view-title","$v":"Bluetooth-Anforderung"},{"$i":"bluetooth-pairing-request-now-title","$v":"Bluetooth-Kopplungsanforderung"},{"$i":"pairing-request-timeout-title","$v":"Bluetooth-Kopplungsanforderung"},{"$i":"pairing-request-timeout-description","$v":"Zeitüberschreitung der Bluetooth-Kopplungsanforderung. Versuchen Sie, den Vorgang zu wiederholen."},{"$i":"rescan","$v":"Erneut scannen"},{"$i":"select-device","$v":"Gerät auswählen"},{"$i":"select","$v":"Auswählen"},{"$i":"paired-with-device","$v":["Gekoppelt mit ",{"t":"idOrVar","v":"deviceName"},"."]},{"$i":"paired-failed","$v":["Kopplung mit ",{"t":"idOrVar","v":"deviceName"}," fehlgeschlagen."]}]