[{"$i":"bluetooth-header","$v":[{"t":"idOrVar","v":"bluetooth"}]},{"$i":"bluetooth-enable-msg","$v":"Ενεργοποιήστε το Bluetooth για να δείτε τις κοντινές συσκευές."},{"$i":"bluetooth-paired-devices","$v":"Συσκευές σε ζεύξη"},{"$i":"bluetooth-devices-nearby","$v":"Κοντινές συσκευές"},{"$i":"bt-nodevices-nearby","$v":"Δεν βρέθηκαν συσκευές κοντά."},{"$i":"bluetooth-visible-to-all","$v":"Ορατό σε όλες"},{"$i":"bluetooth-name-maxlength-alert","$v":["Το όνομα συσκευής υπερβαίνει τους ",{"t":"idOrVar","v":"length"}," χαρακτήρες. Δοκιμάστε ξανά."]},{"$i":"bluetooth-address","$v":"Διεύθυνση Bluetooth"},{"$i":"bluetooth-address-unavailable","$v":"Μη διαθέσιμο"},{"$i":"bt-status-nopaired","$v":"Δεν έχουν αντιστοιχιστεί καμία συσκευή"},{"$i":"bt-status-turnoff","$v":"Απενεργοπ."},{"$i":"bt-status-paired","$v":{"few":["Ο/Η ",{"t":"idOrVar","v":"name"}," και ",{"t":"idOrVar","v":"n"}," ακόμα"],"many":["Ο/Η ",{"t":"idOrVar","v":"name"}," και ",{"t":"idOrVar","v":"n"}," ακόμα"],"one":["Ο/Η ",{"t":"idOrVar","v":"name"}," και ",{"t":"idOrVar","v":"n"}," ακόμα"],"other":["Ο/Η ",{"t":"idOrVar","v":"name"}," και ",{"t":"idOrVar","v":"n"}," ακόμα"],"two":["Ο/Η ",{"t":"idOrVar","v":"name"}," και ",{"t":"idOrVar","v":"n"}," ακόμα"],"zero":[{"t":"idOrVar","v":"name"}]},"$x":[{"t":"idOrVar","v":"plural"},"n"]},{"$i":"device-status-tap-connect","$v":"Πατήστε \"Επιλογή\" για ζεύξη"},{"$i":"device-status-pairing","$v":"Ζεύξη με τη συσκευή..."},{"$i":"device-status-waiting","$v":"Αναμονή για άλλη συσκευή…"},{"$i":"device-status-paired","$v":"Σε ζεύξη"},{"$i":"device-status-connecting","$v":"Σύνδεση…"},{"$i":"device-status-connected","$v":"Συνδέθηκε"},{"$i":"device-status-connected-phone","$v":"Ήχος σύνδεσης σε τηλέφωνο"},{"$i":"device-status-connected-media","$v":"Ήχος σύνδεσης σε πολυμέσα"},{"$i":"device-status-connected-phone-media","$v":"Ήχος σύνδεσης σε τηλέφωνο/πολυμέσα"},{"$i":"device-option-unpair","$v":"Αποσύνδεση"},{"$i":"device-option-confirm","$v":"Επιβεβαίωση"},{"$i":"device-option-unpair-confirmation","$v":"Επιβεβαίωση"},{"$i":"device-option-unpair-device","$v":"Ακύρωση της συσκευής;"},{"$i":"device-option-connect","$v":"Σύνδεση"},{"$i":"device-option-disconnect","$v":"Αποσύνδεση"},{"$i":"search-for-device","$v":"Αναζήτηση συσκευών..."},{"$i":"search-device","$v":"Αναζ. συσκευών"},{"$i":"rename-device","$v":"Μετονομ. της συσκευής"},{"$i":"unnamed-device","$v":"Άγνωστη συσκευή"},{"$i":"change-phone-name","$v":"Αλλαγή ονόματος τηλεφώνου"},{"$i":"change-phone-name-desc","$v":"Αλλαγή ονόματος συσκευής όπως εμφανίζεται στον υπολογιστή σας"},{"$i":"bluetooth-new-name","$v":"Νέο όνομα"},{"$i":"error-pair-title","$v":"Αδυναμία ζεύξης συσκευής"},{"$i":"error-pair-pincode","$v":"Δεν είναι δυνατή η ζεύξη με τη συσκευή. Ελέγξτε αν είναι σωστό το PIN."},{"$i":"error-pair-toofast","$v":"Δεν είναι δυνατή η ζεύξη με τη συσκευή. Υπάρχουν πολλά αιτήματα."},{"$i":"error-pair-fail","$v":["Η συσκευή ",{"t":"idOrVar","v":"devicename"}," δεν πραγματοποιεί ζεύξη με το τηλέφωνό σας."]},{"$i":"error-pair-checkpin","$v":"Θέλετε να δοκιμάσετε ξανά τη ζεύξη με αυτή τη συσκευή;"},{"$i":"error-connect-title","$v":"Αδυναμία σύνδεσης συσκευών"},{"$i":"error-connect-msg","$v":"Βεβαιωθείτε ότι η συσκευή με την οποία προσπαθείτε να συνδεθείτε βρίσκεται ακόμη εντός εμβέλειας και έχει ενεργοποιημένο το Bluetooth."},{"$i":"unpair-title","$v":"Κατάργ. συνδεδ. συσκ.;"},{"$i":"unpair-msg","$v":"Είστε συνδεδεμένοι με αυτή τη συσκευή. Αν καταργήσετε τη ζεύξη, θα αποσυνδεθείτε."},{"$i":"bluetooth","$v":"Bluetooth"},{"$i":"turn-bluetooth-on-title","$v":"Ενεργοποίηση Bluetooth"},{"$i":"bluetooth-status-description","$v":"Το Bluetooth είναι απενεργοποιημένο"},{"$i":"turn-bluetooth-on","$v":"Το Bluetooth είναι απενεργοποιημένο. Θέλετε να το ενεργοποιήσετε;"},{"$i":"cancel","$v":"Ακύρωση"},{"$i":"turn-on","$v":"Ενεργοπ."},{"$i":"error-transfer-title","$v":"Αποτυχία μεταφοράς αρχείων μέσω Bluetooth"},{"$i":"error-transfer-settings","$v":"Αποτυχία μεταφοράς αρχείων μέσω Bluetooth. Βεβαιωθείτε ότι οι ρυθμίσεις του Bluetooth είναι σωστές."},{"$i":"ok","$v":"OK"},{"$i":"pair","$v":"Ζεύξη"},{"$i":"active-pair","$v":"Επιβ. συσκ. προς σύζευξη"},{"$i":"active-pair-confirmation","$v":["Για ζεύξη με τη συσκευή ",{"t":"idOrVar","v":"device"},", βεβαιωθείτε ότι και στις δύο συσκευές εμφανίζεται το ακόλουθο PIN:"]},{"$i":"active-pair-pincode","$v":["Για ζεύξη με τη συσκευή ",{"t":"idOrVar","v":"device"},", πληκτρολογήστε το PIN στη συσκευή."]},{"$i":"active-pair-passkey","$v":["Για ζεύξη με τη συσκευή ",{"t":"idOrVar","v":"device"},", πληκτρολογήστε τον κωδικό πρόσβασης στη συσκευή."]},{"$i":"passive-pair","$v":"Αίτημα σύζευξης Bluetooth"},{"$i":"passive-pair-confirmation","$v":"θέλει να συνδεθεί με το τηλέφωνο. Για αποδοχή, βεβαιωθείτε ότι και στις δύο συσκευές εμφανίζεται το ακόλουθο PIN:"},{"$i":"passive-pair-pincode","$v":["που θέλετε να συνδέσετε με αυτό το τηλέφωνο. Πληκτρολογήστε το PIN στη συσκευή ",{"t":"idOrVar","v":"device"}," που θέλετε να συνδέσετε. Πατήστε Pair (Ζεύξη) για να συνεχίσετε."]},{"$i":"passive-pair-enterpincode","$v":["που θέλετε να συνδέσετε με αυτό το τηλέφωνο. Πληκτρολογήστε το PIN στη συσκευή ",{"t":"idOrVar","v":"device"}," που θέλετε να συνδέσετε. Πατήστε Pair (Ζεύξη) για να συνεχίσετε."]},{"$i":"passive-pair-passkey","$v":["που θέλετε να συνδέσετε με αυτό το τηλέφωνο. Πληκτρολογήστε αυτό το PIN στη συσκευή ",{"t":"idOrVar","v":"device"}," που θέλετε να συνδέσετε και πατήστε Pair (Ζεύξη) για να συνεχίσετε."]},{"$i":"passive-pair-displaypasskey","$v":["που θέλετε να συνδέσετε με αυτό το τηλέφωνο. Πληκτρολογήστε αυτό το PIN στη συσκευή ",{"t":"idOrVar","v":"device"}," που θέλετε να συνδέσετε και πατήστε Pair (Ζεύξη) για να συνεχίσετε."]},{"$i":"passive-pair-consent","$v":"που θέλετε να συνδέσετε με αυτό το τηλέφωνο. Πατήστε Pair (Ζεύξη) για να συνεχίσετε."},{"$i":"pin-input-title","$v":"Πληκτρολογήστε τον κωδικό PIN"},{"$i":"pair-view-title","$v":"Αίτημα Bluetooth"},{"$i":"bluetooth-pairing-request-now-title","$v":"Αίτημα σύζευξης Bluetooth"},{"$i":"pairing-request-timeout-title","$v":"Αίτημα σύζευξης Bluetooth"},{"$i":"pairing-request-timeout-description","$v":"Το αίτημα σύζευξης Bluetooth έληξε. Δοκιμάστε να επαναλάβετε τη σύζευξη."},{"$i":"rescan","$v":"Επανάληψη σάρωσης"},{"$i":"select-device","$v":"Επιλογή συσκευής"},{"$i":"select","$v":"Επιλογή"},{"$i":"paired-with-device","$v":["Πραγματοποιήθηκε ζεύξη με τη συσκευή ",{"t":"idOrVar","v":"deviceName"},"."]},{"$i":"paired-failed","$v":["Η ζεύξη με τη συσκευή ",{"t":"idOrVar","v":"deviceName"}," απέτυχε."]}]