[{"$i":"bluetooth-header","$v":[{"t":"idOrVar","v":"bluetooth"}]},{"$i":"bluetooth-enable-msg","$v":"Turn Bluetooth on to view devices in the area."},{"$i":"bluetooth-paired-devices","$v":"Paired devices"},{"$i":"bluetooth-devices-nearby","$v":"Nearby Devices"},{"$i":"bt-nodevices-nearby","$v":"No devices found nearby."},{"$i":"bluetooth-visible-to-all","$v":"Visible to all"},{"$i":"bluetooth-name-maxlength-alert","$v":["Your device name exceeds ",{"t":"idOrVar","v":"length"}," characters. Please retry again."]},{"$i":"bluetooth-address","$v":"Bluetooth Address"},{"$i":"bluetooth-address-unavailable","$v":"Not available"},{"$i":"bt-status-nopaired","$v":"No devices paired"},{"$i":"bt-status-turnoff","$v":"Turned off"},{"$i":"bt-status-paired","$v":{"zero":[{"t":"idOrVar","v":"name"}],"one":[{"t":"idOrVar","v":"name"},", +",{"t":"idOrVar","v":"n"}," more"],"two":[{"t":"idOrVar","v":"name"},", +",{"t":"idOrVar","v":"n"}," more"],"few":[{"t":"idOrVar","v":"name"},", +",{"t":"idOrVar","v":"n"}," more"],"many":[{"t":"idOrVar","v":"name"},", +",{"t":"idOrVar","v":"n"}," more"],"other":[{"t":"idOrVar","v":"name"},", +",{"t":"idOrVar","v":"n"}," more"]},"$x":[{"t":"idOrVar","v":"plural"},"n"]},{"$i":"device-status-tap-connect","$v":"Press \"Select\" to pair"},{"$i":"device-status-pairing","$v":"Pairing with device…"},{"$i":"device-status-waiting","$v":"Waiting for other device…"},{"$i":"device-status-paired","$v":"Paired"},{"$i":"device-status-connecting","$v":"Connecting…"},{"$i":"device-status-connected","$v":"Connected"},{"$i":"device-status-connected-phone","$v":"Connected to phone audio"},{"$i":"device-status-connected-media","$v":"Connected to media audio"},{"$i":"device-status-connected-phone-media","$v":"Connected to phone/media audio"},{"$i":"device-option-unpair","$v":"Unpair"},{"$i":"device-option-confirm","$v":"Confirm"},{"$i":"device-option-unpair-confirmation","$v":"Confirmation"},{"$i":"device-option-unpair-device","$v":"Unpair device?"},{"$i":"device-option-connect","$v":"Connect"},{"$i":"device-option-disconnect","$v":"Disconnect"},{"$i":"search-for-device","$v":"Searching for devices…"},{"$i":"search-device","$v":"Search for devices"},{"$i":"rename-device","$v":"Rename my device"},{"$i":"unnamed-device","$v":"Unknown device"},{"$i":"change-phone-name","$v":"Change phone name"},{"$i":"change-phone-name-desc","$v":"Change the name of your device as it appears in your computer"},{"$i":"bluetooth-new-name","$v":"New name"},{"$i":"error-pair-title","$v":"Unable To Pair Device"},{"$i":"error-pair-pincode","$v":"Unable to pair with the device. Check that the PIN is correct."},{"$i":"error-pair-toofast","$v":"Unable to pair with the device. Too many requests."},{"$i":"error-pair-fail","$v":[{"t":"idOrVar","v":"devicename"}," isn't pairing with your phone."]},{"$i":"error-pair-checkpin","$v":"Do you want to try pairing with this device again?"},{"$i":"error-connect-title","$v":"Unable to connect devices"},{"$i":"error-connect-msg","$v":"Check that the device you’re trying to connect with is still in range and has Bluetooth turned on."},{"$i":"unpair-title","$v":"Unpair a connected device?"},{"$i":"unpair-msg","$v":"You are currently connected to this device. Unpairing will also disconnect from it."},{"$i":"bluetooth","$v":"Bluetooth"},{"$i":"turn-bluetooth-on-title","$v":"Turn On Bluetooth"},{"$i":"bluetooth-status-description","$v":"Bluetooth is disabled"},{"$i":"turn-bluetooth-on","$v":"Bluetooth is disabled. Turn Bluetooth on?"},{"$i":"cancel","$v":"Cancel"},{"$i":"turn-on","$v":"Turn On"},{"$i":"error-transfer-title","$v":"Bluetooth file transfer failed"},{"$i":"error-transfer-settings","$v":"Bluetooth file transfer failed. Check that the Bluetooth settings are correct."},{"$i":"ok","$v":"OK"},{"$i":"pair","$v":"Pair"},{"$i":"active-pair","$v":"Confirm devices to pair"},{"$i":"active-pair-confirmation","$v":["To pair with ",{"t":"idOrVar","v":"device"},", make sure that both devices currently have the following PIN displayed:"]},{"$i":"active-pair-pincode","$v":["To pair with ",{"t":"idOrVar","v":"device"},", enter the PIN on the device."]},{"$i":"active-pair-passkey","$v":["To pair with ",{"t":"idOrVar","v":"device"},", enter the passkey on the device."]},{"$i":"passive-pair","$v":"Bluetooth pairing request"},{"$i":"passive-pair-confirmation","$v":"would like to pair with this phone. To accept, make sure that both devices currently have the following PIN displayed."},{"$i":"passive-pair-pincode","$v":["would like to pair with this phone. Please enter PIN code on ",{"t":"idOrVar","v":"device"}," you would like to pair with. Press Pair to proceed."]},{"$i":"passive-pair-enterpincode","$v":["would like to pair with this phone. Please enter PIN code on ",{"t":"idOrVar","v":"device"}," you would like to pair with. Press Pair to proceed."]},{"$i":"passive-pair-passkey","$v":["would like to pair with this phone. Please enter this PIN on ",{"t":"idOrVar","v":"device"}," you would like to pair with and press Pair to proceed."]},{"$i":"passive-pair-displaypasskey","$v":["would like to pair with this phone. Please enter this PIN on ",{"t":"idOrVar","v":"device"}," you would like to pair with and press Pair to proceed."]},{"$i":"passive-pair-consent","$v":"would like to pair with this phone. Press Pair to proceed."},{"$i":"pin-input-title","$v":"Enter PIN code"},{"$i":"pair-view-title","$v":"Bluetooth Request"},{"$i":"bluetooth-pairing-request-now-title","$v":"Bluetooth pairing request"},{"$i":"pairing-request-timeout-title","$v":"Bluetooth Pairing Request"},{"$i":"pairing-request-timeout-description","$v":"Bluetooth pairing request expired. Try to pair again."},{"$i":"rescan","$v":"Rescan"},{"$i":"select-device","$v":"Select Device"},{"$i":"select","$v":"Select"},{"$i":"paired-with-device","$v":["Paired with ",{"t":"idOrVar","v":"deviceName"},"."]},{"$i":"paired-failed","$v":["Failed to pair with ",{"t":"idOrVar","v":"deviceName"},"."]}]