[{"$i":"bluetooth-header","$v":[{"t":"idOrVar","v":"bluetooth"}]},{"$i":"bluetooth-enable-msg","$v":"Encender Bluetooth para ver los dispositivos en el área."},{"$i":"bluetooth-paired-devices","$v":"Dispositivos sincronizados"},{"$i":"bluetooth-devices-nearby","$v":"Dispositivos cercanos"},{"$i":"bt-nodevices-nearby","$v":"No se han encontrado dispositivos cercanos."},{"$i":"bluetooth-visible-to-all","$v":"Visible para todos"},{"$i":"bluetooth-name-maxlength-alert","$v":["El nombre de su dispositivo excede ",{"t":"idOrVar","v":"length"}," caracteres. Vuelva a intentarlo de nuevo."]},{"$i":"bluetooth-address","$v":"Dirección de Bluetooth"},{"$i":"bluetooth-address-unavailable","$v":"No disponible"},{"$i":"bt-status-nopaired","$v":"Ningún dispositivo emparejado"},{"$i":"bt-status-turnoff","$v":"Apagado"},{"$i":"bt-status-paired","$v":{"few":[{"t":"idOrVar","v":"name"},", +",{"t":"idOrVar","v":"n"}," más"],"many":[{"t":"idOrVar","v":"name"},", +",{"t":"idOrVar","v":"n"}," más"],"one":[{"t":"idOrVar","v":"name"},", +",{"t":"idOrVar","v":"n"}," más"],"other":[{"t":"idOrVar","v":"name"},", +",{"t":"idOrVar","v":"n"}," más"],"two":[{"t":"idOrVar","v":"name"},", +",{"t":"idOrVar","v":"n"}," más"],"zero":[{"t":"idOrVar","v":"name"}]},"$x":[{"t":"idOrVar","v":"plural"},"n"]},{"$i":"device-status-tap-connect","$v":"Presione \"Seleccionar\" para sincronizar"},{"$i":"device-status-pairing","$v":"Sincronizando con dispositivoâ€¦"},{"$i":"device-status-waiting","$v":"Esperando al otro dispositivoâ€¦"},{"$i":"device-status-paired","$v":"Sincronizado"},{"$i":"device-status-connecting","$v":"Conectandoâ€¦"},{"$i":"device-status-connected","$v":"Conectado"},{"$i":"device-status-connected-phone","$v":"Conectado a audio telefónico"},{"$i":"device-status-connected-media","$v":"Conectado a audio de medios"},{"$i":"device-status-connected-phone-media","$v":"Conectado a audio telefónico/de medios"},{"$i":"device-option-unpair","$v":"Desemparejar"},{"$i":"device-option-confirm","$v":"Confirmar"},{"$i":"device-option-unpair-confirmation","$v":"Confirmación"},{"$i":"device-option-unpair-device","$v":"¿Desemparejar dispositivo?"},{"$i":"device-option-connect","$v":"Conectar"},{"$i":"device-option-disconnect","$v":"Desconectar"},{"$i":"search-for-device","$v":"Buscando dispositivosâ€¦"},{"$i":"search-device","$v":"Buscar dispositivos"},{"$i":"rename-device","$v":"Renombrar mi dispositivo"},{"$i":"unnamed-device","$v":"Dispositivo desconocido"},{"$i":"change-phone-name","$v":"Cambiar nombre del teléfono"},{"$i":"change-phone-name-desc","$v":"Cambiar el nombre de su dispositivo como aparece en su computadora"},{"$i":"bluetooth-new-name","$v":"Nombre nuevo"},{"$i":"error-pair-title","$v":"No se ha podido vincular el dispositivo."},{"$i":"error-pair-pincode","$v":"No se puede sincronizar con el dispositivo. Comprobar que el PIN sea el correcto."},{"$i":"error-pair-toofast","$v":"No se puede sincronizar con el dispositivo. Demasiadas solicitudes."},{"$i":"error-pair-fail","$v":[{"t":"idOrVar","v":"devicename"}," no está emparejado con su teléfono."]},{"$i":"error-pair-checkpin","$v":"¿Quiere intentar emparejarse con este dispositivo de nuevo?"},{"$i":"error-connect-title","$v":"No se pueden conectar los dispositivos"},{"$i":"error-connect-msg","$v":"Comprobar que el dispositivo que está€™ intentando conectar esté todavía dentro del rango y que Bluetooth esté encendido."},{"$i":"unpair-title","$v":"¿Desincronizar un dispositivo conectado?"},{"$i":"unpair-msg","$v":"Está actualmente conectado a este dispositivo. La desincronización también lo desconectará del mismo."},{"$i":"bluetooth","$v":"Bluetooth"},{"$i":"turn-bluetooth-on-title","$v":"Encender Bluetooth"},{"$i":"bluetooth-status-description","$v":"Bluetooth está deshabilitado"},{"$i":"turn-bluetooth-on","$v":"El Bluetooth está desactivado. ¿Desea activarlo?"},{"$i":"cancel","$v":"Cancelar"},{"$i":"turn-on","$v":"Encender"},{"$i":"error-transfer-title","$v":"Fallo en la transferencia del archivo de Bluetooth"},{"$i":"error-transfer-settings","$v":"Fallo en la transferencia del archivo de Bluetooth. Compruebe que los ajustes de Bluetooth sean correctos."},{"$i":"ok","$v":"OK"},{"$i":"pair","$v":"Sincronizar"},{"$i":"active-pair","$v":"Confirmar dispositivos a emparejar"},{"$i":"active-pair-confirmation","$v":["Para emparejarse con ",{"t":"idOrVar","v":"device"},", asegúrese de que se muestre el PIN para ambos dispositivos:"]},{"$i":"active-pair-pincode","$v":["Para emparejarse con ",{"t":"idOrVar","v":"device"},", ingrese el PIN en el dispositivo."]},{"$i":"active-pair-passkey","$v":["Para emparejarse con ",{"t":"idOrVar","v":"device"},", ingrese la clave en el dispositivo."]},{"$i":"passive-pair","$v":"La solicitud de sincronización de Bluetooth"},{"$i":"passive-pair-confirmation","$v":"le gustaría sincronizar con este teléfono. Para aceptar, asegúrese de que se muestre el PIN para ambos dispositivos actualmente:"},{"$i":"passive-pair-pincode","$v":["quiere vincularse con este teléfono. Ingrese el código PIN en el dispositivo ",{"t":"idOrVar","v":"device"}," que quiera vincular. Pulse Vincular para continuar."]},{"$i":"passive-pair-enterpincode","$v":["quiere vincularse con este teléfono. Ingrese el código PIN en el dispositivo ",{"t":"idOrVar","v":"device"}," que quiera vincular. Pulse Vincular para continuar."]},{"$i":"passive-pair-passkey","$v":["quiere vincularse con este teléfono. Ingrese este PIN en el dispositivo ",{"t":"idOrVar","v":"device"}," que quiera vincular y pulse Vincular para continuar."]},{"$i":"passive-pair-displaypasskey","$v":["quiere vincularse con este teléfono. Ingrese este PIN en el dispositivo ",{"t":"idOrVar","v":"device"}," que quiera vincular y pulse Vincular para continuar."]},{"$i":"passive-pair-consent","$v":"quiere vincularse con este teléfono. Pulse Vincular para continuar."},{"$i":"pin-input-title","$v":"Ingresar PIN"},{"$i":"pair-view-title","$v":"Solicitud Bluetooth"},{"$i":"bluetooth-pairing-request-now-title","$v":"Solicitud de sincronización de Bluetooth"},{"$i":"pairing-request-timeout-title","$v":"Solicitud de sincronización de Bluetooth"},{"$i":"pairing-request-timeout-description","$v":"Caducó la solicitud de sincronización de Bluetooth. Intentar sincronizar otra vez"},{"$i":"rescan","$v":"Volver a explorar"},{"$i":"select-device","$v":"Seleccionar dispositivo"},{"$i":"select","$v":"Selec."},{"$i":"paired-with-device","$v":["Vinculado con ",{"t":"idOrVar","v":"deviceName"},"."]},{"$i":"paired-failed","$v":["Error al vincular con ",{"t":"idOrVar","v":"deviceName"},"."]}]