[{"$i":"bluetooth-header","$v":[{"t":"idOrVar","v":"bluetooth"}]},{"$i":"bluetooth-enable-msg","$v":"Bluetooth را برای مشاهده دستگاه ها در ناحیه روشن کنید."},{"$i":"bluetooth-paired-devices","$v":"دستگاه های جفت شده"},{"$i":"bluetooth-devices-nearby","$v":"دستگاه های نزدیک"},{"$i":"bt-nodevices-nearby","$v":"هيچ دستگاهی در این نزدیکی یافت نشد."},{"$i":"bluetooth-visible-to-all","$v":"قابل مشاهده برای همه"},{"$i":"bluetooth-name-maxlength-alert","$v":["نام دستگاه شما از ",{"t":"idOrVar","v":"length"}," نویسه بیشتر است. لطفاً دوباره امتحان کنید."]},{"$i":"bluetooth-address","$v":"آدرس Bluetooth"},{"$i":"bluetooth-address-unavailable","$v":"موجود نيست"},{"$i":"bt-status-nopaired","$v":"هیچ دستگاهی جفت نشد"},{"$i":"bt-status-turnoff","$v":"خاموش شد"},{"$i":"bt-status-paired","$v":{"few":[{"t":"idOrVar","v":"name"},"، +",{"t":"idOrVar","v":"n"}," دیگر"],"many":[{"t":"idOrVar","v":"name"},"، +",{"t":"idOrVar","v":"n"}," دیگر"],"one":[{"t":"idOrVar","v":"name"},"، +",{"t":"idOrVar","v":"n"}," دیگر"],"other":[{"t":"idOrVar","v":"name"},"، +",{"t":"idOrVar","v":"n"}," دیگر"],"two":[{"t":"idOrVar","v":"name"},"، +",{"t":"idOrVar","v":"n"}," دیگر"],"zero":[{"t":"idOrVar","v":"name"}]},"$x":[{"t":"idOrVar","v":"plural"},"n"]},{"$i":"device-status-tap-connect","$v":"برای جفت سازی \"انتخاب\" را فشار دهید"},{"$i":"device-status-pairing","$v":"جفت سازی با دستگاه…"},{"$i":"device-status-waiting","$v":"در انتظار برای دستگاه دیگر..."},{"$i":"device-status-paired","$v":"جفت شد"},{"$i":"device-status-connecting","$v":"در حال اتصال..."},{"$i":"device-status-connected","$v":"وصل شد"},{"$i":"device-status-connected-phone","$v":"به صدای تلفن متصل شد"},{"$i":"device-status-connected-media","$v":"به صدای رسانه متصل شد"},{"$i":"device-status-connected-phone-media","$v":"به صدای رسانه/تلفن متصل شد"},{"$i":"device-option-unpair","$v":"لغو مرتبط سازی"},{"$i":"device-option-confirm","$v":"تأیید"},{"$i":"device-option-unpair-confirmation","$v":"تأييد"},{"$i":"device-option-unpair-device","$v":"عدم جفت سازی دستگاه؟"},{"$i":"device-option-connect","$v":"متصل شدن"},{"$i":"device-option-disconnect","$v":"قطع شدن"},{"$i":"search-for-device","$v":"جستجو برای دستگاه ها..."},{"$i":"search-device","$v":"جستجو براي دستگاه ها"},{"$i":"rename-device","$v":"تغییر نام دستگاه من"},{"$i":"unnamed-device","$v":"دستگاه ناشناخته"},{"$i":"change-phone-name","$v":"تغییر نام تلفن"},{"$i":"change-phone-name-desc","$v":"نام دستگاهتان را تغییر دهید چون در رایانه شما نشان داده می شود"},{"$i":"bluetooth-new-name","$v":"نام جديد"},{"$i":"error-pair-title","$v":"جفت سازی با دستگاه ممکن نيست"},{"$i":"error-pair-pincode","$v":"جفت سازی با دستگاه ممکن نیست. بررسی کنید پین درست باشد."},{"$i":"error-pair-toofast","$v":"جفت سازی با دستگاه ممکن نیست. درخواست های زیادی وجود دارد."},{"$i":"error-pair-fail","$v":["با تلفن شما جفت سازی نمی شود{{device name}}"]},{"$i":"error-pair-checkpin","$v":"می خواهید جفت سازی با این دستگاه را دوباره امتحان کنید؟"},{"$i":"error-connect-title","$v":"اتصال به دستگاه ها ممکن نيست"},{"$i":"error-connect-msg","$v":"بررسی کنید دستگاهی که می خواهید به آن وصل شوید هنور در محدوده باشد و Bluetooth آن هم روشن باشد."},{"$i":"unpair-title","$v":"لغو جفت سازی دستگاه متصل؟"},{"$i":"unpair-msg","$v":"در حال حاضر به این دستگاه وصل هستید. لغو جفت سازی موجب عدم اتصال هم می شود."},{"$i":"bluetooth","$v":"Bluetooth"},{"$i":"turn-bluetooth-on-title","$v":"روشن کردن Bluetooth"},{"$i":"bluetooth-status-description","$v":"Bluetooth غیرفعال است"},{"$i":"turn-bluetooth-on","$v":"Bluetooth غیرفعال است. Bluetooth روشن شود؟"},{"$i":"cancel","$v":"لغو کردن"},{"$i":"turn-on","$v":"روشن کردن"},{"$i":"error-transfer-title","$v":"فایل Bluetooth منتقل نشد"},{"$i":"error-transfer-settings","$v":"فایل Bluetooth منتقل نشد. بررسی کنید تنظیمات Bluetooth درست باشند."},{"$i":"ok","$v":"تأیید"},{"$i":"pair","$v":"جفت شدن"},{"$i":"active-pair","$v":"تأیید دستگاه ها برای جفت سازی"},{"$i":"active-pair-confirmation","$v":["برای جفت سازی با ",{"t":"idOrVar","v":"device"},"، دقت کنید هر دو دستگاه در حال حاضر پین زیر را نشان دهند:"]},{"$i":"active-pair-pincode","$v":["برای جفت سازی با ",{"t":"idOrVar","v":"device"},"، پین روی دستگاه را وارد کنید."]},{"$i":"active-pair-passkey","$v":["برای جفت سازی با ",{"t":"idOrVar","v":"device"},"، کلید عبور روی دستگاه را وارد کنید."]},{"$i":"passive-pair","$v":"درخواست جفت شدن Bluetooth"},{"$i":"passive-pair-confirmation","$v":"می خواهد با این نلفن جفت شود. برای پذیرش، دقت کنید هر دو دستگاه در حال حاضر پین زیر را نشان دهند:"},{"$i":"passive-pair-pincode","$v":["اگر دوست دارید با این تلفن جفت شوید. لطفاً کد پین را در ",{"t":"idOrVar","v":"device"}," که می خواهید با آن جفت شوید وارد کنید. برای ادامه، Pair را فشار دهید."]},{"$i":"passive-pair-enterpincode","$v":["اگر دوست دارید با این تلفن جفت شوید. لطفاً کد پین را در ",{"t":"idOrVar","v":"device"}," که می خواهید با آن جفت شوید وارد کنید. برای ادامه، Pair را فشار دهید."]},{"$i":"passive-pair-passkey","$v":["اگر دوست دارید با این تلفن جفت شوید. لطفاً این پین را در ",{"t":"idOrVar","v":"device"}," که می خواهید با آن جفت شوید وارد کرده و برای ادامه، Pair را فشار دهید."]},{"$i":"passive-pair-displaypasskey","$v":["اگر دوست دارید با این تلفن جفت شوید. لطفاً این پین را در ",{"t":"idOrVar","v":"device"}," که می خواهید با آن جفت شوید وارد کرده و برای ادامه، Pair را فشار دهید."]},{"$i":"passive-pair-consent","$v":"اگر دوست دارید با این تلفن جفت شوید. برای ادامه، Pair را فشار دهید."},{"$i":"pin-input-title","$v":"ورود کد پین"},{"$i":"pair-view-title","$v":"درخواست Bluetooth"},{"$i":"bluetooth-pairing-request-now-title","$v":"درخواست جفت شدن Bluetooth"},{"$i":"pairing-request-timeout-title","$v":"درخواست جفت شدن Bluetooth"},{"$i":"pairing-request-timeout-description","$v":"درخواست جفت سازی Bluetooth منقضی شد. سعی کنید دوباره جفت سازی را انجام دهید."},{"$i":"rescan","$v":"اسکن مجدد"},{"$i":"select-device","$v":"انتخاب دستگاه"},{"$i":"select","$v":"انتخاب"},{"$i":"paired-with-device","$v":["با ",{"t":"idOrVar","v":"deviceName"}," جفت شد."]},{"$i":"paired-failed","$v":["با ",{"t":"idOrVar","v":"deviceName"}," جفت نشد."]}]