[{"$i":"bluetooth-header","$v":[{"t":"idOrVar","v":"bluetooth"}]},{"$i":"bluetooth-enable-msg","$v":"Activez le Bluetooth pour voir les appareils dans la région."},{"$i":"bluetooth-paired-devices","$v":"Appareils jumelés"},{"$i":"bluetooth-devices-nearby","$v":"Appareils à proximité"},{"$i":"bt-nodevices-nearby","$v":"Aucun appareil trouvé à proximité."},{"$i":"bluetooth-visible-to-all","$v":"Visibles à tous"},{"$i":"bluetooth-name-maxlength-alert","$v":["Le nom de votre appareil excède ",{"t":"idOrVar","v":"length"}," caractères. Veuillez réessayer."]},{"$i":"bluetooth-address","$v":"Adresse du Bluetooth"},{"$i":"bluetooth-address-unavailable","$v":"Non disponible"},{"$i":"bt-status-nopaired","$v":"Aucun appareil n'est jumelé"},{"$i":"bt-status-turnoff","$v":"Désactivé"},{"$i":"bt-status-paired","$v":{"few":[{"t":"idOrVar","v":"name"},", +",{"t":"idOrVar","v":"n"}," plus"],"many":[{"t":"idOrVar","v":"name"},", +",{"t":"idOrVar","v":"n"}," plus"],"one":[{"t":"idOrVar","v":"name"},", +",{"t":"idOrVar","v":"n"}," plus"],"other":[{"t":"idOrVar","v":"name"},", +",{"t":"idOrVar","v":"n"}," plus"],"two":[{"t":"idOrVar","v":"name"},", +",{"t":"idOrVar","v":"n"}," plus"],"zero":[{"t":"idOrVar","v":"name"}]},"$x":[{"t":"idOrVar","v":"plural"},"n"]},{"$i":"device-status-tap-connect","$v":"Appuyez sur \"Sélectionner\" pour jumeler."},{"$i":"device-status-pairing","$v":"Jumelage avec l'appareil en cours..."},{"$i":"device-status-waiting","$v":"En attente pour un autre appareil..."},{"$i":"device-status-paired","$v":"Jumelé"},{"$i":"device-status-connecting","$v":"Connexion en cours..."},{"$i":"device-status-connected","$v":"Connecté"},{"$i":"device-status-connected-phone","$v":"Connecté au son du téléphone"},{"$i":"device-status-connected-media","$v":"Connecté au son du média"},{"$i":"device-status-connected-phone-media","$v":"Connecté au son du téléphone/média"},{"$i":"device-option-unpair","$v":"Dépareiller"},{"$i":"device-option-confirm","$v":"Confirmer"},{"$i":"device-option-unpair-confirmation","$v":"Confirmation"},{"$i":"device-option-unpair-device","$v":"Dépareiller l'appareil?"},{"$i":"device-option-connect","$v":"Se connecter"},{"$i":"device-option-disconnect","$v":"Déconnecter"},{"$i":"search-for-device","$v":"Recherche d'appareil en cours..."},{"$i":"search-device","$v":"Recherche d'appareils"},{"$i":"rename-device","$v":"Renommer mon appareil"},{"$i":"unnamed-device","$v":"Appareil inconnu"},{"$i":"change-phone-name","$v":"Modifier le nom du téléphone"},{"$i":"change-phone-name-desc","$v":"Modifiez le nom de votre appareil comme il apparait sur votre ordinateur"},{"$i":"bluetooth-new-name","$v":"Nouveau nom"},{"$i":"error-pair-title","$v":"Jumelage de l'appareil impossible"},{"$i":"error-pair-pincode","$v":"Imposible de jumeler avec l'appareil Vérifiez si le NIP est correct."},{"$i":"error-pair-toofast","$v":"Imposible de jumeler avec l'appareil Trop de requêtes"},{"$i":"error-pair-fail","$v":[{"t":"idOrVar","v":"deviceName"}," n'est pas jumelé à votre téléphone."]},{"$i":"error-pair-checkpin","$v":"Assurez-vous que le NIP est exact. Voulez-vous réessayer le jumelage avec cet appareil?"},{"$i":"error-connect-title","$v":"Imposible de connecter les appareils"},{"$i":"error-connect-msg","$v":"Assurez-vous que l'appareil que vous essayez de connecter est toujours à la portée et que le Bluetooth est activé."},{"$i":"unpair-title","$v":"Dépareiller un appareil connecté?"},{"$i":"unpair-msg","$v":"Vous êtes actuellement connecté à cet appareil. Il sera également déconnecté en dépareillant."},{"$i":"bluetooth","$v":"Bluetooth"},{"$i":"turn-bluetooth-on-title","$v":"Activer le Bluetooth"},{"$i":"bluetooth-status-description","$v":"Bluetooth est désactivé"},{"$i":"turn-bluetooth-on","$v":"Bluetooth est désactivé. Activer Bluetooth?"},{"$i":"cancel","$v":"Annuler"},{"$i":"turn-on","$v":"Activer"},{"$i":"error-transfer-title","$v":"Échec de transfert du fichier Bluetooth"},{"$i":"error-transfer-settings","$v":"Échec de transfert du fichier Bluetooth. Assurez-vous que les réglages du Bluetooth sont corrects."},{"$i":"ok","$v":"OK"},{"$i":"pair","$v":"Jumeler"},{"$i":"active-pair","$v":"Confirmez les appareils à jumeler"},{"$i":"active-pair-confirmation","$v":["Pour jumeler avec ",{"t":"idOrVar","v":"device"},", assurez-vous que les deux appareils affichent le NIP suivant :"]},{"$i":"active-pair-pincode","$v":["Pour jumeler avec ",{"t":"idOrVar","v":"device"},", saisissez le NIP sur l'appareil."]},{"$i":"active-pair-passkey","$v":["Pour jumeler avec ",{"t":"idOrVar","v":"device"},", saisissez le passe-partout sur l'appareil."]},{"$i":"passive-pair","$v":"Requête de jumelage du Bluetooth"},{"$i":"passive-pair-confirmation","$v":"voudrait jumeler avec ce téléphone. Pour accepter, assurez-vous que les deux appareils affichent le NIP suivant :"},{"$i":"passive-pair-pincode","$v":["aimerait se jumeler avec ce téléphone. Entrez le NIP sur l'appareil ",{"t":"idOrVar","v":"device"}," que vous voulez jumeler. Appuyez sur Jumeler pour continuer."]},{"$i":"passive-pair-enterpincode","$v":["aimerait se jumeler avec ce téléphone. Entrez le NIP sur l'appareil ",{"t":"idOrVar","v":"device"}," que vous voulez jumeler. Appuyez sur Jumeler pour continuer."]},{"$i":"passive-pair-passkey","$v":["aimerait se jumeler avec ce téléphone. Entrez ce NIP sur l'appareil ",{"t":"idOrVar","v":"device"}," que vous voulez jumeler, puis appuyez sur Jumeler pour continuer."]},{"$i":"passive-pair-displaypasskey","$v":["aimerait se jumeler avec ce téléphone. Entrez ce NIP sur l'appareil ",{"t":"idOrVar","v":"device"}," que vous voulez jumeler, puis appuyez sur Jumeler pour continuer."]},{"$i":"passive-pair-consent","$v":"aimerait se jumeler avec ce téléphone. Appuyez sur Jumeler pour continuer."},{"$i":"pin-input-title","$v":"Saisissez le NIP"},{"$i":"pair-view-title","$v":"Requête du Bluetooth"},{"$i":"bluetooth-pairing-request-now-title","$v":"Requête de jumelage du Bluetooth"},{"$i":"pairing-request-timeout-title","$v":"Requête de jumelage du Bluetooth"},{"$i":"pairing-request-timeout-description","$v":"La requête de jumelage du Bluetooth est expirée. Réessayez de jumeler."},{"$i":"rescan","$v":"Numériser de nouveau"},{"$i":"select-device","$v":"Sélectionner l'appareil"},{"$i":"select","$v":"Sélectionner"},{"$i":"paired-with-device","$v":["Jumelé avec ",{"t":"idOrVar","v":"deviceName"},"."]},{"$i":"paired-failed","$v":["Échec du jumelage avec ",{"t":"idOrVar","v":"deviceName"},"."]}]