[{"$i":"bluetooth-header","$v":[{"t":"idOrVar","v":"bluetooth"}]},{"$i":"bluetooth-enable-msg","$v":"Activez le Bluetooth pour afficher les dispositifs qui se trouvent à proximité."},{"$i":"bluetooth-paired-devices","$v":"Appareils appairés"},{"$i":"bluetooth-devices-nearby","$v":"Dispositifs à proximité"},{"$i":"bt-nodevices-nearby","$v":"Aucun appareil n'est détecté à proximité."},{"$i":"bluetooth-visible-to-all","$v":"Visible par tous"},{"$i":"bluetooth-name-maxlength-alert","$v":["Le nom de votre appareil excède ",{"t":"idOrVar","v":"length"}," caractères. Veuillez réessayer."]},{"$i":"bluetooth-address","$v":"Adresse Bluetooth"},{"$i":"bluetooth-address-unavailable","$v":"Non disponible"},{"$i":"bt-status-nopaired","$v":"Aucun dispositif appairé"},{"$i":"bt-status-turnoff","$v":"Éteint"},{"$i":"bt-status-paired","$v":{"few":[{"t":"idOrVar","v":"name"}," et ",{"t":"idOrVar","v":"n"}," autres"],"many":[{"t":"idOrVar","v":"name"}," et ",{"t":"idOrVar","v":"n"}," autres"],"one":[{"t":"idOrVar","v":"name"}," et un autre"],"other":[{"t":"idOrVar","v":"name"}," et ",{"t":"idOrVar","v":"n"}," autres"],"two":[{"t":"idOrVar","v":"name"}," et ",{"t":"idOrVar","v":"n"}," autres"],"zero":[{"t":"idOrVar","v":"name"}]},"$x":[{"t":"idOrVar","v":"plural"},"n"]},{"$i":"device-status-tap-connect","$v":"Appuyer pour établir la connexion"},{"$i":"device-status-pairing","$v":"Association avec l’appareil…"},{"$i":"device-status-waiting","$v":"En attente de l’autre appareil…"},{"$i":"device-status-paired","$v":"Associé"},{"$i":"device-status-connecting","$v":"Connexion…"},{"$i":"device-status-connected","$v":"Connecté"},{"$i":"device-status-connected-phone","$v":"Connecté aux paramètres audio de la tablette"},{"$i":"device-status-connected-media","$v":"Connecté à l’audio du média"},{"$i":"device-status-connected-phone-media","$v":"Connecté aux paramètres audio multimédia/du téléphone"},{"$i":"device-option-unpair","$v":"Séparer"},{"$i":"device-option-confirm","$v":"Confirmer"},{"$i":"device-option-unpair-confirmation","$v":"Confirmation"},{"$i":"device-option-unpair-device","$v":"Séparer l’appareil ?"},{"$i":"device-option-connect","$v":"Se connec."},{"$i":"device-option-disconnect","$v":"Déconnecter"},{"$i":"search-for-device","$v":"Recherche d’appareils…"},{"$i":"search-device","$v":"Rechercher des appareils"},{"$i":"rename-device","$v":"Renommer mon appareil"},{"$i":"unnamed-device","$v":"Appareil inconnu"},{"$i":"change-phone-name","$v":"Renommer le téléphone"},{"$i":"change-phone-name-desc","$v":"Renommer votre appareil tel comme indiqué sur votre ordinateur"},{"$i":"bluetooth-new-name","$v":"Nouveau nom"},{"$i":"error-pair-title","$v":"Appairage de l’appareil impossible"},{"$i":"error-pair-pincode","$v":"Impossible de s’associer avec l’appareil. Vérifiez que le code PIN est correct."},{"$i":"error-pair-toofast","$v":"Impossible de s’associer avec l’appareil. Demandes trop nombreuses."},{"$i":"error-pair-fail","$v":[{"t":"idOrVar","v":"devicename"}," ne s'appaire pas avec votre téléphone."]},{"$i":"error-pair-checkpin","$v":"Voulez-vous réessayer d’appairer avec cet appareil ?"},{"$i":"error-connect-title","$v":"Connexion des appareils impossible"},{"$i":"error-connect-msg","$v":"Vérifiez que l’appareil auquel vous tentez de vous connecter se trouve toujours dans le champ de détection et que le Bluetooth y est activé."},{"$i":"unpair-title","$v":"Séparer un appareil connecté ?"},{"$i":"unpair-msg","$v":"Vous êtes connecté à cet appareil. La séparation entraînera également la déconnexion à celui-ci."},{"$i":"bluetooth","$v":"Bluetooth"},{"$i":"turn-bluetooth-on-title","$v":"Activer le Bluetooth"},{"$i":"bluetooth-status-description","$v":"Le Bluetooth est désactivé"},{"$i":"turn-bluetooth-on","$v":"Le Bluetooth est désactivé. Voulez-vous l’activer ?"},{"$i":"cancel","$v":"Annuler"},{"$i":"turn-on","$v":"Activer"},{"$i":"error-transfer-title","$v":"Échec du transfert par Bluetooth"},{"$i":"error-transfer-settings","$v":"Échec du transfert du fichier par Bluetooth. Vérifiez que les paramètres Bluetooth sont corrects."},{"$i":"ok","$v":"OK"},{"$i":"pair","$v":"Appairer"},{"$i":"active-pair","$v":"Confirmer les appareils à appairer"},{"$i":"active-pair-confirmation","$v":["Pour appairer avec ",{"t":"idOrVar","v":"device"},", assurez-vous que les deux dispositifs affichent le code PIN suivant :"]},{"$i":"active-pair-pincode","$v":["Pour appairer avec ",{"t":"idOrVar","v":"device"},", saisissez le code PIN sur l’appareil."]},{"$i":"active-pair-passkey","$v":["Pour appairer avec ",{"t":"idOrVar","v":"device"},", saisissez la clé d’accès sur l’appareil."]},{"$i":"passive-pair","$v":"Demande d’appairage Bluetooth"},{"$i":"passive-pair-confirmation","$v":"cherche à s’appairer avec ce téléphone. Pour accepter, assurez-vous que les deux dispositifs affichent le code PIN suivant :"},{"$i":"passive-pair-pincode","$v":["voulez-vous appairer avec ce téléphone. Saisissez le code PIN sur ",{"t":"idOrVar","v":"device"}," avec lequel vous voulez établir l’appairage. Appuyez sur Appairer pour continuer."]},{"$i":"passive-pair-enterpincode","$v":["voulez-vous appairer avec ce téléphone. Saisissez le code PIN sur ",{"t":"idOrVar","v":"device"}," avec lequel vous voulez établir l’appairage. Appuyez sur Appairer pour continuer."]},{"$i":"passive-pair-passkey","$v":["voulez-vous appairer avec ce téléphone. Saisissez ce code PIN sur ",{"t":"idOrVar","v":"device"}," avec lequel vous voulez établir l’appairage et appuyez sur Appairer pour continuer."]},{"$i":"passive-pair-displaypasskey","$v":["voulez-vous appairer avec ce téléphone. Saisissez ce code PIN sur ",{"t":"idOrVar","v":"device"}," avec lequel vous voulez établir l’appairage et appuyez sur Appairer pour continuer."]},{"$i":"passive-pair-consent","$v":"voulez-vous appairer avec ce téléphone. Appuyez sur Appairer pour continuer."},{"$i":"pin-input-title","$v":"Saisir le code PIN"},{"$i":"pair-view-title","$v":"Demande Bluetooth"},{"$i":"bluetooth-pairing-request-now-title","$v":"Demande d’appairage Bluetooth"},{"$i":"pairing-request-timeout-title","$v":"Demande d’appairage Bluetooth"},{"$i":"pairing-request-timeout-description","$v":"La demande d'appairage Bluetooth a expiré. Veuillez réessayer."},{"$i":"rescan","$v":"Actualis."},{"$i":"select-device","$v":"Choisir l’appareil"},{"$i":"select","$v":"Sélectionner"},{"$i":"paired-with-device","$v":["Appairé avec ",{"t":"idOrVar","v":"deviceName"},"."]},{"$i":"paired-failed","$v":["Impossible d’appairer avec ",{"t":"idOrVar","v":"deviceName"},"."]}]