[{"$i":"bluetooth-header","$v":[{"t":"idOrVar","v":"bluetooth"}]},{"$i":"bluetooth-enable-msg","$v":"הפעל Bluetooth כדי להציג התקנים באזור."},{"$i":"bluetooth-paired-devices","$v":"התקנים מותאמים"},{"$i":"bluetooth-devices-nearby","$v":"מכשירים סמוכים"},{"$i":"bt-nodevices-nearby","$v":"לא נמצאו התקנים סמוכים."},{"$i":"bluetooth-visible-to-all","$v":"נראה לכול"},{"$i":"bluetooth-name-maxlength-alert","$v":["שם המכשיר שלך חורג מעל ",{"t":"idOrVar","v":"length"}," תווים. נא לנסות שוב."]},{"$i":"bluetooth-address","$v":"כתובת בלוטות'"},{"$i":"bluetooth-address-unavailable","$v":"בלתי זמין"},{"$i":"bt-status-nopaired","$v":"אין התקנים מותאמים"},{"$i":"bt-status-turnoff","$v":"כבוי"},{"$i":"bt-status-paired","$v":{"few":[{"t":"idOrVar","v":"name"},", +",{"t":"idOrVar","v":"n"}," עוד"],"many":[{"t":"idOrVar","v":"name"},", +",{"t":"idOrVar","v":"n"}," עוד"],"one":[{"t":"idOrVar","v":"name"},", +",{"t":"idOrVar","v":"n"}," עוד"],"other":[{"t":"idOrVar","v":"name"},", +",{"t":"idOrVar","v":"n"}," עוד"],"two":[{"t":"idOrVar","v":"name"},", +",{"t":"idOrVar","v":"n"}," עוד"],"zero":[{"t":"idOrVar","v":"name"}]},"$x":[{"t":"idOrVar","v":"plural"},"n"]},{"$i":"device-status-tap-connect","$v":"לחץ על 'בחירה' כדי להתאים"},{"$i":"device-status-pairing","$v":"מתאים עם התקן…"},{"$i":"device-status-waiting","$v":"ממתין למכשיר האחר…"},{"$i":"device-status-paired","$v":"הותאם"},{"$i":"device-status-connecting","$v":"מתחבר…"},{"$i":"device-status-connected","$v":"מחובר"},{"$i":"device-status-connected-phone","$v":"מחובר אל אודיו טלפון"},{"$i":"device-status-connected-media","$v":"מחובר אל אודיו מדיה"},{"$i":"device-status-connected-phone-media","$v":"מחובר אל אודיו טלפוןמדיה"},{"$i":"device-option-unpair","$v":"להתיר"},{"$i":"device-option-confirm","$v":"אשר"},{"$i":"device-option-unpair-confirmation","$v":"אישור"},{"$i":"device-option-unpair-device","$v":"לנתק את המכשיר?"},{"$i":"device-option-connect","$v":"התחבר"},{"$i":"device-option-disconnect","$v":"נתק"},{"$i":"search-for-device","$v":"מחפש למציאת מכשירים…"},{"$i":"search-device","$v":"חפש למציאת מכשירים"},{"$i":"rename-device","$v":"שנה את שם המכשיר שלי"},{"$i":"unnamed-device","$v":"התקן בלתי ידוע"},{"$i":"change-phone-name","$v":"החלף שם טלפון"},{"$i":"change-phone-name-desc","$v":"שנה את שם המכשיר לשלך כפי שהוא מופיע במחשב שלך"},{"$i":"bluetooth-new-name","$v":"שם חדש"},{"$i":"error-pair-title","$v":"לא ניתן להתאים התקנים"},{"$i":"error-pair-pincode","$v":"איני מסוגל להתאים עם ההתקן. בדוק שהקוד PIN נכון."},{"$i":"error-pair-toofast","$v":"איני מסוגל להתאים עם ההתקן. יותר מדי בקשות."},{"$i":"error-pair-fail","$v":[{"t":"idOrVar","v":"devicename"}," אינו מבצע התאמה עם הטלפון שלך."]},{"$i":"error-pair-checkpin","$v":"האם ברצונך לנסות להתאים שוב להתקן זה?"},{"$i":"error-connect-title","$v":"איני מסוגל לחבר התקנים"},{"$i":"error-connect-msg","$v":"ודא שההתקן שאליו אתה מנסה להתחבר נמצא עדיין בטווח ושבלוטות' מופעל."},{"$i":"unpair-title","$v":"לנתק מכשיר מחובר?"},{"$i":"unpair-msg","$v":"אתה מחובר כעת להתקן הזה. ביטול ההתאמה תנתק גם ממנו."},{"$i":"bluetooth","$v":"בלוטות'"},{"$i":"turn-bluetooth-on-title","$v":"הפעל בלוטות'"},{"$i":"bluetooth-status-description","$v":"Bluetooth מושבת"},{"$i":"turn-bluetooth-on","$v":"בלוטות' מושבת, האם ברצונך להפעיל את בלוטות'?"},{"$i":"cancel","$v":"ביטול"},{"$i":"turn-on","$v":"הפעל"},{"$i":"error-transfer-title","$v":"העברת קבצים דרך בלוטות' נכשלה"},{"$i":"error-transfer-settings","$v":"העברת קבצים דרך בלוטות' נכשלה. בדוק שהגדרות בלוטות' נכונות."},{"$i":"ok","$v":"OK"},{"$i":"pair","$v":"שייך"},{"$i":"active-pair","$v":"אשר מכשירים להתאמה"},{"$i":"active-pair-confirmation","$v":["כדי לבצע התאמה עם ",{"t":"idOrVar","v":"device"},", ודא שעל שניהם מוצג קוד ה-PIN הבא:"]},{"$i":"active-pair-pincode","$v":["כדי לבצע התאמה עם ",{"t":"idOrVar","v":"device"},", הזן את קוד ה-PIN במכשיר."]},{"$i":"active-pair-passkey","$v":["כדי לבצע התאמה עם ",{"t":"idOrVar","v":"device"},", הזן את קוד ההפעלה בהתקן."]},{"$i":"passive-pair","$v":"בקשת התאמת בלוטות'"},{"$i":"passive-pair-confirmation","$v":"רוצה להתאים עם הטלפון הזה. כדי להסכים עם , וודא שעל שניהם מוצג הקוד PIN הבא:"},{"$i":"passive-pair-pincode","$v":["מעוניין לבצע התאמה עם טלפון זה. הזן קוד PIN ב",{"t":"idOrVar","v":"device"}," שברצונך לבצע התאמה איתו. לחץ על 'התאמה' כדי להמשיך."]},{"$i":"passive-pair-enterpincode","$v":["מעוניין לבצע התאמה עם טלפון זה. הזן קוד PIN ב",{"t":"idOrVar","v":"device"}," שברצונך לבצע התאמה איתו. לחץ על 'התאמה' כדי להמשיך."]},{"$i":"passive-pair-passkey","$v":["מעוניין לבצע התאמה עם טלפון זה. הזן PIN זה ב",{"t":"idOrVar","v":"device"}," שברצונך לבצע התאמה איתו ולחץ על 'התאמה' כדי להמשיך."]},{"$i":"passive-pair-displaypasskey","$v":["מעוניין לבצע התאמה עם טלפון זה. הזן PIN זה ב",{"t":"idOrVar","v":"device"}," שברצונך לבצע התאמה איתו ולחץ על 'התאמה' כדי להמשיך."]},{"$i":"passive-pair-consent","$v":"מעוניין לבצע התאמה עם טלפון זה. לחץ על 'התאמה' כדי להמשיך."},{"$i":"pin-input-title","$v":"הזן קוד PIN"},{"$i":"pair-view-title","$v":"בקשת בלוטות'"},{"$i":"bluetooth-pairing-request-now-title","$v":"בקשת התאמת בלוטות'"},{"$i":"pairing-request-timeout-title","$v":"בקשת התאמת בלוטות'"},{"$i":"pairing-request-timeout-description","$v":"זמן בקשת התאמת בלוטות' פג. נסה להתאים שוב."},{"$i":"rescan","$v":"סרוק שוב"},{"$i":"select-device","$v":"בחר התקן"},{"$i":"select","$v":"בחירה"},{"$i":"paired-with-device","$v":["מותאם עם ",{"t":"idOrVar","v":"deviceName"},"."]},{"$i":"paired-failed","$v":["התאמה עם ",{"t":"idOrVar","v":"deviceName"}," נכשלה."]}]