[{"$i":"bluetooth-header","$v":[{"t":"idOrVar","v":"bluetooth"}]},{"$i":"bluetooth-enable-msg","$v":"Uključite Bluetooth za prikaz uređaja u području."},{"$i":"bluetooth-paired-devices","$v":"Upareni uređaji"},{"$i":"bluetooth-devices-nearby","$v":"Obližnji uređaji"},{"$i":"bt-nodevices-nearby","$v":"U blizini nije pronađen nijedan uređaj."},{"$i":"bluetooth-visible-to-all","$v":"Vidljivo svima"},{"$i":"bluetooth-name-maxlength-alert","$v":["Naziv vašeg uređaja dulji je od ",{"t":"idOrVar","v":"length"}," znakova. Pokušajte ponovno."]},{"$i":"bluetooth-address","$v":"Bluetooth adresa"},{"$i":"bluetooth-address-unavailable","$v":"(nije dostupno)"},{"$i":"bt-status-nopaired","$v":"Nema uparenih uređaja"},{"$i":"bt-status-turnoff","$v":"Isključeno"},{"$i":"bt-status-paired","$v":{"few":[{"t":"idOrVar","v":"name"},", +",{"t":"idOrVar","v":"n"}," više"],"many":[{"t":"idOrVar","v":"name"},", +",{"t":"idOrVar","v":"n"}," više"],"one":[{"t":"idOrVar","v":"name"},", +",{"t":"idOrVar","v":"n"}," više"],"other":[{"t":"idOrVar","v":"name"},", +",{"t":"idOrVar","v":"n"}," više"],"two":[{"t":"idOrVar","v":"name"},", +",{"t":"idOrVar","v":"n"}," više"],"zero":[{"t":"idOrVar","v":"name"}]},"$x":[{"t":"idOrVar","v":"plural"},"n"]},{"$i":"device-status-tap-connect","$v":"Pritisnite \"Odaberi\" za uparivanje"},{"$i":"device-status-pairing","$v":"Uparivanje s uređajem..."},{"$i":"device-status-waiting","$v":"Čekanje drugog uređaja…"},{"$i":"device-status-paired","$v":"Upareno"},{"$i":"device-status-connecting","$v":"Povezivanje…"},{"$i":"device-status-connected","$v":"Povezano"},{"$i":"device-status-connected-phone","$v":"Povezano sa zvukom telefona"},{"$i":"device-status-connected-media","$v":"Povezano sa zvukom medija"},{"$i":"device-status-connected-phone-media","$v":"Povezano sa zvukom telefona/medija"},{"$i":"device-option-unpair","$v":"Odvojiti"},{"$i":"device-option-confirm","$v":"Potvrdi"},{"$i":"device-option-unpair-confirmation","$v":"Potvrda"},{"$i":"device-option-unpair-device","$v":"Poništiti uparivanje uređaja?"},{"$i":"device-option-connect","$v":"Spoji"},{"$i":"device-option-disconnect","$v":"Prekini vezu"},{"$i":"search-for-device","$v":"Traženje uređaja..."},{"$i":"search-device","$v":"Traži uređaje"},{"$i":"rename-device","$v":"Promijeni naziv uređaju"},{"$i":"unnamed-device","$v":"Nepoznati uređaj"},{"$i":"change-phone-name","$v":"Projena naziva telefona"},{"$i":"change-phone-name-desc","$v":"Promijenite naziv uređaja koji se prikazuje na računalu"},{"$i":"bluetooth-new-name","$v":"Novi naziv"},{"$i":"error-pair-title","$v":"Uparivanje uređaja nije moguće"},{"$i":"error-pair-pincode","$v":"Uparivanje s uređajem nije moguće. Provjerite je li PIN točan."},{"$i":"error-pair-toofast","$v":"Uparivanje s uređajem nije moguće. Previše zahtjeva."},{"$i":"error-pair-fail","$v":[{"t":"idOrVar","v":"devicename"}," ne uparuje se s vašim telefonom."]},{"$i":"error-pair-checkpin","$v":"Želite li ponovno pokušati upariti taj uređaj?"},{"$i":"error-connect-title","$v":"Povezivanje uređaja nije moguće"},{"$i":"error-connect-msg","$v":"Provjerite je li uređaj s kojim se pokušavate povezati i dalje u dosegu i je li mu uključen Bluetooth."},{"$i":"unpair-title","$v":"Raspariti povezani uređaj?"},{"$i":"unpair-msg","$v":"Trenutačno ste povezani s ovim uređajem. Poništavanjem uparivanja ujedno ćete i prekinuti vezu s njim."},{"$i":"bluetooth","$v":"Bluetooth"},{"$i":"turn-bluetooth-on-title","$v":"Uključi Bluetooth"},{"$i":"bluetooth-status-description","$v":"Bluetooth je onemogućen"},{"$i":"turn-bluetooth-on","$v":"Bluetooth je isključen. Želite li uključiti Bluetooth?"},{"$i":"cancel","$v":"Poništi"},{"$i":"turn-on","$v":"Uključi"},{"$i":"error-transfer-title","$v":"Bluetooth prijenos datoteke nije uspio"},{"$i":"error-transfer-settings","$v":"Bluetooth prijenos datoteke nije uspio. Provjerite jesu li postavke Bluetootha točne."},{"$i":"ok","$v":"U redu"},{"$i":"pair","$v":"Upari"},{"$i":"active-pair","$v":"Potv. ur. za uparivanje"},{"$i":"active-pair-confirmation","$v":["Za uparivanje s ",{"t":"idOrVar","v":"device"}," provjerite prikazuje li se na oba uređaja sljedeći PIN:"]},{"$i":"active-pair-pincode","$v":["Za uparivanje s ",{"t":"idOrVar","v":"device"}," unesite PIN na uređaju."]},{"$i":"active-pair-passkey","$v":["Za uparivanje s uređajem ",{"t":"idOrVar","v":"device"}," unesite zaporku na uređaju."]},{"$i":"passive-pair","$v":"Zahtjev za Bluetooth uparivanje"},{"$i":"passive-pair-confirmation","$v":"se želi upariti s ovim telefonom. Za uparivanje, provjerite prikazuje li se na oba uređaja sljedeći PIN:"},{"$i":"passive-pair-pincode","$v":["želi se upariti s ovim telefonom. Unesite ovaj PIN kod na uređaj ",{"t":"idOrVar","v":"device"}," koji želite upariti. Pritisnite Upari za nastavak."]},{"$i":"passive-pair-enterpincode","$v":["želi se upariti s ovim telefonom. Unesite ovaj PIN kod na uređaj ",{"t":"idOrVar","v":"device"}," koji želite upariti. Pritisnite Upari za nastavak."]},{"$i":"passive-pair-passkey","$v":["želi se upariti s ovim telefonom. Unesite ovaj PIN na uređaj ",{"t":"idOrVar","v":"device"}," koji želite upariti i pritisnite Upari za nastavak."]},{"$i":"passive-pair-displaypasskey","$v":["Želi se upariti s ovim telefonom. Unesite ovaj PIN na uređaj ",{"t":"idOrVar","v":"device"}," koji želite upariti i pritisnite Upari za nastavak."]},{"$i":"passive-pair-consent","$v":"želi se upariti s ovim telefonom. Pritisnite Upari za nastavak."},{"$i":"pin-input-title","$v":"Unesite PIN kod"},{"$i":"pair-view-title","$v":"Zahtjev za Bluetooth"},{"$i":"bluetooth-pairing-request-now-title","$v":"Zahtjev za Bluetooth uparivanje"},{"$i":"pairing-request-timeout-title","$v":"Zahtjev za Bluetooth uparivanje"},{"$i":"pairing-request-timeout-description","$v":"Zahtjev za Bluetooth uparivanje je istekao. Ponovno pokušajte s uparivanjem."},{"$i":"rescan","$v":"Pon.sken."},{"$i":"select-device","$v":"Odabir uređaja"},{"$i":"select","$v":"Odaberi"},{"$i":"paired-with-device","$v":["Upar. s ur. ",{"t":"idOrVar","v":"deviceName"},"."]},{"$i":"paired-failed","$v":["Upar. s ur. ",{"t":"idOrVar","v":"deviceName"}," nije uspjelo."]}]