[{"$i":"bluetooth-header","$v":[{"t":"idOrVar","v":"bluetooth"}]},{"$i":"bluetooth-enable-msg","$v":"Միացնել Bluetooth-ը՝ մոտակայքի սարքը դիտելու համար:"},{"$i":"bluetooth-paired-devices","$v":"Զուգտակված սարքեր"},{"$i":"bluetooth-devices-nearby","$v":"Մոտակա սարքեր"},{"$i":"bt-nodevices-nearby","$v":"Մոտակայքում սարքեր չկան:"},{"$i":"bluetooth-visible-to-all","$v":"Տեսանելի բոլորին"},{"$i":"bluetooth-name-maxlength-alert","$v":["Ձեր սարքի անունը գերազանցում է ",{"t":"idOrVar","v":"length"}," նիշը: Կրկին փորձեք:"]},{"$i":"bluetooth-address","$v":"Bluetooth-ի հասցե"},{"$i":"bluetooth-address-unavailable","$v":"Հասանելի չէ"},{"$i":"bt-status-nopaired","$v":"Ոչ մի սարք չի զույգ"},{"$i":"bt-status-turnoff","$v":"Անջատված է"},{"$i":"bt-status-paired","$v":{"few":[{"t":"idOrVar","v":"name"},", +",{"t":"idOrVar","v":"n"}," ավելի"],"many":[{"t":"idOrVar","v":"name"},", +",{"t":"idOrVar","v":"n"}," ավելի"],"one":[{"t":"idOrVar","v":"name"},", +",{"t":"idOrVar","v":"n"}," ավելի"],"other":[{"t":"idOrVar","v":"name"},", +",{"t":"idOrVar","v":"n"}," ավելի"],"two":[{"t":"idOrVar","v":"name"},", +",{"t":"idOrVar","v":"n"}," ավելի"],"zero":[{"t":"idOrVar","v":"name"}]},"$x":[{"t":"idOrVar","v":"plural"},"n"]},{"$i":"device-status-tap-connect","$v":"Սեղմեք \\«Ընտրել\\» զուգտակելու համար"},{"$i":"device-status-pairing","$v":"Զուգտակում սարքի հետ…"},{"$i":"device-status-waiting","$v":"Սպասվում է այլ սարքին…"},{"$i":"device-status-paired","$v":"Զուգտակված"},{"$i":"device-status-connecting","$v":"Միանում է..."},{"$i":"device-status-connected","$v":"Միացված է"},{"$i":"device-status-connected-phone","$v":"Միացված է հեռախոսի ձայնին"},{"$i":"device-status-connected-media","$v":"Միացված է մեդիա ձայնին"},{"$i":"device-status-connected-phone-media","$v":"Միացված է հեռախոսի/մեդիայի ձայնին"},{"$i":"device-option-unpair","$v":"Անհասկանալի է"},{"$i":"device-option-confirm","$v":"Հաստատել"},{"$i":"device-option-unpair-confirmation","$v":"Հաստատում"},{"$i":"device-option-unpair-device","$v":"Անջատեք սարքը:"},{"$i":"device-option-connect","$v":"Միանալ"},{"$i":"device-option-disconnect","$v":"Անջատել"},{"$i":"search-for-device","$v":"Որոնել սարքեր..."},{"$i":"search-device","$v":"Որոնել սարքեր"},{"$i":"rename-device","$v":"Վերանվանել իմ սարքը"},{"$i":"unnamed-device","$v":"Անհայտ սարք"},{"$i":"change-phone-name","$v":"Փոխել հեռախոսի անունը"},{"$i":"change-phone-name-desc","$v":"Փոխել ձեր սարքի անունը ըստ համակարգչի անվան"},{"$i":"bluetooth-new-name","$v":"Նոր անուն"},{"$i":"error-pair-title","$v":"Հնարավոր չէ զուգտակել սարքը"},{"$i":"error-pair-pincode","$v":"Հնարավոր չէ զուգտակել սարքի հետ: Ստուգեք, որ PIN-ը ճիշտ է:"},{"$i":"error-pair-toofast","$v":"Հնարավոր չէ զուգտակել սարքի հետ: Չափազանց շատ հայցեր:"},{"$i":"error-pair-fail","$v":[{"t":"idOrVar","v":"devicename"},"-ը չի զուգտակվում ձեր հեռախոսին:"]},{"$i":"error-pair-checkpin","$v":"Կրկին փորձե՞լ զուգտակել այս սարքի հետ:"},{"$i":"error-connect-title","$v":"Հնարավոր չէ միացնել սարքերը"},{"$i":"error-connect-msg","$v":"Ստուգել՝ արդյոք սարքը, որին փորձում եք միանալ դեռ ընդգրկույթում է և Bluetooth-ը միացված է:"},{"$i":"unpair-title","$v":"Ապազգտկե՞լ միաց սրքը:"},{"$i":"unpair-msg","$v":"Այս պահին դուք միացված եք այս սարքին: Ապազուգտակումը նաև կանջատի դրանից:"},{"$i":"bluetooth","$v":"Bluetooth"},{"$i":"turn-bluetooth-on-title","$v":"Միացնել Bluetooth-ը"},{"$i":"bluetooth-status-description","$v":"Bluetooth- ը անջատված է"},{"$i":"turn-bluetooth-on","$v":"Bluetooth-ն անջտվծ է, միացնե՞լ Bluetooth-ը:"},{"$i":"cancel","$v":"Չեղարկել"},{"$i":"turn-on","$v":"Միացնել"},{"$i":"error-transfer-title","$v":"Bluetooth ֆայլի փոխանցումը ձախողվեց"},{"$i":"error-transfer-settings","$v":"Bluetooth ֆայլի փոխանցումը ձախողվեց: Ստուգեք Bluetooth պարամետրերի ճշգրտությունը:"},{"$i":"ok","$v":"Լավ"},{"$i":"pair","$v":"Զուգտակել"},{"$i":"active-pair","$v":"Հստտլ սրքրը զգտկմն հմր"},{"$i":"active-pair-confirmation","$v":[{"t":"idOrVar","v":"device"},"-ի հետ զուգտակելու համար համոզվեք, որ երկու սարքերն էլ ներկայումս ցուցադրում են հետևյալ PIN-երը՝"]},{"$i":"active-pair-pincode","$v":[{"t":"idOrVar","v":"device"},"-ի հետ զուգտակելու համար մուտքագրեք PIN-ը սարքում:"]},{"$i":"active-pair-passkey","$v":[{"t":"idOrVar","v":"device"},"-ի հետ զուգտակելու համար մուտքագրեք անցակոդը:"]},{"$i":"passive-pair","$v":"Bluetooth զուգտակման հայց"},{"$i":"passive-pair-confirmation","$v":"ցանկանում է զուգտակվել այս հեռախոսի հետ: Ընդունելու համար համոզվեք, որ երկու սարքերն էլ ներկայումս ցուցադրում են հետևյալ PIN-երը՝"},{"$i":"passive-pair-pincode","$v":["ուզում է զուգակցել այս հեռախոսին։ Մուտքագրեք PIN կոդը ",{"t":"idOrVar","v":"device"}," սարքի վրա, որին ուզում եք զուգակցել։ Սեղմեք «Զուգակցել» շարունակելու համար։"]},{"$i":"passive-pair-enterpincode","$v":["ուզում է զուգակցել այս հեռախոսին։ Մուտքագրեք PIN կոդը ",{"t":"idOrVar","v":"device"}," սարքի վրա, որին ուզում եք զուգակցել։ Սեղմեք «Զուգակցել» շարունակելու համար։"]},{"$i":"passive-pair-passkey","$v":["ուզում է զուգակցել այս հեռախոսին։ Մուտքագրեք այս PIN-ը ",{"t":"idOrVar","v":"device"}," սարքի վրա, որին ուզում եք զուգակցել և սեղմեք «Զուգակցել» շարունակելու համար։"]},{"$i":"passive-pair-displaypasskey","$v":["ուզում է զուգակցել այս հեռախոսին։ Մուտքագրեք այս PIN-ը ",{"t":"idOrVar","v":"device"}," սարքի վրա, որին ուզում եք զուգակցել և սեղմեք «Զուգակցել» շարունակելու համար։"]},{"$i":"passive-pair-consent","$v":"ուզում է զուգակցել այս հեռախոսին։ Սեղմեք «Զուգակցել» շարունակելու համար։"},{"$i":"pin-input-title","$v":"Մուտքագրեք PIN կոդը"},{"$i":"pair-view-title","$v":"Bluetooth հարցում"},{"$i":"bluetooth-pairing-request-now-title","$v":"Bluetooth զուգտակման հայց"},{"$i":"pairing-request-timeout-title","$v":"Bluetooth զուգտակման հայց"},{"$i":"pairing-request-timeout-description","$v":"Bluetooth զուգտակման հայցը սպառվեց: Խնդրում ենք կրկին փորձել:"},{"$i":"rescan","$v":"Վերասկանավորել"},{"$i":"select-device","$v":"Ընտրել սարք"},{"$i":"select","$v":"Ընտրել"},{"$i":"paired-with-device","$v":["Զուգտակված է ",{"t":"idOrVar","v":"deviceName"},"-ի հետ։"]},{"$i":"paired-failed","$v":["Չհաջողվեց զուգտակվել ",{"t":"idOrVar","v":"deviceName"},"-ի հետ։"]}]