[{"$i":"bluetooth-header","$v":[{"t":"idOrVar","v":"bluetooth"}]},{"$i":"bluetooth-enable-msg","$v":"Aktifkan Bluetooth untuk melihat perangkat di sekitar."},{"$i":"bluetooth-paired-devices","$v":"Perangkat yang disandingkan"},{"$i":"bluetooth-devices-nearby","$v":"Perangkat Terdekat"},{"$i":"bt-nodevices-nearby","$v":"Tidak ada perangkat terdekat terlihat."},{"$i":"bluetooth-visible-to-all","$v":"Terlihat oleh semua"},{"$i":"bluetooth-name-maxlength-alert","$v":["Nama perangkat Anda melebihi ",{"t":"idOrVar","v":"length"}," karakter. Silakan coba lagi."]},{"$i":"bluetooth-address","$v":"Alamat Bluetooth"},{"$i":"bluetooth-address-unavailable","$v":"Tidak tersedia"},{"$i":"bt-status-nopaired","$v":"Tidak ada perangkat yang disandingkan"},{"$i":"bt-status-turnoff","$v":"Dimatikan"},{"$i":"bt-status-paired","$v":{"few":[{"t":"idOrVar","v":"name"},", +",{"t":"idOrVar","v":"n"}," lebih"],"many":[{"t":"idOrVar","v":"name"},", +",{"t":"idOrVar","v":"n"}," lebih"],"one":[{"t":"idOrVar","v":"name"},", +",{"t":"idOrVar","v":"n"}," lebih"],"other":[{"t":"idOrVar","v":"name"},", +",{"t":"idOrVar","v":"n"}," lebih"],"two":[{"t":"idOrVar","v":"name"},", +",{"t":"idOrVar","v":"n"}," lebih"],"zero":[{"t":"idOrVar","v":"name"}]},"$x":[{"t":"idOrVar","v":"plural"},"n"]},{"$i":"device-status-tap-connect","$v":"Tekan \"Pilih\" untuk menyanding"},{"$i":"device-status-pairing","$v":"Menyandingkan dengan perangkat…"},{"$i":"device-status-waiting","$v":"Menunggu perangkat lainnya…"},{"$i":"device-status-paired","$v":"Disandingkan"},{"$i":"device-status-connecting","$v":"Menyambungkan…"},{"$i":"device-status-connected","$v":"Tersambung"},{"$i":"device-status-connected-phone","$v":"Tersambung ke audio ponsel"},{"$i":"device-status-connected-media","$v":"Tersambung ke audio media"},{"$i":"device-status-connected-phone-media","$v":"Tersambung ke audio media/ponsel"},{"$i":"device-option-unpair","$v":"Lepas sandingan"},{"$i":"device-option-confirm","$v":"Konfirmasi"},{"$i":"device-option-unpair-confirmation","$v":"Konfirmasi"},{"$i":"device-option-unpair-device","$v":"Lepas sandingan perangkat?"},{"$i":"device-option-connect","$v":"Sambungkan"},{"$i":"device-option-disconnect","$v":"Putus sambungan"},{"$i":"search-for-device","$v":"Mencari perangkat…"},{"$i":"search-device","$v":"Cari perangkat"},{"$i":"rename-device","$v":"Ganti nama perangkat saya"},{"$i":"unnamed-device","$v":"Perangkat tidak diketahui"},{"$i":"change-phone-name","$v":"Ubah nama ponsel"},{"$i":"change-phone-name-desc","$v":"Ubah nama perangkat yang muncul di komputer Anda"},{"$i":"bluetooth-new-name","$v":"Nama baru"},{"$i":"error-pair-title","$v":"Tidak Dapat Menyandingkan Perangkat"},{"$i":"error-pair-pincode","$v":"Tidak dapat menyandingkan perangkat. Periksa bahwa PIN sudah benar."},{"$i":"error-pair-toofast","$v":"Tidak dapat menyandingkan perangkat. Terlalu banyak permintaan."},{"$i":"error-pair-fail","$v":[{"t":"idOrVar","v":"devicename"}," tidak bersanding dengan ponsel Anda."]},{"$i":"error-pair-checkpin","$v":"Apakah Anda ingin mencoba menyandingkan dengan perangkat ini lagi?"},{"$i":"error-connect-title","$v":"Tidak dapat menyambung ke perangkat"},{"$i":"error-connect-msg","$v":"Periksa bahwa perangkat yang Anda coba sambungkan berada pada jangkauan dan telah menyalakan Bluetooth."},{"$i":"unpair-title","$v":"Lepas sandingan perangkat tersambung?"},{"$i":"unpair-msg","$v":"Anda sedang tersambung dengan perangkat ini. Melepas sandingan juga akan memutus sambungan dengan ini."},{"$i":"bluetooth","$v":"Bluetooth"},{"$i":"turn-bluetooth-on-title","$v":"Nyalakan Bluetooth"},{"$i":"bluetooth-status-description","$v":"Bluetooth dinonaktifkan"},{"$i":"turn-bluetooth-on","$v":"Bluetooth dinonaktifkan. Aktifkan Bluetooth?"},{"$i":"cancel","$v":"Batal"},{"$i":"turn-on","$v":"Nyalakan"},{"$i":"error-transfer-title","$v":"Pemindahan file Bluetooth gagal"},{"$i":"error-transfer-settings","$v":"Pemindahan file Bluetooth gagal. Periksa apakah pengaturan Bluetooth benar."},{"$i":"ok","$v":"OK"},{"$i":"pair","$v":"Sandingkan"},{"$i":"active-pair","$v":"Konfirmasi perangkat sandingan"},{"$i":"active-pair-confirmation","$v":["Untuk menyandingkan dengan ",{"t":"idOrVar","v":"device"},", pastikan kedua alat sedang menampilkan PIN berikut:"]},{"$i":"active-pair-pincode","$v":["Untuk menyandingkan dengan ",{"t":"idOrVar","v":"device"},", masukkan PIN pada alat."]},{"$i":"active-pair-passkey","$v":["Untuk menyandingkan dengan ",{"t":"idOrVar","v":"device"},", masukkan katak kunci pada alat."]},{"$i":"passive-pair","$v":"Permintaan menyandingkan Bluetooth"},{"$i":"passive-pair-confirmation","$v":"ingin dipasangkan dengan telepon ini. Untuk menerima, pastikan kedua perangkat menampilkan PIN berikut."},{"$i":"passive-pair-pincode","$v":["ingin menyandingkan dengan ponsel ini. Masukkan kode PIN di ",{"t":"idOrVar","v":"device"}," yang ingin Anda sandingkan. Tekan Sandingkan untuk memproses."]},{"$i":"passive-pair-enterpincode","$v":["ingin menyandingkan dengan ponsel ini. Masukkan kode PIN di ",{"t":"idOrVar","v":"device"}," yang ingin Anda sandingkan. Tekan Sandingkan untuk memproses."]},{"$i":"passive-pair-passkey","$v":["ingin menyandingkan dengan ponsel ini. Masukkan PIN ini di ",{"t":"idOrVar","v":"device"}," yang ingin Anda sandingkan dan tekan Sandingkan untuk memproses."]},{"$i":"passive-pair-displaypasskey","$v":["ingin menyandingkan dengan ponsel ini. Masukkan PIN ini di ",{"t":"idOrVar","v":"device"}," yang ingin Anda sandingkan dan tekan Sandingkan untuk memproses."]},{"$i":"passive-pair-consent","$v":"ingin menyandingkan dengan ponsel ini. Tekan Sandingkan untuk memproses."},{"$i":"pin-input-title","$v":"Masukkan kode PIN"},{"$i":"pair-view-title","$v":"Permintaan Bluetooth"},{"$i":"bluetooth-pairing-request-now-title","$v":"Permintaan menyandingkan Bluetooth"},{"$i":"pairing-request-timeout-title","$v":"Permintaan Menyandingkan Bluetooth"},{"$i":"pairing-request-timeout-description","$v":"Permintaan penyandingan Bluetooth kedaluwarsa. Coba sandingkan kembali."},{"$i":"rescan","$v":"Pindai ulang"},{"$i":"select-device","$v":"Pilih Perangkat"},{"$i":"select","$v":"Pilih"},{"$i":"paired-with-device","$v":["Dipasangkan dengan ",{"t":"idOrVar","v":"deviceName"},"."]},{"$i":"paired-failed","$v":["Gagal untuk memasangkan dengan ",{"t":"idOrVar","v":"deviceName"},"."]}]