[{"$i":"bluetooth-header","$v":[{"t":"idOrVar","v":"bluetooth"}]},{"$i":"bluetooth-enable-msg","$v":"Kveiktu á Bluetooth til að sjá tæki á svæðinu."},{"$i":"bluetooth-paired-devices","$v":"Pöruð tæki"},{"$i":"bluetooth-devices-nearby","$v":"Nálæg tæki"},{"$i":"bt-nodevices-nearby","$v":"Engin nálæg tæki fundust."},{"$i":"bluetooth-visible-to-all","$v":"Sýnilegt öllum"},{"$i":"bluetooth-name-maxlength-alert","$v":["Heiti tækisins er lengra en ",{"t":"idOrVar","v":"length"}," stafir. Reyndu aftur."]},{"$i":"bluetooth-address","$v":"Bluetooth-vistf."},{"$i":"bluetooth-address-unavailable","$v":"Ekki tiltækt"},{"$i":"bt-status-nopaired","$v":"Engin tæki pöruð"},{"$i":"bt-status-turnoff","$v":"Slökkt"},{"$i":"bt-status-paired","$v":{"few":[{"t":"idOrVar","v":"name"},", +",{"t":"idOrVar","v":"n"}," í viðbót"],"many":[{"t":"idOrVar","v":"name"},", +",{"t":"idOrVar","v":"n"}," í viðbót"],"one":[{"t":"idOrVar","v":"name"},", +",{"t":"idOrVar","v":"n"}," í viðbót"],"other":[{"t":"idOrVar","v":"name"},", +",{"t":"idOrVar","v":"n"}," í viðbót"],"two":[{"t":"idOrVar","v":"name"},", +",{"t":"idOrVar","v":"n"}," í viðbót"],"zero":[{"t":"idOrVar","v":"name"}]},"$x":[{"t":"idOrVar","v":"plural"},"n"]},{"$i":"device-status-tap-connect","$v":"Ýta á \\“velja\" til að para"},{"$i":"device-status-pairing","$v":"Parar við tæki ..."},{"$i":"device-status-waiting","$v":"Bíður eftir hinu tækinu ..."},{"$i":"device-status-paired","$v":"Parað"},{"$i":"device-status-connecting","$v":"Tengist …"},{"$i":"device-status-connected","$v":"Tengt"},{"$i":"device-status-connected-phone","$v":"Tengt við hljóð í síma"},{"$i":"device-status-connected-media","$v":"Tengt við hljóðefni"},{"$i":"device-status-connected-phone-media","$v":"Tengt við hljóð í síma/hljóðefni"},{"$i":"device-option-unpair","$v":"Unpair"},{"$i":"device-option-confirm","$v":"Staðf."},{"$i":"device-option-unpair-confirmation","$v":"Staðfesting"},{"$i":"device-option-unpair-device","$v":"Aftengja tæki?"},{"$i":"device-option-connect","$v":"Tengjast"},{"$i":"device-option-disconnect","$v":"Aftengja"},{"$i":"search-for-device","$v":"Leitar að tækjum ..."},{"$i":"search-device","$v":"Leita að tækjum"},{"$i":"rename-device","$v":"Endurnefna tækið"},{"$i":"unnamed-device","$v":"Óþekkt tæki"},{"$i":"change-phone-name","$v":"Breyta heiti síma"},{"$i":"change-phone-name-desc","$v":"Breyttu heiti tækisins eins og það birtist í tölvunni þinni"},{"$i":"bluetooth-new-name","$v":"Nýtt nafn"},{"$i":"error-pair-title","$v":"Ekki hægt að para tæki"},{"$i":"error-pair-pincode","$v":"Ekki er hægt að para við tæki. Kannaðu hvort PIN-nr. sé rétt."},{"$i":"error-pair-toofast","$v":"Ekki er hægt að para við tæki. Of margar beiðnir."},{"$i":"error-pair-fail","$v":[{"t":"idOrVar","v":"devicename"}," parast ekki við símann."]},{"$i":"error-pair-checkpin","$v":"Viltu reyna pörun við þetta tæki aftur?"},{"$i":"error-connect-title","$v":"Ekki er hægt að tengja tækin"},{"$i":"error-connect-msg","$v":"Kannaðu hvort tækið sem þú ert að reyna að tengjast er enn innan sviðs og með kveikt á Bluetooth."},{"$i":"unpair-title","$v":"Afpara tengt tæki?"},{"$i":"unpair-msg","$v":"Þú ert nú tengd(ur) við tækið. Ef tækið er afparað taparðu tengingunni við það."},{"$i":"bluetooth","$v":"Bluetooth"},{"$i":"turn-bluetooth-on-title","$v":"Kveikja á Bluetooth"},{"$i":"bluetooth-status-description","$v":"Bluetooth er óvirk"},{"$i":"turn-bluetooth-on","$v":"Slökkt er á Bluetooth, viltu kveikja á Bluetooth?"},{"$i":"cancel","$v":"Hætta við"},{"$i":"turn-on","$v":"Kveikja"},{"$i":"error-transfer-title","$v":"Bluetooth-skráaflutningur mist."},{"$i":"error-transfer-settings","$v":"Bluetooth-skráaflutningur mist. Ath. hvort Bluetooth-still. eru réttar."},{"$i":"ok","$v":"Í lagi"},{"$i":"pair","$v":"Para"},{"$i":"active-pair","$v":"Staðfesta tæki til að para"},{"$i":"active-pair-confirmation","$v":["Til að para við ",{"t":"idOrVar","v":"device"}," skaltu ganga úr skugga um að eftirfarandi PIN-númer birtist í báðum tækjum:"]},{"$i":"active-pair-pincode","$v":["Til að para við ",{"t":"idOrVar","v":"device"}," skaltu slá inn PIN-númer í tækinu."]},{"$i":"active-pair-passkey","$v":["Til að para við ",{"t":"idOrVar","v":"device"}," skaltu slá inn lykilorðið í tækinu."]},{"$i":"passive-pair","$v":"Bluetooth-pörunarbeiðni"},{"$i":"passive-pair-confirmation","$v":"vill para sig við þennan síma. Til að samþykkja skaltu ganga úr skugga um að eftirfarandi PIN-nr. birtist í báðum tækjum:"},{"$i":"passive-pair-pincode","$v":["vill parast við þennan síma. Sláðu PIN-númer inn í ",{"t":"idOrVar","v":"device"}," sem þú vilt parast við. ýttu á „Para“ til að halda áfram."]},{"$i":"passive-pair-enterpincode","$v":["vill parast við þennan síma. Sláðu PIN-númer inn í ",{"t":"idOrVar","v":"device"}," sem þú vilt parast við. ýttu á „Para“ til að halda áfram."]},{"$i":"passive-pair-passkey","$v":["vill parast við þennan síma. Sláðu þetta PIN-númer inn í ",{"t":"idOrVar","v":"device"}," sem þú vilt parast við og ýttu á „Para“ til að halda áfram."]},{"$i":"passive-pair-displaypasskey","$v":["vill parast við þennan síma. Sláðu þetta PIN-númer inn í ",{"t":"idOrVar","v":"device"}," sem þú vilt parast við og ýttu á „Para“ til að halda áfram."]},{"$i":"passive-pair-consent","$v":"vill parast við þennan síma. Ýttu á „Para“ til að halda áfram."},{"$i":"pin-input-title","$v":"Sláðu inn PIN-kóða"},{"$i":"pair-view-title","$v":"Bluetooth-beiðni"},{"$i":"bluetooth-pairing-request-now-title","$v":"Bluetooth-pörunarbeiðni"},{"$i":"pairing-request-timeout-title","$v":"Bluetooth-pörunarbeiðni"},{"$i":"pairing-request-timeout-description","$v":"Bluetooth-pörunarbeiðni útr. Reyndu að para aftur."},{"$i":"rescan","$v":"Leita aftur"},{"$i":"select-device","$v":"Velja tæki"},{"$i":"select","$v":"Velja"},{"$i":"paired-with-device","$v":["Parað við ",{"t":"idOrVar","v":"deviceName"},"."]},{"$i":"paired-failed","$v":["Mistókst að para við ",{"t":"idOrVar","v":"deviceName"},"."]}]