[{"$i":"bluetooth-header","$v":[{"t":"idOrVar","v":"bluetooth"}]},{"$i":"bluetooth-enable-msg","$v":"ჩართეთ Bluetooth ტერიტორიაზე არსებული მოწყობილობების სანახავად."},{"$i":"bluetooth-paired-devices","$v":"დაწყვილებული მოწყობ."},{"$i":"bluetooth-devices-nearby","$v":"ახლომახლო მოწყობილობები"},{"$i":"bt-nodevices-nearby","$v":"ახლომახლო მოწყობილობა ნაპოვნი არ არის."},{"$i":"bluetooth-visible-to-all","$v":"ხილული ყველასთვის"},{"$i":"bluetooth-name-maxlength-alert","$v":["თქვენი მოწყობილობის სახელი აღემატება ",{"t":"idOrVar","v":"length"}," სიმბოლოს. გთხოვთ, კიდევ სცადოთ."]},{"$i":"bluetooth-address","$v":"Bluetooth მისამართი"},{"$i":"bluetooth-address-unavailable","$v":"არ არის ხელმისაწვდომი"},{"$i":"bt-status-nopaired","$v":"მოწყობილობები არ არის შედგენილი"},{"$i":"bt-status-turnoff","$v":"გამორთული"},{"$i":"bt-status-paired","$v":{"few":[{"t":"idOrVar","v":"name"},", +",{"t":"idOrVar","v":"n"}," მეტი"],"many":[{"t":"idOrVar","v":"name"},", +",{"t":"idOrVar","v":"n"}," მეტი"],"one":[{"t":"idOrVar","v":"name"},", +",{"t":"idOrVar","v":"n"}," მეტი"],"other":[{"t":"idOrVar","v":"name"},", +",{"t":"idOrVar","v":"n"}," მეტი"],"two":[{"t":"idOrVar","v":"name"},", +",{"t":"idOrVar","v":"n"}," მეტი"],"zero":[{"t":"idOrVar","v":"name"}]},"$x":[{"t":"idOrVar","v":"plural"},"n"]},{"$i":"device-status-tap-connect","$v":"დასაწყვილებლად დააჭირეთ \"არჩევაselect=არჩევა"},{"$i":"device-status-pairing","$v":"მოწყობ. დაწყვილება…"},{"$i":"device-status-waiting","$v":"ლოდინი სხვა მოწყობილობისთვის…"},{"$i":"device-status-paired","$v":"დაწყვილებული"},{"$i":"device-status-connecting","$v":"დაკავშირება…"},{"$i":"device-status-connected","$v":"დაკავშირებული"},{"$i":"device-status-connected-phone","$v":"ტელეფონის აუდიო ფაილებთან დაკავშირებული"},{"$i":"device-status-connected-media","$v":"მედია აუდიო ფაილებთან დაკავშირებული"},{"$i":"device-status-connected-phone-media","$v":"ტელეფონის/მედია აუდიო ფაილებთან დაკავშირებული"},{"$i":"device-option-unpair","$v":"გაუთვალისწინებელი"},{"$i":"device-option-confirm","$v":"დადასტურება"},{"$i":"device-option-unpair-confirmation","$v":"დადასტურება"},{"$i":"device-option-unpair-device","$v":"შეუსაბამო მოწყობილობა?"},{"$i":"device-option-connect","$v":"დაკავშირება"},{"$i":"device-option-disconnect","$v":"გათიშვა"},{"$i":"search-for-device","$v":"მოწყობილობების ძიება..."},{"$i":"search-device","$v":"მოწყობილობების ძიება"},{"$i":"rename-device","$v":"გადაარქვი სახ. ჩემს მოწყობ."},{"$i":"unnamed-device","$v":"უცნობი მოწყობილობა"},{"$i":"change-phone-name","$v":"ტელეფონის სახელის შეცვლა"},{"$i":"change-phone-name-desc","$v":"შეცვალე შენი მოწყობილობის სახელი, როდესაც ის გამოჩნდება კომპიუტერზე"},{"$i":"bluetooth-new-name","$v":"ახალი სახელი"},{"$i":"error-pair-title","$v":"მოწყობილობის დაწყვილება შეუძლებელია"},{"$i":"error-pair-pincode","$v":"მოწყობილობასთან დაწყვილება შეუძლებელია. შეამოწმეთ, რომ PIN სწორია."},{"$i":"error-pair-toofast","$v":"მოწყობილობასთან დაწყვილება შეუძლებელია. მეტისმეტად ბევრი მოთხოვნა."},{"$i":"error-pair-fail","$v":[{"t":"idOrVar","v":"devicename"}," არ წყვილდება თქვენს ტელეფონთან."]},{"$i":"error-pair-checkpin","$v":"გსურთ სცადოთ ამ მოწყობილობასთან კვლავ დაწყვილება?"},{"$i":"error-connect-title","$v":"მოწყობილობებთან დაკავშირება შეუძლებელია"},{"$i":"error-connect-msg","$v":"შეამოწმეთ, რომ მოწყობილობა, რომელთან დაკავშირებასაც ცდილობთ, ისევ დაფარვის ზონაშია და Bluetooth ჩართული აქვს."},{"$i":"unpair-title","$v":"განვაცალკევო დაკავშ. მოწყობილობა?"},{"$i":"unpair-msg","$v":"ამჟამად თქვენ დაკავშირებული ხართ ამ მოწყობილობასთან. წყვილის დაშლა ასევე გაგთიშავთ მისგან."},{"$i":"bluetooth","$v":"ბლუთუზი"},{"$i":"turn-bluetooth-on-title","$v":"Bluetooth-ს ჩართვა"},{"$i":"bluetooth-status-description","$v":"Bluetooth გამორთულია"},{"$i":"turn-bluetooth-on","$v":"Bluetooth გამორთულია, გსურთ ბლუთუზის ჩართვა?"},{"$i":"cancel","$v":"გაუქმება"},{"$i":"turn-on","$v":"ჩართვა"},{"$i":"error-transfer-title","$v":"Bluetooth-ით ფაილის გადაცემა ვერ მოხერხდა"},{"$i":"error-transfer-settings","$v":"Bluetooth-ით ფაილის გადაცემა ვერ მოხრეხდა. შეამოწმეთ, რომ ბლუთუზის პარამეტრები სწორია."},{"$i":"ok","$v":"OK"},{"$i":"pair","$v":"დაწყვილება"},{"$i":"active-pair","$v":"დაადასტურეთ მოწყობ. რომ დაწყვილდეს"},{"$i":"active-pair-confirmation","$v":[{"t":"idOrVar","v":"device"},"-თან დასაწყვილებლად, დარწმუნდით, რომ ორივე მოწყობილობაში ნაჩვენებია შემდეგი PIN:"]},{"$i":"active-pair-pincode","$v":[{"t":"idOrVar","v":"device"},"-თან დასაწყვილებლად, მოწყობილობაში შეიყვანეთ PIN."]},{"$i":"active-pair-passkey","$v":[{"t":"idOrVar","v":"device"},"-თან დასაწყვილებლად, მოწყობილობაში შეიყვანეთ პაროლ-კოდი."]},{"$i":"passive-pair","$v":"Bluetooth დაწყვილების მოთხოვნა"},{"$i":"passive-pair-confirmation","$v":"გსურთ ამ ტელეფონთან დაწყვილება. დასადასტურებლად, დარწმუნდით, რომ ორივე მოწყობილობაში ნაჩვენებია შემდეგი PIN :"},{"$i":"passive-pair-pincode","$v":["გსურთ ამ ტელეფონთან დაწყვილება. გთხოვთ, შეიყვანეთ ეს PIN კოდი ",{"t":"idOrVar","v":"device"}," რომელთან დაწყვილებაც გსურთ და გასაგრძელებლად, დააჭირეთ დაწყვილებას."]},{"$i":"passive-pair-enterpincode","$v":["გსურთ ამ ტელეფონთან დაწყვილება. გთხოვთ, შეიყვანეთ ეს PIN კოდი ",{"t":"idOrVar","v":"device"}," რომელთან დაწყვილებაც გსურთ და გასაგრძელებლად, დააჭირეთ დაწყვილებას."]},{"$i":"passive-pair-passkey","$v":["გსურთ ამ ტელეფონთან დაწყვილება. გთხოვთ, შეიყვანეთ ეს PIN ",{"t":"idOrVar","v":"device"}," რომელთან დაწყვილებაც გსურთ და გასაგრძელებლად, დააჭირეთ დაწყვილებას."]},{"$i":"passive-pair-displaypasskey","$v":["გსურთ ამ ტელეფონთან დაწყვილება. გთხოვთ, შეიყვანეთ ეს PIN ",{"t":"idOrVar","v":"device"}," რომელთან დაწყვილებაც გსურთ და გასაგრძელებლად, დააჭირეთ დაწყვილებას."]},{"$i":"passive-pair-consent","$v":"გსურთ ამ ტელეფონთან დაწყვილება. გასაგრძელებლად, დააჭირეთ დაწყვილებას."},{"$i":"pin-input-title","$v":"შეიყვანეთ PIN კოდი"},{"$i":"pair-view-title","$v":"Bluetooth მოთხოვნა"},{"$i":"bluetooth-pairing-request-now-title","$v":"Bluetooth დაწყვილების მოთხოვნა"},{"$i":"pairing-request-timeout-title","$v":"Bluetooth დაწყვილების მოთხოვნა"},{"$i":"pairing-request-timeout-description","$v":"Bluetooth დაწყვილების მოთხოვნის ვადა ამოიწურა. ხელახლა სცადეთ დაწყვილება."},{"$i":"rescan","$v":"ხელახლა სკანირება"},{"$i":"select-device","$v":"აირჩიეთ მოწყობილობა"},{"$i":"select","$v":"Select"},{"$i":"paired-with-device","$v":[{"t":"idOrVar","v":"deviceName"},"-თან დაწყვილებული."]},{"$i":"paired-failed","$v":["არ წყვილდება ",{"t":"idOrVar","v":"deviceName"},"-თან."]}]