[{"$i":"bluetooth-header","$v":[{"t":"idOrVar","v":"bluetooth"}]},{"$i":"bluetooth-enable-msg","$v":"Аумақтағы құрылғыларды көру үшін Bluetooth қосыңыз."},{"$i":"bluetooth-paired-devices","$v":"Жұпт-ған құрылғылар"},{"$i":"bluetooth-devices-nearby","$v":"Жақындағы құрылғылар"},{"$i":"bt-nodevices-nearby","$v":"Жақын жерде құрылғылар табылмады."},{"$i":"bluetooth-visible-to-all","$v":"Бәріне көрінеді"},{"$i":"bluetooth-name-maxlength-alert","$v":["Құрылғының атауы ",{"t":"idOrVar","v":"length"}," таңбадан асады. Қайталап көріңіз."]},{"$i":"bluetooth-address","$v":"Bluetooth мекенжайы"},{"$i":"bluetooth-address-unavailable","$v":"Қолжетімді емес"},{"$i":"bt-status-nopaired","$v":"Ешбір құрылғы жұптастырылмады"},{"$i":"bt-status-turnoff","$v":"Өшірілген"},{"$i":"bt-status-paired","$v":{"few":[{"t":"idOrVar","v":"name"},", + тағы ",{"t":"idOrVar","v":"n"}],"many":[{"t":"idOrVar","v":"name"},", + тағы ",{"t":"idOrVar","v":"n"}],"one":[{"t":"idOrVar","v":"name"},", + тағы ",{"t":"idOrVar","v":"n"}],"other":[{"t":"idOrVar","v":"name"},", + тағы ",{"t":"idOrVar","v":"n"}],"two":[{"t":"idOrVar","v":"name"},", + тағы ",{"t":"idOrVar","v":"n"}],"zero":[{"t":"idOrVar","v":"name"}]},"$x":[{"t":"idOrVar","v":"plural"},"n"]},{"$i":"device-status-tap-connect","$v":"Жұптастыру үшін \"Таңдау\" түймесін басыңыз"},{"$i":"device-status-pairing","$v":"Құрылғымен жұпт.…"},{"$i":"device-status-waiting","$v":"Басқа құрылғыны күту…"},{"$i":"device-status-paired","$v":"Жұптастырылды"},{"$i":"device-status-connecting","$v":"Қосылуда…"},{"$i":"device-status-connected","$v":"Қосылды"},{"$i":"device-status-connected-phone","$v":"Телефон дыбысына қосылды"},{"$i":"device-status-connected-media","$v":"Медиа дыбысына қосылды"},{"$i":"device-status-connected-phone-media","$v":"Телефон/медиа дыбысына қосылды"},{"$i":"device-option-unpair","$v":"Айналымсыз"},{"$i":"device-option-confirm","$v":"Растау"},{"$i":"device-option-unpair-confirmation","$v":"Растау"},{"$i":"device-option-unpair-device","$v":"Құрылғыны нақтылау керек пе?"},{"$i":"device-option-connect","$v":"Қосу"},{"$i":"device-option-disconnect","$v":"Ажырату"},{"$i":"search-for-device","$v":"Құрылғылар ізделуде…"},{"$i":"search-device","$v":"Құрылғыларды іздеу"},{"$i":"rename-device","$v":"Құрылғы атын өзг."},{"$i":"unnamed-device","$v":"Белгісіз құрылғы"},{"$i":"change-phone-name","$v":"Телефон атауын өзгерту"},{"$i":"change-phone-name-desc","$v":"Құрылғының компьютерде пайда болатын атауын өзгерту"},{"$i":"bluetooth-new-name","$v":"Жаңа ат"},{"$i":"error-pair-title","$v":"Құрылғыны жұптастыру мүмкін емес"},{"$i":"error-pair-pincode","$v":"Құрылғымен жұптастыру мүмкін емес. PIN кодының дұрыстығын тексеріңіз."},{"$i":"error-pair-toofast","$v":"Құрылғымен жұптастыру мүмкін емес. Сұраулар тым көп."},{"$i":"error-pair-fail","$v":[{"t":"idOrVar","v":"devicename"}," телефоныңызбен жұптастырылмай жатыр."]},{"$i":"error-pair-checkpin","$v":"Бұл құрылғымен қайта жұптастырып көру керек пе?"},{"$i":"error-connect-title","$v":"Құрылғыларды қосу мүмкін емес"},{"$i":"error-connect-msg","$v":"Сіз қосылғыңыз келетін құрылғының әлі де диапазонда болғанын және Bluetooth функциясының қосылғанын тексеріңіз."},{"$i":"unpair-title","$v":"Қосылған құр. ажырату?"},{"$i":"unpair-msg","$v":"Қазір осы құрылғыға қосылып тұрсыз. Байланысты жойсаңыз, одан да ажыратады."},{"$i":"bluetooth","$v":"блютуз"},{"$i":"turn-bluetooth-on-title","$v":"Bluetooth қосу"},{"$i":"bluetooth-status-description","$v":"Bluetooth өшірілген"},{"$i":"turn-bluetooth-on","$v":"Bluetooth өш. Қосу?"},{"$i":"cancel","$v":"Бас тарту"},{"$i":"turn-on","$v":"Қосу"},{"$i":"error-transfer-title","$v":"Bluetooth файлын тасымалдау сәтсіз болды"},{"$i":"error-transfer-settings","$v":"Bluetooth файлын тасымалдау сәтсіз болды. Bluetooth параметрлерінің дұрыс болғанын тексеріңіз."},{"$i":"ok","$v":"OK"},{"$i":"pair","$v":"Жұптастыру"},{"$i":"active-pair","$v":"Құрылғ. жұпт. растау"},{"$i":"active-pair-confirmation","$v":[{"t":"idOrVar","v":"device"}," жұптастыру үшін екі құрылғыда да келесі PIN көрсетілгенін тексеріңіз:"]},{"$i":"active-pair-pincode","$v":[{"t":"idOrVar","v":"device"}," жұптастыру үшін құрылғыдағы PIN кодын енгізіңіз."]},{"$i":"active-pair-passkey","$v":[{"t":"idOrVar","v":"device"}," жұптастыру үшін құрылғыдағы рұқсат кодын енгізіңіз."]},{"$i":"passive-pair","$v":"Bluetooth жұптастыру сұрауы"},{"$i":"passive-pair-confirmation","$v":"осы телефонға қосылғысы келеді. Қабылдау үшін екі құрылғыда да келесі PIN көрсетілгенін тексеріңіз:"},{"$i":"passive-pair-pincode","$v":["осы тел. жұптаст. келеді. Жұпт. келген ",{"t":"idOrVar","v":"device"}," PIN кодын енгізіңіз. Жалғастыру үшін \"Жұптастыру\" басыңыз."]},{"$i":"passive-pair-enterpincode","$v":["осы тел. жұптаст. келеді. Жұпт. келген ",{"t":"idOrVar","v":"device"}," PIN кодын енгізіңіз. Жалғастыру үшін \"Жұптастыру\" басыңыз."]},{"$i":"passive-pair-passkey","$v":["осы тел. жұптаст. келеді. Жұпт. келген ",{"t":"idOrVar","v":"device"}," осы PIN енгізіп, жалғастыру үшін \"Жұптастыру\" басыңыз."]},{"$i":"passive-pair-displaypasskey","$v":["осы тел. жұптаст. келеді. Жұпт. келген ",{"t":"idOrVar","v":"device"}," осы PIN енгізіп, жалғастыру үшін \"Жұптастыру\" басыңыз."]},{"$i":"passive-pair-consent","$v":"осы тел. жұптаст. келеді. Жалғ. үшін \"Жұптастыру\" басыңыз."},{"$i":"pin-input-title","$v":"PIN кодын енгізіңіз"},{"$i":"pair-view-title","$v":"Bluetooth сұрауы"},{"$i":"bluetooth-pairing-request-now-title","$v":"Bluetooth жұптастыру сұрауы"},{"$i":"pairing-request-timeout-title","$v":"Bluetooth жұптастыру сұрауы"},{"$i":"pairing-request-timeout-description","$v":"Bluetooth жұптастыру сұрауының мерзімі аяқталды. Қайта жұптастырып көріңіз."},{"$i":"rescan","$v":"Қайта іздеу"},{"$i":"select-device","$v":"Құрылғы таңдау"},{"$i":"select","$v":"Таңдау"},{"$i":"paired-with-device","$v":[{"t":"idOrVar","v":"deviceName"}," құрылғысымен жұптастырылды."]},{"$i":"paired-failed","$v":[{"t":"idOrVar","v":"deviceName"}," құрылғысымен жұптастырылмады."]}]