[{"$i":"bluetooth-header","$v":[{"t":"idOrVar","v":"bluetooth"}]},{"$i":"bluetooth-enable-msg","$v":"បើកប៊្លូធូស ដើម្បី​មើល​ឧបករណ៍​ក្នុង​តំបន់។"},{"$i":"bluetooth-paired-devices","$v":"ឧបករណ៍​ដែល​ផ្គូផ្គង"},{"$i":"bluetooth-devices-nearby","$v":"ឧបករណ៍​ក្បែរៗ"},{"$i":"bt-nodevices-nearby","$v":"រក​មិន​ឃើញ​ឧបករណ៍​នៅ​ក្បែរ​ទេ។"},{"$i":"bluetooth-visible-to-all","$v":"ទាំង​អស់​គ្នា​អាច​មើល​ឃើញ"},{"$i":"bluetooth-name-maxlength-alert","$v":["ឈ្មោះ​ឧបករណ៍​អ្នក​លើស​ចំនួន ",{"t":"idOrVar","v":"length"}," តួ។ សូម​ព្យាយាម​ម្ដង​ទៀត។"]},{"$i":"bluetooth-address","$v":"អាសយដ្ឋាន Bluetooth"},{"$i":"bluetooth-address-unavailable","$v":"មិន​មាន"},{"$i":"bt-status-nopaired","$v":"គ្មានឧបករណ៍ត្រូវបានផ្គូរផ្គង"},{"$i":"bt-status-turnoff","$v":"បិទ"},{"$i":"bt-status-paired","$v":{"few":[{"t":"idOrVar","v":"name"},", +",{"t":"idOrVar","v":"n"}," ទៀត"],"many":[{"t":"idOrVar","v":"name"},", +",{"t":"idOrVar","v":"n"}," ទៀត"],"one":[{"t":"idOrVar","v":"name"},", +",{"t":"idOrVar","v":"n"}," ទៀត"],"other":[{"t":"idOrVar","v":"name"},", +",{"t":"idOrVar","v":"n"}," ទៀត"],"two":[{"t":"idOrVar","v":"name"},", +",{"t":"idOrVar","v":"n"}," ទៀត"],"zero":[{"t":"idOrVar","v":"name"}]},"$x":[{"t":"idOrVar","v":"plural"},"n"]},{"$i":"device-status-tap-connect","$v":"ចុច \"ជ្រើស\" ដើម្បី​ផ្គូ"},{"$i":"device-status-pairing","$v":"ផ្គូផ្គង​ជាមួយ​ឧបករណ៍…"},{"$i":"device-status-waiting","$v":"កំពុង​រង់ចាំ​ឧបករណ៍​ផ្សេង​ទៀត…"},{"$i":"device-status-paired","$v":"បាន​ផ្គូផ្គង"},{"$i":"device-status-connecting","$v":"កំពុង​ភ្ជាប់…"},{"$i":"device-status-connected","$v":"បាន​ភ្ជាប់"},{"$i":"device-status-connected-phone","$v":"បាន​ភ្ជាប់​ទៅ​អូឌីយ៉ូ​ទូរស័ព្ទ"},{"$i":"device-status-connected-media","$v":"បាន​ភ្ជាប់​ទៅ​អូឌីយ៉ូ​មេឌៀ"},{"$i":"device-status-connected-phone-media","$v":"បាន​ភ្ជាប់​ទៅ​អូឌីយ៉ូ​ទូរស័ព្ទ/មេឌៀ"},{"$i":"device-option-unpair","$v":"មិនស៊ីគ្នា"},{"$i":"device-option-confirm","$v":"បញ្ជាក់"},{"$i":"device-option-unpair-confirmation","$v":"ការបញ្ជាក់"},{"$i":"device-option-unpair-device","$v":"សម្អាតឧបករណ៍?"},{"$i":"device-option-connect","$v":"ភ្ជាប់"},{"$i":"device-option-disconnect","$v":"ផ្ដាច់"},{"$i":"search-for-device","$v":"កំពុង​ស្វែង​រក​ឧបករណ៍…"},{"$i":"search-device","$v":"ស្វែង​រក​ឧបករណ៍"},{"$i":"rename-device","$v":"ប្ដូរ​ឈ្មោះ​ឧបករណ៍​ខ្ញុំ"},{"$i":"unnamed-device","$v":"ឧបករណ៍​មិន​ស្គាល់"},{"$i":"change-phone-name","$v":"ប្ដូរ​ឈ្មោះ​ទូរស័ព្ទ"},{"$i":"change-phone-name-desc","$v":"ប្ដូរ​ឈ្មោះ​ឧបករណ៍​របស់​អ្នក នៅ​ពេល​វា​លេច​ឡើង​ក្នុង​កុំព្យូទ័រ​អ្នក។"},{"$i":"bluetooth-new-name","$v":"ឈ្មោះ​ថ្មី"},{"$i":"error-pair-title","$v":"មិន​អាច​ផ្គូ​ឧបករណ៍​បាន​ទេ"},{"$i":"error-pair-pincode","$v":"មិន​អាច​ផ្គូផ្គង​ជាមួយ​ឧបករណ៍​បាន​ទេ។ ពិនិត្យ​មើល​ថា លេខ PIN ត្រឹមត្រូវ​ឬ​អត់។"},{"$i":"error-pair-toofast","$v":"មិន​អាច​ផ្គូផ្គង​ជាមួយ​ឧបករណ៍​បាន​ទេ។ សំណើ​ច្រើន​ពេក។"},{"$i":"error-pair-fail","$v":[{"t":"idOrVar","v":"devicename"}," មិន​មែន​កំពុង​ផ្គូផ្គង​ជាមួយ​ទូរសព្ទ​អ្នក​ទេ។"]},{"$i":"error-pair-checkpin","$v":"តើ​អ្នក​ចង់​សាក​ផ្គូផ្គង​ជាមួយ​ឧបករណ៍​នេះ​ម្ដង​ទៀត​ឬ?"},{"$i":"error-connect-title","$v":"មិន​អាច​ភ្ជាប់​ឧបករណ៍​បាន"},{"$i":"error-connect-msg","$v":"ពិនិត្យ​មើល​ថា ឧបករណ៍​ដែល​អ្នក​កំពុង​ព្យាយាម​ភ្ជាប់​នៅ​តែ​ស្ថិត​ក្នុង​ដែន​សេវា ហើយ Bluetooth បើក។"},{"$i":"unpair-title","$v":"ឈប់​ផ្គូផ្គង​ឧបករណ៍​ដែល​ភ្ជាប់​ឬ?"},{"$i":"unpair-msg","$v":"បច្ចុប្បន្ន អ្នក​ភ្ជាប់​នឹង​ឧបករណ៍​នេះ។ ការឈប់​ផ្គូផ្គង​ក៏​នឹង​ផ្ដាច់​ពី​វា​ដែរ។"},{"$i":"bluetooth","$v":"Bluetooth"},{"$i":"turn-bluetooth-on-title","$v":"បើក Bluetooth"},{"$i":"bluetooth-status-description","$v":"ប៊្លូធូសបានបិទ"},{"$i":"turn-bluetooth-on","$v":"Bluetooth បិទ ចង់​បើក Bluetooth ទេ?"},{"$i":"cancel","$v":"បោះបង់"},{"$i":"turn-on","$v":"បើក"},{"$i":"error-transfer-title","$v":"ឯកសារ Bluetooth ផ្ទេរ​មិន​បាន​សម្រេច"},{"$i":"error-transfer-settings","$v":"ឯកសារ Bluetooth ផ្ទេរ​មិន​បាន​សម្រេច។ ពិនិត្យ​មើល​ថា ការកំណត់ Bluetooth ត្រឹមត្រូវ។"},{"$i":"ok","$v":"យល់​ព្រម"},{"$i":"pair","$v":"ផ្គូផ្គង"},{"$i":"active-pair","$v":"បញ្ជាក់​ឧបករណ៍​ដើម្បី​ផ្គូផ្គង"},{"$i":"active-pair-confirmation","$v":["ដើម្បី​ផ្គូផ្គង​ជាមួយ ",{"t":"idOrVar","v":"device"}," ត្រូវ​ប្រាកដ​ថា ឥឡូវ ឧបករណ៍​ទាំង​ពីរ​បង្ហាញ​កូដ PIN ខាង​ក្រោម៖"]},{"$i":"active-pair-pincode","$v":["ដើម្បី​ផ្គូផ្គង​ជាមួយ ",{"t":"idOrVar","v":"device"}," សូម​បញ្ចូល​កូដ PIN លើ​ឧបករណ៍។"]},{"$i":"active-pair-passkey","$v":["ដើម្បី​ផ្គូផ្គង​ជាមួយ ",{"t":"idOrVar","v":"device"}," ត្រូវបញ្ចូលលេខកូដសម្ងាត់លើឧបករណ៍។"]},{"$i":"passive-pair","$v":"សំណើ​ផ្គូផ្គង Bluetooth"},{"$i":"passive-pair-confirmation","$v":"ចង់​ផ្គូផ្គង​ជាមួយ​ទូរស័ព្ទ​នេះ។ ដើម្បី​យល់ព្រម ត្រូវ​ប្រាកដ​ថា ​ឥឡូវ ឧបករណ៍​ទាំង​ពីរ​បង្ហាញ​លេខ PIN ខាង​ក្រោម៖"},{"$i":"passive-pair-pincode","$v":["ចង់​ផ្គូផ្គង​ជាមួយ​ទូរសព្ទ​នេះ។ សូម​បញ្ចូល​កូដ PIN លើ ",{"t":"idOrVar","v":"device"}," ដែល​អ្នក​ចង់​ផ្គូផ្គង​ជាមួយ ហើយ​ចុច ផ្គូ ដើម្បី​បន្ត។"]},{"$i":"passive-pair-enterpincode","$v":["ចង់​ផ្គូផ្គង​ជាមួយ​ទូរសព្ទ​នេះ។ សូម​បញ្ចូល​កូដ PIN លើ ",{"t":"idOrVar","v":"device"}," ដែល​អ្នក​ចង់​ផ្គូផ្គង​ជាមួយ ហើយ​ចុច ផ្គូ ដើម្បី​បន្ត។"]},{"$i":"passive-pair-passkey","$v":["ចង់​ផ្គូផ្គង​ជាមួយ​ទូរសព្ទ​នេះ។ សូម​បញ្ចូល PIN នេះ​លើ ",{"t":"idOrVar","v":"device"}," ដែល​អ្នក​ចង់​ផ្គូផ្គង​ជាមួយ ហើយ​ចុច ផ្គូ ដើម្បី​បន្ត។"]},{"$i":"passive-pair-displaypasskey","$v":["ចង់​ផ្គូផ្គង​ជាមួយ​ទូរសព្ទ​នេះ។ សូម​បញ្ចូល PIN នេះ​លើ ",{"t":"idOrVar","v":"device"}," ដែល​អ្នក​ចង់​ផ្គូផ្គង​ជាមួយ ហើយ​ចុច ផ្គូ ដើម្បី​បន្ត។"]},{"$i":"passive-pair-consent","$v":"ចង់​ផ្គូផ្គង​ជាមួយ​ទូរសព្ទ​នេះ។ ចុច ផ្គូ ដើម្បី​បន្ត។"},{"$i":"pin-input-title","$v":"បញ្ចូល​កូដ PIN"},{"$i":"pair-view-title","$v":"សំណើ Bluetooth"},{"$i":"bluetooth-pairing-request-now-title","$v":"សំណើ​ផ្គូផ្គង Bluetooth"},{"$i":"pairing-request-timeout-title","$v":"សំណើ​ផ្គូផ្គង Bluetooth"},{"$i":"pairing-request-timeout-description","$v":"សំណើ​ផ្គូផ្គង Bluetooth ផុត​កំណត់​ហើយ។ ព្យាយាម​ផ្គូផ្គង​ម្ដង​ទៀត។"},{"$i":"rescan","$v":"ស្កេន​ឡើង​វិញ"},{"$i":"select-device","$v":"ជ្រើស​ឧបករណ៍"},{"$i":"select","$v":"ជ្រើស"},{"$i":"paired-with-device","$v":["បាន​ផ្គូផ្គង​ជាមួយ ",{"t":"idOrVar","v":"deviceName"},"។"]},{"$i":"paired-failed","$v":["ផ្គូផ្គង​ជាមួយ ",{"t":"idOrVar","v":"deviceName"}," មិន​បាន។"]}]