[{"$i":"bluetooth-header","$v":[{"t":"idOrVar","v":"bluetooth"}]},{"$i":"bluetooth-enable-msg","$v":"Įjunkite „Bluetooth“, kad peržiūrėtumėte vietovėje esančius įrenginius."},{"$i":"bluetooth-paired-devices","$v":"Supor. priet."},{"$i":"bluetooth-devices-nearby","$v":"Priet. netol."},{"$i":"bt-nodevices-nearby","$v":"Priet. netoliese nerasta."},{"$i":"bluetooth-visible-to-all","$v":"Matoma visiems"},{"$i":"bluetooth-name-maxlength-alert","$v":["Jūsų prietaiso pavadinime simbolių yra daugiau nei ",{"t":"idOrVar","v":"length"},". Bandykite dar kartą."]},{"$i":"bluetooth-address","$v":"„Bluetooth“ adr."},{"$i":"bluetooth-address-unavailable","$v":"Nepasiekiamas"},{"$i":"bt-status-nopaired","$v":"Nėra sujungtų įrenginių"},{"$i":"bt-status-turnoff","$v":"Išjungta"},{"$i":"bt-status-paired","$v":{"few":[{"t":"idOrVar","v":"name"}," ir dar ",{"t":"idOrVar","v":"n"}],"many":[{"t":"idOrVar","v":"name"}," ir dar ",{"t":"idOrVar","v":"n"}],"one":[{"t":"idOrVar","v":"name"}," ir dar ",{"t":"idOrVar","v":"n"}],"other":[{"t":"idOrVar","v":"name"}," ir dar ",{"t":"idOrVar","v":"n"}],"two":[{"t":"idOrVar","v":"name"}," ir dar ",{"t":"idOrVar","v":"n"}],"zero":[{"t":"idOrVar","v":"name"}]},"$x":[{"t":"idOrVar","v":"plural"},"n"]},{"$i":"device-status-tap-connect","$v":"Sp. „Rinktis“, kad sup."},{"$i":"device-status-pairing","$v":"Supor. su priet..."},{"$i":"device-status-waiting","$v":"Laukiama kito prietaiso…"},{"$i":"device-status-paired","$v":"Supor."},{"$i":"device-status-connecting","$v":"Jungiamasi…"},{"$i":"device-status-connected","$v":"Prisijun."},{"$i":"device-status-connected-phone","$v":"Pris. prie telef. garso"},{"$i":"device-status-connected-media","$v":"Pris. prie medijos garso"},{"$i":"device-status-connected-phone-media","$v":"Pris. prie tel. / med. garso"},{"$i":"device-option-unpair","$v":"Atšaukti"},{"$i":"device-option-confirm","$v":"Patvirtinti"},{"$i":"device-option-unpair-confirmation","$v":"Patvirtinim."},{"$i":"device-option-unpair-device","$v":"Atjunkite įrenginį?"},{"$i":"device-option-connect","$v":"Prijun."},{"$i":"device-option-disconnect","$v":"Atsijungti"},{"$i":"search-for-device","$v":"Ieškoma prietaisų..."},{"$i":"search-device","$v":"Ieškoti prietaisų"},{"$i":"rename-device","$v":"Perv. mano prt."},{"$i":"unnamed-device","$v":"Nežinomas prietaisas"},{"$i":"change-phone-name","$v":"Telef. num. keit."},{"$i":"change-phone-name-desc","$v":"Keiskite kompiuteryje rodomą įrenginio pavadinimą"},{"$i":"bluetooth-new-name","$v":"Nauj. pvd."},{"$i":"error-pair-title","$v":"Nepavyko suporuoti prietaiso"},{"$i":"error-pair-pincode","$v":"Nepavyko suporuoti su prietaisu. Patikrinkite, ar PIN kodas teisingas."},{"$i":"error-pair-toofast","$v":"Nepavyko suporuoti su prietaisu. Per daug užklausų."},{"$i":"error-pair-fail","$v":["„",{"t":"idOrVar","v":"devicename"},"“ nepav. supor. su jūsų telefonu."]},{"$i":"error-pair-checkpin","$v":"Ar norite bandyti dar kartą supor. su šiuo priet.?"},{"$i":"error-connect-title","$v":"Nepavyko prijungti prietaisų"},{"$i":"error-connect-msg","$v":"Patikr., ar priet., prie kurio bandote prisijungti, vis dar ryšio zonoje ir jame įj. „Bluetooth“."},{"$i":"unpair-title","$v":"Ar atsieti prijungtą prietaisą?"},{"$i":"unpair-msg","$v":"Šiuo metu esate prisijungę prie šio prietaiso. Atšaukus susiejimą, taip pat būsite atjungti nuo prietaiso."},{"$i":"bluetooth","$v":"Bluetooth"},{"$i":"turn-bluetooth-on-title","$v":"Įjungti „Bluetooth“"},{"$i":"bluetooth-status-description","$v":"„Bluetooth“ yra išjungtas"},{"$i":"turn-bluetooth-on","$v":"„Bluetooth“ išj. Norite įjungti „Bluetooth“?"},{"$i":"cancel","$v":"Atšaukti"},{"$i":"turn-on","$v":"Įjungti"},{"$i":"error-transfer-title","$v":"Nep. perk. f. per „Bluetooth“"},{"$i":"error-transfer-settings","$v":"Nepav. perk. fail. per „Bluetooth“. Patikrink., ar teisingi „Bluetooth“ param."},{"$i":"ok","$v":"GERAI"},{"$i":"pair","$v":"Spr."},{"$i":"active-pair","$v":"Patv. įreng., kad juos sup."},{"$i":"active-pair-confirmation","$v":["Norėdami susieti su ",{"t":"idOrVar","v":"device"},", įsitikinkite, kad abu įrenginiai šiuo metu turi tokį PIN kodą:"]},{"$i":"active-pair-pincode","$v":["Norėdami susieti su ",{"t":"idOrVar","v":"device"},", įrenginyje įveskite PIN kodą."]},{"$i":"active-pair-passkey","$v":["Norėdami susieti su ",{"t":"idOrVar","v":"device"},", įveskite įrenginio prieigos kodą."]},{"$i":"passive-pair","$v":"„Bluetooth“ supor. užkl."},{"$i":"passive-pair-confirmation","$v":"nori būti suporuotas su šiuo telefonu. Jei sutinkate, įsitikinkite, kad abu prietaisai šiuo metu rodo tokį PIN kodą:"},{"$i":"passive-pair-pincode","$v":["norėtų susieti su šiuo telefonu. Įveskite šį PIN kodą ",{"t":"idOrVar","v":"device"},", su kuriuo norite susieti. Spauskite „Susieti“, kad tęstumėte."]},{"$i":"passive-pair-enterpincode","$v":["norėtų susieti su šiuo telefonu. Įveskite šį PIN kodą ",{"t":"idOrVar","v":"device"},", su kuriuo norite susieti. Spauskite „Susieti“, kad tęstumėte."]},{"$i":"passive-pair-passkey","$v":["norėtų susieti su šiuo telefonu. Įveskite šį PIN ",{"t":"idOrVar","v":"device"},", su kuriuo norite susieti, ir spauskite „Susieti“, kad tęstumėte."]},{"$i":"passive-pair-displaypasskey","$v":["norėtų susieti su šiuo telefonu. Įveskite šį PIN ",{"t":"idOrVar","v":"device"},", su kuriuo norite susieti, ir spauskite „Susieti“, kad tęstumėte."]},{"$i":"passive-pair-consent","$v":"norėtų susieti su šiuo telefonu. Spauskite „Susieti“, kad tęstumėte."},{"$i":"pin-input-title","$v":"Įveskite PIN kodą"},{"$i":"pair-view-title","$v":"„Bluetooth“ užkl."},{"$i":"bluetooth-pairing-request-now-title","$v":"„Bluetooth“ supor. užkl."},{"$i":"pairing-request-timeout-title","$v":"„Bluetooth“ supor. užkl."},{"$i":"pairing-request-timeout-description","$v":"Baig. „Bluetooth“ supor. užkl. l. Band. supor. dar k."},{"$i":"rescan","$v":"Nusk. iš nauj."},{"$i":"select-device","$v":"Rinktis prietaisą"},{"$i":"select","$v":"Rinktis"},{"$i":"paired-with-device","$v":["Suporuota su „",{"t":"idOrVar","v":"deviceName"},"“."]},{"$i":"paired-failed","$v":["Nepavyko suporuoti su „",{"t":"idOrVar","v":"deviceName"},"“."]}]