[{"$i":"bluetooth-header","$v":[{"t":"idOrVar","v":"bluetooth"}]},{"$i":"bluetooth-enable-msg","$v":"Lai skatītu tuvumā esošās ierīces, ieslēdziet Bluetooth."},{"$i":"bluetooth-paired-devices","$v":"Pārī savienotas ierīces"},{"$i":"bluetooth-devices-nearby","$v":"Netālās ierīces"},{"$i":"bt-nodevices-nearby","$v":"Tuvumā nav atrasta neviena ierīce."},{"$i":"bluetooth-visible-to-all","$v":"Redzams visiem"},{"$i":"bluetooth-name-maxlength-alert","$v":["Jūsu ierīces nosaukums pārsniedz ",{"t":"idOrVar","v":"length"}," rakstzīmes. Mēģiniet vēlreiz."]},{"$i":"bluetooth-address","$v":"Bluetooth adrese"},{"$i":"bluetooth-address-unavailable","$v":"Nav pieejams"},{"$i":"bt-status-nopaired","$v":"Neviena ierīce nav savienota pārī"},{"$i":"bt-status-turnoff","$v":"Izslēgts"},{"$i":"bt-status-paired","$v":{"few":[{"t":"idOrVar","v":"name"}," un vēl ",{"t":"idOrVar","v":"n"}],"many":[{"t":"idOrVar","v":"name"}," un vēl ",{"t":"idOrVar","v":"n"}],"one":[{"t":"idOrVar","v":"name"}," un vēl ",{"t":"idOrVar","v":"n"}],"other":[{"t":"idOrVar","v":"name"}," un vēl ",{"t":"idOrVar","v":"n"}],"two":[{"t":"idOrVar","v":"name"}," un vēl ",{"t":"idOrVar","v":"n"}],"zero":[{"t":"idOrVar","v":"name"}]},"$x":[{"t":"idOrVar","v":"plural"},"n"]},{"$i":"device-status-tap-connect","$v":"Lai savienotu pārī, nospiediet Atlasīt"},{"$i":"device-status-pairing","$v":"Savienošana pārī ar ierīci..."},{"$i":"device-status-waiting","$v":"Notiek gaidīšana uz otru ierīci..."},{"$i":"device-status-paired","$v":"Savienotas pārī"},{"$i":"device-status-connecting","$v":"Notiek savienojuma izveide…"},{"$i":"device-status-connected","$v":"Savienojums izveidots"},{"$i":"device-status-connected-phone","$v":"Savienots ar tālruņa audio"},{"$i":"device-status-connected-media","$v":"Savienots ar multivides audio"},{"$i":"device-status-connected-phone-media","$v":"Savienots ar tālruņa/multivides audio"},{"$i":"device-option-unpair","$v":"Atcelt"},{"$i":"device-option-confirm","$v":"Apstiprināt"},{"$i":"device-option-unpair-confirmation","$v":"Apstiprinājums"},{"$i":"device-option-unpair-device","$v":"Vai atvienot ierīci?"},{"$i":"device-option-connect","$v":"Savienot"},{"$i":"device-option-disconnect","$v":"Atvienot"},{"$i":"search-for-device","$v":"Notiek ierīču meklēšana..."},{"$i":"search-device","$v":"Meklēt ierīces"},{"$i":"rename-device","$v":"Pārdēvēt manu ierīci"},{"$i":"unnamed-device","$v":"Nezināma ierīce"},{"$i":"change-phone-name","$v":"Mainīt tālruņa nosaukumu"},{"$i":"change-phone-name-desc","$v":"Mainiet savas ierīces nosaukumu, kas būs redzams datorā."},{"$i":"bluetooth-new-name","$v":"Jauns nosaukums"},{"$i":"error-pair-title","$v":"Nevar savienot pārī ierīci"},{"$i":"error-pair-pincode","$v":"Nevar savienot pārī ar šo ierīci. Pārbaudiet, vai PIN kods ir pareizs."},{"$i":"error-pair-toofast","$v":"Nevar savienot pārī ar ierīci. Pārāk daudz pieprasījumu."},{"$i":"error-pair-fail","$v":["Ierīce ",{"t":"idOrVar","v":"devicename"}," neveido pāri ar jūsu tālruni."]},{"$i":"error-pair-checkpin","$v":"Vai vēlaties vēlreiz mēģināt izveidot pāri ar šo ierīci?"},{"$i":"error-connect-title","$v":"Nevar savienot ierīces"},{"$i":"error-connect-msg","$v":"Pārbaudiet, vai ierīce, ar kuru mēģināt izveidot savienojumu, joprojām atrodas diapazonā un vai tajā ir ieslēgts Bluetooth."},{"$i":"unpair-title","$v":"Atvienot pārī savienotu ierīci?"},{"$i":"unpair-msg","$v":"Pašlaik ir izveidots savienojums ar šo ierīci. Atvienojot no pāra, tiks arī pārtraukts savienojums ar šo ierīci."},{"$i":"bluetooth","$v":"Bluetooth"},{"$i":"turn-bluetooth-on-title","$v":"Ieslēgt Bluetooth"},{"$i":"bluetooth-status-description","$v":"Bluetooth ir atspējots"},{"$i":"turn-bluetooth-on","$v":"Bluetooth atspējots. Vai ieslēgt Bluetooth?"},{"$i":"cancel","$v":"Atcelt"},{"$i":"turn-on","$v":"Ieslēgt"},{"$i":"error-transfer-title","$v":"Bluetooth failu pārsūtīšana neizdevās"},{"$i":"error-transfer-settings","$v":"Bluetooth failu pārsūtīšana neizdevās. Pārbaudiet, vai Bluetooth uzstādījumi ir pareizi."},{"$i":"ok","$v":"LABI"},{"$i":"pair","$v":"Izveidot pāri"},{"$i":"active-pair","$v":"Apstiprināt ierīču savienošanu pārī"},{"$i":"active-pair-confirmation","$v":["Lai savienotu pārī ar ierīci ",{"t":"idOrVar","v":"device"},", pārliecinieties, vai abās ierīcēs pašlaik ir redzams šāds PIN kods:"]},{"$i":"active-pair-pincode","$v":["Lai savienotu pārī ar ",{"t":"idOrVar","v":"device"},", ievadiet ierīcē PIN kodu."]},{"$i":"active-pair-passkey","$v":["Lai savienotu pārī ar ierīci ",{"t":"idOrVar","v":"device"},", ierīcē ievadiet piekļuves kodu."]},{"$i":"passive-pair","$v":"Bluetooth pāra izveidošanas pieprasījums"},{"$i":"passive-pair-confirmation","$v":"vēlētos savienotu pārī ar šo tālruni. Lai pieņemtu, pārliecinieties, ka abām ierīcēm pašlaik ir parādīts šāds PIN:"},{"$i":"passive-pair-pincode","$v":["vēlas izveidot pāri ar šo tālruni. Lūdzu, ievadiet PIN kodu ierīcē ",{"t":"idOrVar","v":"device"},", ar kuru izveidot pāri. Nospiediet Izveidot pāri, lai turpinātu."]},{"$i":"passive-pair-enterpincode","$v":["vēlas izveidot pāri ar šo tālruni. Lūdzu, ievadiet PIN kodu ierīcē ",{"t":"idOrVar","v":"device"},", ar kuru izveidot pāri. Nospiediet Izveidot pāri, lai turpinātu."]},{"$i":"passive-pair-passkey","$v":["vēlas izveidot pāri ar šo tālruni. Lūdzu, ievadiet šo PIN kodu ierīcē ",{"t":"idOrVar","v":"device"},", ar kuru izveidot pāri, un nospiediet Izveidot pāri, lai turpinātu."]},{"$i":"passive-pair-displaypasskey","$v":["vēlas izveidot pāri ar šo tālruni. Lūdzu, ievadiet šo PIN kodu ierīcē ",{"t":"idOrVar","v":"device"},", ar kuru izveidot pāri, un nospiediet Izveidot pāri, lai turpinātu."]},{"$i":"passive-pair-consent","$v":"vēlas izveidot pāri ar šo tālruni. Nospiediet Izveidot pāri, lai turpinātu."},{"$i":"pin-input-title","$v":"Ievadīt PIN kodu"},{"$i":"pair-view-title","$v":"Bluetooth pieprasījums"},{"$i":"bluetooth-pairing-request-now-title","$v":"Bluetooth pāra izveidošanas pieprasījums"},{"$i":"pairing-request-timeout-title","$v":"Bluetooth pāra izveidošanas pieprasījums"},{"$i":"pairing-request-timeout-description","$v":"Bluetooth pāra izveidošanas pieprasījuma laiks ir beidzies. Vēlreiz mēģiniet izveidt pāri."},{"$i":"rescan","$v":"Meklēt atkārtoti"},{"$i":"select-device","$v":"Atlasiet ierīci"},{"$i":"select","$v":"Izvēlēties"},{"$i":"paired-with-device","$v":["Izveidoja pāri ar ierīci ",{"t":"idOrVar","v":"deviceName"},"."]},{"$i":"paired-failed","$v":["Neizdevās izveidot pāri ar ierīci ",{"t":"idOrVar","v":"deviceName"},"."]}]