[{"$i":"bluetooth-header","$v":[{"t":"idOrVar","v":"bluetooth"}]},{"$i":"bluetooth-enable-msg","$v":"Hidupkan Bluetooth untuk melihat peranti di dalam kawasan."},{"$i":"bluetooth-paired-devices","$v":"Peranti berpasangan"},{"$i":"bluetooth-devices-nearby","$v":"Peranti Berdekatan"},{"$i":"bt-nodevices-nearby","$v":"Tiada peranti dijumpai berdekatan."},{"$i":"bluetooth-visible-to-all","$v":"Dapat dilihat semua"},{"$i":"bluetooth-name-maxlength-alert","$v":["Nama peranti anda melebihi ",{"t":"idOrVar","v":"length"}," aksara. Sila cuba semula."]},{"$i":"bluetooth-address","$v":"Alamat Bluetooth"},{"$i":"bluetooth-address-unavailable","$v":"Tidak tersedia"},{"$i":"bt-status-nopaired","$v":"Tiada peranti dipasangkan"},{"$i":"bt-status-turnoff","$v":"Dimatikan"},{"$i":"bt-status-paired","$v":{"few":[{"t":"idOrVar","v":"name"},", +",{"t":"idOrVar","v":"n"}," lagi"],"many":[{"t":"idOrVar","v":"name"},", +",{"t":"idOrVar","v":"n"}," lagi"],"one":[{"t":"idOrVar","v":"name"},", +",{"t":"idOrVar","v":"n"}," lagi"],"other":[{"t":"idOrVar","v":"name"},", +",{"t":"idOrVar","v":"n"}," lagi"],"two":[{"t":"idOrVar","v":"name"},", +",{"t":"idOrVar","v":"n"}," lagi"],"zero":[{"t":"idOrVar","v":"name"}]},"$x":[{"t":"idOrVar","v":"plural"},"n"]},{"$i":"device-status-tap-connect","$v":"Tekan \"Pilih\" untuk berpasangan"},{"$i":"device-status-pairing","$v":"Berpasangan dengan peranti…"},{"$i":"device-status-waiting","$v":"Menunggu peranti satu lagi…"},{"$i":"device-status-paired","$v":"Dipasangkan"},{"$i":"device-status-connecting","$v":"Menyambung…"},{"$i":"device-status-connected","$v":"Disambungkan"},{"$i":"device-status-connected-phone","$v":"Disambungkan kepada audio telefon"},{"$i":"device-status-connected-media","$v":"Disambungkan kepada audio media"},{"$i":"device-status-connected-phone-media","$v":"Disambungkan kepada audio telefon/media"},{"$i":"device-option-unpair","$v":"Nyahpasangan"},{"$i":"device-option-confirm","$v":"Sahkan"},{"$i":"device-option-unpair-confirmation","$v":"Pengesahan"},{"$i":"device-option-unpair-device","$v":"Nyahpasangan peranti?"},{"$i":"device-option-connect","$v":"Sambung"},{"$i":"device-option-disconnect","$v":"Putuskan sambungan"},{"$i":"search-for-device","$v":"Mencari peranti…"},{"$i":"search-device","$v":"Mencari peranti"},{"$i":"rename-device","$v":"Namakan semula peranti saya"},{"$i":"unnamed-device","$v":"Peranti tidak diketahui"},{"$i":"change-phone-name","$v":"Tukar nama telefon"},{"$i":"change-phone-name-desc","$v":"Tukar nama peranti anda seperti yang muncul pada komputer anda"},{"$i":"bluetooth-new-name","$v":"Nama baharu"},{"$i":"error-pair-title","$v":"Tidak Dapat Membuat Peranti Berpasangan"},{"$i":"error-pair-pincode","$v":"Tidak dapat berpasangan dengan peranti. Periksa bahawa PIN adalah betul."},{"$i":"error-pair-toofast","$v":"Tidak dapat berpasangan dengan peranti. Terlalu banyak permintaan."},{"$i":"error-pair-fail","$v":[{"t":"idOrVar","v":"devicename"}," tidak berpasangan dengan telefon anda."]},{"$i":"error-pair-checkpin","$v":"Adakah anda ingin cuba berpasangan dengan peranti ini sekali lagi?"},{"$i":"error-connect-title","$v":"Tidak dapat menyambung peranti"},{"$i":"error-connect-msg","$v":"Periksa bahawa peranti yang anda cuba sambungkan masih dalam julat dan Bluetooth dihidupkan."},{"$i":"unpair-title","$v":"Nyahpasangan peranti bersambung?"},{"$i":"unpair-msg","$v":"Anda kini bersambung kepada peranti ini. Nyahpasangan juga akan memutuskan sambungan daripadanya."},{"$i":"bluetooth","$v":"Bluetooth"},{"$i":"turn-bluetooth-on-title","$v":"Hidupkan Bluetooth"},{"$i":"bluetooth-status-description","$v":"Bluetooth dinyahdayakan"},{"$i":"turn-bluetooth-on","$v":"Bluetooth dinyahdayakan. Hidupkan Bluetooth?"},{"$i":"cancel","$v":"Batal"},{"$i":"turn-on","$v":"Hidupkan"},{"$i":"error-transfer-title","$v":"Pemindahan fail Bluetooth gagal"},{"$i":"error-transfer-settings","$v":"Pemindahan fail Bluetooth gagal. Periksa bahawa tetapan Bluetooth adalah betul."},{"$i":"ok","$v":"OK"},{"$i":"pair","$v":"Jadikan berpasangan"},{"$i":"active-pair","$v":"Mengesahkan peranti untuk dipasangkan"},{"$i":"active-pair-confirmation","$v":["Untuk berpasangan dengan ",{"t":"idOrVar","v":"device"},", pastikan bahawa kedua-dua peranti kini memaparkan PIN yang berikut:"]},{"$i":"active-pair-pincode","$v":["Untuk berpasangan dengan ",{"t":"idOrVar","v":"device"},", masukkan PIN pada peranti."]},{"$i":"active-pair-passkey","$v":["Untuk berpasangan dengan ",{"t":"idOrVar","v":"device"},", masukkan kekunci laluan pada peranti."]},{"$i":"passive-pair","$v":"Permintaan berpasangan Bluetooth"},{"$i":"passive-pair-confirmation","$v":"mahu dipasangkan dengan telefon ini. Untuk menerima, pastikan kedua-dua peranti mempunyai PIN berikut dipaparkan pada masa ini."},{"$i":"passive-pair-pincode","$v":["ingin berpasangan dengan telefon ini. Sila masukkan kod PIN pada ",{"t":"idOrVar","v":"device"}," yang anda ingin berpasangan dengannya. Tekan Pasangan untuk meneruskan."]},{"$i":"passive-pair-enterpincode","$v":["ingin berpasangan dengan telefon ini. Sila masukkan kod PIN pada ",{"t":"idOrVar","v":"device"}," yang anda ingin berpasangan dengannya. Tekan Pasangan untuk meneruskan."]},{"$i":"passive-pair-passkey","$v":["ingin berpasangan dengan telefon ini. Sila masukkan PIN ini pada ",{"t":"idOrVar","v":"device"}," yang anda ingin berpasangan dengannya dan tekan Pasangan untuk meneruskan."]},{"$i":"passive-pair-displaypasskey","$v":["ingin berpasangan dengan telefon ini. Sila masukkan PIN ini pada ",{"t":"idOrVar","v":"device"}," yang anda ingin berpasangan dengannya dan tekan Pasangan untuk meneruskan."]},{"$i":"passive-pair-consent","$v":"ingin berpasangan dengan telefon ini. Tekan Pasangan untuk meneruskan."},{"$i":"pin-input-title","$v":"Masukkan kod PIN"},{"$i":"pair-view-title","$v":"Permintaan Bluetooth"},{"$i":"bluetooth-pairing-request-now-title","$v":"Permintaan berpasangan Bluetooth"},{"$i":"pairing-request-timeout-title","$v":"Permintaan Berpasangan Bluetooth"},{"$i":"pairing-request-timeout-description","$v":"Permintaan berpasangan Bluetooth tamat tempoh. Cuba jadikan pasangan sekali lagi."},{"$i":"rescan","$v":"Imbas semula"},{"$i":"select-device","$v":"Pilih Peranti"},{"$i":"select","$v":"Pilih"},{"$i":"paired-with-device","$v":["Berpasangan dengan ",{"t":"idOrVar","v":"deviceName"},"."]},{"$i":"paired-failed","$v":["Gagal berpasangan dengan ",{"t":"idOrVar","v":"deviceName"},"."]}]