[{"$i":"bluetooth-header","$v":[{"t":"idOrVar","v":"bluetooth"}]},{"$i":"bluetooth-enable-msg","$v":"سیمه کې د الو د لیدو لپاره بلوتوت فعال کړئ."},{"$i":"bluetooth-paired-devices","$v":"وصل شوي الي"},{"$i":"bluetooth-devices-nearby","$v":"نږدي الې"},{"$i":"bt-nodevices-nearby","$v":"تږدي هیڅ اله پیدا نشوه."},{"$i":"bluetooth-visible-to-all","$v":"ټولو ته ښکاره"},{"$i":"bluetooth-name-maxlength-alert","$v":["ستاسو نوم د ",{"t":"idOrVar","v":"length"}," تورو څخه زیات دی. مهرباني وکړئ بیا هڅه وکړئ."]},{"$i":"bluetooth-address","$v":"بلوتوت ادرس"},{"$i":"bluetooth-address-unavailable","$v":"شتون نلري"},{"$i":"bt-status-nopaired","$v":"هیڅ ډول وسایل نه دي شامل شوي"},{"$i":"bt-status-turnoff","$v":"غیر فعال شو"},{"$i":"bt-status-paired","$v":{"few":[{"t":"idOrVar","v":"name"},", +",{"t":"idOrVar","v":"n"}," نور"],"many":[{"t":"idOrVar","v":"name"},", +",{"t":"idOrVar","v":"n"}," نور"],"one":[{"t":"idOrVar","v":"name"},", +",{"t":"idOrVar","v":"n"}," نور"],"other":[{"t":"idOrVar","v":"name"},", +",{"t":"idOrVar","v":"n"}," نور"],"two":[{"t":"idOrVar","v":"name"},", +",{"t":"idOrVar","v":"n"}," نور"],"zero":[{"t":"idOrVar","v":"name"}]},"$x":[{"t":"idOrVar","v":"plural"},"n"]},{"$i":"device-status-tap-connect","$v":"د جوړه کولو لپاره ‏ \"انتخاب کړئ\"‏ کیکاږئ"},{"$i":"device-status-pairing","$v":"د الي سره د اتصال په حال کې....."},{"$i":"device-status-waiting","$v":"د نورو الو لپاره انتظار"},{"$i":"device-status-paired","$v":"جوړه شو"},{"$i":"device-status-connecting","$v":"وصلیدل"},{"$i":"device-status-connected","$v":"وصل شو"},{"$i":"device-status-connected-phone","$v":"د ټیلیفون د آډیو سره وصل شو"},{"$i":"device-status-connected-media","$v":"د صوتي میډیا سره وصل شو"},{"$i":"device-status-connected-phone-media","$v":"د ټیلیفون/صوتي میډیا سره وصل شو"},{"$i":"device-option-unpair","$v":"ناڅاپه"},{"$i":"device-option-confirm","$v":"باوری کړئ"},{"$i":"device-option-unpair-confirmation","$v":"تصدیق"},{"$i":"device-option-unpair-device","$v":"ناپسندۍ وسیله؟"},{"$i":"device-option-connect","$v":"وصلول"},{"$i":"device-option-disconnect","$v":"قطعه کړئ"},{"$i":"search-for-device","$v":"د الو لپاره لټون"},{"$i":"search-device","$v":"د الو لپاره لټون وکړئ"},{"$i":"rename-device","$v":"زما د الې نوم بدل کړئ"},{"$i":"unnamed-device","$v":"نامعلومه اله"},{"$i":"change-phone-name","$v":"د ټیلیفون نوم بدل کړئ"},{"$i":"change-phone-name-desc","$v":"د خپلې الې داسې بدل کړئ څرنګه چې په کمپيوټر کې ښکاري"},{"$i":"bluetooth-new-name","$v":"نوی نوم"},{"$i":"error-pair-title","$v":"آله جوړه کول ناکام شو"},{"$i":"error-pair-pincode","$v":"اله جوړه کولی نشي. وګورئ چې PIN درست دی."},{"$i":"error-pair-toofast","$v":"د الي سره جوړه کیدای نشي. ډیر زیات درخواستونه."},{"$i":"error-pair-fail","$v":[{"t":"idOrVar","v":"devicename"}," ‏ له فون سره نه وصلیږي."]},{"$i":"error-pair-checkpin","$v":"تاسو ‎غواړئ‎ چې‎ بیاځلې‎ ددې‎ الې‎ سره‎ وصل‎ شئ؟"},{"$i":"error-connect-title","$v":"الي وصل کولی نشي"},{"$i":"error-connect-msg","$v":"معلوم کړئ دهغې الې سره چې تاسو د اتصال کوښښ کوئ اوس هم په سیمه کې موجود دی."},{"$i":"unpair-title","$v":"ایا یو وصل شوئ اله جلا کړئ؟"},{"$i":"unpair-msg","$v":"تاسو اوس مهال ددې الي پورې وصل یاست. بې جوړې کول به مو لدې څخه هم ارتبا قطعه کړي."},{"$i":"bluetooth","$v":"بلوتوت"},{"$i":"turn-bluetooth-on-title","$v":"بلوتوت فعال کړئ"},{"$i":"bluetooth-status-description","$v":"بلوتوټ نافعال دی"},{"$i":"turn-bluetooth-on","$v":"بلوتوت غیر فعال دی، غواړئ بلوتوت فعال کړئ؟"},{"$i":"cancel","$v":"لغوه کړئ"},{"$i":"turn-on","$v":"فعال کړئ"},{"$i":"error-transfer-title","$v":"د بلوتوت فایل لیږل ناکام شو"},{"$i":"error-transfer-settings","$v":"د بلوتوت فایل لیږل ناکام شو. وګورې چې د بلوتوت تنظیمات درست دي."},{"$i":"ok","$v":"اوکی"},{"$i":"pair","$v":"جوړه کړئ"},{"$i":"active-pair","$v":"د الو اتصال تصدیق کړئ"},{"$i":"active-pair-confirmation","$v":["د ",{"t":"idOrVar","v":"device"}," سره د جوړه کیدو لپاره، باوري کړئ چې اوس مهال دواړه الي لاندې ښودل شوی PIN لري."]},{"$i":"active-pair-pincode","$v":[{"t":"idOrVar","v":"device"}," سره د جوړه کیدو لپاره، په اله کې PIN داخل کړئ."]},{"$i":"active-pair-passkey","$v":["د ",{"t":"idOrVar","v":"device"}," سره د جوړه کیدو لپاره په اله کې پاس کي داخل کړئ‏."]},{"$i":"passive-pair","$v":"بلوتوت د اتصال غوښتنه"},{"$i":"passive-pair-confirmation","$v":"ایا تاسو غواړئ ددې الې سر جوړه شئ. د قبلولو لپاره، باوري کړئ چې دواړه الي اوس مهال لاندې ښودل شوی PIN لري:"},{"$i":"passive-pair-pincode","$v":["غواړي چې له دې فون سره جوړه شي. لطفاً دا PIN کوډ په هغه",{"t":"idOrVar","v":"device"}," کې ورکړئ له کومې سره چې تاسو جوړه کېدل غواړئ. د جوړه کېدو لپاره په پیر زور کړئ."]},{"$i":"passive-pair-enterpincode","$v":["غواړي چې له دې فون سره جوړه شي. لطفاً دا PIN کوډ په هغه",{"t":"idOrVar","v":"device"}," کې ورکړئ له کومې سره چې تاسو جوړه کېدل غواړئ. د جوړه کېدو لپاره په پیر زور کړئ."]},{"$i":"passive-pair-passkey","$v":["غواړي چې له دې فون سره جوړه شي. لطفاً دا PIN په هغه",{"t":"idOrVar","v":"device"}," کې ورکړئ له کومې سره چې تاسو جوړه کېدل غواړئ او د جوړه کېدو لپاره په پیر زور کړئ."]},{"$i":"passive-pair-displaypasskey","$v":["غواړي چې له دې فون سره جوړه شي. لطفاً دا PIN په هغه",{"t":"idOrVar","v":"device"}," کې ورکړئ له کومې سره چې تاسو جوړه کېدل غواړئ او د جوړه کېدو لپاره په پیر زور کړئ."]},{"$i":"passive-pair-consent","$v":"غواړي چې د دې فون سره جوړه شي. د جوړه کولو لپاره په پیر زور کړئ."},{"$i":"pin-input-title","$v":"‏PIN کوډ داخل کړﺉ:"},{"$i":"pair-view-title","$v":"د بلوتوت غوښتنه"},{"$i":"bluetooth-pairing-request-now-title","$v":"بلوتوت د اتصال غوښتنه"},{"$i":"pairing-request-timeout-title","$v":"بلوتوت د اتصال غوښتنه"},{"$i":"pairing-request-timeout-description","$v":"بلوتوت د اتصال وخت پای ته ورسید، د اتصال لپاره بیاځلې کوښښ وکړئ."},{"$i":"rescan","$v":"بیا سکن کړئ"},{"$i":"select-device","$v":"اله انتخاب کړئ"},{"$i":"select","$v":"انتخاب کړئ"},{"$i":"paired-with-device","$v":["وصل شوه ",{"t":"idOrVar","v":"deviceName"},"."]},{"$i":"paired-failed","$v":["وصل نشوه ",{"t":"idOrVar","v":"deviceName"},"."]}]