[{"$i":"bluetooth-header","$v":[{"t":"idOrVar","v":"bluetooth"}]},{"$i":"bluetooth-enable-msg","$v":"Activați funcția Bluetooth pentru a vedea dispozitivele din apropiere."},{"$i":"bluetooth-paired-devices","$v":"Dispozitive împerecheate"},{"$i":"bluetooth-devices-nearby","$v":"Dispozitive în apropiere"},{"$i":"bt-nodevices-nearby","$v":"Nu a fost găsit niciun dispozitiv în apropiere."},{"$i":"bluetooth-visible-to-all","$v":"Vizibil pentru toți"},{"$i":"bluetooth-name-maxlength-alert","$v":["Numele dispozitivului dvs. depășește limita de ",{"t":"idOrVar","v":"length"}," caractere. Încercați din nou."]},{"$i":"bluetooth-address","$v":"Adresă Bluetooth"},{"$i":"bluetooth-address-unavailable","$v":"Indisponibil"},{"$i":"bt-status-nopaired","$v":"Nu există dispozitive împerecheate"},{"$i":"bt-status-turnoff","$v":"Dezactivat"},{"$i":"bt-status-paired","$v":{"few":[{"t":"idOrVar","v":"name"},", + încă ",{"t":"idOrVar","v":"n"}],"many":[{"t":"idOrVar","v":"name"},", + încă ",{"t":"idOrVar","v":"n"}],"one":[{"t":"idOrVar","v":"name"},", + încă ",{"t":"idOrVar","v":"n"}],"other":[{"t":"idOrVar","v":"name"},", + încă ",{"t":"idOrVar","v":"n"}],"two":[{"t":"idOrVar","v":"name"},", + încă ",{"t":"idOrVar","v":"n"}],"zero":[{"t":"idOrVar","v":"name"}]},"$x":[{"t":"idOrVar","v":"plural"},"n"]},{"$i":"device-status-tap-connect","$v":"Apăsați \"Selectare\" pentru a efectua împerecherea"},{"$i":"device-status-pairing","$v":"Se împerechează cu dispozitivul..."},{"$i":"device-status-waiting","$v":"Se așteaptă celălalt dispozitiv..."},{"$i":"device-status-paired","$v":"Împerecheat"},{"$i":"device-status-connecting","$v":"Se conectează..."},{"$i":"device-status-connected","$v":"Conectat"},{"$i":"device-status-connected-phone","$v":"Conectat la sistemul audio al telefonului"},{"$i":"device-status-connected-media","$v":"Conectat la sistemul audio al dispozitivului media"},{"$i":"device-status-connected-phone-media","$v":"Conectat la sistemul audio al telefonului / dispozitivului media"},{"$i":"device-option-unpair","$v":"Anulare împerechere"},{"$i":"device-option-confirm","$v":"Confirmare"},{"$i":"device-option-unpair-confirmation","$v":"Confirmare"},{"$i":"device-option-unpair-device","$v":"Anulați împerecherea dispozitivului?"},{"$i":"device-option-connect","$v":"Conectare"},{"$i":"device-option-disconnect","$v":"Deconectare"},{"$i":"search-for-device","$v":"Se caută dispozitive..."},{"$i":"search-device","$v":"Căutare dispozitive"},{"$i":"rename-device","$v":"Redenumire dispozitiv"},{"$i":"unnamed-device","$v":"Dispozitiv necunoscut"},{"$i":"change-phone-name","$v":"Modificare nume telefon"},{"$i":"change-phone-name-desc","$v":"Modificați numele dispozitivului dvs. așa cum apare în computer"},{"$i":"bluetooth-new-name","$v":"Nume nou"},{"$i":"error-pair-title","$v":"Dispozitivul nu poate fi împerecheat"},{"$i":"error-pair-pincode","$v":"Împerechere imposibilă cu dispozitivul. Verificați dacă PIN-ul este corect."},{"$i":"error-pair-toofast","$v":"Împerechere imposibilă cu dispozitivul. Prea multe solicitări."},{"$i":"error-pair-fail","$v":[{"t":"idOrVar","v":"devicename"}," nu se împerechează cu telefonul dvs."]},{"$i":"error-pair-checkpin","$v":"Doriți să încercați să efectuați din nou împerecherea cu acest dispozitiv?"},{"$i":"error-connect-title","$v":"Dispozitivele nu pot fi conectate"},{"$i":"error-connect-msg","$v":"Verificați dacă dispozitivul cu care încercați să vă conectați se mai află în raza de acțiune și are funcția Bluetooth activată."},{"$i":"unpair-title","$v":"Anulați împerecherea pentru un dispozitiv conectat?"},{"$i":"unpair-msg","$v":"În prezent, sunteți conectat la acest dispozitiv. Dacă anulați împerecherea, vă veți deconecta de la acesta."},{"$i":"bluetooth","$v":"Bluetooth"},{"$i":"turn-bluetooth-on-title","$v":"Activați funcția Bluetooth"},{"$i":"bluetooth-status-description","$v":"Funcția Bluetooth este dezactivată"},{"$i":"turn-bluetooth-on","$v":"Funcția Bluetooth este dezactivată. O activați?"},{"$i":"cancel","$v":"Anulare"},{"$i":"turn-on","$v":"Activare"},{"$i":"error-transfer-title","$v":"Transferul de fișiere prin Bluetooth nu a reușit"},{"$i":"error-transfer-settings","$v":"Transferul de fișiere prin Bluetooth nu a reușit. Verificați dacă setările Bluetooth sunt corecte."},{"$i":"ok","$v":"OK"},{"$i":"pair","$v":"Împerechere"},{"$i":"active-pair","$v":"Confirmați dispozitivele de împerecheat"},{"$i":"active-pair-confirmation","$v":["Pentru a efectua împerecherea cu ",{"t":"idOrVar","v":"device"},", asigurați-vă că ambele dispozitive afișează în acest moment următorul cod PIN:"]},{"$i":"active-pair-pincode","$v":["Pentru a efectua împerecherea cu ",{"t":"idOrVar","v":"device"},", introduceți codul PIN afișat pe dispozitiv."]},{"$i":"active-pair-passkey","$v":["Pentru a efectua împerecherea cu ",{"t":"idOrVar","v":"device"},", introduceți parola afișată pe dispozitiv."]},{"$i":"passive-pair","$v":"Solicitare de împerechere prin Bluetooth"},{"$i":"passive-pair-confirmation","$v":"ar dori să se împerecheze cu acest telefon. Pentru a accepta, asigurați-vă că ambele dispozitive afișează în acest moment următorul cod PIN:"},{"$i":"passive-pair-pincode","$v":["dorește să realizeze împerecherea cu acest telefon. Introduceți codul PIN pe dispozitivul ",{"t":"idOrVar","v":"device"}," cu care doriți să realizați împerecherea. Pentru a continua, apăsați Împerechere."]},{"$i":"passive-pair-enterpincode","$v":["dorește să realizeze împerecherea cu acest telefon. Introduceți codul PIN pe dispozitivul ",{"t":"idOrVar","v":"device"}," cu care doriți să realizați împerecherea. Pentru a continua, apăsați Împerechere."]},{"$i":"passive-pair-passkey","$v":["dorește să realizeze împerecherea cu acest telefon. Introduceți acest cod PIN pe dispozitivul ",{"t":"idOrVar","v":"device"}," cu care doriți să realizați împerecherea și atingeți opțiunea Împerechere pentru a continua."]},{"$i":"passive-pair-displaypasskey","$v":["dorește să realizeze împerecherea cu acest telefon. Introduceți acest cod PIN pe dispozitivul ",{"t":"idOrVar","v":"device"}," cu care doriți să realizați împerecherea și atingeți opțiunea Împerechere pentru a continua."]},{"$i":"passive-pair-consent","$v":"dorește să realizeze împerecherea cu acest telefon. Pentru a continua, atingeți opțiunea Împerechere."},{"$i":"pin-input-title","$v":"Introduceți codul PIN"},{"$i":"pair-view-title","$v":"Solicitare Bluetooth"},{"$i":"bluetooth-pairing-request-now-title","$v":"Solicitare de împerechere prin Bluetooth"},{"$i":"pairing-request-timeout-title","$v":"Solicitare de împerechere prin Bluetooth"},{"$i":"pairing-request-timeout-description","$v":"Solicitarea de împerechere prin Bluetooth a expirat. Încercați să împerecheați din nou."},{"$i":"rescan","$v":"Căutați din nou"},{"$i":"select-device","$v":"Selectați dispozitivul"},{"$i":"select","$v":"Selectare"},{"$i":"paired-with-device","$v":["Împerecherea cu ",{"t":"idOrVar","v":"deviceName"}," a reușit."]},{"$i":"paired-failed","$v":["Împerecherea cu ",{"t":"idOrVar","v":"deviceName"}," nu a reușit."]}]