[{"$i":"bluetooth-header","$v":[{"t":"idOrVar","v":"bluetooth"}]},{"$i":"bluetooth-enable-msg","$v":"Включите Bluetooth для просмотра доступных устройств."},{"$i":"bluetooth-paired-devices","$v":"Сопряжённые Устройства"},{"$i":"bluetooth-devices-nearby","$v":"Соседние устройства"},{"$i":"bt-nodevices-nearby","$v":"Устройства не найдены."},{"$i":"bluetooth-visible-to-all","$v":"Видимый для Всех"},{"$i":"bluetooth-name-maxlength-alert","$v":["Имя вашего устройства превышает допустимую длину ",{"t":"idOrVar","v":"length"},". Повторите попытку."]},{"$i":"bluetooth-address","$v":"Адрес Bluetooth"},{"$i":"bluetooth-address-unavailable","$v":"Недоступно"},{"$i":"bt-status-nopaired","$v":"Нет сопряженных устройств"},{"$i":"bt-status-turnoff","$v":"ВЫКЛ"},{"$i":"bt-status-paired","$v":{"few":[{"t":"idOrVar","v":"name"},", +",{"t":"idOrVar","v":"n"}," ещё"],"many":[{"t":"idOrVar","v":"name"},", +",{"t":"idOrVar","v":"n"}," ещё"],"one":[{"t":"idOrVar","v":"name"},", +",{"t":"idOrVar","v":"n"}," ещё"],"other":[{"t":"idOrVar","v":"name"},", +",{"t":"idOrVar","v":"n"}," ещё"],"two":[{"t":"idOrVar","v":"name"},", +",{"t":"idOrVar","v":"n"}," ещё"],"zero":[{"t":"idOrVar","v":"name"}]},"$x":[{"t":"idOrVar","v":"plural"},"n"]},{"$i":"device-status-tap-connect","$v":"Для подключения нажмите \"Выбратьselect=Выбрать"},{"$i":"device-status-pairing","$v":"Подключение к устройству..."},{"$i":"device-status-waiting","$v":"Ожидание другого устройства..."},{"$i":"device-status-paired","$v":"Подключено"},{"$i":"device-status-connecting","$v":"Подключение..."},{"$i":"device-status-connected","$v":"Подключено"},{"$i":"device-status-connected-phone","$v":"Подключено к телефонному звуковому выходу и микрофонному входу"},{"$i":"device-status-connected-media","$v":"Подключено к мультимедийному звуковому выходу"},{"$i":"device-status-connected-phone-media","$v":"Подключено к телефону/мультимедийному звуковому выходу"},{"$i":"device-option-unpair","$v":"Отменить сопряжение"},{"$i":"device-option-confirm","$v":"Подтвердить"},{"$i":"device-option-unpair-confirmation","$v":"Подтверждение"},{"$i":"device-option-unpair-device","$v":"Отключить устройство?"},{"$i":"device-option-connect","$v":"Подключить"},{"$i":"device-option-disconnect","$v":"Отключить"},{"$i":"search-for-device","$v":"Поиск устройств..."},{"$i":"search-device","$v":"Поиск устройств"},{"$i":"rename-device","$v":"Переименовать устройство"},{"$i":"unnamed-device","$v":"Неизвестное устройство"},{"$i":"change-phone-name","$v":"Изменить Имя Телефона"},{"$i":"change-phone-name-desc","$v":"Измените имя своего устройства, как оно отображается на вашем компьютере"},{"$i":"bluetooth-new-name","$v":"Новое имя"},{"$i":"error-pair-title","$v":"Невозможно Подключить Устройство"},{"$i":"error-pair-pincode","$v":"Невозможно выполнить подключение к устройству. Убедитесь, что вы вводите правильный PIN-код."},{"$i":"error-pair-toofast","$v":"Не удается подключиться к устройству. Слишком много запросов."},{"$i":"error-pair-fail","$v":[{"t":"idOrVar","v":"devicename"}," не подключается к вашему телефону."]},{"$i":"error-pair-checkpin","$v":"Вы хотите попробовать снова подключиться к этому устройству?"},{"$i":"error-connect-title","$v":"Невозможно подключить устройства"},{"$i":"error-connect-msg","$v":"Убедитесь, что Bluetooth включен и устройство, с которым вы пытаетесь установить соединение, все ещё находится в зоне действия Bluetooth."},{"$i":"unpair-title","$v":"Отключить подключенное устройство?"},{"$i":"unpair-msg","$v":"В настоящее время вы подключены к этому устройству. Отмена соединения приведет к отключению от него."},{"$i":"bluetooth","$v":"Bluetooth"},{"$i":"turn-bluetooth-on-title","$v":"Включить Bluetooth"},{"$i":"bluetooth-status-description","$v":"Bluetooth выключен"},{"$i":"turn-bluetooth-on","$v":"Bluetooth отключен. Включить Bluetooth?"},{"$i":"cancel","$v":"Отмена"},{"$i":"turn-on","$v":"Включить"},{"$i":"error-transfer-title","$v":"Ошибка передачи файлов по Bluetooth"},{"$i":"error-transfer-settings","$v":"Ошибка передачи файлов по Bluetooth. Проверьте правильность настроек Bluetooth."},{"$i":"ok","$v":"OK"},{"$i":"pair","$v":"Сопряжение"},{"$i":"active-pair","$v":"Подтвердить устройства для сопряжения"},{"$i":"active-pair-confirmation","$v":["Чтобы установить подключение к ",{"t":"idOrVar","v":"device"},", убедитесь, что на обоих устройствах в настоящее время отображается следующий PIN-код:"]},{"$i":"active-pair-pincode","$v":["Чтобы подключиться к ",{"t":"idOrVar","v":"device"},", введите PIN-код на устройстве."]},{"$i":"active-pair-passkey","$v":["Чтобы подключиться к ",{"t":"idOrVar","v":"device"},", введите ключ доступа на устройстве."]},{"$i":"passive-pair","$v":"Запрос сопряжения Bluetooth"},{"$i":"passive-pair-confirmation","$v":"хочет подключиться к этому телефону. Чтобы принять запрос, убедитесь, что на обоих устройствах в настоящее время отображается следующий PIN-код:"},{"$i":"passive-pair-pincode","$v":["хотел бы подключиться к этому телефону. Введите PIN-код на ",{"t":"idOrVar","v":"device"}," к которому вы хотите подключиться. Для продолжения нажмите Подключиться."]},{"$i":"passive-pair-enterpincode","$v":["хотел бы подключиться к этому телефону. Введите PIN-код на ",{"t":"idOrVar","v":"device"}," к которому вы хотите подключиться. Для продолжения нажмите Подключиться."]},{"$i":"passive-pair-passkey","$v":["хотел бы подключиться к этому телефону. Введите PIN-код на ",{"t":"idOrVar","v":"device"}," к которому вы хотите подключиться и для продолжения нажмите Подключиться."]},{"$i":"passive-pair-displaypasskey","$v":["хотел бы подключиться к этому телефону. Введите PIN-код на ",{"t":"idOrVar","v":"device"}," к которому вы хотите подключиться и для продолжения нажмите Подключиться."]},{"$i":"passive-pair-consent","$v":"хотел бы подключиться к этому телефону. Для продолжения нажмите Подключиться."},{"$i":"pin-input-title","$v":"Введите PIN-код"},{"$i":"pair-view-title","$v":"Запрос Bluetooth"},{"$i":"bluetooth-pairing-request-now-title","$v":"Запрос Сопряжения Bluetooth"},{"$i":"pairing-request-timeout-title","$v":"Запрос Сопряжения Bluetooth"},{"$i":"pairing-request-timeout-description","$v":"Запрос на подключение Bluetooth истек. Попробуйте ещё раз."},{"$i":"rescan","$v":"Повторное сканирование"},{"$i":"select-device","$v":"Выбрать Устройство"},{"$i":"select","$v":"Select"},{"$i":"paired-with-device","$v":["Сопряжёно с ",{"t":"idOrVar","v":"deviceName"},"."]},{"$i":"paired-failed","$v":["Ошибка сопряжения с ",{"t":"idOrVar","v":"deviceName"},"."]}]