[{"$i":"bluetooth-header","$v":[{"t":"idOrVar","v":"bluetooth"}]},{"$i":"bluetooth-enable-msg","$v":"ප්‍රදේශය තුළ ඇති උපාංග බැලීමට Bluetooth ක්‍රියාත්මක කරන්න."},{"$i":"bluetooth-paired-devices","$v":"යුගලගත උපාංග"},{"$i":"bluetooth-devices-nearby","$v":"ආසන්න උපාංග"},{"$i":"bt-nodevices-nearby","$v":"කිසිදු ආසන්න උපාංගයක් හමු නොවීය."},{"$i":"bluetooth-visible-to-all","$v":"සියල්ලන්ට පෙනේ"},{"$i":"bluetooth-name-maxlength-alert","$v":["ඔබේ උපාංගයේ නම අකුරු ",{"t":"idOrVar","v":"length"}," ඉක්මයි. කරුණාකර නැවත උත්සාහ කරන්න."]},{"$i":"bluetooth-address","$v":"Bluetooth ලිපිනය"},{"$i":"bluetooth-address-unavailable","$v":"නොමැත"},{"$i":"bt-status-nopaired","$v":"උපාංගයන් යුගලනය නොවේ"},{"$i":"bt-status-turnoff","$v":"ක්‍රියා විරහිත කරන ලදි"},{"$i":"bt-status-paired","$v":{"few":[{"t":"idOrVar","v":"name"},", +",{"t":"idOrVar","v":"n"}," වැඩිදුර"],"many":[{"t":"idOrVar","v":"name"},", +",{"t":"idOrVar","v":"n"}," වැඩිදුර"],"one":[{"t":"idOrVar","v":"name"},", +",{"t":"idOrVar","v":"n"}," වැඩිදුර"],"other":[{"t":"idOrVar","v":"name"},", +",{"t":"idOrVar","v":"n"}," වැඩිදුර"],"two":[{"t":"idOrVar","v":"name"},", +",{"t":"idOrVar","v":"n"}," වැඩිදුර"],"zero":[{"t":"idOrVar","v":"name"}]},"$x":[{"t":"idOrVar","v":"plural"},"n"]},{"$i":"device-status-tap-connect","$v":"යුගල කිරීමට \"තෝරන්න\" ඔබන්න"},{"$i":"device-status-pairing","$v":"උපාංගය සමග යුගලගත කරයි…"},{"$i":"device-status-waiting","$v":"අනෙක් උපාංගය අපේක්ෂාවෙන්…"},{"$i":"device-status-paired","$v":"යුගලගත"},{"$i":"device-status-connecting","$v":"සම්බන්ධ වෙමින්…"},{"$i":"device-status-connected","$v":"සම්බන්ධ කරන ලදි"},{"$i":"device-status-connected-phone","$v":"දුරකථන ශ්‍රව්‍ය වෙත සම්බන්ධ කරන ලදි"},{"$i":"device-status-connected-media","$v":"මාධ්‍ය ශ්‍රව්‍ය වෙත සම්බන්ධ කරන ලදි"},{"$i":"device-status-connected-phone-media","$v":"දුරකථන/මාධ්‍ය ශ්‍රව්‍ය වෙත සම්බන්ධ කරන ලදි"},{"$i":"device-option-unpair","$v":"සමපාත වේ"},{"$i":"device-option-confirm","$v":"තහවුරු කරන්න"},{"$i":"device-option-unpair-confirmation","$v":"තහවුරු කිරීම"},{"$i":"device-option-unpair-device","$v":"උපපරිපාලන උපකරණයක්?"},{"$i":"device-option-connect","$v":"සම්බන්ධ කරන්න"},{"$i":"device-option-disconnect","$v":"විසන්ධි කරන්න"},{"$i":"search-for-device","$v":"උපාංග සොයයි…"},{"$i":"search-device","$v":"උපාංග සඳහා සොයන්න"},{"$i":"rename-device","$v":"මගේ උපාංගය නැවත නම් කරන්න"},{"$i":"unnamed-device","$v":"නොදන්නා උපාංගය"},{"$i":"change-phone-name","$v":"දුරකථනයේ නම වෙනස් කරන්න"},{"$i":"change-phone-name-desc","$v":"ඔබේ උපාංගයේ නම ඔබේ පරිගණකයේ පෙන්වන පරිදි වෙනස් කරන්න"},{"$i":"bluetooth-new-name","$v":"නව නම"},{"$i":"error-pair-title","$v":"උපාංගය යුගල කළ නොහැක"},{"$i":"error-pair-pincode","$v":"උපාංගය සමඟ යුගල කළ නොහැක. PIN නිවැරදිදැයි පරීක්ෂා කරන්න."},{"$i":"error-pair-toofast","$v":"උපාංගය සමඟ යුගල කළ නොහැක. බොහෝ ඉල්ලීම් තිබේ."},{"$i":"error-pair-fail","$v":[{"t":"idOrVar","v":"devicename"}," ඔබේ දුරකතනය සමගින් යුගලනය නොවේ."]},{"$i":"error-pair-checkpin","$v":"ඔබට මෙම උපාංගය සමග නැවත යුගල කිරීමට උත්සාහ කිරීමට අවශ්‍යද?"},{"$i":"error-connect-title","$v":"උපාංගවලට සම්බන්ධ කළ නොහැක"},{"$i":"error-connect-msg","$v":"ඔබ සම්බන්ධ වීමට උත්සාහ දරන උපාංගය තවමත් පරාසය තුළ පවතින බවටත් Bluetooth ඔන් කර ඇති බවටත් පරීක්ෂා කරන්න."},{"$i":"unpair-title","$v":"සම්බන්ධිත උපාංගයක යුගල වීම ඉවත් කරන්නද?"},{"$i":"unpair-msg","$v":"ඔබ දැනට මෙම උපාංගයට සම්බන්ධ වී සිටී. යුගලවීම් ඉවත් කිරීමෙන් එයින් විසන්ධි වීමද වේ."},{"$i":"bluetooth","$v":"Bluetooth"},{"$i":"turn-bluetooth-on-title","$v":"Bluetooth සක්‍රීය කරන්න"},{"$i":"bluetooth-status-description","$v":"බ්ලූටූත් අක්රීයව ඇත"},{"$i":"turn-bluetooth-on","$v":"Bluetooth අක්‍රීය කර තිබේ, ඔබට Bluetooth ඔන් කිරීමට අවශ්‍යද?"},{"$i":"cancel","$v":"අවලංගු කරන්න"},{"$i":"turn-on","$v":"සක්‍රීය කරන්න"},{"$i":"error-transfer-title","$v":"Bluetooth ගොනු මාරුව අසාර්ථකයි"},{"$i":"error-transfer-settings","$v":"Bluetooth ගොනු මාරුව අසාර්ථකයි. Bluetooth පසුතල නිවැරදිදැයි පරීක්ෂා කරන්න."},{"$i":"ok","$v":"OK"},{"$i":"pair","$v":"යුගල කරන්න"},{"$i":"active-pair","$v":"යුගල වන උපාංග තහවුරු කරන්න"},{"$i":"active-pair-confirmation","$v":[{"t":"idOrVar","v":"device"}," හා යුගලගත වීමට, උපාංග දෙකෙහිම පහත දැක්වෙන PIN ප්‍රදර්ශනය කළ යුතුය:"]},{"$i":"active-pair-pincode","$v":[{"t":"idOrVar","v":"device"},"හා යුගල වීමට, උපාංගයෙහි PIN ඇතුළු කරන්න."]},{"$i":"active-pair-passkey","$v":[{"t":"idOrVar","v":"device"}," හා යුගලගත වීමට, උපාංගයෙහි මුරකේතය ඇතුළු කරන්න."]},{"$i":"passive-pair","$v":"Bluetooth යුගලගත කිරීමේ ඉල්ලීම"},{"$i":"passive-pair-confirmation","$v":"මෙම දුරකථනය සමඟ යුගල වීමට කැමතියි. පිළිගැනීමට, උපාංග දෙකෙහිම පහත දැක්වෙන PIN දිස් වන බවට වග බලා ගන්න:"},{"$i":"passive-pair-pincode","$v":["මෙම දුරකථනය සමග යුගල කිරීමට කැමතිය. කරුණාකර ඔබ යුගල කිරීමට කැමති ",{"t":"idOrVar","v":"device"}," මත PIN කේතය ඇතුල් කරන්න. ඉදිරියට යාමට යුගල කරන්න තෝරන්න."]},{"$i":"passive-pair-enterpincode","$v":["මෙම දුරකථනය සමග යුගල කිරීමට කැමතිය. කරුණාකර ඔබ යුගල කිරීමට කැමති ",{"t":"idOrVar","v":"device"}," මත PIN කේතය ඇතුල් කරන්න. ඉදිරියට යාමට යුගල කරන්න තෝරන්න."]},{"$i":"passive-pair-passkey","$v":["මෙම දුරකථනය සමග යුගල කිරීමට කැමතිය. කරුණාකර මෙම PIN ඔබ යුගල කිරීමට කැමති ",{"t":"idOrVar","v":"device"}," මත ඇතුල් කර ඉදිරියට යාමට යුගල කරන්න ඔබන්න."]},{"$i":"passive-pair-displaypasskey","$v":["මෙම දුරකථනය සමග යුගල කිරීමට කැමතිය. කරුණාකර මෙම PIN ඔබ යුගල කිරීමට කැමති ",{"t":"idOrVar","v":"device"}," මත ඇතුල් කර ඉදිරියට යාමට යුගල කරන්න ඔබන්න."]},{"$i":"passive-pair-consent","$v":"මෙම දුරකථනය සමග යුගල කිරීමට කැමතිය. ඉදිරියට යාමට යුගල කරන්න තෝරන්න."},{"$i":"pin-input-title","$v":"PIN කේතය ඇතුල් කරන්න"},{"$i":"pair-view-title","$v":"Bluetooth ඉල්ලීම"},{"$i":"bluetooth-pairing-request-now-title","$v":"Bluetooth යුගලගත කිරීමේ ඉල්ලීම"},{"$i":"pairing-request-timeout-title","$v":"Bluetooth යුගලගත කිරීමේ ඉල්ලීම"},{"$i":"pairing-request-timeout-description","$v":"Bluetooth යුගලගත කිරීමේ ඉල්ලීම කල්ඉකුත්ව ඇත. නැවත යුගල කිරීමට උත්සාහ කරන්න."},{"$i":"rescan","$v":"නැවත ස්කෑන් කරන්න"},{"$i":"select-device","$v":"උපාංගය තෝරන්න"},{"$i":"select","$v":"තෝරන්න"},{"$i":"paired-with-device","$v":[{"t":"idOrVar","v":"deviceName"}," සමග යුගල කෙරිණි."]},{"$i":"paired-failed","$v":[{"t":"idOrVar","v":"deviceName"}," සමග යුගල කිරීමට අසමත් විය."]}]