[{"$i":"bluetooth-header","$v":[{"t":"idOrVar","v":"bluetooth"}]},{"$i":"bluetooth-enable-msg","$v":"Če si želite ogledati naprave v okolici, vklopite Bluetooth."},{"$i":"bluetooth-paired-devices","$v":"Seznanjene naprave"},{"$i":"bluetooth-devices-nearby","$v":"Naprave v bližini"},{"$i":"bt-nodevices-nearby","$v":"Naprav v bližini ni bilo mogoče najti."},{"$i":"bluetooth-visible-to-all","$v":"Viden vsem"},{"$i":"bluetooth-name-maxlength-alert","$v":["Ime naprave je daljše od ",{"t":"idOrVar","v":"length"}," znakov. Poskusite znova."]},{"$i":"bluetooth-address","$v":"Naslov za Bluetooth"},{"$i":"bluetooth-address-unavailable","$v":"Ni na voljo"},{"$i":"bt-status-nopaired","$v":"Nobena naprava ni seznanjena"},{"$i":"bt-status-turnoff","$v":"Izklopljeno"},{"$i":"bt-status-paired","$v":{"few":[{"t":"idOrVar","v":"name"}," in še ",{"t":"idOrVar","v":"n"}],"many":[{"t":"idOrVar","v":"name"}," in še ",{"t":"idOrVar","v":"n"}],"one":[{"t":"idOrVar","v":"name"}," in še ",{"t":"idOrVar","v":"n"}],"other":[{"t":"idOrVar","v":"name"}," in še ",{"t":"idOrVar","v":"n"}],"two":[{"t":"idOrVar","v":"name"}," in še ",{"t":"idOrVar","v":"n"}],"zero":[{"t":"idOrVar","v":"name"}]},"$x":[{"t":"idOrVar","v":"plural"},"n"]},{"$i":"device-status-tap-connect","$v":"Če želite opraviti seznanitev, pritisnite »Izberi«"},{"$i":"device-status-pairing","$v":"Seznanjanje z napravo ..."},{"$i":"device-status-waiting","$v":"Čakanje na drugo napravo ..."},{"$i":"device-status-paired","$v":"Seznanjeno"},{"$i":"device-status-connecting","$v":"Povezovanje …"},{"$i":"device-status-connected","$v":"Povezano"},{"$i":"device-status-connected-phone","$v":"Povezano z zvokom telefona"},{"$i":"device-status-connected-media","$v":"Povezano z zvokom predstavnosti"},{"$i":"device-status-connected-phone-media","$v":"Povezano z zvokom telefona/predstavnosti"},{"$i":"device-option-unpair","$v":"Razveljavi"},{"$i":"device-option-confirm","$v":"Potrdi"},{"$i":"device-option-unpair-confirmation","$v":"Potrditev"},{"$i":"device-option-unpair-device","$v":"Ali razdružite napravo?"},{"$i":"device-option-connect","$v":"Poveži"},{"$i":"device-option-disconnect","$v":"Prekini povezavo"},{"$i":"search-for-device","$v":"Iskanje naprav ..."},{"$i":"search-device","$v":"Išči naprave"},{"$i":"rename-device","$v":"Preimenuj mojo napravo"},{"$i":"unnamed-device","$v":"Neznana naprava"},{"$i":"change-phone-name","$v":"Spremeni ime telefona"},{"$i":"change-phone-name-desc","$v":"Spremenite ime naprave, prikazano v računalniku"},{"$i":"bluetooth-new-name","$v":"Novo ime"},{"$i":"error-pair-title","$v":"Naprave ni mogoče seznaniti"},{"$i":"error-pair-pincode","$v":"Seznanitve z napravo ni mogoče opraviti. Preverite, ali je koda PIN pravilna."},{"$i":"error-pair-toofast","$v":"Seznanitve z napravo ni mogoče opraviti zaradi prevelikega števila zahtev."},{"$i":"error-pair-fail","$v":["Naprava ",{"t":"idOrVar","v":"devicename"}," ni seznanjena z vašim telefonom."]},{"$i":"error-pair-checkpin","$v":"Želite znova poskusiti opraviti seznanitev s to napravo?"},{"$i":"error-connect-title","$v":"Povezave z napravami ni mogoče vzpostaviti"},{"$i":"error-connect-msg","$v":"Preverite, ali je naprava, s katero želite vzpostaviti povezavo, še vedno v dosegu in ali ima vklopljen Bluetooth."},{"$i":"unpair-title","$v":"Preklic seznan. povez. napr.?"},{"$i":"unpair-msg","$v":"S to napravo imate vzpostavljeno povezavo. Če prekličete seznanitev, boste povezavo prekinili."},{"$i":"bluetooth","$v":"Bluetooth"},{"$i":"turn-bluetooth-on-title","$v":"Vklop Bluetootha"},{"$i":"bluetooth-status-description","$v":"Bluetooth je onemogočen"},{"$i":"turn-bluetooth-on","$v":"Bluetooth je onemog. Ga želite vklopiti?"},{"$i":"cancel","$v":"Prekliči"},{"$i":"turn-on","$v":"Vklopi"},{"$i":"error-transfer-title","$v":"Prenos datoteke prek povezave Bluetooth ni uspel"},{"$i":"error-transfer-settings","$v":"Prenos datoteke prek povezave Bluetooth ni uspel. Preverite, ali so nastavitve za Bluetooth pravilne."},{"$i":"ok","$v":"V redu"},{"$i":"pair","$v":"Seznani"},{"$i":"active-pair","$v":"Potrdite napravi za seznanitev"},{"$i":"active-pair-confirmation","$v":["Če želite opraviti seznanitev z napravo ",{"t":"idOrVar","v":"device"},", se prepričajte, da je na obeh napravah prikazana ta koda PIN:"]},{"$i":"active-pair-pincode","$v":["Če želite opraviti seznanitev z napravo ",{"t":"idOrVar","v":"device"},", v njej vnesite kodo PIN."]},{"$i":"active-pair-passkey","$v":["Če želite opraviti seznanitev z napravo ",{"t":"idOrVar","v":"device"},", v njej vnesite geslo."]},{"$i":"passive-pair","$v":"Zahteva za seznanitev naprave Bluetooth"},{"$i":"passive-pair-confirmation","$v":"želi izvesti seznanitev s tem telefonom. Če želite sprejeti zahtevo, se prepričajte, da je v obeh napravah prikazana ta koda PIN:"},{"$i":"passive-pair-pincode","$v":["želi opraviti seznanitev s tem telefonom. Vnesite kodo PIN na napravi ",{"t":"idOrVar","v":"device"},", s katero želite opraviti seznanitev. Nato pritisnite »Seznani« za nadaljevanje."]},{"$i":"passive-pair-enterpincode","$v":["želi opraviti seznanitev s tem telefonom. Vnesite kodo PIN na napravi ",{"t":"idOrVar","v":"device"},", s katero želite opraviti seznanitev. Nato pritisnite »Seznani« za nadaljevanje."]},{"$i":"passive-pair-passkey","$v":["želi opraviti seznanitev s tem telefonom. Vnesite to kodo PIN na napravi ",{"t":"idOrVar","v":"device"},", s katero želite opraviti seznanitev, in pritisnite »Seznani« za nadaljevanje."]},{"$i":"passive-pair-displaypasskey","$v":["želi opraviti seznanitev s tem telefonom. Vnesite to kodo PIN na napravi ",{"t":"idOrVar","v":"device"},", s katero želite opraviti seznanitev, in pritisnite »Seznani« za nadaljevanje."]},{"$i":"passive-pair-consent","$v":"želi opraviti seznanitev s tem telefonom. Za nadaljevanje pritisnite »Seznani«."},{"$i":"pin-input-title","$v":"Vnesite kodo PIN"},{"$i":"pair-view-title","$v":"Zahteva Bluetooth"},{"$i":"bluetooth-pairing-request-now-title","$v":"Zahteva za seznanitev naprave Bluetooth"},{"$i":"pairing-request-timeout-title","$v":"Zahteva za seznanitev naprave Bluetooth"},{"$i":"pairing-request-timeout-description","$v":"Zahteva za seznanitev naprave Bluetooth je potekla. Poskusite znova opraviti seznanitev."},{"$i":"rescan","$v":"Preišči znova"},{"$i":"select-device","$v":"Izberite napravo"},{"$i":"select","$v":"Izberi"},{"$i":"paired-with-device","$v":["Seznanjeno z napravo ",{"t":"idOrVar","v":"deviceName"},"."]},{"$i":"paired-failed","$v":["Seznanitev z napravo ",{"t":"idOrVar","v":"deviceName"}," ni uspela."]}]