[{"$i":"bluetooth-header","$v":[{"t":"idOrVar","v":"bluetooth"}]},{"$i":"bluetooth-enable-msg","$v":"Aktivizo \"Bluetooth\" për të parë pajisjet në zonë."},{"$i":"bluetooth-paired-devices","$v":"Pajisjet e çiftuara"},{"$i":"bluetooth-devices-nearby","$v":"Pajisjet në afërsi"},{"$i":"bt-nodevices-nearby","$v":"Nuk e gjetën pajisje në afërsi."},{"$i":"bluetooth-visible-to-all","$v":"I dukshëm për të gjithë"},{"$i":"bluetooth-name-maxlength-alert","$v":["Emri i pajisjes tejkalon ",{"t":"idOrVar","v":"length"}," germa. Provo sërish."]},{"$i":"bluetooth-address","$v":"Adresa e \"Bluetooth"},{"$i":"bluetooth-address-unavailable","$v":"Nuk disponohet"},{"$i":"bt-status-nopaired","$v":"Asnjë pajisje nuk është çiftuar"},{"$i":"bt-status-turnoff","$v":"Joaktive"},{"$i":"bt-status-paired","$v":{"few":[{"t":"idOrVar","v":"name"},", +",{"t":"idOrVar","v":"n"}," të tjera"],"many":[{"t":"idOrVar","v":"name"},", +",{"t":"idOrVar","v":"n"}," të tjera"],"one":[{"t":"idOrVar","v":"name"},", +",{"t":"idOrVar","v":"n"}," të tjera"],"other":[{"t":"idOrVar","v":"name"},", +",{"t":"idOrVar","v":"n"}," të tjera"],"two":[{"t":"idOrVar","v":"name"},", +",{"t":"idOrVar","v":"n"}," të tjera"],"zero":[{"t":"idOrVar","v":"name"}]},"$x":[{"t":"idOrVar","v":"plural"},"n"]},{"$i":"device-status-tap-connect","$v":"Shtyp \"Zgjidh\"\\ për t'u çiftuar"},{"$i":"device-status-pairing","$v":"Po çiftohet me pajisjen…"},{"$i":"device-status-waiting","$v":"Po pritet për pajisje tjetër…"},{"$i":"device-status-paired","$v":"Çiftuar"},{"$i":"device-status-connecting","$v":"Po lidhet…"},{"$i":"device-status-connected","$v":"Lidhur"},{"$i":"device-status-connected-phone","$v":"Lidhur me audion e telefonit"},{"$i":"device-status-connected-media","$v":"Lidhur me audion e multimedias"},{"$i":"device-status-connected-phone-media","$v":"Lidhur me audion e telefonit/multimedias"},{"$i":"device-option-unpair","$v":"anuluar çiftimin"},{"$i":"device-option-confirm","$v":"Konfirmo"},{"$i":"device-option-unpair-confirmation","$v":"Konfirmimi"},{"$i":"device-option-unpair-device","$v":"Pajisja e çarmatosur?"},{"$i":"device-option-connect","$v":"Lidhu"},{"$i":"device-option-disconnect","$v":"Shkëputu"},{"$i":"search-for-device","$v":"Po kërkohet për pajisje…"},{"$i":"search-device","$v":"Kërko për pajisje"},{"$i":"rename-device","$v":"Riemërto pajisjen time"},{"$i":"unnamed-device","$v":"Pajisje e panjohur"},{"$i":"change-phone-name","$v":"Ndrysho emrin e telefonit"},{"$i":"change-phone-name-desc","$v":"Ndrysho emrin e pajisjes siç shfaqet në kompjuter"},{"$i":"bluetooth-new-name","$v":"Emri i ri"},{"$i":"error-pair-title","$v":"Pajisja nuk lidhet dot"},{"$i":"error-pair-pincode","$v":"Nuk çiftohet dot me pajisjen. Kontrollo nëse PIN është i saktë."},{"$i":"error-pair-toofast","$v":"Nuk çiftohet dot me pajisjen. Shumë kërkesa."},{"$i":"error-pair-fail","$v":[{"t":"idOrVar","v":"devicename"}," nuk po çiftohet me telefonin."]},{"$i":"error-pair-checkpin","$v":"Të provohet sërish çiftimi me këtë pajisje?"},{"$i":"error-connect-title","$v":"Nuk lidh dot pajisje"},{"$i":"error-connect-msg","$v":"Kontrollo nëse pajisja me të cilën po përpiqesh të lidhesh është ende brenda rrezes dhe e ka \"Bluetooth\" aktiv."},{"$i":"unpair-title","$v":"Do të heq. çiftimin e një pajis. të lidhur?"},{"$i":"unpair-msg","$v":"Aktualisht je i lidhur me pajisjen. Heqja e çiftimit do të të shkëpusë prej saj."},{"$i":"bluetooth","$v":"Bluetooth"},{"$i":"turn-bluetooth-on-title","$v":"Aktivizo \"Bluetooth"},{"$i":"bluetooth-status-description","$v":"Bluetooth është çaktivizuar"},{"$i":"turn-bluetooth-on","$v":"Bluetooth\" joakt. Të aktivizohet?"},{"$i":"cancel","$v":"Anulo"},{"$i":"turn-on","$v":"Aktivizo"},{"$i":"error-transfer-title","$v":"Skedarët nuk u transferuan dot me \"Bluetooth"},{"$i":"error-transfer-settings","$v":"Skedarët nuk u transferuan dot me \"Bluetooth\". Kontrolloni nëse cilësimet e \"Bluetooth\" janë të sakta."},{"$i":"ok","$v":"OK"},{"$i":"pair","$v":"Çifto"},{"$i":"active-pair","$v":"Konf. pajisjet për çiftim"},{"$i":"active-pair-confirmation","$v":["Për t'u çiftuar me ",{"t":"idOrVar","v":"device"},", sigurohu që të dyja pajisjet të tregojnë PIN më poshtë:"]},{"$i":"active-pair-pincode","$v":["Për t'u lidhur me ",{"t":"idOrVar","v":"device"},", jep PIN në pajisje."]},{"$i":"active-pair-passkey","$v":["Për t'u çiftuar me ",{"t":"idOrVar","v":"device"},", jep kodkalimin në pajisje."]},{"$i":"passive-pair","$v":"Kërkesë çiftimi me \"Bluetooth"},{"$i":"passive-pair-confirmation","$v":"dëshiron të çiftohet me këtë telefon. Për të pranuar, sigurohu që të dyja pajisjet të kenë të shfaqur PIN e mëposhtëm:"},{"$i":"passive-pair-pincode","$v":["kërkon çiftim me këtë telefon. Jep kodin PIN në ",{"t":"idOrVar","v":"device"}," për të cilën kërkon çiftim. Shtyp \"Çiftim\" për të vazhduar."]},{"$i":"passive-pair-enterpincode","$v":["kërkon çiftim me këtë telefon. Jep kodin PIN në ",{"t":"idOrVar","v":"device"}," për të cilën kërkon çiftim. Shtyp \"Çiftim\" për të vazhduar."]},{"$i":"passive-pair-passkey","$v":["kërkon çiftim me këtë telefon. Jep këtë PIN në ",{"t":"idOrVar","v":"device"}," për të cilën kërkon çiftim dhe shtyp \"Çiftim\" për të vazhduar."]},{"$i":"passive-pair-displaypasskey","$v":["kërkon çiftim me këtë telefon. Jep këtë PIN në ",{"t":"idOrVar","v":"device"}," për të cilën kërkon çiftim dhe shtyp \"Çiftim\" për të vazhduar."]},{"$i":"passive-pair-consent","$v":"kërkon çiftim me këtë telefon. Shtyp \"Çiftim\" për të vazhduar."},{"$i":"pin-input-title","$v":"Jep kodin PIN"},{"$i":"pair-view-title","$v":"Kërkesë për \"Bluetooth"},{"$i":"bluetooth-pairing-request-now-title","$v":"Kërkesë çiftimi me \"Bluetooth"},{"$i":"pairing-request-timeout-title","$v":"Kërkesë çiftimi me \"Bluetooth"},{"$i":"pairing-request-timeout-description","$v":"Kërkesa e çiftimit me \"Bluetooth\" skadoi. Provo ta çiftosh sërish."},{"$i":"rescan","$v":"Riskano"},{"$i":"select-device","$v":"Zgjidh pajisjen"},{"$i":"select","$v":"Zgjidh"},{"$i":"paired-with-device","$v":["Çiftuar me ",{"t":"idOrVar","v":"deviceName"},"."]},{"$i":"paired-failed","$v":["Nuk u çiftua dot me ",{"t":"idOrVar","v":"deviceName"},"."]}]