[{"$i":"bluetooth-header","$v":[{"t":"idOrVar","v":"bluetooth"}]},{"$i":"bluetooth-enable-msg","$v":"Sätt på Bluetooth för att se enheter i det här området."},{"$i":"bluetooth-paired-devices","$v":"Kopplade enheter"},{"$i":"bluetooth-devices-nearby","$v":"Enheter i närheten"},{"$i":"bt-nodevices-nearby","$v":"Inga enheter hittades i närheten."},{"$i":"bluetooth-visible-to-all","$v":"Synlig för alla"},{"$i":"bluetooth-name-maxlength-alert","$v":["Ditt enhetsnamn är längre än ",{"t":"idOrVar","v":"length"}," tecken. Försök igen."]},{"$i":"bluetooth-address","$v":"Bluetoothadress"},{"$i":"bluetooth-address-unavailable","$v":"Ej tillgänglig"},{"$i":"bt-status-nopaired","$v":"Inga enheter kopplade"},{"$i":"bt-status-turnoff","$v":"Avstängd"},{"$i":"bt-status-paired","$v":{"few":[{"t":"idOrVar","v":"name"},", +",{"t":"idOrVar","v":"n"}," fler"],"many":[{"t":"idOrVar","v":"name"},", +",{"t":"idOrVar","v":"n"}," fler"],"one":[{"t":"idOrVar","v":"name"},", +",{"t":"idOrVar","v":"n"}," till"],"other":[{"t":"idOrVar","v":"name"},", +",{"t":"idOrVar","v":"n"}," fler"],"two":[{"t":"idOrVar","v":"name"},", +",{"t":"idOrVar","v":"n"}," fler"],"zero":[{"t":"idOrVar","v":"name"}]},"$x":[{"t":"idOrVar","v":"plural"},"n"]},{"$i":"device-status-tap-connect","$v":"Tryck på \"Markera\" för att koppla ihop"},{"$i":"device-status-pairing","$v":"Kopplar ihop med enhet…"},{"$i":"device-status-waiting","$v":"Väntar på annan enhet…"},{"$i":"device-status-paired","$v":"Kopplad"},{"$i":"device-status-connecting","$v":"Ansluter…"},{"$i":"device-status-connected","$v":"Ansluten"},{"$i":"device-status-connected-phone","$v":"Ansluten till telefonljud"},{"$i":"device-status-connected-media","$v":"Ansluten till medialjud"},{"$i":"device-status-connected-phone-media","$v":"Ansluten till telefon-/medialjud"},{"$i":"device-option-unpair","$v":"Ta bort parkoppling"},{"$i":"device-option-confirm","$v":"Bekräfta"},{"$i":"device-option-unpair-confirmation","$v":"Bekräftelse"},{"$i":"device-option-unpair-device","$v":"Unpair enhet?"},{"$i":"device-option-connect","$v":"Anslut"},{"$i":"device-option-disconnect","$v":"Koppla från"},{"$i":"search-for-device","$v":"Söker efter enheter..."},{"$i":"search-device","$v":"Sök efter enheter"},{"$i":"rename-device","$v":"Byt namn på min enhet"},{"$i":"unnamed-device","$v":"Okänd enhet"},{"$i":"change-phone-name","$v":"Ändra telefonens namn"},{"$i":"change-phone-name-desc","$v":"Ändra det namn på din enhet så som det visas i en dator"},{"$i":"bluetooth-new-name","$v":"Nytt namn"},{"$i":"error-pair-title","$v":"Kunde ej koppla enheter"},{"$i":"error-pair-pincode","$v":"Det går inte att koppla till enheten. Kontrollera att PIN-koden är korrekt."},{"$i":"error-pair-toofast","$v":"Det går inte att koppla till. För många förfrågningar."},{"$i":"error-pair-fail","$v":[{"t":"idOrVar","v":"devicename"}," kopplar inte till din telefon."]},{"$i":"error-pair-checkpin","$v":"Vill du prova att koppla denna enhet igen?"},{"$i":"error-connect-title","$v":"Det går inte att ansluta enheter"},{"$i":"error-connect-msg","$v":"Kontrollera att den enhet du försöker ansluta till är inom räckhåll och har Bluetooth på."},{"$i":"unpair-title","$v":"Koppla bort en kopplad enhet?"},{"$i":"unpair-msg","$v":"Du är för närvarande ansluten till denna enhet. Bortkoppling kommer också att koppla bort från den."},{"$i":"bluetooth","$v":"Bluetooth"},{"$i":"turn-bluetooth-on-title","$v":"Sätt på Bluetooth"},{"$i":"bluetooth-status-description","$v":"Bluetooth är inaktiverat"},{"$i":"turn-bluetooth-on","$v":"Bluetooth inaktiv. starta Bluetooth?"},{"$i":"cancel","$v":"Avbryt"},{"$i":"turn-on","$v":"Sätt på"},{"$i":"error-transfer-title","$v":"Filöverföring via Bluetooth misslyckades"},{"$i":"error-transfer-settings","$v":"Filöverföring via Bluetooth misslyckades. Kontrollera att Bluetooth-inställningarna är korrekta."},{"$i":"ok","$v":"OK"},{"$i":"pair","$v":"Koppla"},{"$i":"active-pair","$v":"Bekr. enheter att koppla"},{"$i":"active-pair-confirmation","$v":["För att koppla till ",{"t":"idOrVar","v":"device"},", se till att båda enheterna visar följande PIN:"]},{"$i":"active-pair-pincode","$v":["För att koppla till ",{"t":"idOrVar","v":"device"},", ange PIN-kod på enheten."]},{"$i":"active-pair-passkey","$v":["För att koppla till ",{"t":"idOrVar","v":"device"},", ange lösenordet på enheten."]},{"$i":"passive-pair","$v":"Bluetooth-anslutningsförfrågan"},{"$i":"passive-pair-confirmation","$v":"vill koppla ihop sig med den här telefonen. För att acceptera, se till att båda enheterna visar följande PIN-kod:"},{"$i":"passive-pair-pincode","$v":["vill koppla upp till den här telefonen. Ange PIN-koden på den ",{"t":"idOrVar","v":"device"}," du vill koppla upp till och tryck på Koppla för att fortsätta."]},{"$i":"passive-pair-enterpincode","$v":["vill koppla upp till den här telefonen. Ange PIN-koden på den ",{"t":"idOrVar","v":"device"}," du vill koppla upp till och tryck på Koppla för att fortsätta."]},{"$i":"passive-pair-passkey","$v":["vill koppla upp till den här telefonen. Ange denna PIN på den ",{"t":"idOrVar","v":"device"}," du vill koppla upp till och tryck på Koppla för att fortsätta."]},{"$i":"passive-pair-displaypasskey","$v":["vill koppla upp till den här telefonen. Ange denna PIN på den ",{"t":"idOrVar","v":"device"}," du vill koppla upp till och tryck på Koppla för att fortsätta."]},{"$i":"passive-pair-consent","$v":"vill koppla upp till den här telefonen. Tryck på Koppla för att fortsätta."},{"$i":"pin-input-title","$v":"Ange PIN-kod"},{"$i":"pair-view-title","$v":"Bluetooth-förfrågan"},{"$i":"bluetooth-pairing-request-now-title","$v":"Bluetooth-anslutningsförfrågan"},{"$i":"pairing-request-timeout-title","$v":"Bluetooth-anslutningsförfrågan"},{"$i":"pairing-request-timeout-description","$v":"Bluetooth-anslutningsförfrågan har förfallit. Försök att ansluta igen."},{"$i":"rescan","$v":"Skanna igen"},{"$i":"select-device","$v":"Välj enhet"},{"$i":"select","$v":"Markera"},{"$i":"paired-with-device","$v":["Kopplad med ",{"t":"idOrVar","v":"deviceName"},"."]},{"$i":"paired-failed","$v":["Kopplade inte med ",{"t":"idOrVar","v":"deviceName"},"."]}]