[{"$i":"bluetooth-header","$v":[{"t":"idOrVar","v":"bluetooth"}]},{"$i":"bluetooth-enable-msg","$v":"Washa Bluetooth ili utazame vifaa vilivyo katika eneo."},{"$i":"bluetooth-paired-devices","$v":"Vifaa Vilivyooanishwa"},{"$i":"bluetooth-devices-nearby","$v":"Vifaa Vilivyo Karibu"},{"$i":"bt-nodevices-nearby","$v":"Hakuna vifaa vinapatikana karibu."},{"$i":"bluetooth-visible-to-all","$v":"Inaonekana na Watu Wote"},{"$i":"bluetooth-name-maxlength-alert","$v":["Kifaa chako kimezidisha vibambo ",{"t":"idOrVar","v":"length"},". Tafadhali jaribu tena baadaye."]},{"$i":"bluetooth-address","$v":"Anwani ya Bluetooth"},{"$i":"bluetooth-address-unavailable","$v":"Haipatikani"},{"$i":"bt-status-nopaired","$v":"Hakuna vifaa vimeoanishwa"},{"$i":"bt-status-turnoff","$v":"Imazimwa"},{"$i":"bt-status-paired","$v":{"few":[{"t":"idOrVar","v":"name"},", +",{"t":"idOrVar","v":"n"}," zaidi"],"many":[{"t":"idOrVar","v":"name"},", +",{"t":"idOrVar","v":"n"}," zaidi"],"one":[{"t":"idOrVar","v":"name"},", +",{"t":"idOrVar","v":"n"}," zaidi"],"other":[{"t":"idOrVar","v":"name"},", +",{"t":"idOrVar","v":"n"}," zaidi"],"two":[{"t":"idOrVar","v":"name"},", +",{"t":"idOrVar","v":"n"}," zaidi"],"zero":[{"t":"idOrVar","v":"name"}]},"$x":[{"t":"idOrVar","v":"plural"},"n"]},{"$i":"device-status-tap-connect","$v":"Bonyeza \"Chagua\" ili uoanishe"},{"$i":"device-status-pairing","$v":"Inaoanishwa na kifaa..."},{"$i":"device-status-waiting","$v":"Kinasubiti kifaa hicho kingine..."},{"$i":"device-status-paired","$v":"Kimeoanishwa"},{"$i":"device-status-connecting","$v":"Inaunganishwa..."},{"$i":"device-status-connected","$v":"Imeunganishwa"},{"$i":"device-status-connected-phone","$v":"Kimeunganishwa kwenye sauti ya simu"},{"$i":"device-status-connected-media","$v":"Kimeunganishwa kwenye sauti ya media"},{"$i":"device-status-connected-phone-media","$v":"Kimeunganishwa kwenye sauti ya simu/media"},{"$i":"device-option-unpair","$v":"Tengua uoanishaji"},{"$i":"device-option-confirm","$v":"Thibitisha"},{"$i":"device-option-unpair-confirmation","$v":"Uthibitishaji"},{"$i":"device-option-unpair-device","$v":"Unataka kutengua uoanishaji wa kifaa?"},{"$i":"device-option-connect","$v":"Unganisha"},{"$i":"device-option-disconnect","$v":"Tenganisha"},{"$i":"search-for-device","$v":"Inatafuta vifaa..."},{"$i":"search-device","$v":"Tafuta vifaa"},{"$i":"rename-device","$v":"Badilisha jina la kifaa changu"},{"$i":"unnamed-device","$v":"Kifaa kisichojulikana"},{"$i":"change-phone-name","$v":"Badilisha Jina la Simu"},{"$i":"change-phone-name-desc","$v":"Badilisha jina la kifaa chako kama linavyoonekana katika kompyuta yako"},{"$i":"bluetooth-new-name","$v":"Jina kipya"},{"$i":"error-pair-title","$v":"Hujaweza Kuoanisha Kifaa"},{"$i":"error-pair-pincode","$v":"Hakiwezi kuoanisha na kifaa hicho. Hakikisha PIN ni sahihi."},{"$i":"error-pair-toofast","$v":"Hakiwezi kuoanisha na kifaa hicho. Kuna maagizo mengi sana."},{"$i":"error-pair-fail","$v":[{"t":"idOrVar","v":"devicename"}," hakioanishi na simu yako."]},{"$i":"error-pair-checkpin","$v":"Unataka kujaribu kuoanisha na kifaa hiki tena?"},{"$i":"error-connect-title","$v":"Huwezi kuunganisha vifaa"},{"$i":"error-connect-msg","$v":"Hakikisha kwamba kifaa unachojaribu kuunganisha nacho bado kiko karibu na Bluetooth imewashwa."},{"$i":"unpair-title","$v":"Ungependa kutengua uoanishaji wa kifaa kilichounganishwa?"},{"$i":"unpair-msg","$v":"Umeunganishwa kwenye kifaa hiki kwa sasa. Kutengua uoanishaji pia kutakitenganisha."},{"$i":"bluetooth","$v":"Bluetooth"},{"$i":"turn-bluetooth-on-title","$v":"Washa Bluetooth"},{"$i":"bluetooth-status-description","$v":"Bluetooth imelemazwa"},{"$i":"turn-bluetooth-on","$v":"Bluetooth imezimwa. Ungependa kuwasha Bluetooth?"},{"$i":"cancel","$v":"Ghairi"},{"$i":"turn-on","$v":"Washa"},{"$i":"error-transfer-title","$v":"Uhamishaji wa faili kupitia Bluetooth haijafaulu"},{"$i":"error-transfer-settings","$v":"Uhamishaji wa faili kupitia Bluetooth haijafaulu. Hakikisha kwamba mipangilio ya Bluetooth ni sahihi."},{"$i":"ok","$v":"SAWA"},{"$i":"pair","$v":"Oanisha"},{"$i":"active-pair","$v":"Thibitisha kifaa cha kuoanisha"},{"$i":"active-pair-confirmation","$v":["Ili uoanishe na ",{"t":"idOrVar","v":"device"},", hakikisha kwamba vifaa vyote viwili vinaonyesha PIN inyaofuata kwa sasa:"]},{"$i":"active-pair-pincode","$v":["Ili uoanishe na ",{"t":"idOrVar","v":"device"},", ingiza PIN kwenye kifaa."]},{"$i":"active-pair-passkey","$v":["Ili uoanishe na ",{"t":"idOrVar","v":"device"},", ingiza nenosiri kwenye kifaa."]},{"$i":"passive-pair","$v":"Ombi la kuoanisha Bluetooth"},{"$i":"passive-pair-confirmation","$v":"ingependa kuoanisha na simu hii. Ili ukubali, hakikisha kwamba vifaa vyote viwili vinaonyesha PIN inyaofuata kwa sasa:"},{"$i":"passive-pair-pincode","$v":["ingependa kuoanisha na simu hii. Tafadhali ingiza msimbo wa PIN ya ",{"t":"idOrVar","v":"device"}," ambayo ungependa kuunganisha nayo. Tafadhali Oanisha ili uendelee."]},{"$i":"passive-pair-enterpincode","$v":["ingependa kuoanisha na simu hii. Tafadhali ingiza msimbo wa PIN ya ",{"t":"idOrVar","v":"device"}," ambayo ungependa kuunganisha nayo. Tafadhali Oanisha ili uendelee."]},{"$i":"passive-pair-passkey","$v":["ingependa kuoanisha na simu hii. Tafadhali andika PIN hii kwenye ",{"t":"idOrVar","v":"device"}," ambayo ungependa kuunganisha nayo kisha ubonyeze Oanisha ili uendelee."]},{"$i":"passive-pair-displaypasskey","$v":["ingependa kuoanisha na simu hii. Tafadhali andika PIN hii kwenye ",{"t":"idOrVar","v":"device"}," ambayo ungependa kuunganisha nayo kisha ubonyeze Oanisha ili uendelee."]},{"$i":"passive-pair-consent","$v":"ingependa kuoanisha na simu hii. Tafadhali Oanisha ili uendelee."},{"$i":"pin-input-title","$v":"Ingiza msimbo wa PIN"},{"$i":"pair-view-title","$v":"Agizo la Bluetooth"},{"$i":"bluetooth-pairing-request-now-title","$v":"Ombi la Kuoanisha Bluetooth"},{"$i":"pairing-request-timeout-title","$v":"Ombi la Kuoanisha Bluetooth"},{"$i":"pairing-request-timeout-description","$v":"Ombi la kuoanisha Bluetooth limechina. Jaribu kuoanisha tena."},{"$i":"rescan","$v":"Tafuta"},{"$i":"select-device","$v":"Chagua Kifaa"},{"$i":"select","$v":"Chagua"},{"$i":"paired-with-device","$v":["Imeunganishwa na ",{"t":"idOrVar","v":"deviceName"},"."]},{"$i":"paired-failed","$v":["Haijafaulu kuunganishwa na ",{"t":"idOrVar","v":"deviceName"},"."]}]