[{"$i":"bluetooth-header","$v":[{"t":"idOrVar","v":"bluetooth"}]},{"$i":"bluetooth-enable-msg","$v":"Bölgedeki cihazları görüntülemek için Bluetooth'u açın."},{"$i":"bluetooth-paired-devices","$v":"Eşleştirilen Cihazlar"},{"$i":"bluetooth-devices-nearby","$v":"Yakındaki Cihazlar"},{"$i":"bt-nodevices-nearby","$v":"Yakında cihaz bulunamadı."},{"$i":"bluetooth-visible-to-all","$v":"Herkese Görünür"},{"$i":"bluetooth-name-maxlength-alert","$v":["Cihazınızın adı ",{"t":"idOrVar","v":"length"}," karakteri aşıyor. Lütfen tekrar deneyin."]},{"$i":"bluetooth-address","$v":"Bluetooth Adresi"},{"$i":"bluetooth-address-unavailable","$v":"Kullanılamıyor"},{"$i":"bt-status-nopaired","$v":"Eşleşen cihaz yok"},{"$i":"bt-status-turnoff","$v":"Kapandı"},{"$i":"bt-status-paired","$v":{"few":[{"t":"idOrVar","v":"name"},", +",{"t":"idOrVar","v":"n"}],"many":[{"t":"idOrVar","v":"name"},", +",{"t":"idOrVar","v":"n"}],"one":[{"t":"idOrVar","v":"name"},", +",{"t":"idOrVar","v":"n"}],"other":[{"t":"idOrVar","v":"name"},", +",{"t":"idOrVar","v":"n"}],"two":[{"t":"idOrVar","v":"name"},", +",{"t":"idOrVar","v":"n"}],"zero":[{"t":"idOrVar","v":"name"}]},"$x":[{"t":"idOrVar","v":"plural"},"n"]},{"$i":"device-status-tap-connect","$v":"Eşleştirmek için \"Seç\"'e basın"},{"$i":"device-status-pairing","$v":"Cihazla eşleştiriliyor..."},{"$i":"device-status-waiting","$v":"Diğer cihaz bekleniyor..."},{"$i":"device-status-paired","$v":"Eşleştirildi"},{"$i":"device-status-connecting","$v":"Bağlanıyor..."},{"$i":"device-status-connected","$v":"Bağlandı"},{"$i":"device-status-connected-phone","$v":"Telefon sesine bağlandı"},{"$i":"device-status-connected-media","$v":"Medya sesine bağlandı"},{"$i":"device-status-connected-phone-media","$v":"Telefon/medya sesine bağlandı"},{"$i":"device-option-unpair","$v":"Eşleştirmeyi kaldır"},{"$i":"device-option-confirm","$v":"Onayla"},{"$i":"device-option-unpair-confirmation","$v":"Onay"},{"$i":"device-option-unpair-device","$v":"Cihaz eşleştirmesi kaldırılsın mı?"},{"$i":"device-option-connect","$v":"Bağlan"},{"$i":"device-option-disconnect","$v":"Bağlantıyı kes"},{"$i":"search-for-device","$v":"Cihazlar aranıyor..."},{"$i":"search-device","$v":"Cihazları ara"},{"$i":"rename-device","$v":"Cihazımı yeniden adlandır"},{"$i":"unnamed-device","$v":"Bilinmeyen cihaz"},{"$i":"change-phone-name","$v":"Telefon Adını Değiştir"},{"$i":"change-phone-name-desc","$v":"Cihazınızın adını bilgisayarınızda göründüğü gibi değiştirin"},{"$i":"bluetooth-new-name","$v":"Yeni ad"},{"$i":"error-pair-title","$v":"Cihaz Eşleştirilemiyor"},{"$i":"error-pair-pincode","$v":"Cihazla eşleştirilemiyor. PIN kodunun doğruluğunu kontrol edin."},{"$i":"error-pair-toofast","$v":"Cihazla eşleştirilemiyor. Çok sayıda istek var."},{"$i":"error-pair-fail","$v":[{"t":"idOrVar","v":"devicename"}," sizin telefonunuzla eşleşmiyor."]},{"$i":"error-pair-checkpin","$v":"Bu cihazla tekrar eşleştirmeyi denemek ister misiniz?"},{"$i":"error-connect-title","$v":"Cihazlar bağlanamıyor"},{"$i":"error-connect-msg","$v":"Bağlanmaya çalıştığınız cihazın hâlâ kapsama alanında olduğundan ve Bluetooth'un açık olduğundan emin olun."},{"$i":"unpair-title","$v":"Bağlı cihazın eşleşmesi kaldırılsın mı?"},{"$i":"unpair-msg","$v":"Şu anda bu cihaza bağlısınız. Eşleştirmeyi kaldırmak cihazla bağlantınızı da kesecek."},{"$i":"bluetooth","$v":"Bluetooth"},{"$i":"turn-bluetooth-on-title","$v":"Bluetooth'u aç"},{"$i":"bluetooth-status-description","$v":"Bluetooth devre dışı bırakıldı."},{"$i":"turn-bluetooth-on","$v":"Bluetooth devre dışı. Bluetooth açılsın mı?"},{"$i":"cancel","$v":"İptal"},{"$i":"turn-on","$v":"Aç"},{"$i":"error-transfer-title","$v":"Bluetooth dosya aktarımı başarısız"},{"$i":"error-transfer-settings","$v":"Bluetooth dosya aktarımı başarısız. Bluetooth ayarlarının doğruluğunu kontrol edin."},{"$i":"ok","$v":"Tamam"},{"$i":"pair","$v":"Eşleştir"},{"$i":"active-pair","$v":"Eşleştirmek için cihazları onaylayın"},{"$i":"active-pair-confirmation","$v":[{"t":"idOrVar","v":"device"}," ile eşleştirmek için şu anda her iki cihazda da şu PIN kodunun görüntülendiğinden emin olun:"]},{"$i":"active-pair-pincode","$v":[{"t":"idOrVar","v":"device"}," ile eşleştirmek için cihaza PIN kodunu girin."]},{"$i":"active-pair-passkey","$v":[{"t":"idOrVar","v":"device"}," ile eşleştirmek için cihaza ortak şifreyi girin."]},{"$i":"passive-pair","$v":"Bluetooth eşleştirme isteği"},{"$i":"passive-pair-confirmation","$v":"Bu telefonla eşleşmek isteyen: Kabul etmek için her iki cihazda da aşağıdaki PIN'in gösterildiğinden emin olun."},{"$i":"passive-pair-pincode","$v":["bu telefonla eşleşmek istiyor. Eşleşmek istediğiniz ",{"t":"idOrVar","v":"device"}," cihazında PIN kodunu girin. İlerlemek için Eşleştir’e basın."]},{"$i":"passive-pair-enterpincode","$v":["bu telefonla eşleşmek istiyor. Eşleşmek istediğiniz ",{"t":"idOrVar","v":"device"}," cihazında PIN kodunu girin. İlerlemek için Eşleştir’e basın."]},{"$i":"passive-pair-passkey","$v":["bu telefonla eşleşmek istiyor. Eşleşmek istediğiniz ",{"t":"idOrVar","v":"device"}," cihazında bu PIN kodunu girin ve ilerlemek için Eşleştir’e basın."]},{"$i":"passive-pair-displaypasskey","$v":["bu telefonla eşleşmek istiyor. Eşleşmek istediğiniz ",{"t":"idOrVar","v":"device"}," cihazında bu PIN kodunu girin ve ilerlemek için Eşleştir’e basın."]},{"$i":"passive-pair-consent","$v":"bu telefonla eşleşmek istiyor. İlerlemek için Eşleştir’e basın."},{"$i":"pin-input-title","$v":"PIN kodunu girin"},{"$i":"pair-view-title","$v":"Bluetooth İsteği"},{"$i":"bluetooth-pairing-request-now-title","$v":"Bluetooth Eşleştirme İsteği"},{"$i":"pairing-request-timeout-title","$v":"Bluetooth Eşleştirme İsteği"},{"$i":"pairing-request-timeout-description","$v":"Bluetooth eşleştirme isteği zaman aşımına uğradı. Tekrar eşleştirmeyi deneyin."},{"$i":"rescan","$v":"Yeniden Tara"},{"$i":"select-device","$v":"Cihaz seçin"},{"$i":"select","$v":"Seç"},{"$i":"paired-with-device","$v":[{"t":"idOrVar","v":"deviceName"}," ile eşleştirildi."]},{"$i":"paired-failed","$v":[{"t":"idOrVar","v":"deviceName"}," ile eşleştirilemedi."]}]