[{"$i":"bluetooth-header","$v":[{"t":"idOrVar","v":"bluetooth"}]},{"$i":"bluetooth-enable-msg","$v":"Увімкніть Bluetooth, щоб переглянути досяжні пристрої."},{"$i":"bluetooth-paired-devices","$v":"Створені в пару пристрої"},{"$i":"bluetooth-devices-nearby","$v":"Пристрої поблизу"},{"$i":"bt-nodevices-nearby","$v":"Поблизу не знайдено жодного пристрою."},{"$i":"bluetooth-visible-to-all","$v":"Відображається для всіх"},{"$i":"bluetooth-name-maxlength-alert","$v":["Ім’я пристрою перевищує довжину в стільки символів: ",{"t":"idOrVar","v":"length"},". Спробуйте ще раз."]},{"$i":"bluetooth-address","$v":"Адреса Bluetooth"},{"$i":"bluetooth-address-unavailable","$v":"Не доступно"},{"$i":"bt-status-nopaired","$v":"Немає пристроїв у парі"},{"$i":"bt-status-turnoff","$v":"Вимкнено"},{"$i":"bt-status-paired","$v":{"few":[{"t":"idOrVar","v":"name"},", і ще ",{"t":"idOrVar","v":"n"}],"many":[{"t":"idOrVar","v":"name"},", і ще ",{"t":"idOrVar","v":"n"}],"one":[{"t":"idOrVar","v":"name"},", і ще ",{"t":"idOrVar","v":"n"}],"other":[{"t":"idOrVar","v":"name"},", і ще ",{"t":"idOrVar","v":"n"}],"two":[{"t":"idOrVar","v":"name"},", і ще ",{"t":"idOrVar","v":"n"}],"zero":[{"t":"idOrVar","v":"name"}]},"$x":[{"t":"idOrVar","v":"plural"},"n"]},{"$i":"device-status-tap-connect","$v":"Натисніть \"Вибрати\", щоб створити пару."},{"$i":"device-status-pairing","$v":"Створення пари з пристроєм…"},{"$i":"device-status-waiting","$v":"Очікування на іншому пристрої…"},{"$i":"device-status-paired","$v":"Пару створено"},{"$i":"device-status-connecting","$v":"З’єднання…"},{"$i":"device-status-connected","$v":"З’єднано"},{"$i":"device-status-connected-phone","$v":"Підключено до телефону як джерела аудіо"},{"$i":"device-status-connected-media","$v":"Підключено до носія як джерела аудіо"},{"$i":"device-status-connected-phone-media","$v":"Підключено до носія/телефону як джерела аудіо"},{"$i":"device-option-unpair","$v":"Розпакувати"},{"$i":"device-option-confirm","$v":"Підтвердити"},{"$i":"device-option-unpair-confirmation","$v":"Підтвердження"},{"$i":"device-option-unpair-device","$v":"Відключити пристрій?"},{"$i":"device-option-connect","$v":"З’єднати"},{"$i":"device-option-disconnect","$v":"Відключити"},{"$i":"search-for-device","$v":"Пошук пристроїв…"},{"$i":"search-device","$v":"Пошук пристроїв"},{"$i":"rename-device","$v":"Перейменувати мій пристрій"},{"$i":"unnamed-device","$v":"Невідомий пристрій"},{"$i":"change-phone-name","$v":"Змінити ім’я телефону"},{"$i":"change-phone-name-desc","$v":"Змініть ім’я пристрою відповідно до показаного на ПК"},{"$i":"bluetooth-new-name","$v":"Нове ім’я"},{"$i":"error-pair-title","$v":"Не вдалось об’єднати пристрій у пару"},{"$i":"error-pair-pincode","$v":"Не вдалося створити пару з пристроєм. Перевірте правильність PIN-коду."},{"$i":"error-pair-toofast","$v":"Не вдалося створити пару з пристроєм. Забагато запитів."},{"$i":"error-pair-fail","$v":["Пару між пристроєм ",{"t":"idOrVar","v":"devicename"}," і вашим телефоном не створено."]},{"$i":"error-pair-checkpin","$v":"Спробувати створити пару з цим пристроєм іще раз?"},{"$i":"error-connect-title","$v":"Не вдалося підключити пристрої"},{"$i":"error-connect-msg","$v":"Переконайтеся, що пристрій, до якого здійснюється підключення, досі перебуває в зоні досяжності і на ньому ввімкнено Bluetooth."},{"$i":"unpair-title","$v":"Відключ. підключений пристрій?"},{"$i":"unpair-msg","$v":"Ви вже підключені до цього пристрою. Скасування пари призведе до відключення від пристрою."},{"$i":"bluetooth","$v":"Bluetooth"},{"$i":"turn-bluetooth-on-title","$v":"Увімкнути Bluetooth"},{"$i":"bluetooth-status-description","$v":"Bluetooth вимкнено"},{"$i":"turn-bluetooth-on","$v":"Bluetooth вимк. Увімк.?"},{"$i":"cancel","$v":"Скасувати"},{"$i":"turn-on","$v":"Увімкнути"},{"$i":"error-transfer-title","$v":"Не вдалося передати файл через Bluetooth"},{"$i":"error-transfer-settings","$v":"Не вдалося передати файл через Bluetooth. Перевірте правильність настройок Bluetooth."},{"$i":"ok","$v":"OK"},{"$i":"pair","$v":"Створити пару"},{"$i":"active-pair","$v":"Підтвердьте пристрої для створ. пари"},{"$i":"active-pair-confirmation","$v":["Щоб створити пару з ",{"t":"idOrVar","v":"device"},", переконайтеся, що на обох пристроях відображено такий PIN-код:"]},{"$i":"active-pair-pincode","$v":["Щоб створити пару з ",{"t":"idOrVar","v":"device"},", введіть на пристрої PIN-код."]},{"$i":"active-pair-passkey","$v":["Щоб створити пару з ",{"t":"idOrVar","v":"device"},", введіть на пристрої пароль."]},{"$i":"passive-pair","$v":"Запит на створ. пари через Bluetooth"},{"$i":"passive-pair-confirmation","$v":"хоче створити пару з цим телефоном. Щоб погодитися, переконайтеся, що на обох пристроях відображається такий PIN-код:"},{"$i":"passive-pair-pincode","$v":["хоче створити пару із цим телефоном. Введіть PIN-код на пристрої ",{"t":"idOrVar","v":"device"},", з яким потрібно створити пару. Натисніть \"Створити пару\", щоб продовжити."]},{"$i":"passive-pair-enterpincode","$v":["хоче створити пару із цим телефоном. Введіть PIN-код на пристрої ",{"t":"idOrVar","v":"device"},", з яким потрібно створити пару. Натисніть \"Створити пару\", щоб продовжити."]},{"$i":"passive-pair-passkey","$v":["хоче створити пару із цим телефоном. Введіть цей PIN-код на пристрої ",{"t":"idOrVar","v":"device"},", з яким потрібно створити пару, і натисніть \"Створити пару\", щоб продовжити."]},{"$i":"passive-pair-displaypasskey","$v":["хоче створити пару із цим телефоном. Введіть цей PIN-код на пристрої ",{"t":"idOrVar","v":"device"},", з яким потрібно створити пару, і натисніть \"Створити пару\", щоб продовжити."]},{"$i":"passive-pair-consent","$v":"хоче створити пару із цим телефоном. Натисніть \"Створити пару\", щоб продовжити."},{"$i":"pin-input-title","$v":"Введення PIN-коду"},{"$i":"pair-view-title","$v":"Запит через Bluetooth"},{"$i":"bluetooth-pairing-request-now-title","$v":"Запит на створ. пари через Bluetooth"},{"$i":"pairing-request-timeout-title","$v":"Запит на створ. пари через Bluetooth"},{"$i":"pairing-request-timeout-description","$v":"Термін дії запиту на створ. пари через Bluetooth минув. Спробуйте створити пару ще раз."},{"$i":"rescan","$v":"Повторити пошук"},{"$i":"select-device","$v":"Вибрати пристрій"},{"$i":"select","$v":"Вибрати"},{"$i":"paired-with-device","$v":["У парі з пристроєм ",{"t":"idOrVar","v":"deviceName"}]},{"$i":"paired-failed","$v":["Не вдалося створити пару з пристроєм ",{"t":"idOrVar","v":"deviceName"},"."]}]