[{"$i":"bluetooth-header","$v":[{"t":"idOrVar","v":"bluetooth"}]},{"$i":"bluetooth-enable-msg","$v":"Bật Bluetooth để xem các thiết bị trong khu vực."},{"$i":"bluetooth-paired-devices","$v":"Thiết bị được ghép nối"},{"$i":"bluetooth-devices-nearby","$v":"Thiết bị Lân cận"},{"$i":"bt-nodevices-nearby","$v":"Không tìm thấy thiết bị lân cận."},{"$i":"bluetooth-visible-to-all","$v":"Hiển thị đối với Tất cả người dùng"},{"$i":"bluetooth-name-maxlength-alert","$v":["Tên thiết bị của bạn vượt quá ",{"t":"idOrVar","v":"length"}," ký tự. Vui lòng thử lại."]},{"$i":"bluetooth-address","$v":"Địa chỉ Bluetooth"},{"$i":"bluetooth-address-unavailable","$v":"Không có sẵn"},{"$i":"bt-status-nopaired","$v":"Không có thiết bị nào được ghép nối"},{"$i":"bt-status-turnoff","$v":"Tắt"},{"$i":"bt-status-paired","$v":{"few":[{"t":"idOrVar","v":"name"},", +",{"t":"idOrVar","v":"n"}," nữa"],"many":[{"t":"idOrVar","v":"name"},", +",{"t":"idOrVar","v":"n"}," nữa"],"one":[{"t":"idOrVar","v":"name"},", +",{"t":"idOrVar","v":"n"}," nữa"],"other":[{"t":"idOrVar","v":"name"},", +",{"t":"idOrVar","v":"n"}," nữa"],"two":[{"t":"idOrVar","v":"name"},", +",{"t":"idOrVar","v":"n"}," nữa"],"zero":[{"t":"idOrVar","v":"name"}]},"$x":[{"t":"idOrVar","v":"plural"},"n"]},{"$i":"device-status-tap-connect","$v":"Nhấn \"Select\" (Chọn) để ghép nối"},{"$i":"device-status-pairing","$v":"Đang ghép nối với thiết bị…"},{"$i":"device-status-waiting","$v":"Đang đợi thiết bị khác…"},{"$i":"device-status-paired","$v":"Đã ghép nối"},{"$i":"device-status-connecting","$v":"Đang kết nối..."},{"$i":"device-status-connected","$v":"Đã kết nối"},{"$i":"device-status-connected-phone","$v":"Đã kết nối với âm thanh của điện thoại"},{"$i":"device-status-connected-media","$v":"Đã kết nối với âm thanh của đa phương tiện"},{"$i":"device-status-connected-phone-media","$v":"Đã kết nối với âm thanh của điện thoại/đa phương tiện"},{"$i":"device-option-unpair","$v":"Hủy ghép nối"},{"$i":"device-option-confirm","$v":"Xác nhận"},{"$i":"device-option-unpair-confirmation","$v":"Xác nhận"},{"$i":"device-option-unpair-device","$v":"Ngắt ghép nối thiết bị?"},{"$i":"device-option-connect","$v":"Kết nối"},{"$i":"device-option-disconnect","$v":"Ngắt kết nối"},{"$i":"search-for-device","$v":"Đang tìm kiếm các thiết bị..."},{"$i":"search-device","$v":"Tìm kiếm các thiết bị"},{"$i":"rename-device","$v":"Đổi tên thiết bị của tôi"},{"$i":"unnamed-device","$v":"Thiết bị không xác định"},{"$i":"change-phone-name","$v":"Thay đổi Tên Điện thoại"},{"$i":"change-phone-name-desc","$v":"Thay đổi tên của thiết bị giống như tên xuất hiện trong máy tính của bạn"},{"$i":"bluetooth-new-name","$v":"Tên mới"},{"$i":"error-pair-title","$v":"Không thể ghép nối các thiết bị"},{"$i":"error-pair-pincode","$v":"Không thể ghép nối với thiết bị. Kiểm tra xem mã PIN có chính xác hay không."},{"$i":"error-pair-toofast","$v":"Không thể ghép nối với thiết bị. Quá nhiều yêu cầu."},{"$i":"error-pair-fail","$v":[{"t":"idOrVar","v":"devicename"}," đang không ghép nối với điện thoại của bạn."]},{"$i":"error-pair-checkpin","$v":"Bạn có muốn thử ghép nối với thiết bị này lại không?"},{"$i":"error-connect-title","$v":"Không thể kết nối với các thiết bị"},{"$i":"error-connect-msg","$v":"Kiểm tra xem thiết bị bạn đang cố gắng kết nối có vẫn ở trong phạm vi và đã bật Bluetooth hay không."},{"$i":"unpair-title","$v":"Ngắt ghép nối một thiết bị đã kết nối?"},{"$i":"unpair-msg","$v":"Bạn hiện đã kết nối với thiết bị này. Việc ngắt ghép nối cũng sẽ khiến ngắt kết nối với thiết bị."},{"$i":"bluetooth","$v":"Bluetooth"},{"$i":"turn-bluetooth-on-title","$v":"Bật Bluetooth"},{"$i":"bluetooth-status-description","$v":"Bluetooth bị tắt"},{"$i":"turn-bluetooth-on","$v":"Bluetooth đã tắt. Bật Bluetooth lên?"},{"$i":"cancel","$v":"Hủy"},{"$i":"turn-on","$v":"Bật"},{"$i":"error-transfer-title","$v":"Truyền tập tin Bluetooth không thành công"},{"$i":"error-transfer-settings","$v":"Truyền tập tin Bluetooth không thành công. Kiểm tra xem cài đặt Bluetooth có chính xác không."},{"$i":"ok","$v":"OK"},{"$i":"pair","$v":"Ghép nối"},{"$i":"active-pair","$v":"Xác nhận thiết bị để ghép nối"},{"$i":"active-pair-confirmation","$v":["Để ghép nối với ",{"t":"idOrVar","v":"device"},", đảm bảo rằng cả hai thiết bị hiện đã hiển thị mã PIN sau đây:"]},{"$i":"active-pair-pincode","$v":["Để ghép nối với ",{"t":"idOrVar","v":"device"},", nhập mã PIN vào thiết bị."]},{"$i":"active-pair-passkey","$v":["Để ghép nối với ",{"t":"idOrVar","v":"device"},", nhập mật mã vào thiết bị."]},{"$i":"passive-pair","$v":"Yêu cầu ghép nối Bluetooth"},{"$i":"passive-pair-confirmation","$v":"muốn ghép nối với điện thoại này. Để chấp nhận, đảm bảo rằng cả hai thiết bị hiện đã hiển thị mã PIN sau đây:"},{"$i":"passive-pair-pincode","$v":["muốn ghép nối với điện thoại này. Vui lòng nhập mã PIN trên ",{"t":"idOrVar","v":"device"}," bạn muốn ghép nối với. Nhấn Pair (Ghép nối) để tiến hành."]},{"$i":"passive-pair-enterpincode","$v":["muốn ghép nối với điện thoại này. Vui lòng nhập mã PIN trên ",{"t":"idOrVar","v":"device"}," bạn muốn ghép nối với. Nhấn Pair (Ghép nối) để tiến hành."]},{"$i":"passive-pair-passkey","$v":["muốn ghép nối với điện thoại này. Vui lòng nhập mã PIN này trên ",{"t":"idOrVar","v":"device"}," bạn muốn ghép nối với và nhấn Pair (Ghép nối) để tiến hành."]},{"$i":"passive-pair-displaypasskey","$v":["muốn ghép nối với điện thoại này. Vui lòng nhập mã PIN này trên ",{"t":"idOrVar","v":"device"}," bạn muốn ghép nối với và nhấn Pair (Ghép nối) để tiến hành."]},{"$i":"passive-pair-consent","$v":"muốn ghép nối với điện thoại này. Nhấn Pair (Ghép nối) để tiến hành."},{"$i":"pin-input-title","$v":"Nhập mã PIN"},{"$i":"pair-view-title","$v":"Yêu cầu Bluetooth"},{"$i":"bluetooth-pairing-request-now-title","$v":"Yêu cầu Ghép nối Bluetooth"},{"$i":"pairing-request-timeout-title","$v":"Yêu cầu Ghép nối Bluetooth"},{"$i":"pairing-request-timeout-description","$v":"Yêu cầu ghép nối Bluetooth đã hết hạn. Hãy thử ghép nối lại."},{"$i":"rescan","$v":"Quét lại"},{"$i":"select-device","$v":"Chọn Thiết bị"},{"$i":"select","$v":"Chọn"},{"$i":"paired-with-device","$v":["Đã ghép nối với ",{"t":"idOrVar","v":"deviceName"},"."]},{"$i":"paired-failed","$v":["Không thể ghép nối với ",{"t":"idOrVar","v":"deviceName"},"."]}]