[{"$i":"bluetooth-header","$v":[{"t":"idOrVar","v":"bluetooth"}]},{"$i":"bluetooth-enable-msg","$v":"Layita i-Bluetooth ukuze ubone izixhobo ezikule ndawo."},{"$i":"bluetooth-paired-devices","$v":"Zidibene izixhobo"},{"$i":"bluetooth-devices-nearby","$v":"Izixhobo ezikuFuphi"},{"$i":"bt-nodevices-nearby","$v":"Akukho zixhobo zifunyenwe kufuphi."},{"$i":"bluetooth-visible-to-all","$v":"Ibonakala kumntu Wonke"},{"$i":"bluetooth-name-maxlength-alert","$v":["Igama lesixhobo sakho lidlulile kwiikharektha ezi- ",{"t":"idOrVar","v":"length"},". Nceda uzame kwakhona."]},{"$i":"bluetooth-address","$v":"Idilesi YeBluetooth"},{"$i":"bluetooth-address-unavailable","$v":"Ayifumaneki"},{"$i":"bt-status-nopaired","$v":"Akukho zixhobo ezidibeneyo"},{"$i":"bt-status-turnoff","$v":"Icinyiwe"},{"$i":"bt-status-paired","$v":{"few":[{"t":"idOrVar","v":"name"},", +",{"t":"idOrVar","v":"n"}," ngakumbi"],"many":[{"t":"idOrVar","v":"name"},", +",{"t":"idOrVar","v":"n"}," ngaphezulu"],"one":[{"t":"idOrVar","v":"name"},", +",{"t":"idOrVar","v":"n"}," ngaphezulu"],"other":[{"t":"idOrVar","v":"name"},", +",{"t":"idOrVar","v":"n"}," ngaphezulu"],"two":[{"t":"idOrVar","v":"name"},", +",{"t":"idOrVar","v":"n"}," ngaphezulu"],"zero":[{"t":"idOrVar","v":"name"}]},"$x":[{"t":"idOrVar","v":"plural"},"n"]},{"$i":"device-status-tap-connect","$v":"Cinezela \"Khetha\" ukudibanisa"},{"$i":"device-status-pairing","$v":"Idityaniswe nesixhobo…"},{"$i":"device-status-waiting","$v":"Kulindwe esinye isixhobo…"},{"$i":"device-status-paired","$v":"Idibene"},{"$i":"device-status-connecting","$v":"Iyaqhagamshelana..."},{"$i":"device-status-connected","$v":"Qhagamshelene"},{"$i":"device-status-connected-phone","$v":"Iqhagamshele kwi-odiyo yefowuni"},{"$i":"device-status-connected-media","$v":"Iqhagamshele kwi-odiyo yemidiya"},{"$i":"device-status-connected-phone-media","$v":"Iqhagamshele kwi-odiyo yefowuni/yemidiya"},{"$i":"device-option-unpair","$v":"Ngaphazamiseki"},{"$i":"device-option-confirm","$v":"Qinisekisa"},{"$i":"device-option-unpair-confirmation","$v":"Isiqinisekiso"},{"$i":"device-option-unpair-device","$v":"Unpair idivayisi?"},{"$i":"device-option-connect","$v":"Qhagamshela"},{"$i":"device-option-disconnect","$v":"Qhawula"},{"$i":"search-for-device","$v":"Ikhangela izixhobo…"},{"$i":"search-device","$v":"Khangela izixhobo"},{"$i":"rename-device","$v":"Uthiyo sixhobo sakho lusilele"},{"$i":"unnamed-device","$v":"Isixhobo esingaziwayo"},{"$i":"change-phone-name","$v":"Tshintsha Igama Lefowuni"},{"$i":"change-phone-name-desc","$v":"Tshintsha igama lesixhobo sakho njengokuba libonakala kwikhompyutha yakho"},{"$i":"bluetooth-new-name","$v":"Elitsha igama"},{"$i":"error-pair-title","$v":"Ayikwazi kudibanis Isixhobo"},{"$i":"error-pair-pincode","$v":"Ayinakho ukuhambelanisa nesi sixhobo. Jonga ukuba i-PIN ichanekile."},{"$i":"error-pair-toofast","$v":"Ayinakho ukuhambelanisa nesi sixhobo. Izicelo zininzi gqitha."},{"$i":"error-pair-fail","$v":[{"t":"idOrVar","v":"devicename"}," ekungesiso idibanisa nefowuni yakho."]},{"$i":"error-pair-checkpin","$v":"Ufuna ukuzama ukudibanisa izixhobo kwakhona?"},{"$i":"error-connect-title","$v":"Ayinakho ukunxibelelanisa izixhobo"},{"$i":"error-connect-msg","$v":"Hlola enoba isixhobo osizamayo ukuqhagamshela sisekufuphi nokuba iBluetooth ilayitiwe."},{"$i":"unpair-title","$v":"Yekise ukuhambelanisa isixhobo esinxibelelanisiweyo?"},{"$i":"unpair-msg","$v":"Ngoku unxibelelene nesi sixhobo. Ukuyekisa ukuhambelana kuya kukuqhawula kuyo."},{"$i":"bluetooth","$v":"I-IBluetooth"},{"$i":"turn-bluetooth-on-title","$v":"Layita i-Bluetooth"},{"$i":"bluetooth-status-description","$v":"I-Bluetooth ikhutshaziwe"},{"$i":"turn-bluetooth-on","$v":"Ibluetooth iyekisiwe, ufuna ukuyivula iBluethooth?"},{"$i":"cancel","$v":"Rhixisa"},{"$i":"turn-on","$v":"Layita"},{"$i":"error-transfer-title","$v":"Ukuthunyelwa kwefayile ngeBluetooth kusilele"},{"$i":"error-transfer-settings","$v":"Ukuthunyelwa kwefayile ngeBluetooth kusilele. Qiniseka ukuba iisethingi zeBluetooth zichanile."},{"$i":"ok","$v":"KULUNGILE"},{"$i":"pair","$v":"Dibanisa"},{"$i":"active-pair","$v":"Qinisekisa izixhobo zokudibanisa"},{"$i":"active-pair-confirmation","$v":["Ukuhambelanisa ne ",{"t":"idOrVar","v":"device"},", qinisekisa ukuba zombini ezi zixhobo zibonisa le PIN ilandelayo ngoku:"]},{"$i":"active-pair-pincode","$v":["Ukuze uyihambelanise ne- ",{"t":"idOrVar","v":"device"},", faka i-PIN kwisixhobo."]},{"$i":"active-pair-passkey","$v":["Ukuze uyihambelanise ne- ",{"t":"idOrVar","v":"device"},", faka ipasikhowudi kwisixhobo."]},{"$i":"passive-pair","$v":"Isicelo sokudibanisa ngeBluetooth"},{"$i":"passive-pair-confirmation","$v":"angathanda ukuhambelanisa nale fowuni. Ukuvuma, qinisekisa ukuba zombini izixhobo zibonisa le-PIN ilandelayo ngoku:"},{"$i":"passive-pair-pincode","$v":["ngathanda ukudibanisa nalefowuni. Nceda faka le-PIN kwi ",{"t":"idOrVar","v":"device"}," ngathanda ukudibanisa ne kwaye cinezela Dibanisa ukuqhubeka."]},{"$i":"passive-pair-enterpincode","$v":["ngathanda ukudibanisa nalefowuni. Nceda faka le-PIN kwi ",{"t":"idOrVar","v":"device"}," ngathanda ukudibanisa ne kwaye cinezela Dibanisa ukuqhubeka."]},{"$i":"passive-pair-passkey","$v":["ngathanda ukudibanisa nalefowuni. Nceda faka le-PIN kwi ",{"t":"idOrVar","v":"device"}," ngathanda ukudibanisa ne kwaye cinezela Dibanisa ukuqhubeka."]},{"$i":"passive-pair-displaypasskey","$v":["ngathanda ukudibanisa nalefowuni. Nceda faka le-PIN kwi ",{"t":"idOrVar","v":"device"}," ngathanda ukudibanisa ne kwaye cinezela Dibanisa ukuqhubeka."]},{"$i":"passive-pair-consent","$v":"ngathanda ukudibanisa nalefowuni. Cinezela Dibanisa ukuqhubeka."},{"$i":"pin-input-title","$v":"Faka I-PIN khowudi"},{"$i":"pair-view-title","$v":"Isicelo SeBluetooth"},{"$i":"bluetooth-pairing-request-now-title","$v":"Isicelo Sokudibanisa NgeBluetooth"},{"$i":"pairing-request-timeout-title","$v":"Isicelo Sokudibanisa NgeBluetooth"},{"$i":"pairing-request-timeout-description","$v":"Isicelo sokudibanisa ngeBluetooth ziphelelwe Ukuzama ukudibanisa kwakhona."},{"$i":"rescan","$v":"Skena kwakhona"},{"$i":"select-device","$v":"Khetha Isixhobo"},{"$i":"select","$v":"Khetha"},{"$i":"paired-with-device","$v":["Idibanise ne ",{"t":"idOrVar","v":"deviceName"},"."]},{"$i":"paired-failed","$v":["Isilele ukudibanisa ne ",{"t":"idOrVar","v":"deviceName"},"."]}]