[{"$i":"bluetooth-header","$v":[{"t":"idOrVar","v":"bluetooth"}]},{"$i":"bluetooth-enable-msg","$v":"打开蓝牙以查看本区域的设备。"},{"$i":"bluetooth-paired-devices","$v":"已配对的设备"},{"$i":"bluetooth-devices-nearby","$v":"附近设备"},{"$i":"bt-nodevices-nearby","$v":"周围未发现设备。"},{"$i":"bluetooth-visible-to-all","$v":"对所有人可见"},{"$i":"bluetooth-name-maxlength-alert","$v":["您的设备名称超出了 ",{"t":"idOrVar","v":"length"}," 个字符。请重试。"]},{"$i":"bluetooth-address","$v":"蓝牙地址"},{"$i":"bluetooth-address-unavailable","$v":"无法连接"},{"$i":"bt-status-nopaired","$v":"未与任何设备配对"},{"$i":"bt-status-turnoff","$v":"已关闭"},{"$i":"bt-status-paired","$v":{"few":[{"t":"idOrVar","v":"name"},"，+",{"t":"idOrVar","v":"n"}," 更多"],"many":[{"t":"idOrVar","v":"name"},"，+",{"t":"idOrVar","v":"n"}," 更多"],"one":[{"t":"idOrVar","v":"name"},"，+",{"t":"idOrVar","v":"n"}," 更多"],"other":[{"t":"idOrVar","v":"name"},"，+",{"t":"idOrVar","v":"n"}," 更多"],"two":[{"t":"idOrVar","v":"name"},"，+",{"t":"idOrVar","v":"n"}," 更多"],"zero":[{"t":"idOrVar","v":"name"}]},"$x":[{"t":"idOrVar","v":"plural"},"n"]},{"$i":"device-status-tap-connect","$v":"按 \"选择\"键以配对"},{"$i":"device-status-pairing","$v":"正在配对…"},{"$i":"device-status-waiting","$v":"等待其他设备…"},{"$i":"device-status-paired","$v":"已配对"},{"$i":"device-status-connecting","$v":"连接中…"},{"$i":"device-status-connected","$v":"已连接"},{"$i":"device-status-connected-phone","$v":"已连接到手机音频"},{"$i":"device-status-connected-media","$v":"已连接到媒体音频"},{"$i":"device-status-connected-phone-media","$v":"已连接至手机/媒体音频"},{"$i":"device-option-unpair","$v":"取消配对"},{"$i":"device-option-confirm","$v":"确认"},{"$i":"device-option-unpair-confirmation","$v":"确认"},{"$i":"device-option-unpair-device","$v":"取消配对？"},{"$i":"device-option-connect","$v":"连接"},{"$i":"device-option-disconnect","$v":"断开连接"},{"$i":"search-for-device","$v":"搜索设备…"},{"$i":"search-device","$v":"搜索设备"},{"$i":"rename-device","$v":"重命名我的设备"},{"$i":"unnamed-device","$v":"未知设备"},{"$i":"change-phone-name","$v":"更改电话名称"},{"$i":"change-phone-name-desc","$v":"请将设备名称更改为与电脑显示一致"},{"$i":"bluetooth-new-name","$v":"新名称"},{"$i":"error-pair-title","$v":"无法配对设备"},{"$i":"error-pair-pincode","$v":"无法配对，请检查PIN码是否正确"},{"$i":"error-pair-toofast","$v":"太多请求导致无法与设备配对"},{"$i":"error-pair-fail","$v":[{"t":"idOrVar","v":"devicename"}," 未与您的手机配对。"]},{"$i":"error-pair-checkpin","$v":"是否再次尝试与该设备配对？"},{"$i":"error-connect-title","$v":"无法连接设备"},{"$i":"error-connect-msg","$v":"检查要连接的设备仍位于有效距离内，并且已打开蓝牙。"},{"$i":"unpair-title","$v":"取消配对已连接设备？"},{"$i":"unpair-msg","$v":"您当前已连接至此设备。取消配对将断开连接。"},{"$i":"bluetooth","$v":"蓝牙"},{"$i":"turn-bluetooth-on-title","$v":"打开蓝牙"},{"$i":"bluetooth-status-description","$v":"蓝牙已关闭"},{"$i":"turn-bluetooth-on","$v":"蓝牙已关闭。是否开启？"},{"$i":"cancel","$v":"取消"},{"$i":"turn-on","$v":"开启"},{"$i":"error-transfer-title","$v":"蓝牙文档传输失败"},{"$i":"error-transfer-settings","$v":"蓝牙文档传输失败，请检查蓝牙设置是否正确"},{"$i":"ok","$v":"确定"},{"$i":"pair","$v":"配对"},{"$i":"active-pair","$v":"确认设备配对"},{"$i":"active-pair-confirmation","$v":["如需与 ",{"t":"idOrVar","v":"device"}," 配对，请确保两台设备当前均已显示以下 PIN 码："]},{"$i":"active-pair-pincode","$v":["如需与 ",{"t":"idOrVar","v":"device"}," 配对，请在设备上输入 PIN 码。"]},{"$i":"active-pair-passkey","$v":["如需与 ",{"t":"idOrVar","v":"device"}," 配对，请在设备上输入密码。"]},{"$i":"passive-pair","$v":"蓝牙配对请求"},{"$i":"passive-pair-confirmation","$v":"想与此手机配对。如要接受，请确保两台设备当前均已显示以下 PIN 码："},{"$i":"passive-pair-pincode","$v":["正与该手机配对。请在",{"t":"idOrVar","v":"device"},"上输入PIN码。按配对操作。"]},{"$i":"passive-pair-enterpincode","$v":["正与该手机配对。请在",{"t":"idOrVar","v":"device"},"上输入PIN码。按配对操作。"]},{"$i":"passive-pair-passkey","$v":["正与该手机配对。请在",{"t":"idOrVar","v":"device"},"上输入PIN码按配对操作。"]},{"$i":"passive-pair-displaypasskey","$v":["正与该手机配对。请在",{"t":"idOrVar","v":"device"},"上输入PIN码按配对操作。"]},{"$i":"passive-pair-consent","$v":"正与该手机配对。请按配对操作。"},{"$i":"pin-input-title","$v":"输入PIN码"},{"$i":"pair-view-title","$v":"蓝牙请求"},{"$i":"bluetooth-pairing-request-now-title","$v":"蓝牙配对请求"},{"$i":"pairing-request-timeout-title","$v":"蓝牙配对请求"},{"$i":"pairing-request-timeout-description","$v":"蓝牙配对请求已过期。尝试再次配对。"},{"$i":"rescan","$v":"重新扫描"},{"$i":"select-device","$v":"选择设备"},{"$i":"select","$v":"选择"},{"$i":"paired-with-device","$v":["已与",{"t":"idOrVar","v":"deviceName"},"配对。"]},{"$i":"paired-failed","$v":["与",{"t":"idOrVar","v":"deviceName"},"配对失败。"]}]