[{"$i":"bluetooth-header","$v":[{"t":"idOrVar","v":"bluetooth"}]},{"$i":"bluetooth-enable-msg","$v":"開啟藍牙以檢視該區域中的裝置。"},{"$i":"bluetooth-paired-devices","$v":"配對的裝置"},{"$i":"bluetooth-devices-nearby","$v":"鄰近裝置"},{"$i":"bt-nodevices-nearby","$v":"附近找不到任何裝置。"},{"$i":"bluetooth-visible-to-all","$v":"全部可見"},{"$i":"bluetooth-name-maxlength-alert","$v":["您的裝置名稱超過",{"t":"idOrVar","v":"length"},"個字元。請再試一次。"]},{"$i":"bluetooth-address","$v":"藍牙地址"},{"$i":"bluetooth-address-unavailable","$v":"不可用"},{"$i":"bt-status-nopaired","$v":"沒有設備配對"},{"$i":"bt-status-turnoff","$v":"已關閉"},{"$i":"bt-status-paired","$v":{"few":[{"t":"idOrVar","v":"name"},"以及另外",{"t":"idOrVar","v":"n"},"個"],"many":[{"t":"idOrVar","v":"name"},"以及另外",{"t":"idOrVar","v":"n"},"個"],"one":[{"t":"idOrVar","v":"name"},"以及另外",{"t":"idOrVar","v":"n"},"個"],"other":[{"t":"idOrVar","v":"name"},"以及另外",{"t":"idOrVar","v":"n"},"個"],"two":[{"t":"idOrVar","v":"name"},"以及另外",{"t":"idOrVar","v":"n"},"個"],"zero":[{"t":"idOrVar","v":"name"}]},"$x":[{"t":"idOrVar","v":"plural"},"n"]},{"$i":"device-status-tap-connect","$v":"按「選取」以配對"},{"$i":"device-status-pairing","$v":"正在與裝置配對…"},{"$i":"device-status-waiting","$v":"正在等待其他裝置…"},{"$i":"device-status-paired","$v":"已配對"},{"$i":"device-status-connecting","$v":"正在連線…"},{"$i":"device-status-connected","$v":"已連線"},{"$i":"device-status-connected-phone","$v":"已連線至手機音訊"},{"$i":"device-status-connected-media","$v":"已連線至媒體音訊"},{"$i":"device-status-connected-phone-media","$v":"已連線至手機/媒體音訊"},{"$i":"device-option-unpair","$v":"取消配對"},{"$i":"device-option-confirm","$v":"確認"},{"$i":"device-option-unpair-confirmation","$v":"確認"},{"$i":"device-option-unpair-device","$v":"取消配對設備？"},{"$i":"device-option-connect","$v":"連線"},{"$i":"device-option-disconnect","$v":"中斷連線"},{"$i":"search-for-device","$v":"正在搜尋裝置…"},{"$i":"search-device","$v":"搜尋裝置"},{"$i":"rename-device","$v":"重新命名我的裝置"},{"$i":"unnamed-device","$v":"不明裝置"},{"$i":"change-phone-name","$v":"變更手機名稱"},{"$i":"change-phone-name-desc","$v":"變更您的裝置在電腦上的顯示名稱"},{"$i":"bluetooth-new-name","$v":"新名稱"},{"$i":"error-pair-title","$v":"無法配對裝置"},{"$i":"error-pair-pincode","$v":"無法與裝置配對。請檢查PIN是否正確。"},{"$i":"error-pair-toofast","$v":"無法與裝置配對。請求次數過多。"},{"$i":"error-pair-fail","$v":[{"t":"idOrVar","v":"devicename"},"沒有與您的手機配對。"]},{"$i":"error-pair-checkpin","$v":"是否要再次嘗試與此裝置配對？"},{"$i":"error-connect-title","$v":"無法連線裝置"},{"$i":"error-connect-msg","$v":"檢查您嘗試連線的裝置仍在接收範圍且藍牙已開啟。"},{"$i":"unpair-title","$v":"解除配對已連線的裝置？"},{"$i":"unpair-msg","$v":"您目前已連線到此裝置。解除配對也將與之中斷連線。"},{"$i":"bluetooth","$v":"藍牙"},{"$i":"turn-bluetooth-on-title","$v":"開啟藍牙"},{"$i":"bluetooth-status-description","$v":"藍牙已禁用"},{"$i":"turn-bluetooth-on","$v":"藍牙已停用，是否要開啟藍牙？"},{"$i":"cancel","$v":"取消"},{"$i":"turn-on","$v":"開啟"},{"$i":"error-transfer-title","$v":"藍牙檔案傳輸失敗"},{"$i":"error-transfer-settings","$v":"藍牙檔案傳輸失敗。請檢查藍牙設定正確無誤。"},{"$i":"ok","$v":"確認"},{"$i":"pair","$v":"配對"},{"$i":"active-pair","$v":"確認要配對的裝置"},{"$i":"active-pair-confirmation","$v":["若要與",{"t":"idOrVar","v":"device"},"配對，請確保兩個裝置目前均顯示以下PIN："]},{"$i":"active-pair-pincode","$v":["若要與",{"t":"idOrVar","v":"device"},"配對，請輸入裝置上的PIN。"]},{"$i":"active-pair-passkey","$v":["若要與",{"t":"idOrVar","v":"device"},"配對，請輸入裝置上的密碼。"]},{"$i":"passive-pair","$v":"藍牙配對請求"},{"$i":"passive-pair-confirmation","$v":"想要與這部手機配對。若要接受，請確保兩個裝置目前均顯示以下PIN："},{"$i":"passive-pair-pincode","$v":["想要與此手機配對。請在您想要配對的",{"t":"idOrVar","v":"device"},"上輸入PIN碼。按「配對」以繼續。"]},{"$i":"passive-pair-enterpincode","$v":["想要與此手機配對。請在您想要配對的",{"t":"idOrVar","v":"device"},"上輸入PIN碼。按「配對」以繼續。"]},{"$i":"passive-pair-passkey","$v":["想要與此手機配對。請在您想要配對的",{"t":"idOrVar","v":"device"},"上輸入此PIN，然後按「配對」以繼續。"]},{"$i":"passive-pair-displaypasskey","$v":["想要與此手機配對。請在您想要配對的",{"t":"idOrVar","v":"device"},"上輸入此PIN，然後按「配對」以繼續。"]},{"$i":"passive-pair-consent","$v":"想要與此手機配對。按「配對」以繼續。"},{"$i":"pin-input-title","$v":"輸入PIN碼"},{"$i":"pair-view-title","$v":"藍牙請求"},{"$i":"bluetooth-pairing-request-now-title","$v":"藍牙配對請求"},{"$i":"pairing-request-timeout-title","$v":"藍牙配對請求"},{"$i":"pairing-request-timeout-description","$v":"藍牙配對請求已過期。請再次嘗試配對。"},{"$i":"rescan","$v":"重新掃描"},{"$i":"select-device","$v":"選取裝置"},{"$i":"select","$v":"選取"},{"$i":"paired-with-device","$v":["已與",{"t":"idOrVar","v":"deviceName"},"配對。"]},{"$i":"paired-failed","$v":["無法與",{"t":"idOrVar","v":"deviceName"},"配對。"]}]