[{"$i":"error","$v":"خطأ"},{"$i":"ok","$v":"موافق"},{"$i":"cancel","$v":"إلغاء"},{"$i":"emergency-call-only","$v":"مكالمات الطوارئ فقط"},{"$i":"emergency-call-error","$v":[{"t":"idOrVar","v":"number"}," ليس رقم طوارئ."]},{"$i":"contact-list-empty-message","$v":"اضغط على لوحة الأرقام لإجراء مكالمة"},{"$i":"kai-call","$v":"اتصال"},{"$i":"emergency-call","$v":"طوارئ"},{"$i":"sim-chooser-header","$v":"تحديد"},{"$i":"select","$v":"تحديد"},{"$i":"options","$v":"الخيارات"},{"$i":"sim-with-index-and-carrier","$v":["SIM",{"t":"idOrVar","v":"index"}," - ",{"t":"idOrVar","v":"carrier"}]},{"$i":"sim-without-carrier","$v":["SIM",{"t":"idOrVar","v":"index"}]},{"$i":"emergencyNumber","$v":"رقم الطوارئ"},{"$i":"callAirplaneModeMessage","$v":"لإجراء اتصال، يجب تعطيل وضع الطائرة في الإعدادات."},{"$i":"callAirplaneModeBtnOk","$v":"موافق"},{"$i":"callAirplaneModeTitle","$v":"تم تنشيط وضع الطائرة"},{"$i":"numberIsBusyTitle","$v":"الرقم مشغول"},{"$i":"numberIsBusyMessage","$v":"الرقم مشغول حاليًا. يرجى إعادة المحاولة لاحقًا."},{"$i":"fdnIsActiveTitle","$v":"FDN نشطة"},{"$i":"fdnIsActiveMessage","$v":["تم تنشيط FDN (أرقام الطلب الثابت) والرقم التالي غير موجود في قائمة FDN الخاصة بك: ",{"t":"idOrVar","v":"number"}]},{"$i":"emergencyDialogBodyBadNumber","$v":"لإجراء اتصال، يجب أن يكون الهاتف متصلاً بشبكة."},{"$i":"emergencyDialogBodyDeviceNotAccepted","$v":"مكالمات الطوارئ غير مسموح بها بواسطة الشبكة."},{"$i":"emergencyDialogBtnOk","$v":"موافق"},{"$i":"emergencyDialogTitle","$v":"لا يوجد اتصال بالشبكة"},{"$i":"invalidNumberToDialTitle","$v":"رقم الهاتف غير صالح"},{"$i":"invalidNumberToDialMessage","$v":"رقم الهاتف الذي تتصل به غير صالح."},{"$i":"unableToCallTitle","$v":"يتعذر إجراء مكالمة"},{"$i":"unableToCallMessage","$v":"يتعذر إجراء مكالمة هاتفية الآن."},{"$i":"otherConnectionInUseTitle","$v":"اتصال آخر قيد الاستخدام"},{"$i":"otherConnectionInUseMessage","$v":"لديك مكالمة نشطة على اتصال آخر. يمكنك استخدام اتصال واحد فقط في كل مرة."},{"$i":"connectingEllipsis","$v":"جار الاتصال..."}]