[{"$i":"error","$v":"Памылка"},{"$i":"ok","$v":"ОК"},{"$i":"cancel","$v":"Скасаваць"},{"$i":"emergency-call-only","$v":"Толькі экстраны выклік"},{"$i":"emergency-call-error","$v":["Нумар ",{"t":"idOrVar","v":"number"}," не з'яўляецца экстраным."]},{"$i":"contact-list-empty-message","$v":"Каб зрабіць выклік, націсніце панэль з лічбамі"},{"$i":"kai-call","$v":"Выклік"},{"$i":"emergency-call","$v":"Толькі экстраны выклік"},{"$i":"sim-chooser-header","$v":"Выбраць"},{"$i":"select","$v":"Выбраць"},{"$i":"options","$v":"Параметры"},{"$i":"sim-with-index-and-carrier","$v":["SIM",{"t":"idOrVar","v":"index"}," — ",{"t":"idOrVar","v":"carrier"}]},{"$i":"sim-without-carrier","$v":["SIM-картка",{"t":"idOrVar","v":"index"}]},{"$i":"emergencyNumber","$v":"Экстраны нумар"},{"$i":"callAirplaneModeMessage","$v":"Каб зрабіць выклік, трэба адключыць рэжым \"У самалёце\" у настройках."},{"$i":"callAirplaneModeBtnOk","$v":"ОК"},{"$i":"callAirplaneModeTitle","$v":"Рэжым \"У самалёце\" уключаны"},{"$i":"numberIsBusyTitle","$v":"Нумар заняты"},{"$i":"numberIsBusyMessage","$v":"Номер зараз заняты. Паўтарыце спробу пазней."},{"$i":"fdnIsActiveTitle","$v":"FDN актыўна"},{"$i":"fdnIsActiveMessage","$v":["Функцыя FDN (фіксаваны набор нумароў) уключана, і наступны нумар не знаходзіцца ў вашым спісе FDN: ",{"t":"idOrVar","v":"number"}]},{"$i":"emergencyDialogBodyBadNumber","$v":"Каб зрабіць выклік, тэлефон павінен быць падключаны да сеткі."},{"$i":"emergencyDialogBodyDeviceNotAccepted","$v":"Экстраныя выклікі не дазволены сеткай."},{"$i":"emergencyDialogBtnOk","$v":"ОК"},{"$i":"emergencyDialogTitle","$v":"Няма падключэння да сеткі"},{"$i":"invalidNumberToDialTitle","$v":"Няправільны нумар тэлефона"},{"$i":"invalidNumberToDialMessage","$v":"Нумар тэлефона, па якім вы званіце, несапраўдны."},{"$i":"unableToCallTitle","$v":"Немагчыма зрабіць выклік. "},{"$i":"unableToCallMessage","$v":"Зараз немагчыма пазваніць па тэлефоне"},{"$i":"otherConnectionInUseTitle","$v":"Выкар. іншае падкл."},{"$i":"otherConnectionInUseMessage","$v":"У вас актыўны выклік на іншым падлучэнні. Адначасова можна карыстацца толькі адным падлучэннем."},{"$i":"connectingEllipsis","$v":"Падлучаецца..."}]