[{"$i":"error","$v":"Грешка"},{"$i":"ok","$v":"ОК"},{"$i":"cancel","$v":"Отмяна"},{"$i":"emergency-call-only","$v":"Само спешни повиквания"},{"$i":"emergency-call-error","$v":[{"t":"idOrVar","v":"number"}," не е спешен номер."]},{"$i":"contact-list-empty-message","$v":"Натиснете клавиатурата, за да позвъните"},{"$i":"kai-call","$v":"Повикване"},{"$i":"emergency-call","$v":"Само спешни повиквания"},{"$i":"sim-chooser-header","$v":"Избор"},{"$i":"select","$v":"Избор"},{"$i":"options","$v":"Опции"},{"$i":"sim-with-index-and-carrier","$v":["SIM",{"t":"idOrVar","v":"index"}," – ",{"t":"idOrVar","v":"carrier"}]},{"$i":"sim-without-carrier","$v":["SIM",{"t":"idOrVar","v":"index"}]},{"$i":"emergencyNumber","$v":"Спешен номер"},{"$i":"callAirplaneModeMessage","$v":"За да се обадите, трябва да дезактивирате режима за самолет в настройките."},{"$i":"callAirplaneModeBtnOk","$v":"OK"},{"$i":"callAirplaneModeTitle","$v":"Режимът за самолет е акт."},{"$i":"numberIsBusyTitle","$v":"Номерът е зает"},{"$i":"numberIsBusyMessage","$v":"Номерът в момента е зает. Опитайте отново по-късно."},{"$i":"fdnIsActiveTitle","$v":"Активни FDN"},{"$i":"fdnIsActiveMessage","$v":["FDN (фиксирани номера за набиране) се активират и следният номер не е в списъка ви с FDN: ",{"t":"idOrVar","v":"number"}]},{"$i":"emergencyDialogBodyBadNumber","$v":"За да се обадите, телефонът трябва да е свързан с мрежа."},{"$i":"emergencyDialogBodyDeviceNotAccepted","$v":"Спешните повиквания не са разрешени от мрежата."},{"$i":"emergencyDialogBtnOk","$v":"OK"},{"$i":"emergencyDialogTitle","$v":"Няма връзка с мрежа"},{"$i":"invalidNumberToDialTitle","$v":"Невалиден тел. номер"},{"$i":"invalidNumberToDialMessage","$v":"Телефонният номер, който набирате, не е валиден."},{"$i":"unableToCallTitle","$v":"Не може да се осъществи повикване. "},{"$i":"unableToCallMessage","$v":"В момента не можете да се обадите."},{"$i":"otherConnectionInUseTitle","$v":"Изп. друга връзка"},{"$i":"otherConnectionInUseMessage","$v":"Имате активно повикване на друга връзка. По едно и също време можете да използвате само една връзка."},{"$i":"connectingEllipsis","$v":"Свързване..."}]