[{"$i":"error","$v":"Greška"},{"$i":"ok","$v":"U redu"},{"$i":"cancel","$v":"Otkaži"},{"$i":"emergency-call-only","$v":"Samo pozivi u nuždi"},{"$i":"emergency-call-error","$v":[{"t":"idOrVar","v":"number"}," nije broj za hitne slučajeve."]},{"$i":"contact-list-empty-message","$v":"Pritisnite numeričku tastaturu za upućivanje poziva"},{"$i":"kai-call","$v":"Poziv"},{"$i":"emergency-call","$v":"Samo pozivi u nuždi"},{"$i":"sim-chooser-header","$v":"Izaberi"},{"$i":"select","$v":"Izaberi"},{"$i":"options","$v":"Opcije"},{"$i":"sim-with-index-and-carrier","$v":["SIM",{"t":"idOrVar","v":"index"}," - ",{"t":"idOrVar","v":"carrier"}]},{"$i":"sim-without-carrier","$v":["SIM",{"t":"idOrVar","v":"index"}]},{"$i":"emergencyNumber","$v":"Broj za hitne sluč."},{"$i":"callAirplaneModeMessage","$v":"Da uputite poziv, onemogućite način rada u avionu u postavkama."},{"$i":"callAirplaneModeBtnOk","$v":"OK"},{"$i":"callAirplaneModeTitle","$v":"Način rada u avionu je aktiviran"},{"$i":"numberIsBusyTitle","$v":"Broj je zauzet"},{"$i":"numberIsBusyMessage","$v":"Broj je trenutno zauzet. Pokušajte ponovo kasnije."},{"$i":"fdnIsActiveTitle","$v":"FDN je aktiviran"},{"$i":"fdnIsActiveMessage","$v":["FDN (brojevi fiksnog biranja) je aktiviran i sljedeći broj nije na vašoj FDN listi: ",{"t":"idOrVar","v":"number"}]},{"$i":"emergencyDialogBodyBadNumber","$v":"Da biste uputili poziv, telefon mora biti povezan na mrežu."},{"$i":"emergencyDialogBodyDeviceNotAccepted","$v":"Pozive u hitnim slučajevima ne dozvoljava mreža."},{"$i":"emergencyDialogBtnOk","$v":"OK"},{"$i":"emergencyDialogTitle","$v":"Nema internet veze"},{"$i":"invalidNumberToDialTitle","$v":"Nevažeći broj telefona"},{"$i":"invalidNumberToDialMessage","$v":"Broj telefona koji zovete nije važeći."},{"$i":"unableToCallTitle","$v":"Nije moguće obaviti poziv."},{"$i":"unableToCallMessage","$v":"Trenutno nije moguće obaviti poziv"},{"$i":"otherConnectionInUseTitle","$v":"Druga veza u upotrebi"},{"$i":"otherConnectionInUseMessage","$v":"Imate aktivan poziv na drugoj vezi. Ne možete koristiti obje veze u isto vrijeme."},{"$i":"connectingEllipsis","$v":"Povezivanje..."}]