[{"$i":"error","$v":"Chyba"},{"$i":"ok","$v":"OK"},{"$i":"cancel","$v":"Zrušit"},{"$i":"emergency-call-only","$v":"Pouze tísňový hovor"},{"$i":"emergency-call-error","$v":[{"t":"idOrVar","v":"number"}," není číslo tísňové linky."]},{"$i":"contact-list-empty-message","$v":"Chcete-li volat, stiskněte číselník"},{"$i":"kai-call","$v":"Volat"},{"$i":"emergency-call","$v":"Pouze tísňový hovor"},{"$i":"sim-chooser-header","$v":"Vybrat"},{"$i":"select","$v":"Vybrat"},{"$i":"options","$v":"Možnosti"},{"$i":"sim-with-index-and-carrier","$v":["SIM",{"t":"idOrVar","v":"index"}," – ",{"t":"idOrVar","v":"carrier"}]},{"$i":"sim-without-carrier","$v":["SIM",{"t":"idOrVar","v":"index"}]},{"$i":"emergencyNumber","$v":"Číslo tísňového volání"},{"$i":"callAirplaneModeMessage","$v":"K uskutečnění hovoru je nutno v nastavení zakázat režim letadla."},{"$i":"callAirplaneModeBtnOk","$v":"OK"},{"$i":"callAirplaneModeTitle","$v":"Režim letadla aktivován"},{"$i":"numberIsBusyTitle","$v":"Číslo je obsazeno"},{"$i":"numberIsBusyMessage","$v":"Číslo je nyní obsazené. Zkuste to později znovu."},{"$i":"fdnIsActiveTitle","$v":"FDN aktivní"},{"$i":"fdnIsActiveMessage","$v":["Je aktivována funkce FDN (pevná vytáčecí čísla) a toto číslo není v seznam FDN: ",{"t":"idOrVar","v":"number"}]},{"$i":"emergencyDialogBodyBadNumber","$v":"K uskutečnění hovoru je nutno telefon připojit k síti."},{"$i":"emergencyDialogBodyDeviceNotAccepted","$v":"Síť tísňová volání neumožňuje."},{"$i":"emergencyDialogBtnOk","$v":"OK"},{"$i":"emergencyDialogTitle","$v":"Žádné připojení k síti"},{"$i":"invalidNumberToDialTitle","$v":"Neplatné telefonní číslo"},{"$i":"invalidNumberToDialMessage","$v":"Volané telefonní číslo není platné."},{"$i":"unableToCallTitle","$v":"Volání nelze uskutečnit."},{"$i":"unableToCallMessage","$v":"Nyní nelze volat"},{"$i":"otherConnectionInUseTitle","$v":"Používá se jiné připojení"},{"$i":"otherConnectionInUseMessage","$v":"Máte aktivní volání na dalším připojení. V jednom okamžiku lze použít jen jedno připojení."},{"$i":"connectingEllipsis","$v":"Připojování…"}]