[{"$i":"error","$v":"Fehler"},{"$i":"ok","$v":"OK"},{"$i":"cancel","$v":"Abbrechen"},{"$i":"emergency-call-only","$v":"Nur Notruf"},{"$i":"emergency-call-error","$v":[{"t":"idOrVar","v":"number"}," ist keine Notrufnummer."]},{"$i":"contact-list-empty-message","$v":"Zum Anrufen Ziffernblock berühren"},{"$i":"kai-call","$v":"Anruf"},{"$i":"emergency-call","$v":"Notfall"},{"$i":"sim-chooser-header","$v":"Auswählen"},{"$i":"select","$v":"Auswählen"},{"$i":"options","$v":"Optionen"},{"$i":"sim-with-index-and-carrier","$v":["SIM",{"t":"idOrVar","v":"index"}," - ",{"t":"idOrVar","v":"carrier"}]},{"$i":"sim-without-carrier","$v":["SIM",{"t":"idOrVar","v":"index"}]},{"$i":"emergencyNumber","$v":"Notrufnummer"},{"$i":"callAirplaneModeMessage","$v":"Um einen Anruf zu tätigen, müssen Sie den Flugmodus unter „Einstellungen“ deaktivieren."},{"$i":"callAirplaneModeBtnOk","$v":"OK"},{"$i":"callAirplaneModeTitle","$v":"Flugmodus aktiviert"},{"$i":"numberIsBusyTitle","$v":"Rufnummer ist besetzt"},{"$i":"numberIsBusyMessage","$v":"Die gewählte Rufnummer ist momentan besetzt. Versuchen Sie es später erneut."},{"$i":"fdnIsActiveTitle","$v":"Rufnummernbeschränkung aktiv"},{"$i":"fdnIsActiveMessage","$v":["Rufnummernbeschränkung (Fixed Dialing Numbers, FDN) ist aktiviert und folgende Nummer ist nicht in Ihrer FDN-Liste enthalten: ",{"t":"idOrVar","v":"number"}]},{"$i":"emergencyDialogBodyBadNumber","$v":"Um einen Anruf zu tätigen, muss das Telefon mit einem Netzwerk verbunden sein."},{"$i":"emergencyDialogBodyDeviceNotAccepted","$v":"Notrufe werden vom Netzwerk nicht gestattet."},{"$i":"emergencyDialogBtnOk","$v":"OK"},{"$i":"emergencyDialogTitle","$v":"Keine Netzwerkverbindung"},{"$i":"invalidNumberToDialTitle","$v":"Ungültige Telefonnummer"},{"$i":"invalidNumberToDialMessage","$v":"Die von Ihnen gewählte Telefonnummer ist ungültig."},{"$i":"unableToCallTitle","$v":"Anrufen nicht möglich"},{"$i":"unableToCallMessage","$v":"Es kann derzeit kein Telefonanruf getätigt werden."},{"$i":"otherConnectionInUseTitle","$v":"Andere Verbindung aktiv"},{"$i":"otherConnectionInUseMessage","$v":"Sie haben einen aktiven Anruf auf einer anderen Verbindung. Sie können nur eine Verbindung zur Zeit verwenden."},{"$i":"connectingEllipsis","$v":"Verbindung wird hergestellt..."}]