[{"$i":"error","$v":"Error"},{"$i":"ok","$v":"OK"},{"$i":"cancel","$v":"Cancelar"},{"$i":"emergency-call-only","$v":"Solamente Llamada de Emergencia"},{"$i":"emergency-call-error","$v":[{"t":"idOrVar","v":"number"}," no es un número de emergencia."]},{"$i":"contact-list-empty-message","$v":"Pulse el teclado numérico para realizar una llamada"},{"$i":"kai-call","$v":"Llamada"},{"$i":"emergency-call","$v":"Solamente llamada de emergencia"},{"$i":"sim-chooser-header","$v":"Selec."},{"$i":"select","$v":"Selec."},{"$i":"options","$v":"Opciones"},{"$i":"sim-with-index-and-carrier","$v":["SIM",{"t":"idOrVar","v":"index"}," - ",{"t":"idOrVar","v":"carrier"}]},{"$i":"sim-without-carrier","$v":["SIM",{"t":"idOrVar","v":"index"}]},{"$i":"emergencyNumber","$v":"Número de emergencia"},{"$i":"callAirplaneModeMessage","$v":"Para realizar una llamada precisa deshabilitar el modo de avión en ajustes."},{"$i":"callAirplaneModeBtnOk","$v":"OK"},{"$i":"callAirplaneModeTitle","$v":"Modo de avión activado"},{"$i":"numberIsBusyTitle","$v":"Número ocupado"},{"$i":"numberIsBusyMessage","$v":"El número está ahora ocupado. Inténtelo de nuevo más tarde."},{"$i":"fdnIsActiveTitle","$v":"FDN activo"},{"$i":"fdnIsActiveMessage","$v":["Se activa FDN (Números de discado fijos) y el número siguiente aparece en su lista FDN: ",{"t":"idOrVar","v":"number"}]},{"$i":"emergencyDialogBodyBadNumber","$v":"Para realizar una llamada, el teléfono debe estar conectado a la red."},{"$i":"emergencyDialogBodyDeviceNotAccepted","$v":"Las llamadas de emergencia no son permitidas por la red."},{"$i":"emergencyDialogBtnOk","$v":"OK"},{"$i":"emergencyDialogTitle","$v":"Sin conexión de red"},{"$i":"invalidNumberToDialTitle","$v":"Número de teléfono inválido"},{"$i":"invalidNumberToDialMessage","$v":"El número de teléfono al que está llamando no es válido."},{"$i":"unableToCallTitle","$v":"No se puede realizar una llamada."},{"$i":"unableToCallMessage","$v":"No se puede realizar la llamada de teléfono ahora."},{"$i":"otherConnectionInUseTitle","$v":"Otra conexión en uso"},{"$i":"otherConnectionInUseMessage","$v":"Tiene una llamada activa en otra conexión. Solo puede usar una conexión a la vez."},{"$i":"connectingEllipsis","$v":"Conectando..."}]