[{"$i":"error","$v":"خطا"},{"$i":"ok","$v":"تأیید"},{"$i":"cancel","$v":"لغو کردن"},{"$i":"emergency-call-only","$v":"فقط تماس اضطراری"},{"$i":"emergency-call-error","$v":[{"t":"idOrVar","v":"number"}," یک شماره اضطراری نیست."]},{"$i":"contact-list-empty-message","$v":"برای برقرارری تماس، صفحه شماره را فشار دهید"},{"$i":"kai-call","$v":"تماس"},{"$i":"emergency-call","$v":"اضطراری"},{"$i":"sim-chooser-header","$v":"انتخاب"},{"$i":"select","$v":"انتخاب"},{"$i":"options","$v":"گزینه ها"},{"$i":"sim-with-index-and-carrier","$v":["سیم",{"t":"idOrVar","v":"index"}," - ",{"t":"idOrVar","v":"carrier"}]},{"$i":"sim-without-carrier","$v":["سیم",{"t":"idOrVar","v":"index"}]},{"$i":"emergencyNumber","$v":"شماره اضطراری"},{"$i":"callAirplaneModeMessage","$v":"برای برقراری تماس، لازم است حالت هواپیما را از قسمت تنظیمات غیرفعال کنید."},{"$i":"callAirplaneModeBtnOk","$v":"تأیید"},{"$i":"callAirplaneModeTitle","$v":"حالت هواپیما فعال شد"},{"$i":"numberIsBusyTitle","$v":"شماره مشغول است"},{"$i":"numberIsBusyMessage","$v":"شماره در حال حاضر مشغول است. لطفاً بعداً دوباره امتحان کنید."},{"$i":"fdnIsActiveTitle","$v":"FDN فعال"},{"$i":"fdnIsActiveMessage","$v":["FDN (شماره های شماره گیری ثابت) فعال شد و شماره زیر در لیست FDN موجود نیست: ",{"t":"idOrVar","v":"number"}]},{"$i":"emergencyDialogBodyBadNumber","$v":"برای برقراری یک تماس، تلفن باید به یک شبکه وصل باشد."},{"$i":"emergencyDialogBodyDeviceNotAccepted","$v":"تماس های اضطراری از طرف شبکه مجاز نیستند."},{"$i":"emergencyDialogBtnOk","$v":"تأیید"},{"$i":"emergencyDialogTitle","$v":"بدون اتصال شبکه"},{"$i":"invalidNumberToDialTitle","$v":"شماره تلفن نامعتبر"},{"$i":"invalidNumberToDialMessage","$v":"شماره تلفنی که با آن تماس می گیرید معتبر نیست."},{"$i":"unableToCallTitle","$v":"نمی توانید تماسی برقرار کنید"},{"$i":"unableToCallMessage","$v":"اکنون نمی توانید تماس تلفنی برقرار کنید."},{"$i":"otherConnectionInUseTitle","$v":"اتصال دیگر در حال استفاده است"},{"$i":"otherConnectionInUseMessage","$v":"یک تماس فعال در اتصال دیگر دارید. هر بار فقط می توانید از یک اتصال استفاده کنید."},{"$i":"connectingEllipsis","$v":"در حال اتصال..."}]