[{"$i":"error","$v":"Error"},{"$i":"ok","$v":"OK"},{"$i":"cancel","$v":"Kanselahin"},{"$i":"emergency-call-only","$v":"Pang-emergency na Tawag Lang"},{"$i":"emergency-call-error","$v":["Ang ",{"t":"idOrVar","v":"number"}," ay hindi isang pang-emergency na numero."]},{"$i":"contact-list-empty-message","$v":"Pindutin ang number pad upang tumawag"},{"$i":"kai-call","$v":"Tawag"},{"$i":"emergency-call","$v":"Pang-emergency na tawag lang"},{"$i":"sim-chooser-header","$v":"Piliin"},{"$i":"select","$v":"Pumili"},{"$i":"options","$v":"Mga Opsyon"},{"$i":"sim-with-index-and-carrier","$v":["SIM",{"t":"idOrVar","v":"index"}," - ",{"t":"idOrVar","v":"carrier"}]},{"$i":"sim-without-carrier","$v":["SIM",{"t":"idOrVar","v":"index"}]},{"$i":"emergencyNumber","$v":"Pang-emergency na numero"},{"$i":"callAirplaneModeMessage","$v":"Para makatawag, kailangan mong i-disable ang airplane mode sa mga setting."},{"$i":"callAirplaneModeBtnOk","$v":"OK"},{"$i":"callAirplaneModeTitle","$v":"Na-activate ang airplane mode"},{"$i":"numberIsBusyTitle","$v":"Busy ang numero"},{"$i":"numberIsBusyMessage","$v":"Kasalukuyang busy ang numero. Pakisubukang muli sa ibang pagkakataon."},{"$i":"fdnIsActiveTitle","$v":"Aktibo ang FDN"},{"$i":"fdnIsActiveMessage","$v":["Na-activate ang FDN (mga Fixed Dialling Number) at ang mga sumusunod na numero ay wala sa iyong listahan ng FDN: ",{"t":"idOrVar","v":"number"}]},{"$i":"emergencyDialogBodyBadNumber","$v":"Upang makatawag, dapat maikonekta ang telepono sa isang network."},{"$i":"emergencyDialogBodyDeviceNotAccepted","$v":"Hindi pinapayagan ng network ang mga pang-emergency na tawag."},{"$i":"emergencyDialogBtnOk","$v":"OK"},{"$i":"emergencyDialogTitle","$v":"Walang koneksyon sa network"},{"$i":"invalidNumberToDialTitle","$v":"Invalid na numero ng telepono"},{"$i":"invalidNumberToDialMessage","$v":"Hindi valid ang numero ng teleponong tinatawagan mo."},{"$i":"unableToCallTitle","$v":"Hindi makatawag. "},{"$i":"unableToCallMessage","$v":"Hindi makatawag ngayon"},{"$i":"otherConnectionInUseTitle","$v":"Ginagamit ang iba pang koneksyon"},{"$i":"otherConnectionInUseMessage","$v":"Mayroon kang aktibong tawag sa ibang koneksyon. Maaari ka lang gumamit ng isang koneksyon sa bawat sandali."},{"$i":"connectingEllipsis","$v":"Kumokonekta..."}]