[{"$i":"error","$v":"Erreur"},{"$i":"ok","$v":"OK"},{"$i":"cancel","$v":"Annuler"},{"$i":"emergency-call-only","$v":"Appel d'urgence uniquement"},{"$i":"emergency-call-error","$v":[{"t":"idOrVar","v":"number"}," n’est pas un numéro d’urgence."]},{"$i":"contact-list-empty-message","$v":"Appuyer sur le clavier numérique pour passer un appel"},{"$i":"kai-call","$v":"Appeler"},{"$i":"emergency-call","$v":"Appel d'urgence uniq."},{"$i":"sim-chooser-header","$v":"Sélectionner"},{"$i":"select","$v":"Sélectionner"},{"$i":"options","$v":"Options"},{"$i":"sim-with-index-and-carrier","$v":["Carte SIM ",{"t":"idOrVar","v":"index"}," - ",{"t":"idOrVar","v":"carrier"}]},{"$i":"sim-without-carrier","$v":["Carte SIM ",{"t":"idOrVar","v":"index"}]},{"$i":"emergencyNumber","$v":"Numéro d’urgence"},{"$i":"callAirplaneModeMessage","$v":"Pour passer un appel, vous devez désactiver le mode Avion dans les paramètres."},{"$i":"callAirplaneModeBtnOk","$v":"OK"},{"$i":"callAirplaneModeTitle","$v":"Mode Avion activé"},{"$i":"numberIsBusyTitle","$v":"Ligne occupée"},{"$i":"numberIsBusyMessage","$v":"La ligne est occupée. Réessayez plus tard."},{"$i":"fdnIsActiveTitle","$v":"Numéros autorisés activés"},{"$i":"fdnIsActiveMessage","$v":["Les numéros autorisés (ou NF pour numéros fixes) sont activés et le numéro suivant ne fait pas partie de votre liste NF : ",{"t":"idOrVar","v":"number"}]},{"$i":"emergencyDialogBodyBadNumber","$v":"Pour passer un appel, le téléphone doit être connecté à un réseau."},{"$i":"emergencyDialogBodyDeviceNotAccepted","$v":"Le réseau n’autorise pas les appels d’urgence."},{"$i":"emergencyDialogBtnOk","$v":"OK"},{"$i":"emergencyDialogTitle","$v":"Sans connexion réseau"},{"$i":"invalidNumberToDialTitle","$v":"Numéro de téléphone incorrect"},{"$i":"invalidNumberToDialMessage","$v":"Le numéro de téléphone que vous tentez d’appeler n’est pas valide."},{"$i":"unableToCallTitle","$v":"Appel impossible"},{"$i":"unableToCallMessage","$v":"Passer un appel est impossible pour le moment."},{"$i":"otherConnectionInUseTitle","$v":"Autre connexion en cours d’utilisation"},{"$i":"otherConnectionInUseMessage","$v":"Vous avez un appel en cours à travers une autre connexion. Vous ne pouvez avoir qu’une connexion à la fois."},{"$i":"connectingEllipsis","$v":"Connexion en cours…"}]