[{"$i":"error","$v":"Kesalahan"},{"$i":"ok","$v":"OK"},{"$i":"cancel","$v":"Batal"},{"$i":"emergency-call-only","$v":"Hanya Panggilan Darurat"},{"$i":"emergency-call-error","$v":[{"t":"idOrVar","v":"number"}," bukan nomor darurat."]},{"$i":"contact-list-empty-message","$v":"Tekan papan angka untuk melakukan panggilan"},{"$i":"kai-call","$v":"Panggilan"},{"$i":"emergency-call","$v":"Darurat"},{"$i":"sim-chooser-header","$v":"Pilih"},{"$i":"select","$v":"Pilih"},{"$i":"options","$v":"Opsi"},{"$i":"sim-with-index-and-carrier","$v":["SIM",{"t":"idOrVar","v":"index"}," - ",{"t":"idOrVar","v":"carrier"}]},{"$i":"sim-without-carrier","$v":["SIM",{"t":"idOrVar","v":"index"}]},{"$i":"emergencyNumber","$v":"Nomor darurat"},{"$i":"callAirplaneModeMessage","$v":"Untuk melakukan panggilan Anda perlu mematikan mode pesawat terbang di pengaturan."},{"$i":"callAirplaneModeBtnOk","$v":"OK"},{"$i":"callAirplaneModeTitle","$v":"Mode pesawat terbang aktif"},{"$i":"numberIsBusyTitle","$v":"Nomor sedang sibuk"},{"$i":"numberIsBusyMessage","$v":"Nomor sedang sibuk. Silakan coba sesaat lagi."},{"$i":"fdnIsActiveTitle","$v":"NPT aktif"},{"$i":"fdnIsActiveMessage","$v":["FDN (Fixed Dialing Numbers) diaktifkan dan nomor berikut tidak dalam daftar NPT Anda: ",{"t":"idOrVar","v":"number"}]},{"$i":"emergencyDialogBodyBadNumber","$v":"Untuk melakukan panggilan, ponsel harus tersambung ke jaringan."},{"$i":"emergencyDialogBodyDeviceNotAccepted","$v":"Panggilan darurat tidak diizinkan oleh jaringan."},{"$i":"emergencyDialogBtnOk","$v":"OK"},{"$i":"emergencyDialogTitle","$v":"Tidak ada koneksi jaringan"},{"$i":"invalidNumberToDialTitle","$v":"Nomor telepon tidak valid"},{"$i":"invalidNumberToDialMessage","$v":"Nomor telepon yang ada panggil tidak valid."},{"$i":"unableToCallTitle","$v":"Tidak dapat menelepon"},{"$i":"unableToCallMessage","$v":"Tidak dapat melakukan panggilan telepon sekarang."},{"$i":"otherConnectionInUseTitle","$v":"Koneksi lain sedang digunakan"},{"$i":"otherConnectionInUseMessage","$v":"Anda memiliki panggilan aktif di koneksi lain. Anda hanya dapat menggunakan satu koneksi pada satu waktu."},{"$i":"connectingEllipsis","$v":"Menyambungkan..."}]