[{"$i":"error","$v":"Villa"},{"$i":"ok","$v":"Í lagi"},{"$i":"cancel","$v":"H. við"},{"$i":"emergency-call-only","$v":"Aðeins neyðarsímtöl"},{"$i":"emergency-call-error","$v":[{"t":"idOrVar","v":"number"}," er ekki neyðarnúmer."]},{"$i":"contact-list-empty-message","$v":"Ýttu á númeraborðið til að hringja símtal"},{"$i":"kai-call","$v":"Hringja"},{"$i":"emergency-call","$v":"Aðeins neyðarsímtal"},{"$i":"sim-chooser-header","$v":"Velja"},{"$i":"select","$v":"Velja"},{"$i":"options","$v":"Valkostir"},{"$i":"sim-with-index-and-carrier","$v":["SIM",{"t":"idOrVar","v":"index"},"-kort - ",{"t":"idOrVar","v":"carrier"}]},{"$i":"sim-without-carrier","$v":["SIM",{"t":"idOrVar","v":"index"},"-kort"]},{"$i":"emergencyNumber","$v":"Neyðarnúmer"},{"$i":"callAirplaneModeMessage","$v":"Til að hringja þarftu að slökkva á flugstillingu í stillingum."},{"$i":"callAirplaneModeBtnOk","$v":"Í lagi"},{"$i":"callAirplaneModeTitle","$v":"Flugstilling virkjuð"},{"$i":"numberIsBusyTitle","$v":"Númerið er á tali"},{"$i":"numberIsBusyMessage","$v":"Símanúmerið er á tali. Reyndu aftur síðar."},{"$i":"fdnIsActiveTitle","$v":"Fast númeraval virkt"},{"$i":"fdnIsActiveMessage","$v":["Fast númeraval (FDN) er virkt og eftirfarandi númer er ekki á lista yfir fast númeraval: ",{"t":"idOrVar","v":"number"}]},{"$i":"emergencyDialogBodyBadNumber","$v":"Til að hringja þarf síminn að vera nettengdur."},{"$i":"emergencyDialogBodyDeviceNotAccepted","$v":"Símkerfið leyfir ekki neyðarsímtöl."},{"$i":"emergencyDialogBtnOk","$v":"Í lagi"},{"$i":"emergencyDialogTitle","$v":"Engin nettenging"},{"$i":"invalidNumberToDialTitle","$v":"Ógilt símanúmer"},{"$i":"invalidNumberToDialMessage","$v":"Símanúmerið sem þú hringir í er ekki gilt."},{"$i":"unableToCallTitle","$v":"Ekki hægt að hringja. "},{"$i":"unableToCallMessage","$v":"Ekki er hægt að hringja núna"},{"$i":"otherConnectionInUseTitle","$v":"Önnur tenging í notkun"},{"$i":"otherConnectionInUseMessage","$v":"Þú ert með símtal í gangi á annarri tengingu. Þú getur aðeins notað eina tengingu í einu."},{"$i":"connectingEllipsis","$v":"Tengist ..."}]