[{"$i":"error","$v":"Errore"},{"$i":"ok","$v":"OK"},{"$i":"cancel","$v":"Annulla"},{"$i":"emergency-call-only","$v":"Solo chiamata di emergenza"},{"$i":"emergency-call-error","$v":[{"t":"idOrVar","v":"number"}," non è un numero di emergenza."]},{"$i":"contact-list-empty-message","$v":"Per effettuare una chiamata, premere i numeri sul tastierino"},{"$i":"kai-call","$v":"Chiama"},{"$i":"emergency-call","$v":"Emergenza"},{"$i":"sim-chooser-header","$v":"Seleziona"},{"$i":"select","$v":"Seleziona"},{"$i":"options","$v":"Opzioni"},{"$i":"sim-with-index-and-carrier","$v":["SIM",{"t":"idOrVar","v":"index"}," - ",{"t":"idOrVar","v":"carrier"}]},{"$i":"sim-without-carrier","$v":["SIM",{"t":"idOrVar","v":"index"}]},{"$i":"emergencyNumber","$v":"Numero di emergenza"},{"$i":"callAirplaneModeMessage","$v":"Per effettuare una chiamata, è necessario disattivare la modalità aereo nelle impostazioni."},{"$i":"callAirplaneModeBtnOk","$v":"OK"},{"$i":"callAirplaneModeTitle","$v":"Modalità aereo attivata"},{"$i":"numberIsBusyTitle","$v":"Numero occupato"},{"$i":"numberIsBusyMessage","$v":"Numero attualmente occupato. Riprovare più tardi."},{"$i":"fdnIsActiveTitle","$v":"Funzione FDN attivata"},{"$i":"fdnIsActiveMessage","$v":["Funzione Numeri selezione fissa (FDN) attivata. Il seguente numero non è nell'elenco FDN: ",{"t":"idOrVar","v":"number"}]},{"$i":"emergencyDialogBodyBadNumber","$v":"Per effettuare una chiamata, è necessario che il telefono sia connesso a una rete."},{"$i":"emergencyDialogBodyDeviceNotAccepted","$v":"Chiamate di emergenza non consentite dalla rete."},{"$i":"emergencyDialogBtnOk","$v":"OK"},{"$i":"emergencyDialogTitle","$v":"Nessuna connessione di rete"},{"$i":"invalidNumberToDialTitle","$v":"Numero di telefono non valido"},{"$i":"invalidNumberToDialMessage","$v":"Il numero di telefono che si sta chiamando non è valido."},{"$i":"unableToCallTitle","$v":"Impossibile effettuare una chiamata"},{"$i":"unableToCallMessage","$v":"Impossibile effettuare una chiamata ora."},{"$i":"otherConnectionInUseTitle","$v":"Altra connessione in uso"},{"$i":"otherConnectionInUseMessage","$v":"Chiamata attiva su un'altra connessione. È possibile usare una sola connessione alla volta."},{"$i":"connectingEllipsis","$v":"Connessione in corso..."}]