[{"$i":"error","$v":"មាន​បញ្ហា"},{"$i":"ok","$v":"យល់​ព្រម"},{"$i":"cancel","$v":"បោះ​បង់"},{"$i":"emergency-call-only","$v":"ការហៅ​បន្ទាន់​ប៉ុណ្ណោះ"},{"$i":"emergency-call-error","$v":[{"t":"idOrVar","v":"number"}," មិន​មែន​ជា​លេខ​ទាក់ទង​បន្ទាន់​ទេ។"]},{"$i":"contact-list-empty-message","$v":"ចុចផ្ទាំងលេខដើម្បីហៅទូរសព្ទ"},{"$i":"kai-call","$v":"ការហៅ"},{"$i":"emergency-call","$v":"ការហៅ​បន្ទាន់​ប៉ុណ្ណោះ"},{"$i":"sim-chooser-header","$v":"ជ្រើស"},{"$i":"select","$v":"ជ្រើស"},{"$i":"options","$v":"ជម្រើស"},{"$i":"sim-with-index-and-carrier","$v":["ស៊ីម ",{"t":"idOrVar","v":"index"}," - ",{"t":"idOrVar","v":"carrier"}]},{"$i":"sim-without-carrier","$v":["ស៊ីម ",{"t":"idOrVar","v":"index"}]},{"$i":"emergencyNumber","$v":"លេខ​ហៅ​បន្ទាន់"},{"$i":"callAirplaneModeMessage","$v":"ដើម្បី​ធ្វើ​ការហៅ អ្នក​ត្រូវ​បិទ​ទម្រង់​លើ​យន្តហោះ​ក្នុង​ការកំណត់។"},{"$i":"callAirplaneModeBtnOk","$v":"យល់ព្រម"},{"$i":"callAirplaneModeTitle","$v":"បាន​ដំណើរការ​ទម្រង់​លើ​យន្តហោះ"},{"$i":"numberIsBusyTitle","$v":"លេខ​ជាប់​រវល់"},{"$i":"numberIsBusyMessage","$v":"ឥឡូវ លេខ​កំពុង​ជាប់​រវល់។ សូម​ព្យាយាម​ម្ដង​ទៀត​ពេល​ក្រោយ។"},{"$i":"fdnIsActiveTitle","$v":"FDN ដែល​ដំណើរការ"},{"$i":"fdnIsActiveMessage","$v":["FDN (លេខ​ហៅ​ដែល​បាន​កំណត់) ត្រូវ​បាន​ដាក់​ដំណើរការ ហើយ​លេខ​ដូច​ត​ទៅ​មិន​ស្ថិត​នៅ​ក្នុង​បញ្ជី FDN អ្នក​ទេ៖ ",{"t":"idOrVar","v":"number"}]},{"$i":"emergencyDialogBodyBadNumber","$v":"ដើម្បី​ធ្វើ​ការហៅ ត្រូវ​ភ្ជាប់​ទូរសព្ទ​ទៅ​បណ្ដាញ។"},{"$i":"emergencyDialogBodyDeviceNotAccepted","$v":"បណ្ដាញ​មិន​អនុញ្ញាត​ការហៅ​បន្ទាន់។"},{"$i":"emergencyDialogBtnOk","$v":"យល់ព្រម"},{"$i":"emergencyDialogTitle","$v":"គ្មាន​ការភ្ជាប់​បណ្ដាញ​ទេ"},{"$i":"invalidNumberToDialTitle","$v":"លេខ​ទូរសព្ទ​មិន​ត្រឹមត្រូវ"},{"$i":"invalidNumberToDialMessage","$v":"លេខ​ទូរសព្ទ​ដែល​អ្នក​កំពុង​ហៅ​មិន​ត្រឹមត្រូវ​ទេ។"},{"$i":"unableToCallTitle","$v":"មិន​អាច​ធ្វើ​ការហៅ​បាន​ទេ។ "},{"$i":"unableToCallMessage","$v":"មិន​អាច​ធ្វើ​ការហៅ​ទូរសព្ទ​ឥឡូវ​ទេ"},{"$i":"otherConnectionInUseTitle","$v":"ការភ្ជាប់​ផ្សេង​ជាប់​ប្រើ"},{"$i":"otherConnectionInUseMessage","$v":"អ្នក​មាន​ការហៅ​ដំណើរការ​លើ​ការភ្ជាប់​មួយ​ទៀត។ អ្នក​អាច​ប្រើ​ការភ្ជាប់​ម្ដង​បាន​តែ​មួយ​ប៉ុណ្ណោះ។"},{"$i":"connectingEllipsis","$v":"កំពុង​ភ្ជាប់..."}]