[{"$i":"error","$v":"ຕິດຂັດ"},{"$i":"ok","$v":"ຕົກລົງ"},{"$i":"cancel","$v":"ຍົກເລີກ"},{"$i":"emergency-call-only","$v":"ສະເພາະການໂທສຸກເສີນ"},{"$i":"emergency-call-error","$v":[{"t":"idOrVar","v":"number"}," ບໍ່ແມ່ນເບີໂທສຸກເສີນ."]},{"$i":"contact-list-empty-message","$v":"ກົດແປ້ນຕົວເລກເພື່ອໂທອອກ"},{"$i":"kai-call","$v":"ການໂທ"},{"$i":"emergency-call","$v":"ສະເພາະການໂທສຸກເສີນ"},{"$i":"sim-chooser-header","$v":"ເລືອກ"},{"$i":"select","$v":"ເລືອກ"},{"$i":"options","$v":"ຕົວເລືອກ"},{"$i":"sim-with-index-and-carrier","$v":["SIM",{"t":"idOrVar","v":"index"}," - ",{"t":"idOrVar","v":"carrier"}]},{"$i":"sim-without-carrier","$v":["SIM",{"t":"idOrVar","v":"index"}]},{"$i":"emergencyNumber","$v":"ເບີໂທສຸກເສີນ"},{"$i":"callAirplaneModeMessage","$v":"ເພື່ອຈະໂທ ທ່ານຕ້ອງປິດໂໝດເຄື່ອງບິນໃນການຕັ້ງຄ່າ."},{"$i":"callAirplaneModeBtnOk","$v":"ຕົກລົງ"},{"$i":"callAirplaneModeTitle","$v":"ໂໝດເຄື່ອງບິນເປີດໃຊ້ງານແລ້ວ"},{"$i":"numberIsBusyTitle","$v":"ເລກໝາຍຍັງບໍ່ວ່າງ"},{"$i":"numberIsBusyMessage","$v":"ເລກໝາຍທີ່ກຳລັງໂທໃນຂະນະນີ້ຍັງບໍ່ວ່າງ. ກະລຸນາໂທໃໝ່ພາຍຫຼັງ."},{"$i":"fdnIsActiveTitle","$v":"FDN ຖືກນຳໃຊ້ຢູ່"},{"$i":"fdnIsActiveMessage","$v":["FDN (ເບີກຳນົດແທນເບີໂທ) ໄດ້ຖືກເປີດນຳໃຊ້ ແລະເບີດັ່ງຕໍ່ໄປນີ້ ແມ່ນບໍ່ຢູ່ໃນ ລາຍການ FDN ຂອງທ່ານ: ",{"t":"idOrVar","v":"number"}]},{"$i":"emergencyDialogBodyBadNumber","$v":"ເມື່ອຕ້ອງການໂທ, ໂທລະສັບຕ້ອງເຊື່ອມຕໍ່ກັບເຄືອຂ່າຍ."},{"$i":"emergencyDialogBodyDeviceNotAccepted","$v":"ການໂທສຸກເສີນບໍ່ໄດ້ຮັບອະນຸຍາດຈາກເຄືອຂ່າຍ"},{"$i":"emergencyDialogBtnOk","$v":"ຕົກລົງ"},{"$i":"emergencyDialogTitle","$v":"ເຄືອຂ່າຍບໍ່ເຊື່ອມຕໍ່"},{"$i":"invalidNumberToDialTitle","$v":"ເລກໝາຍໂທລະສັບບໍ່ຖືກຕ້ອງ"},{"$i":"invalidNumberToDialMessage","$v":"ເລກໝາຍໂທລະສັບທີ່ທ່ານກຳລັງໂທບໍ່ຖືກຕ້ອງ."},{"$i":"unableToCallTitle","$v":"ບໍ່ສາມາດໂທອອກໄດ້. "},{"$i":"unableToCallMessage","$v":"ຂະນະນີ້ບໍ່ສາມາດໂທອອກໄດ້"},{"$i":"otherConnectionInUseTitle","$v":"ການເຊື່ອມຕໍ່ອື່ນກຳລັງໃຊ້ງານ"},{"$i":"otherConnectionInUseMessage","$v":"ທ່ານກຳລັງໂທໃນການເຊື່ອມຕໍ່ອື່ນ. ທ່ານສາມາດໃຊ້ການເຊື່ອມຕໍ່ດຽວຕໍ່ຄັ້ງເທົ່ານັ້ນ"},{"$i":"connectingEllipsis","$v":"ກໍາລັງເຊື່ອມຕໍ່..."}]