[{"$i":"error","$v":"Kļūda"},{"$i":"ok","$v":"LABI"},{"$i":"cancel","$v":"Atcelt"},{"$i":"emergency-call-only","$v":"Tikai ārkārtas zvans"},{"$i":"emergency-call-error","$v":[{"t":"idOrVar","v":"number"}," nav ārkārtas numurs."]},{"$i":"contact-list-empty-message","$v":"Nospiediet cipartastatūru, lai veiktu zvanu."},{"$i":"kai-call","$v":"Zvans"},{"$i":"emergency-call","$v":"Tikai ārkārtas zvans"},{"$i":"sim-chooser-header","$v":"Izvēlēties"},{"$i":"select","$v":"Izvēlēties"},{"$i":"options","$v":"Iespējas"},{"$i":"sim-with-index-and-carrier","$v":["SIM",{"t":"idOrVar","v":"index"}," - ",{"t":"idOrVar","v":"carrier"}]},{"$i":"sim-without-carrier","$v":["SIM",{"t":"idOrVar","v":"index"}]},{"$i":"emergencyNumber","$v":"Ārkārtas numurs"},{"$i":"callAirplaneModeMessage","$v":"Lai veiktu zvanu, sadaļā Uzstādījumi nepieciešams deaktivizēt lidmašīnas režīmu."},{"$i":"callAirplaneModeBtnOk","$v":"Labi"},{"$i":"callAirplaneModeTitle","$v":"Lidmašīnas režīms ir aktivizēts"},{"$i":"numberIsBusyTitle","$v":"Numurs ir aizņemts"},{"$i":"numberIsBusyMessage","$v":"Pašlaik šis numurs ir aizņemts. Vēlāk mēģiniet vēlreiz."},{"$i":"fdnIsActiveTitle","$v":"FDN aktīvs"},{"$i":"fdnIsActiveMessage","$v":["FDN (Fixed Dialling Numbers — fiksēto zvanu numuri) ir aktivizēti, bet šis numurs nav iekļauts jūsu FDN sarakstā: ",{"t":"idOrVar","v":"number"}]},{"$i":"emergencyDialogBodyBadNumber","$v":"Lai veiktu zvanu, tālrunim jābūt savienotam ar tīklu."},{"$i":"emergencyDialogBodyDeviceNotAccepted","$v":"Tīklā ārkārtas zvani nav atļauti."},{"$i":"emergencyDialogBtnOk","$v":"Labi"},{"$i":"emergencyDialogTitle","$v":"Nav tīkla savienojuma"},{"$i":"invalidNumberToDialTitle","$v":"Nederīgs tālruņa numurs"},{"$i":"invalidNumberToDialMessage","$v":"Jūsu izsauktais tālruņa numurs nav derīgs."},{"$i":"unableToCallTitle","$v":"Nevar veikt zvanu. "},{"$i":"unableToCallMessage","$v":"Šobrīd nevar veikt tālruņa zvanu"},{"$i":"otherConnectionInUseTitle","$v":"Izmanto citu savienojumu"},{"$i":"otherConnectionInUseMessage","$v":"Jums ir aktīvs zvans citā savienojumā. Vienlaikus varat izmantot tikai vienu savienojumu."},{"$i":"connectingEllipsis","$v":"Notiek savienojuma izveide..."}]