[{"$i":"error","$v":"Грешка"},{"$i":"ok","$v":"ОК"},{"$i":"cancel","$v":"Откажи"},{"$i":"emergency-call-only","$v":"Само итни повици"},{"$i":"emergency-call-error","$v":[{"t":"idOrVar","v":"number"}," не е број за итни случаи."]},{"$i":"contact-list-empty-message","$v":"Притиснете на нумеричката тастатура за да направите повик"},{"$i":"kai-call","$v":"Повик"},{"$i":"emergency-call","$v":"Само итни повици"},{"$i":"sim-chooser-header","$v":"Одбери"},{"$i":"select","$v":"Одбери"},{"$i":"options","$v":"Опции"},{"$i":"sim-with-index-and-carrier","$v":["СИМ",{"t":"idOrVar","v":"index"}," - ",{"t":"idOrVar","v":"carrier"}]},{"$i":"sim-without-carrier","$v":["СИМ",{"t":"idOrVar","v":"index"}]},{"$i":"emergencyNumber","$v":"Број за итни случаи"},{"$i":"callAirplaneModeMessage","$v":"За да остварите повик, треба да го оневозможите авионскиот режим во поставувања."},{"$i":"callAirplaneModeBtnOk","$v":"ОК"},{"$i":"callAirplaneModeTitle","$v":"Авионскиот режим е активиран"},{"$i":"numberIsBusyTitle","$v":"Бројот е зафатен"},{"$i":"numberIsBusyMessage","$v":"Бројот е зафатен во моментот. Обидете се повторно подоцна."},{"$i":"fdnIsActiveTitle","$v":"ФБП е активен"},{"$i":"fdnIsActiveMessage","$v":["ФБП (Фиксирани Броеви за Повикување) е активиран и следниот број не е во списокот на ФБП: ",{"t":"idOrVar","v":"number"}]},{"$i":"emergencyDialogBodyBadNumber","$v":"За да остварите повик, телефонот треба да биде поврзан кон мрежа."},{"$i":"emergencyDialogBodyDeviceNotAccepted","$v":"Мрежата не дозволува итни повици."},{"$i":"emergencyDialogBtnOk","$v":"ОК"},{"$i":"emergencyDialogTitle","$v":"Нема врска со мрежата"},{"$i":"invalidNumberToDialTitle","$v":"Невалиден тел.број"},{"$i":"invalidNumberToDialMessage","$v":"Тел. број што го повикувате е невалиден."},{"$i":"unableToCallTitle","$v":"Повикот не може да биде направен."},{"$i":"unableToCallMessage","$v":"Сега не може да се воспостави тел. повик"},{"$i":"otherConnectionInUseTitle","$v":"Во упот. е др.поврз."},{"$i":"otherConnectionInUseMessage","$v":"Имате активен повик на друга врска. Одеднаш можете да користите само една врска."},{"$i":"connectingEllipsis","$v":"Поврзување..."}]