[{"$i":"error","$v":"Ralat"},{"$i":"ok","$v":"OK"},{"$i":"cancel","$v":"Batal"},{"$i":"emergency-call-only","$v":"Panggilan Kecemasan Sahaja"},{"$i":"emergency-call-error","$v":[{"t":"idOrVar","v":"number"}," bukan nombor kecemasan."]},{"$i":"contact-list-empty-message","$v":"Tekan pad nombor untuk membuat panggilan"},{"$i":"kai-call","$v":"Panggil"},{"$i":"emergency-call","$v":"Kecemasan"},{"$i":"sim-chooser-header","$v":"Pilih"},{"$i":"select","$v":"Pilih"},{"$i":"options","$v":"Pilihan"},{"$i":"sim-with-index-and-carrier","$v":["SIM",{"t":"idOrVar","v":"index"}," - ",{"t":"idOrVar","v":"carrier"}]},{"$i":"sim-without-carrier","$v":["SIM",{"t":"idOrVar","v":"index"}]},{"$i":"emergencyNumber","$v":"Nombor kecemasan"},{"$i":"callAirplaneModeMessage","$v":"Untuk membuat panggilan, anda perlu menyahdayakan mod pesawat dalam tetapan."},{"$i":"callAirplaneModeBtnOk","$v":"OK"},{"$i":"callAirplaneModeTitle","$v":"Mod pesawat diaktifkan"},{"$i":"numberIsBusyTitle","$v":"Nombor sibuk"},{"$i":"numberIsBusyMessage","$v":"Nombor tidak tersedia pada masa ini. Sila cuba lagi kemudian."},{"$i":"fdnIsActiveTitle","$v":"FDN aktif"},{"$i":"fdnIsActiveMessage","$v":["FDN (Nombor Dailan Tetap) diaktifkan dan nombor yang berikut tiada dalam senarai FDN anda: ",{"t":"idOrVar","v":"number"}]},{"$i":"emergencyDialogBodyBadNumber","$v":"Untuk membuat panggilan, telefon mestilah bersambung kepada rangkaian."},{"$i":"emergencyDialogBodyDeviceNotAccepted","$v":"Panggilan kecemasan tidak dibenarkan oleh rangkaian."},{"$i":"emergencyDialogBtnOk","$v":"OK"},{"$i":"emergencyDialogTitle","$v":"Tiada sambungan rangkaian"},{"$i":"invalidNumberToDialTitle","$v":"Nombor telefon tidak sah"},{"$i":"invalidNumberToDialMessage","$v":"Nombor telefon yang anda panggil tidak sah."},{"$i":"unableToCallTitle","$v":"Tidak dapat membuat panggilan"},{"$i":"unableToCallMessage","$v":"Tidak dapat membuat panggilan telefon sekarang."},{"$i":"otherConnectionInUseTitle","$v":"Sambungan yang satu lagi sedang digunakan"},{"$i":"otherConnectionInUseMessage","$v":"Anda mempunyai panggilan aktif dalam sambungan yang lain. Anda hanya boleh menggunakan satu sambungan pada satu-satu masa."},{"$i":"connectingEllipsis","$v":"Menyambung..."}]