[{"$i":"error","$v":"خطا"},{"$i":"ok","$v":"اوکی"},{"$i":"cancel","$v":"کول"},{"$i":"emergency-call-only","$v":"یواځې ایمرجنسي زنګ وهل"},{"$i":"emergency-call-error","$v":[{"t":"idOrVar","v":"number"}," یوه بیړنۍ شمیره نده."]},{"$i":"contact-list-empty-message","$v":"د کال کولو لپاره نمبر پیډ ووهئ"},{"$i":"kai-call","$v":"کال"},{"$i":"emergency-call","$v":"یواځې ایمرجنسي زنګ وهل"},{"$i":"sim-chooser-header","$v":"انتخاب کړئ"},{"$i":"select","$v":"انتخاب کړئ"},{"$i":"options","$v":"غوراوي"},{"$i":"sim-with-index-and-carrier","$v":["SIM",{"t":"idOrVar","v":"index"}," - ",{"t":"idOrVar","v":"carrier"}]},{"$i":"sim-without-carrier","$v":["SIM",{"t":"idOrVar","v":"index"}]},{"$i":"emergencyNumber","$v":"ایمرجنسي شمیره"},{"$i":"callAirplaneModeMessage","$v":"د ‎کال‎ کولو‎ لپاره‎ تاسو‎ په‎ تنظیماتو‎ کې‎ د‎ هوایی‎ چلند‎ غیر‎ فعالولو‎ ته‎ اړتیا‎ لرئ."},{"$i":"callAirplaneModeBtnOk","$v":"اوکی"},{"$i":"callAirplaneModeTitle","$v":"طیارې‎ حالت‎ فعال‎ شو"},{"$i":"numberIsBusyTitle","$v":"شمیره مصروفه ده"},{"$i":"numberIsBusyMessage","$v":"دا شمیره اوس مصروفه ده. مهرباني وکړئ وروسته کوښښ وکړئ."},{"$i":"fdnIsActiveTitle","$v":"‏FDN فعال"},{"$i":"fdnIsActiveMessage","$v":["‏FDN( ثابتې شمیرې) فعال شوي او لاندې شمیرې ستاسو د FDN په لست کې نشته: ",{"t":"idOrVar","v":"number"}]},{"$i":"emergencyDialogBodyBadNumber","$v":"د کال کولو لپاره، تلیفون باید د شبکې سره وصل شي."},{"$i":"emergencyDialogBodyDeviceNotAccepted","$v":"د شبکې لخوا د ایمرجنسي زنګ وهلو اجازه نه شته."},{"$i":"emergencyDialogBtnOk","$v":"اوکی"},{"$i":"emergencyDialogTitle","$v":"نیټ ورک اتصال نشته"},{"$i":"invalidNumberToDialTitle","$v":"د ټیلیفونه غلطه شمیره"},{"$i":"invalidNumberToDialMessage","$v":"د ټیلیفون شمیره چې تاسو ورته زنګ وهئ اعتبار نلري."},{"$i":"unableToCallTitle","$v":"اړیکه نه نیول کیږي. "},{"$i":"unableToCallMessage","$v":"اوس فون کال کولی نشي"},{"$i":"otherConnectionInUseTitle","$v":"بل کنیکشن مصروف دی"},{"$i":"otherConnectionInUseMessage","$v":"تاسو په بل کنکشن کې یو فعال کال لرئ. تاسو په یو وخت کې یواځې یو کنکشن کارولی شئ."},{"$i":"connectingEllipsis","$v":"وصلیدل"}]