[{"$i":"error","$v":"Erro"},{"$i":"ok","$v":"OK"},{"$i":"cancel","$v":"Cancelar"},{"$i":"emergency-call-only","$v":"Apenas chamadas de emergência"},{"$i":"emergency-call-error","$v":[{"t":"idOrVar","v":"number"}," não é um número de emergência."]},{"$i":"contact-list-empty-message","$v":"Pressionar o teclado numérico para realizar uma chamada"},{"$i":"kai-call","$v":"Chamada"},{"$i":"emergency-call","$v":"Emergência"},{"$i":"sim-chooser-header","$v":"Selecionar"},{"$i":"select","$v":"Selecionar"},{"$i":"options","$v":"Opções"},{"$i":"sim-with-index-and-carrier","$v":["SIM",{"t":"idOrVar","v":"index"}," - ",{"t":"idOrVar","v":"carrier"}]},{"$i":"sim-without-carrier","$v":["SIM",{"t":"idOrVar","v":"index"}]},{"$i":"emergencyNumber","$v":"Número de emergência"},{"$i":"callAirplaneModeMessage","$v":"Para fazer uma chamada, você precisa desativar o modo avião em Configurações."},{"$i":"callAirplaneModeBtnOk","$v":"OK"},{"$i":"callAirplaneModeTitle","$v":"Modo avião ativado"},{"$i":"numberIsBusyTitle","$v":"O número está ocupado"},{"$i":"numberIsBusyMessage","$v":"O número está ocupado no momento. Tente novamente mais tarde."},{"$i":"fdnIsActiveTitle","$v":"FDN ativo"},{"$i":"fdnIsActiveMessage","$v":["FDN (números de discagem fixa) está ativado e o número a seguir não está em sua lista de FDN: ",{"t":"idOrVar","v":"number"}]},{"$i":"emergencyDialogBodyBadNumber","$v":"Para fazer uma chamada, o telefone deve estar conectado a uma rede."},{"$i":"emergencyDialogBodyDeviceNotAccepted","$v":"Não são permitidas chamadas de emergência pela rede."},{"$i":"emergencyDialogBtnOk","$v":"OK"},{"$i":"emergencyDialogTitle","$v":"Sem conexão de rede"},{"$i":"invalidNumberToDialTitle","$v":"N.º de telefone inválido"},{"$i":"invalidNumberToDialMessage","$v":"O número de telefone que você está chamando não é válido."},{"$i":"unableToCallTitle","$v":"Não é possível realizar uma chamada"},{"$i":"unableToCallMessage","$v":"Não é possível fazer uma chamada agora."},{"$i":"otherConnectionInUseTitle","$v":"Outra conexão em uso"},{"$i":"otherConnectionInUseMessage","$v":"Você tem uma chamada ativa em outra conexão. Você só pode usar uma conexão por vez."},{"$i":"connectingEllipsis","$v":"Conectando..."}]