[{"$i":"error","$v":"Ошибка"},{"$i":"ok","$v":"OK"},{"$i":"cancel","$v":"Отмена"},{"$i":"emergency-call-only","$v":"Только Экстренные Вызовы"},{"$i":"emergency-call-error","$v":[{"t":"idOrVar","v":"number"}," не является номером службы экстренной помощи."]},{"$i":"contact-list-empty-message","$v":"Нажмите цифровую клавиатуру для вызова"},{"$i":"kai-call","$v":"Вызов"},{"$i":"emergency-call","$v":"Экстренные"},{"$i":"sim-chooser-header","$v":"Выбрать"},{"$i":"select","$v":"Выбрать"},{"$i":"options","$v":"Опции"},{"$i":"sim-with-index-and-carrier","$v":["SIM",{"t":"idOrVar","v":"index"}," - ",{"t":"idOrVar","v":"carrier"}]},{"$i":"sim-without-carrier","$v":["SIM",{"t":"idOrVar","v":"index"}]},{"$i":"emergencyNumber","$v":"Экстренный номер"},{"$i":"callAirplaneModeMessage","$v":"Чтобы сделать вызов, вам необходимо отключить в настройках режим «В самолёте»."},{"$i":"callAirplaneModeBtnOk","$v":"OK"},{"$i":"callAirplaneModeTitle","$v":"Активирован режим «В самолёте»"},{"$i":"numberIsBusyTitle","$v":"Абонент занят"},{"$i":"numberIsBusyMessage","$v":"Абонент в данный момент занят. Пожалуйста, повторите попытку позже."},{"$i":"fdnIsActiveTitle","$v":"FDN активен"},{"$i":"fdnIsActiveMessage","$v":["Активирован FDN (Фиксированный набор). Следующий номер не указан в вашем списке разрешённых номеров: ",{"t":"idOrVar","v":"number"}]},{"$i":"emergencyDialogBodyBadNumber","$v":"Чтобы сделать вызов, телефон должен быть подключен к сети."},{"$i":"emergencyDialogBodyDeviceNotAccepted","$v":"Экстренные вызовы не поддерживаются сетью."},{"$i":"emergencyDialogBtnOk","$v":"OK"},{"$i":"emergencyDialogTitle","$v":"Отсутствует подключение к сети"},{"$i":"invalidNumberToDialTitle","$v":"Недействительный номер телефона"},{"$i":"invalidNumberToDialMessage","$v":"Номер телефона, который вы вызываете, недействителен."},{"$i":"unableToCallTitle","$v":"Невозможно сделать вызов"},{"$i":"unableToCallMessage","$v":"В настоящее время невозможно выполнить вызов."},{"$i":"otherConnectionInUseTitle","$v":"Используется другое подключение"},{"$i":"otherConnectionInUseMessage","$v":"У вас есть активный вызов на другом подключении. Одновременно можно использовать только одно подключение."},{"$i":"connectingEllipsis","$v":"Подключение..."}]