[{"$i":"error","$v":"Chyba"},{"$i":"ok","$v":"OK"},{"$i":"cancel","$v":"Zrušiť"},{"$i":"emergency-call-only","$v":"Len núdzový hovor"},{"$i":"emergency-call-error","$v":[{"t":"idOrVar","v":"number"}," nie je núdzové číslo."]},{"$i":"contact-list-empty-message","$v":"Stlačením číselnej klávesnice môžete uskutočniť hovor"},{"$i":"kai-call","$v":"Volať"},{"$i":"emergency-call","$v":"Len núdzový hovor"},{"$i":"sim-chooser-header","$v":"Vybrať"},{"$i":"select","$v":"Vybrať"},{"$i":"options","$v":"Voľby"},{"$i":"sim-with-index-and-carrier","$v":["SIM",{"t":"idOrVar","v":"index"}," – ",{"t":"idOrVar","v":"carrier"}]},{"$i":"sim-without-carrier","$v":["SIM",{"t":"idOrVar","v":"index"}]},{"$i":"emergencyNumber","$v":"Núdzové číslo"},{"$i":"callAirplaneModeMessage","$v":"Ak chcete uskutočniť hovor, vypnite režim Lietadlo v nastaveniach."},{"$i":"callAirplaneModeBtnOk","$v":"OK"},{"$i":"callAirplaneModeTitle","$v":"Režim Lietadlo zapnutý"},{"$i":"numberIsBusyTitle","$v":"Číslo je obsadené"},{"$i":"numberIsBusyMessage","$v":"Číslo je obsadené. Skúste to znova neskôr."},{"$i":"fdnIsActiveTitle","$v":"FDN aktívne"},{"$i":"fdnIsActiveMessage","$v":["Povolené čísla (FDN) sú aktiv. a nasled. číslo nie je v zozname FDN: ",{"t":"idOrVar","v":"number"}]},{"$i":"emergencyDialogBodyBadNumber","$v":"Ak chcete uskutočniť hovor, telefón musí byť pripojený k sieti."},{"$i":"emergencyDialogBodyDeviceNotAccepted","$v":"Sieť nepovoľuje núdzové volania."},{"$i":"emergencyDialogBtnOk","$v":"OK"},{"$i":"emergencyDialogTitle","$v":"Žiad. sieťové pripojenie"},{"$i":"invalidNumberToDialTitle","$v":"Nepl. tel. číslo"},{"$i":"invalidNumberToDialMessage","$v":"Telefónne číslo, na ktoré voláte, je neplatné."},{"$i":"unableToCallTitle","$v":"Nemožno uskut. "},{"$i":"unableToCallMessage","$v":"Teraz sa nedá uskutočniť hovor"},{"$i":"otherConnectionInUseTitle","$v":"Používa sa iné spojenie"},{"$i":"otherConnectionInUseMessage","$v":"Na inom spojení máte aktívny hovor. Môžete používať len 1 spojenie súčasne."},{"$i":"connectingEllipsis","$v":"Pripájanie…"}]