[{"$i":"error","$v":"Napaka"},{"$i":"ok","$v":"V redu"},{"$i":"cancel","$v":"Prekliči"},{"$i":"emergency-call-only","$v":"Samo klici v sili"},{"$i":"emergency-call-error","$v":[{"t":"idOrVar","v":"number"}," ni številka za klic v sili."]},{"$i":"contact-list-empty-message","$v":"Če želite opraviti klic, pritisnite številčnico"},{"$i":"kai-call","$v":"Klic"},{"$i":"emergency-call","$v":"Samo klici v sili"},{"$i":"sim-chooser-header","$v":"Izberi"},{"$i":"select","$v":"Izberi"},{"$i":"options","$v":"Možnosti"},{"$i":"sim-with-index-and-carrier","$v":["SIM",{"t":"idOrVar","v":"index"}," – ",{"t":"idOrVar","v":"carrier"}]},{"$i":"sim-without-carrier","$v":["SIM",{"t":"idOrVar","v":"index"}]},{"$i":"emergencyNumber","$v":"Številka za klic v sili"},{"$i":"callAirplaneModeMessage","$v":"Če želite opraviti klic, v nastavitvah izklopite način za letalo."},{"$i":"callAirplaneModeBtnOk","$v":"V redu"},{"$i":"callAirplaneModeTitle","$v":"Način za letalo je aktiviran"},{"$i":"numberIsBusyTitle","$v":"Številka je zasedena"},{"$i":"numberIsBusyMessage","$v":"Številka je trenutno zasedena. Poskusite znova pozneje."},{"$i":"fdnIsActiveTitle","$v":"Omejeno klicanje je aktivno"},{"$i":"fdnIsActiveMessage","$v":["Omejeno klicanje (FDN) je aktivirano in te številke ni na vašem seznamu za omejeno klicanje: ",{"t":"idOrVar","v":"number"}]},{"$i":"emergencyDialogBodyBadNumber","$v":"Če želite opraviti klic, mora biti telefon povezan v omrežje."},{"$i":"emergencyDialogBodyDeviceNotAccepted","$v":"Omrežje ne dovoljuje klicev v sili."},{"$i":"emergencyDialogBtnOk","$v":"V redu"},{"$i":"emergencyDialogTitle","$v":"Ni omrežne povezave"},{"$i":"invalidNumberToDialTitle","$v":"Neveljavna telefonska številka"},{"$i":"invalidNumberToDialMessage","$v":"Telefonska številka, ki jo kličete, ni veljavna."},{"$i":"unableToCallTitle","$v":"Ni mogoče opraviti klica. "},{"$i":"unableToCallMessage","$v":"Trenutno ni mogoče opraviti telefonskega klica"},{"$i":"otherConnectionInUseTitle","$v":"Druga povezava v uporabi"},{"$i":"otherConnectionInUseMessage","$v":"Imate aktiven klic prek druge povezave. Uporabljate lahko le eno povezavo naenkrat."},{"$i":"connectingEllipsis","$v":"Povezovanje …"}]