[{"$i":"error","$v":"Fel"},{"$i":"ok","$v":"OK"},{"$i":"cancel","$v":"Avbryt"},{"$i":"emergency-call-only","$v":"Endast nödsamtal"},{"$i":"emergency-call-error","$v":[{"t":"idOrVar","v":"number"}," är inte ett nödsituationsnummer."]},{"$i":"contact-list-empty-message","$v":"Tryck på tangentbordet för att ringa ett samtal"},{"$i":"kai-call","$v":"Samtal"},{"$i":"emergency-call","$v":"Endast nödsamtal"},{"$i":"sim-chooser-header","$v":"Välj"},{"$i":"select","$v":"Markera"},{"$i":"options","$v":"Alternativ"},{"$i":"sim-with-index-and-carrier","$v":["SIM",{"t":"idOrVar","v":"index"}," – ",{"t":"idOrVar","v":"carrier"}]},{"$i":"sim-without-carrier","$v":["SIM",{"t":"idOrVar","v":"index"}]},{"$i":"emergencyNumber","$v":"Nödsitationsnummer"},{"$i":"callAirplaneModeMessage","$v":"Du måste inaktivera flygläge i inställningar för att kunna ringa ett samtal."},{"$i":"callAirplaneModeBtnOk","$v":"OK"},{"$i":"callAirplaneModeTitle","$v":"Flygläge aktiverat"},{"$i":"numberIsBusyTitle","$v":"Numret är upptaget"},{"$i":"numberIsBusyMessage","$v":"Numret är upptaget. Försök igen senare."},{"$i":"fdnIsActiveTitle","$v":"FDN aktiv"},{"$i":"fdnIsActiveMessage","$v":["FDN (nummerbegräsningsnr.) är aktivt och följande nr. finns i FDN-listan: ",{"t":"idOrVar","v":"number"}]},{"$i":"emergencyDialogBodyBadNumber","$v":"Du måste vara ansluten till ett nätverk för att kunna ringa ett samtal."},{"$i":"emergencyDialogBodyDeviceNotAccepted","$v":"Nödsamtal tillåts inte av nätverket."},{"$i":"emergencyDialogBtnOk","$v":"OK"},{"$i":"emergencyDialogTitle","$v":"Ingen nätverksanslutning"},{"$i":"invalidNumberToDialTitle","$v":"Ogiltigt telefonnummer"},{"$i":"invalidNumberToDialMessage","$v":"Telefonnumret du ringer är inte giltigt."},{"$i":"unableToCallTitle","$v":"Det går inte att ringa samtal. "},{"$i":"unableToCallMessage","$v":"Det går inte att ringa ett samtal nu"},{"$i":"otherConnectionInUseTitle","$v":"Annan anslutning används"},{"$i":"otherConnectionInUseMessage","$v":"Du har ett aktivt samtal på en annan anslutning. Du kan bara använda en anslutning åt gången."},{"$i":"connectingEllipsis","$v":"Ansluter..."}]