[{"$i":"error","$v":"Hitilafu"},{"$i":"ok","$v":"SAWA"},{"$i":"cancel","$v":"Ghairi"},{"$i":"emergency-call-only","$v":"Simu za Dharura Pekee"},{"$i":"emergency-call-error","$v":[{"t":"idOrVar","v":"number"}," sio nambari ya dharura."]},{"$i":"contact-list-empty-message","$v":"Bonyeza kitufe cha namba ili upige simu"},{"$i":"kai-call","$v":"Piga simu"},{"$i":"emergency-call","$v":"Dharura"},{"$i":"sim-chooser-header","$v":"Chagua"},{"$i":"select","$v":"Chagua"},{"$i":"options","$v":"Chaguo"},{"$i":"sim-with-index-and-carrier","$v":["SIM",{"t":"idOrVar","v":"index"}," - ",{"t":"idOrVar","v":"carrier"}]},{"$i":"sim-without-carrier","$v":["SIM",{"t":"idOrVar","v":"index"}]},{"$i":"emergencyNumber","$v":"Nambari ya dharura"},{"$i":"callAirplaneModeMessage","$v":"Ili upige simu unahitaji kulemaza modi ya ndege katika mipangilio."},{"$i":"callAirplaneModeBtnOk","$v":"SAWA"},{"$i":"callAirplaneModeTitle","$v":"Modi ya ndege imeamilishwa"},{"$i":"numberIsBusyTitle","$v":"Nambati inatumika"},{"$i":"numberIsBusyMessage","$v":"Nambari inatumika kwa sasa. Tafadhali jaribu tena baadaye."},{"$i":"fdnIsActiveTitle","$v":"FDN imeamilishwa"},{"$i":"fdnIsActiveMessage","$v":["FDN (Nambari ya Simu ya Kudumu) imeamilishwa na nambari inayofuata haiko katika orodha yako ya FDN: ",{"t":"idOrVar","v":"number"}]},{"$i":"emergencyDialogBodyBadNumber","$v":"Ili upige simu, lazime simu iwe imeunganishwa kwenye mtandao."},{"$i":"emergencyDialogBodyDeviceNotAccepted","$v":"Simu za dharura haziruhusiwi na mtandao."},{"$i":"emergencyDialogBtnOk","$v":"SAWA"},{"$i":"emergencyDialogTitle","$v":"Hakuna muunganisho wa mtandao"},{"$i":"invalidNumberToDialTitle","$v":"Nambari ya simu isiyo halali"},{"$i":"invalidNumberToDialMessage","$v":"Nambari ya simu unayopiga sio halali"},{"$i":"unableToCallTitle","$v":"Huwezi kupiga simu"},{"$i":"unableToCallMessage","$v":"Imeshindwa kupiga simu sasa."},{"$i":"otherConnectionInUseTitle","$v":"Muunganisho mwingine unatumika"},{"$i":"otherConnectionInUseMessage","$v":"Una simu inayoendelea kwenye muunganisho mwingine. Unaweza kutumia muunganisho mmoja tu kwa wakati mmoja."},{"$i":"connectingEllipsis","$v":"Inaunganisha..."}]