[{"$i":"error","$v":"Hata"},{"$i":"ok","$v":"Tamam"},{"$i":"cancel","$v":"İptal"},{"$i":"emergency-call-only","$v":"Yalnızca Acil Çağrı"},{"$i":"emergency-call-error","$v":[{"t":"idOrVar","v":"number"}," bir acil durum numarası değil."]},{"$i":"contact-list-empty-message","$v":"Lütfen arama yapmak için sayısal tuş takımına basın"},{"$i":"kai-call","$v":"Çağrı"},{"$i":"emergency-call","$v":"Acil Durum"},{"$i":"sim-chooser-header","$v":"Seç"},{"$i":"select","$v":"Seç"},{"$i":"options","$v":"Seçenekler"},{"$i":"sim-with-index-and-carrier","$v":["SIM",{"t":"idOrVar","v":"index"}," - ",{"t":"idOrVar","v":"carrier"}]},{"$i":"sim-without-carrier","$v":["SIM",{"t":"idOrVar","v":"index"}]},{"$i":"emergencyNumber","$v":"Acil durum numarası"},{"$i":"callAirplaneModeMessage","$v":"Çağrı yapabilmek için Ayarlar'da uçak modunu kapatmalısınız."},{"$i":"callAirplaneModeBtnOk","$v":"Tamam"},{"$i":"callAirplaneModeTitle","$v":"Uçak modu etkin"},{"$i":"numberIsBusyTitle","$v":"Numara meşgul"},{"$i":"numberIsBusyMessage","$v":"Aradığınız numara şu anda meşgul. Lütfen daha sonra tekrar deneyin."},{"$i":"fdnIsActiveTitle","$v":"FDN etkin"},{"$i":"fdnIsActiveMessage","$v":["FDN (Sabit Arama Numaraları) etkinleştirildi ve şu numara FDN listenizde değil: ",{"t":"idOrVar","v":"number"}]},{"$i":"emergencyDialogBodyBadNumber","$v":"Çağrı yapmak için telefon bir şebekeye bağlı olmalıdır."},{"$i":"emergencyDialogBodyDeviceNotAccepted","$v":"Acil çağrılara şebeke tarafından izin verilmemektedir."},{"$i":"emergencyDialogBtnOk","$v":"Tamam"},{"$i":"emergencyDialogTitle","$v":"Şebeke bağlantısı yok"},{"$i":"invalidNumberToDialTitle","$v":"Geçersiz telefon numarası"},{"$i":"invalidNumberToDialMessage","$v":"Aradığınız telefon numarası geçersiz."},{"$i":"unableToCallTitle","$v":"Çağrı yapılamaz"},{"$i":"unableToCallMessage","$v":"Şu an telefon çağrısı yapılamıyor."},{"$i":"otherConnectionInUseTitle","$v":"Başka bir bağlantı kullanımda"},{"$i":"otherConnectionInUseMessage","$v":"Başka bir bağlantıda aktif bir çağrınız var. Bir seferde sadece bir bağlantı kullanabilirsiniz."},{"$i":"connectingEllipsis","$v":"Bağlanıyor..."}]