[{"$i":"error","$v":"Помилка"},{"$i":"ok","$v":"OK"},{"$i":"cancel","$v":"Скасувати"},{"$i":"emergency-call-only","$v":"Тільки екстрені дзвінки"},{"$i":"emergency-call-error","$v":[{"t":"idOrVar","v":"number"}," не є екстреним номером."]},{"$i":"contact-list-empty-message","$v":"Щоб подзвонити, натисніть значок цифрової клавіатури"},{"$i":"kai-call","$v":"Подзвонити"},{"$i":"emergency-call","$v":"Тільки екстрені дзвінки"},{"$i":"sim-chooser-header","$v":"Вибрати"},{"$i":"select","$v":"Вибрати"},{"$i":"options","$v":"Опції"},{"$i":"sim-with-index-and-carrier","$v":["SIM ",{"t":"idOrVar","v":"index"}," – ",{"t":"idOrVar","v":"carrier"}]},{"$i":"sim-without-carrier","$v":["SIM ",{"t":"idOrVar","v":"index"}]},{"$i":"emergencyNumber","$v":"Екстрений номер"},{"$i":"callAirplaneModeMessage","$v":"Щоб подзвонити, у настройках вимкніть режим \"Політ\"."},{"$i":"callAirplaneModeBtnOk","$v":"OK"},{"$i":"callAirplaneModeTitle","$v":"Режим \"Політ\" увімкнено"},{"$i":"numberIsBusyTitle","$v":"Номер зайнятий"},{"$i":"numberIsBusyMessage","$v":"Номер зараз зайнятий. Спробуйте ще раз пізніше."},{"$i":"fdnIsActiveTitle","$v":"Номери фіксованого набору ввімкнено"},{"$i":"fdnIsActiveMessage","$v":["Номери фіксованого набору ввімкнено. Наведений номер відсутній у вашому списку номерів фіксованого набору: ",{"t":"idOrVar","v":"number"}]},{"$i":"emergencyDialogBodyBadNumber","$v":"Щоб здійснити дзвінок, телефон має бути підключений до мережі."},{"$i":"emergencyDialogBodyDeviceNotAccepted","$v":"Екстрені дзвінки не дозволені мережею."},{"$i":"emergencyDialogBtnOk","$v":"OK"},{"$i":"emergencyDialogTitle","$v":"Немає з’єднання з мережею"},{"$i":"invalidNumberToDialTitle","$v":"Неправильний номер телефону"},{"$i":"invalidNumberToDialMessage","$v":"Номер телефону, на який ви дзвоните, недійсний."},{"$i":"unableToCallTitle","$v":"Не вдалося подзвонити. "},{"$i":"unableToCallMessage","$v":"Зараз не можна здійснити телефонний дзвінок"},{"$i":"otherConnectionInUseTitle","$v":"Використовується інше з’єднання"},{"$i":"otherConnectionInUseMessage","$v":"На іншому каналі очікує активний дзвінок. Одночасно можна використовувати тільки одне з’єднання."},{"$i":"connectingEllipsis","$v":"З’єднання..."}]