[{"$i":"error","$v":"خرابی"},{"$i":"ok","$v":"ٹھیک ہے"},{"$i":"cancel","$v":"منسوخ کریں"},{"$i":"emergency-call-only","$v":"صرف ہنگامی کال"},{"$i":"emergency-call-error","$v":[{"t":"idOrVar","v":"number"}," ایک ہنگامی نمبر نہیں ہے۔"]},{"$i":"contact-list-empty-message","$v":"کال کرنے کے لئے نمبر پیڈ دبائیں"},{"$i":"kai-call","$v":"کال کریں"},{"$i":"emergency-call","$v":"ہنگامی"},{"$i":"sim-chooser-header","$v":"منتخب کریں"},{"$i":"select","$v":"منتخب کریں"},{"$i":"options","$v":"اختیارات"},{"$i":"sim-with-index-and-carrier","$v":["سم",{"t":"idOrVar","v":"index"}," - ",{"t":"idOrVar","v":"carrier"}]},{"$i":"sim-without-carrier","$v":["سم",{"t":"idOrVar","v":"index"}]},{"$i":"emergencyNumber","$v":"ہنگامی نمبر"},{"$i":"callAirplaneModeMessage","$v":"کال کرنے کیلئے آپ کو سیٹنگز میں ہوائی جہاز موڈ غیر فعال کرنے کی ضرورت ہوگی۔"},{"$i":"callAirplaneModeBtnOk","$v":"ٹھیک ہے"},{"$i":"callAirplaneModeTitle","$v":"ایئر پلین موڈ فعال شدہ"},{"$i":"numberIsBusyTitle","$v":"نمبر مصروف ہے"},{"$i":"numberIsBusyMessage","$v":"نمبر فی الحال مصروف ہے۔ براہ کرم بعد ازاں دوبارہ کوشش کریں۔"},{"$i":"fdnIsActiveTitle","$v":"FDN فعال"},{"$i":"fdnIsActiveMessage","$v":["FDN (فکسڈ ڈائلنگ نمبرز) فعال شدہ ہے اور مندرجہ ذیل نمبر آپ کی FDN فہرست میں نہیں ہے: ",{"t":"idOrVar","v":"number"}]},{"$i":"emergencyDialogBodyBadNumber","$v":"کال کرنے کیلئے، فون کو نیٹ ورک سے جڑا ہونا ضروری ہے۔"},{"$i":"emergencyDialogBodyDeviceNotAccepted","$v":"ہنگامی کالز نیٹ ورک کے ذریعے اجازت یافتہ نہیں ہے۔"},{"$i":"emergencyDialogBtnOk","$v":"ٹھیک ہے"},{"$i":"emergencyDialogTitle","$v":"کوئی نیٹ ورک کنکشن نہیں"},{"$i":"invalidNumberToDialTitle","$v":"غیر مجاز فون نمبر"},{"$i":"invalidNumberToDialMessage","$v":"آپ جس نمبر پر کال کررہے ہیں وہ غلط ہے۔"},{"$i":"unableToCallTitle","$v":"کال نہیں کیا جاسکتا"},{"$i":"unableToCallMessage","$v":"ابھی فون کال کرنے سے قاصر۔"},{"$i":"otherConnectionInUseTitle","$v":"دوسرا کنیکشن زیر استعمال ہے"},{"$i":"otherConnectionInUseMessage","$v":"دیگر کنیکشن پر آپ کا کوئی فعال کال ہے۔ آپ ایک وقت میں صرف ایک کنیکشن استعمال کر سکتے ہیں۔"},{"$i":"connectingEllipsis","$v":"مربوط کیا جا رہا ہے..."}]