[{"$i":"error","$v":"Хато"},{"$i":"ok","$v":"OK"},{"$i":"cancel","$v":"Бекор"},{"$i":"emergency-call-only","$v":"Фақат фавқулодда чақ."},{"$i":"emergency-call-error","$v":[{"t":"idOrVar","v":"number"}," фавқулодда рақам эмас."]},{"$i":"contact-list-empty-message","$v":"Телефон қилиш учун клавиатурани босинг"},{"$i":"kai-call","$v":"Чақирув"},{"$i":"emergency-call","$v":"Фақат фавқулодда чақ."},{"$i":"sim-chooser-header","$v":"Танлаш"},{"$i":"select","$v":"Танлаш"},{"$i":"options","$v":"Параметрлар"},{"$i":"sim-with-index-and-carrier","$v":["SIM",{"t":"idOrVar","v":"index"}," - ",{"t":"idOrVar","v":"carrier"}]},{"$i":"sim-without-carrier","$v":["SIM",{"t":"idOrVar","v":"index"}]},{"$i":"emergencyNumber","$v":"Фавқулодда рақам"},{"$i":"callAirplaneModeMessage","$v":"Чақирув учун созламаларда парвоз режимини ўчиринг."},{"$i":"callAirplaneModeBtnOk","$v":"OK"},{"$i":"callAirplaneModeTitle","$v":"Парвоз режими фаоллашди"},{"$i":"numberIsBusyTitle","$v":"Рақам банд"},{"$i":"numberIsBusyMessage","$v":"Рақам ҳозирча банд. Кейинроқ қайта урининг."},{"$i":"fdnIsActiveTitle","$v":"FDN ёқилди"},{"$i":"fdnIsActiveMessage","$v":["FDN (Рухсат этилган рақамлар) ёқилди, аммо қуйидаги рақам FDN рўйхатида йўқ: ",{"t":"idOrVar","v":"number"}]},{"$i":"emergencyDialogBodyBadNumber","$v":"Чақирув учун телефон тармоққа уланиши керак."},{"$i":"emergencyDialogBodyDeviceNotAccepted","$v":"Тармоқ фавқулодда чақирувга рухсат бермайди."},{"$i":"emergencyDialogBtnOk","$v":"OK"},{"$i":"emergencyDialogTitle","$v":"Тармоққа уланмаган"},{"$i":"invalidNumberToDialTitle","$v":"Телефон рақами хато"},{"$i":"invalidNumberToDialMessage","$v":"Чақирилаётган рақам мавжуд эмас."},{"$i":"unableToCallTitle","$v":"Чақирувнинг иложи йўқ. "},{"$i":"unableToCallMessage","$v":"Ҳозир чақириб бўлмайди"},{"$i":"otherConnectionInUseTitle","$v":"Бошқа фаол уланиш"},{"$i":"otherConnectionInUseMessage","$v":"Бошқа уланишда чақирув кетмоқда. Бир вақтда биттагина уланиш ишлатасиз."},{"$i":"connectingEllipsis","$v":"Уланмоқда..."}]