[{"$i":"error","$v":"Impazamo"},{"$i":"ok","$v":"KULUNGILE"},{"$i":"cancel","$v":"Rhoxisa"},{"$i":"emergency-call-only","$v":"Fowunela Ungxamiseko Kuphela"},{"$i":"emergency-call-error","$v":[{"t":"idOrVar","v":"number"}," akuyonombolo kaxakeka."]},{"$i":"contact-list-empty-message","$v":"Cofa inombolo yepadi ukwenza umnxeba"},{"$i":"kai-call","$v":"Umnxeba"},{"$i":"emergency-call","$v":"Fowunela ungxamiseko kuphela"},{"$i":"sim-chooser-header","$v":"Khetha"},{"$i":"select","$v":"Khetha"},{"$i":"options","$v":"Iinketho"},{"$i":"sim-with-index-and-carrier","$v":["I-SIM",{"t":"idOrVar","v":"index"}," - ",{"t":"idOrVar","v":"carrier"}]},{"$i":"sim-without-carrier","$v":["I-SIM",{"t":"idOrVar","v":"index"}]},{"$i":"emergencyNumber","$v":"Inombolo yongxamiseko"},{"$i":"callAirplaneModeMessage","$v":"Ukuze utsale umnxeba kufuneka uvale imo yepleyini kwiisethingi."},{"$i":"callAirplaneModeBtnOk","$v":"Lungile"},{"$i":"callAirplaneModeTitle","$v":"Imodi yenqwelo-moya ivuliwe"},{"$i":"numberIsBusyTitle","$v":"Inombolo ixakekile"},{"$i":"numberIsBusyMessage","$v":"Le nombolo ixakekile okwangoku. Nceda uzame kamva."},{"$i":"fdnIsActiveTitle","$v":"I-FDN iyasetyenziswa"},{"$i":"fdnIsActiveMessage","$v":["I-FDN (Iinombolo Ezimiselwe Ukutsalelwa) ivuliwe ibe ezi nombolo zilandelayo azikho kuludwe lwe-FDN: ",{"t":"idOrVar","v":"number"}]},{"$i":"emergencyDialogBodyBadNumber","$v":"Ukuze utsale umnxeba, ifowuni kumele inxibelelane nenetwekhi."},{"$i":"emergencyDialogBodyDeviceNotAccepted","$v":"Ifowuni zongxamiseko azilandelwa kwinethiwekhi."},{"$i":"emergencyDialogBtnOk","$v":"Lungile"},{"$i":"emergencyDialogTitle","$v":"Akukho qhakamshelo lanethiwekhi"},{"$i":"invalidNumberToDialTitle","$v":"Akuyiyo inombolo yefowuni"},{"$i":"invalidNumberToDialMessage","$v":"Le nombolo yefowuni uyifowunelayo ayilunganga."},{"$i":"unableToCallTitle","$v":"Asikwazi ukufowuna. "},{"$i":"unableToCallMessage","$v":"Ayinakho ukutsala umnxeba ngoku"},{"$i":"otherConnectionInUseTitle","$v":"Amanye oqhakamshelo asetyenziswayo"},{"$i":"otherConnectionInUseMessage","$v":"Usemnxebeni kolunye unxibelelwano. Ungasebenzisa kuphela unxibelelwano olunye ngexesha."},{"$i":"connectingEllipsis","$v":"Iyaqhagamshelana..."}]