[{"$i":"error","$v":"錯誤"},{"$i":"ok","$v":"確定"},{"$i":"cancel","$v":"取消"},{"$i":"emergency-call-only","$v":"僅限緊急通話"},{"$i":"emergency-call-error","$v":[{"t":"idOrVar","v":"number"},"不是緊急號碼。"]},{"$i":"contact-list-empty-message","$v":"按數字鍵台以撥打電話"},{"$i":"kai-call","$v":"撥號"},{"$i":"emergency-call","$v":"僅限緊急通話"},{"$i":"sim-chooser-header","$v":"選擇"},{"$i":"select","$v":"選擇"},{"$i":"options","$v":"選項"},{"$i":"sim-with-index-and-carrier","$v":["SIM卡",{"t":"idOrVar","v":"index"}," - ",{"t":"idOrVar","v":"carrier"}]},{"$i":"sim-without-carrier","$v":["SIM卡",{"t":"idOrVar","v":"index"}]},{"$i":"emergencyNumber","$v":"緊急號碼"},{"$i":"callAirplaneModeMessage","$v":"若要撥打電話，您需要在「設定」中停用飛航模式。"},{"$i":"callAirplaneModeBtnOk","$v":"確定"},{"$i":"callAirplaneModeTitle","$v":"已啟動飛航模式"},{"$i":"numberIsBusyTitle","$v":"線路繁忙"},{"$i":"numberIsBusyMessage","$v":"該號碼目前正在忙線中。請稍後重試。"},{"$i":"fdnIsActiveTitle","$v":"FDN使用中"},{"$i":"fdnIsActiveMessage","$v":["FDN(固定撥號號碼)已啟動，以下號碼不在您的FDN清單中：",{"t":"idOrVar","v":"number"}]},{"$i":"emergencyDialogBodyBadNumber","$v":"若要撥打電話，手機必須連接至網絡。"},{"$i":"emergencyDialogBodyDeviceNotAccepted","$v":"網絡不允許緊急通話。"},{"$i":"emergencyDialogBtnOk","$v":"確定"},{"$i":"emergencyDialogTitle","$v":"無網絡連接"},{"$i":"invalidNumberToDialTitle","$v":"電話號碼無效"},{"$i":"invalidNumberToDialMessage","$v":"您撥打的電話號碼無效。"},{"$i":"unableToCallTitle","$v":"無法撥打電話。"},{"$i":"unableToCallMessage","$v":"現在無法撥打電話"},{"$i":"otherConnectionInUseTitle","$v":"其他正在使用的連接"},{"$i":"otherConnectionInUseMessage","$v":"您在另一個連接中有使用中的通話。一次只能使用一個連接。"},{"$i":"connectingEllipsis","$v":"正在連接..."}]