[{"$i":"filemanager","$v":"مدير الملفات"},{"$i":"internal","$v":"داخلي"},{"$i":"sdcard","$v":"بطاقة SD"},{"$i":"no-files","$v":"هذا المجلد فارغ."},{"$i":"not-support-header","$v":"يتعذر الفتح"},{"$i":"not-support-content","$v":"تنسيق هذا الملف غير صالح أو غير مدعوم."},{"$i":"confirmation-header","$v":"تأكيد"},{"$i":"delete-file-content","$v":["حذف الملف ",{"t":"idOrVar","v":"fileName"},"؟"]},{"$i":"delete-folder-content","$v":["سيتم حذف جميع العناصر الموجودة في المجلد المحدد. حذف المجلد ",{"t":"idOrVar","v":"fileName"},"؟"]},{"$i":"copy-move-header","$v":"تحديد المجلد المستهدف"},{"$i":"number-selected","$v":{"zero":[{"t":"idOrVar","v":"number"}," Selected"],"one":[{"t":"idOrVar","v":"number"}," Selected "],"two":[{"t":"idOrVar","v":"number"}," Selected"],"few":[{"t":"idOrVar","v":"number"}," Selected"],"many":[{"t":"idOrVar","v":"number"}," Selected"],"other":[{"t":"idOrVar","v":"number"}," Selected"]},"$x":[{"t":"idOrVar","v":"plural"},"number"]},{"$i":"delete-all-folder","$v":"سيتم حذف جميع العناصر الموجودة في المجلد المحدد. حذف العنصر المحدد؟"},{"$i":"delete-all-file","$v":"حذف الملفات المحددة؟"},{"$i":"search-in","$v":"بحث في"},{"$i":"search-current","$v":"المجلد الحالي فقط"},{"$i":"search-internal","$v":"داخلي"},{"$i":"search-sdcard","$v":"بطاقة SD"},{"$i":"search-header","$v":["بحث: ",{"t":"idOrVar","v":"keyword"}]},{"$i":"file-exist","$v":[{"t":"idOrVar","v":"fileName"}," موجود بالفعل في هذا الموقع. الاحتفاظ بكلا العنصرين؟"]},{"$i":"paste-error","$v":"لا يمكن لصق مجلد إلى نفسه."},{"$i":"move-error","$v":"لا يمكن نقل مجلد إلى نفسه."},{"$i":"new-folder-error","$v":["الاسم ",{"t":"idOrVar","v":"folderName"}," مستخدم بالفعل. اختر اسمًا آخر."]},{"$i":"searching","$v":"جار البحث..."},{"$i":"loading","$v":"جار التحميل..."},{"$i":"search-empty","$v":"غير موجود"},{"$i":"unsupport-folder-name","$v":{"$o":"لا يمكن استخدام اسم يحتوي على أحرف غير مدعومة: \\/:*?\"<>|"}},{"$i":"new-folder-invalid","$v":["الاسم ",{"t":"idOrVar","v":"folderName"}," غير صالح. اختر اسمًا آخر."]},{"$i":"progress-head-copy","$v":"نسخ"},{"$i":"progress-content-copy","$v":"نسخ عنصر"},{"$i":"progress-head-move","$v":"نقل"},{"$i":"progress-content-move","$v":"نقل العنصر"},{"$i":"unsupport-copy","$v":{"$o":"لا يمكن نسخ ملف يحمل اسمًا يحتوي على أحرف غير مدعومة: \\/:*?\"<>|"}},{"$i":"unsupport-move","$v":{"$o":"لا يمكن نقل ملف يحمل اسمًا يحتوي على أحرف غير مدعومة: \\/:*?\"<>|"}},{"$i":"open","$v":"فتح"},{"$i":"options","$v":"الخيارات"},{"$i":"ok","$v":"موافق"},{"$i":"cancel","$v":"ألغِ"},{"$i":"paste","$v":"لصق"},{"$i":"select","$v":"تحديد"},{"$i":"deselect","$v":"إلغاء تحديد"},{"$i":"replace","$v":"استبدال"},{"$i":"keep-both","$v":"الاحتفاظ بكلا العنصرين"},{"$i":"delete","$v":"حذف"},{"$i":"copy","$v":"نسخ"},{"$i":"move","$v":"نقل"},{"$i":"rename","$v":"إعادة تسمية"},{"$i":"select-items","$v":"تحديد عناصر"},{"$i":"new-folder","$v":"مجلد جديد"},{"$i":"search","$v":"بحث"},{"$i":"refresh","$v":"تحديث"},{"$i":"details","$v":"التفاصيل"},{"$i":"share","$v":"مشاركة"},{"$i":"select-all","$v":"تحديد الكل"},{"$i":"deselect-all","$v":"ألغ أختيار الكل"},{"$i":"detail-header","$v":"التفاصيل"},{"$i":"detail-name","$v":"الاسم"},{"$i":"detail-location","$v":"الموقع"},{"$i":"detail-type","$v":"النوع"},{"$i":"detail-created","$v":"تم الإنشاء"},{"$i":"detail-size","$v":"الحجم"},{"$i":"folder","$v":"المجلد"},{"$i":"type-unknow","$v":"غير معروف"},{"$i":"B","$v":"بايت"},{"$i":"KB","$v":"كيلوبايت"},{"$i":"MB","$v":"ميجابايت"},{"$i":"GB","$v":"ج.ب"},{"$i":"weekday-0-long","$v":"السبت"},{"$i":"weekday-1-long","$v":"الإثنين"},{"$i":"weekday-2-long","$v":"الثلاثاء"},{"$i":"weekday-3-long","$v":"الأربعاء"},{"$i":"weekday-4-long","$v":"الخميس"},{"$i":"weekday-5-long","$v":"الجمعة"},{"$i":"weekday-6-long","$v":"الجمعة"},{"$i":"weekday-0-short","$v":"أحد"},{"$i":"weekday-1-short","$v":"إثنين"},{"$i":"weekday-2-short","$v":"ثلاثاء"},{"$i":"weekday-3-short","$v":"أربعاء"},{"$i":"weekday-4-short","$v":"خميس"},{"$i":"weekday-5-short","$v":"جمعة"},{"$i":"weekday-6-short","$v":"سبت"},{"$i":"month-0-long","$v":"يناير"},{"$i":"month-1-long","$v":"فبراير"},{"$i":"month-2-long","$v":"مارس"},{"$i":"month-3-long","$v":"أبريل"},{"$i":"month-4-long","$v":"مايو"},{"$i":"month-5-long","$v":"يونيو"},{"$i":"month-6-long","$v":"يوليو"},{"$i":"month-7-long","$v":"أغسطس"},{"$i":"month-8-long","$v":"سبتمبر"},{"$i":"month-9-long","$v":"أكتوبر"},{"$i":"month-10-long","$v":"نوفمبر"},{"$i":"month-11-long","$v":"ديسمبر"},{"$i":"month-0-genitive","$v":"يناير"},{"$i":"month-1-genitive","$v":"فبراير"},{"$i":"month-2-genitive","$v":"مارس"},{"$i":"month-3-genitive","$v":"أبريل"},{"$i":"month-4-genitive","$v":"مايو"},{"$i":"month-5-genitive","$v":"يونيو"},{"$i":"month-6-genitive","$v":"يوليو"},{"$i":"month-7-genitive","$v":"أغسطس"},{"$i":"month-8-genitive","$v":"سبتمبر"},{"$i":"month-9-genitive","$v":"أكتوبر"},{"$i":"month-10-genitive","$v":"نوفمبر"},{"$i":"month-11-genitive","$v":"ديسمبر"},{"$i":"month-0-short","$v":"يناير"},{"$i":"month-1-short","$v":"فبراير"},{"$i":"month-2-short","$v":"مارس"},{"$i":"month-3-short","$v":"ابريل"},{"$i":"month-4-short","$v":"مايو"},{"$i":"month-5-short","$v":"يونيو"},{"$i":"month-6-short","$v":"يوليو"},{"$i":"month-7-short","$v":"أغسطس"},{"$i":"month-8-short","$v":"سبتمبر"},{"$i":"month-9-short","$v":"أكتوبر"},{"$i":"month-10-short","$v":"نوفمبر"},{"$i":"month-11-short","$v":"ديسمبر"},{"$i":"minutes-ago-long","$v":{"few":["منذ ",{"t":"idOrVar","v":"value"}," دقائق"],"many":["منذ ",{"t":"idOrVar","v":"value"}," دقائق"],"one":"منذ دقيقة","other":["منذ ",{"t":"idOrVar","v":"value"}," دقائق"],"two":["منذ ",{"t":"idOrVar","v":"value"}," دقائق"],"zero":"الآن"},"$x":[{"t":"idOrVar","v":"plural"},"value"]},{"$i":"hours-ago-long","$v":{"few":"منذ ساعتين","many":"منذ ساعتين","one":"قبل ساعة واحدة","other":"منذ ساعتين","two":"منذ ساعتين","zero":"الآن"},"$x":[{"t":"idOrVar","v":"plural"},"value"]},{"$i":"days-ago-long","$v":{"few":"قبل يومين","many":"قبل يومين","one":"الأمس","other":"قبل يومين","two":"قبل يومين","zero":"اليوم"},"$x":[{"t":"idOrVar","v":"plural"},"value"]},{"$i":"weeks-ago-long","$v":{"few":["منذ ",{"t":"idOrVar","v":"value"}," أسابيع"],"many":["منذ ",{"t":"idOrVar","v":"value"}," أسابيع"],"one":"الأسبوع الماضي","other":["منذ ",{"t":"idOrVar","v":"value"}," أسابيع"],"two":["منذ ",{"t":"idOrVar","v":"value"}," أسابيع"],"zero":"هذا الأسبوع"},"$x":[{"t":"idOrVar","v":"plural"},"value"]},{"$i":"months-ago-long","$v":{"few":["منذ ",{"t":"idOrVar","v":"value"}," أشهر"],"many":["منذ ",{"t":"idOrVar","v":"value"}," أشهر"],"one":"الشهر الماضي","other":["منذ ",{"t":"idOrVar","v":"value"}," أشهر"],"two":["منذ ",{"t":"idOrVar","v":"value"}," أشهر"],"zero":"هذا الشهر"},"$x":[{"t":"idOrVar","v":"plural"},"value"]},{"$i":"years-ago-long","$v":{"few":"منذ سنتين","many":"منذ سنتين","one":"السنة الماضية","other":"منذ سنتين","two":"منذ سنتين","zero":"هذه السنة"},"$x":[{"t":"idOrVar","v":"plural"},"value"]},{"$i":"minutes-until-long","$v":{"few":"خلال دقيقتين","many":"خلال دقيقتين","one":"خلال دقيقة","other":"خلال دقيقتين","two":"خلال دقيقتين","zero":"الآن"},"$x":[{"t":"idOrVar","v":"plural"},"value"]},{"$i":"hours-until-long","$v":{"few":"خلال ساعتين","many":"خلال ساعتين","one":"خلال ساعة","other":"خلال ساعتين","two":"خلال ساعتين","zero":"الآن"},"$x":[{"t":"idOrVar","v":"plural"},"value"]},{"$i":"days-until-long","$v":{"few":"خلال يومين","many":"خلال يومين","one":"غداً","other":"خلال يومين","two":"خلال يومين","zero":"اليوم"},"$x":[{"t":"idOrVar","v":"plural"},"value"]},{"$i":"weeks-until-long","$v":{"few":"خلال اسبوعين","many":"خلال اسبوعين","one":"الأسبوع القادم","other":"خلال اسبوعين","two":"خلال اسبوعين","zero":"هذا الأسبوع"},"$x":[{"t":"idOrVar","v":"plural"},"value"]},{"$i":"months-until-long","$v":{"few":"خلال شهرين","many":"خلال شهرين","one":"الشهر القادم","other":"خلال شهرين","two":"خلال شهرين","zero":"هذا الشهر"},"$x":[{"t":"idOrVar","v":"plural"},"value"]},{"$i":"years-until-long","$v":{"few":"خلال سنتين","many":"خلال سنتين","one":"السنة القادمة","other":"خلال سنتين","two":"خلال سنتين","zero":"هذه السنة"},"$x":[{"t":"idOrVar","v":"plural"},"value"]},{"$i":"minutes-ago-short","$v":{"other":["منذ ",{"t":"idOrVar","v":"value"}," دقيقة"],"zero":"الآن"},"$x":[{"t":"idOrVar","v":"plural"},"value"]},{"$i":"hours-ago-short","$v":{"other":["منذ ",{"t":"idOrVar","v":"value"}," س"],"zero":"الآن"},"$x":[{"t":"idOrVar","v":"plural"},"value"]},{"$i":"days-ago-short","$v":{"other":["منذ ",{"t":"idOrVar","v":"value"}," ي"],"zero":"اليوم"},"$x":[{"t":"idOrVar","v":"plural"},"value"]},{"$i":"minutes-until-short","$v":{"other":["خلال ",{"t":"idOrVar","v":"value"}," د"],"zero":"الآن"},"$x":[{"t":"idOrVar","v":"plural"},"value"]},{"$i":"hours-until-short","$v":{"other":["خلال ",{"t":"idOrVar","v":"value"}," س"],"zero":"الآن"},"$x":[{"t":"idOrVar","v":"plural"},"value"]},{"$i":"days-until-short","$v":{"other":["خلال ",{"t":"idOrVar","v":"value"}," ي"],"zero":"اليوم"},"$x":[{"t":"idOrVar","v":"plural"},"value"]},{"$i":"incorrectDate","$v":"(تاريخ غير صحيح)"},{"$i":"dateTimeFormat_%c","$v":"%a %e %b %Y %I:%M:%S %p"},{"$i":"dateTimeFormat_%x","$v":"%d/%m/%Y"},{"$i":"dateTimeFormat_%X","$v":"%I:%M:%S %p"},{"$i":"shortTimeFormat","$v":"%I:%M %p"},{"$i":"shortTimeFormat12","$v":"%I:%M %p"},{"$i":"shortTimeFormat24","$v":"%H:%M"},{"$i":"shortDateTimeFormat","$v":"%x %I:%M %p"},{"$i":"weekStartsOnMonday","$v":"0"},{"$i":"firstDayOfTheWeek","$v":"0"},{"$i":"time_am","$v":"ص"},{"$i":"time_pm","$v":"م"}]