[{"$i":"filemanager","$v":"Datei-Manager"},{"$i":"internal","$v":"Intern"},{"$i":"sdcard","$v":"SD-Karte"},{"$i":"no-files","$v":"Dieser Ordner ist leer."},{"$i":"not-support-header","$v":"Kann nicht geöffnet werden"},{"$i":"not-support-content","$v":"Dieses Dateiformat ist ungültig oder wird nicht unterstützt."},{"$i":"confirmation-header","$v":"Bestätigung"},{"$i":"delete-file-content","$v":["Datei ",{"t":"idOrVar","v":"fileName"}," löschen?"]},{"$i":"delete-folder-content","$v":["Alle Dateien im ausgewählten Ordner werden gelöscht. Ordner ",{"t":"idOrVar","v":"fileName"}," löschen?"]},{"$i":"copy-move-header","$v":"Zielordner auswählen"},{"$i":"number-selected","$v":{"zero":[{"t":"idOrVar","v":"number"}," Selected"],"one":[{"t":"idOrVar","v":"number"}," Selected "],"two":[{"t":"idOrVar","v":"number"}," Selected"],"few":[{"t":"idOrVar","v":"number"}," Selected"],"many":[{"t":"idOrVar","v":"number"}," Selected"],"other":[{"t":"idOrVar","v":"number"}," Selected"]},"$x":[{"t":"idOrVar","v":"plural"},"number"]},{"$i":"delete-all-folder","$v":"Alle Dateien im ausgewählten Ordner werden gelöscht. Ausgewählte Objekte löschen?"},{"$i":"delete-all-file","$v":"Ausgewählte Dateien löschen?"},{"$i":"search-in","$v":"Suche in"},{"$i":"search-current","$v":"Nur aktueller Ordner"},{"$i":"search-internal","$v":"Intern"},{"$i":"search-sdcard","$v":"SD-Karte"},{"$i":"search-header","$v":["Suche: ",{"t":"idOrVar","v":"keyword"}]},{"$i":"file-exist","$v":[{"t":"idOrVar","v":"fileName"}," bereits vorhanden. Beide Elemente behalten?"]},{"$i":"paste-error","$v":"Sie können einen Ordner nicht in sich selbst einfügen."},{"$i":"move-error","$v":"Sie können einen Ordner nicht in sich selbst verschieben."},{"$i":"new-folder-error","$v":["Der Name ",{"t":"idOrVar","v":"folderName"}," wird bereits vergeben. Wählen Sie einen anderen Namen."]},{"$i":"searching","$v":"Suche läuft..."},{"$i":"loading","$v":"Ladevorgang läuft..."},{"$i":"search-empty","$v":"Nicht gefunden"},{"$i":"unsupport-folder-name","$v":{"$o":"Name mit nicht unterstützten Zeichen kann nicht verwendet werden: \\/:*?\"<>|"}},{"$i":"new-folder-invalid","$v":["Der Name ",{"t":"idOrVar","v":"folderName"}," ist ungültig. Wählen Sie einen anderen Namen."]},{"$i":"progress-head-copy","$v":"Wird kopiert..."},{"$i":"progress-content-copy","$v":"Element wird kopiert..."},{"$i":"progress-head-move","$v":"Wird verschoben..."},{"$i":"progress-content-move","$v":"Element wird verschoben..."},{"$i":"unsupport-copy","$v":{"$o":"Datei mit folgenden nicht unterstützten Zeichen im Namen kann nicht kopiert werden: \\/:*?\"<>|"}},{"$i":"unsupport-move","$v":{"$o":"Datei mit folgenden nicht unterstützten Zeichen im Namen kann nicht verschoben werden: \\/:*?\"<>|"}},{"$i":"open","$v":"Offen"},{"$i":"options","$v":"Optionen"},{"$i":"ok","$v":"OK"},{"$i":"cancel","$v":"Abbrechen"},{"$i":"paste","$v":"Einfügen"},{"$i":"select","$v":"Auswählen"},{"$i":"deselect","$v":"ABWÄHLEN"},{"$i":"replace","$v":"Ersetzen"},{"$i":"keep-both","$v":"Beide behalten"},{"$i":"delete","$v":"Löschen"},{"$i":"copy","$v":"Kopieren"},{"$i":"move","$v":"Verschieben"},{"$i":"rename","$v":"Umbenennen"},{"$i":"select-items","$v":"Elemente auswählen"},{"$i":"new-folder","$v":"Neuer Ordner"},{"$i":"search","$v":"Suchen"},{"$i":"refresh","$v":"Aktualisieren"},{"$i":"details","$v":"Details"},{"$i":"share","$v":"Teilen"},{"$i":"select-all","$v":"Alles auswählen"},{"$i":"deselect-all","$v":"Auswahl für alle aufheben"},{"$i":"detail-header","$v":"Details"},{"$i":"detail-name","$v":"Name"},{"$i":"detail-location","$v":"Standort"},{"$i":"detail-type","$v":"Typ"},{"$i":"detail-created","$v":"Erstellt"},{"$i":"detail-size","$v":"Größe"},{"$i":"folder","$v":"Ordner"},{"$i":"type-unknow","$v":"unbekannt"},{"$i":"B","$v":"B"},{"$i":"KB","$v":"KB"},{"$i":"MB","$v":"MB"},{"$i":"GB","$v":"GB"},{"$i":"weekday-0-long","$v":"Sonntag"},{"$i":"weekday-1-long","$v":"Montag"},{"$i":"weekday-2-long","$v":"Dienstag"},{"$i":"weekday-3-long","$v":"Mittwoch"},{"$i":"weekday-4-long","$v":"Donnerstag"},{"$i":"weekday-5-long","$v":"Freitag"},{"$i":"weekday-6-long","$v":"Samstag"},{"$i":"weekday-0-short","$v":"So"},{"$i":"weekday-1-short","$v":"Mo"},{"$i":"weekday-2-short","$v":"Di"},{"$i":"weekday-3-short","$v":"Mi"},{"$i":"weekday-4-short","$v":"Do"},{"$i":"weekday-5-short","$v":"Fr"},{"$i":"weekday-6-short","$v":"Sa"},{"$i":"month-0-long","$v":"Januar"},{"$i":"month-1-long","$v":"Februar"},{"$i":"month-2-long","$v":"März"},{"$i":"month-3-long","$v":"April"},{"$i":"month-4-long","$v":"Mai"},{"$i":"month-5-long","$v":"Juni"},{"$i":"month-6-long","$v":"Juli"},{"$i":"month-7-long","$v":"August"},{"$i":"month-8-long","$v":"September"},{"$i":"month-9-long","$v":"Oktober"},{"$i":"month-10-long","$v":"November"},{"$i":"month-11-long","$v":"Dezember"},{"$i":"month-0-genitive","$v":"Januar"},{"$i":"month-1-genitive","$v":"Februar"},{"$i":"month-2-genitive","$v":"März"},{"$i":"month-3-genitive","$v":"April"},{"$i":"month-4-genitive","$v":"Mai"},{"$i":"month-5-genitive","$v":"Juni"},{"$i":"month-6-genitive","$v":"Juli"},{"$i":"month-7-genitive","$v":"August"},{"$i":"month-8-genitive","$v":"September"},{"$i":"month-9-genitive","$v":"Oktober"},{"$i":"month-10-genitive","$v":"November"},{"$i":"month-11-genitive","$v":"Dezember"},{"$i":"month-0-short","$v":"Jan"},{"$i":"month-1-short","$v":"Feb"},{"$i":"month-2-short","$v":"Mär"},{"$i":"month-3-short","$v":"Apr"},{"$i":"month-4-short","$v":"Mai"},{"$i":"month-5-short","$v":"Jun"},{"$i":"month-6-short","$v":"Jul"},{"$i":"month-7-short","$v":"Aug"},{"$i":"month-8-short","$v":"Sep"},{"$i":"month-9-short","$v":"Okt"},{"$i":"month-10-short","$v":"Nov"},{"$i":"month-11-short","$v":"Dez"},{"$i":"minutes-ago-long","$v":{"few":["vor ",{"t":"idOrVar","v":"value"}," Minuten"],"many":["vor ",{"t":"idOrVar","v":"value"}," Minuten"],"one":"vor einer Minute","other":["vor ",{"t":"idOrVar","v":"value"}," Minuten"],"two":["vor ",{"t":"idOrVar","v":"value"}," Minuten"],"zero":"genau jetzt"},"$x":[{"t":"idOrVar","v":"plural"},"value"]},{"$i":"hours-ago-long","$v":{"few":["vor ",{"t":"idOrVar","v":"value"}," Stunden"],"many":["vor ",{"t":"idOrVar","v":"value"}," Stunden"],"one":"vor einer Stunde","other":["vor ",{"t":"idOrVar","v":"value"}," Stunden"],"two":["vor ",{"t":"idOrVar","v":"value"}," Stunden"],"zero":"genau jetzt"},"$x":[{"t":"idOrVar","v":"plural"},"value"]},{"$i":"days-ago-long","$v":{"few":["vor ",{"t":"idOrVar","v":"value"}," Tagen"],"many":["vor ",{"t":"idOrVar","v":"value"}," Tagen"],"one":"gestern","other":["vor ",{"t":"idOrVar","v":"value"}," Tagen"],"two":["vor ",{"t":"idOrVar","v":"value"}," Tagen"],"zero":"heute"},"$x":[{"t":"idOrVar","v":"plural"},"value"]},{"$i":"weeks-ago-long","$v":{"few":["vor ",{"t":"idOrVar","v":"value"}," Wochen"],"many":["vor ",{"t":"idOrVar","v":"value"}," Wochen"],"one":"letzte Woche","other":["vor ",{"t":"idOrVar","v":"value"}," Wochen"],"two":["vor ",{"t":"idOrVar","v":"value"}," Wochen"],"zero":"diese Woche"},"$x":[{"t":"idOrVar","v":"plural"},"value"]},{"$i":"months-ago-long","$v":{"few":["vor ",{"t":"idOrVar","v":"value"}," Monaten"],"many":["vor ",{"t":"idOrVar","v":"value"}," Monaten"],"one":"letzter Monat","other":["vor ",{"t":"idOrVar","v":"value"}," Monaten"],"two":["vor ",{"t":"idOrVar","v":"value"}," Monaten"],"zero":"diesen Monat"},"$x":[{"t":"idOrVar","v":"plural"},"value"]},{"$i":"years-ago-long","$v":{"few":["vor ",{"t":"idOrVar","v":"value"}," Jahren"],"many":["vor ",{"t":"idOrVar","v":"value"}," Jahren"],"one":"letztes Jahr","other":["vor ",{"t":"idOrVar","v":"value"}," Jahren"],"two":["vor ",{"t":"idOrVar","v":"value"}," Jahren"],"zero":"dieses Jahr"},"$x":[{"t":"idOrVar","v":"plural"},"value"]},{"$i":"minutes-until-long","$v":{"few":["in ",{"t":"idOrVar","v":"value"}," Minuten"],"many":["in ",{"t":"idOrVar","v":"value"}," Minuten"],"one":"in einer Minute","other":["in ",{"t":"idOrVar","v":"value"}," Minuten"],"two":["in ",{"t":"idOrVar","v":"value"}," Minuten"],"zero":"jetzt"},"$x":[{"t":"idOrVar","v":"plural"},"value"]},{"$i":"hours-until-long","$v":{"few":["in ",{"t":"idOrVar","v":"value"}," Stunden"],"many":["in ",{"t":"idOrVar","v":"value"}," Stunden"],"one":"in einer Stunde","other":["in ",{"t":"idOrVar","v":"value"}," Stunden"],"two":["in ",{"t":"idOrVar","v":"value"}," Stunden"],"zero":"jetzt"},"$x":[{"t":"idOrVar","v":"plural"},"value"]},{"$i":"days-until-long","$v":{"few":["in ",{"t":"idOrVar","v":"value"}," Tagen"],"many":["in ",{"t":"idOrVar","v":"value"}," Tagen"],"one":"morgen","other":["in ",{"t":"idOrVar","v":"value"}," Tagen"],"two":["in ",{"t":"idOrVar","v":"value"}," Tagen"],"zero":"heute"},"$x":[{"t":"idOrVar","v":"plural"},"value"]},{"$i":"weeks-until-long","$v":{"few":["in ",{"t":"idOrVar","v":"value"}," Wochen"],"many":["in ",{"t":"idOrVar","v":"value"}," Wochen"],"one":"nächste Woche","other":["in ",{"t":"idOrVar","v":"value"}," Wochen"],"two":["in ",{"t":"idOrVar","v":"value"}," Wochen"],"zero":"diese Woche"},"$x":[{"t":"idOrVar","v":"plural"},"value"]},{"$i":"months-until-long","$v":{"few":["in ",{"t":"idOrVar","v":"value"}," Monaten"],"many":["in ",{"t":"idOrVar","v":"value"}," Monaten"],"one":"im nächsten Monat","other":["in ",{"t":"idOrVar","v":"value"}," Monaten"],"two":["in ",{"t":"idOrVar","v":"value"}," Monaten"],"zero":"diesen Monat"},"$x":[{"t":"idOrVar","v":"plural"},"value"]},{"$i":"years-until-long","$v":{"few":["in ",{"t":"idOrVar","v":"value"}," Jahren"],"many":["in ",{"t":"idOrVar","v":"value"}," Jahren"],"one":"nächstes Jahr","other":["in ",{"t":"idOrVar","v":"value"}," Jahren"],"two":["in ",{"t":"idOrVar","v":"value"}," Jahren"],"zero":"dieses Jahr"},"$x":[{"t":"idOrVar","v":"plural"},"value"]},{"$i":"minutes-ago-short","$v":{"other":["vor ",{"t":"idOrVar","v":"value"}," Std."],"zero":"genau jetzt"},"$x":[{"t":"idOrVar","v":"plural"},"value"]},{"$i":"hours-ago-short","$v":{"other":["vor ",{"t":"idOrVar","v":"value"}," Std."],"zero":"genau jetzt"},"$x":[{"t":"idOrVar","v":"plural"},"value"]},{"$i":"days-ago-short","$v":{"other":["vor ",{"t":"idOrVar","v":"value"}," Tag"],"zero":"heute"},"$x":[{"t":"idOrVar","v":"plural"},"value"]},{"$i":"minutes-until-short","$v":{"other":["in ",{"t":"idOrVar","v":"value"}," Min."],"zero":"jetzt"},"$x":[{"t":"idOrVar","v":"plural"},"value"]},{"$i":"hours-until-short","$v":{"other":["in ",{"t":"idOrVar","v":"value"}," Std."],"zero":"jetzt"},"$x":[{"t":"idOrVar","v":"plural"},"value"]},{"$i":"days-until-short","$v":{"other":["in ",{"t":"idOrVar","v":"value"}," Tag"],"zero":"heute"},"$x":[{"t":"idOrVar","v":"plural"},"value"]},{"$i":"incorrectDate","$v":"(falsches Datum)"},{"$i":"dateTimeFormat_%c","$v":"%a %b %e %Y %I:%M:%S %p"},{"$i":"dateTimeFormat_%x","$v":"%m/%d/%Y"},{"$i":"dateTimeFormat_%X","$v":"%I:%M:%S %p"},{"$i":"shortTimeFormat","$v":"%I:%M %p"},{"$i":"shortTimeFormat12","$v":"%I:%M %p"},{"$i":"shortTimeFormat24","$v":"%H:%M"},{"$i":"shortDateTimeFormat","$v":"%x %I:%M %p"},{"$i":"weekStartsOnMonday","$v":"0"},{"$i":"firstDayOfTheWeek","$v":"0"},{"$i":"time_am","$v":"AM"},{"$i":"time_pm","$v":"PM"}]