[{"$i":"filemanager","$v":"File Manager"},{"$i":"internal","$v":"Internal"},{"$i":"sdcard","$v":"SD Card"},{"$i":"no-files","$v":"This folder is empty."},{"$i":"not-support-header","$v":"Unable to open"},{"$i":"not-support-content","$v":"This file format is invalid or not supported."},{"$i":"confirmation-header","$v":"Confirmation"},{"$i":"delete-file-content","$v":["Delete the file ",{"t":"idOrVar","v":"fileName"},"?"]},{"$i":"delete-folder-content","$v":["All items in the selected folder will be deleted. Delete the folder ",{"t":"idOrVar","v":"fileName"},"?"]},{"$i":"copy-move-header","$v":"Select Target Folder"},{"$i":"number-selected","$v":{"zero":[{"t":"idOrVar","v":"number"}," Selected"],"one":[{"t":"idOrVar","v":"number"}," Selected "],"two":[{"t":"idOrVar","v":"number"}," Selected"],"few":[{"t":"idOrVar","v":"number"}," Selected"],"many":[{"t":"idOrVar","v":"number"}," Selected"],"other":[{"t":"idOrVar","v":"number"}," Selected"]},"$x":[{"t":"idOrVar","v":"plural"},"number"]},{"$i":"delete-all-folder","$v":"All items in the selected folder will be deleted. Delete the selected items?"},{"$i":"delete-all-file","$v":"Delete the selected files?"},{"$i":"search-in","$v":"Searching in"},{"$i":"search-current","$v":"Only the current folder"},{"$i":"search-internal","$v":"Internal"},{"$i":"search-sdcard","$v":"SD Card"},{"$i":"search-header","$v":["Search: ",{"t":"idOrVar","v":"keyword"}]},{"$i":"file-exist","$v":[{"t":"idOrVar","v":"fileName"}," already exists in this location. Keep both items?"]},{"$i":"paste-error","$v":"Cannot paste a folder into itself."},{"$i":"move-error","$v":"Cannot move a folder into itself."},{"$i":"new-folder-error","$v":["The name ",{"t":"idOrVar","v":"folderName"}," is already taken. Choose another name."]},{"$i":"searching","$v":"Searching..."},{"$i":"loading","$v":"Loading..."},{"$i":"search-empty","$v":"Not found"},{"$i":"unsupport-folder-name","$v":{"$o":"Cannot use a name containing unsupported characters: \\/:*?\"<>|"}},{"$i":"new-folder-invalid","$v":["The name ",{"t":"idOrVar","v":"folderName"}," is invalid. Choose another name."]},{"$i":"progress-head-copy","$v":"Copying"},{"$i":"progress-content-copy","$v":"Copying item"},{"$i":"progress-head-move","$v":"Moving"},{"$i":"progress-content-move","$v":"Moving item"},{"$i":"unsupport-copy","$v":{"$o":"Cannot copy a file with the name containing unsupported characters: \\/:*?\"<>|"}},{"$i":"unsupport-move","$v":{"$o":"Cannot move a file with the name containing unsupported characters: \\/:*?\"<>|"}},{"$i":"open","$v":"Open"},{"$i":"options","$v":"Options"},{"$i":"ok","$v":"OK"},{"$i":"cancel","$v":"Cancel"},{"$i":"paste","$v":"Paste"},{"$i":"select","$v":"Select"},{"$i":"deselect","$v":"Deselect"},{"$i":"replace","$v":"Replace"},{"$i":"keep-both","$v":"Keep Both"},{"$i":"delete","$v":"Delete"},{"$i":"copy","$v":"Copy"},{"$i":"move","$v":"Move"},{"$i":"rename","$v":"Rename"},{"$i":"select-items","$v":"Select items"},{"$i":"new-folder","$v":"New folder"},{"$i":"search","$v":"Search"},{"$i":"refresh","$v":"Refresh"},{"$i":"details","$v":"Details"},{"$i":"share","$v":"Share"},{"$i":"select-all","$v":"Select All"},{"$i":"deselect-all","$v":"Deselect All"},{"$i":"detail-header","$v":"Details"},{"$i":"detail-name","$v":"Name"},{"$i":"detail-location","$v":"Location"},{"$i":"detail-type","$v":"Type"},{"$i":"detail-created","$v":"Created"},{"$i":"detail-size","$v":"Size"},{"$i":"folder","$v":"folder"},{"$i":"type-unknow","$v":"unknown"},{"$i":"B","$v":"B"},{"$i":"KB","$v":"KB"},{"$i":"MB","$v":"MB"},{"$i":"GB","$v":"GB"},{"$i":"weekday-0-long","$v":"Sunday"},{"$i":"weekday-1-long","$v":"Monday"},{"$i":"weekday-2-long","$v":"Tuesday"},{"$i":"weekday-3-long","$v":"Wednesday"},{"$i":"weekday-4-long","$v":"Thursday"},{"$i":"weekday-5-long","$v":"Friday"},{"$i":"weekday-6-long","$v":"Saturday"},{"$i":"weekday-0-short","$v":"Sun"},{"$i":"weekday-1-short","$v":"Mon"},{"$i":"weekday-2-short","$v":"Tue"},{"$i":"weekday-3-short","$v":"Wed"},{"$i":"weekday-4-short","$v":"Thu"},{"$i":"weekday-5-short","$v":"Fri"},{"$i":"weekday-6-short","$v":"Sat"},{"$i":"month-0-long","$v":"January"},{"$i":"month-1-long","$v":"February"},{"$i":"month-2-long","$v":"March"},{"$i":"month-3-long","$v":"April"},{"$i":"month-4-long","$v":"May"},{"$i":"month-5-long","$v":"June"},{"$i":"month-6-long","$v":"July"},{"$i":"month-7-long","$v":"August"},{"$i":"month-8-long","$v":"September"},{"$i":"month-9-long","$v":"October"},{"$i":"month-10-long","$v":"November"},{"$i":"month-11-long","$v":"December"},{"$i":"month-0-genitive","$v":"January"},{"$i":"month-1-genitive","$v":"February"},{"$i":"month-2-genitive","$v":"March"},{"$i":"month-3-genitive","$v":"April"},{"$i":"month-4-genitive","$v":"May"},{"$i":"month-5-genitive","$v":"June"},{"$i":"month-6-genitive","$v":"July"},{"$i":"month-7-genitive","$v":"August"},{"$i":"month-8-genitive","$v":"September"},{"$i":"month-9-genitive","$v":"October"},{"$i":"month-10-genitive","$v":"November"},{"$i":"month-11-genitive","$v":"December"},{"$i":"month-0-short","$v":"Jan"},{"$i":"month-1-short","$v":"Feb"},{"$i":"month-2-short","$v":"Mar"},{"$i":"month-3-short","$v":"Apr"},{"$i":"month-4-short","$v":"May"},{"$i":"month-5-short","$v":"Jun"},{"$i":"month-6-short","$v":"Jul"},{"$i":"month-7-short","$v":"Aug"},{"$i":"month-8-short","$v":"Sep"},{"$i":"month-9-short","$v":"Oct"},{"$i":"month-10-short","$v":"Nov"},{"$i":"month-11-short","$v":"Dec"},{"$i":"minutes-ago-long","$v":{"few":[{"t":"idOrVar","v":"value"}," minutes ago"],"many":[{"t":"idOrVar","v":"value"}," minutes ago"],"one":"a minute ago","other":[{"t":"idOrVar","v":"value"}," minutes ago"],"two":[{"t":"idOrVar","v":"value"}," minutes ago"],"zero":"just now"},"$x":[{"t":"idOrVar","v":"plural"},"value"]},{"$i":"hours-ago-long","$v":{"few":[{"t":"idOrVar","v":"value"}," hours ago"],"many":[{"t":"idOrVar","v":"value"}," hours ago"],"one":"an hour ago","other":[{"t":"idOrVar","v":"value"}," hours ago"],"two":[{"t":"idOrVar","v":"value"}," hours ago"],"zero":"just now"},"$x":[{"t":"idOrVar","v":"plural"},"value"]},{"$i":"days-ago-long","$v":{"few":[{"t":"idOrVar","v":"value"}," days ago"],"many":[{"t":"idOrVar","v":"value"}," days ago"],"one":"yesterday","other":[{"t":"idOrVar","v":"value"}," days ago"],"two":[{"t":"idOrVar","v":"value"}," days ago"],"zero":"today"},"$x":[{"t":"idOrVar","v":"plural"},"value"]},{"$i":"weeks-ago-long","$v":{"few":[{"t":"idOrVar","v":"value"}," weeks ago"],"many":[{"t":"idOrVar","v":"value"}," weeks ago"],"one":"last week","other":[{"t":"idOrVar","v":"value"}," weeks ago"],"two":[{"t":"idOrVar","v":"value"}," weeks ago"],"zero":"this week"},"$x":[{"t":"idOrVar","v":"plural"},"value"]},{"$i":"months-ago-long","$v":{"few":[{"t":"idOrVar","v":"value"}," months ago"],"many":[{"t":"idOrVar","v":"value"}," months ago"],"one":"last month","other":[{"t":"idOrVar","v":"value"}," months ago"],"two":[{"t":"idOrVar","v":"value"}," months ago"],"zero":"this month"},"$x":[{"t":"idOrVar","v":"plural"},"value"]},{"$i":"years-ago-long","$v":{"few":[{"t":"idOrVar","v":"value"}," years ago"],"many":[{"t":"idOrVar","v":"value"}," years ago"],"one":"last year","other":[{"t":"idOrVar","v":"value"}," years ago"],"two":[{"t":"idOrVar","v":"value"}," years ago"],"zero":"this year"},"$x":[{"t":"idOrVar","v":"plural"},"value"]},{"$i":"minutes-until-long","$v":{"few":["in ",{"t":"idOrVar","v":"value"}," minutes"],"many":["in ",{"t":"idOrVar","v":"value"}," minutes"],"one":"in a minute","other":["in ",{"t":"idOrVar","v":"value"}," minutes"],"two":["in ",{"t":"idOrVar","v":"value"}," minutes"],"zero":"now"},"$x":[{"t":"idOrVar","v":"plural"},"value"]},{"$i":"hours-until-long","$v":{"few":["in ",{"t":"idOrVar","v":"value"}," hours"],"many":["in ",{"t":"idOrVar","v":"value"}," hours"],"one":"in an hour","other":["in ",{"t":"idOrVar","v":"value"}," hours"],"two":["in ",{"t":"idOrVar","v":"value"}," hours"],"zero":"now"},"$x":[{"t":"idOrVar","v":"plural"},"value"]},{"$i":"days-until-long","$v":{"few":["in ",{"t":"idOrVar","v":"value"}," days"],"many":["in ",{"t":"idOrVar","v":"value"}," days"],"one":"tomorrow","other":["in ",{"t":"idOrVar","v":"value"}," days"],"two":["in ",{"t":"idOrVar","v":"value"}," days"],"zero":"today"},"$x":[{"t":"idOrVar","v":"plural"},"value"]},{"$i":"weeks-until-long","$v":{"few":["in ",{"t":"idOrVar","v":"value"}," weeks"],"many":["in ",{"t":"idOrVar","v":"value"}," weeks"],"one":"next week","other":["in ",{"t":"idOrVar","v":"value"}," weeks"],"two":["in ",{"t":"idOrVar","v":"value"}," weeks"],"zero":"this week"},"$x":[{"t":"idOrVar","v":"plural"},"value"]},{"$i":"months-until-long","$v":{"few":["in ",{"t":"idOrVar","v":"value"}," months"],"many":["in ",{"t":"idOrVar","v":"value"}," months"],"one":"next month","other":["in ",{"t":"idOrVar","v":"value"}," months"],"two":["in ",{"t":"idOrVar","v":"value"}," months"],"zero":"this month"},"$x":[{"t":"idOrVar","v":"plural"},"value"]},{"$i":"years-until-long","$v":{"few":["in ",{"t":"idOrVar","v":"value"}," years"],"many":["in ",{"t":"idOrVar","v":"value"}," years"],"one":"next year","other":["in ",{"t":"idOrVar","v":"value"}," years"],"two":["in ",{"t":"idOrVar","v":"value"}," years"],"zero":"this year"},"$x":[{"t":"idOrVar","v":"plural"},"value"]},{"$i":"minutes-ago-short","$v":{"other":[{"t":"idOrVar","v":"value"},"m ago"],"zero":"just now"},"$x":[{"t":"idOrVar","v":"plural"},"value"]},{"$i":"hours-ago-short","$v":{"other":[{"t":"idOrVar","v":"value"},"h ago"],"zero":"just now"},"$x":[{"t":"idOrVar","v":"plural"},"value"]},{"$i":"days-ago-short","$v":{"other":[{"t":"idOrVar","v":"value"},"d ago"],"zero":"today"},"$x":[{"t":"idOrVar","v":"plural"},"value"]},{"$i":"minutes-until-short","$v":{"other":["in ",{"t":"idOrVar","v":"value"},"m"],"zero":"now"},"$x":[{"t":"idOrVar","v":"plural"},"value"]},{"$i":"hours-until-short","$v":{"other":["in ",{"t":"idOrVar","v":"value"},"h"],"zero":"now"},"$x":[{"t":"idOrVar","v":"plural"},"value"]},{"$i":"days-until-short","$v":{"other":["in ",{"t":"idOrVar","v":"value"},"d"],"zero":"today"},"$x":[{"t":"idOrVar","v":"plural"},"value"]},{"$i":"incorrectDate","$v":"(incorrect date)"},{"$i":"dateTimeFormat_%c","$v":"%a %b %e %Y %I:%M:%S %p"},{"$i":"dateTimeFormat_%x","$v":"%m/%d/%Y"},{"$i":"dateTimeFormat_%X","$v":"%I:%M:%S %p"},{"$i":"shortTimeFormat","$v":"%I:%M %p"},{"$i":"shortTimeFormat12","$v":"%I:%M %p"},{"$i":"shortTimeFormat24","$v":"%H:%M"},{"$i":"shortDateTimeFormat","$v":"%x %I:%M %p"},{"$i":"weekStartsOnMonday","$v":"0"},{"$i":"firstDayOfTheWeek","$v":"0"},{"$i":"time_am","$v":"AM"},{"$i":"time_pm","$v":"PM"}]