[{"$i":"filemanager","$v":"Gestor de archivos"},{"$i":"internal","$v":"Interna"},{"$i":"sdcard","$v":"Tarjeta SD"},{"$i":"no-files","$v":"Esta carpeta está vacía."},{"$i":"not-support-header","$v":"No se puede abrir"},{"$i":"not-support-content","$v":"Este formato de archivo es inválido o no es compatible."},{"$i":"confirmation-header","$v":"Confirmación"},{"$i":"delete-file-content","$v":["¿Desea eliminar el archivo ",{"t":"idOrVar","v":"fileName"},"?"]},{"$i":"delete-folder-content","$v":["Se eliminarán todos los archivos de la carpeta seleccionada. ¿Desea eliminar la carpeta ",{"t":"idOrVar","v":"fileName"},"?"]},{"$i":"copy-move-header","$v":"Sel. carpeta de destino"},{"$i":"number-selected","$v":{"zero":[{"t":"idOrVar","v":"number"}," Selected"],"one":[{"t":"idOrVar","v":"number"}," Selected "],"two":[{"t":"idOrVar","v":"number"}," Selected"],"few":[{"t":"idOrVar","v":"number"}," Selected"],"many":[{"t":"idOrVar","v":"number"}," Selected"],"other":[{"t":"idOrVar","v":"number"}," Selected"]},"$x":[{"t":"idOrVar","v":"plural"},"number"]},{"$i":"delete-all-folder","$v":"Se eliminarán todos los archivos de la carpeta seleccionada. ¿Desea eliminar los elementos seleccionados?"},{"$i":"delete-all-file","$v":"¿Desea eliminar los archivos seleccionados?"},{"$i":"search-in","$v":"Buscando en"},{"$i":"search-current","$v":"Sólo la carpeta actual"},{"$i":"search-internal","$v":"Interna"},{"$i":"search-sdcard","$v":"Tarjeta SD"},{"$i":"search-header","$v":["Buscar: ",{"t":"idOrVar","v":"keyword"}]},{"$i":"file-exist","$v":[{"t":"idOrVar","v":"fileName"}," ya existe en esta ubicación. ¿Desea mantener ambos elementos?"]},{"$i":"paste-error","$v":"No se puede pegar una carpeta sobre sí misma."},{"$i":"move-error","$v":"No se puede mover una carpeta sobre sí misma."},{"$i":"new-folder-error","$v":["El nombre ",{"t":"idOrVar","v":"folderName"}," ya se está utilizando. Elija otro nombre."]},{"$i":"searching","$v":"Buscando..."},{"$i":"loading","$v":"Cargando..."},{"$i":"search-empty","$v":"No se ha encontrado"},{"$i":"unsupport-folder-name","$v":{"$o":"No se pueden usar nombres que contengan caracteres no admitidos: \\/:*?\"<>|"}},{"$i":"new-folder-invalid","$v":["El nombre ",{"t":"idOrVar","v":"folderName"}," es inválido. Elija otro nombre."]},{"$i":"progress-head-copy","$v":"Copiando"},{"$i":"progress-content-copy","$v":"Copiando elemento"},{"$i":"progress-head-move","$v":"Moviendo"},{"$i":"progress-content-move","$v":"Moviendo elemento"},{"$i":"unsupport-copy","$v":{"$o":"No se puede copiar un archivo si su nombre contiene caracteres no admitidos: \\/:*?\"<>|"}},{"$i":"unsupport-move","$v":{"$o":"No se puede mover un archivo si su nombre contiene caracteres no admitidos: \\/:*?\"<>|"}},{"$i":"open","$v":"Abrir"},{"$i":"options","$v":"Opciones"},{"$i":"ok","$v":"OK"},{"$i":"cancel","$v":"Cancelar"},{"$i":"paste","$v":"Pegar"},{"$i":"select","$v":"Selec."},{"$i":"deselect","$v":"Desmarcar"},{"$i":"replace","$v":"Reemplazar"},{"$i":"keep-both","$v":"Mantener ambos"},{"$i":"delete","$v":"Eliminar"},{"$i":"copy","$v":"Copiar"},{"$i":"move","$v":"Mover"},{"$i":"rename","$v":"Renombrar"},{"$i":"select-items","$v":"Seleccionar elementos"},{"$i":"new-folder","$v":"Nueva carpeta"},{"$i":"search","$v":"Buscar"},{"$i":"refresh","$v":"Actualizar"},{"$i":"details","$v":"Detalles"},{"$i":"share","$v":"Compartir"},{"$i":"select-all","$v":"Seleccionar todo"},{"$i":"deselect-all","$v":"Deseleccionar todo"},{"$i":"detail-header","$v":"Detalles"},{"$i":"detail-name","$v":"Nombre"},{"$i":"detail-location","$v":"Ubicación"},{"$i":"detail-type","$v":"Tipo"},{"$i":"detail-created","$v":"Fecha de creación:"},{"$i":"detail-size","$v":"Tamaño"},{"$i":"folder","$v":"carpeta"},{"$i":"type-unknow","$v":"desconocida"},{"$i":"B","$v":"B"},{"$i":"KB","$v":"KB"},{"$i":"MB","$v":"MB"},{"$i":"GB","$v":"GB"},{"$i":"weekday-0-long","$v":"Domingo"},{"$i":"weekday-1-long","$v":"Lunes"},{"$i":"weekday-2-long","$v":"Martes"},{"$i":"weekday-3-long","$v":"Miércoles"},{"$i":"weekday-4-long","$v":"Jueves"},{"$i":"weekday-5-long","$v":"Viernes"},{"$i":"weekday-6-long","$v":"Sábado"},{"$i":"weekday-0-short","$v":"dom."},{"$i":"weekday-1-short","$v":"lun."},{"$i":"weekday-2-short","$v":"mar."},{"$i":"weekday-3-short","$v":"mié."},{"$i":"weekday-4-short","$v":"jue."},{"$i":"weekday-5-short","$v":"vie."},{"$i":"weekday-6-short","$v":"sáb."},{"$i":"month-0-long","$v":"Enero"},{"$i":"month-1-long","$v":"Febrero"},{"$i":"month-2-long","$v":"Marzo"},{"$i":"month-3-long","$v":"Abril"},{"$i":"month-4-long","$v":"May"},{"$i":"month-5-long","$v":"Junio"},{"$i":"month-6-long","$v":"Julio"},{"$i":"month-7-long","$v":"Agosto"},{"$i":"month-8-long","$v":"Septiembre"},{"$i":"month-9-long","$v":"Octubre"},{"$i":"month-10-long","$v":"Noviembre"},{"$i":"month-11-long","$v":"Diciembre"},{"$i":"month-0-genitive","$v":"Enero"},{"$i":"month-1-genitive","$v":"Febrero"},{"$i":"month-2-genitive","$v":"Marzo"},{"$i":"month-3-genitive","$v":"Abril"},{"$i":"month-4-genitive","$v":"May"},{"$i":"month-5-genitive","$v":"Junio"},{"$i":"month-6-genitive","$v":"Julio"},{"$i":"month-7-genitive","$v":"Agosto"},{"$i":"month-8-genitive","$v":"Septiembre"},{"$i":"month-9-genitive","$v":"Octubre"},{"$i":"month-10-genitive","$v":"Noviembre"},{"$i":"month-11-genitive","$v":"Diciembre"},{"$i":"month-0-short","$v":"Ene"},{"$i":"month-1-short","$v":"Feb"},{"$i":"month-2-short","$v":"Mar"},{"$i":"month-3-short","$v":"Abr"},{"$i":"month-4-short","$v":"May"},{"$i":"month-5-short","$v":"Jun"},{"$i":"month-6-short","$v":"Jul"},{"$i":"month-7-short","$v":"Ago"},{"$i":"month-8-short","$v":"Sep"},{"$i":"month-9-short","$v":"Oct"},{"$i":"month-10-short","$v":"Nov"},{"$i":"month-11-short","$v":"Dec"},{"$i":"minutes-ago-long","$v":{"few":["hace ",{"t":"idOrVar","v":"value"}," minutos"],"many":["hace ",{"t":"idOrVar","v":"value"}," minutos"],"one":"hace un minuto","other":["hace ",{"t":"idOrVar","v":"value"}," minutos"],"two":["hace ",{"t":"idOrVar","v":"value"}," minutos"],"zero":"recién"},"$x":[{"t":"idOrVar","v":"plural"},"value"]},{"$i":"hours-ago-long","$v":{"few":["hace ",{"t":"idOrVar","v":"value"}," horas"],"many":["hace ",{"t":"idOrVar","v":"value"}," horas"],"one":"hace una hora","other":["hace ",{"t":"idOrVar","v":"value"}," horas"],"two":["hace ",{"t":"idOrVar","v":"value"}," horas"],"zero":"recién"},"$x":[{"t":"idOrVar","v":"plural"},"value"]},{"$i":"days-ago-long","$v":{"few":["hace ",{"t":"idOrVar","v":"value"}," días"],"many":["hace ",{"t":"idOrVar","v":"value"}," días"],"one":"ayer","other":["hace ",{"t":"idOrVar","v":"value"}," días"],"two":["hace ",{"t":"idOrVar","v":"value"}," días"],"zero":"hoy"},"$x":[{"t":"idOrVar","v":"plural"},"value"]},{"$i":"weeks-ago-long","$v":{"few":["hace ",{"t":"idOrVar","v":"value"}," semanas"],"many":["hace ",{"t":"idOrVar","v":"value"}," semanas"],"one":"la semana pasada","other":["hace ",{"t":"idOrVar","v":"value"}," semanas"],"two":["hace ",{"t":"idOrVar","v":"value"}," semanas"],"zero":"esta semana"},"$x":[{"t":"idOrVar","v":"plural"},"value"]},{"$i":"months-ago-long","$v":{"few":["hace ",{"t":"idOrVar","v":"value"}," meses"],"many":["hace ",{"t":"idOrVar","v":"value"}," meses"],"one":"el último mes","other":["hace ",{"t":"idOrVar","v":"value"}," meses"],"two":["hace ",{"t":"idOrVar","v":"value"}," meses"],"zero":"este mes"},"$x":[{"t":"idOrVar","v":"plural"},"value"]},{"$i":"years-ago-long","$v":{"few":["hace ",{"t":"idOrVar","v":"value"}," años"],"many":["hace ",{"t":"idOrVar","v":"value"}," años"],"one":"el año pasado","other":["hace ",{"t":"idOrVar","v":"value"}," años"],"two":["hace ",{"t":"idOrVar","v":"value"}," años"],"zero":"este año"},"$x":[{"t":"idOrVar","v":"plural"},"value"]},{"$i":"minutes-until-long","$v":{"few":["en ",{"t":"idOrVar","v":"value"}," minutos"],"many":["en ",{"t":"idOrVar","v":"value"}," minutos"],"one":"en un minuto","other":["en ",{"t":"idOrVar","v":"value"}," minutos"],"two":["en ",{"t":"idOrVar","v":"value"}," minutos"],"zero":"ahora"},"$x":[{"t":"idOrVar","v":"plural"},"value"]},{"$i":"hours-until-long","$v":{"few":["en ",{"t":"idOrVar","v":"value"}," horas"],"many":["en ",{"t":"idOrVar","v":"value"}," horas"],"one":"en una hora","other":["en ",{"t":"idOrVar","v":"value"}," horas"],"two":["en ",{"t":"idOrVar","v":"value"}," horas"],"zero":"ahora"},"$x":[{"t":"idOrVar","v":"plural"},"value"]},{"$i":"days-until-long","$v":{"few":["en ",{"t":"idOrVar","v":"value"}," días"],"many":["en ",{"t":"idOrVar","v":"value"}," días"],"one":"mañana","other":["en ",{"t":"idOrVar","v":"value"}," días"],"two":["en ",{"t":"idOrVar","v":"value"}," días"],"zero":"hoy"},"$x":[{"t":"idOrVar","v":"plural"},"value"]},{"$i":"weeks-until-long","$v":{"few":["en ",{"t":"idOrVar","v":"value"}," semanas"],"many":["en ",{"t":"idOrVar","v":"value"}," semanas"],"one":"la semana que viene","other":["en ",{"t":"idOrVar","v":"value"}," semanas"],"two":["en ",{"t":"idOrVar","v":"value"}," semanas"],"zero":"esta semana"},"$x":[{"t":"idOrVar","v":"plural"},"value"]},{"$i":"months-until-long","$v":{"few":["en ",{"t":"idOrVar","v":"value"}," meses"],"many":["en ",{"t":"idOrVar","v":"value"}," meses"],"one":"el próximo mes","other":["en ",{"t":"idOrVar","v":"value"}," meses"],"two":["en ",{"t":"idOrVar","v":"value"}," meses"],"zero":"este mes"},"$x":[{"t":"idOrVar","v":"plural"},"value"]},{"$i":"years-until-long","$v":{"few":["en ",{"t":"idOrVar","v":"value"}," años"],"many":["en ",{"t":"idOrVar","v":"value"}," años"],"one":"el próximo año","other":["en ",{"t":"idOrVar","v":"value"}," años"],"two":["en ",{"t":"idOrVar","v":"value"}," años"],"zero":"este año"},"$x":[{"t":"idOrVar","v":"plural"},"value"]},{"$i":"minutes-ago-short","$v":{"other":["hace ",{"t":"idOrVar","v":"value"},"m"],"zero":"recién"},"$x":[{"t":"idOrVar","v":"plural"},"value"]},{"$i":"hours-ago-short","$v":{"other":["hace ",{"t":"idOrVar","v":"value"},"h"],"zero":"recién"},"$x":[{"t":"idOrVar","v":"plural"},"value"]},{"$i":"days-ago-short","$v":{"other":["hace ",{"t":"idOrVar","v":"value"},"d"],"zero":"hoy"},"$x":[{"t":"idOrVar","v":"plural"},"value"]},{"$i":"minutes-until-short","$v":{"other":["en ",{"t":"idOrVar","v":"value"},"m"],"zero":"ahora"},"$x":[{"t":"idOrVar","v":"plural"},"value"]},{"$i":"hours-until-short","$v":{"other":["en ",{"t":"idOrVar","v":"value"},"h"],"zero":"ahora"},"$x":[{"t":"idOrVar","v":"plural"},"value"]},{"$i":"days-until-short","$v":{"other":["en ",{"t":"idOrVar","v":"value"},"d"],"zero":"hoy"},"$x":[{"t":"idOrVar","v":"plural"},"value"]},{"$i":"incorrectDate","$v":"(fecha incorrecta)"},{"$i":"dateTimeFormat_%c","$v":"%a %b %e %Y %I:%M:%S %p"},{"$i":"dateTimeFormat_%x","$v":"%d/%m/%Y"},{"$i":"dateTimeFormat_%X","$v":"%I:%M:%S %p"},{"$i":"shortTimeFormat","$v":"%I:%M %p"},{"$i":"shortTimeFormat12","$v":"%I:%M %p"},{"$i":"shortTimeFormat24","$v":"%H:%M"},{"$i":"shortDateTimeFormat","$v":"%x %I:%M %p"},{"$i":"weekStartsOnMonday","$v":"0"},{"$i":"firstDayOfTheWeek","$v":"0"},{"$i":"time_am","$v":"AM"},{"$i":"time_pm","$v":"PM"}]