[{"$i":"filemanager","$v":"Gestor de archivos"},{"$i":"internal","$v":"Interna"},{"$i":"sdcard","$v":"Tarjeta SD"},{"$i":"no-files","$v":"Esta carpeta está vacía."},{"$i":"not-support-header","$v":"No se puede abrir"},{"$i":"not-support-content","$v":"Este formato de archivo no es válido o no es compatible."},{"$i":"confirmation-header","$v":"Confirmación"},{"$i":"delete-file-content","$v":["¿Desea eliminar el archivo ",{"t":"idOrVar","v":"fileName"},"?"]},{"$i":"delete-folder-content","$v":["Se eliminarán todos los archivos de la carpeta seleccionada. ¿Desea eliminar la carpeta ",{"t":"idOrVar","v":"fileName"},"?"]},{"$i":"copy-move-header","$v":"Sel. la carpeta de destino"},{"$i":"number-selected","$v":{"zero":[{"t":"idOrVar","v":"number"}," Selected"],"one":[{"t":"idOrVar","v":"number"}," Selected "],"two":[{"t":"idOrVar","v":"number"}," Selected"],"few":[{"t":"idOrVar","v":"number"}," Selected"],"many":[{"t":"idOrVar","v":"number"}," Selected"],"other":[{"t":"idOrVar","v":"number"}," Selected"]},"$x":[{"t":"idOrVar","v":"plural"},"number"]},{"$i":"delete-all-folder","$v":"Se eliminarán todos los archivos de la carpeta seleccionada. ¿Desea eliminar los elementos seleccionados?"},{"$i":"delete-all-file","$v":"¿Desea eliminar los archivos seleccionados?"},{"$i":"search-in","$v":"Buscando en"},{"$i":"search-current","$v":"Sólo la carpeta actual"},{"$i":"search-internal","$v":"Interna"},{"$i":"search-sdcard","$v":"Tarjeta SD"},{"$i":"search-header","$v":["Buscar: ",{"t":"idOrVar","v":"keyword"}]},{"$i":"file-exist","$v":[{"t":"idOrVar","v":"fileName"}," ya existe en esta ubicación. ¿Desea mantener ambos elementos?"]},{"$i":"paste-error","$v":"No se puede pegar una carpeta sobre sí misma."},{"$i":"move-error","$v":"No se puede mover una carpeta sobre sí misma."},{"$i":"new-folder-error","$v":["El nombre ",{"t":"idOrVar","v":"folderName"}," ya se está utilizando. Elija otro nombre."]},{"$i":"searching","$v":"Buscando..."},{"$i":"loading","$v":"Cargando…"},{"$i":"search-empty","$v":"No encontrado"},{"$i":"unsupport-folder-name","$v":{"$o":"No se pueden usar nombres que contengan caracteres no admitidos: \\/:*?\"<>|"}},{"$i":"new-folder-invalid","$v":["El nombre ",{"t":"idOrVar","v":"folderName"}," no es válido. Elija otro nombre."]},{"$i":"progress-head-copy","$v":"Copiando"},{"$i":"progress-content-copy","$v":"Copiando elemento"},{"$i":"progress-head-move","$v":"Moviendo"},{"$i":"progress-content-move","$v":"Moviendo el elemento"},{"$i":"unsupport-copy","$v":{"$o":"No se puede copiar un archivo si su nombre contiene caracteres no admitidos: \\/:*?\"<>|"}},{"$i":"unsupport-move","$v":{"$o":"No se puede mover un archivo si su nombre contiene caracteres no admitidos: \\/:*?\"<>|"}},{"$i":"open","$v":"Abrir"},{"$i":"options","$v":"Opciones"},{"$i":"ok","$v":"Aceptar"},{"$i":"cancel","$v":"Cancelar"},{"$i":"paste","$v":"Pegar"},{"$i":"select","$v":"Seleccionar"},{"$i":"deselect","$v":"Deseleccionar"},{"$i":"replace","$v":"Reemplazar"},{"$i":"keep-both","$v":"Mantener ambos"},{"$i":"delete","$v":"Eliminar"},{"$i":"copy","$v":"Copiar"},{"$i":"move","$v":"Mover"},{"$i":"rename","$v":"Cambiar nombre"},{"$i":"select-items","$v":"Seleccionar elementos"},{"$i":"new-folder","$v":"Nueva carpeta"},{"$i":"search","$v":"Buscar"},{"$i":"refresh","$v":"Actualizar"},{"$i":"details","$v":"Detalles"},{"$i":"share","$v":"Compartir"},{"$i":"select-all","$v":"Seleccionar todo"},{"$i":"deselect-all","$v":"Deseleccionar todo"},{"$i":"detail-header","$v":"Detalles"},{"$i":"detail-name","$v":"Nombre"},{"$i":"detail-location","$v":"Ubicación"},{"$i":"detail-type","$v":"Tipo"},{"$i":"detail-created","$v":"Fecha de creación"},{"$i":"detail-size","$v":"Tamaño"},{"$i":"folder","$v":"carpeta"},{"$i":"type-unknow","$v":"desconocido"},{"$i":"B","$v":"B"},{"$i":"KB","$v":"KB"},{"$i":"MB","$v":"MB"},{"$i":"GB","$v":"GB"},{"$i":"weekday-0-long","$v":"domingo"},{"$i":"weekday-1-long","$v":"lunes"},{"$i":"weekday-2-long","$v":"martes"},{"$i":"weekday-3-long","$v":"miércoles"},{"$i":"weekday-4-long","$v":"jueves"},{"$i":"weekday-5-long","$v":"viernes"},{"$i":"weekday-6-long","$v":"sábado"},{"$i":"weekday-0-short","$v":"dom."},{"$i":"weekday-1-short","$v":"lun."},{"$i":"weekday-2-short","$v":"mar."},{"$i":"weekday-3-short","$v":"mié.  "},{"$i":"weekday-4-short","$v":"jue."},{"$i":"weekday-5-short","$v":"vie."},{"$i":"weekday-6-short","$v":"sáb."},{"$i":"month-0-long","$v":"enero"},{"$i":"month-1-long","$v":"febrero"},{"$i":"month-2-long","$v":"marzo"},{"$i":"month-3-long","$v":"abril"},{"$i":"month-4-long","$v":"mayo"},{"$i":"month-5-long","$v":"junio"},{"$i":"month-6-long","$v":"julio"},{"$i":"month-7-long","$v":"agosto"},{"$i":"month-8-long","$v":"septiembre"},{"$i":"month-9-long","$v":"octubre"},{"$i":"month-10-long","$v":"noviembre"},{"$i":"month-11-long","$v":"diciembre"},{"$i":"month-0-genitive","$v":"enero"},{"$i":"month-1-genitive","$v":"febrero"},{"$i":"month-2-genitive","$v":"marzo"},{"$i":"month-3-genitive","$v":"abril"},{"$i":"month-4-genitive","$v":"mayo"},{"$i":"month-5-genitive","$v":"junio"},{"$i":"month-6-genitive","$v":"julio"},{"$i":"month-7-genitive","$v":"agosto"},{"$i":"month-8-genitive","$v":"septiembre"},{"$i":"month-9-genitive","$v":"octubre"},{"$i":"month-10-genitive","$v":"noviembre"},{"$i":"month-11-genitive","$v":"diciembre"},{"$i":"month-0-short","$v":"ene"},{"$i":"month-1-short","$v":"feb"},{"$i":"month-2-short","$v":"mar"},{"$i":"month-3-short","$v":"abr"},{"$i":"month-4-short","$v":"mayo"},{"$i":"month-5-short","$v":"jun"},{"$i":"month-6-short","$v":"jul"},{"$i":"month-7-short","$v":"ago"},{"$i":"month-8-short","$v":"sep"},{"$i":"month-9-short","$v":"oct"},{"$i":"month-10-short","$v":"nov"},{"$i":"month-11-short","$v":"dic"},{"$i":"minutes-ago-long","$v":{"few":["Hace ",{"t":"idOrVar","v":"value"}," minutos"],"many":["Hace ",{"t":"idOrVar","v":"value"}," minutos"],"one":"Hace un minuto","other":["Hace ",{"t":"idOrVar","v":"value"}," minutos"],"two":["Hace ",{"t":"idOrVar","v":"value"}," minutos"],"zero":"Justo ahora"},"$x":[{"t":"idOrVar","v":"plural"},"value"]},{"$i":"hours-ago-long","$v":{"few":["Hace ",{"t":"idOrVar","v":"value"}," horas"],"many":["Hace ",{"t":"idOrVar","v":"value"}," horas"],"one":"Hace una hora","other":["Hace ",{"t":"idOrVar","v":"value"}," horas"],"two":["Hace ",{"t":"idOrVar","v":"value"}," horas"],"zero":"Justo ahora"},"$x":[{"t":"idOrVar","v":"plural"},"value"]},{"$i":"days-ago-long","$v":{"few":["Hace ",{"t":"idOrVar","v":"value"}," días"],"many":["Hace ",{"t":"idOrVar","v":"value"}," días"],"one":"Ayer","other":["Hace ",{"t":"idOrVar","v":"value"}," días"],"two":["Hace ",{"t":"idOrVar","v":"value"}," días"],"zero":"Hoy"},"$x":[{"t":"idOrVar","v":"plural"},"value"]},{"$i":"weeks-ago-long","$v":{"few":["Hace ",{"t":"idOrVar","v":"value"}," semanas"],"many":["Hace ",{"t":"idOrVar","v":"value"}," semanas"],"one":"La semana pasada","other":["Hace ",{"t":"idOrVar","v":"value"}," semanas"],"two":["Hace ",{"t":"idOrVar","v":"value"}," semanas"],"zero":"Esta semana"},"$x":[{"t":"idOrVar","v":"plural"},"value"]},{"$i":"months-ago-long","$v":{"few":["Hace ",{"t":"idOrVar","v":"value"}," meses"],"many":["Hace ",{"t":"idOrVar","v":"value"}," meses"],"one":"Último mes","other":["Hace ",{"t":"idOrVar","v":"value"}," meses"],"two":["Hace ",{"t":"idOrVar","v":"value"}," meses"],"zero":"Este mes"},"$x":[{"t":"idOrVar","v":"plural"},"value"]},{"$i":"years-ago-long","$v":{"few":["Hace ",{"t":"idOrVar","v":"value"}," años"],"many":["Hace ",{"t":"idOrVar","v":"value"}," años"],"one":"El año pasado","other":["Hace ",{"t":"idOrVar","v":"value"}," años"],"two":["Hace ",{"t":"idOrVar","v":"value"}," años"],"zero":"Este año"},"$x":[{"t":"idOrVar","v":"plural"},"value"]},{"$i":"minutes-until-long","$v":{"few":["Dentro de ",{"t":"idOrVar","v":"value"}," minutos"],"many":["Dentro de ",{"t":"idOrVar","v":"value"}," minutos"],"one":"Dentro de un minuto","other":["Dentro de ",{"t":"idOrVar","v":"value"}," minutos"],"two":["Dentro de ",{"t":"idOrVar","v":"value"}," minutos"],"zero":"ahora"},"$x":[{"t":"idOrVar","v":"plural"},"value"]},{"$i":"hours-until-long","$v":{"few":["Dentro de ",{"t":"idOrVar","v":"value"}," horas"],"many":["Dentro de ",{"t":"idOrVar","v":"value"}," horas"],"one":"Dentro de una hora","other":["Dentro de ",{"t":"idOrVar","v":"value"}," horas"],"two":["Dentro de ",{"t":"idOrVar","v":"value"}," horas"],"zero":"ahora"},"$x":[{"t":"idOrVar","v":"plural"},"value"]},{"$i":"days-until-long","$v":{"few":["Dentro de ",{"t":"idOrVar","v":"value"}," días"],"many":["Dentro de ",{"t":"idOrVar","v":"value"}," días"],"one":"Mañana","other":["Dentro de ",{"t":"idOrVar","v":"value"}," días"],"two":["Dentro de ",{"t":"idOrVar","v":"value"}," días"],"zero":"Hoy"},"$x":[{"t":"idOrVar","v":"plural"},"value"]},{"$i":"weeks-until-long","$v":{"few":["Dentro de ",{"t":"idOrVar","v":"value"}," semanas"],"many":["Dentro de ",{"t":"idOrVar","v":"value"}," semanas"],"one":"La próxima semana","other":["Dentro de ",{"t":"idOrVar","v":"value"}," semanas"],"two":["Dentro de ",{"t":"idOrVar","v":"value"}," semanas"],"zero":"Esta semana"},"$x":[{"t":"idOrVar","v":"plural"},"value"]},{"$i":"months-until-long","$v":{"few":["Dentro de ",{"t":"idOrVar","v":"value"}," meses"],"many":["Dentro de ",{"t":"idOrVar","v":"value"}," meses"],"one":"Mes siguiente","other":["Dentro de ",{"t":"idOrVar","v":"value"}," meses"],"two":["Dentro de ",{"t":"idOrVar","v":"value"}," meses"],"zero":"Este mes"},"$x":[{"t":"idOrVar","v":"plural"},"value"]},{"$i":"years-until-long","$v":{"few":["Dentro de ",{"t":"idOrVar","v":"value"}," años"],"many":["Dentro de ",{"t":"idOrVar","v":"value"}," años"],"one":"El año que viene","other":["Dentro de ",{"t":"idOrVar","v":"value"}," años"],"two":["Dentro de ",{"t":"idOrVar","v":"value"}," años"],"zero":"Este año"},"$x":[{"t":"idOrVar","v":"plural"},"value"]},{"$i":"minutes-ago-short","$v":{"other":["Hace ",{"t":"idOrVar","v":"value"}," m"],"zero":"Justo ahora"},"$x":[{"t":"idOrVar","v":"plural"},"value"]},{"$i":"hours-ago-short","$v":{"other":["Hace ",{"t":"idOrVar","v":"value"}," h"],"zero":"Justo ahora"},"$x":[{"t":"idOrVar","v":"plural"},"value"]},{"$i":"days-ago-short","$v":{"other":["Hace ",{"t":"idOrVar","v":"value"}," d"],"zero":"Hoy"},"$x":[{"t":"idOrVar","v":"plural"},"value"]},{"$i":"minutes-until-short","$v":{"other":["Dentro de ",{"t":"idOrVar","v":"value"}," m"],"zero":"ahora"},"$x":[{"t":"idOrVar","v":"plural"},"value"]},{"$i":"hours-until-short","$v":{"other":["Dentro de ",{"t":"idOrVar","v":"value"}," h"],"zero":"ahora"},"$x":[{"t":"idOrVar","v":"plural"},"value"]},{"$i":"days-until-short","$v":{"other":["Dentro de ",{"t":"idOrVar","v":"value"}," d"],"zero":"Hoy"},"$x":[{"t":"idOrVar","v":"plural"},"value"]},{"$i":"incorrectDate","$v":"(fecha incorrecta)"},{"$i":"dateTimeFormat_%c","$v":"%a %b %e %Y %I:%M:%S %p"},{"$i":"dateTimeFormat_%x","$v":"%d/%m/%Y"},{"$i":"dateTimeFormat_%X","$v":"%I:%M:%S %p"},{"$i":"shortTimeFormat","$v":"%I:%M %p"},{"$i":"shortTimeFormat12","$v":"%I:%M %p"},{"$i":"shortTimeFormat24","$v":"%H:%M"},{"$i":"shortDateTimeFormat","$v":"%x %I:%M %p"},{"$i":"weekStartsOnMonday","$v":"0"},{"$i":"firstDayOfTheWeek","$v":"0"},{"$i":"time_am","$v":"AM"},{"$i":"time_pm","$v":"PM"}]