[{"$i":"filemanager","$v":"फ़ाइल मैनेजर "},{"$i":"internal","$v":"इंटर्नल"},{"$i":"sdcard","$v":"SD कार्ड"},{"$i":"no-files","$v":"यह फोल्डर खाली है।"},{"$i":"not-support-header","$v":"खोलने में असमर्थ"},{"$i":"not-support-content","$v":"यह फ़ाइल फोर्मेट मान्य या सपोर्टेड नहीं है।"},{"$i":"confirmation-header","$v":"पुष्टिकरण"},{"$i":"delete-file-content","$v":[{"t":"idOrVar","v":"fileName"}," फ़ाइल को हटाएं?"]},{"$i":"delete-folder-content","$v":["चयनित फ़ोल्डर में सभी आइटम हटा दिए जाएंगे। फ़ोल्डर ",{"t":"idOrVar","v":"fileName"}," को हटाएं?"]},{"$i":"copy-move-header","$v":"टारगेट फ़ोल्डर चुनें"},{"$i":"number-selected","$v":{"zero":[{"t":"idOrVar","v":"number"}," Selected"],"one":[{"t":"idOrVar","v":"number"}," Selected "],"two":[{"t":"idOrVar","v":"number"}," Selected"],"few":[{"t":"idOrVar","v":"number"}," Selected"],"many":[{"t":"idOrVar","v":"number"}," Selected"],"other":[{"t":"idOrVar","v":"number"}," Selected"]},"$x":[{"t":"idOrVar","v":"plural"},"number"]},{"$i":"delete-all-folder","$v":"चयनित फ़ोल्डर में सभी आइटम हटा दिए जाएंगे। चयनित आइटम हटाएं?"},{"$i":"delete-all-file","$v":"चयनित फ़ाइलों को हटाएं?"},{"$i":"search-in","$v":"में खोज रहे है"},{"$i":"search-current","$v":"केवल वर्तमान फ़ोल्डर"},{"$i":"search-internal","$v":"इंटर्नल"},{"$i":"search-sdcard","$v":"SD कार्ड"},{"$i":"search-header","$v":["खोजें: ",{"t":"idOrVar","v":"keyword"}]},{"$i":"file-exist","$v":[{"t":"idOrVar","v":"fileName"}," पहले से ही इस स्थान पर मौजूद है। दोनों आइटम रखना चाहतें हैं?"]},{"$i":"paste-error","$v":"एक फ़ोल्डर को उसी में पेस्ट नहीं कर सकतेI"},{"$i":"move-error","$v":"किसी फ़ोल्डर को स्वयं में मूव नहीं किया जा सकता"},{"$i":"new-folder-error","$v":[{"t":"idOrVar","v":"folderName"}," नाम पहले से ही लिया गया हैIदूसरा नाम चुनेंI"]},{"$i":"searching","$v":"खोज रहे है..."},{"$i":"loading","$v":"लोड हो रहा है... "},{"$i":"search-empty","$v":"नहीं मिला"},{"$i":"unsupport-folder-name","$v":{"$o":"असमर्थित वर्ण वाले युक्त नाम का उपयोग नहीं किया जा सकता: \\ /: *? \"<> |"}},{"$i":"new-folder-invalid","$v":["नाम ",{"t":"idOrVar","v":"folderName"}," अमान्य है। दूसरा नाम चुनें।"]},{"$i":"progress-head-copy","$v":"कॉपी कर रहे हैं"},{"$i":"progress-content-copy","$v":"आइटम कॉपी कर रहे हैं"},{"$i":"progress-head-move","$v":"ले जा रहे हैं"},{"$i":"progress-content-move","$v":"आइटम ले जा रहे हैं"},{"$i":"unsupport-copy","$v":{"$o":"Cannot copy a file with the name containing unsupported characters: \\/:*?\"<>|"}},{"$i":"unsupport-move","$v":{"$o":"Cannot move a file with the name containing unsupported characters: \\/:*?\"<>|"}},{"$i":"open","$v":"खोलें"},{"$i":"options","$v":"विकल्प"},{"$i":"ok","$v":"ठीक हैं"},{"$i":"cancel","$v":"रद्द करें"},{"$i":"paste","$v":"पेस्ट करें"},{"$i":"select","$v":"चुनें"},{"$i":"deselect","$v":"चयन हटाएं"},{"$i":"replace","$v":"बदलें"},{"$i":"keep-both","$v":"दोनों को रखें"},{"$i":"delete","$v":"हटाएँ"},{"$i":"copy","$v":"कॉपी"},{"$i":"move","$v":"ले जाएं"},{"$i":"rename","$v":"नाम बदलें"},{"$i":"select-items","$v":"आइटम्स चुनें "},{"$i":"new-folder","$v":"नया फोल्डर"},{"$i":"search","$v":"खोजें"},{"$i":"refresh","$v":"रीफ़्रेश करें"},{"$i":"details","$v":"विवरण"},{"$i":"share","$v":"साझा करें"},{"$i":"select-all","$v":"सभी चुनें"},{"$i":"deselect-all","$v":"सभी का चयन हटाएं"},{"$i":"detail-header","$v":"विवरण"},{"$i":"detail-name","$v":"नाम"},{"$i":"detail-location","$v":"स्थान"},{"$i":"detail-type","$v":"प्रकार"},{"$i":"detail-created","$v":"बनाया गया"},{"$i":"detail-size","$v":"आकार"},{"$i":"folder","$v":"फ़ोल्डर "},{"$i":"type-unknow","$v":"unknow"},{"$i":"B","$v":"B"},{"$i":"KB","$v":"KB"},{"$i":"MB","$v":"MB"},{"$i":"GB","$v":"GB"},{"$i":"weekday-0-long","$v":"रविवार"},{"$i":"weekday-1-long","$v":"सोमवार"},{"$i":"weekday-2-long","$v":"मंगलवार"},{"$i":"weekday-3-long","$v":"बुधवार"},{"$i":"weekday-4-long","$v":"गुरुवार"},{"$i":"weekday-5-long","$v":"शुक्रवार"},{"$i":"weekday-6-long","$v":"शनिवार"},{"$i":"weekday-0-short","$v":"रवि"},{"$i":"weekday-1-short","$v":"सोम"},{"$i":"weekday-2-short","$v":"मंगल"},{"$i":"weekday-3-short","$v":"बुध"},{"$i":"weekday-4-short","$v":"गुरु"},{"$i":"weekday-5-short","$v":"शुक्र"},{"$i":"weekday-6-short","$v":"शनि"},{"$i":"month-0-long","$v":"जनवरी"},{"$i":"month-1-long","$v":"फरवरी"},{"$i":"month-2-long","$v":"मार्च"},{"$i":"month-3-long","$v":"अप्रैल"},{"$i":"month-4-long","$v":"मई"},{"$i":"month-5-long","$v":"जून"},{"$i":"month-6-long","$v":"जुलाई"},{"$i":"month-7-long","$v":"अगस्त"},{"$i":"month-8-long","$v":"सितंबर"},{"$i":"month-9-long","$v":"अक्टूबर"},{"$i":"month-10-long","$v":"नवंबर"},{"$i":"month-11-long","$v":"दिसंबर"},{"$i":"month-0-genitive","$v":"जनवरी"},{"$i":"month-1-genitive","$v":"फरवरी"},{"$i":"month-2-genitive","$v":"मार्च"},{"$i":"month-3-genitive","$v":"अप्रैल"},{"$i":"month-4-genitive","$v":"मई"},{"$i":"month-5-genitive","$v":"जून"},{"$i":"month-6-genitive","$v":"जुलाई"},{"$i":"month-7-genitive","$v":"अगस्त"},{"$i":"month-8-genitive","$v":"सितंबर"},{"$i":"month-9-genitive","$v":"अक्टूबर"},{"$i":"month-10-genitive","$v":"नवंबर"},{"$i":"month-11-genitive","$v":"दिसंबर"},{"$i":"month-0-short","$v":"जनवरी"},{"$i":"month-1-short","$v":"फरवरी"},{"$i":"month-2-short","$v":"मार्च"},{"$i":"month-3-short","$v":"अप्रैल"},{"$i":"month-4-short","$v":"मई"},{"$i":"month-5-short","$v":"जून"},{"$i":"month-6-short","$v":"जुलाई"},{"$i":"month-7-short","$v":"अगस्त"},{"$i":"month-8-short","$v":"सितंबर"},{"$i":"month-9-short","$v":"अक्टूबर"},{"$i":"month-10-short","$v":"नवंबर"},{"$i":"month-11-short","$v":"दिसंबर"},{"$i":"minutes-ago-long","$v":{"few":[{"t":"idOrVar","v":"value"}," मिनट पहले"],"many":[{"t":"idOrVar","v":"value"}," मिनट पहले"],"one":"एक मिनट पहले","other":[{"t":"idOrVar","v":"value"}," मिनट पहले"],"two":[{"t":"idOrVar","v":"value"}," मिनट पहले"],"zero":"अभी"},"$x":[{"t":"idOrVar","v":"plural"},"value"]},{"$i":"hours-ago-long","$v":{"few":[{"t":"idOrVar","v":"value"}," घंटे पहले"],"many":[{"t":"idOrVar","v":"value"}," घंटे पहले"],"one":"एक घंटे पहले","other":[{"t":"idOrVar","v":"value"}," घंटे पहले"],"two":[{"t":"idOrVar","v":"value"}," घंटे पहले"],"zero":"अभी"},"$x":[{"t":"idOrVar","v":"plural"},"value"]},{"$i":"days-ago-long","$v":{"few":[{"t":"idOrVar","v":"value"}," दिनों पहले"],"many":[{"t":"idOrVar","v":"value"}," दिनों पहले"],"one":"बीता कल","other":[{"t":"idOrVar","v":"value"}," दिनों पहले"],"two":[{"t":"idOrVar","v":"value"}," दिनों पहले"],"zero":"आज"},"$x":[{"t":"idOrVar","v":"plural"},"value"]},{"$i":"weeks-ago-long","$v":{"few":[{"t":"idOrVar","v":"value"}," सप्ताह पहले"],"many":[{"t":"idOrVar","v":"value"}," सप्ताह पहले"],"one":"पिछले सप्ताह","other":[{"t":"idOrVar","v":"value"}," सप्ताह पहले"],"two":[{"t":"idOrVar","v":"value"}," सप्ताह पहले"],"zero":"इस सप्ताह"},"$x":[{"t":"idOrVar","v":"plural"},"value"]},{"$i":"months-ago-long","$v":{"few":[{"t":"idOrVar","v":"value"}," महीनों पहले"],"many":[{"t":"idOrVar","v":"value"}," महीनों पहले"],"one":"पिछले महीने","other":[{"t":"idOrVar","v":"value"}," महीनों पहले"],"two":[{"t":"idOrVar","v":"value"}," महीनों पहले"],"zero":"इस महीने"},"$x":[{"t":"idOrVar","v":"plural"},"value"]},{"$i":"years-ago-long","$v":{"few":[{"t":"idOrVar","v":"value"}," वर्ष पहले"],"many":[{"t":"idOrVar","v":"value"}," वर्ष पहले"],"one":"पिछले वर्ष","other":[{"t":"idOrVar","v":"value"}," वर्ष पहले"],"two":[{"t":"idOrVar","v":"value"}," वर्ष पहले"],"zero":"इस वर्ष"},"$x":[{"t":"idOrVar","v":"plural"},"value"]},{"$i":"minutes-until-long","$v":{"few":[{"t":"idOrVar","v":"value"}," मिनट में"],"many":[{"t":"idOrVar","v":"value"}," मिनट में"],"one":"एक मिनट में","other":[{"t":"idOrVar","v":"value"}," मिनट में"],"two":[{"t":"idOrVar","v":"value"}," मिनट में"],"zero":"अभी"},"$x":[{"t":"idOrVar","v":"plural"},"value"]},{"$i":"hours-until-long","$v":{"few":[{"t":"idOrVar","v":"value"}," घंटों में"],"many":[{"t":"idOrVar","v":"value"}," घंटों में"],"one":"एक घंटे में","other":[{"t":"idOrVar","v":"value"}," घंटों में"],"two":[{"t":"idOrVar","v":"value"}," घंटों में"],"zero":"अभी"},"$x":[{"t":"idOrVar","v":"plural"},"value"]},{"$i":"days-until-long","$v":{"few":[{"t":"idOrVar","v":"value"}," दिनों में"],"many":[{"t":"idOrVar","v":"value"}," दिनों में"],"one":"कल","other":[{"t":"idOrVar","v":"value"}," दिनों में"],"two":[{"t":"idOrVar","v":"value"}," दिनों में"],"zero":"आज"},"$x":[{"t":"idOrVar","v":"plural"},"value"]},{"$i":"weeks-until-long","$v":{"few":[{"t":"idOrVar","v":"value"}," सप्ताह में"],"many":[{"t":"idOrVar","v":"value"}," सप्ताह में"],"one":"अगले सप्ताह","other":[{"t":"idOrVar","v":"value"}," सप्ताह में"],"two":[{"t":"idOrVar","v":"value"}," सप्ताह में"],"zero":"इस सप्ताह"},"$x":[{"t":"idOrVar","v":"plural"},"value"]},{"$i":"months-until-long","$v":{"few":[{"t":"idOrVar","v":"value"}," महीनो में"],"many":[{"t":"idOrVar","v":"value"}," महीनो में"],"one":"अगले महीने","other":[{"t":"idOrVar","v":"value"}," महीनो में"],"two":[{"t":"idOrVar","v":"value"}," महीनो में"],"zero":"इस महीने"},"$x":[{"t":"idOrVar","v":"plural"},"value"]},{"$i":"years-until-long","$v":{"few":[{"t":"idOrVar","v":"value"}," वर्षों में"],"many":[{"t":"idOrVar","v":"value"}," वर्षों में"],"one":"अगले वर्ष","other":[{"t":"idOrVar","v":"value"}," वर्षों में"],"two":[{"t":"idOrVar","v":"value"}," वर्षों में"],"zero":"इस वर्ष"},"$x":[{"t":"idOrVar","v":"plural"},"value"]},{"$i":"minutes-ago-short","$v":{"other":[{"t":"idOrVar","v":"value"}," मिनट पहले"],"zero":"अभी"},"$x":[{"t":"idOrVar","v":"plural"},"value"]},{"$i":"hours-ago-short","$v":{"other":[{"t":"idOrVar","v":"value"}," घंटे पहले"],"zero":"अभी"},"$x":[{"t":"idOrVar","v":"plural"},"value"]},{"$i":"days-ago-short","$v":{"other":[{"t":"idOrVar","v":"value"}," दिनों पहले"],"zero":"आज"},"$x":[{"t":"idOrVar","v":"plural"},"value"]},{"$i":"minutes-until-short","$v":{"other":[{"t":"idOrVar","v":"value"},"मिनिट में"],"zero":"अभी"},"$x":[{"t":"idOrVar","v":"plural"},"value"]},{"$i":"hours-until-short","$v":{"other":[{"t":"idOrVar","v":"value"},"घंटे में"],"zero":"अभी"},"$x":[{"t":"idOrVar","v":"plural"},"value"]},{"$i":"days-until-short","$v":{"other":[{"t":"idOrVar","v":"value"},"दिन में"],"zero":"आज"},"$x":[{"t":"idOrVar","v":"plural"},"value"]},{"$i":"incorrectDate","$v":"(गलत दिनांक)"},{"$i":"dateTimeFormat_%c","$v":"%a %b %e %Y %I:%M:%S %p"},{"$i":"dateTimeFormat_%x","$v":"%m/%d/%Y"},{"$i":"dateTimeFormat_%X","$v":"%I:%M:%S %p"},{"$i":"shortTimeFormat","$v":"%I:%M %p"},{"$i":"shortTimeFormat12","$v":"%I:%M %p"},{"$i":"shortTimeFormat24","$v":"%H:%M"},{"$i":"shortDateTimeFormat","$v":"%x %I:%M %p"},{"$i":"weekStartsOnMonday","$v":"0"},{"$i":"firstDayOfTheWeek","$v":"0"},{"$i":"time_am","$v":"AM"},{"$i":"time_pm","$v":"PM"}]