[{"$i":"filemanager","$v":"File Manager"},{"$i":"internal","$v":"Interna"},{"$i":"sdcard","$v":"Scheda SD"},{"$i":"no-files","$v":"Cartella vuota."},{"$i":"not-support-header","$v":"Impossibile aprire"},{"$i":"not-support-content","$v":"Formato di file non valido o non supportato."},{"$i":"confirmation-header","$v":"Conferma"},{"$i":"delete-file-content","$v":["Eliminare il file ",{"t":"idOrVar","v":"fileName"},"?"]},{"$i":"delete-folder-content","$v":["Tutti gli elementi nella cartella selezionata verranno eliminati. Eliminare la cartella ",{"t":"idOrVar","v":"fileName"},"?"]},{"$i":"copy-move-header","$v":"Seleziona cartella di destinazione"},{"$i":"number-selected","$v":{"zero":[{"t":"idOrVar","v":"number"}," Selected"],"one":[{"t":"idOrVar","v":"number"}," Selected "],"two":[{"t":"idOrVar","v":"number"}," Selected"],"few":[{"t":"idOrVar","v":"number"}," Selected"],"many":[{"t":"idOrVar","v":"number"}," Selected"],"other":[{"t":"idOrVar","v":"number"}," Selected"]},"$x":[{"t":"idOrVar","v":"plural"},"number"]},{"$i":"delete-all-folder","$v":"Tutti gli elementi nella cartella selezionata verranno eliminati. Eliminare gli elementi selezionati?"},{"$i":"delete-all-file","$v":"Eliminare i file selezionati?"},{"$i":"search-in","$v":"Ricerca in corso in"},{"$i":"search-current","$v":"Soltanto la cartella attuale"},{"$i":"search-internal","$v":"Interna"},{"$i":"search-sdcard","$v":"Scheda SD"},{"$i":"search-header","$v":["Cerca: ",{"t":"idOrVar","v":"keyword"}]},{"$i":"file-exist","$v":[{"t":"idOrVar","v":"fileName"}," già esistente in questo percorso. Tenere entrambi gli elementi?"]},{"$i":"paste-error","$v":"Impossibile incollare una cartella in se stessa."},{"$i":"move-error","$v":"Impossibile spostare una cartella in se stessa."},{"$i":"new-folder-error","$v":["Nome ",{"t":"idOrVar","v":"folderName"}," già esistente. Scegliere un altro nome."]},{"$i":"searching","$v":"Ricerca in corso..."},{"$i":"loading","$v":"Caricamento in corso..."},{"$i":"search-empty","$v":"Non trovato"},{"$i":"unsupport-folder-name","$v":{"$o":"Non è possibile utilizzare un nome che contiene caratteri non supportati: \\/:*?\"<>|"}},{"$i":"new-folder-invalid","$v":["Il nome ",{"t":"idOrVar","v":"folderName"}," non è valido. Scegliere un altro nome."]},{"$i":"progress-head-copy","$v":"Copia in corso"},{"$i":"progress-content-copy","$v":"Copia dell'elemento in corso"},{"$i":"progress-head-move","$v":"Spostamento in corso"},{"$i":"progress-content-move","$v":"Spostamento dell'elemento in corso"},{"$i":"unsupport-copy","$v":{"$o":"Impossibile copiare un file con un nome contenente caratteri non supportati: \\/:*?\"<>|"}},{"$i":"unsupport-move","$v":{"$o":"Impossibile spostare un file con un nome contenente caratteri non supportati: \\/:*?\"<>|"}},{"$i":"open","$v":"Apri"},{"$i":"options","$v":"Opzioni"},{"$i":"ok","$v":"OK"},{"$i":"cancel","$v":"Annulla"},{"$i":"paste","$v":"Incolla"},{"$i":"select","$v":"Seleziona"},{"$i":"deselect","$v":"Deseleziona"},{"$i":"replace","$v":"Sostituisci"},{"$i":"keep-both","$v":"Tieni entrambi"},{"$i":"delete","$v":"Elimina"},{"$i":"copy","$v":"Copia"},{"$i":"move","$v":"Sposta"},{"$i":"rename","$v":"Rinomina"},{"$i":"select-items","$v":"Seleziona elementi"},{"$i":"new-folder","$v":"Nuova cartella"},{"$i":"search","$v":"Cerca"},{"$i":"refresh","$v":"Aggiorna"},{"$i":"details","$v":"Dettagli"},{"$i":"share","$v":"Condividi"},{"$i":"select-all","$v":"Seleziona tutto"},{"$i":"deselect-all","$v":"Deseleziona tutto"},{"$i":"detail-header","$v":"Dettagli"},{"$i":"detail-name","$v":"Nome"},{"$i":"detail-location","$v":"Posizione"},{"$i":"detail-type","$v":"Tipo"},{"$i":"detail-created","$v":"Creazione"},{"$i":"detail-size","$v":"Dimensioni"},{"$i":"folder","$v":"cartella"},{"$i":"type-unknow","$v":"sconosciuto"},{"$i":"B","$v":"B"},{"$i":"KB","$v":"KB"},{"$i":"MB","$v":"MB"},{"$i":"GB","$v":"GB"},{"$i":"weekday-0-long","$v":"Domenica"},{"$i":"weekday-1-long","$v":"Lunedì"},{"$i":"weekday-2-long","$v":"Martedì"},{"$i":"weekday-3-long","$v":"Mercoledì"},{"$i":"weekday-4-long","$v":"Giovedì"},{"$i":"weekday-5-long","$v":"Venerdì"},{"$i":"weekday-6-long","$v":"Sabato"},{"$i":"weekday-0-short","$v":"Dom"},{"$i":"weekday-1-short","$v":"Lun"},{"$i":"weekday-2-short","$v":"Mar"},{"$i":"weekday-3-short","$v":"Mer"},{"$i":"weekday-4-short","$v":"Gio"},{"$i":"weekday-5-short","$v":"Ven"},{"$i":"weekday-6-short","$v":"Sab"},{"$i":"month-0-long","$v":"Gennaio"},{"$i":"month-1-long","$v":"Febbraio"},{"$i":"month-2-long","$v":"Marzo"},{"$i":"month-3-long","$v":"Aprile"},{"$i":"month-4-long","$v":"Mag"},{"$i":"month-5-long","$v":"Giugno"},{"$i":"month-6-long","$v":"Luglio"},{"$i":"month-7-long","$v":"Agosto"},{"$i":"month-8-long","$v":"Settembre"},{"$i":"month-9-long","$v":"Ottobre"},{"$i":"month-10-long","$v":"Novembre"},{"$i":"month-11-long","$v":"Dicembre"},{"$i":"month-0-genitive","$v":"Gennaio"},{"$i":"month-1-genitive","$v":"Febbraio"},{"$i":"month-2-genitive","$v":"Marzo"},{"$i":"month-3-genitive","$v":"Aprile"},{"$i":"month-4-genitive","$v":"Mag"},{"$i":"month-5-genitive","$v":"Giugno"},{"$i":"month-6-genitive","$v":"Luglio"},{"$i":"month-7-genitive","$v":"Agosto"},{"$i":"month-8-genitive","$v":"Settembre"},{"$i":"month-9-genitive","$v":"Ottobre"},{"$i":"month-10-genitive","$v":"Novembre"},{"$i":"month-11-genitive","$v":"Dicembre"},{"$i":"month-0-short","$v":"Gen"},{"$i":"month-1-short","$v":"Feb"},{"$i":"month-2-short","$v":"Mar"},{"$i":"month-3-short","$v":"Apr"},{"$i":"month-4-short","$v":"Mag"},{"$i":"month-5-short","$v":"Giu"},{"$i":"month-6-short","$v":"Lug"},{"$i":"month-7-short","$v":"Ago"},{"$i":"month-8-short","$v":"Set"},{"$i":"month-9-short","$v":"Ott"},{"$i":"month-10-short","$v":"Nov"},{"$i":"month-11-short","$v":"Dic"},{"$i":"minutes-ago-long","$v":{"few":[{"t":"idOrVar","v":"value"}," minuti fa"],"many":[{"t":"idOrVar","v":"value"}," minuti fa"],"one":"un minuto fa","other":[{"t":"idOrVar","v":"value"}," minuti fa"],"two":[{"t":"idOrVar","v":"value"}," minuti fa"],"zero":"adesso"},"$x":[{"t":"idOrVar","v":"plural"},"value"]},{"$i":"hours-ago-long","$v":{"few":[{"t":"idOrVar","v":"value"}," ore fa"],"many":[{"t":"idOrVar","v":"value"}," ore fa"],"one":"un'ora fa","other":[{"t":"idOrVar","v":"value"}," ore fa"],"two":[{"t":"idOrVar","v":"value"}," ore fa"],"zero":"adesso"},"$x":[{"t":"idOrVar","v":"plural"},"value"]},{"$i":"days-ago-long","$v":{"few":[{"t":"idOrVar","v":"value"}," giorni fa"],"many":[{"t":"idOrVar","v":"value"}," giorni fa"],"one":"ieri","other":[{"t":"idOrVar","v":"value"}," giorni fa"],"two":[{"t":"idOrVar","v":"value"}," giorni fa"],"zero":"oggi"},"$x":[{"t":"idOrVar","v":"plural"},"value"]},{"$i":"weeks-ago-long","$v":{"few":[{"t":"idOrVar","v":"value"}," settimane fa"],"many":[{"t":"idOrVar","v":"value"}," settimane fa"],"one":"una settimana fa","other":[{"t":"idOrVar","v":"value"}," settimane fa"],"two":[{"t":"idOrVar","v":"value"}," settimane fa"],"zero":"questa settimana"},"$x":[{"t":"idOrVar","v":"plural"},"value"]},{"$i":"months-ago-long","$v":{"few":[{"t":"idOrVar","v":"value"}," mesi fa"],"many":[{"t":"idOrVar","v":"value"}," mesi fa"],"one":"un mese fa","other":[{"t":"idOrVar","v":"value"}," mesi fa"],"two":[{"t":"idOrVar","v":"value"}," mesi fa"],"zero":"questo mese"},"$x":[{"t":"idOrVar","v":"plural"},"value"]},{"$i":"years-ago-long","$v":{"few":[{"t":"idOrVar","v":"value"}," anni fa"],"many":[{"t":"idOrVar","v":"value"}," anni fa"],"one":"un anno fa","other":[{"t":"idOrVar","v":"value"}," anni fa"],"two":[{"t":"idOrVar","v":"value"}," anni fa"],"zero":"quest'anno"},"$x":[{"t":"idOrVar","v":"plural"},"value"]},{"$i":"minutes-until-long","$v":{"few":["tra ",{"t":"idOrVar","v":"value"}," minuti"],"many":["tra ",{"t":"idOrVar","v":"value"}," minuti"],"one":"tra un minuto","other":["tra ",{"t":"idOrVar","v":"value"}," minuti"],"two":["tra ",{"t":"idOrVar","v":"value"}," minuti"],"zero":"ora"},"$x":[{"t":"idOrVar","v":"plural"},"value"]},{"$i":"hours-until-long","$v":{"few":["tra ",{"t":"idOrVar","v":"value"}," ore"],"many":["tra ",{"t":"idOrVar","v":"value"}," ore"],"one":"tra un'ora","other":["tra ",{"t":"idOrVar","v":"value"}," ore"],"two":["tra ",{"t":"idOrVar","v":"value"}," ore"],"zero":"ora"},"$x":[{"t":"idOrVar","v":"plural"},"value"]},{"$i":"days-until-long","$v":{"few":["tra ",{"t":"idOrVar","v":"value"}," giorni"],"many":["tra ",{"t":"idOrVar","v":"value"}," giorni"],"one":"domani","other":["tra ",{"t":"idOrVar","v":"value"}," giorni"],"two":["tra ",{"t":"idOrVar","v":"value"}," giorni"],"zero":"oggi"},"$x":[{"t":"idOrVar","v":"plural"},"value"]},{"$i":"weeks-until-long","$v":{"few":["tra ",{"t":"idOrVar","v":"value"}," settimane"],"many":["tra ",{"t":"idOrVar","v":"value"}," settimane"],"one":"tra una settimana","other":["tra ",{"t":"idOrVar","v":"value"}," settimane"],"two":["tra ",{"t":"idOrVar","v":"value"}," settimane"],"zero":"questa settimana"},"$x":[{"t":"idOrVar","v":"plural"},"value"]},{"$i":"months-until-long","$v":{"few":["tra ",{"t":"idOrVar","v":"value"}," mesi"],"many":["tra ",{"t":"idOrVar","v":"value"}," mesi"],"one":"tra un mese","other":["tra ",{"t":"idOrVar","v":"value"}," mesi"],"two":["tra ",{"t":"idOrVar","v":"value"}," mesi"],"zero":"questo mese"},"$x":[{"t":"idOrVar","v":"plural"},"value"]},{"$i":"years-until-long","$v":{"few":["tra ",{"t":"idOrVar","v":"value"}," anni"],"many":["tra ",{"t":"idOrVar","v":"value"}," anni"],"one":"tra un anno","other":["tra ",{"t":"idOrVar","v":"value"}," anni"],"two":["tra ",{"t":"idOrVar","v":"value"}," anni"],"zero":"quest'anno"},"$x":[{"t":"idOrVar","v":"plural"},"value"]},{"$i":"minutes-ago-short","$v":{"other":[{"t":"idOrVar","v":"value"}," m fa"],"zero":"adesso"},"$x":[{"t":"idOrVar","v":"plural"},"value"]},{"$i":"hours-ago-short","$v":{"other":[{"t":"idOrVar","v":"value"}," h fa"],"zero":"adesso"},"$x":[{"t":"idOrVar","v":"plural"},"value"]},{"$i":"days-ago-short","$v":{"other":[{"t":"idOrVar","v":"value"}," g fa"],"zero":"oggi"},"$x":[{"t":"idOrVar","v":"plural"},"value"]},{"$i":"minutes-until-short","$v":{"other":["tra ",{"t":"idOrVar","v":"value"}," m"],"zero":"ora"},"$x":[{"t":"idOrVar","v":"plural"},"value"]},{"$i":"hours-until-short","$v":{"other":["tra ",{"t":"idOrVar","v":"value"}," h"],"zero":"ora"},"$x":[{"t":"idOrVar","v":"plural"},"value"]},{"$i":"days-until-short","$v":{"other":["tra ",{"t":"idOrVar","v":"value"}," g"],"zero":"oggi"},"$x":[{"t":"idOrVar","v":"plural"},"value"]},{"$i":"incorrectDate","$v":"(data errata)"},{"$i":"dateTimeFormat_%c","$v":"%a %b %e %Y %I:%M:%S %p"},{"$i":"dateTimeFormat_%x","$v":"%m/%d/%Y"},{"$i":"dateTimeFormat_%X","$v":"%I:%M:%S %p"},{"$i":"shortTimeFormat","$v":"%I:%M %p"},{"$i":"shortTimeFormat12","$v":"%I:%M %p"},{"$i":"shortTimeFormat24","$v":"%H:%M"},{"$i":"shortDateTimeFormat","$v":"%x %I:%M %p"},{"$i":"weekStartsOnMonday","$v":"0"},{"$i":"firstDayOfTheWeek","$v":"0"},{"$i":"time_am","$v":"AM"},{"$i":"time_pm","$v":"PM"}]