[{"$i":"filemanager","$v":"Bestandsbeheer"},{"$i":"internal","$v":"Intern"},{"$i":"sdcard","$v":"SD-kaart"},{"$i":"no-files","$v":"Deze map is leeg."},{"$i":"not-support-header","$v":"Kan niet openen"},{"$i":"not-support-content","$v":"Deze bestandsindeling is ongeldig of wordt niet ondersteund."},{"$i":"confirmation-header","$v":"Bevestiging"},{"$i":"delete-file-content","$v":["Het bestand ",{"t":"idOrVar","v":"fileName"}," verwijderen?"]},{"$i":"delete-folder-content","$v":["Alle items in de geselecteerde map worden verwijderd. De map ",{"t":"idOrVar","v":"fileName"}," verwijderen?"]},{"$i":"copy-move-header","$v":"Doelmap selecteren"},{"$i":"number-selected","$v":{"zero":[{"t":"idOrVar","v":"number"}," Selected"],"one":[{"t":"idOrVar","v":"number"}," Selected "],"two":[{"t":"idOrVar","v":"number"}," Selected"],"few":[{"t":"idOrVar","v":"number"}," Selected"],"many":[{"t":"idOrVar","v":"number"}," Selected"],"other":[{"t":"idOrVar","v":"number"}," Selected"]},"$x":[{"t":"idOrVar","v":"plural"},"number"]},{"$i":"delete-all-folder","$v":"Alle items in de geselecteerde map worden verwijderd. De geselecteerde items verwijderen?"},{"$i":"delete-all-file","$v":"De geselecteerde bestanden verwijderen?"},{"$i":"search-in","$v":"Zoeken in"},{"$i":"search-current","$v":"Alleen de huidige map"},{"$i":"search-internal","$v":"Intern"},{"$i":"search-sdcard","$v":"SD-kaart"},{"$i":"search-header","$v":["Zoeken: ",{"t":"idOrVar","v":"keyword"}]},{"$i":"file-exist","$v":[{"t":"idOrVar","v":"fileName"}," bestaat al op deze locatie. Beide items behouden?"]},{"$i":"paste-error","$v":"Kan een map niet in zichzelf plakken."},{"$i":"move-error","$v":"Kan een map niet naar zichzelf verplaatsen."},{"$i":"new-folder-error","$v":["De naam ",{"t":"idOrVar","v":"folderName"}," is al in gebruik. Kies een andere naam."]},{"$i":"searching","$v":"Zoeken..."},{"$i":"loading","$v":"Laden..."},{"$i":"search-empty","$v":"Niet gevonden"},{"$i":"unsupport-folder-name","$v":{"$o":"Kan een naam met niet-ondersteunde tekens niet gebruiken: \\/:*?\"<>|"}},{"$i":"new-folder-invalid","$v":["De naam ",{"t":"idOrVar","v":"folderName"}," is ongeldig. Kies een andere naam."]},{"$i":"progress-head-copy","$v":"Kopiëren"},{"$i":"progress-content-copy","$v":"Item kopiëren"},{"$i":"progress-head-move","$v":"Verplaatsen"},{"$i":"progress-content-move","$v":"Item verplaatsen"},{"$i":"unsupport-copy","$v":{"$o":"Kan geen bestand kopiëren met een naam die niet-ondersteunde tekens bevat: \\/:*?\"<>|"}},{"$i":"unsupport-move","$v":{"$o":"Kan geen bestand verplaatsen met een naam die niet-ondersteunde tekens bevat: \\/:*?\"<>|"}},{"$i":"open","$v":"Openen"},{"$i":"options","$v":"Opties"},{"$i":"ok","$v":"OK"},{"$i":"cancel","$v":"Annuleren"},{"$i":"paste","$v":"Plakken"},{"$i":"select","$v":"Selecteer"},{"$i":"deselect","$v":"Deselecteren"},{"$i":"replace","$v":"Vervang"},{"$i":"keep-both","$v":"Beide behouden"},{"$i":"delete","$v":"Verwijderen"},{"$i":"copy","$v":"Kopiëren"},{"$i":"move","$v":"Verplaatsen"},{"$i":"rename","$v":"Naam wijzigen"},{"$i":"select-items","$v":"Items selecteren"},{"$i":"new-folder","$v":"Nieuwe map"},{"$i":"search","$v":"Zoeken"},{"$i":"refresh","$v":"Vernieuwen"},{"$i":"details","$v":"Details"},{"$i":"share","$v":"Delen"},{"$i":"select-all","$v":"Alles selecteren"},{"$i":"deselect-all","$v":"Alle selecties opheffen"},{"$i":"detail-header","$v":"Details"},{"$i":"detail-name","$v":"Naam"},{"$i":"detail-location","$v":"Locatie"},{"$i":"detail-type","$v":"Type"},{"$i":"detail-created","$v":"Gemaakt"},{"$i":"detail-size","$v":"Grootte"},{"$i":"folder","$v":"map"},{"$i":"type-unknow","$v":"onbekend"},{"$i":"B","$v":"B"},{"$i":"KB","$v":"KB"},{"$i":"MB","$v":"MB"},{"$i":"GB","$v":"GB"},{"$i":"weekday-0-long","$v":"zondag"},{"$i":"weekday-1-long","$v":"maandag"},{"$i":"weekday-2-long","$v":"dinsdag"},{"$i":"weekday-3-long","$v":"woensdag"},{"$i":"weekday-4-long","$v":"donderdag"},{"$i":"weekday-5-long","$v":"vrijdag"},{"$i":"weekday-6-long","$v":"zaterdag"},{"$i":"weekday-0-short","$v":"Zon"},{"$i":"weekday-1-short","$v":"Maa"},{"$i":"weekday-2-short","$v":"Din"},{"$i":"weekday-3-short","$v":"Woe"},{"$i":"weekday-4-short","$v":"Don"},{"$i":"weekday-5-short","$v":"Vrij"},{"$i":"weekday-6-short","$v":"Zat"},{"$i":"month-0-long","$v":"januari"},{"$i":"month-1-long","$v":"februari"},{"$i":"month-2-long","$v":"maart"},{"$i":"month-3-long","$v":"april"},{"$i":"month-4-long","$v":"mei"},{"$i":"month-5-long","$v":"juni"},{"$i":"month-6-long","$v":"juli"},{"$i":"month-7-long","$v":"augustus"},{"$i":"month-8-long","$v":"september"},{"$i":"month-9-long","$v":"oktober"},{"$i":"month-10-long","$v":"november"},{"$i":"month-11-long","$v":"december"},{"$i":"month-0-genitive","$v":"januari"},{"$i":"month-1-genitive","$v":"februari"},{"$i":"month-2-genitive","$v":"maart"},{"$i":"month-3-genitive","$v":"april"},{"$i":"month-4-genitive","$v":"mei"},{"$i":"month-5-genitive","$v":"juni"},{"$i":"month-6-genitive","$v":"juli"},{"$i":"month-7-genitive","$v":"augustus"},{"$i":"month-8-genitive","$v":"september"},{"$i":"month-9-genitive","$v":"oktober"},{"$i":"month-10-genitive","$v":"november"},{"$i":"month-11-genitive","$v":"december"},{"$i":"month-0-short","$v":"Jan"},{"$i":"month-1-short","$v":"Feb"},{"$i":"month-2-short","$v":"Maa"},{"$i":"month-3-short","$v":"Apr"},{"$i":"month-4-short","$v":"mei"},{"$i":"month-5-short","$v":"Jun"},{"$i":"month-6-short","$v":"Jul"},{"$i":"month-7-short","$v":"Aug"},{"$i":"month-8-short","$v":"Sep"},{"$i":"month-9-short","$v":"Okt"},{"$i":"month-10-short","$v":"Nov"},{"$i":"month-11-short","$v":"Dec"},{"$i":"minutes-ago-long","$v":{"few":[{"t":"idOrVar","v":"value"}," minuten geleden"],"many":[{"t":"idOrVar","v":"value"}," minuten geleden"],"one":"een minuut geleden","other":[{"t":"idOrVar","v":"value"}," minuten geleden"],"two":[{"t":"idOrVar","v":"value"}," minuten geleden"],"zero":"zojuist"},"$x":[{"t":"idOrVar","v":"plural"},"value"]},{"$i":"hours-ago-long","$v":{"few":[{"t":"idOrVar","v":"value"}," uur geleden"],"many":[{"t":"idOrVar","v":"value"}," uur geleden"],"one":"een uur geleden","other":[{"t":"idOrVar","v":"value"}," uur geleden"],"two":[{"t":"idOrVar","v":"value"}," uur geleden"],"zero":"zojuist"},"$x":[{"t":"idOrVar","v":"plural"},"value"]},{"$i":"days-ago-long","$v":{"few":[{"t":"idOrVar","v":"value"}," dagen geleden"],"many":[{"t":"idOrVar","v":"value"}," dagen geleden"],"one":"gisteren","other":[{"t":"idOrVar","v":"value"}," dagen geleden"],"two":[{"t":"idOrVar","v":"value"}," dagen geleden"],"zero":"vandaag"},"$x":[{"t":"idOrVar","v":"plural"},"value"]},{"$i":"weeks-ago-long","$v":{"few":[{"t":"idOrVar","v":"value"}," weken geleden"],"many":[{"t":"idOrVar","v":"value"}," weken geleden"],"one":"vorige week","other":[{"t":"idOrVar","v":"value"}," weken geleden"],"two":[{"t":"idOrVar","v":"value"}," weken geleden"],"zero":"deze week"},"$x":[{"t":"idOrVar","v":"plural"},"value"]},{"$i":"months-ago-long","$v":{"few":[{"t":"idOrVar","v":"value"}," maanden geleden"],"many":[{"t":"idOrVar","v":"value"}," maanden geleden"],"one":"vorige maand","other":[{"t":"idOrVar","v":"value"}," maanden geleden"],"two":[{"t":"idOrVar","v":"value"}," maanden geleden"],"zero":"deze maand"},"$x":[{"t":"idOrVar","v":"plural"},"value"]},{"$i":"years-ago-long","$v":{"few":[{"t":"idOrVar","v":"value"}," jaar geleden"],"many":[{"t":"idOrVar","v":"value"}," jaar geleden"],"one":"vorig jaar","other":[{"t":"idOrVar","v":"value"}," jaar geleden"],"two":[{"t":"idOrVar","v":"value"}," jaar geleden"],"zero":"dit jaar"},"$x":[{"t":"idOrVar","v":"plural"},"value"]},{"$i":"minutes-until-long","$v":{"few":["over ",{"t":"idOrVar","v":"value"}," minuten"],"many":["over ",{"t":"idOrVar","v":"value"}," minuten"],"one":"over een minuut","other":["over ",{"t":"idOrVar","v":"value"}," minuten"],"two":["over ",{"t":"idOrVar","v":"value"}," minuten"],"zero":"nu"},"$x":[{"t":"idOrVar","v":"plural"},"value"]},{"$i":"hours-until-long","$v":{"few":["over ",{"t":"idOrVar","v":"value"}," uur"],"many":["over ",{"t":"idOrVar","v":"value"}," uur"],"one":"over een uur","other":["over ",{"t":"idOrVar","v":"value"}," uur"],"two":["over ",{"t":"idOrVar","v":"value"}," uur"],"zero":"nu"},"$x":[{"t":"idOrVar","v":"plural"},"value"]},{"$i":"days-until-long","$v":{"few":["over ",{"t":"idOrVar","v":"value"}," dagen"],"many":["over ",{"t":"idOrVar","v":"value"}," dagen"],"one":"morgen","other":["over ",{"t":"idOrVar","v":"value"}," dagen"],"two":["over ",{"t":"idOrVar","v":"value"}," dagen"],"zero":"vandaag"},"$x":[{"t":"idOrVar","v":"plural"},"value"]},{"$i":"weeks-until-long","$v":{"few":["over ",{"t":"idOrVar","v":"value"}," weken"],"many":["over ",{"t":"idOrVar","v":"value"}," weken"],"one":"volgende week","other":["over ",{"t":"idOrVar","v":"value"}," weken"],"two":["over ",{"t":"idOrVar","v":"value"}," weken"],"zero":"deze week"},"$x":[{"t":"idOrVar","v":"plural"},"value"]},{"$i":"months-until-long","$v":{"few":["over ",{"t":"idOrVar","v":"value"}," maanden"],"many":["over ",{"t":"idOrVar","v":"value"}," maanden"],"one":"volgende maand","other":["over ",{"t":"idOrVar","v":"value"}," maanden"],"two":["over ",{"t":"idOrVar","v":"value"}," maanden"],"zero":"deze maand"},"$x":[{"t":"idOrVar","v":"plural"},"value"]},{"$i":"years-until-long","$v":{"few":["over ",{"t":"idOrVar","v":"value"}," jaar"],"many":["over ",{"t":"idOrVar","v":"value"}," jaar"],"one":"volgend jaar","other":["over ",{"t":"idOrVar","v":"value"}," jaar"],"two":["over ",{"t":"idOrVar","v":"value"}," jaar"],"zero":"dit jaar"},"$x":[{"t":"idOrVar","v":"plural"},"value"]},{"$i":"minutes-ago-short","$v":{"other":[{"t":"idOrVar","v":"value"},"m geleden"],"zero":"zojuist"},"$x":[{"t":"idOrVar","v":"plural"},"value"]},{"$i":"hours-ago-short","$v":{"other":[{"t":"idOrVar","v":"value"},"u geleden"],"zero":"zojuist"},"$x":[{"t":"idOrVar","v":"plural"},"value"]},{"$i":"days-ago-short","$v":{"other":[{"t":"idOrVar","v":"value"},"d geleden"],"zero":"vandaag"},"$x":[{"t":"idOrVar","v":"plural"},"value"]},{"$i":"minutes-until-short","$v":{"other":["over ",{"t":"idOrVar","v":"value"},"m"],"zero":"nu"},"$x":[{"t":"idOrVar","v":"plural"},"value"]},{"$i":"hours-until-short","$v":{"other":["over ",{"t":"idOrVar","v":"value"},"u"],"zero":"nu"},"$x":[{"t":"idOrVar","v":"plural"},"value"]},{"$i":"days-until-short","$v":{"other":["over ",{"t":"idOrVar","v":"value"},"d"],"zero":"vandaag"},"$x":[{"t":"idOrVar","v":"plural"},"value"]},{"$i":"incorrectDate","$v":"(onjuiste datum)"},{"$i":"dateTimeFormat_%c","$v":"%a %b %e %Y %I:%M:%S %p"},{"$i":"dateTimeFormat_%x","$v":"%m/%d/%Y"},{"$i":"dateTimeFormat_%X","$v":"%I:%M:%S %p"},{"$i":"shortTimeFormat","$v":"%I:%M %p"},{"$i":"shortTimeFormat12","$v":"%I:%M %p"},{"$i":"shortTimeFormat24","$v":"%H:%M"},{"$i":"shortDateTimeFormat","$v":"%x %I:%M %p"},{"$i":"weekStartsOnMonday","$v":"0"},{"$i":"firstDayOfTheWeek","$v":"0"},{"$i":"time_am","$v":"AM"},{"$i":"time_pm","$v":"PM"}]