[{"$i":"filemanager","$v":"Kidhibiti Faili"},{"$i":"internal","$v":"Ndani"},{"$i":"sdcard","$v":"Kadi ya SD"},{"$i":"no-files","$v":"Folda hii ni tupu."},{"$i":"not-support-header","$v":"Haiwezi kufungua"},{"$i":"not-support-content","$v":"Umbizo la faili hii sio sahihi au halikubaliwi"},{"$i":"confirmation-header","$v":"Uthibitishaji"},{"$i":"delete-file-content","$v":["Unataka kufuta faili ",{"t":"idOrVar","v":"fileName"},"?"]},{"$i":"delete-folder-content","$v":["Vipengele vyote vilivyo katika folda iliyochaguliwa vitafutwa. Unataka kufuta folda ",{"t":"idOrVar","v":"fileName"},"?"]},{"$i":"copy-move-header","$v":"Chagua Folda Lengwa"},{"$i":"number-selected","$v":{"zero":[{"t":"idOrVar","v":"number"}," Selected"],"one":[{"t":"idOrVar","v":"number"}," Selected "],"two":[{"t":"idOrVar","v":"number"}," Selected"],"few":[{"t":"idOrVar","v":"number"}," Selected"],"many":[{"t":"idOrVar","v":"number"}," Selected"],"other":[{"t":"idOrVar","v":"number"}," Selected"]},"$x":[{"t":"idOrVar","v":"plural"},"number"]},{"$i":"delete-all-folder","$v":"Vipengele vyote vilivyo katika folda iliyochaguliwa vitafutwa. Unataka kufuta vipengele vilivyochaguliwa?"},{"$i":"delete-all-file","$v":"Unataka kufuta faili zilizochaguliwa?"},{"$i":"search-in","$v":"Inatafuta katika"},{"$i":"search-current","$v":"Folda ya sasa hivi tu"},{"$i":"search-internal","$v":"Ndani"},{"$i":"search-sdcard","$v":"Kadi ya SD"},{"$i":"search-header","$v":["Tafuta: ",{"t":"idOrVar","v":"keyword"}]},{"$i":"file-exist","$v":["Tayari ",{"t":"idOrVar","v":"fileName"}," iko katika eneo hili. Ungependa kuzihifadhi zote mbili?"]},{"$i":"paste-error","$v":"Huwezi kubandika folda ndani ya folda yenyewe"},{"$i":"move-error","$v":"Huwezi kuhamisha folda ndani ya folda yenyewe."},{"$i":"new-folder-error","$v":["Jina la ",{"t":"idOrVar","v":"folderName"}," tayari lishachukuliwa. Chagua jina lingine."]},{"$i":"searching","$v":"Inatafuta..."},{"$i":"loading","$v":"Inapakia..."},{"$i":"search-empty","$v":"Haijapatikana"},{"$i":"unsupport-folder-name","$v":{"$o":"Huwezi kutumia jina lililo na herufi zisizotumika. \\/:*?\"<>|"}},{"$i":"new-folder-invalid","$v":["Jina la ",{"t":"idOrVar","v":"folderName"}," sio sahihi. Chagua jina lingine."]},{"$i":"progress-head-copy","$v":"Inanakili"},{"$i":"progress-content-copy","$v":"Inanakili kipengee"},{"$i":"progress-head-move","$v":"Inasongeza"},{"$i":"progress-content-move","$v":"Unahamisha kipengee"},{"$i":"unsupport-copy","$v":{"$o":"Haiwezi kunakili faili yenye jina lililo na vibambo visivyotumika: \\ /: *? \"<> |"}},{"$i":"unsupport-move","$v":{"$o":"Haiwezi kuhamisha faili yenye jina lililo vibambo visivyotumika: \\ /: *? \"<> |"}},{"$i":"open","$v":"Fungua"},{"$i":"options","$v":"Chaguo"},{"$i":"ok","$v":"SAWA"},{"$i":"cancel","$v":"Ghairi"},{"$i":"paste","$v":"Bandika"},{"$i":"select","$v":"Chagua"},{"$i":"deselect","$v":"Tengua uteuzi"},{"$i":"replace","$v":"Badilisha"},{"$i":"keep-both","$v":"Weka Zote"},{"$i":"delete","$v":"Futa"},{"$i":"copy","$v":"Nakili"},{"$i":"move","$v":"Sogeza"},{"$i":"rename","$v":"Badilisha jina"},{"$i":"select-items","$v":"Chagua vipengele"},{"$i":"new-folder","$v":"Folda mpya"},{"$i":"search","$v":"Tafuta"},{"$i":"refresh","$v":"Onyesha upya"},{"$i":"details","$v":"Maelezo"},{"$i":"share","$v":"Shiriki"},{"$i":"select-all","$v":"Chagua Zote"},{"$i":"deselect-all","$v":"Tengua Uteuzi wa Zote"},{"$i":"detail-header","$v":"Maelezo"},{"$i":"detail-name","$v":"Jina"},{"$i":"detail-location","$v":"Eneo"},{"$i":"detail-type","$v":"Aina"},{"$i":"detail-created","$v":"Iliundwa"},{"$i":"detail-size","$v":"Ukubwa"},{"$i":"folder","$v":"folda"},{"$i":"type-unknow","$v":"isiyojulikana"},{"$i":"B","$v":"B"},{"$i":"KB","$v":"KB"},{"$i":"MB","$v":"MB"},{"$i":"GB","$v":"GB"},{"$i":"weekday-0-long","$v":"Jumapili"},{"$i":"weekday-1-long","$v":"Jumatatu"},{"$i":"weekday-2-long","$v":"Jumanne"},{"$i":"weekday-3-long","$v":"Jumatano"},{"$i":"weekday-4-long","$v":"Alhamisi"},{"$i":"weekday-5-long","$v":"Ijumaa"},{"$i":"weekday-6-long","$v":"Jumamosi"},{"$i":"weekday-0-short","$v":"Jumapili"},{"$i":"weekday-1-short","$v":"Jumatatu"},{"$i":"weekday-2-short","$v":"Jumanne"},{"$i":"weekday-3-short","$v":"Jumatano"},{"$i":"weekday-4-short","$v":"Alhamisi"},{"$i":"weekday-5-short","$v":"Ijumaa"},{"$i":"weekday-6-short","$v":"Jumamosi"},{"$i":"month-0-long","$v":"Januari"},{"$i":"month-1-long","$v":"Februari"},{"$i":"month-2-long","$v":"Machi"},{"$i":"month-3-long","$v":"Aprili"},{"$i":"month-4-long","$v":"Mei"},{"$i":"month-5-long","$v":"Juni"},{"$i":"month-6-long","$v":"Julai"},{"$i":"month-7-long","$v":"Agosti"},{"$i":"month-8-long","$v":"Septemba"},{"$i":"month-9-long","$v":"Oktoba"},{"$i":"month-10-long","$v":"Novemba"},{"$i":"month-11-long","$v":"Desemba"},{"$i":"month-0-genitive","$v":"Januari"},{"$i":"month-1-genitive","$v":"Februari"},{"$i":"month-2-genitive","$v":"Machi"},{"$i":"month-3-genitive","$v":"Aprili"},{"$i":"month-4-genitive","$v":"Mei"},{"$i":"month-5-genitive","$v":"Juni"},{"$i":"month-6-genitive","$v":"Julai"},{"$i":"month-7-genitive","$v":"Agosti"},{"$i":"month-8-genitive","$v":"Septemba"},{"$i":"month-9-genitive","$v":"Oktoba"},{"$i":"month-10-genitive","$v":"Novemba"},{"$i":"month-11-genitive","$v":"Desemba"},{"$i":"month-0-short","$v":"Januari"},{"$i":"month-1-short","$v":"Februari"},{"$i":"month-2-short","$v":"Machi"},{"$i":"month-3-short","$v":"Aprili"},{"$i":"month-4-short","$v":"Mei"},{"$i":"month-5-short","$v":"Juni"},{"$i":"month-6-short","$v":"Julai"},{"$i":"month-7-short","$v":"Agosti"},{"$i":"month-8-short","$v":"Septemba"},{"$i":"month-9-short","$v":"Oktoba"},{"$i":"month-10-short","$v":"Novemba"},{"$i":"month-11-short","$v":"Disemba"},{"$i":"minutes-ago-long","$v":{"few":["dakika ",{"t":"idOrVar","v":"value"}," zilizopita"],"many":["dakika ",{"t":"idOrVar","v":"value"}," zilizopita"],"one":"dakika moja iliyopita","other":["dakika ",{"t":"idOrVar","v":"value"}," zilizopita"],"two":["dakika ",{"t":"idOrVar","v":"value"}," zilizopita"],"zero":"sasa hivi tu"},"$x":[{"t":"idOrVar","v":"plural"},"value"]},{"$i":"hours-ago-long","$v":{"few":["saa ",{"t":"idOrVar","v":"value"}," zilizopita"],"many":["saa ",{"t":"idOrVar","v":"value"}," zilizopita"],"one":"saa moja iliyopita","other":["saa ",{"t":"idOrVar","v":"value"}," zilizopita"],"two":["saa ",{"t":"idOrVar","v":"value"}," zilizopita"],"zero":"sasa hivi tu"},"$x":[{"t":"idOrVar","v":"plural"},"value"]},{"$i":"days-ago-long","$v":{"few":["Siku ",{"t":"idOrVar","v":"value"}," zilizopita"],"many":["Siku ",{"t":"idOrVar","v":"value"}," zilizopita"],"one":"jana","other":["Siku ",{"t":"idOrVar","v":"value"}," zilizopita"],"two":["Siku ",{"t":"idOrVar","v":"value"}," zilizopita"],"zero":"leo"},"$x":[{"t":"idOrVar","v":"plural"},"value"]},{"$i":"weeks-ago-long","$v":{"few":["wiki ",{"t":"idOrVar","v":"value"}," zilizopita"],"many":["wiki ",{"t":"idOrVar","v":"value"}," zilizopita"],"one":"wiki iliyopita","other":["wiki ",{"t":"idOrVar","v":"value"}," zilizopita"],"two":["wiki ",{"t":"idOrVar","v":"value"}," zilizopita"],"zero":"wiki hii"},"$x":[{"t":"idOrVar","v":"plural"},"value"]},{"$i":"months-ago-long","$v":{"few":["miezi ",{"t":"idOrVar","v":"value"}," iliyopita"],"many":["miezi ",{"t":"idOrVar","v":"value"}," iliyopita"],"one":"mwezi uliopita","other":["miezi ",{"t":"idOrVar","v":"value"}," iliyopita"],"two":["miezi ",{"t":"idOrVar","v":"value"}," iliyopita"],"zero":"mwezi huu"},"$x":[{"t":"idOrVar","v":"plural"},"value"]},{"$i":"years-ago-long","$v":{"few":["mwaka ",{"t":"idOrVar","v":"value"}," uliopita"],"many":["mwaka ",{"t":"idOrVar","v":"value"}," uliopita"],"one":"mwaka jana","other":["mwaka ",{"t":"idOrVar","v":"value"}," uliopita"],"two":["mwaka ",{"t":"idOrVar","v":"value"}," uliopita"],"zero":"mwaka huu"},"$x":[{"t":"idOrVar","v":"plural"},"value"]},{"$i":"minutes-until-long","$v":{"few":["baada ya dakika ",{"t":"idOrVar","v":"value"}],"many":["baada ya dakika ",{"t":"idOrVar","v":"value"}],"one":"baada ya dakika moja","other":["baada ya dakika ",{"t":"idOrVar","v":"value"}],"two":["baada ya dakika ",{"t":"idOrVar","v":"value"}],"zero":"sasa hivi"},"$x":[{"t":"idOrVar","v":"plural"},"value"]},{"$i":"hours-until-long","$v":{"few":["baada ya saa ",{"t":"idOrVar","v":"value"}],"many":["baada ya saa ",{"t":"idOrVar","v":"value"}],"one":"baada ya saa moja","other":["baada ya saa ",{"t":"idOrVar","v":"value"}],"two":["baada ya saa ",{"t":"idOrVar","v":"value"}],"zero":"sasa hivi"},"$x":[{"t":"idOrVar","v":"plural"},"value"]},{"$i":"days-until-long","$v":{"few":["baada ya siku ",{"t":"idOrVar","v":"value"}],"many":["baada ya siku ",{"t":"idOrVar","v":"value"}],"one":"kesho","other":["baada ya siku ",{"t":"idOrVar","v":"value"}],"two":["baada ya siku ",{"t":"idOrVar","v":"value"}],"zero":"leo"},"$x":[{"t":"idOrVar","v":"plural"},"value"]},{"$i":"weeks-until-long","$v":{"few":["baada ya wiki ",{"t":"idOrVar","v":"value"}],"many":["baada ya wiki ",{"t":"idOrVar","v":"value"}],"one":"wiki ijayo","other":["baada ya wiki ",{"t":"idOrVar","v":"value"}],"two":["baada ya wiki ",{"t":"idOrVar","v":"value"}],"zero":"wiki hii"},"$x":[{"t":"idOrVar","v":"plural"},"value"]},{"$i":"months-until-long","$v":{"few":["baada ya miezi ",{"t":"idOrVar","v":"value"}],"many":["baada ya miezi ",{"t":"idOrVar","v":"value"}],"one":"mwezi ujao","other":["baada ya miezi ",{"t":"idOrVar","v":"value"}],"two":["baada ya miezi ",{"t":"idOrVar","v":"value"}],"zero":"mwezi huu"},"$x":[{"t":"idOrVar","v":"plural"},"value"]},{"$i":"years-until-long","$v":{"few":["baada ya miaka ",{"t":"idOrVar","v":"value"}],"many":["baada ya miaka ",{"t":"idOrVar","v":"value"}],"one":"mwaka ujao","other":["baada ya miaka ",{"t":"idOrVar","v":"value"}],"two":["baada ya miaka ",{"t":"idOrVar","v":"value"}],"zero":"mwaka huu"},"$x":[{"t":"idOrVar","v":"plural"},"value"]},{"$i":"minutes-ago-short","$v":{"other":["dakika ",{"t":"idOrVar","v":"value"}," iliyopita"],"zero":"sasa hivi tu"},"$x":[{"t":"idOrVar","v":"plural"},"value"]},{"$i":"hours-ago-short","$v":{"other":["saa ",{"t":"idOrVar","v":"value"}," iliyopita"],"zero":"sasa hivi tu"},"$x":[{"t":"idOrVar","v":"plural"},"value"]},{"$i":"days-ago-short","$v":{"other":["Siku ",{"t":"idOrVar","v":"value"}," iliyopita"],"zero":"leo"},"$x":[{"t":"idOrVar","v":"plural"},"value"]},{"$i":"minutes-until-short","$v":{"other":["baada ya dakika ",{"t":"idOrVar","v":"value"}],"zero":"sasa hivi"},"$x":[{"t":"idOrVar","v":"plural"},"value"]},{"$i":"hours-until-short","$v":{"other":["baada ya saa ",{"t":"idOrVar","v":"value"}],"zero":"sasa hivi"},"$x":[{"t":"idOrVar","v":"plural"},"value"]},{"$i":"days-until-short","$v":{"other":["baada ya siku ",{"t":"idOrVar","v":"value"}],"zero":"leo"},"$x":[{"t":"idOrVar","v":"plural"},"value"]},{"$i":"incorrectDate","$v":"(Tarehe isiyo sahihi)"},{"$i":"dateTimeFormat_%c","$v":"%a %b %e %Y %I:%M:%S %p"},{"$i":"dateTimeFormat_%x","$v":"%m/%d/%Y"},{"$i":"dateTimeFormat_%X","$v":"%I:%M:%S %p"},{"$i":"shortTimeFormat","$v":"%I:%M %p"},{"$i":"shortTimeFormat12","$v":"%I:%M %p"},{"$i":"shortTimeFormat24","$v":"%H:%M"},{"$i":"shortDateTimeFormat","$v":"%x %I:%M %p"},{"$i":"weekStartsOnMonday","$v":"0"},{"$i":"firstDayOfTheWeek","$v":"0"},{"$i":"time_am","$v":"Asubuhi"},{"$i":"time_pm","$v":"PM"}]