[{"$i":"filemanager","$v":"ஃபைல் மேனேஜர்"},{"$i":"internal","$v":"இன்டர்னல்"},{"$i":"sdcard","$v":"SD கார்டு"},{"$i":"no-files","$v":"இந்த ஃபோல்டர் காலியாக உள்ளது."},{"$i":"not-support-header","$v":"திறக்க இயலவில்லை"},{"$i":"not-support-content","$v":"இந்த ஃபைல் வடிவமைப்பு தவறானது அல்லது ஆதரிக்கப்படவில்லை."},{"$i":"confirmation-header","$v":"உறுதிப்படுத்துதல்"},{"$i":"delete-file-content","$v":[{"t":"idOrVar","v":"fileName"}," ஃபைல்-ஐ நீக்க வேண்டுமா?"]},{"$i":"delete-folder-content","$v":["தேர்ந்தெடுக்கப்பட்ட ஃபோல்டர்-இல் உள்ள எல்லா ஐட்டம்-களும் நீக்கப்படும். ",{"t":"idOrVar","v":"fileName"}," ஃபோல்டர்-ஐ நீக்கவா?"]},{"$i":"copy-move-header","$v":"இலக்கு ஃபோல்டர்-ஐ தேர்ந்தெடுக்கவும்"},{"$i":"number-selected","$v":{"zero":[{"t":"idOrVar","v":"number"}," Selected"],"one":[{"t":"idOrVar","v":"number"}," Selected "],"two":[{"t":"idOrVar","v":"number"}," Selected"],"few":[{"t":"idOrVar","v":"number"}," Selected"],"many":[{"t":"idOrVar","v":"number"}," Selected"],"other":[{"t":"idOrVar","v":"number"}," Selected"]},"$x":[{"t":"idOrVar","v":"plural"},"number"]},{"$i":"delete-all-folder","$v":"தேர்ந்தெடுக்கப்பட்ட ஃபோல்டர்-இல் உள்ள எல்லா ஐட்டம்-களும் நீக்கப்படும். தேர்ந்தெடுக்கப்பட்ட ஐட்டம்-களை நீக்கவா?"},{"$i":"delete-all-file","$v":"தேர்ந்தெடுக்கப்பட்ட ஃபைல்களை நீக்கவா?"},{"$i":"search-in","$v":"இதில் தேடுகிறது"},{"$i":"search-current","$v":"தற்போதைய ஃபோல்டர் மட்டும்"},{"$i":"search-internal","$v":"இன்டர்னல்"},{"$i":"search-sdcard","$v":"SD கார்டு"},{"$i":"search-header","$v":["தேடல்: ",{"t":"idOrVar","v":"keyword"}]},{"$i":"file-exist","$v":["இந்த இடத்தில் ஏற்கனவே ",{"t":"idOrVar","v":"fileName"}," உள்ளது. இரண்டு ஐட்டம்-களையும் வைத்திருக்க வேண்டுமா?"]},{"$i":"paste-error","$v":"ஒரு ஃபோல்டர்-ஐ அதற்குள்ளேயே பேஸ்ட் செய்ய முடியாது."},{"$i":"move-error","$v":"ஒரு ஃபோல்டர்-ஐ அதற்குள்ளேயே நகர்த்த முடியாது."},{"$i":"new-folder-error","$v":[{"t":"idOrVar","v":"folderName"}," என்ற பெயர் ஏற்கனவே எடுக்கப்பட்டது. மற்றொரு பெயரை தேர்வு செய்யவும்."]},{"$i":"searching","$v":"தேடுகிறது..."},{"$i":"loading","$v":"லோடிங்..."},{"$i":"search-empty","$v":"கிடைக்கவில்லை"},{"$i":"unsupport-folder-name","$v":{"$o":"ஆதரிக்கப்படாத எழுத்துகள் கொண்ட பெயரை பயன்படுத்த முடியாது: \\/:*?\"<>|"}},{"$i":"new-folder-invalid","$v":["பெயர் ",{"t":"idOrVar","v":"folderName"}," தவறானது. மற்றொரு பெயரை தேர்வுசெய்யவும்."]},{"$i":"progress-head-copy","$v":"காப்பி செய்கிறது"},{"$i":"progress-content-copy","$v":{"$o":"ஐட்டம்-ஐ காப்பி செய்கிறது&#10;"}},{"$i":"progress-head-move","$v":"நகர்த்துகிறது"},{"$i":"progress-content-move","$v":"ஐட்டம்-ஐ நகர்த்துகிறது"},{"$i":"unsupport-copy","$v":{"$o":"Cannot copy a file with the name containing unsupported characters: \\/:*?\"<>|"}},{"$i":"unsupport-move","$v":{"$o":"Cannot move a file with the name containing unsupported characters: \\/:*?\"<>|"}},{"$i":"open","$v":"திற"},{"$i":"options","$v":"விருப்பங்கள்"},{"$i":"ok","$v":"சரி"},{"$i":"cancel","$v":"ரத்து செய்க"},{"$i":"paste","$v":"பேஸ்ட் செய்யவும்"},{"$i":"select","$v":"தேர்ந்தெடு"},{"$i":"deselect","$v":"தேர்வுநீக்கு"},{"$i":"replace","$v":"மாற்றவும்"},{"$i":"keep-both","$v":"இரண்டையும் வைத்திருக்கவும்"},{"$i":"delete","$v":"நீக்கு"},{"$i":"copy","$v":"காப்பி"},{"$i":"move","$v":"நகர்த்தவும்"},{"$i":"rename","$v":"மறுபெயரிடு"},{"$i":"select-items","$v":"ஐட்டம்-களை தேர்ந்தெடுக்கவும்"},{"$i":"new-folder","$v":"புதிய ஃபோல்டர்"},{"$i":"search","$v":"தேடு"},{"$i":"refresh","$v":"புதுப்பி"},{"$i":"details","$v":"விவரங்கள்"},{"$i":"share","$v":"பகிர்"},{"$i":"select-all","$v":"அனைத்தையும் தேர்ந்தெடு"},{"$i":"deselect-all","$v":"அனைத்தையும் தேர்வுநீக்கு"},{"$i":"detail-header","$v":"விவரங்கள்"},{"$i":"detail-name","$v":"பெயர்"},{"$i":"detail-location","$v":"லொக்கேஷன்"},{"$i":"detail-type","$v":"வகை"},{"$i":"detail-created","$v":"உருவாக்கப்பட்டது"},{"$i":"detail-size","$v":"அளவு"},{"$i":"folder","$v":"ஃபோல்டர்"},{"$i":"type-unknow","$v":"unknow"},{"$i":"B","$v":"B"},{"$i":"KB","$v":"KB"},{"$i":"MB","$v":"MB"},{"$i":"GB","$v":"GB"},{"$i":"weekday-0-long","$v":"ஞாயிறுக்கிழமை"},{"$i":"weekday-1-long","$v":"திங்கள்"},{"$i":"weekday-2-long","$v":"செவ்வாய்க்கிழமை"},{"$i":"weekday-3-long","$v":"புதன்கிழமை"},{"$i":"weekday-4-long","$v":"வியாழக்கிழமை"},{"$i":"weekday-5-long","$v":"வெள்ளி"},{"$i":"weekday-6-long","$v":"சனிக்கிழமை"},{"$i":"weekday-0-short","$v":"ஞாயிறுக்கிழமை"},{"$i":"weekday-1-short","$v":"திங்கள்"},{"$i":"weekday-2-short","$v":"செவ்வாய்க்கிழமை"},{"$i":"weekday-3-short","$v":"புதன்கிழமை"},{"$i":"weekday-4-short","$v":"வியாழன்"},{"$i":"weekday-5-short","$v":"வெள்ளி"},{"$i":"weekday-6-short","$v":"சனிக்கிழமை"},{"$i":"month-0-long","$v":"ஜனவரி"},{"$i":"month-1-long","$v":"பிப்ரவரி"},{"$i":"month-2-long","$v":"மார்ச்"},{"$i":"month-3-long","$v":"ஏப்ரல்"},{"$i":"month-4-long","$v":"மே"},{"$i":"month-5-long","$v":"ஜூன்"},{"$i":"month-6-long","$v":"ஜூலை"},{"$i":"month-7-long","$v":"ஆகஸ்ட்"},{"$i":"month-8-long","$v":"செப்டம்பர்"},{"$i":"month-9-long","$v":"அக்டோபர்"},{"$i":"month-10-long","$v":"நவம்பர்"},{"$i":"month-11-long","$v":"டிசம்பர்"},{"$i":"month-0-genitive","$v":"ஜனவரி"},{"$i":"month-1-genitive","$v":"பிப்ரவரி"},{"$i":"month-2-genitive","$v":"மார்ச்"},{"$i":"month-3-genitive","$v":"ஏப்ரல்"},{"$i":"month-4-genitive","$v":"மே"},{"$i":"month-5-genitive","$v":"ஜூன்"},{"$i":"month-6-genitive","$v":"ஜூலை"},{"$i":"month-7-genitive","$v":"ஆகஸ்ட்"},{"$i":"month-8-genitive","$v":"செப்டம்பர்"},{"$i":"month-9-genitive","$v":"அக்டோபர்"},{"$i":"month-10-genitive","$v":"நவம்பர்"},{"$i":"month-11-genitive","$v":"டிசம்பர்"},{"$i":"month-0-short","$v":"ஜனவரி"},{"$i":"month-1-short","$v":"பிப்ரவரி"},{"$i":"month-2-short","$v":"மார்ச்"},{"$i":"month-3-short","$v":"ஏப்ரல்"},{"$i":"month-4-short","$v":"மே"},{"$i":"month-5-short","$v":"ஜூன்"},{"$i":"month-6-short","$v":"ஜூலை"},{"$i":"month-7-short","$v":"ஆகஸ்ட்"},{"$i":"month-8-short","$v":"செப்டம்பர்"},{"$i":"month-9-short","$v":"அக்டோபர்"},{"$i":"month-10-short","$v":"நவம்பர்"},{"$i":"month-11-short","$v":"டிசம்பர்"},{"$i":"minutes-ago-long","$v":{"few":[{"t":"idOrVar","v":"value"}," நிமிடங்களுக்கு முன்பு"],"many":[{"t":"idOrVar","v":"value"}," நிமிடங்களுக்கு முன்பு"],"one":"ஒரு நிமிடம் முன்பாக","other":[{"t":"idOrVar","v":"value"}," நிமிடங்களுக்கு முன்பு"],"two":[{"t":"idOrVar","v":"value"}," நிமிடங்களுக்கு முன்பு"],"zero":"இப்போது தான்"},"$x":[{"t":"idOrVar","v":"plural"},"value"]},{"$i":"hours-ago-long","$v":{"few":[{"t":"idOrVar","v":"value"}," மணிநேரங்களுக்கு முன்பு"],"many":[{"t":"idOrVar","v":"value"}," மணிநேரங்களுக்கு முன்பு"],"one":"ஒரு மணிநேரம் முன்பாக","other":[{"t":"idOrVar","v":"value"}," மணிநேரங்களுக்கு முன்பு"],"two":[{"t":"idOrVar","v":"value"}," மணிநேரங்களுக்கு முன்பு"],"zero":"இப்போது தான்"},"$x":[{"t":"idOrVar","v":"plural"},"value"]},{"$i":"days-ago-long","$v":{"few":[{"t":"idOrVar","v":"value"}," நாட்களுக்கு முன்பு"],"many":[{"t":"idOrVar","v":"value"}," நாட்களுக்கு முன்பு"],"one":"நேற்று","other":[{"t":"idOrVar","v":"value"}," நாட்களுக்கு முன்பு"],"two":[{"t":"idOrVar","v":"value"}," நாட்களுக்கு முன்பு"],"zero":"இன்று"},"$x":[{"t":"idOrVar","v":"plural"},"value"]},{"$i":"weeks-ago-long","$v":{"few":[{"t":"idOrVar","v":"value"}," வாரங்களுக்கு முன்பு"],"many":[{"t":"idOrVar","v":"value"}," வாரங்களுக்கு முன்பு"],"one":"கடந்த வாரம்","other":[{"t":"idOrVar","v":"value"}," வாரங்களுக்கு முன்பு"],"two":[{"t":"idOrVar","v":"value"}," வாரங்களுக்கு முன்பு"],"zero":"இந்த வாரம்"},"$x":[{"t":"idOrVar","v":"plural"},"value"]},{"$i":"months-ago-long","$v":{"few":[{"t":"idOrVar","v":"value"}," மாதங்களுக்கு முன்பு"],"many":[{"t":"idOrVar","v":"value"}," மாதங்களுக்கு முன்பு"],"one":"கடந்த மாதம்","other":[{"t":"idOrVar","v":"value"}," மாதங்களுக்கு முன்பு"],"two":[{"t":"idOrVar","v":"value"}," மாதங்களுக்கு முன்பு"],"zero":"இந்த மாதம்"},"$x":[{"t":"idOrVar","v":"plural"},"value"]},{"$i":"years-ago-long","$v":{"few":[{"t":"idOrVar","v":"value"}," வருடங்களுக்கு முன்பு"],"many":[{"t":"idOrVar","v":"value"}," வருடங்களுக்கு முன்பு"],"one":"கடந்த வருடம்","other":[{"t":"idOrVar","v":"value"}," வருடங்களுக்கு முன்பு"],"two":[{"t":"idOrVar","v":"value"}," வருடங்களுக்கு முன்பு"],"zero":"இந்த வருடம்"},"$x":[{"t":"idOrVar","v":"plural"},"value"]},{"$i":"minutes-until-long","$v":{"few":[{"t":"idOrVar","v":"value"}," நிமிடங்களில்"],"many":[{"t":"idOrVar","v":"value"}," நிமிடங்களில்"],"one":"ஒரு நிமிடத்தில்","other":[{"t":"idOrVar","v":"value"}," நிமிடங்களில்"],"two":[{"t":"idOrVar","v":"value"}," நிமிடங்களில்"],"zero":"இப்போதே"},"$x":[{"t":"idOrVar","v":"plural"},"value"]},{"$i":"hours-until-long","$v":{"few":[{"t":"idOrVar","v":"value"}," மணிநேரங்களில்"],"many":[{"t":"idOrVar","v":"value"}," மணிநேரங்களில்"],"one":"ஒரு மணிநேரத்தில்","other":[{"t":"idOrVar","v":"value"}," மணிநேரங்களில்"],"two":[{"t":"idOrVar","v":"value"}," மணிநேரங்களில்"],"zero":"இப்போதே"},"$x":[{"t":"idOrVar","v":"plural"},"value"]},{"$i":"days-until-long","$v":{"few":[{"t":"idOrVar","v":"value"}," நாட்களில்"],"many":[{"t":"idOrVar","v":"value"}," நாட்களில்"],"one":"நாளை","other":[{"t":"idOrVar","v":"value"}," நாட்களில்"],"two":[{"t":"idOrVar","v":"value"}," நாட்களில்"],"zero":"இன்று"},"$x":[{"t":"idOrVar","v":"plural"},"value"]},{"$i":"weeks-until-long","$v":{"few":[{"t":"idOrVar","v":"value"}," வாரங்களில்"],"many":[{"t":"idOrVar","v":"value"}," வாரங்களில்"],"one":"அடுத்த வாரம்","other":[{"t":"idOrVar","v":"value"}," வாரங்களில்"],"two":[{"t":"idOrVar","v":"value"}," வாரங்களில்"],"zero":"இந்த வாரம்"},"$x":[{"t":"idOrVar","v":"plural"},"value"]},{"$i":"months-until-long","$v":{"few":[{"t":"idOrVar","v":"value"}," மாதங்களில்"],"many":[{"t":"idOrVar","v":"value"}," மாதங்களில்"],"one":"அடுத்த மாதம்","other":[{"t":"idOrVar","v":"value"}," மாதங்களில்"],"two":[{"t":"idOrVar","v":"value"}," மாதங்களில்"],"zero":"இந்த மாதம்"},"$x":[{"t":"idOrVar","v":"plural"},"value"]},{"$i":"years-until-long","$v":{"few":[{"t":"idOrVar","v":"value"}," வருடங்களில்"],"many":[{"t":"idOrVar","v":"value"}," வருடங்களில்"],"one":"அடுத்த ஆண்டு","other":[{"t":"idOrVar","v":"value"}," வருடங்களில்"],"two":[{"t":"idOrVar","v":"value"}," வருடங்களில்"],"zero":"இந்த வருடம்"},"$x":[{"t":"idOrVar","v":"plural"},"value"]},{"$i":"minutes-ago-short","$v":{"other":[{"t":"idOrVar","v":"value"},"நிமிடம் முன்பு"],"zero":"இப்போது தான்"},"$x":[{"t":"idOrVar","v":"plural"},"value"]},{"$i":"hours-ago-short","$v":{"other":[{"t":"idOrVar","v":"value"},"மணிநேரம் முன்பு"],"zero":"இப்போது தான்"},"$x":[{"t":"idOrVar","v":"plural"},"value"]},{"$i":"days-ago-short","$v":{"other":[{"t":"idOrVar","v":"value"},"நாள் முன்பு"],"zero":"இன்று"},"$x":[{"t":"idOrVar","v":"plural"},"value"]},{"$i":"minutes-until-short","$v":{"other":[{"t":"idOrVar","v":"value"},"நிமிடத்தில் "],"zero":"இப்போதே"},"$x":[{"t":"idOrVar","v":"plural"},"value"]},{"$i":"hours-until-short","$v":{"other":[{"t":"idOrVar","v":"value"},"மணிநேரத்தில்"],"zero":"இப்போதே"},"$x":[{"t":"idOrVar","v":"plural"},"value"]},{"$i":"days-until-short","$v":{"other":[{"t":"idOrVar","v":"value"},"நாள் இல்"],"zero":"இன்று"},"$x":[{"t":"idOrVar","v":"plural"},"value"]},{"$i":"incorrectDate","$v":"(தவறான தேதி)"},{"$i":"dateTimeFormat_%c","$v":"%a %b %e %Y %I:%M:%S %p"},{"$i":"dateTimeFormat_%x","$v":"%m/%d/%Y"},{"$i":"dateTimeFormat_%X","$v":"%I:%M:%S %p"},{"$i":"shortTimeFormat","$v":"%I:%M %p"},{"$i":"shortTimeFormat12","$v":"%I:%M %p"},{"$i":"shortTimeFormat24","$v":"%H:%M"},{"$i":"shortDateTimeFormat","$v":"%x %I:%M %p"},{"$i":"weekStartsOnMonday","$v":"0"},{"$i":"firstDayOfTheWeek","$v":"0"},{"$i":"time_am","$v":"AM"},{"$i":"time_pm","$v":"PM"}]