[{"$i":"filemanager","$v":"การจัดการไฟล์"},{"$i":"internal","$v":"ภายใน"},{"$i":"sdcard","$v":"การ์ด SD"},{"$i":"no-files","$v":"โฟลเดอร์นี้ว่างเปล่า"},{"$i":"not-support-header","$v":"ไม่สามารถเปิด"},{"$i":"not-support-content","$v":"รูปแบบไฟล์ไม่ถูกต้องหรือไม่รองรับ"},{"$i":"confirmation-header","$v":"การยืนยัน"},{"$i":"delete-file-content","$v":["ลบไฟล์ ",{"t":"idOrVar","v":"fileName"}," หรือไม่"]},{"$i":"delete-folder-content","$v":["รายการทั้งหมดในโฟลเดอร์ที่เลือกจะถูกลบ ลบโฟลเดอร์ ",{"t":"idOrVar","v":"fileName"}," หรือไม่"]},{"$i":"copy-move-header","$v":"เลือกโฟลเดอร์เป้าหมาย"},{"$i":"number-selected","$v":{"zero":[{"t":"idOrVar","v":"number"}," Selected"],"one":[{"t":"idOrVar","v":"number"}," Selected "],"two":[{"t":"idOrVar","v":"number"}," Selected"],"few":[{"t":"idOrVar","v":"number"}," Selected"],"many":[{"t":"idOrVar","v":"number"}," Selected"],"other":[{"t":"idOrVar","v":"number"}," Selected"]},"$x":[{"t":"idOrVar","v":"plural"},"number"]},{"$i":"delete-all-folder","$v":"รายการทั้งหมดในโฟลเดอร์ที่เลือกจะถูกลบ ลบรายการที่เลือกหรือไม่"},{"$i":"delete-all-file","$v":"ลบไฟล์ที่เลือกหรือไม่"},{"$i":"search-in","$v":"กำลังค้นหาใน"},{"$i":"search-current","$v":"เฉพาะโฟลเดอร์ปัจจุบันเท่านั้น"},{"$i":"search-internal","$v":"ภายใน"},{"$i":"search-sdcard","$v":"การ์ด SD"},{"$i":"search-header","$v":["ค้นหา: ",{"t":"idOrVar","v":"keyword"}]},{"$i":"file-exist","$v":["มีไฟล์ ",{"t":"idOrVar","v":"fileName"}," อยู่แล้วใยตำแหน่งที่ตั้งนี้ เก็บทั้งคู่หรือไม่"]},{"$i":"paste-error","$v":"ไม่สามารถวางโฟลเดอร์ในโฟลเดอร์เดิมได้"},{"$i":"move-error","$v":"ไม่สามารถย้ายโฟลเดอร์ไปยังโฟลเดอร์เดิมได้"},{"$i":"new-folder-error","$v":["มีโฟลเดอร์อื่นที่ชื่อ ",{"t":"idOrVar","v":"folderName"}," อยู่แล้ว เลือกชื่ออื่น"]},{"$i":"searching","$v":"กำลังค้นหา..."},{"$i":"loading","$v":"กำลังโหลด..."},{"$i":"search-empty","$v":"ไม่พบ"},{"$i":"unsupport-folder-name","$v":{"$o":"ไม่สามารถใช้ชื่อที่มีอักขระที่ไม่รองรับ: \\/:*?\"<>|"}},{"$i":"new-folder-invalid","$v":["โฟลเดอร์ชื่อ ",{"t":"idOrVar","v":"folderName"}," ไม่ถูกต้อง เลือกชื่ออื่น"]},{"$i":"progress-head-copy","$v":"กำลังคัดลอก"},{"$i":"progress-content-copy","$v":"กำลังคัดลอกรายการ"},{"$i":"progress-head-move","$v":"กำลังย้าย"},{"$i":"progress-content-move","$v":"กำลังย้ายรายการ"},{"$i":"unsupport-copy","$v":{"$o":"คัดลอกไฟล์ที่ชื่อมีตัวอักษรที่ไม่รองรับไม่ได้: \\/:*?\"<>|"}},{"$i":"unsupport-move","$v":{"$o":"ย้ายไฟล์ที่ชื่อมีตัวอักษรที่ไม่รองรับไม่ได้: \\/:*?\"<>|"}},{"$i":"open","$v":"เปิด"},{"$i":"options","$v":"ตัวเลือก"},{"$i":"ok","$v":"ตกลง"},{"$i":"cancel","$v":"ยกเลิก"},{"$i":"paste","$v":"วาง"},{"$i":"select","$v":"เลือก"},{"$i":"deselect","$v":"ยกเลิกการเลือก"},{"$i":"replace","$v":"แทนที่"},{"$i":"keep-both","$v":"เก็บทั้งคู่"},{"$i":"delete","$v":"ลบ"},{"$i":"copy","$v":"คัดลอก"},{"$i":"move","$v":"ย้าย"},{"$i":"rename","$v":"เปลี่ยนชื่อ"},{"$i":"select-items","$v":"เลือกรายการ"},{"$i":"new-folder","$v":"โฟลเดอร์ใหม่"},{"$i":"search","$v":"ค้นหา"},{"$i":"refresh","$v":"รีเฟรช"},{"$i":"details","$v":"รายละเอียด"},{"$i":"share","$v":"แชร์"},{"$i":"select-all","$v":"เลือกทั้งหมด"},{"$i":"deselect-all","$v":"ยกเลิกการเลือกทั้งหมด"},{"$i":"detail-header","$v":"รายละเอียด"},{"$i":"detail-name","$v":"ชื่อ"},{"$i":"detail-location","$v":"ตำแหน่งที่ตั้ง"},{"$i":"detail-type","$v":"พิมพ์"},{"$i":"detail-created","$v":"สร้างเมื่อ"},{"$i":"detail-size","$v":"ขนาด"},{"$i":"folder","$v":"โฟลเดอร์"},{"$i":"type-unknow","$v":"ไม่ทราบ"},{"$i":"B","$v":"B"},{"$i":"KB","$v":"KB"},{"$i":"MB","$v":"MB"},{"$i":"GB","$v":"GB"},{"$i":"weekday-0-long","$v":"อาทิตย์"},{"$i":"weekday-1-long","$v":"จันทร์"},{"$i":"weekday-2-long","$v":"อังคาร"},{"$i":"weekday-3-long","$v":"พุธ"},{"$i":"weekday-4-long","$v":"พฤหัสบดี"},{"$i":"weekday-5-long","$v":"ศุกร์"},{"$i":"weekday-6-long","$v":"เสาร์"},{"$i":"weekday-0-short","$v":"อาทิตย์"},{"$i":"weekday-1-short","$v":"จันทร์"},{"$i":"weekday-2-short","$v":"อังคาร"},{"$i":"weekday-3-short","$v":"พุธ"},{"$i":"weekday-4-short","$v":"พฤหัสบดี"},{"$i":"weekday-5-short","$v":"ศุกร์"},{"$i":"weekday-6-short","$v":"เสาร์"},{"$i":"month-0-long","$v":"มกราคม"},{"$i":"month-1-long","$v":"กุมภาพันธ์"},{"$i":"month-2-long","$v":"มีนาคม"},{"$i":"month-3-long","$v":"เมษายน"},{"$i":"month-4-long","$v":"พฤษภาคม"},{"$i":"month-5-long","$v":"มิถุนายน"},{"$i":"month-6-long","$v":"กรกฎาคม"},{"$i":"month-7-long","$v":"สิงหาคม"},{"$i":"month-8-long","$v":"กันยายน"},{"$i":"month-9-long","$v":"ตุลาคม"},{"$i":"month-10-long","$v":"พฤศจิกายน"},{"$i":"month-11-long","$v":"ธันวาคม"},{"$i":"month-0-genitive","$v":"มกราคม"},{"$i":"month-1-genitive","$v":"กุมภาพันธ์"},{"$i":"month-2-genitive","$v":"มีนาคม"},{"$i":"month-3-genitive","$v":"เมษายน"},{"$i":"month-4-genitive","$v":"พฤษภาคม"},{"$i":"month-5-genitive","$v":"มิถุนายน"},{"$i":"month-6-genitive","$v":"กรกฎาคม"},{"$i":"month-7-genitive","$v":"สิงหาคม"},{"$i":"month-8-genitive","$v":"กันยายน"},{"$i":"month-9-genitive","$v":"ตุลาคม"},{"$i":"month-10-genitive","$v":"พฤศจิกายน"},{"$i":"month-11-genitive","$v":"ธันวาคม"},{"$i":"month-0-short","$v":"ม.ค."},{"$i":"month-1-short","$v":"ก.พ."},{"$i":"month-2-short","$v":"มี.ค."},{"$i":"month-3-short","$v":"เม.ย."},{"$i":"month-4-short","$v":"พ.ค."},{"$i":"month-5-short","$v":"มิ.ย."},{"$i":"month-6-short","$v":"ก.ค."},{"$i":"month-7-short","$v":"ส.ค."},{"$i":"month-8-short","$v":"ก.ย."},{"$i":"month-9-short","$v":"ต.ค."},{"$i":"month-10-short","$v":"พ.ย."},{"$i":"month-11-short","$v":"ธ.ค."},{"$i":"minutes-ago-long","$v":{"few":[{"t":"idOrVar","v":"value"}," นาทีที่แล้ว"],"many":[{"t":"idOrVar","v":"value"}," นาทีที่แล้ว"],"one":"1 นาทีที่แล้ว","other":[{"t":"idOrVar","v":"value"}," นาทีที่แล้ว"],"two":[{"t":"idOrVar","v":"value"}," นาทีที่แล้ว"],"zero":"เมื่อสักครู่"},"$x":[{"t":"idOrVar","v":"plural"},"value"]},{"$i":"hours-ago-long","$v":{"few":[{"t":"idOrVar","v":"value"}," ชั่วโมงที่แล้ว"],"many":[{"t":"idOrVar","v":"value"}," ชั่วโมงที่แล้ว"],"one":"ชั่วโมงที่แล้ว","other":[{"t":"idOrVar","v":"value"}," ชั่วโมงที่แล้ว"],"two":[{"t":"idOrVar","v":"value"}," ชั่วโมงที่แล้ว"],"zero":"เมื่อสักครู่"},"$x":[{"t":"idOrVar","v":"plural"},"value"]},{"$i":"days-ago-long","$v":{"few":[{"t":"idOrVar","v":"value"}," วันที่แล้ว"],"many":[{"t":"idOrVar","v":"value"}," วันที่แล้ว"],"one":"เมื่อวานนี้","other":[{"t":"idOrVar","v":"value"}," วันที่แล้ว"],"two":[{"t":"idOrVar","v":"value"}," วันที่แล้ว"],"zero":"วันนี้"},"$x":[{"t":"idOrVar","v":"plural"},"value"]},{"$i":"weeks-ago-long","$v":{"few":[{"t":"idOrVar","v":"value"}," สัปดาห์ที่แล้ว"],"many":[{"t":"idOrVar","v":"value"}," สัปดาห์ที่แล้ว"],"one":"สัปดาห์ที่แล้ว","other":[{"t":"idOrVar","v":"value"}," สัปดาห์ที่แล้ว"],"two":[{"t":"idOrVar","v":"value"}," สัปดาห์ที่แล้ว"],"zero":"สัปดาห์นี้"},"$x":[{"t":"idOrVar","v":"plural"},"value"]},{"$i":"months-ago-long","$v":{"few":[{"t":"idOrVar","v":"value"}," เดือนที่แล้ว"],"many":[{"t":"idOrVar","v":"value"}," เดือนที่แล้ว"],"one":"เดือนที่แล้ว","other":[{"t":"idOrVar","v":"value"}," เดือนที่แล้ว"],"two":[{"t":"idOrVar","v":"value"}," เดือนที่แล้ว"],"zero":"เดือนนี้"},"$x":[{"t":"idOrVar","v":"plural"},"value"]},{"$i":"years-ago-long","$v":{"few":[{"t":"idOrVar","v":"value"}," ปีที่แล้ว"],"many":[{"t":"idOrVar","v":"value"}," ปีที่แล้ว"],"one":"ปีที่แล้ว","other":[{"t":"idOrVar","v":"value"}," ปีที่แล้ว"],"two":[{"t":"idOrVar","v":"value"}," ปีที่แล้ว"],"zero":"ปีนี้"},"$x":[{"t":"idOrVar","v":"plural"},"value"]},{"$i":"minutes-until-long","$v":{"few":["ใน ",{"t":"idOrVar","v":"value"}," นาที"],"many":["ใน ",{"t":"idOrVar","v":"value"}," นาที"],"one":"ใน 1 นาที","other":["ใน ",{"t":"idOrVar","v":"value"}," นาที"],"two":["ใน ",{"t":"idOrVar","v":"value"}," นาที"],"zero":"ตอนนี้"},"$x":[{"t":"idOrVar","v":"plural"},"value"]},{"$i":"hours-until-long","$v":{"few":["ใน ",{"t":"idOrVar","v":"value"}," ชั่วโมง"],"many":["ใน ",{"t":"idOrVar","v":"value"}," ชั่วโมง"],"one":"ใน 1 ชั่วโมง","other":["ใน ",{"t":"idOrVar","v":"value"}," ชั่วโมง"],"two":["ใน ",{"t":"idOrVar","v":"value"}," ชั่วโมง"],"zero":"ตอนนี้"},"$x":[{"t":"idOrVar","v":"plural"},"value"]},{"$i":"days-until-long","$v":{"few":["ใน ",{"t":"idOrVar","v":"value"}," วัน"],"many":["ใน ",{"t":"idOrVar","v":"value"}," วัน"],"one":"พรุ่งนี้","other":["ใน ",{"t":"idOrVar","v":"value"}," วัน"],"two":["ใน ",{"t":"idOrVar","v":"value"}," วัน"],"zero":"วันนี้"},"$x":[{"t":"idOrVar","v":"plural"},"value"]},{"$i":"weeks-until-long","$v":{"few":["ใน ",{"t":"idOrVar","v":"value"}," สัปดาห์"],"many":["ใน ",{"t":"idOrVar","v":"value"}," สัปดาห์"],"one":"สัปดาห์ถัดไป","other":["ใน ",{"t":"idOrVar","v":"value"}," สัปดาห์"],"two":["ใน ",{"t":"idOrVar","v":"value"}," สัปดาห์"],"zero":"สัปดาห์นี้"},"$x":[{"t":"idOrVar","v":"plural"},"value"]},{"$i":"months-until-long","$v":{"few":["ใน ",{"t":"idOrVar","v":"value"}," เดือน"],"many":["ใน ",{"t":"idOrVar","v":"value"}," เดือน"],"one":"เดือนถัดไป","other":["ใน ",{"t":"idOrVar","v":"value"}," เดือน"],"two":["ใน ",{"t":"idOrVar","v":"value"}," เดือน"],"zero":"เดือนนี้"},"$x":[{"t":"idOrVar","v":"plural"},"value"]},{"$i":"years-until-long","$v":{"few":["ใน ",{"t":"idOrVar","v":"value"}," ปี"],"many":["ใน ",{"t":"idOrVar","v":"value"}," ปี"],"one":"ปีถัดไป","other":["ใน ",{"t":"idOrVar","v":"value"}," ปี"],"two":["ใน ",{"t":"idOrVar","v":"value"}," ปี"],"zero":"ปีนี้"},"$x":[{"t":"idOrVar","v":"plural"},"value"]},{"$i":"minutes-ago-short","$v":{"other":[{"t":"idOrVar","v":"value"}," นาทีที่แล้ว"],"zero":"เมื่อสักครู่"},"$x":[{"t":"idOrVar","v":"plural"},"value"]},{"$i":"hours-ago-short","$v":{"other":[{"t":"idOrVar","v":"value"}," ชั่วโมงที่แล้ว"],"zero":"เมื่อสักครู่"},"$x":[{"t":"idOrVar","v":"plural"},"value"]},{"$i":"days-ago-short","$v":{"other":[{"t":"idOrVar","v":"value"}," วันที่แล้ว"],"zero":"วันนี้"},"$x":[{"t":"idOrVar","v":"plural"},"value"]},{"$i":"minutes-until-short","$v":{"other":["ใน ",{"t":"idOrVar","v":"value"}," นาที"],"zero":"ตอนนี้"},"$x":[{"t":"idOrVar","v":"plural"},"value"]},{"$i":"hours-until-short","$v":{"other":["ใน ",{"t":"idOrVar","v":"value"}," ชั่วโมง"],"zero":"ตอนนี้"},"$x":[{"t":"idOrVar","v":"plural"},"value"]},{"$i":"days-until-short","$v":{"other":["ใน ",{"t":"idOrVar","v":"value"}," วัน"],"zero":"วันนี้"},"$x":[{"t":"idOrVar","v":"plural"},"value"]},{"$i":"incorrectDate","$v":"(วันที่ไม่ถูกต้อง)"},{"$i":"dateTimeFormat_%c","$v":"%a %b %e %Y %I:%M:%S %p"},{"$i":"dateTimeFormat_%x","$v":"%m/%d/%Y"},{"$i":"dateTimeFormat_%X","$v":"%I:%M:%S %p"},{"$i":"shortTimeFormat","$v":"%I:%M %p"},{"$i":"shortTimeFormat12","$v":"%I:%M %p"},{"$i":"shortTimeFormat24","$v":"%H:%M"},{"$i":"shortDateTimeFormat","$v":"%x %I:%M %p"},{"$i":"weekStartsOnMonday","$v":"0"},{"$i":"firstDayOfTheWeek","$v":"0"},{"$i":"time_am","$v":"AM"},{"$i":"time_pm","$v":"PM"}]