[{"$i":"install-marketplace-title","$v":["Installeer ",{"t":"idOrVar","v":"title"}]},{"$i":"no-sites-description","$v":"Geen webwerwe hier. Druk Soekknoppie om te begin."},{"$i":"history","$v":"GESKIEDENIS"},{"$i":"top-sites","$v":"top webwerwe"},{"$i":"top-sites-tab","$v":"top webwerwe"},{"$i":"history-tab","$v":"GESKIEDENIS"},{"$i":"suggestions","ariaLabel":"Voorstelle"},{"$i":"contacts","ariaLabel":"Kontakte"},{"$i":"places","ariaLabel":"Plekke"},{"$i":"apps","ariaLabel":"Toepassings"},{"$i":"suggestions-settings-notice","innerHTML":{"$o":"Soekvoorstelle is geaktiveer. Die karakters wat jy intik wanneer jy soek word aan die soekenjin gestuur. Jy kan soekvoorstelle in die toestel deaktiveer <span id=\"settings-link\">Instellings</span>."}},{"$i":"ok","$v":"Goed"},{"$i":"search","$v":"Deursoek"},{"$i":"go","$v":"Gaan"},{"$i":"options","$v":"Opsies"},{"$i":"pin","$v":"PIN"},{"$i":"unpin","$v":"Onpen"},{"$i":"remove","$v":"Verwyder"},{"$i":"cancel","$v":"Kanselleer"},{"$i":"clear-all","$v":"Wis alles"},{"$i":"clear","$v":"Wis"},{"$i":"add-to-home-screen","label":"Voeg by tot tuisskerm"},{"$i":"offline-message","$v":"Geen internetverbinding nie"},{"$i":"pinnedSitesOverLimit","$v":"Jy het die maksimum hoeveelheid vasgedrukde webwerwe bereik."},{"$i":"confirm-to-unpin-website","$v":["Wil jy die ",{"t":"idOrVar","v":"title"},"-webwerf afhaal?"]},{"$i":"confirm-to-clear-all-browsing-history","$v":"Wil jy die blaaigeskiedenis  uitvee?"},{"$i":"confirmation","$v":"Bevestiging"},{"$i":"future","$v":"TOEKOMS"},{"$i":"today","$v":"VANDAG"},{"$i":"yesterday","$v":"GISTER"},{"$i":"last-7-days","$v":"LAASTE 7 DAE"},{"$i":"this-month","$v":"HIERDIE MAAND"},{"$i":"last-6-months","$v":"LAASTE 6 MAANDE"},{"$i":"older-than-6-months","$v":"OUER AS 6 MAANDE"},{"$i":"month-0","$v":"JANUARIE"},{"$i":"month-1","$v":"FEBRUARIE"},{"$i":"month-2","$v":"MAART"},{"$i":"month-3","$v":"APRIL"},{"$i":"month-4","$v":"MEI"},{"$i":"month-5","$v":"JUNIE"},{"$i":"month-6","$v":"JULIE"},{"$i":"month-7","$v":"AUGUSTUS"},{"$i":"month-8","$v":"SEPTEMBER"},{"$i":"month-9","$v":"OKTOBER"},{"$i":"month-10","$v":"NOVEMBER"},{"$i":"month-11","$v":"DESEMBER"},{"$i":"search-header","$v":[{"t":"idOrVar","v":"provider"}," SOEK"]},{"$i":"new-private-window","$v":"Geen privaat venster"},{"$i":"gaia-grid-stop-download-title","$v":["Stop ",{"t":"idOrVar","v":"name"}]},{"$i":"gaia-grid-stop-download-body","$v":"Wil jy die aflaai wat aan die gang is stop?"},{"$i":"gaia-grid-stop-download-action","$v":"Stop"},{"$i":"gaia-grid-resume-download-title","$v":"Begin Aflaai weer"},{"$i":"gaia-grid-resume-download-body","$v":["Wil jy ",{"t":"idOrVar","v":"name"}," aflaai?"]},{"$i":"gaia-grid-resume-download-action","$v":"Laai af"},{"$i":"gaia-grid-cancel","$v":"Kanselleer"},{"$i":"gaia-grid-toggle-collapsed","ariaLabel":"Brei groep uit"},{"$i":"gaia-grid-toggle-expanded","ariaLabel":"Laat groep in duie stort"},{"$i":"gaia-grid-enter-group-name","$v":"Voer ‘n groepnaam in"}]