[{"$i":"install-marketplace-title","$v":[{"t":"idOrVar","v":"title"}," quraşdırılsın"]},{"$i":"no-sites-description","$v":"Burada heç bir veb sayt yoxdur, başlamaq üçün Axtarış düyməsini sıxın."},{"$i":"history","$v":"TARİX"},{"$i":"top-sites","$v":"ən yaxşı saytlar"},{"$i":"top-sites-tab","$v":"Populyar Saytlar"},{"$i":"history-tab","$v":"Tarixçə"},{"$i":"suggestions","ariaLabel":"Təklif​lər"},{"$i":"contacts","ariaLabel":"Kontaktlar"},{"$i":"places","ariaLabel":"Yerlər"},{"$i":"apps","ariaLabel":"Proqramlar"},{"$i":"suggestions-settings-notice","innerHTML":{"$o":"Axtarış təklifləri aktivdir. Axtarışa daxil olduqda yazdığınız simvollar axtarış mühərrikinə göndərilir. Cihazda axtarış təkliflərini ləğv edə bilərsiniz <span id=\"settings-link\">Parametrlər</span>."}},{"$i":"ok","$v":"OK"},{"$i":"search","$v":"Axtar"},{"$i":"go","$v":"Get"},{"$i":"options","$v":"Seçimlər"},{"$i":"pin","$v":"Bərkit"},{"$i":"unpin","$v":"Çıxar"},{"$i":"remove","$v":"Sil"},{"$i":"cancel","$v":"Ləğv et"},{"$i":"clear-all","$v":"Hamısını sil"},{"$i":"clear","$v":"Sil"},{"$i":"add-to-home-screen","label":"Ana ekr. əl. et"},{"$i":"offline-message","$v":"Heç bir internet bağlantısı yoxdur"},{"$i":"pinnedSitesOverLimit","$v":"Siz əlavə edilmiş veb saytların maksimum sayına çatdınız."},{"$i":"confirm-to-unpin-website","$v":["Veb sayt ",{"t":"idOrVar","v":"title"}," çıxarılsın?"]},{"$i":"confirm-to-clear-all-browsing-history","$v":"Bütün baxış tarixçəsi silinsin?"},{"$i":"confirmation","$v":"Təsdiq"},{"$i":"future","$v":"GƏLƏCƏK"},{"$i":"today","$v":"BU GÜN"},{"$i":"yesterday","$v":"DÜNƏN"},{"$i":"last-7-days","$v":"SON 7 GÜN"},{"$i":"this-month","$v":"BU AY"},{"$i":"last-6-months","$v":"SON 6 AY"},{"$i":"older-than-6-months","$v":"6 AYDAN ƏVVƏLKİ"},{"$i":"month-0","$v":"YANVAR"},{"$i":"month-1","$v":"FEVRAL"},{"$i":"month-2","$v":"MART"},{"$i":"month-3","$v":"APREL"},{"$i":"month-4","$v":"MAY"},{"$i":"month-5","$v":"İYUN"},{"$i":"month-6","$v":"İYUL"},{"$i":"month-7","$v":"AVQUST"},{"$i":"month-8","$v":"SENTYABR"},{"$i":"month-9","$v":"OKTYABR"},{"$i":"month-10","$v":"NOYABR"},{"$i":"month-11","$v":"DEKABR"},{"$i":"search-header","$v":[{"t":"idOrVar","v":"provider"}," Axtarış"]},{"$i":"new-private-window","$v":"Yeni şəxsi pəncərə"},{"$i":"gaia-grid-stop-download-title","$v":["Bunu dayandır: ",{"t":"idOrVar","v":"name"}]},{"$i":"gaia-grid-stop-download-body","$v":"Davam edən yükləməni saxlamaq istəyirsiniz?"},{"$i":"gaia-grid-stop-download-action","$v":"Dayandır"},{"$i":"gaia-grid-resume-download-title","$v":"Yükləməni Təkrar başla"},{"$i":"gaia-grid-resume-download-body","$v":["Yükləmək istəyirsiniz ",{"t":"idOrVar","v":"name"},"?"]},{"$i":"gaia-grid-resume-download-action","$v":"Yüklə"},{"$i":"gaia-grid-cancel","$v":"Ləğv et"},{"$i":"gaia-grid-toggle-collapsed","ariaLabel":"Qrupu genişləndir"},{"$i":"gaia-grid-toggle-expanded","ariaLabel":"Qrupu dağıt"},{"$i":"gaia-grid-enter-group-name","$v":"Qrup adı daxil et"}]