[{"$i":"install-marketplace-title","$v":["I-install ang ",{"t":"idOrVar","v":"title"}]},{"$i":"no-sites-description","$v":"Walang website dito, pindutin ang button ng Paghahanap upang magsimula."},{"$i":"history","$v":"HISTORY"},{"$i":"top-sites","$v":"mga nangungunang site"},{"$i":"top-sites-tab","$v":"Mga Nangungunang Site"},{"$i":"history-tab","$v":"Kasaysayan"},{"$i":"suggestions","ariaLabel":"Mga Suhestyon"},{"$i":"contacts","ariaLabel":"Mga contact"},{"$i":"places","ariaLabel":"Mga Lugar"},{"$i":"apps","ariaLabel":"Mga App"},{"$i":"suggestions-settings-notice","innerHTML":{"$o":"Naka-enable ang mga suhestyon sa paghahanap. Ipinapadala ang mga character na tina-type mo kapag naglagay ka ng paghahanap sa search engine. Madi-disable mo ang mga suhestyon sa paghahanap sa <span id=\"settings-link\">Mga Setting</span> ng device."}},{"$i":"ok","$v":"OK"},{"$i":"search","$v":"Hanapin"},{"$i":"go","$v":"Go"},{"$i":"options","$v":"Mga Opsyon"},{"$i":"pin","$v":"Pin"},{"$i":"unpin","$v":"I-unpin"},{"$i":"remove","$v":"Alisin"},{"$i":"cancel","$v":"Kanselahin"},{"$i":"clear-all","$v":"I-clear lahat"},{"$i":"clear","$v":"I-clear"},{"$i":"add-to-home-screen","label":"Idagdag sa Homescreen"},{"$i":"offline-message","$v":"Walang koneksyon sa internet"},{"$i":"pinnedSitesOverLimit","$v":"Naabot mo ang maximum na bilang ng mga na-pin na website."},{"$i":"confirm-to-unpin-website","$v":["I-unpin ang ",{"t":"idOrVar","v":"title"}," ng website?"]},{"$i":"confirm-to-clear-all-browsing-history","$v":"I-clear ang history ng pag-browse?"},{"$i":"confirmation","$v":"Kumpirmasyon"},{"$i":"future","$v":"FUTURE"},{"$i":"today","$v":"NGAYON"},{"$i":"yesterday","$v":"KAHAPON"},{"$i":"last-7-days","$v":"NAKALIPAS NA 7 ARAW"},{"$i":"this-month","$v":"NGAYONG BUWAN"},{"$i":"last-6-months","$v":"NAKALIPAS NA 6 NA BUWAN"},{"$i":"older-than-6-months","$v":"MAS MATAGAL SA 6 NA BUWAN"},{"$i":"month-0","$v":"ENERO"},{"$i":"month-1","$v":"PEBRERO"},{"$i":"month-2","$v":"MARSO"},{"$i":"month-3","$v":"ABRIL"},{"$i":"month-4","$v":"MAYO"},{"$i":"month-5","$v":"HUNYO"},{"$i":"month-6","$v":"HULYO"},{"$i":"month-7","$v":"AGOSTO"},{"$i":"month-8","$v":"SETYEMBRE"},{"$i":"month-9","$v":"OKTUBRE"},{"$i":"month-10","$v":"NOBYEMBRE"},{"$i":"month-11","$v":"DISYEMBRE"},{"$i":"search-header","$v":["Paghahanap sa ",{"t":"idOrVar","v":"provider"}]},{"$i":"new-private-window","$v":"Bagong pribadong window"},{"$i":"gaia-grid-stop-download-title","$v":["Ihinto ang ",{"t":"idOrVar","v":"name"}]},{"$i":"gaia-grid-stop-download-body","$v":"Gusto mo bang ihinto ang ginagawang pag-download?"},{"$i":"gaia-grid-stop-download-action","$v":"Ihinto"},{"$i":"gaia-grid-resume-download-title","$v":"I-restart ang Pag-download"},{"$i":"gaia-grid-resume-download-body","$v":["Gusto mo bang i-download ang ",{"t":"idOrVar","v":"name"},"?"]},{"$i":"gaia-grid-resume-download-action","$v":"I-download"},{"$i":"gaia-grid-cancel","$v":"Kanselahin"},{"$i":"gaia-grid-toggle-collapsed","ariaLabel":"I-expand ang pangkat"},{"$i":"gaia-grid-toggle-expanded","ariaLabel":"I-collapse ang pangkat"},{"$i":"gaia-grid-enter-group-name","$v":"Magpasok ng pangalan ng pangkat"}]