[{"$i":"install-marketplace-title","$v":[{"t":"idOrVar","v":"title"}," telepítése"]},{"$i":"no-sites-description","$v":"Nincsenek weboldalak itt, nyomja meg a Keresés gombot a kezdéshez."},{"$i":"history","$v":"ELŐZMÉNYEK"},{"$i":"top-sites","$v":"népszerű oldalak"},{"$i":"top-sites-tab","$v":"népszerű oldalak"},{"$i":"history-tab","$v":"ELŐZMÉNYEK"},{"$i":"suggestions","ariaLabel":"Javaslatok"},{"$i":"contacts","ariaLabel":"Telefonkönyv"},{"$i":"places","ariaLabel":"Helyek"},{"$i":"apps","ariaLabel":"Alkalmazások"},{"$i":"suggestions-settings-notice","innerHTML":{"$o":"A keresési javaslatok engedélyezve vannak. A kereséskor beírt karakterek elküldésre kerülnek a keresőmotorhoz. A keresési javaslatokat kikapcsolhatja az eszközön <span id=\"settings-link\">Beállítások</span>."}},{"$i":"ok","$v":"OK"},{"$i":"search","$v":"keresés"},{"$i":"go","$v":"Mehet"},{"$i":"options","$v":"Opciók"},{"$i":"pin","$v":"Rögzítés"},{"$i":"unpin","$v":"Rögzítés feloldása"},{"$i":"remove","$v":"Eltávolítás"},{"$i":"cancel","$v":"Mégse"},{"$i":"clear-all","$v":"Összes törlése"},{"$i":"clear","$v":"Törlés"},{"$i":"add-to-home-screen","label":"Hozzáadás a kezdőképernyőhöz"},{"$i":"offline-message","$v":"Nincs internetkapcsolat"},{"$i":"pinnedSitesOverLimit","$v":"Elérte a rögzített weboldalak maximális számát."},{"$i":"confirm-to-unpin-website","$v":["Feloldja a(z) ",{"t":"idOrVar","v":"title"}," weboldal rögzítését?"]},{"$i":"confirm-to-clear-all-browsing-history","$v":"Törli az összes böngészési előzményt?"},{"$i":"confirmation","$v":"Megerősítés"},{"$i":"future","$v":"JÖVŐ"},{"$i":"today","$v":"Ma"},{"$i":"yesterday","$v":"Tegnap"},{"$i":"last-7-days","$v":"ELMÚLT 7 NAP"},{"$i":"this-month","$v":"EBBEN A HÓNAPBAN"},{"$i":"last-6-months","$v":"ELMÚLT 6 HÓNAP"},{"$i":"older-than-6-months","$v":"6 HÓNAPNÁL RÉGEBBI"},{"$i":"month-0","$v":"JANUÁR"},{"$i":"month-1","$v":"FEBRUÁR"},{"$i":"month-2","$v":"MÁRCIUS"},{"$i":"month-3","$v":"ÁPRILIS"},{"$i":"month-4","$v":"MÁJUS"},{"$i":"month-5","$v":"JÚNIUS"},{"$i":"month-6","$v":"JÚLIUS"},{"$i":"month-7","$v":"AUGUSZTUS"},{"$i":"month-8","$v":"SZEPTEMBER"},{"$i":"month-9","$v":"OKTÓBER"},{"$i":"month-10","$v":"NOVEMBER"},{"$i":"month-11","$v":"DECEMBER"},{"$i":"search-header","$v":[{"t":"idOrVar","v":"provider"}," KERESÉS"]},{"$i":"new-private-window","$v":"Új privát ablak"},{"$i":"gaia-grid-stop-download-title","$v":[{"t":"idOrVar","v":"name"}," leállítása"]},{"$i":"gaia-grid-stop-download-body","$v":"Meg kívánja szakítani a folyamatban lévő letöltést?"},{"$i":"gaia-grid-stop-download-action","$v":"Leállítás"},{"$i":"gaia-grid-resume-download-title","$v":"Letöltés újraindítása"},{"$i":"gaia-grid-resume-download-body","$v":["Le kívánja tölteni ezt: ",{"t":"idOrVar","v":"name"},"?"]},{"$i":"gaia-grid-resume-download-action","$v":"Letöltés"},{"$i":"gaia-grid-cancel","$v":"Mégse"},{"$i":"gaia-grid-toggle-collapsed","ariaLabel":"Csoport kibontása"},{"$i":"gaia-grid-toggle-expanded","ariaLabel":"Csoport összecsukása"},{"$i":"gaia-grid-enter-group-name","$v":"Csoportnév megadása"}]