[{"$i":"install-marketplace-title","$v":["ინსტალაცია ",{"t":"idOrVar","v":"title"}]},{"$i":"no-sites-description","$v":"ვებგვერდები არ არის აქ, დასაწყებად დააჭირეთ “ძიების” ღილაკს."},{"$i":"history","$v":"ისტორია"},{"$i":"top-sites","$v":"ტოპ საიტები"},{"$i":"top-sites-tab","$v":"ტოპ საიტები"},{"$i":"history-tab","$v":"ისტორია"},{"$i":"suggestions","ariaLabel":"შემოთავაზებები"},{"$i":"contacts","ariaLabel":"კონტაქტები"},{"$i":"places","ariaLabel":"ადგილები"},{"$i":"apps","ariaLabel":"აპები"},{"$i":"suggestions-settings-notice","innerHTML":{"$o":"ძიების შეთავაზებები გააქტიურებულია. ძიების შეყვანისას, თქვენ მიერ შეყვანილი სიმბოლოები იგზავნება საინფორმაციო-საძიებო სისტემაში. შეგიძლიათ გამორთოთ ძიების შეთავაზებები მოწყობილობაში <span id=\"settings-link\">პარამეტრები</span>."}},{"$i":"ok","$v":"OK"},{"$i":"search","$v":"ძებნა"},{"$i":"go","$v":"წასვლა"},{"$i":"options","$v":"ვარიანტები"},{"$i":"pin","$v":"ჩამაგრება"},{"$i":"unpin","$v":"ჩამაგრების მოხსნა"},{"$i":"remove","$v":"ამოშლა"},{"$i":"cancel","$v":"გაუქმება"},{"$i":"clear-all","$v":"ყველას გასუფთავება"},{"$i":"clear","$v":"გასუფთავება"},{"$i":"add-to-home-screen","label":"დამ. საწყ. ეკრანზე"},{"$i":"offline-message","$v":"ინტერნეტთან კავშირი არ არის"},{"$i":"pinnedSitesOverLimit","$v":"თქვენ მიაღწიეთ ჩამაგრებული ვებგვერდების მაქსიმალურ რაოდენობას."},{"$i":"confirm-to-unpin-website","$v":["მოვხსნა ვებ-საიტი ",{"t":"idOrVar","v":"title"},"?"]},{"$i":"confirm-to-clear-all-browsing-history","$v":"გავასუფთაო ძიების მთელი ისტორია?"},{"$i":"confirmation","$v":"დადასტურება"},{"$i":"future","$v":"მომავალი"},{"$i":"today","$v":"დღეს"},{"$i":"yesterday","$v":"გუშინ"},{"$i":"last-7-days","$v":"ბოლო 7 დღე"},{"$i":"this-month","$v":"ეს თვე"},{"$i":"last-6-months","$v":"ბოლო 6 თვე"},{"$i":"older-than-6-months","$v":"6 თვეზე დიდი ხნის"},{"$i":"month-0","$v":"იანვარი"},{"$i":"month-1","$v":"თებერვალი"},{"$i":"month-2","$v":"მარტი"},{"$i":"month-3","$v":"აპრილი"},{"$i":"month-4","$v":"მაისი"},{"$i":"month-5","$v":"ივნისი"},{"$i":"month-6","$v":"ივლისი"},{"$i":"month-7","$v":"აგვისტო"},{"$i":"month-8","$v":"სექტემბერი"},{"$i":"month-9","$v":"ოქტომბერი"},{"$i":"month-10","$v":"ნოემბერი"},{"$i":"month-11","$v":"დეკემბერი"},{"$i":"search-header","$v":[{"t":"idOrVar","v":"provider"}," ძებნა"]},{"$i":"new-private-window","$v":"ახალი პირადი სარკმელი"},{"$i":"gaia-grid-stop-download-title","$v":["გაჩერება ",{"t":"idOrVar","v":"name"}]},{"$i":"gaia-grid-stop-download-body","$v":"გსურთ შეაჩეროთ ჩამოტვირთვის პროცესი?"},{"$i":"gaia-grid-stop-download-action","$v":"შეწყვეტა"},{"$i":"gaia-grid-resume-download-title","$v":"ჩამოტ. თავ. დაწყება"},{"$i":"gaia-grid-resume-download-body","$v":["გსურთ ",{"t":"idOrVar","v":"name"},"-ის ჩამოტვირთვა?"]},{"$i":"gaia-grid-resume-download-action","$v":"ჩამოტვირთვა"},{"$i":"gaia-grid-cancel","$v":"გაუქმება"},{"$i":"gaia-grid-toggle-collapsed","ariaLabel":"ჯგუფის გაფართოება"},{"$i":"gaia-grid-toggle-expanded","ariaLabel":"ჯგუფის აკეცვა"},{"$i":"gaia-grid-enter-group-name","$v":"შეიყვანეთ ჯგუფის სახელი"}]