[{"$i":"install-marketplace-title","$v":[{"t":"idOrVar","v":"title"}," орнату"]},{"$i":"no-sites-description","$v":"Мұнда веб-тораптар жоқ, бастау үшін \"Іздеу\" түймесін басыңыз."},{"$i":"history","$v":"ЖУРНАЛ"},{"$i":"top-sites","$v":"жоғарғы тораптар"},{"$i":"top-sites-tab","$v":"Жоғарғы сайттар"},{"$i":"history-tab","$v":"Журнал"},{"$i":"suggestions","ariaLabel":"Ұс."},{"$i":"contacts","ariaLabel":"Контактілер"},{"$i":"places","ariaLabel":"Орындар"},{"$i":"apps","ariaLabel":"Қолданбалар"},{"$i":"suggestions-settings-notice","innerHTML":{"$o":"Іздеу ұсыныстары қосылды. Іздеу кезінде енгізілген таңбалар іздеу жүйесіне жіберіліп жатыр. Іздеу ұсыныстарын құрылғыдағы <span id=\"settings-link\">Параметрлер</span> арқылы ажыратуға болады."}},{"$i":"ok","$v":"OK"},{"$i":"search","$v":"Іздеу"},{"$i":"go","$v":"Өту"},{"$i":"options","$v":"Опциялар"},{"$i":"pin","$v":"Бекіту"},{"$i":"unpin","$v":"Алып тастау"},{"$i":"remove","$v":"Жою"},{"$i":"cancel","$v":"Бас тарту"},{"$i":"clear-all","$v":"Барлығын өшіру"},{"$i":"clear","$v":"Өшіру"},{"$i":"add-to-home-screen","label":"Баст. экр. қосу"},{"$i":"offline-message","$v":"Интернет байланысы жоқ"},{"$i":"pinnedSitesOverLimit","$v":"Бекітілген веб-тораптардың максималды санына жеттіңіз."},{"$i":"confirm-to-unpin-website","$v":[{"t":"idOrVar","v":"title"}," веб-сайтын алып тастау?"]},{"$i":"confirm-to-clear-all-browsing-history","$v":"Барлық шолу журналын тазалау?"},{"$i":"confirmation","$v":"Растау"},{"$i":"future","$v":"БОЛАШАҚ"},{"$i":"today","$v":"БҮГІН"},{"$i":"yesterday","$v":"КЕШЕ"},{"$i":"last-7-days","$v":"ӨТКЕН 7 КҮН"},{"$i":"this-month","$v":"ОСЫ АЙ"},{"$i":"last-6-months","$v":"ӨТКЕН 6 АЙ"},{"$i":"older-than-6-months","$v":"6 АЙДАН ЕСКІРЕК"},{"$i":"month-0","$v":"ҚАҢТАР"},{"$i":"month-1","$v":"АҚПАН"},{"$i":"month-2","$v":"НАУРЫЗ"},{"$i":"month-3","$v":"СӘУІР"},{"$i":"month-4","$v":"Мамыр"},{"$i":"month-5","$v":"МАУСЫМ"},{"$i":"month-6","$v":"ШІЛДЕ"},{"$i":"month-7","$v":"ТАМЫЗ"},{"$i":"month-8","$v":"ҚЫРКҮЙЕК"},{"$i":"month-9","$v":"ҚАЗАН"},{"$i":"month-10","$v":"ҚАРАША"},{"$i":"month-11","$v":"ЖЕЛТОҚСАН"},{"$i":"search-header","$v":[{"t":"idOrVar","v":"provider"}," іздеу"]},{"$i":"new-private-window","$v":"Жаңа жеке терезе"},{"$i":"gaia-grid-stop-download-title","$v":[{"t":"idOrVar","v":"name"}," тоқтату"]},{"$i":"gaia-grid-stop-download-body","$v":"Орындалып жатқан жүктелімді тоқтату керек пе?"},{"$i":"gaia-grid-stop-download-action","$v":"Тоқтату"},{"$i":"gaia-grid-resume-download-title","$v":"Жүктеуді қайта баст."},{"$i":"gaia-grid-resume-download-body","$v":[{"t":"idOrVar","v":"name"}," жүктеп алу керек пе?"]},{"$i":"gaia-grid-resume-download-action","$v":"Жүктеп алу"},{"$i":"gaia-grid-cancel","$v":"Бас тарту"},{"$i":"gaia-grid-toggle-collapsed","ariaLabel":"Жайылған топ"},{"$i":"gaia-grid-toggle-expanded","ariaLabel":"Топты тасалау"},{"$i":"gaia-grid-enter-group-name","$v":"Топ атауын енгізу"}]