[{"$i":"install-marketplace-title","$v":["Įdg. „",{"t":"idOrVar","v":"title"},"“"]},{"$i":"no-sites-description","$v":"Svetainių nėra, pasp. mygt. „Ieškoti“ ir pradėkite."},{"$i":"history","$v":"RETROS."},{"$i":"top-sites","$v":"geriausios svetainės"},{"$i":"top-sites-tab","$v":"Populiar. svetainės"},{"$i":"history-tab","$v":"Istorija"},{"$i":"suggestions","ariaLabel":"Pasiūlymai"},{"$i":"contacts","ariaLabel":"Adresat."},{"$i":"places","ariaLabel":"Vietos"},{"$i":"apps","ariaLabel":"Prog."},{"$i":"suggestions-settings-notice","innerHTML":{"$o":"Paieškos pasiūlymai įjungti. Paieškos metu įvedami simboliai siunčiami į paieškos variklį. Paieškos pasiūlymus galite išjungti prietaiso <span id=\"settings-link\">parametruose</span>."}},{"$i":"ok","$v":"GERAI"},{"$i":"search","$v":"Paieš."},{"$i":"go","$v":"Eiti"},{"$i":"options","$v":"Funkc."},{"$i":"pin","$v":"Pin"},{"$i":"unpin","$v":"Atsegti"},{"$i":"remove","$v":"Pašal."},{"$i":"cancel","$v":"Atš."},{"$i":"clear-all","$v":"Išv. vis."},{"$i":"clear","$v":"Išval."},{"$i":"add-to-home-screen","label":"Įtr. į pagr. ekr."},{"$i":"offline-message","$v":"Nėra interneto ryšio"},{"$i":"pinnedSitesOverLimit","$v":"Pasiekėte maksimalų prisegtų svetainių skaičių."},{"$i":"confirm-to-unpin-website","$v":["Atsegti svetainę ",{"t":"idOrVar","v":"title"},"?"]},{"$i":"confirm-to-clear-all-browsing-history","$v":"Ištrin. visą narš. retrosp.?"},{"$i":"confirmation","$v":"Patvirtinim."},{"$i":"future","$v":"BŪSIM."},{"$i":"today","$v":"ŠIANDIEN"},{"$i":"yesterday","$v":"VAKAR"},{"$i":"last-7-days","$v":"PASK. 7 D."},{"$i":"this-month","$v":"ŠIS MĖNUO"},{"$i":"last-6-months","$v":"PASK. 6 MĖN."},{"$i":"older-than-6-months","$v":"SENESN. NEI 6 MĖN."},{"$i":"month-0","$v":"SAUSIS"},{"$i":"month-1","$v":"VASARIS"},{"$i":"month-2","$v":"KOVAS"},{"$i":"month-3","$v":"BAL."},{"$i":"month-4","$v":"GEG."},{"$i":"month-5","$v":"BIRŽ."},{"$i":"month-6","$v":"LIE."},{"$i":"month-7","$v":"RUGPJ."},{"$i":"month-8","$v":"RUGSĖJIS"},{"$i":"month-9","$v":"SPALIS"},{"$i":"month-10","$v":"LAPKRIT."},{"$i":"month-11","$v":"GRUODIS"},{"$i":"search-header","$v":[{"t":"idOrVar","v":"provider"}," Paieška"]},{"$i":"new-private-window","$v":"Nauj. privat. lng."},{"$i":"gaia-grid-stop-download-title","$v":["Stabdyti „",{"t":"idOrVar","v":"name"},"“"]},{"$i":"gaia-grid-stop-download-body","$v":"Ar norite sustabdyti vykstant. parsisiuntimą?"},{"$i":"gaia-grid-stop-download-action","$v":"Sust."},{"$i":"gaia-grid-resume-download-title","$v":"Atsis. iš naujo"},{"$i":"gaia-grid-resume-download-body","$v":["Ar norite parsisiųsti ",{"t":"idOrVar","v":"name"},"?"]},{"$i":"gaia-grid-resume-download-action","$v":"Parsisiųsti"},{"$i":"gaia-grid-cancel","$v":"Atš."},{"$i":"gaia-grid-toggle-collapsed","ariaLabel":"Išplėsti gr."},{"$i":"gaia-grid-toggle-expanded","ariaLabel":"Sutraukti gr."},{"$i":"gaia-grid-enter-group-name","$v":"Įveskite gr. pav."}]