[{"$i":"install-marketplace-title","$v":["Инсталирајте ",{"t":"idOrVar","v":"title"}]},{"$i":"no-sites-description","$v":"Тука нема веб-страници, притиснете го копчето Пребарувај за да започнете."},{"$i":"history","$v":"ИСТОРИЈА"},{"$i":"top-sites","$v":"топ страници"},{"$i":"top-sites-tab","$v":"Топ страници"},{"$i":"history-tab","$v":"Историја"},{"$i":"suggestions","ariaLabel":"Пред."},{"$i":"contacts","ariaLabel":"Контакти"},{"$i":"places","ariaLabel":"Места"},{"$i":"apps","ariaLabel":"Апликации"},{"$i":"suggestions-settings-notice","innerHTML":{"$o":"Предлозите за пребарување се овозможени. Знаците што ги пишувате кога влегувате во пребарувањето се испраќаат на пребарувачот. Можете да ги оневозможите предлозите за пребарување во уредот <span id=\"settings-link\">Settings</span>."}},{"$i":"ok","$v":"ОК"},{"$i":"search","$v":"Пребарување"},{"$i":"go","$v":"Одете"},{"$i":"options","$v":"Опции"},{"$i":"pin","$v":"Забоден"},{"$i":"unpin","$v":"Откачување"},{"$i":"remove","$v":"Отстрани"},{"$i":"cancel","$v":"Откажи"},{"$i":"clear-all","$v":"Исчисти ги сите"},{"$i":"clear","$v":"Избриши"},{"$i":"add-to-home-screen","label":"Дод.на Поч.екран"},{"$i":"offline-message","$v":"Нема интернет врска"},{"$i":"pinnedSitesOverLimit","$v":"Достигнавте макс. број на кругови на забодени веб-страници."},{"$i":"confirm-to-unpin-website","$v":["Да се откачи ли вебстраницата ",{"t":"idOrVar","v":"title"},"?"]},{"$i":"confirm-to-clear-all-browsing-history","$v":"Да се исчисти ли истор. на прегл.?"},{"$i":"confirmation","$v":"Потврдување"},{"$i":"future","$v":"ИДНИНА"},{"$i":"today","$v":"ДЕНЕС"},{"$i":"yesterday","$v":"ВЧЕРА"},{"$i":"last-7-days","$v":"ПОСЛЕДНИТЕ 7 ДЕНА"},{"$i":"this-month","$v":"ОВОЈ МЕСЕЦ"},{"$i":"last-6-months","$v":"ПОСЛЕДНИТЕ 6 МЕСЕЦИ"},{"$i":"older-than-6-months","$v":"ПОСТАРО ОД 6 МЕС."},{"$i":"month-0","$v":"ЈАНУАРИ"},{"$i":"month-1","$v":"ФЕВРУАРИ"},{"$i":"month-2","$v":"МАРТ"},{"$i":"month-3","$v":"АПРИЛ"},{"$i":"month-4","$v":"МАЈ"},{"$i":"month-5","$v":"ЈУНИ"},{"$i":"month-6","$v":"ЈУЛИ"},{"$i":"month-7","$v":"АВГУСТ"},{"$i":"month-8","$v":"СЕПТЕМВРИ"},{"$i":"month-9","$v":"ОКТОМВРИ"},{"$i":"month-10","$v":"НОЕМВРИ"},{"$i":"month-11","$v":"Декември"},{"$i":"search-header","$v":[{"t":"idOrVar","v":"provider"}," Пребарува"]},{"$i":"new-private-window","$v":"Нов приватен прозорец"},{"$i":"gaia-grid-stop-download-title","$v":["Запрете го ",{"t":"idOrVar","v":"name"}]},{"$i":"gaia-grid-stop-download-body","$v":"Сакате ли да го прекинете преземањето што е во тек?"},{"$i":"gaia-grid-stop-download-action","$v":"Запри"},{"$i":"gaia-grid-resume-download-title","$v":"Рестарт. го презем."},{"$i":"gaia-grid-resume-download-body","$v":["Сакате ли да го преземете ",{"t":"idOrVar","v":"name"},"?"]},{"$i":"gaia-grid-resume-download-action","$v":"Преземи"},{"$i":"gaia-grid-cancel","$v":"Откажи"},{"$i":"gaia-grid-toggle-collapsed","ariaLabel":"Проширување на група"},{"$i":"gaia-grid-toggle-expanded","ariaLabel":"Скријте ја групата"},{"$i":"gaia-grid-enter-group-name","$v":"Внесете име на групата"}]