[{"$i":"install-marketplace-title","$v":["Installer ",{"t":"idOrVar","v":"title"}]},{"$i":"no-sites-description","$v":"Ingen nettsteder her, trykk Søk-knappen for å komme i gang."},{"$i":"history","$v":"HISTORIKK"},{"$i":"top-sites","$v":"topp nettsteder"},{"$i":"top-sites-tab","$v":"Topp nettsteder"},{"$i":"history-tab","$v":"Historikk"},{"$i":"suggestions","ariaLabel":"Forslag"},{"$i":"contacts","ariaLabel":"Kontakter"},{"$i":"places","ariaLabel":"Steder"},{"$i":"apps","ariaLabel":"Apper"},{"$i":"suggestions-settings-notice","innerHTML":{"$o":"Søkeforslag er aktivert. Tegnene du skriver når du angir et søk sendes til søkemotoren. Du kan deaktivere søkeforslag i <span id=\"settings-link\">Innstillinger</span>."}},{"$i":"ok","$v":"OK"},{"$i":"search","$v":"Søk"},{"$i":"go","$v":"Start"},{"$i":"options","$v":"Valg"},{"$i":"pin","$v":"Pinne"},{"$i":"unpin","$v":"Fjern merking"},{"$i":"remove","$v":"Fjern"},{"$i":"cancel","$v":"Avbryt"},{"$i":"clear-all","$v":"Fjern alt"},{"$i":"clear","$v":"Fjern"},{"$i":"add-to-home-screen","label":"Legg til startskjerm"},{"$i":"offline-message","$v":"Ingen internett-tilkobling"},{"$i":"pinnedSitesOverLimit","$v":"Du har nådd maksimalantallet for festede nettsteder."},{"$i":"confirm-to-unpin-website","$v":["Fjerne nettstedet ",{"t":"idOrVar","v":"title"},"?"]},{"$i":"confirm-to-clear-all-browsing-history","$v":"Slette all nettleserhistorikk?"},{"$i":"confirmation","$v":"Bekreftelse"},{"$i":"future","$v":"FREMTID"},{"$i":"today","$v":"I DAG"},{"$i":"yesterday","$v":"I GÅR"},{"$i":"last-7-days","$v":"SISTE 7 DAGER"},{"$i":"this-month","$v":"DENNE MÅNEDEN"},{"$i":"last-6-months","$v":"SISTE 6 MÅNEDER"},{"$i":"older-than-6-months","$v":"ELDRE ENN 6 MÅNEDER"},{"$i":"month-0","$v":"JANUAR"},{"$i":"month-1","$v":"FEBRUAR"},{"$i":"month-2","$v":"MARS"},{"$i":"month-3","$v":"APRIL"},{"$i":"month-4","$v":"MAI"},{"$i":"month-5","$v":"JUNI"},{"$i":"month-6","$v":"JULI"},{"$i":"month-7","$v":"AUGUST"},{"$i":"month-8","$v":"SEPTEMBER"},{"$i":"month-9","$v":"OKTOBER"},{"$i":"month-10","$v":"NOVEMBER"},{"$i":"month-11","$v":"DESEMBER"},{"$i":"search-header","$v":[{"t":"idOrVar","v":"provider"}," søk"]},{"$i":"new-private-window","$v":"Nytt privat vindu"},{"$i":"gaia-grid-stop-download-title","$v":["Stopp ",{"t":"idOrVar","v":"name"}]},{"$i":"gaia-grid-stop-download-body","$v":"Vil du stoppe den aktive nedlastingen?"},{"$i":"gaia-grid-stop-download-action","$v":"Stopp"},{"$i":"gaia-grid-resume-download-title","$v":"Start nedlasting på nytt"},{"$i":"gaia-grid-resume-download-body","$v":["Vil du laste ned ",{"t":"idOrVar","v":"name"},"?"]},{"$i":"gaia-grid-resume-download-action","$v":"Last ned"},{"$i":"gaia-grid-cancel","$v":"Avbryt"},{"$i":"gaia-grid-toggle-collapsed","ariaLabel":"Utvid gruppe"},{"$i":"gaia-grid-toggle-expanded","ariaLabel":"Skjul gruppe"},{"$i":"gaia-grid-enter-group-name","$v":"Angi et gruppenavn"}]