[{"$i":"install-marketplace-title","$v":[{"t":"idOrVar","v":"title"}," installeren"]},{"$i":"no-sites-description","$v":"Geen websites hier, druk op de knop Zoeken om aan de slag te gaan."},{"$i":"history","$v":"GESCHIEDENIS"},{"$i":"top-sites","$v":"topsites"},{"$i":"top-sites-tab","$v":"topsites"},{"$i":"history-tab","$v":"GESCHIEDENIS"},{"$i":"suggestions","ariaLabel":"Suggesties"},{"$i":"contacts","ariaLabel":"Contacten"},{"$i":"places","ariaLabel":"Plaatsen"},{"$i":"apps","ariaLabel":"Apps"},{"$i":"suggestions-settings-notice","innerHTML":{"$o":"Zoeksuggesties zijn ingeschakeld. De tekens die u typt tijdens het invoeren van een zoekopdracht worden naar de zoekmachine verzonden. U kunt zoeksuggesties in het apparaat uitschakelen <span id=\"settings-link\">Instellingen</span>."}},{"$i":"ok","$v":"OK"},{"$i":"search","$v":"Zoeken"},{"$i":"go","$v":"Gaan"},{"$i":"options","$v":"Opties"},{"$i":"pin","$v":"Vastmaken"},{"$i":"unpin","$v":"Losmaken"},{"$i":"remove","$v":"Verwijderen"},{"$i":"cancel","$v":"Annuleren"},{"$i":"clear-all","$v":"Alles wissen"},{"$i":"clear","$v":"Wissen"},{"$i":"add-to-home-screen","label":"Toevoegen aan startscherm"},{"$i":"offline-message","$v":"Geen internetverbinding"},{"$i":"pinnedSitesOverLimit","$v":"U hebt het maximale aantal te plaatsen websites bereikt."},{"$i":"confirm-to-unpin-website","$v":["Website ",{"t":"idOrVar","v":"title"}," losmaken?"]},{"$i":"confirm-to-clear-all-browsing-history","$v":"Volledige browsegeschiedenis wissen?"},{"$i":"confirmation","$v":"Bevestiging"},{"$i":"future","$v":"TOEKOMST"},{"$i":"today","$v":"VANDAAG"},{"$i":"yesterday","$v":"GISTEREN"},{"$i":"last-7-days","$v":"AFGELOPEN 7 DAGEN"},{"$i":"this-month","$v":"DEZE MAAND"},{"$i":"last-6-months","$v":"AFGELOPEN 6 MAANDEN"},{"$i":"older-than-6-months","$v":"OUDER DAN 6 MAANDEN"},{"$i":"month-0","$v":"JANUARI"},{"$i":"month-1","$v":"FEBRUARI"},{"$i":"month-2","$v":"MAART"},{"$i":"month-3","$v":"APRIL"},{"$i":"month-4","$v":"MEI"},{"$i":"month-5","$v":"JUNI"},{"$i":"month-6","$v":"JULI"},{"$i":"month-7","$v":"AUGUSTUS"},{"$i":"month-8","$v":"SEPTEMBER"},{"$i":"month-9","$v":"OKTOBER"},{"$i":"month-10","$v":"NOVEMBER"},{"$i":"month-11","$v":"DECEMBER"},{"$i":"search-header","$v":[{"t":"idOrVar","v":"provider"}," ZOEKEN"]},{"$i":"new-private-window","$v":"Nieuw privé-venster"},{"$i":"gaia-grid-stop-download-title","$v":[{"t":"idOrVar","v":"name"}," stoppen"]},{"$i":"gaia-grid-stop-download-body","$v":"Wilt u de actieve download stoppen?"},{"$i":"gaia-grid-stop-download-action","$v":"Stoppen"},{"$i":"gaia-grid-resume-download-title","$v":"Download opnieuw starten"},{"$i":"gaia-grid-resume-download-body","$v":["Wilt u ",{"t":"idOrVar","v":"name"}," downloaden?"]},{"$i":"gaia-grid-resume-download-action","$v":"Downloaden"},{"$i":"gaia-grid-cancel","$v":"Annuleren"},{"$i":"gaia-grid-toggle-collapsed","ariaLabel":"Groep uitvouwen"},{"$i":"gaia-grid-toggle-expanded","ariaLabel":"Groep samenvouwen"},{"$i":"gaia-grid-enter-group-name","$v":"Voer een groepsnaam in"}]