[{"$i":"install-marketplace-title","$v":["Zainstaluj ",{"t":"idOrVar","v":"title"}]},{"$i":"no-sites-description","$v":"Brak stron internetowych, naciśnij przycisk wyszukiwania, aby rozpocząć."},{"$i":"history","$v":"HISTORIA"},{"$i":"top-sites","$v":"popularne strony"},{"$i":"top-sites-tab","$v":"popularne strony"},{"$i":"history-tab","$v":"HISTORIA"},{"$i":"suggestions","ariaLabel":"Sugestie"},{"$i":"contacts","ariaLabel":"Kontakty"},{"$i":"places","ariaLabel":"Miejsca"},{"$i":"apps","ariaLabel":"Aplikacje"},{"$i":"suggestions-settings-notice","innerHTML":{"$o":"Podpowiedzi przy wyszukiwaniu są włączone. Znaki wpisywane podczas wyszukiwania zostają przesłane do wyszukiwarki. Możesz wyłączyć funkcję podpowiedzi w urządzeniu <span id=\"settings-link\">Ustawienia</span>."}},{"$i":"ok","$v":"OK"},{"$i":"search","$v":"Szukaj"},{"$i":"go","$v":"Przejdź"},{"$i":"options","$v":"Opcje"},{"$i":"pin","$v":"Przypnij"},{"$i":"unpin","$v":"Odepnij"},{"$i":"remove","$v":"Usuń"},{"$i":"cancel","$v":"Anuluj"},{"$i":"clear-all","$v":"Wyczyść wszystko"},{"$i":"clear","$v":"Wyczyść"},{"$i":"add-to-home-screen","label":"Dodaj do ekranu głównego"},{"$i":"offline-message","$v":"Brak połączenia z Internetem"},{"$i":"pinnedSitesOverLimit","$v":"Przypięto maksymalną dozwoloną liczbę stron."},{"$i":"confirm-to-unpin-website","$v":["Odpiąć stronę internetową ",{"t":"idOrVar","v":"title"},"?"]},{"$i":"confirm-to-clear-all-browsing-history","$v":"Wyczyścić całą historię wyszukiwania?"},{"$i":"confirmation","$v":"Potwierdzenie"},{"$i":"future","$v":"PRZYSZŁOŚĆ"},{"$i":"today","$v":"DZISIAJ"},{"$i":"yesterday","$v":"WCZORAJ"},{"$i":"last-7-days","$v":"OSTATNIE 7 DNI"},{"$i":"this-month","$v":"W TYM MIESIĄCU"},{"$i":"last-6-months","$v":"OSTATNIE 6 MIESIĘCY"},{"$i":"older-than-6-months","$v":"STARSZE NIŻ 6 MIESIĘCY"},{"$i":"month-0","$v":"STYCZEŃ"},{"$i":"month-1","$v":"LUTY"},{"$i":"month-2","$v":"MARZEC"},{"$i":"month-3","$v":"KWIECIEŃ"},{"$i":"month-4","$v":"MAJ"},{"$i":"month-5","$v":"CZERWIEC"},{"$i":"month-6","$v":"LIPIEC"},{"$i":"month-7","$v":"SIERPIEŃ"},{"$i":"month-8","$v":"WRZESIEŃ"},{"$i":"month-9","$v":"PAŹDZIERNIK"},{"$i":"month-10","$v":"LISTOPAD"},{"$i":"month-11","$v":"GRUDZIEŃ"},{"$i":"search-header","$v":["WYSZUKIWANIE ",{"t":"idOrVar","v":"provider"}]},{"$i":"new-private-window","$v":"Nowe okno prywatne"},{"$i":"gaia-grid-stop-download-title","$v":["Zatrzymaj ",{"t":"idOrVar","v":"name"}]},{"$i":"gaia-grid-stop-download-body","$v":"Czy chcesz zatrzymać trwające pobieranie?"},{"$i":"gaia-grid-stop-download-action","$v":"Zakończ"},{"$i":"gaia-grid-resume-download-title","$v":"Ponownie rozpocznij pobieranie"},{"$i":"gaia-grid-resume-download-body","$v":["Czy chcesz pobrać ",{"t":"idOrVar","v":"name"},"?"]},{"$i":"gaia-grid-resume-download-action","$v":"Pobierz"},{"$i":"gaia-grid-cancel","$v":"Anuluj"},{"$i":"gaia-grid-toggle-collapsed","ariaLabel":"Rozwiń grupę"},{"$i":"gaia-grid-toggle-expanded","ariaLabel":"Zwiń grupę"},{"$i":"gaia-grid-enter-group-name","$v":"Wprowadź nazwę grupy"}]