[{"$i":"install-marketplace-title","$v":["Установить ",{"t":"idOrVar","v":"title"}]},{"$i":"no-sites-description","$v":"Нет веб-сайтов, нажмите кнопку Поиск, чтобы начать."},{"$i":"history","$v":"ИСТОРИЯ"},{"$i":"top-sites","$v":"Лучшие сайты"},{"$i":"top-sites-tab","$v":"Лучшие сайты"},{"$i":"history-tab","$v":"ИСТОРИЯ"},{"$i":"suggestions","ariaLabel":"Подсказки"},{"$i":"contacts","ariaLabel":"Контакты"},{"$i":"places","ariaLabel":"Места"},{"$i":"apps","ariaLabel":"Приложения"},{"$i":"suggestions-settings-notice","innerHTML":{"$o":"Подсказки поиска включены. Символы, которые вы вводите при вводе поиска, отправляются в поисковую систему. Вы можете отключить подсказки поиска в устройстве <span id=\"settings-link\">Настройки</span>."}},{"$i":"ok","$v":"OK"},{"$i":"search","$v":"Поиск"},{"$i":"go","$v":"Перейти"},{"$i":"options","$v":"Опции"},{"$i":"pin","$v":"Закрепить"},{"$i":"unpin","$v":"Открепить"},{"$i":"remove","$v":"Удалить"},{"$i":"cancel","$v":"Отмена"},{"$i":"clear-all","$v":"Очистить все"},{"$i":"clear","$v":"Очистить"},{"$i":"add-to-home-screen","label":"Добавить на главный экран"},{"$i":"offline-message","$v":"Нет подключения к Интернету"},{"$i":"pinnedSitesOverLimit","$v":"Вы достигли максимального количества закрепленных веб-сайтов."},{"$i":"confirm-to-unpin-website","$v":["Открепить веб-сайт ",{"t":"idOrVar","v":"title"},"?"]},{"$i":"confirm-to-clear-all-browsing-history","$v":"Очистить всю историю просмотров?"},{"$i":"confirmation","$v":"Подтверждение"},{"$i":"future","$v":"БУДУЩЕЕ"},{"$i":"today","$v":"СЕГОДНЯ"},{"$i":"yesterday","$v":"ВЧЕРА"},{"$i":"last-7-days","$v":"ПОСЛЕДНИЕ 7 ДНЕЙ"},{"$i":"this-month","$v":"ЭТОТ МЕСЯЦ"},{"$i":"last-6-months","$v":"ПОСЛЕДНИЕ 6 МЕСЯЦЕВ"},{"$i":"older-than-6-months","$v":"СТАРШЕ 6 МЕСЯЦЕВ"},{"$i":"month-0","$v":"ЯНВАРЬ"},{"$i":"month-1","$v":"ФЕВРАЛЬ"},{"$i":"month-2","$v":"МАРТ"},{"$i":"month-3","$v":"АПРЕЛЬ"},{"$i":"month-4","$v":"МАЙ"},{"$i":"month-5","$v":"ИЮНЬ"},{"$i":"month-6","$v":"ИЮЛЬ"},{"$i":"month-7","$v":"АВГУСТ"},{"$i":"month-8","$v":"СЕНТЯБРЬ"},{"$i":"month-9","$v":"ОКТЯБРЬ"},{"$i":"month-10","$v":"НОЯБРЬ"},{"$i":"month-11","$v":"ДЕКАБРЬ"},{"$i":"search-header","$v":[{"t":"idOrVar","v":"provider"}," ПОИСК"]},{"$i":"new-private-window","$v":"Новое приватное окно"},{"$i":"gaia-grid-stop-download-title","$v":["Остановить ",{"t":"idOrVar","v":"name"}]},{"$i":"gaia-grid-stop-download-body","$v":"Остановить процесс загрузки?"},{"$i":"gaia-grid-stop-download-action","$v":"Остановить"},{"$i":"gaia-grid-resume-download-title","$v":"Перезапустить Загрузку"},{"$i":"gaia-grid-resume-download-body","$v":["Хотите загрузить ",{"t":"idOrVar","v":"name"},"?"]},{"$i":"gaia-grid-resume-download-action","$v":"Загрузить"},{"$i":"gaia-grid-cancel","$v":"Отмена"},{"$i":"gaia-grid-toggle-collapsed","ariaLabel":"Развернуть группу"},{"$i":"gaia-grid-toggle-expanded","ariaLabel":"Свернуть группу"},{"$i":"gaia-grid-enter-group-name","$v":"Введите имя группы"}]