[{"$i":"install-marketplace-title","$v":["Inštal. ",{"t":"idOrVar","v":"title"}]},{"$i":"no-sites-description","$v":"Žiadne webstránky, začnite stlačením tlačidla Hľadať."},{"$i":"history","$v":"HISTÓRIA"},{"$i":"top-sites","$v":"top stránky"},{"$i":"top-sites-tab","$v":"Top stránky"},{"$i":"history-tab","$v":"História"},{"$i":"suggestions","ariaLabel":"Návrhy"},{"$i":"contacts","ariaLabel":"Kontakty"},{"$i":"places","ariaLabel":"Miesta"},{"$i":"apps","ariaLabel":"Aplikácie"},{"$i":"suggestions-settings-notice","innerHTML":{"$o":"Návrhy vyhľad. sú povolené. Znaky zadané pri vyhľadávaní sa odošlú vyhľadávaču. Návrhy vyhľ. môžete zakázať v <span id=\"settings-link\">Nastaveniach</span> tohto zariadenia."}},{"$i":"ok","$v":"OK"},{"$i":"search","$v":"Vyhľadať"},{"$i":"go","$v":"Ísť"},{"$i":"options","$v":"Možnosti"},{"$i":"pin","$v":"Pripnúť"},{"$i":"unpin","$v":"Zrušiť pripnutie"},{"$i":"remove","$v":"Odobrať"},{"$i":"cancel","$v":"Zrušiť"},{"$i":"clear-all","$v":"Zmazať všetko"},{"$i":"clear","$v":"Zmazať"},{"$i":"add-to-home-screen","label":"Pridať na domov. obr."},{"$i":"offline-message","$v":"Žiad. internet. pripojenie"},{"$i":"pinnedSitesOverLimit","$v":"Dosiahli ste max. počet pripnutých web. lokalít."},{"$i":"confirm-to-unpin-website","$v":["Zrušiť pripnutie webovej lokality ",{"t":"idOrVar","v":"title"},"?"]},{"$i":"confirm-to-clear-all-browsing-history","$v":"Zmazať celú históriu prehliadania?"},{"$i":"confirmation","$v":"Potvrdenie"},{"$i":"future","$v":"BUDÚCNOSŤ"},{"$i":"today","$v":"DNES"},{"$i":"yesterday","$v":"VČERA"},{"$i":"last-7-days","$v":"POSLED. 7 DNÍ"},{"$i":"this-month","$v":"TENTO MESIAC"},{"$i":"last-6-months","$v":"POSLED. 6 MES."},{"$i":"older-than-6-months","$v":"STARŠIE AKO 6 MES."},{"$i":"month-0","$v":"JANUÁR"},{"$i":"month-1","$v":"FEBRUÁR"},{"$i":"month-2","$v":"MAREC"},{"$i":"month-3","$v":"APRÍL"},{"$i":"month-4","$v":"MÁJ"},{"$i":"month-5","$v":"JÚN"},{"$i":"month-6","$v":"JÚL"},{"$i":"month-7","$v":"AUGUST"},{"$i":"month-8","$v":"SEPTEMBER"},{"$i":"month-9","$v":"OKTÓBER"},{"$i":"month-10","$v":"NOVEMBER"},{"$i":"month-11","$v":"DECEMBER"},{"$i":"search-header","$v":["Vyhľad.: ",{"t":"idOrVar","v":"provider"}]},{"$i":"new-private-window","$v":"Nové súkr. okno"},{"$i":"gaia-grid-stop-download-title","$v":["Zastaviť ",{"t":"idOrVar","v":"name"}]},{"$i":"gaia-grid-stop-download-body","$v":"Chcete zastaviť prebiehajúce sťahovanie?"},{"$i":"gaia-grid-stop-download-action","$v":"Zastaviť"},{"$i":"gaia-grid-resume-download-title","$v":"Reštart. sťahovanie"},{"$i":"gaia-grid-resume-download-body","$v":["Chcete stiahnuť ",{"t":"idOrVar","v":"name"},"?"]},{"$i":"gaia-grid-resume-download-action","$v":"Stiahnuť"},{"$i":"gaia-grid-cancel","$v":"Zrušiť"},{"$i":"gaia-grid-toggle-collapsed","ariaLabel":"Rozbaliť skupinu"},{"$i":"gaia-grid-toggle-expanded","ariaLabel":"Zbaliť skupinu"},{"$i":"gaia-grid-enter-group-name","$v":"Zadajte názov skup."}]