[{"$i":"install-marketplace-title","$v":["Instalo ",{"t":"idOrVar","v":"title"}]},{"$i":"no-sites-description","$v":"Nuk ka faqe interneti këtu. Shtyp butonin \"Kërko\" për të filluar."},{"$i":"history","$v":"HISTORIKU"},{"$i":"top-sites","$v":"faqet kryesore"},{"$i":"top-sites-tab","$v":"Faqet kryesore të internetit"},{"$i":"history-tab","$v":"Historiku"},{"$i":"suggestions","ariaLabel":"Sugjerime"},{"$i":"contacts","ariaLabel":"Kontaktet"},{"$i":"places","ariaLabel":"Vendet"},{"$i":"apps","ariaLabel":"Aplikacionet"},{"$i":"suggestions-settings-notice","innerHTML":{"$o":"Sugjerimet e kërkimit janë aktive. Germat që shtypni kur bëni një kërkim po i dërgohen motorit të kërkimit. Mund t'i çaktivizoni sugjerimet e kërkimit në <span id=\"settings-link\">Cilësimet</span> e pajisjes."}},{"$i":"ok","$v":"OK"},{"$i":"search","$v":"Kërko"},{"$i":"go","$v":"Shko"},{"$i":"options","$v":"Opsionet"},{"$i":"pin","$v":"Ngulit"},{"$i":"unpin","$v":"Hiq ngulitjen"},{"$i":"remove","$v":"Hiq"},{"$i":"cancel","$v":"Anulo"},{"$i":"clear-all","$v":"Spastro të gjitha"},{"$i":"clear","$v":"Spastro"},{"$i":"add-to-home-screen","label":"Shto në ekran kryesor"},{"$i":"offline-message","$v":"Nuk ka lidhje me internetin"},{"$i":"pinnedSitesOverLimit","$v":"Ke arritur numrin maksimal të faqeve të ngulitura të internetit."},{"$i":"confirm-to-unpin-website","$v":["Të hiqet nga kryesimi faqja ",{"t":"idOrVar","v":"title"},"?"]},{"$i":"confirm-to-clear-all-browsing-history","$v":"Të spastrohet i gjithë historiku i shfletimit?"},{"$i":"confirmation","$v":"Konfirmimi"},{"$i":"future","$v":"E ARDHMJA"},{"$i":"today","$v":"SOT"},{"$i":"yesterday","$v":"DJE"},{"$i":"last-7-days","$v":"7 DITËT E FUNDIT"},{"$i":"this-month","$v":"KËTË MUAJ"},{"$i":"last-6-months","$v":"6 MUAJT E FUNDIT"},{"$i":"older-than-6-months","$v":"MË I VJETËR SE 6 MUAJ"},{"$i":"month-0","$v":"JANAR"},{"$i":"month-1","$v":"SHKURT"},{"$i":"month-2","$v":"MARS"},{"$i":"month-3","$v":"PRILL"},{"$i":"month-4","$v":"MAJ"},{"$i":"month-5","$v":"QERSHOR"},{"$i":"month-6","$v":"KORRIK"},{"$i":"month-7","$v":"GUSHT"},{"$i":"month-8","$v":"SHTATOR"},{"$i":"month-9","$v":"TETOR"},{"$i":"month-10","$v":"NËNTOR"},{"$i":"month-11","$v":"DHJETOR"},{"$i":"search-header","$v":["Kërkim i ",{"t":"idOrVar","v":"provider"}]},{"$i":"new-private-window","$v":"Dritare e re private"},{"$i":"gaia-grid-stop-download-title","$v":["Ndalo ",{"t":"idOrVar","v":"name"}]},{"$i":"gaia-grid-stop-download-body","$v":"Të ndalohet shkarkimi në ecuri e sipër?"},{"$i":"gaia-grid-stop-download-action","$v":"Ndalo"},{"$i":"gaia-grid-resume-download-title","$v":"Rifillo shkarkimin"},{"$i":"gaia-grid-resume-download-body","$v":["Të shkarkohet ",{"t":"idOrVar","v":"name"},"?"]},{"$i":"gaia-grid-resume-download-action","$v":"Shkarko"},{"$i":"gaia-grid-cancel","$v":"Anulo"},{"$i":"gaia-grid-toggle-collapsed","ariaLabel":"Shpalos grupin"},{"$i":"gaia-grid-toggle-expanded","ariaLabel":"Palos grupin"},{"$i":"gaia-grid-enter-group-name","$v":"Jep një emër grupi"}]