[{"$i":"install-marketplace-title","$v":[{"t":"idOrVar","v":"title"}," ўрнатиш"]},{"$i":"no-sites-description","$v":"Веб-сайт йўқ, ишни бошлаш учун Қидирув тугмасини босинг."},{"$i":"history","$v":"ТАРИХ"},{"$i":"top-sites","$v":"сара сайтлар"},{"$i":"top-sites-tab","$v":"Сара сайтлар"},{"$i":"history-tab","$v":"Тарих"},{"$i":"suggestions","ariaLabel":"Тавсиялар"},{"$i":"contacts","ariaLabel":"Контактлар"},{"$i":"places","ariaLabel":"Жойлар"},{"$i":"apps","ariaLabel":"Дастурлар"},{"$i":"suggestions-settings-notice","innerHTML":{"$o":"Қидирув таклифлари ёқилди. Киритилаётган ҳарфлар қидирувга юборилади. Қидирув таклифлари қурилма <span id=\"settings-link\">Созламаларида</span> ўчирилади."}},{"$i":"ok","$v":"OK"},{"$i":"search","$v":"Қидирув"},{"$i":"go","$v":"Ўтиш"},{"$i":"options","$v":"Параметрлар"},{"$i":"pin","$v":"Қўшиш"},{"$i":"unpin","$v":"Олиб ташлаш"},{"$i":"remove","$v":"Олиб ташлаш"},{"$i":"cancel","$v":"Бекор"},{"$i":"clear-all","$v":"Бар. тозалаш"},{"$i":"clear","$v":"Тозалаш"},{"$i":"add-to-home-screen","label":"Бош экранга қ-ш"},{"$i":"offline-message","$v":"Интернет алоқаси йўқ"},{"$i":"pinnedSitesOverLimit","$v":"Қўшилган веб-сайтлар максимал сонига етдингиз."},{"$i":"confirm-to-unpin-website","$v":[{"t":"idOrVar","v":"title"}," веб-сайти олиб ташлансинми?"]},{"$i":"confirm-to-clear-all-browsing-history","$v":"Кезиш тарихи тозалансинми?"},{"$i":"confirmation","$v":"Тасдиқ"},{"$i":"future","$v":"КЕЛАЖАК"},{"$i":"today","$v":"БУГУН"},{"$i":"yesterday","$v":"КЕЧА"},{"$i":"last-7-days","$v":"ЎТГАН 7 КУН"},{"$i":"this-month","$v":"БУ ОЙ"},{"$i":"last-6-months","$v":"ЎТГАН 6 ОЙ"},{"$i":"older-than-6-months","$v":"6 ОЙДАН ОЛДИНГИ"},{"$i":"month-0","$v":"ЯНВАРЬ"},{"$i":"month-1","$v":"ФЕВРАЛЬ"},{"$i":"month-2","$v":"МАРТ"},{"$i":"month-3","$v":"АПРЕЛЬ"},{"$i":"month-4","$v":"МАЙ"},{"$i":"month-5","$v":"ИЮНЬ"},{"$i":"month-6","$v":"ИЮЛЬ"},{"$i":"month-7","$v":"АВГУСТ"},{"$i":"month-8","$v":"СЕНТЯБРЬ"},{"$i":"month-9","$v":"ОКТЯБРЬ"},{"$i":"month-10","$v":"НОЯБРЬ"},{"$i":"month-11","$v":"ДЕКАБРЬ"},{"$i":"search-header","$v":[{"t":"idOrVar","v":"provider"}," қидируви"]},{"$i":"new-private-window","$v":"Янги махфий ойна"},{"$i":"gaia-grid-stop-download-title","$v":[{"t":"idOrVar","v":"name"}," тўхтатиш"]},{"$i":"gaia-grid-stop-download-body","$v":"Юкланишни тўхтатасизми?"},{"$i":"gaia-grid-stop-download-action","$v":"Тўхтатиш"},{"$i":"gaia-grid-resume-download-title","$v":"Қайта юклаб олиш"},{"$i":"gaia-grid-resume-download-body","$v":["Буни юклаб оласизми: ",{"t":"idOrVar","v":"name"},"?"]},{"$i":"gaia-grid-resume-download-action","$v":"Юклаб олиш"},{"$i":"gaia-grid-cancel","$v":"Бекор қилиш"},{"$i":"gaia-grid-toggle-collapsed","ariaLabel":"Гуруҳни ёйиш"},{"$i":"gaia-grid-toggle-expanded","ariaLabel":"Гуруҳни йиғиш"},{"$i":"gaia-grid-enter-group-name","$v":"Гуруҳ номини киритинг"}]