[{"$i":"install-marketplace-title","$v":["Faka ",{"t":"idOrVar","v":"title"}]},{"$i":"no-sites-description","$v":"Akukho weebsite apha, cofa iqosha Khangela ukuqalisa."},{"$i":"history","$v":"IMBALI"},{"$i":"top-sites","$v":"iIisayithi eziphambili"},{"$i":"top-sites-tab","$v":"Iisaithi eziphambili"},{"$i":"history-tab","$v":"Imbali"},{"$i":"suggestions","ariaLabel":"Iziphakamiso"},{"$i":"contacts","ariaLabel":"Abaqhagamshelwa"},{"$i":"places","ariaLabel":"Iindawo"},{"$i":"apps","ariaLabel":"Ii-App"},{"$i":"suggestions-settings-notice","innerHTML":{"$o":"Iingcebiso zokhangelo zivulelwe. Oonobumba obafakelayo xa befaka uphando baya thunyelwa kwi-injini yokukhangela. Unokukhubaza iziphakamiso zophando kwidivayisi <span id = \"iisethingi linki\">Iisethigni</span>."}},{"$i":"ok","$v":"KULUNGILE"},{"$i":"search","$v":"Phendla"},{"$i":"go","$v":"Hamba"},{"$i":"options","$v":"Iinketho"},{"$i":"pin","$v":"IPin"},{"$i":"unpin","$v":"Yekisa ukuqhoboshela"},{"$i":"remove","$v":"Susa"},{"$i":"cancel","$v":"Rhoxisa"},{"$i":"clear-all","$v":"Susa konke"},{"$i":"clear","$v":"Coca"},{"$i":"add-to-home-screen","label":"Faka kwesekhaya iskrini."},{"$i":"offline-message","$v":"Akukho qhakamshelo kwiIntanethi"},{"$i":"pinnedSitesOverLimit","$v":"Ufikelele kwelona nani likhulu leewebhusayithi eziqhotyoshelweyo."},{"$i":"confirm-to-unpin-website","$v":["Khulula iwebhusayithi ",{"t":"idOrVar","v":"title"},"?"]},{"$i":"confirm-to-clear-all-browsing-history","$v":"Icociwe imbali yokukhangela?"},{"$i":"confirmation","$v":"Isiqinisekiso"},{"$i":"future","$v":"IKAMVA"},{"$i":"today","$v":"NAMHLANJE"},{"$i":"yesterday","$v":"IZOLO"},{"$i":"last-7-days","$v":"EMVA 7 IINTSUKU"},{"$i":"this-month","$v":"KULE NYANGA"},{"$i":"last-6-months","$v":"EMVA 6 NYANGA"},{"$i":"older-than-6-months","$v":"INDALA KUNE NYANGA EZIYI 6"},{"$i":"month-0","$v":"EYOMQUNGU"},{"$i":"month-1","$v":"FEBRUWARI"},{"$i":"month-2","$v":"EyoKwindla"},{"$i":"month-3","$v":"APRILI"},{"$i":"month-4","$v":"Canzibe"},{"$i":"month-5","$v":"ISLIMELA"},{"$i":"month-6","$v":"EYEKHALA"},{"$i":"month-7","$v":"AGASTI"},{"$i":"month-8","$v":"SEPTEMBA"},{"$i":"month-9","$v":"EYEDWARHA"},{"$i":"month-10","$v":"EYENKANGA"},{"$i":"month-11","$v":"DISEMBA"},{"$i":"search-header","$v":[{"t":"idOrVar","v":"provider"}," Phendla"]},{"$i":"new-private-window","$v":"Entsha ifestile labucala"},{"$i":"gaia-grid-stop-download-title","$v":["Yima ",{"t":"idOrVar","v":"name"}]},{"$i":"gaia-grid-stop-download-body","$v":"Ufuna ukuyekisa inkqubela yokukhuphela?"},{"$i":"gaia-grid-stop-download-action","$v":"Yeka"},{"$i":"gaia-grid-resume-download-title","$v":"Qalela ukhutshelo"},{"$i":"gaia-grid-resume-download-body","$v":["Ufuna ukukhuphela ",{"t":"idOrVar","v":"name"},"?"]},{"$i":"gaia-grid-resume-download-action","$v":"Khuphela"},{"$i":"gaia-grid-cancel","$v":"Rhoxisa"},{"$i":"gaia-grid-toggle-collapsed","ariaLabel":"Yandisa iqela"},{"$i":"gaia-grid-toggle-expanded","ariaLabel":"Ukuvala iqela"},{"$i":"gaia-grid-enter-group-name","$v":"Faka igama leqela"}]