[{"$i":"ok","$v":"OK"},{"$i":"go","$v":"Get"},{"$i":"play","$v":"İşə sal"},{"$i":"stop","$v":"Dayandır"},{"$i":"call","$v":"Zəng"},{"$i":"back","$v":"Geriyə"},{"$i":"today","$v":"Bu gün"},{"$i":"select","$v":"Seç"},{"$i":"deselect","$v":"Ləğv et"},{"$i":"delete","$v":"Sil"},{"$i":"cancel","$v":"Ləğv et"},{"$i":"warning","$v":"Xəbərdarlıq"},{"$i":"options","$v":"Seçimlər"},{"$i":"confirm","$v":"Təsdiqlə"},{"$i":"open-web","$v":"Get"},{"$i":"open-dial","$v":"Zəng"},{"$i":"open-mailbox","$v":"Aç"},{"$i":"delete-all","$v":"Hamısını sil"},{"$i":"multiselect","$v":"Bir neçəsini sil"},{"$i":"select-all","$v":"Hamısı"},{"$i":"deselect-all","$v":"Heç biri"},{"$i":"delete-message","$v":"Delete message?"},{"$i":"delete-all-message","$v":"Delete all message?"},{"$i":"delete-selected-message","$v":["Delete the ",{"t":"idOrVar","v":"num"}," messages?"]},{"$i":"no-alert","$v":"Heç bir siqnal yoxdur"},{"$i":"alert-inbox","$v":"Siqnal Gələnlər"},{"$i":"amber-alert","$v":"Amber Siqnalı"},{"$i":"severe-alert","$v":"Ciddi Siqnal"},{"$i":"extreme-alert","$v":"Ekstremal Siqnal"},{"$i":"unknown-alert","$v":"Naməlum Siqnal"},{"$i":"rmt-alert","$v":"RMT Siqnalı"},{"$i":"exercise-alert","$v":"Məşq Siqnalı"},{"$i":"operator-alert","$v":"Operator Siqnalı"},{"$i":"presidential-alert","$v":"Prezident Siqnalı"},{"$i":"emergency-alerts","$v":"Təcili Siqnallar"},{"$i":"wea-ringtone-preview","$v":"WEA Zəng tonu önbaxışı"},{"$i":"wea-ringtone","$v":"WEA Zəng tonu"},{"$i":"presidential-alert-tw","$v":"Presidential Alert"},{"$i":"rmt-alert-tw","$v":"Required Monthly Test"},{"$i":"emergency-alert","$v":"Emergency Alert"},{"$i":"alert-message","$v":"Alert Message"},{"$i":"pre-alert-chinese","$v":"國家級警報"},{"$i":"emergency-alert-chinese","$v":"緊急警報"},{"$i":"emergency-message-chinese","$v":"警訊通知"},{"$i":"rmt-message-chinese","$v":"每月測試用訊息"},{"$i":"etws-warningType-earthquake","$v":"Zəlzələ xəbərdarlığı!"},{"$i":"etws-warningType-tsunami","$v":"Tsunami xəbərdarlığı!"},{"$i":"etws-warningType-earthquake-tsunami","$v":"Zəlzələ-tsunami xəbərdarlığı!"},{"$i":"etws-warningType-test","$v":"Siqnal sistemi sınaqdan keçirilir."},{"$i":"etws-warningType-other","$v":"Təcili xəbərdarlıq!"},{"$i":"national-emergency-alert-arabic","$v":"تحذير طارئ وطني"},{"$i":"emergency-alert-arabic","$v":"تحذير طارئ"},{"$i":"warning-alert-arabic","$v":"رسائل تحذيرية"},{"$i":"test-alert-arabic","$v":"رسالة تجريبية"},{"$i":"exercise-arabic","$v":"تمرين"},{"$i":"national-emergency-alert-english","$v":"National Emergency Alert"},{"$i":"warning-alert-english","$v":"Warning Alert"},{"$i":"test-alert-english","$v":"Test Alert"},{"$i":"exercise-english","$v":"Exercise"},{"$i":"extreme-alert-hebrew","$v":"התרעה חמורה"},{"$i":"warning-notification-hebrew","$v":"אזהרה"},{"$i":"informational-hebrew","$v":"מידע"},{"$i":"test-hebrew","$v":"בדיקה"},{"$i":"exercise-hebrew","$v":"תרגיל"},{"$i":"assistance-hebrew","$v":"בקשה לעזרת הציבור"},{"$i":"informational-english","$v":"Informational"},{"$i":"extreme-alert-english","$v":"Extreme Alert"},{"$i":"warning-notification-english","$v":"Warning Notification"},{"$i":"test-english","$v":"Test"},{"$i":"assistance-english","$v":"Apply for Public assistance"},{"$i":"national-emergency-alert-lithuanian","$v":"Ypatingasis įspėjimas"},{"$i":"emergency-alert-lithuanian","$v":"Svarbus įspėjimas"},{"$i":"warning-alert-lithuanian","$v":"Įspėjimas"},{"$i":"amber-alert-lithuanian","$v":"Vaiko paieška"},{"$i":"test-Lithuanian","$v":"Testas"},{"$i":"NL-alert","$v":"NL-Alert"},{"$i":"RO-alert","$v":"RO-Alert"},{"$i":"GR-alert","$v":"GR-Alert"},{"$i":"orange-alert","$v":"Orange Alert"},{"$i":"IT-Alert","$v":"IT-Alert"},{"$i":"qtn_cb_ksa_alerts_title_ar","$v":"الرسائل التحذيرية"},{"$i":"qtn_cb_ksa_alerts_title_en","$v":"Alerts"},{"$i":"qtn_cb_ksa_emergency_warn_title_ar","$v":"الرسائل التحذيرية الطارئة"},{"$i":"qtn_cb_ksa_emergency_warn_title_en","$v":"Emergency Warning Alerts"},{"$i":"qtn_cb_ksa_exercises_title_ar","$v":"تمارين"},{"$i":"qtn_cb_ksa_exercises_title_en","$v":"Exercises"},{"$i":"qtn_cb_ksa_extreme_emer_title_ar","$v":"الرسائل التحذيرية الطارئة جدا"},{"$i":"qtn_cb_ksa_extreme_emer_title_en","$v":"Extreme Emergency Warning Alerts"},{"$i":"qtn_cb_ksa_national_warn_title_en","$v":"National Warning Alerts"},{"$i":"qtn_cb_ksa_nationalwarn_title_ar","$v":"الرسائل التحذيرية الوطنية"},{"$i":"qtn_cb_ksa_test_title_ar","$v":"الرسائل التجريبية"},{"$i":"qtn_cb_ksa_test_title_en","$v":"Testing Alerts"},{"$i":"Government-Alert","$v":"Government Alert"},{"$i":"weekday-0-long","$v":"Bazar"},{"$i":"weekday-1-long","$v":"Bazar ertəsi"},{"$i":"weekday-2-long","$v":"Çərşənbə axşamı"},{"$i":"weekday-3-long","$v":"Çərşənbə"},{"$i":"weekday-4-long","$v":"Cümə axşamı"},{"$i":"weekday-5-long","$v":"Cümə"},{"$i":"weekday-6-long","$v":"Şənbə"},{"$i":"weekday-0-short","$v":"Bazar"},{"$i":"weekday-1-short","$v":"Bazar ertəsi"},{"$i":"weekday-2-short","$v":"Çərşənbə axşamı"},{"$i":"weekday-3-short","$v":"Çərşənbə"},{"$i":"weekday-4-short","$v":"Cümə axşamı"},{"$i":"weekday-5-short","$v":"Cüm"},{"$i":"weekday-6-short","$v":"Şənbə"},{"$i":"month-0-long","$v":"Yanvar"},{"$i":"month-1-long","$v":"Fevral"},{"$i":"month-2-long","$v":"Mart"},{"$i":"month-3-long","$v":"Aprel"},{"$i":"month-4-long","$v":"May"},{"$i":"month-5-long","$v":"İyun"},{"$i":"month-6-long","$v":"İyul"},{"$i":"month-7-long","$v":"Avqust"},{"$i":"month-8-long","$v":"Sentyabr"},{"$i":"month-9-long","$v":"Oktyabr"},{"$i":"month-10-long","$v":"Noyabr"},{"$i":"month-11-long","$v":"Dekabr"},{"$i":"month-0-genitive","$v":"Yanvar"},{"$i":"month-1-genitive","$v":"Fevral"},{"$i":"month-2-genitive","$v":"Mart"},{"$i":"month-3-genitive","$v":"Aprel"},{"$i":"month-4-genitive","$v":"May"},{"$i":"month-5-genitive","$v":"İyun"},{"$i":"month-6-genitive","$v":"İyul"},{"$i":"month-7-genitive","$v":"Avqust"},{"$i":"month-8-genitive","$v":"Sentyabr"},{"$i":"month-9-genitive","$v":"Oktyabr"},{"$i":"month-10-genitive","$v":"Noyabr"},{"$i":"month-11-genitive","$v":"Dekabr"},{"$i":"month-0-short","$v":"Yan"},{"$i":"month-1-short","$v":"Fev"},{"$i":"month-2-short","$v":"Mar"},{"$i":"month-3-short","$v":"Apr"},{"$i":"month-4-short","$v":"May"},{"$i":"month-5-short","$v":"İyun"},{"$i":"month-6-short","$v":"İyul"},{"$i":"month-7-short","$v":"Avq"},{"$i":"month-8-short","$v":"Sen"},{"$i":"month-9-short","$v":"Okt"},{"$i":"month-10-short","$v":"Noy"},{"$i":"month-11-short","$v":"Dek"},{"$i":"minutes-ago-long","$v":{"few":[{"t":"idOrVar","v":"value"}," dəqiqə əvvəl"],"many":[{"t":"idOrVar","v":"value"}," dəqiqə əvvəl"],"one":"bir dəqiqə əvvəl","other":[{"t":"idOrVar","v":"value"}," dəqiqə əvvəl"],"two":[{"t":"idOrVar","v":"value"}," dəqiqə əvvəl"],"zero":"indicə"},"$x":[{"t":"idOrVar","v":"plural"},"value"]},{"$i":"hours-ago-long","$v":{"few":[{"t":"idOrVar","v":"value"}," saat əvvəl"],"many":[{"t":"idOrVar","v":"value"}," saat əvvəl"],"one":"bir saat əvvəl","other":[{"t":"idOrVar","v":"value"}," saat əvvəl"],"two":[{"t":"idOrVar","v":"value"}," saat əvvəl"],"zero":"indicə"},"$x":[{"t":"idOrVar","v":"plural"},"value"]},{"$i":"days-ago-long","$v":{"few":[{"t":"idOrVar","v":"value"}," gün əvvəl"],"many":[{"t":"idOrVar","v":"value"}," gün əvvəl"],"one":"dünən","other":[{"t":"idOrVar","v":"value"}," gün əvvəl"],"two":[{"t":"idOrVar","v":"value"}," gün əvvəl"],"zero":"bu gün"},"$x":[{"t":"idOrVar","v":"plural"},"value"]},{"$i":"weeks-ago-long","$v":{"few":[{"t":"idOrVar","v":"value"}," həftə əvvəl"],"many":[{"t":"idOrVar","v":"value"}," həftə əvvəl"],"one":"sonuncu həftə","other":[{"t":"idOrVar","v":"value"}," həftə əvvəl"],"two":[{"t":"idOrVar","v":"value"}," həftə əvvəl"],"zero":"bu həftə"},"$x":[{"t":"idOrVar","v":"plural"},"value"]},{"$i":"months-ago-long","$v":{"few":[{"t":"idOrVar","v":"value"}," ay əvvəl"],"many":[{"t":"idOrVar","v":"value"}," ay əvvəl"],"one":"sonuncu ay","other":[{"t":"idOrVar","v":"value"}," ay əvvəl"],"two":[{"t":"idOrVar","v":"value"}," ay əvvəl"],"zero":"bu ay"},"$x":[{"t":"idOrVar","v":"plural"},"value"]},{"$i":"years-ago-long","$v":{"few":[{"t":"idOrVar","v":"value"}," il əvvəl"],"many":[{"t":"idOrVar","v":"value"}," il əvvəl"],"one":"sonuncu il","other":[{"t":"idOrVar","v":"value"}," il əvvəl"],"two":[{"t":"idOrVar","v":"value"}," il əvvəl"],"zero":"bu il"},"$x":[{"t":"idOrVar","v":"plural"},"value"]},{"$i":"minutes-until-long","$v":{"few":[{"t":"idOrVar","v":"value"}," dəqiqədə"],"many":[{"t":"idOrVar","v":"value"}," dəqiqədə"],"one":"bir dəqiqədə","other":[{"t":"idOrVar","v":"value"}," dəqiqədə"],"two":[{"t":"idOrVar","v":"value"}," dəqiqədə"],"zero":"indi"},"$x":[{"t":"idOrVar","v":"plural"},"value"]},{"$i":"hours-until-long","$v":{"few":[{"t":"idOrVar","v":"value"}," saatda"],"many":[{"t":"idOrVar","v":"value"}," saatda"],"one":"bir saatda","other":[{"t":"idOrVar","v":"value"}," saatda"],"two":[{"t":"idOrVar","v":"value"}," saatda"],"zero":"indi"},"$x":[{"t":"idOrVar","v":"plural"},"value"]},{"$i":"days-until-long","$v":{"few":[{"t":"idOrVar","v":"value"}," gündə"],"many":[{"t":"idOrVar","v":"value"}," gündə"],"one":"sabah","other":[{"t":"idOrVar","v":"value"}," gündə"],"two":[{"t":"idOrVar","v":"value"}," gündə"],"zero":"bu gün"},"$x":[{"t":"idOrVar","v":"plural"},"value"]},{"$i":"weeks-until-long","$v":{"few":[{"t":"idOrVar","v":"value"}," həftədə"],"many":[{"t":"idOrVar","v":"value"}," həftədə"],"one":"növbəti həftə","other":[{"t":"idOrVar","v":"value"}," həftədə"],"two":[{"t":"idOrVar","v":"value"}," həftədə"],"zero":"bu həftə"},"$x":[{"t":"idOrVar","v":"plural"},"value"]},{"$i":"months-until-long","$v":{"few":[{"t":"idOrVar","v":"value"}," ayda"],"many":[{"t":"idOrVar","v":"value"}," ayda"],"one":"növbəti ay","other":[{"t":"idOrVar","v":"value"}," ayda"],"two":[{"t":"idOrVar","v":"value"}," ayda"],"zero":"bu ay"},"$x":[{"t":"idOrVar","v":"plural"},"value"]},{"$i":"years-until-long","$v":{"few":[{"t":"idOrVar","v":"value"}," ildə"],"many":[{"t":"idOrVar","v":"value"}," ildə"],"one":"növbəti il","other":[{"t":"idOrVar","v":"value"}," ildə"],"two":[{"t":"idOrVar","v":"value"}," ildə"],"zero":"bu il"},"$x":[{"t":"idOrVar","v":"plural"},"value"]},{"$i":"minutes-ago-short","$v":{"other":[{"t":"idOrVar","v":"value"},"d əvvəl"],"zero":"indicə"},"$x":[{"t":"idOrVar","v":"plural"},"value"]},{"$i":"hours-ago-short","$v":{"other":[{"t":"idOrVar","v":"value"},"s əvvəl"],"zero":"indicə"},"$x":[{"t":"idOrVar","v":"plural"},"value"]},{"$i":"days-ago-short","$v":{"other":[{"t":"idOrVar","v":"value"},"g əvvəl"],"zero":"bu gün"},"$x":[{"t":"idOrVar","v":"plural"},"value"]},{"$i":"minutes-until-short","$v":{"other":[{"t":"idOrVar","v":"value"}," d-də"],"zero":"indi"},"$x":[{"t":"idOrVar","v":"plural"},"value"]},{"$i":"hours-until-short","$v":{"other":[{"t":"idOrVar","v":"value"}," s-da"],"zero":"indi"},"$x":[{"t":"idOrVar","v":"plural"},"value"]},{"$i":"days-until-short","$v":{"other":[{"t":"idOrVar","v":"value"}," g-də"],"zero":"bu gün"},"$x":[{"t":"idOrVar","v":"plural"},"value"]},{"$i":"incorrectDate","$v":"(yanlış tarix)"},{"$i":"dateTimeFormat_%c","$v":"%a %b %e %Y %I:%M:%S %p"},{"$i":"dateTimeFormat_%x","$v":"%m/%d/%Y"},{"$i":"dateTimeFormat_%X","$v":"%I:%M:%S %p"},{"$i":"shortTimeFormat","$v":"%I:%M %p"},{"$i":"shortTimeFormat12","$v":"%I:%M %p"},{"$i":"shortTimeFormat24","$v":"%H:%M"},{"$i":"shortDateTimeFormat","$v":"%x %I:%M %p"},{"$i":"weekStartsOnMonday","$v":"0.0"},{"$i":"firstDayOfTheWeek","$v":"1.0"},{"$i":"time_am","$v":"AM"},{"$i":"time_pm","$v":"PM"}]