[{"$i":"ok","$v":"OK"},{"$i":"go","$v":"Към"},{"$i":"play","$v":"Пускане"},{"$i":"stop","$v":"Спиране"},{"$i":"call","$v":"Повикване"},{"$i":"back","$v":"Назад"},{"$i":"today","$v":"Днес"},{"$i":"select","$v":"Избор"},{"$i":"deselect","$v":"Размаркиране"},{"$i":"delete","$v":"Изтриване"},{"$i":"cancel","$v":"Отмяна"},{"$i":"warning","$v":"Предупреждение"},{"$i":"options","$v":"Опции"},{"$i":"confirm","$v":"Потвържд."},{"$i":"open-web","$v":"Към"},{"$i":"open-dial","$v":"Повикване"},{"$i":"open-mailbox","$v":"Отваряне"},{"$i":"delete-all","$v":"Изтриване на всичко"},{"$i":"multiselect","$v":"Изтриване на няколко"},{"$i":"select-all","$v":"Всички"},{"$i":"deselect-all","$v":"Няма"},{"$i":"delete-message","$v":"Delete message?"},{"$i":"delete-all-message","$v":"Delete all message?"},{"$i":"delete-selected-message","$v":["Delete the ",{"t":"idOrVar","v":"num"}," messages?"]},{"$i":"no-alert","$v":"Няма сигнал"},{"$i":"alert-inbox","$v":"Вх. кутия за сигнали"},{"$i":"amber-alert","$v":"Amber сигнал"},{"$i":"severe-alert","$v":"Усилен сигнал"},{"$i":"extreme-alert","$v":"Екстремен сигнал"},{"$i":"unknown-alert","$v":"Непознат сигнал"},{"$i":"rmt-alert","$v":"RMT сигнал"},{"$i":"exercise-alert","$v":"Изп. на сигнал"},{"$i":"operator-alert","$v":"Сигнал на оператор"},{"$i":"presidential-alert","$v":"Президентски сигнал"},{"$i":"emergency-alerts","$v":"Спешни сигнали"},{"$i":"wea-ringtone-preview","$v":"Преглед WEA мелодия"},{"$i":"wea-ringtone","$v":"WEA мелодия"},{"$i":"presidential-alert-tw","$v":"Presidential Alert"},{"$i":"rmt-alert-tw","$v":"Required Monthly Test"},{"$i":"emergency-alert","$v":"Emergency Alert"},{"$i":"alert-message","$v":"Alert Message"},{"$i":"pre-alert-chinese","$v":"國家級警報"},{"$i":"emergency-alert-chinese","$v":"緊急警報"},{"$i":"emergency-message-chinese","$v":"警訊通知"},{"$i":"rmt-message-chinese","$v":"每月測試用訊息"},{"$i":"etws-warningType-earthquake","$v":"Предупреждение за земетресение!"},{"$i":"etws-warningType-tsunami","$v":"Пред. за цунами!"},{"$i":"etws-warningType-earthquake-tsunami","$v":"Предупр. за земетресение с цунами!"},{"$i":"etws-warningType-test","$v":"Системата за сигнали се тества."},{"$i":"etws-warningType-other","$v":"Предупр. за спешен случай!"},{"$i":"national-emergency-alert-arabic","$v":"تحذير طارئ وطني"},{"$i":"emergency-alert-arabic","$v":"تحذير طارئ"},{"$i":"warning-alert-arabic","$v":"رسائل تحذيرية"},{"$i":"test-alert-arabic","$v":"رسالة تجريبية"},{"$i":"exercise-arabic","$v":"تمرين"},{"$i":"national-emergency-alert-english","$v":"National Emergency Alert"},{"$i":"warning-alert-english","$v":"Warning Alert"},{"$i":"test-alert-english","$v":"Test Alert"},{"$i":"exercise-english","$v":"Exercise"},{"$i":"extreme-alert-hebrew","$v":"התרעה חמורה"},{"$i":"warning-notification-hebrew","$v":"אזהרה"},{"$i":"informational-hebrew","$v":"מידע"},{"$i":"test-hebrew","$v":"בדיקה"},{"$i":"exercise-hebrew","$v":"תרגיל"},{"$i":"assistance-hebrew","$v":"בקשה לעזרת הציבור"},{"$i":"informational-english","$v":"Informational"},{"$i":"extreme-alert-english","$v":"Extreme Alert"},{"$i":"warning-notification-english","$v":"Warning Notification"},{"$i":"test-english","$v":"Test"},{"$i":"assistance-english","$v":"Apply for Public assistance"},{"$i":"national-emergency-alert-lithuanian","$v":"Ypatingasis įspėjimas"},{"$i":"emergency-alert-lithuanian","$v":"Svarbus įspėjimas"},{"$i":"warning-alert-lithuanian","$v":"Įspėjimas"},{"$i":"amber-alert-lithuanian","$v":"Vaiko paieška"},{"$i":"test-Lithuanian","$v":"Testas"},{"$i":"NL-alert","$v":"NL-Alert"},{"$i":"RO-alert","$v":"RO-Alert"},{"$i":"GR-alert","$v":"GR-Alert"},{"$i":"orange-alert","$v":"Orange Alert"},{"$i":"IT-Alert","$v":"IT-Alert"},{"$i":"qtn_cb_ksa_alerts_title_ar","$v":"الرسائل التحذيرية"},{"$i":"qtn_cb_ksa_alerts_title_en","$v":"Alerts"},{"$i":"qtn_cb_ksa_emergency_warn_title_ar","$v":"الرسائل التحذيرية الطارئة"},{"$i":"qtn_cb_ksa_emergency_warn_title_en","$v":"Emergency Warning Alerts"},{"$i":"qtn_cb_ksa_exercises_title_ar","$v":"تمارين"},{"$i":"qtn_cb_ksa_exercises_title_en","$v":"Exercises"},{"$i":"qtn_cb_ksa_extreme_emer_title_ar","$v":"الرسائل التحذيرية الطارئة جدا"},{"$i":"qtn_cb_ksa_extreme_emer_title_en","$v":"Extreme Emergency Warning Alerts"},{"$i":"qtn_cb_ksa_national_warn_title_en","$v":"National Warning Alerts"},{"$i":"qtn_cb_ksa_nationalwarn_title_ar","$v":"الرسائل التحذيرية الوطنية"},{"$i":"qtn_cb_ksa_test_title_ar","$v":"الرسائل التجريبية"},{"$i":"qtn_cb_ksa_test_title_en","$v":"Testing Alerts"},{"$i":"Government-Alert","$v":"Government Alert"},{"$i":"weekday-0-long","$v":"Неделя"},{"$i":"weekday-1-long","$v":"Понеделник"},{"$i":"weekday-2-long","$v":"Вторник"},{"$i":"weekday-3-long","$v":"Сряда"},{"$i":"weekday-4-long","$v":"Четвъртък"},{"$i":"weekday-5-long","$v":"Петък"},{"$i":"weekday-6-long","$v":"Събота"},{"$i":"weekday-0-short","$v":"нед"},{"$i":"weekday-1-short","$v":"пон"},{"$i":"weekday-2-short","$v":"втор"},{"$i":"weekday-3-short","$v":"ср"},{"$i":"weekday-4-short","$v":"чт"},{"$i":"weekday-5-short","$v":"пет"},{"$i":"weekday-6-short","$v":"сб"},{"$i":"month-0-long","$v":"Януари"},{"$i":"month-1-long","$v":"Февруари"},{"$i":"month-2-long","$v":"Март"},{"$i":"month-3-long","$v":"Април"},{"$i":"month-4-long","$v":"май"},{"$i":"month-5-long","$v":"Юни"},{"$i":"month-6-long","$v":"Юли"},{"$i":"month-7-long","$v":"Август"},{"$i":"month-8-long","$v":"Септември"},{"$i":"month-9-long","$v":"Октомври"},{"$i":"month-10-long","$v":"Ноември"},{"$i":"month-11-long","$v":"Декември"},{"$i":"month-0-genitive","$v":"Януари"},{"$i":"month-1-genitive","$v":"Февруари"},{"$i":"month-2-genitive","$v":"Март"},{"$i":"month-3-genitive","$v":"Април"},{"$i":"month-4-genitive","$v":"май"},{"$i":"month-5-genitive","$v":"Юни"},{"$i":"month-6-genitive","$v":"Юли"},{"$i":"month-7-genitive","$v":"Август"},{"$i":"month-8-genitive","$v":"Септември"},{"$i":"month-9-genitive","$v":"Октомври"},{"$i":"month-10-genitive","$v":"Ноември"},{"$i":"month-11-genitive","$v":"Декември"},{"$i":"month-0-short","$v":"ян"},{"$i":"month-1-short","$v":"фев"},{"$i":"month-2-short","$v":"март"},{"$i":"month-3-short","$v":"апр"},{"$i":"month-4-short","$v":"май"},{"$i":"month-5-short","$v":"юни"},{"$i":"month-6-short","$v":"юли"},{"$i":"month-7-short","$v":"авг"},{"$i":"month-8-short","$v":"септ"},{"$i":"month-9-short","$v":"окт"},{"$i":"month-10-short","$v":"ноем"},{"$i":"month-11-short","$v":"дек"},{"$i":"minutes-ago-long","$v":{"few":["Преди ",{"t":"idOrVar","v":"value"}," минути"],"many":["Преди ",{"t":"idOrVar","v":"value"}," минути"],"one":"преди минута","other":["Преди ",{"t":"idOrVar","v":"value"}," минути"],"two":["Преди ",{"t":"idOrVar","v":"value"}," минути"],"zero":"точно сега"},"$x":[{"t":"idOrVar","v":"plural"},"value"]},{"$i":"hours-ago-long","$v":{"few":["Преди ",{"t":"idOrVar","v":"value"}," часа"],"many":["Преди ",{"t":"idOrVar","v":"value"}," часа"],"one":"преди час","other":["Преди ",{"t":"idOrVar","v":"value"}," часа"],"two":["Преди ",{"t":"idOrVar","v":"value"}," часа"],"zero":"точно сега"},"$x":[{"t":"idOrVar","v":"plural"},"value"]},{"$i":"days-ago-long","$v":{"few":["Преди ",{"t":"idOrVar","v":"value"}," дни"],"many":["Преди ",{"t":"idOrVar","v":"value"}," дни"],"one":"вчера","other":["Преди ",{"t":"idOrVar","v":"value"}," дни"],"two":["Преди ",{"t":"idOrVar","v":"value"}," дни"],"zero":"днес"},"$x":[{"t":"idOrVar","v":"plural"},"value"]},{"$i":"weeks-ago-long","$v":{"few":["Преди ",{"t":"idOrVar","v":"value"}," седмици"],"many":["Преди ",{"t":"idOrVar","v":"value"}," седмици"],"one":"последната седмица","other":["Преди ",{"t":"idOrVar","v":"value"}," седмици"],"two":["Преди ",{"t":"idOrVar","v":"value"}," седмици"],"zero":"тази седмица"},"$x":[{"t":"idOrVar","v":"plural"},"value"]},{"$i":"months-ago-long","$v":{"few":["Преди ",{"t":"idOrVar","v":"value"}," месеца"],"many":["Преди ",{"t":"idOrVar","v":"value"}," месеца"],"one":"последния месец","other":["Преди ",{"t":"idOrVar","v":"value"}," месеца"],"two":["Преди ",{"t":"idOrVar","v":"value"}," месеца"],"zero":"този месец"},"$x":[{"t":"idOrVar","v":"plural"},"value"]},{"$i":"years-ago-long","$v":{"few":["Преди ",{"t":"idOrVar","v":"value"}," години"],"many":["Преди ",{"t":"idOrVar","v":"value"}," години"],"one":"последната година","other":["Преди ",{"t":"idOrVar","v":"value"}," години"],"two":["Преди ",{"t":"idOrVar","v":"value"}," години"],"zero":"тази година"},"$x":[{"t":"idOrVar","v":"plural"},"value"]},{"$i":"minutes-until-long","$v":{"few":["след ",{"t":"idOrVar","v":"value"}," минути"],"many":["след ",{"t":"idOrVar","v":"value"}," минути"],"one":"след минута","other":["след ",{"t":"idOrVar","v":"value"}," минути"],"two":["след ",{"t":"idOrVar","v":"value"}," минути"],"zero":"сега"},"$x":[{"t":"idOrVar","v":"plural"},"value"]},{"$i":"hours-until-long","$v":{"few":["след ",{"t":"idOrVar","v":"value"}," часа"],"many":["след ",{"t":"idOrVar","v":"value"}," часа"],"one":"след час","other":["след ",{"t":"idOrVar","v":"value"}," часа"],"two":["след ",{"t":"idOrVar","v":"value"}," часа"],"zero":"сега"},"$x":[{"t":"idOrVar","v":"plural"},"value"]},{"$i":"days-until-long","$v":{"few":["след ",{"t":"idOrVar","v":"value"}," дни"],"many":["след ",{"t":"idOrVar","v":"value"}," дни"],"one":"утре","other":["след ",{"t":"idOrVar","v":"value"}," дни"],"two":["след ",{"t":"idOrVar","v":"value"}," дни"],"zero":"днес"},"$x":[{"t":"idOrVar","v":"plural"},"value"]},{"$i":"weeks-until-long","$v":{"few":["след ",{"t":"idOrVar","v":"value"}," седмици"],"many":["след ",{"t":"idOrVar","v":"value"}," седмици"],"one":"следващата седмица","other":["след ",{"t":"idOrVar","v":"value"}," седмици"],"two":["след ",{"t":"idOrVar","v":"value"}," седмици"],"zero":"тази седмица"},"$x":[{"t":"idOrVar","v":"plural"},"value"]},{"$i":"months-until-long","$v":{"few":["след ",{"t":"idOrVar","v":"value"}," месеца"],"many":["след ",{"t":"idOrVar","v":"value"}," месеца"],"one":"следващия месец","other":["след ",{"t":"idOrVar","v":"value"}," месеца"],"two":["след ",{"t":"idOrVar","v":"value"}," месеца"],"zero":"този месец"},"$x":[{"t":"idOrVar","v":"plural"},"value"]},{"$i":"years-until-long","$v":{"few":["след ",{"t":"idOrVar","v":"value"}," години"],"many":["след ",{"t":"idOrVar","v":"value"}," години"],"one":"следващата година","other":["след ",{"t":"idOrVar","v":"value"}," години"],"two":["след ",{"t":"idOrVar","v":"value"}," години"],"zero":"тази година"},"$x":[{"t":"idOrVar","v":"plural"},"value"]},{"$i":"minutes-ago-short","$v":{"other":["Преди ",{"t":"idOrVar","v":"value"}," мин."],"zero":"точно сега"},"$x":[{"t":"idOrVar","v":"plural"},"value"]},{"$i":"hours-ago-short","$v":{"other":["Преди ",{"t":"idOrVar","v":"value"}," ч."],"zero":"точно сега"},"$x":[{"t":"idOrVar","v":"plural"},"value"]},{"$i":"days-ago-short","$v":{"other":["Преди ",{"t":"idOrVar","v":"value"}," дни"],"zero":"днес"},"$x":[{"t":"idOrVar","v":"plural"},"value"]},{"$i":"minutes-until-short","$v":{"other":["след ",{"t":"idOrVar","v":"value"},"м."],"zero":"сега"},"$x":[{"t":"idOrVar","v":"plural"},"value"]},{"$i":"hours-until-short","$v":{"other":["след ",{"t":"idOrVar","v":"value"},"ч."],"zero":"сега"},"$x":[{"t":"idOrVar","v":"plural"},"value"]},{"$i":"days-until-short","$v":{"other":["след ",{"t":"idOrVar","v":"value"},"д."],"zero":"днес"},"$x":[{"t":"idOrVar","v":"plural"},"value"]},{"$i":"incorrectDate","$v":"(неправилна дата)"},{"$i":"dateTimeFormat_%c","$v":"%a %b %e %Y %I:%M:%S %p"},{"$i":"dateTimeFormat_%x","$v":"%m/%d/%Y"},{"$i":"dateTimeFormat_%X","$v":"%I:%M:%S %p"},{"$i":"shortTimeFormat","$v":"%I:%M %p"},{"$i":"shortTimeFormat12","$v":"%I:%M %p"},{"$i":"shortTimeFormat24","$v":"%H:%M"},{"$i":"shortDateTimeFormat","$v":"%x %I:%M %p"},{"$i":"weekStartsOnMonday","$v":"0.0"},{"$i":"firstDayOfTheWeek","$v":"1.0"},{"$i":"time_am","$v":"AM"},{"$i":"time_pm","$v":"PM"}]