[{"$i":"ok","$v":"ঠিক আছে"},{"$i":"go","$v":"যান"},{"$i":"play","$v":"বাজান"},{"$i":"stop","$v":"বন্ধ"},{"$i":"call","$v":"কল"},{"$i":"back","$v":"ফিরে যান"},{"$i":"today","$v":"আজ"},{"$i":"select","$v":"নির্বাচন করুন"},{"$i":"deselect","$v":"অনির্বাচন করুন"},{"$i":"delete","$v":"মুছুন"},{"$i":"cancel","$v":"বাতিল করুন"},{"$i":"warning","$v":"সতর্কতা"},{"$i":"options","$v":"বিকল্পগুলি"},{"$i":"confirm","$v":"নিশ্চিত করুন"},{"$i":"open-web","$v":"যান"},{"$i":"open-dial","$v":"কল"},{"$i":"open-mailbox","$v":"খুলুন"},{"$i":"delete-all","$v":"সমস্ত মুছে ফেলুন"},{"$i":"multiselect","$v":"একাধিক মুছুন"},{"$i":"select-all","$v":"সমস্ত"},{"$i":"deselect-all","$v":"কোনো কিছুই নয়"},{"$i":"delete-message","$v":"বার্তাটি মুছতে চান?"},{"$i":"delete-all-message","$v":"সমস্ত বার্তা মুছতে চান?"},{"$i":"delete-selected-message","$v":[{"t":"idOrVar","v":"num"}," বার্তাগুলি মুছতে চান?"]},{"$i":"no-alert","$v":"কোনো অ্যালার্ট নেই"},{"$i":"alert-inbox","$v":"অ্যালার্ট ইনবক্স"},{"$i":"amber-alert","$v":"AMBER অ্যালার্ট"},{"$i":"severe-alert","$v":"গুরুতর অ্যালার্ট"},{"$i":"extreme-alert","$v":"এক্সট্রীম অ্যালার্ট"},{"$i":"unknown-alert","$v":"অজানা অ্যালার্ট"},{"$i":"rmt-alert","$v":"RMT অ্যালার্ট"},{"$i":"exercise-alert","$v":"ব্যায়ামের অ্যালার্ট"},{"$i":"operator-alert","$v":"অপারেটর অ্যালার্ট"},{"$i":"presidential-alert","$v":"রাষ্ট্রপতির অ্যালার্ট"},{"$i":"emergency-alerts","$v":"জরুরি সতর্কতা"},{"$i":"wea-ringtone-preview","$v":"ডব্লিউ.ই.এ রিংটোন প্রিভিউ"},{"$i":"wea-ringtone","$v":"ডব্লিউ.ই.এ রিংটোন"},{"$i":"presidential-alert-tw","$v":"Presidential Alert"},{"$i":"rmt-alert-tw","$v":"Required Monthly Test"},{"$i":"emergency-alert","$v":"Emergency Alert"},{"$i":"alert-message","$v":"Alert Message"},{"$i":"pre-alert-chinese","$v":"國家級警報"},{"$i":"emergency-alert-chinese","$v":"緊急警報"},{"$i":"emergency-message-chinese","$v":"警訊通知"},{"$i":"rmt-message-chinese","$v":"每月測試用訊息"},{"$i":"etws-warningType-earthquake","$v":"ভূমিকম্পের সতর্কতা!"},{"$i":"etws-warningType-tsunami","$v":"সুনামির সতর্কতা!"},{"$i":"etws-warningType-earthquake-tsunami","$v":"ভূমিকম্প-সুনামি সতর্কতা!"},{"$i":"etws-warningType-test","$v":"অ্যালার্ট সিস্টেম পরীক্ষা করা হচ্ছে।"},{"$i":"etws-warningType-other","$v":"জরুরি সতর্কতা!"},{"$i":"national-emergency-alert-arabic","$v":"تحذير طارئ وطني"},{"$i":"emergency-alert-arabic","$v":"تحذير طارئ"},{"$i":"warning-alert-arabic","$v":"رسائل تحذيرية"},{"$i":"test-alert-arabic","$v":"رسالة تجريبية"},{"$i":"exercise-arabic","$v":"تمرين"},{"$i":"national-emergency-alert-english","$v":"National Emergency Alert"},{"$i":"warning-alert-english","$v":"Warning Alert"},{"$i":"test-alert-english","$v":"Test Alert"},{"$i":"exercise-english","$v":"Exercise"},{"$i":"extreme-alert-hebrew","$v":"התרעה חמורה"},{"$i":"warning-notification-hebrew","$v":"אזהרה"},{"$i":"informational-hebrew","$v":"מידע"},{"$i":"test-hebrew","$v":"בדיקה"},{"$i":"exercise-hebrew","$v":"תרגיל"},{"$i":"assistance-hebrew","$v":"בקשה לעזרת הציבור"},{"$i":"informational-english","$v":"Informational"},{"$i":"extreme-alert-english","$v":"Extreme Alert"},{"$i":"warning-notification-english","$v":"Warning Notification"},{"$i":"test-english","$v":"Test"},{"$i":"assistance-english","$v":"Apply for Public assistance"},{"$i":"national-emergency-alert-lithuanian","$v":"Ypatingasis įspėjimas"},{"$i":"emergency-alert-lithuanian","$v":"Svarbus įspėjimas"},{"$i":"warning-alert-lithuanian","$v":"Įspėjimas"},{"$i":"amber-alert-lithuanian","$v":"Vaiko paieška"},{"$i":"test-Lithuanian","$v":"Testas"},{"$i":"NL-alert","$v":"NL-Alert"},{"$i":"RO-alert","$v":"RO-Alert"},{"$i":"GR-alert","$v":"GR-Alert"},{"$i":"orange-alert","$v":"Orange Alert"},{"$i":"IT-Alert","$v":"IT-Alert"},{"$i":"qtn_cb_ksa_alerts_title_ar","$v":"الرسائل التحذيرية"},{"$i":"qtn_cb_ksa_alerts_title_en","$v":"Alerts"},{"$i":"qtn_cb_ksa_emergency_warn_title_ar","$v":"الرسائل التحذيرية الطارئة"},{"$i":"qtn_cb_ksa_emergency_warn_title_en","$v":"Emergency Warning Alerts"},{"$i":"qtn_cb_ksa_exercises_title_ar","$v":"تمارين"},{"$i":"qtn_cb_ksa_exercises_title_en","$v":"Exercises"},{"$i":"qtn_cb_ksa_extreme_emer_title_ar","$v":"الرسائل التحذيرية الطارئة جدا"},{"$i":"qtn_cb_ksa_extreme_emer_title_en","$v":"Extreme Emergency Warning Alerts"},{"$i":"qtn_cb_ksa_national_warn_title_en","$v":"National Warning Alerts"},{"$i":"qtn_cb_ksa_nationalwarn_title_ar","$v":"الرسائل التحذيرية الوطنية"},{"$i":"qtn_cb_ksa_test_title_ar","$v":"الرسائل التجريبية"},{"$i":"qtn_cb_ksa_test_title_en","$v":"Testing Alerts"},{"$i":"Government-Alert","$v":"Government Alert"},{"$i":"weekday-0-long","$v":"রবিবার"},{"$i":"weekday-1-long","$v":"সোমবার"},{"$i":"weekday-2-long","$v":"মঙ্গলবার"},{"$i":"weekday-3-long","$v":"বুধবার"},{"$i":"weekday-4-long","$v":"বৃহস্পতিবার"},{"$i":"weekday-5-long","$v":"শুক্রবার"},{"$i":"weekday-6-long","$v":"শনিবার"},{"$i":"weekday-0-short","$v":"রবি"},{"$i":"weekday-1-short","$v":"সোম"},{"$i":"weekday-2-short","$v":"মঙ্গল"},{"$i":"weekday-3-short","$v":"বুধ"},{"$i":"weekday-4-short","$v":"বৃহস্পতি"},{"$i":"weekday-5-short","$v":"শুক্র"},{"$i":"weekday-6-short","$v":"শনি"},{"$i":"month-0-long","$v":"জানুয়ারি"},{"$i":"month-1-long","$v":"ফেব্রুয়ারি"},{"$i":"month-2-long","$v":"মার্চ"},{"$i":"month-3-long","$v":"এপ্রিল"},{"$i":"month-4-long","$v":"মে"},{"$i":"month-5-long","$v":"জুন"},{"$i":"month-6-long","$v":"জুলাই"},{"$i":"month-7-long","$v":"আগস্ট"},{"$i":"month-8-long","$v":"সেপ্টেম্বর"},{"$i":"month-9-long","$v":"অক্টোবর"},{"$i":"month-10-long","$v":"নভেম্বর"},{"$i":"month-11-long","$v":"ডিসেম্বর"},{"$i":"month-0-genitive","$v":"জানুয়ারি"},{"$i":"month-1-genitive","$v":"ফেব্রুয়ারি"},{"$i":"month-2-genitive","$v":"মার্চ"},{"$i":"month-3-genitive","$v":"এপ্রিল"},{"$i":"month-4-genitive","$v":"মে"},{"$i":"month-5-genitive","$v":"জুন"},{"$i":"month-6-genitive","$v":"জুলাই"},{"$i":"month-7-genitive","$v":"আগস্ট"},{"$i":"month-8-genitive","$v":"সেপ্টেম্বর"},{"$i":"month-9-genitive","$v":"অক্টোবর"},{"$i":"month-10-genitive","$v":"নভেম্বর"},{"$i":"month-11-genitive","$v":"ডিসেম্বর"},{"$i":"month-0-short","$v":"জানুয়ারী"},{"$i":"month-1-short","$v":"ফেব্রুয়ারি"},{"$i":"month-2-short","$v":"মার্চ"},{"$i":"month-3-short","$v":"এপ্রিল"},{"$i":"month-4-short","$v":"মে"},{"$i":"month-5-short","$v":"জুন"},{"$i":"month-6-short","$v":"জুলাই"},{"$i":"month-7-short","$v":"আগস্ট"},{"$i":"month-8-short","$v":"সেপ্টেম্বর"},{"$i":"month-9-short","$v":"অক্টোবর"},{"$i":"month-10-short","$v":"নভেম্বর"},{"$i":"month-11-short","$v":"ডিসেম্বর"},{"$i":"minutes-ago-long","$v":{"few":[{"t":"idOrVar","v":"value"}," মিনিট আগে"],"many":[{"t":"idOrVar","v":"value"}," মিনিট আগে"],"one":"এক মিনিট আগে","other":[{"t":"idOrVar","v":"value"}," মিনিট আগে"],"two":[{"t":"idOrVar","v":"value"}," মিনিট আগে"],"zero":"এখনই"},"$x":[{"t":"idOrVar","v":"plural"},"value"]},{"$i":"hours-ago-long","$v":{"few":[{"t":"idOrVar","v":"value"}," ঘন্টা আগে"],"many":[{"t":"idOrVar","v":"value"}," ঘন্টা আগে"],"one":"এক ঘন্টা আগে","other":[{"t":"idOrVar","v":"value"}," ঘন্টা আগে"],"two":[{"t":"idOrVar","v":"value"}," ঘন্টা আগে"],"zero":"এখনই"},"$x":[{"t":"idOrVar","v":"plural"},"value"]},{"$i":"days-ago-long","$v":{"few":[{"t":"idOrVar","v":"value"}," দিন আগে"],"many":[{"t":"idOrVar","v":"value"}," দিন আগে"],"one":"গতকাল","other":[{"t":"idOrVar","v":"value"}," দিন আগে"],"two":[{"t":"idOrVar","v":"value"}," দিন আগে"],"zero":"আজ"},"$x":[{"t":"idOrVar","v":"plural"},"value"]},{"$i":"weeks-ago-long","$v":{"few":[{"t":"idOrVar","v":"value"}," সপ্তাহ আগে"],"many":[{"t":"idOrVar","v":"value"}," সপ্তাহ আগে"],"one":"গত সপ্তাহ","other":[{"t":"idOrVar","v":"value"}," সপ্তাহ আগে"],"two":[{"t":"idOrVar","v":"value"}," সপ্তাহ আগে"],"zero":"এই সপ্তাহ"},"$x":[{"t":"idOrVar","v":"plural"},"value"]},{"$i":"months-ago-long","$v":{"few":[{"t":"idOrVar","v":"value"}," মাস আগে"],"many":[{"t":"idOrVar","v":"value"}," মাস আগে"],"one":"গত মাস","other":[{"t":"idOrVar","v":"value"}," মাস আগে"],"two":[{"t":"idOrVar","v":"value"}," মাস আগে"],"zero":"এই মাস"},"$x":[{"t":"idOrVar","v":"plural"},"value"]},{"$i":"years-ago-long","$v":{"few":[{"t":"idOrVar","v":"value"}," বছর আগে"],"many":[{"t":"idOrVar","v":"value"}," বছর আগে"],"one":"গত বছর","other":[{"t":"idOrVar","v":"value"}," বছর আগে"],"two":[{"t":"idOrVar","v":"value"}," বছর আগে"],"zero":"এই বছর"},"$x":[{"t":"idOrVar","v":"plural"},"value"]},{"$i":"minutes-until-long","$v":{"few":[{"t":"idOrVar","v":"value"}," মিনিটে"],"many":[{"t":"idOrVar","v":"value"}," মিনিটে"],"one":"এক মিনিটে","other":[{"t":"idOrVar","v":"value"}," মিনিটে"],"two":[{"t":"idOrVar","v":"value"}," মিনিটে"],"zero":"এখন"},"$x":[{"t":"idOrVar","v":"plural"},"value"]},{"$i":"hours-until-long","$v":{"few":[{"t":"idOrVar","v":"value"}," ঘন্টায়"],"many":[{"t":"idOrVar","v":"value"}," ঘন্টায়"],"one":"এক ঘন্টায়","other":[{"t":"idOrVar","v":"value"}," ঘন্টায়"],"two":[{"t":"idOrVar","v":"value"}," ঘন্টায়"],"zero":"এখন"},"$x":[{"t":"idOrVar","v":"plural"},"value"]},{"$i":"days-until-long","$v":{"few":[{"t":"idOrVar","v":"value"}," দিনে"],"many":[{"t":"idOrVar","v":"value"}," দিনে"],"one":"আগামীকাল","other":[{"t":"idOrVar","v":"value"}," দিনে"],"two":[{"t":"idOrVar","v":"value"}," দিনে"],"zero":"আজ"},"$x":[{"t":"idOrVar","v":"plural"},"value"]},{"$i":"weeks-until-long","$v":{"few":[{"t":"idOrVar","v":"value"}," সপ্তাহে"],"many":[{"t":"idOrVar","v":"value"}," সপ্তাহে"],"one":"পরের সপ্তাহ","other":[{"t":"idOrVar","v":"value"}," সপ্তাহে"],"two":[{"t":"idOrVar","v":"value"}," সপ্তাহে"],"zero":"এই সপ্তাহ"},"$x":[{"t":"idOrVar","v":"plural"},"value"]},{"$i":"months-until-long","$v":{"few":[{"t":"idOrVar","v":"value"}," মাসে"],"many":[{"t":"idOrVar","v":"value"}," মাসে"],"one":"পরের মাস","other":[{"t":"idOrVar","v":"value"}," মাসে"],"two":[{"t":"idOrVar","v":"value"}," মাসে"],"zero":"এই মাস"},"$x":[{"t":"idOrVar","v":"plural"},"value"]},{"$i":"years-until-long","$v":{"few":[{"t":"idOrVar","v":"value"}," বছরে"],"many":[{"t":"idOrVar","v":"value"}," বছরে"],"one":"পরের বছর","other":[{"t":"idOrVar","v":"value"}," বছরে"],"two":[{"t":"idOrVar","v":"value"}," বছরে"],"zero":"এই বছর"},"$x":[{"t":"idOrVar","v":"plural"},"value"]},{"$i":"minutes-ago-short","$v":{"other":[{"t":"idOrVar","v":"value"},"মিনিট আগে"],"zero":"এখনই"},"$x":[{"t":"idOrVar","v":"plural"},"value"]},{"$i":"hours-ago-short","$v":{"other":[{"t":"idOrVar","v":"value"},"ঘন্টা আগে"],"zero":"এখনই"},"$x":[{"t":"idOrVar","v":"plural"},"value"]},{"$i":"days-ago-short","$v":{"other":[{"t":"idOrVar","v":"value"},"দিন আগে"],"zero":"আজ"},"$x":[{"t":"idOrVar","v":"plural"},"value"]},{"$i":"minutes-until-short","$v":{"other":[{"t":"idOrVar","v":"value"},"মাসে"],"zero":"এখন"},"$x":[{"t":"idOrVar","v":"plural"},"value"]},{"$i":"hours-until-short","$v":{"other":[{"t":"idOrVar","v":"value"},"ঘন্টায়"],"zero":"এখন"},"$x":[{"t":"idOrVar","v":"plural"},"value"]},{"$i":"days-until-short","$v":{"other":[{"t":"idOrVar","v":"value"},"দিনে"],"zero":"আজ"},"$x":[{"t":"idOrVar","v":"plural"},"value"]},{"$i":"incorrectDate","$v":"(ভুল তারিখ)"},{"$i":"dateTimeFormat_%c","$v":"%a %b %e %Y %I:%M:%S %p"},{"$i":"dateTimeFormat_%x","$v":"%m/%d/%Y"},{"$i":"dateTimeFormat_%X","$v":"%I:%M:%S %p"},{"$i":"shortTimeFormat","$v":"%I:%M %p"},{"$i":"shortTimeFormat12","$v":"%I:%M %p"},{"$i":"shortTimeFormat24","$v":"%H:%M"},{"$i":"shortDateTimeFormat","$v":"%x %I:%M %p"},{"$i":"weekStartsOnMonday","$v":"0.0"},{"$i":"firstDayOfTheWeek","$v":"0.0"},{"$i":"time_am","$v":"AM"},{"$i":"time_pm","$v":"PM"}]