[{"$i":"ok","$v":"OK"},{"$i":"go","$v":"Mine"},{"$i":"play","$v":"Esita"},{"$i":"stop","$v":"Peata"},{"$i":"call","$v":"Helistamine"},{"$i":"back","$v":"Tagasi"},{"$i":"today","$v":"Täna"},{"$i":"select","$v":"Vali"},{"$i":"deselect","$v":"Tühista valik"},{"$i":"delete","$v":"Kustuta"},{"$i":"cancel","$v":"Tühista"},{"$i":"warning","$v":"Hoiatus!"},{"$i":"options","$v":"Valikud"},{"$i":"confirm","$v":"Kinnita"},{"$i":"open-web","$v":"Mine"},{"$i":"open-dial","$v":"Helista"},{"$i":"open-mailbox","$v":"Ava"},{"$i":"delete-all","$v":"Kustuta kõik"},{"$i":"multiselect","$v":"Kustuta mitu"},{"$i":"select-all","$v":"Kõik"},{"$i":"deselect-all","$v":"Puudub"},{"$i":"delete-message","$v":"Delete message?"},{"$i":"delete-all-message","$v":"Delete all message?"},{"$i":"delete-selected-message","$v":["Delete the ",{"t":"idOrVar","v":"num"}," messages?"]},{"$i":"no-alert","$v":"Märguannet pole"},{"$i":"alert-inbox","$v":"Vastuvõetud märguanded"},{"$i":"amber-alert","$v":"AMBERi märguanne"},{"$i":"severe-alert","$v":"Tõsine märguanne"},{"$i":"extreme-alert","$v":"Äärmuslik märguanne"},{"$i":"unknown-alert","$v":"Tundmatu märguanne"},{"$i":"rmt-alert","$v":"RMT-märguanne"},{"$i":"exercise-alert","$v":"Harjutuse märguanne"},{"$i":"operator-alert","$v":"Operaatori märguanne"},{"$i":"presidential-alert","$v":"Presidendi hoiatus"},{"$i":"emergency-alerts","$v":"Hädaolukorra märguanded"},{"$i":"wea-ringtone-preview","$v":"WEA helina eelvaade"},{"$i":"wea-ringtone","$v":"WEA helin"},{"$i":"presidential-alert-tw","$v":"Presidential Alert"},{"$i":"rmt-alert-tw","$v":"Required Monthly Test"},{"$i":"emergency-alert","$v":"Emergency Alert"},{"$i":"alert-message","$v":"Alert Message"},{"$i":"pre-alert-chinese","$v":"國家級警報"},{"$i":"emergency-alert-chinese","$v":"緊急警報"},{"$i":"emergency-message-chinese","$v":"警訊通知"},{"$i":"rmt-message-chinese","$v":"每月測試用訊息"},{"$i":"etws-warningType-earthquake","$v":"Maavärinahoiatus!"},{"$i":"etws-warningType-tsunami","$v":"Tsunamihoiatus!"},{"$i":"etws-warningType-earthquake-tsunami","$v":"Maavärina-tsunami hoiatus!"},{"$i":"etws-warningType-test","$v":"Märguannete süsteemi testitakse."},{"$i":"etws-warningType-other","$v":"Hädaabihoiatus!"},{"$i":"national-emergency-alert-arabic","$v":"تحذير طارئ وطني"},{"$i":"emergency-alert-arabic","$v":"تحذير طارئ"},{"$i":"warning-alert-arabic","$v":"رسائل تحذيرية"},{"$i":"test-alert-arabic","$v":"رسالة تجريبية"},{"$i":"exercise-arabic","$v":"تمرين"},{"$i":"national-emergency-alert-english","$v":"National Emergency Alert"},{"$i":"warning-alert-english","$v":"Warning Alert"},{"$i":"test-alert-english","$v":"Test Alert"},{"$i":"exercise-english","$v":"Exercise"},{"$i":"extreme-alert-hebrew","$v":"התרעה חמורה"},{"$i":"warning-notification-hebrew","$v":"אזהרה"},{"$i":"informational-hebrew","$v":"מידע"},{"$i":"test-hebrew","$v":"בדיקה"},{"$i":"exercise-hebrew","$v":"תרגיל"},{"$i":"assistance-hebrew","$v":"בקשה לעזרת הציבור"},{"$i":"informational-english","$v":"Informational"},{"$i":"extreme-alert-english","$v":"Extreme Alert"},{"$i":"warning-notification-english","$v":"Warning Notification"},{"$i":"test-english","$v":"Test"},{"$i":"assistance-english","$v":"Apply for Public assistance"},{"$i":"national-emergency-alert-lithuanian","$v":"Ypatingasis įspėjimas"},{"$i":"emergency-alert-lithuanian","$v":"Svarbus įspėjimas"},{"$i":"warning-alert-lithuanian","$v":"Įspėjimas"},{"$i":"amber-alert-lithuanian","$v":"Vaiko paieška"},{"$i":"test-Lithuanian","$v":"Testas"},{"$i":"NL-alert","$v":"NL-Alert"},{"$i":"RO-alert","$v":"RO-Alert"},{"$i":"GR-alert","$v":"GR-Alert"},{"$i":"orange-alert","$v":"Orange Alert"},{"$i":"IT-Alert","$v":"IT-Alert"},{"$i":"qtn_cb_ksa_alerts_title_ar","$v":"الرسائل التحذيرية"},{"$i":"qtn_cb_ksa_alerts_title_en","$v":"Alerts"},{"$i":"qtn_cb_ksa_emergency_warn_title_ar","$v":"الرسائل التحذيرية الطارئة"},{"$i":"qtn_cb_ksa_emergency_warn_title_en","$v":"Emergency Warning Alerts"},{"$i":"qtn_cb_ksa_exercises_title_ar","$v":"تمارين"},{"$i":"qtn_cb_ksa_exercises_title_en","$v":"Exercises"},{"$i":"qtn_cb_ksa_extreme_emer_title_ar","$v":"الرسائل التحذيرية الطارئة جدا"},{"$i":"qtn_cb_ksa_extreme_emer_title_en","$v":"Extreme Emergency Warning Alerts"},{"$i":"qtn_cb_ksa_national_warn_title_en","$v":"National Warning Alerts"},{"$i":"qtn_cb_ksa_nationalwarn_title_ar","$v":"الرسائل التحذيرية الوطنية"},{"$i":"qtn_cb_ksa_test_title_ar","$v":"الرسائل التجريبية"},{"$i":"qtn_cb_ksa_test_title_en","$v":"Testing Alerts"},{"$i":"Government-Alert","$v":"Government Alert"},{"$i":"weekday-0-long","$v":"Pühapäev"},{"$i":"weekday-1-long","$v":"Esmaspäev"},{"$i":"weekday-2-long","$v":"Teisipäev"},{"$i":"weekday-3-long","$v":"Kolmapäev"},{"$i":"weekday-4-long","$v":"Neljapäev"},{"$i":"weekday-5-long","$v":"Reede"},{"$i":"weekday-6-long","$v":"Laupäev"},{"$i":"weekday-0-short","$v":"P"},{"$i":"weekday-1-short","$v":"E"},{"$i":"weekday-2-short","$v":"T"},{"$i":"weekday-3-short","$v":"K"},{"$i":"weekday-4-short","$v":"N"},{"$i":"weekday-5-short","$v":"R"},{"$i":"weekday-6-short","$v":"L"},{"$i":"month-0-long","$v":"Jaanuar"},{"$i":"month-1-long","$v":"Veebruar"},{"$i":"month-2-long","$v":"Märts"},{"$i":"month-3-long","$v":"Aprill"},{"$i":"month-4-long","$v":"Mai"},{"$i":"month-5-long","$v":"Juuni"},{"$i":"month-6-long","$v":"Juuli"},{"$i":"month-7-long","$v":"August"},{"$i":"month-8-long","$v":"September"},{"$i":"month-9-long","$v":"Oktoober"},{"$i":"month-10-long","$v":"November"},{"$i":"month-11-long","$v":"Detsember"},{"$i":"month-0-genitive","$v":"Jaanuar"},{"$i":"month-1-genitive","$v":"Veebruar"},{"$i":"month-2-genitive","$v":"Märts"},{"$i":"month-3-genitive","$v":"Aprill"},{"$i":"month-4-genitive","$v":"Mai"},{"$i":"month-5-genitive","$v":"Juuni"},{"$i":"month-6-genitive","$v":"Juuli"},{"$i":"month-7-genitive","$v":"August"},{"$i":"month-8-genitive","$v":"September"},{"$i":"month-9-genitive","$v":"Oktoober"},{"$i":"month-10-genitive","$v":"November"},{"$i":"month-11-genitive","$v":"Detsember"},{"$i":"month-0-short","$v":"jaan"},{"$i":"month-1-short","$v":"veebr"},{"$i":"month-2-short","$v":"märts"},{"$i":"month-3-short","$v":"apr"},{"$i":"month-4-short","$v":"Mai"},{"$i":"month-5-short","$v":"juuni"},{"$i":"month-6-short","$v":"juuli"},{"$i":"month-7-short","$v":"aug"},{"$i":"month-8-short","$v":"sept"},{"$i":"month-9-short","$v":"okt"},{"$i":"month-10-short","$v":"nov"},{"$i":"month-11-short","$v":"dets"},{"$i":"minutes-ago-long","$v":{"few":[{"t":"idOrVar","v":"value"}," minutit tagasi"],"many":[{"t":"idOrVar","v":"value"}," minutit tagasi"],"one":"üks minut tagasi","other":[{"t":"idOrVar","v":"value"}," minutit tagasi"],"two":[{"t":"idOrVar","v":"value"}," minutit tagasi"],"zero":"just nüüd"},"$x":[{"t":"idOrVar","v":"plural"},"value"]},{"$i":"hours-ago-long","$v":{"few":[{"t":"idOrVar","v":"value"}," tundi tagasi"],"many":[{"t":"idOrVar","v":"value"}," tundi tagasi"],"one":"tund aega tagasi","other":[{"t":"idOrVar","v":"value"}," tundi tagasi"],"two":[{"t":"idOrVar","v":"value"}," tundi tagasi"],"zero":"just nüüd"},"$x":[{"t":"idOrVar","v":"plural"},"value"]},{"$i":"days-ago-long","$v":{"few":[{"t":"idOrVar","v":"value"}," päeva tagasi"],"many":[{"t":"idOrVar","v":"value"}," päeva tagasi"],"one":"eile","other":[{"t":"idOrVar","v":"value"}," päeva tagasi"],"two":[{"t":"idOrVar","v":"value"}," päeva tagasi"],"zero":"täna"},"$x":[{"t":"idOrVar","v":"plural"},"value"]},{"$i":"weeks-ago-long","$v":{"few":[{"t":"idOrVar","v":"value"}," nädalat tagasi"],"many":[{"t":"idOrVar","v":"value"}," nädalat tagasi"],"one":"eelmine nädal","other":[{"t":"idOrVar","v":"value"}," nädalat tagasi"],"two":[{"t":"idOrVar","v":"value"}," nädalat tagasi"],"zero":"sel nädalal"},"$x":[{"t":"idOrVar","v":"plural"},"value"]},{"$i":"months-ago-long","$v":{"few":[{"t":"idOrVar","v":"value"}," kuud tagasi"],"many":[{"t":"idOrVar","v":"value"}," kuud tagasi"],"one":"eelmine kuu","other":[{"t":"idOrVar","v":"value"}," kuud tagasi"],"two":[{"t":"idOrVar","v":"value"}," kuud tagasi"],"zero":"see kuu"},"$x":[{"t":"idOrVar","v":"plural"},"value"]},{"$i":"years-ago-long","$v":{"few":[{"t":"idOrVar","v":"value"}," aastat tagasi"],"many":[{"t":"idOrVar","v":"value"}," aastat tagasi"],"one":"eelmine aasta","other":[{"t":"idOrVar","v":"value"}," aastat tagasi"],"two":[{"t":"idOrVar","v":"value"}," aastat tagasi"],"zero":"see aasta"},"$x":[{"t":"idOrVar","v":"plural"},"value"]},{"$i":"minutes-until-long","$v":{"few":[{"t":"idOrVar","v":"value"}," minuti pärast"],"many":[{"t":"idOrVar","v":"value"}," minuti pärast"],"one":"minuti pärast","other":[{"t":"idOrVar","v":"value"}," minuti pärast"],"two":[{"t":"idOrVar","v":"value"}," minuti pärast"],"zero":"kohe"},"$x":[{"t":"idOrVar","v":"plural"},"value"]},{"$i":"hours-until-long","$v":{"few":[{"t":"idOrVar","v":"value"}," tunni pärast"],"many":[{"t":"idOrVar","v":"value"}," tunni pärast"],"one":"tunni pärast","other":[{"t":"idOrVar","v":"value"}," tunni pärast"],"two":[{"t":"idOrVar","v":"value"}," tunni pärast"],"zero":"kohe"},"$x":[{"t":"idOrVar","v":"plural"},"value"]},{"$i":"days-until-long","$v":{"few":[{"t":"idOrVar","v":"value"}," päeva pärast"],"many":[{"t":"idOrVar","v":"value"}," päeva pärast"],"one":"homme","other":[{"t":"idOrVar","v":"value"}," päeva pärast"],"two":[{"t":"idOrVar","v":"value"}," päeva pärast"],"zero":"täna"},"$x":[{"t":"idOrVar","v":"plural"},"value"]},{"$i":"weeks-until-long","$v":{"few":[{"t":"idOrVar","v":"value"}," nädala pärast"],"many":[{"t":"idOrVar","v":"value"}," nädala pärast"],"one":"järgmine nädal","other":[{"t":"idOrVar","v":"value"}," nädala pärast"],"two":[{"t":"idOrVar","v":"value"}," nädala pärast"],"zero":"sel nädalal"},"$x":[{"t":"idOrVar","v":"plural"},"value"]},{"$i":"months-until-long","$v":{"few":[{"t":"idOrVar","v":"value"}," kuu pärast"],"many":[{"t":"idOrVar","v":"value"}," kuu pärast"],"one":"järgmine kuu","other":[{"t":"idOrVar","v":"value"}," kuu pärast"],"two":[{"t":"idOrVar","v":"value"}," kuu pärast"],"zero":"see kuu"},"$x":[{"t":"idOrVar","v":"plural"},"value"]},{"$i":"years-until-long","$v":{"few":[{"t":"idOrVar","v":"value"}," aasta pärast"],"many":[{"t":"idOrVar","v":"value"}," aasta pärast"],"one":"järgmine aasta","other":[{"t":"idOrVar","v":"value"}," aasta pärast"],"two":[{"t":"idOrVar","v":"value"}," aasta pärast"],"zero":"see aasta"},"$x":[{"t":"idOrVar","v":"plural"},"value"]},{"$i":"minutes-ago-short","$v":{"other":[{"t":"idOrVar","v":"value"}," m tagasi"],"zero":"just nüüd"},"$x":[{"t":"idOrVar","v":"plural"},"value"]},{"$i":"hours-ago-short","$v":{"other":[{"t":"idOrVar","v":"value"}," h tagasi"],"zero":"just nüüd"},"$x":[{"t":"idOrVar","v":"plural"},"value"]},{"$i":"days-ago-short","$v":{"other":[{"t":"idOrVar","v":"value"}," p tagasi"],"zero":"täna"},"$x":[{"t":"idOrVar","v":"plural"},"value"]},{"$i":"minutes-until-short","$v":{"other":[{"t":"idOrVar","v":"value"}," min pärast"],"zero":"kohe"},"$x":[{"t":"idOrVar","v":"plural"},"value"]},{"$i":"hours-until-short","$v":{"other":[{"t":"idOrVar","v":"value"},"h pärast"],"zero":"kohe"},"$x":[{"t":"idOrVar","v":"plural"},"value"]},{"$i":"days-until-short","$v":{"other":[{"t":"idOrVar","v":"value"},"p pärast"],"zero":"täna"},"$x":[{"t":"idOrVar","v":"plural"},"value"]},{"$i":"incorrectDate","$v":"(vale kuupäev)"},{"$i":"dateTimeFormat_%c","$v":"%a %b %e %Y %I:%M:%S %p"},{"$i":"dateTimeFormat_%x","$v":"%m/%d/%Y"},{"$i":"dateTimeFormat_%X","$v":"%I:%M:%S %p"},{"$i":"shortTimeFormat","$v":"%I:%M %p"},{"$i":"shortTimeFormat12","$v":"%I:%M %p"},{"$i":"shortTimeFormat24","$v":"%H:%M"},{"$i":"shortDateTimeFormat","$v":"%x %I:%M %p"},{"$i":"weekStartsOnMonday","$v":"0.0"},{"$i":"firstDayOfTheWeek","$v":"1.0"},{"$i":"time_am","$v":"AM"},{"$i":"time_pm","$v":"PM"}]