[{"$i":"ok","$v":"OK"},{"$i":"go","$v":"Aller"},{"$i":"play","$v":"Écouter"},{"$i":"stop","$v":"Arrêter"},{"$i":"call","$v":"Appeler"},{"$i":"back","$v":"Retour"},{"$i":"today","$v":"Aujourd'hui"},{"$i":"select","$v":"Sélectionner"},{"$i":"deselect","$v":"Désélectionner"},{"$i":"delete","$v":"Supprimer"},{"$i":"cancel","$v":"Annuler"},{"$i":"warning","$v":"Avertissement"},{"$i":"options","$v":"Options"},{"$i":"confirm","$v":"Confirmation"},{"$i":"open-web","$v":"Aller"},{"$i":"open-dial","$v":"Appeler"},{"$i":"open-mailbox","$v":"Ouvrir"},{"$i":"delete-all","$v":"Supprimer tout"},{"$i":"multiselect","$v":"Suppression multiple"},{"$i":"select-all","$v":"Tout"},{"$i":"deselect-all","$v":"Aucun"},{"$i":"delete-message","$v":"Supprimer le message?"},{"$i":"delete-all-message","$v":"Supprimer tous les messages?"},{"$i":"delete-selected-message","$v":["Supprimer ces ",{"t":"idOrVar","v":"num"}," messages?"]},{"$i":"no-alert","$v":"Aucune alerte"},{"$i":"alert-inbox","$v":"Boîte de réception des alertes"},{"$i":"amber-alert","$v":"Alerte ambre"},{"$i":"severe-alert","$v":"Alerte grave"},{"$i":"extreme-alert","$v":"Alerte extrême"},{"$i":"unknown-alert","$v":"Alerte inconnue"},{"$i":"rmt-alert","$v":"Alerte RMT"},{"$i":"exercise-alert","$v":"Alerte d'essai"},{"$i":"operator-alert","$v":"Alerte de l'opérateur"},{"$i":"presidential-alert","$v":"Alerte présidentielle"},{"$i":"emergency-alerts","$v":"Alertes d'urgence sans fil"},{"$i":"wea-ringtone-preview","$v":"Aperçu de la sonnerie d'alerte en cas d'urgence"},{"$i":"wea-ringtone","$v":"Sonnerie d'alerte en cas d'urgence"},{"$i":"presidential-alert-tw","$v":"Presidential Alert"},{"$i":"rmt-alert-tw","$v":"Required Monthly Test"},{"$i":"emergency-alert","$v":"Emergency Alert"},{"$i":"alert-message","$v":"Alert Message"},{"$i":"pre-alert-chinese","$v":"國家級警報"},{"$i":"emergency-alert-chinese","$v":"緊急警報"},{"$i":"emergency-message-chinese","$v":"警訊通知"},{"$i":"rmt-message-chinese","$v":"每月測試用訊息"},{"$i":"etws-warningType-earthquake","$v":"Avertissement de séisme!"},{"$i":"etws-warningType-tsunami","$v":"Avertissement de tsunami!"},{"$i":"etws-warningType-earthquake-tsunami","$v":"Avertissement de séisme-tsunami!"},{"$i":"etws-warningType-test","$v":"Le système d'alerte a été testé."},{"$i":"etws-warningType-other","$v":"Avertissement d'urgence!"},{"$i":"national-emergency-alert-arabic","$v":"تحذير طارئ وطني"},{"$i":"emergency-alert-arabic","$v":"تحذير طارئ"},{"$i":"warning-alert-arabic","$v":"رسائل تحذيرية"},{"$i":"test-alert-arabic","$v":"رسالة تجريبية"},{"$i":"exercise-arabic","$v":"تمرين"},{"$i":"national-emergency-alert-english","$v":"National Emergency Alert"},{"$i":"warning-alert-english","$v":"Warning Alert"},{"$i":"test-alert-english","$v":"Test Alert"},{"$i":"exercise-english","$v":"Exercise"},{"$i":"extreme-alert-hebrew","$v":"התרעה חמורה"},{"$i":"warning-notification-hebrew","$v":"אזהרה"},{"$i":"informational-hebrew","$v":"מידע"},{"$i":"test-hebrew","$v":"בדיקה"},{"$i":"exercise-hebrew","$v":"תרגיל"},{"$i":"assistance-hebrew","$v":"בקשה לעזרת הציבור"},{"$i":"informational-english","$v":"Informational"},{"$i":"extreme-alert-english","$v":"Extreme Alert"},{"$i":"warning-notification-english","$v":"Warning Notification"},{"$i":"test-english","$v":"Test"},{"$i":"assistance-english","$v":"Apply for Public assistance"},{"$i":"national-emergency-alert-lithuanian","$v":"Ypatingasis įspėjimas"},{"$i":"emergency-alert-lithuanian","$v":"Svarbus įspėjimas"},{"$i":"warning-alert-lithuanian","$v":"Įspėjimas"},{"$i":"amber-alert-lithuanian","$v":"Vaiko paieška"},{"$i":"test-Lithuanian","$v":"Testas"},{"$i":"NL-alert","$v":"NL-Alert"},{"$i":"RO-alert","$v":"RO-Alert"},{"$i":"GR-alert","$v":"GR-Alert"},{"$i":"orange-alert","$v":"Orange Alert"},{"$i":"IT-Alert","$v":"IT-Alert"},{"$i":"qtn_cb_ksa_alerts_title_ar","$v":"الرسائل التحذيرية"},{"$i":"qtn_cb_ksa_alerts_title_en","$v":"Alerts"},{"$i":"qtn_cb_ksa_emergency_warn_title_ar","$v":"الرسائل التحذيرية الطارئة"},{"$i":"qtn_cb_ksa_emergency_warn_title_en","$v":"Emergency Warning Alerts"},{"$i":"qtn_cb_ksa_exercises_title_ar","$v":"تمارين"},{"$i":"qtn_cb_ksa_exercises_title_en","$v":"Exercises"},{"$i":"qtn_cb_ksa_extreme_emer_title_ar","$v":"الرسائل التحذيرية الطارئة جدا"},{"$i":"qtn_cb_ksa_extreme_emer_title_en","$v":"Extreme Emergency Warning Alerts"},{"$i":"qtn_cb_ksa_national_warn_title_en","$v":"National Warning Alerts"},{"$i":"qtn_cb_ksa_nationalwarn_title_ar","$v":"الرسائل التحذيرية الوطنية"},{"$i":"qtn_cb_ksa_test_title_ar","$v":"الرسائل التجريبية"},{"$i":"qtn_cb_ksa_test_title_en","$v":"Testing Alerts"},{"$i":"Government-Alert","$v":"Government Alert"},{"$i":"weekday-0-long","$v":"Dimanche"},{"$i":"weekday-1-long","$v":"Lundi"},{"$i":"weekday-2-long","$v":"Mardi"},{"$i":"weekday-3-long","$v":"Mercredi"},{"$i":"weekday-4-long","$v":"Jeudi"},{"$i":"weekday-5-long","$v":"Vendredi"},{"$i":"weekday-6-long","$v":"Samedi"},{"$i":"weekday-0-short","$v":"Dim"},{"$i":"weekday-1-short","$v":"Lun"},{"$i":"weekday-2-short","$v":"Mar"},{"$i":"weekday-3-short","$v":"Mer"},{"$i":"weekday-4-short","$v":"Jeu"},{"$i":"weekday-5-short","$v":"Ven"},{"$i":"weekday-6-short","$v":"Sam"},{"$i":"month-0-long","$v":"Janvier"},{"$i":"month-1-long","$v":"Février"},{"$i":"month-2-long","$v":"Mars"},{"$i":"month-3-long","$v":"Avril"},{"$i":"month-4-long","$v":"Mai"},{"$i":"month-5-long","$v":"Juin"},{"$i":"month-6-long","$v":"Juillet"},{"$i":"month-7-long","$v":"Août"},{"$i":"month-8-long","$v":"Septembre"},{"$i":"month-9-long","$v":"Octobre"},{"$i":"month-10-long","$v":"Novembre"},{"$i":"month-11-long","$v":"Décembre"},{"$i":"month-0-genitive","$v":"Janvier"},{"$i":"month-1-genitive","$v":"Février"},{"$i":"month-2-genitive","$v":"Mars"},{"$i":"month-3-genitive","$v":"Avril"},{"$i":"month-4-genitive","$v":"Mai"},{"$i":"month-5-genitive","$v":"Juin"},{"$i":"month-6-genitive","$v":"Juillet"},{"$i":"month-7-genitive","$v":"Août"},{"$i":"month-8-genitive","$v":"Septembre"},{"$i":"month-9-genitive","$v":"Octobre"},{"$i":"month-10-genitive","$v":"Novembre"},{"$i":"month-11-genitive","$v":"Décembre"},{"$i":"month-0-short","$v":"Jan"},{"$i":"month-1-short","$v":"Fév"},{"$i":"month-2-short","$v":"Mar"},{"$i":"month-3-short","$v":"Avr"},{"$i":"month-4-short","$v":"Mai"},{"$i":"month-5-short","$v":"Jun"},{"$i":"month-6-short","$v":"Jul"},{"$i":"month-7-short","$v":"Aoû"},{"$i":"month-8-short","$v":"Sep"},{"$i":"month-9-short","$v":"Oct"},{"$i":"month-10-short","$v":"Nov"},{"$i":"month-11-short","$v":"Déc"},{"$i":"minutes-ago-long","$v":{"few":["il y a ",{"t":"idOrVar","v":"value"}," minutes"],"many":["il y a ",{"t":"idOrVar","v":"value"}," minutes"],"one":"il y a une minute","other":["il y a ",{"t":"idOrVar","v":"value"}," minutes"],"two":["il y a ",{"t":"idOrVar","v":"value"}," minutes"],"zero":"juste maintenant"},"$x":[{"t":"idOrVar","v":"plural"},"value"]},{"$i":"hours-ago-long","$v":{"few":["il y a ",{"t":"idOrVar","v":"value"}," heures"],"many":["il y a ",{"t":"idOrVar","v":"value"}," heures"],"one":"il y a une heure","other":["il y a ",{"t":"idOrVar","v":"value"}," heures"],"two":["il y a ",{"t":"idOrVar","v":"value"}," heures"],"zero":"juste maintenant"},"$x":[{"t":"idOrVar","v":"plural"},"value"]},{"$i":"days-ago-long","$v":{"few":["il y a ",{"t":"idOrVar","v":"value"}," jours"],"many":["il y a ",{"t":"idOrVar","v":"value"}," jours"],"one":"hier","other":["il y a ",{"t":"idOrVar","v":"value"}," jours"],"two":["il y a ",{"t":"idOrVar","v":"value"}," jours"],"zero":"aujourd'hui"},"$x":[{"t":"idOrVar","v":"plural"},"value"]},{"$i":"weeks-ago-long","$v":{"few":["il y a ",{"t":"idOrVar","v":"value"}," semaines"],"many":["il y a ",{"t":"idOrVar","v":"value"}," semaines"],"one":"la semaine dernière","other":["il y a ",{"t":"idOrVar","v":"value"}," semaines"],"two":["il y a ",{"t":"idOrVar","v":"value"}," semaines"],"zero":"cette semaine"},"$x":[{"t":"idOrVar","v":"plural"},"value"]},{"$i":"months-ago-long","$v":{"few":["il y a ",{"t":"idOrVar","v":"value"}," mois"],"many":["il y a ",{"t":"idOrVar","v":"value"}," mois"],"one":"le mois dernier","other":["il y a ",{"t":"idOrVar","v":"value"}," mois"],"two":["il y a ",{"t":"idOrVar","v":"value"}," mois"],"zero":"ce mois"},"$x":[{"t":"idOrVar","v":"plural"},"value"]},{"$i":"years-ago-long","$v":{"few":["il y a ",{"t":"idOrVar","v":"value"}," années"],"many":["il y a ",{"t":"idOrVar","v":"value"}," années"],"one":"l'année dernière","other":["il y a ",{"t":"idOrVar","v":"value"}," années"],"two":["il y a ",{"t":"idOrVar","v":"value"}," années"],"zero":"cette année"},"$x":[{"t":"idOrVar","v":"plural"},"value"]},{"$i":"minutes-until-long","$v":{"few":["dans ",{"t":"idOrVar","v":"value"}," minutes"],"many":["dans ",{"t":"idOrVar","v":"value"}," minutes"],"one":"dans une minute","other":["dans ",{"t":"idOrVar","v":"value"}," minutes"],"two":["dans ",{"t":"idOrVar","v":"value"}," minutes"],"zero":"maintenant"},"$x":[{"t":"idOrVar","v":"plural"},"value"]},{"$i":"hours-until-long","$v":{"few":["dans ",{"t":"idOrVar","v":"value"}," heures"],"many":["dans ",{"t":"idOrVar","v":"value"}," heures"],"one":"dans une heure","other":["dans ",{"t":"idOrVar","v":"value"}," heures"],"two":["dans ",{"t":"idOrVar","v":"value"}," heures"],"zero":"maintenant"},"$x":[{"t":"idOrVar","v":"plural"},"value"]},{"$i":"days-until-long","$v":{"few":["dans ",{"t":"idOrVar","v":"value"}," jours"],"many":["dans ",{"t":"idOrVar","v":"value"}," jours"],"one":"demain","other":["dans ",{"t":"idOrVar","v":"value"}," jours"],"two":["dans ",{"t":"idOrVar","v":"value"}," jours"],"zero":"aujourd'hui"},"$x":[{"t":"idOrVar","v":"plural"},"value"]},{"$i":"weeks-until-long","$v":{"few":["dans ",{"t":"idOrVar","v":"value"}," semaines"],"many":["dans ",{"t":"idOrVar","v":"value"}," semaines"],"one":"la semaine prochaine","other":["dans ",{"t":"idOrVar","v":"value"}," semaines"],"two":["dans ",{"t":"idOrVar","v":"value"}," semaines"],"zero":"cette semaine"},"$x":[{"t":"idOrVar","v":"plural"},"value"]},{"$i":"months-until-long","$v":{"few":["dans ",{"t":"idOrVar","v":"value"}," mois"],"many":["dans ",{"t":"idOrVar","v":"value"}," mois"],"one":"le mois prochain","other":["dans ",{"t":"idOrVar","v":"value"}," mois"],"two":["dans ",{"t":"idOrVar","v":"value"}," mois"],"zero":"ce mois"},"$x":[{"t":"idOrVar","v":"plural"},"value"]},{"$i":"years-until-long","$v":{"few":["dans ",{"t":"idOrVar","v":"value"}," années"],"many":["dans ",{"t":"idOrVar","v":"value"}," années"],"one":"l'année prochaine","other":["dans ",{"t":"idOrVar","v":"value"}," années"],"two":["dans ",{"t":"idOrVar","v":"value"}," années"],"zero":"cette année"},"$x":[{"t":"idOrVar","v":"plural"},"value"]},{"$i":"minutes-ago-short","$v":{"other":["il y a ",{"t":"idOrVar","v":"value"}," m"],"zero":"juste maintenant"},"$x":[{"t":"idOrVar","v":"plural"},"value"]},{"$i":"hours-ago-short","$v":{"other":["il y a ",{"t":"idOrVar","v":"value"}," h"],"zero":"juste maintenant"},"$x":[{"t":"idOrVar","v":"plural"},"value"]},{"$i":"days-ago-short","$v":{"other":["il y a ",{"t":"idOrVar","v":"value"}," j"],"zero":"aujourd'hui"},"$x":[{"t":"idOrVar","v":"plural"},"value"]},{"$i":"minutes-until-short","$v":{"other":["dans ",{"t":"idOrVar","v":"value"}," m"],"zero":"maintenant"},"$x":[{"t":"idOrVar","v":"plural"},"value"]},{"$i":"hours-until-short","$v":{"other":["dans ",{"t":"idOrVar","v":"value"}," h"],"zero":"maintenant"},"$x":[{"t":"idOrVar","v":"plural"},"value"]},{"$i":"days-until-short","$v":{"other":["dans ",{"t":"idOrVar","v":"value"}," j"],"zero":"aujourd'hui"},"$x":[{"t":"idOrVar","v":"plural"},"value"]},{"$i":"incorrectDate","$v":"(date erronée)"},{"$i":"dateTimeFormat_%c","$v":"%a %b %e %Y %I:%M:%S %p"},{"$i":"dateTimeFormat_%x","$v":"%m/%d/%Y"},{"$i":"dateTimeFormat_%X","$v":"%I:%M:%S %p"},{"$i":"shortTimeFormat","$v":"%I:%M %p"},{"$i":"shortTimeFormat12","$v":"%I:%M %p"},{"$i":"shortTimeFormat24","$v":"%H:%M"},{"$i":"shortDateTimeFormat","$v":"%x %I:%M %p"},{"$i":"weekStartsOnMonday","$v":"0.0"},{"$i":"firstDayOfTheWeek","$v":"0.0"},{"$i":"time_am","$v":"AM"},{"$i":"time_pm","$v":"PM"}]