[{"$i":"ok","$v":"אישור"},{"$i":"go","$v":"לך"},{"$i":"play","$v":"הפעל"},{"$i":"stop","$v":"עצור"},{"$i":"call","$v":"שיחה"},{"$i":"back","$v":"חזרה"},{"$i":"today","$v":"היום"},{"$i":"select","$v":"בחר"},{"$i":"deselect","$v":"בטל בחירה"},{"$i":"delete","$v":"מחק"},{"$i":"cancel","$v":"בטל"},{"$i":"warning","$v":"אזהרה"},{"$i":"options","$v":"אפשרויות"},{"$i":"confirm","$v":"אשר"},{"$i":"open-web","$v":"בצע"},{"$i":"open-dial","$v":"התקשר"},{"$i":"open-mailbox","$v":"פתח"},{"$i":"delete-all","$v":"מחק הכול"},{"$i":"multiselect","$v":"מחק כמה"},{"$i":"select-all","$v":"הכל"},{"$i":"deselect-all","$v":"אין"},{"$i":"delete-message","$v":"Delete message?"},{"$i":"delete-all-message","$v":"Delete all message?"},{"$i":"delete-selected-message","$v":["Delete the ",{"t":"idOrVar","v":"num"}," messages?"]},{"$i":"no-alert","$v":"אין התרעה"},{"$i":"alert-inbox","$v":"התרעת דואר נכנס"},{"$i":"amber-alert","$v":"התרעה כתומה"},{"$i":"severe-alert","$v":"התרעה חמורה"},{"$i":"extreme-alert","$v":"התראה קיצונית"},{"$i":"unknown-alert","$v":"התראה לא מוכרת"},{"$i":"rmt-alert","$v":"התרעת RMT"},{"$i":"exercise-alert","$v":"נקוט זהירות"},{"$i":"operator-alert","$v":"התראת מפעיל"},{"$i":"presidential-alert","$v":"התרעה נשיאותית"},{"$i":"emergency-alerts","$v":"התרעות חירום"},{"$i":"wea-ringtone-preview","$v":"תצוגה מקדימה של רינגטון WEA"},{"$i":"wea-ringtone","$v":"רינגטון WEA"},{"$i":"presidential-alert-tw","$v":"Presidential Alert"},{"$i":"rmt-alert-tw","$v":"Required Monthly Test"},{"$i":"emergency-alert","$v":"Emergency Alert"},{"$i":"alert-message","$v":"Alert Message"},{"$i":"pre-alert-chinese","$v":"國家級警報"},{"$i":"emergency-alert-chinese","$v":"緊急警報"},{"$i":"emergency-message-chinese","$v":"警訊通知"},{"$i":"rmt-message-chinese","$v":"每月測試用訊息"},{"$i":"etws-warningType-earthquake","$v":"אזהרת רעידת אדמה!"},{"$i":"etws-warningType-tsunami","$v":"אזהרת צונמי!"},{"$i":"etws-warningType-earthquake-tsunami","$v":"אזהרת רעידת אדמה-צונמי!"},{"$i":"etws-warningType-test","$v":"מערכת התרעות נבדקת."},{"$i":"etws-warningType-other","$v":"אזהרת חירום!"},{"$i":"national-emergency-alert-arabic","$v":"تحذير طارئ وطني"},{"$i":"emergency-alert-arabic","$v":"تحذير طارئ"},{"$i":"warning-alert-arabic","$v":"رسائل تحذيرية"},{"$i":"test-alert-arabic","$v":"رسالة تجريبية"},{"$i":"exercise-arabic","$v":"تمرين"},{"$i":"national-emergency-alert-english","$v":"National Emergency Alert"},{"$i":"warning-alert-english","$v":"Warning Alert"},{"$i":"test-alert-english","$v":"Test Alert"},{"$i":"exercise-english","$v":"Exercise"},{"$i":"extreme-alert-hebrew","$v":"התרעה חמורה"},{"$i":"warning-notification-hebrew","$v":"אזהרה"},{"$i":"informational-hebrew","$v":"מידע"},{"$i":"test-hebrew","$v":"בדיקה"},{"$i":"exercise-hebrew","$v":"תרגיל"},{"$i":"assistance-hebrew","$v":"בקשה לעזרת הציבור"},{"$i":"informational-english","$v":"Informational"},{"$i":"extreme-alert-english","$v":"Extreme Alert"},{"$i":"warning-notification-english","$v":"Warning Notification"},{"$i":"test-english","$v":"Test"},{"$i":"assistance-english","$v":"Apply for Public assistance"},{"$i":"national-emergency-alert-lithuanian","$v":"Ypatingasis įspėjimas"},{"$i":"emergency-alert-lithuanian","$v":"Svarbus įspėjimas"},{"$i":"warning-alert-lithuanian","$v":"Įspėjimas"},{"$i":"amber-alert-lithuanian","$v":"Vaiko paieška"},{"$i":"test-Lithuanian","$v":"Testas"},{"$i":"NL-alert","$v":"NL-Alert"},{"$i":"RO-alert","$v":"RO-Alert"},{"$i":"GR-alert","$v":"GR-Alert"},{"$i":"orange-alert","$v":"Orange Alert"},{"$i":"IT-Alert","$v":"IT-Alert"},{"$i":"qtn_cb_ksa_alerts_title_ar","$v":"الرسائل التحذيرية"},{"$i":"qtn_cb_ksa_alerts_title_en","$v":"Alerts"},{"$i":"qtn_cb_ksa_emergency_warn_title_ar","$v":"الرسائل التحذيرية الطارئة"},{"$i":"qtn_cb_ksa_emergency_warn_title_en","$v":"Emergency Warning Alerts"},{"$i":"qtn_cb_ksa_exercises_title_ar","$v":"تمارين"},{"$i":"qtn_cb_ksa_exercises_title_en","$v":"Exercises"},{"$i":"qtn_cb_ksa_extreme_emer_title_ar","$v":"الرسائل التحذيرية الطارئة جدا"},{"$i":"qtn_cb_ksa_extreme_emer_title_en","$v":"Extreme Emergency Warning Alerts"},{"$i":"qtn_cb_ksa_national_warn_title_en","$v":"National Warning Alerts"},{"$i":"qtn_cb_ksa_nationalwarn_title_ar","$v":"الرسائل التحذيرية الوطنية"},{"$i":"qtn_cb_ksa_test_title_ar","$v":"الرسائل التجريبية"},{"$i":"qtn_cb_ksa_test_title_en","$v":"Testing Alerts"},{"$i":"Government-Alert","$v":"Government Alert"},{"$i":"weekday-0-long","$v":"ראשון"},{"$i":"weekday-1-long","$v":"שני"},{"$i":"weekday-2-long","$v":"שלישי"},{"$i":"weekday-3-long","$v":"רביעי"},{"$i":"weekday-4-long","$v":"חמישי"},{"$i":"weekday-5-long","$v":"שישי"},{"$i":"weekday-6-long","$v":"שבת"},{"$i":"weekday-0-short","$v":"א'"},{"$i":"weekday-1-short","$v":"ב'"},{"$i":"weekday-2-short","$v":"ג'"},{"$i":"weekday-3-short","$v":"ד'"},{"$i":"weekday-4-short","$v":"ה'"},{"$i":"weekday-5-short","$v":"ו'"},{"$i":"weekday-6-short","$v":"ש'"},{"$i":"month-0-long","$v":"ינואר"},{"$i":"month-1-long","$v":"פברואר"},{"$i":"month-2-long","$v":"מרץ"},{"$i":"month-3-long","$v":"אפריל"},{"$i":"month-4-long","$v":"מאי"},{"$i":"month-5-long","$v":"יוני"},{"$i":"month-6-long","$v":"יולי"},{"$i":"month-7-long","$v":"אוגוסט"},{"$i":"month-8-long","$v":"ספטמבר"},{"$i":"month-9-long","$v":"אוקטובר"},{"$i":"month-10-long","$v":"נובמבר"},{"$i":"month-11-long","$v":"דצמבר"},{"$i":"month-0-genitive","$v":"ינואר"},{"$i":"month-1-genitive","$v":"פברואר"},{"$i":"month-2-genitive","$v":"מרץ"},{"$i":"month-3-genitive","$v":"אפריל"},{"$i":"month-4-genitive","$v":"מאי"},{"$i":"month-5-genitive","$v":"יוני"},{"$i":"month-6-genitive","$v":"יולי"},{"$i":"month-7-genitive","$v":"אוגוסט"},{"$i":"month-8-genitive","$v":"ספטמבר"},{"$i":"month-9-genitive","$v":"אוקטובר"},{"$i":"month-10-genitive","$v":"נובמבר"},{"$i":"month-11-genitive","$v":"דצמבר"},{"$i":"month-0-short","$v":"ינו"},{"$i":"month-1-short","$v":"פבר"},{"$i":"month-2-short","$v":"מרץ"},{"$i":"month-3-short","$v":"אפר"},{"$i":"month-4-short","$v":"מאי"},{"$i":"month-5-short","$v":"יונ"},{"$i":"month-6-short","$v":"יול"},{"$i":"month-7-short","$v":"אוג"},{"$i":"month-8-short","$v":"ספט"},{"$i":"month-9-short","$v":"אוק"},{"$i":"month-10-short","$v":"נוב"},{"$i":"month-11-short","$v":"דצמ"},{"$i":"minutes-ago-long","$v":{"few":["לפני ",{"t":"idOrVar","v":"value"}," דקות"],"many":["לפני ",{"t":"idOrVar","v":"value"}," דקות"],"one":"לפני דקה","other":["לפני ",{"t":"idOrVar","v":"value"}," דקות"],"two":["לפני ",{"t":"idOrVar","v":"value"}," דקות"],"zero":"בדיוק כעת"},"$x":[{"t":"idOrVar","v":"plural"},"value"]},{"$i":"hours-ago-long","$v":{"few":["לפני ",{"t":"idOrVar","v":"value"}," שעות"],"many":["לפני ",{"t":"idOrVar","v":"value"}," שעות"],"one":"לפני שעה","other":["לפני ",{"t":"idOrVar","v":"value"}," שעות"],"two":["לפני ",{"t":"idOrVar","v":"value"}," שעות"],"zero":"בדיוק כעת"},"$x":[{"t":"idOrVar","v":"plural"},"value"]},{"$i":"days-ago-long","$v":{"few":["לפני ",{"t":"idOrVar","v":"value"}," ימים"],"many":["לפני ",{"t":"idOrVar","v":"value"}," ימים"],"one":"אתמול","other":["לפני ",{"t":"idOrVar","v":"value"}," ימים"],"two":["לפני ",{"t":"idOrVar","v":"value"}," ימים"],"zero":"היום"},"$x":[{"t":"idOrVar","v":"plural"},"value"]},{"$i":"weeks-ago-long","$v":{"few":["לפני ",{"t":"idOrVar","v":"value"}," שבועות"],"many":["לפני ",{"t":"idOrVar","v":"value"}," שבועות"],"one":"השבוע שעבר","other":["לפני ",{"t":"idOrVar","v":"value"}," שבועות"],"two":["לפני ",{"t":"idOrVar","v":"value"}," שבועות"],"zero":"השבוע"},"$x":[{"t":"idOrVar","v":"plural"},"value"]},{"$i":"months-ago-long","$v":{"few":["לפני ",{"t":"idOrVar","v":"value"}," חודשים"],"many":["לפני ",{"t":"idOrVar","v":"value"}," חודשים"],"one":"חודש האחרון","other":["לפני ",{"t":"idOrVar","v":"value"}," חודשים"],"two":["לפני ",{"t":"idOrVar","v":"value"}," חודשים"],"zero":"החודש"},"$x":[{"t":"idOrVar","v":"plural"},"value"]},{"$i":"years-ago-long","$v":{"few":["לפני ",{"t":"idOrVar","v":"value"}," שנים"],"many":["לפני ",{"t":"idOrVar","v":"value"}," שנים"],"one":"השנה שעברה","other":["לפני ",{"t":"idOrVar","v":"value"}," שנים"],"two":["לפני ",{"t":"idOrVar","v":"value"}," שנים"],"zero":"השנה"},"$x":[{"t":"idOrVar","v":"plural"},"value"]},{"$i":"minutes-until-long","$v":{"few":["בתוך ",{"t":"idOrVar","v":"value"}," דקות"],"many":["בתוך ",{"t":"idOrVar","v":"value"}," דקות"],"one":"בתוך דקה","other":["בתוך ",{"t":"idOrVar","v":"value"}," דקות"],"two":["בתוך ",{"t":"idOrVar","v":"value"}," דקות"],"zero":"כעת"},"$x":[{"t":"idOrVar","v":"plural"},"value"]},{"$i":"hours-until-long","$v":{"few":["בתוך ",{"t":"idOrVar","v":"value"}," שעות"],"many":["בתוך ",{"t":"idOrVar","v":"value"}," שעות"],"one":"בתוך שעה","other":["בתוך ",{"t":"idOrVar","v":"value"}," שעות"],"two":["בתוך ",{"t":"idOrVar","v":"value"}," שעות"],"zero":"כעת"},"$x":[{"t":"idOrVar","v":"plural"},"value"]},{"$i":"days-until-long","$v":{"few":["בתוך ",{"t":"idOrVar","v":"value"}," ימים"],"many":["בתוך ",{"t":"idOrVar","v":"value"}," ימים"],"one":"מחר","other":["בתוך ",{"t":"idOrVar","v":"value"}," ימים"],"two":["בתוך ",{"t":"idOrVar","v":"value"}," ימים"],"zero":"היום"},"$x":[{"t":"idOrVar","v":"plural"},"value"]},{"$i":"weeks-until-long","$v":{"few":["בתוך ",{"t":"idOrVar","v":"value"}," שבועות"],"many":["בתוך ",{"t":"idOrVar","v":"value"}," שבועות"],"one":"השבוע הבא","other":["בתוך ",{"t":"idOrVar","v":"value"}," שבועות"],"two":["בתוך ",{"t":"idOrVar","v":"value"}," שבועות"],"zero":"השבוע"},"$x":[{"t":"idOrVar","v":"plural"},"value"]},{"$i":"months-until-long","$v":{"few":["בתוך ",{"t":"idOrVar","v":"value"}," חודשים"],"many":["בתוך ",{"t":"idOrVar","v":"value"}," חודשים"],"one":"החודש הבא","other":["בתוך ",{"t":"idOrVar","v":"value"}," חודשים"],"two":["בתוך ",{"t":"idOrVar","v":"value"}," חודשים"],"zero":"החודש"},"$x":[{"t":"idOrVar","v":"plural"},"value"]},{"$i":"years-until-long","$v":{"few":["בתוך ",{"t":"idOrVar","v":"value"}," שנים"],"many":["בתוך ",{"t":"idOrVar","v":"value"}," שנים"],"one":"השנה הבאה","other":["בתוך ",{"t":"idOrVar","v":"value"}," שנים"],"two":["בתוך ",{"t":"idOrVar","v":"value"}," שנים"],"zero":"השנה"},"$x":[{"t":"idOrVar","v":"plural"},"value"]},{"$i":"minutes-ago-short","$v":{"other":[{"t":"idOrVar","v":"value"}," דק' לפני"],"zero":"בדיוק כעת"},"$x":[{"t":"idOrVar","v":"plural"},"value"]},{"$i":"hours-ago-short","$v":{"other":[{"t":"idOrVar","v":"value"}," שע' לפני"],"zero":"בדיוק כעת"},"$x":[{"t":"idOrVar","v":"plural"},"value"]},{"$i":"days-ago-short","$v":{"other":[{"t":"idOrVar","v":"value"}," ימים לפני"],"zero":"היום"},"$x":[{"t":"idOrVar","v":"plural"},"value"]},{"$i":"minutes-until-short","$v":{"other":["בתוך ",{"t":"idOrVar","v":"value"},"דקות"],"zero":"כעת"},"$x":[{"t":"idOrVar","v":"plural"},"value"]},{"$i":"hours-until-short","$v":{"other":["בתוך ",{"t":"idOrVar","v":"value"},"שעות"],"zero":"כעת"},"$x":[{"t":"idOrVar","v":"plural"},"value"]},{"$i":"days-until-short","$v":{"other":["בתוך ",{"t":"idOrVar","v":"value"},"ימים"],"zero":"היום"},"$x":[{"t":"idOrVar","v":"plural"},"value"]},{"$i":"incorrectDate","$v":"(תאריך שגוי)"},{"$i":"dateTimeFormat_%c","$v":"%a %b %e %Y %I:%M:%S %p"},{"$i":"dateTimeFormat_%x","$v":"%m/%d/%Y"},{"$i":"dateTimeFormat_%X","$v":"%I:%M:%S %p"},{"$i":"shortTimeFormat","$v":"%I:%M %p"},{"$i":"shortTimeFormat12","$v":"%I:%M %p"},{"$i":"shortTimeFormat24","$v":"%H:%M"},{"$i":"shortDateTimeFormat","$v":"%x %I:%M %p"},{"$i":"weekStartsOnMonday","$v":"0.0"},{"$i":"firstDayOfTheWeek","$v":"0.0"},{"$i":"time_am","$v":"בבוקר"},{"$i":"time_pm","$v":"אחר הצהריים"}]