[{"$i":"ok","$v":"ठीक हैं"},{"$i":"go","$v":"जाएं"},{"$i":"play","$v":"बजाए"},{"$i":"stop","$v":"रोकें"},{"$i":"call","$v":"कॉल करें"},{"$i":"back","$v":"वापस जाएं"},{"$i":"today","$v":"आज"},{"$i":"select","$v":"चुनें"},{"$i":"deselect","$v":"चयन हटाएं"},{"$i":"delete","$v":"हटाएँ"},{"$i":"cancel","$v":"रद्द करें"},{"$i":"warning","$v":"चेतावनी"},{"$i":"options","$v":"विकल्प"},{"$i":"confirm","$v":"Confirmation"},{"$i":"open-web","$v":"जाएं"},{"$i":"open-dial","$v":"कॉल करें"},{"$i":"open-mailbox","$v":"खोलें"},{"$i":"delete-all","$v":"सब हटाएं"},{"$i":"multiselect","$v":"एकाधिक हटाएं"},{"$i":"select-all","$v":"सभी"},{"$i":"deselect-all","$v":"कुछ भी नहीं"},{"$i":"delete-message","$v":"संदेश हटाना चाहते हैं?"},{"$i":"delete-all-message","$v":"सभी संदेश हटाना चाहते हैं?"},{"$i":"delete-selected-message","$v":[{"t":"idOrVar","v":"num"}," संदेशों को हटाना चाहते हैं?"]},{"$i":"no-alert","$v":"कोई अलर्ट नहीं हैं"},{"$i":"alert-inbox","$v":"अलर्ट इनबॉक्स"},{"$i":"amber-alert","$v":"AMBER अलर्ट"},{"$i":"severe-alert","$v":"गंभीर अलर्ट"},{"$i":"extreme-alert","$v":"एक्स्ट्रीम अलर्ट"},{"$i":"unknown-alert","$v":"अज्ञात अलर्ट"},{"$i":"rmt-alert","$v":"RMT अलर्ट"},{"$i":"exercise-alert","$v":"एक्सरसाइज अलर्ट"},{"$i":"operator-alert","$v":"ऑपरेटर अलर्ट"},{"$i":"presidential-alert","$v":"प्रेसिडेंसियल अलर्ट"},{"$i":"emergency-alerts","$v":"वायरलेस आपातकालीन अलर्ट"},{"$i":"wea-ringtone-preview","$v":"डब्ल्यू.इ.ए रिंगटोन प्रीव्यू"},{"$i":"wea-ringtone","$v":"डब्ल्यू.इ.ए रिंगटोन"},{"$i":"presidential-alert-tw","$v":"Presidential Alert"},{"$i":"rmt-alert-tw","$v":"Required Monthly Test"},{"$i":"emergency-alert","$v":"Emergency Alert"},{"$i":"alert-message","$v":"Alert Message"},{"$i":"pre-alert-chinese","$v":"國家級警報"},{"$i":"emergency-alert-chinese","$v":"緊急警報"},{"$i":"emergency-message-chinese","$v":"警訊通知"},{"$i":"rmt-message-chinese","$v":"每月測試用訊息"},{"$i":"etws-warningType-earthquake","$v":"भूकंप की चेतावनी!"},{"$i":"etws-warningType-tsunami","$v":"सुनामी कि चेतावनी!"},{"$i":"etws-warningType-earthquake-tsunami","$v":"भूकंप-सुनामी की चेतावनी!"},{"$i":"etws-warningType-test","$v":"अलर्ट प्रणाली का परीक्षण किया जा रहा हैं।"},{"$i":"etws-warningType-other","$v":"आपातकालीन चेतावनी!"},{"$i":"national-emergency-alert-arabic","$v":"تحذير طارئ وطني"},{"$i":"emergency-alert-arabic","$v":"تحذير طارئ"},{"$i":"warning-alert-arabic","$v":"رسائل تحذيرية"},{"$i":"test-alert-arabic","$v":"رسالة تجريبية"},{"$i":"exercise-arabic","$v":"تمرين"},{"$i":"national-emergency-alert-english","$v":"National Emergency Alert"},{"$i":"warning-alert-english","$v":"Warning Alert"},{"$i":"test-alert-english","$v":"Test Alert"},{"$i":"exercise-english","$v":"Exercise"},{"$i":"extreme-alert-hebrew","$v":"התרעה חמורה"},{"$i":"warning-notification-hebrew","$v":"אזהרה"},{"$i":"informational-hebrew","$v":"מידע"},{"$i":"test-hebrew","$v":"בדיקה"},{"$i":"exercise-hebrew","$v":"תרגיל"},{"$i":"assistance-hebrew","$v":"בקשה לעזרת הציבור"},{"$i":"informational-english","$v":"Informational"},{"$i":"extreme-alert-english","$v":"Extreme Alert"},{"$i":"warning-notification-english","$v":"Warning Notification"},{"$i":"test-english","$v":"Test"},{"$i":"assistance-english","$v":"Apply for Public assistance"},{"$i":"national-emergency-alert-lithuanian","$v":"Ypatingasis įspėjimas"},{"$i":"emergency-alert-lithuanian","$v":"Svarbus įspėjimas"},{"$i":"warning-alert-lithuanian","$v":"Įspėjimas"},{"$i":"amber-alert-lithuanian","$v":"Vaiko paieška"},{"$i":"test-Lithuanian","$v":"Testas"},{"$i":"NL-alert","$v":"NL-Alert"},{"$i":"RO-alert","$v":"RO-Alert"},{"$i":"GR-alert","$v":"GR-Alert"},{"$i":"orange-alert","$v":"Orange Alert"},{"$i":"IT-Alert","$v":"IT-Alert"},{"$i":"qtn_cb_ksa_alerts_title_ar","$v":"الرسائل التحذيرية"},{"$i":"qtn_cb_ksa_alerts_title_en","$v":"Alerts"},{"$i":"qtn_cb_ksa_emergency_warn_title_ar","$v":"الرسائل التحذيرية الطارئة"},{"$i":"qtn_cb_ksa_emergency_warn_title_en","$v":"Emergency Warning Alerts"},{"$i":"qtn_cb_ksa_exercises_title_ar","$v":"تمارين"},{"$i":"qtn_cb_ksa_exercises_title_en","$v":"Exercises"},{"$i":"qtn_cb_ksa_extreme_emer_title_ar","$v":"الرسائل التحذيرية الطارئة جدا"},{"$i":"qtn_cb_ksa_extreme_emer_title_en","$v":"Extreme Emergency Warning Alerts"},{"$i":"qtn_cb_ksa_national_warn_title_en","$v":"National Warning Alerts"},{"$i":"qtn_cb_ksa_nationalwarn_title_ar","$v":"الرسائل التحذيرية الوطنية"},{"$i":"qtn_cb_ksa_test_title_ar","$v":"الرسائل التجريبية"},{"$i":"qtn_cb_ksa_test_title_en","$v":"Testing Alerts"},{"$i":"Government-Alert","$v":"Government Alert"},{"$i":"weekday-0-long","$v":"रविवार"},{"$i":"weekday-1-long","$v":"सोमवार"},{"$i":"weekday-2-long","$v":"मंगलवार"},{"$i":"weekday-3-long","$v":"बुधवार"},{"$i":"weekday-4-long","$v":"गुरुवार"},{"$i":"weekday-5-long","$v":"शुक्रवार"},{"$i":"weekday-6-long","$v":"शनिवार"},{"$i":"weekday-0-short","$v":"रवि"},{"$i":"weekday-1-short","$v":"सोम"},{"$i":"weekday-2-short","$v":"मंगल"},{"$i":"weekday-3-short","$v":"बुध"},{"$i":"weekday-4-short","$v":"गुरु"},{"$i":"weekday-5-short","$v":"शुक्र"},{"$i":"weekday-6-short","$v":"शनि"},{"$i":"month-0-long","$v":"जनवरी"},{"$i":"month-1-long","$v":"फरवरी"},{"$i":"month-2-long","$v":"मार्च"},{"$i":"month-3-long","$v":"अप्रैल"},{"$i":"month-4-long","$v":"मई"},{"$i":"month-5-long","$v":"जून"},{"$i":"month-6-long","$v":"जुलाई"},{"$i":"month-7-long","$v":"अगस्त"},{"$i":"month-8-long","$v":"सितंबर"},{"$i":"month-9-long","$v":"अक्टूबर"},{"$i":"month-10-long","$v":"नवंबर"},{"$i":"month-11-long","$v":"दिसंबर"},{"$i":"month-0-genitive","$v":"जनवरी"},{"$i":"month-1-genitive","$v":"फरवरी"},{"$i":"month-2-genitive","$v":"मार्च"},{"$i":"month-3-genitive","$v":"अप्रैल"},{"$i":"month-4-genitive","$v":"मई"},{"$i":"month-5-genitive","$v":"जून"},{"$i":"month-6-genitive","$v":"जुलाई"},{"$i":"month-7-genitive","$v":"अगस्त"},{"$i":"month-8-genitive","$v":"सितंबर"},{"$i":"month-9-genitive","$v":"अक्टूबर"},{"$i":"month-10-genitive","$v":"नवंबर"},{"$i":"month-11-genitive","$v":"दिसंबर"},{"$i":"month-0-short","$v":"जनवरी"},{"$i":"month-1-short","$v":"फरवरी"},{"$i":"month-2-short","$v":"मार्च"},{"$i":"month-3-short","$v":"अप्रैल"},{"$i":"month-4-short","$v":"मई"},{"$i":"month-5-short","$v":"जून"},{"$i":"month-6-short","$v":"जुलाई"},{"$i":"month-7-short","$v":"अगस्त"},{"$i":"month-8-short","$v":"सितंबर"},{"$i":"month-9-short","$v":"अक्टूबर"},{"$i":"month-10-short","$v":"नवंबर"},{"$i":"month-11-short","$v":"दिसंबर"},{"$i":"minutes-ago-long","$v":{"few":[{"t":"idOrVar","v":"value"}," मिनट पहले"],"many":[{"t":"idOrVar","v":"value"}," मिनट पहले"],"one":"एक मिनट पहले","other":[{"t":"idOrVar","v":"value"}," मिनट पहले"],"two":[{"t":"idOrVar","v":"value"}," मिनट पहले"],"zero":"अभी"},"$x":[{"t":"idOrVar","v":"plural"},"value"]},{"$i":"hours-ago-long","$v":{"few":[{"t":"idOrVar","v":"value"}," घंटे पहले"],"many":[{"t":"idOrVar","v":"value"}," घंटे पहले"],"one":"एक घंटे पहले","other":[{"t":"idOrVar","v":"value"}," घंटे पहले"],"two":[{"t":"idOrVar","v":"value"}," घंटे पहले"],"zero":"अभी"},"$x":[{"t":"idOrVar","v":"plural"},"value"]},{"$i":"days-ago-long","$v":{"few":[{"t":"idOrVar","v":"value"}," दिनों पहले"],"many":[{"t":"idOrVar","v":"value"}," दिनों पहले"],"one":"बीता कल","other":[{"t":"idOrVar","v":"value"}," दिनों पहले"],"two":[{"t":"idOrVar","v":"value"}," दिनों पहले"],"zero":"आज"},"$x":[{"t":"idOrVar","v":"plural"},"value"]},{"$i":"weeks-ago-long","$v":{"few":[{"t":"idOrVar","v":"value"}," सप्ताह पहले"],"many":[{"t":"idOrVar","v":"value"}," सप्ताह पहले"],"one":"पिछले सप्ताह","other":[{"t":"idOrVar","v":"value"}," सप्ताह पहले"],"two":[{"t":"idOrVar","v":"value"}," सप्ताह पहले"],"zero":"इस सप्ताह"},"$x":[{"t":"idOrVar","v":"plural"},"value"]},{"$i":"months-ago-long","$v":{"few":[{"t":"idOrVar","v":"value"}," महीनों पहले"],"many":[{"t":"idOrVar","v":"value"}," महीनों पहले"],"one":"पिछले महीने","other":[{"t":"idOrVar","v":"value"}," महीनों पहले"],"two":[{"t":"idOrVar","v":"value"}," महीनों पहले"],"zero":"इस महीने"},"$x":[{"t":"idOrVar","v":"plural"},"value"]},{"$i":"years-ago-long","$v":{"few":[{"t":"idOrVar","v":"value"}," वर्ष पहले"],"many":[{"t":"idOrVar","v":"value"}," वर्ष पहले"],"one":"पिछले वर्ष","other":[{"t":"idOrVar","v":"value"}," वर्ष पहले"],"two":[{"t":"idOrVar","v":"value"}," वर्ष पहले"],"zero":"इस वर्ष"},"$x":[{"t":"idOrVar","v":"plural"},"value"]},{"$i":"minutes-until-long","$v":{"few":[{"t":"idOrVar","v":"value"}," मिनट में"],"many":[{"t":"idOrVar","v":"value"}," मिनट में"],"one":"एक मिनट में","other":[{"t":"idOrVar","v":"value"}," मिनट में"],"two":[{"t":"idOrVar","v":"value"}," मिनट में"],"zero":"अभी"},"$x":[{"t":"idOrVar","v":"plural"},"value"]},{"$i":"hours-until-long","$v":{"few":[{"t":"idOrVar","v":"value"}," घंटों में"],"many":[{"t":"idOrVar","v":"value"}," घंटों में"],"one":"एक घंटे में","other":[{"t":"idOrVar","v":"value"}," घंटों में"],"two":[{"t":"idOrVar","v":"value"}," घंटों में"],"zero":"अभी"},"$x":[{"t":"idOrVar","v":"plural"},"value"]},{"$i":"days-until-long","$v":{"few":[{"t":"idOrVar","v":"value"}," दिनों में"],"many":[{"t":"idOrVar","v":"value"}," दिनों में"],"one":"कल","other":[{"t":"idOrVar","v":"value"}," दिनों में"],"two":[{"t":"idOrVar","v":"value"}," दिनों में"],"zero":"आज"},"$x":[{"t":"idOrVar","v":"plural"},"value"]},{"$i":"weeks-until-long","$v":{"few":[{"t":"idOrVar","v":"value"}," सप्ताह में"],"many":[{"t":"idOrVar","v":"value"}," सप्ताह में"],"one":"अगले सप्ताह","other":[{"t":"idOrVar","v":"value"}," सप्ताह में"],"two":[{"t":"idOrVar","v":"value"}," सप्ताह में"],"zero":"इस सप्ताह"},"$x":[{"t":"idOrVar","v":"plural"},"value"]},{"$i":"months-until-long","$v":{"few":[{"t":"idOrVar","v":"value"}," महीनो में"],"many":[{"t":"idOrVar","v":"value"}," महीनो में"],"one":"अगले महीने","other":[{"t":"idOrVar","v":"value"}," महीनो में"],"two":[{"t":"idOrVar","v":"value"}," महीनो में"],"zero":"इस महीने"},"$x":[{"t":"idOrVar","v":"plural"},"value"]},{"$i":"years-until-long","$v":{"few":[{"t":"idOrVar","v":"value"}," वर्षों में"],"many":[{"t":"idOrVar","v":"value"}," वर्षों में"],"one":"अगले वर्ष","other":[{"t":"idOrVar","v":"value"}," वर्षों में"],"two":[{"t":"idOrVar","v":"value"}," वर्षों में"],"zero":"इस वर्ष"},"$x":[{"t":"idOrVar","v":"plural"},"value"]},{"$i":"minutes-ago-short","$v":{"other":[{"t":"idOrVar","v":"value"}," मिनट पहले"],"zero":"अभी"},"$x":[{"t":"idOrVar","v":"plural"},"value"]},{"$i":"hours-ago-short","$v":{"other":[{"t":"idOrVar","v":"value"}," घंटे पहले"],"zero":"अभी"},"$x":[{"t":"idOrVar","v":"plural"},"value"]},{"$i":"days-ago-short","$v":{"other":[{"t":"idOrVar","v":"value"}," दिनों पहले"],"zero":"आज"},"$x":[{"t":"idOrVar","v":"plural"},"value"]},{"$i":"minutes-until-short","$v":{"other":[{"t":"idOrVar","v":"value"},"मिनिट में"],"zero":"अभी"},"$x":[{"t":"idOrVar","v":"plural"},"value"]},{"$i":"hours-until-short","$v":{"other":[{"t":"idOrVar","v":"value"},"घंटे में"],"zero":"अभी"},"$x":[{"t":"idOrVar","v":"plural"},"value"]},{"$i":"days-until-short","$v":{"other":[{"t":"idOrVar","v":"value"},"दिन में"],"zero":"आज"},"$x":[{"t":"idOrVar","v":"plural"},"value"]},{"$i":"incorrectDate","$v":"(गलत दिनांक)"},{"$i":"dateTimeFormat_%c","$v":"%a %b %e %Y %I:%M:%S %p"},{"$i":"dateTimeFormat_%x","$v":"%m/%d/%Y"},{"$i":"dateTimeFormat_%X","$v":"%I:%M:%S %p"},{"$i":"shortTimeFormat","$v":"%I:%M %p"},{"$i":"shortTimeFormat12","$v":"%I:%M %p"},{"$i":"shortTimeFormat24","$v":"%H:%M"},{"$i":"shortDateTimeFormat","$v":"%x %I:%M %p"},{"$i":"weekStartsOnMonday","$v":"0.0"},{"$i":"firstDayOfTheWeek","$v":"0.0"},{"$i":"time_am","$v":"AM"},{"$i":"time_pm","$v":"PM"}]