[{"$i":"ok","$v":"OK"},{"$i":"go","$v":"Mehet"},{"$i":"play","$v":"Lejátszás"},{"$i":"stop","$v":"Leállítás"},{"$i":"call","$v":"Hívás"},{"$i":"back","$v":"Vissza"},{"$i":"today","$v":"Ma"},{"$i":"select","$v":"Kiválasztás"},{"$i":"deselect","$v":"Kijelölés törlése"},{"$i":"delete","$v":"Törlés"},{"$i":"cancel","$v":"Mégse"},{"$i":"warning","$v":"Figyelmeztetés"},{"$i":"options","$v":"Opciók"},{"$i":"confirm","$v":"Megerősítés"},{"$i":"open-web","$v":"Mehet"},{"$i":"open-dial","$v":"Hívás"},{"$i":"open-mailbox","$v":"Megnyitás"},{"$i":"delete-all","$v":"Összes törlése"},{"$i":"multiselect","$v":"Több elem törlése egyszerre"},{"$i":"select-all","$v":"Összes"},{"$i":"deselect-all","$v":"Nincs"},{"$i":"delete-message","$v":"Törli az üzenetet?"},{"$i":"delete-all-message","$v":"Törli az összes üzenetet?"},{"$i":"delete-selected-message","$v":["Törli a(z) ",{"t":"idOrVar","v":"num"}," üzenetet?"]},{"$i":"no-alert","$v":"Nincs riasztás"},{"$i":"alert-inbox","$v":"Riasztási bejövő fiók"},{"$i":"amber-alert","$v":"Amber-riasztás"},{"$i":"severe-alert","$v":"Súlyos riasztás"},{"$i":"extreme-alert","$v":"Fontos riasztás"},{"$i":"unknown-alert","$v":"Ismeretlen riasztás"},{"$i":"rmt-alert","$v":"Szükséges havi tesztekre vonatkozó riasztás"},{"$i":"exercise-alert","$v":"Gyakorlatra vonatkozó riasztás"},{"$i":"operator-alert","$v":"Szolgáltatói riasztás"},{"$i":"presidential-alert","$v":"Elnöki vészjelzés"},{"$i":"emergency-alerts","$v":"Vezeték nélküli vészjelzések"},{"$i":"wea-ringtone-preview","$v":"WEA csengőhang lejátszása"},{"$i":"wea-ringtone","$v":"WEA csengőhang"},{"$i":"presidential-alert-tw","$v":"Presidential Alert"},{"$i":"rmt-alert-tw","$v":"Required Monthly Test"},{"$i":"emergency-alert","$v":"Emergency Alert"},{"$i":"alert-message","$v":"Alert Message"},{"$i":"pre-alert-chinese","$v":"國家級警報"},{"$i":"emergency-alert-chinese","$v":"緊急警報"},{"$i":"emergency-message-chinese","$v":"警訊通知"},{"$i":"rmt-message-chinese","$v":"每月測試用訊息"},{"$i":"etws-warningType-earthquake","$v":"Földrengés-figyelmeztetés!"},{"$i":"etws-warningType-tsunami","$v":"Szökőár-figyelmeztetés!"},{"$i":"etws-warningType-earthquake-tsunami","$v":"Földrengés- és szökőár-figyelmeztetés!"},{"$i":"etws-warningType-test","$v":"A riasztási rendszer tesztelése..."},{"$i":"etws-warningType-other","$v":"Vészfigyelmeztetés!"},{"$i":"national-emergency-alert-arabic","$v":"تحذير طارئ وطني"},{"$i":"emergency-alert-arabic","$v":"تحذير طارئ"},{"$i":"warning-alert-arabic","$v":"رسائل تحذيرية"},{"$i":"test-alert-arabic","$v":"رسالة تجريبية"},{"$i":"exercise-arabic","$v":"تمرين"},{"$i":"national-emergency-alert-english","$v":"National Emergency Alert"},{"$i":"warning-alert-english","$v":"Warning Alert"},{"$i":"test-alert-english","$v":"Test Alert"},{"$i":"exercise-english","$v":"Exercise"},{"$i":"extreme-alert-hebrew","$v":"התרעה חמורה"},{"$i":"warning-notification-hebrew","$v":"אזהרה"},{"$i":"informational-hebrew","$v":"מידע"},{"$i":"test-hebrew","$v":"בדיקה"},{"$i":"exercise-hebrew","$v":"תרגיל"},{"$i":"assistance-hebrew","$v":"בקשה לעזרת הציבור"},{"$i":"informational-english","$v":"Informational"},{"$i":"extreme-alert-english","$v":"Extreme Alert"},{"$i":"warning-notification-english","$v":"Warning Notification"},{"$i":"test-english","$v":"Test"},{"$i":"assistance-english","$v":"Apply for Public assistance"},{"$i":"national-emergency-alert-lithuanian","$v":"Ypatingasis įspėjimas"},{"$i":"emergency-alert-lithuanian","$v":"Svarbus įspėjimas"},{"$i":"warning-alert-lithuanian","$v":"Įspėjimas"},{"$i":"amber-alert-lithuanian","$v":"Vaiko paieška"},{"$i":"test-Lithuanian","$v":"Testas"},{"$i":"NL-alert","$v":"NL-Alert"},{"$i":"RO-alert","$v":"RO-Alert"},{"$i":"GR-alert","$v":"GR-Alert"},{"$i":"orange-alert","$v":"Orange Alert"},{"$i":"IT-Alert","$v":"IT-Alert"},{"$i":"qtn_cb_ksa_alerts_title_ar","$v":"الرسائل التحذيرية"},{"$i":"qtn_cb_ksa_alerts_title_en","$v":"Alerts"},{"$i":"qtn_cb_ksa_emergency_warn_title_ar","$v":"الرسائل التحذيرية الطارئة"},{"$i":"qtn_cb_ksa_emergency_warn_title_en","$v":"Emergency Warning Alerts"},{"$i":"qtn_cb_ksa_exercises_title_ar","$v":"تمارين"},{"$i":"qtn_cb_ksa_exercises_title_en","$v":"Exercises"},{"$i":"qtn_cb_ksa_extreme_emer_title_ar","$v":"الرسائل التحذيرية الطارئة جدا"},{"$i":"qtn_cb_ksa_extreme_emer_title_en","$v":"Extreme Emergency Warning Alerts"},{"$i":"qtn_cb_ksa_national_warn_title_en","$v":"National Warning Alerts"},{"$i":"qtn_cb_ksa_nationalwarn_title_ar","$v":"الرسائل التحذيرية الوطنية"},{"$i":"qtn_cb_ksa_test_title_ar","$v":"الرسائل التجريبية"},{"$i":"qtn_cb_ksa_test_title_en","$v":"Testing Alerts"},{"$i":"Government-Alert","$v":"Government Alert"},{"$i":"weekday-0-long","$v":"Vasárnap"},{"$i":"weekday-1-long","$v":"Hétfő"},{"$i":"weekday-2-long","$v":"Kedd"},{"$i":"weekday-3-long","$v":"Szerda"},{"$i":"weekday-4-long","$v":"Csütörtök"},{"$i":"weekday-5-long","$v":"Péntek"},{"$i":"weekday-6-long","$v":"Szombat"},{"$i":"weekday-0-short","$v":"Vas"},{"$i":"weekday-1-short","$v":"Hé."},{"$i":"weekday-2-short","$v":"Ke."},{"$i":"weekday-3-short","$v":"Sze."},{"$i":"weekday-4-short","$v":"Csü."},{"$i":"weekday-5-short","$v":"Pé."},{"$i":"weekday-6-short","$v":"Szo."},{"$i":"month-0-long","$v":"JANUÁR"},{"$i":"month-1-long","$v":"FEBRUÁR"},{"$i":"month-2-long","$v":"MÁRCIUS"},{"$i":"month-3-long","$v":"ÁPRILIS"},{"$i":"month-4-long","$v":"MÁJUS"},{"$i":"month-5-long","$v":"JÚNIUS"},{"$i":"month-6-long","$v":"JÚLIUS"},{"$i":"month-7-long","$v":"AUGUSZTUS"},{"$i":"month-8-long","$v":"SZEPTEMBER"},{"$i":"month-9-long","$v":"OKTÓBER"},{"$i":"month-10-long","$v":"NOVEMBER"},{"$i":"month-11-long","$v":"DECEMBER"},{"$i":"month-0-genitive","$v":"JANUÁR"},{"$i":"month-1-genitive","$v":"FEBRUÁR"},{"$i":"month-2-genitive","$v":"MÁRCIUS"},{"$i":"month-3-genitive","$v":"ÁPRILIS"},{"$i":"month-4-genitive","$v":"MÁJUS"},{"$i":"month-5-genitive","$v":"JÚNIUS"},{"$i":"month-6-genitive","$v":"JÚLIUS"},{"$i":"month-7-genitive","$v":"AUGUSZTUS"},{"$i":"month-8-genitive","$v":"SZEPTEMBER"},{"$i":"month-9-genitive","$v":"OKTÓBER"},{"$i":"month-10-genitive","$v":"NOVEMBER"},{"$i":"month-11-genitive","$v":"DECEMBER"},{"$i":"month-0-short","$v":"Jan."},{"$i":"month-1-short","$v":"Feb."},{"$i":"month-2-short","$v":"Már."},{"$i":"month-3-short","$v":"Ápr."},{"$i":"month-4-short","$v":"MÁJUS"},{"$i":"month-5-short","$v":"Jún."},{"$i":"month-6-short","$v":"Júl."},{"$i":"month-7-short","$v":"Aug."},{"$i":"month-8-short","$v":"Szep."},{"$i":"month-9-short","$v":"Okt."},{"$i":"month-10-short","$v":"Nov."},{"$i":"month-11-short","$v":"Dec."},{"$i":"minutes-ago-long","$v":{"few":[{"t":"idOrVar","v":"value"}," perccel ezelőtt"],"many":[{"t":"idOrVar","v":"value"}," perccel ezelőtt"],"one":"egy perccel ezelőtt","other":[{"t":"idOrVar","v":"value"}," perccel ezelőtt"],"two":[{"t":"idOrVar","v":"value"}," perccel ezelőtt"],"zero":"épp most"},"$x":[{"t":"idOrVar","v":"plural"},"value"]},{"$i":"hours-ago-long","$v":{"few":[{"t":"idOrVar","v":"value"}," órával ezelőtt"],"many":[{"t":"idOrVar","v":"value"}," órával ezelőtt"],"one":"egy órája","other":[{"t":"idOrVar","v":"value"}," órával ezelőtt"],"two":[{"t":"idOrVar","v":"value"}," órával ezelőtt"],"zero":"épp most"},"$x":[{"t":"idOrVar","v":"plural"},"value"]},{"$i":"days-ago-long","$v":{"few":[{"t":"idOrVar","v":"value"}," nappal ezelőtt"],"many":[{"t":"idOrVar","v":"value"}," nappal ezelőtt"],"one":"Tegnap","other":[{"t":"idOrVar","v":"value"}," nappal ezelőtt"],"two":[{"t":"idOrVar","v":"value"}," nappal ezelőtt"],"zero":"Ma"},"$x":[{"t":"idOrVar","v":"plural"},"value"]},{"$i":"weeks-ago-long","$v":{"few":[{"t":"idOrVar","v":"value"}," héttel ezelőtt"],"many":[{"t":"idOrVar","v":"value"}," héttel ezelőtt"],"one":"múlt héten","other":[{"t":"idOrVar","v":"value"}," héttel ezelőtt"],"two":[{"t":"idOrVar","v":"value"}," héttel ezelőtt"],"zero":"ezen a héten"},"$x":[{"t":"idOrVar","v":"plural"},"value"]},{"$i":"months-ago-long","$v":{"few":[{"t":"idOrVar","v":"value"}," hónappal ezelőtt"],"many":[{"t":"idOrVar","v":"value"}," hónappal ezelőtt"],"one":"Múlt hónapban","other":[{"t":"idOrVar","v":"value"}," hónappal ezelőtt"],"two":[{"t":"idOrVar","v":"value"}," hónappal ezelőtt"],"zero":"EBBEN A HÓNAPBAN"},"$x":[{"t":"idOrVar","v":"plural"},"value"]},{"$i":"years-ago-long","$v":{"few":[{"t":"idOrVar","v":"value"}," évvel ezelőtt"],"many":[{"t":"idOrVar","v":"value"}," évvel ezelőtt"],"one":"tavaly","other":[{"t":"idOrVar","v":"value"}," évvel ezelőtt"],"two":[{"t":"idOrVar","v":"value"}," évvel ezelőtt"],"zero":"idén"},"$x":[{"t":"idOrVar","v":"plural"},"value"]},{"$i":"minutes-until-long","$v":{"few":[{"t":"idOrVar","v":"value"}," perc múlva"],"many":[{"t":"idOrVar","v":"value"}," perc múlva"],"one":"egy perc múlva","other":[{"t":"idOrVar","v":"value"}," perc múlva"],"two":[{"t":"idOrVar","v":"value"}," perc múlva"],"zero":"most"},"$x":[{"t":"idOrVar","v":"plural"},"value"]},{"$i":"hours-until-long","$v":{"few":[{"t":"idOrVar","v":"value"}," óra múlva"],"many":[{"t":"idOrVar","v":"value"}," óra múlva"],"one":"egy órán múlva","other":[{"t":"idOrVar","v":"value"}," óra múlva"],"two":[{"t":"idOrVar","v":"value"}," óra múlva"],"zero":"most"},"$x":[{"t":"idOrVar","v":"plural"},"value"]},{"$i":"days-until-long","$v":{"few":[{"t":"idOrVar","v":"value"}," nap múlva"],"many":[{"t":"idOrVar","v":"value"}," nap múlva"],"one":"holnap","other":[{"t":"idOrVar","v":"value"}," nap múlva"],"two":[{"t":"idOrVar","v":"value"}," nap múlva"],"zero":"Ma"},"$x":[{"t":"idOrVar","v":"plural"},"value"]},{"$i":"weeks-until-long","$v":{"few":[{"t":"idOrVar","v":"value"}," hét múlva"],"many":[{"t":"idOrVar","v":"value"}," hét múlva"],"one":"jövő héten","other":[{"t":"idOrVar","v":"value"}," hét múlva"],"two":[{"t":"idOrVar","v":"value"}," hét múlva"],"zero":"ezen a héten"},"$x":[{"t":"idOrVar","v":"plural"},"value"]},{"$i":"months-until-long","$v":{"few":[{"t":"idOrVar","v":"value"}," hónap múlva"],"many":[{"t":"idOrVar","v":"value"}," hónap múlva"],"one":"következő hónapban","other":[{"t":"idOrVar","v":"value"}," hónap múlva"],"two":[{"t":"idOrVar","v":"value"}," hónap múlva"],"zero":"EBBEN A HÓNAPBAN"},"$x":[{"t":"idOrVar","v":"plural"},"value"]},{"$i":"years-until-long","$v":{"few":[{"t":"idOrVar","v":"value"}," év múlva"],"many":[{"t":"idOrVar","v":"value"}," év múlva"],"one":"jövő évben","other":[{"t":"idOrVar","v":"value"}," év múlva"],"two":[{"t":"idOrVar","v":"value"}," év múlva"],"zero":"idén"},"$x":[{"t":"idOrVar","v":"plural"},"value"]},{"$i":"minutes-ago-short","$v":{"other":[{"t":"idOrVar","v":"value"}," perccel ezelőtt"],"zero":"épp most"},"$x":[{"t":"idOrVar","v":"plural"},"value"]},{"$i":"hours-ago-short","$v":{"other":[{"t":"idOrVar","v":"value"}," órával ezelőtt"],"zero":"épp most"},"$x":[{"t":"idOrVar","v":"plural"},"value"]},{"$i":"days-ago-short","$v":{"other":[{"t":"idOrVar","v":"value"},"n ezelőtt"],"zero":"Ma"},"$x":[{"t":"idOrVar","v":"plural"},"value"]},{"$i":"minutes-until-short","$v":{"other":[{"t":"idOrVar","v":"value"}," percen belül"],"zero":"most"},"$x":[{"t":"idOrVar","v":"plural"},"value"]},{"$i":"hours-until-short","$v":{"other":[{"t":"idOrVar","v":"value"}," óra múlva"],"zero":"most"},"$x":[{"t":"idOrVar","v":"plural"},"value"]},{"$i":"days-until-short","$v":{"other":[{"t":"idOrVar","v":"value"}," nap múlva"],"zero":"Ma"},"$x":[{"t":"idOrVar","v":"plural"},"value"]},{"$i":"incorrectDate","$v":"(helytelen dátum)"},{"$i":"dateTimeFormat_%c","$v":"%a %b %e %Y %I:%M:%S %p"},{"$i":"dateTimeFormat_%x","$v":"%m/%d/%Y"},{"$i":"dateTimeFormat_%X","$v":"%I:%M:%S %p"},{"$i":"shortTimeFormat","$v":"%I:%M %p"},{"$i":"shortTimeFormat12","$v":"%I:%M %p"},{"$i":"shortTimeFormat24","$v":"%H:%M"},{"$i":"shortDateTimeFormat","$v":"%x %I:%M %p"},{"$i":"weekStartsOnMonday","$v":"0.0"},{"$i":"firstDayOfTheWeek","$v":"1.0"},{"$i":"time_am","$v":"de."},{"$i":"time_pm","$v":"du."}]