[{"$i":"ok","$v":"OK"},{"$i":"go","$v":"Գնալ"},{"$i":"play","$v":"Նվագարկել"},{"$i":"stop","$v":"Դդրցնլ"},{"$i":"call","$v":"Զանգել"},{"$i":"back","$v":"Հետ"},{"$i":"today","$v":"Այսօր"},{"$i":"select","$v":"Ընտրել"},{"$i":"deselect","$v":"Ապընտրել"},{"$i":"delete","$v":"Ջնջել"},{"$i":"cancel","$v":"Չեղարկել"},{"$i":"warning","$v":"Զգուշացում"},{"$i":"options","$v":"Ընտրանքներ"},{"$i":"confirm","$v":"Հաստատել"},{"$i":"open-web","$v":"Գնալ"},{"$i":"open-dial","$v":"Կանչ"},{"$i":"open-mailbox","$v":"Բացել"},{"$i":"delete-all","$v":"Ջնջել բոլորը"},{"$i":"multiselect","$v":"Ջնջել մի քանիսը"},{"$i":"select-all","$v":"Բոլորը"},{"$i":"deselect-all","$v":"Ոչ մի"},{"$i":"delete-message","$v":"Delete message?"},{"$i":"delete-all-message","$v":"Delete all message?"},{"$i":"delete-selected-message","$v":["Delete the ",{"t":"idOrVar","v":"num"}," messages?"]},{"$i":"no-alert","$v":"Զգշցմ չկա"},{"$i":"alert-inbox","$v":"Զգշցմնրի մուտքի արկղ"},{"$i":"amber-alert","$v":"Amber ազդանշան"},{"$i":"severe-alert","$v":"Սուր ազդնշն"},{"$i":"extreme-alert","$v":"Ծայրահեղ զգուշացում"},{"$i":"unknown-alert","$v":"Անհայտ ազդանշան"},{"$i":"rmt-alert","$v":"RMT ազդանշան"},{"$i":"exercise-alert","$v":"Փորձել ազդանշանը"},{"$i":"operator-alert","$v":"Օպերատերի ազդանշան"},{"$i":"presidential-alert","$v":"Նախագահական ազդնշն"},{"$i":"emergency-alerts","$v":"Արտակարգ իրավիճակի զգուշացումներ"},{"$i":"wea-ringtone-preview","$v":"WEA հնչերանգի նախադիտում"},{"$i":"wea-ringtone","$v":"WEA հնչերանգ"},{"$i":"presidential-alert-tw","$v":"Presidential Alert"},{"$i":"rmt-alert-tw","$v":"Required Monthly Test"},{"$i":"emergency-alert","$v":"Emergency Alert"},{"$i":"alert-message","$v":"Alert Message"},{"$i":"pre-alert-chinese","$v":"國家級警報"},{"$i":"emergency-alert-chinese","$v":"緊急警報"},{"$i":"emergency-message-chinese","$v":"警訊通知"},{"$i":"rmt-message-chinese","$v":"每月測試用訊息"},{"$i":"etws-warningType-earthquake","$v":"Երկրաշարժի զգուշացում:"},{"$i":"etws-warningType-tsunami","$v":"Ցունամիի զգուշացում:"},{"$i":"etws-warningType-earthquake-tsunami","$v":"Երկրաշարժի, ցունամիի զգուշացում:"},{"$i":"etws-warningType-test","$v":"Զգուշացման համակարգը ստուգվում է:"},{"$i":"etws-warningType-other","$v":"Արտակարգ իրավիճակի զգուշացում:"},{"$i":"national-emergency-alert-arabic","$v":"تحذير طارئ وطني"},{"$i":"emergency-alert-arabic","$v":"تحذير طارئ"},{"$i":"warning-alert-arabic","$v":"رسائل تحذيرية"},{"$i":"test-alert-arabic","$v":"رسالة تجريبية"},{"$i":"exercise-arabic","$v":"تمرين"},{"$i":"national-emergency-alert-english","$v":"National Emergency Alert"},{"$i":"warning-alert-english","$v":"Warning Alert"},{"$i":"test-alert-english","$v":"Test Alert"},{"$i":"exercise-english","$v":"Exercise"},{"$i":"extreme-alert-hebrew","$v":"התרעה חמורה"},{"$i":"warning-notification-hebrew","$v":"אזהרה"},{"$i":"informational-hebrew","$v":"מידע"},{"$i":"test-hebrew","$v":"בדיקה"},{"$i":"exercise-hebrew","$v":"תרגיל"},{"$i":"assistance-hebrew","$v":"בקשה לעזרת הציבור"},{"$i":"informational-english","$v":"Informational"},{"$i":"extreme-alert-english","$v":"Extreme Alert"},{"$i":"warning-notification-english","$v":"Warning Notification"},{"$i":"test-english","$v":"Test"},{"$i":"assistance-english","$v":"Apply for Public assistance"},{"$i":"national-emergency-alert-lithuanian","$v":"Ypatingasis įspėjimas"},{"$i":"emergency-alert-lithuanian","$v":"Svarbus įspėjimas"},{"$i":"warning-alert-lithuanian","$v":"Įspėjimas"},{"$i":"amber-alert-lithuanian","$v":"Vaiko paieška"},{"$i":"test-Lithuanian","$v":"Testas"},{"$i":"NL-alert","$v":"NL-Alert"},{"$i":"RO-alert","$v":"RO-Alert"},{"$i":"GR-alert","$v":"GR-Alert"},{"$i":"orange-alert","$v":"Orange Alert"},{"$i":"IT-Alert","$v":"IT-Alert"},{"$i":"qtn_cb_ksa_alerts_title_ar","$v":"الرسائل التحذيرية"},{"$i":"qtn_cb_ksa_alerts_title_en","$v":"Alerts"},{"$i":"qtn_cb_ksa_emergency_warn_title_ar","$v":"الرسائل التحذيرية الطارئة"},{"$i":"qtn_cb_ksa_emergency_warn_title_en","$v":"Emergency Warning Alerts"},{"$i":"qtn_cb_ksa_exercises_title_ar","$v":"تمارين"},{"$i":"qtn_cb_ksa_exercises_title_en","$v":"Exercises"},{"$i":"qtn_cb_ksa_extreme_emer_title_ar","$v":"الرسائل التحذيرية الطارئة جدا"},{"$i":"qtn_cb_ksa_extreme_emer_title_en","$v":"Extreme Emergency Warning Alerts"},{"$i":"qtn_cb_ksa_national_warn_title_en","$v":"National Warning Alerts"},{"$i":"qtn_cb_ksa_nationalwarn_title_ar","$v":"الرسائل التحذيرية الوطنية"},{"$i":"qtn_cb_ksa_test_title_ar","$v":"الرسائل التجريبية"},{"$i":"qtn_cb_ksa_test_title_en","$v":"Testing Alerts"},{"$i":"Government-Alert","$v":"Government Alert"},{"$i":"weekday-0-long","$v":"Կիրակի"},{"$i":"weekday-1-long","$v":"Երկուշաբթի"},{"$i":"weekday-2-long","$v":"Երեքշաբթի"},{"$i":"weekday-3-long","$v":"Չորեքշաբթի"},{"$i":"weekday-4-long","$v":"Հինգշաբթի"},{"$i":"weekday-5-long","$v":"Ուրբաթ"},{"$i":"weekday-6-long","$v":"Շաբաթ"},{"$i":"weekday-0-short","$v":"Կիր"},{"$i":"weekday-1-short","$v":"Երկ"},{"$i":"weekday-2-short","$v":"Երք"},{"$i":"weekday-3-short","$v":"Չրք"},{"$i":"weekday-4-short","$v":"Հնգ"},{"$i":"weekday-5-short","$v":"Ուրբ"},{"$i":"weekday-6-short","$v":"Շբթ"},{"$i":"month-0-long","$v":"Հունվար"},{"$i":"month-1-long","$v":"Փետրվար"},{"$i":"month-2-long","$v":"Մարտ"},{"$i":"month-3-long","$v":"Ապրիլ"},{"$i":"month-4-long","$v":"Մյս"},{"$i":"month-5-long","$v":"Հունիս"},{"$i":"month-6-long","$v":"Հուլիս"},{"$i":"month-7-long","$v":"Օգոստոս"},{"$i":"month-8-long","$v":"Սեպտեմբեր"},{"$i":"month-9-long","$v":"Հոկտեմբեր"},{"$i":"month-10-long","$v":"Նոյեմբեր"},{"$i":"month-11-long","$v":"Դեկտեմբեր"},{"$i":"month-0-genitive","$v":"Հունվար"},{"$i":"month-1-genitive","$v":"Փետրվար"},{"$i":"month-2-genitive","$v":"Մարտ"},{"$i":"month-3-genitive","$v":"Ապրիլ"},{"$i":"month-4-genitive","$v":"Մյս"},{"$i":"month-5-genitive","$v":"Հունիս"},{"$i":"month-6-genitive","$v":"Հուլիս"},{"$i":"month-7-genitive","$v":"Օգոստոս"},{"$i":"month-8-genitive","$v":"Սեպտեմբեր"},{"$i":"month-9-genitive","$v":"Հոկտեմբեր"},{"$i":"month-10-genitive","$v":"Նոյեմբեր"},{"$i":"month-11-genitive","$v":"Դեկտեմբեր"},{"$i":"month-0-short","$v":"Հունվ"},{"$i":"month-1-short","$v":"Փետ"},{"$i":"month-2-short","$v":"Մրտ"},{"$i":"month-3-short","$v":"Ապլ"},{"$i":"month-4-short","$v":"Մյս"},{"$i":"month-5-short","$v":"Հուն"},{"$i":"month-6-short","$v":"Հուլ"},{"$i":"month-7-short","$v":"Օգս"},{"$i":"month-8-short","$v":"Սպտ"},{"$i":"month-9-short","$v":"Հոկտ"},{"$i":"month-10-short","$v":"Նոյ"},{"$i":"month-11-short","$v":"Դեկ"},{"$i":"minutes-ago-long","$v":{"few":[{"t":"idOrVar","v":"value"}," րոպե առաջ"],"many":[{"t":"idOrVar","v":"value"}," րոպե առաջ"],"one":"րոպե առաջ","other":[{"t":"idOrVar","v":"value"}," րոպե առաջ"],"two":[{"t":"idOrVar","v":"value"}," րոպե առաջ"],"zero":"հենց նոր"},"$x":[{"t":"idOrVar","v":"plural"},"value"]},{"$i":"hours-ago-long","$v":{"few":[{"t":"idOrVar","v":"value"}," ժամ առաջ"],"many":[{"t":"idOrVar","v":"value"}," ժամ առաջ"],"one":"մեկ ժամ առաջ","other":[{"t":"idOrVar","v":"value"}," ժամ առաջ"],"two":[{"t":"idOrVar","v":"value"}," ժամ առաջ"],"zero":"հենց նոր"},"$x":[{"t":"idOrVar","v":"plural"},"value"]},{"$i":"days-ago-long","$v":{"few":[{"t":"idOrVar","v":"value"}," օր առաջ"],"many":[{"t":"idOrVar","v":"value"}," օր առաջ"],"one":"երեկ","other":[{"t":"idOrVar","v":"value"}," օր առաջ"],"two":[{"t":"idOrVar","v":"value"}," օր առաջ"],"zero":"այսօր"},"$x":[{"t":"idOrVar","v":"plural"},"value"]},{"$i":"weeks-ago-long","$v":{"few":[{"t":"idOrVar","v":"value"}," շաբաթ առաջ"],"many":[{"t":"idOrVar","v":"value"}," շաբաթ առաջ"],"one":"անցյալ շաբաթ","other":[{"t":"idOrVar","v":"value"}," շաբաթ առաջ"],"two":[{"t":"idOrVar","v":"value"}," շաբաթ առաջ"],"zero":"այս շաբաթ"},"$x":[{"t":"idOrVar","v":"plural"},"value"]},{"$i":"months-ago-long","$v":{"few":[{"t":"idOrVar","v":"value"}," ամիս առաջ"],"many":[{"t":"idOrVar","v":"value"}," ամիս առաջ"],"one":"անցած ամիս","other":[{"t":"idOrVar","v":"value"}," ամիս առաջ"],"two":[{"t":"idOrVar","v":"value"}," ամիս առաջ"],"zero":"այս ամիս"},"$x":[{"t":"idOrVar","v":"plural"},"value"]},{"$i":"years-ago-long","$v":{"few":[{"t":"idOrVar","v":"value"}," տարի առաջ"],"many":[{"t":"idOrVar","v":"value"}," տարի առաջ"],"one":"անցյալ տարի","other":[{"t":"idOrVar","v":"value"}," տարի առաջ"],"two":[{"t":"idOrVar","v":"value"}," տարի առաջ"],"zero":"այս տարի"},"$x":[{"t":"idOrVar","v":"plural"},"value"]},{"$i":"minutes-until-long","$v":{"few":[{"t":"idOrVar","v":"value"}," րոպեից"],"many":[{"t":"idOrVar","v":"value"}," րոպեից"],"one":"մեկ րոպեից","other":[{"t":"idOrVar","v":"value"}," րոպեից"],"two":[{"t":"idOrVar","v":"value"}," րոպեից"],"zero":"հիմա"},"$x":[{"t":"idOrVar","v":"plural"},"value"]},{"$i":"hours-until-long","$v":{"few":[{"t":"idOrVar","v":"value"}," ժամից"],"many":[{"t":"idOrVar","v":"value"}," ժամից"],"one":"մեկ ժամից","other":[{"t":"idOrVar","v":"value"}," ժամից"],"two":[{"t":"idOrVar","v":"value"}," ժամից"],"zero":"հիմա"},"$x":[{"t":"idOrVar","v":"plural"},"value"]},{"$i":"days-until-long","$v":{"few":[{"t":"idOrVar","v":"value"}," օրից"],"many":[{"t":"idOrVar","v":"value"}," օրից"],"one":"վաղը","other":[{"t":"idOrVar","v":"value"}," օրից"],"two":[{"t":"idOrVar","v":"value"}," օրից"],"zero":"այսօր"},"$x":[{"t":"idOrVar","v":"plural"},"value"]},{"$i":"weeks-until-long","$v":{"few":[{"t":"idOrVar","v":"value"}," շաբաթից"],"many":[{"t":"idOrVar","v":"value"}," շաբաթից"],"one":"հաջորդ շաբաթ","other":[{"t":"idOrVar","v":"value"}," շաբաթից"],"two":[{"t":"idOrVar","v":"value"}," շաբաթից"],"zero":"այս շաբաթ"},"$x":[{"t":"idOrVar","v":"plural"},"value"]},{"$i":"months-until-long","$v":{"few":[{"t":"idOrVar","v":"value"}," ամսից"],"many":[{"t":"idOrVar","v":"value"}," ամսից"],"one":"հաջորդ ամիս","other":[{"t":"idOrVar","v":"value"}," ամսից"],"two":[{"t":"idOrVar","v":"value"}," ամսից"],"zero":"այս ամիս"},"$x":[{"t":"idOrVar","v":"plural"},"value"]},{"$i":"years-until-long","$v":{"few":[{"t":"idOrVar","v":"value"}," տարուց"],"many":[{"t":"idOrVar","v":"value"}," տարուց"],"one":"հաջորդ տարի","other":[{"t":"idOrVar","v":"value"}," տարուց"],"two":[{"t":"idOrVar","v":"value"}," տարուց"],"zero":"այս տարի"},"$x":[{"t":"idOrVar","v":"plural"},"value"]},{"$i":"minutes-ago-short","$v":{"other":[{"t":"idOrVar","v":"value"}," ր առաջ"],"zero":"հենց նոր"},"$x":[{"t":"idOrVar","v":"plural"},"value"]},{"$i":"hours-ago-short","$v":{"other":[{"t":"idOrVar","v":"value"}," ժ առաջ"],"zero":"հենց նոր"},"$x":[{"t":"idOrVar","v":"plural"},"value"]},{"$i":"days-ago-short","$v":{"other":[{"t":"idOrVar","v":"value"}," օր առաջ"],"zero":"այսօր"},"$x":[{"t":"idOrVar","v":"plural"},"value"]},{"$i":"minutes-until-short","$v":{"other":[{"t":"idOrVar","v":"value"}," ր-ից"],"zero":"հիմա"},"$x":[{"t":"idOrVar","v":"plural"},"value"]},{"$i":"hours-until-short","$v":{"other":[{"t":"idOrVar","v":"value"}," ժ-ից"],"zero":"հիմա"},"$x":[{"t":"idOrVar","v":"plural"},"value"]},{"$i":"days-until-short","$v":{"other":[{"t":"idOrVar","v":"value"}," օրից"],"zero":"այսօր"},"$x":[{"t":"idOrVar","v":"plural"},"value"]},{"$i":"incorrectDate","$v":"(սխալ ամսաթիվ)"},{"$i":"dateTimeFormat_%c","$v":"%a %b %e %Y %I:%M:%S %p"},{"$i":"dateTimeFormat_%x","$v":"%m/%d/%Y"},{"$i":"dateTimeFormat_%X","$v":"%I:%M:%S %p"},{"$i":"shortTimeFormat","$v":"%I:%M %p"},{"$i":"shortTimeFormat12","$v":"%I:%M %p"},{"$i":"shortTimeFormat24","$v":"%H:%M"},{"$i":"shortDateTimeFormat","$v":"%x %I:%M %p"},{"$i":"weekStartsOnMonday","$v":"0.0"},{"$i":"firstDayOfTheWeek","$v":"1.0"},{"$i":"time_am","$v":"AM"},{"$i":"time_pm","$v":"PM"}]