[{"$i":"ok","$v":"Labi"},{"$i":"go","$v":"Doties"},{"$i":"play","$v":"Atskaņot"},{"$i":"stop","$v":"Apturēt"},{"$i":"call","$v":"Zvans"},{"$i":"back","$v":"Atpakaļ"},{"$i":"today","$v":"Šodien"},{"$i":"select","$v":"Atlasīt"},{"$i":"deselect","$v":"Noņemt izvēli"},{"$i":"delete","$v":"Dzēst"},{"$i":"cancel","$v":"Atcelt"},{"$i":"warning","$v":"Brīdinājums"},{"$i":"options","$v":"Iespējas"},{"$i":"confirm","$v":"Apstiprināt"},{"$i":"open-web","$v":"Doties"},{"$i":"open-dial","$v":"Zvanīt"},{"$i":"open-mailbox","$v":"Atvērt"},{"$i":"delete-all","$v":"Dzēst visu"},{"$i":"multiselect","$v":"Dzēst vairākus"},{"$i":"select-all","$v":"Visi"},{"$i":"deselect-all","$v":"Nav"},{"$i":"delete-message","$v":"Delete message?"},{"$i":"delete-all-message","$v":"Delete all message?"},{"$i":"delete-selected-message","$v":["Delete the ",{"t":"idOrVar","v":"num"}," messages?"]},{"$i":"no-alert","$v":"Nav neviena brīdinājuma"},{"$i":"alert-inbox","$v":"Brīdinājuma iesūtne"},{"$i":"amber-alert","$v":"AMBER brīdinājums"},{"$i":"severe-alert","$v":"Nopietna līm. brīdin."},{"$i":"extreme-alert","$v":"Brīdinājums “Extreme”"},{"$i":"unknown-alert","$v":"Nezināms brīdinājums"},{"$i":"rmt-alert","$v":"RMT brīdinājums"},{"$i":"exercise-alert","$v":"Uzdevuma brīdinājums"},{"$i":"operator-alert","$v":"Operatora brīdinājums"},{"$i":"presidential-alert","$v":"Brīdinājums “Presidential”"},{"$i":"emergency-alerts","$v":"Ārkārtas brīdinājumi"},{"$i":"wea-ringtone-preview","$v":"WEA zvana signāla paraugs"},{"$i":"wea-ringtone","$v":"WEA zvana signāls"},{"$i":"presidential-alert-tw","$v":"Presidential Alert"},{"$i":"rmt-alert-tw","$v":"Required Monthly Test"},{"$i":"emergency-alert","$v":"Emergency Alert"},{"$i":"alert-message","$v":"Alert Message"},{"$i":"pre-alert-chinese","$v":"國家級警報"},{"$i":"emergency-alert-chinese","$v":"緊急警報"},{"$i":"emergency-message-chinese","$v":"警訊通知"},{"$i":"rmt-message-chinese","$v":"每月測試用訊息"},{"$i":"etws-warningType-earthquake","$v":"Zemestrīces brīdinājums!"},{"$i":"etws-warningType-tsunami","$v":"Cunami brīdinājums!"},{"$i":"etws-warningType-earthquake-tsunami","$v":"Zemestrīces un cunami brīdinājums!"},{"$i":"etws-warningType-test","$v":"Brīdinājuma sistēma tiek pārbaudīta."},{"$i":"etws-warningType-other","$v":"Ārkārtas brīdinājums!"},{"$i":"national-emergency-alert-arabic","$v":"تحذير طارئ وطني"},{"$i":"emergency-alert-arabic","$v":"تحذير طارئ"},{"$i":"warning-alert-arabic","$v":"رسائل تحذيرية"},{"$i":"test-alert-arabic","$v":"رسالة تجريبية"},{"$i":"exercise-arabic","$v":"تمرين"},{"$i":"national-emergency-alert-english","$v":"National Emergency Alert"},{"$i":"warning-alert-english","$v":"Warning Alert"},{"$i":"test-alert-english","$v":"Test Alert"},{"$i":"exercise-english","$v":"Exercise"},{"$i":"extreme-alert-hebrew","$v":"התרעה חמורה"},{"$i":"warning-notification-hebrew","$v":"אזהרה"},{"$i":"informational-hebrew","$v":"מידע"},{"$i":"test-hebrew","$v":"בדיקה"},{"$i":"exercise-hebrew","$v":"תרגיל"},{"$i":"assistance-hebrew","$v":"בקשה לעזרת הציבור"},{"$i":"informational-english","$v":"Informational"},{"$i":"extreme-alert-english","$v":"Extreme Alert"},{"$i":"warning-notification-english","$v":"Warning Notification"},{"$i":"test-english","$v":"Test"},{"$i":"assistance-english","$v":"Apply for Public assistance"},{"$i":"national-emergency-alert-lithuanian","$v":"Ypatingasis įspėjimas"},{"$i":"emergency-alert-lithuanian","$v":"Svarbus įspėjimas"},{"$i":"warning-alert-lithuanian","$v":"Įspėjimas"},{"$i":"amber-alert-lithuanian","$v":"Vaiko paieška"},{"$i":"test-Lithuanian","$v":"Testas"},{"$i":"NL-alert","$v":"NL-Alert"},{"$i":"RO-alert","$v":"RO-Alert"},{"$i":"GR-alert","$v":"GR-Alert"},{"$i":"orange-alert","$v":"Orange Alert"},{"$i":"IT-Alert","$v":"IT-Alert"},{"$i":"qtn_cb_ksa_alerts_title_ar","$v":"الرسائل التحذيرية"},{"$i":"qtn_cb_ksa_alerts_title_en","$v":"Alerts"},{"$i":"qtn_cb_ksa_emergency_warn_title_ar","$v":"الرسائل التحذيرية الطارئة"},{"$i":"qtn_cb_ksa_emergency_warn_title_en","$v":"Emergency Warning Alerts"},{"$i":"qtn_cb_ksa_exercises_title_ar","$v":"تمارين"},{"$i":"qtn_cb_ksa_exercises_title_en","$v":"Exercises"},{"$i":"qtn_cb_ksa_extreme_emer_title_ar","$v":"الرسائل التحذيرية الطارئة جدا"},{"$i":"qtn_cb_ksa_extreme_emer_title_en","$v":"Extreme Emergency Warning Alerts"},{"$i":"qtn_cb_ksa_national_warn_title_en","$v":"National Warning Alerts"},{"$i":"qtn_cb_ksa_nationalwarn_title_ar","$v":"الرسائل التحذيرية الوطنية"},{"$i":"qtn_cb_ksa_test_title_ar","$v":"الرسائل التجريبية"},{"$i":"qtn_cb_ksa_test_title_en","$v":"Testing Alerts"},{"$i":"Government-Alert","$v":"Government Alert"},{"$i":"weekday-0-long","$v":"Svētdiena"},{"$i":"weekday-1-long","$v":"Pirmdiena"},{"$i":"weekday-2-long","$v":"Otrdiena"},{"$i":"weekday-3-long","$v":"Trešdiens"},{"$i":"weekday-4-long","$v":"Ceturtdiena"},{"$i":"weekday-5-long","$v":"Piektdiena"},{"$i":"weekday-6-long","$v":"Sestdiena"},{"$i":"weekday-0-short","$v":"Sv"},{"$i":"weekday-1-short","$v":"P"},{"$i":"weekday-2-short","$v":"O"},{"$i":"weekday-3-short","$v":"T"},{"$i":"weekday-4-short","$v":"C"},{"$i":"weekday-5-short","$v":"Pk"},{"$i":"weekday-6-short","$v":"S"},{"$i":"month-0-long","$v":"Janvāris"},{"$i":"month-1-long","$v":"Februāris"},{"$i":"month-2-long","$v":"Marts"},{"$i":"month-3-long","$v":"Aprīlis"},{"$i":"month-4-long","$v":"Maijs"},{"$i":"month-5-long","$v":"Jūnijs"},{"$i":"month-6-long","$v":"Jūlijs"},{"$i":"month-7-long","$v":"Augusts"},{"$i":"month-8-long","$v":"Septembris"},{"$i":"month-9-long","$v":"Oktobris"},{"$i":"month-10-long","$v":"Novembris"},{"$i":"month-11-long","$v":"Decembris"},{"$i":"month-0-genitive","$v":"Janvāris"},{"$i":"month-1-genitive","$v":"Februāris"},{"$i":"month-2-genitive","$v":"Marts"},{"$i":"month-3-genitive","$v":"Aprīlis"},{"$i":"month-4-genitive","$v":"Maijs"},{"$i":"month-5-genitive","$v":"Jūnijs"},{"$i":"month-6-genitive","$v":"Jūlijs"},{"$i":"month-7-genitive","$v":"Augusts"},{"$i":"month-8-genitive","$v":"Septembris"},{"$i":"month-9-genitive","$v":"Oktobris"},{"$i":"month-10-genitive","$v":"Novembris"},{"$i":"month-11-genitive","$v":"Decembris"},{"$i":"month-0-short","$v":"Jan."},{"$i":"month-1-short","$v":"Febr."},{"$i":"month-2-short","$v":"Marts"},{"$i":"month-3-short","$v":"Apr."},{"$i":"month-4-short","$v":"Maijs"},{"$i":"month-5-short","$v":"Jūn."},{"$i":"month-6-short","$v":"Jūl."},{"$i":"month-7-short","$v":"Aug."},{"$i":"month-8-short","$v":"Sept."},{"$i":"month-9-short","$v":"Okt."},{"$i":"month-10-short","$v":"Nov."},{"$i":"month-11-short","$v":"Dec."},{"$i":"minutes-ago-long","$v":{"few":["Pirms ",{"t":"idOrVar","v":"value"}," minūtēm"],"many":["Pirms ",{"t":"idOrVar","v":"value"}," minūtēm"],"one":"pirms minūtes","other":["Pirms ",{"t":"idOrVar","v":"value"}," minūtēm"],"two":["Pirms ",{"t":"idOrVar","v":"value"}," minūtēm"],"zero":"tikko"},"$x":[{"t":"idOrVar","v":"plural"},"value"]},{"$i":"hours-ago-long","$v":{"few":["Pirms ",{"t":"idOrVar","v":"value"}," stundām"],"many":["Pirms ",{"t":"idOrVar","v":"value"}," stundām"],"one":"pirms stundas","other":["Pirms ",{"t":"idOrVar","v":"value"}," stundām"],"two":["Pirms ",{"t":"idOrVar","v":"value"}," stundām"],"zero":"tikko"},"$x":[{"t":"idOrVar","v":"plural"},"value"]},{"$i":"days-ago-long","$v":{"few":["Pirms ",{"t":"idOrVar","v":"value"}," dienām"],"many":["Pirms ",{"t":"idOrVar","v":"value"}," dienām"],"one":"vakar","other":["Pirms ",{"t":"idOrVar","v":"value"}," dienām"],"two":["Pirms ",{"t":"idOrVar","v":"value"}," dienām"],"zero":"šodien"},"$x":[{"t":"idOrVar","v":"plural"},"value"]},{"$i":"weeks-ago-long","$v":{"few":["Pirms ",{"t":"idOrVar","v":"value"}," nedēļām"],"many":["Pirms ",{"t":"idOrVar","v":"value"}," nedēļām"],"one":"pagājušajā nedēļā","other":["Pirms ",{"t":"idOrVar","v":"value"}," nedēļām"],"two":["Pirms ",{"t":"idOrVar","v":"value"}," nedēļām"],"zero":"šonedēļ"},"$x":[{"t":"idOrVar","v":"plural"},"value"]},{"$i":"months-ago-long","$v":{"few":["Pirms ",{"t":"idOrVar","v":"value"}," mēnešiem"],"many":["Pirms ",{"t":"idOrVar","v":"value"}," mēnešiem"],"one":"pagājušajā mēnesī","other":["Pirms ",{"t":"idOrVar","v":"value"}," mēnešiem"],"two":["Pirms ",{"t":"idOrVar","v":"value"}," mēnešiem"],"zero":"šomēnes"},"$x":[{"t":"idOrVar","v":"plural"},"value"]},{"$i":"years-ago-long","$v":{"few":["Pirms ",{"t":"idOrVar","v":"value"}," gadiem"],"many":["Pirms ",{"t":"idOrVar","v":"value"}," gadiem"],"one":"pagājušajā gadā","other":["Pirms ",{"t":"idOrVar","v":"value"}," gadiem"],"two":["Pirms ",{"t":"idOrVar","v":"value"}," gadiem"],"zero":"šogad"},"$x":[{"t":"idOrVar","v":"plural"},"value"]},{"$i":"minutes-until-long","$v":{"few":[{"t":"idOrVar","v":"value"}," minūtēs"],"many":[{"t":"idOrVar","v":"value"}," minūtēs"],"one":"minūtē","other":[{"t":"idOrVar","v":"value"}," minūtēs"],"two":[{"t":"idOrVar","v":"value"}," minūtēs"],"zero":"tūlīt"},"$x":[{"t":"idOrVar","v":"plural"},"value"]},{"$i":"hours-until-long","$v":{"few":[{"t":"idOrVar","v":"value"}," stundās"],"many":[{"t":"idOrVar","v":"value"}," stundās"],"one":"stundā","other":[{"t":"idOrVar","v":"value"}," stundās"],"two":[{"t":"idOrVar","v":"value"}," stundās"],"zero":"tūlīt"},"$x":[{"t":"idOrVar","v":"plural"},"value"]},{"$i":"days-until-long","$v":{"few":[{"t":"idOrVar","v":"value"}," dienās"],"many":[{"t":"idOrVar","v":"value"}," dienās"],"one":"rīt","other":[{"t":"idOrVar","v":"value"}," dienās"],"two":[{"t":"idOrVar","v":"value"}," dienās"],"zero":"šodien"},"$x":[{"t":"idOrVar","v":"plural"},"value"]},{"$i":"weeks-until-long","$v":{"few":[{"t":"idOrVar","v":"value"}," nedēļās"],"many":[{"t":"idOrVar","v":"value"}," nedēļās"],"one":"nākamā nedēļa","other":[{"t":"idOrVar","v":"value"}," nedēļās"],"two":[{"t":"idOrVar","v":"value"}," nedēļās"],"zero":"šonedēļ"},"$x":[{"t":"idOrVar","v":"plural"},"value"]},{"$i":"months-until-long","$v":{"few":[{"t":"idOrVar","v":"value"}," mēnešos"],"many":[{"t":"idOrVar","v":"value"}," mēnešos"],"one":"nākamais mēnesis","other":[{"t":"idOrVar","v":"value"}," mēnešos"],"two":[{"t":"idOrVar","v":"value"}," mēnešos"],"zero":"šomēnes"},"$x":[{"t":"idOrVar","v":"plural"},"value"]},{"$i":"years-until-long","$v":{"few":[{"t":"idOrVar","v":"value"}," gados"],"many":[{"t":"idOrVar","v":"value"}," gados"],"one":"nākamais gads","other":[{"t":"idOrVar","v":"value"}," gados"],"two":[{"t":"idOrVar","v":"value"}," gados"],"zero":"šogad"},"$x":[{"t":"idOrVar","v":"plural"},"value"]},{"$i":"minutes-ago-short","$v":{"other":["Pirms ",{"t":"idOrVar","v":"value"}," min."],"zero":"tikko"},"$x":[{"t":"idOrVar","v":"plural"},"value"]},{"$i":"hours-ago-short","$v":{"other":["Pirms ",{"t":"idOrVar","v":"value"}," stundām"],"zero":"tikko"},"$x":[{"t":"idOrVar","v":"plural"},"value"]},{"$i":"days-ago-short","$v":{"other":["Pirms ",{"t":"idOrVar","v":"value"}," d."],"zero":"šodien"},"$x":[{"t":"idOrVar","v":"plural"},"value"]},{"$i":"minutes-until-short","$v":{"other":[{"t":"idOrVar","v":"value"}," min."],"zero":"tūlīt"},"$x":[{"t":"idOrVar","v":"plural"},"value"]},{"$i":"hours-until-short","$v":{"other":[{"t":"idOrVar","v":"value"}," st."],"zero":"tūlīt"},"$x":[{"t":"idOrVar","v":"plural"},"value"]},{"$i":"days-until-short","$v":{"other":[{"t":"idOrVar","v":"value"}," dienās"],"zero":"šodien"},"$x":[{"t":"idOrVar","v":"plural"},"value"]},{"$i":"incorrectDate","$v":"(nepareizs datums)"},{"$i":"dateTimeFormat_%c","$v":"%a %b %e %Y %I:%M:%S %p"},{"$i":"dateTimeFormat_%x","$v":"%m/%d/%Y"},{"$i":"dateTimeFormat_%X","$v":"%I:%M:%S %p"},{"$i":"shortTimeFormat","$v":"%I:%M %p"},{"$i":"shortTimeFormat12","$v":"%I:%M %p"},{"$i":"shortTimeFormat24","$v":"%H:%M"},{"$i":"shortDateTimeFormat","$v":"%x %I:%M %p"},{"$i":"weekStartsOnMonday","$v":"0.0"},{"$i":"firstDayOfTheWeek","$v":"1.0"},{"$i":"time_am","$v":"no rīta"},{"$i":"time_pm","$v":"Pēc plkst."}]