[{"$i":"ok","$v":"OK"},{"$i":"go","$v":"Start"},{"$i":"play","$v":"Spill av"},{"$i":"stop","$v":"Stopp"},{"$i":"call","$v":"Ring"},{"$i":"back","$v":"Tilbake"},{"$i":"today","$v":"I dag"},{"$i":"select","$v":"Velg"},{"$i":"deselect","$v":"Velg bort"},{"$i":"delete","$v":"Slett"},{"$i":"cancel","$v":"Avbryt"},{"$i":"warning","$v":"Advarsel"},{"$i":"options","$v":"Valg"},{"$i":"confirm","$v":"Bekreft"},{"$i":"open-web","$v":"Start"},{"$i":"open-dial","$v":"Anrop"},{"$i":"open-mailbox","$v":"Åpne"},{"$i":"delete-all","$v":"Slett alle"},{"$i":"multiselect","$v":"Slett flere"},{"$i":"select-all","$v":"Alle"},{"$i":"deselect-all","$v":"Ingen"},{"$i":"delete-message","$v":"Delete message?"},{"$i":"delete-all-message","$v":"Delete all message?"},{"$i":"delete-selected-message","$v":["Delete the ",{"t":"idOrVar","v":"num"}," messages?"]},{"$i":"no-alert","$v":"Ingen varsel"},{"$i":"alert-inbox","$v":"Innboks for varsel"},{"$i":"amber-alert","$v":"Amber-varsel"},{"$i":"severe-alert","$v":"Alvorlig varsel"},{"$i":"extreme-alert","$v":"Ekstrem varsel"},{"$i":"unknown-alert","$v":"Ukjent varsel"},{"$i":"rmt-alert","$v":"RMT-varsel"},{"$i":"exercise-alert","$v":"Treningsvarsel"},{"$i":"operator-alert","$v":"Operatørvarsel"},{"$i":"presidential-alert","$v":"Presidentvarsel"},{"$i":"emergency-alerts","$v":"Nødvarsler"},{"$i":"wea-ringtone-preview","$v":"Forhåndsvisning av WEA-ringetone"},{"$i":"wea-ringtone","$v":"WEA-ringetone"},{"$i":"presidential-alert-tw","$v":"Presidential Alert"},{"$i":"rmt-alert-tw","$v":"Required Monthly Test"},{"$i":"emergency-alert","$v":"Emergency Alert"},{"$i":"alert-message","$v":"Alert Message"},{"$i":"pre-alert-chinese","$v":"國家級警報"},{"$i":"emergency-alert-chinese","$v":"緊急警報"},{"$i":"emergency-message-chinese","$v":"警訊通知"},{"$i":"rmt-message-chinese","$v":"每月測試用訊息"},{"$i":"etws-warningType-earthquake","$v":"Jordskjelvvarsel!"},{"$i":"etws-warningType-tsunami","$v":"Tsunami-varsel!"},{"$i":"etws-warningType-earthquake-tsunami","$v":"Jordskjelv-tsunamivarsel!"},{"$i":"etws-warningType-test","$v":"Varselsystemet blir testet."},{"$i":"etws-warningType-other","$v":"Nødsadvarsel!"},{"$i":"national-emergency-alert-arabic","$v":"تحذير طارئ وطني"},{"$i":"emergency-alert-arabic","$v":"تحذير طارئ"},{"$i":"warning-alert-arabic","$v":"رسائل تحذيرية"},{"$i":"test-alert-arabic","$v":"رسالة تجريبية"},{"$i":"exercise-arabic","$v":"تمرين"},{"$i":"national-emergency-alert-english","$v":"National Emergency Alert"},{"$i":"warning-alert-english","$v":"Warning Alert"},{"$i":"test-alert-english","$v":"Test Alert"},{"$i":"exercise-english","$v":"Exercise"},{"$i":"extreme-alert-hebrew","$v":"התרעה חמורה"},{"$i":"warning-notification-hebrew","$v":"אזהרה"},{"$i":"informational-hebrew","$v":"מידע"},{"$i":"test-hebrew","$v":"בדיקה"},{"$i":"exercise-hebrew","$v":"תרגיל"},{"$i":"assistance-hebrew","$v":"בקשה לעזרת הציבור"},{"$i":"informational-english","$v":"Informational"},{"$i":"extreme-alert-english","$v":"Extreme Alert"},{"$i":"warning-notification-english","$v":"Warning Notification"},{"$i":"test-english","$v":"Test"},{"$i":"assistance-english","$v":"Apply for Public assistance"},{"$i":"national-emergency-alert-lithuanian","$v":"Ypatingasis įspėjimas"},{"$i":"emergency-alert-lithuanian","$v":"Svarbus įspėjimas"},{"$i":"warning-alert-lithuanian","$v":"Įspėjimas"},{"$i":"amber-alert-lithuanian","$v":"Vaiko paieška"},{"$i":"test-Lithuanian","$v":"Testas"},{"$i":"NL-alert","$v":"NL-Alert"},{"$i":"RO-alert","$v":"RO-Alert"},{"$i":"GR-alert","$v":"GR-Alert"},{"$i":"orange-alert","$v":"Orange Alert"},{"$i":"IT-Alert","$v":"IT-Alert"},{"$i":"qtn_cb_ksa_alerts_title_ar","$v":"الرسائل التحذيرية"},{"$i":"qtn_cb_ksa_alerts_title_en","$v":"Alerts"},{"$i":"qtn_cb_ksa_emergency_warn_title_ar","$v":"الرسائل التحذيرية الطارئة"},{"$i":"qtn_cb_ksa_emergency_warn_title_en","$v":"Emergency Warning Alerts"},{"$i":"qtn_cb_ksa_exercises_title_ar","$v":"تمارين"},{"$i":"qtn_cb_ksa_exercises_title_en","$v":"Exercises"},{"$i":"qtn_cb_ksa_extreme_emer_title_ar","$v":"الرسائل التحذيرية الطارئة جدا"},{"$i":"qtn_cb_ksa_extreme_emer_title_en","$v":"Extreme Emergency Warning Alerts"},{"$i":"qtn_cb_ksa_national_warn_title_en","$v":"National Warning Alerts"},{"$i":"qtn_cb_ksa_nationalwarn_title_ar","$v":"الرسائل التحذيرية الوطنية"},{"$i":"qtn_cb_ksa_test_title_ar","$v":"الرسائل التجريبية"},{"$i":"qtn_cb_ksa_test_title_en","$v":"Testing Alerts"},{"$i":"Government-Alert","$v":"Government Alert"},{"$i":"weekday-0-long","$v":"Søndag"},{"$i":"weekday-1-long","$v":"Mandag"},{"$i":"weekday-2-long","$v":"Tirsdag"},{"$i":"weekday-3-long","$v":"Onsdag"},{"$i":"weekday-4-long","$v":"Torsdag"},{"$i":"weekday-5-long","$v":"Fredag"},{"$i":"weekday-6-long","$v":"Lørdag"},{"$i":"weekday-0-short","$v":"Sø."},{"$i":"weekday-1-short","$v":"Ma."},{"$i":"weekday-2-short","$v":"Ti."},{"$i":"weekday-3-short","$v":"On."},{"$i":"weekday-4-short","$v":"To."},{"$i":"weekday-5-short","$v":"Fr."},{"$i":"weekday-6-short","$v":"Lø."},{"$i":"month-0-long","$v":"Januar"},{"$i":"month-1-long","$v":"Februar"},{"$i":"month-2-long","$v":"Mars"},{"$i":"month-3-long","$v":"April"},{"$i":"month-4-long","$v":"Mai"},{"$i":"month-5-long","$v":"Juni"},{"$i":"month-6-long","$v":"Juli"},{"$i":"month-7-long","$v":"August"},{"$i":"month-8-long","$v":"September"},{"$i":"month-9-long","$v":"Oktober"},{"$i":"month-10-long","$v":"November"},{"$i":"month-11-long","$v":"Desember"},{"$i":"month-0-genitive","$v":"Januar"},{"$i":"month-1-genitive","$v":"Februar"},{"$i":"month-2-genitive","$v":"Mars"},{"$i":"month-3-genitive","$v":"April"},{"$i":"month-4-genitive","$v":"Mai"},{"$i":"month-5-genitive","$v":"Juni"},{"$i":"month-6-genitive","$v":"Juli"},{"$i":"month-7-genitive","$v":"August"},{"$i":"month-8-genitive","$v":"September"},{"$i":"month-9-genitive","$v":"Oktober"},{"$i":"month-10-genitive","$v":"November"},{"$i":"month-11-genitive","$v":"Desember"},{"$i":"month-0-short","$v":"Jan."},{"$i":"month-1-short","$v":"Feb."},{"$i":"month-2-short","$v":"Mars"},{"$i":"month-3-short","$v":"Apr."},{"$i":"month-4-short","$v":"Mai"},{"$i":"month-5-short","$v":"Juni"},{"$i":"month-6-short","$v":"Juli"},{"$i":"month-7-short","$v":"Aug."},{"$i":"month-8-short","$v":"Sep."},{"$i":"month-9-short","$v":"Okt."},{"$i":"month-10-short","$v":"Nov."},{"$i":"month-11-short","$v":"Des."},{"$i":"minutes-ago-long","$v":{"few":[{"t":"idOrVar","v":"value"}," minutter siden"],"many":[{"t":"idOrVar","v":"value"}," minutter siden"],"one":"et minutt siden","other":[{"t":"idOrVar","v":"value"}," minutter siden"],"two":[{"t":"idOrVar","v":"value"}," minutter siden"],"zero":"akkurat nå"},"$x":[{"t":"idOrVar","v":"plural"},"value"]},{"$i":"hours-ago-long","$v":{"few":[{"t":"idOrVar","v":"value"}," timer siden"],"many":[{"t":"idOrVar","v":"value"}," timer siden"],"one":"en time siden","other":[{"t":"idOrVar","v":"value"}," timer siden"],"two":[{"t":"idOrVar","v":"value"}," timer siden"],"zero":"akkurat nå"},"$x":[{"t":"idOrVar","v":"plural"},"value"]},{"$i":"days-ago-long","$v":{"few":[{"t":"idOrVar","v":"value"}," dager siden"],"many":[{"t":"idOrVar","v":"value"}," dager siden"],"one":"i går","other":[{"t":"idOrVar","v":"value"}," dager siden"],"two":[{"t":"idOrVar","v":"value"}," dager siden"],"zero":"i dag"},"$x":[{"t":"idOrVar","v":"plural"},"value"]},{"$i":"weeks-ago-long","$v":{"few":[{"t":"idOrVar","v":"value"}," uker siden"],"many":[{"t":"idOrVar","v":"value"}," uker siden"],"one":"sist uke","other":[{"t":"idOrVar","v":"value"}," uker siden"],"two":[{"t":"idOrVar","v":"value"}," uker siden"],"zero":"denne uken"},"$x":[{"t":"idOrVar","v":"plural"},"value"]},{"$i":"months-ago-long","$v":{"few":[{"t":"idOrVar","v":"value"}," måneder siden"],"many":[{"t":"idOrVar","v":"value"}," måneder siden"],"one":"sist måned","other":[{"t":"idOrVar","v":"value"}," måneder siden"],"two":[{"t":"idOrVar","v":"value"}," måneder siden"],"zero":"denne måneden"},"$x":[{"t":"idOrVar","v":"plural"},"value"]},{"$i":"years-ago-long","$v":{"few":[{"t":"idOrVar","v":"value"}," år siden"],"many":[{"t":"idOrVar","v":"value"}," år siden"],"one":"i fjor","other":[{"t":"idOrVar","v":"value"}," år siden"],"two":[{"t":"idOrVar","v":"value"}," år siden"],"zero":"i år"},"$x":[{"t":"idOrVar","v":"plural"},"value"]},{"$i":"minutes-until-long","$v":{"few":["om ",{"t":"idOrVar","v":"value"}," minutter"],"many":["om ",{"t":"idOrVar","v":"value"}," minutter"],"one":"om ett minutt","other":["om ",{"t":"idOrVar","v":"value"}," minutter"],"two":["om ",{"t":"idOrVar","v":"value"}," minutter"],"zero":"nå"},"$x":[{"t":"idOrVar","v":"plural"},"value"]},{"$i":"hours-until-long","$v":{"few":["om ",{"t":"idOrVar","v":"value"}," timer"],"many":["om ",{"t":"idOrVar","v":"value"}," timer"],"one":"om én time","other":["om ",{"t":"idOrVar","v":"value"}," timer"],"two":["om ",{"t":"idOrVar","v":"value"}," timer"],"zero":"nå"},"$x":[{"t":"idOrVar","v":"plural"},"value"]},{"$i":"days-until-long","$v":{"few":["om ",{"t":"idOrVar","v":"value"}," dager"],"many":["om ",{"t":"idOrVar","v":"value"}," dager"],"one":"i morgen","other":["om ",{"t":"idOrVar","v":"value"}," dager"],"two":["om ",{"t":"idOrVar","v":"value"}," dager"],"zero":"i dag"},"$x":[{"t":"idOrVar","v":"plural"},"value"]},{"$i":"weeks-until-long","$v":{"few":["om ",{"t":"idOrVar","v":"value"}," uker"],"many":["om ",{"t":"idOrVar","v":"value"}," uker"],"one":"neste uke","other":["om ",{"t":"idOrVar","v":"value"}," uker"],"two":["om ",{"t":"idOrVar","v":"value"}," uker"],"zero":"denne uken"},"$x":[{"t":"idOrVar","v":"plural"},"value"]},{"$i":"months-until-long","$v":{"few":["om ",{"t":"idOrVar","v":"value"}," måneder"],"many":["om ",{"t":"idOrVar","v":"value"}," måneder"],"one":"neste måned","other":["om ",{"t":"idOrVar","v":"value"}," måneder"],"two":["om ",{"t":"idOrVar","v":"value"}," måneder"],"zero":"denne måneden"},"$x":[{"t":"idOrVar","v":"plural"},"value"]},{"$i":"years-until-long","$v":{"few":["om ",{"t":"idOrVar","v":"value"}," år"],"many":["om ",{"t":"idOrVar","v":"value"}," år"],"one":"neste år","other":["om ",{"t":"idOrVar","v":"value"}," år"],"two":["om ",{"t":"idOrVar","v":"value"}," år"],"zero":"i år"},"$x":[{"t":"idOrVar","v":"plural"},"value"]},{"$i":"minutes-ago-short","$v":{"other":[{"t":"idOrVar","v":"value"}," m siden"],"zero":"akkurat nå"},"$x":[{"t":"idOrVar","v":"plural"},"value"]},{"$i":"hours-ago-short","$v":{"other":[{"t":"idOrVar","v":"value"}," t siden"],"zero":"akkurat nå"},"$x":[{"t":"idOrVar","v":"plural"},"value"]},{"$i":"days-ago-short","$v":{"other":[{"t":"idOrVar","v":"value"}," d siden"],"zero":"i dag"},"$x":[{"t":"idOrVar","v":"plural"},"value"]},{"$i":"minutes-until-short","$v":{"other":["om ",{"t":"idOrVar","v":"value"},"m"],"zero":"nå"},"$x":[{"t":"idOrVar","v":"plural"},"value"]},{"$i":"hours-until-short","$v":{"other":["om ",{"t":"idOrVar","v":"value"},"t"],"zero":"nå"},"$x":[{"t":"idOrVar","v":"plural"},"value"]},{"$i":"days-until-short","$v":{"other":["om ",{"t":"idOrVar","v":"value"},"d"],"zero":"i dag"},"$x":[{"t":"idOrVar","v":"plural"},"value"]},{"$i":"incorrectDate","$v":"(feil dato)"},{"$i":"dateTimeFormat_%c","$v":"%a %b %e %Y %I:%M:%S %p"},{"$i":"dateTimeFormat_%x","$v":"%m/%d/%Y"},{"$i":"dateTimeFormat_%X","$v":"%I:%M:%S %p"},{"$i":"shortTimeFormat","$v":"%I:%M %p"},{"$i":"shortTimeFormat12","$v":"%I:%M %p"},{"$i":"shortTimeFormat24","$v":"%H:%M"},{"$i":"shortDateTimeFormat","$v":"%x %I:%M %p"},{"$i":"weekStartsOnMonday","$v":"0.0"},{"$i":"firstDayOfTheWeek","$v":"1.0"},{"$i":"time_am","$v":"AM"},{"$i":"time_pm","$v":"PM"}]