[{"$i":"ok","$v":"OK"},{"$i":"go","$v":"Перейти"},{"$i":"play","$v":"Воспроизведение"},{"$i":"stop","$v":"Остановить"},{"$i":"call","$v":"Вызов"},{"$i":"back","$v":"Назад"},{"$i":"today","$v":"Сегодня"},{"$i":"select","$v":"Выбрать"},{"$i":"deselect","$v":"Отменить выбор"},{"$i":"delete","$v":"Удалить"},{"$i":"cancel","$v":"Отмена"},{"$i":"warning","$v":"Предупреждение"},{"$i":"options","$v":"Опции"},{"$i":"confirm","$v":"Подтверждение"},{"$i":"open-web","$v":"Перейти"},{"$i":"open-dial","$v":"Вызов"},{"$i":"open-mailbox","$v":"Открыть"},{"$i":"delete-all","$v":"Удалить все"},{"$i":"multiselect","$v":"Удалить несколько"},{"$i":"select-all","$v":"Все"},{"$i":"deselect-all","$v":"Нет"},{"$i":"delete-message","$v":"Удалить сообщение?"},{"$i":"delete-all-message","$v":"Удалить все сообщения?"},{"$i":"delete-selected-message","$v":["Удалить ",{"t":"idOrVar","v":"num"}," сообщений(ия)?"]},{"$i":"no-alert","$v":"Нет оповещений"},{"$i":"alert-inbox","$v":"Входящие оповещения"},{"$i":"amber-alert","$v":"Поисковое оповещение"},{"$i":"severe-alert","$v":"Серьезные оповещения"},{"$i":"extreme-alert","$v":"Экстремальные оповещения"},{"$i":"unknown-alert","$v":"Неизвестные Оповещения"},{"$i":"rmt-alert","$v":"Оповещения RMT"},{"$i":"exercise-alert","$v":"Тренировочные Оповещения"},{"$i":"operator-alert","$v":"Оповещения Оператора"},{"$i":"presidential-alert","$v":"Президентские Оповещения"},{"$i":"emergency-alerts","$v":"Беспроводные Экстренные Оповещения"},{"$i":"wea-ringtone-preview","$v":"Предпрослушивание Мелодии WEA"},{"$i":"wea-ringtone","$v":"Мелодия WEA"},{"$i":"presidential-alert-tw","$v":"Presidential Alert"},{"$i":"rmt-alert-tw","$v":"Required Monthly Test"},{"$i":"emergency-alert","$v":"Emergency Alert"},{"$i":"alert-message","$v":"Alert Message"},{"$i":"pre-alert-chinese","$v":"國家級警報"},{"$i":"emergency-alert-chinese","$v":"緊急警報"},{"$i":"emergency-message-chinese","$v":"警訊通知"},{"$i":"rmt-message-chinese","$v":"每月測試用訊息"},{"$i":"etws-warningType-earthquake","$v":"Предупреждение о землетрясении!"},{"$i":"etws-warningType-tsunami","$v":"Предупреждение о цунами!"},{"$i":"etws-warningType-earthquake-tsunami","$v":"Предупреждение о землетрясениях и цунами!"},{"$i":"etws-warningType-test","$v":"Проверяется система оповещения."},{"$i":"etws-warningType-other","$v":"Предупреждение о чрезвычайных ситуациях!"},{"$i":"national-emergency-alert-arabic","$v":"تحذير طارئ وطني"},{"$i":"emergency-alert-arabic","$v":"تحذير طارئ"},{"$i":"warning-alert-arabic","$v":"رسائل تحذيرية"},{"$i":"test-alert-arabic","$v":"رسالة تجريبية"},{"$i":"exercise-arabic","$v":"تمرين"},{"$i":"national-emergency-alert-english","$v":"National Emergency Alert"},{"$i":"warning-alert-english","$v":"Warning Alert"},{"$i":"test-alert-english","$v":"Test Alert"},{"$i":"exercise-english","$v":"Exercise"},{"$i":"extreme-alert-hebrew","$v":"התרעה חמורה"},{"$i":"warning-notification-hebrew","$v":"אזהרה"},{"$i":"informational-hebrew","$v":"מידע"},{"$i":"test-hebrew","$v":"בדיקה"},{"$i":"exercise-hebrew","$v":"תרגיל"},{"$i":"assistance-hebrew","$v":"בקשה לעזרת הציבור"},{"$i":"informational-english","$v":"Informational"},{"$i":"extreme-alert-english","$v":"Extreme Alert"},{"$i":"warning-notification-english","$v":"Warning Notification"},{"$i":"test-english","$v":"Test"},{"$i":"assistance-english","$v":"Apply for Public assistance"},{"$i":"national-emergency-alert-lithuanian","$v":"Ypatingasis įspėjimas"},{"$i":"emergency-alert-lithuanian","$v":"Svarbus įspėjimas"},{"$i":"warning-alert-lithuanian","$v":"Įspėjimas"},{"$i":"amber-alert-lithuanian","$v":"Vaiko paieška"},{"$i":"test-Lithuanian","$v":"Testas"},{"$i":"NL-alert","$v":"NL-Alert"},{"$i":"RO-alert","$v":"RO-Alert"},{"$i":"GR-alert","$v":"GR-Alert"},{"$i":"orange-alert","$v":"Orange Alert"},{"$i":"IT-Alert","$v":"IT-Alert"},{"$i":"qtn_cb_ksa_alerts_title_ar","$v":"الرسائل التحذيرية"},{"$i":"qtn_cb_ksa_alerts_title_en","$v":"Alerts"},{"$i":"qtn_cb_ksa_emergency_warn_title_ar","$v":"الرسائل التحذيرية الطارئة"},{"$i":"qtn_cb_ksa_emergency_warn_title_en","$v":"Emergency Warning Alerts"},{"$i":"qtn_cb_ksa_exercises_title_ar","$v":"تمارين"},{"$i":"qtn_cb_ksa_exercises_title_en","$v":"Exercises"},{"$i":"qtn_cb_ksa_extreme_emer_title_ar","$v":"الرسائل التحذيرية الطارئة جدا"},{"$i":"qtn_cb_ksa_extreme_emer_title_en","$v":"Extreme Emergency Warning Alerts"},{"$i":"qtn_cb_ksa_national_warn_title_en","$v":"National Warning Alerts"},{"$i":"qtn_cb_ksa_nationalwarn_title_ar","$v":"الرسائل التحذيرية الوطنية"},{"$i":"qtn_cb_ksa_test_title_ar","$v":"الرسائل التجريبية"},{"$i":"qtn_cb_ksa_test_title_en","$v":"Testing Alerts"},{"$i":"Government-Alert","$v":"Government Alert"},{"$i":"weekday-0-long","$v":"Воскресенье"},{"$i":"weekday-1-long","$v":"Понедельник"},{"$i":"weekday-2-long","$v":"Вторник"},{"$i":"weekday-3-long","$v":"Среда"},{"$i":"weekday-4-long","$v":"Четверг"},{"$i":"weekday-5-long","$v":"Пятница"},{"$i":"weekday-6-long","$v":"Суббота"},{"$i":"weekday-0-short","$v":"Вс"},{"$i":"weekday-1-short","$v":"Пн"},{"$i":"weekday-2-short","$v":"Вт"},{"$i":"weekday-3-short","$v":"Ср"},{"$i":"weekday-4-short","$v":"Чт"},{"$i":"weekday-5-short","$v":"Пт"},{"$i":"weekday-6-short","$v":"Сб"},{"$i":"month-0-long","$v":"Январь"},{"$i":"month-1-long","$v":"Февраль"},{"$i":"month-2-long","$v":"Март"},{"$i":"month-3-long","$v":"Апрель"},{"$i":"month-4-long","$v":"Май"},{"$i":"month-5-long","$v":"Июнь"},{"$i":"month-6-long","$v":"Июль"},{"$i":"month-7-long","$v":"Август"},{"$i":"month-8-long","$v":"Сентябрь"},{"$i":"month-9-long","$v":"Октябрь"},{"$i":"month-10-long","$v":"Ноябрь"},{"$i":"month-11-long","$v":"Декабрь"},{"$i":"month-0-genitive","$v":"Январь"},{"$i":"month-1-genitive","$v":"Февраль"},{"$i":"month-2-genitive","$v":"Март"},{"$i":"month-3-genitive","$v":"Апрель"},{"$i":"month-4-genitive","$v":"Май"},{"$i":"month-5-genitive","$v":"Июнь"},{"$i":"month-6-genitive","$v":"Июль"},{"$i":"month-7-genitive","$v":"Август"},{"$i":"month-8-genitive","$v":"Сентябрь"},{"$i":"month-9-genitive","$v":"Октябрь"},{"$i":"month-10-genitive","$v":"Ноябрь"},{"$i":"month-11-genitive","$v":"Декабрь"},{"$i":"month-0-short","$v":"Янв"},{"$i":"month-1-short","$v":"Фев"},{"$i":"month-2-short","$v":"Мар"},{"$i":"month-3-short","$v":"Апр"},{"$i":"month-4-short","$v":"Май"},{"$i":"month-5-short","$v":"Июн"},{"$i":"month-6-short","$v":"Июл"},{"$i":"month-7-short","$v":"Авг"},{"$i":"month-8-short","$v":"Сен"},{"$i":"month-9-short","$v":"Окт"},{"$i":"month-10-short","$v":"Ноя"},{"$i":"month-11-short","$v":"Дек"},{"$i":"minutes-ago-long","$v":{"few":[{"t":"idOrVar","v":"value"}," минут назад"],"many":[{"t":"idOrVar","v":"value"}," минут назад"],"one":"минуту назад","other":[{"t":"idOrVar","v":"value"}," минут назад"],"two":[{"t":"idOrVar","v":"value"}," минут назад"],"zero":"сейчас"},"$x":[{"t":"idOrVar","v":"plural"},"value"]},{"$i":"hours-ago-long","$v":{"few":[{"t":"idOrVar","v":"value"}," часов назад"],"many":[{"t":"idOrVar","v":"value"}," часов назад"],"one":"час назад","other":[{"t":"idOrVar","v":"value"}," часов назад"],"two":[{"t":"idOrVar","v":"value"}," часов назад"],"zero":"сейчас"},"$x":[{"t":"idOrVar","v":"plural"},"value"]},{"$i":"days-ago-long","$v":{"few":[{"t":"idOrVar","v":"value"}," дней назад"],"many":[{"t":"idOrVar","v":"value"}," дней назад"],"one":"вчера","other":[{"t":"idOrVar","v":"value"}," дней назад"],"two":[{"t":"idOrVar","v":"value"}," дней назад"],"zero":"сегодня"},"$x":[{"t":"idOrVar","v":"plural"},"value"]},{"$i":"weeks-ago-long","$v":{"few":[{"t":"idOrVar","v":"value"}," недель назад"],"many":[{"t":"idOrVar","v":"value"}," недель назад"],"one":"последняя неделя","other":[{"t":"idOrVar","v":"value"}," недель назад"],"two":[{"t":"idOrVar","v":"value"}," недель назад"],"zero":"эта неделя"},"$x":[{"t":"idOrVar","v":"plural"},"value"]},{"$i":"months-ago-long","$v":{"few":[{"t":"idOrVar","v":"value"}," месяцев назад"],"many":[{"t":"idOrVar","v":"value"}," месяцев назад"],"one":"прошлый месяц","other":[{"t":"idOrVar","v":"value"}," месяцев назад"],"two":[{"t":"idOrVar","v":"value"}," месяцев назад"],"zero":"этот месяц"},"$x":[{"t":"idOrVar","v":"plural"},"value"]},{"$i":"years-ago-long","$v":{"few":[{"t":"idOrVar","v":"value"}," лет назад"],"many":[{"t":"idOrVar","v":"value"}," лет назад"],"one":"прошлый год","other":[{"t":"idOrVar","v":"value"}," лет назад"],"two":[{"t":"idOrVar","v":"value"}," лет назад"],"zero":"этот год"},"$x":[{"t":"idOrVar","v":"plural"},"value"]},{"$i":"minutes-until-long","$v":{"few":["через ",{"t":"idOrVar","v":"value"}," минут"],"many":["через ",{"t":"idOrVar","v":"value"}," минут"],"one":"через минуту","other":["через ",{"t":"idOrVar","v":"value"}," минут"],"two":["через ",{"t":"idOrVar","v":"value"}," минут"],"zero":"сейчас"},"$x":[{"t":"idOrVar","v":"plural"},"value"]},{"$i":"hours-until-long","$v":{"few":["через ",{"t":"idOrVar","v":"value"}," часов"],"many":["через ",{"t":"idOrVar","v":"value"}," часов"],"one":"через  час","other":["через ",{"t":"idOrVar","v":"value"}," часов"],"two":["через ",{"t":"idOrVar","v":"value"}," часов"],"zero":"сейчас"},"$x":[{"t":"idOrVar","v":"plural"},"value"]},{"$i":"days-until-long","$v":{"few":["через ",{"t":"idOrVar","v":"value"}," дней"],"many":["через ",{"t":"idOrVar","v":"value"}," дней"],"one":"завтра","other":["через ",{"t":"idOrVar","v":"value"}," дней"],"two":["через ",{"t":"idOrVar","v":"value"}," дней"],"zero":"сегодня"},"$x":[{"t":"idOrVar","v":"plural"},"value"]},{"$i":"weeks-until-long","$v":{"few":["через ",{"t":"idOrVar","v":"value"}," нед."],"many":["через ",{"t":"idOrVar","v":"value"}," нед."],"one":"следующая неделя","other":["через ",{"t":"idOrVar","v":"value"}," нед."],"two":["через ",{"t":"idOrVar","v":"value"}," нед."],"zero":"эта неделя"},"$x":[{"t":"idOrVar","v":"plural"},"value"]},{"$i":"months-until-long","$v":{"few":["через ",{"t":"idOrVar","v":"value"}," мес."],"many":["через ",{"t":"idOrVar","v":"value"}," мес."],"one":"в следующем месяце","other":["через ",{"t":"idOrVar","v":"value"}," мес."],"two":["через ",{"t":"idOrVar","v":"value"}," мес."],"zero":"этот месяц"},"$x":[{"t":"idOrVar","v":"plural"},"value"]},{"$i":"years-until-long","$v":{"few":["через ",{"t":"idOrVar","v":"value"}," лет"],"many":["через ",{"t":"idOrVar","v":"value"}," лет"],"one":"следующий год","other":["через ",{"t":"idOrVar","v":"value"}," лет"],"two":["через ",{"t":"idOrVar","v":"value"}," лет"],"zero":"этот год"},"$x":[{"t":"idOrVar","v":"plural"},"value"]},{"$i":"minutes-ago-short","$v":{"other":[{"t":"idOrVar","v":"value"}," мин назад"],"zero":"сейчас"},"$x":[{"t":"idOrVar","v":"plural"},"value"]},{"$i":"hours-ago-short","$v":{"other":[{"t":"idOrVar","v":"value"}," ч назад"],"zero":"сейчас"},"$x":[{"t":"idOrVar","v":"plural"},"value"]},{"$i":"days-ago-short","$v":{"other":[{"t":"idOrVar","v":"value"}," д назад"],"zero":"сегодня"},"$x":[{"t":"idOrVar","v":"plural"},"value"]},{"$i":"minutes-until-short","$v":{"other":["через ",{"t":"idOrVar","v":"value"}," мин"],"zero":"сейчас"},"$x":[{"t":"idOrVar","v":"plural"},"value"]},{"$i":"hours-until-short","$v":{"other":["через ",{"t":"idOrVar","v":"value"}," ч"],"zero":"сейчас"},"$x":[{"t":"idOrVar","v":"plural"},"value"]},{"$i":"days-until-short","$v":{"other":["через ",{"t":"idOrVar","v":"value"}," д"],"zero":"сегодня"},"$x":[{"t":"idOrVar","v":"plural"},"value"]},{"$i":"incorrectDate","$v":"(неверная дата)"},{"$i":"dateTimeFormat_%c","$v":"%a %b %e %Y %I:%M:%S %p"},{"$i":"dateTimeFormat_%x","$v":"%m/%d/%Y"},{"$i":"dateTimeFormat_%X","$v":"%I:%M:%S %p"},{"$i":"shortTimeFormat","$v":"%I:%M %p"},{"$i":"shortTimeFormat12","$v":"%I:%M %p"},{"$i":"shortTimeFormat24","$v":"%H:%M"},{"$i":"shortDateTimeFormat","$v":"%x %I:%M %p"},{"$i":"weekStartsOnMonday","$v":"0.0"},{"$i":"firstDayOfTheWeek","$v":"1.0"},{"$i":"time_am","$v":"AM"},{"$i":"time_pm","$v":"PM"}]