[{"$i":"ok","$v":"හරි"},{"$i":"go","$v":"යන්න"},{"$i":"play","$v":"වාදනය කරන්න"},{"$i":"stop","$v":"නවතන්න"},{"$i":"call","$v":"අමතන්න"},{"$i":"back","$v":"ආපසු"},{"$i":"today","$v":"අද"},{"$i":"select","$v":"තෝරන්න"},{"$i":"deselect","$v":"තේරීම ඉවත් කරන්න"},{"$i":"delete","$v":"මකන්න"},{"$i":"cancel","$v":"අවලංගු කරන්න"},{"$i":"warning","$v":"අනතුරු ඇඟවීම"},{"$i":"options","$v":"විකල්ප"},{"$i":"confirm","$v":"තහවුරු කරන්න"},{"$i":"open-web","$v":"යන්න"},{"$i":"open-dial","$v":"අමතන්න"},{"$i":"open-mailbox","$v":"විවෘත කරන්න"},{"$i":"delete-all","$v":"සියල්ල මකන්න"},{"$i":"multiselect","$v":"කිහිපයක් එකවර මකන්න"},{"$i":"select-all","$v":"සියල්ල"},{"$i":"deselect-all","$v":"කිසිත් නැත"},{"$i":"delete-message","$v":"Delete message?"},{"$i":"delete-all-message","$v":"Delete all message?"},{"$i":"delete-selected-message","$v":["Delete the ",{"t":"idOrVar","v":"num"}," messages?"]},{"$i":"no-alert","$v":"අවදි නැත"},{"$i":"alert-inbox","$v":"අවදි ලද පණිවුඩ"},{"$i":"amber-alert","$v":"Amber අවදිය"},{"$i":"severe-alert","$v":"දරුණු අවදිය"},{"$i":"extreme-alert","$v":"අතිශය අවදිය"},{"$i":"unknown-alert","$v":"නොදන්නා අවදිය"},{"$i":"rmt-alert","$v":"RMT අවදිය"},{"$i":"exercise-alert","$v":"ව්‍යායාම අවදිය"},{"$i":"operator-alert","$v":"මෙහෙයුම්කරු අවදිය"},{"$i":"presidential-alert","$v":"ප්‍රමුඛ සංඥාව"},{"$i":"emergency-alerts","$v":"හදිසි අවස්ථා අවදි"},{"$i":"wea-ringtone-preview","$v":"WEA නාද රටාව පෙරදසුන"},{"$i":"wea-ringtone","$v":"WEA නාද රටාව"},{"$i":"presidential-alert-tw","$v":"Presidential Alert"},{"$i":"rmt-alert-tw","$v":"Required Monthly Test"},{"$i":"emergency-alert","$v":"Emergency Alert"},{"$i":"alert-message","$v":"Alert Message"},{"$i":"pre-alert-chinese","$v":"國家級警報"},{"$i":"emergency-alert-chinese","$v":"緊急警報"},{"$i":"emergency-message-chinese","$v":"警訊通知"},{"$i":"rmt-message-chinese","$v":"每月測試用訊息"},{"$i":"etws-warningType-earthquake","$v":"භූමිකම්පා අනතුරු ඇඟවීම!"},{"$i":"etws-warningType-tsunami","$v":"සුනාමි අනතුරු ඇඟවීම!"},{"$i":"etws-warningType-earthquake-tsunami","$v":"භූමිකම්පා-සුනාමි අනතුරු ඇඟවීම!"},{"$i":"etws-warningType-test","$v":"අවදි පද්ධතිය පරීක්ෂා කෙරෙමින්."},{"$i":"etws-warningType-other","$v":"හදිසි අවස්ථා අනතුරු ඇඟවීම!"},{"$i":"national-emergency-alert-arabic","$v":"تحذير طارئ وطني"},{"$i":"emergency-alert-arabic","$v":"تحذير طارئ"},{"$i":"warning-alert-arabic","$v":"رسائل تحذيرية"},{"$i":"test-alert-arabic","$v":"رسالة تجريبية"},{"$i":"exercise-arabic","$v":"تمرين"},{"$i":"national-emergency-alert-english","$v":"National Emergency Alert"},{"$i":"warning-alert-english","$v":"Warning Alert"},{"$i":"test-alert-english","$v":"Test Alert"},{"$i":"exercise-english","$v":"Exercise"},{"$i":"extreme-alert-hebrew","$v":"התרעה חמורה"},{"$i":"warning-notification-hebrew","$v":"אזהרה"},{"$i":"informational-hebrew","$v":"מידע"},{"$i":"test-hebrew","$v":"בדיקה"},{"$i":"exercise-hebrew","$v":"תרגיל"},{"$i":"assistance-hebrew","$v":"בקשה לעזרת הציבור"},{"$i":"informational-english","$v":"Informational"},{"$i":"extreme-alert-english","$v":"Extreme Alert"},{"$i":"warning-notification-english","$v":"Warning Notification"},{"$i":"test-english","$v":"Test"},{"$i":"assistance-english","$v":"Apply for Public assistance"},{"$i":"national-emergency-alert-lithuanian","$v":"Ypatingasis įspėjimas"},{"$i":"emergency-alert-lithuanian","$v":"Svarbus įspėjimas"},{"$i":"warning-alert-lithuanian","$v":"Įspėjimas"},{"$i":"amber-alert-lithuanian","$v":"Vaiko paieška"},{"$i":"test-Lithuanian","$v":"Testas"},{"$i":"NL-alert","$v":"NL-Alert"},{"$i":"RO-alert","$v":"RO-Alert"},{"$i":"GR-alert","$v":"GR-Alert"},{"$i":"orange-alert","$v":"Orange Alert"},{"$i":"IT-Alert","$v":"IT-Alert"},{"$i":"qtn_cb_ksa_alerts_title_ar","$v":"الرسائل التحذيرية"},{"$i":"qtn_cb_ksa_alerts_title_en","$v":"Alerts"},{"$i":"qtn_cb_ksa_emergency_warn_title_ar","$v":"الرسائل التحذيرية الطارئة"},{"$i":"qtn_cb_ksa_emergency_warn_title_en","$v":"Emergency Warning Alerts"},{"$i":"qtn_cb_ksa_exercises_title_ar","$v":"تمارين"},{"$i":"qtn_cb_ksa_exercises_title_en","$v":"Exercises"},{"$i":"qtn_cb_ksa_extreme_emer_title_ar","$v":"الرسائل التحذيرية الطارئة جدا"},{"$i":"qtn_cb_ksa_extreme_emer_title_en","$v":"Extreme Emergency Warning Alerts"},{"$i":"qtn_cb_ksa_national_warn_title_en","$v":"National Warning Alerts"},{"$i":"qtn_cb_ksa_nationalwarn_title_ar","$v":"الرسائل التحذيرية الوطنية"},{"$i":"qtn_cb_ksa_test_title_ar","$v":"الرسائل التجريبية"},{"$i":"qtn_cb_ksa_test_title_en","$v":"Testing Alerts"},{"$i":"Government-Alert","$v":"Government Alert"},{"$i":"weekday-0-long","$v":"ඉරිදා"},{"$i":"weekday-1-long","$v":"සඳුදා"},{"$i":"weekday-2-long","$v":"අඟහරුවාදා"},{"$i":"weekday-3-long","$v":"බදාදා"},{"$i":"weekday-4-long","$v":"බ්‍රහස්පතින්දා"},{"$i":"weekday-5-long","$v":"සිකුරාදා"},{"$i":"weekday-6-long","$v":"සෙනසුරාදා"},{"$i":"weekday-0-short","$v":"ඉරිදා"},{"$i":"weekday-1-short","$v":"සඳු"},{"$i":"weekday-2-short","$v":"අඟ"},{"$i":"weekday-3-short","$v":"බදා"},{"$i":"weekday-4-short","$v":"බ්‍රහස්"},{"$i":"weekday-5-short","$v":"සිකු"},{"$i":"weekday-6-short","$v":"සෙන"},{"$i":"month-0-long","$v":"ජනවාරි"},{"$i":"month-1-long","$v":"පෙබරවාරි"},{"$i":"month-2-long","$v":"මාර්තු"},{"$i":"month-3-long","$v":"අප්‍රේල්"},{"$i":"month-4-long","$v":"මැයි"},{"$i":"month-5-long","$v":"ජුනි"},{"$i":"month-6-long","$v":"ජූලි"},{"$i":"month-7-long","$v":"අගෝස්තු"},{"$i":"month-8-long","$v":"සැප්තැම්බර්"},{"$i":"month-9-long","$v":"ඔක්තෝබර්"},{"$i":"month-10-long","$v":"නොවැම්බර්"},{"$i":"month-11-long","$v":"දෙසැම්බර්"},{"$i":"month-0-genitive","$v":"ජනවාරි"},{"$i":"month-1-genitive","$v":"පෙබරවාරි"},{"$i":"month-2-genitive","$v":"මාර්තු"},{"$i":"month-3-genitive","$v":"අප්‍රේල්"},{"$i":"month-4-genitive","$v":"මැයි"},{"$i":"month-5-genitive","$v":"ජූනි"},{"$i":"month-6-genitive","$v":"ජුලි"},{"$i":"month-7-genitive","$v":"අගෝස්තු"},{"$i":"month-8-genitive","$v":"සැප්තැම්බර්"},{"$i":"month-9-genitive","$v":"ඔක්තෝබර්"},{"$i":"month-10-genitive","$v":"නොවැම්බර්"},{"$i":"month-11-genitive","$v":"දෙසැම්බර්"},{"$i":"month-0-short","$v":"ජන"},{"$i":"month-1-short","$v":"පෙබ"},{"$i":"month-2-short","$v":"මාර්."},{"$i":"month-3-short","$v":"අප්‍රේ"},{"$i":"month-4-short","$v":"මැයි"},{"$i":"month-5-short","$v":"ජූනි"},{"$i":"month-6-short","$v":"ජූලි"},{"$i":"month-7-short","$v":"අගෝ"},{"$i":"month-8-short","$v":"සැප්"},{"$i":"month-9-short","$v":"ඔක්"},{"$i":"month-10-short","$v":"නොවැ"},{"$i":"month-11-short","$v":"දෙසැ"},{"$i":"minutes-ago-long","$v":{"few":[{"t":"idOrVar","v":"value"}," මිනිත්තුවකට පෙර"],"many":[{"t":"idOrVar","v":"value"}," මිනිත්තුවකට පෙර"],"one":"මිනිත්තුවකට පෙර","other":[{"t":"idOrVar","v":"value"}," මිනිත්තුවකට පෙර"],"two":[{"t":"idOrVar","v":"value"}," මිනිත්තුවකට පෙර"],"zero":"මේ දැන්"},"$x":[{"t":"idOrVar","v":"plural"},"value"]},{"$i":"hours-ago-long","$v":{"few":[{"t":"idOrVar","v":"value"}," පැයකට ඉහත"],"many":[{"t":"idOrVar","v":"value"}," පැයකට ඉහත"],"one":"පැයකට පෙර","other":[{"t":"idOrVar","v":"value"}," පැයකට ඉහත"],"two":[{"t":"idOrVar","v":"value"}," පැයකට ඉහත"],"zero":"මේ දැන්"},"$x":[{"t":"idOrVar","v":"plural"},"value"]},{"$i":"days-ago-long","$v":{"few":[{"t":"idOrVar","v":"value"}," දවසකට ඉහත"],"many":[{"t":"idOrVar","v":"value"}," දවසකට ඉහත"],"one":"ඊයේ","other":[{"t":"idOrVar","v":"value"}," දවසකට ඉහත"],"two":[{"t":"idOrVar","v":"value"}," දවසකට ඉහත"],"zero":"අද"},"$x":[{"t":"idOrVar","v":"plural"},"value"]},{"$i":"weeks-ago-long","$v":{"few":[{"t":"idOrVar","v":"value"}," සතියකට ඉහත"],"many":[{"t":"idOrVar","v":"value"}," සතියකට ඉහත"],"one":"පසුගිය සතිය","other":[{"t":"idOrVar","v":"value"}," සතියකට ඉහත"],"two":[{"t":"idOrVar","v":"value"}," සතියකට ඉහත"],"zero":"මේ සතිය"},"$x":[{"t":"idOrVar","v":"plural"},"value"]},{"$i":"months-ago-long","$v":{"few":[{"t":"idOrVar","v":"value"}," මසකට ඉහත"],"many":[{"t":"idOrVar","v":"value"}," මසකට ඉහත"],"one":"අවසන් මාසය","other":[{"t":"idOrVar","v":"value"}," මසකට ඉහත"],"two":[{"t":"idOrVar","v":"value"}," මසකට ඉහත"],"zero":"මේ මාසය"},"$x":[{"t":"idOrVar","v":"plural"},"value"]},{"$i":"years-ago-long","$v":{"few":[{"t":"idOrVar","v":"value"}," වසරකට ඉහත"],"many":[{"t":"idOrVar","v":"value"}," වසරකට ඉහත"],"one":"පසුගිය වසර","other":[{"t":"idOrVar","v":"value"}," වසරකට ඉහත"],"two":[{"t":"idOrVar","v":"value"}," වසරකට ඉහත"],"zero":"මෙම වසර"},"$x":[{"t":"idOrVar","v":"plural"},"value"]},{"$i":"minutes-until-long","$v":{"few":["මිනිත්තු",{"t":"idOrVar","v":"value"}," කින්"],"many":["මිනිත්තු",{"t":"idOrVar","v":"value"}," කින්"],"one":"මිනිත්තුවකදී","other":["මිනිත්තු",{"t":"idOrVar","v":"value"}," කින්"],"two":["මිනිත්තු",{"t":"idOrVar","v":"value"}," කින්"],"zero":"දැන්"},"$x":[{"t":"idOrVar","v":"plural"},"value"]},{"$i":"hours-until-long","$v":{"few":["පැය ",{"t":"idOrVar","v":"value"}," කින්"],"many":["පැය ",{"t":"idOrVar","v":"value"}," කින්"],"one":"පැයකදී","other":["පැය ",{"t":"idOrVar","v":"value"}," කින්"],"two":["පැය ",{"t":"idOrVar","v":"value"}," කින්"],"zero":"දැන්"},"$x":[{"t":"idOrVar","v":"plural"},"value"]},{"$i":"days-until-long","$v":{"few":["දින ",{"t":"idOrVar","v":"value"}," කින්"],"many":["දින ",{"t":"idOrVar","v":"value"}," කින්"],"one":"හෙට","other":["දින ",{"t":"idOrVar","v":"value"}," කින්"],"two":["දින ",{"t":"idOrVar","v":"value"}," කින්"],"zero":"අද"},"$x":[{"t":"idOrVar","v":"plural"},"value"]},{"$i":"weeks-until-long","$v":{"few":["සති ",{"t":"idOrVar","v":"value"}," කින්"],"many":["සති ",{"t":"idOrVar","v":"value"}," කින්"],"one":"ඊළඟ සතිය","other":["සති ",{"t":"idOrVar","v":"value"}," කින්"],"two":["සති ",{"t":"idOrVar","v":"value"}," කින්"],"zero":"මේ සතිය"},"$x":[{"t":"idOrVar","v":"plural"},"value"]},{"$i":"months-until-long","$v":{"few":["මාස ",{"t":"idOrVar","v":"value"}," කින්"],"many":["මාස ",{"t":"idOrVar","v":"value"}," කින්"],"one":"ඊළඟ මාසය","other":["මාස ",{"t":"idOrVar","v":"value"}," කින්"],"two":["මාස ",{"t":"idOrVar","v":"value"}," කින්"],"zero":"මේ මාසය"},"$x":[{"t":"idOrVar","v":"plural"},"value"]},{"$i":"years-until-long","$v":{"few":["වසර ",{"t":"idOrVar","v":"value"}," කින්"],"many":["වසර ",{"t":"idOrVar","v":"value"}," කින්"],"one":"ඊළඟ වසර","other":["වසර ",{"t":"idOrVar","v":"value"}," කින්"],"two":["වසර ",{"t":"idOrVar","v":"value"}," කින්"],"zero":"මෙම වසර"},"$x":[{"t":"idOrVar","v":"plural"},"value"]},{"$i":"minutes-ago-short","$v":{"other":[{"t":"idOrVar","v":"value"},"මි. පෙර"],"zero":"මේ දැන්"},"$x":[{"t":"idOrVar","v":"plural"},"value"]},{"$i":"hours-ago-short","$v":{"other":[{"t":"idOrVar","v":"value"},"පැ. පෙර"],"zero":"මේ දැන්"},"$x":[{"t":"idOrVar","v":"plural"},"value"]},{"$i":"days-ago-short","$v":{"other":[{"t":"idOrVar","v":"value"},"දි. පෙර"],"zero":"අද"},"$x":[{"t":"idOrVar","v":"plural"},"value"]},{"$i":"minutes-until-short","$v":{"other":["මාස ",{"t":"idOrVar","v":"value"},"කින්"],"zero":"දැන්"},"$x":[{"t":"idOrVar","v":"plural"},"value"]},{"$i":"hours-until-short","$v":{"other":["පැය ",{"t":"idOrVar","v":"value"},"කින්"],"zero":"දැන්"},"$x":[{"t":"idOrVar","v":"plural"},"value"]},{"$i":"days-until-short","$v":{"other":["දින ",{"t":"idOrVar","v":"value"},"කින්"],"zero":"අද"},"$x":[{"t":"idOrVar","v":"plural"},"value"]},{"$i":"incorrectDate","$v":"(වැරදිදිනය)"},{"$i":"dateTimeFormat_%c","$v":"%a %b %e %Y %I:%M:%S %p"},{"$i":"dateTimeFormat_%x","$v":"%m/%d/%Y"},{"$i":"dateTimeFormat_%X","$v":"%I:%M:%S %p"},{"$i":"shortTimeFormat","$v":"%I:%M %p"},{"$i":"shortTimeFormat12","$v":"%I:%M %p"},{"$i":"shortTimeFormat24","$v":"%H:%M"},{"$i":"shortDateTimeFormat","$v":"%x %I:%M %p"},{"$i":"weekStartsOnMonday","$v":"0.0"},{"$i":"firstDayOfTheWeek","$v":"0.0"},{"$i":"time_am","$v":"AM"},{"$i":"time_pm","$v":"PM"}]