[{"$i":"ok","$v":"OK"},{"$i":"go","$v":"Gå"},{"$i":"play","$v":"Spela upp"},{"$i":"stop","$v":"Stopp"},{"$i":"call","$v":"Samtal"},{"$i":"back","$v":"Tillbaka"},{"$i":"today","$v":"Idag"},{"$i":"select","$v":"Välj"},{"$i":"deselect","$v":"Avmarkera"},{"$i":"delete","$v":"Ta bort"},{"$i":"cancel","$v":"Avbryt"},{"$i":"warning","$v":"Varning"},{"$i":"options","$v":"Alternativ"},{"$i":"confirm","$v":"Bekräfta"},{"$i":"open-web","$v":"Gå"},{"$i":"open-dial","$v":"Ringa"},{"$i":"open-mailbox","$v":"Öppna"},{"$i":"delete-all","$v":"Ta bort alla"},{"$i":"multiselect","$v":"Ta bort flera"},{"$i":"select-all","$v":"Alla"},{"$i":"deselect-all","$v":"Inget"},{"$i":"delete-message","$v":"Delete message?"},{"$i":"delete-all-message","$v":"Delete all message?"},{"$i":"delete-selected-message","$v":["Delete the ",{"t":"idOrVar","v":"num"}," messages?"]},{"$i":"no-alert","$v":"Ingen signal"},{"$i":"alert-inbox","$v":"Signal inkorg"},{"$i":"amber-alert","$v":"Orange varning"},{"$i":"severe-alert","$v":"Allvarlig varning"},{"$i":"extreme-alert","$v":"Extrem varning"},{"$i":"unknown-alert","$v":"Okänd varning"},{"$i":"rmt-alert","$v":"RMT-varning"},{"$i":"exercise-alert","$v":"Övningsvarning"},{"$i":"operator-alert","$v":"Operatörsvarning"},{"$i":"presidential-alert","$v":"Presidentvarning"},{"$i":"emergency-alerts","$v":"Nödsituationsvarningar"},{"$i":"wea-ringtone-preview","$v":"Förhandsgranska WEA-ringsignal"},{"$i":"wea-ringtone","$v":"WEA-ringsignal"},{"$i":"presidential-alert-tw","$v":"Presidential Alert"},{"$i":"rmt-alert-tw","$v":"Required Monthly Test"},{"$i":"emergency-alert","$v":"Emergency Alert"},{"$i":"alert-message","$v":"Alert Message"},{"$i":"pre-alert-chinese","$v":"國家級警報"},{"$i":"emergency-alert-chinese","$v":"緊急警報"},{"$i":"emergency-message-chinese","$v":"警訊通知"},{"$i":"rmt-message-chinese","$v":"每月測試用訊息"},{"$i":"etws-warningType-earthquake","$v":"Jordbävningsvarning!"},{"$i":"etws-warningType-tsunami","$v":"Tsunamivarning!"},{"$i":"etws-warningType-earthquake-tsunami","$v":"Jordbävnings-tsunamivarning!"},{"$i":"etws-warningType-test","$v":"Signalsystem testas."},{"$i":"etws-warningType-other","$v":"Nödsituationsvarning!"},{"$i":"national-emergency-alert-arabic","$v":"تحذير طارئ وطني"},{"$i":"emergency-alert-arabic","$v":"تحذير طارئ"},{"$i":"warning-alert-arabic","$v":"رسائل تحذيرية"},{"$i":"test-alert-arabic","$v":"رسالة تجريبية"},{"$i":"exercise-arabic","$v":"تمرين"},{"$i":"national-emergency-alert-english","$v":"National Emergency Alert"},{"$i":"warning-alert-english","$v":"Warning Alert"},{"$i":"test-alert-english","$v":"Test Alert"},{"$i":"exercise-english","$v":"Exercise"},{"$i":"extreme-alert-hebrew","$v":"התרעה חמורה"},{"$i":"warning-notification-hebrew","$v":"אזהרה"},{"$i":"informational-hebrew","$v":"מידע"},{"$i":"test-hebrew","$v":"בדיקה"},{"$i":"exercise-hebrew","$v":"תרגיל"},{"$i":"assistance-hebrew","$v":"בקשה לעזרת הציבור"},{"$i":"informational-english","$v":"Informational"},{"$i":"extreme-alert-english","$v":"Extreme Alert"},{"$i":"warning-notification-english","$v":"Warning Notification"},{"$i":"test-english","$v":"Test"},{"$i":"assistance-english","$v":"Apply for Public assistance"},{"$i":"national-emergency-alert-lithuanian","$v":"Ypatingasis įspėjimas"},{"$i":"emergency-alert-lithuanian","$v":"Svarbus įspėjimas"},{"$i":"warning-alert-lithuanian","$v":"Įspėjimas"},{"$i":"amber-alert-lithuanian","$v":"Vaiko paieška"},{"$i":"test-Lithuanian","$v":"Testas"},{"$i":"NL-alert","$v":"NL-Alert"},{"$i":"RO-alert","$v":"RO-Alert"},{"$i":"GR-alert","$v":"GR-Alert"},{"$i":"orange-alert","$v":"Orange Alert"},{"$i":"IT-Alert","$v":"IT-Alert"},{"$i":"qtn_cb_ksa_alerts_title_ar","$v":"الرسائل التحذيرية"},{"$i":"qtn_cb_ksa_alerts_title_en","$v":"Alerts"},{"$i":"qtn_cb_ksa_emergency_warn_title_ar","$v":"الرسائل التحذيرية الطارئة"},{"$i":"qtn_cb_ksa_emergency_warn_title_en","$v":"Emergency Warning Alerts"},{"$i":"qtn_cb_ksa_exercises_title_ar","$v":"تمارين"},{"$i":"qtn_cb_ksa_exercises_title_en","$v":"Exercises"},{"$i":"qtn_cb_ksa_extreme_emer_title_ar","$v":"الرسائل التحذيرية الطارئة جدا"},{"$i":"qtn_cb_ksa_extreme_emer_title_en","$v":"Extreme Emergency Warning Alerts"},{"$i":"qtn_cb_ksa_national_warn_title_en","$v":"National Warning Alerts"},{"$i":"qtn_cb_ksa_nationalwarn_title_ar","$v":"الرسائل التحذيرية الوطنية"},{"$i":"qtn_cb_ksa_test_title_ar","$v":"الرسائل التجريبية"},{"$i":"qtn_cb_ksa_test_title_en","$v":"Testing Alerts"},{"$i":"Government-Alert","$v":"Government Alert"},{"$i":"weekday-0-long","$v":"Söndag"},{"$i":"weekday-1-long","$v":"Måndag"},{"$i":"weekday-2-long","$v":"Tisdag"},{"$i":"weekday-3-long","$v":"Onsdag"},{"$i":"weekday-4-long","$v":"Torsdag"},{"$i":"weekday-5-long","$v":"Fredag"},{"$i":"weekday-6-long","$v":"Lördag"},{"$i":"weekday-0-short","$v":"Sön"},{"$i":"weekday-1-short","$v":"Mån"},{"$i":"weekday-2-short","$v":"Tis"},{"$i":"weekday-3-short","$v":"Ons"},{"$i":"weekday-4-short","$v":"Tor"},{"$i":"weekday-5-short","$v":"Fre"},{"$i":"weekday-6-short","$v":"Lör"},{"$i":"month-0-long","$v":"Januari"},{"$i":"month-1-long","$v":"Februari"},{"$i":"month-2-long","$v":"Mars"},{"$i":"month-3-long","$v":"April"},{"$i":"month-4-long","$v":"Maj"},{"$i":"month-5-long","$v":"Juni"},{"$i":"month-6-long","$v":"Juli"},{"$i":"month-7-long","$v":"Augusti"},{"$i":"month-8-long","$v":"September"},{"$i":"month-9-long","$v":"Oktober"},{"$i":"month-10-long","$v":"November"},{"$i":"month-11-long","$v":"December"},{"$i":"month-0-genitive","$v":"Januari"},{"$i":"month-1-genitive","$v":"Februari"},{"$i":"month-2-genitive","$v":"Mars"},{"$i":"month-3-genitive","$v":"April"},{"$i":"month-4-genitive","$v":"Maj"},{"$i":"month-5-genitive","$v":"Juni"},{"$i":"month-6-genitive","$v":"Juli"},{"$i":"month-7-genitive","$v":"Augusti"},{"$i":"month-8-genitive","$v":"September"},{"$i":"month-9-genitive","$v":"Oktober"},{"$i":"month-10-genitive","$v":"November"},{"$i":"month-11-genitive","$v":"December"},{"$i":"month-0-short","$v":"Jan"},{"$i":"month-1-short","$v":"Feb"},{"$i":"month-2-short","$v":"Mar"},{"$i":"month-3-short","$v":"Apr"},{"$i":"month-4-short","$v":"Maj"},{"$i":"month-5-short","$v":"Jun"},{"$i":"month-6-short","$v":"Jul"},{"$i":"month-7-short","$v":"Aug"},{"$i":"month-8-short","$v":"Sep"},{"$i":"month-9-short","$v":"Okt"},{"$i":"month-10-short","$v":"Nov"},{"$i":"month-11-short","$v":"Dec"},{"$i":"minutes-ago-long","$v":{"few":[{"t":"idOrVar","v":"value"}," minuter sedan"],"many":[{"t":"idOrVar","v":"value"}," minuter sedan"],"one":"en minut sedan","other":[{"t":"idOrVar","v":"value"}," minuter sedan"],"two":[{"t":"idOrVar","v":"value"}," minuter sedan"],"zero":"just nu"},"$x":[{"t":"idOrVar","v":"plural"},"value"]},{"$i":"hours-ago-long","$v":{"few":[{"t":"idOrVar","v":"value"}," timmar sedan"],"many":[{"t":"idOrVar","v":"value"}," timmar sedan"],"one":"en timme sedan","other":[{"t":"idOrVar","v":"value"}," timmar sedan"],"two":[{"t":"idOrVar","v":"value"}," timmar sedan"],"zero":"just nu"},"$x":[{"t":"idOrVar","v":"plural"},"value"]},{"$i":"days-ago-long","$v":{"few":[{"t":"idOrVar","v":"value"}," dagar sedan"],"many":[{"t":"idOrVar","v":"value"}," dagar sedan"],"one":"igår","other":[{"t":"idOrVar","v":"value"}," dagar sedan"],"two":[{"t":"idOrVar","v":"value"}," dagar sedan"],"zero":"idag"},"$x":[{"t":"idOrVar","v":"plural"},"value"]},{"$i":"weeks-ago-long","$v":{"few":[{"t":"idOrVar","v":"value"}," veckor sedan"],"many":[{"t":"idOrVar","v":"value"}," veckor sedan"],"one":"förra veckan","other":[{"t":"idOrVar","v":"value"}," veckor sedan"],"two":[{"t":"idOrVar","v":"value"}," veckor sedan"],"zero":"den här veckan"},"$x":[{"t":"idOrVar","v":"plural"},"value"]},{"$i":"months-ago-long","$v":{"few":[{"t":"idOrVar","v":"value"}," månader sedan"],"many":[{"t":"idOrVar","v":"value"}," månader sedan"],"one":"förra månaden","other":[{"t":"idOrVar","v":"value"}," månader sedan"],"two":[{"t":"idOrVar","v":"value"}," månader sedan"],"zero":"den här månaden"},"$x":[{"t":"idOrVar","v":"plural"},"value"]},{"$i":"years-ago-long","$v":{"few":[{"t":"idOrVar","v":"value"}," år sedan"],"many":[{"t":"idOrVar","v":"value"}," år sedan"],"one":"förra året","other":[{"t":"idOrVar","v":"value"}," år sedan"],"two":[{"t":"idOrVar","v":"value"}," år sedan"],"zero":"det här året"},"$x":[{"t":"idOrVar","v":"plural"},"value"]},{"$i":"minutes-until-long","$v":{"few":["om ",{"t":"idOrVar","v":"value"}," minuter"],"many":["om ",{"t":"idOrVar","v":"value"}," minuter"],"one":"om en minut","other":["om ",{"t":"idOrVar","v":"value"}," minuter"],"two":["om ",{"t":"idOrVar","v":"value"}," minuter"],"zero":"nu"},"$x":[{"t":"idOrVar","v":"plural"},"value"]},{"$i":"hours-until-long","$v":{"few":["om ",{"t":"idOrVar","v":"value"}," timmar"],"many":["om ",{"t":"idOrVar","v":"value"}," timmar"],"one":"om en timme","other":["om ",{"t":"idOrVar","v":"value"}," timmar"],"two":["om ",{"t":"idOrVar","v":"value"}," timmar"],"zero":"nu"},"$x":[{"t":"idOrVar","v":"plural"},"value"]},{"$i":"days-until-long","$v":{"few":["om ",{"t":"idOrVar","v":"value"}," dagar"],"many":["om ",{"t":"idOrVar","v":"value"}," dagar"],"one":"imorgon","other":["om ",{"t":"idOrVar","v":"value"}," dagar"],"two":["om ",{"t":"idOrVar","v":"value"}," dagar"],"zero":"idag"},"$x":[{"t":"idOrVar","v":"plural"},"value"]},{"$i":"weeks-until-long","$v":{"few":["om ",{"t":"idOrVar","v":"value"}," veckor"],"many":["om ",{"t":"idOrVar","v":"value"}," veckor"],"one":"nästa vecka","other":["om ",{"t":"idOrVar","v":"value"}," veckor"],"two":["om ",{"t":"idOrVar","v":"value"}," veckor"],"zero":"den här veckan"},"$x":[{"t":"idOrVar","v":"plural"},"value"]},{"$i":"months-until-long","$v":{"few":["om ",{"t":"idOrVar","v":"value"}," månader"],"many":["om ",{"t":"idOrVar","v":"value"}," månader"],"one":"nästa månad","other":["om ",{"t":"idOrVar","v":"value"}," månader"],"two":["om ",{"t":"idOrVar","v":"value"}," månader"],"zero":"den här månaden"},"$x":[{"t":"idOrVar","v":"plural"},"value"]},{"$i":"years-until-long","$v":{"few":["om ",{"t":"idOrVar","v":"value"}," år"],"many":["om ",{"t":"idOrVar","v":"value"}," år"],"one":"nästa år","other":["om ",{"t":"idOrVar","v":"value"}," år"],"two":["om ",{"t":"idOrVar","v":"value"}," år"],"zero":"det här året"},"$x":[{"t":"idOrVar","v":"plural"},"value"]},{"$i":"minutes-ago-short","$v":{"other":[{"t":"idOrVar","v":"value"}," m sedan"],"zero":"just nu"},"$x":[{"t":"idOrVar","v":"plural"},"value"]},{"$i":"hours-ago-short","$v":{"other":[{"t":"idOrVar","v":"value"}," tim. sedan"],"zero":"just nu"},"$x":[{"t":"idOrVar","v":"plural"},"value"]},{"$i":"days-ago-short","$v":{"other":[{"t":"idOrVar","v":"value"}," d sedan"],"zero":"idag"},"$x":[{"t":"idOrVar","v":"plural"},"value"]},{"$i":"minutes-until-short","$v":{"other":["om ",{"t":"idOrVar","v":"value"}," min."],"zero":"nu"},"$x":[{"t":"idOrVar","v":"plural"},"value"]},{"$i":"hours-until-short","$v":{"other":["om ",{"t":"idOrVar","v":"value"}," tim."],"zero":"nu"},"$x":[{"t":"idOrVar","v":"plural"},"value"]},{"$i":"days-until-short","$v":{"other":["om ",{"t":"idOrVar","v":"value"}," dag"],"zero":"idag"},"$x":[{"t":"idOrVar","v":"plural"},"value"]},{"$i":"incorrectDate","$v":"(fel datum)"},{"$i":"dateTimeFormat_%c","$v":"%a %b %e %Y %I:%M:%S %p"},{"$i":"dateTimeFormat_%x","$v":"%m/%d/%Y"},{"$i":"dateTimeFormat_%X","$v":"%I:%M:%S %p"},{"$i":"shortTimeFormat","$v":"%I:%M %p"},{"$i":"shortTimeFormat12","$v":"%I:%M %p"},{"$i":"shortTimeFormat24","$v":"%H:%M"},{"$i":"shortDateTimeFormat","$v":"%x %I:%M %p"},{"$i":"weekStartsOnMonday","$v":"0.0"},{"$i":"firstDayOfTheWeek","$v":"1.0"},{"$i":"time_am","$v":"am"},{"$i":"time_pm","$v":"PM"}]