[{"$i":"ok","$v":"சரி"},{"$i":"go","$v":"செல்க"},{"$i":"play","$v":"இயக்கு"},{"$i":"stop","$v":"நிறுத்து"},{"$i":"call","$v":"கால்"},{"$i":"back","$v":"பின் செல்"},{"$i":"today","$v":"இன்று"},{"$i":"select","$v":"தேர்ந்தெடு"},{"$i":"deselect","$v":"தேர்வுநீக்கு"},{"$i":"delete","$v":"நீக்கு"},{"$i":"cancel","$v":"ரத்து செய்க"},{"$i":"warning","$v":"எச்சரிக்கை"},{"$i":"options","$v":"விருப்பங்கள்"},{"$i":"confirm","$v":"Confirmation"},{"$i":"open-web","$v":"செல்க"},{"$i":"open-dial","$v":"கால்"},{"$i":"open-mailbox","$v":"திற"},{"$i":"delete-all","$v":"அனைத்தையும் நீக்கு"},{"$i":"multiselect","$v":"பலவற்றை நீக்கு"},{"$i":"select-all","$v":"எல்லாம்"},{"$i":"deselect-all","$v":"எதுவுமில்லை"},{"$i":"delete-message","$v":"செய்தியை நீக்கவா?"},{"$i":"delete-all-message","$v":"எல்லா செய்தியையும் நீக்கவா?"},{"$i":"delete-selected-message","$v":[{"t":"idOrVar","v":"num"}," செய்திகளை நீக்கவா?"]},{"$i":"no-alert","$v":"அலர்ட் இல்லை"},{"$i":"alert-inbox","$v":"அலர்ட் இன்பாக்ஸ்"},{"$i":"amber-alert","$v":"AMBER அலர்ட்"},{"$i":"severe-alert","$v":"தீவிர அலர்ட்"},{"$i":"extreme-alert","$v":"எக்ஸ்ட்ரீம் அலர்ட்"},{"$i":"unknown-alert","$v":"அறியப்படாத அலர்ட்"},{"$i":"rmt-alert","$v":"ஆர்.எம்.டி அலர்ட்"},{"$i":"exercise-alert","$v":"உடற்பயிற்சி அலர்ட்கள்"},{"$i":"operator-alert","$v":"ஆப்பரேட்டர் அலர்ட்கள்"},{"$i":"presidential-alert","$v":"பிரெசிடென்சியல் அலர்ட்"},{"$i":"emergency-alerts","$v":"வயர்லெஸ் அவசர அலர்ட்கள்"},{"$i":"wea-ringtone-preview","$v":"டபிள்யூ.இ.எ ரிங்டோன் ப்ரிவ்யூ"},{"$i":"wea-ringtone","$v":"டபிள்யூ.இ.எ ரிங்டோன்"},{"$i":"presidential-alert-tw","$v":"Presidential Alert"},{"$i":"rmt-alert-tw","$v":"Required Monthly Test"},{"$i":"emergency-alert","$v":"Emergency Alert"},{"$i":"alert-message","$v":"Alert Message"},{"$i":"pre-alert-chinese","$v":"國家級警報"},{"$i":"emergency-alert-chinese","$v":"緊急警報"},{"$i":"emergency-message-chinese","$v":"警訊通知"},{"$i":"rmt-message-chinese","$v":"每月測試用訊息"},{"$i":"etws-warningType-earthquake","$v":"பூகம்ப எச்சரிக்கை!"},{"$i":"etws-warningType-tsunami","$v":"சுனாமி எச்சரிக்கை!"},{"$i":"etws-warningType-earthquake-tsunami","$v":"பூகம்பம்-சுனாமி எச்சரிக்கை!"},{"$i":"etws-warningType-test","$v":"அலர்ட் சிஸ்டம் சோதனை செய்யப்பட்டது."},{"$i":"etws-warningType-other","$v":"அவசர எச்சரிக்கை!"},{"$i":"national-emergency-alert-arabic","$v":"تحذير طارئ وطني"},{"$i":"emergency-alert-arabic","$v":"تحذير طارئ"},{"$i":"warning-alert-arabic","$v":"رسائل تحذيرية"},{"$i":"test-alert-arabic","$v":"رسالة تجريبية"},{"$i":"exercise-arabic","$v":"تمرين"},{"$i":"national-emergency-alert-english","$v":"National Emergency Alert"},{"$i":"warning-alert-english","$v":"Warning Alert"},{"$i":"test-alert-english","$v":"Test Alert"},{"$i":"exercise-english","$v":"Exercise"},{"$i":"extreme-alert-hebrew","$v":"התרעה חמורה"},{"$i":"warning-notification-hebrew","$v":"אזהרה"},{"$i":"informational-hebrew","$v":"מידע"},{"$i":"test-hebrew","$v":"בדיקה"},{"$i":"exercise-hebrew","$v":"תרגיל"},{"$i":"assistance-hebrew","$v":"בקשה לעזרת הציבור"},{"$i":"informational-english","$v":"Informational"},{"$i":"extreme-alert-english","$v":"Extreme Alert"},{"$i":"warning-notification-english","$v":"Warning Notification"},{"$i":"test-english","$v":"Test"},{"$i":"assistance-english","$v":"Apply for Public assistance"},{"$i":"national-emergency-alert-lithuanian","$v":"Ypatingasis įspėjimas"},{"$i":"emergency-alert-lithuanian","$v":"Svarbus įspėjimas"},{"$i":"warning-alert-lithuanian","$v":"Įspėjimas"},{"$i":"amber-alert-lithuanian","$v":"Vaiko paieška"},{"$i":"test-Lithuanian","$v":"Testas"},{"$i":"NL-alert","$v":"NL-Alert"},{"$i":"RO-alert","$v":"RO-Alert"},{"$i":"GR-alert","$v":"GR-Alert"},{"$i":"orange-alert","$v":"Orange Alert"},{"$i":"IT-Alert","$v":"IT-Alert"},{"$i":"qtn_cb_ksa_alerts_title_ar","$v":"الرسائل التحذيرية"},{"$i":"qtn_cb_ksa_alerts_title_en","$v":"Alerts"},{"$i":"qtn_cb_ksa_emergency_warn_title_ar","$v":"الرسائل التحذيرية الطارئة"},{"$i":"qtn_cb_ksa_emergency_warn_title_en","$v":"Emergency Warning Alerts"},{"$i":"qtn_cb_ksa_exercises_title_ar","$v":"تمارين"},{"$i":"qtn_cb_ksa_exercises_title_en","$v":"Exercises"},{"$i":"qtn_cb_ksa_extreme_emer_title_ar","$v":"الرسائل التحذيرية الطارئة جدا"},{"$i":"qtn_cb_ksa_extreme_emer_title_en","$v":"Extreme Emergency Warning Alerts"},{"$i":"qtn_cb_ksa_national_warn_title_en","$v":"National Warning Alerts"},{"$i":"qtn_cb_ksa_nationalwarn_title_ar","$v":"الرسائل التحذيرية الوطنية"},{"$i":"qtn_cb_ksa_test_title_ar","$v":"الرسائل التجريبية"},{"$i":"qtn_cb_ksa_test_title_en","$v":"Testing Alerts"},{"$i":"Government-Alert","$v":"Government Alert"},{"$i":"weekday-0-long","$v":"ஞாயிறுக்கிழமை"},{"$i":"weekday-1-long","$v":"திங்கள்"},{"$i":"weekday-2-long","$v":"செவ்வாய்க்கிழமை"},{"$i":"weekday-3-long","$v":"புதன்கிழமை"},{"$i":"weekday-4-long","$v":"வியாழக்கிழமை"},{"$i":"weekday-5-long","$v":"வெள்ளி"},{"$i":"weekday-6-long","$v":"சனிக்கிழமை"},{"$i":"weekday-0-short","$v":"ஞாயிறுக்கிழமை"},{"$i":"weekday-1-short","$v":"திங்கள்"},{"$i":"weekday-2-short","$v":"செவ்வாய்க்கிழமை"},{"$i":"weekday-3-short","$v":"புதன்கிழமை"},{"$i":"weekday-4-short","$v":"வியாழன்"},{"$i":"weekday-5-short","$v":"வெள்ளி"},{"$i":"weekday-6-short","$v":"சனிக்கிழமை"},{"$i":"month-0-long","$v":"ஜனவரி"},{"$i":"month-1-long","$v":"பிப்ரவரி"},{"$i":"month-2-long","$v":"மார்ச்"},{"$i":"month-3-long","$v":"ஏப்ரல்"},{"$i":"month-4-long","$v":"மே"},{"$i":"month-5-long","$v":"ஜூன்"},{"$i":"month-6-long","$v":"ஜூலை"},{"$i":"month-7-long","$v":"ஆகஸ்ட்"},{"$i":"month-8-long","$v":"செப்டம்பர்"},{"$i":"month-9-long","$v":"அக்டோபர்"},{"$i":"month-10-long","$v":"நவம்பர்"},{"$i":"month-11-long","$v":"டிசம்பர்"},{"$i":"month-0-genitive","$v":"ஜனவரி"},{"$i":"month-1-genitive","$v":"பிப்ரவரி"},{"$i":"month-2-genitive","$v":"மார்ச்"},{"$i":"month-3-genitive","$v":"ஏப்ரல்"},{"$i":"month-4-genitive","$v":"மே"},{"$i":"month-5-genitive","$v":"ஜூன்"},{"$i":"month-6-genitive","$v":"ஜூலை"},{"$i":"month-7-genitive","$v":"ஆகஸ்ட்"},{"$i":"month-8-genitive","$v":"செப்டம்பர்"},{"$i":"month-9-genitive","$v":"அக்டோபர்"},{"$i":"month-10-genitive","$v":"நவம்பர்"},{"$i":"month-11-genitive","$v":"டிசம்பர்"},{"$i":"month-0-short","$v":"ஜனவரி"},{"$i":"month-1-short","$v":"பிப்ரவரி"},{"$i":"month-2-short","$v":"மார்ச்"},{"$i":"month-3-short","$v":"ஏப்ரல்"},{"$i":"month-4-short","$v":"மே"},{"$i":"month-5-short","$v":"ஜூன்"},{"$i":"month-6-short","$v":"ஜூலை"},{"$i":"month-7-short","$v":"ஆகஸ்ட்"},{"$i":"month-8-short","$v":"செப்டம்பர்"},{"$i":"month-9-short","$v":"அக்டோபர்"},{"$i":"month-10-short","$v":"நவம்பர்"},{"$i":"month-11-short","$v":"டிசம்பர்"},{"$i":"minutes-ago-long","$v":{"few":[{"t":"idOrVar","v":"value"}," நிமிடங்களுக்கு முன்பு"],"many":[{"t":"idOrVar","v":"value"}," நிமிடங்களுக்கு முன்பு"],"one":"ஒரு நிமிடம் முன்பாக","other":[{"t":"idOrVar","v":"value"}," நிமிடங்களுக்கு முன்பு"],"two":[{"t":"idOrVar","v":"value"}," நிமிடங்களுக்கு முன்பு"],"zero":"இப்போது தான்"},"$x":[{"t":"idOrVar","v":"plural"},"value"]},{"$i":"hours-ago-long","$v":{"few":[{"t":"idOrVar","v":"value"}," மணிநேரங்களுக்கு முன்பு"],"many":[{"t":"idOrVar","v":"value"}," மணிநேரங்களுக்கு முன்பு"],"one":"ஒரு மணிநேரம் முன்பாக","other":[{"t":"idOrVar","v":"value"}," மணிநேரங்களுக்கு முன்பு"],"two":[{"t":"idOrVar","v":"value"}," மணிநேரங்களுக்கு முன்பு"],"zero":"இப்போது தான்"},"$x":[{"t":"idOrVar","v":"plural"},"value"]},{"$i":"days-ago-long","$v":{"few":[{"t":"idOrVar","v":"value"}," நாட்களுக்கு முன்பு"],"many":[{"t":"idOrVar","v":"value"}," நாட்களுக்கு முன்பு"],"one":"நேற்று","other":[{"t":"idOrVar","v":"value"}," நாட்களுக்கு முன்பு"],"two":[{"t":"idOrVar","v":"value"}," நாட்களுக்கு முன்பு"],"zero":"இன்று"},"$x":[{"t":"idOrVar","v":"plural"},"value"]},{"$i":"weeks-ago-long","$v":{"few":[{"t":"idOrVar","v":"value"}," வாரங்களுக்கு முன்பு"],"many":[{"t":"idOrVar","v":"value"}," வாரங்களுக்கு முன்பு"],"one":"கடந்த வாரம்","other":[{"t":"idOrVar","v":"value"}," வாரங்களுக்கு முன்பு"],"two":[{"t":"idOrVar","v":"value"}," வாரங்களுக்கு முன்பு"],"zero":"இந்த வாரம்"},"$x":[{"t":"idOrVar","v":"plural"},"value"]},{"$i":"months-ago-long","$v":{"few":[{"t":"idOrVar","v":"value"}," மாதங்களுக்கு முன்பு"],"many":[{"t":"idOrVar","v":"value"}," மாதங்களுக்கு முன்பு"],"one":"கடந்த மாதம்","other":[{"t":"idOrVar","v":"value"}," மாதங்களுக்கு முன்பு"],"two":[{"t":"idOrVar","v":"value"}," மாதங்களுக்கு முன்பு"],"zero":"இந்த மாதம்"},"$x":[{"t":"idOrVar","v":"plural"},"value"]},{"$i":"years-ago-long","$v":{"few":[{"t":"idOrVar","v":"value"}," வருடங்களுக்கு முன்பு"],"many":[{"t":"idOrVar","v":"value"}," வருடங்களுக்கு முன்பு"],"one":"கடந்த வருடம்","other":[{"t":"idOrVar","v":"value"}," வருடங்களுக்கு முன்பு"],"two":[{"t":"idOrVar","v":"value"}," வருடங்களுக்கு முன்பு"],"zero":"இந்த வருடம்"},"$x":[{"t":"idOrVar","v":"plural"},"value"]},{"$i":"minutes-until-long","$v":{"few":[{"t":"idOrVar","v":"value"}," நிமிடங்களில்"],"many":[{"t":"idOrVar","v":"value"}," நிமிடங்களில்"],"one":"ஒரு நிமிடத்தில்","other":[{"t":"idOrVar","v":"value"}," நிமிடங்களில்"],"two":[{"t":"idOrVar","v":"value"}," நிமிடங்களில்"],"zero":"இப்போதே"},"$x":[{"t":"idOrVar","v":"plural"},"value"]},{"$i":"hours-until-long","$v":{"few":[{"t":"idOrVar","v":"value"}," மணிநேரங்களில்"],"many":[{"t":"idOrVar","v":"value"}," மணிநேரங்களில்"],"one":"ஒரு மணிநேரத்தில்","other":[{"t":"idOrVar","v":"value"}," மணிநேரங்களில்"],"two":[{"t":"idOrVar","v":"value"}," மணிநேரங்களில்"],"zero":"இப்போதே"},"$x":[{"t":"idOrVar","v":"plural"},"value"]},{"$i":"days-until-long","$v":{"few":[{"t":"idOrVar","v":"value"}," நாட்களில்"],"many":[{"t":"idOrVar","v":"value"}," நாட்களில்"],"one":"நாளை","other":[{"t":"idOrVar","v":"value"}," நாட்களில்"],"two":[{"t":"idOrVar","v":"value"}," நாட்களில்"],"zero":"இன்று"},"$x":[{"t":"idOrVar","v":"plural"},"value"]},{"$i":"weeks-until-long","$v":{"few":[{"t":"idOrVar","v":"value"}," வாரங்களில்"],"many":[{"t":"idOrVar","v":"value"}," வாரங்களில்"],"one":"அடுத்த வாரம்","other":[{"t":"idOrVar","v":"value"}," வாரங்களில்"],"two":[{"t":"idOrVar","v":"value"}," வாரங்களில்"],"zero":"இந்த வாரம்"},"$x":[{"t":"idOrVar","v":"plural"},"value"]},{"$i":"months-until-long","$v":{"few":[{"t":"idOrVar","v":"value"}," மாதங்களில்"],"many":[{"t":"idOrVar","v":"value"}," மாதங்களில்"],"one":"அடுத்த மாதம்","other":[{"t":"idOrVar","v":"value"}," மாதங்களில்"],"two":[{"t":"idOrVar","v":"value"}," மாதங்களில்"],"zero":"இந்த மாதம்"},"$x":[{"t":"idOrVar","v":"plural"},"value"]},{"$i":"years-until-long","$v":{"few":[{"t":"idOrVar","v":"value"}," வருடங்களில்"],"many":[{"t":"idOrVar","v":"value"}," வருடங்களில்"],"one":"அடுத்த ஆண்டு","other":[{"t":"idOrVar","v":"value"}," வருடங்களில்"],"two":[{"t":"idOrVar","v":"value"}," வருடங்களில்"],"zero":"இந்த வருடம்"},"$x":[{"t":"idOrVar","v":"plural"},"value"]},{"$i":"minutes-ago-short","$v":{"other":[{"t":"idOrVar","v":"value"},"நிமிடம் முன்பு"],"zero":"இப்போது தான்"},"$x":[{"t":"idOrVar","v":"plural"},"value"]},{"$i":"hours-ago-short","$v":{"other":[{"t":"idOrVar","v":"value"},"மணிநேரம் முன்பு"],"zero":"இப்போது தான்"},"$x":[{"t":"idOrVar","v":"plural"},"value"]},{"$i":"days-ago-short","$v":{"other":[{"t":"idOrVar","v":"value"},"நாள் முன்பு"],"zero":"இன்று"},"$x":[{"t":"idOrVar","v":"plural"},"value"]},{"$i":"minutes-until-short","$v":{"other":[{"t":"idOrVar","v":"value"},"நிமிடத்தில்"],"zero":"இப்போதே"},"$x":[{"t":"idOrVar","v":"plural"},"value"]},{"$i":"hours-until-short","$v":{"other":[{"t":"idOrVar","v":"value"},"மணிநேரத்தில்"],"zero":"இப்போதே"},"$x":[{"t":"idOrVar","v":"plural"},"value"]},{"$i":"days-until-short","$v":{"other":[{"t":"idOrVar","v":"value"},"நாள் இல்"],"zero":"இன்று"},"$x":[{"t":"idOrVar","v":"plural"},"value"]},{"$i":"incorrectDate","$v":"(தவறான தேதி)"},{"$i":"dateTimeFormat_%c","$v":"%a %b %e %Y %I:%M:%S %p"},{"$i":"dateTimeFormat_%x","$v":"%m/%d/%Y"},{"$i":"dateTimeFormat_%X","$v":"%I:%M:%S %p"},{"$i":"shortTimeFormat","$v":"%I:%M %p"},{"$i":"shortTimeFormat12","$v":"%I:%M %p"},{"$i":"shortTimeFormat24","$v":"%H:%M"},{"$i":"shortDateTimeFormat","$v":"%x %I:%M %p"},{"$i":"weekStartsOnMonday","$v":"0.0"},{"$i":"firstDayOfTheWeek","$v":"0.0"},{"$i":"time_am","$v":"AM"},{"$i":"time_pm","$v":"PM"}]