[{"$i":"ok","$v":"ตกลง"},{"$i":"go","$v":"ไป"},{"$i":"play","$v":"เล่น"},{"$i":"stop","$v":"หยุด"},{"$i":"call","$v":"การโทร"},{"$i":"back","$v":"ย้อนกลับ"},{"$i":"today","$v":"วันนี้"},{"$i":"select","$v":"เลือก"},{"$i":"deselect","$v":"ยกเลิกการเลือก"},{"$i":"delete","$v":"ลบ"},{"$i":"cancel","$v":"ยกเลิก"},{"$i":"warning","$v":"คำเตือน"},{"$i":"options","$v":"ตัวเลือก"},{"$i":"confirm","$v":"การยืนยัน"},{"$i":"open-web","$v":"ไป"},{"$i":"open-dial","$v":"การโทร"},{"$i":"open-mailbox","$v":"เปิด"},{"$i":"delete-all","$v":"ลบทั้งหมด"},{"$i":"multiselect","$v":"ลบหลายข้อความ"},{"$i":"select-all","$v":"ทั้งหมด"},{"$i":"deselect-all","$v":"ไม่มี"},{"$i":"delete-message","$v":"ลบข้อความ?"},{"$i":"delete-all-message","$v":"ลบทุกข้อความ?"},{"$i":"delete-selected-message","$v":["ลบ ",{"t":"idOrVar","v":"num"}," ข้อความ?"]},{"$i":"no-alert","$v":"ไม่มีการแจ้งเตือน"},{"$i":"alert-inbox","$v":"การแจ้งเตือนกล่องขาเข้า"},{"$i":"amber-alert","$v":"การแจ้งเตือนเด็กถูกลักพาตัว"},{"$i":"severe-alert","$v":"การแจ้งเตือนขั้นรุนแรง"},{"$i":"extreme-alert","$v":"การแจ้งเตือนที่รุนแรง"},{"$i":"unknown-alert","$v":"การแจ้งเตือนที่ไม่รู้จัก"},{"$i":"rmt-alert","$v":"การแจ้งเตือน RMT"},{"$i":"exercise-alert","$v":"การแจ้งเตือนการออกกำลังกาย"},{"$i":"operator-alert","$v":"การแจ้งเตือนจากผู้ปฏิบัติการ"},{"$i":"presidential-alert","$v":"การแจ้งเตือนระดับสูง"},{"$i":"emergency-alerts","$v":"การแจ้งเตือนเหตุฉุกเฉินแบบไร้สาย"},{"$i":"wea-ringtone-preview","$v":"แสดงตัวอย่างเสียงสายเรียกเข้า WEA"},{"$i":"wea-ringtone","$v":"เสียงสายเรียกเข้า WEA"},{"$i":"presidential-alert-tw","$v":"Presidential Alert"},{"$i":"rmt-alert-tw","$v":"Required Monthly Test"},{"$i":"emergency-alert","$v":"Emergency Alert"},{"$i":"alert-message","$v":"Alert Message"},{"$i":"pre-alert-chinese","$v":"國家級警報"},{"$i":"emergency-alert-chinese","$v":"緊急警報"},{"$i":"emergency-message-chinese","$v":"警訊通知"},{"$i":"rmt-message-chinese","$v":"每月測試用訊息"},{"$i":"etws-warningType-earthquake","$v":"การเตือนแผ่นดินไหว!"},{"$i":"etws-warningType-tsunami","$v":"การเตือนสึนามิ!"},{"$i":"etws-warningType-earthquake-tsunami","$v":"การเตือนแผ่นดินไหว-สึนามิ!"},{"$i":"etws-warningType-test","$v":"ระบบการเตือนกำลังถูกทดสอบ"},{"$i":"etws-warningType-other","$v":"การเตือนฉุกเฉิน!"},{"$i":"national-emergency-alert-arabic","$v":"تحذير طارئ وطني"},{"$i":"emergency-alert-arabic","$v":"تحذير طارئ"},{"$i":"warning-alert-arabic","$v":"رسائل تحذيرية"},{"$i":"test-alert-arabic","$v":"رسالة تجريبية"},{"$i":"exercise-arabic","$v":"تمرين"},{"$i":"national-emergency-alert-english","$v":"National Emergency Alert"},{"$i":"warning-alert-english","$v":"Warning Alert"},{"$i":"test-alert-english","$v":"Test Alert"},{"$i":"exercise-english","$v":"Exercise"},{"$i":"extreme-alert-hebrew","$v":"התרעה חמורה"},{"$i":"warning-notification-hebrew","$v":"אזהרה"},{"$i":"informational-hebrew","$v":"מידע"},{"$i":"test-hebrew","$v":"בדיקה"},{"$i":"exercise-hebrew","$v":"תרגיל"},{"$i":"assistance-hebrew","$v":"בקשה לעזרת הציבור"},{"$i":"informational-english","$v":"Informational"},{"$i":"extreme-alert-english","$v":"Extreme Alert"},{"$i":"warning-notification-english","$v":"Warning Notification"},{"$i":"test-english","$v":"Test"},{"$i":"assistance-english","$v":"Apply for Public assistance"},{"$i":"national-emergency-alert-lithuanian","$v":"Ypatingasis įspėjimas"},{"$i":"emergency-alert-lithuanian","$v":"Svarbus įspėjimas"},{"$i":"warning-alert-lithuanian","$v":"Įspėjimas"},{"$i":"amber-alert-lithuanian","$v":"Vaiko paieška"},{"$i":"test-Lithuanian","$v":"Testas"},{"$i":"NL-alert","$v":"NL-Alert"},{"$i":"RO-alert","$v":"RO-Alert"},{"$i":"GR-alert","$v":"GR-Alert"},{"$i":"orange-alert","$v":"Orange Alert"},{"$i":"IT-Alert","$v":"IT-Alert"},{"$i":"qtn_cb_ksa_alerts_title_ar","$v":"الرسائل التحذيرية"},{"$i":"qtn_cb_ksa_alerts_title_en","$v":"Alerts"},{"$i":"qtn_cb_ksa_emergency_warn_title_ar","$v":"الرسائل التحذيرية الطارئة"},{"$i":"qtn_cb_ksa_emergency_warn_title_en","$v":"Emergency Warning Alerts"},{"$i":"qtn_cb_ksa_exercises_title_ar","$v":"تمارين"},{"$i":"qtn_cb_ksa_exercises_title_en","$v":"Exercises"},{"$i":"qtn_cb_ksa_extreme_emer_title_ar","$v":"الرسائل التحذيرية الطارئة جدا"},{"$i":"qtn_cb_ksa_extreme_emer_title_en","$v":"Extreme Emergency Warning Alerts"},{"$i":"qtn_cb_ksa_national_warn_title_en","$v":"National Warning Alerts"},{"$i":"qtn_cb_ksa_nationalwarn_title_ar","$v":"الرسائل التحذيرية الوطنية"},{"$i":"qtn_cb_ksa_test_title_ar","$v":"الرسائل التجريبية"},{"$i":"qtn_cb_ksa_test_title_en","$v":"Testing Alerts"},{"$i":"Government-Alert","$v":"Government Alert"},{"$i":"weekday-0-long","$v":"อาทิตย์"},{"$i":"weekday-1-long","$v":"จันทร์"},{"$i":"weekday-2-long","$v":"อังคาร"},{"$i":"weekday-3-long","$v":"พุธ"},{"$i":"weekday-4-long","$v":"พฤหัสบดี"},{"$i":"weekday-5-long","$v":"ศุกร์"},{"$i":"weekday-6-long","$v":"เสาร์"},{"$i":"weekday-0-short","$v":"อาทิตย์"},{"$i":"weekday-1-short","$v":"จันทร์"},{"$i":"weekday-2-short","$v":"อังคาร"},{"$i":"weekday-3-short","$v":"พุธ"},{"$i":"weekday-4-short","$v":"พฤหัสบดี"},{"$i":"weekday-5-short","$v":"ศุกร์"},{"$i":"weekday-6-short","$v":"เสาร์"},{"$i":"month-0-long","$v":"มกราคม"},{"$i":"month-1-long","$v":"กุมภาพันธ์"},{"$i":"month-2-long","$v":"มีนาคม"},{"$i":"month-3-long","$v":"เมษายน"},{"$i":"month-4-long","$v":"พฤษภาคม"},{"$i":"month-5-long","$v":"มิถุนายน"},{"$i":"month-6-long","$v":"กรกฎาคม"},{"$i":"month-7-long","$v":"สิงหาคม"},{"$i":"month-8-long","$v":"กันยายน"},{"$i":"month-9-long","$v":"ตุลาคม"},{"$i":"month-10-long","$v":"พฤศจิกายน"},{"$i":"month-11-long","$v":"ธันวาคม"},{"$i":"month-0-genitive","$v":"มกราคม"},{"$i":"month-1-genitive","$v":"กุมภาพันธ์"},{"$i":"month-2-genitive","$v":"มีนาคม"},{"$i":"month-3-genitive","$v":"เมษายน"},{"$i":"month-4-genitive","$v":"พฤษภาคม"},{"$i":"month-5-genitive","$v":"มิถุนายน"},{"$i":"month-6-genitive","$v":"กรกฎาคม"},{"$i":"month-7-genitive","$v":"สิงหาคม"},{"$i":"month-8-genitive","$v":"กันยายน"},{"$i":"month-9-genitive","$v":"ตุลาคม"},{"$i":"month-10-genitive","$v":"พฤศจิกายน"},{"$i":"month-11-genitive","$v":"ธันวาคม"},{"$i":"month-0-short","$v":"ม.ค."},{"$i":"month-1-short","$v":"ก.พ."},{"$i":"month-2-short","$v":"มี.ค."},{"$i":"month-3-short","$v":"เม.ย."},{"$i":"month-4-short","$v":"พ.ค."},{"$i":"month-5-short","$v":"มิ.ย."},{"$i":"month-6-short","$v":"ก.ค."},{"$i":"month-7-short","$v":"ส.ค."},{"$i":"month-8-short","$v":"ก.ย."},{"$i":"month-9-short","$v":"ต.ค."},{"$i":"month-10-short","$v":"พ.ย."},{"$i":"month-11-short","$v":"ธ.ค."},{"$i":"minutes-ago-long","$v":{"few":[{"t":"idOrVar","v":"value"}," นาทีที่แล้ว"],"many":[{"t":"idOrVar","v":"value"}," นาทีที่แล้ว"],"one":"1 นาทีที่แล้ว","other":[{"t":"idOrVar","v":"value"}," นาทีที่แล้ว"],"two":[{"t":"idOrVar","v":"value"}," นาทีที่แล้ว"],"zero":"เมื่อสักครู่"},"$x":[{"t":"idOrVar","v":"plural"},"value"]},{"$i":"hours-ago-long","$v":{"few":[{"t":"idOrVar","v":"value"}," ชั่วโมงที่แล้ว"],"many":[{"t":"idOrVar","v":"value"}," ชั่วโมงที่แล้ว"],"one":"ชั่วโมงที่แล้ว","other":[{"t":"idOrVar","v":"value"}," ชั่วโมงที่แล้ว"],"two":[{"t":"idOrVar","v":"value"}," ชั่วโมงที่แล้ว"],"zero":"เมื่อสักครู่"},"$x":[{"t":"idOrVar","v":"plural"},"value"]},{"$i":"days-ago-long","$v":{"few":[{"t":"idOrVar","v":"value"}," วันที่แล้ว"],"many":[{"t":"idOrVar","v":"value"}," วันที่แล้ว"],"one":"เมื่อวานนี้","other":[{"t":"idOrVar","v":"value"}," วันที่แล้ว"],"two":[{"t":"idOrVar","v":"value"}," วันที่แล้ว"],"zero":"วันนี้"},"$x":[{"t":"idOrVar","v":"plural"},"value"]},{"$i":"weeks-ago-long","$v":{"few":[{"t":"idOrVar","v":"value"}," สัปดาห์ที่แล้ว"],"many":[{"t":"idOrVar","v":"value"}," สัปดาห์ที่แล้ว"],"one":"สัปดาห์ที่แล้ว","other":[{"t":"idOrVar","v":"value"}," สัปดาห์ที่แล้ว"],"two":[{"t":"idOrVar","v":"value"}," สัปดาห์ที่แล้ว"],"zero":"สัปดาห์นี้"},"$x":[{"t":"idOrVar","v":"plural"},"value"]},{"$i":"months-ago-long","$v":{"few":[{"t":"idOrVar","v":"value"}," เดือนที่แล้ว"],"many":[{"t":"idOrVar","v":"value"}," เดือนที่แล้ว"],"one":"เดือนที่แล้ว","other":[{"t":"idOrVar","v":"value"}," เดือนที่แล้ว"],"two":[{"t":"idOrVar","v":"value"}," เดือนที่แล้ว"],"zero":"เดือนนี้"},"$x":[{"t":"idOrVar","v":"plural"},"value"]},{"$i":"years-ago-long","$v":{"few":[{"t":"idOrVar","v":"value"}," ปีที่แล้ว"],"many":[{"t":"idOrVar","v":"value"}," ปีที่แล้ว"],"one":"ปีที่แล้ว","other":[{"t":"idOrVar","v":"value"}," ปีที่แล้ว"],"two":[{"t":"idOrVar","v":"value"}," ปีที่แล้ว"],"zero":"ปีนี้"},"$x":[{"t":"idOrVar","v":"plural"},"value"]},{"$i":"minutes-until-long","$v":{"few":["ใน ",{"t":"idOrVar","v":"value"}," นาที"],"many":["ใน ",{"t":"idOrVar","v":"value"}," นาที"],"one":"ใน 1 นาที","other":["ใน ",{"t":"idOrVar","v":"value"}," นาที"],"two":["ใน ",{"t":"idOrVar","v":"value"}," นาที"],"zero":"ตอนนี้"},"$x":[{"t":"idOrVar","v":"plural"},"value"]},{"$i":"hours-until-long","$v":{"few":["ใน ",{"t":"idOrVar","v":"value"}," ชั่วโมง"],"many":["ใน ",{"t":"idOrVar","v":"value"}," ชั่วโมง"],"one":"ใน 1 ชั่วโมง","other":["ใน ",{"t":"idOrVar","v":"value"}," ชั่วโมง"],"two":["ใน ",{"t":"idOrVar","v":"value"}," ชั่วโมง"],"zero":"ตอนนี้"},"$x":[{"t":"idOrVar","v":"plural"},"value"]},{"$i":"days-until-long","$v":{"few":["ใน ",{"t":"idOrVar","v":"value"}," วัน"],"many":["ใน ",{"t":"idOrVar","v":"value"}," วัน"],"one":"พรุ่งนี้","other":["ใน ",{"t":"idOrVar","v":"value"}," วัน"],"two":["ใน ",{"t":"idOrVar","v":"value"}," วัน"],"zero":"วันนี้"},"$x":[{"t":"idOrVar","v":"plural"},"value"]},{"$i":"weeks-until-long","$v":{"few":["ใน ",{"t":"idOrVar","v":"value"}," สัปดาห์"],"many":["ใน ",{"t":"idOrVar","v":"value"}," สัปดาห์"],"one":"สัปดาห์ถัดไป","other":["ใน ",{"t":"idOrVar","v":"value"}," สัปดาห์"],"two":["ใน ",{"t":"idOrVar","v":"value"}," สัปดาห์"],"zero":"สัปดาห์นี้"},"$x":[{"t":"idOrVar","v":"plural"},"value"]},{"$i":"months-until-long","$v":{"few":["ใน ",{"t":"idOrVar","v":"value"}," เดือน"],"many":["ใน ",{"t":"idOrVar","v":"value"}," เดือน"],"one":"เดือนถัดไป","other":["ใน ",{"t":"idOrVar","v":"value"}," เดือน"],"two":["ใน ",{"t":"idOrVar","v":"value"}," เดือน"],"zero":"เดือนนี้"},"$x":[{"t":"idOrVar","v":"plural"},"value"]},{"$i":"years-until-long","$v":{"few":["ใน ",{"t":"idOrVar","v":"value"}," ปี"],"many":["ใน ",{"t":"idOrVar","v":"value"}," ปี"],"one":"ปีถัดไป","other":["ใน ",{"t":"idOrVar","v":"value"}," ปี"],"two":["ใน ",{"t":"idOrVar","v":"value"}," ปี"],"zero":"ปีนี้"},"$x":[{"t":"idOrVar","v":"plural"},"value"]},{"$i":"minutes-ago-short","$v":{"other":[{"t":"idOrVar","v":"value"}," นาทีที่แล้ว"],"zero":"เมื่อสักครู่"},"$x":[{"t":"idOrVar","v":"plural"},"value"]},{"$i":"hours-ago-short","$v":{"other":[{"t":"idOrVar","v":"value"}," ชั่วโมงที่แล้ว"],"zero":"เมื่อสักครู่"},"$x":[{"t":"idOrVar","v":"plural"},"value"]},{"$i":"days-ago-short","$v":{"other":[{"t":"idOrVar","v":"value"}," วันที่แล้ว"],"zero":"วันนี้"},"$x":[{"t":"idOrVar","v":"plural"},"value"]},{"$i":"minutes-until-short","$v":{"other":["ใน ",{"t":"idOrVar","v":"value"}," นาที"],"zero":"ตอนนี้"},"$x":[{"t":"idOrVar","v":"plural"},"value"]},{"$i":"hours-until-short","$v":{"other":["ใน ",{"t":"idOrVar","v":"value"}," ชั่วโมง"],"zero":"ตอนนี้"},"$x":[{"t":"idOrVar","v":"plural"},"value"]},{"$i":"days-until-short","$v":{"other":["ใน ",{"t":"idOrVar","v":"value"}," วัน"],"zero":"วันนี้"},"$x":[{"t":"idOrVar","v":"plural"},"value"]},{"$i":"incorrectDate","$v":"(วันที่ไม่ถูกต้อง)"},{"$i":"dateTimeFormat_%c","$v":"%a %b %e %Y %I:%M:%S %p"},{"$i":"dateTimeFormat_%x","$v":"%d/%m/%Y"},{"$i":"dateTimeFormat_%X","$v":"%I:%M:%S %p"},{"$i":"shortTimeFormat","$v":"%I:%M %p"},{"$i":"shortTimeFormat12","$v":"%I:%M %p"},{"$i":"shortTimeFormat24","$v":"%H:%M"},{"$i":"shortDateTimeFormat","$v":"%x %I:%M %p"},{"$i":"weekStartsOnMonday","$v":"0.0"},{"$i":"firstDayOfTheWeek","$v":"0.0"},{"$i":"time_am","$v":"AM"},{"$i":"time_pm","$v":"PM"}]