[{"$i":"ok","$v":"OK"},{"$i":"go","$v":"Ўтиш"},{"$i":"play","$v":"Ижро"},{"$i":"stop","$v":"Тўхтатиш"},{"$i":"call","$v":"Чақирув"},{"$i":"back","$v":"Орқага"},{"$i":"today","$v":"Бугун"},{"$i":"select","$v":"Танлаш"},{"$i":"deselect","$v":"Белгини олиб ташлаш"},{"$i":"delete","$v":"Ўчириш"},{"$i":"cancel","$v":"Бекор"},{"$i":"warning","$v":"Огоҳлантириш"},{"$i":"options","$v":"Параметрлар"},{"$i":"confirm","$v":"Тасдиқлаш"},{"$i":"open-web","$v":"Ўтиш"},{"$i":"open-dial","$v":"Чақирув"},{"$i":"open-mailbox","$v":"Очиш"},{"$i":"delete-all","$v":"Ҳаммасини ўчириш"},{"$i":"multiselect","$v":"Бир нечтасини ўчириш"},{"$i":"select-all","$v":"Ҳаммаси"},{"$i":"deselect-all","$v":"Йўқ"},{"$i":"delete-message","$v":"Delete message?"},{"$i":"delete-all-message","$v":"Delete all message?"},{"$i":"delete-selected-message","$v":["Delete the ",{"t":"idOrVar","v":"num"}," messages?"]},{"$i":"no-alert","$v":"Сигнал йўқ"},{"$i":"alert-inbox","$v":"Кирувчи сигналлар"},{"$i":"amber-alert","$v":"Сариқ огоҳлантириш"},{"$i":"severe-alert","$v":"Жиддий сигнал"},{"$i":"extreme-alert","$v":"Жиддий сигнал"},{"$i":"unknown-alert","$v":"Номаълум огоҳлантириш"},{"$i":"rmt-alert","$v":"RMT огоҳлантириш"},{"$i":"exercise-alert","$v":"Машқ огоҳлантириши"},{"$i":"operator-alert","$v":"Оператор огоҳлантириши"},{"$i":"presidential-alert","$v":"Президент огоҳлантириши"},{"$i":"emergency-alerts","$v":"Фавқулодда сигналлар"},{"$i":"wea-ringtone-preview","$v":"WEA рингтонига разм"},{"$i":"wea-ringtone","$v":"WEA рингтон"},{"$i":"presidential-alert-tw","$v":"Presidential Alert"},{"$i":"rmt-alert-tw","$v":"Required Monthly Test"},{"$i":"emergency-alert","$v":"Emergency Alert"},{"$i":"alert-message","$v":"Alert Message"},{"$i":"pre-alert-chinese","$v":"國家級警報"},{"$i":"emergency-alert-chinese","$v":"緊急警報"},{"$i":"emergency-message-chinese","$v":"警訊通知"},{"$i":"rmt-message-chinese","$v":"每月測試用訊息"},{"$i":"etws-warningType-earthquake","$v":"Зилзиладан огоҳлантириш!"},{"$i":"etws-warningType-tsunami","$v":"Цунамидан огоҳ-ш!"},{"$i":"etws-warningType-earthquake-tsunami","$v":"Зилзила-цунамидан огоҳлантириш!"},{"$i":"etws-warningType-test","$v":"Сигнал тизими синалмоқда."},{"$i":"etws-warningType-other","$v":"Фавқулодда огоҳлантириш!"},{"$i":"national-emergency-alert-arabic","$v":"تحذير طارئ وطني"},{"$i":"emergency-alert-arabic","$v":"تحذير طارئ"},{"$i":"warning-alert-arabic","$v":"رسائل تحذيرية"},{"$i":"test-alert-arabic","$v":"رسالة تجريبية"},{"$i":"exercise-arabic","$v":"تمرين"},{"$i":"national-emergency-alert-english","$v":"National Emergency Alert"},{"$i":"warning-alert-english","$v":"Warning Alert"},{"$i":"test-alert-english","$v":"Test Alert"},{"$i":"exercise-english","$v":"Exercise"},{"$i":"extreme-alert-hebrew","$v":"התרעה חמורה"},{"$i":"warning-notification-hebrew","$v":"אזהרה"},{"$i":"informational-hebrew","$v":"מידע"},{"$i":"test-hebrew","$v":"בדיקה"},{"$i":"exercise-hebrew","$v":"תרגיל"},{"$i":"assistance-hebrew","$v":"בקשה לעזרת הציבור"},{"$i":"informational-english","$v":"Informational"},{"$i":"extreme-alert-english","$v":"Extreme Alert"},{"$i":"warning-notification-english","$v":"Warning Notification"},{"$i":"test-english","$v":"Test"},{"$i":"assistance-english","$v":"Apply for Public assistance"},{"$i":"national-emergency-alert-lithuanian","$v":"Ypatingasis įspėjimas"},{"$i":"emergency-alert-lithuanian","$v":"Svarbus įspėjimas"},{"$i":"warning-alert-lithuanian","$v":"Įspėjimas"},{"$i":"amber-alert-lithuanian","$v":"Vaiko paieška"},{"$i":"test-Lithuanian","$v":"Testas"},{"$i":"NL-alert","$v":"NL-Alert"},{"$i":"RO-alert","$v":"RO-Alert"},{"$i":"GR-alert","$v":"GR-Alert"},{"$i":"orange-alert","$v":"Orange Alert"},{"$i":"IT-Alert","$v":"IT-Alert"},{"$i":"qtn_cb_ksa_alerts_title_ar","$v":"الرسائل التحذيرية"},{"$i":"qtn_cb_ksa_alerts_title_en","$v":"Alerts"},{"$i":"qtn_cb_ksa_emergency_warn_title_ar","$v":"الرسائل التحذيرية الطارئة"},{"$i":"qtn_cb_ksa_emergency_warn_title_en","$v":"Emergency Warning Alerts"},{"$i":"qtn_cb_ksa_exercises_title_ar","$v":"تمارين"},{"$i":"qtn_cb_ksa_exercises_title_en","$v":"Exercises"},{"$i":"qtn_cb_ksa_extreme_emer_title_ar","$v":"الرسائل التحذيرية الطارئة جدا"},{"$i":"qtn_cb_ksa_extreme_emer_title_en","$v":"Extreme Emergency Warning Alerts"},{"$i":"qtn_cb_ksa_national_warn_title_en","$v":"National Warning Alerts"},{"$i":"qtn_cb_ksa_nationalwarn_title_ar","$v":"الرسائل التحذيرية الوطنية"},{"$i":"qtn_cb_ksa_test_title_ar","$v":"الرسائل التجريبية"},{"$i":"qtn_cb_ksa_test_title_en","$v":"Testing Alerts"},{"$i":"Government-Alert","$v":"Government Alert"},{"$i":"weekday-0-long","$v":"Якшанба"},{"$i":"weekday-1-long","$v":"Душанба"},{"$i":"weekday-2-long","$v":"Сешанба"},{"$i":"weekday-3-long","$v":"Чоршанба"},{"$i":"weekday-4-long","$v":"Пайшанба"},{"$i":"weekday-5-long","$v":"Жума"},{"$i":"weekday-6-long","$v":"Шанба"},{"$i":"weekday-0-short","$v":"Якш"},{"$i":"weekday-1-short","$v":"Душ"},{"$i":"weekday-2-short","$v":"Сеш"},{"$i":"weekday-3-short","$v":"Чор"},{"$i":"weekday-4-short","$v":"Пай"},{"$i":"weekday-5-short","$v":"Жум"},{"$i":"weekday-6-short","$v":"Шан"},{"$i":"month-0-long","$v":"Январ"},{"$i":"month-1-long","$v":"Феврал"},{"$i":"month-2-long","$v":"Март"},{"$i":"month-3-long","$v":"Апрель"},{"$i":"month-4-long","$v":"Май"},{"$i":"month-5-long","$v":"Июн"},{"$i":"month-6-long","$v":"Июл"},{"$i":"month-7-long","$v":"Август"},{"$i":"month-8-long","$v":"Сентябр"},{"$i":"month-9-long","$v":"Октябр"},{"$i":"month-10-long","$v":"Ноябр"},{"$i":"month-11-long","$v":"Декабр"},{"$i":"month-0-genitive","$v":"Январь"},{"$i":"month-1-genitive","$v":"Февраль"},{"$i":"month-2-genitive","$v":"Март"},{"$i":"month-3-genitive","$v":"Апрель"},{"$i":"month-4-genitive","$v":"Май"},{"$i":"month-5-genitive","$v":"Июнь"},{"$i":"month-6-genitive","$v":"Июль"},{"$i":"month-7-genitive","$v":"Август"},{"$i":"month-8-genitive","$v":"Сентябрь"},{"$i":"month-9-genitive","$v":"Октябрь"},{"$i":"month-10-genitive","$v":"Ноябрь"},{"$i":"month-11-genitive","$v":"Декабрь"},{"$i":"month-0-short","$v":"Янв"},{"$i":"month-1-short","$v":"Фев"},{"$i":"month-2-short","$v":"Мар"},{"$i":"month-3-short","$v":"Апр"},{"$i":"month-4-short","$v":"Май"},{"$i":"month-5-short","$v":"Июн"},{"$i":"month-6-short","$v":"Июл"},{"$i":"month-7-short","$v":"Авг"},{"$i":"month-8-short","$v":"Сен"},{"$i":"month-9-short","$v":"Окт"},{"$i":"month-10-short","$v":"Ноя"},{"$i":"month-11-short","$v":"Дек"},{"$i":"minutes-ago-long","$v":{"few":[{"t":"idOrVar","v":"value"}," дақиқа олдин"],"many":[{"t":"idOrVar","v":"value"}," дақиқа олдин"],"one":"бир дақиқа аввал","other":[{"t":"idOrVar","v":"value"}," дақиқа олдин"],"two":[{"t":"idOrVar","v":"value"}," дақиқа олдин"],"zero":"ҳозиргина"},"$x":[{"t":"idOrVar","v":"plural"},"value"]},{"$i":"hours-ago-long","$v":{"few":[{"t":"idOrVar","v":"value"}," соат олдин"],"many":[{"t":"idOrVar","v":"value"}," соат олдин"],"one":"бир соат олдин","other":[{"t":"idOrVar","v":"value"}," соат олдин"],"two":[{"t":"idOrVar","v":"value"}," соат олдин"],"zero":"ҳозиргина"},"$x":[{"t":"idOrVar","v":"plural"},"value"]},{"$i":"days-ago-long","$v":{"few":[{"t":"idOrVar","v":"value"}," кун олдин"],"many":[{"t":"idOrVar","v":"value"}," кун олдин"],"one":"кеча","other":[{"t":"idOrVar","v":"value"}," кун олдин"],"two":[{"t":"idOrVar","v":"value"}," кун олдин"],"zero":"бугун"},"$x":[{"t":"idOrVar","v":"plural"},"value"]},{"$i":"weeks-ago-long","$v":{"few":[{"t":"idOrVar","v":"value"}," ҳафта олдин"],"many":[{"t":"idOrVar","v":"value"}," ҳафта олдин"],"one":"ўтган ҳафта","other":[{"t":"idOrVar","v":"value"}," ҳафта олдин"],"two":[{"t":"idOrVar","v":"value"}," ҳафта олдин"],"zero":"шу ҳафта"},"$x":[{"t":"idOrVar","v":"plural"},"value"]},{"$i":"months-ago-long","$v":{"few":[{"t":"idOrVar","v":"value"}," ой олдин"],"many":[{"t":"idOrVar","v":"value"}," ой олдин"],"one":"ўтган ой","other":[{"t":"idOrVar","v":"value"}," ой олдин"],"two":[{"t":"idOrVar","v":"value"}," ой олдин"],"zero":"бу ой"},"$x":[{"t":"idOrVar","v":"plural"},"value"]},{"$i":"years-ago-long","$v":{"few":[{"t":"idOrVar","v":"value"}," йил олдин"],"many":[{"t":"idOrVar","v":"value"}," йил олдин"],"one":"ўтган йил","other":[{"t":"idOrVar","v":"value"}," йил олдин"],"two":[{"t":"idOrVar","v":"value"}," йил олдин"],"zero":"шу йил"},"$x":[{"t":"idOrVar","v":"plural"},"value"]},{"$i":"minutes-until-long","$v":{"few":[{"t":"idOrVar","v":"value"}," дақиқада"],"many":[{"t":"idOrVar","v":"value"}," дақиқада"],"one":"бир дақиқада","other":[{"t":"idOrVar","v":"value"}," дақиқада"],"two":[{"t":"idOrVar","v":"value"}," дақиқада"],"zero":"ҳозир"},"$x":[{"t":"idOrVar","v":"plural"},"value"]},{"$i":"hours-until-long","$v":{"few":[{"t":"idOrVar","v":"value"}," соатда"],"many":[{"t":"idOrVar","v":"value"}," соатда"],"one":"бир соатда","other":[{"t":"idOrVar","v":"value"}," соатда"],"two":[{"t":"idOrVar","v":"value"}," соатда"],"zero":"ҳозир"},"$x":[{"t":"idOrVar","v":"plural"},"value"]},{"$i":"days-until-long","$v":{"few":[{"t":"idOrVar","v":"value"}," кунда"],"many":[{"t":"idOrVar","v":"value"}," кунда"],"one":"эртага","other":[{"t":"idOrVar","v":"value"}," кунда"],"two":[{"t":"idOrVar","v":"value"}," кунда"],"zero":"бугун"},"$x":[{"t":"idOrVar","v":"plural"},"value"]},{"$i":"weeks-until-long","$v":{"few":[{"t":"idOrVar","v":"value"}," ҳафтада"],"many":[{"t":"idOrVar","v":"value"}," ҳафтада"],"one":"кейинги ҳафта","other":[{"t":"idOrVar","v":"value"}," ҳафтада"],"two":[{"t":"idOrVar","v":"value"}," ҳафтада"],"zero":"шу ҳафта"},"$x":[{"t":"idOrVar","v":"plural"},"value"]},{"$i":"months-until-long","$v":{"few":[{"t":"idOrVar","v":"value"}," ойда"],"many":[{"t":"idOrVar","v":"value"}," ойда"],"one":"кейинги ой","other":[{"t":"idOrVar","v":"value"}," ойда"],"two":[{"t":"idOrVar","v":"value"}," ойда"],"zero":"бу ой"},"$x":[{"t":"idOrVar","v":"plural"},"value"]},{"$i":"years-until-long","$v":{"few":[{"t":"idOrVar","v":"value"}," йилда"],"many":[{"t":"idOrVar","v":"value"}," йилда"],"one":"кейинги йил","other":[{"t":"idOrVar","v":"value"}," йилда"],"two":[{"t":"idOrVar","v":"value"}," йилда"],"zero":"шу йил"},"$x":[{"t":"idOrVar","v":"plural"},"value"]},{"$i":"minutes-ago-short","$v":{"other":[{"t":"idOrVar","v":"value"},"д олдин"],"zero":"ҳозиргина"},"$x":[{"t":"idOrVar","v":"plural"},"value"]},{"$i":"hours-ago-short","$v":{"other":[{"t":"idOrVar","v":"value"},"с олдин"],"zero":"ҳозиргина"},"$x":[{"t":"idOrVar","v":"plural"},"value"]},{"$i":"days-ago-short","$v":{"other":[{"t":"idOrVar","v":"value"},"к олдин"],"zero":"бугун"},"$x":[{"t":"idOrVar","v":"plural"},"value"]},{"$i":"minutes-until-short","$v":{"other":[{"t":"idOrVar","v":"value"},"д"],"zero":"ҳозир"},"$x":[{"t":"idOrVar","v":"plural"},"value"]},{"$i":"hours-until-short","$v":{"other":[{"t":"idOrVar","v":"value"},"с"],"zero":"ҳозир"},"$x":[{"t":"idOrVar","v":"plural"},"value"]},{"$i":"days-until-short","$v":{"other":[{"t":"idOrVar","v":"value"},"к"],"zero":"бугун"},"$x":[{"t":"idOrVar","v":"plural"},"value"]},{"$i":"incorrectDate","$v":"(сана хато)"},{"$i":"dateTimeFormat_%c","$v":"%a %b %e %Y %I:%M:%S %p"},{"$i":"dateTimeFormat_%x","$v":"%m/%d/%Y"},{"$i":"dateTimeFormat_%X","$v":"%I:%M:%S %p"},{"$i":"shortTimeFormat","$v":"%I:%M %p"},{"$i":"shortTimeFormat12","$v":"%I:%M %p"},{"$i":"shortTimeFormat24","$v":"%H:%M"},{"$i":"shortDateTimeFormat","$v":"%x %I:%M %p"},{"$i":"weekStartsOnMonday","$v":"0.0"},{"$i":"firstDayOfTheWeek","$v":"1.0"},{"$i":"time_am","$v":"ТО"},{"$i":"time_pm","$v":"ТК"}]