[{"$i":"ok","$v":"KULUNGILE"},{"$i":"go","$v":"Hamba"},{"$i":"play","$v":"Dlala"},{"$i":"stop","$v":"Yima"},{"$i":"call","$v":"Fona"},{"$i":"back","$v":"Emuva"},{"$i":"today","$v":"Namhlanje"},{"$i":"select","$v":"Khetha"},{"$i":"deselect","$v":"Yeka ukukhetha"},{"$i":"delete","$v":"Susa"},{"$i":"cancel","$v":"Khansela"},{"$i":"warning","$v":"Isixwayiso"},{"$i":"options","$v":"Okhetha kukho"},{"$i":"confirm","$v":"Ukuqinisekisa"},{"$i":"open-web","$v":"Hamba"},{"$i":"open-dial","$v":"Fona"},{"$i":"open-mailbox","$v":"Vula"},{"$i":"delete-all","$v":"Sula konke"},{"$i":"multiselect","$v":"Sula okuningi"},{"$i":"select-all","$v":"Konke"},{"$i":"deselect-all","$v":"Lutho"},{"$i":"delete-message","$v":"Sula umlayezo?"},{"$i":"delete-all-message","$v":"Sula yonke imilayezo?"},{"$i":"delete-selected-message","$v":["Sula umlayezo ongu-",{"t":"idOrVar","v":"num"},"?"]},{"$i":"no-alert","$v":"Asikho Isixwayiso"},{"$i":"alert-inbox","$v":"Ibhokisi elingaphakathi eliyisixwayiso"},{"$i":"amber-alert","$v":"Isexwayiso se-Amber"},{"$i":"severe-alert","$v":"Isixwayiso Sesimo Esibucayi"},{"$i":"extreme-alert","$v":"Izexwayiso Zokwedlulele"},{"$i":"unknown-alert","$v":"Isexwayiso esingaziwa"},{"$i":"rmt-alert","$v":"Isexwayiso se-RMT"},{"$i":"exercise-alert","$v":"Isexwayiso sokuzivoxa"},{"$i":"operator-alert","$v":"Isexwayiso somsebenzisi"},{"$i":"presidential-alert","$v":"Isexwayiso Sobumengameli"},{"$i":"emergency-alerts","$v":"Izexwayiso zesimo esiphuthumayo ezingenantambo"},{"$i":"wea-ringtone-preview","$v":"Ukudlala Kafushane Iringithoni ye-WEA"},{"$i":"wea-ringtone","$v":"Iringithoni ye-WEA"},{"$i":"presidential-alert-tw","$v":"Presidential Alert"},{"$i":"rmt-alert-tw","$v":"Required Monthly Test"},{"$i":"emergency-alert","$v":"Emergency Alert"},{"$i":"alert-message","$v":"Alert Message"},{"$i":"pre-alert-chinese","$v":"國家級警報"},{"$i":"emergency-alert-chinese","$v":"緊急警報"},{"$i":"emergency-message-chinese","$v":"警訊通知"},{"$i":"rmt-message-chinese","$v":"每月測試用訊息"},{"$i":"etws-warningType-earthquake","$v":"Isexwayiso Sokuzamazama Komhlaba!"},{"$i":"etws-warningType-tsunami","$v":"Isexwayiso se-Tsunami!"},{"$i":"etws-warningType-earthquake-tsunami","$v":"Isexwayiso Sokuzamazama Komhlaba Ne-tsunami!"},{"$i":"etws-warningType-test","$v":"Kuhlolwa isistu yesixwayiso."},{"$i":"etws-warningType-other","$v":"Isexwayiso sezimo eziphuthumayo!"},{"$i":"national-emergency-alert-arabic","$v":"تحذير طارئ وطني"},{"$i":"emergency-alert-arabic","$v":"تحذير طارئ"},{"$i":"warning-alert-arabic","$v":"رسائل تحذيرية"},{"$i":"test-alert-arabic","$v":"رسالة تجريبية"},{"$i":"exercise-arabic","$v":"تمرين"},{"$i":"national-emergency-alert-english","$v":"National Emergency Alert"},{"$i":"warning-alert-english","$v":"Warning Alert"},{"$i":"test-alert-english","$v":"Test Alert"},{"$i":"exercise-english","$v":"Exercise"},{"$i":"extreme-alert-hebrew","$v":"התרעה חמורה"},{"$i":"warning-notification-hebrew","$v":"אזהרה"},{"$i":"informational-hebrew","$v":"מידע"},{"$i":"test-hebrew","$v":"בדיקה"},{"$i":"exercise-hebrew","$v":"תרגיל"},{"$i":"assistance-hebrew","$v":"בקשה לעזרת הציבור"},{"$i":"informational-english","$v":"Informational"},{"$i":"extreme-alert-english","$v":"Extreme Alert"},{"$i":"warning-notification-english","$v":"Warning Notification"},{"$i":"test-english","$v":"Test"},{"$i":"assistance-english","$v":"Apply for Public assistance"},{"$i":"national-emergency-alert-lithuanian","$v":"Ypatingasis įspėjimas"},{"$i":"emergency-alert-lithuanian","$v":"Svarbus įspėjimas"},{"$i":"warning-alert-lithuanian","$v":"Įspėjimas"},{"$i":"amber-alert-lithuanian","$v":"Vaiko paieška"},{"$i":"test-Lithuanian","$v":"Testas"},{"$i":"NL-alert","$v":"NL-Alert"},{"$i":"RO-alert","$v":"RO-Alert"},{"$i":"GR-alert","$v":"GR-Alert"},{"$i":"orange-alert","$v":"Orange Alert"},{"$i":"IT-Alert","$v":"IT-Alert"},{"$i":"qtn_cb_ksa_alerts_title_ar","$v":"الرسائل التحذيرية"},{"$i":"qtn_cb_ksa_alerts_title_en","$v":"Alerts"},{"$i":"qtn_cb_ksa_emergency_warn_title_ar","$v":"الرسائل التحذيرية الطارئة"},{"$i":"qtn_cb_ksa_emergency_warn_title_en","$v":"Emergency Warning Alerts"},{"$i":"qtn_cb_ksa_exercises_title_ar","$v":"تمارين"},{"$i":"qtn_cb_ksa_exercises_title_en","$v":"Exercises"},{"$i":"qtn_cb_ksa_extreme_emer_title_ar","$v":"الرسائل التحذيرية الطارئة جدا"},{"$i":"qtn_cb_ksa_extreme_emer_title_en","$v":"Extreme Emergency Warning Alerts"},{"$i":"qtn_cb_ksa_national_warn_title_en","$v":"National Warning Alerts"},{"$i":"qtn_cb_ksa_nationalwarn_title_ar","$v":"الرسائل التحذيرية الوطنية"},{"$i":"qtn_cb_ksa_test_title_ar","$v":"الرسائل التجريبية"},{"$i":"qtn_cb_ksa_test_title_en","$v":"Testing Alerts"},{"$i":"Government-Alert","$v":"Government Alert"},{"$i":"weekday-0-long","$v":"ISonto"},{"$i":"weekday-1-long","$v":"UMsombuluko"},{"$i":"weekday-2-long","$v":"ULwesibili"},{"$i":"weekday-3-long","$v":"ULwesithathu"},{"$i":"weekday-4-long","$v":"ULwesine"},{"$i":"weekday-5-long","$v":"ULwesihlanu"},{"$i":"weekday-6-long","$v":"UMgqibelo"},{"$i":"weekday-0-short","$v":"Isonto"},{"$i":"weekday-1-short","$v":"Mso"},{"$i":"weekday-2-short","$v":"Lwbl"},{"$i":"weekday-3-short","$v":"Lwth"},{"$i":"weekday-4-short","$v":"Lwesn"},{"$i":"weekday-5-short","$v":"Lwshl"},{"$i":"weekday-6-short","$v":"Mgq"},{"$i":"month-0-long","$v":"Januwari"},{"$i":"month-1-long","$v":"Febhuwari"},{"$i":"month-2-long","$v":"Mashi"},{"$i":"month-3-long","$v":"Ephreli"},{"$i":"month-4-long","$v":"Meyi"},{"$i":"month-5-long","$v":"Juni"},{"$i":"month-6-long","$v":"Julayi"},{"$i":"month-7-long","$v":"Agasti"},{"$i":"month-8-long","$v":"Septhemba"},{"$i":"month-9-long","$v":"Okthoba"},{"$i":"month-10-long","$v":"Novemba"},{"$i":"month-11-long","$v":"Disemba"},{"$i":"month-0-genitive","$v":"Januwari"},{"$i":"month-1-genitive","$v":"Febhuwari"},{"$i":"month-2-genitive","$v":"Mashi"},{"$i":"month-3-genitive","$v":"Ephreli"},{"$i":"month-4-genitive","$v":"Meyi"},{"$i":"month-5-genitive","$v":"Juni"},{"$i":"month-6-genitive","$v":"Julayi"},{"$i":"month-7-genitive","$v":"Agasti"},{"$i":"month-8-genitive","$v":"Septhemba"},{"$i":"month-9-genitive","$v":"Okthoba"},{"$i":"month-10-genitive","$v":"Novemba"},{"$i":"month-11-genitive","$v":"Disemba"},{"$i":"month-0-short","$v":"Jan"},{"$i":"month-1-short","$v":"Feb"},{"$i":"month-2-short","$v":"Mas"},{"$i":"month-3-short","$v":"Ephr"},{"$i":"month-4-short","$v":"Meyi"},{"$i":"month-5-short","$v":"Jun"},{"$i":"month-6-short","$v":"Jul"},{"$i":"month-7-short","$v":"Aga"},{"$i":"month-8-short","$v":"Sep"},{"$i":"month-9-short","$v":"Okt"},{"$i":"month-10-short","$v":"Nov"},{"$i":"month-11-short","$v":"Dis"},{"$i":"minutes-ago-long","$v":{"few":[{"t":"idOrVar","v":"value"}," imizuzu edlule"],"many":[{"t":"idOrVar","v":"value"}," imizuzu edlule"],"one":"Umzuzu odlule","other":[{"t":"idOrVar","v":"value"}," imizuzu edlule"],"two":[{"t":"idOrVar","v":"value"}," imizuzu edlule"],"zero":"manje"},"$x":[{"t":"idOrVar","v":"plural"},"value"]},{"$i":"hours-ago-long","$v":{"few":[{"t":"idOrVar","v":"value"}," amahora adlule"],"many":[{"t":"idOrVar","v":"value"}," amahora adlule"],"one":"ihora elidlule","other":[{"t":"idOrVar","v":"value"}," amahora adlule"],"two":[{"t":"idOrVar","v":"value"}," amahora adlule"],"zero":"manje"},"$x":[{"t":"idOrVar","v":"plural"},"value"]},{"$i":"days-ago-long","$v":{"few":[{"t":"idOrVar","v":"value"}," izinsuku ezidlule"],"many":[{"t":"idOrVar","v":"value"}," izinsuku ezidlule"],"one":"izolo","other":[{"t":"idOrVar","v":"value"}," izinsuku ezidlule"],"two":[{"t":"idOrVar","v":"value"}," izinsuku ezidlule"],"zero":"namuhla"},"$x":[{"t":"idOrVar","v":"plural"},"value"]},{"$i":"weeks-ago-long","$v":{"few":[{"t":"idOrVar","v":"value"}," amaviki adlule"],"many":[{"t":"idOrVar","v":"value"}," amaviki adlule"],"one":"iviki eledlule","other":[{"t":"idOrVar","v":"value"}," amaviki adlule"],"two":[{"t":"idOrVar","v":"value"}," amaviki adlule"],"zero":"kuleli viki"},"$x":[{"t":"idOrVar","v":"plural"},"value"]},{"$i":"months-ago-long","$v":{"few":[{"t":"idOrVar","v":"value"}," izinyanga ezidlule"],"many":[{"t":"idOrVar","v":"value"}," izinyanga ezidlule"],"one":"inyanga edlule","other":[{"t":"idOrVar","v":"value"}," izinyanga ezidlule"],"two":[{"t":"idOrVar","v":"value"}," izinyanga ezidlule"],"zero":"kule nyanga"},"$x":[{"t":"idOrVar","v":"plural"},"value"]},{"$i":"years-ago-long","$v":{"few":[{"t":"idOrVar","v":"value"}," iminyaka edlule"],"many":[{"t":"idOrVar","v":"value"}," iminyaka edlule"],"one":"ngonyaka odlule","other":[{"t":"idOrVar","v":"value"}," iminyaka edlule"],"two":[{"t":"idOrVar","v":"value"}," iminyaka edlule"],"zero":"kulo nyaka"},"$x":[{"t":"idOrVar","v":"plural"},"value"]},{"$i":"minutes-until-long","$v":{"few":["emizuzwini engu ",{"t":"idOrVar","v":"value"}],"many":["emizuzwini engu ",{"t":"idOrVar","v":"value"}],"one":"Ngemva komzuzu","other":["emizuzwini engu ",{"t":"idOrVar","v":"value"}],"two":["emizuzwini engu ",{"t":"idOrVar","v":"value"}],"zero":"manje"},"$x":[{"t":"idOrVar","v":"plural"},"value"]},{"$i":"hours-until-long","$v":{"few":["emahoreni angu ",{"t":"idOrVar","v":"value"}],"many":["emahoreni angu ",{"t":"idOrVar","v":"value"}],"one":"Ngemva kwehora","other":["emahoreni angu ",{"t":"idOrVar","v":"value"}],"two":["emahoreni angu ",{"t":"idOrVar","v":"value"}],"zero":"manje"},"$x":[{"t":"idOrVar","v":"plural"},"value"]},{"$i":"days-until-long","$v":{"few":["Ezinsukwini ezingu ",{"t":"idOrVar","v":"value"}],"many":["Ezinsukwini ezingu ",{"t":"idOrVar","v":"value"}],"one":"kusasa","other":["Ezinsukwini ezingu ",{"t":"idOrVar","v":"value"}],"two":["Ezinsukwini ezingu ",{"t":"idOrVar","v":"value"}],"zero":"namuhla"},"$x":[{"t":"idOrVar","v":"plural"},"value"]},{"$i":"weeks-until-long","$v":{"few":["emavikini angu ",{"t":"idOrVar","v":"value"}],"many":["emavikini angu ",{"t":"idOrVar","v":"value"}],"one":"ngeviki elizayo","other":["emavikini angu ",{"t":"idOrVar","v":"value"}],"two":["emavikini angu ",{"t":"idOrVar","v":"value"}],"zero":"kuleli viki"},"$x":[{"t":"idOrVar","v":"plural"},"value"]},{"$i":"months-until-long","$v":{"few":["ezinyangeni ezingu ",{"t":"idOrVar","v":"value"}],"many":["ezinyangeni ezingu ",{"t":"idOrVar","v":"value"}],"one":"ngenyanga ezayo","other":["ezinyangeni ezingu ",{"t":"idOrVar","v":"value"}],"two":["ezinyangeni ezingu ",{"t":"idOrVar","v":"value"}],"zero":"kule nyanga"},"$x":[{"t":"idOrVar","v":"plural"},"value"]},{"$i":"years-until-long","$v":{"few":["eminyakeni engu ",{"t":"idOrVar","v":"value"}],"many":["eminyakeni engu ",{"t":"idOrVar","v":"value"}],"one":"ngonyaka ozayo","other":["eminyakeni engu ",{"t":"idOrVar","v":"value"}],"two":["eminyakeni engu ",{"t":"idOrVar","v":"value"}],"zero":"kulo nyaka"},"$x":[{"t":"idOrVar","v":"plural"},"value"]},{"$i":"minutes-ago-short","$v":{"other":[{"t":"idOrVar","v":"value"}," umzuzu odlule"],"zero":"manje"},"$x":[{"t":"idOrVar","v":"plural"},"value"]},{"$i":"hours-ago-short","$v":{"other":[{"t":"idOrVar","v":"value"}," ihora elidlule"],"zero":"manje"},"$x":[{"t":"idOrVar","v":"plural"},"value"]},{"$i":"days-ago-short","$v":{"other":[{"t":"idOrVar","v":"value"}," usuku oludlule"],"zero":"namuhla"},"$x":[{"t":"idOrVar","v":"plural"},"value"]},{"$i":"minutes-until-short","$v":{"other":["Ngemva kwemizuzu engu ",{"t":"idOrVar","v":"value"}],"zero":"manje"},"$x":[{"t":"idOrVar","v":"plural"},"value"]},{"$i":"hours-until-short","$v":{"other":["Ngehora ",{"t":"idOrVar","v":"value"}],"zero":"manje"},"$x":[{"t":"idOrVar","v":"plural"},"value"]},{"$i":"days-until-short","$v":{"other":["osukwini ",{"t":"idOrVar","v":"value"}],"zero":"namuhla"},"$x":[{"t":"idOrVar","v":"plural"},"value"]},{"$i":"incorrectDate","$v":"(Usuku olunganembile)"},{"$i":"dateTimeFormat_%c","$v":"%a %b %e %Y %I:%M:%S %p"},{"$i":"dateTimeFormat_%x","$v":"%m/%d/%Y"},{"$i":"dateTimeFormat_%X","$v":"%I:%M:%S %p"},{"$i":"shortTimeFormat","$v":"%I:%M %p"},{"$i":"shortTimeFormat12","$v":"%I:%M %p"},{"$i":"shortTimeFormat24","$v":"%H:%M"},{"$i":"shortDateTimeFormat","$v":"%x %I:%M %p"},{"$i":"weekStartsOnMonday","$v":"0.0"},{"$i":"firstDayOfTheWeek","$v":"0.0"},{"$i":"time_am","$v":"AM"},{"$i":"time_pm","$v":"PM"}]