[{"$i":"install-marketplace-title","$v":["Усталяваць ",{"t":"idOrVar","v":"title"}]},{"$i":"no-sites-description","$v":"Тут няма вэб-сайтаў, каб пачаць, націсніце кнопку Пачаць."},{"$i":"history","$v":"ГІСТОРЫЯ"},{"$i":"top-sites","$v":"папулярныя сайты"},{"$i":"top-sites-tab","$v":"Папулярныя сайты"},{"$i":"history-tab","$v":"Журнал"},{"$i":"suggestions","ariaLabel":"Прап."},{"$i":"contacts","ariaLabel":"Кантакты"},{"$i":"places","ariaLabel":"Месцы"},{"$i":"apps","ariaLabel":"Праграмы"},{"$i":"suggestions-settings-notice","innerHTML":{"$o":"Уключаны прапановы пошуку. Сімвалы, якія вы будзеце ўводзіць падчас пошуку, адпраўляюцца на пашукавік. Можна адключыць прапановы пошуку ў <span id=\"settings-link\">Настройках</span>."}},{"$i":"ok","$v":"ОК"},{"$i":"search","$v":"Пошук"},{"$i":"go","$v":"Перайсці"},{"$i":"options","$v":"Опцыі"},{"$i":"pin","$v":"Прымацаваць"},{"$i":"unpin","$v":"Адмацаваць"},{"$i":"remove","$v":"Выдаліць"},{"$i":"cancel","$v":"Скасаваць"},{"$i":"clear-all","$v":"Ачысціць усе"},{"$i":"clear","$v":"Ачысціць"},{"$i":"add-to-home-screen","label":"Дад. на гал. экран"},{"$i":"offline-message","$v":"Няма злучэння з інтэрнэтам"},{"$i":"pinnedSitesOverLimit","$v":"Вы дасягнулі максімальнай колькасці замазаваных вэб-сайтаў."},{"$i":"confirm-to-unpin-website","$v":["Адмацаваць вэб-сайт ",{"t":"idOrVar","v":"title"},"?"]},{"$i":"confirm-to-clear-all-browsing-history","$v":"Ачысціць гісторыю праглядаў?"},{"$i":"confirmation","$v":"Пацверджанне"},{"$i":"future","$v":"БУДУЧАЕ"},{"$i":"today","$v":"СЁННЯ"},{"$i":"yesterday","$v":"УЧОРА"},{"$i":"last-7-days","$v":"АПОШНІЯ 7 ДЗЁН"},{"$i":"this-month","$v":"У ГЭТЫМ МЕСЯЦЫ"},{"$i":"last-6-months","$v":"АПОШНІЯ 6 МЕСЯЦАЎ"},{"$i":"older-than-6-months","$v":"СТАРЭЙ ЗА 6 МЕСЯЦАЎ"},{"$i":"month-0","$v":"СТУДЗЕНЬ"},{"$i":"month-1","$v":"ЛЮТЫ"},{"$i":"month-2","$v":"Сакавік"},{"$i":"month-3","$v":"КРАСАВІК"},{"$i":"month-4","$v":"МАЙ"},{"$i":"month-5","$v":"ЧЭРВЕНЬ"},{"$i":"month-6","$v":"ЛІПЕНЬ"},{"$i":"month-7","$v":"ЖНІВЕНЬ"},{"$i":"month-8","$v":"ВЕРАСЕНЬ"},{"$i":"month-9","$v":"КАСТРЫЧНІК"},{"$i":"month-10","$v":"ЛІСТАПАД"},{"$i":"month-11","$v":"СНЕЖАНЬ"},{"$i":"search-header","$v":["Пошук ",{"t":"idOrVar","v":"provider"}]},{"$i":"new-private-window","$v":"Новае прыватнае акно"},{"$i":"gaia-grid-stop-download-title","$v":["Спыніць ",{"t":"idOrVar","v":"name"}]},{"$i":"gaia-grid-stop-download-body","$v":"Хочаце спыніць спампаванне, што яшчэ ідзе?"},{"$i":"gaia-grid-stop-download-action","$v":"Спыніць"},{"$i":"gaia-grid-resume-download-title","$v":"Зноў пачаць спамп."},{"$i":"gaia-grid-resume-download-body","$v":["Хочаце спампаваць ",{"t":"idOrVar","v":"name"},"?"]},{"$i":"gaia-grid-resume-download-action","$v":"Спампаваць"},{"$i":"gaia-grid-cancel","$v":"Скасаваць"},{"$i":"gaia-grid-toggle-collapsed","ariaLabel":"Пашырыць групу"},{"$i":"gaia-grid-toggle-expanded","ariaLabel":"Згарнуць групу"},{"$i":"gaia-grid-enter-group-name","$v":"Увесці імя групы"}]