[{"$i":"install-marketplace-title","$v":[{"t":"idOrVar","v":"title"}," installieren"]},{"$i":"no-sites-description","$v":"Keine Webseiten vorhanden, berühren Sie zum Suchen die Taste „Suchen“."},{"$i":"history","$v":"VERLAUF"},{"$i":"top-sites","$v":"Top-Webseiten"},{"$i":"top-sites-tab","$v":"Top-Webseiten"},{"$i":"history-tab","$v":"VERLAUF"},{"$i":"suggestions","ariaLabel":"Vorschläge"},{"$i":"contacts","ariaLabel":"Kontakte"},{"$i":"places","ariaLabel":"Orte"},{"$i":"apps","ariaLabel":"Anwendungen"},{"$i":"suggestions-settings-notice","innerHTML":{"$o":"Suchvorschläge sind aktiviert. Die Zeichen, die Sie beim Eingeben eines Suchstrings eintippen, werden an die Suchmaschine gesendet. Sie können die Suchvorschläge im Gerät deaktivieren <span id=\"settings-link\">Einstellungen</span>."}},{"$i":"ok","$v":"OK"},{"$i":"search","$v":"Suchen"},{"$i":"go","$v":"Los"},{"$i":"options","$v":"Optionen"},{"$i":"pin","$v":"Pin"},{"$i":"unpin","$v":"Lösen"},{"$i":"remove","$v":"Entfernen"},{"$i":"cancel","$v":"Abbrechen"},{"$i":"clear-all","$v":"Alles löschen"},{"$i":"clear","$v":"Löschen"},{"$i":"add-to-home-screen","label":"Zum Startbildschirm hinzufügen"},{"$i":"offline-message","$v":"Keine Internetverbindung"},{"$i":"pinnedSitesOverLimit","$v":"Sie haben die maximale Anzahl von angehefteten Webseiten erreicht."},{"$i":"confirm-to-unpin-website","$v":["Fixierung der Website ",{"t":"idOrVar","v":"title"}," aufheben?"]},{"$i":"confirm-to-clear-all-browsing-history","$v":"Gesamten Browserverlauf löschen?"},{"$i":"confirmation","$v":"Bestätigung"},{"$i":"future","$v":"ZUKUNFT"},{"$i":"today","$v":"HEUTE"},{"$i":"yesterday","$v":"GESTERN"},{"$i":"last-7-days","$v":"Letzte 7 TAGE"},{"$i":"this-month","$v":"DIESEN MONAT"},{"$i":"last-6-months","$v":"LETZTE 6 MONATE"},{"$i":"older-than-6-months","$v":"ÄLTER ALS 6 MONATE"},{"$i":"month-0","$v":"JANUAR"},{"$i":"month-1","$v":"FEBRUAR"},{"$i":"month-2","$v":"MÄRZ"},{"$i":"month-3","$v":"APRIL"},{"$i":"month-4","$v":"MAI"},{"$i":"month-5","$v":"JUNI"},{"$i":"month-6","$v":"JULI"},{"$i":"month-7","$v":"AUGUST"},{"$i":"month-8","$v":"SEPTEMBER"},{"$i":"month-9","$v":"OKTOBER"},{"$i":"month-10","$v":"NOVEMBER"},{"$i":"month-11","$v":"DEZEMBER"},{"$i":"search-header","$v":[{"t":"idOrVar","v":"provider"}," SUCHEN"]},{"$i":"new-private-window","$v":"Neues privates Fenster"},{"$i":"gaia-grid-stop-download-title","$v":[{"t":"idOrVar","v":"name"}," anhalten"]},{"$i":"gaia-grid-stop-download-body","$v":"Möchten Sie den aktuellen Download wirklich anhalten?"},{"$i":"gaia-grid-stop-download-action","$v":"Anhalten"},{"$i":"gaia-grid-resume-download-title","$v":"Download neu starten"},{"$i":"gaia-grid-resume-download-body","$v":["Möchten Sie ",{"t":"idOrVar","v":"name"}," herunterladen?"]},{"$i":"gaia-grid-resume-download-action","$v":"Download"},{"$i":"gaia-grid-cancel","$v":"Abbrechen"},{"$i":"gaia-grid-toggle-collapsed","ariaLabel":"Gruppe erweitern"},{"$i":"gaia-grid-toggle-expanded","ariaLabel":"Gruppe reduzieren"},{"$i":"gaia-grid-enter-group-name","$v":"Gruppennamen eingeben"}]