[{"$i":"install-marketplace-title","$v":["Install ",{"t":"idOrVar","v":"title"}]},{"$i":"no-sites-description","$v":"No websites here, press Search button to get started."},{"$i":"history","$v":"HISTORY"},{"$i":"top-sites","$v":"top sites"},{"$i":"top-sites-tab","$v":"Top Sites"},{"$i":"history-tab","$v":"History"},{"$i":"suggestions","ariaLabel":"Suggestions"},{"$i":"contacts","ariaLabel":"Contacts"},{"$i":"places","ariaLabel":"Places"},{"$i":"apps","ariaLabel":"Apps"},{"$i":"suggestions-settings-notice","innerHTML":{"$o":"Search suggestions are enabled. The characters you type when entering a search are being sent to the search engine. You can disable search suggestions in the device <span id=\"settings-link\">Settings</span>."}},{"$i":"ok","$v":"OK"},{"$i":"search","$v":"Search"},{"$i":"go","$v":"Go"},{"$i":"options","$v":"Options"},{"$i":"pin","$v":"Pin"},{"$i":"unpin","$v":"Unpin"},{"$i":"remove","$v":"Remove"},{"$i":"cancel","$v":"Cancel"},{"$i":"clear-all","$v":"Clear all"},{"$i":"clear","$v":"Clear"},{"$i":"add-to-home-screen","label":"Add to Homescreen"},{"$i":"offline-message","$v":"No internet connection"},{"$i":"pinnedSitesOverLimit","$v":"You have reached the maximum number of pinned websites."},{"$i":"confirm-to-unpin-website","$v":["Unpin web site ",{"t":"idOrVar","v":"title"},"?"]},{"$i":"confirm-to-clear-all-browsing-history","$v":"Clear all browsing history?"},{"$i":"confirmation","$v":"Confirmation"},{"$i":"future","$v":"FUTURE"},{"$i":"today","$v":"TODAY"},{"$i":"yesterday","$v":"YESTERDAY"},{"$i":"last-7-days","$v":"LAST 7 DAYS"},{"$i":"this-month","$v":"THIS MONTH"},{"$i":"last-6-months","$v":"LAST 6 MONTHS"},{"$i":"older-than-6-months","$v":"OLDER THAN 6 MONTHS"},{"$i":"month-0","$v":"JANUARY"},{"$i":"month-1","$v":"FEBRUARY"},{"$i":"month-2","$v":"MARCH"},{"$i":"month-3","$v":"APRIL"},{"$i":"month-4","$v":"MAY"},{"$i":"month-5","$v":"JUNE"},{"$i":"month-6","$v":"JULY"},{"$i":"month-7","$v":"AUGUST"},{"$i":"month-8","$v":"SEPTEMBER"},{"$i":"month-9","$v":"OCTOBER"},{"$i":"month-10","$v":"NOVEMBER"},{"$i":"month-11","$v":"DECEMBER"},{"$i":"search-header","$v":[{"t":"idOrVar","v":"provider"}," Search"]},{"$i":"new-private-window","$v":"New private window"},{"$i":"gaia-grid-stop-download-title","$v":["Stop ",{"t":"idOrVar","v":"name"}]},{"$i":"gaia-grid-stop-download-body","$v":"Do you want to stop the download in progress?"},{"$i":"gaia-grid-stop-download-action","$v":"Stop"},{"$i":"gaia-grid-resume-download-title","$v":"Restart Download"},{"$i":"gaia-grid-resume-download-body","$v":["Do you want to download ",{"t":"idOrVar","v":"name"},"?"]},{"$i":"gaia-grid-resume-download-action","$v":"Download"},{"$i":"gaia-grid-cancel","$v":"Cancel"},{"$i":"gaia-grid-toggle-collapsed","ariaLabel":"Expand group"},{"$i":"gaia-grid-toggle-expanded","ariaLabel":"Collapse group"},{"$i":"gaia-grid-enter-group-name","$v":"Enter a group name"}]