[{"$i":"install-marketplace-title","$v":["Instalar ",{"t":"idOrVar","v":"title"}]},{"$i":"no-sites-description","$v":"Aquí no hay ningún sitio web. Pulse el botón Buscar para empezar."},{"$i":"history","$v":"HISTORIAL"},{"$i":"top-sites","$v":"sitios principales"},{"$i":"top-sites-tab","$v":"Sitios destacados"},{"$i":"history-tab","$v":"Historial"},{"$i":"suggestions","ariaLabel":"Sugerencias"},{"$i":"contacts","ariaLabel":"Contactos"},{"$i":"places","ariaLabel":"Lugares"},{"$i":"apps","ariaLabel":"Aplicaciones"},{"$i":"suggestions-settings-notice","innerHTML":{"$o":"Las sugerencias de búsqueda están habilitadas. Los caracteres que escribe al introducir una búsqueda se envían al motor de búsqueda. Puede desactivar las sugerencias de búsqueda en el dispositivo <span id=\"settings-link\">Ajustes</span>."}},{"$i":"ok","$v":"Aceptar"},{"$i":"search","$v":"Buscar"},{"$i":"go","$v":"Ir"},{"$i":"options","$v":"Opciones"},{"$i":"pin","$v":"Anclar"},{"$i":"unpin","$v":"Desanclar"},{"$i":"remove","$v":"Eliminar"},{"$i":"cancel","$v":"Cancelar"},{"$i":"clear-all","$v":"Borrar todo"},{"$i":"clear","$v":"Borrar"},{"$i":"add-to-home-screen","label":"Añadir a pantalla de inicio"},{"$i":"offline-message","$v":"No hay conexión a Internet"},{"$i":"pinnedSitesOverLimit","$v":"Ha alcanzado el número máximo de sitios web anclados."},{"$i":"confirm-to-unpin-website","$v":["¿Desea desanclar el sitio web ",{"t":"idOrVar","v":"title"},"?"]},{"$i":"confirm-to-clear-all-browsing-history","$v":"¿Desea borrar todo el historial de navegación?"},{"$i":"confirmation","$v":"Confirmación"},{"$i":"future","$v":"FUTURO"},{"$i":"today","$v":"HOY"},{"$i":"yesterday","$v":"AYER"},{"$i":"last-7-days","$v":"ÚLTIMOS 7 DÍAS"},{"$i":"this-month","$v":"ESTE MES"},{"$i":"last-6-months","$v":"ÚLTIMOS 6 MESES"},{"$i":"older-than-6-months","$v":"DE MÁS DE 6 MESES DE ANTIGÜEDAD"},{"$i":"month-0","$v":"ENERO"},{"$i":"month-1","$v":"FEBRERO"},{"$i":"month-2","$v":"MARZO"},{"$i":"month-3","$v":"ABRIL"},{"$i":"month-4","$v":"MAYO"},{"$i":"month-5","$v":"JUNIO"},{"$i":"month-6","$v":"JULIO"},{"$i":"month-7","$v":"AGOSTO"},{"$i":"month-8","$v":"SEPTIEMBRE"},{"$i":"month-9","$v":"OCTUBRE"},{"$i":"month-10","$v":"NOVIEMBRE"},{"$i":"month-11","$v":"DICIMEBRE"},{"$i":"search-header","$v":["BUSCAR ",{"t":"idOrVar","v":"provider"}]},{"$i":"new-private-window","$v":"Nueva ventana privada"},{"$i":"gaia-grid-stop-download-title","$v":["Detener ",{"t":"idOrVar","v":"name"}]},{"$i":"gaia-grid-stop-download-body","$v":"¿Desea detener la descarga en curso?"},{"$i":"gaia-grid-stop-download-action","$v":"Detener"},{"$i":"gaia-grid-resume-download-title","$v":"Reiniciar descarga"},{"$i":"gaia-grid-resume-download-body","$v":["¿Desea descargar ",{"t":"idOrVar","v":"name"},"?"]},{"$i":"gaia-grid-resume-download-action","$v":"Descargar"},{"$i":"gaia-grid-cancel","$v":"Cancelar"},{"$i":"gaia-grid-toggle-collapsed","ariaLabel":"Expandir grupo"},{"$i":"gaia-grid-toggle-expanded","ariaLabel":"Contraer grupo"},{"$i":"gaia-grid-enter-group-name","$v":"Introduzca un nombre de grupo"}]