[{"$i":"install-marketplace-title","$v":["התקן ",{"t":"idOrVar","v":"title"}]},{"$i":"no-sites-description","$v":"אין אתרי אינטרנט כאן, לחץ על מקש החיפוש כדי להתחיל."},{"$i":"history","$v":"היסטוריה"},{"$i":"top-sites","$v":"אתרים מובילים"},{"$i":"top-sites-tab","$v":"אתרים מובילים"},{"$i":"history-tab","$v":"היסטוריה"},{"$i":"suggestions","ariaLabel":"המלצות"},{"$i":"contacts","ariaLabel":"אנשי קשר"},{"$i":"places","ariaLabel":"מקומות"},{"$i":"apps","ariaLabel":"יישומים"},{"$i":"suggestions-settings-notice","innerHTML":{"$o":"הצעות החיפוש מופעלות. התווים שאתה מקליד בעת הזנת חיפוש נשלחים אל מנוע החיפוש. ניתן להשבית הצעות חיפוש בהגדרות המכשיר <span id=\"settings-link\"></span>."}},{"$i":"ok","$v":"OK"},{"$i":"search","$v":"חפש"},{"$i":"go","$v":"לך"},{"$i":"options","$v":"אפשרויות"},{"$i":"pin","$v":"הצמד"},{"$i":"unpin","$v":"בטל הצמדה"},{"$i":"remove","$v":"הסר"},{"$i":"cancel","$v":"בטל"},{"$i":"clear-all","$v":"מחק הכול"},{"$i":"clear","$v":"נקה"},{"$i":"add-to-home-screen","label":"הוסף לדף הבית"},{"$i":"offline-message","$v":"אין חיבור אינטרנט"},{"$i":"pinnedSitesOverLimit","$v":"הגעת למספר אתרים המוצמדים המרבי."},{"$i":"confirm-to-unpin-website","$v":["לבטל נעיצה של האתר ",{"t":"idOrVar","v":"title"},"?"]},{"$i":"confirm-to-clear-all-browsing-history","$v":"למחוק את כל היסטוריית הגלישה?"},{"$i":"confirmation","$v":"אישור"},{"$i":"future","$v":"עתיד"},{"$i":"today","$v":"היום"},{"$i":"yesterday","$v":"אתמול"},{"$i":"last-7-days","$v":"7 הימים האחרונים"},{"$i":"this-month","$v":"החודש"},{"$i":"last-6-months","$v":"6 החודשים האחרונים"},{"$i":"older-than-6-months","$v":"ישן מאשר 6 חודשים"},{"$i":"month-0","$v":"ינואר"},{"$i":"month-1","$v":"פברואר"},{"$i":"month-2","$v":"מרץ"},{"$i":"month-3","$v":"אפריל"},{"$i":"month-4","$v":"מאי"},{"$i":"month-5","$v":"יוני"},{"$i":"month-6","$v":"יולי"},{"$i":"month-7","$v":"אוגוסט"},{"$i":"month-8","$v":"ספטמבר"},{"$i":"month-9","$v":"אוקטובר"},{"$i":"month-10","$v":"נובמבר"},{"$i":"month-11","$v":"דצמבר"},{"$i":"search-header","$v":[{"t":"idOrVar","v":"provider"}," חפש"]},{"$i":"new-private-window","$v":"בחלון פרטי חדש"},{"$i":"gaia-grid-stop-download-title","$v":["עצור את ",{"t":"idOrVar","v":"name"}]},{"$i":"gaia-grid-stop-download-body","$v":"האם אתה רוצה להפסיק את ההורדה בתהליך?"},{"$i":"gaia-grid-stop-download-action","$v":"עצור"},{"$i":"gaia-grid-resume-download-title","$v":"התחל הורדה מחדש"},{"$i":"gaia-grid-resume-download-body","$v":["האם ברצונך להוריד ",{"t":"idOrVar","v":"name"},"?"]},{"$i":"gaia-grid-resume-download-action","$v":"הורד"},{"$i":"gaia-grid-cancel","$v":"ביטול"},{"$i":"gaia-grid-toggle-collapsed","ariaLabel":"הרחב קבוצה"},{"$i":"gaia-grid-toggle-expanded","ariaLabel":"קבץ קבוצה"},{"$i":"gaia-grid-enter-group-name","$v":"הזן שם קבוצה"}]