[{"$i":"install-marketplace-title","$v":[{"t":"idOrVar","v":"title"}," इंस्टॉल करें"]},{"$i":"no-sites-description","$v":"यहाँ पर कोई वेब साइट नहीं हैं, आरंभ करने के लिए खोजें बटन दबाएँ।"},{"$i":"history","$v":"इतिहास"},{"$i":"top-sites","$v":"सबसे अच्छी साइटें"},{"$i":"top-sites-tab","$v":"सबसे अच्छी साइटें"},{"$i":"history-tab","$v":"इतिहास"},{"$i":"suggestions","ariaLabel":"सुझाव"},{"$i":"contacts","ariaLabel":"संपर्क"},{"$i":"places","ariaLabel":"स्थान"},{"$i":"apps","ariaLabel":"ऐप्स"},{"$i":"suggestions-settings-notice","innerHTML":{"$o":"Search suggestions are enabled. The characters you type when entering a search are being sent to the search engine. You can disable search suggestions in the device <span id=\"settings-link\">Settings</span>."}},{"$i":"ok","$v":"ठीक हैं"},{"$i":"search","$v":"खोजें"},{"$i":"go","$v":"जाएं"},{"$i":"options","$v":"विकल्प"},{"$i":"pin","$v":"पिन"},{"$i":"unpin","$v":"अनपिन"},{"$i":"remove","$v":"हटाएं"},{"$i":"cancel","$v":"रद्द करें"},{"$i":"clear-all","$v":"सब साफ़ करें"},{"$i":"clear","$v":"साफ़ करें"},{"$i":"add-to-home-screen","label":"होम स्क्रीन में जोड़ें"},{"$i":"offline-message","$v":"कोई इंटरनेट कनेक्शन नहीं"},{"$i":"pinnedSitesOverLimit","$v":"आप पिन की गई वेबसाइटों की अधिकतम संख्या तक पहुँच गए हैं।"},{"$i":"confirm-to-unpin-website","$v":["वेब साइट ",{"t":"idOrVar","v":"title"}," अनपिन करना चाहते हैं?"]},{"$i":"confirm-to-clear-all-browsing-history","$v":"सभी ब्राउज़िंग इतिहास साफ़ करें?"},{"$i":"confirmation","$v":"पुष्टिकरण"},{"$i":"future","$v":"भविष्य"},{"$i":"today","$v":"आज"},{"$i":"yesterday","$v":"बीता कल"},{"$i":"last-7-days","$v":"पिछले 7 दिन"},{"$i":"this-month","$v":"इस महीने"},{"$i":"last-6-months","$v":"पिछले 6 माह"},{"$i":"older-than-6-months","$v":"6 महीने से अधिक पुराना"},{"$i":"month-0","$v":"जनवरी"},{"$i":"month-1","$v":"फरवरी"},{"$i":"month-2","$v":"मार्च"},{"$i":"month-3","$v":"अप्रैल"},{"$i":"month-4","$v":"मई"},{"$i":"month-5","$v":"जून"},{"$i":"month-6","$v":"जुलाई"},{"$i":"month-7","$v":"अगस्त"},{"$i":"month-8","$v":"सितंबर"},{"$i":"month-9","$v":"अक्टूबर"},{"$i":"month-10","$v":"नवंबर"},{"$i":"month-11","$v":"दिसंबर"},{"$i":"search-header","$v":[{"t":"idOrVar","v":"provider"}," खोजें"]},{"$i":"new-private-window","$v":"नई निजी विंडो"},{"$i":"gaia-grid-stop-download-title","$v":[{"t":"idOrVar","v":"name"}," रोकें"]},{"$i":"gaia-grid-stop-download-body","$v":"क्या आप जारी डाउनलोड को रोकना चाहते हैं?"},{"$i":"gaia-grid-stop-download-action","$v":"रोकें"},{"$i":"gaia-grid-resume-download-title","$v":"डाउनलोड फिर से शुरू करें"},{"$i":"gaia-grid-resume-download-body","$v":["क्या आप ",{"t":"idOrVar","v":"name"}," को डाउनलोड करना चाहते हैं?"]},{"$i":"gaia-grid-resume-download-action","$v":"डाउनलोड करें"},{"$i":"gaia-grid-cancel","$v":"रद्द करें"},{"$i":"gaia-grid-toggle-collapsed","ariaLabel":"समूह विस्तारित करें"},{"$i":"gaia-grid-toggle-expanded","ariaLabel":"समूह संक्षिप्त करें"},{"$i":"gaia-grid-enter-group-name","$v":"समूह का नाम दर्ज करें"}]