[{"$i":"install-marketplace-title","$v":["Տեղադրել ",{"t":"idOrVar","v":"title"},"-ը"]},{"$i":"no-sites-description","$v":"Կայքեր չկան, սեղմեք Որոնում կոճակը սկսելու համար:"},{"$i":"history","$v":"ՊԱՏՄՈՒԹՅՈՒՆ"},{"$i":"top-sites","$v":"լավագույն չափերը"},{"$i":"top-sites-tab","$v":"Լավագույն կայքեր"},{"$i":"history-tab","$v":"Պտմթյն"},{"$i":"suggestions","ariaLabel":"Առջրկթյնր"},{"$i":"contacts","ariaLabel":"Կոնտակտներ"},{"$i":"places","ariaLabel":"Վայրեր"},{"$i":"apps","ariaLabel":"Ծրագրեր"},{"$i":"suggestions-settings-notice","innerHTML":{"$o":"Որոնման արդյունքները ակտիվացված են: Որոնումը մուտքագրելիս ձեր տպած նիշերը ուղարկվում են որոնիչ: Դուք կարող եք կասեցնել սարքի որոնման առաջարկները <span id=”settings-link”>Պարամետրեր</span>:"}},{"$i":"ok","$v":"Լավ"},{"$i":"search","$v":"Որոնել"},{"$i":"go","$v":"Գնալ"},{"$i":"options","$v":"Ընտրանքներ"},{"$i":"pin","$v":"Ամրցնլ"},{"$i":"unpin","$v":"Ապաամրացնել"},{"$i":"remove","$v":"Հեռացնել"},{"$i":"cancel","$v":"Չեղարկել"},{"$i":"clear-all","$v":"Մաքրել բլրը"},{"$i":"clear","$v":"Մքրլ"},{"$i":"add-to-home-screen","label":"Ավլցն հմնկն էկրնն"},{"$i":"offline-message","$v":"Ինտերնետ կապ չկա"},{"$i":"pinnedSitesOverLimit","$v":"Դուք հասել եք ամրացված կայքերի առավելագույն թվին:"},{"$i":"confirm-to-unpin-website","$v":["Ապամրացնե՞լ ",{"t":"idOrVar","v":"title"}," կայքը։"]},{"$i":"confirm-to-clear-all-browsing-history","$v":"Մաքրե՞լ զննման ողջ պատմությունը:"},{"$i":"confirmation","$v":"Հաստատում"},{"$i":"future","$v":"ԱՊԱԳԱ"},{"$i":"today","$v":"ԱՅՍՕՐ"},{"$i":"yesterday","$v":"ԵՐԵԿ"},{"$i":"last-7-days","$v":"ՎԵՐՋԻՆ 7 ՕՐԵՐԸ"},{"$i":"this-month","$v":"ԱՅՍ ԱՄԻՍ"},{"$i":"last-6-months","$v":"ՎԵՐՋԻՆ 6 ԱՄԻՍՆԵՐԸ"},{"$i":"older-than-6-months","$v":"6 ԱՄՍԻՑ ԱՎԵԼԻ ՀԻՆ"},{"$i":"month-0","$v":"ՀՈՒՆՎԱՐ"},{"$i":"month-1","$v":"ՓԵՏՐՎԱՐ"},{"$i":"month-2","$v":"ՄԱՐՏ"},{"$i":"month-3","$v":"ԱՊՐԻԼ"},{"$i":"month-4","$v":"ՄԱՅԻՍ"},{"$i":"month-5","$v":"ՀՈՒՆԻՍ"},{"$i":"month-6","$v":"ՀՈՒԼԻՍ"},{"$i":"month-7","$v":"ՕԳՈՍՏՈՍ"},{"$i":"month-8","$v":"ՍԵՊՏԵՄԲԵՐ"},{"$i":"month-9","$v":"ՀՈԿՏԵՄԲԵՐ"},{"$i":"month-10","$v":"ՆՈՅԵՄԲԵՐ"},{"$i":"month-11","$v":"ԴԵԿՏԵՄԲԵՐ"},{"$i":"search-header","$v":[{"t":"idOrVar","v":"provider"}," Որոնում"]},{"$i":"new-private-window","$v":"Նոր անձնկն պտհն"},{"$i":"gaia-grid-stop-download-title","$v":["Դադարեցնել ",{"t":"idOrVar","v":"name"}]},{"$i":"gaia-grid-stop-download-body","$v":"Դադարեցնե՞լ ընթացիկ ներբեռնումը:"},{"$i":"gaia-grid-stop-download-action","$v":"Դդրցնլ"},{"$i":"gaia-grid-resume-download-title","$v":"Վերգրծրկլ բեռնում"},{"$i":"gaia-grid-resume-download-body","$v":["Ներբեռնե՞լ ",{"t":"idOrVar","v":"name"},"-ը:"]},{"$i":"gaia-grid-resume-download-action","$v":"Նրբռնել"},{"$i":"gaia-grid-cancel","$v":"Չեղարկել"},{"$i":"gaia-grid-toggle-collapsed","ariaLabel":"Ընդլայնել խումբը"},{"$i":"gaia-grid-toggle-expanded","ariaLabel":"Կոծկել խումբը"},{"$i":"gaia-grid-enter-group-name","$v":"Մտգրեք խմբի անուն"}]