[{"$i":"install-marketplace-title","$v":["Installare ",{"t":"idOrVar","v":"title"}]},{"$i":"no-sites-description","$v":"Nessun sito Web qui. Premere il pulsante Cerca per iniziare."},{"$i":"history","$v":"CRONOLOGIA"},{"$i":"top-sites","$v":"siti migliori"},{"$i":"top-sites-tab","$v":"siti migliori"},{"$i":"history-tab","$v":"CRONOLOGIA"},{"$i":"suggestions","ariaLabel":"Suggerimenti"},{"$i":"contacts","ariaLabel":"Contatti"},{"$i":"places","ariaLabel":"Luoghi"},{"$i":"apps","ariaLabel":"Applicazioni"},{"$i":"suggestions-settings-notice","innerHTML":{"$o":"Suggerimenti di ricerca attivati. I caratteri digitati quando si inserisce una ricerca vengono inviati al motore di ricerca. È possibile disattivare i suggerimenti di ricerca nel dispositivo <span id=\"settings-link\">Impostazioni</span>."}},{"$i":"ok","$v":"OK"},{"$i":"search","$v":"Cerca"},{"$i":"go","$v":"Vai"},{"$i":"options","$v":"Opzioni"},{"$i":"pin","$v":"Pin"},{"$i":"unpin","$v":"Rimuovi"},{"$i":"remove","$v":"Rimuovi"},{"$i":"cancel","$v":"Annulla"},{"$i":"clear-all","$v":"Cancella tutto"},{"$i":"clear","$v":"Cancella"},{"$i":"add-to-home-screen","label":"Aggiungi alla schermata Home"},{"$i":"offline-message","$v":"Nessuna connessione a Internet"},{"$i":"pinnedSitesOverLimit","$v":"È stato raggiunto il numero massimo di siti Web \"pinned\"."},{"$i":"confirm-to-unpin-website","$v":["Rimuovere il sito Web ",{"t":"idOrVar","v":"title"},"?"]},{"$i":"confirm-to-clear-all-browsing-history","$v":"Cancellare tutta la cronologia di navigazione?"},{"$i":"confirmation","$v":"Conferma"},{"$i":"future","$v":"FUTURO"},{"$i":"today","$v":"OGGI"},{"$i":"yesterday","$v":"IERI"},{"$i":"last-7-days","$v":"ULTIMI 7 GIORNI"},{"$i":"this-month","$v":"QUESTO MESE"},{"$i":"last-6-months","$v":"ULTIMI 6 MESI"},{"$i":"older-than-6-months","$v":"ANTECEDENTE A 6 MESI"},{"$i":"month-0","$v":"GENNAIO"},{"$i":"month-1","$v":"FEBBRAIO"},{"$i":"month-2","$v":"MARZO"},{"$i":"month-3","$v":"APRILE"},{"$i":"month-4","$v":"MAGGIO"},{"$i":"month-5","$v":"GIUGNO"},{"$i":"month-6","$v":"LUGLIO"},{"$i":"month-7","$v":"AGOSTO"},{"$i":"month-8","$v":"SETTEMBRE"},{"$i":"month-9","$v":"OTTOBRE"},{"$i":"month-10","$v":"NOVEMBRE"},{"$i":"month-11","$v":"DICEMBRE"},{"$i":"search-header","$v":["RICERCA ",{"t":"idOrVar","v":"provider"}]},{"$i":"new-private-window","$v":"Nuova finestra privata"},{"$i":"gaia-grid-stop-download-title","$v":["Interrompi ",{"t":"idOrVar","v":"name"}]},{"$i":"gaia-grid-stop-download-body","$v":"Interrompere il download in corso?"},{"$i":"gaia-grid-stop-download-action","$v":"Interrompi"},{"$i":"gaia-grid-resume-download-title","$v":"Riavvia download"},{"$i":"gaia-grid-resume-download-body","$v":["Scaricare ",{"t":"idOrVar","v":"name"},"?"]},{"$i":"gaia-grid-resume-download-action","$v":"Scarica"},{"$i":"gaia-grid-cancel","$v":"Annulla"},{"$i":"gaia-grid-toggle-collapsed","ariaLabel":"Espandi gruppo"},{"$i":"gaia-grid-toggle-expanded","ariaLabel":"Riduci gruppo"},{"$i":"gaia-grid-enter-group-name","$v":"Inserire un nome di gruppo"}]