[{"$i":"install-marketplace-title","$v":["Instalēt ",{"t":"idOrVar","v":"title"}]},{"$i":"no-sites-description","$v":"Šeit nav nevienas vietnes. Lai sāktu darbu, nospiediet pogu Meklēt."},{"$i":"history","$v":"VĒSTURE"},{"$i":"top-sites","$v":"populārākās vietnes"},{"$i":"top-sites-tab","$v":"Populāras vietnes"},{"$i":"history-tab","$v":"Vēsture"},{"$i":"suggestions","ariaLabel":"Ieteikumi"},{"$i":"contacts","ariaLabel":"Kontakti"},{"$i":"places","ariaLabel":"Vietas"},{"$i":"apps","ariaLabel":"Programmas"},{"$i":"suggestions-settings-notice","innerHTML":{"$o":"Meklēšanas ieteikumi ir iespējoti. Ievadot meklēšanas vaicājumu, rakstzīmes tiek sūtītas uz meklētājprogrammu. Varat atspējot meklēšanas ieteikumus ierīces sadaļā <span id=\"settings-link\">Uzstādījumi</span>."}},{"$i":"ok","$v":"LABI"},{"$i":"search","$v":"Meklēt"},{"$i":"go","$v":"Doties"},{"$i":"options","$v":"Iespējas"},{"$i":"pin","$v":"Piespraust"},{"$i":"unpin","$v":"Atspraust"},{"$i":"remove","$v":"Noņemt"},{"$i":"cancel","$v":"Atcelt"},{"$i":"clear-all","$v":"Notīrīt visu"},{"$i":"clear","$v":"Notīrīt"},{"$i":"add-to-home-screen","label":"Piev. sākuma ekrānam"},{"$i":"offline-message","$v":"Nav interneta savienojuma"},{"$i":"pinnedSitesOverLimit","$v":"Ir sasniegts maksimālais piesprausto vietņu skaits."},{"$i":"confirm-to-unpin-website","$v":["Vai atspraust vietni ",{"t":"idOrVar","v":"title"},"?"]},{"$i":"confirm-to-clear-all-browsing-history","$v":"Vai notīrīt visu pārlūkošanas vēsturi?"},{"$i":"confirmation","$v":"Apstiprinājums"},{"$i":"future","$v":"NĀKOTNE"},{"$i":"today","$v":"ŠODIEN"},{"$i":"yesterday","$v":"VAKAR"},{"$i":"last-7-days","$v":"PĒDĒJĀS 7 DIENAS"},{"$i":"this-month","$v":"ŠOMĒNES"},{"$i":"last-6-months","$v":"PĒDĒJIE 6 MĒNEŠI"},{"$i":"older-than-6-months","$v":"VECĀKS PAR 6 MĒN."},{"$i":"month-0","$v":"JANVĀRIS"},{"$i":"month-1","$v":"FEBRUĀRIS"},{"$i":"month-2","$v":"MARTS"},{"$i":"month-3","$v":"APRĪLIS"},{"$i":"month-4","$v":"MAIJS"},{"$i":"month-5","$v":"JŪNIJS"},{"$i":"month-6","$v":"JŪLIJS"},{"$i":"month-7","$v":"AUGUSTS"},{"$i":"month-8","$v":"SEPTEMBRIS"},{"$i":"month-9","$v":"OKTOBRIS"},{"$i":"month-10","$v":"NOVEMBRIS"},{"$i":"month-11","$v":"DECEMBRIS"},{"$i":"search-header","$v":[{"t":"idOrVar","v":"provider"}," meklēšana"]},{"$i":"new-private-window","$v":"Jauns privāts logs"},{"$i":"gaia-grid-stop-download-title","$v":["Pārtraukt ",{"t":"idOrVar","v":"name"}]},{"$i":"gaia-grid-stop-download-body","$v":"Vai vēlaties pārtraukt lejupielādi?"},{"$i":"gaia-grid-stop-download-action","$v":"Apturēt"},{"$i":"gaia-grid-resume-download-title","$v":"Restartēt lejupielādi"},{"$i":"gaia-grid-resume-download-body","$v":["Vai vēlaties lejupielādēt ",{"t":"idOrVar","v":"name"},"?"]},{"$i":"gaia-grid-resume-download-action","$v":"Lejupielādēt"},{"$i":"gaia-grid-cancel","$v":"Atcelt"},{"$i":"gaia-grid-toggle-collapsed","ariaLabel":"Izvērst grupu"},{"$i":"gaia-grid-toggle-expanded","ariaLabel":"Sakļaut grupu"},{"$i":"gaia-grid-enter-group-name","$v":"Ievadiet grupas nosaukumu"}]