[{"$i":"install-marketplace-title","$v":["Instalar ",{"t":"idOrVar","v":"title"}]},{"$i":"no-sites-description","$v":"Nenhum website aqui, prima o botão Pesquisar para começar."},{"$i":"history","$v":"HISTÓRICO"},{"$i":"top-sites","$v":"principais sites"},{"$i":"top-sites-tab","$v":"principais sites"},{"$i":"history-tab","$v":"HISTÓRICO"},{"$i":"suggestions","ariaLabel":"Sugestões"},{"$i":"contacts","ariaLabel":"Contactos"},{"$i":"places","ariaLabel":"Lugares"},{"$i":"apps","ariaLabel":"Aplicações"},{"$i":"suggestions-settings-notice","innerHTML":{"$o":"Sugestões de pesquisa ativadas. Os caracteres que digita ao inserir uma pesquisa estão a ser enviados para o motor de pesquisa. Pode desativar as sugestões de pesquisa no dispositivo <span id=\"settings-link\">Definições</span>."}},{"$i":"ok","$v":"OK"},{"$i":"search","$v":"Pesquisar"},{"$i":"go","$v":"Ir"},{"$i":"options","$v":"Opções"},{"$i":"pin","$v":"Fixar"},{"$i":"unpin","$v":"Eliminar"},{"$i":"remove","$v":"Remover"},{"$i":"cancel","$v":"Cancelar"},{"$i":"clear-all","$v":"Limpar tudo"},{"$i":"clear","$v":"Limpar"},{"$i":"add-to-home-screen","label":"Adicionar ao ecrã inicial"},{"$i":"offline-message","$v":"Sem ligação à Internet"},{"$i":"pinnedSitesOverLimit","$v":"Atingiu o número máximo de websites fixados."},{"$i":"confirm-to-unpin-website","$v":["Remover ",{"t":"idOrVar","v":"title"}," da lista de favoritos?"]},{"$i":"confirm-to-clear-all-browsing-history","$v":"Limpar todo o histórico de navegação?"},{"$i":"confirmation","$v":"Confirmação"},{"$i":"future","$v":"FUTURO"},{"$i":"today","$v":"HOJE"},{"$i":"yesterday","$v":"ONTEM"},{"$i":"last-7-days","$v":"ÚLTIMOS 7 DIAS"},{"$i":"this-month","$v":"ESTE MÊS"},{"$i":"last-6-months","$v":"ÚLTIMOS 6 MESES"},{"$i":"older-than-6-months","$v":"COM MAIS DE 6 MESES"},{"$i":"month-0","$v":"JANEIRO"},{"$i":"month-1","$v":"FEVEREIRO"},{"$i":"month-2","$v":"MARÇO"},{"$i":"month-3","$v":"ABRIL"},{"$i":"month-4","$v":"MAIO"},{"$i":"month-5","$v":"JUNHO"},{"$i":"month-6","$v":"JULHO"},{"$i":"month-7","$v":"AGOSTO"},{"$i":"month-8","$v":"SETEMBRO"},{"$i":"month-9","$v":"OUTUBRO"},{"$i":"month-10","$v":"NOVEMBRO"},{"$i":"month-11","$v":"DEZEMBRO"},{"$i":"search-header","$v":["PESQUISA ",{"t":"idOrVar","v":"provider"}]},{"$i":"new-private-window","$v":"Nova janela privada"},{"$i":"gaia-grid-stop-download-title","$v":["Parar ",{"t":"idOrVar","v":"name"}]},{"$i":"gaia-grid-stop-download-body","$v":"Pretende parar a transferência em curso?"},{"$i":"gaia-grid-stop-download-action","$v":"Parar"},{"$i":"gaia-grid-resume-download-title","$v":"Reiniciar transferência"},{"$i":"gaia-grid-resume-download-body","$v":["Pretende transferir ",{"t":"idOrVar","v":"name"},"?"]},{"$i":"gaia-grid-resume-download-action","$v":"Transferir"},{"$i":"gaia-grid-cancel","$v":"Cancelar"},{"$i":"gaia-grid-toggle-collapsed","ariaLabel":"Expandir grupo"},{"$i":"gaia-grid-toggle-expanded","ariaLabel":"Fechar grupo"},{"$i":"gaia-grid-enter-group-name","$v":"Introduzir um nome de grupo"}]