[{"$i":"install-marketplace-title","$v":["Instaliraj ",{"t":"idOrVar","v":"title"}]},{"$i":"no-sites-description","$v":"Nema veb stranica ovde, pritisnite dugme za traženje da biste počeli."},{"$i":"history","$v":"ISTORIJA"},{"$i":"top-sites","$v":"najpopularnije veb lokacije"},{"$i":"top-sites-tab","$v":"Najpopularnije veb lokacije"},{"$i":"history-tab","$v":"Istorija"},{"$i":"suggestions","ariaLabel":"Predlozi"},{"$i":"contacts","ariaLabel":"Kontakti"},{"$i":"places","ariaLabel":"Mesta"},{"$i":"apps","ariaLabel":"Aplikacije"},{"$i":"suggestions-settings-notice","innerHTML":{"$o":"Predlozi za pretragu su omogućeni. Znakovi koje kucate u polje za pretragu šalju se pretraživaču. Predloge za pretragu možete onemogućiti u <span id=\"settings-link\">podešavanjima uređaja</span>."}},{"$i":"ok","$v":"OK"},{"$i":"search","$v":"Traži"},{"$i":"go","$v":"Idi"},{"$i":"options","$v":"Opcije"},{"$i":"pin","$v":"Zakači"},{"$i":"unpin","$v":"Otkači"},{"$i":"remove","$v":"Ukloni"},{"$i":"cancel","$v":"Otkaži"},{"$i":"clear-all","$v":"Obriši sve"},{"$i":"clear","$v":"Obriši"},{"$i":"add-to-home-screen","label":"Dodaj na poč.ekran"},{"$i":"offline-message","$v":"Nema internet veze"},{"$i":"pinnedSitesOverLimit","$v":"Dostigli ste maksimalni broj zakačenih veb lokacija."},{"$i":"confirm-to-unpin-website","$v":["Otkači veb lokaciju ",{"t":"idOrVar","v":"title"},"?"]},{"$i":"confirm-to-clear-all-browsing-history","$v":"Obrisati istoriju pretraživanja?"},{"$i":"confirmation","$v":"Potvrda"},{"$i":"future","$v":"BUDUĆE"},{"$i":"today","$v":"DANAS"},{"$i":"yesterday","$v":"JUČE"},{"$i":"last-7-days","$v":"POSLEDNJIH 7 DANA"},{"$i":"this-month","$v":"OVOG MESECA"},{"$i":"last-6-months","$v":"POSLEDNJIH 6 MESECI"},{"$i":"older-than-6-months","$v":"STARIJE OD 6 MESECI"},{"$i":"month-0","$v":"JANUAR"},{"$i":"month-1","$v":"FEBRUAR"},{"$i":"month-2","$v":"MART"},{"$i":"month-3","$v":"APRIL"},{"$i":"month-4","$v":"MAJ"},{"$i":"month-5","$v":"JUN"},{"$i":"month-6","$v":"JUL"},{"$i":"month-7","$v":"AVGUST"},{"$i":"month-8","$v":"SEPTEMBAR"},{"$i":"month-9","$v":"OKTOBAR"},{"$i":"month-10","$v":"NOVEMBAR"},{"$i":"month-11","$v":"DECEMBAR"},{"$i":"search-header","$v":[{"t":"idOrVar","v":"provider"}," pretraga"]},{"$i":"new-private-window","$v":"Novi privatni prozor"},{"$i":"gaia-grid-stop-download-title","$v":["Zaustavi ",{"t":"idOrVar","v":"name"}]},{"$i":"gaia-grid-stop-download-body","$v":"Želite li da zaustavite preuzimanje koje je u toku?"},{"$i":"gaia-grid-stop-download-action","$v":"Zaustavi"},{"$i":"gaia-grid-resume-download-title","$v":"Pon. pokr. preuz."},{"$i":"gaia-grid-resume-download-body","$v":["Želite li da preuzmete ",{"t":"idOrVar","v":"name"},"?"]},{"$i":"gaia-grid-resume-download-action","$v":"Preuzmi"},{"$i":"gaia-grid-cancel","$v":"Otkaži"},{"$i":"gaia-grid-toggle-collapsed","ariaLabel":"Proširi grupu"},{"$i":"gaia-grid-toggle-expanded","ariaLabel":"Skupi grupu"},{"$i":"gaia-grid-enter-group-name","$v":"Unesite ime grupe"}]