[{"$i":"install-marketplace-title","$v":["Sakinisha ",{"t":"idOrVar","v":"title"}]},{"$i":"no-sites-description","$v":"Hakuna tovuti hapa,bonyeza kitufe cha Kutafuta ili uanze."},{"$i":"history","$v":"HISTORIA"},{"$i":"top-sites","$v":"Tovuti maarufu zaidi"},{"$i":"top-sites-tab","$v":"Tovuti maarufu zaidi"},{"$i":"history-tab","$v":"HISTORIA"},{"$i":"suggestions","ariaLabel":"Mapendekezo"},{"$i":"contacts","ariaLabel":"Anwani"},{"$i":"places","ariaLabel":"Maeneo"},{"$i":"apps","ariaLabel":"Programu"},{"$i":"suggestions-settings-notice","innerHTML":{"$o":"Mapendekezo ya utafutaji yamewezeshwa. Vibambo unavyovharaza unapoingiza utafutaji vinatumwa kwenye injini-tafuti. Unaweza kulemaza mapendekezo ya utafutaji katika kifaa <span id=\"settings-link\">Mipangilio</span>."}},{"$i":"ok","$v":"SAWA"},{"$i":"search","$v":"Tafuta"},{"$i":"go","$v":"Nenda"},{"$i":"options","$v":"Chaguo"},{"$i":"pin","$v":"Bana"},{"$i":"unpin","$v":"Banua"},{"$i":"remove","$v":"Ondoa"},{"$i":"cancel","$v":"Ghairi"},{"$i":"clear-all","$v":"Futa zote"},{"$i":"clear","$v":"Futa"},{"$i":"add-to-home-screen","label":"Ongeza kwenye Skrini ya Mwanzo"},{"$i":"offline-message","$v":"Hakuna muunganisho wa wavuti"},{"$i":"pinnedSitesOverLimit","$v":"Umefikisha idadi ya upeo wa tovuti zilizobanwa."},{"$i":"confirm-to-unpin-website","$v":["Unataka kubanua tovuti ",{"t":"idOrVar","v":"title"},"?"]},{"$i":"confirm-to-clear-all-browsing-history","$v":"Unataka kufuta historia ya kuvinjari?"},{"$i":"confirmation","$v":"Uthibitishaji"},{"$i":"future","$v":"SIKU ZIJAZO"},{"$i":"today","$v":"LEO"},{"$i":"yesterday","$v":"JANA"},{"$i":"last-7-days","$v":"SIKU 7 ZILIZOPITA"},{"$i":"this-month","$v":"MWEZI HUU"},{"$i":"last-6-months","$v":"MIEZI 6 ILIYOPITA"},{"$i":"older-than-6-months","$v":"YA ZAMANI KULIKO MIEZI 6"},{"$i":"month-0","$v":"JANUARI"},{"$i":"month-1","$v":"FEBRUARI"},{"$i":"month-2","$v":"MACHI"},{"$i":"month-3","$v":"APRILI"},{"$i":"month-4","$v":"MEI"},{"$i":"month-5","$v":"JUNI"},{"$i":"month-6","$v":"JULAI"},{"$i":"month-7","$v":"AGOSTI"},{"$i":"month-8","$v":"SEPTEMBA"},{"$i":"month-9","$v":"OKTOBA"},{"$i":"month-10","$v":"NOVEMBA"},{"$i":"month-11","$v":"DESEMBA"},{"$i":"search-header","$v":["UTAFUTAJI WA ",{"t":"idOrVar","v":"provider"}]},{"$i":"new-private-window","$v":"Dirisha lipya la siri"},{"$i":"gaia-grid-stop-download-title","$v":["Simamisha ",{"t":"idOrVar","v":"name"}]},{"$i":"gaia-grid-stop-download-body","$v":"Unataka kusimamisha upakuzi unaoendelea?"},{"$i":"gaia-grid-stop-download-action","$v":"Simamisha"},{"$i":"gaia-grid-resume-download-title","$v":"Anzisha Upakuzi Upya"},{"$i":"gaia-grid-resume-download-body","$v":["Unataka kupakua ",{"t":"idOrVar","v":"name"},"?"]},{"$i":"gaia-grid-resume-download-action","$v":"Pakua"},{"$i":"gaia-grid-cancel","$v":"Ghairi"},{"$i":"gaia-grid-toggle-collapsed","ariaLabel":"Kunjua kundi"},{"$i":"gaia-grid-toggle-expanded","ariaLabel":"Kunja kundi"},{"$i":"gaia-grid-enter-group-name","$v":"Ingiza jina la kundi"}]