[{"$i":"install-marketplace-title","$v":[{"t":"idOrVar","v":"title"},"-ஐ இன்ஸ்டால் செய்க"]},{"$i":"no-sites-description","$v":"இங்கு வெப்சைட்கள் இல்லை, தொடங்க, தேடல் பட்டனை அழுத்தவும்."},{"$i":"history","$v":"வரலாறு"},{"$i":"top-sites","$v":"சிறந்த சைட்-கள்"},{"$i":"top-sites-tab","$v":"சிறந்த சைட்-கள்"},{"$i":"history-tab","$v":"வரலாறு"},{"$i":"suggestions","ariaLabel":"பரிந்துரைகள்"},{"$i":"contacts","ariaLabel":"தொடர்புகள்"},{"$i":"places","ariaLabel":"இடங்கள்"},{"$i":"apps","ariaLabel":"ஆப்-கள்"},{"$i":"suggestions-settings-notice","innerHTML":{"$o":"Search suggestions are enabled. The characters you type when entering a search are being sent to the search engine. You can disable search suggestions in the device <span id=\"settings-link\">Settings</span>."}},{"$i":"ok","$v":"சரி"},{"$i":"search","$v":"தேடு"},{"$i":"go","$v":"செல்க"},{"$i":"options","$v":"விருப்பங்கள்"},{"$i":"pin","$v":"பின்"},{"$i":"unpin","$v":"அன்பின்"},{"$i":"remove","$v":"அகற்று"},{"$i":"cancel","$v":"ரத்து செய்க"},{"$i":"clear-all","$v":"அனைத்தையும் அழி"},{"$i":"clear","$v":"அழி"},{"$i":"add-to-home-screen","label":"ஹோம் ஸ்கிரீனில் சேர்"},{"$i":"offline-message","$v":"இன்டர்நெட் கனெக்ஷன் இல்லை"},{"$i":"pinnedSitesOverLimit","$v":"பின் செய்த வெப்சைட்-களின் அதிகபட்ச எண்ணிக்கையை நீங்கள் அடைந்துவிட்டீர்கள்."},{"$i":"confirm-to-unpin-website","$v":["வெப் சைட் ",{"t":"idOrVar","v":"title"},"-ஐ அன்-பின் செய்யவா?"]},{"$i":"confirm-to-clear-all-browsing-history","$v":"அனைத்து பிரௌசிங் வரலாற்றையும் அழிக்க வேண்டுமா?"},{"$i":"confirmation","$v":"உறுதிப்படுத்துதல்"},{"$i":"future","$v":"எதிர்காலம்"},{"$i":"today","$v":"இன்று"},{"$i":"yesterday","$v":"நேற்று"},{"$i":"last-7-days","$v":"கடந்த 7 நாட்கள்"},{"$i":"this-month","$v":"இந்த மாதம்"},{"$i":"last-6-months","$v":"கடந்த 6 மாதங்கள்"},{"$i":"older-than-6-months","$v":"6 மாதங்களுக்கும் முந்தையது"},{"$i":"month-0","$v":"ஜனவரி"},{"$i":"month-1","$v":"பிப்ரவரி"},{"$i":"month-2","$v":"மார்ச்"},{"$i":"month-3","$v":"ஏப்ரல்"},{"$i":"month-4","$v":"மே"},{"$i":"month-5","$v":"ஜூன்"},{"$i":"month-6","$v":"ஜூலை"},{"$i":"month-7","$v":"ஆகஸ்ட்"},{"$i":"month-8","$v":"செப்டம்பர்"},{"$i":"month-9","$v":"அக்டோபர்"},{"$i":"month-10","$v":"நவம்பர்"},{"$i":"month-11","$v":"டிசம்பர்"},{"$i":"search-header","$v":[{"t":"idOrVar","v":"provider"}," தேடல்"]},{"$i":"new-private-window","$v":"புதிய தனிப்பட்ட விண்டோ"},{"$i":"gaia-grid-stop-download-title","$v":[{"t":"idOrVar","v":"name"}," நிறுத்து"]},{"$i":"gaia-grid-stop-download-body","$v":"டவுன்லோட் ஆகுவதை நிறுத்த விரும்புகிறீர்களா?"},{"$i":"gaia-grid-stop-download-action","$v":"நிறுத்து"},{"$i":"gaia-grid-resume-download-title","$v":"டவுன்லோட்-ஐ மறுதொடக்கம் செய்க"},{"$i":"gaia-grid-resume-download-body","$v":["நீங்கள் ",{"t":"idOrVar","v":"name"},"-ஐ டவுன்லோட் செய்ய விரும்புகிறீர்களா?"]},{"$i":"gaia-grid-resume-download-action","$v":"டவுன்லோட்"},{"$i":"gaia-grid-cancel","$v":"ரத்து செய்க"},{"$i":"gaia-grid-toggle-collapsed","ariaLabel":"குழுவை விரி"},{"$i":"gaia-grid-toggle-expanded","ariaLabel":"குழுவைச் சுருக்கு"},{"$i":"gaia-grid-enter-group-name","$v":"குழுப் பெயரை உள்ளிடுக"}]