[{"$i":"install-marketplace-title","$v":["ติดตั้ง ",{"t":"idOrVar","v":"title"}]},{"$i":"no-sites-description","$v":"ไม่มีเว็บไซต์ที่นี่ กดปุ่มค้นหาเพื่อเริ่มต้น"},{"$i":"history","$v":"ประวัติ"},{"$i":"top-sites","$v":"ไซต์ยอดนิยม"},{"$i":"top-sites-tab","$v":"ไซต์ยอดนิยม"},{"$i":"history-tab","$v":"ประวัติ"},{"$i":"suggestions","ariaLabel":"การแนะนำ"},{"$i":"contacts","ariaLabel":"รายชื่อ"},{"$i":"places","ariaLabel":"สถานที่"},{"$i":"apps","ariaLabel":"แอป"},{"$i":"suggestions-settings-notice","innerHTML":{"$o":"คำแนะนำการค้นหาเปิดใช้งานแล้ว อักขระที่คุณพิมพ์เมื่อป้อนการค้นหาจะถูกส่งไปยังเครื่องมือการค้นหา คุณสามารถปิดใช้งานการแนะนำการค้นหาได้ใน อุปกรณ์ <span id=\"settings-link\">การตั้งค่า</span>."}},{"$i":"ok","$v":"ตกลง"},{"$i":"search","$v":"ค้นหา"},{"$i":"go","$v":"ไป"},{"$i":"options","$v":"ตัวเลือก"},{"$i":"pin","$v":"ปักหมุด"},{"$i":"unpin","$v":"ยกเลิกการปักหมุด"},{"$i":"remove","$v":"ลบ"},{"$i":"cancel","$v":"ยกเลิก"},{"$i":"clear-all","$v":"ล้างทั้งหมด"},{"$i":"clear","$v":"ล้าง"},{"$i":"add-to-home-screen","label":"เพิ่มไปยังหน้าจอเริ่มต้นแล้ว"},{"$i":"offline-message","$v":"ไม่มีการเชื่อมต่ออินเทอร์เน็ต"},{"$i":"pinnedSitesOverLimit","$v":"คุณมีจำนวนเว็บไซต์ที่ปักหมุนเกินจำนวนสุงสุดที่กำหนดให้แล้ว"},{"$i":"confirm-to-unpin-website","$v":["เลิกปักหมุดเว็บไซต์ ",{"t":"idOrVar","v":"title"}," หรือไม่"]},{"$i":"confirm-to-clear-all-browsing-history","$v":"ล้างประวัติเบราว์เซอร์ทั้งหมดหรือไม่"},{"$i":"confirmation","$v":"การยืนยัน"},{"$i":"future","$v":"อนาคต"},{"$i":"today","$v":"วันนี้"},{"$i":"yesterday","$v":"เมื่อวานนี้"},{"$i":"last-7-days","$v":"7 วันที่แล้ว"},{"$i":"this-month","$v":"เดือนนี้"},{"$i":"last-6-months","$v":"6 เดือนที่แล้ว"},{"$i":"older-than-6-months","$v":"นานกว่า 6 เดือน"},{"$i":"month-0","$v":"มกราคม"},{"$i":"month-1","$v":"กุมภาพันธ์"},{"$i":"month-2","$v":"มีนาคม"},{"$i":"month-3","$v":"เมษายน"},{"$i":"month-4","$v":"พฤษภาคม"},{"$i":"month-5","$v":"มิถุนายน"},{"$i":"month-6","$v":"กรกฎาคม"},{"$i":"month-7","$v":"สิงหาคม"},{"$i":"month-8","$v":"กันยายน"},{"$i":"month-9","$v":"ตุลาคม"},{"$i":"month-10","$v":"พฤศจิกายน"},{"$i":"month-11","$v":"ธันวาคม"},{"$i":"search-header","$v":["การค้นหา ",{"t":"idOrVar","v":"provider"}]},{"$i":"new-private-window","$v":"หน้าต่างส่วนตัวใหม่"},{"$i":"gaia-grid-stop-download-title","$v":["หยุด ",{"t":"idOrVar","v":"name"}]},{"$i":"gaia-grid-stop-download-body","$v":"คุณต้องการยกเลิกการดาวน์โหลดที่กำลังดำเนินการอยู่หรือไม่"},{"$i":"gaia-grid-stop-download-action","$v":"หยุด"},{"$i":"gaia-grid-resume-download-title","$v":"เริ่มการดาวน์โหลดใหม่"},{"$i":"gaia-grid-resume-download-body","$v":["คุณต้องการที่จะดาวน์โหลด ",{"t":"idOrVar","v":"name"}," หรือไม่"]},{"$i":"gaia-grid-resume-download-action","$v":"ดาวน์โหลด"},{"$i":"gaia-grid-cancel","$v":"ยกเลิก"},{"$i":"gaia-grid-toggle-collapsed","ariaLabel":"ขยายกลุ่ม"},{"$i":"gaia-grid-toggle-expanded","ariaLabel":"ยุบกลุ่ม"},{"$i":"gaia-grid-enter-group-name","$v":"ใส่ชื่อกลุ่ม"}]