[{"$i":"install-marketplace-title","$v":["安装 ",{"t":"idOrVar","v":"title"}]},{"$i":"no-sites-description","$v":"此处无网站。请按“搜索”以开始。"},{"$i":"history","$v":"历史记录"},{"$i":"top-sites","$v":"热门网站"},{"$i":"top-sites-tab","$v":"热门网站"},{"$i":"history-tab","$v":"历史记录"},{"$i":"suggestions","ariaLabel":"建议"},{"$i":"contacts","ariaLabel":"通讯录"},{"$i":"places","ariaLabel":"地点"},{"$i":"apps","ariaLabel":"应用"},{"$i":"suggestions-settings-notice","innerHTML":{"$o":"搜索建议已启用。您在输入搜索时键入的字符已发至搜索引擎。可在设备 <span id 中禁用搜索建议"}},{"$i":"ok","$v":"确定"},{"$i":"search","$v":"搜索"},{"$i":"go","$v":"开始"},{"$i":"options","$v":"选项"},{"$i":"pin","$v":"固定"},{"$i":"unpin","$v":"取消固定"},{"$i":"remove","$v":"删除"},{"$i":"cancel","$v":"取消"},{"$i":"clear-all","$v":"全部清除"},{"$i":"clear","$v":"清除"},{"$i":"add-to-home-screen","label":"添加到主屏幕"},{"$i":"offline-message","$v":"无网络连接"},{"$i":"pinnedSitesOverLimit","$v":"收藏网站数量已达到最大值。"},{"$i":"confirm-to-unpin-website","$v":["取消固定网站",{"t":"idOrVar","v":"title"},"？"]},{"$i":"confirm-to-clear-all-browsing-history","$v":"清除全部浏览记录？"},{"$i":"confirmation","$v":"确认"},{"$i":"future","$v":"未来"},{"$i":"today","$v":"今天"},{"$i":"yesterday","$v":"昨天"},{"$i":"last-7-days","$v":"过去 7 天"},{"$i":"this-month","$v":"本月"},{"$i":"last-6-months","$v":"过去 6 个月"},{"$i":"older-than-6-months","$v":"超过 6 个月"},{"$i":"month-0","$v":"一月"},{"$i":"month-1","$v":"二月"},{"$i":"month-2","$v":"三月"},{"$i":"month-3","$v":"四月"},{"$i":"month-4","$v":"五月"},{"$i":"month-5","$v":"六月"},{"$i":"month-6","$v":"七月"},{"$i":"month-7","$v":"八月"},{"$i":"month-8","$v":"九月"},{"$i":"month-9","$v":"十月"},{"$i":"month-10","$v":"十一月"},{"$i":"month-11","$v":"十二月"},{"$i":"search-header","$v":[{"t":"idOrVar","v":"provider"}," 搜索"]},{"$i":"new-private-window","$v":"新隐私窗口"},{"$i":"gaia-grid-stop-download-title","$v":["停止 ",{"t":"idOrVar","v":"name"}]},{"$i":"gaia-grid-stop-download-body","$v":"是否停止正在进行的下载？"},{"$i":"gaia-grid-stop-download-action","$v":"停止"},{"$i":"gaia-grid-resume-download-title","$v":"重启下载"},{"$i":"gaia-grid-resume-download-body","$v":["是否下载 ",{"t":"idOrVar","v":"name"},"？"]},{"$i":"gaia-grid-resume-download-action","$v":"下载"},{"$i":"gaia-grid-cancel","$v":"取消"},{"$i":"gaia-grid-toggle-collapsed","ariaLabel":"展开组"},{"$i":"gaia-grid-toggle-expanded","ariaLabel":"折叠组"},{"$i":"gaia-grid-enter-group-name","$v":"输入组名"}]