[{"$i":"install-marketplace-title","$v":["安裝",{"t":"idOrVar","v":"title"}]},{"$i":"no-sites-description","$v":"此處沒有網站，請按「搜尋」按鈕以開始。"},{"$i":"history","$v":"記錄"},{"$i":"top-sites","$v":"熱門網站"},{"$i":"top-sites-tab","$v":"熱門網站"},{"$i":"history-tab","$v":"記錄"},{"$i":"suggestions","ariaLabel":"建議"},{"$i":"contacts","ariaLabel":"連絡人"},{"$i":"places","ariaLabel":"地點"},{"$i":"apps","ariaLabel":"應用程式"},{"$i":"suggestions-settings-notice","innerHTML":{"$o":"搜尋建議已啟用。輸入搜尋時所輸入的字元將會傳送至搜尋引擎。您可以在裝置<span id=\"settings-link\">設定中停用搜尋建議</span>。"}},{"$i":"ok","$v":"確認"},{"$i":"search","$v":"搜尋"},{"$i":"go","$v":"開始"},{"$i":"options","$v":"選項"},{"$i":"pin","$v":"釘選"},{"$i":"unpin","$v":"取消釘選"},{"$i":"remove","$v":"移除"},{"$i":"cancel","$v":"取消"},{"$i":"clear-all","$v":"全部清除"},{"$i":"clear","$v":"清除"},{"$i":"add-to-home-screen","label":"增加至主螢幕"},{"$i":"offline-message","$v":"沒有網際網路連線"},{"$i":"pinnedSitesOverLimit","$v":"已達釘選網站數目上限。"},{"$i":"confirm-to-unpin-website","$v":["取消釘選網站",{"t":"idOrVar","v":"title"},"？"]},{"$i":"confirm-to-clear-all-browsing-history","$v":"清除所有瀏覽記錄？"},{"$i":"confirmation","$v":"確認"},{"$i":"future","$v":"未來"},{"$i":"today","$v":"今天"},{"$i":"yesterday","$v":"昨天"},{"$i":"last-7-days","$v":"過去7天"},{"$i":"this-month","$v":"本月"},{"$i":"last-6-months","$v":"過去6個月"},{"$i":"older-than-6-months","$v":"6個月之前"},{"$i":"month-0","$v":"一月"},{"$i":"month-1","$v":"二月"},{"$i":"month-2","$v":"三月"},{"$i":"month-3","$v":"四月"},{"$i":"month-4","$v":"五月"},{"$i":"month-5","$v":"六月"},{"$i":"month-6","$v":"七月"},{"$i":"month-7","$v":"八月"},{"$i":"month-8","$v":"九月"},{"$i":"month-9","$v":"十月"},{"$i":"month-10","$v":"十一月"},{"$i":"month-11","$v":"十二月"},{"$i":"search-header","$v":[{"t":"idOrVar","v":"provider"},"搜尋"]},{"$i":"new-private-window","$v":"新私人視窗"},{"$i":"gaia-grid-stop-download-title","$v":["停止",{"t":"idOrVar","v":"name"}]},{"$i":"gaia-grid-stop-download-body","$v":"是否要停止進行中的下載？"},{"$i":"gaia-grid-stop-download-action","$v":"停止"},{"$i":"gaia-grid-resume-download-title","$v":"重新啟動下載"},{"$i":"gaia-grid-resume-download-body","$v":["是否要下載",{"t":"idOrVar","v":"name"},"？"]},{"$i":"gaia-grid-resume-download-action","$v":"下載"},{"$i":"gaia-grid-cancel","$v":"取消"},{"$i":"gaia-grid-toggle-collapsed","ariaLabel":"展開群組"},{"$i":"gaia-grid-toggle-expanded","ariaLabel":"摺疊群組"},{"$i":"gaia-grid-enter-group-name","$v":"輸入群組名稱"}]