[{"$i":"wap-push-message","$v":"WAP Push mesajı"},{"$i":"ok","$v":"OK"},{"$i":"open","$v":"Açın"},{"$i":"close","$v":"Bağla"},{"$i":"accept","$v":"Qəbul et"},{"$i":"select","$v":"Seç"},{"$i":"quit","$v":"Çıx"},{"$i":"cancel","$v":"Ləğv et"},{"$i":"try-again","$v":"Yenidən cəhd et"},{"$i":"finish","$v":"Son"},{"$i":"sim","$v":["SIM ",{"t":"idOrVar","v":"id"}]},{"$i":"next","$v":"Növbəti"},{"$i":"done","$v":"Hazırdır"},{"$i":"link","$v":"Link"},{"$i":"dsds-notification-title-with-sim","$v":["(",{"t":"idOrVar","v":"sim"},") ",{"t":"idOrVar","v":"title"}]},{"$i":"message-expired","$v":"Bu mesajın müddəti bitdi"},{"$i":"cp-pin","placeholder":"PIN"},{"$i":"cp-message-received","$v":"Konfiqurasiya mesajı qəbul edildi"},{"$i":"cp-container-title","$v":"OTA Giriş Nöqtə Konfiqurasiy"},{"$i":"cp-accept-help","$v":"Konfiqurasiya mesajı qəbul edildi, davam etmək üçün \"Hazırdır\" seçiminə toxunun."},{"$i":"cp-accept-help-pin","$v":"PIN kodu sizə konfiqurasiya mesajı göndərən tərəfindən təmin edilməlidir."},{"$i":"cp-quit-app-confirm-dialog-message","$v":"Mesaj hələ emal olunmayıb. Həqiqətən çıxmaq istəyirsiniz?"},{"$i":"cp-install-configuration-confirm-dialog-message","$v":"Daşıyıcınız konfiqurasiya məlumatlarını sizinlə paylaşır. Onu quraşdırmaq istəyirsiniz?"},{"$i":"cp-auth-failure","$v":"PIN yanlışdır."},{"$i":"message-apn-saved","$v":"APN(lər) saxlandı."},{"$i":"message-invalid-doc","$v":"Aldığınız konfiqurasiya mesajı SIM kartınız tərəfindən təsdiqlənmədi və ona görə cihazınızı konfiqurasiya etmək üçün istifadə edilə bilməz."},{"$i":"message-auth-error","$v":"Mesaj göndərəni autentikasiya edərkən xəta baş verdi."},{"$i":"message-auth-unsupported-mechanism","$v":"Autentikasiya mexanizmi hələ dəstəklənmir."},{"$i":"message-no-apns","$v":"Aldığınız konfiqurasiya mesajının etibarlı APN-ləri yoxdur."},{"$i":"cp-pin-title","$v":"PIN"},{"$i":"cp-finish-verification","$v":"Yoxlama tamamlandı, quraşdırmanı davam etditmək istəyisinizsə, qəbul edin."},{"$i":"cp-pin-incorrect-title","$v":"Yanlış PIN"},{"$i":"cp-pin-incorrect","$v":"Daxil etdiyiniz PIN kod yanlışdır, yenidən cəhd edin."},{"$i":"apn-config-success","$v":"APN konfiqurasiya edildi."},{"$i":"apn-config-failure","$v":"APN kofiqurasiya xətası."}]