[{"$i":"wap-push-message","$v":"Пуш-паведамленне WAP"},{"$i":"ok","$v":"OK"},{"$i":"open","$v":"Адкрыць"},{"$i":"close","$v":"Закрыць"},{"$i":"accept","$v":"Прыняць"},{"$i":"select","$v":"Выбраць"},{"$i":"quit","$v":"Выйсці"},{"$i":"cancel","$v":"Скасаваць"},{"$i":"try-again","$v":"Паўтарыце спробу"},{"$i":"finish","$v":"Завершыць"},{"$i":"sim","$v":["SIM-картка ",{"t":"idOrVar","v":"id"}]},{"$i":"next","$v":"Далей"},{"$i":"done","$v":"Гатова"},{"$i":"link","$v":"Звязаць"},{"$i":"dsds-notification-title-with-sim","$v":["(",{"t":"idOrVar","v":"sim"},") ",{"t":"idOrVar","v":"title"}]},{"$i":"message-expired","$v":"Час дзе. гэта павед. сконч."},{"$i":"cp-pin","placeholder":"PIN"},{"$i":"cp-message-received","$v":"Атрымана паведамленне канфігурацыі"},{"$i":"cp-container-title","$v":"Канфіг кропкі дост. OTA"},{"$i":"cp-accept-help","$v":"Атрымана паведамленне канфігурацыі, каб працягнуць, дакраніцеся да \"Гатова\"."},{"$i":"cp-accept-help-pin","$v":"Той, хто адправіў вам паведамленне аб канфігурацыі, павінен быў дасі вам PIN-код."},{"$i":"cp-quit-app-confirm-dialog-message","$v":"Паведамленне пакуль не апрацавана. Напэўна выйсці?"},{"$i":"cp-install-configuration-confirm-dialog-message","$v":"Ваш аператар абагульвае з вамі інфармацыю аб канфігурацыі. Усталяваць яе?"},{"$i":"cp-auth-failure","$v":"PIN няправільны."},{"$i":"message-apn-saved","$v":"APN захавана(-ы)."},{"$i":"message-invalid-doc","$v":"Паведамленне аб канфігурацыі, якое вы атрымалі, немагчыма аўтэнтыфікаваць па вашай SIM-картцы і таму ім немагчыма карыстацца для канфігурацыі вашай прылады."},{"$i":"message-auth-error","$v":"Адбылася памылка падчас аўтэнтыфікацыі адпраўшчыка паведамлення."},{"$i":"message-auth-unsupported-mechanism","$v":"Механізм аўтэнтыфікацыі пакульне падтрымліваецца."},{"$i":"message-no-apns","$v":"Паведамленне аб канфігурацыі, якое вы атрымалі, не мае правільных APN."},{"$i":"cp-pin-title","$v":"PIN"},{"$i":"cp-finish-verification","$v":"Праверка завершаная, прыміце, калі хочаце працягнуць усталяванне."},{"$i":"cp-pin-incorrect-title","$v":"Няправільны PIN-код"},{"$i":"cp-pin-incorrect","$v":"Вы ўвялі няправільны PIN-код, паўтарыце спробу."},{"$i":"apn-config-success","$v":"Паспяховая канфігурацыя APN."},{"$i":"apn-config-failure","$v":"Памылка канфігурацыі APN."}]