[{"$i":"wap-push-message","$v":"WAP-Push-Mitteilung"},{"$i":"ok","$v":"OK"},{"$i":"open","$v":"Öffnen"},{"$i":"close","$v":"Schließen"},{"$i":"accept","$v":"Annehmen"},{"$i":"select","$v":"Auswählen"},{"$i":"quit","$v":"Verlassen"},{"$i":"cancel","$v":"Abbrechen"},{"$i":"try-again","$v":"Erneut versuchen"},{"$i":"finish","$v":"Fertigstellen"},{"$i":"sim","$v":["SIM ",{"t":"idOrVar","v":"id"}]},{"$i":"next","$v":"Weiter"},{"$i":"done","$v":"Fertig"},{"$i":"link","$v":"Link"},{"$i":"dsds-notification-title-with-sim","$v":["(",{"t":"idOrVar","v":"sim"},") ",{"t":"idOrVar","v":"title"}]},{"$i":"message-expired","$v":"Diese Mitteilung ist abgelaufen."},{"$i":"cp-pin","placeholder":"PIN"},{"$i":"cp-message-received","$v":"Konfigurationsmitteilung erhalten"},{"$i":"cp-container-title","$v":"OTA-Zugangspunkt-Konfiguration"},{"$i":"cp-accept-help","$v":"Konfigurationsmitteilung erhalten. Zum Fortsetzen „Fertig“ berühren."},{"$i":"cp-accept-help-pin","$v":"Der PIN-Code sollte von der Person bereitgestellt werden, die Ihnen die Konfigurationsmitteilung gesendet hat."},{"$i":"cp-quit-app-confirm-dialog-message","$v":"Die Mitteilung wurde noch nicht verarbeitet. Möchten Sie den Vorgang wirklich beenden?"},{"$i":"cp-install-configuration-confirm-dialog-message","$v":"Ihr Netzbetreiber stellt Ihnen die Konfigurationsinformationen zur Verfügung. Möchten Sie diese installieren?"},{"$i":"cp-auth-failure","$v":"Die PIN ist falsch."},{"$i":"message-apn-saved","$v":"APN(s) gespeichert."},{"$i":"message-invalid-doc","$v":"Die erhaltene Konfigurationsmitteilung kann nicht von dieser SIM Karte authentifiziert werden, Einstellungen können nicht konfiguriert werden."},{"$i":"message-auth-error","$v":"Bei der Authentifizierung des Absenders der Mitteilung ist ein Fehler aufgetreten."},{"$i":"message-auth-unsupported-mechanism","$v":"Der Authentifizierungsmechanismus wird noch nicht unterstützt."},{"$i":"message-no-apns","$v":"Die Konfigurationsmitteilung, die Sie erhalten haben, enthält keine gültigen APNs."},{"$i":"cp-pin-title","$v":"PIN"},{"$i":"cp-finish-verification","$v":"Die Überprüfung ist abgeschlossen. Stimmen Sie zu, dass die Installation fortgesetzt wird."},{"$i":"cp-pin-incorrect-title","$v":"Falsche PIN"},{"$i":"cp-pin-incorrect","$v":"Der eingegebene PIN-Code ist falsch. Versuchen Sie es erneut."},{"$i":"apn-config-success","$v":"APN-Konfiguration erfolgt"},{"$i":"apn-config-failure","$v":"APN-Konfiguration fehlgeschlagen"}]