[{"$i":"wap-push-message","$v":"Mensaje WAP"},{"$i":"ok","$v":"OK"},{"$i":"open","$v":"Abrir"},{"$i":"close","$v":"Cerrar"},{"$i":"accept","$v":"Aceptar"},{"$i":"select","$v":"Selec."},{"$i":"quit","$v":"Salir"},{"$i":"cancel","$v":"Cancelar"},{"$i":"try-again","$v":"Volver a intentarlo"},{"$i":"finish","$v":"Finalizar"},{"$i":"sim","$v":[{"t":"idOrVar","v":"id"}," de la SIM"]},{"$i":"next","$v":"Siguiente"},{"$i":"done","$v":"Listo"},{"$i":"link","$v":"Enlace"},{"$i":"dsds-notification-title-with-sim","$v":["(",{"t":"idOrVar","v":"sim"},") ",{"t":"idOrVar","v":"title"}]},{"$i":"message-expired","$v":"Este mensaje expiró"},{"$i":"cp-pin","placeholder":"PIN"},{"$i":"cp-message-received","$v":"Mensaje de configuración recibido"},{"$i":"cp-container-title","$v":"Configuración de punto de acceso OTA"},{"$i":"cp-accept-help","$v":"Mensaje de configuración recibido. Toque en “Aceptar” para continuar."},{"$i":"cp-accept-help-pin","$v":"Tendría que haber recibido el código PIN por parte de quien le mandó el mensaje de configuración."},{"$i":"cp-quit-app-confirm-dialog-message","$v":"El mensaje todavía no se ha procesado, ¿desea salir?"},{"$i":"cp-install-configuration-confirm-dialog-message","$v":"Su operador está compartiendo información de configuración con usted. ¿Desea instalarla?"},{"$i":"cp-auth-failure","$v":"El PIN no es correcto."},{"$i":"message-apn-saved","$v":"APN(s) guardada(s)."},{"$i":"message-invalid-doc","$v":"El mensaje de configuración que ha recibido no pudo ser autenticado por su tarjeta SIM, por lo que no puede utilizarse para configurar su dispositivo."},{"$i":"message-auth-error","$v":"Ocurrió un error al autenticar el emisor del mensaje."},{"$i":"message-auth-unsupported-mechanism","$v":"El mecanismo de autenticación no es compatible todavía."},{"$i":"message-no-apns","$v":"El mensaje de configuración que ha recibido no tiene APN válidas."},{"$i":"cp-pin-title","$v":"PIN"},{"$i":"cp-finish-verification","$v":"Se ha completado la verificación. Pulse Aceptar si desea continuar con la instalación."},{"$i":"cp-pin-incorrect-title","$v":"PIN incorrecto"},{"$i":"cp-pin-incorrect","$v":"El código PIN que ha ingresado no es correcto. Inténtelo de nuevo."},{"$i":"apn-config-success","$v":"El APN se ha configurado correctamente."},{"$i":"apn-config-failure","$v":"Se ha producido un error al configurar el APN."}]