[{"$i":"wap-push-message","$v":"WAP Push -viesti"},{"$i":"ok","$v":"OK"},{"$i":"open","$v":"Avaa"},{"$i":"close","$v":"Sulje"},{"$i":"accept","$v":"Hyväksy"},{"$i":"select","$v":"Valitse"},{"$i":"quit","$v":"Lopeta"},{"$i":"cancel","$v":"Peruuta"},{"$i":"try-again","$v":"Yritä uudelleen"},{"$i":"finish","$v":"Lopeta"},{"$i":"sim","$v":["SIM ",{"t":"idOrVar","v":"id"}]},{"$i":"next","$v":"Seuraava"},{"$i":"done","$v":"Valmis"},{"$i":"link","$v":"Linkki"},{"$i":"dsds-notification-title-with-sim","$v":["(",{"t":"idOrVar","v":"sim"},") ",{"t":"idOrVar","v":"title"}]},{"$i":"message-expired","$v":"Tämä viesti on erääntynyt"},{"$i":"cp-pin","placeholder":"PIN"},{"$i":"cp-message-received","$v":"Asetuksia sisältävä viesti vastaanotettu"},{"$i":"cp-container-title","$v":"OTA-liitäntäpisteen konfigurointi"},{"$i":"cp-accept-help","$v":"Asetuksia sisältävä viesti vastaanotettu. Jatka napauttamalla Valmis."},{"$i":"cp-accept-help-pin","$v":"Sinun olisi pitänyt saada PIN-koodi taholta, joka lähetti sinulle asetuksia sisältävän viestin."},{"$i":"cp-quit-app-confirm-dialog-message","$v":"Viestiä ei ole vielä käsitelty. Haluatko varmasti lopettaa?"},{"$i":"cp-install-configuration-confirm-dialog-message","$v":"Operaattorisi jakaa konfigurointitietoja kanssasi. Haluatko asentaa ne?"},{"$i":"cp-auth-failure","$v":"PIN ei ole oikein."},{"$i":"message-apn-saved","$v":"APN(:t) tallennettiin."},{"$i":"message-invalid-doc","$v":"Vastaanottamasi asetuksia sisältävän viestin todennus SIM-korttiisi ei onnistunut, ja siten sitä ei voida käyttää laitteesi asetusten määritykseen."},{"$i":"message-auth-error","$v":"Viestin lähettäjän todentamisessa tapahtui virhe."},{"$i":"message-auth-unsupported-mechanism","$v":"Todentamismekanismia ei tueta vielä."},{"$i":"message-no-apns","$v":"Vastaanottamassasi asetuksia sisältävässä viestissä ei ole hyväksyttäviä APN-tietoja."},{"$i":"cp-pin-title","$v":"PIN"},{"$i":"cp-finish-verification","$v":"Tarkistus valmis. Hyväksy, jos haluat jatkaa asennusta."},{"$i":"cp-pin-incorrect-title","$v":"Virheellinen PIN"},{"$i":"cp-pin-incorrect","$v":"Syöttämäsi PIN-koodi on väärä. Yritä uudelleen."},{"$i":"apn-config-success","$v":"APN-määritys onnistui."},{"$i":"apn-config-failure","$v":"APN-määritys epäonnistui."}]