[{"$i":"wap-push-message","$v":"WAP Push message"},{"$i":"ok","$v":"Sige"},{"$i":"open","$v":"Buksan"},{"$i":"close","$v":"Isara"},{"$i":"accept","$v":"Tanggapin"},{"$i":"select","$v":"Pumili"},{"$i":"quit","$v":"Mag-quit"},{"$i":"cancel","$v":"Kanselahin"},{"$i":"try-again","$v":"Subukang muli"},{"$i":"finish","$v":"Tapusin"},{"$i":"sim","$v":["SIM ",{"t":"idOrVar","v":"id"}]},{"$i":"next","$v":"Susunod"},{"$i":"done","$v":"Tapos na"},{"$i":"link","$v":"Link"},{"$i":"dsds-notification-title-with-sim","$v":["(",{"t":"idOrVar","v":"sim"},") ",{"t":"idOrVar","v":"title"}]},{"$i":"message-expired","$v":"Nag-expire na ang mensaheng ito"},{"$i":"cp-pin","placeholder":"PIN"},{"$i":"cp-message-received","$v":"Natanggap ang mensahe ng configuration"},{"$i":"cp-container-title","$v":"OTA Access Point Configuration"},{"$i":"cp-accept-help","$v":"Natanggap ang mensahe ng configuration, mag-tap sa “Tapos na” upang magpatuloy."},{"$i":"cp-accept-help-pin","$v":"Dapat ibinigay sa iyo ang PIN code ng sinumang nagpadala sa iyo ng mensahe ng configuration."},{"$i":"cp-quit-app-confirm-dialog-message","$v":"Hindi pa naipoproseso ang mensahe. Gusto mo ba talagang mag-quit?"},{"$i":"cp-install-configuration-confirm-dialog-message","$v":"Nagbabahagi sa iyo ng impormasyon ng configuration ang iyong carrier. Gusto mo ba itong i-install?"},{"$i":"cp-auth-failure","$v":"Mali ang PIN."},{"$i":"message-apn-saved","$v":"Na-save ang (mga) APN."},{"$i":"message-invalid-doc","$v":"Hindi ma-authenticate ang mensahe ng configuration na natanggap mo sa iyong SIM card, kung kaya hindi ito magagamit upang ma-configure ang iyong device."},{"$i":"message-auth-error","$v":"Nagkaroon ng error habang ino-authenticate ang nagpadala ng mensahe."},{"$i":"message-auth-unsupported-mechanism","$v":"Hindi pa sinusuportahan ang mekanismo ng authentication."},{"$i":"message-no-apns","$v":"Ang mensahe ng configuration na natanggap mo ay walang valid na APN."},{"$i":"cp-pin-title","$v":"PIN"},{"$i":"cp-finish-verification","$v":"Kumpleto na ang verification, tanggapin kung gusto mong ituloy ang pag-install."},{"$i":"cp-pin-incorrect-title","$v":"Mali ang PIN"},{"$i":"cp-pin-incorrect","$v":"Hindi tama ang PIN code na ipinasok mo, subukang muli."},{"$i":"apn-config-success","$v":"Na-configure ang APN."},{"$i":"apn-config-failure","$v":"Hindi na-configure ang APN."}]