[{"$i":"wap-push-message","$v":"WAP Push poruka"},{"$i":"ok","$v":"U redu"},{"$i":"open","$v":"Otvori"},{"$i":"close","$v":"Zatvori"},{"$i":"accept","$v":"Prihvati"},{"$i":"select","$v":"Odaberi"},{"$i":"quit","$v":"Odustani"},{"$i":"cancel","$v":"Poništi"},{"$i":"try-again","$v":"Pokušajte ponovno"},{"$i":"finish","$v":"Završi"},{"$i":"sim","$v":["SIM ",{"t":"idOrVar","v":"id"}]},{"$i":"next","$v":"Dalje"},{"$i":"done","$v":"Dovršeno"},{"$i":"link","$v":"Veza"},{"$i":"dsds-notification-title-with-sim","$v":["(",{"t":"idOrVar","v":"sim"},") ",{"t":"idOrVar","v":"title"}]},{"$i":"message-expired","$v":"Ova je poruka istekla"},{"$i":"cp-pin","placeholder":"PIN"},{"$i":"cp-message-received","$v":"Primljeni je poruka za konfiguraciju"},{"$i":"cp-container-title","$v":"Konf. OTA prist. točke"},{"$i":"cp-accept-help","$v":"Primljena je konfiguracijska poruka, dodirnite \"Gotovo\" da biste nastavili."},{"$i":"cp-accept-help-pin","$v":"Onaj tko vam je poslao konfiguracijsku poruku morao vam je poslati i PIN."},{"$i":"cp-quit-app-confirm-dialog-message","$v":"Poruka još nije obrađena. Želite li odustati?"},{"$i":"cp-install-configuration-confirm-dialog-message","$v":"Operater je s vama podijelio informacije za konfiguraciju. Želite li ih instalirati?"},{"$i":"cp-auth-failure","$v":"PIN nije točan."},{"$i":"message-apn-saved","$v":"APN(ovi) spremljen(i)."},{"$i":"message-invalid-doc","$v":"Konfiguracijskoj poruci koju ste primili ne može se provjeriti autentičnost na vašoj SIM kartici pa se ne može upotrijebiti za konfiguraciju uređaja."},{"$i":"message-auth-error","$v":"Pojavila se pogreška pri provjeri pošiljatelja poruke."},{"$i":"message-auth-unsupported-mechanism","$v":"Mehanizam provjere autentičnosti još nije podržan."},{"$i":"message-no-apns","$v":"Primljena konfiguracijska poruka nema valjane APN-ove."},{"$i":"cp-pin-title","$v":"PIN"},{"$i":"cp-finish-verification","$v":"Provjera valjanosti je dovršena, prihvatite ako želite nastaviti s instalacijom."},{"$i":"cp-pin-incorrect-title","$v":"Netočan PIN"},{"$i":"cp-pin-incorrect","$v":"PIN kod koji ste unijeli je neispravan, pok. pon."},{"$i":"apn-config-success","$v":"Konfig. APN-a je usp."},{"$i":"apn-config-failure","$v":"Konfig. APN-a nije usp."}]