[{"$i":"wap-push-message","$v":"WAP սեղմվ հղրդգր"},{"$i":"ok","$v":"OK"},{"$i":"open","$v":"Բացել"},{"$i":"close","$v":"Փակել"},{"$i":"accept","$v":"Ընդնել"},{"$i":"select","$v":"Ընտրել"},{"$i":"quit","$v":"Թողնել"},{"$i":"cancel","$v":"Չեղարկել"},{"$i":"try-again","$v":"Կրկին փորձել"},{"$i":"finish","$v":"Ավարտել"},{"$i":"sim","$v":["SIM ",{"t":"idOrVar","v":"id"}]},{"$i":"next","$v":"Հաջորդ"},{"$i":"done","$v":"Արված է"},{"$i":"link","$v":"Կցել"},{"$i":"dsds-notification-title-with-sim","$v":["(",{"t":"idOrVar","v":"sim"},") ",{"t":"idOrVar","v":"title"}]},{"$i":"message-expired","$v":"Հղրդն ժամկետը սպռվլ է"},{"$i":"cp-pin","placeholder":"PIN"},{"$i":"cp-message-received","$v":"Կազմաձևման հաղորդագրությունը ստացված է"},{"$i":"cp-container-title","$v":"OTA մտքի իրվնքի կետի կզմձևմ"},{"$i":"cp-accept-help","$v":"Կազմաձևման հաղորդագրությունը ստացված է, հպեք «Արված է» շարունակելու համար:"},{"$i":"cp-accept-help-pin","$v":"PIN կոդը պետք է տրամադրվեր ձեզ այն անձի կողմից, ով ուղարկել է ձեզ կազմաձևման հաղորդագրությունը:"},{"$i":"cp-quit-app-confirm-dialog-message","$v":"Հաղորդագրությունը դեռ չի գործարկվել: Իսկապես փակե՞լ:"},{"$i":"cp-install-configuration-confirm-dialog-message","$v":"Ձեր օպերատորը համօգտագործում է կազմաձևման տեղեկություններ ձեզ հետ: Տեղադրե՞լ այն:"},{"$i":"cp-auth-failure","$v":"PIN-ը սխալ է:"},{"$i":"message-apn-saved","$v":"APN(ները) պհվեցին:"},{"$i":"message-invalid-doc","$v":"Կազմաձևման հաղորդագրությունը, որը ստացել եք, հնարավոր չեղավ նույնականացնել ձեև SIM քարտի հետ, այդ պատճառով չի կարող օգտագործվել ձեր սարքը կազմաձևելու համար:"},{"$i":"message-auth-error","$v":"Հաղորդագրության ուղարկողի վավերացման ժամանակ առաջացավ սխալ:"},{"$i":"message-auth-unsupported-mechanism","$v":"Վավերացման մեխանիզմը դեռ չի աջակցվում:"},{"$i":"message-no-apns","$v":"Ձեր կողմից ստացված կազմաձևման հաղորդագրությունը չի պարունակում վավեր APN-եր:"},{"$i":"cp-pin-title","$v":"PIN"},{"$i":"cp-finish-verification","$v":"Ստուգումն ավարտված է։ Ընդունեք, եթե ուզում եք շարունակել տեղեդրումը։"},{"$i":"cp-pin-incorrect-title","$v":"Սխալ PIN"},{"$i":"cp-pin-incorrect","$v":"Մուտքագրված PIN կոդը սխալ է։ Կրկին փորձեք։"},{"$i":"apn-config-success","$v":"APN-ի կազմաձևումը հաջողվեց։"},{"$i":"apn-config-failure","$v":"APN-ի կազմաձևումը ձախողվեց։"}]