[{"$i":"wap-push-message","$v":"Pesan WAP Push"},{"$i":"ok","$v":"OK"},{"$i":"open","$v":"Buka"},{"$i":"close","$v":"Tutup"},{"$i":"accept","$v":"Setuju"},{"$i":"select","$v":"Pilih"},{"$i":"quit","$v":"Keluar"},{"$i":"cancel","$v":"Batal"},{"$i":"try-again","$v":"Coba lagi"},{"$i":"finish","$v":"Selesai"},{"$i":"sim","$v":["SIM ",{"t":"idOrVar","v":"id"}]},{"$i":"next","$v":"Berikutnya"},{"$i":"done","$v":"Selesai"},{"$i":"link","$v":"Tautan"},{"$i":"dsds-notification-title-with-sim","$v":["(",{"t":"idOrVar","v":"sim"},") ",{"t":"idOrVar","v":"title"}]},{"$i":"message-expired","$v":"Pesan ini telah kadaluarsa"},{"$i":"cp-pin","placeholder":"PIN"},{"$i":"cp-message-received","$v":"Pesan konfigurasi diterima"},{"$i":"cp-container-title","$v":"Konfigurasi Access Point OTA"},{"$i":"cp-accept-help","$v":"Pesan konfigurasi diterima, ketuk “Selesai” untuk melanjutkan."},{"$i":"cp-accept-help-pin","$v":"Kode PIN harus diberikan ke Anda oleh siapa pun yang mengirimkan pesan konfigurasi."},{"$i":"cp-quit-app-confirm-dialog-message","$v":"Pesan belum diproses, apakah Anda yakin ingin keluar?"},{"$i":"cp-install-configuration-confirm-dialog-message","$v":"Operator Anda membagikan informasi konfigurasi dengan Anda. Apakah Anda ingin memasangnya?"},{"$i":"cp-auth-failure","$v":"PIN tidak benar."},{"$i":"message-apn-saved","$v":"APN(s) disimpan."},{"$i":"message-invalid-doc","$v":"Pesan konfigurasi yang Anda dapatkan tidak dapat diautentikasi terhadap kartu SIM Anda, sehingga tidak dapat digunakan untuk mengonfigurasi perangkat Anda."},{"$i":"message-auth-error","$v":"Terjadi kesalahan selagi mengotentikasi pengirim pesan."},{"$i":"message-auth-unsupported-mechanism","$v":"Mekanisme otentikasi belum didukung."},{"$i":"message-no-apns","$v":"Pesan konfigurasi yang Anda dapatkan tidak memiliki APN valid."},{"$i":"cp-pin-title","$v":"PIN"},{"$i":"cp-finish-verification","$v":"Verifikasi selesai, harap terima jika Anda ingin melanjutkan penginstalan."},{"$i":"cp-pin-incorrect-title","$v":"PIN salah"},{"$i":"cp-pin-incorrect","$v":"Kode PIN yang dimasukkan salah, cobalah lagi."},{"$i":"apn-config-success","$v":"Konfigurasi APN berhasil."},{"$i":"apn-config-failure","$v":"Konfigurasi APN gagal."}]