[{"$i":"wap-push-message","$v":"WAP-vöktunarskilaboð"},{"$i":"ok","$v":"Í lagi"},{"$i":"open","$v":"Opna"},{"$i":"close","$v":"Loka"},{"$i":"accept","$v":"Samþykkja"},{"$i":"select","$v":"Velja"},{"$i":"quit","$v":"Hætta"},{"$i":"cancel","$v":"H. við"},{"$i":"try-again","$v":"Reyndu aftur"},{"$i":"finish","$v":"Ljúka"},{"$i":"sim","$v":["SIM-kort ",{"t":"idOrVar","v":"id"}]},{"$i":"next","$v":"Áfram"},{"$i":"done","$v":"Lokið"},{"$i":"link","$v":"Tengill"},{"$i":"dsds-notification-title-with-sim","$v":["(",{"t":"idOrVar","v":"sim"},") ",{"t":"idOrVar","v":"title"}]},{"$i":"message-expired","$v":"Skilaboðin eru útrunnin"},{"$i":"cp-pin","placeholder":"PIN-nr."},{"$i":"cp-message-received","$v":"Stillingaboð móttekin"},{"$i":"cp-container-title","$v":"Grunnst. á þráðl. aðgangsst."},{"$i":"cp-accept-help","$v":"Stillingaboð móttekin, pikkaðu á „Lokið“ til að halda áfram."},{"$i":"cp-accept-help-pin","$v":"Sá sem sendi þér stillingaboðin ætti að hafa gefið þér upp PIN-númerið."},{"$i":"cp-quit-app-confirm-dialog-message","$v":"Ekki er enn búið að vinna úr skilaboðunum. Viltu örugglega hætta?"},{"$i":"cp-install-configuration-confirm-dialog-message","$v":"Símafyrirt. deilir grunnstilluppl. með þér. Á að setja þær upp?"},{"$i":"cp-auth-failure","$v":"Ekki rétt PIN-nr."},{"$i":"message-apn-saved","$v":"Vistaður/ir aðgangsst."},{"$i":"message-invalid-doc","$v":"Ekki var hægt að sannvotta stillingaboðin sem þú fékkst við SIM-kortið og því er ekki hægt að nota þau til að grunnstilla tækið."},{"$i":"message-auth-error","$v":"Villa kom upp við að sannvotta sendanda skilaboðanna."},{"$i":"message-auth-unsupported-mechanism","$v":"Sannvottunarbúnaðurinn er ekki enn studdur."},{"$i":"message-no-apns","$v":"Stillingaboðin sem þú fékkst eru ekki með gilda aðgangsstaði."},{"$i":"cp-pin-title","$v":"PIN-nr."},{"$i":"cp-finish-verification","$v":"Staðfestingu er lokið. Ef halda á áfram með uppsetningu þarf að samþykkja."},{"$i":"cp-pin-incorrect-title","$v":"Rangt PIN-nr."},{"$i":"cp-pin-incorrect","$v":"PIN-kóðinn sem sleginn var inn er rangur. Reyndu aftur."},{"$i":"apn-config-success","$v":"Tókst að stilla aðgst."},{"$i":"apn-config-failure","$v":"Mistókst að stilla aðgst."}]