[{"$i":"wap-push-message","$v":"ຍູ້ຂໍ້ຄວາມ WAP"},{"$i":"ok","$v":"ຕົກລົງ"},{"$i":"open","$v":"ເປີດ"},{"$i":"close","$v":"ປິດ"},{"$i":"accept","$v":"ຍອມຮັບ"},{"$i":"select","$v":"ເລືອກ"},{"$i":"quit","$v":"ຍົກເລີກ"},{"$i":"cancel","$v":"ຍົກເລີກ"},{"$i":"try-again","$v":"ລອງອີກຄັ້ງ"},{"$i":"finish","$v":"ສຳເລັດ"},{"$i":"sim","$v":["SIM ",{"t":"idOrVar","v":"id"}]},{"$i":"next","$v":"ຂ້າງໜ້າ"},{"$i":"done","$v":"ສຳເລັດ"},{"$i":"link","$v":"ການເຊື່ອມໂຍງ"},{"$i":"dsds-notification-title-with-sim","$v":["(",{"t":"idOrVar","v":"sim"},") ",{"t":"idOrVar","v":"title"}]},{"$i":"message-expired","$v":"ຂໍ້ຄວາມນີ້ໝົດອາຍຸແລ້ວ"},{"$i":"cp-pin","placeholder":"PIN"},{"$i":"cp-message-received","$v":"ໄດ້ຮັບຂໍ້ຄວາມການກຳນົດຄ່າ ແລ້ວ"},{"$i":"cp-container-title","$v":"ການກຳນົດຈຸດເຊື່ອມຕໍ່ OTA"},{"$i":"cp-accept-help","$v":"ໄດ້ຮັບຂໍ້ຄວາມການຕັ້ງຄ່າ, ກະລຸນາແຕະທີ່ “Done” ເພື່ອສືບຕໍ່."},{"$i":"cp-accept-help-pin","$v":"ລະຫັດ PIN ຄວນຈະຖືກ ສະໜອງໃຫ້ທ່ານໂດຍຜູ້ໃດ ໜຶ່ງທີ່ສົ່ງຂໍ້ຄວາມການ ຕັ້ງຄ່າໃຫ້ທ່ານ."},{"$i":"cp-quit-app-confirm-dialog-message","$v":"ຂໍ້ຄວາມຍັງບໍ່ທັນໄດ້ຖືກ ດຳເນີນການເທື່ອ. ທ່ານຕ້ອງ ການທີ່ຈະອອກບໍ?"},{"$i":"cp-install-configuration-confirm-dialog-message","$v":"ຜູ້ໃຫ້ບໍລິການກຳລັງແບ່ງ ປັນຂໍ້ມູນການກຳນົດຄ່າກັບ ທ່ານ. ທ່ານຕ້ອງການຕິດຕັ້ງ ຫຼືບໍ?"},{"$i":"cp-auth-failure","$v":"ລະຫັດ PIN ບໍ່ຖືກຕ້ອງ."},{"$i":"message-apn-saved","$v":"ບັນທຶກ APN(s) ແລ້ວ."},{"$i":"message-invalid-doc","$v":"ການກໍານົດຄ່າຂໍ້ຄວາມທີ່ທ່ານ ໄດ້ຮັບບໍ່ສາມາດຖືກກວດ ສອບກັບSIM ກາດ ຂອງທ່ານ ແລະ ດັ່ງນັ້ນຈຶ່ງບໍ່ຖືກນໍາໃຊ້ ເພື່ອກຳນົດຄ່າອຸປະກອນ ຂອງທ່ານ."},{"$i":"message-auth-error","$v":"ມີຄວາມຜິດພາດໃນຂະນະ ກຳລັງກວດສອບຜູ້ສົ່ງຂໍ້ ຄວາມ"},{"$i":"message-auth-unsupported-mechanism","$v":"ກົນໄກການກວດສອບຍັງບໍ່ໄດ້ ຮັບການສະໜັບສະໜູນເທື່ອ"},{"$i":"message-no-apns","$v":"ການກໍານົດຄ່າຂໍ້ຄວາມທີ່ ທ່ານໄດ້ຮັບບໍ່ມີ APNs ທີ່ຖືກຕ້ອງ."},{"$i":"cp-pin-title","$v":"PIN"},{"$i":"cp-finish-verification","$v":"ການຢືນຢັນໄດ້ສຳເລັດ, ກະລຸນາຍອມຮັບຖ້າທ່ານຕ້ອງການສືບຕໍ່ການຕິດຕັ້ງ."},{"$i":"cp-pin-incorrect-title","$v":"ລະຫັດ PIN ບໍ່ຖືກຕ້ອງ"},{"$i":"cp-pin-incorrect","$v":"ລະຫັດ PIN ທີ່ທ່ານປ້ອນແມ່ນບໍ່ຖືກຕ້ອງ, ກະລຸນາລອງອີກຄັ້ງ."},{"$i":"apn-config-success","$v":"ການກຳນົດຄ່າ APN ສຳເລັດ."},{"$i":"apn-config-failure","$v":"ການກຳນົດຄ່າ APN ລົ້ມເຫຼວ."}]