[{"$i":"wap-push-message","$v":"WAP greitieji pranešimai"},{"$i":"ok","$v":"GERAI"},{"$i":"open","$v":"Atidaryti"},{"$i":"close","$v":"Užd."},{"$i":"accept","$v":"Priimti"},{"$i":"select","$v":"Rinktis"},{"$i":"quit","$v":"Baig."},{"$i":"cancel","$v":"Atš."},{"$i":"try-again","$v":"Bandykite dar kartą"},{"$i":"finish","$v":"Baigti"},{"$i":"sim","$v":["SIM ",{"t":"idOrVar","v":"id"}]},{"$i":"next","$v":"Kit."},{"$i":"done","$v":"Atl."},{"$i":"link","$v":"Sus."},{"$i":"dsds-notification-title-with-sim","$v":["(",{"t":"idOrVar","v":"sim"},") ",{"t":"idOrVar","v":"title"}]},{"$i":"message-expired","$v":"Šis pranešimas nebegalioja"},{"$i":"cp-pin","placeholder":"PIN"},{"$i":"cp-message-received","$v":"Gautas sąrankos pranešimas"},{"$i":"cp-container-title","$v":"OTA prieigos taško konfigūrav."},{"$i":"cp-accept-help","$v":"Gautas sąrankos pranešim. Bakst. „Atlikta“, kad tęstumėte."},{"$i":"cp-accept-help-pin","$v":"PIN kodą turėjo pateikti sąrankos pranešimo siuntėjas."},{"$i":"cp-quit-app-confirm-dialog-message","$v":"Pranešimas dar neapdorotas. Ar tikrai norite išeiti?"},{"$i":"cp-install-configuration-confirm-dialog-message","$v":"Jūsų operatorius su jumis dalijasi konfigūracijos informacija. Ar norite įdiegti?"},{"$i":"cp-auth-failure","$v":"Neteisingas PIN."},{"$i":"message-apn-saved","$v":"APN išsaugot."},{"$i":"message-invalid-doc","$v":"Jūsų SIM kortelė neatpažino gauto sąrankos pranešimo, todėl jo negalima naudoti prietaisui konfigūruoti."},{"$i":"message-auth-error","$v":"Nustatant pranešimo siuntėjo tapatybę įvyko klaida."},{"$i":"message-auth-unsupported-mechanism","$v":"Atpažinimo mechanizmas dar nepalaikomas."},{"$i":"message-no-apns","$v":"Gautame sąrankos pranešime nėra galiojančių APN."},{"$i":"cp-pin-title","$v":"PIN"},{"$i":"cp-finish-verification","$v":"Tikrinimas baigtas. Sutikite, jei norite tęsti diegimą."},{"$i":"cp-pin-incorrect-title","$v":"Neteisin. PIN"},{"$i":"cp-pin-incorrect","$v":"Įvestas neteisingas PIN kodas. Bandykite dar kartą."},{"$i":"apn-config-success","$v":"APN konfig. sėkminga."},{"$i":"apn-config-failure","$v":"Nepav. sukonfig. APN."}]