[{"$i":"wap-push-message","$v":"WAP Push порака"},{"$i":"ok","$v":"OK"},{"$i":"open","$v":"Отвори"},{"$i":"close","$v":"Затвори"},{"$i":"accept","$v":"Прифати"},{"$i":"select","$v":"Изберете"},{"$i":"quit","$v":"Затвори"},{"$i":"cancel","$v":"Откажи"},{"$i":"try-again","$v":"Обидете се повторно"},{"$i":"finish","$v":"Крај"},{"$i":"sim","$v":["SIM ",{"t":"idOrVar","v":"id"}]},{"$i":"next","$v":"Следно"},{"$i":"done","$v":"Готово"},{"$i":"link","$v":"Врска"},{"$i":"dsds-notification-title-with-sim","$v":["(",{"t":"idOrVar","v":"sim"},") ",{"t":"idOrVar","v":"title"}]},{"$i":"message-expired","$v":"Оваа порака истекла."},{"$i":"cp-pin","placeholder":"PIN"},{"$i":"cp-message-received","$v":"Примена порака за конфигурација"},{"$i":"cp-container-title","$v":"OTA Конф. на точ. за дос."},{"$i":"cp-accept-help","$v":"Примена порака за конфиг., допрете „Готово“ за да продолжите."},{"$i":"cp-accept-help-pin","$v":"PIN кодот треба да ви биде даден од тој што ви ја испратил пораката за конфигурација."},{"$i":"cp-quit-app-confirm-dialog-message","$v":"Пораката сѐ уште не е обработена. Навистина ли сакате да ја откажете?"},{"$i":"cp-install-configuration-confirm-dialog-message","$v":"Вашиот оператор споделува со вас информација за конфигурирање. Сакате ли да ја инсталирате?"},{"$i":"cp-auth-failure","$v":"PIN-от не е точен."},{"$i":"message-apn-saved","$v":"APN се зачувани."},{"$i":"message-invalid-doc","$v":"Добиената порака за конфиг. не може да биде потврдена врз основа на ваш. SIM-карт. и затоа не може да се користи за конфиг. на ваш. уред."},{"$i":"message-auth-error","$v":"Имаше грешка при автентицирањето на испраќачот на пораката."},{"$i":"message-auth-unsupported-mechanism","$v":"Механизмот за автентикација сѐ уште не се поддржува."},{"$i":"message-no-apns","$v":"Добиената порака за конфиг. нема валиден APN."},{"$i":"cp-pin-title","$v":"PIN"},{"$i":"cp-finish-verification","$v":"Верификацијата е завршена, прифатете ја доколку сакате да продолжите со инсталација."},{"$i":"cp-pin-incorrect-title","$v":"Погрешен PIN"},{"$i":"cp-pin-incorrect","$v":"PIN кодот што го внесовте е погрешен, ве молиме обидете се повторно."},{"$i":"apn-config-success","$v":"Успешно конфигурирање на APN."},{"$i":"apn-config-failure","$v":"Неуспешно конфигурирање на APN."}]