[{"$i":"wap-push-message","$v":"Mesej tolakan WAP"},{"$i":"ok","$v":"OK"},{"$i":"open","$v":"Buka"},{"$i":"close","$v":"Tutup"},{"$i":"accept","$v":"Terima"},{"$i":"select","$v":"Pilih"},{"$i":"quit","$v":"Keluar"},{"$i":"cancel","$v":"Batal"},{"$i":"try-again","$v":"Cuba lagi"},{"$i":"finish","$v":"Selesai"},{"$i":"sim","$v":["SIM ",{"t":"idOrVar","v":"id"}]},{"$i":"next","$v":"Seterusnya"},{"$i":"done","$v":"Selesai"},{"$i":"link","$v":"Pautan"},{"$i":"dsds-notification-title-with-sim","$v":["(",{"t":"idOrVar","v":"sim"},") ",{"t":"idOrVar","v":"title"}]},{"$i":"message-expired","$v":"Mesej ini sudah tamat tempoh"},{"$i":"cp-pin","placeholder":"PIN"},{"$i":"cp-message-received","$v":"Mesej konfigurasi diterima"},{"$i":"cp-container-title","$v":"Konfigurasi Titik Akses OTA"},{"$i":"cp-accept-help","$v":"Mesej konfigurasi diterima, ketik “Selesai” untuk meneruskan."},{"$i":"cp-accept-help-pin","$v":"Kod PIN sepatutnya diberi kepada anda oleh sesiapa yang menghantar mesej konfigurasi kepada anda."},{"$i":"cp-quit-app-confirm-dialog-message","$v":"Mesej masih belum diproses, adakah anda benar-benar ingin keluar?"},{"$i":"cp-install-configuration-confirm-dialog-message","$v":"Pembawa anda berkongsi maklumat konfigurasi dengan anda. Adakah anda ingin memasangnya?"},{"$i":"cp-auth-failure","$v":"PIN salah."},{"$i":"message-apn-saved","$v":"APN disimpan."},{"$i":"message-invalid-doc","$v":"Mesej konfigurasi yang anda terima tidak dapat disahkan dengan kad SIM anda, jadi tidak boleh digunakan untuk mengkonfigurasikan peranti anda."},{"$i":"message-auth-error","$v":"Terdapat ralat sewaktu mengesahkan penghantar mesej."},{"$i":"message-auth-unsupported-mechanism","$v":"Mekanisme pengesahan belum disokong."},{"$i":"message-no-apns","$v":"Mesej konfigurasi yang anda terima tidak mempunyai APN yang sah."},{"$i":"cp-pin-title","$v":"PIN"},{"$i":"cp-finish-verification","$v":"Pengesahan selesai, sila terima jika anda ingin meneruskan pemasangan."},{"$i":"cp-pin-incorrect-title","$v":"PIN salah"},{"$i":"cp-pin-incorrect","$v":"Kod PIN yang anda masukkan salah, sila cuba lagi."},{"$i":"apn-config-success","$v":"Berjaya mengkonfigurasi APN."},{"$i":"apn-config-failure","$v":"Gagal mengkonfigurasi APN."}]