[{"$i":"wap-push-message","$v":"WAP-push-melding"},{"$i":"ok","$v":"OK"},{"$i":"open","$v":"Åpne"},{"$i":"close","$v":"Lukk"},{"$i":"accept","$v":"Godta"},{"$i":"select","$v":"Velg"},{"$i":"quit","$v":"Avslutt"},{"$i":"cancel","$v":"Avbryt"},{"$i":"try-again","$v":"Prøv igjen"},{"$i":"finish","$v":"Fullfør"},{"$i":"sim","$v":["SIM ",{"t":"idOrVar","v":"id"}]},{"$i":"next","$v":"Neste"},{"$i":"done","$v":"Fullført"},{"$i":"link","$v":"Kobling"},{"$i":"dsds-notification-title-with-sim","$v":["(",{"t":"idOrVar","v":"sim"},") ",{"t":"idOrVar","v":"title"}]},{"$i":"message-expired","$v":"Denne meldingen er utløpt"},{"$i":"cp-pin","placeholder":"PIN"},{"$i":"cp-message-received","$v":"Konfigurasjonsmelding mottatt"},{"$i":"cp-container-title","$v":"OTA-tilgangspunktkonfigurasjon"},{"$i":"cp-accept-help","$v":"Konfigurasjonsmelding mottatt, trykk på «Ferdig» for å fortsette."},{"$i":"cp-accept-help-pin","$v":"PIN-koden skal ha blitt levert til deg av den som sendte deg konfigurasjonsmeldingen."},{"$i":"cp-quit-app-confirm-dialog-message","$v":"Meldingen har ikke blitt behandlet enda. Vil du avslutte allikevel?"},{"$i":"cp-install-configuration-confirm-dialog-message","$v":"Leverandøren din deler konfigurasjonsinformasjon med deg. Vil du installere den?"},{"$i":"cp-auth-failure","$v":"PIN er feil."},{"$i":"message-apn-saved","$v":"APN(-er) lagret."},{"$i":"message-invalid-doc","$v":"Konfigurasjonsmeldingen som du mottok kan ikke bekreftes mot SIM-kortet og kan derfor ikke brukes til å konfigurere enheten."},{"$i":"message-auth-error","$v":"Det oppstod et problem ved autentiseringen av senderen av meldingen."},{"$i":"message-auth-unsupported-mechanism","$v":"Godkjenningsmekanismen støttes ikke før øyeblikket."},{"$i":"message-no-apns","$v":"Konfigurasjonsmeldingen som du mottok har ikke gyldige APN-er."},{"$i":"cp-pin-title","$v":"PIN-kode"},{"$i":"cp-finish-verification","$v":"Verifiseringen er fullført, godta hvis du vil fortsette installasjonen."},{"$i":"cp-pin-incorrect-title","$v":"Feil PIN"},{"$i":"cp-pin-incorrect","$v":"PIN-koden er feil, prøv igjen."},{"$i":"apn-config-success","$v":"APN-konfigurasjon utført."},{"$i":"apn-config-failure","$v":"APN-konfigurasjonsfeil."}]