[{"$i":"wap-push-message","$v":"WAP पुश सन्देश"},{"$i":"ok","$v":"ठीक छ"},{"$i":"open","$v":"खोल्नुहोस्"},{"$i":"close","$v":"बन्द गर्नुहोस्"},{"$i":"accept","$v":"स्वीकार्नुहोस्"},{"$i":"select","$v":"चयन गर्नुहोस्"},{"$i":"quit","$v":"छोड्नुहोस्"},{"$i":"cancel","$v":"रद्द गर्नुहोस्"},{"$i":"try-again","$v":"फेरि प्रयास गर्नुहोस्"},{"$i":"finish","$v":"समाप्त गर्नुहोस्"},{"$i":"sim","$v":["SIM ",{"t":"idOrVar","v":"id"}]},{"$i":"next","$v":"अर्को"},{"$i":"done","$v":"भयो"},{"$i":"link","$v":"लिंक"},{"$i":"dsds-notification-title-with-sim","$v":["(",{"t":"idOrVar","v":"sim"},") ",{"t":"idOrVar","v":"title"}]},{"$i":"message-expired","$v":"यो सन्देश मिति समाप्त भएको छ"},{"$i":"cp-pin","placeholder":"पिन"},{"$i":"cp-message-received","$v":"कन्फिगरेशन सन्देश प्राप्त भयो"},{"$i":"cp-container-title","$v":"OTA पहुँच विन्दु कन्फिगरेशन"},{"$i":"cp-accept-help","$v":"कन्फिगरेसन सन्देश प्राप्त भयो, पुन: सुचारू गर्न “भयो” मा ट्याप गर्नुहोस्।"},{"$i":"cp-accept-help-pin","$v":"जस्ले तिमीलाई कन्फिगरेसन सन्देश पठाइ दिएको थियो, उसलेनै तिमीलाई PIN कोड पनि उपलब्ध गराइ दिएको छ।"},{"$i":"cp-quit-app-confirm-dialog-message","$v":"यो सन्देश चाँढै प्रक्रिया हुन सकेन, तपाईंले यसलाई साच्चै नै बन्द गर्न चाहनुहुन्छ?"},{"$i":"cp-install-configuration-confirm-dialog-message","$v":"तपाईंको वाहकले तपाईंसँग कन्फिगरेसन जानकारी साझा गर्दै हुनुहुन्छ। तपाईं यसलाई स्थापना गर्न चाहनुहुन्छ?"},{"$i":"cp-auth-failure","$v":"PIN सही छैन।"},{"$i":"message-apn-saved","$v":"APN(हरू) बचत गरियो"},{"$i":"message-invalid-doc","$v":"तपाईंले प्राप्त गर्नुभएको कन्फिगरेशन सन्देश तपाईंको SIM कार्डका लागि प्रमाणित हुन सकेन, त्यसैले तपाईंको यन्त्र कन्फिगर गर्नका लागि प्रयोग गर्न सकिंदैन।"},{"$i":"message-auth-error","$v":"सन्देश पठाउनेलाई प्रमाणिकरण गर्दा त्रुटि भयो।"},{"$i":"message-auth-unsupported-mechanism","$v":"प्रमाणीकरणको प्रक्रिया समर्थित छैन।"},{"$i":"message-no-apns","$v":"तपाईंले प्राप्त गर्नुभएको कन्फिगरेशन सन्देश APNहरू सँग मान्य छैन।"},{"$i":"cp-pin-title","$v":"पिन"},{"$i":"cp-finish-verification","$v":"प्रमाणीकरण पूरा भयो, तपाईंले स्थापनालाई जारी राख्न चाहनुहुन्छ भने कृपया स्वीकार गर्नुहोस्।"},{"$i":"cp-pin-incorrect-title","$v":"गलत PIN"},{"$i":"cp-pin-incorrect","$v":"तपाइँले प्रविष्ट गर्नुभएको प्रमाणीकरण कोड गलत छ। कृपया फेरि प्रयास गर्नुहोस्।"},{"$i":"apn-config-success","$v":"ए.पि.एन कन्फिगर सफल भयो।"},{"$i":"apn-config-failure","$v":"ए.पि.एन कन्फिगर असफल भयो।"}]