[{"$i":"wap-push-message","$v":"د WAP پوش پيغام"},{"$i":"ok","$v":"اوکی"},{"$i":"open","$v":"خلاص"},{"$i":"close","$v":"بندول"},{"$i":"accept","$v":"قبول"},{"$i":"select","$v":"انتخاب"},{"$i":"quit","$v":"پریښودل"},{"$i":"cancel","$v":"کول"},{"$i":"try-again","$v":"بیا هڅه وکړئ."},{"$i":"finish","$v":"پای ته رسول"},{"$i":"sim","$v":["سیم ",{"t":"idOrVar","v":"id"}]},{"$i":"next","$v":"Next"},{"$i":"done","$v":"وشو"},{"$i":"link","$v":"اړیکه"},{"$i":"dsds-notification-title-with-sim","$v":["(",{"t":"idOrVar","v":"sim"},") ",{"t":"idOrVar","v":"title"}]},{"$i":"message-expired","$v":"ددې پیغام وخت پوره شوی"},{"$i":"cp-pin","placeholder":"PIN"},{"$i":"cp-message-received","$v":"د تنظیم پیغام ترلاسه شو"},{"$i":"cp-container-title","$v":"د OTA د لاسري د ځای تنظیم"},{"$i":"cp-accept-help","$v":"د تنظیم پیغام ترلاسه شو، په “انجام” د ادامې لپاره په کلک وکړئ."},{"$i":"cp-accept-help-pin","$v":"د PIN کوډ باید هغه کس ته چې تاسو ته يي پیغام استولی باید ورکړل شوی وای."},{"$i":"cp-quit-app-confirm-dialog-message","$v":"پیغام تر اوسه پروسس شوی نه دی. ایا رښتیا غواړئ ترک کړئ؟"},{"$i":"cp-install-configuration-confirm-dialog-message","$v":"ستاسو حامل، ستاسو سره د تنظیماتو معلومات شریکوي. ایا غواړئ انسټال يي کړئ؟"},{"$i":"cp-auth-failure","$v":"PIN درست ندی"},{"$i":"message-apn-saved","$v":"ای پي این ثبت شو"},{"$i":"message-invalid-doc","$v":"د تنظیمات پیغام چې تاسو ترلاسه کړئ، ستاسو د سیم کارډ په مقابل کې تصدیق کیدای نشي او له همدې کبله ستاسو د الي د تنظیم لپاره کاریدلی نشي."},{"$i":"message-auth-error","$v":"د پیغام د لیږونکې د تصدیق پر مهال یوه ستونزه رامنځته شوه."},{"$i":"message-auth-unsupported-mechanism","$v":"د تصدیث میکانیزم تر اسه تائید شوی ندی."},{"$i":"message-no-apns","$v":"د تنظیمات پیغام چې تاسو ترلاسه کړئ باوري APNs نه لري."},{"$i":"cp-pin-title","$v":"PIN"},{"$i":"cp-finish-verification","$v":"تصدیق بشپړ شو، که انسټالیشن مخکي وړل غواړئ نو قبول يي کړئ."},{"$i":"cp-pin-incorrect-title","$v":"غلط‏ ‏PIN"},{"$i":"cp-pin-incorrect","$v":"کوم‏ ‏PIN‏ کوډ چې تاسو داخل کړی غلط دی، بیا هڅه وکړئ."},{"$i":"apn-config-success","$v":"‏APN‏ اعیارول بریالی شو."},{"$i":"apn-config-failure","$v":"‏APN‏ اعیارول ناکام شو."}]