[{"$i":"wap-push-message","$v":"Mesaj WAP Push"},{"$i":"ok","$v":"OK"},{"$i":"open","$v":"Deschidere"},{"$i":"close","$v":"Închidere"},{"$i":"accept","$v":"Acceptare"},{"$i":"select","$v":"Selectare"},{"$i":"quit","$v":"Ieșire"},{"$i":"cancel","$v":"Anulare"},{"$i":"try-again","$v":"Încercați din nou"},{"$i":"finish","$v":"Finalizare"},{"$i":"sim","$v":["SIM ",{"t":"idOrVar","v":"id"}]},{"$i":"next","$v":"Înainte"},{"$i":"done","$v":"Gata"},{"$i":"link","$v":"Conectare"},{"$i":"dsds-notification-title-with-sim","$v":["(",{"t":"idOrVar","v":"sim"},") ",{"t":"idOrVar","v":"title"}]},{"$i":"message-expired","$v":"Acest mesaj a expirat"},{"$i":"cp-pin","placeholder":"PIN"},{"$i":"cp-message-received","$v":"Mesaj de configurare primit"},{"$i":"cp-container-title","$v":"Configurare punct de acces OTA"},{"$i":"cp-accept-help","$v":"Mesaj de configurare primit. Atingeți „Gata” pentru a continua."},{"$i":"cp-accept-help-pin","$v":"Codul PIN trebuie să vă fi fost furnizat de cine v-a trimis mesajul de configurare."},{"$i":"cp-quit-app-confirm-dialog-message","$v":"Mesajul nu a fost încă procesat. Sigur doriți să ieșiți?"},{"$i":"cp-install-configuration-confirm-dialog-message","$v":"Operatorul dvs. vă transmite informațiile de configurare. Doriți să le instalați?"},{"$i":"cp-auth-failure","$v":"Codul PIN nu este corect."},{"$i":"message-apn-saved","$v":"Setările APN au fost salvate."},{"$i":"message-invalid-doc","$v":"Mesajul de configurare primit nu a putut fi autentificat pe baza cartelei dvs. SIM și nu poate fi folosit pentru configurarea dispozitivului dvs."},{"$i":"message-auth-error","$v":"A apărut o eroare în timpul autentificării expeditorului mesajului."},{"$i":"message-auth-unsupported-mechanism","$v":"Mecanismul de autentificare nu este acceptat momentan."},{"$i":"message-no-apns","$v":"Mesajul de configurare pe care l-ați primit nu are setări APN corecte."},{"$i":"cp-pin-title","$v":"PIN"},{"$i":"cp-finish-verification","$v":"Verificarea este finalizată. Acceptați dacă doriți să continuați instalarea."},{"$i":"cp-pin-incorrect-title","$v":"Cod PIN incorect"},{"$i":"cp-pin-incorrect","$v":"Codul PIN introdus este incorect. Încercați din nou."},{"$i":"apn-config-success","$v":"Configurarea APN a reușit."},{"$i":"apn-config-failure","$v":"Configurarea APN nu a reușit."}]