[{"$i":"wap-push-message","$v":"WAP Push сообщение"},{"$i":"ok","$v":"OK"},{"$i":"open","$v":"Открыть"},{"$i":"close","$v":"Закрыть"},{"$i":"accept","$v":"Принять"},{"$i":"select","$v":"Выбрать"},{"$i":"quit","$v":"Выход"},{"$i":"cancel","$v":"Отмена"},{"$i":"try-again","$v":"Повторите попытку"},{"$i":"finish","$v":"Готово"},{"$i":"sim","$v":["SIM ",{"t":"idOrVar","v":"id"}]},{"$i":"next","$v":"Далее"},{"$i":"done","$v":"Готово"},{"$i":"link","$v":"Ссылка"},{"$i":"dsds-notification-title-with-sim","$v":["(",{"t":"idOrVar","v":"sim"},") ",{"t":"idOrVar","v":"title"}]},{"$i":"message-expired","$v":"Срок действия сообщения истек"},{"$i":"cp-pin","placeholder":"PIN"},{"$i":"cp-message-received","$v":"Получено сообщение с настройками"},{"$i":"cp-container-title","$v":"Беспроводная настройка точки доступа"},{"$i":"cp-accept-help","$v":"Получено сообщение с настройками, нажмите «Готово», чтобы продолжить."},{"$i":"cp-accept-help-pin","$v":"PIN-код должен был быть предоставлен вам тем, кто отправлял вам сообщение с настройками."},{"$i":"cp-quit-app-confirm-dialog-message","$v":"Сообщение еще не обработано, вы действительно хотите выйти?"},{"$i":"cp-install-configuration-confirm-dialog-message","$v":"Ваш оператор отправил вам информацию с настройками. Хотите установить их?"},{"$i":"cp-auth-failure","$v":"Неверный PIN-код."},{"$i":"message-apn-saved","$v":"APN сохранен."},{"$i":"message-invalid-doc","$v":"Полученное конфигурационное сообщение не распознано SIM-картой, поэтому не может быть использовано для настройки устройства."},{"$i":"message-auth-error","$v":"При аутентификации отправителя сообщения произошла ошибка."},{"$i":"message-auth-unsupported-mechanism","$v":"Механизм аутентификации еще не поддерживается."},{"$i":"message-no-apns","$v":"Сообщение с настройками, которое вы получили, не имеет действительных APN."},{"$i":"cp-pin-title","$v":"PIN"},{"$i":"cp-finish-verification","$v":"Проверка завершена, пожалуйста, примите, если вы хотите продолжить установку."},{"$i":"cp-pin-incorrect-title","$v":"Неверный PIN-код"},{"$i":"cp-pin-incorrect","$v":"Введён некорректный PIN-код. Попробуйте ещё раз."},{"$i":"apn-config-success","$v":"APN настроена удачно."},{"$i":"apn-config-failure","$v":"Ошибка настройки APN."}]