[{"$i":"wap-push-message","$v":"Mesazh \"WAP Push"},{"$i":"ok","$v":"OK"},{"$i":"open","$v":"Hap"},{"$i":"close","$v":"Mbyll"},{"$i":"accept","$v":"Prano"},{"$i":"select","$v":"Zgjidh"},{"$i":"quit","$v":"Dil"},{"$i":"cancel","$v":"Anulo"},{"$i":"try-again","$v":"Provo sërish"},{"$i":"finish","$v":"Përfundo"},{"$i":"sim","$v":["SIM ",{"t":"idOrVar","v":"id"}]},{"$i":"next","$v":"Tjetër"},{"$i":"done","$v":"U krye"},{"$i":"link","$v":"Lidhje"},{"$i":"dsds-notification-title-with-sim","$v":["(",{"t":"idOrVar","v":"sim"},") ",{"t":"idOrVar","v":"title"}]},{"$i":"message-expired","$v":"Mesazhi ka skaduar"},{"$i":"cp-pin","placeholder":"PIN"},{"$i":"cp-message-received","$v":"Mesazhi i konfigurimit u mor"},{"$i":"cp-container-title","$v":"Konfig. i pikëhyrjes OTA"},{"$i":"cp-accept-help","$v":"Mesazhi i konfigurimit u mor, prek \"U krye\" për të vazhduar."},{"$i":"cp-accept-help-pin","$v":"Kodi PIN duhet të të ishte dhënë nga dërguesi i mesazhit të konfigurimit."},{"$i":"cp-quit-app-confirm-dialog-message","$v":"Mesazhi nuk është procesuar ende. Dëshiron vërtet të dalësh?"},{"$i":"cp-install-configuration-confirm-dialog-message","$v":"Operatori të ka dërguar informacionin e konfigurimit. Të instalohet?"},{"$i":"cp-auth-failure","$v":"PIN nuk është i saktë."},{"$i":"message-apn-saved","$v":"APN e ruajtura."},{"$i":"message-invalid-doc","$v":"Mesazh i konfigurimit që more nuk u autentikua dot me kartën SIM dhe prandaj nuk përdoret dot për konfigurimin e pajisjes."},{"$i":"message-auth-error","$v":"Ndodhi një problem gjatë autentikimit të dërguesit të mesazhit."},{"$i":"message-auth-unsupported-mechanism","$v":"Mekanizmi i autentikimit nuk mbështetet ende."},{"$i":"message-no-apns","$v":"Mesazhi i konfigurimit që more nuk përmban APN të vlefshme."},{"$i":"cp-pin-title","$v":"PIN"},{"$i":"cp-finish-verification","$v":"Verifikimi përfundoi, prano për të vazhduar instalimin."},{"$i":"cp-pin-incorrect-title","$v":"PIN i gabuar"},{"$i":"cp-pin-incorrect","$v":"Kodi PIN që dhe është i gabuar, provoje sërish."},{"$i":"apn-config-success","$v":"APN u konfigurua me sukses."},{"$i":"apn-config-failure","$v":"APN nuk u konfigurua dot."}]