[{"$i":"wap-push-message","$v":"WAP-pushmeddelande"},{"$i":"ok","$v":"OK"},{"$i":"open","$v":"Öppna"},{"$i":"close","$v":"Stäng"},{"$i":"accept","$v":"Acceptera"},{"$i":"select","$v":"Välj"},{"$i":"quit","$v":"Avsluta"},{"$i":"cancel","$v":"Avbryt"},{"$i":"try-again","$v":"Försök igen"},{"$i":"finish","$v":"Slutför"},{"$i":"sim","$v":["SIM ",{"t":"idOrVar","v":"id"}]},{"$i":"next","$v":"Nästa"},{"$i":"done","$v":"Klar"},{"$i":"link","$v":"Länka"},{"$i":"dsds-notification-title-with-sim","$v":["(",{"t":"idOrVar","v":"sim"},") ",{"t":"idOrVar","v":"title"}]},{"$i":"message-expired","$v":"Detta medd. har förfallit"},{"$i":"cp-pin","placeholder":"PIN-kod"},{"$i":"cp-message-received","$v":"Konfigurationsmeddelande mottaget"},{"$i":"cp-container-title","$v":"OTA konfig. av åtkomstpunkt"},{"$i":"cp-accept-help","$v":"Konfig.meddelande mottaget."},{"$i":"cp-accept-help-pin","$v":"Den som skickat konfig.medd. ska ha tillh. PIN-kod."},{"$i":"cp-quit-app-confirm-dialog-message","$v":"Meddelandet har inte bearbetats än. Är du säker på att du vill avsluta?"},{"$i":"cp-install-configuration-confirm-dialog-message","$v":"Din operatör delar konfigurationsinformation med dig. Vill du installera den?"},{"$i":"cp-auth-failure","$v":"Fel PIN-kod."},{"$i":"message-apn-saved","$v":"APN(er) sparad(e)."},{"$i":"message-invalid-doc","$v":"Kan ej aut. mottaget konfig.medd. mot ditt SIM-kort, kan inte anv. för att konfigurera enheten."},{"$i":"message-auth-error","$v":"Ett fel uppstod när meddelandets avsändare skulle autentiseras."},{"$i":"message-auth-unsupported-mechanism","$v":"Autentiseringsmetoden stöds inte än."},{"$i":"message-no-apns","$v":"Mottaget konfig.medd. har inte giltiga APN:er."},{"$i":"cp-pin-title","$v":"PIN-kod"},{"$i":"cp-finish-verification","$v":"Verifieringen är klar, acceptera om du vill fortsätta med installationen."},{"$i":"cp-pin-incorrect-title","$v":"Fel PIN-kod."},{"$i":"cp-pin-incorrect","$v":"PIN-koden som du angav är fel, försök igen."},{"$i":"apn-config-success","$v":"APN-konfiguration lyckades."},{"$i":"apn-config-failure","$v":"APN-konfiguration misslyckades."}]