[{"$i":"wap-push-message","$v":"Ujumbe za WAP Push"},{"$i":"ok","$v":"SAWA"},{"$i":"open","$v":"Fungua"},{"$i":"close","$v":"Funga"},{"$i":"accept","$v":"Kubali"},{"$i":"select","$v":"Chagua"},{"$i":"quit","$v":"Toka"},{"$i":"cancel","$v":"Ghairi"},{"$i":"try-again","$v":"Jaribu tena"},{"$i":"finish","$v":"Maliza"},{"$i":"sim","$v":["SIM ",{"t":"idOrVar","v":"id"}]},{"$i":"next","$v":"Inayofuata"},{"$i":"done","$v":"Gotoka"},{"$i":"link","$v":"Kiungo"},{"$i":"dsds-notification-title-with-sim","$v":["(",{"t":"idOrVar","v":"sim"},") ",{"t":"idOrVar","v":"title"}]},{"$i":"message-expired","$v":"Ujumbe huu umechina"},{"$i":"cp-pin","placeholder":"PIN"},{"$i":"cp-message-received","$v":"Ujumbe wa usanidi umepokewa"},{"$i":"cp-container-title","$v":"Usanidi wa Kituo cha Ufikiaji wa OTA"},{"$i":"cp-accept-help","$v":"Ujumbe wa usanidi umepokewa, gusa kwenye “Gotoka” ili uendelee."},{"$i":"cp-accept-help-pin","$v":"Unafaa kupewa msimbo wa PIN na mtu aliyekutumia ujumbe wa usanidi."},{"$i":"cp-quit-app-confirm-dialog-message","$v":"Ujumbe bado haujachakatwa, una uhakika unataka kutoka?"},{"$i":"cp-install-configuration-confirm-dialog-message","$v":"Mtoa huduma wako anashiriki maelezo ya usanidi na wewe. Unataka kuusakinisha?"},{"$i":"cp-auth-failure","$v":"PIN sio sahihi."},{"$i":"message-apn-saved","$v":"APN imehifadhiwa."},{"$i":"message-invalid-doc","$v":"Ujumbe wa usanidi uliopokea haukuweza kubainishwa dhidi ya kadi yako ya SIM, kwa hivyo huwezi kutumiwa kusanidi kifaa chako."},{"$i":"message-auth-error","$v":"Kulikuwa na hitilafu wakati wa kuhalalisha mwenye kutuma ujumbe."},{"$i":"message-auth-unsupported-mechanism","$v":"Utaratibu wa uhalalishaji bado haukubaliwi."},{"$i":"message-no-apns","$v":"Ujumbe wa usanidi uliopoka hauna APN halali."},{"$i":"cp-pin-title","$v":"PIN"},{"$i":"cp-finish-verification","$v":"Uthibitishaji umekamilika, tafadhali kukubali ikiwa ungependa kuendelea kusakinisha."},{"$i":"cp-pin-incorrect-title","$v":"PIN sio sahihi."},{"$i":"cp-pin-incorrect","$v":"Msimbo wa PIN ulioandika sio sahihi, tafadhali jaribu tena."},{"$i":"apn-config-success","$v":"Imesanidi APN."},{"$i":"apn-config-failure","$v":"Imeshindwa kusanidi APN."}]