[{"$i":"wap-push-message","$v":"Повідомлення WAP-Push"},{"$i":"ok","$v":"OK"},{"$i":"open","$v":"Відкрити"},{"$i":"close","$v":"Закрити"},{"$i":"accept","$v":"Прийняти"},{"$i":"select","$v":"Вибрати"},{"$i":"quit","$v":"Вийти"},{"$i":"cancel","$v":"Скасувати"},{"$i":"try-again","$v":"Спробувати ще раз"},{"$i":"finish","$v":"Завершити"},{"$i":"sim","$v":["SIM ",{"t":"idOrVar","v":"id"}]},{"$i":"next","$v":"Далі"},{"$i":"done","$v":"Готово"},{"$i":"link","$v":"Посилання"},{"$i":"dsds-notification-title-with-sim","$v":["(",{"t":"idOrVar","v":"sim"},") ",{"t":"idOrVar","v":"title"}]},{"$i":"message-expired","$v":"Термін дії цього повідомлення минув."},{"$i":"cp-pin","placeholder":"PIN-код"},{"$i":"cp-message-received","$v":"Повідомлення настройки отримано."},{"$i":"cp-container-title","$v":"Конфіг. точ. дост. OTA"},{"$i":"cp-accept-help","$v":"Повідомлення настройки отримано. Торкніться \"Готово\", щоб продовжити."},{"$i":"cp-accept-help-pin","$v":"PIN-код має надаватися разом із повідомленням настройки."},{"$i":"cp-quit-app-confirm-dialog-message","$v":"Повідомлення ще не оброблено. Усе одно вийти?"},{"$i":"cp-install-configuration-confirm-dialog-message","$v":"Оператор надіслав вам інформацію про конфігурацію. Установити її?"},{"$i":"cp-auth-failure","$v":"PIN-код неправильний."},{"$i":"message-apn-saved","$v":"Точки доступу збережено."},{"$i":"message-invalid-doc","$v":"Отримане повідомлення настройки не можна автентифікувати за вашою SIM-карткою, тому ви не можете використати його, щоб налаштувати пристрій."},{"$i":"message-auth-error","$v":"Сталася помилка під час автентифікації відправника повідомлення."},{"$i":"message-auth-unsupported-mechanism","$v":"Поки що механізм автентифікації не підтримується."},{"$i":"message-no-apns","$v":"Отримане повідомлення настройки не містить дійсних точок доступу."},{"$i":"cp-pin-title","$v":"PIN-код"},{"$i":"cp-finish-verification","$v":"Перевірку завершено. Натисніть відповідну кнопку, щоб продовжити встановлення."},{"$i":"cp-pin-incorrect-title","$v":"Неправильний PIN-код"},{"$i":"cp-pin-incorrect","$v":"Введений PIN-код неправильний. Спробуйте ще раз."},{"$i":"apn-config-success","$v":"Точку доступу налаштовано."},{"$i":"apn-config-failure","$v":"Не вдалося налаштувати точку доступу."}]