[{"$i":"wap-push-message","$v":"Tin nhắn Đẩy WAP"},{"$i":"ok","$v":"OK"},{"$i":"open","$v":"Mở"},{"$i":"close","$v":"Đóng"},{"$i":"accept","$v":"Chấp nhận"},{"$i":"select","$v":"Chọn"},{"$i":"quit","$v":"Thoát"},{"$i":"cancel","$v":"Hủy"},{"$i":"try-again","$v":"Thử lại"},{"$i":"finish","$v":"Hoàn thành"},{"$i":"sim","$v":["SIM ",{"t":"idOrVar","v":"id"}]},{"$i":"next","$v":"Tiếp"},{"$i":"done","$v":"Đã xong"},{"$i":"link","$v":"Liên kết"},{"$i":"dsds-notification-title-with-sim","$v":["(",{"t":"idOrVar","v":"sim"},") ",{"t":"idOrVar","v":"title"}]},{"$i":"message-expired","$v":"Tin nhắn này đã hết hạn"},{"$i":"cp-pin","placeholder":"Mã PIN"},{"$i":"cp-message-received","$v":"Đã nhận được tin nhắn cấu hình"},{"$i":"cp-container-title","$v":"Cấu hình Điểm Truy cập OTA"},{"$i":"cp-accept-help","$v":"Đã nhận tin nhắn cấu hình, nhấn vào “Done” (Hoàn tất) để tiếp tục."},{"$i":"cp-accept-help-pin","$v":"Bạn nên nhận được mã PIN từ người gửi tin nhắn cấu hình cho bạn."},{"$i":"cp-quit-app-confirm-dialog-message","$v":"Tin nhắn vẫn chưa được xử lý, bạn có thật sự muốn thoát không?"},{"$i":"cp-install-configuration-confirm-dialog-message","$v":"Nhà mạng của bạn đang chia sẻ thông tin cấu hình với bạn. Bạn có muốn cài đặt không?"},{"$i":"cp-auth-failure","$v":"Mã PIN không đúng."},{"$i":"message-apn-saved","$v":"Đã lưu các APN."},{"$i":"message-invalid-doc","$v":"Không thể xác thực tin nhắn cấu hình bạn đã nhận trên thẻ SIM, vì thế không thể sử dụng để thiết lập cấu hình thiết bị của bạn."},{"$i":"message-auth-error","$v":"Đã xảy ra lỗi trong khi xác thực người gửi tin nhắn."},{"$i":"message-auth-unsupported-mechanism","$v":"Cơ chế xác thực chưa được hỗ trợ."},{"$i":"message-no-apns","$v":"Tin nhắn cấu hình bạn đã nhận không có các APN hợp lệ."},{"$i":"cp-pin-title","$v":"Mã PIN"},{"$i":"cp-finish-verification","$v":"Quá trình xác minh hoàn tất, vui lòng chấp nhận nếu bạn muốn tiếp tục cài đặt."},{"$i":"cp-pin-incorrect-title","$v":"Mã PIN không chính xác"},{"$i":"cp-pin-incorrect","$v":"Mã PIN bạn đã nhập không chính xác, vui lòng thử lại."},{"$i":"apn-config-success","$v":"Cấu hình APN thành công."},{"$i":"apn-config-failure","$v":"Cấu hình APN thất bại."}]