[{"$i":"wap-push-message","$v":"Umyalezo we-WAP Push"},{"$i":"ok","$v":"Kulungile"},{"$i":"open","$v":"Vula"},{"$i":"close","$v":"Vala"},{"$i":"accept","$v":"Yamkela"},{"$i":"select","$v":"Khetha"},{"$i":"quit","$v":"Phuma"},{"$i":"cancel","$v":"Rhoxisa"},{"$i":"try-again","$v":"Zama kwakhona"},{"$i":"finish","$v":"Gqiba"},{"$i":"sim","$v":["I-SIM ",{"t":"idOrVar","v":"id"}]},{"$i":"next","$v":"Olandelayo"},{"$i":"done","$v":"Ugqibile"},{"$i":"link","$v":"Ilinki"},{"$i":"dsds-notification-title-with-sim","$v":["(",{"t":"idOrVar","v":"sim"},") ",{"t":"idOrVar","v":"title"}]},{"$i":"message-expired","$v":"Lo myalezo uye waphelelwa"},{"$i":"cp-pin","placeholder":"IPIN"},{"$i":"cp-message-received","$v":"Ukufumana umyalezo wokuyila"},{"$i":"cp-container-title","$v":"OTA Ufikelelo kwiNdawo yoLungelelwaniso"},{"$i":"cp-accept-help","$v":"Ukufumana umyalezo wokuyila, thepa “Gqibile” ukuqhubeka."},{"$i":"cp-accept-help-pin","$v":"Ikhowudi ye-PIN bekufanele ibe inikezelwe kuwe nguloo mntu ukuthumele umyalezo wolwakhelo."},{"$i":"cp-quit-app-confirm-dialog-message","$v":"Lo myalezo awukasetyenzwa. Ufuna ukuyeka nyani?"},{"$i":"cp-install-configuration-confirm-dialog-message","$v":"Umboneleli wakho wabelana ngeenkcukacha zokwakhela kunye nawe. Uyafuna ukuzi-instola?"},{"$i":"cp-auth-failure","$v":"IPIN ayilunganga."},{"$i":"message-apn-saved","$v":"I-APN igciniwe."},{"$i":"message-invalid-doc","$v":"Lo myalezo wokwakhela uwufumeneyo awunakungqinisiswa ugunyaziso lwawo ne-SIM khadi yakho ngoko awunakusetyenziswa ukwakhela isixhobo sakho."},{"$i":"message-auth-error","$v":"Bekukho impazamo ngeli xesha kugunyaziswa umthumeli womyalezo."},{"$i":"message-auth-unsupported-mechanism","$v":"Inkqubo yokungqina ugunyaziso ayikaxhaswa."},{"$i":"message-no-apns","$v":"Lo myalezo wokwakhela uwufumeneyo awuna-APNs ifanelekileyo."},{"$i":"cp-pin-title","$v":"I-PIN"},{"$i":"cp-finish-verification","$v":"Uqinisekiso lugqibile, nceda vuma ukuba ungathanda ukuqhubeka nofakelo."},{"$i":"cp-pin-incorrect-title","$v":"Akuyiyo i-PIN"},{"$i":"cp-pin-incorrect","$v":"I-PIN khowudi oyifakileyo akuyiyo, nceda zama kwakhona."},{"$i":"apn-config-success","$v":"Ulungiselelo lwe-APN luphumelele."},{"$i":"apn-config-failure","$v":"Ulungiselelo lwe-APN lusilele."}]