[{"$i":"wap-push-message","$v":"WAP 推送消息"},{"$i":"ok","$v":"确定"},{"$i":"open","$v":"打开"},{"$i":"close","$v":"关闭"},{"$i":"accept","$v":"接受"},{"$i":"select","$v":"选择"},{"$i":"quit","$v":"退出"},{"$i":"cancel","$v":"取消"},{"$i":"try-again","$v":"重试"},{"$i":"finish","$v":"完成"},{"$i":"sim","$v":["SIM ",{"t":"idOrVar","v":"id"}]},{"$i":"next","$v":"下一步"},{"$i":"done","$v":"完成"},{"$i":"link","$v":"链接"},{"$i":"dsds-notification-title-with-sim","$v":["(",{"t":"idOrVar","v":"sim"},") ",{"t":"idOrVar","v":"title"}]},{"$i":"message-expired","$v":"此消息已过期"},{"$i":"cp-pin","placeholder":"固定"},{"$i":"cp-message-received","$v":"已收到配置信息"},{"$i":"cp-container-title","$v":"OTA 接入点配置"},{"$i":"cp-accept-help","$v":"配置消息已收到，点击“完成”以便继续。"},{"$i":"cp-accept-help-pin","$v":"向您发送配置消息的人应该已将 PIN 码提供给您。"},{"$i":"cp-quit-app-confirm-dialog-message","$v":"信息尚未处理，是否确实要放弃？"},{"$i":"cp-install-configuration-confirm-dialog-message","$v":"您的运营商正将配置信息分享给您。是否要安装？"},{"$i":"cp-auth-failure","$v":"PIN 码不正确。"},{"$i":"message-apn-saved","$v":"APN 已保存。"},{"$i":"message-invalid-doc","$v":"无法根据您的 SIM 卡验证您收到的配置消息，因而无法将其用于配置您的设备。"},{"$i":"message-auth-error","$v":"验证消息发送方时出错。"},{"$i":"message-auth-unsupported-mechanism","$v":"验证机制尚不支持。"},{"$i":"message-no-apns","$v":"您收到的配置消息没有有效的 APN。"},{"$i":"cp-pin-title","$v":"固定"},{"$i":"cp-finish-verification","$v":"验证已完成，请确认是否继续安装。"},{"$i":"cp-pin-incorrect-title","$v":"PIN码不正确"},{"$i":"cp-pin-incorrect","$v":"你输入的PIN码不正确，请重试。"},{"$i":"apn-config-success","$v":"APN设置成功。"},{"$i":"apn-config-failure","$v":"APN设置失败。"}]