[{"$i":"wap-push-message","$v":"WAP Push訊息"},{"$i":"ok","$v":"確認"},{"$i":"open","$v":"開啟"},{"$i":"close","$v":"關閉"},{"$i":"accept","$v":"接受"},{"$i":"select","$v":"選擇"},{"$i":"quit","$v":"退出"},{"$i":"cancel","$v":"取消"},{"$i":"try-again","$v":"重試"},{"$i":"finish","$v":"完成"},{"$i":"sim","$v":["SIM卡",{"t":"idOrVar","v":"id"}]},{"$i":"next","$v":"下一個"},{"$i":"done","$v":"完成"},{"$i":"link","$v":"連結"},{"$i":"dsds-notification-title-with-sim","$v":["(",{"t":"idOrVar","v":"sim"},") ",{"t":"idOrVar","v":"title"}]},{"$i":"message-expired","$v":"此訊息已過期"},{"$i":"cp-pin","placeholder":"PIN"},{"$i":"cp-message-received","$v":"已收到配置訊息"},{"$i":"cp-container-title","$v":"OTA接入點配置"},{"$i":"cp-accept-help","$v":"已收到配置訊息，輕觸「完成」以繼續。"},{"$i":"cp-accept-help-pin","$v":"向您傳送配置訊息的用戶應該已將PIN碼提供給您。"},{"$i":"cp-quit-app-confirm-dialog-message","$v":"尚未處理訊息。是否真的要退出？"},{"$i":"cp-install-configuration-confirm-dialog-message","$v":"網絡商正與您分享配置資訊。是否安裝？"},{"$i":"cp-auth-failure","$v":"PIN不正確。"},{"$i":"message-apn-saved","$v":"已儲存APN。"},{"$i":"message-invalid-doc","$v":"您收到的配置訊息無法對照您的SIM卡進行驗證，因此無法用於設定您的裝置。"},{"$i":"message-auth-error","$v":"驗證訊息傳送者時發生錯誤。"},{"$i":"message-auth-unsupported-mechanism","$v":"尚不支援驗證機制。"},{"$i":"message-no-apns","$v":"您收到的配置訊息沒有有效的APN。"},{"$i":"cp-pin-title","$v":"PIN"},{"$i":"cp-finish-verification","$v":"驗證已完成。若您想要繼續安裝，請接受。"},{"$i":"cp-pin-incorrect-title","$v":"PIN碼不正確"},{"$i":"cp-pin-incorrect","$v":"您輸入的PIN碼不正確，請重試。"},{"$i":"apn-config-success","$v":"APN配置成功。"},{"$i":"apn-config-failure","$v":"APN配置失敗。"}]