{
  "af-ZA"     : "Afrikaans",
  "ar-SA"     : "عربي",
  "az-Latn-AZ": "azərbaycanca",
  "be-BY"     : "Беларуская",
  "bg-BG"     : "български",
  "bn-BD"     : "বাংলা (বাংলাদেশ)",
  "bn-IN"     : "বাংলা (ভারত)",
  "bs-BA"     : "Bosanski",
  "cs-CZ"     : "Čeština",
  "da-DK"     : "Dansk",
  "de-DE"        : "Deutsch",
  "el-GR"     : "Ελληνικά",
  "en-GB"     : "English (GB)",
  "en-NG"     : "English (NG)",
  "en-US"     : "English (US)",
  "es-ES"        : "Español",
  "es-US"     : "Español (Latam)",
  "et-EE"     : "Eesti keel",
  "fi-FI"     : "Suomi",
  "fr-FR"        : "Français (FR)",
  "fr-CA"     : "Français (CA)",
  "he-IL"     : "עברית",
  "hi-IN"     : "हिन्दी (भारत)",
  "hr-HR"     : "Hrvatski",
  "hu-HU"     : "Magyar",
  "hy-AM"     : "Հայերեն",
  "id-ID"     : "Bahasa Indonesia",
  "it-IT"        : "Italiano",
  "km-KH"     : "ខ្មែរ",
  "kk-KZ"     : "қазақ тілі",
  "lt-LT"     : "Lietuvių",
  "lv-LV"     : "Latviešu valoda",
  "lo-LA"     : "ລາວ",
  "ka-GE"     : "ქართული",
  "mk-MK"     : "Македонски",
  "ms-MY"     : "Melayu",
  "nb-NO"     : "Norsk bokmål",
  "ne-IN"     : "नेपाली",
  "nl-NL"     : "Nederlands",
  "pl-PL"     : "Polski",
  "pt-BR"     : "Português (do Brasil)",
  "pt-PT"     : "Português (Portugal)",
  "ro-RO"     : "Română",
  "ru-RU"     : "Русский",
  "si-LK"     : "සිංහල",
  "sk-SK"     : "Slovenčina",
  "sl-SI"     : "Slovenščina",
  "sq-AL"     : "Shqip",
  "sr-Latn-CS": "Srpski",
  "sv-SE"     : "Svenska",
  "sw-ZA"     : "Kiswahili",
  "ta-IN"     : "தமிழ்",
  "th-TH"     : "ไทย",
  "fil-PH"    : "Tagalog",
  "tr-TR"     : "Türkçe",
  "uk-UA"     : "Українська",
  "ur-PK"        : "اُردو",
  "vi-VN"        : "Tiếng Việt",
  "xh-ZA"     : "isiXhosa",
  "zh-CN"     : "中文 (简体)",
  "zh-TW"     : "中文 (台灣)",
  "zh-HK"     : "中文 (香港)",
  "is-IS"     : "íslenska",
  "zu-ZA"     : "isiZulu",
  "mo-RO"     : "Moldavian",
  "fa-IR"        : "فارسی (IR)",
  "ps-AF"     : "Pushto",
  "uz-Cyrl-UZ": "Uzbek (Cyrillic)"
}
