[{"$i":"brandShortName","$v":"KaiOS"},{"$i":"browserBrandShortName","$v":"Web Browser"},{"$i":"browserBrandFullName","$v":"Mozilla Web Browser"},{"$i":"ringtoneBrandName","$v":"Default"},{"$i":"ringtoneSectionBrandName","$v":"System"},{"$i":"ringtone-none","$v":"Geen"},{"$i":"ringer_adventure","$v":"Adventure"},{"$i":"ringer_africa","$v":"Afrika"},{"$i":"ringer_bounce","$v":"Bounce"},{"$i":"ringer_disco","$v":"Disco"},{"$i":"ringer_kai","$v":"Kai"},{"$i":"ringer_office","$v":"Office"},{"$i":"ringer_techno","$v":"Techno"},{"$i":"ringer_woody","$v":"Woody"},{"$i":"notifier_bell","$v":"Bell"},{"$i":"notifier_donuts","$v":"Donuts"},{"$i":"notifier_que_paso","$v":"Qué paso"},{"$i":"notifier_shake","$v":"Shake"},{"$i":"notifier_triple","$v":"Triple"},{"$i":"ringer_azalea","$v":"Azalea"},{"$i":"ringer_bloom","$v":"Blom"},{"$i":"ringer_blove","$v":"Blove"},{"$i":"ringer_city_lights","$v":"Stadsligte"},{"$i":"ringer_dots","$v":"Kolle"},{"$i":"ringer_flow","$v":"Vloei"},{"$i":"ringer_fountain","$v":"Fontein"},{"$i":"ringer_fresh","$v":"Vars"},{"$i":"ringer_firefox2","$v":[{"t":"idOrVar","v":"ringtoneBrandName"}]},{"$i":"ringer_illuminate","$v":"Verlig"},{"$i":"ringer_incoming","$v":"Inkomend"},{"$i":"ringer_silvery","$v":"Silwerige"},{"$i":"ringer_now_or_never","$v":"Nou of Nooit"},{"$i":"ringer_primary","$v":"Primêre"},{"$i":"ringer_pure_guitar","$v":"Suiwer Kitaar"},{"$i":"ringer_rounded","$v":"Geronde"},{"$i":"ringer_spring","$v":"Lente"},{"$i":"ringer_stargazer","$v":"Stargazer"},{"$i":"ringer_vaca","$v":"Vaka"},{"$i":"notifier_bells","$v":"Klokke"},{"$i":"notifier_bloom","$v":"Blom"},{"$i":"notifier_chime","$v":"Beier"},{"$i":"notifier_clicka","$v":"Klieka"},{"$i":"notifier_digi","$v":"Digi"},{"$i":"notifier_dropplet","$v":"Druppel"},{"$i":"notifier_firefox2","$v":[{"t":"idOrVar","v":"ringtoneBrandName"}]},{"$i":"notifier_hello","$v":"Hallo"},{"$i":"notifier_ping","$v":"Ping"},{"$i":"notifier_plickle","$v":"Plickel"},{"$i":"notifier_pocko","$v":"Pocko"},{"$i":"notifier_quado","$v":"Quado"},{"$i":"notifier_red","$v":"Rooi"},{"$i":"notifier_sato","$v":"Sato"},{"$i":"notifier_trickleup","$v":"Druppel op"},{"$i":"notifier_trink","$v":"Trink"},{"$i":"notifier_verse","$v":"Vers"},{"$i":"NokiaTune","$v":"NokiaTune"},{"$i":"Arrival","$v":"Arrival"},{"$i":"Barbell","$v":"Barbell"},{"$i":"Bird","$v":"Bird"},{"$i":"Bounce","$v":"Bounce"},{"$i":"Brikabrak","$v":"Brikabrak"},{"$i":"Buzzer","$v":"Buzzer"},{"$i":"Cadenza","$v":"Cadenza"},{"$i":"Chirp","$v":"Chirp"},{"$i":"Delays","$v":"Delays"},{"$i":"Distance","$v":"Distance"},{"$i":"Earring","$v":"Earring"},{"$i":"Electronic","$v":"Electronic"},{"$i":"Imperial","$v":"Imperial"},{"$i":"Karimba","$v":"Karimba"},{"$i":"Marbles","$v":"Marbles"},{"$i":"Monkey_drum","$v":"Monkey drum"},{"$i":"Nostalgia","$v":"Nostalgia"},{"$i":"Ring_ring","$v":"Ring ring"},{"$i":"Spirals","$v":"Ring Spirals"},{"$i":"Stones","$v":"Stones"},{"$i":"Timer","$v":"Timer"},{"$i":"Tip_toe","$v":"Tip toe"},{"$i":"Calendar_1","$v":"Calendar_1"},{"$i":"Calendar_2","$v":"Calendar_2"},{"$i":"Calendar_3","$v":"Calendar_3"},{"$i":"Message_1","$v":"Message_1"},{"$i":"Message_2","$v":"Message_2"},{"$i":"Message_3","$v":"Message_3"},{"$i":"Message_4","$v":"Message_4"},{"$i":"Message_5","$v":"Message_5"},{"$i":"manage-title-2","$v":"Bestuur Toon"},{"$i":"actions-share-ringtone","$v":"Deel luitoon"},{"$i":"actions-delete-ringtone","$v":"Skrap luitoon"},{"$i":"actions-share-alerttone","$v":"Deel waarskuwing"},{"$i":"actions-delete-alerttone","$v":"Skrap waarskuwing"},{"$i":"actions-cancel","$v":"Kanselleer"},{"$i":"delete-title-ringtone","$v":"Skrap Luitoon"},{"$i":"delete-title-alerttone","$v":"Skrap Waarskuwing"},{"$i":"delete-desc","$v":["Is jy seker jy wil “",{"t":"idOrVar","v":"tone"},"”” skrap?"]},{"$i":"delete-desc-default-ringtone","$v":["“",{"t":"idOrVar","v":"Toon"},"” is die huidige verstek luitoon.\n\nIs jy seker jy wil dit skrap?"]},{"$i":"delete-desc-default-alerttone","$v":["“",{"t":"idOrVar","v":"tone"},"” is die huidige verstek waarskuwing.\n\nIs jy seker jy wil dit skrap?"]},{"$i":"delete-cancel","$v":"Kanselleer"},{"$i":"delete-confirm","$v":"Skrap"},{"$i":"deleted-ringtone","$v":"Luitoon geskrap"},{"$i":"deleted-alerttone","$v":"Waarskuwing geskrap."},{"$i":"created-tone","$v":"Luitoon geskep."},{"$i":"set-default-tone","$v":"Luitoon gestel as verstek."},{"$i":"file-saved","$v":"Gestoor as luitoon."},{"$i":"file-set-as-default-ringtone","$v":"Gestoor as standaard luitoon."},{"$i":"sd-card-subtitle","$v":"SD-kaart"},{"$i":"confirmation","$v":"Bevestiging"},{"$i":"pick-title","$v":"Kies Klank"},{"$i":"pick-set","$v":"Stel"},{"$i":"system-ringtones","$v":"Stelsel Luitone"},{"$i":"my-ringtones","$v":"My Luitone"},{"$i":"notice-alerts","$v":"Kennisgewing Waarskuwings"},{"$i":"section-title-builtin-ringtone","$v":"Stelsel Luitone"},{"$i":"section-title-builtin-alerttone","$v":"Stelselwaarskuwings"},{"$i":"section-header-title-ringtone","$v":"Luitone"},{"$i":"section-header-title-alerttone","$v":"Kennisgewing Waarskuwings"},{"$i":"section-title-custom-ringtone","$v":"My Luitone"},{"$i":"section-title-custom-alerttone","$v":"My Waarskuwings"},{"$i":"create-title","$v":"Stoor as luitoon"},{"$i":"create-save","$v":"Stoor"},{"$i":"create-cancel","$v":"Kanselleer"},{"$i":"create-select","$v":"Kies"},{"$i":"create-deselect","$v":"Deselekteer"},{"$i":"play-error-title","$v":"Beskadigde Lêer"},{"$i":"play-error-desc","$v":"Die lêer is beskadig. Dit kan nie gebruik word om ‘n luitoon te skep nie."},{"$i":"save-error-title","$v":"Luitoon Nie Geskep"},{"$i":"save-error-desc","$v":"Daar was ‘n probleem met die skep van die luitoon. Probeer asseblief weer."},{"$i":"save-file-large","$v":"Lêer is te groot."},{"$i":"default-label","$v":"Stel as verstek luitoon"},{"$i":"ok","$v":"Goed"},{"$i":"ringtone-untitled","$v":"Ongetiteld"},{"$i":"options","$v":"Opsies"},{"$i":"play","$v":"Speel"},{"$i":"stop","$v":"Stop"},{"$i":"share","$v":"Deel"},{"$i":"delete","$v":"Skrap"},{"$i":"cancel","$v":"Kanselleer"},{"$i":"select","$v":"Kies"},{"$i":"add","$v":"Voeg by"},{"$i":"no-ringtones","$v":"Geen Luitone"},{"$i":"no-ringtones-warning","$v":"Geen luitone nie. Druk Voeg by om ’n luitoon uit jou musiek by te voeg."},{"$i":"add-ringtone","$v":"Voeg luitoon by"},{"$i":"softkey-options","$v":"Opsies"}]