[{"$i":"brandShortName","$v":"KaiOS"},{"$i":"browserBrandShortName","$v":"Web Browser"},{"$i":"browserBrandFullName","$v":"Mozilla Web Browser"},{"$i":"ringtoneBrandName","$v":"Default"},{"$i":"ringtoneSectionBrandName","$v":"System"},{"$i":"ringtone-none","$v":"Heç biri"},{"$i":"ringer_adventure","$v":"Adventure"},{"$i":"ringer_africa","$v":"Africa"},{"$i":"ringer_bounce","$v":"Bounce"},{"$i":"ringer_disco","$v":"Disco"},{"$i":"ringer_kai","$v":"Kai"},{"$i":"ringer_office","$v":"Office"},{"$i":"ringer_techno","$v":"Techno"},{"$i":"ringer_woody","$v":"Woody"},{"$i":"notifier_bell","$v":"Bell"},{"$i":"notifier_donuts","$v":"Donuts"},{"$i":"notifier_que_paso","$v":"Such rhythm"},{"$i":"notifier_shake","$v":"Shake"},{"$i":"notifier_triple","$v":"Triple"},{"$i":"ringer_azalea","$v":"Azalea"},{"$i":"ringer_bloom","$v":"Bloom"},{"$i":"ringer_blove","$v":"Blove"},{"$i":"ringer_city_lights","$v":"City Lights"},{"$i":"ringer_dots","$v":"Dots"},{"$i":"ringer_flow","$v":"Flow"},{"$i":"ringer_fountain","$v":"Fountain"},{"$i":"ringer_fresh","$v":"Fresh"},{"$i":"ringer_firefox2","$v":[{"t":"idOrVar","v":"ringtoneBrandName"}]},{"$i":"ringer_illuminate","$v":"Illuminate"},{"$i":"ringer_incoming","$v":"Gələn"},{"$i":"ringer_silvery","$v":"Silvery"},{"$i":"ringer_now_or_never","$v":"Now or Never"},{"$i":"ringer_primary","$v":"İlkin"},{"$i":"ringer_pure_guitar","$v":"Pure Guitar"},{"$i":"ringer_rounded","$v":"Rounded"},{"$i":"ringer_spring","$v":"Spring"},{"$i":"ringer_stargazer","$v":"Stargazer"},{"$i":"ringer_vaca","$v":"Vaca"},{"$i":"notifier_bells","$v":"Bells"},{"$i":"notifier_bloom","$v":"Bloom"},{"$i":"notifier_chime","$v":"Chime"},{"$i":"notifier_clicka","$v":"Clicka"},{"$i":"notifier_digi","$v":"Digi"},{"$i":"notifier_dropplet","$v":"Dropplet"},{"$i":"notifier_firefox2","$v":[{"t":"idOrVar","v":"ringtoneBrandName"}]},{"$i":"notifier_hello","$v":"Hello"},{"$i":"notifier_ping","$v":"Ping"},{"$i":"notifier_plickle","$v":"Plickle"},{"$i":"notifier_pocko","$v":"Pocko"},{"$i":"notifier_quado","$v":"Quado"},{"$i":"notifier_red","$v":"Qırmızı"},{"$i":"notifier_sato","$v":"Sato"},{"$i":"notifier_trickleup","$v":"Trickle Up"},{"$i":"notifier_trink","$v":"Trink"},{"$i":"notifier_verse","$v":"Verse"},{"$i":"NokiaTune","$v":"NokiaTune"},{"$i":"Arrival","$v":"Arrival"},{"$i":"Barbell","$v":"Barbell"},{"$i":"Bird","$v":"Bird"},{"$i":"Bounce","$v":"Bounce"},{"$i":"Brikabrak","$v":"Brikabrak"},{"$i":"Buzzer","$v":"Buzzer"},{"$i":"Cadenza","$v":"Cadenza"},{"$i":"Chirp","$v":"Chirp"},{"$i":"Delays","$v":"Delays"},{"$i":"Distance","$v":"Distance"},{"$i":"Earring","$v":"Earring"},{"$i":"Electronic","$v":"Electronic"},{"$i":"Imperial","$v":"Imperial"},{"$i":"Karimba","$v":"Karimba"},{"$i":"Marbles","$v":"Marbles"},{"$i":"Monkey_drum","$v":"Monkey drum"},{"$i":"Nostalgia","$v":"Nostalgia"},{"$i":"Ring_ring","$v":"Ring ring"},{"$i":"Spirals","$v":"Ring Spirals"},{"$i":"Stones","$v":"Stones"},{"$i":"Timer","$v":"Timer"},{"$i":"Tip_toe","$v":"Tip toe"},{"$i":"Calendar_1","$v":"Calendar_1"},{"$i":"Calendar_2","$v":"Calendar_2"},{"$i":"Calendar_3","$v":"Calendar_3"},{"$i":"Message_1","$v":"Message_1"},{"$i":"Message_2","$v":"Message_2"},{"$i":"Message_3","$v":"Message_3"},{"$i":"Message_4","$v":"Message_4"},{"$i":"Message_5","$v":"Message_5"},{"$i":"manage-title-2","$v":"Tonları idarə et"},{"$i":"actions-share-ringtone","$v":"Zəng tonunu paylaş"},{"$i":"actions-delete-ringtone","$v":"Zəng tonunu sil"},{"$i":"actions-share-alerttone","$v":"Siqnalı paylaş"},{"$i":"actions-delete-alerttone","$v":"Siqnalı sil"},{"$i":"actions-cancel","$v":"Ləğv et"},{"$i":"delete-title-ringtone","$v":"Zəng tonunu Sil"},{"$i":"delete-title-alerttone","$v":"Siqnalı Sil"},{"$i":"delete-desc","$v":[{"t":"idOrVar","v":"tone"},"\"-i silmək istədiyinizə əminsiniz?"]},{"$i":"delete-desc-default-ringtone","$v":[{"t":"idOrVar","v":"tone"},"\" cari standart zəng tonudur.\n\nOnu silməkdə əminsiniz?"]},{"$i":"delete-desc-default-alerttone","$v":[{"t":"idOrVar","v":"tone"},"\" cari standart siqnaldır.\n\nOnu silməkdə əminsiniz?"]},{"$i":"delete-cancel","$v":"Ləğv et"},{"$i":"delete-confirm","$v":"Sil"},{"$i":"deleted-ringtone","$v":"Zəng tonu silindi."},{"$i":"deleted-alerttone","$v":"Siqnal silindi."},{"$i":"created-tone","$v":"Zəng tonu yaradıldı."},{"$i":"set-default-tone","$v":"Z-g tonu stand kimi qurul."},{"$i":"file-saved","$v":"Zəng tonu kimi saxlanıb."},{"$i":"file-set-as-default-ringtone","$v":"Standart zəng tonu kimi qeyd edildi."},{"$i":"sd-card-subtitle","$v":"SD Kart"},{"$i":"confirmation","$v":"Təsdiq"},{"$i":"pick-title","$v":"Səsi seç"},{"$i":"pick-set","$v":"Qur"},{"$i":"system-ringtones","$v":"Sistem Zəng tonları"},{"$i":"my-ringtones","$v":"Zəng tonlarım"},{"$i":"notice-alerts","$v":"Bildiriş Siqnalları"},{"$i":"section-title-builtin-ringtone","$v":"Sistem Zəng tonları"},{"$i":"section-title-builtin-alerttone","$v":"Sistem Siqnalları"},{"$i":"section-header-title-ringtone","$v":"Zəng tonları"},{"$i":"section-header-title-alerttone","$v":"Bildiriş Siqnalları"},{"$i":"section-title-custom-ringtone","$v":"Zəng tonlarım"},{"$i":"section-title-custom-alerttone","$v":"Siqnallarım"},{"$i":"create-title","$v":"Zəng tonu Kimi Saxla"},{"$i":"create-save","$v":"Saxla"},{"$i":"create-cancel","$v":"Ləğv et"},{"$i":"create-select","$v":"Seç"},{"$i":"create-deselect","$v":"Ləğv et"},{"$i":"play-error-title","$v":"Zədəli fayl"},{"$i":"play-error-desc","$v":"Fayl zədələnib. O, zəng tonunu yaratmaq üçün istifadə edilə bilməz."},{"$i":"save-error-title","$v":"Zəng tonu Yaradılmadı"},{"$i":"save-error-desc","$v":"Zənq tonunu yaradarkən bir hal baş verdi. Yenidən cəhd edin."},{"$i":"save-file-large","$v":"Faylın ölçüsü çox böyükdür."},{"$i":"default-label","$v":"Standart zəng melodiyası kimi seçin"},{"$i":"ok","$v":"OK"},{"$i":"ringtone-untitled","$v":"Adsız"},{"$i":"options","$v":"Seçimlər"},{"$i":"play","$v":"Səsləndir"},{"$i":"stop","$v":"Dayandır"},{"$i":"share","$v":"Paylaş"},{"$i":"delete","$v":"Sil"},{"$i":"cancel","$v":"Ləğv et"},{"$i":"select","$v":"Seç"},{"$i":"add","$v":"Əlavə et"},{"$i":"no-ringtones","$v":"Heç bir Zəng tonu yoxdur"},{"$i":"no-ringtones-warning","$v":"Zəng tonları yoxdur. Musiqinizdən zəng tonu əlavə etmək üçün Əlavə et seçiminə basın."},{"$i":"add-ringtone","$v":"Zəng tonu əlavə et"},{"$i":"softkey-options","$v":"Seçimlər"}]