[{"$i":"brandShortName","$v":"KaiOS"},{"$i":"browserBrandShortName","$v":"Web Browser"},{"$i":"browserBrandFullName","$v":"Mozilla Web Browser"},{"$i":"ringtoneBrandName","$v":"Default"},{"$i":"ringtoneSectionBrandName","$v":"System"},{"$i":"ringtone-none","$v":"Няма"},{"$i":"ringer_adventure","$v":"Adventure"},{"$i":"ringer_africa","$v":"Africa"},{"$i":"ringer_bounce","$v":"Bounce"},{"$i":"ringer_disco","$v":"Disco"},{"$i":"ringer_kai","$v":"Kai"},{"$i":"ringer_office","$v":"Office"},{"$i":"ringer_techno","$v":"Techno"},{"$i":"ringer_woody","$v":"Woody"},{"$i":"notifier_bell","$v":"Bell"},{"$i":"notifier_donuts","$v":"Donuts"},{"$i":"notifier_que_paso","$v":"Such rhythm"},{"$i":"notifier_shake","$v":"Shake"},{"$i":"notifier_triple","$v":"Triple"},{"$i":"ringer_azalea","$v":"Azalea"},{"$i":"ringer_bloom","$v":"Bloom"},{"$i":"ringer_blove","$v":"Blove"},{"$i":"ringer_city_lights","$v":"City Lights"},{"$i":"ringer_dots","$v":"Dots"},{"$i":"ringer_flow","$v":"Flow"},{"$i":"ringer_fountain","$v":"Fountain"},{"$i":"ringer_fresh","$v":"Fresh"},{"$i":"ringer_firefox2","$v":[{"t":"idOrVar","v":"ringtoneBrandName"}]},{"$i":"ringer_illuminate","$v":"Illuminate"},{"$i":"ringer_incoming","$v":"Уваходныя"},{"$i":"ringer_silvery","$v":"Silvery"},{"$i":"ringer_now_or_never","$v":"Now or Never"},{"$i":"ringer_primary","$v":"Primary"},{"$i":"ringer_pure_guitar","$v":"Pure Guitar"},{"$i":"ringer_rounded","$v":"Rounded"},{"$i":"ringer_spring","$v":"Spring"},{"$i":"ringer_stargazer","$v":"Stargazer"},{"$i":"ringer_vaca","$v":"Vaca"},{"$i":"notifier_bells","$v":"Bells"},{"$i":"notifier_bloom","$v":"Bloom"},{"$i":"notifier_chime","$v":"Chime"},{"$i":"notifier_clicka","$v":"Clicka"},{"$i":"notifier_digi","$v":"Digi"},{"$i":"notifier_dropplet","$v":"Dropplet"},{"$i":"notifier_firefox2","$v":[{"t":"idOrVar","v":"ringtoneBrandName"}]},{"$i":"notifier_hello","$v":"Hello"},{"$i":"notifier_ping","$v":"Ping"},{"$i":"notifier_plickle","$v":"Plickle"},{"$i":"notifier_pocko","$v":"Pocko"},{"$i":"notifier_quado","$v":"Quado"},{"$i":"notifier_red","$v":"Red"},{"$i":"notifier_sato","$v":"Sato"},{"$i":"notifier_trickleup","$v":"Trickle Up"},{"$i":"notifier_trink","$v":"Trink"},{"$i":"notifier_verse","$v":"Verse"},{"$i":"NokiaTune","$v":"NokiaTune"},{"$i":"Arrival","$v":"Arrival"},{"$i":"Barbell","$v":"Barbell"},{"$i":"Bird","$v":"Bird"},{"$i":"Bounce","$v":"Bounce"},{"$i":"Brikabrak","$v":"Brikabrak"},{"$i":"Buzzer","$v":"Buzzer"},{"$i":"Cadenza","$v":"Cadenza"},{"$i":"Chirp","$v":"Chirp"},{"$i":"Delays","$v":"Delays"},{"$i":"Distance","$v":"Distance"},{"$i":"Earring","$v":"Earring"},{"$i":"Electronic","$v":"Electronic"},{"$i":"Imperial","$v":"Imperial"},{"$i":"Karimba","$v":"Karimba"},{"$i":"Marbles","$v":"Marbles"},{"$i":"Monkey_drum","$v":"Monkey drum"},{"$i":"Nostalgia","$v":"Nostalgia"},{"$i":"Ring_ring","$v":"Ring ring"},{"$i":"Spirals","$v":"Ring Spirals"},{"$i":"Stones","$v":"Stones"},{"$i":"Timer","$v":"Timer"},{"$i":"Tip_toe","$v":"Tip toe"},{"$i":"Calendar_1","$v":"Calendar_1"},{"$i":"Calendar_2","$v":"Calendar_2"},{"$i":"Calendar_3","$v":"Calendar_3"},{"$i":"Message_1","$v":"Message_1"},{"$i":"Message_2","$v":"Message_2"},{"$i":"Message_3","$v":"Message_3"},{"$i":"Message_4","$v":"Message_4"},{"$i":"Message_5","$v":"Message_5"},{"$i":"manage-title-2","$v":"Кіраваць тонамі"},{"$i":"actions-share-ringtone","$v":"Абагуліць сігнал выкліку"},{"$i":"actions-delete-ringtone","$v":"Выдаліць сігнал выкліку"},{"$i":"actions-share-alerttone","$v":"Абагуліць сігнал"},{"$i":"actions-delete-alerttone","$v":"Выдаліць сігнал"},{"$i":"actions-cancel","$v":"Скасаваць"},{"$i":"delete-title-ringtone","$v":"Выдаліць сігнал выкліку"},{"$i":"delete-title-alerttone","$v":"Выдаліць сігнал"},{"$i":"delete-desc","$v":["Напэўна хочаце выдаліць \"",{"t":"idOrVar","v":"tone"},"\"?"]},{"$i":"delete-desc-default-ringtone","$v":[{"t":"idOrVar","v":"tone"},"\" з'яўляецца бягучым стандартным сігналам выкліку.\n\nВы напэўна хочаце яго выдаліць?"]},{"$i":"delete-desc-default-alerttone","$v":[{"t":"idOrVar","v":"tone"},"\" з'яўляецца бягучым стандартным сігналам.\n\nНапэўна хочаце яго выдаліць?"]},{"$i":"delete-cancel","$v":"Скасаваць"},{"$i":"delete-confirm","$v":"Выдаліць"},{"$i":"deleted-ringtone","$v":"Сігнал выкліку выдалены."},{"$i":"deleted-alerttone","$v":"Сігнал выдалены."},{"$i":"created-tone","$v":"Створаны сігнал выкліку."},{"$i":"set-default-tone","$v":"Сіг. выкл. зад. як станд."},{"$i":"file-saved","$v":"Захавана як сігнал выкліку."},{"$i":"file-set-as-default-ringtone","$v":"Захавана як мелодыя звароту па змаўчанні."},{"$i":"sd-card-subtitle","$v":"SD-картка"},{"$i":"confirmation","$v":"Пацверджанне"},{"$i":"pick-title","$v":"Выбраць гук"},{"$i":"pick-set","$v":"Настроіць"},{"$i":"system-ringtones","$v":"Сіст. сігналы выкліку"},{"$i":"my-ringtones","$v":"Мае сігналы выкліку"},{"$i":"notice-alerts","$v":"Сігналы заўваг"},{"$i":"section-title-builtin-ringtone","$v":"Сістэмныя рынгторны"},{"$i":"section-title-builtin-alerttone","$v":"Сістэмныя папярэджанні"},{"$i":"section-header-title-ringtone","$v":"Сігналы выклікуs"},{"$i":"section-header-title-alerttone","$v":"Сігналы заўваг"},{"$i":"section-title-custom-ringtone","$v":"Мае сігналы выкліку"},{"$i":"section-title-custom-alerttone","$v":"Мае сігналы"},{"$i":"create-title","$v":"Зах. як сігнал выкліку"},{"$i":"create-save","$v":"Захаваць"},{"$i":"create-cancel","$v":"Скасаваць"},{"$i":"create-select","$v":"Выбраць"},{"$i":"create-deselect","$v":"Адмяніць выбар"},{"$i":"play-error-title","$v":"Пашкоджаны файл"},{"$i":"play-error-desc","$v":"Файл пашкоджаны. Ім нельга карыстацца для стварэння сігналу выкліку."},{"$i":"save-error-title","$v":"Сіг. выкл. не створаны"},{"$i":"save-error-desc","$v":"Была праблема падчас стварэння сігнала выкліку. Паўтарыце спробу."},{"$i":"save-file-large","$v":"Пам. файла завял.."},{"$i":"default-label","$v":"Ўсталяваць па змаўчанні мелодыі"},{"$i":"ok","$v":"ОК"},{"$i":"ringtone-untitled","$v":"Без назвы"},{"$i":"options","$v":"Опцыі"},{"$i":"play","$v":"Прайграваць"},{"$i":"stop","$v":"Спыніць"},{"$i":"share","$v":"Абагуліць"},{"$i":"delete","$v":"Выдаліць"},{"$i":"cancel","$v":"Скасаваць"},{"$i":"select","$v":"Выбраць"},{"$i":"add","$v":"Дадаць"},{"$i":"no-ringtones","$v":"Няма сігналаў выкліку"},{"$i":"no-ringtones-warning","$v":"Няма сігналаў выкліку. Націсніце \"Дадаць\", каб дадаць сігнал выкліку з вашай музыкі."},{"$i":"add-ringtone","$v":"Дадаць сігнал выкліку"},{"$i":"softkey-options","$v":"Параметры"}]