[{"$i":"brandShortName","$v":"KaiOS"},{"$i":"browserBrandShortName","$v":"Web Browser"},{"$i":"browserBrandFullName","$v":"Mozilla Web Browser"},{"$i":"ringtoneBrandName","$v":"Default"},{"$i":"ringtoneSectionBrandName","$v":"System"},{"$i":"ringtone-none","$v":"Няма"},{"$i":"ringer_adventure","$v":"Adventure"},{"$i":"ringer_africa","$v":"Africa"},{"$i":"ringer_bounce","$v":"Bounce"},{"$i":"ringer_disco","$v":"Disco"},{"$i":"ringer_kai","$v":"Кай"},{"$i":"ringer_office","$v":"Office"},{"$i":"ringer_techno","$v":"Techno"},{"$i":"ringer_woody","$v":"Woody"},{"$i":"notifier_bell","$v":"Bell"},{"$i":"notifier_donuts","$v":"Donuts"},{"$i":"notifier_que_paso","$v":"Such rhythm"},{"$i":"notifier_shake","$v":"Shake"},{"$i":"notifier_triple","$v":"Triple"},{"$i":"ringer_azalea","$v":"Azalea"},{"$i":"ringer_bloom","$v":"Bloom"},{"$i":"ringer_blove","$v":"Blove"},{"$i":"ringer_city_lights","$v":"City Lights"},{"$i":"ringer_dots","$v":"Dots"},{"$i":"ringer_flow","$v":"Flow"},{"$i":"ringer_fountain","$v":"Fountain"},{"$i":"ringer_fresh","$v":"Fresh"},{"$i":"ringer_firefox2","$v":[{"t":"idOrVar","v":"ringtoneBrandName"}]},{"$i":"ringer_illuminate","$v":"Illuminate"},{"$i":"ringer_incoming","$v":"Входящо"},{"$i":"ringer_silvery","$v":"Silvery"},{"$i":"ringer_now_or_never","$v":"Now or Never"},{"$i":"ringer_primary","$v":"Основен"},{"$i":"ringer_pure_guitar","$v":"Pure Guitar"},{"$i":"ringer_rounded","$v":"Rounded"},{"$i":"ringer_spring","$v":"Spring"},{"$i":"ringer_stargazer","$v":"Stargazer"},{"$i":"ringer_vaca","$v":"Vaca"},{"$i":"notifier_bells","$v":"Bells"},{"$i":"notifier_bloom","$v":"Bloom"},{"$i":"notifier_chime","$v":"Chime"},{"$i":"notifier_clicka","$v":"Clicka"},{"$i":"notifier_digi","$v":"Digi"},{"$i":"notifier_dropplet","$v":"Dropplet"},{"$i":"notifier_firefox2","$v":[{"t":"idOrVar","v":"ringtoneBrandName"}]},{"$i":"notifier_hello","$v":"Hello"},{"$i":"notifier_ping","$v":"Ping"},{"$i":"notifier_plickle","$v":"Plickle"},{"$i":"notifier_pocko","$v":"Pocko"},{"$i":"notifier_quado","$v":"Quado"},{"$i":"notifier_red","$v":"Червен"},{"$i":"notifier_sato","$v":"Sato"},{"$i":"notifier_trickleup","$v":"Trickle Up"},{"$i":"notifier_trink","$v":"Trink"},{"$i":"notifier_verse","$v":"Verse"},{"$i":"NokiaTune","$v":"NokiaTune"},{"$i":"Arrival","$v":"Arrival"},{"$i":"Barbell","$v":"Barbell"},{"$i":"Bird","$v":"Bird"},{"$i":"Bounce","$v":"Bounce"},{"$i":"Brikabrak","$v":"Brikabrak"},{"$i":"Buzzer","$v":"Buzzer"},{"$i":"Cadenza","$v":"Cadenza"},{"$i":"Chirp","$v":"Chirp"},{"$i":"Delays","$v":"Delays"},{"$i":"Distance","$v":"Distance"},{"$i":"Earring","$v":"Earring"},{"$i":"Electronic","$v":"Electronic"},{"$i":"Imperial","$v":"Imperial"},{"$i":"Karimba","$v":"Karimba"},{"$i":"Marbles","$v":"Marbles"},{"$i":"Monkey_drum","$v":"Monkey drum"},{"$i":"Nostalgia","$v":"Nostalgia"},{"$i":"Ring_ring","$v":"Ring ring"},{"$i":"Spirals","$v":"Ring Spirals"},{"$i":"Stones","$v":"Stones"},{"$i":"Timer","$v":"Timer"},{"$i":"Tip_toe","$v":"Tip toe"},{"$i":"Calendar_1","$v":"Calendar_1"},{"$i":"Calendar_2","$v":"Calendar_2"},{"$i":"Calendar_3","$v":"Calendar_3"},{"$i":"Message_1","$v":"Message_1"},{"$i":"Message_2","$v":"Message_2"},{"$i":"Message_3","$v":"Message_3"},{"$i":"Message_4","$v":"Message_4"},{"$i":"Message_5","$v":"Message_5"},{"$i":"manage-title-2","$v":"Управл. на звуци"},{"$i":"actions-share-ringtone","$v":"Споделяне на мелодия"},{"$i":"actions-delete-ringtone","$v":"Изтриване на мелодия"},{"$i":"actions-share-alerttone","$v":"Споделяне на сигнал"},{"$i":"actions-delete-alerttone","$v":"Изтриване на сигнал"},{"$i":"actions-cancel","$v":"Отмяна"},{"$i":"delete-title-ringtone","$v":"Изтриване на мелодия"},{"$i":"delete-title-alerttone","$v":"Изтриване на сигнал"},{"$i":"delete-desc","$v":["Наистина ли искате да изтриете \"",{"t":"idOrVar","v":"tone"},"\"?"]},{"$i":"delete-desc-default-ringtone","$v":["„",{"t":"idOrVar","v":"tone"},"“ е мелодията по подразбиране.\n\nНаистина ли искате да я изтриете?"]},{"$i":"delete-desc-default-alerttone","$v":["„",{"t":"idOrVar","v":"tone"},"“ е сигналът по подразбиране.\n\nНаистина ли искате да го изтриете?"]},{"$i":"delete-cancel","$v":"Отмяна"},{"$i":"delete-confirm","$v":"Изтриване"},{"$i":"deleted-ringtone","$v":"Мелодията е изтрита."},{"$i":"deleted-alerttone","$v":"Сигналът е изтрит."},{"$i":"created-tone","$v":"Мелодията е създадена."},{"$i":"set-default-tone","$v":"Мелод. зад. по подразбр."},{"$i":"file-saved","$v":"Записано като мелодия."},{"$i":"file-set-as-default-ringtone","$v":"Записано като тон на звънене по подразбиране."},{"$i":"sd-card-subtitle","$v":"SD карта"},{"$i":"confirmation","$v":"Потвърждаване"},{"$i":"pick-title","$v":"Изберете звук"},{"$i":"pick-set","$v":"Задаване"},{"$i":"system-ringtones","$v":"Системни мелодии"},{"$i":"my-ringtones","$v":"Моите мелодии"},{"$i":"notice-alerts","$v":"Сигнали за известия"},{"$i":"section-title-builtin-ringtone","$v":"Системни мелодии"},{"$i":"section-title-builtin-alerttone","$v":"Сист. сигнали"},{"$i":"section-header-title-ringtone","$v":"Мелодии"},{"$i":"section-header-title-alerttone","$v":"Сигнали за известия"},{"$i":"section-title-custom-ringtone","$v":"Моите мелодии"},{"$i":"section-title-custom-alerttone","$v":"Моите сигнали"},{"$i":"create-title","$v":"Запамет. като мелодия"},{"$i":"create-save","$v":"Запис"},{"$i":"create-cancel","$v":"Отмяна"},{"$i":"create-select","$v":"Избор"},{"$i":"create-deselect","$v":"Размаркиране"},{"$i":"play-error-title","$v":"Повреден файл"},{"$i":"play-error-desc","$v":"Файлът е повреден. Не може да се използва за създаване на мелодия."},{"$i":"save-error-title","$v":"Мелод. не е създ."},{"$i":"save-error-desc","$v":"Имаше проблем със създаването на мелодията. Опитайте отново."},{"$i":"save-file-large","$v":"Размерът на файла е твърде голям."},{"$i":"default-label","$v":"Задайте като мелодия по подразбиране"},{"$i":"ok","$v":"ОК"},{"$i":"ringtone-untitled","$v":"Без име"},{"$i":"options","$v":"Опции"},{"$i":"play","$v":"ПРЕСЛУШАЙ"},{"$i":"stop","$v":"Спиране"},{"$i":"share","$v":"Споделяне"},{"$i":"delete","$v":"Изтриване"},{"$i":"cancel","$v":"Отмяна"},{"$i":"select","$v":"Избор"},{"$i":"add","$v":"Добавяне"},{"$i":"no-ringtones","$v":"Няма мелодии"},{"$i":"no-ringtones-warning","$v":"Няма мелодии. Натиснете „Добавяне“, за да добавите мелодия от музиката си."},{"$i":"add-ringtone","$v":"Добавяне на мелодия"},{"$i":"softkey-options","$v":"Опции"}]