[{"$i":"brandShortName","$v":"KaiOS"},{"$i":"browserBrandShortName","$v":"Web Browser"},{"$i":"browserBrandFullName","$v":"Mozilla Web Browser"},{"$i":"ringtoneBrandName","$v":"Default"},{"$i":"ringtoneSectionBrandName","$v":"System"},{"$i":"ringtone-none","$v":"কিছুই না"},{"$i":"ringer_adventure","$v":"Adventure"},{"$i":"ringer_africa","$v":"Africa"},{"$i":"ringer_bounce","$v":"Bounce"},{"$i":"ringer_disco","$v":"Disco"},{"$i":"ringer_kai","$v":"কাই"},{"$i":"ringer_office","$v":"Office"},{"$i":"ringer_techno","$v":"Techno"},{"$i":"ringer_woody","$v":"Woody"},{"$i":"notifier_bell","$v":"Bell"},{"$i":"notifier_donuts","$v":"Donuts"},{"$i":"notifier_que_paso","$v":"Such rhythm"},{"$i":"notifier_shake","$v":"Shake"},{"$i":"notifier_triple","$v":"Triple"},{"$i":"ringer_azalea","$v":"Azalea"},{"$i":"ringer_bloom","$v":"Bloom"},{"$i":"ringer_blove","$v":"Blove"},{"$i":"ringer_city_lights","$v":"City Lights"},{"$i":"ringer_dots","$v":"Dots"},{"$i":"ringer_flow","$v":"Flow"},{"$i":"ringer_fountain","$v":"Fountain"},{"$i":"ringer_fresh","$v":"Fresh"},{"$i":"ringer_firefox2","$v":[{"t":"idOrVar","v":"ringtoneBrandName"}]},{"$i":"ringer_illuminate","$v":"Illuminate"},{"$i":"ringer_incoming","$v":"আগত"},{"$i":"ringer_silvery","$v":"Silvery"},{"$i":"ringer_now_or_never","$v":"Now or Never"},{"$i":"ringer_primary","$v":"Primary"},{"$i":"ringer_pure_guitar","$v":"Pure Guitar"},{"$i":"ringer_rounded","$v":"Rounded"},{"$i":"ringer_spring","$v":"Spring"},{"$i":"ringer_stargazer","$v":"Stargazer"},{"$i":"ringer_vaca","$v":"Vaca"},{"$i":"notifier_bells","$v":"Bells"},{"$i":"notifier_bloom","$v":"Bloom"},{"$i":"notifier_chime","$v":"Chime"},{"$i":"notifier_clicka","$v":"Clicka"},{"$i":"notifier_digi","$v":"Digi"},{"$i":"notifier_dropplet","$v":"Dropplet"},{"$i":"notifier_firefox2","$v":[{"t":"idOrVar","v":"ringtoneBrandName"}]},{"$i":"notifier_hello","$v":"Hello"},{"$i":"notifier_ping","$v":"Ping"},{"$i":"notifier_plickle","$v":"Plickle"},{"$i":"notifier_pocko","$v":"Pocko"},{"$i":"notifier_quado","$v":"Quado"},{"$i":"notifier_red","$v":"রেড"},{"$i":"notifier_sato","$v":"Sato"},{"$i":"notifier_trickleup","$v":"Trickle Up"},{"$i":"notifier_trink","$v":"Trink"},{"$i":"notifier_verse","$v":"Verse"},{"$i":"NokiaTune","$v":"NokiaTune"},{"$i":"Arrival","$v":"Arrival"},{"$i":"Barbell","$v":"Barbell"},{"$i":"Bird","$v":"Bird"},{"$i":"Bounce","$v":"Bounce"},{"$i":"Brikabrak","$v":"Brikabrak"},{"$i":"Buzzer","$v":"Buzzer"},{"$i":"Cadenza","$v":"Cadenza"},{"$i":"Chirp","$v":"Chirp"},{"$i":"Delays","$v":"Delays"},{"$i":"Distance","$v":"Distance"},{"$i":"Earring","$v":"Earring"},{"$i":"Electronic","$v":"Electronic"},{"$i":"Imperial","$v":"Imperial"},{"$i":"Karimba","$v":"Karimba"},{"$i":"Marbles","$v":"Marbles"},{"$i":"Monkey_drum","$v":"Monkey drum"},{"$i":"Nostalgia","$v":"Nostalgia"},{"$i":"Ring_ring","$v":"Ring ring"},{"$i":"Spirals","$v":"Ring Spirals"},{"$i":"Stones","$v":"Stones"},{"$i":"Timer","$v":"Timer"},{"$i":"Tip_toe","$v":"Tip toe"},{"$i":"Calendar_1","$v":"Calendar_1"},{"$i":"Calendar_2","$v":"Calendar_2"},{"$i":"Calendar_3","$v":"Calendar_3"},{"$i":"Message_1","$v":"Message_1"},{"$i":"Message_2","$v":"Message_2"},{"$i":"Message_3","$v":"Message_3"},{"$i":"Message_4","$v":"Message_4"},{"$i":"Message_5","$v":"Message_5"},{"$i":"manage-title-2","$v":"টোন নিয়ন্ত্রণ করুন"},{"$i":"actions-share-ringtone","$v":"রিংটোন ভাগ করুন"},{"$i":"actions-delete-ringtone","$v":"রিংটোন মুছুন"},{"$i":"actions-share-alerttone","$v":"ভাগ করার সতর্কতা"},{"$i":"actions-delete-alerttone","$v":"মোছার সতর্কতা"},{"$i":"actions-cancel","$v":"বাতিল করুন"},{"$i":"delete-title-ringtone","$v":"রিংটোন মুছুন"},{"$i":"delete-title-alerttone","$v":"মোছার সতর্কতা"},{"$i":"delete-desc","$v":["আপনি কি এটি মুছে দেওয়ার ব্যাপারে নিশ্চিত \"",{"t":"idOrVar","v":"tone"},"\"?"]},{"$i":"delete-desc-default-ringtone","$v":[{"t":"idOrVar","v":"tone"},"\" হল বর্তমান ডিফল্ট রিংটোন।\n\nআপনি কি মুছে দেওয়ার বিষয়ে নিশ্চিত?"]},{"$i":"delete-desc-default-alerttone","$v":[{"t":"idOrVar","v":"tone"},"\" হল বর্তমান ডিফল্ট অ্যালার্ট।\n\nআপনি কি মুছে দেওয়ার বিষয়ে নিশ্চিত?"]},{"$i":"delete-cancel","$v":"বাতিল করুন"},{"$i":"delete-confirm","$v":"মুছুন"},{"$i":"deleted-ringtone","$v":"রিংটোন মোছা হয়েছে।"},{"$i":"deleted-alerttone","$v":"সতর্কতা মোছা হয়েছে।"},{"$i":"created-tone","$v":"রিংটোন তৈরি করা হয়েছে।"},{"$i":"set-default-tone","$v":"রিংটোন ডিফল্ট হিসেবে সংরক্ষণ করা হয়েছে।"},{"$i":"file-saved","$v":"রিংটোন হিসাবে সংরক্ষিত হয়েছে।"},{"$i":"file-set-as-default-ringtone","$v":"ডিফল্ট রিংটোন হিসাবে সংরক্ষিত।"},{"$i":"sd-card-subtitle","$v":"SD কার্ড"},{"$i":"confirmation","$v":"নিশ্চিতকরণ"},{"$i":"pick-title","$v":"শব্দ নির্বাচন করুন"},{"$i":"pick-set","$v":"সেট করুন"},{"$i":"system-ringtones","$v":"সিস্টেম রিংটোন"},{"$i":"my-ringtones","$v":"আমার রিংটোন"},{"$i":"notice-alerts","$v":"বিজ্ঞপ্তি সতর্কতা"},{"$i":"section-title-builtin-ringtone","$v":"সিস্টেম রিংটোন"},{"$i":"section-title-builtin-alerttone","$v":"সিস্টেম অ্যালার্ট"},{"$i":"section-header-title-ringtone","$v":"রিংটোন"},{"$i":"section-header-title-alerttone","$v":"বিজ্ঞপ্তি সতর্কতা"},{"$i":"section-title-custom-ringtone","$v":"আমার রিংটোন"},{"$i":"section-title-custom-alerttone","$v":"আমার সতর্কতা"},{"$i":"create-title","$v":"রিংটোন হিসাবে সংরক্ষণ করুন"},{"$i":"create-save","$v":"সংরক্ষণ করুন"},{"$i":"create-cancel","$v":"বাতিল করুন"},{"$i":"create-select","$v":"নির্বাচন করুন"},{"$i":"create-deselect","$v":"অনির্বাচন করুন"},{"$i":"play-error-title","$v":"নষ্ট ফাইল"},{"$i":"play-error-desc","$v":"ফাইলটি নষ্ট হয়ে গেছে। এটি রিংটোন তৈরি করতে ব্যবহার করা যাবে না।"},{"$i":"save-error-title","$v":"রিংটোন তৈরি করা হয়নি"},{"$i":"save-error-desc","$v":"রিংটোন তৈরি করার সময় একটি সমস্যা হয়েছে। অনুগ্রহ করে আবার চেষ্টা করুন।"},{"$i":"save-file-large","$v":"ফাইলটি খুব বড়।"},{"$i":"default-label","$v":"ডিফল্ট রিংটোন হিসাবে সেট করুন"},{"$i":"ok","$v":"ঠিক আছে"},{"$i":"ringtone-untitled","$v":"শিরোনামহীন"},{"$i":"options","$v":"বিকল্প"},{"$i":"play","$v":"প্লে করুন"},{"$i":"stop","$v":"থামুন"},{"$i":"share","$v":"ভাগ করুন"},{"$i":"delete","$v":"মুছুন"},{"$i":"cancel","$v":"বাতিল করুন"},{"$i":"select","$v":"নির্বাচন করুন"},{"$i":"add","$v":"জুড়ুন"},{"$i":"no-ringtones","$v":"কোন রিংটোন নেই"},{"$i":"no-ringtones-warning","$v":"কোনও রিংটোন নেই। আপনার মিউজিক থেকে একটি রিংটোন যোগ করতে যোগ করুন টিপুন।"},{"$i":"add-ringtone","$v":"রিংটোন যোগ করুন"},{"$i":"softkey-options","$v":"বিকল্প"}]