[{"$i":"brandShortName","$v":"KaiOS"},{"$i":"browserBrandShortName","$v":"Web Browser"},{"$i":"browserBrandFullName","$v":"Mozilla Web Browser"},{"$i":"ringtoneBrandName","$v":"Default"},{"$i":"ringtoneSectionBrandName","$v":"System"},{"$i":"ringtone-none","$v":"Žádný"},{"$i":"ringer_adventure","$v":"Adventure"},{"$i":"ringer_africa","$v":"Africa"},{"$i":"ringer_bounce","$v":"Bounce"},{"$i":"ringer_disco","$v":"Disco"},{"$i":"ringer_kai","$v":"Kai"},{"$i":"ringer_office","$v":"Office"},{"$i":"ringer_techno","$v":"Techno"},{"$i":"ringer_woody","$v":"Woody"},{"$i":"notifier_bell","$v":"Bell"},{"$i":"notifier_donuts","$v":"Donuts"},{"$i":"notifier_que_paso","$v":"Such rhythm"},{"$i":"notifier_shake","$v":"Shake"},{"$i":"notifier_triple","$v":"Triple"},{"$i":"ringer_azalea","$v":"Azalea"},{"$i":"ringer_bloom","$v":"Bloom"},{"$i":"ringer_blove","$v":"Blove"},{"$i":"ringer_city_lights","$v":"City Lights"},{"$i":"ringer_dots","$v":"Dots"},{"$i":"ringer_flow","$v":"Flow"},{"$i":"ringer_fountain","$v":"Fountain"},{"$i":"ringer_fresh","$v":"Fresh"},{"$i":"ringer_firefox2","$v":[{"t":"idOrVar","v":"ringtoneBrandName"}]},{"$i":"ringer_illuminate","$v":"Illuminate"},{"$i":"ringer_incoming","$v":"Příchozí"},{"$i":"ringer_silvery","$v":"Silvery"},{"$i":"ringer_now_or_never","$v":"Now or Never"},{"$i":"ringer_primary","$v":"Primary"},{"$i":"ringer_pure_guitar","$v":"Pure Guitar"},{"$i":"ringer_rounded","$v":"Rounded"},{"$i":"ringer_spring","$v":"Spring"},{"$i":"ringer_stargazer","$v":"Stargazer"},{"$i":"ringer_vaca","$v":"Vaca"},{"$i":"notifier_bells","$v":"Bells"},{"$i":"notifier_bloom","$v":"Bloom"},{"$i":"notifier_chime","$v":"Chime"},{"$i":"notifier_clicka","$v":"Clicka"},{"$i":"notifier_digi","$v":"Digi"},{"$i":"notifier_dropplet","$v":"Dropplet"},{"$i":"notifier_firefox2","$v":[{"t":"idOrVar","v":"ringtoneBrandName"}]},{"$i":"notifier_hello","$v":"Hello"},{"$i":"notifier_ping","$v":"Ping"},{"$i":"notifier_plickle","$v":"Plickle"},{"$i":"notifier_pocko","$v":"Pocko"},{"$i":"notifier_quado","$v":"Quado"},{"$i":"notifier_red","$v":"Red"},{"$i":"notifier_sato","$v":"Sato"},{"$i":"notifier_trickleup","$v":"Trickle Up"},{"$i":"notifier_trink","$v":"Trink"},{"$i":"notifier_verse","$v":"Verse"},{"$i":"NokiaTune","$v":"NokiaTune"},{"$i":"Arrival","$v":"Arrival"},{"$i":"Barbell","$v":"Barbell"},{"$i":"Bird","$v":"Bird"},{"$i":"Bounce","$v":"Bounce"},{"$i":"Brikabrak","$v":"Brikabrak"},{"$i":"Buzzer","$v":"Buzzer"},{"$i":"Cadenza","$v":"Cadenza"},{"$i":"Chirp","$v":"Chirp"},{"$i":"Delays","$v":"Delays"},{"$i":"Distance","$v":"Distance"},{"$i":"Earring","$v":"Earring"},{"$i":"Electronic","$v":"Electronic"},{"$i":"Imperial","$v":"Imperial"},{"$i":"Karimba","$v":"Karimba"},{"$i":"Marbles","$v":"Marbles"},{"$i":"Monkey_drum","$v":"Monkey drum"},{"$i":"Nostalgia","$v":"Nostalgia"},{"$i":"Ring_ring","$v":"Ring ring"},{"$i":"Spirals","$v":"Ring Spirals"},{"$i":"Stones","$v":"Stones"},{"$i":"Timer","$v":"Timer"},{"$i":"Tip_toe","$v":"Tip toe"},{"$i":"Calendar_1","$v":"Calendar_1"},{"$i":"Calendar_2","$v":"Calendar_2"},{"$i":"Calendar_3","$v":"Calendar_3"},{"$i":"Message_1","$v":"Message_1"},{"$i":"Message_2","$v":"Message_2"},{"$i":"Message_3","$v":"Message_3"},{"$i":"Message_4","$v":"Message_4"},{"$i":"Message_5","$v":"Message_5"},{"$i":"manage-title-2","$v":"Správa tónů"},{"$i":"actions-share-ringtone","$v":"Sdílet vyzv. tón"},{"$i":"actions-delete-ringtone","$v":"Odstranit vyzvánění"},{"$i":"actions-share-alerttone","$v":"Sdílet výstrahu"},{"$i":"actions-delete-alerttone","$v":"Odstranit upozornění"},{"$i":"actions-cancel","$v":"Zrušit"},{"$i":"delete-title-ringtone","$v":"Odstranit vyzvánění"},{"$i":"delete-title-alerttone","$v":"Odstranit upozornění"},{"$i":"delete-desc","$v":["Opravdu chcete odstranit „",{"t":"idOrVar","v":"tone"},"“?"]},{"$i":"delete-desc-default-ringtone","$v":["„",{"t":"idOrVar","v":"tone"},"“ je aktuální výchozí vyzváněcí tón.\n\nOpravdu ho chcete odstranit?"]},{"$i":"delete-desc-default-alerttone","$v":["„",{"t":"idOrVar","v":"tone"},"“ je aktuální výchozí upozornění.\n\nOpravdu ho chcete odstranit?"]},{"$i":"delete-cancel","$v":"Zrušit"},{"$i":"delete-confirm","$v":"Odstranit"},{"$i":"deleted-ringtone","$v":"Vyzváněcí tón odstraněn."},{"$i":"deleted-alerttone","$v":"Výstraha odstraněna."},{"$i":"created-tone","$v":"Vyzváněcí tón vytvořen."},{"$i":"set-default-tone","$v":"Vyzváněcí tón nastaven jako výchozí."},{"$i":"file-saved","$v":"Uloženo jako vyzv. tón"},{"$i":"file-set-as-default-ringtone","$v":"Uloženo jako výchozí vyzváněcí tón."},{"$i":"sd-card-subtitle","$v":"SD karta"},{"$i":"confirmation","$v":"Potvrzení"},{"$i":"pick-title","$v":"Vybrat zvuk"},{"$i":"pick-set","$v":"Nastavit"},{"$i":"system-ringtones","$v":"Vyzv. tóny systému"},{"$i":"my-ringtones","$v":"Vyzváněcí tóny"},{"$i":"notice-alerts","$v":"Upozornění"},{"$i":"section-title-builtin-ringtone","$v":"Vyzv. tóny systému"},{"$i":"section-title-builtin-alerttone","$v":"Syst. výstrahy"},{"$i":"section-header-title-ringtone","$v":"Vyzváněcí tóny"},{"$i":"section-header-title-alerttone","$v":"Upozornění"},{"$i":"section-title-custom-ringtone","$v":"Vyzváněcí tóny"},{"$i":"section-title-custom-alerttone","$v":"Moje výstrahy"},{"$i":"create-title","$v":"Uložit jako vyzv. tón"},{"$i":"create-save","$v":"Uložit"},{"$i":"create-cancel","$v":"Zrušit"},{"$i":"create-select","$v":"Vybrat"},{"$i":"create-deselect","$v":"Zrušit výběr"},{"$i":"play-error-title","$v":"Poškozený soubor"},{"$i":"play-error-desc","$v":"Soubor je poškozený a nelze jej použít k vytvoření vyzv. tónu."},{"$i":"save-error-title","$v":"Vyzváněcí tón nevytvořen"},{"$i":"save-error-desc","$v":"Při vytváření vyzv. tónu došlo k potížím. Akci opakujte."},{"$i":"save-file-large","$v":"Soubor je příliš velký."},{"$i":"default-label","$v":"Nastavte jako výchozí vyzváněcí tón"},{"$i":"ok","$v":"OK"},{"$i":"ringtone-untitled","$v":"Bez názvu"},{"$i":"options","$v":"Možnosti"},{"$i":"play","$v":"Přehrát"},{"$i":"stop","$v":"Zastavit"},{"$i":"share","$v":"Sdílet"},{"$i":"delete","$v":"Odstranit"},{"$i":"cancel","$v":"Zrušit"},{"$i":"select","$v":"Vybrat"},{"$i":"add","$v":"Přidat"},{"$i":"no-ringtones","$v":"Žádné vyzváněcí tóny"},{"$i":"no-ringtones-warning","$v":"Žádná vyzvánění. Stiskněte Přidat a přidejte vyzvánění ze složky s hudbou."},{"$i":"add-ringtone","$v":"Přidat vyzvánění"},{"$i":"softkey-options","$v":"Možnosti"}]