[{"$i":"brandShortName","$v":"KaiOS"},{"$i":"browserBrandShortName","$v":"Web Browser"},{"$i":"browserBrandFullName","$v":"Mozilla Web Browser"},{"$i":"ringtoneBrandName","$v":"Default"},{"$i":"ringtoneSectionBrandName","$v":"System"},{"$i":"ringtone-none","$v":"Ingen"},{"$i":"ringer_adventure","$v":"Adventure"},{"$i":"ringer_africa","$v":"Africa"},{"$i":"ringer_bounce","$v":"Bounce"},{"$i":"ringer_disco","$v":"Disco"},{"$i":"ringer_kai","$v":"Kai"},{"$i":"ringer_office","$v":"Office"},{"$i":"ringer_techno","$v":"Techno"},{"$i":"ringer_woody","$v":"Woody"},{"$i":"notifier_bell","$v":"Bell"},{"$i":"notifier_donuts","$v":"Donuts"},{"$i":"notifier_que_paso","$v":"Such rhythm"},{"$i":"notifier_shake","$v":"Shake"},{"$i":"notifier_triple","$v":"Triple"},{"$i":"ringer_azalea","$v":"Azalea"},{"$i":"ringer_bloom","$v":"Bloom"},{"$i":"ringer_blove","$v":"Blove"},{"$i":"ringer_city_lights","$v":"City Lights"},{"$i":"ringer_dots","$v":"Dots"},{"$i":"ringer_flow","$v":"Flow"},{"$i":"ringer_fountain","$v":"Fountain"},{"$i":"ringer_fresh","$v":"Fresh"},{"$i":"ringer_firefox2","$v":[{"t":"idOrVar","v":"ringtoneBrandName"}]},{"$i":"ringer_illuminate","$v":"Illuminate"},{"$i":"ringer_incoming","$v":"Indgående"},{"$i":"ringer_silvery","$v":"Silvery"},{"$i":"ringer_now_or_never","$v":"Now or Never"},{"$i":"ringer_primary","$v":"Primær"},{"$i":"ringer_pure_guitar","$v":"Pure Guitar"},{"$i":"ringer_rounded","$v":"Rounded"},{"$i":"ringer_spring","$v":"Spring"},{"$i":"ringer_stargazer","$v":"Stargazer"},{"$i":"ringer_vaca","$v":"Vaca"},{"$i":"notifier_bells","$v":"Bells"},{"$i":"notifier_bloom","$v":"Bloom"},{"$i":"notifier_chime","$v":"Chime"},{"$i":"notifier_clicka","$v":"Clicka"},{"$i":"notifier_digi","$v":"Digi"},{"$i":"notifier_dropplet","$v":"Dropplet"},{"$i":"notifier_firefox2","$v":[{"t":"idOrVar","v":"ringtoneBrandName"}]},{"$i":"notifier_hello","$v":"Hello"},{"$i":"notifier_ping","$v":"Ping"},{"$i":"notifier_plickle","$v":"Plickle"},{"$i":"notifier_pocko","$v":"Pocko"},{"$i":"notifier_quado","$v":"Quado"},{"$i":"notifier_red","$v":"Rød"},{"$i":"notifier_sato","$v":"Sato"},{"$i":"notifier_trickleup","$v":"Trickle Up"},{"$i":"notifier_trink","$v":"Trink"},{"$i":"notifier_verse","$v":"Verse"},{"$i":"NokiaTune","$v":"NokiaTune"},{"$i":"Arrival","$v":"Arrival"},{"$i":"Barbell","$v":"Barbell"},{"$i":"Bird","$v":"Bird"},{"$i":"Bounce","$v":"Bounce"},{"$i":"Brikabrak","$v":"Brikabrak"},{"$i":"Buzzer","$v":"Buzzer"},{"$i":"Cadenza","$v":"Cadenza"},{"$i":"Chirp","$v":"Chirp"},{"$i":"Delays","$v":"Delays"},{"$i":"Distance","$v":"Distance"},{"$i":"Earring","$v":"Earring"},{"$i":"Electronic","$v":"Electronic"},{"$i":"Imperial","$v":"Imperial"},{"$i":"Karimba","$v":"Karimba"},{"$i":"Marbles","$v":"Marbles"},{"$i":"Monkey_drum","$v":"Monkey drum"},{"$i":"Nostalgia","$v":"Nostalgia"},{"$i":"Ring_ring","$v":"Ring ring"},{"$i":"Spirals","$v":"Ring Spirals"},{"$i":"Stones","$v":"Stones"},{"$i":"Timer","$v":"Timer"},{"$i":"Tip_toe","$v":"Tip toe"},{"$i":"Calendar_1","$v":"Calendar_1"},{"$i":"Calendar_2","$v":"Calendar_2"},{"$i":"Calendar_3","$v":"Calendar_3"},{"$i":"Message_1","$v":"Message_1"},{"$i":"Message_2","$v":"Message_2"},{"$i":"Message_3","$v":"Message_3"},{"$i":"Message_4","$v":"Message_4"},{"$i":"Message_5","$v":"Message_5"},{"$i":"manage-title-2","$v":"Administrer toner"},{"$i":"actions-share-ringtone","$v":"Del ringetone"},{"$i":"actions-delete-ringtone","$v":"Slet ringetone"},{"$i":"actions-share-alerttone","$v":"Del advarsel"},{"$i":"actions-delete-alerttone","$v":"Slet advarsel"},{"$i":"actions-cancel","$v":"Annuller"},{"$i":"delete-title-ringtone","$v":"Slet ringetone"},{"$i":"delete-title-alerttone","$v":"Slet advarsel"},{"$i":"delete-desc","$v":["Er du sikker på, at du vil slette \"",{"t":"idOrVar","v":"tone"},"\"?"]},{"$i":"delete-desc-default-ringtone","$v":[{"t":"idOrVar","v":"tone"},"\" er den aktuelle standardringetone.\n\nEr du sikker på, at du vil slette den?"]},{"$i":"delete-desc-default-alerttone","$v":[{"t":"idOrVar","v":"tone"},"\" er den aktuelle standardalarm.\n\nEr du sikker på, at du vil slette den?"]},{"$i":"delete-cancel","$v":"Annuller"},{"$i":"delete-confirm","$v":"Slet"},{"$i":"deleted-ringtone","$v":"Ringetone slettet."},{"$i":"deleted-alerttone","$v":"Advarsel slettet."},{"$i":"created-tone","$v":"Ringetone oprettet."},{"$i":"set-default-tone","$v":"Ringetone er valgt som standard."},{"$i":"file-saved","$v":"Gemt som ringetone."},{"$i":"file-set-as-default-ringtone","$v":"Gemt som standard ringetone."},{"$i":"sd-card-subtitle","$v":"SD-kort"},{"$i":"confirmation","$v":"Bekræftelse"},{"$i":"pick-title","$v":"Vælg lyd"},{"$i":"pick-set","$v":"Angiv"},{"$i":"system-ringtones","$v":"Systemringetoner"},{"$i":"my-ringtones","$v":"Mine ringetoner"},{"$i":"notice-alerts","$v":"Meddelelsessignaler"},{"$i":"section-title-builtin-ringtone","$v":"Systemringetoner"},{"$i":"section-title-builtin-alerttone","$v":"Systemadvarsler"},{"$i":"section-header-title-ringtone","$v":"Ringetoner"},{"$i":"section-header-title-alerttone","$v":"Meddelelsessignaler"},{"$i":"section-title-custom-ringtone","$v":"Mine ringetoner"},{"$i":"section-title-custom-alerttone","$v":"Mine alarmer"},{"$i":"create-title","$v":"Gem som ringetone"},{"$i":"create-save","$v":"Gem"},{"$i":"create-cancel","$v":"Annuller"},{"$i":"create-select","$v":"Vælg"},{"$i":"create-deselect","$v":"Fravælg"},{"$i":"play-error-title","$v":"Beskadiget fil"},{"$i":"play-error-desc","$v":"Filen er beskadiget. Den kan ikke bruges til at oprette en ringetone."},{"$i":"save-error-title","$v":"Ringetone ikke oprettet"},{"$i":"save-error-desc","$v":"Der opstod et problem under oprettelse af ringetonen. Prøv igen."},{"$i":"save-file-large","$v":"Filstørrelsen er for stor."},{"$i":"default-label","$v":"Indstil som standard ringetone"},{"$i":"ok","$v":"OK"},{"$i":"ringtone-untitled","$v":"Uden titel"},{"$i":"options","$v":"Valg"},{"$i":"play","$v":"Afspil"},{"$i":"stop","$v":"Stop"},{"$i":"share","$v":"Del"},{"$i":"delete","$v":"Slet"},{"$i":"cancel","$v":"Annuller"},{"$i":"select","$v":"Vælg"},{"$i":"add","$v":"Add"},{"$i":"no-ringtones","$v":"Ingen ringetoner"},{"$i":"no-ringtones-warning","$v":"Ingen ringetoner. Tryk på Tilføj for at tilføje en ringetone fra din musik."},{"$i":"add-ringtone","$v":"Tilføj ringetone"},{"$i":"softkey-options","$v":"Valg"}]