[{"$i":"brandShortName","$v":"KaiOS"},{"$i":"browserBrandShortName","$v":"Web Browser"},{"$i":"browserBrandFullName","$v":"Mozilla Web Browser"},{"$i":"ringtoneBrandName","$v":"Default"},{"$i":"ringtoneSectionBrandName","$v":"System"},{"$i":"ringtone-none","$v":"Keiner"},{"$i":"ringer_adventure","$v":"Adventure"},{"$i":"ringer_africa","$v":"Afrika"},{"$i":"ringer_bounce","$v":"Bounce"},{"$i":"ringer_disco","$v":"Disco"},{"$i":"ringer_kai","$v":"Kai"},{"$i":"ringer_office","$v":"Office"},{"$i":"ringer_techno","$v":"Techno"},{"$i":"ringer_woody","$v":"Woody"},{"$i":"notifier_bell","$v":"Bell"},{"$i":"notifier_donuts","$v":"Donuts"},{"$i":"notifier_que_paso","$v":"Qué paso"},{"$i":"notifier_shake","$v":"Shake"},{"$i":"notifier_triple","$v":"Triple"},{"$i":"ringer_azalea","$v":"Azalea"},{"$i":"ringer_bloom","$v":"Bloom"},{"$i":"ringer_blove","$v":"Blove"},{"$i":"ringer_city_lights","$v":"City Lights"},{"$i":"ringer_dots","$v":"Dots"},{"$i":"ringer_flow","$v":"Flow"},{"$i":"ringer_fountain","$v":"Fountain"},{"$i":"ringer_fresh","$v":"Fresh"},{"$i":"ringer_firefox2","$v":[{"t":"idOrVar","v":"ringtoneBrandName"}]},{"$i":"ringer_illuminate","$v":"Illuminate"},{"$i":"ringer_incoming","$v":"Incoming"},{"$i":"ringer_silvery","$v":"Silvery"},{"$i":"ringer_now_or_never","$v":"Now or Never"},{"$i":"ringer_primary","$v":"Primary"},{"$i":"ringer_pure_guitar","$v":"Pure Guitar"},{"$i":"ringer_rounded","$v":"Gerundet"},{"$i":"ringer_spring","$v":"Spring"},{"$i":"ringer_stargazer","$v":"Stargazer"},{"$i":"ringer_vaca","$v":"Vaca"},{"$i":"notifier_bells","$v":"Bells"},{"$i":"notifier_bloom","$v":"Bloom"},{"$i":"notifier_chime","$v":"Chime"},{"$i":"notifier_clicka","$v":"Clicka"},{"$i":"notifier_digi","$v":"Digi"},{"$i":"notifier_dropplet","$v":"Dropplet"},{"$i":"notifier_firefox2","$v":[{"t":"idOrVar","v":"ringtoneBrandName"}]},{"$i":"notifier_hello","$v":"Hello"},{"$i":"notifier_ping","$v":"Ping"},{"$i":"notifier_plickle","$v":"Plickle"},{"$i":"notifier_pocko","$v":"Pocko"},{"$i":"notifier_quado","$v":"Quado"},{"$i":"notifier_red","$v":"Red"},{"$i":"notifier_sato","$v":"Sato"},{"$i":"notifier_trickleup","$v":"Trickle Up"},{"$i":"notifier_trink","$v":"Trink"},{"$i":"notifier_verse","$v":"Verse"},{"$i":"NokiaTune","$v":"NokiaTune"},{"$i":"Arrival","$v":"Arrival"},{"$i":"Barbell","$v":"Barbell"},{"$i":"Bird","$v":"Bird"},{"$i":"Bounce","$v":"Bounce"},{"$i":"Brikabrak","$v":"Brikabrak"},{"$i":"Buzzer","$v":"Buzzer"},{"$i":"Cadenza","$v":"Cadenza"},{"$i":"Chirp","$v":"Chirp"},{"$i":"Delays","$v":"Delays"},{"$i":"Distance","$v":"Distance"},{"$i":"Earring","$v":"Earring"},{"$i":"Electronic","$v":"Electronic"},{"$i":"Imperial","$v":"Imperial"},{"$i":"Karimba","$v":"Karimba"},{"$i":"Marbles","$v":"Marbles"},{"$i":"Monkey_drum","$v":"Monkey drum"},{"$i":"Nostalgia","$v":"Nostalgia"},{"$i":"Ring_ring","$v":"Ring ring"},{"$i":"Spirals","$v":"Ring Spirals"},{"$i":"Stones","$v":"Stones"},{"$i":"Timer","$v":"Timer"},{"$i":"Tip_toe","$v":"Tip toe"},{"$i":"Calendar_1","$v":"Calendar_1"},{"$i":"Calendar_2","$v":"Calendar_2"},{"$i":"Calendar_3","$v":"Calendar_3"},{"$i":"Message_1","$v":"Message_1"},{"$i":"Message_2","$v":"Message_2"},{"$i":"Message_3","$v":"Message_3"},{"$i":"Message_4","$v":"Message_4"},{"$i":"Message_5","$v":"Message_5"},{"$i":"manage-title-2","$v":"Klingeltöne verwalten"},{"$i":"actions-share-ringtone","$v":"Klingelton teilen"},{"$i":"actions-delete-ringtone","$v":"Klingelton löschen"},{"$i":"actions-share-alerttone","$v":"Warnung teilen"},{"$i":"actions-delete-alerttone","$v":"Warnung löschen"},{"$i":"actions-cancel","$v":"Abbrechen"},{"$i":"delete-title-ringtone","$v":"Klingelton löschen"},{"$i":"delete-title-alerttone","$v":"Warnung löschen"},{"$i":"delete-desc","$v":["Möchten Sie „",{"t":"idOrVar","v":"tone"},"“ wirklich löschen?"]},{"$i":"delete-desc-default-ringtone","$v":["„",{"t":"idOrVar","v":"tone"},"“ ist der derzeitige Standard-Klingelton.\n\nMöchten Sie ihn wirklich löschen?"]},{"$i":"delete-desc-default-alerttone","$v":["„",{"t":"idOrVar","v":"tone"},"“ ist die derzeitige Standard-Warnung.\n\nMöchten Sie sie wirklich löschen?"]},{"$i":"delete-cancel","$v":"Abbrechen"},{"$i":"delete-confirm","$v":"Löschen"},{"$i":"deleted-ringtone","$v":"Klingelton gelöscht."},{"$i":"deleted-alerttone","$v":"Warnung gelöscht."},{"$i":"created-tone","$v":"Klingelton erstellt."},{"$i":"set-default-tone","$v":"Klingelton als Standard festgelegt."},{"$i":"file-saved","$v":"Als Klingelton gespeichert."},{"$i":"file-set-as-default-ringtone","$v":"Als Standardklingelton gespeichert."},{"$i":"sd-card-subtitle","$v":"SD-Karte"},{"$i":"confirmation","$v":"Bestätigung"},{"$i":"pick-title","$v":"Ton auswählen"},{"$i":"pick-set","$v":"Festlegen"},{"$i":"system-ringtones","$v":"System-Klingeltöne"},{"$i":"my-ringtones","$v":"Meine Klingeltöne"},{"$i":"notice-alerts","$v":"Hinweiswarnungen"},{"$i":"section-title-builtin-ringtone","$v":"System-Klingeltöne"},{"$i":"section-title-builtin-alerttone","$v":"Systembenachrichtigung"},{"$i":"section-header-title-ringtone","$v":"Klingeltöne"},{"$i":"section-header-title-alerttone","$v":"Hinweiswarnungen"},{"$i":"section-title-custom-ringtone","$v":"Meine Klingeltöne"},{"$i":"section-title-custom-alerttone","$v":"Meine Warnungen"},{"$i":"create-title","$v":"Als Klingelton speichern"},{"$i":"create-save","$v":"Speichern"},{"$i":"create-cancel","$v":"Abbrechen"},{"$i":"create-select","$v":"Auswählen"},{"$i":"create-deselect","$v":"ABWÄHLEN"},{"$i":"play-error-title","$v":"Beschädigte Datei"},{"$i":"play-error-desc","$v":"Die Datei ist beschädigt und kann nicht verwendet werden, um einen Klingelton zu erstellen."},{"$i":"save-error-title","$v":"Klingelton nicht erstellt"},{"$i":"save-error-desc","$v":"Beim Erstellen des Klingeltons ist ein Problem aufgetreten. Versuchen Sie es erneut."},{"$i":"save-file-large","$v":"Datei ist zu groß."},{"$i":"default-label","$v":"Als Standardklingelton einstellen"},{"$i":"ok","$v":"OK"},{"$i":"ringtone-untitled","$v":"Unbenannt"},{"$i":"options","$v":"Optionen"},{"$i":"play","$v":"Wiedergabe"},{"$i":"stop","$v":"Anhalten"},{"$i":"share","$v":"Teilen"},{"$i":"delete","$v":"Löschen"},{"$i":"cancel","$v":"Abbrechen"},{"$i":"select","$v":"Auswählen"},{"$i":"add","$v":"Hinzufügen"},{"$i":"no-ringtones","$v":"Keine Klingeltöne"},{"$i":"no-ringtones-warning","$v":"Keine Klingeltöne „Hinzufügen“ berühren: Klingelton aus eigener Musik hinzufügen"},{"$i":"add-ringtone","$v":"Klingelton hinzufügen"},{"$i":"softkey-options","$v":"Optionen"}]