[{"$i":"brandShortName","$v":"KaiOS"},{"$i":"browserBrandShortName","$v":"Web Browser"},{"$i":"browserBrandFullName","$v":"Mozilla Web Browser"},{"$i":"ringtoneBrandName","$v":"Default"},{"$i":"ringtoneSectionBrandName","$v":"System"},{"$i":"ringtone-none","$v":"Κανένα"},{"$i":"ringer_adventure","$v":"Adventure"},{"$i":"ringer_africa","$v":"Africa"},{"$i":"ringer_bounce","$v":"Bounce"},{"$i":"ringer_disco","$v":"Disco"},{"$i":"ringer_kai","$v":"Kai"},{"$i":"ringer_office","$v":"Office"},{"$i":"ringer_techno","$v":"Techno"},{"$i":"ringer_woody","$v":"Woody"},{"$i":"notifier_bell","$v":"Bell"},{"$i":"notifier_donuts","$v":"Donuts"},{"$i":"notifier_que_paso","$v":"Such rhythm"},{"$i":"notifier_shake","$v":"Shake"},{"$i":"notifier_triple","$v":"Triple"},{"$i":"ringer_azalea","$v":"Azalea"},{"$i":"ringer_bloom","$v":"Bloom"},{"$i":"ringer_blove","$v":"Blove"},{"$i":"ringer_city_lights","$v":"City Lights"},{"$i":"ringer_dots","$v":"Dots"},{"$i":"ringer_flow","$v":"Flow"},{"$i":"ringer_fountain","$v":"Fountain"},{"$i":"ringer_fresh","$v":"Fresh"},{"$i":"ringer_firefox2","$v":[{"t":"idOrVar","v":"ringtoneBrandName"}]},{"$i":"ringer_illuminate","$v":"Illuminate"},{"$i":"ringer_incoming","$v":"Εισερχόμενη"},{"$i":"ringer_silvery","$v":"Silvery"},{"$i":"ringer_now_or_never","$v":"Now or Never"},{"$i":"ringer_primary","$v":"Πρωταρχικός"},{"$i":"ringer_pure_guitar","$v":"Pure Guitar"},{"$i":"ringer_rounded","$v":"Rounded"},{"$i":"ringer_spring","$v":"Spring"},{"$i":"ringer_stargazer","$v":"Stargazer"},{"$i":"ringer_vaca","$v":"Vaca"},{"$i":"notifier_bells","$v":"Bells"},{"$i":"notifier_bloom","$v":"Bloom"},{"$i":"notifier_chime","$v":"Chime"},{"$i":"notifier_clicka","$v":"Clicka"},{"$i":"notifier_digi","$v":"Digi"},{"$i":"notifier_dropplet","$v":"Dropplet"},{"$i":"notifier_firefox2","$v":[{"t":"idOrVar","v":"ringtoneBrandName"}]},{"$i":"notifier_hello","$v":"Hello"},{"$i":"notifier_ping","$v":"Ping"},{"$i":"notifier_plickle","$v":"Plickle"},{"$i":"notifier_pocko","$v":"Pocko"},{"$i":"notifier_quado","$v":"Quado"},{"$i":"notifier_red","$v":"Red"},{"$i":"notifier_sato","$v":"Sato"},{"$i":"notifier_trickleup","$v":"Trickle Up"},{"$i":"notifier_trink","$v":"Trink"},{"$i":"notifier_verse","$v":"Verse"},{"$i":"NokiaTune","$v":"NokiaTune"},{"$i":"Arrival","$v":"Arrival"},{"$i":"Barbell","$v":"Barbell"},{"$i":"Bird","$v":"Bird"},{"$i":"Bounce","$v":"Bounce"},{"$i":"Brikabrak","$v":"Brikabrak"},{"$i":"Buzzer","$v":"Buzzer"},{"$i":"Cadenza","$v":"Cadenza"},{"$i":"Chirp","$v":"Chirp"},{"$i":"Delays","$v":"Delays"},{"$i":"Distance","$v":"Distance"},{"$i":"Earring","$v":"Earring"},{"$i":"Electronic","$v":"Electronic"},{"$i":"Imperial","$v":"Imperial"},{"$i":"Karimba","$v":"Karimba"},{"$i":"Marbles","$v":"Marbles"},{"$i":"Monkey_drum","$v":"Monkey drum"},{"$i":"Nostalgia","$v":"Nostalgia"},{"$i":"Ring_ring","$v":"Ring ring"},{"$i":"Spirals","$v":"Ring Spirals"},{"$i":"Stones","$v":"Stones"},{"$i":"Timer","$v":"Timer"},{"$i":"Tip_toe","$v":"Tip toe"},{"$i":"Calendar_1","$v":"Calendar_1"},{"$i":"Calendar_2","$v":"Calendar_2"},{"$i":"Calendar_3","$v":"Calendar_3"},{"$i":"Message_1","$v":"Message_1"},{"$i":"Message_2","$v":"Message_2"},{"$i":"Message_3","$v":"Message_3"},{"$i":"Message_4","$v":"Message_4"},{"$i":"Message_5","$v":"Message_5"},{"$i":"manage-title-2","$v":"Διαχείριση τόνων"},{"$i":"actions-share-ringtone","$v":"Κοινή χρ. ήχ. κλήσης"},{"$i":"actions-delete-ringtone","$v":"Διαγραφή ήχου κλήσης"},{"$i":"actions-share-alerttone","$v":"Κοιν. ειδοπ/σης"},{"$i":"actions-delete-alerttone","$v":"Διαγραφή ειδοποίησης"},{"$i":"actions-cancel","$v":"Ακύρωση"},{"$i":"delete-title-ringtone","$v":"Διαγραφή ήχου κλήσης"},{"$i":"delete-title-alerttone","$v":"Διαγραφή ειδοποίησης"},{"$i":"delete-desc","$v":["Είστε βέβαιοι ότι θέλετε να διαγράψετε το \"",{"t":"idOrVar","v":"tone"},"\";"]},{"$i":"delete-desc-default-ringtone","$v":["Ο ήχος \"",{"t":"idOrVar","v":"tone"},"\" είναι ο τρέχων προεπιλεγμένος ήχος κλήσης.\n\nΘέλετε σίγουρα να τον διαγράψετε;"]},{"$i":"delete-desc-default-alerttone","$v":["Το \"",{"t":"idOrVar","v":"tone"},"\" είναι η τρέχουσα προεπιλεγμένη ειδοποίηση.\n\nΘέλετε σίγουρα να το διαγράψετε;"]},{"$i":"delete-cancel","$v":"Ακύρωση"},{"$i":"delete-confirm","$v":"Διαγραφή"},{"$i":"deleted-ringtone","$v":"Ο ήχ. κλήσης διαγράφηκε."},{"$i":"deleted-alerttone","$v":"Η ειδοποίηση διαγράφηκε."},{"$i":"created-tone","$v":"Ο ήχ. κλήσης δημιουργ."},{"$i":"set-default-tone","$v":"Ο ήχ. ορίστηκε ως προεπ."},{"$i":"file-saved","$v":"Αποθηκεύτηκε ως ήχος κλήσης."},{"$i":"file-set-as-default-ringtone","$v":"Αποθηκεύτηκε ως προεπιλεγμένος ήχος κλήσης."},{"$i":"sd-card-subtitle","$v":"Κάρτα SD"},{"$i":"confirmation","$v":"Επιβεβαίωση"},{"$i":"pick-title","$v":"Επιλογή ήχου"},{"$i":"pick-set","$v":"Ορισμός"},{"$i":"system-ringtones","$v":"Ήχοι κλήσης συστήματος"},{"$i":"my-ringtones","$v":"Οι ήχοι κλήσης μου"},{"$i":"notice-alerts","$v":"Ειδοποιήσεις"},{"$i":"section-title-builtin-ringtone","$v":"Ήχοι κλήσης συστήματος"},{"$i":"section-title-builtin-alerttone","$v":"Ειδοποιήσεις συστήματος"},{"$i":"section-header-title-ringtone","$v":"Ήχοι κλήσης"},{"$i":"section-header-title-alerttone","$v":"Προειδοποιήσεις"},{"$i":"section-title-custom-ringtone","$v":"Οι ήχοι κλήσης μου"},{"$i":"section-title-custom-alerttone","$v":"Οι ειδοποιήσεις μου"},{"$i":"create-title","$v":"Αποθήκ. ως ήχος κλήσης"},{"$i":"create-save","$v":"Αποθήκευση"},{"$i":"create-cancel","$v":"Ακύρωση"},{"$i":"create-select","$v":"Επιλογή"},{"$i":"create-deselect","$v":"Αναίρεση επιλογής"},{"$i":"play-error-title","$v":"Κατεστραμμένο αρχείο"},{"$i":"play-error-desc","$v":"Το αρχείο είναι κατεστραμμένο. Δεν μπορεί να χρησιμοποιηθεί για δημιουργία ήχου κλήσης."},{"$i":"save-error-title","$v":"Δεν δημιουργ. ήχ. κλήσης"},{"$i":"save-error-desc","$v":"Παρουσιάστηκε πρόβλημα κατά τη δημιουργία του ήχου κλήσης. Δοκιμάστε ξανά."},{"$i":"save-file-large","$v":"Υπερβολικά μεγάλο μέγεθος αρχείου."},{"$i":"default-label","$v":"Ορίστε ως προεπιλεγμένο ήχο κλήσης"},{"$i":"ok","$v":"OK"},{"$i":"ringtone-untitled","$v":"Χωρίς τίτλο"},{"$i":"options","$v":"Επιλογές"},{"$i":"play","$v":"Αναπαραγωγή"},{"$i":"stop","$v":"Διακοπή"},{"$i":"share","$v":"Κοινή χρήση"},{"$i":"delete","$v":"Διαγραφή"},{"$i":"cancel","$v":"Ακύρωση"},{"$i":"select","$v":"Επιλογή"},{"$i":"add","$v":"Προσθήκη"},{"$i":"no-ringtones","$v":"Κανένας ήχος κλήσης"},{"$i":"no-ringtones-warning","$v":"Δεν υπάρχουν ήχοι κλήσης. Πατήστε Add (Προσθήκη) για να προσθέσετε έναν ήχο κλήσης από τη μουσική σας."},{"$i":"add-ringtone","$v":"Προσθήκη ήχου κλήσης"},{"$i":"softkey-options","$v":"Επιλογές"}]