[{"$i":"brandShortName","$v":"KaiOS"},{"$i":"browserBrandShortName","$v":"Web Browser"},{"$i":"browserBrandFullName","$v":"Mozilla Web Browser"},{"$i":"ringtoneBrandName","$v":"Default"},{"$i":"ringtoneSectionBrandName","$v":"System"},{"$i":"ringtone-none","$v":"Ninguno"},{"$i":"ringer_adventure","$v":"Adventure"},{"$i":"ringer_africa","$v":"África"},{"$i":"ringer_bounce","$v":"Bounce"},{"$i":"ringer_disco","$v":"Disco"},{"$i":"ringer_kai","$v":"Kai"},{"$i":"ringer_office","$v":"Office"},{"$i":"ringer_techno","$v":"Techno"},{"$i":"ringer_woody","$v":"Woody"},{"$i":"notifier_bell","$v":"Bell"},{"$i":"notifier_donuts","$v":"Donuts"},{"$i":"notifier_que_paso","$v":"Qué paso"},{"$i":"notifier_shake","$v":"Shake"},{"$i":"notifier_triple","$v":"Triple"},{"$i":"ringer_azalea","$v":"Azalea"},{"$i":"ringer_bloom","$v":"Bloom"},{"$i":"ringer_blove","$v":"Blove"},{"$i":"ringer_city_lights","$v":"City Lights"},{"$i":"ringer_dots","$v":"Dots"},{"$i":"ringer_flow","$v":"Flow"},{"$i":"ringer_fountain","$v":"Fountain"},{"$i":"ringer_fresh","$v":"Fresh"},{"$i":"ringer_firefox2","$v":[{"t":"idOrVar","v":"ringtoneBrandName"}]},{"$i":"ringer_illuminate","$v":"Illuminate"},{"$i":"ringer_incoming","$v":"Entrante"},{"$i":"ringer_silvery","$v":"Silvery"},{"$i":"ringer_now_or_never","$v":"Now or Never"},{"$i":"ringer_primary","$v":"Principal"},{"$i":"ringer_pure_guitar","$v":"Pure Guitar"},{"$i":"ringer_rounded","$v":"Rounded"},{"$i":"ringer_spring","$v":"Spring"},{"$i":"ringer_stargazer","$v":"Stargazer"},{"$i":"ringer_vaca","$v":"Vaca"},{"$i":"notifier_bells","$v":"Bells"},{"$i":"notifier_bloom","$v":"Bloom"},{"$i":"notifier_chime","$v":"Chime"},{"$i":"notifier_clicka","$v":"Clicka"},{"$i":"notifier_digi","$v":"Digi"},{"$i":"notifier_dropplet","$v":"Dropplet"},{"$i":"notifier_firefox2","$v":[{"t":"idOrVar","v":"ringtoneBrandName"}]},{"$i":"notifier_hello","$v":"Hello"},{"$i":"notifier_ping","$v":"Ping"},{"$i":"notifier_plickle","$v":"Plickle"},{"$i":"notifier_pocko","$v":"Pocko"},{"$i":"notifier_quado","$v":"Quado"},{"$i":"notifier_red","$v":"Red"},{"$i":"notifier_sato","$v":"Sato"},{"$i":"notifier_trickleup","$v":"Trickle Up"},{"$i":"notifier_trink","$v":"Trink"},{"$i":"notifier_verse","$v":"Verse"},{"$i":"NokiaTune","$v":"NokiaTune"},{"$i":"Arrival","$v":"Arrival"},{"$i":"Barbell","$v":"Barbell"},{"$i":"Bird","$v":"Bird"},{"$i":"Bounce","$v":"Bounce"},{"$i":"Brikabrak","$v":"Brikabrak"},{"$i":"Buzzer","$v":"Buzzer"},{"$i":"Cadenza","$v":"Cadenza"},{"$i":"Chirp","$v":"Chirp"},{"$i":"Delays","$v":"Delays"},{"$i":"Distance","$v":"Distance"},{"$i":"Earring","$v":"Earring"},{"$i":"Electronic","$v":"Electronic"},{"$i":"Imperial","$v":"Imperial"},{"$i":"Karimba","$v":"Karimba"},{"$i":"Marbles","$v":"Marbles"},{"$i":"Monkey_drum","$v":"Monkey drum"},{"$i":"Nostalgia","$v":"Nostalgia"},{"$i":"Ring_ring","$v":"Ring ring"},{"$i":"Spirals","$v":"Ring Spirals"},{"$i":"Stones","$v":"Stones"},{"$i":"Timer","$v":"Timer"},{"$i":"Tip_toe","$v":"Tip toe"},{"$i":"Calendar_1","$v":"Calendar_1"},{"$i":"Calendar_2","$v":"Calendar_2"},{"$i":"Calendar_3","$v":"Calendar_3"},{"$i":"Message_1","$v":"Message_1"},{"$i":"Message_2","$v":"Message_2"},{"$i":"Message_3","$v":"Message_3"},{"$i":"Message_4","$v":"Message_4"},{"$i":"Message_5","$v":"Message_5"},{"$i":"manage-title-2","$v":"Administrar Tonos"},{"$i":"actions-share-ringtone","$v":"Compartir tono de llamada"},{"$i":"actions-delete-ringtone","$v":"Eliminar tono de llamada"},{"$i":"actions-share-alerttone","$v":"Compartir alerta"},{"$i":"actions-delete-alerttone","$v":"Eliminar alerta"},{"$i":"actions-cancel","$v":"Cancelar"},{"$i":"delete-title-ringtone","$v":"Eliminar Tono de llamada"},{"$i":"delete-title-alerttone","$v":"Delete Alert"},{"$i":"delete-desc","$v":["¿Está seguro que desea eliminar el \"",{"t":"idOrVar","v":"tone"},"\"?"]},{"$i":"delete-desc-default-ringtone","$v":["\"",{"t":"idOrVar","v":"tone"},"\" is the current default ringtone.\n\nAre you sure you want to delete it?"]},{"$i":"delete-desc-default-alerttone","$v":[{"t":"idOrVar","v":"tone"},"\" es el alerta predeterminado actual.delete-desc-default-ringtone=",{"t":"idOrVar","v":"tone"},"\" es el tono de llamada predeterminado actual.delete-title-alerttone=Eliminar Alerta"]},{"$i":"delete-cancel","$v":"Cancelar"},{"$i":"delete-confirm","$v":"Eliminar"},{"$i":"deleted-ringtone","$v":"Tono de llamada eliminado."},{"$i":"deleted-alerttone","$v":"Alerta eliminada."},{"$i":"created-tone","$v":"Se creó un nuevo tono de llamada."},{"$i":"set-default-tone","$v":"Tono de llamado establecido por defecto."},{"$i":"file-saved","$v":"Guardado como tono de llamada."},{"$i":"file-set-as-default-ringtone","$v":"Guardado como tono de llamada predeterminado."},{"$i":"sd-card-subtitle","$v":"Tarjeta SD"},{"$i":"confirmation","$v":"Confirmación"},{"$i":"pick-title","$v":"Seleccionar Sonido"},{"$i":"pick-set","$v":"Establecer"},{"$i":"system-ringtones","$v":"Tonos de llamada del sistema"},{"$i":"my-ringtones","$v":"Mis tonos de llamada"},{"$i":"notice-alerts","$v":"Alertas de notificaciones"},{"$i":"section-title-builtin-ringtone","$v":"Tonos de llamada del sistema"},{"$i":"section-title-builtin-alerttone","$v":"Alertas de sistema"},{"$i":"section-header-title-ringtone","$v":"Tonos de llamada"},{"$i":"section-header-title-alerttone","$v":"Alertas"},{"$i":"section-title-custom-ringtone","$v":"Mis Tonos de llamada"},{"$i":"section-title-custom-alerttone","$v":"Mis Alertas"},{"$i":"create-title","$v":"Guardar como tono"},{"$i":"create-save","$v":"Guardar"},{"$i":"create-cancel","$v":"Cancelar"},{"$i":"create-select","$v":"Selec."},{"$i":"create-deselect","$v":"Desmarcar"},{"$i":"play-error-title","$v":"Archivo corrupto"},{"$i":"play-error-desc","$v":"El archivo está corrupto. No puede usarse para crear un tono de llamada."},{"$i":"save-error-title","$v":"Tono de llamada no creado."},{"$i":"save-error-desc","$v":"Existió un problema al crear el tono de llamada. Inténtelo de nuevo más tarde."},{"$i":"save-file-large","$v":"El archivo es demasiado grande."},{"$i":"default-label","$v":"Establecer como tono predeterminado"},{"$i":"ok","$v":"OK"},{"$i":"ringtone-untitled","$v":"Sin título"},{"$i":"options","$v":"Opciones"},{"$i":"play","$v":"Reproducir"},{"$i":"stop","$v":"Detener"},{"$i":"share","$v":"Compartir"},{"$i":"delete","$v":"Eliminar"},{"$i":"cancel","$v":"Cancelar"},{"$i":"select","$v":"Selec."},{"$i":"add","$v":"Añadir"},{"$i":"no-ringtones","$v":"No hay tonos de llamada"},{"$i":"no-ringtones-warning","$v":"No hay ningún tono. Pulse Añadir para añadir un tono desde los archivos de música."},{"$i":"add-ringtone","$v":"Añadir tono de llamada"},{"$i":"softkey-options","$v":"Opciones"}]