[{"$i":"brandShortName","$v":"KaiOS"},{"$i":"browserBrandShortName","$v":"Web Browser"},{"$i":"browserBrandFullName","$v":"Mozilla Web Browser"},{"$i":"ringtoneBrandName","$v":"Default"},{"$i":"ringtoneSectionBrandName","$v":"System"},{"$i":"ringtone-none","$v":"هيچكدام"},{"$i":"ringer_adventure","$v":"Adventure"},{"$i":"ringer_africa","$v":"آفریقا"},{"$i":"ringer_bounce","$v":"Bounce"},{"$i":"ringer_disco","$v":"Disco"},{"$i":"ringer_kai","$v":"Kai"},{"$i":"ringer_office","$v":"Office"},{"$i":"ringer_techno","$v":"Techno"},{"$i":"ringer_woody","$v":"Woody"},{"$i":"notifier_bell","$v":"Bell"},{"$i":"notifier_donuts","$v":"Donuts"},{"$i":"notifier_que_paso","$v":"Qué paso"},{"$i":"notifier_shake","$v":"Shake"},{"$i":"notifier_triple","$v":"Triple"},{"$i":"ringer_azalea","$v":"Azalea"},{"$i":"ringer_bloom","$v":"Bloom"},{"$i":"ringer_blove","$v":"Blove"},{"$i":"ringer_city_lights","$v":"City Lights"},{"$i":"ringer_dots","$v":"Dots"},{"$i":"ringer_flow","$v":"جریان"},{"$i":"ringer_fountain","$v":"فواره"},{"$i":"ringer_fresh","$v":"تازه"},{"$i":"ringer_firefox2","$v":[{"t":"idOrVar","v":"ringtoneBrandName"}]},{"$i":"ringer_illuminate","$v":"روشن کردن"},{"$i":"ringer_incoming","$v":"ورودی"},{"$i":"ringer_silvery","$v":"نقره ای"},{"$i":"ringer_now_or_never","$v":"اکنون یا هرگز"},{"$i":"ringer_primary","$v":"اولیه"},{"$i":"ringer_pure_guitar","$v":"Pure Guitar"},{"$i":"ringer_rounded","$v":"Rounded"},{"$i":"ringer_spring","$v":"Spring"},{"$i":"ringer_stargazer","$v":"Stargazer"},{"$i":"ringer_vaca","$v":"Vaca"},{"$i":"notifier_bells","$v":"زنگ ها"},{"$i":"notifier_bloom","$v":"Bloom"},{"$i":"notifier_chime","$v":"Chime"},{"$i":"notifier_clicka","$v":"Clicka"},{"$i":"notifier_digi","$v":"Digi"},{"$i":"notifier_dropplet","$v":"Dropplet"},{"$i":"notifier_firefox2","$v":[{"t":"idOrVar","v":"ringtoneBrandName"}]},{"$i":"notifier_hello","$v":"سلام"},{"$i":"notifier_ping","$v":"Ping"},{"$i":"notifier_plickle","$v":"Plickle"},{"$i":"notifier_pocko","$v":"Pocko"},{"$i":"notifier_quado","$v":"Quado"},{"$i":"notifier_red","$v":"Red"},{"$i":"notifier_sato","$v":"Sato"},{"$i":"notifier_trickleup","$v":"Trickle Up"},{"$i":"notifier_trink","$v":"Trink"},{"$i":"notifier_verse","$v":"Verse"},{"$i":"NokiaTune","$v":"NokiaTune"},{"$i":"Arrival","$v":"Arrival"},{"$i":"Barbell","$v":"Barbell"},{"$i":"Bird","$v":"Bird"},{"$i":"Bounce","$v":"Bounce"},{"$i":"Brikabrak","$v":"Brikabrak"},{"$i":"Buzzer","$v":"Buzzer"},{"$i":"Cadenza","$v":"Cadenza"},{"$i":"Chirp","$v":"Chirp"},{"$i":"Delays","$v":"Delays"},{"$i":"Distance","$v":"Distance"},{"$i":"Earring","$v":"Earring"},{"$i":"Electronic","$v":"Electronic"},{"$i":"Imperial","$v":"Imperial"},{"$i":"Karimba","$v":"Karimba"},{"$i":"Marbles","$v":"Marbles"},{"$i":"Monkey_drum","$v":"Monkey drum"},{"$i":"Nostalgia","$v":"Nostalgia"},{"$i":"Ring_ring","$v":"Ring ring"},{"$i":"Spirals","$v":"Ring Spirals"},{"$i":"Stones","$v":"Stones"},{"$i":"Timer","$v":"Timer"},{"$i":"Tip_toe","$v":"Tip toe"},{"$i":"Calendar_1","$v":"Calendar_1"},{"$i":"Calendar_2","$v":"Calendar_2"},{"$i":"Calendar_3","$v":"Calendar_3"},{"$i":"Message_1","$v":"Message_1"},{"$i":"Message_2","$v":"Message_2"},{"$i":"Message_3","$v":"Message_3"},{"$i":"Message_4","$v":"Message_4"},{"$i":"Message_5","$v":"Message_5"},{"$i":"manage-title-2","$v":"مدیریت آهنگ ها"},{"$i":"actions-share-ringtone","$v":"اشتراک آهنگ زنگ"},{"$i":"actions-delete-ringtone","$v":"حذف آهنگ زنگ"},{"$i":"actions-share-alerttone","$v":"اشتراک هشدار"},{"$i":"actions-delete-alerttone","$v":"حذف هشدار"},{"$i":"actions-cancel","$v":"لغو کردن"},{"$i":"delete-title-ringtone","$v":"حذف آهنگ زنگ"},{"$i":"delete-title-alerttone","$v":"حذف هشدار"},{"$i":"delete-desc","$v":["مطمئنيد می خواهيد \"",{"t":"idOrVar","v":"tone"},"\" را حذف کنید؟"]},{"$i":"delete-desc-default-ringtone","$v":[{"t":"idOrVar","v":"tone"},"\" هشدار پیش فرض فعلی است.\n\nمطمئنید می خواهید آن را حذف کنید؟"]},{"$i":"delete-desc-default-alerttone","$v":[{"t":"idOrVar","v":"tone"},"\" هشدار پیش فرض فعلی است.\n\nمطمئنید می خواهید آن را حذف کنید؟"]},{"$i":"delete-cancel","$v":"لغو کردن"},{"$i":"delete-confirm","$v":"حذف"},{"$i":"deleted-ringtone","$v":"آهنگ زنگ حذف شد."},{"$i":"deleted-alerttone","$v":"هشدار حذف شد."},{"$i":"created-tone","$v":"آهنگ زنگ ایجاد شد."},{"$i":"set-default-tone","$v":"آهنگ زنگ به عنوان پيش فرض تنظیم شد."},{"$i":"file-saved","$v":"به عنوان آهنگ زنگ ذخیره شد."},{"$i":"file-set-as-default-ringtone","$v":"به عنوان زنگ پیش فرض ذخیره شد."},{"$i":"sd-card-subtitle","$v":"کارت SD"},{"$i":"confirmation","$v":"تأييد"},{"$i":"pick-title","$v":"انتخاب صدا"},{"$i":"pick-set","$v":"تنظيم"},{"$i":"system-ringtones","$v":"آهنگ های زنگ سیستم"},{"$i":"my-ringtones","$v":"آهنگ های زنگ من"},{"$i":"notice-alerts","$v":"هشدارهای اعلامیه"},{"$i":"section-title-builtin-ringtone","$v":"آهنگ های زنگ سیستم"},{"$i":"section-title-builtin-alerttone","$v":"هشدارهای سیستم"},{"$i":"section-header-title-ringtone","$v":"آهنگ های زنگ"},{"$i":"section-header-title-alerttone","$v":"هشدارهای اعلامیه"},{"$i":"section-title-custom-ringtone","$v":"آهنگ های زنگ من"},{"$i":"section-title-custom-alerttone","$v":"هشدارهای من"},{"$i":"create-title","$v":"ذخيره به عنوان آهنگ زنگ"},{"$i":"create-save","$v":"ذخيره"},{"$i":"create-cancel","$v":"لغو کردن"},{"$i":"create-select","$v":"انتخاب"},{"$i":"create-deselect","$v":"عدم انتخاب"},{"$i":"play-error-title","$v":"فایل خراب شده"},{"$i":"play-error-desc","$v":"فایل خراب است. نمی توان از آن برای ایجاد آهنگ زنگ استفاده کرد."},{"$i":"save-error-title","$v":"آهنگ زنگ ایجاد نشد"},{"$i":"save-error-desc","$v":"در ایجاد آهنگ زنگ مشکلی وجود داشت. لطفاً دوباره امتحان کنید."},{"$i":"save-file-large","$v":"اندازه فايل بسيار بزرگ است."},{"$i":"default-label","$v":"تنظیم به عنوان آهنگ زنگ پیش فرض"},{"$i":"ok","$v":"تأیید"},{"$i":"ringtone-untitled","$v":"بدون عنوان"},{"$i":"options","$v":"گزینه ها"},{"$i":"play","$v":"پخش"},{"$i":"stop","$v":"توقف"},{"$i":"share","$v":"اشتراک"},{"$i":"delete","$v":"حذف"},{"$i":"cancel","$v":"لغو کردن"},{"$i":"select","$v":"انتخاب"},{"$i":"add","$v":"افزودن"},{"$i":"no-ringtones","$v":"بدون آهنگ های زنگ"},{"$i":"no-ringtones-warning","$v":"بدون آهنگ های زنگ. برای افزودن یک آهنگ زنگ از موسیقی خود روی Add فشار دهید."},{"$i":"add-ringtone","$v":"افزودن آهنگ زنگ"},{"$i":"softkey-options","$v":"گزینه ها"}]