[{"$i":"brandShortName","$v":"KaiOS"},{"$i":"browserBrandShortName","$v":"Web Browser"},{"$i":"browserBrandFullName","$v":"Mozilla Web Browser"},{"$i":"ringtoneBrandName","$v":"Default"},{"$i":"ringtoneSectionBrandName","$v":"System"},{"$i":"ringtone-none","$v":"Ei mitään"},{"$i":"ringer_adventure","$v":"Adventure"},{"$i":"ringer_africa","$v":"Africa"},{"$i":"ringer_bounce","$v":"Bounce"},{"$i":"ringer_disco","$v":"Disco"},{"$i":"ringer_kai","$v":"Kai"},{"$i":"ringer_office","$v":"Office"},{"$i":"ringer_techno","$v":"Techno"},{"$i":"ringer_woody","$v":"Woody"},{"$i":"notifier_bell","$v":"Bell"},{"$i":"notifier_donuts","$v":"Donuts"},{"$i":"notifier_que_paso","$v":"Such rhythm"},{"$i":"notifier_shake","$v":"Shake"},{"$i":"notifier_triple","$v":"Triple"},{"$i":"ringer_azalea","$v":"Azalea"},{"$i":"ringer_bloom","$v":"Bloom"},{"$i":"ringer_blove","$v":"Blove"},{"$i":"ringer_city_lights","$v":"City Lights"},{"$i":"ringer_dots","$v":"Dots"},{"$i":"ringer_flow","$v":"Flow"},{"$i":"ringer_fountain","$v":"Fountain"},{"$i":"ringer_fresh","$v":"Fresh"},{"$i":"ringer_firefox2","$v":[{"t":"idOrVar","v":"ringtoneBrandName"}]},{"$i":"ringer_illuminate","$v":"Illuminate"},{"$i":"ringer_incoming","$v":"Saapuva"},{"$i":"ringer_silvery","$v":"Silvery"},{"$i":"ringer_now_or_never","$v":"Now or Never"},{"$i":"ringer_primary","$v":"Primary"},{"$i":"ringer_pure_guitar","$v":"Pure Guitar"},{"$i":"ringer_rounded","$v":"Rounded"},{"$i":"ringer_spring","$v":"Spring"},{"$i":"ringer_stargazer","$v":"Stargazer"},{"$i":"ringer_vaca","$v":"Vaca"},{"$i":"notifier_bells","$v":"Bells"},{"$i":"notifier_bloom","$v":"Bloom"},{"$i":"notifier_chime","$v":"Chime"},{"$i":"notifier_clicka","$v":"Clicka"},{"$i":"notifier_digi","$v":"Digi"},{"$i":"notifier_dropplet","$v":"Dropplet"},{"$i":"notifier_firefox2","$v":[{"t":"idOrVar","v":"ringtoneBrandName"}]},{"$i":"notifier_hello","$v":"Hello"},{"$i":"notifier_ping","$v":"Ping"},{"$i":"notifier_plickle","$v":"Plickle"},{"$i":"notifier_pocko","$v":"Pocko"},{"$i":"notifier_quado","$v":"Quado"},{"$i":"notifier_red","$v":"Red"},{"$i":"notifier_sato","$v":"Sato"},{"$i":"notifier_trickleup","$v":"Trickle Up"},{"$i":"notifier_trink","$v":"Trink"},{"$i":"notifier_verse","$v":"Verse"},{"$i":"NokiaTune","$v":"NokiaTune"},{"$i":"Arrival","$v":"Arrival"},{"$i":"Barbell","$v":"Barbell"},{"$i":"Bird","$v":"Bird"},{"$i":"Bounce","$v":"Bounce"},{"$i":"Brikabrak","$v":"Brikabrak"},{"$i":"Buzzer","$v":"Buzzer"},{"$i":"Cadenza","$v":"Cadenza"},{"$i":"Chirp","$v":"Chirp"},{"$i":"Delays","$v":"Delays"},{"$i":"Distance","$v":"Distance"},{"$i":"Earring","$v":"Earring"},{"$i":"Electronic","$v":"Electronic"},{"$i":"Imperial","$v":"Imperial"},{"$i":"Karimba","$v":"Karimba"},{"$i":"Marbles","$v":"Marbles"},{"$i":"Monkey_drum","$v":"Monkey drum"},{"$i":"Nostalgia","$v":"Nostalgia"},{"$i":"Ring_ring","$v":"Ring ring"},{"$i":"Spirals","$v":"Ring Spirals"},{"$i":"Stones","$v":"Stones"},{"$i":"Timer","$v":"Timer"},{"$i":"Tip_toe","$v":"Tip toe"},{"$i":"Calendar_1","$v":"Calendar_1"},{"$i":"Calendar_2","$v":"Calendar_2"},{"$i":"Calendar_3","$v":"Calendar_3"},{"$i":"Message_1","$v":"Message_1"},{"$i":"Message_2","$v":"Message_2"},{"$i":"Message_3","$v":"Message_3"},{"$i":"Message_4","$v":"Message_4"},{"$i":"Message_5","$v":"Message_5"},{"$i":"manage-title-2","$v":"Hallitse ääniä"},{"$i":"actions-share-ringtone","$v":"Jaa soittoääni"},{"$i":"actions-delete-ringtone","$v":"Poista soittoääni"},{"$i":"actions-share-alerttone","$v":"Jaa hälytys"},{"$i":"actions-delete-alerttone","$v":"Poista hälytys"},{"$i":"actions-cancel","$v":"Peruuta"},{"$i":"delete-title-ringtone","$v":"Poista soittoääni"},{"$i":"delete-title-alerttone","$v":"Poista hälytys"},{"$i":"delete-desc","$v":["Haluatko varmasti poistaa kohteen \"",{"t":"idOrVar","v":"tone"},"\"?"]},{"$i":"delete-desc-default-ringtone","$v":[{"t":"idOrVar","v":"tone"},"\" on nykyinen oletussoittoääni.\n\nHaluatko varmasti poistaa sen?"]},{"$i":"delete-desc-default-alerttone","$v":[{"t":"idOrVar","v":"tone"},"\" on nykyinen oletushälytys.\n\nHaluatko varmasti poistaa sen?"]},{"$i":"delete-cancel","$v":"Peruuta"},{"$i":"delete-confirm","$v":"Poista"},{"$i":"deleted-ringtone","$v":"Soittoääni poistettu."},{"$i":"deleted-alerttone","$v":"Hälytys havaittu."},{"$i":"created-tone","$v":"Soittoääni luotu."},{"$i":"set-default-tone","$v":"Soittoääni asetettu oletukseksi."},{"$i":"file-saved","$v":"Tallennettu soittoääneksi."},{"$i":"file-set-as-default-ringtone","$v":"Tallennettu oletussoittoääneksi."},{"$i":"sd-card-subtitle","$v":"SD-kortti"},{"$i":"confirmation","$v":"Vahvistus"},{"$i":"pick-title","$v":"Valitse ääni"},{"$i":"pick-set","$v":"Aseta"},{"$i":"system-ringtones","$v":"Järjestelmän soittoäänet"},{"$i":"my-ringtones","$v":"Omat soittoäänet"},{"$i":"notice-alerts","$v":"Ilmoitushälytykset"},{"$i":"section-title-builtin-ringtone","$v":"Järjestelmän soittoäänet"},{"$i":"section-title-builtin-alerttone","$v":"Järjestelmän hälytykset"},{"$i":"section-header-title-ringtone","$v":"Soittoäänet"},{"$i":"section-header-title-alerttone","$v":"Ilmoitushälytykset"},{"$i":"section-title-custom-ringtone","$v":"Omat soittoäänet"},{"$i":"section-title-custom-alerttone","$v":"Omat hälytykset"},{"$i":"create-title","$v":"Tallenna soittoääneksi"},{"$i":"create-save","$v":"Tallenna"},{"$i":"create-cancel","$v":"Peruuta"},{"$i":"create-select","$v":"Valitse"},{"$i":"create-deselect","$v":"Poista valinta"},{"$i":"play-error-title","$v":"Viallinen tiedosto"},{"$i":"play-error-desc","$v":"Tiedosto on vioittunut. Sitä ei voi käyttää soittoäänen luomiseen."},{"$i":"save-error-title","$v":"Soittoääntä ei luotu"},{"$i":"save-error-desc","$v":"Soittoäänen luonnissa tapahtui virhe. Yritä uudelleen."},{"$i":"save-file-large","$v":"Tiedostokoko on liian suuri."},{"$i":"default-label","$v":"Aseta oletus soittoääneksi"},{"$i":"ok","$v":"OK"},{"$i":"ringtone-untitled","$v":"Nimetön"},{"$i":"options","$v":"Valinnat"},{"$i":"play","$v":"Toista"},{"$i":"stop","$v":"Lopeta"},{"$i":"share","$v":"Jaa"},{"$i":"delete","$v":"Poista"},{"$i":"cancel","$v":"Peruuta"},{"$i":"select","$v":"Valitse"},{"$i":"add","$v":"Lisää"},{"$i":"no-ringtones","$v":"Ei soittoääniä"},{"$i":"no-ringtones-warning","$v":"Ei soittoääniä. Paina Lisää lisätäksesi soittoäänen musiikistasi."},{"$i":"add-ringtone","$v":"Lisää soittoääni"},{"$i":"softkey-options","$v":"Valinnat"}]