[{"$i":"brandShortName","$v":"KaiOS"},{"$i":"browserBrandShortName","$v":"Web Browser"},{"$i":"browserBrandFullName","$v":"Mozilla Web Browser"},{"$i":"ringtoneBrandName","$v":"Default"},{"$i":"ringtoneSectionBrandName","$v":"System"},{"$i":"ringtone-none","$v":"Aucun"},{"$i":"ringer_adventure","$v":"Adventure"},{"$i":"ringer_africa","$v":"Afrique"},{"$i":"ringer_bounce","$v":"Bounce"},{"$i":"ringer_disco","$v":"Disco"},{"$i":"ringer_kai","$v":"Kai"},{"$i":"ringer_office","$v":"Office"},{"$i":"ringer_techno","$v":"Techno"},{"$i":"ringer_woody","$v":"Woody"},{"$i":"notifier_bell","$v":"Bell"},{"$i":"notifier_donuts","$v":"Donuts"},{"$i":"notifier_que_paso","$v":"Qué paso"},{"$i":"notifier_shake","$v":"Shake"},{"$i":"notifier_triple","$v":"Triple"},{"$i":"ringer_azalea","$v":"Azalée"},{"$i":"ringer_bloom","$v":"Fleur"},{"$i":"ringer_blove","$v":"Amour"},{"$i":"ringer_city_lights","$v":"Lumières urbaines"},{"$i":"ringer_dots","$v":"Points"},{"$i":"ringer_flow","$v":"Débit"},{"$i":"ringer_fountain","$v":"Fontaine"},{"$i":"ringer_fresh","$v":"Frais"},{"$i":"ringer_firefox2","$v":[{"t":"idOrVar","v":"ringtoneBrandName"}]},{"$i":"ringer_illuminate","$v":"Illumination"},{"$i":"ringer_incoming","$v":"Arrivant"},{"$i":"ringer_silvery","$v":"Argenté"},{"$i":"ringer_now_or_never","$v":"Maintenant ou jamais"},{"$i":"ringer_primary","$v":"Primaire"},{"$i":"ringer_pure_guitar","$v":"Guitare pure"},{"$i":"ringer_rounded","$v":"Arrondi"},{"$i":"ringer_spring","$v":"Printemps"},{"$i":"ringer_stargazer","$v":"Rêveur"},{"$i":"ringer_vaca","$v":"Vaca"},{"$i":"notifier_bells","$v":"Cloches"},{"$i":"notifier_bloom","$v":"Fleur"},{"$i":"notifier_chime","$v":"Carillon"},{"$i":"notifier_clicka","$v":"Clicka"},{"$i":"notifier_digi","$v":"Numérique"},{"$i":"notifier_dropplet","$v":"Gouttelette"},{"$i":"notifier_firefox2","$v":[{"t":"idOrVar","v":"ringtoneBrandName"}]},{"$i":"notifier_hello","$v":"Salut"},{"$i":"notifier_ping","$v":"Ding"},{"$i":"notifier_plickle","$v":"Cornichon"},{"$i":"notifier_pocko","$v":"Pocko"},{"$i":"notifier_quado","$v":"Quado"},{"$i":"notifier_red","$v":"Rouge"},{"$i":"notifier_sato","$v":"Sato"},{"$i":"notifier_trickleup","$v":"Filet"},{"$i":"notifier_trink","$v":"Trink"},{"$i":"notifier_verse","$v":"Strophe"},{"$i":"NokiaTune","$v":"NokiaTune"},{"$i":"Arrival","$v":"Arrival"},{"$i":"Barbell","$v":"Barbell"},{"$i":"Bird","$v":"Bird"},{"$i":"Bounce","$v":"Bounce"},{"$i":"Brikabrak","$v":"Brikabrak"},{"$i":"Buzzer","$v":"Buzzer"},{"$i":"Cadenza","$v":"Cadenza"},{"$i":"Chirp","$v":"Chirp"},{"$i":"Delays","$v":"Delays"},{"$i":"Distance","$v":"Distance"},{"$i":"Earring","$v":"Earring"},{"$i":"Electronic","$v":"Electronic"},{"$i":"Imperial","$v":"Imperial"},{"$i":"Karimba","$v":"Karimba"},{"$i":"Marbles","$v":"Marbles"},{"$i":"Monkey_drum","$v":"Monkey drum"},{"$i":"Nostalgia","$v":"Nostalgia"},{"$i":"Ring_ring","$v":"Ring ring"},{"$i":"Spirals","$v":"Ring Spirals"},{"$i":"Stones","$v":"Stones"},{"$i":"Timer","$v":"Timer"},{"$i":"Tip_toe","$v":"Tip toe"},{"$i":"Calendar_1","$v":"Calendar_1"},{"$i":"Calendar_2","$v":"Calendar_2"},{"$i":"Calendar_3","$v":"Calendar_3"},{"$i":"Message_1","$v":"Message_1"},{"$i":"Message_2","$v":"Message_2"},{"$i":"Message_3","$v":"Message_3"},{"$i":"Message_4","$v":"Message_4"},{"$i":"Message_5","$v":"Message_5"},{"$i":"manage-title-2","$v":"Gérer les tonalités"},{"$i":"actions-share-ringtone","$v":"Partager la sonnerie"},{"$i":"actions-delete-ringtone","$v":"Supprimer la sonnerie"},{"$i":"actions-share-alerttone","$v":"Partager l'alerte"},{"$i":"actions-delete-alerttone","$v":"Supprimer l'alerte"},{"$i":"actions-cancel","$v":"Annuler"},{"$i":"delete-title-ringtone","$v":"Supprimer la sonnerie"},{"$i":"delete-title-alerttone","$v":"Delete Alert"},{"$i":"delete-desc","$v":["Êtes-vous certain de vouloir supprimer « ",{"t":"idOrVar","v":"tone"}," »?"]},{"$i":"delete-desc-default-ringtone","$v":["\"",{"t":"idOrVar","v":"tone"},"\" is the current default ringtone.\n\nAre you sure you want to delete it?"]},{"$i":"delete-desc-default-alerttone","$v":["« ",{"t":"idOrVar","v":"tone"}," » est actuellement l'alerte par défaut.delete-desc-default-ringtone=« ",{"t":"idOrVar","v":"tone"}," » est actuellement la sonnerie par défaut.delete-title-alerttone=Supprimer l'alerte"]},{"$i":"delete-cancel","$v":"Annuler"},{"$i":"delete-confirm","$v":"Supprimer"},{"$i":"deleted-ringtone","$v":"La sonnerie a été supprimée."},{"$i":"deleted-alerttone","$v":"L'alerte a été supprimée."},{"$i":"created-tone","$v":"Nouvelle sonnerie créée."},{"$i":"set-default-tone","$v":"Sonnerie établie par défaut."},{"$i":"file-saved","$v":"Enregistré en tant que sonnerie."},{"$i":"file-set-as-default-ringtone","$v":"Enregistré comme sonnerie par défaut."},{"$i":"sd-card-subtitle","$v":"Carte SD"},{"$i":"confirmation","$v":"Confirmation"},{"$i":"pick-title","$v":"Sélectionner le son"},{"$i":"pick-set","$v":"Régler"},{"$i":"system-ringtones","$v":"Sonneries du système"},{"$i":"my-ringtones","$v":"Mes sonneries"},{"$i":"notice-alerts","$v":"Alertes d'avis"},{"$i":"section-title-builtin-ringtone","$v":"Sonneries du système"},{"$i":"section-title-builtin-alerttone","$v":"Alertes du système"},{"$i":"section-header-title-ringtone","$v":"Sonneries"},{"$i":"section-header-title-alerttone","$v":"Alertes"},{"$i":"section-title-custom-ringtone","$v":"Mes sonneries"},{"$i":"section-title-custom-alerttone","$v":"Mes alertes"},{"$i":"create-title","$v":"Créer une sonnerie"},{"$i":"create-save","$v":"Enregistrer"},{"$i":"create-cancel","$v":"Annuler"},{"$i":"create-select","$v":"Sélectionner"},{"$i":"create-deselect","$v":"Désélectionner"},{"$i":"play-error-title","$v":"Fichier corrompu"},{"$i":"play-error-desc","$v":"Le fichier est corrompu. Il ne peut pas servir à créer une sonnerie."},{"$i":"save-error-title","$v":"La sonnerie n'est pas créée"},{"$i":"save-error-desc","$v":"Un problème s'est produit en créant la sonnerie. Veuillez réessayer."},{"$i":"save-file-large","$v":"La taille de fichier est trop grande."},{"$i":"default-label","$v":"Définir en tant que sonnerie par défaut"},{"$i":"ok","$v":"OK"},{"$i":"ringtone-untitled","$v":"Sans titre"},{"$i":"options","$v":"Options"},{"$i":"play","$v":"Écouter"},{"$i":"stop","$v":"Arrêter"},{"$i":"share","$v":"Partager"},{"$i":"delete","$v":"Supprimer"},{"$i":"cancel","$v":"Annuler"},{"$i":"select","$v":"Sélectionner"},{"$i":"add","$v":"Ajouter"},{"$i":"no-ringtones","$v":"Aucune sonnerie"},{"$i":"no-ringtones-warning","$v":"Aucune sonnerie. Appuyez sur Ajouter pour ajouter une sonnerie à partir de vos fichiers de musique."},{"$i":"add-ringtone","$v":"Ajouter une sonnerie"},{"$i":"softkey-options","$v":"Options"}]