[{"$i":"brandShortName","$v":"KaiOS"},{"$i":"browserBrandShortName","$v":"Web Browser"},{"$i":"browserBrandFullName","$v":"Mozilla Web Browser"},{"$i":"ringtoneBrandName","$v":"Default"},{"$i":"ringtoneSectionBrandName","$v":"System"},{"$i":"ringtone-none","$v":"Ništa"},{"$i":"ringer_adventure","$v":"Adventure"},{"$i":"ringer_africa","$v":"Africa"},{"$i":"ringer_bounce","$v":"Bounce"},{"$i":"ringer_disco","$v":"Disco"},{"$i":"ringer_kai","$v":"Kai"},{"$i":"ringer_office","$v":"Office"},{"$i":"ringer_techno","$v":"Techno"},{"$i":"ringer_woody","$v":"Woody"},{"$i":"notifier_bell","$v":"Bell"},{"$i":"notifier_donuts","$v":"Donuts"},{"$i":"notifier_que_paso","$v":"Such rhythm"},{"$i":"notifier_shake","$v":"Shake"},{"$i":"notifier_triple","$v":"Triple"},{"$i":"ringer_azalea","$v":"Azalea"},{"$i":"ringer_bloom","$v":"Bloom"},{"$i":"ringer_blove","$v":"Blove"},{"$i":"ringer_city_lights","$v":"City Lights"},{"$i":"ringer_dots","$v":"Dots"},{"$i":"ringer_flow","$v":"Flow"},{"$i":"ringer_fountain","$v":"Fountain"},{"$i":"ringer_fresh","$v":"Fresh"},{"$i":"ringer_firefox2","$v":[{"t":"idOrVar","v":"ringtoneBrandName"}]},{"$i":"ringer_illuminate","$v":"Illuminate"},{"$i":"ringer_incoming","$v":"Dolazni"},{"$i":"ringer_silvery","$v":"Silvery"},{"$i":"ringer_now_or_never","$v":"Now or Never"},{"$i":"ringer_primary","$v":"Primarni"},{"$i":"ringer_pure_guitar","$v":"Pure Guitar"},{"$i":"ringer_rounded","$v":"Rounded"},{"$i":"ringer_spring","$v":"Spring"},{"$i":"ringer_stargazer","$v":"Stargazer"},{"$i":"ringer_vaca","$v":"Vaca"},{"$i":"notifier_bells","$v":"Bells"},{"$i":"notifier_bloom","$v":"Bloom"},{"$i":"notifier_chime","$v":"Chime"},{"$i":"notifier_clicka","$v":"Clicka"},{"$i":"notifier_digi","$v":"Digi"},{"$i":"notifier_dropplet","$v":"Dropplet"},{"$i":"notifier_firefox2","$v":[{"t":"idOrVar","v":"ringtoneBrandName"}]},{"$i":"notifier_hello","$v":"Hello"},{"$i":"notifier_ping","$v":"Ping"},{"$i":"notifier_plickle","$v":"Plickle"},{"$i":"notifier_pocko","$v":"Pocko"},{"$i":"notifier_quado","$v":"Quado"},{"$i":"notifier_red","$v":"Crveno"},{"$i":"notifier_sato","$v":"Sato"},{"$i":"notifier_trickleup","$v":"Trickle Up"},{"$i":"notifier_trink","$v":"Trink"},{"$i":"notifier_verse","$v":"Verse"},{"$i":"NokiaTune","$v":"NokiaTune"},{"$i":"Arrival","$v":"Arrival"},{"$i":"Barbell","$v":"Barbell"},{"$i":"Bird","$v":"Bird"},{"$i":"Bounce","$v":"Bounce"},{"$i":"Brikabrak","$v":"Brikabrak"},{"$i":"Buzzer","$v":"Buzzer"},{"$i":"Cadenza","$v":"Cadenza"},{"$i":"Chirp","$v":"Chirp"},{"$i":"Delays","$v":"Delays"},{"$i":"Distance","$v":"Distance"},{"$i":"Earring","$v":"Earring"},{"$i":"Electronic","$v":"Electronic"},{"$i":"Imperial","$v":"Imperial"},{"$i":"Karimba","$v":"Karimba"},{"$i":"Marbles","$v":"Marbles"},{"$i":"Monkey_drum","$v":"Monkey drum"},{"$i":"Nostalgia","$v":"Nostalgia"},{"$i":"Ring_ring","$v":"Ring ring"},{"$i":"Spirals","$v":"Ring Spirals"},{"$i":"Stones","$v":"Stones"},{"$i":"Timer","$v":"Timer"},{"$i":"Tip_toe","$v":"Tip toe"},{"$i":"Calendar_1","$v":"Calendar_1"},{"$i":"Calendar_2","$v":"Calendar_2"},{"$i":"Calendar_3","$v":"Calendar_3"},{"$i":"Message_1","$v":"Message_1"},{"$i":"Message_2","$v":"Message_2"},{"$i":"Message_3","$v":"Message_3"},{"$i":"Message_4","$v":"Message_4"},{"$i":"Message_5","$v":"Message_5"},{"$i":"manage-title-2","$v":"Upravljanje tonovima"},{"$i":"actions-share-ringtone","$v":"Dijeli melodiju zvona"},{"$i":"actions-delete-ringtone","$v":"Izbriši melodiju zvona"},{"$i":"actions-share-alerttone","$v":"Dojava o dijeljenju"},{"$i":"actions-delete-alerttone","$v":"Izbriši upozorenje"},{"$i":"actions-cancel","$v":"Poništi"},{"$i":"delete-title-ringtone","$v":"Brisanje melodije zvona"},{"$i":"delete-title-alerttone","$v":"Brisanje upozorenja"},{"$i":"delete-desc","$v":["Jeste li sigurni da želite izbrisati \"",{"t":"idOrVar","v":"tone"},"\"?"]},{"$i":"delete-desc-default-ringtone","$v":["Trenutno je melodija zvona \"",{"t":"idOrVar","v":"tone"},"\".\n\nJeste li sigurni da je želite izbrisati?"]},{"$i":"delete-desc-default-alerttone","$v":["Trenutno je upozorenje \"",{"t":"idOrVar","v":"tone"},"\".\n\nJeste li sigurni da ga želite izbrisati?"]},{"$i":"delete-cancel","$v":"Poništi"},{"$i":"delete-confirm","$v":"Izbriši"},{"$i":"deleted-ringtone","$v":"Izbr. mel. zvona."},{"$i":"deleted-alerttone","$v":"Upozorenje je izbrisano."},{"$i":"created-tone","$v":"Stvorena mel. zvona."},{"$i":"set-default-tone","$v":"Mel. zv. post. kao zadana."},{"$i":"file-saved","$v":"Spremljeno kao melodija zvona."},{"$i":"file-set-as-default-ringtone","$v":"Spremljeno kao zadana melodija zvona."},{"$i":"sd-card-subtitle","$v":"SD kartica"},{"$i":"confirmation","$v":"Potvrda"},{"$i":"pick-title","$v":"Odabir zvuka"},{"$i":"pick-set","$v":"Postavi"},{"$i":"system-ringtones","$v":"Sistemske melodije zvona"},{"$i":"my-ringtones","$v":"Moje melodije zvona za"},{"$i":"notice-alerts","$v":"Dojave obavijesti"},{"$i":"section-title-builtin-ringtone","$v":"Sistemske melodije zvona"},{"$i":"section-title-builtin-alerttone","$v":"Sistemske dojave"},{"$i":"section-header-title-ringtone","$v":"Melodije zvona"},{"$i":"section-header-title-alerttone","$v":"Dojave obavijesti"},{"$i":"section-title-custom-ringtone","$v":"Moje melodije zvona za"},{"$i":"section-title-custom-alerttone","$v":"Moja upozorenja"},{"$i":"create-title","$v":"Spremi kao melodiju zvona"},{"$i":"create-save","$v":"Spremi"},{"$i":"create-cancel","$v":"Poništi"},{"$i":"create-select","$v":"Odaberi"},{"$i":"create-deselect","$v":"Poništi odabir"},{"$i":"play-error-title","$v":"Oštećena datoteka"},{"$i":"play-error-desc","$v":"Datoteka je oštećena. Ne može se upotrijebiti za stvaranje melodije zvona."},{"$i":"save-error-title","$v":"Nije stv. mel. zvona"},{"$i":"save-error-desc","$v":"Pojavio se problem pri stvaranju melodije zvona. Pokušajte ponovno."},{"$i":"save-file-large","$v":"Veličina datoteke je prevelika."},{"$i":"default-label","$v":"Postavite kao zadani zvuk zvona"},{"$i":"ok","$v":"U redu"},{"$i":"ringtone-untitled","$v":"Bez naslova"},{"$i":"options","$v":"Opcije"},{"$i":"play","$v":"Reproduciraj"},{"$i":"stop","$v":"Zaustavi"},{"$i":"share","$v":"Podijeli"},{"$i":"delete","$v":"Izbriši"},{"$i":"cancel","$v":"Poništi"},{"$i":"select","$v":"Odaberi"},{"$i":"add","$v":"Dodaj"},{"$i":"no-ringtones","$v":"Nema melodija zvona"},{"$i":"no-ringtones-warning","$v":"Nema melodija zvona. Pritisnite Dodaj za dodavanje melodije zvona iz svoje glazbe."},{"$i":"add-ringtone","$v":"Dodaj mel. zvona"},{"$i":"softkey-options","$v":"Opcije"}]