[{"$i":"brandShortName","$v":"KaiOS"},{"$i":"browserBrandShortName","$v":"Web Browser"},{"$i":"browserBrandFullName","$v":"Mozilla Web Browser"},{"$i":"ringtoneBrandName","$v":"Default"},{"$i":"ringtoneSectionBrandName","$v":"System"},{"$i":"ringtone-none","$v":"Tidak ada"},{"$i":"ringer_adventure","$v":"Adventure"},{"$i":"ringer_africa","$v":"Afrika"},{"$i":"ringer_bounce","$v":"Bounce"},{"$i":"ringer_disco","$v":"Disco"},{"$i":"ringer_kai","$v":"Kai"},{"$i":"ringer_office","$v":"Office"},{"$i":"ringer_techno","$v":"Techno"},{"$i":"ringer_woody","$v":"Woody"},{"$i":"notifier_bell","$v":"Bell"},{"$i":"notifier_donuts","$v":"Donuts"},{"$i":"notifier_que_paso","$v":"Qué paso"},{"$i":"notifier_shake","$v":"Shake"},{"$i":"notifier_triple","$v":"Triple"},{"$i":"ringer_azalea","$v":"Azalea"},{"$i":"ringer_bloom","$v":"Bloom"},{"$i":"ringer_blove","$v":"Blove"},{"$i":"ringer_city_lights","$v":"Lampu Kota"},{"$i":"ringer_dots","$v":"Dot"},{"$i":"ringer_flow","$v":"Flow"},{"$i":"ringer_fountain","$v":"Fountain"},{"$i":"ringer_fresh","$v":"Fresh"},{"$i":"ringer_firefox2","$v":[{"t":"idOrVar","v":"ringtoneBrandName"}]},{"$i":"ringer_illuminate","$v":"Illuminate"},{"$i":"ringer_incoming","$v":"Masuk"},{"$i":"ringer_silvery","$v":"Silvery"},{"$i":"ringer_now_or_never","$v":"Sekarang atau Tidak"},{"$i":"ringer_primary","$v":"Primer"},{"$i":"ringer_pure_guitar","$v":"Gitar Murni"},{"$i":"ringer_rounded","$v":"Rounded"},{"$i":"ringer_spring","$v":"Spring"},{"$i":"ringer_stargazer","$v":"Stargazer"},{"$i":"ringer_vaca","$v":"Vaca"},{"$i":"notifier_bells","$v":"Bel"},{"$i":"notifier_bloom","$v":"Bloom"},{"$i":"notifier_chime","$v":"Chime"},{"$i":"notifier_clicka","$v":"Clicka"},{"$i":"notifier_digi","$v":"Digi"},{"$i":"notifier_dropplet","$v":"Dropplet"},{"$i":"notifier_firefox2","$v":[{"t":"idOrVar","v":"ringtoneBrandName"}]},{"$i":"notifier_hello","$v":"Halo"},{"$i":"notifier_ping","$v":"Ping"},{"$i":"notifier_plickle","$v":"Plickle"},{"$i":"notifier_pocko","$v":"Pocko"},{"$i":"notifier_quado","$v":"Quado"},{"$i":"notifier_red","$v":"Merah"},{"$i":"notifier_sato","$v":"Sato"},{"$i":"notifier_trickleup","$v":"Trickle Up"},{"$i":"notifier_trink","$v":"Trink"},{"$i":"notifier_verse","$v":"Verse"},{"$i":"NokiaTune","$v":"NokiaTune"},{"$i":"Arrival","$v":"Arrival"},{"$i":"Barbell","$v":"Barbell"},{"$i":"Bird","$v":"Bird"},{"$i":"Bounce","$v":"Bounce"},{"$i":"Brikabrak","$v":"Brikabrak"},{"$i":"Buzzer","$v":"Buzzer"},{"$i":"Cadenza","$v":"Cadenza"},{"$i":"Chirp","$v":"Chirp"},{"$i":"Delays","$v":"Delays"},{"$i":"Distance","$v":"Distance"},{"$i":"Earring","$v":"Earring"},{"$i":"Electronic","$v":"Electronic"},{"$i":"Imperial","$v":"Imperial"},{"$i":"Karimba","$v":"Karimba"},{"$i":"Marbles","$v":"Marbles"},{"$i":"Monkey_drum","$v":"Monkey drum"},{"$i":"Nostalgia","$v":"Nostalgia"},{"$i":"Ring_ring","$v":"Ring ring"},{"$i":"Spirals","$v":"Ring Spirals"},{"$i":"Stones","$v":"Stones"},{"$i":"Timer","$v":"Timer"},{"$i":"Tip_toe","$v":"Tip toe"},{"$i":"Calendar_1","$v":"Calendar_1"},{"$i":"Calendar_2","$v":"Calendar_2"},{"$i":"Calendar_3","$v":"Calendar_3"},{"$i":"Message_1","$v":"Message_1"},{"$i":"Message_2","$v":"Message_2"},{"$i":"Message_3","$v":"Message_3"},{"$i":"Message_4","$v":"Message_4"},{"$i":"Message_5","$v":"Message_5"},{"$i":"manage-title-2","$v":"Kelola Nada"},{"$i":"actions-share-ringtone","$v":"Bagikan nada dering"},{"$i":"actions-delete-ringtone","$v":"Hapus nada dering"},{"$i":"actions-share-alerttone","$v":"Bagikan peringatan"},{"$i":"actions-delete-alerttone","$v":"Hapus isyarat"},{"$i":"actions-cancel","$v":"Batal"},{"$i":"delete-title-ringtone","$v":"Hapus Nada Dering"},{"$i":"delete-title-alerttone","$v":"Hapus Isyarat"},{"$i":"delete-desc","$v":["Anda yakin ingin menghapus \"",{"t":"idOrVar","v":"tone"},"\"?"]},{"$i":"delete-desc-default-ringtone","$v":[{"t":"idOrVar","v":"tone"},"\" adalah nada dering default sekarang.\n\nAnda yakin ingin menghapusnya?"]},{"$i":"delete-desc-default-alerttone","$v":[{"t":"idOrVar","v":"tone"},"\" adalah isyarat default sekarang.\n\nAnda yakin ingin menghapusnya?"]},{"$i":"delete-cancel","$v":"Batal"},{"$i":"delete-confirm","$v":"Hapus"},{"$i":"deleted-ringtone","$v":"Nada dering dihapus."},{"$i":"deleted-alerttone","$v":"Isyarat dihapus."},{"$i":"created-tone","$v":"Nada Dering dibuat."},{"$i":"set-default-tone","$v":"Nada dering ditetapkan sebagai default."},{"$i":"file-saved","$v":"Disimpan sebagai nada dering."},{"$i":"file-set-as-default-ringtone","$v":"Disimpan sebagai nada dering default."},{"$i":"sd-card-subtitle","$v":"Kartu SD"},{"$i":"confirmation","$v":"Konfirmasi"},{"$i":"pick-title","$v":"Pilih Bunyi"},{"$i":"pick-set","$v":"Tetapkan"},{"$i":"system-ringtones","$v":"Nada Dering Sistem"},{"$i":"my-ringtones","$v":"Nada Dering Saya"},{"$i":"notice-alerts","$v":"Pemberitahuan Isyarat"},{"$i":"section-title-builtin-ringtone","$v":"Nada Dering Sistem"},{"$i":"section-title-builtin-alerttone","$v":"Peringatan Sistem"},{"$i":"section-header-title-ringtone","$v":"Nada dering"},{"$i":"section-header-title-alerttone","$v":"Pemberitahuan Isyarat"},{"$i":"section-title-custom-ringtone","$v":"Nada Dering Saya"},{"$i":"section-title-custom-alerttone","$v":"Peringaan Saya"},{"$i":"create-title","$v":"Simpan Sebagai Nada Dering"},{"$i":"create-save","$v":"Simpan"},{"$i":"create-cancel","$v":"Batal"},{"$i":"create-select","$v":"Pilih"},{"$i":"create-deselect","$v":"Hapus pilihan"},{"$i":"play-error-title","$v":"File Rusak"},{"$i":"play-error-desc","$v":"File rusak. File tidak dapat digunakan untuk membuat nada dering."},{"$i":"save-error-title","$v":"Nada Dering Tidak terbuat"},{"$i":"save-error-desc","$v":"Ada masalah saat membuat nada dering. Silakan coba lagi."},{"$i":"save-file-large","$v":"Ukuran file terlalu besar."},{"$i":"default-label","$v":"Atur sebagai nada dering default"},{"$i":"ok","$v":"OK"},{"$i":"ringtone-untitled","$v":"Tanpa judul"},{"$i":"options","$v":"Opsi"},{"$i":"play","$v":"Putar"},{"$i":"stop","$v":"Berhenti"},{"$i":"share","$v":"Bagikan"},{"$i":"delete","$v":"Hapus"},{"$i":"cancel","$v":"Batal"},{"$i":"select","$v":"Pilih"},{"$i":"add","$v":"Tambah"},{"$i":"no-ringtones","$v":"Tidak ada Nada Dering"},{"$i":"no-ringtones-warning","$v":"Tidak ada nada dering. Tekan Tambah untuk menambahkan nada dering dari musik Anda."},{"$i":"add-ringtone","$v":"Tambah nada dering"},{"$i":"softkey-options","$v":"Opsi"}]