[{"$i":"brandShortName","$v":"KaiOS"},{"$i":"browserBrandShortName","$v":"Web Browser"},{"$i":"browserBrandFullName","$v":"Mozilla Web Browser"},{"$i":"ringtoneBrandName","$v":"Default"},{"$i":"ringtoneSectionBrandName","$v":"System"},{"$i":"ringtone-none","$v":"Ekkert"},{"$i":"ringer_adventure","$v":"Adventure"},{"$i":"ringer_africa","$v":"Africa"},{"$i":"ringer_bounce","$v":"Bounce"},{"$i":"ringer_disco","$v":"Disco"},{"$i":"ringer_kai","$v":"Kai"},{"$i":"ringer_office","$v":"Office"},{"$i":"ringer_techno","$v":"Techno"},{"$i":"ringer_woody","$v":"Woody"},{"$i":"notifier_bell","$v":"Bell"},{"$i":"notifier_donuts","$v":"Donuts"},{"$i":"notifier_que_paso","$v":"Such rhythm"},{"$i":"notifier_shake","$v":"Shake"},{"$i":"notifier_triple","$v":"Triple"},{"$i":"ringer_azalea","$v":"Azalea"},{"$i":"ringer_bloom","$v":"Bloom"},{"$i":"ringer_blove","$v":"Blove"},{"$i":"ringer_city_lights","$v":"City Lights"},{"$i":"ringer_dots","$v":"Dots"},{"$i":"ringer_flow","$v":"Flow"},{"$i":"ringer_fountain","$v":"Fountain"},{"$i":"ringer_fresh","$v":"Fresh"},{"$i":"ringer_firefox2","$v":[{"t":"idOrVar","v":"ringtoneBrandName"}]},{"$i":"ringer_illuminate","$v":"Illuminate"},{"$i":"ringer_incoming","$v":"Berst"},{"$i":"ringer_silvery","$v":"Silvery"},{"$i":"ringer_now_or_never","$v":"Now or Never"},{"$i":"ringer_primary","$v":"Aðal"},{"$i":"ringer_pure_guitar","$v":"Pure Guitar"},{"$i":"ringer_rounded","$v":"Rounded"},{"$i":"ringer_spring","$v":"Spring"},{"$i":"ringer_stargazer","$v":"Stargazer"},{"$i":"ringer_vaca","$v":"Vaca"},{"$i":"notifier_bells","$v":"Bells"},{"$i":"notifier_bloom","$v":"Bloom"},{"$i":"notifier_chime","$v":"Chime"},{"$i":"notifier_clicka","$v":"Clicka"},{"$i":"notifier_digi","$v":"Digi"},{"$i":"notifier_dropplet","$v":"Dropplet"},{"$i":"notifier_firefox2","$v":[{"t":"idOrVar","v":"ringtoneBrandName"}]},{"$i":"notifier_hello","$v":"Hello"},{"$i":"notifier_ping","$v":"Ping"},{"$i":"notifier_plickle","$v":"Plickle"},{"$i":"notifier_pocko","$v":"Pocko"},{"$i":"notifier_quado","$v":"Quado"},{"$i":"notifier_red","$v":"Rauður"},{"$i":"notifier_sato","$v":"Sato"},{"$i":"notifier_trickleup","$v":"Trickle Up"},{"$i":"notifier_trink","$v":"Trink"},{"$i":"notifier_verse","$v":"Verse"},{"$i":"NokiaTune","$v":"NokiaTune"},{"$i":"Arrival","$v":"Arrival"},{"$i":"Barbell","$v":"Barbell"},{"$i":"Bird","$v":"Bird"},{"$i":"Bounce","$v":"Bounce"},{"$i":"Brikabrak","$v":"Brikabrak"},{"$i":"Buzzer","$v":"Buzzer"},{"$i":"Cadenza","$v":"Cadenza"},{"$i":"Chirp","$v":"Chirp"},{"$i":"Delays","$v":"Delays"},{"$i":"Distance","$v":"Distance"},{"$i":"Earring","$v":"Earring"},{"$i":"Electronic","$v":"Electronic"},{"$i":"Imperial","$v":"Imperial"},{"$i":"Karimba","$v":"Karimba"},{"$i":"Marbles","$v":"Marbles"},{"$i":"Monkey_drum","$v":"Monkey drum"},{"$i":"Nostalgia","$v":"Nostalgia"},{"$i":"Ring_ring","$v":"Ring ring"},{"$i":"Spirals","$v":"Ring Spirals"},{"$i":"Stones","$v":"Stones"},{"$i":"Timer","$v":"Timer"},{"$i":"Tip_toe","$v":"Tip toe"},{"$i":"Calendar_1","$v":"Calendar_1"},{"$i":"Calendar_2","$v":"Calendar_2"},{"$i":"Calendar_3","$v":"Calendar_3"},{"$i":"Message_1","$v":"Message_1"},{"$i":"Message_2","$v":"Message_2"},{"$i":"Message_3","$v":"Message_3"},{"$i":"Message_4","$v":"Message_4"},{"$i":"Message_5","$v":"Message_5"},{"$i":"manage-title-2","$v":"Stjórna tónum"},{"$i":"actions-share-ringtone","$v":"Deila hringit."},{"$i":"actions-delete-ringtone","$v":"Eyða hringitóni"},{"$i":"actions-share-alerttone","$v":"Deila viðv."},{"$i":"actions-delete-alerttone","$v":"Eyða viðvörun"},{"$i":"actions-cancel","$v":"H. við"},{"$i":"delete-title-ringtone","$v":"Eyða hringitóni"},{"$i":"delete-title-alerttone","$v":"Eyða viðvörun"},{"$i":"delete-desc","$v":["Viltu örugglega eyða „",{"t":"idOrVar","v":"tone"},"“?"]},{"$i":"delete-desc-default-ringtone","$v":["„",{"t":"idOrVar","v":"tone"},"“ er núverandi sjálfgefinn hringitónn.\n\nErtu viss um að þú viljir eyða honum?"]},{"$i":"delete-desc-default-alerttone","$v":["„",{"t":"idOrVar","v":"tone"},"“ er núverandi sjálfgefin viðvörun.\n\nErtu viss um að þú viljir eyða honum?"]},{"$i":"delete-cancel","$v":"H. við"},{"$i":"delete-confirm","$v":"Eyða"},{"$i":"deleted-ringtone","$v":"Hringitóni eytt."},{"$i":"deleted-alerttone","$v":"Viðvörun eytt."},{"$i":"created-tone","$v":"Hringitónn búinn til."},{"$i":"set-default-tone","$v":"Hringit. val. sem sjálfg."},{"$i":"file-saved","$v":"Vistað sem hringitónn."},{"$i":"file-set-as-default-ringtone","$v":"Vistað sem sjálfgefinn hringitóna."},{"$i":"sd-card-subtitle","$v":"SD-kort"},{"$i":"confirmation","$v":"Staðfesting"},{"$i":"pick-title","$v":"Velja hljóð"},{"$i":"pick-set","$v":"Stilla"},{"$i":"system-ringtones","$v":"Hringitónar kerfis"},{"$i":"my-ringtones","$v":"Hringit. mínir"},{"$i":"notice-alerts","$v":"Tilkynningaviðv."},{"$i":"section-title-builtin-ringtone","$v":"Hringitónar kerfis"},{"$i":"section-title-builtin-alerttone","$v":"Kerfisviðvaranir"},{"$i":"section-header-title-ringtone","$v":"Hringitónar"},{"$i":"section-header-title-alerttone","$v":"Tilkynningaviðv."},{"$i":"section-title-custom-ringtone","$v":"Hringit. mínir"},{"$i":"section-title-custom-alerttone","$v":"Viðv. mínar"},{"$i":"create-title","$v":"Vista sem hringitón"},{"$i":"create-save","$v":"Vista"},{"$i":"create-cancel","$v":"H. við"},{"$i":"create-select","$v":"Velja"},{"$i":"create-deselect","$v":"Afturkalla"},{"$i":"play-error-title","$v":"Skemmd skrá"},{"$i":"play-error-desc","$v":"Skráin er skemmd. Ekki er hægt að nota hana til að búa til hringitón."},{"$i":"save-error-title","$v":"Hringitónn ekki búinn til"},{"$i":"save-error-desc","$v":"Villa kom upp þegar hringitónn var búinn til. Reyndu aftur."},{"$i":"save-file-large","$v":"Skráin er of stór."},{"$i":"default-label","$v":"Stilltu sem sjálfgefin hringitón"},{"$i":"ok","$v":"Í lagi"},{"$i":"ringtone-untitled","$v":"Ónefnt"},{"$i":"options","$v":"Valkostir"},{"$i":"play","$v":"Spila"},{"$i":"stop","$v":"Stöðva"},{"$i":"share","$v":"Deila"},{"$i":"delete","$v":"Eyða"},{"$i":"cancel","$v":"H. við"},{"$i":"select","$v":"Velja"},{"$i":"add","$v":"Bæta við"},{"$i":"no-ringtones","$v":"Engir hringitónar"},{"$i":"no-ringtones-warning","$v":"Engir hringitónar. Ýttu á „Bæta við“ til að bæta við hringitóni úr tónlistinni þinni."},{"$i":"add-ringtone","$v":"Bæta við hringitóni"},{"$i":"softkey-options","$v":"Valkostir"}]