[{"$i":"brandShortName","$v":"KaiOS"},{"$i":"browserBrandShortName","$v":"Web Browser"},{"$i":"browserBrandFullName","$v":"Mozilla Web Browser"},{"$i":"ringtoneBrandName","$v":"Default"},{"$i":"ringtoneSectionBrandName","$v":"System"},{"$i":"ringtone-none","$v":"Nessuna"},{"$i":"ringer_adventure","$v":"Adventure"},{"$i":"ringer_africa","$v":"Africa"},{"$i":"ringer_bounce","$v":"Bounce"},{"$i":"ringer_disco","$v":"Disco"},{"$i":"ringer_kai","$v":"Kai"},{"$i":"ringer_office","$v":"Office"},{"$i":"ringer_techno","$v":"Techno"},{"$i":"ringer_woody","$v":"Woody"},{"$i":"notifier_bell","$v":"Bell"},{"$i":"notifier_donuts","$v":"Donuts"},{"$i":"notifier_que_paso","$v":"Qué paso"},{"$i":"notifier_shake","$v":"Shake"},{"$i":"notifier_triple","$v":"Triple"},{"$i":"ringer_azalea","$v":"Azalea"},{"$i":"ringer_bloom","$v":"Bloom"},{"$i":"ringer_blove","$v":"Blove"},{"$i":"ringer_city_lights","$v":"City Lights"},{"$i":"ringer_dots","$v":"Dots"},{"$i":"ringer_flow","$v":"Flow"},{"$i":"ringer_fountain","$v":"Fountain"},{"$i":"ringer_fresh","$v":"Fresh"},{"$i":"ringer_firefox2","$v":[{"t":"idOrVar","v":"ringtoneBrandName"}]},{"$i":"ringer_illuminate","$v":"Illuminate"},{"$i":"ringer_incoming","$v":"Incoming"},{"$i":"ringer_silvery","$v":"Silvery"},{"$i":"ringer_now_or_never","$v":"Now or Never"},{"$i":"ringer_primary","$v":"Primary"},{"$i":"ringer_pure_guitar","$v":"Pure Guitar"},{"$i":"ringer_rounded","$v":"Rounded"},{"$i":"ringer_spring","$v":"Spring"},{"$i":"ringer_stargazer","$v":"Stargazer"},{"$i":"ringer_vaca","$v":"Vaca"},{"$i":"notifier_bells","$v":"Bells"},{"$i":"notifier_bloom","$v":"Bloom"},{"$i":"notifier_chime","$v":"Chime"},{"$i":"notifier_clicka","$v":"Clicka"},{"$i":"notifier_digi","$v":"Digi"},{"$i":"notifier_dropplet","$v":"Dropplet"},{"$i":"notifier_firefox2","$v":[{"t":"idOrVar","v":"ringtoneBrandName"}]},{"$i":"notifier_hello","$v":"Hello"},{"$i":"notifier_ping","$v":"Ping"},{"$i":"notifier_plickle","$v":"Plickle"},{"$i":"notifier_pocko","$v":"Pocko"},{"$i":"notifier_quado","$v":"Quado"},{"$i":"notifier_red","$v":"Red"},{"$i":"notifier_sato","$v":"Sato"},{"$i":"notifier_trickleup","$v":"Trickle Up"},{"$i":"notifier_trink","$v":"Trink"},{"$i":"notifier_verse","$v":"Verse"},{"$i":"NokiaTune","$v":"NokiaTune"},{"$i":"Arrival","$v":"Arrival"},{"$i":"Barbell","$v":"Barbell"},{"$i":"Bird","$v":"Bird"},{"$i":"Bounce","$v":"Bounce"},{"$i":"Brikabrak","$v":"Brikabrak"},{"$i":"Buzzer","$v":"Buzzer"},{"$i":"Cadenza","$v":"Cadenza"},{"$i":"Chirp","$v":"Chirp"},{"$i":"Delays","$v":"Delays"},{"$i":"Distance","$v":"Distance"},{"$i":"Earring","$v":"Earring"},{"$i":"Electronic","$v":"Electronic"},{"$i":"Imperial","$v":"Imperial"},{"$i":"Karimba","$v":"Karimba"},{"$i":"Marbles","$v":"Marbles"},{"$i":"Monkey_drum","$v":"Monkey drum"},{"$i":"Nostalgia","$v":"Nostalgia"},{"$i":"Ring_ring","$v":"Ring ring"},{"$i":"Spirals","$v":"Ring Spirals"},{"$i":"Stones","$v":"Stones"},{"$i":"Timer","$v":"Timer"},{"$i":"Tip_toe","$v":"Tip toe"},{"$i":"Calendar_1","$v":"Calendar_1"},{"$i":"Calendar_2","$v":"Calendar_2"},{"$i":"Calendar_3","$v":"Calendar_3"},{"$i":"Message_1","$v":"Message_1"},{"$i":"Message_2","$v":"Message_2"},{"$i":"Message_3","$v":"Message_3"},{"$i":"Message_4","$v":"Message_4"},{"$i":"Message_5","$v":"Message_5"},{"$i":"manage-title-2","$v":"Gestisci toni"},{"$i":"actions-share-ringtone","$v":"Condividi suoneria"},{"$i":"actions-delete-ringtone","$v":"Elimina suoneria"},{"$i":"actions-share-alerttone","$v":"Condividi avviso"},{"$i":"actions-delete-alerttone","$v":"Elimina avviso"},{"$i":"actions-cancel","$v":"Annulla"},{"$i":"delete-title-ringtone","$v":"Elimina suoneria"},{"$i":"delete-title-alerttone","$v":"Elimina avviso"},{"$i":"delete-desc","$v":["Eliminare \"",{"t":"idOrVar","v":"tone"},"\"?"]},{"$i":"delete-desc-default-ringtone","$v":[{"t":"idOrVar","v":"tone"},"\" è la suoneria predefinita attuale.\n\nEliminarla?"]},{"$i":"delete-desc-default-alerttone","$v":[{"t":"idOrVar","v":"tone"},"\" è l'avviso predefinito attuale.\n\nEliminarlo?"]},{"$i":"delete-cancel","$v":"Annulla"},{"$i":"delete-confirm","$v":"Elimina"},{"$i":"deleted-ringtone","$v":"Suoneria eliminata."},{"$i":"deleted-alerttone","$v":"Avviso eliminato."},{"$i":"created-tone","$v":"Suoneria creata."},{"$i":"set-default-tone","$v":"Suoneria impostata come predefinita."},{"$i":"file-saved","$v":"Salvato come suoneria."},{"$i":"file-set-as-default-ringtone","$v":"Salvato come suoneria predefinita."},{"$i":"sd-card-subtitle","$v":"Scheda SD"},{"$i":"confirmation","$v":"Conferma"},{"$i":"pick-title","$v":"Seleziona suono"},{"$i":"pick-set","$v":"Imposta"},{"$i":"system-ringtones","$v":"Suonerie di sistema"},{"$i":"my-ringtones","$v":"Le mie suonerie"},{"$i":"notice-alerts","$v":"Avvisi di notifica"},{"$i":"section-title-builtin-ringtone","$v":"Suonerie di sistema"},{"$i":"section-title-builtin-alerttone","$v":"Allerte di sistema"},{"$i":"section-header-title-ringtone","$v":"Suonerie"},{"$i":"section-header-title-alerttone","$v":"Avvisi di notifica"},{"$i":"section-title-custom-ringtone","$v":"Le mie suonerie"},{"$i":"section-title-custom-alerttone","$v":"I miei avvisi"},{"$i":"create-title","$v":"Salva come suoneria"},{"$i":"create-save","$v":"Salva"},{"$i":"create-cancel","$v":"Annulla"},{"$i":"create-select","$v":"Seleziona"},{"$i":"create-deselect","$v":"Deseleziona"},{"$i":"play-error-title","$v":"File danneggiato"},{"$i":"play-error-desc","$v":"File danneggiato. Impossibile usarlo per creare una suoneria."},{"$i":"save-error-title","$v":"Suoneria non creata"},{"$i":"save-error-desc","$v":"Si è verificato un problema durante la creazione della suoneria. Riprovare."},{"$i":"save-file-large","$v":"Dimensioni del file troppo grandi."},{"$i":"default-label","$v":"Imposta come suoneria predefinita"},{"$i":"ok","$v":"OK"},{"$i":"ringtone-untitled","$v":"Senza titolo"},{"$i":"options","$v":"Opzioni"},{"$i":"play","$v":"Riproduci"},{"$i":"stop","$v":"Interrompi"},{"$i":"share","$v":"Condividi"},{"$i":"delete","$v":"Elimina"},{"$i":"cancel","$v":"Annulla"},{"$i":"select","$v":"Seleziona"},{"$i":"add","$v":"Aggiungi"},{"$i":"no-ringtones","$v":"Nessuna suoneria"},{"$i":"no-ringtones-warning","$v":"Nessuna suoneria. Premere Aggiungi per aggiungere una suoneria dalla musica personale."},{"$i":"add-ringtone","$v":"Aggiungi suoneria"},{"$i":"softkey-options","$v":"Opzioni"}]