[{"$i":"brandShortName","$v":"KaiOS"},{"$i":"browserBrandShortName","$v":"Web Browser"},{"$i":"browserBrandFullName","$v":"Mozilla Web Browser"},{"$i":"ringtoneBrandName","$v":"Default"},{"$i":"ringtoneSectionBrandName","$v":"System"},{"$i":"ringtone-none","$v":"គ្មាន"},{"$i":"ringer_adventure","$v":"Adventure"},{"$i":"ringer_africa","$v":"Africa"},{"$i":"ringer_bounce","$v":"Bounce"},{"$i":"ringer_disco","$v":"Disco"},{"$i":"ringer_kai","$v":"Kai"},{"$i":"ringer_office","$v":"Office"},{"$i":"ringer_techno","$v":"Techno"},{"$i":"ringer_woody","$v":"Woody"},{"$i":"notifier_bell","$v":"Bell"},{"$i":"notifier_donuts","$v":"Donuts"},{"$i":"notifier_que_paso","$v":"Such rhythm"},{"$i":"notifier_shake","$v":"Shake"},{"$i":"notifier_triple","$v":"Triple"},{"$i":"ringer_azalea","$v":"Azalea"},{"$i":"ringer_bloom","$v":"Bloom"},{"$i":"ringer_blove","$v":"Blove"},{"$i":"ringer_city_lights","$v":"City Lights"},{"$i":"ringer_dots","$v":"Dots"},{"$i":"ringer_flow","$v":"Flow"},{"$i":"ringer_fountain","$v":"Fountain"},{"$i":"ringer_fresh","$v":"Fresh"},{"$i":"ringer_firefox2","$v":[{"t":"idOrVar","v":"ringtoneBrandName"}]},{"$i":"ringer_illuminate","$v":"Illuminate"},{"$i":"ringer_incoming","$v":"Incoming"},{"$i":"ringer_silvery","$v":"Silvery"},{"$i":"ringer_now_or_never","$v":"Now or Never"},{"$i":"ringer_primary","$v":"Primary"},{"$i":"ringer_pure_guitar","$v":"Pure Guitar"},{"$i":"ringer_rounded","$v":"Rounded"},{"$i":"ringer_spring","$v":"Spring"},{"$i":"ringer_stargazer","$v":"Stargazer"},{"$i":"ringer_vaca","$v":"Vaca"},{"$i":"notifier_bells","$v":"Bells"},{"$i":"notifier_bloom","$v":"Bloom"},{"$i":"notifier_chime","$v":"Chime"},{"$i":"notifier_clicka","$v":"Clicka"},{"$i":"notifier_digi","$v":"Digi"},{"$i":"notifier_dropplet","$v":"Dropplet"},{"$i":"notifier_firefox2","$v":[{"t":"idOrVar","v":"ringtoneBrandName"}]},{"$i":"notifier_hello","$v":"Hello"},{"$i":"notifier_ping","$v":"Ping"},{"$i":"notifier_plickle","$v":"Plickle"},{"$i":"notifier_pocko","$v":"Pocko"},{"$i":"notifier_quado","$v":"Quado"},{"$i":"notifier_red","$v":"Red"},{"$i":"notifier_sato","$v":"Sato"},{"$i":"notifier_trickleup","$v":"Trickle Up"},{"$i":"notifier_trink","$v":"Trink"},{"$i":"notifier_verse","$v":"Verse"},{"$i":"NokiaTune","$v":"NokiaTune"},{"$i":"Arrival","$v":"Arrival"},{"$i":"Barbell","$v":"Barbell"},{"$i":"Bird","$v":"Bird"},{"$i":"Bounce","$v":"Bounce"},{"$i":"Brikabrak","$v":"Brikabrak"},{"$i":"Buzzer","$v":"Buzzer"},{"$i":"Cadenza","$v":"Cadenza"},{"$i":"Chirp","$v":"Chirp"},{"$i":"Delays","$v":"Delays"},{"$i":"Distance","$v":"Distance"},{"$i":"Earring","$v":"Earring"},{"$i":"Electronic","$v":"Electronic"},{"$i":"Imperial","$v":"Imperial"},{"$i":"Karimba","$v":"Karimba"},{"$i":"Marbles","$v":"Marbles"},{"$i":"Monkey_drum","$v":"Monkey drum"},{"$i":"Nostalgia","$v":"Nostalgia"},{"$i":"Ring_ring","$v":"Ring ring"},{"$i":"Spirals","$v":"Ring Spirals"},{"$i":"Stones","$v":"Stones"},{"$i":"Timer","$v":"Timer"},{"$i":"Tip_toe","$v":"Tip toe"},{"$i":"Calendar_1","$v":"Calendar_1"},{"$i":"Calendar_2","$v":"Calendar_2"},{"$i":"Calendar_3","$v":"Calendar_3"},{"$i":"Message_1","$v":"Message_1"},{"$i":"Message_2","$v":"Message_2"},{"$i":"Message_3","$v":"Message_3"},{"$i":"Message_4","$v":"Message_4"},{"$i":"Message_5","$v":"Message_5"},{"$i":"manage-title-2","$v":"គ្រប់គ្រង​សំឡេង"},{"$i":"actions-share-ringtone","$v":"ចែក​រំលែក​សំឡេង​រោទ៍"},{"$i":"actions-delete-ringtone","$v":"លុប​សំឡេង​រោទ៍"},{"$i":"actions-share-alerttone","$v":"ចែក​រំលែក​សារ​ជូន​ដំណឹង"},{"$i":"actions-delete-alerttone","$v":"លុប​សារ​ជូន​ដំណឹង"},{"$i":"actions-cancel","$v":"បោះ​បង់"},{"$i":"delete-title-ringtone","$v":"លុប​សំឡេង​រោទ៍"},{"$i":"delete-title-alerttone","$v":"លុប​សារ​ជូន​ដំណឹង"},{"$i":"delete-desc","$v":["តើ​អ្នក​ប្រាកដ​ថា​ចង់​លុប \"",{"t":"idOrVar","v":"tone"},"\" មែន​ឬ?"]},{"$i":"delete-desc-default-ringtone","$v":[{"t":"idOrVar","v":"tone"},"\" គឺ​ជា​សំឡេង​រោទ៍​លំនាំ​ដើម​បច្ចុប្បន្ន។\n\nតើ​អ្នក​ប្រាកដ​ថា​ចង់​លុប​វា​មែន​ឬ?"]},{"$i":"delete-desc-default-alerttone","$v":[{"t":"idOrVar","v":"tone"},"\" គឺ​ជា​សារ​ជូន​ដំណឹង​លំនាំ​ដើម​បច្ចុប្បន្ន។\n\nតើ​អ្នក​ប្រាកដ​ថា​ចង់​លុប​វា​មែន​ឬ?"]},{"$i":"delete-cancel","$v":"បោះ​បង់"},{"$i":"delete-confirm","$v":"លុប"},{"$i":"deleted-ringtone","$v":"បាន​លុប​សំឡេង​រោទ៍។"},{"$i":"deleted-alerttone","$v":"បាន​លុប​សារជូន​ដំណឹង។"},{"$i":"created-tone","$v":"បាន​បង្កើត​សំឡេង​រោទ៍។"},{"$i":"set-default-tone","$v":"បាន​កំណត់​សំឡេង​រោទ៍​ដើម។"},{"$i":"file-saved","$v":"បាន​រក្សា​ទុក​ជា​សំឡេង​រោទ៍។"},{"$i":"file-set-as-default-ringtone","$v":"បានរក្សាទុកជាសំឡេងរោទ៍លំនាំដើម។"},{"$i":"sd-card-subtitle","$v":"កាត SD"},{"$i":"confirmation","$v":"ការបញ្ជាក់"},{"$i":"pick-title","$v":"ជ្រើស​សំឡេង"},{"$i":"pick-set","$v":"កំណត់"},{"$i":"system-ringtones","$v":"សំឡេង​រោទ៍​ប្រព័ន្ធ"},{"$i":"my-ringtones","$v":"សំឡេង​រោទ៍​របស់​ខ្ញុំ"},{"$i":"notice-alerts","$v":"ការលោត​ជូន​ដំណឹង"},{"$i":"section-title-builtin-ringtone","$v":"សំឡេង​រោទ៍​ប្រព័ន្ធ"},{"$i":"section-title-builtin-alerttone","$v":"សារ​ជូន​ដំណឹង​របស់​ប្រព័ន្ធ"},{"$i":"section-header-title-ringtone","$v":"សំឡេង​រោទ៍"},{"$i":"section-header-title-alerttone","$v":"ការលោត​ជូន​ដំណឹង"},{"$i":"section-title-custom-ringtone","$v":"សំឡេង​រោទ៍​របស់​ខ្ញុំ"},{"$i":"section-title-custom-alerttone","$v":"សារ​ជូន​ដំណឹង​ខ្ញុំ"},{"$i":"create-title","$v":"រក្សា​ទុក​ជា​សំឡេង​រោទ៍"},{"$i":"create-save","$v":"រក្សា​ទុក"},{"$i":"create-cancel","$v":"បោះ​បង់"},{"$i":"create-select","$v":"ជ្រើស"},{"$i":"create-deselect","$v":"ដក​ការជ្រើស"},{"$i":"play-error-title","$v":"ឯកសារ​ខូច"},{"$i":"play-error-desc","$v":"ឯកសារ​ខូច។ មិន​អាច​ប្រើ​វា​សម្រាប់​បង្កើត​សំឡេង​រោទ៍​បាន​ទេ។"},{"$i":"save-error-title","$v":"មិន​បាន​បង្កើត​សំឡេង​រោទ៍"},{"$i":"save-error-desc","$v":"មាន​បញ្ហា​ក្នុង​ការបង្កើត​សំឡេង​រោទ៍។ សូម​ព្យាយាម​ម្ដង​ទៀត។"},{"$i":"save-file-large","$v":"ទំហំ​ឯកសារ​ធំ​ពេក។"},{"$i":"default-label","$v":"កំណត់ជាសម្លេងរោទ៍លំនាំដើម"},{"$i":"ok","$v":"យល់​ព្រម"},{"$i":"ringtone-untitled","$v":"គ្មាន​ចំណង​ជើង"},{"$i":"options","$v":"ជម្រើស"},{"$i":"play","$v":"ចាក់"},{"$i":"stop","$v":"បញ្ឈប់"},{"$i":"share","$v":"ចែក​រំលែក"},{"$i":"delete","$v":"លុប"},{"$i":"cancel","$v":"បោះ​បង់"},{"$i":"select","$v":"ជ្រើស"},{"$i":"add","$v":"បន្ថែម"},{"$i":"no-ringtones","$v":"គ្មាន​សំឡេង​រោទ៍​ទេ"},{"$i":"no-ringtones-warning","$v":"គ្មាន​សំឡេង​រោទ៍​ទេ។ ចុច បន្ថែម ដើម្បី​បន្ថែម​សំឡេង​រោទ៍​ពី​តន្ត្រី​របស់​អ្នក។"},{"$i":"add-ringtone","$v":"បន្ថែម​សំឡេង​រោទ៍"},{"$i":"softkey-options","$v":"ជម្រើស"}]