[{"$i":"brandShortName","$v":"KaiOS"},{"$i":"browserBrandShortName","$v":"Web Browser"},{"$i":"browserBrandFullName","$v":"Mozilla Web Browser"},{"$i":"ringtoneBrandName","$v":"Default"},{"$i":"ringtoneSectionBrandName","$v":"System"},{"$i":"ringtone-none","$v":"Jokie"},{"$i":"ringer_adventure","$v":"Adventure"},{"$i":"ringer_africa","$v":"Africa"},{"$i":"ringer_bounce","$v":"Bounce"},{"$i":"ringer_disco","$v":"Disco"},{"$i":"ringer_kai","$v":"Kai"},{"$i":"ringer_office","$v":"Office"},{"$i":"ringer_techno","$v":"Techno"},{"$i":"ringer_woody","$v":"Woody"},{"$i":"notifier_bell","$v":"Bell"},{"$i":"notifier_donuts","$v":"Donuts"},{"$i":"notifier_que_paso","$v":"Such rhythm"},{"$i":"notifier_shake","$v":"Shake"},{"$i":"notifier_triple","$v":"Triple"},{"$i":"ringer_azalea","$v":"Azalea"},{"$i":"ringer_bloom","$v":"Bloom"},{"$i":"ringer_blove","$v":"Blove"},{"$i":"ringer_city_lights","$v":"City Lights"},{"$i":"ringer_dots","$v":"Dots"},{"$i":"ringer_flow","$v":"Flow"},{"$i":"ringer_fountain","$v":"Fountain"},{"$i":"ringer_fresh","$v":"Fresh"},{"$i":"ringer_firefox2","$v":[{"t":"idOrVar","v":"ringtoneBrandName"}]},{"$i":"ringer_illuminate","$v":"Illuminate"},{"$i":"ringer_incoming","$v":"Gaunamas"},{"$i":"ringer_silvery","$v":"Silvery"},{"$i":"ringer_now_or_never","$v":"Now or Never"},{"$i":"ringer_primary","$v":"Primary"},{"$i":"ringer_pure_guitar","$v":"Pure Guitar"},{"$i":"ringer_rounded","$v":"Rounded"},{"$i":"ringer_spring","$v":"Spring"},{"$i":"ringer_stargazer","$v":"Stargazer"},{"$i":"ringer_vaca","$v":"Vaca"},{"$i":"notifier_bells","$v":"Bells"},{"$i":"notifier_bloom","$v":"Bloom"},{"$i":"notifier_chime","$v":"Chime"},{"$i":"notifier_clicka","$v":"Clicka"},{"$i":"notifier_digi","$v":"Digi"},{"$i":"notifier_dropplet","$v":"Dropplet"},{"$i":"notifier_firefox2","$v":[{"t":"idOrVar","v":"ringtoneBrandName"}]},{"$i":"notifier_hello","$v":"Hello"},{"$i":"notifier_ping","$v":"Ping"},{"$i":"notifier_plickle","$v":"Plickle"},{"$i":"notifier_pocko","$v":"Pocko"},{"$i":"notifier_quado","$v":"Quado"},{"$i":"notifier_red","$v":"Red"},{"$i":"notifier_sato","$v":"Sato"},{"$i":"notifier_trickleup","$v":"Trickle Up"},{"$i":"notifier_trink","$v":"Trink"},{"$i":"notifier_verse","$v":"Verse"},{"$i":"NokiaTune","$v":"NokiaTune"},{"$i":"Arrival","$v":"Arrival"},{"$i":"Barbell","$v":"Barbell"},{"$i":"Bird","$v":"Bird"},{"$i":"Bounce","$v":"Bounce"},{"$i":"Brikabrak","$v":"Brikabrak"},{"$i":"Buzzer","$v":"Buzzer"},{"$i":"Cadenza","$v":"Cadenza"},{"$i":"Chirp","$v":"Chirp"},{"$i":"Delays","$v":"Delays"},{"$i":"Distance","$v":"Distance"},{"$i":"Earring","$v":"Earring"},{"$i":"Electronic","$v":"Electronic"},{"$i":"Imperial","$v":"Imperial"},{"$i":"Karimba","$v":"Karimba"},{"$i":"Marbles","$v":"Marbles"},{"$i":"Monkey_drum","$v":"Monkey drum"},{"$i":"Nostalgia","$v":"Nostalgia"},{"$i":"Ring_ring","$v":"Ring ring"},{"$i":"Spirals","$v":"Ring Spirals"},{"$i":"Stones","$v":"Stones"},{"$i":"Timer","$v":"Timer"},{"$i":"Tip_toe","$v":"Tip toe"},{"$i":"Calendar_1","$v":"Calendar_1"},{"$i":"Calendar_2","$v":"Calendar_2"},{"$i":"Calendar_3","$v":"Calendar_3"},{"$i":"Message_1","$v":"Message_1"},{"$i":"Message_2","$v":"Message_2"},{"$i":"Message_3","$v":"Message_3"},{"$i":"Message_4","$v":"Message_4"},{"$i":"Message_5","$v":"Message_5"},{"$i":"manage-title-2","$v":"Tonų tvark."},{"$i":"actions-share-ringtone","$v":"Dalintis skambėjimo tonu"},{"$i":"actions-delete-ringtone","$v":"Ištr. skamb. t."},{"$i":"actions-share-alerttone","$v":"Dalintis perspėjimu"},{"$i":"actions-delete-alerttone","$v":"Ištr. persp."},{"$i":"actions-cancel","$v":"Atš."},{"$i":"delete-title-ringtone","$v":"Skamb. t. tryn."},{"$i":"delete-title-alerttone","$v":"Persp. tryn."},{"$i":"delete-desc","$v":["Ar tikrai norite ištrinti „",{"t":"idOrVar","v":"tone"},"“?"]},{"$i":"delete-desc-default-ringtone","$v":["„",{"t":"idOrVar","v":"tone"},"“ yra dabartinis numat. skamb. tonas. \n\n Ar tikrai norite jį ištr.?"]},{"$i":"delete-desc-default-alerttone","$v":["„",{"t":"idOrVar","v":"tone"},"“ yra esamas numat. perspėjim. \n\nAr tikrai norite jį ištrinti?"]},{"$i":"delete-cancel","$v":"Atš."},{"$i":"delete-confirm","$v":"Ištrin."},{"$i":"deleted-ringtone","$v":"Skamb. ton. ištr."},{"$i":"deleted-alerttone","$v":"Persp. ištrin."},{"$i":"created-tone","$v":"Sukurt. skmb. t."},{"$i":"set-default-tone","$v":"Sk. ton. nust. kaip num."},{"$i":"file-saved","$v":"Išsg. kaip skmb. t."},{"$i":"file-set-as-default-ringtone","$v":"Išsaugota kaip numatytasis skambėjimo tonas."},{"$i":"sd-card-subtitle","$v":"SD kor."},{"$i":"confirmation","$v":"Patvirtinim."},{"$i":"pick-title","$v":"Rinktis garsą"},{"$i":"pick-set","$v":"Nustatyti"},{"$i":"system-ringtones","$v":"Sistemos skambėjimo tonai"},{"$i":"my-ringtones","$v":"Mano skmb. t."},{"$i":"notice-alerts","$v":"Pran. persp."},{"$i":"section-title-builtin-ringtone","$v":"Sistemos skambėjimo tonai"},{"$i":"section-title-builtin-alerttone","$v":"Sistemos perspėjimai"},{"$i":"section-header-title-ringtone","$v":"Skamb. ton."},{"$i":"section-header-title-alerttone","$v":"Pran. persp."},{"$i":"section-title-custom-ringtone","$v":"Mano skmb. t."},{"$i":"section-title-custom-alerttone","$v":"Mano pers."},{"$i":"create-title","$v":"Išsg. kaip skmb. t."},{"$i":"create-save","$v":"Išsg."},{"$i":"create-cancel","$v":"Atš."},{"$i":"create-select","$v":"Rinktis"},{"$i":"create-deselect","$v":"Atsisak."},{"$i":"play-error-title","$v":"Iškraip. fail."},{"$i":"play-error-desc","$v":"Failas sugadintas. Jo negalima naudoti skambėjimo tonui sukurti."},{"$i":"save-error-title","$v":"Skamb. tonas nesuk."},{"$i":"save-error-desc","$v":"Kuriant skambėjimo toną iškilo problema. Bandykite dar kartą."},{"$i":"save-file-large","$v":"Failas per didelis."},{"$i":"default-label","$v":"Nustatykite kaip numatytąjį skambėjimo toną"},{"$i":"ok","$v":"GERAI"},{"$i":"ringtone-untitled","$v":"Be pavadinimo"},{"$i":"options","$v":"Funkc."},{"$i":"play","$v":"Atk."},{"$i":"stop","$v":"Stabdyti"},{"$i":"share","$v":"Dalintis"},{"$i":"delete","$v":"Ištrin."},{"$i":"cancel","$v":"Atš."},{"$i":"select","$v":"Rinktis"},{"$i":"add","$v":"Įtraukti"},{"$i":"no-ringtones","$v":"Skmb. t. nėra"},{"$i":"no-ringtones-warning","$v":"Nėra skamb. tonų. Spauskite „Pridėti“ ir pridėkite tonų iš muzikos bibliotekos."},{"$i":"add-ringtone","$v":"Įtr. sk. t."},{"$i":"softkey-options","$v":"Funkc."}]