[{"$i":"brandShortName","$v":"KaiOS"},{"$i":"browserBrandShortName","$v":"Web Browser"},{"$i":"browserBrandFullName","$v":"Mozilla Web Browser"},{"$i":"ringtoneBrandName","$v":"Default"},{"$i":"ringtoneSectionBrandName","$v":"System"},{"$i":"ringtone-none","$v":"Tiada"},{"$i":"ringer_adventure","$v":"Adventure"},{"$i":"ringer_africa","$v":"Afrika"},{"$i":"ringer_bounce","$v":"Bounce"},{"$i":"ringer_disco","$v":"Disco"},{"$i":"ringer_kai","$v":"Kai"},{"$i":"ringer_office","$v":"Office"},{"$i":"ringer_techno","$v":"Techno"},{"$i":"ringer_woody","$v":"Woody"},{"$i":"notifier_bell","$v":"Bell"},{"$i":"notifier_donuts","$v":"Donuts"},{"$i":"notifier_que_paso","$v":"Qué paso"},{"$i":"notifier_shake","$v":"Shake"},{"$i":"notifier_triple","$v":"Triple"},{"$i":"ringer_azalea","$v":"Azalea"},{"$i":"ringer_bloom","$v":"Mekar"},{"$i":"ringer_blove","$v":"Blove"},{"$i":"ringer_city_lights","$v":"Cahaya Kota"},{"$i":"ringer_dots","$v":"Titik"},{"$i":"ringer_flow","$v":"Aliran"},{"$i":"ringer_fountain","$v":"Pancuran"},{"$i":"ringer_fresh","$v":"Segar"},{"$i":"ringer_firefox2","$v":[{"t":"idOrVar","v":"ringtoneBrandName"}]},{"$i":"ringer_illuminate","$v":"Memancarkan cahaya"},{"$i":"ringer_incoming","$v":"Masuk"},{"$i":"ringer_silvery","$v":"Keperak-perakan"},{"$i":"ringer_now_or_never","$v":"Sekarang atau Tidak Selamanya"},{"$i":"ringer_primary","$v":"Utama"},{"$i":"ringer_pure_guitar","$v":"Pure Guitar"},{"$i":"ringer_rounded","$v":"Dibundarkan"},{"$i":"ringer_spring","$v":"Musim Bunga"},{"$i":"ringer_stargazer","$v":"Stargazer"},{"$i":"ringer_vaca","$v":"Vaca"},{"$i":"notifier_bells","$v":"Loceng"},{"$i":"notifier_bloom","$v":"Mekar"},{"$i":"notifier_chime","$v":"Bunyi loceng"},{"$i":"notifier_clicka","$v":"Clicka"},{"$i":"notifier_digi","$v":"Digi"},{"$i":"notifier_dropplet","$v":"Titisan"},{"$i":"notifier_firefox2","$v":[{"t":"idOrVar","v":"ringtoneBrandName"}]},{"$i":"notifier_hello","$v":"Helo"},{"$i":"notifier_ping","$v":"Ping"},{"$i":"notifier_plickle","$v":"Plickle"},{"$i":"notifier_pocko","$v":"Pocko"},{"$i":"notifier_quado","$v":"Quado"},{"$i":"notifier_red","$v":"Merah"},{"$i":"notifier_sato","$v":"Sato"},{"$i":"notifier_trickleup","$v":"Trickle Up"},{"$i":"notifier_trink","$v":"Trink"},{"$i":"notifier_verse","$v":"Rangkap"},{"$i":"NokiaTune","$v":"NokiaTune"},{"$i":"Arrival","$v":"Arrival"},{"$i":"Barbell","$v":"Barbell"},{"$i":"Bird","$v":"Bird"},{"$i":"Bounce","$v":"Bounce"},{"$i":"Brikabrak","$v":"Brikabrak"},{"$i":"Buzzer","$v":"Buzzer"},{"$i":"Cadenza","$v":"Cadenza"},{"$i":"Chirp","$v":"Chirp"},{"$i":"Delays","$v":"Delays"},{"$i":"Distance","$v":"Distance"},{"$i":"Earring","$v":"Earring"},{"$i":"Electronic","$v":"Electronic"},{"$i":"Imperial","$v":"Imperial"},{"$i":"Karimba","$v":"Karimba"},{"$i":"Marbles","$v":"Marbles"},{"$i":"Monkey_drum","$v":"Monkey drum"},{"$i":"Nostalgia","$v":"Nostalgia"},{"$i":"Ring_ring","$v":"Ring ring"},{"$i":"Spirals","$v":"Ring Spirals"},{"$i":"Stones","$v":"Stones"},{"$i":"Timer","$v":"Timer"},{"$i":"Tip_toe","$v":"Tip toe"},{"$i":"Calendar_1","$v":"Calendar_1"},{"$i":"Calendar_2","$v":"Calendar_2"},{"$i":"Calendar_3","$v":"Calendar_3"},{"$i":"Message_1","$v":"Message_1"},{"$i":"Message_2","$v":"Message_2"},{"$i":"Message_3","$v":"Message_3"},{"$i":"Message_4","$v":"Message_4"},{"$i":"Message_5","$v":"Message_5"},{"$i":"manage-title-2","$v":"Uruskan Nada"},{"$i":"actions-share-ringtone","$v":"Kongsi nada dering"},{"$i":"actions-delete-ringtone","$v":"Padam nada dering"},{"$i":"actions-share-alerttone","$v":"Kongsi isyarat"},{"$i":"actions-delete-alerttone","$v":"Padam isyarat"},{"$i":"actions-cancel","$v":"Batal"},{"$i":"delete-title-ringtone","$v":"Padam Nada Dering"},{"$i":"delete-title-alerttone","$v":"Padam Isyarat"},{"$i":"delete-desc","$v":["Adakah anda pasti anda ingin memadam \"",{"t":"idOrVar","v":"tone"},"\"?"]},{"$i":"delete-desc-default-ringtone","$v":[{"t":"idOrVar","v":"tone"},"\" ialah nada dering lalai semasa.\n\nAdakah anda pasti anda ingin memadamnya?"]},{"$i":"delete-desc-default-alerttone","$v":[{"t":"idOrVar","v":"tone"},"\" ialah isyarat lalai semasa.\n\nAdakah anda pasti anda ingin memadamnya?"]},{"$i":"delete-cancel","$v":"Batal"},{"$i":"delete-confirm","$v":"Padam"},{"$i":"deleted-ringtone","$v":"Nada dering dipadam."},{"$i":"deleted-alerttone","$v":"Isyarat dipadam."},{"$i":"created-tone","$v":"Nada dering dibuat."},{"$i":"set-default-tone","$v":"Nada dering ditetapkan sebagai lalai."},{"$i":"file-saved","$v":"Disimpan sebagai nada dering."},{"$i":"file-set-as-default-ringtone","$v":"Disimpan sebagai nada dering lalai."},{"$i":"sd-card-subtitle","$v":"Kad SD"},{"$i":"confirmation","$v":"Pengesahan"},{"$i":"pick-title","$v":"Pilih Bunyi"},{"$i":"pick-set","$v":"Tetapkan"},{"$i":"system-ringtones","$v":"Nada Dering Sistem"},{"$i":"my-ringtones","$v":"Nada Dering Saya"},{"$i":"notice-alerts","$v":"Isyarat Notis"},{"$i":"section-title-builtin-ringtone","$v":"Nada Dering Sistem"},{"$i":"section-title-builtin-alerttone","$v":"Isyarat Sistem"},{"$i":"section-header-title-ringtone","$v":"Nada dering"},{"$i":"section-header-title-alerttone","$v":"Isyarat Notis"},{"$i":"section-title-custom-ringtone","$v":"Nada Dering Saya"},{"$i":"section-title-custom-alerttone","$v":"Isyarat Saya"},{"$i":"create-title","$v":"Simpan Sebagai Nada Dering"},{"$i":"create-save","$v":"Simpan"},{"$i":"create-cancel","$v":"Batal"},{"$i":"create-select","$v":"Pilih"},{"$i":"create-deselect","$v":"Nyahpilih"},{"$i":"play-error-title","$v":"Fail Rosak"},{"$i":"play-error-desc","$v":"Fail rosak. Ia tidak boleh digunakan untuk membuat nada dering."},{"$i":"save-error-title","$v":"Nada Dering Tidak Dibuat"},{"$i":"save-error-desc","$v":"Terdapat isu sewaktu membuat nada dering. Sila cuba lagi."},{"$i":"save-file-large","$v":"Saiz fail terlalu besar."},{"$i":"default-label","$v":"Tetapkan sebagai nada dering lalai"},{"$i":"ok","$v":"OK"},{"$i":"ringtone-untitled","$v":"Tidak bertajuk"},{"$i":"options","$v":"Pilihan"},{"$i":"play","$v":"Main"},{"$i":"stop","$v":"Henti"},{"$i":"share","$v":"Kongsi"},{"$i":"delete","$v":"Padam"},{"$i":"cancel","$v":"Batal"},{"$i":"select","$v":"Pilih"},{"$i":"add","$v":"Tambah"},{"$i":"no-ringtones","$v":"Tiada Nada Dering"},{"$i":"no-ringtones-warning","$v":"Tiada nada dering. Tekan Tambah untuk menambah nada dering daripada muzik anda."},{"$i":"add-ringtone","$v":"Tambah nada dering"},{"$i":"softkey-options","$v":"Pilihan"}]