[{"$i":"brandShortName","$v":"KaiOS"},{"$i":"browserBrandShortName","$v":"Web Browser"},{"$i":"browserBrandFullName","$v":"Mozilla Web Browser"},{"$i":"ringtoneBrandName","$v":"Default"},{"$i":"ringtoneSectionBrandName","$v":"System"},{"$i":"ringtone-none","$v":"Geen"},{"$i":"ringer_adventure","$v":"Adventure"},{"$i":"ringer_africa","$v":"Afrika"},{"$i":"ringer_bounce","$v":"Bounce"},{"$i":"ringer_disco","$v":"Disco"},{"$i":"ringer_kai","$v":"Kai"},{"$i":"ringer_office","$v":"Office"},{"$i":"ringer_techno","$v":"Techno"},{"$i":"ringer_woody","$v":"Woody"},{"$i":"notifier_bell","$v":"Bell"},{"$i":"notifier_donuts","$v":"Donuts"},{"$i":"notifier_que_paso","$v":"Qué paso"},{"$i":"notifier_shake","$v":"Shake"},{"$i":"notifier_triple","$v":"Triple"},{"$i":"ringer_azalea","$v":"Azalea"},{"$i":"ringer_bloom","$v":"Bloom"},{"$i":"ringer_blove","$v":"Blove"},{"$i":"ringer_city_lights","$v":"City Lights"},{"$i":"ringer_dots","$v":"Dots"},{"$i":"ringer_flow","$v":"Stroom"},{"$i":"ringer_fountain","$v":"Fontein"},{"$i":"ringer_fresh","$v":"Fris"},{"$i":"ringer_firefox2","$v":[{"t":"idOrVar","v":"ringtoneBrandName"}]},{"$i":"ringer_illuminate","$v":"Verlichten"},{"$i":"ringer_incoming","$v":"Inkomend"},{"$i":"ringer_silvery","$v":"Zilveren"},{"$i":"ringer_now_or_never","$v":"Nu of nooit"},{"$i":"ringer_primary","$v":"Primair"},{"$i":"ringer_pure_guitar","$v":"Puur gitaar"},{"$i":"ringer_rounded","$v":"Rond"},{"$i":"ringer_spring","$v":"Lente"},{"$i":"ringer_stargazer","$v":"Stargazer"},{"$i":"ringer_vaca","$v":"Vakantie"},{"$i":"notifier_bells","$v":"Bells"},{"$i":"notifier_bloom","$v":"Bloom"},{"$i":"notifier_chime","$v":"Chime"},{"$i":"notifier_clicka","$v":"Clicka"},{"$i":"notifier_digi","$v":"Digi"},{"$i":"notifier_dropplet","$v":"Dropplet"},{"$i":"notifier_firefox2","$v":[{"t":"idOrVar","v":"ringtoneBrandName"}]},{"$i":"notifier_hello","$v":"Hallo"},{"$i":"notifier_ping","$v":"Ping"},{"$i":"notifier_plickle","$v":"Plickle"},{"$i":"notifier_pocko","$v":"Pocko"},{"$i":"notifier_quado","$v":"Quado"},{"$i":"notifier_red","$v":"Red"},{"$i":"notifier_sato","$v":"Sato"},{"$i":"notifier_trickleup","$v":"Trickle Up"},{"$i":"notifier_trink","$v":"Trink"},{"$i":"notifier_verse","$v":"Verse"},{"$i":"NokiaTune","$v":"NokiaTune"},{"$i":"Arrival","$v":"Arrival"},{"$i":"Barbell","$v":"Barbell"},{"$i":"Bird","$v":"Bird"},{"$i":"Bounce","$v":"Bounce"},{"$i":"Brikabrak","$v":"Brikabrak"},{"$i":"Buzzer","$v":"Buzzer"},{"$i":"Cadenza","$v":"Cadenza"},{"$i":"Chirp","$v":"Chirp"},{"$i":"Delays","$v":"Delays"},{"$i":"Distance","$v":"Distance"},{"$i":"Earring","$v":"Earring"},{"$i":"Electronic","$v":"Electronic"},{"$i":"Imperial","$v":"Imperial"},{"$i":"Karimba","$v":"Karimba"},{"$i":"Marbles","$v":"Marbles"},{"$i":"Monkey_drum","$v":"Monkey drum"},{"$i":"Nostalgia","$v":"Nostalgia"},{"$i":"Ring_ring","$v":"Ring ring"},{"$i":"Spirals","$v":"Ring Spirals"},{"$i":"Stones","$v":"Stones"},{"$i":"Timer","$v":"Timer"},{"$i":"Tip_toe","$v":"Tip toe"},{"$i":"Calendar_1","$v":"Calendar_1"},{"$i":"Calendar_2","$v":"Calendar_2"},{"$i":"Calendar_3","$v":"Calendar_3"},{"$i":"Message_1","$v":"Message_1"},{"$i":"Message_2","$v":"Message_2"},{"$i":"Message_3","$v":"Message_3"},{"$i":"Message_4","$v":"Message_4"},{"$i":"Message_5","$v":"Message_5"},{"$i":"manage-title-2","$v":"Tonen beheren"},{"$i":"actions-share-ringtone","$v":"Beltoon delen"},{"$i":"actions-delete-ringtone","$v":"Beltoon verwijderen"},{"$i":"actions-share-alerttone","$v":"Waarschuwing delen"},{"$i":"actions-delete-alerttone","$v":"Waarschuwing verwijderen"},{"$i":"actions-cancel","$v":"Annuleren"},{"$i":"delete-title-ringtone","$v":"Beltoon verwijderen"},{"$i":"delete-title-alerttone","$v":"Waarschuwing verwijderen"},{"$i":"delete-desc","$v":["Weet u zeker dat u '",{"t":"idOrVar","v":"tone"},"' wilt verwijderen?"]},{"$i":"delete-desc-default-ringtone","$v":["'",{"t":"idOrVar","v":"tone"},"' is de huidige standaardbeltoon.\n\nWeet u zeker dat u deze wilt verwijderen?"]},{"$i":"delete-desc-default-alerttone","$v":["'",{"t":"idOrVar","v":"tone"},"' is de huidige standaardwaarschuwing.\n\nWeet u zeker dat u deze wilt verwijderen?"]},{"$i":"delete-cancel","$v":"Annuleren"},{"$i":"delete-confirm","$v":"Verwijderen"},{"$i":"deleted-ringtone","$v":"Beltoon verwijderd."},{"$i":"deleted-alerttone","$v":"Waarschuwing verwijderd."},{"$i":"created-tone","$v":"Beltoon gemaakt."},{"$i":"set-default-tone","$v":"Beltoon ingesteld als standaard."},{"$i":"file-saved","$v":"Opgeslagen als beltoon."},{"$i":"file-set-as-default-ringtone","$v":"Opgeslagen als standaard beltoon."},{"$i":"sd-card-subtitle","$v":"SD-kaart"},{"$i":"confirmation","$v":"Bevestiging"},{"$i":"pick-title","$v":"Geluid selecteren"},{"$i":"pick-set","$v":"Instellen"},{"$i":"system-ringtones","$v":"Systeembeltonen"},{"$i":"my-ringtones","$v":"Mijn beltonen"},{"$i":"notice-alerts","$v":"Kennisgevingsmeldingen"},{"$i":"section-title-builtin-ringtone","$v":"Systeembeltonen"},{"$i":"section-title-builtin-alerttone","$v":"Systeemwaarschuwingen"},{"$i":"section-header-title-ringtone","$v":"Beltonen"},{"$i":"section-header-title-alerttone","$v":"Kennisgevingsmeldingen"},{"$i":"section-title-custom-ringtone","$v":"Mijn beltonen"},{"$i":"section-title-custom-alerttone","$v":"Mijn waarschuwingen"},{"$i":"create-title","$v":"Opslaan als beltoon"},{"$i":"create-save","$v":"Opslaan"},{"$i":"create-cancel","$v":"Annuleren"},{"$i":"create-select","$v":"Selecteer"},{"$i":"create-deselect","$v":"Deselecteren"},{"$i":"play-error-title","$v":"Beschadigd bestand"},{"$i":"play-error-desc","$v":"Het bestand is beschadigd. Dit kan niet worden gebruikt om een beltoon te maken."},{"$i":"save-error-title","$v":"Beltoon niet gemaakt"},{"$i":"save-error-desc","$v":"Er is een probleem opgetreden bij het maken van de beltoon. Probeer het opnieuw."},{"$i":"save-file-large","$v":"Bestandsgrootte is te groot."},{"$i":"default-label","$v":"Als standaardbeltoon instellen"},{"$i":"ok","$v":"OK"},{"$i":"ringtone-untitled","$v":"Naamloos"},{"$i":"options","$v":"Opties"},{"$i":"play","$v":"Afspelen"},{"$i":"stop","$v":"Stoppen"},{"$i":"share","$v":"Delen"},{"$i":"delete","$v":"Verwijderen"},{"$i":"cancel","$v":"Annuleren"},{"$i":"select","$v":"Selecteer"},{"$i":"add","$v":"Toevoegen"},{"$i":"no-ringtones","$v":"Geen beltonen"},{"$i":"no-ringtones-warning","$v":"Geen beltonen. Druk op Toevoegen om een beltoon toe te voegen uit uw muziek."},{"$i":"add-ringtone","$v":"Beltoon toevoegen"},{"$i":"softkey-options","$v":"Opties"}]