[{"$i":"brandShortName","$v":"KaiOS"},{"$i":"browserBrandShortName","$v":"Web Browser"},{"$i":"browserBrandFullName","$v":"Mozilla Web Browser"},{"$i":"ringtoneBrandName","$v":"Default"},{"$i":"ringtoneSectionBrandName","$v":"System"},{"$i":"ringtone-none","$v":"Nenhum"},{"$i":"ringer_adventure","$v":"Adventure"},{"$i":"ringer_africa","$v":"África"},{"$i":"ringer_bounce","$v":"Bounce"},{"$i":"ringer_disco","$v":"Disco"},{"$i":"ringer_kai","$v":"Kai"},{"$i":"ringer_office","$v":"Office"},{"$i":"ringer_techno","$v":"Techno"},{"$i":"ringer_woody","$v":"Woody"},{"$i":"notifier_bell","$v":"Bell"},{"$i":"notifier_donuts","$v":"Donuts"},{"$i":"notifier_que_paso","$v":"Qué paso"},{"$i":"notifier_shake","$v":"Shake"},{"$i":"notifier_triple","$v":"Triple"},{"$i":"ringer_azalea","$v":"Azalea"},{"$i":"ringer_bloom","$v":"Bloom"},{"$i":"ringer_blove","$v":"Blove"},{"$i":"ringer_city_lights","$v":"City Lights"},{"$i":"ringer_dots","$v":"Dots"},{"$i":"ringer_flow","$v":"Flow"},{"$i":"ringer_fountain","$v":"Fountain"},{"$i":"ringer_fresh","$v":"Fresh"},{"$i":"ringer_firefox2","$v":[{"t":"idOrVar","v":"ringtoneBrandName"}]},{"$i":"ringer_illuminate","$v":"Illuminate"},{"$i":"ringer_incoming","$v":"Incoming"},{"$i":"ringer_silvery","$v":"Silvery"},{"$i":"ringer_now_or_never","$v":"Now or Never"},{"$i":"ringer_primary","$v":"Primary"},{"$i":"ringer_pure_guitar","$v":"Pure Guitar"},{"$i":"ringer_rounded","$v":"Rounded"},{"$i":"ringer_spring","$v":"Spring"},{"$i":"ringer_stargazer","$v":"Stargazer"},{"$i":"ringer_vaca","$v":"Vaca"},{"$i":"notifier_bells","$v":"Bells"},{"$i":"notifier_bloom","$v":"Bloom"},{"$i":"notifier_chime","$v":"Chime"},{"$i":"notifier_clicka","$v":"Clicka"},{"$i":"notifier_digi","$v":"Digi"},{"$i":"notifier_dropplet","$v":"Dropplet"},{"$i":"notifier_firefox2","$v":[{"t":"idOrVar","v":"ringtoneBrandName"}]},{"$i":"notifier_hello","$v":"Hello"},{"$i":"notifier_ping","$v":"Ping"},{"$i":"notifier_plickle","$v":"Plickle"},{"$i":"notifier_pocko","$v":"Pocko"},{"$i":"notifier_quado","$v":"Quado"},{"$i":"notifier_red","$v":"Red"},{"$i":"notifier_sato","$v":"Sato"},{"$i":"notifier_trickleup","$v":"Trickle Up"},{"$i":"notifier_trink","$v":"Trink"},{"$i":"notifier_verse","$v":"Verse"},{"$i":"NokiaTune","$v":"NokiaTune"},{"$i":"Arrival","$v":"Arrival"},{"$i":"Barbell","$v":"Barbell"},{"$i":"Bird","$v":"Bird"},{"$i":"Bounce","$v":"Bounce"},{"$i":"Brikabrak","$v":"Brikabrak"},{"$i":"Buzzer","$v":"Buzzer"},{"$i":"Cadenza","$v":"Cadenza"},{"$i":"Chirp","$v":"Chirp"},{"$i":"Delays","$v":"Delays"},{"$i":"Distance","$v":"Distance"},{"$i":"Earring","$v":"Earring"},{"$i":"Electronic","$v":"Electronic"},{"$i":"Imperial","$v":"Imperial"},{"$i":"Karimba","$v":"Karimba"},{"$i":"Marbles","$v":"Marbles"},{"$i":"Monkey_drum","$v":"Monkey drum"},{"$i":"Nostalgia","$v":"Nostalgia"},{"$i":"Ring_ring","$v":"Ring ring"},{"$i":"Spirals","$v":"Ring Spirals"},{"$i":"Stones","$v":"Stones"},{"$i":"Timer","$v":"Timer"},{"$i":"Tip_toe","$v":"Tip toe"},{"$i":"Calendar_1","$v":"Calendar_1"},{"$i":"Calendar_2","$v":"Calendar_2"},{"$i":"Calendar_3","$v":"Calendar_3"},{"$i":"Message_1","$v":"Message_1"},{"$i":"Message_2","$v":"Message_2"},{"$i":"Message_3","$v":"Message_3"},{"$i":"Message_4","$v":"Message_4"},{"$i":"Message_5","$v":"Message_5"},{"$i":"manage-title-2","$v":"Gerenciar tons"},{"$i":"actions-share-ringtone","$v":"Compartilhar toque"},{"$i":"actions-delete-ringtone","$v":"Excluir toque"},{"$i":"actions-share-alerttone","$v":"Compartilhar alerta"},{"$i":"actions-delete-alerttone","$v":"Excluir alerta"},{"$i":"actions-cancel","$v":"Cancelar"},{"$i":"delete-title-ringtone","$v":"Excluir toque"},{"$i":"delete-title-alerttone","$v":"Excluir alerta"},{"$i":"delete-desc","$v":["Tem certeza de que deseja excluir \"",{"t":"idOrVar","v":"tone"},"\"?"]},{"$i":"delete-desc-default-ringtone","$v":[{"t":"idOrVar","v":"tone"},"” é o toque padrão atual.\n\nTem certeza de que deseja excluí-lo?"]},{"$i":"delete-desc-default-alerttone","$v":[{"t":"idOrVar","v":"tone"},"” é o alerta padrão atual.\n\nTem certeza de que deseja excluí-lo?"]},{"$i":"delete-cancel","$v":"Cancelar"},{"$i":"delete-confirm","$v":"Excluir"},{"$i":"deleted-ringtone","$v":"Toque excluído."},{"$i":"deleted-alerttone","$v":"Alerta excluído."},{"$i":"created-tone","$v":"Toque criado."},{"$i":"set-default-tone","$v":"Toque definido como padrão."},{"$i":"file-saved","$v":"Salvo como toque."},{"$i":"file-set-as-default-ringtone","$v":"Guardado como toque padrão."},{"$i":"sd-card-subtitle","$v":"Cartão SD"},{"$i":"confirmation","$v":"Confirmação"},{"$i":"pick-title","$v":"Selecionar som"},{"$i":"pick-set","$v":"Definir"},{"$i":"system-ringtones","$v":"Toques do sistema"},{"$i":"my-ringtones","$v":"Meus toques"},{"$i":"notice-alerts","$v":"Alertas de aviso"},{"$i":"section-title-builtin-ringtone","$v":"Toques do sistema"},{"$i":"section-title-builtin-alerttone","$v":"Alertas do sistema"},{"$i":"section-header-title-ringtone","$v":"Toques"},{"$i":"section-header-title-alerttone","$v":"Alertas de notificação"},{"$i":"section-title-custom-ringtone","$v":"Meus toques"},{"$i":"section-title-custom-alerttone","$v":"Meus alertas"},{"$i":"create-title","$v":"Salvar como toque"},{"$i":"create-save","$v":"Salvar"},{"$i":"create-cancel","$v":"Cancelar"},{"$i":"create-select","$v":"Selecionar"},{"$i":"create-deselect","$v":"Desmarcar"},{"$i":"play-error-title","$v":"Arquivo corrompido"},{"$i":"play-error-desc","$v":"O arquivo está corrompido. Ele não pode ser usado para criar um toque."},{"$i":"save-error-title","$v":"O toque não foi criado"},{"$i":"save-error-desc","$v":"Houve um problema ao criar o toque. Tente novamente."},{"$i":"save-file-large","$v":"O arquivo é muito grande."},{"$i":"default-label","$v":"Definir como toque padrão"},{"$i":"ok","$v":"OK"},{"$i":"ringtone-untitled","$v":"Sem título"},{"$i":"options","$v":"Opções"},{"$i":"play","$v":"Reproduzir"},{"$i":"stop","$v":"Parar"},{"$i":"share","$v":"Compartilhar"},{"$i":"delete","$v":"Excluir"},{"$i":"cancel","$v":"Cancelar"},{"$i":"select","$v":"Selecionar"},{"$i":"add","$v":"Adicionar"},{"$i":"no-ringtones","$v":"Sem toques"},{"$i":"no-ringtones-warning","$v":"Não há toques. Pressione Adicionar para adicionar um toque a partir de suas músicas."},{"$i":"add-ringtone","$v":"Adicionar toque"},{"$i":"softkey-options","$v":"Opções"}]