[{"$i":"brandShortName","$v":"KaiOS"},{"$i":"browserBrandShortName","$v":"Web Browser"},{"$i":"browserBrandFullName","$v":"Mozilla Web Browser"},{"$i":"ringtoneBrandName","$v":"Default"},{"$i":"ringtoneSectionBrandName","$v":"System"},{"$i":"ringtone-none","$v":"Nimic"},{"$i":"ringer_adventure","$v":"Adventure"},{"$i":"ringer_africa","$v":"Africa"},{"$i":"ringer_bounce","$v":"Bounce"},{"$i":"ringer_disco","$v":"Disco"},{"$i":"ringer_kai","$v":"Kai"},{"$i":"ringer_office","$v":"Office"},{"$i":"ringer_techno","$v":"Techno"},{"$i":"ringer_woody","$v":"Woody"},{"$i":"notifier_bell","$v":"Bell"},{"$i":"notifier_donuts","$v":"Donuts"},{"$i":"notifier_que_paso","$v":"Qué paso"},{"$i":"notifier_shake","$v":"Shake"},{"$i":"notifier_triple","$v":"Triple"},{"$i":"ringer_azalea","$v":"Azalea"},{"$i":"ringer_bloom","$v":"Bloom"},{"$i":"ringer_blove","$v":"Blove"},{"$i":"ringer_city_lights","$v":"City Lights"},{"$i":"ringer_dots","$v":"Dots"},{"$i":"ringer_flow","$v":"Flow"},{"$i":"ringer_fountain","$v":"Fountain"},{"$i":"ringer_fresh","$v":"Fresh"},{"$i":"ringer_firefox2","$v":[{"t":"idOrVar","v":"ringtoneBrandName"}]},{"$i":"ringer_illuminate","$v":"Illuminate"},{"$i":"ringer_incoming","$v":"Primite"},{"$i":"ringer_silvery","$v":"Silvery"},{"$i":"ringer_now_or_never","$v":"Now or Never"},{"$i":"ringer_primary","$v":"Primary"},{"$i":"ringer_pure_guitar","$v":"Pure Guitar"},{"$i":"ringer_rounded","$v":"Rounded"},{"$i":"ringer_spring","$v":"Spring"},{"$i":"ringer_stargazer","$v":"Stargazer"},{"$i":"ringer_vaca","$v":"Vaca"},{"$i":"notifier_bells","$v":"Bells"},{"$i":"notifier_bloom","$v":"Bloom"},{"$i":"notifier_chime","$v":"Chime"},{"$i":"notifier_clicka","$v":"Clicka"},{"$i":"notifier_digi","$v":"Digi"},{"$i":"notifier_dropplet","$v":"Dropplet"},{"$i":"notifier_firefox2","$v":[{"t":"idOrVar","v":"ringtoneBrandName"}]},{"$i":"notifier_hello","$v":"Hello"},{"$i":"notifier_ping","$v":"Ping"},{"$i":"notifier_plickle","$v":"Plickle"},{"$i":"notifier_pocko","$v":"Pocko"},{"$i":"notifier_quado","$v":"Quado"},{"$i":"notifier_red","$v":"Red"},{"$i":"notifier_sato","$v":"Sato"},{"$i":"notifier_trickleup","$v":"Trickle Up"},{"$i":"notifier_trink","$v":"Trink"},{"$i":"notifier_verse","$v":"Verse"},{"$i":"NokiaTune","$v":"NokiaTune"},{"$i":"Arrival","$v":"Arrival"},{"$i":"Barbell","$v":"Barbell"},{"$i":"Bird","$v":"Bird"},{"$i":"Bounce","$v":"Bounce"},{"$i":"Brikabrak","$v":"Brikabrak"},{"$i":"Buzzer","$v":"Buzzer"},{"$i":"Cadenza","$v":"Cadenza"},{"$i":"Chirp","$v":"Chirp"},{"$i":"Delays","$v":"Delays"},{"$i":"Distance","$v":"Distance"},{"$i":"Earring","$v":"Earring"},{"$i":"Electronic","$v":"Electronic"},{"$i":"Imperial","$v":"Imperial"},{"$i":"Karimba","$v":"Karimba"},{"$i":"Marbles","$v":"Marbles"},{"$i":"Monkey_drum","$v":"Monkey drum"},{"$i":"Nostalgia","$v":"Nostalgia"},{"$i":"Ring_ring","$v":"Ring ring"},{"$i":"Spirals","$v":"Ring Spirals"},{"$i":"Stones","$v":"Stones"},{"$i":"Timer","$v":"Timer"},{"$i":"Tip_toe","$v":"Tip toe"},{"$i":"Calendar_1","$v":"Calendar_1"},{"$i":"Calendar_2","$v":"Calendar_2"},{"$i":"Calendar_3","$v":"Calendar_3"},{"$i":"Message_1","$v":"Message_1"},{"$i":"Message_2","$v":"Message_2"},{"$i":"Message_3","$v":"Message_3"},{"$i":"Message_4","$v":"Message_4"},{"$i":"Message_5","$v":"Message_5"},{"$i":"manage-title-2","$v":"Gestionare tonuri"},{"$i":"actions-share-ringtone","$v":"Partajare sonerie"},{"$i":"actions-delete-ringtone","$v":"Ștergere sonerie"},{"$i":"actions-share-alerttone","$v":"Partajare sunet de alertă"},{"$i":"actions-delete-alerttone","$v":"Ștergere sunet de alertă"},{"$i":"actions-cancel","$v":"Anulare"},{"$i":"delete-title-ringtone","$v":"Ștergere sonerie"},{"$i":"delete-title-alerttone","$v":"Ștergere sunet de alertă"},{"$i":"delete-desc","$v":["Sigur doriți să ștergeți „",{"t":"idOrVar","v":"tone"},"”?"]},{"$i":"delete-desc-default-ringtone","$v":["„",{"t":"idOrVar","v":"tone"},"” este soneria implicită actuală.\n\nSigur doriți să o ștergeți?"]},{"$i":"delete-desc-default-alerttone","$v":["„",{"t":"idOrVar","v":"tone"},"” este sunetul de alertă actual implicit.\n\nSigur doriți să-l ștergeți?"]},{"$i":"delete-cancel","$v":"Anulare"},{"$i":"delete-confirm","$v":"Ștergere"},{"$i":"deleted-ringtone","$v":"Soneria a fost ștearsă."},{"$i":"deleted-alerttone","$v":"Sunetul de alertă a fost șters."},{"$i":"created-tone","$v":"Sonerie creată."},{"$i":"set-default-tone","$v":"Soneria a fost setată ca implicită."},{"$i":"file-saved","$v":"S-a salvat ca sonerie."},{"$i":"file-set-as-default-ringtone","$v":"Salvat ca ton de apel implicit."},{"$i":"sd-card-subtitle","$v":"Cartelă SD"},{"$i":"confirmation","$v":"Confirmare"},{"$i":"pick-title","$v":"Selectare sunet"},{"$i":"pick-set","$v":"Setare"},{"$i":"system-ringtones","$v":"Sonerii din sistem"},{"$i":"my-ringtones","$v":"Soneriile mele"},{"$i":"notice-alerts","$v":"Alerte notificări"},{"$i":"section-title-builtin-ringtone","$v":"Sonerii din sistem"},{"$i":"section-title-builtin-alerttone","$v":"Alerte sistem"},{"$i":"section-header-title-ringtone","$v":"Sonerii"},{"$i":"section-header-title-alerttone","$v":"Alerte notificări"},{"$i":"section-title-custom-ringtone","$v":"Soneriile mele"},{"$i":"section-title-custom-alerttone","$v":"Alertele mele"},{"$i":"create-title","$v":"Salvare ca sonerie"},{"$i":"create-save","$v":"Salvare"},{"$i":"create-cancel","$v":"Anulare"},{"$i":"create-select","$v":"Selectare"},{"$i":"create-deselect","$v":"Deselectare"},{"$i":"play-error-title","$v":"Fișier deteriorat"},{"$i":"play-error-desc","$v":"Fișierul este deteriorat. Nu poate fi utilizat pentru crearea unei sonerii."},{"$i":"save-error-title","$v":"Creare sonerie nereușită"},{"$i":"save-error-desc","$v":"A apărut o problemă la crearea soneriei. Încercați din nou."},{"$i":"save-file-large","$v":"Fișierul este prea mare."},{"$i":"default-label","$v":"Setare ca sonerie implicită"},{"$i":"ok","$v":"OK"},{"$i":"ringtone-untitled","$v":"Fără titlu"},{"$i":"options","$v":"Opțiuni"},{"$i":"play","$v":"Redare"},{"$i":"stop","$v":"Oprire"},{"$i":"share","$v":"Partajare"},{"$i":"delete","$v":"Ștergere"},{"$i":"cancel","$v":"Anulare"},{"$i":"select","$v":"Selectare"},{"$i":"add","$v":"Adăugare"},{"$i":"no-ringtones","$v":"Nicio sonerie"},{"$i":"no-ringtones-warning","$v":"Nu există sonerii. Atingeți opțiunea Adăugare pentru a adăuga o sonerie din lista dvs. de melodii."},{"$i":"add-ringtone","$v":"Adăugare sonerie"},{"$i":"softkey-options","$v":"Opțiuni"}]