[{"$i":"brandShortName","$v":"KaiOS"},{"$i":"browserBrandShortName","$v":"Web Browser"},{"$i":"browserBrandFullName","$v":"Mozilla Web Browser"},{"$i":"ringtoneBrandName","$v":"Default"},{"$i":"ringtoneSectionBrandName","$v":"System"},{"$i":"ringtone-none","$v":"Inget"},{"$i":"ringer_adventure","$v":"Adventure"},{"$i":"ringer_africa","$v":"Africa"},{"$i":"ringer_bounce","$v":"Bounce"},{"$i":"ringer_disco","$v":"Disco"},{"$i":"ringer_kai","$v":"Kai"},{"$i":"ringer_office","$v":"Office"},{"$i":"ringer_techno","$v":"Techno"},{"$i":"ringer_woody","$v":"Woody"},{"$i":"notifier_bell","$v":"Bell"},{"$i":"notifier_donuts","$v":"Donuts"},{"$i":"notifier_que_paso","$v":"Such rhythm"},{"$i":"notifier_shake","$v":"Shake"},{"$i":"notifier_triple","$v":"Triple"},{"$i":"ringer_azalea","$v":"Azalea"},{"$i":"ringer_bloom","$v":"Bloom"},{"$i":"ringer_blove","$v":"Blove"},{"$i":"ringer_city_lights","$v":"City Lights"},{"$i":"ringer_dots","$v":"Dots"},{"$i":"ringer_flow","$v":"Flow"},{"$i":"ringer_fountain","$v":"Fountain"},{"$i":"ringer_fresh","$v":"Fresh"},{"$i":"ringer_firefox2","$v":[{"t":"idOrVar","v":"ringtoneBrandName"}]},{"$i":"ringer_illuminate","$v":"Illuminate"},{"$i":"ringer_incoming","$v":"Incoming"},{"$i":"ringer_silvery","$v":"Silvery"},{"$i":"ringer_now_or_never","$v":"Now or Never"},{"$i":"ringer_primary","$v":"Primary"},{"$i":"ringer_pure_guitar","$v":"Pure Guitar"},{"$i":"ringer_rounded","$v":"Rounded"},{"$i":"ringer_spring","$v":"Spring"},{"$i":"ringer_stargazer","$v":"Stargazer"},{"$i":"ringer_vaca","$v":"Vaca"},{"$i":"notifier_bells","$v":"Bells"},{"$i":"notifier_bloom","$v":"Bloom"},{"$i":"notifier_chime","$v":"Chime"},{"$i":"notifier_clicka","$v":"Clicka"},{"$i":"notifier_digi","$v":"Digi"},{"$i":"notifier_dropplet","$v":"Dropplet"},{"$i":"notifier_firefox2","$v":[{"t":"idOrVar","v":"ringtoneBrandName"}]},{"$i":"notifier_hello","$v":"Hello"},{"$i":"notifier_ping","$v":"Ping"},{"$i":"notifier_plickle","$v":"Plickle"},{"$i":"notifier_pocko","$v":"Pocko"},{"$i":"notifier_quado","$v":"Quado"},{"$i":"notifier_red","$v":"Red"},{"$i":"notifier_sato","$v":"Sato"},{"$i":"notifier_trickleup","$v":"Trickle Up"},{"$i":"notifier_trink","$v":"Trink"},{"$i":"notifier_verse","$v":"Verse"},{"$i":"NokiaTune","$v":"NokiaTune"},{"$i":"Arrival","$v":"Arrival"},{"$i":"Barbell","$v":"Barbell"},{"$i":"Bird","$v":"Bird"},{"$i":"Bounce","$v":"Bounce"},{"$i":"Brikabrak","$v":"Brikabrak"},{"$i":"Buzzer","$v":"Buzzer"},{"$i":"Cadenza","$v":"Cadenza"},{"$i":"Chirp","$v":"Chirp"},{"$i":"Delays","$v":"Delays"},{"$i":"Distance","$v":"Distance"},{"$i":"Earring","$v":"Earring"},{"$i":"Electronic","$v":"Electronic"},{"$i":"Imperial","$v":"Imperial"},{"$i":"Karimba","$v":"Karimba"},{"$i":"Marbles","$v":"Marbles"},{"$i":"Monkey_drum","$v":"Monkey drum"},{"$i":"Nostalgia","$v":"Nostalgia"},{"$i":"Ring_ring","$v":"Ring ring"},{"$i":"Spirals","$v":"Ring Spirals"},{"$i":"Stones","$v":"Stones"},{"$i":"Timer","$v":"Timer"},{"$i":"Tip_toe","$v":"Tip toe"},{"$i":"Calendar_1","$v":"Calendar_1"},{"$i":"Calendar_2","$v":"Calendar_2"},{"$i":"Calendar_3","$v":"Calendar_3"},{"$i":"Message_1","$v":"Message_1"},{"$i":"Message_2","$v":"Message_2"},{"$i":"Message_3","$v":"Message_3"},{"$i":"Message_4","$v":"Message_4"},{"$i":"Message_5","$v":"Message_5"},{"$i":"manage-title-2","$v":"Hantera toner"},{"$i":"actions-share-ringtone","$v":"Dela ringsignal"},{"$i":"actions-delete-ringtone","$v":"Ta bort ringsignal"},{"$i":"actions-share-alerttone","$v":"Dela signal"},{"$i":"actions-delete-alerttone","$v":"Ta bort signal"},{"$i":"actions-cancel","$v":"Avbryt"},{"$i":"delete-title-ringtone","$v":"Ta bort ringsignal"},{"$i":"delete-title-alerttone","$v":"Ta bort signal"},{"$i":"delete-desc","$v":["Är du säker på att du vill ta bort \"",{"t":"idOrVar","v":"tone"},"\"?"]},{"$i":"delete-desc-default-ringtone","$v":[{"t":"idOrVar","v":"tone"},"\" är nuvarande standardringsignal.\n\nÄr du säker på att du vill ta bort den?"]},{"$i":"delete-desc-default-alerttone","$v":[{"t":"idOrVar","v":"tone"},"\" är nuvarande standardsignal.\n\nÄr du säker på att du vill ta bort den?"]},{"$i":"delete-cancel","$v":"Avbryt"},{"$i":"delete-confirm","$v":"Ta bort"},{"$i":"deleted-ringtone","$v":"Rington borttagen."},{"$i":"deleted-alerttone","$v":"Signal borttagen."},{"$i":"created-tone","$v":"Rington skapad."},{"$i":"set-default-tone","$v":"Rington inställd som standard."},{"$i":"file-saved","$v":"Spara som ringsignal."},{"$i":"file-set-as-default-ringtone","$v":"Sparat som standard ringsignal."},{"$i":"sd-card-subtitle","$v":"SD-kort"},{"$i":"confirmation","$v":"Bekräftelse"},{"$i":"pick-title","$v":"Välj ljud"},{"$i":"pick-set","$v":"Ställ in"},{"$i":"system-ringtones","$v":"Systemringsignaler"},{"$i":"my-ringtones","$v":"Mina ringsignaler"},{"$i":"notice-alerts","$v":"Meddelandevarningar"},{"$i":"section-title-builtin-ringtone","$v":"Systemringsignaler"},{"$i":"section-title-builtin-alerttone","$v":"Systemvarningar"},{"$i":"section-header-title-ringtone","$v":"Ringtoner"},{"$i":"section-header-title-alerttone","$v":"Meddelandevarningar"},{"$i":"section-title-custom-ringtone","$v":"Mina ringsignaler"},{"$i":"section-title-custom-alerttone","$v":"Mina varningar"},{"$i":"create-title","$v":"Spara som ringsignal"},{"$i":"create-save","$v":"Spara"},{"$i":"create-cancel","$v":"Avbryt"},{"$i":"create-select","$v":"Välj"},{"$i":"create-deselect","$v":"Avmarkera"},{"$i":"play-error-title","$v":"Skadad fil"},{"$i":"play-error-desc","$v":"Filen är skadad. Den går inte att använda för att skapa en ringsignal."},{"$i":"save-error-title","$v":"Rington ej skapad"},{"$i":"save-error-desc","$v":"Det gick inte att skapa ringsignalen. Försök igen."},{"$i":"save-file-large","$v":"Filstorleken är för stor."},{"$i":"default-label","$v":"Ange som standard ringsignal"},{"$i":"ok","$v":"OK"},{"$i":"ringtone-untitled","$v":"Utan namn"},{"$i":"options","$v":"Alternativ"},{"$i":"play","$v":"Spela upp"},{"$i":"stop","$v":"Stopp"},{"$i":"share","$v":"Dela"},{"$i":"delete","$v":"Ta bort"},{"$i":"cancel","$v":"Avbryt"},{"$i":"select","$v":"Välj"},{"$i":"add","$v":"Lägg till"},{"$i":"no-ringtones","$v":"Inga ringsignaler"},{"$i":"no-ringtones-warning","$v":"Inga ringsignaler. Tryck på Lägg till för att lägga till ringsignaler från din musik."},{"$i":"add-ringtone","$v":"Lägg till ringsignal"},{"$i":"softkey-options","$v":"Alternativ"}]