[{"$i":"brandShortName","$v":"KaiOS"},{"$i":"browserBrandShortName","$v":"Web Browser"},{"$i":"browserBrandFullName","$v":"Mozilla Web Browser"},{"$i":"ringtoneBrandName","$v":"Default"},{"$i":"ringtoneSectionBrandName","$v":"System"},{"$i":"ringtone-none","$v":"Hamna"},{"$i":"ringer_adventure","$v":"Adventure"},{"$i":"ringer_africa","$v":"Afrika"},{"$i":"ringer_bounce","$v":"Bounce"},{"$i":"ringer_disco","$v":"Disco"},{"$i":"ringer_kai","$v":"Kai"},{"$i":"ringer_office","$v":"Office"},{"$i":"ringer_techno","$v":"Techno"},{"$i":"ringer_woody","$v":"Woody"},{"$i":"notifier_bell","$v":"Bell"},{"$i":"notifier_donuts","$v":"Donuts"},{"$i":"notifier_que_paso","$v":"Qué paso"},{"$i":"notifier_shake","$v":"Shake"},{"$i":"notifier_triple","$v":"Triple"},{"$i":"ringer_azalea","$v":"Azalea"},{"$i":"ringer_bloom","$v":"Bloom"},{"$i":"ringer_blove","$v":"Blove"},{"$i":"ringer_city_lights","$v":"City Lights"},{"$i":"ringer_dots","$v":"Dots"},{"$i":"ringer_flow","$v":"Flow"},{"$i":"ringer_fountain","$v":"Fountain"},{"$i":"ringer_fresh","$v":"Fresh"},{"$i":"ringer_firefox2","$v":[{"t":"idOrVar","v":"ringtoneBrandName"}]},{"$i":"ringer_illuminate","$v":"Illuminate"},{"$i":"ringer_incoming","$v":"Incoming"},{"$i":"ringer_silvery","$v":"Silvery"},{"$i":"ringer_now_or_never","$v":"Now or Never"},{"$i":"ringer_primary","$v":"Primary"},{"$i":"ringer_pure_guitar","$v":"Pure Guitar"},{"$i":"ringer_rounded","$v":"Rounded"},{"$i":"ringer_spring","$v":"Spring"},{"$i":"ringer_stargazer","$v":"Stargazer"},{"$i":"ringer_vaca","$v":"Vaca"},{"$i":"notifier_bells","$v":"Bells"},{"$i":"notifier_bloom","$v":"Bloom"},{"$i":"notifier_chime","$v":"Chime"},{"$i":"notifier_clicka","$v":"Clicka"},{"$i":"notifier_digi","$v":"Digi"},{"$i":"notifier_dropplet","$v":"Dropplet"},{"$i":"notifier_firefox2","$v":[{"t":"idOrVar","v":"ringtoneBrandName"}]},{"$i":"notifier_hello","$v":"Hello"},{"$i":"notifier_ping","$v":"Ping"},{"$i":"notifier_plickle","$v":"Plickle"},{"$i":"notifier_pocko","$v":"Pocko"},{"$i":"notifier_quado","$v":"Quado"},{"$i":"notifier_red","$v":"Red"},{"$i":"notifier_sato","$v":"Sato"},{"$i":"notifier_trickleup","$v":"Trickle Up"},{"$i":"notifier_trink","$v":"Trink"},{"$i":"notifier_verse","$v":"Verse"},{"$i":"NokiaTune","$v":"NokiaTune"},{"$i":"Arrival","$v":"Arrival"},{"$i":"Barbell","$v":"Barbell"},{"$i":"Bird","$v":"Bird"},{"$i":"Bounce","$v":"Bounce"},{"$i":"Brikabrak","$v":"Brikabrak"},{"$i":"Buzzer","$v":"Buzzer"},{"$i":"Cadenza","$v":"Cadenza"},{"$i":"Chirp","$v":"Chirp"},{"$i":"Delays","$v":"Delays"},{"$i":"Distance","$v":"Distance"},{"$i":"Earring","$v":"Earring"},{"$i":"Electronic","$v":"Electronic"},{"$i":"Imperial","$v":"Imperial"},{"$i":"Karimba","$v":"Karimba"},{"$i":"Marbles","$v":"Marbles"},{"$i":"Monkey_drum","$v":"Monkey drum"},{"$i":"Nostalgia","$v":"Nostalgia"},{"$i":"Ring_ring","$v":"Ring ring"},{"$i":"Spirals","$v":"Ring Spirals"},{"$i":"Stones","$v":"Stones"},{"$i":"Timer","$v":"Timer"},{"$i":"Tip_toe","$v":"Tip toe"},{"$i":"Calendar_1","$v":"Calendar_1"},{"$i":"Calendar_2","$v":"Calendar_2"},{"$i":"Calendar_3","$v":"Calendar_3"},{"$i":"Message_1","$v":"Message_1"},{"$i":"Message_2","$v":"Message_2"},{"$i":"Message_3","$v":"Message_3"},{"$i":"Message_4","$v":"Message_4"},{"$i":"Message_5","$v":"Message_5"},{"$i":"manage-title-2","$v":"Dhibiti Milio"},{"$i":"actions-share-ringtone","$v":"Shiriki mlio"},{"$i":"actions-delete-ringtone","$v":"Futa mlio"},{"$i":"actions-share-alerttone","$v":"Shiriki taarifa"},{"$i":"actions-delete-alerttone","$v":"Futa taarifa"},{"$i":"actions-cancel","$v":"Ghairi"},{"$i":"delete-title-ringtone","$v":"Futa Mlio"},{"$i":"delete-title-alerttone","$v":"Futa Taarifa"},{"$i":"delete-desc","$v":["Una uhakika unataka kufuta \"",{"t":"idOrVar","v":"tone"},"\"?"]},{"$i":"delete-desc-default-ringtone","$v":[{"t":"idOrVar","v":"tone"},"\" ndiyo mlio wa chaguo-msingi wa sasa.\n\nUna uhakika unataka kuufuta?"]},{"$i":"delete-desc-default-alerttone","$v":[{"t":"idOrVar","v":"tone"},"\" ndiyo taarifa ya chaguo-msingi ya sasa.\n\nUna uhakika unataka kuifuta?"]},{"$i":"delete-cancel","$v":"Katiza"},{"$i":"delete-confirm","$v":"Futa"},{"$i":"deleted-ringtone","$v":"Mlio umefutwa."},{"$i":"deleted-alerttone","$v":"Taarifa imefutwa."},{"$i":"created-tone","$v":"Mlio umeundwa."},{"$i":"set-default-tone","$v":"Mlio umewekwa kama chaguo-msingi."},{"$i":"file-saved","$v":"Imehifadhiwa kama muito."},{"$i":"file-set-as-default-ringtone","$v":"Imehifadhiwa kama sauti mbadala."},{"$i":"sd-card-subtitle","$v":"Kadi ya SD"},{"$i":"confirmation","$v":"Uthibitisho"},{"$i":"pick-title","$v":"Chagua Sauti"},{"$i":"pick-set","$v":"Weka"},{"$i":"system-ringtones","$v":"Milio ya Mfumo"},{"$i":"my-ringtones","$v":"Milio Yangu"},{"$i":"notice-alerts","$v":"Taarifa za Notisi"},{"$i":"section-title-builtin-ringtone","$v":"Milio ya Mfumo"},{"$i":"section-title-builtin-alerttone","$v":"Arifa za Mfumo"},{"$i":"section-header-title-ringtone","$v":"Milio"},{"$i":"section-header-title-alerttone","$v":"Taarifa za Notisi"},{"$i":"section-title-custom-ringtone","$v":"Milio Yangu"},{"$i":"section-title-custom-alerttone","$v":"Taarifa Zangu"},{"$i":"create-title","$v":"Hifadhi Kama Mlio"},{"$i":"create-save","$v":"Hifadhi"},{"$i":"create-cancel","$v":"Ghairi"},{"$i":"create-select","$v":"Chagua"},{"$i":"create-deselect","$v":"Tengua uteuzi"},{"$i":"play-error-title","$v":"Faili Imevurugika"},{"$i":"play-error-desc","$v":"Faili imevurugika. Haiwezi kutumiwa kuunda mlio."},{"$i":"save-error-title","$v":"Mlio Haujaundwa"},{"$i":"save-error-desc","$v":"Kulikuwa na tatizo la kuunda mlio. Tafadhali jaribu tena."},{"$i":"save-file-large","$v":"Faili ni kubwa mno."},{"$i":"default-label","$v":"Weka iwe mlio chaguomsingi"},{"$i":"ok","$v":"SAWA"},{"$i":"ringtone-untitled","$v":"Haina Kichwa"},{"$i":"options","$v":"Chaguo"},{"$i":"play","$v":"Cheza"},{"$i":"stop","$v":"Simamisha"},{"$i":"share","$v":"Shiriki"},{"$i":"delete","$v":"Futa"},{"$i":"cancel","$v":"Ghairi"},{"$i":"select","$v":"Chagua"},{"$i":"add","$v":"Ongeza"},{"$i":"no-ringtones","$v":"Hakuna Milio"},{"$i":"no-ringtones-warning","$v":"Hakuna milio. Tafadhali ongeza mlio kutoka kwenye muziki wako."},{"$i":"add-ringtone","$v":"Ongeza mlio"},{"$i":"softkey-options","$v":"Chaguo"}]