[{"$i":"brandShortName","$v":"KaiOS"},{"$i":"browserBrandShortName","$v":"Web Browser"},{"$i":"browserBrandFullName","$v":"Mozilla Web Browser"},{"$i":"ringtoneBrandName","$v":"Default"},{"$i":"ringtoneSectionBrandName","$v":"System"},{"$i":"ringtone-none","$v":"ไม่มี"},{"$i":"ringer_adventure","$v":"Adventure"},{"$i":"ringer_africa","$v":"แอฟริกา"},{"$i":"ringer_bounce","$v":"Bounce"},{"$i":"ringer_disco","$v":"Disco"},{"$i":"ringer_kai","$v":"Kai"},{"$i":"ringer_office","$v":"Office"},{"$i":"ringer_techno","$v":"Techno"},{"$i":"ringer_woody","$v":"Woody"},{"$i":"notifier_bell","$v":"Bell"},{"$i":"notifier_donuts","$v":"Donuts"},{"$i":"notifier_que_paso","$v":"Qué paso"},{"$i":"notifier_shake","$v":"Shake"},{"$i":"notifier_triple","$v":"Triple"},{"$i":"ringer_azalea","$v":"Azalea"},{"$i":"ringer_bloom","$v":"Bloom"},{"$i":"ringer_blove","$v":"Blove"},{"$i":"ringer_city_lights","$v":"City Lights"},{"$i":"ringer_dots","$v":"Dots"},{"$i":"ringer_flow","$v":"Flow"},{"$i":"ringer_fountain","$v":"Fountain"},{"$i":"ringer_fresh","$v":"Fresh"},{"$i":"ringer_firefox2","$v":[{"t":"idOrVar","v":"ringtoneBrandName"}]},{"$i":"ringer_illuminate","$v":"Illuminate"},{"$i":"ringer_incoming","$v":"ขาเข้า"},{"$i":"ringer_silvery","$v":"Silvery"},{"$i":"ringer_now_or_never","$v":"Now or Never"},{"$i":"ringer_primary","$v":"Primary"},{"$i":"ringer_pure_guitar","$v":"Pure Guitar"},{"$i":"ringer_rounded","$v":"Rounded"},{"$i":"ringer_spring","$v":"Spring"},{"$i":"ringer_stargazer","$v":"Stargazer"},{"$i":"ringer_vaca","$v":"Vaca"},{"$i":"notifier_bells","$v":"Bells"},{"$i":"notifier_bloom","$v":"Bloom"},{"$i":"notifier_chime","$v":"Chime"},{"$i":"notifier_clicka","$v":"Clicka"},{"$i":"notifier_digi","$v":"Digi"},{"$i":"notifier_dropplet","$v":"Dropplet"},{"$i":"notifier_firefox2","$v":[{"t":"idOrVar","v":"ringtoneBrandName"}]},{"$i":"notifier_hello","$v":"Hello"},{"$i":"notifier_ping","$v":"Ping"},{"$i":"notifier_plickle","$v":"Plickle"},{"$i":"notifier_pocko","$v":"Pocko"},{"$i":"notifier_quado","$v":"Quado"},{"$i":"notifier_red","$v":"Red"},{"$i":"notifier_sato","$v":"Sato"},{"$i":"notifier_trickleup","$v":"Trickle Up"},{"$i":"notifier_trink","$v":"Trink"},{"$i":"notifier_verse","$v":"Verse"},{"$i":"NokiaTune","$v":"NokiaTune"},{"$i":"Arrival","$v":"Arrival"},{"$i":"Barbell","$v":"Barbell"},{"$i":"Bird","$v":"Bird"},{"$i":"Bounce","$v":"Bounce"},{"$i":"Brikabrak","$v":"Brikabrak"},{"$i":"Buzzer","$v":"Buzzer"},{"$i":"Cadenza","$v":"Cadenza"},{"$i":"Chirp","$v":"Chirp"},{"$i":"Delays","$v":"Delays"},{"$i":"Distance","$v":"Distance"},{"$i":"Earring","$v":"Earring"},{"$i":"Electronic","$v":"Electronic"},{"$i":"Imperial","$v":"Imperial"},{"$i":"Karimba","$v":"Karimba"},{"$i":"Marbles","$v":"Marbles"},{"$i":"Monkey_drum","$v":"Monkey drum"},{"$i":"Nostalgia","$v":"Nostalgia"},{"$i":"Ring_ring","$v":"Ring ring"},{"$i":"Spirals","$v":"Ring Spirals"},{"$i":"Stones","$v":"Stones"},{"$i":"Timer","$v":"Timer"},{"$i":"Tip_toe","$v":"Tip toe"},{"$i":"Calendar_1","$v":"Calendar_1"},{"$i":"Calendar_2","$v":"Calendar_2"},{"$i":"Calendar_3","$v":"Calendar_3"},{"$i":"Message_1","$v":"Message_1"},{"$i":"Message_2","$v":"Message_2"},{"$i":"Message_3","$v":"Message_3"},{"$i":"Message_4","$v":"Message_4"},{"$i":"Message_5","$v":"Message_5"},{"$i":"manage-title-2","$v":"จัดการแบบเสียง"},{"$i":"actions-share-ringtone","$v":"แชร์เสียงสายเรียกเข้า"},{"$i":"actions-delete-ringtone","$v":"ลบเสียงสายเรียกเข้า"},{"$i":"actions-share-alerttone","$v":"แชร์การแจ้งเตือน"},{"$i":"actions-delete-alerttone","$v":"ลบการแจ้งเตือน"},{"$i":"actions-cancel","$v":"ยกเลิก"},{"$i":"delete-title-ringtone","$v":"ลบเสียงสายเรียกเข้า"},{"$i":"delete-title-alerttone","$v":"ลบการแจ้งเตือน"},{"$i":"delete-desc","$v":["คุณแน่ใจหรือไม่ว่าต้องการลบ \"",{"t":"idOrVar","v":"tone"},"\"?"]},{"$i":"delete-desc-default-ringtone","$v":[{"t":"idOrVar","v":"tone"},"\" เป็นเสียงสายเรียกเข้าเริ่มต้นปัจจุบัน \n\nคุณแน่ใจหรือไม่ว่าต้องการลบ"]},{"$i":"delete-desc-default-alerttone","$v":[{"t":"idOrVar","v":"tone"},"\" เป็นการแจ้งเตือนเริ่มต้นปัจจุบัน \n\nคุณแน่ใจหรือไม่ว่าต้องการลบ"]},{"$i":"delete-cancel","$v":"ยกเลิก"},{"$i":"delete-confirm","$v":"ลบ"},{"$i":"deleted-ringtone","$v":"เสียงสายเรียกเข้าถูกลบออกแล้ว"},{"$i":"deleted-alerttone","$v":"การแจ้งเตือนถูกลบออกแล้ว"},{"$i":"created-tone","$v":"สร้างเสียงสายเรียกเข้าแล้ว"},{"$i":"set-default-tone","$v":"เสียงสายเรียกเข้าถูกตั้งเป็นค่าเริ่มต้น"},{"$i":"file-saved","$v":"บันทึกเป็นเสียงเรียกเข้า"},{"$i":"file-set-as-default-ringtone","$v":"บันทึกเป็นเสียงเรียกเข้าเริ่มต้น"},{"$i":"sd-card-subtitle","$v":"การ์ด SD"},{"$i":"confirmation","$v":"การยืนยัน"},{"$i":"pick-title","$v":"เลือกเสียง"},{"$i":"pick-set","$v":"ตั้งค่า"},{"$i":"system-ringtones","$v":"เสียงสายเรียกเข้าระบบ"},{"$i":"my-ringtones","$v":"เสียงสายเรียกเข้าของฉัน"},{"$i":"notice-alerts","$v":"การเตือนหมายเหตุ"},{"$i":"section-title-builtin-ringtone","$v":"เสียงสายเรียกเข้าระบบ"},{"$i":"section-title-builtin-alerttone","$v":"การแจ้งเตือนระบบ"},{"$i":"section-header-title-ringtone","$v":"เสียงเรียกเข้า"},{"$i":"section-header-title-alerttone","$v":"การเตือนหมายเหตุ"},{"$i":"section-title-custom-ringtone","$v":"เสียงสายเรียกเข้าของฉัน"},{"$i":"section-title-custom-alerttone","$v":"การแจ้งเตือนของฉัน"},{"$i":"create-title","$v":"บันทึกเป็นเสียงสายเรียกเข้า"},{"$i":"create-save","$v":"บันทึก"},{"$i":"create-cancel","$v":"ยกเลิก"},{"$i":"create-select","$v":"เลือก"},{"$i":"create-deselect","$v":"ยกเลิกการเลือก"},{"$i":"play-error-title","$v":"ไฟล์เสียหาย"},{"$i":"play-error-desc","$v":"ไฟล์เสียหาย ไม่สามารถใช้เพื่อสร้างเสียงสายเรียกเข้าได้"},{"$i":"save-error-title","$v":"ยังไม่ได้สร้างเสียงสายเรียกเข้า"},{"$i":"save-error-desc","$v":"เกิดปัญหาขณะสร้างเสียงสายเรียกเข้า โปรดลองอีกครั้ง"},{"$i":"save-file-large","$v":"ขนาดไฟล์ใหญ่เกินไป"},{"$i":"default-label","$v":"ตั้งค่าเสียงเรียกเข้าเริ่มต้น"},{"$i":"ok","$v":"ตกลง"},{"$i":"ringtone-untitled","$v":"ไม่มีชื่อ"},{"$i":"options","$v":"ตัวเลือก"},{"$i":"play","$v":"เล่น"},{"$i":"stop","$v":"หยุด"},{"$i":"share","$v":"แชร์"},{"$i":"delete","$v":"ลบ"},{"$i":"cancel","$v":"ยกเลิก"},{"$i":"select","$v":"เลือก"},{"$i":"add","$v":"เพิ่ม"},{"$i":"no-ringtones","$v":"ไม่มีเสียงสายเรียกเข้า"},{"$i":"no-ringtones-warning","$v":"ไม่มีเสียงสายเรียกเข้า กด “เพิ่ม” เพื่อเพิ่มเสียงสายเรียกเข้าจากเพลงของคุณ"},{"$i":"add-ringtone","$v":"เพิ่มเสียงสายเรียกเข้า"},{"$i":"softkey-options","$v":"ตัวเลือก"}]