[{"$i":"brandShortName","$v":"KaiOS"},{"$i":"browserBrandShortName","$v":"Web Browser"},{"$i":"browserBrandFullName","$v":"Mozilla Web Browser"},{"$i":"ringtoneBrandName","$v":"Default"},{"$i":"ringtoneSectionBrandName","$v":"System"},{"$i":"ringtone-none","$v":"Hiçbiri"},{"$i":"ringer_adventure","$v":"Adventure"},{"$i":"ringer_africa","$v":"Afrika"},{"$i":"ringer_bounce","$v":"Bounce"},{"$i":"ringer_disco","$v":"Disco"},{"$i":"ringer_kai","$v":"Kai"},{"$i":"ringer_office","$v":"Office"},{"$i":"ringer_techno","$v":"Techno"},{"$i":"ringer_woody","$v":"Woody"},{"$i":"notifier_bell","$v":"Bell"},{"$i":"notifier_donuts","$v":"Donuts"},{"$i":"notifier_que_paso","$v":"Qué paso"},{"$i":"notifier_shake","$v":"Shake"},{"$i":"notifier_triple","$v":"Triple"},{"$i":"ringer_azalea","$v":"Azalea"},{"$i":"ringer_bloom","$v":"Bloom"},{"$i":"ringer_blove","$v":"Blove"},{"$i":"ringer_city_lights","$v":"City Lights"},{"$i":"ringer_dots","$v":"Dots"},{"$i":"ringer_flow","$v":"Flow"},{"$i":"ringer_fountain","$v":"Fountain"},{"$i":"ringer_fresh","$v":"Fresh"},{"$i":"ringer_firefox2","$v":[{"t":"idOrVar","v":"ringtoneBrandName"}]},{"$i":"ringer_illuminate","$v":"Illuminate"},{"$i":"ringer_incoming","$v":"Incoming"},{"$i":"ringer_silvery","$v":"Silvery"},{"$i":"ringer_now_or_never","$v":"Şimdi veya Hiçbir Zaman"},{"$i":"ringer_primary","$v":"Birincil"},{"$i":"ringer_pure_guitar","$v":"Pure Guitar"},{"$i":"ringer_rounded","$v":"Rounded"},{"$i":"ringer_spring","$v":"Spring"},{"$i":"ringer_stargazer","$v":"Stargazer"},{"$i":"ringer_vaca","$v":"Vaca"},{"$i":"notifier_bells","$v":"Bells"},{"$i":"notifier_bloom","$v":"Bloom"},{"$i":"notifier_chime","$v":"Chime"},{"$i":"notifier_clicka","$v":"Clicka"},{"$i":"notifier_digi","$v":"Digi"},{"$i":"notifier_dropplet","$v":"Dropplet"},{"$i":"notifier_firefox2","$v":[{"t":"idOrVar","v":"ringtoneBrandName"}]},{"$i":"notifier_hello","$v":"Hello"},{"$i":"notifier_ping","$v":"Ping"},{"$i":"notifier_plickle","$v":"Plickle"},{"$i":"notifier_pocko","$v":"Pocko"},{"$i":"notifier_quado","$v":"Quado"},{"$i":"notifier_red","$v":"Kırmızı"},{"$i":"notifier_sato","$v":"Sato"},{"$i":"notifier_trickleup","$v":"Trickle Up"},{"$i":"notifier_trink","$v":"Trink"},{"$i":"notifier_verse","$v":"Verse"},{"$i":"NokiaTune","$v":"NokiaTune"},{"$i":"Arrival","$v":"Arrival"},{"$i":"Barbell","$v":"Barbell"},{"$i":"Bird","$v":"Bird"},{"$i":"Bounce","$v":"Bounce"},{"$i":"Brikabrak","$v":"Brikabrak"},{"$i":"Buzzer","$v":"Buzzer"},{"$i":"Cadenza","$v":"Cadenza"},{"$i":"Chirp","$v":"Chirp"},{"$i":"Delays","$v":"Delays"},{"$i":"Distance","$v":"Distance"},{"$i":"Earring","$v":"Earring"},{"$i":"Electronic","$v":"Electronic"},{"$i":"Imperial","$v":"Imperial"},{"$i":"Karimba","$v":"Karimba"},{"$i":"Marbles","$v":"Marbles"},{"$i":"Monkey_drum","$v":"Monkey drum"},{"$i":"Nostalgia","$v":"Nostalgia"},{"$i":"Ring_ring","$v":"Ring ring"},{"$i":"Spirals","$v":"Ring Spirals"},{"$i":"Stones","$v":"Stones"},{"$i":"Timer","$v":"Timer"},{"$i":"Tip_toe","$v":"Tip toe"},{"$i":"Calendar_1","$v":"Calendar_1"},{"$i":"Calendar_2","$v":"Calendar_2"},{"$i":"Calendar_3","$v":"Calendar_3"},{"$i":"Message_1","$v":"Message_1"},{"$i":"Message_2","$v":"Message_2"},{"$i":"Message_3","$v":"Message_3"},{"$i":"Message_4","$v":"Message_4"},{"$i":"Message_5","$v":"Message_5"},{"$i":"manage-title-2","$v":"Zilleri Yönet"},{"$i":"actions-share-ringtone","$v":"Zil sesini paylaş"},{"$i":"actions-delete-ringtone","$v":"Zil sesini sil"},{"$i":"actions-share-alerttone","$v":"Alarmı paylaş"},{"$i":"actions-delete-alerttone","$v":"Uyarı sil"},{"$i":"actions-cancel","$v":"İptal"},{"$i":"delete-title-ringtone","$v":"Zil Sesini Sil"},{"$i":"delete-title-alerttone","$v":"Uyarı Sil"},{"$i":"delete-desc","$v":[{"t":"idOrVar","v":"tone"},"\" sesini silmek istediğinizden emin misiniz?"]},{"$i":"delete-desc-default-ringtone","$v":[{"t":"idOrVar","v":"tone"},"\" geçerli varsayılan zil sesi.\n\nSilmek istediğinizden emin misiniz?"]},{"$i":"delete-desc-default-alerttone","$v":[{"t":"idOrVar","v":"tone"},"\" geçerli varsayılan uyarı.\n\nSilmek istediğinizden emin misiniz?"]},{"$i":"delete-cancel","$v":"İptal"},{"$i":"delete-confirm","$v":"Sil"},{"$i":"deleted-ringtone","$v":"Zil sesi silindi."},{"$i":"deleted-alerttone","$v":"Uyarı silindi."},{"$i":"created-tone","$v":"Zil sesi oluşturuldu."},{"$i":"set-default-tone","$v":"Zil sesi varsayılan olarak ayarlandı."},{"$i":"file-saved","$v":"Zil sesi olarak kaydedildi."},{"$i":"file-set-as-default-ringtone","$v":"Varsayılan zil sesi olarak kaydedildi."},{"$i":"sd-card-subtitle","$v":"SD Kart"},{"$i":"confirmation","$v":"Onay"},{"$i":"pick-title","$v":"Ses Seç"},{"$i":"pick-set","$v":"Ayarla"},{"$i":"system-ringtones","$v":"Sistem Zil Sesleri"},{"$i":"my-ringtones","$v":"Zil Seslerim"},{"$i":"notice-alerts","$v":"Bildirim Uyarıları"},{"$i":"section-title-builtin-ringtone","$v":"Sistem Zil Sesleri"},{"$i":"section-title-builtin-alerttone","$v":"Sistem Uyarıları"},{"$i":"section-header-title-ringtone","$v":"Zil Sesleri"},{"$i":"section-header-title-alerttone","$v":"Bildirim Uyarıları"},{"$i":"section-title-custom-ringtone","$v":"Zil Seslerim"},{"$i":"section-title-custom-alerttone","$v":"Uyarılarım"},{"$i":"create-title","$v":"Zil Sesi Olarak Kaydet"},{"$i":"create-save","$v":"Kaydet"},{"$i":"create-cancel","$v":"İptal"},{"$i":"create-select","$v":"Seç"},{"$i":"create-deselect","$v":"Seçimi kaldır"},{"$i":"play-error-title","$v":"Bozuk Dosya"},{"$i":"play-error-desc","$v":"Dosya bozuk. Zil sesi oluşturmak için kullanılamaz."},{"$i":"save-error-title","$v":"Zil Sesi Oluşturulmadı"},{"$i":"save-error-desc","$v":"Zil Sesi oluşturulurken bir sorun oluştu. Lütfen tekrar deneyin."},{"$i":"save-file-large","$v":"Dosya boyutu çok büyük."},{"$i":"default-label","$v":"Varsayılan zil sesi olarak ayarla"},{"$i":"ok","$v":"Tamam"},{"$i":"ringtone-untitled","$v":"Başlıksız"},{"$i":"options","$v":"Seçenekler"},{"$i":"play","$v":"Oynat"},{"$i":"stop","$v":"Durdur"},{"$i":"share","$v":"Paylaş"},{"$i":"delete","$v":"Sil"},{"$i":"cancel","$v":"İptal"},{"$i":"select","$v":"Seç"},{"$i":"add","$v":"Ekle"},{"$i":"no-ringtones","$v":"Zil Sesi Yok"},{"$i":"no-ringtones-warning","$v":"Zil sesi yok. Müziklerinizden bir zil sesi eklemek için Ekle’ye basın."},{"$i":"add-ringtone","$v":"Zil sesi ekle"},{"$i":"softkey-options","$v":"Seçenekler"}]