[{"$i":"brandShortName","$v":"KaiOS"},{"$i":"browserBrandShortName","$v":"Web Browser"},{"$i":"browserBrandFullName","$v":"Mozilla Web Browser"},{"$i":"ringtoneBrandName","$v":"Default"},{"$i":"ringtoneSectionBrandName","$v":"System"},{"$i":"ringtone-none","$v":"Немає"},{"$i":"ringer_adventure","$v":"Adventure"},{"$i":"ringer_africa","$v":"Africa"},{"$i":"ringer_bounce","$v":"Bounce"},{"$i":"ringer_disco","$v":"Disco"},{"$i":"ringer_kai","$v":"Kai"},{"$i":"ringer_office","$v":"Office"},{"$i":"ringer_techno","$v":"Techno"},{"$i":"ringer_woody","$v":"Woody"},{"$i":"notifier_bell","$v":"Bell"},{"$i":"notifier_donuts","$v":"Donuts"},{"$i":"notifier_que_paso","$v":"Such rhythm"},{"$i":"notifier_shake","$v":"Shake"},{"$i":"notifier_triple","$v":"Triple"},{"$i":"ringer_azalea","$v":"Azalea"},{"$i":"ringer_bloom","$v":"Bloom"},{"$i":"ringer_blove","$v":"Blove"},{"$i":"ringer_city_lights","$v":"City Lights"},{"$i":"ringer_dots","$v":"Dots"},{"$i":"ringer_flow","$v":"Flow"},{"$i":"ringer_fountain","$v":"Fountain"},{"$i":"ringer_fresh","$v":"Fresh"},{"$i":"ringer_firefox2","$v":[{"t":"idOrVar","v":"ringtoneBrandName"}]},{"$i":"ringer_illuminate","$v":"Illuminate"},{"$i":"ringer_incoming","$v":"Вхідні"},{"$i":"ringer_silvery","$v":"Silvery"},{"$i":"ringer_now_or_never","$v":"Now or Never"},{"$i":"ringer_primary","$v":"Основний"},{"$i":"ringer_pure_guitar","$v":"Pure Guitar"},{"$i":"ringer_rounded","$v":"Rounded"},{"$i":"ringer_spring","$v":"Spring"},{"$i":"ringer_stargazer","$v":"Stargazer"},{"$i":"ringer_vaca","$v":"Vaca"},{"$i":"notifier_bells","$v":"Bells"},{"$i":"notifier_bloom","$v":"Bloom"},{"$i":"notifier_chime","$v":"Chime"},{"$i":"notifier_clicka","$v":"Clicka"},{"$i":"notifier_digi","$v":"Digi"},{"$i":"notifier_dropplet","$v":"Dropplet"},{"$i":"notifier_firefox2","$v":[{"t":"idOrVar","v":"ringtoneBrandName"}]},{"$i":"notifier_hello","$v":"Hello"},{"$i":"notifier_ping","$v":"Ping"},{"$i":"notifier_plickle","$v":"Plickle"},{"$i":"notifier_pocko","$v":"Pocko"},{"$i":"notifier_quado","$v":"Quado"},{"$i":"notifier_red","$v":"Червоний"},{"$i":"notifier_sato","$v":"Sato"},{"$i":"notifier_trickleup","$v":"Trickle Up"},{"$i":"notifier_trink","$v":"Trink"},{"$i":"notifier_verse","$v":"Verse"},{"$i":"NokiaTune","$v":"NokiaTune"},{"$i":"Arrival","$v":"Arrival"},{"$i":"Barbell","$v":"Barbell"},{"$i":"Bird","$v":"Bird"},{"$i":"Bounce","$v":"Bounce"},{"$i":"Brikabrak","$v":"Brikabrak"},{"$i":"Buzzer","$v":"Buzzer"},{"$i":"Cadenza","$v":"Cadenza"},{"$i":"Chirp","$v":"Chirp"},{"$i":"Delays","$v":"Delays"},{"$i":"Distance","$v":"Distance"},{"$i":"Earring","$v":"Earring"},{"$i":"Electronic","$v":"Electronic"},{"$i":"Imperial","$v":"Imperial"},{"$i":"Karimba","$v":"Karimba"},{"$i":"Marbles","$v":"Marbles"},{"$i":"Monkey_drum","$v":"Monkey drum"},{"$i":"Nostalgia","$v":"Nostalgia"},{"$i":"Ring_ring","$v":"Ring ring"},{"$i":"Spirals","$v":"Ring Spirals"},{"$i":"Stones","$v":"Stones"},{"$i":"Timer","$v":"Timer"},{"$i":"Tip_toe","$v":"Tip toe"},{"$i":"Calendar_1","$v":"Calendar_1"},{"$i":"Calendar_2","$v":"Calendar_2"},{"$i":"Calendar_3","$v":"Calendar_3"},{"$i":"Message_1","$v":"Message_1"},{"$i":"Message_2","$v":"Message_2"},{"$i":"Message_3","$v":"Message_3"},{"$i":"Message_4","$v":"Message_4"},{"$i":"Message_5","$v":"Message_5"},{"$i":"manage-title-2","$v":"Керувати сигналами"},{"$i":"actions-share-ringtone","$v":"Обмінятися тоном дзвінка"},{"$i":"actions-delete-ringtone","$v":"Видалити тон дзвінка"},{"$i":"actions-share-alerttone","$v":"Обмінятися сигналом будильника"},{"$i":"actions-delete-alerttone","$v":"Видалити сигнал"},{"$i":"actions-cancel","$v":"Скасувати"},{"$i":"delete-title-ringtone","$v":"Видалити тон дзвінка"},{"$i":"delete-title-alerttone","$v":"Видалити сигнал"},{"$i":"delete-desc","$v":["Видалити \"",{"t":"idOrVar","v":"tone"},"\"?"]},{"$i":"delete-desc-default-ringtone","$v":[{"t":"idOrVar","v":"tone"},"\" є поточним станд. тоном дзвінка.\n\nВидалити його?"]},{"$i":"delete-desc-default-alerttone","$v":[{"t":"idOrVar","v":"tone"},"\" є поточним станд. сигналом.\n\nВидалити його?"]},{"$i":"delete-cancel","$v":"Скасувати"},{"$i":"delete-confirm","$v":"Видалити"},{"$i":"deleted-ringtone","$v":"Тон дзвінка видалено."},{"$i":"deleted-alerttone","$v":"Сигнал видалено."},{"$i":"created-tone","$v":"Тон дзвінка створено."},{"$i":"set-default-tone","$v":"Тон дзвінка встановлено за умовчанням."},{"$i":"file-saved","$v":"Збережено як тон дзвінка."},{"$i":"file-set-as-default-ringtone","$v":"Збережено як мелодію дзвінка за замовчуванням."},{"$i":"sd-card-subtitle","$v":"SD-картка"},{"$i":"confirmation","$v":"Підтвердження"},{"$i":"pick-title","$v":"Вибрати звук"},{"$i":"pick-set","$v":"Установити"},{"$i":"system-ringtones","$v":"Тони дзвінка системи"},{"$i":"my-ringtones","$v":"Мої тони дзвінка"},{"$i":"notice-alerts","$v":"Сигнали повідомлень"},{"$i":"section-title-builtin-ringtone","$v":"Тони дзвінка системи"},{"$i":"section-title-builtin-alerttone","$v":"Системні оповіщення"},{"$i":"section-header-title-ringtone","$v":"Тони дзвінка"},{"$i":"section-header-title-alerttone","$v":"Сигнали повідомлень"},{"$i":"section-title-custom-ringtone","$v":"Мої тони дзвінка"},{"$i":"section-title-custom-alerttone","$v":"Мої сигнали"},{"$i":"create-title","$v":"Зберегти як тон дзвінка"},{"$i":"create-save","$v":"Зберегти"},{"$i":"create-cancel","$v":"Скасувати"},{"$i":"create-select","$v":"Вибрати"},{"$i":"create-deselect","$v":"Скасувати вибір"},{"$i":"play-error-title","$v":"Пошкоджений файл"},{"$i":"play-error-desc","$v":"Цей файл пошкоджено. Його не можна використати, щоб створити тон дзвінка."},{"$i":"save-error-title","$v":"Тон дзвінка не створено"},{"$i":"save-error-desc","$v":"Сталася помилка під час створення тону дзвінка. Спробуйте ще раз."},{"$i":"save-file-large","$v":"Завеликий розмір файлу."},{"$i":"default-label","$v":"Встановити стандартний сигнал дзвінка"},{"$i":"ok","$v":"OK"},{"$i":"ringtone-untitled","$v":"Без імені"},{"$i":"options","$v":"Опції"},{"$i":"play","$v":"Відтворити"},{"$i":"stop","$v":"Зупинити"},{"$i":"share","$v":"Обмінятися"},{"$i":"delete","$v":"Видалити"},{"$i":"cancel","$v":"Скасувати"},{"$i":"select","$v":"Вибрати"},{"$i":"add","$v":"Додати"},{"$i":"no-ringtones","$v":"Тон дзвінка відсутній"},{"$i":"no-ringtones-warning","$v":"Немає тонів дзвінка. Натисніть \"Додати\", щоб додати тон дзвінка зі своєї музики."},{"$i":"add-ringtone","$v":"Додати тон дзвінка"},{"$i":"softkey-options","$v":"Опції"}]