[{"$i":"brandShortName","$v":"KaiOS"},{"$i":"browserBrandShortName","$v":"Web Browser"},{"$i":"browserBrandFullName","$v":"Mozilla Web Browser"},{"$i":"ringtoneBrandName","$v":"Default"},{"$i":"ringtoneSectionBrandName","$v":"System"},{"$i":"ringtone-none","$v":"کوئی نہیں"},{"$i":"ringer_adventure","$v":"ایڈوینچر"},{"$i":"ringer_africa","$v":"افریقہ"},{"$i":"ringer_bounce","$v":"باؤنس"},{"$i":"ringer_disco","$v":"ڈکسو"},{"$i":"ringer_kai","$v":"کائی"},{"$i":"ringer_office","$v":"آفس"},{"$i":"ringer_techno","$v":"ٹیکنو"},{"$i":"ringer_woody","$v":"ووڈی"},{"$i":"notifier_bell","$v":"بیل"},{"$i":"notifier_donuts","$v":"ڈونٹس"},{"$i":"notifier_que_paso","$v":"کیو پیسو"},{"$i":"notifier_shake","$v":"شیک"},{"$i":"notifier_triple","$v":"ٹریپل"},{"$i":"ringer_azalea","$v":"ازالیا"},{"$i":"ringer_bloom","$v":"بہار"},{"$i":"ringer_blove","$v":"بلو"},{"$i":"ringer_city_lights","$v":"سٹی لائٹس"},{"$i":"ringer_dots","$v":"نقاط"},{"$i":"ringer_flow","$v":"بہاؤ"},{"$i":"ringer_fountain","$v":"فاؤنٹین"},{"$i":"ringer_fresh","$v":"فریش"},{"$i":"ringer_firefox2","$v":[{"t":"idOrVar","v":"ringtoneBrandName"}]},{"$i":"ringer_illuminate","$v":"روشن"},{"$i":"ringer_incoming","$v":"آنے والی"},{"$i":"ringer_silvery","$v":"سلوری"},{"$i":"ringer_now_or_never","$v":"ابھی یا کبھی نہیں"},{"$i":"ringer_primary","$v":"بنیادی"},{"$i":"ringer_pure_guitar","$v":"خالص گتار"},{"$i":"ringer_rounded","$v":"گھمایا گیا"},{"$i":"ringer_spring","$v":"اسپرنگ"},{"$i":"ringer_stargazer","$v":"اسٹار گیزر"},{"$i":"ringer_vaca","$v":"واکا"},{"$i":"notifier_bells","$v":"بیلز"},{"$i":"notifier_bloom","$v":"بہار"},{"$i":"notifier_chime","$v":"چائم"},{"$i":"notifier_clicka","$v":"کلک"},{"$i":"notifier_digi","$v":"ڈیجی"},{"$i":"notifier_dropplet","$v":"ڈراپ لیٹ"},{"$i":"notifier_firefox2","$v":[{"t":"idOrVar","v":"ringtoneBrandName"}]},{"$i":"notifier_hello","$v":"ہیلو"},{"$i":"notifier_ping","$v":"پنگ"},{"$i":"notifier_plickle","$v":"پلیکل"},{"$i":"notifier_pocko","$v":"پوکو"},{"$i":"notifier_quado","$v":"کواڈو"},{"$i":"notifier_red","$v":"سرخ"},{"$i":"notifier_sato","$v":"سیٹو"},{"$i":"notifier_trickleup","$v":"ٹریکل اپ"},{"$i":"notifier_trink","$v":"ٹرنک"},{"$i":"notifier_verse","$v":"مصرع"},{"$i":"NokiaTune","$v":"NokiaTune"},{"$i":"Arrival","$v":"Arrival"},{"$i":"Barbell","$v":"Barbell"},{"$i":"Bird","$v":"Bird"},{"$i":"Bounce","$v":"Bounce"},{"$i":"Brikabrak","$v":"Brikabrak"},{"$i":"Buzzer","$v":"Buzzer"},{"$i":"Cadenza","$v":"Cadenza"},{"$i":"Chirp","$v":"Chirp"},{"$i":"Delays","$v":"Delays"},{"$i":"Distance","$v":"Distance"},{"$i":"Earring","$v":"Earring"},{"$i":"Electronic","$v":"Electronic"},{"$i":"Imperial","$v":"Imperial"},{"$i":"Karimba","$v":"Karimba"},{"$i":"Marbles","$v":"Marbles"},{"$i":"Monkey_drum","$v":"Monkey drum"},{"$i":"Nostalgia","$v":"Nostalgia"},{"$i":"Ring_ring","$v":"Ring ring"},{"$i":"Spirals","$v":"Ring Spirals"},{"$i":"Stones","$v":"Stones"},{"$i":"Timer","$v":"Timer"},{"$i":"Tip_toe","$v":"Tip toe"},{"$i":"Calendar_1","$v":"Calendar_1"},{"$i":"Calendar_2","$v":"Calendar_2"},{"$i":"Calendar_3","$v":"Calendar_3"},{"$i":"Message_1","$v":"Message_1"},{"$i":"Message_2","$v":"Message_2"},{"$i":"Message_3","$v":"Message_3"},{"$i":"Message_4","$v":"Message_4"},{"$i":"Message_5","$v":"Message_5"},{"$i":"manage-title-2","$v":"ٹونز کا نظم کریں"},{"$i":"actions-share-ringtone","$v":"رنگ ٹون کا اشتراک"},{"$i":"actions-delete-ringtone","$v":"رنگ ٹون حذف کریں"},{"$i":"actions-share-alerttone","$v":"انتباہ کا اشتراک"},{"$i":"actions-delete-alerttone","$v":"الرٹ حذف کریں"},{"$i":"actions-cancel","$v":"منسوخ کریں"},{"$i":"delete-title-ringtone","$v":"رنگ ٹون حذف کریں"},{"$i":"delete-title-alerttone","$v":"الرٹ حذف کریں"},{"$i":"delete-desc","$v":["کیا آپ یقیناً \"",{"t":"idOrVar","v":"tone"},"\" حذف کرنا چاہتے ہیں؟"]},{"$i":"delete-desc-default-ringtone","$v":[{"t":"idOrVar","v":"tone"},"\" موجودہ ڈیفالٹ رنگ ٹون ہے۔\n\nکیا آپ یقیناً اسے حذف کرنا چاہتے ہیں"]},{"$i":"delete-desc-default-alerttone","$v":[{"t":"idOrVar","v":"tone"},"\" موجودہ ڈیفالٹ انتباہ ہے۔\n\nکیا آپ یقیناً اسے حذف کرنا چاہتے ہیں"]},{"$i":"delete-cancel","$v":"منسوخ کریں"},{"$i":"delete-confirm","$v":"حذف کریں"},{"$i":"deleted-ringtone","$v":"رنگ ٹون کی شناخت ہوئی۔"},{"$i":"deleted-alerttone","$v":"انتباہ حذف ہوگئی"},{"$i":"created-tone","$v":"رنگ ٹون بنائی گئی۔"},{"$i":"set-default-tone","$v":"رنگ ٹون بطور ڈیفالٹ سیٹ کی گئی۔"},{"$i":"file-saved","$v":"کو رنگ ٹون کے طور پر محفوظ کیا گیا۔"},{"$i":"file-set-as-default-ringtone","$v":"بطور ڈیفالٹ رنگ ٹون محفوظ ہوا۔"},{"$i":"sd-card-subtitle","$v":"SD کارڈ"},{"$i":"confirmation","$v":"توثیق کاری"},{"$i":"pick-title","$v":"آواز منتخب کریں"},{"$i":"pick-set","$v":"سیٹ کریں"},{"$i":"system-ringtones","$v":"سسٹم کی رنگ ٹونز"},{"$i":"my-ringtones","$v":"میری رنگ ٹونز"},{"$i":"notice-alerts","$v":"انتباہات کی نوٹس"},{"$i":"section-title-builtin-ringtone","$v":"سسٹم کی رنگ ٹونز"},{"$i":"section-title-builtin-alerttone","$v":[{"t":"idOrVar","v":"ringtoneSectionBrandName"}," انتباہات"]},{"$i":"section-header-title-ringtone","$v":"رنگ ٹونز"},{"$i":"section-header-title-alerttone","$v":"انتباہات کی نوٹس"},{"$i":"section-title-custom-ringtone","$v":"میری رنگ ٹونز"},{"$i":"section-title-custom-alerttone","$v":"میر انتباہات"},{"$i":"create-title","$v":"رنگ ٹون کے طور پر محفوظ کریں"},{"$i":"create-save","$v":"محفوظ کریں"},{"$i":"create-cancel","$v":"منسوخ کریں"},{"$i":"create-select","$v":"منتخب کریں"},{"$i":"create-deselect","$v":"غیر منتخب کریں"},{"$i":"play-error-title","$v":"خراب فائل"},{"$i":"play-error-desc","$v":"فائل خراب ہے۔ اس کا استعمال رنگ ٹون کی تخلیق کیلئے نہیں کیا جاسکتا ہے۔"},{"$i":"save-error-title","$v":"رنگ ٹون بنائيں نہیں گئی"},{"$i":"save-error-desc","$v":"رنگ ٹون بنانے میں ایک مسئلہ تھا۔ براہ کرم دوبارہ کوشش کریں۔"},{"$i":"save-file-large","$v":"فائل کا سائز بہت بڑا ہے۔"},{"$i":"default-label","$v":"ڈفالٹ رنگ ٹون سیٹ کریں"},{"$i":"ok","$v":"ٹھیک ہے"},{"$i":"ringtone-untitled","$v":"بلا عنوان"},{"$i":"options","$v":"اختیارات"},{"$i":"play","$v":"چلائیں"},{"$i":"stop","$v":"روکیں"},{"$i":"share","$v":"اشتراک کریں"},{"$i":"delete","$v":"حذف کریں"},{"$i":"cancel","$v":"منسوخ کریں"},{"$i":"select","$v":"منتخب کریں"},{"$i":"add","$v":"شامل کریں"},{"$i":"no-ringtones","$v":"کوئی رنگ ٹونز"},{"$i":"no-ringtones-warning","$v":"کوئی رنگ ٹونز نہیں۔ اپی۔آئی۔اینے میوزک میں سے ایک رنگ ٹون شامل کرنے کے لئے شامل کریں دبائیں۔"},{"$i":"add-ringtone","$v":"رنگ ٹون شامل کریں"},{"$i":"softkey-options","$v":"اختیارات"}]