[{"$i":"brandShortName","$v":"KaiOS"},{"$i":"browserBrandShortName","$v":"Web Browser"},{"$i":"browserBrandFullName","$v":"Mozilla Web Browser"},{"$i":"ringtoneBrandName","$v":"Default"},{"$i":"ringtoneSectionBrandName","$v":"System"},{"$i":"ringtone-none","$v":"Ҳеч бири"},{"$i":"ringer_adventure","$v":"Adventure"},{"$i":"ringer_africa","$v":"Africa"},{"$i":"ringer_bounce","$v":"Bounce"},{"$i":"ringer_disco","$v":"Disco"},{"$i":"ringer_kai","$v":"Kai"},{"$i":"ringer_office","$v":"Office"},{"$i":"ringer_techno","$v":"Techno"},{"$i":"ringer_woody","$v":"Woody"},{"$i":"notifier_bell","$v":"Bell"},{"$i":"notifier_donuts","$v":"Donuts"},{"$i":"notifier_que_paso","$v":"Such rhythm"},{"$i":"notifier_shake","$v":"Shake"},{"$i":"notifier_triple","$v":"Triple"},{"$i":"ringer_azalea","$v":"Azalea"},{"$i":"ringer_bloom","$v":"Bloom"},{"$i":"ringer_blove","$v":"Blove"},{"$i":"ringer_city_lights","$v":"City Lights"},{"$i":"ringer_dots","$v":"Dots"},{"$i":"ringer_flow","$v":"Flow"},{"$i":"ringer_fountain","$v":"Fountain"},{"$i":"ringer_fresh","$v":"Fresh"},{"$i":"ringer_firefox2","$v":[{"t":"idOrVar","v":"ringtoneBrandName"}]},{"$i":"ringer_illuminate","$v":"Illuminate"},{"$i":"ringer_incoming","$v":"Кирувчи"},{"$i":"ringer_silvery","$v":"Silvery"},{"$i":"ringer_now_or_never","$v":"Now or Never"},{"$i":"ringer_primary","$v":"Primary"},{"$i":"ringer_pure_guitar","$v":"Pure Guitar"},{"$i":"ringer_rounded","$v":"Rounded"},{"$i":"ringer_spring","$v":"Spring"},{"$i":"ringer_stargazer","$v":"Stargazer"},{"$i":"ringer_vaca","$v":"Vaca"},{"$i":"notifier_bells","$v":"Bells"},{"$i":"notifier_bloom","$v":"Bloom"},{"$i":"notifier_chime","$v":"Chime"},{"$i":"notifier_clicka","$v":"Clicka"},{"$i":"notifier_digi","$v":"Digi"},{"$i":"notifier_dropplet","$v":"Dropplet"},{"$i":"notifier_firefox2","$v":[{"t":"idOrVar","v":"ringtoneBrandName"}]},{"$i":"notifier_hello","$v":"Hello"},{"$i":"notifier_ping","$v":"Ping"},{"$i":"notifier_plickle","$v":"Plickle"},{"$i":"notifier_pocko","$v":"Pocko"},{"$i":"notifier_quado","$v":"Quado"},{"$i":"notifier_red","$v":"Қизил"},{"$i":"notifier_sato","$v":"Sato"},{"$i":"notifier_trickleup","$v":"Trickle Up"},{"$i":"notifier_trink","$v":"Trink"},{"$i":"notifier_verse","$v":"Verse"},{"$i":"NokiaTune","$v":"NokiaTune"},{"$i":"Arrival","$v":"Arrival"},{"$i":"Barbell","$v":"Barbell"},{"$i":"Bird","$v":"Bird"},{"$i":"Bounce","$v":"Bounce"},{"$i":"Brikabrak","$v":"Brikabrak"},{"$i":"Buzzer","$v":"Buzzer"},{"$i":"Cadenza","$v":"Cadenza"},{"$i":"Chirp","$v":"Chirp"},{"$i":"Delays","$v":"Delays"},{"$i":"Distance","$v":"Distance"},{"$i":"Earring","$v":"Earring"},{"$i":"Electronic","$v":"Electronic"},{"$i":"Imperial","$v":"Imperial"},{"$i":"Karimba","$v":"Karimba"},{"$i":"Marbles","$v":"Marbles"},{"$i":"Monkey_drum","$v":"Monkey drum"},{"$i":"Nostalgia","$v":"Nostalgia"},{"$i":"Ring_ring","$v":"Ring ring"},{"$i":"Spirals","$v":"Ring Spirals"},{"$i":"Stones","$v":"Stones"},{"$i":"Timer","$v":"Timer"},{"$i":"Tip_toe","$v":"Tip toe"},{"$i":"Calendar_1","$v":"Calendar_1"},{"$i":"Calendar_2","$v":"Calendar_2"},{"$i":"Calendar_3","$v":"Calendar_3"},{"$i":"Message_1","$v":"Message_1"},{"$i":"Message_2","$v":"Message_2"},{"$i":"Message_3","$v":"Message_3"},{"$i":"Message_4","$v":"Message_4"},{"$i":"Message_5","$v":"Message_5"},{"$i":"manage-title-2","$v":"Оҳангларни бошқариш"},{"$i":"actions-share-ringtone","$v":"Рингтонни улашиш"},{"$i":"actions-delete-ringtone","$v":"Рингтонни ўчириш"},{"$i":"actions-share-alerttone","$v":"Улашиш сигнали"},{"$i":"actions-delete-alerttone","$v":"Сигнални ўчириш"},{"$i":"actions-cancel","$v":"Бекор"},{"$i":"delete-title-ringtone","$v":"Рингтонни ўчириш"},{"$i":"delete-title-alerttone","$v":"Сигнални ўчириш"},{"$i":"delete-desc","$v":["Ҳақиқатан ҳам \"",{"t":"idOrVar","v":"tone"},"”ни ўчирасизми?"]},{"$i":"delete-desc-default-ringtone","$v":["“",{"t":"idOrVar","v":"tone"},"” жорий рингтондир.\n\nУни ўчириб ташлайсизми?"]},{"$i":"delete-desc-default-alerttone","$v":["“",{"t":"idOrVar","v":"tone"},"” жорий сигналдир.\n\nУни ўчириб ташлайсизми?"]},{"$i":"delete-cancel","$v":"Бекор"},{"$i":"delete-confirm","$v":"Ўчириш"},{"$i":"deleted-ringtone","$v":"Рингтон ўчирилди."},{"$i":"deleted-alerttone","$v":"Сигнал ўчирилди."},{"$i":"created-tone","$v":"Рингтон яратилди."},{"$i":"set-default-tone","$v":"Рингтон одатий қилинди."},{"$i":"file-saved","$v":"Рингтон қилиб сақланди."},{"$i":"file-set-as-default-ringtone","$v":"Стандарт qоьнгьироq товуши сифатида саqланди."},{"$i":"sd-card-subtitle","$v":"SD карта"},{"$i":"confirmation","$v":"Тасдиқ"},{"$i":"pick-title","$v":"Товушни танлаш"},{"$i":"pick-set","$v":"Қўйиш"},{"$i":"system-ringtones","$v":"Тизим рингтонлари"},{"$i":"my-ringtones","$v":"Рингтонларим"},{"$i":"notice-alerts","$v":"Эслатма сигналлари"},{"$i":"section-title-builtin-ringtone","$v":"Тизим рингтонлари"},{"$i":"section-title-builtin-alerttone","$v":"Тизим огоҳлантириши"},{"$i":"section-header-title-ringtone","$v":"Рингтонлар"},{"$i":"section-header-title-alerttone","$v":"Эслатма сигналлари"},{"$i":"section-title-custom-ringtone","$v":"Рингтонларим"},{"$i":"section-title-custom-alerttone","$v":"Сигналларим"},{"$i":"create-title","$v":"Рингтон қилиб сақлаш"},{"$i":"create-save","$v":"Сақлаш"},{"$i":"create-cancel","$v":"Бекор"},{"$i":"create-select","$v":"Танлаш"},{"$i":"create-deselect","$v":"Белгини олиб ташлаш"},{"$i":"play-error-title","$v":"Файл бузилган"},{"$i":"play-error-desc","$v":"Файл зарарланган. Ундан рингтон яратиб бўлмайди."},{"$i":"save-error-title","$v":"Рингтон яратилмади"},{"$i":"save-error-desc","$v":"Рингтон яратишда муаммо бўлди. Қайта урининг."},{"$i":"save-file-large","$v":"Файл ҳажми жуда катта."},{"$i":"default-label","$v":"Стандарт qоьнгьироq оханги сифатида ростлаш"},{"$i":"ok","$v":"OK"},{"$i":"ringtone-untitled","$v":"Номсиз"},{"$i":"options","$v":"Параметрлар"},{"$i":"play","$v":"Ижро"},{"$i":"stop","$v":"Тўхтатиш"},{"$i":"share","$v":"Баҳам кўриш"},{"$i":"delete","$v":"Ўчириш"},{"$i":"cancel","$v":"Бекор"},{"$i":"select","$v":"Танлаш"},{"$i":"add","$v":"Қўшиш"},{"$i":"no-ringtones","$v":"Рингтон йўқ"},{"$i":"no-ringtones-warning","$v":"Ҳеч қандай рингтон йўқ. Мусиқаларингиздан рингтон қўшиш учун Қўшиш тугмасини босинг."},{"$i":"add-ringtone","$v":"Рингтон қўшиш"},{"$i":"softkey-options","$v":"Параметрлар"}]