[{"$i":"brandShortName","$v":"KaiOS"},{"$i":"browserBrandShortName","$v":"Web Browser"},{"$i":"browserBrandFullName","$v":"Mozilla Web Browser"},{"$i":"ringtoneBrandName","$v":"Default"},{"$i":"ringtoneSectionBrandName","$v":"System"},{"$i":"ringtone-none","$v":"Không"},{"$i":"ringer_adventure","$v":"Adventure"},{"$i":"ringer_africa","$v":"Châu Phi"},{"$i":"ringer_bounce","$v":"Bounce"},{"$i":"ringer_disco","$v":"Disco"},{"$i":"ringer_kai","$v":"Kai"},{"$i":"ringer_office","$v":"Office"},{"$i":"ringer_techno","$v":"Techno"},{"$i":"ringer_woody","$v":"Woody"},{"$i":"notifier_bell","$v":"Bell"},{"$i":"notifier_donuts","$v":"Donuts"},{"$i":"notifier_que_paso","$v":"Qué paso"},{"$i":"notifier_shake","$v":"Shake"},{"$i":"notifier_triple","$v":"Triple"},{"$i":"ringer_azalea","$v":"Azalea"},{"$i":"ringer_bloom","$v":"Bloom"},{"$i":"ringer_blove","$v":"Blove"},{"$i":"ringer_city_lights","$v":"City Lights"},{"$i":"ringer_dots","$v":"Dots"},{"$i":"ringer_flow","$v":"Flow"},{"$i":"ringer_fountain","$v":"Fountain"},{"$i":"ringer_fresh","$v":"Fresh"},{"$i":"ringer_firefox2","$v":[{"t":"idOrVar","v":"ringtoneBrandName"}]},{"$i":"ringer_illuminate","$v":"Illuminate"},{"$i":"ringer_incoming","$v":"Đến"},{"$i":"ringer_silvery","$v":"Silvery"},{"$i":"ringer_now_or_never","$v":"Now or Never"},{"$i":"ringer_primary","$v":"Primary"},{"$i":"ringer_pure_guitar","$v":"Pure Guitar"},{"$i":"ringer_rounded","$v":"Rounded"},{"$i":"ringer_spring","$v":"Spring"},{"$i":"ringer_stargazer","$v":"Stargazer"},{"$i":"ringer_vaca","$v":"Vaca"},{"$i":"notifier_bells","$v":"Chuông"},{"$i":"notifier_bloom","$v":"Bloom"},{"$i":"notifier_chime","$v":"Chime"},{"$i":"notifier_clicka","$v":"Clicka"},{"$i":"notifier_digi","$v":"Digi"},{"$i":"notifier_dropplet","$v":"Dropplet"},{"$i":"notifier_firefox2","$v":[{"t":"idOrVar","v":"ringtoneBrandName"}]},{"$i":"notifier_hello","$v":"Hello"},{"$i":"notifier_ping","$v":"Ping"},{"$i":"notifier_plickle","$v":"Plickle"},{"$i":"notifier_pocko","$v":"Pocko"},{"$i":"notifier_quado","$v":"Quado"},{"$i":"notifier_red","$v":"Red"},{"$i":"notifier_sato","$v":"Sato"},{"$i":"notifier_trickleup","$v":"Trickle Up"},{"$i":"notifier_trink","$v":"Trink"},{"$i":"notifier_verse","$v":"Verse"},{"$i":"NokiaTune","$v":"NokiaTune"},{"$i":"Arrival","$v":"Arrival"},{"$i":"Barbell","$v":"Barbell"},{"$i":"Bird","$v":"Bird"},{"$i":"Bounce","$v":"Bounce"},{"$i":"Brikabrak","$v":"Brikabrak"},{"$i":"Buzzer","$v":"Buzzer"},{"$i":"Cadenza","$v":"Cadenza"},{"$i":"Chirp","$v":"Chirp"},{"$i":"Delays","$v":"Delays"},{"$i":"Distance","$v":"Distance"},{"$i":"Earring","$v":"Earring"},{"$i":"Electronic","$v":"Electronic"},{"$i":"Imperial","$v":"Imperial"},{"$i":"Karimba","$v":"Karimba"},{"$i":"Marbles","$v":"Marbles"},{"$i":"Monkey_drum","$v":"Monkey drum"},{"$i":"Nostalgia","$v":"Nostalgia"},{"$i":"Ring_ring","$v":"Ring ring"},{"$i":"Spirals","$v":"Ring Spirals"},{"$i":"Stones","$v":"Stones"},{"$i":"Timer","$v":"Timer"},{"$i":"Tip_toe","$v":"Tip toe"},{"$i":"Calendar_1","$v":"Calendar_1"},{"$i":"Calendar_2","$v":"Calendar_2"},{"$i":"Calendar_3","$v":"Calendar_3"},{"$i":"Message_1","$v":"Message_1"},{"$i":"Message_2","$v":"Message_2"},{"$i":"Message_3","$v":"Message_3"},{"$i":"Message_4","$v":"Message_4"},{"$i":"Message_5","$v":"Message_5"},{"$i":"manage-title-2","$v":"Quản lý Âm thanh"},{"$i":"actions-share-ringtone","$v":"Chia sẻ nhạc chuông"},{"$i":"actions-delete-ringtone","$v":"Xóa nhạc chuông"},{"$i":"actions-share-alerttone","$v":"Chia sẻ cảnh báo"},{"$i":"actions-delete-alerttone","$v":"Xóa cảnh báo"},{"$i":"actions-cancel","$v":"Hủy"},{"$i":"delete-title-ringtone","$v":"Xóa Nhạc chuông"},{"$i":"delete-title-alerttone","$v":"Xóa Cảnh báo"},{"$i":"delete-desc","$v":["Bạn có chắc muốn xóa \"",{"t":"idOrVar","v":"tone"},"\" không?"]},{"$i":"delete-desc-default-ringtone","$v":[{"t":"idOrVar","v":"tone"},"\" là nhạc chuông mặc định hiện tại.\n\nBạn có chắc chắn muốn xóa không?"]},{"$i":"delete-desc-default-alerttone","$v":[{"t":"idOrVar","v":"tone"},"\" là cảnh báo mặc định hiện tại.\n\nBạn có chắc chắn muốn xóa không?"]},{"$i":"delete-cancel","$v":"Hủy"},{"$i":"delete-confirm","$v":"Xóa"},{"$i":"deleted-ringtone","$v":"Đã xóa nhạc chuông."},{"$i":"deleted-alerttone","$v":"Đã xóa cảnh báo."},{"$i":"created-tone","$v":"Đã tạo nhạc chuông."},{"$i":"set-default-tone","$v":"Nhạc chuông đã được đặt thành mặc định."},{"$i":"file-saved","$v":"Đã lưu làm nhạc chuông."},{"$i":"file-set-as-default-ringtone","$v":"Lưu làm nhạc chuông mặc định."},{"$i":"sd-card-subtitle","$v":"Thẻ nhớ"},{"$i":"confirmation","$v":"Xác nhận"},{"$i":"pick-title","$v":"Chọn Âm thanh"},{"$i":"pick-set","$v":"Đặt"},{"$i":"system-ringtones","$v":"Nhạc chuông Hệ thống"},{"$i":"my-ringtones","$v":"Nhạc chuông của Tôi"},{"$i":"notice-alerts","$v":"Cảnh báo Thông báo"},{"$i":"section-title-builtin-ringtone","$v":"Nhạc chuông Hệ thống"},{"$i":"section-title-builtin-alerttone","$v":"Cảnh báo của Hệ thống"},{"$i":"section-header-title-ringtone","$v":"Nhạc chuông"},{"$i":"section-header-title-alerttone","$v":"Cảnh báo Thông báo"},{"$i":"section-title-custom-ringtone","$v":"Nhạc chuông của Tôi"},{"$i":"section-title-custom-alerttone","$v":"Cảnh báo của Tôi"},{"$i":"create-title","$v":"Lưu làm Nhạc chuông"},{"$i":"create-save","$v":"Lưu"},{"$i":"create-cancel","$v":"Hủy"},{"$i":"create-select","$v":"Chọn"},{"$i":"create-deselect","$v":"Bỏ chọn"},{"$i":"play-error-title","$v":"Tập tin bị Lỗi"},{"$i":"play-error-desc","$v":"Tập tin bị lỗi. Không thể sử dụng tập tin này để tạo nhạc chuông."},{"$i":"save-error-title","$v":"Đã không Tạo được Nhạc chuông"},{"$i":"save-error-desc","$v":"Đã có sự cố trong việc tạo nhạc chuông. Vui lòng thử lại."},{"$i":"save-file-large","$v":"Kích thước tập tin quá lớn."},{"$i":"default-label","$v":"Đặt làm nhạc chuông mặc định"},{"$i":"ok","$v":"OK"},{"$i":"ringtone-untitled","$v":"Không có tiêu đề"},{"$i":"options","$v":"Tùy chọn"},{"$i":"play","$v":"Phát"},{"$i":"stop","$v":"Dừng"},{"$i":"share","$v":"Chia sẻ"},{"$i":"delete","$v":"Xóa"},{"$i":"cancel","$v":"Hủy"},{"$i":"select","$v":"Chọn"},{"$i":"add","$v":"Thêm"},{"$i":"no-ringtones","$v":"Không có Nhạc chuông"},{"$i":"no-ringtones-warning","$v":"Không có nhạc chuông. Nhấn Add (Thêm) để thêm nhạc chuông từ nhạc của bạn."},{"$i":"add-ringtone","$v":"Thêm nhạc chuông"},{"$i":"softkey-options","$v":"Tùy chọn"}]