[{"$i":"brandShortName","$v":"KaiOS"},{"$i":"browserBrandShortName","$v":"Web Browser"},{"$i":"browserBrandFullName","$v":"Mozilla Web Browser"},{"$i":"ringtoneBrandName","$v":"Default"},{"$i":"ringtoneSectionBrandName","$v":"System"},{"$i":"ringtone-none","$v":"Nanye"},{"$i":"ringer_adventure","$v":"Adventure"},{"$i":"ringer_africa","$v":"Africa"},{"$i":"ringer_bounce","$v":"Bounce"},{"$i":"ringer_disco","$v":"Disco"},{"$i":"ringer_kai","$v":"Ukutya okuqinileyo"},{"$i":"ringer_office","$v":"Office"},{"$i":"ringer_techno","$v":"Techno"},{"$i":"ringer_woody","$v":"Woody"},{"$i":"notifier_bell","$v":"Bell"},{"$i":"notifier_donuts","$v":"Donuts"},{"$i":"notifier_que_paso","$v":"Such rhythm"},{"$i":"notifier_shake","$v":"Shake"},{"$i":"notifier_triple","$v":"Triple"},{"$i":"ringer_azalea","$v":"Azalea"},{"$i":"ringer_bloom","$v":"Bloom"},{"$i":"ringer_blove","$v":"Blove"},{"$i":"ringer_city_lights","$v":"City Lights"},{"$i":"ringer_dots","$v":"Dots"},{"$i":"ringer_flow","$v":"Flow"},{"$i":"ringer_fountain","$v":"Fountain"},{"$i":"ringer_fresh","$v":"Fresh"},{"$i":"ringer_firefox2","$v":[{"t":"idOrVar","v":"ringtoneBrandName"}]},{"$i":"ringer_illuminate","$v":"Illuminate"},{"$i":"ringer_incoming","$v":"Engenayo"},{"$i":"ringer_silvery","$v":"Silvery"},{"$i":"ringer_now_or_never","$v":"Now or Never"},{"$i":"ringer_primary","$v":"Primary"},{"$i":"ringer_pure_guitar","$v":"Pure Guitar"},{"$i":"ringer_rounded","$v":"Rounded"},{"$i":"ringer_spring","$v":"Spring"},{"$i":"ringer_stargazer","$v":"Stargazer"},{"$i":"ringer_vaca","$v":"Vaca"},{"$i":"notifier_bells","$v":"Bells"},{"$i":"notifier_bloom","$v":"Bloom"},{"$i":"notifier_chime","$v":"Chime"},{"$i":"notifier_clicka","$v":"Clicka"},{"$i":"notifier_digi","$v":"Digi"},{"$i":"notifier_dropplet","$v":"Dropplet"},{"$i":"notifier_firefox2","$v":[{"t":"idOrVar","v":"ringtoneBrandName"}]},{"$i":"notifier_hello","$v":"Hello"},{"$i":"notifier_ping","$v":"Ping"},{"$i":"notifier_plickle","$v":"Plickle"},{"$i":"notifier_pocko","$v":"Pocko"},{"$i":"notifier_quado","$v":"Quado"},{"$i":"notifier_red","$v":"Ebomvu"},{"$i":"notifier_sato","$v":"Sato"},{"$i":"notifier_trickleup","$v":"Trickle Up"},{"$i":"notifier_trink","$v":"Trink"},{"$i":"notifier_verse","$v":"Verse"},{"$i":"NokiaTune","$v":"NokiaTune"},{"$i":"Arrival","$v":"Arrival"},{"$i":"Barbell","$v":"Barbell"},{"$i":"Bird","$v":"Bird"},{"$i":"Bounce","$v":"Bounce"},{"$i":"Brikabrak","$v":"Brikabrak"},{"$i":"Buzzer","$v":"Buzzer"},{"$i":"Cadenza","$v":"Cadenza"},{"$i":"Chirp","$v":"Chirp"},{"$i":"Delays","$v":"Delays"},{"$i":"Distance","$v":"Distance"},{"$i":"Earring","$v":"Earring"},{"$i":"Electronic","$v":"Electronic"},{"$i":"Imperial","$v":"Imperial"},{"$i":"Karimba","$v":"Karimba"},{"$i":"Marbles","$v":"Marbles"},{"$i":"Monkey_drum","$v":"Monkey drum"},{"$i":"Nostalgia","$v":"Nostalgia"},{"$i":"Ring_ring","$v":"Ring ring"},{"$i":"Spirals","$v":"Ring Spirals"},{"$i":"Stones","$v":"Stones"},{"$i":"Timer","$v":"Timer"},{"$i":"Tip_toe","$v":"Tip toe"},{"$i":"Calendar_1","$v":"Calendar_1"},{"$i":"Calendar_2","$v":"Calendar_2"},{"$i":"Calendar_3","$v":"Calendar_3"},{"$i":"Message_1","$v":"Message_1"},{"$i":"Message_2","$v":"Message_2"},{"$i":"Message_3","$v":"Message_3"},{"$i":"Message_4","$v":"Message_4"},{"$i":"Message_5","$v":"Message_5"},{"$i":"manage-title-2","$v":"Lawula iiThoni"},{"$i":"actions-share-ringtone","$v":"Yabelana ngeringthowuni"},{"$i":"actions-delete-ringtone","$v":"Cima iringtone"},{"$i":"actions-share-alerttone","$v":"Isaziso soLwabelwano"},{"$i":"actions-delete-alerttone","$v":"Cima ukwaziswa"},{"$i":"actions-cancel","$v":"Rhoxisa"},{"$i":"delete-title-ringtone","$v":"Cima Iringtone"},{"$i":"delete-title-alerttone","$v":"Cima Ukwaziswa"},{"$i":"delete-desc","$v":["Uqinisekile ufuna ukucima “",{"t":"idOrVar","v":"tone"},"”?"]},{"$i":"delete-desc-default-ringtone","$v":[{"t":"idOrVar","v":"tone"},"\" yiringithoni esisiseko yangoku \n\n Uqinisekile ukuba ufuna ukuyisusa?"]},{"$i":"delete-desc-default-alerttone","$v":[{"t":"idOrVar","v":"tone"},"\" isilunkiso sesiseko ngoku.\n\nUqinisekile uba ufuna ukuyicima?"]},{"$i":"delete-cancel","$v":"Rhoxisa"},{"$i":"delete-confirm","$v":"Cima"},{"$i":"deleted-ringtone","$v":"Iringithoni icinyiwe."},{"$i":"deleted-alerttone","$v":"Isaziso sifunyenwe."},{"$i":"created-tone","$v":"Iringithoni yakhiwe."},{"$i":"set-default-tone","$v":"Iringithoni isetwe njengesisqelo."},{"$i":"file-saved","$v":"Gcina njenge Ringithoni"},{"$i":"file-set-as-default-ringtone","$v":"Igcinwe njengengoma engagungqiyo."},{"$i":"sd-card-subtitle","$v":"iSD khadi"},{"$i":"confirmation","$v":"Isiqinisekiso"},{"$i":"pick-title","$v":"Khetha iSandi"},{"$i":"pick-set","$v":"Seta"},{"$i":"system-ringtones","$v":"Iiringthowuni zeSistimu"},{"$i":"my-ringtones","$v":"Iiringithoni Zam"},{"$i":"notice-alerts","$v":"Isaziso seZazisi"},{"$i":"section-title-builtin-ringtone","$v":"Iiringthowuni zeSistimu"},{"$i":"section-title-builtin-alerttone","$v":"Iizazisi zeNkqubo"},{"$i":"section-header-title-ringtone","$v":"Iiringithoni"},{"$i":"section-header-title-alerttone","$v":"Isaziso seZazisi"},{"$i":"section-title-custom-ringtone","$v":"Iiringithoni Zam"},{"$i":"section-title-custom-alerttone","$v":"Izazisi Zam"},{"$i":"create-title","$v":"Gcina njenge Ringithoni"},{"$i":"create-save","$v":"Gcina"},{"$i":"create-cancel","$v":"Rhoxisa"},{"$i":"create-select","$v":"Khetha"},{"$i":"create-deselect","$v":"Yekisa ukukhetha"},{"$i":"play-error-title","$v":"Ifayile eyonakeleyo"},{"$i":"play-error-desc","$v":"Le fayile imoshakele. Ayinakusetyenziswa ukudala iringthowuni."},{"$i":"save-error-title","$v":"Iringithoni ayakhiwanga"},{"$i":"save-error-desc","$v":"Kubekho ingxaki nokudala iringthowuni. Nceda uzame kwakhona."},{"$i":"save-file-large","$v":"Le fayili inkulu kakhulu"},{"$i":"default-label","$v":"Beka njengeklayoni engagqibekanga"},{"$i":"ok","$v":"KULUNGILE"},{"$i":"ringtone-untitled","$v":"Engenasihloko"},{"$i":"options","$v":"Iinketho"},{"$i":"play","$v":"Dlala"},{"$i":"stop","$v":"Yima"},{"$i":"share","$v":"Yabelana"},{"$i":"delete","$v":"Cima"},{"$i":"cancel","$v":"Rhoxisa"},{"$i":"select","$v":"Khetha"},{"$i":"add","$v":"Faka"},{"$i":"no-ringtones","$v":"Akukho ringithoni"},{"$i":"no-ringtones-warning","$v":"Akukho Ringitoni. Conezela Yongeza ukufaka iringitoni esuka kumculo wakho."},{"$i":"add-ringtone","$v":"Faka iringithoni"},{"$i":"softkey-options","$v":"Iinketho"}]