[{"$i":"brandShortName","$v":"KaiOS"},{"$i":"browserBrandShortName","$v":"Web Browser"},{"$i":"browserBrandFullName","$v":"Mozilla Web Browser"},{"$i":"ringtoneBrandName","$v":"Default"},{"$i":"ringtoneSectionBrandName","$v":"System"},{"$i":"ringtone-none","$v":"无"},{"$i":"ringer_adventure","$v":"Adventure"},{"$i":"ringer_africa","$v":"非洲"},{"$i":"ringer_bounce","$v":"Bounce"},{"$i":"ringer_disco","$v":"Disco"},{"$i":"ringer_kai","$v":"Kai"},{"$i":"ringer_office","$v":"Office"},{"$i":"ringer_techno","$v":"Techno"},{"$i":"ringer_woody","$v":"Woody"},{"$i":"notifier_bell","$v":"Bell"},{"$i":"notifier_donuts","$v":"Donuts"},{"$i":"notifier_que_paso","$v":"Qué paso"},{"$i":"notifier_shake","$v":"Shake"},{"$i":"notifier_triple","$v":"Triple"},{"$i":"ringer_azalea","$v":"Azalea"},{"$i":"ringer_bloom","$v":"Bloom"},{"$i":"ringer_blove","$v":"Blove"},{"$i":"ringer_city_lights","$v":"City Lights"},{"$i":"ringer_dots","$v":"Dots"},{"$i":"ringer_flow","$v":"Flow"},{"$i":"ringer_fountain","$v":"Fountain"},{"$i":"ringer_fresh","$v":"清新"},{"$i":"ringer_firefox2","$v":[{"t":"idOrVar","v":"ringtoneBrandName"}]},{"$i":"ringer_illuminate","$v":"Illuminate"},{"$i":"ringer_incoming","$v":"来电"},{"$i":"ringer_silvery","$v":"Silvery"},{"$i":"ringer_now_or_never","$v":"Now or Never"},{"$i":"ringer_primary","$v":"Primary"},{"$i":"ringer_pure_guitar","$v":"Pure Guitar"},{"$i":"ringer_rounded","$v":"Rounded"},{"$i":"ringer_spring","$v":"Spring"},{"$i":"ringer_stargazer","$v":"Stargazer"},{"$i":"ringer_vaca","$v":"Vaca"},{"$i":"notifier_bells","$v":"Bells"},{"$i":"notifier_bloom","$v":"Bloom"},{"$i":"notifier_chime","$v":"Chime"},{"$i":"notifier_clicka","$v":"Clicka"},{"$i":"notifier_digi","$v":"Digi"},{"$i":"notifier_dropplet","$v":"Dropplet"},{"$i":"notifier_firefox2","$v":[{"t":"idOrVar","v":"ringtoneBrandName"}]},{"$i":"notifier_hello","$v":"Hello"},{"$i":"notifier_ping","$v":"Ping"},{"$i":"notifier_plickle","$v":"Plickle"},{"$i":"notifier_pocko","$v":"Pocko"},{"$i":"notifier_quado","$v":"Quado"},{"$i":"notifier_red","$v":"红色"},{"$i":"notifier_sato","$v":"Sato"},{"$i":"notifier_trickleup","$v":"Trickle Up"},{"$i":"notifier_trink","$v":"Trink"},{"$i":"notifier_verse","$v":"Verse"},{"$i":"NokiaTune","$v":"NokiaTune"},{"$i":"Arrival","$v":"Arrival"},{"$i":"Barbell","$v":"Barbell"},{"$i":"Bird","$v":"Bird"},{"$i":"Bounce","$v":"Bounce"},{"$i":"Brikabrak","$v":"Brikabrak"},{"$i":"Buzzer","$v":"Buzzer"},{"$i":"Cadenza","$v":"Cadenza"},{"$i":"Chirp","$v":"Chirp"},{"$i":"Delays","$v":"Delays"},{"$i":"Distance","$v":"Distance"},{"$i":"Earring","$v":"Earring"},{"$i":"Electronic","$v":"Electronic"},{"$i":"Imperial","$v":"Imperial"},{"$i":"Karimba","$v":"Karimba"},{"$i":"Marbles","$v":"Marbles"},{"$i":"Monkey_drum","$v":"Monkey drum"},{"$i":"Nostalgia","$v":"Nostalgia"},{"$i":"Ring_ring","$v":"Ring ring"},{"$i":"Spirals","$v":"Ring Spirals"},{"$i":"Stones","$v":"Stones"},{"$i":"Timer","$v":"Timer"},{"$i":"Tip_toe","$v":"Tip toe"},{"$i":"Calendar_1","$v":"Calendar_1"},{"$i":"Calendar_2","$v":"Calendar_2"},{"$i":"Calendar_3","$v":"Calendar_3"},{"$i":"Message_1","$v":"Message_1"},{"$i":"Message_2","$v":"Message_2"},{"$i":"Message_3","$v":"Message_3"},{"$i":"Message_4","$v":"Message_4"},{"$i":"Message_5","$v":"Message_5"},{"$i":"manage-title-2","$v":"管理铃声"},{"$i":"actions-share-ringtone","$v":"分享铃声"},{"$i":"actions-delete-ringtone","$v":"删除铃声"},{"$i":"actions-share-alerttone","$v":"分享提示音"},{"$i":"actions-delete-alerttone","$v":"删除提示音"},{"$i":"actions-cancel","$v":"取消"},{"$i":"delete-title-ringtone","$v":"删除铃声"},{"$i":"delete-title-alerttone","$v":"删除提示音"},{"$i":"delete-desc","$v":["确定要删除“",{"t":"idOrVar","v":"tone"},"”?"]},{"$i":"delete-desc-default-ringtone","$v":["“",{"t":"idOrVar","v":"tone"},"”是当前的默认铃声。\n\n确定要删除？"]},{"$i":"delete-desc-default-alerttone","$v":["“",{"t":"idOrVar","v":"tone"},"”是当前的默认提示音。\n\n确定要删除？"]},{"$i":"delete-cancel","$v":"取消"},{"$i":"delete-confirm","$v":"删除"},{"$i":"deleted-ringtone","$v":"铃声已删除。"},{"$i":"deleted-alerttone","$v":"提示音已删除。"},{"$i":"created-tone","$v":"铃声已创建。"},{"$i":"set-default-tone","$v":"设置为默认铃声"},{"$i":"file-saved","$v":"存为铃声。"},{"$i":"file-set-as-default-ringtone","$v":"保存为默认铃声。"},{"$i":"sd-card-subtitle","$v":"SD卡"},{"$i":"confirmation","$v":"确认"},{"$i":"pick-title","$v":"选择声音"},{"$i":"pick-set","$v":"设置"},{"$i":"system-ringtones","$v":"系统铃声"},{"$i":"my-ringtones","$v":"我的铃声"},{"$i":"notice-alerts","$v":"通知提醒"},{"$i":"section-title-builtin-ringtone","$v":"系统铃声"},{"$i":"section-title-builtin-alerttone","$v":"系统通知"},{"$i":"section-header-title-ringtone","$v":"铃声"},{"$i":"section-header-title-alerttone","$v":"通知提醒"},{"$i":"section-title-custom-ringtone","$v":"我的铃声"},{"$i":"section-title-custom-alerttone","$v":"我的提示音"},{"$i":"create-title","$v":"另存为铃声"},{"$i":"create-save","$v":"保存"},{"$i":"create-cancel","$v":"取消"},{"$i":"create-select","$v":"选择"},{"$i":"create-deselect","$v":"取消选择"},{"$i":"play-error-title","$v":"受损文件"},{"$i":"play-error-desc","$v":"文件已损坏。无法用于创建铃声。"},{"$i":"save-error-title","$v":"铃声未创建"},{"$i":"save-error-desc","$v":"创建铃声时出现问题。请重试。"},{"$i":"save-file-large","$v":"文件太大。"},{"$i":"default-label","$v":"设置为默认铃声"},{"$i":"ok","$v":"确定"},{"$i":"ringtone-untitled","$v":"未命名"},{"$i":"options","$v":"选项"},{"$i":"play","$v":"播放"},{"$i":"stop","$v":"停止"},{"$i":"share","$v":"分享"},{"$i":"delete","$v":"删除"},{"$i":"cancel","$v":"取消"},{"$i":"select","$v":"选择"},{"$i":"add","$v":"添加"},{"$i":"no-ringtones","$v":"无铃声"},{"$i":"no-ringtones-warning","$v":"没有铃声。请按添加从你的音乐中添加铃声。"},{"$i":"add-ringtone","$v":"添加铃声"},{"$i":"softkey-options","$v":"选项"}]