[{"$i":"brandShortName","$v":"KaiOS"},{"$i":"browserBrandShortName","$v":"Web Browser"},{"$i":"browserBrandFullName","$v":"Mozilla Web Browser"},{"$i":"ringtoneBrandName","$v":"Default"},{"$i":"ringtoneSectionBrandName","$v":"System"},{"$i":"ringtone-none","$v":"Lutho"},{"$i":"ringer_adventure","$v":"Adventure"},{"$i":"ringer_africa","$v":"I-Africa"},{"$i":"ringer_bounce","$v":"Bounce"},{"$i":"ringer_disco","$v":"Disco"},{"$i":"ringer_kai","$v":"Kai"},{"$i":"ringer_office","$v":"Office"},{"$i":"ringer_techno","$v":"Techno"},{"$i":"ringer_woody","$v":"Woody"},{"$i":"notifier_bell","$v":"Bell"},{"$i":"notifier_donuts","$v":"Donuts"},{"$i":"notifier_que_paso","$v":"Qué paso"},{"$i":"notifier_shake","$v":"Shake"},{"$i":"notifier_triple","$v":"Triple"},{"$i":"ringer_azalea","$v":"Azalea"},{"$i":"ringer_bloom","$v":"Bloom"},{"$i":"ringer_blove","$v":"Blove"},{"$i":"ringer_city_lights","$v":"City Lights"},{"$i":"ringer_dots","$v":"Dots"},{"$i":"ringer_flow","$v":"Flow"},{"$i":"ringer_fountain","$v":"Fountain"},{"$i":"ringer_fresh","$v":"Fresh"},{"$i":"ringer_firefox2","$v":[{"t":"idOrVar","v":"ringtoneBrandName"}]},{"$i":"ringer_illuminate","$v":"Illuminate"},{"$i":"ringer_incoming","$v":"Incoming"},{"$i":"ringer_silvery","$v":"Silvery"},{"$i":"ringer_now_or_never","$v":"Now or Never"},{"$i":"ringer_primary","$v":"Primary"},{"$i":"ringer_pure_guitar","$v":"Pure Guitar"},{"$i":"ringer_rounded","$v":"Rounded"},{"$i":"ringer_spring","$v":"Spring"},{"$i":"ringer_stargazer","$v":"Stargazer"},{"$i":"ringer_vaca","$v":"Vaca"},{"$i":"notifier_bells","$v":"Bells"},{"$i":"notifier_bloom","$v":"Bloom"},{"$i":"notifier_chime","$v":"Chime"},{"$i":"notifier_clicka","$v":"Clicka"},{"$i":"notifier_digi","$v":"Digi"},{"$i":"notifier_dropplet","$v":"Dropplet"},{"$i":"notifier_firefox2","$v":[{"t":"idOrVar","v":"ringtoneBrandName"}]},{"$i":"notifier_hello","$v":"Hello"},{"$i":"notifier_ping","$v":"Ping"},{"$i":"notifier_plickle","$v":"Plickle"},{"$i":"notifier_pocko","$v":"Pocko"},{"$i":"notifier_quado","$v":"Quado"},{"$i":"notifier_red","$v":"Red"},{"$i":"notifier_sato","$v":"Sato"},{"$i":"notifier_trickleup","$v":"Trickle Up"},{"$i":"notifier_trink","$v":"Trink"},{"$i":"notifier_verse","$v":"Verse"},{"$i":"NokiaTune","$v":"NokiaTune"},{"$i":"Arrival","$v":"Arrival"},{"$i":"Barbell","$v":"Barbell"},{"$i":"Bird","$v":"Bird"},{"$i":"Bounce","$v":"Bounce"},{"$i":"Brikabrak","$v":"Brikabrak"},{"$i":"Buzzer","$v":"Buzzer"},{"$i":"Cadenza","$v":"Cadenza"},{"$i":"Chirp","$v":"Chirp"},{"$i":"Delays","$v":"Delays"},{"$i":"Distance","$v":"Distance"},{"$i":"Earring","$v":"Earring"},{"$i":"Electronic","$v":"Electronic"},{"$i":"Imperial","$v":"Imperial"},{"$i":"Karimba","$v":"Karimba"},{"$i":"Marbles","$v":"Marbles"},{"$i":"Monkey_drum","$v":"Monkey drum"},{"$i":"Nostalgia","$v":"Nostalgia"},{"$i":"Ring_ring","$v":"Ring ring"},{"$i":"Spirals","$v":"Ring Spirals"},{"$i":"Stones","$v":"Stones"},{"$i":"Timer","$v":"Timer"},{"$i":"Tip_toe","$v":"Tip toe"},{"$i":"Calendar_1","$v":"Calendar_1"},{"$i":"Calendar_2","$v":"Calendar_2"},{"$i":"Calendar_3","$v":"Calendar_3"},{"$i":"Message_1","$v":"Message_1"},{"$i":"Message_2","$v":"Message_2"},{"$i":"Message_3","$v":"Message_3"},{"$i":"Message_4","$v":"Message_4"},{"$i":"Message_5","$v":"Message_5"},{"$i":"manage-title-2","$v":"Lawula Amathoni"},{"$i":"actions-share-ringtone","$v":"Dlulisela komunye iringithoni"},{"$i":"actions-delete-ringtone","$v":"Susa iringithoni"},{"$i":"actions-share-alerttone","$v":"Dlulisela komunye isixwayiso"},{"$i":"actions-delete-alerttone","$v":"Susa isixwayiso"},{"$i":"actions-cancel","$v":"Khansela"},{"$i":"delete-title-ringtone","$v":"Susa Iringithoni"},{"$i":"delete-title-alerttone","$v":"Susa Isixwayiso"},{"$i":"delete-desc","$v":["Uqinisekile ukuthi ufuna ukususa \"",{"t":"idOrVar","v":"tone"},"\"?"]},{"$i":"delete-desc-default-ringtone","$v":[{"t":"idOrVar","v":"tone"},"\" iyibika njengamanje.\n\nIngabe uyaqiniseka ukuthi ufuna ukuyisusa?"]},{"$i":"delete-desc-default-alerttone","$v":[{"t":"idOrVar","v":"tone"},"\" iyisixwayiso njengamanje.\n\nIngabe uyaqiniseka ukuthi ufuna ukuyisusa?"]},{"$i":"delete-cancel","$v":"Khansela"},{"$i":"delete-confirm","$v":"Susa"},{"$i":"deleted-ringtone","$v":"Iringithoni Isusiwe"},{"$i":"deleted-alerttone","$v":"Isixwayiso sisusiwe."},{"$i":"created-tone","$v":"Iringithoni yenziwe."},{"$i":"set-default-tone","$v":"Iringithoni ikhethwe njengeyinhloko."},{"$i":"file-saved","$v":"Kulondolozwe njengethoni yokukhala."},{"$i":"file-set-as-default-ringtone","$v":"Ilondolozwe njengethoni yeringithoni."},{"$i":"sd-card-subtitle","$v":"Ikhadi le-SD"},{"$i":"confirmation","$v":"Ukuqinisekisa"},{"$i":"pick-title","$v":"Khetha Umsindo"},{"$i":"pick-set","$v":"Setha"},{"$i":"system-ringtones","$v":"Amaringithoni Esistimu"},{"$i":"my-ringtones","$v":"Amaringithoni Ami"},{"$i":"notice-alerts","$v":"Amathoni Ezixwayiso"},{"$i":"section-title-builtin-ringtone","$v":"Amaringithoni Esistimu"},{"$i":"section-title-builtin-alerttone","$v":"Izexwayiso zesistimu"},{"$i":"section-header-title-ringtone","$v":"Amaringithoni"},{"$i":"section-header-title-alerttone","$v":"Amathoni Ezixwayiso"},{"$i":"section-title-custom-ringtone","$v":"Amaringithoni Ami"},{"$i":"section-title-custom-alerttone","$v":"Imisindo Yami Eyisixwayiso"},{"$i":"create-title","$v":"Londoloza Njengeringithoni"},{"$i":"create-save","$v":"Londoloza"},{"$i":"create-cancel","$v":"Khansela"},{"$i":"create-select","$v":"Khetha"},{"$i":"create-deselect","$v":"Yeka ukukhetha"},{"$i":"play-error-title","$v":"Ifayela lonakele"},{"$i":"play-error-desc","$v":"Ifayela lonakele. Ngeke lisetshenziselwe ukwenza iringithoni."},{"$i":"save-error-title","$v":"Iringithoni Ayenzekanga"},{"$i":"save-error-desc","$v":"Kube nenkinga lapho kukhethwa iringithoni. Sicela uzame futhi."},{"$i":"save-file-large","$v":"Usayizi wefayela mkhulu kakhulu."},{"$i":"default-label","$v":"Khetha i-ringtone"},{"$i":"ok","$v":"KULUNGILE"},{"$i":"ringtone-untitled","$v":"Okungenasihloko"},{"$i":"options","$v":"Okhetha kukho"},{"$i":"play","$v":"Dlala"},{"$i":"stop","$v":"Yima"},{"$i":"share","$v":"Yabelana"},{"$i":"delete","$v":"Susa"},{"$i":"cancel","$v":"Khansela"},{"$i":"select","$v":"Khetha"},{"$i":"add","$v":"Faka"},{"$i":"no-ringtones","$v":"Awekho Amaringithoni"},{"$i":"no-ringtones-warning","$v":"Awekho amathoni okukhala. Cindezela okuthi Engeza ukuze ungeze ithoni yokukhala kusuka kumculo wakho."},{"$i":"add-ringtone","$v":"Faka iringithoni"},{"$i":"softkey-options","$v":"Okhetha kukho"}]