[{"$i":"ok","$v":"Goed"},{"$i":"back","$v":"Terug"},{"$i":"help","$v":"Hulp"},{"$i":"cancel","$v":"Kanselleer"},{"$i":"close","$v":"Maak toe"},{"$i":"skip","$v":"Slaan oor"},{"$i":"enable","$v":"Aktiveer"},{"$i":"turnOn","$v":"Skakel aan"},{"$i":"save","$v":"Stoor"},{"$i":"select","$v":"Kies"},{"$i":"deselect","$v":"Deselekteer"},{"$i":"go","$v":"Gaan"},{"$i":"search","$v":"Soek"},{"$i":"options","$v":"Opsies"},{"$i":"exit","$v":"Verlaat"},{"$i":"signIn","$v":"Teken aan"},{"$i":"dismiss","$v":"Kanselleer"},{"$i":"dismiss-all","$v":"Kanselleer alles"},{"$i":"undo","ariaLabel":"Ontdoen"},{"$i":"lockscreenEnterLockCode","$v":"Voer asseblief ‘n 4-syferkode in"},{"$i":"lockscreenCheckLockCode","$v":"Ongeldige kode. Probeer asseblief weer."},{"$i":"lockscreenDeviceLocked","$v":"Toestel is gesluit, probeer na 30 sekondes."},{"$i":"pocketmodeLongPress","$v":"Vee of druk"},{"$i":"pocketmodeToUnlock","$v":"om te ontsluit"},{"$i":"enterPIN","$v":"Voer die 6-syferkode in om te ontsluit"},{"$i":"mediaPlaybackTrack","$v":"Snittitel en kunstenaar"},{"$i":"mediaPlaybackControls","$v":"Terugspeel kontroles"},{"$i":"mediaPlaybackPrevious","$v":"Vorige"},{"$i":"mediaPlaybackPlay","$v":"Speel"},{"$i":"mediaPlaybackPause","$v":"Onderbreek"},{"$i":"mediaPlaybackNext","$v":"Volgende"},{"$i":"UnknownTrack","$v":"Onbekende snit"},{"$i":"wifiButton-on","$v":"WIFI aan"},{"$i":"wifiButton-on-initializing","$v":"WIFI aan, inisialiseer"},{"$i":"wifiButton-off","$v":"WIFI af"},{"$i":"dataButton-on","$v":["Data ",{"t":"idOrVar","v":"type"}," aan"]},{"$i":"dataButton-off","$v":["Data ",{"t":"idOrVar","v":"type"}," af"]},{"$i":"bluetoothButton-on","$v":"Bluetooth aan"},{"$i":"bluetoothButton-on-initializing","$v":"Bluetooth aan, inisialiseer"},{"$i":"bluetoothButton-off","$v":"Bluetooth af"},{"$i":"airplaneMode-on","$v":"Vliegtuigmodus aan"},{"$i":"airplaneMode-off","$v":"Vliegtuigmodus af"},{"$i":"airplaneOff","$v":"Skakel vliegtuigmodus af"},{"$i":"settingsButton","ariaLabel":"Instellings"},{"$i":"simLabel","$v":["SIM ",{"t":"idOrVar","v":"id"}]},{"$i":"statusbarLabel","$v":[{"t":"idOrVar","v":"Date"},", ",{"t":"idOrVar","v":"operator"}]},{"$i":"statusbarDateFormat","$v":"%b %e"},{"$i":"statusbar","ariaLabel":"Statusbalk"},{"$i":"statusbarBattery","ariaLabel":["Battery ",{"t":"idOrVar","v":"level"}," persent"]},{"$i":"statusbarBatteryCharging","ariaLabel":["Battery ",{"t":"idOrVar","v":"level"}," persent, laai tans"]},{"$i":"statusbarFlightMode","ariaLabel":"Vliegtuigmodus aan"},{"$i":"statusbarWiFiConnecting","$v":"WIFI: koppel"},{"$i":"statusbarWiFiConnected","$v":["WIFI: ",{"t":"idOrVar","v":"level"}," van 4 balke"]},{"$i":"statusbarSignal","$v":[{"t":"idOrVar","v":"Operator"}," netwerk, ",{"t":"idOrVar","v":"level"}," van 5 balke"]},{"$i":"statusbarSignalRoaming","$v":[{"t":"idOrVar","v":"Operator"}," netwerk (swerwing), ",{"t":"idOrVar","v":"level"}," van 5 balke"]},{"$i":"statusbarSignalNoneSearching","$v":"Soek...Slegs noodoproepe"},{"$i":"statusbarHeadphones","ariaLabel":"Oorfone aan"},{"$i":"statusbarBluetoothHeadphones","ariaLabel":"Bluetooth oorfone aan"},{"$i":"statusbarBluetoothTransferring","ariaLabel":"Bluetooth oordrag aktief"},{"$i":"statusbarIconOn-tethering","$v":"Verbinding aan"},{"$i":"statusbarIconOnActive-tethering","$v":"Verbinding aan, aktief"},{"$i":"statusbarAlarm","ariaLabel":"Alarm aan"},{"$i":"statusbarIME","ariaLabel":"IME aan"},{"$i":"statusbarIconOn-bluetooth","$v":"Bluetooth aan"},{"$i":"statusbarIconOnActive-bluetooth","$v":"Bluetooth aan, aktief"},{"$i":"statusbarIconOn-mute","$v":"Demp aan"},{"$i":"statusbarIconOn-vibration","$v":"Vibrering aan"},{"$i":"statusbarRecording","ariaLabel":"Opname aan"},{"$i":"statusbarGeolocation","ariaLabel":"Geoligging aan"},{"$i":"statusbarUsb","ariaLabel":"USB aan"},{"$i":"statusbarForwarding","$v":"Oproepdeurverbinding aan"},{"$i":"statusbarPlaying","ariaLabel":"Media speel"},{"$i":"statusbarNfc","ariaLabel":"NFC"},{"$i":"statusbarDownloads","ariaLabel":"Laai tans af…"},{"$i":"statusbarNetworkActivity","ariaLabel":"Netwerk aan"},{"$i":"statusbarEmergencyCBNotification","ariaLabel":"Nood terugbel"},{"$i":"statusbarNotifications","$v":{"few":[{"t":"idOrVar","v":"n"}," Kennisgewings"],"many":[{"t":"idOrVar","v":"n"}," Kennisgewings"],"one":[{"t":"idOrVar","v":"n"}," Kennisgewings"],"other":[{"t":"idOrVar","v":"n"}," Kennisgewings"],"two":[{"t":"idOrVar","v":"n"}," Kennisgewings"]},"$x":[{"t":"idOrVar","v":"plural"},"n"]},{"$i":"statusbarNotifications-unread","ariaLabel":{"$x":[{"t":"idOrVar","v":"plural"},"n"],"$v":{"few":[{"t":"idOrVar","v":"n"}," ongeleesde kennisgewings"],"many":[{"t":"idOrVar","v":"n"}," ongeleesde kennisgewings"],"one":[{"t":"idOrVar","v":"n"}," ongeleesde kennisgewings"],"other":[{"t":"idOrVar","v":"n"}," ongeleesde kennisgewings"],"two":[{"t":"idOrVar","v":"n"}," ongeleesde kennisgewings"]}}},{"$i":"clear","$v":"Wis"},{"$i":"clear-all","$v":"Wis alles"},{"$i":"notification-title","$v":{"few":[{"t":"idOrVar","v":"n"}," Kennisgewings"],"many":[{"t":"idOrVar","v":"n"}," Kennisgewings"],"one":[{"t":"idOrVar","v":"n"}," Kennisgewings"],"other":[{"t":"idOrVar","v":"n"}," Kennisgewings"],"two":[{"t":"idOrVar","v":"n"}," Kennisgewings"],"zero":[{"t":"idOrVar","v":"n"}," Kennisgewings"]},"$x":[{"t":"idOrVar","v":"plural"},"n"]},{"$i":"notification-dialog-no-notices","$v":"Geen Kennisgewings"},{"$i":"notification-title-new","$v":{"few":[{"t":"idOrVar","v":"n"}," Kennisgewings"],"many":[{"t":"idOrVar","v":"n"}," Kennisgewings"],"other":[{"t":"idOrVar","v":"n"}," Kennisgewings"],"two":[{"t":"idOrVar","v":"n"}," Kennisgewings"],"one":[{"t":"idOrVar","v":"n"}," Kennisgewing"],"zero":[{"t":"idOrVar","v":"n"}," Kennisgewing"]},"$x":[{"t":"idOrVar","v":"plural"},"n"]},{"$i":"notification-dialog-no-notices-new","$v":"Geen kennisgewing"},{"$i":"attentionScreen-tapToShow","$v":"Tik om te wys"},{"$i":"camera","$v":"Kamera"},{"$i":"kai-dflt-value-level","$v":"Stel waardevlak"},{"$i":"kai-dflt-range-value-name","$v":"Vlak"},{"$i":"newVoicemails","$v":{"few":[{"t":"idOrVar","v":"n"}," nuwe stemposse"],"many":[{"t":"idOrVar","v":"n"}," nuwe stemposse"],"one":"Een nuwe stempos","other":[{"t":"idOrVar","v":"n"}," nuwe stemposse"],"two":[{"t":"idOrVar","v":"n"}," nuwe stemposse"],"zero":"Geen nuwe stempos"},"$x":[{"t":"idOrVar","v":"plural"},"n"]},{"$i":"newVoicemailsUnknown","$v":"Nuwe stempos"},{"$i":"dialNumber","$v":["Bel ",{"t":"idOrVar","v":"number"}]},{"$i":"voicemailNotificationMultiSim","$v":["(SIM ",{"t":"idOrVar","v":"n"},") ",{"t":"idOrVar","v":"title"}]},{"$i":"euRoamingNotificationTitle","$v":"EU internet opgespoor"},{"$i":"euRoamingNotificationMsg","$v":"Tik om te verander."},{"$i":"restart","$v":"Herbegin"},{"$i":"power","$v":"Skakel af"},{"$i":"lock","$v":"Sluit"},{"$i":"cleanup","$v":"Maak geheue leeg"},{"$i":"no-recent-app-windows","$v":"Jou onlangse toepassingvensters kom hier te voorskyn"},{"$i":"no-recent-browser-windows","$v":"Jou onlangse blaaiervensters kom hier te voorskyn"},{"$i":"closeCard","ariaLabel":"Maak toe"},{"$i":"openCard","ariaLabel":"Maak oop"},{"$i":"yes","$v":"Ja"},{"$i":"no","$v":"Nee"},{"$i":"dontallow","$v":"Moenie toelaat nie"},{"$i":"allow","$v":"Laat toe"},{"$i":"dontshare-geolocation","$v":"Moenie Deel nie"},{"$i":"share-geolocation","$v":"Deel"},{"$i":"dontshare-audio-capture","$v":"Moenie Deel nie"},{"$i":"share-audio-capture","$v":"Deel"},{"$i":"dontshare-video-capture","$v":"Moenie Deel nie"},{"$i":"share-video-capture","$v":"Deel"},{"$i":"dontshare-media-capture","$v":"Moenie Deel nie"},{"$i":"share-media-capture","$v":"Deel"},{"$i":"device-front","$v":"Voorste kamera"},{"$i":"device-back","$v":"Agterste Kamera"},{"$i":"front-camera","$v":"Voorste kamera"},{"$i":"back-camera","$v":"Agterste kamera"},{"$i":"more-info","$v":"Meer inligting"},{"$i":"hide-info","$v":"Versteek inligting"},{"$i":"install-app","$v":["Installeer ",{"t":"idOrVar","v":"name"},"?"]},{"$i":"size","$v":"Grootte"},{"$i":"author","$v":"Outeur"},{"$i":"size-unknown","$v":"Onbekend"},{"$i":"author-unknown","$v":"Onbekend"},{"$i":"install","$v":"Installeer"},{"$i":"bytes","$v":"grepe"},{"$i":"kB","$v":"KB"},{"$i":"MB","$v":"MG"},{"$i":"GB","$v":"GB"},{"$i":"TB","$v":"TB"},{"$i":"PB","$v":"PB"},{"$i":"app-install-generic-error","$v":[{"t":"idOrVar","v":"appName"}," aflaai het gestop"]},{"$i":"app-install-download-failed","$v":[{"t":"idOrVar","v":"appName"}," aflaai het misluk"]},{"$i":"app-install-install-failed","$v":[{"t":"idOrVar","v":"appName"}," installering het misluk"]},{"$i":"cancelling-will-not-refund","$v":"Kansellasie sal nie ‘n aankoop terugbetaal nie. Terugbetalings vir betaalde inhoud word deur die oorspronklike verkoper verskaf."},{"$i":"apps-can-be-installed-later","$v":"Toepassings kan later van die oorspronklike installeringsbron geïnstalleer word."},{"$i":"are-you-sure-you-want-to-cancel","$v":"Is jy seker jy wil hierdie installering kanselleer?"},{"$i":"cancel-install","$v":"Kanselleer Installering"},{"$i":"cancel-install-button","$v":"Kanselleer Installering"},{"$i":"resume","$v":"Hervat"},{"$i":"continue","$v":"Gaan voort"},{"$i":"stopDownloading","$v":["Stop aflaai ",{"t":"idOrVar","v":"app"},"?"]},{"$i":"app-download-can-be-restarted","$v":"Die aflaai kan later weer begin word."},{"$i":"app-download-stop-button","$v":"Stop Aflaai"},{"$i":"not-enough-space","$v":"Nie genoeg spasie nie"},{"$i":"not-enough-space-message","$v":"Daar is nie genoeg plek om hierdie toepassing te installeer nie. Maak spasie deur ou toepassings of media te skrap of probeer om dit weer te installeer vanaf die oorspronklike bron."},{"$i":"app-install-success","$v":[{"t":"idOrVar","v":"appName"}," geïnstalleer"]},{"$i":"app-install-update","$v":[{"t":"idOrVar","v":"appName"}," Bygewerk"]},{"$i":"langpack-install-success2","$v":[{"t":"idOrVar","v":"appName"}," geïnstalleer. Gaan na Instellings > Taal om dit te aktiveer."]},{"$i":"setup","$v":"Opstelling"},{"$i":"ime-addkeyboards","$v":"Voeg sleutelbord by"},{"$i":"ime-lowercase","$v":"Kleinletters"},{"$i":"ime-uppercase","$v":"Hoofletters"},{"$i":"ime-number","$v":"Nommer"},{"$i":"ime-capitalize","$v":"Hoofletters"},{"$i":"ime-t9","$v":"T9"},{"$i":"ime-r9","$v":"R9"},{"$i":"ime-predictive","$v":"Voorspellend"},{"$i":"ime-insert-word","$v":"Voeg woord in"},{"$i":"ime-voice-input-messsage","$v":"Lang druk OK om in teksveld te praat."},{"$i":"later","$v":"Later"},{"$i":"download","$v":"Laai af"},{"$i":"wantToDownload","$v":"Laai bywerking nou af?"},{"$i":"wantToInstallNow","$v":"Wil jy die bywerking nou aflaai? Jy sal nie in staat wees om jou foon vir ‘n paar minute te gebruik nie."},{"$i":"installNow","$v":"Installeer nou"},{"$i":"notNow","$v":"Nie nou nie"},{"$i":"downloadingUpdateMessage","innerHTML":{"$o":["Laai bywerkings af <span> ",{"t":"idOrVar","v":"progress"}," afgelaai.</span>"]}},{"$i":"downloadingAppMessage","$v":["Laai ",{"t":"idOrVar","v":"appName"}," af"]},{"$i":"downloadingAppProgressNoMax","$v":[{"t":"idOrVar","v":"progress"}," afgelaai"]},{"$i":"downloadingAppProgressIndeterminate","$v":"Laai af"},{"$i":"downloadingAppProgress","$v":[{"t":"idOrVar","v":"progress"}," / ",{"t":"idOrVar","v":"max"}," afgelaai"]},{"$i":"cancelAllDownloads","$v":"Kanselleer alle aflaaie"},{"$i":"wantToCancelAll","$v":"Is jy seker jy wil alle aflaaie kanselleer?"},{"$i":"downloadError","$v":"Daar was ‘n fout terwyl die bywerkings afgelaai is."},{"$i":"updateAvailableInfo","innerHTML":{"$x":[{"t":"idOrVar","v":"plural"},"n"],"$v":{"few":{"$o":[{"t":"idOrVar","v":"n"}," bywerkings beskikbaar. <Span> Tik vir meer inligting. </span>"]},"many":{"$o":[{"t":"idOrVar","v":"n"}," bywerkings beskikbaar. <Span> Tik vir meer inligting. </span>"]},"one":{"$o":[{"t":"idOrVar","v":"n"}," bywerkings beskikbaar. <Span> Tik vir meer inligting. </span>"]},"other":{"$o":[{"t":"idOrVar","v":"n"}," bywerkings beskikbaar. <Span> Tik vir meer inligting. </span>"]},"two":{"$o":[{"t":"idOrVar","v":"n"}," bywerkings beskikbaar. <Span> Tik vir meer inligting. </span>"]}}}},{"$i":"numberOfUpdates","$v":{"few":[{"t":"idOrVar","v":"n"}," Kennisgewings"],"many":[{"t":"idOrVar","v":"n"}," Kennisgewings"],"one":[{"t":"idOrVar","v":"n"}," Kennisgewings"],"other":[{"t":"idOrVar","v":"n"}," Kennisgewings"],"two":[{"t":"idOrVar","v":"n"}," Kennisgewings"]},"$x":[{"t":"idOrVar","v":"plural"},"n"]},{"$i":"systemUpdate","$v":"Stelselbywerking"},{"$i":"systemUpdateReady","$v":"Stelselbywerking gereed"},{"$i":"updates","$v":"Bywerkings"},{"$i":"systemUpdateLowBatteryThreshold","$v":["Jy benodig ten minste ",{"t":"idOrVar","v":"threshold"},"% batteryvlak om die bywerking te installeer."]},{"$i":"required","$v":"Vereis"},{"$i":"uncompressingMessage","innerHTML":{"$o":"Ontpak <span> Dit mag ‘n paar minute neem. </span>"}},{"$i":"downloadWifiPrioritizedUsing2G","$v":"Bywerkings word afgelaai via dataverbinding wanneer WIFI onbeskikbaar is. Wanneer dataverbinding gebruik word, mag telefoonoproepe geblok word en bykomende kostes van toepassing wees."},{"$i":"downloadWifiPrioritized3","$v":"Bywerkings word afgelaai via dataverbinding wanneer WIFI onbeskikbaar is. Wanneer dataverbinding gebruik word, mag bykomende kostes van toepassing wees."},{"$i":"downloadNoWifiWarning","$v":"WIFI onbeskikbaar. Bywerking bo-oor huidige konneksie mag bykomende kostes tot gevolg hê."},{"$i":"downloadOfflineWarning2","$v":"Koppel aan ‘n netwerk om bywerkings af te laai."},{"$i":"downloadUpdatesViaDataConnection","$v":"Laai bywerkings af via dataverbinding?"},{"$i":"downloadUpdatesVia2GForbidden3","$v":"Aflaai van bywerkings is nie moontlik op stadige konneksies (2G). Koppel asseblief via WIFI of 3G (indien beskikbaar) en probeer weer."},{"$i":"downloadUpdatesViaDataConnectionMessage3","$v":"Wanneer ‘n dataverbinding gebruik word mag bykomende kostes van toepassing wees. Wil jy voortgaan?"},{"$i":"downloadUpdatesViaDataRoamingConnection","$v":"Laai bywerkings via dataswerwing af?"},{"$i":"downloadUpdatesViaDataRoamingConnectionMessage","$v":"Jy is tans besig om te swerf en bykomende kostes mag van toepassing wees. Wil jy voortgaan?"},{"$i":"screenshotSaved","$v":"Kiekie in Galery gestoor"},{"$i":"screenshotFailed","$v":"Die kiekie kon nie gestoor word nie"},{"$i":"screenshotNoSDCard","$v":"Geen geheuekaart gevind nie"},{"$i":"screenshotSDCardInUse","$v":"Geheuekaart is in gebruik"},{"$i":"screenshotSDCardLow","$v":"Nie genoeg spasie op geheuekaart"},{"$i":"emergency-call-button","$v":"Noodoproep"},{"$i":"emergency-call","$v":"Nood"},{"$i":"unlock-a11y-button","ariaLabel":"Ontgrendel"},{"$i":"camera-a11y-button","ariaLabel":"Kamera"},{"$i":"longDateFormat","$v":"%A, %B %e"},{"$i":"clockDateFormat","$v":"%a, %e %b"},{"$i":"panel-passcode","ariaLabel":"Wagkode paneel"},{"$i":"open-notification","$v":"Oopgemaak"},{"$i":"unlock","$v":"Ontsluit"},{"$i":"login","$v":"Teken aan"},{"$i":"sign-in-to-website","$v":"Teken aan op webwerf"},{"$i":"username","$v":"Gebruikersnaam"},{"$i":"password","$v":"Wagwoord"},{"$i":"show-password","$v":"Wys wagwoord"},{"$i":"http-authentication-message2","$v":["Die webwerf ",{"t":"idOrVar","v":"host"},"vereis dat jy aanteken."]},{"$i":"error-message","$v":[{"t":"idOrVar","v":"name"}," laai nie behoorlik nie"]},{"$i":"error-title","$v":[{"t":"idOrVar","v":"name"}," ondervind probleme"]},{"$i":"unable-to-connect","$v":"Kan nie verbind nie"},{"$i":"tap-to-check-settings","$v":"Tik om instellings na te gaan"},{"$i":"set","$v":"Stel"},{"$i":"delete-title","$v":["Skrap ",{"t":"idOrVar","v":"name"}]},{"$i":"delete-body","$v":[{"t":"idOrVar","v":"name"}," en al sy data sal geskrap word."]},{"$i":"delete","$v":"Deïnstalleer"},{"$i":"delete-desc","$v":"Is jy seker jy wil dit deïnstalleer?"},{"$i":"unrecoverable-error-title","$v":"Verwyder Toepassing"},{"$i":"unrecoverable-error-body","$v":"Kan nie toepassing installeer weens ‘n onherwinbare fout. Probeer asseblief weer aflaai. Die toepassing sal verwyder word."},{"$i":"unrecoverable-error-action","$v":"Goed"},{"$i":"instant-settings","$v":"Onmiddelike instellings"},{"$i":"settings","$v":"Instellings"},{"$i":"flashlight","$v":"Flitslig"},{"$i":"brightness","$v":"Helderheid"},{"$i":"volume","$v":"Volume"},{"$i":"calculator","$v":"Sakrekenaar"},{"$i":"airplane-mode","$v":"Vliegtuigmodus"},{"$i":"wifi","$v":"WIFI"},{"$i":"bluetooth","$v":"Bluetooth"},{"$i":"cellular-data","$v":"Sellulêre Data"},{"$i":"on","$v":"Aan"},{"$i":"off","$v":"Af"},{"$i":"percentage-number","$v":[{"t":"idOrVar","v":"number"},"%"]},{"$i":"select-time","$v":"Kies Tyd"},{"$i":"select-date","$v":"Kies Datum"},{"$i":"battery-almost-empty-plug-in-your-charger","$v":"Jou battery is laag. Prop asseblief jou laaier in."},{"$i":"battery-temperature-warning-header","$v":"Waarskuwing"},{"$i":"battery-temperature-high","$v":"Temperatuur is te hoog. Foon sal afskakel as temperatuur bly styg."},{"$i":"battery-temperature-high-stop-charging","$v":"Termperatuur is te hoog. Battery het ophou laai. Foon sal afskakel as temperatuur bly styg."},{"$i":"battery-temperature-low","$v":"Temperatuur is te laag. Foon sal afskakel as temperatuur bly verlaag."},{"$i":"battery-temperature-low-stop-charging","$v":"Temperatuur is te laag. Battery het ophou laai. Foon sal afskakel as temperatuur bly verlaag."},{"$i":"crash-dialog2-os","$v":[{"t":"idOrVar","v":"brandShortName"}," het nou net van ‘n ineenstorting herstel"]},{"$i":"crash-dialog-app","$v":[{"t":"idOrVar","v":"name"}," het ineengestort"]},{"$i":"crash-dialog-app-noname","$v":"Iets"},{"$i":"crash-dialog-message","$v":"Wil jy graag vir KaiOS ‘n verslag stuur oor die ineenstorting om ons te help om die probleem reg te stel? (Verslae word slegs oor WIFI gestuur.)"},{"$i":"crash-info-link","$v":"Wat is in ‘n ineenstortingsverslag?"},{"$i":"crash-always-report","$v":"Stuur altyd vir KaiOS ‘n verslag wanneer ‘n ineenstorting plaasvind."},{"$i":"crash-dont-send","$v":"Moenie stuur nie"},{"$i":"crash-end","$v":"Stuur Verslag"},{"$i":"crashReports","$v":"Ineenstortingsverslae"},{"$i":"done","$v":"Klaar"},{"$i":"crash-reports-description-1","$v":"‘n Ineenstortingsverslag bevat sommige besonderhede van die ineenstorting en jou toestel, sowel as ‘n foto van die toestand van jou toestel toe dit ineengestort het."},{"$i":"crash-reports-description-2","$v":"Dit mag dinge soos oop bladsye en toepassings, teks wat in vorms getik is en die inhoud van oop boodskappe, onlangse blaaigeskiedenis, of geoligging wat deur ‘n oop toepassing gebruik word, insluit."},{"$i":"crash-reports-description-3-start","$v":"Ons gebruik ineenstortingsverslae om te probeer om probleme reg te maak en ons produkte te verbeter. Ons hanteer jou inligting soos in ons o\\20"},{"$i":"crash-reports-description-3-privacy","$v":"privaatheidsbeleid"},{"$i":"crash-reports-description-3-end","$v":"."},{"$i":"crash-banner-os2","$v":[{"t":"idOrVar","v":"brandShortName"}," het ineengestort."]},{"$i":"crash-banner-app","$v":[{"t":"idOrVar","v":"name"}," het ineengestort."]},{"$i":"crash-banner-report","$v":"Verslag"},{"$i":"bluetooth-sending-progress","$v":"Stuur lêer via Bluetooth"},{"$i":"bluetooth-receiving-progress","$v":"Ontvang lêer via Bluetooth"},{"$i":"acceptFileTransfer","$v":"Oordrag Versoek"},{"$i":"requestToReceive","$v":[{"t":"idOrVar","v":"deviceName"}," wil graag lêer(s) oordra. Wil jy aanvaar?"]},{"$i":"wantToReceiveFile","$v":[{"t":"idOrVar","v":"deviceName"}," wil graag ",{"t":"idOrVar","v":"fileName"}," (",{"t":"idOrVar","v":"fileSize"},") oordra."]},{"$i":"transfer-confirmation-title","$v":[{"t":"idOrVar","v":"deviceName"}]},{"$i":"transfer-confirmation-description","$v":"Hersien oordragversoek."},{"$i":"byteUnit-B","$v":"B"},{"$i":"byteUnit-KB","$v":"KB"},{"$i":"byteUnit-MB","$v":"MG"},{"$i":"byteUnit-GB","$v":"GB"},{"$i":"byteUnit-TB","$v":"TB"},{"$i":"byteUnit-PB","$v":"PB"},{"$i":"byteUnit-EB","$v":"EB"},{"$i":"byteUnit-ZB","$v":"ZB"},{"$i":"byteUnit-YB","$v":"YB"},{"$i":"fileSize","$v":[{"t":"idOrVar","v":"size"}," ",{"t":"idOrVar","v":"unit"}]},{"$i":"deny","$v":"Weier"},{"$i":"transfer","$v":"Plaas oor"},{"$i":"accept","$v":"Aanvaar"},{"$i":"stop","$v":"Stop"},{"$i":"cancelFileTransfer","$v":"Kanselleer Bluetooth lêeroordrag?"},{"$i":"continueFileTransfer","$v":"Gaan voort"},{"$i":"transfer-has-started-title","$v":"Lêeroordrag is reg om te begin"},{"$i":"transfer-has-started-description","$v":"Wag vir bevestiging"},{"$i":"transfer-has-started-toast","$v":"Lêeroordrag het begin. Gaan die vordering in Kennisgewings na."},{"$i":"transferFinished-sentSuccessful-title","$v":"Lêer is gestuur"},{"$i":"transferFinished-receivedSuccessful-title","$v":"Lêer is ontvang"},{"$i":"transferFinished-failed-title","$v":"Lêeroordrag het misluk"},{"$i":"transferFinished-try-again-description","$v":"Kan nie dadelik die lêer stuur nie. Probeer asseblief later weer."},{"$i":"transferReport-title","$v":"Oordrag verslag:"},{"$i":"transferReport-description","$v":[{"t":"idOrVar","v":"numSuccessful"}," suksesvolle lêers, ",{"t":"idOrVar","v":"numUnsuccessful"}," onsuksesvolle lêers"]},{"$i":"unknown-file","$v":"Onbekende lêer"},{"$i":"unknown-device","$v":"Onbekende toestel"},{"$i":"cannotOpenFile","$v":"Kan nie ontvangde lêer oopmaak nie"},{"$i":"unknownMediaTypeToOpenFile","$v":["Kan nie onbekende mediatipe oopmaak nie: ",{"t":"idOrVar","v":"fileName"}]},{"$i":"cannotReceiveFile","$v":"Kan nie lêer ontvang nie"},{"$i":"cannotGetStorageState","$v":"Kan nie toestel se bergingtoestand kry nie."},{"$i":"sdcard-not-exist2","$v":"Geen geheuekaart gevind nie. Sit asseblief ‘n geheuekaart in."},{"$i":"sdcard-in-use","$v":"Bluetooth kan nie gebruik word terwyl die foon ingeprop is nie. Prop asseblief die foon uit om die lêer(s) te ontvang."},{"$i":"sdcard-no-space2","$v":"Kan nie oordrag voltooi: geheuekaart is vol."},{"$i":"unknown-error","$v":"Onbekende fout"},{"$i":"confirm","$v":"Bevestig"},{"$i":"stopTransferTitle","$v":"Beëindig Leêr Oorplasing"},{"$i":"stopTransferContent","$v":"Wil jy leêr oorplasing via Bluetooth beëindig?"},{"$i":"storage","$v":"Berging"},{"$i":"sdcard-detected-title","$v":"SD-kaart bespeur."},{"$i":"no-sdcard-title","$v":"Geen SD-kaart nie"},{"$i":"sdcard-total-size-body","$v":["Totale grootte: ",{"t":"idOrVar","v":"size"}," ",{"t":"idOrVar","v":"unit"}]},{"$i":"sdcard-unknown-size-then-tap-to-format-body","$v":"Onbekende grootte, tik om te formateer"},{"$i":"sdcard-removed-title","$v":"SD-kaart verwyder"},{"$i":"sdcard-removed-ejected-successfully","$v":"Suksesvol uitgestoot"},{"$i":"sdcard-removed-not-ejected-properly","$v":"Nie behoorlik uitgestoot nie"},{"$i":"set-sdcard-as-default-media-location","$v":"SD-kaart opgespoor. Stel SD-kaart op as verstek medialigging?"},{"$i":"no-sdcard-content","$v":"Steek ’n SD-kaart in vir meer ruimte."},{"$i":"sim-confirmation-content","$v":["Mobiele data toegeken aan SIM",{"t":"idOrVar","v":"n"},"."]},{"$i":"sim-confirmation-title","$v":"SIM-kaarte verander"},{"$i":"sim-confirmation-notice-title","$v":"SIM-kaarte verander"},{"$i":"sim-confirmation-notice","$v":"Kies om besonderhede te sien."},{"$i":"sim-hot-plug","$v":"Foon sal herbegin word."},{"$i":"sim-hot-plug-empty","$v":"Foon sal herbegin word, aangesien SIM-kaarte uitgetrek is."},{"$i":"sim-hot-plug-empty-confirm","$v":"Maak asseblief seker die SIM-kaart is heeltemal uitgehaal en druk dan OK om te herbegin."},{"$i":"noSimCard","$v":"Geen SIM-kaart nie"},{"$i":"lockedSim","$v":"SIM gesluit"},{"$i":"noService","$v":"Geen diens nie"},{"$i":"eccOnly","$v":"Emergency calls only"},{"$i":"nocard-eccOnly","$v":"No SIM card-Emergency calls only"},{"$i":"unusablecard-eccOnly","$v":"Unusable SIM card-Emergency calls only"},{"$i":"searching","$v":"Soek tans…"},{"$i":"simPin","$v":"SIM PIN"},{"$i":"pukCode","$v":"POK-kode"},{"$i":"nckCode","$v":"NCK-kode"},{"$i":"cckCode","$v":"CCK-kode"},{"$i":"spckCode","$v":"SPCK-kode"},{"$i":"nck1code","$v":"NCK1-kode"},{"$i":"nck2code","$v":"NCK-kode"},{"$i":"hnckcode","$v":"HNCK-kode"},{"$i":"rcckcode","$v":"RCCK-kode"},{"$i":"rspckcode","$v":"RSPCK-kode"},{"$i":"ncklockContent","$v":["Gleuf",{"t":"idOrVar","v":"n"}," is nck-gesluit."]},{"$i":"whatIsSimPin","$v":"Wat is ‘n SIM PIN?"},{"$i":"simPinIntro1","$v":"‘n SIM PIN voorkom toegang tot die SIM-kaart sellulêre datanetwerke. Wanneer dit geaktiveer is sal enige toestel wat die SIM-kaart bevat die PIN versoek wanneer dit weer begin."},{"$i":"simPinIntro2","$v":"‘n SIM PIN is nie dieselfde as die wagkode wat gebruik word om die toestel te ontsluit nie."},{"$i":"changeSimPin","$v":"Verander PIN"},{"$i":"pinTitle","$v":"Voer SIM PIN in"},{"$i":"multiSIMpinTitle","$v":["Voer SIM",{"t":"idOrVar","v":"n"}," PIN in"]},{"$i":"multiSIMpukTitle","$v":["Voer SIM",{"t":"idOrVar","v":"n"}," PUK in"]},{"$i":"multiSIMnckTitle","$v":["Voer NCK",{"t":"idOrVar","v":"n"},"-kode in"]},{"$i":"multiSIMxckTitle","$v":["Voer SIM",{"t":"idOrVar","v":"n"}," ",{"t":"idOrVar","v":"type"}," in"]},{"$i":"xckTitle","$v":["Voer ",{"t":"idOrVar","v":"type"},"-kode in"]},{"$i":"xckCode","$v":[{"t":"idOrVar","v":"type"}," kode"]},{"$i":"xckBlocked","$v":[{"t":"idOrVar","v":"type"}," geblokkeer"]},{"$i":"pukTitle","$v":"Voer POK-kode in"},{"$i":"nckTitle","$v":"Voer PIN-kode in"},{"$i":"cckTitle","$v":"Voer CCK-kode in"},{"$i":"spckTitle","$v":"Voer SPCK-kode in"},{"$i":"nck1Title","$v":"Voer NCK1-kode in"},{"$i":"nck2Title","$v":"Voer NCK2-kode in"},{"$i":"hnckTitle","$v":"Voer HNCK-kode in"},{"$i":"rcckTitle","$v":"Voer RCCK-kode in"},{"$i":"rspckTitle","$v":"Voer RSPCK-kode in"},{"$i":"newpinTitle","$v":"Nuwe PIN"},{"$i":"inputCodeRetriesLeft","$v":{"few":[{"t":"idOrVar","v":"n"}," probeerslae oor."],"many":[{"t":"idOrVar","v":"n"}," probeerslae oor."],"one":"1 probeerslag oor","other":[{"t":"idOrVar","v":"n"}," probeerslae oor."],"two":[{"t":"idOrVar","v":"n"}," probeerslae oor."]},"$x":[{"t":"idOrVar","v":"plural"},"n"]},{"$i":"pinErrorMsg","$v":"Verkeerde PIN"},{"$i":"pinAttemptMsg2","$v":{"few":["Jy het ",{"t":"idOrVar","v":"n"}," probeerslae oor om die korrekte kode in te voer voordat die SIM-kaart gesluit word."],"many":["Jy het ",{"t":"idOrVar","v":"n"}," probeerslae oor om die korrekte kode in te voer voordat die SIM-kaart gesluit word."],"one":"Jy het een probeerslag oor om die korrekte kode in te voer voor die SIM-kaart gesluit word.","other":["Jy het ",{"t":"idOrVar","v":"n"}," probeerslae oor om die korrekte kode in te voer voordat die SIM-kaart gesluit word."],"two":["Jy het ",{"t":"idOrVar","v":"n"}," probeerslae oor om die korrekte kode in te voer voordat die SIM-kaart gesluit word."]},"$x":[{"t":"idOrVar","v":"plural"},"n"]},{"$i":"pinLastChanceMsg","$v":"Hierdie is jou laaste kans om die korrekte PIN in te voer. Anders moet jy die POK-kode invoer om hierdie SIM-kaart te gebruik."},{"$i":"simCardLockedMsg","$v":"Die SIM-kaart is gesluit."},{"$i":"enterPukMsg","$v":"Jy moet die Persoonlike Ontsluitingssleutel (POK)kode vir die SIM-kaart invoer. Verwys na jou SIM-kaart dokumentasie of kontak jou draer vir meer inligting."},{"$i":"pukErrorMsg","$v":"Verkeerde POK."},{"$i":"pukAttemptMsg2","$v":{"few":["Jy het ",{"t":"idOrVar","v":"n"}," probeerslae oor om die korrekte kode in te voer voodat hierdie SIM-kaart permanent onbruikbaar word. Verwys na jou SIM-kaart dokumentasie of kontak jou draer vir meer inligting."],"many":["Jy het ",{"t":"idOrVar","v":"n"}," probeerslae oor om die korrekte kode in te voer voodat hierdie SIM-kaart permanent onbruikbaar word. Verwys na jou SIM-kaart dokumentasie of kontak jou draer vir meer inligting."],"one":"Jy het een probeerslag oor om die korrekte kode in te voer voordat hierdie SIM-kaart permanent onbruikbaar word. Verwys na jou SIM-kaart dokumentasie of kontak jou draer vir meer inligting.","other":["Jy het ",{"t":"idOrVar","v":"n"}," probeerslae oor om die korrekte kode in te voer voodat hierdie SIM-kaart permanent onbruikbaar word. Verwys na jou SIM-kaart dokumentasie of kontak jou draer vir meer inligting."],"two":["Jy het ",{"t":"idOrVar","v":"n"}," probeerslae oor om die korrekte kode in te voer voodat hierdie SIM-kaart permanent onbruikbaar word. Verwys na jou SIM-kaart dokumentasie of kontak jou draer vir meer inligting."]},"$x":[{"t":"idOrVar","v":"plural"},"n"]},{"$i":"pukLastChanceMsg","$v":"Laaste kans om die korrekte POK-kode in te voer. Jou SIM-kaart sal permanent onbruikbaar wees as jy die verkeerde POK-kode invoer. Verwys na jou SIM-kaart dokumentasie of kontak jou draer vir meer inligting."},{"$i":"cardPermanentlyLockMsg-head","$v":"Verkeerde POK."},{"$i":"cardPermanentlyLockMsg-body","$v":"Jou SIM-kaart is permanent gesluit. Kontak jou draer vir meer inligting."},{"$i":"newSimPinMsg","$v":"Skep PIN (moet 4 tot 8 syfers wees)"},{"$i":"confirmNewSimPinMsg","$v":"Bevestig nuwe PIN"},{"$i":"newPinErrorMsg","$v":"PIN’s stem nie ooreen nie."},{"$i":"nckErrorMsg","$v":"Die NCK-kode is verkeerd."},{"$i":"nckAttemptMsg2","$v":{"few":["Netwerk depersonalisasie versoek mislukking. Jy het ",{"t":"idOrVar","v":"n"}," probeerslae oor om die korrekte kode in te voer. Verwys na jou toesteldokumentasie of kontak jou draer vir meer inligting."],"many":["Netwerk depersonalisasie versoek mislukking. Jy het ",{"t":"idOrVar","v":"n"}," probeerslae oor om die korrekte kode in te voer. Verwys na jou toesteldokumentasie of kontak jou draer vir meer inligting."],"one":"Netwerk depersonalisasie versoek mislukking. Jy het een probeerslag oor om die korrekte kode in te voer. Verwys na jou toesteldokumentasie of kontak jou draer vir meer inligting.","other":["Netwerk depersonalisasie versoek mislukking. Jy het ",{"t":"idOrVar","v":"n"}," probeerslae oor om die korrekte kode in te voer. Verwys na jou toesteldokumentasie of kontak jou draer vir meer inligting."],"two":["Netwerk depersonalisasie versoek mislukking. Jy het ",{"t":"idOrVar","v":"n"}," probeerslae oor om die korrekte kode in te voer. Verwys na jou toesteldokumentasie of kontak jou draer vir meer inligting."]},"$x":[{"t":"idOrVar","v":"plural"},"n"]},{"$i":"nckLastChanceMsg","$v":"Netwerk depersonalisasie versoek mislukking. Laaste kans om die korrekte NCK-kode in te voer. Verwys na jou toesteldokumentasie of kontak jou draer vir meer inligting."},{"$i":"sim-attention-header","$v":"SIM gesluit"},{"$i":"multiSIM-attention-header","$v":["SIM ",{"t":"idOrVar","v":"n"}," gesluit"]},{"$i":"sim-attention-head","$v":"SIM-kaart is gesluit."},{"$i":"sim-attention-body","$v":"Wil jy die POK-kode invoer om die SIM-kaart te onsluit?"},{"$i":"enter-puk-rsk","$v":"Voer PUK in"},{"$i":"verify-rsk","$v":"Klaar"},{"$i":"activity-pick","$v":"Kies van"},{"$i":"activity-view","$v":"Kyk met"},{"$i":"activity-test","$v":"Toets met"},{"$i":"activity-share","$v":"Deel"},{"$i":"activity-new","$v":"Skep met"},{"$i":"activity-open","$v":"Maak oop met"},{"$i":"activity-save-bookmark","$v":"Boekmerk na"},{"$i":"activity-record","$v":"Neem op van"},{"$i":"activity-browse","$v":"Blaai met"},{"$i":"activity-configure","$v":"Stel in met"},{"$i":"activity-dial","$v":"Skakel vanaf"},{"$i":"remoteDebuggerMessage","$v":"‘n Inkomende versoek om afgeleë ontfoutingsverbidning toe te laat is opgespoor. Laat verbinding toe?"},{"$i":"captive-wifi-available","$v":["Die netwerk ",{"t":"idOrVar","v":"networkName"}," was gevind. Sluit aan by netwerk?"]},{"$i":"ceWarningtitle","$v":"Volume waarskuwing"},{"$i":"ceWarningcontent","$v":"Om moontlike gehoorskade te voorkom, moet jy nie langdurig teen hoë volumevlakke luister nie."},{"$i":"is-volume-type-notification","$v":"Luitone en Waarskuwings"},{"$i":"is-volume-type-telephony","$v":"Volume"},{"$i":"is-volume-type-alarm","$v":"Alarm"},{"$i":"is-volume-type-content","$v":"Media"},{"$i":"kai-volume-type-notification","$v":{"$o":"LUITONE & WAARSKUWINGS"}},{"$i":"kai-volume-type-telephony","$v":"VOLUME"},{"$i":"volume-type-alarm","$v":"Alarm"},{"$i":"volume-type-content","$v":"Media"},{"$i":"vibrate-only","$v":"Vibreer alleenlik"},{"$i":"silent","$v":"Stil"},{"$i":"vibrate-on","$v":"Vibreer:Aan"},{"$i":"vibrate-off","$v":"Vibreer:Af"},{"$i":"vibrate","$v":"Vibreer"},{"$i":"kai-volume","$v":["Volume: ",{"t":"idOrVar","v":"n"},"/",{"t":"idOrVar","v":"c"}]},{"$i":"notification-powersaving-mode-on-title","$v":"Kragbesparingmodus"},{"$i":"notification-powersaving-mode-on-description","$v":"Kragbesparingsmodus is aan."},{"$i":"low-device-storage","$v":"Toestelspasie laag. \\n"},{"$i":"storage-alert","$v":"Bergingswaarskuwing"},{"$i":"phone-almost-full","$v":"Foon byna vol."},{"$i":"free-space","$v":{"few":["Minder as ",{"t":"idOrVar","v":"value"}," ",{"t":"idOrVar","v":"unit"}," wat oorbly."],"many":["Minder as ",{"t":"idOrVar","v":"value"}," ",{"t":"idOrVar","v":"unit"}," wat oorbly."],"one":["Minder as ",{"t":"idOrVar","v":"value"}," ",{"t":"idOrVar","v":"unit"}," wat oorbly."],"other":["Minder as ",{"t":"idOrVar","v":"value"}," ",{"t":"idOrVar","v":"unit"}," wat oorbly."],"two":["Minder as ",{"t":"idOrVar","v":"value"}," ",{"t":"idOrVar","v":"unit"}," wat oorbly."],"zero":"Geen oorblywende oop spasie."},"$x":[{"t":"idOrVar","v":"plural"},"value"]},{"$i":"unknown-free-space","$v":"Onbekende oorblywende spasie."},{"$i":"can-delete-data-to-get-space","$v":"Jy kan ‘n paar medialêers skrap of toepassingdata bestuur om meer oop spasie te kry."},{"$i":"should-delete-data-to-get-space","$v":"Jy moet sommige medialêers skrap of programdata bestuur om meer ruimte vry te maak voor jy hierdie toestel kan gebruik."},{"$i":"storage-full-level-1-title","$v":"Foon amper vol"},{"$i":"storage-full-level-2-title","$v":"Foonberging is vol."},{"$i":"delete-to-get-space","$v":"Vee media, toep-data of afgelaaide toeps uit om stoorspasie te bevry."},{"$i":"delete-to-get-space-level-2","$v":"Vee media, toep-data of afgelaaide toeps uit om stoorspasie te bevry. Andersins sal foon nie reg werk nie."},{"$i":"system-alert","$v":"Stelselwaarskuwing"},{"$i":"cb-channel","$v":["Kanaal ",{"t":"idOrVar","v":"channel"}]},{"$i":"cell-broadcast-subtitle","$v":"Seluitsending"},{"$i":"cb-etws-warningType-earthquake","$v":"Waarskuwing oor aardbewing"},{"$i":"cb-etws-warningType-tsunami","$v":"Waarskuwing oor tsoenami"},{"$i":"cb-etws-warningType-earthquake-tsunami","$v":"Waarskuwing oor aardbewing-tsoenami!"},{"$i":"cb-etws-warningType-test","$v":"Waarskuwingstelsel word getoets."},{"$i":"cb-etws-warningType-other","$v":"Noodwaarskuwing!"},{"$i":"icc-message-maintitle","$v":"Operateurboodskap"},{"$i":"icc-message-subtitle","$v":"SIM"},{"$i":"icc-confirmCall-defaultmessage","$v":["Bel ",{"t":"idOrVar","v":"number"},"?"]},{"$i":"icc-alertMessage-defaultmessage","$v":"Stuur boodskap"},{"$i":"icc-confirmMessage-defaultmessage","$v":"Stuur boodskap?"},{"$i":"icc-notification-title","$v":["SIM ",{"t":"idOrVar","v":"id"}," STK"]},{"$i":"icc-inputbox-maintitle","$v":"STK Navraag"},{"$i":"icc-inputbox-subtitle","$v":["SIM ",{"t":"idOrVar","v":"id"}]},{"$i":"emergency-callback-mode","$v":"Nood terugbelmodus"},{"$i":"emergency-callback-message","$v":"Jy kan nie oproepe maak, boodskappe stuur of aanlyn gaan nie omdat die nood terugbelmodus geaktiveer is. Wil jy dit afskakel?"},{"$i":"cdma-record-info","$v":"CDMA rekord inligting"},{"$i":"download_started","$v":"Aflaai het begin"},{"$i":"download_stopped","$v":"Aflaai het gestop"},{"$i":"download_downloading","$v":[{"t":"idOrVar","v":"percentage"},"%"]},{"$i":"download_succeeded","$v":"Aflaai voltooi"},{"$i":"download_failed","$v":"Aflaai het misluk"},{"$i":"update_succeeded","$v":"Bywerking voltooi"},{"$i":"download_text_by_default","$v":[{"t":"idOrVar","v":"name"}]},{"$i":"phone-storage-full-title","$v":"Foon se berging vol"},{"$i":"phone-storage-full-warning","$v":"Lêer kon nie afgelaai word nie. Vee media of toepassingdata uit om stoorspasie te bevry. Jy kan ook 'n SD kaart installeer om stoorspasie te vergroot."},{"$i":"sdcard-storage-full-title","$v":"SD-kaart vol"},{"$i":"sdcard-storage-full-warning","$v":"Lêer kon nie afgelaai word nie. Vee lêers op SD kaart uit om stoorspasie te bevry."},{"$i":"opt-settings","$v":"Instellings"},{"$i":"search-the-web","$v":"Deursoek die web"},{"$i":"search-or-enter-address","$v":"Soek of voer adres in","placeholder":"Soek of voer adres in"},{"$i":"search-or-enter-url","$v":"Soek of voer URL in","placeholder":"Soek of voer URL in"},{"$i":"back-button","ariaLabel":"Terug"},{"$i":"forward-button","ariaLabel":"Stuur deur"},{"$i":"reload-button","ariaLabel":"Herlaai"},{"$i":"stop-button","ariaLabel":"Stop"},{"$i":"windows-button","ariaLabel":"Wys vensters"},{"$i":"noHotspotWhenAPMisOnWifiHotspot","$v":"Skakel die vliegtuigmodus af om die WIFI-hotspot te gebruik."},{"$i":"apmActivated","$v":"Vliegtuigmodus geaktiveer"},{"$i":"save-image","$v":"Stoor beeld"},{"$i":"save-video","$v":"Stoor video"},{"$i":"save-audio","$v":"Stoor Oudio"},{"$i":"share-image","$v":"Deel Beeld"},{"$i":"share-video","$v":"Deel video"},{"$i":"share-audio","$v":"Deel Oudio"},{"$i":"kai-cancelButtonId","$v":"Kanselleer"},{"$i":"kai-not-send","$v":"Moenie stuur nie"},{"$i":"kai-send-report","$v":"Stuur Verslag"},{"$i":"refresh","$v":"Verfris"},{"$i":"goBack","$v":"Gaan terug"},{"$i":"goForward","$v":"Gaan vorentoe"},{"$i":"goToTopSites","$v":"Gaan na Top Webwerwe"},{"$i":"pinToTopSites","$v":"Pen op Top Webwerwe"},{"$i":"pinToAllApps","$v":"Merk vir alle toepassings"},{"$i":"pinToAppsMenu","$v":"Merk vir Toepassingkieslys"},{"$i":"viewMessages","$v":"Kyk Boodskappe"},{"$i":"downloadImage","$v":"Laai beeld af"},{"$i":"quit","$v":"Verlaat"},{"$i":"minimizeBrowser","$v":"Minimeer webblaaier"},{"$i":"pinSiteCompletely","$v":"Die webwerf is op Top Webwerwe vasgepen."},{"$i":"siteWasPinnedBefore","$v":"Hierdie webwerf was vroeër op Top Webwerwe vasgepen."},{"$i":"pinnedSitesOverLimit","$v":"Jy het die maksimum hoeveelheid vasgedrukde webwerwe bereik."},{"$i":"pressBackAgainToQuitBrowser","$v":"Druk weer TERUG om by die blaaier uit te gaan."},{"$i":"pressBackAgainToMinimizeBrowser","$v":"Druk weer TERUG om webblaaier te minimeer."},{"$i":"pinSiteToAllAppsCompletely","$v":"Hierdie webwerf is gemerk vir alle toepassings."},{"$i":"pinSiteToAppsMenuCompletely","$v":"Hierdie webwerf is gemerk vir die toepassingkieslys."},{"$i":"siteWasPinnedToAllAppsBefore","$v":"Hierdie webwerf was voorheen gemerk vir alle toepassings."},{"$i":"siteWasPinnedToAppsMenuBefore","$v":"Hierdie webwerf was voorheen gemerk vir die toepassingkieslys."},{"$i":"ext-bluetooth-req","$v":"Koppelversoek"},{"$i":"ext-unknown","$v":"ONBEKEND"},{"$i":"ext-new-message","$v":"Nuwe boodskap"},{"$i":"ext-new-mail","$v":"Nuwe e-pos"},{"$i":"ext-calendar-event","$v":"Kalendergebeurtenis"},{"$i":"ext-new-notification","$v":"Nuwe Kennisgewings"},{"$i":"incoming","$v":"Inkomend"},{"$i":"ext-volume-notification","$v":"Luitone en kennisgewings"},{"$i":"ext-volume-content","$v":"Media"},{"$i":"ext-volume-alarm","$v":"Alarm"},{"$i":"ext-new-cmas","$v":"Nood"},{"$i":"phone-storage-full-body","$v":"Opname van oproep gestaak. Vee media of data uit om stoorspasie te bevry."},{"$i":"sd-card-full-title","$v":"SD-kaart vol"},{"$i":"sd-card-full-body","$v":"Opname van oproep gestaak. Vee opname op SD-kaart uit om stoorspasie te bevry."},{"$i":"supl-notification-title","$v":"Ligging Versoek"},{"$i":"supl-notification-message","$v":"Jou ligging word aan die operateur oorgedra."},{"$i":"supl-verification-title","$v":"Ligging Versoek"},{"$i":"supl-verification-message","$v":"Die operateur versoek jou ligging. Wil jy jou liggingsinligting aan die operateur verskaf?"},{"$i":"supl-verification-message-for-notification","$v":"Klik hier om te bevestig"},{"$i":"supl-verification-confirm","$v":"Ja"},{"$i":"supl-verification-cancel","$v":"Nee"},{"$i":"supl-more-message","$v":["Boodskap: ",{"t":"idOrVar","v":"id"}," (",{"t":"idOrVar","v":"message"},")"]},{"$i":"confirmPbapMsg","$v":[{"t":"idOrVar","v":"deviceId"}," wil toegang verkry tot jou kontakte en oproep-geskiedenis. Wil jy aanvaar?"]},{"$i":"confirmTitle","$v":"Bluetooth Versoek"},{"$i":"initialValue","$v":"Voer sessiesleutel in"},{"$i":"confirmMapMsg","$v":[{"t":"idOrVar","v":"deviceId"}," wil toegang verkry tot jou boodskappe. Wil jy aanvaar?"]},{"$i":"wifiCallErrorMsg","$v":["WIFI oproepfout: ",{"t":"idOrVar","v":"error"}]},{"$i":"wifiCallMissEccTitle","$v":[{"t":"idOrVar","v":"operator"}," WiFi Calling"]},{"$i":"wifiCallMissEccMsg","$v":"Emergency calls in areas with cellular coverage only"},{"$i":"battery-full-title","$v":"Battery vol"},{"$i":"battery-full-body","$v":"Battery is ten volle gelaai."},{"$i":"sim-config-title","$v":"Instellings"},{"$i":"sim-config-content-init","$v":["Druk BEGIN om jou foon vir ",{"t":"idOrVar","v":"carrier"}," in te stel."]},{"$i":"sim-config-content-change","$v":["Wil jy jou foon vir ",{"t":"idOrVar","v":"carrier"}," instel?"]},{"$i":"sim-config-content-line1","$v":"Welgedaan!"},{"$i":"sim-config-content-restart","$v":"Skakel jou foon weer aan om veranderinge aan te bring."},{"$i":"sim-config-content-finish","$v":"Druk OK om klaar te maak."},{"$i":"sim-config-content-failed","$v":["Profiel van ",{"t":"idOrVar","v":"carrier"}," kan nie gevind word nie."]},{"$i":"sim-config-button-restart","$v":"Herbegin"},{"$i":"sim-config-button-begin","$v":"Begin"},{"$i":"open-wifi-available","$v":"Oop WIFI-netwerke beskikbaar"},{"$i":"wifi-available","$v":"WIFI-netwerke beskikbaar"},{"$i":"wifi-no-internet-title","$v":"Wi-Fi get geen toegang tot internet nie"},{"$i":"wifi-no-internet-body","$v":"Opsie vir opsies"},{"$i":"wifi-no-internet-header","$v":"Wi-Fi Netwerke"},{"$i":"wifi-no-internet-content","$v":[{"t":"idOrVar","v":"name"}," het geen toegang tot die internet nie, bly gekoppel?"]},{"$i":"ellipses_char","$v":"…"},{"$i":"fota-title-attention","$v":"Aandag"},{"$i":"fota-upgrade-success","$v":["Fermware-bywerking was suksesvol. Jou toestel is nou op weergawe ",{"t":"idOrVar","v":"target"},"."]},{"$i":"fota-upgrade-failed","$v":"Opgradering het misluk. Die vorige weergawe is herstel."},{"$i":"fota-title-software-update","$v":"Sagtewarebywerking"},{"$i":"fota-message-software-update-available","$v":"Bywerking beskikbaar."},{"$i":"fota-message-software-download-failed","$v":"Aflaai het misluk."},{"$i":"fota-message-software-download-complete","$v":"Aflaai voltooi."},{"$i":"network-issue-title","$v":"Netwerkfout"},{"$i":"network-issue-detail","$v":"Gaan jou internetverbinding na."},{"$i":"device-issue-title","$v":"Installeringsfout"},{"$i":"device-issue-detail","$v":"‘n Onbekende fout het plaasgevind."},{"$i":"device-issue-update-title","$v":"Bywerkingsfout"},{"$i":"install-generic-error","$v":"Aflaai het gestop."},{"$i":"account-authenticator-invaild-grant-notice-title","$v":"Probleem met rekening"},{"$i":"account-authenticator-invaild-grant-notice-text","$v":"Teken weer aan"},{"$i":"account-authenticator-no-network-error","$v":"Geen internetverbinding nie."},{"$i":"account-authenticator-access-denied-error","$v":"‘n Onbekende fout het plaasgevind."},{"$i":"qtn_els_alert_high_vol","$v":"Hoëvolumewaarskuwing"},{"$i":"qtn_els_alert_in_call","$v":"Besig met oproep"},{"$i":"GetEmptyUssdPrompt","$v":"Nulreaksie ontvang."},{"$i":"message-sent","$v":"Boodskap gestuur."},{"$i":"send","$v":"Stuur"},{"$i":"confirmation","$v":"Bevestiging"},{"$i":"kaistore-notice-title","$v":"KaiStore"},{"$i":"kaistore-notice-content","$v":"See what’s in store."},{"$i":"feedback-dialogview-header","$v":"Terugvoer"},{"$i":"feedback-dialogview-message","$v":"Jou mening is baie waardevol vir HMD Global. Vertel ons dus wat jy van jou nuwe foon dink. As jy later aan hierdie opname wil deelneem, kan jy dit in Instellings vind."},{"$i":"dataConnection-off","$v":"Skakel mobiele data af?"},{"$i":"dataConnection-off-content","$v":"Jy sal nie enige toepassings of dienste kan gebruik wat ’n dataverbinding vereis tensy jy Wi-Fi gebruik nie."},{"$i":"turn-off-location","$v":"Skakel liggingsdiens af?"},{"$i":"turn-off-location-content","$v":"Geoliggingsdiens sal nie beskikbaar wees as jy hierdie diens afskakel nie. Jy kan wel vir mobiele data betaal as jy dit aanhou."},{"$i":"firefox-accounts-title","$v":"KaiOS Rekeninge"},{"$i":"firefox-accounts-title-sign-in","$v":"Teken aan"},{"$i":"firefox-accounts-title-create-account","$v":"Skep Rekening"},{"$i":"kaios-accounts-title-about-kaios-account","$v":"Aangaande KaiOS-Rekening"},{"$i":"kaios-accounts-phone-verification","$v":"Foon Verifikasie"},{"$i":"kaios-accounts-title-account-info","$v":"Rekeninginligting"},{"$i":"fxa-next","$v":"Volgende"},{"$i":"fxa-back","$v":"Terug"},{"$i":"fxa-done","$v":"Klaar"},{"$i":"fxa-ok","$v":"Goed"},{"$i":"kai-verification-mail-has-been-sent","$v":"‘n Verifikasieskakel is gestuur na"},{"$i":"fxa-decline","$v":"Weier"},{"$i":"fxa-accept","$v":"Aanvaar"},{"$i":"fxa-sining-in","$v":"Teken aan..."},{"$i":"not-now","$v":"Nie nou nie"},{"$i":"send-sms","$v":"Stuur SMS"},{"$i":"resend-sms","$v":"Stuur SMS weer"},{"$i":"fxa-connection-error-title","$v":"Kan nie koppel nie"},{"$i":"fxa-connection-error-message","$v":"Jy kan ‘n rekening skep op aanteken van Instellings."},{"$i":"fxa-reset-password-error-title","$v":"Stel wagwoord terug"},{"$i":"fxa-reset-password-error-message","$v":"Jy kan jou wagwoord uit Instellings herstel."},{"$i":"fxa-incorrect-email-address-or-password","$v":"Fxa verkeerde e-posadres of wagwoord"},{"$i":"fxa-internet-connection-is-required","$v":"Fxa internetverbinding word vereis"},{"$i":"fxa-server-error","$v":"Bedienerfout, probeer asseblief later weer"},{"$i":"fxa-server-error-2","$v":"Fout"},{"$i":"fxa-server-error-message","$v":"Kan nie rekening skep nie. Probeer asseblief later weer."},{"$i":"fxa-server-error-message-2","$v":"Bediener is onbeskikbaar. Probeer asseblief later weer."},{"$i":"fxa-offline-error-title","$v":"Kan nie koppel nie"},{"$i":"fxa-offline-error-message","$v":"Verbind asseblief aan ‘n netwerk uit Instellings."},{"$i":"fxa-offline-error-message-1","$v":"Geen internetverbinding nie."},{"$i":"fxa-invalid-email-title","$v":"Fout"},{"$i":"fxa-invalid-email-message","$v":"Voer asseblief ‘n geldige e-pos in."},{"$i":"fxa-invalid-password-title","$v":"Fout"},{"$i":"fxa-invalid-password-message","$v":"Verkeerde e-posadres of wagwoord"},{"$i":"fxa-invalid-password-message-1","$v":"Wagwoord verkeerd"},{"$i":"fxa-unknown-error-title","$v":"Kan nie koppel nie"},{"$i":"fxa-unknown-error-message","$v":"Stelsel onbeskikbaar, probeer gou weer."},{"$i":"fxa-email-is-taken-title","$v":"Fout"},{"$i":"fxa-email-is-taken-message","$v":"Daar is alreeds ‘n rekening vir hierdie e-pos. Teken asseblief in jou rekening in."},{"$i":"fxa-confirm-age-title","$v":"Fout"},{"$i":"fxa-confirm-age-message","$v":"Bevestig asseblief dat jou ouderdom bo 13 is"},{"$i":"fxa-account-does-not-exist","$v":"Fout"},{"$i":"fxa-account-does-not-exist-message","$v":"Verkeerde e-posadres of wagwoord"},{"$i":"fxa-account-does-not-exist-message-1","$v":"Rekening bestaan nie."},{"$i":"fxa-password-dont-match","$v":"Fout"},{"$i":"fxa-password-dont-match-message","$v":"Wagwoorde stem nie ooreen nie"},{"$i":"fxa-password-less","$v":"Fout"},{"$i":"fxa-password-less-message","$v":"Die wagwoord is minder as 8 karakters."},{"$i":"fxa-password-less-message-1","$v":"Die wagwoord is minder as 8 karakters."},{"$i":"fxa-password-more","$v":"Fout"},{"$i":"fxa-password-more-message","$v":"Die wagwoord is meer as 20 karakters."},{"$i":"fxa-password-more-message-1","$v":"Die wagwoord is meer as 20 karakters."},{"$i":"fxa-password-error","$v":"Fout"},{"$i":"fxa-password-error-message","$v":"Wagwoorde moet tussen 8-20 karakters wees met ‘n kombinasie van letters en syfers."},{"$i":"fxa-connecting","$v":"Besig om te verbind"},{"$i":"fxa-enter-phone-number-message","$v":"Voer asseblief jou foonnommer in. ‘n SMS sal gestuur word en outo verifikasie sal begin."},{"$i":"fxa-sms-has-been-sent-message","$v":"SMS is gestuur, en sodra dit ontvang is sal outo verfikasie begin. Sit terug en geniet die rit!"},{"$i":"fxa-time-remaining","$v":"Oorblywende tyd:"},{"$i":"fxa-sms-verification-failed-message","$v":"SMS verifikasie het misluk. Bevestig asseblief jou foon en druk “Herstuur SMS” om weer te probeer."},{"$i":"fxa-phone-number-label","$v":"Foonnommer"},{"$i":"fxa-enter-your-infomation","$v":"Voer asseblief jou inligting in."},{"$i":"fxa-birthday-label","$v":"Verjaardag"},{"$i":"fxa-birthday-select","$v":"Kies"},{"$i":"fxa-gender-label","$v":"Geslag"},{"$i":"fxa-gender-select","$v":"Kies"},{"$i":"fxa-gender-male","$v":"Manlik"},{"$i":"fxa-gender-female","$v":"Vroulik"},{"$i":"fxa-gender-confidential","$v":"Vertroulik"},{"$i":"fxa-enter-email-input","placeholder":"Voer e-pos in"},{"$i":"fxa-use-email-to-sign-in","$v":"Voer asseblief jou e-pos in. Jou e-pos sal jou rekeningnaam wees."},{"$i":"fxa-notice","$v":["Deur voort te gaan, aanvaar ek die ",{"t":"idOrVar","v":"tos"}," en ",{"t":"idOrVar","v":"pn"}," van KaiOS wolkdienste."]},{"$i":"fxa-placeholder","$v":"Jou e-pos hier"},{"$i":"fxa-tos","$v":"Diensbepalings"},{"$i":"fxa-pn","$v":"Privaatheidkennisgewing"},{"$i":"fxa-create-account-title","$v":"Skep Rekening"},{"$i":"fxa-show-age-title","$v":"Ek is ouer as 13"},{"$i":"fxa-enter-password-title","$v":"Voer asseblief jou wagwoord in. Jou wagwoord moet 8 - 20 karakters hê en moet beide letters en syfers bevat."},{"$i":"fxa-enter-password-title-1","$v":"Voer asseblief ’n wagwoord in. Jou wagwoord moet 8 - 20 karakters hê en moet sowel letters as syfers bevat."},{"$i":"fxa-setup-password-title","$v":"Stel Wagwoord op"},{"$i":"fxa-create-password-title","$v":"Skep ‘n Wagwoord"},{"$i":"fxa-hello-user","$v":["Hallo, ",{"t":"idOrVar","v":"email"}]},{"$i":"fxa-password-refresh","$v":"Voer asseblief jou KaiOS-rekening wagwoord in om voort te gaan."},{"$i":"fxa-password","$v":"Wagwoord","placeholder":"Wagwoord"},{"$i":"fxa-forgot-your-password","$v":"Jou wagwoord vergeet?"},{"$i":"fxa-show-password","$v":"Wys wagwoord"},{"$i":"fxa-password-length-requirement","$v":"Jou wagwoorde moet ten minste 8 karakters lank wees."},{"$i":"fxa-confirm-account","$v":"Bevestig jou rekening"},{"$i":"fxa-will-send-email","$v":"Jou rekening is geskep."},{"$i":"fxa-signup-click-verification-link-in-email","$v":["Ons het ‘n bevestigingse-pos gestuur na ",{"t":"idOrVar","v":"email"},". Kyk asseblief in jou inmandjie en verfieer en aktiveer jou rekening."]},{"$i":"fxa-access-manage-account-settings","$v":"Die aktiveringskakel sal binne 24 uur verval."},{"$i":"fxa-signup-success-title","$v":"Rekening Geskep"},{"$i":"about-kaios-account-text","$v":"Lorem ipsum dolor sit amet, con-sectetur adipiscing elit, sed do eiusmod tempor incididunt ut labore et dolore magna aliqua. Ut enim ad minim veniam, quis nos-trud exercitation ullamco laboris nisi ut aliquip ex ea commodo consequat. Duis aute irure dolor in reprehenderit in voluptate velit esse cillum dolore eu fugiat nulla pariatur. Excepteur sint occaecat cupidatat non proident, sunt in culpa qui officia deserunt mollit anim id est laborum."},{"$i":"about-kaios-account-text1","$v":"KaiOS-rekening verskaf verfikasie vir KaiOS-dienste. Die rekening identifiseer die gebruiker en toestel en maak toegang tot kenmerke soos afgeleë bestuur van toestelle en bykomende dienste moontlik."},{"$i":"about-kaios-account-text2","$v":"Skep van ‘n rekening vereis ‘n e-posadres en ‘n wagwoord. Die gebruiker moet die e-posadres verifieer via ‘n e-posskakel wat tydens die skep van die rekening gestuur word. Die rekening sal nie geaktiveer word totdat hierdie e-posadres geverifieer is nie."},{"$i":"about-kaios-account-text3","$v":"Deur voort te gaan met die skep van die rekening, stem jy in tot die terme en privaatheidkennisgewing."},{"$i":"fxa-signin-email","$v":"Rekeningnaam"},{"$i":"fxa-signin-password","$v":"Wagwoord"},{"$i":"fxa-signin-success-title","$v":"Jou Rekening"},{"$i":"fxa-signin-lsk","$v":"Vergeet wagwoord"},{"$i":"fxa-signin-rsk","$v":"Teken aan"},{"$i":"fxa-change-password-title","$v":"Verander wagwoord"},{"$i":"fxa-change-password-description","$v":"Voer jou huidige wagwoord in en stel ’n nuwe wagwoord."},{"$i":"fxa-new-password","$v":"Nuwe wagwoord"},{"$i":"fxa-changing-password","$v":"Besig om wagwoord te verander …"},{"$i":"fxa-forgot-password-title","$v":"Vergeet wagwoord"},{"$i":"fxa-forgot-password","$v":"Het wagwoord vergeet"},{"$i":"fxa-forgot-password-sk","$v":"Het WW vergeet"},{"$i":"fxa-forgot-password-success-title","$v":"Herstel Wagwoord E-pos Gestuur"},{"$i":"fxa-reset-password-succcess-content","$v":"Die e-pos om jou wagwoord te herstel is na jou e-posadres gestuur."},{"$i":"fxa-reset-password-succcess-content-part2","$v":"Kyk asseblief in jou e-pos inmandjie en herstel jou wagwoord."},{"$i":"fxa-sign-out-title","$v":"Teen-diefstal is geaktiveer"},{"$i":"fxa-sign-out-intro","$v":"Bevestig asseblief dat jy teen-diefstel wil afskakel en uitteken."},{"$i":"fxa-sign-out-intro-1","$v":"Bevestig asseblief jy wil teendiefstal afskakel en afmeld."},{"$i":"fxa-signout-email","$v":"Jou Rekening"},{"$i":"fxa-confirm-password","$v":"Bevestig wagwoord"},{"$i":"fxa-signing-out","$v":"Teken uit..."},{"$i":"fxa-sign-out-error-title","$v":"Fout"},{"$i":"fxa-sign-out-error-message","$v":"Uitteken uit rekening is onsuksesvol. Probeer asseblief later weer"},{"$i":"fxa-sign-out-error-message-1","$v":"Rekeningafmelding is onsuksesvol; probeer asseblief later weer"},{"$i":"fxa-connection-is-required-title","$v":"Fout"},{"$i":"fxa-connection-is-required-message","$v":"Internetverbinding word vereis"},{"$i":"fxa-check-password-title","$v":"Deaktiveer Teen-diefstal"},{"$i":"fxa-disable-antitheft-checkpassword-message","$v":"Bevestig asseblief dat jy teen-diefstal wil afskakel."},{"$i":"fxa-reset-factory-checkpassword-message","$v":"Om jou toestel te herstel moet jy jou wagwoord invoer en teen-diefstal deaktiveer."},{"$i":"fxa-reset-factory-checkpassword-message-1","$v":"Jy moet jou wagwoord invoer en teendiefstal deaktiveer om jou toestel terug te stel."},{"$i":"fxa-enter-email-to-reset-password","$v":"Voer asseblief jou rekening se e-posadres in; ons sal jou ’n skakel stuur om die wagwoord terug te stel."},{"$i":"fxa-enter-email-to-reset-password-1","$v":"Voer asseblief jou rekening se e-posadres in; ons sal jou ’n skakel stuur om die wagwoord terug te stel."},{"$i":"fxa-account-not-found","$v":"Rekening nie gevind nie. Herprobeer asseblief."},{"$i":"fxa-multiple-sign-in-attempts-title","$v":"Veelvuldige Inteken Pogings"},{"$i":"fxa-multiple-sign-in-attempts-content","$v":"Jy het die verkeerde wagwoord verskeie kere ingevoer"},{"$i":"fxa-multiple-sign-in-attempts-content-1","$v":"U het verskeie kere die verkeerde wagwoord ingevoer."},{"$i":"fxa-multiple-sign-in-attempts-content-retry","$v":"Probeer asseblief later weer."},{"$i":"shortDateFormat","$v":"%B %d, %Y"},{"$i":"network-error-in-app","$v":"Geen toegang tot die Internet op die oomblik."},{"$i":"network-error-launching","$v":[{"t":"idOrVar","v":"name"}," vereis ‘n Internetverbinding."]},{"$i":"network-error-launching-title","$v":"Geen internetverbinding nie"},{"$i":"network-error-launching-message","$v":"Gebruik WIFI of selfoondata om toegang tot die Internet te kry."},{"$i":"server-not-found","$v":"Bediener nie gevind nie"},{"$i":"server-not-found-error","$v":["Kan nie die bediener vind by ",{"t":"idOrVar","v":"name"}," nie."]},{"$i":"file-not-found","$v":"Lêer nie gevind nie"},{"$i":"file-not-found-error","$v":"Die toestel kan nie hierdie bladsy vertoon nie omdat die lêer nie gevind kan word nie."},{"$i":"connection-failed","$v":"Kan nie verbind nie"},{"$i":"connection-failed-error","$v":"‘n Netwerkfout het plaasgevind terwyl daar probeer is om die webwerf te bereik."},{"$i":"invalid-connection","$v":"Kan nie verbind nie"},{"$i":"invalid-connection-error","$v":"‘n Netwerkfout het plaasgevind terwyl daar probeer is om die webwerf te bereik."},{"$i":"malformed-uri","$v":"URL is ongeldig"},{"$i":"malformed-uri-error","$v":"Die URL wat ingevoer is is ongeldig en kan nie gelaai word nie."},{"$i":"redirect-loop","$v":"Kan nie bladsy vertoon nie"},{"$i":"redirect-loop-error","$v":"Die toestel kan nie hierdie bladsy vertoon nie omdat die bladsy nie behoorlik herlei nie. Probeer hierdie bladsy weer op ‘n latere stadium."},{"$i":"not-cached","$v":"Bladsy het verval"},{"$i":"not-cached-error","$v":"As ‘n sekuriteit voorsorgmaatreël kan hierdie bladsy nie vertoon word deur die toestel nie omdat dit verval het."},{"$i":"is-printing","$v":"Toegang geweier"},{"$i":"is-printing-error","$v":"Die dokument kan nie verander terwyl dit gedruk word of dit in Druk Voorskou is nie."},{"$i":"denied-port-access","$v":"Adres beperk"},{"$i":"denied-port-access-error","$v":"Hierdie adres gebruik ‘n netwerkpoort wat gewoonlik gebruik word vir doeleindes anders as Webblaai. Die toestel het die versoek vir jou beskermig gekanselleer."},{"$i":"proxy-resolve-failure","$v":"Instaanbedienerfout"},{"$i":"proxy-resolve-failure-error","$v":"Die toestel is ingestel om ‘n instaanbediener te gebruik wat nie gevind kan word nie."},{"$i":"proxy-connect-failure","$v":"Instaanbedienerfout"},{"$i":"proxy-connect-failure-error","$v":"Die toestel is ingestel om ‘n instaanbediener te gebruik wat konneksies weier."},{"$i":"content-encoding","$v":"Kan nie bladsy vertoon nie"},{"$i":"content-encoding-error","$v":"Die toestel kan nie hierdie bladsy vertoon nie omdat ‘n inhoud koderingsfout voorgekom het."},{"$i":"remote-xul","$v":"Bladsy onondersteund"},{"$i":"remote-xul-error","$v":"Die bladsy kan nie vertoon word nie omdat dit ‘n tegnologie gebruik wat nie op die toestel ondersteun word nie."},{"$i":"phishing-blocked","$v":"Waarskuwing"},{"$i":"phishing-blocked-error","$v":"Die webwerf is aangegee as ‘n web vervalsing wat ontwerp is om gebruikers te mislei om persoonlike of finansiële inligting te deel."},{"$i":"malware-blocked","$v":"Malware aanval geblok"},{"$i":"malware-blocked-error","$v":"Die webwerf is as ‘n aanvalswerbwerf aangegee. Die toestel het die versoek vir jou beskerming geblok."},{"$i":"unsafe-content-type","$v":"Onveilige inhoud"},{"$i":"unsafe-content-type-error","$v":"Die bladsy kan nie gewys word nie want dit mag dalk onveilig wees om oop te maak."},{"$i":"corrupted-content","$v":"Kan nie verbind nie"},{"$i":"corrupted-content-error","$v":"Die bladsy kan nie gewys word nie omdat ‘n fout in die data uitsending opgespoor is."},{"$i":"unknown-protocol-found","$v":"Bladsy onondersteund"},{"$i":"unknown-protocol-found-error","$v":"Bladsy kan nie gewys word nie omdat dit ‘n tegnologie gebruik wat nie op die toestel ondersteun word nie."},{"$i":"try-again","$v":"Probeer weer"},{"$i":"check-settings","$v":"Gaan instellings na"},{"$i":"brandShortName","$v":"KaiOS"},{"$i":"browserBrandShortName","$v":"Web Browser"},{"$i":"browserBrandFullName","$v":"Mozilla Web Browser"},{"$i":"ringtoneBrandName","$v":"Default"},{"$i":"ringtoneSectionBrandName","$v":"System"},{"$i":"accessibility-enableScreenReaderSteps","$v":"Druk meer volume en dan minder volumeknoppies nog drie keer om die skermleser aan te skakel"},{"$i":"accessibility-disableScreenReaderSteps","$v":"Druk meer volume en dan minder volumeknoppies nog drie keer om die skermleser af te skakel"},{"$i":"accessibility-screenReaderStarted","$v":"Skermleser het begin"},{"$i":"accessibility-screenReaderStopped","$v":"Skermleser het gestop"},{"$i":"accessibility-menubar","$v":"Kieslysbalk"},{"$i":"accessibility-scrollbar","$v":"Rolbalk"},{"$i":"accessibility-grip","$v":"greep"},{"$i":"accessibility-alert","$v":"Waarskuwing"},{"$i":"accessibility-menupopup","$v":"Opspring van kieslys"},{"$i":"accessibility-document","$v":"Dokument"},{"$i":"accessibility-pane","$v":"paneel"},{"$i":"accessibility-dialog","$v":"Dialoog"},{"$i":"accessibility-separator","$v":"onderskeider"},{"$i":"accessibility-toolbar","$v":"nutsbalk"},{"$i":"accessibility-statusbar","$v":"statusbalk"},{"$i":"accessibility-table","$v":"tabel"},{"$i":"accessibility-columnheader","$v":"Kolom opskrif"},{"$i":"accessibility-rowheader","$v":"ry-opskrif"},{"$i":"accessibility-column","$v":"Kolom"},{"$i":"accessibility-row","$v":"Ry"},{"$i":"accessibility-cell","$v":"sel"},{"$i":"accessibility-link","$v":"Skakel"},{"$i":"accessibility-list","$v":"lys"},{"$i":"accessibility-listitem","$v":"Lys item"},{"$i":"accessibility-outline","$v":"Omskryf"},{"$i":"accessibility-outlineitem","$v":"Omskryf item"},{"$i":"accessibility-pagetab","$v":"Oortjie"},{"$i":"accessibility-propertypage","$v":"eiendombladsy"},{"$i":"accessibility-graphic","$v":"grafiek"},{"$i":"accessibility-pushbutton","$v":"Knoppie"},{"$i":"accessibility-checkbutton","$v":"merkknoppie"},{"$i":"accessibility-radiobutton","$v":"radioknoppie"},{"$i":"accessibility-combobox","$v":"komboboks"},{"$i":"accessibility-progressbar","$v":"vorderingbalk"},{"$i":"accessibility-slider","$v":"skuiwer"},{"$i":"accessibility-spinbutton","$v":"tolknoppie"},{"$i":"accessibility-diagram","$v":"diagram"},{"$i":"accessibility-animation","$v":"animasie"},{"$i":"accessibility-equation","$v":"vergelyking"},{"$i":"accessibility-buttonmenu","$v":"Knoppie kieslys"},{"$i":"accessibility-whitespace","$v":"Wit spasie"},{"$i":"accessibility-pagetablist","$v":"Oortjielys"},{"$i":"accessibility-canvas","$v":"doek"},{"$i":"accessibility-checkmenuitem","$v":"Merk kieslysitem"},{"$i":"accessibility-label","$v":"Etiket"},{"$i":"accessibility-passwordtext","$v":"Wagwoord teks"},{"$i":"accessibility-radiomenuitem","$v":"Radio kieslysitem"},{"$i":"accessibility-textcontainer","$v":"tekshouer"},{"$i":"accessibility-togglebutton","$v":"skakelknoppie"},{"$i":"accessibility-treetable","$v":"boomtabel"},{"$i":"accessibility-header","$v":"kop"},{"$i":"accessibility-footer","$v":"bladsyonderskrif"},{"$i":"accessibility-paragraph","$v":"paragraaf"},{"$i":"accessibility-entry","$v":"inskrywing"},{"$i":"accessibility-caption","$v":"byskrif"},{"$i":"accessibility-heading","$v":"opskrif"},{"$i":"accessibility-section","$v":"afdeling"},{"$i":"accessibility-form","$v":"vorm"},{"$i":"accessibility-comboboxlist","$v":"Komboboks lys"},{"$i":"accessibility-comboboxoption","$v":"Komboboks opsie"},{"$i":"accessibility-imagemap","$v":"beeldkaart"},{"$i":"accessibility-listboxoption","$v":"Opsie"},{"$i":"accessibility-listbox","$v":"Lys boks"},{"$i":"accessibility-flatequation","$v":"Plat vergelyking"},{"$i":"accessibility-gridcell","$v":"roostersel"},{"$i":"accessibility-note","$v":"Nota"},{"$i":"accessibility-figure","$v":"figuur"},{"$i":"accessibility-definitionlist","$v":"Definisielys"},{"$i":"accessibility-term","$v":"term"},{"$i":"accessibility-definition","$v":"Definisie"},{"$i":"accessibility-textarea","$v":"teksarea"},{"$i":"accessibility-textInputType_date","$v":"datum"},{"$i":"accessibility-textInputType_email","$v":"e-pos"},{"$i":"accessibility-textInputType_search","$v":"soek"},{"$i":"accessibility-textInputType_tel","$v":"Telefoon"},{"$i":"accessibility-textInputType_url","$v":"URL"},{"$i":"accessibility-headingLevel","$v":["Opskrifvlak ",{"t":"idOrVar","v":"0"}]},{"$i":"accessibility-listStart","$v":"Eerste item"},{"$i":"accessibility-listEnd","$v":"Laaste item"},{"$i":"accessibility-listItemsCount","$v":{"zero":[{"t":"idOrVar","v":"count"}," items"],"one":[{"t":"idOrVar","v":"count"}," item"],"two":[{"t":"idOrVar","v":"count"}," items"],"few":[{"t":"idOrVar","v":"count"}," items"],"many":[{"t":"idOrVar","v":"count"}," items"],"other":[{"t":"idOrVar","v":"count"}," items"]},"$x":[{"t":"idOrVar","v":"plural"},"count"]},{"$i":"accessibility-objItemOfN","$v":[{"t":"idOrVar","v":"0"}," van ",{"t":"idOrVar","v":"1"}]},{"$i":"accessibility-banner","$v":"bannier"},{"$i":"accessibility-complementary","$v":"Komplementêre"},{"$i":"accessibility-contentinfo","$v":"Inhoud inligting"},{"$i":"accessibility-main","$v":"Hoof"},{"$i":"accessibility-navigation","$v":"Navigasie"},{"$i":"accessibility-search","$v":"soek"},{"$i":"accessibility-tblColumnInfo","$v":{"zero":["with ",{"t":"idOrVar","v":"count"}," columns"],"one":["with ",{"t":"idOrVar","v":"count"}," column"],"two":["with ",{"t":"idOrVar","v":"count"}," columns"],"few":["with ",{"t":"idOrVar","v":"count"}," columns"],"many":["with ",{"t":"idOrVar","v":"count"}," columns"],"other":["with ",{"t":"idOrVar","v":"count"}," columns"]},"$x":[{"t":"idOrVar","v":"plural"},"count"]},{"$i":"accessibility-tblRowInfo","$v":{"zero":["and ",{"t":"idOrVar","v":"count"}," rows"],"one":["and ",{"t":"idOrVar","v":"count"}," row"],"two":["and ",{"t":"idOrVar","v":"count"}," rows"],"few":["and ",{"t":"idOrVar","v":"count"}," rows"],"many":["and ",{"t":"idOrVar","v":"count"}," rows"],"other":["and ",{"t":"idOrVar","v":"count"}," rows"]},"$x":[{"t":"idOrVar","v":"plural"},"count"]},{"$i":"accessibility-columnInfo","$v":["Kolom ",{"t":"idOrVar","v":"0"}]},{"$i":"accessibility-rowInfo","$v":["Ry ",{"t":"idOrVar","v":"0"}]},{"$i":"accessibility-spansColumns","$v":{"few":["Strek oor ",{"t":"idOrVar","v":"0"}," kolomme"],"many":["Strek oor ",{"t":"idOrVar","v":"0"}," kolomme"],"one":["Strek oor ",{"t":"idOrVar","v":"0"}," kolom"],"other":["Strek oor ",{"t":"idOrVar","v":"0"}," kolomme"],"two":["Strek oor ",{"t":"idOrVar","v":"0"}," kolomme"],"zero":["Strek oor ",{"t":"idOrVar","v":"0"}," kolomme"]},"$x":[{"t":"idOrVar","v":"plural"},"0"]},{"$i":"accessibility-spansRows","$v":{"few":["Strek oor ",{"t":"idOrVar","v":"0"},"rye"],"many":["Strek oor ",{"t":"idOrVar","v":"0"},"rye"],"one":["Strek oor ",{"t":"idOrVar","v":"0"}," ry"],"other":["Strek oor ",{"t":"idOrVar","v":"0"},"rye"],"two":["Strek oor ",{"t":"idOrVar","v":"0"},"rye"],"zero":["Strek oor ",{"t":"idOrVar","v":"0"},"rye"]},"$x":[{"t":"idOrVar","v":"plural"},"0"]},{"$i":"accessibility-jumpAction","$v":"gespring"},{"$i":"accessibility-pressAction","$v":"gedruk"},{"$i":"accessibility-checkAction","$v":"gemerk"},{"$i":"accessibility-uncheckAction","$v":"ongemerk"},{"$i":"accessibility-selectAction","$v":"gekies"},{"$i":"accessibility-unselectAction","$v":"ongeselekteer"},{"$i":"accessibility-openAction","$v":"Oopgemaak"},{"$i":"accessibility-closeAction","$v":"Gesluit"},{"$i":"accessibility-switchAction","$v":"oorgeskakel"},{"$i":"accessibility-clickAction","$v":"gekliek"},{"$i":"accessibility-collapseAction","$v":"ineengestort"},{"$i":"accessibility-expandAction","$v":"Vou uit"},{"$i":"accessibility-activateAction","$v":"geaktiveer"},{"$i":"accessibility-cycleAction","$v":"Fiets gery"},{"$i":"accessibility-hidden","$v":"verberg"},{"$i":"accessibility-tabLoading","$v":"Laai tans"},{"$i":"accessibility-tabLoaded","$v":"Gelaai"},{"$i":"accessibility-tabNew","$v":"Nuwe oortjie"},{"$i":"accessibility-tabLoadStopped","$v":"Laai het gestop"},{"$i":"accessibility-tabReload","$v":"Besig om te herlaai"},{"$i":"accessibility-stateChecked","$v":"gemerkde"},{"$i":"accessibility-stateNotChecked","$v":"Nie nagegaan nie"},{"$i":"accessibility-statePressed","$v":"gedruk"},{"$i":"accessibility-stateExpanded","$v":"Vou uit"},{"$i":"accessibility-stateCollapsed","$v":"ineengestort"},{"$i":"accessibility-stateUnavailable","$v":"Onbeskikbaar"},{"$i":"accessibility-stateRequired","$v":"vereis"},{"$i":"accessibility-stateTraversed","$v":"besoekde"},{"$i":"accessibility-stateHasPopup","$v":"Het opgespring"},{"$i":"accessibility-stateSelected","$v":"gekies"},{"$i":"accessibility-editingMode","$v":"Besig om te wysig"},{"$i":"accessibility-navigationMode","$v":"Navigeer tans"},{"$i":"accessibility-quicknav_Simple","$v":"Verstek"},{"$i":"accessibility-quicknav_Anchor","$v":"Ankers"},{"$i":"accessibility-quicknav_Button","$v":"Knoppies"},{"$i":"accessibility-quicknav_Combobox","$v":"Kombobokse"},{"$i":"accessibility-quicknav_Landmark","$v":"Landmerke"},{"$i":"accessibility-quicknav_Entry","$v":"Inskrywings"},{"$i":"accessibility-quicknav_FormElement","$v":"Vormelemente"},{"$i":"accessibility-quicknav_Graphic","$v":"Beelde"},{"$i":"accessibility-quicknav_Heading","$v":"Opskrifte"},{"$i":"accessibility-quicknav_ListItem","$v":"Lys items"},{"$i":"accessibility-quicknav_Link","$v":"Skakels"},{"$i":"accessibility-quicknav_List","$v":"lyste"},{"$i":"accessibility-quicknav_PageTab","$v":"Bladsy oortjies"},{"$i":"accessibility-quicknav_RadioButton","$v":"Radioknoppies"},{"$i":"accessibility-quicknav_Separator","$v":"Onderskeiders"},{"$i":"accessibility-quicknav_Table","$v":"Tabelle"},{"$i":"accessibility-quicknav_Checkbox","$v":"Keuseboksies"},{"$i":"accessibility-menubarAbbr","$v":"Kieslysbalk"},{"$i":"accessibility-scrollbarAbbr","$v":"Rolbalk"},{"$i":"accessibility-gripAbbr","$v":"greep"},{"$i":"accessibility-alertAbbr","$v":"Waarskuwing"},{"$i":"accessibility-menupopupAbbr","$v":"Opspring van kieslys"},{"$i":"accessibility-documentAbbr","$v":"Dokument"},{"$i":"accessibility-paneAbbr","$v":"paneel"},{"$i":"accessibility-dialogAbbr","$v":"Dialoog"},{"$i":"accessibility-separatorAbbr","$v":"onderskeider"},{"$i":"accessibility-toolbarAbbr","$v":"nutsbalk"},{"$i":"accessibility-statusbarAbbr","$v":"statusbalk"},{"$i":"accessibility-tableAbbr","$v":"tbl"},{"$i":"accessibility-columnheaderAbbr","$v":"Kolom opskrif"},{"$i":"accessibility-rowheaderAbbr","$v":"ry-opskrif"},{"$i":"accessibility-columnAbbr","$v":"Kolom"},{"$i":"accessibility-rowAbbr","$v":"Ry"},{"$i":"accessibility-cellAbbr","$v":"sel"},{"$i":"accessibility-linkAbbr","$v":"skl"},{"$i":"accessibility-listAbbr","$v":"lys"},{"$i":"accessibility-listitemAbbr","$v":"Lys item"},{"$i":"accessibility-outlineAbbr","$v":"Omskryf"},{"$i":"accessibility-outlineitemAbbr","$v":"Omskryf item"},{"$i":"accessibility-pagetabAbbr","$v":"Oortjie"},{"$i":"accessibility-propertypageAbbr","$v":"eiendombladsy"},{"$i":"accessibility-graphicAbbr","$v":"grafiek"},{"$i":"accessibility-pushbuttonAbbr","$v":"knp"},{"$i":"accessibility-checkbuttonAbbr","$v":"merkknoppie"},{"$i":"accessibility-radiobuttonAbbr","$v":"radioknoppie"},{"$i":"accessibility-comboboxAbbr","$v":"komboboks"},{"$i":"accessibility-progressbarAbbr","$v":"vorderingbalk"},{"$i":"accessibility-sliderAbbr","$v":"skuiwer"},{"$i":"accessibility-spinbuttonAbbr","$v":"tolknoppie"},{"$i":"accessibility-diagramAbbr","$v":"diagram"},{"$i":"accessibility-animationAbbr","$v":"animasie"},{"$i":"accessibility-equationAbbr","$v":"vergelyking"},{"$i":"accessibility-buttonmenuAbbr","$v":"Knoppie kieslys"},{"$i":"accessibility-whitespaceAbbr","$v":"Wit spasie"},{"$i":"accessibility-pagetablistAbbr","$v":"Oortjielys"},{"$i":"accessibility-canvasAbbr","$v":"doek"},{"$i":"accessibility-checkmenuitemAbbr","$v":"Merk kieslysitem"},{"$i":"accessibility-labelAbbr","$v":"Etiket"},{"$i":"accessibility-passwordtextAbbr","$v":"wagwdtks"},{"$i":"accessibility-radiomenuitemAbbr","$v":"Radio kieslysitem"},{"$i":"accessibility-textcontainerAbbr","$v":"tekshouer"},{"$i":"accessibility-togglebuttonAbbr","$v":"skakelknoppie"},{"$i":"accessibility-treetableAbbr","$v":"boomtabel"},{"$i":"accessibility-headerAbbr","$v":"kop"},{"$i":"accessibility-footerAbbr","$v":"bladsyonderskrif"},{"$i":"accessibility-paragraphAbbr","$v":"paragraaf"},{"$i":"accessibility-entryAbbr","$v":"inskrywing"},{"$i":"accessibility-captionAbbr","$v":"byskrif"},{"$i":"accessibility-headingAbbr","$v":"opskrif"},{"$i":"accessibility-sectionAbbr","$v":"afdeling"},{"$i":"accessibility-formAbbr","$v":"vorm"},{"$i":"accessibility-comboboxlistAbbr","$v":"Komboboks lys"},{"$i":"accessibility-comboboxoptionAbbr","$v":"Komboboks opsie"},{"$i":"accessibility-imagemapAbbr","$v":"bldkaart"},{"$i":"accessibility-listboxoptionAbbr","$v":"Opsie"},{"$i":"accessibility-listboxAbbr","$v":"Lys boks"},{"$i":"accessibility-flatequationAbbr","$v":"Plat vergelyking"},{"$i":"accessibility-gridcellAbbr","$v":"roostersel"},{"$i":"accessibility-noteAbbr","$v":"Nota"},{"$i":"accessibility-figureAbbr","$v":"fig"},{"$i":"accessibility-definitionlistAbbr","$v":"Definisielys"},{"$i":"accessibility-termAbbr","$v":"term"},{"$i":"accessibility-definitionAbbr","$v":"Definisie"},{"$i":"accessibility-textareaAbbr","$v":"tksarea"},{"$i":"accessibility-tblColumnInfoAbbr","$v":{"one":[{"t":"idOrVar","v":"count"},"c"],"two":[{"t":"idOrVar","v":"count"},"c"],"few":[{"t":"idOrVar","v":"count"},"c"],"many":[{"t":"idOrVar","v":"count"},"c"],"other":[{"t":"idOrVar","v":"count"},"c"]},"$x":[{"t":"idOrVar","v":"plural"},"count"]},{"$i":"accessibility-tblRowInfoAbbr","$v":{"one":[{"t":"idOrVar","v":"count"},"r"],"two":[{"t":"idOrVar","v":"count"},"r"],"few":[{"t":"idOrVar","v":"count"},"r"],"many":[{"t":"idOrVar","v":"count"},"r"],"other":[{"t":"idOrVar","v":"count"},"r"]},"$x":[{"t":"idOrVar","v":"plural"},"count"]},{"$i":"accessibility-cellInfoAbbr","$v":["S ",{"t":"idOrVar","v":"0"}," r ",{"t":"idOrVar","v":"1"}]},{"$i":"accessibility-stateCheckedAbbr","$v":"(x)"},{"$i":"accessibility-stateUncheckedAbbr","$v":"( )"},{"$i":"accessibility-statePressedAbbr","$v":"(x)"},{"$i":"accessibility-stateUnpressedAbbr","$v":"( )"},{"$i":"accessibility-pushbutton-hint","$v":"Tik twee keer om te aktiveer"},{"$i":"accessibility-checkbutton-hint","$v":"Tik twee keer om te aktiveer"},{"$i":"accessibility-combobox-hint","$v":"Tik twee keer om te aktiveer"},{"$i":"accessibility-key-hint","$v":"Tik en hou om te aktiveer"},{"$i":"accessibility-link-hint","$v":"Tik twee keer om te aktiveer"},{"$i":"accessibility-menuitem-hint","$v":"Tik twee keer om te aktiveer"},{"$i":"accessibility-option-hint","$v":"Tik twee keer om te aktiveer"},{"$i":"accessibility-radiobutton-hint","$v":"Tik twee keer om te aktiveer"},{"$i":"accessibility-slider-hint","$v":"Gly op om te verhoog of af om te verlaag"},{"$i":"accessibility-spinbutton-hint","$v":"Gly op om te verhoog of af om te verlaag"},{"$i":"accessibility-pagetab-hint","$v":"Tik twee keer om te aktiveer"},{"$i":"accessibility-entry-hint","$v":"Tik twee keer om te aktiveer"},{"$i":"accessibility-outlineitem-hint","$v":"Tik twee keer om te aktiveer"},{"$i":"SoftLeft","$v":"Linker sagte sleutel"},{"$i":"Enter","$v":"OK sleutel"},{"$i":"SoftRight","$v":"Regter sagte sleutel"},{"$i":"weekday-0-long","$v":"Sondag"},{"$i":"weekday-1-long","$v":"Maandag"},{"$i":"weekday-2-long","$v":"Dinsdag"},{"$i":"weekday-3-long","$v":"Woensdag"},{"$i":"weekday-4-long","$v":"Donderdag"},{"$i":"weekday-5-long","$v":"Vrydag"},{"$i":"weekday-6-long","$v":"Saterdag"},{"$i":"weekday-0-short","$v":"So"},{"$i":"weekday-1-short","$v":"Ma"},{"$i":"weekday-2-short","$v":"Di"},{"$i":"weekday-3-short","$v":"Wo"},{"$i":"weekday-4-short","$v":"Do"},{"$i":"weekday-5-short","$v":"Vr"},{"$i":"weekday-6-short","$v":"Sa"},{"$i":"month-0-long","$v":"Januarie"},{"$i":"month-1-long","$v":"Februarie"},{"$i":"month-2-long","$v":"Maart"},{"$i":"month-3-long","$v":"April"},{"$i":"month-4-long","$v":"Mei"},{"$i":"month-5-long","$v":"Junie"},{"$i":"month-6-long","$v":"Julie"},{"$i":"month-7-long","$v":"Augustus"},{"$i":"month-8-long","$v":"September"},{"$i":"month-9-long","$v":"Oktober"},{"$i":"month-10-long","$v":"November"},{"$i":"month-11-long","$v":"Desember"},{"$i":"month-0-genitive","$v":"Januarie"},{"$i":"month-1-genitive","$v":"Februarie"},{"$i":"month-2-genitive","$v":"Maart"},{"$i":"month-3-genitive","$v":"April"},{"$i":"month-4-genitive","$v":"Mei"},{"$i":"month-5-genitive","$v":"Junie"},{"$i":"month-6-genitive","$v":"Julie"},{"$i":"month-7-genitive","$v":"Augustus"},{"$i":"month-8-genitive","$v":"September"},{"$i":"month-9-genitive","$v":"Oktober"},{"$i":"month-10-genitive","$v":"November"},{"$i":"month-11-genitive","$v":"Desember"},{"$i":"month-0-short","$v":"Jan"},{"$i":"month-1-short","$v":"Feb"},{"$i":"month-2-short","$v":"Mrt"},{"$i":"month-3-short","$v":"Apr"},{"$i":"month-4-short","$v":"Mei"},{"$i":"month-5-short","$v":"Jun"},{"$i":"month-6-short","$v":"Jul"},{"$i":"month-7-short","$v":"Aug"},{"$i":"month-8-short","$v":"Sep"},{"$i":"month-9-short","$v":"Okt"},{"$i":"month-10-short","$v":"Nov"},{"$i":"month-11-short","$v":"Des"},{"$i":"minutes-ago-long","$v":{"few":[{"t":"idOrVar","v":"value"},"minute gelede"],"many":[{"t":"idOrVar","v":"value"},"minute gelede"],"one":"‘n minuut gelede","other":[{"t":"idOrVar","v":"value"},"minute gelede"],"two":[{"t":"idOrVar","v":"value"},"minute gelede"],"zero":"nou net"},"$x":[{"t":"idOrVar","v":"plural"},"value"]},{"$i":"hours-ago-long","$v":{"few":[{"t":"idOrVar","v":"value"}," ure gelede"],"many":[{"t":"idOrVar","v":"value"}," ure gelede"],"one":"‘n uur gelede","other":[{"t":"idOrVar","v":"value"}," ure gelede"],"two":[{"t":"idOrVar","v":"value"}," ure gelede"],"zero":"nou net"},"$x":[{"t":"idOrVar","v":"plural"},"value"]},{"$i":"days-ago-long","$v":{"few":[{"t":"idOrVar","v":"value"}," dae gelede"],"many":[{"t":"idOrVar","v":"value"}," dae gelede"],"one":"gister","other":[{"t":"idOrVar","v":"value"}," dae gelede"],"two":[{"t":"idOrVar","v":"value"}," dae gelede"],"zero":"Vandag"},"$x":[{"t":"idOrVar","v":"plural"},"value"]},{"$i":"weeks-ago-long","$v":{"few":[{"t":"idOrVar","v":"value"}," weke gelede"],"many":[{"t":"idOrVar","v":"value"}," weke gelede"],"one":"Verlede week","other":[{"t":"idOrVar","v":"value"}," weke gelede"],"two":[{"t":"idOrVar","v":"value"}," weke gelede"],"zero":"Hierdie week"},"$x":[{"t":"idOrVar","v":"plural"},"value"]},{"$i":"months-ago-long","$v":{"few":[{"t":"idOrVar","v":"value"}," maande gelede"],"many":[{"t":"idOrVar","v":"value"}," maande gelede"],"one":"Verlede maand","other":[{"t":"idOrVar","v":"value"}," maande gelede"],"two":[{"t":"idOrVar","v":"value"}," maande gelede"],"zero":"hierdie maand"},"$x":[{"t":"idOrVar","v":"plural"},"value"]},{"$i":"years-ago-long","$v":{"few":[{"t":"idOrVar","v":"value"}," jare gelede"],"many":[{"t":"idOrVar","v":"value"}," jare gelede"],"one":"Verlede jaar","other":[{"t":"idOrVar","v":"value"}," jare gelede"],"two":[{"t":"idOrVar","v":"value"}," jare gelede"],"zero":"Hierdie jaar"},"$x":[{"t":"idOrVar","v":"plural"},"value"]},{"$i":"minutes-until-long","$v":{"few":["In ",{"t":"idOrVar","v":"value"}," minute"],"many":["In ",{"t":"idOrVar","v":"value"}," minute"],"one":"In ‘n minuut","other":["In ",{"t":"idOrVar","v":"value"}," minute"],"two":["In ",{"t":"idOrVar","v":"value"}," minute"],"zero":"Nou"},"$x":[{"t":"idOrVar","v":"plural"},"value"]},{"$i":"hours-until-long","$v":{"few":["In ",{"t":"idOrVar","v":"value"}," ure"],"many":["In ",{"t":"idOrVar","v":"value"}," ure"],"one":"In ‘n uur","other":["In ",{"t":"idOrVar","v":"value"}," ure"],"two":["In ",{"t":"idOrVar","v":"value"}," ure"],"zero":"Nou"},"$x":[{"t":"idOrVar","v":"plural"},"value"]},{"$i":"days-until-long","$v":{"few":["In ",{"t":"idOrVar","v":"value"}," dae"],"many":["In ",{"t":"idOrVar","v":"value"}," dae"],"one":"môre","other":["In ",{"t":"idOrVar","v":"value"}," dae"],"two":["In ",{"t":"idOrVar","v":"value"}," dae"],"zero":"Vandag"},"$x":[{"t":"idOrVar","v":"plural"},"value"]},{"$i":"weeks-until-long","$v":{"few":["In ",{"t":"idOrVar","v":"value"}," weke"],"many":["In ",{"t":"idOrVar","v":"value"}," weke"],"one":"volgende week","other":["In ",{"t":"idOrVar","v":"value"}," weke"],"two":["In ",{"t":"idOrVar","v":"value"}," weke"],"zero":"Hierdie week"},"$x":[{"t":"idOrVar","v":"plural"},"value"]},{"$i":"months-until-long","$v":{"few":["In ",{"t":"idOrVar","v":"value"}," maande"],"many":["In ",{"t":"idOrVar","v":"value"}," maande"],"one":"Volgende maand","other":["In ",{"t":"idOrVar","v":"value"}," maande"],"two":["In ",{"t":"idOrVar","v":"value"}," maande"],"zero":"hierdie maand"},"$x":[{"t":"idOrVar","v":"plural"},"value"]},{"$i":"years-until-long","$v":{"few":["In ",{"t":"idOrVar","v":"value"}," jare"],"many":["In ",{"t":"idOrVar","v":"value"}," jare"],"one":"Volgende jaar","other":["In ",{"t":"idOrVar","v":"value"}," jare"],"two":["In ",{"t":"idOrVar","v":"value"}," jare"],"zero":"Hierdie jaar"},"$x":[{"t":"idOrVar","v":"plural"},"value"]},{"$i":"minutes-ago-short","$v":{"other":[{"t":"idOrVar","v":"value"},"m gelede"],"zero":"nou net"},"$x":[{"t":"idOrVar","v":"plural"},"value"]},{"$i":"hours-ago-short","$v":{"other":[{"t":"idOrVar","v":"value"},"u gelede"],"zero":"nou net"},"$x":[{"t":"idOrVar","v":"plural"},"value"]},{"$i":"days-ago-short","$v":{"other":[{"t":"idOrVar","v":"value"},"d gelede"],"zero":"Vandag"},"$x":[{"t":"idOrVar","v":"plural"},"value"]},{"$i":"minutes-until-short","$v":{"other":["In ",{"t":"idOrVar","v":"value"},"m"],"zero":"Nou"},"$x":[{"t":"idOrVar","v":"plural"},"value"]},{"$i":"hours-until-short","$v":{"other":["In ",{"t":"idOrVar","v":"value"}," u"],"zero":"Nou"},"$x":[{"t":"idOrVar","v":"plural"},"value"]},{"$i":"days-until-short","$v":{"other":["In ",{"t":"idOrVar","v":"value"},"d"],"zero":"Vandag"},"$x":[{"t":"idOrVar","v":"plural"},"value"]},{"$i":"incorrectDate","$v":"(verkeerde datum)"},{"$i":"dateTimeFormat_%c","$v":"%a %b %e %Y %I:%M:%S %p"},{"$i":"dateTimeFormat_%x","$v":"%m/%d/%Y"},{"$i":"dateTimeFormat_%X","$v":"%I:%M:%S %p"},{"$i":"shortTimeFormat","$v":"%I:%M %p"},{"$i":"shortTimeFormat12","$v":"%I:%M %p"},{"$i":"shortTimeFormat24","$v":"%H:%M"},{"$i":"shortDateTimeFormat","$v":"%X %I:%M %p"},{"$i":"weekStartsOnMonday","$v":"0.0"},{"$i":"firstDayOfTheWeek","$v":"0.0"},{"$i":"time_am","$v":"VM"},{"$i":"time_pm","$v":"NM"},{"$i":"title-app","$v":"Toepassingtoestemmings"},{"$i":"title-web","$v":"Webwerf Toestemming"},{"$i":"title-cam","$v":"Kies Kamera"},{"$i":"perm-alarms","$v":"Skeduleer Alarms"},{"$i":"perm-audio-capture","$v":"Mikrofoon"},{"$i":"perm-audio-capture-appRequest","$v":["Sou jy graag jou mikrofoon met ",{"t":"idOrVar","v":"app"}," wou deel?"]},{"$i":"perm-audio-capture-webRequest","$v":["Sou jy graag jou mikrofoon met ",{"t":"idOrVar","v":"site"}," wou deel?"]},{"$i":"perm-audio-channel-content","$v":"Speel Klanke"},{"$i":"perm-audio-channel-notification","$v":"Speel Kennisgewingklanke"},{"$i":"perm-audio-channel-ringer","$v":"Speel Luitoonklanke"},{"$i":"perm-background-sensors","$v":"Verkry toegang tot Sensor Data"},{"$i":"perm-bluetooth","$v":"Bluetooth"},{"$i":"perm-browser","$v":"Inspekteer Webbladsye"},{"$i":"perm-camera","$v":"Kameras"},{"$i":"perm-camera-selector-appRequest","$v":["Kies ‘n kamera vir ",{"t":"idOrVar","v":"app"},"."]},{"$i":"perm-camera-selector-webRequest","$v":["Kies ‘n kamera vir ",{"t":"idOrVar","v":"site"},"."]},{"$i":"perm-camera-appRequest","$v":[{"t":"idOrVar","v":"app"}," wil graag jou kamera gebruik."]},{"$i":"perm-camera-webRequest","$v":[{"t":"idOrVar","v":"site"}," wil graag jou kamera gebruik."]},{"$i":"perm-cellbroadcast","$v":"Sellulêre uitsendings"},{"$i":"perm-contacts","$v":"Kontakte"},{"$i":"perm-contacts-appRequest","$v":[{"t":"idOrVar","v":"app"}," wil graag toegang tot jou kontaklys hê."]},{"$i":"perm-contacts-webRequest","$v":[{"t":"idOrVar","v":"site"}," wil graag toegang tot jou kontaklys hê."]},{"$i":"perm-desktop-notification","$v":"Kennisgewings"},{"$i":"perm-desktop-notification-appRequest","$v":[{"t":"idOrVar","v":"app"}," wil graag kennisgewings vertoon."]},{"$i":"perm-desktop-notification-webRequest","$v":[{"t":"idOrVar","v":"site"}," wil graag kennisgewings vertoon."]},{"$i":"perm-device-storage-apps","$v":"Toepassingstoorruimte"},{"$i":"perm-device-storage-music","$v":"Musiek Berging"},{"$i":"perm-device-storage-music-appRequest","$v":[{"t":"idOrVar","v":"app"}," wil graag toegang tot jou musiek hê."]},{"$i":"perm-device-storage-music-webRequest","$v":[{"t":"idOrVar","v":"site"}," wil graag toegang tot jou musiek hê."]},{"$i":"perm-device-storage-pictures","$v":"Beeld Berging"},{"$i":"perm-device-storage-pictures-appRequest","$v":[{"t":"idOrVar","v":"app"}," wil graag toegang tot jou beelde hê."]},{"$i":"perm-device-storage-pictures-webRequest","$v":[{"t":"idOrVar","v":"site"}," wil graag toegang tot jou beelde hê."]},{"$i":"perm-device-storage-sdcard","$v":"Geheuekaart Berging"},{"$i":"perm-device-storage-sdcard-appRequest","$v":[{"t":"idOrVar","v":"app"}," wil graag toegang tot jou geheuekaart hê."]},{"$i":"perm-device-storage-sdcard-webRequest","$v":[{"t":"idOrVar","v":"site"}," wil graag toegang tot jou geheuekaart hê."]},{"$i":"perm-device-storage-videos","$v":"Video Berging"},{"$i":"perm-device-storage-videos-appRequest","$v":[{"t":"idOrVar","v":"app"}," wil graag toegang tot jou video’s hê."]},{"$i":"perm-device-storage-videos-webRequest","$v":[{"t":"idOrVar","v":"site"}," wil graag toegang tot jou video’s hê."]},{"$i":"perm-fullscreen-appRequest","$v":[{"t":"idOrVar","v":"app"}," is nou volskerm."]},{"$i":"perm-fullscreen-webRequest","$v":[{"t":"idOrVar","v":"site"}," is nou volskerm."]},{"$i":"perm-embed-apps","$v":"Bed Toepassings in"},{"$i":"perm-fmradio","$v":"FM-radio"},{"$i":"perm-fmradio-appRequest","$v":[{"t":"idOrVar","v":"app"}," wil graag die FM-Radio gebruik."]},{"$i":"perm-fmradio-webRequest","$v":[{"t":"idOrVar","v":"site"}," wil graag die FM-Radio gebruik."]},{"$i":"perm-geolocation","$v":"Geoligging"},{"$i":"perm-geolocation-appRequest","$v":[{"t":"idOrVar","v":"app"},"wil graag jou ligging weet."]},{"$i":"perm-geolocation-more-info","$v":["{[brandShortName}} gebruik GPS en bykomende aanvullende inligting soos WIFI en mobiele netwerke om jou ligging te bepaal. Liggingsdata mag gebruik word deur ",{"t":"idOrVar","v":"brandShortName"}," en diensverskaffers om akkuraatheid en dekking van liggingsdatabasisse te verbeter. ",{"t":"idOrVar","v":"brandShortName"}," sal altyd toestemming vra wanneer ‘n toepassing toegang tot jou toestel se ligging benodig."]},{"$i":"perm-geolocation-webRequest","$v":[{"t":"idOrVar","v":"site"}," wil graag jou ligging weet."]},{"$i":"perm-idle","$v":"Sien Tussenrat Status"},{"$i":"perm-indexedDB-chrome-settings","$v":"Bevoorregte geïndekseerde DB"},{"$i":"perm-indexedDB-unlimited","$v":"Onbeperkde geïndekseerde Berging"},{"$i":"perm-input-manage","$v":"Bestuur Sleutelborde"},{"$i":"perm-input","$v":"Tree op as ‘n Sleutelbord"},{"$i":"perm-media-capture","$v":"Kamera en Mikrofoon"},{"$i":"perm-media-capture-appRequest","$v":["Wil jy graag jou kamera en mikrofoon met ",{"t":"idOrVar","v":"app"}," deel?"]},{"$i":"perm-media-capture-webRequest","$v":["Wil jy graag jou kamera en mikrofoon met ",{"t":"idOrVar","v":"site"}," deel?"]},{"$i":"perm-mobileconnection","$v":"Mobiele Verbinding"},{"$i":"perm-mobileid","$v":"Mobiele Identiteit"},{"$i":"perm-network-events","$v":"Netwerkgeleenthede"},{"$i":"perm-open-remote-window","$v":"Begin ‘n Toepassing"},{"$i":"perm-permissions","$v":"Wysig Toepassingtoestemmings"},{"$i":"perm-power","$v":"Kraginstellings"},{"$i":"perm-settings","$v":"Wysig Instellings"},{"$i":"perm-systemXHR","$v":"Kruis-Oorsprong Versoeke"},{"$i":"perm-telephony","$v":"Telefonie"},{"$i":"perm-video-capture","$v":"Kamera"},{"$i":"perm-video-capture-appRequest","$v":["Wil jy graag jou kamera deel met die ",{"t":"idOrVar","v":"app"},"?"]},{"$i":"perm-video-capture-webRequest","$v":["Wil jy graag jou kamera deel met die ",{"t":"idOrVar","v":"site"},"?"]},{"$i":"perm-voicemail","$v":"Beheer Stempos"},{"$i":"perm-webapps-manage","$v":"Installeer Web-toepassings"},{"$i":"perm-wifi-manage","$v":"Bestuur WiFi"},{"$i":"perm-attention","$v":"Maak Oortrek Advertensievensters oop"},{"$i":"perm-audio-channel-alarm","$v":"Speel Alarmklanke"},{"$i":"perm-audio-channel-normal","$v":"Speel Klanke"},{"$i":"perm-audio-channel-publicnotification","$v":"Speel publieke kennisgewingsklanke"},{"$i":"perm-audio-channel-telephony","$v":"Speel Telefonieklanke"},{"$i":"perm-backgroundservice","$v":"Tree op as ‘n Agtergronddiens"},{"$i":"perm-device-storage-crashes","$v":"Ineenstorting Data Berging"},{"$i":"perm-downloads","$v":"Verkry toegang tot Aflaaie"},{"$i":"perm-embed-widgets","$v":"Bed komponente in"},{"$i":"perm-feature-detection","$v":"Eienskap Bespeuring"},{"$i":"perm-firefox-accounts","$v":"Firefox-Rekeninge"},{"$i":"perm-mobilenetwork","$v":"Mobiele Netwerk"},{"$i":"perm-moz-attention","$v":"Maak Oortrek Opspringvensters oop (moz)"},{"$i":"perm-moz-audio-channel-ringer","$v":"Speel Luitoonklanke (moz)"},{"$i":"perm-moz-audio-channel-telephony","$v":"Speel Telefonieklanke (moz)"},{"$i":"perm-moz-firefox-accounts","$v":"Firefox-rekeninge (moz)"},{"$i":"perm-networkstats-manage","$v":"Beheer Gebruikstatistieke"},{"$i":"perm-nfc","$v":"NFC"},{"$i":"perm-nfc-hci-events","$v":"NFC HCI Geleenthede"},{"$i":"perm-nfc-manager","$v":"Bestuur NFC"},{"$i":"perm-phonenumberservice","$v":"Foonnommerdiens"},{"$i":"perm-push","$v":"Stoot API"},{"$i":"perm-resourcestats-manage","$v":"Hulpbron Statistieke"},{"$i":"perm-sms","$v":"Stuur en Lees SMS"},{"$i":"perm-speaker-control","$v":"Beheer Volume"},{"$i":"perm-storage","$v":"Kry toegang tot Berging"},{"$i":"perm-tcp-socket","$v":"Tcp Aansluitings"},{"$i":"perm-test-permission","$v":"Toets Toestemming"},{"$i":"perm-time","$v":"Stel Datum en Tyd"},{"$i":"perm-udp-socket","$v":"Udp Aansluitings"},{"$i":"perm-wappush","$v":"WAP Stoot"},{"$i":"stopped_download_title","$v":"Aflaai het gestop"},{"$i":"kai-stopped_download_message","$v":"This download was stopped. Would you like to resume downloading?"},{"$i":"stopped_download_left_button","$v":"Kanselleer"},{"$i":"stopped_download_right_button","$v":"Probeer weer"},{"$i":"failed_download_title","$v":"Aflaai het misluk"},{"$i":"failed_download_message","$v":[{"t":"idOrVar","v":"name"}," het misluk om af te laai. Probeer weer aflaai?"]},{"$i":"failed_download_left_button","$v":"Kanselleer"},{"$i":"failed_download_right_button","$v":"Probeer weer"},{"$i":"stop_download_title","$v":"Stop aflaai"},{"$i":"stop_download_message","$v":"Is jy seker jy wil die aflaai stop?"},{"$i":"stop_download_left_button","$v":"Kanselleer"},{"$i":"stop_download_right_button","$v":"Stop"},{"$i":"delete_download_title","$v":"Skrap"},{"$i":"delete_download_message","$v":["Skrap ",{"t":"idOrVar","v":"name"}]},{"$i":"delete_download_left_button","$v":"Kanselleer"},{"$i":"delete_download_right_button","$v":"Skrap"},{"$i":"delete_all_download_title","$v":"Skrap"},{"$i":"delete_all_download_left_button","$v":"Kanselleer"},{"$i":"delete_all_download_right_button","$v":"Skrap"},{"$i":"delete_all_download_message_ext","$v":"Skrap gekose lêers?"},{"$i":"delete_all_download_message","$v":{"few":["Skrap ",{"t":"idOrVar","v":"number"},"lêers?"],"many":["Skrap ",{"t":"idOrVar","v":"number"},"lêers?"],"one":"Skrap 1 lêer?","other":["Skrap ",{"t":"idOrVar","v":"number"},"lêers?"],"two":["Skrap ",{"t":"idOrVar","v":"number"},"lêers?"],"zero":"Skrap geen lêers?"},"$x":[{"t":"idOrVar","v":"plural"},"number"]},{"$i":"unsupported_file_type_download_title","$v":"Kan nie oopmaak nie"},{"$i":"unsupported_file_type_download_message","$v":["Daar is nie ‘n toepassing wat ",{"t":"idOrVar","v":"name"}," kan oopmaak nie. Wil jy graag die lêer stoor of uitvee?"]},{"$i":"unsupported_file_type_download_left_button","$v":"Hou lêer"},{"$i":"unsupported_file_type_download_right_button","$v":"Skrap"},{"$i":"file_not_found_download_title","$v":"Lêer nie gevind nie"},{"$i":"file_not_found_download_message","$v":"Die lêer is nie op die toestel gevind nie"},{"$i":"file_not_found_download_right_button","$v":"Goed"},{"$i":"unmounted_sdcard_2_download_title","$v":"Geheuekaart word tans gebruik"},{"$i":"unmounted_sdcard_2_download_message","$v":"Ontprop die foon"},{"$i":"unmounted_sdcard_2_download_right_button","$v":"Goed"},{"$i":"no_provider_download_title","$v":"Kan nie oopmaak nie"},{"$i":"no_provider_download_message","$v":"Hierdie lêerformaat is ongeldig of word nie ondersteun nie."},{"$i":"no_provider_download_right_button","$v":"Goed"},{"$i":"no_memory_download_title","$v":"SD-kaart is vol."},{"$i":"no_memory_download_message","$v":"Daar is nie meer spasie op jou SD-kaart om jou aflaai te stoor nie. Verwyder asseblief ‘n paar lêers voordat die aflaai weer begin word."},{"$i":"no_memory_download_right_button","$v":"Goed"},{"$i":"no_sdcard_found_2_download_title","$v":"Geen geheuekaart gevind nie"},{"$i":"no_sdcard_found_2_download_message","$v":"Voer ‘n geheuekaart in of kies ‘n ander verstek medialigging in instellings"},{"$i":"no_sdcard_found_2_download_right_button","$v":"Goed"},{"$i":"file_open_error_download_title","$v":"Bevestiging"},{"$i":"file_open_error_download_message","$v":"Hierdie lêerformaat is ongeldig of onondersteun. Wil jy graag die lêer uitvee?"},{"$i":"file_open_error_download_left_button","$v":"Hou lêer"},{"$i":"file_open_error_download_right_button","$v":"Skrap"},{"$i":"restart_download_error","$v":"Daar was ‘n fout tydens die aflaai se herlaai. Probeer asseblief om weer af te laai."},{"$i":"no-downloads","$v":"Geen aflaaisels nie."},{"$i":"percentage","$v":[{"t":"idOrVar","v":"percentage"}," %"]},{"$i":"partialResult","$v":[{"t":"idOrVar","v":"partial"}," / ",{"t":"idOrVar","v":"total"}]},{"$i":"summary","$v":[{"t":"idOrVar","v":"date"}," - ",{"t":"idOrVar","v":"status"}]},{"$i":"download-stopped","$v":"Het gestop"},{"$i":"download-failed","$v":"Aflaai het misluk"},{"$i":"open_downloaded_file","$v":"Maak oop"},{"$i":"share_downloaded_file","$v":"Deel"},{"$i":"wallpaper_downloaded_file","$v":"Stel as muurpapier"},{"$i":"ringtone_downloaded_file","$v":"Stel as luitoon"},{"$i":"cancel_downloaded_file","$v":"Kanselleer"},{"$i":"voicemailNoNumberTitle","$v":"Stemposnommer is onbeskikbaar"},{"$i":"voicemailNoNumberText","$v":"Nie in staat om die stempos te bel nie. Stel die stemposnommer op om die oproep te plaas."},{"$i":"voicemailNoNumberSettings","$v":"Instellings"},{"$i":"voicemailNoNumberCancel","$v":"Kanselleer"},{"$i":"airplaneMode","$v":"Vliegtuigmodus"},{"$i":"noNetwork","$v":"Geen netwerk"},{"$i":"roaming","$v":[{"t":"idOrVar","v":"Operator"}," (Swerf)"]},{"$i":"operator-info","$v":[{"t":"idOrVar","v":"carrier"}," ",{"t":"idOrVar","v":"region"}]},{"$i":"emergencyCallsOnly","$v":"Net noodoproepe"},{"$i":"emergencyCallsOnly-unknownSIMState","$v":"Onbekende SIM-kaart toestand"},{"$i":"emergencyCallsOnly-noSIM","$v":"(Geen SIM)"},{"$i":"emergencyCallsOnly-pinRequired","$v":"(SIM PIN vereis)"},{"$i":"emergencyCallsOnly-pukRequired","$v":"(SIM POK vereis)"},{"$i":"emergencyCallsOnly-networkLocked","$v":"(Netwerk gesluit)"},{"$i":"emergencyCallsOnly-serviceProviderLocked","$v":"(Diensverskaffer gesluit)"},{"$i":"emergencyCallsOnly-corporateLocked","$v":"(Korporatief gesluit)"},{"$i":"emergencyCallsOnly-network1Locked","$v":"(Netwerk1 gesluit)"},{"$i":"emergencyCallsOnly-network2Locked","$v":"(Netwerk2 gesluit)"},{"$i":"emergencyCallsOnly-hrpdNetworkLocked","$v":"(Hrpd netwerk gesluit)"},{"$i":"emergencyCallsOnly-ruimCorporateLocked","$v":"(Ruim korporatief gesluit)"},{"$i":"emergencyCallsOnly-ruimServiceProviderLocked","$v":"(Ruim diensverskaffer gesluit)"},{"$i":"lockscreen-sim-id","$v":["SIM ",{"t":"idOrVar","v":"n"}]},{"$i":"charging-no-time","$v":[{"t":"idOrVar","v":"level"},"% Gelaai"]},{"$i":"charging-minutes","$v":{"few":[{"t":"idOrVar","v":"level"},"% Gelaai (",{"t":"idOrVar","v":"minutes"}," min tot ten volle gelaai)"],"many":[{"t":"idOrVar","v":"level"},"% Gelaai (",{"t":"idOrVar","v":"minutes"}," min tot ten volle gelaai)"],"one":[{"t":"idOrVar","v":"level"},"% Gelaai (",{"t":"idOrVar","v":"minutes"}," min tot ten volle gelaai)"],"other":[{"t":"idOrVar","v":"level"},"% Gelaai (",{"t":"idOrVar","v":"minutes"}," min tot ten volle gelaai)"],"two":[{"t":"idOrVar","v":"level"},"% Gelaai (",{"t":"idOrVar","v":"minutes"}," min tot ten volle gelaai)"],"zero":[{"t":"idOrVar","v":"level"},"% Gelaai (",{"t":"idOrVar","v":"minutes"}," min tot ten volle gelaai)"]},"$x":[{"t":"idOrVar","v":"plural"},"minutes"]},{"$i":"charging-hours","$v":{"few":[{"t":"idOrVar","v":"level"},"% Gelaai (",{"t":"idOrVar","v":"hours"},"u ",{"t":"idOrVar","v":"minutes"}," min tot ten volle gelaai)"],"many":[{"t":"idOrVar","v":"level"},"% Gelaai (",{"t":"idOrVar","v":"hours"},"u ",{"t":"idOrVar","v":"minutes"}," min tot ten volle gelaai)"],"one":[{"t":"idOrVar","v":"level"},"% Gelaai (",{"t":"idOrVar","v":"hours"},"u ",{"t":"idOrVar","v":"minutes"}," min tot ten volle gelaai)"],"other":[{"t":"idOrVar","v":"level"},"% Gelaai (",{"t":"idOrVar","v":"hours"},"u ",{"t":"idOrVar","v":"minutes"}," min tot ten volle gelaai)"],"two":[{"t":"idOrVar","v":"level"},"% Gelaai (",{"t":"idOrVar","v":"hours"},"u ",{"t":"idOrVar","v":"minutes"}," min tot ten volle gelaai)"],"zero":[{"t":"idOrVar","v":"level"},"% Gelaai (",{"t":"idOrVar","v":"hours"},"u ",{"t":"idOrVar","v":"minutes"}," min tot ten volle gelaai)"]},"$x":[{"t":"idOrVar","v":"plural"},"minutes"]}]