[{"$i":"ok","$v":"OK"},{"$i":"back","$v":"Geriyə"},{"$i":"help","$v":"Kömək"},{"$i":"cancel","$v":"Ləğv et"},{"$i":"close","$v":"Bağla"},{"$i":"skip","$v":"Ötür"},{"$i":"enable","$v":"Aktiv et"},{"$i":"turnOn","$v":"Aç"},{"$i":"save","$v":"Saxla"},{"$i":"select","$v":"Seç"},{"$i":"deselect","$v":"Ləğv et"},{"$i":"go","$v":"Get"},{"$i":"search","$v":"Axtar"},{"$i":"options","$v":"Seçimlər"},{"$i":"exit","$v":"Çıx"},{"$i":"signIn","$v":"Daxil Ol"},{"$i":"dismiss","$v":"Rədd et"},{"$i":"dismiss-all","$v":"Hamısını rədd et"},{"$i":"undo","ariaLabel":"Ləğv et"},{"$i":"lockscreenEnterLockCode","$v":"4 rəqəmli kodu daxil edin"},{"$i":"lockscreenCheckLockCode","$v":"Yanlış kod. Yenidən cəhd edin."},{"$i":"lockscreenDeviceLocked","$v":"Qurğu kilidlənib, 30 saniyə sonra yenidən cəhd edin."},{"$i":"pocketmodeLongPress","$v":"Sürüşdürün və ya basın"},{"$i":"pocketmodeToUnlock","$v":"kilidi açmaq"},{"$i":"enterPIN","$v":"Kiliddən çıxarmaq üçün 6 rəqəmli kodu daxil edin"},{"$i":"mediaPlaybackTrack","$v":"Mahnı adı və ifaçısı"},{"$i":"mediaPlaybackControls","$v":"Səsləndirmə nəzarət elementləri"},{"$i":"mediaPlaybackPrevious","$v":"Əvvəlki"},{"$i":"mediaPlaybackPlay","$v":"Səsləndir"},{"$i":"mediaPlaybackPause","$v":"Pauza"},{"$i":"mediaPlaybackNext","$v":"Növbəti"},{"$i":"UnknownTrack","$v":"Naməlum mahnı"},{"$i":"wifiButton-on","$v":"Wi-Fi açıqdır"},{"$i":"wifiButton-on-initializing","$v":"Wi-Fi açıqdır, işə başlayır"},{"$i":"wifiButton-off","$v":"Wi-Fi bağlıdır"},{"$i":"dataButton-on","$v":["Məlumat ",{"t":"idOrVar","v":"type"}," açıqdır"]},{"$i":"dataButton-off","$v":["Məl ",{"t":"idOrVar","v":"type"}," bağ"]},{"$i":"bluetoothButton-on","$v":"Bluetooth yandırıldı"},{"$i":"bluetoothButton-on-initializing","$v":"Bluetooth açıqdır, işə başlayır"},{"$i":"bluetoothButton-off","$v":"Bluetooth söndürüldü"},{"$i":"airplaneMode-on","$v":"Təyyarə rejimi açıqdır"},{"$i":"airplaneMode-off","$v":"Təyyarə rejimi bağlıdır"},{"$i":"airplaneOff","$v":"Təyyarə rejimini bağla"},{"$i":"settingsButton","ariaLabel":"Parametrlər"},{"$i":"simLabel","$v":["SIM ",{"t":"idOrVar","v":"id"}]},{"$i":"statusbarLabel","$v":[{"t":"idOrVar","v":"date"},", ",{"t":"idOrVar","v":"operator"}]},{"$i":"statusbarDateFormat","$v":"%b %e"},{"$i":"statusbar","ariaLabel":"Status Sətri"},{"$i":"statusbarBattery","ariaLabel":["Batareya ",{"t":"idOrVar","v":"level"}," faiz"]},{"$i":"statusbarBatteryCharging","ariaLabel":["Batareya ",{"t":"idOrVar","v":"level"}," faiz, dolur"]},{"$i":"statusbarFlightMode","ariaLabel":"Təyyarə rejimi açıqdır"},{"$i":"statusbarWiFiConnecting","$v":"Wi-Fi: birləşir"},{"$i":"statusbarWiFiConnected","$v":["Wi-Fi: ",{"t":"idOrVar","v":"level"}," cəmi 4 sütun"]},{"$i":"statusbarSignal","$v":[{"t":"idOrVar","v":"operator"}," şəbəkə ",{"t":"idOrVar","v":"level"}," cəmi 5 sütun"]},{"$i":"statusbarSignalRoaming","$v":[{"t":"idOrVar","v":"operator"}," şəbəkə (rouminq), ",{"t":"idOrVar","v":"level"}," cəmi 5 sütun"]},{"$i":"statusbarSignalNoneSearching","$v":"Axtarır… Yaln təc zənglər"},{"$i":"statusbarHeadphones","ariaLabel":"Qulaqlıqlar açıqdır"},{"$i":"statusbarBluetoothHeadphones","ariaLabel":"Bluetooth qulaqlıqları açıqdır"},{"$i":"statusbarBluetoothTransferring","ariaLabel":"Bluetooth ötürməsi aktivdir"},{"$i":"statusbarIconOn-tethering","$v":"Sazlama açıqdır"},{"$i":"statusbarIconOnActive-tethering","$v":"Sazlama açıqdır, aktiv"},{"$i":"statusbarAlarm","ariaLabel":"Siqnal açıqdır"},{"$i":"statusbarIME","ariaLabel":"IME açıqdır"},{"$i":"statusbarIconOn-bluetooth","$v":"Bluetooth açıqdır"},{"$i":"statusbarIconOnActive-bluetooth","$v":"Bluetooth açıqdır, aktiv"},{"$i":"statusbarIconOn-mute","$v":"Səssiz rejim aktivdir"},{"$i":"statusbarIconOn-vibration","$v":"Vibrasiya açıqdır"},{"$i":"statusbarRecording","ariaLabel":"Səsyazma açıqdır"},{"$i":"statusbarGeolocation","ariaLabel":"Geolokasiya açıqdır"},{"$i":"statusbarUsb","ariaLabel":"USB açıqdır"},{"$i":"statusbarForwarding","$v":"Zəng yönləndirmə açıqdır"},{"$i":"statusbarPlaying","ariaLabel":"Media səslənir"},{"$i":"statusbarNfc","ariaLabel":"NFC açıqdır"},{"$i":"statusbarDownloads","ariaLabel":"Yüklənir…"},{"$i":"statusbarNetworkActivity","ariaLabel":"Şəbəkələşmə açıqdır"},{"$i":"statusbarEmergencyCBNotification","ariaLabel":"Təcili geri zəng"},{"$i":"statusbarNotifications","$v":{"few":[{"t":"idOrVar","v":"n"}," Bildiriş"],"many":[{"t":"idOrVar","v":"n"}," Bildiriş"],"one":[{"t":"idOrVar","v":"n"}," Bildiriş"],"other":[{"t":"idOrVar","v":"n"}," Bildiriş"],"two":[{"t":"idOrVar","v":"n"}," Bildiriş"]},"$x":[{"t":"idOrVar","v":"plural"},"n"]},{"$i":"statusbarNotifications-unread","ariaLabel":{"$x":[{"t":"idOrVar","v":"plural"},"n"],"$v":{"few":[{"t":"idOrVar","v":"n"}," oxunmamış bildiriş"],"many":[{"t":"idOrVar","v":"n"}," oxunmamış bildiriş"],"one":[{"t":"idOrVar","v":"n"}," oxunmamış bildiriş"],"other":[{"t":"idOrVar","v":"n"}," oxunmamış bildiriş"],"two":[{"t":"idOrVar","v":"n"}," oxunmamış bildiriş"]}}},{"$i":"clear","$v":"Sil"},{"$i":"clear-all","$v":"Hamısını sil"},{"$i":"notification-title","$v":{"few":[{"t":"idOrVar","v":"n"}," Bildiriş"],"many":[{"t":"idOrVar","v":"n"}," Bildiriş"],"one":[{"t":"idOrVar","v":"n"}," Bildiriş"],"other":[{"t":"idOrVar","v":"n"}," Bildiriş"],"two":[{"t":"idOrVar","v":"n"}," Bildiriş"],"zero":[{"t":"idOrVar","v":"n"}," Bildiriş"]},"$x":[{"t":"idOrVar","v":"plural"},"n"]},{"$i":"notification-dialog-no-notices","$v":"Heç bir Bildiriş yoxdur"},{"$i":"notification-title-new","$v":{"few":[{"t":"idOrVar","v":"n"}," Bildiriş"],"many":[{"t":"idOrVar","v":"n"}," Bildiriş"],"other":[{"t":"idOrVar","v":"n"}," Bildiriş"],"two":[{"t":"idOrVar","v":"n"}," Bildiriş"],"one":[{"t":"idOrVar","v":"n"}," Bildiriş"],"zero":[{"t":"idOrVar","v":"n"}," Bildiriş"]},"$x":[{"t":"idOrVar","v":"plural"},"n"]},{"$i":"notification-dialog-no-notices-new","$v":"Bildiriş yoxdur"},{"$i":"attentionScreen-tapToShow","$v":"Göstərmək üçün sıxın"},{"$i":"camera","$v":"Kamera"},{"$i":"kai-dflt-value-level","$v":"Dəyər səviyyəsini qur"},{"$i":"kai-dflt-range-value-name","$v":"Səviyyə"},{"$i":"newVoicemails","$v":{"few":[{"t":"idOrVar","v":"n"}," yeni səs mesajı"],"many":[{"t":"idOrVar","v":"n"}," yeni səs mesajı"],"one":"Bir yeni səsli poçt","other":[{"t":"idOrVar","v":"n"}," yeni səs mesajı"],"two":[{"t":"idOrVar","v":"n"}," yeni səs mesajı"],"zero":"Heç bir səsli poçt yoxdur"},"$x":[{"t":"idOrVar","v":"plural"},"n"]},{"$i":"newVoicemailsUnknown","$v":"Yeni səsli poçt"},{"$i":"dialNumber","$v":[{"t":"idOrVar","v":"number"}," nömrəsini yığ"]},{"$i":"voicemailNotificationMultiSim","$v":["(SIM ",{"t":"idOrVar","v":"n"},") ",{"t":"idOrVar","v":"title"}]},{"$i":"euRoamingNotificationTitle","$v":"EU internet aşkar edildi"},{"$i":"euRoamingNotificationMsg","$v":"Dəyişmək üçün sıxın."},{"$i":"restart","$v":"Yen başlat"},{"$i":"power","$v":"Enerjini söndürmək"},{"$i":"lock","$v":"Bağlamaq"},{"$i":"cleanup","$v":"Yaddaşı təmizləyin"},{"$i":"no-recent-app-windows","$v":"Son proqram pəncərələriniz burada göstərilir"},{"$i":"no-recent-browser-windows","$v":"Son brauzer pəncərələriniz burada göstərilir"},{"$i":"closeCard","ariaLabel":"Bağla"},{"$i":"openCard","ariaLabel":"Aç"},{"$i":"yes","$v":"Bəli"},{"$i":"no","$v":"Xeyr"},{"$i":"dontallow","$v":"İcazə vermə"},{"$i":"allow","$v":"İcazə ver"},{"$i":"dontshare-geolocation","$v":"Paylaşma"},{"$i":"share-geolocation","$v":"Paylaş"},{"$i":"dontshare-audio-capture","$v":"Paylaşma"},{"$i":"share-audio-capture","$v":"Paylaş"},{"$i":"dontshare-video-capture","$v":"Paylaşma"},{"$i":"share-video-capture","$v":"Paylaş"},{"$i":"dontshare-media-capture","$v":"Paylaşma"},{"$i":"share-media-capture","$v":"Paylaş"},{"$i":"device-front","$v":"Ön Kamera"},{"$i":"device-back","$v":"Arxa kamera"},{"$i":"front-camera","$v":"Ön kamera"},{"$i":"back-camera","$v":"Arxa kamera"},{"$i":"more-info","$v":"Daha çox məlumat…"},{"$i":"hide-info","$v":"Məlumatı gizlət"},{"$i":"install-app","$v":[{"t":"idOrVar","v":"name"}," quraşdırılsın?"]},{"$i":"size","$v":"Ölçü"},{"$i":"author","$v":"Müəllif"},{"$i":"size-unknown","$v":"Naməlum"},{"$i":"author-unknown","$v":"Naməlum"},{"$i":"install","$v":"Quraşdır"},{"$i":"bytes","$v":"baytlar"},{"$i":"kB","$v":"KB"},{"$i":"MB","$v":"MB"},{"$i":"GB","$v":"GB"},{"$i":"TB","$v":"TB"},{"$i":"PB","$v":"PB"},{"$i":"app-install-generic-error","$v":[{"t":"idOrVar","v":"appName"}," yükl. dayandı"]},{"$i":"app-install-download-failed","$v":[{"t":"idOrVar","v":"appName"}," yükl. uğurs."]},{"$i":"app-install-install-failed","$v":[{"t":"idOrVar","v":"appName"}," quraşd. uğurs."]},{"$i":"cancelling-will-not-refund","$v":"Ləğv ödən geri qaytarm. Ödənişli məzm üç geri ödəniş orij sat tər təmin edilir."},{"$i":"apps-can-be-installed-later","$v":"Proqramlar sonra orijinal quraşdırma mənbəsindən quraşdırıla bilər."},{"$i":"are-you-sure-you-want-to-cancel","$v":"Bu quraşdırmanı ləğv etmək istədiyinizə əminsiniz?"},{"$i":"cancel-install","$v":"Quraşd ləğv et"},{"$i":"cancel-install-button","$v":"Quraşd ləğv et"},{"$i":"resume","$v":"Davam et"},{"$i":"continue","$v":"Davam et"},{"$i":"stopDownloading","$v":[{"t":"idOrVar","v":"app"}," yüklənməsi dayandırılsın?"]},{"$i":"app-download-can-be-restarted","$v":"Yükləmə daha sonra yenidən başlanıla bilər."},{"$i":"app-download-stop-button","$v":"Yükləməni Dayandır"},{"$i":"not-enough-space","$v":"Kifayət qədər sahə yoxdur"},{"$i":"not-enough-space-message","$v":"Bu proqramı quraşdırmaq üçün kifayət qədər sahə yoxdur. Köhnə proqramları və ya mediaları silərək boş sahə yaradın və orijinal mənbədən yenidən quraşdırmağa cəhd edin."},{"$i":"app-install-success","$v":[{"t":"idOrVar","v":"appName"}," quraşd."]},{"$i":"app-install-update","$v":[{"t":"idOrVar","v":"appName"}," yenilənib"]},{"$i":"langpack-install-success2","$v":[{"t":"idOrVar","v":"appName"}," quraşdırıldı. Aktiv etmək üçün Parametrlər > Dil üzrə gedin."]},{"$i":"setup","$v":"Quraşdır"},{"$i":"ime-addkeyboards","$v":"Klaviaturalar əlavə et"},{"$i":"ime-lowercase","$v":"Aşağı registr"},{"$i":"ime-uppercase","$v":"Yuxarı registr"},{"$i":"ime-number","$v":"Nömrə"},{"$i":"ime-capitalize","$v":"Böyük hərflər"},{"$i":"ime-t9","$v":"T9"},{"$i":"ime-r9","$v":"R9"},{"$i":"ime-predictive","$v":"Təxmini"},{"$i":"ime-insert-word","$v":"Sözü daxil edin"},{"$i":"ime-voice-input-messsage","$v":"Mətn sahəsində danışmaq üçün OK düyməsini basıb saxlayın."},{"$i":"later","$v":"Sonra"},{"$i":"download","$v":"Yükləmə"},{"$i":"wantToDownload","$v":"Yeniləmə indi yüklənsin?"},{"$i":"wantToInstallNow","$v":"İndi yeniləməni quraşdırmaq istəyirsiniz? Telefonunuzu bir neçə dəqiqə istifadə edə bilməyəcəksiniz."},{"$i":"installNow","$v":"İndi quraşdır"},{"$i":"notNow","$v":"İndi Deyil"},{"$i":"downloadingUpdateMessage","innerHTML":{"$o":["Yeniləmələr yüklənir… <span>",{"t":"idOrVar","v":"progress"}," yükləndi.</span>"]}},{"$i":"downloadingAppMessage","$v":[{"t":"idOrVar","v":"appName"}," yüklənir"]},{"$i":"downloadingAppProgressNoMax","$v":[{"t":"idOrVar","v":"progress"}," yükləndi"]},{"$i":"downloadingAppProgressIndeterminate","$v":"Yükləmə"},{"$i":"downloadingAppProgress","$v":[{"t":"idOrVar","v":"progress"}," / ",{"t":"idOrVar","v":"max"}," yükləndi"]},{"$i":"cancelAllDownloads","$v":"Büt yükl ləğv et"},{"$i":"wantToCancelAll","$v":"Bütün yükləmələri ləğv etmək istədiyinizə əminsiniz?"},{"$i":"downloadError","$v":"Yeniləmələri yükləyərkən xəta baş verdi."},{"$i":"updateAvailableInfo","innerHTML":{"$x":[{"t":"idOrVar","v":"plural"},"n"],"$v":{"few":{"$o":[{"t":"idOrVar","v":"n"}," yeniləmə mövcuddur. <span>Əlav. məl.üç. sıx.</span>"]},"many":{"$o":[{"t":"idOrVar","v":"n"}," yeniləmə mövcuddur. <span>Əlav. məl.üç. sıx.</span>"]},"one":{"$o":[{"t":"idOrVar","v":"n"}," yeniləmə mövcuddur. <span>Əlav. məl.üç. sıx.</span>"]},"other":{"$o":[{"t":"idOrVar","v":"n"}," yeniləmə mövcuddur. <span>Əlav. məl.üç. sıx.</span>"]},"two":{"$o":[{"t":"idOrVar","v":"n"}," yeniləmə mövcuddur. <span>Əlav. məl.üç. sıx.</span>"]}}}},{"$i":"numberOfUpdates","$v":{"few":[{"t":"idOrVar","v":"n"}," Bildirişlər"],"many":[{"t":"idOrVar","v":"n"}," Bildirişlər"],"one":[{"t":"idOrVar","v":"n"}," Bildirişlər"],"other":[{"t":"idOrVar","v":"n"}," Bildirişlər"],"two":[{"t":"idOrVar","v":"n"}," Bildirişlər"]},"$x":[{"t":"idOrVar","v":"plural"},"n"]},{"$i":"systemUpdate","$v":"Sistem yeniləməsi"},{"$i":"systemUpdateReady","$v":"Sistem Yeniləməsi Hazırdır"},{"$i":"updates","$v":"Yeniləmələr"},{"$i":"systemUpdateLowBatteryThreshold","$v":["Yeniləməni quraşdırmağınız üçün ən azı ",{"t":"idOrVar","v":"threshold"},"% batareya səviyyəsi olmalıdır."]},{"$i":"required","$v":"Tələb edilir"},{"$i":"uncompressingMessage","innerHTML":{"$o":"Açılır… <span>Bu bir neçə dəqiqə çəkə bilər.</span>"}},{"$i":"downloadWifiPrioritizedUsing2G","$v":"Yeniləmələr Wi-Fi mövcud olmayanda məlumat bağlantısı vasitəsilə yüklənir. Məlumat bağlantısı istifadə edərkən telefon zəngləri bloklana bilər və həmçinin əlavə ödənişlər tətbiq oluna bilər."},{"$i":"downloadWifiPrioritized3","$v":"Yeniləmələr Wi-Fi mövcud olmayanda məlumat bağlantısı vasitəsilə yüklənir. Məlumat bağlantısı istifadə edərkən əlavə ödənişlər tətbiq oluna bilər."},{"$i":"downloadNoWifiWarning","$v":"Wi-Fi mövcud deyil. Mövcud bağlantı üzrə yeniləmə əlavə ödənişə səbəb ola bilər."},{"$i":"downloadOfflineWarning2","$v":"Yeniləmələri yükləmək üçün şəbəkəyə qoşulun."},{"$i":"downloadUpdatesViaDataConnection","$v":"Yeniləmələr məlumat bağlantısı üzərindən yüklənsin?"},{"$i":"downloadUpdatesVia2GForbidden3","$v":"Asta bağlantılarda (2G) yeniləmələri yükləmək mümkün deyil. Wi-Fi və ya 3G (əgər varsa) üzrə qoşulun və təkrar cəhd edin."},{"$i":"downloadUpdatesViaDataConnectionMessage3","$v":"Məlumat bağlantısı istifadə edərkən əlavə xərclər tətbiq oluna bilər. Davam etmək istəyirsiniz?"},{"$i":"downloadUpdatesViaDataRoamingConnection","$v":"Yeniləmələr məlumat rouminqi üzərindən yüklənsin?"},{"$i":"downloadUpdatesViaDataRoamingConnectionMessage","$v":"Siz hazırda rouminq edirsiniz və əlavə ödənişlər tətbiq oluna bilər. Davam etmək istəyirsiniz?"},{"$i":"screenshotSaved","$v":"Ekr çəkilişi Qaler saxlandı"},{"$i":"screenshotFailed","$v":"Ekran görüntüsü saxlanılmır"},{"$i":"screenshotNoSDCard","$v":"Heç bir yaddaş kartı tapılmadı"},{"$i":"screenshotSDCardInUse","$v":"Yaddaş kartı istifadə edilir"},{"$i":"screenshotSDCardLow","$v":"Yaddaş kartında kifayət qədər yer yoxdur"},{"$i":"emergency-call-button","$v":"Təcili Zəng"},{"$i":"emergency-call","$v":"Təcili"},{"$i":"unlock-a11y-button","ariaLabel":"Kilidi aç"},{"$i":"camera-a11y-button","ariaLabel":"Kamera"},{"$i":"longDateFormat","$v":"%A, %B %e"},{"$i":"clockDateFormat","$v":"%a, %e %b"},{"$i":"panel-passcode","ariaLabel":"Keçid kodu paneli"},{"$i":"open-notification","$v":"aç"},{"$i":"unlock","$v":"Kilidi aç"},{"$i":"login","$v":"Daxil ol"},{"$i":"sign-in-to-website","$v":"Veb-sayta daxil ol"},{"$i":"username","$v":"İstifadəçi adı"},{"$i":"password","$v":"Parol"},{"$i":"show-password","$v":"Parolu göstər"},{"$i":"http-authentication-message2","$v":[{"t":"idOrVar","v":"host"}," veb-saytı daxil olmağınızı tələb edir."]},{"$i":"error-message","$v":[{"t":"idOrVar","v":"name"}," düzgün yüklənmir"]},{"$i":"error-title","$v":[{"t":"idOrVar","v":"name"}," problemlər yaşayır"]},{"$i":"unable-to-connect","$v":"Qoşulmaq olmur"},{"$i":"tap-to-check-settings","$v":"Parametrl yoxlam üç sıx"},{"$i":"set","$v":"Qur"},{"$i":"delete-title","$v":[{"t":"idOrVar","v":"name"}," sil"]},{"$i":"delete-body","$v":[{"t":"idOrVar","v":"name"}," və onun bütün məlumatları silinəcək."]},{"$i":"delete","$v":"Sil"},{"$i":"delete-desc","$v":"Onu silmək istədiyinizə əminsiniz?"},{"$i":"unrecoverable-error-title","$v":"Proqramı sil"},{"$i":"unrecoverable-error-body","$v":"Bərpa edilməyən xətaya görə proqramı quraşdırmaq olmur. Yenidən yükləməyə cəhd edin. Proqram çıxarılacaq."},{"$i":"unrecoverable-error-action","$v":"OK"},{"$i":"instant-settings","$v":"ani parametrlər"},{"$i":"settings","$v":"Parametrlər"},{"$i":"flashlight","$v":"Fənər"},{"$i":"brightness","$v":"Parlaqlıq"},{"$i":"volume","$v":"Səs səviyəsi"},{"$i":"calculator","$v":"Kalkulyator"},{"$i":"airplane-mode","$v":"Təyyarə Rejimi"},{"$i":"wifi","$v":"Wi-Fi"},{"$i":"bluetooth","$v":"Bluetooth"},{"$i":"cellular-data","$v":"Mobil Məlumat"},{"$i":"on","$v":"Açıq"},{"$i":"off","$v":"Bağlı"},{"$i":"percentage-number","$v":[{"t":"idOrVar","v":"number"},"%"]},{"$i":"select-time","$v":"Vaxtı seç"},{"$i":"select-date","$v":"Tarixi seç"},{"$i":"battery-almost-empty-plug-in-your-charger","$v":"Batareyanız zəifdir. Dolum cihazınızı qoşun."},{"$i":"battery-temperature-warning-header","$v":"Xəbərdarlıq"},{"$i":"battery-temperature-high","$v":"Temperatur çox yüksəkdir. Temperatur qalxmağa davam etsə, telefon sönəcək."},{"$i":"battery-temperature-high-stop-charging","$v":"Temperatur çox yüksəkdir. Batareya doldurulmanı dayandırılıb. Temperatur qalxmağa davam etsə, telefon sönəcək."},{"$i":"battery-temperature-low","$v":"Temperatur çox aşağıdır. Temperatur azalmağa davam etsə, telefon sönəcək."},{"$i":"battery-temperature-low-stop-charging","$v":"Temperatur çox aşağıdır. Batareya doldurulmanı dayandırılıb. Temperatur azalmağa davam etsə, telefon sönəcək."},{"$i":"crash-dialog2-os","$v":[{"t":"idOrVar","v":"brandShortName"}," sadəcə qəzadan bərpa edildi"]},{"$i":"crash-dialog-app","$v":[{"t":"idOrVar","v":"name"}," sadəcə qəzalıdır"]},{"$i":"crash-dialog-app-noname","$v":"Nə isə"},{"$i":"crash-dialog-message","$v":"Problemi həll etməyimiz üçün KaiOS-a qəza barədə hesabat göndərmək istəyirsiniz? (Hesabatlar yalnız Wi-Fi üzərindən göndərilir.)"},{"$i":"crash-info-link","$v":"Qəza hesabatında nə var?"},{"$i":"crash-always-report","$v":"Qəza baş verdiyi zaman həmişə KaiOS-a hesabat göndər."},{"$i":"crash-dont-send","$v":"Göndərmə"},{"$i":"crash-end","$v":"Hesabatı göndər"},{"$i":"crashReports","$v":"Qəza Hesabatları"},{"$i":"done","$v":"Hazırdır"},{"$i":"crash-reports-description-1","$v":"Qəza hesabatı qəza və cihazınız haqqında bəzi təfsilatları, həm də qəza zamanı cihazınızın vəziyyətinin ani çəkilişini ehtiva edir."},{"$i":"crash-reports-description-2","$v":"Bu, açıq səhifələr və proqramlar, formalara yazılmış mətn və açıq mesajların məzmunu, son baxış tarixçəsi və ya açıq proqram tərəfindən istifadə edilən geolokasiya kimi şeyləri ehtiva edə bilər."},{"$i":"crash-reports-description-3-start","$v":"Qəza hesabatlarını problemləri düzəltmək və məhsullarımızı təkmilləşdirmək üçün istifadə edirik. Məlumatınızı bizim  təsvir etdiyimiz kimi idarə edirik"},{"$i":"crash-reports-description-3-privacy","$v":"məxfilik siyasəti"},{"$i":"crash-reports-description-3-end","$v":"."},{"$i":"crash-banner-os2","$v":[{"t":"idOrVar","v":"brandShortName"}," sadəcə qəzalıdır."]},{"$i":"crash-banner-app","$v":[{"t":"idOrVar","v":"name"}," sadəcə qəzalıdır."]},{"$i":"crash-banner-report","$v":"Hesabat"},{"$i":"bluetooth-sending-progress","$v":"Fayl Bluetooth üzrə göndərilir"},{"$i":"bluetooth-receiving-progress","$v":"Fayl Bluetooth üzrə qəb ed"},{"$i":"acceptFileTransfer","$v":"Sorğunu Ötür"},{"$i":"requestToReceive","$v":[{"t":"idOrVar","v":"deviceName"}," fayllar göndərmək istəyir. Qəbul etmək istəyirsiniz?"]},{"$i":"wantToReceiveFile","$v":[{"t":"idOrVar","v":"deviceName"},", ",{"t":"idOrVar","v":"fileName"}," (",{"t":"idOrVar","v":"fileSize"},")köçürmək istəyir."]},{"$i":"transfer-confirmation-title","$v":[{"t":"idOrVar","v":"deviceName"}]},{"$i":"transfer-confirmation-description","$v":"Ötürmə sorğ nəz keçir."},{"$i":"byteUnit-B","$v":"B"},{"$i":"byteUnit-KB","$v":"KB"},{"$i":"byteUnit-MB","$v":"MB"},{"$i":"byteUnit-GB","$v":"GB"},{"$i":"byteUnit-TB","$v":"TB"},{"$i":"byteUnit-PB","$v":"PB"},{"$i":"byteUnit-EB","$v":"EB"},{"$i":"byteUnit-ZB","$v":"ZB"},{"$i":"byteUnit-YB","$v":"YB"},{"$i":"fileSize","$v":[{"t":"idOrVar","v":"size"}," ",{"t":"idOrVar","v":"unit"}]},{"$i":"deny","$v":"İnkar"},{"$i":"transfer","$v":"Ötürülmə"},{"$i":"accept","$v":"Qəbul et"},{"$i":"stop","$v":"Dayandır"},{"$i":"cancelFileTransfer","$v":"Bluetooth fayl ötür ləğv edil.?"},{"$i":"continueFileTransfer","$v":"Davam et"},{"$i":"transfer-has-started-title","$v":"Fayl ötürülməsi başlamağa hazırdır"},{"$i":"transfer-has-started-description","$v":"Təsdiqləmə gözləyir"},{"$i":"transfer-has-started-toast","$v":"Fayl ötürülməsi başladı. Bildirişlərdə irəliləyişi yoxlayın"},{"$i":"transferFinished-sentSuccessful-title","$v":"Fayl göndərildi"},{"$i":"transferFinished-receivedSuccessful-title","$v":"Fayl qəbul edildi"},{"$i":"transferFinished-failed-title","$v":"Fayl ötürülməsi uğursuz oldu"},{"$i":"transferFinished-try-again-description","$v":"Faylı hazırda göndərmək olmur. Daha sonra yenidən cəhd edin."},{"$i":"transferReport-title","$v":"Hesabatı ötür:"},{"$i":"transferReport-description","$v":[{"t":"idOrVar","v":"numSuccessful"}," fayl uğurludur, ",{"t":"idOrVar","v":"numUnsuccessful"}," fayl uğursuzdur"]},{"$i":"unknown-file","$v":"Naməlum fayl"},{"$i":"unknown-device","$v":"Naməlum cihaz"},{"$i":"cannotOpenFile","$v":"Qəbul edilmiş faylı açmaq olmur"},{"$i":"unknownMediaTypeToOpenFile","$v":["Naməlum media növünü açmaq olmur: ",{"t":"idOrVar","v":"fileName"}]},{"$i":"cannotReceiveFile","$v":"Fayl qəbul etmək olmur"},{"$i":"cannotGetStorageState","$v":"Cihazın yaddaş statusunu əldə etmək olmur."},{"$i":"sdcard-not-exist2","$v":"Heç bir yaddaş kartı tapılmadı. Yaddaş kartı daxil edin."},{"$i":"sdcard-in-use","$v":"Telefonun qoşulmuş olduğu halda Bluetooth istifadə edilə bilməz. Fayl(lar)ı almaq üçün telefonu çıxarın."},{"$i":"sdcard-no-space2","$v":"Ötürməni tamamlamaq olmur: yaddaş kartı doludur."},{"$i":"unknown-error","$v":"Naməlum xəta"},{"$i":"confirm","$v":"Təsdiqlə"},{"$i":"stopTransferTitle","$v":"Fayl köçürməsini dayandırın"},{"$i":"stopTransferContent","$v":"Bluetooth vasitəsilə fayl ötürülməsini dayandırmaq istəyirsiniz?"},{"$i":"storage","$v":"Yaddaş"},{"$i":"sdcard-detected-title","$v":"SD kart aşkar edildi"},{"$i":"no-sdcard-title","$v":"SD kart yoxdur"},{"$i":"sdcard-total-size-body","$v":["Üm ölçü: ",{"t":"idOrVar","v":"size"}," ",{"t":"idOrVar","v":"unit"}]},{"$i":"sdcard-unknown-size-then-tap-to-format-body","$v":"Naməlum ölçü, format etmək üçün sıxın"},{"$i":"sdcard-removed-title","$v":"SD kart silindi"},{"$i":"sdcard-removed-ejected-successfully","$v":"Uğurla çıxarıldı"},{"$i":"sdcard-removed-not-ejected-properly","$v":"Düzgün çıxarılmadı"},{"$i":"set-sdcard-as-default-media-location","$v":"SD kart aşk ed. SD kart stand media yeri kimi qurul?"},{"$i":"no-sdcard-content","$v":"Daha çox boş yer əldə etmək üçün SD kart daxil edin."},{"$i":"sim-confirmation-content","$v":["Şəbəkə məlumatı buna təyin edilib: SIM",{"t":"idOrVar","v":"n"},"."]},{"$i":"sim-confirmation-title","$v":"SIM kartlar dəyişdirilib"},{"$i":"sim-confirmation-notice-title","$v":"SIM kartlar dəyişdirilib"},{"$i":"sim-confirmation-notice","$v":"Detalları görmək üçün seçin."},{"$i":"sim-hot-plug","$v":"Telefon yenidən başlayacaq"},{"$i":"sim-hot-plug-empty","$v":"SIM kartlar çıxarıldığı üçün telefon yenidən başladıcalaq."},{"$i":"sim-hot-plug-empty-confirm","$v":"SIM kartın tam çıxarıldığına əmin olun, sonra OK basaraq yenidən başladın."},{"$i":"noSimCard","$v":"Heç bir SIM kart yoxdur"},{"$i":"lockedSim","$v":"Kilidli SIM"},{"$i":"noService","$v":"Xidmət yoxdur"},{"$i":"eccOnly","$v":"Emergency calls only"},{"$i":"nocard-eccOnly","$v":"No SIM card-Emergency calls only"},{"$i":"unusablecard-eccOnly","$v":"Unusable SIM card-Emergency calls only"},{"$i":"searching","$v":"Axtarılır..."},{"$i":"simPin","$v":"SIM PIN"},{"$i":"pukCode","$v":"PUK kodu"},{"$i":"nckCode","$v":"NCK kodu"},{"$i":"cckCode","$v":"CCK kodu"},{"$i":"spckCode","$v":"SPCK kodu"},{"$i":"nck1code","$v":"NCK1 kodu"},{"$i":"nck2code","$v":"NCK2 kodu"},{"$i":"hnckcode","$v":"HNCK kodu"},{"$i":"rcckcode","$v":"RCCK kodu"},{"$i":"rspckcode","$v":"RSPCK kodu"},{"$i":"ncklockContent","$v":["Giriş",{"t":"idOrVar","v":"n"}," nck kilidlidir."]},{"$i":"whatIsSimPin","$v":"SIM PIN nədir?"},{"$i":"simPinIntro1","$v":"SIM PIN SIM kart mobil məlumat şəbəkələrinə girişin qarşısını alır. O, aktivdirsə, SIM kartı olan istənilən cihaz yenidən başlamaq üçün PİN istəyəcək."},{"$i":"simPinIntro2","$v":"SIM PIN cihazı kiliddən açmaqda istif. ed. giriş kodu ilə eyni deyil."},{"$i":"changeSimPin","$v":"PIN-i dəyiş"},{"$i":"pinTitle","$v":"SIM PIN daxil et"},{"$i":"multiSIMpinTitle","$v":["SIM ",{"t":"idOrVar","v":"n"}," PIN daxil et"]},{"$i":"multiSIMpukTitle","$v":["PUK",{"t":"idOrVar","v":"n"}," PIN kodunu daxil et"]},{"$i":"multiSIMnckTitle","$v":["NCK",{"t":"idOrVar","v":"n"}," PIN kodunu daxil et"]},{"$i":"multiSIMxckTitle","$v":["SIM",{"t":"idOrVar","v":"n"}," ",{"t":"idOrVar","v":"type"}," daxil et"]},{"$i":"xckTitle","$v":[{"t":"idOrVar","v":"type"}," kodu daxil et"]},{"$i":"xckCode","$v":[{"t":"idOrVar","v":"type"}," kod"]},{"$i":"xckBlocked","$v":[{"t":"idOrVar","v":"type"}," bloklanıb"]},{"$i":"pukTitle","$v":"PUK kodu daxil et"},{"$i":"nckTitle","$v":"NCK kodu daxil et"},{"$i":"cckTitle","$v":"CCK kodu daxil et"},{"$i":"spckTitle","$v":"SPCK kodu daxil et"},{"$i":"nck1Title","$v":"NCK1 kodu daxil et"},{"$i":"nck2Title","$v":"NCK2 kodu daxil et"},{"$i":"hnckTitle","$v":"HNCK kodu daxil et"},{"$i":"rcckTitle","$v":"RCCK kodu daxil et"},{"$i":"rspckTitle","$v":"RSPCK kodu daxil et"},{"$i":"newpinTitle","$v":"Yeni PIN"},{"$i":"inputCodeRetriesLeft","$v":{"few":[{"t":"idOrVar","v":"n"}," cəhd qalır."],"many":[{"t":"idOrVar","v":"n"}," cəhd qalır."],"one":"1 cəhd qalır.","other":[{"t":"idOrVar","v":"n"}," cəhd qalır."],"two":[{"t":"idOrVar","v":"n"}," cəhd qalır."]},"$x":[{"t":"idOrVar","v":"plural"},"n"]},{"$i":"pinErrorMsg","$v":"Yanlış PIN."},{"$i":"pinAttemptMsg2","$v":{"few":["SIM kartı kilidləməkdən əvvəl düzgün kodu daxil etmək üçün ",{"t":"idOrVar","v":"n"}," cəhdiniz qalır."],"many":["SIM kartı kilidləməkdən əvvəl düzgün kodu daxil etmək üçün ",{"t":"idOrVar","v":"n"}," cəhdiniz qalır."],"one":"SIM kartı kilidləməkdən əvvəl düzgün kodu daxil etmək üçün bir cəhdiniz qalır.","other":["SIM kartı kilidləməkdən əvvəl düzgün kodu daxil etmək üçün ",{"t":"idOrVar","v":"n"}," cəhdiniz qalır."],"two":["SIM kartı kilidləməkdən əvvəl düzgün kodu daxil etmək üçün ",{"t":"idOrVar","v":"n"}," cəhdiniz qalır."]},"$x":[{"t":"idOrVar","v":"plural"},"n"]},{"$i":"pinLastChanceMsg","$v":"Bu, doğru PIN daxil etmək üçün son imkanınızdır. Əks halda, bu SIM kartı istifadə etmək üçün PUK kodunu daxil etməlisiniz."},{"$i":"simCardLockedMsg","$v":"SIM kart kilidləndi."},{"$i":"enterPukMsg","$v":"SIM kart üçün Şəxsi Kilid Açma Açarı (PUK) kodunu daxil etməlisiniz. Daha ətraflı məlumat üçün SIM kartınızın sənədlərinə baxın və ya daşıyıcınızla əlaqə saxlayın."},{"$i":"pukErrorMsg","$v":"Yanlış PUK."},{"$i":"pukAttemptMsg2","$v":{"few":["Bu SIM kartın daimi olaraq istifadə edilə bilməyəcəyindən əvvəl düzgün kodu daxil etmək üçün ",{"t":"idOrVar","v":"n"}," cəhdiniz qalır. Daha ətraflı məlumat üçün SIM kartınızın sənədlərinə baxın və ya daşıyıcınızla əlaqə saxlayın."],"many":["Bu SIM kartın daimi olaraq istifadə edilə bilməyəcəyindən əvvəl düzgün kodu daxil etmək üçün ",{"t":"idOrVar","v":"n"}," cəhdiniz qalır. Daha ətraflı məlumat üçün SIM kartınızın sənədlərinə baxın və ya daşıyıcınızla əlaqə saxlayın."],"one":"Bu SIM kartın daimi olaraq istifadə edilə bilməyəcəyindən əvvəl düzgün kodu daxil etmək üçün bir cəhdiniz qalır. Daha ətraflı məlumat üçün SIM kartınızın sənədlərinə baxın və ya daşıyıcınızla əlaqə saxlayın.","other":["Bu SIM kartın daimi olaraq istifadə edilə bilməyəcəyindən əvvəl düzgün kodu daxil etmək üçün ",{"t":"idOrVar","v":"n"}," cəhdiniz qalır. Daha ətraflı məlumat üçün SIM kartınızın sənədlərinə baxın və ya daşıyıcınızla əlaqə saxlayın."],"two":["Bu SIM kartın daimi olaraq istifadə edilə bilməyəcəyindən əvvəl düzgün kodu daxil etmək üçün ",{"t":"idOrVar","v":"n"}," cəhdiniz qalır. Daha ətraflı məlumat üçün SIM kartınızın sənədlərinə baxın və ya daşıyıcınızla əlaqə saxlayın."]},"$x":[{"t":"idOrVar","v":"plural"},"n"]},{"$i":"pukLastChanceMsg","$v":"Doğru PUK kodunu son daxil etmək imkanı. Səhv PUK kodunu daxil etsəniz, SIM kartınız daimi olaraq istifadə edilə bilməyəcək. Ətraflı məlumat üçün SIM kartınızın sənədlərinə baxın və ya daşıyıcınızla əlaqə saxlayın."},{"$i":"cardPermanentlyLockMsg-head","$v":"Yanlış PUK."},{"$i":"cardPermanentlyLockMsg-body","$v":"SIM kartınız daimi olaraq kilidləndi. Daha ətraflı məlumat üçün daşıyıcınızla əlaqə saxlayın."},{"$i":"newSimPinMsg","$v":"PIN (4 ilə 8 rəqəm arasında olmalıdır) yarat"},{"$i":"confirmNewSimPinMsg","$v":"Yeni PIN-i təsdiqlə"},{"$i":"newPinErrorMsg","$v":"PIN-lər uyğun gəlmir."},{"$i":"nckErrorMsg","$v":"NCK kodu səhvdir."},{"$i":"nckAttemptMsg2","$v":{"few":["Şəbəkə q-fərdiləşd tələbi xətası. Doğru kodu dax etm üç ",{"t":"idOrVar","v":"n"}," cəhd var. Ətr məl üç cihazın sənədl baxın və ya daşıyıcınızla əlaqə saxlayın."],"many":["Şəbəkə q-fərdiləşd tələbi xətası. Doğru kodu dax etm üç ",{"t":"idOrVar","v":"n"}," cəhd var. Ətr məl üç cihazın sənədl baxın və ya daşıyıcınızla əlaqə saxlayın."],"one":"Şəbəkə q-fərdiləşd tələbi xətası. Doğru kodu dax etm üç bir cəhd var. Ətr məl üç cihazın sənədl baxın və ya daşıyıcınızla əlaqə saxlayın.","other":["Şəbəkə qeyri-fərdiləşdirmə tələbi xətası. Doğru kodu daxil etmək üçün ",{"t":"idOrVar","v":"n"}," cəhdiniz var. Ətraflı məlumat üçün cihazınızın sənədlərinə baxın və ya daşıyıcınızla əlaqə saxlayın."],"two":["Şəbəkə q-fərdiləşd tələbi xətası. Doğru kodu dax etm üç ",{"t":"idOrVar","v":"n"}," cəhd var. Ətr məl üç cihazın sənədl baxın və ya daşıyıcınızla əlaqə saxlayın."]},"$x":[{"t":"idOrVar","v":"plural"},"n"]},{"$i":"nckLastChanceMsg","$v":"Şəbəkə qeyri-fərdiləşdirmə tələbi xətası. Doğru NCK kodu daxil etmək üçün son imkan. Ətraflı məlumat üçün cihazınızın sənədlərinə baxın və ya daşıyıcınızla əlaqə saxlayın."},{"$i":"sim-attention-header","$v":"SIM Kilidləndi"},{"$i":"multiSIM-attention-header","$v":["SIM",{"t":"idOrVar","v":"n"}," klidlənib"]},{"$i":"sim-attention-head","$v":"SIM kart kilidləndi."},{"$i":"sim-attention-body","$v":"SIM kartın kilidini açmaq üçün PUK kodu daxil etmək istəyirsiniz?"},{"$i":"enter-puk-rsk","$v":"PUK daxil et"},{"$i":"verify-rsk","$v":"Hazırdır"},{"$i":"activity-pick","$v":"Buradan seç"},{"$i":"activity-view","$v":"Bax, ilə"},{"$i":"activity-test","$v":"Yoxla, ilə:"},{"$i":"activity-share","$v":"Paylaş"},{"$i":"activity-new","$v":"Bununla yarat:"},{"$i":"activity-open","$v":"Aç, ilə:"},{"$i":"activity-save-bookmark","$v":"Bura əlfəcin et:"},{"$i":"activity-record","$v":"Buradan səs yaz:"},{"$i":"activity-browse","$v":"Baxış et, ilə:"},{"$i":"activity-configure","$v":"Bununla konfiqurasiya et:"},{"$i":"activity-dial","$v":"Nömrəni buradan yığ:"},{"$i":"remoteDebuggerMessage","$v":"Uzaqdan sazlama birləşməsinə icazə verən gələn sorğu aşkarlandı. Əlaqəyə icazə verilsin?"},{"$i":"captive-wifi-available","$v":[{"t":"idOrVar","v":"networkName"}," şəbəkəsi tapıldı. Şəbəkəyə qoşulsun?"]},{"$i":"ceWarningtitle","$v":"Səs yüksəkliyi xəbərdarlığı"},{"$i":"ceWarningcontent","$v":"Mümkün eşitmə zədəsi almamaq üçün, yüksək səs səviyyələrində davamlı qulaq asmayın."},{"$i":"is-volume-type-notification","$v":"Zəng tonları və Siqnallar"},{"$i":"is-volume-type-telephony","$v":"Səs səviyəsi"},{"$i":"is-volume-type-alarm","$v":"Siqnal"},{"$i":"is-volume-type-content","$v":"Media"},{"$i":"kai-volume-type-notification","$v":"ZƏNG TONLARI və SİQNALLAR"},{"$i":"kai-volume-type-telephony","$v":"SƏS MİQDARI"},{"$i":"volume-type-alarm","$v":"Siqnal"},{"$i":"volume-type-content","$v":"Media"},{"$i":"vibrate-only","$v":"Yalnız Vibrasiya"},{"$i":"silent","$v":"Səssiz"},{"$i":"vibrate-on","$v":"Vibrasiya:Açıqdır"},{"$i":"vibrate-off","$v":"Vibrasiya:Bağlıdır"},{"$i":"vibrate","$v":"Vibrasiya"},{"$i":"kai-volume","$v":["Səs yüksəkliyi:",{"t":"idOrVar","v":"n"},"/",{"t":"idOrVar","v":"c"}]},{"$i":"notification-powersaving-mode-on-title","$v":"Enerjiyə qənaət rejimi"},{"$i":"notification-powersaving-mode-on-description","$v":"Enerjiyə qənaət rejimi açıqdır."},{"$i":"low-device-storage","$v":"Cihaz sahəsi azdır."},{"$i":"storage-alert","$v":"Saxlama xəbərdarlığı"},{"$i":"phone-almost-full","$v":"Telefon dolmaq üzrədir."},{"$i":"free-space","$v":{"few":[{"t":"idOrVar","v":"value"}," ",{"t":"idOrVar","v":"unit"},"-dən az qalıb."],"many":[{"t":"idOrVar","v":"value"}," ",{"t":"idOrVar","v":"unit"}," -dan(-dən) az qalıb."],"one":[{"t":"idOrVar","v":"value"}," ",{"t":"idOrVar","v":"unit"}," -dan(-dən) az qalıb."],"other":[{"t":"idOrVar","v":"value"}," ",{"t":"idOrVar","v":"unit"}," -dan(-dən) az qalıb."],"two":[{"t":"idOrVar","v":"value"}," ",{"t":"idOrVar","v":"unit"}," -dan(-dən) az qalıb."],"zero":"Heç bir qalan boş sahə yoxdur."},"$x":[{"t":"idOrVar","v":"plural"},"value"]},{"$i":"unknown-free-space","$v":"Naməlum qalan sahə."},{"$i":"can-delete-data-to-get-space","$v":"Daha çox boş yer əldə etmək üçün bəzi media fayllarını və ya menecer proqramı məlumatlarını silə bilərsiniz."},{"$i":"should-delete-data-to-get-space","$v":"Bu cihazın istifadəsinə davam etməzdən əvvəl daha çox boş yer əldə etmək üçün bəzi media fayllarını silməli və ya proqram məlumatlarını idarə etməlisiniz."},{"$i":"storage-full-level-1-title","$v":"Telefon demək olar ki, tam"},{"$i":"storage-full-level-2-title","$v":"Telefon yaddaşı doludur."},{"$i":"delete-to-get-space","$v":"Yer boşaltmaq üçün media fayllarını, proqram verilənlərini və ya endirilmiş proqramları silin."},{"$i":"delete-to-get-space-level-2","$v":"Yer boşaltmaq üçün media fayllarını, proqram verilənlərini və ya endirilmiş proqramları silin. Əks halda, telefon düzgün işləməyəcək."},{"$i":"system-alert","$v":"Sistem Siqnalı"},{"$i":"cb-channel","$v":["Kanal ",{"t":"idOrVar","v":"channel"}]},{"$i":"cell-broadcast-subtitle","$v":"Mobil Yayım"},{"$i":"cb-etws-warningType-earthquake","$v":"Zəlzələ xəbərdarlığı!"},{"$i":"cb-etws-warningType-tsunami","$v":"Tsunami xəbərdarlığı!"},{"$i":"cb-etws-warningType-earthquake-tsunami","$v":"Zəlzələ-tsunami xəbərdarlığı!"},{"$i":"cb-etws-warningType-test","$v":"Siqnal sistemi sınaqdan keçirilir."},{"$i":"cb-etws-warningType-other","$v":"Təcili xəbərdarlıq!"},{"$i":"icc-message-maintitle","$v":"Operator Mesajı"},{"$i":"icc-message-subtitle","$v":"SIM"},{"$i":"icc-confirmCall-defaultmessage","$v":[{"t":"idOrVar","v":"number"}," nömrəsinə zəng edilsin?"]},{"$i":"icc-alertMessage-defaultmessage","$v":"Mesaj göndərilir"},{"$i":"icc-confirmMessage-defaultmessage","$v":"Mesaj göndərilsin?"},{"$i":"icc-notification-title","$v":["SIM ",{"t":"idOrVar","v":"id"}," STK"]},{"$i":"icc-inputbox-maintitle","$v":"STK Sorgusu"},{"$i":"icc-inputbox-subtitle","$v":["SIM ",{"t":"idOrVar","v":"id"}]},{"$i":"emergency-callback-mode","$v":"Təcili geri zəng rejimi"},{"$i":"emergency-callback-message","$v":"Siz zəng edə, mesaj göndərə və ya onlayn gedə bilməzsiniz, çünki təcili geri çağırma rejimi aktivdir. Onu bağlamaq istəyirsiniz?"},{"$i":"cdma-record-info","$v":"CDMA məlumat yazılışıı"},{"$i":"download_started","$v":"Yükləmə başladı"},{"$i":"download_stopped","$v":"Yükləmə dayandı"},{"$i":"download_downloading","$v":[{"t":"idOrVar","v":"percentage"},"%"]},{"$i":"download_succeeded","$v":"Yükləmə bitdi"},{"$i":"download_failed","$v":"Yükləmə uğursuz oldu"},{"$i":"update_succeeded","$v":"Yeniləmə tamamlandı"},{"$i":"download_text_by_default","$v":[{"t":"idOrVar","v":"name"}]},{"$i":"phone-storage-full-title","$v":"Telefon yaddaşı doludur"},{"$i":"phone-storage-full-warning","$v":"Fayl yükləmək olmur. Yer boşaltmaq üçün media fayllarını və ya proqram məlumatlarını silin. Media yaddaşını artırmaq üçün SD kart da daxil edə bilərsiniz."},{"$i":"sdcard-storage-full-title","$v":"SD kart doludur."},{"$i":"sdcard-storage-full-warning","$v":"Fayl yükləmək olmur. Yer boşaltmaq üçün SD kartdakı faylları silin."},{"$i":"opt-settings","$v":"Parametrlər"},{"$i":"search-the-web","$v":"Veb axtar"},{"$i":"search-or-enter-address","$v":"Ünvanı axtar və ya daxil et","placeholder":"Ünvanı axtar və ya daxil et"},{"$i":"search-or-enter-url","$v":"URL-i axtar və ya daxil et","placeholder":"URL-i axtar və ya daxil et"},{"$i":"back-button","ariaLabel":"Geriyə"},{"$i":"forward-button","ariaLabel":"Yönəlt"},{"$i":"reload-button","ariaLabel":"Təkrar yüklə"},{"$i":"stop-button","ariaLabel":"Dayandır"},{"$i":"windows-button","ariaLabel":"Pəncərələri göstər"},{"$i":"noHotspotWhenAPMisOnWifiHotspot","$v":"Wi-Fi hotspot istifadə etmək üçün təyyarə rejimini bağla."},{"$i":"apmActivated","$v":"Təyyarə rejimi activ edildi"},{"$i":"save-image","$v":"Şəkli saxla"},{"$i":"save-video","$v":"Videonu saxla"},{"$i":"save-audio","$v":"Audionu saxla"},{"$i":"share-image","$v":"Şəkli paylaş"},{"$i":"share-video","$v":"Videonu paylaş"},{"$i":"share-audio","$v":"Audionu paylaş"},{"$i":"kai-cancelButtonId","$v":"Ləğv et"},{"$i":"kai-not-send","$v":"Göndərmə"},{"$i":"kai-send-report","$v":"Hesabatı göndər"},{"$i":"refresh","$v":"Yenilə"},{"$i":"goBack","$v":"Qeri get"},{"$i":"goForward","$v":"İrəli get"},{"$i":"goToTopSites","$v":"Populyar Saytlara get"},{"$i":"pinToTopSites","$v":"Populyar Saytlara əlavə et"},{"$i":"pinToAllApps","$v":"Bütün Proqramlar bölməsinə daxil edin"},{"$i":"pinToAppsMenu","$v":"Proqramlar Menyusuna daxil edin"},{"$i":"viewMessages","$v":"Mesajlara bax"},{"$i":"downloadImage","$v":"Təsviri endirin"},{"$i":"quit","$v":"Çıx"},{"$i":"minimizeBrowser","$v":"Brauzeri kiçildin"},{"$i":"pinSiteCompletely","$v":"Bu veb-sayt Populyar Saytlara əlavə edildi"},{"$i":"siteWasPinnedBefore","$v":"Bu vebsayt əvvəl Populyar Saytlara  əlavə edilib"},{"$i":"pinnedSitesOverLimit","$v":"Siz əlavə edilmiş veb saytların maksimum sayına çatdınız."},{"$i":"pressBackAgainToQuitBrowser","$v":"Brauzerdən çıxmaq üçün GERİYƏ seçiminə basın."},{"$i":"pressBackAgainToMinimizeBrowser","$v":"Brauzeri kiçiltmək üçün yenidən GERİYƏ seçiminə basın."},{"$i":"pinSiteToAllAppsCompletely","$v":"Bu veb-sayt Bütün Proqramlar bölməsinə daxil edilib."},{"$i":"pinSiteToAppsMenuCompletely","$v":"Bu veb-sayt Proqramlar Menyusuna daxil edilib."},{"$i":"siteWasPinnedToAllAppsBefore","$v":"Bu veb-sayt daha əvvəl Bütün Proqramlar bölməsinə daxil edilib."},{"$i":"siteWasPinnedToAppsMenuBefore","$v":"Bu veb-sayt daha əvvəl Proqramlar Menyusuna daxil edilib."},{"$i":"ext-bluetooth-req","$v":"Cütlənmə Sorğusu"},{"$i":"ext-unknown","$v":"NAMƏLUM"},{"$i":"ext-new-message","$v":"Yeni Mesaj"},{"$i":"ext-new-mail","$v":"Yeni Poçt"},{"$i":"ext-calendar-event","$v":"Təqvim Tədbiri"},{"$i":"ext-new-notification","$v":"Yeni Bildirişlər"},{"$i":"incoming","$v":"Gələn"},{"$i":"ext-volume-notification","$v":"Zəng tonl və bild siqnall"},{"$i":"ext-volume-content","$v":"Media"},{"$i":"ext-volume-alarm","$v":"Siqnal"},{"$i":"ext-new-cmas","$v":"Təcili"},{"$i":"phone-storage-full-body","$v":"Zəng yazılması dayandırıldı. Yer boşaltmaq üçün media fayllarını və ya proqram məlumatlarını silin."},{"$i":"sd-card-full-title","$v":"SD kart doludur."},{"$i":"sd-card-full-body","$v":"Zəng yazılması dayandırıldı. Yer boşaltmaq üçün SD kartdakı faylları silin."},{"$i":"supl-notification-title","$v":"Məkan Sorğusu"},{"$i":"supl-notification-message","$v":"Mövqeyiniz operatora ötürüldü."},{"$i":"supl-verification-title","$v":"Məkan Sorğusu"},{"$i":"supl-verification-message","$v":"Operator mövqeyini sorğu edir. Mövqe məlumatınızı operatora vermək istəyirsiniz?"},{"$i":"supl-verification-message-for-notification","$v":"Təsdiql üç bura kliklə"},{"$i":"supl-verification-confirm","$v":"Bəli"},{"$i":"supl-verification-cancel","$v":"Xeyr"},{"$i":"supl-more-message","$v":["Mesaj: ",{"t":"idOrVar","v":"id"}," (",{"t":"idOrVar","v":"message"},")"]},{"$i":"confirmPbapMsg","$v":[{"t":"idOrVar","v":"deviceId"}," kontaktlar və zəng tarixinizə giriş istəyir, qəbul edilsin?"]},{"$i":"confirmTitle","$v":"Bluetooth Sorğusu"},{"$i":"initialValue","$v":"Sessiya açarı daxil et"},{"$i":"confirmMapMsg","$v":[{"t":"idOrVar","v":"deviceId"}," mesajlarınıza giriş tələb edir. Qəbul etmək istəyirsiniz?"]},{"$i":"wifiCallErrorMsg","$v":["Wifi zəng xətası: ",{"t":"idOrVar","v":"error"}]},{"$i":"wifiCallMissEccTitle","$v":[{"t":"idOrVar","v":"operator"}," WiFi Calling"]},{"$i":"wifiCallMissEccMsg","$v":"Emergency calls in areas with cellular coverage only"},{"$i":"battery-full-title","$v":"Batareya doludur"},{"$i":"battery-full-body","$v":"Batareya tam dolub"},{"$i":"sim-config-title","$v":"Konfiqurasiya"},{"$i":"sim-config-content-init","$v":["Telefonunuzu ",{"t":"idOrVar","v":"carrier"}," üçün konfiqurasiya etmək üçün BAŞLA seçiminə basın."]},{"$i":"sim-config-content-change","$v":["Telefonunuzu ",{"t":"idOrVar","v":"carrier"}," üçün konfiqurasiya etmək istəyirsiniz?"]},{"$i":"sim-config-content-line1","$v":"Gözəl işlər!"},{"$i":"sim-config-content-restart","$v":"Dəyişiklikləri tətbiq etmək üçün telefonunuzu yenidən başladın."},{"$i":"sim-config-content-finish","$v":"Bitirmək üçün OK seçiminə basın."},{"$i":"sim-config-content-failed","$v":[{"t":"idOrVar","v":"carrier"}," profilini tapmaq olmur."]},{"$i":"sim-config-button-restart","$v":"Yen başlat"},{"$i":"sim-config-button-begin","$v":"Başlayın"},{"$i":"open-wifi-available","$v":"Açıq WiFi şəbəkəsi əlçatandır"},{"$i":"wifi-available","$v":"Əlçatan Wifi şəbəkələri"},{"$i":"wifi-no-internet-title","$v":"Wifi-ın internetə girişi yoxdur"},{"$i":"wifi-no-internet-body","$v":"Tap for options"},{"$i":"wifi-no-internet-header","$v":"Wi-Fi"},{"$i":"wifi-no-internet-content","$v":[{"t":"idOrVar","v":"name"}," obyektinin internetə girişi yoxdur, qoşulmuş olaraq qalsın?"]},{"$i":"ellipses_char","$v":"…"},{"$i":"fota-title-attention","$v":"Diqqət"},{"$i":"fota-upgrade-success","$v":["Proqram təminatı təkmilləşməsi uğurlu oldu, Cihazınız indi bu versiyadadır: ",{"t":"idOrVar","v":"target"},"."]},{"$i":"fota-upgrade-failed","$v":"Təkmilləşdirmə alınmadı, Əvvəlki versiya bərpa edildi."},{"$i":"fota-title-software-update","$v":"Proqram təminatı yeniləməsi"},{"$i":"fota-message-software-update-available","$v":"Proqram təminatı yeniləməsi əlçatandır."},{"$i":"fota-message-software-download-failed","$v":"Proqram təminatı yeniləməsinin endirilməsi alınmadı."},{"$i":"fota-message-software-download-complete","$v":"Proqram təminatı yeniləməsinin endirilməsi tamamlandı."},{"$i":"network-issue-title","$v":"Şəbəkə səhvi"},{"$i":"network-issue-detail","$v":"Bağlantını yoxlayın."},{"$i":"device-issue-title","$v":"Səhv qurun"},{"$i":"device-issue-detail","$v":"Bilinməyən xəta baş verdi."},{"$i":"device-issue-update-title","$v":"Yeniləmə xətası"},{"$i":"install-generic-error","$v":"Yükləmə dayandı."},{"$i":"account-authenticator-invaild-grant-notice-title","$v":"Hesab Hata"},{"$i":"account-authenticator-invaild-grant-notice-text","$v":"Yenidən daxil olun"},{"$i":"account-authenticator-no-network-error","$v":"Heç bir internet bağlantısı yoxdur."},{"$i":"account-authenticator-access-denied-error","$v":"Naməlum xəta baş verdi."},{"$i":"qtn_els_alert_high_vol","$v":"Yüksək səs siqnalı"},{"$i":"qtn_els_alert_in_call","$v":"Zəngdə"},{"$i":"GetEmptyUssdPrompt","$v":"Null cavab aldı."},{"$i":"message-sent","$v":"Mesaj göndərildi"},{"$i":"send","$v":"Göndər"},{"$i":"confirmation","$v":"Təsdiq"},{"$i":"kaistore-notice-title","$v":"KaiStore"},{"$i":"kaistore-notice-content","$v":"See what’s in store."},{"$i":"feedback-dialogview-header","$v":"Rəy"},{"$i":"feedback-dialogview-message","$v":"Fikriniz HMD Global üçün çox dəyərlidir, ona görə də yeni telefonunuz haqqında düşüncələrinizi bizə bildirin. Bu sorğuda daha sonra iştirak etmək istəsəniz, onu Parametrlər bölməsində tapa bilərsiniz."},{"$i":"dataConnection-off","$v":"Mobil internet söndürülsün?"},{"$i":"dataConnection-off-content","$v":"Wi-Fi istifadə etmirsinizsə, mobil internet bağlantı tələb edən heç bir proqram və ya xidmətdən istifadə edə bilməyəcəksiniz."},{"$i":"turn-off-location","$v":"Yer təyin etmə funksiyası söndürülsün?"},{"$i":"turn-off-location-content","$v":"Bunu deaktiv etsəniz, geolokasiya funkiyası mümkün olmayacaq. Buna baxmayaraq, bunu aktiv saxlasanız, mobil internet hələ də sizə xidmət haqqı yaza bilər."},{"$i":"firefox-accounts-title","$v":"KaiOS Hesabları"},{"$i":"firefox-accounts-title-sign-in","$v":"Daxil Ol"},{"$i":"firefox-accounts-title-create-account","$v":"Hesab Yarat"},{"$i":"kaios-accounts-title-about-kaios-account","$v":"KaiOS Hesabı Haqqında"},{"$i":"kaios-accounts-phone-verification","$v":"Telefon yoxlaması"},{"$i":"kaios-accounts-title-account-info","$v":"Hesab Məlumatı"},{"$i":"fxa-next","$v":"Növbəti"},{"$i":"fxa-back","$v":"Geriyə"},{"$i":"fxa-done","$v":"Hazırdır"},{"$i":"fxa-ok","$v":"OK"},{"$i":"kai-verification-mail-has-been-sent","$v":"Təsdiqləmə linki bura göndərildi:"},{"$i":"fxa-decline","$v":"Azalma"},{"$i":"fxa-accept","$v":"Qəbul et"},{"$i":"fxa-sining-in","$v":"Daxil olur..."},{"$i":"not-now","$v":"İndi Deyil"},{"$i":"send-sms","$v":"SMS göndər"},{"$i":"resend-sms","$v":"SMS-i təkrar göndər"},{"$i":"fxa-connection-error-title","$v":"Qoşulmaq olmur"},{"$i":"fxa-connection-error-message","$v":"Hesab yarada və ya Parametrlərdən daxil ola bilərsiniz."},{"$i":"fxa-reset-password-error-title","$v":"Parolu Təkrar qur"},{"$i":"fxa-reset-password-error-message","$v":"Parolunuzu Parametrlərdən sıfırlaya bilərsiniz."},{"$i":"fxa-incorrect-email-address-or-password","$v":"fxa incorrect email address or password"},{"$i":"fxa-internet-connection-is-required","$v":"fxa internet bağlantısı tələb olunur"},{"$i":"fxa-server-error","$v":"Server xətası, sonra yen cəhd ed."},{"$i":"fxa-server-error-2","$v":"Xəta"},{"$i":"fxa-server-error-message","$v":"Hesab yaratmaq mümkün deyil. Daha sonra cəhd edin."},{"$i":"fxa-server-error-message-2","$v":"Server əlçatan deyil. Daha sonra cəhd edin."},{"$i":"fxa-offline-error-title","$v":"Qoşulmaq olmur"},{"$i":"fxa-offline-error-message","$v":"Şəbəkəyə Parametrlərdən qoşulun."},{"$i":"fxa-offline-error-message-1","$v":"Heç bir internet bağlantısı yoxdur."},{"$i":"fxa-invalid-email-title","$v":"Xəta"},{"$i":"fxa-invalid-email-message","$v":"Etibarlı e-poçt daxil edin."},{"$i":"fxa-invalid-password-title","$v":"Xəta"},{"$i":"fxa-invalid-password-message","$v":"Yanlış e-poçt ünvanı və ya parol"},{"$i":"fxa-invalid-password-message-1","$v":"Parol yanlışdır."},{"$i":"fxa-unknown-error-title","$v":"Qoşulmaq olmur"},{"$i":"fxa-unknown-error-message","$v":"Sistem mövcud deyil, tezliklə yenidən cəhd edin."},{"$i":"fxa-email-is-taken-title","$v":"Xəta"},{"$i":"fxa-email-is-taken-message","$v":"Bu e-poçt üçün artıq hesab var. Hesabınıza daxil olun."},{"$i":"fxa-confirm-age-title","$v":"Xəta"},{"$i":"fxa-confirm-age-message","$v":"Yaşınızın 13-dən çox olduğunu təsdiq edin"},{"$i":"fxa-account-does-not-exist","$v":"Xəta"},{"$i":"fxa-account-does-not-exist-message","$v":"Yanlış e-poçt ünvanı və ya parol"},{"$i":"fxa-account-does-not-exist-message-1","$v":"Account does not exist."},{"$i":"fxa-password-dont-match","$v":"Xəta"},{"$i":"fxa-password-dont-match-message","$v":"Parollar uyğun gəlmir."},{"$i":"fxa-password-less","$v":"Xəta"},{"$i":"fxa-password-less-message","$v":"Parolun uzunluğu 8 simvoldan azdır."},{"$i":"fxa-password-less-message-1","$v":"Parolun uzunluğu 8 simvoldan azdır."},{"$i":"fxa-password-more","$v":"Xəta"},{"$i":"fxa-password-more-message","$v":"Parolun uzunluğu 20 simvoldan çoxdur."},{"$i":"fxa-password-more-message-1","$v":"Parolun uzunluğu 20 simvoldan çoxdur."},{"$i":"fxa-password-error","$v":"Xəta"},{"$i":"fxa-password-error-message","$v":"Parol hərf və rəqəml birləşm ilə 8-20 simvol arasında olmalıdır."},{"$i":"fxa-connecting","$v":"Qoşulur"},{"$i":"fxa-enter-phone-number-message","$v":"Telefon nömrənizi daxil edin. SMS göndəriləcək və avtomatik yoxlama başlayacaq."},{"$i":"fxa-sms-has-been-sent-message","$v":"SMS göndərildi. Qəbul edən kimi avtomatik yoxlama başlayacaq. Əyəşin və zövq alın!"},{"$i":"fxa-time-remaining","$v":"Qalan vaxt:"},{"$i":"fxa-sms-verification-failed-message","$v":"SMS yoxlaması baş tutmadı. Telefonunuzu təsdiq edin və yenidən cəhd etmək üçün \"SMS-i təkrar göndər\" seçiminə basın."},{"$i":"fxa-phone-number-label","$v":"Telefon nömrəsi"},{"$i":"fxa-enter-your-infomation","$v":"Məlumatlarınızı daxil edin."},{"$i":"fxa-birthday-label","$v":"Doğum günü"},{"$i":"fxa-birthday-select","$v":"Seç"},{"$i":"fxa-gender-label","$v":"Cins"},{"$i":"fxa-gender-select","$v":"Seç"},{"$i":"fxa-gender-male","$v":"Kişi"},{"$i":"fxa-gender-female","$v":"Qadın"},{"$i":"fxa-gender-confidential","$v":"Məxfi"},{"$i":"fxa-enter-email-input","placeholder":"E-poçt məktubunuzu daxil edin"},{"$i":"fxa-use-email-to-sign-in","$v":"E-poçtunuzu daxil edin. E-poçtunuz hesabınızın adı olacaq."},{"$i":"fxa-notice","$v":["Davam etməklə, mən ",{"t":"idOrVar","v":"tos"}," və ",{"t":"idOrVar","v":"pn"}," KaiOS bulud xidmətlərini qəbul edirəm."]},{"$i":"fxa-placeholder","$v":"E-poçt məktubunuz burada"},{"$i":"fxa-tos","$v":"Xidmət Şərtləri"},{"$i":"fxa-pn","$v":"Məxfilik Bildirişi"},{"$i":"fxa-create-account-title","$v":"Hesab Yarat"},{"$i":"fxa-show-age-title","$v":"Yaşım 13-dən yuxarıdır."},{"$i":"fxa-enter-password-title","$v":"Parolu daxil edin. Parolunuz 8 - 20 simvollu olmalıdır və həm hərflər, həm də nömrələr ehtiva etməlidir."},{"$i":"fxa-enter-password-title-1","$v":"Parolu daxil edin. Parolunuz 8 - 20 simvollu olmalıdır və həm hərflər, həm də nömrələr ehtiva etməlidir."},{"$i":"fxa-setup-password-title","$v":"Parolu Qur"},{"$i":"fxa-create-password-title","$v":"Parol yarat"},{"$i":"fxa-hello-user","$v":["Salam, ",{"t":"idOrVar","v":"email"}]},{"$i":"fxa-password-refresh","$v":"Davam etmək üçün KaiOS Hesabınızın parolunu daxil edin."},{"$i":"fxa-password","$v":"Parol","placeholder":"Parol"},{"$i":"fxa-forgot-your-password","$v":"Parolunuzu unutdunuz?"},{"$i":"fxa-show-password","$v":"Parolu göstər"},{"$i":"fxa-password-length-requirement","$v":"Parolunuz ən azı 8 simvol uzunluğunda olmalıdır."},{"$i":"fxa-confirm-account","$v":"Hesabını təsdiqlə"},{"$i":"fxa-will-send-email","$v":"Hesabınız yaradıldı."},{"$i":"fxa-signup-click-verification-link-in-email","$v":["Təsdiq e-poçt məktubunu ",{"t":"idOrVar","v":"email"}," ünvanına göndərdik. Gələnlər qutunuza baxın və hesabınızı təsdiqləyin və aktivləşdirin."]},{"$i":"fxa-access-manage-account-settings","$v":"Aktivləşdirmə linkinin müddəti 24 saat ərzində bitəcək."},{"$i":"fxa-signup-success-title","$v":"Hesab Yaradıldı"},{"$i":"about-kaios-account-text","$v":"Lorem ipsum dolor sit amet, con-sectetur adipiscing elit, sed do eiusmod tempor incididunt ut labore et dolore magna aliqua. Ut enim ad minim veniam, quis nos-trud exercitation ullamco laboris nisi ut aliquip ex ea commodo consequat. Duis aute irure dolor in reprehenderit in voluptate velit esse cillum dolore eu fugiat nulla pariatur. Excepteur sint occaecat cupidatat non proident, sunt in culpa qui officia deserunt mollit anim id est laborum."},{"$i":"about-kaios-account-text1","$v":"KaiOS Hesabı KaiOS xidmətləri üçün autentikasiya təmin edir. Hesab istifadəçi və cihazı müəyyənləşdirir, cihazların və əlavə xidmətlərin uzaqdan idarə edilməsi kimi xüsusiyyətlərə giriş imkanı verir."},{"$i":"about-kaios-account-text2","$v":"Hesab yaratmaq üçün e-poçt ünvanı və parol tələb edilir. İstifadəçi hesab yaradılması zamanı göndərilən e-poçt linki vasitəsilə e-poçt ünvanını təsdiq etməlidir. Bu e-poçt ünvanı təsdiqlənə qədər hesab aktivləşməyəcək."},{"$i":"about-kaios-account-text3","$v":"Hesab yaratmağa davam etməklə, siz şərtləri və məxfilik bildirişini qəbul edirsiniz."},{"$i":"fxa-signin-email","$v":"Hesab Adı"},{"$i":"fxa-signin-password","$v":"Parol"},{"$i":"fxa-signin-success-title","$v":"Hesabınız"},{"$i":"fxa-signin-lsk","$v":"Parolu Unutdum"},{"$i":"fxa-signin-rsk","$v":"Daxil Ol"},{"$i":"fxa-change-password-title","$v":"Parolu dəyişin"},{"$i":"fxa-change-password-description","$v":"Cari parolunuzu daxil edin və yeni parol təyin edin."},{"$i":"fxa-new-password","$v":"Yeni parol"},{"$i":"fxa-changing-password","$v":"Parolu dəyişdirilir..."},{"$i":"fxa-forgot-password-title","$v":"Parolu Unutdum"},{"$i":"fxa-forgot-password","$v":"parolu unutdum"},{"$i":"fxa-forgot-password-sk","$v":"PWD unuduldu"},{"$i":"fxa-forgot-password-success-title","$v":"Gönd E-poçt Parol Təkr qur"},{"$i":"fxa-reset-password-succcess-content","$v":"Parolunuzu bərpa etmək üçün e-poçt məktubu e-poçt hesabınıza göndərildi."},{"$i":"fxa-reset-password-succcess-content-part2","$v":"e-poçtunuzun gələnlər qutusunu yoxlayın və parolunuzu sıfırlayın."},{"$i":"fxa-sign-out-title","$v":"Anti-oğurluq aktiv edildi"},{"$i":"fxa-sign-out-intro","$v":"Anti-oğurluğu bağlamaq istədiyinizi təsdiq edin və çıxın."},{"$i":"fxa-sign-out-intro-1","$v":"Anti-oğurluğu bağlamaq istədiyinizi təsdiq edin və çıxın."},{"$i":"fxa-signout-email","$v":"Hesabınız"},{"$i":"fxa-confirm-password","$v":"Parolu təsdiqlə"},{"$i":"fxa-signing-out","$v":"Çıxır..."},{"$i":"fxa-sign-out-error-title","$v":"Xəta"},{"$i":"fxa-sign-out-error-message","$v":"Hesabdan çıxış uğursuzdur. Sonra təkrar cəhd edin"},{"$i":"fxa-sign-out-error-message-1","$v":"Hesabdan çıxış uğursuzdur. Daha sonra təkrar cəhd edin"},{"$i":"fxa-connection-is-required-title","$v":"Xəta"},{"$i":"fxa-connection-is-required-message","$v":"İnternet bağlantısı tələb olunur"},{"$i":"fxa-check-password-title","$v":"Anti-oğurluğu qeyri-aktiv et"},{"$i":"fxa-disable-antitheft-checkpassword-message","$v":"Anti-oğurluğu bağlamaq istədiyinizi təsdiq edin."},{"$i":"fxa-reset-factory-checkpassword-message","$v":"Cihazınızı sıfırlamaq üçün, parolunuzu daxil və anti-oğurluğu qeyri-aktiv etməlisiniz."},{"$i":"fxa-reset-factory-checkpassword-message-1","$v":"Cihazınızı sıfırlamaq üçün parolunuzu daxil etməli və anti-oğurluq rejimini qeyri-aktiv etməlisiniz."},{"$i":"fxa-enter-email-to-reset-password","$v":"Hesab e-poçtunuzu daxil edin, parolu yeniləməyiniz üçün sizə link göndərəcəyik."},{"$i":"fxa-enter-email-to-reset-password-1","$v":"Hesab e-poçtunuzu daxil edin, parolu yeniləməyiniz üçün sizə link göndərəcəyik."},{"$i":"fxa-account-not-found","$v":"Hesab tapılmadı. Yenidən cəhd edin."},{"$i":"fxa-multiple-sign-in-attempts-title","$v":"Bir neçə Giriş Cəhdi"},{"$i":"fxa-multiple-sign-in-attempts-content","$v":"Yanlış parolu bir neçə dəfə daxil etdiniz"},{"$i":"fxa-multiple-sign-in-attempts-content-1","$v":"Yanlış parolu bir neçə dəfə daxil etdiniz."},{"$i":"fxa-multiple-sign-in-attempts-content-retry","$v":"Daha sonra yenidən cəhd edin"},{"$i":"shortDateFormat","$v":"%B %d, %Y"},{"$i":"network-error-in-app","$v":"Hal-hazırda İnternetə heç bir giriş yoxdur."},{"$i":"network-error-launching","$v":[{"t":"idOrVar","v":"name"}," İnternet bağlantısı tələb edir."]},{"$i":"network-error-launching-title","$v":"Heç bir İnternet bağlantısı yoxdur"},{"$i":"network-error-launching-message","$v":"Internetə giriş etmək üçün Wi-Fi və ya şəbəkə məlumatı istifadə edin."},{"$i":"server-not-found","$v":"Server tapılmadı"},{"$i":"server-not-found-error","$v":["Serveri ",{"t":"idOrVar","v":"name"},"-də tapmaq olmur."]},{"$i":"file-not-found","$v":"Fayl tapılmadı"},{"$i":"file-not-found-error","$v":"Cihaz bu səhifəni göstərə bilmir, çünki fayl tapılmaədı."},{"$i":"connection-failed","$v":"Qoşulmaq olmur"},{"$i":"connection-failed-error","$v":"Sayta qoşulmaq cəhdində şəbəkə xətası baş verdi."},{"$i":"invalid-connection","$v":"Qoşulmaq olmur"},{"$i":"invalid-connection-error","$v":"Sayta qoşulmaq cəhdində şəbəkə xətası baş verdi."},{"$i":"malformed-uri","$v":"URL etibarlı deyil"},{"$i":"malformed-uri-error","$v":"Daxil edilmiş URL etibarlı deyil və yüklənmir."},{"$i":"redirect-loop","$v":"Səhifəni göstərmək olmur"},{"$i":"redirect-loop-error","$v":"Cihaz bu səhifəni göstərə bilmir, çünki səhifə düzgün yönləndirilmir. Daha sonra bu səhifəni yenidən cəhd edin."},{"$i":"not-cached","$v":"Səhifə etibarsızdır"},{"$i":"not-cached-error","$v":"Təhlükəsizlik tədbiri kimi, bu səhifə müddəti bitdiyinə görə cihaz tərəfindən göstərilə bilməz."},{"$i":"is-printing","$v":"Giriş rədd edildi"},{"$i":"is-printing-error","$v":"Sənəd Çap və ya Çap Ön Baxışı zamanı dəyişdirilə bilməz."},{"$i":"denied-port-access","$v":"Ünvan məhdudlaşdırıldı"},{"$i":"denied-port-access-error","$v":"Bu ünvan veb axtarışından fərqli məqsədlər üçün istifadə edilən şəbəkə portunu istifadə edir. Cihaz müdafiəniz üçün sorğunu ləğv etdi."},{"$i":"proxy-resolve-failure","$v":"Proksi Server Xətası"},{"$i":"proxy-resolve-failure-error","$v":"Cihaz tapılmayan proksi serverdən istifadə etmək üçün konfiqurasiya edilib."},{"$i":"proxy-connect-failure","$v":"Proksi Server Xətası"},{"$i":"proxy-connect-failure-error","$v":"Cihaz bağlantılardan imtina edən proksi serverdən istifadə etmək üçün konfiqurasiya edilib."},{"$i":"content-encoding","$v":"Səhifə göstərmək olmur"},{"$i":"content-encoding-error","$v":"Cihaz bu səhifəni göstərə bilmir, çünki məzmun kodlanması xətası baş verdi."},{"$i":"remote-xul","$v":"Səhifə dəstəklənmir"},{"$i":"remote-xul-error","$v":"Bu səhifə cihazda dəstəklənməyən texnologiya istifadə etdiyinə görə göstərilmir."},{"$i":"phishing-blocked","$v":"Xəbərdarlıq"},{"$i":"phishing-blocked-error","$v":"Saxtakar kimi qeydə alınmış veb-sayt istifadəçilərin şəxsi və ya maliyyə məlumatlarını paylaşmağa sövq edilməsi üçün nəzərdə tutulmuşdur."},{"$i":"malware-blocked","$v":"Zərərli proqram hücumu bloklandı"},{"$i":"malware-blocked-error","$v":"Sayt hücum saytı kimi qeydə alındı. Cihaz müdafiəniz üçün sorğunu blokladı."},{"$i":"unsafe-content-type","$v":"Təhlükəsiz məzmun"},{"$i":"unsafe-content-type-error","$v":"Səhifə göstərilə bilməz, çünki onu açmaq təhlükəsiz olmaya bilər."},{"$i":"corrupted-content","$v":"Qoşulmaq olmur"},{"$i":"corrupted-content-error","$v":"Səhifə göstərilə bilməz, çünki məlumat ötürülməsində xəta aşkar edildi."},{"$i":"unknown-protocol-found","$v":"Səhifə dəstəklənmir"},{"$i":"unknown-protocol-found-error","$v":"Səhifə cihazda dəstəklənməyən texnol istif etdiy görə göstər bilməz."},{"$i":"try-again","$v":"Yenidən cəhd et"},{"$i":"check-settings","$v":"Parametrləri yoxla"},{"$i":"brandShortName","$v":"KaiOS"},{"$i":"browserBrandShortName","$v":"Web Browser"},{"$i":"browserBrandFullName","$v":"Mozilla Web Browser"},{"$i":"ringtoneBrandName","$v":"Default"},{"$i":"ringtoneSectionBrandName","$v":"System"},{"$i":"accessibility-enableScreenReaderSteps","$v":"To enable screen reader, press the volume up and then volume down buttons three more times"},{"$i":"accessibility-disableScreenReaderSteps","$v":"To disable screen reader, press the volume up and then volume down buttons three more times"},{"$i":"accessibility-screenReaderStarted","$v":"Screen reader started"},{"$i":"accessibility-screenReaderStopped","$v":"Screen reader stopped"},{"$i":"accessibility-menubar","$v":"menu bar"},{"$i":"accessibility-scrollbar","$v":"scroll bar"},{"$i":"accessibility-grip","$v":"grip"},{"$i":"accessibility-alert","$v":"alert"},{"$i":"accessibility-menupopup","$v":"menu popup"},{"$i":"accessibility-document","$v":"document"},{"$i":"accessibility-pane","$v":"pane"},{"$i":"accessibility-dialog","$v":"dialogue"},{"$i":"accessibility-separator","$v":"separator"},{"$i":"accessibility-toolbar","$v":"toolbar"},{"$i":"accessibility-statusbar","$v":"status bar"},{"$i":"accessibility-table","$v":"table"},{"$i":"accessibility-columnheader","$v":"column header"},{"$i":"accessibility-rowheader","$v":"row header"},{"$i":"accessibility-column","$v":"column"},{"$i":"accessibility-row","$v":"row"},{"$i":"accessibility-cell","$v":"cell"},{"$i":"accessibility-link","$v":"link"},{"$i":"accessibility-list","$v":"list"},{"$i":"accessibility-listitem","$v":"list item"},{"$i":"accessibility-outline","$v":"outline"},{"$i":"accessibility-outlineitem","$v":"outline item"},{"$i":"accessibility-pagetab","$v":"tab"},{"$i":"accessibility-propertypage","$v":"property page"},{"$i":"accessibility-graphic","$v":"graphic"},{"$i":"accessibility-pushbutton","$v":"button"},{"$i":"accessibility-checkbutton","$v":"check button"},{"$i":"accessibility-radiobutton","$v":"radio button"},{"$i":"accessibility-combobox","$v":"combo box"},{"$i":"accessibility-progressbar","$v":"progress bar"},{"$i":"accessibility-slider","$v":"slider"},{"$i":"accessibility-spinbutton","$v":"spin button"},{"$i":"accessibility-diagram","$v":"diagram"},{"$i":"accessibility-animation","$v":"animation"},{"$i":"accessibility-equation","$v":"equation"},{"$i":"accessibility-buttonmenu","$v":"button menu"},{"$i":"accessibility-whitespace","$v":"white space"},{"$i":"accessibility-pagetablist","$v":"tab list"},{"$i":"accessibility-canvas","$v":"canvas"},{"$i":"accessibility-checkmenuitem","$v":"menyu elementini işarələyin"},{"$i":"accessibility-label","$v":"label"},{"$i":"accessibility-passwordtext","$v":"password text"},{"$i":"accessibility-radiomenuitem","$v":"radio menyusu elementi"},{"$i":"accessibility-textcontainer","$v":"text container"},{"$i":"accessibility-togglebutton","$v":"toggle button"},{"$i":"accessibility-treetable","$v":"tree table"},{"$i":"accessibility-header","$v":"header"},{"$i":"accessibility-footer","$v":"footer"},{"$i":"accessibility-paragraph","$v":"paragraph"},{"$i":"accessibility-entry","$v":"entry"},{"$i":"accessibility-caption","$v":"caption"},{"$i":"accessibility-heading","$v":"heading"},{"$i":"accessibility-section","$v":"section"},{"$i":"accessibility-form","$v":"form"},{"$i":"accessibility-comboboxlist","$v":"combo box list"},{"$i":"accessibility-comboboxoption","$v":"combo box option"},{"$i":"accessibility-imagemap","$v":"image map"},{"$i":"accessibility-listboxoption","$v":"option"},{"$i":"accessibility-listbox","$v":"list box"},{"$i":"accessibility-flatequation","$v":"flat equation"},{"$i":"accessibility-gridcell","$v":"gridcell"},{"$i":"accessibility-note","$v":"note"},{"$i":"accessibility-figure","$v":"figure"},{"$i":"accessibility-definitionlist","$v":"definition list"},{"$i":"accessibility-term","$v":"term"},{"$i":"accessibility-definition","$v":"definition"},{"$i":"accessibility-textarea","$v":"text area"},{"$i":"accessibility-textInputType_date","$v":"date"},{"$i":"accessibility-textInputType_email","$v":"E-poçt"},{"$i":"accessibility-textInputType_search","$v":"search"},{"$i":"accessibility-textInputType_tel","$v":"telephone"},{"$i":"accessibility-textInputType_url","$v":"URL"},{"$i":"accessibility-headingLevel","$v":["heading level ",{"t":"idOrVar","v":"0"}]},{"$i":"accessibility-listStart","$v":"First item"},{"$i":"accessibility-listEnd","$v":"Last item"},{"$i":"accessibility-listItemsCount","$v":{"few":[{"t":"idOrVar","v":"count"}," items"],"many":[{"t":"idOrVar","v":"count"}," items"],"one":[{"t":"idOrVar","v":"count"}," item"],"other":[{"t":"idOrVar","v":"count"}," items"],"two":[{"t":"idOrVar","v":"count"}," items"],"zero":[{"t":"idOrVar","v":"count"}," items"]},"$x":[{"t":"idOrVar","v":"plural"},"count"]},{"$i":"accessibility-objItemOfN","$v":[{"t":"idOrVar","v":"0"}," of ",{"t":"idOrVar","v":"1"}]},{"$i":"accessibility-banner","$v":"banner"},{"$i":"accessibility-complementary","$v":"complementary"},{"$i":"accessibility-contentinfo","$v":"content info"},{"$i":"accessibility-main","$v":"main"},{"$i":"accessibility-navigation","$v":"navigation"},{"$i":"accessibility-search","$v":"search"},{"$i":"accessibility-tblColumnInfo","$v":{"few":["with ",{"t":"idOrVar","v":"count"}," columns"],"many":["with ",{"t":"idOrVar","v":"count"}," columns"],"one":["with ",{"t":"idOrVar","v":"count"}," column"],"other":["with ",{"t":"idOrVar","v":"count"}," columns"],"two":["with ",{"t":"idOrVar","v":"count"}," columns"],"zero":["with ",{"t":"idOrVar","v":"count"}," columns"]},"$x":[{"t":"idOrVar","v":"plural"},"count"]},{"$i":"accessibility-tblRowInfo","$v":{"few":["and ",{"t":"idOrVar","v":"count"}," rows"],"many":["and ",{"t":"idOrVar","v":"count"}," rows"],"one":["and ",{"t":"idOrVar","v":"count"}," row"],"other":["and ",{"t":"idOrVar","v":"count"}," rows"],"two":["and ",{"t":"idOrVar","v":"count"}," rows"],"zero":["and ",{"t":"idOrVar","v":"count"}," rows"]},"$x":[{"t":"idOrVar","v":"plural"},"count"]},{"$i":"accessibility-columnInfo","$v":["Column ",{"t":"idOrVar","v":"0"}]},{"$i":"accessibility-rowInfo","$v":["Row ",{"t":"idOrVar","v":"0"}]},{"$i":"accessibility-spansColumns","$v":{"few":["spans ",{"t":"idOrVar","v":"0"}," columns"],"many":["spans ",{"t":"idOrVar","v":"0"}," columns"],"one":["spans ",{"t":"idOrVar","v":"0"}," column"],"other":["spans ",{"t":"idOrVar","v":"0"}," columns"],"two":["spans ",{"t":"idOrVar","v":"0"}," columns"],"zero":["spans ",{"t":"idOrVar","v":"0"}," columns"]},"$x":[{"t":"idOrVar","v":"plural"},"0"]},{"$i":"accessibility-spansRows","$v":{"few":["spans ",{"t":"idOrVar","v":"0"}," rows"],"many":["spans ",{"t":"idOrVar","v":"0"}," rows"],"one":["spans ",{"t":"idOrVar","v":"0"}," row"],"other":["spans ",{"t":"idOrVar","v":"0"}," rows"],"two":["spans ",{"t":"idOrVar","v":"0"}," rows"],"zero":["spans ",{"t":"idOrVar","v":"0"}," rows"]},"$x":[{"t":"idOrVar","v":"plural"},"0"]},{"$i":"accessibility-jumpAction","$v":"jumped"},{"$i":"accessibility-pressAction","$v":"pressed"},{"$i":"accessibility-checkAction","$v":"checked"},{"$i":"accessibility-uncheckAction","$v":"unchecked"},{"$i":"accessibility-selectAction","$v":"selected"},{"$i":"accessibility-unselectAction","$v":"unselected"},{"$i":"accessibility-openAction","$v":"opened"},{"$i":"accessibility-closeAction","$v":"closed"},{"$i":"accessibility-switchAction","$v":"switched"},{"$i":"accessibility-clickAction","$v":"clicked"},{"$i":"accessibility-collapseAction","$v":"collapsed"},{"$i":"accessibility-expandAction","$v":"expanded"},{"$i":"accessibility-activateAction","$v":"activated"},{"$i":"accessibility-cycleAction","$v":"cycled"},{"$i":"accessibility-hidden","$v":"hidden"},{"$i":"accessibility-tabLoading","$v":"loading"},{"$i":"accessibility-tabLoaded","$v":"loaded"},{"$i":"accessibility-tabNew","$v":"new tab"},{"$i":"accessibility-tabLoadStopped","$v":"loading stopped"},{"$i":"accessibility-tabReload","$v":"reloading"},{"$i":"accessibility-stateChecked","$v":"checked"},{"$i":"accessibility-stateNotChecked","$v":"not checked"},{"$i":"accessibility-statePressed","$v":"pressed"},{"$i":"accessibility-stateExpanded","$v":"expanded"},{"$i":"accessibility-stateCollapsed","$v":"collapsed"},{"$i":"accessibility-stateUnavailable","$v":"unavailable"},{"$i":"accessibility-stateRequired","$v":"required"},{"$i":"accessibility-stateTraversed","$v":"visited"},{"$i":"accessibility-stateHasPopup","$v":"has pop up"},{"$i":"accessibility-stateSelected","$v":"selected"},{"$i":"accessibility-editingMode","$v":"editing"},{"$i":"accessibility-navigationMode","$v":"navigating"},{"$i":"accessibility-quicknav_Simple","$v":"Default"},{"$i":"accessibility-quicknav_Anchor","$v":"Anchors"},{"$i":"accessibility-quicknav_Button","$v":"Buttons"},{"$i":"accessibility-quicknav_Combobox","$v":"Combo boxes"},{"$i":"accessibility-quicknav_Landmark","$v":"Landmarks"},{"$i":"accessibility-quicknav_Entry","$v":"Entries"},{"$i":"accessibility-quicknav_FormElement","$v":"Form elements"},{"$i":"accessibility-quicknav_Graphic","$v":"Images"},{"$i":"accessibility-quicknav_Heading","$v":"Headings"},{"$i":"accessibility-quicknav_ListItem","$v":"List items"},{"$i":"accessibility-quicknav_Link","$v":"Links"},{"$i":"accessibility-quicknav_List","$v":"Lists"},{"$i":"accessibility-quicknav_PageTab","$v":"Page tabs"},{"$i":"accessibility-quicknav_RadioButton","$v":"Radio buttons"},{"$i":"accessibility-quicknav_Separator","$v":"Separators"},{"$i":"accessibility-quicknav_Table","$v":"Tables"},{"$i":"accessibility-quicknav_Checkbox","$v":"Check boxes"},{"$i":"accessibility-menubarAbbr","$v":"menu bar"},{"$i":"accessibility-scrollbarAbbr","$v":"scroll bar"},{"$i":"accessibility-gripAbbr","$v":"grip"},{"$i":"accessibility-alertAbbr","$v":"alert"},{"$i":"accessibility-menupopupAbbr","$v":"menu popup"},{"$i":"accessibility-documentAbbr","$v":"document"},{"$i":"accessibility-paneAbbr","$v":"pane"},{"$i":"accessibility-dialogAbbr","$v":"dialogue"},{"$i":"accessibility-separatorAbbr","$v":"separator"},{"$i":"accessibility-toolbarAbbr","$v":"toolbar"},{"$i":"accessibility-statusbarAbbr","$v":"status bar"},{"$i":"accessibility-tableAbbr","$v":"tbl"},{"$i":"accessibility-columnheaderAbbr","$v":"column header"},{"$i":"accessibility-rowheaderAbbr","$v":"row header"},{"$i":"accessibility-columnAbbr","$v":"column"},{"$i":"accessibility-rowAbbr","$v":"row"},{"$i":"accessibility-cellAbbr","$v":"cell"},{"$i":"accessibility-linkAbbr","$v":"lnk"},{"$i":"accessibility-listAbbr","$v":"list"},{"$i":"accessibility-listitemAbbr","$v":"list item"},{"$i":"accessibility-outlineAbbr","$v":"outline"},{"$i":"accessibility-outlineitemAbbr","$v":"outline item"},{"$i":"accessibility-pagetabAbbr","$v":"tab"},{"$i":"accessibility-propertypageAbbr","$v":"property page"},{"$i":"accessibility-graphicAbbr","$v":"graphic"},{"$i":"accessibility-pushbuttonAbbr","$v":"btn"},{"$i":"accessibility-checkbuttonAbbr","$v":"check button"},{"$i":"accessibility-radiobuttonAbbr","$v":"radio button"},{"$i":"accessibility-comboboxAbbr","$v":"combo box"},{"$i":"accessibility-progressbarAbbr","$v":"progress bar"},{"$i":"accessibility-sliderAbbr","$v":"slider"},{"$i":"accessibility-spinbuttonAbbr","$v":"spin button"},{"$i":"accessibility-diagramAbbr","$v":"diagram"},{"$i":"accessibility-animationAbbr","$v":"animation"},{"$i":"accessibility-equationAbbr","$v":"equation"},{"$i":"accessibility-buttonmenuAbbr","$v":"button menu"},{"$i":"accessibility-whitespaceAbbr","$v":"white space"},{"$i":"accessibility-pagetablistAbbr","$v":"tab list"},{"$i":"accessibility-canvasAbbr","$v":"canvas"},{"$i":"accessibility-checkmenuitemAbbr","$v":"check menu item"},{"$i":"accessibility-labelAbbr","$v":"label"},{"$i":"accessibility-passwordtextAbbr","$v":"passwdtxt"},{"$i":"accessibility-radiomenuitemAbbr","$v":"radio menu item"},{"$i":"accessibility-textcontainerAbbr","$v":"text container"},{"$i":"accessibility-togglebuttonAbbr","$v":"toggle button"},{"$i":"accessibility-treetableAbbr","$v":"tree table"},{"$i":"accessibility-headerAbbr","$v":"header"},{"$i":"accessibility-footerAbbr","$v":"footer"},{"$i":"accessibility-paragraphAbbr","$v":"paragraph"},{"$i":"accessibility-entryAbbr","$v":"entry"},{"$i":"accessibility-captionAbbr","$v":"caption"},{"$i":"accessibility-headingAbbr","$v":"heading"},{"$i":"accessibility-sectionAbbr","$v":"section"},{"$i":"accessibility-formAbbr","$v":"form"},{"$i":"accessibility-comboboxlistAbbr","$v":"combo box list"},{"$i":"accessibility-comboboxoptionAbbr","$v":"combo box option"},{"$i":"accessibility-imagemapAbbr","$v":"imgmap"},{"$i":"accessibility-listboxoptionAbbr","$v":"option"},{"$i":"accessibility-listboxAbbr","$v":"list box"},{"$i":"accessibility-flatequationAbbr","$v":"flat equation"},{"$i":"accessibility-gridcellAbbr","$v":"gridcell"},{"$i":"accessibility-noteAbbr","$v":"note"},{"$i":"accessibility-figureAbbr","$v":"fig"},{"$i":"accessibility-definitionlistAbbr","$v":"definition list"},{"$i":"accessibility-termAbbr","$v":"term"},{"$i":"accessibility-definitionAbbr","$v":"definition"},{"$i":"accessibility-textareaAbbr","$v":"txtarea"},{"$i":"accessibility-tblColumnInfoAbbr","$v":{"few":[{"t":"idOrVar","v":"count"},"c"],"many":[{"t":"idOrVar","v":"count"},"c"],"one":[{"t":"idOrVar","v":"count"},"c"],"other":[{"t":"idOrVar","v":"count"},"c"],"two":[{"t":"idOrVar","v":"count"},"c"]},"$x":[{"t":"idOrVar","v":"plural"},"count"]},{"$i":"accessibility-tblRowInfoAbbr","$v":{"few":[{"t":"idOrVar","v":"count"},"r"],"many":[{"t":"idOrVar","v":"count"},"r"],"one":[{"t":"idOrVar","v":"count"},"r"],"other":[{"t":"idOrVar","v":"count"},"r"],"two":[{"t":"idOrVar","v":"count"},"r"]},"$x":[{"t":"idOrVar","v":"plural"},"count"]},{"$i":"accessibility-cellInfoAbbr","$v":["c",{"t":"idOrVar","v":"0"},"r",{"t":"idOrVar","v":"1"}]},{"$i":"accessibility-stateCheckedAbbr","$v":"(x)"},{"$i":"accessibility-stateUncheckedAbbr","$v":"( )"},{"$i":"accessibility-statePressedAbbr","$v":"(x)"},{"$i":"accessibility-stateUnpressedAbbr","$v":"( )"},{"$i":"accessibility-pushbutton-hint","$v":"Double tap to activate"},{"$i":"accessibility-checkbutton-hint","$v":"Double tap to activate"},{"$i":"accessibility-combobox-hint","$v":"Double tap to activate"},{"$i":"accessibility-key-hint","$v":"Tap and hold to activate"},{"$i":"accessibility-link-hint","$v":"Double tap to activate"},{"$i":"accessibility-menuitem-hint","$v":"Double tap to activate"},{"$i":"accessibility-option-hint","$v":"Double tap to activate"},{"$i":"accessibility-radiobutton-hint","$v":"Double tap to activate"},{"$i":"accessibility-slider-hint","$v":"Swipe up to increase or down to decrease"},{"$i":"accessibility-spinbutton-hint","$v":"Swipe up to increase or down to decrease"},{"$i":"accessibility-pagetab-hint","$v":"Double tap to activate"},{"$i":"accessibility-entry-hint","$v":"Double tap to activate"},{"$i":"accessibility-outlineitem-hint","$v":"Double tap to activate"},{"$i":"SoftLeft","$v":"Sol proqram düyməsi"},{"$i":"Enter","$v":"OK düyməsi"},{"$i":"SoftRight","$v":"Sağ proqram düyməsi"},{"$i":"weekday-0-long","$v":"Bazar"},{"$i":"weekday-1-long","$v":"Bazar ertəsi"},{"$i":"weekday-2-long","$v":"Çərşənbə axşamı"},{"$i":"weekday-3-long","$v":"Çərşənbə"},{"$i":"weekday-4-long","$v":"Cümə axşamı"},{"$i":"weekday-5-long","$v":"Cümə"},{"$i":"weekday-6-long","$v":"Şənbə"},{"$i":"weekday-0-short","$v":"Bazar"},{"$i":"weekday-1-short","$v":"Bazar ertəsi"},{"$i":"weekday-2-short","$v":"Çərşənbə axşamı"},{"$i":"weekday-3-short","$v":"Çərşənbə"},{"$i":"weekday-4-short","$v":"Cümə axşamı"},{"$i":"weekday-5-short","$v":"Cüm"},{"$i":"weekday-6-short","$v":"Şənbə"},{"$i":"month-0-long","$v":"Yanvar"},{"$i":"month-1-long","$v":"Fevral"},{"$i":"month-2-long","$v":"Mart"},{"$i":"month-3-long","$v":"Aprel"},{"$i":"month-4-long","$v":"May"},{"$i":"month-5-long","$v":"İyun"},{"$i":"month-6-long","$v":"İyul"},{"$i":"month-7-long","$v":"Avqust"},{"$i":"month-8-long","$v":"Sentyabr"},{"$i":"month-9-long","$v":"Oktyabr"},{"$i":"month-10-long","$v":"Noyabr"},{"$i":"month-11-long","$v":"Dekabr"},{"$i":"month-0-genitive","$v":"Yanvar"},{"$i":"month-1-genitive","$v":"Fevral"},{"$i":"month-2-genitive","$v":"Mart"},{"$i":"month-3-genitive","$v":"Aprel"},{"$i":"month-4-genitive","$v":"May"},{"$i":"month-5-genitive","$v":"İyun"},{"$i":"month-6-genitive","$v":"İyul"},{"$i":"month-7-genitive","$v":"Avqust"},{"$i":"month-8-genitive","$v":"Sentyabr"},{"$i":"month-9-genitive","$v":"Oktyabr"},{"$i":"month-10-genitive","$v":"Noyabr"},{"$i":"month-11-genitive","$v":"Dekabr"},{"$i":"month-0-short","$v":"Yan"},{"$i":"month-1-short","$v":"Fev"},{"$i":"month-2-short","$v":"Mar"},{"$i":"month-3-short","$v":"Apr"},{"$i":"month-4-short","$v":"May"},{"$i":"month-5-short","$v":"İyun"},{"$i":"month-6-short","$v":"İyul"},{"$i":"month-7-short","$v":"Avq"},{"$i":"month-8-short","$v":"Sen"},{"$i":"month-9-short","$v":"Okt"},{"$i":"month-10-short","$v":"Noy"},{"$i":"month-11-short","$v":"Dek"},{"$i":"minutes-ago-long","$v":{"few":[{"t":"idOrVar","v":"value"}," dəqiqə əvvəl"],"many":[{"t":"idOrVar","v":"value"}," dəqiqə əvvəl"],"one":"bir dəqiqə əvvəl","other":[{"t":"idOrVar","v":"value"}," dəqiqə əvvəl"],"two":[{"t":"idOrVar","v":"value"}," dəqiqə əvvəl"],"zero":"indicə"},"$x":[{"t":"idOrVar","v":"plural"},"value"]},{"$i":"hours-ago-long","$v":{"few":[{"t":"idOrVar","v":"value"}," saat əvvəl"],"many":[{"t":"idOrVar","v":"value"}," saat əvvəl"],"one":"bir saat əvvəl","other":[{"t":"idOrVar","v":"value"}," saat əvvəl"],"two":[{"t":"idOrVar","v":"value"}," saat əvvəl"],"zero":"indicə"},"$x":[{"t":"idOrVar","v":"plural"},"value"]},{"$i":"days-ago-long","$v":{"few":[{"t":"idOrVar","v":"value"}," gün əvvəl"],"many":[{"t":"idOrVar","v":"value"}," gün əvvəl"],"one":"dünən","other":[{"t":"idOrVar","v":"value"}," gün əvvəl"],"two":[{"t":"idOrVar","v":"value"}," gün əvvəl"],"zero":"bu gün"},"$x":[{"t":"idOrVar","v":"plural"},"value"]},{"$i":"weeks-ago-long","$v":{"few":[{"t":"idOrVar","v":"value"}," həftə əvvəl"],"many":[{"t":"idOrVar","v":"value"}," həftə əvvəl"],"one":"sonuncu həftə","other":[{"t":"idOrVar","v":"value"}," həftə əvvəl"],"two":[{"t":"idOrVar","v":"value"}," həftə əvvəl"],"zero":"bu həftə"},"$x":[{"t":"idOrVar","v":"plural"},"value"]},{"$i":"months-ago-long","$v":{"few":[{"t":"idOrVar","v":"value"}," ay əvvəl"],"many":[{"t":"idOrVar","v":"value"}," ay əvvəl"],"one":"sonuncu ay","other":[{"t":"idOrVar","v":"value"}," ay əvvəl"],"two":[{"t":"idOrVar","v":"value"}," ay əvvəl"],"zero":"bu ay"},"$x":[{"t":"idOrVar","v":"plural"},"value"]},{"$i":"years-ago-long","$v":{"few":[{"t":"idOrVar","v":"value"}," il əvvəl"],"many":[{"t":"idOrVar","v":"value"}," il əvvəl"],"one":"sonuncu il","other":[{"t":"idOrVar","v":"value"}," il əvvəl"],"two":[{"t":"idOrVar","v":"value"}," il əvvəl"],"zero":"bu il"},"$x":[{"t":"idOrVar","v":"plural"},"value"]},{"$i":"minutes-until-long","$v":{"few":[{"t":"idOrVar","v":"value"}," dəqiqədə"],"many":[{"t":"idOrVar","v":"value"}," dəqiqədə"],"one":"bir dəqiqədə","other":[{"t":"idOrVar","v":"value"}," dəqiqədə"],"two":[{"t":"idOrVar","v":"value"}," dəqiqədə"],"zero":"indi"},"$x":[{"t":"idOrVar","v":"plural"},"value"]},{"$i":"hours-until-long","$v":{"few":[{"t":"idOrVar","v":"value"}," saatda"],"many":[{"t":"idOrVar","v":"value"}," saatda"],"one":"bir saatda","other":[{"t":"idOrVar","v":"value"}," saatda"],"two":[{"t":"idOrVar","v":"value"}," saatda"],"zero":"indi"},"$x":[{"t":"idOrVar","v":"plural"},"value"]},{"$i":"days-until-long","$v":{"few":[{"t":"idOrVar","v":"value"}," gündə"],"many":[{"t":"idOrVar","v":"value"}," gündə"],"one":"sabah","other":[{"t":"idOrVar","v":"value"}," gündə"],"two":[{"t":"idOrVar","v":"value"}," gündə"],"zero":"bu gün"},"$x":[{"t":"idOrVar","v":"plural"},"value"]},{"$i":"weeks-until-long","$v":{"few":[{"t":"idOrVar","v":"value"}," həftədə"],"many":[{"t":"idOrVar","v":"value"}," həftədə"],"one":"növbəti həftə","other":[{"t":"idOrVar","v":"value"}," həftədə"],"two":[{"t":"idOrVar","v":"value"}," həftədə"],"zero":"bu həftə"},"$x":[{"t":"idOrVar","v":"plural"},"value"]},{"$i":"months-until-long","$v":{"few":[{"t":"idOrVar","v":"value"}," ayda"],"many":[{"t":"idOrVar","v":"value"}," ayda"],"one":"növbəti ay","other":[{"t":"idOrVar","v":"value"}," ayda"],"two":[{"t":"idOrVar","v":"value"}," ayda"],"zero":"bu ay"},"$x":[{"t":"idOrVar","v":"plural"},"value"]},{"$i":"years-until-long","$v":{"few":[{"t":"idOrVar","v":"value"}," ildə"],"many":[{"t":"idOrVar","v":"value"}," ildə"],"one":"növbəti il","other":[{"t":"idOrVar","v":"value"}," ildə"],"two":[{"t":"idOrVar","v":"value"}," ildə"],"zero":"bu il"},"$x":[{"t":"idOrVar","v":"plural"},"value"]},{"$i":"minutes-ago-short","$v":{"other":[{"t":"idOrVar","v":"value"},"d əvvəl"],"zero":"indicə"},"$x":[{"t":"idOrVar","v":"plural"},"value"]},{"$i":"hours-ago-short","$v":{"other":[{"t":"idOrVar","v":"value"},"s əvvəl"],"zero":"indicə"},"$x":[{"t":"idOrVar","v":"plural"},"value"]},{"$i":"days-ago-short","$v":{"other":[{"t":"idOrVar","v":"value"},"g əvvəl"],"zero":"bu gün"},"$x":[{"t":"idOrVar","v":"plural"},"value"]},{"$i":"minutes-until-short","$v":{"other":[{"t":"idOrVar","v":"value"}," d-də"],"zero":"indi"},"$x":[{"t":"idOrVar","v":"plural"},"value"]},{"$i":"hours-until-short","$v":{"other":[{"t":"idOrVar","v":"value"}," s-da"],"zero":"indi"},"$x":[{"t":"idOrVar","v":"plural"},"value"]},{"$i":"days-until-short","$v":{"other":[{"t":"idOrVar","v":"value"}," g-də"],"zero":"bu gün"},"$x":[{"t":"idOrVar","v":"plural"},"value"]},{"$i":"incorrectDate","$v":"(yanlış tarix)"},{"$i":"dateTimeFormat_%c","$v":"%a %b %e %Y %I:%M:%S %p"},{"$i":"dateTimeFormat_%x","$v":"%m/%d/%Y"},{"$i":"dateTimeFormat_%X","$v":"%I:%M:%S %p"},{"$i":"shortTimeFormat","$v":"%I:%M %p"},{"$i":"shortTimeFormat12","$v":"%I:%M %p"},{"$i":"shortTimeFormat24","$v":"%H:%M"},{"$i":"shortDateTimeFormat","$v":"%x %I:%M %p"},{"$i":"weekStartsOnMonday","$v":"0.0"},{"$i":"firstDayOfTheWeek","$v":"1.0"},{"$i":"time_am","$v":"AM"},{"$i":"time_pm","$v":"PM"},{"$i":"title-app","$v":"Proq. İcazəsi"},{"$i":"title-web","$v":"Veb-sayt İcazəsi"},{"$i":"title-cam","$v":"Fotoaparat seçin"},{"$i":"perm-alarms","$v":"Siqnalları cədvəlləşdir"},{"$i":"perm-audio-capture","$v":"Mikrofon"},{"$i":"perm-audio-capture-appRequest","$v":["Mikrofonunuzu ",{"t":"idOrVar","v":"app"}," ilə paylaşmaq istəyirsiniz?"]},{"$i":"perm-audio-capture-webRequest","$v":["Mikrofonunuzu ",{"t":"idOrVar","v":"site"}," ilə paylaşmaq istəyirsiniz?"]},{"$i":"perm-audio-channel-content","$v":"Səsləndirmə Səsləri"},{"$i":"perm-audio-channel-notification","$v":"Bildiriş Səsləri Səsləndir"},{"$i":"perm-audio-channel-ringer","$v":"Play Ringtone Sounds"},{"$i":"perm-background-sensors","$v":"Sensor Məlumatlarına Giriş et"},{"$i":"perm-bluetooth","$v":"Bluetooth"},{"$i":"perm-browser","$v":"Veb səhifələrini yoxla"},{"$i":"perm-camera","$v":"Kameralar"},{"$i":"perm-camera-selector-appRequest","$v":[{"t":"idOrVar","v":"app"}," üç fotoap seç."]},{"$i":"perm-camera-selector-webRequest","$v":[{"t":"idOrVar","v":"site"}," üç fotoap seç."]},{"$i":"perm-camera-appRequest","$v":[{"t":"idOrVar","v":"app"}," fotoaparatınızı istif.etm. istəyir."]},{"$i":"perm-camera-webRequest","$v":[{"t":"idOrVar","v":"site"}," fotoaparatınızı istif.etm. istəyir."]},{"$i":"perm-cellbroadcast","$v":"Mobil Yayımlar"},{"$i":"perm-contacts","$v":"Kontaktlar"},{"$i":"perm-contacts-appRequest","$v":[{"t":"idOrVar","v":"app"}," kontakt siyahınıza giriş etmək istəyir."]},{"$i":"perm-contacts-webRequest","$v":[{"t":"idOrVar","v":"site"}," kontakt siyahınıza giriş etmək istəyir."]},{"$i":"perm-desktop-notification","$v":"Bildi​rişlər"},{"$i":"perm-desktop-notification-appRequest","$v":[{"t":"idOrVar","v":"app"}," bildirişləri göstərmək istəyir."]},{"$i":"perm-desktop-notification-webRequest","$v":[{"t":"idOrVar","v":"site"}," bildirişləri göstərmək istəyir."]},{"$i":"perm-device-storage-apps","$v":"Proqramların Saxlanması"},{"$i":"perm-device-storage-music","$v":"Musiqi Saxlama"},{"$i":"perm-device-storage-music-appRequest","$v":[{"t":"idOrVar","v":"app"}," musiqinizə giriş etmək istəyir."]},{"$i":"perm-device-storage-music-webRequest","$v":[{"t":"idOrVar","v":"site"}," musiqinizə giriş etmək istəyir."]},{"$i":"perm-device-storage-pictures","$v":"Şəkil Saxlama"},{"$i":"perm-device-storage-pictures-appRequest","$v":[{"t":"idOrVar","v":"app"}," şəkillərinizə giriş etmək istəyir."]},{"$i":"perm-device-storage-pictures-webRequest","$v":[{"t":"idOrVar","v":"site"}," şəkillərinizə giriş etmək istəyir."]},{"$i":"perm-device-storage-sdcard","$v":"Yaddaş Kartı Saxlama"},{"$i":"perm-device-storage-sdcard-appRequest","$v":[{"t":"idOrVar","v":"app"}," yaddaş kartınıza giriş etmək istəyir."]},{"$i":"perm-device-storage-sdcard-webRequest","$v":[{"t":"idOrVar","v":"site"}," yaddaş kartınıza giriş etmək istəyir."]},{"$i":"perm-device-storage-videos","$v":"Video Saxlama"},{"$i":"perm-device-storage-videos-appRequest","$v":[{"t":"idOrVar","v":"app"}," videolarınıza giriş etmək istəyir."]},{"$i":"perm-device-storage-videos-webRequest","$v":[{"t":"idOrVar","v":"site"}," videolarınıza giriş etmək istəyir."]},{"$i":"perm-fullscreen-appRequest","$v":[{"t":"idOrVar","v":"app"}," indi tam ekrandır."]},{"$i":"perm-fullscreen-webRequest","$v":[{"t":"idOrVar","v":"site"}," indi tam ekrandır."]},{"$i":"perm-embed-apps","$v":"Sıralanmış Proqramlar"},{"$i":"perm-fmradio","$v":"FM Radio"},{"$i":"perm-fmradio-appRequest","$v":[{"t":"idOrVar","v":"app"}," FM Radio istif.etm. istəyir."]},{"$i":"perm-fmradio-webRequest","$v":[{"t":"idOrVar","v":"site"}," FM Radio istif.etm. istəyir."]},{"$i":"perm-geolocation","$v":"Geolokasiya"},{"$i":"perm-geolocation-appRequest","$v":[{"t":"idOrVar","v":"app"}," mövqeyinizi bilmək istəyir."]},{"$i":"perm-geolocation-more-info","$v":[{"t":"idOrVar","v":"brandShortName"}," GPS və mövqeyinizi təxmin etmək üçün WiFi və mobil şəbəkələr kimi əlavə köməkçi məlumatları istifadə edir. Mövqe məlumat bazalarının dəqiqliyi və əhatə dairəsini artırmaq üçün mövqe məlumatlarını ",{"t":"idOrVar","v":"brandShortName"}," və xidmət təminatçıları istifadə edə bilər. Proqram cihazınızın mövqeyinə giriş edərkən ",{"t":"idOrVar","v":"brandShortName"}," həmişə icazə istəyəcək."]},{"$i":"perm-geolocation-webRequest","$v":[{"t":"idOrVar","v":"site"}," mövqeyinizi bilmək istəyir."]},{"$i":"perm-idle","$v":"Gözləmə Statusuna bax"},{"$i":"perm-indexedDB-chrome-settings","$v":"İmtiyazlı IndexedDB"},{"$i":"perm-indexedDB-unlimited","$v":"Limitsiz IndexedDB Saxlanma"},{"$i":"perm-input-manage","$v":"Klaviaturaları idarə et"},{"$i":"perm-input","$v":"Klaviatura kimi hərəkət et"},{"$i":"perm-media-capture","$v":"Kamera və Mikrofon"},{"$i":"perm-media-capture-appRequest","$v":["Fotoaparata və mikrofonunuzu ",{"t":"idOrVar","v":"app"}," ilə paylaşmaq istəyirsiniz?"]},{"$i":"perm-media-capture-webRequest","$v":["Fotoaparata və mikrofonunuzu ",{"t":"idOrVar","v":"site"}," ilə paylaşmaq istəyirsiniz?"]},{"$i":"perm-mobileconnection","$v":"Mobil Bağlantı"},{"$i":"perm-mobileid","$v":"Mobil İdentiklik"},{"$i":"perm-network-events","$v":"Şəbəkə Tədbirləri"},{"$i":"perm-open-remote-window","$v":"Proqramı Başla"},{"$i":"perm-permissions","$v":"Proqram İcazələrini Dəyişdir"},{"$i":"perm-power","$v":"Enerji Prametrləri"},{"$i":"perm-settings","$v":"Parametrləri dəyişdir"},{"$i":"perm-systemXHR","$v":"Çapraz-Mənşə Sorğuları"},{"$i":"perm-telephony","$v":"Telefoniya"},{"$i":"perm-video-capture","$v":"Kamera"},{"$i":"perm-video-capture-appRequest","$v":["Fotoaparataı ",{"t":"idOrVar","v":"app"}," ilə paylaşmaq istəyirsiniz?"]},{"$i":"perm-video-capture-webRequest","$v":["Fotoaparata ",{"t":"idOrVar","v":"site"}," ilə paylaşmaq istəyirsiniz?"]},{"$i":"perm-voicemail","$v":"Səs poçtunu idarə et"},{"$i":"perm-webapps-manage","$v":"Webapps quraşdırılsın"},{"$i":"perm-wifi-manage","$v":"Wi-Fi-ı idarə et"},{"$i":"perm-attention","$v":"Üst-üstə düşən Açılan Pəncərələri Aç"},{"$i":"perm-audio-channel-alarm","$v":"Siqnal Səsləri Səsləndir"},{"$i":"perm-audio-channel-normal","$v":"Səsləndirmə Səsləri"},{"$i":"perm-audio-channel-publicnotification","$v":"İctim bild səsl səsləndir"},{"$i":"perm-audio-channel-telephony","$v":"Telefoniya Səsləri Səsləndir"},{"$i":"perm-backgroundservice","$v":"Arxa xidmət kimi hərəkət et"},{"$i":"perm-device-storage-crashes","$v":"Qəza Məlumatlarının Saxlanması"},{"$i":"perm-downloads","$v":"Yükləmələrə Giriş et"},{"$i":"perm-embed-widgets","$v":"Sıralanmış Vidcetlər"},{"$i":"perm-feature-detection","$v":"Xüsusiyyət Aşkarlaması"},{"$i":"perm-firefox-accounts","$v":"Firefox Hesabları"},{"$i":"perm-mobilenetwork","$v":"Mobil Şəbəkə"},{"$i":"perm-moz-attention","$v":"Üst-üstə düşən Açılan Pəncərələri Aç (moz)"},{"$i":"perm-moz-audio-channel-ringer","$v":"Play Ringtone Sounds (moz)"},{"$i":"perm-moz-audio-channel-telephony","$v":"Telefon Səsl Səslən (moz)"},{"$i":"perm-moz-firefox-accounts","$v":"Firefox Hesabları (moz)"},{"$i":"perm-networkstats-manage","$v":"İstifadə Statistikasını idarə et"},{"$i":"perm-nfc","$v":"NFC"},{"$i":"perm-nfc-hci-events","$v":"NFC HCI Tədbirləri"},{"$i":"perm-nfc-manager","$v":"NFC-ni idarə et"},{"$i":"perm-phonenumberservice","$v":"Telefon Nömrəsi Xidməti"},{"$i":"perm-push","$v":"API itələ"},{"$i":"perm-resourcestats-manage","$v":"Resurs Statistikası"},{"$i":"perm-sms","$v":"SMS Göndər və Oxu"},{"$i":"perm-speaker-control","$v":"Səs həcmini idarə et"},{"$i":"perm-storage","$v":"Saxlama yerinə Giriş et"},{"$i":"perm-tcp-socket","$v":"TCP Rozetkalar"},{"$i":"perm-test-permission","$v":"Test Permission"},{"$i":"perm-time","$v":"Tarixi və Vaxtı qur"},{"$i":"perm-udp-socket","$v":"UDP Rozetkalar"},{"$i":"perm-wappush","$v":"WAP Push"},{"$i":"stopped_download_title","$v":"Yükləmə dayandı"},{"$i":"kai-stopped_download_message","$v":"This download was stopped. Would you like to resume downloading?"},{"$i":"stopped_download_left_button","$v":"Ləğv et"},{"$i":"stopped_download_right_button","$v":"Yenidən cəhd et"},{"$i":"failed_download_title","$v":"Yükləmə baş tutmadı"},{"$i":"failed_download_message","$v":[{"t":"idOrVar","v":"name"}," yüklənə bilmir. Yükləmə təkrar cəhd edilsin?"]},{"$i":"failed_download_left_button","$v":"Ləğv et"},{"$i":"failed_download_right_button","$v":"Yenidən cəhd et"},{"$i":"stop_download_title","$v":"Yükləməni dayandır"},{"$i":"stop_download_message","$v":"Yüklənməni dayandırmaq istədiyinizə əminsiniz?"},{"$i":"stop_download_left_button","$v":"Ləğv et"},{"$i":"stop_download_right_button","$v":"Dayandır"},{"$i":"delete_download_title","$v":"Sil"},{"$i":"delete_download_message","$v":[{"t":"idOrVar","v":"name"}," silinsin?"]},{"$i":"delete_download_left_button","$v":"Ləğv et"},{"$i":"delete_download_right_button","$v":"Sil"},{"$i":"delete_all_download_title","$v":"Sil"},{"$i":"delete_all_download_left_button","$v":"Ləğv et"},{"$i":"delete_all_download_right_button","$v":"Sil"},{"$i":"delete_all_download_message_ext","$v":"Seçilən fayllar silinsin?"},{"$i":"delete_all_download_message","$v":{"few":[{"t":"idOrVar","v":"number"}," fayl silinsin?"],"many":[{"t":"idOrVar","v":"number"}," fayl silinsin?"],"one":"Bir fayl silinsin?","other":[{"t":"idOrVar","v":"number"}," fayl silinsin?"],"two":[{"t":"idOrVar","v":"number"}," fayl silinsin?"],"zero":"Heç bir fayl silinməsin?"},"$x":[{"t":"idOrVar","v":"plural"},"number"]},{"$i":"unsupported_file_type_download_title","$v":"Açmaq olmur"},{"$i":"unsupported_file_type_download_message","$v":[{"t":"idOrVar","v":"name"}," aça bilən proqram yoxdur. Faylı saxlamaq və ya silmək istəyirsiniz?"]},{"$i":"unsupported_file_type_download_left_button","$v":"Faylı Saxla"},{"$i":"unsupported_file_type_download_right_button","$v":"Sil"},{"$i":"file_not_found_download_title","$v":"Fayl tapılmadı"},{"$i":"file_not_found_download_message","$v":"Fayl cihazda tapılmadı"},{"$i":"file_not_found_download_right_button","$v":"OK"},{"$i":"unmounted_sdcard_2_download_title","$v":"Yaddaş kartı istifadə edilir"},{"$i":"unmounted_sdcard_2_download_message","$v":"Telefonu ayırın"},{"$i":"unmounted_sdcard_2_download_right_button","$v":"OK"},{"$i":"no_provider_download_title","$v":"Açmaq mümkün deyil"},{"$i":"no_provider_download_message","$v":"Fayl formatı yanlışdır və ya dəstəklənmir."},{"$i":"no_provider_download_right_button","$v":"OK"},{"$i":"no_memory_download_title","$v":"SD Kart doludur"},{"$i":"no_memory_download_message","$v":"Yükləmənizi saxlamaq üçün SD kartınızda daha yer yoxdur. Yükləməni yenidən başlamazdan əvvəl bəzi faylları silin."},{"$i":"no_memory_download_right_button","$v":"OK"},{"$i":"no_sdcard_found_2_download_title","$v":"Heç bir yaddaş kartı tapılmadı"},{"$i":"no_sdcard_found_2_download_message","$v":"Yaddaş kartı daxil edin və ya parametrlərdə alternativ standart media məkanı seçin"},{"$i":"no_sdcard_found_2_download_right_button","$v":"OK"},{"$i":"file_open_error_download_title","$v":"Təsdiq"},{"$i":"file_open_error_download_message","$v":"Bu fayl formatı etibarsızdır və ya dəstəklənmir. Faylı silmək istəyirsiniz?"},{"$i":"file_open_error_download_left_button","$v":"Faylı Saxla"},{"$i":"file_open_error_download_right_button","$v":"Sil"},{"$i":"restart_download_error","$v":"Yükləmə yenidən başlayarkən xəta baş verdi. Yenidən yükləməyə cəhd edin."},{"$i":"no-downloads","$v":"Heç bir yükləmə yoxdur"},{"$i":"percentage","$v":[{"t":"idOrVar","v":"percentage"}," %"]},{"$i":"partialResult","$v":[{"t":"idOrVar","v":"partial"}," / ",{"t":"idOrVar","v":"total"}]},{"$i":"summary","$v":[{"t":"idOrVar","v":"date"}," — ",{"t":"idOrVar","v":"status"}]},{"$i":"download-stopped","$v":"Dayandı"},{"$i":"download-failed","$v":"Yükləmə baş tutmadı"},{"$i":"open_downloaded_file","$v":"Aç"},{"$i":"share_downloaded_file","$v":"Paylaş"},{"$i":"wallpaper_downloaded_file","$v":"Divar kağızı kimi qur"},{"$i":"ringtone_downloaded_file","$v":"WEA Zəng tonu kimi təyin et"},{"$i":"cancel_downloaded_file","$v":"Ləğv et"},{"$i":"voicemailNoNumberTitle","$v":"Səsli poçt nömrəsi mövcud deyil"},{"$i":"voicemailNoNumberText","$v":"Səsli poçtu zənf etmək olmur. Zəngi yerləşdirmək üçün səsli poçt nömrəsini qurun."},{"$i":"voicemailNoNumberSettings","$v":"Parametrlər"},{"$i":"voicemailNoNumberCancel","$v":"Ləğv et"},{"$i":"airplaneMode","$v":"Təyyarə rejimi"},{"$i":"noNetwork","$v":"Heç bir şəbəkə yoxdur"},{"$i":"roaming","$v":[{"t":"idOrVar","v":"operator"}," (Rouminq)"]},{"$i":"operator-info","$v":[{"t":"idOrVar","v":"carrier"}," ",{"t":"idOrVar","v":"region"}]},{"$i":"emergencyCallsOnly","$v":"Yalnız təcili zənglər"},{"$i":"emergencyCallsOnly-unknownSIMState","$v":"(naməlum SIM vəziy.)"},{"$i":"emergencyCallsOnly-noSIM","$v":"(SIM yoxdur)"},{"$i":"emergencyCallsOnly-pinRequired","$v":"(SIM PIN tələb ed.)"},{"$i":"emergencyCallsOnly-pukRequired","$v":"(SIM PUK tələb ed.)"},{"$i":"emergencyCallsOnly-networkLocked","$v":"(şəbəkə kilidl.)"},{"$i":"emergencyCallsOnly-serviceProviderLocked","$v":"(xidmət təminatçısı kilidl.)"},{"$i":"emergencyCallsOnly-corporateLocked","$v":"(korporativ kilidl.)"},{"$i":"emergencyCallsOnly-network1Locked","$v":"(şəbəkə1 kilidl.)"},{"$i":"emergencyCallsOnly-network2Locked","$v":"(şəbəkə2 kilidl.)"},{"$i":"emergencyCallsOnly-hrpdNetworkLocked","$v":"(hrpd şəbəkə kilidl.)"},{"$i":"emergencyCallsOnly-ruimCorporateLocked","$v":"(ruim korporativ kilidl.)"},{"$i":"emergencyCallsOnly-ruimServiceProviderLocked","$v":"(ruim xidmət təminatçısı kilidl.)"},{"$i":"lockscreen-sim-id","$v":["SIM ",{"t":"idOrVar","v":"n"}]},{"$i":"charging-no-time","$v":[{"t":"idOrVar","v":"level"},"% Doldu"]},{"$i":"charging-minutes","$v":{"few":[{"t":"idOrVar","v":"level"},"% Doldu (",{"t":"idOrVar","v":"minutes"}," dəq tam dolanadək)"],"many":[{"t":"idOrVar","v":"level"},"% Doldu (",{"t":"idOrVar","v":"minutes"}," dəq tam dolanadək)"],"one":[{"t":"idOrVar","v":"level"},"% Doldu (",{"t":"idOrVar","v":"minutes"}," dəq tam dolanadək)"],"other":[{"t":"idOrVar","v":"level"},"% Doldu (",{"t":"idOrVar","v":"minutes"}," dəq tam dolanadək)"],"two":[{"t":"idOrVar","v":"level"},"% Doldu (",{"t":"idOrVar","v":"minutes"}," dəq tam dolanadək)"],"zero":[{"t":"idOrVar","v":"level"},"% Doldu (",{"t":"idOrVar","v":"minutes"}," dəq tam dolanadək)"]},"$x":[{"t":"idOrVar","v":"plural"},"minutes"]},{"$i":"charging-hours","$v":{"few":[{"t":"idOrVar","v":"level"},"% Doldu (",{"t":"idOrVar","v":"hours"},"s ",{"t":"idOrVar","v":"minutes"}," dəq tam dolanadək)"],"many":[{"t":"idOrVar","v":"level"},"% Doldu (",{"t":"idOrVar","v":"hours"},"s ",{"t":"idOrVar","v":"minutes"}," dəq tam dolanadək)"],"one":[{"t":"idOrVar","v":"level"},"% Doldu (",{"t":"idOrVar","v":"hours"},"s ",{"t":"idOrVar","v":"minutes"}," dəq tam dolanadək)"],"other":[{"t":"idOrVar","v":"level"},"% Doldu (",{"t":"idOrVar","v":"hours"},"s ",{"t":"idOrVar","v":"minutes"}," dəq tam dolanadək)"],"two":[{"t":"idOrVar","v":"level"},"% Doldu (",{"t":"idOrVar","v":"hours"},"s ",{"t":"idOrVar","v":"minutes"}," dəq tam dolanadək)"],"zero":[{"t":"idOrVar","v":"level"},"% Doldu (",{"t":"idOrVar","v":"hours"},"s ",{"t":"idOrVar","v":"minutes"}," dəq tam dolanadək)"]},"$x":[{"t":"idOrVar","v":"plural"},"minutes"]}]