[{"$i":"ok","$v":"OK"},{"$i":"back","$v":"Zpět"},{"$i":"help","$v":"Nápověda"},{"$i":"cancel","$v":"Zrušit"},{"$i":"close","$v":"Zavřít"},{"$i":"skip","$v":"Přeskočit"},{"$i":"enable","$v":"Aktivovat"},{"$i":"turnOn","$v":"Zapnout"},{"$i":"save","$v":"Uložit"},{"$i":"select","$v":"Vybrat"},{"$i":"deselect","$v":"Zrušit výběr"},{"$i":"go","$v":"Přejít"},{"$i":"search","$v":"Hledat"},{"$i":"options","$v":"Možnosti"},{"$i":"exit","$v":"Konec"},{"$i":"signIn","$v":"Přihlásit"},{"$i":"dismiss","$v":"Ignorovat"},{"$i":"dismiss-all","$v":"Ignorovat vše"},{"$i":"undo","ariaLabel":"Zpět"},{"$i":"lockscreenEnterLockCode","$v":"Zadejte 4místný čís. kód"},{"$i":"lockscreenCheckLockCode","$v":"Neplatný kód. Zkuste to znovu."},{"$i":"lockscreenDeviceLocked","$v":"Zařízení je uzamčeno, opakujte pokus po 30 sekundách."},{"$i":"pocketmodeLongPress","$v":"Posuňte nebo stiskněte"},{"$i":"pocketmodeToUnlock","$v":"k odemknutí"},{"$i":"enterPIN","$v":"Pro odemčení zadejte 6číselný kód"},{"$i":"mediaPlaybackTrack","$v":"Název stopy a interpret"},{"$i":"mediaPlaybackControls","$v":"Ovl. prvky přehrávání"},{"$i":"mediaPlaybackPrevious","$v":"Předchozí"},{"$i":"mediaPlaybackPlay","$v":"Přehrát"},{"$i":"mediaPlaybackPause","$v":"Pozastavit"},{"$i":"mediaPlaybackNext","$v":"Další"},{"$i":"UnknownTrack","$v":"Neznámá stopa"},{"$i":"wifiButton-on","$v":"Wi-Fi zapnuta"},{"$i":"wifiButton-on-initializing","$v":"Wi-Fi zapnuta, inicializace"},{"$i":"wifiButton-off","$v":"Wi-Fi vypnuta"},{"$i":"dataButton-on","$v":["Datové ",{"t":"idOrVar","v":"type"}," zapnuto"]},{"$i":"dataButton-off","$v":["Datové ",{"t":"idOrVar","v":"type"}," vypnuto"]},{"$i":"bluetoothButton-on","$v":"Bluetooth zapnutý"},{"$i":"bluetoothButton-on-initializing","$v":"Bluetooth zapnuto, inicializuje se"},{"$i":"bluetoothButton-off","$v":"Bluetooth vypnutý"},{"$i":"airplaneMode-on","$v":"Režim Letadlo zapnut"},{"$i":"airplaneMode-off","$v":"Režim Letadlo vypnut"},{"$i":"airplaneOff","$v":"Vypněte režim V letadle"},{"$i":"settingsButton","ariaLabel":"Nastavení"},{"$i":"simLabel","$v":["SIM ",{"t":"idOrVar","v":"id"}]},{"$i":"statusbarLabel","$v":[{"t":"idOrVar","v":"date"},", ",{"t":"idOrVar","v":"operator"}]},{"$i":"statusbarDateFormat","$v":"%b %e"},{"$i":"statusbar","ariaLabel":"Stavový řádek"},{"$i":"statusbarBattery","ariaLabel":["Baterie – ",{"t":"idOrVar","v":"level"}," %"]},{"$i":"statusbarBatteryCharging","ariaLabel":["Baterie – ",{"t":"idOrVar","v":"level"}," %, nabíjí se"]},{"$i":"statusbarFlightMode","ariaLabel":"Režim Letadlo zapnut"},{"$i":"statusbarWiFiConnecting","$v":"Wi-Fi: připojování"},{"$i":"statusbarWiFiConnected","$v":["Wi-Fi: ",{"t":"idOrVar","v":"level"}," ze 4 čárek"]},{"$i":"statusbarSignal","$v":["Síť ",{"t":"idOrVar","v":"operator"},", ",{"t":"idOrVar","v":"level"}," z 5 čárek"]},{"$i":"statusbarSignalRoaming","$v":["Síť ",{"t":"idOrVar","v":"operator"}," (roaming), ",{"t":"idOrVar","v":"level"}," z 5 čárek"]},{"$i":"statusbarSignalNoneSearching","$v":"Hledání… Pouze tísňová volání"},{"$i":"statusbarHeadphones","ariaLabel":"Sluchátka zapnuta"},{"$i":"statusbarBluetoothHeadphones","ariaLabel":"Sluchátka Bluetooth zapnuta"},{"$i":"statusbarBluetoothTransferring","ariaLabel":"Přenos Bluetooth aktivní"},{"$i":"statusbarIconOn-tethering","$v":"Sdílení připojení zap."},{"$i":"statusbarIconOnActive-tethering","$v":"Sdílení připojení zap., aktivní"},{"$i":"statusbarAlarm","ariaLabel":"Budík zapnut"},{"$i":"statusbarIME","ariaLabel":"IME zapnuto"},{"$i":"statusbarIconOn-bluetooth","$v":"Bluetooth zapnuto"},{"$i":"statusbarIconOnActive-bluetooth","$v":"Bluetooth zapnuto, aktivní"},{"$i":"statusbarIconOn-mute","$v":"Ztlumení zap."},{"$i":"statusbarIconOn-vibration","$v":"Vibrace zapnuty"},{"$i":"statusbarRecording","ariaLabel":"Nahrávání zapnuto"},{"$i":"statusbarGeolocation","ariaLabel":"Služby umístění zapnuty"},{"$i":"statusbarUsb","ariaLabel":"USB zapnuto"},{"$i":"statusbarForwarding","$v":"Přesměrování hovorů zapnuto"},{"$i":"statusbarPlaying","ariaLabel":"Média přehrávána"},{"$i":"statusbarNfc","ariaLabel":"NFC zapnuto"},{"$i":"statusbarDownloads","ariaLabel":"Stahování…"},{"$i":"statusbarNetworkActivity","ariaLabel":"Sítě zapnuty"},{"$i":"statusbarEmergencyCBNotification","ariaLabel":"Tísňové zpětné volání"},{"$i":"statusbarNotifications","$v":{"few":["Počet oznámení: ",{"t":"idOrVar","v":"n"}],"many":["Počet oznámení: ",{"t":"idOrVar","v":"n"}],"one":["Počet oznámení: ",{"t":"idOrVar","v":"n"}],"other":["Počet oznámení: ",{"t":"idOrVar","v":"n"}],"two":["Počet oznámení: ",{"t":"idOrVar","v":"n"}]},"$x":[{"t":"idOrVar","v":"plural"},"n"]},{"$i":"statusbarNotifications-unread","ariaLabel":{"$x":[{"t":"idOrVar","v":"plural"},"n"],"$v":{"few":["Nepřečtená oznámení: ",{"t":"idOrVar","v":"n"}],"many":["Nepřečtená oznámení: ",{"t":"idOrVar","v":"n"}],"one":["Nepřečtená oznámení: ",{"t":"idOrVar","v":"n"}],"other":["Nepřečtená oznámení: ",{"t":"idOrVar","v":"n"}],"two":["Nepřečtená oznámení: ",{"t":"idOrVar","v":"n"}]}}},{"$i":"clear","$v":"Vymazat"},{"$i":"clear-all","$v":"Vymazat vše"},{"$i":"notification-title","$v":{"few":["Počet oznámení: ",{"t":"idOrVar","v":"n"}],"many":["Počet oznámení: ",{"t":"idOrVar","v":"n"}],"one":["Počet oznámení: ",{"t":"idOrVar","v":"n"}],"other":["Počet oznámení: ",{"t":"idOrVar","v":"n"}],"two":["Počet oznámení: ",{"t":"idOrVar","v":"n"}],"zero":["Počet oznámení: ",{"t":"idOrVar","v":"n"}]},"$x":[{"t":"idOrVar","v":"plural"},"n"]},{"$i":"notification-dialog-no-notices","$v":"Žádná oznámení"},{"$i":"notification-title-new","$v":{"few":["Počet oznámení: ",{"t":"idOrVar","v":"n"}],"many":["Počet oznámení: ",{"t":"idOrVar","v":"n"}],"other":["Počet oznámení: ",{"t":"idOrVar","v":"n"}],"two":["Počet oznámení: ",{"t":"idOrVar","v":"n"}],"one":["Počet oznámení: ",{"t":"idOrVar","v":"n"}],"zero":["Počet oznámení: ",{"t":"idOrVar","v":"n"}]},"$x":[{"t":"idOrVar","v":"plural"},"n"]},{"$i":"notification-dialog-no-notices-new","$v":"Žádná oznámení"},{"$i":"attentionScreen-tapToShow","$v":"Klepnutím zobrazíte"},{"$i":"camera","$v":"Fotoaparát"},{"$i":"kai-dflt-value-level","$v":"Nastavit úroveň hodnot"},{"$i":"kai-dflt-range-value-name","$v":"Úroveň"},{"$i":"newVoicemails","$v":{"few":["Počet nových hlasových zpráv: ",{"t":"idOrVar","v":"n"}],"many":["Počet nových hlasových zpráv: ",{"t":"idOrVar","v":"n"}],"one":"1 nová hlas. zpráva","other":["Počet nových hlasových zpráv: ",{"t":"idOrVar","v":"n"}],"two":["Počet nových hlasových zpráv: ",{"t":"idOrVar","v":"n"}],"zero":"Žádná nová hlas. zpráva"},"$x":[{"t":"idOrVar","v":"plural"},"n"]},{"$i":"newVoicemailsUnknown","$v":"Nová hlasová zpráva"},{"$i":"dialNumber","$v":["Vytočit ",{"t":"idOrVar","v":"number"}]},{"$i":"voicemailNotificationMultiSim","$v":["(SIM ",{"t":"idOrVar","v":"n"},") ",{"t":"idOrVar","v":"title"}]},{"$i":"euRoamingNotificationTitle","$v":"Detekován internet EU"},{"$i":"euRoamingNotificationMsg","$v":"Klepnutím změníte."},{"$i":"restart","$v":"Restartovat"},{"$i":"power","$v":"Vypnout"},{"$i":"lock","$v":"Uzamknout"},{"$i":"cleanup","$v":"Vyčistit paměť"},{"$i":"no-recent-app-windows","$v":"Zde se zobrazují nedávno otevřená okna aplikací"},{"$i":"no-recent-browser-windows","$v":"Zde se zobrazují nedávno otevřená okna prohlížeče"},{"$i":"closeCard","ariaLabel":"Zavřít"},{"$i":"openCard","ariaLabel":"Otevřít"},{"$i":"yes","$v":"Ano"},{"$i":"no","$v":"Ne"},{"$i":"dontallow","$v":"Nepovolit"},{"$i":"allow","$v":"Povolit"},{"$i":"dontshare-geolocation","$v":"Nesdílet"},{"$i":"share-geolocation","$v":"Sdílet"},{"$i":"dontshare-audio-capture","$v":"Nesdílet"},{"$i":"share-audio-capture","$v":"Sdílet"},{"$i":"dontshare-video-capture","$v":"Nesdílet"},{"$i":"share-video-capture","$v":"Sdílet"},{"$i":"dontshare-media-capture","$v":"Nesdílet"},{"$i":"share-media-capture","$v":"Sdílet"},{"$i":"device-front","$v":"Přední fotoaparát"},{"$i":"device-back","$v":"Zadní fotoaparát"},{"$i":"front-camera","$v":"Přední fotoaparát"},{"$i":"back-camera","$v":"Zadní fotoaparát"},{"$i":"more-info","$v":"Další informace..."},{"$i":"hide-info","$v":"Skrýt info"},{"$i":"install-app","$v":["Instalovat ",{"t":"idOrVar","v":"name"},"?"]},{"$i":"size","$v":"Velikost"},{"$i":"author","$v":"Autor"},{"$i":"size-unknown","$v":"Neznámé"},{"$i":"author-unknown","$v":"Neznámé"},{"$i":"install","$v":"Instalovat"},{"$i":"bytes","$v":"bajtů"},{"$i":"kB","$v":"kB"},{"$i":"MB","$v":"MB"},{"$i":"GB","$v":"GB"},{"$i":"TB","$v":"TB"},{"$i":"PB","$v":"PB"},{"$i":"app-install-generic-error","$v":["Stahování aplikace ",{"t":"idOrVar","v":"appName"}," bylo zastaveno"]},{"$i":"app-install-download-failed","$v":["Stažení aplikace ",{"t":"idOrVar","v":"appName"}," se nezdařilo"]},{"$i":"app-install-install-failed","$v":["Instalace aplikace ",{"t":"idOrVar","v":"appName"}," se nezdařila"]},{"$i":"cancelling-will-not-refund","$v":"Po zrušení nebudou peníze za nákup vráceny. Refundace za placený obsah zajišťuje původním prodejcem."},{"$i":"apps-can-be-installed-later","$v":"Aplikace lze instalovat později z původního zdroje instalace."},{"$i":"are-you-sure-you-want-to-cancel","$v":"Opravdu chcete tuto instalaci zrušit?"},{"$i":"cancel-install","$v":"Zrušit instalaci"},{"$i":"cancel-install-button","$v":"Zrušit instalaci"},{"$i":"resume","$v":"Pokračovat"},{"$i":"continue","$v":"Pokračovat"},{"$i":"stopDownloading","$v":["Zastavit stahování aplikace ",{"t":"idOrVar","v":"app"},"?"]},{"$i":"app-download-can-be-restarted","$v":"Stahování lze znovu spustit později."},{"$i":"app-download-stop-button","$v":"Zastavit stahování"},{"$i":"not-enough-space","$v":"Nedostatek místa"},{"$i":"not-enough-space-message","$v":"K instalaci této aplikace není dostatek místa. Uvolněte místo odstraněním starých aplikací nebo souborů médií a zkuste instalaci zopakovat pomocí původního zdroje."},{"$i":"app-install-success","$v":["Aplikace ",{"t":"idOrVar","v":"appName"}," je nainstalována"]},{"$i":"app-install-update","$v":[{"t":"idOrVar","v":"appName"}," Aktualizováno"]},{"$i":"langpack-install-success2","$v":["Aplikace ",{"t":"idOrVar","v":"appName"}," je nainstalována. Aktivujete ji v nabídce Nastavení > Jazyk."]},{"$i":"setup","$v":"Nastavit"},{"$i":"ime-addkeyboards","$v":"Přidat klávesnice"},{"$i":"ime-lowercase","$v":"Malá písmena"},{"$i":"ime-uppercase","$v":"Velká písmena"},{"$i":"ime-number","$v":"Číslo"},{"$i":"ime-capitalize","$v":"Velká počáteční"},{"$i":"ime-t9","$v":"T9"},{"$i":"ime-r9","$v":"R9"},{"$i":"ime-predictive","$v":"Prediktivní"},{"$i":"ime-insert-word","$v":"Vložte slovo"},{"$i":"ime-voice-input-messsage","$v":"Chcete-li namluvit text, dlouze stiskněte tlačítko OK."},{"$i":"later","$v":"Později"},{"$i":"download","$v":"Stáhnout"},{"$i":"wantToDownload","$v":"Stáhnout aktualizace?"},{"$i":"wantToInstallNow","$v":"Chcete nyní nainstalovat aktualizace? Telefon nebudete moci několik minut používat."},{"$i":"installNow","$v":"Instalovat"},{"$i":"notNow","$v":"Teď ne"},{"$i":"downloadingUpdateMessage","innerHTML":{"$o":["Stahování aktualizací… <span>",{"t":"idOrVar","v":"progress"}," staženo.</span>"]}},{"$i":"downloadingAppMessage","$v":["Stahování aplikace ",{"t":"idOrVar","v":"appName"}]},{"$i":"downloadingAppProgressNoMax","$v":[{"t":"idOrVar","v":"progress"}," staženo"]},{"$i":"downloadingAppProgressIndeterminate","$v":"Stahování"},{"$i":"downloadingAppProgress","$v":[{"t":"idOrVar","v":"progress"},"/",{"t":"idOrVar","v":"max"}," staženo"]},{"$i":"cancelAllDownloads","$v":"Zrušit všechna stahování"},{"$i":"wantToCancelAll","$v":"Opravdu chcete všechna stahování zrušit?"},{"$i":"downloadError","$v":"Při stahování aktualizací došlo k chybě."},{"$i":"updateAvailableInfo","innerHTML":{"$x":[{"t":"idOrVar","v":"plural"},"n"],"$v":{"few":{"$o":["Počet aktualizací k dispozici: ",{"t":"idOrVar","v":"n"},". <span>Klepněte pro další informace.</span>"]},"many":{"$o":["Počet aktualizací k dispozici: ",{"t":"idOrVar","v":"n"},". <span>Klepněte pro další informace.</span>"]},"one":{"$o":["Počet aktualizací k dispozici: ",{"t":"idOrVar","v":"n"},". <span>Klepněte pro další informace.</span>"]},"other":{"$o":["Počet aktualizací k dispozici: ",{"t":"idOrVar","v":"n"},". <span>Klepněte pro další informace.</span>"]},"two":{"$o":["Počet aktualizací k dispozici: ",{"t":"idOrVar","v":"n"},". <span>Klepněte pro další informace.</span>"]}}}},{"$i":"numberOfUpdates","$v":{"few":[{"t":"idOrVar","v":"n"}," oznámení"],"many":[{"t":"idOrVar","v":"n"}," oznámení"],"one":[{"t":"idOrVar","v":"n"}," oznámení"],"other":[{"t":"idOrVar","v":"n"}," oznámení"],"two":[{"t":"idOrVar","v":"n"}," oznámení"]},"$x":[{"t":"idOrVar","v":"plural"},"n"]},{"$i":"systemUpdate","$v":"Aktualizace systému"},{"$i":"systemUpdateReady","$v":"Aktualizace syst. připravena"},{"$i":"updates","$v":"Aktualizace"},{"$i":"systemUpdateLowBatteryThreshold","$v":["Instalace aktualizace vyžaduje alespoň tuto úroveň nabití baterie: ",{"t":"idOrVar","v":"threshold"}," %."]},{"$i":"required","$v":"Povinné"},{"$i":"uncompressingMessage","innerHTML":{"$o":"Dekomprimace… <span>Může to několik minut trvat.</span>"}},{"$i":"downloadWifiPrioritizedUsing2G","$v":"Aktualizace jsou stahovány přes datové připojení, když není k dispozici Wi-Fi. Při použití datového připojení mohou být blokovány telefonní hovory a také účtovány další poplatky."},{"$i":"downloadWifiPrioritized3","$v":"Aktualizace jsou stahovány přes datové připojení, když není k dispozici Wi-Fi. Při použití datového připojení mohou být účtovány další poplatky."},{"$i":"downloadNoWifiWarning","$v":"Wi-Fi není k dispozici. Aktualizace s aktuálním připojením může vést k dodatečným poplatkům."},{"$i":"downloadOfflineWarning2","$v":"Aby bylo možné stáhnout aktualizace, připojte se k síti."},{"$i":"downloadUpdatesViaDataConnection","$v":"Stáhnout aktualizace přes datové připojení?"},{"$i":"downloadUpdatesVia2GForbidden3","$v":"Stahování aktualizací není na pomalých připojeních možné (2G). Připojte se přes síť Wi-Fi nebo 3G (pokud je to možné) a zkuste to znovu."},{"$i":"downloadUpdatesViaDataConnectionMessage3","$v":"Při použití datového připojení mohou být účtovány další poplatky. Chcete pokračovat?"},{"$i":"downloadUpdatesViaDataRoamingConnection","$v":"Stáhnout aktualizace přes datový roaming?"},{"$i":"downloadUpdatesViaDataRoamingConnectionMessage","$v":"Nyní používáte roaming a mohou být účtovány další poplatky. Chcete pokračovat?"},{"$i":"screenshotSaved","$v":"Snímek obraz. uložen do galerie"},{"$i":"screenshotFailed","$v":"Snímek obrazovky nelze uložit"},{"$i":"screenshotNoSDCard","$v":"Nenalezena žádná pam. karta"},{"$i":"screenshotSDCardInUse","$v":"Paměťová karta je používána"},{"$i":"screenshotSDCardLow","$v":"Na pam. kartě není dost místa"},{"$i":"emergency-call-button","$v":"Tísňový hovor"},{"$i":"emergency-call","$v":"Tísňové volání"},{"$i":"unlock-a11y-button","ariaLabel":"Odemknout"},{"$i":"camera-a11y-button","ariaLabel":"Fotoaparát"},{"$i":"longDateFormat","$v":"%A, %B %e"},{"$i":"clockDateFormat","$v":"%a, %e %b"},{"$i":"panel-passcode","ariaLabel":"Panel kódu"},{"$i":"open-notification","$v":"otevřít"},{"$i":"unlock","$v":"Odemknout"},{"$i":"login","$v":"Přihlásit"},{"$i":"sign-in-to-website","$v":"Přihlásit se na webu"},{"$i":"username","$v":"Uživatelské jméno"},{"$i":"password","$v":"Heslo"},{"$i":"show-password","$v":"Zobrazit heslo"},{"$i":"http-authentication-message2","$v":["Web ",{"t":"idOrVar","v":"host"}," požaduje, abyste se přihlásili."]},{"$i":"error-message","$v":[{"t":"idOrVar","v":"name"}," se nenačítá správně"]},{"$i":"error-title","$v":["Aplikace ",{"t":"idOrVar","v":"name"}," má potíže"]},{"$i":"unable-to-connect","$v":"Nelze se připojit"},{"$i":"tap-to-check-settings","$v":"Klepnutím zkontrolujte nastavení"},{"$i":"set","$v":"Nastavit"},{"$i":"delete-title","$v":["Odstranit kontakt ",{"t":"idOrVar","v":"name"}]},{"$i":"delete-body","$v":["Aplikace ",{"t":"idOrVar","v":"name"}," i všechna její data budou odstraněna."]},{"$i":"delete","$v":"Odinstalovat"},{"$i":"delete-desc","$v":"Opravdu chcete položku odinstalovat?"},{"$i":"unrecoverable-error-title","$v":"Odebrat aplikaci"},{"$i":"unrecoverable-error-body","$v":"Aplikaci nelze instalovat kvůli neopravitelné chybě. Zkuste ji stáhnout znovu. Aplikace bude odebrána."},{"$i":"unrecoverable-error-action","$v":"OK"},{"$i":"instant-settings","$v":"rychlá nastavení"},{"$i":"settings","$v":"Nastavení"},{"$i":"flashlight","$v":"Svítilna"},{"$i":"brightness","$v":"Jas"},{"$i":"volume","$v":"Hlasitost"},{"$i":"calculator","$v":"Kalkulačka"},{"$i":"airplane-mode","$v":"Režim Letadlo"},{"$i":"wifi","$v":"Wi-Fi"},{"$i":"bluetooth","$v":"Bluetooth"},{"$i":"cellular-data","$v":"Paketová data"},{"$i":"on","$v":"Zap."},{"$i":"off","$v":"Vyp."},{"$i":"percentage-number","$v":[{"t":"idOrVar","v":"number"}," %"]},{"$i":"select-time","$v":"Vybrat čas"},{"$i":"select-date","$v":"Vybrat datum"},{"$i":"battery-almost-empty-plug-in-your-charger","$v":"Baterie je málo nabitá. Připojte nabíječku."},{"$i":"battery-temperature-warning-header","$v":"Upozornění"},{"$i":"battery-temperature-high","$v":"Příliš vysoká teplota. Pokud bude teplota dále růst, telefon se vypne."},{"$i":"battery-temperature-high-stop-charging","$v":"Příliš vysoká teplota. Baterie se přestala nabíjet. Pokud bude teplota dále růst, telefon se vypne."},{"$i":"battery-temperature-low","$v":"Příliš nízká teplota. Pokud bude teplota dále klesat, telefon se vypne."},{"$i":"battery-temperature-low-stop-charging","$v":"Příliš nízká teplota. Baterie se přestala nabíjet. Pokud bude teplota dále klesat, telefon se vypne."},{"$i":"crash-dialog2-os","$v":["Systém ",{"t":"idOrVar","v":"brandShortName"}," se právě zotavil."]},{"$i":"crash-dialog-app","$v":["Aplikace ",{"t":"idOrVar","v":"name"}," právě spadla."]},{"$i":"crash-dialog-app-noname","$v":"Něco"},{"$i":"crash-dialog-message","$v":"Chcete pomoci s řešením problému odesláním zprávy o selhání společnosti KaiOS? (Zprávy jsou odesílány jen přes Wi-Fi.)"},{"$i":"crash-info-link","$v":"Co je ve zprávě o selhání?"},{"$i":"crash-always-report","$v":"Vždy odeslat zprávu společnosti KaiOS, když dojde k selhání."},{"$i":"crash-dont-send","$v":"Neposílat"},{"$i":"crash-end","$v":"Odeslat zprávu"},{"$i":"crashReports","$v":"Zprávy o selhání"},{"$i":"done","$v":"Hotovo"},{"$i":"crash-reports-description-1","$v":"Zpráva o pádu obsahuje některé údaje o pádu a zařízení i pohled na stav zařízení ve chvíli pádu."},{"$i":"crash-reports-description-2","$v":"Může se jednat například o otevřené stránky a aplikace, text zadaný do formulářů a obsah otevřených zpráv, historii nedávných procházení nebo sledování zeměpisné polohy používané otevřenou aplikací."},{"$i":"crash-reports-description-3-start","$v":"Zprávy o selhání používáme k řešení problémů a zlepšování našich produktů. Vaše informace používáme v souladu s popisem v dokumentu "},{"$i":"crash-reports-description-3-privacy","$v":"zás. ochr. osob. údajů"},{"$i":"crash-reports-description-3-end","$v":"."},{"$i":"crash-banner-os2","$v":["Systém ",{"t":"idOrVar","v":"brandShortName"}," právě spadl."]},{"$i":"crash-banner-app","$v":["Aplikace ",{"t":"idOrVar","v":"name"}," právě spadla."]},{"$i":"crash-banner-report","$v":"Zpráva"},{"$i":"bluetooth-sending-progress","$v":"Odesílá se soubor přes Bluetooth"},{"$i":"bluetooth-receiving-progress","$v":"Přijímá se soubor přes Bluetooth"},{"$i":"acceptFileTransfer","$v":"Žádost o přenos"},{"$i":"requestToReceive","$v":["Zařízení ",{"t":"idOrVar","v":"deviceName"}," požaduje přenos souborů. Chcete operaci povolit?"]},{"$i":"wantToReceiveFile","$v":["Zařízení ",{"t":"idOrVar","v":"deviceName"}," chce přenést soubor ",{"t":"idOrVar","v":"fileName"}," (",{"t":"idOrVar","v":"fileSize"},")."]},{"$i":"transfer-confirmation-title","$v":[{"t":"idOrVar","v":"deviceName"}]},{"$i":"transfer-confirmation-description","$v":"Zkontrolujte žádost o přenos."},{"$i":"byteUnit-B","$v":"B"},{"$i":"byteUnit-KB","$v":"kB"},{"$i":"byteUnit-MB","$v":"MB"},{"$i":"byteUnit-GB","$v":"GB"},{"$i":"byteUnit-TB","$v":"TB"},{"$i":"byteUnit-PB","$v":"PB"},{"$i":"byteUnit-EB","$v":"EB"},{"$i":"byteUnit-ZB","$v":"ZB"},{"$i":"byteUnit-YB","$v":"Nar."},{"$i":"fileSize","$v":[{"t":"idOrVar","v":"size"}," ",{"t":"idOrVar","v":"unit"}]},{"$i":"deny","$v":"Zamítnout"},{"$i":"transfer","$v":"Přenést"},{"$i":"accept","$v":"Přijmout"},{"$i":"stop","$v":"Zastavit"},{"$i":"cancelFileTransfer","$v":"Zrušit přenos souborů přes Bluetooth?"},{"$i":"continueFileTransfer","$v":"Pokračovat"},{"$i":"transfer-has-started-title","$v":"Přesun souboru je připraven"},{"$i":"transfer-has-started-description","$v":"Čekání na potvrzení"},{"$i":"transfer-has-started-toast","$v":"Přesun souboru byl zahájen. Postup můžete sledovat v oznámeních."},{"$i":"transferFinished-sentSuccessful-title","$v":"Soubor odeslán"},{"$i":"transferFinished-receivedSuccessful-title","$v":"Soubor přijat"},{"$i":"transferFinished-failed-title","$v":"Přesun souboru se nezdařil"},{"$i":"transferFinished-try-again-description","$v":"Soubor nelze nyní odeslat. Zkuste to později znovu."},{"$i":"transferReport-title","$v":"Zpráva o přenosu:"},{"$i":"transferReport-description","$v":["Počet úspěšných souborů: ",{"t":"idOrVar","v":"numSuccessful"},", počet neúspěšných souborů: ",{"t":"idOrVar","v":"numUnsuccessful"}]},{"$i":"unknown-file","$v":"Neznámý soubor"},{"$i":"unknown-device","$v":"Neznámé zařízení"},{"$i":"cannotOpenFile","$v":"Přijatý soubor nelze otevřít"},{"$i":"unknownMediaTypeToOpenFile","$v":["Nelze otevřít neznámý typ média: ",{"t":"idOrVar","v":"fileName"}]},{"$i":"cannotReceiveFile","$v":"Soubor nelze přijmout"},{"$i":"cannotGetStorageState","$v":"Nelze zjistit stav úložiště zařízení."},{"$i":"sdcard-not-exist2","$v":"Nenalezena žádná pam. karta. Vložte pam. kartu."},{"$i":"sdcard-in-use","$v":"Bluetooth nelze používat, když je telefon připojený ke zdroji napájení. Aby bylo možné soubory získat, telefon odpojte."},{"$i":"sdcard-no-space2","$v":"Přenos nelze dokončit. Paměť. karta je plná."},{"$i":"unknown-error","$v":"Neznámá chyba"},{"$i":"confirm","$v":"Potvrdit"},{"$i":"stopTransferTitle","$v":"Zastavte přenos souborů"},{"$i":"stopTransferContent","$v":"Chcete zastavit přenos souborů přes Bluetooth?"},{"$i":"storage","$v":"Úložiště"},{"$i":"sdcard-detected-title","$v":"SD karta zjištěna"},{"$i":"no-sdcard-title","$v":"Žádná karta SD"},{"$i":"sdcard-total-size-body","$v":["Celk. velikost: ",{"t":"idOrVar","v":"size"}," ",{"t":"idOrVar","v":"unit"}]},{"$i":"sdcard-unknown-size-then-tap-to-format-body","$v":"Neznámá velikost, klepnutím naformátujte"},{"$i":"sdcard-removed-title","$v":"SD karta vyjmuta"},{"$i":"sdcard-removed-ejected-successfully","$v":"Úspěšně vysunuto"},{"$i":"sdcard-removed-not-ejected-properly","$v":"Vysunutí neproběhlo správně"},{"$i":"set-sdcard-as-default-media-location","$v":"SD karta zjištěna. Nastavit SD kartu jako výchozí úložiště médií?"},{"$i":"no-sdcard-content","$v":"Vložením karty SD získáte více místa."},{"$i":"sim-confirmation-content","$v":["Mobilní data jsou přiřazena ke kartě SIM",{"t":"idOrVar","v":"n"},"."]},{"$i":"sim-confirmation-title","$v":"Došlo ke změně karet SIM"},{"$i":"sim-confirmation-notice-title","$v":"Došlo ke změně karet SIM"},{"$i":"sim-confirmation-notice","$v":"Výběrem zobrazíte podrobnosti."},{"$i":"sim-hot-plug","$v":"Telefon bude restartován"},{"$i":"sim-hot-plug-empty","$v":"Telefon se restartuje, protože SIM karty byly vytaženy."},{"$i":"sim-hot-plug-empty-confirm","$v":"Ujistěte se, že je SIM karta vytažena, kliknutím na OK telefon restartujte."},{"$i":"noSimCard","$v":"Žádná SIM karta"},{"$i":"lockedSim","$v":"Uzamčená SIM karta"},{"$i":"noService","$v":"Žádná služba"},{"$i":"eccOnly","$v":"Emergency calls only"},{"$i":"nocard-eccOnly","$v":"No SIM card-Emergency calls only"},{"$i":"unusablecard-eccOnly","$v":"Unusable SIM card-Emergency calls only"},{"$i":"searching","$v":"Hledání…"},{"$i":"simPin","$v":"PIN SIM karty"},{"$i":"pukCode","$v":"Kód PUK"},{"$i":"nckCode","$v":"Kód NCK"},{"$i":"cckCode","$v":"Kód CCK"},{"$i":"spckCode","$v":"Kód SPCK"},{"$i":"nck1code","$v":"Kód NCK1"},{"$i":"nck2code","$v":"Kód NCK2"},{"$i":"hnckcode","$v":"Kód HNCK"},{"$i":"rcckcode","$v":"Kód RCCK"},{"$i":"rspckcode","$v":"Kód RSPCK"},{"$i":"ncklockContent","$v":["Zásuvka ",{"t":"idOrVar","v":"n"}," je zamčená pomocí nck."]},{"$i":"whatIsSimPin","$v":"Co je PIN SIM karty?"},{"$i":"simPinIntro1","$v":"Kód PIN karty SIM brání přístupu k mobilním datovým sítím karty SIM. Když je aktivní, každé zařízení s danou kartou SIM při restartování o kód PIN požádá."},{"$i":"simPinIntro2","$v":"Kód PIN karty SIM není stejný jako heslo používané k odemčení zařízení."},{"$i":"changeSimPin","$v":"Změnit kód PIN"},{"$i":"pinTitle","$v":"Zadejte kód PIN karty SIM"},{"$i":"multiSIMpinTitle","$v":["Zadejte kód PIN ",{"t":"idOrVar","v":"n"}," karty SIM"]},{"$i":"multiSIMpukTitle","$v":["Zadejte kód PUK",{"t":"idOrVar","v":"n"}," PIN"]},{"$i":"multiSIMnckTitle","$v":["Zadejte kód NCK",{"t":"idOrVar","v":"n"}," PIN"]},{"$i":"multiSIMxckTitle","$v":["Zadejte kód SIM",{"t":"idOrVar","v":"n"}," ",{"t":"idOrVar","v":"type"}]},{"$i":"xckTitle","$v":["Zadejte kód ",{"t":"idOrVar","v":"type"}]},{"$i":"xckCode","$v":["Kód ",{"t":"idOrVar","v":"type"}]},{"$i":"xckBlocked","$v":[{"t":"idOrVar","v":"type"}," blokováno"]},{"$i":"pukTitle","$v":"Zadejte kód PUK"},{"$i":"nckTitle","$v":"Zadejte kód NCK"},{"$i":"cckTitle","$v":"Zadejte kód CCK"},{"$i":"spckTitle","$v":"Zadejte kód SPCK"},{"$i":"nck1Title","$v":"Zadejte kód NCK1"},{"$i":"nck2Title","$v":"Zadejte kód NCK2"},{"$i":"hnckTitle","$v":"Zadejte kód HNCK"},{"$i":"rcckTitle","$v":"Zadejte kód RCCK"},{"$i":"rspckTitle","$v":"Zadejte kód RSPCK"},{"$i":"newpinTitle","$v":"Nový PIN"},{"$i":"inputCodeRetriesLeft","$v":{"few":["Zbývajících pokusů: ",{"t":"idOrVar","v":"n"},"."],"many":["Zbývajících pokusů: ",{"t":"idOrVar","v":"n"},"."],"one":"Zbývá 1 pokus.","other":["Zbývajících pokusů: ",{"t":"idOrVar","v":"n"},"."],"two":["Zbývajících pokusů: ",{"t":"idOrVar","v":"n"},"."]},"$x":[{"t":"idOrVar","v":"plural"},"n"]},{"$i":"pinErrorMsg","$v":"Nesprávný PIN."},{"$i":"pinAttemptMsg2","$v":{"few":["K zadání správného kódu vám zbývá tento počet pokusů: ",{"t":"idOrVar","v":"n"},". Potom bude SIM karta uzamčena."],"many":["K zadání správného kódu vám zbývá tento počet pokusů: ",{"t":"idOrVar","v":"n"},". Potom bude SIM karta uzamčena."],"one":"K zadání správného kódu vám zbývá jeden pokus. Potom bude SIM karta uzamčena.","other":["K zadání správného kódu vám zbývá tento počet pokusů: ",{"t":"idOrVar","v":"n"},". Potom bude SIM karta uzamčena."],"two":["K zadání správného kódu vám zbývá tento počet pokusů: ",{"t":"idOrVar","v":"n"},". Potom bude SIM karta uzamčena."]},"$x":[{"t":"idOrVar","v":"plural"},"n"]},{"$i":"pinLastChanceMsg","$v":"Máte poslední možnost pro zadání správného PIN kódu. Jinak budete muset pro použití této SIM karty zadat PUK kód."},{"$i":"simCardLockedMsg","$v":"SIM karta je uzamčená."},{"$i":"enterPukMsg","$v":"Je nutno zadat správný PUK (osobní odemykací klíč) kód pro SIM kartu. Více informací zjistíte v dokumentaci k SIM kartě nebo od operátora."},{"$i":"pukErrorMsg","$v":"Nesprávný PUK."},{"$i":"pukAttemptMsg2","$v":{"few":["K zadání správného kódu vám zbývá tento počet pokusů: ",{"t":"idOrVar","v":"n"},". SIM karta bude potom trvale zablokována. Více informací zjistíte v dokumentaci k SIM kartě nebo od operátora."],"many":["K zadání správného kódu vám zbývá tento počet pokusů: ",{"t":"idOrVar","v":"n"},". SIM karta bude potom trvale zablokována. Více informací zjistíte v dokumentaci k SIM kartě nebo od operátora."],"one":"K zadání správného kódu vám zbývá jeden pokus. SIM karta bude potom trvale zablokována. Více informací zjistíte v dokumentaci k SIM kartě nebo od operátora.","other":["K zadání správného kódu vám zbývá tento počet pokusů: ",{"t":"idOrVar","v":"n"},". SIM karta bude potom trvale zablokována. Více informací zjistíte v dokumentaci k SIM kartě nebo od operátora."],"two":["K zadání správného kódu vám zbývá tento počet pokusů: ",{"t":"idOrVar","v":"n"},". SIM karta bude potom trvale zablokována. Více informací zjistíte v dokumentaci k SIM kartě nebo od operátora."]},"$x":[{"t":"idOrVar","v":"plural"},"n"]},{"$i":"pukLastChanceMsg","$v":"Máte poslední možnost zadat kód PUK. Pokud jej nezadáte správně, SIM karta bude trvale nepoužitelná. Více informací zjistíte v dokumentaci k SIM kartě nebo od operátora."},{"$i":"cardPermanentlyLockMsg-head","$v":"Nesprávný PUK."},{"$i":"cardPermanentlyLockMsg-body","$v":"SIM karta je trvale uzamčená. Více informací získáte od operátora."},{"$i":"newSimPinMsg","$v":"Vytvořit PIN (musí obsahovat 4–8 číslic)"},{"$i":"confirmNewSimPinMsg","$v":"Potvrdit nový kód PIN"},{"$i":"newPinErrorMsg","$v":"Kódy PIN se neshodují."},{"$i":"nckErrorMsg","$v":"Kód NCK je nesprávný."},{"$i":"nckAttemptMsg2","$v":{"few":["Požadavek na depersonalizaci v síti selhal. K zadání správného kódu vám zbývá tento počet pokusů: ",{"t":"idOrVar","v":"n"},". Více informací zjistíte v dokumentaci k zařízení nebo od operátora."],"many":["Požadavek na depersonalizaci v síti selhal. K zadání správného kódu vám zbývá tento počet pokusů: ",{"t":"idOrVar","v":"n"},". Více informací v dokumentaci k zařízení nebo od operátora."],"one":"Požadavek na depersonalizaci v síti selhal. K zadání správného kódu vám zbývá jeden pokus. Více informací v dokumentaci k zařízení nebo od operátora.","other":["Požadavek na depersonalizaci v síti selhal. K zadání správného kódu vám zbývá tento počet pokusů: ",{"t":"idOrVar","v":"n"},". Více informací v dokumentaci k zařízení nebo od operátora."],"two":["Požadavek na depersonalizaci v síti selhal. K zadání správného kódu vám zbývá tento počet pokusů: ",{"t":"idOrVar","v":"n"},". Více informací v dokumentaci k zařízení nebo od operátora."]},"$x":[{"t":"idOrVar","v":"plural"},"n"]},{"$i":"nckLastChanceMsg","$v":"Požadavek na depersonalizaci v síti selhal. K zadání správného kódu NCK máte poslední pokus. Více informací v dokumentaci k zařízení nebo od operátora."},{"$i":"sim-attention-header","$v":"SIM uzamčena"},{"$i":"multiSIM-attention-header","$v":["Karta SIM ",{"t":"idOrVar","v":"n"}," je uzamčena"]},{"$i":"sim-attention-head","$v":"SIM karta je uzamčena."},{"$i":"sim-attention-body","$v":"Chcete zadat PUK kód k odemknutí SIM karty?"},{"$i":"enter-puk-rsk","$v":"Zadejte kód PUK"},{"$i":"verify-rsk","$v":"Hotovo"},{"$i":"activity-pick","$v":"Vybrat z"},{"$i":"activity-view","$v":"Zobrazit pomocí"},{"$i":"activity-test","$v":"Testovat pomocí"},{"$i":"activity-share","$v":"Sdílet"},{"$i":"activity-new","$v":"Vytvořit pomocí"},{"$i":"activity-open","$v":"Otevřít pomocí"},{"$i":"activity-save-bookmark","$v":"Záložka pro"},{"$i":"activity-record","$v":"Nahrát z"},{"$i":"activity-browse","$v":"Procházet pomocí"},{"$i":"activity-configure","$v":"Konfigurovat pomocí"},{"$i":"activity-dial","$v":"Vytočit z"},{"$i":"remoteDebuggerMessage","$v":"Byl zjištěn příchozí požadavek na povolení připojení vzdáleného ladění. Povolit připojení?"},{"$i":"captive-wifi-available","$v":["Síť ",{"t":"idOrVar","v":"networkName"}," byla nalezena. Připojit se k ní?"]},{"$i":"ceWarningtitle","$v":"Upozornění na hlasitost"},{"$i":"ceWarningcontent","$v":"Neposlouchejte dlouhou dobu při vysoké hlasitosti, jinak může dojít k poškození sluchu."},{"$i":"is-volume-type-notification","$v":"Vyzváněcí tóny a výstrahy"},{"$i":"is-volume-type-telephony","$v":"Hlasitost"},{"$i":"is-volume-type-alarm","$v":"Budík"},{"$i":"is-volume-type-content","$v":"Média"},{"$i":"kai-volume-type-notification","$v":"VYZVÁNĚCÍ TÓNY A VÝSTRAHY"},{"$i":"kai-volume-type-telephony","$v":"HLASITOST"},{"$i":"volume-type-alarm","$v":"Budík"},{"$i":"volume-type-content","$v":"Média"},{"$i":"vibrate-only","$v":"Jen vibrace"},{"$i":"silent","$v":"Tichý"},{"$i":"vibrate-on","$v":"Vibrace: zapnuto"},{"$i":"vibrate-off","$v":"Vibrace: vypnuto"},{"$i":"vibrate","$v":"Vibrace"},{"$i":"kai-volume","$v":["Hlasitost: ",{"t":"idOrVar","v":"n"},"/",{"t":"idOrVar","v":"c"}]},{"$i":"notification-powersaving-mode-on-title","$v":"Úsporný režim"},{"$i":"notification-powersaving-mode-on-description","$v":"Úsporný režim je zapnutý."},{"$i":"low-device-storage","$v":"Dochází místo v zařízení."},{"$i":"storage-alert","$v":"Upozornění na úložiště"},{"$i":"phone-almost-full","$v":"Telefon je téměř plný."},{"$i":"free-space","$v":{"few":["Zbývá méně než ",{"t":"idOrVar","v":"value"}," ",{"t":"idOrVar","v":"unit"},"."],"many":["Zbývá méně než ",{"t":"idOrVar","v":"value"}," ",{"t":"idOrVar","v":"unit"},"."],"one":["Zbývá méně než ",{"t":"idOrVar","v":"value"}," ",{"t":"idOrVar","v":"unit"},"."],"other":["Zbývá méně než ",{"t":"idOrVar","v":"value"}," ",{"t":"idOrVar","v":"unit"},"."],"two":["Zbývá méně než ",{"t":"idOrVar","v":"value"}," ",{"t":"idOrVar","v":"unit"},"."],"zero":"Došlo volné místo."},"$x":[{"t":"idOrVar","v":"plural"},"value"]},{"$i":"unknown-free-space","$v":"Zbývající místo není známo."},{"$i":"can-delete-data-to-get-space","$v":"Místo lze uvolnit odstraněním některých souborů médií nebo pomocí dat aplikace správce."},{"$i":"should-delete-data-to-get-space","$v":"Než budete v používání tohoto zařízení pokračovat, je třeba smazáním některých souborů médií nebo dat aplikací uvolnit více místa."},{"$i":"storage-full-level-1-title","$v":"Telefon je téměř plný"},{"$i":"storage-full-level-2-title","$v":"Úložiště telefonu je plné."},{"$i":"delete-to-get-space","$v":"Vymažte soubory medií, data aplikací nebo stažené aplikace a uvolněte místo."},{"$i":"delete-to-get-space-level-2","$v":"Vymažte soubory medií, data aplikací nebo stažené aplikace a uvolněte místo, jinak telefon nebude fungovat správně."},{"$i":"system-alert","$v":"Syst. budík"},{"$i":"cb-channel","$v":["Kanál ",{"t":"idOrVar","v":"channel"}]},{"$i":"cell-broadcast-subtitle","$v":"Vysílání buňky"},{"$i":"cb-etws-warningType-earthquake","$v":"Varování před zemětřesením!"},{"$i":"cb-etws-warningType-tsunami","$v":"Varování před Tsunami!"},{"$i":"cb-etws-warningType-earthquake-tsunami","$v":"Varování před zemětřesením/tsunami!"},{"$i":"cb-etws-warningType-test","$v":"Testuje se systém výstrah."},{"$i":"cb-etws-warningType-other","$v":"Tísňové upozornění"},{"$i":"icc-message-maintitle","$v":"Zpráva operátora"},{"$i":"icc-message-subtitle","$v":"SIM"},{"$i":"icc-confirmCall-defaultmessage","$v":["Volat ",{"t":"idOrVar","v":"number"},"?"]},{"$i":"icc-alertMessage-defaultmessage","$v":"Zpráva se odesílá"},{"$i":"icc-confirmMessage-defaultmessage","$v":"Chcete poslat zprávu?"},{"$i":"icc-notification-title","$v":["SIM ",{"t":"idOrVar","v":"id"}," STK"]},{"$i":"icc-inputbox-maintitle","$v":"Dotaz STK"},{"$i":"icc-inputbox-subtitle","$v":["SIM ",{"t":"idOrVar","v":"id"}]},{"$i":"emergency-callback-mode","$v":"Režim tísňového zpětného volání"},{"$i":"emergency-callback-message","$v":"Nelze volat, odesílat zprávy ani se připojit online, protože je povolen režim zpětného tísňového volání. Chcete jej vypnout?"},{"$i":"cdma-record-info","$v":"Info o záznamu CDMA"},{"$i":"download_started","$v":"Stahování zahájeno"},{"$i":"download_stopped","$v":"Stahování zastaveno"},{"$i":"download_downloading","$v":[{"t":"idOrVar","v":"percentage"},"%"]},{"$i":"download_succeeded","$v":"Stažení dokončeno"},{"$i":"download_failed","$v":"Stažení se nezdařilo"},{"$i":"update_succeeded","$v":"Aktualizace dokončena"},{"$i":"download_text_by_default","$v":[{"t":"idOrVar","v":"name"}]},{"$i":"phone-storage-full-title","$v":"Paměť telefonu je plná."},{"$i":"phone-storage-full-warning","$v":"Soubor se nepodařilo stáhnout. Smazáním souborů médií nebo dat aplikací uvolněte místo. Úložiště můžete zvětšit také vložením karty SD."},{"$i":"sdcard-storage-full-title","$v":"SD karta je plná."},{"$i":"sdcard-storage-full-warning","$v":"Soubor se nepodařilo stáhnout. Smazáním souborů uvolněte místo na kartě SD."},{"$i":"opt-settings","$v":"Nastavení"},{"$i":"search-the-web","$v":"Prohledat web"},{"$i":"search-or-enter-address","$v":"Hledat nebo zadat adresu","placeholder":"Hledat nebo zadat adresu"},{"$i":"search-or-enter-url","$v":"Hledat nebo zadat URL","placeholder":"Hledat nebo zadat URL"},{"$i":"back-button","ariaLabel":"Zpět"},{"$i":"forward-button","ariaLabel":"Přesměrovat"},{"$i":"reload-button","ariaLabel":"Znovu načíst"},{"$i":"stop-button","ariaLabel":"Zastavit"},{"$i":"windows-button","ariaLabel":"Zobrazit okna"},{"$i":"noHotspotWhenAPMisOnWifiHotspot","$v":"Pro použití hotspots Wi-Fi vypněte režim V letadle."},{"$i":"apmActivated","$v":"Režim Letadlo aktivován"},{"$i":"save-image","$v":"Uložit obrázek"},{"$i":"save-video","$v":"Uložit video"},{"$i":"save-audio","$v":"Uložit audio"},{"$i":"share-image","$v":"Sdílet obrázek"},{"$i":"share-video","$v":"Sdílet video"},{"$i":"share-audio","$v":"Sdílet zvuk"},{"$i":"kai-cancelButtonId","$v":"Zrušit"},{"$i":"kai-not-send","$v":"Neposílat"},{"$i":"kai-send-report","$v":"Odeslat zprávu"},{"$i":"refresh","$v":"Obnovit"},{"$i":"goBack","$v":"Přejít zpět"},{"$i":"goForward","$v":"Přejít vpřed"},{"$i":"goToTopSites","$v":"Přejít na hlavní stránky"},{"$i":"pinToTopSites","$v":"Připnout mezi nejlepší weby"},{"$i":"pinToAllApps","$v":"Připnout ke všem aplikacím"},{"$i":"pinToAppsMenu","$v":"Připnout k nabídce Aplikace"},{"$i":"viewMessages","$v":"Zobrazit zprávy"},{"$i":"downloadImage","$v":"Stáhnout obrázek"},{"$i":"quit","$v":"Ukončit"},{"$i":"minimizeBrowser","$v":"Minimalizovat prohlížeč"},{"$i":"pinSiteCompletely","$v":"Tento web byl připnut mezi nejlepší weby."},{"$i":"siteWasPinnedBefore","$v":"Tento web byl připnut mezi nejlepší weby již předtím."},{"$i":"pinnedSitesOverLimit","$v":"Byl dosažen maximální počet připnutých webů."},{"$i":"pressBackAgainToQuitBrowser","$v":"Prohlížeč ukončíte opětovným stiskem tlačítka ZPĚT."},{"$i":"pressBackAgainToMinimizeBrowser","$v":"Prohlížeč minimalizujete opětovným stisknutím tlačítka ZPĚT."},{"$i":"pinSiteToAllAppsCompletely","$v":"Tento web byl připnut v části Všechny aplikace."},{"$i":"pinSiteToAppsMenuCompletely","$v":"Tento web byl připnut k nabídce Aplikace."},{"$i":"siteWasPinnedToAllAppsBefore","$v":"Tento web už byl připnut v části Všechny aplikace."},{"$i":"siteWasPinnedToAppsMenuBefore","$v":"Tento web už byl připnut k nabídce Aplikace."},{"$i":"ext-bluetooth-req","$v":"Žádost o spárování"},{"$i":"ext-unknown","$v":"NEZNÁMÉ"},{"$i":"ext-new-message","$v":"Nová zpráva"},{"$i":"ext-new-mail","$v":"Nový e-mail"},{"$i":"ext-calendar-event","$v":"Událost kalend."},{"$i":"ext-new-notification","$v":"Nová oznámení"},{"$i":"incoming","$v":"Příchozí"},{"$i":"ext-volume-notification","$v":"Vyzváněcí tóny a upozornění"},{"$i":"ext-volume-content","$v":"Média"},{"$i":"ext-volume-alarm","$v":"Budík"},{"$i":"ext-new-cmas","$v":"Tísňové volání"},{"$i":"phone-storage-full-body","$v":"Nahrávání hovoru bylo zastaveno. Smazáním souborů médií nebo dat aplikací uvolněte místo."},{"$i":"sd-card-full-title","$v":"SD karta je plná."},{"$i":"sd-card-full-body","$v":"Nahrávání hovoru bylo zastaveno. Smazáním souborů uvolněte místo na kartě SD."},{"$i":"supl-notification-title","$v":"Žádost o polohu"},{"$i":"supl-notification-message","$v":"Údaje o vaší poloze jsou odesílány operátorovi."},{"$i":"supl-verification-title","$v":"Žádost o polohu"},{"$i":"supl-verification-message","$v":"Operátor požaduje vaši polohu. Chcete operátorovi poskytnout údaje o poloze?"},{"$i":"supl-verification-message-for-notification","$v":"Kliknutím sem potvrďte"},{"$i":"supl-verification-confirm","$v":"Ano"},{"$i":"supl-verification-cancel","$v":"Ne"},{"$i":"supl-more-message","$v":["Zpráva: ",{"t":"idOrVar","v":"id"}," (",{"t":"idOrVar","v":"message"},")"]},{"$i":"confirmPbapMsg","$v":["Zařízení ",{"t":"idOrVar","v":"deviceId"}," vyžaduje přístup k vašim kontaktům a historii volání. Přijmout?"]},{"$i":"confirmTitle","$v":"Žádost Bluetooth"},{"$i":"initialValue","$v":"Zadejte klíč relace"},{"$i":"confirmMapMsg","$v":["Zařízení ",{"t":"idOrVar","v":"deviceId"}," vyžaduje přístup k vašim zprávám. Chcete mu to povolit?"]},{"$i":"wifiCallErrorMsg","$v":["Chyba Wi-Fi volání: ",{"t":"idOrVar","v":"error"}]},{"$i":"wifiCallMissEccTitle","$v":[{"t":"idOrVar","v":"operator"}," WiFi Calling"]},{"$i":"wifiCallMissEccMsg","$v":"Emergency calls in areas with cellular coverage only"},{"$i":"battery-full-title","$v":"Baterie je plná"},{"$i":"battery-full-body","$v":"Baterie je plně nabitá."},{"$i":"sim-config-title","$v":"Konfigurace"},{"$i":"sim-config-content-init","$v":["Stisknutím tlačítka ZAČÍT nastavte telefon pro operátora ",{"t":"idOrVar","v":"carrier"},"."]},{"$i":"sim-config-content-change","$v":["Chcete telefon nastavit pro operátora ",{"t":"idOrVar","v":"carrier"},"?"]},{"$i":"sim-config-content-line1","$v":"Výborně!"},{"$i":"sim-config-content-restart","$v":"Změny se projeví po restartu telefonu."},{"$i":"sim-config-content-finish","$v":"Stisknutím tlačítka OK akci dokončete."},{"$i":"sim-config-content-failed","$v":["Profil operátora ",{"t":"idOrVar","v":"carrier"}," nelze najít."]},{"$i":"sim-config-button-restart","$v":"Restartovat"},{"$i":"sim-config-button-begin","$v":"Začít"},{"$i":"open-wifi-available","$v":"K dispozici otevřené sítě Wi-Fi"},{"$i":"wifi-available","$v":"K dispozici sítě Wi-Fi"},{"$i":"wifi-no-internet-title","$v":"Wi-Fi nemá přístup k internetu."},{"$i":"wifi-no-internet-body","$v":"Tap for options"},{"$i":"wifi-no-internet-header","$v":"Wi-Fi"},{"$i":"wifi-no-internet-content","$v":["Síť ",{"t":"idOrVar","v":"name"}," nemá přístup k internetu. Přejete si i přesto zůstat připojeni?"]},{"$i":"ellipses_char","$v":"…"},{"$i":"fota-title-attention","$v":"Pozor"},{"$i":"fota-upgrade-success","$v":["Aktualizace firmwaru proběhla úspěšně. Vaše zařízení nyní používá verzi ",{"t":"idOrVar","v":"target"},"."]},{"$i":"fota-upgrade-failed","$v":"Aktualizace se nezdařila. Byla obnovena předchozí verze."},{"$i":"fota-title-software-update","$v":"Aktualizace softwaru"},{"$i":"fota-message-software-update-available","$v":"Je dostupná aktualizace softwaru."},{"$i":"fota-message-software-download-failed","$v":"Stažení aktualizace softwaru se nezdařilo."},{"$i":"fota-message-software-download-complete","$v":"Stažení aktualizace softwaru dokončeno."},{"$i":"network-issue-title","$v":"Chyba sítě"},{"$i":"network-issue-detail","$v":"Zkontrolujte prosím znovu připojení."},{"$i":"device-issue-title","$v":"Chyba instalace"},{"$i":"device-issue-detail","$v":"Došlo k neznámé chybě."},{"$i":"device-issue-update-title","$v":"Chyba aktualizace"},{"$i":"install-generic-error","$v":"Stahování zastaveno."},{"$i":"account-authenticator-invaild-grant-notice-title","$v":"Chyba účtu"},{"$i":"account-authenticator-invaild-grant-notice-text","$v":"Přihlaste se znovu"},{"$i":"account-authenticator-no-network-error","$v":"Žádné připojení k internetu"},{"$i":"account-authenticator-access-denied-error","$v":"Došlo k neznámé chybě."},{"$i":"qtn_els_alert_high_vol","$v":"Upozornění na vysokou hlasitost"},{"$i":"qtn_els_alert_in_call","$v":"Probíhá hovor"},{"$i":"GetEmptyUssdPrompt","$v":"Byla přijata null odpověď."},{"$i":"message-sent","$v":"Zpráva odeslána"},{"$i":"send","$v":"Odeslat"},{"$i":"confirmation","$v":"Potvrzení"},{"$i":"kaistore-notice-title","$v":"KaiStore"},{"$i":"kaistore-notice-content","$v":"See what’s in store."},{"$i":"feedback-dialogview-header","$v":"Názory"},{"$i":"feedback-dialogview-message","$v":"Váš názor je pro společnost HMD Global velmi důležitý, proto nám neváhejte sdělit, co si o novém telefonu myslíte. Pokud byste chtěli tento průzkum vyplnit později, najdete jej prostřednictvím nabídky Nastavení."},{"$i":"dataConnection-off","$v":"Vypnout paketová data?"},{"$i":"dataConnection-off-content","$v":"Pokud nezapnete Wi-Fi, nebudete moct používat žádné aplikace ani služby, které vyžadují datové připojení."},{"$i":"turn-off-location","$v":"Vypnout zjišťování polohy?"},{"$i":"turn-off-location-content","$v":"Pokud tuto službu vypnete, služba sledování zeměpisné polohy nebude dostupná. Pokud ji necháte zapnutou, mohou vám být dále účtována paketová data."},{"$i":"firefox-accounts-title","$v":"Účty KaiOS"},{"$i":"firefox-accounts-title-sign-in","$v":"Přihlásit"},{"$i":"firefox-accounts-title-create-account","$v":"Vytvořit účet"},{"$i":"kaios-accounts-title-about-kaios-account","$v":"O účtu KaiOS"},{"$i":"kaios-accounts-phone-verification","$v":"Ověření telefonem"},{"$i":"kaios-accounts-title-account-info","$v":"Údaje účtu"},{"$i":"fxa-next","$v":"Další"},{"$i":"fxa-back","$v":"Zpět"},{"$i":"fxa-done","$v":"Hotovo"},{"$i":"fxa-ok","$v":"OK"},{"$i":"kai-verification-mail-has-been-sent","$v":"Ověřovací odkaz byl odeslán na adresu"},{"$i":"fxa-decline","$v":"Odmítnout"},{"$i":"fxa-accept","$v":"Přijmout"},{"$i":"fxa-sining-in","$v":"Přihlašování…"},{"$i":"not-now","$v":"Teď ne"},{"$i":"send-sms","$v":"Odeslat SMS"},{"$i":"resend-sms","$v":"Znovu odeslat SMS"},{"$i":"fxa-connection-error-title","$v":"Nelze se připojit"},{"$i":"fxa-connection-error-message","$v":"Pomocí části Nastavení můžete vytvořit účet nebo se přihlásit."},{"$i":"fxa-reset-password-error-title","$v":"Resetovat heslo"},{"$i":"fxa-reset-password-error-message","$v":"Heslo lze resetovat v části Nastavení."},{"$i":"fxa-incorrect-email-address-or-password","$v":"fxa incorrect email address or password"},{"$i":"fxa-internet-connection-is-required","$v":"je vyžadováno připojení k internetu"},{"$i":"fxa-server-error","$v":"Chyba serveru, opakujte akci později"},{"$i":"fxa-server-error-2","$v":"Chyba"},{"$i":"fxa-server-error-message","$v":"Nelze vytvořit účet. Zkuste to později znovu."},{"$i":"fxa-server-error-message-2","$v":"Server není dostupný. Zkuste to později znovu."},{"$i":"fxa-offline-error-title","$v":"Nelze se připojit"},{"$i":"fxa-offline-error-message","$v":"Připojte se k síti pomocí nástroje Nastavení."},{"$i":"fxa-offline-error-message-1","$v":"Žádné připojení k internetu"},{"$i":"fxa-invalid-email-title","$v":"Chyba"},{"$i":"fxa-invalid-email-message","$v":"Zadejte platný e-mail."},{"$i":"fxa-invalid-password-title","$v":"Chyba"},{"$i":"fxa-invalid-password-message","$v":"Nesprávná e-mailová adresa nebo heslo"},{"$i":"fxa-invalid-password-message-1","$v":"Heslo je nesprávné."},{"$i":"fxa-unknown-error-title","$v":"Nelze se připojit"},{"$i":"fxa-unknown-error-message","$v":"Systém je nedostupný, zkuste to za chvíli znovu."},{"$i":"fxa-email-is-taken-title","$v":"Chyba"},{"$i":"fxa-email-is-taken-message","$v":"Pro tento e-mail již existuje účet. Přihlaste se ke svému účtu."},{"$i":"fxa-confirm-age-title","$v":"Chyba"},{"$i":"fxa-confirm-age-message","$v":"Potvrďte, že jste starší 13 let"},{"$i":"fxa-account-does-not-exist","$v":"Chyba"},{"$i":"fxa-account-does-not-exist-message","$v":"Nesprávná e-mailová adresa nebo heslo"},{"$i":"fxa-account-does-not-exist-message-1","$v":"Account does not exist."},{"$i":"fxa-password-dont-match","$v":"Chyba"},{"$i":"fxa-password-dont-match-message","$v":"Hesla se neshodují."},{"$i":"fxa-password-less","$v":"Chyba"},{"$i":"fxa-password-less-message","$v":"Heslo obsahuje méně než 8 znaků."},{"$i":"fxa-password-less-message-1","$v":"Heslo obsahuje méně než 8 znaků."},{"$i":"fxa-password-more","$v":"Chyba"},{"$i":"fxa-password-more-message","$v":"Heslo obsahuje více než 20 znaků."},{"$i":"fxa-password-more-message-1","$v":"Heslo obsahuje více než 20 znaků."},{"$i":"fxa-password-error","$v":"Chyba"},{"$i":"fxa-password-error-message","$v":"Heslo musí obsahovat kombinaci 8–20 písmen a číslic."},{"$i":"fxa-connecting","$v":"Připojování"},{"$i":"fxa-enter-phone-number-message","$v":"Zadejte své telefonní číslo. Bude odeslána zpráva SMS a začne automatické ověřování."},{"$i":"fxa-sms-has-been-sent-message","$v":"Zpráva SMS byla odeslána. Po jejím přijetí bude zahájeno automatické ověřování. Uvolněte se a užijte si jízdu!"},{"$i":"fxa-time-remaining","$v":"Zbývající čas:"},{"$i":"fxa-sms-verification-failed-message","$v":"Ověření zprávou SMS se nezdařilo. Zkontrolujte si telefon a akci opakujte stisknutím možnosti „Znovu odeslat SMS“."},{"$i":"fxa-phone-number-label","$v":"Telefonní číslo"},{"$i":"fxa-enter-your-infomation","$v":"Zadejte své údaje."},{"$i":"fxa-birthday-label","$v":"Narozeniny"},{"$i":"fxa-birthday-select","$v":"Vybrat"},{"$i":"fxa-gender-label","$v":"Pohlaví"},{"$i":"fxa-gender-select","$v":"Vybrat"},{"$i":"fxa-gender-male","$v":"Muž"},{"$i":"fxa-gender-female","$v":"Žena"},{"$i":"fxa-gender-confidential","$v":"Důvěrné"},{"$i":"fxa-enter-email-input","placeholder":"Zadejte e-mail"},{"$i":"fxa-use-email-to-sign-in","$v":"Zadejte svůj e-mail, který bude použit pro název účtu."},{"$i":"fxa-notice","$v":["Pokračováním souhlasím s dokumenty ",{"t":"idOrVar","v":"tos"}," a ",{"t":"idOrVar","v":"pn"}," cloudových služeb KaiOS."]},{"$i":"fxa-placeholder","$v":"Váš e-mail"},{"$i":"fxa-tos","$v":"Podmínky služby"},{"$i":"fxa-pn","$v":"Prohlášení o ochr. soukromí"},{"$i":"fxa-create-account-title","$v":"Vytvořit účet"},{"$i":"fxa-show-age-title","$v":"Je mně více než 13"},{"$i":"fxa-enter-password-title","$v":"Zadejte heslo. Heslo smí obsahovat 8–20 znaků a musí obsahovat písmena a číslice."},{"$i":"fxa-enter-password-title-1","$v":"Zadejte heslo. Heslo smí obsahovat 8–20 znaků a musí obsahovat písmena i číslice."},{"$i":"fxa-setup-password-title","$v":"Nastavit heslo"},{"$i":"fxa-create-password-title","$v":"Vytvořit heslo"},{"$i":"fxa-hello-user","$v":["Dobrý den, uživateli ",{"t":"idOrVar","v":"email"}]},{"$i":"fxa-password-refresh","$v":"Pokračujte zadáním hesla účtu KaiOS."},{"$i":"fxa-password","$v":"Heslo","placeholder":"Heslo"},{"$i":"fxa-forgot-your-password","$v":"Zapomenuté heslo?"},{"$i":"fxa-show-password","$v":"Zobrazit heslo"},{"$i":"fxa-password-length-requirement","$v":"Heslo musí obsahovat alespoň 8 znaků."},{"$i":"fxa-confirm-account","$v":"Potvrdit účet"},{"$i":"fxa-will-send-email","$v":"Váš účet byl vytvořen."},{"$i":"fxa-signup-click-verification-link-in-email","$v":["Zaslali jsme potvrzovací e-mail na adresu ",{"t":"idOrVar","v":"email"},". Zkontrolujte příchozí poštu a potom svůj účet ověřte a aktivujte."]},{"$i":"fxa-access-manage-account-settings","$v":"Aktivační odkaz vyprší za 24 hodin."},{"$i":"fxa-signup-success-title","$v":"Účet vytvořen"},{"$i":"about-kaios-account-text","$v":"Lorem ipsum dolor sit amet, con-sectetur adipiscing elit, sed do eiusmod tempor incididunt ut labore et dolore magna aliqua. Ut enim ad minim veniam, quis nos-trud exercitation ullamco laboris nisi ut aliquip ex ea commodo consequat. Duis aute irure dolor in reprehenderit in voluptate velit esse cillum dolore eu fugiat nulla pariatur. Excepteur sint occaecat cupidatat non proident, sunt in culpa qui officia deserunt mollit anim id est laborum."},{"$i":"about-kaios-account-text1","$v":"Účet KaiOS ověřuje služby KaiOS. Účet identifikuje uživatele a zařízení a umožňuje přístup k funkcím, např. ke vzdálené správě zařízení a dalším službám."},{"$i":"about-kaios-account-text2","$v":"Vytvoření účtu vyžaduje e-mailovou adresu a heslo. Uživatel musí svoji e-mailovou adresu ověřit pomocí odkazu v e-mailu, který obdrží při vytváření účtu. Účet bude aktivován až po ověření e-mailové adresy."},{"$i":"about-kaios-account-text3","$v":"Vytvořením účtu souhlasíte s podmínkami a prohlášením o ochraně osobních údajů."},{"$i":"fxa-signin-email","$v":"Název účtu"},{"$i":"fxa-signin-password","$v":"Heslo"},{"$i":"fxa-signin-success-title","$v":"Váš účet"},{"$i":"fxa-signin-lsk","$v":"Zapomenuté heslo"},{"$i":"fxa-signin-rsk","$v":"Přihlásit"},{"$i":"fxa-change-password-title","$v":"Změnit heslo"},{"$i":"fxa-change-password-description","$v":"Zadejte aktuální heslo a nastavte nové heslo."},{"$i":"fxa-new-password","$v":"Nové heslo"},{"$i":"fxa-changing-password","$v":"Mění se heslo…"},{"$i":"fxa-forgot-password-title","$v":"Zapomenuté heslo"},{"$i":"fxa-forgot-password","$v":"zapomenuté heslo"},{"$i":"fxa-forgot-password-sk","$v":"Zapomenuté heslo"},{"$i":"fxa-forgot-password-success-title","$v":"E-mail k resetu hesla odeslán"},{"$i":"fxa-reset-password-succcess-content","$v":"Na vaši e-mailovou adresu byl odeslán e-mail pro resetování hesla."},{"$i":"fxa-reset-password-succcess-content-part2","$v":"Zkontrolujte příchozí poštu a resetujte své heslo."},{"$i":"fxa-sign-out-title","$v":"Funkce Proti krádeži je povolena"},{"$i":"fxa-sign-out-intro","$v":"Potvrďte, že chcete vypnout ochranu proti krádeži, a odhlaste se."},{"$i":"fxa-sign-out-intro-1","$v":"Potvrďte, že chcete vypnout režim ochrany proti krádeži a odhlásit se."},{"$i":"fxa-signout-email","$v":"Váš účet"},{"$i":"fxa-confirm-password","$v":"Potvrdit heslo"},{"$i":"fxa-signing-out","$v":"Odhlašování…"},{"$i":"fxa-sign-out-error-title","$v":"Chyba"},{"$i":"fxa-sign-out-error-message","$v":"Odhlášení z účtu neproběhlo úspěšně. Zkuste to znovu později."},{"$i":"fxa-sign-out-error-message-1","$v":"Odhlášení od účtu neproběhlo úspěšně. Zkuste to později znovu."},{"$i":"fxa-connection-is-required-title","$v":"Chyba"},{"$i":"fxa-connection-is-required-message","$v":"Je požadováno připojení k internetu"},{"$i":"fxa-check-password-title","$v":"Vypnout ochranu proti krádeži"},{"$i":"fxa-disable-antitheft-checkpassword-message","$v":"Potvrďte, že chcete vypnout ochranu proti krádeži."},{"$i":"fxa-reset-factory-checkpassword-message","$v":"Chcete-li zařízení resetovat, zadejte heslo a zakažte funkci ochrany proti krádeži."},{"$i":"fxa-reset-factory-checkpassword-message-1","$v":"Chcete-li zařízení resetovat, zadejte heslo a zakažte režim ochrany proti krádeži."},{"$i":"fxa-enter-email-to-reset-password","$v":"Zadejte e-mail účtu. Zašleme vám na něj odkaz k obnovení hesla."},{"$i":"fxa-enter-email-to-reset-password-1","$v":"Zadejte e-mail účtu. Zašleme vám na něj odkaz k obnovení hesla."},{"$i":"fxa-account-not-found","$v":"Účet nebyl nalezen. Zkuste to prosím znovu."},{"$i":"fxa-multiple-sign-in-attempts-title","$v":"Více pokusů o přihlášení"},{"$i":"fxa-multiple-sign-in-attempts-content","$v":"Vícekrát jste zadali nesprávné heslo"},{"$i":"fxa-multiple-sign-in-attempts-content-1","$v":"Několikrát jste zadali nesprávné heslo."},{"$i":"fxa-multiple-sign-in-attempts-content-retry","$v":"Zkuste to znovu později"},{"$i":"shortDateFormat","$v":"%B %d, %Y"},{"$i":"network-error-in-app","$v":"Internet není nyní dostupný."},{"$i":"network-error-launching","$v":["Aplikace ",{"t":"idOrVar","v":"name"}," vyžaduje připojení k Internetu."]},{"$i":"network-error-launching-title","$v":"Žádné připojení k internetu"},{"$i":"network-error-launching-message","$v":"Použijte pro přístup k internetu Wi-Fi nebo paketová data."},{"$i":"server-not-found","$v":"Server nebyl nalezen"},{"$i":"server-not-found-error","$v":["Server nelze najít v ",{"t":"idOrVar","v":"name"},"."]},{"$i":"file-not-found","$v":"Soubor nenalezen"},{"$i":"file-not-found-error","$v":"Zařízení nemůže tuto stránku zobrazit, protože soubor nelze najít."},{"$i":"connection-failed","$v":"Nelze se připojit"},{"$i":"connection-failed-error","$v":"Při pokusu o dosažení webu došlo k chybě."},{"$i":"invalid-connection","$v":"Nelze se připojit"},{"$i":"invalid-connection-error","$v":"Při pokusu o dosažení webu došlo k chybě."},{"$i":"malformed-uri","$v":"Adresa URL není platná"},{"$i":"malformed-uri-error","$v":"Zadaná adresa URL není platná a nelze ji načíst."},{"$i":"redirect-loop","$v":"Stránku nelze zobrazit"},{"$i":"redirect-loop-error","$v":"Zařízení nemůže tuto stránku zobrazit, protože přesměrování stránky nefunguje správně. Zkuste tuto stránku otevřít později."},{"$i":"not-cached","$v":"Stránka vypršela"},{"$i":"not-cached-error","$v":"Kvůli zabezpečení nelze tuto stránku zařízením zobrazit, protože skončila její platnost."},{"$i":"is-printing","$v":"Přístup byl zamítnut"},{"$i":"is-printing-error","$v":"Dokument nelze upravit při tisku nebo použití náhledu tisku."},{"$i":"denied-port-access","$v":"Adresa je zakázaná"},{"$i":"denied-port-access-error","$v":"Tato adresa používá síťový port, který se obvykle používá pro jiné účely než k procházení webu. Požadavek byl z důvodu ochrany zařízením zrušen."},{"$i":"proxy-resolve-failure","$v":"Chyba serveru proxy"},{"$i":"proxy-resolve-failure-error","$v":"Zařízení je nastaveno pro použití serveru proxy, který nelze najít."},{"$i":"proxy-connect-failure","$v":"Chyba serveru proxy"},{"$i":"proxy-connect-failure-error","$v":"Zařízení je nastaveno pro použití serveru proxy, který odmítá připojení."},{"$i":"content-encoding","$v":"Stránku nelze zobrazit"},{"$i":"content-encoding-error","$v":"Zařízení nemůže tuto stránku zobrazit, protože došlo k chybě kódování obsahu."},{"$i":"remote-xul","$v":"Stránka není podporovaná"},{"$i":"remote-xul-error","$v":"Tuto stránku nelze zobrazit, protože používá technologii, kterou zařízení nepodporuje."},{"$i":"phishing-blocked","$v":"Upozornění"},{"$i":"phishing-blocked-error","$v":"Tento web byl nahlášen jako falešný. Jeho účelem je obelstít uživatele, aby sdíleli osobní nebo finanční údaje."},{"$i":"malware-blocked","$v":"Malwarový útok zablokován"},{"$i":"malware-blocked-error","$v":"Stránky byly nahlášeny jako útočící web. Z důvodu ochrany byl váš požadavek zařízením zablokován."},{"$i":"unsafe-content-type","$v":"Nezabezpečený obsah"},{"$i":"unsafe-content-type-error","$v":"Stránku nelze zobrazit, protože její otevření může být nebezpečné."},{"$i":"corrupted-content","$v":"Nelze se připojit"},{"$i":"corrupted-content-error","$v":"Stránku nelze zobrazit, protože při přenosu dat došlo k chybě."},{"$i":"unknown-protocol-found","$v":"Stránka není podporovaná"},{"$i":"unknown-protocol-found-error","$v":"Stránku nelze zobrazit, protože používá technologii, kterou zařízení nepodporuje."},{"$i":"try-again","$v":"Opakujte akci"},{"$i":"check-settings","$v":"Zkontrolovat nastavení"},{"$i":"brandShortName","$v":"KaiOS"},{"$i":"browserBrandShortName","$v":"Web Browser"},{"$i":"browserBrandFullName","$v":"Mozilla Web Browser"},{"$i":"ringtoneBrandName","$v":"Default"},{"$i":"ringtoneSectionBrandName","$v":"System"},{"$i":"accessibility-enableScreenReaderSteps","$v":"To enable screen reader, press the volume up and then volume down buttons three more times"},{"$i":"accessibility-disableScreenReaderSteps","$v":"To disable screen reader, press the volume up and then volume down buttons three more times"},{"$i":"accessibility-screenReaderStarted","$v":"Screen reader started"},{"$i":"accessibility-screenReaderStopped","$v":"Screen reader stopped"},{"$i":"accessibility-menubar","$v":"menu bar"},{"$i":"accessibility-scrollbar","$v":"scroll bar"},{"$i":"accessibility-grip","$v":"grip"},{"$i":"accessibility-alert","$v":"alert"},{"$i":"accessibility-menupopup","$v":"menu popup"},{"$i":"accessibility-document","$v":"document"},{"$i":"accessibility-pane","$v":"pane"},{"$i":"accessibility-dialog","$v":"dialogue"},{"$i":"accessibility-separator","$v":"separator"},{"$i":"accessibility-toolbar","$v":"toolbar"},{"$i":"accessibility-statusbar","$v":"status bar"},{"$i":"accessibility-table","$v":"table"},{"$i":"accessibility-columnheader","$v":"column header"},{"$i":"accessibility-rowheader","$v":"row header"},{"$i":"accessibility-column","$v":"column"},{"$i":"accessibility-row","$v":"row"},{"$i":"accessibility-cell","$v":"cell"},{"$i":"accessibility-link","$v":"link"},{"$i":"accessibility-list","$v":"list"},{"$i":"accessibility-listitem","$v":"list item"},{"$i":"accessibility-outline","$v":"outline"},{"$i":"accessibility-outlineitem","$v":"outline item"},{"$i":"accessibility-pagetab","$v":"tab"},{"$i":"accessibility-propertypage","$v":"property page"},{"$i":"accessibility-graphic","$v":"graphic"},{"$i":"accessibility-pushbutton","$v":"button"},{"$i":"accessibility-checkbutton","$v":"check button"},{"$i":"accessibility-radiobutton","$v":"radio button"},{"$i":"accessibility-combobox","$v":"combo box"},{"$i":"accessibility-progressbar","$v":"progress bar"},{"$i":"accessibility-slider","$v":"slider"},{"$i":"accessibility-spinbutton","$v":"spin button"},{"$i":"accessibility-diagram","$v":"diagram"},{"$i":"accessibility-animation","$v":"animation"},{"$i":"accessibility-equation","$v":"equation"},{"$i":"accessibility-buttonmenu","$v":"button menu"},{"$i":"accessibility-whitespace","$v":"white space"},{"$i":"accessibility-pagetablist","$v":"tab list"},{"$i":"accessibility-canvas","$v":"canvas"},{"$i":"accessibility-checkmenuitem","$v":"položka menu kontroly"},{"$i":"accessibility-label","$v":"label"},{"$i":"accessibility-passwordtext","$v":"password text"},{"$i":"accessibility-radiomenuitem","$v":"položka menu rádia"},{"$i":"accessibility-textcontainer","$v":"text container"},{"$i":"accessibility-togglebutton","$v":"toggle button"},{"$i":"accessibility-treetable","$v":"tree table"},{"$i":"accessibility-header","$v":"header"},{"$i":"accessibility-footer","$v":"footer"},{"$i":"accessibility-paragraph","$v":"paragraph"},{"$i":"accessibility-entry","$v":"entry"},{"$i":"accessibility-caption","$v":"caption"},{"$i":"accessibility-heading","$v":"heading"},{"$i":"accessibility-section","$v":"section"},{"$i":"accessibility-form","$v":"form"},{"$i":"accessibility-comboboxlist","$v":"combo box list"},{"$i":"accessibility-comboboxoption","$v":"combo box option"},{"$i":"accessibility-imagemap","$v":"image map"},{"$i":"accessibility-listboxoption","$v":"option"},{"$i":"accessibility-listbox","$v":"list box"},{"$i":"accessibility-flatequation","$v":"flat equation"},{"$i":"accessibility-gridcell","$v":"gridcell"},{"$i":"accessibility-note","$v":"note"},{"$i":"accessibility-figure","$v":"figure"},{"$i":"accessibility-definitionlist","$v":"definition list"},{"$i":"accessibility-term","$v":"term"},{"$i":"accessibility-definition","$v":"definition"},{"$i":"accessibility-textarea","$v":"text area"},{"$i":"accessibility-textInputType_date","$v":"date"},{"$i":"accessibility-textInputType_email","$v":"e-mail"},{"$i":"accessibility-textInputType_search","$v":"search"},{"$i":"accessibility-textInputType_tel","$v":"telephone"},{"$i":"accessibility-textInputType_url","$v":"URL"},{"$i":"accessibility-headingLevel","$v":["heading level ",{"t":"idOrVar","v":"0"}]},{"$i":"accessibility-listStart","$v":"First item"},{"$i":"accessibility-listEnd","$v":"Last item"},{"$i":"accessibility-listItemsCount","$v":{"few":[{"t":"idOrVar","v":"count"}," items"],"many":[{"t":"idOrVar","v":"count"}," items"],"one":[{"t":"idOrVar","v":"count"}," item"],"other":[{"t":"idOrVar","v":"count"}," items"],"two":[{"t":"idOrVar","v":"count"}," items"],"zero":[{"t":"idOrVar","v":"count"}," items"]},"$x":[{"t":"idOrVar","v":"plural"},"count"]},{"$i":"accessibility-objItemOfN","$v":[{"t":"idOrVar","v":"0"}," of ",{"t":"idOrVar","v":"1"}]},{"$i":"accessibility-banner","$v":"banner"},{"$i":"accessibility-complementary","$v":"complementary"},{"$i":"accessibility-contentinfo","$v":"content info"},{"$i":"accessibility-main","$v":"main"},{"$i":"accessibility-navigation","$v":"navigation"},{"$i":"accessibility-search","$v":"search"},{"$i":"accessibility-tblColumnInfo","$v":{"few":["with ",{"t":"idOrVar","v":"count"}," columns"],"many":["with ",{"t":"idOrVar","v":"count"}," columns"],"one":["with ",{"t":"idOrVar","v":"count"}," column"],"other":["with ",{"t":"idOrVar","v":"count"}," columns"],"two":["with ",{"t":"idOrVar","v":"count"}," columns"],"zero":["with ",{"t":"idOrVar","v":"count"}," columns"]},"$x":[{"t":"idOrVar","v":"plural"},"count"]},{"$i":"accessibility-tblRowInfo","$v":{"few":["and ",{"t":"idOrVar","v":"count"}," rows"],"many":["and ",{"t":"idOrVar","v":"count"}," rows"],"one":["and ",{"t":"idOrVar","v":"count"}," row"],"other":["and ",{"t":"idOrVar","v":"count"}," rows"],"two":["and ",{"t":"idOrVar","v":"count"}," rows"],"zero":["and ",{"t":"idOrVar","v":"count"}," rows"]},"$x":[{"t":"idOrVar","v":"plural"},"count"]},{"$i":"accessibility-columnInfo","$v":["Column ",{"t":"idOrVar","v":"0"}]},{"$i":"accessibility-rowInfo","$v":["Row ",{"t":"idOrVar","v":"0"}]},{"$i":"accessibility-spansColumns","$v":{"few":["spans ",{"t":"idOrVar","v":"0"}," columns"],"many":["spans ",{"t":"idOrVar","v":"0"}," columns"],"one":["spans ",{"t":"idOrVar","v":"0"}," column"],"other":["spans ",{"t":"idOrVar","v":"0"}," columns"],"two":["spans ",{"t":"idOrVar","v":"0"}," columns"],"zero":["spans ",{"t":"idOrVar","v":"0"}," columns"]},"$x":[{"t":"idOrVar","v":"plural"},"0"]},{"$i":"accessibility-spansRows","$v":{"few":["spans ",{"t":"idOrVar","v":"0"}," rows"],"many":["spans ",{"t":"idOrVar","v":"0"}," rows"],"one":["spans ",{"t":"idOrVar","v":"0"}," row"],"other":["spans ",{"t":"idOrVar","v":"0"}," rows"],"two":["spans ",{"t":"idOrVar","v":"0"}," rows"],"zero":["spans ",{"t":"idOrVar","v":"0"}," rows"]},"$x":[{"t":"idOrVar","v":"plural"},"0"]},{"$i":"accessibility-jumpAction","$v":"jumped"},{"$i":"accessibility-pressAction","$v":"pressed"},{"$i":"accessibility-checkAction","$v":"checked"},{"$i":"accessibility-uncheckAction","$v":"unchecked"},{"$i":"accessibility-selectAction","$v":"selected"},{"$i":"accessibility-unselectAction","$v":"unselected"},{"$i":"accessibility-openAction","$v":"opened"},{"$i":"accessibility-closeAction","$v":"closed"},{"$i":"accessibility-switchAction","$v":"switched"},{"$i":"accessibility-clickAction","$v":"clicked"},{"$i":"accessibility-collapseAction","$v":"collapsed"},{"$i":"accessibility-expandAction","$v":"expanded"},{"$i":"accessibility-activateAction","$v":"activated"},{"$i":"accessibility-cycleAction","$v":"cycled"},{"$i":"accessibility-hidden","$v":"hidden"},{"$i":"accessibility-tabLoading","$v":"loading"},{"$i":"accessibility-tabLoaded","$v":"loaded"},{"$i":"accessibility-tabNew","$v":"new tab"},{"$i":"accessibility-tabLoadStopped","$v":"loading stopped"},{"$i":"accessibility-tabReload","$v":"reloading"},{"$i":"accessibility-stateChecked","$v":"checked"},{"$i":"accessibility-stateNotChecked","$v":"not checked"},{"$i":"accessibility-statePressed","$v":"pressed"},{"$i":"accessibility-stateExpanded","$v":"expanded"},{"$i":"accessibility-stateCollapsed","$v":"collapsed"},{"$i":"accessibility-stateUnavailable","$v":"unavailable"},{"$i":"accessibility-stateRequired","$v":"required"},{"$i":"accessibility-stateTraversed","$v":"visited"},{"$i":"accessibility-stateHasPopup","$v":"has pop up"},{"$i":"accessibility-stateSelected","$v":"selected"},{"$i":"accessibility-editingMode","$v":"editing"},{"$i":"accessibility-navigationMode","$v":"navigating"},{"$i":"accessibility-quicknav_Simple","$v":"Default"},{"$i":"accessibility-quicknav_Anchor","$v":"Anchors"},{"$i":"accessibility-quicknav_Button","$v":"Buttons"},{"$i":"accessibility-quicknav_Combobox","$v":"Combo boxes"},{"$i":"accessibility-quicknav_Landmark","$v":"Landmarks"},{"$i":"accessibility-quicknav_Entry","$v":"Entries"},{"$i":"accessibility-quicknav_FormElement","$v":"Form elements"},{"$i":"accessibility-quicknav_Graphic","$v":"Images"},{"$i":"accessibility-quicknav_Heading","$v":"Headings"},{"$i":"accessibility-quicknav_ListItem","$v":"List items"},{"$i":"accessibility-quicknav_Link","$v":"Links"},{"$i":"accessibility-quicknav_List","$v":"Lists"},{"$i":"accessibility-quicknav_PageTab","$v":"Page tabs"},{"$i":"accessibility-quicknav_RadioButton","$v":"Radio buttons"},{"$i":"accessibility-quicknav_Separator","$v":"Separators"},{"$i":"accessibility-quicknav_Table","$v":"Tables"},{"$i":"accessibility-quicknav_Checkbox","$v":"Check boxes"},{"$i":"accessibility-menubarAbbr","$v":"menu bar"},{"$i":"accessibility-scrollbarAbbr","$v":"scroll bar"},{"$i":"accessibility-gripAbbr","$v":"grip"},{"$i":"accessibility-alertAbbr","$v":"alert"},{"$i":"accessibility-menupopupAbbr","$v":"menu popup"},{"$i":"accessibility-documentAbbr","$v":"document"},{"$i":"accessibility-paneAbbr","$v":"pane"},{"$i":"accessibility-dialogAbbr","$v":"dialogue"},{"$i":"accessibility-separatorAbbr","$v":"separator"},{"$i":"accessibility-toolbarAbbr","$v":"toolbar"},{"$i":"accessibility-statusbarAbbr","$v":"status bar"},{"$i":"accessibility-tableAbbr","$v":"tbl"},{"$i":"accessibility-columnheaderAbbr","$v":"column header"},{"$i":"accessibility-rowheaderAbbr","$v":"row header"},{"$i":"accessibility-columnAbbr","$v":"column"},{"$i":"accessibility-rowAbbr","$v":"row"},{"$i":"accessibility-cellAbbr","$v":"cell"},{"$i":"accessibility-linkAbbr","$v":"lnk"},{"$i":"accessibility-listAbbr","$v":"list"},{"$i":"accessibility-listitemAbbr","$v":"list item"},{"$i":"accessibility-outlineAbbr","$v":"outline"},{"$i":"accessibility-outlineitemAbbr","$v":"outline item"},{"$i":"accessibility-pagetabAbbr","$v":"tab"},{"$i":"accessibility-propertypageAbbr","$v":"property page"},{"$i":"accessibility-graphicAbbr","$v":"graphic"},{"$i":"accessibility-pushbuttonAbbr","$v":"btn"},{"$i":"accessibility-checkbuttonAbbr","$v":"check button"},{"$i":"accessibility-radiobuttonAbbr","$v":"radio button"},{"$i":"accessibility-comboboxAbbr","$v":"combo box"},{"$i":"accessibility-progressbarAbbr","$v":"progress bar"},{"$i":"accessibility-sliderAbbr","$v":"slider"},{"$i":"accessibility-spinbuttonAbbr","$v":"spin button"},{"$i":"accessibility-diagramAbbr","$v":"diagram"},{"$i":"accessibility-animationAbbr","$v":"animation"},{"$i":"accessibility-equationAbbr","$v":"equation"},{"$i":"accessibility-buttonmenuAbbr","$v":"button menu"},{"$i":"accessibility-whitespaceAbbr","$v":"white space"},{"$i":"accessibility-pagetablistAbbr","$v":"tab list"},{"$i":"accessibility-canvasAbbr","$v":"canvas"},{"$i":"accessibility-checkmenuitemAbbr","$v":"check menu item"},{"$i":"accessibility-labelAbbr","$v":"label"},{"$i":"accessibility-passwordtextAbbr","$v":"passwdtxt"},{"$i":"accessibility-radiomenuitemAbbr","$v":"radio menu item"},{"$i":"accessibility-textcontainerAbbr","$v":"text container"},{"$i":"accessibility-togglebuttonAbbr","$v":"toggle button"},{"$i":"accessibility-treetableAbbr","$v":"tree table"},{"$i":"accessibility-headerAbbr","$v":"header"},{"$i":"accessibility-footerAbbr","$v":"footer"},{"$i":"accessibility-paragraphAbbr","$v":"paragraph"},{"$i":"accessibility-entryAbbr","$v":"entry"},{"$i":"accessibility-captionAbbr","$v":"caption"},{"$i":"accessibility-headingAbbr","$v":"heading"},{"$i":"accessibility-sectionAbbr","$v":"section"},{"$i":"accessibility-formAbbr","$v":"form"},{"$i":"accessibility-comboboxlistAbbr","$v":"combo box list"},{"$i":"accessibility-comboboxoptionAbbr","$v":"combo box option"},{"$i":"accessibility-imagemapAbbr","$v":"imgmap"},{"$i":"accessibility-listboxoptionAbbr","$v":"option"},{"$i":"accessibility-listboxAbbr","$v":"list box"},{"$i":"accessibility-flatequationAbbr","$v":"flat equation"},{"$i":"accessibility-gridcellAbbr","$v":"gridcell"},{"$i":"accessibility-noteAbbr","$v":"note"},{"$i":"accessibility-figureAbbr","$v":"fig"},{"$i":"accessibility-definitionlistAbbr","$v":"definition list"},{"$i":"accessibility-termAbbr","$v":"term"},{"$i":"accessibility-definitionAbbr","$v":"definition"},{"$i":"accessibility-textareaAbbr","$v":"txtarea"},{"$i":"accessibility-tblColumnInfoAbbr","$v":{"few":[{"t":"idOrVar","v":"count"},"c"],"many":[{"t":"idOrVar","v":"count"},"c"],"one":[{"t":"idOrVar","v":"count"},"c"],"other":[{"t":"idOrVar","v":"count"},"c"],"two":[{"t":"idOrVar","v":"count"},"c"]},"$x":[{"t":"idOrVar","v":"plural"},"count"]},{"$i":"accessibility-tblRowInfoAbbr","$v":{"few":[{"t":"idOrVar","v":"count"},"r"],"many":[{"t":"idOrVar","v":"count"},"r"],"one":[{"t":"idOrVar","v":"count"},"r"],"other":[{"t":"idOrVar","v":"count"},"r"],"two":[{"t":"idOrVar","v":"count"},"r"]},"$x":[{"t":"idOrVar","v":"plural"},"count"]},{"$i":"accessibility-cellInfoAbbr","$v":["c",{"t":"idOrVar","v":"0"},"r",{"t":"idOrVar","v":"1"}]},{"$i":"accessibility-stateCheckedAbbr","$v":"(x)"},{"$i":"accessibility-stateUncheckedAbbr","$v":"( )"},{"$i":"accessibility-statePressedAbbr","$v":"(x)"},{"$i":"accessibility-stateUnpressedAbbr","$v":"( )"},{"$i":"accessibility-pushbutton-hint","$v":"Double tap to activate"},{"$i":"accessibility-checkbutton-hint","$v":"Double tap to activate"},{"$i":"accessibility-combobox-hint","$v":"Double tap to activate"},{"$i":"accessibility-key-hint","$v":"Tap and hold to activate"},{"$i":"accessibility-link-hint","$v":"Double tap to activate"},{"$i":"accessibility-menuitem-hint","$v":"Double tap to activate"},{"$i":"accessibility-option-hint","$v":"Double tap to activate"},{"$i":"accessibility-radiobutton-hint","$v":"Double tap to activate"},{"$i":"accessibility-slider-hint","$v":"Swipe up to increase or down to decrease"},{"$i":"accessibility-spinbutton-hint","$v":"Swipe up to increase or down to decrease"},{"$i":"accessibility-pagetab-hint","$v":"Double tap to activate"},{"$i":"accessibility-entry-hint","$v":"Double tap to activate"},{"$i":"accessibility-outlineitem-hint","$v":"Double tap to activate"},{"$i":"SoftLeft","$v":"Levé soft. tlačítko"},{"$i":"Enter","$v":"Tlačítko OK"},{"$i":"SoftRight","$v":"Pravé soft. tlačítko"},{"$i":"weekday-0-long","$v":"Neděle"},{"$i":"weekday-1-long","$v":"Pondělí"},{"$i":"weekday-2-long","$v":"Úterý"},{"$i":"weekday-3-long","$v":"Středa"},{"$i":"weekday-4-long","$v":"Čtvrtek"},{"$i":"weekday-5-long","$v":"Pátek"},{"$i":"weekday-6-long","$v":"Sobota"},{"$i":"weekday-0-short","$v":"Ne"},{"$i":"weekday-1-short","$v":"Po"},{"$i":"weekday-2-short","$v":"Út"},{"$i":"weekday-3-short","$v":"St"},{"$i":"weekday-4-short","$v":"Čt"},{"$i":"weekday-5-short","$v":"Pá"},{"$i":"weekday-6-short","$v":"So"},{"$i":"month-0-long","$v":"Leden"},{"$i":"month-1-long","$v":"Únor"},{"$i":"month-2-long","$v":"Březen"},{"$i":"month-3-long","$v":"Duben"},{"$i":"month-4-long","$v":"Květen"},{"$i":"month-5-long","$v":"Červen"},{"$i":"month-6-long","$v":"Červenec"},{"$i":"month-7-long","$v":"Srpen"},{"$i":"month-8-long","$v":"Září"},{"$i":"month-9-long","$v":"Říjen"},{"$i":"month-10-long","$v":"Listopad"},{"$i":"month-11-long","$v":"Prosinec"},{"$i":"month-0-genitive","$v":"Leden"},{"$i":"month-1-genitive","$v":"Únor"},{"$i":"month-2-genitive","$v":"Březen"},{"$i":"month-3-genitive","$v":"Duben"},{"$i":"month-4-genitive","$v":"Květen"},{"$i":"month-5-genitive","$v":"Červen"},{"$i":"month-6-genitive","$v":"Červenec"},{"$i":"month-7-genitive","$v":"Srpen"},{"$i":"month-8-genitive","$v":"Září"},{"$i":"month-9-genitive","$v":"Říjen"},{"$i":"month-10-genitive","$v":"Listopad"},{"$i":"month-11-genitive","$v":"Prosinec"},{"$i":"month-0-short","$v":"Led"},{"$i":"month-1-short","$v":"Úno"},{"$i":"month-2-short","$v":"Bře"},{"$i":"month-3-short","$v":"Dub"},{"$i":"month-4-short","$v":"Kvě"},{"$i":"month-5-short","$v":"Čer"},{"$i":"month-6-short","$v":"Čvc"},{"$i":"month-7-short","$v":"Srp"},{"$i":"month-8-short","$v":"Zář"},{"$i":"month-9-short","$v":"Říj"},{"$i":"month-10-short","$v":"Lis"},{"$i":"month-11-short","$v":"Pro"},{"$i":"minutes-ago-long","$v":{"few":["před ",{"t":"idOrVar","v":"value"}," minutami"],"many":["před ",{"t":"idOrVar","v":"value"}," minutami"],"one":"před minutou","other":["před ",{"t":"idOrVar","v":"value"}," minutami"],"two":["před ",{"t":"idOrVar","v":"value"}," minutami"],"zero":"právě teď"},"$x":[{"t":"idOrVar","v":"plural"},"value"]},{"$i":"hours-ago-long","$v":{"few":["před ",{"t":"idOrVar","v":"value"}," hodinami"],"many":["před ",{"t":"idOrVar","v":"value"}," hodinami"],"one":"před hodinou","other":["před ",{"t":"idOrVar","v":"value"}," hodinami"],"two":["před ",{"t":"idOrVar","v":"value"}," hodinami"],"zero":"právě teď"},"$x":[{"t":"idOrVar","v":"plural"},"value"]},{"$i":"days-ago-long","$v":{"few":["před ",{"t":"idOrVar","v":"value"}," dny"],"many":["před ",{"t":"idOrVar","v":"value"}," dny"],"one":"včera","other":["před ",{"t":"idOrVar","v":"value"}," dny"],"two":["před ",{"t":"idOrVar","v":"value"}," dny"],"zero":"dnes"},"$x":[{"t":"idOrVar","v":"plural"},"value"]},{"$i":"weeks-ago-long","$v":{"few":["před ",{"t":"idOrVar","v":"value"}," týdny"],"many":["před ",{"t":"idOrVar","v":"value"}," týdny"],"one":"minulý týden","other":["před ",{"t":"idOrVar","v":"value"}," týdny"],"two":["před ",{"t":"idOrVar","v":"value"}," týdny"],"zero":"tento týden"},"$x":[{"t":"idOrVar","v":"plural"},"value"]},{"$i":"months-ago-long","$v":{"few":["před ",{"t":"idOrVar","v":"value"}," měsíci"],"many":["před ",{"t":"idOrVar","v":"value"}," měsíci"],"one":"poslední měsíc","other":["před ",{"t":"idOrVar","v":"value"}," měsíci"],"two":["před ",{"t":"idOrVar","v":"value"}," měsíci"],"zero":"tento měsíc"},"$x":[{"t":"idOrVar","v":"plural"},"value"]},{"$i":"years-ago-long","$v":{"few":["před ",{"t":"idOrVar","v":"value"}," lety"],"many":["před ",{"t":"idOrVar","v":"value"}," lety"],"one":"minulý rok","other":["před ",{"t":"idOrVar","v":"value"}," lety"],"two":["před ",{"t":"idOrVar","v":"value"}," lety"],"zero":"tento rok"},"$x":[{"t":"idOrVar","v":"plural"},"value"]},{"$i":"minutes-until-long","$v":{"few":["za ",{"t":"idOrVar","v":"value"}," min."],"many":["za ",{"t":"idOrVar","v":"value"}," min."],"one":"za minutu","other":["za ",{"t":"idOrVar","v":"value"}," min."],"two":["za ",{"t":"idOrVar","v":"value"}," min."],"zero":"nyní"},"$x":[{"t":"idOrVar","v":"plural"},"value"]},{"$i":"hours-until-long","$v":{"few":["za ",{"t":"idOrVar","v":"value"}," hod."],"many":["za ",{"t":"idOrVar","v":"value"}," hod."],"one":"za hodinu","other":["za ",{"t":"idOrVar","v":"value"}," hod."],"two":["za ",{"t":"idOrVar","v":"value"}," hod."],"zero":"nyní"},"$x":[{"t":"idOrVar","v":"plural"},"value"]},{"$i":"days-until-long","$v":{"few":["za ",{"t":"idOrVar","v":"value"}," dny/dní"],"many":["za ",{"t":"idOrVar","v":"value"}," dny/dní"],"one":"zítra","other":["za ",{"t":"idOrVar","v":"value"}," dny/dní"],"two":["za ",{"t":"idOrVar","v":"value"}," dny/dní"],"zero":"dnes"},"$x":[{"t":"idOrVar","v":"plural"},"value"]},{"$i":"weeks-until-long","$v":{"few":["za ",{"t":"idOrVar","v":"value"}," týdny/týdnů"],"many":["za ",{"t":"idOrVar","v":"value"}," týdny/týdnů"],"one":"příští týden","other":["za ",{"t":"idOrVar","v":"value"}," týdny/týdnů"],"two":["za ",{"t":"idOrVar","v":"value"}," týdny/týdnů"],"zero":"tento týden"},"$x":[{"t":"idOrVar","v":"plural"},"value"]},{"$i":"months-until-long","$v":{"few":["za ",{"t":"idOrVar","v":"value"}," měsíce/měsíců"],"many":["za ",{"t":"idOrVar","v":"value"}," měsíce/měsíců"],"one":"příští měsíc","other":["za ",{"t":"idOrVar","v":"value"}," měsíce/měsíců"],"two":["za ",{"t":"idOrVar","v":"value"}," měsíce/měsíců"],"zero":"tento měsíc"},"$x":[{"t":"idOrVar","v":"plural"},"value"]},{"$i":"years-until-long","$v":{"few":["za ",{"t":"idOrVar","v":"value"}," roky/let"],"many":["za ",{"t":"idOrVar","v":"value"}," roky/let"],"one":"příští rok","other":["za ",{"t":"idOrVar","v":"value"}," roky/let"],"two":["za ",{"t":"idOrVar","v":"value"}," roky/let"],"zero":"tento rok"},"$x":[{"t":"idOrVar","v":"plural"},"value"]},{"$i":"minutes-ago-short","$v":{"other":["před ",{"t":"idOrVar","v":"value"}," m"],"zero":"právě teď"},"$x":[{"t":"idOrVar","v":"plural"},"value"]},{"$i":"hours-ago-short","$v":{"other":["před ",{"t":"idOrVar","v":"value"}," h"],"zero":"právě teď"},"$x":[{"t":"idOrVar","v":"plural"},"value"]},{"$i":"days-ago-short","$v":{"other":["před ",{"t":"idOrVar","v":"value"}," d"],"zero":"dnes"},"$x":[{"t":"idOrVar","v":"plural"},"value"]},{"$i":"minutes-until-short","$v":{"other":["za ",{"t":"idOrVar","v":"value"}," m"],"zero":"nyní"},"$x":[{"t":"idOrVar","v":"plural"},"value"]},{"$i":"hours-until-short","$v":{"other":["za ",{"t":"idOrVar","v":"value"}," h"],"zero":"nyní"},"$x":[{"t":"idOrVar","v":"plural"},"value"]},{"$i":"days-until-short","$v":{"other":["za ",{"t":"idOrVar","v":"value"}," d"],"zero":"dnes"},"$x":[{"t":"idOrVar","v":"plural"},"value"]},{"$i":"incorrectDate","$v":"(nesprávné datum)"},{"$i":"dateTimeFormat_%c","$v":"%a %b %e %Y %I:%M:%S %p"},{"$i":"dateTimeFormat_%x","$v":"%m/%d/%Y"},{"$i":"dateTimeFormat_%X","$v":"%I:%M:%S %p"},{"$i":"shortTimeFormat","$v":"%I:%M %p"},{"$i":"shortTimeFormat12","$v":"%I:%M %p"},{"$i":"shortTimeFormat24","$v":"%H:%M"},{"$i":"shortDateTimeFormat","$v":"%x %I:%M %p"},{"$i":"weekStartsOnMonday","$v":"0.0"},{"$i":"firstDayOfTheWeek","$v":"1.0"},{"$i":"time_am","$v":"dop."},{"$i":"time_pm","$v":"odp."},{"$i":"title-app","$v":"Oprávnění aplikace"},{"$i":"title-web","$v":"Oprávnění webu"},{"$i":"title-cam","$v":"Vybrat fotoaparát"},{"$i":"perm-alarms","$v":"Plánovat budíky"},{"$i":"perm-audio-capture","$v":"Mikrofon"},{"$i":"perm-audio-capture-appRequest","$v":["Chcete sdílet mikrofon s aplikací ",{"t":"idOrVar","v":"app"},"?"]},{"$i":"perm-audio-capture-webRequest","$v":["Chcete sdílet mikrofon s aplikací ",{"t":"idOrVar","v":"site"},"?"]},{"$i":"perm-audio-channel-content","$v":"Přehrát zvuky"},{"$i":"perm-audio-channel-notification","$v":"Přehrát zvuky upozornění"},{"$i":"perm-audio-channel-ringer","$v":"Play Ringtone Sounds"},{"$i":"perm-background-sensors","$v":"Přístup k datům čidla"},{"$i":"perm-bluetooth","$v":"Bluetooth"},{"$i":"perm-browser","$v":"Zkontrolovat web. stránky"},{"$i":"perm-camera","$v":"Fotoaparáty"},{"$i":"perm-camera-selector-appRequest","$v":["Vyberte fotoaparát pro ",{"t":"idOrVar","v":"app"},"."]},{"$i":"perm-camera-selector-webRequest","$v":["Vyberte fotoaparát pro ",{"t":"idOrVar","v":"site"},"."]},{"$i":"perm-camera-appRequest","$v":["Aplikace ",{"t":"idOrVar","v":"app"}," chce použít fotoaparát."]},{"$i":"perm-camera-webRequest","$v":["Aplikace ",{"t":"idOrVar","v":"site"}," chce použít fotoaparát."]},{"$i":"perm-cellbroadcast","$v":"Vysílání buňky"},{"$i":"perm-contacts","$v":"Kontakty"},{"$i":"perm-contacts-appRequest","$v":["Aplikace ",{"t":"idOrVar","v":"app"}," vyžaduje přístup k vašemu seznamu kontaktů."]},{"$i":"perm-contacts-webRequest","$v":["Aplikace ",{"t":"idOrVar","v":"site"}," vyžaduje přístup k vašemu seznamu kontaktů."]},{"$i":"perm-desktop-notification","$v":"Upozornění"},{"$i":"perm-desktop-notification-appRequest","$v":["Aplikace ",{"t":"idOrVar","v":"app"}," vyžaduje přístup k vašim oznámením."]},{"$i":"perm-desktop-notification-webRequest","$v":["Aplikace ",{"t":"idOrVar","v":"site"}," vyžaduje přístup k vašim oznámením."]},{"$i":"perm-device-storage-apps","$v":"Úložiště aplikací"},{"$i":"perm-device-storage-music","$v":"Úložiště hudby"},{"$i":"perm-device-storage-music-appRequest","$v":["Aplikace ",{"t":"idOrVar","v":"app"}," vyžaduje přístup k vaší hudbě."]},{"$i":"perm-device-storage-music-webRequest","$v":["Aplikace ",{"t":"idOrVar","v":"site"}," vyžaduje přístup k vaší hudbě."]},{"$i":"perm-device-storage-pictures","$v":"Úložiště obrázků"},{"$i":"perm-device-storage-pictures-appRequest","$v":["Aplikace ",{"t":"idOrVar","v":"app"}," vyžaduje přístup k vašim obrázkům."]},{"$i":"perm-device-storage-pictures-webRequest","$v":["Aplikace ",{"t":"idOrVar","v":"site"}," vyžaduje přístup k vašim obrázkům."]},{"$i":"perm-device-storage-sdcard","$v":"Úložiště na pam. kartě"},{"$i":"perm-device-storage-sdcard-appRequest","$v":["Aplikace ",{"t":"idOrVar","v":"app"}," vyžaduje přístup k vaší paměťové kartě."]},{"$i":"perm-device-storage-sdcard-webRequest","$v":["Aplikace ",{"t":"idOrVar","v":"site"}," vyžaduje přístup k vaší paměťové kartě."]},{"$i":"perm-device-storage-videos","$v":"Úložiště videí"},{"$i":"perm-device-storage-videos-appRequest","$v":["Aplikace ",{"t":"idOrVar","v":"app"}," vyžaduje přístup k vašim videím."]},{"$i":"perm-device-storage-videos-webRequest","$v":["Aplikace ",{"t":"idOrVar","v":"site"}," vyžaduje přístup k vašim videím."]},{"$i":"perm-fullscreen-appRequest","$v":["Aplikace ",{"t":"idOrVar","v":"app"}," je nyní na celou obrazovku."]},{"$i":"perm-fullscreen-webRequest","$v":["Aplikace ",{"t":"idOrVar","v":"site"}," je nyní na celou obrazovku."]},{"$i":"perm-embed-apps","$v":"Vložené aplikace"},{"$i":"perm-fmradio","$v":"FM rádio"},{"$i":"perm-fmradio-appRequest","$v":["Aplikace ",{"t":"idOrVar","v":"app"}," chce použít FM rádio."]},{"$i":"perm-fmradio-webRequest","$v":["Aplikace ",{"t":"idOrVar","v":"site"}," chce použít FM rádio."]},{"$i":"perm-geolocation","$v":"Služby umístění"},{"$i":"perm-geolocation-appRequest","$v":["Aplikace ",{"t":"idOrVar","v":"app"}," vyžaduje přístup k vašemu umístění."]},{"$i":"perm-geolocation-more-info","$v":["Systém ",{"t":"idOrVar","v":"brandShortName"}," využívá k odhadnutí vaší polohy technologii GPS a další doplňkové údaje, jako jsou sítě Wi-Fi a mobilní sítě. Systém ",{"t":"idOrVar","v":"brandShortName"}," a poskytovatelé služeb mohou využívat data umístění ke zvýšení přesnosti a pokrytí databází umístění. Systém ",{"t":"idOrVar","v":"brandShortName"}," vás vždy požádá o povolení, když bude aplikace vyžadovat přístup k vašemu umístění."]},{"$i":"perm-geolocation-webRequest","$v":["Aplikace ",{"t":"idOrVar","v":"site"}," vyžaduje přístup k vašemu umístění."]},{"$i":"perm-idle","$v":"Viz stav Nečinný"},{"$i":"perm-indexedDB-chrome-settings","$v":"Privilegovaná index. DB"},{"$i":"perm-indexedDB-unlimited","$v":"Neomezené úložiště IndexedDB"},{"$i":"perm-input-manage","$v":"Správa klávesnic"},{"$i":"perm-input","$v":"Fungovat jako klávesnice"},{"$i":"perm-media-capture","$v":"Fotoaparát a mikrofon"},{"$i":"perm-media-capture-appRequest","$v":["Chcete sdílet fotoaparát a mikrofon s aplikací ",{"t":"idOrVar","v":"app"},"?"]},{"$i":"perm-media-capture-webRequest","$v":["Chcete sdílet fotoaparát a mikrofon s aplikací ",{"t":"idOrVar","v":"site"},"?"]},{"$i":"perm-mobileconnection","$v":"Mobilní připojení"},{"$i":"perm-mobileid","$v":"Mobilní identita"},{"$i":"perm-network-events","$v":"Události v síti"},{"$i":"perm-open-remote-window","$v":"Spustit aplikaci"},{"$i":"perm-permissions","$v":"Oprávnění úpravy aplikace"},{"$i":"perm-power","$v":"Nastavení napájení"},{"$i":"perm-settings","$v":"Upravit nastavení"},{"$i":"perm-systemXHR","$v":"Žádosti nepůvodního zdroje"},{"$i":"perm-telephony","$v":"Telefonie"},{"$i":"perm-video-capture","$v":"Fotoaparát"},{"$i":"perm-video-capture-appRequest","$v":["Chcete sdílet fotoaparát s aplikací ",{"t":"idOrVar","v":"app"},"?"]},{"$i":"perm-video-capture-webRequest","$v":["Chcete sdílet fotoaparát s aplikací ",{"t":"idOrVar","v":"site"},"?"]},{"$i":"perm-voicemail","$v":"Ovládat hlas. schránku"},{"$i":"perm-webapps-manage","$v":"Instalovat Webapps"},{"$i":"perm-wifi-manage","$v":"Správa Wi-Fi"},{"$i":"perm-attention","$v":"Otevřít překryvná okna"},{"$i":"perm-audio-channel-alarm","$v":"Přehrát zvuky budíku"},{"$i":"perm-audio-channel-normal","$v":"Přehrát zvuky"},{"$i":"perm-audio-channel-publicnotification","$v":"Přehrát zvuky veřejných upoz."},{"$i":"perm-audio-channel-telephony","$v":"Přehrát zvuky telefonu"},{"$i":"perm-backgroundservice","$v":"Fungovat jako služba na pozadí"},{"$i":"perm-device-storage-crashes","$v":"Úložiště dat o selhání"},{"$i":"perm-downloads","$v":"Přístup ke stahování"},{"$i":"perm-embed-widgets","$v":"Vložené widgety"},{"$i":"perm-feature-detection","$v":"Detekce funkce"},{"$i":"perm-firefox-accounts","$v":"Účty Firefox"},{"$i":"perm-mobilenetwork","$v":"Mobilní síť"},{"$i":"perm-moz-attention","$v":"Otevřít překryvná okna (moz)"},{"$i":"perm-moz-audio-channel-ringer","$v":"Play Ringtone Sounds (moz)"},{"$i":"perm-moz-audio-channel-telephony","$v":"Přehrát zvuky telefonu (moz)"},{"$i":"perm-moz-firefox-accounts","$v":"Účty Firefox (moz)"},{"$i":"perm-networkstats-manage","$v":"Statistika využití ovl. prvků"},{"$i":"perm-nfc","$v":"NFC"},{"$i":"perm-nfc-hci-events","$v":"Události NFC HCI"},{"$i":"perm-nfc-manager","$v":"Správa NFC"},{"$i":"perm-phonenumberservice","$v":"Služba tel. čísel"},{"$i":"perm-push","$v":"Push API"},{"$i":"perm-resourcestats-manage","$v":"Statistiky – prostředky"},{"$i":"perm-sms","$v":"Odeslat a číst SMS"},{"$i":"perm-speaker-control","$v":"Ovládat hlasitost"},{"$i":"perm-storage","$v":"Přístup k úložišti"},{"$i":"perm-tcp-socket","$v":"Sokety TCP"},{"$i":"perm-test-permission","$v":"Test Permission"},{"$i":"perm-time","$v":"Nastavit datum a čas"},{"$i":"perm-udp-socket","$v":"Sokety UDP"},{"$i":"perm-wappush","$v":"Nabíz. zprávy WAP"},{"$i":"stopped_download_title","$v":"Stahování zastaveno"},{"$i":"kai-stopped_download_message","$v":"This download was stopped. Would you like to resume downloading?"},{"$i":"stopped_download_left_button","$v":"Zrušit"},{"$i":"stopped_download_right_button","$v":"Opakujte akci"},{"$i":"failed_download_title","$v":"Stažení se nezdařilo"},{"$i":"failed_download_message","$v":["Kontakt ",{"t":"idOrVar","v":"name"}," se nepodařilo stáhnout. Opakovat?"]},{"$i":"failed_download_left_button","$v":"Zrušit"},{"$i":"failed_download_right_button","$v":"Opakujte akci"},{"$i":"stop_download_title","$v":"Zastavit stahování"},{"$i":"stop_download_message","$v":"Opravdu chcete stahování zastavit?"},{"$i":"stop_download_left_button","$v":"Zrušit"},{"$i":"stop_download_right_button","$v":"Zastavit"},{"$i":"delete_download_title","$v":"Odstranit"},{"$i":"delete_download_message","$v":["Odstranit „",{"t":"idOrVar","v":"name"},"“?"]},{"$i":"delete_download_left_button","$v":"Zrušit"},{"$i":"delete_download_right_button","$v":"Odstranit"},{"$i":"delete_all_download_title","$v":"Odstranit"},{"$i":"delete_all_download_left_button","$v":"Zrušit"},{"$i":"delete_all_download_right_button","$v":"Odstranit"},{"$i":"delete_all_download_message_ext","$v":"Odstranit vybrané soubory?"},{"$i":"delete_all_download_message","$v":{"few":["Odstranit soubory (",{"t":"idOrVar","v":"number"},")?"],"many":["Odstranit soubory (",{"t":"idOrVar","v":"number"},")?"],"one":"Odstranit jeden soubor?","other":["Odstranit soubory (",{"t":"idOrVar","v":"number"},")?"],"two":["Odstranit soubory (",{"t":"idOrVar","v":"number"},")?"],"zero":"Neodstraňovat žádné soubory?"},"$x":[{"t":"idOrVar","v":"plural"},"number"]},{"$i":"unsupported_file_type_download_title","$v":"Nelze otevřít"},{"$i":"unsupported_file_type_download_message","$v":["Není k dispozici žádná aplikace, kterou lze použít k otevření souboru ",{"t":"idOrVar","v":"name"},". Chcete soubor uložit nebo odstranit?"]},{"$i":"unsupported_file_type_download_left_button","$v":"Uchovat soubor"},{"$i":"unsupported_file_type_download_right_button","$v":"Odstranit"},{"$i":"file_not_found_download_title","$v":"Soubor nenalezen"},{"$i":"file_not_found_download_message","$v":"Soubor nebyl v zařízení nalezen."},{"$i":"file_not_found_download_right_button","$v":"OK"},{"$i":"unmounted_sdcard_2_download_title","$v":"Paměťová karta používána"},{"$i":"unmounted_sdcard_2_download_message","$v":"Odpojte telefon"},{"$i":"unmounted_sdcard_2_download_right_button","$v":"OK"},{"$i":"no_provider_download_title","$v":"Nelze otevřít"},{"$i":"no_provider_download_message","$v":"Tento formát souboru je neplatný, nebo není podporován."},{"$i":"no_provider_download_right_button","$v":"OK"},{"$i":"no_memory_download_title","$v":"SD karta je plná"},{"$i":"no_memory_download_message","$v":"Na kartě SD není žádné místo pro uložení stahovaných dat. Před opětovným spuštěním stahování odeberte některé soubory."},{"$i":"no_memory_download_right_button","$v":"OK"},{"$i":"no_sdcard_found_2_download_title","$v":"Nenalezena žádná pam. karta"},{"$i":"no_sdcard_found_2_download_message","$v":"Vložte paměťovou kartu nebo vyberte v nastavení alternativní vých. umístění médií"},{"$i":"no_sdcard_found_2_download_right_button","$v":"OK"},{"$i":"file_open_error_download_title","$v":"Potvrzení"},{"$i":"file_open_error_download_message","$v":"Tento formát souboru není platný nebo podporovaný. Chcete soubor odstranit?"},{"$i":"file_open_error_download_left_button","$v":"Uchovat soubor"},{"$i":"file_open_error_download_right_button","$v":"Odstranit"},{"$i":"restart_download_error","$v":"Při opětovném spouštění stahování došlo k chybě. Zkuste stahování zopakovat."},{"$i":"no-downloads","$v":"Žádné stažené soubory"},{"$i":"percentage","$v":[{"t":"idOrVar","v":"percentage"}," %"]},{"$i":"partialResult","$v":[{"t":"idOrVar","v":"partial"}," / ",{"t":"idOrVar","v":"total"}]},{"$i":"summary","$v":[{"t":"idOrVar","v":"date"}," – ",{"t":"idOrVar","v":"status"}]},{"$i":"download-stopped","$v":"Zastaveno"},{"$i":"download-failed","$v":"Stažení se nezdařilo"},{"$i":"open_downloaded_file","$v":"Otevřít"},{"$i":"share_downloaded_file","$v":"Sdílet"},{"$i":"wallpaper_downloaded_file","$v":"Nastavit jako tapetu"},{"$i":"ringtone_downloaded_file","$v":"Nast. jako vyzv. tón"},{"$i":"cancel_downloaded_file","$v":"Zrušit"},{"$i":"voicemailNoNumberTitle","$v":"Číslo hlas. schránky není dostupné"},{"$i":"voicemailNoNumberText","$v":"Nelze se dovolat do hlas. schránky. Nastavte číslo hlas. schránky, aby bylo možné volat."},{"$i":"voicemailNoNumberSettings","$v":"Nastavení"},{"$i":"voicemailNoNumberCancel","$v":"Zrušit"},{"$i":"airplaneMode","$v":"Režim Letadlo"},{"$i":"noNetwork","$v":"Žádná síť"},{"$i":"roaming","$v":[{"t":"idOrVar","v":"operator"}," (Roaming)"]},{"$i":"operator-info","$v":[{"t":"idOrVar","v":"carrier"}," ",{"t":"idOrVar","v":"region"}]},{"$i":"emergencyCallsOnly","$v":"Jen tísňová volání"},{"$i":"emergencyCallsOnly-unknownSIMState","$v":"(neznámý stav karty SIM)"},{"$i":"emergencyCallsOnly-noSIM","$v":"(žádná karta SIM)"},{"$i":"emergencyCallsOnly-pinRequired","$v":"(Vyžadován kód PIN karty SIM)"},{"$i":"emergencyCallsOnly-pukRequired","$v":"(Vyžadován kód PUK karty SIM)"},{"$i":"emergencyCallsOnly-networkLocked","$v":"(síť uzamčena)"},{"$i":"emergencyCallsOnly-serviceProviderLocked","$v":"(zámek operátora)"},{"$i":"emergencyCallsOnly-corporateLocked","$v":"(firemní zámek)"},{"$i":"emergencyCallsOnly-network1Locked","$v":"(síť1 uzamčena)"},{"$i":"emergencyCallsOnly-network2Locked","$v":"(síť2 uzamčena)"},{"$i":"emergencyCallsOnly-hrpdNetworkLocked","$v":"(síť hrpd uzamčena)"},{"$i":"emergencyCallsOnly-ruimCorporateLocked","$v":"(ruim – firemní zámek)"},{"$i":"emergencyCallsOnly-ruimServiceProviderLocked","$v":"(ruim – zámek operátora)"},{"$i":"lockscreen-sim-id","$v":["SIM ",{"t":"idOrVar","v":"n"}]},{"$i":"charging-no-time","$v":[{"t":"idOrVar","v":"level"}," % nabito"]},{"$i":"charging-minutes","$v":{"few":[{"t":"idOrVar","v":"level"}," % nabito (",{"t":"idOrVar","v":"minutes"}," min do úplného nabití)"],"many":[{"t":"idOrVar","v":"level"}," % nabito (",{"t":"idOrVar","v":"minutes"}," min do úplného nabití)"],"one":[{"t":"idOrVar","v":"level"}," % nabito (",{"t":"idOrVar","v":"minutes"}," min do úplného nabití)"],"other":[{"t":"idOrVar","v":"level"}," % nabito (",{"t":"idOrVar","v":"minutes"}," min do úplného nabití)"],"two":[{"t":"idOrVar","v":"level"}," % nabito (",{"t":"idOrVar","v":"minutes"}," min do úplného nabití)"],"zero":[{"t":"idOrVar","v":"level"}," % nabito (",{"t":"idOrVar","v":"minutes"}," min do úplného nabití)"]},"$x":[{"t":"idOrVar","v":"plural"},"minutes"]},{"$i":"charging-hours","$v":{"few":[{"t":"idOrVar","v":"level"}," % nabito (",{"t":"idOrVar","v":"hours"}," h ",{"t":"idOrVar","v":"minutes"}," min do úplného nabití)"],"many":[{"t":"idOrVar","v":"level"}," % nabito (",{"t":"idOrVar","v":"hours"}," h ",{"t":"idOrVar","v":"minutes"}," min do úplného nabití)"],"one":[{"t":"idOrVar","v":"level"}," % nabito (",{"t":"idOrVar","v":"hours"}," h ",{"t":"idOrVar","v":"minutes"}," min do úplného nabití)"],"other":[{"t":"idOrVar","v":"level"}," % nabito (",{"t":"idOrVar","v":"hours"}," h ",{"t":"idOrVar","v":"minutes"}," min do úplného nabití)"],"two":[{"t":"idOrVar","v":"level"}," % nabito (",{"t":"idOrVar","v":"hours"}," h ",{"t":"idOrVar","v":"minutes"}," min do úplného nabití)"],"zero":[{"t":"idOrVar","v":"level"}," % nabito (",{"t":"idOrVar","v":"hours"}," h ",{"t":"idOrVar","v":"minutes"}," min do úplného nabití)"]},"$x":[{"t":"idOrVar","v":"plural"},"minutes"]}]