[{"$i":"ok","$v":"OK"},{"$i":"back","$v":"Takaisin"},{"$i":"help","$v":"Ohjeet"},{"$i":"cancel","$v":"Peruuta"},{"$i":"close","$v":"Sulje"},{"$i":"skip","$v":"Ohita"},{"$i":"enable","$v":"Ota käyttöön"},{"$i":"turnOn","$v":"Ota käyttöön"},{"$i":"save","$v":"Tallenna"},{"$i":"select","$v":"Valitse"},{"$i":"deselect","$v":"Poista valinta"},{"$i":"go","$v":"Siirry"},{"$i":"search","$v":"Hae"},{"$i":"options","$v":"Valinnat"},{"$i":"exit","$v":"Poistu"},{"$i":"signIn","$v":"Kirjaudu"},{"$i":"dismiss","$v":"Hylkää"},{"$i":"dismiss-all","$v":"Hylkää kaikki"},{"$i":"undo","ariaLabel":"Peru"},{"$i":"lockscreenEnterLockCode","$v":"Anna 4-merkkinen koodi"},{"$i":"lockscreenCheckLockCode","$v":"Koodi ei kelpaa. Yritä uudelleen."},{"$i":"lockscreenDeviceLocked","$v":"Laite on lukittu, yritä uudelleen 30 sekunnin kuluttua."},{"$i":"pocketmodeLongPress","$v":"Liu’uta tai paina"},{"$i":"pocketmodeToUnlock","$v":"avaa lukitus"},{"$i":"enterPIN","$v":"Avaa antamalla 6-numeroinen koodi"},{"$i":"mediaPlaybackTrack","$v":"Kappaleen nimi ja artisti"},{"$i":"mediaPlaybackControls","$v":"Toiston ohjaimet"},{"$i":"mediaPlaybackPrevious","$v":"Edellinen"},{"$i":"mediaPlaybackPlay","$v":"Toista"},{"$i":"mediaPlaybackPause","$v":"Tauko"},{"$i":"mediaPlaybackNext","$v":"Seuraava"},{"$i":"UnknownTrack","$v":"Tuntematon kappale"},{"$i":"wifiButton-on","$v":"WLAN päällä"},{"$i":"wifiButton-on-initializing","$v":"WLAN päällä, alustetaan"},{"$i":"wifiButton-off","$v":"WLAN pois"},{"$i":"dataButton-on","$v":[{"t":"idOrVar","v":"type"},"-data käytössä"]},{"$i":"dataButton-off","$v":[{"t":"idOrVar","v":"type"},"-data pois käyt."]},{"$i":"bluetoothButton-on","$v":"Bluetooth käytössä"},{"$i":"bluetoothButton-on-initializing","$v":"Bluetooth päällä, alustetaan"},{"$i":"bluetoothButton-off","$v":"Bluetooth ei käytössä"},{"$i":"airplaneMode-on","$v":"Lentotila päällä"},{"$i":"airplaneMode-off","$v":"Lentotila pois"},{"$i":"airplaneOff","$v":"Poista lentotila käytöstä"},{"$i":"settingsButton","ariaLabel":"Asetukset"},{"$i":"simLabel","$v":["SIM ",{"t":"idOrVar","v":"id"}]},{"$i":"statusbarLabel","$v":[{"t":"idOrVar","v":"date"},", ",{"t":"idOrVar","v":"operator"}]},{"$i":"statusbarDateFormat","$v":"%b %e"},{"$i":"statusbar","ariaLabel":"Tilapalkki"},{"$i":"statusbarBattery","ariaLabel":["Akkua ",{"t":"idOrVar","v":"level"}," prosenttia"]},{"$i":"statusbarBatteryCharging","ariaLabel":["Akkua ",{"t":"idOrVar","v":"level"}," prosenttia, ladataan"]},{"$i":"statusbarFlightMode","ariaLabel":"Lentotila päällä"},{"$i":"statusbarWiFiConnecting","$v":"WLAN: yhdistetään"},{"$i":"statusbarWiFiConnected","$v":["WLAN: ",{"t":"idOrVar","v":"level"}," / 4 palkkia"]},{"$i":"statusbarSignal","$v":["Operaattorin ",{"t":"idOrVar","v":"operator"}," verkko, ",{"t":"idOrVar","v":"level"},"/5 palkkia"]},{"$i":"statusbarSignalRoaming","$v":["Operaattorin ",{"t":"idOrVar","v":"operator"}," verkko (verkkovierailu), ",{"t":"idOrVar","v":"level"},"/5 palkkia"]},{"$i":"statusbarSignalNoneSearching","$v":"Haetaan… Vain hätäpuhelut"},{"$i":"statusbarHeadphones","ariaLabel":"Kuulokkeet käytössä"},{"$i":"statusbarBluetoothHeadphones","ariaLabel":"Bluetooth-kuulokkeet päällä"},{"$i":"statusbarBluetoothTransferring","ariaLabel":"Bluetooth-siirto aktiivinen"},{"$i":"statusbarIconOn-tethering","$v":"USB-jakaminen päällä"},{"$i":"statusbarIconOnActive-tethering","$v":"USB-jakaminen päällä, aktiivinen"},{"$i":"statusbarAlarm","ariaLabel":"Hälytys käytössä"},{"$i":"statusbarIME","ariaLabel":"IME päällä"},{"$i":"statusbarIconOn-bluetooth","$v":"Bluetooth käytössä"},{"$i":"statusbarIconOnActive-bluetooth","$v":"Bluetooth päällä, aktiivinen"},{"$i":"statusbarIconOn-mute","$v":"Mykistys päällä"},{"$i":"statusbarIconOn-vibration","$v":"Värinä päällä"},{"$i":"statusbarRecording","ariaLabel":"Äänittäminen päällä"},{"$i":"statusbarGeolocation","ariaLabel":"Paikannus päällä"},{"$i":"statusbarUsb","ariaLabel":"USB käytössä"},{"$i":"statusbarForwarding","$v":"Soitonsiirto käytössä"},{"$i":"statusbarPlaying","ariaLabel":"Mediaa toistetaan"},{"$i":"statusbarNfc","ariaLabel":"NFC päällä"},{"$i":"statusbarDownloads","ariaLabel":"Ladataan…"},{"$i":"statusbarNetworkActivity","ariaLabel":"Verkostoituminen päällä"},{"$i":"statusbarEmergencyCBNotification","ariaLabel":"Hätätakaisinsoitto"},{"$i":"statusbarNotifications","$v":{"few":[{"t":"idOrVar","v":"n"}," ilmoitusta"],"many":[{"t":"idOrVar","v":"n"}," ilmoitusta"],"one":[{"t":"idOrVar","v":"n"}," ilmoitusta"],"other":[{"t":"idOrVar","v":"n"}," ilmoitusta"],"two":[{"t":"idOrVar","v":"n"}," ilmoitusta"]},"$x":[{"t":"idOrVar","v":"plural"},"n"]},{"$i":"statusbarNotifications-unread","ariaLabel":{"$x":[{"t":"idOrVar","v":"plural"},"n"],"$v":{"few":[{"t":"idOrVar","v":"n"}," ilmoitusta lukematta"],"many":[{"t":"idOrVar","v":"n"}," ilmoitusta lukematta"],"one":[{"t":"idOrVar","v":"n"}," ilmoitus lukematta"],"other":[{"t":"idOrVar","v":"n"}," ilmoitusta lukematta"],"two":[{"t":"idOrVar","v":"n"}," ilmoitusta lukematta"]}}},{"$i":"clear","$v":"Tyhjennä"},{"$i":"clear-all","$v":"Tyhjennä kaikki"},{"$i":"notification-title","$v":{"few":[{"t":"idOrVar","v":"n"}," ilmoitusta"],"many":[{"t":"idOrVar","v":"n"}," ilmoitusta"],"one":[{"t":"idOrVar","v":"n"}," ilmoitusta"],"other":[{"t":"idOrVar","v":"n"}," ilmoitusta"],"two":[{"t":"idOrVar","v":"n"}," ilmoitusta"],"zero":[{"t":"idOrVar","v":"n"}," ilmoitusta"]},"$x":[{"t":"idOrVar","v":"plural"},"n"]},{"$i":"notification-dialog-no-notices","$v":"Ei ilmoituksia"},{"$i":"notification-title-new","$v":{"few":[{"t":"idOrVar","v":"n"}," ilmoitusta"],"many":[{"t":"idOrVar","v":"n"}," ilmoitusta"],"other":[{"t":"idOrVar","v":"n"}," ilmoitusta"],"two":[{"t":"idOrVar","v":"n"}," ilmoitusta"],"one":[{"t":"idOrVar","v":"n"}," ilmoitus"],"zero":[{"t":"idOrVar","v":"n"}," ilmoitus"]},"$x":[{"t":"idOrVar","v":"plural"},"n"]},{"$i":"notification-dialog-no-notices-new","$v":"Ei ilmoitusta"},{"$i":"attentionScreen-tapToShow","$v":"Näytä napauttamalla"},{"$i":"camera","$v":"Kamera"},{"$i":"kai-dflt-value-level","$v":"Määritä arvon taso"},{"$i":"kai-dflt-range-value-name","$v":"Taso"},{"$i":"newVoicemails","$v":{"few":[{"t":"idOrVar","v":"n"}," uutta vastaajaviestiä"],"many":[{"t":"idOrVar","v":"n"}," uutta vastaajaviestiä"],"one":"Yksi uusi vastaajaviesti","other":[{"t":"idOrVar","v":"n"}," uutta vastaajaviestiä"],"two":[{"t":"idOrVar","v":"n"}," uutta vastaajaviestiä"],"zero":"Ei uutta vastaajaviestiä"},"$x":[{"t":"idOrVar","v":"plural"},"n"]},{"$i":"newVoicemailsUnknown","$v":"Uusi vastaajaviesti"},{"$i":"dialNumber","$v":["Soita numeroon ",{"t":"idOrVar","v":"number"}]},{"$i":"voicemailNotificationMultiSim","$v":["(SIM ",{"t":"idOrVar","v":"n"},") ",{"t":"idOrVar","v":"title"}]},{"$i":"euRoamingNotificationTitle","$v":"EU-internet havaittu"},{"$i":"euRoamingNotificationMsg","$v":"Muuta napauttamalla."},{"$i":"restart","$v":"Käynnistä uudell."},{"$i":"power","$v":"Virran katkaisu"},{"$i":"lock","$v":"Lukitus"},{"$i":"cleanup","$v":"Puhdista muisti"},{"$i":"no-recent-app-windows","$v":"Viimeaikaiset sovellusikkunasi näytetään tässä"},{"$i":"no-recent-browser-windows","$v":"Viimeaikaiset selainikkunasi näytetään tässä"},{"$i":"closeCard","ariaLabel":"Sulje"},{"$i":"openCard","ariaLabel":"Avaa"},{"$i":"yes","$v":"Kyllä"},{"$i":"no","$v":"Ei"},{"$i":"dontallow","$v":"Älä salli"},{"$i":"allow","$v":"Salli"},{"$i":"dontshare-geolocation","$v":"Älä jaa"},{"$i":"share-geolocation","$v":"Jaa"},{"$i":"dontshare-audio-capture","$v":"Älä jaa"},{"$i":"share-audio-capture","$v":"Jaa"},{"$i":"dontshare-video-capture","$v":"Älä jaa"},{"$i":"share-video-capture","$v":"Jaa"},{"$i":"dontshare-media-capture","$v":"Älä jaa"},{"$i":"share-media-capture","$v":"Jaa"},{"$i":"device-front","$v":"Etukamera"},{"$i":"device-back","$v":"Takakamera"},{"$i":"front-camera","$v":"Etukamera"},{"$i":"back-camera","$v":"Takakamera"},{"$i":"more-info","$v":"Lisätietoa..."},{"$i":"hide-info","$v":"Piilota tiedot"},{"$i":"install-app","$v":["Asennetaanko ",{"t":"idOrVar","v":"name"},"?"]},{"$i":"size","$v":"Koko"},{"$i":"author","$v":"Tekijä"},{"$i":"size-unknown","$v":"Tuntematon"},{"$i":"author-unknown","$v":"Tuntematon"},{"$i":"install","$v":"Asenna"},{"$i":"bytes","$v":"tavua"},{"$i":"kB","$v":"kt"},{"$i":"MB","$v":"Mt"},{"$i":"GB","$v":"Gt"},{"$i":"TB","$v":"Tt"},{"$i":"PB","$v":"Pt"},{"$i":"app-install-generic-error","$v":["Sovelluksen ",{"t":"idOrVar","v":"appName"}," lataaminen pysäytettiin"]},{"$i":"app-install-download-failed","$v":["Sovelluksen ",{"t":"idOrVar","v":"appName"}," lataus epäonnistui"]},{"$i":"app-install-install-failed","$v":["Sovelluksen ",{"t":"idOrVar","v":"appName"}," asennus epäonnistui"]},{"$i":"cancelling-will-not-refund","$v":"Peruutuksesta ei tule hyvitystä ostosta. Alkup. myyjä huolehtii maksullisen sisällön hyvityksistä."},{"$i":"apps-can-be-installed-later","$v":"Sovellukset voidaan asentaa myöhemmin alkuperäisestä asennuslähteestä."},{"$i":"are-you-sure-you-want-to-cancel","$v":"Haluatko varmasti peruuttaa tämän asennuksen?"},{"$i":"cancel-install","$v":"Peruuta asennus"},{"$i":"cancel-install-button","$v":"Peruuta asennus"},{"$i":"resume","$v":"Jatka"},{"$i":"continue","$v":"Jatka"},{"$i":"stopDownloading","$v":["Lopetetaanko sovelluksen ",{"t":"idOrVar","v":"app"}," lataus?"]},{"$i":"app-download-can-be-restarted","$v":"Lataus voidaan käynnistää uudelleen myöhemmin."},{"$i":"app-download-stop-button","$v":"Lopeta lataus"},{"$i":"not-enough-space","$v":"Tila ei riitä"},{"$i":"not-enough-space-message","$v":"Tämän sovelluksen asentamiseen ei ole tilaa. Vapauta tilaa poistamalla vanhoja sovelluksia tai mediaa ja yritä asennusta uudelleen alkuperäisestä lähteestä."},{"$i":"app-install-success","$v":[{"t":"idOrVar","v":"appName"}," asennettiin"]},{"$i":"app-install-update","$v":[{"t":"idOrVar","v":"appName"}," päivitetty"]},{"$i":"langpack-install-success2","$v":[{"t":"idOrVar","v":"appName"}," asennettiin. Ota se käyttöön valitsemalla Asetukset > Kieli."]},{"$i":"setup","$v":"Määritys"},{"$i":"ime-addkeyboards","$v":"Lisää näppäimistöjä"},{"$i":"ime-lowercase","$v":"Pienaakkoset"},{"$i":"ime-uppercase","$v":"Iso kirjain"},{"$i":"ime-number","$v":"Numero"},{"$i":"ime-capitalize","$v":"Kirjoita isoin kirjaimin"},{"$i":"ime-t9","$v":"T9"},{"$i":"ime-r9","$v":"R9"},{"$i":"ime-predictive","$v":"Ennustava"},{"$i":"ime-insert-word","$v":"Lisää sana"},{"$i":"ime-voice-input-messsage","$v":"Paina pitkään OK puhuaksesi tekstikentässä."},{"$i":"later","$v":"Myöhemmin"},{"$i":"download","$v":"Lataa"},{"$i":"wantToDownload","$v":"Ladataanko päivitys nyt?"},{"$i":"wantToInstallNow","$v":"Haluatko asentaa päivityksen nyt? Et pysty käyttämään puhelintasi muutamaan minuuttiin."},{"$i":"installNow","$v":"Asenna nyt"},{"$i":"notNow","$v":"Ei nyt"},{"$i":"downloadingUpdateMessage","innerHTML":{"$o":["Ladataan päivityksiä… <span>",{"t":"idOrVar","v":"progress"}," ladattu.</span>"]}},{"$i":"downloadingAppMessage","$v":["Ladataan ",{"t":"idOrVar","v":"appName"}]},{"$i":"downloadingAppProgressNoMax","$v":["/",{"t":"idOrVar","v":"progress"}," ladattu"]},{"$i":"downloadingAppProgressIndeterminate","$v":"Ladataan"},{"$i":"downloadingAppProgress","$v":[{"t":"idOrVar","v":"progress"},"/",{"t":"idOrVar","v":"max"}," ladattu"]},{"$i":"cancelAllDownloads","$v":"Peruuta kaikki lataukset"},{"$i":"wantToCancelAll","$v":"Haluatko varmasti peruuttaa kaikki lataukset?"},{"$i":"downloadError","$v":"Päivitysten lataamisessa tapahtui virhe."},{"$i":"updateAvailableInfo","innerHTML":{"$x":[{"t":"idOrVar","v":"plural"},"n"],"$v":{"few":{"$o":[{"t":"idOrVar","v":"n"}," päivitystä saatavalla. <span>Napauta, jos haluat lisätietoja.</span>"]},"many":{"$o":[{"t":"idOrVar","v":"n"}," päivitystä saatavalla. <span>Napauta, jos haluat lisätietoja.</span>"]},"one":{"$o":[{"t":"idOrVar","v":"n"}," päivitys saatavilla. <span>Napauta, jos haluat lisätietoja.</span>"]},"other":{"$o":[{"t":"idOrVar","v":"n"}," päivitystä saatavalla. <span>Napauta, jos haluat lisätietoja.</span>"]},"two":{"$o":[{"t":"idOrVar","v":"n"}," päivitystä saatavalla. <span>Napauta, jos haluat lisätietoja.</span>"]}}}},{"$i":"numberOfUpdates","$v":{"few":[{"t":"idOrVar","v":"n"}," ilmoitusta"],"many":[{"t":"idOrVar","v":"n"}," ilmoitusta"],"one":[{"t":"idOrVar","v":"n"}," ilmoitusta"],"other":[{"t":"idOrVar","v":"n"}," ilmoitusta"],"two":[{"t":"idOrVar","v":"n"}," ilmoitusta"]},"$x":[{"t":"idOrVar","v":"plural"},"n"]},{"$i":"systemUpdate","$v":"Järjestelmän päivitys"},{"$i":"systemUpdateReady","$v":"Järjestelmän päivitys valmis"},{"$i":"updates","$v":"Päivitykset"},{"$i":"systemUpdateLowBatteryThreshold","$v":["Tarvitset vähintään ",{"t":"idOrVar","v":"threshold"}," % akkua, jotta voit asentaa päivityksen."]},{"$i":"required","$v":"Vaaditaan"},{"$i":"uncompressingMessage","innerHTML":{"$o":"Puretaan pakkausta… <span>Tähän voi kulua muutama minuutti.</span>"}},{"$i":"downloadWifiPrioritizedUsing2G","$v":"Päivitykset ladataan datayhteyden kautta, kun WLANia ei ole käytettävissä. Datayhteyttä käytettäessä puhelut saatetaan estää, ja käytöstä saatetaan periä lisämaksuja."},{"$i":"downloadWifiPrioritized3","$v":"Päivitykset ladataan datayhteyden kautta, kun WLANia ei ole käytettävissä. Datayhteyden käytöstä saatetaan periä lisämaksuja."},{"$i":"downloadNoWifiWarning","$v":"WLAN ei käytettävissä. Nykyisen yhteytesi päivittämisestä voi aiheutua lisäkustannuksia."},{"$i":"downloadOfflineWarning2","$v":"Yhdistä verkkoon, jotta voit ladata päivitykset."},{"$i":"downloadUpdatesViaDataConnection","$v":"Ladataanko päivitykset datayhteyden kautta?"},{"$i":"downloadUpdatesVia2GForbidden3","$v":"Päivitysten lataaminen ei ole mahdollista hitailla yhteyksillä (2G). Luo WLAN- tai 3D yhteys (jos saatavilla) ja yritä uudelleen."},{"$i":"downloadUpdatesViaDataConnectionMessage3","$v":"Datayhteyden käytöstä saatetaan periä lisäkustannuksia. Haluatko jatkaa?"},{"$i":"downloadUpdatesViaDataRoamingConnection","$v":"Ladataanko päivitykset vierasverkon kautta?"},{"$i":"downloadUpdatesViaDataRoamingConnectionMessage","$v":"Käytät tällä hetkellä verkkovierailua, josta saatetaan periä lisäkustannuksia. Haluatko jatkaa?"},{"$i":"screenshotSaved","$v":"Näyttökuva tallennettu Galleriaan"},{"$i":"screenshotFailed","$v":"Näyttökuvaa ei voitu tallentaa"},{"$i":"screenshotNoSDCard","$v":"Muistikorttia ei löytynyt"},{"$i":"screenshotSDCardInUse","$v":"Muistikortti on käytössä"},{"$i":"screenshotSDCardLow","$v":"Muistikortilla ei tarpeeksi tilaa."},{"$i":"emergency-call-button","$v":"Hätäpuhelu"},{"$i":"emergency-call","$v":"Hätäpuhelu"},{"$i":"unlock-a11y-button","ariaLabel":"Avaa lukitus"},{"$i":"camera-a11y-button","ariaLabel":"Kamera"},{"$i":"longDateFormat","$v":"%A, %B %e"},{"$i":"clockDateFormat","$v":"%a, %e %b"},{"$i":"panel-passcode","ariaLabel":"Salasanan paneeli"},{"$i":"open-notification","$v":"avaa"},{"$i":"unlock","$v":"Avaa lukitus"},{"$i":"login","$v":"Kirjaudu"},{"$i":"sign-in-to-website","$v":"Kirjaudu sivustolle"},{"$i":"username","$v":"Käyttäjänimi"},{"$i":"password","$v":"Salasana"},{"$i":"show-password","$v":"Näytä salasana"},{"$i":"http-authentication-message2","$v":["Sivusto ",{"t":"idOrVar","v":"host"}," edellyttää, että kirjaudut sisään."]},{"$i":"error-message","$v":[{"t":"idOrVar","v":"name"}," ei lataudu kunnolla"]},{"$i":"error-title","$v":["Ongelmia kohteessa ",{"t":"idOrVar","v":"name"}]},{"$i":"unable-to-connect","$v":"Yhteyden luonti ei onnistu"},{"$i":"tap-to-check-settings","$v":"Tarkista asetukset napauttamalla"},{"$i":"set","$v":"Aseta"},{"$i":"delete-title","$v":["Poista ",{"t":"idOrVar","v":"name"}]},{"$i":"delete-body","$v":[{"t":"idOrVar","v":"name"}," ja kaikki sen tiedot poistetaan."]},{"$i":"delete","$v":"Poista asennus"},{"$i":"delete-desc","$v":"Haluatko varmasti poistaa sen asennuksen?"},{"$i":"unrecoverable-error-title","$v":"Poista sovellus"},{"$i":"unrecoverable-error-body","$v":"Sovellusta ei voida asentaa peruuttamattoman virheen vuoksi. Yritä ladata uudestaan. Sovellus poistetaan."},{"$i":"unrecoverable-error-action","$v":"OK"},{"$i":"instant-settings","$v":"pika-asetukset"},{"$i":"settings","$v":"Asetukset"},{"$i":"flashlight","$v":"Taskulamppu"},{"$i":"brightness","$v":"Kirkkaus"},{"$i":"volume","$v":"Äänenvoim."},{"$i":"calculator","$v":"Laskin"},{"$i":"airplane-mode","$v":"Lentotila"},{"$i":"wifi","$v":"WLAN"},{"$i":"bluetooth","$v":"Bluetooth"},{"$i":"cellular-data","$v":"Mobiilidata"},{"$i":"on","$v":"Käytössä"},{"$i":"off","$v":"Ei käytössä"},{"$i":"percentage-number","$v":[{"t":"idOrVar","v":"number"}," %"]},{"$i":"select-time","$v":"Valitse aika"},{"$i":"select-date","$v":"Valitse päivämäärä"},{"$i":"battery-almost-empty-plug-in-your-charger","$v":"Akkusi virta on vähissä. Kytke laturi."},{"$i":"battery-temperature-warning-header","$v":"Varoitus"},{"$i":"battery-temperature-high","$v":"Liian korkea lämpötila. Puhelin sammutetaan, jos lämpötila nousee."},{"$i":"battery-temperature-high-stop-charging","$v":"Liian korkea lämpötila. Akun lataaminen on lopetettu. Puhelin sammutetaan, jos lämpötila nousee."},{"$i":"battery-temperature-low","$v":"Liian alhainen lämpötila. Puhelin sammutetaan, jos lämpötila laskee."},{"$i":"battery-temperature-low-stop-charging","$v":"Liian alhainen lämpötila. Akun lataaminen on lopetettu. Puhelin sammutetaan, jos lämpötila laskee."},{"$i":"crash-dialog2-os","$v":[{"t":"idOrVar","v":"brandShortName"}," toipui juuri kaatumisesta"]},{"$i":"crash-dialog-app","$v":[{"t":"idOrVar","v":"name"}," kaatui juuri"]},{"$i":"crash-dialog-app-noname","$v":"Jokin"},{"$i":"crash-dialog-message","$v":"Haluatko lähettää KaiOSille raportin vikatilanteesta, jotta voimme auttaa korjaamaan ongelman? (Raportit lähetetään vain WLANin yli.)"},{"$i":"crash-info-link","$v":"Mitä kaatumisraportissa on?"},{"$i":"crash-always-report","$v":"Lähetä aina KaiOSille raportti kaatumistilanteessa."},{"$i":"crash-dont-send","$v":"Älä lähetä"},{"$i":"crash-end","$v":"Lähetä raportti"},{"$i":"crashReports","$v":"Kaatumisraportit"},{"$i":"done","$v":"Valmis"},{"$i":"crash-reports-description-1","$v":"Kaatumisraportissa on tietoja kaatumisesta ja laitteestasi sekä tilannekuva laitteesi tilasta sen kaatumishetkellä."},{"$i":"crash-reports-description-2","$v":"Taustalla voivat olla esimerkiksi avoimet sivut ja sovellukset, lomakkeisiin kirjoitettu teksti ja avointen viestien sisältö, viimeaikainen selaushistoria tai avoimen sovelluksen käyttämä paikannustoiminto."},{"$i":"crash-reports-description-3-start","$v":"Yritämme korjata ongelmia ja parantaa tuotteitamme vikaraporttien avulla. Tietojesi käsittelyämme määrittävät  "},{"$i":"crash-reports-description-3-privacy","$v":"henkilöt. suojaperiaatt."},{"$i":"crash-reports-description-3-end","$v":"."},{"$i":"crash-banner-os2","$v":[{"t":"idOrVar","v":"brandShortName"}," kaatui juuri."]},{"$i":"crash-banner-app","$v":[{"t":"idOrVar","v":"name"}," kaatui juuri."]},{"$i":"crash-banner-report","$v":"Raportoi"},{"$i":"bluetooth-sending-progress","$v":"Lähetetään tiedostoa Bluetoothin kautta"},{"$i":"bluetooth-receiving-progress","$v":"Vastaanotetaan tiedostoa Bluetoothin kautta"},{"$i":"acceptFileTransfer","$v":"Siirtopyyntö"},{"$i":"requestToReceive","$v":[{"t":"idOrVar","v":"deviceName"}," haluaa siirtää tiedostoja. Hyväksytkö?"]},{"$i":"wantToReceiveFile","$v":[{"t":"idOrVar","v":"deviceName"}," haluaisi siirtää kohteen ",{"t":"idOrVar","v":"fileName"}," (",{"t":"idOrVar","v":"fileSize"},")."]},{"$i":"transfer-confirmation-title","$v":[{"t":"idOrVar","v":"deviceName"}]},{"$i":"transfer-confirmation-description","$v":"Tarkastele siirtopyyntöä."},{"$i":"byteUnit-B","$v":"B"},{"$i":"byteUnit-KB","$v":"kt"},{"$i":"byteUnit-MB","$v":"Mt"},{"$i":"byteUnit-GB","$v":"Gt"},{"$i":"byteUnit-TB","$v":"Tt"},{"$i":"byteUnit-PB","$v":"Pt"},{"$i":"byteUnit-EB","$v":"Et"},{"$i":"byteUnit-ZB","$v":"zt"},{"$i":"byteUnit-YB","$v":"Yt"},{"$i":"fileSize","$v":[{"t":"idOrVar","v":"size"}," ",{"t":"idOrVar","v":"unit"}]},{"$i":"deny","$v":"Kiellä"},{"$i":"transfer","$v":"Siirrä"},{"$i":"accept","$v":"Hyväksy"},{"$i":"stop","$v":"Lopeta"},{"$i":"cancelFileTransfer","$v":"Perutaanko Bluetooth-tiedostonsiirto?"},{"$i":"continueFileTransfer","$v":"Jatka"},{"$i":"transfer-has-started-title","$v":"Tiedostonsiirto voi alkaa"},{"$i":"transfer-has-started-description","$v":"Odotetaan vahvistusta"},{"$i":"transfer-has-started-toast","$v":"Tiedostonsiirto käynnistyi. Tarkista edistyminen ilmoituksista"},{"$i":"transferFinished-sentSuccessful-title","$v":"Tiedosto lähetetty"},{"$i":"transferFinished-receivedSuccessful-title","$v":"Tiedosto vastaanotettu"},{"$i":"transferFinished-failed-title","$v":"Tiedostonsiirto epäonnistui"},{"$i":"transferFinished-try-again-description","$v":"Tiedostoa ei voida lähettää juuri nyt. Yritä uudelleen myöhemmin."},{"$i":"transferReport-title","$v":"Siirtoraportti:"},{"$i":"transferReport-description","$v":[{"t":"idOrVar","v":"numSuccessful"}," tiedostoa onnistui, ",{"t":"idOrVar","v":"numUnsuccessful"}," tiedostoa epäonnistui"]},{"$i":"unknown-file","$v":"Tuntematon tiedosto"},{"$i":"unknown-device","$v":"Tuntematon laite"},{"$i":"cannotOpenFile","$v":"Vastaanotettua tiedostoa ei voi avata"},{"$i":"unknownMediaTypeToOpenFile","$v":["Ei voida avata tuntematonta tiedostotyyppiä: ",{"t":"idOrVar","v":"fileName"}]},{"$i":"cannotReceiveFile","$v":"Tiedostoa ei voida vastaanottaa"},{"$i":"cannotGetStorageState","$v":"Laitteen tallennustila ei voi selvittää."},{"$i":"sdcard-not-exist2","$v":"Muistikorttia ei löytynyt. Asenna muistikortti."},{"$i":"sdcard-in-use","$v":"Bluetoothia ei voida käyttää, kun puhelin on kytketty sähköverkkoon. Irrota puhelin, jotta voit vastaanottaa tiedoston/tiedostot."},{"$i":"sdcard-no-space2","$v":"Siirtoa ei voida suorittaa: muistikortti on täynnä."},{"$i":"unknown-error","$v":"Tuntematon virhe"},{"$i":"confirm","$v":"Vahvista"},{"$i":"stopTransferTitle","$v":"Lopeta tiedostonsiirto"},{"$i":"stopTransferContent","$v":"Haluatko lopettaa tiedostonsiirron Bluetoothin kautta?"},{"$i":"storage","$v":"Tallennus"},{"$i":"sdcard-detected-title","$v":"SD-kortti havaittu"},{"$i":"no-sdcard-title","$v":"Ei SD-korttia"},{"$i":"sdcard-total-size-body","$v":["Yhteiskoko: ",{"t":"idOrVar","v":"size"}," ",{"t":"idOrVar","v":"unit"}]},{"$i":"sdcard-unknown-size-then-tap-to-format-body","$v":"Tuntematon koko, napauta muuttaaksesi"},{"$i":"sdcard-removed-title","$v":"SD-kortti poistettu"},{"$i":"sdcard-removed-ejected-successfully","$v":"Poistettu onnistuneesti"},{"$i":"sdcard-removed-not-ejected-properly","$v":"Ei poistettu kunnolla"},{"$i":"set-sdcard-as-default-media-location","$v":"SD-kortti havaittu. Asetetaanko SD-kortti oletusmediasijainniksi?"},{"$i":"no-sdcard-content","$v":"Liitä SD-kortti saadaksesi lisää tilaa."},{"$i":"sim-confirmation-content","$v":["Mobiilidata on määritetty kortille SIM",{"t":"idOrVar","v":"n"},"."]},{"$i":"sim-confirmation-title","$v":"SIM-kortit vaihdettu"},{"$i":"sim-confirmation-notice-title","$v":"SIM-kortit vaihdettu"},{"$i":"sim-confirmation-notice","$v":"Katso tiedot valitsemalla."},{"$i":"sim-hot-plug","$v":"Puhelin käynnistetään uudelleen"},{"$i":"sim-hot-plug-empty","$v":"Puhelin käynnistetään uudelleen, koska SIM-kortit on poistettu."},{"$i":"sim-hot-plug-empty-confirm","$v":"Varmista, että SIM-kortti on vedetty kokonaan ulos ja käynnistä sitten uudelleen valitsemalla OK."},{"$i":"noSimCard","$v":"Ei SIM-korttia"},{"$i":"lockedSim","$v":"Lukittu SIM"},{"$i":"noService","$v":"Ei palvelua"},{"$i":"eccOnly","$v":"Emergency calls only"},{"$i":"nocard-eccOnly","$v":"No SIM card-Emergency calls only"},{"$i":"unusablecard-eccOnly","$v":"Unusable SIM card-Emergency calls only"},{"$i":"searching","$v":"Haetaan..."},{"$i":"simPin","$v":"SIM PIN"},{"$i":"pukCode","$v":"PUK-koodi"},{"$i":"nckCode","$v":"NCK-koodi"},{"$i":"cckCode","$v":"CCK-koodi"},{"$i":"spckCode","$v":"SPCK-koodi"},{"$i":"nck1code","$v":"NCK1-koodi"},{"$i":"nck2code","$v":"NCK2-koodi"},{"$i":"hnckcode","$v":"HNCK-koodi"},{"$i":"rcckcode","$v":"RCCK-koodi"},{"$i":"rspckcode","$v":"RSPCK-koodi"},{"$i":"ncklockContent","$v":["Paikka",{"t":"idOrVar","v":"n"}," on nck-lukittu."]},{"$i":"whatIsSimPin","$v":"Mikä on SIM PIN?"},{"$i":"simPinIntro1","$v":"SIM-kortin PIN estää pääsyn SIM-kortin mobiilidataverkkoihin. Kun se on käytettävissä, mikä tahansa SIM-kortin sisältävä laite pyytää PIN-koodia uudelleenkäynnistyksen yhteydessä."},{"$i":"simPinIntro2","$v":"SIM-kortin PIN ei ole sama kuin laitteen avaamiseen käytetty salasana."},{"$i":"changeSimPin","$v":"Vaihda PIN-koodia"},{"$i":"pinTitle","$v":"Anna SIM-kortin PIN"},{"$i":"multiSIMpinTitle","$v":["Anna SIM ",{"t":"idOrVar","v":"n"},":n PIN"]},{"$i":"multiSIMpukTitle","$v":["Anna PUK",{"t":"idOrVar","v":"n"}," PIN"]},{"$i":"multiSIMnckTitle","$v":["Anna NCK",{"t":"idOrVar","v":"n"}," PIN"]},{"$i":"multiSIMxckTitle","$v":["Syötä SIM",{"t":"idOrVar","v":"n"}," ",{"t":"idOrVar","v":"type"}]},{"$i":"xckTitle","$v":["Syötä ",{"t":"idOrVar","v":"type"},"-koodi"]},{"$i":"xckCode","$v":[{"t":"idOrVar","v":"type"},"-koodi"]},{"$i":"xckBlocked","$v":[{"t":"idOrVar","v":"type"}," estetty"]},{"$i":"pukTitle","$v":"Anna PUK-koodi"},{"$i":"nckTitle","$v":"Anna NCK-koodi"},{"$i":"cckTitle","$v":"Anna CCK-koodi:"},{"$i":"spckTitle","$v":"Anna SPCK-koodi"},{"$i":"nck1Title","$v":"Anna NCK1-koodi"},{"$i":"nck2Title","$v":"Anna NCK2-koodi"},{"$i":"hnckTitle","$v":"Anna HNCK-koodi"},{"$i":"rcckTitle","$v":"Anna RCCK-koodi"},{"$i":"rspckTitle","$v":"Anna RSPCK-koodi"},{"$i":"newpinTitle","$v":"Uusi PIN"},{"$i":"inputCodeRetriesLeft","$v":{"few":[{"t":"idOrVar","v":"n"}," yritystä jäljellä."],"many":[{"t":"idOrVar","v":"n"}," yritystä jäljellä."],"one":"1 yritys jäljellä.","other":[{"t":"idOrVar","v":"n"}," yritystä jäljellä."],"two":[{"t":"idOrVar","v":"n"}," yritystä jäljellä."]},"$x":[{"t":"idOrVar","v":"plural"},"n"]},{"$i":"pinErrorMsg","$v":"Virheellinen PIN."},{"$i":"pinAttemptMsg2","$v":{"few":["Sinulla on jäljellä ",{"t":"idOrVar","v":"n"}," yritystä antaa oikea koodi, ennen kuin SIM-kortti lukitaan."],"many":["Sinulla on jäljellä ",{"t":"idOrVar","v":"n"}," yritystä antaa oikea koodi, ennen kuin SIM-kortti lukitaan."],"one":"Voit yrittää vielä kerran antaa oikean koodin, ennen kuin SIM-kortti lukitaan.","other":["Sinulla on jäljellä ",{"t":"idOrVar","v":"n"}," yritystä antaa oikea koodi, ennen kuin SIM-kortti lukitaan."],"two":["Sinulla on jäljellä ",{"t":"idOrVar","v":"n"}," yritystä antaa oikea koodi, ennen kuin SIM-kortti lukitaan."]},"$x":[{"t":"idOrVar","v":"plural"},"n"]},{"$i":"pinLastChanceMsg","$v":"Tämä on viimeinen mahdollisuutesi syöttää oikea PIN. Muussa tapauksessa sinun on annettava PUK-koodi käyttääksesi tätä SIM-korttia."},{"$i":"simCardLockedMsg","$v":"SIM-kortti on lukittu."},{"$i":"enterPukMsg","$v":"Sinun on syötettävä SIM-kortin PUK (Personal Unlocking Key). Katso lisätietoja SIM-korttisi dokumentaatiosta tai käänny operaattorisi puoleen."},{"$i":"pukErrorMsg","$v":"Virheellinen PUK."},{"$i":"pukAttemptMsg2","$v":{"few":["Sinulla on jäljellä ",{"t":"idOrVar","v":"n"}," yritystä antaa oikea koodi, ennen kuin tämä SIM-koodi poistuu pysyvästi käytöstä. Katso SIM-korttisi dokumentaatio tai ota yhteys operaattoriisi, jos haluat lisätietoja."],"many":["Sinulla on jäljellä ",{"t":"idOrVar","v":"n"}," yritystä antaa oikea koodi, ennen kuin tämä SIM-koodi poistuu pysyvästi käytöstä. Katso SIM-korttisi dokumentaatio tai ota yhteys operaattoriisi, jos haluat lisätietoja."],"one":"Voit yrittää vielä kerran antaa oikean koodin, ennen kuin tämä SIM-koodi poistuu pysyvästi käytöstä. Katso SIM-korttisi dokumentaatio tai ota yhteys operaattoriisi, jos haluat lisätietoja.","other":["Sinulla on jäljellä ",{"t":"idOrVar","v":"n"}," yritystä antaa oikea koodi, ennen kuin tämä SIM-koodi poistuu pysyvästi käytöstä. Katso SIM-korttisi dokumentaatio tai ota yhteys operaattoriisi, jos haluat lisätietoja."],"two":["Sinulla on jäljellä ",{"t":"idOrVar","v":"n"}," yritystä antaa oikea koodi, ennen kuin tämä SIM-koodi poistuu pysyvästi käytöstä. Katso SIM-korttisi dokumentaatio tai ota yhteys operaattoriisi, jos haluat lisätietoja."]},"$x":[{"t":"idOrVar","v":"plural"},"n"]},{"$i":"pukLastChanceMsg","$v":"Viimeinen mahdollisuus syöttää oikea PUK-koodi. SIM-korttisi poistuu pysyvästi käytöstä, jos annat väärän PUK-koodin. Katso lisätietoja SIM-korttisi dokumentaatiosta tai ota yhteys operaatoriisi."},{"$i":"cardPermanentlyLockMsg-head","$v":"Virheellinen PUK."},{"$i":"cardPermanentlyLockMsg-body","$v":"SIM-korttisi on pysyvästi lukittu. Pyydä lisätietoja operaattoriltasi."},{"$i":"newSimPinMsg","$v":"Luo PIN (oltava 4–8 merkkiä)"},{"$i":"confirmNewSimPinMsg","$v":"Vahvista uusi PIN"},{"$i":"newPinErrorMsg","$v":"PIN-koodit eivät täsmää."},{"$i":"nckErrorMsg","$v":"NCK-koodi on virheellinen."},{"$i":"nckAttemptMsg2","$v":{"few":["Verkon depersonointipyynnön virhe. Voit yrittää vielä ",{"t":"idOrVar","v":"n"}," kertaa antaa oikean koodin. Katso lisätietoa laitteen dokumentaatiosta tai pyydä lisätietoa operaattoriltasi."],"many":["Verkon depersonointipyynnön virhe. Voit yrittää vielä ",{"t":"idOrVar","v":"n"}," kertaa antaa oikean koodin. Katso lisätietoa laitteen dokumentaatiosta tai pyydä lisätietoa operaattoriltasi."],"one":"Verkon depersonointipyynnön virhe. Voit yrittää vielä kerran antaa oikean koodin. Katso lisätietoa laitteen dokumentaatiosta tai pyydä lisätietoa operaattoriltasi.","other":["Verkon depersonointipyynnön virhe. Voit yrittää vielä ",{"t":"idOrVar","v":"n"}," kertaa antaa oikean koodin. Katso lisätietoa laitteen dokumentaatiosta tai pyydä lisätietoa operaattoriltasi."],"two":["Verkon depersonointipyynnön virhe. Voit yrittää vielä ",{"t":"idOrVar","v":"n"}," kertaa antaa oikean koodin. Katso lisätietoa laitteen dokumentaatiosta tai pyydä lisätietoa operaattoriltasi."]},"$x":[{"t":"idOrVar","v":"plural"},"n"]},{"$i":"nckLastChanceMsg","$v":"Verkon depersonointipyynnön virhe. Voit yrittää viimeisen kerran antaa oikean NCK-koodin. Katso lisätietoa laitteen dokumentaatiosta tai pyydä lisätietoa operaattoriltasi."},{"$i":"sim-attention-header","$v":"SIM lukittu"},{"$i":"multiSIM-attention-header","$v":["SIM",{"t":"idOrVar","v":"n"}," lukittu"]},{"$i":"sim-attention-head","$v":"SIM-kortti on lukittu."},{"$i":"sim-attention-body","$v":"Haluatko antaa PUK-koodin SIM-kortin lukituksen poistoa varten?"},{"$i":"enter-puk-rsk","$v":"Anna PUK-koodi"},{"$i":"verify-rsk","$v":"Valmis"},{"$i":"activity-pick","$v":"Valitse kohteesta"},{"$i":"activity-view","$v":"Näytä sovelluksella"},{"$i":"activity-test","$v":"Testaa sovelluksella"},{"$i":"activity-share","$v":"Jaa"},{"$i":"activity-new","$v":"Luo sovelluksella"},{"$i":"activity-open","$v":"Avaa sovelluksella"},{"$i":"activity-save-bookmark","$v":"Kirjanmerkki kohteeseen"},{"$i":"activity-record","$v":"Äänitys kohteesta"},{"$i":"activity-browse","$v":"Selaa sovelluksella"},{"$i":"activity-configure","$v":"Määritä sovelluksella"},{"$i":"activity-dial","$v":"Soita kohteesta"},{"$i":"remoteDebuggerMessage","$v":"Havaittiin tuleva pyyntö etävirheenpoistoyhteyden sallimiseen. Sallitaanko yhteys?"},{"$i":"captive-wifi-available","$v":["Verkko ",{"t":"idOrVar","v":"networkName"}," löytyi. Liitytäänkö verkkoon?"]},{"$i":"ceWarningtitle","$v":"Äänenvoimakkuuden varoitus"},{"$i":"ceWarningcontent","$v":"Älä kuuntele kovaa ääntä pitkään, jotta kuulosi ei vaurioidu."},{"$i":"is-volume-type-notification","$v":"Soittoäänet ja hälytykset"},{"$i":"is-volume-type-telephony","$v":"Äänenvoim."},{"$i":"is-volume-type-alarm","$v":"Hälytys"},{"$i":"is-volume-type-content","$v":"Media"},{"$i":"kai-volume-type-notification","$v":"SOITTOÄÄNET JA HÄLYTYKSET"},{"$i":"kai-volume-type-telephony","$v":"ÄÄNENVOIMAKKUUS"},{"$i":"volume-type-alarm","$v":"Hälytys"},{"$i":"volume-type-content","$v":"Media"},{"$i":"vibrate-only","$v":"Pelkkä värinä"},{"$i":"silent","$v":"Äänetön"},{"$i":"vibrate-on","$v":"Värinä: päällä"},{"$i":"vibrate-off","$v":"Värinä: pois"},{"$i":"vibrate","$v":"Värinä"},{"$i":"kai-volume","$v":["Äänenvoim.:",{"t":"idOrVar","v":"n"},"/",{"t":"idOrVar","v":"c"}]},{"$i":"notification-powersaving-mode-on-title","$v":"Virransäästötila"},{"$i":"notification-powersaving-mode-on-description","$v":"Virransäästötila käytössä."},{"$i":"low-device-storage","$v":"Laitteen tila vähissä."},{"$i":"storage-alert","$v":"Tallennusvaroitus"},{"$i":"phone-almost-full","$v":"Puhelin melkein täynnä."},{"$i":"free-space","$v":{"few":["Alle ",{"t":"idOrVar","v":"value"}," ",{"t":"idOrVar","v":"unit"}," jäljellä."],"many":["Alle ",{"t":"idOrVar","v":"value"}," ",{"t":"idOrVar","v":"unit"}," jäljellä."],"one":["Alle ",{"t":"idOrVar","v":"value"}," ",{"t":"idOrVar","v":"unit"}," jäljellä."],"other":["Alle ",{"t":"idOrVar","v":"value"}," ",{"t":"idOrVar","v":"unit"}," jäljellä."],"two":["Alle ",{"t":"idOrVar","v":"value"}," ",{"t":"idOrVar","v":"unit"}," jäljellä."],"zero":"Ei vapaata tilaa jäljellä."},"$x":[{"t":"idOrVar","v":"plural"},"value"]},{"$i":"unknown-free-space","$v":"Tuntematon tila jäljellä."},{"$i":"can-delete-data-to-get-space","$v":"Voit poistaa mediatiedostoja tai hallita sovellustietoja, jos haluat lisää tilaa."},{"$i":"should-delete-data-to-get-space","$v":"Sinun on poistettava joitakin mediatiedostoja tai hallittava sovellustietoja saadaksesi lisää tilaa ennen kuin jatkat tämän laitteen käyttöä."},{"$i":"storage-full-level-1-title","$v":"Puhelin on lähes täynnä"},{"$i":"storage-full-level-2-title","$v":"Puhelimen tallennustila täynnä."},{"$i":"delete-to-get-space","$v":"Vapauta tilaa poistamalla mediatiedostoja, sovellustietoja tai ladattuja sovelluksia."},{"$i":"delete-to-get-space-level-2","$v":"Vapauta tilaa poistamalla mediatiedostoja, sovellustietoja tai ladattuja sovelluksia. Muussa tapauksessa puhelin ei toimi oikein."},{"$i":"system-alert","$v":"Järjestelmän varoitus"},{"$i":"cb-channel","$v":["Kanava ",{"t":"idOrVar","v":"channel"}]},{"$i":"cell-broadcast-subtitle","$v":"Solulähetys"},{"$i":"cb-etws-warningType-earthquake","$v":"Maanjäristysvaroitus!"},{"$i":"cb-etws-warningType-tsunami","$v":"Tsunamivaroitus!"},{"$i":"cb-etws-warningType-earthquake-tsunami","$v":"Maanjäristys-tsunamivaroitus!"},{"$i":"cb-etws-warningType-test","$v":"Hälytysjärjestelmää testataan."},{"$i":"cb-etws-warningType-other","$v":"Hätävaroitus!"},{"$i":"icc-message-maintitle","$v":"Operaattoriviesti"},{"$i":"icc-message-subtitle","$v":"SIM-kortti"},{"$i":"icc-confirmCall-defaultmessage","$v":["Soitetaanko numeroon ",{"t":"idOrVar","v":"number"},"?"]},{"$i":"icc-alertMessage-defaultmessage","$v":"Lähetetään viestiä"},{"$i":"icc-confirmMessage-defaultmessage","$v":"Lähetetäänkö viesti?"},{"$i":"icc-notification-title","$v":["SIM ",{"t":"idOrVar","v":"id"}," STK"]},{"$i":"icc-inputbox-maintitle","$v":"STK-kysely"},{"$i":"icc-inputbox-subtitle","$v":["SIM ",{"t":"idOrVar","v":"id"}]},{"$i":"emergency-callback-mode","$v":"Hätätakaisinsoittotila"},{"$i":"emergency-callback-message","$v":"Et voi soittaa puheluja, lähettää viestejä etkä siirtyä online-tilaan, koska hätätakaisinsoittotila on käytössä. Haluatko ottaa sen pois?"},{"$i":"cdma-record-info","$v":"CDMA-tietueen tiedot"},{"$i":"download_started","$v":"Lataus käynnistyi"},{"$i":"download_stopped","$v":"Lataus pysähtyi"},{"$i":"download_downloading","$v":[{"t":"idOrVar","v":"percentage"},"%"]},{"$i":"download_succeeded","$v":"Lataus valmis"},{"$i":"download_failed","$v":"Lataaminen epäonnistui"},{"$i":"update_succeeded","$v":"Päivitys valmis"},{"$i":"download_text_by_default","$v":[{"t":"idOrVar","v":"name"}]},{"$i":"phone-storage-full-title","$v":"Puhelimen tallennustila on täynnä"},{"$i":"phone-storage-full-warning","$v":"Tiedostoa ei voi ladata. Poista mediatiedostoja tai sovellustietoja vapauttaaksesi tilaa. Voit myös liittää SD-kortin laajentaaksesi median tallennustilaa."},{"$i":"sdcard-storage-full-title","$v":"SD-kortti on täynnä."},{"$i":"sdcard-storage-full-warning","$v":"Ei voi ladata tiedostoa. Poista tiedostoja SD-kortilta vapauttaaksesi tilaa."},{"$i":"opt-settings","$v":"Asetukset"},{"$i":"search-the-web","$v":"Haetaan verkosta"},{"$i":"search-or-enter-address","$v":"Hae tai anna osoite","placeholder":"Hae tai anna osoite"},{"$i":"search-or-enter-url","$v":"Hae tai anna URL","placeholder":"Hae tai anna URL"},{"$i":"back-button","ariaLabel":"Takaisin"},{"$i":"forward-button","ariaLabel":"Soitonsiirto"},{"$i":"reload-button","ariaLabel":"Lataa uudelleen"},{"$i":"stop-button","ariaLabel":"Lopeta"},{"$i":"windows-button","ariaLabel":"Näytä ikkunat"},{"$i":"noHotspotWhenAPMisOnWifiHotspot","$v":"Poista lentotila käytöstä, jotta voit käyttää WLAN-yhteyden jakoa."},{"$i":"apmActivated","$v":"Lentotila aktivoitu"},{"$i":"save-image","$v":"Tallenna kuva"},{"$i":"save-video","$v":"Tallenna video"},{"$i":"save-audio","$v":"Tallenna audio"},{"$i":"share-image","$v":"Jaa kuva"},{"$i":"share-video","$v":"Jaa video"},{"$i":"share-audio","$v":"Jaa audio"},{"$i":"kai-cancelButtonId","$v":"Peruuta"},{"$i":"kai-not-send","$v":"Älä lähetä"},{"$i":"kai-send-report","$v":"Lähetä raportti"},{"$i":"refresh","$v":"Päivitä"},{"$i":"goBack","$v":"Siirry taaksepäin"},{"$i":"goForward","$v":"Siirry eteenpäin"},{"$i":"goToTopSites","$v":"Siirry suosikkisivustoihin"},{"$i":"pinToTopSites","$v":"Kiinnitä suosikkisivustoihin"},{"$i":"pinToAllApps","$v":"Kiinnitä Kaikkiin sovelluksiin"},{"$i":"pinToAppsMenu","$v":"Kiinnitä Sovellukset-valikkoon"},{"$i":"viewMessages","$v":"Näytä viestit"},{"$i":"downloadImage","$v":"Lataa kuva"},{"$i":"quit","$v":"Lopeta"},{"$i":"minimizeBrowser","$v":"Pienennä selain"},{"$i":"pinSiteCompletely","$v":"Tämä sivusto on kiinnitetty suosikkisivustoihin."},{"$i":"siteWasPinnedBefore","$v":"Tämä sivusto kiinnitettiin suosikkisivustoihin jo aiemmin."},{"$i":"pinnedSitesOverLimit","$v":"Olet saavuttanut kiinnitettyjen verkkosivujen enimmäismäärän."},{"$i":"pressBackAgainToQuitBrowser","$v":"Poistu selaimesta valitsemalla EDELLINEN."},{"$i":"pressBackAgainToMinimizeBrowser","$v":"Minimoi selain painamalla EDELLINEN."},{"$i":"pinSiteToAllAppsCompletely","$v":"Tämä verkkosivusto on kiinnitetty Kaikkiin sovelluksiin."},{"$i":"pinSiteToAppsMenuCompletely","$v":"Tämä verkkosivusto on kiinnitetty Sovellukset-valikkoon."},{"$i":"siteWasPinnedToAllAppsBefore","$v":"Tämä verkkosivusto kiinnitettiin aikaisemmin Kaikkiin sovelluksiin."},{"$i":"siteWasPinnedToAppsMenuBefore","$v":"Tämä verkkosivusto kiinnitettiin aikaisemmin Sovellukset-valikkoon."},{"$i":"ext-bluetooth-req","$v":"Pariliitospyyntö"},{"$i":"ext-unknown","$v":"TUNTEMATON"},{"$i":"ext-new-message","$v":"Uusi viesti"},{"$i":"ext-new-mail","$v":"Uusi sähköpostiviesti"},{"$i":"ext-calendar-event","$v":"Kalenteritapahtuma"},{"$i":"ext-new-notification","$v":"Uudet ilmoitukset"},{"$i":"incoming","$v":"Saapuvat"},{"$i":"ext-volume-notification","$v":"Soittoäänet ja ilmoitukset"},{"$i":"ext-volume-content","$v":"Media"},{"$i":"ext-volume-alarm","$v":"Hälytys"},{"$i":"ext-new-cmas","$v":"Hätäpuhelu"},{"$i":"phone-storage-full-body","$v":"Puhelun tallennus pysähtyi. Poista mediatiedostoja tai sovellustietoja vapauttaaksesi tilaa."},{"$i":"sd-card-full-title","$v":"SD-kortti on täynnä."},{"$i":"sd-card-full-body","$v":"Puhelun tallennus pysähtyi. Poista tiedostoja SD-kortilta vapauttaaksesi tilaa."},{"$i":"supl-notification-title","$v":"Sijaintipyyntö"},{"$i":"supl-notification-message","$v":"Sijaintitietosi välitetään operaattorille."},{"$i":"supl-verification-title","$v":"Sijaintipyyntö"},{"$i":"supl-verification-message","$v":"Operaattorisi pyytää sijaintiasi. Haluatko antaa sijaintitietosi operaattorille?"},{"$i":"supl-verification-message-for-notification","$v":"Vahvista napsauttamalla tästä"},{"$i":"supl-verification-confirm","$v":"Kyllä"},{"$i":"supl-verification-cancel","$v":"Ei"},{"$i":"supl-more-message","$v":["Viesti: ",{"t":"idOrVar","v":"id"}," (",{"t":"idOrVar","v":"message"},")"]},{"$i":"confirmPbapMsg","$v":[{"t":"idOrVar","v":"deviceId"}," haluaa päästä käsiksi yhteystietoihisi ja puheluhistoriaasi. Hyväksytäänkö?"]},{"$i":"confirmTitle","$v":"Bluetooth-pyyntö"},{"$i":"initialValue","$v":"Anna istuntoavain"},{"$i":"confirmMapMsg","$v":[{"t":"idOrVar","v":"deviceId"}," haluaa käyttää viestejäsi. Hyväksytkö?"]},{"$i":"wifiCallErrorMsg","$v":["WLAN-puheluvirhe: ",{"t":"idOrVar","v":"error"}]},{"$i":"wifiCallMissEccTitle","$v":[{"t":"idOrVar","v":"operator"}," WiFi Calling"]},{"$i":"wifiCallMissEccMsg","$v":"Emergency calls in areas with cellular coverage only"},{"$i":"battery-full-title","$v":"Akku täynnä"},{"$i":"battery-full-body","$v":"Akku on ladattu täyteen."},{"$i":"sim-config-title","$v":"kokoonpano"},{"$i":"sim-config-content-init","$v":["Paina ALOITA määrittääksesi puhelimesi ",{"t":"idOrVar","v":"carrier"},"-operaattoria varten."]},{"$i":"sim-config-content-change","$v":["Haluatko määrittää puhelimesi ",{"t":"idOrVar","v":"carrier"},"-operaattorille?"]},{"$i":"sim-config-content-line1","$v":"Hyvin tehty!"},{"$i":"sim-config-content-restart","$v":"Käynnistä puhelin uudelleen muutosten ottamiseksi käyttöön."},{"$i":"sim-config-content-finish","$v":"Paina OK lopettaaksesi."},{"$i":"sim-config-content-failed","$v":[{"t":"idOrVar","v":"carrier"},"-operaattorin profiilia ei löydy."]},{"$i":"sim-config-button-restart","$v":"Käynnistä uudell."},{"$i":"sim-config-button-begin","$v":"Alkaa"},{"$i":"open-wifi-available","$v":"Avaa käytettävissä olevat WLAN-verkot"},{"$i":"wifi-available","$v":"Käytettävissä olevat WLAN-verkot"},{"$i":"wifi-no-internet-title","$v":"Wifi-verkolla ei ole yhteyttä internetiin"},{"$i":"wifi-no-internet-body","$v":"Tap for options"},{"$i":"wifi-no-internet-header","$v":"WLAN"},{"$i":"wifi-no-internet-content","$v":[{"t":"idOrVar","v":"name"}," ei voi muodostaa yhteyttä internetiin. Jatketaanko katkaisematta yhteyttä?"]},{"$i":"ellipses_char","$v":"…"},{"$i":"fota-title-attention","$v":"Huomio"},{"$i":"fota-upgrade-success","$v":["Laiteohjelmiston päivitys onnistui, laitteesi versio on nyt ",{"t":"idOrVar","v":"target"},"."]},{"$i":"fota-upgrade-failed","$v":"Päivitys epäonnistui, edellinen versio palautettu."},{"$i":"fota-title-software-update","$v":"Ohjelmistopäivitys"},{"$i":"fota-message-software-update-available","$v":"Ohjelmistopäivitys saatavilla."},{"$i":"fota-message-software-download-failed","$v":"Ohjelmistopäivityksen lataaminen epäonnistui."},{"$i":"fota-message-software-download-complete","$v":"Ohjelmiston päivityksen lataaminen valmis."},{"$i":"network-issue-title","$v":"Verkkovirhe"},{"$i":"network-issue-detail","$v":"Tarkista yhteys."},{"$i":"device-issue-title","$v":"Asenna virhe"},{"$i":"device-issue-detail","$v":"Tapahtui tuntematon virhe."},{"$i":"device-issue-update-title","$v":"Päivitysvirhe"},{"$i":"install-generic-error","$v":"Lataus pysähtyi."},{"$i":"account-authenticator-invaild-grant-notice-title","$v":"Tilin virhe"},{"$i":"account-authenticator-invaild-grant-notice-text","$v":"Kirjaudu uudelleen"},{"$i":"account-authenticator-no-network-error","$v":"Ei internetyhteyttä."},{"$i":"account-authenticator-access-denied-error","$v":"Tapahtui tuntematon virhe."},{"$i":"qtn_els_alert_high_vol","$v":"Korkean äänenvoimakkuuden ilmoitus"},{"$i":"qtn_els_alert_in_call","$v":"Saapuva puhelu"},{"$i":"GetEmptyUssdPrompt","$v":"Null-vastaus vastaanotettu."},{"$i":"message-sent","$v":"Viesti lähetetty"},{"$i":"send","$v":"Lähetä"},{"$i":"confirmation","$v":"Vahvistus"},{"$i":"kaistore-notice-title","$v":"KaiStore"},{"$i":"kaistore-notice-content","$v":"See what’s in store."},{"$i":"feedback-dialogview-header","$v":"Palaute"},{"$i":"feedback-dialogview-message","$v":"HMD Global arvostaa mielipiteitäsi. Kerro meille, mitä ajattelet uudesta puhelimestasi. Jos haluat vastata tähän kyselyyn myöhemmin, löydät sen Asetukset-kohdasta."},{"$i":"dataConnection-off","$v":"Poistetaanko mobiilidata käytöstä?"},{"$i":"dataConnection-off-content","$v":"Et voi käyttää sovelluksia tai palveluita, jotka edellyttävät datayhteyttä, ellet käytä Wi-Fi-verkkoa."},{"$i":"turn-off-location","$v":"Poistetaanko sijaintipalvelu käytöstä?"},{"$i":"turn-off-location-content","$v":"Geolokaatiopalvelu ei ole käytettävissä, jos otat tämän palvelun pois käytöstä. Mobiilidatasta saatetaan silti veloittaa, jos pidät tämän käytössä."},{"$i":"firefox-accounts-title","$v":"KaiOS-tilit"},{"$i":"firefox-accounts-title-sign-in","$v":"Kirjaudu"},{"$i":"firefox-accounts-title-create-account","$v":"Luo tili"},{"$i":"kaios-accounts-title-about-kaios-account","$v":"Tietoja KaiOS-tilistä"},{"$i":"kaios-accounts-phone-verification","$v":"Puhelinnumeron vahvistus"},{"$i":"kaios-accounts-title-account-info","$v":"Tilin tiedot"},{"$i":"fxa-next","$v":"Seuraava"},{"$i":"fxa-back","$v":"Takaisin"},{"$i":"fxa-done","$v":"Valmis"},{"$i":"fxa-ok","$v":"OK"},{"$i":"kai-verification-mail-has-been-sent","$v":"Vahvistuslinkki on lähetetty osoitteeseen"},{"$i":"fxa-decline","$v":"Kieltäydy"},{"$i":"fxa-accept","$v":"Hyväksy"},{"$i":"fxa-sining-in","$v":"Kirjaudutaan sisään..."},{"$i":"not-now","$v":"Ei nyt"},{"$i":"send-sms","$v":"Lähetä tekstiviesti"},{"$i":"resend-sms","$v":"Lähetä tekstiviesti uudelleen"},{"$i":"fxa-connection-error-title","$v":"Yhteyden luonti ei onnistu"},{"$i":"fxa-connection-error-message","$v":"Voit luoda tilin tai kirjautua sisään Asetuksista."},{"$i":"fxa-reset-password-error-title","$v":"Nollaa salasana"},{"$i":"fxa-reset-password-error-message","$v":"Voit palauttaa salasanasi Asetuksista."},{"$i":"fxa-incorrect-email-address-or-password","$v":"fxa incorrect email address or password"},{"$i":"fxa-internet-connection-is-required","$v":"internet-yhteys tarvitaan"},{"$i":"fxa-server-error","$v":"Palvelinvirhe, yritä uudelleen myöhemmin"},{"$i":"fxa-server-error-2","$v":"Virhe"},{"$i":"fxa-server-error-message","$v":"Tilin luonti ei onnistu. Yritä myöhemmin uudelleen."},{"$i":"fxa-server-error-message-2","$v":"Palvelin ei ole käytettävissä. Yritä myöhemmin uudelleen."},{"$i":"fxa-offline-error-title","$v":"Yhteyden luonti ei onnistu"},{"$i":"fxa-offline-error-message","$v":"Yhdistä verkkoon Asetuksista."},{"$i":"fxa-offline-error-message-1","$v":"Ei internetyhteyttä."},{"$i":"fxa-invalid-email-title","$v":"Virhe"},{"$i":"fxa-invalid-email-message","$v":"Anna hyväksyttävä s-posti."},{"$i":"fxa-invalid-password-title","$v":"Virhe"},{"$i":"fxa-invalid-password-message","$v":"Virheellinen sähköpostiosoite tai salasana"},{"$i":"fxa-invalid-password-message-1","$v":"Virheellinen salasana."},{"$i":"fxa-unknown-error-title","$v":"Yhteyden luonti ei onnistu"},{"$i":"fxa-unknown-error-message","$v":"Järjestelmä ei ole käytettävissä. Yritä uudelleen myöhemmin."},{"$i":"fxa-email-is-taken-title","$v":"Virhe"},{"$i":"fxa-email-is-taken-message","$v":"Tälle sähköpostiosoitteelle on jo tili. Kirjaudu sisään tiliisi."},{"$i":"fxa-confirm-age-title","$v":"Virhe"},{"$i":"fxa-confirm-age-message","$v":"Vahvista, että olet yli 13-vuotias."},{"$i":"fxa-account-does-not-exist","$v":"Virhe"},{"$i":"fxa-account-does-not-exist-message","$v":"Virheellinen sähköpostiosoite tai salasana"},{"$i":"fxa-account-does-not-exist-message-1","$v":"Account does not exist."},{"$i":"fxa-password-dont-match","$v":"Virhe"},{"$i":"fxa-password-dont-match-message","$v":"Salasanat eivät täsmää."},{"$i":"fxa-password-less","$v":"Virhe"},{"$i":"fxa-password-less-message","$v":"Salasanassa on alle 8 merkkiä."},{"$i":"fxa-password-less-message-1","$v":"Salasanassa on alle 8 merkkiä."},{"$i":"fxa-password-more","$v":"Virhe"},{"$i":"fxa-password-more-message","$v":"Salasanassa on yli 20 merkkiä."},{"$i":"fxa-password-more-message-1","$v":"Salasanassa on yli 20 merkkiä."},{"$i":"fxa-password-error","$v":"Virhe"},{"$i":"fxa-password-error-message","$v":"Salasanassa on oltava 8-20 merkkiä, kirjaimia ja numeroita."},{"$i":"fxa-connecting","$v":"Yhdistetään"},{"$i":"fxa-enter-phone-number-message","$v":"Anna puhelinnumerosi. Tekstiviesti lähetetään ja automaattinen vahvistus alkaa."},{"$i":"fxa-sms-has-been-sent-message","$v":"Tekstiviesti on lähetetty. Kun saat sen, automaattinen vahvistus alkaa. Odota."},{"$i":"fxa-time-remaining","$v":"Aikaa jäljellä:"},{"$i":"fxa-sms-verification-failed-message","$v":"Tekstiviestivahvistus epäonnistui. Tarkista puhelinnumero ja yritä uudelleen valitsemalla Lähetä tekstiviesti uudelleen."},{"$i":"fxa-phone-number-label","$v":"Puhelinnumero"},{"$i":"fxa-enter-your-infomation","$v":"Anna tietosi."},{"$i":"fxa-birthday-label","$v":"Syntymäpäivä"},{"$i":"fxa-birthday-select","$v":"Valitse"},{"$i":"fxa-gender-label","$v":"Sukupuoli"},{"$i":"fxa-gender-select","$v":"Valitse"},{"$i":"fxa-gender-male","$v":"Mies"},{"$i":"fxa-gender-female","$v":"Nainen"},{"$i":"fxa-gender-confidential","$v":"Luottamuksellinen"},{"$i":"fxa-enter-email-input","placeholder":"Anna sähköpostiosoitteesi"},{"$i":"fxa-use-email-to-sign-in","$v":"Anna sähköpostiosoitteesi. Sähköpostisi on tilisi nimi."},{"$i":"fxa-notice","$v":["Jatkamalla hyväksyn KaiOS-pilvipalvelujen ",{"t":"idOrVar","v":"tos"}," ja ",{"t":"idOrVar","v":"pn"},"."]},{"$i":"fxa-placeholder","$v":"Sähköpostisi tähän"},{"$i":"fxa-tos","$v":"Käyttöehdot"},{"$i":"fxa-pn","$v":"Yksityisyydensuojailmoitus"},{"$i":"fxa-create-account-title","$v":"Luo tili"},{"$i":"fxa-show-age-title","$v":"Olen yli 13-vuotias"},{"$i":"fxa-enter-password-title","$v":"Anna salasana. Salasanassasi on oltava 8–20 merkkiä, kirjaimia ja numeroita."},{"$i":"fxa-enter-password-title-1","$v":"Anna salasana. Salasanassa on oltava 8–20 merkkiä, joiden joukossa on oltava kirjaimia ja numeroita."},{"$i":"fxa-setup-password-title","$v":"Määritä salasana"},{"$i":"fxa-create-password-title","$v":"Luo salasana"},{"$i":"fxa-hello-user","$v":["Hei ",{"t":"idOrVar","v":"email"}]},{"$i":"fxa-password-refresh","$v":"Anna KaiOS-tilisi salasana, jotta voit jatkaa."},{"$i":"fxa-password","$v":"Salasana","placeholder":"Salasana"},{"$i":"fxa-forgot-your-password","$v":"Unohditko salasanasi?"},{"$i":"fxa-show-password","$v":"Näytä salasana"},{"$i":"fxa-password-length-requirement","$v":"Salasanassasi on oltava vähintään 8 merkkiä."},{"$i":"fxa-confirm-account","$v":"Vahvista tilisi"},{"$i":"fxa-will-send-email","$v":"Tilisi on luotu."},{"$i":"fxa-signup-click-verification-link-in-email","$v":["Olemme lähettäneet vahvistussähköpostin osoitteeseen ",{"t":"idOrVar","v":"email"},". Tarkasta sähköpostisi ja tarkista ja aktivoi tilisi."]},{"$i":"fxa-access-manage-account-settings","$v":"Aktivointilinkki erääntyy 24 tunnin kuluttua."},{"$i":"fxa-signup-success-title","$v":"Tili luotu"},{"$i":"about-kaios-account-text","$v":"Lorem ipsum dolor sit amet, con-sectetur adipiscing elit, sed do eiusmod tempor incididunt ut labore et dolore magna aliqua. Ut enim ad minim veniam, quis nos-trud exercitation ullamco laboris nisi ut aliquip ex ea commodo consequat. Duis aute irure dolor in reprehenderit in voluptate velit esse cillum dolore eu fugiat nulla pariatur. Excepteur sint occaecat cupidatat non proident, sunt in culpa qui officia deserunt mollit anim id est laborum."},{"$i":"about-kaios-account-text1","$v":"KaiOS-tili mahdollistaa KaiOS-palvelujen todentamisen. Tili tunnistaa käyttäjän ja laitteen ja sallii pääsyn toimintoihin, kuten laitteiden etähallintaan ja lisäpalveluihin."},{"$i":"about-kaios-account-text2","$v":"Tilin luonti edellyttää sähköpostiosoitetta ja salasanaa. Käyttäjän on vahvistettava sähköpostiosoite tilin luonnin aikana lähetetyn sähköpostilinkin kautta. Tiliä ei aktivoida ennen sähköpostiosoitteen vahvistusta."},{"$i":"about-kaios-account-text3","$v":"Jatkamalla tilin luontia hyväksyt ehdot ja yksityisyyskäytännöt."},{"$i":"fxa-signin-email","$v":"Tilin nimi"},{"$i":"fxa-signin-password","$v":"Salasana"},{"$i":"fxa-signin-success-title","$v":"Tilisi"},{"$i":"fxa-signin-lsk","$v":"Unohtunut salasana"},{"$i":"fxa-signin-rsk","$v":"Kirjaudu"},{"$i":"fxa-change-password-title","$v":"Vaihda salasana"},{"$i":"fxa-change-password-description","$v":"Anna nykyinen salasanasi ja aseta uusi salasana."},{"$i":"fxa-new-password","$v":"Uusi salasana"},{"$i":"fxa-changing-password","$v":"Vaihdetaan salasanaa…"},{"$i":"fxa-forgot-password-title","$v":"Unohtunut salasana"},{"$i":"fxa-forgot-password","$v":"unohtunut salasana"},{"$i":"fxa-forgot-password-sk","$v":"Salasana unohtui"},{"$i":"fxa-forgot-password-success-title","$v":"Nollaa salasana -sähköposti lähetetty"},{"$i":"fxa-reset-password-succcess-content","$v":"Sähköpostitiliisi on lähetetty sähköposti salasanasi palauttamiseksi."},{"$i":"fxa-reset-password-succcess-content-part2","$v":"Tarkista sähköpostisi ja palauta salasanasi."},{"$i":"fxa-sign-out-title","$v":"Varkaudenesto on käytössä"},{"$i":"fxa-sign-out-intro","$v":"vahvista, että haluat ottaa varkaudeneston pois ja kirjautua ulos."},{"$i":"fxa-sign-out-intro-1","$v":"Vahvista, että haluat ottaa varkaudeneston pois käytöstä ja kirjautua ulos."},{"$i":"fxa-signout-email","$v":"Tilisi"},{"$i":"fxa-confirm-password","$v":"Vahvista salasana"},{"$i":"fxa-signing-out","$v":"Kirjaudutaan ulos..."},{"$i":"fxa-sign-out-error-title","$v":"Virhe"},{"$i":"fxa-sign-out-error-message","$v":"Uloskirjautuminen tililtä ei onnistunut. Yritä uudelleen myöhemmin"},{"$i":"fxa-sign-out-error-message-1","$v":"Uloskirjautuminen tililtä ei onnistunut. Yritä myöhemmin uudelleen."},{"$i":"fxa-connection-is-required-title","$v":"Virhe"},{"$i":"fxa-connection-is-required-message","$v":"Internet-yhteys tarvitaan"},{"$i":"fxa-check-password-title","$v":"Ota varkaudenesto käytöstä"},{"$i":"fxa-disable-antitheft-checkpassword-message","$v":"vahvista, että haluat ottaa varkaudeneston pois käytöstä."},{"$i":"fxa-reset-factory-checkpassword-message","$v":"Nollaa laitteesi antamalla salasanasi ja ottamalla varkaudenesto käytöstä."},{"$i":"fxa-reset-factory-checkpassword-message-1","$v":"Nollaa laite antamalla salasanasi ja ottamalla varkaudenesto pois käytöstä."},{"$i":"fxa-enter-email-to-reset-password","$v":"Anna tilisähköpostisi. Me lähetämme sinulle linkin, jolla voit nollata salasanan."},{"$i":"fxa-enter-email-to-reset-password-1","$v":"Anna tilisi sähköpostiosoite. Lähetämme sinulle linkin, jolla voit nollata salasanan."},{"$i":"fxa-account-not-found","$v":"Tiliä ei löydy. Yritä uudelleen."},{"$i":"fxa-multiple-sign-in-attempts-title","$v":"Useita sisäänkirjautumisyrityksiä"},{"$i":"fxa-multiple-sign-in-attempts-content","$v":"Olet antanut väärän salasanan useita kertoja"},{"$i":"fxa-multiple-sign-in-attempts-content-1","$v":"Olet antanut väärän salasanan useita kertoja."},{"$i":"fxa-multiple-sign-in-attempts-content-retry","$v":"Yritä uudelleen myöhemmin"},{"$i":"shortDateFormat","$v":"%B %d, %Y"},{"$i":"network-error-in-app","$v":"Ei Internet-yhteyttä juuri nyt."},{"$i":"network-error-launching","$v":[{"t":"idOrVar","v":"name"}," tarvitsee Internet-yhteyden."]},{"$i":"network-error-launching-title","$v":"Ei Internet-yhteyttä"},{"$i":"network-error-launching-message","$v":"Käytä WLANia tai mobiilidataa Internet-yhteyteen."},{"$i":"server-not-found","$v":"Palvelinta ei löytynyt"},{"$i":"server-not-found-error","$v":["Palvelinta ei löydy kohteesta ",{"t":"idOrVar","v":"name"},"."]},{"$i":"file-not-found","$v":"Tiedostoa ei löytynyt"},{"$i":"file-not-found-error","$v":"Laite ei voi näyttää tätä sivua, koska tiedostoa ei löydy."},{"$i":"connection-failed","$v":"Yhteyden luonti ei onnistu"},{"$i":"connection-failed-error","$v":"Tapahtui verkkovirhe yritettäessä päästä sivustolle."},{"$i":"invalid-connection","$v":"Yhteyden luonti ei onnistu"},{"$i":"invalid-connection-error","$v":"Tapahtui verkkovirhe yritettäessä päästä sivustolle."},{"$i":"malformed-uri","$v":"URL ei kelpaa"},{"$i":"malformed-uri-error","$v":"Antamasi URL ei kelpaa, eikä sitä voida ladata."},{"$i":"redirect-loop","$v":"Sivua ei voida näyttää"},{"$i":"redirect-loop-error","$v":"Laite ei voi näyttää tätä sivua, koska sivu ei ohjaa oikein eteenpäin. Yritä tätä sivua myöhemmin uudestaan."},{"$i":"not-cached","$v":"Sivu erääntyi"},{"$i":"not-cached-error","$v":"Turvallisuusvarotoimena laite ei voi näyttää tätä sivua, koska se on erääntynyt."},{"$i":"is-printing","$v":"Pääsy evätty"},{"$i":"is-printing-error","$v":"Asiakirjaa ei voida muokata tulostuksen tai tulostuksen esikatselun aikana."},{"$i":"denied-port-access","$v":"Osoite rajoitettu"},{"$i":"denied-port-access-error","$v":"Tämä osoite käyttää verkkoporttia, jota käytetään yleensä muihin tarkoituksiin kuin verkon selailuun. Laite on perunut pyynnön sinua suojellakseen."},{"$i":"proxy-resolve-failure","$v":"Välimuistipalvelimen virhe"},{"$i":"proxy-resolve-failure-error","$v":"Laite on määritetty käyttämään välimuistipalvelinta, jota ei löydy."},{"$i":"proxy-connect-failure","$v":"Välimuistipalvelimen virhe"},{"$i":"proxy-connect-failure-error","$v":"Laite on määritetty käyttämään välimuistipalvelinta, joka torjuu yhteydet."},{"$i":"content-encoding","$v":"Sivua ei voida näyttää"},{"$i":"content-encoding-error","$v":"Laite ei voi näyttää tätä sivua sisällön koodausvirheen vuoksi."},{"$i":"remote-xul","$v":"Sivua ei tueta"},{"$i":"remote-xul-error","$v":"Tätä sivua ei voida näyttää, koska laite ei tue sen käyttämää teknologiaa."},{"$i":"phishing-blocked","$v":"Varoitus"},{"$i":"phishing-blocked-error","$v":"Sivusto on raportoitu verkkopetossivustoksi, joka yrittää huijata käyttäjiä jakamaan henkilökohtaisia tai taloudellisia tietoja."},{"$i":"malware-blocked","$v":"Haittaohjelmahyökkäys estetty"},{"$i":"malware-blocked-error","$v":"Sivusto on raportoitu hyökkäyssivustoksi. Laite on estänyt pyynnön suojellakseen sinua."},{"$i":"unsafe-content-type","$v":"Epäluotettava sisältö"},{"$i":"unsafe-content-type-error","$v":"Sivua ei voida näyttää, koska sen avaaminen ei ehkä ole turvallista."},{"$i":"corrupted-content","$v":"Yhteyden luonti ei onnistu"},{"$i":"corrupted-content-error","$v":"Sivua ei voida näyttää, koska tiedonsiirrossa havaittiin virhe."},{"$i":"unknown-protocol-found","$v":"Sivua ei tueta"},{"$i":"unknown-protocol-found-error","$v":"Sivua ei voida näyttää, koska laite ei tue sen käyttämää teknologiaa."},{"$i":"try-again","$v":"Yritä uudelleen"},{"$i":"check-settings","$v":"Tarkista asetukset"},{"$i":"brandShortName","$v":"KaiOS"},{"$i":"browserBrandShortName","$v":"Web Browser"},{"$i":"browserBrandFullName","$v":"Mozilla Web Browser"},{"$i":"ringtoneBrandName","$v":"Default"},{"$i":"ringtoneSectionBrandName","$v":"System"},{"$i":"accessibility-enableScreenReaderSteps","$v":"To enable screen reader, press the volume up and then volume down buttons three more times"},{"$i":"accessibility-disableScreenReaderSteps","$v":"To disable screen reader, press the volume up and then volume down buttons three more times"},{"$i":"accessibility-screenReaderStarted","$v":"Screen reader started"},{"$i":"accessibility-screenReaderStopped","$v":"Screen reader stopped"},{"$i":"accessibility-menubar","$v":"menu bar"},{"$i":"accessibility-scrollbar","$v":"scroll bar"},{"$i":"accessibility-grip","$v":"grip"},{"$i":"accessibility-alert","$v":"alert"},{"$i":"accessibility-menupopup","$v":"menu popup"},{"$i":"accessibility-document","$v":"document"},{"$i":"accessibility-pane","$v":"pane"},{"$i":"accessibility-dialog","$v":"dialogue"},{"$i":"accessibility-separator","$v":"separator"},{"$i":"accessibility-toolbar","$v":"toolbar"},{"$i":"accessibility-statusbar","$v":"status bar"},{"$i":"accessibility-table","$v":"table"},{"$i":"accessibility-columnheader","$v":"column header"},{"$i":"accessibility-rowheader","$v":"row header"},{"$i":"accessibility-column","$v":"column"},{"$i":"accessibility-row","$v":"row"},{"$i":"accessibility-cell","$v":"cell"},{"$i":"accessibility-link","$v":"link"},{"$i":"accessibility-list","$v":"list"},{"$i":"accessibility-listitem","$v":"list item"},{"$i":"accessibility-outline","$v":"outline"},{"$i":"accessibility-outlineitem","$v":"outline item"},{"$i":"accessibility-pagetab","$v":"tab"},{"$i":"accessibility-propertypage","$v":"property page"},{"$i":"accessibility-graphic","$v":"graphic"},{"$i":"accessibility-pushbutton","$v":"button"},{"$i":"accessibility-checkbutton","$v":"check button"},{"$i":"accessibility-radiobutton","$v":"radio button"},{"$i":"accessibility-combobox","$v":"combo box"},{"$i":"accessibility-progressbar","$v":"progress bar"},{"$i":"accessibility-slider","$v":"slider"},{"$i":"accessibility-spinbutton","$v":"spin button"},{"$i":"accessibility-diagram","$v":"diagram"},{"$i":"accessibility-animation","$v":"animation"},{"$i":"accessibility-equation","$v":"equation"},{"$i":"accessibility-buttonmenu","$v":"button menu"},{"$i":"accessibility-whitespace","$v":"white space"},{"$i":"accessibility-pagetablist","$v":"tab list"},{"$i":"accessibility-canvas","$v":"canvas"},{"$i":"accessibility-checkmenuitem","$v":"Valitse valikkokohde"},{"$i":"accessibility-label","$v":"label"},{"$i":"accessibility-passwordtext","$v":"password text"},{"$i":"accessibility-radiomenuitem","$v":"radiovalikkokohde"},{"$i":"accessibility-textcontainer","$v":"text container"},{"$i":"accessibility-togglebutton","$v":"toggle button"},{"$i":"accessibility-treetable","$v":"tree table"},{"$i":"accessibility-header","$v":"header"},{"$i":"accessibility-footer","$v":"footer"},{"$i":"accessibility-paragraph","$v":"paragraph"},{"$i":"accessibility-entry","$v":"entry"},{"$i":"accessibility-caption","$v":"caption"},{"$i":"accessibility-heading","$v":"heading"},{"$i":"accessibility-section","$v":"section"},{"$i":"accessibility-form","$v":"form"},{"$i":"accessibility-comboboxlist","$v":"combo box list"},{"$i":"accessibility-comboboxoption","$v":"combo box option"},{"$i":"accessibility-imagemap","$v":"image map"},{"$i":"accessibility-listboxoption","$v":"option"},{"$i":"accessibility-listbox","$v":"list box"},{"$i":"accessibility-flatequation","$v":"flat equation"},{"$i":"accessibility-gridcell","$v":"gridcell"},{"$i":"accessibility-note","$v":"note"},{"$i":"accessibility-figure","$v":"figure"},{"$i":"accessibility-definitionlist","$v":"definition list"},{"$i":"accessibility-term","$v":"term"},{"$i":"accessibility-definition","$v":"definition"},{"$i":"accessibility-textarea","$v":"text area"},{"$i":"accessibility-textInputType_date","$v":"date"},{"$i":"accessibility-textInputType_email","$v":"e-mail"},{"$i":"accessibility-textInputType_search","$v":"search"},{"$i":"accessibility-textInputType_tel","$v":"telephone"},{"$i":"accessibility-textInputType_url","$v":"URL"},{"$i":"accessibility-headingLevel","$v":["heading level ",{"t":"idOrVar","v":"0"}]},{"$i":"accessibility-listStart","$v":"First item"},{"$i":"accessibility-listEnd","$v":"Last item"},{"$i":"accessibility-listItemsCount","$v":{"few":[{"t":"idOrVar","v":"count"}," items"],"many":[{"t":"idOrVar","v":"count"}," items"],"one":[{"t":"idOrVar","v":"count"}," item"],"other":[{"t":"idOrVar","v":"count"}," items"],"two":[{"t":"idOrVar","v":"count"}," items"],"zero":[{"t":"idOrVar","v":"count"}," items"]},"$x":[{"t":"idOrVar","v":"plural"},"count"]},{"$i":"accessibility-objItemOfN","$v":[{"t":"idOrVar","v":"0"}," of ",{"t":"idOrVar","v":"1"}]},{"$i":"accessibility-banner","$v":"banner"},{"$i":"accessibility-complementary","$v":"complementary"},{"$i":"accessibility-contentinfo","$v":"content info"},{"$i":"accessibility-main","$v":"main"},{"$i":"accessibility-navigation","$v":"navigation"},{"$i":"accessibility-search","$v":"search"},{"$i":"accessibility-tblColumnInfo","$v":{"few":["with ",{"t":"idOrVar","v":"count"}," columns"],"many":["with ",{"t":"idOrVar","v":"count"}," columns"],"one":["with ",{"t":"idOrVar","v":"count"}," column"],"other":["with ",{"t":"idOrVar","v":"count"}," columns"],"two":["with ",{"t":"idOrVar","v":"count"}," columns"],"zero":["with ",{"t":"idOrVar","v":"count"}," columns"]},"$x":[{"t":"idOrVar","v":"plural"},"count"]},{"$i":"accessibility-tblRowInfo","$v":{"few":["and ",{"t":"idOrVar","v":"count"}," rows"],"many":["and ",{"t":"idOrVar","v":"count"}," rows"],"one":["and ",{"t":"idOrVar","v":"count"}," row"],"other":["and ",{"t":"idOrVar","v":"count"}," rows"],"two":["and ",{"t":"idOrVar","v":"count"}," rows"],"zero":["and ",{"t":"idOrVar","v":"count"}," rows"]},"$x":[{"t":"idOrVar","v":"plural"},"count"]},{"$i":"accessibility-columnInfo","$v":["Column ",{"t":"idOrVar","v":"0"}]},{"$i":"accessibility-rowInfo","$v":["Row ",{"t":"idOrVar","v":"0"}]},{"$i":"accessibility-spansColumns","$v":{"few":["spans ",{"t":"idOrVar","v":"0"}," columns"],"many":["spans ",{"t":"idOrVar","v":"0"}," columns"],"one":["spans ",{"t":"idOrVar","v":"0"}," column"],"other":["spans ",{"t":"idOrVar","v":"0"}," columns"],"two":["spans ",{"t":"idOrVar","v":"0"}," columns"],"zero":["spans ",{"t":"idOrVar","v":"0"}," columns"]},"$x":[{"t":"idOrVar","v":"plural"},"0"]},{"$i":"accessibility-spansRows","$v":{"few":["spans ",{"t":"idOrVar","v":"0"}," rows"],"many":["spans ",{"t":"idOrVar","v":"0"}," rows"],"one":["spans ",{"t":"idOrVar","v":"0"}," row"],"other":["spans ",{"t":"idOrVar","v":"0"}," rows"],"two":["spans ",{"t":"idOrVar","v":"0"}," rows"],"zero":["spans ",{"t":"idOrVar","v":"0"}," rows"]},"$x":[{"t":"idOrVar","v":"plural"},"0"]},{"$i":"accessibility-jumpAction","$v":"jumped"},{"$i":"accessibility-pressAction","$v":"pressed"},{"$i":"accessibility-checkAction","$v":"checked"},{"$i":"accessibility-uncheckAction","$v":"unchecked"},{"$i":"accessibility-selectAction","$v":"selected"},{"$i":"accessibility-unselectAction","$v":"unselected"},{"$i":"accessibility-openAction","$v":"opened"},{"$i":"accessibility-closeAction","$v":"closed"},{"$i":"accessibility-switchAction","$v":"switched"},{"$i":"accessibility-clickAction","$v":"clicked"},{"$i":"accessibility-collapseAction","$v":"collapsed"},{"$i":"accessibility-expandAction","$v":"expanded"},{"$i":"accessibility-activateAction","$v":"activated"},{"$i":"accessibility-cycleAction","$v":"cycled"},{"$i":"accessibility-hidden","$v":"hidden"},{"$i":"accessibility-tabLoading","$v":"loading"},{"$i":"accessibility-tabLoaded","$v":"loaded"},{"$i":"accessibility-tabNew","$v":"new tab"},{"$i":"accessibility-tabLoadStopped","$v":"loading stopped"},{"$i":"accessibility-tabReload","$v":"reloading"},{"$i":"accessibility-stateChecked","$v":"checked"},{"$i":"accessibility-stateNotChecked","$v":"not checked"},{"$i":"accessibility-statePressed","$v":"pressed"},{"$i":"accessibility-stateExpanded","$v":"expanded"},{"$i":"accessibility-stateCollapsed","$v":"collapsed"},{"$i":"accessibility-stateUnavailable","$v":"unavailable"},{"$i":"accessibility-stateRequired","$v":"required"},{"$i":"accessibility-stateTraversed","$v":"visited"},{"$i":"accessibility-stateHasPopup","$v":"has pop up"},{"$i":"accessibility-stateSelected","$v":"selected"},{"$i":"accessibility-editingMode","$v":"editing"},{"$i":"accessibility-navigationMode","$v":"navigating"},{"$i":"accessibility-quicknav_Simple","$v":"Default"},{"$i":"accessibility-quicknav_Anchor","$v":"Anchors"},{"$i":"accessibility-quicknav_Button","$v":"Buttons"},{"$i":"accessibility-quicknav_Combobox","$v":"Combo boxes"},{"$i":"accessibility-quicknav_Landmark","$v":"Landmarks"},{"$i":"accessibility-quicknav_Entry","$v":"Entries"},{"$i":"accessibility-quicknav_FormElement","$v":"Form elements"},{"$i":"accessibility-quicknav_Graphic","$v":"Images"},{"$i":"accessibility-quicknav_Heading","$v":"Headings"},{"$i":"accessibility-quicknav_ListItem","$v":"List items"},{"$i":"accessibility-quicknav_Link","$v":"Links"},{"$i":"accessibility-quicknav_List","$v":"Lists"},{"$i":"accessibility-quicknav_PageTab","$v":"Page tabs"},{"$i":"accessibility-quicknav_RadioButton","$v":"Radio buttons"},{"$i":"accessibility-quicknav_Separator","$v":"Separators"},{"$i":"accessibility-quicknav_Table","$v":"Tables"},{"$i":"accessibility-quicknav_Checkbox","$v":"Check boxes"},{"$i":"accessibility-menubarAbbr","$v":"menu bar"},{"$i":"accessibility-scrollbarAbbr","$v":"scroll bar"},{"$i":"accessibility-gripAbbr","$v":"grip"},{"$i":"accessibility-alertAbbr","$v":"alert"},{"$i":"accessibility-menupopupAbbr","$v":"menu popup"},{"$i":"accessibility-documentAbbr","$v":"document"},{"$i":"accessibility-paneAbbr","$v":"pane"},{"$i":"accessibility-dialogAbbr","$v":"dialogue"},{"$i":"accessibility-separatorAbbr","$v":"separator"},{"$i":"accessibility-toolbarAbbr","$v":"toolbar"},{"$i":"accessibility-statusbarAbbr","$v":"status bar"},{"$i":"accessibility-tableAbbr","$v":"tbl"},{"$i":"accessibility-columnheaderAbbr","$v":"column header"},{"$i":"accessibility-rowheaderAbbr","$v":"row header"},{"$i":"accessibility-columnAbbr","$v":"column"},{"$i":"accessibility-rowAbbr","$v":"row"},{"$i":"accessibility-cellAbbr","$v":"cell"},{"$i":"accessibility-linkAbbr","$v":"lnk"},{"$i":"accessibility-listAbbr","$v":"list"},{"$i":"accessibility-listitemAbbr","$v":"list item"},{"$i":"accessibility-outlineAbbr","$v":"outline"},{"$i":"accessibility-outlineitemAbbr","$v":"outline item"},{"$i":"accessibility-pagetabAbbr","$v":"tab"},{"$i":"accessibility-propertypageAbbr","$v":"property page"},{"$i":"accessibility-graphicAbbr","$v":"graphic"},{"$i":"accessibility-pushbuttonAbbr","$v":"btn"},{"$i":"accessibility-checkbuttonAbbr","$v":"check button"},{"$i":"accessibility-radiobuttonAbbr","$v":"radio button"},{"$i":"accessibility-comboboxAbbr","$v":"combo box"},{"$i":"accessibility-progressbarAbbr","$v":"progress bar"},{"$i":"accessibility-sliderAbbr","$v":"slider"},{"$i":"accessibility-spinbuttonAbbr","$v":"spin button"},{"$i":"accessibility-diagramAbbr","$v":"diagram"},{"$i":"accessibility-animationAbbr","$v":"animation"},{"$i":"accessibility-equationAbbr","$v":"equation"},{"$i":"accessibility-buttonmenuAbbr","$v":"button menu"},{"$i":"accessibility-whitespaceAbbr","$v":"white space"},{"$i":"accessibility-pagetablistAbbr","$v":"tab list"},{"$i":"accessibility-canvasAbbr","$v":"canvas"},{"$i":"accessibility-checkmenuitemAbbr","$v":"check menu item"},{"$i":"accessibility-labelAbbr","$v":"label"},{"$i":"accessibility-passwordtextAbbr","$v":"passwdtxt"},{"$i":"accessibility-radiomenuitemAbbr","$v":"radio menu item"},{"$i":"accessibility-textcontainerAbbr","$v":"text container"},{"$i":"accessibility-togglebuttonAbbr","$v":"toggle button"},{"$i":"accessibility-treetableAbbr","$v":"tree table"},{"$i":"accessibility-headerAbbr","$v":"header"},{"$i":"accessibility-footerAbbr","$v":"footer"},{"$i":"accessibility-paragraphAbbr","$v":"paragraph"},{"$i":"accessibility-entryAbbr","$v":"entry"},{"$i":"accessibility-captionAbbr","$v":"caption"},{"$i":"accessibility-headingAbbr","$v":"heading"},{"$i":"accessibility-sectionAbbr","$v":"section"},{"$i":"accessibility-formAbbr","$v":"form"},{"$i":"accessibility-comboboxlistAbbr","$v":"combo box list"},{"$i":"accessibility-comboboxoptionAbbr","$v":"combo box option"},{"$i":"accessibility-imagemapAbbr","$v":"imgmap"},{"$i":"accessibility-listboxoptionAbbr","$v":"option"},{"$i":"accessibility-listboxAbbr","$v":"list box"},{"$i":"accessibility-flatequationAbbr","$v":"flat equation"},{"$i":"accessibility-gridcellAbbr","$v":"gridcell"},{"$i":"accessibility-noteAbbr","$v":"note"},{"$i":"accessibility-figureAbbr","$v":"fig"},{"$i":"accessibility-definitionlistAbbr","$v":"definition list"},{"$i":"accessibility-termAbbr","$v":"term"},{"$i":"accessibility-definitionAbbr","$v":"definition"},{"$i":"accessibility-textareaAbbr","$v":"txtarea"},{"$i":"accessibility-tblColumnInfoAbbr","$v":{"few":[{"t":"idOrVar","v":"count"},"c"],"many":[{"t":"idOrVar","v":"count"},"c"],"one":[{"t":"idOrVar","v":"count"},"c"],"other":[{"t":"idOrVar","v":"count"},"c"],"two":[{"t":"idOrVar","v":"count"},"c"]},"$x":[{"t":"idOrVar","v":"plural"},"count"]},{"$i":"accessibility-tblRowInfoAbbr","$v":{"few":[{"t":"idOrVar","v":"count"},"r"],"many":[{"t":"idOrVar","v":"count"},"r"],"one":[{"t":"idOrVar","v":"count"},"r"],"other":[{"t":"idOrVar","v":"count"},"r"],"two":[{"t":"idOrVar","v":"count"},"r"]},"$x":[{"t":"idOrVar","v":"plural"},"count"]},{"$i":"accessibility-cellInfoAbbr","$v":["c",{"t":"idOrVar","v":"0"},"r",{"t":"idOrVar","v":"1"}]},{"$i":"accessibility-stateCheckedAbbr","$v":"(x)"},{"$i":"accessibility-stateUncheckedAbbr","$v":"( )"},{"$i":"accessibility-statePressedAbbr","$v":"(x)"},{"$i":"accessibility-stateUnpressedAbbr","$v":"( )"},{"$i":"accessibility-pushbutton-hint","$v":"Double tap to activate"},{"$i":"accessibility-checkbutton-hint","$v":"Double tap to activate"},{"$i":"accessibility-combobox-hint","$v":"Double tap to activate"},{"$i":"accessibility-key-hint","$v":"Tap and hold to activate"},{"$i":"accessibility-link-hint","$v":"Double tap to activate"},{"$i":"accessibility-menuitem-hint","$v":"Double tap to activate"},{"$i":"accessibility-option-hint","$v":"Double tap to activate"},{"$i":"accessibility-radiobutton-hint","$v":"Double tap to activate"},{"$i":"accessibility-slider-hint","$v":"Swipe up to increase or down to decrease"},{"$i":"accessibility-spinbutton-hint","$v":"Swipe up to increase or down to decrease"},{"$i":"accessibility-pagetab-hint","$v":"Double tap to activate"},{"$i":"accessibility-entry-hint","$v":"Double tap to activate"},{"$i":"accessibility-outlineitem-hint","$v":"Double tap to activate"},{"$i":"SoftLeft","$v":"Vasen valonäppäin"},{"$i":"Enter","$v":"OK-näppäin"},{"$i":"SoftRight","$v":"Oikea pehmopainike"},{"$i":"weekday-0-long","$v":"Sunnuntai"},{"$i":"weekday-1-long","$v":"Maanantai"},{"$i":"weekday-2-long","$v":"Tiistai"},{"$i":"weekday-3-long","$v":"Keskiviikko"},{"$i":"weekday-4-long","$v":"Torstai"},{"$i":"weekday-5-long","$v":"Perjantai"},{"$i":"weekday-6-long","$v":"Lauantai"},{"$i":"weekday-0-short","$v":"Su"},{"$i":"weekday-1-short","$v":"Ma"},{"$i":"weekday-2-short","$v":"Ti"},{"$i":"weekday-3-short","$v":"Ke"},{"$i":"weekday-4-short","$v":"To"},{"$i":"weekday-5-short","$v":"Pe"},{"$i":"weekday-6-short","$v":"La"},{"$i":"month-0-long","$v":"Tammikuu"},{"$i":"month-1-long","$v":"Helmikuu"},{"$i":"month-2-long","$v":"Maaliskuu"},{"$i":"month-3-long","$v":"Huhtikuu"},{"$i":"month-4-long","$v":"Toukokuu"},{"$i":"month-5-long","$v":"Kesäkuu"},{"$i":"month-6-long","$v":"Heinäkuu"},{"$i":"month-7-long","$v":"Elokuu"},{"$i":"month-8-long","$v":"Syyskuu"},{"$i":"month-9-long","$v":"Lokakuu"},{"$i":"month-10-long","$v":"Marraskuu"},{"$i":"month-11-long","$v":"Joulukuu"},{"$i":"month-0-genitive","$v":"Tammikuu"},{"$i":"month-1-genitive","$v":"Helmikuu"},{"$i":"month-2-genitive","$v":"Maaliskuu"},{"$i":"month-3-genitive","$v":"Huhtikuu"},{"$i":"month-4-genitive","$v":"Toukokuu"},{"$i":"month-5-genitive","$v":"Kesäkuu"},{"$i":"month-6-genitive","$v":"Heinäkuu"},{"$i":"month-7-genitive","$v":"Elokuu"},{"$i":"month-8-genitive","$v":"Syyskuu"},{"$i":"month-9-genitive","$v":"Lokakuu"},{"$i":"month-10-genitive","$v":"Marraskuu"},{"$i":"month-11-genitive","$v":"Joulukuu"},{"$i":"month-0-short","$v":"tam"},{"$i":"month-1-short","$v":"hel"},{"$i":"month-2-short","$v":"maa"},{"$i":"month-3-short","$v":"huh"},{"$i":"month-4-short","$v":"tou"},{"$i":"month-5-short","$v":"kes"},{"$i":"month-6-short","$v":"hei"},{"$i":"month-7-short","$v":"elo"},{"$i":"month-8-short","$v":"syy"},{"$i":"month-9-short","$v":"lok"},{"$i":"month-10-short","$v":"mar"},{"$i":"month-11-short","$v":"jou"},{"$i":"minutes-ago-long","$v":{"few":[{"t":"idOrVar","v":"value"}," minuuttia sitten"],"many":[{"t":"idOrVar","v":"value"}," minuuttia sitten"],"one":"minuutti sitten","other":[{"t":"idOrVar","v":"value"}," minuuttia sitten"],"two":[{"t":"idOrVar","v":"value"}," minuuttia sitten"],"zero":"juuri nyt"},"$x":[{"t":"idOrVar","v":"plural"},"value"]},{"$i":"hours-ago-long","$v":{"few":[{"t":"idOrVar","v":"value"}," tuntia sitten"],"many":[{"t":"idOrVar","v":"value"}," tuntia sitten"],"one":"tunti sitten","other":[{"t":"idOrVar","v":"value"}," tuntia sitten"],"two":[{"t":"idOrVar","v":"value"}," tuntia sitten"],"zero":"juuri nyt"},"$x":[{"t":"idOrVar","v":"plural"},"value"]},{"$i":"days-ago-long","$v":{"few":[{"t":"idOrVar","v":"value"}," päivää sitten"],"many":[{"t":"idOrVar","v":"value"}," päivää sitten"],"one":"eilen","other":[{"t":"idOrVar","v":"value"}," päivää sitten"],"two":[{"t":"idOrVar","v":"value"}," päivää sitten"],"zero":"tänään"},"$x":[{"t":"idOrVar","v":"plural"},"value"]},{"$i":"weeks-ago-long","$v":{"few":[{"t":"idOrVar","v":"value"}," viikkoa sitten"],"many":[{"t":"idOrVar","v":"value"}," viikkoa sitten"],"one":"viime viikolla","other":[{"t":"idOrVar","v":"value"}," viikkoa sitten"],"two":[{"t":"idOrVar","v":"value"}," viikkoa sitten"],"zero":"tällä viikolla"},"$x":[{"t":"idOrVar","v":"plural"},"value"]},{"$i":"months-ago-long","$v":{"few":[{"t":"idOrVar","v":"value"}," kuukautta sitten"],"many":[{"t":"idOrVar","v":"value"}," kuukautta sitten"],"one":"viimeinen kuukausi","other":[{"t":"idOrVar","v":"value"}," kuukautta sitten"],"two":[{"t":"idOrVar","v":"value"}," kuukautta sitten"],"zero":"tässä kuussa"},"$x":[{"t":"idOrVar","v":"plural"},"value"]},{"$i":"years-ago-long","$v":{"few":[{"t":"idOrVar","v":"value"}," vuotta sitten"],"many":[{"t":"idOrVar","v":"value"}," vuotta sitten"],"one":"viime vuonna","other":[{"t":"idOrVar","v":"value"}," vuotta sitten"],"two":[{"t":"idOrVar","v":"value"}," vuotta sitten"],"zero":"tänä vuonna"},"$x":[{"t":"idOrVar","v":"plural"},"value"]},{"$i":"minutes-until-long","$v":{"few":[{"t":"idOrVar","v":"value"}," minuutin kuluttua"],"many":[{"t":"idOrVar","v":"value"}," minuutin kuluttua"],"one":"minuutin kuluttua","other":[{"t":"idOrVar","v":"value"}," minuutin kuluttua"],"two":[{"t":"idOrVar","v":"value"}," minuutin kuluttua"],"zero":"nyt"},"$x":[{"t":"idOrVar","v":"plural"},"value"]},{"$i":"hours-until-long","$v":{"few":[{"t":"idOrVar","v":"value"}," tunnin kuluttua"],"many":[{"t":"idOrVar","v":"value"}," tunnin kuluttua"],"one":"tunnin kuluttua","other":[{"t":"idOrVar","v":"value"}," tunnin kuluttua"],"two":[{"t":"idOrVar","v":"value"}," tunnin kuluttua"],"zero":"nyt"},"$x":[{"t":"idOrVar","v":"plural"},"value"]},{"$i":"days-until-long","$v":{"few":[{"t":"idOrVar","v":"value"}," päivän kuluttua"],"many":[{"t":"idOrVar","v":"value"}," päivän kuluttua"],"one":"huomenna","other":[{"t":"idOrVar","v":"value"}," päivän kuluttua"],"two":[{"t":"idOrVar","v":"value"}," päivän kuluttua"],"zero":"tänään"},"$x":[{"t":"idOrVar","v":"plural"},"value"]},{"$i":"weeks-until-long","$v":{"few":[{"t":"idOrVar","v":"value"}," viikon kuluttua"],"many":[{"t":"idOrVar","v":"value"}," viikon kuluttua"],"one":"seuraava viikko","other":[{"t":"idOrVar","v":"value"}," viikon kuluttua"],"two":[{"t":"idOrVar","v":"value"}," viikon kuluttua"],"zero":"tällä viikolla"},"$x":[{"t":"idOrVar","v":"plural"},"value"]},{"$i":"months-until-long","$v":{"few":[{"t":"idOrVar","v":"value"}," kuukauden kuluttua"],"many":[{"t":"idOrVar","v":"value"}," kuukauden kuluttua"],"one":"seuraava kuukausi","other":[{"t":"idOrVar","v":"value"}," kuukauden kuluttua"],"two":[{"t":"idOrVar","v":"value"}," kuukauden kuluttua"],"zero":"tässä kuussa"},"$x":[{"t":"idOrVar","v":"plural"},"value"]},{"$i":"years-until-long","$v":{"few":[{"t":"idOrVar","v":"value"}," vuoden kuluttua"],"many":[{"t":"idOrVar","v":"value"}," vuoden kuluttua"],"one":"seuraava vuosi","other":[{"t":"idOrVar","v":"value"}," vuoden kuluttua"],"two":[{"t":"idOrVar","v":"value"}," vuoden kuluttua"],"zero":"tänä vuonna"},"$x":[{"t":"idOrVar","v":"plural"},"value"]},{"$i":"minutes-ago-short","$v":{"other":[{"t":"idOrVar","v":"value"}," m sitten"],"zero":"juuri nyt"},"$x":[{"t":"idOrVar","v":"plural"},"value"]},{"$i":"hours-ago-short","$v":{"other":[{"t":"idOrVar","v":"value"}," h sitten"],"zero":"juuri nyt"},"$x":[{"t":"idOrVar","v":"plural"},"value"]},{"$i":"days-ago-short","$v":{"other":[{"t":"idOrVar","v":"value"}," pvää sitten"],"zero":"tänään"},"$x":[{"t":"idOrVar","v":"plural"},"value"]},{"$i":"minutes-until-short","$v":{"other":[{"t":"idOrVar","v":"value"}," m kuluttua"],"zero":"nyt"},"$x":[{"t":"idOrVar","v":"plural"},"value"]},{"$i":"hours-until-short","$v":{"other":[{"t":"idOrVar","v":"value"}," h kuluttua"],"zero":"nyt"},"$x":[{"t":"idOrVar","v":"plural"},"value"]},{"$i":"days-until-short","$v":{"other":[{"t":"idOrVar","v":"value"}," pvän kuluttua"],"zero":"tänään"},"$x":[{"t":"idOrVar","v":"plural"},"value"]},{"$i":"incorrectDate","$v":"(virheellinen päivämäärä)"},{"$i":"dateTimeFormat_%c","$v":"%a %b %e %Y %I:%M:%S %p"},{"$i":"dateTimeFormat_%x","$v":"%m/%d/%Y"},{"$i":"dateTimeFormat_%X","$v":"%I:%M:%S %p"},{"$i":"shortTimeFormat","$v":"%I:%M %p"},{"$i":"shortTimeFormat12","$v":"%I:%M %p"},{"$i":"shortTimeFormat24","$v":"%H:%M"},{"$i":"shortDateTimeFormat","$v":"%x %I:%M %p"},{"$i":"weekStartsOnMonday","$v":"0.0"},{"$i":"firstDayOfTheWeek","$v":"1.0"},{"$i":"time_am","$v":"AM"},{"$i":"time_pm","$v":"PM"},{"$i":"title-app","$v":"Sovelluksen lupa"},{"$i":"title-web","$v":"Sivuston lupa"},{"$i":"title-cam","$v":"Valitse kamera"},{"$i":"perm-alarms","$v":"Aikatauluta hälytykset"},{"$i":"perm-audio-capture","$v":"Mikrofoni"},{"$i":"perm-audio-capture-appRequest","$v":["Haluatko jakaa mikrofonisi sovelluksen ",{"t":"idOrVar","v":"app"}," kanssa?"]},{"$i":"perm-audio-capture-webRequest","$v":["Haluatko jakaa mikrofonisi sovelluksen ",{"t":"idOrVar","v":"site"}," kanssa?"]},{"$i":"perm-audio-channel-content","$v":"Soita äänet"},{"$i":"perm-audio-channel-notification","$v":"Soita ilmoitusäänet"},{"$i":"perm-audio-channel-ringer","$v":"Soita soittoäänet"},{"$i":"perm-background-sensors","$v":"Pääsy anturitietoihin"},{"$i":"perm-bluetooth","$v":"Bluetooth"},{"$i":"perm-browser","$v":"Tarkasta verkkosivut"},{"$i":"perm-camera","$v":"Kamerat"},{"$i":"perm-camera-selector-appRequest","$v":["Valitse kamera kohteelle ",{"t":"idOrVar","v":"app"},"."]},{"$i":"perm-camera-selector-webRequest","$v":["Valitse kamera kohteelle ",{"t":"idOrVar","v":"site"},"."]},{"$i":"perm-camera-appRequest","$v":[{"t":"idOrVar","v":"app"}," haluaa käyttää kameraasi."]},{"$i":"perm-camera-webRequest","$v":[{"t":"idOrVar","v":"site"}," haluaa käyttää kameraasi."]},{"$i":"perm-cellbroadcast","$v":"Solulähetykset"},{"$i":"perm-contacts","$v":"Osoitekirja"},{"$i":"perm-contacts-appRequest","$v":[{"t":"idOrVar","v":"app"}," haluaa pääsyn yhteystietoihisi."]},{"$i":"perm-contacts-webRequest","$v":[{"t":"idOrVar","v":"site"}," haluaa pääsyn yhteystietoihisi."]},{"$i":"perm-desktop-notification","$v":"Ilmoitukset"},{"$i":"perm-desktop-notification-appRequest","$v":[{"t":"idOrVar","v":"app"}," haluaa näyttää ilmoituksia."]},{"$i":"perm-desktop-notification-webRequest","$v":[{"t":"idOrVar","v":"site"}," haluaa näyttää ilmoituksia."]},{"$i":"perm-device-storage-apps","$v":"Sovellusten tallennustila"},{"$i":"perm-device-storage-music","$v":"Musiikin tallennustila"},{"$i":"perm-device-storage-music-appRequest","$v":[{"t":"idOrVar","v":"app"}," haluaa pääsyn musiikkiisi."]},{"$i":"perm-device-storage-music-webRequest","$v":[{"t":"idOrVar","v":"site"}," haluaa pääsyn musiikkiisi."]},{"$i":"perm-device-storage-pictures","$v":"Kuvan tallennustila"},{"$i":"perm-device-storage-pictures-appRequest","$v":[{"t":"idOrVar","v":"app"}," haluaa pääsyn kuviisi."]},{"$i":"perm-device-storage-pictures-webRequest","$v":[{"t":"idOrVar","v":"site"}," haluaa pääsyn kuviisi."]},{"$i":"perm-device-storage-sdcard","$v":"Muistikortin tallennustila"},{"$i":"perm-device-storage-sdcard-appRequest","$v":[{"t":"idOrVar","v":"app"}," haluaa pääsyn muistikorttiisi."]},{"$i":"perm-device-storage-sdcard-webRequest","$v":[{"t":"idOrVar","v":"site"}," haluaa pääsyn muistikorttiisi."]},{"$i":"perm-device-storage-videos","$v":"Videoiden tallennus"},{"$i":"perm-device-storage-videos-appRequest","$v":[{"t":"idOrVar","v":"app"}," haluaa pääsyn videoihisi."]},{"$i":"perm-device-storage-videos-webRequest","$v":[{"t":"idOrVar","v":"site"}," haluaa pääsyn videoihisi."]},{"$i":"perm-fullscreen-appRequest","$v":[{"t":"idOrVar","v":"app"}," on nyt kokoruututilassa."]},{"$i":"perm-fullscreen-webRequest","$v":[{"t":"idOrVar","v":"site"}," on nyt kokoruututilassa."]},{"$i":"perm-embed-apps","$v":"Upota sovelluksia"},{"$i":"perm-fmradio","$v":"FM-radio"},{"$i":"perm-fmradio-appRequest","$v":[{"t":"idOrVar","v":"app"}," haluaa käyttää FM-radiota."]},{"$i":"perm-fmradio-webRequest","$v":[{"t":"idOrVar","v":"site"}," haluaa käyttää FM-radiota."]},{"$i":"perm-geolocation","$v":"Paikannus"},{"$i":"perm-geolocation-appRequest","$v":[{"t":"idOrVar","v":"app"}," haluaa tietää sijaintisi."]},{"$i":"perm-geolocation-more-info","$v":[{"t":"idOrVar","v":"brandShortName"}," käyttää sijaintisi määrittämiseen GPS-signaalia ja muita tietoja, kuten WLAN- ja mobiiliverkkoja. Sijaintietoja voivat käyttää ",{"t":"idOrVar","v":"brandShortName"}," ja palveluntarjoajat parantaakseen sijaintitietokantojen tarkkuutta ja kattavuutta.",{"t":"idOrVar","v":"brandShortName"}," pyytää aina lupaa, kun sovellus tarvitsee pääsyn laitteesi sijaintietoihin."]},{"$i":"perm-geolocation-webRequest","$v":[{"t":"idOrVar","v":"site"}," haluaa tietää sijaintisi."]},{"$i":"perm-idle","$v":"Näytä lepotila"},{"$i":"perm-indexedDB-chrome-settings","$v":"Etuoikeutettu IndexedDB-tietokanta"},{"$i":"perm-indexedDB-unlimited","$v":"Rajoittamaton indeksoitu tietokantatila"},{"$i":"perm-input-manage","$v":"Hallitse näppäimistöjä"},{"$i":"perm-input","$v":"Toiminta näppäimistönä"},{"$i":"perm-media-capture","$v":"Kamera ja mikrofoni"},{"$i":"perm-media-capture-appRequest","$v":["Haluatko jakaa kamerasi ja mikrofonisi sovelluksen ",{"t":"idOrVar","v":"app"}," kanssa?"]},{"$i":"perm-media-capture-webRequest","$v":["Haluatko jakaa kamerasi ja mikrofonisi sovelluksen ",{"t":"idOrVar","v":"site"}," kanssa?"]},{"$i":"perm-mobileconnection","$v":"Matkapuhelinyhteys"},{"$i":"perm-mobileid","$v":"Mobiili identiteetti"},{"$i":"perm-network-events","$v":"Verkkotapahtumat"},{"$i":"perm-open-remote-window","$v":"Käynnistä sovellus"},{"$i":"perm-permissions","$v":"Muokkaa sovellusten lupia"},{"$i":"perm-power","$v":"Virta-asetukset"},{"$i":"perm-settings","$v":"Muokkaa asetuksia"},{"$i":"perm-systemXHR","$v":"Pyynnöt kaikista lähteistä"},{"$i":"perm-telephony","$v":"Puhelinliikenne"},{"$i":"perm-video-capture","$v":"Kamera"},{"$i":"perm-video-capture-appRequest","$v":["Haluatko jakaa kamerasi sovelluksen ",{"t":"idOrVar","v":"app"}," kanssa?"]},{"$i":"perm-video-capture-webRequest","$v":["Haluatko jakaa kamerasi sovelluksen ",{"t":"idOrVar","v":"site"}," kanssa?"]},{"$i":"perm-voicemail","$v":"Tarkasta vastaajaviestit"},{"$i":"perm-webapps-manage","$v":"Asenna Webapps"},{"$i":"perm-wifi-manage","$v":"Hallitse WLANia"},{"$i":"perm-attention","$v":"Avaa peittävät ponnahdusikkunat"},{"$i":"perm-audio-channel-alarm","$v":"Soita hälytysäänet"},{"$i":"perm-audio-channel-normal","$v":"Soita äänet"},{"$i":"perm-audio-channel-publicnotification","$v":"Soita yleisten ilmoitusten äänet"},{"$i":"perm-audio-channel-telephony","$v":"Soita puhelimen äänet"},{"$i":"perm-backgroundservice","$v":"Toiminta taustapalveluna"},{"$i":"perm-device-storage-crashes","$v":"Kaatumistietojen tallennus"},{"$i":"perm-downloads","$v":"Pääsy latauksiin"},{"$i":"perm-embed-widgets","$v":"Upota widgetejjä"},{"$i":"perm-feature-detection","$v":"Toiminnon havaitseminen"},{"$i":"perm-firefox-accounts","$v":"Firefox-tilit"},{"$i":"perm-mobilenetwork","$v":"Matkapuhelinverkko"},{"$i":"perm-moz-attention","$v":"Avaa peittävät ponnahdusikkunat (moz)"},{"$i":"perm-moz-audio-channel-ringer","$v":"Play Ringtone Sounds (moz)"},{"$i":"perm-moz-audio-channel-telephony","$v":"Soita puhelimen äänet (moz)"},{"$i":"perm-moz-firefox-accounts","$v":"Firefox-tilit (moz)"},{"$i":"perm-networkstats-manage","$v":"Tarkasta käyttötilastot"},{"$i":"perm-nfc","$v":"NFC"},{"$i":"perm-nfc-hci-events","$v":"NFC HCI -tapahtumat"},{"$i":"perm-nfc-manager","$v":"Hallitse NFC:tä"},{"$i":"perm-phonenumberservice","$v":"Puhelinnumeropalvelu"},{"$i":"perm-push","$v":"Push API"},{"$i":"perm-resourcestats-manage","$v":"Resurssitilastot"},{"$i":"perm-sms","$v":"Lähetä ja lue tekstiviestejä"},{"$i":"perm-speaker-control","$v":"Tarkasta äänenvoimakkuus"},{"$i":"perm-storage","$v":"Pääsy muistiin"},{"$i":"perm-tcp-socket","$v":"TCP-yhteyskäytännöt"},{"$i":"perm-test-permission","$v":"Test Permission"},{"$i":"perm-time","$v":"Aseta päivä ja aika"},{"$i":"perm-udp-socket","$v":"UDP-yhteyskäytännöt"},{"$i":"perm-wappush","$v":"WAP Push"},{"$i":"stopped_download_title","$v":"Lataus pysähtyi"},{"$i":"kai-stopped_download_message","$v":"This download was stopped. Would you like to resume downloading?"},{"$i":"stopped_download_left_button","$v":"Peruuta"},{"$i":"stopped_download_right_button","$v":"Yritä uudelleen"},{"$i":"failed_download_title","$v":"Lataaminen epäonnistui"},{"$i":"failed_download_message","$v":["Kohteen ",{"t":"idOrVar","v":"name"}," lataus epäonnistui. Yritetäänkö ladata uudestaan?"]},{"$i":"failed_download_left_button","$v":"Peruuta"},{"$i":"failed_download_right_button","$v":"Yritä uudelleen"},{"$i":"stop_download_title","$v":"Lopeta lataus"},{"$i":"stop_download_message","$v":"Haluatko varmasti lopettaa latauksen?"},{"$i":"stop_download_left_button","$v":"Peruuta"},{"$i":"stop_download_right_button","$v":"Lopeta"},{"$i":"delete_download_title","$v":"Poista"},{"$i":"delete_download_message","$v":["Poistetaanko \"",{"t":"idOrVar","v":"name"},"\"?"]},{"$i":"delete_download_left_button","$v":"Peruuta"},{"$i":"delete_download_right_button","$v":"Poista"},{"$i":"delete_all_download_title","$v":"Poista"},{"$i":"delete_all_download_left_button","$v":"Peruuta"},{"$i":"delete_all_download_right_button","$v":"Poista"},{"$i":"delete_all_download_message_ext","$v":"Poistetaanko valitut tiedostot?"},{"$i":"delete_all_download_message","$v":{"few":["Poistetaanko ",{"t":"idOrVar","v":"number"}," tiedostoa?"],"many":["Poistetaanko ",{"t":"idOrVar","v":"number"}," tiedostoa?"],"one":"Poistetaanko yksi tiedosto?","other":["Poistetaanko ",{"t":"idOrVar","v":"number"}," tiedostoa?"],"two":["Poistetaanko ",{"t":"idOrVar","v":"number"}," tiedostoa?"],"zero":"Poistetaanko nolla tiedostoa?"},"$x":[{"t":"idOrVar","v":"plural"},"number"]},{"$i":"unsupported_file_type_download_title","$v":"Avaaminen ei onnistu"},{"$i":"unsupported_file_type_download_message","$v":["Mikään sovellus ei pysty avaamaan kohdetta ",{"t":"idOrVar","v":"name"},". Haluatko tallentaa tiedoston vai poistaa sen?"]},{"$i":"unsupported_file_type_download_left_button","$v":"Pidä tiedosto"},{"$i":"unsupported_file_type_download_right_button","$v":"Poista"},{"$i":"file_not_found_download_title","$v":"Tiedostoa ei löytynyt"},{"$i":"file_not_found_download_message","$v":"Tiedostoa ei löytynyt laitteesta"},{"$i":"file_not_found_download_right_button","$v":"OK"},{"$i":"unmounted_sdcard_2_download_title","$v":"Muistikortti käytössä"},{"$i":"unmounted_sdcard_2_download_message","$v":"Irrota puhelimen pistoke"},{"$i":"unmounted_sdcard_2_download_right_button","$v":"OK"},{"$i":"no_provider_download_title","$v":"Avaaminen ei onnistu"},{"$i":"no_provider_download_message","$v":"Tämä tiedostomuoto on virheellinen tai sitä ei tueta."},{"$i":"no_provider_download_right_button","$v":"OK"},{"$i":"no_memory_download_title","$v":"SD-kortti on täynnä"},{"$i":"no_memory_download_message","$v":"SD-kortillasi ei ole tilaa latauksesi tallentamiseen. Poista tiedostoja ennen latauksen käynnistämistä uudelleen."},{"$i":"no_memory_download_right_button","$v":"OK"},{"$i":"no_sdcard_found_2_download_title","$v":"Muistikorttia ei löytynyt"},{"$i":"no_sdcard_found_2_download_message","$v":"Syötä muistikortti tai valitse vaihtoehtoinen oletusmediasijainti asetuksista"},{"$i":"no_sdcard_found_2_download_right_button","$v":"OK"},{"$i":"file_open_error_download_title","$v":"Vahvistus"},{"$i":"file_open_error_download_message","$v":"Tämä tiedostomuoto on virheellinen tai sitä ei tueta. Haluatko poistaa tiedoston?"},{"$i":"file_open_error_download_left_button","$v":"Pidä tiedosto"},{"$i":"file_open_error_download_right_button","$v":"Poista"},{"$i":"restart_download_error","$v":"Latauksen käynnistämisessä uudestaan tapahtui virhe. Yritä ladata uudestaan."},{"$i":"no-downloads","$v":"Ei latauksia"},{"$i":"percentage","$v":[{"t":"idOrVar","v":"percentage"}," %"]},{"$i":"partialResult","$v":[{"t":"idOrVar","v":"partial"}," / ",{"t":"idOrVar","v":"total"}]},{"$i":"summary","$v":[{"t":"idOrVar","v":"date"}," - ",{"t":"idOrVar","v":"status"}]},{"$i":"download-stopped","$v":"Lopetettu"},{"$i":"download-failed","$v":"Lataaminen epäonnistui"},{"$i":"open_downloaded_file","$v":"Avaa"},{"$i":"share_downloaded_file","$v":"Jaa"},{"$i":"wallpaper_downloaded_file","$v":"Taustakuvaksi"},{"$i":"ringtone_downloaded_file","$v":"Soittoääneksi"},{"$i":"cancel_downloaded_file","$v":"Peruuta"},{"$i":"voicemailNoNumberTitle","$v":"Vastaajan numero ei ole käytettävissä"},{"$i":"voicemailNoNumberText","$v":"Vastaajapalveluun soittaminen ei onnistu. Määritä vastaajanumero puhelun soittamiseksi."},{"$i":"voicemailNoNumberSettings","$v":"Asetukset"},{"$i":"voicemailNoNumberCancel","$v":"Peruuta"},{"$i":"airplaneMode","$v":"Lentotila"},{"$i":"noNetwork","$v":"Ei verkkoa"},{"$i":"roaming","$v":[{"t":"idOrVar","v":"operator"}," (Verkkovierailu)"]},{"$i":"operator-info","$v":[{"t":"idOrVar","v":"carrier"}," ",{"t":"idOrVar","v":"region"}]},{"$i":"emergencyCallsOnly","$v":"Vain hätäpuhelut"},{"$i":"emergencyCallsOnly-unknownSIMState","$v":"(tuntematon SIM-tila)"},{"$i":"emergencyCallsOnly-noSIM","$v":"(ei SIM-korttia)"},{"$i":"emergencyCallsOnly-pinRequired","$v":"(SIM PIN vaadittu)"},{"$i":"emergencyCallsOnly-pukRequired","$v":"(SIM PUK vaadittu)"},{"$i":"emergencyCallsOnly-networkLocked","$v":"(verkko lukittu)"},{"$i":"emergencyCallsOnly-serviceProviderLocked","$v":"(palveluntarjoajan lukitus)"},{"$i":"emergencyCallsOnly-corporateLocked","$v":"(yrityslukitus)"},{"$i":"emergencyCallsOnly-network1Locked","$v":"(verkko1 lukittu)"},{"$i":"emergencyCallsOnly-network2Locked","$v":"(verkko2 lukittu)"},{"$i":"emergencyCallsOnly-hrpdNetworkLocked","$v":"(hrpd-verkosto lukittu)"},{"$i":"emergencyCallsOnly-ruimCorporateLocked","$v":"(ruim-yrityslukitus)"},{"$i":"emergencyCallsOnly-ruimServiceProviderLocked","$v":"(ruim-palveluntarjoajan lukitus)"},{"$i":"lockscreen-sim-id","$v":["SIM ",{"t":"idOrVar","v":"n"}]},{"$i":"charging-no-time","$v":[{"t":"idOrVar","v":"level"}," % ladattu"]},{"$i":"charging-minutes","$v":{"few":[{"t":"idOrVar","v":"level"}," % ladattu (",{"t":"idOrVar","v":"minutes"}," min, kunnes ladattu täyteen)"],"many":[{"t":"idOrVar","v":"level"}," % ladattu (",{"t":"idOrVar","v":"minutes"}," min, kunnes ladattu täyteen)"],"one":[{"t":"idOrVar","v":"level"}," % ladattu (",{"t":"idOrVar","v":"minutes"}," min, kunnes ladattu täyteen)"],"other":[{"t":"idOrVar","v":"level"}," % ladattu (",{"t":"idOrVar","v":"minutes"}," min, kunnes ladattu täyteen)"],"two":[{"t":"idOrVar","v":"level"}," % ladattu (",{"t":"idOrVar","v":"minutes"}," min, kunnes ladattu täyteen)"],"zero":[{"t":"idOrVar","v":"level"}," % ladattu (",{"t":"idOrVar","v":"minutes"}," min, kunnes ladattu täyteen)"]},"$x":[{"t":"idOrVar","v":"plural"},"minutes"]},{"$i":"charging-hours","$v":{"few":[{"t":"idOrVar","v":"level"}," % ladattu (",{"t":"idOrVar","v":"hours"},"h ",{"t":"idOrVar","v":"minutes"}," min, kunnes ladattu täyteen)"],"many":[{"t":"idOrVar","v":"level"}," % ladattu (",{"t":"idOrVar","v":"hours"},"h ",{"t":"idOrVar","v":"minutes"}," min, kunnes ladattu täyteen)"],"one":[{"t":"idOrVar","v":"level"}," % ladattu (",{"t":"idOrVar","v":"hours"},"h ",{"t":"idOrVar","v":"minutes"}," min, kunnes ladattu täyteen)"],"other":[{"t":"idOrVar","v":"level"}," % ladattu (",{"t":"idOrVar","v":"hours"},"h ",{"t":"idOrVar","v":"minutes"}," min, kunnes ladattu täyteen)"],"two":[{"t":"idOrVar","v":"level"}," % ladattu (",{"t":"idOrVar","v":"hours"},"h ",{"t":"idOrVar","v":"minutes"}," min, kunnes ladattu täyteen)"],"zero":[{"t":"idOrVar","v":"level"}," % ladattu (",{"t":"idOrVar","v":"hours"},"h ",{"t":"idOrVar","v":"minutes"}," min, kunnes ladattu täyteen)"]},"$x":[{"t":"idOrVar","v":"plural"},"minutes"]}]