[{"$i":"ok","$v":"Í lagi"},{"$i":"back","$v":"Til baka"},{"$i":"help","$v":"Hjálp"},{"$i":"cancel","$v":"H. við"},{"$i":"close","$v":"Loka"},{"$i":"skip","$v":"Sleppa"},{"$i":"enable","$v":"Kveikja"},{"$i":"turnOn","$v":"Kveikja"},{"$i":"save","$v":"Vista"},{"$i":"select","$v":"Velja"},{"$i":"deselect","$v":"Afturkalla"},{"$i":"go","$v":"Áfram"},{"$i":"search","$v":"Leita"},{"$i":"options","$v":"Valkostir"},{"$i":"exit","$v":"Hætta"},{"$i":"signIn","$v":"Skrá inn"},{"$i":"dismiss","$v":"Hunsa"},{"$i":"dismiss-all","$v":"Hunsa allt"},{"$i":"undo","ariaLabel":"Afturk."},{"$i":"lockscreenEnterLockCode","$v":"Sláðu inn 4 talna kóða"},{"$i":"lockscreenCheckLockCode","$v":"Ógildur kóði. Reyndu aftur."},{"$i":"lockscreenDeviceLocked","$v":"Tækið er læst, reyndu aftur eftir 30 sekúndur."},{"$i":"pocketmodeLongPress","$v":"Strjúka eða ýta á"},{"$i":"pocketmodeToUnlock","$v":"til að opna"},{"$i":"enterPIN","$v":"Sláðu inn 6 stafa kóðann til að opna"},{"$i":"mediaPlaybackTrack","$v":"Lagatitill og flytjandi"},{"$i":"mediaPlaybackControls","$v":"Spilunarstýringar"},{"$i":"mediaPlaybackPrevious","$v":"Fyrri"},{"$i":"mediaPlaybackPlay","$v":"Spila"},{"$i":"mediaPlaybackPause","$v":"Gera hlé"},{"$i":"mediaPlaybackNext","$v":"Áfram"},{"$i":"UnknownTrack","$v":"Óþekkt lag"},{"$i":"wifiButton-on","$v":"Kv. á Wi-Fi"},{"$i":"wifiButton-on-initializing","$v":"Kv. á Wi-Fi, ræsir"},{"$i":"wifiButton-off","$v":"Sl. á Wi-Fi"},{"$i":"dataButton-on","$v":["Kv. á ",{"t":"idOrVar","v":"type"},"-gögn."]},{"$i":"dataButton-off","$v":["Sl. á ",{"t":"idOrVar","v":"type"},"-gögn."]},{"$i":"bluetoothButton-on","$v":"Kveikja á Bluetooth"},{"$i":"bluetoothButton-on-initializing","$v":"Kv. á Bluetooth, ræsir"},{"$i":"bluetoothButton-off","$v":"Slökkva á Bluetooth"},{"$i":"airplaneMode-on","$v":"Kv. á flugstill."},{"$i":"airplaneMode-off","$v":"Sl. á flugstill."},{"$i":"airplaneOff","$v":"Slökkva á flugstillingu"},{"$i":"settingsButton","ariaLabel":"Still."},{"$i":"simLabel","$v":["SIM-kort ",{"t":"idOrVar","v":"id"}]},{"$i":"statusbarLabel","$v":[{"t":"idOrVar","v":"date"},", ",{"t":"idOrVar","v":"operator"}]},{"$i":"statusbarDateFormat","$v":"%b %e"},{"$i":"statusbar","ariaLabel":"Stöðustika"},{"$i":"statusbarBattery","ariaLabel":["Rafhlaða í ",{"t":"idOrVar","v":"level"}," prósentum"]},{"$i":"statusbarBatteryCharging","ariaLabel":["Rafhlaða í ",{"t":"idOrVar","v":"level"}," prósentum, hleður"]},{"$i":"statusbarFlightMode","ariaLabel":"Kv. á flugstill."},{"$i":"statusbarWiFiConnecting","$v":"Wi-Fi: tengist"},{"$i":"statusbarWiFiConnected","$v":["Wi-Fi: ",{"t":"idOrVar","v":"level"}," af 4 strikum"]},{"$i":"statusbarSignal","$v":["Símkerfi ",{"t":"idOrVar","v":"operator"},", ",{"t":"idOrVar","v":"level"}," af 5 strikum"]},{"$i":"statusbarSignalRoaming","$v":["Símkerfi ",{"t":"idOrVar","v":"operator"}," (í reiki), ",{"t":"idOrVar","v":"level"}," af 5 strikum"]},{"$i":"statusbarSignalNoneSearching","$v":"Leitar ... Eing. neyðarsímt."},{"$i":"statusbarHeadphones","ariaLabel":"Kv. á heyrnart."},{"$i":"statusbarBluetoothHeadphones","ariaLabel":"Kv. á Bluetooth-heyrnartólum"},{"$i":"statusbarBluetoothTransferring","ariaLabel":"Bluetooth-flutn. virkur"},{"$i":"statusbarIconOn-tethering","$v":"Kv. á tjóðrun"},{"$i":"statusbarIconOnActive-tethering","$v":"Kv. á tjóðrun, virkt"},{"$i":"statusbarAlarm","ariaLabel":"Kv. á vekjara"},{"$i":"statusbarIME","ariaLabel":"Kv. á IME"},{"$i":"statusbarIconOn-bluetooth","$v":"Kv. á Bluetooth"},{"$i":"statusbarIconOnActive-bluetooth","$v":"Kv. á Bluetooth, virkt"},{"$i":"statusbarIconOn-mute","$v":"Kv. á þöggun"},{"$i":"statusbarIconOn-vibration","$v":"Kv. á titr."},{"$i":"statusbarRecording","ariaLabel":"Upptaka um"},{"$i":"statusbarGeolocation","ariaLabel":"Kv. á landfr. staðsetn."},{"$i":"statusbarUsb","ariaLabel":"Kv. á USB"},{"$i":"statusbarForwarding","$v":"Kveikt á símtalsflutningi"},{"$i":"statusbarPlaying","ariaLabel":"Efni í spilun"},{"$i":"statusbarNfc","ariaLabel":"Kv. á NFC"},{"$i":"statusbarDownloads","ariaLabel":"Sækir …"},{"$i":"statusbarNetworkActivity","ariaLabel":"Kv. á neti"},{"$i":"statusbarEmergencyCBNotification","ariaLabel":"Svarhring. neyðarsímt."},{"$i":"statusbarNotifications","$v":{"few":[{"t":"idOrVar","v":"n"}," tilk."],"many":[{"t":"idOrVar","v":"n"}," tilk."],"one":[{"t":"idOrVar","v":"n"}," tilk."],"other":[{"t":"idOrVar","v":"n"}," tilk."],"two":[{"t":"idOrVar","v":"n"}," tilk."]},"$x":[{"t":"idOrVar","v":"plural"},"n"]},{"$i":"statusbarNotifications-unread","ariaLabel":{"$x":[{"t":"idOrVar","v":"plural"},"n"],"$v":{"few":[{"t":"idOrVar","v":"n"}," ólesnar tilkynningar"],"many":[{"t":"idOrVar","v":"n"}," ólesnar tilkynningar"],"one":[{"t":"idOrVar","v":"n"}," ólesin tilkynning"],"other":[{"t":"idOrVar","v":"n"}," ólesnar tilkynningar"],"two":[{"t":"idOrVar","v":"n"}," ólesnar tilkynningar"]}}},{"$i":"clear","$v":"Hreinsa"},{"$i":"clear-all","$v":"Hreinsa allt"},{"$i":"notification-title","$v":{"few":[{"t":"idOrVar","v":"n"}," tilk."],"many":[{"t":"idOrVar","v":"n"}," tilk."],"one":[{"t":"idOrVar","v":"n"}," tilk."],"other":[{"t":"idOrVar","v":"n"}," tilk."],"two":[{"t":"idOrVar","v":"n"}," tilk."],"zero":[{"t":"idOrVar","v":"n"}," tilk."]},"$x":[{"t":"idOrVar","v":"plural"},"n"]},{"$i":"notification-dialog-no-notices","$v":"Engar tilk."},{"$i":"notification-title-new","$v":{"few":[{"t":"idOrVar","v":"n"}," tilk."],"many":[{"t":"idOrVar","v":"n"}," tilk."],"other":[{"t":"idOrVar","v":"n"}," tilk."],"two":[{"t":"idOrVar","v":"n"}," tilk."],"one":[{"t":"idOrVar","v":"n"}," tilkynning"],"zero":[{"t":"idOrVar","v":"n"}," tilkynning"]},"$x":[{"t":"idOrVar","v":"plural"},"n"]},{"$i":"notification-dialog-no-notices-new","$v":"Engin tilkynning"},{"$i":"attentionScreen-tapToShow","$v":"Pikkaðu til að birta"},{"$i":"camera","$v":"Myndavél"},{"$i":"kai-dflt-value-level","$v":"Stilla gildisstig"},{"$i":"kai-dflt-range-value-name","$v":"Stig"},{"$i":"newVoicemails","$v":{"few":[{"t":"idOrVar","v":"n"}," ný talhólfsskilaboð"],"many":[{"t":"idOrVar","v":"n"}," ný talhólfsskilaboð"],"one":"Ein ný talhólfsskilaboð","other":[{"t":"idOrVar","v":"n"}," ný talhólfsskilaboð"],"two":[{"t":"idOrVar","v":"n"}," ný talhólfsskilaboð"],"zero":"Engin ný talhólfsskilaboð"},"$x":[{"t":"idOrVar","v":"plural"},"n"]},{"$i":"newVoicemailsUnknown","$v":"Ný talhólfsskilaboð"},{"$i":"dialNumber","$v":["Hringja í ",{"t":"idOrVar","v":"number"}]},{"$i":"voicemailNotificationMultiSim","$v":["(SIM",{"t":"idOrVar","v":"n"},"-kort) ",{"t":"idOrVar","v":"title"}]},{"$i":"euRoamingNotificationTitle","$v":"ESB-internet greint"},{"$i":"euRoamingNotificationMsg","$v":"Pikkaðu til að breyta."},{"$i":"restart","$v":"Endurræsa"},{"$i":"power","$v":"Slökkva"},{"$i":"lock","$v":"Læsa"},{"$i":"cleanup","$v":"Hreinsa minni"},{"$i":"no-recent-app-windows","$v":"Nýlegir forritagluggar eru sýndir hér"},{"$i":"no-recent-browser-windows","$v":"Nýlegir vafragluggar eru sýndir hér"},{"$i":"closeCard","ariaLabel":"Loka"},{"$i":"openCard","ariaLabel":"Opna"},{"$i":"yes","$v":"Já"},{"$i":"no","$v":"Nei"},{"$i":"dontallow","$v":"Ekki leyfa"},{"$i":"allow","$v":"Leyfa"},{"$i":"dontshare-geolocation","$v":"Ekki deila"},{"$i":"share-geolocation","$v":"Deila"},{"$i":"dontshare-audio-capture","$v":"Ekki deila"},{"$i":"share-audio-capture","$v":"Deila"},{"$i":"dontshare-video-capture","$v":"Ekki deila"},{"$i":"share-video-capture","$v":"Deila"},{"$i":"dontshare-media-capture","$v":"Ekki deila"},{"$i":"share-media-capture","$v":"Deila"},{"$i":"device-front","$v":"Fremri myndavél"},{"$i":"device-back","$v":"Aftari myndavél"},{"$i":"front-camera","$v":"Fremri myndavél"},{"$i":"back-camera","$v":"Aftari myndavél"},{"$i":"more-info","$v":"Frekari uppl. ..."},{"$i":"hide-info","$v":"Fela uppl."},{"$i":"install-app","$v":["Setja upp ",{"t":"idOrVar","v":"name"},"?"]},{"$i":"size","$v":"Stærð"},{"$i":"author","$v":"Höfundur"},{"$i":"size-unknown","$v":"Óþekkt"},{"$i":"author-unknown","$v":"Óþekkt"},{"$i":"install","$v":"Setja upp"},{"$i":"bytes","$v":"bæti"},{"$i":"kB","$v":"KB"},{"$i":"MB","$v":"MB"},{"$i":"GB","$v":"GB"},{"$i":"TB","$v":"TB"},{"$i":"PB","$v":"PB"},{"$i":"app-install-generic-error","$v":["Niðurhal á ",{"t":"idOrVar","v":"appName"}," stöðvað"]},{"$i":"app-install-download-failed","$v":["Niðurhal á ",{"t":"idOrVar","v":"appName"}," mistókst"]},{"$i":"app-install-install-failed","$v":["Upps. á ",{"t":"idOrVar","v":"appName"}," mistókst"]},{"$i":"cancelling-will-not-refund","$v":"Kaup ekki endurgr. ef h. er við. Uppr. selj. endurgr. gr. efni."},{"$i":"apps-can-be-installed-later","$v":"Hægt er að setja forrit upp síðar frá upprunalegum stað uppsetn."},{"$i":"are-you-sure-you-want-to-cancel","$v":"Viltu örugglega hætta við þessa uppsetningu?"},{"$i":"cancel-install","$v":"H. við upps."},{"$i":"cancel-install-button","$v":"H. við upps."},{"$i":"resume","$v":"Halda áfram"},{"$i":"continue","$v":"Halda áfr."},{"$i":"stopDownloading","$v":["Stöðva niðurhal á ",{"t":"idOrVar","v":"app"},"?"]},{"$i":"app-download-can-be-restarted","$v":"Hægt er að endurræsa niðurhalið síðar."},{"$i":"app-download-stop-button","$v":"Stöðva niðurhal"},{"$i":"not-enough-space","$v":"Of lítið pláss"},{"$i":"not-enough-space-message","$v":"Of lítið pláss til að setja þetta forrit upp. Losaðu pláss með því að eyða gömlum forr. eða efni og prófaðu að setja forr. upp aftur frá upprunastað."},{"$i":"app-install-success","$v":[{"t":"idOrVar","v":"appName"}," uppsett"]},{"$i":"app-install-update","$v":[{"t":"idOrVar","v":"appName"}," uppfært"]},{"$i":"langpack-install-success2","$v":[{"t":"idOrVar","v":"appName"}," uppsett. Opnaðu „Stillingar > Tungumál“ til að virkja það."]},{"$i":"setup","$v":"Uppsetning"},{"$i":"ime-addkeyboards","$v":"Bæta við lyklaborðum"},{"$i":"ime-lowercase","$v":"Lágstafir"},{"$i":"ime-uppercase","$v":"Hástafir"},{"$i":"ime-number","$v":"Númer"},{"$i":"ime-capitalize","$v":"Setja í hást."},{"$i":"ime-t9","$v":"T9"},{"$i":"ime-r9","$v":"R9"},{"$i":"ime-predictive","$v":"Flýtiritun"},{"$i":"ime-insert-word","$v":"Setja inn orð"},{"$i":"ime-voice-input-messsage","$v":"Haltu Í lagi inni til að tala í textareit."},{"$i":"later","$v":"Síðar"},{"$i":"download","$v":"Niðurhal"},{"$i":"wantToDownload","$v":"Sækja uppf. núna?"},{"$i":"wantToInstallNow","$v":"Viltu setja upp uppfærsluna núna? Þú munt ekki geta notað símann í nokkrar mínútur."},{"$i":"installNow","$v":"Setja upp núna"},{"$i":"notNow","$v":"Ekki núna"},{"$i":"downloadingUpdateMessage","innerHTML":{"$o":["Uppfærslur sóttar … <span>",{"t":"idOrVar","v":"progress"}," sótt.</span>"]}},{"$i":"downloadingAppMessage","$v":["Sækir ",{"t":"idOrVar","v":"appName"}]},{"$i":"downloadingAppProgressNoMax","$v":[{"t":"idOrVar","v":"progress"}," sótt"]},{"$i":"downloadingAppProgressIndeterminate","$v":"Niðurhal"},{"$i":"downloadingAppProgress","$v":[{"t":"idOrVar","v":"progress"}," / ",{"t":"idOrVar","v":"max"}," sótt"]},{"$i":"cancelAllDownloads","$v":"H. við allt niðurh."},{"$i":"wantToCancelAll","$v":"Viltu örugglega hætta við allt niðurhal?"},{"$i":"downloadError","$v":"Villa kom upp við að sækja uppfærslurnar."},{"$i":"updateAvailableInfo","innerHTML":{"$x":[{"t":"idOrVar","v":"plural"},"n"],"$v":{"few":{"$o":[{"t":"idOrVar","v":"n"}," uppf. í boði. <span>Pikkaðu til að fá meiri uppl.</span>"]},"many":{"$o":[{"t":"idOrVar","v":"n"}," uppf. í boði. <span>Pikkaðu til að fá meiri uppl.</span>"]},"one":{"$o":[{"t":"idOrVar","v":"n"}," uppf. í boði. <span>Pikkaðu til að fá meiri uppl.</span>"]},"other":{"$o":[{"t":"idOrVar","v":"n"}," uppf. í boði. <span>Pikkaðu til að fá meiri uppl.</span>"]},"two":{"$o":[{"t":"idOrVar","v":"n"}," uppf. í boði. <span>Pikkaðu til að fá meiri uppl.</span>"]}}}},{"$i":"numberOfUpdates","$v":{"few":[{"t":"idOrVar","v":"n"}," tilkynningar"],"many":[{"t":"idOrVar","v":"n"}," tilkynningar"],"one":[{"t":"idOrVar","v":"n"}," tilkynning"],"other":[{"t":"idOrVar","v":"n"}," tilkynningar"],"two":[{"t":"idOrVar","v":"n"}," tilkynningar"]},"$x":[{"t":"idOrVar","v":"plural"},"n"]},{"$i":"systemUpdate","$v":"Kerfisuppf."},{"$i":"systemUpdateReady","$v":"Kerfisuppf. tilbúin"},{"$i":"updates","$v":"Uppf."},{"$i":"systemUpdateLowBatteryThreshold","$v":["Hleðsla rafhlöðu verður að vera minnst ",{"t":"idOrVar","v":"threshold"},"% til að setja upp uppf."]},{"$i":"required","$v":"Áskilið"},{"$i":"uncompressingMessage","innerHTML":{"$o":"Afþjappar ... <span>Þetta getur tekið nokkrar mín.</span>"}},{"$i":"downloadWifiPrioritizedUsing2G","$v":"Uppf. eru sóttar um gagnatengingu þegar Wi-Fi er ekki tiltækt. Viðbótargjöld kunna að verða innheimt fyrir notkun gagnatengingar og hugsanlega er lokað fyrir símtöl."},{"$i":"downloadWifiPrioritized3","$v":"Uppf. eru sóttar um gagnatengingu þegar Wi-Fi er ekki tiltækt. Viðbótargjöld kunna að verða innheimt fyrir notkun gagnatengingar."},{"$i":"downloadNoWifiWarning","$v":"Wi-Fi ekki tiltækt. Hugsanlega þarf að greiða aukalega fyrir uppf. um núverandi teng."},{"$i":"downloadOfflineWarning2","$v":"Tengstu neti til að sækja uppfærslur."},{"$i":"downloadUpdatesViaDataConnection","$v":"Sækja uppfærslur um gagnatengingu?"},{"$i":"downloadUpdatesVia2GForbidden3","$v":"Ekki er hægt að sækja uppfærslur um hægar nettengingar (2G). Tengstu Wi-Fi eða 3G-neti (ef til staðar) og reyndu aftur."},{"$i":"downloadUpdatesViaDataConnectionMessage3","$v":"Viðbótargjöld kunna að verða innheimt þegar gagnateng. er notuð. Viltu halda áfram?"},{"$i":"downloadUpdatesViaDataRoamingConnection","$v":"Sækja uppfærslur í gagnareiki?"},{"$i":"downloadUpdatesViaDataRoamingConnectionMessage","$v":"Þú ert í reiki og viðbótargjöld kunna að vera innheimt. Viltu halda áfram?"},{"$i":"screenshotSaved","$v":"Skjámynd vistuð í galleríi"},{"$i":"screenshotFailed","$v":"Ekki var hægt að vista skjámynd"},{"$i":"screenshotNoSDCard","$v":"Ekkert minniskort fannst"},{"$i":"screenshotSDCardInUse","$v":"Minniskort er í notkun"},{"$i":"screenshotSDCardLow","$v":"Of lítið pláss á minniskorti"},{"$i":"emergency-call-button","$v":"Neyðarsímtal"},{"$i":"emergency-call","$v":"Neyð"},{"$i":"unlock-a11y-button","ariaLabel":"Opna"},{"$i":"camera-a11y-button","ariaLabel":"Myndavél"},{"$i":"longDateFormat","$v":"%A, %B %e"},{"$i":"clockDateFormat","$v":"%a, %e %b"},{"$i":"panel-passcode","ariaLabel":"Svæði með aðgangskóða"},{"$i":"open-notification","$v":"opna"},{"$i":"unlock","$v":"Opna"},{"$i":"login","$v":"Skrá inn"},{"$i":"sign-in-to-website","$v":"Skrá inn á vefsvæði"},{"$i":"username","$v":"Notandanafn"},{"$i":"password","$v":"Aðgangsorð"},{"$i":"show-password","$v":"Sýna aðgangsorð"},{"$i":"http-authentication-message2","$v":["Vefsvæðið „",{"t":"idOrVar","v":"host"},"“ krefst þess að þú skráir þig inn."]},{"$i":"error-message","$v":[{"t":"idOrVar","v":"name"}," hleðst ekki rétt"]},{"$i":"error-title","$v":[{"t":"idOrVar","v":"name"}," á í vandræðum"]},{"$i":"unable-to-connect","$v":"Engin tenging næst"},{"$i":"tap-to-check-settings","$v":"Pikkaðu til að ath. still."},{"$i":"set","$v":"Stilla"},{"$i":"delete-title","$v":["Eyða ",{"t":"idOrVar","v":"name"}]},{"$i":"delete-body","$v":[{"t":"idOrVar","v":"name"}," og öllum gögnum þess verður eytt."]},{"$i":"delete","$v":"Fjarlægja"},{"$i":"delete-desc","$v":"Viltu örugglega fjarlægja það?"},{"$i":"unrecoverable-error-title","$v":"Fjarlægja forrit"},{"$i":"unrecoverable-error-body","$v":"Ekki er hægt að setja upp forrit vegna óafturkræfrar villu. Reyndu að sækja aftur. Forritið verður fjarlægt."},{"$i":"unrecoverable-error-action","$v":"Í lagi"},{"$i":"instant-settings","$v":"skyndistillingar"},{"$i":"settings","$v":"Still."},{"$i":"flashlight","$v":"Vasaljós"},{"$i":"brightness","$v":"Birtustig"},{"$i":"volume","$v":"Hljóðst."},{"$i":"calculator","$v":"Reiknivél"},{"$i":"airplane-mode","$v":"Flugst."},{"$i":"wifi","$v":"Wi-Fi"},{"$i":"bluetooth","$v":"Bluetooth"},{"$i":"cellular-data","$v":"Farsímagögn"},{"$i":"on","$v":"Kv."},{"$i":"off","$v":"Slökkt"},{"$i":"percentage-number","$v":[{"t":"idOrVar","v":"number"},"%"]},{"$i":"select-time","$v":"Velja tíma"},{"$i":"select-date","$v":"Velja dags."},{"$i":"battery-almost-empty-plug-in-your-charger","$v":"Rafhlaðan er að tæmast. Settu hleðslutækið í samband."},{"$i":"battery-temperature-warning-header","$v":"Viðvörun"},{"$i":"battery-temperature-high","$v":"Of hár hiti. Síminn slekkur á sér ef hitinn heldur áfram að hækka."},{"$i":"battery-temperature-high-stop-charging","$v":"Of hár hiti. Rafhlaða hleður ekki. Síminn slekkur á sér ef hitinn heldur áfram að hækka."},{"$i":"battery-temperature-low","$v":"Of lágur hiti. Síminn slekkur á sér ef hitinn heldur áfram að lækka."},{"$i":"battery-temperature-low-stop-charging","$v":"Of lágur hiti. Rafhlaða hleður ekki. Síminn slekkur á sér ef hitinn heldur áfram að lækka."},{"$i":"crash-dialog2-os","$v":[{"t":"idOrVar","v":"brandShortName"}," jafnaði sig eftir hrun"]},{"$i":"crash-dialog-app","$v":[{"t":"idOrVar","v":"name"}," hrundi"]},{"$i":"crash-dialog-app-noname","$v":"Eitthvað"},{"$i":"crash-dialog-message","$v":"Viltu senda KaiOS skýrslu um hrunið til að hjálpa okkur að laga vandamálið? (Skýrslur eru aðeins sendar um Wi-Fi.)"},{"$i":"crash-info-link","$v":"Hvað er í hrunskýrslu?"},{"$i":"crash-always-report","$v":"Alltaf senda KaiOS skýrslu þegar hrun á sér stað."},{"$i":"crash-dont-send","$v":"Ekki senda"},{"$i":"crash-end","$v":"Senda skýrslu"},{"$i":"crashReports","$v":"Hrunskýrslur"},{"$i":"done","$v":"Lokið"},{"$i":"crash-reports-description-1","$v":"Hrunskýrsla inniheldur einhverjar upplýsingar um hrunið og tækið þitt, ásamt skjáskoti af stöðu tækisins þegar það hrundi."},{"$i":"crash-reports-description-2","$v":"Þetta kann að fela í sér hluti eins og opn. síður og forr., texta sem sleginn er inn á eyðubl. og efni opinna skilab., nýleg. vefferil eða landfr. staðsetn. sem opið forr. notar."},{"$i":"crash-reports-description-3-start","$v":"Við notum hrunskýrsl. til að reyna að laga vandamál og bæta vörurnar okkar. Við meðhöndl. uppl. þínar eins og lýst var í "},{"$i":"crash-reports-description-3-privacy","$v":"persónuverndarstefna"},{"$i":"crash-reports-description-3-end","$v":"."},{"$i":"crash-banner-os2","$v":[{"t":"idOrVar","v":"brandShortName"}," hrundi."]},{"$i":"crash-banner-app","$v":[{"t":"idOrVar","v":"name"}," hrundi."]},{"$i":"crash-banner-report","$v":"Skrá"},{"$i":"bluetooth-sending-progress","$v":"Sendir skrá um Bluetooth"},{"$i":"bluetooth-receiving-progress","$v":"Móttek. skrá um Bluetooth"},{"$i":"acceptFileTransfer","$v":"Flutningsbeiðni"},{"$i":"requestToReceive","$v":[{"t":"idOrVar","v":"deviceName"}," vill fá að flytja skrá(r). Viltu samþykkja það?"]},{"$i":"wantToReceiveFile","$v":[{"t":"idOrVar","v":"deviceName"}," vill fá að flytja „",{"t":"idOrVar","v":"fileName"},"“ (",{"t":"idOrVar","v":"fileSize"},")."]},{"$i":"transfer-confirmation-title","$v":[{"t":"idOrVar","v":"deviceName"}]},{"$i":"transfer-confirmation-description","$v":"Skoða flutningsbeiðni."},{"$i":"byteUnit-B","$v":"B"},{"$i":"byteUnit-KB","$v":"KB"},{"$i":"byteUnit-MB","$v":"MB"},{"$i":"byteUnit-GB","$v":"GB"},{"$i":"byteUnit-TB","$v":"TB"},{"$i":"byteUnit-PB","$v":"PB"},{"$i":"byteUnit-EB","$v":"EB"},{"$i":"byteUnit-ZB","$v":"ZB"},{"$i":"byteUnit-YB","$v":"YB"},{"$i":"fileSize","$v":[{"t":"idOrVar","v":"size"}," ",{"t":"idOrVar","v":"unit"}]},{"$i":"deny","$v":"Hafna"},{"$i":"transfer","$v":"Flytja"},{"$i":"accept","$v":"Samþykkja"},{"$i":"stop","$v":"Stöðva"},{"$i":"cancelFileTransfer","$v":"H. við Bluetooth-skráaflutn.?"},{"$i":"continueFileTransfer","$v":"Halda áfr."},{"$i":"transfer-has-started-title","$v":"Skráafl. er tilb. að hefjast"},{"$i":"transfer-has-started-description","$v":"Bíður staðfestingar"},{"$i":"transfer-has-started-toast","$v":"Skráafl. hafinn. Fylgstu með framvindunni í tilk."},{"$i":"transferFinished-sentSuccessful-title","$v":"Skrá send"},{"$i":"transferFinished-receivedSuccessful-title","$v":"Skrá móttekin"},{"$i":"transferFinished-failed-title","$v":"Skráafl. mist."},{"$i":"transferFinished-try-again-description","$v":"Ekki hægt að senda skrá núna. Reyndu aftur síðar."},{"$i":"transferReport-title","$v":"Skýrsla um flutning:"},{"$i":"transferReport-description","$v":[{"t":"idOrVar","v":"numSuccessful"}," skrár tókust, ",{"t":"idOrVar","v":"numUnsuccessful"}," skrár tókust ekki"]},{"$i":"unknown-file","$v":"Óþekkt skrá"},{"$i":"unknown-device","$v":"Óþekkt tæki"},{"$i":"cannotOpenFile","$v":"Ekki hægt að opna móttekna skrá"},{"$i":"unknownMediaTypeToOpenFile","$v":["Ekki hægt að opna óþekkta gerð miðils: ",{"t":"idOrVar","v":"fileName"}]},{"$i":"cannotReceiveFile","$v":"Ekki hægt að taka við skrá"},{"$i":"cannotGetStorageState","$v":"Ekki hægt að sækja geymslust. tækis."},{"$i":"sdcard-not-exist2","$v":"Ekkert minniskort fannst. Settu minniskort í."},{"$i":"sdcard-in-use","$v":"Ekki hægt að nota Bluetooth meðan síminn er í sambandi. Taktu símann úr sambandi til að fá skrá(r)."},{"$i":"sdcard-no-space2","$v":"Ekki hægt að ljúka flutn.: minniskort er fullt."},{"$i":"unknown-error","$v":"Óþekkt villa"},{"$i":"confirm","$v":"Staðf."},{"$i":"stopTransferTitle","$v":"Stöðva skráaflutning"},{"$i":"stopTransferContent","$v":"Viltu hætta að flytja skrá yfir Bluetooth?"},{"$i":"storage","$v":"Geymsla"},{"$i":"sdcard-detected-title","$v":"SD-kort fannst"},{"$i":"no-sdcard-title","$v":"Ekkert SD-kort"},{"$i":"sdcard-total-size-body","$v":["Heildarst.: ",{"t":"idOrVar","v":"size"}," ",{"t":"idOrVar","v":"unit"}]},{"$i":"sdcard-unknown-size-then-tap-to-format-body","$v":"Óþekkt stærð, pikkaðu til að sníða"},{"$i":"sdcard-removed-title","$v":"SD-kort fjarlægt"},{"$i":"sdcard-removed-ejected-successfully","$v":"Ýtt út"},{"$i":"sdcard-removed-not-ejected-properly","$v":"Ekki ýtt rétt út"},{"$i":"set-sdcard-as-default-media-location","$v":"SD-kort fannst. Vel. SD-kort sem sjálfg. staðsetn. efnis?"},{"$i":"no-sdcard-content","$v":"Settu SD-kort í til að fá meira pláss."},{"$i":"sim-confirmation-content","$v":["Farsímagögnum er úthlutað á SIM",{"t":"idOrVar","v":"n"},"."]},{"$i":"sim-confirmation-title","$v":"Skipt um SIM-kort"},{"$i":"sim-confirmation-notice-title","$v":"Skipt um SIM-kort"},{"$i":"sim-confirmation-notice","$v":"Veldu til að sjá upplýsingar."},{"$i":"sim-hot-plug","$v":"Sími verður endurræstur"},{"$i":"sim-hot-plug-empty","$v":"Síminn verður endurræstur þar sem SIM-kortin voru fjarlægð."},{"$i":"sim-hot-plug-empty-confirm","$v":"Gakktu úr skugga um að SIM-kortið hafi verið dregið alveg út og ýttu svo á „Í lagi“ til að endurræsa."},{"$i":"noSimCard","$v":"Ekkert SIM-kort"},{"$i":"lockedSim","$v":"Læst SIM"},{"$i":"noService","$v":"Utan símkerfis"},{"$i":"eccOnly","$v":"Emergency calls only"},{"$i":"nocard-eccOnly","$v":"No SIM card-Emergency calls only"},{"$i":"unusablecard-eccOnly","$v":"Unusable SIM card-Emergency calls only"},{"$i":"searching","$v":"Leitar …"},{"$i":"simPin","$v":"PIN-nr. SIM-korts"},{"$i":"pukCode","$v":"PUK-nr."},{"$i":"nckCode","$v":"NCK-nr."},{"$i":"cckCode","$v":"CCK-númer"},{"$i":"spckCode","$v":"SPCK-nr."},{"$i":"nck1code","$v":"NCK1-nr."},{"$i":"nck2code","$v":"NCK2-nr."},{"$i":"hnckcode","$v":"HNCK-númer"},{"$i":"rcckcode","$v":"RCCK-nr."},{"$i":"rspckcode","$v":"RSPCK-nr."},{"$i":"ncklockContent","$v":["Rauf ",{"t":"idOrVar","v":"n"}," er nck-læst."]},{"$i":"whatIsSimPin","$v":"Hvað er PIN-nr. SIM-korts?"},{"$i":"simPinIntro1","$v":"PIN-númer SIM-korts hindrar aðgang að farsímagagnanetum SIM-kortsins. Þegar kveikt er á því biðja tæki með SIM-kortinu um PIN-númerið við endurræsingu."},{"$i":"simPinIntro2","$v":"PIN-númer SIM-korts er ekki það sama og aðgangskóðinn til að taka tækið úr lás."},{"$i":"changeSimPin","$v":"Br. PIN-nr."},{"$i":"pinTitle","$v":"Sláðu inn PIN-númer SIM-korts"},{"$i":"multiSIMpinTitle","$v":["Sláðu inn PIN-nr. SIM ",{"t":"idOrVar","v":"n"},"-korts"]},{"$i":"multiSIMpukTitle","$v":["Sláðu inn PUK",{"t":"idOrVar","v":"n"}," PIN-nr."]},{"$i":"multiSIMnckTitle","$v":["Sláðu inn NCK",{"t":"idOrVar","v":"n"}," PIN-nr."]},{"$i":"multiSIMxckTitle","$v":["Slá inn SIM",{"t":"idOrVar","v":"n"}," ",{"t":"idOrVar","v":"type"}]},{"$i":"xckTitle","$v":["Sláðu inn ",{"t":"idOrVar","v":"type"},"-kóða"]},{"$i":"xckCode","$v":[{"t":"idOrVar","v":"type"},"-kóði"]},{"$i":"xckBlocked","$v":["Lokað á ",{"t":"idOrVar","v":"type"}]},{"$i":"pukTitle","$v":"Sláðu inn PUK-nr."},{"$i":"nckTitle","$v":"Sláðu inn NCK-nr."},{"$i":"cckTitle","$v":"Sláðu inn CCK-nr."},{"$i":"spckTitle","$v":"Sláðu inn SPCK-nr."},{"$i":"nck1Title","$v":"Sláðu inn NCK1-nr."},{"$i":"nck2Title","$v":"Sláðu inn NCK2-nr."},{"$i":"hnckTitle","$v":"Sláðu inn HNCK-nr."},{"$i":"rcckTitle","$v":"Sláðu inn RCCK-nr."},{"$i":"rspckTitle","$v":"Sláðu inn RSPCK-nr."},{"$i":"newpinTitle","$v":"Nýtt PIN-nr."},{"$i":"inputCodeRetriesLeft","$v":{"few":[{"t":"idOrVar","v":"n"}," tilraunir eftir."],"many":[{"t":"idOrVar","v":"n"}," tilraunir eftir."],"one":"1 tilr. eftir.","other":[{"t":"idOrVar","v":"n"}," tilraunir eftir."],"two":[{"t":"idOrVar","v":"n"}," tilraunir eftir."]},"$x":[{"t":"idOrVar","v":"plural"},"n"]},{"$i":"pinErrorMsg","$v":"Rangt PIN-nr."},{"$i":"pinAttemptMsg2","$v":{"few":["Þú átt ",{"t":"idOrVar","v":"n"}," tilr. eftir til að slá inn rétt númer áður en SIM-kortinu er læst."],"many":["Þú átt ",{"t":"idOrVar","v":"n"}," tilr. eftir til að slá inn rétt númer áður en SIM-kortinu er læst."],"one":"Þú átt eina tilr. eftir til að slá inn rétt nr. áður en SIM-kortinu er læst.","other":["Þú átt ",{"t":"idOrVar","v":"n"}," tilr. eftir til að slá inn rétt númer áður en SIM-kortinu er læst."],"two":["Þú átt ",{"t":"idOrVar","v":"n"}," tilr. eftir til að slá inn rétt númer áður en SIM-kortinu er læst."]},"$x":[{"t":"idOrVar","v":"plural"},"n"]},{"$i":"pinLastChanceMsg","$v":"Þetta er síðasta tækifærið þitt til að slá inn rétt PIN-nr. Annars þarftu að slá inn PUK-nr. til að nota SIM-kortið."},{"$i":"simCardLockedMsg","$v":"SIM-kortið er læst."},{"$i":"enterPukMsg","$v":"Þú verður að slá inn PUK-númerið fyrir SIM-kortið. Skoðaðu fylgiskjöl SIM-kortsins eða fáðu nánari upplýsingar hjá símafyrirtækinu."},{"$i":"pukErrorMsg","$v":"Rangt PUK-nr."},{"$i":"pukAttemptMsg2","$v":{"few":["Þú átt ",{"t":"idOrVar","v":"n"}," tilr. eftir til að slá inn rétt númer áður en ekki verður hægt að nota SIM-kortið aftur. Skoðaðu fylgiskjöl SIM-kortsins eða fáðu nánari upplýsingar hjá símafyrirtækinu."],"many":["Þú átt ",{"t":"idOrVar","v":"n"}," tilr. eftir til að slá inn rétt númer áður en ekki verður hægt að nota SIM-kortið aftur. Skoðaðu fylgiskjöl SIM-kortsins eða fáðu nánari upplýsingar hjá símafyrirtækinu."],"one":"Þú átt eina tilr. eftir til að slá inn rétt númer áður en ekki verður hægt að nota SIM-kortið aftur. Skoðaðu fylgiskjöl SIM-kortsins eða fáðu nánari upplýsingar hjá símafyrirtækinu.","other":["Þú átt ",{"t":"idOrVar","v":"n"}," tilr. eftir til að slá inn rétt númer áður en ekki verður hægt að nota SIM-kortið aftur. Skoðaðu fylgiskjöl SIM-kortsins eða fáðu nánari upplýsingar hjá símafyrirtækinu."],"two":["Þú átt ",{"t":"idOrVar","v":"n"}," tilr. eftir til að slá inn rétt númer áður en ekki verður hægt að nota SIM-kortið aftur. Skoðaðu fylgiskjöl SIM-kortsins eða fáðu nánari upplýsingar hjá símafyrirtækinu."]},"$x":[{"t":"idOrVar","v":"plural"},"n"]},{"$i":"pukLastChanceMsg","$v":"Síðasta tækifærið til að slá inn rétt PUK-númer. Ekki verður hægt að nota SIM-kortið ef þú slærð inn rangt PUK-númer. Skoðaðu fylgiskjöl SIM-kortsins eða fáðu nánari upplýsingar hjá símafyrirtækinu."},{"$i":"cardPermanentlyLockMsg-head","$v":"Rangt PUK-nr."},{"$i":"cardPermanentlyLockMsg-body","$v":"SIM-kortið hefur verið læst varanlega. Fáðu nánari uppl. hjá símafyrirtækinu."},{"$i":"newSimPinMsg","$v":"Búa til PIN-nr. (4–8 tölustafir)"},{"$i":"confirmNewSimPinMsg","$v":"Staðf. nýtt PIN-nr."},{"$i":"newPinErrorMsg","$v":"PIN-nr. stemma ekki."},{"$i":"nckErrorMsg","$v":"NCK-númerið er rangt."},{"$i":"nckAttemptMsg2","$v":{"few":["Beiðni um að gera kerfi ópersbund. mist. Þú átt ",{"t":"idOrVar","v":"n"}," tilr. eftir til að slá inn rétt nr. Skoðaðu fylgiskjöl tækis eða fáðu nán. uppl. hjá símafyrirt."],"many":["Beiðni um að gera kerfi ópersbund. mist. Þú átt ",{"t":"idOrVar","v":"n"}," tilr. eftir til að slá inn rétt nr. Skoðaðu fylgiskjöl tækis eða fáðu nán. uppl. hjá símafyrirt."],"one":"Beiðni um að gera kerfi ópersbund. mist. Þú átt eina tilr. eftir til að slá inn rétt nr. Skoðaðu fylgiskjöl tækis eða fáðu nán. uppl. hjá símafyrirt.","other":["Beiðni um að gera kerfi ópersbund. mist. Þú átt ",{"t":"idOrVar","v":"n"}," tilr. eftir til að slá inn rétt nr. Skoðaðu fylgiskjöl tækis eða fáðu nán. uppl. hjá símafyrirt."],"two":["Beiðni um að gera kerfi ópersbund. mist. Þú átt ",{"t":"idOrVar","v":"n"}," tilr. eftir til að slá inn rétt nr. Skoðaðu fylgiskjöl tækis eða fáðu nán. uppl. hjá símafyrirt."]},"$x":[{"t":"idOrVar","v":"plural"},"n"]},{"$i":"nckLastChanceMsg","$v":"Beiðni um að gera kerfi ópersbund. mist. Síð. tækif. til að slá inn rétt NCK-nr. Skoðaðu fylgiskjöl tækis eða fáðu nán. uppl. hjá símafyrirt."},{"$i":"sim-attention-header","$v":"SIM-kort læst"},{"$i":"multiSIM-attention-header","$v":["SIM",{"t":"idOrVar","v":"n"}," læst"]},{"$i":"sim-attention-head","$v":"SIM-kort er læst."},{"$i":"sim-attention-body","$v":"Viltu slá inn PUK-númer til opna SIM-kort?"},{"$i":"enter-puk-rsk","$v":"Sláðu inn PUK-nr."},{"$i":"verify-rsk","$v":"Lokið"},{"$i":"activity-pick","$v":"Velja úr"},{"$i":"activity-view","$v":"Skoða með"},{"$i":"activity-test","$v":"Prófa með"},{"$i":"activity-share","$v":"Deila"},{"$i":"activity-new","$v":"Búa til með"},{"$i":"activity-open","$v":"Opna með"},{"$i":"activity-save-bookmark","$v":"Bókamerkja á"},{"$i":"activity-record","$v":"Taka upp frá"},{"$i":"activity-browse","$v":"Leita með"},{"$i":"activity-configure","$v":"Stilla með"},{"$i":"activity-dial","$v":"Hringja frá"},{"$i":"remoteDebuggerMessage","$v":"Utanaðkomandi beiðni um að heimila fjartengda kembingu var greind. Viltu leyfa tengingu?"},{"$i":"captive-wifi-available","$v":["Netið „",{"t":"idOrVar","v":"networkName"},"“ fannst. Tengjast við netið?"]},{"$i":"ceWarningtitle","$v":"Hljóðstyrksviðv."},{"$i":"ceWarningcontent","$v":"Til að koma í veg fyrir hugsanl. heyrnarskaða skal ekki hlusta á háum hljóðst. í lengri tíma."},{"$i":"is-volume-type-notification","$v":"Hringit. og áminn."},{"$i":"is-volume-type-telephony","$v":"Hljóðstyrkur"},{"$i":"is-volume-type-alarm","$v":"Vekjari"},{"$i":"is-volume-type-content","$v":"Efni"},{"$i":"kai-volume-type-notification","$v":"HRINGITÓNAR OG ÁMINNINGAR"},{"$i":"kai-volume-type-telephony","$v":"HLJÓÐSTYRKUR"},{"$i":"volume-type-alarm","$v":"Vekjari"},{"$i":"volume-type-content","$v":"Efni"},{"$i":"vibrate-only","$v":"Aðeins titr."},{"$i":"silent","$v":"Án hljóðs"},{"$i":"vibrate-on","$v":"Titr.: Kv."},{"$i":"vibrate-off","$v":"Titr.: Sl."},{"$i":"vibrate","$v":"Titra"},{"$i":"kai-volume","$v":["Hljóðst.:",{"t":"idOrVar","v":"n"},"/",{"t":"idOrVar","v":"c"}]},{"$i":"notification-powersaving-mode-on-title","$v":"Orkusparnaðarstill."},{"$i":"notification-powersaving-mode-on-description","$v":"Kv. er á orkusparnaðarstill."},{"$i":"low-device-storage","$v":"Lítið pláss í tæki."},{"$i":"storage-alert","$v":"Geymsla viðvörun"},{"$i":"phone-almost-full","$v":"Síminn er næstum því fullur."},{"$i":"free-space","$v":{"few":["Innan við ",{"t":"idOrVar","v":"value"}," ",{"t":"idOrVar","v":"unit"}," eftir."],"many":["Innan við ",{"t":"idOrVar","v":"value"}," ",{"t":"idOrVar","v":"unit"}," eftir."],"one":["Innan við ",{"t":"idOrVar","v":"value"}," ",{"t":"idOrVar","v":"unit"}," eftir."],"other":["Innan við ",{"t":"idOrVar","v":"value"}," ",{"t":"idOrVar","v":"unit"}," eftir."],"two":["Innan við ",{"t":"idOrVar","v":"value"}," ",{"t":"idOrVar","v":"unit"}," eftir."],"zero":"Ekkert laust pláss."},"$x":[{"t":"idOrVar","v":"plural"},"value"]},{"$i":"unknown-free-space","$v":"Óvíst hve mikið pláss er eftir."},{"$i":"can-delete-data-to-get-space","$v":"Þú getur eytt einhverjum efnisskrám eða stjórnað forritagögnum til að losa pláss."},{"$i":"should-delete-data-to-get-space","$v":"Þú verður að eyða margmiðlunarskrám eða fara yfir forritagögn til að fá meira pláss áður en þú heldur áfram að nota þetta tæki."},{"$i":"storage-full-level-1-title","$v":"Sími næstum fullt"},{"$i":"storage-full-level-2-title","$v":"Símageymsla full."},{"$i":"delete-to-get-space","$v":"Eyddu efnisskrám, forritsgögnum eða sóttum forritum til að losa um pláss."},{"$i":"delete-to-get-space-level-2","$v":"Eyddu efnisskrám, forritsgögnum eða sóttum forritum til að losa um pláss. Annars mun síminn ekki virka með réttum hætti."},{"$i":"system-alert","$v":"Kerfisviðv."},{"$i":"cb-channel","$v":["Rás ",{"t":"idOrVar","v":"channel"}]},{"$i":"cell-broadcast-subtitle","$v":"Endurvarpi"},{"$i":"cb-etws-warningType-earthquake","$v":"Jarðskjálftaviðv.!"},{"$i":"cb-etws-warningType-tsunami","$v":"Skjálftaflóðbviðv!"},{"$i":"cb-etws-warningType-earthquake-tsunami","$v":"Jarðskj.-/skjálftaflóðbviðv.!"},{"$i":"cb-etws-warningType-test","$v":"Viðvörunarkerfi í prófun."},{"$i":"cb-etws-warningType-other","$v":"Neyðarviðvörun!"},{"$i":"icc-message-maintitle","$v":"Upplýsingaskilaboð"},{"$i":"icc-message-subtitle","$v":"SIM-kort"},{"$i":"icc-confirmCall-defaultmessage","$v":["Hringja í ",{"t":"idOrVar","v":"number"},"?"]},{"$i":"icc-alertMessage-defaultmessage","$v":"Sendir skilaboð"},{"$i":"icc-confirmMessage-defaultmessage","$v":"Senda skilaboð?"},{"$i":"icc-notification-title","$v":["SIM-kort ",{"t":"idOrVar","v":"id"}," STK"]},{"$i":"icc-inputbox-maintitle","$v":"STK-fyrirspurn"},{"$i":"icc-inputbox-subtitle","$v":["SIM-kort ",{"t":"idOrVar","v":"id"}]},{"$i":"emergency-callback-mode","$v":"Still. f. svarhring. neyðarsímt."},{"$i":"emergency-callback-message","$v":"Þú getur ekki hringt, sent skilaboð eða farið á netið vegna þess að kveikt er á svarhringingu neyðarsímtala. Á að sl. á henni?"},{"$i":"cdma-record-info","$v":"Uppl. um CDMA-skrá"},{"$i":"download_started","$v":"Niðurhal hafið"},{"$i":"download_stopped","$v":"Niðurhal stöðvað"},{"$i":"download_downloading","$v":[{"t":"idOrVar","v":"percentage"},"%"]},{"$i":"download_succeeded","$v":"Niðurhali lokið"},{"$i":"download_failed","$v":"Niðurhal mist."},{"$i":"update_succeeded","$v":"Uppfærslu lokið"},{"$i":"download_text_by_default","$v":[{"t":"idOrVar","v":"name"}]},{"$i":"phone-storage-full-title","$v":"Símageymsla er full"},{"$i":"phone-storage-full-warning","$v":"Ekki tókst að sækja skrá. Eyddu margmiðlunarskrám eða forritagögnum til að losa pláss. Þú getur líka sett inn SD-kort til að auka efnisgeymslu."},{"$i":"sdcard-storage-full-title","$v":"SD-kort fullt."},{"$i":"sdcard-storage-full-warning","$v":"Ekki tókst að sækja skrá. Eyddu skrám af SD-kortinu til að losa um pláss."},{"$i":"opt-settings","$v":"Stillingar"},{"$i":"search-the-web","$v":"Leitað á vefnum"},{"$i":"search-or-enter-address","$v":"Leita/slá inn veffang","placeholder":"Leita/slá inn veffang"},{"$i":"search-or-enter-url","$v":"Leita/slá inn vefslóð","placeholder":"Leita/slá inn vefslóð"},{"$i":"back-button","ariaLabel":"Til baka"},{"$i":"forward-button","ariaLabel":"Framsenda"},{"$i":"reload-button","ariaLabel":"Endurhlaða"},{"$i":"stop-button","ariaLabel":"Stöðva"},{"$i":"windows-button","ariaLabel":"Sýna glugga"},{"$i":"noHotspotWhenAPMisOnWifiHotspot","$v":"Sl. á flugst. til að nota heitan Wi-Fi reit."},{"$i":"apmActivated","$v":"Flugstilling virkjuð"},{"$i":"save-image","$v":"Vista mynd"},{"$i":"save-video","$v":"Vista myndband"},{"$i":"save-audio","$v":"Vista hljóð"},{"$i":"share-image","$v":"Deila mynd"},{"$i":"share-video","$v":"Deila myndb."},{"$i":"share-audio","$v":"Deila hljóði"},{"$i":"kai-cancelButtonId","$v":"Hætta við"},{"$i":"kai-not-send","$v":"Ekki senda"},{"$i":"kai-send-report","$v":"Senda skýrslu"},{"$i":"refresh","$v":"Uppfæra"},{"$i":"goBack","$v":"Til baka"},{"$i":"goForward","$v":"Fara áfram"},{"$i":"goToTopSites","$v":"Opna vinsælustu vefsvæðin"},{"$i":"pinToTopSites","$v":"Festa á vinsælustu vefsvæðin"},{"$i":"pinToAllApps","$v":"Festa í „Öll forrit“"},{"$i":"pinToAppsMenu","$v":"Festa á forritavalmynd"},{"$i":"viewMessages","$v":"Skoða skilaboð"},{"$i":"downloadImage","$v":"Sækja mynd"},{"$i":"quit","$v":"Hætta"},{"$i":"minimizeBrowser","$v":"Fela vafra"},{"$i":"pinSiteCompletely","$v":"Þetta vefsv. var fest á „Vinsæl. vefsv.“."},{"$i":"siteWasPinnedBefore","$v":"Þetta vefsv. var áður fest á „Vinsæl. vefsv.“."},{"$i":"pinnedSitesOverLimit","$v":"Hámarksfjölda festra vefsvæða er náð."},{"$i":"pressBackAgainToQuitBrowser","$v":"Ýttu aftur á TIL BAKA til að hætta í vafra."},{"$i":"pressBackAgainToMinimizeBrowser","$v":"Ýttu aftur á TIL BAKA til að fela vafrann."},{"$i":"pinSiteToAllAppsCompletely","$v":"Þetta vefsvæði var fest í „Öll forrit“."},{"$i":"pinSiteToAppsMenuCompletely","$v":"Þetta vefsvæði var fest á forritavalmynd."},{"$i":"siteWasPinnedToAllAppsBefore","$v":"Þetta vefsvæði var þegar fest í „Öll forrit“."},{"$i":"siteWasPinnedToAppsMenuBefore","$v":"Þetta vefsvæði var þegar fest á forritavalmynd."},{"$i":"ext-bluetooth-req","$v":"Pörunarbeiðni"},{"$i":"ext-unknown","$v":"ÓÞEKKT"},{"$i":"ext-new-message","$v":"Ný skilaboð"},{"$i":"ext-new-mail","$v":"Nýr póstur"},{"$i":"ext-calendar-event","$v":"Dagbókarviðb."},{"$i":"ext-new-notification","$v":"Nýjar tilk."},{"$i":"incoming","$v":"Móttekið"},{"$i":"ext-volume-notification","$v":"Hringitónar og tilk."},{"$i":"ext-volume-content","$v":"Efni"},{"$i":"ext-volume-alarm","$v":"Vekjari"},{"$i":"ext-new-cmas","$v":"Neyð"},{"$i":"phone-storage-full-body","$v":"Upptaka á símtali stöðvuð. Eyddu margmiðlunarskrám eða forritagögnum til að losa um pláss."},{"$i":"sd-card-full-title","$v":"SD-kort fullt."},{"$i":"sd-card-full-body","$v":"Upptaka á símtali stöðvuð. Eyddu skrám af SD-kortinu til að losa um pláss."},{"$i":"supl-notification-title","$v":"Staðsetningarbeiðni"},{"$i":"supl-notification-message","$v":"Verið er að senda staðsetn. þína til símafyrirtækisins."},{"$i":"supl-verification-title","$v":"Staðsetningarbeiðni"},{"$i":"supl-verification-message","$v":"Símafyrirt. biður um staðsetn. þína. Gefa símafyrirt. staðsetnuppl. þínar?"},{"$i":"supl-verification-message-for-notification","$v":"Smelltu hér til að staðf."},{"$i":"supl-verification-confirm","$v":"Já"},{"$i":"supl-verification-cancel","$v":"Nei"},{"$i":"supl-more-message","$v":["Skilab.: ",{"t":"idOrVar","v":"id"}," (",{"t":"idOrVar","v":"message"},")"]},{"$i":"confirmPbapMsg","$v":[{"t":"idOrVar","v":"deviceId"}," vill fá aðgang að tengiliðunum þínum og símtalaferli. Viltu samþykkja?"]},{"$i":"confirmTitle","$v":"Bluetooth-beiðni"},{"$i":"initialValue","$v":"Sláðu inn lotulykil"},{"$i":"confirmMapMsg","$v":[{"t":"idOrVar","v":"deviceId"}," vill fá aðgang að skilaboðunum þínum. Viltu samþykkja það?"]},{"$i":"wifiCallErrorMsg","$v":["Villa í Wi-Fi símtali: ",{"t":"idOrVar","v":"error"}]},{"$i":"wifiCallMissEccTitle","$v":[{"t":"idOrVar","v":"operator"}," WiFi Calling"]},{"$i":"wifiCallMissEccMsg","$v":"Emergency calls in areas with cellular coverage only"},{"$i":"battery-full-title","$v":"Full rafhlaða"},{"$i":"battery-full-body","$v":"Rafhlaða er fullhlaðin."},{"$i":"sim-config-title","$v":"Stillingar"},{"$i":"sim-config-content-init","$v":["Smelltu á BYRJA til að stilla símann þinn fyrir ",{"t":"idOrVar","v":"carrier"},"."]},{"$i":"sim-config-content-change","$v":["Viltu stilla símann þinn fyrir ",{"t":"idOrVar","v":"carrier"},"?"]},{"$i":"sim-config-content-line1","$v":"Vel gert!"},{"$i":"sim-config-content-restart","$v":"Endurræstu símann til að virkja breytingarnar."},{"$i":"sim-config-content-finish","$v":"Smelltu á „Í lagi“ til að ljúka."},{"$i":"sim-config-content-failed","$v":["Finn ekki notandaupplýsingar fyrir ",{"t":"idOrVar","v":"carrier"},"."]},{"$i":"sim-config-button-restart","$v":"Endurræsa"},{"$i":"sim-config-button-begin","$v":"Byrjaðu"},{"$i":"open-wifi-available","$v":"Opna tiltæk Wi-Fi-net"},{"$i":"wifi-available","$v":"Tiltæk Wi-Fi-net"},{"$i":"wifi-no-internet-title","$v":"Wifi er ekki með internetaðgang"},{"$i":"wifi-no-internet-body","$v":"Tap for options"},{"$i":"wifi-no-internet-header","$v":"Wi-Fi"},{"$i":"wifi-no-internet-content","$v":[{"t":"idOrVar","v":"name"}," er ekki með internetaðgang. Viltu halda tengingunni?"]},{"$i":"ellipses_char","$v":"…"},{"$i":"fota-title-attention","$v":"Athugið"},{"$i":"fota-upgrade-success","$v":["Fastbúnaður var uppfærður. Tækið þitt er nú með útgáfu ",{"t":"idOrVar","v":"target"},"."]},{"$i":"fota-upgrade-failed","$v":"Uppfærsla mistókst. Fyrri útgáfa enduruppsett."},{"$i":"fota-title-software-update","$v":"Hugbúnaðaruppfærsla"},{"$i":"fota-message-software-update-available","$v":"Hugbúnaðaruppfærsla er í boði."},{"$i":"fota-message-software-download-failed","$v":"Niðurhal hugbúnaðaruppfærslu mistókst."},{"$i":"fota-message-software-download-complete","$v":"Niðurhali hugbúnaðaruppf. lokið."},{"$i":"network-issue-title","$v":"Net villa"},{"$i":"network-issue-detail","$v":"Kannaðu tenginguna."},{"$i":"device-issue-title","$v":"Setja upp Villa"},{"$i":"device-issue-detail","$v":"Óþekkt villa kom upp."},{"$i":"device-issue-update-title","$v":"Villa í uppfærslu"},{"$i":"install-generic-error","$v":"Niðurhal stöðvað."},{"$i":"account-authenticator-invaild-grant-notice-title","$v":"Reiknings Villa"},{"$i":"account-authenticator-invaild-grant-notice-text","$v":"Skráðu þig inn aftur"},{"$i":"account-authenticator-no-network-error","$v":"Engin internettenging."},{"$i":"account-authenticator-access-denied-error","$v":"Óþekkt villa kom upp."},{"$i":"qtn_els_alert_high_vol","$v":"Viðvörun um háan hljóðstyrk"},{"$i":"qtn_els_alert_in_call","$v":"Í símtali"},{"$i":"GetEmptyUssdPrompt","$v":"Null svar fékk."},{"$i":"message-sent","$v":"Skilaboð send"},{"$i":"send","$v":"Senda"},{"$i":"confirmation","$v":"Staðfesting"},{"$i":"kaistore-notice-title","$v":"KaiStore"},{"$i":"kaistore-notice-content","$v":"See what’s in store."},{"$i":"feedback-dialogview-header","$v":"Ábendingar"},{"$i":"feedback-dialogview-message","$v":"Álit þitt skiptir HMD Global miklu máli, svo endilega láttu okkur vita hvað þér finnst um nýja símann. Ef þú vilt taka þátt í þessari könnun síðar geturðu fundið hana undir Stillingar."},{"$i":"dataConnection-off","$v":"Slökkva á farsímagögnum?"},{"$i":"dataConnection-off-content","$v":"Þú munt ekki geta notað forrit eða þjónustu sem krefst gagnatengingar nema þú notir Wi-Fi."},{"$i":"turn-off-location","$v":"Slökkva á staðsetningarþjónustu?"},{"$i":"turn-off-location-content","$v":"Landfræðileg staðsetningarþjónusta verður ekki í boði ef þú slekkur á þessu tæki. Hins vegar verður hugsanlega enn tekið gjald fyrir farsímagögn ef þú hefur kveikt á þessu."},{"$i":"firefox-accounts-title","$v":"KaiOS-reikn."},{"$i":"firefox-accounts-title-sign-in","$v":"Skrá inn"},{"$i":"firefox-accounts-title-create-account","$v":"Stofna reikn."},{"$i":"kaios-accounts-title-about-kaios-account","$v":"Um KaiOS-reikning"},{"$i":"kaios-accounts-phone-verification","$v":"Staðfesting síma"},{"$i":"kaios-accounts-title-account-info","$v":"Reikningsupplýsingar"},{"$i":"fxa-next","$v":"Áfram"},{"$i":"fxa-back","$v":"Til baka"},{"$i":"fxa-done","$v":"Lokið"},{"$i":"fxa-ok","$v":"Í lagi"},{"$i":"kai-verification-mail-has-been-sent","$v":"Staðfestingartengill var sendur á"},{"$i":"fxa-decline","$v":"Hafna"},{"$i":"fxa-accept","$v":"Samþykkja"},{"$i":"fxa-sining-in","$v":"Skráir inn ..."},{"$i":"not-now","$v":"Ekki núna"},{"$i":"send-sms","$v":"Senda SMS"},{"$i":"resend-sms","$v":"Endursenda SMS"},{"$i":"fxa-connection-error-title","$v":"Engin tenging næst"},{"$i":"fxa-connection-error-message","$v":"Þú getur stofnað reikning eða skráð þig inn í still."},{"$i":"fxa-reset-password-error-title","$v":"Endurst. aðgangsorð"},{"$i":"fxa-reset-password-error-message","$v":"Þú getur endurst. aðgangsorðið í stillingum."},{"$i":"fxa-incorrect-email-address-or-password","$v":"fxa incorrect email address or password"},{"$i":"fxa-internet-connection-is-required","$v":"fxa internet connection is required"},{"$i":"fxa-server-error","$v":"Villa á þjóni, rey. aft. síð."},{"$i":"fxa-server-error-2","$v":"Villa"},{"$i":"fxa-server-error-message","$v":"Ekki tókst að búa til reikning. Reyndu aftur síðar."},{"$i":"fxa-server-error-message-2","$v":"Netþjónninn er ekki tiltækur. Reyndu aftur síðar."},{"$i":"fxa-offline-error-title","$v":"Engin tenging næst"},{"$i":"fxa-offline-error-message","$v":"Tengstu neti í stillingum."},{"$i":"fxa-offline-error-message-1","$v":"Engin internettenging."},{"$i":"fxa-invalid-email-title","$v":"Villa"},{"$i":"fxa-invalid-email-message","$v":"Sláðu inn gilt netfang."},{"$i":"fxa-invalid-password-title","$v":"Villa"},{"$i":"fxa-invalid-password-message","$v":"Rangt netfang eða aðgangsorð"},{"$i":"fxa-invalid-password-message-1","$v":"Rangt aðgangsorð."},{"$i":"fxa-unknown-error-title","$v":"Engin tenging næst"},{"$i":"fxa-unknown-error-message","$v":"Kerfi ekki tiltækt, reyndu fljótt aftur."},{"$i":"fxa-email-is-taken-title","$v":"Villa"},{"$i":"fxa-email-is-taken-message","$v":"Þetta netfang er þegar tengt við reikning. Skráðu þig inn á reikninginn."},{"$i":"fxa-confirm-age-title","$v":"Villa"},{"$i":"fxa-confirm-age-message","$v":"Staðfestu að þú sért eldri en 13 ára"},{"$i":"fxa-account-does-not-exist","$v":"Villa"},{"$i":"fxa-account-does-not-exist-message","$v":"Rangt netfang eða aðgangsorð"},{"$i":"fxa-account-does-not-exist-message-1","$v":"Account does not exist."},{"$i":"fxa-password-dont-match","$v":"Villa"},{"$i":"fxa-password-dont-match-message","$v":"Aðgangsorð stemma ekki."},{"$i":"fxa-password-less","$v":"Villa"},{"$i":"fxa-password-less-message","$v":"Aðgangsorðið er styttra en 8 stafir."},{"$i":"fxa-password-less-message-1","$v":"Aðgangsorðið er styttra en 8 stafir."},{"$i":"fxa-password-more","$v":"Villa"},{"$i":"fxa-password-more-message","$v":"Aðgangsorðið er lengra en 20 stafir."},{"$i":"fxa-password-more-message-1","$v":"Aðgangsorðið er lengra en 20 stafir."},{"$i":"fxa-password-error","$v":"Villa"},{"$i":"fxa-password-error-message","$v":"Aðgangsorð verður að vera 8-20 stafir og innih. bókst. og tölust."},{"$i":"fxa-connecting","$v":"Tengist"},{"$i":"fxa-enter-phone-number-message","$v":"Sláðu inn símanúmerið þitt. SMS verður sent og sjálfv. staðf. hefst."},{"$i":"fxa-sms-has-been-sent-message","$v":"SMS var sent. Þegar það hefur verið móttekið hefst sjálfv. staðfest. Slappaðu af á meðan!"},{"$i":"fxa-time-remaining","$v":"Tími eftir:"},{"$i":"fxa-sms-verification-failed-message","$v":"SMS staðfesting mistókst. Staðfestu númerið og reyndu aftur með því að ýta á „Endursenda SMS“."},{"$i":"fxa-phone-number-label","$v":"Símanúmer"},{"$i":"fxa-enter-your-infomation","$v":"Sláðu inn upplýsingarnar þínar."},{"$i":"fxa-birthday-label","$v":"Fæðingardagur"},{"$i":"fxa-birthday-select","$v":"Velja"},{"$i":"fxa-gender-label","$v":"Kyn"},{"$i":"fxa-gender-select","$v":"Velja"},{"$i":"fxa-gender-male","$v":"Karl"},{"$i":"fxa-gender-female","$v":"Kona"},{"$i":"fxa-gender-confidential","$v":"Trúnaðarmál"},{"$i":"fxa-enter-email-input","placeholder":"Sláðu inn netf. þitt"},{"$i":"fxa-use-email-to-sign-in","$v":"Sláðu inn netfangið þitt. Netfangið verður heiti reikningsins."},{"$i":"fxa-notice","$v":["Með því að halda áfram samþykki ég ",{"t":"idOrVar","v":"tos"}," og ",{"t":"idOrVar","v":"pn"}," skýjaþjónustu KaiOS."]},{"$i":"fxa-placeholder","$v":"Netf. þitt hér"},{"$i":"fxa-tos","$v":"Þjónustuskilmálar"},{"$i":"fxa-pn","$v":"Tilk. um persónuv."},{"$i":"fxa-create-account-title","$v":"Stofna reikn."},{"$i":"fxa-show-age-title","$v":"Ég er eldri en 13 ára"},{"$i":"fxa-enter-password-title","$v":"Sláðu inn aðgangsorð. Aðgangsorðið verður að vera 8-20 stafir að lengd og innihalda bæði bókstafi og tölustafi."},{"$i":"fxa-enter-password-title-1","$v":"Sláðu inn aðgangsorð. Aðgangsorðið verður að vera 8–20 stafir að lengd og innihalda bæði bókstafi og tölustafi."},{"$i":"fxa-setup-password-title","$v":"Setja upp aðgangsorð"},{"$i":"fxa-create-password-title","$v":"Búa til aðgangsorð"},{"$i":"fxa-hello-user","$v":["Halló, ",{"t":"idOrVar","v":"email"}]},{"$i":"fxa-password-refresh","$v":"Sláðu inn aðgangsorð fyrir KaiOS-reikninginn til að halda áfram."},{"$i":"fxa-password","$v":"Aðgangsorð","placeholder":"Aðgangsorð"},{"$i":"fxa-forgot-your-password","$v":"Gleymdirðu aðgangsorðinu?"},{"$i":"fxa-show-password","$v":"Sýna aðgangsorð"},{"$i":"fxa-password-length-requirement","$v":"Aðgangsorðið verður að vera minnst 8 stafir að lengd."},{"$i":"fxa-confirm-account","$v":"Staðf. reikn."},{"$i":"fxa-will-send-email","$v":"Reikningurinn var stofnaður."},{"$i":"fxa-signup-click-verification-link-in-email","$v":["Við sendum staðfestingarpóst á ",{"t":"idOrVar","v":"email"},". Athugaðu innhólfið þitt og staðfestu og virkjaðu reikninginn þinn."]},{"$i":"fxa-access-manage-account-settings","$v":"Virkjunartengill rennur út eftir sólarhr."},{"$i":"fxa-signup-success-title","$v":"Reikn. stofnaður"},{"$i":"about-kaios-account-text","$v":"Lorem ipsum dolor sit amet, con-sectetur adipiscing elit, sed do eiusmod tempor incididunt ut labore et dolore magna aliqua. Ut enim ad minim veniam, quis nos-trud exercitation ullamco laboris nisi ut aliquip ex ea commodo consequat. Duis aute irure dolor in reprehenderit in voluptate velit esse cillum dolore eu fugiat nulla pariatur. Excepteur sint occaecat cupidatat non proident, sunt in culpa qui officia deserunt mollit anim id est laborum."},{"$i":"about-kaios-account-text1","$v":"KaiOS-reikningur veitir auðkenningu fyrir KaiOS-þjónustu. Reikningurinn auðkennir notandann og tækið og gefur aðgang að eiginleikum eins og fjarstýringu tækja og viðbótarþjónustu."},{"$i":"about-kaios-account-text2","$v":"Netfangs og aðgangsorðs er krafist til að stofna reikning. Notandi þarf að staðfesta netfangið með tengli í tölvupósti sem sendur er við stofnun reiknings. Reikningurinn er ekki virkjaður fyrr en þetta netfang er staðfest."},{"$i":"about-kaios-account-text3","$v":"Með því að halda áfram að stofna reikn. samþ. þú skilm. og persónuverndarst."},{"$i":"fxa-signin-email","$v":"Heiti reikn."},{"$i":"fxa-signin-password","$v":"Aðgangsorð"},{"$i":"fxa-signin-success-title","$v":"Reikn. þinn"},{"$i":"fxa-signin-lsk","$v":"Gleymt aðgangsorð"},{"$i":"fxa-signin-rsk","$v":"Skrá inn"},{"$i":"fxa-change-password-title","$v":"Breyta aðgangsorði"},{"$i":"fxa-change-password-description","$v":"Sláðu inn núverandi aðgangsorð og veldu nýtt aðgangsorð."},{"$i":"fxa-new-password","$v":"Nýtt aðgangsorð"},{"$i":"fxa-changing-password","$v":"Breytir aðgangsorði …"},{"$i":"fxa-forgot-password-title","$v":"Gleymt aðgangsorð"},{"$i":"fxa-forgot-password","$v":"gleymt aðgangsorð"},{"$i":"fxa-forgot-password-sk","$v":"Gleymt aðg.orð"},{"$i":"fxa-forgot-password-success-title","$v":"Póstur til að endurst. aðangsorð send."},{"$i":"fxa-reset-password-succcess-content","$v":"Tölvupósturinn til að endurst. aðgangsorðið var sent á netfangið þitt."},{"$i":"fxa-reset-password-succcess-content-part2","$v":"Athugaðu innhólfið og endurstilltu aðgangsorðið þitt."},{"$i":"fxa-sign-out-title","$v":"Kveikt er á þjófavörn"},{"$i":"fxa-sign-out-intro","$v":"staðfestu að þú viljir slökkva á þjófavörn og skrá þig út."},{"$i":"fxa-sign-out-intro-1","$v":"Staðfestu að þú viljir slökkva á þjófavarnarstillingu og skrá þig út."},{"$i":"fxa-signout-email","$v":"Reikn. þinn"},{"$i":"fxa-confirm-password","$v":"Staðf. aðgangsorð"},{"$i":"fxa-signing-out","$v":"Skráir út ..."},{"$i":"fxa-sign-out-error-title","$v":"Villa"},{"$i":"fxa-sign-out-error-message","$v":"Útskráning af reikningi mistókst. Reyndu aftur síðar"},{"$i":"fxa-sign-out-error-message-1","$v":"Ekki tókst að skrá út af reikningi. Reyndu aftur síðar."},{"$i":"fxa-connection-is-required-title","$v":"Villa"},{"$i":"fxa-connection-is-required-message","$v":"Internettengingar er krafist"},{"$i":"fxa-check-password-title","$v":"Sl. á þjófavörn"},{"$i":"fxa-disable-antitheft-checkpassword-message","$v":"Staðfestu að þú viljir slökkva á þjófavörn."},{"$i":"fxa-reset-factory-checkpassword-message","$v":"Til að endurst. tæki þarftu að slá inn aðgangsorð og sl. á þjófav."},{"$i":"fxa-reset-factory-checkpassword-message-1","$v":"Til að endurstilla tækið þarftu að slá inn aðgangsorðið og slökkva á þjófavarnarstillingunni."},{"$i":"fxa-enter-email-to-reset-password","$v":"Sláðu inn netfang fyrir reikninginn. Við sendum tengil til að endurstilla aðgangsorð."},{"$i":"fxa-enter-email-to-reset-password-1","$v":"Sláðu inn netfang fyrir reikninginn. Við sendum tengil til að endurstilla aðgangsorðið."},{"$i":"fxa-account-not-found","$v":"Reikn. finnst ekki. Prófaðu aftur."},{"$i":"fxa-multiple-sign-in-attempts-title","$v":"Margar innskráningartilr."},{"$i":"fxa-multiple-sign-in-attempts-content","$v":"Þú hefur slegið inn rangt aðgangsorð mörgum sinnum"},{"$i":"fxa-multiple-sign-in-attempts-content-1","$v":"Þú slóst inn rangt aðgangsorð nokkrum sinnum."},{"$i":"fxa-multiple-sign-in-attempts-content-retry","$v":"Reyndu aftur síðar"},{"$i":"shortDateFormat","$v":"%B %d, %Y"},{"$i":"network-error-in-app","$v":"Eng. aðgangur að netinu eins og er."},{"$i":"network-error-launching","$v":[{"t":"idOrVar","v":"name"}," þarf internettengingu."]},{"$i":"network-error-launching-title","$v":"Engin nettenging"},{"$i":"network-error-launching-message","$v":"Notaðu Wi-Fi eða farsímag. til að fá aðg. að internetinu."},{"$i":"server-not-found","$v":"Netþjónn fannst ekki"},{"$i":"server-not-found-error","$v":["Þjónninn finnst ekki í „",{"t":"idOrVar","v":"name"},"“."]},{"$i":"file-not-found","$v":"Skrá finnst ekki"},{"$i":"file-not-found-error","$v":"Tækið getur ekki birt þessa síðu vegna þess að skráin finnst ekki."},{"$i":"connection-failed","$v":"Engin tenging næst"},{"$i":"connection-failed-error","$v":"Netvilla kom upp þegar reynt var að ná í vefsvæðið."},{"$i":"invalid-connection","$v":"Engin tenging næst"},{"$i":"invalid-connection-error","$v":"Netvilla kom upp þegar reynt var að ná í vefsvæðið."},{"$i":"malformed-uri","$v":"Vefslóð ógild"},{"$i":"malformed-uri-error","$v":"Vefslóðin sem slegin var inn er ógild og ekki er hægt að hlaða hana."},{"$i":"redirect-loop","$v":"Ekki hægt að birta síðu"},{"$i":"redirect-loop-error","$v":"Tækið getur ekki birt þessa síðu vegna þess að síðan er ekki framsend á réttan hátt. Prófaðu þessa síðu aftur seinna."},{"$i":"not-cached","$v":"Síða útrunnin"},{"$i":"not-cached-error","$v":"Af öryggisástæðum er ekki hægt að birta þessa vefsíðu í tækinu vegna þess að hún er útrunnin."},{"$i":"is-printing","$v":"Aðgangi hafnað"},{"$i":"is-printing-error","$v":"Ekki er hægt að breyta skjalinu á meðan það er í prentun eða forskoð. prentunar."},{"$i":"denied-port-access","$v":"Vistfang takmarkað"},{"$i":"denied-port-access-error","$v":"Þetta vistfang notar nettengi sem venjulega er notað í öðrum tilgangi en fyrir vefskoðun. Tækið hefur afturkallað beiðnina til að tryggja öryggi þitt."},{"$i":"proxy-resolve-failure","$v":"Villa á proxy-miðlara"},{"$i":"proxy-resolve-failure-error","$v":"Tækið er stillt á að nota proxy-þjón sem finnst ekki."},{"$i":"proxy-connect-failure","$v":"Villa á proxy-miðlara"},{"$i":"proxy-connect-failure-error","$v":"Tækið er stillt á að nota proxy-þjón sem neitar að tengjast."},{"$i":"content-encoding","$v":"Ekki hægt að birta síðu"},{"$i":"content-encoding-error","$v":"Tækið getur ekki birt þessa síðu vegna þess að villa við kóðun efnis kom upp."},{"$i":"remote-xul","$v":"Síða ekki studd"},{"$i":"remote-xul-error","$v":"Ekki er hægt að birta þessa síðu vegna þess að hún notar tækni sem ekki er studd í tækinu."},{"$i":"phishing-blocked","$v":"Viðvörun"},{"$i":"phishing-blocked-error","$v":"Vefsv. hefur verið tilkynnt sem falsað vefsv. sem hannað er til að gabba notendur til að deila persónul. eða fjármálatengd. uppl."},{"$i":"malware-blocked","$v":"Lokað fyrir árás spilliforr."},{"$i":"malware-blocked-error","$v":"Síðan hefur verið tilkynnt sem árásarsíða. Tækið hefur lokað fyrir beiðnina til að tryggja öryggi þitt."},{"$i":"unsafe-content-type","$v":"Óöruggt efni"},{"$i":"unsafe-content-type-error","$v":"Ekki er hægt að birta síðuna vegna þess að hugsanlega er ekki öruggt að opna hana."},{"$i":"corrupted-content","$v":"Engin tenging næst"},{"$i":"corrupted-content-error","$v":"Ekki er hægt að birta síðuna vegna þess að villa greindist í gagnaflutningnum."},{"$i":"unknown-protocol-found","$v":"Síða ekki studd"},{"$i":"unknown-protocol-found-error","$v":"Ekki hægt að birta síðu því hún notar tækni sem ekki er studd af tæki."},{"$i":"try-again","$v":"Reyndu aftur"},{"$i":"check-settings","$v":"Skoða still."},{"$i":"brandShortName","$v":"KaiOS"},{"$i":"browserBrandShortName","$v":"Web Browser"},{"$i":"browserBrandFullName","$v":"Mozilla Web Browser"},{"$i":"ringtoneBrandName","$v":"Default"},{"$i":"ringtoneSectionBrandName","$v":"System"},{"$i":"accessibility-enableScreenReaderSteps","$v":"To enable screen reader, press the volume up and then volume down buttons three more times"},{"$i":"accessibility-disableScreenReaderSteps","$v":"To disable screen reader, press the volume up and then volume down buttons three more times"},{"$i":"accessibility-screenReaderStarted","$v":"Screen reader started"},{"$i":"accessibility-screenReaderStopped","$v":"Screen reader stopped"},{"$i":"accessibility-menubar","$v":"menu bar"},{"$i":"accessibility-scrollbar","$v":"scroll bar"},{"$i":"accessibility-grip","$v":"grip"},{"$i":"accessibility-alert","$v":"alert"},{"$i":"accessibility-menupopup","$v":"menu popup"},{"$i":"accessibility-document","$v":"document"},{"$i":"accessibility-pane","$v":"pane"},{"$i":"accessibility-dialog","$v":"dialogue"},{"$i":"accessibility-separator","$v":"separator"},{"$i":"accessibility-toolbar","$v":"toolbar"},{"$i":"accessibility-statusbar","$v":"status bar"},{"$i":"accessibility-table","$v":"table"},{"$i":"accessibility-columnheader","$v":"column header"},{"$i":"accessibility-rowheader","$v":"row header"},{"$i":"accessibility-column","$v":"column"},{"$i":"accessibility-row","$v":"row"},{"$i":"accessibility-cell","$v":"cell"},{"$i":"accessibility-link","$v":"link"},{"$i":"accessibility-list","$v":"list"},{"$i":"accessibility-listitem","$v":"list item"},{"$i":"accessibility-outline","$v":"outline"},{"$i":"accessibility-outlineitem","$v":"outline item"},{"$i":"accessibility-pagetab","$v":"tab"},{"$i":"accessibility-propertypage","$v":"property page"},{"$i":"accessibility-graphic","$v":"graphic"},{"$i":"accessibility-pushbutton","$v":"button"},{"$i":"accessibility-checkbutton","$v":"check button"},{"$i":"accessibility-radiobutton","$v":"radio button"},{"$i":"accessibility-combobox","$v":"combo box"},{"$i":"accessibility-progressbar","$v":"progress bar"},{"$i":"accessibility-slider","$v":"slider"},{"$i":"accessibility-spinbutton","$v":"spin button"},{"$i":"accessibility-diagram","$v":"diagram"},{"$i":"accessibility-animation","$v":"animation"},{"$i":"accessibility-equation","$v":"equation"},{"$i":"accessibility-buttonmenu","$v":"button menu"},{"$i":"accessibility-whitespace","$v":"white space"},{"$i":"accessibility-pagetablist","$v":"tab list"},{"$i":"accessibility-canvas","$v":"canvas"},{"$i":"accessibility-checkmenuitem","$v":"ath. valm.atr."},{"$i":"accessibility-label","$v":"label"},{"$i":"accessibility-passwordtext","$v":"password text"},{"$i":"accessibility-radiomenuitem","$v":"valm.atr. útv."},{"$i":"accessibility-textcontainer","$v":"text container"},{"$i":"accessibility-togglebutton","$v":"toggle button"},{"$i":"accessibility-treetable","$v":"tree table"},{"$i":"accessibility-header","$v":"header"},{"$i":"accessibility-footer","$v":"footer"},{"$i":"accessibility-paragraph","$v":"paragraph"},{"$i":"accessibility-entry","$v":"entry"},{"$i":"accessibility-caption","$v":"caption"},{"$i":"accessibility-heading","$v":"heading"},{"$i":"accessibility-section","$v":"section"},{"$i":"accessibility-form","$v":"form"},{"$i":"accessibility-comboboxlist","$v":"combo box list"},{"$i":"accessibility-comboboxoption","$v":"combo box option"},{"$i":"accessibility-imagemap","$v":"image map"},{"$i":"accessibility-listboxoption","$v":"option"},{"$i":"accessibility-listbox","$v":"list box"},{"$i":"accessibility-flatequation","$v":"flat equation"},{"$i":"accessibility-gridcell","$v":"gridcell"},{"$i":"accessibility-note","$v":"note"},{"$i":"accessibility-figure","$v":"figure"},{"$i":"accessibility-definitionlist","$v":"definition list"},{"$i":"accessibility-term","$v":"term"},{"$i":"accessibility-definition","$v":"definition"},{"$i":"accessibility-textarea","$v":"text area"},{"$i":"accessibility-textInputType_date","$v":"date"},{"$i":"accessibility-textInputType_email","$v":"e-mail"},{"$i":"accessibility-textInputType_search","$v":"search"},{"$i":"accessibility-textInputType_tel","$v":"telephone"},{"$i":"accessibility-textInputType_url","$v":"URL"},{"$i":"accessibility-headingLevel","$v":["heading level ",{"t":"idOrVar","v":"0"}]},{"$i":"accessibility-listStart","$v":"First item"},{"$i":"accessibility-listEnd","$v":"Last item"},{"$i":"accessibility-listItemsCount","$v":{"few":[{"t":"idOrVar","v":"count"}," items"],"many":[{"t":"idOrVar","v":"count"}," items"],"one":[{"t":"idOrVar","v":"count"}," item"],"other":[{"t":"idOrVar","v":"count"}," items"],"two":[{"t":"idOrVar","v":"count"}," items"],"zero":[{"t":"idOrVar","v":"count"}," items"]},"$x":[{"t":"idOrVar","v":"plural"},"count"]},{"$i":"accessibility-objItemOfN","$v":[{"t":"idOrVar","v":"0"}," of ",{"t":"idOrVar","v":"1"}]},{"$i":"accessibility-banner","$v":"banner"},{"$i":"accessibility-complementary","$v":"complementary"},{"$i":"accessibility-contentinfo","$v":"content info"},{"$i":"accessibility-main","$v":"main"},{"$i":"accessibility-navigation","$v":"navigation"},{"$i":"accessibility-search","$v":"search"},{"$i":"accessibility-tblColumnInfo","$v":{"few":["with ",{"t":"idOrVar","v":"count"}," columns"],"many":["with ",{"t":"idOrVar","v":"count"}," columns"],"one":["with ",{"t":"idOrVar","v":"count"}," column"],"other":["with ",{"t":"idOrVar","v":"count"}," columns"],"two":["with ",{"t":"idOrVar","v":"count"}," columns"],"zero":["with ",{"t":"idOrVar","v":"count"}," columns"]},"$x":[{"t":"idOrVar","v":"plural"},"count"]},{"$i":"accessibility-tblRowInfo","$v":{"few":["and ",{"t":"idOrVar","v":"count"}," rows"],"many":["and ",{"t":"idOrVar","v":"count"}," rows"],"one":["and ",{"t":"idOrVar","v":"count"}," row"],"other":["and ",{"t":"idOrVar","v":"count"}," rows"],"two":["and ",{"t":"idOrVar","v":"count"}," rows"],"zero":["and ",{"t":"idOrVar","v":"count"}," rows"]},"$x":[{"t":"idOrVar","v":"plural"},"count"]},{"$i":"accessibility-columnInfo","$v":["Column ",{"t":"idOrVar","v":"0"}]},{"$i":"accessibility-rowInfo","$v":["Row ",{"t":"idOrVar","v":"0"}]},{"$i":"accessibility-spansColumns","$v":{"few":["spans ",{"t":"idOrVar","v":"0"}," columns"],"many":["spans ",{"t":"idOrVar","v":"0"}," columns"],"one":["spans ",{"t":"idOrVar","v":"0"}," column"],"other":["spans ",{"t":"idOrVar","v":"0"}," columns"],"two":["spans ",{"t":"idOrVar","v":"0"}," columns"],"zero":["spans ",{"t":"idOrVar","v":"0"}," columns"]},"$x":[{"t":"idOrVar","v":"plural"},"0"]},{"$i":"accessibility-spansRows","$v":{"few":["spans ",{"t":"idOrVar","v":"0"}," rows"],"many":["spans ",{"t":"idOrVar","v":"0"}," rows"],"one":["spans ",{"t":"idOrVar","v":"0"}," row"],"other":["spans ",{"t":"idOrVar","v":"0"}," rows"],"two":["spans ",{"t":"idOrVar","v":"0"}," rows"],"zero":["spans ",{"t":"idOrVar","v":"0"}," rows"]},"$x":[{"t":"idOrVar","v":"plural"},"0"]},{"$i":"accessibility-jumpAction","$v":"jumped"},{"$i":"accessibility-pressAction","$v":"pressed"},{"$i":"accessibility-checkAction","$v":"checked"},{"$i":"accessibility-uncheckAction","$v":"unchecked"},{"$i":"accessibility-selectAction","$v":"selected"},{"$i":"accessibility-unselectAction","$v":"unselected"},{"$i":"accessibility-openAction","$v":"opened"},{"$i":"accessibility-closeAction","$v":"closed"},{"$i":"accessibility-switchAction","$v":"switched"},{"$i":"accessibility-clickAction","$v":"clicked"},{"$i":"accessibility-collapseAction","$v":"collapsed"},{"$i":"accessibility-expandAction","$v":"expanded"},{"$i":"accessibility-activateAction","$v":"activated"},{"$i":"accessibility-cycleAction","$v":"cycled"},{"$i":"accessibility-hidden","$v":"hidden"},{"$i":"accessibility-tabLoading","$v":"loading"},{"$i":"accessibility-tabLoaded","$v":"loaded"},{"$i":"accessibility-tabNew","$v":"new tab"},{"$i":"accessibility-tabLoadStopped","$v":"loading stopped"},{"$i":"accessibility-tabReload","$v":"reloading"},{"$i":"accessibility-stateChecked","$v":"checked"},{"$i":"accessibility-stateNotChecked","$v":"not checked"},{"$i":"accessibility-statePressed","$v":"pressed"},{"$i":"accessibility-stateExpanded","$v":"expanded"},{"$i":"accessibility-stateCollapsed","$v":"collapsed"},{"$i":"accessibility-stateUnavailable","$v":"unavailable"},{"$i":"accessibility-stateRequired","$v":"required"},{"$i":"accessibility-stateTraversed","$v":"visited"},{"$i":"accessibility-stateHasPopup","$v":"has pop up"},{"$i":"accessibility-stateSelected","$v":"selected"},{"$i":"accessibility-editingMode","$v":"editing"},{"$i":"accessibility-navigationMode","$v":"navigating"},{"$i":"accessibility-quicknav_Simple","$v":"Default"},{"$i":"accessibility-quicknav_Anchor","$v":"Anchors"},{"$i":"accessibility-quicknav_Button","$v":"Buttons"},{"$i":"accessibility-quicknav_Combobox","$v":"Combo boxes"},{"$i":"accessibility-quicknav_Landmark","$v":"Landmarks"},{"$i":"accessibility-quicknav_Entry","$v":"Entries"},{"$i":"accessibility-quicknav_FormElement","$v":"Form elements"},{"$i":"accessibility-quicknav_Graphic","$v":"Images"},{"$i":"accessibility-quicknav_Heading","$v":"Headings"},{"$i":"accessibility-quicknav_ListItem","$v":"List items"},{"$i":"accessibility-quicknav_Link","$v":"Links"},{"$i":"accessibility-quicknav_List","$v":"Lists"},{"$i":"accessibility-quicknav_PageTab","$v":"Page tabs"},{"$i":"accessibility-quicknav_RadioButton","$v":"Radio buttons"},{"$i":"accessibility-quicknav_Separator","$v":"Separators"},{"$i":"accessibility-quicknav_Table","$v":"Tables"},{"$i":"accessibility-quicknav_Checkbox","$v":"Check boxes"},{"$i":"accessibility-menubarAbbr","$v":"menu bar"},{"$i":"accessibility-scrollbarAbbr","$v":"scroll bar"},{"$i":"accessibility-gripAbbr","$v":"grip"},{"$i":"accessibility-alertAbbr","$v":"alert"},{"$i":"accessibility-menupopupAbbr","$v":"menu popup"},{"$i":"accessibility-documentAbbr","$v":"document"},{"$i":"accessibility-paneAbbr","$v":"pane"},{"$i":"accessibility-dialogAbbr","$v":"dialogue"},{"$i":"accessibility-separatorAbbr","$v":"separator"},{"$i":"accessibility-toolbarAbbr","$v":"toolbar"},{"$i":"accessibility-statusbarAbbr","$v":"status bar"},{"$i":"accessibility-tableAbbr","$v":"tbl"},{"$i":"accessibility-columnheaderAbbr","$v":"column header"},{"$i":"accessibility-rowheaderAbbr","$v":"row header"},{"$i":"accessibility-columnAbbr","$v":"column"},{"$i":"accessibility-rowAbbr","$v":"row"},{"$i":"accessibility-cellAbbr","$v":"cell"},{"$i":"accessibility-linkAbbr","$v":"lnk"},{"$i":"accessibility-listAbbr","$v":"list"},{"$i":"accessibility-listitemAbbr","$v":"list item"},{"$i":"accessibility-outlineAbbr","$v":"outline"},{"$i":"accessibility-outlineitemAbbr","$v":"outline item"},{"$i":"accessibility-pagetabAbbr","$v":"tab"},{"$i":"accessibility-propertypageAbbr","$v":"property page"},{"$i":"accessibility-graphicAbbr","$v":"graphic"},{"$i":"accessibility-pushbuttonAbbr","$v":"btn"},{"$i":"accessibility-checkbuttonAbbr","$v":"check button"},{"$i":"accessibility-radiobuttonAbbr","$v":"radio button"},{"$i":"accessibility-comboboxAbbr","$v":"combo box"},{"$i":"accessibility-progressbarAbbr","$v":"progress bar"},{"$i":"accessibility-sliderAbbr","$v":"slider"},{"$i":"accessibility-spinbuttonAbbr","$v":"spin button"},{"$i":"accessibility-diagramAbbr","$v":"diagram"},{"$i":"accessibility-animationAbbr","$v":"animation"},{"$i":"accessibility-equationAbbr","$v":"equation"},{"$i":"accessibility-buttonmenuAbbr","$v":"button menu"},{"$i":"accessibility-whitespaceAbbr","$v":"white space"},{"$i":"accessibility-pagetablistAbbr","$v":"tab list"},{"$i":"accessibility-canvasAbbr","$v":"canvas"},{"$i":"accessibility-checkmenuitemAbbr","$v":"check menu item"},{"$i":"accessibility-labelAbbr","$v":"label"},{"$i":"accessibility-passwordtextAbbr","$v":"passwdtxt"},{"$i":"accessibility-radiomenuitemAbbr","$v":"radio menu item"},{"$i":"accessibility-textcontainerAbbr","$v":"text container"},{"$i":"accessibility-togglebuttonAbbr","$v":"toggle button"},{"$i":"accessibility-treetableAbbr","$v":"tree table"},{"$i":"accessibility-headerAbbr","$v":"header"},{"$i":"accessibility-footerAbbr","$v":"footer"},{"$i":"accessibility-paragraphAbbr","$v":"paragraph"},{"$i":"accessibility-entryAbbr","$v":"entry"},{"$i":"accessibility-captionAbbr","$v":"caption"},{"$i":"accessibility-headingAbbr","$v":"heading"},{"$i":"accessibility-sectionAbbr","$v":"section"},{"$i":"accessibility-formAbbr","$v":"form"},{"$i":"accessibility-comboboxlistAbbr","$v":"combo box list"},{"$i":"accessibility-comboboxoptionAbbr","$v":"combo box option"},{"$i":"accessibility-imagemapAbbr","$v":"imgmap"},{"$i":"accessibility-listboxoptionAbbr","$v":"option"},{"$i":"accessibility-listboxAbbr","$v":"list box"},{"$i":"accessibility-flatequationAbbr","$v":"flat equation"},{"$i":"accessibility-gridcellAbbr","$v":"gridcell"},{"$i":"accessibility-noteAbbr","$v":"note"},{"$i":"accessibility-figureAbbr","$v":"fig"},{"$i":"accessibility-definitionlistAbbr","$v":"definition list"},{"$i":"accessibility-termAbbr","$v":"term"},{"$i":"accessibility-definitionAbbr","$v":"definition"},{"$i":"accessibility-textareaAbbr","$v":"txtarea"},{"$i":"accessibility-tblColumnInfoAbbr","$v":{"few":[{"t":"idOrVar","v":"count"},"c"],"many":[{"t":"idOrVar","v":"count"},"c"],"one":[{"t":"idOrVar","v":"count"},"c"],"other":[{"t":"idOrVar","v":"count"},"c"],"two":[{"t":"idOrVar","v":"count"},"c"]},"$x":[{"t":"idOrVar","v":"plural"},"count"]},{"$i":"accessibility-tblRowInfoAbbr","$v":{"few":[{"t":"idOrVar","v":"count"},"r"],"many":[{"t":"idOrVar","v":"count"},"r"],"one":[{"t":"idOrVar","v":"count"},"r"],"other":[{"t":"idOrVar","v":"count"},"r"],"two":[{"t":"idOrVar","v":"count"},"r"]},"$x":[{"t":"idOrVar","v":"plural"},"count"]},{"$i":"accessibility-cellInfoAbbr","$v":["c",{"t":"idOrVar","v":"0"},"r",{"t":"idOrVar","v":"1"}]},{"$i":"accessibility-stateCheckedAbbr","$v":"(x)"},{"$i":"accessibility-stateUncheckedAbbr","$v":"( )"},{"$i":"accessibility-statePressedAbbr","$v":"(x)"},{"$i":"accessibility-stateUnpressedAbbr","$v":"( )"},{"$i":"accessibility-pushbutton-hint","$v":"Double tap to activate"},{"$i":"accessibility-checkbutton-hint","$v":"Double tap to activate"},{"$i":"accessibility-combobox-hint","$v":"Double tap to activate"},{"$i":"accessibility-key-hint","$v":"Tap and hold to activate"},{"$i":"accessibility-link-hint","$v":"Double tap to activate"},{"$i":"accessibility-menuitem-hint","$v":"Double tap to activate"},{"$i":"accessibility-option-hint","$v":"Double tap to activate"},{"$i":"accessibility-radiobutton-hint","$v":"Double tap to activate"},{"$i":"accessibility-slider-hint","$v":"Swipe up to increase or down to decrease"},{"$i":"accessibility-spinbutton-hint","$v":"Swipe up to increase or down to decrease"},{"$i":"accessibility-pagetab-hint","$v":"Double tap to activate"},{"$i":"accessibility-entry-hint","$v":"Double tap to activate"},{"$i":"accessibility-outlineitem-hint","$v":"Double tap to activate"},{"$i":"SoftLeft","$v":"Vinstri hugbúnaðarhnappur"},{"$i":"Enter","$v":"Takkinn „Í lagi“"},{"$i":"SoftRight","$v":"Hægri hugúnaðarhnappur"},{"$i":"weekday-0-long","$v":"Sunnudagur"},{"$i":"weekday-1-long","$v":"Mánudagur"},{"$i":"weekday-2-long","$v":"Þriðjudagur"},{"$i":"weekday-3-long","$v":"Miðvikudagur"},{"$i":"weekday-4-long","$v":"Fimmtudagur"},{"$i":"weekday-5-long","$v":"Föstudagur"},{"$i":"weekday-6-long","$v":"Laugardagur"},{"$i":"weekday-0-short","$v":"Sun."},{"$i":"weekday-1-short","$v":"Mán."},{"$i":"weekday-2-short","$v":"Þri."},{"$i":"weekday-3-short","$v":"Mið."},{"$i":"weekday-4-short","$v":"Fim."},{"$i":"weekday-5-short","$v":"Fös."},{"$i":"weekday-6-short","$v":"Lau."},{"$i":"month-0-long","$v":"Janúar"},{"$i":"month-1-long","$v":"Febrúar"},{"$i":"month-2-long","$v":"Mars"},{"$i":"month-3-long","$v":"Apríl"},{"$i":"month-4-long","$v":"Maí"},{"$i":"month-5-long","$v":"Júní"},{"$i":"month-6-long","$v":"Júlí"},{"$i":"month-7-long","$v":"Ágúst"},{"$i":"month-8-long","$v":"September"},{"$i":"month-9-long","$v":"Október"},{"$i":"month-10-long","$v":"Nóvember"},{"$i":"month-11-long","$v":"Desember"},{"$i":"month-0-genitive","$v":"Janúar"},{"$i":"month-1-genitive","$v":"Febrúar"},{"$i":"month-2-genitive","$v":"Mars"},{"$i":"month-3-genitive","$v":"Apríl"},{"$i":"month-4-genitive","$v":"Maí"},{"$i":"month-5-genitive","$v":"Júní"},{"$i":"month-6-genitive","$v":"Júlí"},{"$i":"month-7-genitive","$v":"Ágúst"},{"$i":"month-8-genitive","$v":"September"},{"$i":"month-9-genitive","$v":"Október"},{"$i":"month-10-genitive","$v":"Nóvember"},{"$i":"month-11-genitive","$v":"Desember"},{"$i":"month-0-short","$v":"Jan."},{"$i":"month-1-short","$v":"Feb."},{"$i":"month-2-short","$v":"Mar."},{"$i":"month-3-short","$v":"Apr."},{"$i":"month-4-short","$v":"Maí"},{"$i":"month-5-short","$v":"Jún."},{"$i":"month-6-short","$v":"Júl."},{"$i":"month-7-short","$v":"Ágú."},{"$i":"month-8-short","$v":"Sep."},{"$i":"month-9-short","$v":"Okt."},{"$i":"month-10-short","$v":"Nóv."},{"$i":"month-11-short","$v":"Des."},{"$i":"minutes-ago-long","$v":{"few":["Fyrir ",{"t":"idOrVar","v":"value"}," mín."],"many":["Fyrir ",{"t":"idOrVar","v":"value"}," mín."],"one":"fyrir mínútu","other":["Fyrir ",{"t":"idOrVar","v":"value"}," mín."],"two":["Fyrir ",{"t":"idOrVar","v":"value"}," mín."],"zero":"rétt í þessu"},"$x":[{"t":"idOrVar","v":"plural"},"value"]},{"$i":"hours-ago-long","$v":{"few":["Fyrir ",{"t":"idOrVar","v":"value"}," klst."],"many":["Fyrir ",{"t":"idOrVar","v":"value"}," klst."],"one":"fyrir klst.","other":["Fyrir ",{"t":"idOrVar","v":"value"}," klst."],"two":["Fyrir ",{"t":"idOrVar","v":"value"}," klst."],"zero":"rétt í þessu"},"$x":[{"t":"idOrVar","v":"plural"},"value"]},{"$i":"days-ago-long","$v":{"few":["Fyrir ",{"t":"idOrVar","v":"value"}," dögum"],"many":["Fyrir ",{"t":"idOrVar","v":"value"}," dögum"],"one":"í gær","other":["Fyrir ",{"t":"idOrVar","v":"value"}," dögum"],"two":["Fyrir ",{"t":"idOrVar","v":"value"}," dögum"],"zero":"í dag"},"$x":[{"t":"idOrVar","v":"plural"},"value"]},{"$i":"weeks-ago-long","$v":{"few":["Fyrir ",{"t":"idOrVar","v":"value"}," vikum"],"many":["Fyrir ",{"t":"idOrVar","v":"value"}," vikum"],"one":"í síð. viku","other":["Fyrir ",{"t":"idOrVar","v":"value"}," vikum"],"two":["Fyrir ",{"t":"idOrVar","v":"value"}," vikum"],"zero":"í þessari viku"},"$x":[{"t":"idOrVar","v":"plural"},"value"]},{"$i":"months-ago-long","$v":{"few":["Fyrir ",{"t":"idOrVar","v":"value"}," mánuðum"],"many":["Fyrir ",{"t":"idOrVar","v":"value"}," mánuðum"],"one":"í síð. mán.","other":["Fyrir ",{"t":"idOrVar","v":"value"}," mánuðum"],"two":["Fyrir ",{"t":"idOrVar","v":"value"}," mánuðum"],"zero":"í þessum mán."},"$x":[{"t":"idOrVar","v":"plural"},"value"]},{"$i":"years-ago-long","$v":{"few":["Fyrir ",{"t":"idOrVar","v":"value"}," árum"],"many":["Fyrir ",{"t":"idOrVar","v":"value"}," árum"],"one":"á síð. ári","other":["Fyrir ",{"t":"idOrVar","v":"value"}," árum"],"two":["Fyrir ",{"t":"idOrVar","v":"value"}," árum"],"zero":"á þessu ári"},"$x":[{"t":"idOrVar","v":"plural"},"value"]},{"$i":"minutes-until-long","$v":{"few":["eftir ",{"t":"idOrVar","v":"value"}," mín."],"many":["eftir ",{"t":"idOrVar","v":"value"}," mín."],"one":"eftir eina mín.","other":["eftir ",{"t":"idOrVar","v":"value"}," mín."],"two":["eftir ",{"t":"idOrVar","v":"value"}," mín."],"zero":"núna"},"$x":[{"t":"idOrVar","v":"plural"},"value"]},{"$i":"hours-until-long","$v":{"few":["eftir ",{"t":"idOrVar","v":"value"}," klst."],"many":["eftir ",{"t":"idOrVar","v":"value"}," klst."],"one":"eftir eina klst.","other":["eftir ",{"t":"idOrVar","v":"value"}," klst."],"two":["eftir ",{"t":"idOrVar","v":"value"}," klst."],"zero":"núna"},"$x":[{"t":"idOrVar","v":"plural"},"value"]},{"$i":"days-until-long","$v":{"few":["eftir ",{"t":"idOrVar","v":"value"}," daga"],"many":["eftir ",{"t":"idOrVar","v":"value"}," daga"],"one":"á morgun","other":["eftir ",{"t":"idOrVar","v":"value"}," daga"],"two":["eftir ",{"t":"idOrVar","v":"value"}," daga"],"zero":"í dag"},"$x":[{"t":"idOrVar","v":"plural"},"value"]},{"$i":"weeks-until-long","$v":{"few":["eftir ",{"t":"idOrVar","v":"value"}," vikur"],"many":["eftir ",{"t":"idOrVar","v":"value"}," vikur"],"one":"í næstu viku","other":["eftir ",{"t":"idOrVar","v":"value"}," vikur"],"two":["eftir ",{"t":"idOrVar","v":"value"}," vikur"],"zero":"í þessari viku"},"$x":[{"t":"idOrVar","v":"plural"},"value"]},{"$i":"months-until-long","$v":{"few":["eftir ",{"t":"idOrVar","v":"value"}," mán."],"many":["eftir ",{"t":"idOrVar","v":"value"}," mán."],"one":"í næsta mán.","other":["eftir ",{"t":"idOrVar","v":"value"}," mán."],"two":["eftir ",{"t":"idOrVar","v":"value"}," mán."],"zero":"í þessum mán."},"$x":[{"t":"idOrVar","v":"plural"},"value"]},{"$i":"years-until-long","$v":{"few":["eftir ",{"t":"idOrVar","v":"value"}," ár"],"many":["eftir ",{"t":"idOrVar","v":"value"}," ár"],"one":"á næsta ári","other":["eftir ",{"t":"idOrVar","v":"value"}," ár"],"two":["eftir ",{"t":"idOrVar","v":"value"}," ár"],"zero":"á þessu ári"},"$x":[{"t":"idOrVar","v":"plural"},"value"]},{"$i":"minutes-ago-short","$v":{"other":["Fyrir ",{"t":"idOrVar","v":"value"}," m."],"zero":"rétt í þessu"},"$x":[{"t":"idOrVar","v":"plural"},"value"]},{"$i":"hours-ago-short","$v":{"other":["Fyrir ",{"t":"idOrVar","v":"value"}," k."],"zero":"rétt í þessu"},"$x":[{"t":"idOrVar","v":"plural"},"value"]},{"$i":"days-ago-short","$v":{"other":["Fyrir ",{"t":"idOrVar","v":"value"}," d."],"zero":"í dag"},"$x":[{"t":"idOrVar","v":"plural"},"value"]},{"$i":"minutes-until-short","$v":{"other":["eftir ",{"t":"idOrVar","v":"value"}," m"],"zero":"núna"},"$x":[{"t":"idOrVar","v":"plural"},"value"]},{"$i":"hours-until-short","$v":{"other":["eftir ",{"t":"idOrVar","v":"value"}," k"],"zero":"núna"},"$x":[{"t":"idOrVar","v":"plural"},"value"]},{"$i":"days-until-short","$v":{"other":["eftir ",{"t":"idOrVar","v":"value"}," d"],"zero":"í dag"},"$x":[{"t":"idOrVar","v":"plural"},"value"]},{"$i":"incorrectDate","$v":"(röng dags.)"},{"$i":"dateTimeFormat_%c","$v":"%a %b %e %Y %I:%M:%S %p"},{"$i":"dateTimeFormat_%x","$v":"%m/%d/%Y"},{"$i":"dateTimeFormat_%X","$v":"%I:%M:%S %p"},{"$i":"shortTimeFormat","$v":"%I:%M %p"},{"$i":"shortTimeFormat12","$v":"%I:%M %p"},{"$i":"shortTimeFormat24","$v":"%H:%M"},{"$i":"shortDateTimeFormat","$v":"%x %I:%M %p"},{"$i":"weekStartsOnMonday","$v":"0.0"},{"$i":"firstDayOfTheWeek","$v":"1.0"},{"$i":"time_am","$v":"f.h."},{"$i":"time_pm","$v":"e.h."},{"$i":"title-app","$v":"Forritaheimild"},{"$i":"title-web","$v":"Heimild vefsvæðis"},{"$i":"title-cam","$v":"Velja myndavél"},{"$i":"perm-alarms","$v":"Tímasetja vekjara"},{"$i":"perm-audio-capture","$v":"Hljóðnemi"},{"$i":"perm-audio-capture-appRequest","$v":["Viltu deila hljóðnemanum með ",{"t":"idOrVar","v":"app"},"?"]},{"$i":"perm-audio-capture-webRequest","$v":["Viltu deila hljóðnemanum með ",{"t":"idOrVar","v":"site"},"?"]},{"$i":"perm-audio-channel-content","$v":"Spila hljóð"},{"$i":"perm-audio-channel-notification","$v":"Spila tilkynningahljóð"},{"$i":"perm-audio-channel-ringer","$v":"Play Ringtone Sounds"},{"$i":"perm-background-sensors","$v":"Opna skynjaragögn"},{"$i":"perm-bluetooth","$v":"Bluetooth"},{"$i":"perm-browser","$v":"Kanna vefsíður"},{"$i":"perm-camera","$v":"Myndav."},{"$i":"perm-camera-selector-appRequest","$v":["Vel. myndav. f. ",{"t":"idOrVar","v":"app"},"."]},{"$i":"perm-camera-selector-webRequest","$v":["Vel. myndav. f. ",{"t":"idOrVar","v":"site"},"."]},{"$i":"perm-camera-appRequest","$v":[{"t":"idOrVar","v":"app"}," vill fá að nota myndavélina."]},{"$i":"perm-camera-webRequest","$v":[{"t":"idOrVar","v":"site"}," vill fá að nota myndavélina."]},{"$i":"perm-cellbroadcast","$v":"Endurvarpar"},{"$i":"perm-contacts","$v":"Tengil."},{"$i":"perm-contacts-appRequest","$v":[{"t":"idOrVar","v":"app"}," vill fá aðgang að tengiliðalistanum."]},{"$i":"perm-contacts-webRequest","$v":[{"t":"idOrVar","v":"site"}," vill fá aðgang að tengiliðalistanum."]},{"$i":"perm-desktop-notification","$v":"Tilkynningar"},{"$i":"perm-desktop-notification-appRequest","$v":[{"t":"idOrVar","v":"app"}," vill fá að birta tilkynningar."]},{"$i":"perm-desktop-notification-webRequest","$v":[{"t":"idOrVar","v":"site"}," vill fá að birta tilkynningar."]},{"$i":"perm-device-storage-apps","$v":"Forritageymsla"},{"$i":"perm-device-storage-music","$v":"Tónlistargeymsla"},{"$i":"perm-device-storage-music-appRequest","$v":[{"t":"idOrVar","v":"app"}," vill fá aðgang að tónlistinni."]},{"$i":"perm-device-storage-music-webRequest","$v":[{"t":"idOrVar","v":"site"}," vill fá aðgang að tónlistinni."]},{"$i":"perm-device-storage-pictures","$v":"Myndageymsla"},{"$i":"perm-device-storage-pictures-appRequest","$v":[{"t":"idOrVar","v":"app"}," vill fá aðgang að myndunum."]},{"$i":"perm-device-storage-pictures-webRequest","$v":[{"t":"idOrVar","v":"site"}," vill fá aðgang að myndunum."]},{"$i":"perm-device-storage-sdcard","$v":"Geymslurými á minniskorti"},{"$i":"perm-device-storage-sdcard-appRequest","$v":[{"t":"idOrVar","v":"app"}," vill fá aðgang að minniskortinu."]},{"$i":"perm-device-storage-sdcard-webRequest","$v":[{"t":"idOrVar","v":"site"}," vill fá aðgang að minniskortinu."]},{"$i":"perm-device-storage-videos","$v":"Myndbandageymsla"},{"$i":"perm-device-storage-videos-appRequest","$v":[{"t":"idOrVar","v":"app"}," vill fá aðgang að myndböndunum."]},{"$i":"perm-device-storage-videos-webRequest","$v":[{"t":"idOrVar","v":"site"}," vill fá aðgang að myndböndunum."]},{"$i":"perm-fullscreen-appRequest","$v":[{"t":"idOrVar","v":"app"}," er á öllum skjánum."]},{"$i":"perm-fullscreen-webRequest","$v":[{"t":"idOrVar","v":"site"}," er á öllum skjánum."]},{"$i":"perm-embed-apps","$v":"Fella inn forrit"},{"$i":"perm-fmradio","$v":"FM-útvarp"},{"$i":"perm-fmradio-appRequest","$v":[{"t":"idOrVar","v":"app"}," vill fá að nota FM-útvarp."]},{"$i":"perm-fmradio-webRequest","$v":[{"t":"idOrVar","v":"site"}," vill fá að nota FM-útvarp."]},{"$i":"perm-geolocation","$v":"Landfr. staðsetn."},{"$i":"perm-geolocation-appRequest","$v":[{"t":"idOrVar","v":"app"}," vill fá að vita staðsetningu þína."]},{"$i":"perm-geolocation-more-info","$v":[{"t":"idOrVar","v":"brandShortName"}," notar GPS, og aðrar viðbótarupplýsingar, til dæmis Wi-Fi og farsímakerfi, til að áætla staðsetningu þína. ",{"t":"idOrVar","v":"brandShortName"}," og símafyrirtæki kunna að nota staðsetningargögn til að bæta nákvæmni og umfang staðsetningargagnagrunnanna. ",{"t":"idOrVar","v":"brandShortName"}," mun alltaf biðja um leyfi þegar forrit þarf aðgang að staðsetningu tækisins."]},{"$i":"perm-geolocation-webRequest","$v":[{"t":"idOrVar","v":"site"}," vill fá að vita staðsetningu þína."]},{"$i":"perm-idle","$v":"Sjá aðgerðalausa stöðu"},{"$i":"perm-indexedDB-chrome-settings","$v":"IndexdDB með sérréttindi"},{"$i":"perm-indexedDB-unlimited","$v":"Ótakm. pláss í IndexedDB"},{"$i":"perm-input-manage","$v":"Stjórna lyklab."},{"$i":"perm-input","$v":"Virka eins og lyklab."},{"$i":"perm-media-capture","$v":"Myndavél og hljóðnemi"},{"$i":"perm-media-capture-appRequest","$v":["Viltu deila myndavélinni og hljóðnemanum með ",{"t":"idOrVar","v":"app"},"?"]},{"$i":"perm-media-capture-webRequest","$v":["Viltu deila myndavélinni og hljóðnemanum með ",{"t":"idOrVar","v":"site"},"?"]},{"$i":"perm-mobileconnection","$v":"Farsímatenging"},{"$i":"perm-mobileid","$v":"Auðkenni farsíma"},{"$i":"perm-network-events","$v":"Netviðburðir"},{"$i":"perm-open-remote-window","$v":"Ræsa forrit"},{"$i":"perm-permissions","$v":"Breyta forritaheimildum"},{"$i":"perm-power","$v":"Orkustillingar"},{"$i":"perm-settings","$v":"Breyta still."},{"$i":"perm-systemXHR","$v":"Beiðnir af ólíkum uppr."},{"$i":"perm-telephony","$v":"Símtöl"},{"$i":"perm-video-capture","$v":"Myndavél"},{"$i":"perm-video-capture-appRequest","$v":["Viltu deila myndavélinni með ",{"t":"idOrVar","v":"app"},"?"]},{"$i":"perm-video-capture-webRequest","$v":["Viltu deila myndavélinni með ",{"t":"idOrVar","v":"site"},"?"]},{"$i":"perm-voicemail","$v":"Stj. talhólfsskilab."},{"$i":"perm-webapps-manage","$v":"Setja upp vefforrit"},{"$i":"perm-wifi-manage","$v":"Stjórna Wi-Fi"},{"$i":"perm-attention","$v":"Opna sprettigluggayfirlögn"},{"$i":"perm-audio-channel-alarm","$v":"Spila vekjarahljóð"},{"$i":"perm-audio-channel-normal","$v":"Spila hljóð"},{"$i":"perm-audio-channel-publicnotification","$v":"Spila alm. tilkynnhlj."},{"$i":"perm-audio-channel-telephony","$v":"Spila símtalahljóð"},{"$i":"perm-backgroundservice","$v":"Virka eins og bakgrunnsþjón."},{"$i":"perm-device-storage-crashes","$v":"Geymsla hrungagna"},{"$i":"perm-downloads","$v":"Opna niðurhal"},{"$i":"perm-embed-widgets","$v":"Fella inn græjur"},{"$i":"perm-feature-detection","$v":"Eiginleikagr."},{"$i":"perm-firefox-accounts","$v":"Firefox-reikn."},{"$i":"perm-mobilenetwork","$v":"Farsímakerfi"},{"$i":"perm-moz-attention","$v":"Opna sprettigluggayfirlögn (moz)"},{"$i":"perm-moz-audio-channel-ringer","$v":"Play Ringtone Sounds (moz)"},{"$i":"perm-moz-audio-channel-telephony","$v":"Spila símtalahljóð (moz)"},{"$i":"perm-moz-firefox-accounts","$v":"Firefox-reikn. (moz)"},{"$i":"perm-networkstats-manage","$v":"Stj. notkunargögnum"},{"$i":"perm-nfc","$v":"NFC"},{"$i":"perm-nfc-hci-events","$v":"NFC HCI viðb."},{"$i":"perm-nfc-manager","$v":"Stjórna NFC"},{"$i":"perm-phonenumberservice","$v":"Þjónusta fyrir símanúmer"},{"$i":"perm-push","$v":"Forritaskil með vöktun"},{"$i":"perm-resourcestats-manage","$v":"Talnagögn tilfangs"},{"$i":"perm-sms","$v":"Senda og lesa SMS"},{"$i":"perm-speaker-control","$v":"Stj. hljóðst."},{"$i":"perm-storage","$v":"Opna geymslu"},{"$i":"perm-tcp-socket","$v":"TCP-tenglar"},{"$i":"perm-test-permission","$v":"Test Permission"},{"$i":"perm-time","$v":"Stilla dag og tíma"},{"$i":"perm-udp-socket","$v":"UDP-tenglar"},{"$i":"perm-wappush","$v":"WAP-vöktun"},{"$i":"stopped_download_title","$v":"Niðurhal stöðvað"},{"$i":"kai-stopped_download_message","$v":"This download was stopped. Would you like to resume downloading?"},{"$i":"stopped_download_left_button","$v":"H. við"},{"$i":"stopped_download_right_button","$v":"Reyndu aftur"},{"$i":"failed_download_title","$v":"Niðurhal mistókst"},{"$i":"failed_download_message","$v":["Mistókst að sækja ",{"t":"idOrVar","v":"name"},". Viltu reyna að sækja það aftur?"]},{"$i":"failed_download_left_button","$v":"H. við"},{"$i":"failed_download_right_button","$v":"Reyndu aftur"},{"$i":"stop_download_title","$v":"Stöðva niðurhal"},{"$i":"stop_download_message","$v":"Viltu örugglega stöðva niðurhalið?"},{"$i":"stop_download_left_button","$v":"H. við"},{"$i":"stop_download_right_button","$v":"Stöðva"},{"$i":"delete_download_title","$v":"Eyða"},{"$i":"delete_download_message","$v":["Eyða „",{"t":"idOrVar","v":"name"},"“?"]},{"$i":"delete_download_left_button","$v":"H. við"},{"$i":"delete_download_right_button","$v":"Eyða"},{"$i":"delete_all_download_title","$v":"Eyða"},{"$i":"delete_all_download_left_button","$v":"H. við"},{"$i":"delete_all_download_right_button","$v":"Eyða"},{"$i":"delete_all_download_message_ext","$v":"Eyða völdum skrám?"},{"$i":"delete_all_download_message","$v":{"few":["Eyða ",{"t":"idOrVar","v":"number"}," skrám?"],"many":["Eyða ",{"t":"idOrVar","v":"number"}," skrám?"],"one":"Eyða einni skrá?","other":["Eyða ",{"t":"idOrVar","v":"number"}," skrám?"],"two":["Eyða ",{"t":"idOrVar","v":"number"}," skrám?"],"zero":"Eyða eng. skrám?"},"$x":[{"t":"idOrVar","v":"plural"},"number"]},{"$i":"unsupported_file_type_download_title","$v":"Ekki hægt að opna"},{"$i":"unsupported_file_type_download_message","$v":["Ekkert forrit getur opnað ",{"t":"idOrVar","v":"name"},". Viltu vista skrána eða eyða henni?"]},{"$i":"unsupported_file_type_download_left_button","$v":"Geyma skrá"},{"$i":"unsupported_file_type_download_right_button","$v":"Eyða"},{"$i":"file_not_found_download_title","$v":"Skrá finnst ekki"},{"$i":"file_not_found_download_message","$v":"Skráin fannst ekki í tækinu"},{"$i":"file_not_found_download_right_button","$v":"Í lagi"},{"$i":"unmounted_sdcard_2_download_title","$v":"Minniskort í notkun"},{"$i":"unmounted_sdcard_2_download_message","$v":"Taktu símann úr sambandi"},{"$i":"unmounted_sdcard_2_download_right_button","$v":"Í lagi"},{"$i":"no_provider_download_title","$v":"Ekki hægt að opna"},{"$i":"no_provider_download_message","$v":"Þetta skráarsnið er ógilt eða ekki stutt."},{"$i":"no_provider_download_right_button","$v":"Í lagi"},{"$i":"no_memory_download_title","$v":"SD-kort fullt"},{"$i":"no_memory_download_message","$v":"Ekkert pláss er á SD-kortinu til að vista niðurhalið. Fjarlægðu einhverjar skrár áður en niðurhalið er endurræst."},{"$i":"no_memory_download_right_button","$v":"Í lagi"},{"$i":"no_sdcard_found_2_download_title","$v":"Ekkert minniskort fannst"},{"$i":"no_sdcard_found_2_download_message","$v":"Settu minniskort í eða veldu aðra sjálfgefna staðsetningu efnis í stillingum"},{"$i":"no_sdcard_found_2_download_right_button","$v":"Í lagi"},{"$i":"file_open_error_download_title","$v":"Staðfesting"},{"$i":"file_open_error_download_message","$v":"Þetta skráarsnið er ógilt eða ekki stutt. Viltu eyða skránni?"},{"$i":"file_open_error_download_left_button","$v":"Geyma skrá"},{"$i":"file_open_error_download_right_button","$v":"Eyða"},{"$i":"restart_download_error","$v":"Villa kom upp þegar niðurhalið var endurræst. Prófaðu að sækja aftur."},{"$i":"no-downloads","$v":"Ekkert sótt"},{"$i":"percentage","$v":[{"t":"idOrVar","v":"percentage"},"%"]},{"$i":"partialResult","$v":[{"t":"idOrVar","v":"partial"}," / ",{"t":"idOrVar","v":"total"}]},{"$i":"summary","$v":[{"t":"idOrVar","v":"date"}," – ",{"t":"idOrVar","v":"status"}]},{"$i":"download-stopped","$v":"Stöðvað"},{"$i":"download-failed","$v":"Niðurhal mistókst"},{"$i":"open_downloaded_file","$v":"Opna"},{"$i":"share_downloaded_file","$v":"Deila"},{"$i":"wallpaper_downloaded_file","$v":"Nota sem veggf."},{"$i":"ringtone_downloaded_file","$v":"Nota sem hringitón"},{"$i":"cancel_downloaded_file","$v":"H. við"},{"$i":"voicemailNoNumberTitle","$v":"Ekki næst í þetta talhólfsnúmer"},{"$i":"voicemailNoNumberText","$v":"Ekki er hægt að hringja í talhólfið. Settu upp talhólfsnúmerið til að hringja."},{"$i":"voicemailNoNumberSettings","$v":"Stillingar"},{"$i":"voicemailNoNumberCancel","$v":"H. við"},{"$i":"airplaneMode","$v":"Flugstilling"},{"$i":"noNetwork","$v":"Ekkert net"},{"$i":"roaming","$v":[{"t":"idOrVar","v":"operator"}," (í reiki)"]},{"$i":"operator-info","$v":[{"t":"idOrVar","v":"carrier"}," ",{"t":"idOrVar","v":"region"}]},{"$i":"emergencyCallsOnly","$v":"Aðeins neyðarsímtöl"},{"$i":"emergencyCallsOnly-unknownSIMState","$v":"(óþekkt staða SIM-korts)"},{"$i":"emergencyCallsOnly-noSIM","$v":"(ekkert SIM)"},{"$i":"emergencyCallsOnly-pinRequired","$v":"(PIN-nr. SIM-korts krafist)"},{"$i":"emergencyCallsOnly-pukRequired","$v":"(PUK-nr. SIM-korts krafist)"},{"$i":"emergencyCallsOnly-networkLocked","$v":"(símkerfi læst)"},{"$i":"emergencyCallsOnly-serviceProviderLocked","$v":"(læst af símafyrirtæki)"},{"$i":"emergencyCallsOnly-corporateLocked","$v":"(læst af fyrirtæki)"},{"$i":"emergencyCallsOnly-network1Locked","$v":"(símkerfi1 læst)"},{"$i":"emergencyCallsOnly-network2Locked","$v":"(símkerfi2 læst)"},{"$i":"emergencyCallsOnly-hrpdNetworkLocked","$v":"(HRPD-net læst)"},{"$i":"emergencyCallsOnly-ruimCorporateLocked","$v":"(RUIM læst af fyrirtæki)"},{"$i":"emergencyCallsOnly-ruimServiceProviderLocked","$v":"(RUIM símafyrirtækis læst)"},{"$i":"lockscreen-sim-id","$v":["SIM-kort ",{"t":"idOrVar","v":"n"}]},{"$i":"charging-no-time","$v":[{"t":"idOrVar","v":"level"},"% hleðsla"]},{"$i":"charging-minutes","$v":{"few":[{"t":"idOrVar","v":"level"},"% hleðsla (",{"t":"idOrVar","v":"minutes"}," mín. þar til fullri hleðslu er náð)"],"many":[{"t":"idOrVar","v":"level"},"% hleðsla (",{"t":"idOrVar","v":"minutes"}," mín. þar til fullri hleðslu er náð)"],"one":[{"t":"idOrVar","v":"level"},"% hleðsla (",{"t":"idOrVar","v":"minutes"}," mín. þar til fullri hleðslu er náð)"],"other":[{"t":"idOrVar","v":"level"},"% hleðsla (",{"t":"idOrVar","v":"minutes"}," mín. þar til fullri hleðslu er náð)"],"two":[{"t":"idOrVar","v":"level"},"% hleðsla (",{"t":"idOrVar","v":"minutes"}," mín. þar til fullri hleðslu er náð)"],"zero":[{"t":"idOrVar","v":"level"},"% hleðsla (",{"t":"idOrVar","v":"minutes"}," mín. þar til fullri hleðslu er náð)"]},"$x":[{"t":"idOrVar","v":"plural"},"minutes"]},{"$i":"charging-hours","$v":{"few":[{"t":"idOrVar","v":"level"},"% hleðsla (",{"t":"idOrVar","v":"hours"}," klst. ",{"t":"idOrVar","v":"minutes"}," mín. þar til fullri hleðslu er náð)"],"many":[{"t":"idOrVar","v":"level"},"% hleðsla (",{"t":"idOrVar","v":"hours"}," klst. ",{"t":"idOrVar","v":"minutes"}," mín. þar til fullri hleðslu er náð)"],"one":[{"t":"idOrVar","v":"level"},"% hleðsla (",{"t":"idOrVar","v":"hours"}," klst. ",{"t":"idOrVar","v":"minutes"}," mín. þar til fullri hleðslu er náð)"],"other":[{"t":"idOrVar","v":"level"},"% hleðsla (",{"t":"idOrVar","v":"hours"}," klst. ",{"t":"idOrVar","v":"minutes"}," mín. þar til fullri hleðslu er náð)"],"two":[{"t":"idOrVar","v":"level"},"% hleðsla (",{"t":"idOrVar","v":"hours"}," klst. ",{"t":"idOrVar","v":"minutes"}," mín. þar til fullri hleðslu er náð)"],"zero":[{"t":"idOrVar","v":"level"},"% hleðsla (",{"t":"idOrVar","v":"hours"}," klst. ",{"t":"idOrVar","v":"minutes"}," mín. þar til fullri hleðslu er náð)"]},"$x":[{"t":"idOrVar","v":"plural"},"minutes"]}]