[{"$i":"ok","$v":"GERAI"},{"$i":"back","$v":"Grįž."},{"$i":"help","$v":"Paaišk."},{"$i":"cancel","$v":"Atš."},{"$i":"close","$v":"Užd."},{"$i":"skip","$v":"Praleisti"},{"$i":"enable","$v":"Aktyvinti"},{"$i":"turnOn","$v":"Įjungti"},{"$i":"save","$v":"Išsg."},{"$i":"select","$v":"Rinktis"},{"$i":"deselect","$v":"Atsisak."},{"$i":"go","$v":"Eiti"},{"$i":"search","$v":"Paieš."},{"$i":"options","$v":"Funkc."},{"$i":"exit","$v":"Užd."},{"$i":"signIn","$v":"Prisijungti"},{"$i":"dismiss","$v":"Atsis."},{"$i":"dismiss-all","$v":"Atsis. vis."},{"$i":"undo","ariaLabel":"Anuliuoti"},{"$i":"lockscreenEnterLockCode","$v":"Įveskite 4 skaitmenų kodą"},{"$i":"lockscreenCheckLockCode","$v":"Netink. kodas. Band. dar kartą."},{"$i":"lockscreenDeviceLocked","$v":"Įrenginys yra užrakintas, bandykite dar kartą po 30 sekundžių."},{"$i":"pocketmodeLongPress","$v":"Stumtel. arba pasp."},{"$i":"pocketmodeToUnlock","$v":"atrakinti"},{"$i":"enterPIN","$v":"Įv. 6 skait. kodą, kad atrakintumėte."},{"$i":"mediaPlaybackTrack","$v":"Garso takelio pavadinimas ir atlikėjas"},{"$i":"mediaPlaybackControls","$v":"Atkūrimo valdikl."},{"$i":"mediaPlaybackPrevious","$v":"Ankstes."},{"$i":"mediaPlaybackPlay","$v":"Atk."},{"$i":"mediaPlaybackPause","$v":"Prist."},{"$i":"mediaPlaybackNext","$v":"Kit."},{"$i":"UnknownTrack","$v":"Nežinomas garso takelis"},{"$i":"wifiButton-on","$v":"„Wi-Fi“ įjungtas"},{"$i":"wifiButton-on-initializing","$v":"„Wi-Fi“ įjungtas, inicijuojamas"},{"$i":"wifiButton-off","$v":"„Wi-Fi“ išjungtas"},{"$i":"dataButton-on","$v":["Duom. ",{"t":"idOrVar","v":"type"}," įj."]},{"$i":"dataButton-off","$v":["Duom. ",{"t":"idOrVar","v":"type"}," išj."]},{"$i":"bluetoothButton-on","$v":"„Bluetooth“ įj."},{"$i":"bluetoothButton-on-initializing","$v":"„Bluetooth“ įj., įjung."},{"$i":"bluetoothButton-off","$v":"„Bluetooth“ išj."},{"$i":"airplaneMode-on","$v":"Lėktuvo rež. įj."},{"$i":"airplaneMode-off","$v":"Lėkt. rež. išjun."},{"$i":"airplaneOff","$v":"Išjungti lėktuvo režimą"},{"$i":"settingsButton","ariaLabel":"Parametrai"},{"$i":"simLabel","$v":["SIM ",{"t":"idOrVar","v":"id"}]},{"$i":"statusbarLabel","$v":[{"t":"idOrVar","v":"date"},", ",{"t":"idOrVar","v":"operator"}]},{"$i":"statusbarDateFormat","$v":"%b %e"},{"$i":"statusbar","ariaLabel":"Būsenos juosta"},{"$i":"statusbarBattery","ariaLabel":[{"t":"idOrVar","v":"level"}," pr. akum. įkr."]},{"$i":"statusbarBatteryCharging","ariaLabel":[{"t":"idOrVar","v":"level"}," pr. akum. Įkr., įkraun."]},{"$i":"statusbarFlightMode","ariaLabel":"Lėktuvo rež. įj."},{"$i":"statusbarWiFiConnecting","$v":"„Wi-Fi“: jungiamasi"},{"$i":"statusbarWiFiConnected","$v":["„Wi-Fi“: ",{"t":"idOrVar","v":"level"}," iš 4 juostų"]},{"$i":"statusbarSignal","$v":[{"t":"idOrVar","v":"operator"}," tink., ",{"t":"idOrVar","v":"level"}," iš 5 juos."]},{"$i":"statusbarSignalRoaming","$v":[{"t":"idOrVar","v":"operator"}," tink. (užsien. tink.), ",{"t":"idOrVar","v":"level"}," iš 5 juost."]},{"$i":"statusbarSignalNoneSearching","$v":"Ieškoma… Tik skam. sk. pag. t."},{"$i":"statusbarHeadphones","ariaLabel":"Ausinės įjun."},{"$i":"statusbarBluetoothHeadphones","ariaLabel":"Prij. „Bluetooth“ aus."},{"$i":"statusbarBluetoothTransferring","ariaLabel":"Įjung. „Bluetooth“ perk."},{"$i":"statusbarIconOn-tethering","$v":"Bendras interneto ryšys įjungtas"},{"$i":"statusbarIconOnActive-tethering","$v":"Bendras interneto ryšys įj., aktyvus"},{"$i":"statusbarAlarm","ariaLabel":"Sig. įj."},{"$i":"statusbarIME","ariaLabel":"IME įj."},{"$i":"statusbarIconOn-bluetooth","$v":"„Bluetooth“ įj."},{"$i":"statusbarIconOnActive-bluetooth","$v":"„Bluetooth“ įj., akt."},{"$i":"statusbarIconOn-mute","$v":"Mikr. įj."},{"$i":"statusbarIconOn-vibration","$v":"Vibracija įjungta"},{"$i":"statusbarRecording","ariaLabel":"Įrašymas įj."},{"$i":"statusbarGeolocation","ariaLabel":"Geogr. vt. įj."},{"$i":"statusbarUsb","ariaLabel":"USB įjungtas"},{"$i":"statusbarForwarding","$v":"Skmb. peradr. įj."},{"$i":"statusbarPlaying","ariaLabel":"Atkur. medija"},{"$i":"statusbarNfc","ariaLabel":"NFC įj."},{"$i":"statusbarDownloads","ariaLabel":"Parsis..."},{"$i":"statusbarNetworkActivity","ariaLabel":"Tinklas įjun."},{"$i":"statusbarEmergencyCBNotification","ariaLabel":"Atgal. pag. skam."},{"$i":"statusbarNotifications","$v":{"few":["Pran.: ",{"t":"idOrVar","v":"n"}],"many":["Pran.: ",{"t":"idOrVar","v":"n"}],"one":["Pran.: ",{"t":"idOrVar","v":"n"}],"other":["Pran.: ",{"t":"idOrVar","v":"n"}],"two":["Pran.: ",{"t":"idOrVar","v":"n"}]},"$x":[{"t":"idOrVar","v":"plural"},"n"]},{"$i":"statusbarNotifications-unread","ariaLabel":{"$x":[{"t":"idOrVar","v":"plural"},"n"],"$v":{"few":["Neskait. persp.: ",{"t":"idOrVar","v":"n"}],"many":["Neskait. persp.: ",{"t":"idOrVar","v":"n"}],"one":[{"t":"idOrVar","v":"n"}," neskait. persp."],"other":["Neskait. persp.: ",{"t":"idOrVar","v":"n"}],"two":["Neskait. persp.: ",{"t":"idOrVar","v":"n"}]}}},{"$i":"clear","$v":"Trinti"},{"$i":"clear-all","$v":"Išt. vis."},{"$i":"notification-title","$v":{"few":["Pran.: ",{"t":"idOrVar","v":"n"}],"many":["Pran.: ",{"t":"idOrVar","v":"n"}],"one":["Pran.: ",{"t":"idOrVar","v":"n"}],"other":["Pran.: ",{"t":"idOrVar","v":"n"}],"two":["Pran.: ",{"t":"idOrVar","v":"n"}],"zero":["Pran.: ",{"t":"idOrVar","v":"n"}]},"$x":[{"t":"idOrVar","v":"plural"},"n"]},{"$i":"notification-dialog-no-notices","$v":"Pran. nėra"},{"$i":"notification-title-new","$v":{"few":["Pran.: ",{"t":"idOrVar","v":"n"}],"many":["Pran.: ",{"t":"idOrVar","v":"n"}],"other":["Pran.: ",{"t":"idOrVar","v":"n"}],"two":["Pran.: ",{"t":"idOrVar","v":"n"}],"one":[{"t":"idOrVar","v":"n"}," pran."],"zero":[{"t":"idOrVar","v":"n"}," pran."]},"$x":[{"t":"idOrVar","v":"plural"},"n"]},{"$i":"notification-dialog-no-notices-new","$v":"Pran. nėra"},{"$i":"attentionScreen-tapToShow","$v":"Bakstelėkite, kad pamatytumėte"},{"$i":"camera","$v":"Fotok."},{"$i":"kai-dflt-value-level","$v":"Nustatyti vertės lygį"},{"$i":"kai-dflt-range-value-name","$v":"Lygis"},{"$i":"newVoicemails","$v":{"few":["Naujų bals. pran.: ",{"t":"idOrVar","v":"n"}],"many":["Naujų bals. pran.: ",{"t":"idOrVar","v":"n"}],"one":"Naujas bals. prn.","other":["Naujų bals. pran.: ",{"t":"idOrVar","v":"n"}],"two":["Naujų bals. pran.: ",{"t":"idOrVar","v":"n"}],"zero":"Naujų bals. prn. neg."},"$x":[{"t":"idOrVar","v":"plural"},"n"]},{"$i":"newVoicemailsUnknown","$v":"Naujas balso pran."},{"$i":"dialNumber","$v":["Rinkti ",{"t":"idOrVar","v":"number"}]},{"$i":"voicemailNotificationMultiSim","$v":["(SIM ",{"t":"idOrVar","v":"n"},") ",{"t":"idOrVar","v":"title"}]},{"$i":"euRoamingNotificationTitle","$v":"Aptiktas ES intern."},{"$i":"euRoamingNotificationMsg","$v":"Bakstelėkite, kad pakeistumėte."},{"$i":"restart","$v":"Atkurti"},{"$i":"power","$v":"Išjungimas"},{"$i":"lock","$v":"Užrakto"},{"$i":"cleanup","$v":"Išvalyti atmintį"},{"$i":"no-recent-app-windows","$v":"Čia rodomi jūsų neseniai naudotų programų langai"},{"$i":"no-recent-browser-windows","$v":"Čia rodomi jūsų neseniai atidaryti naršyklės langai"},{"$i":"closeCard","ariaLabel":"Užd."},{"$i":"openCard","ariaLabel":"Atid."},{"$i":"yes","$v":"Taip"},{"$i":"no","$v":"Ne"},{"$i":"dontallow","$v":"Neleisti"},{"$i":"allow","$v":"Leis."},{"$i":"dontshare-geolocation","$v":"Nesidalinti"},{"$i":"share-geolocation","$v":"Dalintis"},{"$i":"dontshare-audio-capture","$v":"Nesidalinti"},{"$i":"share-audio-capture","$v":"Dalintis"},{"$i":"dontshare-video-capture","$v":"Nesidalinti"},{"$i":"share-video-capture","$v":"Dalintis"},{"$i":"dontshare-media-capture","$v":"Nesidalinti"},{"$i":"share-media-capture","$v":"Dalintis"},{"$i":"device-front","$v":"Pr. fotokam."},{"$i":"device-back","$v":"Gal. vaiz. k."},{"$i":"front-camera","$v":"Pr. fotokam."},{"$i":"back-camera","$v":"Gal. fotok."},{"$i":"more-info","$v":"Daug. inf..."},{"$i":"hide-info","$v":"Slėp. inf."},{"$i":"install-app","$v":["Įdg. „",{"t":"idOrVar","v":"name"},"“?"]},{"$i":"size","$v":"Dydis"},{"$i":"author","$v":"Autor."},{"$i":"size-unknown","$v":"Nežinomas"},{"$i":"author-unknown","$v":"Nežinomas"},{"$i":"install","$v":"Įdiegti"},{"$i":"bytes","$v":"bait."},{"$i":"kB","$v":"KB"},{"$i":"MB","$v":"MB"},{"$i":"GB","$v":"GB"},{"$i":"TB","$v":"TB"},{"$i":"PB","$v":"PB"},{"$i":"app-install-generic-error","$v":["„",{"t":"idOrVar","v":"appName"},"“ pars. sustabd."]},{"$i":"app-install-download-failed","$v":["„",{"t":"idOrVar","v":"appName"},"“ pars. nepav."]},{"$i":"app-install-install-failed","$v":["„",{"t":"idOrVar","v":"appName"},"“ įdieg. nepav."]},{"$i":"cancelling-will-not-refund","$v":"Atšaukus pinigai už pirkinį grąžinti nebus. Pinigus už mokamą turinį grąžina prad. pardav."},{"$i":"apps-can-be-installed-later","$v":"Programas galima įdiegti vėliau iš pradinio diegimo šaltinio."},{"$i":"are-you-sure-you-want-to-cancel","$v":"Ar tikrai norite atšaukti šį diegimą?"},{"$i":"cancel-install","$v":"Atšaukti dieg."},{"$i":"cancel-install-button","$v":"Atšaukti dieg."},{"$i":"resume","$v":"Tęsti"},{"$i":"continue","$v":"Tęsti"},{"$i":"stopDownloading","$v":["Ar sustabdyti „",{"t":"idOrVar","v":"app"},"“ atsisiuntimą?"]},{"$i":"app-download-can-be-restarted","$v":"Atsisiųsti iš naujo galima vėliau."},{"$i":"app-download-stop-button","$v":"Stabdyti atsisiuntimą"},{"$i":"not-enough-space","$v":"Trūksta vietos"},{"$i":"not-enough-space-message","$v":"Šiai programai diegti nepakanka vietos. Atlaisvinkite vietos ištrynę senas programas ar medijos failus ir bandykite dar kartą įdiegti iš pradinio šaltinio."},{"$i":"app-install-success","$v":["Įdiegta „",{"t":"idOrVar","v":"appName"},"“"]},{"$i":"app-install-update","$v":[{"t":"idOrVar","v":"appName"}," atnaujinta"]},{"$i":"langpack-install-success2","$v":["Įdiegta „",{"t":"idOrVar","v":"appName"},"“. Kad ją įjungt., eik. į Parametrai > Kalba."]},{"$i":"setup","$v":"Sąranka"},{"$i":"ime-addkeyboards","$v":"Įtr. klaviat."},{"$i":"ime-lowercase","$v":"Maž. rd."},{"$i":"ime-uppercase","$v":"Didžiosios raidės"},{"$i":"ime-number","$v":"Numer."},{"$i":"ime-capitalize","$v":"Didž. r."},{"$i":"ime-t9","$v":"T9"},{"$i":"ime-r9","$v":"R9"},{"$i":"ime-predictive","$v":"Nuspėj."},{"$i":"ime-insert-word","$v":"Įterpti žodį"},{"$i":"ime-voice-input-messsage","$v":"Palaik. nuspaudę Gerai, tada kalbėkite į teksto lauką."},{"$i":"later","$v":"Vėl."},{"$i":"download","$v":"Parsis."},{"$i":"wantToDownload","$v":"Parsis. atn. dabar?"},{"$i":"wantToInstallNow","$v":"Ar norite naujinį diegti dabar? Keletą minučių negalėsite naudotis savo telefonu."},{"$i":"installNow","$v":"Įdg. dabar"},{"$i":"notNow","$v":"Ne dabar"},{"$i":"downloadingUpdateMessage","innerHTML":{"$o":["Parsis. atnauj... <span>Parsisiųsta: ",{"t":"idOrVar","v":"progress"},".</span>"]}},{"$i":"downloadingAppMessage","$v":["Parsis. „",{"t":"idOrVar","v":"appName"},"“"]},{"$i":"downloadingAppProgressNoMax","$v":["Parsis.: ",{"t":"idOrVar","v":"progress"}]},{"$i":"downloadingAppProgressIndeterminate","$v":"Parsisiunč."},{"$i":"downloadingAppProgress","$v":["Parsis.: ",{"t":"idOrVar","v":"progress"}," / ",{"t":"idOrVar","v":"max"}]},{"$i":"cancelAllDownloads","$v":"Atš. vis. pars. pr."},{"$i":"wantToCancelAll","$v":"Ar tikrai norite atšaukti visas pars. progr.?"},{"$i":"downloadError","$v":"Atsisiunčiant atnaujinimus įvyko klaida."},{"$i":"updateAvailableInfo","innerHTML":{"$x":[{"t":"idOrVar","v":"plural"},"n"],"$v":{"few":{"$o":["Pasiek. ",{"t":"idOrVar","v":"n"}," atnauj. <span>Bakst., jei reikia daug. Inf. </span>"]},"many":{"$o":["Pasiek. ",{"t":"idOrVar","v":"n"}," atnauj. <span>Bakst., jei reikia daug. Inf. </span>"]},"one":{"$o":["Pasiek. ",{"t":"idOrVar","v":"n"}," atnauj. <span>Bakst., jei reikia daug. inf. </span>"]},"other":{"$o":["Pasiek. ",{"t":"idOrVar","v":"n"}," atnauj. <span>Bakst., jei reikia daug. Inf. </span>"]},"two":{"$o":["Pasiek. ",{"t":"idOrVar","v":"n"}," atnauj. <span>Bakst., jei reikia daug. Inf. </span>"]}}}},{"$i":"numberOfUpdates","$v":{"few":[{"t":"idOrVar","v":"n"}," persp."],"many":[{"t":"idOrVar","v":"n"}," persp."],"one":[{"t":"idOrVar","v":"n"}," persp."],"other":[{"t":"idOrVar","v":"n"}," persp."],"two":[{"t":"idOrVar","v":"n"}," persp."]},"$x":[{"t":"idOrVar","v":"plural"},"n"]},{"$i":"systemUpdate","$v":"Sistemos atnaujinimas"},{"$i":"systemUpdateReady","$v":"Sistemos naujinimas parengtas"},{"$i":"updates","$v":"Atnaujinimai"},{"$i":"systemUpdateLowBatteryThreshold","$v":["Norint įdiegti atnaujinimą, baterijos įkrovos lygis turi siekti bent ",{"t":"idOrVar","v":"threshold"}," %."]},{"$i":"required","$v":"Prival."},{"$i":"uncompressingMessage","innerHTML":{"$o":"Išskleidžiama… <span>Tai gali trukti kelias minutes.</span>"}},{"$i":"downloadWifiPrioritizedUsing2G","$v":"Atnaujinimai yra atsisiunčiami naudojant duomenų ryšį, kai nėra „Wi-Fi“ ryšio. Naudojant duomenų ryšį, telefono skambučiai gali būti blokuojami, taip pat gali būti taikomi papildomi mokesčiai."},{"$i":"downloadWifiPrioritized3","$v":"Atnaujinimai yra atsisiunčiami naudojant duomenų ryšį, kai nėra „Wi-Fi“ ryšio. Naudojant duomenų ryšį gali būti taikomi papildomi mokesčiai."},{"$i":"downloadNoWifiWarning","$v":"„Wi-Fi“ ryšio nėra. Bandant atnaujinti esamą ryšį gali būti taikomi papildomi mokesčiai."},{"$i":"downloadOfflineWarning2","$v":"Prisij. prie tinklo, kad parsis. atnauj."},{"$i":"downloadUpdatesViaDataConnection","$v":"Parsisiųsti atnauj. per duomenų ryšį?"},{"$i":"downloadUpdatesVia2GForbidden3","$v":"Nepavyksta parsisiųsti atnauj. esant lėtam ryšiui (2G). Prisijunkite per „Wi-Fi“ arba 3G (jei yra) ir bandykite dar kartą."},{"$i":"downloadUpdatesViaDataConnectionMessage3","$v":"Naudojant duomenų ryšį gali būti taikomos papildomos išlaidos. Ar norite tęsti?"},{"$i":"downloadUpdatesViaDataRoamingConnection","$v":"Parsis. atnauj. per užsien. tink.?"},{"$i":"downloadUpdatesViaDataRoamingConnectionMessage","$v":"Šiuo metu įjungtas užsienio tinklas, todėl gali būti taikomi papildomi mokesčiai. Ar norite tęsti?"},{"$i":"screenshotSaved","$v":"Ekr. nuotr. išsaug. galer."},{"$i":"screenshotFailed","$v":"Nepavyko išsaugoti ekrano nuotraukos"},{"$i":"screenshotNoSDCard","$v":"Atm. kortelė nerasta"},{"$i":"screenshotSDCardInUse","$v":"Atm. kort. naudojama"},{"$i":"screenshotSDCardLow","$v":"Atmin. kortelėje trūksta vietos"},{"$i":"emergency-call-button","$v":"Skam. sk. pag. t."},{"$i":"emergency-call","$v":"Pag. sk."},{"$i":"unlock-a11y-button","ariaLabel":"Atrakinti"},{"$i":"camera-a11y-button","ariaLabel":"Fotok."},{"$i":"longDateFormat","$v":"%A, %B %e"},{"$i":"clockDateFormat","$v":"%a, %e %b"},{"$i":"panel-passcode","ariaLabel":"Ryšio k. skyd."},{"$i":"open-notification","$v":"Atid."},{"$i":"unlock","$v":"Atrakinti"},{"$i":"login","$v":"Prisijungti"},{"$i":"sign-in-to-website","$v":"Prisijungti prie svetainės"},{"$i":"username","$v":"Vartotojo vardas"},{"$i":"password","$v":"Slaptaž."},{"$i":"show-password","$v":"Rodyti slaptažodį"},{"$i":"http-authentication-message2","$v":["Svetainė ",{"t":"idOrVar","v":"host"}," reikalauja prisijungti."]},{"$i":"error-message","$v":[{"t":"idOrVar","v":"name"}," Įkeliamas netinkamai"]},{"$i":"error-title","$v":[{"t":"idOrVar","v":"name"}," kilo problemų"]},{"$i":"unable-to-connect","$v":"Nepavyko prisijungti"},{"$i":"tap-to-check-settings","$v":"Bakst., kad patikrintumėte parametrus"},{"$i":"set","$v":"Nustatyti"},{"$i":"delete-title","$v":["Ištr. ",{"t":"idOrVar","v":"name"},"?"]},{"$i":"delete-body","$v":[{"t":"idOrVar","v":"name"}," ir visi sus. duom. bus ištrinti."]},{"$i":"delete","$v":"Pašalinti"},{"$i":"delete-desc","$v":"Ar tikrai norite tai pašalinti?"},{"$i":"unrecoverable-error-title","$v":"Programos pašalin."},{"$i":"unrecoverable-error-body","$v":"Nepavyksta įdiegti programos dėl nepataisomos klaidos. Bandykite parsisiųsti dar kartą. Programa bus pašalinta."},{"$i":"unrecoverable-error-action","$v":"GERAI"},{"$i":"instant-settings","$v":"momentin. param."},{"$i":"settings","$v":"Parametrai"},{"$i":"flashlight","$v":"Žibintuv."},{"$i":"brightness","$v":"Ryškumas"},{"$i":"volume","$v":"Garsumas"},{"$i":"calculator","$v":"Skaičiuok."},{"$i":"airplane-mode","$v":"Lėktuvo rež."},{"$i":"wifi","$v":"„Wi-Fi“"},{"$i":"bluetooth","$v":"Bluetooth"},{"$i":"cellular-data","$v":"Mob. duom."},{"$i":"on","$v":"Įj."},{"$i":"off","$v":"Išjungti"},{"$i":"percentage-number","$v":[{"t":"idOrVar","v":"number"}," %"]},{"$i":"select-time","$v":"Rinktis laiką"},{"$i":"select-date","$v":"Rinktis datą"},{"$i":"battery-almost-empty-plug-in-your-charger","$v":"Baterija baigia išsikrauti. Įjunkite įkroviklį."},{"$i":"battery-temperature-warning-header","$v":"Perspėjimas"},{"$i":"battery-temperature-high","$v":"Temperatūra per didelė. Telefonas išsijungs, jei temperatūra toliau kils."},{"$i":"battery-temperature-high-stop-charging","$v":"Temperatūra per didelė. Baterijos krovimas sustabdytas. Telefonas išsijungs, jei temperatūra toliau kils."},{"$i":"battery-temperature-low","$v":"Temperatūra per žema. Telefonas išsijungs, jei temperatūra toliau mažės."},{"$i":"battery-temperature-low-stop-charging","$v":"Temperatūra per žema. Baterijos krovimas sustabdytas. Telefonas išsijungs, jei temperatūra toliau mažės."},{"$i":"crash-dialog2-os","$v":["„",{"t":"idOrVar","v":"brandShortName"},"“ ką tik pradėjo veikti"]},{"$i":"crash-dialog-app","$v":[{"t":"idOrVar","v":"name"}," užstrigo"]},{"$i":"crash-dialog-app-noname","$v":"Kažkas"},{"$i":"crash-dialog-message","$v":"Ar norėtumėte išsiųsti „KaiOS“ pranešimą apie gedimą, kuris padėtų mums išspręsti problemą? (Ataskaitos siunčiamos tik „Wi-Fi“ ryšiu.)"},{"$i":"crash-info-link","$v":"Kas yra gedimo ataskaita?"},{"$i":"crash-always-report","$v":"Visada siųsti „KaiOS“ atask. įvykus trikčiai."},{"$i":"crash-dont-send","$v":"Nesiųsti"},{"$i":"crash-end","$v":"Siųsti ataskaitą"},{"$i":"crashReports","$v":"Strig. atask."},{"$i":"done","$v":"Atl."},{"$i":"crash-reports-description-1","$v":"Strigčių ataskaitoje pateikiama informacija apie strigtį ir jūsų priet., taip pat priet. būsenos kadras užstrigimo metu."},{"$i":"crash-reports-description-2","$v":"Problemos priežastis gali būti atidaryti puslapiai ir programos, įvestas į laukelius tekstas ir atvirų pranešimų turinys, naujausia naršymo istorija arba geografinė vieta, kurią naudoja atidaryta programa."},{"$i":"crash-reports-description-3-start","$v":"Naudojame gedimo ataskaitas spręsdami problemas ir tobulindami produktus. Tvarkome jūsų informaciją, kaip nurodyta mūsų "},{"$i":"crash-reports-description-3-privacy","$v":"privat. tais."},{"$i":"crash-reports-description-3-end","$v":"."},{"$i":"crash-banner-os2","$v":["„",{"t":"idOrVar","v":"brandShortName"},"“ užstrigo."]},{"$i":"crash-banner-app","$v":[{"t":"idOrVar","v":"name"}," užstrigo."]},{"$i":"crash-banner-report","$v":"Atask."},{"$i":"bluetooth-sending-progress","$v":"Failo siuntimas per „Bluetooth“"},{"$i":"bluetooth-receiving-progress","$v":"Gaun. „Bluetooth“ fail."},{"$i":"acceptFileTransfer","$v":"Perdavimo užklausa"},{"$i":"requestToReceive","$v":["„",{"t":"idOrVar","v":"deviceName"},"“ nori perkelti failą (-ų). Priimti?"]},{"$i":"wantToReceiveFile","$v":["„",{"t":"idOrVar","v":"deviceName"},"“ norėtų perkelti „",{"t":"idOrVar","v":"fileName"},"“ (",{"t":"idOrVar","v":"fileSize"},")."]},{"$i":"transfer-confirmation-title","$v":[{"t":"idOrVar","v":"deviceName"}]},{"$i":"transfer-confirmation-description","$v":"Peržiūrėti perkėl. užkl."},{"$i":"byteUnit-B","$v":"B"},{"$i":"byteUnit-KB","$v":"KB"},{"$i":"byteUnit-MB","$v":"MB"},{"$i":"byteUnit-GB","$v":"GB"},{"$i":"byteUnit-TB","$v":"TB"},{"$i":"byteUnit-PB","$v":"PB"},{"$i":"byteUnit-EB","$v":"EB"},{"$i":"byteUnit-ZB","$v":"ZB"},{"$i":"byteUnit-YB","$v":"YB"},{"$i":"fileSize","$v":[{"t":"idOrVar","v":"size"}," ",{"t":"idOrVar","v":"unit"}]},{"$i":"deny","$v":"Neleis."},{"$i":"transfer","$v":"Perkelti"},{"$i":"accept","$v":"Priimti"},{"$i":"stop","$v":"Stabdyti"},{"$i":"cancelFileTransfer","$v":"Atš. „Bluetooth“ perk. fail.?"},{"$i":"continueFileTransfer","$v":"Tęsti"},{"$i":"transfer-has-started-title","$v":"Galima pradėti kelti failus"},{"$i":"transfer-has-started-description","$v":"Laukiama patvirtinimo"},{"$i":"transfer-has-started-toast","$v":"Pradėta kelti failus. Eigą tikrinkite pranešimuose"},{"$i":"transferFinished-sentSuccessful-title","$v":"Fail. išs."},{"$i":"transferFinished-receivedSuccessful-title","$v":"Failas gautas"},{"$i":"transferFinished-failed-title","$v":"Nepav. perk. fail."},{"$i":"transferFinished-try-again-description","$v":"Šiuo metu išsiųs. failo nepav. Band. dar kartą vėl."},{"$i":"transferReport-title","$v":"Perdavimo ataskaita:"},{"$i":"transferReport-description","$v":["Sėkmingų failų: ",{"t":"idOrVar","v":"numSuccessful"},", nesėkmingų failų: ",{"t":"idOrVar","v":"numUnsuccessful"}]},{"$i":"unknown-file","$v":"Nežinomas failas"},{"$i":"unknown-device","$v":"Nežinomas prietaisas"},{"$i":"cannotOpenFile","$v":"Nepav. atid. gauto failo"},{"$i":"unknownMediaTypeToOpenFile","$v":["Nepav. atid. než. medij. tipo: ",{"t":"idOrVar","v":"fileName"}]},{"$i":"cannotReceiveFile","$v":"Nepav. gauti failo"},{"$i":"cannotGetStorageState","$v":"Nepav. gauti priet. saugykl. būsen."},{"$i":"sdcard-not-exist2","$v":"Atmin. kortelė nerasta. Įdėkite atminties kortelę."},{"$i":"sdcard-in-use","$v":"Kai telef. prijungtas, „Bluetooth“ naudoti negalima. Atjunkite telefoną, kad gautumėte failą (-us)."},{"$i":"sdcard-no-space2","$v":"Nepav. užbaigti perkėlimo: atm. kortelė pilna."},{"$i":"unknown-error","$v":"Nežinoma klaida"},{"$i":"confirm","$v":"Patvir."},{"$i":"stopTransferTitle","$v":"Sustabdyti failų perkėlimą"},{"$i":"stopTransferContent","$v":"Ar norite sustabdyti failų perdavimą „Bluetooth“ ryšiu?"},{"$i":"storage","$v":"Saugykla"},{"$i":"sdcard-detected-title","$v":"Aptikta SD kort."},{"$i":"no-sdcard-title","$v":"Nėra SD kortelės"},{"$i":"sdcard-total-size-body","$v":["Bendras dydis: ",{"t":"idOrVar","v":"size"}," ",{"t":"idOrVar","v":"unit"}]},{"$i":"sdcard-unknown-size-then-tap-to-format-body","$v":"Nežinomas dydis. Palieskite, kad suformatuotumėte"},{"$i":"sdcard-removed-title","$v":"SD kort. pašal."},{"$i":"sdcard-removed-ejected-successfully","$v":"Atjungta sėkmingai"},{"$i":"sdcard-removed-not-ejected-properly","$v":"Atjungta netinkamai"},{"$i":"set-sdcard-as-default-media-location","$v":"Aptikta SD kort. Nust. SD kort. kaip numat. med. vietą?"},{"$i":"no-sdcard-content","$v":"Įdėkite SD kortelę, kad gautumėte daugiau vietos."},{"$i":"sim-confirmation-content","$v":["Mob. duomenys priskirti SIM",{"t":"idOrVar","v":"n"},"."]},{"$i":"sim-confirmation-title","$v":"SIM kortelės pakeistos"},{"$i":"sim-confirmation-notice-title","$v":"SIM kortelės pakeistos"},{"$i":"sim-confirmation-notice","$v":"Pasirinkę matysite inf."},{"$i":"sim-hot-plug","$v":"Telefonas bus paleistas iš naujo"},{"$i":"sim-hot-plug-empty","$v":"Telefonas bus paleistas iš naujo, nes SIM kortelės išimtos."},{"$i":"sim-hot-plug-empty-confirm","$v":"Įsitikinkite, kad SIM kortelė ištraukta, tada pasp. „Gerai“ ir pal. iš naujo."},{"$i":"noSimCard","$v":"Nėra SIM k."},{"$i":"lockedSim","$v":"Užrakinta SIM"},{"$i":"noService","$v":"Nėra ryšio"},{"$i":"eccOnly","$v":"Emergency calls only"},{"$i":"nocard-eccOnly","$v":"No SIM card-Emergency calls only"},{"$i":"unusablecard-eccOnly","$v":"Unusable SIM card-Emergency calls only"},{"$i":"searching","$v":"Ieškoma..."},{"$i":"simPin","$v":"SIM kortelės PIN kodas"},{"$i":"pukCode","$v":"PUK"},{"$i":"nckCode","$v":"NCK kod."},{"$i":"cckCode","$v":"CCK kod."},{"$i":"spckCode","$v":"SPCK kodas"},{"$i":"nck1code","$v":"NCK1 kod."},{"$i":"nck2code","$v":"NCK2 kod."},{"$i":"hnckcode","$v":"HNCK kod."},{"$i":"rcckcode","$v":"RCCK kod."},{"$i":"rspckcode","$v":"RSPCK kod."},{"$i":"ncklockContent","$v":["Lizdas",{"t":"idOrVar","v":"n"}," užrakintas naudojant nck."]},{"$i":"whatIsSimPin","$v":"Kas yra SIM PIN?"},{"$i":"simPinIntro1","$v":"SIM k. PIN k. neleidžia pas. SIM k. mob. duom. tinklo. Įjungus šią parinktį ir bet kurį priet., kuriame yra ši SIM k., pal. iš naujo bus prašoma PIN k."},{"$i":"simPinIntro2","$v":"SIM k. PIN k. nėra toks pat kaip ryš. kod., naud. priet. atrak."},{"$i":"changeSimPin","$v":"Keisti PIN"},{"$i":"pinTitle","$v":"Įves. SIM PIN"},{"$i":"multiSIMpinTitle","$v":["Įves. ",{"t":"idOrVar","v":"n"}," SIM PIN"]},{"$i":"multiSIMpukTitle","$v":["Įveskite PUK",{"t":"idOrVar","v":"n"}," PIN"]},{"$i":"multiSIMnckTitle","$v":["Įveskite NCK",{"t":"idOrVar","v":"n"}," PIN"]},{"$i":"multiSIMxckTitle","$v":["Įves. SIM",{"t":"idOrVar","v":"n"}," ",{"t":"idOrVar","v":"type"}]},{"$i":"xckTitle","$v":["Įves. ",{"t":"idOrVar","v":"type"}," kodą"]},{"$i":"xckCode","$v":[{"t":"idOrVar","v":"type"}," kodas"]},{"$i":"xckBlocked","$v":[{"t":"idOrVar","v":"type"}," užblok."]},{"$i":"pukTitle","$v":"Įveskite PUK kodą"},{"$i":"nckTitle","$v":"Įves. HCK kodą"},{"$i":"cckTitle","$v":"Įves. CCK kodą"},{"$i":"spckTitle","$v":"Įves. SPCK kodą"},{"$i":"nck1Title","$v":"Įves. NCK1 kodą"},{"$i":"nck2Title","$v":"Įves. NCK2 kodą"},{"$i":"hnckTitle","$v":"Įves. HNCK kodą"},{"$i":"rcckTitle","$v":"Įves. RCCK kodą"},{"$i":"rspckTitle","$v":"Įves. RSPCK kodą"},{"$i":"newpinTitle","$v":"Nauj. PIN"},{"$i":"inputCodeRetriesLeft","$v":{"few":["Liko band.: ",{"t":"idOrVar","v":"n"},"."],"many":["Liko band.: ",{"t":"idOrVar","v":"n"},"."],"one":"Liko 1 ban.","other":["Liko band.: ",{"t":"idOrVar","v":"n"},"."],"two":["Liko band.: ",{"t":"idOrVar","v":"n"},"."]},"$x":[{"t":"idOrVar","v":"plural"},"n"]},{"$i":"pinErrorMsg","$v":"Neteisin. PIN."},{"$i":"pinAttemptMsg2","$v":{"few":["Liko dar ",{"t":"idOrVar","v":"n"}," bandym. įvesti teisingą kodą, po kurių SIM kortelė bus užrakinta."],"many":["Liko dar ",{"t":"idOrVar","v":"n"}," bandym. įvesti teisingą kodą, po kurių SIM kortelė bus užrakinta."],"one":"Liko vienas bandymas įvesti teisingą kodą, po kurio SIM kortelė bus užrakinta.","other":["Liko dar ",{"t":"idOrVar","v":"n"}," bandym. įvesti teisingą kodą, po kurių SIM kortelė bus užrakinta."],"two":["Liko dar ",{"t":"idOrVar","v":"n"}," bandym. įvesti teisingą kodą, po kurių SIM kortelė bus užrakinta."]},"$x":[{"t":"idOrVar","v":"plural"},"n"]},{"$i":"pinLastChanceMsg","$v":"Tai yra jūsų paskutinė galimybė įvesti teisingą PIN kodą. Priešingu atveju, norėdami naudoti šią SIM kortelę, turite įvesti PUK kodą."},{"$i":"simCardLockedMsg","$v":"SIM kortelė užrakinta."},{"$i":"enterPukMsg","$v":"Turite įvesti SIM kortelės asmeninio atrakinimo kodą (PUK). Jei reikia daugiau informacijos, žr. SIM kortelės dokumentaciją arba susisiekite su savo operatoriumi."},{"$i":"pukErrorMsg","$v":"Neteisin. PUK."},{"$i":"pukAttemptMsg2","$v":{"few":["Liko dar ",{"t":"idOrVar","v":"n"}," bandym. įvesti teisingą kodą, po kurių SIM kortelė taps nebetinkama naudoti. Jei reikia daugiau informacijos, žr. SIM kortelės dokumentaciją arba susisiekite su savo operatoriumi."],"many":["Liko dar ",{"t":"idOrVar","v":"n"}," bandym. įvesti teisingą kodą, po kurių SIM kortelė taps nebetinkama naudoti. Jei reikia daugiau informacijos, žr. SIM kortelės dokumentaciją arba susisiekite su savo operatoriumi."],"one":"Liko vienas bandymas įvesti teisingą kodą, po kurio SIM kortelė taps nebetinkama naudoti. Jei reikia daugiau informacijos, žr. SIM kortelės dokumentaciją arba susisiekite su savo operatoriumi.","other":["Liko dar ",{"t":"idOrVar","v":"n"}," bandym. įvesti teisingą kodą, po kurių SIM kortelė taps nebetinkama naudoti. Jei reikia daugiau informacijos, žr. SIM kortelės dokumentaciją arba susisiekite su savo operatoriumi."],"two":["Liko dar ",{"t":"idOrVar","v":"n"}," bandym. įvesti teisingą kodą, po kurių SIM kortelė taps nebetinkama naudoti. Jei reikia daugiau informacijos, žr. SIM kortelės dokumentaciją arba susisiekite su savo operatoriumi."]},"$x":[{"t":"idOrVar","v":"plural"},"n"]},{"$i":"pukLastChanceMsg","$v":"Paskutinė galimybė įvesti teisingą PUK kodą. Įvedę neteisingą PUK kodą, SIM kortelės naudoti nebegalėsite. Jei reikia daugiau informacijos, žr. SIM kortelės instruk. arba susisiekite su savo operator."},{"$i":"cardPermanentlyLockMsg-head","$v":"Neteisin. PUK."},{"$i":"cardPermanentlyLockMsg-body","$v":"Jūsų SIM kortelė užrakinta visam laikui. Jei reikia daugiau informacijos, susisiekite su savo operatoriumi."},{"$i":"newSimPinMsg","$v":"Kurti PIN (turi sudaryti 4–8 skaitmen.)"},{"$i":"confirmNewSimPinMsg","$v":"Patv. naują PIN"},{"$i":"newPinErrorMsg","$v":"PIN neatitinka."},{"$i":"nckErrorMsg","$v":"Neteisingas NKC kodas."},{"$i":"nckAttemptMsg2","$v":{"few":["Tinklo nuasmeninimo užklausos klaida. Jums liko ",{"t":"idOrVar","v":"n"}," band. teisingam kodui pateikti. Daugiau informacijos ieškokite prietaiso instruk. arba susisiekite su savo operat."],"many":["Tinklo nuasmeninimo užklausos klaida. Jums liko ",{"t":"idOrVar","v":"n"}," band. teisingam kodui pateikti. Daugiau informacijos ieškokite prietaiso instruk. arba susisiekite su savo operatoriumi."],"one":"Tinklo nuasmeninimo užklausos klaida. Jums liko vienas band. teisingam kodui pateikti. Daugiau informacijos ieškokite prietaiso instruk. arba susisiekite su savo operat.","other":["Tinklo nuasmeninimo užklausos klaida. Jums liko ",{"t":"idOrVar","v":"n"}," band. teisingam kodui pateikti. Daugiau informacijos ieškokite prietaiso instruk. arba susisiekite su savo operat."],"two":["Tinklo nuasmeninimo užklausos klaida. Jums liko ",{"t":"idOrVar","v":"n"}," band. teisingam kodui pateikti. Daugiau informacijos ieškokite prietaiso instruk. arba susisiekite su savo operat."]},"$x":[{"t":"idOrVar","v":"plural"},"n"]},{"$i":"nckLastChanceMsg","$v":"Tinklo nuasmeninimo užklausos klaida. Paskutinis band. teisingam kodui pateikti. Daugiau informacijos ieškokite prietaiso instruk. arba susisiekite su savo operat."},{"$i":"sim-attention-header","$v":"SIM užrakinta"},{"$i":"multiSIM-attention-header","$v":["SIM",{"t":"idOrVar","v":"n"}," užrakinta"]},{"$i":"sim-attention-head","$v":"SIM kortelė užrakinta."},{"$i":"sim-attention-body","$v":"Ar norite įvesti PUK kodą, kad atrakintumėte šią SIM kortelę?"},{"$i":"enter-puk-rsk","$v":"Įves. PUK"},{"$i":"verify-rsk","$v":"Atl."},{"$i":"activity-pick","$v":"Rinktis iš"},{"$i":"activity-view","$v":"Peržiūrėti su"},{"$i":"activity-test","$v":"Tikrinkite su"},{"$i":"activity-share","$v":"Dalintis"},{"$i":"activity-new","$v":"Kurti naud."},{"$i":"activity-open","$v":"At. naud."},{"$i":"activity-save-bookmark","$v":"Pažym. žyma"},{"$i":"activity-record","$v":"Įrašai nuo"},{"$i":"activity-browse","$v":"Narš. naud."},{"$i":"activity-configure","$v":"Konfig. naud."},{"$i":"activity-dial","$v":"Rinkti iš"},{"$i":"remoteDebuggerMessage","$v":"Aptikta gaunama užklausa dėl leidimo leisti nuotolinio derinimo ryšį. Leisti prisijungti?"},{"$i":"captive-wifi-available","$v":["Buvo rastas ",{"t":"idOrVar","v":"networkName"}," tinklas. Prisijungti prie tinklo?"]},{"$i":"ceWarningtitle","$v":"Perspėjimas dėl garsumo"},{"$i":"ceWarningcontent","$v":"Norėdami nepakenkti klausai, neklausykite dideliu garsumu ilgą laiką."},{"$i":"is-volume-type-notification","$v":"Skmb. t. ir persp."},{"$i":"is-volume-type-telephony","$v":"Garsumas"},{"$i":"is-volume-type-alarm","$v":"Sign."},{"$i":"is-volume-type-content","$v":"Medija"},{"$i":"kai-volume-type-notification","$v":"SKAMBĖJIMO SIGNALAI IR PERSPĖJIMAI"},{"$i":"kai-volume-type-telephony","$v":"GARSUMAS"},{"$i":"volume-type-alarm","$v":"Sign."},{"$i":"volume-type-content","$v":"Medija"},{"$i":"vibrate-only","$v":"Tik vibruoti"},{"$i":"silent","$v":"Begarsė"},{"$i":"vibrate-on","$v":"Vibracija: įjungta"},{"$i":"vibrate-off","$v":"Vibracija: išjungta"},{"$i":"vibrate","$v":"Vibruoti"},{"$i":"kai-volume","$v":["Garsumas:",{"t":"idOrVar","v":"n"},"/",{"t":"idOrVar","v":"c"}]},{"$i":"notification-powersaving-mode-on-title","$v":"Energ. taup. rež."},{"$i":"notification-powersaving-mode-on-description","$v":"Įjung. energ. taup. rež."},{"$i":"low-device-storage","$v":"Priet. maž. viet."},{"$i":"storage-alert","$v":"Saugojimo įspėjimas"},{"$i":"phone-almost-full","$v":"Telefonas beveik pilnas."},{"$i":"free-space","$v":{"few":["Likę: mažiau nei ",{"t":"idOrVar","v":"value"}," ",{"t":"idOrVar","v":"unit"},"."],"many":["Likę: mažiau nei ",{"t":"idOrVar","v":"value"}," ",{"t":"idOrVar","v":"unit"},"."],"one":["Likę: mažiau nei ",{"t":"idOrVar","v":"value"}," ",{"t":"idOrVar","v":"unit"},"."],"other":["Likę: mažiau nei ",{"t":"idOrVar","v":"value"}," ",{"t":"idOrVar","v":"unit"},"."],"two":["Likę: mažiau nei ",{"t":"idOrVar","v":"value"}," ",{"t":"idOrVar","v":"unit"},"."],"zero":"Nėra laisvos vietos."},"$x":[{"t":"idOrVar","v":"plural"},"value"]},{"$i":"unknown-free-space","$v":"Nežinomas vietos likutis."},{"$i":"can-delete-data-to-get-space","$v":"Galite pašalinti kai kuriuos med. failus arba tvarkyt. pr. duom., kad liktų daugiau vietos."},{"$i":"should-delete-data-to-get-space","$v":"Prieš toliau naudodami šį įrenginį turite ištrinti kai kuriuos medijos failus arba tvarkyti programų duomenis, kad atlaisvintumėte daugiau vietos."},{"$i":"storage-full-level-1-title","$v":"Telefonas beveik pilnas"},{"$i":"storage-full-level-2-title","$v":"Tel. saugykla pilna."},{"$i":"delete-to-get-space","$v":"Jei norite atlaisvinti vietos, ištrinkite medijos failus, programų duomenis arba parsisiųstas programas."},{"$i":"delete-to-get-space-level-2","$v":"Jei norite atlaisvinti vietos, ištrinkite medijos failus, programų duomenis arba parsisiųstas programas. Priešingu atveju telefonas neveiks tinkamai."},{"$i":"system-alert","$v":"Sistemos perspėjimas"},{"$i":"cb-channel","$v":[{"t":"idOrVar","v":"channel"}," kanal."]},{"$i":"cell-broadcast-subtitle","$v":"Mob. ryš. tr."},{"$i":"cb-etws-warningType-earthquake","$v":"Įsp. dėl žem. dreb.!"},{"$i":"cb-etws-warningType-tsunami","$v":"Perspėjimas apie cunamį!"},{"$i":"cb-etws-warningType-earthquake-tsunami","$v":"Įsp. dėl žem. dreb. ir cun.!"},{"$i":"cb-etws-warningType-test","$v":"Išbandoma perspėjimo sistema."},{"$i":"cb-etws-warningType-other","$v":"Įsp. dėl sk. pag.!"},{"$i":"icc-message-maintitle","$v":"Operat. praneš."},{"$i":"icc-message-subtitle","$v":"SIM"},{"$i":"icc-confirmCall-defaultmessage","$v":["Sk. ",{"t":"idOrVar","v":"number"},"?"]},{"$i":"icc-alertMessage-defaultmessage","$v":"Siunčiamas pranešimas"},{"$i":"icc-confirmMessage-defaultmessage","$v":"Ar siųsti pranešimą?"},{"$i":"icc-notification-title","$v":["SIM ",{"t":"idOrVar","v":"id"}," STK"]},{"$i":"icc-inputbox-maintitle","$v":"STK užklausa"},{"$i":"icc-inputbox-subtitle","$v":["SIM ",{"t":"idOrVar","v":"id"}]},{"$i":"emergency-callback-mode","$v":"Atgal. pag. skam. rež."},{"$i":"emergency-callback-message","$v":"Negalite skambinti, siųsti pranešimų arba prisijungti prie interneto, nes įjungta atgalinio skambučio skubios pagalbos tarnybai funkcija. Ar norėtumėte ją išjungti?"},{"$i":"cdma-record-info","$v":"CDMA įrašo informacija"},{"$i":"download_started","$v":"Pradėt. parsis."},{"$i":"download_stopped","$v":"Parsis. sustabd."},{"$i":"download_downloading","$v":[{"t":"idOrVar","v":"percentage"},"%"]},{"$i":"download_succeeded","$v":"Parsis. baigtas"},{"$i":"download_failed","$v":"Parsisiųsti nepavyko"},{"$i":"update_succeeded","$v":"Atnaujinimas baigtas"},{"$i":"download_text_by_default","$v":[{"t":"idOrVar","v":"name"}]},{"$i":"phone-storage-full-title","$v":"Tel. saugykla pilna"},{"$i":"phone-storage-full-warning","$v":"Nepavyko atsisiųsti failo. Jei norite atlaisvinti vietos, ištrinkite medijos failų ar programų duomenų. Taip pat galite įdėti SD kortelę, kad būtų daugiau medijos saugyklos vietos."},{"$i":"sdcard-storage-full-title","$v":"SD kort. pilna."},{"$i":"sdcard-storage-full-warning","$v":"Nepavyko atsisiųsti failo. Ištrinkite failus SD kortelėje, kad atlaisvintumėte vietos."},{"$i":"opt-settings","$v":"Parametrai"},{"$i":"search-the-web","$v":"Iešk. intern."},{"$i":"search-or-enter-address","$v":"Iešk. arba įves. adresą","placeholder":"Iešk. arba įves. adresą"},{"$i":"search-or-enter-url","$v":"Iešk. arba įv. URL","placeholder":"Iešk. arba įv. URL"},{"$i":"back-button","ariaLabel":"Grįž."},{"$i":"forward-button","ariaLabel":"Pers."},{"$i":"reload-button","ariaLabel":"Įk. iš nauj."},{"$i":"stop-button","ariaLabel":"Stabdyti"},{"$i":"windows-button","ariaLabel":"Rodyti langus"},{"$i":"noHotspotWhenAPMisOnWifiHotspot","$v":"Išjunkite lėktuvo režimą, kad galėt. naudoti „Wi-Fi“ prieigos tašką."},{"$i":"apmActivated","$v":"Lėkt. režimas įjungtas"},{"$i":"save-image","$v":"Atv. išsg."},{"$i":"save-video","$v":"Išs. vaiz. įr."},{"$i":"save-audio","$v":"Gr. įr. išsg."},{"$i":"share-image","$v":"Dalintis atvaizdu"},{"$i":"share-video","$v":"Dalintis vaizdo įrašu"},{"$i":"share-audio","$v":"Dalintis garso įrašais"},{"$i":"kai-cancelButtonId","$v":"Atšaukti"},{"$i":"kai-not-send","$v":"Nesiųsti"},{"$i":"kai-send-report","$v":"Siųsti ataskaitą"},{"$i":"refresh","$v":"Atnauj."},{"$i":"goBack","$v":"Atgal"},{"$i":"goForward","$v":"Pirmyn"},{"$i":"goToTopSites","$v":"Eiti į lan. sv."},{"$i":"pinToTopSites","$v":"Prsg. prie lank. sv."},{"$i":"pinToAllApps","$v":"Įtraukti į visų programų sąrašą"},{"$i":"pinToAppsMenu","$v":"Įtraukti į programų meniu"},{"$i":"viewMessages","$v":"Peržiūrėti pranešimus"},{"$i":"downloadImage","$v":"Atsisiųsti vaizdą"},{"$i":"quit","$v":"Baig."},{"$i":"minimizeBrowser","$v":"Suskleisti naršyklę"},{"$i":"pinSiteCompletely","$v":"Ši svetainė buvo įtraukta į populiariausių svetainių sąrašą."},{"$i":"siteWasPinnedBefore","$v":"Ši svetainė anksčiau buvo įtraukta į populiariausių svetainių sąrašą."},{"$i":"pinnedSitesOverLimit","$v":"Pasiekėte maksimalų prisegtų svetainių skaičių."},{"$i":"pressBackAgainToQuitBrowser","$v":"Nor. išeiti iš narš., vėl pasp. ATGAL."},{"$i":"pressBackAgainToMinimizeBrowser","$v":"Jei norite suskleisti naršyklę, dar kartą paspauskite BACK."},{"$i":"pinSiteToAllAppsCompletely","$v":"Ši svetainė įtraukta į visų programų sąrašą."},{"$i":"pinSiteToAppsMenuCompletely","$v":"Ši svetainė įtraukta į programų meniu."},{"$i":"siteWasPinnedToAllAppsBefore","$v":"Ši svetainė anksčiau buvo įtraukta į visų programų sąrašą."},{"$i":"siteWasPinnedToAppsMenuBefore","$v":"Ši svetainė anksčiau buvo įtraukta į programų meniu."},{"$i":"ext-bluetooth-req","$v":"Supor. užklausa"},{"$i":"ext-unknown","$v":"NEŽINOMAS"},{"$i":"ext-new-message","$v":"Nauj. pran."},{"$i":"ext-new-mail","$v":"Nauj. lšk."},{"$i":"ext-calendar-event","$v":"Kalend. įvykis"},{"$i":"ext-new-notification","$v":"Nauji pran."},{"$i":"incoming","$v":"Priimam."},{"$i":"ext-volume-notification","$v":"Skamb. ton. ir perspėjim."},{"$i":"ext-volume-content","$v":"Medija"},{"$i":"ext-volume-alarm","$v":"Sign."},{"$i":"ext-new-cmas","$v":"Pag. sk."},{"$i":"phone-storage-full-body","$v":"Skambučio įrašymas sustabdytas. Ištrinkite medijos failų arba programos duomenų, kad atlaisvintumėte vietos."},{"$i":"sd-card-full-title","$v":"SD kort. pilna."},{"$i":"sd-card-full-body","$v":"Skambučio įrašymas sustabdytas. Ištrinkite failus SD kortelėje, kad atlaisvintumėte vietos."},{"$i":"supl-notification-title","$v":"Vietos užklausa"},{"$i":"supl-notification-message","$v":"Jūsų buvimo vieta perduodama operatoriui."},{"$i":"supl-verification-title","$v":"Vietos užklausa"},{"$i":"supl-verification-message","$v":"Operatorius prašo jūsų vietos. Ar norite pateikti savo buvimo vietos informaciją operatoriui?"},{"$i":"supl-verification-message-for-notification","$v":"Spust., kad patvirt."},{"$i":"supl-verification-confirm","$v":"Taip"},{"$i":"supl-verification-cancel","$v":"Ne"},{"$i":"supl-more-message","$v":["Praneš.: ",{"t":"idOrVar","v":"id"}," (",{"t":"idOrVar","v":"message"},")"]},{"$i":"confirmPbapMsg","$v":["„",{"t":"idOrVar","v":"deviceId"},"“ norėtų pasiekti jūsų adres. ir skamb. istoriją. Sutinkate?"]},{"$i":"confirmTitle","$v":"„Bluetooth“ užkl."},{"$i":"initialValue","$v":"Įves. sean. rak."},{"$i":"confirmMapMsg","$v":["„",{"t":"idOrVar","v":"deviceId"},"“ norėtų pasiekti jūsų pranešimus. Sutinkate?"]},{"$i":"wifiCallErrorMsg","$v":["„Wi-Fi“ skambučio klaida: ",{"t":"idOrVar","v":"error"}]},{"$i":"wifiCallMissEccTitle","$v":[{"t":"idOrVar","v":"operator"}," WiFi Calling"]},{"$i":"wifiCallMissEccMsg","$v":"Emergency calls in areas with cellular coverage only"},{"$i":"battery-full-title","$v":"Baterija visiškai įkrauta"},{"$i":"battery-full-body","$v":"Baterija visiškai įkrauta."},{"$i":"sim-config-title","$v":"Konfigūracija"},{"$i":"sim-config-content-init","$v":["Spauskite BEGIN, kad sukonfigūruotumėte telefoną operatoriui „",{"t":"idOrVar","v":"carrier"},"“."]},{"$i":"sim-config-content-change","$v":["Ar norite konfigūruoti savo telefoną operatoriui „",{"t":"idOrVar","v":"carrier"},"“?"]},{"$i":"sim-config-content-line1","$v":"Šauniai padirbėta!"},{"$i":"sim-config-content-restart","$v":"Jei norite taikyti pakeitimus, iš naujo paleiskite telefoną."},{"$i":"sim-config-content-finish","$v":"Jei norite baigti, spauskite „Gerai“."},{"$i":"sim-config-content-failed","$v":["Nepavyko rasti „",{"t":"idOrVar","v":"carrier"},"“ profilio."]},{"$i":"sim-config-button-restart","$v":"Atkurti"},{"$i":"sim-config-button-begin","$v":"Pradėkite"},{"$i":"open-wifi-available","$v":"Galimi atviri „Wi-Fi“ tinklai"},{"$i":"wifi-available","$v":"Galimi „Wi-Fi“ tinklai"},{"$i":"wifi-no-internet-title","$v":"Nėra „Wi-Fi“ prieigos prie intern."},{"$i":"wifi-no-internet-body","$v":"Tap for options"},{"$i":"wifi-no-internet-header","$v":"„Wi-Fi“"},{"$i":"wifi-no-internet-content","$v":["„",{"t":"idOrVar","v":"name"},"“ nėra prieigos prie intern., ar likti prisijungus?"]},{"$i":"ellipses_char","$v":"…"},{"$i":"fota-title-attention","$v":"Dėmesio"},{"$i":"fota-upgrade-success","$v":["Program.-aparat. įr. atnaujinta, dabar jūsų prietaiso versija yra ",{"t":"idOrVar","v":"target"},"."]},{"$i":"fota-upgrade-failed","$v":"Atnaujinti nepavyko, atkurta ankst. vers."},{"$i":"fota-title-software-update","$v":"Program. įr. naujin."},{"$i":"fota-message-software-update-available","$v":"Yra program. įr. naujin."},{"$i":"fota-message-software-download-failed","$v":"Progr. įr. nauj. atsis. nepavyko."},{"$i":"fota-message-software-download-complete","$v":"Progr. įr. nauj. atsisiųstas."},{"$i":"network-issue-title","$v":"Tinklo klaida"},{"$i":"network-issue-detail","$v":"Patikrinkite ryšį."},{"$i":"device-issue-title","$v":"Įdiegti klaidą"},{"$i":"device-issue-detail","$v":"Įvyko nežinoma klaida."},{"$i":"device-issue-update-title","$v":"Atnaujinimo klaida"},{"$i":"install-generic-error","$v":"Parsisiuntimas sustabdytas."},{"$i":"account-authenticator-invaild-grant-notice-title","$v":"Paskyros klaida"},{"$i":"account-authenticator-invaild-grant-notice-text","$v":"Prisijunkite dar kartą"},{"$i":"account-authenticator-no-network-error","$v":"Nėra interneto ryšio."},{"$i":"account-authenticator-access-denied-error","$v":"Įvyko nežinoma klaida."},{"$i":"qtn_els_alert_high_vol","$v":"Įspėjimas apie didelį garsumą"},{"$i":"qtn_els_alert_in_call","$v":"Skambinama"},{"$i":"GetEmptyUssdPrompt","$v":"Gautas nulinis atsakymas."},{"$i":"message-sent","$v":"Pran. išsiųs."},{"$i":"send","$v":"Siųsti"},{"$i":"confirmation","$v":"Patvirtinim."},{"$i":"kaistore-notice-title","$v":"KaiStore"},{"$i":"kaistore-notice-content","$v":"See what’s in store."},{"$i":"feedback-dialogview-header","$v":"Atsiliepimas"},{"$i":"feedback-dialogview-message","$v":"Jūsų nuomonė labai svarbi „HMD Global“, todėl norime sužinoti, ką manote apie savo naująjį telefoną. Jei norėsite apklausą atlikti vėliau, ją galite rasti parametrų skiltyje."},{"$i":"dataConnection-off","$v":"Ar išjungti mobiliuosius duomenis?"},{"$i":"dataConnection-off-content","$v":"Negalėsite naudotis programėlėmis arba paslaugomis, kurioms reikia duomenų ryšio, nebent naudosite „Wi-Fi“."},{"$i":"turn-off-location","$v":"Ar išjungti vietos nustatymo paslaugą?"},{"$i":"turn-off-location-content","$v":"Jeigu išjungsite šią paslaugą, geografinės padėties nustatymo paslauga bus nepasiekiama. Tačiau, jei paliksite įjungtą, gali būti taikomas mokestis už mobiliuosius duomenis."},{"$i":"firefox-accounts-title","$v":"„KaiOS“ pask."},{"$i":"firefox-accounts-title-sign-in","$v":"Prisijungti"},{"$i":"firefox-accounts-title-create-account","$v":"Kurti paskyrą"},{"$i":"kaios-accounts-title-about-kaios-account","$v":"Apie „KaiOS“ pask."},{"$i":"kaios-accounts-phone-verification","$v":"Telefono tikrinimas"},{"$i":"kaios-accounts-title-account-info","$v":"Paskyros informacija"},{"$i":"fxa-next","$v":"Kit."},{"$i":"fxa-back","$v":"Grįž."},{"$i":"fxa-done","$v":"Atl."},{"$i":"fxa-ok","$v":"GERAI"},{"$i":"kai-verification-mail-has-been-sent","$v":"Patvirtinimo nuoroda išsiųsta"},{"$i":"fxa-decline","$v":"Atmesti"},{"$i":"fxa-accept","$v":"Priimti"},{"$i":"fxa-sining-in","$v":"Jungiamasi..."},{"$i":"not-now","$v":"Ne dabar"},{"$i":"send-sms","$v":"Siųsti SMS"},{"$i":"resend-sms","$v":"Iš naujo siųsti SMS žinutę"},{"$i":"fxa-connection-error-title","$v":"Nepavyko prisijungti"},{"$i":"fxa-connection-error-message","$v":"Galite sukurti paskyrą arba prisijungti nuėję į skiltį „Parametrai“."},{"$i":"fxa-reset-password-error-title","$v":"Atst. slaptaž."},{"$i":"fxa-reset-password-error-message","$v":"Galite iš naujo nustatyti slaptažodį nuėję į skiltį „Parametrai“."},{"$i":"fxa-incorrect-email-address-or-password","$v":"fxa incorrect email address or password"},{"$i":"fxa-internet-connection-is-required","$v":"fxa reikalingas interneto ryšys"},{"$i":"fxa-server-error","$v":"Serverio klaida, band. dar kartą vėliau"},{"$i":"fxa-server-error-2","$v":"Klaida"},{"$i":"fxa-server-error-message","$v":"Nepavyksta sukurti paskyros. Bandykite vėliau."},{"$i":"fxa-server-error-message-2","$v":"Serveris nepasiekiamas. Bandykite vėliau."},{"$i":"fxa-offline-error-title","$v":"Nepavyko prisijungti"},{"$i":"fxa-offline-error-message","$v":"Prisijunkite prie tinklo parametruose."},{"$i":"fxa-offline-error-message-1","$v":"Nėra interneto ryšio."},{"$i":"fxa-invalid-email-title","$v":"Klaida"},{"$i":"fxa-invalid-email-message","$v":"Įveskite tinkamą el. paštą."},{"$i":"fxa-invalid-password-title","$v":"Klaida"},{"$i":"fxa-invalid-password-message","$v":"Neteis. el. pašto adr. ar slaptaž."},{"$i":"fxa-invalid-password-message-1","$v":"Neteising. slaptaž."},{"$i":"fxa-unknown-error-title","$v":"Nepavyko prisijungti"},{"$i":"fxa-unknown-error-message","$v":"Sistema nepasiekiama, bandykite dar kartą."},{"$i":"fxa-email-is-taken-title","$v":"Klaida"},{"$i":"fxa-email-is-taken-message","$v":"Šiam el. paštui jau sukurta paskyra. Prisijunkite prie savo paskyros."},{"$i":"fxa-confirm-age-title","$v":"Klaida"},{"$i":"fxa-confirm-age-message","$v":"Patvirt., kad esate vyr. nei 13 m."},{"$i":"fxa-account-does-not-exist","$v":"Klaida"},{"$i":"fxa-account-does-not-exist-message","$v":"Neteis. el. pašto adr. ar slaptaž."},{"$i":"fxa-account-does-not-exist-message-1","$v":"Account does not exist."},{"$i":"fxa-password-dont-match","$v":"Klaida"},{"$i":"fxa-password-dont-match-message","$v":"Slaptažodž. neatitin."},{"$i":"fxa-password-less","$v":"Klaida"},{"$i":"fxa-password-less-message","$v":"Slaptažodį sudaro mažiau nei 8 simboliai."},{"$i":"fxa-password-less-message-1","$v":"Slaptažodį sudaro mažiau nei 8 simboliai."},{"$i":"fxa-password-more","$v":"Klaida"},{"$i":"fxa-password-more-message","$v":"Slaptažodį sudaro daugiau nei 20 simbolių."},{"$i":"fxa-password-more-message-1","$v":"Slaptažodį sudaro daugiau nei 20 simbolių."},{"$i":"fxa-password-error","$v":"Klaida"},{"$i":"fxa-password-error-message","$v":"Slaptažodis turi būti 8–20 simbolių raidžių ir skaitmenų kombinacija."},{"$i":"fxa-connecting","$v":"Jungiamasi"},{"$i":"fxa-enter-phone-number-message","$v":"Įveskite telefono numerį. SMS bus išsiųsta ir pradėtas automatinis patikrinimas."},{"$i":"fxa-sms-has-been-sent-message","$v":"SMS išsiųsta. Kai gausite, prasidės automatinis tikrinimas. Patogiai įsitaisykite ir mėgaukitės!"},{"$i":"fxa-time-remaining","$v":"Likęs laikas:"},{"$i":"fxa-sms-verification-failed-message","$v":"Patikrinti SMS nepavyko. Patvirtinkite telefoną ir bandykite dar kartą paspausdami „Iš naujo atsiųsti SMS“."},{"$i":"fxa-phone-number-label","$v":"Telefono numeris"},{"$i":"fxa-enter-your-infomation","$v":"Įveskite savo informaciją."},{"$i":"fxa-birthday-label","$v":"Gimimo data"},{"$i":"fxa-birthday-select","$v":"Rinktis"},{"$i":"fxa-gender-label","$v":"Lytis"},{"$i":"fxa-gender-select","$v":"Rinktis"},{"$i":"fxa-gender-male","$v":"Vyras"},{"$i":"fxa-gender-female","$v":"Moteris"},{"$i":"fxa-gender-confidential","$v":"Konfidencialu"},{"$i":"fxa-enter-email-input","placeholder":"Įves. el. pšt."},{"$i":"fxa-use-email-to-sign-in","$v":"Įveskite el. paštą. Pask. bus pavadinta pagal jūsų el. p. adr."},{"$i":"fxa-notice","$v":["Tęsdamas (-a) sutinku su „KaiOS“ ",{"t":"idOrVar","v":"tos"}," ir ",{"t":"idOrVar","v":"pn"}," debesų paslaugomis."]},{"$i":"fxa-placeholder","$v":"Jūsų el. paštas čia"},{"$i":"fxa-tos","$v":"Paslaugų teikimo sąlygos"},{"$i":"fxa-pn","$v":"Privat. pran."},{"$i":"fxa-create-account-title","$v":"Kurti paskyrą"},{"$i":"fxa-show-age-title","$v":"Aš vyresnis nei 13 metų"},{"$i":"fxa-enter-password-title","$v":"Įveskite slaptažodį. Jūsų slaptažodis turi būti 8–20 simbolių ilgio ir jį turi sudaryti raidės bei skaičiai."},{"$i":"fxa-enter-password-title-1","$v":"Įveskite slaptažodį. Jūsų slaptažodis turi būti 8–20 simbolių ilgio ir jį turi sudaryti raidės bei skaičiai."},{"$i":"fxa-setup-password-title","$v":"Nustatyti slaptažodį"},{"$i":"fxa-create-password-title","$v":"Kurti slaptažodį"},{"$i":"fxa-hello-user","$v":["Sveiki, ",{"t":"idOrVar","v":"email"}]},{"$i":"fxa-password-refresh","$v":"Įveskite savo „KaiOS“ paskyros slaptažodį, kad tęst."},{"$i":"fxa-password","$v":"Slaptaž.","placeholder":"Slaptaž."},{"$i":"fxa-forgot-your-password","$v":"Pamiršote slaptažodį?"},{"$i":"fxa-show-password","$v":"Rodyti slaptažodį"},{"$i":"fxa-password-length-requirement","$v":"Jūsų slaptažodį turi sudaryti bent 8 simboliai."},{"$i":"fxa-confirm-account","$v":"Paskyros patvirtin."},{"$i":"fxa-will-send-email","$v":"Jūsų paskyra sukurta."},{"$i":"fxa-signup-click-verification-link-in-email","$v":["Išsiuntėme patvirtinimo laišką el. paštu ",{"t":"idOrVar","v":"email"},". Patikrinkite gautų laiškų aplanką ir patvirtinkite bei suaktyvinkite savo paskyrą."]},{"$i":"fxa-access-manage-account-settings","$v":"Aktyvinimo nuoroda baigs galioti po 24 valandų."},{"$i":"fxa-signup-success-title","$v":"Paskyra sukurta"},{"$i":"about-kaios-account-text","$v":"Lorem ipsum dolor sit amet, con-sectetur adipiscing elit, sed do eiusmod tempor incididunt ut labore et dolore magna aliqua. Ut enim ad minim veniam, quis nos-trud exercitation ullamco laboris nisi ut aliquip ex ea commodo consequat. Duis aute irure dolor in reprehenderit in voluptate velit esse cillum dolore eu fugiat nulla pariatur. Excepteur sint occaecat cupidatat non proident, sunt in culpa qui officia deserunt mollit anim id est laborum."},{"$i":"about-kaios-account-text1","$v":"„KaiOS“ paskyra teikia „KaiOS“ atpažinimo paslaugas. Paskyra atpažįsta vartotoją ir prietaisą ir leidžia pasiekti kai kurias funkcijas, pvz., nuotolinį prietaisų ir kai kurių paslaugų valdymą."},{"$i":"about-kaios-account-text2","$v":"Kad sukurtumėte paskyrą, reikalingas el. pašto adresas ir slaptažodis. Paskyros kūrimo metu vartotojas turi patvirtinti el. pašto adresą, pasinaud. atsiųsta nuoroda. Pask. nebus aktyv., kol šis el. pašto adr. nebus patv."},{"$i":"about-kaios-account-text3","$v":"Tęsdami paskyros kūrimą sutinkate su sąlygomis ir privatumo pranešimu."},{"$i":"fxa-signin-email","$v":"Pask. pavad."},{"$i":"fxa-signin-password","$v":"Slaptaž."},{"$i":"fxa-signin-success-title","$v":"Jūsų paskyra"},{"$i":"fxa-signin-lsk","$v":"Pamirš. slapt."},{"$i":"fxa-signin-rsk","$v":"Prisijungti"},{"$i":"fxa-change-password-title","$v":"Keisti slaptažodį"},{"$i":"fxa-change-password-description","$v":"Įveskite dabartinį slaptažodį ir nustatykite naują."},{"$i":"fxa-new-password","$v":"Naujas slaptažodis"},{"$i":"fxa-changing-password","$v":"Keičiamas slaptažodis..."},{"$i":"fxa-forgot-password-title","$v":"Pamirš. slapt."},{"$i":"fxa-forgot-password","$v":"Pamirš. slapt."},{"$i":"fxa-forgot-password-sk","$v":"Pamiršau slapt."},{"$i":"fxa-forgot-password-success-title","$v":"Išsiųs. slptž. ats. lšk."},{"$i":"fxa-reset-password-succcess-content","$v":"El. laiškas dėl slaptažodžio atkūrimo buvo nusiųstas į jūsų el. pašto paskyrą."},{"$i":"fxa-reset-password-succcess-content-part2","$v":"Patikrin. savo el. pašto gautuos. ir atst. slaptažodį."},{"$i":"fxa-sign-out-title","$v":"Apsauga nuo vagių įj."},{"$i":"fxa-sign-out-intro","$v":"Patvirtinkite, kad norite išjungti apsaugą nuo vagysčių ir atsijunkite."},{"$i":"fxa-sign-out-intro-1","$v":"Patvirtinkite, kad norite išjungti apsaugą nuo vagystės, ir atsijunkite."},{"$i":"fxa-signout-email","$v":"Jūsų paskyra"},{"$i":"fxa-confirm-password","$v":"Patv. slaptažodį"},{"$i":"fxa-signing-out","$v":"Atsijungiama..."},{"$i":"fxa-sign-out-error-title","$v":"Klaida"},{"$i":"fxa-sign-out-error-message","$v":"Nesėkm. atsijungta nuo pask. Band. dar kartą vėliau"},{"$i":"fxa-sign-out-error-message-1","$v":"Nesėkm. atsijungta nuo pask. Bandykite vėliau"},{"$i":"fxa-connection-is-required-title","$v":"Klaida"},{"$i":"fxa-connection-is-required-message","$v":"Reikalingas interneto ryšys"},{"$i":"fxa-check-password-title","$v":"Išj. aps. nuo vag."},{"$i":"fxa-disable-antitheft-checkpassword-message","$v":"Patvirtinkite, kad norėtumėte išjungti aps. nuo vagysčių."},{"$i":"fxa-reset-factory-checkpassword-message","$v":"Norėdami nustatyti prietaisą iš naujo, turite įvesti savo slaptažodį ir išjungti apsaugos nuo vagystės funkciją."},{"$i":"fxa-reset-factory-checkpassword-message-1","$v":"Norėdami nustatyti prietaisą iš naujo, turite įvesti savo slaptažodį ir išjungti apsaugos nuo vagystės režimą."},{"$i":"fxa-enter-email-to-reset-password","$v":"Įveskite paskyroje naudojamą el. pašto adresą. Atsiųsime nuorodą, kurią spustelėję atkursite slaptažodį."},{"$i":"fxa-enter-email-to-reset-password-1","$v":"Įveskite paskyroje naudojamą el. pašto adresą. Atsiųsime nuorodą, kurią spustelėję atkursite slaptažodį."},{"$i":"fxa-account-not-found","$v":"Paskyra nerasta. Bandykite dar kartą."},{"$i":"fxa-multiple-sign-in-attempts-title","$v":"Keletas prisijung. band."},{"$i":"fxa-multiple-sign-in-attempts-content","$v":"Kelis kartus klaidingai įvedėte slaptažodį."},{"$i":"fxa-multiple-sign-in-attempts-content-1","$v":"Kelis kartus klaidingai įvedėte slaptažodį."},{"$i":"fxa-multiple-sign-in-attempts-content-retry","$v":"Vėliau band. dar kartą"},{"$i":"shortDateFormat","$v":"%B %d, %Y"},{"$i":"network-error-in-app","$v":"Šiuo metu nėra prieigos prie intern."},{"$i":"network-error-launching","$v":[{"t":"idOrVar","v":"name"}," reik. intern. ryšys."]},{"$i":"network-error-launching-title","$v":"Nėra interneto ryšio"},{"$i":"network-error-launching-message","$v":"Naudokite „Wi-Fi“ arba mobiliuosius duomenis, kad prisijungtumėte prie interneto."},{"$i":"server-not-found","$v":"Serveris nerastas"},{"$i":"server-not-found-error","$v":["Nepavyksta ",{"t":"idOrVar","v":"name"}," rasti server."]},{"$i":"file-not-found","$v":"Failas nerast."},{"$i":"file-not-found-error","$v":"Prietaisas negali rodyti šio puslapio, nes failas negali būti rastas."},{"$i":"connection-failed","$v":"Nepavyko prisijungti"},{"$i":"connection-failed-error","$v":"Bandant pasiekti svetainę, įvyko klaida."},{"$i":"invalid-connection","$v":"Nepavyko prisijungti"},{"$i":"invalid-connection-error","$v":"Bandant pasiekti svetainę, įvyko klaida."},{"$i":"malformed-uri","$v":"Netinkamas URL"},{"$i":"malformed-uri-error","$v":"Įvestas URL yra netinkamas ir jo parodyti negalima."},{"$i":"redirect-loop","$v":"Nepav. rodyti pusl."},{"$i":"redirect-loop-error","$v":"Prietaisas negali rodyti šio puslapio, nes puslapis nenukreipia tinkamai. Pabandykite atidaryti puslapį dar kartą vėliau."},{"$i":"not-cached","$v":"Psl. skirt. l. baig."},{"$i":"not-cached-error","$v":"Saugumo sumetimais prietaise negali būti rodomas šis puslapis, nes baigėsi jo galioj. laikas."},{"$i":"is-printing","$v":"Prieiga atmesta"},{"$i":"is-printing-error","$v":"Dokumentas negali būti keičiamas, kai spausdinate arba peržiūrite spaudinį."},{"$i":"denied-port-access","$v":"Adresas apribotas"},{"$i":"denied-port-access-error","$v":"Šis adresas naudoja tinklo prievadą, kuris paprastai nenaudojamas naršymui internete. Prietaisas atšaukė jūsų apsaugos prašymą."},{"$i":"proxy-resolve-failure","$v":"Pagalb. serv. kl."},{"$i":"proxy-resolve-failure-error","$v":"Prietaisas sukonfigūruotas naudoti įgaliotąjį serverį, kurio negalima rasti."},{"$i":"proxy-connect-failure","$v":"Pagalb. serv. kl."},{"$i":"proxy-connect-failure-error","$v":"Prietaisas sukonfigūruotas naudoti įgaliotąjį serverį, kuris atmeta prisijungimus."},{"$i":"content-encoding","$v":"Neįman. rod. pusl."},{"$i":"content-encoding-error","$v":"Prietaisas negali rodyti šio puslapio, nes įvyko turinio kodavimo klaida."},{"$i":"remote-xul","$v":"Nepalaik. pusl."},{"$i":"remote-xul-error","$v":"Šis puslapis negali būti rodomas, nes jame naudojama technologija, kuri nėra palaikoma prietaise."},{"$i":"phishing-blocked","$v":"Perspėjimas"},{"$i":"phishing-blocked-error","$v":"Buvo pranešta, kad svetainė yra internetinė klastotė, skirta apgaule priversti vartotojus dalytis asmenine ar finansine informacija."},{"$i":"malware-blocked","$v":"Kenkėj. ataka užblok."},{"$i":"malware-blocked-error","$v":"Svetainė buvo paskelbta svetaine, kurioje galimos atakos. Prietaisas užblokavo jūsų apsaugos užklausą."},{"$i":"unsafe-content-type","$v":"Nesaugus turinys"},{"$i":"unsafe-content-type-error","$v":"Puslapis negali būti rodomas, nes gali būti nesaugu atidaryti."},{"$i":"corrupted-content","$v":"Nepavyko prisijungti"},{"$i":"corrupted-content-error","$v":"Puslapis negali būti rodomas, nes perduodant duomenis nustatyta klaida."},{"$i":"unknown-protocol-found","$v":"Nepalaik. pusl."},{"$i":"unknown-protocol-found-error","$v":"Puslapio rodyti negalima, nes jame naudojama prietaise nepalaikoma technologija."},{"$i":"try-again","$v":"Bandykite dar kartą"},{"$i":"check-settings","$v":"Tikrin. param."},{"$i":"brandShortName","$v":"KaiOS"},{"$i":"browserBrandShortName","$v":"Web Browser"},{"$i":"browserBrandFullName","$v":"Mozilla Web Browser"},{"$i":"ringtoneBrandName","$v":"Default"},{"$i":"ringtoneSectionBrandName","$v":"System"},{"$i":"accessibility-enableScreenReaderSteps","$v":"To enable screen reader, press the volume up and then volume down buttons three more times"},{"$i":"accessibility-disableScreenReaderSteps","$v":"To disable screen reader, press the volume up and then volume down buttons three more times"},{"$i":"accessibility-screenReaderStarted","$v":"Screen reader started"},{"$i":"accessibility-screenReaderStopped","$v":"Screen reader stopped"},{"$i":"accessibility-menubar","$v":"menu bar"},{"$i":"accessibility-scrollbar","$v":"scroll bar"},{"$i":"accessibility-grip","$v":"grip"},{"$i":"accessibility-alert","$v":"alert"},{"$i":"accessibility-menupopup","$v":"menu popup"},{"$i":"accessibility-document","$v":"document"},{"$i":"accessibility-pane","$v":"pane"},{"$i":"accessibility-dialog","$v":"dialogue"},{"$i":"accessibility-separator","$v":"separator"},{"$i":"accessibility-toolbar","$v":"toolbar"},{"$i":"accessibility-statusbar","$v":"status bar"},{"$i":"accessibility-table","$v":"table"},{"$i":"accessibility-columnheader","$v":"column header"},{"$i":"accessibility-rowheader","$v":"row header"},{"$i":"accessibility-column","$v":"column"},{"$i":"accessibility-row","$v":"row"},{"$i":"accessibility-cell","$v":"cell"},{"$i":"accessibility-link","$v":"link"},{"$i":"accessibility-list","$v":"list"},{"$i":"accessibility-listitem","$v":"list item"},{"$i":"accessibility-outline","$v":"outline"},{"$i":"accessibility-outlineitem","$v":"outline item"},{"$i":"accessibility-pagetab","$v":"tab"},{"$i":"accessibility-propertypage","$v":"property page"},{"$i":"accessibility-graphic","$v":"graphic"},{"$i":"accessibility-pushbutton","$v":"button"},{"$i":"accessibility-checkbutton","$v":"check button"},{"$i":"accessibility-radiobutton","$v":"radio button"},{"$i":"accessibility-combobox","$v":"combo box"},{"$i":"accessibility-progressbar","$v":"progress bar"},{"$i":"accessibility-slider","$v":"slider"},{"$i":"accessibility-spinbutton","$v":"spin button"},{"$i":"accessibility-diagram","$v":"diagram"},{"$i":"accessibility-animation","$v":"animation"},{"$i":"accessibility-equation","$v":"equation"},{"$i":"accessibility-buttonmenu","$v":"button menu"},{"$i":"accessibility-whitespace","$v":"white space"},{"$i":"accessibility-pagetablist","$v":"tab list"},{"$i":"accessibility-canvas","$v":"canvas"},{"$i":"accessibility-checkmenuitem","$v":"patikr. meniu elem."},{"$i":"accessibility-label","$v":"label"},{"$i":"accessibility-passwordtext","$v":"password text"},{"$i":"accessibility-radiomenuitem","$v":"radijo meniu elem."},{"$i":"accessibility-textcontainer","$v":"text container"},{"$i":"accessibility-togglebutton","$v":"toggle button"},{"$i":"accessibility-treetable","$v":"tree table"},{"$i":"accessibility-header","$v":"header"},{"$i":"accessibility-footer","$v":"footer"},{"$i":"accessibility-paragraph","$v":"paragraph"},{"$i":"accessibility-entry","$v":"entry"},{"$i":"accessibility-caption","$v":"caption"},{"$i":"accessibility-heading","$v":"heading"},{"$i":"accessibility-section","$v":"section"},{"$i":"accessibility-form","$v":"form"},{"$i":"accessibility-comboboxlist","$v":"combo box list"},{"$i":"accessibility-comboboxoption","$v":"combo box option"},{"$i":"accessibility-imagemap","$v":"image map"},{"$i":"accessibility-listboxoption","$v":"option"},{"$i":"accessibility-listbox","$v":"list box"},{"$i":"accessibility-flatequation","$v":"flat equation"},{"$i":"accessibility-gridcell","$v":"gridcell"},{"$i":"accessibility-note","$v":"note"},{"$i":"accessibility-figure","$v":"figure"},{"$i":"accessibility-definitionlist","$v":"definition list"},{"$i":"accessibility-term","$v":"term"},{"$i":"accessibility-definition","$v":"definition"},{"$i":"accessibility-textarea","$v":"text area"},{"$i":"accessibility-textInputType_date","$v":"date"},{"$i":"accessibility-textInputType_email","$v":"e-mail"},{"$i":"accessibility-textInputType_search","$v":"search"},{"$i":"accessibility-textInputType_tel","$v":"telephone"},{"$i":"accessibility-textInputType_url","$v":"URL"},{"$i":"accessibility-headingLevel","$v":["heading level ",{"t":"idOrVar","v":"0"}]},{"$i":"accessibility-listStart","$v":"First item"},{"$i":"accessibility-listEnd","$v":"Last item"},{"$i":"accessibility-listItemsCount","$v":{"few":[{"t":"idOrVar","v":"count"}," items"],"many":[{"t":"idOrVar","v":"count"}," items"],"one":[{"t":"idOrVar","v":"count"}," item"],"other":[{"t":"idOrVar","v":"count"}," items"],"two":[{"t":"idOrVar","v":"count"}," items"],"zero":[{"t":"idOrVar","v":"count"}," items"]},"$x":[{"t":"idOrVar","v":"plural"},"count"]},{"$i":"accessibility-objItemOfN","$v":[{"t":"idOrVar","v":"0"}," of ",{"t":"idOrVar","v":"1"}]},{"$i":"accessibility-banner","$v":"banner"},{"$i":"accessibility-complementary","$v":"complementary"},{"$i":"accessibility-contentinfo","$v":"content info"},{"$i":"accessibility-main","$v":"main"},{"$i":"accessibility-navigation","$v":"navigation"},{"$i":"accessibility-search","$v":"search"},{"$i":"accessibility-tblColumnInfo","$v":{"few":["with ",{"t":"idOrVar","v":"count"}," columns"],"many":["with ",{"t":"idOrVar","v":"count"}," columns"],"one":["with ",{"t":"idOrVar","v":"count"}," column"],"other":["with ",{"t":"idOrVar","v":"count"}," columns"],"two":["with ",{"t":"idOrVar","v":"count"}," columns"],"zero":["with ",{"t":"idOrVar","v":"count"}," columns"]},"$x":[{"t":"idOrVar","v":"plural"},"count"]},{"$i":"accessibility-tblRowInfo","$v":{"few":["and ",{"t":"idOrVar","v":"count"}," rows"],"many":["and ",{"t":"idOrVar","v":"count"}," rows"],"one":["and ",{"t":"idOrVar","v":"count"}," row"],"other":["and ",{"t":"idOrVar","v":"count"}," rows"],"two":["and ",{"t":"idOrVar","v":"count"}," rows"],"zero":["and ",{"t":"idOrVar","v":"count"}," rows"]},"$x":[{"t":"idOrVar","v":"plural"},"count"]},{"$i":"accessibility-columnInfo","$v":["Column ",{"t":"idOrVar","v":"0"}]},{"$i":"accessibility-rowInfo","$v":["Row ",{"t":"idOrVar","v":"0"}]},{"$i":"accessibility-spansColumns","$v":{"few":["spans ",{"t":"idOrVar","v":"0"}," columns"],"many":["spans ",{"t":"idOrVar","v":"0"}," columns"],"one":["spans ",{"t":"idOrVar","v":"0"}," column"],"other":["spans ",{"t":"idOrVar","v":"0"}," columns"],"two":["spans ",{"t":"idOrVar","v":"0"}," columns"],"zero":["spans ",{"t":"idOrVar","v":"0"}," columns"]},"$x":[{"t":"idOrVar","v":"plural"},"0"]},{"$i":"accessibility-spansRows","$v":{"few":["spans ",{"t":"idOrVar","v":"0"}," rows"],"many":["spans ",{"t":"idOrVar","v":"0"}," rows"],"one":["spans ",{"t":"idOrVar","v":"0"}," row"],"other":["spans ",{"t":"idOrVar","v":"0"}," rows"],"two":["spans ",{"t":"idOrVar","v":"0"}," rows"],"zero":["spans ",{"t":"idOrVar","v":"0"}," rows"]},"$x":[{"t":"idOrVar","v":"plural"},"0"]},{"$i":"accessibility-jumpAction","$v":"jumped"},{"$i":"accessibility-pressAction","$v":"pressed"},{"$i":"accessibility-checkAction","$v":"checked"},{"$i":"accessibility-uncheckAction","$v":"unchecked"},{"$i":"accessibility-selectAction","$v":"selected"},{"$i":"accessibility-unselectAction","$v":"unselected"},{"$i":"accessibility-openAction","$v":"opened"},{"$i":"accessibility-closeAction","$v":"closed"},{"$i":"accessibility-switchAction","$v":"switched"},{"$i":"accessibility-clickAction","$v":"clicked"},{"$i":"accessibility-collapseAction","$v":"collapsed"},{"$i":"accessibility-expandAction","$v":"expanded"},{"$i":"accessibility-activateAction","$v":"activated"},{"$i":"accessibility-cycleAction","$v":"cycled"},{"$i":"accessibility-hidden","$v":"hidden"},{"$i":"accessibility-tabLoading","$v":"loading"},{"$i":"accessibility-tabLoaded","$v":"loaded"},{"$i":"accessibility-tabNew","$v":"new tab"},{"$i":"accessibility-tabLoadStopped","$v":"loading stopped"},{"$i":"accessibility-tabReload","$v":"reloading"},{"$i":"accessibility-stateChecked","$v":"checked"},{"$i":"accessibility-stateNotChecked","$v":"not checked"},{"$i":"accessibility-statePressed","$v":"pressed"},{"$i":"accessibility-stateExpanded","$v":"expanded"},{"$i":"accessibility-stateCollapsed","$v":"collapsed"},{"$i":"accessibility-stateUnavailable","$v":"unavailable"},{"$i":"accessibility-stateRequired","$v":"required"},{"$i":"accessibility-stateTraversed","$v":"visited"},{"$i":"accessibility-stateHasPopup","$v":"has pop up"},{"$i":"accessibility-stateSelected","$v":"selected"},{"$i":"accessibility-editingMode","$v":"editing"},{"$i":"accessibility-navigationMode","$v":"navigating"},{"$i":"accessibility-quicknav_Simple","$v":"Default"},{"$i":"accessibility-quicknav_Anchor","$v":"Anchors"},{"$i":"accessibility-quicknav_Button","$v":"Buttons"},{"$i":"accessibility-quicknav_Combobox","$v":"Combo boxes"},{"$i":"accessibility-quicknav_Landmark","$v":"Landmarks"},{"$i":"accessibility-quicknav_Entry","$v":"Entries"},{"$i":"accessibility-quicknav_FormElement","$v":"Form elements"},{"$i":"accessibility-quicknav_Graphic","$v":"Images"},{"$i":"accessibility-quicknav_Heading","$v":"Headings"},{"$i":"accessibility-quicknav_ListItem","$v":"List items"},{"$i":"accessibility-quicknav_Link","$v":"Links"},{"$i":"accessibility-quicknav_List","$v":"Lists"},{"$i":"accessibility-quicknav_PageTab","$v":"Page tabs"},{"$i":"accessibility-quicknav_RadioButton","$v":"Radio buttons"},{"$i":"accessibility-quicknav_Separator","$v":"Separators"},{"$i":"accessibility-quicknav_Table","$v":"Tables"},{"$i":"accessibility-quicknav_Checkbox","$v":"Check boxes"},{"$i":"accessibility-menubarAbbr","$v":"menu bar"},{"$i":"accessibility-scrollbarAbbr","$v":"scroll bar"},{"$i":"accessibility-gripAbbr","$v":"grip"},{"$i":"accessibility-alertAbbr","$v":"alert"},{"$i":"accessibility-menupopupAbbr","$v":"menu popup"},{"$i":"accessibility-documentAbbr","$v":"document"},{"$i":"accessibility-paneAbbr","$v":"pane"},{"$i":"accessibility-dialogAbbr","$v":"dialogue"},{"$i":"accessibility-separatorAbbr","$v":"separator"},{"$i":"accessibility-toolbarAbbr","$v":"toolbar"},{"$i":"accessibility-statusbarAbbr","$v":"status bar"},{"$i":"accessibility-tableAbbr","$v":"tbl"},{"$i":"accessibility-columnheaderAbbr","$v":"column header"},{"$i":"accessibility-rowheaderAbbr","$v":"row header"},{"$i":"accessibility-columnAbbr","$v":"column"},{"$i":"accessibility-rowAbbr","$v":"row"},{"$i":"accessibility-cellAbbr","$v":"cell"},{"$i":"accessibility-linkAbbr","$v":"lnk"},{"$i":"accessibility-listAbbr","$v":"list"},{"$i":"accessibility-listitemAbbr","$v":"list item"},{"$i":"accessibility-outlineAbbr","$v":"outline"},{"$i":"accessibility-outlineitemAbbr","$v":"outline item"},{"$i":"accessibility-pagetabAbbr","$v":"tab"},{"$i":"accessibility-propertypageAbbr","$v":"property page"},{"$i":"accessibility-graphicAbbr","$v":"graphic"},{"$i":"accessibility-pushbuttonAbbr","$v":"btn"},{"$i":"accessibility-checkbuttonAbbr","$v":"check button"},{"$i":"accessibility-radiobuttonAbbr","$v":"radio button"},{"$i":"accessibility-comboboxAbbr","$v":"combo box"},{"$i":"accessibility-progressbarAbbr","$v":"progress bar"},{"$i":"accessibility-sliderAbbr","$v":"slider"},{"$i":"accessibility-spinbuttonAbbr","$v":"spin button"},{"$i":"accessibility-diagramAbbr","$v":"diagram"},{"$i":"accessibility-animationAbbr","$v":"animation"},{"$i":"accessibility-equationAbbr","$v":"equation"},{"$i":"accessibility-buttonmenuAbbr","$v":"button menu"},{"$i":"accessibility-whitespaceAbbr","$v":"white space"},{"$i":"accessibility-pagetablistAbbr","$v":"tab list"},{"$i":"accessibility-canvasAbbr","$v":"canvas"},{"$i":"accessibility-checkmenuitemAbbr","$v":"check menu item"},{"$i":"accessibility-labelAbbr","$v":"label"},{"$i":"accessibility-passwordtextAbbr","$v":"passwdtxt"},{"$i":"accessibility-radiomenuitemAbbr","$v":"radio menu item"},{"$i":"accessibility-textcontainerAbbr","$v":"text container"},{"$i":"accessibility-togglebuttonAbbr","$v":"toggle button"},{"$i":"accessibility-treetableAbbr","$v":"tree table"},{"$i":"accessibility-headerAbbr","$v":"header"},{"$i":"accessibility-footerAbbr","$v":"footer"},{"$i":"accessibility-paragraphAbbr","$v":"paragraph"},{"$i":"accessibility-entryAbbr","$v":"entry"},{"$i":"accessibility-captionAbbr","$v":"caption"},{"$i":"accessibility-headingAbbr","$v":"heading"},{"$i":"accessibility-sectionAbbr","$v":"section"},{"$i":"accessibility-formAbbr","$v":"form"},{"$i":"accessibility-comboboxlistAbbr","$v":"combo box list"},{"$i":"accessibility-comboboxoptionAbbr","$v":"combo box option"},{"$i":"accessibility-imagemapAbbr","$v":"imgmap"},{"$i":"accessibility-listboxoptionAbbr","$v":"option"},{"$i":"accessibility-listboxAbbr","$v":"list box"},{"$i":"accessibility-flatequationAbbr","$v":"flat equation"},{"$i":"accessibility-gridcellAbbr","$v":"gridcell"},{"$i":"accessibility-noteAbbr","$v":"note"},{"$i":"accessibility-figureAbbr","$v":"fig"},{"$i":"accessibility-definitionlistAbbr","$v":"definition list"},{"$i":"accessibility-termAbbr","$v":"term"},{"$i":"accessibility-definitionAbbr","$v":"definition"},{"$i":"accessibility-textareaAbbr","$v":"txtarea"},{"$i":"accessibility-tblColumnInfoAbbr","$v":{"few":[{"t":"idOrVar","v":"count"},"c"],"many":[{"t":"idOrVar","v":"count"},"c"],"one":[{"t":"idOrVar","v":"count"},"c"],"other":[{"t":"idOrVar","v":"count"},"c"],"two":[{"t":"idOrVar","v":"count"},"c"]},"$x":[{"t":"idOrVar","v":"plural"},"count"]},{"$i":"accessibility-tblRowInfoAbbr","$v":{"few":[{"t":"idOrVar","v":"count"},"r"],"many":[{"t":"idOrVar","v":"count"},"r"],"one":[{"t":"idOrVar","v":"count"},"r"],"other":[{"t":"idOrVar","v":"count"},"r"],"two":[{"t":"idOrVar","v":"count"},"r"]},"$x":[{"t":"idOrVar","v":"plural"},"count"]},{"$i":"accessibility-cellInfoAbbr","$v":["c",{"t":"idOrVar","v":"0"},"r",{"t":"idOrVar","v":"1"}]},{"$i":"accessibility-stateCheckedAbbr","$v":"(x)"},{"$i":"accessibility-stateUncheckedAbbr","$v":"( )"},{"$i":"accessibility-statePressedAbbr","$v":"(x)"},{"$i":"accessibility-stateUnpressedAbbr","$v":"( )"},{"$i":"accessibility-pushbutton-hint","$v":"Double tap to activate"},{"$i":"accessibility-checkbutton-hint","$v":"Double tap to activate"},{"$i":"accessibility-combobox-hint","$v":"Double tap to activate"},{"$i":"accessibility-key-hint","$v":"Tap and hold to activate"},{"$i":"accessibility-link-hint","$v":"Double tap to activate"},{"$i":"accessibility-menuitem-hint","$v":"Double tap to activate"},{"$i":"accessibility-option-hint","$v":"Double tap to activate"},{"$i":"accessibility-radiobutton-hint","$v":"Double tap to activate"},{"$i":"accessibility-slider-hint","$v":"Swipe up to increase or down to decrease"},{"$i":"accessibility-spinbutton-hint","$v":"Swipe up to increase or down to decrease"},{"$i":"accessibility-pagetab-hint","$v":"Double tap to activate"},{"$i":"accessibility-entry-hint","$v":"Double tap to activate"},{"$i":"accessibility-outlineitem-hint","$v":"Double tap to activate"},{"$i":"SoftLeft","$v":"Kair. ekr. kl."},{"$i":"Enter","$v":"Kl. „Gerai“"},{"$i":"SoftRight","$v":"Deš. ekr. kl."},{"$i":"weekday-0-long","$v":"Sekmadienis"},{"$i":"weekday-1-long","$v":"Pirmadienis"},{"$i":"weekday-2-long","$v":"Antradienis"},{"$i":"weekday-3-long","$v":"Trečiadienis"},{"$i":"weekday-4-long","$v":"Ketvirtadienis"},{"$i":"weekday-5-long","$v":"Penktadienis"},{"$i":"weekday-6-long","$v":"Šeštadienis"},{"$i":"weekday-0-short","$v":"Sk"},{"$i":"weekday-1-short","$v":"Pr"},{"$i":"weekday-2-short","$v":"An"},{"$i":"weekday-3-short","$v":"Tr"},{"$i":"weekday-4-short","$v":"Kt"},{"$i":"weekday-5-short","$v":"Pn"},{"$i":"weekday-6-short","$v":"Št"},{"$i":"month-0-long","$v":"Sausis"},{"$i":"month-1-long","$v":"Vasaris"},{"$i":"month-2-long","$v":"Kovas"},{"$i":"month-3-long","$v":"Balandis"},{"$i":"month-4-long","$v":"Gegužė"},{"$i":"month-5-long","$v":"Birželis"},{"$i":"month-6-long","$v":"Liepa"},{"$i":"month-7-long","$v":"Rugpjūtis"},{"$i":"month-8-long","$v":"Rugsėjis"},{"$i":"month-9-long","$v":"Spalis"},{"$i":"month-10-long","$v":"Lapkritis"},{"$i":"month-11-long","$v":"Gruodis"},{"$i":"month-0-genitive","$v":"Sausis"},{"$i":"month-1-genitive","$v":"Vasaris"},{"$i":"month-2-genitive","$v":"Kovas"},{"$i":"month-3-genitive","$v":"Balandis"},{"$i":"month-4-genitive","$v":"Gegužė"},{"$i":"month-5-genitive","$v":"Birželis"},{"$i":"month-6-genitive","$v":"Liepa"},{"$i":"month-7-genitive","$v":"Rugpjūtis"},{"$i":"month-8-genitive","$v":"Rugsėjis"},{"$i":"month-9-genitive","$v":"Spalis"},{"$i":"month-10-genitive","$v":"Lapkritis"},{"$i":"month-11-genitive","$v":"Gruodis"},{"$i":"month-0-short","$v":"saus."},{"$i":"month-1-short","$v":"vasar."},{"$i":"month-2-short","$v":"kov."},{"$i":"month-3-short","$v":"balan."},{"$i":"month-4-short","$v":"Geg"},{"$i":"month-5-short","$v":"birž."},{"$i":"month-6-short","$v":"liep."},{"$i":"month-7-short","$v":"rugpj."},{"$i":"month-8-short","$v":"rugs"},{"$i":"month-9-short","$v":"spal."},{"$i":"month-10-short","$v":"lapkr."},{"$i":"month-11-short","$v":"grd."},{"$i":"minutes-ago-long","$v":{"few":["Prieš ",{"t":"idOrVar","v":"value"}," min."],"many":["Prieš ",{"t":"idOrVar","v":"value"}," min."],"one":"prieš minutę","other":["Prieš ",{"t":"idOrVar","v":"value"}," min."],"two":["Prieš ",{"t":"idOrVar","v":"value"}," min."],"zero":"ką tik"},"$x":[{"t":"idOrVar","v":"plural"},"value"]},{"$i":"hours-ago-long","$v":{"few":["Prieš ",{"t":"idOrVar","v":"value"}," val."],"many":["Prieš ",{"t":"idOrVar","v":"value"}," val."],"one":"prieš valandą","other":["Prieš ",{"t":"idOrVar","v":"value"}," val."],"two":["Prieš ",{"t":"idOrVar","v":"value"}," val."],"zero":"ką tik"},"$x":[{"t":"idOrVar","v":"plural"},"value"]},{"$i":"days-ago-long","$v":{"few":["Prieš ",{"t":"idOrVar","v":"value"}," d."],"many":["Prieš ",{"t":"idOrVar","v":"value"}," d."],"one":"vakar","other":["Prieš ",{"t":"idOrVar","v":"value"}," d."],"two":["Prieš ",{"t":"idOrVar","v":"value"}," d."],"zero":"šiandien"},"$x":[{"t":"idOrVar","v":"plural"},"value"]},{"$i":"weeks-ago-long","$v":{"few":["Prieš ",{"t":"idOrVar","v":"value"}," sav."],"many":["Prieš ",{"t":"idOrVar","v":"value"}," sav."],"one":"pas. sav.","other":["Prieš ",{"t":"idOrVar","v":"value"}," sav."],"two":["Prieš ",{"t":"idOrVar","v":"value"}," sav."],"zero":"ši savaitė"},"$x":[{"t":"idOrVar","v":"plural"},"value"]},{"$i":"months-ago-long","$v":{"few":[{"t":"idOrVar","v":"value"}," mėn. po"],"many":[{"t":"idOrVar","v":"value"}," mėn. po"],"one":"pask. mėn.","other":[{"t":"idOrVar","v":"value"}," mėn. po"],"two":[{"t":"idOrVar","v":"value"}," mėn. po"],"zero":"šis mėnuo"},"$x":[{"t":"idOrVar","v":"plural"},"value"]},{"$i":"years-ago-long","$v":{"few":["Prieš ",{"t":"idOrVar","v":"value"}," met."],"many":["Prieš ",{"t":"idOrVar","v":"value"}," met."],"one":"Pas. met.","other":["Prieš ",{"t":"idOrVar","v":"value"}," met."],"two":["Prieš ",{"t":"idOrVar","v":"value"}," met."],"zero":"šie metai"},"$x":[{"t":"idOrVar","v":"plural"},"value"]},{"$i":"minutes-until-long","$v":{"few":["per ",{"t":"idOrVar","v":"value"}," min."],"many":["per ",{"t":"idOrVar","v":"value"}," min."],"one":"per min.","other":["per ",{"t":"idOrVar","v":"value"}," min."],"two":["per ",{"t":"idOrVar","v":"value"}," min."],"zero":"dabar"},"$x":[{"t":"idOrVar","v":"plural"},"value"]},{"$i":"hours-until-long","$v":{"few":["per ",{"t":"idOrVar","v":"value"}," val."],"many":["per ",{"t":"idOrVar","v":"value"}," val."],"one":"per val.","other":["per ",{"t":"idOrVar","v":"value"}," val."],"two":["per ",{"t":"idOrVar","v":"value"}," val."],"zero":"dabar"},"$x":[{"t":"idOrVar","v":"plural"},"value"]},{"$i":"days-until-long","$v":{"few":["per ",{"t":"idOrVar","v":"value"}," d."],"many":["per ",{"t":"idOrVar","v":"value"}," d."],"one":"rytoj","other":["per ",{"t":"idOrVar","v":"value"}," d."],"two":["per ",{"t":"idOrVar","v":"value"}," d."],"zero":"šiandien"},"$x":[{"t":"idOrVar","v":"plural"},"value"]},{"$i":"weeks-until-long","$v":{"few":["per ",{"t":"idOrVar","v":"value"}," sav."],"many":["per ",{"t":"idOrVar","v":"value"}," sav."],"one":"kita sav.","other":["per ",{"t":"idOrVar","v":"value"}," sav."],"two":["per ",{"t":"idOrVar","v":"value"}," sav."],"zero":"ši savaitė"},"$x":[{"t":"idOrVar","v":"plural"},"value"]},{"$i":"months-until-long","$v":{"few":["per ",{"t":"idOrVar","v":"value"}," mėn."],"many":["per ",{"t":"idOrVar","v":"value"}," mėn."],"one":"kit. mėn.","other":["per ",{"t":"idOrVar","v":"value"}," mėn."],"two":["per ",{"t":"idOrVar","v":"value"}," mėn."],"zero":"šis mėnuo"},"$x":[{"t":"idOrVar","v":"plural"},"value"]},{"$i":"years-until-long","$v":{"few":["per ",{"t":"idOrVar","v":"value"}," met."],"many":["per ",{"t":"idOrVar","v":"value"}," met."],"one":"kit. met.","other":["per ",{"t":"idOrVar","v":"value"}," met."],"two":["per ",{"t":"idOrVar","v":"value"}," met."],"zero":"šie metai"},"$x":[{"t":"idOrVar","v":"plural"},"value"]},{"$i":"minutes-ago-short","$v":{"other":["Prieš ",{"t":"idOrVar","v":"value"},"min."],"zero":"ką tik"},"$x":[{"t":"idOrVar","v":"plural"},"value"]},{"$i":"hours-ago-short","$v":{"other":["Prieš ",{"t":"idOrVar","v":"value"},"val."],"zero":"ką tik"},"$x":[{"t":"idOrVar","v":"plural"},"value"]},{"$i":"days-ago-short","$v":{"other":["Prieš ",{"t":"idOrVar","v":"value"},"d."],"zero":"šiandien"},"$x":[{"t":"idOrVar","v":"plural"},"value"]},{"$i":"minutes-until-short","$v":{"other":["per ",{"t":"idOrVar","v":"value"},"min."],"zero":"dabar"},"$x":[{"t":"idOrVar","v":"plural"},"value"]},{"$i":"hours-until-short","$v":{"other":["per ",{"t":"idOrVar","v":"value"},"val."],"zero":"dabar"},"$x":[{"t":"idOrVar","v":"plural"},"value"]},{"$i":"days-until-short","$v":{"other":["per ",{"t":"idOrVar","v":"value"},"d"],"zero":"šiandien"},"$x":[{"t":"idOrVar","v":"plural"},"value"]},{"$i":"incorrectDate","$v":"(neteisinga data)"},{"$i":"dateTimeFormat_%c","$v":"%a %b %e %Y %I:%M:%S %p"},{"$i":"dateTimeFormat_%x","$v":"%m/%d/%Y"},{"$i":"dateTimeFormat_%X","$v":"%I:%M:%S %p"},{"$i":"shortTimeFormat","$v":"%I:%M %p"},{"$i":"shortTimeFormat12","$v":"%I:%M %p"},{"$i":"shortTimeFormat24","$v":"%H:%M"},{"$i":"shortDateTimeFormat","$v":"%x %I:%M %p"},{"$i":"weekStartsOnMonday","$v":"0.0"},{"$i":"firstDayOfTheWeek","$v":"1.0"},{"$i":"time_am","$v":"AM"},{"$i":"time_pm","$v":"PM"},{"$i":"title-app","$v":"Progr. leidim."},{"$i":"title-web","$v":"Interneto svetainės leidimas"},{"$i":"title-cam","$v":"Rinktis fotokamerą"},{"$i":"perm-alarms","$v":"Signalų planav."},{"$i":"perm-audio-capture","$v":"Mikrofonas"},{"$i":"perm-audio-capture-appRequest","$v":["Ar norėtumėte bendrai naudoti mikrofoną su „",{"t":"idOrVar","v":"app"},"“?"]},{"$i":"perm-audio-capture-webRequest","$v":["Ar norėtumėte bendrai naudoti mikrofoną su ",{"t":"idOrVar","v":"site"},"?"]},{"$i":"perm-audio-channel-content","$v":"Garsų atk."},{"$i":"perm-audio-channel-notification","$v":"Perspėjimo garsų atkūr."},{"$i":"perm-audio-channel-ringer","$v":"Play Ringtone Sounds"},{"$i":"perm-background-sensors","$v":"Pas. jut. duom."},{"$i":"perm-bluetooth","$v":"Bluetooth"},{"$i":"perm-browser","$v":"Tikrinti tinklal."},{"$i":"perm-camera","$v":"Fotok."},{"$i":"perm-camera-selector-appRequest","$v":["Rinktis fotokamerą progr. „",{"t":"idOrVar","v":"app"},"“."]},{"$i":"perm-camera-selector-webRequest","$v":["Rinktis fotokamerą svet. ",{"t":"idOrVar","v":"site"},"."]},{"$i":"perm-camera-appRequest","$v":[{"t":"idOrVar","v":"app"}," norėtų naudoti fotokamerą."]},{"$i":"perm-camera-webRequest","$v":[{"t":"idOrVar","v":"site"}," norėtų naudoti fotokamerą."]},{"$i":"perm-cellbroadcast","$v":"Mob. ryš. tr."},{"$i":"perm-contacts","$v":"Adr. knyga"},{"$i":"perm-contacts-appRequest","$v":[{"t":"idOrVar","v":"app"}," norėtų pasiekti jūsų adresatų sąrašą."]},{"$i":"perm-contacts-webRequest","$v":[{"t":"idOrVar","v":"site"}," norėtų pasiekti jūsų adresatų sąrašą."]},{"$i":"perm-desktop-notification","$v":"Perspėjimai"},{"$i":"perm-desktop-notification-appRequest","$v":[{"t":"idOrVar","v":"app"}," norėtų rodyti perspėj."]},{"$i":"perm-desktop-notification-webRequest","$v":[{"t":"idOrVar","v":"site"}," norėtų rodyti persp."]},{"$i":"perm-device-storage-apps","$v":"Progr. saug."},{"$i":"perm-device-storage-music","$v":"Muzikos saug."},{"$i":"perm-device-storage-music-appRequest","$v":[{"t":"idOrVar","v":"app"}," norėtų pasiekti jūsų muziką."]},{"$i":"perm-device-storage-music-webRequest","$v":[{"t":"idOrVar","v":"site"}," norėtų pasiekti jūsų muziką."]},{"$i":"perm-device-storage-pictures","$v":"Atvaiz. saug."},{"$i":"perm-device-storage-pictures-appRequest","$v":[{"t":"idOrVar","v":"app"}," norėtų pasiekti jūsų atvaizdus."]},{"$i":"perm-device-storage-pictures-webRequest","$v":[{"t":"idOrVar","v":"site"}," norėtų pasiekti jūsų atvaizdus."]},{"$i":"perm-device-storage-sdcard","$v":"Atm. kort. saugykla"},{"$i":"perm-device-storage-sdcard-appRequest","$v":[{"t":"idOrVar","v":"app"}," norėtų pasiekti jūsų atm. kort."]},{"$i":"perm-device-storage-sdcard-webRequest","$v":[{"t":"idOrVar","v":"site"}," norėtų pasiekti jūsų atm. kort."]},{"$i":"perm-device-storage-videos","$v":"Vaizdo įrašų saugykla"},{"$i":"perm-device-storage-videos-appRequest","$v":[{"t":"idOrVar","v":"app"}," norėtų pasiekti jūsų vaizdo įr."]},{"$i":"perm-device-storage-videos-webRequest","$v":[{"t":"idOrVar","v":"site"}," norėtų pasiekti jūsų vaizdo įr."]},{"$i":"perm-fullscreen-appRequest","$v":[{"t":"idOrVar","v":"app"}," dabar veik. visu ekr."]},{"$i":"perm-fullscreen-webRequest","$v":[{"t":"idOrVar","v":"site"}," dabar veik. visu ekr."]},{"$i":"perm-embed-apps","$v":"Progr. įd."},{"$i":"perm-fmradio","$v":"FM rad."},{"$i":"perm-fmradio-appRequest","$v":[{"t":"idOrVar","v":"app"}," norėtų naudoti FM radiją."]},{"$i":"perm-fmradio-webRequest","$v":[{"t":"idOrVar","v":"site"}," norėtų naudoti FM radiją."]},{"$i":"perm-geolocation","$v":"Geog. viet."},{"$i":"perm-geolocation-appRequest","$v":[{"t":"idOrVar","v":"app"}," norėtų žinoti jūsų buvimo vietą."]},{"$i":"perm-geolocation-more-info","$v":["„",{"t":"idOrVar","v":"brandShortName"},"“ apytiksliai vietai nustatyti naudoja GPS ir papildomą informaciją, pvz., „WiFi“ ir mobiliojo ryšio tinklų inf. „",{"t":"idOrVar","v":"brandShortName"},"“ ir paslaugos teikėjai gali naudoti vietos duomenis norėdami pagerinti vietos duomenų bazių tikslumą ir aprėptį. „",{"t":"idOrVar","v":"brandShortName"},"“ visada prašys leidimo, kai programai reikės prieigos prie jūsų prietaiso vietos."]},{"$i":"perm-geolocation-webRequest","$v":[{"t":"idOrVar","v":"site"}," norėtų žinoti jūsų buvimo vietą."]},{"$i":"perm-idle","$v":"Žr. lauk. būs."},{"$i":"perm-indexedDB-chrome-settings","$v":"Privileg. IndexedDB"},{"$i":"perm-indexedDB-unlimited","$v":"Neribota „IndexedDB“ saugykla"},{"$i":"perm-input-manage","$v":"Klaviat. tvark."},{"$i":"perm-input","$v":"Veikti kaip klav."},{"$i":"perm-media-capture","$v":"Fotokamera ir mikrof."},{"$i":"perm-media-capture-appRequest","$v":["Ar norėtumėte bendrai naudoti fotokamerą ir mikrofoną su „",{"t":"idOrVar","v":"app"},"“?"]},{"$i":"perm-media-capture-webRequest","$v":["Ar norėtumėte bendrai naudoti fotokamerą ir mikrofoną su ",{"t":"idOrVar","v":"site"},"?"]},{"$i":"perm-mobileconnection","$v":"Mobilusis ryšys"},{"$i":"perm-mobileid","$v":"Mob. ryš. atpž."},{"$i":"perm-network-events","$v":"Tinklo įvykiai"},{"$i":"perm-open-remote-window","$v":"Pradėkite naudoti programą"},{"$i":"perm-permissions","$v":"Keisti programų leid."},{"$i":"perm-power","$v":"Maitin. param."},{"$i":"perm-settings","$v":"Keisti paramet."},{"$i":"perm-systemXHR","$v":"Kryžmin. kilmės užkl."},{"$i":"perm-telephony","$v":"Telefonija"},{"$i":"perm-video-capture","$v":"Vaizd. kam."},{"$i":"perm-video-capture-appRequest","$v":["Ar norėtumėte bendrai naudoti fotokamerą su „",{"t":"idOrVar","v":"app"},"“?"]},{"$i":"perm-video-capture-webRequest","$v":["Ar norėtumėte bendrai naudoti fotokamerą su ",{"t":"idOrVar","v":"site"},"?"]},{"$i":"perm-voicemail","$v":"Vald. balso paštą"},{"$i":"perm-webapps-manage","$v":"Įdieg. int. pr."},{"$i":"perm-wifi-manage","$v":"„Wi-Fi“ tvar."},{"$i":"perm-attention","$v":"Atid. pers. išš. lan."},{"$i":"perm-audio-channel-alarm","$v":"Sign. garsų atk."},{"$i":"perm-audio-channel-normal","$v":"Garsų atk."},{"$i":"perm-audio-channel-publicnotification","$v":"Atkurti viešųjų perspėj. garsus"},{"$i":"perm-audio-channel-telephony","$v":"Telefon. garsų atkūr."},{"$i":"perm-backgroundservice","$v":"Veikti kaip fono paslaugai"},{"$i":"perm-device-storage-crashes","$v":"Strig. duom. saug."},{"$i":"perm-downloads","$v":"Pas. pars. prog."},{"$i":"perm-embed-widgets","$v":"Vald. įdėjim."},{"$i":"perm-feature-detection","$v":"Funkcijos aptik."},{"$i":"perm-firefox-accounts","$v":"„Firefox“ pask."},{"$i":"perm-mobilenetwork","$v":"Mobil. tinklas"},{"$i":"perm-moz-attention","$v":"Atid. pers. išš. lan. (moz)"},{"$i":"perm-moz-audio-channel-ringer","$v":"Play Ringtone Sounds (moz)"},{"$i":"perm-moz-audio-channel-telephony","$v":"Telefon. garsų atkūr. (moz)"},{"$i":"perm-moz-firefox-accounts","$v":"„Firefox“ pask. (moz)"},{"$i":"perm-networkstats-manage","$v":"Vald. naudoj. stat."},{"$i":"perm-nfc","$v":"NFC"},{"$i":"perm-nfc-hci-events","$v":"NFC HCI įvyk."},{"$i":"perm-nfc-manager","$v":"NFC tvark."},{"$i":"perm-phonenumberservice","$v":"Telefono num. pasl."},{"$i":"perm-push","$v":"Gr. pers. API"},{"$i":"perm-resourcestats-manage","$v":"Ištekl. stat."},{"$i":"perm-sms","$v":"Siųsti ir skaityti SMS"},{"$i":"perm-speaker-control","$v":"Vald. garsumą"},{"$i":"perm-storage","$v":"Pas. saugyklą"},{"$i":"perm-tcp-socket","$v":"TCP lizdai"},{"$i":"perm-test-permission","$v":"Test Permission"},{"$i":"perm-time","$v":"Nustatyti datą ir laiką"},{"$i":"perm-udp-socket","$v":"UDP lizdai"},{"$i":"perm-wappush","$v":"WAP pranešimas"},{"$i":"stopped_download_title","$v":"Parsis. sustabd."},{"$i":"kai-stopped_download_message","$v":"This download was stopped. Would you like to resume downloading?"},{"$i":"stopped_download_left_button","$v":"Atš."},{"$i":"stopped_download_right_button","$v":"Bandykite dar kartą"},{"$i":"failed_download_title","$v":"Parsisiųsti nepavyko"},{"$i":"failed_download_message","$v":[{"t":"idOrVar","v":"name"}," nepavyko parsisiųs. Band. pars. dar kartą?"]},{"$i":"failed_download_left_button","$v":"Atš."},{"$i":"failed_download_right_button","$v":"Bandykite dar kartą"},{"$i":"stop_download_title","$v":"Stabdyti atsisiuntimą"},{"$i":"stop_download_message","$v":"Ar tikrai norite sustabdyti šį parsisiunt.?"},{"$i":"stop_download_left_button","$v":"Atš."},{"$i":"stop_download_right_button","$v":"Sust."},{"$i":"delete_download_title","$v":"Ištrinti"},{"$i":"delete_download_message","$v":["Ištr. „",{"t":"idOrVar","v":"name"},"“?"]},{"$i":"delete_download_left_button","$v":"Atš."},{"$i":"delete_download_right_button","$v":"Ištrinti"},{"$i":"delete_all_download_title","$v":"Ištrinti"},{"$i":"delete_all_download_left_button","$v":"Atš."},{"$i":"delete_all_download_right_button","$v":"Ištrinti"},{"$i":"delete_all_download_message_ext","$v":"Ištrinti pasirinktus failus?"},{"$i":"delete_all_download_message","$v":{"few":["Ištr. ",{"t":"idOrVar","v":"number"}," fail.?"],"many":["Ištr. ",{"t":"idOrVar","v":"number"}," fail.?"],"one":"Ištrin. 1 failą?","other":["Ištr. ",{"t":"idOrVar","v":"number"}," fail.?"],"two":["Ištr. ",{"t":"idOrVar","v":"number"}," fail.?"],"zero":"Netrinti failų?"},"$x":[{"t":"idOrVar","v":"plural"},"number"]},{"$i":"unsupported_file_type_download_title","$v":"Nepavyko atidaryti"},{"$i":"unsupported_file_type_download_message","$v":["Nėra programos, kuri gali atidaryti ",{"t":"idOrVar","v":"name"},". Ar norite išsaugoti failą, ar jį ištrinti?"]},{"$i":"unsupported_file_type_download_left_button","$v":"Failo išlaik."},{"$i":"unsupported_file_type_download_right_button","$v":"Ištrinti"},{"$i":"file_not_found_download_title","$v":"Failas nerast."},{"$i":"file_not_found_download_message","$v":"Failas prietaise nerastas."},{"$i":"file_not_found_download_right_button","$v":"GERAI"},{"$i":"unmounted_sdcard_2_download_title","$v":"Atm. kort. naudoj."},{"$i":"unmounted_sdcard_2_download_message","$v":"Atjungti telefoną"},{"$i":"unmounted_sdcard_2_download_right_button","$v":"GERAI"},{"$i":"no_provider_download_title","$v":"Nepavyko atidaryti"},{"$i":"no_provider_download_message","$v":"Šis failų formatas netink. arba nepalaik."},{"$i":"no_provider_download_right_button","$v":"GERAI"},{"$i":"no_memory_download_title","$v":"SD kort. užimta"},{"$i":"no_memory_download_message","$v":"Jūsų SD kortelėje nebėra vietos, kad būtų išsaugotas atsisiuntimas. Pašalinkite kai kuriuos failus prieš atsisiųsdami iš naujo."},{"$i":"no_memory_download_right_button","$v":"GERAI"},{"$i":"no_sdcard_found_2_download_title","$v":"Atm. kortelė nerasta"},{"$i":"no_sdcard_found_2_download_message","$v":"Įdėkite atm. kort. arba parametruose pasirinkite kitą numatytąją medijos vietą"},{"$i":"no_sdcard_found_2_download_right_button","$v":"GERAI"},{"$i":"file_open_error_download_title","$v":"Patvirtinimas"},{"$i":"file_open_error_download_message","$v":"Šis failo formatas yra neteisingas arba nepalaikomas. Ar norite ištrinti failą?"},{"$i":"file_open_error_download_left_button","$v":"Failo išlaik."},{"$i":"file_open_error_download_right_button","$v":"Ištrinti"},{"$i":"restart_download_error","$v":"Iš naujo paleidus atsisiuntimą įvyko klaida. Bandykite atsisiųsti dar kartą."},{"$i":"no-downloads","$v":"Nėra pars. pr."},{"$i":"percentage","$v":[{"t":"idOrVar","v":"percentage"}," %"]},{"$i":"partialResult","$v":[{"t":"idOrVar","v":"partial"}," / ",{"t":"idOrVar","v":"total"}]},{"$i":"summary","$v":[{"t":"idOrVar","v":"date"}," – ",{"t":"idOrVar","v":"status"}]},{"$i":"download-stopped","$v":"Sustabdyta"},{"$i":"download-failed","$v":"Parsisiųsti nepavyko"},{"$i":"open_downloaded_file","$v":"Atidaryti"},{"$i":"share_downloaded_file","$v":"Dalintis"},{"$i":"wallpaper_downloaded_file","$v":"Nust. kaip fono pav."},{"$i":"ringtone_downloaded_file","$v":"Nust. kaip skmb. toną"},{"$i":"cancel_downloaded_file","$v":"Atš."},{"$i":"voicemailNoNumberTitle","$v":"Balso pašto numeris nepasiekiamas"},{"$i":"voicemailNoNumberText","$v":"Nepavyko paskambinti ir išklausyti balso pranešimo. Nustatykite balso pašto numerį, kuriuo galėtumėte skambinti."},{"$i":"voicemailNoNumberSettings","$v":"Paramet."},{"$i":"voicemailNoNumberCancel","$v":"Atš."},{"$i":"airplaneMode","$v":"Lėkt. rež."},{"$i":"noNetwork","$v":"Nėra tink."},{"$i":"roaming","$v":[{"t":"idOrVar","v":"operator"}," (užs. tinkl.)"]},{"$i":"operator-info","$v":[{"t":"idOrVar","v":"carrier"}," ",{"t":"idOrVar","v":"region"}]},{"$i":"emergencyCallsOnly","$v":"Tik skambučiai pagalb. tarn."},{"$i":"emergencyCallsOnly-unknownSIMState","$v":"(SIM būklė nežin.)"},{"$i":"emergencyCallsOnly-noSIM","$v":"(Nėra SIM k.)"},{"$i":"emergencyCallsOnly-pinRequired","$v":"(Reik. SIM k. PIN k.)"},{"$i":"emergencyCallsOnly-pukRequired","$v":"(Reik. SIM k. PUK k.)"},{"$i":"emergencyCallsOnly-networkLocked","$v":"(tinklas užrak.)"},{"$i":"emergencyCallsOnly-serviceProviderLocked","$v":"(paslaugų teik. užrak.)"},{"$i":"emergencyCallsOnly-corporateLocked","$v":"(užrakinta įmonės)"},{"$i":"emergencyCallsOnly-network1Locked","$v":"(1 tinkl. užrak.)"},{"$i":"emergencyCallsOnly-network2Locked","$v":"(2 tinkl. užrak.)"},{"$i":"emergencyCallsOnly-hrpdNetworkLocked","$v":"(HRPD tinkl. užrak.)"},{"$i":"emergencyCallsOnly-ruimCorporateLocked","$v":"(RUIM užrak. įmonės)"},{"$i":"emergencyCallsOnly-ruimServiceProviderLocked","$v":"(RUIM paslaugų teik. užrak.)"},{"$i":"lockscreen-sim-id","$v":["SIM ",{"t":"idOrVar","v":"n"}]},{"$i":"charging-no-time","$v":["Įkr.: ",{"t":"idOrVar","v":"level"}," %"]},{"$i":"charging-minutes","$v":{"few":["Įkrauta: ",{"t":"idOrVar","v":"level"}," % (",{"t":"idOrVar","v":"minutes"}," min. iki visiško įkrov.)"],"many":["Įkrauta: ",{"t":"idOrVar","v":"level"}," % (",{"t":"idOrVar","v":"minutes"}," min. iki visiško įkrov.)"],"one":["Įkrauta: ",{"t":"idOrVar","v":"level"}," % (",{"t":"idOrVar","v":"minutes"}," min. iki visiško įkrov.)"],"other":["Įkrauta: ",{"t":"idOrVar","v":"level"}," % (",{"t":"idOrVar","v":"minutes"}," min. iki visiško įkrov.)"],"two":["Įkrauta: ",{"t":"idOrVar","v":"level"}," % (",{"t":"idOrVar","v":"minutes"}," min. iki visiško įkrov.)"],"zero":["Įkrauta: ",{"t":"idOrVar","v":"level"}," % (",{"t":"idOrVar","v":"minutes"}," min. iki visiško įkrov.)"]},"$x":[{"t":"idOrVar","v":"plural"},"minutes"]},{"$i":"charging-hours","$v":{"few":["Įkr.: ",{"t":"idOrVar","v":"level"}," % (",{"t":"idOrVar","v":"hours"}," val. ",{"t":"idOrVar","v":"minutes"}," min. iki vis. įkrov.)"],"many":["Įkr.: ",{"t":"idOrVar","v":"level"}," % (",{"t":"idOrVar","v":"hours"}," val. ",{"t":"idOrVar","v":"minutes"}," min. iki vis. įkrov.)"],"one":["Įkr.: ",{"t":"idOrVar","v":"level"}," % (",{"t":"idOrVar","v":"hours"}," val. ",{"t":"idOrVar","v":"minutes"}," min. iki vis. įkrov.)"],"other":["Įkr.: ",{"t":"idOrVar","v":"level"}," % (",{"t":"idOrVar","v":"hours"}," val. ",{"t":"idOrVar","v":"minutes"}," min. iki vis. įkrov.)"],"two":["Įkr.: ",{"t":"idOrVar","v":"level"}," % (",{"t":"idOrVar","v":"hours"}," val. ",{"t":"idOrVar","v":"minutes"}," min. iki vis. įkrov.)"],"zero":["Įkr.: ",{"t":"idOrVar","v":"level"}," % (",{"t":"idOrVar","v":"hours"}," val. ",{"t":"idOrVar","v":"minutes"}," min. iki vis. įkrov.)"]},"$x":[{"t":"idOrVar","v":"plural"},"minutes"]}]