[{"$i":"ok","$v":"OK"},{"$i":"back","$v":"Înapoi"},{"$i":"help","$v":"Ajutor"},{"$i":"cancel","$v":"Anulare"},{"$i":"close","$v":"Închidere"},{"$i":"skip","$v":"Ignorare"},{"$i":"enable","$v":"Activare"},{"$i":"turnOn","$v":"Pornire"},{"$i":"save","$v":"Salvare"},{"$i":"select","$v":"Selectare"},{"$i":"deselect","$v":"Deselectați"},{"$i":"go","$v":"Accesare"},{"$i":"search","$v":"Căutare"},{"$i":"options","$v":"Opțiuni"},{"$i":"exit","$v":"Ieșire"},{"$i":"signIn","$v":"Conectare"},{"$i":"dismiss","$v":"Respingere"},{"$i":"dismiss-all","$v":"Respingeți toate"},{"$i":"undo","ariaLabel":"Anulare"},{"$i":"lockscreenEnterLockCode","$v":"Introduceți un cod alcătuit din 4 cifre"},{"$i":"lockscreenCheckLockCode","$v":"Cod nevalid. Încercați din nou."},{"$i":"lockscreenDeviceLocked","$v":"Dispozitivul este blocat, reîncercați după 30 de secunde."},{"$i":"pocketmodeLongPress","$v":"Glisați sau apăsați"},{"$i":"pocketmodeToUnlock","$v":"pentru a debloca"},{"$i":"enterPIN","$v":"Introduceți un cod din 6 cifre pentru a debloca"},{"$i":"mediaPlaybackTrack","$v":"Titlu și artist melodie"},{"$i":"mediaPlaybackControls","$v":"Comenzi de redare"},{"$i":"mediaPlaybackPrevious","$v":"Anterior"},{"$i":"mediaPlaybackPlay","$v":"Redare"},{"$i":"mediaPlaybackPause","$v":"Pauză"},{"$i":"mediaPlaybackNext","$v":"Înainte"},{"$i":"UnknownTrack","$v":"Melodie necunoscută"},{"$i":"wifiButton-on","$v":"Wi-Fi pornit"},{"$i":"wifiButton-on-initializing","$v":"Wi-Fi pornit, inițializare"},{"$i":"wifiButton-off","$v":"Wi-Fi oprit"},{"$i":"dataButton-on","$v":["Date ",{"t":"idOrVar","v":"type"}," pornite"]},{"$i":"dataButton-off","$v":["Date ",{"t":"idOrVar","v":"type"}," oprite"]},{"$i":"bluetoothButton-on","$v":"Bluetooth pornit"},{"$i":"bluetoothButton-on-initializing","$v":"Bluetooth pornit, inițializare"},{"$i":"bluetoothButton-off","$v":"Bluetooth oprit"},{"$i":"airplaneMode-on","$v":"Mod avion pornit"},{"$i":"airplaneMode-off","$v":"Mod avion oprit"},{"$i":"airplaneOff","$v":"Opriți modul avion"},{"$i":"settingsButton","ariaLabel":"Setări"},{"$i":"simLabel","$v":["SIM ",{"t":"idOrVar","v":"id"}]},{"$i":"statusbarLabel","$v":[{"t":"idOrVar","v":"date"},", ",{"t":"idOrVar","v":"operator"}]},{"$i":"statusbarDateFormat","$v":"%b %e"},{"$i":"statusbar","ariaLabel":"Bară de stare"},{"$i":"statusbarBattery","ariaLabel":["Procent ",{"t":"idOrVar","v":"level"}," baterie"]},{"$i":"statusbarBatteryCharging","ariaLabel":["Procent ",{"t":"idOrVar","v":"level"}," baterie, încărcare"]},{"$i":"statusbarFlightMode","ariaLabel":"Mod avion pornit"},{"$i":"statusbarWiFiConnecting","$v":"Wi-Fi: în curs de conectare"},{"$i":"statusbarWiFiConnected","$v":["Wi-Fi: ",{"t":"idOrVar","v":"level"}," 4 bare"]},{"$i":"statusbarSignal","$v":[{"t":"idOrVar","v":"operator"}," rețea, ",{"t":"idOrVar","v":"level"}," de 5 bare"]},{"$i":"statusbarSignalRoaming","$v":[{"t":"idOrVar","v":"operator"}," rețea (roaming), ",{"t":"idOrVar","v":"level"}," de 5 bare"]},{"$i":"statusbarSignalNoneSearching","$v":"Căutare... Numai apeluri de urgență"},{"$i":"statusbarHeadphones","ariaLabel":"Căști pornite"},{"$i":"statusbarBluetoothHeadphones","ariaLabel":"Căști Bluetooth pornite"},{"$i":"statusbarBluetoothTransferring","ariaLabel":"Transfer Bluetooth activ"},{"$i":"statusbarIconOn-tethering","$v":"Partajare conexiune pornită"},{"$i":"statusbarIconOnActive-tethering","$v":"Partajare conexiune pornită, activă"},{"$i":"statusbarAlarm","ariaLabel":"Alarmă pornită"},{"$i":"statusbarIME","ariaLabel":"IME pornit"},{"$i":"statusbarIconOn-bluetooth","$v":"Bluetooth pornit"},{"$i":"statusbarIconOnActive-bluetooth","$v":"Bluetooth pornit, activ"},{"$i":"statusbarIconOn-mute","$v":"Modul silențios pornit"},{"$i":"statusbarIconOn-vibration","$v":"Vibrații pornite"},{"$i":"statusbarRecording","ariaLabel":"Înregistrare pornită"},{"$i":"statusbarGeolocation","ariaLabel":"Geolocație pornită"},{"$i":"statusbarUsb","ariaLabel":"USB pornit"},{"$i":"statusbarForwarding","$v":"Redirecționare apel pornită"},{"$i":"statusbarPlaying","ariaLabel":"Redare media"},{"$i":"statusbarNfc","ariaLabel":"NFC pornit"},{"$i":"statusbarDownloads","ariaLabel":"Descărcare..."},{"$i":"statusbarNetworkActivity","ariaLabel":"Rețea pornită"},{"$i":"statusbarEmergencyCBNotification","ariaLabel":"Apel invers de urgență"},{"$i":"statusbarNotifications","$v":{"few":[{"t":"idOrVar","v":"n"}," Înștiințări"],"many":[{"t":"idOrVar","v":"n"}," Înștiințări"],"one":[{"t":"idOrVar","v":"n"}," Înștiințări"],"other":[{"t":"idOrVar","v":"n"}," Înștiințări"],"two":[{"t":"idOrVar","v":"n"}," Înștiințări"]},"$x":[{"t":"idOrVar","v":"plural"},"n"]},{"$i":"statusbarNotifications-unread","ariaLabel":{"$x":[{"t":"idOrVar","v":"plural"},"n"],"$v":{"few":[{"t":"idOrVar","v":"n"}," notificări necitite"],"many":[{"t":"idOrVar","v":"n"}," notificări necitite"],"one":[{"t":"idOrVar","v":"n"}," notificare necitită"],"other":[{"t":"idOrVar","v":"n"}," notificări necitite"],"two":[{"t":"idOrVar","v":"n"}," notificări necitite"]}}},{"$i":"clear","$v":"Ștergere"},{"$i":"clear-all","$v":"Șterg. tot"},{"$i":"notification-title","$v":{"few":[{"t":"idOrVar","v":"n"}," Înștiințări"],"many":[{"t":"idOrVar","v":"n"}," Înștiințări"],"one":[{"t":"idOrVar","v":"n"}," Înștiințări"],"other":[{"t":"idOrVar","v":"n"}," Înștiințări"],"two":[{"t":"idOrVar","v":"n"}," Înștiințări"],"zero":[{"t":"idOrVar","v":"n"}," Înștiințări"]},"$x":[{"t":"idOrVar","v":"plural"},"n"]},{"$i":"notification-dialog-no-notices","$v":"Nicio notificare"},{"$i":"notification-title-new","$v":{"few":[{"t":"idOrVar","v":"n"}," Înștiințări"],"many":[{"t":"idOrVar","v":"n"}," Înștiințări"],"other":[{"t":"idOrVar","v":"n"}," Înștiințări"],"two":[{"t":"idOrVar","v":"n"}," Înștiințări"],"one":[{"t":"idOrVar","v":"n"}," notificare"],"zero":[{"t":"idOrVar","v":"n"}," notificare"]},"$x":[{"t":"idOrVar","v":"plural"},"n"]},{"$i":"notification-dialog-no-notices-new","$v":"Nicio notificare"},{"$i":"attentionScreen-tapToShow","$v":"Atingeți pentru afișare"},{"$i":"camera","$v":"Cameră"},{"$i":"kai-dflt-value-level","$v":"Setați nivel valoare"},{"$i":"kai-dflt-range-value-name","$v":"Nivel"},{"$i":"newVoicemails","$v":{"few":[{"t":"idOrVar","v":"n"}," mesaje de poștă vocală noi"],"many":[{"t":"idOrVar","v":"n"}," mesaje de poștă vocală noi"],"one":"Un mesaj de poștă vocală nou","other":[{"t":"idOrVar","v":"n"}," mesaje de poștă vocală noi"],"two":[{"t":"idOrVar","v":"n"}," mesaje de poștă vocală noi"],"zero":"Niciun mesaj de poștă vocală nou"},"$x":[{"t":"idOrVar","v":"plural"},"n"]},{"$i":"newVoicemailsUnknown","$v":"Mesaj de poștă vocală nou"},{"$i":"dialNumber","$v":["Apelați ",{"t":"idOrVar","v":"number"}]},{"$i":"voicemailNotificationMultiSim","$v":["(SIM ",{"t":"idOrVar","v":"n"},") ",{"t":"idOrVar","v":"title"}]},{"$i":"euRoamingNotificationTitle","$v":"Internet UE detectat"},{"$i":"euRoamingNotificationMsg","$v":"Atingeți pentru a modifica."},{"$i":"restart","$v":"Repornire"},{"$i":"power","$v":"Oprire"},{"$i":"lock","$v":"Blocare"},{"$i":"cleanup","$v":"Curățați memoria"},{"$i":"no-recent-app-windows","$v":"Ferestrele recente ale aplicației dvs. sunt afișate aici"},{"$i":"no-recent-browser-windows","$v":"Ferestrele recente ale browser-ului dvs. sunt afișate aici"},{"$i":"closeCard","ariaLabel":"Închidere"},{"$i":"openCard","ariaLabel":"Deschis"},{"$i":"yes","$v":"Da"},{"$i":"no","$v":"Nu"},{"$i":"dontallow","$v":"Nu permiteți"},{"$i":"allow","$v":"Permitere"},{"$i":"dontshare-geolocation","$v":"Nu partajați"},{"$i":"share-geolocation","$v":"Partajare"},{"$i":"dontshare-audio-capture","$v":"Nu partajați"},{"$i":"share-audio-capture","$v":"Partajare"},{"$i":"dontshare-video-capture","$v":"Nu partajați"},{"$i":"share-video-capture","$v":"Partajare"},{"$i":"dontshare-media-capture","$v":"Nu partajați"},{"$i":"share-media-capture","$v":"Partajare"},{"$i":"device-front","$v":"Cameră frontală"},{"$i":"device-back","$v":"Cameră spate"},{"$i":"front-camera","$v":"Cameră frontală"},{"$i":"back-camera","$v":"Cameră spate"},{"$i":"more-info","$v":"Mai multe info..."},{"$i":"hide-info","$v":"Ascundeți info"},{"$i":"install-app","$v":["Instalați ",{"t":"idOrVar","v":"name"},"?"]},{"$i":"size","$v":"Dimensiune"},{"$i":"author","$v":"Autor"},{"$i":"size-unknown","$v":"Necunoscut"},{"$i":"author-unknown","$v":"Necunoscut"},{"$i":"install","$v":"Instalare"},{"$i":"bytes","$v":"octeți"},{"$i":"kB","$v":"KB"},{"$i":"MB","$v":"MB"},{"$i":"GB","$v":"GB"},{"$i":"TB","$v":"TB"},{"$i":"PB","$v":"PB"},{"$i":"app-install-generic-error","$v":[{"t":"idOrVar","v":"appName"}," descărcare întreruptă"]},{"$i":"app-install-download-failed","$v":[{"t":"idOrVar","v":"appName"}," descărcare nereușită"]},{"$i":"app-install-install-failed","$v":[{"t":"idOrVar","v":"appName"}," instalare nereușită"]},{"$i":"cancelling-will-not-refund","$v":"Anularea nu va rambursa o achiziție. Rambursările pt conținutul plătit sunt furnizate de vânzătorul inițial."},{"$i":"apps-can-be-installed-later","$v":"Aplicațiile pot fi instalate ulterior din sursa originală de instalare."},{"$i":"are-you-sure-you-want-to-cancel","$v":"Sunteți sigur că doriți să anulați această instalare?"},{"$i":"cancel-install","$v":"Anulați inst."},{"$i":"cancel-install-button","$v":"Anulați inst."},{"$i":"resume","$v":"Reluare"},{"$i":"continue","$v":"Continuare"},{"$i":"stopDownloading","$v":["Opriți descărcarea ",{"t":"idOrVar","v":"app"},"?"]},{"$i":"app-download-can-be-restarted","$v":"Descărcarea poate fi repornită mai târziu."},{"$i":"app-download-stop-button","$v":"Oprire descărcare"},{"$i":"not-enough-space","$v":"Nu există spațiu suficient"},{"$i":"not-enough-space-message","$v":"Nu există spațiu suficient pentru a instala această aplicație. Eliberați spațiu ștergând aplicații sau fișiere media vechi și încercați să instalați din nou din sursa originală."},{"$i":"app-install-success","$v":[{"t":"idOrVar","v":"appName"}," instalată"]},{"$i":"app-install-update","$v":[{"t":"idOrVar","v":"appName"}," actualizată"]},{"$i":"langpack-install-success2","$v":[{"t":"idOrVar","v":"appName"}," instalată. Pentru a o activa, accesați Setări > Limbă."]},{"$i":"setup","$v":"Configurare"},{"$i":"ime-addkeyboards","$v":"Adăugați tastaturi"},{"$i":"ime-lowercase","$v":"Minuscule"},{"$i":"ime-uppercase","$v":"Majusculă"},{"$i":"ime-number","$v":"Număr"},{"$i":"ime-capitalize","$v":"Capitalizare"},{"$i":"ime-t9","$v":"T9"},{"$i":"ime-r9","$v":"R9"},{"$i":"ime-predictive","$v":"Predictiv"},{"$i":"ime-insert-word","$v":"Introduceți cuvântul"},{"$i":"ime-voice-input-messsage","$v":"Apăsați lung OK pentru a vorbi în câmpul text."},{"$i":"later","$v":"Mai târziu"},{"$i":"download","$v":"Descărcare"},{"$i":"wantToDownload","$v":"Descărcați actualizarea acum?"},{"$i":"wantToInstallNow","$v":"Doriți să instalați actualizarea acum? Nu veți putea utiliza telefonul timp de câteva minute."},{"$i":"installNow","$v":"Instalați acum"},{"$i":"notNow","$v":"Nu acum"},{"$i":"downloadingUpdateMessage","innerHTML":{"$o":["Descărcare actualizări… <span>",{"t":"idOrVar","v":"progress"}," descărcat.</span>"]}},{"$i":"downloadingAppMessage","$v":["Descărcare ",{"t":"idOrVar","v":"appName"}]},{"$i":"downloadingAppProgressNoMax","$v":[{"t":"idOrVar","v":"progress"}," descărcat"]},{"$i":"downloadingAppProgressIndeterminate","$v":"Descărcare"},{"$i":"downloadingAppProgress","$v":[{"t":"idOrVar","v":"progress"}," / ",{"t":"idOrVar","v":"max"}," descărcat"]},{"$i":"cancelAllDownloads","$v":"Anulați toate descărcările"},{"$i":"wantToCancelAll","$v":"Sunteți sigur că doriți să anulați toate descărcările?"},{"$i":"downloadError","$v":"A apărut o eroare la descărcarea actualizărilor."},{"$i":"updateAvailableInfo","innerHTML":{"$x":[{"t":"idOrVar","v":"plural"},"n"],"$v":{"few":{"$o":[{"t":"idOrVar","v":"n"}," actualizări disponibile. <span>Atingeți pentru mai multe info.</span>"]},"many":{"$o":[{"t":"idOrVar","v":"n"}," actualizări disponibile. <span>Atingeți pentru mai multe info.</span>"]},"one":{"$o":[{"t":"idOrVar","v":"n"}," actualizare disponibilă. <span>Atingeți pentru mai multe info.</span>"]},"other":{"$o":[{"t":"idOrVar","v":"n"}," actualizări disponibile. <span>Atingeți pentru mai multe info.</span>"]},"two":{"$o":[{"t":"idOrVar","v":"n"}," actualizări disponibile. <span>Atingeți pentru mai multe info.</span>"]}}}},{"$i":"numberOfUpdates","$v":{"few":[{"t":"idOrVar","v":"n"}," Notificări"],"many":[{"t":"idOrVar","v":"n"}," Notificări"],"one":[{"t":"idOrVar","v":"n"}," Notificări"],"other":[{"t":"idOrVar","v":"n"}," Notificări"],"two":[{"t":"idOrVar","v":"n"}," Notificări"]},"$x":[{"t":"idOrVar","v":"plural"},"n"]},{"$i":"systemUpdate","$v":"Actualizare sistem"},{"$i":"systemUpdateReady","$v":"Actualiz. sistem pregătită"},{"$i":"updates","$v":"Actualizări"},{"$i":"systemUpdateLowBatteryThreshold","$v":["Aveți nevoie de un nivel al bateriei de cel puțin ",{"t":"idOrVar","v":"threshold"},"% pentru a instala actualizarea."]},{"$i":"required","$v":"Necesar"},{"$i":"uncompressingMessage","innerHTML":{"$o":"În curs de decomprimare… <span>Această acțiune poate dura câteva minute.</span>"}},{"$i":"downloadWifiPrioritizedUsing2G","$v":"Actualizările sunt descărcate prin intermediul conexiunii de date atunci când rețeaua Wi-Fi nu este disponibilă. Când se utilizează conexiunea de date, apelurile pot fi blocate și se pot aplica tarife suplimentare."},{"$i":"downloadWifiPrioritized3","$v":"Actualizările sunt descărcate prin intermediul conexiunii de date atunci când rețeaua Wi-Fi nu este disponibilă. Când se utilizează conexiunea de date, se pot aplica tarife suplimentare."},{"$i":"downloadNoWifiWarning","$v":"Wi-Fi indisponibil. Actualizarea conexiunii actuale poate presupune costuri suplimentare."},{"$i":"downloadOfflineWarning2","$v":"Conectați-vă la o rețea pentru a descărca actualizările."},{"$i":"downloadUpdatesViaDataConnection","$v":"Descărcați actualizările prin conectarea datelor?"},{"$i":"downloadUpdatesVia2GForbidden3","$v":"Descărcarea actualizărilor nu este posibilă cu conexiuni slabe (2G). Conectați-vă prin Wi-Fi sau 3G (dacă este disponibil) și încercați din nou."},{"$i":"downloadUpdatesViaDataConnectionMessage3","$v":"Când utilizați o conexiune de date, se pot percepe costuri suplimentare. Doriți să continuați?"},{"$i":"downloadUpdatesViaDataRoamingConnection","$v":"Descărcați actualizările prin date roaming?"},{"$i":"downloadUpdatesViaDataRoamingConnectionMessage","$v":"Momentan vă aflați în roaming și se pot percepe costuri suplimentare. Doriți să continuați?"},{"$i":"screenshotSaved","$v":"Captură ecran salvată în Galerie"},{"$i":"screenshotFailed","$v":"Captura de ecran nu a putut fi salvată"},{"$i":"screenshotNoSDCard","$v":"Niciun card de memorie găsit"},{"$i":"screenshotSDCardInUse","$v":"Cardul de memorie este utilizat"},{"$i":"screenshotSDCardLow","$v":"Nu există spațiu suficient pe cardul de memorie"},{"$i":"emergency-call-button","$v":"Apel de urgență"},{"$i":"emergency-call","$v":"Urgență"},{"$i":"unlock-a11y-button","ariaLabel":"Deblocare"},{"$i":"camera-a11y-button","ariaLabel":"Cameră"},{"$i":"longDateFormat","$v":"%A, %B %e"},{"$i":"clockDateFormat","$v":"%a, %e %b"},{"$i":"panel-passcode","ariaLabel":"Panou cod de acces"},{"$i":"open-notification","$v":"deschis"},{"$i":"unlock","$v":"Deblocare"},{"$i":"login","$v":"Conectare"},{"$i":"sign-in-to-website","$v":"Conectare la site web"},{"$i":"username","$v":"Nume de utilizator"},{"$i":"password","$v":"Parolă"},{"$i":"show-password","$v":"Afișare parolă"},{"$i":"http-authentication-message2","$v":["Site-ul web ",{"t":"idOrVar","v":"host"}," vă cere să vă conectați."]},{"$i":"error-message","$v":[{"t":"idOrVar","v":"name"}," nu se încarcă corespunzător"]},{"$i":"error-title","$v":[{"t":"idOrVar","v":"name"}," are probleme"]},{"$i":"unable-to-connect","$v":"Conectare nereușită"},{"$i":"tap-to-check-settings","$v":"Atingeți pentru a verifica setările"},{"$i":"set","$v":"Setare"},{"$i":"delete-title","$v":["Ștergeți ",{"t":"idOrVar","v":"name"}]},{"$i":"delete-body","$v":[{"t":"idOrVar","v":"name"}," și toate datele sale vor fi șterse."]},{"$i":"delete","$v":"Dezinstalare"},{"$i":"delete-desc","$v":"Sunteți sigur că doriți să dezinstalați?"},{"$i":"unrecoverable-error-title","$v":"Eliminați aplicația"},{"$i":"unrecoverable-error-body","$v":"Imposibil de instalat aplicația din cauza unei erori nerecuperabile. Încercați să descărcați din nou. Aplicația va fi eliminată."},{"$i":"unrecoverable-error-action","$v":"OK"},{"$i":"instant-settings","$v":"setări instantanee"},{"$i":"settings","$v":"Setări"},{"$i":"flashlight","$v":"Bliț"},{"$i":"brightness","$v":"Luminozitate"},{"$i":"volume","$v":"Volum"},{"$i":"calculator","$v":"Calculator"},{"$i":"airplane-mode","$v":"Mod avion"},{"$i":"wifi","$v":"Wi-Fi"},{"$i":"bluetooth","$v":"Bluetooth"},{"$i":"cellular-data","$v":"Date mobile"},{"$i":"on","$v":"Pornit"},{"$i":"off","$v":"Oprit"},{"$i":"percentage-number","$v":[{"t":"idOrVar","v":"number"},"%"]},{"$i":"select-time","$v":"Selectați ora"},{"$i":"select-date","$v":"Selectați data"},{"$i":"battery-almost-empty-plug-in-your-charger","$v":"Nivelul bateriei este slab. Conectați încărcătorul."},{"$i":"battery-temperature-warning-header","$v":"Avertisment"},{"$i":"battery-temperature-high","$v":"Temperatura este prea mare. Telefonul se va opri dacă temperatura continuă să crească."},{"$i":"battery-temperature-high-stop-charging","$v":"Temperatura este prea mare. Bateria nu se mai încarcă. Telefonul se va opri dacă temperatura continuă să crească."},{"$i":"battery-temperature-low","$v":"Temperatura este prea mică. Telefonul se va opri dacă temperatura continuă să scadă."},{"$i":"battery-temperature-low-stop-charging","$v":"Temperatura este prea mică. Bateria nu se mai încarcă. Telefonul se va opri dacă temperatura continuă să scadă."},{"$i":"crash-dialog2-os","$v":[{"t":"idOrVar","v":"brandShortName"}," tocmai s-a recuperat după o cădere"]},{"$i":"crash-dialog-app","$v":[{"t":"idOrVar","v":"name"}," tocmai a căzut"]},{"$i":"crash-dialog-app-noname","$v":"Ceva"},{"$i":"crash-dialog-message","$v":"Doriți să trimiteți un raport către KaiOS cu privire la cădere pentru a ne ajuta să soluționăm problema? (Rapoartele se trimit numai prin Wi-Fi.)"},{"$i":"crash-info-link","$v":"Ce este un raport de cădere?"},{"$i":"crash-always-report","$v":"Trimite întotdeauna un raport la KaiOS când are loc o cădere."},{"$i":"crash-dont-send","$v":"Nu trimiteți"},{"$i":"crash-end","$v":"Trimitere raport"},{"$i":"crashReports","$v":"Rapoarte cădere"},{"$i":"done","$v":"Efectuat"},{"$i":"crash-reports-description-1","$v":"Un raport de cădere conține anumite detalii cu privire la cădere și aparatul dvs., precum și un snapshot al stării aparatului în momentul căderii."},{"$i":"crash-reports-description-2","$v":"Acest lucru poate include aspecte precum pagini și aplicații deschise, text scris sub formele și conținutul mesajelor deschise, istoric de navigare recent sau geolocalizare utilizată de o aplicație deschisă."},{"$i":"crash-reports-description-3-start","$v":"Utilizăm rapoarte de cădere pentru a încerca să soluționați problemele și pentru a ne îmbunătăți produsele. Vă procesăm informațiile așa cum am descris în  "},{"$i":"crash-reports-description-3-privacy","$v":"politică privind confidențialitatea"},{"$i":"crash-reports-description-3-end","$v":"."},{"$i":"crash-banner-os2","$v":[{"t":"idOrVar","v":"brandShortName"}," tocmai a căzut."]},{"$i":"crash-banner-app","$v":[{"t":"idOrVar","v":"name"}," tocmai a căzut."]},{"$i":"crash-banner-report","$v":"Raport"},{"$i":"bluetooth-sending-progress","$v":"Trimitere fișier prin Bluetooth"},{"$i":"bluetooth-receiving-progress","$v":"Primire fișier prin Bluetooth"},{"$i":"acceptFileTransfer","$v":"Cerere de transfer"},{"$i":"requestToReceive","$v":[{"t":"idOrVar","v":"deviceName"}," dorește să transfere un fișier(e). Acceptați?"]},{"$i":"wantToReceiveFile","$v":[{"t":"idOrVar","v":"deviceName"}," dorește să transfere ",{"t":"idOrVar","v":"fileName"}," (",{"t":"idOrVar","v":"fileSize"},")."]},{"$i":"transfer-confirmation-title","$v":[{"t":"idOrVar","v":"deviceName"}]},{"$i":"transfer-confirmation-description","$v":"Revizuiți cererea de transf."},{"$i":"byteUnit-B","$v":"B"},{"$i":"byteUnit-KB","$v":"KB"},{"$i":"byteUnit-MB","$v":"MB"},{"$i":"byteUnit-GB","$v":"GB"},{"$i":"byteUnit-TB","$v":"TB"},{"$i":"byteUnit-PB","$v":"PB"},{"$i":"byteUnit-EB","$v":"EB"},{"$i":"byteUnit-ZB","$v":"ZB"},{"$i":"byteUnit-YB","$v":"AN"},{"$i":"fileSize","$v":[{"t":"idOrVar","v":"size"}," ",{"t":"idOrVar","v":"unit"}]},{"$i":"deny","$v":"Interzicere"},{"$i":"transfer","$v":"Transfer"},{"$i":"accept","$v":"Acceptare"},{"$i":"stop","$v":"Oprire"},{"$i":"cancelFileTransfer","$v":"Anulați transf. de fișiere Bluetooth?"},{"$i":"continueFileTransfer","$v":"Continuare"},{"$i":"transfer-has-started-title","$v":"Transferul de fișiere poate începe"},{"$i":"transfer-has-started-description","$v":"În așteptarea confirmării"},{"$i":"transfer-has-started-toast","$v":"Transfer de fișiere început. Verificați progresul în Notificări"},{"$i":"transferFinished-sentSuccessful-title","$v":"Fișier trimis"},{"$i":"transferFinished-receivedSuccessful-title","$v":"Fișier primit"},{"$i":"transferFinished-failed-title","$v":"Transfer fișiere nereușit"},{"$i":"transferFinished-try-again-description","$v":"Imposibil de trimis fișierul chiar acum. Încercați din nou mai târziu."},{"$i":"transferReport-title","$v":"Raport de transfer:"},{"$i":"transferReport-description","$v":[{"t":"idOrVar","v":"numSuccessful"}," fișiere reușite, ",{"t":"idOrVar","v":"numUnsuccessful"}," fișiere nereușite"]},{"$i":"unknown-file","$v":"Fișier necunoscut"},{"$i":"unknown-device","$v":"Aparat necunoscut"},{"$i":"cannotOpenFile","$v":"Imposibil de deschis fișierul primit"},{"$i":"unknownMediaTypeToOpenFile","$v":["Imposibil de deschis tipul de media necunoscut: ",{"t":"idOrVar","v":"fileName"}]},{"$i":"cannotReceiveFile","$v":"Imposibil de primit fișierul"},{"$i":"cannotGetStorageState","$v":"Imposibil de obținut starea memoriei aparatului."},{"$i":"sdcard-not-exist2","$v":"Niciun card de memorie găsit. Introduceți un card de memorie."},{"$i":"sdcard-in-use","$v":"Bluetooth nu poate fi utilizat cât timp telefonul este conectat la sursa de alimentare. Deconectați telefonul pentru a primi fișierul(ele)."},{"$i":"sdcard-no-space2","$v":"Imposibil de finalizat transferul: cardul de memorie este plin."},{"$i":"unknown-error","$v":"Eroare necunoscută"},{"$i":"confirm","$v":"Confirmare"},{"$i":"stopTransferTitle","$v":"Opriți transferul de fișiere"},{"$i":"stopTransferContent","$v":"Doriți să opriți transferul de fișiere prin Bluetooth?"},{"$i":"storage","$v":"Memorie"},{"$i":"sdcard-detected-title","$v":"Card SD detectat"},{"$i":"no-sdcard-title","$v":"Fără card SD"},{"$i":"sdcard-total-size-body","$v":["Dimens. totală: ",{"t":"idOrVar","v":"size"}," ",{"t":"idOrVar","v":"unit"}]},{"$i":"sdcard-unknown-size-then-tap-to-format-body","$v":"Dimensiune necunoscută, atingeți pentru formatare"},{"$i":"sdcard-removed-title","$v":"Card SD îndepărtat"},{"$i":"sdcard-removed-ejected-successfully","$v":"Scoatere reușită"},{"$i":"sdcard-removed-not-ejected-properly","$v":"Nu a fost scos corespunzător"},{"$i":"set-sdcard-as-default-media-location","$v":"Card SD detectat. Setați cardul SD ca locație media implicită?"},{"$i":"no-sdcard-content","$v":"Introduceți un card SD pentru a obține mai mult spațiu."},{"$i":"sim-confirmation-content","$v":["Datele mobile sunt atribuite cartelei SIM",{"t":"idOrVar","v":"n"},"."]},{"$i":"sim-confirmation-title","$v":"Cartele SIM schimbate"},{"$i":"sim-confirmation-notice-title","$v":"Cartele SIM schimbate"},{"$i":"sim-confirmation-notice","$v":"Selectați pentru a vedea detaliile."},{"$i":"sim-hot-plug","$v":"Telefonul va fi repornit"},{"$i":"sim-hot-plug-empty","$v":"Telefonul va fi repornit după scoaterea cartelelor SIM."},{"$i":"sim-hot-plug-empty-confirm","$v":"Asigurați-vă că ați scos complet cartela SIM, apoi apăsați OK pentru a reporni."},{"$i":"noSimCard","$v":"Fără cartelă SIM"},{"$i":"lockedSim","$v":"SIM blocat"},{"$i":"noService","$v":"Fără servicii"},{"$i":"eccOnly","$v":"Emergency calls only"},{"$i":"nocard-eccOnly","$v":"No SIM card-Emergency calls only"},{"$i":"unusablecard-eccOnly","$v":"Unusable SIM card-Emergency calls only"},{"$i":"searching","$v":"Căutare..."},{"$i":"simPin","$v":"PIN SIM"},{"$i":"pukCode","$v":"Cod PUK"},{"$i":"nckCode","$v":"Cod NCK"},{"$i":"cckCode","$v":"Cod CCK"},{"$i":"spckCode","$v":"Cod SPCK"},{"$i":"nck1code","$v":"Cod NCK1"},{"$i":"nck2code","$v":"Cod NCK2"},{"$i":"hnckcode","$v":"Cod HNCK"},{"$i":"rcckcode","$v":"Cod RCCK"},{"$i":"rspckcode","$v":"Cod RSPCK"},{"$i":"ncklockContent","$v":["Slotul ",{"t":"idOrVar","v":"n"}," este blocat nck."]},{"$i":"whatIsSimPin","$v":"Ce este un cod PIN SIM?"},{"$i":"simPinIntro1","$v":"Un PIN SIM împiedică accesul la rețelele de date mobile ale cartelei SIM. Când este activat, orice aparat care conține o cartelă SIM va solicita codul PIN la pornire."},{"$i":"simPinIntro2","$v":"Un PIN SIM nu este același lucru cu parola utilizată pentru a debloca aparatul."},{"$i":"changeSimPin","$v":"Modificați PIN"},{"$i":"pinTitle","$v":"Introduceți PIN SIM"},{"$i":"multiSIMpinTitle","$v":["Introduceți PIN SIM ",{"t":"idOrVar","v":"n"}]},{"$i":"multiSIMpukTitle","$v":["Introduceți PIN PUK",{"t":"idOrVar","v":"n"}]},{"$i":"multiSIMnckTitle","$v":["Introduceți PIN NCK",{"t":"idOrVar","v":"n"}]},{"$i":"multiSIMxckTitle","$v":["Introduceți SIM",{"t":"idOrVar","v":"n"}," ",{"t":"idOrVar","v":"type"}]},{"$i":"xckTitle","$v":["Introduceți ",{"t":"idOrVar","v":"type"}," cod"]},{"$i":"xckCode","$v":[{"t":"idOrVar","v":"type"}," cod"]},{"$i":"xckBlocked","$v":[{"t":"idOrVar","v":"type"}," blocat"]},{"$i":"pukTitle","$v":"Introduceți codul PUK"},{"$i":"nckTitle","$v":"Introduceți codul NCK"},{"$i":"cckTitle","$v":"Introduceți codul CCK"},{"$i":"spckTitle","$v":"Introduceți codul SPCK"},{"$i":"nck1Title","$v":"Introduceți codul NCK1"},{"$i":"nck2Title","$v":"Introduceți codul NCK2"},{"$i":"hnckTitle","$v":"Introduceți codul HNCK"},{"$i":"rcckTitle","$v":"Introduceți codul RCCK"},{"$i":"rspckTitle","$v":"Introduceți codul RSPCK"},{"$i":"newpinTitle","$v":"PIN nou"},{"$i":"inputCodeRetriesLeft","$v":{"few":[{"t":"idOrVar","v":"n"}," încercări rămase."],"many":[{"t":"idOrVar","v":"n"}," încercări rămase."],"one":"1 încercare rămasă.","other":[{"t":"idOrVar","v":"n"}," încercări rămase."],"two":[{"t":"idOrVar","v":"n"}," încercări rămase."]},"$x":[{"t":"idOrVar","v":"plural"},"n"]},{"$i":"pinErrorMsg","$v":"PIN incorect."},{"$i":"pinAttemptMsg2","$v":{"few":["Mai aveți ",{"t":"idOrVar","v":"n"}," încercări pentru a introduce codul corect înainte de blocarea cartelei SIM."],"many":["Mai aveți ",{"t":"idOrVar","v":"n"}," încercări pentru a introduce codul corect înainte de blocarea cartelei SIM."],"one":"Mai aveți o încercare pentru a introduce codul corect înainte de blocarea cartelei SIM.","other":["Mai aveți ",{"t":"idOrVar","v":"n"}," încercări pentru a introduce codul corect înainte de blocarea cartelei SIM."],"two":["Mai aveți ",{"t":"idOrVar","v":"n"}," încercări pentru a introduce codul corect înainte de blocarea cartelei SIM."]},"$x":[{"t":"idOrVar","v":"plural"},"n"]},{"$i":"pinLastChanceMsg","$v":"Aceasta este ultima șansă de a introduce codul PIN corect. În caz contrar, trebuie să introduceți codul PUK pentru a utiliza această cartelă SIM."},{"$i":"simCardLockedMsg","$v":"Cartela SIM este blocată."},{"$i":"enterPukMsg","$v":"Trebuie să introduceți Codul personal de deblocare (PUK) pentru cartela SIM. Consultați documentația cartelei SIM sau contactați operatorul mobil pentru mai multe informații."},{"$i":"pukErrorMsg","$v":"PUK incorect."},{"$i":"pukAttemptMsg2","$v":{"few":["Mai aveți ",{"t":"idOrVar","v":"n"}," încercări pentru a introduce codul corect înainte ca această cartelă SIM să fie inutilizabilă permanent. Consultați documentația cartelei SIM sau contactați operatorul mobil pentru mai multe informații."],"many":["Mai aveți ",{"t":"idOrVar","v":"n"}," încercări pentru a introduce codul corect înainte ca această cartelă SIM să fie inutilizabilă permanent. Consultați documentația cartelei SIM sau contactați operatorul mobil pentru mai multe informații."],"one":"Mai aveți o încercare pentru a introduce codul corect înainte ca această cartelă SIM să fie inutilizabilă permanent. Consultați documentația cartelei SIM sau contactați operatorul mobil pentru mai multe informații.","other":["Mai aveți ",{"t":"idOrVar","v":"n"}," încercări pentru a introduce codul corect înainte ca această cartelă SIM să fie inutilizabilă permanent. Consultați documentația cartelei SIM sau contactați operatorul mobil pentru mai multe informații."],"two":["Mai aveți ",{"t":"idOrVar","v":"n"}," încercări pentru a introduce codul corect înainte ca această cartelă SIM să fie inutilizabilă permanent. Consultați documentația cartelei SIM sau contactați operatorul mobil pentru mai multe informații."]},"$x":[{"t":"idOrVar","v":"plural"},"n"]},{"$i":"pukLastChanceMsg","$v":"Ultima încercare pentru a introduce codul PUK corect. Cartela SIM va fi inutilizabilă permanent dacă introduceți codul PUK greșit. Consultați documentația cartelei SIM sau contactați operatorul mobil pentru mai multe informații."},{"$i":"cardPermanentlyLockMsg-head","$v":"PUK incorect."},{"$i":"cardPermanentlyLockMsg-body","$v":"Cartela dvs. SIM este blocată permanent. Contactați operatorul mobil pentru mai multe informații."},{"$i":"newSimPinMsg","$v":"Creați PIN (trebuie să conțină între 4 și 8 cifre)"},{"$i":"confirmNewSimPinMsg","$v":"Confirmați PIN nou"},{"$i":"newPinErrorMsg","$v":"Codurile PIN nu coresp."},{"$i":"nckErrorMsg","$v":"Codul NCK este incorect."},{"$i":"nckAttemptMsg2","$v":{"few":["Cerere de depersonalizare a rețelei nereușită. Mai aveți ",{"t":"idOrVar","v":"n"}," încercări pentru a introduce codul corect. Consultați documentația aparatului sau contactați transportatorul pentru mai multe informații."],"many":["Cerere de depersonalizare a rețelei nereușită. Mai aveți ",{"t":"idOrVar","v":"n"}," încercări pentru a introduce codul corect. Consultați documentația aparatului sau contactați transportatorul pentru mai multe informații."],"one":"Cerere de depersonalizare a rețelei nereușită. Mai aveți o încercare pentru a introduce codul corect. Consultați documentația aparatului sau contactați transportatorul pentru mai multe informații.","other":["Cerere de depersonalizare a rețelei nereușită. Mai aveți ",{"t":"idOrVar","v":"n"}," încercări pentru a introduce codul corect. Consultați documentația aparatului sau contactați transportatorul pentru mai multe informații."],"two":["Cerere de depersonalizare a rețelei nereușită. Mai aveți ",{"t":"idOrVar","v":"n"}," încercări pentru a introduce codul corect. Consultați documentația aparatului sau contactați transportatorul pentru mai multe informații."]},"$x":[{"t":"idOrVar","v":"plural"},"n"]},{"$i":"nckLastChanceMsg","$v":"Cerere de depersonalizare a rețelei nereușită. Ultima încercare pentru a introduce codul NCK corect. Consultați documentația aparatului sau contactați transportatorul pentru mai multe informații."},{"$i":"sim-attention-header","$v":"SIM blocat"},{"$i":"multiSIM-attention-header","$v":["SIM",{"t":"idOrVar","v":"n"}," blocat"]},{"$i":"sim-attention-head","$v":"Cartela SIM este blocată."},{"$i":"sim-attention-body","$v":"Doriți să introduceți codul PUK pentru a debloca acest SIM?"},{"$i":"enter-puk-rsk","$v":"Introduceți codul PUK"},{"$i":"verify-rsk","$v":"Efectuat"},{"$i":"activity-pick","$v":"Selectați din"},{"$i":"activity-view","$v":"Vizualizare cu"},{"$i":"activity-test","$v":"Testare cu"},{"$i":"activity-share","$v":"Partajare"},{"$i":"activity-new","$v":"Creați cu"},{"$i":"activity-open","$v":"Deschideți cu"},{"$i":"activity-save-bookmark","$v":"Marcaj la"},{"$i":"activity-record","$v":"Înregistrare din"},{"$i":"activity-browse","$v":"Navigare cu"},{"$i":"activity-configure","$v":"Configurați cu"},{"$i":"activity-dial","$v":"Apelați din"},{"$i":"remoteDebuggerMessage","$v":"S-a detectat o cerere primită pentru a permite o conexiune de depanare de la distanță. Permiteți conexiunea?"},{"$i":"captive-wifi-available","$v":["Rețeaua ",{"t":"idOrVar","v":"networkName"}," a fost găsită. Vă alăturați rețelei?"]},{"$i":"ceWarningtitle","$v":"Avertisment volum"},{"$i":"ceWarningcontent","$v":"Pentru a preveni afectarea posibilă a auzului, nu ascultați la niveluri mari ale volumului perioade îndelungate de timp."},{"$i":"is-volume-type-notification","$v":"Sunete de apel și alerte"},{"$i":"is-volume-type-telephony","$v":"Volum"},{"$i":"is-volume-type-alarm","$v":"Alarmă"},{"$i":"is-volume-type-content","$v":"Media"},{"$i":"kai-volume-type-notification","$v":"SUNETE DE APEL ȘI ALERTE"},{"$i":"kai-volume-type-telephony","$v":"VOLUM"},{"$i":"volume-type-alarm","$v":"Alarmă"},{"$i":"volume-type-content","$v":"Media"},{"$i":"vibrate-only","$v":"Numai vibrații"},{"$i":"silent","$v":"Silențios"},{"$i":"vibrate-on","$v":"Vibrații: pornite"},{"$i":"vibrate-off","$v":"Vibrații: oprite"},{"$i":"vibrate","$v":"Vibrații"},{"$i":"kai-volume","$v":["Volum:",{"t":"idOrVar","v":"n"},"/",{"t":"idOrVar","v":"c"}]},{"$i":"notification-powersaving-mode-on-title","$v":"Mod economisire energie"},{"$i":"notification-powersaving-mode-on-description","$v":"Modul de economisire energie este pornit."},{"$i":"low-device-storage","$v":"Spațiu redus aparat."},{"$i":"storage-alert","$v":"Alertă de stocare"},{"$i":"phone-almost-full","$v":"Telefon aproape plin."},{"$i":"free-space","$v":{"few":["Mai puțin decât ",{"t":"idOrVar","v":"value"}," ",{"t":"idOrVar","v":"unit"}," rămase."],"many":["Mai puțin decât ",{"t":"idOrVar","v":"value"}," ",{"t":"idOrVar","v":"unit"}," rămase."],"one":["Mai puțin decât ",{"t":"idOrVar","v":"value"}," ",{"t":"idOrVar","v":"unit"}," rămase."],"other":["Mai puțin decât ",{"t":"idOrVar","v":"value"}," ",{"t":"idOrVar","v":"unit"}," rămase."],"two":["Mai puțin decât ",{"t":"idOrVar","v":"value"}," ",{"t":"idOrVar","v":"unit"}," rămase."],"zero":"Fără spațiu liber rămas."},"$x":[{"t":"idOrVar","v":"plural"},"value"]},{"$i":"unknown-free-space","$v":"Spațiu rămas necunoscut."},{"$i":"can-delete-data-to-get-space","$v":"Puteți șterge anumite fișiere media sau puteți gestiona datele aplicației pentru a elibera mai mult spațiu."},{"$i":"should-delete-data-to-get-space","$v":"Trebuie să ștergeți anumite fișiere media sau să gestionați datele aplicației pentru a elibera mai mult spațiu înainte de a continua utilizarea acestui dispozitiv."},{"$i":"storage-full-level-1-title","$v":"Telefonul aproape complet"},{"$i":"storage-full-level-2-title","$v":"Memorie telefon plină."},{"$i":"delete-to-get-space","$v":"Ștergeți fișiere media, date ale aplicațiilor sau aplicații descărcate pentru a elibera spațiu."},{"$i":"delete-to-get-space-level-2","$v":"Ștergeți fișiere media, date ale aplicațiilor sau aplicații descărcate pentru a elibera spațiu. În caz contrar, telefonul nu va funcționa corespunzător."},{"$i":"system-alert","$v":"Alertă sistem"},{"$i":"cb-channel","$v":["Canal ",{"t":"idOrVar","v":"channel"}]},{"$i":"cell-broadcast-subtitle","$v":"Difuzare celulă"},{"$i":"cb-etws-warningType-earthquake","$v":"Avertisment de cutremur!"},{"$i":"cb-etws-warningType-tsunami","$v":"Avertizare de tsunami!"},{"$i":"cb-etws-warningType-earthquake-tsunami","$v":"Avertisment de cutremur-tsunami!"},{"$i":"cb-etws-warningType-test","$v":"Sistemul de alerte se testează."},{"$i":"cb-etws-warningType-other","$v":"Avertizare urgență!"},{"$i":"icc-message-maintitle","$v":"Mesaj operator"},{"$i":"icc-message-subtitle","$v":"SIM"},{"$i":"icc-confirmCall-defaultmessage","$v":["Apelați ",{"t":"idOrVar","v":"number"},"?"]},{"$i":"icc-alertMessage-defaultmessage","$v":"Trimitere mesaj"},{"$i":"icc-confirmMessage-defaultmessage","$v":"Trimiteți mesajul?"},{"$i":"icc-notification-title","$v":["SIM ",{"t":"idOrVar","v":"id"}," STK"]},{"$i":"icc-inputbox-maintitle","$v":"Interogare STK"},{"$i":"icc-inputbox-subtitle","$v":["SIM ",{"t":"idOrVar","v":"id"}]},{"$i":"emergency-callback-mode","$v":"Mod apel invers de urgență"},{"$i":"emergency-callback-message","$v":"Nu puteți efectua apeluri, trimite mesaje sau să vă conectați întrucât modul apel invers de urgență este activat. Doriți să-l dezactivați?"},{"$i":"cdma-record-info","$v":"Informații înregistrare CDMA"},{"$i":"download_started","$v":"Descărcare începută"},{"$i":"download_stopped","$v":"Descărcare întreruptă"},{"$i":"download_downloading","$v":[{"t":"idOrVar","v":"percentage"},"%"]},{"$i":"download_succeeded","$v":"Descărcare finalizată"},{"$i":"download_failed","$v":"Descărcare nereușită"},{"$i":"update_succeeded","$v":"Actualizare finalizată"},{"$i":"download_text_by_default","$v":[{"t":"idOrVar","v":"name"}]},{"$i":"phone-storage-full-title","$v":"Memorie telefon plină"},{"$i":"phone-storage-full-warning","$v":"Imposibil de descărcat un fișier. Ștergeți fișierele media sau datele aplicației pentru a elibera spațiu. De asemenea, puteți introduce un card SD pentru a extinde stocarea media."},{"$i":"sdcard-storage-full-title","$v":"Cardul SD este plin."},{"$i":"sdcard-storage-full-warning","$v":"Imposibil de descărcat un fișier. Ștergeți fișierele de pe cardul SD pentru a elibera spațiu."},{"$i":"opt-settings","$v":"Setări"},{"$i":"search-the-web","$v":"Căutare pe web"},{"$i":"search-or-enter-address","$v":"Căuați sau introd. adresa","placeholder":"Căuați sau introd. adresa"},{"$i":"search-or-enter-url","$v":"Căutați sau introd. URL","placeholder":"Căutați sau introd. URL"},{"$i":"back-button","ariaLabel":"Înapoi"},{"$i":"forward-button","ariaLabel":"Redirecționare"},{"$i":"reload-button","ariaLabel":"Reîncărcare"},{"$i":"stop-button","ariaLabel":"Oprire"},{"$i":"windows-button","ariaLabel":"Afișare ferestre"},{"$i":"noHotspotWhenAPMisOnWifiHotspot","$v":"Opriți modul avion pt. a utiliza hotspot Wi-Fi."},{"$i":"apmActivated","$v":"Mod avion activat"},{"$i":"save-image","$v":"Salvați imaginea"},{"$i":"save-video","$v":"Salvați video"},{"$i":"save-audio","$v":"Salvare sunet"},{"$i":"share-image","$v":"Partajare imagine"},{"$i":"share-video","$v":"Partajare video"},{"$i":"share-audio","$v":"Partajare audio"},{"$i":"kai-cancelButtonId","$v":"Anulare"},{"$i":"kai-not-send","$v":"Nu trimiteți"},{"$i":"kai-send-report","$v":"Trimitere raport"},{"$i":"refresh","$v":"Reîmprospătare"},{"$i":"goBack","$v":"Înapoi"},{"$i":"goForward","$v":"Înainte"},{"$i":"goToTopSites","$v":"Accesați site-uri de top"},{"$i":"pinToTopSites","$v":"Fixați la site-uri de top"},{"$i":"pinToAllApps","$v":"Fixați la Toate aplicațiile"},{"$i":"pinToAppsMenu","$v":"Fixați la Meniu aplicații"},{"$i":"viewMessages","$v":"Vizualizați mesajele"},{"$i":"downloadImage","$v":"Descărcare imagine"},{"$i":"quit","$v":"Părăsire"},{"$i":"minimizeBrowser","$v":"Minimizați browser-ul"},{"$i":"pinSiteCompletely","$v":"Acest site web a fost fixat la Site-uri de top."},{"$i":"siteWasPinnedBefore","$v":"Acest site web a fost fixat la Site-uri de top înainte."},{"$i":"pinnedSitesOverLimit","$v":"Ați atins numărul maxim de site-uri web nefixate."},{"$i":"pressBackAgainToQuitBrowser","$v":"Apăsați ÎNAPOI din nou pentru a părăsi browser-ul."},{"$i":"pressBackAgainToMinimizeBrowser","$v":"Apăsați ÎNAPOI din nou pentru a minimiza browser-ul."},{"$i":"pinSiteToAllAppsCompletely","$v":"Acest site web a fost fixat la Toate aplicațiile."},{"$i":"pinSiteToAppsMenuCompletely","$v":"Acest site web a fost fixat la Meniu aplicații."},{"$i":"siteWasPinnedToAllAppsBefore","$v":"Acest site web a fost fixat înainte la Toate aplicațiile."},{"$i":"siteWasPinnedToAppsMenuBefore","$v":"Acest site web a fost fixat înainte la Meniu aplicații."},{"$i":"ext-bluetooth-req","$v":"Cerere de asociere"},{"$i":"ext-unknown","$v":"NECUNOSCUT"},{"$i":"ext-new-message","$v":"Mesaj nou"},{"$i":"ext-new-mail","$v":"Corespondență nouă"},{"$i":"ext-calendar-event","$v":"Eveniment calendar"},{"$i":"ext-new-notification","$v":"Notificări noi"},{"$i":"incoming","$v":"Primit"},{"$i":"ext-volume-notification","$v":"Sunete de apel și not."},{"$i":"ext-volume-content","$v":"Media"},{"$i":"ext-volume-alarm","$v":"Alarmă"},{"$i":"ext-new-cmas","$v":"Urgență"},{"$i":"phone-storage-full-body","$v":"Înregistrarea apelului întreruptă. Ștergeți fișiere media sau datele aplicației pentru a elibera spațiu."},{"$i":"sd-card-full-title","$v":"Cardul SD este plin."},{"$i":"sd-card-full-body","$v":"Înregistrarea apelului întreruptă. Ștergeți fișierele de pe cardul SD pentru a elibera spațiu."},{"$i":"supl-notification-title","$v":"Cerere locație"},{"$i":"supl-notification-message","$v":"Locația dvs. este transmisă operatorului."},{"$i":"supl-verification-title","$v":"Cerere locație"},{"$i":"supl-verification-message","$v":"Operatorul vă solicită locația. Doriți să furnizați informații privind locația operatorului?"},{"$i":"supl-verification-message-for-notification","$v":"Clic aici pt. a confirma"},{"$i":"supl-verification-confirm","$v":"Da"},{"$i":"supl-verification-cancel","$v":"Nu"},{"$i":"supl-more-message","$v":["Mesaj: ",{"t":"idOrVar","v":"id"}," (",{"t":"idOrVar","v":"message"},")"]},{"$i":"confirmPbapMsg","$v":[{"t":"idOrVar","v":"deviceId"}," dorește să vă acceseze contactele și istoricul de apeluri. Acceptați?"]},{"$i":"confirmTitle","$v":"Cerere Bluetooth"},{"$i":"initialValue","$v":"Introduceți cheia de sesiune"},{"$i":"confirmMapMsg","$v":[{"t":"idOrVar","v":"deviceId"}," dorește să vă acceseze mesajele. Acceptați?"]},{"$i":"wifiCallErrorMsg","$v":["Eroare apel Wifi: ",{"t":"idOrVar","v":"error"}]},{"$i":"wifiCallMissEccTitle","$v":[{"t":"idOrVar","v":"operator"}," WiFi Calling"]},{"$i":"wifiCallMissEccMsg","$v":"Emergency calls in areas with cellular coverage only"},{"$i":"battery-full-title","$v":"Baterie plină"},{"$i":"battery-full-body","$v":"Bateria este complet încărcată."},{"$i":"sim-config-title","$v":"configurație"},{"$i":"sim-config-content-init","$v":["Apăsați ÎNCEPERE pentru a configura telefonul pentru ",{"t":"idOrVar","v":"carrier"},"."]},{"$i":"sim-config-content-change","$v":["Doriți să configurați telefonul pentru ",{"t":"idOrVar","v":"carrier"},"?"]},{"$i":"sim-config-content-line1","$v":"Foarte bine!"},{"$i":"sim-config-content-restart","$v":"Reporniți telefonul pentru a aplica modificările."},{"$i":"sim-config-content-finish","$v":"Apăsați OK pentru finalizare."},{"$i":"sim-config-content-failed","$v":["Imposibil de găsit profilul ",{"t":"idOrVar","v":"carrier"},"."]},{"$i":"sim-config-button-restart","$v":"Repornire"},{"$i":"sim-config-button-begin","$v":"Începe"},{"$i":"open-wifi-available","$v":"Deschideți rețelele WiFi disponibile"},{"$i":"wifi-available","$v":"Rețele WiFi disponibile"},{"$i":"wifi-no-internet-title","$v":"Funcția Wi-Fi nu are acces la internet."},{"$i":"wifi-no-internet-body","$v":"Tap for options"},{"$i":"wifi-no-internet-header","$v":"Wi-Fi"},{"$i":"wifi-no-internet-content","$v":[{"t":"idOrVar","v":"name"}," nu are acces la internet, rămâneți conectat?"]},{"$i":"ellipses_char","$v":"…"},{"$i":"fota-title-attention","$v":"Atenție"},{"$i":"fota-upgrade-success","$v":["Upgrade firmware reușit. Dispozitivul dvs. are acum versiunea ",{"t":"idOrVar","v":"target"},"."]},{"$i":"fota-upgrade-failed","$v":"Upgrade nereușit. Versiune anterioară restaurată."},{"$i":"fota-title-software-update","$v":"Actualizare software"},{"$i":"fota-message-software-update-available","$v":"Actualizare software disponibilă."},{"$i":"fota-message-software-download-failed","$v":"Descărcare actualizare software nereușită."},{"$i":"fota-message-software-download-complete","$v":"Descărcare actualizare software finalizată."},{"$i":"network-issue-title","$v":"Eroare de rețea"},{"$i":"network-issue-detail","$v":"Verificați conexiunea dvs."},{"$i":"device-issue-title","$v":"Instalați eroarea"},{"$i":"device-issue-detail","$v":"A apărut o eroare necunoscută."},{"$i":"device-issue-update-title","$v":"Eroare de actualizare"},{"$i":"install-generic-error","$v":"Descărcare întreruptă."},{"$i":"account-authenticator-invaild-grant-notice-title","$v":"Eroare de cont"},{"$i":"account-authenticator-invaild-grant-notice-text","$v":"Conectați-vă din nou"},{"$i":"account-authenticator-no-network-error","$v":"Nicio conexiune de Internet"},{"$i":"account-authenticator-access-denied-error","$v":"A apărut o eroare necunoscută."},{"$i":"qtn_els_alert_high_vol","$v":"Alertă nivel mare al volumului"},{"$i":"qtn_els_alert_in_call","$v":"În apel"},{"$i":"GetEmptyUssdPrompt","$v":"Răspunsul primit nu a fost primit."},{"$i":"message-sent","$v":"Mesaj trimis"},{"$i":"send","$v":"Trimitere"},{"$i":"confirmation","$v":"Confirmare"},{"$i":"kaistore-notice-title","$v":"KaiStore"},{"$i":"kaistore-notice-content","$v":"See what’s in store."},{"$i":"feedback-dialogview-header","$v":"Feedback"},{"$i":"feedback-dialogview-message","$v":"Părerea dvs. contează foarte mult pentru HMD Global, așadar spuneți-ne ce părere aveți despre noul dvs. telefon. Dacă doriți să participați la acest sondaj mai târziu, îl puteți găsi în Setări."},{"$i":"dataConnection-off","$v":"Dezactivați datele mobile?"},{"$i":"dataConnection-off-content","$v":"Nu veți putea folosi aplicații sau servicii care necesită o conexiune de date decât dacă utilizați Wi-Fi."},{"$i":"turn-off-location","$v":"Dezactivați serviciul de localizare?"},{"$i":"turn-off-location-content","$v":"Serviciul de geolocalizare nu va fi disponibil dacă dezactivați acest serviciu.Cu toate acestea, datele mobile pot fi în continuare taxate dacă păstrați această opțiune activată."},{"$i":"firefox-accounts-title","$v":"Conturi KaiOS"},{"$i":"firefox-accounts-title-sign-in","$v":"Conectare"},{"$i":"firefox-accounts-title-create-account","$v":"Creați cont"},{"$i":"kaios-accounts-title-about-kaios-account","$v":"Despre contul KaiOS"},{"$i":"kaios-accounts-phone-verification","$v":"Verificare telefon"},{"$i":"kaios-accounts-title-account-info","$v":"Date cont"},{"$i":"fxa-next","$v":"Înainte"},{"$i":"fxa-back","$v":"Înapoi"},{"$i":"fxa-done","$v":"Efectuat"},{"$i":"fxa-ok","$v":"OK"},{"$i":"kai-verification-mail-has-been-sent","$v":"Un link de verificare a fost trimis la"},{"$i":"fxa-decline","$v":"Refuz"},{"$i":"fxa-accept","$v":"Acceptare"},{"$i":"fxa-sining-in","$v":"Conectare..."},{"$i":"not-now","$v":"Nu acum"},{"$i":"send-sms","$v":"Trimitere SMS"},{"$i":"resend-sms","$v":"Retrimitere SMS"},{"$i":"fxa-connection-error-title","$v":"Conectare nereușită"},{"$i":"fxa-connection-error-message","$v":"Puteți crea un cont sau vă puteți conecta din Setări."},{"$i":"fxa-reset-password-error-title","$v":"Resetați parola"},{"$i":"fxa-reset-password-error-message","$v":"Puteți reseta parola din Setări."},{"$i":"fxa-incorrect-email-address-or-password","$v":"fxa incorrect email address or password"},{"$i":"fxa-internet-connection-is-required","$v":"este necesară conexiune Internet fxa"},{"$i":"fxa-server-error","$v":"Eroare server, încercați din nou mai târziu"},{"$i":"fxa-server-error-2","$v":"Eroare"},{"$i":"fxa-server-error-message","$v":"Nu s-a putut crea contul. Încercați din nou mai târziu."},{"$i":"fxa-server-error-message-2","$v":"Server indisponibil. Încercați din nou mai târziu."},{"$i":"fxa-offline-error-title","$v":"Conectare nereușită"},{"$i":"fxa-offline-error-message","$v":"Conectați-vă la o rețea din Setări."},{"$i":"fxa-offline-error-message-1","$v":"Nicio conexiune de Internet"},{"$i":"fxa-invalid-email-title","$v":"Eroare"},{"$i":"fxa-invalid-email-message","$v":"Introduceți un e-mail valid."},{"$i":"fxa-invalid-password-title","$v":"Eroare"},{"$i":"fxa-invalid-password-message","$v":"Adresă e-mail sau parolă incorectă"},{"$i":"fxa-invalid-password-message-1","$v":"Parolă greșită."},{"$i":"fxa-unknown-error-title","$v":"Conectare nereușită"},{"$i":"fxa-unknown-error-message","$v":"Sistem indisponibil, încercați din nou mai târziu."},{"$i":"fxa-email-is-taken-title","$v":"Eroare"},{"$i":"fxa-email-is-taken-message","$v":"Există deja un cont pentru acest e-mail. Conectați-vă la cont."},{"$i":"fxa-confirm-age-title","$v":"Eroare"},{"$i":"fxa-confirm-age-message","$v":"Confirmați că vârsta dvs. depășește 13 ani"},{"$i":"fxa-account-does-not-exist","$v":"Eroare"},{"$i":"fxa-account-does-not-exist-message","$v":"Adresă e-mail sau parolă incorectă"},{"$i":"fxa-account-does-not-exist-message-1","$v":"Account does not exist."},{"$i":"fxa-password-dont-match","$v":"Eroare"},{"$i":"fxa-password-dont-match-message","$v":"Parolele nu corespund."},{"$i":"fxa-password-less","$v":"Eroare"},{"$i":"fxa-password-less-message","$v":"Parola are mai puțin de 8 caractere."},{"$i":"fxa-password-less-message-1","$v":"Parola are mai puțin de 8 caractere."},{"$i":"fxa-password-more","$v":"Eroare"},{"$i":"fxa-password-more-message","$v":"Parola are mai mult de 20 caractere."},{"$i":"fxa-password-more-message-1","$v":"Parola are mai mult de 20 caractere."},{"$i":"fxa-password-error","$v":"Eroare"},{"$i":"fxa-password-error-message","$v":"Parola trebuie să fie între 8 și 20 de caractere cu o combinație de litere și cifre."},{"$i":"fxa-connecting","$v":"În curs de conectare"},{"$i":"fxa-enter-phone-number-message","$v":"Introduceți numărul dvs. de telefon. Se va trimite un SMS și va începe verificarea automată."},{"$i":"fxa-sms-has-been-sent-message","$v":"SMS-ul a fost trimis. După ce l-ați primit, va începe verificarea automată. Așteptați și bucurați-vă!"},{"$i":"fxa-time-remaining","$v":"Timp rămas:"},{"$i":"fxa-sms-verification-failed-message","$v":"Verificare SMS nereușită. Confirmați-vă telefonul și apăsați „Retrimitere SMS” pentru a încerca din nou."},{"$i":"fxa-phone-number-label","$v":"Număr de telefon"},{"$i":"fxa-enter-your-infomation","$v":"Introduceți datele dvs."},{"$i":"fxa-birthday-label","$v":"Zi de naștere"},{"$i":"fxa-birthday-select","$v":"Selectare"},{"$i":"fxa-gender-label","$v":"Gen"},{"$i":"fxa-gender-select","$v":"Selectare"},{"$i":"fxa-gender-male","$v":"Masculin"},{"$i":"fxa-gender-female","$v":"Feminin"},{"$i":"fxa-gender-confidential","$v":"Confidențial"},{"$i":"fxa-enter-email-input","placeholder":"Introduceți e-mailul dvs."},{"$i":"fxa-use-email-to-sign-in","$v":"Introduceți adresa e-mail. E-mailul va reprezenta denumirea contului dvs."},{"$i":"fxa-notice","$v":["Continuând, sunt de acord cu ",{"t":"idOrVar","v":"tos"}," și ",{"t":"idOrVar","v":"pn"}," ale serviciilor cloud KaiOS."]},{"$i":"fxa-placeholder","$v":"E-mailul dvs. aici"},{"$i":"fxa-tos","$v":"Termeni serviciu"},{"$i":"fxa-pn","$v":"Notificare confidențialitate"},{"$i":"fxa-create-account-title","$v":"Creați cont"},{"$i":"fxa-show-age-title","$v":"Am peste 13 ani"},{"$i":"fxa-enter-password-title","$v":"Introduceți parola. Parola dvs. trebuie să aibă între 8 și 20 de caractere și trebuie să conțină atât litere, cât și cifre."},{"$i":"fxa-enter-password-title-1","$v":"Introduceți o parolă. Parola dvs. trebuie să aibă între 8 și 20 de caractere și trebuie să conțină atât litere, cât și cifre."},{"$i":"fxa-setup-password-title","$v":"Setare parolă"},{"$i":"fxa-create-password-title","$v":"Creați o parolă"},{"$i":"fxa-hello-user","$v":["Bună, ",{"t":"idOrVar","v":"email"}]},{"$i":"fxa-password-refresh","$v":"Introduceți parola contului dvs. KaiOS pentru a continua."},{"$i":"fxa-password","$v":"Parolă","placeholder":"Parolă"},{"$i":"fxa-forgot-your-password","$v":"Ați uitat parola?"},{"$i":"fxa-show-password","$v":"Afișare parolă"},{"$i":"fxa-password-length-requirement","$v":"Parola dvs. trebuie să aibă o lungime de cel puțin 8 caractere."},{"$i":"fxa-confirm-account","$v":"Confirmați contul"},{"$i":"fxa-will-send-email","$v":"Contul dvs. a fost creat."},{"$i":"fxa-signup-click-verification-link-in-email","$v":["Am trimis un e-mail de confirmare la ",{"t":"idOrVar","v":"email"},". Verificați căsuța de intrare și verificați și activați contul."]},{"$i":"fxa-access-manage-account-settings","$v":"Linkul de activare va expira în 24 de ore."},{"$i":"fxa-signup-success-title","$v":"Cont creat"},{"$i":"about-kaios-account-text","$v":"Lorem ipsum dolor sit amet, con-sectetur adipiscing elit, sed do eiusmod tempor incididunt ut labore et dolore magna aliqua. Ut enim ad minim veniam, quis nos-trud exercitation ullamco laboris nisi ut aliquip ex ea commodo consequat. Duis aute irure dolor in reprehenderit in voluptate velit esse cillum dolore eu fugiat nulla pariatur. Excepteur sint occaecat cupidatat non proident, sunt in culpa qui officia deserunt mollit anim id est laborum."},{"$i":"about-kaios-account-text1","$v":"Contul KaiOS asigură autentificare la serviciile KaiOS. Contul identifică utilizatorul și aparatul și permite accesul la funcții precum gestionarea la distanță a aparatelor și servicii suplimentare."},{"$i":"about-kaios-account-text2","$v":"Crearea unui cont necesită o adresă e-mail și o parolă. Utilizatorul trebuie să verifice adresa e-mail printr-un link e-mail trimis în timpul creării contului. Contul se va activa după verificarea acestei adrese de e-mail."},{"$i":"about-kaios-account-text3","$v":"Prin crearea contului, sunteți de acord cu termenii și notificarea privind confidențialitatea."},{"$i":"fxa-signin-email","$v":"Denumire cont"},{"$i":"fxa-signin-password","$v":"Parolă"},{"$i":"fxa-signin-success-title","$v":"Contul dvs."},{"$i":"fxa-signin-lsk","$v":"Uitați parola"},{"$i":"fxa-signin-rsk","$v":"Conectare"},{"$i":"fxa-change-password-title","$v":"Modificare parolă"},{"$i":"fxa-change-password-description","$v":"Introduceți parola dvs. actuală și setați o nouă parolă."},{"$i":"fxa-new-password","$v":"Parolă nouă"},{"$i":"fxa-changing-password","$v":"Se modifică parola…"},{"$i":"fxa-forgot-password-title","$v":"Uitați parola"},{"$i":"fxa-forgot-password","$v":"uitați parola"},{"$i":"fxa-forgot-password-sk","$v":"Parolă uitată"},{"$i":"fxa-forgot-password-success-title","$v":"E-mail reset. parolă trimis"},{"$i":"fxa-reset-password-succcess-content","$v":"E-mailul pentru resetarea parolei a fost trimis contului dvs. e-mail."},{"$i":"fxa-reset-password-succcess-content-part2","$v":"Verificați adresa e-mail și resetați parola."},{"$i":"fxa-sign-out-title","$v":"Anti-furt este activat"},{"$i":"fxa-sign-out-intro","$v":"confirmați că doriți să opriți funcția anti-furt și deconectați-vă."},{"$i":"fxa-sign-out-intro-1","$v":"Confirmați că doriți să opriți funcția anti-furt și deconectați-vă."},{"$i":"fxa-signout-email","$v":"Contul dvs."},{"$i":"fxa-confirm-password","$v":"Confirmați parola"},{"$i":"fxa-signing-out","$v":"Deconectare..."},{"$i":"fxa-sign-out-error-title","$v":"Eroare"},{"$i":"fxa-sign-out-error-message","$v":"Deconectarea din cont nu a reușit. Încercați din nou mai târziu"},{"$i":"fxa-sign-out-error-message-1","$v":"Deconectarea din cont nu a reușit. Încercați din nou mai târziu"},{"$i":"fxa-connection-is-required-title","$v":"Eroare"},{"$i":"fxa-connection-is-required-message","$v":"Conexiunea de Internet este necesară"},{"$i":"fxa-check-password-title","$v":"Dezactivați anti-furt"},{"$i":"fxa-disable-antitheft-checkpassword-message","$v":"Confirmați că doriți să opriți funcția anti-furt."},{"$i":"fxa-reset-factory-checkpassword-message","$v":"Pentru a reseta aparatul, trebuie să introduceți parola și să dezactivați funcția anti-furt."},{"$i":"fxa-reset-factory-checkpassword-message-1","$v":"Pentru a vă reseta dispozitivul, trebuie să introduceți parola și să dezactivați funcția anti-furt."},{"$i":"fxa-enter-email-to-reset-password","$v":"Introduceți contul dvs. e-mail, vă vom trimite un link de resetare a parolei."},{"$i":"fxa-enter-email-to-reset-password-1","$v":"Introduceți contul dvs. e-mail. Vă vom trimite un link de resetare a parolei."},{"$i":"fxa-account-not-found","$v":"Cont negăsit. Încercați din nou."},{"$i":"fxa-multiple-sign-in-attempts-title","$v":"Încercări multiple de conectare"},{"$i":"fxa-multiple-sign-in-attempts-content","$v":"Ați introdus parola greșită de mai multe ori"},{"$i":"fxa-multiple-sign-in-attempts-content-1","$v":"Ați introdus parola greșită de mai multe ori."},{"$i":"fxa-multiple-sign-in-attempts-content-retry","$v":"Încercați din nou mai târziu"},{"$i":"shortDateFormat","$v":"%B %d, %Y"},{"$i":"network-error-in-app","$v":"Niciun acces la Internet chiar acum."},{"$i":"network-error-launching","$v":[{"t":"idOrVar","v":"name"}," necesită o conexiune internet."]},{"$i":"network-error-launching-title","$v":"Nicio conexiune de Internet"},{"$i":"network-error-launching-message","$v":"Utilizați Wi-Fi sau datele mobile pentru a accesa Internetul."},{"$i":"server-not-found","$v":"Serverul nu a fost găsit"},{"$i":"server-not-found-error","$v":["Imposibil de găsit serverul la ",{"t":"idOrVar","v":"name"},"."]},{"$i":"file-not-found","$v":"Fișier negăsit"},{"$i":"file-not-found-error","$v":"Aparatul nu poate afișa această pagină întrucât fișierul nu poate fi găsit."},{"$i":"connection-failed","$v":"Conectare nereușită"},{"$i":"connection-failed-error","$v":"A apărut o eroare de rețea la accesarea site-ului web."},{"$i":"invalid-connection","$v":"Conectare nereușită"},{"$i":"invalid-connection-error","$v":"A apărut o eroare de rețea la accesarea site-ului web."},{"$i":"malformed-uri","$v":"URL nevalid"},{"$i":"malformed-uri-error","$v":"URL-ul introdus nu este valabil și nu poate fi încărcat."},{"$i":"redirect-loop","$v":"Imposibil de afișat pagina"},{"$i":"redirect-loop-error","$v":"Aparatul nu poate afișa această pagină întrucât pagina nu redirecționează corespunzător. Încercați această pagină din nou mai târziu."},{"$i":"not-cached","$v":"Pagină expirată"},{"$i":"not-cached-error","$v":"Ca măsură de precauție, această pagină nu poate fi afișată de aparat întrucât a expirat."},{"$i":"is-printing","$v":"Acces refuzat"},{"$i":"is-printing-error","$v":"Documentul nu poate fi modificat în timpul imprimării sau în Previzualizare imprimare."},{"$i":"denied-port-access","$v":"Adresă restricționată"},{"$i":"denied-port-access-error","$v":"Această adresă folosește un port de rețea care este utilizat în mod normal în alte scopuri decât navigarea web. Aparatul a anulat cererea pentru protecția dvs."},{"$i":"proxy-resolve-failure","$v":"Eroare server proxy"},{"$i":"proxy-resolve-failure-error","$v":"Aparatul este configurat pentru a utiliza un server proxy care nu poate fi găsit."},{"$i":"proxy-connect-failure","$v":"Eroare server proxy"},{"$i":"proxy-connect-failure-error","$v":"Aparatul este configurat pentru a utiliza un server proxy care refuză conexiunile."},{"$i":"content-encoding","$v":"Nu se poate afișa pagina"},{"$i":"content-encoding-error","$v":"Aparatul nu poate afișa această pagină din cauza unei erori de codificare a conținutului."},{"$i":"remote-xul","$v":"Pagină nesuportată"},{"$i":"remote-xul-error","$v":"Această pagină nu poate fi afișată întrucât folosește o tehnologie care nu este suportată de aparat."},{"$i":"phishing-blocked","$v":"Avertisment"},{"$i":"phishing-blocked-error","$v":"Site-ul web a fost raportat ca o falsificare web concepută pentru a păcăli utilizatorii să-și partajeze informațiile personale sau financiare."},{"$i":"malware-blocked","$v":"Atac malware blocat"},{"$i":"malware-blocked-error","$v":"Site-ul a fost raportat ca un site de atac. Aparatul a blocat cererea pentru protecția dvs."},{"$i":"unsafe-content-type","$v":"Conținut nesigur"},{"$i":"unsafe-content-type-error","$v":"Pagina nu poate fi afișată întrucât este posibil să nu fie sigur să o deschideți."},{"$i":"corrupted-content","$v":"Conectare nereușită"},{"$i":"corrupted-content-error","$v":"Pagina nu poate fi afișată întrucât s-a detectat o eroare la transmiterea datelor."},{"$i":"unknown-protocol-found","$v":"Pagină nesuportată"},{"$i":"unknown-protocol-found-error","$v":"Pag. nu poate fi afișată întrucât fol. o tehnologie care nu este suportată de aparat."},{"$i":"try-again","$v":"Încercați din nou"},{"$i":"check-settings","$v":"Verificați setările"},{"$i":"brandShortName","$v":"KaiOS"},{"$i":"browserBrandShortName","$v":"Web Browser"},{"$i":"browserBrandFullName","$v":"Mozilla Web Browser"},{"$i":"ringtoneBrandName","$v":"Default"},{"$i":"ringtoneSectionBrandName","$v":"System"},{"$i":"accessibility-enableScreenReaderSteps","$v":"To enable screen reader, press the volume up and then volume down buttons three more times"},{"$i":"accessibility-disableScreenReaderSteps","$v":"To disable screen reader, press the volume up and then volume down buttons three more times"},{"$i":"accessibility-screenReaderStarted","$v":"Screen reader started"},{"$i":"accessibility-screenReaderStopped","$v":"Screen reader stopped"},{"$i":"accessibility-menubar","$v":"menu bar"},{"$i":"accessibility-scrollbar","$v":"scroll bar"},{"$i":"accessibility-grip","$v":"grip"},{"$i":"accessibility-alert","$v":"alert"},{"$i":"accessibility-menupopup","$v":"menu popup"},{"$i":"accessibility-document","$v":"document"},{"$i":"accessibility-pane","$v":"pane"},{"$i":"accessibility-dialog","$v":"dialogue"},{"$i":"accessibility-separator","$v":"separator"},{"$i":"accessibility-toolbar","$v":"toolbar"},{"$i":"accessibility-statusbar","$v":"status bar"},{"$i":"accessibility-table","$v":"table"},{"$i":"accessibility-columnheader","$v":"column header"},{"$i":"accessibility-rowheader","$v":"row header"},{"$i":"accessibility-column","$v":"column"},{"$i":"accessibility-row","$v":"row"},{"$i":"accessibility-cell","$v":"cell"},{"$i":"accessibility-link","$v":"link"},{"$i":"accessibility-list","$v":"list"},{"$i":"accessibility-listitem","$v":"list item"},{"$i":"accessibility-outline","$v":"outline"},{"$i":"accessibility-outlineitem","$v":"outline item"},{"$i":"accessibility-pagetab","$v":"tab"},{"$i":"accessibility-propertypage","$v":"property page"},{"$i":"accessibility-graphic","$v":"graphic"},{"$i":"accessibility-pushbutton","$v":"button"},{"$i":"accessibility-checkbutton","$v":"check button"},{"$i":"accessibility-radiobutton","$v":"radio button"},{"$i":"accessibility-combobox","$v":"combo box"},{"$i":"accessibility-progressbar","$v":"progress bar"},{"$i":"accessibility-slider","$v":"slider"},{"$i":"accessibility-spinbutton","$v":"spin button"},{"$i":"accessibility-diagram","$v":"diagram"},{"$i":"accessibility-animation","$v":"animation"},{"$i":"accessibility-equation","$v":"equation"},{"$i":"accessibility-buttonmenu","$v":"button menu"},{"$i":"accessibility-whitespace","$v":"white space"},{"$i":"accessibility-pagetablist","$v":"tab list"},{"$i":"accessibility-canvas","$v":"canvas"},{"$i":"accessibility-checkmenuitem","$v":"check menu item"},{"$i":"accessibility-label","$v":"label"},{"$i":"accessibility-passwordtext","$v":"password text"},{"$i":"accessibility-radiomenuitem","$v":"radio menu item"},{"$i":"accessibility-textcontainer","$v":"text container"},{"$i":"accessibility-togglebutton","$v":"toggle button"},{"$i":"accessibility-treetable","$v":"tree table"},{"$i":"accessibility-header","$v":"header"},{"$i":"accessibility-footer","$v":"footer"},{"$i":"accessibility-paragraph","$v":"paragraph"},{"$i":"accessibility-entry","$v":"entry"},{"$i":"accessibility-caption","$v":"caption"},{"$i":"accessibility-heading","$v":"heading"},{"$i":"accessibility-section","$v":"section"},{"$i":"accessibility-form","$v":"form"},{"$i":"accessibility-comboboxlist","$v":"combo box list"},{"$i":"accessibility-comboboxoption","$v":"combo box option"},{"$i":"accessibility-imagemap","$v":"image map"},{"$i":"accessibility-listboxoption","$v":"option"},{"$i":"accessibility-listbox","$v":"list box"},{"$i":"accessibility-flatequation","$v":"flat equation"},{"$i":"accessibility-gridcell","$v":"gridcell"},{"$i":"accessibility-note","$v":"note"},{"$i":"accessibility-figure","$v":"figure"},{"$i":"accessibility-definitionlist","$v":"definition list"},{"$i":"accessibility-term","$v":"term"},{"$i":"accessibility-definition","$v":"definition"},{"$i":"accessibility-textarea","$v":"text area"},{"$i":"accessibility-textInputType_date","$v":"date"},{"$i":"accessibility-textInputType_email","$v":"e-mail"},{"$i":"accessibility-textInputType_search","$v":"search"},{"$i":"accessibility-textInputType_tel","$v":"telephone"},{"$i":"accessibility-textInputType_url","$v":"URL"},{"$i":"accessibility-headingLevel","$v":["heading level ",{"t":"idOrVar","v":"0"}]},{"$i":"accessibility-listStart","$v":"First item"},{"$i":"accessibility-listEnd","$v":"Last item"},{"$i":"accessibility-listItemsCount","$v":{"few":[{"t":"idOrVar","v":"count"}," items"],"many":[{"t":"idOrVar","v":"count"}," items"],"one":[{"t":"idOrVar","v":"count"}," item"],"other":[{"t":"idOrVar","v":"count"}," items"],"two":[{"t":"idOrVar","v":"count"}," items"],"zero":[{"t":"idOrVar","v":"count"}," items"]},"$x":[{"t":"idOrVar","v":"plural"},"count"]},{"$i":"accessibility-objItemOfN","$v":[{"t":"idOrVar","v":"0"}," of ",{"t":"idOrVar","v":"1"}]},{"$i":"accessibility-banner","$v":"banner"},{"$i":"accessibility-complementary","$v":"complementary"},{"$i":"accessibility-contentinfo","$v":"content info"},{"$i":"accessibility-main","$v":"main"},{"$i":"accessibility-navigation","$v":"navigation"},{"$i":"accessibility-search","$v":"search"},{"$i":"accessibility-tblColumnInfo","$v":{"few":["with ",{"t":"idOrVar","v":"count"}," columns"],"many":["with ",{"t":"idOrVar","v":"count"}," columns"],"one":["with ",{"t":"idOrVar","v":"count"}," column"],"other":["with ",{"t":"idOrVar","v":"count"}," columns"],"two":["with ",{"t":"idOrVar","v":"count"}," columns"],"zero":["with ",{"t":"idOrVar","v":"count"}," columns"]},"$x":[{"t":"idOrVar","v":"plural"},"count"]},{"$i":"accessibility-tblRowInfo","$v":{"few":["and ",{"t":"idOrVar","v":"count"}," rows"],"many":["and ",{"t":"idOrVar","v":"count"}," rows"],"one":["and ",{"t":"idOrVar","v":"count"}," row"],"other":["and ",{"t":"idOrVar","v":"count"}," rows"],"two":["and ",{"t":"idOrVar","v":"count"}," rows"],"zero":["and ",{"t":"idOrVar","v":"count"}," rows"]},"$x":[{"t":"idOrVar","v":"plural"},"count"]},{"$i":"accessibility-columnInfo","$v":["Column ",{"t":"idOrVar","v":"0"}]},{"$i":"accessibility-rowInfo","$v":["Row ",{"t":"idOrVar","v":"0"}]},{"$i":"accessibility-spansColumns","$v":{"few":["spans ",{"t":"idOrVar","v":"0"}," columns"],"many":["spans ",{"t":"idOrVar","v":"0"}," columns"],"one":["spans ",{"t":"idOrVar","v":"0"}," column"],"other":["spans ",{"t":"idOrVar","v":"0"}," columns"],"two":["spans ",{"t":"idOrVar","v":"0"}," columns"],"zero":["spans ",{"t":"idOrVar","v":"0"}," columns"]},"$x":[{"t":"idOrVar","v":"plural"},"0"]},{"$i":"accessibility-spansRows","$v":{"few":["spans ",{"t":"idOrVar","v":"0"}," rows"],"many":["spans ",{"t":"idOrVar","v":"0"}," rows"],"one":["spans ",{"t":"idOrVar","v":"0"}," row"],"other":["spans ",{"t":"idOrVar","v":"0"}," rows"],"two":["spans ",{"t":"idOrVar","v":"0"}," rows"],"zero":["spans ",{"t":"idOrVar","v":"0"}," rows"]},"$x":[{"t":"idOrVar","v":"plural"},"0"]},{"$i":"accessibility-jumpAction","$v":"jumped"},{"$i":"accessibility-pressAction","$v":"pressed"},{"$i":"accessibility-checkAction","$v":"checked"},{"$i":"accessibility-uncheckAction","$v":"unchecked"},{"$i":"accessibility-selectAction","$v":"selected"},{"$i":"accessibility-unselectAction","$v":"unselected"},{"$i":"accessibility-openAction","$v":"opened"},{"$i":"accessibility-closeAction","$v":"closed"},{"$i":"accessibility-switchAction","$v":"switched"},{"$i":"accessibility-clickAction","$v":"clicked"},{"$i":"accessibility-collapseAction","$v":"collapsed"},{"$i":"accessibility-expandAction","$v":"expanded"},{"$i":"accessibility-activateAction","$v":"activated"},{"$i":"accessibility-cycleAction","$v":"cycled"},{"$i":"accessibility-hidden","$v":"hidden"},{"$i":"accessibility-tabLoading","$v":"loading"},{"$i":"accessibility-tabLoaded","$v":"loaded"},{"$i":"accessibility-tabNew","$v":"new tab"},{"$i":"accessibility-tabLoadStopped","$v":"loading stopped"},{"$i":"accessibility-tabReload","$v":"reloading"},{"$i":"accessibility-stateChecked","$v":"checked"},{"$i":"accessibility-stateNotChecked","$v":"not checked"},{"$i":"accessibility-statePressed","$v":"pressed"},{"$i":"accessibility-stateExpanded","$v":"expanded"},{"$i":"accessibility-stateCollapsed","$v":"collapsed"},{"$i":"accessibility-stateUnavailable","$v":"unavailable"},{"$i":"accessibility-stateRequired","$v":"required"},{"$i":"accessibility-stateTraversed","$v":"visited"},{"$i":"accessibility-stateHasPopup","$v":"has pop up"},{"$i":"accessibility-stateSelected","$v":"selected"},{"$i":"accessibility-editingMode","$v":"editing"},{"$i":"accessibility-navigationMode","$v":"navigating"},{"$i":"accessibility-quicknav_Simple","$v":"Default"},{"$i":"accessibility-quicknav_Anchor","$v":"Anchors"},{"$i":"accessibility-quicknav_Button","$v":"Buttons"},{"$i":"accessibility-quicknav_Combobox","$v":"Combo boxes"},{"$i":"accessibility-quicknav_Landmark","$v":"Landmarks"},{"$i":"accessibility-quicknav_Entry","$v":"Entries"},{"$i":"accessibility-quicknav_FormElement","$v":"Form elements"},{"$i":"accessibility-quicknav_Graphic","$v":"Images"},{"$i":"accessibility-quicknav_Heading","$v":"Headings"},{"$i":"accessibility-quicknav_ListItem","$v":"List items"},{"$i":"accessibility-quicknav_Link","$v":"Links"},{"$i":"accessibility-quicknav_List","$v":"Lists"},{"$i":"accessibility-quicknav_PageTab","$v":"Page tabs"},{"$i":"accessibility-quicknav_RadioButton","$v":"Radio buttons"},{"$i":"accessibility-quicknav_Separator","$v":"Separators"},{"$i":"accessibility-quicknav_Table","$v":"Tables"},{"$i":"accessibility-quicknav_Checkbox","$v":"Check boxes"},{"$i":"accessibility-menubarAbbr","$v":"menu bar"},{"$i":"accessibility-scrollbarAbbr","$v":"scroll bar"},{"$i":"accessibility-gripAbbr","$v":"grip"},{"$i":"accessibility-alertAbbr","$v":"alert"},{"$i":"accessibility-menupopupAbbr","$v":"menu popup"},{"$i":"accessibility-documentAbbr","$v":"document"},{"$i":"accessibility-paneAbbr","$v":"pane"},{"$i":"accessibility-dialogAbbr","$v":"dialogue"},{"$i":"accessibility-separatorAbbr","$v":"separator"},{"$i":"accessibility-toolbarAbbr","$v":"toolbar"},{"$i":"accessibility-statusbarAbbr","$v":"status bar"},{"$i":"accessibility-tableAbbr","$v":"tbl"},{"$i":"accessibility-columnheaderAbbr","$v":"column header"},{"$i":"accessibility-rowheaderAbbr","$v":"row header"},{"$i":"accessibility-columnAbbr","$v":"column"},{"$i":"accessibility-rowAbbr","$v":"row"},{"$i":"accessibility-cellAbbr","$v":"cell"},{"$i":"accessibility-linkAbbr","$v":"lnk"},{"$i":"accessibility-listAbbr","$v":"list"},{"$i":"accessibility-listitemAbbr","$v":"list item"},{"$i":"accessibility-outlineAbbr","$v":"outline"},{"$i":"accessibility-outlineitemAbbr","$v":"outline item"},{"$i":"accessibility-pagetabAbbr","$v":"tab"},{"$i":"accessibility-propertypageAbbr","$v":"property page"},{"$i":"accessibility-graphicAbbr","$v":"graphic"},{"$i":"accessibility-pushbuttonAbbr","$v":"btn"},{"$i":"accessibility-checkbuttonAbbr","$v":"check button"},{"$i":"accessibility-radiobuttonAbbr","$v":"radio button"},{"$i":"accessibility-comboboxAbbr","$v":"combo box"},{"$i":"accessibility-progressbarAbbr","$v":"progress bar"},{"$i":"accessibility-sliderAbbr","$v":"slider"},{"$i":"accessibility-spinbuttonAbbr","$v":"spin button"},{"$i":"accessibility-diagramAbbr","$v":"diagram"},{"$i":"accessibility-animationAbbr","$v":"animation"},{"$i":"accessibility-equationAbbr","$v":"equation"},{"$i":"accessibility-buttonmenuAbbr","$v":"button menu"},{"$i":"accessibility-whitespaceAbbr","$v":"white space"},{"$i":"accessibility-pagetablistAbbr","$v":"tab list"},{"$i":"accessibility-canvasAbbr","$v":"canvas"},{"$i":"accessibility-checkmenuitemAbbr","$v":"check menu item"},{"$i":"accessibility-labelAbbr","$v":"label"},{"$i":"accessibility-passwordtextAbbr","$v":"passwdtxt"},{"$i":"accessibility-radiomenuitemAbbr","$v":"radio menu item"},{"$i":"accessibility-textcontainerAbbr","$v":"text container"},{"$i":"accessibility-togglebuttonAbbr","$v":"toggle button"},{"$i":"accessibility-treetableAbbr","$v":"tree table"},{"$i":"accessibility-headerAbbr","$v":"header"},{"$i":"accessibility-footerAbbr","$v":"footer"},{"$i":"accessibility-paragraphAbbr","$v":"paragraph"},{"$i":"accessibility-entryAbbr","$v":"entry"},{"$i":"accessibility-captionAbbr","$v":"caption"},{"$i":"accessibility-headingAbbr","$v":"heading"},{"$i":"accessibility-sectionAbbr","$v":"section"},{"$i":"accessibility-formAbbr","$v":"form"},{"$i":"accessibility-comboboxlistAbbr","$v":"combo box list"},{"$i":"accessibility-comboboxoptionAbbr","$v":"combo box option"},{"$i":"accessibility-imagemapAbbr","$v":"imgmap"},{"$i":"accessibility-listboxoptionAbbr","$v":"option"},{"$i":"accessibility-listboxAbbr","$v":"list box"},{"$i":"accessibility-flatequationAbbr","$v":"flat equation"},{"$i":"accessibility-gridcellAbbr","$v":"gridcell"},{"$i":"accessibility-noteAbbr","$v":"note"},{"$i":"accessibility-figureAbbr","$v":"fig"},{"$i":"accessibility-definitionlistAbbr","$v":"definition list"},{"$i":"accessibility-termAbbr","$v":"term"},{"$i":"accessibility-definitionAbbr","$v":"definition"},{"$i":"accessibility-textareaAbbr","$v":"txtarea"},{"$i":"accessibility-tblColumnInfoAbbr","$v":{"few":[{"t":"idOrVar","v":"count"},"c"],"many":[{"t":"idOrVar","v":"count"},"c"],"one":[{"t":"idOrVar","v":"count"},"c"],"other":[{"t":"idOrVar","v":"count"},"c"],"two":[{"t":"idOrVar","v":"count"},"c"]},"$x":[{"t":"idOrVar","v":"plural"},"count"]},{"$i":"accessibility-tblRowInfoAbbr","$v":{"few":[{"t":"idOrVar","v":"count"},"r"],"many":[{"t":"idOrVar","v":"count"},"r"],"one":[{"t":"idOrVar","v":"count"},"r"],"other":[{"t":"idOrVar","v":"count"},"r"],"two":[{"t":"idOrVar","v":"count"},"r"]},"$x":[{"t":"idOrVar","v":"plural"},"count"]},{"$i":"accessibility-cellInfoAbbr","$v":["c",{"t":"idOrVar","v":"0"},"r",{"t":"idOrVar","v":"1"}]},{"$i":"accessibility-stateCheckedAbbr","$v":"(x)"},{"$i":"accessibility-stateUncheckedAbbr","$v":"( )"},{"$i":"accessibility-statePressedAbbr","$v":"(x)"},{"$i":"accessibility-stateUnpressedAbbr","$v":"( )"},{"$i":"accessibility-pushbutton-hint","$v":"Double tap to activate"},{"$i":"accessibility-checkbutton-hint","$v":"Double tap to activate"},{"$i":"accessibility-combobox-hint","$v":"Double tap to activate"},{"$i":"accessibility-key-hint","$v":"Tap and hold to activate"},{"$i":"accessibility-link-hint","$v":"Double tap to activate"},{"$i":"accessibility-menuitem-hint","$v":"Double tap to activate"},{"$i":"accessibility-option-hint","$v":"Double tap to activate"},{"$i":"accessibility-radiobutton-hint","$v":"Double tap to activate"},{"$i":"accessibility-slider-hint","$v":"Swipe up to increase or down to decrease"},{"$i":"accessibility-spinbutton-hint","$v":"Swipe up to increase or down to decrease"},{"$i":"accessibility-pagetab-hint","$v":"Double tap to activate"},{"$i":"accessibility-entry-hint","$v":"Double tap to activate"},{"$i":"accessibility-outlineitem-hint","$v":"Double tap to activate"},{"$i":"SoftLeft","$v":"Tastă funcțională stânga"},{"$i":"Enter","$v":"Tasta OK"},{"$i":"SoftRight","$v":"Tastă funcțională dreapta"},{"$i":"weekday-0-long","$v":"Duminică"},{"$i":"weekday-1-long","$v":"Luni"},{"$i":"weekday-2-long","$v":"Marți"},{"$i":"weekday-3-long","$v":"Miercuri"},{"$i":"weekday-4-long","$v":"Joi"},{"$i":"weekday-5-long","$v":"Vineri"},{"$i":"weekday-6-long","$v":"Sâmbătă"},{"$i":"weekday-0-short","$v":"Dum"},{"$i":"weekday-1-short","$v":"Lun"},{"$i":"weekday-2-short","$v":"Ma"},{"$i":"weekday-3-short","$v":"Mie"},{"$i":"weekday-4-short","$v":"Joi"},{"$i":"weekday-5-short","$v":"Vi"},{"$i":"weekday-6-short","$v":"Sâm"},{"$i":"month-0-long","$v":"Ianuarie"},{"$i":"month-1-long","$v":"Februarie"},{"$i":"month-2-long","$v":"Martie"},{"$i":"month-3-long","$v":"Aprilie"},{"$i":"month-4-long","$v":"Mai"},{"$i":"month-5-long","$v":"Iunie"},{"$i":"month-6-long","$v":"Iulie"},{"$i":"month-7-long","$v":"August"},{"$i":"month-8-long","$v":"Septembrie"},{"$i":"month-9-long","$v":"Octombrie"},{"$i":"month-10-long","$v":"Noiembrie"},{"$i":"month-11-long","$v":"Decembrie"},{"$i":"month-0-genitive","$v":"Ianuarie"},{"$i":"month-1-genitive","$v":"Februarie"},{"$i":"month-2-genitive","$v":"Martie"},{"$i":"month-3-genitive","$v":"Aprilie"},{"$i":"month-4-genitive","$v":"Mai"},{"$i":"month-5-genitive","$v":"Iunie"},{"$i":"month-6-genitive","$v":"Iulie"},{"$i":"month-7-genitive","$v":"August"},{"$i":"month-8-genitive","$v":"Septembrie"},{"$i":"month-9-genitive","$v":"Octombrie"},{"$i":"month-10-genitive","$v":"Noiembrie"},{"$i":"month-11-genitive","$v":"Decembrie"},{"$i":"month-0-short","$v":"Ian"},{"$i":"month-1-short","$v":"Feb"},{"$i":"month-2-short","$v":"Mar"},{"$i":"month-3-short","$v":"Apr"},{"$i":"month-4-short","$v":"Mai"},{"$i":"month-5-short","$v":"Iun"},{"$i":"month-6-short","$v":"Iul"},{"$i":"month-7-short","$v":"Aug"},{"$i":"month-8-short","$v":"Sep"},{"$i":"month-9-short","$v":"Oct"},{"$i":"month-10-short","$v":"Nov"},{"$i":"month-11-short","$v":"Dec"},{"$i":"minutes-ago-long","$v":{"few":[{"t":"idOrVar","v":"value"}," minute în urmă"],"many":[{"t":"idOrVar","v":"value"}," minute în urmă"],"one":"un minut în urmă","other":[{"t":"idOrVar","v":"value"}," minute în urmă"],"two":[{"t":"idOrVar","v":"value"}," minute în urmă"],"zero":"chiar acum"},"$x":[{"t":"idOrVar","v":"plural"},"value"]},{"$i":"hours-ago-long","$v":{"few":[{"t":"idOrVar","v":"value"}," ore în urmă"],"many":[{"t":"idOrVar","v":"value"}," ore în urmă"],"one":"o oră în urmă","other":[{"t":"idOrVar","v":"value"}," ore în urmă"],"two":[{"t":"idOrVar","v":"value"}," ore în urmă"],"zero":"chiar acum"},"$x":[{"t":"idOrVar","v":"plural"},"value"]},{"$i":"days-ago-long","$v":{"few":[{"t":"idOrVar","v":"value"}," zile în urmă"],"many":[{"t":"idOrVar","v":"value"}," zile în urmă"],"one":"ieri","other":[{"t":"idOrVar","v":"value"}," zile în urmă"],"two":[{"t":"idOrVar","v":"value"}," zile în urmă"],"zero":"azi"},"$x":[{"t":"idOrVar","v":"plural"},"value"]},{"$i":"weeks-ago-long","$v":{"few":[{"t":"idOrVar","v":"value"}," săptămâni în urmă"],"many":[{"t":"idOrVar","v":"value"}," săptămâni în urmă"],"one":"ultima săptămână","other":[{"t":"idOrVar","v":"value"}," săptămâni în urmă"],"two":[{"t":"idOrVar","v":"value"}," săptămâni în urmă"],"zero":"această săptămână"},"$x":[{"t":"idOrVar","v":"plural"},"value"]},{"$i":"months-ago-long","$v":{"few":[{"t":"idOrVar","v":"value"}," luni în urmă"],"many":[{"t":"idOrVar","v":"value"}," luni în urmă"],"one":"ultima lună","other":[{"t":"idOrVar","v":"value"}," luni în urmă"],"two":[{"t":"idOrVar","v":"value"}," luni în urmă"],"zero":"această lună"},"$x":[{"t":"idOrVar","v":"plural"},"value"]},{"$i":"years-ago-long","$v":{"few":[{"t":"idOrVar","v":"value"}," ani în urmă"],"many":[{"t":"idOrVar","v":"value"}," ani în urmă"],"one":"ultimul an","other":[{"t":"idOrVar","v":"value"}," ani în urmă"],"two":[{"t":"idOrVar","v":"value"}," ani în urmă"],"zero":"acest an"},"$x":[{"t":"idOrVar","v":"plural"},"value"]},{"$i":"minutes-until-long","$v":{"few":["în ",{"t":"idOrVar","v":"value"}," minute"],"many":["în ",{"t":"idOrVar","v":"value"}," minute"],"one":"într-un minut","other":["în ",{"t":"idOrVar","v":"value"}," minute"],"two":["în ",{"t":"idOrVar","v":"value"}," minute"],"zero":"acum"},"$x":[{"t":"idOrVar","v":"plural"},"value"]},{"$i":"hours-until-long","$v":{"few":["în ",{"t":"idOrVar","v":"value"}," ore"],"many":["în ",{"t":"idOrVar","v":"value"}," ore"],"one":"într-o oră","other":["în ",{"t":"idOrVar","v":"value"}," ore"],"two":["în ",{"t":"idOrVar","v":"value"}," ore"],"zero":"acum"},"$x":[{"t":"idOrVar","v":"plural"},"value"]},{"$i":"days-until-long","$v":{"few":["în ",{"t":"idOrVar","v":"value"}," zile"],"many":["în ",{"t":"idOrVar","v":"value"}," zile"],"one":"mâine","other":["în ",{"t":"idOrVar","v":"value"}," zile"],"two":["în ",{"t":"idOrVar","v":"value"}," zile"],"zero":"azi"},"$x":[{"t":"idOrVar","v":"plural"},"value"]},{"$i":"weeks-until-long","$v":{"few":["în ",{"t":"idOrVar","v":"value"}," săptămâni"],"many":["în ",{"t":"idOrVar","v":"value"}," săptămâni"],"one":"săptămâna viitoare","other":["în ",{"t":"idOrVar","v":"value"}," săptămâni"],"two":["în ",{"t":"idOrVar","v":"value"}," săptămâni"],"zero":"această săptămână"},"$x":[{"t":"idOrVar","v":"plural"},"value"]},{"$i":"months-until-long","$v":{"few":["în ",{"t":"idOrVar","v":"value"}," luni"],"many":["în ",{"t":"idOrVar","v":"value"}," luni"],"one":"luna viitoare","other":["în ",{"t":"idOrVar","v":"value"}," luni"],"two":["în ",{"t":"idOrVar","v":"value"}," luni"],"zero":"această lună"},"$x":[{"t":"idOrVar","v":"plural"},"value"]},{"$i":"years-until-long","$v":{"few":["în ",{"t":"idOrVar","v":"value"}," ani"],"many":["în ",{"t":"idOrVar","v":"value"}," ani"],"one":"anul viitor","other":["în ",{"t":"idOrVar","v":"value"}," ani"],"two":["în ",{"t":"idOrVar","v":"value"}," ani"],"zero":"acest an"},"$x":[{"t":"idOrVar","v":"plural"},"value"]},{"$i":"minutes-ago-short","$v":{"other":[{"t":"idOrVar","v":"value"},"m în urmă"],"zero":"chiar acum"},"$x":[{"t":"idOrVar","v":"plural"},"value"]},{"$i":"hours-ago-short","$v":{"other":[{"t":"idOrVar","v":"value"},"h în urmă"],"zero":"chiar acum"},"$x":[{"t":"idOrVar","v":"plural"},"value"]},{"$i":"days-ago-short","$v":{"other":[{"t":"idOrVar","v":"value"},"z în urmă"],"zero":"azi"},"$x":[{"t":"idOrVar","v":"plural"},"value"]},{"$i":"minutes-until-short","$v":{"other":["în ",{"t":"idOrVar","v":"value"},"m"],"zero":"acum"},"$x":[{"t":"idOrVar","v":"plural"},"value"]},{"$i":"hours-until-short","$v":{"other":["în ",{"t":"idOrVar","v":"value"},"h"],"zero":"acum"},"$x":[{"t":"idOrVar","v":"plural"},"value"]},{"$i":"days-until-short","$v":{"other":["în ",{"t":"idOrVar","v":"value"},"z"],"zero":"azi"},"$x":[{"t":"idOrVar","v":"plural"},"value"]},{"$i":"incorrectDate","$v":"(dată incorectă)"},{"$i":"dateTimeFormat_%c","$v":"%a %b %e %Y %I:%M:%S %p"},{"$i":"dateTimeFormat_%x","$v":"%m/%d/%Y"},{"$i":"dateTimeFormat_%X","$v":"%I:%M:%S %p"},{"$i":"shortTimeFormat","$v":"%I:%M %p"},{"$i":"shortTimeFormat12","$v":"%I:%M %p"},{"$i":"shortTimeFormat24","$v":"%H:%M"},{"$i":"shortDateTimeFormat","$v":"%x %I:%M %p"},{"$i":"weekStartsOnMonday","$v":"0.0"},{"$i":"firstDayOfTheWeek","$v":"1.0"},{"$i":"time_am","$v":"AM"},{"$i":"time_pm","$v":"PM"},{"$i":"title-app","$v":"Permisiune aplicație"},{"$i":"title-web","$v":"Permisiune site web"},{"$i":"title-cam","$v":"Selectați camera"},{"$i":"perm-alarms","$v":"Planificare alarme"},{"$i":"perm-audio-capture","$v":"Microfon"},{"$i":"perm-audio-capture-appRequest","$v":["Doriți să vă partajați microfonul cu ",{"t":"idOrVar","v":"app"},"?"]},{"$i":"perm-audio-capture-webRequest","$v":["Doriți să vă partajați microfonul cu ",{"t":"idOrVar","v":"site"},"?"]},{"$i":"perm-audio-channel-content","$v":"Redare sunete"},{"$i":"perm-audio-channel-notification","$v":"Redare sunete de notif."},{"$i":"perm-audio-channel-ringer","$v":"Play Ringtone Sounds"},{"$i":"perm-background-sensors","$v":"Acces Date senzor"},{"$i":"perm-bluetooth","$v":"Bluetooth"},{"$i":"perm-browser","$v":"Examinați paginile web"},{"$i":"perm-camera","$v":"Camere"},{"$i":"perm-camera-selector-appRequest","$v":["Selectați o cameră pt ",{"t":"idOrVar","v":"app"},"."]},{"$i":"perm-camera-selector-webRequest","$v":["Selectați o cameră pt ",{"t":"idOrVar","v":"site"},"."]},{"$i":"perm-camera-appRequest","$v":[{"t":"idOrVar","v":"app"}," dorește să vă utilizeze camera."]},{"$i":"perm-camera-webRequest","$v":[{"t":"idOrVar","v":"site"}," dorește să vă utilizeze camera."]},{"$i":"perm-cellbroadcast","$v":"Difuzări celulă"},{"$i":"perm-contacts","$v":"Contacte"},{"$i":"perm-contacts-appRequest","$v":[{"t":"idOrVar","v":"app"}," dorește să vă acceseze lista de contacte."]},{"$i":"perm-contacts-webRequest","$v":[{"t":"idOrVar","v":"site"}," dorește să vă acceseze lista de contacte."]},{"$i":"perm-desktop-notification","$v":"Notificări"},{"$i":"perm-desktop-notification-appRequest","$v":[{"t":"idOrVar","v":"app"}," dorește să afișeze notificări."]},{"$i":"perm-desktop-notification-webRequest","$v":[{"t":"idOrVar","v":"site"}," dorește să afișeze notificări."]},{"$i":"perm-device-storage-apps","$v":"Stocare aplicații"},{"$i":"perm-device-storage-music","$v":"Stocare muzică"},{"$i":"perm-device-storage-music-appRequest","$v":[{"t":"idOrVar","v":"app"}," dorește să vă acceseze muzica."]},{"$i":"perm-device-storage-music-webRequest","$v":[{"t":"idOrVar","v":"site"}," dorește să vă acceseze muzica."]},{"$i":"perm-device-storage-pictures","$v":"Stocare imagini"},{"$i":"perm-device-storage-pictures-appRequest","$v":[{"t":"idOrVar","v":"app"}," dorește să vă acceseze imaginile."]},{"$i":"perm-device-storage-pictures-webRequest","$v":[{"t":"idOrVar","v":"site"}," dorește să vă acceseze imaginile."]},{"$i":"perm-device-storage-sdcard","$v":"Stocare card de memorie"},{"$i":"perm-device-storage-sdcard-appRequest","$v":[{"t":"idOrVar","v":"app"}," dorește să vă acceseze cardul de memorie."]},{"$i":"perm-device-storage-sdcard-webRequest","$v":[{"t":"idOrVar","v":"site"}," dorește să vă acceseze cardul de memorie."]},{"$i":"perm-device-storage-videos","$v":"Memorie video"},{"$i":"perm-device-storage-videos-appRequest","$v":[{"t":"idOrVar","v":"app"}," dorește să vă acceseze videoclipurile."]},{"$i":"perm-device-storage-videos-webRequest","$v":[{"t":"idOrVar","v":"site"}," dorește să vă acceseze videoclipurile."]},{"$i":"perm-fullscreen-appRequest","$v":[{"t":"idOrVar","v":"app"}," este acum pe tot ecranul."]},{"$i":"perm-fullscreen-webRequest","$v":[{"t":"idOrVar","v":"site"}," este acum pe tot ecranul."]},{"$i":"perm-embed-apps","$v":"Aplicații încorporate"},{"$i":"perm-fmradio","$v":"Radio FM"},{"$i":"perm-fmradio-appRequest","$v":[{"t":"idOrVar","v":"app"}," dorește să utilizeze Radio FM."]},{"$i":"perm-fmradio-webRequest","$v":[{"t":"idOrVar","v":"site"}," dorește să utilizeze Radio FM."]},{"$i":"perm-geolocation","$v":"Geolocație"},{"$i":"perm-geolocation-appRequest","$v":[{"t":"idOrVar","v":"app"}," dorește să vă afle locația."]},{"$i":"perm-geolocation-more-info","$v":[{"t":"idOrVar","v":"brandShortName"}," folosește GPS și informații suplimentare, cum ar fi rețele WiFi și mobile pentru a vă aproxima locația. Datele privind locația pot fi utilizate de ",{"t":"idOrVar","v":"brandShortName"}," și de furnizorii de servicii pentru a îmbunătăți precizia și acoperirea bazelor de date cu locații.",{"t":"idOrVar","v":"brandShortName"}," va cere întotdeauna permisiunea atunci când o aplicație trebuie să vă acceseze locația aparatului."]},{"$i":"perm-geolocation-webRequest","$v":[{"t":"idOrVar","v":"site"}," dorește să vă afle locația."]},{"$i":"perm-idle","$v":"A se vedea starea inactivă"},{"$i":"perm-indexedDB-chrome-settings","$v":"BD indexată privilegiată"},{"$i":"perm-indexedDB-unlimited","$v":"Memorie DB indexată nelimitată"},{"$i":"perm-input-manage","$v":"Gestionare tastaturi"},{"$i":"perm-input","$v":"Acționează ca o tastatură"},{"$i":"perm-media-capture","$v":"Cameră și microfon"},{"$i":"perm-media-capture-appRequest","$v":["Doriți să vă partajați camera și microfonul cu ",{"t":"idOrVar","v":"app"},"?"]},{"$i":"perm-media-capture-webRequest","$v":["Doriți să vă partajați camera și microfonul cu ",{"t":"idOrVar","v":"site"},"?"]},{"$i":"perm-mobileconnection","$v":"Conexiune mobilă"},{"$i":"perm-mobileid","$v":"Identitate mobilă"},{"$i":"perm-network-events","$v":"Evenimente rețea"},{"$i":"perm-open-remote-window","$v":"Porniți o aplicație"},{"$i":"perm-permissions","$v":"Modificare permisiuni aplicații"},{"$i":"perm-power","$v":"Setări alimentare"},{"$i":"perm-settings","$v":"Modificare setări"},{"$i":"perm-systemXHR","$v":"Cereri cu origine încrucișată"},{"$i":"perm-telephony","$v":"Telefonie"},{"$i":"perm-video-capture","$v":"Cameră"},{"$i":"perm-video-capture-appRequest","$v":["Doriți să vă partajați camera cu ",{"t":"idOrVar","v":"app"},"?"]},{"$i":"perm-video-capture-webRequest","$v":["Doriți să vă partajați camera cu ",{"t":"idOrVar","v":"site"},"?"]},{"$i":"perm-voicemail","$v":"Verificați căsuța vocală poștală"},{"$i":"perm-webapps-manage","$v":"Instalați aplicații web"},{"$i":"perm-wifi-manage","$v":"Gestionare Wi-Fi"},{"$i":"perm-attention","$v":"Deschideți ferestre popup suprapuse"},{"$i":"perm-audio-channel-alarm","$v":"Redare sunete alarmă"},{"$i":"perm-audio-channel-normal","$v":"Redare sunete"},{"$i":"perm-audio-channel-publicnotification","$v":"Redare sunete de notif. publică"},{"$i":"perm-audio-channel-telephony","$v":"Redare sunete de telefonie"},{"$i":"perm-backgroundservice","$v":"Acționează ca un serviciu de fundal"},{"$i":"perm-device-storage-crashes","$v":"Stocare date cădere"},{"$i":"perm-downloads","$v":"Acces Descărcări"},{"$i":"perm-embed-widgets","$v":"Widgeturi încorporate"},{"$i":"perm-feature-detection","$v":"Detectare funcție"},{"$i":"perm-firefox-accounts","$v":"Conturi Firefox"},{"$i":"perm-mobilenetwork","$v":"Rețea mobilă"},{"$i":"perm-moz-attention","$v":"Deschideți ferestre popup suprapuse (moz)"},{"$i":"perm-moz-audio-channel-ringer","$v":"Play Ringtone Sounds (moz)"},{"$i":"perm-moz-audio-channel-telephony","$v":"Redare sunete de tel. (moz)"},{"$i":"perm-moz-firefox-accounts","$v":"Conturi Firefox (moz)"},{"$i":"perm-networkstats-manage","$v":"Verificați statisticile privind utilizarea"},{"$i":"perm-nfc","$v":"NFC"},{"$i":"perm-nfc-hci-events","$v":"Evenimente NFC HCI"},{"$i":"perm-nfc-manager","$v":"Gestionare NFC"},{"$i":"perm-phonenumberservice","$v":"Serviciu număr de telefon"},{"$i":"perm-push","$v":"Push API"},{"$i":"perm-resourcestats-manage","$v":"Statistici resursă"},{"$i":"perm-sms","$v":"Trimitere și citire SMS"},{"$i":"perm-speaker-control","$v":"Verificați volumul"},{"$i":"perm-storage","$v":"Acces Memorie"},{"$i":"perm-tcp-socket","$v":"Prize TCP"},{"$i":"perm-test-permission","$v":"Test Permission"},{"$i":"perm-time","$v":"Setați data și ora"},{"$i":"perm-udp-socket","$v":"Prize UDP"},{"$i":"perm-wappush","$v":"Trimitere de tip push WAP"},{"$i":"stopped_download_title","$v":"Descărcare întreruptă"},{"$i":"kai-stopped_download_message","$v":"This download was stopped. Would you like to resume downloading?"},{"$i":"stopped_download_left_button","$v":"Anulare"},{"$i":"stopped_download_right_button","$v":"Încercați din nou"},{"$i":"failed_download_title","$v":"Descărcare nereușită"},{"$i":"failed_download_message","$v":[{"t":"idOrVar","v":"name"}," nu s-a descărcat. Încercați să descărcați din nou?"]},{"$i":"failed_download_left_button","$v":"Anulare"},{"$i":"failed_download_right_button","$v":"Încercați din nou"},{"$i":"stop_download_title","$v":"Oprire descărcare"},{"$i":"stop_download_message","$v":"Sunteți sigur că doriți să întrerupeți descărcarea?"},{"$i":"stop_download_left_button","$v":"Anulare"},{"$i":"stop_download_right_button","$v":"Oprire"},{"$i":"delete_download_title","$v":"Ștergere"},{"$i":"delete_download_message","$v":["Ștergeți „",{"t":"idOrVar","v":"name"},"”?"]},{"$i":"delete_download_left_button","$v":"Anulare"},{"$i":"delete_download_right_button","$v":"Ștergere"},{"$i":"delete_all_download_title","$v":"Ștergere"},{"$i":"delete_all_download_left_button","$v":"Anulare"},{"$i":"delete_all_download_right_button","$v":"Ștergere"},{"$i":"delete_all_download_message_ext","$v":"Ștergeți fișierele selectate?"},{"$i":"delete_all_download_message","$v":{"few":["Ștergeți ",{"t":"idOrVar","v":"number"}," fișiere?"],"many":["Ștergeți ",{"t":"idOrVar","v":"number"}," fișiere?"],"one":"Ștergeți un fișier?","other":["Ștergeți ",{"t":"idOrVar","v":"number"}," fișiere?"],"two":["Ștergeți ",{"t":"idOrVar","v":"number"}," fișiere?"],"zero":"Nu ștergeți niciun fișier?"},"$x":[{"t":"idOrVar","v":"plural"},"number"]},{"$i":"unsupported_file_type_download_title","$v":"Imposibil de deschis"},{"$i":"unsupported_file_type_download_message","$v":["Nu există nicio aplicație care să poată deschide ",{"t":"idOrVar","v":"name"},". Doriți să salvați fișierul sau să-l ștergeți?"]},{"$i":"unsupported_file_type_download_left_button","$v":"Păstrați fișierul"},{"$i":"unsupported_file_type_download_right_button","$v":"Ștergere"},{"$i":"file_not_found_download_title","$v":"Fișier negăsit"},{"$i":"file_not_found_download_message","$v":"Fișierul nu a fost găsit pe acest dispozitiv"},{"$i":"file_not_found_download_right_button","$v":"OK"},{"$i":"unmounted_sdcard_2_download_title","$v":"Card de memorie utilizat"},{"$i":"unmounted_sdcard_2_download_message","$v":"Deconectare telefon"},{"$i":"unmounted_sdcard_2_download_right_button","$v":"OK"},{"$i":"no_provider_download_title","$v":"Imposibil de deschis"},{"$i":"no_provider_download_message","$v":"Acest format de fișier nu este valid sau nu este suportat."},{"$i":"no_provider_download_right_button","$v":"OK"},{"$i":"no_memory_download_title","$v":"Cardul SD este plin"},{"$i":"no_memory_download_message","$v":"Nu mai există spațiu pe cardul SD pentru a salva descărcarea. Îndepărtați câteva fișiere înainte de a reporni descărcarea."},{"$i":"no_memory_download_right_button","$v":"OK"},{"$i":"no_sdcard_found_2_download_title","$v":"Niciun card de memorie găsit"},{"$i":"no_sdcard_found_2_download_message","$v":"Introduceți un card de memorie sau selectați o locație media implicită alternativă în setări"},{"$i":"no_sdcard_found_2_download_right_button","$v":"OK"},{"$i":"file_open_error_download_title","$v":"Confirmare"},{"$i":"file_open_error_download_message","$v":"Acest format de fișier este nevalid sau nu este suportat. Doriți să ștergeți fișierul?"},{"$i":"file_open_error_download_left_button","$v":"Păstrați fișierul"},{"$i":"file_open_error_download_right_button","$v":"Ștergere"},{"$i":"restart_download_error","$v":"A apărut o eroare la repornirea descărcării. Încercați să descărcați din nou."},{"$i":"no-downloads","$v":"Nicio descărcare"},{"$i":"percentage","$v":[{"t":"idOrVar","v":"percentage"}," %"]},{"$i":"partialResult","$v":[{"t":"idOrVar","v":"partial"}," / ",{"t":"idOrVar","v":"total"}]},{"$i":"summary","$v":[{"t":"idOrVar","v":"date"}," — ",{"t":"idOrVar","v":"status"}]},{"$i":"download-stopped","$v":"Oprit"},{"$i":"download-failed","$v":"Descărcare nereușită"},{"$i":"open_downloaded_file","$v":"Deschis"},{"$i":"share_downloaded_file","$v":"Partajare"},{"$i":"wallpaper_downloaded_file","$v":"Setați ca imagine de fundal"},{"$i":"ringtone_downloaded_file","$v":"Setați ca sunet de apel"},{"$i":"cancel_downloaded_file","$v":"Anulare"},{"$i":"voicemailNoNumberTitle","$v":"Numărul căsuței poștale vocale nu este disponibil"},{"$i":"voicemailNoNumberText","$v":"Imposibil de apelat căsuța poștală vocală. Configurați numărul căsuței poștale vocale pentru a efectua apelul."},{"$i":"voicemailNoNumberSettings","$v":"Setări"},{"$i":"voicemailNoNumberCancel","$v":"Anulare"},{"$i":"airplaneMode","$v":"Mod avion"},{"$i":"noNetwork","$v":"Nicio rețea"},{"$i":"roaming","$v":[{"t":"idOrVar","v":"operator"}," (Roaming)"]},{"$i":"operator-info","$v":[{"t":"idOrVar","v":"carrier"}," ",{"t":"idOrVar","v":"region"}]},{"$i":"emergencyCallsOnly","$v":"Numai apeluri de urgență"},{"$i":"emergencyCallsOnly-unknownSIMState","$v":"(stare SIM necunoscută)"},{"$i":"emergencyCallsOnly-noSIM","$v":"(SIM inexistent)"},{"$i":"emergencyCallsOnly-pinRequired","$v":"(PIN SIM necesar)"},{"$i":"emergencyCallsOnly-pukRequired","$v":"(PUK SIM necesar)"},{"$i":"emergencyCallsOnly-networkLocked","$v":"(rețea blocată)"},{"$i":"emergencyCallsOnly-serviceProviderLocked","$v":"(furnizor servicii blocat)"},{"$i":"emergencyCallsOnly-corporateLocked","$v":"(blocat la nivel corporativ)"},{"$i":"emergencyCallsOnly-network1Locked","$v":"(rețea1 blocată)"},{"$i":"emergencyCallsOnly-network2Locked","$v":"(rețea2 blocată)"},{"$i":"emergencyCallsOnly-hrpdNetworkLocked","$v":"(rețea hrpd blocată)"},{"$i":"emergencyCallsOnly-ruimCorporateLocked","$v":"(blocat la nivel corporativ ruim)"},{"$i":"emergencyCallsOnly-ruimServiceProviderLocked","$v":"(furnizor servicii ruim blocat)"},{"$i":"lockscreen-sim-id","$v":["SIM ",{"t":"idOrVar","v":"n"}]},{"$i":"charging-no-time","$v":[{"t":"idOrVar","v":"level"},"% Tarifat"]},{"$i":"charging-minutes","$v":{"few":[{"t":"idOrVar","v":"level"},"% Tarifat (",{"t":"idOrVar","v":"minutes"}," min. până la tarifare completă)"],"many":[{"t":"idOrVar","v":"level"},"% Tarifat (",{"t":"idOrVar","v":"minutes"}," min. până la tarifare completă)"],"one":[{"t":"idOrVar","v":"level"},"% Tarifat (",{"t":"idOrVar","v":"minutes"}," min. până la tarifare completă)"],"other":[{"t":"idOrVar","v":"level"},"% Tarifat (",{"t":"idOrVar","v":"minutes"}," min. până la tarifare completă)"],"two":[{"t":"idOrVar","v":"level"},"% Tarifat (",{"t":"idOrVar","v":"minutes"}," min. până la tarifare completă)"],"zero":[{"t":"idOrVar","v":"level"},"% Tarifat (",{"t":"idOrVar","v":"minutes"}," min. până la tarifare completă)"]},"$x":[{"t":"idOrVar","v":"plural"},"minutes"]},{"$i":"charging-hours","$v":{"few":[{"t":"idOrVar","v":"level"},"% Tarifat (",{"t":"idOrVar","v":"hours"},"h ",{"t":"idOrVar","v":"minutes"}," min. până la tarifare completă)"],"many":[{"t":"idOrVar","v":"level"},"% Tarifat (",{"t":"idOrVar","v":"hours"},"h ",{"t":"idOrVar","v":"minutes"}," min. până la tarifare completă)"],"one":[{"t":"idOrVar","v":"level"},"% Tarifat (",{"t":"idOrVar","v":"hours"},"h ",{"t":"idOrVar","v":"minutes"}," min. până la tarifare completă)"],"other":[{"t":"idOrVar","v":"level"},"% Tarifat (",{"t":"idOrVar","v":"hours"},"h ",{"t":"idOrVar","v":"minutes"}," min. până la tarifare completă)"],"two":[{"t":"idOrVar","v":"level"},"% Tarifat (",{"t":"idOrVar","v":"hours"},"h ",{"t":"idOrVar","v":"minutes"}," min. până la tarifare completă)"],"zero":[{"t":"idOrVar","v":"level"},"% Tarifat (",{"t":"idOrVar","v":"hours"},"h ",{"t":"idOrVar","v":"minutes"}," min. până la tarifare completă)"]},"$x":[{"t":"idOrVar","v":"plural"},"minutes"]}]