[{"$i":"ok","$v":"OK"},{"$i":"back","$v":"Tilbake"},{"$i":"help","$v":"Hjelp"},{"$i":"cancel","$v":"Avbryt"},{"$i":"close","$v":"Lukk"},{"$i":"skip","$v":"Hopp over"},{"$i":"enable","$v":"Aktiver"},{"$i":"turnOn","$v":"Slå på"},{"$i":"save","$v":"Lagre"},{"$i":"select","$v":"Velg"},{"$i":"deselect","$v":"Velg bort"},{"$i":"go","$v":"Start"},{"$i":"search","$v":"Søk"},{"$i":"options","$v":"Valg"},{"$i":"exit","$v":"Avslutt"},{"$i":"signIn","$v":"Logg på"},{"$i":"dismiss","$v":"Avvis"},{"$i":"dismiss-all","$v":"Avvis alle"},{"$i":"undo","ariaLabel":"Angre"},{"$i":"lockscreenEnterLockCode","$v":"Angi 4-sifret kode"},{"$i":"lockscreenCheckLockCode","$v":"Ugyldig kode. Prøv igjen."},{"$i":"lockscreenDeviceLocked","$v":"Enheten er låst, prøv på nytt etter 30 sekunder."},{"$i":"pocketmodeLongPress","$v":"Skyv eller trykk"},{"$i":"pocketmodeToUnlock","$v":"for å låse opp"},{"$i":"enterPIN","$v":"Skriv inn sekssifret kode for å låse opp"},{"$i":"mediaPlaybackTrack","$v":"Sportittel og -artist"},{"$i":"mediaPlaybackControls","$v":"Avspillingskontroller"},{"$i":"mediaPlaybackPrevious","$v":"Forrige"},{"$i":"mediaPlaybackPlay","$v":"Spill"},{"$i":"mediaPlaybackPause","$v":"Pause"},{"$i":"mediaPlaybackNext","$v":"Neste"},{"$i":"UnknownTrack","$v":"Ukjent spor"},{"$i":"wifiButton-on","$v":"Wi-Fi på"},{"$i":"wifiButton-on-initializing","$v":"Wi-Fi på, starter"},{"$i":"wifiButton-off","$v":"Wi-Fi av"},{"$i":"dataButton-on","$v":["Data ",{"t":"idOrVar","v":"type"}," på"]},{"$i":"dataButton-off","$v":["Data ",{"t":"idOrVar","v":"type"}," av"]},{"$i":"bluetoothButton-on","$v":"Bluetooth på"},{"$i":"bluetoothButton-on-initializing","$v":"Bluetooth på, starter"},{"$i":"bluetoothButton-off","$v":"Bluetooth av"},{"$i":"airplaneMode-on","$v":"Flymodus på"},{"$i":"airplaneMode-off","$v":"Flymodus av"},{"$i":"airplaneOff","$v":"Slå på flymodus"},{"$i":"settingsButton","ariaLabel":"Innstillinger"},{"$i":"simLabel","$v":["SIM ",{"t":"idOrVar","v":"id"}]},{"$i":"statusbarLabel","$v":[{"t":"idOrVar","v":"date"},", ",{"t":"idOrVar","v":"operator"}]},{"$i":"statusbarDateFormat","$v":"%b %e"},{"$i":"statusbar","ariaLabel":"Statuslinje"},{"$i":"statusbarBattery","ariaLabel":["Batteri ",{"t":"idOrVar","v":"level"}," prosent"]},{"$i":"statusbarBatteryCharging","ariaLabel":["Batteri ",{"t":"idOrVar","v":"level"}," prosent, lader"]},{"$i":"statusbarFlightMode","ariaLabel":"Flymodus på"},{"$i":"statusbarWiFiConnecting","$v":"Wi-Fi: kobler til"},{"$i":"statusbarWiFiConnected","$v":["Wi-Fi: ",{"t":"idOrVar","v":"level"}," av 4 linjer"]},{"$i":"statusbarSignal","$v":[{"t":"idOrVar","v":"operator"}," nettverk, ",{"t":"idOrVar","v":"level"}," av 5 linjer"]},{"$i":"statusbarSignalRoaming","$v":[{"t":"idOrVar","v":"operator"}," nettverk (roaming), ",{"t":"idOrVar","v":"level"}," av 5 linjer"]},{"$i":"statusbarSignalNoneSearching","$v":"Søker … Bare nødsamtaler"},{"$i":"statusbarHeadphones","ariaLabel":"Hodesett på"},{"$i":"statusbarBluetoothHeadphones","ariaLabel":"Bluetooth-hodesett på"},{"$i":"statusbarBluetoothTransferring","ariaLabel":"Bluetooth-overføring aktiv"},{"$i":"statusbarIconOn-tethering","$v":"Tilknytting på"},{"$i":"statusbarIconOnActive-tethering","$v":"Tilknytting på, aktiv"},{"$i":"statusbarAlarm","ariaLabel":"Alarm på"},{"$i":"statusbarIME","ariaLabel":"IME på"},{"$i":"statusbarIconOn-bluetooth","$v":"Bluetooth på"},{"$i":"statusbarIconOnActive-bluetooth","$v":"Bluetooth på, aktiv"},{"$i":"statusbarIconOn-mute","$v":"Demp på"},{"$i":"statusbarIconOn-vibration","$v":"Vibrering på"},{"$i":"statusbarRecording","ariaLabel":"Innspilling på"},{"$i":"statusbarGeolocation","ariaLabel":"Geolokasjon på"},{"$i":"statusbarUsb","ariaLabel":"USB på"},{"$i":"statusbarForwarding","$v":"Viderekobling på"},{"$i":"statusbarPlaying","ariaLabel":"Medie spiller"},{"$i":"statusbarNfc","ariaLabel":"NFC på"},{"$i":"statusbarDownloads","ariaLabel":"Laster ned…"},{"$i":"statusbarNetworkActivity","ariaLabel":"Nettverk på"},{"$i":"statusbarEmergencyCBNotification","ariaLabel":"Nødstilbakeoppringing"},{"$i":"statusbarNotifications","$v":{"few":[{"t":"idOrVar","v":"n"}," merknader"],"many":[{"t":"idOrVar","v":"n"}," merknader"],"one":[{"t":"idOrVar","v":"n"}," merknad"],"other":[{"t":"idOrVar","v":"n"}," merknader"],"two":[{"t":"idOrVar","v":"n"}," merknader"]},"$x":[{"t":"idOrVar","v":"plural"},"n"]},{"$i":"statusbarNotifications-unread","ariaLabel":{"$x":[{"t":"idOrVar","v":"plural"},"n"],"$v":{"few":[{"t":"idOrVar","v":"n"}," uleste varsler"],"many":[{"t":"idOrVar","v":"n"}," uleste varsler"],"one":[{"t":"idOrVar","v":"n"}," ulest varsel"],"other":[{"t":"idOrVar","v":"n"}," uleste varsler"],"two":[{"t":"idOrVar","v":"n"}," uleste varsler"]}}},{"$i":"clear","$v":"Fjern"},{"$i":"clear-all","$v":"Fjern alt"},{"$i":"notification-title","$v":{"few":[{"t":"idOrVar","v":"n"}," merknader"],"many":[{"t":"idOrVar","v":"n"}," merknader"],"one":[{"t":"idOrVar","v":"n"}," merknad"],"other":[{"t":"idOrVar","v":"n"}," merknader"],"two":[{"t":"idOrVar","v":"n"}," merknader"],"zero":[{"t":"idOrVar","v":"n"}," merknader"]},"$x":[{"t":"idOrVar","v":"plural"},"n"]},{"$i":"notification-dialog-no-notices","$v":"Ingen merknader"},{"$i":"notification-title-new","$v":{"few":[{"t":"idOrVar","v":"n"}," merknader"],"many":[{"t":"idOrVar","v":"n"}," merknader"],"other":[{"t":"idOrVar","v":"n"}," merknad"],"two":[{"t":"idOrVar","v":"n"}," merknader"],"one":[{"t":"idOrVar","v":"n"}," merknad"],"zero":[{"t":"idOrVar","v":"n"}," merknad"]},"$x":[{"t":"idOrVar","v":"plural"},"n"]},{"$i":"notification-dialog-no-notices-new","$v":"Ingen merknad"},{"$i":"attentionScreen-tapToShow","$v":"Trykk for å vise"},{"$i":"camera","$v":"Kamera"},{"$i":"kai-dflt-value-level","$v":"Angi verdinivå"},{"$i":"kai-dflt-range-value-name","$v":"Nivå"},{"$i":"newVoicemails","$v":{"few":[{"t":"idOrVar","v":"n"}," nye talemeldinger"],"many":[{"t":"idOrVar","v":"n"}," nye talemeldinger"],"one":"Én ny talebeskjed","other":[{"t":"idOrVar","v":"n"}," nye talemeldinger"],"two":[{"t":"idOrVar","v":"n"}," nye talemeldinger"],"zero":"Ingen ny talepost"},"$x":[{"t":"idOrVar","v":"plural"},"n"]},{"$i":"newVoicemailsUnknown","$v":"Ny talemelding"},{"$i":"dialNumber","$v":["Ring ",{"t":"idOrVar","v":"number"}]},{"$i":"voicemailNotificationMultiSim","$v":["(SIM ",{"t":"idOrVar","v":"n"},") ",{"t":"idOrVar","v":"title"}]},{"$i":"euRoamingNotificationTitle","$v":"EU-Internett oppdaget"},{"$i":"euRoamingNotificationMsg","$v":"Trykk for å endre."},{"$i":"restart","$v":"Gjenta"},{"$i":"power","$v":"Slå av"},{"$i":"lock","$v":"Lås"},{"$i":"cleanup","$v":"Rydd opp minne"},{"$i":"no-recent-app-windows","$v":"Dine nylige appvinduer vises her"},{"$i":"no-recent-browser-windows","$v":"Dine nylige nettleservinduer vises her"},{"$i":"closeCard","ariaLabel":"Lukk"},{"$i":"openCard","ariaLabel":"Åpne"},{"$i":"yes","$v":"Ja"},{"$i":"no","$v":"Nei"},{"$i":"dontallow","$v":"Ikke tillat"},{"$i":"allow","$v":"Tillat"},{"$i":"dontshare-geolocation","$v":"Ikke del"},{"$i":"share-geolocation","$v":"Del"},{"$i":"dontshare-audio-capture","$v":"Ikke del"},{"$i":"share-audio-capture","$v":"Del"},{"$i":"dontshare-video-capture","$v":"Ikke del"},{"$i":"share-video-capture","$v":"Del"},{"$i":"dontshare-media-capture","$v":"Ikke del"},{"$i":"share-media-capture","$v":"Del"},{"$i":"device-front","$v":"Fremre kamera"},{"$i":"device-back","$v":"Bakre kamera"},{"$i":"front-camera","$v":"Forsidekamera"},{"$i":"back-camera","$v":"Baksidekamera"},{"$i":"more-info","$v":"Mer informasjon …"},{"$i":"hide-info","$v":"Skjul informasjon"},{"$i":"install-app","$v":["Installere ",{"t":"idOrVar","v":"name"},"?"]},{"$i":"size","$v":"Størrelse"},{"$i":"author","$v":"Forfatter"},{"$i":"size-unknown","$v":"Ukjent"},{"$i":"author-unknown","$v":"Ukjent"},{"$i":"install","$v":"Installer"},{"$i":"bytes","$v":"bytes"},{"$i":"kB","$v":"KB"},{"$i":"MB","$v":"MB"},{"$i":"GB","$v":"GB"},{"$i":"TB","$v":"TB"},{"$i":"PB","$v":"PB"},{"$i":"app-install-generic-error","$v":[{"t":"idOrVar","v":"appName"}," nedlasting stoppet"]},{"$i":"app-install-download-failed","$v":[{"t":"idOrVar","v":"appName"}," nedlasting mislyktes"]},{"$i":"app-install-install-failed","$v":[{"t":"idOrVar","v":"appName"}," installasjon mislyktes"]},{"$i":"cancelling-will-not-refund","$v":"Avbrudd vil ikke tilbakebetale et kjøp. Tilbakebetalinger utføres av opprinnelig selger."},{"$i":"apps-can-be-installed-later","$v":"Apper kan installeres senere fra den opprinnelig installasjonskilden."},{"$i":"are-you-sure-you-want-to-cancel","$v":"Er du sikker på at du vil avbryte denne installasjonen?"},{"$i":"cancel-install","$v":"Avbryt inst."},{"$i":"cancel-install-button","$v":"Avbryt inst."},{"$i":"resume","$v":"Fortsett"},{"$i":"continue","$v":"Fortsett"},{"$i":"stopDownloading","$v":["Stopp nedlasting av ",{"t":"idOrVar","v":"app"},"?"]},{"$i":"app-download-can-be-restarted","$v":"Nedlastingen kan startes på nytt senere."},{"$i":"app-download-stop-button","$v":"Stopp nedlasting"},{"$i":"not-enough-space","$v":"Ikke nok plass"},{"$i":"not-enough-space-message","$v":"Det finnes ikke tilstrekkelig plass til å installere denne appen. Frigjør plass ved å slette gamle apper eller medier og prøv installasjonen på nytt fra den opprinnelige kilden."},{"$i":"app-install-success","$v":[{"t":"idOrVar","v":"appName"}," installert"]},{"$i":"app-install-update","$v":[{"t":"idOrVar","v":"appName"}," oppdatert"]},{"$i":"langpack-install-success2","$v":[{"t":"idOrVar","v":"appName"}," installert. For å aktivere det går du til Innstillinger > Språk."]},{"$i":"setup","$v":"Oppsett"},{"$i":"ime-addkeyboards","$v":"Legg til tastatur"},{"$i":"ime-lowercase","$v":"Små bokstaver"},{"$i":"ime-uppercase","$v":"Store bokstaver"},{"$i":"ime-number","$v":"Nummer"},{"$i":"ime-capitalize","$v":"Store bokstaver"},{"$i":"ime-t9","$v":"T9"},{"$i":"ime-r9","$v":"R9"},{"$i":"ime-predictive","$v":"Prediktiv"},{"$i":"ime-insert-word","$v":"Sett inn ord"},{"$i":"ime-voice-input-messsage","$v":"Trykk lenge på OK for å snakke i tekstfelt."},{"$i":"later","$v":"Senere"},{"$i":"download","$v":"Last ned"},{"$i":"wantToDownload","$v":"Laste ned oppdatering nå?"},{"$i":"wantToInstallNow","$v":"Vil du laste ned oppdateringen nå? Du vil ikke kunne bruke telefonen i noen minutter."},{"$i":"installNow","$v":"Installer nå"},{"$i":"notNow","$v":"Ikke nå"},{"$i":"downloadingUpdateMessage","innerHTML":{"$o":["Laster ned oppdateringer… <span>",{"t":"idOrVar","v":"progress"}," nedlastet.</span>"]}},{"$i":"downloadingAppMessage","$v":["Laster ned ",{"t":"idOrVar","v":"appName"}]},{"$i":"downloadingAppProgressNoMax","$v":[{"t":"idOrVar","v":"progress"}," nedlastet"]},{"$i":"downloadingAppProgressIndeterminate","$v":"Laster ned"},{"$i":"downloadingAppProgress","$v":[{"t":"idOrVar","v":"progress"}," / ",{"t":"idOrVar","v":"max"}," nedlastet"]},{"$i":"cancelAllDownloads","$v":"Avbryt alle nedl."},{"$i":"wantToCancelAll","$v":"Er du sikker på at du vil avbryte nedlastinger?"},{"$i":"downloadError","$v":"Det oppstod en feil ved nedlastingen av oppdateringene."},{"$i":"updateAvailableInfo","innerHTML":{"$x":[{"t":"idOrVar","v":"plural"},"n"],"$v":{"few":{"$o":[{"t":"idOrVar","v":"n"}," oppdateringer tilgjengelige. <span>Trykk for mer informasjon.</span>"]},"many":{"$o":[{"t":"idOrVar","v":"n"}," oppdateringer tilgjengelige. <span>Trykk for mer informasjon.</span>"]},"one":{"$o":[{"t":"idOrVar","v":"n"}," oppdatering tilgjengelig. <span>Trykk for mer informasjon.</span>"]},"other":{"$o":[{"t":"idOrVar","v":"n"}," oppdateringer tilgjengelige. <span>Trykk for mer informasjon.</span>"]},"two":{"$o":[{"t":"idOrVar","v":"n"}," oppdateringer tilgjengelige. <span>Trykk for mer informasjon.</span>"]}}}},{"$i":"numberOfUpdates","$v":{"few":[{"t":"idOrVar","v":"n"}," varsler"],"many":[{"t":"idOrVar","v":"n"}," varsler"],"one":[{"t":"idOrVar","v":"n"}," varsel"],"other":[{"t":"idOrVar","v":"n"}," varsler"],"two":[{"t":"idOrVar","v":"n"}," varsler"]},"$x":[{"t":"idOrVar","v":"plural"},"n"]},{"$i":"systemUpdate","$v":"Systemoppdatering"},{"$i":"systemUpdateReady","$v":"Systemoppdatering klar"},{"$i":"updates","$v":"Oppdateringer"},{"$i":"systemUpdateLowBatteryThreshold","$v":["Du trenger minst ",{"t":"idOrVar","v":"threshold"}," % i batterinivå for å installere oppdateringen."]},{"$i":"required","$v":"Obligatorisk"},{"$i":"uncompressingMessage","innerHTML":{"$o":"Opphever komprimering … <span>Dette kan ta noen minutter.</span>"}},{"$i":"downloadWifiPrioritizedUsing2G","$v":"Oppdateringer lastes ned over datatilkoblingen når Wi-Fi ikke er tilgjengelig. Når du bruker datatilkobling kan telefonsamtaler blir blokkert og tilleggskostnader kan også påløpe."},{"$i":"downloadWifiPrioritized3","$v":"Oppdateringer lastes ned over datatilkoblingen når Wi-Fi ikke er tilgjengelig. Når du bruker datatilkobling kan tilleggskostnader påløpe."},{"$i":"downloadNoWifiWarning","$v":"Wi-Fi er utilgjengelig. Oppdatering på din nåværende tilkobling kan påløpe kostnader."},{"$i":"downloadOfflineWarning2","$v":"Koble til et nettverk for å laste ned oppdateringer."},{"$i":"downloadUpdatesViaDataConnection","$v":"Laste ned oppdateringer over datatilkobling?"},{"$i":"downloadUpdatesVia2GForbidden3","$v":"Nedlasting av oppdateringer er ikke mulig over trege forbindelser (2G). Last ned over Wi-Fi eller 3G (hvis tilgjengelig) og prøv igjen."},{"$i":"downloadUpdatesViaDataConnectionMessage3","$v":"Når du bruker en datatilkobling, kan tilleggskostnader påløpe. Vil du fortsette?"},{"$i":"downloadUpdatesViaDataRoamingConnection","$v":"Laste ned oppdateringer over dataroaming?"},{"$i":"downloadUpdatesViaDataRoamingConnectionMessage","$v":"Du roamer for øyeblikket og tilleggskostnader kan påløpe. Vil du fortsette?"},{"$i":"screenshotSaved","$v":"Skjermbilde lagret i galleri"},{"$i":"screenshotFailed","$v":"Skjermbildet kunne ikke lagres"},{"$i":"screenshotNoSDCard","$v":"Ingen minnekort funnet"},{"$i":"screenshotSDCardInUse","$v":"Minnekort er i bruk"},{"$i":"screenshotSDCardLow","$v":"Ikke nok plass på minnekortet"},{"$i":"emergency-call-button","$v":"Nødanrop"},{"$i":"emergency-call","$v":"Nødanrop"},{"$i":"unlock-a11y-button","ariaLabel":"Lås opp"},{"$i":"camera-a11y-button","ariaLabel":"Kamera"},{"$i":"longDateFormat","$v":"%A, %B %e"},{"$i":"clockDateFormat","$v":"%a, %e %b"},{"$i":"panel-passcode","ariaLabel":"Passordpanel"},{"$i":"open-notification","$v":"åpen"},{"$i":"unlock","$v":"Lås opp"},{"$i":"login","$v":"Logg på"},{"$i":"sign-in-to-website","$v":"Logg deg på nettstedet"},{"$i":"username","$v":"Brukernavn"},{"$i":"password","$v":"Passord"},{"$i":"show-password","$v":"Vis passord"},{"$i":"http-authentication-message2","$v":["Nettstedet ",{"t":"idOrVar","v":"host"}," krever at du logger deg på."]},{"$i":"error-message","$v":[{"t":"idOrVar","v":"name"}," laster ikke riktig"]},{"$i":"error-title","$v":[{"t":"idOrVar","v":"name"}," har problemer"]},{"$i":"unable-to-connect","$v":"Kan ikke koble til"},{"$i":"tap-to-check-settings","$v":"Trykk for å kontrollere innst."},{"$i":"set","$v":"Angi"},{"$i":"delete-title","$v":["Slett ",{"t":"idOrVar","v":"name"}]},{"$i":"delete-body","$v":[{"t":"idOrVar","v":"name"}," og alle dens data blir slettet."]},{"$i":"delete","$v":"Avinstaller"},{"$i":"delete-desc","$v":"Er du sikker på at du vil avinstallere den?"},{"$i":"unrecoverable-error-title","$v":"Fjern program"},{"$i":"unrecoverable-error-body","$v":"Kan ikke installere programmet på grunn av en uopprettelig feil. Prøv å laste ned på nytt. Programmet blir fjernet."},{"$i":"unrecoverable-error-action","$v":"OK"},{"$i":"instant-settings","$v":"øyeblikkelige innstillinger"},{"$i":"settings","$v":"Innstillinger"},{"$i":"flashlight","$v":"Lommelykt"},{"$i":"brightness","$v":"Lysstyrke"},{"$i":"volume","$v":"Volum"},{"$i":"calculator","$v":"Kalkulator"},{"$i":"airplane-mode","$v":"Flymodus"},{"$i":"wifi","$v":"Wi-Fi"},{"$i":"bluetooth","$v":"Bluetooth"},{"$i":"cellular-data","$v":"Mobildata"},{"$i":"on","$v":"På"},{"$i":"off","$v":"Av"},{"$i":"percentage-number","$v":[{"t":"idOrVar","v":"number"}," %"]},{"$i":"select-time","$v":"Velg tid"},{"$i":"select-date","$v":"Velg dato"},{"$i":"battery-almost-empty-plug-in-your-charger","$v":"Batteriet er lavt. Koble til laderen."},{"$i":"battery-temperature-warning-header","$v":"Advarsel"},{"$i":"battery-temperature-high","$v":"Temperatur for høy. Telefonen slår seg av hvis temperaturen fortsetter å stige."},{"$i":"battery-temperature-high-stop-charging","$v":"Temperatur for høy. Batteriet lader ikke. Telefonen slår seg av hvis temperaturen fortsetter å stige."},{"$i":"battery-temperature-low","$v":"Temperatur for lav. Telefonen slår seg av hvis temperaturen fortsetter å synke."},{"$i":"battery-temperature-low-stop-charging","$v":"Temperatur for lav. Batteriet lader ikke. Telefonen slår seg av hvis temperaturen fortsetter å synke."},{"$i":"crash-dialog2-os","$v":[{"t":"idOrVar","v":"brandShortName"}," kom nettopp tilbake fra et krasj"]},{"$i":"crash-dialog-app","$v":[{"t":"idOrVar","v":"name"}," krasjet nettopp"]},{"$i":"crash-dialog-app-noname","$v":"Noe"},{"$i":"crash-dialog-message","$v":"Vil du sende KaiOS en rapport om krasjet for å hjelpe oss med å løse problemet? (Rapporter sendes bare over Wi-Fi.)"},{"$i":"crash-info-link","$v":"Hva er i en krasjrapport?"},{"$i":"crash-always-report","$v":"Alltid send en rapport til KaiOS når det oppstår et krasj."},{"$i":"crash-dont-send","$v":"Ikke send"},{"$i":"crash-end","$v":"Send rapport"},{"$i":"crashReports","$v":"Krasjrapporter"},{"$i":"done","$v":"Fullført"},{"$i":"crash-reports-description-1","$v":"En krasjrapport inneholder noen detaljer om krasjet og enheten din, i tillegg til et øyeblikksbilde av statusen til enheten da den krasjet."},{"$i":"crash-reports-description-2","$v":"Dette kan inkludere ting som åpne pakker og apper, tekst som er skrevet inn i skjemaer og innholdet til åpne meldinger, nylig nettleserhistorikk eller geolokering brukt av en åpen app."},{"$i":"crash-reports-description-3-start","$v":"Vi bruker krasjrapporter for å forsøke å løse problemer og forbedre produktene våre. Vi behandler informasjonen din som beskrevet i vår "},{"$i":"crash-reports-description-3-privacy","$v":"Personvernerklæring"},{"$i":"crash-reports-description-3-end","$v":"."},{"$i":"crash-banner-os2","$v":[{"t":"idOrVar","v":"brandShortName"}," krasjet nettopp."]},{"$i":"crash-banner-app","$v":[{"t":"idOrVar","v":"name"}," krasjet nettopp."]},{"$i":"crash-banner-report","$v":"Rapport"},{"$i":"bluetooth-sending-progress","$v":"Sende fil via Bluetooth"},{"$i":"bluetooth-receiving-progress","$v":"Mottar fil via Bluetooth"},{"$i":"acceptFileTransfer","$v":"Overføringsforespørsel"},{"$i":"requestToReceive","$v":[{"t":"idOrVar","v":"deviceName"}," vil overføre file(er). Vil du godta?"]},{"$i":"wantToReceiveFile","$v":[{"t":"idOrVar","v":"deviceName"}," vil overføre ",{"t":"idOrVar","v":"fileName"}," (",{"t":"idOrVar","v":"fileSize"},")."]},{"$i":"transfer-confirmation-title","$v":[{"t":"idOrVar","v":"deviceName"}]},{"$i":"transfer-confirmation-description","$v":"Gjennomgå overføringsforesp."},{"$i":"byteUnit-B","$v":"B"},{"$i":"byteUnit-KB","$v":"KB"},{"$i":"byteUnit-MB","$v":"MB"},{"$i":"byteUnit-GB","$v":"GB"},{"$i":"byteUnit-TB","$v":"TB"},{"$i":"byteUnit-PB","$v":"PB"},{"$i":"byteUnit-EB","$v":"EB"},{"$i":"byteUnit-ZB","$v":"ZB"},{"$i":"byteUnit-YB","$v":"YB"},{"$i":"fileSize","$v":[{"t":"idOrVar","v":"size"}," ",{"t":"idOrVar","v":"unit"}]},{"$i":"deny","$v":"Nekt"},{"$i":"transfer","$v":"Overfør"},{"$i":"accept","$v":"Godta"},{"$i":"stop","$v":"Stopp"},{"$i":"cancelFileTransfer","$v":"Avbryt Bluetooth-filoverf.?"},{"$i":"continueFileTransfer","$v":"Fortsett"},{"$i":"transfer-has-started-title","$v":"Filoverføring er klar til å starte"},{"$i":"transfer-has-started-description","$v":"Venter på bekreftelse"},{"$i":"transfer-has-started-toast","$v":"Filoverføring startet. Sjekk fremgangen i meldinger"},{"$i":"transferFinished-sentSuccessful-title","$v":"Fil sendt"},{"$i":"transferFinished-receivedSuccessful-title","$v":"Fil mottatt"},{"$i":"transferFinished-failed-title","$v":"Feil ved filoverføring"},{"$i":"transferFinished-try-again-description","$v":"Kan ikke sende filen akkurat nå. Prøv igjen senere."},{"$i":"transferReport-title","$v":"Overføringsrapport:"},{"$i":"transferReport-description","$v":[{"t":"idOrVar","v":"numSuccessful"}," filer vellykkede, ",{"t":"idOrVar","v":"numUnsuccessful"}," filer mislykkede"]},{"$i":"unknown-file","$v":"Ukjent fil"},{"$i":"unknown-device","$v":"Ukjent enhet"},{"$i":"cannotOpenFile","$v":"Kan ikke åpne mottatt fil"},{"$i":"unknownMediaTypeToOpenFile","$v":["Kan ikke åpne ukjent medietype: ",{"t":"idOrVar","v":"fileName"}]},{"$i":"cannotReceiveFile","$v":"Kan ikke hente fil"},{"$i":"cannotGetStorageState","$v":"Kan ikke hente enhetens lagringsstatus."},{"$i":"sdcard-not-exist2","$v":"Ingen minnekort funnet. Sett inn et minnekort."},{"$i":"sdcard-in-use","$v":"Bluetooth kan ikke brukes når telefonen er plugget inn. Frakoble telefonen for å motta filen(e)."},{"$i":"sdcard-no-space2","$v":"Kan ikke fullføre overføring: minnekortet er fullt."},{"$i":"unknown-error","$v":"Ukjent feil"},{"$i":"confirm","$v":"Bekreft"},{"$i":"stopTransferTitle","$v":"Stopp filoverføring"},{"$i":"stopTransferContent","$v":"Vil du stoppe filoverføring via Bluetooth?"},{"$i":"storage","$v":"Lagring"},{"$i":"sdcard-detected-title","$v":"SD-kort oppdaget"},{"$i":"no-sdcard-title","$v":"Ingen SD-kort"},{"$i":"sdcard-total-size-body","$v":["Total: ",{"t":"idOrVar","v":"size"}," ",{"t":"idOrVar","v":"unit"}]},{"$i":"sdcard-unknown-size-then-tap-to-format-body","$v":"Ukjent størrelse, trykk for å formatere"},{"$i":"sdcard-removed-title","$v":"SD-kort fjernet"},{"$i":"sdcard-removed-ejected-successfully","$v":"Løst ut"},{"$i":"sdcard-removed-not-ejected-properly","$v":"Ikke utmatet riktig"},{"$i":"set-sdcard-as-default-media-location","$v":"Fant SD-kort Angi SD-kort som standard medielokasjon?"},{"$i":"no-sdcard-content","$v":"Sett inn et SD-kort for å få mer plass."},{"$i":"sim-confirmation-content","$v":["Mobildata er tilordnet SIM ",{"t":"idOrVar","v":"n"},"."]},{"$i":"sim-confirmation-title","$v":"SIM-kort endret"},{"$i":"sim-confirmation-notice-title","$v":"SIM-kort endret"},{"$i":"sim-confirmation-notice","$v":"Velg for å se detaljer."},{"$i":"sim-hot-plug","$v":"Telefonen vil bli startet på nytt"},{"$i":"sim-hot-plug-empty","$v":"Telefonen blir startet på nytt da alle SIM-kort er tatt ut."},{"$i":"sim-hot-plug-empty-confirm","$v":"Påse at SIM-kortet er helt uttrukket, trykk deretter OK for å starte på nytt."},{"$i":"noSimCard","$v":"Ingen SIM-kort"},{"$i":"lockedSim","$v":"Låst SIM"},{"$i":"noService","$v":"Ingen dekning"},{"$i":"eccOnly","$v":"Emergency calls only"},{"$i":"nocard-eccOnly","$v":"No SIM card-Emergency calls only"},{"$i":"unusablecard-eccOnly","$v":"Unusable SIM card-Emergency calls only"},{"$i":"searching","$v":"Søker…"},{"$i":"simPin","$v":"SIM PIN"},{"$i":"pukCode","$v":"PUK-kode"},{"$i":"nckCode","$v":"NCK-kode"},{"$i":"cckCode","$v":"CCK-kode"},{"$i":"spckCode","$v":"SPCK-kode"},{"$i":"nck1code","$v":"NCK1-kode"},{"$i":"nck2code","$v":"NCK2-kode"},{"$i":"hnckcode","$v":"HNCK-kode"},{"$i":"rcckcode","$v":"RCCK-kode"},{"$i":"rspckcode","$v":"RSPCK-kode"},{"$i":"ncklockContent","$v":["Spor",{"t":"idOrVar","v":"n"}," er nck-låst."]},{"$i":"whatIsSimPin","$v":"Hva er en SIM PIN?"},{"$i":"simPinIntro1","$v":"En SIM PIN forhindrer tilgang til SIM-kortets mobile datanettverk. Når den er aktivert vil enhver enhet som har SIM-kortet forespørre PIN-koden ved omstart."},{"$i":"simPinIntro2","$v":"En SIM PIN er ikke det samme som et passord som brukes for å låse opp enheten."},{"$i":"changeSimPin","$v":"Endre PIN"},{"$i":"pinTitle","$v":"Angi SIM PIN"},{"$i":"multiSIMpinTitle","$v":["Angi SIM ",{"t":"idOrVar","v":"n"}," PIN"]},{"$i":"multiSIMpukTitle","$v":["Angi PUK",{"t":"idOrVar","v":"n"}," PIN-kode"]},{"$i":"multiSIMnckTitle","$v":["Angi NCK",{"t":"idOrVar","v":"n"}," PIN-kode"]},{"$i":"multiSIMxckTitle","$v":["Angi SIM",{"t":"idOrVar","v":"n"}," ",{"t":"idOrVar","v":"type"}]},{"$i":"xckTitle","$v":["Angi ",{"t":"idOrVar","v":"type"},"-kode"]},{"$i":"xckCode","$v":[{"t":"idOrVar","v":"type"}," kode"]},{"$i":"xckBlocked","$v":[{"t":"idOrVar","v":"type"}," blokkert"]},{"$i":"pukTitle","$v":"Tast PUK-kode"},{"$i":"nckTitle","$v":"Angi NCK-kode"},{"$i":"cckTitle","$v":"Angi CCK-kode"},{"$i":"spckTitle","$v":"Angi SPCK-kode"},{"$i":"nck1Title","$v":"Tast NCK1-kode"},{"$i":"nck2Title","$v":"Tast NCK2-kode"},{"$i":"hnckTitle","$v":"Angi HNCK-kode"},{"$i":"rcckTitle","$v":"Angi RCCK-kode"},{"$i":"rspckTitle","$v":"Angi RSPCK-kode"},{"$i":"newpinTitle","$v":"Ny PIN"},{"$i":"inputCodeRetriesLeft","$v":{"few":[{"t":"idOrVar","v":"n"}," forsøk igjen."],"many":[{"t":"idOrVar","v":"n"}," forsøk igjen."],"one":"Siste forsøk.","other":[{"t":"idOrVar","v":"n"}," forsøk igjen."],"two":[{"t":"idOrVar","v":"n"}," forsøk igjen."]},"$x":[{"t":"idOrVar","v":"plural"},"n"]},{"$i":"pinErrorMsg","$v":"PIN-koden var feil."},{"$i":"pinAttemptMsg2","$v":{"few":["Du har ",{"t":"idOrVar","v":"n"}," forsøk igjen til å oppgi riktig kode før SIM-kortet låses."],"many":["Du har ",{"t":"idOrVar","v":"n"}," forsøk igjen til å oppgi riktig kode før SIM-kortet låses."],"one":"Du har ett forsøk igjen til å oppgi riktig kode før SIM-kortet låses.","other":["Du har ",{"t":"idOrVar","v":"n"}," forsøk igjen til å oppgi riktig kode før SIM-kortet låses."],"two":["Du har ",{"t":"idOrVar","v":"n"}," forsøk igjen til å oppgi riktig kode før SIM-kortet låses."]},"$x":[{"t":"idOrVar","v":"plural"},"n"]},{"$i":"pinLastChanceMsg","$v":"Dette er siste mulighet til å angi riktig PIN-kode. Ellers må du angi PUK-koden for å bruke dette SIM-kortet."},{"$i":"simCardLockedMsg","$v":"SIM-kortet er låst."},{"$i":"enterPukMsg","$v":"Du må angi den personlige PUK-koden for SIM-kortet. Se dokumentasjonen for SIM-kortet eller ta kontakt med leverandøren din for mer informasjon."},{"$i":"pukErrorMsg","$v":"PUK-koden er feil."},{"$i":"pukAttemptMsg2","$v":{"few":["Du har ",{"t":"idOrVar","v":"n"}," forsøk igjen til å angi riktig kode før dette SIM-kortet blir permanent ubrukelig. Se dokumentasjonen for SIM-kortet eller ta kontakt med leverandøren din for mer informasjon."],"many":["Du har ",{"t":"idOrVar","v":"n"}," forsøk igjen til å angi riktig kode før dette SIM-kortet blir permanent ubrukelig. Se dokumentasjonen for SIM-kortet eller ta kontakt med leverandøren din for mer informasjon."],"one":"Du har ett forsøk igjen til å angi riktig kode før dette SIM-kortet blir permanent ubrukelig. Se dokumentasjonen for SIM-kortet eller ta kontakt med leverandøren din for mer informasjon.","other":["Du har ",{"t":"idOrVar","v":"n"}," forsøk igjen til å angi riktig kode før dette SIM-kortet blir permanent ubrukelig. Se dokumentasjonen for SIM-kortet eller ta kontakt med leverandøren din for mer informasjon."],"two":["Du har ",{"t":"idOrVar","v":"n"}," forsøk igjen til å angi riktig kode før dette SIM-kortet blir permanent ubrukelig. Se dokumentasjonen for SIM-kortet eller ta kontakt med leverandøren din for mer informasjon."]},"$x":[{"t":"idOrVar","v":"plural"},"n"]},{"$i":"pukLastChanceMsg","$v":"Siste sjanse til å angi riktig PUK-kode. SIM-kortet blir permanent ubrukelig hvis du angir feil PUK-kode. Se dokumentasjonen for SIM-kortet eller ta kontakt med leverandøren din for mer informasjon."},{"$i":"cardPermanentlyLockMsg-head","$v":"Feil PUK."},{"$i":"cardPermanentlyLockMsg-body","$v":"SIM-kortet er låst permanent. Ta kontakt med leverandøren din for mer informasjon."},{"$i":"newSimPinMsg","$v":"Opprett PIN (må inneholde 4 til 8 sifre)"},{"$i":"confirmNewSimPinMsg","$v":"Bekreft ny PIN"},{"$i":"newPinErrorMsg","$v":"PIN-er matcher ikke."},{"$i":"nckErrorMsg","$v":"NCK-koden er feil."},{"$i":"nckAttemptMsg2","$v":{"few":["Feil ved forespørsel om nettverksdepersonalisering. Du har ",{"t":"idOrVar","v":"n"}," forsøk igjen for å angi riktig kode. Se i enhetens dokumentasjon eller ta kontakt med mobilleverandøren din for mer informasjon."],"many":["Feil ved forespørsel om nettverksdepersonalisering. Du har ",{"t":"idOrVar","v":"n"}," forsøk igjen for å angi riktig kode. Se i enhetens dokumentasjon eller ta kontakt med mobilleverandøren din for mer informasjon."],"one":"Feil ved forespørsel om nettverksdepersonalisering. Du har ett forsøk igjen for å angi riktig kode. Se i enhetens dokumentasjon eller ta kontakt med mobilleverandøren din for mer informasjon.","other":["Feil ved forespørsel om nettverksdepersonalisering. Du har ",{"t":"idOrVar","v":"n"}," forsøk igjen for å angi riktig kode. Se i enhetens dokumentasjon eller ta kontakt med mobilleverandøren din for mer informasjon."],"two":["Feil ved forespørsel om nettverksdepersonalisering. Du har ",{"t":"idOrVar","v":"n"}," forsøk igjen for å angi riktig kode. Se i enhetens dokumentasjon eller ta kontakt med mobilleverandøren din for mer informasjon."]},"$x":[{"t":"idOrVar","v":"plural"},"n"]},{"$i":"nckLastChanceMsg","$v":"Feil ved forespørsel om nettv.depersonalisering. Siste sjanse for å angi riktig NCK-kode. Se enhetens dokumentasjon eller ta kontakt med mobilleverandøren."},{"$i":"sim-attention-header","$v":"SIM låst"},{"$i":"multiSIM-attention-header","$v":["SIM",{"t":"idOrVar","v":"n"}," låst"]},{"$i":"sim-attention-head","$v":"SIM-kort er låst."},{"$i":"sim-attention-body","$v":"Vil du angi PUK-koden for å låse opp SIM-kortet?"},{"$i":"enter-puk-rsk","$v":"Angi PUK-kode"},{"$i":"verify-rsk","$v":"Fullført"},{"$i":"activity-pick","$v":"Velg fra"},{"$i":"activity-view","$v":"Vis med"},{"$i":"activity-test","$v":"Test med"},{"$i":"activity-share","$v":"Del med"},{"$i":"activity-new","$v":"Opprett med"},{"$i":"activity-open","$v":"Åpne med"},{"$i":"activity-save-bookmark","$v":"Bokmerk til"},{"$i":"activity-record","$v":"Spill in fra"},{"$i":"activity-browse","$v":"Bla gjennom med"},{"$i":"activity-configure","$v":"Konfigurer med"},{"$i":"activity-dial","$v":"Ring fra"},{"$i":"remoteDebuggerMessage","$v":"En innkommende forespørsel om å tillate ekstern feilsøkingstilkobling ble oppdaget. Tillate tilkobling?"},{"$i":"captive-wifi-available","$v":["Fant nettverket ",{"t":"idOrVar","v":"networkName"},". Koble til nettverk?"]},{"$i":"ceWarningtitle","$v":"Volumvarsel"},{"$i":"ceWarningcontent","$v":"For å unngå hørselskade, skal du ikke bruke høyt volum over lang tid."},{"$i":"is-volume-type-notification","$v":"Ringetoner og meldingsv."},{"$i":"is-volume-type-telephony","$v":"Volum"},{"$i":"is-volume-type-alarm","$v":"Alarm"},{"$i":"is-volume-type-content","$v":"Medier"},{"$i":"kai-volume-type-notification","$v":"RINGETONER OG VARSLER"},{"$i":"kai-volume-type-telephony","$v":"VOLUM"},{"$i":"volume-type-alarm","$v":"Alarm"},{"$i":"volume-type-content","$v":"Medier"},{"$i":"vibrate-only","$v":"Bare vibrering"},{"$i":"silent","$v":"Lydløs"},{"$i":"vibrate-on","$v":"Vibrering: på"},{"$i":"vibrate-off","$v":"Vibrering: av"},{"$i":"vibrate","$v":"Vibrer"},{"$i":"kai-volume","$v":["Volum:",{"t":"idOrVar","v":"n"},"/",{"t":"idOrVar","v":"c"}]},{"$i":"notification-powersaving-mode-on-title","$v":"Strømsparingsmodus"},{"$i":"notification-powersaving-mode-on-description","$v":"Strømsparingsmodus er på."},{"$i":"low-device-storage","$v":"Enhetsplass lav."},{"$i":"storage-alert","$v":"Lagringsvarsel"},{"$i":"phone-almost-full","$v":"Telefonen er nesten full."},{"$i":"free-space","$v":{"few":["Mindre enn ",{"t":"idOrVar","v":"value"}," ",{"t":"idOrVar","v":"unit"}," igjen."],"many":["Mindre enn ",{"t":"idOrVar","v":"value"}," ",{"t":"idOrVar","v":"unit"}," igjen."],"one":["Mindre enn ",{"t":"idOrVar","v":"value"}," ",{"t":"idOrVar","v":"unit"}," igjen."],"other":["Mindre enn ",{"t":"idOrVar","v":"value"}," ",{"t":"idOrVar","v":"unit"}," igjen."],"two":["Mindre enn ",{"t":"idOrVar","v":"value"}," ",{"t":"idOrVar","v":"unit"}," igjen."],"zero":"Ingen ledig plass."},"$x":[{"t":"idOrVar","v":"plural"},"value"]},{"$i":"unknown-free-space","$v":"Ukjent gjenværende plass."},{"$i":"can-delete-data-to-get-space","$v":"Du kan slette noen mediefiler eller administrere programdata for å få mer plass."},{"$i":"should-delete-data-to-get-space","$v":"Du må slette noen mediefiler eller administrere programdata for å få mer plass før du kan fortsette bruken av denne enheten."},{"$i":"storage-full-level-1-title","$v":"Telefon nesten full"},{"$i":"storage-full-level-2-title","$v":"Telefonens lagringsplass er full.."},{"$i":"delete-to-get-space","$v":"Slett mediefiler, appdata eller nedlastede apper for å frigjøre plass."},{"$i":"delete-to-get-space-level-2","$v":"Slett mediefiler, appdata eller nedlastede apper for å frigjøre plass. Hvis ikke, vil ikke telefonen fungere som den skal."},{"$i":"system-alert","$v":"Systemvarsel"},{"$i":"cb-channel","$v":["Kanal ",{"t":"idOrVar","v":"channel"}]},{"$i":"cell-broadcast-subtitle","$v":"Mobilkringkasting"},{"$i":"cb-etws-warningType-earthquake","$v":"Jordskjelvvarsel!"},{"$i":"cb-etws-warningType-tsunami","$v":"Tsunami-varsel!"},{"$i":"cb-etws-warningType-earthquake-tsunami","$v":"Jordskjelv-tsunamivarsel!"},{"$i":"cb-etws-warningType-test","$v":"Varselsystemet blir testet."},{"$i":"cb-etws-warningType-other","$v":"Nødsadvarsel!"},{"$i":"icc-message-maintitle","$v":"Operatørmelding"},{"$i":"icc-message-subtitle","$v":"SIM"},{"$i":"icc-confirmCall-defaultmessage","$v":["Ring ",{"t":"idOrVar","v":"number"},"?"]},{"$i":"icc-alertMessage-defaultmessage","$v":"Send melding"},{"$i":"icc-confirmMessage-defaultmessage","$v":"Send melding?"},{"$i":"icc-notification-title","$v":["SIM ",{"t":"idOrVar","v":"id"}," STK"]},{"$i":"icc-inputbox-maintitle","$v":"STK-spørring"},{"$i":"icc-inputbox-subtitle","$v":["SIM ",{"t":"idOrVar","v":"id"}]},{"$i":"emergency-callback-mode","$v":"Modus for nødstilbakeoppringing"},{"$i":"emergency-callback-message","$v":"Du kan ikke foreta oppringer, sende meldinger eller koble deg på Internett da modus for nødstilbakeoppringing er aktivert. Vil du slå den av?"},{"$i":"cdma-record-info","$v":"CDMA-registeringsinformasjon"},{"$i":"download_started","$v":"Nedlasting startet"},{"$i":"download_stopped","$v":"Nedlasting stoppet"},{"$i":"download_downloading","$v":[{"t":"idOrVar","v":"percentage"},"%"]},{"$i":"download_succeeded","$v":"Nedlasting fullstendig"},{"$i":"download_failed","$v":"Nedlasting mislyktes"},{"$i":"update_succeeded","$v":"Oppdatering fullført"},{"$i":"download_text_by_default","$v":[{"t":"idOrVar","v":"name"}]},{"$i":"phone-storage-full-title","$v":"Telefonens lagringsplass er full."},{"$i":"phone-storage-full-warning","$v":"Kan ikke laste ned en fil. Slett mediefiler eller programdata for å frigjøre plass. Du kan også sette inn et SD-kort for å utvide medielagring."},{"$i":"sdcard-storage-full-title","$v":"SD-kort er fullt."},{"$i":"sdcard-storage-full-warning","$v":"Kunne ikke laste ned en fil. Slett filer på SD-kortet for å frigjøre plass."},{"$i":"opt-settings","$v":"Innstillinger"},{"$i":"search-the-web","$v":"Søk på Internett"},{"$i":"search-or-enter-address","$v":"Søk eller angi adresse","placeholder":"Søk eller angi adresse"},{"$i":"search-or-enter-url","$v":"Søk eller angi URL","placeholder":"Søk eller angi URL"},{"$i":"back-button","ariaLabel":"Tilbake"},{"$i":"forward-button","ariaLabel":"Videresend"},{"$i":"reload-button","ariaLabel":"Last på nytt"},{"$i":"stop-button","ariaLabel":"Stopp"},{"$i":"windows-button","ariaLabel":"Vis vinduer"},{"$i":"noHotspotWhenAPMisOnWifiHotspot","$v":"Slå av flymodus for å bruke Wi-Fi-tilgangsp."},{"$i":"apmActivated","$v":"Flymodus aktivert"},{"$i":"save-image","$v":"Lagre bilde"},{"$i":"save-video","$v":"Lagre video"},{"$i":"save-audio","$v":"Lagre lyd"},{"$i":"share-image","$v":"Del bilde"},{"$i":"share-video","$v":"Del video"},{"$i":"share-audio","$v":"Del lyd"},{"$i":"kai-cancelButtonId","$v":"Avbryt"},{"$i":"kai-not-send","$v":"Ikke send"},{"$i":"kai-send-report","$v":"Send rapport"},{"$i":"refresh","$v":"Oppdater"},{"$i":"goBack","$v":"Gå tilbake"},{"$i":"goForward","$v":"Gå fremover"},{"$i":"goToTopSites","$v":"Gå til topp nettsteder"},{"$i":"pinToTopSites","$v":"Pin for topp nettsteder"},{"$i":"pinToAllApps","$v":"Fest til Alle apper"},{"$i":"pinToAppsMenu","$v":"Fest til Apper-menyen"},{"$i":"viewMessages","$v":"Vis meldinger"},{"$i":"downloadImage","$v":"Last ned bilde"},{"$i":"quit","$v":"Avslutt"},{"$i":"minimizeBrowser","$v":"Minimer nettleser"},{"$i":"pinSiteCompletely","$v":"Nettstedet er festet til Topp nettsteder."},{"$i":"siteWasPinnedBefore","$v":"Nettstedet ble allerede festet til Topp nettsteder."},{"$i":"pinnedSitesOverLimit","$v":"Du har nådd maksimalantallet for festede nettsteder."},{"$i":"pressBackAgainToQuitBrowser","$v":"Trykk på TILBAKE igjen for å avslutte nettleseren."},{"$i":"pressBackAgainToMinimizeBrowser","$v":"Trykk på TILBAKE igjen for å minimere nettleseren."},{"$i":"pinSiteToAllAppsCompletely","$v":"Dette nettstedet er festet til Alle apper."},{"$i":"pinSiteToAppsMenuCompletely","$v":"Dette nettstedet er festet til Apper-menyen."},{"$i":"siteWasPinnedToAllAppsBefore","$v":"Dette nettstedet ble festet til Alle apper tidligere."},{"$i":"siteWasPinnedToAppsMenuBefore","$v":"Dette nettstedet ble festet til Apper-menyen tidligere."},{"$i":"ext-bluetooth-req","$v":"Sammenkoblingsforesp."},{"$i":"ext-unknown","$v":"UKJENT"},{"$i":"ext-new-message","$v":"Ny melding"},{"$i":"ext-new-mail","$v":"Ny e-post"},{"$i":"ext-calendar-event","$v":"Kalenderhendelse"},{"$i":"ext-new-notification","$v":"Nye merknader"},{"$i":"incoming","$v":"Inngående"},{"$i":"ext-volume-notification","$v":"Ringetoner og varsler"},{"$i":"ext-volume-content","$v":"Medier"},{"$i":"ext-volume-alarm","$v":"Alarm"},{"$i":"ext-new-cmas","$v":"Nødanrop"},{"$i":"phone-storage-full-body","$v":"Samtaleopptak stoppet. Du kan slette mediefiler eller programdata for å frigjøre plass."},{"$i":"sd-card-full-title","$v":"SD-kort er fullt."},{"$i":"sd-card-full-body","$v":"Samtaleopptak stoppet. Slett filer på SD-kort for å frigjøre plass."},{"$i":"supl-notification-title","$v":"Lokasjonsforespørsel"},{"$i":"supl-notification-message","$v":"Lokasjonen din sendes til operatøren."},{"$i":"supl-verification-title","$v":"Lokasjonsforespørsel"},{"$i":"supl-verification-message","$v":"Mobilleverandøren forespør om din lokasjon. Vil du oppgi lokasjonen din?"},{"$i":"supl-verification-message-for-notification","$v":"Klikk her for å bekrefte"},{"$i":"supl-verification-confirm","$v":"Ja"},{"$i":"supl-verification-cancel","$v":"Nei"},{"$i":"supl-more-message","$v":["Melding: ",{"t":"idOrVar","v":"id"}," (",{"t":"idOrVar","v":"message"},")"]},{"$i":"confirmPbapMsg","$v":[{"t":"idOrVar","v":"deviceId"}," vil ha tilgang til kontaktene dine og anropshistorikken din, godta?"]},{"$i":"confirmTitle","$v":"Forespørsel om telefonboktilg."},{"$i":"initialValue","$v":"Angi øktnøkkel"},{"$i":"confirmMapMsg","$v":[{"t":"idOrVar","v":"deviceId"}," vil ha tilgang til meldingene dine. Vil du godta?"]},{"$i":"wifiCallErrorMsg","$v":["Wi-Fi-oppkallsfeil: ",{"t":"idOrVar","v":"error"}]},{"$i":"wifiCallMissEccTitle","$v":[{"t":"idOrVar","v":"operator"}," WiFi Calling"]},{"$i":"wifiCallMissEccMsg","$v":"Emergency calls in areas with cellular coverage only"},{"$i":"battery-full-title","$v":"Batteri fulladet"},{"$i":"battery-full-body","$v":"Batteriet er fulladet."},{"$i":"sim-config-title","$v":"konfigurasjon"},{"$i":"sim-config-content-init","$v":["Trykk på BEGYNN for å konfigurere telefonen for ",{"t":"idOrVar","v":"carrier"},"."]},{"$i":"sim-config-content-change","$v":["Vil du konfigurere telefonen for ",{"t":"idOrVar","v":"carrier"},"?"]},{"$i":"sim-config-content-line1","$v":"Bra gjort!"},{"$i":"sim-config-content-restart","$v":"Start telefonen på nytt for å bruke endringene."},{"$i":"sim-config-content-finish","$v":"Trykk på OK for å fullføre."},{"$i":"sim-config-content-failed","$v":["Kan ikke finne profilen til ",{"t":"idOrVar","v":"carrier"},"."]},{"$i":"sim-config-button-restart","$v":"Gjenta"},{"$i":"sim-config-button-begin","$v":"Begynne"},{"$i":"open-wifi-available","$v":"Tilgjengelige åpne Wi-Fi-nettverk"},{"$i":"wifi-available","$v":"Tilgjengelige Wi-Fi-nettverk"},{"$i":"wifi-no-internet-title","$v":"Wifi har ingen Internettilgang"},{"$i":"wifi-no-internet-body","$v":"Tap for options"},{"$i":"wifi-no-internet-header","$v":"Wi-Fi"},{"$i":"wifi-no-internet-content","$v":[{"t":"idOrVar","v":"name"}," har ingen Internettilgang, forbli tilkoblet?"]},{"$i":"ellipses_char","$v":"…"},{"$i":"fota-title-attention","$v":"Obs!"},{"$i":"fota-upgrade-success","$v":["Fastvaren er oppgradert. Enheten bruker nå versjon ",{"t":"idOrVar","v":"target"},"."]},{"$i":"fota-upgrade-failed","$v":"Kunne ikke oppgradere. Forrige versjon gjenopprettet."},{"$i":"fota-title-software-update","$v":"Progr.oppdatering"},{"$i":"fota-message-software-update-available","$v":"Progr.oppdatering tilgjengelig."},{"$i":"fota-message-software-download-failed","$v":"Kunne ikke laste ned progr.oppdatering."},{"$i":"fota-message-software-download-complete","$v":"Programoppdatering nedlastet."},{"$i":"network-issue-title","$v":"Nettverksfeil"},{"$i":"network-issue-detail","$v":"Kontroller tilkoblingen."},{"$i":"device-issue-title","$v":"Installer feil"},{"$i":"device-issue-detail","$v":"Det oppstod en ukjent feil."},{"$i":"device-issue-update-title","$v":"Oppdateringsfeil"},{"$i":"install-generic-error","$v":"Nedlasting stoppet."},{"$i":"account-authenticator-invaild-grant-notice-title","$v":"Kontofeil"},{"$i":"account-authenticator-invaild-grant-notice-text","$v":"Logg på igjen"},{"$i":"account-authenticator-no-network-error","$v":"Ingen internett-tilkobling."},{"$i":"account-authenticator-access-denied-error","$v":"Det oppstod en ukjent feil."},{"$i":"qtn_els_alert_high_vol","$v":"Høyt volum-varsel"},{"$i":"qtn_els_alert_in_call","$v":"I samtale"},{"$i":"GetEmptyUssdPrompt","$v":"Null svar mottatt."},{"$i":"message-sent","$v":"Melding sendt"},{"$i":"send","$v":"Send"},{"$i":"confirmation","$v":"Bekreftelse"},{"$i":"kaistore-notice-title","$v":"KaiStore"},{"$i":"kaistore-notice-content","$v":"See what’s in store."},{"$i":"feedback-dialogview-header","$v":"Tilbakemelding"},{"$i":"feedback-dialogview-message","$v":"Din mening betyr mye for HMD Global, så vi vil gjerne vite hva du syns om den nye telefonen din. Hvis du vil delta i denne undersøkelsen senere, finner du den under Innstillinger."},{"$i":"dataConnection-off","$v":"Slå av mobildata?"},{"$i":"dataConnection-off-content","$v":"Du vil ikke kunne bruke apper eller tjenester som krever datatilkobling med mindre du bruker Wi-Fi."},{"$i":"turn-off-location","$v":"Slå av lokasjonstjeneste?"},{"$i":"turn-off-location-content","$v":"Geolokasjonstjeneste vil ikke være tilgjengelig hvis du slår av denne tjenesten. Det kan imidlertid hende du må betale for mobildata hvis du lar den være på."},{"$i":"firefox-accounts-title","$v":"KaiOS-kontoer"},{"$i":"firefox-accounts-title-sign-in","$v":"Logg på"},{"$i":"firefox-accounts-title-create-account","$v":"Opprett konto"},{"$i":"kaios-accounts-title-about-kaios-account","$v":"Om KaiOS-konto"},{"$i":"kaios-accounts-phone-verification","$v":"Telefonbekreftelse"},{"$i":"kaios-accounts-title-account-info","$v":"Kontoinformasjon"},{"$i":"fxa-next","$v":"Neste"},{"$i":"fxa-back","$v":"Tilbake"},{"$i":"fxa-done","$v":"Fullført"},{"$i":"fxa-ok","$v":"OK"},{"$i":"kai-verification-mail-has-been-sent","$v":"En bekreftelseskobling ble sendt til"},{"$i":"fxa-decline","$v":"Avvis"},{"$i":"fxa-accept","$v":"Godta"},{"$i":"fxa-sining-in","$v":"Logger på …"},{"$i":"not-now","$v":"Ikke nå"},{"$i":"send-sms","$v":"Send SMS"},{"$i":"resend-sms","$v":"Send SMS igjen"},{"$i":"fxa-connection-error-title","$v":"Kan ikke koble til"},{"$i":"fxa-connection-error-message","$v":"Du kan opprette en konto eller logge deg på fra Innstillinger."},{"$i":"fxa-reset-password-error-title","$v":"Tilbakestill passord"},{"$i":"fxa-reset-password-error-message","$v":"Du kan ikke tilbakestille passordet ditt fra Innstillinger."},{"$i":"fxa-incorrect-email-address-or-password","$v":"fxa incorrect email address or password"},{"$i":"fxa-internet-connection-is-required","$v":"fxa Internett-tilgang kreves"},{"$i":"fxa-server-error","$v":"Serverfeil, prøv igjen senere"},{"$i":"fxa-server-error-2","$v":"Feil"},{"$i":"fxa-server-error-message","$v":"Kan ikke opprette konto. Prøv igjen senere."},{"$i":"fxa-server-error-message-2","$v":"Serveren er utilgjengelig. Prøv igjen senere."},{"$i":"fxa-offline-error-title","$v":"Kan ikke koble til"},{"$i":"fxa-offline-error-message","$v":"Koble til et nettverk fra Innstillinger."},{"$i":"fxa-offline-error-message-1","$v":"Ingen internett-tilkobling."},{"$i":"fxa-invalid-email-title","$v":"Feil"},{"$i":"fxa-invalid-email-message","$v":"Angi en gyldig e-post."},{"$i":"fxa-invalid-password-title","$v":"Feil"},{"$i":"fxa-invalid-password-message","$v":"Feil e-postadresse eller passord"},{"$i":"fxa-invalid-password-message-1","$v":"Passord feil."},{"$i":"fxa-unknown-error-title","$v":"Kan ikke koble til"},{"$i":"fxa-unknown-error-message","$v":"System er utilgjengelig, prøv igjen senere."},{"$i":"fxa-email-is-taken-title","$v":"Feil"},{"$i":"fxa-email-is-taken-message","$v":"Det eksisterer allerede en konto for denne e-postadressen. Logg deg på med kontoen din."},{"$i":"fxa-confirm-age-title","$v":"Feil"},{"$i":"fxa-confirm-age-message","$v":"Bekreft at du er over 13 år"},{"$i":"fxa-account-does-not-exist","$v":"Feil"},{"$i":"fxa-account-does-not-exist-message","$v":"Feil e-postadresse eller passord"},{"$i":"fxa-account-does-not-exist-message-1","$v":"Account does not exist."},{"$i":"fxa-password-dont-match","$v":"Feil"},{"$i":"fxa-password-dont-match-message","$v":"Passord matcher ikke."},{"$i":"fxa-password-less","$v":"Feil"},{"$i":"fxa-password-less-message","$v":"Passordet er mindre enn 8 tegn."},{"$i":"fxa-password-less-message-1","$v":"Passordet er mindre enn 8 tegn."},{"$i":"fxa-password-more","$v":"Feil"},{"$i":"fxa-password-more-message","$v":"Passordet er mer enn 20 tegn."},{"$i":"fxa-password-more-message-1","$v":"Passordet er mer enn 20 tegn."},{"$i":"fxa-password-error","$v":"Feil"},{"$i":"fxa-password-error-message","$v":"Passordet må være på mellom 8 – 20 tegn med bokstaver og tall."},{"$i":"fxa-connecting","$v":"Kobler til"},{"$i":"fxa-enter-phone-number-message","$v":"Angi telefonnummeret ditt. Du får en SMS og automatisk bekreftelse starter."},{"$i":"fxa-sms-has-been-sent-message","$v":"SMS er sendt. Når den er mottatt, starter automatisk bekreftelse. Sett deg godt til rette!"},{"$i":"fxa-time-remaining","$v":"Gjenstående tid:"},{"$i":"fxa-sms-verification-failed-message","$v":"SMS-bekreftelse mislyktes. Bekreft telefonen og trykk på \"Send SMS på nytt\" for å prøve igjen."},{"$i":"fxa-phone-number-label","$v":"Telefonnummer"},{"$i":"fxa-enter-your-infomation","$v":"Angi opplysningene dine."},{"$i":"fxa-birthday-label","$v":"Fødselsdag"},{"$i":"fxa-birthday-select","$v":"Velg"},{"$i":"fxa-gender-label","$v":"Kjønn"},{"$i":"fxa-gender-select","$v":"Velg"},{"$i":"fxa-gender-male","$v":"Mann"},{"$i":"fxa-gender-female","$v":"Kvinne"},{"$i":"fxa-gender-confidential","$v":"Konfidensielt"},{"$i":"fxa-enter-email-input","placeholder":"Angi din e-post"},{"$i":"fxa-use-email-to-sign-in","$v":"Angi e-postadressen din. Denne vil bli kontonavnet ditt."},{"$i":"fxa-notice","$v":["Ved å fortsette godtar jeg ",{"t":"idOrVar","v":"tos"}," og ",{"t":"idOrVar","v":"pn"}," til KaiOS-skytjenester."]},{"$i":"fxa-placeholder","$v":"Din e-postadresse her"},{"$i":"fxa-tos","$v":"Tjenestevilkår"},{"$i":"fxa-pn","$v":"Personvernmelding"},{"$i":"fxa-create-account-title","$v":"Opprett konto"},{"$i":"fxa-show-age-title","$v":"Jeg over 13 år"},{"$i":"fxa-enter-password-title","$v":"Angi passord. Passordet må ha 8 – 20 tegn og må inneholde både bokstaver og tall."},{"$i":"fxa-enter-password-title-1","$v":"Angi et passord. Passordet må ha 8–20 tegn og må inneholde både bokstaver og tall."},{"$i":"fxa-setup-password-title","$v":"Konfigurer passord"},{"$i":"fxa-create-password-title","$v":"Opprett et passord"},{"$i":"fxa-hello-user","$v":["Hei, ",{"t":"idOrVar","v":"email"}]},{"$i":"fxa-password-refresh","$v":"Angi passordet til KaiOS-kontoen din for å fortsette."},{"$i":"fxa-password","$v":"Passord","placeholder":"Passord"},{"$i":"fxa-forgot-your-password","$v":"Glemt passordet?"},{"$i":"fxa-show-password","$v":"Vis passord"},{"$i":"fxa-password-length-requirement","$v":"Passordet må bestå av minst 8 tegn."},{"$i":"fxa-confirm-account","$v":"Bekreft kontoen"},{"$i":"fxa-will-send-email","$v":"Kontoen er opprettet."},{"$i":"fxa-signup-click-verification-link-in-email","$v":["Vi sendte en bekreftelse på e-post til ",{"t":"idOrVar","v":"email"},". Se i innboksen din og verifisert og aktiver kontoen din."]},{"$i":"fxa-access-manage-account-settings","$v":"Aktiveringskoblingen utløper om 24 timer."},{"$i":"fxa-signup-success-title","$v":"Konto opprettet"},{"$i":"about-kaios-account-text","$v":"Lorem ipsum dolor sit amet, con-sectetur adipiscing elit, sed do eiusmod tempor incididunt ut labore et dolore magna aliqua. Ut enim ad minim veniam, quis nos-trud exercitation ullamco laboris nisi ut aliquip ex ea commodo consequat. Duis aute irure dolor in reprehenderit in voluptate velit esse cillum dolore eu fugiat nulla pariatur. Excepteur sint occaecat cupidatat non proident, sunt in culpa qui officia deserunt mollit anim id est laborum."},{"$i":"about-kaios-account-text1","$v":"KaiOS-konto utfører godkjenning for KaiOS-tjenester. Kontoen identifiserer brukeren og enheten og tillater tilgang til funksjoner som ekstern administrasjon av enheter og andre tjenester."},{"$i":"about-kaios-account-text2","$v":"Opprettelse av en konto krever en e-postadresse og et passord. Brukeren må bekrefte e-postadressen via en kobling som sendes over e-post i løpet av kontoopprettelsen. Kontoen blir ikke aktivert før denne e-postadressen er bekreftet."},{"$i":"about-kaios-account-text3","$v":"Ved å fortsette med å sette opp kontoen, godtar du vilkårene og personvernmeldingen."},{"$i":"fxa-signin-email","$v":"Kontonavn"},{"$i":"fxa-signin-password","$v":"Passord"},{"$i":"fxa-signin-success-title","$v":"Kontoen din"},{"$i":"fxa-signin-lsk","$v":"Glemt passord"},{"$i":"fxa-signin-rsk","$v":"Logg på"},{"$i":"fxa-change-password-title","$v":"Endre passord"},{"$i":"fxa-change-password-description","$v":"Angi ditt nåværende passord og angi et nytt passord."},{"$i":"fxa-new-password","$v":"Nytt Passord"},{"$i":"fxa-changing-password","$v":"Endre passord..."},{"$i":"fxa-forgot-password-title","$v":"Glemt passord"},{"$i":"fxa-forgot-password","$v":"glemt passord"},{"$i":"fxa-forgot-password-sk","$v":"Glemt passord"},{"$i":"fxa-forgot-password-success-title","$v":"E-post for tilbakest. av passord sendt"},{"$i":"fxa-reset-password-succcess-content","$v":"E-posten for å tilbakestille passordet har blitt sendt til e-postkontoen din."},{"$i":"fxa-reset-password-succcess-content-part2","$v":"Sjekk e-postinnboksen din og tilbakestill passordet."},{"$i":"fxa-sign-out-title","$v":"Antityveri er aktivert"},{"$i":"fxa-sign-out-intro","$v":"bekreft at du vil slå av antityveri og logge av."},{"$i":"fxa-sign-out-intro-1","$v":"Bekreft at du vil slå av antityverimodus og logge av."},{"$i":"fxa-signout-email","$v":"Kontoen din"},{"$i":"fxa-confirm-password","$v":"Bekreft Passord"},{"$i":"fxa-signing-out","$v":"Logger av …"},{"$i":"fxa-sign-out-error-title","$v":"Feil"},{"$i":"fxa-sign-out-error-message","$v":"Kunne ikke logge av konto. Prøv igjen senere"},{"$i":"fxa-sign-out-error-message-1","$v":"Kunne ikke logge av konto. Prøv igjen senere"},{"$i":"fxa-connection-is-required-title","$v":"Feil"},{"$i":"fxa-connection-is-required-message","$v":"Internett-tilgang kreves"},{"$i":"fxa-check-password-title","$v":"Deaktiver antityveri"},{"$i":"fxa-disable-antitheft-checkpassword-message","$v":"Bekreft at du vil slå av antityveri."},{"$i":"fxa-reset-factory-checkpassword-message","$v":"For å tilbakestille enheten mår du angi passordet ditt og deaktivere antityveri."},{"$i":"fxa-reset-factory-checkpassword-message-1","$v":"For å tilbakestille enheten må du angi passordet og deaktivere antityverimodus."},{"$i":"fxa-enter-email-to-reset-password","$v":"Skriv inn kontoens e-postadresse. Vi sender deg en lenke for å tilbakestille passordet."},{"$i":"fxa-enter-email-to-reset-password-1","$v":"Skriv inn kontoens e-postadresse. Vi sender deg en lenke for å tilbakestille passordet."},{"$i":"fxa-account-not-found","$v":"Fant ikke kontoen. Prøv på nytt."},{"$i":"fxa-multiple-sign-in-attempts-title","$v":"Flere påloggingsforsøk"},{"$i":"fxa-multiple-sign-in-attempts-content","$v":"Du har angitt feil passord flere ganger"},{"$i":"fxa-multiple-sign-in-attempts-content-1","$v":"Du har angitt feil passord flere ganger."},{"$i":"fxa-multiple-sign-in-attempts-content-retry","$v":"Prøv igjen senere"},{"$i":"shortDateFormat","$v":"%B %d, %Y"},{"$i":"network-error-in-app","$v":"Ingen Internett-tilgang for øyeblikket."},{"$i":"network-error-launching","$v":[{"t":"idOrVar","v":"name"}," krever en Internett-tilkobling."]},{"$i":"network-error-launching-title","$v":"Ingen internett-tilkobling"},{"$i":"network-error-launching-message","$v":"Bruk Wi-Fi eller mobildata for Internett-tilgang."},{"$i":"server-not-found","$v":"Fant ikke server"},{"$i":"server-not-found-error","$v":["Kan ikke finne serveren på ",{"t":"idOrVar","v":"name"},"."]},{"$i":"file-not-found","$v":"Fil ikke funnet"},{"$i":"file-not-found-error","$v":"Enheten kan ikke vise denne siden da filen ikke kan finnes."},{"$i":"connection-failed","$v":"Kan ikke koble til"},{"$i":"connection-failed-error","$v":"Det oppstod en nettverksfeil under forsøk på å nå nettstedet."},{"$i":"invalid-connection","$v":"Kan ikke koble til"},{"$i":"invalid-connection-error","$v":"Det oppstod en nettverksfeil under forsøk på å nå nettstedet."},{"$i":"malformed-uri","$v":"URL er ikke gyldig"},{"$i":"malformed-uri-error","$v":"Den angitte URL-adressen er ugyldig og kan ikke lastes."},{"$i":"redirect-loop","$v":"Kan ikke vise side"},{"$i":"redirect-loop-error","$v":"Enheten kan ikke vise denne siden da siden ikke videresender riktig. Prøv denne siden igjen senere."},{"$i":"not-cached","$v":"Side utløpt"},{"$i":"not-cached-error","$v":"Som et sikkerhetstiltak kan denne siden ikke vises av enheten da den er utløpt."},{"$i":"is-printing","$v":"Tilgang nektet"},{"$i":"is-printing-error","$v":"Dokumentet kan ikke endres mens du er i Utskrift eller Forhåndsvisning."},{"$i":"denied-port-access","$v":"Tilgang begrenset"},{"$i":"denied-port-access-error","$v":"Denne adressen bruker en nettverksport som vanligvis brukes for andre formål enn nettsurfing. Enheten har avbrutt forespørselen for å beskytte deg."},{"$i":"proxy-resolve-failure","$v":"Proxyserverfeil"},{"$i":"proxy-resolve-failure-error","$v":"Enheten er konfigurert til å bruke en proxy-server som ikke kan finnes."},{"$i":"proxy-connect-failure","$v":"Proxyserverfeil"},{"$i":"proxy-connect-failure-error","$v":"Enheten er konfigurert til å bruke en proxy-server som nekter tilkoblinger."},{"$i":"content-encoding","$v":"Kan ikke vise side"},{"$i":"content-encoding-error","$v":"Enheten kan ikke vise denne siden da det oppstod en feil med kodingen."},{"$i":"remote-xul","$v":"Side støttes ikke"},{"$i":"remote-xul-error","$v":"Denne siden kan ikke vises da den bruker en teknologi som ikke støttes på enheten."},{"$i":"phishing-blocked","$v":"Advarsel"},{"$i":"phishing-blocked-error","$v":"Nettstedet har blitt rapportert som en nettforfalsking som er lagt for å lure brukere til å dele personopplysninger eller finansiell informasjon."},{"$i":"malware-blocked","$v":"Skadevareangrep blokkert"},{"$i":"malware-blocked-error","$v":"Nettstedet er rapportert som et angrepsnettsted. Enheten har blokkert forespørselen for å beskytte deg."},{"$i":"unsafe-content-type","$v":"Usikkert innhold"},{"$i":"unsafe-content-type-error","$v":"Kan ikke vise siden da det kan være utrygt å åpne den."},{"$i":"corrupted-content","$v":"Kan ikke koble til"},{"$i":"corrupted-content-error","$v":"Kan ikke vise siden på grunn av en feil som ble oppdaget i dataoverføringen."},{"$i":"unknown-protocol-found","$v":"Side støttes ikke"},{"$i":"unknown-protocol-found-error","$v":"Denne siden kan ikke vises da den bruker en teknologi som ikke støttes på enheten."},{"$i":"try-again","$v":"Prøv igjen"},{"$i":"check-settings","$v":"Kontroller innstillinger"},{"$i":"brandShortName","$v":"KaiOS"},{"$i":"browserBrandShortName","$v":"Web Browser"},{"$i":"browserBrandFullName","$v":"Mozilla Web Browser"},{"$i":"ringtoneBrandName","$v":"Default"},{"$i":"ringtoneSectionBrandName","$v":"System"},{"$i":"accessibility-enableScreenReaderSteps","$v":"To enable screen reader, press the volume up and then volume down buttons three more times"},{"$i":"accessibility-disableScreenReaderSteps","$v":"To disable screen reader, press the volume up and then volume down buttons three more times"},{"$i":"accessibility-screenReaderStarted","$v":"Screen reader started"},{"$i":"accessibility-screenReaderStopped","$v":"Screen reader stopped"},{"$i":"accessibility-menubar","$v":"menu bar"},{"$i":"accessibility-scrollbar","$v":"scroll bar"},{"$i":"accessibility-grip","$v":"grip"},{"$i":"accessibility-alert","$v":"alert"},{"$i":"accessibility-menupopup","$v":"menu popup"},{"$i":"accessibility-document","$v":"document"},{"$i":"accessibility-pane","$v":"pane"},{"$i":"accessibility-dialog","$v":"dialogue"},{"$i":"accessibility-separator","$v":"separator"},{"$i":"accessibility-toolbar","$v":"toolbar"},{"$i":"accessibility-statusbar","$v":"status bar"},{"$i":"accessibility-table","$v":"table"},{"$i":"accessibility-columnheader","$v":"column header"},{"$i":"accessibility-rowheader","$v":"row header"},{"$i":"accessibility-column","$v":"column"},{"$i":"accessibility-row","$v":"row"},{"$i":"accessibility-cell","$v":"cell"},{"$i":"accessibility-link","$v":"link"},{"$i":"accessibility-list","$v":"list"},{"$i":"accessibility-listitem","$v":"list item"},{"$i":"accessibility-outline","$v":"outline"},{"$i":"accessibility-outlineitem","$v":"outline item"},{"$i":"accessibility-pagetab","$v":"tab"},{"$i":"accessibility-propertypage","$v":"property page"},{"$i":"accessibility-graphic","$v":"graphic"},{"$i":"accessibility-pushbutton","$v":"button"},{"$i":"accessibility-checkbutton","$v":"check button"},{"$i":"accessibility-radiobutton","$v":"radio button"},{"$i":"accessibility-combobox","$v":"combo box"},{"$i":"accessibility-progressbar","$v":"progress bar"},{"$i":"accessibility-slider","$v":"slider"},{"$i":"accessibility-spinbutton","$v":"spin button"},{"$i":"accessibility-diagram","$v":"diagram"},{"$i":"accessibility-animation","$v":"animation"},{"$i":"accessibility-equation","$v":"equation"},{"$i":"accessibility-buttonmenu","$v":"button menu"},{"$i":"accessibility-whitespace","$v":"white space"},{"$i":"accessibility-pagetablist","$v":"tab list"},{"$i":"accessibility-canvas","$v":"canvas"},{"$i":"accessibility-checkmenuitem","$v":"Double tap to activate"},{"$i":"accessibility-label","$v":"label"},{"$i":"accessibility-passwordtext","$v":"password text"},{"$i":"accessibility-radiomenuitem","$v":"radio menu item"},{"$i":"accessibility-textcontainer","$v":"text container"},{"$i":"accessibility-togglebutton","$v":"toggle button"},{"$i":"accessibility-treetable","$v":"tree table"},{"$i":"accessibility-header","$v":"header"},{"$i":"accessibility-footer","$v":"footer"},{"$i":"accessibility-paragraph","$v":"paragraph"},{"$i":"accessibility-entry","$v":"entry"},{"$i":"accessibility-caption","$v":"caption"},{"$i":"accessibility-heading","$v":"heading"},{"$i":"accessibility-section","$v":"section"},{"$i":"accessibility-form","$v":"form"},{"$i":"accessibility-comboboxlist","$v":"combo box list"},{"$i":"accessibility-comboboxoption","$v":"combo box option"},{"$i":"accessibility-imagemap","$v":"image map"},{"$i":"accessibility-listboxoption","$v":"option"},{"$i":"accessibility-listbox","$v":"list box"},{"$i":"accessibility-flatequation","$v":"flat equation"},{"$i":"accessibility-gridcell","$v":"gridcell"},{"$i":"accessibility-note","$v":"note"},{"$i":"accessibility-figure","$v":"figure"},{"$i":"accessibility-definitionlist","$v":"definition list"},{"$i":"accessibility-term","$v":"term"},{"$i":"accessibility-definition","$v":"definition"},{"$i":"accessibility-textarea","$v":"text area"},{"$i":"accessibility-textInputType_date","$v":"date"},{"$i":"accessibility-textInputType_email","$v":"e-mail"},{"$i":"accessibility-textInputType_search","$v":"search"},{"$i":"accessibility-textInputType_tel","$v":"telephone"},{"$i":"accessibility-textInputType_url","$v":"URL"},{"$i":"accessibility-headingLevel","$v":["heading level ",{"t":"idOrVar","v":"0"}]},{"$i":"accessibility-listStart","$v":"First item"},{"$i":"accessibility-listEnd","$v":"Last item"},{"$i":"accessibility-listItemsCount","$v":{"few":[{"t":"idOrVar","v":"count"}," items"],"many":[{"t":"idOrVar","v":"count"}," items"],"one":[{"t":"idOrVar","v":"count"}," item"],"other":[{"t":"idOrVar","v":"count"}," items"],"two":[{"t":"idOrVar","v":"count"}," items"],"zero":[{"t":"idOrVar","v":"count"}," items"]},"$x":[{"t":"idOrVar","v":"plural"},"count"]},{"$i":"accessibility-objItemOfN","$v":[{"t":"idOrVar","v":"0"}," of ",{"t":"idOrVar","v":"1"}]},{"$i":"accessibility-banner","$v":"banner"},{"$i":"accessibility-complementary","$v":"complementary"},{"$i":"accessibility-contentinfo","$v":"content info"},{"$i":"accessibility-main","$v":"main"},{"$i":"accessibility-navigation","$v":"navigation"},{"$i":"accessibility-search","$v":"search"},{"$i":"accessibility-tblColumnInfo","$v":{"few":["with ",{"t":"idOrVar","v":"count"}," columns"],"many":["with ",{"t":"idOrVar","v":"count"}," columns"],"one":["with ",{"t":"idOrVar","v":"count"}," column"],"other":["with ",{"t":"idOrVar","v":"count"}," columns"],"two":["with ",{"t":"idOrVar","v":"count"}," columns"],"zero":["with ",{"t":"idOrVar","v":"count"}," columns"]},"$x":[{"t":"idOrVar","v":"plural"},"count"]},{"$i":"accessibility-tblRowInfo","$v":{"few":["and ",{"t":"idOrVar","v":"count"}," rows"],"many":["and ",{"t":"idOrVar","v":"count"}," rows"],"one":["and ",{"t":"idOrVar","v":"count"}," row"],"other":["and ",{"t":"idOrVar","v":"count"}," rows"],"two":["and ",{"t":"idOrVar","v":"count"}," rows"],"zero":["and ",{"t":"idOrVar","v":"count"}," rows"]},"$x":[{"t":"idOrVar","v":"plural"},"count"]},{"$i":"accessibility-columnInfo","$v":["Column ",{"t":"idOrVar","v":"0"}]},{"$i":"accessibility-rowInfo","$v":["Row ",{"t":"idOrVar","v":"0"}]},{"$i":"accessibility-spansColumns","$v":{"few":["spans ",{"t":"idOrVar","v":"0"}," columns"],"many":["spans ",{"t":"idOrVar","v":"0"}," columns"],"one":["spans ",{"t":"idOrVar","v":"0"}," column"],"other":["spans ",{"t":"idOrVar","v":"0"}," columns"],"two":["spans ",{"t":"idOrVar","v":"0"}," columns"],"zero":["spans ",{"t":"idOrVar","v":"0"}," columns"]},"$x":[{"t":"idOrVar","v":"plural"},"0"]},{"$i":"accessibility-spansRows","$v":{"few":["spans ",{"t":"idOrVar","v":"0"}," rows"],"many":["spans ",{"t":"idOrVar","v":"0"}," rows"],"one":["spans ",{"t":"idOrVar","v":"0"}," row"],"other":["spans ",{"t":"idOrVar","v":"0"}," rows"],"two":["spans ",{"t":"idOrVar","v":"0"}," rows"],"zero":["spans ",{"t":"idOrVar","v":"0"}," rows"]},"$x":[{"t":"idOrVar","v":"plural"},"0"]},{"$i":"accessibility-jumpAction","$v":"jumped"},{"$i":"accessibility-pressAction","$v":"pressed"},{"$i":"accessibility-checkAction","$v":"checked"},{"$i":"accessibility-uncheckAction","$v":"unchecked"},{"$i":"accessibility-selectAction","$v":"selected"},{"$i":"accessibility-unselectAction","$v":"unselected"},{"$i":"accessibility-openAction","$v":"opened"},{"$i":"accessibility-closeAction","$v":"closed"},{"$i":"accessibility-switchAction","$v":"switched"},{"$i":"accessibility-clickAction","$v":"clicked"},{"$i":"accessibility-collapseAction","$v":"collapsed"},{"$i":"accessibility-expandAction","$v":"expanded"},{"$i":"accessibility-activateAction","$v":"activated"},{"$i":"accessibility-cycleAction","$v":"cycled"},{"$i":"accessibility-hidden","$v":"hidden"},{"$i":"accessibility-tabLoading","$v":"loading"},{"$i":"accessibility-tabLoaded","$v":"loaded"},{"$i":"accessibility-tabNew","$v":"new tab"},{"$i":"accessibility-tabLoadStopped","$v":"loading stopped"},{"$i":"accessibility-tabReload","$v":"reloading"},{"$i":"accessibility-stateChecked","$v":"checked"},{"$i":"accessibility-stateNotChecked","$v":"not checked"},{"$i":"accessibility-statePressed","$v":"pressed"},{"$i":"accessibility-stateExpanded","$v":"expanded"},{"$i":"accessibility-stateCollapsed","$v":"collapsed"},{"$i":"accessibility-stateUnavailable","$v":"unavailable"},{"$i":"accessibility-stateRequired","$v":"required"},{"$i":"accessibility-stateTraversed","$v":"visited"},{"$i":"accessibility-stateHasPopup","$v":"has pop up"},{"$i":"accessibility-stateSelected","$v":"selected"},{"$i":"accessibility-editingMode","$v":"editing"},{"$i":"accessibility-navigationMode","$v":"navigating"},{"$i":"accessibility-quicknav_Simple","$v":"Default"},{"$i":"accessibility-quicknav_Anchor","$v":"Anchors"},{"$i":"accessibility-quicknav_Button","$v":"Buttons"},{"$i":"accessibility-quicknav_Combobox","$v":"Combo boxes"},{"$i":"accessibility-quicknav_Landmark","$v":"Landmarks"},{"$i":"accessibility-quicknav_Entry","$v":"Entries"},{"$i":"accessibility-quicknav_FormElement","$v":"Form elements"},{"$i":"accessibility-quicknav_Graphic","$v":"Images"},{"$i":"accessibility-quicknav_Heading","$v":"Headings"},{"$i":"accessibility-quicknav_ListItem","$v":"List items"},{"$i":"accessibility-quicknav_Link","$v":"Links"},{"$i":"accessibility-quicknav_List","$v":"Lists"},{"$i":"accessibility-quicknav_PageTab","$v":"Page tabs"},{"$i":"accessibility-quicknav_RadioButton","$v":"Radio buttons"},{"$i":"accessibility-quicknav_Separator","$v":"Separators"},{"$i":"accessibility-quicknav_Table","$v":"Tables"},{"$i":"accessibility-quicknav_Checkbox","$v":"Check boxes"},{"$i":"accessibility-menubarAbbr","$v":"menu bar"},{"$i":"accessibility-scrollbarAbbr","$v":"scroll bar"},{"$i":"accessibility-gripAbbr","$v":"grip"},{"$i":"accessibility-alertAbbr","$v":"alert"},{"$i":"accessibility-menupopupAbbr","$v":"menu popup"},{"$i":"accessibility-documentAbbr","$v":"document"},{"$i":"accessibility-paneAbbr","$v":"pane"},{"$i":"accessibility-dialogAbbr","$v":"dialogue"},{"$i":"accessibility-separatorAbbr","$v":"separator"},{"$i":"accessibility-toolbarAbbr","$v":"toolbar"},{"$i":"accessibility-statusbarAbbr","$v":"status bar"},{"$i":"accessibility-tableAbbr","$v":"tbl"},{"$i":"accessibility-columnheaderAbbr","$v":"column header"},{"$i":"accessibility-rowheaderAbbr","$v":"row header"},{"$i":"accessibility-columnAbbr","$v":"column"},{"$i":"accessibility-rowAbbr","$v":"row"},{"$i":"accessibility-cellAbbr","$v":"cell"},{"$i":"accessibility-linkAbbr","$v":"lnk"},{"$i":"accessibility-listAbbr","$v":"list"},{"$i":"accessibility-listitemAbbr","$v":"list item"},{"$i":"accessibility-outlineAbbr","$v":"outline"},{"$i":"accessibility-outlineitemAbbr","$v":"outline item"},{"$i":"accessibility-pagetabAbbr","$v":"tab"},{"$i":"accessibility-propertypageAbbr","$v":"property page"},{"$i":"accessibility-graphicAbbr","$v":"graphic"},{"$i":"accessibility-pushbuttonAbbr","$v":"btn"},{"$i":"accessibility-checkbuttonAbbr","$v":"check button"},{"$i":"accessibility-radiobuttonAbbr","$v":"radio button"},{"$i":"accessibility-comboboxAbbr","$v":"combo box"},{"$i":"accessibility-progressbarAbbr","$v":"progress bar"},{"$i":"accessibility-sliderAbbr","$v":"slider"},{"$i":"accessibility-spinbuttonAbbr","$v":"spin button"},{"$i":"accessibility-diagramAbbr","$v":"diagram"},{"$i":"accessibility-animationAbbr","$v":"animation"},{"$i":"accessibility-equationAbbr","$v":"equation"},{"$i":"accessibility-buttonmenuAbbr","$v":"button menu"},{"$i":"accessibility-whitespaceAbbr","$v":"white space"},{"$i":"accessibility-pagetablistAbbr","$v":"tab list"},{"$i":"accessibility-canvasAbbr","$v":"canvas"},{"$i":"accessibility-checkmenuitemAbbr","$v":"check menu item"},{"$i":"accessibility-labelAbbr","$v":"label"},{"$i":"accessibility-passwordtextAbbr","$v":"passwdtxt"},{"$i":"accessibility-radiomenuitemAbbr","$v":"radio menu item"},{"$i":"accessibility-textcontainerAbbr","$v":"text container"},{"$i":"accessibility-togglebuttonAbbr","$v":"toggle button"},{"$i":"accessibility-treetableAbbr","$v":"tree table"},{"$i":"accessibility-headerAbbr","$v":"header"},{"$i":"accessibility-footerAbbr","$v":"footer"},{"$i":"accessibility-paragraphAbbr","$v":"paragraph"},{"$i":"accessibility-entryAbbr","$v":"entry"},{"$i":"accessibility-captionAbbr","$v":"caption"},{"$i":"accessibility-headingAbbr","$v":"heading"},{"$i":"accessibility-sectionAbbr","$v":"section"},{"$i":"accessibility-formAbbr","$v":"form"},{"$i":"accessibility-comboboxlistAbbr","$v":"combo box list"},{"$i":"accessibility-comboboxoptionAbbr","$v":"combo box option"},{"$i":"accessibility-imagemapAbbr","$v":"imgmap"},{"$i":"accessibility-listboxoptionAbbr","$v":"option"},{"$i":"accessibility-listboxAbbr","$v":"list box"},{"$i":"accessibility-flatequationAbbr","$v":"flat equation"},{"$i":"accessibility-gridcellAbbr","$v":"gridcell"},{"$i":"accessibility-noteAbbr","$v":"note"},{"$i":"accessibility-figureAbbr","$v":"fig"},{"$i":"accessibility-definitionlistAbbr","$v":"definition list"},{"$i":"accessibility-termAbbr","$v":"term"},{"$i":"accessibility-definitionAbbr","$v":"definition"},{"$i":"accessibility-textareaAbbr","$v":"txtarea"},{"$i":"accessibility-tblColumnInfoAbbr","$v":{"few":[{"t":"idOrVar","v":"count"},"c"],"many":[{"t":"idOrVar","v":"count"},"c"],"one":[{"t":"idOrVar","v":"count"},"c"],"other":[{"t":"idOrVar","v":"count"},"c"],"two":[{"t":"idOrVar","v":"count"},"c"]},"$x":[{"t":"idOrVar","v":"plural"},"count"]},{"$i":"accessibility-tblRowInfoAbbr","$v":{"few":[{"t":"idOrVar","v":"count"},"r"],"many":[{"t":"idOrVar","v":"count"},"r"],"one":[{"t":"idOrVar","v":"count"},"r"],"other":[{"t":"idOrVar","v":"count"},"r"],"two":[{"t":"idOrVar","v":"count"},"r"]},"$x":[{"t":"idOrVar","v":"plural"},"count"]},{"$i":"accessibility-cellInfoAbbr","$v":["c",{"t":"idOrVar","v":"0"},"r",{"t":"idOrVar","v":"1"}]},{"$i":"accessibility-stateCheckedAbbr","$v":"(x)"},{"$i":"accessibility-stateUncheckedAbbr","$v":"( )"},{"$i":"accessibility-statePressedAbbr","$v":"(x)"},{"$i":"accessibility-stateUnpressedAbbr","$v":"( )"},{"$i":"accessibility-pushbutton-hint","$v":"Double tap to activate"},{"$i":"accessibility-checkbutton-hint","$v":"Double tap to activate"},{"$i":"accessibility-combobox-hint","$v":"Double tap to activate"},{"$i":"accessibility-key-hint","$v":"Tap and hold to activate"},{"$i":"accessibility-link-hint","$v":"Double tap to activate"},{"$i":"accessibility-menuitem-hint","$v":"Double tap to activate"},{"$i":"accessibility-option-hint","$v":"Double tap to activate"},{"$i":"accessibility-radiobutton-hint","$v":"Double tap to activate"},{"$i":"accessibility-slider-hint","$v":"Swipe up to increase or down to decrease"},{"$i":"accessibility-spinbutton-hint","$v":"Swipe up to increase or down to decrease"},{"$i":"accessibility-pagetab-hint","$v":"Double tap to activate"},{"$i":"accessibility-entry-hint","$v":"Double tap to activate"},{"$i":"accessibility-outlineitem-hint","$v":"Double tap to activate"},{"$i":"SoftLeft","$v":"venstre funksjonstast"},{"$i":"Enter","$v":"OK-tast"},{"$i":"SoftRight","$v":"høyre funksjonstast"},{"$i":"weekday-0-long","$v":"Søndag"},{"$i":"weekday-1-long","$v":"Mandag"},{"$i":"weekday-2-long","$v":"Tirsdag"},{"$i":"weekday-3-long","$v":"Onsdag"},{"$i":"weekday-4-long","$v":"Torsdag"},{"$i":"weekday-5-long","$v":"Fredag"},{"$i":"weekday-6-long","$v":"Lørdag"},{"$i":"weekday-0-short","$v":"Sø."},{"$i":"weekday-1-short","$v":"Ma."},{"$i":"weekday-2-short","$v":"Ti."},{"$i":"weekday-3-short","$v":"On."},{"$i":"weekday-4-short","$v":"To."},{"$i":"weekday-5-short","$v":"Fr."},{"$i":"weekday-6-short","$v":"Lø."},{"$i":"month-0-long","$v":"Januar"},{"$i":"month-1-long","$v":"Februar"},{"$i":"month-2-long","$v":"Mars"},{"$i":"month-3-long","$v":"April"},{"$i":"month-4-long","$v":"Mai"},{"$i":"month-5-long","$v":"Juni"},{"$i":"month-6-long","$v":"Juli"},{"$i":"month-7-long","$v":"August"},{"$i":"month-8-long","$v":"September"},{"$i":"month-9-long","$v":"Oktober"},{"$i":"month-10-long","$v":"November"},{"$i":"month-11-long","$v":"Desember"},{"$i":"month-0-genitive","$v":"Januar"},{"$i":"month-1-genitive","$v":"Februar"},{"$i":"month-2-genitive","$v":"Mars"},{"$i":"month-3-genitive","$v":"April"},{"$i":"month-4-genitive","$v":"Mai"},{"$i":"month-5-genitive","$v":"Juni"},{"$i":"month-6-genitive","$v":"Juli"},{"$i":"month-7-genitive","$v":"August"},{"$i":"month-8-genitive","$v":"September"},{"$i":"month-9-genitive","$v":"Oktober"},{"$i":"month-10-genitive","$v":"November"},{"$i":"month-11-genitive","$v":"Desember"},{"$i":"month-0-short","$v":"Jan."},{"$i":"month-1-short","$v":"Feb."},{"$i":"month-2-short","$v":"Mars"},{"$i":"month-3-short","$v":"Apr."},{"$i":"month-4-short","$v":"Mai"},{"$i":"month-5-short","$v":"Juni"},{"$i":"month-6-short","$v":"Juli"},{"$i":"month-7-short","$v":"Aug."},{"$i":"month-8-short","$v":"Sep."},{"$i":"month-9-short","$v":"Okt."},{"$i":"month-10-short","$v":"Nov."},{"$i":"month-11-short","$v":"Des."},{"$i":"minutes-ago-long","$v":{"few":[{"t":"idOrVar","v":"value"}," minutter siden"],"many":[{"t":"idOrVar","v":"value"}," minutter siden"],"one":"et minutt siden","other":[{"t":"idOrVar","v":"value"}," minutter siden"],"two":[{"t":"idOrVar","v":"value"}," minutter siden"],"zero":"akkurat nå"},"$x":[{"t":"idOrVar","v":"plural"},"value"]},{"$i":"hours-ago-long","$v":{"few":[{"t":"idOrVar","v":"value"}," timer siden"],"many":[{"t":"idOrVar","v":"value"}," timer siden"],"one":"en time siden","other":[{"t":"idOrVar","v":"value"}," timer siden"],"two":[{"t":"idOrVar","v":"value"}," timer siden"],"zero":"akkurat nå"},"$x":[{"t":"idOrVar","v":"plural"},"value"]},{"$i":"days-ago-long","$v":{"few":[{"t":"idOrVar","v":"value"}," dager siden"],"many":[{"t":"idOrVar","v":"value"}," dager siden"],"one":"i går","other":[{"t":"idOrVar","v":"value"}," dager siden"],"two":[{"t":"idOrVar","v":"value"}," dager siden"],"zero":"i dag"},"$x":[{"t":"idOrVar","v":"plural"},"value"]},{"$i":"weeks-ago-long","$v":{"few":[{"t":"idOrVar","v":"value"}," uker siden"],"many":[{"t":"idOrVar","v":"value"}," uker siden"],"one":"sist uke","other":[{"t":"idOrVar","v":"value"}," uker siden"],"two":[{"t":"idOrVar","v":"value"}," uker siden"],"zero":"denne uken"},"$x":[{"t":"idOrVar","v":"plural"},"value"]},{"$i":"months-ago-long","$v":{"few":[{"t":"idOrVar","v":"value"}," måneder siden"],"many":[{"t":"idOrVar","v":"value"}," måneder siden"],"one":"sist måned","other":[{"t":"idOrVar","v":"value"}," måneder siden"],"two":[{"t":"idOrVar","v":"value"}," måneder siden"],"zero":"denne måneden"},"$x":[{"t":"idOrVar","v":"plural"},"value"]},{"$i":"years-ago-long","$v":{"few":[{"t":"idOrVar","v":"value"}," år siden"],"many":[{"t":"idOrVar","v":"value"}," år siden"],"one":"i fjor","other":[{"t":"idOrVar","v":"value"}," år siden"],"two":[{"t":"idOrVar","v":"value"}," år siden"],"zero":"i år"},"$x":[{"t":"idOrVar","v":"plural"},"value"]},{"$i":"minutes-until-long","$v":{"few":["om ",{"t":"idOrVar","v":"value"}," minutter"],"many":["om ",{"t":"idOrVar","v":"value"}," minutter"],"one":"om ett minutt","other":["om ",{"t":"idOrVar","v":"value"}," minutter"],"two":["om ",{"t":"idOrVar","v":"value"}," minutter"],"zero":"nå"},"$x":[{"t":"idOrVar","v":"plural"},"value"]},{"$i":"hours-until-long","$v":{"few":["om ",{"t":"idOrVar","v":"value"}," timer"],"many":["om ",{"t":"idOrVar","v":"value"}," timer"],"one":"om én time","other":["om ",{"t":"idOrVar","v":"value"}," timer"],"two":["om ",{"t":"idOrVar","v":"value"}," timer"],"zero":"nå"},"$x":[{"t":"idOrVar","v":"plural"},"value"]},{"$i":"days-until-long","$v":{"few":["om ",{"t":"idOrVar","v":"value"}," dager"],"many":["om ",{"t":"idOrVar","v":"value"}," dager"],"one":"i morgen","other":["om ",{"t":"idOrVar","v":"value"}," dager"],"two":["om ",{"t":"idOrVar","v":"value"}," dager"],"zero":"i dag"},"$x":[{"t":"idOrVar","v":"plural"},"value"]},{"$i":"weeks-until-long","$v":{"few":["om ",{"t":"idOrVar","v":"value"}," uker"],"many":["om ",{"t":"idOrVar","v":"value"}," uker"],"one":"neste uke","other":["om ",{"t":"idOrVar","v":"value"}," uker"],"two":["om ",{"t":"idOrVar","v":"value"}," uker"],"zero":"denne uken"},"$x":[{"t":"idOrVar","v":"plural"},"value"]},{"$i":"months-until-long","$v":{"few":["om ",{"t":"idOrVar","v":"value"}," måneder"],"many":["om ",{"t":"idOrVar","v":"value"}," måneder"],"one":"neste måned","other":["om ",{"t":"idOrVar","v":"value"}," måneder"],"two":["om ",{"t":"idOrVar","v":"value"}," måneder"],"zero":"denne måneden"},"$x":[{"t":"idOrVar","v":"plural"},"value"]},{"$i":"years-until-long","$v":{"few":["om ",{"t":"idOrVar","v":"value"}," år"],"many":["om ",{"t":"idOrVar","v":"value"}," år"],"one":"neste år","other":["om ",{"t":"idOrVar","v":"value"}," år"],"two":["om ",{"t":"idOrVar","v":"value"}," år"],"zero":"i år"},"$x":[{"t":"idOrVar","v":"plural"},"value"]},{"$i":"minutes-ago-short","$v":{"other":[{"t":"idOrVar","v":"value"}," m siden"],"zero":"akkurat nå"},"$x":[{"t":"idOrVar","v":"plural"},"value"]},{"$i":"hours-ago-short","$v":{"other":[{"t":"idOrVar","v":"value"}," t siden"],"zero":"akkurat nå"},"$x":[{"t":"idOrVar","v":"plural"},"value"]},{"$i":"days-ago-short","$v":{"other":[{"t":"idOrVar","v":"value"}," d siden"],"zero":"i dag"},"$x":[{"t":"idOrVar","v":"plural"},"value"]},{"$i":"minutes-until-short","$v":{"other":["om ",{"t":"idOrVar","v":"value"},"m"],"zero":"nå"},"$x":[{"t":"idOrVar","v":"plural"},"value"]},{"$i":"hours-until-short","$v":{"other":["om ",{"t":"idOrVar","v":"value"},"t"],"zero":"nå"},"$x":[{"t":"idOrVar","v":"plural"},"value"]},{"$i":"days-until-short","$v":{"other":["om ",{"t":"idOrVar","v":"value"},"d"],"zero":"i dag"},"$x":[{"t":"idOrVar","v":"plural"},"value"]},{"$i":"incorrectDate","$v":"(feil dato)"},{"$i":"dateTimeFormat_%c","$v":"%a %b %e %Y %I:%M:%S %p"},{"$i":"dateTimeFormat_%x","$v":"%m/%d/%Y"},{"$i":"dateTimeFormat_%X","$v":"%I:%M:%S %p"},{"$i":"shortTimeFormat","$v":"%I:%M %p"},{"$i":"shortTimeFormat12","$v":"%I:%M %p"},{"$i":"shortTimeFormat24","$v":"%H:%M"},{"$i":"shortDateTimeFormat","$v":"%x %I:%M %p"},{"$i":"weekStartsOnMonday","$v":"0.0"},{"$i":"firstDayOfTheWeek","$v":"1.0"},{"$i":"time_am","$v":"AM"},{"$i":"time_pm","$v":"PM"},{"$i":"title-app","$v":"App-tillatelse"},{"$i":"title-web","$v":"Nettstedtillatelse"},{"$i":"title-cam","$v":"Velg kamera"},{"$i":"perm-alarms","$v":"Planlagte alarmer"},{"$i":"perm-audio-capture","$v":"Mikrofon"},{"$i":"perm-audio-capture-appRequest","$v":["Vil du dele mikrofonen med ",{"t":"idOrVar","v":"app"},"?"]},{"$i":"perm-audio-capture-webRequest","$v":["Vil du dele mikrofonen med ",{"t":"idOrVar","v":"site"},"?"]},{"$i":"perm-audio-channel-content","$v":"Spill lyder"},{"$i":"perm-audio-channel-notification","$v":"Spill varsellyder"},{"$i":"perm-audio-channel-ringer","$v":"Play Ringtone Sounds"},{"$i":"perm-background-sensors","$v":"Få tilgang til sensordata"},{"$i":"perm-bluetooth","$v":"Bluetooth"},{"$i":"perm-browser","$v":"Inspiser nettsider"},{"$i":"perm-camera","$v":"Kameraer"},{"$i":"perm-camera-selector-appRequest","$v":["Velg et kamera for ",{"t":"idOrVar","v":"app"},"."]},{"$i":"perm-camera-selector-webRequest","$v":["Velg et kamera for ",{"t":"idOrVar","v":"site"},"."]},{"$i":"perm-camera-appRequest","$v":[{"t":"idOrVar","v":"app"}," vil bruke kameraet ditt."]},{"$i":"perm-camera-webRequest","$v":[{"t":"idOrVar","v":"site"}," vil bruke kameraet ditt."]},{"$i":"perm-cellbroadcast","$v":"Mobilkringkastinger"},{"$i":"perm-contacts","$v":"Kontakter"},{"$i":"perm-contacts-appRequest","$v":[{"t":"idOrVar","v":"app"}," vil ha tilgang til kontaktlisten din."]},{"$i":"perm-contacts-webRequest","$v":[{"t":"idOrVar","v":"site"}," vil ha tilgang til kontaktlisten din."]},{"$i":"perm-desktop-notification","$v":"Varsler"},{"$i":"perm-desktop-notification-appRequest","$v":[{"t":"idOrVar","v":"app"}," vil vise varsler."]},{"$i":"perm-desktop-notification-webRequest","$v":[{"t":"idOrVar","v":"site"}," vil vise varsler."]},{"$i":"perm-device-storage-apps","$v":"App-lagring"},{"$i":"perm-device-storage-music","$v":"Musikklagring"},{"$i":"perm-device-storage-music-appRequest","$v":[{"t":"idOrVar","v":"app"}," vil ha tilgang til musikken din."]},{"$i":"perm-device-storage-music-webRequest","$v":[{"t":"idOrVar","v":"site"}," vil ha tilgang til musikken din."]},{"$i":"perm-device-storage-pictures","$v":"Bildelagring"},{"$i":"perm-device-storage-pictures-appRequest","$v":[{"t":"idOrVar","v":"app"}," vil ha tilgang til bildene dine."]},{"$i":"perm-device-storage-pictures-webRequest","$v":[{"t":"idOrVar","v":"site"}," vil ha tilgang til bildene dine."]},{"$i":"perm-device-storage-sdcard","$v":"Minnekortlagring"},{"$i":"perm-device-storage-sdcard-appRequest","$v":[{"t":"idOrVar","v":"app"}," vil ha tilgang til minnekortet ditt."]},{"$i":"perm-device-storage-sdcard-webRequest","$v":[{"t":"idOrVar","v":"site"}," vil ha tilgang til minnekortet ditt."]},{"$i":"perm-device-storage-videos","$v":"Videolagring"},{"$i":"perm-device-storage-videos-appRequest","$v":[{"t":"idOrVar","v":"app"}," vil ha tilgang til videoene dine."]},{"$i":"perm-device-storage-videos-webRequest","$v":[{"t":"idOrVar","v":"site"}," vil ha tilgang til videoene dine."]},{"$i":"perm-fullscreen-appRequest","$v":[{"t":"idOrVar","v":"app"}," er nå i fullskjerm."]},{"$i":"perm-fullscreen-webRequest","$v":[{"t":"idOrVar","v":"site"}," er nå i fullskjerm."]},{"$i":"perm-embed-apps","$v":"Bygg inn apper"},{"$i":"perm-fmradio","$v":"FM-radio"},{"$i":"perm-fmradio-appRequest","$v":[{"t":"idOrVar","v":"app"}," vil bruke FM-radioen."]},{"$i":"perm-fmradio-webRequest","$v":[{"t":"idOrVar","v":"site"}," vil bruke FM-radioen."]},{"$i":"perm-geolocation","$v":"Geolokasjon"},{"$i":"perm-geolocation-appRequest","$v":[{"t":"idOrVar","v":"app"}," vil vite lokasjonen din."]},{"$i":"perm-geolocation-more-info","$v":[{"t":"idOrVar","v":"brandShortName"}," bruker GPS og annen ekstrainformasjon slik som Wi-Fi og mobile nettverk for å beregne lokasjonen din. Lokasjonsdata kan bli brukt av ",{"t":"idOrVar","v":"brandShortName"}," og tjenesteleverandører for å forbedre nøyaktigheten og dekningen av lokasjonsdatabasene.",{"t":"idOrVar","v":"brandShortName"}," vil alltid be om tillatelse når et program trenger adgang til enhetens lokasjon."]},{"$i":"perm-geolocation-webRequest","$v":[{"t":"idOrVar","v":"site"}," vil vite lokasjonen din."]},{"$i":"perm-idle","$v":"Se hvilemodus"},{"$i":"perm-indexedDB-chrome-settings","$v":"Privilegert IndexedDB"},{"$i":"perm-indexedDB-unlimited","$v":"Ubegrenset indeksert DB-lagring"},{"$i":"perm-input-manage","$v":"Administrer tastaturer"},{"$i":"perm-input","$v":"Funger som tastatur"},{"$i":"perm-media-capture","$v":"Kamera og mikrofon"},{"$i":"perm-media-capture-appRequest","$v":["Vil du dele kameraet og mikrofonen med ",{"t":"idOrVar","v":"app"},"?"]},{"$i":"perm-media-capture-webRequest","$v":["Vil du dele kameraet og mikrofonen med ",{"t":"idOrVar","v":"site"},"?"]},{"$i":"perm-mobileconnection","$v":"Mobiltilkobling"},{"$i":"perm-mobileid","$v":"Mobilidentitet"},{"$i":"perm-network-events","$v":"Nettverkshendelser"},{"$i":"perm-open-remote-window","$v":"Start en app"},{"$i":"perm-permissions","$v":"Endre apptillatelser"},{"$i":"perm-power","$v":"Innstillinger for strøm"},{"$i":"perm-settings","$v":"Endre innstillinger"},{"$i":"perm-systemXHR","$v":"Forespørsler på tvers av opprinnelse"},{"$i":"perm-telephony","$v":"Telefoni"},{"$i":"perm-video-capture","$v":"Kamera"},{"$i":"perm-video-capture-appRequest","$v":["Vil du dele kameraet med ",{"t":"idOrVar","v":"app"},"?"]},{"$i":"perm-video-capture-webRequest","$v":["Vil du dele kameraet med ",{"t":"idOrVar","v":"site"},"?"]},{"$i":"perm-voicemail","$v":"Kontroller talepost"},{"$i":"perm-webapps-manage","$v":"Installer nettapper"},{"$i":"perm-wifi-manage","$v":"Administrer Wi-Fi"},{"$i":"perm-attention","$v":"Åpen overliggende popup"},{"$i":"perm-audio-channel-alarm","$v":"Spill alarmlyder"},{"$i":"perm-audio-channel-normal","$v":"Spill lyder"},{"$i":"perm-audio-channel-publicnotification","$v":"Spill offentlige varsellyder"},{"$i":"perm-audio-channel-telephony","$v":"Spill telefonilyder"},{"$i":"perm-backgroundservice","$v":"Funger som bakgrunnstjeneste"},{"$i":"perm-device-storage-crashes","$v":"Lagring av krasjdata"},{"$i":"perm-downloads","$v":"Få tilgang til nedlastinger"},{"$i":"perm-embed-widgets","$v":"Bygg inn widgeter"},{"$i":"perm-feature-detection","$v":"Funksjonsoppdagelse"},{"$i":"perm-firefox-accounts","$v":"Firefox-kontoer"},{"$i":"perm-mobilenetwork","$v":"Mobilnettverk"},{"$i":"perm-moz-attention","$v":"Åpen overliggende popup (moz)"},{"$i":"perm-moz-audio-channel-ringer","$v":"Play Ringtone Sounds (moz)"},{"$i":"perm-moz-audio-channel-telephony","$v":"Spill telefonilyder (moz)"},{"$i":"perm-moz-firefox-accounts","$v":"Firefox-kontoer (moz)"},{"$i":"perm-networkstats-manage","$v":"Kontroller bruksstatestikk"},{"$i":"perm-nfc","$v":"NFC"},{"$i":"perm-nfc-hci-events","$v":"NFC HCI-hendelser"},{"$i":"perm-nfc-manager","$v":"Administrer NFC"},{"$i":"perm-phonenumberservice","$v":"Telefonnummertjeneste"},{"$i":"perm-push","$v":"Push API"},{"$i":"perm-resourcestats-manage","$v":"Ressursstatistikk"},{"$i":"perm-sms","$v":"Send og les SMS"},{"$i":"perm-speaker-control","$v":"Kontroller volum"},{"$i":"perm-storage","$v":"Få tilgang til lagring"},{"$i":"perm-tcp-socket","$v":"TCP-kontakter"},{"$i":"perm-test-permission","$v":"Test Permission"},{"$i":"perm-time","$v":"Angi dato og klokkeslett"},{"$i":"perm-udp-socket","$v":"UDP-kontakter"},{"$i":"perm-wappush","$v":"WAP-push"},{"$i":"stopped_download_title","$v":"Nedlasting stoppet"},{"$i":"kai-stopped_download_message","$v":"This download was stopped. Would you like to resume downloading?"},{"$i":"stopped_download_left_button","$v":"Avbryt"},{"$i":"stopped_download_right_button","$v":"Prøv igjen"},{"$i":"failed_download_title","$v":"Nedlasting mislyktes"},{"$i":"failed_download_message","$v":[{"t":"idOrVar","v":"name"}," kunne ikke laste ned. Prøve på nytt?"]},{"$i":"failed_download_left_button","$v":"Avbryt"},{"$i":"failed_download_right_button","$v":"Prøv igjen"},{"$i":"stop_download_title","$v":"Stopp nedlasting"},{"$i":"stop_download_message","$v":"Er du sikker på at du vil stoppe nedlastingen?"},{"$i":"stop_download_left_button","$v":"Avbryt"},{"$i":"stop_download_right_button","$v":"Stopp"},{"$i":"delete_download_title","$v":"Slett"},{"$i":"delete_download_message","$v":["Slette ",{"t":"idOrVar","v":"name"},"?"]},{"$i":"delete_download_left_button","$v":"Avbryt"},{"$i":"delete_download_right_button","$v":"Slett"},{"$i":"delete_all_download_title","$v":"Slett"},{"$i":"delete_all_download_left_button","$v":"Avbryt"},{"$i":"delete_all_download_right_button","$v":"Slett"},{"$i":"delete_all_download_message_ext","$v":"Slette valgte filer?"},{"$i":"delete_all_download_message","$v":{"few":["Slette ",{"t":"idOrVar","v":"number"}," filer?"],"many":["Slette ",{"t":"idOrVar","v":"number"}," filer?"],"one":"Slette én fil?","other":["Slette ",{"t":"idOrVar","v":"number"}," filer?"],"two":["Slette ",{"t":"idOrVar","v":"number"}," filer?"],"zero":"Slette ingen filer?"},"$x":[{"t":"idOrVar","v":"plural"},"number"]},{"$i":"unsupported_file_type_download_title","$v":"Kan ikke åpne"},{"$i":"unsupported_file_type_download_message","$v":["Det finnes ingen app som kan åpne ",{"t":"idOrVar","v":"name"},". Vil du lagre filen eller slette den?"]},{"$i":"unsupported_file_type_download_left_button","$v":"Behold fil"},{"$i":"unsupported_file_type_download_right_button","$v":"Slett"},{"$i":"file_not_found_download_title","$v":"Fil ikke funnet"},{"$i":"file_not_found_download_message","$v":"Kunne ikke finne filen på enheten"},{"$i":"file_not_found_download_right_button","$v":"OK"},{"$i":"unmounted_sdcard_2_download_title","$v":"Minnekort i bruk"},{"$i":"unmounted_sdcard_2_download_message","$v":"Koble fra telefonen"},{"$i":"unmounted_sdcard_2_download_right_button","$v":"OK"},{"$i":"no_provider_download_title","$v":"Kan ikke åpne"},{"$i":"no_provider_download_message","$v":"Dette filformatet er ugyldig eller støttes ikke."},{"$i":"no_provider_download_right_button","$v":"OK"},{"$i":"no_memory_download_title","$v":"SD-kort er fullt"},{"$i":"no_memory_download_message","$v":"SD-kortet har ikke tilstrekkelig plass for å lagre nedlastingen. Fjern noen filer før du begynner nedlastingen på nytt."},{"$i":"no_memory_download_right_button","$v":"OK"},{"$i":"no_sdcard_found_2_download_title","$v":"Ingen minnekort funnet"},{"$i":"no_sdcard_found_2_download_message","$v":"Sett inn et minnekort eller velg en alternativ standard medielokasjon i innstillinger"},{"$i":"no_sdcard_found_2_download_right_button","$v":"OK"},{"$i":"file_open_error_download_title","$v":"Bekreftelse"},{"$i":"file_open_error_download_message","$v":"Filformatet er ugyldig eller støttes ikke. Vil du slette filen?"},{"$i":"file_open_error_download_left_button","$v":"Behold fil"},{"$i":"file_open_error_download_right_button","$v":"Slett"},{"$i":"restart_download_error","$v":"Det oppstod en feil ved omstart av nedlastingen. Prøv å laste ned på nytt."},{"$i":"no-downloads","$v":"Ingen nedlastinger"},{"$i":"percentage","$v":[{"t":"idOrVar","v":"percentage"}," %"]},{"$i":"partialResult","$v":[{"t":"idOrVar","v":"partial"}," / ",{"t":"idOrVar","v":"total"}]},{"$i":"summary","$v":[{"t":"idOrVar","v":"date"}," – ",{"t":"idOrVar","v":"status"}]},{"$i":"download-stopped","$v":"Stoppet"},{"$i":"download-failed","$v":"Nedlasting mislyktes"},{"$i":"open_downloaded_file","$v":"Åpne"},{"$i":"share_downloaded_file","$v":"Del"},{"$i":"wallpaper_downloaded_file","$v":"Angi som bakgrunn"},{"$i":"ringtone_downloaded_file","$v":"Som ringetone"},{"$i":"cancel_downloaded_file","$v":"Avbryt"},{"$i":"voicemailNoNumberTitle","$v":"Talepostnummer er utilgjengelig"},{"$i":"voicemailNoNumberText","$v":"Kan ikke ringe til talepost. Konfigurer talepostnummeret for å foreta oppringingen."},{"$i":"voicemailNoNumberSettings","$v":"Innstillinger"},{"$i":"voicemailNoNumberCancel","$v":"Avbryt"},{"$i":"airplaneMode","$v":"Flymodus"},{"$i":"noNetwork","$v":"Ingen nettverk"},{"$i":"roaming","$v":[{"t":"idOrVar","v":"operator"}," (nettveksling)"]},{"$i":"operator-info","$v":[{"t":"idOrVar","v":"carrier"}," ",{"t":"idOrVar","v":"region"}]},{"$i":"emergencyCallsOnly","$v":"Kun nødanrop"},{"$i":"emergencyCallsOnly-unknownSIMState","$v":"(ukjent SIM-status)"},{"$i":"emergencyCallsOnly-noSIM","$v":"(ingen SIM)"},{"$i":"emergencyCallsOnly-pinRequired","$v":"(SIM PIN kreves)"},{"$i":"emergencyCallsOnly-pukRequired","$v":"(SIM PUK kreves)"},{"$i":"emergencyCallsOnly-networkLocked","$v":"(nettverk låst)"},{"$i":"emergencyCallsOnly-serviceProviderLocked","$v":"(tjenesteleverandørlåst)"},{"$i":"emergencyCallsOnly-corporateLocked","$v":"(bedriftslåst)"},{"$i":"emergencyCallsOnly-network1Locked","$v":"(nettverk1 låst)"},{"$i":"emergencyCallsOnly-network2Locked","$v":"(nettverk2 låst)"},{"$i":"emergencyCallsOnly-hrpdNetworkLocked","$v":"(hrpd-nettverk låst)"},{"$i":"emergencyCallsOnly-ruimCorporateLocked","$v":"(ruim bedriftslåst)"},{"$i":"emergencyCallsOnly-ruimServiceProviderLocked","$v":"(ruim tjenesteleverandørlåst)"},{"$i":"lockscreen-sim-id","$v":["SIM ",{"t":"idOrVar","v":"n"}]},{"$i":"charging-no-time","$v":[{"t":"idOrVar","v":"level"}," % ladet"]},{"$i":"charging-minutes","$v":{"few":[{"t":"idOrVar","v":"level"}," % ladet (",{"t":"idOrVar","v":"minutes"}," minutter før fulladet)"],"many":[{"t":"idOrVar","v":"level"}," % ladet (",{"t":"idOrVar","v":"minutes"}," minutter før fulladet)"],"one":[{"t":"idOrVar","v":"level"}," % ladet (",{"t":"idOrVar","v":"minutes"}," minutt før fulladet)"],"other":[{"t":"idOrVar","v":"level"}," % ladet (",{"t":"idOrVar","v":"minutes"}," minutter før fulladet)"],"two":[{"t":"idOrVar","v":"level"}," % ladet (",{"t":"idOrVar","v":"minutes"}," minutter før fulladet)"],"zero":[{"t":"idOrVar","v":"level"}," % ladet (",{"t":"idOrVar","v":"minutes"}," minutter før fulladet)"]},"$x":[{"t":"idOrVar","v":"plural"},"minutes"]},{"$i":"charging-hours","$v":{"few":[{"t":"idOrVar","v":"level"}," % ladet (",{"t":"idOrVar","v":"hours"},"t ",{"t":"idOrVar","v":"minutes"}," minutter før fulladet)"],"many":[{"t":"idOrVar","v":"level"}," % ladet (",{"t":"idOrVar","v":"hours"},"t ",{"t":"idOrVar","v":"minutes"}," minutter før fulladet)"],"one":[{"t":"idOrVar","v":"level"}," % ladet (",{"t":"idOrVar","v":"hours"},"t ",{"t":"idOrVar","v":"minutes"}," minutt før fulladet)"],"other":[{"t":"idOrVar","v":"level"}," % ladet (",{"t":"idOrVar","v":"hours"},"t ",{"t":"idOrVar","v":"minutes"}," minutter før fulladet)"],"two":[{"t":"idOrVar","v":"level"}," % ladet (",{"t":"idOrVar","v":"hours"},"t ",{"t":"idOrVar","v":"minutes"}," minutter før fulladet)"],"zero":[{"t":"idOrVar","v":"level"}," % ladet (",{"t":"idOrVar","v":"hours"},"t ",{"t":"idOrVar","v":"minutes"}," minutter før fulladet)"]},"$x":[{"t":"idOrVar","v":"plural"},"minutes"]}]