[{"$i":"ok","$v":"OK"},{"$i":"back","$v":"Voltar"},{"$i":"help","$v":"Ajuda"},{"$i":"cancel","$v":"Cancelar"},{"$i":"close","$v":"Fechar"},{"$i":"skip","$v":"Ignorar"},{"$i":"enable","$v":"Ativar"},{"$i":"turnOn","$v":"Ativar"},{"$i":"save","$v":"Salvar"},{"$i":"select","$v":"Selecionar"},{"$i":"deselect","$v":"Desmarcar"},{"$i":"go","$v":"Ir"},{"$i":"search","$v":"Pesquisar"},{"$i":"options","$v":"Opções"},{"$i":"exit","$v":"Sair"},{"$i":"signIn","$v":"Iniciar sessão"},{"$i":"dismiss","$v":"Cancelar"},{"$i":"dismiss-all","$v":"Cancelar tudo"},{"$i":"undo","ariaLabel":"Desfazer"},{"$i":"lockscreenEnterLockCode","$v":"Insira o código de 4 dígitos"},{"$i":"lockscreenCheckLockCode","$v":"Código inválido. Tente novamente."},{"$i":"lockscreenDeviceLocked","$v":"O dispositivo está bloqueado, tente novamente após 30 segundos."},{"$i":"pocketmodeLongPress","$v":"Deslize ou pressione"},{"$i":"pocketmodeToUnlock","$v":"para desbloquear"},{"$i":"enterPIN","$v":"Digite o código de 6 dígitos para desbloquear"},{"$i":"mediaPlaybackTrack","$v":"Título da faixa e artista"},{"$i":"mediaPlaybackControls","$v":"Controles de reprodução"},{"$i":"mediaPlaybackPrevious","$v":"Anterior"},{"$i":"mediaPlaybackPlay","$v":"Reproduzir"},{"$i":"mediaPlaybackPause","$v":"Pausar"},{"$i":"mediaPlaybackNext","$v":"Próximo"},{"$i":"UnknownTrack","$v":"Faixa desconhecida"},{"$i":"wifiButton-on","$v":"Wi-Fi ativado"},{"$i":"wifiButton-on-initializing","$v":"Wi-Fi ativado, inicializando"},{"$i":"wifiButton-off","$v":"Wi-Fi desativado"},{"$i":"dataButton-on","$v":["Dados ",{"t":"idOrVar","v":"type"}," ativados"]},{"$i":"dataButton-off","$v":["Dados ",{"t":"idOrVar","v":"type"}," desativados"]},{"$i":"bluetoothButton-on","$v":"Bluetooth ativado"},{"$i":"bluetoothButton-on-initializing","$v":"Bluetooth ativado. Inicializando"},{"$i":"bluetoothButton-off","$v":"Bluetooth desativado"},{"$i":"airplaneMode-on","$v":"Modo avião ativado"},{"$i":"airplaneMode-off","$v":"Modo avião desativado"},{"$i":"airplaneOff","$v":"Desativar modo avião"},{"$i":"settingsButton","ariaLabel":"Configurações"},{"$i":"simLabel","$v":["SIM ",{"t":"idOrVar","v":"id"}]},{"$i":"statusbarLabel","$v":[{"t":"idOrVar","v":"date"},", ",{"t":"idOrVar","v":"operator"}]},{"$i":"statusbarDateFormat","$v":"%b %e"},{"$i":"statusbar","ariaLabel":"Barra de status"},{"$i":"statusbarBattery","ariaLabel":["Porcentagem de bateria ",{"t":"idOrVar","v":"level"}]},{"$i":"statusbarBatteryCharging","ariaLabel":["Porcentagem de bateria ",{"t":"idOrVar","v":"level"},". Carregando"]},{"$i":"statusbarFlightMode","ariaLabel":"Modo avião ativado"},{"$i":"statusbarWiFiConnecting","$v":"Wi-Fi: conectando"},{"$i":"statusbarWiFiConnected","$v":["Wi-Fi: ",{"t":"idOrVar","v":"level"}," de 4 barras"]},{"$i":"statusbarSignal","$v":["Rede ",{"t":"idOrVar","v":"operator"},", ",{"t":"idOrVar","v":"level"}," de 5 barras"]},{"$i":"statusbarSignalRoaming","$v":["Rede ",{"t":"idOrVar","v":"operator"}," (roaming), ",{"t":"idOrVar","v":"level"}," de 5 barras"]},{"$i":"statusbarSignalNoneSearching","$v":"Pesquisando… Apenas chamadas de emergência"},{"$i":"statusbarHeadphones","ariaLabel":"Fones de ouvido ativados"},{"$i":"statusbarBluetoothHeadphones","ariaLabel":"Fones de ouvido Bluetooth ativados"},{"$i":"statusbarBluetoothTransferring","ariaLabel":"Transferência Bluetooth ativada"},{"$i":"statusbarIconOn-tethering","$v":"Tethering ativado"},{"$i":"statusbarIconOnActive-tethering","$v":"Tethering ativado, ativo"},{"$i":"statusbarAlarm","ariaLabel":"Alarme ativado"},{"$i":"statusbarIME","ariaLabel":"IME ativado"},{"$i":"statusbarIconOn-bluetooth","$v":"Bluetooth ativado"},{"$i":"statusbarIconOnActive-bluetooth","$v":"Bluetooth ativado, ativo"},{"$i":"statusbarIconOn-mute","$v":"Mudo ativado"},{"$i":"statusbarIconOn-vibration","$v":"Vibração ativada"},{"$i":"statusbarRecording","ariaLabel":"Gravação ativada"},{"$i":"statusbarGeolocation","ariaLabel":"Localização geográfica ativada"},{"$i":"statusbarUsb","ariaLabel":"USB ativado"},{"$i":"statusbarForwarding","$v":"Encaminhamento de chamadas ativado"},{"$i":"statusbarPlaying","ariaLabel":"Mídia em reprodução"},{"$i":"statusbarNfc","ariaLabel":"NFC ativado"},{"$i":"statusbarDownloads","ariaLabel":"Baixando…"},{"$i":"statusbarNetworkActivity","ariaLabel":"Rede ativada"},{"$i":"statusbarEmergencyCBNotification","ariaLabel":"Retorno de chamada de emergência"},{"$i":"statusbarNotifications","$v":{"few":[{"t":"idOrVar","v":"n"}," avisos"],"many":[{"t":"idOrVar","v":"n"}," avisos"],"one":[{"t":"idOrVar","v":"n"}," avisos"],"other":[{"t":"idOrVar","v":"n"}," avisos"],"two":[{"t":"idOrVar","v":"n"}," avisos"]},"$x":[{"t":"idOrVar","v":"plural"},"n"]},{"$i":"statusbarNotifications-unread","ariaLabel":{"$x":[{"t":"idOrVar","v":"plural"},"n"],"$v":{"few":[{"t":"idOrVar","v":"n"}," notificações não lidas"],"many":[{"t":"idOrVar","v":"n"}," notificações não lidas"],"one":[{"t":"idOrVar","v":"n"}," notificação não lida"],"other":[{"t":"idOrVar","v":"n"}," notificações não lidas"],"two":[{"t":"idOrVar","v":"n"}," notificações não lidas"]}}},{"$i":"clear","$v":"Excluir"},{"$i":"clear-all","$v":"Excluir tudo"},{"$i":"notification-title","$v":{"few":[{"t":"idOrVar","v":"n"}," avisos"],"many":[{"t":"idOrVar","v":"n"}," avisos"],"one":[{"t":"idOrVar","v":"n"}," avisos"],"other":[{"t":"idOrVar","v":"n"}," avisos"],"two":[{"t":"idOrVar","v":"n"}," avisos"],"zero":[{"t":"idOrVar","v":"n"}," avisos"]},"$x":[{"t":"idOrVar","v":"plural"},"n"]},{"$i":"notification-dialog-no-notices","$v":"Sem avisos"},{"$i":"notification-title-new","$v":{"few":[{"t":"idOrVar","v":"n"}," avisos"],"many":[{"t":"idOrVar","v":"n"}," avisos"],"other":[{"t":"idOrVar","v":"n"}," avisos"],"two":[{"t":"idOrVar","v":"n"}," avisos"],"one":[{"t":"idOrVar","v":"n"}," Avisos"],"zero":[{"t":"idOrVar","v":"n"}," Avisos"]},"$x":[{"t":"idOrVar","v":"plural"},"n"]},{"$i":"notification-dialog-no-notices-new","$v":"Nenhum aviso"},{"$i":"attentionScreen-tapToShow","$v":"Toque para exibir"},{"$i":"camera","$v":"Câmera"},{"$i":"kai-dflt-value-level","$v":"Definir nível de valor"},{"$i":"kai-dflt-range-value-name","$v":"Nível"},{"$i":"newVoicemails","$v":{"few":[{"t":"idOrVar","v":"n"}," novos correios de voz"],"many":[{"t":"idOrVar","v":"n"}," novos correios de voz"],"one":"Um novo correio de voz","other":[{"t":"idOrVar","v":"n"}," novos correios de voz"],"two":[{"t":"idOrVar","v":"n"}," novos correios de voz"],"zero":"Nenhum novo correio de voz"},"$x":[{"t":"idOrVar","v":"plural"},"n"]},{"$i":"newVoicemailsUnknown","$v":"Nova mensagem de correio de voz"},{"$i":"dialNumber","$v":["Discar ",{"t":"idOrVar","v":"number"}]},{"$i":"voicemailNotificationMultiSim","$v":["(SIM ",{"t":"idOrVar","v":"n"},") ",{"t":"idOrVar","v":"title"}]},{"$i":"euRoamingNotificationTitle","$v":"Internet da UE detectada"},{"$i":"euRoamingNotificationMsg","$v":"Toque para alterar."},{"$i":"restart","$v":"Reiniciar"},{"$i":"power","$v":"Desligar"},{"$i":"lock","$v":"Bloquear"},{"$i":"cleanup","$v":"Apagar a memória"},{"$i":"no-recent-app-windows","$v":"As janelas de aplicativos recentes aparecem aqui"},{"$i":"no-recent-browser-windows","$v":"As janelas recentes do navegador aparecem aqui"},{"$i":"closeCard","ariaLabel":"Fechar"},{"$i":"openCard","ariaLabel":"Abrir"},{"$i":"yes","$v":"Sim"},{"$i":"no","$v":"Não"},{"$i":"dontallow","$v":"Não permitir"},{"$i":"allow","$v":"Autorizar"},{"$i":"dontshare-geolocation","$v":"Não compartilhar"},{"$i":"share-geolocation","$v":"Compartilhar"},{"$i":"dontshare-audio-capture","$v":"Não compartilhar"},{"$i":"share-audio-capture","$v":"Compartilhar"},{"$i":"dontshare-video-capture","$v":"Não compartilhar"},{"$i":"share-video-capture","$v":"Compartilhar"},{"$i":"dontshare-media-capture","$v":"Não compartilhar"},{"$i":"share-media-capture","$v":"Compartilhar"},{"$i":"device-front","$v":"Câmera frontal"},{"$i":"device-back","$v":"Câmera traseira"},{"$i":"front-camera","$v":"Câmera frontal"},{"$i":"back-camera","$v":"Câmera traseira"},{"$i":"more-info","$v":"Mais informações…"},{"$i":"hide-info","$v":"Ocultar informações"},{"$i":"install-app","$v":["Instalar ",{"t":"idOrVar","v":"name"},"?"]},{"$i":"size","$v":"Tamanho"},{"$i":"author","$v":"Autor"},{"$i":"size-unknown","$v":"Desconhecido"},{"$i":"author-unknown","$v":"Desconhecido"},{"$i":"install","$v":"Instalar"},{"$i":"bytes","$v":"bytes"},{"$i":"kB","$v":"KB"},{"$i":"MB","$v":"MB"},{"$i":"GB","$v":"GB"},{"$i":"TB","$v":"TB"},{"$i":"PB","$v":"PB"},{"$i":"app-install-generic-error","$v":["Download de ",{"t":"idOrVar","v":"appName"}," interrompido"]},{"$i":"app-install-download-failed","$v":["Falha no download de ",{"t":"idOrVar","v":"appName"}]},{"$i":"app-install-install-failed","$v":["Falha na instalação de ",{"t":"idOrVar","v":"appName"}]},{"$i":"cancelling-will-not-refund","$v":"Cancelar não provocará o reembolso de uma compra. Reembolsos para conteúdo pago são fornecidos pelo vendedor original."},{"$i":"apps-can-be-installed-later","$v":"É possível instalar aplicativos mais tarde a partir da origem da instalação original."},{"$i":"are-you-sure-you-want-to-cancel","$v":"Tem certeza de que deseja cancelar esta instalação?"},{"$i":"cancel-install","$v":"Cancelar instalação"},{"$i":"cancel-install-button","$v":"Cancelar instalação"},{"$i":"resume","$v":"Retomar"},{"$i":"continue","$v":"Continuar"},{"$i":"stopDownloading","$v":["Parar de baixar ",{"t":"idOrVar","v":"app"},"?"]},{"$i":"app-download-can-be-restarted","$v":"O download pode ser reiniciado mais tarde."},{"$i":"app-download-stop-button","$v":"Parar download"},{"$i":"not-enough-space","$v":"Espaço insuficiente"},{"$i":"not-enough-space-message","$v":"Não há espaço suficiente para instalar este aplicativo. Libere espaço excluindo aplicativos antigos ou mídia e tente instalar novamente a partir da fonte original."},{"$i":"app-install-success","$v":[{"t":"idOrVar","v":"appName"}," instalado"]},{"$i":"app-install-update","$v":[{"t":"idOrVar","v":"appName"}," Atualizado"]},{"$i":"langpack-install-success2","$v":[{"t":"idOrVar","v":"appName"}," instalado. Vá para Configurações > Idioma para ativá-lo."]},{"$i":"setup","$v":"Configurar"},{"$i":"ime-addkeyboards","$v":"Adicionar teclados"},{"$i":"ime-lowercase","$v":"Colocar em minúsculas"},{"$i":"ime-uppercase","$v":"Letras maiúsculas"},{"$i":"ime-number","$v":"Número"},{"$i":"ime-capitalize","$v":"Colocar em maiúsculas"},{"$i":"ime-t9","$v":"T9"},{"$i":"ime-r9","$v":"R9"},{"$i":"ime-predictive","$v":"Preditivo"},{"$i":"ime-insert-word","$v":"Inserir palavra"},{"$i":"ime-voice-input-messsage","$v":"Mantenha pressionado OK para falar no campo de texto."},{"$i":"later","$v":"Mais tarde"},{"$i":"download","$v":"Download"},{"$i":"wantToDownload","$v":"Baixar atualização agora?"},{"$i":"wantToInstallNow","$v":"Você deseja instalar a atualização agora? Você não poderá usar seu telefone por alguns minutos."},{"$i":"installNow","$v":"Instalar agora"},{"$i":"notNow","$v":"Agora não"},{"$i":"downloadingUpdateMessage","innerHTML":{"$o":["Baixando atualizações… <span>",{"t":"idOrVar","v":"progress"}," baixado.</span>"]}},{"$i":"downloadingAppMessage","$v":["Baixando ",{"t":"idOrVar","v":"appName"}]},{"$i":"downloadingAppProgressNoMax","$v":[{"t":"idOrVar","v":"progress"}," baixado"]},{"$i":"downloadingAppProgressIndeterminate","$v":"Baixando"},{"$i":"downloadingAppProgress","$v":[{"t":"idOrVar","v":"progress"}," / ",{"t":"idOrVar","v":"max"}," baixado"]},{"$i":"cancelAllDownloads","$v":"Cancelar todos os downloads"},{"$i":"wantToCancelAll","$v":"Tem certeza de que deseja cancelar todos os downloads?"},{"$i":"downloadError","$v":"Ocorreu um erro ao baixar as atualizações."},{"$i":"updateAvailableInfo","innerHTML":{"$x":[{"t":"idOrVar","v":"plural"},"n"],"$v":{"few":{"$o":[{"t":"idOrVar","v":"n"}," atualizações disponíveis. <span>Toque para obter mais informações.</span>"]},"many":{"$o":[{"t":"idOrVar","v":"n"}," atualizações disponíveis. <span>Toque para obter mais informações.</span>"]},"one":{"$o":[{"t":"idOrVar","v":"n"}," atualização disponível. <span>Toque para obter mais informações.</span>"]},"other":{"$o":[{"t":"idOrVar","v":"n"}," atualizações disponíveis. <span>Toque para obter mais informações.</span>"]},"two":{"$o":[{"t":"idOrVar","v":"n"}," atualizações disponíveis. <span>Toque para obter mais informações.</span>"]}}}},{"$i":"numberOfUpdates","$v":{"few":[{"t":"idOrVar","v":"n"}," notificações"],"many":[{"t":"idOrVar","v":"n"}," notificações"],"one":[{"t":"idOrVar","v":"n"}," notificações"],"other":[{"t":"idOrVar","v":"n"}," notificações"],"two":[{"t":"idOrVar","v":"n"}," notificações"]},"$x":[{"t":"idOrVar","v":"plural"},"n"]},{"$i":"systemUpdate","$v":"Atualização do sistema"},{"$i":"systemUpdateReady","$v":"Atualização do sistema pronta"},{"$i":"updates","$v":"Atualizações"},{"$i":"systemUpdateLowBatteryThreshold","$v":["É necessário no mínimo um nível de bateria de ",{"t":"idOrVar","v":"threshold"},"% para instalar a atualização."]},{"$i":"required","$v":"Necessário"},{"$i":"uncompressingMessage","innerHTML":{"$o":"Descompactando… <span>Essa operação pode levar alguns minutos.</span>"}},{"$i":"downloadWifiPrioritizedUsing2G","$v":"As atualizações são baixadas através de conexão de dados quando Wi-Fi não está disponível. Ao usar a conexão de dados, chamadas telefônicas podem ser bloqueadas e também podem ser aplicadas taxas adicionais."},{"$i":"downloadWifiPrioritized3","$v":"As atualizações são baixadas através de conexão de dados quando Wi-Fi não está disponível. Ao usar a conexão de dados, podem ser aplicadas taxas adicionais."},{"$i":"downloadNoWifiWarning","$v":"Wi-Fi indisponível. Atualizar através da conexão atual pode incorrer em taxas adicionais."},{"$i":"downloadOfflineWarning2","$v":"Conecte-se a uma rede para baixar atualizações."},{"$i":"downloadUpdatesViaDataConnection","$v":"Baixar atualizações via conexão de dados?"},{"$i":"downloadUpdatesVia2GForbidden3","$v":"Baixar atualizações não é possível em conexões lentas (2G). Conecte-se via Wi-Fi ou 3G (se disponível) e tente novamente."},{"$i":"downloadUpdatesViaDataConnectionMessage3","$v":"Ao usar uma conexão de dados, taxas adicionais podem ser aplicadas. Deseja continuar?"},{"$i":"downloadUpdatesViaDataRoamingConnection","$v":"Baixar atualizações por meio de roaming de dados?"},{"$i":"downloadUpdatesViaDataRoamingConnectionMessage","$v":"No momento você está em roaming e taxas adicionais podem ser aplicadas. Você deseja continuar?"},{"$i":"screenshotSaved","$v":"Captura de tela salva na galeria"},{"$i":"screenshotFailed","$v":"Não foi possível salvar a captura de tela"},{"$i":"screenshotNoSDCard","$v":"Nenhum cartão de memória encontrado"},{"$i":"screenshotSDCardInUse","$v":"O cartão de memória está em uso"},{"$i":"screenshotSDCardLow","$v":"Não há espaço suficiente no cartão de memória"},{"$i":"emergency-call-button","$v":"Chamada de emergência"},{"$i":"emergency-call","$v":"Emergência"},{"$i":"unlock-a11y-button","ariaLabel":"Desbloquear"},{"$i":"camera-a11y-button","ariaLabel":"Câmera"},{"$i":"longDateFormat","$v":"%A, %B %e"},{"$i":"clockDateFormat","$v":"%a, %e %b"},{"$i":"panel-passcode","ariaLabel":"Painel do código de acesso"},{"$i":"open-notification","$v":"abrir"},{"$i":"unlock","$v":"Desbloquear"},{"$i":"login","$v":"Iniciar sessão"},{"$i":"sign-in-to-website","$v":"Iniciar sessão no site"},{"$i":"username","$v":"Nome de usuário"},{"$i":"password","$v":"Senha"},{"$i":"show-password","$v":"Mostrar senha"},{"$i":"http-authentication-message2","$v":["O site ",{"t":"idOrVar","v":"host"}," requer que você inicie sessão."]},{"$i":"error-message","$v":[{"t":"idOrVar","v":"name"}," não está carregando corretamente"]},{"$i":"error-title","$v":[{"t":"idOrVar","v":"name"}," está tendo problemas"]},{"$i":"unable-to-connect","$v":"Impossível conectar"},{"$i":"tap-to-check-settings","$v":"Tocar para verificar configurações"},{"$i":"set","$v":"Definir"},{"$i":"delete-title","$v":["Excluir ",{"t":"idOrVar","v":"name"}]},{"$i":"delete-body","$v":[{"t":"idOrVar","v":"name"}," e todos os seus dados serão excluídos."]},{"$i":"delete","$v":"Desinstalar"},{"$i":"delete-desc","$v":"Tem certeza de que deseja desinstalar?"},{"$i":"unrecoverable-error-title","$v":"Remover aplicativo"},{"$i":"unrecoverable-error-body","$v":"Não é possível instalar o aplicativo devido a um erro irrecuperável. Tente baixar novamente. O aplicativo será removido."},{"$i":"unrecoverable-error-action","$v":"OK"},{"$i":"instant-settings","$v":"configurações instantâneas"},{"$i":"settings","$v":"Configurações"},{"$i":"flashlight","$v":"Lanterna"},{"$i":"brightness","$v":"Brilho"},{"$i":"volume","$v":"Volume"},{"$i":"calculator","$v":"Calculadora"},{"$i":"airplane-mode","$v":"Modo avião"},{"$i":"wifi","$v":"Wi-Fi"},{"$i":"bluetooth","$v":"Bluetooth"},{"$i":"cellular-data","$v":"Dados da rede móvel"},{"$i":"on","$v":"Ativado"},{"$i":"off","$v":"Desativado"},{"$i":"percentage-number","$v":[{"t":"idOrVar","v":"number"},"%"]},{"$i":"select-time","$v":"Selecionar horário"},{"$i":"select-date","$v":"Selecionar data"},{"$i":"battery-almost-empty-plug-in-your-charger","$v":"A bateria está fraca. Conecte o carregador."},{"$i":"battery-temperature-warning-header","$v":"Atenção"},{"$i":"battery-temperature-high","$v":"Temperatura muito alta. O telefone será desativado se a temperatura continuar a aumentar."},{"$i":"battery-temperature-high-stop-charging","$v":"Temperatura muito alta. A bateria parou de carregar. O telefone será desativado se a temperatura continuar a aumentar."},{"$i":"battery-temperature-low","$v":"Temperatura muito baixa. O telefone será desativado se a temperatura continuar a diminuir."},{"$i":"battery-temperature-low-stop-charging","$v":"Temperatura muito baixa. A bateria parou de carregar. O telefone será desativado se a temperatura continuar a diminuir."},{"$i":"crash-dialog2-os","$v":[{"t":"idOrVar","v":"brandShortName"}," acaba de se recuperar de uma falha"]},{"$i":"crash-dialog-app","$v":[{"t":"idOrVar","v":"name"}," acaba de falhar"]},{"$i":"crash-dialog-app-noname","$v":"Algo"},{"$i":"crash-dialog-message","$v":"Você quer enviar à KaiOS um relatório sobre a falha para nos ajudar a corrigir o problema? (Relatórios são enviados por Wi-Fi somente.)"},{"$i":"crash-info-link","$v":"O que contém um relatório de falhas?"},{"$i":"crash-always-report","$v":"Sempre envie à KaiOS um relatório quando ocorrer uma falha."},{"$i":"crash-dont-send","$v":"Não enviar"},{"$i":"crash-end","$v":"Enviar relatório"},{"$i":"crashReports","$v":"Relatórios de falhas"},{"$i":"done","$v":"Concluído"},{"$i":"crash-reports-description-1","$v":"Um relatório de falhas contém alguns detalhes sobre a falha e o dispositivo, bem como um instantâneo do estado do seu dispositivo quando ele parou de responder."},{"$i":"crash-reports-description-2","$v":"Isso pode incluir itens como páginas abertas e aplicativos, o texto digitado em formulários e o conteúdo de mensagens abertas, histórico de navegação recente ou localização geográfica usada por um aplicativo aberto."},{"$i":"crash-reports-description-3-start","$v":"Podemos usar relatórios de falhas para tentar corrigir problemas e melhorar nossos produtos. Nós trabalhamos com suas informações conforme descreveremos em our "},{"$i":"crash-reports-description-3-privacy","$v":"política de privacidade"},{"$i":"crash-reports-description-3-end","$v":"."},{"$i":"crash-banner-os2","$v":[{"t":"idOrVar","v":"brandShortName"}," acaba de falhar."]},{"$i":"crash-banner-app","$v":[{"t":"idOrVar","v":"name"}," acaba de falhar."]},{"$i":"crash-banner-report","$v":"Reportar"},{"$i":"bluetooth-sending-progress","$v":"Enviando arquivo via Bluetooth"},{"$i":"bluetooth-receiving-progress","$v":"Recebendo arquivo via Bluetooth"},{"$i":"acceptFileTransfer","$v":"Solicitação de transferência"},{"$i":"requestToReceive","$v":[{"t":"idOrVar","v":"deviceName"}," gostaria de transferir arquivos. Deseja aceitar?"]},{"$i":"wantToReceiveFile","$v":[{"t":"idOrVar","v":"deviceName"}," deseja transferir ",{"t":"idOrVar","v":"fileName"}," (",{"t":"idOrVar","v":"fileSize"},")."]},{"$i":"transfer-confirmation-title","$v":[{"t":"idOrVar","v":"deviceName"}]},{"$i":"transfer-confirmation-description","$v":"Revisar solicitação de transferência."},{"$i":"byteUnit-B","$v":"B"},{"$i":"byteUnit-KB","$v":"KB"},{"$i":"byteUnit-MB","$v":"MB"},{"$i":"byteUnit-GB","$v":"GB"},{"$i":"byteUnit-TB","$v":"TB"},{"$i":"byteUnit-PB","$v":"PB"},{"$i":"byteUnit-EB","$v":"EB"},{"$i":"byteUnit-ZB","$v":"ZB"},{"$i":"byteUnit-YB","$v":"YB"},{"$i":"fileSize","$v":[{"t":"idOrVar","v":"size"}," ",{"t":"idOrVar","v":"unit"}]},{"$i":"deny","$v":"Recusar"},{"$i":"transfer","$v":"Transferir"},{"$i":"accept","$v":"Aceitar"},{"$i":"stop","$v":"Parar"},{"$i":"cancelFileTransfer","$v":"Cancelar transferência de arquivos Bluetooth?"},{"$i":"continueFileTransfer","$v":"Continuar"},{"$i":"transfer-has-started-title","$v":"A transferência de arquivos está pronta para começar"},{"$i":"transfer-has-started-description","$v":"Aguardando confirmação"},{"$i":"transfer-has-started-toast","$v":"Transferência de arquivos iniciada. Verificar o progresso em Avisos"},{"$i":"transferFinished-sentSuccessful-title","$v":"Arquivo enviado"},{"$i":"transferFinished-receivedSuccessful-title","$v":"Arquivo recebido"},{"$i":"transferFinished-failed-title","$v":"Falha na transferência de arquivos"},{"$i":"transferFinished-try-again-description","$v":"Não é possível enviar o arquivo no momento. Tente novamente mais tarde."},{"$i":"transferReport-title","$v":"Relatório da transferência:"},{"$i":"transferReport-description","$v":[{"t":"idOrVar","v":"numSuccessful"}," arquivos com sucesso, ",{"t":"idOrVar","v":"numUnsuccessful"}," arquivos sem sucesso"]},{"$i":"unknown-file","$v":"Arquivo desconhecido"},{"$i":"unknown-device","$v":"Dispositivo desconhecido"},{"$i":"cannotOpenFile","$v":"Não é possível abrir o arquivo recebido"},{"$i":"unknownMediaTypeToOpenFile","$v":["Não é possível abrir tipo de mídia desconhecido: ",{"t":"idOrVar","v":"fileName"}]},{"$i":"cannotReceiveFile","$v":"Não é possível receber o arquivo"},{"$i":"cannotGetStorageState","$v":"Não é possível obter o estado de armazenamento do dispositivo."},{"$i":"sdcard-not-exist2","$v":"Nenhum cartão de memória foi encontrado. Insira um cartão de memória."},{"$i":"sdcard-in-use","$v":"Bluetooth não pode ser usado enquanto o telefone está conectado. Desconecte o telefone para receber arquivo(s)."},{"$i":"sdcard-no-space2","$v":"Não é possível concluir a transferência: o cartão de memória está cheio."},{"$i":"unknown-error","$v":"Erro desconhecido"},{"$i":"confirm","$v":"Confirmar"},{"$i":"stopTransferTitle","$v":"Parar transferência de arquivo"},{"$i":"stopTransferContent","$v":"Deseja parar a transferência de arquivo por Bluetooth?"},{"$i":"storage","$v":"Armazenamento"},{"$i":"sdcard-detected-title","$v":"Cartão SD detectado"},{"$i":"no-sdcard-title","$v":"Nenhum cartão SD"},{"$i":"sdcard-total-size-body","$v":["Tamanho total: ",{"t":"idOrVar","v":"size"}," ",{"t":"idOrVar","v":"unit"}]},{"$i":"sdcard-unknown-size-then-tap-to-format-body","$v":"Tamanho desconhecido. Toque para formatar"},{"$i":"sdcard-removed-title","$v":"Cartão SD removido"},{"$i":"sdcard-removed-ejected-successfully","$v":"Ejetado com sucesso"},{"$i":"sdcard-removed-not-ejected-properly","$v":"Não foi ejetado corretamente"},{"$i":"set-sdcard-as-default-media-location","$v":"Cartão SD detectado. Definir o cartão SD como local de mídia padrão?"},{"$i":"no-sdcard-content","$v":"Insira um cartão SD para obter mais espaço."},{"$i":"sim-confirmation-content","$v":["Os dados de redes móveis estão atribuídos ao SIM",{"t":"idOrVar","v":"n"},"."]},{"$i":"sim-confirmation-title","$v":"Cartões SIM alterados"},{"$i":"sim-confirmation-notice-title","$v":"Cartões SIM alterados"},{"$i":"sim-confirmation-notice","$v":"Selecione para ver detalhes."},{"$i":"sim-hot-plug","$v":"Telefone será reiniciado."},{"$i":"sim-hot-plug-empty","$v":"Telefone será reiniciado pois cartões SIM foram retirados."},{"$i":"sim-hot-plug-empty-confirm","$v":"Verifique se o chip foi todo retirado e pressione OK para reiniciar."},{"$i":"noSimCard","$v":"Nenhum cartão SIM"},{"$i":"lockedSim","$v":"SIM bloqueado"},{"$i":"noService","$v":"Sem serviço"},{"$i":"eccOnly","$v":"Emergency calls only"},{"$i":"nocard-eccOnly","$v":"No SIM card-Emergency calls only"},{"$i":"unusablecard-eccOnly","$v":"Unusable SIM card-Emergency calls only"},{"$i":"searching","$v":"Pesquisando…"},{"$i":"simPin","$v":"PIN do SIM"},{"$i":"pukCode","$v":"Código PUK"},{"$i":"nckCode","$v":"Código NCK"},{"$i":"cckCode","$v":"Código CCK"},{"$i":"spckCode","$v":"Código SPCK"},{"$i":"nck1code","$v":"Código NCK1"},{"$i":"nck2code","$v":"Código NCK2"},{"$i":"hnckcode","$v":"Código HNCK"},{"$i":"rcckcode","$v":"Código RCCK"},{"$i":"rspckcode","$v":"Código RSPCK"},{"$i":"ncklockContent","$v":["O slot ",{"t":"idOrVar","v":"n"}," está bloqueado por nck."]},{"$i":"whatIsSimPin","$v":"O que é um PIN do SIM?"},{"$i":"simPinIntro1","$v":"Um PIN do SIM impede o acesso às redes de dados móveis do cartão SIM. Quando ele for ativado, qualquer dispositivo contendo o cartão SIM solicitará o PIN após a reinicialização."},{"$i":"simPinIntro2","$v":"Um PIN do SIM não é o mesmo que o código de acesso usado para desbloquear o dispositivo."},{"$i":"changeSimPin","$v":"Alterar PIN"},{"$i":"pinTitle","$v":"Digitar PIN do SIM"},{"$i":"multiSIMpinTitle","$v":["Digitar PIN do HNCK ",{"t":"idOrVar","v":"n"}]},{"$i":"multiSIMpukTitle","$v":["Digitar PUK do SIM",{"t":"idOrVar","v":"n"}]},{"$i":"multiSIMnckTitle","$v":["Digitar código NCK",{"t":"idOrVar","v":"n"}]},{"$i":"multiSIMxckTitle","$v":["Digitar ",{"t":"idOrVar","v":"type"}," do SIM",{"t":"idOrVar","v":"n"}]},{"$i":"xckTitle","$v":["Digitar código de ",{"t":"idOrVar","v":"type"}]},{"$i":"xckCode","$v":["código de ",{"t":"idOrVar","v":"type"}]},{"$i":"xckBlocked","$v":[{"t":"idOrVar","v":"type"}," bloqueado"]},{"$i":"pukTitle","$v":"Digitar código PUK"},{"$i":"nckTitle","$v":"Digitar código NCK"},{"$i":"cckTitle","$v":"Digitar código CCK"},{"$i":"spckTitle","$v":"Digitar código SPCK"},{"$i":"nck1Title","$v":"Digitar código NCK1"},{"$i":"nck2Title","$v":"Digitar código NCK2"},{"$i":"hnckTitle","$v":"Digitar código HNCK"},{"$i":"rcckTitle","$v":"Digitar código RCCK"},{"$i":"rspckTitle","$v":"Digitar código RSPCK"},{"$i":"newpinTitle","$v":"PIN novo"},{"$i":"inputCodeRetriesLeft","$v":{"few":[{"t":"idOrVar","v":"n"}," tentativas restantes."],"many":[{"t":"idOrVar","v":"n"}," tentativas restantes."],"one":"1 tentativa restante.","other":[{"t":"idOrVar","v":"n"}," tentativas restantes."],"two":[{"t":"idOrVar","v":"n"}," tentativas restantes."]},"$x":[{"t":"idOrVar","v":"plural"},"n"]},{"$i":"pinErrorMsg","$v":"PIN incorreto."},{"$i":"pinAttemptMsg2","$v":{"few":["Você tem ",{"t":"idOrVar","v":"n"}," tentativas restantes para digitar o código correto antes de bloquear o cartão SIM."],"many":["Você tem ",{"t":"idOrVar","v":"n"}," tentativas restantes para digitar o código correto antes de bloquear o cartão SIM."],"one":"Você tem uma tentativa restante para digitar o código correto antes de bloquear o cartão SIM.","other":["Você tem ",{"t":"idOrVar","v":"n"}," tentativas restantes para digitar o código correto antes de bloquear o cartão SIM."],"two":["Você tem ",{"t":"idOrVar","v":"n"}," tentativas restantes para digitar o código correto antes de bloquear o cartão SIM."]},"$x":[{"t":"idOrVar","v":"plural"},"n"]},{"$i":"pinLastChanceMsg","$v":"Esta é sua última oportunidade para digitar o PIN correto. Caso contrário, você deve digitar o código PUK para usar este cartão SIM."},{"$i":"simCardLockedMsg","$v":"O cartão SIM está bloqueado."},{"$i":"enterPukMsg","$v":"Você deve inserir o código de chave de desbloqueio pessoal (PUK) para o cartão SIM. Consulte a documentação do cartão SIM ou entre em contato com sua operadora para obter mais informações."},{"$i":"pukErrorMsg","$v":"PUK incorreto."},{"$i":"pukAttemptMsg2","$v":{"few":["Você tem ",{"t":"idOrVar","v":"n"}," tentativas restantes para digitar o código correto antes que este cartão SIM seja inutilizado permanentemente. Consulte a documentação do cartão SIM ou entre em contato com sua operadora para obter mais informações."],"many":["Você tem ",{"t":"idOrVar","v":"n"}," tentativas restantes para digitar o código correto antes que este cartão SIM seja inutilizado permanentemente. Consulte a documentação do cartão SIM ou entre em contato com sua operadora para obter mais informações."],"one":"Você tem uma tentativa restante para digitar o código correto antes que este cartão SIM seja inutilizado permanentemente. Consulte a documentação do cartão SIM ou entre em contato com sua operadora para obter mais informações.","other":["Você tem ",{"t":"idOrVar","v":"n"}," tentativas restantes para digitar o código correto antes que este cartão SIM seja inutilizado permanentemente. Consulte a documentação do cartão SIM ou entre em contato com sua operadora para obter mais informações."],"two":["Você tem ",{"t":"idOrVar","v":"n"}," tentativas restantes para digitar o código correto antes que este cartão SIM seja inutilizado permanentemente. Consulte a documentação do cartão SIM ou entre em contato com sua operadora para obter mais informações."]},"$x":[{"t":"idOrVar","v":"plural"},"n"]},{"$i":"pukLastChanceMsg","$v":"Última chance de digitar o código PUK correto. Seu cartão SIM ficará permanentemente inutilizado se você digitar o código PUK incorreto. Consulte a documentação do cartão SIM ou entre em contato com sua operadora para obter mais informações."},{"$i":"cardPermanentlyLockMsg-head","$v":"PUK incorreto."},{"$i":"cardPermanentlyLockMsg-body","$v":"Seu cartão SIM está bloqueado permanentemente. Entre em contato com sua operadora para obter mais informações."},{"$i":"newSimPinMsg","$v":"Criar PIN (deve conter de 4 a 8 dígitos)"},{"$i":"confirmNewSimPinMsg","$v":"Confirmar novo PIN"},{"$i":"newPinErrorMsg","$v":"Os PINs não correspondem."},{"$i":"nckErrorMsg","$v":"O código NCK está incorreto."},{"$i":"nckAttemptMsg2","$v":{"few":["Falha de solicitação de despersonalização de rede. Você tem ",{"t":"idOrVar","v":"n"}," tentativas restantes para digitar o código correto. Consulte a documentação do dispositivo ou entre em contato com sua operadora para obter mais informações."],"many":["Falha de solicitação de despersonalização de rede. Você tem ",{"t":"idOrVar","v":"n"}," tentativas restantes para digitar o código correto. Consulte a documentação do dispositivo ou entre em contato com sua operadora para obter mais informações."],"one":"Falha de solicitação de despersonalização de rede. Você tem uma tentativa restante para digitar o código correto. Consulte a documentação do dispositivo ou entre em contato com sua operadora para obter mais informações.","other":["Falha de solicitação de despersonalização de rede. Você tem ",{"t":"idOrVar","v":"n"}," tentativas restantes para digitar o código correto. Consulte a documentação do dispositivo ou entre em contato com sua operadora para obter mais informações."],"two":["Falha de solicitação de despersonalização de rede. Você tem ",{"t":"idOrVar","v":"n"}," tentativas restantes para digitar o código correto. Consulte a documentação do dispositivo ou entre em contato com sua operadora para obter mais informações."]},"$x":[{"t":"idOrVar","v":"plural"},"n"]},{"$i":"nckLastChanceMsg","$v":"Falha de solicitação de despersonalização de rede. Última chance de inserir o código NCK correto. Consulte a documentação do dispositivo ou entre em contato com sua operadora para obter mais informações."},{"$i":"sim-attention-header","$v":"SIM bloqueado"},{"$i":"multiSIM-attention-header","$v":["SIM",{"t":"idOrVar","v":"n"}," bloqueado"]},{"$i":"sim-attention-head","$v":"Cartão SIM bloqueado."},{"$i":"sim-attention-body","$v":"Você gostaria de inserir o código PUK para desbloquear o cartão SIM?"},{"$i":"enter-puk-rsk","$v":"Digitar PUK"},{"$i":"verify-rsk","$v":"Concluído"},{"$i":"activity-pick","$v":"Selecionar de"},{"$i":"activity-view","$v":"Exibir com"},{"$i":"activity-test","$v":"Testar com"},{"$i":"activity-share","$v":"Compartilhar"},{"$i":"activity-new","$v":"Criar com"},{"$i":"activity-open","$v":"Abrir com"},{"$i":"activity-save-bookmark","$v":"Marcar como Favorito em"},{"$i":"activity-record","$v":"Gravar de"},{"$i":"activity-browse","$v":"Procurar com"},{"$i":"activity-configure","$v":"Configurar com"},{"$i":"activity-dial","$v":"Discar de"},{"$i":"remoteDebuggerMessage","$v":"Uma solicitação de entrada para permitir a conexão de depuração remota foi detectada. Permitir conexão?"},{"$i":"captive-wifi-available","$v":["A rede ",{"t":"idOrVar","v":"networkName"}," foi encontrada. Ingressar na rede?"]},{"$i":"ceWarningtitle","$v":"Aviso de volume"},{"$i":"ceWarningcontent","$v":"Para evitar possíveis danos à audição, não ouça em níveis de volume elevados por longos períodos."},{"$i":"is-volume-type-notification","$v":"Toques e alertas"},{"$i":"is-volume-type-telephony","$v":"Volume"},{"$i":"is-volume-type-alarm","$v":"Alarme"},{"$i":"is-volume-type-content","$v":"Mídia"},{"$i":"kai-volume-type-notification","$v":"TOQUES E ALERTAS"},{"$i":"kai-volume-type-telephony","$v":"VOLUME"},{"$i":"volume-type-alarm","$v":"Alarme"},{"$i":"volume-type-content","$v":"Mídia"},{"$i":"vibrate-only","$v":"Vibrar apenas"},{"$i":"silent","$v":"Silencioso"},{"$i":"vibrate-on","$v":"Vibração: ativada"},{"$i":"vibrate-off","$v":"Vibração: desativada"},{"$i":"vibrate","$v":"Vibrar"},{"$i":"kai-volume","$v":["Volume:",{"t":"idOrVar","v":"n"},"/",{"t":"idOrVar","v":"c"}]},{"$i":"notification-powersaving-mode-on-title","$v":"Modo de economia de energia"},{"$i":"notification-powersaving-mode-on-description","$v":"O modo de economia de energia está ativado."},{"$i":"low-device-storage","$v":"Pouco espaço no dispositivo.\\n"},{"$i":"storage-alert","$v":"Alerta de armazenamento"},{"$i":"phone-almost-full","$v":"Telefone quase cheio."},{"$i":"free-space","$v":{"few":["Menos que ",{"t":"idOrVar","v":"value"}," ",{"t":"idOrVar","v":"unit"}," restantes."],"many":["Menos que ",{"t":"idOrVar","v":"value"}," ",{"t":"idOrVar","v":"unit"}," restantes."],"one":["Menos que ",{"t":"idOrVar","v":"value"}," ",{"t":"idOrVar","v":"unit"}," restantes."],"other":["Menos que ",{"t":"idOrVar","v":"value"}," ",{"t":"idOrVar","v":"unit"}," restantes."],"two":["Menos que ",{"t":"idOrVar","v":"value"}," ",{"t":"idOrVar","v":"unit"}," restantes."],"zero":"Não há espaço livre restante."},"$x":[{"t":"idOrVar","v":"plural"},"value"]},{"$i":"unknown-free-space","$v":"Espaço restante desconhecido."},{"$i":"can-delete-data-to-get-space","$v":"Você pode excluir alguns arquivos de mídia ou gerenciar dados de aplicativos para obter mais espaço livre."},{"$i":"should-delete-data-to-get-space","$v":"Você deve excluir alguns arquivos de mídia ou gerenciar dados de aplicativos para liberar mais espaço antes de continuar a usar o dispositivo."},{"$i":"storage-full-level-1-title","$v":"Telefone quase cheio"},{"$i":"storage-full-level-2-title","$v":"Armazenamento do telefone cheio."},{"$i":"delete-to-get-space","$v":"Exclua arquivos de mídia, dados de aplicativos ou aplicativos baixados para liberar espaço."},{"$i":"delete-to-get-space-level-2","$v":"Exclua arquivos de mídia, dados de aplicativos ou aplicativos baixados para liberar espaço. Caso contrário, o telefone não irá funcionar corretamente."},{"$i":"system-alert","$v":"Alerta do sistema"},{"$i":"cb-channel","$v":["Canal ",{"t":"idOrVar","v":"channel"}]},{"$i":"cell-broadcast-subtitle","$v":"Mensagem de difusão"},{"$i":"cb-etws-warningType-earthquake","$v":"Aviso de terremoto!"},{"$i":"cb-etws-warningType-tsunami","$v":"Aviso de tsunami!"},{"$i":"cb-etws-warningType-earthquake-tsunami","$v":"Aviso de terremoto-tsunami!"},{"$i":"cb-etws-warningType-test","$v":"O sistema de alerta está sendo testado."},{"$i":"cb-etws-warningType-other","$v":"Aviso de emergência!"},{"$i":"icc-message-maintitle","$v":"Mensagem da operadora"},{"$i":"icc-message-subtitle","$v":"SIM"},{"$i":"icc-confirmCall-defaultmessage","$v":["Chamar ",{"t":"idOrVar","v":"number"},"?"]},{"$i":"icc-alertMessage-defaultmessage","$v":"Enviando mensagem"},{"$i":"icc-confirmMessage-defaultmessage","$v":"Enviar mensagem?"},{"$i":"icc-notification-title","$v":["SIM ",{"t":"idOrVar","v":"id"}," STK"]},{"$i":"icc-inputbox-maintitle","$v":"Consulta STK"},{"$i":"icc-inputbox-subtitle","$v":["SIM ",{"t":"idOrVar","v":"id"}]},{"$i":"emergency-callback-mode","$v":"Modo de retorno de chamada de emergência"},{"$i":"emergency-callback-message","$v":"Não é possível realizar chamadas, enviar mensagens ou acessar a Internet, pois o modo de retorno de chamada de emergência está ativado. Gostaria de desativá-lo?"},{"$i":"cdma-record-info","$v":"Informações de registro de CDMA"},{"$i":"download_started","$v":"Download iniciado"},{"$i":"download_stopped","$v":"Download interrompido"},{"$i":"download_downloading","$v":[{"t":"idOrVar","v":"percentage"},"%"]},{"$i":"download_succeeded","$v":"Download concluído"},{"$i":"download_failed","$v":"Falha no download"},{"$i":"update_succeeded","$v":"Atualização concluída"},{"$i":"download_text_by_default","$v":[{"t":"idOrVar","v":"name"}]},{"$i":"phone-storage-full-title","$v":"Armazenamento do telefone cheio"},{"$i":"phone-storage-full-warning","$v":"Não é possível fazer o download de um arquivo. Exclua arquivos de mídia ou dados de aplicativos para liberar espaço. Você também pode inserir um cartão SD para expandir o armazenamento de mídia."},{"$i":"sdcard-storage-full-title","$v":"Cartão SD cheio"},{"$i":"sdcard-storage-full-warning","$v":"Não é possível fazer o download de um arquivo. Exclua arquivos no cartão SD para liberar espaço."},{"$i":"opt-settings","$v":"Configurações"},{"$i":"search-the-web","$v":"Pesquisar na web"},{"$i":"search-or-enter-address","$v":"Pesquisar ou digitar endereço","placeholder":"Pesquisar ou digitar endereço"},{"$i":"search-or-enter-url","$v":"Pesquisar ou digitar URL","placeholder":"Pesquisar ou digitar URL"},{"$i":"back-button","ariaLabel":"Voltar"},{"$i":"forward-button","ariaLabel":"Encaminhar"},{"$i":"reload-button","ariaLabel":"Recarregar"},{"$i":"stop-button","ariaLabel":"Parar"},{"$i":"windows-button","ariaLabel":"Exibir janelas"},{"$i":"noHotspotWhenAPMisOnWifiHotspot","$v":"Desative o modo avião para usar o roteador Wi-Fi."},{"$i":"apmActivated","$v":"Modo avião ativado"},{"$i":"save-image","$v":"Salvar imagem"},{"$i":"save-video","$v":"Salvar vídeo"},{"$i":"save-audio","$v":"Salvar áudio"},{"$i":"share-image","$v":"Compartilhar imagem"},{"$i":"share-video","$v":"Compartilhar vídeo"},{"$i":"share-audio","$v":"Compartilhar áudio"},{"$i":"kai-cancelButtonId","$v":"Cancelar"},{"$i":"kai-not-send","$v":"Não enviar"},{"$i":"kai-send-report","$v":"Enviar relatório"},{"$i":"refresh","$v":"Atualizar"},{"$i":"goBack","$v":"Voltar"},{"$i":"goForward","$v":"Avançar"},{"$i":"goToTopSites","$v":"Ir para Sites principais"},{"$i":"pinToTopSites","$v":"Anexar a Sites principais"},{"$i":"pinToAllApps","$v":"Fixar a todos os aplicativos"},{"$i":"pinToAppsMenu","$v":"Fixar ao menu de aplicativos"},{"$i":"viewMessages","$v":"Exibir mensagens"},{"$i":"downloadImage","$v":"Baixar imagem"},{"$i":"quit","$v":"Sair"},{"$i":"minimizeBrowser","$v":"Minimizar navegador"},{"$i":"pinSiteCompletely","$v":"Este site já foi fixo a Sites principais."},{"$i":"siteWasPinnedBefore","$v":"Este site foi anexado anteriormente em Sites principais."},{"$i":"pinnedSitesOverLimit","$v":"Você atingiu o número máximo de sites anexados."},{"$i":"pressBackAgainToQuitBrowser","$v":"Pressione Voltar novamente para sair do navegador."},{"$i":"pressBackAgainToMinimizeBrowser","$v":"Pressione VOLTAR novamente para minimizar o navegador."},{"$i":"pinSiteToAllAppsCompletely","$v":"Este site  já foi fixo a todos os aplicativos."},{"$i":"pinSiteToAppsMenuCompletely","$v":"Este site está fixo no menu de aplicativos"},{"$i":"siteWasPinnedToAllAppsBefore","$v":"Este site foi fixo a todos os aplicativos antes."},{"$i":"siteWasPinnedToAppsMenuBefore","$v":"Este site foi fixo ao menu de aplicativos antes."},{"$i":"ext-bluetooth-req","$v":"Solicitação de sincronização"},{"$i":"ext-unknown","$v":"DESCONHECIDO"},{"$i":"ext-new-message","$v":"Nova mensagem"},{"$i":"ext-new-mail","$v":"Novo email"},{"$i":"ext-calendar-event","$v":"Evento de agenda"},{"$i":"ext-new-notification","$v":"Novos avisos"},{"$i":"incoming","$v":"Recebidas"},{"$i":"ext-volume-notification","$v":"Toques e notificações"},{"$i":"ext-volume-content","$v":"Mídia"},{"$i":"ext-volume-alarm","$v":"Alarme"},{"$i":"ext-new-cmas","$v":"Emergência"},{"$i":"phone-storage-full-body","$v":"Gravação de chamada interrompida. Exclua arquivos de mídia ou dados de aplicativos para liberar espaço."},{"$i":"sd-card-full-title","$v":"Cartão SD cheio"},{"$i":"sd-card-full-body","$v":"Gravação de chamada interrompida. Exclua arquivos no cartão SD para liberar espaço."},{"$i":"supl-notification-title","$v":"Solicitação de localização"},{"$i":"supl-notification-message","$v":"Sua localização está sendo transmitida para a operadora."},{"$i":"supl-verification-title","$v":"Solicitação de localização"},{"$i":"supl-verification-message","$v":"A operadora está solicitando sua localização. Você deseja fornecer suas informações de localização para a operadora?"},{"$i":"supl-verification-message-for-notification","$v":"Clicar aqui para confirmar"},{"$i":"supl-verification-confirm","$v":"Sim"},{"$i":"supl-verification-cancel","$v":"Não"},{"$i":"supl-more-message","$v":["Mensagem: ",{"t":"idOrVar","v":"id"}," (",{"t":"idOrVar","v":"message"},")"]},{"$i":"confirmPbapMsg","$v":[{"t":"idOrVar","v":"deviceId"}," gostaria de acessar seus contatos e registro de chamadas. Aceitar?"]},{"$i":"confirmTitle","$v":"Solicitação de Bluetooth"},{"$i":"initialValue","$v":"Inserir chave de sessão"},{"$i":"confirmMapMsg","$v":[{"t":"idOrVar","v":"deviceId"}," gostaria de acessar suas mensagens. Aceitar?"]},{"$i":"wifiCallErrorMsg","$v":["Erro de chamada de Wi-Fi: ",{"t":"idOrVar","v":"error"}]},{"$i":"wifiCallMissEccTitle","$v":[{"t":"idOrVar","v":"operator"}," WiFi Calling"]},{"$i":"wifiCallMissEccMsg","$v":"Emergency calls in areas with cellular coverage only"},{"$i":"battery-full-title","$v":"Bateria cheia"},{"$i":"battery-full-body","$v":"A bateria está totalmente carregada."},{"$i":"sim-config-title","$v":"Configuração"},{"$i":"sim-config-content-init","$v":["Pressione INICIAR para configurar seu telefone para ",{"t":"idOrVar","v":"carrier"},"."]},{"$i":"sim-config-content-change","$v":["Você deseja configurar seu telefone para ",{"t":"idOrVar","v":"carrier"},"?"]},{"$i":"sim-config-content-line1","$v":"Muito bem!"},{"$i":"sim-config-content-restart","$v":"Reinicie seu telefone para aplicar as alterações."},{"$i":"sim-config-content-finish","$v":"Pressione OK para concluir."},{"$i":"sim-config-content-failed","$v":["Não é possível localizar o perfil de ",{"t":"idOrVar","v":"carrier"},"."]},{"$i":"sim-config-button-restart","$v":"Reiniciar"},{"$i":"sim-config-button-begin","$v":"Começar"},{"$i":"open-wifi-available","$v":"Abrir redes Wi-Fi disponíveis"},{"$i":"wifi-available","$v":"Redes Wi-Fi disponíveis"},{"$i":"wifi-no-internet-title","$v":"Wi-Fi sem acesso à Internet"},{"$i":"wifi-no-internet-body","$v":"Opção de opções"},{"$i":"wifi-no-internet-header","$v":"Redes Wi-Fi"},{"$i":"wifi-no-internet-content","$v":[{"t":"idOrVar","v":"name"}," sem acesso à Internet. Permanecer conectado?"]},{"$i":"ellipses_char","$v":"…"},{"$i":"fota-title-attention","$v":"Atenção"},{"$i":"fota-upgrade-success","$v":["Êxito na atualização do firmware. Agora, o dispositivo tem a versão ",{"t":"idOrVar","v":"target"},"."]},{"$i":"fota-upgrade-failed","$v":"Falha na atualização. A versão anterior foi restaurada."},{"$i":"fota-title-software-update","$v":"Atualização de software"},{"$i":"fota-message-software-update-available","$v":"Atualização disponível."},{"$i":"fota-message-software-download-failed","$v":"Falha no download."},{"$i":"fota-message-software-download-complete","$v":"Download concluído."},{"$i":"network-issue-title","$v":"Erro de rede"},{"$i":"network-issue-detail","$v":"Verifique sua conexão."},{"$i":"device-issue-title","$v":"Erro de instalação"},{"$i":"device-issue-detail","$v":"Ocorreu um erro desconhecido."},{"$i":"device-issue-update-title","$v":"Erro de atualização"},{"$i":"install-generic-error","$v":"Download interrompido."},{"$i":"account-authenticator-invaild-grant-notice-title","$v":"Erro da conta"},{"$i":"account-authenticator-invaild-grant-notice-text","$v":"Faça o login novamente"},{"$i":"account-authenticator-no-network-error","$v":"Sem conexão com a Internet."},{"$i":"account-authenticator-access-denied-error","$v":"Ocorreu um erro desconhecido."},{"$i":"qtn_els_alert_high_vol","$v":"Alerta de alto volume"},{"$i":"qtn_els_alert_in_call","$v":"Em chamada"},{"$i":"GetEmptyUssdPrompt","$v":"Resposta nula recebida."},{"$i":"message-sent","$v":"Mensagem enviada."},{"$i":"send","$v":"Enviar"},{"$i":"confirmation","$v":"Confirmação"},{"$i":"kaistore-notice-title","$v":"KaiStore"},{"$i":"kaistore-notice-content","$v":"See what’s in store."},{"$i":"feedback-dialogview-header","$v":"Comentário"},{"$i":"feedback-dialogview-message","$v":"Sua opinião é muito valiosa para a HMD Global, por isso pedimos que você compartilhe o que pensa sobre seu novo telefone. Se gostaria de participar desta pesquisa mais tarde, você pode encontrá-la em Configurações."},{"$i":"dataConnection-off","$v":"Desativar dados móveis?"},{"$i":"dataConnection-off-content","$v":"Você não poderá usar nenhum aplicativo ou serviço que exija conexão de dados, a menos que use uma rede Wi-Fi."},{"$i":"turn-off-location","$v":"Desativar serviço de localização?"},{"$i":"turn-off-location-content","$v":"O serviço de geolocalização não permanecerá disponível se você desativar esse serviço. No entanto, ainda poderá haverá cobrança pelos dados móveis se você mantiver esse serviço ativado."},{"$i":"firefox-accounts-title","$v":"Contas da KaiOS"},{"$i":"firefox-accounts-title-sign-in","$v":"Iniciar sessão"},{"$i":"firefox-accounts-title-create-account","$v":"Criar conta"},{"$i":"kaios-accounts-title-about-kaios-account","$v":"Sobre a conta da KaiOS"},{"$i":"kaios-accounts-phone-verification","$v":"Verificação do telefone"},{"$i":"kaios-accounts-title-account-info","$v":"Informações da conta"},{"$i":"fxa-next","$v":"Próximo"},{"$i":"fxa-back","$v":"Voltar"},{"$i":"fxa-done","$v":"Concluído"},{"$i":"fxa-ok","$v":"OK"},{"$i":"kai-verification-mail-has-been-sent","$v":"Um link de verificação foi enviado para"},{"$i":"fxa-decline","$v":"Recusar"},{"$i":"fxa-accept","$v":"Aceitar"},{"$i":"fxa-sining-in","$v":"Iniciando sessão..."},{"$i":"not-now","$v":"Agora não"},{"$i":"send-sms","$v":"Enviar SMS"},{"$i":"resend-sms","$v":"Reenviar SMS"},{"$i":"fxa-connection-error-title","$v":"Impossível conectar"},{"$i":"fxa-connection-error-message","$v":"Você pode criar uma conta ou iniciar sessão em Configurações."},{"$i":"fxa-reset-password-error-title","$v":"Redefinir senha"},{"$i":"fxa-reset-password-error-message","$v":"Você pode redefinir sua senha em Configurações."},{"$i":"fxa-incorrect-email-address-or-password","$v":"senha ou endereço de email de fxa incorreto"},{"$i":"fxa-internet-connection-is-required","$v":"é necessária uma conexão de Internet de fxa"},{"$i":"fxa-server-error","$v":"Erro do servidor. Tente novamente mais tarde"},{"$i":"fxa-server-error-2","$v":"Erro"},{"$i":"fxa-server-error-message","$v":"Não foi possível criar a conta. Tente novamente mais tarde."},{"$i":"fxa-server-error-message-2","$v":"Servidor indisponível. Tente novamente mais tarde."},{"$i":"fxa-offline-error-title","$v":"Impossível conectar"},{"$i":"fxa-offline-error-message","$v":"Conecte-se a uma rede a partir de Configurações."},{"$i":"fxa-offline-error-message-1","$v":"Sem conexão com a Internet."},{"$i":"fxa-invalid-email-title","$v":"Erro"},{"$i":"fxa-invalid-email-message","$v":"Insira um email válido."},{"$i":"fxa-invalid-password-title","$v":"Erro"},{"$i":"fxa-invalid-password-message","$v":"Senha ou endereço de email incorreto"},{"$i":"fxa-invalid-password-message-1","$v":"Senha incorreta."},{"$i":"fxa-unknown-error-title","$v":"Impossível conectar"},{"$i":"fxa-unknown-error-message","$v":"Sistema indisponível. Tente novamente em breve."},{"$i":"fxa-email-is-taken-title","$v":"Erro"},{"$i":"fxa-email-is-taken-message","$v":"Já existe uma conta para este email. Inicie sessão em sua conta."},{"$i":"fxa-confirm-age-title","$v":"Erro"},{"$i":"fxa-confirm-age-message","$v":"Confirme que tem mais de 13 anos de idade"},{"$i":"fxa-account-does-not-exist","$v":"Erro"},{"$i":"fxa-account-does-not-exist-message","$v":"Senha ou endereço de email incorreto"},{"$i":"fxa-account-does-not-exist-message-1","$v":"A conta não existe."},{"$i":"fxa-password-dont-match","$v":"Erro"},{"$i":"fxa-password-dont-match-message","$v":"As senhas não correspondem."},{"$i":"fxa-password-less","$v":"Erro"},{"$i":"fxa-password-less-message","$v":"a senha tem menos de 8 caracteres."},{"$i":"fxa-password-less-message-1","$v":"A senha tem menos de 8 caracteres."},{"$i":"fxa-password-more","$v":"Erro"},{"$i":"fxa-password-more-message","$v":"a senha tem mais de 20 caracteres."},{"$i":"fxa-password-more-message-1","$v":"A senha tem mais de 20 caracteres."},{"$i":"fxa-password-error","$v":"Erro"},{"$i":"fxa-password-error-message","$v":"A senha deve ter entre 8-20 caracteres, com uma combinação de letras e números."},{"$i":"fxa-connecting","$v":"Conectando"},{"$i":"fxa-enter-phone-number-message","$v":"Insira seu número de telefone. Um SMS será enviado e a verificação automática será iniciada."},{"$i":"fxa-sms-has-been-sent-message","$v":"O SMS foi enviado. Quando ele for recebido a verificação automática será iniciada. Apenas relaxe e aproveite a viagem!"},{"$i":"fxa-time-remaining","$v":"Tempo restante:"},{"$i":"fxa-sms-verification-failed-message","$v":"Falha na verificação do SMS. Confirme seu telefone e pressione \"Reenviar SMS\" para tentar novamente."},{"$i":"fxa-phone-number-label","$v":"Número de telefone"},{"$i":"fxa-enter-your-infomation","$v":"Digite suas informações."},{"$i":"fxa-birthday-label","$v":"Aniversário"},{"$i":"fxa-birthday-select","$v":"Selecionar"},{"$i":"fxa-gender-label","$v":"Sexo"},{"$i":"fxa-gender-select","$v":"Selecionar"},{"$i":"fxa-gender-male","$v":"Masculino"},{"$i":"fxa-gender-female","$v":"Feminino"},{"$i":"fxa-gender-confidential","$v":"Confidencial"},{"$i":"fxa-enter-email-input","placeholder":"Digitar seu email"},{"$i":"fxa-use-email-to-sign-in","$v":"Digite seu email. Seu email será seu nome de conta."},{"$i":"fxa-notice","$v":["Ao continuar, concordo com os ",{"t":"idOrVar","v":"tos"}," e ",{"t":"idOrVar","v":"pn"}," dos serviços de nuvem da KaiOS."]},{"$i":"fxa-placeholder","$v":"Seu email aqui"},{"$i":"fxa-tos","$v":"Termos de serviço"},{"$i":"fxa-pn","$v":"Aviso de privacidade"},{"$i":"fxa-create-account-title","$v":"Criar conta"},{"$i":"fxa-show-age-title","$v":"Tenho mais de 13 anos"},{"$i":"fxa-enter-password-title","$v":"Digite a senha. Sua senha precisa ter de 8 a 20 caracteres e deve conter letras e números."},{"$i":"fxa-enter-password-title-1","$v":"Digite uma senha. Sua senha precisa ter de 8 a 20 caracteres e deve conter letras e números."},{"$i":"fxa-setup-password-title","$v":"Definir senha"},{"$i":"fxa-create-password-title","$v":"Criar uma senha"},{"$i":"fxa-hello-user","$v":["Olá, ",{"t":"idOrVar","v":"email"}]},{"$i":"fxa-password-refresh","$v":"Digite a senha da sua conta da KaiOS para continuar."},{"$i":"fxa-password","$v":"Senha","placeholder":"Senha"},{"$i":"fxa-forgot-your-password","$v":"Esqueceu sua senha?"},{"$i":"fxa-show-password","$v":"Mostrar senha"},{"$i":"fxa-password-length-requirement","$v":"Sua senha deve ter no mínimo 8 caracteres."},{"$i":"fxa-confirm-account","$v":"Confirmar sua conta"},{"$i":"fxa-will-send-email","$v":"Sua conta foi criada."},{"$i":"fxa-signup-click-verification-link-in-email","$v":["Enviamos um email de confirmação para ",{"t":"idOrVar","v":"email"},". Verifique sua caixa de entrada e verifique e ative sua conta."]},{"$i":"fxa-access-manage-account-settings","$v":"O link de ativação irá expirar em 24 horas."},{"$i":"fxa-signup-success-title","$v":"Conta criada"},{"$i":"about-kaios-account-text","$v":"Lorem ipsum dolor sit amet, con-sectetur adipiscing elit, sed do eiusmod tempor incididunt ut labore et dolore magna aliqua. Ut enim ad minim veniam, quis nos-trud exercitation ullamco laboris nisi ut aliquip ex ea commodo consequat. Duis aute irure dolor in reprehenderit in voluptate velit esse cillum dolore eu fugiat nulla pariatur. Excepteur sint occaecat cupidatat non proident, sunt in culpa qui officia deserunt mollit anim id est laborum."},{"$i":"about-kaios-account-text1","$v":"A conta da KaiOS fornece autenticação para serviços da KaiOS. A conta identifica o usuário e o dispositivo e permite acesso a recursos como o gerenciamento remoto de dispositivos e serviços adicionais."},{"$i":"about-kaios-account-text2","$v":"Criar uma conta requer um endereço de email e uma senha.  O usuário deve verificar o endereço de email por meio de um link de email enviado durante a criação da conta.  A conta não será ativada até que esse endereço de email seja verificado."},{"$i":"about-kaios-account-text3","$v":"Ao prosseguir com a criação da conta, você concorda com os termos e o aviso de privacidade."},{"$i":"fxa-signin-email","$v":"Nome da conta"},{"$i":"fxa-signin-password","$v":"Senha"},{"$i":"fxa-signin-success-title","$v":"Sua conta"},{"$i":"fxa-signin-lsk","$v":"Esqueceu a senha"},{"$i":"fxa-signin-rsk","$v":"Iniciar sessão"},{"$i":"fxa-change-password-title","$v":"Alterar senha"},{"$i":"fxa-change-password-description","$v":"Digite sua senha atual e defina uma nova senha."},{"$i":"fxa-new-password","$v":"Nova senha"},{"$i":"fxa-changing-password","$v":"Alterando a senha..."},{"$i":"fxa-forgot-password-title","$v":"Esqueceu a senha"},{"$i":"fxa-forgot-password","$v":"esqueceu a senha"},{"$i":"fxa-forgot-password-sk","$v":"Esquecer PWD"},{"$i":"fxa-forgot-password-success-title","$v":"E-mail de redefinição de senha enviado"},{"$i":"fxa-reset-password-succcess-content","$v":"O email para redefinir sua senha foi enviado à sua conta de email."},{"$i":"fxa-reset-password-succcess-content-part2","$v":"Verifique sua caixa de entrada de email e redefina sua senha."},{"$i":"fxa-sign-out-title","$v":"O antifurto está ativado"},{"$i":"fxa-sign-out-intro","$v":"confirme que deseja desativar o antifurto e sair."},{"$i":"fxa-sign-out-intro-1","$v":"confirme que deseja desativar o antifurto e sair."},{"$i":"fxa-signout-email","$v":"Sua conta"},{"$i":"fxa-confirm-password","$v":"Confirmar senha"},{"$i":"fxa-signing-out","$v":"Saindo..."},{"$i":"fxa-sign-out-error-title","$v":"Erro"},{"$i":"fxa-sign-out-error-message","$v":"Saída da conta sem sucesso. Tente novamente mais tarde"},{"$i":"fxa-sign-out-error-message-1","$v":"Saída da conta sem sucesso. Tente novamente mais tarde"},{"$i":"fxa-connection-is-required-title","$v":"Erro"},{"$i":"fxa-connection-is-required-message","$v":"É necessária uma conexão com a Internet"},{"$i":"fxa-check-password-title","$v":"Desativar antifurto"},{"$i":"fxa-disable-antitheft-checkpassword-message","$v":"Confirme que você gostaria de desativar o antifurto."},{"$i":"fxa-reset-factory-checkpassword-message","$v":"Para restaurar o dispositivo, você precisa inserir sua senha e desativar o antifurto."},{"$i":"fxa-reset-factory-checkpassword-message-1","$v":"Para restaurar seu dispositivo, você precisa inserir sua senha e desativar o antifurto."},{"$i":"fxa-enter-email-to-reset-password","$v":"Digite o e-mail de sua conta, enviaremos um link para você redefinir sua senha."},{"$i":"fxa-enter-email-to-reset-password-1","$v":"Digite o e-mail de sua conta, enviaremos um link para você redefinir sua senha."},{"$i":"fxa-account-not-found","$v":"Conta não encontrada. Tente novamente."},{"$i":"fxa-multiple-sign-in-attempts-title","$v":"Várias tentativas de conexão"},{"$i":"fxa-multiple-sign-in-attempts-content","$v":"Você inseriu a senha errada por várias vezes"},{"$i":"fxa-multiple-sign-in-attempts-content-1","$v":"Senha incorreta inserida diversas vezes."},{"$i":"fxa-multiple-sign-in-attempts-content-retry","$v":"Tente novamente mais tarde"},{"$i":"shortDateFormat","$v":"%d de %B de %Y"},{"$i":"network-error-in-app","$v":"Não há acesso à Internet no momento."},{"$i":"network-error-launching","$v":[{"t":"idOrVar","v":"name"}," exige uma conexão com a Internet."]},{"$i":"network-error-launching-title","$v":"Sem conexão com a Internet"},{"$i":"network-error-launching-message","$v":"Use dados das redes móveis ou Wi-Fi para acessar a Internet."},{"$i":"server-not-found","$v":"Servidor não encontrado"},{"$i":"server-not-found-error","$v":["Não é possível encontrar o servidor em ",{"t":"idOrVar","v":"name"},"."]},{"$i":"file-not-found","$v":"Arquivo não encontrado"},{"$i":"file-not-found-error","$v":"O dispositivo não pode exibir esta página, pois o arquivo não foi encontrado."},{"$i":"connection-failed","$v":"Impossível conectar"},{"$i":"connection-failed-error","$v":"Um erro de rede ocorreu ao tentar acessar o site."},{"$i":"invalid-connection","$v":"Impossível conectar"},{"$i":"invalid-connection-error","$v":"Um erro de rede ocorreu ao tentar acessar o site."},{"$i":"malformed-uri","$v":"O URL não é válido"},{"$i":"malformed-uri-error","$v":"O URL inserido não é válido e não pode ser carregado."},{"$i":"redirect-loop","$v":"A página não pode ser exibida"},{"$i":"redirect-loop-error","$v":"O dispositivo não pode exibir esta página porque a página não está redirecionando corretamente. Tente esta página novamente mais tarde."},{"$i":"not-cached","$v":"A página expirou"},{"$i":"not-cached-error","$v":"Como precaução de segurança, esta página não pode ser exibida pelo dispositivo, pois expirou."},{"$i":"is-printing","$v":"Acesso negado"},{"$i":"is-printing-error","$v":"O documento não pode ser alterado durante a impressão ou visualização de impressão."},{"$i":"denied-port-access","$v":"Endereço restrito"},{"$i":"denied-port-access-error","$v":"Este endereço usa uma porta de rede que é normalmente usada para fins que não sejam de navegação na Web. O dispositivo cancelou a solicitação para sua proteção."},{"$i":"proxy-resolve-failure","$v":"Erro do servidor proxy"},{"$i":"proxy-resolve-failure-error","$v":"O dispositivo está configurado para usar um servidor proxy que não pode ser encontrado."},{"$i":"proxy-connect-failure","$v":"Erro do servidor proxy"},{"$i":"proxy-connect-failure-error","$v":"O dispositivo está configurado para usar um servidor proxy que recusa conexões."},{"$i":"content-encoding","$v":"A página não pode ser exibida"},{"$i":"content-encoding-error","$v":"O dispositivo não pode exibir esta página devido a um erro de codificação do conteúdo."},{"$i":"remote-xul","$v":"Página incompatível"},{"$i":"remote-xul-error","$v":"Esta página não pode ser exibida, pois usa uma tecnologia que não é compatível com o dispositivo."},{"$i":"phishing-blocked","$v":"Atenção"},{"$i":"phishing-blocked-error","$v":"O site foi denunciado como uma falsificação criada para enganar usuários a compartilhar informações pessoais ou financeiras."},{"$i":"malware-blocked","$v":"Ataque de malware bloqueado"},{"$i":"malware-blocked-error","$v":"O site foi denunciado como site de ataque. O dispositivo bloqueou a solicitação para sua proteção."},{"$i":"unsafe-content-type","$v":"Conteúdo não seguro"},{"$i":"unsafe-content-type-error","$v":"A página não pode ser exibida, pois pode não ser seguro abri-la."},{"$i":"corrupted-content","$v":"Impossível conectar"},{"$i":"corrupted-content-error","$v":"A página não pode ser exibida devido a um erro detectado na transmissão de dados."},{"$i":"unknown-protocol-found","$v":"Página incompatível"},{"$i":"unknown-protocol-found-error","$v":"A página não pode ser exibida, pois usa uma tecnologia que não é compatível com o dispositivo."},{"$i":"try-again","$v":"Tentar novamente"},{"$i":"check-settings","$v":"Verificar configurações"},{"$i":"brandShortName","$v":"KaiOS"},{"$i":"browserBrandShortName","$v":"Web Browser"},{"$i":"browserBrandFullName","$v":"Mozilla Web Browser"},{"$i":"ringtoneBrandName","$v":"Default"},{"$i":"ringtoneSectionBrandName","$v":"System"},{"$i":"accessibility-enableScreenReaderSteps","$v":"Para ativar o leitor de tela, pressione os botões aumentar volume e, em seguida, diminuir volume três vezes"},{"$i":"accessibility-disableScreenReaderSteps","$v":"Para desativar o leitor de tela, pressione os botões aumentar volume e, em seguida, diminuir volume três vezes"},{"$i":"accessibility-screenReaderStarted","$v":"Leitor de tela iniciado"},{"$i":"accessibility-screenReaderStopped","$v":"Leitor de tela interrompido"},{"$i":"accessibility-menubar","$v":"barra de menus"},{"$i":"accessibility-scrollbar","$v":"barra de rolagem"},{"$i":"accessibility-grip","$v":"alça"},{"$i":"accessibility-alert","$v":"alerta"},{"$i":"accessibility-menupopup","$v":"menu pop-up"},{"$i":"accessibility-document","$v":"documento"},{"$i":"accessibility-pane","$v":"painel"},{"$i":"accessibility-dialog","$v":"diálogo"},{"$i":"accessibility-separator","$v":"separador"},{"$i":"accessibility-toolbar","$v":"barra de ferramentas"},{"$i":"accessibility-statusbar","$v":"barra de status"},{"$i":"accessibility-table","$v":"tabela"},{"$i":"accessibility-columnheader","$v":"cabeçalho de coluna"},{"$i":"accessibility-rowheader","$v":"cabeçalho da linha"},{"$i":"accessibility-column","$v":"coluna"},{"$i":"accessibility-row","$v":"linha"},{"$i":"accessibility-cell","$v":"célula"},{"$i":"accessibility-link","$v":"link"},{"$i":"accessibility-list","$v":"lista"},{"$i":"accessibility-listitem","$v":"item de lista"},{"$i":"accessibility-outline","$v":"contorno"},{"$i":"accessibility-outlineitem","$v":"item de contorno"},{"$i":"accessibility-pagetab","$v":"guia"},{"$i":"accessibility-propertypage","$v":"página de propriedades"},{"$i":"accessibility-graphic","$v":"gráfico"},{"$i":"accessibility-pushbutton","$v":"botão"},{"$i":"accessibility-checkbutton","$v":"botão de verificação"},{"$i":"accessibility-radiobutton","$v":"botão de opção"},{"$i":"accessibility-combobox","$v":"caixa de combinação"},{"$i":"accessibility-progressbar","$v":"barra de progresso"},{"$i":"accessibility-slider","$v":"controle deslizante"},{"$i":"accessibility-spinbutton","$v":"botão de rotação"},{"$i":"accessibility-diagram","$v":"diagrama"},{"$i":"accessibility-animation","$v":"animação"},{"$i":"accessibility-equation","$v":"equação"},{"$i":"accessibility-buttonmenu","$v":"menu de botões"},{"$i":"accessibility-whitespace","$v":"espaço em branco"},{"$i":"accessibility-pagetablist","$v":"lista de guias"},{"$i":"accessibility-canvas","$v":"tela de desenho"},{"$i":"accessibility-checkmenuitem","$v":"check menu item"},{"$i":"accessibility-label","$v":"rótulo"},{"$i":"accessibility-passwordtext","$v":"texto da senha"},{"$i":"accessibility-radiomenuitem","$v":"item de menu de opção"},{"$i":"accessibility-textcontainer","$v":"contêiner de texto"},{"$i":"accessibility-togglebutton","$v":"botão de alternância"},{"$i":"accessibility-treetable","$v":"tabela de árvore"},{"$i":"accessibility-header","$v":"cabeçalho"},{"$i":"accessibility-footer","$v":"rodapé"},{"$i":"accessibility-paragraph","$v":"parágrafo"},{"$i":"accessibility-entry","$v":"entrada"},{"$i":"accessibility-caption","$v":"legenda"},{"$i":"accessibility-heading","$v":"título"},{"$i":"accessibility-section","$v":"seção"},{"$i":"accessibility-form","$v":"formulário"},{"$i":"accessibility-comboboxlist","$v":"lista da caixa de combinação"},{"$i":"accessibility-comboboxoption","$v":"opção da caixa de combinação"},{"$i":"accessibility-imagemap","$v":"mapa de imagem"},{"$i":"accessibility-listboxoption","$v":"opção"},{"$i":"accessibility-listbox","$v":"caixa de listagem"},{"$i":"accessibility-flatequation","$v":"equação simples"},{"$i":"accessibility-gridcell","$v":"célula de grade"},{"$i":"accessibility-note","$v":"anotação"},{"$i":"accessibility-figure","$v":"número"},{"$i":"accessibility-definitionlist","$v":"lista de definições"},{"$i":"accessibility-term","$v":"termo"},{"$i":"accessibility-definition","$v":"definição"},{"$i":"accessibility-textarea","$v":"área de texto"},{"$i":"accessibility-textInputType_date","$v":"data"},{"$i":"accessibility-textInputType_email","$v":"email"},{"$i":"accessibility-textInputType_search","$v":"pesquisar"},{"$i":"accessibility-textInputType_tel","$v":"telefone"},{"$i":"accessibility-textInputType_url","$v":"URL"},{"$i":"accessibility-headingLevel","$v":["nível de título ",{"t":"idOrVar","v":"0"}]},{"$i":"accessibility-listStart","$v":"Primeiro item"},{"$i":"accessibility-listEnd","$v":"Último item"},{"$i":"accessibility-listItemsCount","$v":{"few":[{"t":"idOrVar","v":"count"}," itens"],"many":[{"t":"idOrVar","v":"count"}," itens"],"one":[{"t":"idOrVar","v":"count"}," item"],"other":[{"t":"idOrVar","v":"count"}," itens"],"two":[{"t":"idOrVar","v":"count"}," itens"],"zero":[{"t":"idOrVar","v":"count"}," itens"]},"$x":[{"t":"idOrVar","v":"plural"},"count"]},{"$i":"accessibility-objItemOfN","$v":[{"t":"idOrVar","v":"0"}," de ",{"t":"idOrVar","v":"1"}]},{"$i":"accessibility-banner","$v":"banner"},{"$i":"accessibility-complementary","$v":"complementar"},{"$i":"accessibility-contentinfo","$v":"informações sobre o conteúdo"},{"$i":"accessibility-main","$v":"principal"},{"$i":"accessibility-navigation","$v":"navegação"},{"$i":"accessibility-search","$v":"pesquisar"},{"$i":"accessibility-tblColumnInfo","$v":{"few":["com ",{"t":"idOrVar","v":"count"}," colunas"],"many":["com ",{"t":"idOrVar","v":"count"}," colunas"],"one":["com ",{"t":"idOrVar","v":"count"}," coluna"],"other":["com ",{"t":"idOrVar","v":"count"}," colunas"],"two":["com ",{"t":"idOrVar","v":"count"}," colunas"],"zero":["com ",{"t":"idOrVar","v":"count"}," colunas"]},"$x":[{"t":"idOrVar","v":"plural"},"count"]},{"$i":"accessibility-tblRowInfo","$v":{"few":["e ",{"t":"idOrVar","v":"count"}," linhas"],"many":["e ",{"t":"idOrVar","v":"count"}," linhas"],"one":["e ",{"t":"idOrVar","v":"count"}," linha"],"other":["e ",{"t":"idOrVar","v":"count"}," linhas"],"two":["e ",{"t":"idOrVar","v":"count"}," linhas"],"zero":["e ",{"t":"idOrVar","v":"count"}," linhas"]},"$x":[{"t":"idOrVar","v":"plural"},"count"]},{"$i":"accessibility-columnInfo","$v":["Coluna ",{"t":"idOrVar","v":"0"}]},{"$i":"accessibility-rowInfo","$v":["Linha ",{"t":"idOrVar","v":"0"}]},{"$i":"accessibility-spansColumns","$v":{"few":["estende-se por ",{"t":"idOrVar","v":"0"}," colunas"],"many":["estende-se por ",{"t":"idOrVar","v":"0"}," colunas"],"one":["estende-se por ",{"t":"idOrVar","v":"0"}," coluna"],"other":["estende-se por ",{"t":"idOrVar","v":"0"}," colunas"],"two":["estende-se por ",{"t":"idOrVar","v":"0"}," colunas"],"zero":["estende-se por ",{"t":"idOrVar","v":"0"}," colunas"]},"$x":[{"t":"idOrVar","v":"plural"},"0"]},{"$i":"accessibility-spansRows","$v":{"few":["estende-se por ",{"t":"idOrVar","v":"0"}," linhas"],"many":["estende-se por ",{"t":"idOrVar","v":"0"}," linhas"],"one":["estende-se por ",{"t":"idOrVar","v":"0"}," linha"],"other":["estende-se por ",{"t":"idOrVar","v":"0"}," linhas"],"two":["estende-se por ",{"t":"idOrVar","v":"0"}," linhas"],"zero":["estende-se por ",{"t":"idOrVar","v":"0"}," linhas"]},"$x":[{"t":"idOrVar","v":"plural"},"0"]},{"$i":"accessibility-jumpAction","$v":"saltado"},{"$i":"accessibility-pressAction","$v":"pressionado"},{"$i":"accessibility-checkAction","$v":"marcado"},{"$i":"accessibility-uncheckAction","$v":"desmarcado"},{"$i":"accessibility-selectAction","$v":"selecionado"},{"$i":"accessibility-unselectAction","$v":"não selecionado"},{"$i":"accessibility-openAction","$v":"aberto"},{"$i":"accessibility-closeAction","$v":"fechado"},{"$i":"accessibility-switchAction","$v":"alternado"},{"$i":"accessibility-clickAction","$v":"clicked"},{"$i":"accessibility-collapseAction","$v":"recolhido"},{"$i":"accessibility-expandAction","$v":"expandido"},{"$i":"accessibility-activateAction","$v":"ativado"},{"$i":"accessibility-cycleAction","$v":"recorrente"},{"$i":"accessibility-hidden","$v":"oculto"},{"$i":"accessibility-tabLoading","$v":"carregando"},{"$i":"accessibility-tabLoaded","$v":"carregado"},{"$i":"accessibility-tabNew","$v":"nova guia"},{"$i":"accessibility-tabLoadStopped","$v":"carregamento interrompido"},{"$i":"accessibility-tabReload","$v":"recarregando"},{"$i":"accessibility-stateChecked","$v":"marcado"},{"$i":"accessibility-stateNotChecked","$v":"desmarcado"},{"$i":"accessibility-statePressed","$v":"pressionado"},{"$i":"accessibility-stateExpanded","$v":"expandido"},{"$i":"accessibility-stateCollapsed","$v":"recolhido"},{"$i":"accessibility-stateUnavailable","$v":"não disponível"},{"$i":"accessibility-stateRequired","$v":"necessário"},{"$i":"accessibility-stateTraversed","$v":"visitado"},{"$i":"accessibility-stateHasPopup","$v":"tem pop-up"},{"$i":"accessibility-stateSelected","$v":"selecionado"},{"$i":"accessibility-editingMode","$v":"editando"},{"$i":"accessibility-navigationMode","$v":"navegando"},{"$i":"accessibility-quicknav_Simple","$v":"Padrão"},{"$i":"accessibility-quicknav_Anchor","$v":"Âncoras"},{"$i":"accessibility-quicknav_Button","$v":"Botões"},{"$i":"accessibility-quicknav_Combobox","$v":"Caixas de combinação"},{"$i":"accessibility-quicknav_Landmark","$v":"Pontos de referência"},{"$i":"accessibility-quicknav_Entry","$v":"Entradas"},{"$i":"accessibility-quicknav_FormElement","$v":"Elementos do formulário"},{"$i":"accessibility-quicknav_Graphic","$v":"Imagens"},{"$i":"accessibility-quicknav_Heading","$v":"Títulos"},{"$i":"accessibility-quicknav_ListItem","$v":"Itens de lista"},{"$i":"accessibility-quicknav_Link","$v":"Links"},{"$i":"accessibility-quicknav_List","$v":"Listas"},{"$i":"accessibility-quicknav_PageTab","$v":"Guias de página"},{"$i":"accessibility-quicknav_RadioButton","$v":"Botões de opção"},{"$i":"accessibility-quicknav_Separator","$v":"Separadores"},{"$i":"accessibility-quicknav_Table","$v":"Tabelas"},{"$i":"accessibility-quicknav_Checkbox","$v":"Caixas de seleção"},{"$i":"accessibility-menubarAbbr","$v":"barra de menus"},{"$i":"accessibility-scrollbarAbbr","$v":"barra de rolagem"},{"$i":"accessibility-gripAbbr","$v":"alça"},{"$i":"accessibility-alertAbbr","$v":"alerta"},{"$i":"accessibility-menupopupAbbr","$v":"menu pop-up"},{"$i":"accessibility-documentAbbr","$v":"documento"},{"$i":"accessibility-paneAbbr","$v":"painel"},{"$i":"accessibility-dialogAbbr","$v":"diálogo"},{"$i":"accessibility-separatorAbbr","$v":"separador"},{"$i":"accessibility-toolbarAbbr","$v":"barra de ferramentas"},{"$i":"accessibility-statusbarAbbr","$v":"barra de status"},{"$i":"accessibility-tableAbbr","$v":"tbl"},{"$i":"accessibility-columnheaderAbbr","$v":"cabeçalho de coluna"},{"$i":"accessibility-rowheaderAbbr","$v":"cabeçalho da linha"},{"$i":"accessibility-columnAbbr","$v":"coluna"},{"$i":"accessibility-rowAbbr","$v":"linha"},{"$i":"accessibility-cellAbbr","$v":"célula"},{"$i":"accessibility-linkAbbr","$v":"lnk"},{"$i":"accessibility-listAbbr","$v":"lista"},{"$i":"accessibility-listitemAbbr","$v":"item de lista"},{"$i":"accessibility-outlineAbbr","$v":"contorno"},{"$i":"accessibility-outlineitemAbbr","$v":"item de contorno"},{"$i":"accessibility-pagetabAbbr","$v":"guia"},{"$i":"accessibility-propertypageAbbr","$v":"página de propriedades"},{"$i":"accessibility-graphicAbbr","$v":"gráfico"},{"$i":"accessibility-pushbuttonAbbr","$v":"btn"},{"$i":"accessibility-checkbuttonAbbr","$v":"botão de verificação"},{"$i":"accessibility-radiobuttonAbbr","$v":"botão de opção"},{"$i":"accessibility-comboboxAbbr","$v":"caixa de combinação"},{"$i":"accessibility-progressbarAbbr","$v":"barra de progresso"},{"$i":"accessibility-sliderAbbr","$v":"controle deslizante"},{"$i":"accessibility-spinbuttonAbbr","$v":"botão de rotação"},{"$i":"accessibility-diagramAbbr","$v":"diagrama"},{"$i":"accessibility-animationAbbr","$v":"animação"},{"$i":"accessibility-equationAbbr","$v":"equação"},{"$i":"accessibility-buttonmenuAbbr","$v":"menu de botões"},{"$i":"accessibility-whitespaceAbbr","$v":"espaço em branco"},{"$i":"accessibility-pagetablistAbbr","$v":"lista de guias"},{"$i":"accessibility-canvasAbbr","$v":"tela de desenho"},{"$i":"accessibility-checkmenuitemAbbr","$v":"check menu item"},{"$i":"accessibility-labelAbbr","$v":"rótulo"},{"$i":"accessibility-passwordtextAbbr","$v":"passwdtxt"},{"$i":"accessibility-radiomenuitemAbbr","$v":"item de menu de opção"},{"$i":"accessibility-textcontainerAbbr","$v":"contêiner de texto"},{"$i":"accessibility-togglebuttonAbbr","$v":"botão de alternância"},{"$i":"accessibility-treetableAbbr","$v":"tabela de árvore"},{"$i":"accessibility-headerAbbr","$v":"cabeçalho"},{"$i":"accessibility-footerAbbr","$v":"rodapé"},{"$i":"accessibility-paragraphAbbr","$v":"parágrafo"},{"$i":"accessibility-entryAbbr","$v":"entrada"},{"$i":"accessibility-captionAbbr","$v":"legenda"},{"$i":"accessibility-headingAbbr","$v":"título"},{"$i":"accessibility-sectionAbbr","$v":"seção"},{"$i":"accessibility-formAbbr","$v":"formulário"},{"$i":"accessibility-comboboxlistAbbr","$v":"lista da caixa de combinação"},{"$i":"accessibility-comboboxoptionAbbr","$v":"opção da caixa de combinação"},{"$i":"accessibility-imagemapAbbr","$v":"imgmap"},{"$i":"accessibility-listboxoptionAbbr","$v":"opção"},{"$i":"accessibility-listboxAbbr","$v":"caixa de listagem"},{"$i":"accessibility-flatequationAbbr","$v":"equação simples"},{"$i":"accessibility-gridcellAbbr","$v":"célula de grade"},{"$i":"accessibility-noteAbbr","$v":"anotação"},{"$i":"accessibility-figureAbbr","$v":"n.º"},{"$i":"accessibility-definitionlistAbbr","$v":"lista de definições"},{"$i":"accessibility-termAbbr","$v":"termo"},{"$i":"accessibility-definitionAbbr","$v":"definição"},{"$i":"accessibility-textareaAbbr","$v":"txtarea"},{"$i":"accessibility-tblColumnInfoAbbr","$v":{"few":[{"t":"idOrVar","v":"count"},"c"],"many":[{"t":"idOrVar","v":"count"},"c"],"one":[{"t":"idOrVar","v":"count"},"c"],"other":[{"t":"idOrVar","v":"count"},"c"],"two":[{"t":"idOrVar","v":"count"},"c"]},"$x":[{"t":"idOrVar","v":"plural"},"count"]},{"$i":"accessibility-tblRowInfoAbbr","$v":{"few":[{"t":"idOrVar","v":"count"},"r"],"many":[{"t":"idOrVar","v":"count"},"r"],"one":[{"t":"idOrVar","v":"count"},"r"],"other":[{"t":"idOrVar","v":"count"},"r"],"two":[{"t":"idOrVar","v":"count"},"r"]},"$x":[{"t":"idOrVar","v":"plural"},"count"]},{"$i":"accessibility-cellInfoAbbr","$v":["c",{"t":"idOrVar","v":"0"},"r",{"t":"idOrVar","v":"1"}]},{"$i":"accessibility-stateCheckedAbbr","$v":"(x)"},{"$i":"accessibility-stateUncheckedAbbr","$v":"( )"},{"$i":"accessibility-statePressedAbbr","$v":"(x)"},{"$i":"accessibility-stateUnpressedAbbr","$v":"( )"},{"$i":"accessibility-pushbutton-hint","$v":"Toque duas vezes para ativar"},{"$i":"accessibility-checkbutton-hint","$v":"Toque duas vezes para ativar"},{"$i":"accessibility-combobox-hint","$v":"Toque duas vezes para ativar"},{"$i":"accessibility-key-hint","$v":"Toque e segure para ativar"},{"$i":"accessibility-link-hint","$v":"Toque duas vezes para ativar"},{"$i":"accessibility-menuitem-hint","$v":"Toque duas vezes para ativar"},{"$i":"accessibility-option-hint","$v":"Toque duas vezes para ativar"},{"$i":"accessibility-radiobutton-hint","$v":"Toque duas vezes para ativar"},{"$i":"accessibility-slider-hint","$v":"Deslize para cima para aumentar ou para baixo para diminuir"},{"$i":"accessibility-spinbutton-hint","$v":"Deslize para cima para aumentar ou para baixo para diminuir"},{"$i":"accessibility-pagetab-hint","$v":"Toque duas vezes para ativar"},{"$i":"accessibility-entry-hint","$v":"Toque duas vezes para ativar"},{"$i":"accessibility-outlineitem-hint","$v":"Toque duas vezes para ativar"},{"$i":"SoftLeft","$v":"Tecla da esquerda"},{"$i":"Enter","$v":"Tecla OK"},{"$i":"SoftRight","$v":"Tecla da direita"},{"$i":"weekday-0-long","$v":"Domingo"},{"$i":"weekday-1-long","$v":"Segunda-feira"},{"$i":"weekday-2-long","$v":"Terça-feira"},{"$i":"weekday-3-long","$v":"Quarta-feira"},{"$i":"weekday-4-long","$v":"Quinta-feira"},{"$i":"weekday-5-long","$v":"Sexta-feira"},{"$i":"weekday-6-long","$v":"Sábado"},{"$i":"weekday-0-short","$v":"Dom"},{"$i":"weekday-1-short","$v":"Seg"},{"$i":"weekday-2-short","$v":"Ter"},{"$i":"weekday-3-short","$v":"Qua"},{"$i":"weekday-4-short","$v":"Qui"},{"$i":"weekday-5-short","$v":"Sex"},{"$i":"weekday-6-short","$v":"Sáb"},{"$i":"month-0-long","$v":"Janeiro"},{"$i":"month-1-long","$v":"Fevereiro"},{"$i":"month-2-long","$v":"Março"},{"$i":"month-3-long","$v":"Abril"},{"$i":"month-4-long","$v":"Maio"},{"$i":"month-5-long","$v":"Junho"},{"$i":"month-6-long","$v":"Julho"},{"$i":"month-7-long","$v":"Agosto"},{"$i":"month-8-long","$v":"Setembro"},{"$i":"month-9-long","$v":"Outubro"},{"$i":"month-10-long","$v":"Novembro"},{"$i":"month-11-long","$v":"Dezembro"},{"$i":"month-0-genitive","$v":"Janeiro"},{"$i":"month-1-genitive","$v":"Fevereiro"},{"$i":"month-2-genitive","$v":"Março"},{"$i":"month-3-genitive","$v":"Abril"},{"$i":"month-4-genitive","$v":"Maio"},{"$i":"month-5-genitive","$v":"Junho"},{"$i":"month-6-genitive","$v":"Julho"},{"$i":"month-7-genitive","$v":"Agosto"},{"$i":"month-8-genitive","$v":"Setembro"},{"$i":"month-9-genitive","$v":"Outubro"},{"$i":"month-10-genitive","$v":"Novembro"},{"$i":"month-11-genitive","$v":"Dezembro"},{"$i":"month-0-short","$v":"Jan"},{"$i":"month-1-short","$v":"Fev"},{"$i":"month-2-short","$v":"Mar"},{"$i":"month-3-short","$v":"Abr"},{"$i":"month-4-short","$v":"Mai"},{"$i":"month-5-short","$v":"Jun"},{"$i":"month-6-short","$v":"Jul"},{"$i":"month-7-short","$v":"Ago"},{"$i":"month-8-short","$v":"Set"},{"$i":"month-9-short","$v":"Out"},{"$i":"month-10-short","$v":"Nov"},{"$i":"month-11-short","$v":"Dez"},{"$i":"minutes-ago-long","$v":{"few":[{"t":"idOrVar","v":"value"}," minutos atrás"],"many":[{"t":"idOrVar","v":"value"}," minutos atrás"],"one":"um minuto atrás","other":[{"t":"idOrVar","v":"value"}," minutos atrás"],"two":[{"t":"idOrVar","v":"value"}," minutos atrás"],"zero":"agora mesmo"},"$x":[{"t":"idOrVar","v":"plural"},"value"]},{"$i":"hours-ago-long","$v":{"few":["horas ",{"t":"idOrVar","v":"value"}," atrás"],"many":["horas ",{"t":"idOrVar","v":"value"}," atrás"],"one":"uma hora atrás","other":["horas ",{"t":"idOrVar","v":"value"}," atrás"],"two":["horas ",{"t":"idOrVar","v":"value"}," atrás"],"zero":"agora mesmo"},"$x":[{"t":"idOrVar","v":"plural"},"value"]},{"$i":"days-ago-long","$v":{"few":[{"t":"idOrVar","v":"value"}," dias antes"],"many":[{"t":"idOrVar","v":"value"}," dias antes"],"one":"ontem","other":[{"t":"idOrVar","v":"value"}," dias antes"],"two":[{"t":"idOrVar","v":"value"}," dias antes"],"zero":"hoje"},"$x":[{"t":"idOrVar","v":"plural"},"value"]},{"$i":"weeks-ago-long","$v":{"few":[{"t":"idOrVar","v":"value"}," semanas antes"],"many":[{"t":"idOrVar","v":"value"}," semanas antes"],"one":"semana passada","other":[{"t":"idOrVar","v":"value"}," semanas antes"],"two":[{"t":"idOrVar","v":"value"}," semanas antes"],"zero":"esta semana"},"$x":[{"t":"idOrVar","v":"plural"},"value"]},{"$i":"months-ago-long","$v":{"few":[{"t":"idOrVar","v":"value"}," meses antes"],"many":[{"t":"idOrVar","v":"value"}," meses antes"],"one":"no mês passado","other":[{"t":"idOrVar","v":"value"}," meses antes"],"two":[{"t":"idOrVar","v":"value"}," meses antes"],"zero":"este mês"},"$x":[{"t":"idOrVar","v":"plural"},"value"]},{"$i":"years-ago-long","$v":{"few":[{"t":"idOrVar","v":"value"}," anos antes"],"many":[{"t":"idOrVar","v":"value"}," anos antes"],"one":"ano passado","other":[{"t":"idOrVar","v":"value"}," anos antes"],"two":[{"t":"idOrVar","v":"value"}," anos antes"],"zero":"este ano"},"$x":[{"t":"idOrVar","v":"plural"},"value"]},{"$i":"minutes-until-long","$v":{"few":["em ",{"t":"idOrVar","v":"value"}," minutos"],"many":["em ",{"t":"idOrVar","v":"value"}," minutos"],"one":"em um minuto","other":["em ",{"t":"idOrVar","v":"value"}," minutos"],"two":["em ",{"t":"idOrVar","v":"value"}," minutos"],"zero":"agora"},"$x":[{"t":"idOrVar","v":"plural"},"value"]},{"$i":"hours-until-long","$v":{"few":["em ",{"t":"idOrVar","v":"value"}," horas"],"many":["em ",{"t":"idOrVar","v":"value"}," horas"],"one":"em uma hora","other":["em ",{"t":"idOrVar","v":"value"}," horas"],"two":["em ",{"t":"idOrVar","v":"value"}," horas"],"zero":"agora"},"$x":[{"t":"idOrVar","v":"plural"},"value"]},{"$i":"days-until-long","$v":{"few":["em ",{"t":"idOrVar","v":"value"}," dias"],"many":["em ",{"t":"idOrVar","v":"value"}," dias"],"one":"amanhã","other":["em ",{"t":"idOrVar","v":"value"}," dias"],"two":["em ",{"t":"idOrVar","v":"value"}," dias"],"zero":"hoje"},"$x":[{"t":"idOrVar","v":"plural"},"value"]},{"$i":"weeks-until-long","$v":{"few":["em ",{"t":"idOrVar","v":"value"}," semanas"],"many":["em ",{"t":"idOrVar","v":"value"}," semanas"],"one":"próxima semana","other":["em ",{"t":"idOrVar","v":"value"}," semanas"],"two":["em ",{"t":"idOrVar","v":"value"}," semanas"],"zero":"esta semana"},"$x":[{"t":"idOrVar","v":"plural"},"value"]},{"$i":"months-until-long","$v":{"few":["em ",{"t":"idOrVar","v":"value"}," meses"],"many":["em ",{"t":"idOrVar","v":"value"}," meses"],"one":"próximo mês","other":["em ",{"t":"idOrVar","v":"value"}," meses"],"two":["em ",{"t":"idOrVar","v":"value"}," meses"],"zero":"este mês"},"$x":[{"t":"idOrVar","v":"plural"},"value"]},{"$i":"years-until-long","$v":{"few":["em ",{"t":"idOrVar","v":"value"}," anos"],"many":["em ",{"t":"idOrVar","v":"value"}," anos"],"one":"próximo ano","other":["em ",{"t":"idOrVar","v":"value"}," anos"],"two":["em ",{"t":"idOrVar","v":"value"}," anos"],"zero":"este ano"},"$x":[{"t":"idOrVar","v":"plural"},"value"]},{"$i":"minutes-ago-short","$v":{"other":[{"t":"idOrVar","v":"value"},"m atrás"],"zero":"agora mesmo"},"$x":[{"t":"idOrVar","v":"plural"},"value"]},{"$i":"hours-ago-short","$v":{"other":[{"t":"idOrVar","v":"value"},"h atrás"],"zero":"agora mesmo"},"$x":[{"t":"idOrVar","v":"plural"},"value"]},{"$i":"days-ago-short","$v":{"other":[{"t":"idOrVar","v":"value"},"d antes"],"zero":"hoje"},"$x":[{"t":"idOrVar","v":"plural"},"value"]},{"$i":"minutes-until-short","$v":{"other":["em ",{"t":"idOrVar","v":"value"},"m"],"zero":"agora"},"$x":[{"t":"idOrVar","v":"plural"},"value"]},{"$i":"hours-until-short","$v":{"other":["em ",{"t":"idOrVar","v":"value"},"h"],"zero":"agora"},"$x":[{"t":"idOrVar","v":"plural"},"value"]},{"$i":"days-until-short","$v":{"other":["em ",{"t":"idOrVar","v":"value"},"d"],"zero":"hoje"},"$x":[{"t":"idOrVar","v":"plural"},"value"]},{"$i":"incorrectDate","$v":"(data incorreta)"},{"$i":"dateTimeFormat_%c","$v":"%a %b %e %Y %I:%M:%S %p"},{"$i":"dateTimeFormat_%x","$v":"%d/%m/%Y"},{"$i":"dateTimeFormat_%X","$v":"%I:%M:%S %p"},{"$i":"shortTimeFormat","$v":"%I:%M %p"},{"$i":"shortTimeFormat12","$v":"%I:%M %p"},{"$i":"shortTimeFormat24","$v":"%H:%M"},{"$i":"shortDateTimeFormat","$v":"%x %I:%M %p"},{"$i":"weekStartsOnMonday","$v":"0.0"},{"$i":"firstDayOfTheWeek","$v":"0.0"},{"$i":"time_am","$v":"AM"},{"$i":"time_pm","$v":"PM"},{"$i":"title-app","$v":"Autorização de aplicativos"},{"$i":"title-web","$v":"Autorização de sites"},{"$i":"title-cam","$v":"Selecionar câmera"},{"$i":"perm-alarms","$v":"Programar alarmes"},{"$i":"perm-audio-capture","$v":"Microfone"},{"$i":"perm-audio-capture-appRequest","$v":["Você gostaria de compartilhar seu microfone com ",{"t":"idOrVar","v":"app"},"?"]},{"$i":"perm-audio-capture-webRequest","$v":["Você gostaria de compartilhar seu microfone com ",{"t":"idOrVar","v":"site"},"?"]},{"$i":"perm-audio-channel-content","$v":"Tocar sons"},{"$i":"perm-audio-channel-notification","$v":"Tocar sons de notificação"},{"$i":"perm-audio-channel-ringer","$v":"Tocar sons de toque"},{"$i":"perm-background-sensors","$v":"Acessar dados do sensor"},{"$i":"perm-bluetooth","$v":"Bluetooth"},{"$i":"perm-browser","$v":"Inspecionar páginas Web"},{"$i":"perm-camera","$v":"Câmeras"},{"$i":"perm-camera-selector-appRequest","$v":["Selecione uma câmera para ",{"t":"idOrVar","v":"app"},"."]},{"$i":"perm-camera-selector-webRequest","$v":["Selecione uma câmera para ",{"t":"idOrVar","v":"site"},"."]},{"$i":"perm-camera-appRequest","$v":[{"t":"idOrVar","v":"app"}," gostaria de usar sua câmera."]},{"$i":"perm-camera-webRequest","$v":[{"t":"idOrVar","v":"site"}," gostaria de usar sua câmera."]},{"$i":"perm-cellbroadcast","$v":"Mensagens de difusão"},{"$i":"perm-contacts","$v":"Contatos"},{"$i":"perm-contacts-appRequest","$v":[{"t":"idOrVar","v":"app"}," gostaria de acessar sua lista de contatos."]},{"$i":"perm-contacts-webRequest","$v":[{"t":"idOrVar","v":"site"}," gostaria de acessar sua lista de contatos."]},{"$i":"perm-desktop-notification","$v":"Notificações"},{"$i":"perm-desktop-notification-appRequest","$v":[{"t":"idOrVar","v":"app"}," gostaria de exibir notificações."]},{"$i":"perm-desktop-notification-webRequest","$v":[{"t":"idOrVar","v":"site"}," gostaria de exibir notificações."]},{"$i":"perm-device-storage-apps","$v":"Armazenamento de aplicativos"},{"$i":"perm-device-storage-music","$v":"Armazenamento de músicas"},{"$i":"perm-device-storage-music-appRequest","$v":[{"t":"idOrVar","v":"app"}," gostaria de acessar suas músicas."]},{"$i":"perm-device-storage-music-webRequest","$v":[{"t":"idOrVar","v":"site"}," gostaria de acessar suas músicas."]},{"$i":"perm-device-storage-pictures","$v":"Armazenamento de imagens"},{"$i":"perm-device-storage-pictures-appRequest","$v":[{"t":"idOrVar","v":"app"}," gostaria de acessar suas imagens."]},{"$i":"perm-device-storage-pictures-webRequest","$v":[{"t":"idOrVar","v":"site"}," gostaria de acessar suas imagens."]},{"$i":"perm-device-storage-sdcard","$v":"Armazenamento de cartão de memória"},{"$i":"perm-device-storage-sdcard-appRequest","$v":[{"t":"idOrVar","v":"app"}," gostaria de acessar seu cartão de memória."]},{"$i":"perm-device-storage-sdcard-webRequest","$v":[{"t":"idOrVar","v":"site"}," gostaria de acessar seu cartão de memória."]},{"$i":"perm-device-storage-videos","$v":"Armazenamento de vídeos"},{"$i":"perm-device-storage-videos-appRequest","$v":[{"t":"idOrVar","v":"app"}," gostaria de acessar seus vídeos."]},{"$i":"perm-device-storage-videos-webRequest","$v":[{"t":"idOrVar","v":"site"}," gostaria de acessar seus vídeos."]},{"$i":"perm-fullscreen-appRequest","$v":[{"t":"idOrVar","v":"app"}," agora está em tela cheia."]},{"$i":"perm-fullscreen-webRequest","$v":[{"t":"idOrVar","v":"site"}," agora está em tela cheia."]},{"$i":"perm-embed-apps","$v":"Incorporar aplicativos"},{"$i":"perm-fmradio","$v":"Rádio FM"},{"$i":"perm-fmradio-appRequest","$v":[{"t":"idOrVar","v":"app"}," gostaria de usar o rádio FM."]},{"$i":"perm-fmradio-webRequest","$v":[{"t":"idOrVar","v":"site"}," gostaria de usar o rádio FM."]},{"$i":"perm-geolocation","$v":"Localização geográfica"},{"$i":"perm-geolocation-appRequest","$v":[{"t":"idOrVar","v":"app"}," gostaria de saber sua localização."]},{"$i":"perm-geolocation-more-info","$v":[{"t":"idOrVar","v":"brandShortName"}," usa GPS e informações suplementares adicionais, como Wi-Fi e redes móveis, para calcular aproximadamente a sua localização. Dados de localização podem ser usados por ",{"t":"idOrVar","v":"brandShortName"}," e provedores de serviços para melhorar a precisão e a cobertura dos bancos de dados de localização. ",{"t":"idOrVar","v":"brandShortName"},"  sempre pedirá autorização quando um aplicativo precisar acessar a localização do seu dispositivo."]},{"$i":"perm-geolocation-webRequest","$v":[{"t":"idOrVar","v":"site"}," gostaria de saber sua localização."]},{"$i":"perm-idle","$v":"Ver Status ocioso"},{"$i":"perm-indexedDB-chrome-settings","$v":"IndexedDB privilegiado"},{"$i":"perm-indexedDB-unlimited","$v":"Armazenamento ilimitado de IndexedDB"},{"$i":"perm-input-manage","$v":"Gerenciar teclados"},{"$i":"perm-input","$v":"Atuar como um teclado"},{"$i":"perm-media-capture","$v":"Câmera e microfone"},{"$i":"perm-media-capture-appRequest","$v":["Você gostaria de compartilhar sua câmera e microfone com ",{"t":"idOrVar","v":"app"},"?"]},{"$i":"perm-media-capture-webRequest","$v":["Você gostaria de compartilhar sua câmera e microfone com ",{"t":"idOrVar","v":"site"},"?"]},{"$i":"perm-mobileconnection","$v":"Conexão móvel"},{"$i":"perm-mobileid","$v":"Identidade móvel"},{"$i":"perm-network-events","$v":"Eventos de rede"},{"$i":"perm-open-remote-window","$v":"Iniciar um aplicativo"},{"$i":"perm-permissions","$v":"Modificar permissões de aplicativos"},{"$i":"perm-power","$v":"Configurações de energia"},{"$i":"perm-settings","$v":"Modificar configurações"},{"$i":"perm-systemXHR","$v":"Solicitações entre origens"},{"$i":"perm-telephony","$v":"Telefonia"},{"$i":"perm-video-capture","$v":"Câmera"},{"$i":"perm-video-capture-appRequest","$v":["Você gostaria de compartilhar sua câmera com ",{"t":"idOrVar","v":"app"},"?"]},{"$i":"perm-video-capture-webRequest","$v":["Você gostaria de compartilhar sua câmera com ",{"t":"idOrVar","v":"site"},"?"]},{"$i":"perm-voicemail","$v":"Controlar correio de voz"},{"$i":"perm-webapps-manage","$v":"Instalar aplicativos da Web"},{"$i":"perm-wifi-manage","$v":"Gerenciar Wi-Fi"},{"$i":"perm-attention","$v":"Abrir pop-ups de sobreposição"},{"$i":"perm-audio-channel-alarm","$v":"Tocar sons de alarme"},{"$i":"perm-audio-channel-normal","$v":"Tocar sons"},{"$i":"perm-audio-channel-publicnotification","$v":"Tocar sons de notificação pública"},{"$i":"perm-audio-channel-telephony","$v":"Tocar sons de telefonia"},{"$i":"perm-backgroundservice","$v":"Atuar como serviço em segundo plano"},{"$i":"perm-device-storage-crashes","$v":"Falha no armazenamento de dados"},{"$i":"perm-downloads","$v":"Acessar downloads"},{"$i":"perm-embed-widgets","$v":"Incorporar widgets"},{"$i":"perm-feature-detection","$v":"Detecção de recursos"},{"$i":"perm-firefox-accounts","$v":"Contas do Firefox"},{"$i":"perm-mobilenetwork","$v":"Rede móvel"},{"$i":"perm-moz-attention","$v":"Abrir pop-ups de sobreposição (moz)"},{"$i":"perm-moz-audio-channel-ringer","$v":"Tocar sons de toque (moz)"},{"$i":"perm-moz-audio-channel-telephony","$v":"Tocar sons de telefonia (moz)"},{"$i":"perm-moz-firefox-accounts","$v":"Contas do Firefox (moz)"},{"$i":"perm-networkstats-manage","$v":"Controlar estatísticas de uso"},{"$i":"perm-nfc","$v":"NFC"},{"$i":"perm-nfc-hci-events","$v":"Eventos de NFC HCI"},{"$i":"perm-nfc-manager","$v":"Gerenciar NFC"},{"$i":"perm-phonenumberservice","$v":"Serviço de número de telefone"},{"$i":"perm-push","$v":"API de push"},{"$i":"perm-resourcestats-manage","$v":"Estatísticas de recursos"},{"$i":"perm-sms","$v":"Enviar e ler SMS"},{"$i":"perm-speaker-control","$v":"Controlar volume"},{"$i":"perm-storage","$v":"Acessar armazenamento"},{"$i":"perm-tcp-socket","$v":"Soquetes de TCP"},{"$i":"perm-test-permission","$v":"Autorização de teste"},{"$i":"perm-time","$v":"Definir data e hora"},{"$i":"perm-udp-socket","$v":"Soquetes de UDP"},{"$i":"perm-wappush","$v":"WAP Push"},{"$i":"stopped_download_title","$v":"Download interrompido"},{"$i":"kai-stopped_download_message","$v":"This download was stopped. Would you like to resume downloading?"},{"$i":"stopped_download_left_button","$v":"Cancelar"},{"$i":"stopped_download_right_button","$v":"Tentar novamente"},{"$i":"failed_download_title","$v":"Falha no download"},{"$i":"failed_download_message","$v":["Falha no download de ",{"t":"idOrVar","v":"name"},". Tentar baixar novamente?"]},{"$i":"failed_download_left_button","$v":"Cancelar"},{"$i":"failed_download_right_button","$v":"Tentar novamente"},{"$i":"stop_download_title","$v":"Interromper download"},{"$i":"stop_download_message","$v":"Tem certeza de que deseja interromper o download?"},{"$i":"stop_download_left_button","$v":"Cancelar"},{"$i":"stop_download_right_button","$v":"Parar"},{"$i":"delete_download_title","$v":"Excluir"},{"$i":"delete_download_message","$v":["Excluir \"",{"t":"idOrVar","v":"name"},"\"?"]},{"$i":"delete_download_left_button","$v":"Cancelar"},{"$i":"delete_download_right_button","$v":"Excluir"},{"$i":"delete_all_download_title","$v":"Excluir"},{"$i":"delete_all_download_left_button","$v":"Cancelar"},{"$i":"delete_all_download_right_button","$v":"Excluir"},{"$i":"delete_all_download_message_ext","$v":"Excluir arquivos selecionados?"},{"$i":"delete_all_download_message","$v":{"few":["Excluir ",{"t":"idOrVar","v":"number"}," arquivos?"],"many":["Excluir ",{"t":"idOrVar","v":"number"}," arquivos?"],"one":"Excluir um arquivo?","other":["Excluir ",{"t":"idOrVar","v":"number"}," arquivos?"],"two":["Excluir ",{"t":"idOrVar","v":"number"}," arquivos?"],"zero":"Não excluir arquivos?"},"$x":[{"t":"idOrVar","v":"plural"},"number"]},{"$i":"unsupported_file_type_download_title","$v":"Impossível abrir"},{"$i":"unsupported_file_type_download_message","$v":["Não há aplicativo capaz de abrir ",{"t":"idOrVar","v":"name"},". Você deseja salvar o arquivo ou excluí-lo?"]},{"$i":"unsupported_file_type_download_left_button","$v":"Manter arquivo"},{"$i":"unsupported_file_type_download_right_button","$v":"Excluir"},{"$i":"file_not_found_download_title","$v":"Arquivo não encontrado"},{"$i":"file_not_found_download_message","$v":"O arquivo não foi encontrado no dispositivo"},{"$i":"file_not_found_download_right_button","$v":"OK"},{"$i":"unmounted_sdcard_2_download_title","$v":"Cartão de memória em uso"},{"$i":"unmounted_sdcard_2_download_message","$v":"Desconectar o telefone"},{"$i":"unmounted_sdcard_2_download_right_button","$v":"OK"},{"$i":"no_provider_download_title","$v":"Impossível abrir"},{"$i":"no_provider_download_message","$v":"Este formato de arquivo é inválido ou não é compatível"},{"$i":"no_provider_download_right_button","$v":"OK"},{"$i":"no_memory_download_title","$v":"O cartão SD está cheio"},{"$i":"no_memory_download_message","$v":"Não há mais nenhum espaço no seu cartão SD para salvar seu download. Remova alguns arquivos antes de reiniciar o download."},{"$i":"no_memory_download_right_button","$v":"OK"},{"$i":"no_sdcard_found_2_download_title","$v":"Nenhum cartão de memória encontrado"},{"$i":"no_sdcard_found_2_download_message","$v":"Insira um cartão de memória ou selecione um local padrão para mídias em Configurações"},{"$i":"no_sdcard_found_2_download_right_button","$v":"OK"},{"$i":"file_open_error_download_title","$v":"Confirmação"},{"$i":"file_open_error_download_message","$v":"Este formato de arquivo é inválido ou não é compatível. Deseja excluir o arquivo?"},{"$i":"file_open_error_download_left_button","$v":"Manter arquivo"},{"$i":"file_open_error_download_right_button","$v":"Excluir"},{"$i":"restart_download_error","$v":"Ocorreu um erro ao reiniciar o download. Tente fazer o download novamente."},{"$i":"no-downloads","$v":"Nenhum download"},{"$i":"percentage","$v":[{"t":"idOrVar","v":"percentage"}," %"]},{"$i":"partialResult","$v":[{"t":"idOrVar","v":"partial"}," / ",{"t":"idOrVar","v":"total"}]},{"$i":"summary","$v":[{"t":"idOrVar","v":"date"}," - ",{"t":"idOrVar","v":"status"}]},{"$i":"download-stopped","$v":"Interrompido"},{"$i":"download-failed","$v":"Falha no download"},{"$i":"open_downloaded_file","$v":"Abrir"},{"$i":"share_downloaded_file","$v":"Compartilhar"},{"$i":"wallpaper_downloaded_file","$v":"Definir como papel de parede"},{"$i":"ringtone_downloaded_file","$v":"Definir como toque"},{"$i":"cancel_downloaded_file","$v":"Cancelar"},{"$i":"voicemailNoNumberTitle","$v":"O número de correio de voz não está disponível"},{"$i":"voicemailNoNumberText","$v":"Não é possível chamar o correio de voz. Configure o número de correio de voz para realizar a chamada."},{"$i":"voicemailNoNumberSettings","$v":"Configurações"},{"$i":"voicemailNoNumberCancel","$v":"Cancelar"},{"$i":"airplaneMode","$v":"Modo avião"},{"$i":"noNetwork","$v":"Nenhuma rede"},{"$i":"roaming","$v":[{"t":"idOrVar","v":"operator"}," (Roaming)"]},{"$i":"operator-info","$v":[{"t":"idOrVar","v":"carrier"}," ",{"t":"idOrVar","v":"region"}]},{"$i":"emergencyCallsOnly","$v":"Apenas chamadas de emergência"},{"$i":"emergencyCallsOnly-unknownSIMState","$v":"(estado do SIM desconhecido)"},{"$i":"emergencyCallsOnly-noSIM","$v":"(sem SIM)"},{"$i":"emergencyCallsOnly-pinRequired","$v":"(PIN do SIM necessário)"},{"$i":"emergencyCallsOnly-pukRequired","$v":"(PUK do SIM necessário)"},{"$i":"emergencyCallsOnly-networkLocked","$v":"(rede bloqueada)"},{"$i":"emergencyCallsOnly-serviceProviderLocked","$v":"(provedor de serviço bloqueado)"},{"$i":"emergencyCallsOnly-corporateLocked","$v":"(corporativo bloqueado)"},{"$i":"emergencyCallsOnly-network1Locked","$v":"(rede1 bloqueada)"},{"$i":"emergencyCallsOnly-network2Locked","$v":"(rede2 bloqueada)"},{"$i":"emergencyCallsOnly-hrpdNetworkLocked","$v":"(rede hrpd bloqueada)"},{"$i":"emergencyCallsOnly-ruimCorporateLocked","$v":"(corporativo RUIM bloqueado)"},{"$i":"emergencyCallsOnly-ruimServiceProviderLocked","$v":"(provedor de serviço RUIM bloqueado)"},{"$i":"lockscreen-sim-id","$v":["SIM ",{"t":"idOrVar","v":"n"}]},{"$i":"charging-no-time","$v":[{"t":"idOrVar","v":"level"},"% carregado"]},{"$i":"charging-minutes","$v":{"few":[{"t":"idOrVar","v":"level"},"% carregado (",{"t":"idOrVar","v":"minutes"}," mins. até totalmente carregado)"],"many":[{"t":"idOrVar","v":"level"},"% carregado (",{"t":"idOrVar","v":"minutes"}," mins. até totalmente carregado)"],"one":[{"t":"idOrVar","v":"level"},"% carregado (",{"t":"idOrVar","v":"minutes"}," min. até totalmente carregado)"],"other":[{"t":"idOrVar","v":"level"},"% carregado (",{"t":"idOrVar","v":"minutes"}," mins. até totalmente carregado)"],"two":[{"t":"idOrVar","v":"level"},"% carregado (",{"t":"idOrVar","v":"minutes"}," mins. até totalmente carregado)"],"zero":[{"t":"idOrVar","v":"level"},"% carregado (",{"t":"idOrVar","v":"minutes"}," mins. até totalmente carregado)"]},"$x":[{"t":"idOrVar","v":"plural"},"minutes"]},{"$i":"charging-hours","$v":{"few":[{"t":"idOrVar","v":"level"},"% carregado (",{"t":"idOrVar","v":"hours"},"h ",{"t":"idOrVar","v":"minutes"}," mins. até totalmente carregado)"],"many":[{"t":"idOrVar","v":"level"},"% carregado (",{"t":"idOrVar","v":"hours"},"h ",{"t":"idOrVar","v":"minutes"}," mins. até totalmente carregado)"],"one":[{"t":"idOrVar","v":"level"},"% carregado (",{"t":"idOrVar","v":"hours"},"h ",{"t":"idOrVar","v":"minutes"}," min. até totalmente carregado)"],"other":[{"t":"idOrVar","v":"level"},"% carregado (",{"t":"idOrVar","v":"hours"},"h ",{"t":"idOrVar","v":"minutes"}," mins. até totalmente carregado)"],"two":[{"t":"idOrVar","v":"level"},"% carregado (",{"t":"idOrVar","v":"hours"},"h ",{"t":"idOrVar","v":"minutes"}," mins. até totalmente carregado)"],"zero":[{"t":"idOrVar","v":"level"},"% carregado (",{"t":"idOrVar","v":"hours"},"h ",{"t":"idOrVar","v":"minutes"}," mins. até totalmente carregado)"]},"$x":[{"t":"idOrVar","v":"plural"},"minutes"]}]