[{"$i":"ok","$v":"V redu"},{"$i":"back","$v":"Nazaj"},{"$i":"help","$v":"Pomoč"},{"$i":"cancel","$v":"Prekliči"},{"$i":"close","$v":"Zapri"},{"$i":"skip","$v":"Preskoči"},{"$i":"enable","$v":"Omogoči"},{"$i":"turnOn","$v":"Vklopi"},{"$i":"save","$v":"Shrani"},{"$i":"select","$v":"Izberi"},{"$i":"deselect","$v":"Prekliči izbor"},{"$i":"go","$v":"Pojdi"},{"$i":"search","$v":"Iščite"},{"$i":"options","$v":"Možnosti"},{"$i":"exit","$v":"Izhod"},{"$i":"signIn","$v":"Prijava"},{"$i":"dismiss","$v":"Opusti"},{"$i":"dismiss-all","$v":"Opusti vse"},{"$i":"undo","ariaLabel":"Razveljavi"},{"$i":"lockscreenEnterLockCode","$v":"Vnesite 4-mestno kodo"},{"$i":"lockscreenCheckLockCode","$v":"Neveljavna koda. Poskusite znova."},{"$i":"lockscreenDeviceLocked","$v":"Naprava je zaklenjena, poskusite ponovno po 30 sekundah."},{"$i":"pocketmodeLongPress","$v":"Povlecite ali pritisnite"},{"$i":"pocketmodeToUnlock","$v":"za odklepanje"},{"$i":"enterPIN","$v":"Za odklepanje vnesite 6-mestno kodo"},{"$i":"mediaPlaybackTrack","$v":"Naslov in izvajalec skladbe"},{"$i":"mediaPlaybackControls","$v":"Kontrolniki za predvajanje"},{"$i":"mediaPlaybackPrevious","$v":"Nazaj"},{"$i":"mediaPlaybackPlay","$v":"Predvajaj"},{"$i":"mediaPlaybackPause","$v":"Premor"},{"$i":"mediaPlaybackNext","$v":"Naprej"},{"$i":"UnknownTrack","$v":"Neznana skladba"},{"$i":"wifiButton-on","$v":"Wi-Fi je vklopljen"},{"$i":"wifiButton-on-initializing","$v":"Wi-Fi vkloplj.; inicializacija"},{"$i":"wifiButton-off","$v":"Wi-Fi je izklopljen"},{"$i":"dataButton-on","$v":["Vklop podatkov ",{"t":"idOrVar","v":"type"}]},{"$i":"dataButton-off","$v":["Izklop podatkov ",{"t":"idOrVar","v":"type"}]},{"$i":"bluetoothButton-on","$v":"Vklopi Bluetooth"},{"$i":"bluetoothButton-on-initializing","$v":"Bluetooth je vklopljen in se inicializira"},{"$i":"bluetoothButton-off","$v":"Izklopi Bluetooth"},{"$i":"airplaneMode-on","$v":"Način za letalo vklopljen"},{"$i":"airplaneMode-off","$v":"Način za letalo izklopljen"},{"$i":"airplaneOff","$v":"Izklopi način za letalo"},{"$i":"settingsButton","ariaLabel":"Nastavitve"},{"$i":"simLabel","$v":["SIM ",{"t":"idOrVar","v":"id"}]},{"$i":"statusbarLabel","$v":[{"t":"idOrVar","v":"date"},", ",{"t":"idOrVar","v":"operator"}]},{"$i":"statusbarDateFormat","$v":"%b %e"},{"$i":"statusbar","ariaLabel":"Vrstica stanja"},{"$i":"statusbarBattery","ariaLabel":["Baterija: ",{"t":"idOrVar","v":"level"}," odstotkov"]},{"$i":"statusbarBatteryCharging","ariaLabel":["Baterija: ",{"t":"idOrVar","v":"level"}," odstotkov, polnjenje"]},{"$i":"statusbarFlightMode","ariaLabel":"Način za letalo vklopljen"},{"$i":"statusbarWiFiConnecting","$v":"Wi-Fi: povezovanje"},{"$i":"statusbarWiFiConnected","$v":["Wi-Fi: ",{"t":"idOrVar","v":"level"}," od 4 črtic"]},{"$i":"statusbarSignal","$v":["Omrežja ",{"t":"idOrVar","v":"operator"},", ",{"t":"idOrVar","v":"level"}," od 5 črtic"]},{"$i":"statusbarSignalRoaming","$v":["Omrežje ",{"t":"idOrVar","v":"operator"}," (gostovanje), ",{"t":"idOrVar","v":"level"}," od 5 črtic"]},{"$i":"statusbarSignalNoneSearching","$v":"Iskanje ... Samo klici v sili"},{"$i":"statusbarHeadphones","ariaLabel":"Slušalke so vklopljene"},{"$i":"statusbarBluetoothHeadphones","ariaLabel":"Slušalke Bluetooth so vklopljene"},{"$i":"statusbarBluetoothTransferring","ariaLabel":"Poteka prenos prek povezave Bluetooth"},{"$i":"statusbarIconOn-tethering","$v":"Skup. raba int. pov. vkloplj."},{"$i":"statusbarIconOnActive-tethering","$v":"Skup. raba. int. vklop., akt."},{"$i":"statusbarAlarm","ariaLabel":"Alarm je vklopljen"},{"$i":"statusbarIME","ariaLabel":"IME je vklopljen"},{"$i":"statusbarIconOn-bluetooth","$v":"Bluetooth je vklopljen"},{"$i":"statusbarIconOnActive-bluetooth","$v":"Bluetooth je vklopljen in aktiven"},{"$i":"statusbarIconOn-mute","$v":"Zvok je izklopljen"},{"$i":"statusbarIconOn-vibration","$v":"Vibriranje je vklopljeno"},{"$i":"statusbarRecording","ariaLabel":"Snemanje je vklopljeno"},{"$i":"statusbarGeolocation","ariaLabel":"Geolociranje je vklopljeno"},{"$i":"statusbarUsb","ariaLabel":"USB je vklopljen"},{"$i":"statusbarForwarding","$v":"Preusmeritev klicev je vklopljena"},{"$i":"statusbarPlaying","ariaLabel":"Predstavnost se predvaja"},{"$i":"statusbarNfc","ariaLabel":"NFC je vklopljen"},{"$i":"statusbarDownloads","ariaLabel":"Prenašanje …"},{"$i":"statusbarNetworkActivity","ariaLabel":"Omrež. pov. je vzpostavlj."},{"$i":"statusbarEmergencyCBNotification","ariaLabel":"Povratni klic v sili"},{"$i":"statusbarNotifications","$v":{"few":[{"t":"idOrVar","v":"n"}," obvestila"],"many":[{"t":"idOrVar","v":"n"}," obvestil"],"one":[{"t":"idOrVar","v":"n"}," obvestilo"],"other":[{"t":"idOrVar","v":"n"}," obvestil"],"two":[{"t":"idOrVar","v":"n"}," obvestili"]},"$x":[{"t":"idOrVar","v":"plural"},"n"]},{"$i":"statusbarNotifications-unread","ariaLabel":{"$x":[{"t":"idOrVar","v":"plural"},"n"],"$v":{"few":[{"t":"idOrVar","v":"n"}," neprebrana obvestila"],"many":[{"t":"idOrVar","v":"n"}," neprebranih obvestil"],"one":[{"t":"idOrVar","v":"n"}," neprebrano obvestilo"],"other":[{"t":"idOrVar","v":"n"}," neprebranih obvestil"],"two":[{"t":"idOrVar","v":"n"}," neprebrani obvestili"]}}},{"$i":"clear","$v":"Počisti"},{"$i":"clear-all","$v":"Počisti vse"},{"$i":"notification-title","$v":{"few":[{"t":"idOrVar","v":"n"}," obvestila"],"many":[{"t":"idOrVar","v":"n"}," obvestil"],"one":[{"t":"idOrVar","v":"n"}," obvestilo"],"other":[{"t":"idOrVar","v":"n"}," obvestil"],"two":[{"t":"idOrVar","v":"n"}," obvestili"],"zero":[{"t":"idOrVar","v":"n"}," obvestil"]},"$x":[{"t":"idOrVar","v":"plural"},"n"]},{"$i":"notification-dialog-no-notices","$v":"Ni obvestil"},{"$i":"notification-title-new","$v":{"few":[{"t":"idOrVar","v":"n"}," obvestila"],"many":[{"t":"idOrVar","v":"n"}," obvestil"],"other":[{"t":"idOrVar","v":"n"}," obvestilo"],"two":[{"t":"idOrVar","v":"n"}," obvestil"],"one":[{"t":"idOrVar","v":"n"}," obvestilo"],"zero":[{"t":"idOrVar","v":"n"}," obvestil"]},"$x":[{"t":"idOrVar","v":"plural"},"n"]},{"$i":"notification-dialog-no-notices-new","$v":"Ni obvestil"},{"$i":"attentionScreen-tapToShow","$v":"Dotaknite se za prikaz"},{"$i":"camera","$v":"Kamera"},{"$i":"kai-dflt-value-level","$v":"Nastavi raven vrednosti"},{"$i":"kai-dflt-range-value-name","$v":"Raven"},{"$i":"newVoicemails","$v":{"few":[{"t":"idOrVar","v":"n"}," nova glasovna sporočila"],"many":[{"t":"idOrVar","v":"n"}," novih glasovnih sporočil"],"one":"Ena nova glasovna pošta","other":[{"t":"idOrVar","v":"n"}," novih glasovnih sporočil"],"two":[{"t":"idOrVar","v":"n"}," novi glasovni sporočili"],"zero":"Ni nove glasovne pošte"},"$x":[{"t":"idOrVar","v":"plural"},"n"]},{"$i":"newVoicemailsUnknown","$v":"Nova glasovna pošta"},{"$i":"dialNumber","$v":["Pokliči ",{"t":"idOrVar","v":"number"}]},{"$i":"voicemailNotificationMultiSim","$v":["(SIM ",{"t":"idOrVar","v":"n"},") ",{"t":"idOrVar","v":"title"}]},{"$i":"euRoamingNotificationTitle","$v":"Zaznan internet EU"},{"$i":"euRoamingNotificationMsg","$v":"Dotak. se za spremembo."},{"$i":"restart","$v":"Znova zaženi"},{"$i":"power","$v":"Izklop"},{"$i":"lock","$v":"Zakleni"},{"$i":"cleanup","$v":"Čiščenje pomnilnika"},{"$i":"no-recent-app-windows","$v":"Tukaj so prikazana nedavna okna aplikacij"},{"$i":"no-recent-browser-windows","$v":"Tukaj so prikazana nedavna okna brskalnika"},{"$i":"closeCard","ariaLabel":"Zapri"},{"$i":"openCard","ariaLabel":"Odpri"},{"$i":"yes","$v":"Da"},{"$i":"no","$v":"Ne"},{"$i":"dontallow","$v":"Ne dovoli"},{"$i":"allow","$v":"Dovoli"},{"$i":"dontshare-geolocation","$v":"Ne deli"},{"$i":"share-geolocation","$v":"Deli"},{"$i":"dontshare-audio-capture","$v":"Ne deli"},{"$i":"share-audio-capture","$v":"Deli"},{"$i":"dontshare-video-capture","$v":"Ne deli"},{"$i":"share-video-capture","$v":"Deli"},{"$i":"dontshare-media-capture","$v":"Ne deli"},{"$i":"share-media-capture","$v":"Deli"},{"$i":"device-front","$v":"Sprednja kamera"},{"$i":"device-back","$v":"Hrbtna kamera"},{"$i":"front-camera","$v":"Sprednja kamera"},{"$i":"back-camera","$v":"Hrbtna kamera"},{"$i":"more-info","$v":"Več informacij ..."},{"$i":"hide-info","$v":"Skrij podatke"},{"$i":"install-app","$v":["Želite namestiti ",{"t":"idOrVar","v":"name"},"?"]},{"$i":"size","$v":"Velikost"},{"$i":"author","$v":"Avtor"},{"$i":"size-unknown","$v":"Neznano"},{"$i":"author-unknown","$v":"Neznano"},{"$i":"install","$v":"Namesti"},{"$i":"bytes","$v":"bajti"},{"$i":"kB","$v":"KB"},{"$i":"MB","$v":"MB"},{"$i":"GB","$v":"GB"},{"$i":"TB","$v":"TB"},{"$i":"PB","$v":"PB"},{"$i":"app-install-generic-error","$v":["Prenos aplikacije ",{"t":"idOrVar","v":"appName"}," se je ustavil"]},{"$i":"app-install-download-failed","$v":["Prenos aplikacije ",{"t":"idOrVar","v":"appName"}," ni uspel"]},{"$i":"app-install-install-failed","$v":["Namestitev aplikacije ",{"t":"idOrVar","v":"appName"}," ni uspela"]},{"$i":"cancelling-will-not-refund","$v":"S preklicem kupnina ni povrnjena. Kupnino za plačljivo vsebino vrne prvotni prodajalec."},{"$i":"apps-can-be-installed-later","$v":"Aplikacije lahko namestite pozneje iz izvirnega vira namestitve."},{"$i":"are-you-sure-you-want-to-cancel","$v":"Ali ste prepričani, da želite preklicati to namestitev?"},{"$i":"cancel-install","$v":"Prekliči namest."},{"$i":"cancel-install-button","$v":"Prekliči namest."},{"$i":"resume","$v":"Nadaljuj"},{"$i":"continue","$v":"Nadaljuj"},{"$i":"stopDownloading","$v":["Želite ustaviti prenos aplikacije ",{"t":"idOrVar","v":"app"},"?"]},{"$i":"app-download-can-be-restarted","$v":"Prenos lahko znova zaženete pozneje."},{"$i":"app-download-stop-button","$v":"Ustavi prenos"},{"$i":"not-enough-space","$v":"Ni dovolj prostora"},{"$i":"not-enough-space-message","$v":"Ni dovolj prostora za namestitev te aplikacije. Izbrišite stare aplikacije ali predstavnostne vsebine, da sprostite prostor, nato poskusite aplikacijo znova namestiti iz izvirnega vira."},{"$i":"app-install-success","$v":["Aplikacija ",{"t":"idOrVar","v":"appName"}," je nameščena"]},{"$i":"app-install-update","$v":["Aplikacija ",{"t":"idOrVar","v":"appName"}," je posodobljena"]},{"$i":"langpack-install-success2","$v":["Aplikacija ",{"t":"idOrVar","v":"appName"}," je nameščena. Če jo želite omogočiti, odprite Nastavitve > Jezik."]},{"$i":"setup","$v":"Nastavitev"},{"$i":"ime-addkeyboards","$v":"Dodaj tipkovnice"},{"$i":"ime-lowercase","$v":"Male črke"},{"$i":"ime-uppercase","$v":"Velike črke"},{"$i":"ime-number","$v":"Številka"},{"$i":"ime-capitalize","$v":"Velike črke"},{"$i":"ime-t9","$v":"T9"},{"$i":"ime-r9","$v":"R9"},{"$i":"ime-predictive","$v":"S predvidevanjem"},{"$i":"ime-insert-word","$v":"Vstavite besedo"},{"$i":"ime-voice-input-messsage","$v":"Za vnos z govorom v besedilno polje dolgo pritisnite V redu."},{"$i":"later","$v":"Pozneje"},{"$i":"download","$v":"Prenesi"},{"$i":"wantToDownload","$v":"Želite prenesti posodobitev zdaj?"},{"$i":"wantToInstallNow","$v":"Želite namestiti posodobitev zdaj? Telefona nekaj minut ne boste mogli uporabljati."},{"$i":"installNow","$v":"Namesti zdaj"},{"$i":"notNow","$v":"Ne zdaj"},{"$i":"downloadingUpdateMessage","innerHTML":{"$o":["Prenašanje posodobitev … <span>",{"t":"idOrVar","v":"progress"}," preneseno.</span>"]}},{"$i":"downloadingAppMessage","$v":["Prenašanje aplikacije ",{"t":"idOrVar","v":"appName"}]},{"$i":"downloadingAppProgressNoMax","$v":["Preneseno ",{"t":"idOrVar","v":"progress"}]},{"$i":"downloadingAppProgressIndeterminate","$v":"Prenašanje"},{"$i":"downloadingAppProgress","$v":["Preneseno ",{"t":"idOrVar","v":"progress"},"/",{"t":"idOrVar","v":"max"}]},{"$i":"cancelAllDownloads","$v":"Preklic vseh prenos."},{"$i":"wantToCancelAll","$v":"Ali ste prepričani, da želite preklicati vse prenose?"},{"$i":"downloadError","$v":"Med prenašanjem posodobitev je prišlo do napake."},{"$i":"updateAvailableInfo","innerHTML":{"$x":[{"t":"idOrVar","v":"plural"},"n"],"$v":{"few":{"$o":[{"t":"idOrVar","v":"n"}," posodobitve na voljo. <span>Dotaknite se za več informacij.</span>"]},"many":{"$o":[{"t":"idOrVar","v":"n"}," posodobitev na voljo. <span>Dotaknite se za več informacij.</span>"]},"one":{"$o":[{"t":"idOrVar","v":"n"}," posodobitev na voljo. <span>Dotaknite se za več informacij.</span>"]},"other":{"$o":[{"t":"idOrVar","v":"n"}," posodobitev na voljo. <span>Dotaknite se za več informacij.</span>"]},"two":{"$o":[{"t":"idOrVar","v":"n"}," posodobitvi na voljo. <span>Dotaknite se za več informacij.</span>"]}}}},{"$i":"numberOfUpdates","$v":{"few":[{"t":"idOrVar","v":"n"}," obvestila"],"many":[{"t":"idOrVar","v":"n"}," obvestil"],"one":[{"t":"idOrVar","v":"n"}," obvestilo"],"other":[{"t":"idOrVar","v":"n"}," obvestil"],"two":[{"t":"idOrVar","v":"n"}," obvestili"]},"$x":[{"t":"idOrVar","v":"plural"},"n"]},{"$i":"systemUpdate","$v":"Sistemska posodobitev"},{"$i":"systemUpdateReady","$v":"Posod. sist. je pripravljena"},{"$i":"updates","$v":"Posodobitve"},{"$i":"systemUpdateLowBatteryThreshold","$v":["Če želite namestiti posodobitev, mora biti raven napolnjenosti baterije vsaj ",{"t":"idOrVar","v":"threshold"}," %."]},{"$i":"required","$v":"Obvezno"},{"$i":"uncompressingMessage","innerHTML":{"$o":"Razširjanje ... <span>To bo morda trajalo nekaj minut.</span>"}},{"$i":"downloadWifiPrioritizedUsing2G","$v":"Če Wi-Fi ni na voljo, se posodobitve prenesejo prek podatkovne povezave. Pri uporabi podatkovne povezave bodo telefonski klici morda blokirani in nastanejo lahko dodatni stroški."},{"$i":"downloadWifiPrioritized3","$v":"Če Wi-Fi ni na voljo, se posodobitve prenesejo prek podatkovne povezave. Pri uporabi podatkovne povezave lahko nastanejo dodatni stroški."},{"$i":"downloadNoWifiWarning","$v":"Wi-Fi ni na voljo. S posodabljanjem prek trenutne povezave bodo morda nastali dodatni stroški."},{"$i":"downloadOfflineWarning2","$v":"Če želite prenesti posodobitve, vzpostavite povezavo z omrežjem."},{"$i":"downloadUpdatesViaDataConnection","$v":"Želite prenesti posodobitve prek podatkovne povezave?"},{"$i":"downloadUpdatesVia2GForbidden3","$v":"Prenos posodobitev prek počasnih povezav (2G) ni mogoč. Povežite se v omrežje Wi-Fi ali 3G (če je na voljo) in poskusite znova."},{"$i":"downloadUpdatesViaDataConnectionMessage3","$v":"Pri uporabi podatkovne povezave bodo morda nastali dodatni stroški. Želite nadaljevati?"},{"$i":"downloadUpdatesViaDataRoamingConnection","$v":"Želite prenesti posodobitve med podatkovnim gostovanjem?"},{"$i":"downloadUpdatesViaDataRoamingConnectionMessage","$v":"Uporabljate gostovanje in morda bodo nastali dodatni stroški. Želite nadaljevati?"},{"$i":"screenshotSaved","$v":"Posn. zasl. je shranjen v Galerijo"},{"$i":"screenshotFailed","$v":"Posnetka zaslona ni bilo mogoče shraniti"},{"$i":"screenshotNoSDCard","$v":"Pomnilniške kartice ni bilo mogoče najti"},{"$i":"screenshotSDCardInUse","$v":"Pomnilniška kartica je v uporabi"},{"$i":"screenshotSDCardLow","$v":"Ni dovolj prostora na pomnilniški kartici"},{"$i":"emergency-call-button","$v":"Klic v sili"},{"$i":"emergency-call","$v":"Klic v sili"},{"$i":"unlock-a11y-button","ariaLabel":"Odkleni"},{"$i":"camera-a11y-button","ariaLabel":"Kamera"},{"$i":"longDateFormat","$v":"%A, %B %e"},{"$i":"clockDateFormat","$v":"%a, %e. %b"},{"$i":"panel-passcode","ariaLabel":"Okvirček z geslom"},{"$i":"open-notification","$v":"odpri"},{"$i":"unlock","$v":"Odkleni"},{"$i":"login","$v":"Prijava"},{"$i":"sign-in-to-website","$v":"Prijavite se na spletnem mestu"},{"$i":"username","$v":"Uporabniško ime"},{"$i":"password","$v":"Geslo"},{"$i":"show-password","$v":"Pokaži geslo"},{"$i":"http-authentication-message2","$v":["Spletno mesto ",{"t":"idOrVar","v":"host"}," zahteva, da se prijavite."]},{"$i":"error-message","$v":[{"t":"idOrVar","v":"name"}," se ne nalaga pravilno"]},{"$i":"error-title","$v":[{"t":"idOrVar","v":"name"}," ima težave"]},{"$i":"unable-to-connect","$v":"Povezave ni mogoče vzpostaviti"},{"$i":"tap-to-check-settings","$v":"Dotak. se za ogled nastav."},{"$i":"set","$v":"Nastavi"},{"$i":"delete-title","$v":["Brisanje ",{"t":"idOrVar","v":"name"}]},{"$i":"delete-body","$v":[{"t":"idOrVar","v":"name"}," in vsi povezani podatki bodo izbrisani."]},{"$i":"delete","$v":"Odstrani"},{"$i":"delete-desc","$v":"Ali ste prepričani, da želite izvesti odstranitev?"},{"$i":"unrecoverable-error-title","$v":"Odstrani aplikacijo"},{"$i":"unrecoverable-error-body","$v":"Aplikacije ni mogoče namestiti zaradi nepopravljive napake. Poskusite prenesti znova. Aplikacija bo odstranjena."},{"$i":"unrecoverable-error-action","$v":"V redu"},{"$i":"instant-settings","$v":"hitre nastavitve"},{"$i":"settings","$v":"Nastavitve"},{"$i":"flashlight","$v":"Svetilka"},{"$i":"brightness","$v":"Svetlost"},{"$i":"volume","$v":"Glasnost"},{"$i":"calculator","$v":"Kalkulator"},{"$i":"airplane-mode","$v":"Način za letalo"},{"$i":"wifi","$v":"Wi-Fi"},{"$i":"bluetooth","$v":"Bluetooth"},{"$i":"cellular-data","$v":"Mobilni podatki"},{"$i":"on","$v":"Vklop"},{"$i":"off","$v":"Izklopljen"},{"$i":"percentage-number","$v":[{"t":"idOrVar","v":"number"}," %"]},{"$i":"select-time","$v":"Izberite čas"},{"$i":"select-date","$v":"Izberite datum"},{"$i":"battery-almost-empty-plug-in-your-charger","$v":"Baterija je skoraj prazna. Priklopite napajalnik."},{"$i":"battery-temperature-warning-header","$v":"Opozorilo"},{"$i":"battery-temperature-high","$v":"Temperatura je previsoka. Če bo še naprej naraščala, se bo telefon izklopil."},{"$i":"battery-temperature-high-stop-charging","$v":"Temperatura je previsoka. Polnjenje baterije je prekinjeno. Če bo temperatura še naprej naraščala, se bo telefon izklopil."},{"$i":"battery-temperature-low","$v":"Temperatura je prenizka. Če bo še naprej padala, se bo telefon izklopil."},{"$i":"battery-temperature-low-stop-charging","$v":"Temperatura je previsoka. Polnjenje baterije je prekinjeno. Če bo temperatura še naprej padala, se bo telefon izklopil."},{"$i":"crash-dialog2-os","$v":[{"t":"idOrVar","v":"brandShortName"}," se je pravkar obnovil po zrušitvi"]},{"$i":"crash-dialog-app","$v":[{"t":"idOrVar","v":"name"}," se je pravkar zrušil"]},{"$i":"crash-dialog-app-noname","$v":"Nekaj"},{"$i":"crash-dialog-message","$v":"Želite sistemu KaiOS poslati poročilo o zrušitvi in nam tako pomagati pri odpravljanju težave? (Poročila se pošiljajo le prek povezave Wi-Fi.)"},{"$i":"crash-info-link","$v":"Kaj je v poročilu o zrušitvi?"},{"$i":"crash-always-report","$v":"Pošlji sistemu KaiOS poročilo ob vsaki zrušitvi."},{"$i":"crash-dont-send","$v":"Ne pošlji"},{"$i":"crash-end","$v":"Pošlji poročilo"},{"$i":"crashReports","$v":"Poročila o zrušitvah"},{"$i":"done","$v":"Dokončano"},{"$i":"crash-reports-description-1","$v":"Poročilo o zrušitvi vsebuje nekatere podrobnosti o zrušitvi in vaši napravi ter povzetek stanja naprave ob zrušitvi."},{"$i":"crash-reports-description-2","$v":"Vključuje lahko na primer odprte strani in aplikacije, besedilo, ki ga vnesete v obrazce, vsebino odprtih sporočil, nedavno zgodovino brskanja ali geografsko lokacijo, ki jo je uporabila odprta aplikacija."},{"$i":"crash-reports-description-3-start","$v":"Poročila o zrušitvah uporabljamo za odpravljanje težav in izboljšanje izdelkov. Z vašimi podatki ravnamo, kot je opisano v našem "},{"$i":"crash-reports-description-3-privacy","$v":"pravilnik o zasebnosti"},{"$i":"crash-reports-description-3-end","$v":"."},{"$i":"crash-banner-os2","$v":[{"t":"idOrVar","v":"brandShortName"}," se je pravkar zrušil."]},{"$i":"crash-banner-app","$v":[{"t":"idOrVar","v":"name"}," se je pravkar zrušil."]},{"$i":"crash-banner-report","$v":"Poročilo"},{"$i":"bluetooth-sending-progress","$v":"Pošiljanje datoteke prek povezave Bluetooth"},{"$i":"bluetooth-receiving-progress","$v":"Prejem. prek Bluetootha"},{"$i":"acceptFileTransfer","$v":"Zahteva za prenos"},{"$i":"requestToReceive","$v":["Naprava ",{"t":"idOrVar","v":"deviceName"}," želi prenesti eno ali več datotek. Želite sprejeti zahtevo?"]},{"$i":"wantToReceiveFile","$v":["Naprava ",{"t":"idOrVar","v":"deviceName"}," želi prenesti datoteko ",{"t":"idOrVar","v":"fileName"}," (",{"t":"idOrVar","v":"fileSize"},")."]},{"$i":"transfer-confirmation-title","$v":[{"t":"idOrVar","v":"deviceName"}]},{"$i":"transfer-confirmation-description","$v":"Preglejte zaht. za prenos."},{"$i":"byteUnit-B","$v":"B"},{"$i":"byteUnit-KB","$v":"KB"},{"$i":"byteUnit-MB","$v":"MB"},{"$i":"byteUnit-GB","$v":"GB"},{"$i":"byteUnit-TB","$v":"TB"},{"$i":"byteUnit-PB","$v":"PB"},{"$i":"byteUnit-EB","$v":"EB"},{"$i":"byteUnit-ZB","$v":"ZB"},{"$i":"byteUnit-YB","$v":"YB"},{"$i":"fileSize","$v":[{"t":"idOrVar","v":"size"}," ",{"t":"idOrVar","v":"unit"}]},{"$i":"deny","$v":"Zavrni"},{"$i":"transfer","$v":"Prenos"},{"$i":"accept","$v":"Sprejmem"},{"$i":"stop","$v":"Ustavi"},{"$i":"cancelFileTransfer","$v":"Želite preklic. prenos datot. prek Bluetootha?"},{"$i":"continueFileTransfer","$v":"Nadaljuj"},{"$i":"transfer-has-started-title","$v":"Datoteka je pripravljena za začetek prenosa"},{"$i":"transfer-has-started-description","$v":"Čakanje na potrditev"},{"$i":"transfer-has-started-toast","$v":"Prenos datoteke se je začel. Napredovanje lahko spremljate v obvestilih."},{"$i":"transferFinished-sentSuccessful-title","$v":"Datoteka je poslana"},{"$i":"transferFinished-receivedSuccessful-title","$v":"Datoteka je prejeta"},{"$i":"transferFinished-failed-title","$v":"Prenos datoteke ni uspel"},{"$i":"transferFinished-try-again-description","$v":"Datoteke trenutno ni mogoče poslati. Poskusite znova pozneje."},{"$i":"transferReport-title","$v":"Poročilo o prenosu:"},{"$i":"transferReport-description","$v":["Uspešnih datotek: ",{"t":"idOrVar","v":"numSuccessful"},"; neuspešnih datotek: ",{"t":"idOrVar","v":"numUnsuccessful"}]},{"$i":"unknown-file","$v":"Neznana datoteka"},{"$i":"unknown-device","$v":"Neznana naprava"},{"$i":"cannotOpenFile","$v":"Ni mogoče odpreti prejete datoteke"},{"$i":"unknownMediaTypeToOpenFile","$v":["Ni mogoče odpreti neznane vrste predstavnosti: ",{"t":"idOrVar","v":"fileName"}]},{"$i":"cannotReceiveFile","$v":"Ni mogoče prejeti datoteke"},{"$i":"cannotGetStorageState","$v":"Ni mogoče pridobiti stanja shrambe naprave."},{"$i":"sdcard-not-exist2","$v":"Pomnilniške kartice ni bilo mogoče najti. Vstavite jo."},{"$i":"sdcard-in-use","$v":"Medtem ko je telefon priklopljen na napajanje, povezave Bluetooth ni mogoče uporabljati. Če želite prejeti datoteke, odklopite telefon z napajanja."},{"$i":"sdcard-no-space2","$v":"Prenosa ni mogoče dokončati, ker je pomnilniška kartica polna."},{"$i":"unknown-error","$v":"Neznana napaka"},{"$i":"confirm","$v":"Potrdi"},{"$i":"stopTransferTitle","$v":"Ustavite prenos datotek"},{"$i":"stopTransferContent","$v":"Želite ustaviti prenos datotek prek povezave Bluetooth?"},{"$i":"storage","$v":"Shramba"},{"$i":"sdcard-detected-title","$v":"Zaznana je kartica SD"},{"$i":"no-sdcard-title","$v":"Ni kartice SD"},{"$i":"sdcard-total-size-body","$v":["Skup. velik.: ",{"t":"idOrVar","v":"size"}," ",{"t":"idOrVar","v":"unit"}]},{"$i":"sdcard-unknown-size-then-tap-to-format-body","$v":"Neznana velikost; dotaknite se za formatiranje"},{"$i":"sdcard-removed-title","$v":"Kart. SD je odstranjena"},{"$i":"sdcard-removed-ejected-successfully","$v":"Uspešno izvrženo"},{"$i":"sdcard-removed-not-ejected-properly","$v":"Ni pravilno izvržena"},{"$i":"set-sdcard-as-default-media-location","$v":"Zaznana kar. SD. Jo želite nast. kot privz. lokacijo za predst.?"},{"$i":"no-sdcard-content","$v":"Vstavite kartico SD, da pridobite več prostora."},{"$i":"sim-confirmation-content","$v":["Mobilni podatki so dodeljeni kartici SIM",{"t":"idOrVar","v":"n"},"."]},{"$i":"sim-confirmation-title","$v":"Kartice SIM so spremenjene"},{"$i":"sim-confirmation-notice-title","$v":"Kartice SIM so spremenjene"},{"$i":"sim-confirmation-notice","$v":"Izberite za ogled podrobnosti."},{"$i":"sim-hot-plug","$v":"Telefon bo znova zagnan"},{"$i":"sim-hot-plug-empty","$v":"Telefon se bo znova zagnal, ker ste odstranili kartice SIM."},{"$i":"sim-hot-plug-empty-confirm","$v":"Zagotovite, da ste pravilno izvlekli kartico SIM in potem pritisnite OK za ponovno zagon."},{"$i":"noSimCard","$v":"Ni kartice SIM"},{"$i":"lockedSim","$v":"Zaklenjen SIM"},{"$i":"noService","$v":"Ni storitve"},{"$i":"eccOnly","$v":"Emergency calls only"},{"$i":"nocard-eccOnly","$v":"No SIM card-Emergency calls only"},{"$i":"unusablecard-eccOnly","$v":"Unusable SIM card-Emergency calls only"},{"$i":"searching","$v":"Iskanje ..."},{"$i":"simPin","$v":"Koda PIN za kartico SIM"},{"$i":"pukCode","$v":"Koda PUK"},{"$i":"nckCode","$v":"Koda NCK"},{"$i":"cckCode","$v":"Koda CCK"},{"$i":"spckCode","$v":"Koda SPCK"},{"$i":"nck1code","$v":"Koda NCK1"},{"$i":"nck2code","$v":"Koda NCK2"},{"$i":"hnckcode","$v":"Koda HNCK"},{"$i":"rcckcode","$v":"Koda RCCK"},{"$i":"rspckcode","$v":"Koda RSPCK"},{"$i":"ncklockContent","$v":["Reža ",{"t":"idOrVar","v":"n"}," je zaklenjena z nck."]},{"$i":"whatIsSimPin","$v":"Kaj je koda PIN za kartico SIM?"},{"$i":"simPinIntro1","$v":"Koda PIN za kartico SIM preprečuje dostop do omrežij za prenos mobilnih podatkov prek kartice SIM. Če je ta koda omogočena, vsaka naprava, v kateri je nameščena ta kartica SIM, po zagonu zahteva vnos kode PIN."},{"$i":"simPinIntro2","$v":"Koda PIN za kartico SIM ni enaka geslu, s katerim odklenete napravo."},{"$i":"changeSimPin","$v":"Spremeni kodo PIN"},{"$i":"pinTitle","$v":"Vnesite PIN za SIM"},{"$i":"multiSIMpinTitle","$v":["Vnesite PIN za SIM ",{"t":"idOrVar","v":"n"}]},{"$i":"multiSIMpukTitle","$v":["Vnesite PIN za PUK",{"t":"idOrVar","v":"n"}]},{"$i":"multiSIMnckTitle","$v":["Vnesite PIN za NCK",{"t":"idOrVar","v":"n"}]},{"$i":"multiSIMxckTitle","$v":["Vnesite ",{"t":"idOrVar","v":"type"}," za SIM",{"t":"idOrVar","v":"n"}]},{"$i":"xckTitle","$v":["Vnesite kodo ",{"t":"idOrVar","v":"type"}]},{"$i":"xckCode","$v":["Koda ",{"t":"idOrVar","v":"type"}]},{"$i":"xckBlocked","$v":["Koda ",{"t":"idOrVar","v":"type"}," je blokirana"]},{"$i":"pukTitle","$v":"Vnesite kodo PUK"},{"$i":"nckTitle","$v":"Vnesite kodo NCK"},{"$i":"cckTitle","$v":"Vnesite kodo CCK"},{"$i":"spckTitle","$v":"Vnesite kodo SPCK"},{"$i":"nck1Title","$v":"Vnesite kodo NCK1"},{"$i":"nck2Title","$v":"Vnesite kodo NCK2"},{"$i":"hnckTitle","$v":"Vnesite kodo HNCK"},{"$i":"rcckTitle","$v":"Vnesite kodo RCCK"},{"$i":"rspckTitle","$v":"Vnesite kodo RSPCK"},{"$i":"newpinTitle","$v":"Nova koda PIN"},{"$i":"inputCodeRetriesLeft","$v":{"few":[{"t":"idOrVar","v":"n"}," preostali poskusi."],"many":[{"t":"idOrVar","v":"n"}," preostalih poskusov."],"one":"1 preostali poskus.","other":[{"t":"idOrVar","v":"n"}," preostalih poskusov."],"two":[{"t":"idOrVar","v":"n"}," preostala poskusa."]},"$x":[{"t":"idOrVar","v":"plural"},"n"]},{"$i":"pinErrorMsg","$v":"Nepravilna koda PIN."},{"$i":"pinAttemptMsg2","$v":{"few":["Za vnos pravilne kode PIN imate še ",{"t":"idOrVar","v":"n"}," poskuse. Če vam ne bo uspelo, bo kartica SIM zaklenjena."],"many":["Za vnos pravilne kode PIN imate še ",{"t":"idOrVar","v":"n"}," poskusov. Če vam ne bo uspelo, bo kartica SIM zaklenjena."],"one":"Za vnos pravilne kode imate še en poskus. Če vam ne bo uspelo, bo kartica SIM zaklenjena.","other":["Za vnos pravilne kode PIN imate še ",{"t":"idOrVar","v":"n"}," poskusov. Če vam ne bo uspelo, bo kartica SIM zaklenjena."],"two":["Za vnos pravilne kode PIN imate še ",{"t":"idOrVar","v":"n"}," poskusa. Če vam ne bo uspelo, bo kartica SIM zaklenjena."]},"$x":[{"t":"idOrVar","v":"plural"},"n"]},{"$i":"pinLastChanceMsg","$v":"To je vaša zadnja priložnost za vnos pravilne kode PIN. Če je ne vnesete pravilno, boste morali za uporabo te kartice SIM vnesti kodo PUK."},{"$i":"simCardLockedMsg","$v":"Kartica SIM je zaklenjena."},{"$i":"enterPukMsg","$v":"Vnesti morate osebni ključ za odklepanje (kodo PUK) kartice SIM. Če potrebujete več informacij, preberite dokumentacijo kartice SIM ali se obrnite na operaterja."},{"$i":"pukErrorMsg","$v":"Nepravilna koda PUK."},{"$i":"pukAttemptMsg2","$v":{"few":["Za vnos pravilne kode imate še ",{"t":"idOrVar","v":"n"}," poskuse. Če vam ne bo uspelo, bo kartica SIM postala trajno neuporabna. Če potrebujete več informacij, preberite dokumentacijo kartice SIM ali se obrnite na operaterja."],"many":["Za vnos pravilne kode imate še ",{"t":"idOrVar","v":"n"}," poskusov. Če vam ne bo uspelo, bo kartica SIM postala trajno neuporabna. Če potrebujete več informacij, preberite dokumentacijo kartice SIM ali se obrnite na operaterja."],"one":"Za vnos pravilne kode imate še en poskus. Če vam ne bo uspelo, bo kartica SIM postala trajno neuporabna. Če potrebujete več informacij, preberite dokumentacijo kartice SIM ali se obrnite na operaterja.","other":["Za vnos pravilne kode imate še ",{"t":"idOrVar","v":"n"}," poskusov. Če vam ne bo uspelo, bo kartica SIM postala trajno neuporabna. Če potrebujete več informacij, preberite dokumentacijo kartice SIM ali se obrnite na operaterja."],"two":["Za vnos pravilne kode imate še ",{"t":"idOrVar","v":"n"}," poskusa. Če vam ne bo uspelo, bo kartica SIM postala trajno neuporabna. Če potrebujete več informacij, preberite dokumentacijo kartice SIM ali se obrnite na operaterja."]},"$x":[{"t":"idOrVar","v":"plural"},"n"]},{"$i":"pukLastChanceMsg","$v":"Zadnja možnost za vnos pravilne kode PUK. Če vnesete nepravilno kodo PUK, bo kartica SIM postala trajno neuporabna. Če potrebujete več informacij, preberite dokumentacijo kartice SIM ali se obrnite na operaterja."},{"$i":"cardPermanentlyLockMsg-head","$v":"Nepravilna koda PUK."},{"$i":"cardPermanentlyLockMsg-body","$v":"Vaša kartica SIM je trajno zaklenjena. Za več informacij se obrnite na operaterja."},{"$i":"newSimPinMsg","$v":"Ustvarite kodo PIN (vsebovati mora od 4 do 8 števk)"},{"$i":"confirmNewSimPinMsg","$v":"Potrdite novo kodo PIN"},{"$i":"newPinErrorMsg","$v":"Kodi PIN se ne ujemata."},{"$i":"nckErrorMsg","$v":"Koda NCK je nepravilna."},{"$i":"nckAttemptMsg2","$v":{"few":["Zahteva za omrež. depersonalizacijo ni uspela. Za vnos pravilne kode imate še ",{"t":"idOrVar","v":"n"}," poskuse. Za več info. glejte dokumentacijo naprave ali se obrnite na operaterja."],"many":["Zahteva za omrež. depersonalizacijo ni uspela. Za vnos pravilne kode imate še ",{"t":"idOrVar","v":"n"}," poskusov. Za več info. glejte dokumentacijo naprave ali se obrnite na operaterja."],"one":"Zahteva za omrež. depersonalizacijo ni uspela. Za vnos pravilne kode imate še en poskus. Za več info. glejte dokumentacijo naprave ali se obrnite na operaterja.","other":["Zahteva za omrežno depersonalizacijo ni uspela. Za vnos pravilne kode imate še ",{"t":"idOrVar","v":"n"}," poskusov. Če potrebujete več informacij, preberite dokumentacijo naprave ali se obrnite na operaterja."],"two":["Zahteva za omrež. depersonalizacijo ni uspela. Za vnos pravilne kode imate še ",{"t":"idOrVar","v":"n"}," poskusa. Za več info. glejte dokumentacijo naprave ali se obrnite na operaterja."]},"$x":[{"t":"idOrVar","v":"plural"},"n"]},{"$i":"nckLastChanceMsg","$v":"Zahteva za omrežno depersonalizacijo ni uspela. Imate še zadnjo priložnost za vnos pravilne kode NCK. Če potrebujete več informacij, preberite dokumentacijo naprave ali se obrnite na operaterja."},{"$i":"sim-attention-header","$v":"Kartica SIM je zaklenjena"},{"$i":"multiSIM-attention-header","$v":["Kartica SIM",{"t":"idOrVar","v":"n"}," je zaklenjena"]},{"$i":"sim-attention-head","$v":"Kartica SIM je zaklenjena."},{"$i":"sim-attention-body","$v":"Želite vnesti kodo PUK za odklepanje kartice SIM?"},{"$i":"enter-puk-rsk","$v":"Vnesite PUK"},{"$i":"verify-rsk","$v":"Dokončano"},{"$i":"activity-pick","$v":"Izberite iz"},{"$i":"activity-view","$v":"Za prikaz uporabi:"},{"$i":"activity-test","$v":"Za preizkus uporabi"},{"$i":"activity-share","$v":"Deli"},{"$i":"activity-new","$v":"Ustvari z"},{"$i":"activity-open","$v":"Za odpiranje uporabi:"},{"$i":"activity-save-bookmark","$v":"Zaznamek v"},{"$i":"activity-record","$v":"Za snemanje uporabi:"},{"$i":"activity-browse","$v":"Za brskanje uporabi:"},{"$i":"activity-configure","$v":"Za konfiguracijo uporabi:"},{"$i":"activity-dial","$v":"Pokliči od"},{"$i":"remoteDebuggerMessage","$v":"Zaznana je bila dohodna zahteva za dovoljenje za povezavo za odpravljanje napak na daljavo. Dovolite vzpostavitev povezave?"},{"$i":"captive-wifi-available","$v":["Najdeno je bilo omrežje ",{"t":"idOrVar","v":"networkName"},". Se želite povezati vanj?"]},{"$i":"ceWarningtitle","$v":"Opozorilo glede glasnosti"},{"$i":"ceWarningcontent","$v":"Ne poslušajte dlje časa pri veliki glasnosti, da preprečite morebitne poškodbe sluha."},{"$i":"is-volume-type-notification","$v":"Toni zvonjenja in opozorila"},{"$i":"is-volume-type-telephony","$v":"Glasnost"},{"$i":"is-volume-type-alarm","$v":"Alarm"},{"$i":"is-volume-type-content","$v":"Predstavnost"},{"$i":"kai-volume-type-notification","$v":"TONI ZVONJENJA IN OPOZORILA"},{"$i":"kai-volume-type-telephony","$v":"GLASNOST"},{"$i":"volume-type-alarm","$v":"Alarm"},{"$i":"volume-type-content","$v":"Predstavnost"},{"$i":"vibrate-only","$v":"Samo vibriranje"},{"$i":"silent","$v":"Tiho"},{"$i":"vibrate-on","$v":"Vibriranje: vklopljeno"},{"$i":"vibrate-off","$v":"Vibriranje: izklopljeno"},{"$i":"vibrate","$v":"Vibriranje"},{"$i":"kai-volume","$v":["Glasnost: ",{"t":"idOrVar","v":"n"},"/",{"t":"idOrVar","v":"c"}]},{"$i":"notification-powersaving-mode-on-title","$v":"Način za varčevanje z energijo"},{"$i":"notification-powersaving-mode-on-description","$v":"Način za varčevanje z energijo je vklopljen."},{"$i":"low-device-storage","$v":"V napravi primanjkuje prostora."},{"$i":"storage-alert","$v":"Opozorilo za shranjevanje"},{"$i":"phone-almost-full","$v":"Telefon je skoraj poln."},{"$i":"free-space","$v":{"few":["Na voljo manj kot ",{"t":"idOrVar","v":"value"}," ",{"t":"idOrVar","v":"unit"},"."],"many":["Preostalo je manj kot ",{"t":"idOrVar","v":"value"}," ",{"t":"idOrVar","v":"unit"},"."],"one":["Preostalo je manj kot ",{"t":"idOrVar","v":"value"}," ",{"t":"idOrVar","v":"unit"},"."],"other":["Preostalo je manj kot ",{"t":"idOrVar","v":"value"}," ",{"t":"idOrVar","v":"unit"},"."],"two":["Preostalo je manj kot ",{"t":"idOrVar","v":"value"}," ",{"t":"idOrVar","v":"unit"},"."],"zero":"Ni več nezasedenega prostora."},"$x":[{"t":"idOrVar","v":"plural"},"value"]},{"$i":"unknown-free-space","$v":"Neznana količina preostalega prostora."},{"$i":"can-delete-data-to-get-space","$v":"Izbrišete lahko nekaj predstavnostnih datotek ali upravljate podatke aplikacij, da povečate količino nezasedenega prostora."},{"$i":"should-delete-data-to-get-space","$v":"Preden lahko nadaljujete uporabo te naprave, morate izbrisati nekaj predstavnostnih datotek ali upravljati podatke aplikacij, da povečate količino nezasedenega prostora."},{"$i":"storage-full-level-1-title","$v":"Telefon skoraj poln"},{"$i":"storage-full-level-2-title","$v":"Shramba telefona je polna."},{"$i":"delete-to-get-space","$v":"Izbrišite predstavnostne datoteke, podatke aplikacij ali prenesene aplikacije, da sprostite prostor."},{"$i":"delete-to-get-space-level-2","$v":"Izbrišite predstavnostne datoteke, podatke aplikacij ali prenesene aplikacije, da sprostite prostor. V nasprotnem primeru telefon ne bo deloval pravilno."},{"$i":"system-alert","$v":"Sistemsko opozorilo"},{"$i":"cb-channel","$v":["Kanal ",{"t":"idOrVar","v":"channel"}]},{"$i":"cell-broadcast-subtitle","$v":"Oddaja v celici"},{"$i":"cb-etws-warningType-earthquake","$v":"Opozorilo pred potresom!"},{"$i":"cb-etws-warningType-tsunami","$v":"Opozorilo o cunamiju!"},{"$i":"cb-etws-warningType-earthquake-tsunami","$v":"Opozorilo pred potresnim cunamijem!"},{"$i":"cb-etws-warningType-test","$v":"Poteka preizkušanje sistema za alarme."},{"$i":"cb-etws-warningType-other","$v":"Opozorilo v sili!"},{"$i":"icc-message-maintitle","$v":"Sporočilo operaterja"},{"$i":"icc-message-subtitle","$v":"SIM"},{"$i":"icc-confirmCall-defaultmessage","$v":["Želite poklicati ",{"t":"idOrVar","v":"number"},"?"]},{"$i":"icc-alertMessage-defaultmessage","$v":"Pošiljanje sporočila"},{"$i":"icc-confirmMessage-defaultmessage","$v":"Želite poslati sporočilo?"},{"$i":"icc-notification-title","$v":["STK za SIM ",{"t":"idOrVar","v":"id"}]},{"$i":"icc-inputbox-maintitle","$v":"Poizvedba STK"},{"$i":"icc-inputbox-subtitle","$v":["SIM ",{"t":"idOrVar","v":"id"}]},{"$i":"emergency-callback-mode","$v":"Način povratnega klica v sili"},{"$i":"emergency-callback-message","$v":"Ne morete opravljati klicev, pošiljati sporočil ali se povezati v splet, ker je omogočen način za povratne klice v sili. Ga želite izklopiti?"},{"$i":"cdma-record-info","$v":"Podatki o zapisu CDMA"},{"$i":"download_started","$v":"Prenos se je začel"},{"$i":"download_stopped","$v":"Prenos se je ustavil"},{"$i":"download_downloading","$v":[{"t":"idOrVar","v":"percentage"},"%"]},{"$i":"download_succeeded","$v":"Prenos je dokončan"},{"$i":"download_failed","$v":"Prenos ni uspel"},{"$i":"update_succeeded","$v":"Posodobitev je končana"},{"$i":"download_text_by_default","$v":[{"t":"idOrVar","v":"name"}]},{"$i":"phone-storage-full-title","$v":"Pomnilnik telefona je poln."},{"$i":"phone-storage-full-warning","$v":"Datoteke ni mogoče prenesti. Izbrišite predstavnostne datoteke ali podatke aplikacij, da sprostite prostor. Lahko tudi vstavite kartico SD in tako razširite shrambo za predstavnostne vsebine."},{"$i":"sdcard-storage-full-title","$v":"Kartica SD je polna."},{"$i":"sdcard-storage-full-warning","$v":"Datoteke ni mogoče prenesti. Izbrišite datoteke na kartici SD, da sprostite prostor."},{"$i":"opt-settings","$v":"Nastavitve"},{"$i":"search-the-web","$v":"Išči v spletu"},{"$i":"search-or-enter-address","$v":"Poiščite ali vnesite naslov","placeholder":"Poiščite ali vnesite naslov"},{"$i":"search-or-enter-url","$v":"Poiščite ali vnesite URL","placeholder":"Poiščite ali vnesite URL"},{"$i":"back-button","ariaLabel":"Nazaj"},{"$i":"forward-button","ariaLabel":"Naprej"},{"$i":"reload-button","ariaLabel":"Znova naloži"},{"$i":"stop-button","ariaLabel":"Ustavi"},{"$i":"windows-button","ariaLabel":"Prikaži okna"},{"$i":"noHotspotWhenAPMisOnWifiHotspot","$v":"Za uporabo dost. točke Wi-Fi izklopite nač. za letalo."},{"$i":"apmActivated","$v":"Način za letalo aktiviran"},{"$i":"save-image","$v":"Shrani sliko"},{"$i":"save-video","$v":"Shrani video"},{"$i":"save-audio","$v":"Shrani zvok"},{"$i":"share-image","$v":"Deli sliko"},{"$i":"share-video","$v":"Deli video"},{"$i":"share-audio","$v":"Deli zvok"},{"$i":"kai-cancelButtonId","$v":"Prekliči"},{"$i":"kai-not-send","$v":"Ne pošlji"},{"$i":"kai-send-report","$v":"Pošlji poročilo"},{"$i":"refresh","$v":"Osveži"},{"$i":"goBack","$v":"Pojdi nazaj"},{"$i":"goForward","$v":"Pojdi naprej"},{"$i":"goToTopSites","$v":"Pojdi na najbolj priljubljena mesta"},{"$i":"pinToTopSites","$v":"Pripni med najbolj priljubljena mesta"},{"$i":"pinToAllApps","$v":"Pripni v »Vse aplikacije«"},{"$i":"pinToAppsMenu","$v":"Pripni v meni z aplikacijami"},{"$i":"viewMessages","$v":"Prikaži sporočila"},{"$i":"downloadImage","$v":"Prenesi sliko"},{"$i":"quit","$v":"Izhod"},{"$i":"minimizeBrowser","$v":"Minimiziraj brskalnik"},{"$i":"pinSiteCompletely","$v":"Spl. mesto je pripeto med najbolj priljubljena."},{"$i":"siteWasPinnedBefore","$v":"Spl. mesto je že pripeto med najbolj priljubljena."},{"$i":"pinnedSitesOverLimit","$v":"Dosegli ste največje dovoljeno število pripetih spletnih mest."},{"$i":"pressBackAgainToQuitBrowser","$v":"Znova pritisnite gumb NAZAJ, da zaprete brskalnik."},{"$i":"pressBackAgainToMinimizeBrowser","$v":"Znova pritisnite gumb NAZAJ, da minimizirate brskalnik."},{"$i":"pinSiteToAllAppsCompletely","$v":"To spletno mesto je pripeto v »Vse aplikacije«."},{"$i":"pinSiteToAppsMenuCompletely","$v":"To spletno mesto je pripeto v meni z aplikacijami."},{"$i":"siteWasPinnedToAllAppsBefore","$v":"To spletno mesto je že bilo pripeto v »Vse aplikacije«."},{"$i":"siteWasPinnedToAppsMenuBefore","$v":"To spletno mesto je že bilo pripeto v meni z aplikacijami."},{"$i":"ext-bluetooth-req","$v":"Zahteva za seznanitev"},{"$i":"ext-unknown","$v":"NEZNANO"},{"$i":"ext-new-message","$v":"Novo sporočilo"},{"$i":"ext-new-mail","$v":"Nova e-pošta"},{"$i":"ext-calendar-event","$v":"Dogodek v koledarju"},{"$i":"ext-new-notification","$v":"Nova obvestila"},{"$i":"incoming","$v":"Dohodni"},{"$i":"ext-volume-notification","$v":"Toni zvon. in obvest."},{"$i":"ext-volume-content","$v":"Predstavnost"},{"$i":"ext-volume-alarm","$v":"Alarm"},{"$i":"ext-new-cmas","$v":"Klic v sili"},{"$i":"phone-storage-full-body","$v":"Snemanje klica je ustavljeno. Izbrišite predstavnostne datoteke ali podatke aplikacij, da sprostite prostor."},{"$i":"sd-card-full-title","$v":"Kartica SD je polna."},{"$i":"sd-card-full-body","$v":"Snemanje klica je ustavljeno. Izbrišite datoteke na kartici SD, da sprostite prostor."},{"$i":"supl-notification-title","$v":"Zahteva za lokacijo"},{"$i":"supl-notification-message","$v":"Podatek o vaši lokaciji se posreduje operaterju."},{"$i":"supl-verification-title","$v":"Zahteva za lokacijo"},{"$i":"supl-verification-message","$v":"Operater zahteva podatek o vaši lokaciji. Mu želite posredovati svojo lokacijo?"},{"$i":"supl-verification-message-for-notification","$v":"Kliknite tukaj za potrd."},{"$i":"supl-verification-confirm","$v":"Da"},{"$i":"supl-verification-cancel","$v":"Ne"},{"$i":"supl-more-message","$v":["Sporoč.: ",{"t":"idOrVar","v":"id"}," (",{"t":"idOrVar","v":"message"},")"]},{"$i":"confirmPbapMsg","$v":["Naprava ",{"t":"idOrVar","v":"deviceId"}," želi dostopati do vaših stikov in zgodovine klicev. Dovolite?"]},{"$i":"confirmTitle","$v":"Zahteva Bluetooth"},{"$i":"initialValue","$v":"Vnesite ključ seje"},{"$i":"confirmMapMsg","$v":["Naprava ",{"t":"idOrVar","v":"deviceId"}," želi dostopati do vaših sporočil. Želite sprejeti zahtevo?"]},{"$i":"wifiCallErrorMsg","$v":["Napaka klica prek Wi-Fi-ja: ",{"t":"idOrVar","v":"error"}]},{"$i":"wifiCallMissEccTitle","$v":[{"t":"idOrVar","v":"operator"}," WiFi Calling"]},{"$i":"wifiCallMissEccMsg","$v":"Emergency calls in areas with cellular coverage only"},{"$i":"battery-full-title","$v":"Baterija je polna"},{"$i":"battery-full-body","$v":"Baterija je popolnoma napolnjena."},{"$i":"sim-config-title","$v":"Konfiguracija"},{"$i":"sim-config-content-init","$v":["Pritisnite ZAČNI, da konfigurirate telefon za operaterja ",{"t":"idOrVar","v":"carrier"},"."]},{"$i":"sim-config-content-change","$v":["Ali želite konfigurirati telefon za operaterja ",{"t":"idOrVar","v":"carrier"},"?"]},{"$i":"sim-config-content-line1","$v":"Dobro opravljeno!"},{"$i":"sim-config-content-restart","$v":"Znova zaženite telefon, da uveljavite spremembe."},{"$i":"sim-config-content-finish","$v":"Pritisnite V REDU za dokončanje."},{"$i":"sim-config-content-failed","$v":["Profila operaterja ",{"t":"idOrVar","v":"carrier"}," ni mogoče najti."]},{"$i":"sim-config-button-restart","$v":"Znova zaženi"},{"$i":"sim-config-button-begin","$v":"Začeti"},{"$i":"open-wifi-available","$v":"Na voljo so odprta omrežja Wi-Fi"},{"$i":"wifi-available","$v":"Na voljo so omrežja Wi-Fi"},{"$i":"wifi-no-internet-title","$v":"Wifi nima dostopa do interneta"},{"$i":"wifi-no-internet-body","$v":"Tap for options"},{"$i":"wifi-no-internet-header","$v":"Wi-Fi"},{"$i":"wifi-no-internet-content","$v":[{"t":"idOrVar","v":"name"}," nima dostopa do interneta, ali želite ohraniti povezavo?"]},{"$i":"ellipses_char","$v":"…"},{"$i":"fota-title-attention","$v":"Pozor"},{"$i":"fota-upgrade-success","$v":["Vdelana strojna oprema v napravi je bila uspešno nadgrajena na različico ",{"t":"idOrVar","v":"target"},"."]},{"$i":"fota-upgrade-failed","$v":"Nadgradnja ni uspela. Obnovljena je prejšnja različica."},{"$i":"fota-title-software-update","$v":"Posodobitev programske opreme"},{"$i":"fota-message-software-update-available","$v":"Na voljo je posodobitev programske opreme."},{"$i":"fota-message-software-download-failed","$v":"Prenos posodobitve programske opreme ni uspel."},{"$i":"fota-message-software-download-complete","$v":"Prenos posodobitve programske opreme je dokončan."},{"$i":"network-issue-title","$v":"Omrežna napaka"},{"$i":"network-issue-detail","$v":"Preverite svojo povezavo."},{"$i":"device-issue-title","$v":"Napaka pri namestitvi"},{"$i":"device-issue-detail","$v":"Prišlo je do neznane napake."},{"$i":"device-issue-update-title","$v":"Napaka posodobitve"},{"$i":"install-generic-error","$v":"Prenos se je ustavil."},{"$i":"account-authenticator-invaild-grant-notice-title","$v":"Napaka računa"},{"$i":"account-authenticator-invaild-grant-notice-text","$v":"Znova se prijavite"},{"$i":"account-authenticator-no-network-error","$v":"Ni internetne povezave."},{"$i":"account-authenticator-access-denied-error","$v":"Prišlo je do neznane napake."},{"$i":"qtn_els_alert_high_vol","$v":"Opozorilo o veliki glasnosti"},{"$i":"qtn_els_alert_in_call","$v":"Med klicem"},{"$i":"GetEmptyUssdPrompt","$v":"Prejet ni bil noben odgovor."},{"$i":"message-sent","$v":"Sporočilo je poslano"},{"$i":"send","$v":"Pošlji"},{"$i":"confirmation","$v":"Potrditev"},{"$i":"kaistore-notice-title","$v":"KaiStore"},{"$i":"kaistore-notice-content","$v":"See what’s in store."},{"$i":"feedback-dialogview-header","$v":"Povratne informacije"},{"$i":"feedback-dialogview-message","$v":"Vaše mnenje je za družbo HMD Global zelo pomembno, zato vas prosimo, da nam zaupate, kaj menite o svojem novem telefonu. Če želite ta vprašalnik izpolniti pozneje, ga najdete v Nastavitvah."},{"$i":"dataConnection-off","$v":"Ali želite izklopiti mobilne podatke?"},{"$i":"dataConnection-off-content","$v":"Uporabljati ne boste mogli nobene aplikacije ali storitve, za katero potrebujete podatkovno povezavo, razen če uporabljate povezavo Wi-Fi."},{"$i":"turn-off-location","$v":"Ali želite izklopiti lokacijsko storitev?"},{"$i":"turn-off-location-content","$v":"Storitev ugotavljanja geografske lokacije ni na voljo, če to storitev izklopite. Če storitev pustite vklopljeno, so vam lahko še vedno zaračunani mobilni podatki."},{"$i":"firefox-accounts-title","$v":"Računi KaiOS"},{"$i":"firefox-accounts-title-sign-in","$v":"Prijava"},{"$i":"firefox-accounts-title-create-account","$v":"Ustvari račun"},{"$i":"kaios-accounts-title-about-kaios-account","$v":"O računu za KaiOS"},{"$i":"kaios-accounts-phone-verification","$v":"Preverjanje telefona"},{"$i":"kaios-accounts-title-account-info","$v":"Podatki o računu"},{"$i":"fxa-next","$v":"Naprej"},{"$i":"fxa-back","$v":"Nazaj"},{"$i":"fxa-done","$v":"Dokončano"},{"$i":"fxa-ok","$v":"V redu"},{"$i":"kai-verification-mail-has-been-sent","$v":"Povezava za preverjanje je bila poslana na"},{"$i":"fxa-decline","$v":"Zavrni"},{"$i":"fxa-accept","$v":"Sprejmem"},{"$i":"fxa-sining-in","$v":"Prijavljanje ..."},{"$i":"not-now","$v":"Ne zdaj"},{"$i":"send-sms","$v":"Pošlji sporočilo SMS"},{"$i":"resend-sms","$v":"Znova pošlji SMS"},{"$i":"fxa-connection-error-title","$v":"Povezave ni mogoče vzpostaviti"},{"$i":"fxa-connection-error-message","$v":"V nastavitvah lahko ustvarite račun ali se prijavite."},{"$i":"fxa-reset-password-error-title","$v":"Ponastavitev gesla"},{"$i":"fxa-reset-password-error-message","$v":"Geslo lahko ponastavite v nastavitvah."},{"$i":"fxa-incorrect-email-address-or-password","$v":"fxa incorrect email address or password"},{"$i":"fxa-internet-connection-is-required","$v":"potrebna je internetna povezava za fxa"},{"$i":"fxa-server-error","$v":"Napaka strežnika. Poskus. znova."},{"$i":"fxa-server-error-2","$v":"Napaka"},{"$i":"fxa-server-error-message","$v":"Računa ni mogoče ustvariti. Poskusite znova pozneje."},{"$i":"fxa-server-error-message-2","$v":"Strežnik ni na voljo. Poskusite znova pozneje."},{"$i":"fxa-offline-error-title","$v":"Povezave ni mogoče vzpostaviti"},{"$i":"fxa-offline-error-message","$v":"V nastavitvah vzpostavite povezavo z omrežjem."},{"$i":"fxa-offline-error-message-1","$v":"Ni internetne povezave."},{"$i":"fxa-invalid-email-title","$v":"Napaka"},{"$i":"fxa-invalid-email-message","$v":"Vnesite veljaven e-naslov."},{"$i":"fxa-invalid-password-title","$v":"Napaka"},{"$i":"fxa-invalid-password-message","$v":"Nepravilen e-poštni naslov ali geslo"},{"$i":"fxa-invalid-password-message-1","$v":"Geslo ni pravilno."},{"$i":"fxa-unknown-error-title","$v":"Povezave ni mogoče vzpostaviti"},{"$i":"fxa-unknown-error-message","$v":"Sistem ni na voljo. Kmalu poskusite znova."},{"$i":"fxa-email-is-taken-title","$v":"Napaka"},{"$i":"fxa-email-is-taken-message","$v":"Za ta e-poštni naslov že obstaja račun. Prijavite se vanj."},{"$i":"fxa-confirm-age-title","$v":"Napaka"},{"$i":"fxa-confirm-age-message","$v":"Potrdite, da ste stari več kot 13 let"},{"$i":"fxa-account-does-not-exist","$v":"Napaka"},{"$i":"fxa-account-does-not-exist-message","$v":"Nepravilen e-poštni naslov ali geslo"},{"$i":"fxa-account-does-not-exist-message-1","$v":"Account does not exist."},{"$i":"fxa-password-dont-match","$v":"Napaka"},{"$i":"fxa-password-dont-match-message","$v":"Gesli se ne ujemata."},{"$i":"fxa-password-less","$v":"Napaka"},{"$i":"fxa-password-less-message","$v":"Geslo je krajše od 8 znakov."},{"$i":"fxa-password-less-message-1","$v":"Geslo je krajše od 8 znakov."},{"$i":"fxa-password-more","$v":"Napaka"},{"$i":"fxa-password-more-message","$v":"Geslo je daljše od 20 znakov."},{"$i":"fxa-password-more-message-1","$v":"Geslo je daljše od 20 znakov."},{"$i":"fxa-password-error","$v":"Napaka"},{"$i":"fxa-password-error-message","$v":"Geslo mora imeti 8–20 znakov s kombinacijo črk in številk."},{"$i":"fxa-connecting","$v":"Povezovanje"},{"$i":"fxa-enter-phone-number-message","$v":"Vnesite telefonsko številko. Poslano bo sporočilo SMS in samodejno preverjanje se bo začelo."},{"$i":"fxa-sms-has-been-sent-message","$v":"Sporočilo SMS je bilo poslano. Ko bo prejeto, se bo začelo samodejno preverjanje, vi pa samo sproščeno počakajte."},{"$i":"fxa-time-remaining","$v":"Preostali čas:"},{"$i":"fxa-sms-verification-failed-message","$v":"Preverjanje s sporočilom SMS ni uspelo. Preverite telefon in pritisnite »Znova pošlji SMS« za vnovičen poskus."},{"$i":"fxa-phone-number-label","$v":"Telefonska številka"},{"$i":"fxa-enter-your-infomation","$v":"Vnesite podatke."},{"$i":"fxa-birthday-label","$v":"Rojstni dan"},{"$i":"fxa-birthday-select","$v":"Izberite"},{"$i":"fxa-gender-label","$v":"Spol"},{"$i":"fxa-gender-select","$v":"Izberite"},{"$i":"fxa-gender-male","$v":"Moški"},{"$i":"fxa-gender-female","$v":"Ženski"},{"$i":"fxa-gender-confidential","$v":"Zaupno"},{"$i":"fxa-enter-email-input","placeholder":"Vnesite svoj e-poštni naslov"},{"$i":"fxa-use-email-to-sign-in","$v":"Vnesite svoj e-poštni naslov, ki bo uporabljen kot ime računa."},{"$i":"fxa-notice","$v":["Z nadaljevanjem se strinjam z dokumentoma »",{"t":"idOrVar","v":"tos"},"« in »",{"t":"idOrVar","v":"pn"},"« za storitve v oblaku sistema KaiOS."]},{"$i":"fxa-placeholder","$v":"Vaš e-poštni naslov"},{"$i":"fxa-tos","$v":"Pogoji storitve"},{"$i":"fxa-pn","$v":"Obvestilo o zasebnosti"},{"$i":"fxa-create-account-title","$v":"Ustvari račun"},{"$i":"fxa-show-age-title","$v":"Sem starejši(-a) od 13 let"},{"$i":"fxa-enter-password-title","$v":"Vnesite geslo, ki mora biti dolgo od 8 do 20 znakov ter mora vsebovati črke in številke."},{"$i":"fxa-enter-password-title-1","$v":"Vnesite geslo, ki mora biti dolgo od 8 do 20 znakov ter mora vsebovati črke in številke."},{"$i":"fxa-setup-password-title","$v":"Nastavite geslo"},{"$i":"fxa-create-password-title","$v":"Ustvari geslo"},{"$i":"fxa-hello-user","$v":["Pozdravljeni, ",{"t":"idOrVar","v":"email"}]},{"$i":"fxa-password-refresh","$v":"Za nadaljevanje vnesite geslo računa KaiOS."},{"$i":"fxa-password","$v":"Geslo","placeholder":"Geslo"},{"$i":"fxa-forgot-your-password","$v":"Ste pozabili geslo?"},{"$i":"fxa-show-password","$v":"Pokaži geslo"},{"$i":"fxa-password-length-requirement","$v":"Geslo mora biti dolgo vsaj 8 znakov."},{"$i":"fxa-confirm-account","$v":"Potrdite račun"},{"$i":"fxa-will-send-email","$v":"Račun je ustvarjen."},{"$i":"fxa-signup-click-verification-link-in-email","$v":["Na naslov ",{"t":"idOrVar","v":"email"}," smo poslali potrditveno e-poštno sporočilo. Preverite nabiralnik ter potrdite in aktivirajte račun."]},{"$i":"fxa-access-manage-account-settings","$v":"Povezava za aktiviranje bo potekla čez 24 ur."},{"$i":"fxa-signup-success-title","$v":"Račun je ustvarjen"},{"$i":"about-kaios-account-text","$v":"Lorem ipsum dolor sit amet, con-sectetur adipiscing elit, sed do eiusmod tempor incididunt ut labore et dolore magna aliqua. Ut enim ad minim veniam, quis nos-trud exercitation ullamco laboris nisi ut aliquip ex ea commodo consequat. Duis aute irure dolor in reprehenderit in voluptate velit esse cillum dolore eu fugiat nulla pariatur. Excepteur sint occaecat cupidatat non proident, sunt in culpa qui officia deserunt mollit anim id est laborum."},{"$i":"about-kaios-account-text1","$v":"Račun KaiOS zagotavlja preverjanje pristnosti za storitve KaiOS. Račun identificira uporabnika in napravo ter omogoča dostop do funkcij, kot je upravljanje naprav na daljavo, in dodatnih storitev."},{"$i":"about-kaios-account-text2","$v":"Če želite ustvariti račun, potrebujete e-poštni naslov in geslo. Uporabnik mora potrditi e-poštni naslov prek povezave v e-poštnem sporočilu, poslanem med postopkom ustvarjanja računa. Račun ne bo aktiviran, dokler ne bo e-poštni naslov potrjen."},{"$i":"about-kaios-account-text3","$v":"Če nadaljujete z ustvarjanjem računa, se strinjate s pogoji in obvestilom o zasebnosti."},{"$i":"fxa-signin-email","$v":"Ime računa"},{"$i":"fxa-signin-password","$v":"Geslo"},{"$i":"fxa-signin-success-title","$v":"Vaš račun"},{"$i":"fxa-signin-lsk","$v":"Pozabljeno geslo"},{"$i":"fxa-signin-rsk","$v":"Prijava"},{"$i":"fxa-change-password-title","$v":"Sprememba gesla"},{"$i":"fxa-change-password-description","$v":"Vnesite aktualno geslo in določite novega."},{"$i":"fxa-new-password","$v":"Novo geslo"},{"$i":"fxa-changing-password","$v":"Spreminjanje gesla ..."},{"$i":"fxa-forgot-password-title","$v":"Pozabljeno geslo"},{"$i":"fxa-forgot-password","$v":"pozabljeno geslo"},{"$i":"fxa-forgot-password-sk","$v":"Pozabljeno geslo"},{"$i":"fxa-forgot-password-success-title","$v":"E-pošta za ponast. gesla poslana"},{"$i":"fxa-reset-password-succcess-content","$v":"V vaš e-poštni račun je bilo poslano e-poštno sporočilo za ponastavitev gesla."},{"$i":"fxa-reset-password-succcess-content-part2","$v":"Preverite nabiralnik s prejeto pošto in ponastavite geslo."},{"$i":"fxa-sign-out-title","$v":"Zaščita pred krajo je omogočena"},{"$i":"fxa-sign-out-intro","$v":"potrdite, da želite izklopiti zaščito pred krajo in se odjaviti."},{"$i":"fxa-sign-out-intro-1","$v":"Potrdite, da želite izklopiti način za zaščito pred krajo in se odjaviti."},{"$i":"fxa-signout-email","$v":"Vaš račun"},{"$i":"fxa-confirm-password","$v":"Potrdite geslo"},{"$i":"fxa-signing-out","$v":"Odjavljanje ..."},{"$i":"fxa-sign-out-error-title","$v":"Napaka"},{"$i":"fxa-sign-out-error-message","$v":"Odjava iz računa ni uspela. Poskusite znova pozneje."},{"$i":"fxa-sign-out-error-message-1","$v":"Odjava iz računa ni uspela. Poskusite znova pozneje."},{"$i":"fxa-connection-is-required-title","$v":"Napaka"},{"$i":"fxa-connection-is-required-message","$v":"Potrebna je internetna povezava"},{"$i":"fxa-check-password-title","$v":"Onemogoči zaščito pred krajo"},{"$i":"fxa-disable-antitheft-checkpassword-message","$v":"Potrdite, da želite izklopiti zaščito pred krajo."},{"$i":"fxa-reset-factory-checkpassword-message","$v":"Če želite ponastaviti napravo, vnesite geslo in onemogočite funkcijo zaščite pred krajo."},{"$i":"fxa-reset-factory-checkpassword-message-1","$v":"Če želite ponastaviti napravo, vnesite geslo in onemogočite način za zaščito pred krajo."},{"$i":"fxa-enter-email-to-reset-password","$v":"Vnesite e-poštni naslov računa in poslali vam bomo povezavo za ponastavitev gesla."},{"$i":"fxa-enter-email-to-reset-password-1","$v":"Vnesite e-poštni naslov računa. Poslali vam bomo povezavo za ponastavitev gesla."},{"$i":"fxa-account-not-found","$v":"Računa ni bilo mogoče najti. Poskusite znova."},{"$i":"fxa-multiple-sign-in-attempts-title","$v":"Več poskusov prijave"},{"$i":"fxa-multiple-sign-in-attempts-content","$v":"Večkrat ste vnesli napačno geslo"},{"$i":"fxa-multiple-sign-in-attempts-content-1","$v":"Večkrat ste vnesli napačno geslo."},{"$i":"fxa-multiple-sign-in-attempts-content-retry","$v":"Poskusite znova pozneje"},{"$i":"shortDateFormat","$v":"%B %d, %Y"},{"$i":"network-error-in-app","$v":"Trenutno ni internetnega dostopa."},{"$i":"network-error-launching","$v":[{"t":"idOrVar","v":"name"}," potrebuje internetno povezavo."]},{"$i":"network-error-launching-title","$v":"Ni internetne povezave"},{"$i":"network-error-launching-message","$v":"Za dostop do interneta uporabi Wi-Fi ali mobilne podatke."},{"$i":"server-not-found","$v":"Strežnika ni bilo mogoče najti"},{"$i":"server-not-found-error","$v":["Ni mogoče najti strežnika ",{"t":"idOrVar","v":"name"},"."]},{"$i":"file-not-found","$v":"Datoteke ni bilo mogoče najti"},{"$i":"file-not-found-error","$v":"Naprava ne more prikazati te strani, ker ni mogoče najti datoteke."},{"$i":"connection-failed","$v":"Povezave ni mogoče vzpostaviti"},{"$i":"connection-failed-error","$v":"Pri poskusu dostopanja do spletnega mesta je prišlo do omrežne napake."},{"$i":"invalid-connection","$v":"Povezave ni mogoče vzpostaviti"},{"$i":"invalid-connection-error","$v":"Pri poskusu dostopanja do spletnega mesta je prišlo do omrežne napake."},{"$i":"malformed-uri","$v":"URL ni veljaven"},{"$i":"malformed-uri-error","$v":"Vneseni URL ni veljaven in ga ni mogoče naložiti."},{"$i":"redirect-loop","$v":"Ni mogoče prikazati strani"},{"$i":"redirect-loop-error","$v":"Naprava ne more prikazati te strani, ker stran ne preusmerja pravilno. Poskusite znova obiskati to stran pozneje."},{"$i":"not-cached","$v":"Stran je potekla"},{"$i":"not-cached-error","$v":"Ta stran je potekla, zato je iz varnostnih razlogov ni mogoče prikazati v napravi."},{"$i":"is-printing","$v":"Dostop je zavrnjen"},{"$i":"is-printing-error","$v":"Dokumenta ni mogoče spremeniti, medtem ko poteka tiskanje ali je prikazan predogled tiskanja."},{"$i":"denied-port-access","$v":"Naslov ni dovoljen"},{"$i":"denied-port-access-error","$v":"Ta naslov uporablja omrežna vrata, ki se običajno ne uporabljajo za spletno brskanje. Naprava je zaradi vaše zaščite preklicala zahtevo."},{"$i":"proxy-resolve-failure","$v":"Napaka strežnika proxy"},{"$i":"proxy-resolve-failure-error","$v":"Naprava je konfigurirana za uporabo strežnika proxy, ki ga ni mogoče najti."},{"$i":"proxy-connect-failure","$v":"Napaka strežnika proxy"},{"$i":"proxy-connect-failure-error","$v":"Naprava je konfigurirana za uporabo strežnika proxy, ki zavrača povezave."},{"$i":"content-encoding","$v":"Strani ni mogoče prikazati"},{"$i":"content-encoding-error","$v":"Naprava ne more prikazati te strani, ker je prišlo do napake pri kodiranju vsebine."},{"$i":"remote-xul","$v":"Stran ni podprta"},{"$i":"remote-xul-error","$v":"Strani ni mogoče prikazati, ker uporablja tehnologijo, ki je naprava ne podpira."},{"$i":"phishing-blocked","$v":"Opozorilo"},{"$i":"phishing-blocked-error","$v":"Pridobljeni podatki kažejo, da je to spletno mesto ponarejeno in poskuša uporabnike zavesti k razkritju osebnih ali finančnih podatkov."},{"$i":"malware-blocked","$v":"Napad zlonamerne programske opreme je blokiran"},{"$i":"malware-blocked-error","$v":"Pridobljeni podatki kažejo, da ta stran izvaja napade. Naprava je zaradi vaše varnosti blokirala zahtevo."},{"$i":"unsafe-content-type","$v":"Vsebina, ki ni varna"},{"$i":"unsafe-content-type-error","$v":"Strani ni mogoče prikazati, ker je morda ni varno odpreti."},{"$i":"corrupted-content","$v":"Povezave ni mogoče vzpostaviti"},{"$i":"corrupted-content-error","$v":"Strani ni mogoče prikazati, ker je prišlo do napake med prenosom podatkov."},{"$i":"unknown-protocol-found","$v":"Stran ni podprta"},{"$i":"unknown-protocol-found-error","$v":"Zaradi nepod. tehnologije strani ni mogoče prikazati."},{"$i":"try-again","$v":"Poskusite znova"},{"$i":"check-settings","$v":"Preveri nastavitve"},{"$i":"brandShortName","$v":"KaiOS"},{"$i":"browserBrandShortName","$v":"Web Browser"},{"$i":"browserBrandFullName","$v":"Mozilla Web Browser"},{"$i":"ringtoneBrandName","$v":"Default"},{"$i":"ringtoneSectionBrandName","$v":"System"},{"$i":"accessibility-enableScreenReaderSteps","$v":"To enable screen reader, press the volume up and then volume down buttons three more times"},{"$i":"accessibility-disableScreenReaderSteps","$v":"To disable screen reader, press the volume up and then volume down buttons three more times"},{"$i":"accessibility-screenReaderStarted","$v":"Screen reader started"},{"$i":"accessibility-screenReaderStopped","$v":"Screen reader stopped"},{"$i":"accessibility-menubar","$v":"menu bar"},{"$i":"accessibility-scrollbar","$v":"scroll bar"},{"$i":"accessibility-grip","$v":"grip"},{"$i":"accessibility-alert","$v":"alert"},{"$i":"accessibility-menupopup","$v":"menu popup"},{"$i":"accessibility-document","$v":"document"},{"$i":"accessibility-pane","$v":"pane"},{"$i":"accessibility-dialog","$v":"dialogue"},{"$i":"accessibility-separator","$v":"separator"},{"$i":"accessibility-toolbar","$v":"toolbar"},{"$i":"accessibility-statusbar","$v":"status bar"},{"$i":"accessibility-table","$v":"table"},{"$i":"accessibility-columnheader","$v":"column header"},{"$i":"accessibility-rowheader","$v":"row header"},{"$i":"accessibility-column","$v":"column"},{"$i":"accessibility-row","$v":"row"},{"$i":"accessibility-cell","$v":"cell"},{"$i":"accessibility-link","$v":"link"},{"$i":"accessibility-list","$v":"list"},{"$i":"accessibility-listitem","$v":"list item"},{"$i":"accessibility-outline","$v":"outline"},{"$i":"accessibility-outlineitem","$v":"outline item"},{"$i":"accessibility-pagetab","$v":"tab"},{"$i":"accessibility-propertypage","$v":"property page"},{"$i":"accessibility-graphic","$v":"graphic"},{"$i":"accessibility-pushbutton","$v":"button"},{"$i":"accessibility-checkbutton","$v":"check button"},{"$i":"accessibility-radiobutton","$v":"radio button"},{"$i":"accessibility-combobox","$v":"combo box"},{"$i":"accessibility-progressbar","$v":"progress bar"},{"$i":"accessibility-slider","$v":"slider"},{"$i":"accessibility-spinbutton","$v":"spin button"},{"$i":"accessibility-diagram","$v":"diagram"},{"$i":"accessibility-animation","$v":"animation"},{"$i":"accessibility-equation","$v":"equation"},{"$i":"accessibility-buttonmenu","$v":"button menu"},{"$i":"accessibility-whitespace","$v":"white space"},{"$i":"accessibility-pagetablist","$v":"tab list"},{"$i":"accessibility-canvas","$v":"canvas"},{"$i":"accessibility-checkmenuitem","$v":"element menija s potrditvenimi polji"},{"$i":"accessibility-label","$v":"label"},{"$i":"accessibility-passwordtext","$v":"password text"},{"$i":"accessibility-radiomenuitem","$v":"element menija z izbirnimi gumbi"},{"$i":"accessibility-textcontainer","$v":"text container"},{"$i":"accessibility-togglebutton","$v":"toggle button"},{"$i":"accessibility-treetable","$v":"tree table"},{"$i":"accessibility-header","$v":"header"},{"$i":"accessibility-footer","$v":"footer"},{"$i":"accessibility-paragraph","$v":"paragraph"},{"$i":"accessibility-entry","$v":"entry"},{"$i":"accessibility-caption","$v":"caption"},{"$i":"accessibility-heading","$v":"heading"},{"$i":"accessibility-section","$v":"section"},{"$i":"accessibility-form","$v":"form"},{"$i":"accessibility-comboboxlist","$v":"combo box list"},{"$i":"accessibility-comboboxoption","$v":"combo box option"},{"$i":"accessibility-imagemap","$v":"image map"},{"$i":"accessibility-listboxoption","$v":"option"},{"$i":"accessibility-listbox","$v":"list box"},{"$i":"accessibility-flatequation","$v":"flat equation"},{"$i":"accessibility-gridcell","$v":"gridcell"},{"$i":"accessibility-note","$v":"note"},{"$i":"accessibility-figure","$v":"figure"},{"$i":"accessibility-definitionlist","$v":"definition list"},{"$i":"accessibility-term","$v":"term"},{"$i":"accessibility-definition","$v":"definition"},{"$i":"accessibility-textarea","$v":"text area"},{"$i":"accessibility-textInputType_date","$v":"date"},{"$i":"accessibility-textInputType_email","$v":"e-mail"},{"$i":"accessibility-textInputType_search","$v":"search"},{"$i":"accessibility-textInputType_tel","$v":"telephone"},{"$i":"accessibility-textInputType_url","$v":"URL"},{"$i":"accessibility-headingLevel","$v":["heading level ",{"t":"idOrVar","v":"0"}]},{"$i":"accessibility-listStart","$v":"First item"},{"$i":"accessibility-listEnd","$v":"Last item"},{"$i":"accessibility-listItemsCount","$v":{"few":[{"t":"idOrVar","v":"count"}," items"],"many":[{"t":"idOrVar","v":"count"}," items"],"one":[{"t":"idOrVar","v":"count"}," item"],"other":[{"t":"idOrVar","v":"count"}," items"],"two":[{"t":"idOrVar","v":"count"}," items"],"zero":[{"t":"idOrVar","v":"count"}," items"]},"$x":[{"t":"idOrVar","v":"plural"},"count"]},{"$i":"accessibility-objItemOfN","$v":[{"t":"idOrVar","v":"0"}," of ",{"t":"idOrVar","v":"1"}]},{"$i":"accessibility-banner","$v":"banner"},{"$i":"accessibility-complementary","$v":"complementary"},{"$i":"accessibility-contentinfo","$v":"content info"},{"$i":"accessibility-main","$v":"main"},{"$i":"accessibility-navigation","$v":"navigation"},{"$i":"accessibility-search","$v":"search"},{"$i":"accessibility-tblColumnInfo","$v":{"few":["with ",{"t":"idOrVar","v":"count"}," columns"],"many":["with ",{"t":"idOrVar","v":"count"}," columns"],"one":["with ",{"t":"idOrVar","v":"count"}," column"],"other":["with ",{"t":"idOrVar","v":"count"}," columns"],"two":["with ",{"t":"idOrVar","v":"count"}," columns"],"zero":["with ",{"t":"idOrVar","v":"count"}," columns"]},"$x":[{"t":"idOrVar","v":"plural"},"count"]},{"$i":"accessibility-tblRowInfo","$v":{"few":["and ",{"t":"idOrVar","v":"count"}," rows"],"many":["and ",{"t":"idOrVar","v":"count"}," rows"],"one":["and ",{"t":"idOrVar","v":"count"}," row"],"other":["and ",{"t":"idOrVar","v":"count"}," rows"],"two":["and ",{"t":"idOrVar","v":"count"}," rows"],"zero":["and ",{"t":"idOrVar","v":"count"}," rows"]},"$x":[{"t":"idOrVar","v":"plural"},"count"]},{"$i":"accessibility-columnInfo","$v":["Column ",{"t":"idOrVar","v":"0"}]},{"$i":"accessibility-rowInfo","$v":["Row ",{"t":"idOrVar","v":"0"}]},{"$i":"accessibility-spansColumns","$v":{"few":["spans ",{"t":"idOrVar","v":"0"}," columns"],"many":["spans ",{"t":"idOrVar","v":"0"}," columns"],"one":["spans ",{"t":"idOrVar","v":"0"}," column"],"other":["spans ",{"t":"idOrVar","v":"0"}," columns"],"two":["spans ",{"t":"idOrVar","v":"0"}," columns"],"zero":["spans ",{"t":"idOrVar","v":"0"}," columns"]},"$x":[{"t":"idOrVar","v":"plural"},"0"]},{"$i":"accessibility-spansRows","$v":{"few":["spans ",{"t":"idOrVar","v":"0"}," rows"],"many":["spans ",{"t":"idOrVar","v":"0"}," rows"],"one":["spans ",{"t":"idOrVar","v":"0"}," row"],"other":["spans ",{"t":"idOrVar","v":"0"}," rows"],"two":["spans ",{"t":"idOrVar","v":"0"}," rows"],"zero":["spans ",{"t":"idOrVar","v":"0"}," rows"]},"$x":[{"t":"idOrVar","v":"plural"},"0"]},{"$i":"accessibility-jumpAction","$v":"jumped"},{"$i":"accessibility-pressAction","$v":"pressed"},{"$i":"accessibility-checkAction","$v":"checked"},{"$i":"accessibility-uncheckAction","$v":"unchecked"},{"$i":"accessibility-selectAction","$v":"selected"},{"$i":"accessibility-unselectAction","$v":"unselected"},{"$i":"accessibility-openAction","$v":"opened"},{"$i":"accessibility-closeAction","$v":"closed"},{"$i":"accessibility-switchAction","$v":"switched"},{"$i":"accessibility-clickAction","$v":"clicked"},{"$i":"accessibility-collapseAction","$v":"collapsed"},{"$i":"accessibility-expandAction","$v":"expanded"},{"$i":"accessibility-activateAction","$v":"activated"},{"$i":"accessibility-cycleAction","$v":"cycled"},{"$i":"accessibility-hidden","$v":"hidden"},{"$i":"accessibility-tabLoading","$v":"loading"},{"$i":"accessibility-tabLoaded","$v":"loaded"},{"$i":"accessibility-tabNew","$v":"new tab"},{"$i":"accessibility-tabLoadStopped","$v":"loading stopped"},{"$i":"accessibility-tabReload","$v":"reloading"},{"$i":"accessibility-stateChecked","$v":"checked"},{"$i":"accessibility-stateNotChecked","$v":"not checked"},{"$i":"accessibility-statePressed","$v":"pressed"},{"$i":"accessibility-stateExpanded","$v":"expanded"},{"$i":"accessibility-stateCollapsed","$v":"collapsed"},{"$i":"accessibility-stateUnavailable","$v":"unavailable"},{"$i":"accessibility-stateRequired","$v":"required"},{"$i":"accessibility-stateTraversed","$v":"visited"},{"$i":"accessibility-stateHasPopup","$v":"has pop up"},{"$i":"accessibility-stateSelected","$v":"selected"},{"$i":"accessibility-editingMode","$v":"editing"},{"$i":"accessibility-navigationMode","$v":"navigating"},{"$i":"accessibility-quicknav_Simple","$v":"Default"},{"$i":"accessibility-quicknav_Anchor","$v":"Anchors"},{"$i":"accessibility-quicknav_Button","$v":"Buttons"},{"$i":"accessibility-quicknav_Combobox","$v":"Combo boxes"},{"$i":"accessibility-quicknav_Landmark","$v":"Landmarks"},{"$i":"accessibility-quicknav_Entry","$v":"Entries"},{"$i":"accessibility-quicknav_FormElement","$v":"Form elements"},{"$i":"accessibility-quicknav_Graphic","$v":"Images"},{"$i":"accessibility-quicknav_Heading","$v":"Headings"},{"$i":"accessibility-quicknav_ListItem","$v":"List items"},{"$i":"accessibility-quicknav_Link","$v":"Links"},{"$i":"accessibility-quicknav_List","$v":"Lists"},{"$i":"accessibility-quicknav_PageTab","$v":"Page tabs"},{"$i":"accessibility-quicknav_RadioButton","$v":"Radio buttons"},{"$i":"accessibility-quicknav_Separator","$v":"Separators"},{"$i":"accessibility-quicknav_Table","$v":"Tables"},{"$i":"accessibility-quicknav_Checkbox","$v":"Check boxes"},{"$i":"accessibility-menubarAbbr","$v":"menu bar"},{"$i":"accessibility-scrollbarAbbr","$v":"scroll bar"},{"$i":"accessibility-gripAbbr","$v":"grip"},{"$i":"accessibility-alertAbbr","$v":"alert"},{"$i":"accessibility-menupopupAbbr","$v":"menu popup"},{"$i":"accessibility-documentAbbr","$v":"document"},{"$i":"accessibility-paneAbbr","$v":"pane"},{"$i":"accessibility-dialogAbbr","$v":"dialogue"},{"$i":"accessibility-separatorAbbr","$v":"separator"},{"$i":"accessibility-toolbarAbbr","$v":"toolbar"},{"$i":"accessibility-statusbarAbbr","$v":"status bar"},{"$i":"accessibility-tableAbbr","$v":"tbl"},{"$i":"accessibility-columnheaderAbbr","$v":"column header"},{"$i":"accessibility-rowheaderAbbr","$v":"row header"},{"$i":"accessibility-columnAbbr","$v":"column"},{"$i":"accessibility-rowAbbr","$v":"row"},{"$i":"accessibility-cellAbbr","$v":"cell"},{"$i":"accessibility-linkAbbr","$v":"lnk"},{"$i":"accessibility-listAbbr","$v":"list"},{"$i":"accessibility-listitemAbbr","$v":"list item"},{"$i":"accessibility-outlineAbbr","$v":"outline"},{"$i":"accessibility-outlineitemAbbr","$v":"outline item"},{"$i":"accessibility-pagetabAbbr","$v":"tab"},{"$i":"accessibility-propertypageAbbr","$v":"property page"},{"$i":"accessibility-graphicAbbr","$v":"graphic"},{"$i":"accessibility-pushbuttonAbbr","$v":"btn"},{"$i":"accessibility-checkbuttonAbbr","$v":"check button"},{"$i":"accessibility-radiobuttonAbbr","$v":"radio button"},{"$i":"accessibility-comboboxAbbr","$v":"combo box"},{"$i":"accessibility-progressbarAbbr","$v":"progress bar"},{"$i":"accessibility-sliderAbbr","$v":"slider"},{"$i":"accessibility-spinbuttonAbbr","$v":"spin button"},{"$i":"accessibility-diagramAbbr","$v":"diagram"},{"$i":"accessibility-animationAbbr","$v":"animation"},{"$i":"accessibility-equationAbbr","$v":"equation"},{"$i":"accessibility-buttonmenuAbbr","$v":"button menu"},{"$i":"accessibility-whitespaceAbbr","$v":"white space"},{"$i":"accessibility-pagetablistAbbr","$v":"tab list"},{"$i":"accessibility-canvasAbbr","$v":"canvas"},{"$i":"accessibility-checkmenuitemAbbr","$v":"check menu item"},{"$i":"accessibility-labelAbbr","$v":"label"},{"$i":"accessibility-passwordtextAbbr","$v":"passwdtxt"},{"$i":"accessibility-radiomenuitemAbbr","$v":"radio menu item"},{"$i":"accessibility-textcontainerAbbr","$v":"text container"},{"$i":"accessibility-togglebuttonAbbr","$v":"toggle button"},{"$i":"accessibility-treetableAbbr","$v":"tree table"},{"$i":"accessibility-headerAbbr","$v":"header"},{"$i":"accessibility-footerAbbr","$v":"footer"},{"$i":"accessibility-paragraphAbbr","$v":"paragraph"},{"$i":"accessibility-entryAbbr","$v":"entry"},{"$i":"accessibility-captionAbbr","$v":"caption"},{"$i":"accessibility-headingAbbr","$v":"heading"},{"$i":"accessibility-sectionAbbr","$v":"section"},{"$i":"accessibility-formAbbr","$v":"form"},{"$i":"accessibility-comboboxlistAbbr","$v":"combo box list"},{"$i":"accessibility-comboboxoptionAbbr","$v":"combo box option"},{"$i":"accessibility-imagemapAbbr","$v":"imgmap"},{"$i":"accessibility-listboxoptionAbbr","$v":"option"},{"$i":"accessibility-listboxAbbr","$v":"list box"},{"$i":"accessibility-flatequationAbbr","$v":"flat equation"},{"$i":"accessibility-gridcellAbbr","$v":"gridcell"},{"$i":"accessibility-noteAbbr","$v":"note"},{"$i":"accessibility-figureAbbr","$v":"fig"},{"$i":"accessibility-definitionlistAbbr","$v":"definition list"},{"$i":"accessibility-termAbbr","$v":"term"},{"$i":"accessibility-definitionAbbr","$v":"definition"},{"$i":"accessibility-textareaAbbr","$v":"txtarea"},{"$i":"accessibility-tblColumnInfoAbbr","$v":{"few":[{"t":"idOrVar","v":"count"},"c"],"many":[{"t":"idOrVar","v":"count"},"c"],"one":[{"t":"idOrVar","v":"count"},"c"],"other":[{"t":"idOrVar","v":"count"},"c"],"two":[{"t":"idOrVar","v":"count"},"c"]},"$x":[{"t":"idOrVar","v":"plural"},"count"]},{"$i":"accessibility-tblRowInfoAbbr","$v":{"few":[{"t":"idOrVar","v":"count"},"r"],"many":[{"t":"idOrVar","v":"count"},"r"],"one":[{"t":"idOrVar","v":"count"},"r"],"other":[{"t":"idOrVar","v":"count"},"r"],"two":[{"t":"idOrVar","v":"count"},"r"]},"$x":[{"t":"idOrVar","v":"plural"},"count"]},{"$i":"accessibility-cellInfoAbbr","$v":["c",{"t":"idOrVar","v":"0"},"r",{"t":"idOrVar","v":"1"}]},{"$i":"accessibility-stateCheckedAbbr","$v":"(x)"},{"$i":"accessibility-stateUncheckedAbbr","$v":"( )"},{"$i":"accessibility-statePressedAbbr","$v":"(x)"},{"$i":"accessibility-stateUnpressedAbbr","$v":"( )"},{"$i":"accessibility-pushbutton-hint","$v":"Double tap to activate"},{"$i":"accessibility-checkbutton-hint","$v":"Double tap to activate"},{"$i":"accessibility-combobox-hint","$v":"Double tap to activate"},{"$i":"accessibility-key-hint","$v":"Tap and hold to activate"},{"$i":"accessibility-link-hint","$v":"Double tap to activate"},{"$i":"accessibility-menuitem-hint","$v":"Double tap to activate"},{"$i":"accessibility-option-hint","$v":"Double tap to activate"},{"$i":"accessibility-radiobutton-hint","$v":"Double tap to activate"},{"$i":"accessibility-slider-hint","$v":"Swipe up to increase or down to decrease"},{"$i":"accessibility-spinbutton-hint","$v":"Swipe up to increase or down to decrease"},{"$i":"accessibility-pagetab-hint","$v":"Double tap to activate"},{"$i":"accessibility-entry-hint","$v":"Double tap to activate"},{"$i":"accessibility-outlineitem-hint","$v":"Double tap to activate"},{"$i":"SoftLeft","$v":"Leva programska tipka"},{"$i":"Enter","$v":"Tipka »V redu«"},{"$i":"SoftRight","$v":"Desna programska tipka"},{"$i":"weekday-0-long","$v":"Nedelja"},{"$i":"weekday-1-long","$v":"Ponedeljek"},{"$i":"weekday-2-long","$v":"Torek"},{"$i":"weekday-3-long","$v":"Sreda"},{"$i":"weekday-4-long","$v":"Četrtek"},{"$i":"weekday-5-long","$v":"Petek"},{"$i":"weekday-6-long","$v":"Sobota"},{"$i":"weekday-0-short","$v":"ned"},{"$i":"weekday-1-short","$v":"pon"},{"$i":"weekday-2-short","$v":"tor"},{"$i":"weekday-3-short","$v":"sre"},{"$i":"weekday-4-short","$v":"čet"},{"$i":"weekday-5-short","$v":"pet"},{"$i":"weekday-6-short","$v":"sob"},{"$i":"month-0-long","$v":"januar"},{"$i":"month-1-long","$v":"februar"},{"$i":"month-2-long","$v":"marec"},{"$i":"month-3-long","$v":"april"},{"$i":"month-4-long","$v":"maj"},{"$i":"month-5-long","$v":"junij"},{"$i":"month-6-long","$v":"julij"},{"$i":"month-7-long","$v":"avgust"},{"$i":"month-8-long","$v":"september"},{"$i":"month-9-long","$v":"oktober"},{"$i":"month-10-long","$v":"november"},{"$i":"month-11-long","$v":"december"},{"$i":"month-0-genitive","$v":"januar"},{"$i":"month-1-genitive","$v":"februar"},{"$i":"month-2-genitive","$v":"marec"},{"$i":"month-3-genitive","$v":"april"},{"$i":"month-4-genitive","$v":"maj"},{"$i":"month-5-genitive","$v":"junij"},{"$i":"month-6-genitive","$v":"julij"},{"$i":"month-7-genitive","$v":"avgust"},{"$i":"month-8-genitive","$v":"september"},{"$i":"month-9-genitive","$v":"oktober"},{"$i":"month-10-genitive","$v":"november"},{"$i":"month-11-genitive","$v":"december"},{"$i":"month-0-short","$v":"jan"},{"$i":"month-1-short","$v":"feb"},{"$i":"month-2-short","$v":"mar"},{"$i":"month-3-short","$v":"apr"},{"$i":"month-4-short","$v":"maj"},{"$i":"month-5-short","$v":"jun"},{"$i":"month-6-short","$v":"jul"},{"$i":"month-7-short","$v":"avg"},{"$i":"month-8-short","$v":"sep"},{"$i":"month-9-short","$v":"okt"},{"$i":"month-10-short","$v":"nov"},{"$i":"month-11-short","$v":"dec"},{"$i":"minutes-ago-long","$v":{"few":["pred ",{"t":"idOrVar","v":"value"}," minutami"],"many":["pred ",{"t":"idOrVar","v":"value"}," minutami"],"one":"pred minuto","other":["pred ",{"t":"idOrVar","v":"value"}," minutami"],"two":["pred ",{"t":"idOrVar","v":"value"}," minutama"],"zero":"pravkar"},"$x":[{"t":"idOrVar","v":"plural"},"value"]},{"$i":"hours-ago-long","$v":{"few":["pred ",{"t":"idOrVar","v":"value"}," urami"],"many":["pred ",{"t":"idOrVar","v":"value"}," urami"],"one":"pred 1 uro","other":["pred ",{"t":"idOrVar","v":"value"}," urami"],"two":["pred ",{"t":"idOrVar","v":"value"}," urama"],"zero":"pravkar"},"$x":[{"t":"idOrVar","v":"plural"},"value"]},{"$i":"days-ago-long","$v":{"few":["pred ",{"t":"idOrVar","v":"value"}," dnevi"],"many":["pred ",{"t":"idOrVar","v":"value"}," dnevi"],"one":"včeraj","other":["pred ",{"t":"idOrVar","v":"value"}," dnevi"],"two":["pred ",{"t":"idOrVar","v":"value"}," dnevoma"],"zero":"danes"},"$x":[{"t":"idOrVar","v":"plural"},"value"]},{"$i":"weeks-ago-long","$v":{"few":["pred ",{"t":"idOrVar","v":"value"}," tedni"],"many":["pred ",{"t":"idOrVar","v":"value"}," tedni"],"one":"prejšnji teden","other":["pred ",{"t":"idOrVar","v":"value"}," tedni"],"two":["pred ",{"t":"idOrVar","v":"value"}," tednoma"],"zero":"ta teden"},"$x":[{"t":"idOrVar","v":"plural"},"value"]},{"$i":"months-ago-long","$v":{"few":["pred ",{"t":"idOrVar","v":"value"}," meseci"],"many":["pred ",{"t":"idOrVar","v":"value"}," meseci"],"one":"prejšnji mesec","other":["pred ",{"t":"idOrVar","v":"value"}," meseci"],"two":["pred ",{"t":"idOrVar","v":"value"}," mesecema"],"zero":"ta mesec"},"$x":[{"t":"idOrVar","v":"plural"},"value"]},{"$i":"years-ago-long","$v":{"few":["pred ",{"t":"idOrVar","v":"value"}," leti"],"many":["pred ",{"t":"idOrVar","v":"value"}," leti"],"one":"prejšnje leto","other":["pred ",{"t":"idOrVar","v":"value"}," leti"],"two":["pred ",{"t":"idOrVar","v":"value"}," letoma"],"zero":"to leto"},"$x":[{"t":"idOrVar","v":"plural"},"value"]},{"$i":"minutes-until-long","$v":{"few":["čez ",{"t":"idOrVar","v":"value"}," minute"],"many":["čez ",{"t":"idOrVar","v":"value"}," minut"],"one":"čez minuto","other":["čez ",{"t":"idOrVar","v":"value"}," minut"],"two":["čez ",{"t":"idOrVar","v":"value"}," minuti"],"zero":"zdaj"},"$x":[{"t":"idOrVar","v":"plural"},"value"]},{"$i":"hours-until-long","$v":{"few":["čez ",{"t":"idOrVar","v":"value"}," ure"],"many":["čez ",{"t":"idOrVar","v":"value"}," ur"],"one":"čez eno uro","other":["čez ",{"t":"idOrVar","v":"value"}," ur"],"two":["čez ",{"t":"idOrVar","v":"value"}," uri"],"zero":"zdaj"},"$x":[{"t":"idOrVar","v":"plural"},"value"]},{"$i":"days-until-long","$v":{"few":["čez ",{"t":"idOrVar","v":"value"}," dni"],"many":["čez ",{"t":"idOrVar","v":"value"}," dni"],"one":"jutri","other":["čez ",{"t":"idOrVar","v":"value"}," dni"],"two":["čez ",{"t":"idOrVar","v":"value"}," dni"],"zero":"danes"},"$x":[{"t":"idOrVar","v":"plural"},"value"]},{"$i":"weeks-until-long","$v":{"few":["čez ",{"t":"idOrVar","v":"value"}," tedne"],"many":["čez ",{"t":"idOrVar","v":"value"}," tednov"],"one":"naslednji teden","other":["čez ",{"t":"idOrVar","v":"value"}," tednov"],"two":["čez ",{"t":"idOrVar","v":"value"}," tedna"],"zero":"ta teden"},"$x":[{"t":"idOrVar","v":"plural"},"value"]},{"$i":"months-until-long","$v":{"few":["čez ",{"t":"idOrVar","v":"value"}," mesece"],"many":["čez ",{"t":"idOrVar","v":"value"}," mesecev"],"one":"naslednji mesec","other":["čez ",{"t":"idOrVar","v":"value"}," mesecev"],"two":["čez ",{"t":"idOrVar","v":"value"}," meseca"],"zero":"ta mesec"},"$x":[{"t":"idOrVar","v":"plural"},"value"]},{"$i":"years-until-long","$v":{"few":["čez ",{"t":"idOrVar","v":"value"}," leta"],"many":["čez ",{"t":"idOrVar","v":"value"}," let"],"one":"naslednje leto","other":["čez ",{"t":"idOrVar","v":"value"}," let"],"two":["čez ",{"t":"idOrVar","v":"value"}," leti"],"zero":"to leto"},"$x":[{"t":"idOrVar","v":"plural"},"value"]},{"$i":"minutes-ago-short","$v":{"other":["Pred ",{"t":"idOrVar","v":"value"}," m"],"zero":"pravkar"},"$x":[{"t":"idOrVar","v":"plural"},"value"]},{"$i":"hours-ago-short","$v":{"other":["pred ",{"t":"idOrVar","v":"value"}," h"],"zero":"pravkar"},"$x":[{"t":"idOrVar","v":"plural"},"value"]},{"$i":"days-ago-short","$v":{"other":["pred ",{"t":"idOrVar","v":"value"}," d"],"zero":"danes"},"$x":[{"t":"idOrVar","v":"plural"},"value"]},{"$i":"minutes-until-short","$v":{"other":["čez ",{"t":"idOrVar","v":"value"}," m"],"zero":"zdaj"},"$x":[{"t":"idOrVar","v":"plural"},"value"]},{"$i":"hours-until-short","$v":{"other":["čez ",{"t":"idOrVar","v":"value"}," h"],"zero":"zdaj"},"$x":[{"t":"idOrVar","v":"plural"},"value"]},{"$i":"days-until-short","$v":{"other":["čez ",{"t":"idOrVar","v":"value"}," d"],"zero":"danes"},"$x":[{"t":"idOrVar","v":"plural"},"value"]},{"$i":"incorrectDate","$v":"(nepravilen datum)"},{"$i":"dateTimeFormat_%c","$v":"%a %b %e %Y %I.%M.%S %p"},{"$i":"dateTimeFormat_%x","$v":"%m/%d/%Y"},{"$i":"dateTimeFormat_%X","$v":"%I:%M:%S %p"},{"$i":"shortTimeFormat","$v":"%I.%M %p"},{"$i":"shortTimeFormat12","$v":"%I.%M %p"},{"$i":"shortTimeFormat24","$v":"%H.%M"},{"$i":"shortDateTimeFormat","$v":"%x %I.%M %p"},{"$i":"weekStartsOnMonday","$v":"0.0"},{"$i":"firstDayOfTheWeek","$v":"1.0"},{"$i":"time_am","$v":"dop."},{"$i":"time_pm","$v":"pop."},{"$i":"title-app","$v":"Dovoljenje aplikacije"},{"$i":"title-web","$v":"Dovoljenje spl. mesta"},{"$i":"title-cam","$v":"Izbira kamere"},{"$i":"perm-alarms","$v":"Nastavi alarme"},{"$i":"perm-audio-capture","$v":"Mikrofon"},{"$i":"perm-audio-capture-appRequest","$v":["Želite dati mikrofon v skupno rabo z aplikacijo ",{"t":"idOrVar","v":"app"},"?"]},{"$i":"perm-audio-capture-webRequest","$v":["Želite dati mikrofon v skupno rabo s spletnim mestom ",{"t":"idOrVar","v":"site"},"?"]},{"$i":"perm-audio-channel-content","$v":"Predvajaj zvoke"},{"$i":"perm-audio-channel-notification","$v":"Predvajaj zvoke obvestil"},{"$i":"perm-audio-channel-ringer","$v":"Play Ringtone Sounds"},{"$i":"perm-background-sensors","$v":"Dostop do podatkov tipal"},{"$i":"perm-bluetooth","$v":"Bluetooth"},{"$i":"perm-browser","$v":"Pregled spletnih strani"},{"$i":"perm-camera","$v":"Kameri"},{"$i":"perm-camera-selector-appRequest","$v":["Izberite kamero za: ",{"t":"idOrVar","v":"app"},"."]},{"$i":"perm-camera-selector-webRequest","$v":["Izberite kamero za: ",{"t":"idOrVar","v":"site"},"."]},{"$i":"perm-camera-appRequest","$v":["Aplikacija ",{"t":"idOrVar","v":"app"}," želi uporabljati kamero."]},{"$i":"perm-camera-webRequest","$v":["Aplikacija ",{"t":"idOrVar","v":"site"}," želi uporabljati kamero."]},{"$i":"perm-cellbroadcast","$v":"Oddaje v celici"},{"$i":"perm-contacts","$v":"Stiki"},{"$i":"perm-contacts-appRequest","$v":["Aplikacija ",{"t":"idOrVar","v":"app"}," želi dostopati do seznama stikov."]},{"$i":"perm-contacts-webRequest","$v":["Aplikacija ",{"t":"idOrVar","v":"site"}," želi dostopati do seznama stikov."]},{"$i":"perm-desktop-notification","$v":"Obvestila"},{"$i":"perm-desktop-notification-appRequest","$v":["Aplikacija ",{"t":"idOrVar","v":"app"}," želi prikazovati obvestila."]},{"$i":"perm-desktop-notification-webRequest","$v":["Aplikacija ",{"t":"idOrVar","v":"site"}," želi prikazovati obvestila."]},{"$i":"perm-device-storage-apps","$v":"Shramba za aplikacije"},{"$i":"perm-device-storage-music","$v":"Shramba za glasbo"},{"$i":"perm-device-storage-music-appRequest","$v":["Aplikacija ",{"t":"idOrVar","v":"app"}," želi dostopati do glasbe."]},{"$i":"perm-device-storage-music-webRequest","$v":["Aplikacija ",{"t":"idOrVar","v":"site"}," želi dostopati do glasbe."]},{"$i":"perm-device-storage-pictures","$v":"Shramba za slike"},{"$i":"perm-device-storage-pictures-appRequest","$v":["Aplikacija ",{"t":"idOrVar","v":"app"}," želi dostopati do slik."]},{"$i":"perm-device-storage-pictures-webRequest","$v":["Aplikacija ",{"t":"idOrVar","v":"site"}," želi dostopati do slik."]},{"$i":"perm-device-storage-sdcard","$v":"Shramba na pomnilniški kartici"},{"$i":"perm-device-storage-sdcard-appRequest","$v":["Aplikacija ",{"t":"idOrVar","v":"app"}," želi dostopati do pomnilniške kartice."]},{"$i":"perm-device-storage-sdcard-webRequest","$v":["Aplikacija ",{"t":"idOrVar","v":"site"}," želi dostopati do pomnilniške kartice."]},{"$i":"perm-device-storage-videos","$v":"Shramba za video"},{"$i":"perm-device-storage-videos-appRequest","$v":["Aplikacija ",{"t":"idOrVar","v":"app"}," želi dostopati do videov."]},{"$i":"perm-device-storage-videos-webRequest","$v":["Aplikacija ",{"t":"idOrVar","v":"site"}," želi dostopati do videov."]},{"$i":"perm-fullscreen-appRequest","$v":["Aplikacija ",{"t":"idOrVar","v":"app"}," je zdaj celozaslonsk."]},{"$i":"perm-fullscreen-webRequest","$v":["Aplikacija ",{"t":"idOrVar","v":"site"}," je zdaj celozaslonsk."]},{"$i":"perm-embed-apps","$v":"Vdelaj aplikacije"},{"$i":"perm-fmradio","$v":"FM-radio"},{"$i":"perm-fmradio-appRequest","$v":["Aplikacija ",{"t":"idOrVar","v":"app"}," želi uporabljati FM-radio."]},{"$i":"perm-fmradio-webRequest","$v":["Aplikacija ",{"t":"idOrVar","v":"site"}," želi uporabljati FM-radio."]},{"$i":"perm-geolocation","$v":"Geolokacija"},{"$i":"perm-geolocation-appRequest","$v":["Aplikacija ",{"t":"idOrVar","v":"app"}," želi izvedeti vašo lokacijo."]},{"$i":"perm-geolocation-more-info","$v":[{"t":"idOrVar","v":"brandShortName"}," uporablja GPS in dodatne vire informacij, kot so omrežja Wi-Fi in mobilna omrežja, da ugotovi vašo približno lokacijo. Podatke o lokaciji lahko ",{"t":"idOrVar","v":"brandShortName"}," in ponudniki storitev uporabljajo za izboljšanje natančnosti in pokritosti podatkovnih zbirk lokacij. ",{"t":"idOrVar","v":"brandShortName"}," vedno vpraša za dovoljenje, ko aplikacija potrebuje dostop do lokacije naprave."]},{"$i":"perm-geolocation-webRequest","$v":["Aplikacija ",{"t":"idOrVar","v":"site"}," želi izvedeti vašo lokacijo."]},{"$i":"perm-idle","$v":"Prikaz stanja nedejav."},{"$i":"perm-indexedDB-chrome-settings","$v":"Prednostni IndexedDB"},{"$i":"perm-indexedDB-unlimited","$v":"Neomejena shramba za IndexedDB"},{"$i":"perm-input-manage","$v":"Upravljaj tipkovnice"},{"$i":"perm-input","$v":"Delovanje kot tipkovnica"},{"$i":"perm-media-capture","$v":"Kamera in mikrofon"},{"$i":"perm-media-capture-appRequest","$v":["Želite dati kamero in mikrofon v skupno rabo z aplikacijo ",{"t":"idOrVar","v":"app"},"?"]},{"$i":"perm-media-capture-webRequest","$v":["Želite dati kamero in mikrofon v skupno rabo s spletnim mestom ",{"t":"idOrVar","v":"site"},"?"]},{"$i":"perm-mobileconnection","$v":"Mobilna povezava"},{"$i":"perm-mobileid","$v":"Mobilna identiteta"},{"$i":"perm-network-events","$v":"Omrežni dogodki"},{"$i":"perm-open-remote-window","$v":"Zagon aplikacije"},{"$i":"perm-permissions","$v":"Spremeni dovoljenja aplikacij"},{"$i":"perm-power","$v":"Nastavitve napajanja"},{"$i":"perm-settings","$v":"Spremeni nastavitve"},{"$i":"perm-systemXHR","$v":"Zahteve za zunanji vir"},{"$i":"perm-telephony","$v":"Telefonija"},{"$i":"perm-video-capture","$v":"Kamera"},{"$i":"perm-video-capture-appRequest","$v":["Želite dati kamero v skupno rabo z aplikacijo ",{"t":"idOrVar","v":"app"},"?"]},{"$i":"perm-video-capture-webRequest","$v":["Želite dati kamero v skupno rabo s spletnim mestom ",{"t":"idOrVar","v":"site"},"?"]},{"$i":"perm-voicemail","$v":"Nadzor glasovne pošte"},{"$i":"perm-webapps-manage","$v":"Namestitev spletnih programov"},{"$i":"perm-wifi-manage","$v":"Upravljaj Wi-Fi"},{"$i":"perm-attention","$v":"Odpri prekrivna pojavna okna"},{"$i":"perm-audio-channel-alarm","$v":"Predvajaj zvoke alarmov"},{"$i":"perm-audio-channel-normal","$v":"Predvajaj zvoke"},{"$i":"perm-audio-channel-publicnotification","$v":"Predv. zvoke jav. obvest."},{"$i":"perm-audio-channel-telephony","$v":"Predvajaj zvoke telefonije"},{"$i":"perm-backgroundservice","$v":"Delovanje kot storitev v ozadju"},{"$i":"perm-device-storage-crashes","$v":"Shramba podatkov o zrušitvah"},{"$i":"perm-downloads","$v":"Dostop do prenosov"},{"$i":"perm-embed-widgets","$v":"Vdelaj gradnike"},{"$i":"perm-feature-detection","$v":"Zaznavanje funkcije"},{"$i":"perm-firefox-accounts","$v":"Računi za Firefox"},{"$i":"perm-mobilenetwork","$v":"Mobilno omrežje"},{"$i":"perm-moz-attention","$v":"Odpri prekrivna pojavna okna (moz)"},{"$i":"perm-moz-audio-channel-ringer","$v":"Play Ringtone Sounds (moz)"},{"$i":"perm-moz-audio-channel-telephony","$v":"Predv. zvoke telefon. (moz)"},{"$i":"perm-moz-firefox-accounts","$v":"Računi za Firefox (moz)"},{"$i":"perm-networkstats-manage","$v":"Nadzor statističnih podatkov o uporabi"},{"$i":"perm-nfc","$v":"NFC"},{"$i":"perm-nfc-hci-events","$v":"Dogodki NFC HCI"},{"$i":"perm-nfc-manager","$v":"Upravljaj NFC"},{"$i":"perm-phonenumberservice","$v":"Storitev telefonske številke"},{"$i":"perm-push","$v":"API za potisk"},{"$i":"perm-resourcestats-manage","$v":"Statistični podatki o virih"},{"$i":"perm-sms","$v":"Pošiljanje in branje SMS-ov"},{"$i":"perm-speaker-control","$v":"Nadzor glasnosti"},{"$i":"perm-storage","$v":"Dostop do shrambe"},{"$i":"perm-tcp-socket","$v":"Vtičnice TCP"},{"$i":"perm-test-permission","$v":"Test Permission"},{"$i":"perm-time","$v":"Nastavitev datuma in ure"},{"$i":"perm-udp-socket","$v":"Vtičnice UDP"},{"$i":"perm-wappush","$v":"Potisna sporočila WAP"},{"$i":"stopped_download_title","$v":"Prenos se je ustavil"},{"$i":"kai-stopped_download_message","$v":"This download was stopped. Would you like to resume downloading?"},{"$i":"stopped_download_left_button","$v":"Prekliči"},{"$i":"stopped_download_right_button","$v":"Poskusite znova"},{"$i":"failed_download_title","$v":"Prenos ni uspel"},{"$i":"failed_download_message","$v":["Prenos ",{"t":"idOrVar","v":"name"}," ni uspel. Želite poskusiti prenesti znova?"]},{"$i":"failed_download_left_button","$v":"Prekliči"},{"$i":"failed_download_right_button","$v":"Poskusite znova"},{"$i":"stop_download_title","$v":"Ustavi prenos"},{"$i":"stop_download_message","$v":"Ali ste prepričani, da želite ustaviti prenos?"},{"$i":"stop_download_left_button","$v":"Prekliči"},{"$i":"stop_download_right_button","$v":"Ustavi"},{"$i":"delete_download_title","$v":"Izbriši"},{"$i":"delete_download_message","$v":["Želite izbrisati »",{"t":"idOrVar","v":"name"},"«?"]},{"$i":"delete_download_left_button","$v":"Prekliči"},{"$i":"delete_download_right_button","$v":"Izbriši"},{"$i":"delete_all_download_title","$v":"Izbriši"},{"$i":"delete_all_download_left_button","$v":"Prekliči"},{"$i":"delete_all_download_right_button","$v":"Izbriši"},{"$i":"delete_all_download_message_ext","$v":"Ali želite izbrisati izbrane datoteke?"},{"$i":"delete_all_download_message","$v":{"few":["Želite izbrisati ",{"t":"idOrVar","v":"number"}," datoteke?"],"many":["Želite izbrisati ",{"t":"idOrVar","v":"number"}," datotek?"],"one":"Želite izbrisati eno datoteko?","other":["Želite izbrisati ",{"t":"idOrVar","v":"number"}," datotek?"],"two":["Želite izbrisati ",{"t":"idOrVar","v":"number"}," datoteki?"],"zero":"Ne želite izbrisati nobene datoteke?"},"$x":[{"t":"idOrVar","v":"plural"},"number"]},{"$i":"unsupported_file_type_download_title","$v":"Ni mogoče odpreti"},{"$i":"unsupported_file_type_download_message","$v":["Nobena aplikacija ne more odpreti datoteke ",{"t":"idOrVar","v":"name"},". Želite datoteko shraniti ali izbrisati?"]},{"$i":"unsupported_file_type_download_left_button","$v":"Ohrani datoteko"},{"$i":"unsupported_file_type_download_right_button","$v":"Izbriši"},{"$i":"file_not_found_download_title","$v":"Datoteke ni bilo mogoče najti"},{"$i":"file_not_found_download_message","$v":"Datoteke ni bilo mogoče najti v napravi"},{"$i":"file_not_found_download_right_button","$v":"V redu"},{"$i":"unmounted_sdcard_2_download_title","$v":"Pomnilniška kartica je v uporabi"},{"$i":"unmounted_sdcard_2_download_message","$v":"Odklopite telefon"},{"$i":"unmounted_sdcard_2_download_right_button","$v":"V redu"},{"$i":"no_provider_download_title","$v":"Ni mogoče odpreti"},{"$i":"no_provider_download_message","$v":"Ta oblika zapisa datoteke je neveljavna ali ni podprta."},{"$i":"no_provider_download_right_button","$v":"V redu"},{"$i":"no_memory_download_title","$v":"Kartica SD je polna"},{"$i":"no_memory_download_message","$v":"Na kartici SD ni več prostora za shranjevanje prenesene vsebine. Preden znova začnete prenos, odstranite nekaj datotek."},{"$i":"no_memory_download_right_button","$v":"V redu"},{"$i":"no_sdcard_found_2_download_title","$v":"Pomnilniške kartice ni bilo mogoče najti"},{"$i":"no_sdcard_found_2_download_message","$v":"Vstavite pomnilniško kartico ali v nastavitvah izberite drugo privzeto lokacijo za predstavnost"},{"$i":"no_sdcard_found_2_download_right_button","$v":"V redu"},{"$i":"file_open_error_download_title","$v":"Potrditev"},{"$i":"file_open_error_download_message","$v":"Oblika zapisa datoteke je neveljavna ali nepodprta. Želite izbrisati datoteko?"},{"$i":"file_open_error_download_left_button","$v":"Ohrani datoteko"},{"$i":"file_open_error_download_right_button","$v":"Izbriši"},{"$i":"restart_download_error","$v":"Med vnovičnim začenjanjem prenosa je prišlo do napake. Poskusite ponoviti prenos."},{"$i":"no-downloads","$v":"Ni prenosov"},{"$i":"percentage","$v":[{"t":"idOrVar","v":"percentage"}," %"]},{"$i":"partialResult","$v":[{"t":"idOrVar","v":"partial"},"/",{"t":"idOrVar","v":"total"}]},{"$i":"summary","$v":[{"t":"idOrVar","v":"date"}," – ",{"t":"idOrVar","v":"status"}]},{"$i":"download-stopped","$v":"Ustavljeno"},{"$i":"download-failed","$v":"Prenos ni uspel"},{"$i":"open_downloaded_file","$v":"Odpri"},{"$i":"share_downloaded_file","$v":"Deli"},{"$i":"wallpaper_downloaded_file","$v":"Nastavi za ozadje"},{"$i":"ringtone_downloaded_file","$v":"Nastavi za ton zvonjenja"},{"$i":"cancel_downloaded_file","$v":"Prekliči"},{"$i":"voicemailNoNumberTitle","$v":"Številka predala za glasovno pošto ni na voljo"},{"$i":"voicemailNoNumberText","$v":"Klic v predal za glasovno pošto ni mogoč. Če želite opraviti klic, nastavite številko za glasovno pošto."},{"$i":"voicemailNoNumberSettings","$v":"Nastavitve"},{"$i":"voicemailNoNumberCancel","$v":"Prekliči"},{"$i":"airplaneMode","$v":"Način za letalo"},{"$i":"noNetwork","$v":"Ni omrežja"},{"$i":"roaming","$v":[{"t":"idOrVar","v":"operator"}," (gostovanje)"]},{"$i":"operator-info","$v":[{"t":"idOrVar","v":"carrier"}," ",{"t":"idOrVar","v":"region"}]},{"$i":"emergencyCallsOnly","$v":"Samo klici v sili"},{"$i":"emergencyCallsOnly-unknownSIMState","$v":"(neznano stanje kartice SIM)"},{"$i":"emergencyCallsOnly-noSIM","$v":"(ni kartice SIM)"},{"$i":"emergencyCallsOnly-pinRequired","$v":"(zahtevan je PIN za SIM)"},{"$i":"emergencyCallsOnly-pukRequired","$v":"(zahtevan je PUK za SIM)"},{"$i":"emergencyCallsOnly-networkLocked","$v":"(omrežje zaklenjeno)"},{"$i":"emergencyCallsOnly-serviceProviderLocked","$v":"(zaklenil ponudnik storitev)"},{"$i":"emergencyCallsOnly-corporateLocked","$v":"(zaklenilo podjetje)"},{"$i":"emergencyCallsOnly-network1Locked","$v":"(omrežje1 zaklenjeno)"},{"$i":"emergencyCallsOnly-network2Locked","$v":"(omrežje2 zaklenjeno)"},{"$i":"emergencyCallsOnly-hrpdNetworkLocked","$v":"(omrežje hrpd zaklenjeno)"},{"$i":"emergencyCallsOnly-ruimCorporateLocked","$v":"(ruim zaklenilo podjetje)"},{"$i":"emergencyCallsOnly-ruimServiceProviderLocked","$v":"(ruim zaklenil ponudnik storitev)"},{"$i":"lockscreen-sim-id","$v":["SIM ",{"t":"idOrVar","v":"n"}]},{"$i":"charging-no-time","$v":[{"t":"idOrVar","v":"level"}," % napolnjeno"]},{"$i":"charging-minutes","$v":{"few":[{"t":"idOrVar","v":"level"}," % napolnjeno (",{"t":"idOrVar","v":"minutes"}," min do polne napolnjenosti)"],"many":[{"t":"idOrVar","v":"level"}," % napolnjeno (",{"t":"idOrVar","v":"minutes"}," min do polne napolnjenosti)"],"one":[{"t":"idOrVar","v":"level"}," % napolnjeno (",{"t":"idOrVar","v":"minutes"}," min do polne napolnjenosti)"],"other":[{"t":"idOrVar","v":"level"}," % napolnjeno (",{"t":"idOrVar","v":"minutes"}," min do polne napolnjenosti)"],"two":[{"t":"idOrVar","v":"level"}," % napolnjeno (",{"t":"idOrVar","v":"minutes"}," min do polne napolnjenosti)"],"zero":[{"t":"idOrVar","v":"level"}," % napolnjeno (",{"t":"idOrVar","v":"minutes"}," min do polne napolnjenosti)"]},"$x":[{"t":"idOrVar","v":"plural"},"minutes"]},{"$i":"charging-hours","$v":{"few":[{"t":"idOrVar","v":"level"}," % napolnjeno (",{"t":"idOrVar","v":"hours"}," h ",{"t":"idOrVar","v":"minutes"}," min do polne napolnjenosti)"],"many":[{"t":"idOrVar","v":"level"}," % napolnjeno (",{"t":"idOrVar","v":"hours"}," h ",{"t":"idOrVar","v":"minutes"}," min do polne napolnjenosti)"],"one":[{"t":"idOrVar","v":"level"}," % napolnjeno (",{"t":"idOrVar","v":"hours"}," h ",{"t":"idOrVar","v":"minutes"}," min do polne napolnjenosti)"],"other":[{"t":"idOrVar","v":"level"}," % napolnjeno (",{"t":"idOrVar","v":"hours"}," h ",{"t":"idOrVar","v":"minutes"}," min do polne napolnjenosti)"],"two":[{"t":"idOrVar","v":"level"}," % napolnjeno (",{"t":"idOrVar","v":"hours"}," h ",{"t":"idOrVar","v":"minutes"}," min do polne napolnjenosti)"],"zero":[{"t":"idOrVar","v":"level"}," % napolnjeno (",{"t":"idOrVar","v":"hours"}," h ",{"t":"idOrVar","v":"minutes"}," min do polne napolnjenosti)"]},"$x":[{"t":"idOrVar","v":"plural"},"minutes"]}]