[{"$i":"ok","$v":"SAWA"},{"$i":"back","$v":"Nyuma"},{"$i":"help","$v":"Msaada"},{"$i":"cancel","$v":"Ghairi"},{"$i":"close","$v":"Funga"},{"$i":"skip","$v":"Ruka"},{"$i":"enable","$v":"Wezesha"},{"$i":"turnOn","$v":"Washa"},{"$i":"save","$v":"Hifadhi"},{"$i":"select","$v":"Chagua"},{"$i":"deselect","$v":"Tengua uteuzi"},{"$i":"go","$v":"Nenda"},{"$i":"search","$v":"Tafuta"},{"$i":"options","$v":"Chaguo"},{"$i":"exit","$v":"Toka"},{"$i":"signIn","$v":"Ingia"},{"$i":"dismiss","$v":"Ondoa"},{"$i":"dismiss-all","$v":"Puuza zote"},{"$i":"undo","ariaLabel":"Tendua"},{"$i":"lockscreenEnterLockCode","$v":"Tafadhali ingiza msimbo wa tarakimu 4"},{"$i":"lockscreenCheckLockCode","$v":"Msimbo sio sahihi. Tafadhali jaribu tena."},{"$i":"lockscreenDeviceLocked","$v":"Kifaa ni imefungwa, jaribu tena baada ya sekunde 30."},{"$i":"pocketmodeLongPress","$v":"Slaidi au bonyeza"},{"$i":"pocketmodeToUnlock","$v":"ili ufungue"},{"$i":"enterPIN","$v":"Ingiza msimbo wa tarakimu 6 ili ufungue"},{"$i":"mediaPlaybackTrack","$v":"Kichwa cha wimbo na msanii"},{"$i":"mediaPlaybackControls","$v":"Vidhibiti vya kucheza"},{"$i":"mediaPlaybackPrevious","$v":"Awali"},{"$i":"mediaPlaybackPlay","$v":"Cheza"},{"$i":"mediaPlaybackPause","$v":"Simamisha"},{"$i":"mediaPlaybackNext","$v":"Inayofuata"},{"$i":"UnknownTrack","$v":"Wimbo haujulikani"},{"$i":"wifiButton-on","$v":"Wi-Fi imewashwa"},{"$i":"wifiButton-on-initializing","$v":"Wi-Fi imewashwa, inaanzilisha"},{"$i":"wifiButton-off","$v":"Wi-Fi imezimwa"},{"$i":"dataButton-on","$v":["Data ",{"t":"idOrVar","v":"type"}," imewashwa"]},{"$i":"dataButton-off","$v":["Data ",{"t":"idOrVar","v":"type"}," imezimwa"]},{"$i":"bluetoothButton-on","$v":"Bluetooth imewashwa"},{"$i":"bluetoothButton-on-initializing","$v":"Bluetooth imewashwa, inaanzilishwa"},{"$i":"bluetoothButton-off","$v":"Bluetooth imezimwa"},{"$i":"airplaneMode-on","$v":"Modi ya ndege imewashwa"},{"$i":"airplaneMode-off","$v":"Modi ya ndege imezimwa"},{"$i":"airplaneOff","$v":"Zima modi ya ndege"},{"$i":"settingsButton","ariaLabel":"Mipangilio"},{"$i":"simLabel","$v":["SIM ",{"t":"idOrVar","v":"id"}]},{"$i":"statusbarLabel","$v":[{"t":"idOrVar","v":"date"},", ",{"t":"idOrVar","v":"operator"}]},{"$i":"statusbarDateFormat","$v":"%b %e"},{"$i":"statusbar","ariaLabel":"Mwambaa wa Hali"},{"$i":"statusbarBattery","ariaLabel":["Nishati ya betri ni asilimia ",{"t":"idOrVar","v":"level"}]},{"$i":"statusbarBatteryCharging","ariaLabel":["Nishati ya betri ni asilimia ",{"t":"idOrVar","v":"level"},", linachaji"]},{"$i":"statusbarFlightMode","ariaLabel":"Modi ya ndege imewashwa"},{"$i":"statusbarWiFiConnecting","$v":"Wi-Fi: inaunganishwa"},{"$i":"statusbarWiFiConnected","$v":["Wi-Fi: ",{"t":"idOrVar","v":"level"}," kati ya miambaa 4"]},{"$i":"statusbarSignal","$v":["Mtandao wa ",{"t":"idOrVar","v":"operator"},", ",{"t":"idOrVar","v":"level"}," katiya miambaa 5"]},{"$i":"statusbarSignalRoaming","$v":["Mtandao wa ",{"t":"idOrVar","v":"operator"}," (utambizi), ",{"t":"idOrVar","v":"level"}," kati ya miambaa 5"]},{"$i":"statusbarSignalNoneSearching","$v":"Inatafuta... Simu za dharura peke yake"},{"$i":"statusbarHeadphones","ariaLabel":"Vipokea sauti vimewashwa"},{"$i":"statusbarBluetoothHeadphones","ariaLabel":"Vipokea sauti vya Bluetooth vimewashwa"},{"$i":"statusbarBluetoothTransferring","ariaLabel":"Uhamishaji wa Bluetooth umeamilishwa"},{"$i":"statusbarIconOn-tethering","$v":"Kuunganisha kumewashwa"},{"$i":"statusbarIconOnActive-tethering","$v":"Kuunganisha kumewashwa, kumeamilishwa"},{"$i":"statusbarAlarm","ariaLabel":"King'ora kimewashwa"},{"$i":"statusbarIME","ariaLabel":"IME imewashwa"},{"$i":"statusbarIconOn-bluetooth","$v":"Bluetooth imewashwa"},{"$i":"statusbarIconOnActive-bluetooth","$v":"Bluetooth imewashwa, imeamilishwa"},{"$i":"statusbarIconOn-mute","$v":"Kunyamazisha kumewashwa"},{"$i":"statusbarIconOn-vibration","$v":"Mtetemeko umewashwa"},{"$i":"statusbarRecording","ariaLabel":"Kurekodi kumewashwa"},{"$i":"statusbarGeolocation","ariaLabel":"Eneo la kijiografia limewashwa"},{"$i":"statusbarUsb","ariaLabel":"USB imewashwa"},{"$i":"statusbarForwarding","$v":"Utumaji mbele wa simu umewashwa"},{"$i":"statusbarPlaying","ariaLabel":"Media inacheza"},{"$i":"statusbarNfc","ariaLabel":"NFC imewashwa"},{"$i":"statusbarDownloads","ariaLabel":"Inapakua..."},{"$i":"statusbarNetworkActivity","ariaLabel":"Mtandao umewashwa"},{"$i":"statusbarEmergencyCBNotification","ariaLabel":"Kurudisha simu ya dharura"},{"$i":"statusbarNotifications","$v":{"few":["Notisi ",{"t":"idOrVar","v":"n"}],"many":["Notisi ",{"t":"idOrVar","v":"n"}],"one":["Notisi ",{"t":"idOrVar","v":"n"}],"other":["Notisi ",{"t":"idOrVar","v":"n"}],"two":["Notisi ",{"t":"idOrVar","v":"n"}]},"$x":[{"t":"idOrVar","v":"plural"},"n"]},{"$i":"statusbarNotifications-unread","ariaLabel":{"$x":[{"t":"idOrVar","v":"plural"},"n"],"$v":{"few":["Taarifa ",{"t":"idOrVar","v":"n"}," ambazo hazijasomwa"],"many":["Taarifa ",{"t":"idOrVar","v":"n"}," ambazo hazijasomwa"],"one":["Taarifa ",{"t":"idOrVar","v":"n"}," ambayo haijasomwa"],"other":["Taarifa ",{"t":"idOrVar","v":"n"}," ambazo hazijasomwa"],"two":["Taarifa ",{"t":"idOrVar","v":"n"}," ambazo hazijasomwa"]}}},{"$i":"clear","$v":"Futa"},{"$i":"clear-all","$v":"Futa Zote"},{"$i":"notification-title","$v":{"few":["Notisi ",{"t":"idOrVar","v":"n"}],"many":["Notisi ",{"t":"idOrVar","v":"n"}],"one":["Notisi ",{"t":"idOrVar","v":"n"}],"other":["Notisi ",{"t":"idOrVar","v":"n"}],"two":["Notisi ",{"t":"idOrVar","v":"n"}],"zero":["Notisi ",{"t":"idOrVar","v":"n"}]},"$x":[{"t":"idOrVar","v":"plural"},"n"]},{"$i":"notification-dialog-no-notices","$v":"Hakuna Notisi"},{"$i":"notification-title-new","$v":{"few":["Notisi ",{"t":"idOrVar","v":"n"}],"many":["Notisi ",{"t":"idOrVar","v":"n"}],"other":["Notisi ",{"t":"idOrVar","v":"n"}],"two":["Notisi ",{"t":"idOrVar","v":"n"}],"one":[{"t":"idOrVar","v":"n"}," Notisi"],"zero":[{"t":"idOrVar","v":"n"}," Notisi"]},"$x":[{"t":"idOrVar","v":"plural"},"n"]},{"$i":"notification-dialog-no-notices-new","$v":"Hakuna Notisi"},{"$i":"attentionScreen-tapToShow","$v":"Gusa ili uonyeshe"},{"$i":"camera","$v":"Kamera"},{"$i":"kai-dflt-value-level","$v":"Weka kiwango cha thamani"},{"$i":"kai-dflt-range-value-name","$v":"Kiwango"},{"$i":"newVoicemails","$v":{"few":["Ujumbe ",{"t":"idOrVar","v":"n"}," mipya wa sauti"],"many":["Ujumbe ",{"t":"idOrVar","v":"n"}," mipya wa sauti"],"one":"Ujumbe mmoja mpya wa sauti","other":["Ujumbe ",{"t":"idOrVar","v":"n"}," mipya wa sauti"],"two":["Ujumbe ",{"t":"idOrVar","v":"n"}," mipya wa sauti"],"zero":"Hakuna ujumbe mpya wa sauti"},"$x":[{"t":"idOrVar","v":"plural"},"n"]},{"$i":"newVoicemailsUnknown","$v":"Ujumbe mpya wa sauti"},{"$i":"dialNumber","$v":["Dayo ",{"t":"idOrVar","v":"number"}]},{"$i":"voicemailNotificationMultiSim","$v":["(SIM ",{"t":"idOrVar","v":"n"},") ",{"t":"idOrVar","v":"title"}]},{"$i":"euRoamingNotificationTitle","$v":"Wavuti wa EU umegunduliwa"},{"$i":"euRoamingNotificationMsg","$v":"Gusa ili ubadilishe."},{"$i":"restart","$v":"Washa upya"},{"$i":"power","$v":"Zima"},{"$i":"lock","$v":"Funga"},{"$i":"cleanup","$v":"Futa Vipengele Vilivyo Katika Hifadhi"},{"$i":"no-recent-app-windows","$v":"Madirisha yako ya programu ya hivi karibu yanaonyeshwa hapa"},{"$i":"no-recent-browser-windows","$v":"Madirisha yako ya kivinjari ya hivi karibu yanaonyeshwa hapa"},{"$i":"closeCard","ariaLabel":"Funga"},{"$i":"openCard","ariaLabel":"Fungua"},{"$i":"yes","$v":"Ndiyo"},{"$i":"no","$v":"Hakuna"},{"$i":"dontallow","$v":"Usionyeshe"},{"$i":"allow","$v":"Ruhusu"},{"$i":"dontshare-geolocation","$v":"Usishiriki"},{"$i":"share-geolocation","$v":"Shiriki"},{"$i":"dontshare-audio-capture","$v":"Usishiriki"},{"$i":"share-audio-capture","$v":"Shiriki"},{"$i":"dontshare-video-capture","$v":"Usishiriki"},{"$i":"share-video-capture","$v":"Shiriki"},{"$i":"dontshare-media-capture","$v":"Usishiriki"},{"$i":"share-media-capture","$v":"Shiriki"},{"$i":"device-front","$v":"kamera ya Mbele"},{"$i":"device-back","$v":"Kamera ya Nyuma"},{"$i":"front-camera","$v":"Kamera ya mbele"},{"$i":"back-camera","$v":"Kamera ya nyuma"},{"$i":"more-info","$v":"Maelezo zaidi..."},{"$i":"hide-info","$v":"Ficha maelezo"},{"$i":"install-app","$v":["Unataka kusakinisha ",{"t":"idOrVar","v":"name"},"?"]},{"$i":"size","$v":"Ukubwa"},{"$i":"author","$v":"Mtunzi"},{"$i":"size-unknown","$v":"Haujulikana"},{"$i":"author-unknown","$v":"Isiyojulikana"},{"$i":"install","$v":"Sakinisha"},{"$i":"bytes","$v":"baiti"},{"$i":"kB","$v":"KB"},{"$i":"MB","$v":"MB"},{"$i":"GB","$v":"GB"},{"$i":"TB","$v":"TB"},{"$i":"PB","$v":"PB"},{"$i":"app-install-generic-error","$v":["Upakuzi wa ",{"t":"idOrVar","v":"appName"}," umesimamishwa"]},{"$i":"app-install-download-failed","$v":["Upakuzi wa ",{"t":"idOrVar","v":"appName"}," haujafaulu"]},{"$i":"app-install-install-failed","$v":["Usakinishaji wa ",{"t":"idOrVar","v":"appName"}," haujafaulu"]},{"$i":"cancelling-will-not-refund","$v":"Kughairi hakutarejesha fedha za ununuzi. Marejesho ya fedha za maudhui yaliyonunuliwa yanatolewa na muuzaji wa kwanza."},{"$i":"apps-can-be-installed-later","$v":"Programu zinaweza kusakinishwa baadaye kutoka chanzo asili cha usakinishaji."},{"$i":"are-you-sure-you-want-to-cancel","$v":"Una uhakika unataka kughairi usakinishaji huu?"},{"$i":"cancel-install","$v":"Ghairi Usakinishaji"},{"$i":"cancel-install-button","$v":"Ghairi Usakinishaji"},{"$i":"resume","$v":"Endelea"},{"$i":"continue","$v":"Endelea"},{"$i":"stopDownloading","$v":["Unataka kusimamisha upakuzi wa ",{"t":"idOrVar","v":"app"},"?"]},{"$i":"app-download-can-be-restarted","$v":"Upakuzi unaweza kuanzishwa baadaye."},{"$i":"app-download-stop-button","$v":"Simamisha Upakuzi"},{"$i":"not-enough-space","$v":"Hakuna nafasi ya kutosha"},{"$i":"not-enough-space-message","$v":"Hakuna nafasi ya kutosha kusakinisha programu hii. Ongeza nafasi kwa kufuta programu au media za zamani, na ujaribu kusakinisha tena kutoka chanzo asili."},{"$i":"app-install-success","$v":[{"t":"idOrVar","v":"appName"}," imesakinishwa"]},{"$i":"app-install-update","$v":[{"t":"idOrVar","v":"appName"}," Imesasishwa"]},{"$i":"langpack-install-success2","$v":[{"t":"idOrVar","v":"appName"}," imesakinishwa. Nenda kwenye Mipangilio > Lugha ili uiwezeshe."]},{"$i":"setup","$v":"Sanidi"},{"$i":"ime-addkeyboards","$v":"Ongeza kibodi"},{"$i":"ime-lowercase","$v":"Herufi ndogo"},{"$i":"ime-uppercase","$v":"Herufi kubwa"},{"$i":"ime-number","$v":"Nambari"},{"$i":"ime-capitalize","$v":"Weka herufi kubwa"},{"$i":"ime-t9","$v":"T9"},{"$i":"ime-r9","$v":"R9"},{"$i":"ime-predictive","$v":"Inaweza kutabirika"},{"$i":"ime-insert-word","$v":"Ingiza neno"},{"$i":"ime-voice-input-messsage","$v":"Bonyeza SAWA kwa muda mrefu ili uzungumze katika sehemu ya maandishi."},{"$i":"later","$v":"Baadaye"},{"$i":"download","$v":"Pakua"},{"$i":"wantToDownload","$v":"Unataka kupakua usasisho sasa hivi?"},{"$i":"wantToInstallNow","$v":"Unataka kusakinisha usasisho sasa hivi? Hutaweza kutumia simu yako kwa dakika chache."},{"$i":"installNow","$v":"Sakinisha Sasa Hivi"},{"$i":"notNow","$v":"Sio Sasa Hivi"},{"$i":"downloadingUpdateMessage","innerHTML":{"$o":["Kinapakua usasisho… <span>Kimepakua ",{"t":"idOrVar","v":"progress"},".</span>"]}},{"$i":"downloadingAppMessage","$v":["Kupakua ",{"t":"idOrVar","v":"appName"}]},{"$i":"downloadingAppProgressNoMax","$v":["Kimepakua ",{"t":"idOrVar","v":"progress"}]},{"$i":"downloadingAppProgressIndeterminate","$v":"Kupakua"},{"$i":"downloadingAppProgress","$v":["Kimepakua ",{"t":"idOrVar","v":"progress"}," / ",{"t":"idOrVar","v":"max"}]},{"$i":"cancelAllDownloads","$v":"Ghairi upakuzi wote"},{"$i":"wantToCancelAll","$v":"Una uhakika unataka kughairi upakuaji wote?"},{"$i":"downloadError","$v":"Kulikuwa na hitilafu wakati wa kupakua usasisho."},{"$i":"updateAvailableInfo","innerHTML":{"$x":[{"t":"idOrVar","v":"plural"},"n"],"$v":{"few":{"$o":["Usasisho ",{"t":"idOrVar","v":"n"}," unapatikana. <span>Gusa upate maelezo zaidi.</span>"]},"many":{"$o":["Usasisho ",{"t":"idOrVar","v":"n"}," unapatikana. <span>Gusa upate maelezo zaidi.</span>"]},"one":{"$o":["Usasisho ",{"t":"idOrVar","v":"n"}," unapatikana. <span>Gusa upate maelezo zaidi.</span>"]},"other":{"$o":["Usasisho ",{"t":"idOrVar","v":"n"}," unapatikana. <span>Gusa upate maelezo zaidi.</span>"]},"two":{"$o":["Usasisho ",{"t":"idOrVar","v":"n"}," unapatikana. <span>Gusa upate maelezo zaidi.</span>"]}}}},{"$i":"numberOfUpdates","$v":{"few":["Taarifa ",{"t":"idOrVar","v":"n"}],"many":["Taarifa ",{"t":"idOrVar","v":"n"}],"one":["Taarifa ",{"t":"idOrVar","v":"n"}],"other":["Taarifa ",{"t":"idOrVar","v":"n"}],"two":["Taarifa ",{"t":"idOrVar","v":"n"}]},"$x":[{"t":"idOrVar","v":"plural"},"n"]},{"$i":"systemUpdate","$v":"Usasisho wa mfumo"},{"$i":"systemUpdateReady","$v":"Sasisho la Mfumo liko Tayari"},{"$i":"updates","$v":"Usasisho"},{"$i":"systemUpdateLowBatteryThreshold","$v":["Unahitaji angalalu ",{"t":"idOrVar","v":"threshold"},"% ya kiwango cha betri ili usasishe sasisho."]},{"$i":"required","$v":"Inahitajika"},{"$i":"uncompressingMessage","innerHTML":{"$o":"Inabanua faili iliyogandamizwa… <span>Hatua hii inaweza kuchukua dakika kadhaa.</span>"}},{"$i":"downloadWifiPrioritizedUsing2G","$v":"Usasisho unapakuliwa kupitia muunganisho wa data: wakati Wi-Fi haipatikani. Wakati unatumia muunganisho wa data, simu zinaweza kuzuiwa na huenda ada zaidi zikatumika pia."},{"$i":"downloadWifiPrioritized3","$v":"Usasisho unapakuliwa kupitia muunganisho wa data: wakati Wi-Fi haipatikani. Wakati unatumia muunganisho wa data, huenda ada zaidi zikatumika."},{"$i":"downloadNoWifiWarning","$v":"Wi-Fi haipatikani. Kusasisha kupitia muunganisho wa sasa huenda ukasababisha ada zaidi."},{"$i":"downloadOfflineWarning2","$v":"Unganisha kwenye mtandao na upakue usasisho."},{"$i":"downloadUpdatesViaDataConnection","$v":"Unataka kupakua usasisho kupitia muunganisho wa data?"},{"$i":"downloadUpdatesVia2GForbidden3","$v":"Kupakua usasisho hakuwezekano kwenye miunganisho isiyo ya kasi (2G). Tafadhali unganisha kupitia Wi-Fi au 3G (ikiwa inapatikana) na ujaribu tena."},{"$i":"downloadUpdatesViaDataConnectionMessage3","$v":"Wakati unatumia muunganisho wa data, huenda gharama zaidi zikatumika. Unataka kuendelea?"},{"$i":"downloadUpdatesViaDataRoamingConnection","$v":"Unataka kupakua usasisho kupitia utambizi wa data?"},{"$i":"downloadUpdatesViaDataRoamingConnectionMessage","$v":"Unatambizi kwa sasa na huenda ada zaidi zikatumika. Unataka kuendelea?"},{"$i":"screenshotSaved","$v":"Kielelezo-skrini kimehifadhiwa kwenye Galari"},{"$i":"screenshotFailed","$v":"Kielelezo-skrini hakikuweza kuhifadhiwa"},{"$i":"screenshotNoSDCard","$v":"Hakuna kadi ya kumbukumbu imepatikana"},{"$i":"screenshotSDCardInUse","$v":"Kadi ya kumbukumbu inatumika"},{"$i":"screenshotSDCardLow","$v":"Kadi ya kumbukumbu haina nafasi ya kutosha"},{"$i":"emergency-call-button","$v":"Simu ya Dharura"},{"$i":"emergency-call","$v":"Dharura"},{"$i":"unlock-a11y-button","ariaLabel":"Fungua"},{"$i":"camera-a11y-button","ariaLabel":"Kamera"},{"$i":"longDateFormat","$v":"%A, %B %e"},{"$i":"clockDateFormat","$v":"%a, %e %b"},{"$i":"panel-passcode","ariaLabel":"Paneli ya nenosiri"},{"$i":"open-notification","$v":"fungua"},{"$i":"unlock","$v":"Fungua"},{"$i":"login","$v":"Ingia"},{"$i":"sign-in-to-website","$v":"Ingia kwenye tovuti"},{"$i":"username","$v":"Jina la mtumiaji"},{"$i":"password","$v":"Nenosiri"},{"$i":"show-password","$v":"Onyesha nenosiri"},{"$i":"http-authentication-message2","$v":["Tovuti ",{"t":"idOrVar","v":"host"}," inakuhitaji uingie."]},{"$i":"error-message","$v":[{"t":"idOrVar","v":"name"}," haipakii vizuri"]},{"$i":"error-title","$v":[{"t":"idOrVar","v":"name"}," ina matatizo"]},{"$i":"unable-to-connect","$v":"Haiwezi kuunganisha"},{"$i":"tap-to-check-settings","$v":"Gusa ili ukague mipangilio"},{"$i":"set","$v":"Weka"},{"$i":"delete-title","$v":["Futa ",{"t":"idOrVar","v":"name"}]},{"$i":"delete-body","$v":[{"t":"idOrVar","v":"Name"}," na data yake yote itafutwa."]},{"$i":"delete","$v":"Sakinusha"},{"$i":"delete-desc","$v":"Una uhakika unataka kuisakinusha?"},{"$i":"unrecoverable-error-title","$v":"Ondoa programu"},{"$i":"unrecoverable-error-body","$v":"Huwezi kusakinisha programu kwa sababu ya hitilafu isiyoweza kuepuliwa. Tafadhali jaribu kuipakua tena. Programu itaondolewa."},{"$i":"unrecoverable-error-action","$v":"SAWA"},{"$i":"instant-settings","$v":"mipangilio ya papo hapo"},{"$i":"settings","$v":"Mipangilio"},{"$i":"flashlight","$v":"Taa"},{"$i":"brightness","$v":"Uangavu"},{"$i":"volume","$v":"Kiwango-sauti"},{"$i":"calculator","$v":"Kikokotozi"},{"$i":"airplane-mode","$v":"Modi ya Ndege"},{"$i":"wifi","$v":"Wi-Fi"},{"$i":"bluetooth","$v":"Bluetooth"},{"$i":"cellular-data","$v":"Data ya Simu"},{"$i":"on","$v":"Washa"},{"$i":"off","$v":"Zima"},{"$i":"percentage-number","$v":[{"t":"idOrVar","v":"number"},"%"]},{"$i":"select-time","$v":"Chagua Saa"},{"$i":"select-date","$v":"Chagua Tarehe"},{"$i":"battery-almost-empty-plug-in-your-charger","$v":"Nishati ya betri yako iko chini. Tafadhali chomeka chaja yako."},{"$i":"battery-temperature-warning-header","$v":"Onyo"},{"$i":"battery-temperature-high","$v":"Halijoto iko juu sana. Simu itazima ikiwa halijoto itaendelea kuongezeka."},{"$i":"battery-temperature-high-stop-charging","$v":"Halijoto iko juu sana. Betri limewacha kuchaji. Simu itazima ikiwa halijoto itaendelea kuongezeka."},{"$i":"battery-temperature-low","$v":"Halijoto iko chini sana. Simu itazima ikiwa halijoto itaendelea kupungua."},{"$i":"battery-temperature-low-stop-charging","$v":"Halijoto iko chini sana. Betri limewacha kuchaji. Simu itazima ikiwa halijoto itaendelea kupungua."},{"$i":"crash-dialog2-os","$v":[{"t":"idOrVar","v":"brandShortName"}," imetoka kutoka kwenye ukwamaji"]},{"$i":"crash-dialog-app","$v":[{"t":"idOrVar","v":"name"}," imekwama"]},{"$i":"crash-dialog-app-noname","$v":"Kitu"},{"$i":"crash-dialog-message","$v":"Ungependa kutuma ripoti kwa KaiOS kuhusu hitilafu itusaidie kutatua tatizo hilo? (Ripoti hutumwa kupitia Wi-Fi peke yake.)"},{"$i":"crash-info-link","$v":"Ni nini kiko katika ripoti ya hitilafu?"},{"$i":"crash-always-report","$v":"Tuma ripoti kwa KaiOS wakati hitilafu inatokea."},{"$i":"crash-dont-send","$v":"Usitume"},{"$i":"crash-end","$v":"Tuma Ripoti"},{"$i":"crashReports","$v":"Ripoti za Hitilafu"},{"$i":"done","$v":"Maliza"},{"$i":"crash-reports-description-1","$v":"Ripoti ya hitilafu ina baadhi ya maelezo kuhusu hitiladu na kifaa chako, pamoja na picha ya hali ya kifaa chako wakati kilikwama."},{"$i":"crash-reports-description-2","$v":"Hii inaweza kujumuisha mambo kama bile kurasa na programu zilizofunguliwa, maandishi yaliyochapishwa kwenye fomu na maudhui ya ujumbe wazi, historia ya sasa ya kuvinjati, au eneo la kijiografia lililotumiwa na programu iliyofunguliwa."},{"$i":"crash-reports-description-3-start","$v":"Tunatumia ripoti ya hitilafu kujaribu kutatua matatizo na kuboresha bidhaa zetu. Tunashughulikia taarifa yako kama tulivyofafanua katika   yetu"},{"$i":"crash-reports-description-3-privacy","$v":"sera ya faragha"},{"$i":"crash-reports-description-3-end","$v":"."},{"$i":"crash-banner-os2","$v":[{"t":"idOrVar","v":"brandShortName"}," imekwama."]},{"$i":"crash-banner-app","$v":[{"t":"idOrVar","v":"name"}," imekwama."]},{"$i":"crash-banner-report","$v":"Ripoti"},{"$i":"bluetooth-sending-progress","$v":"Kutuma faili kupitia Bluetooth"},{"$i":"bluetooth-receiving-progress","$v":"Kupokea faili kupitia Bluetooth"},{"$i":"acceptFileTransfer","$v":"Agizo la Uhamishaji"},{"$i":"requestToReceive","$v":[{"t":"idOrVar","v":"deviceName"}," ingependa kuhamisha faili. Unataka kukubali?"]},{"$i":"wantToReceiveFile","$v":[{"t":"idOrVar","v":"deviceName"}," ingependa kuhamisha ",{"t":"idOrVar","v":"fileName"}," (",{"t":"idOrVar","v":"fileSize"},")."]},{"$i":"transfer-confirmation-title","$v":[{"t":"idOrVar","v":"deviceName"}]},{"$i":"transfer-confirmation-description","$v":"Pitia agizo la uhamishaji"},{"$i":"byteUnit-B","$v":"B"},{"$i":"byteUnit-KB","$v":"KB"},{"$i":"byteUnit-MB","$v":"MB"},{"$i":"byteUnit-GB","$v":"GB"},{"$i":"byteUnit-TB","$v":"TB"},{"$i":"byteUnit-PB","$v":"PB"},{"$i":"byteUnit-EB","$v":"EB"},{"$i":"byteUnit-ZB","$v":"ZB"},{"$i":"byteUnit-YB","$v":"YB"},{"$i":"fileSize","$v":[{"t":"idOrVar","v":"size"}," ",{"t":"idOrVar","v":"unit"}]},{"$i":"deny","$v":"Kataa"},{"$i":"transfer","$v":"Hamisha"},{"$i":"accept","$v":"Kubali"},{"$i":"stop","$v":"Simamisha"},{"$i":"cancelFileTransfer","$v":"Unataka kughairi uhamishaji wa faili wa Bluetooth?"},{"$i":"continueFileTransfer","$v":"Endelea"},{"$i":"transfer-has-started-title","$v":"Uhamishaji wa faili uko tayari kuanza"},{"$i":"transfer-has-started-description","$v":"Kusubiri uthibitisho"},{"$i":"transfer-has-started-toast","$v":"Uhamishaji wa faili imeanzishwa. Angalia utaratibu katika Notisi"},{"$i":"transferFinished-sentSuccessful-title","$v":"Faili imetumwa"},{"$i":"transferFinished-receivedSuccessful-title","$v":"Faili imepokelewa"},{"$i":"transferFinished-failed-title","$v":"Uhamishaji wa faili haujafaulu"},{"$i":"transferFinished-try-again-description","$v":"Huwezi kutuma faili sasa hivi. Tafadhali jaribu tena baadaye."},{"$i":"transferReport-title","$v":"Ripoti ya uhamishaji:"},{"$i":"transferReport-description","$v":["Faili ",{"t":"idOrVar","v":"numSuccessful"}," kwa mafanikio, faili ",{"t":"idOrVar","v":"numUnsuccessful"}," hazijafanikiwa"]},{"$i":"unknown-file","$v":"Faili isiyojulikana"},{"$i":"unknown-device","$v":"Kifaa kisichojulikana"},{"$i":"cannotOpenFile","$v":"Hakiwezi kufungua faili iliyopokewa"},{"$i":"unknownMediaTypeToOpenFile","$v":["Haiwezi kufungua aina ya media isiyojulikana: ",{"t":"idOrVar","v":"fileName"}]},{"$i":"cannotReceiveFile","$v":"Hakiwezi kupokea faili"},{"$i":"cannotGetStorageState","$v":"Hakiwezi kupata hali ya hifadhi ya kifaa."},{"$i":"sdcard-not-exist2","$v":"Hakuna kadi ya kumbukumbu imepatikana. Tafadhali ingiza kadi ya kumbukumbu."},{"$i":"sdcard-in-use","$v":"Bluetooth haiwezikutumiwa wakati simu imechomekwa. Tafadhali chomoa simu ili upokee faili."},{"$i":"sdcard-no-space2","$v":"Huwezi kukamilisha uhamishaji: kadi ya kumbukumbu imejaa."},{"$i":"unknown-error","$v":"Hitilafu isiyojulikana"},{"$i":"confirm","$v":"Thibitisha"},{"$i":"stopTransferTitle","$v":"Sitisha Kuhamisha Faili"},{"$i":"stopTransferContent","$v":"Ungependa kusitisha kuhamisha faili kupitia Bluetooth?"},{"$i":"storage","$v":"Hifadhi"},{"$i":"sdcard-detected-title","$v":"Kadi ya SD imegunduliwa."},{"$i":"no-sdcard-title","$v":"Hakuna SD kadi"},{"$i":"sdcard-total-size-body","$v":["Jumla ya ukubwa: ",{"t":"idOrVar","v":"size"}," ",{"t":"idOrVar","v":"unit"}]},{"$i":"sdcard-unknown-size-then-tap-to-format-body","$v":"Ukubwa haujulikani, gusa ili ufute"},{"$i":"sdcard-removed-title","$v":"Kadi ya SD imeondolewa"},{"$i":"sdcard-removed-ejected-successfully","$v":"Utoaji umefaulu"},{"$i":"sdcard-removed-not-ejected-properly","$v":"Haijatolewa ipasavyo"},{"$i":"set-sdcard-as-default-media-location","$v":"Kadi ya SD imedunguliwa. Unataka kuweka kadi ya SD kama eneo chaguo-msingi la media?"},{"$i":"no-sdcard-content","$v":"Ingiza SD kadi ili upate nafasi zaidi ya hifadhi."},{"$i":"sim-confirmation-content","$v":["Data rununu imepangwa kwenye SIM",{"t":"idOrVar","v":"n"},"."]},{"$i":"sim-confirmation-title","$v":"Kadi za SIM zimebadilishwa"},{"$i":"sim-confirmation-notice-title","$v":"Kadi za SIM zimebadilishwa"},{"$i":"sim-confirmation-notice","$v":"Chagua ili uone maelezo."},{"$i":"sim-hot-plug","$v":"Simu itawashwa upya."},{"$i":"sim-hot-plug-empty","$v":"Simu itawashwa upya kwa sababu SIM kadi zimeondolewa."},{"$i":"sim-hot-plug-empty-confirm","$v":"Tafadhali hakikisha kadi ya SIM imeondolewa kabisa, kisha ubonyeze Sawa ili kuwasha upya."},{"$i":"noSimCard","$v":"Hakuna kadi ya SIM"},{"$i":"lockedSim","$v":"SIM imefungwa"},{"$i":"noService","$v":"Hakuna Huduma"},{"$i":"eccOnly","$v":"Emergency calls only"},{"$i":"nocard-eccOnly","$v":"No SIM card-Emergency calls only"},{"$i":"unusablecard-eccOnly","$v":"Unusable SIM card-Emergency calls only"},{"$i":"searching","$v":"Inatafuta..."},{"$i":"simPin","$v":"PIN ya SIM"},{"$i":"pukCode","$v":"Msimbo wa PUK"},{"$i":"nckCode","$v":"Msimbo wa NCK"},{"$i":"cckCode","$v":"Msimbo wa CCK"},{"$i":"spckCode","$v":"Msimbo wa SPCK"},{"$i":"nck1code","$v":"Msimbo wa NCK1"},{"$i":"nck2code","$v":"Msimbo wa NCK2"},{"$i":"hnckcode","$v":"Msimbo wa HNCK"},{"$i":"rcckcode","$v":"Msimbo wa RCCK"},{"$i":"rspckcode","$v":"Msimbo wa RSPCK"},{"$i":"ncklockContent","$v":["Nafasi ya ",{"t":"idOrVar","v":"n"}," imefungwa na mtandao."]},{"$i":"whatIsSimPin","$v":"PIN ya SIM ni nini?"},{"$i":"simPinIntro1","$v":"PIN ya SIM huzuia ufikiaji kwenye mitandao ya data ya simu ya kadi ya SIM. Ikiwezeshwa kifaa chochote chene kadi ya SIM kitaitisha PIN baada ya kuwashwa upya."},{"$i":"simPinIntro2","$v":"PIN ya SIM sio sawa na nenosiri linalotumiwa kufungua kifaa."},{"$i":"changeSimPin","$v":"Badilisha PIN"},{"$i":"pinTitle","$v":"Ingiza PIN ya SIM"},{"$i":"multiSIMpinTitle","$v":["Ingiza PIN ya SIM",{"t":"idOrVar","v":"n"}]},{"$i":"multiSIMpukTitle","$v":["Ingiza PUK ya SIM",{"t":"idOrVar","v":"n"}]},{"$i":"multiSIMnckTitle","$v":["Ingiza msimbo wa NCK",{"t":"idOrVar","v":"n"},"."]},{"$i":"multiSIMxckTitle","$v":["Ingiza SIM",{"t":"idOrVar","v":"n"}," ",{"t":"idOrVar","v":"type"}]},{"$i":"xckTitle","$v":["Ingiza msimbo wa ",{"t":"idOrVar","v":"type"}]},{"$i":"xckCode","$v":["Msimbo wa ",{"t":"idOrVar","v":"type"}]},{"$i":"xckBlocked","$v":[{"t":"idOrVar","v":"type"}," imezuiwa"]},{"$i":"pukTitle","$v":"Ingiza msimbo wa PUK"},{"$i":"nckTitle","$v":"Ingiza msimbo wa NCK"},{"$i":"cckTitle","$v":"Ingiza msimbo wa CCK"},{"$i":"spckTitle","$v":"Ingiza msimbo wa SPCK"},{"$i":"nck1Title","$v":"Ingiza msimbo wa NCK1"},{"$i":"nck2Title","$v":"Ingiza msimbo wa NCK2"},{"$i":"hnckTitle","$v":"Ingiza msimbo wa HNCK"},{"$i":"rcckTitle","$v":"Ingiza msimbo wa RCCK"},{"$i":"rspckTitle","$v":"Ingiza msimbo wa RSPCK"},{"$i":"newpinTitle","$v":"PIN mpya"},{"$i":"inputCodeRetriesLeft","$v":{"few":["Umesalia na majaribio ",{"t":"idOrVar","v":"n"},"."],"many":["Umesalia na majaribio ",{"t":"idOrVar","v":"n"},"."],"one":"Umesalia na jaribio 1.","other":["Umesalia na majaribio ",{"t":"idOrVar","v":"n"},"."],"two":["Umesalia na majaribio ",{"t":"idOrVar","v":"n"},"."]},"$x":[{"t":"idOrVar","v":"plural"},"n"]},{"$i":"pinErrorMsg","$v":"PIN sio sahihi."},{"$i":"pinAttemptMsg2","$v":{"few":["Umesalia na majaribio ",{"t":"idOrVar","v":"n"}," ya kuingiza msimbo sahihi kabla ya kadi ya SIM kufungwa."],"many":["Umesalia na majaribio ",{"t":"idOrVar","v":"n"}," ya kuingiza msimbo sahihi kabla ya kadi ya SIM kufungwa."],"one":"Umesalia na jaribio moja la kuingiza msimbo sahihi kabla ya kadi ya SIM kufungwa.","other":["Umesalia na majaribio ",{"t":"idOrVar","v":"n"}," ya kuingiza msimbo sahihi kabla ya kadi ya SIM kufungwa."],"two":["Umesalia na majaribio ",{"t":"idOrVar","v":"n"}," ya kuingiza msimbo sahihi kabla ya kadi ya SIM kufungwa."]},"$x":[{"t":"idOrVar","v":"plural"},"n"]},{"$i":"pinLastChanceMsg","$v":"Hii ni fursa yako ya mwisho kuingiza PIN sahihi. La sivyo, lazima uingize msimbo wa PUK ili utumie kadi hii ya SIM."},{"$i":"simCardLockedMsg","$v":"Kadi ya SIM imefungwa."},{"$i":"enterPukMsg","$v":"Lazima uingize msimbo wa Ufungua wa Kufungua wa Kibinafsi (PUK2) wa kadi ya SIM. Rejelea hati yako ya kadi ya SIM au wasiliana na mtoa huduma wako kwa maelezo zaidi."},{"$i":"pukErrorMsg","$v":"PUK sio sahihi."},{"$i":"pukAttemptMsg2","$v":{"few":["Umesalia na majaribio ",{"t":"idOrVar","v":"n"}," ya kuingiza msimbo sahihi kabla ya kadi hii ya simu kufungwa kabisa. Rejelea hati yako ya kadi ya SIM au wasiliana na mtoa huduma wako kwa maelezo zaidi."],"many":["Umesalia na majaribio ",{"t":"idOrVar","v":"n"}," ya kuingiza msimbo sahihi kabla ya kadi hii ya simu kufungwa kabisa. Rejelea hati yako ya kadi ya SIM au wasiliana na mtoa huduma wako kwa maelezo zaidi."],"one":"Umesalia na jaribio moja la kuingiza msimbo sahihi kabla ya kadi hii ya simu kufungwa kabisa. Rejelea hati yako ya kadi ya SIM au wasiliana na mtoa huduma wako kwa maelezo zaidi.","other":["Umesalia na majaribio ",{"t":"idOrVar","v":"n"}," ya kuingiza msimbo sahihi kabla ya kadi hii ya simu kufungwa kabisa. Rejelea hati yako ya kadi ya SIM au wasiliana na mtoa huduma wako kwa maelezo zaidi."],"two":["Umesalia na majaribio ",{"t":"idOrVar","v":"n"}," ya kuingiza msimbo sahihi kabla ya kadi hii ya simu kufungwa kabisa. Rejelea hati yako ya kadi ya SIM au wasiliana na mtoa huduma wako kwa maelezo zaidi."]},"$x":[{"t":"idOrVar","v":"plural"},"n"]},{"$i":"pukLastChanceMsg","$v":"Fursa ya mwisho kuingiza msimbo sahihi wa PUK. Kadi yako ya SIM haitatumika tena ikiwa utaingiza msimbo usio sahihi wa PUK. Rejelea hati yako ya kadi ya SIM au wasiliana na mtoa huduma wako kwa maelezo zaidi."},{"$i":"cardPermanentlyLockMsg-head","$v":"PUK sio sahihi."},{"$i":"cardPermanentlyLockMsg-body","$v":"Kadi yako ya SIM imefungwa kabisa. Wasiliana na mtoa huduma wako kwa maelezo zaidi."},{"$i":"newSimPinMsg","$v":"Unda PIN (lazima iwe na tarakimu 4 hadi 8)"},{"$i":"confirmNewSimPinMsg","$v":"Thibitisha PIN mpya"},{"$i":"newPinErrorMsg","$v":"PIN hazilingani."},{"$i":"nckErrorMsg","$v":"Msimbo wa NCK sio sahihi."},{"$i":"nckAttemptMsg2","$v":{"few":["Agizo la kutengua ubinafsishaji wa mtandao halijafaulu. Umesalia na majaribio ",{"t":"idOrVar","v":"n"}," ya kuingiza msimbo sahihi. Rejelea hati yako ya kifaa au wasiliana na mtoa huduma wako kwa maelezo zaidi."],"many":["Agizo la kutengua ubinafsishaji wa mtandao halijafaulu. Umesalia na majaribio ",{"t":"idOrVar","v":"n"}," ya kuingiza msimbo sahihi. Rejelea hati yako ya kifaa au wasiliana na mtoa huduma wako kwa maelezo zaidi."],"one":"Agizo la kutengua ubinafsishaji wa mtandao halijafaulu. Umesalia na jaribio moja la kuingiza msimbo sahihi. Rejelea hati yako ya kifaa au wasiliana na mtoa huduma wako kwa maelezo zaidi.","other":["Agizo la kutengua ubinafsishaji wa mtandao halijafaulu. Umesalia na majaribio ",{"t":"idOrVar","v":"n"}," ya kuingiza msimbo sahihi. Rejelea hati yako ya kifaa au wasiliana na mtoa huduma wako kwa maelezo zaidi."],"two":["Agizo la kutengua ubinafsishaji wa mtandao halijafaulu. Umesalia na majaribio ",{"t":"idOrVar","v":"n"}," ya kuingiza msimbo sahihi. Rejelea hati yako ya kifaa au wasiliana na mtoa huduma wako kwa maelezo zaidi."]},"$x":[{"t":"idOrVar","v":"plural"},"n"]},{"$i":"nckLastChanceMsg","$v":"Agizo la kutengua ubinafsishaji wa mtandao halijafaulu. Fursa ya mwisho kuingiza msimbo sahihi wa NCK. Rejelea hati yako ya kifaa au wasiliana na mtoa huduma wako kwa maelezo zaidi."},{"$i":"sim-attention-header","$v":"SIM imefungwa"},{"$i":"multiSIM-attention-header","$v":["SIM",{"t":"idOrVar","v":"n"}," imefungwa"]},{"$i":"sim-attention-head","$v":"Kadi ya SIM imefungwa."},{"$i":"sim-attention-body","$v":"Ungependa kuingiza msimbo wa PUK ili ufungue kadi ya SIM?"},{"$i":"enter-puk-rsk","$v":"Ingiza PUK"},{"$i":"verify-rsk","$v":"Gotoka"},{"$i":"activity-pick","$v":"Chagua kutoka"},{"$i":"activity-view","$v":"Tazama na"},{"$i":"activity-test","$v":"Jaribu na"},{"$i":"activity-share","$v":"Shiriki"},{"$i":"activity-new","$v":"Unda na"},{"$i":"activity-open","$v":"Fungua na"},{"$i":"activity-save-bookmark","$v":"Alamisha kwenye"},{"$i":"activity-record","$v":"Rekodi kutoka"},{"$i":"activity-browse","$v":"Vinjari na"},{"$i":"activity-configure","$v":"Sanidi na"},{"$i":"activity-dial","$v":"Dayo kutoka"},{"$i":"remoteDebuggerMessage","$v":"Agizo linaloingia la kuruhusu muunganisho wa ueuaji wa mbali limegunduliwa. Unataka kuhurusu muunganisho?"},{"$i":"captive-wifi-available","$v":["Mtandao ",{"t":"idOrVar","v":"networkName"}," ulipatikana. Unataka kujiunga na mtandao?"]},{"$i":"ceWarningtitle","$v":"Onyo la kiwango-sauti"},{"$i":"ceWarningcontent","$v":"Ili kuepusha haribiko linalowezekana la kusikia, usisikilize viwango vya sauti ya juu kwa vipindi virefu."},{"$i":"is-volume-type-notification","$v":"Milio na Taarifa"},{"$i":"is-volume-type-telephony","$v":"Kiwango-sauti"},{"$i":"is-volume-type-alarm","$v":"King'ora"},{"$i":"is-volume-type-content","$v":"Media"},{"$i":"kai-volume-type-notification","$v":"MILIO NA ARIFA"},{"$i":"kai-volume-type-telephony","$v":"KIWANGO CHA SAUTI"},{"$i":"volume-type-alarm","$v":"King'ora"},{"$i":"volume-type-content","$v":"Media"},{"$i":"vibrate-only","$v":"Tetemeka Peke Yake"},{"$i":"silent","$v":"Kimya"},{"$i":"vibrate-on","$v":"Mtetemeko: Umewashwa"},{"$i":"vibrate-off","$v":"Mtetemeko: Umezimwa"},{"$i":"vibrate","$v":"Tetemeka"},{"$i":"kai-volume","$v":["Kiwango-sauti:",{"t":"idOrVar","v":"n"},"/",{"t":"idOrVar","v":"c"}]},{"$i":"notification-powersaving-mode-on-title","$v":"Modi ya Kuhifadhi Nishati"},{"$i":"notification-powersaving-mode-on-description","$v":"Modi ya kuhifadhi nishati imewashwa."},{"$i":"low-device-storage","$v":"Nafasi ya kifaa iko chini.\\n"},{"$i":"storage-alert","$v":"Onyo la Hifadhi"},{"$i":"phone-almost-full","$v":"Hifadhi ya simu inakaribia kujaa."},{"$i":"free-space","$v":{"few":["Umesalia na ",{"t":"idOrVar","v":"unit"}," chache kuliko ",{"t":"idOrVar","v":"value"},"."],"many":["Umesalia na ",{"t":"idOrVar","v":"unit"}," chache kuliko ",{"t":"idOrVar","v":"value"},"."],"one":["Umesalia na ",{"t":"idOrVar","v":"unit"}," chache kuliko ",{"t":"idOrVar","v":"value"},"."],"other":["Umesalia na ",{"t":"idOrVar","v":"unit"}," chache kuliko ",{"t":"idOrVar","v":"value"},"."],"two":["Umesalia na ",{"t":"idOrVar","v":"unit"}," chache kuliko ",{"t":"idOrVar","v":"value"},"."],"zero":"Hakuna nafasi inasalia."},"$x":[{"t":"idOrVar","v":"plural"},"value"]},{"$i":"unknown-free-space","$v":"Nafasi inayosalia haijulikani."},{"$i":"can-delete-data-to-get-space","$v":"Unaweza kufuta baadhi ya faili za media au udhubiti data ya programu ili uongeze nafasi wazi."},{"$i":"should-delete-data-to-get-space","$v":"Sharti ufute baadhi ya faili za maudhui au udhibiti data ya programu ili upate nafasi zaidi kabla ya kuendelea kutumia kifaa hiki."},{"$i":"storage-full-level-1-title","$v":"Simu Inakaribia Kujaa"},{"$i":"storage-full-level-2-title","$v":"Hifadhi ya simu imejaa."},{"$i":"delete-to-get-space","$v":"Futa faili za maudhui, data ya programu au programu zilizopakuliwa ili upate nafasi zaidi."},{"$i":"delete-to-get-space-level-2","$v":"Futa faili za maudhui, data ya programu au programu zilizopakuliwa ili upate nafasi zaidi. La sivyo, simu haitafanya kazi vizuri."},{"$i":"system-alert","$v":"Taarifa ya Mfumo"},{"$i":"cb-channel","$v":["Kituo ",{"t":"idOrVar","v":"channel"}]},{"$i":"cell-broadcast-subtitle","$v":"Utangazaji wa Simu"},{"$i":"cb-etws-warningType-earthquake","$v":"Onyo la mtetemeko wa ardhi!"},{"$i":"cb-etws-warningType-tsunami","$v":"Onyo la tsunami!"},{"$i":"cb-etws-warningType-earthquake-tsunami","$v":"Onyo la mtetemeko wa ardhi-tsunami!"},{"$i":"cb-etws-warningType-test","$v":"Mfumo wa taarifa unajaribiwa."},{"$i":"cb-etws-warningType-other","$v":"Onyo la dharura!"},{"$i":"icc-message-maintitle","$v":"Ujumbe wa Mtoa Huduma"},{"$i":"icc-message-subtitle","$v":"SIM"},{"$i":"icc-confirmCall-defaultmessage","$v":["Unataka kupiga simu kwa ",{"t":"idOrVar","v":"number"},"?"]},{"$i":"icc-alertMessage-defaultmessage","$v":"Kutuma ujumbe"},{"$i":"icc-confirmMessage-defaultmessage","$v":"Unataka kutuma ujumbe?"},{"$i":"icc-notification-title","$v":["STK ya SIM ",{"t":"idOrVar","v":"id"}]},{"$i":"icc-inputbox-maintitle","$v":"Ulizo za STK"},{"$i":"icc-inputbox-subtitle","$v":["SIM ",{"t":"idOrVar","v":"id"}]},{"$i":"emergency-callback-mode","$v":"Modi ya kurudisha simu ya dharura"},{"$i":"emergency-callback-message","$v":"Huwezi kupiga simu, kutuma ujumbe au kuenda mtandaoni kwa sababu modi ya simu kurudisha simu ya dharura imewezeshwa. Ungependa kuizima?"},{"$i":"cdma-record-info","$v":"Maelezo ya rekodi ya CDMA"},{"$i":"download_started","$v":"Upakuzi umeanza"},{"$i":"download_stopped","$v":"Upakuzi umesimamishwa"},{"$i":"download_downloading","$v":[{"t":"idOrVar","v":"percentage"},"%"]},{"$i":"download_succeeded","$v":"Upakuzi umekamilika"},{"$i":"download_failed","$v":"Upakuzi haujafaulu"},{"$i":"update_succeeded","$v":"Usasishaji umekamilika"},{"$i":"download_text_by_default","$v":[{"t":"idOrVar","v":"name"}]},{"$i":"phone-storage-full-title","$v":"Hifadhi ya Simu Imejaa"},{"$i":"phone-storage-full-warning","$v":"Imeshindwa kupakua faili. Futa faili za maudhui ya kucheza au data ya programu ili upate nafasi zaidi. Unaweza pia kuingiza SD kadi ili uongeze hifadhi ya maudhui ya kucheza."},{"$i":"sdcard-storage-full-title","$v":"SD Kadi Imejaa"},{"$i":"sdcard-storage-full-warning","$v":"Imeshindwa kupakua faili. Futa faili katika SD kadi ili upate nafasi zaidi."},{"$i":"opt-settings","$v":"Faili haiwezi kupakuliwa. Unaweza kufuta baadhi ya faili za vyombo vya habari au kudhibiti data ya maombi ili kupata nafasi zaidi ya bure."},{"$i":"search-the-web","$v":"Tafuta kwenye wavuti"},{"$i":"search-or-enter-address","$v":"Tafuta au ingiza anwani","placeholder":"Tafuta au ingiza anwani"},{"$i":"search-or-enter-url","$v":"Tafuta au ingiza URL","placeholder":"Tafuta au ingiza URL"},{"$i":"back-button","ariaLabel":"Nyuma"},{"$i":"forward-button","ariaLabel":"Sambaza"},{"$i":"reload-button","ariaLabel":"Pakia upya"},{"$i":"stop-button","ariaLabel":"Simamisha"},{"$i":"windows-button","ariaLabel":"Onyesha madirisha"},{"$i":"noHotspotWhenAPMisOnWifiHotspot","$v":"Zima modi ya ndege ili utumie Wi-Fi."},{"$i":"apmActivated","$v":"Modi ya ndege imeamilishwa"},{"$i":"save-image","$v":"Hifadhi Picha"},{"$i":"save-video","$v":"Hifadhi Video"},{"$i":"save-audio","$v":"Hifadhi Sauti"},{"$i":"share-image","$v":"Shiriki Picha"},{"$i":"share-video","$v":"Shiriki Video"},{"$i":"share-audio","$v":"Shiriki Sauti"},{"$i":"kai-cancelButtonId","$v":"Ghairi"},{"$i":"kai-not-send","$v":"Usitume"},{"$i":"kai-send-report","$v":"Tuma Ripoti"},{"$i":"refresh","$v":"Onyesha upya"},{"$i":"goBack","$v":"Rudi nyuma"},{"$i":"goForward","$v":"Nenda mbele"},{"$i":"goToTopSites","$v":"Nenda kwenye Tovuti Maarufu"},{"$i":"pinToTopSites","$v":"Bana kwenye Tovuti Maarufu"},{"$i":"pinToAllApps","$v":"Bana kwenye Programu Zote"},{"$i":"pinToAppsMenu","$v":"Bana kwenye Menyu ya Programu"},{"$i":"viewMessages","$v":"Tazama Ujumbe"},{"$i":"downloadImage","$v":"Pakua picha"},{"$i":"quit","$v":"Toka"},{"$i":"minimizeBrowser","$v":"Kunja Kivinjari"},{"$i":"pinSiteCompletely","$v":"Tovuti hii imebanwa kwenye Tovuti Maarufu."},{"$i":"siteWasPinnedBefore","$v":"Tovuti hii ilibanwa kwenye Tovuti Maarufu hapo awali."},{"$i":"pinnedSitesOverLimit","$v":"Umefikisha idadi ya upeo wa tovuti zilizobanwa."},{"$i":"pressBackAgainToQuitBrowser","$v":"Bonyeza NYUMA tena ili utoke kutoka kwenye kivinjari."},{"$i":"pressBackAgainToMinimizeBrowser","$v":"Bonyeza NYUMA ili ukunje Kivinjari."},{"$i":"pinSiteToAllAppsCompletely","$v":"Tovuti hii imebanwa kwenye Programu Zote."},{"$i":"pinSiteToAppsMenuCompletely","$v":"Tovuti hii imebanwa kwenye Menyu ya Programu."},{"$i":"siteWasPinnedToAllAppsBefore","$v":"Tovuti hii ilikuwa imebanwa kwenye Programu Zote awali."},{"$i":"siteWasPinnedToAppsMenuBefore","$v":"Tovuti hii ilikuwa imebanwa kwenye Menyu ya Programu kabla."},{"$i":"ext-bluetooth-req","$v":"Agizo la Kuoanisha"},{"$i":"ext-unknown","$v":"HAIJULIKANI"},{"$i":"ext-new-message","$v":"Ujumbe Mpya"},{"$i":"ext-new-mail","$v":"Barua Mpya"},{"$i":"ext-calendar-event","$v":"Tukio la Kalenda"},{"$i":"ext-new-notification","$v":"Notisi Mpya"},{"$i":"incoming","$v":"Inayoingia"},{"$i":"ext-volume-notification","$v":"Milio na taarifa"},{"$i":"ext-volume-content","$v":"Media"},{"$i":"ext-volume-alarm","$v":"King'ora"},{"$i":"ext-new-cmas","$v":"Dharura"},{"$i":"phone-storage-full-body","$v":"Kurekodi mazungumzo ya simu kumesitishwa. Futa faili za maudhui ya kucheza au data ya programu ili upate nafasi zaidi."},{"$i":"sd-card-full-title","$v":"SD Kadi Imejaa"},{"$i":"sd-card-full-body","$v":"Kurekodi mazungumzo ya simu kumesitishwa. Futa faili katika SD kadi ili upate nafasi zaidi."},{"$i":"supl-notification-title","$v":"Agizo la Eneo"},{"$i":"supl-notification-message","$v":"Eneo lako linatumwa wa mtoa huduma."},{"$i":"supl-verification-title","$v":"Agizo la Eneo"},{"$i":"supl-verification-message","$v":"Mtoa huduma anaagiza eneo lako. Unataka kumpatia mtoa huduma maelezo ya eneo lako?"},{"$i":"supl-verification-message-for-notification","$v":"Bofya hapa ili uthibitishe"},{"$i":"supl-verification-confirm","$v":"Ndiyo"},{"$i":"supl-verification-cancel","$v":"Hakuna"},{"$i":"supl-more-message","$v":["Ujumbe: ",{"t":"idOrVar","v":"id"}," (",{"t":"idOrVar","v":"message"},")"]},{"$i":"confirmPbapMsg","$v":[{"t":"idOrVar","v":"deviceId"}," ingependa kufikia anwani zako na kumbukumbu ya watu uliopigia simu. Ungependa kukubali?"]},{"$i":"confirmTitle","$v":"Agizo la Bluetooth"},{"$i":"initialValue","$v":"Ingiza ufunguo wa kipindi"},{"$i":"confirmMapMsg","$v":[{"t":"idOrVar","v":"deviceId"}," ingependa kufikia ujumbe wako. Ungependa kukubali?"]},{"$i":"wifiCallErrorMsg","$v":["Hitilafu ya simu ya Wi-Fi: ",{"t":"idOrVar","v":"error"}]},{"$i":"wifiCallMissEccTitle","$v":[{"t":"idOrVar","v":"operator"}," WiFi Calling"]},{"$i":"wifiCallMissEccMsg","$v":"Emergency calls in areas with cellular coverage only"},{"$i":"battery-full-title","$v":"Betri limejaa"},{"$i":"battery-full-body","$v":"Betri limechaji kabisa."},{"$i":"sim-config-title","$v":"Usanidi"},{"$i":"sim-config-content-init","$v":["Bonyeza ANZA ili usanidi simu yako ili iweze kutumia ",{"t":"idOrVar","v":"carrier"},"."]},{"$i":"sim-config-content-change","$v":["Ungependa kusanidi simu yako ili iweze kutumia ",{"t":"idOrVar","v":"carrier"},"?"]},{"$i":"sim-config-content-line1","$v":"Hongera!"},{"$i":"sim-config-content-restart","$v":"Zima na uwashe simu yako ili utekeleze mabadiliko."},{"$i":"sim-config-content-finish","$v":"Bonyeza Sawa ili ukamilishe."},{"$i":"sim-config-content-failed","$v":["Hatukupata wasifu wa ",{"t":"idOrVar","v":"carrier"},"."]},{"$i":"sim-config-button-restart","$v":"Washa upya"},{"$i":"sim-config-button-begin","$v":"Anza"},{"$i":"open-wifi-available","$v":"Fungua mitandao ya Wi-Fi inayopatikana"},{"$i":"wifi-available","$v":"Mitandao ya Wi-Fi inapatikana"},{"$i":"wifi-no-internet-title","$v":"Wi-Fi haina mtandao intaneti"},{"$i":"wifi-no-internet-body","$v":"Chaguo la chaguo"},{"$i":"wifi-no-internet-header","$v":"Mitandao ya Wi-Fi"},{"$i":"wifi-no-internet-content","$v":[{"t":"idOrVar","v":"name"}," haina muunganisho wa intaneti, ungependa kuendelea kuunganishwa?"]},{"$i":"ellipses_char","$v":"…"},{"$i":"fota-title-attention","$v":"Zingatia"},{"$i":"fota-upgrade-success","$v":["Usasisho wa Ngome umefaulu, Sasa kifaa chako kiko kwenye toleo la ",{"t":"idOrVar","v":"target"},"."]},{"$i":"fota-upgrade-failed","$v":"Usasisho haujafaulu, Toleo la awali limerejezwa."},{"$i":"fota-title-software-update","$v":"Usasisho wa Programu"},{"$i":"fota-message-software-update-available","$v":"Kuna sasisho."},{"$i":"fota-message-software-download-failed","$v":"Imeshindwa kupakua."},{"$i":"fota-message-software-download-complete","$v":"Upakuaji umekamilika."},{"$i":"network-issue-title","$v":"Hitilafu ya Mtandao"},{"$i":"network-issue-detail","$v":"Tafadhali kagua muunganisho wako."},{"$i":"device-issue-title","$v":"Hitilafu ya Kusakinisha"},{"$i":"device-issue-detail","$v":"Hitilafu isiyojulikana imetokea."},{"$i":"device-issue-update-title","$v":"Dosari katika Kusasisha"},{"$i":"install-generic-error","$v":"Upakuzi umesimamishwa."},{"$i":"account-authenticator-invaild-grant-notice-title","$v":"Hitilafu ya Akaunti"},{"$i":"account-authenticator-invaild-grant-notice-text","$v":"Ingia tena"},{"$i":"account-authenticator-no-network-error","$v":"Hakuna muunganisho wa intaneti."},{"$i":"account-authenticator-access-denied-error","$v":"Hitilafu isiyojulikana imetokea."},{"$i":"qtn_els_alert_high_vol","$v":"Arifa ya kiwango cha juu"},{"$i":"qtn_els_alert_in_call","$v":"Simu inayoingia"},{"$i":"GetEmptyUssdPrompt","$v":"Imepokea jibu tupu."},{"$i":"message-sent","$v":"Ujumbe umetumwa."},{"$i":"send","$v":"Tuma"},{"$i":"confirmation","$v":"Uthibitishaji"},{"$i":"kaistore-notice-title","$v":"KaiStore"},{"$i":"kaistore-notice-content","$v":"See what’s in store."},{"$i":"feedback-dialogview-header","$v":"Maoni"},{"$i":"feedback-dialogview-message","$v":"Maoni yako yanathaminiwa katika HMD Global, kwa hivyo tafadhali tuambie unachofikiria kuhusu simu yako mpya. Iwapo ungependa kushiriki kwenye uchunguzi huu baadaye, unaweza kuupata kutoka kwenye Mipangilio."},{"$i":"dataConnection-off","$v":"Utazima Data ya Rununu?"},{"$i":"dataConnection-off-content","$v":"Hutaweza kutumia programu au huduma zozote zinazohitaji muunganisho wa data isipokuwa kama utatumia Wi-Fi."},{"$i":"turn-off-location","$v":"Utazima huduma ya Eneo?"},{"$i":"turn-off-location-content","$v":"Huduma ya Eneo la kijiolojia haitapatikana ikiwa utazima huduma hii. Hata hivyo, huenda data ya rununu ikatozwa iwapo utaweka hii ikiwa imewashwa."},{"$i":"firefox-accounts-title","$v":"Akaunti za KaiOS"},{"$i":"firefox-accounts-title-sign-in","$v":"Ingia"},{"$i":"firefox-accounts-title-create-account","$v":"Unda Akaunti"},{"$i":"kaios-accounts-title-about-kaios-account","$v":"Kuhusu Akaunti ya KaiOS"},{"$i":"kaios-accounts-phone-verification","$v":"Uthibitishaji wa Simu"},{"$i":"kaios-accounts-title-account-info","$v":"Maelezo ya Akaunti"},{"$i":"fxa-next","$v":"Inayofuata"},{"$i":"fxa-back","$v":"Nyuma"},{"$i":"fxa-done","$v":"Gotoka"},{"$i":"fxa-ok","$v":"SAWA"},{"$i":"kai-verification-mail-has-been-sent","$v":"Kiungo cha uthibitishaji kimetumwa kwa"},{"$i":"fxa-decline","$v":"Kataa"},{"$i":"fxa-accept","$v":"Kubali"},{"$i":"fxa-sining-in","$v":"Unaingia..."},{"$i":"not-now","$v":"Sio Sasa Hivi"},{"$i":"send-sms","$v":"Tuma SMS"},{"$i":"resend-sms","$v":"Tuma SMS Tena"},{"$i":"fxa-connection-error-title","$v":"Haiwezi Kuunganisha"},{"$i":"fxa-connection-error-message","$v":"Unaweza kuunda akaunti au kuingia kutoka Mipangilio."},{"$i":"fxa-reset-password-error-title","$v":"Weka Nenosiri Upya"},{"$i":"fxa-reset-password-error-message","$v":"Unaweza kuweka nenosiri lako upya kutoka Mipangilio."},{"$i":"fxa-incorrect-email-address-or-password","$v":"anwani ya barua pepe au nenosiri la fxa sio sahihi"},{"$i":"fxa-internet-connection-is-required","$v":"muunganisho wa wavuti wa fxa unahitajika"},{"$i":"fxa-server-error","$v":"Kumetokea hitilafu ya seva, tafadhali jaribu tena baadaye."},{"$i":"fxa-server-error-2","$v":"Hitilafu"},{"$i":"fxa-server-error-message","$v":"Hujafungua akaunti. Tafadhali jaribu tena baadaye."},{"$i":"fxa-server-error-message-2","$v":"Seva haipatikani. Tafadhali jaribu tena baadaye."},{"$i":"fxa-offline-error-title","$v":"Haiwezi Kuunganisha"},{"$i":"fxa-offline-error-message","$v":"Tafadhali unganisha kwenye mtandao kutoka Mipangilio."},{"$i":"fxa-offline-error-message-1","$v":"Hakuna muunganisho wa intaneti."},{"$i":"fxa-invalid-email-title","$v":"Hitilafu"},{"$i":"fxa-invalid-email-message","$v":"Tafadhali ingiza barua pepe halali."},{"$i":"fxa-invalid-password-title","$v":"Hitilafu"},{"$i":"fxa-invalid-password-message","$v":"Anwani ya barua pepe au nenosiri sio sahihi"},{"$i":"fxa-invalid-password-message-1","$v":"Nenosiri sio sahihi."},{"$i":"fxa-unknown-error-title","$v":"Haiwezi Kuunganisha"},{"$i":"fxa-unknown-error-message","$v":"Mfumo haupatikani, jaribu tena hivi karibuni."},{"$i":"fxa-email-is-taken-title","$v":"Hitilafu"},{"$i":"fxa-email-is-taken-message","$v":"Tayari kuna akaunti ya barua pepe hii. Tafadhali ingia kwenye akaunti yako."},{"$i":"fxa-confirm-age-title","$v":"Hitilafu"},{"$i":"fxa-confirm-age-message","$v":"Tafadhali thibitisha kwamba umepitisha umri wa miaka 13"},{"$i":"fxa-account-does-not-exist","$v":"Hitilafu"},{"$i":"fxa-account-does-not-exist-message","$v":"Anwani ya barua pepe au nenosiri sio sahihi"},{"$i":"fxa-account-does-not-exist-message-1","$v":"Akaunti hii haipo."},{"$i":"fxa-password-dont-match","$v":"Hitilafu"},{"$i":"fxa-password-dont-match-message","$v":"Manenosiri hayalingani."},{"$i":"fxa-password-less","$v":"Hitilafu"},{"$i":"fxa-password-less-message","$v":"Nenosiri halijafikisha vibambo 8."},{"$i":"fxa-password-less-message-1","$v":"Nenosiri lina chini ya vibambo 8."},{"$i":"fxa-password-more","$v":"Hitilafu"},{"$i":"fxa-password-more-message","$v":"Nenosiri halijafikisha vibambo 20."},{"$i":"fxa-password-more-message-1","$v":"Nenosiri limezidi vibambo 20."},{"$i":"fxa-password-error","$v":"Hitilafu"},{"$i":"fxa-password-error-message","$v":"Lazima nenosiri liwe na kati ya vibambo 8-20 na mchanganyiko wa herufi na nambari."},{"$i":"fxa-connecting","$v":"Inaunganisha"},{"$i":"fxa-enter-phone-number-message","$v":"Tafadhali ingiza nambari yako ya simu. SMS itatumwa na uthibitishaji otomatiki utaanza."},{"$i":"fxa-sms-has-been-sent-message","$v":"SMS imetumwa, ukishaipokea uthibitishaji otomatiki utaanza. Tulia na ufurahie utaratibu!"},{"$i":"fxa-time-remaining","$v":"Muda unaosalia:"},{"$i":"fxa-sms-verification-failed-message","$v":"Uthibitishaji wa SMS haujafaulu. Tafadhali thibitisha simu yako na ubonyeze “Tuma SMS Tena” ili ujaribu tena."},{"$i":"fxa-phone-number-label","$v":"Nambari ya simu"},{"$i":"fxa-enter-your-infomation","$v":"Tafadhali ingiza maelezo yako."},{"$i":"fxa-birthday-label","$v":"Siku ya kuzaliwa"},{"$i":"fxa-birthday-select","$v":"Chagua"},{"$i":"fxa-gender-label","$v":"Jinsia"},{"$i":"fxa-gender-select","$v":"Chagua"},{"$i":"fxa-gender-male","$v":"Kiume"},{"$i":"fxa-gender-female","$v":"Kike"},{"$i":"fxa-gender-confidential","$v":"Faragha"},{"$i":"fxa-enter-email-input","placeholder":"Ingiza barua pepe yako"},{"$i":"fxa-use-email-to-sign-in","$v":"Tafadhali ingiza barua pepe yako. Barua pepe yako itakuwa jina la akaunti yako."},{"$i":"fxa-notice","$v":["Kwa kuendelea, ninakubaliana na ",{"t":"idOrVar","v":"tos"}," na ",{"t":"idOrVar","v":"pn"}," ua huduma za wimbu za KaiOS."]},{"$i":"fxa-placeholder","$v":"Andika Barua pepe yako hapa"},{"$i":"fxa-tos","$v":"Sheria za Huduma"},{"$i":"fxa-pn","$v":"Notisi ya Faragha"},{"$i":"fxa-create-account-title","$v":"Unda Akaunti"},{"$i":"fxa-show-age-title","$v":"Nimefikisha umri wa miaka 13"},{"$i":"fxa-enter-password-title","$v":"Tafadhali ingiza nenosiri. Nenosiri lako linahitaji kuwa na vibambo 8 - 12 na lazime liwe na herufi na nambari."},{"$i":"fxa-enter-password-title-1","$v":"Tafadhali ingiza nenosiri. Ni sharti liwe na vibambo 8 - 20 na lijumuishe herufi na nambari."},{"$i":"fxa-setup-password-title","$v":"Weka Nenosiri"},{"$i":"fxa-create-password-title","$v":"Unda Nenosiri"},{"$i":"fxa-hello-user","$v":["Hujambo, ",{"t":"idOrVar","v":"email"}]},{"$i":"fxa-password-refresh","$v":"Tafadhali ingiza nenosiri la Akaunti ya KaiOS ili uendelee."},{"$i":"fxa-password","$v":"Nenosiri","placeholder":"Nenosiri"},{"$i":"fxa-forgot-your-password","$v":"Umesahau nenosiri lako?"},{"$i":"fxa-show-password","$v":"Onyesha nenosiri"},{"$i":"fxa-password-length-requirement","$v":"Lazima nenosiri lako liwe na urefu wa angalalu vibambo 8."},{"$i":"fxa-confirm-account","$v":"Thibitisha Akaunti Yako"},{"$i":"fxa-will-send-email","$v":"Akaunti yako imeundwa."},{"$i":"fxa-signup-click-verification-link-in-email","$v":["Tumetuma barua pepe ya uthibitisho kwenye ",{"t":"idOrVar","v":"email"},". Tafadhali angalia kisanduku chako pokezi na uthibitishe na uamilishe akaunti yako."]},{"$i":"fxa-access-manage-account-settings","$v":"Kiungo cha uamilishaji kutachina baada ya saa 24."},{"$i":"fxa-signup-success-title","$v":"Akaunti Imeundwa"},{"$i":"about-kaios-account-text","$v":"Lorem ipsum dolor sit amet, con-sectetur adipiscing elit, sed do eiusmod tempor incididunt ut labore et dolore magna aliqua. Ut enim ad minim veniam, quis nos-trud exercitation ullamco laboris nisi ut aliquip ex ea commodo consequat. Duis aute irure dolor in reprehenderit in voluptate velit esse cillum dolore eu fugiat nulla pariatur. Excepteur sint occaecat cupidatat non proident, sunt in culpa qui officia deserunt mollit anim id est laborum."},{"$i":"about-kaios-account-text1","$v":"Akaunti ya KiaOS huhalalisha huduma za KaiOS.  Akaunti hii hutambua mtumiaji na kifaa na huruhusu ufikiaji wa vipengele kama vile udhibiti wa mbali wa vifaa na huduma zaidi."},{"$i":"about-kaios-account-text2","$v":"Kuunfa akaunti huhitaji anwani ya barua pepe na nenosiri.  Lazima mtumiaji athibitishe anwani ya barua pepe kupitia kiungo cha barua pepe kulichotumwa wakati wa uundaji wa akaunti.  Akaunti haitaamilishwa hadi anwani hii ya barua pepe ithibitishwe."},{"$i":"about-kaios-account-text3","$v":"Kwa kuendelea na uundaji wa akaunti, unakubaliana na notisi ya sheria na faragha."},{"$i":"fxa-signin-email","$v":"Jina la Akaunti"},{"$i":"fxa-signin-password","$v":"Nenosiri"},{"$i":"fxa-signin-success-title","$v":"Akaunti Yako"},{"$i":"fxa-signin-lsk","$v":"Nimesahau Nenosiri"},{"$i":"fxa-signin-rsk","$v":"Ingia"},{"$i":"fxa-change-password-title","$v":"Badilisha nenosiri"},{"$i":"fxa-change-password-description","$v":"Ingiza nenosiri lako la sasa na uweke nenosiri jipya."},{"$i":"fxa-new-password","$v":"Nenosiri Jipya"},{"$i":"fxa-changing-password","$v":"Unabadilisha nenosiri .."},{"$i":"fxa-forgot-password-title","$v":"Nimesahau Nenosiri"},{"$i":"fxa-forgot-password","$v":"nimesahau nenosiri"},{"$i":"fxa-forgot-password-sk","$v":"Nimesahau nenosiri"},{"$i":"fxa-forgot-password-success-title","$v":"Barua ya Kuweka Nenosiri Upya Imetumwa"},{"$i":"fxa-reset-password-succcess-content","$v":"Barua pepe ya kubadilisha nenosiri lako imetumwa kwenye akaunti yako ya barua pepe."},{"$i":"fxa-reset-password-succcess-content-part2","$v":"Tafadhali angalia kisanduku chako pokezi cha barua pepe na uweke nenosiri lako upya."},{"$i":"fxa-sign-out-title","$v":"Uzuiaji wa wizi umewezeshwa"},{"$i":"fxa-sign-out-intro","$v":"tafadhali thibitisha kwamba ungependa kuzima uzuiaji wa wizi na utoke."},{"$i":"fxa-sign-out-intro-1","$v":"tafadhali thibitisha kwamba ungependa kuzima programu ya kuzuia wizi na kuondoka."},{"$i":"fxa-signout-email","$v":"Akaunti Yako"},{"$i":"fxa-confirm-password","$v":"Thibitisha Nenosiri"},{"$i":"fxa-signing-out","$v":"Unatoka..."},{"$i":"fxa-sign-out-error-title","$v":"Hitilafu"},{"$i":"fxa-sign-out-error-message","$v":"Kuondoka kutoka kwenye akaunti hakujafaulu, tafadhali jaribu tena baadaye"},{"$i":"fxa-sign-out-error-message-1","$v":"Haujaondoka kwenye Akaunti, tafadhali jaribu tena baadaye"},{"$i":"fxa-connection-is-required-title","$v":"Hitilafu"},{"$i":"fxa-connection-is-required-message","$v":"Muunganisho wa wavuti unahitajika"},{"$i":"fxa-check-password-title","$v":"Lemaza Uzuiaji wa Wizi"},{"$i":"fxa-disable-antitheft-checkpassword-message","$v":"Tafadhali thibitisha kwamba ungependa kuzima uzuiaji wa wizi."},{"$i":"fxa-reset-factory-checkpassword-message","$v":"Ili uweke kifaa chako upya, unahitaji kuingiza nenosiri lako na ulemaze huduma ya uzuiaji wizi."},{"$i":"fxa-reset-factory-checkpassword-message-1","$v":"Ili kuweka upya kifaa chako, ingiza nenosiri na uzime programu ya kuzuia wizi."},{"$i":"fxa-enter-email-to-reset-password","$v":"Tafadhali ingiza anwani ya barua pepe ya akaunti yako, tutakutumia kiungo ili ubadilishe nenosiri."},{"$i":"fxa-enter-email-to-reset-password-1","$v":"Tafadhali ingiza anwani ya barua pepe ya akaunti yako, tutakutumia kiungo ili ubadilishe nenosiri."},{"$i":"fxa-account-not-found","$v":"Akaunti haipatikani. Tafadhali jaribu tena."},{"$i":"fxa-multiple-sign-in-attempts-title","$v":"Umejaribu Kuingia Mara Nyingi"},{"$i":"fxa-multiple-sign-in-attempts-content","$v":"Umeingiza nenosiri lisilo sahihi mara nyingi"},{"$i":"fxa-multiple-sign-in-attempts-content-1","$v":"Umeingiza nenosiri lisilo sahihi mara nyingi."},{"$i":"fxa-multiple-sign-in-attempts-content-retry","$v":"Tafadhali jaribu tena baadaye"},{"$i":"shortDateFormat","$v":"%B %d, %Y"},{"$i":"network-error-in-app","$v":"Hakuna ufikiaji wa Wavuti sasa hivi."},{"$i":"network-error-launching","$v":[{"t":"idOrVar","v":"name"}," linahitaji muunganisho wa Wavuti."]},{"$i":"network-error-launching-title","$v":"Hakuna muungano wa Intaneti"},{"$i":"network-error-launching-message","$v":"Tumia Wi-Fi au data ya simu kufikia Wavuti."},{"$i":"server-not-found","$v":"Seva haijapatikana"},{"$i":"server-not-found-error","$v":["Hakiwezi kupata seva katika ",{"t":"idOrVar","v":"name"},"."]},{"$i":"file-not-found","$v":"Faili haikupatikana"},{"$i":"file-not-found-error","$v":"Kifaa hakiwezi kuonyesha ukurasa huu kwa sababu faili haiwezi kupatikana."},{"$i":"connection-failed","$v":"Haiwezi kuunganisha"},{"$i":"connection-failed-error","$v":"Hitilafu ya mtandao ilitokea kifaa kikijaribu kufikia tovuti."},{"$i":"invalid-connection","$v":"Haiwezi kuunganisha"},{"$i":"invalid-connection-error","$v":"Hitilafu ya mtandao ilitokea kifaa kikijaribu kufikia tovuti."},{"$i":"malformed-uri","$v":"URL sio halali"},{"$i":"malformed-uri-error","$v":"URL uliyoingiza sio halali na haiwezi kupakiwa."},{"$i":"redirect-loop","$v":"Hakiwezi kuonyesha ukurasa"},{"$i":"redirect-loop-error","$v":"Kifaa hakiwezi kuonyesha ukurasa huu kwa sababu ukurasa hauelekezwe ipasavyo. Karibu ukurasa huu tena baadaye."},{"$i":"not-cached","$v":"Ukurasa umechina"},{"$i":"not-cached-error","$v":"Kama tahadhari ya usalama, ukurasa huu hauwezi kuonyeshwa na kifaa kwa sababu umechina."},{"$i":"is-printing","$v":"Ufikivu umekatazwa"},{"$i":"is-printing-error","$v":"Hati haiwezi kubadilika wakati wa Uchapishaji au katika Uhakiki wa Uchapishaji."},{"$i":"denied-port-access","$v":"Anwani imezuiwa"},{"$i":"denied-port-access-error","$v":"Anwani hii hutumia lango la mtandao ambalo kwa kawaida hutumiwa kwa madhumuni mengine mbali ya kuvinjari Wavuti. Kifaa kimeghairi agizo la ulinzi wako."},{"$i":"proxy-resolve-failure","$v":"Hitilafu ya Seva ya Proksi"},{"$i":"proxy-resolve-failure-error","$v":"Kifaa kimesanidiwa kutumia seva ya proksi ambayo haiwezi kupatikana."},{"$i":"proxy-connect-failure","$v":"Hitilafu ya Seva ya Proksi"},{"$i":"proxy-connect-failure-error","$v":"Kifaa kimesanidiwa kutumia seva ya proksi inayokataa muunganisho."},{"$i":"content-encoding","$v":"Hakiwezi kuonyesha ukurasa"},{"$i":"content-encoding-error","$v":"Kifaa hakiwezi kuonyesha ukurasa huu kwa sababu hitilafu ya usimbaji wa maudhui imetokea."},{"$i":"remote-xul","$v":"Ukurasa haukubaliwi"},{"$i":"remote-xul-error","$v":"Ukurasa huu hauwezi kuonyeshwa kwa sababu unatumia teknolojia ambayo haikubaliwi kwenye kifaa."},{"$i":"phishing-blocked","$v":"Onyo"},{"$i":"phishing-blocked-error","$v":"Tovuti imeripotiwa kama tovuti iliyoigwa iliyoundwa kuwadanganya watumiaji kushiriki taarifa yako ya kibinafsi au kifedha."},{"$i":"malware-blocked","$v":"Shambulio la programu hasidi limezuiwa"},{"$i":"malware-blocked-error","$v":"Tovuti imeripotiwa kama tovuti ya shambulio. Kifaa kimezuia agizo la ulinzi wako."},{"$i":"unsafe-content-type","$v":"Maudhui yasiyo salama"},{"$i":"unsafe-content-type-error","$v":"Ukurasa hauwezi kuonyeshwa kwa sababu huenda usiwe salama kufungua."},{"$i":"corrupted-content","$v":"Haiwezi kuunganisha"},{"$i":"corrupted-content-error","$v":"Ukurasa hauwezi kuonyeshwa kwa sababu hitilafu ya urushaji wa data umegunduliwa."},{"$i":"unknown-protocol-found","$v":"Ukurasa haukubaliwi"},{"$i":"unknown-protocol-found-error","$v":"Ukurasa hauwezi kuonyeshwa kwa sababu unatumia teknolojia ambayo haikubaliwi kwenye kifaa."},{"$i":"try-again","$v":"Jaribu tena"},{"$i":"check-settings","$v":"Kagua mipangilio"},{"$i":"brandShortName","$v":"KaiOS"},{"$i":"browserBrandShortName","$v":"Web Browser"},{"$i":"browserBrandFullName","$v":"Mozilla Web Browser"},{"$i":"ringtoneBrandName","$v":"Default"},{"$i":"ringtoneSectionBrandName","$v":"System"},{"$i":"accessibility-enableScreenReaderSteps","$v":"Ili uwezeshe kisoma skrini, bonyeza vitufe vya kuongeza na kupunguza kiwango-sauti mara tatu zaidi"},{"$i":"accessibility-disableScreenReaderSteps","$v":"Ili ulemaze kisoma skrini, bonyeza vitufe vya kuongeza na kupunguza kiwango-sauti mara tatu zaidi"},{"$i":"accessibility-screenReaderStarted","$v":"Kisoma skrini kimeanzishwa"},{"$i":"accessibility-screenReaderStopped","$v":"Kisoma skrini kimeanzishwa"},{"$i":"accessibility-menubar","$v":"mwambaa wa menyu"},{"$i":"accessibility-scrollbar","$v":"bingiriza mwambaa"},{"$i":"accessibility-grip","$v":"mkamato"},{"$i":"accessibility-alert","$v":"arifa"},{"$i":"accessibility-menupopup","$v":"kidukizo cha menyu"},{"$i":"accessibility-document","$v":"hati"},{"$i":"accessibility-pane","$v":"kidirisha"},{"$i":"accessibility-dialog","$v":"majadiliano"},{"$i":"accessibility-separator","$v":"kitenganishi"},{"$i":"accessibility-toolbar","$v":"mwambaa wa zana"},{"$i":"accessibility-statusbar","$v":"mwambaa wa hali"},{"$i":"accessibility-table","$v":"jedwali"},{"$i":"accessibility-columnheader","$v":"kichwa cha safuwima"},{"$i":"accessibility-rowheader","$v":"kichwa cha safumlalo"},{"$i":"accessibility-column","$v":"safuwima"},{"$i":"accessibility-row","$v":"safumlalo"},{"$i":"accessibility-cell","$v":"seli"},{"$i":"accessibility-link","$v":"kiungo"},{"$i":"accessibility-list","$v":"orodha"},{"$i":"accessibility-listitem","$v":"orodhesha kipengele"},{"$i":"accessibility-outline","$v":"mpangilio"},{"$i":"accessibility-outlineitem","$v":"panga kipengele"},{"$i":"accessibility-pagetab","$v":"kichupo"},{"$i":"accessibility-propertypage","$v":"ukurasa wa sifa"},{"$i":"accessibility-graphic","$v":"mchoro"},{"$i":"accessibility-pushbutton","$v":"kitufe"},{"$i":"accessibility-checkbutton","$v":"kitufe cha kagua"},{"$i":"accessibility-radiobutton","$v":"kitufe cha redio"},{"$i":"accessibility-combobox","$v":"kisanduku cha udhibiti"},{"$i":"accessibility-progressbar","$v":"mwambaa wa maendeleo"},{"$i":"accessibility-slider","$v":"slaida"},{"$i":"accessibility-spinbutton","$v":"kitufe cha kuzungusha"},{"$i":"accessibility-diagram","$v":"mchoro"},{"$i":"accessibility-animation","$v":"uhuishaji"},{"$i":"accessibility-equation","$v":"mlinganyo"},{"$i":"accessibility-buttonmenu","$v":"menyu ya vitufe"},{"$i":"accessibility-whitespace","$v":"nafasi nyeupe"},{"$i":"accessibility-pagetablist","$v":"orodha ya vichupo"},{"$i":"accessibility-canvas","$v":"shira"},{"$i":"accessibility-checkmenuitem","$v":"kagua kipengele cha menyu"},{"$i":"accessibility-label","$v":"lebo"},{"$i":"accessibility-passwordtext","$v":"maandishi ya nenosiri"},{"$i":"accessibility-radiomenuitem","$v":"kipengele cha menyu ya redio"},{"$i":"accessibility-textcontainer","$v":"kontena ya maandishi"},{"$i":"accessibility-togglebutton","$v":"kitufe cha tuglu"},{"$i":"accessibility-treetable","$v":"jedwali mti"},{"$i":"accessibility-header","$v":"kichwa"},{"$i":"accessibility-footer","$v":"kijachini"},{"$i":"accessibility-paragraph","$v":"aya"},{"$i":"accessibility-entry","$v":"ingizo"},{"$i":"accessibility-caption","$v":"maelezo mafupi"},{"$i":"accessibility-heading","$v":"kichwa"},{"$i":"accessibility-section","$v":"fungu"},{"$i":"accessibility-form","$v":"fomu"},{"$i":"accessibility-comboboxlist","$v":"orodha ya kisanduku cha udhibiti"},{"$i":"accessibility-comboboxoption","$v":"chaguo la kisanduku cha udhibiti"},{"$i":"accessibility-imagemap","$v":"ramani ya picha"},{"$i":"accessibility-listboxoption","$v":"chaguo"},{"$i":"accessibility-listbox","$v":"Kisanduku cha orodha"},{"$i":"accessibility-flatequation","$v":"mlinganyo tambarare"},{"$i":"accessibility-gridcell","$v":"seli-gridi"},{"$i":"accessibility-note","$v":"dokezo"},{"$i":"accessibility-figure","$v":"umbo"},{"$i":"accessibility-definitionlist","$v":"orodha ya ufafanuzi"},{"$i":"accessibility-term","$v":"neno"},{"$i":"accessibility-definition","$v":"ufafanuzi"},{"$i":"accessibility-textarea","$v":"eneo la maandishi"},{"$i":"accessibility-textInputType_date","$v":"tarehe"},{"$i":"accessibility-textInputType_email","$v":"barua pepe"},{"$i":"accessibility-textInputType_search","$v":"tafuta"},{"$i":"accessibility-textInputType_tel","$v":"simu"},{"$i":"accessibility-textInputType_url","$v":"URL"},{"$i":"accessibility-headingLevel","$v":["kiwango cha kuchwa ",{"t":"idOrVar","v":"0"}]},{"$i":"accessibility-listStart","$v":"Kipengele cha kwanza"},{"$i":"accessibility-listEnd","$v":"Kipengele cha mwisho"},{"$i":"accessibility-listItemsCount","$v":{"few":["Vipengele ",{"t":"idOrVar","v":"count"}],"many":["Vipengele ",{"t":"idOrVar","v":"count"}],"one":["Kipengele ",{"t":"idOrVar","v":"count"}],"other":["Vipengele ",{"t":"idOrVar","v":"count"}],"two":["Vipengele ",{"t":"idOrVar","v":"count"}],"zero":["Vipengele ",{"t":"idOrVar","v":"count"}]},"$x":[{"t":"idOrVar","v":"plural"},"count"]},{"$i":"accessibility-objItemOfN","$v":[{"t":"idOrVar","v":"0"}," kati ya ",{"t":"idOrVar","v":"1"}]},{"$i":"accessibility-banner","$v":"bango"},{"$i":"accessibility-complementary","$v":"nyongeza"},{"$i":"accessibility-contentinfo","$v":"maelezo ya maudhui"},{"$i":"accessibility-main","$v":"kuu"},{"$i":"accessibility-navigation","$v":"urambazaji"},{"$i":"accessibility-search","$v":"tafuta"},{"$i":"accessibility-tblColumnInfo","$v":{"few":["na safuwima ",{"t":"idOrVar","v":"count"}],"many":["na safuwima ",{"t":"idOrVar","v":"count"}],"one":["na safuwima ",{"t":"idOrVar","v":"count"}],"other":["na safuwima ",{"t":"idOrVar","v":"count"}],"two":["na safuwima ",{"t":"idOrVar","v":"count"}],"zero":["na safuwima ",{"t":"idOrVar","v":"count"}]},"$x":[{"t":"idOrVar","v":"plural"},"count"]},{"$i":"accessibility-tblRowInfo","$v":{"few":["na safuwima ",{"t":"idOrVar","v":"count"}],"many":["na safuwima ",{"t":"idOrVar","v":"count"}],"one":["na safuwima ",{"t":"idOrVar","v":"count"}],"other":["na safuwima ",{"t":"idOrVar","v":"count"}],"two":["na safuwima ",{"t":"idOrVar","v":"count"}],"zero":["na safuwima ",{"t":"idOrVar","v":"count"}]},"$x":[{"t":"idOrVar","v":"plural"},"count"]},{"$i":"accessibility-columnInfo","$v":["Safuwima ",{"t":"idOrVar","v":"0"}]},{"$i":"accessibility-rowInfo","$v":["Safumlalo ",{"t":"idOrVar","v":"0"}]},{"$i":"accessibility-spansColumns","$v":{"few":["huenda safuwima ",{"t":"idOrVar","v":"0"}],"many":["huenda safuwima ",{"t":"idOrVar","v":"0"}],"one":["huenda safuwima ",{"t":"idOrVar","v":"0"}],"other":["huenda safuwima ",{"t":"idOrVar","v":"0"}],"two":["huenda safuwima ",{"t":"idOrVar","v":"0"}],"zero":["huenda safuwima ",{"t":"idOrVar","v":"0"}]},"$x":[{"t":"idOrVar","v":"plural"},"0"]},{"$i":"accessibility-spansRows","$v":{"few":["huenda safumlalo ",{"t":"idOrVar","v":"0"}],"many":["huenda safumlalo ",{"t":"idOrVar","v":"0"}],"one":["huenda safumlalo ",{"t":"idOrVar","v":"0"}],"other":["huenda safumlalo ",{"t":"idOrVar","v":"0"}],"two":["huenda safumlalo ",{"t":"idOrVar","v":"0"}],"zero":["huenda safumlalo ",{"t":"idOrVar","v":"0"}]},"$x":[{"t":"idOrVar","v":"plural"},"0"]},{"$i":"accessibility-jumpAction","$v":"imerukwa"},{"$i":"accessibility-pressAction","$v":"imebonyezwa"},{"$i":"accessibility-checkAction","$v":"imekaguliwa"},{"$i":"accessibility-uncheckAction","$v":"alama imetolewa"},{"$i":"accessibility-selectAction","$v":"imechaguliwa"},{"$i":"accessibility-unselectAction","$v":"uteuzi umebatiliwa"},{"$i":"accessibility-openAction","$v":"imefunguliwa"},{"$i":"accessibility-closeAction","$v":"imefungwa"},{"$i":"accessibility-switchAction","$v":"imegeuzwa"},{"$i":"accessibility-clickAction","$v":"imebonyezwa"},{"$i":"accessibility-collapseAction","$v":"imekunjwa"},{"$i":"accessibility-expandAction","$v":"imepanuliwa"},{"$i":"accessibility-activateAction","$v":"amilishwa"},{"$i":"accessibility-cycleAction","$v":"imezungushwa"},{"$i":"accessibility-hidden","$v":"imefichwa"},{"$i":"accessibility-tabLoading","$v":"kupakia"},{"$i":"accessibility-tabLoaded","$v":"imepakiwa"},{"$i":"accessibility-tabNew","$v":"kichupo kipya"},{"$i":"accessibility-tabLoadStopped","$v":"upakiaji umesimamishwa"},{"$i":"accessibility-tabReload","$v":"kupakia upya"},{"$i":"accessibility-stateChecked","$v":"imekaguliwa"},{"$i":"accessibility-stateNotChecked","$v":"haujakaguliwa"},{"$i":"accessibility-statePressed","$v":"imebonyezwa"},{"$i":"accessibility-stateExpanded","$v":"imepanuliwa"},{"$i":"accessibility-stateCollapsed","$v":"imekunjwa"},{"$i":"accessibility-stateUnavailable","$v":"haipatikani"},{"$i":"accessibility-stateRequired","$v":"inahitajika"},{"$i":"accessibility-stateTraversed","$v":"imetembelewa"},{"$i":"accessibility-stateHasPopup","$v":"imeibuka"},{"$i":"accessibility-stateSelected","$v":"imechaguliwa"},{"$i":"accessibility-editingMode","$v":"kuhariri"},{"$i":"accessibility-navigationMode","$v":"kurambaza"},{"$i":"accessibility-quicknav_Simple","$v":"Chaguo-msingi"},{"$i":"accessibility-quicknav_Anchor","$v":"Nanga"},{"$i":"accessibility-quicknav_Button","$v":"Vitufe"},{"$i":"accessibility-quicknav_Combobox","$v":"Visanduku vya udhibiti"},{"$i":"accessibility-quicknav_Landmark","$v":"Minara"},{"$i":"accessibility-quicknav_Entry","$v":"Maingizo"},{"$i":"accessibility-quicknav_FormElement","$v":"Vipengele vya umbo"},{"$i":"accessibility-quicknav_Graphic","$v":"Picha"},{"$i":"accessibility-quicknav_Heading","$v":"Vichwa"},{"$i":"accessibility-quicknav_ListItem","$v":"Orodhesha vipengele"},{"$i":"accessibility-quicknav_Link","$v":"Viungo"},{"$i":"accessibility-quicknav_List","$v":"Orodha"},{"$i":"accessibility-quicknav_PageTab","$v":"Vichuo vya ukurasa"},{"$i":"accessibility-quicknav_RadioButton","$v":"Vitufe vya redio"},{"$i":"accessibility-quicknav_Separator","$v":"Vitenganishi"},{"$i":"accessibility-quicknav_Table","$v":"Majedwali"},{"$i":"accessibility-quicknav_Checkbox","$v":"Visanduku vya ukaguzi"},{"$i":"accessibility-menubarAbbr","$v":"mwambaa wa menyu"},{"$i":"accessibility-scrollbarAbbr","$v":"bingiriza mwambaa"},{"$i":"accessibility-gripAbbr","$v":"mkamato"},{"$i":"accessibility-alertAbbr","$v":"arifa"},{"$i":"accessibility-menupopupAbbr","$v":"kidukizo cha menyu"},{"$i":"accessibility-documentAbbr","$v":"hati"},{"$i":"accessibility-paneAbbr","$v":"kidirisha"},{"$i":"accessibility-dialogAbbr","$v":"majadiliano"},{"$i":"accessibility-separatorAbbr","$v":"kitenganishi"},{"$i":"accessibility-toolbarAbbr","$v":"mwambaa wa zana"},{"$i":"accessibility-statusbarAbbr","$v":"mwambaa wa hali"},{"$i":"accessibility-tableAbbr","$v":"tbl"},{"$i":"accessibility-columnheaderAbbr","$v":"kichwa cha safuwima"},{"$i":"accessibility-rowheaderAbbr","$v":"kichwa cha safumlalo"},{"$i":"accessibility-columnAbbr","$v":"safuwima"},{"$i":"accessibility-rowAbbr","$v":"safumlalo"},{"$i":"accessibility-cellAbbr","$v":"seli"},{"$i":"accessibility-linkAbbr","$v":"Wino"},{"$i":"accessibility-listAbbr","$v":"orodha"},{"$i":"accessibility-listitemAbbr","$v":"orodhesha kipengele"},{"$i":"accessibility-outlineAbbr","$v":"mpangilio"},{"$i":"accessibility-outlineitemAbbr","$v":"panga kipengele"},{"$i":"accessibility-pagetabAbbr","$v":"kichupo"},{"$i":"accessibility-propertypageAbbr","$v":"ukurasa wa sifa"},{"$i":"accessibility-graphicAbbr","$v":"mchoro"},{"$i":"accessibility-pushbuttonAbbr","$v":"btn"},{"$i":"accessibility-checkbuttonAbbr","$v":"kitufe cha kagua"},{"$i":"accessibility-radiobuttonAbbr","$v":"kitufe cha redio"},{"$i":"accessibility-comboboxAbbr","$v":"kisanduku cha udhibiti"},{"$i":"accessibility-progressbarAbbr","$v":"mwambaa wa maendeleo"},{"$i":"accessibility-sliderAbbr","$v":"slaida"},{"$i":"accessibility-spinbuttonAbbr","$v":"kitufe cha kuzungusha"},{"$i":"accessibility-diagramAbbr","$v":"mchoro"},{"$i":"accessibility-animationAbbr","$v":"uhuishaji"},{"$i":"accessibility-equationAbbr","$v":"mlinganyo"},{"$i":"accessibility-buttonmenuAbbr","$v":"menyu ya vitufe"},{"$i":"accessibility-whitespaceAbbr","$v":"nafasi nyeupe"},{"$i":"accessibility-pagetablistAbbr","$v":"orodha ya vichupo"},{"$i":"accessibility-canvasAbbr","$v":"shira"},{"$i":"accessibility-checkmenuitemAbbr","$v":"kagua kipengele cha menyu"},{"$i":"accessibility-labelAbbr","$v":"lebo"},{"$i":"accessibility-passwordtextAbbr","$v":"maandishi ya nenosiri"},{"$i":"accessibility-radiomenuitemAbbr","$v":"kipengele cha menyu ya redio"},{"$i":"accessibility-textcontainerAbbr","$v":"kontena ya maandishi"},{"$i":"accessibility-togglebuttonAbbr","$v":"kitufe cha tuglu"},{"$i":"accessibility-treetableAbbr","$v":"jedwali mti"},{"$i":"accessibility-headerAbbr","$v":"kichwa"},{"$i":"accessibility-footerAbbr","$v":"kijachini"},{"$i":"accessibility-paragraphAbbr","$v":"aya"},{"$i":"accessibility-entryAbbr","$v":"ingizo"},{"$i":"accessibility-captionAbbr","$v":"maelezo mafupi"},{"$i":"accessibility-headingAbbr","$v":"kichwa"},{"$i":"accessibility-sectionAbbr","$v":"fungu"},{"$i":"accessibility-formAbbr","$v":"fomu"},{"$i":"accessibility-comboboxlistAbbr","$v":"orodha ya kisanduku cha udhibiti"},{"$i":"accessibility-comboboxoptionAbbr","$v":"chaguo la kisanduku cha udhibiti"},{"$i":"accessibility-imagemapAbbr","$v":"ramani ya picha"},{"$i":"accessibility-listboxoptionAbbr","$v":"chaguo"},{"$i":"accessibility-listboxAbbr","$v":"Kisanduku cha orodha"},{"$i":"accessibility-flatequationAbbr","$v":"mlinganyo tambarare"},{"$i":"accessibility-gridcellAbbr","$v":"seli-gridi"},{"$i":"accessibility-noteAbbr","$v":"dokezo"},{"$i":"accessibility-figureAbbr","$v":"umbo"},{"$i":"accessibility-definitionlistAbbr","$v":"orodha ya ufafanuzi"},{"$i":"accessibility-termAbbr","$v":"neno"},{"$i":"accessibility-definitionAbbr","$v":"ufafanuzi"},{"$i":"accessibility-textareaAbbr","$v":"eneo la maandishi"},{"$i":"accessibility-tblColumnInfoAbbr","$v":{"few":["c ",{"t":"idOrVar","v":"count"}],"many":["c ",{"t":"idOrVar","v":"count"}],"one":["c ",{"t":"idOrVar","v":"count"}],"other":["c ",{"t":"idOrVar","v":"count"}],"two":["c ",{"t":"idOrVar","v":"count"}]},"$x":[{"t":"idOrVar","v":"plural"},"count"]},{"$i":"accessibility-tblRowInfoAbbr","$v":{"few":["r ",{"t":"idOrVar","v":"count"}],"many":["r ",{"t":"idOrVar","v":"count"}],"one":["r ",{"t":"idOrVar","v":"count"}],"other":["r ",{"t":"idOrVar","v":"count"}],"two":["r ",{"t":"idOrVar","v":"count"}]},"$x":[{"t":"idOrVar","v":"plural"},"count"]},{"$i":"accessibility-cellInfoAbbr","$v":["c",{"t":"idOrVar","v":"0"},"r",{"t":"idOrVar","v":"1"}]},{"$i":"accessibility-stateCheckedAbbr","$v":"(x)"},{"$i":"accessibility-stateUncheckedAbbr","$v":"( )"},{"$i":"accessibility-statePressedAbbr","$v":"(x)"},{"$i":"accessibility-stateUnpressedAbbr","$v":"( )"},{"$i":"accessibility-pushbutton-hint","$v":"Gusa mara mbili ili uamilishe"},{"$i":"accessibility-checkbutton-hint","$v":"Gusa mara mbili ili uamilishe"},{"$i":"accessibility-combobox-hint","$v":"Gusa mara mbili ili uamilishe"},{"$i":"accessibility-key-hint","$v":"Gusa na ushikilie ili uamilishe"},{"$i":"accessibility-link-hint","$v":"Gusa mara mbili ili uamilishe"},{"$i":"accessibility-menuitem-hint","$v":"Gusa mara mbili ili uamilishe"},{"$i":"accessibility-option-hint","$v":"Gusa mara mbili ili uamilishe"},{"$i":"accessibility-radiobutton-hint","$v":"Gusa mara mbili ili uamilishe"},{"$i":"accessibility-slider-hint","$v":"Telezesha juu ili uongeze au chini ili upunguze"},{"$i":"accessibility-spinbutton-hint","$v":"Telezesha juu ili uongeze au chini ili upunguze"},{"$i":"accessibility-pagetab-hint","$v":"Gusa mara mbili ili uamilishe"},{"$i":"accessibility-entry-hint","$v":"Gusa mara mbili ili uamilishe"},{"$i":"accessibility-outlineitem-hint","$v":"Gusa mara mbili ili uamilishe"},{"$i":"SoftLeft","$v":"Kibonye chepesi cha kushoto"},{"$i":"Enter","$v":"Kibonye cha SAWA"},{"$i":"SoftRight","$v":"Kibonye chepesi cha kulia"},{"$i":"weekday-0-long","$v":"Jumapili"},{"$i":"weekday-1-long","$v":"Jumatatu"},{"$i":"weekday-2-long","$v":"Jumanne"},{"$i":"weekday-3-long","$v":"Jumatano"},{"$i":"weekday-4-long","$v":"Alhamisi"},{"$i":"weekday-5-long","$v":"Ijumaa"},{"$i":"weekday-6-long","$v":"Jumamosi"},{"$i":"weekday-0-short","$v":"Jumapili"},{"$i":"weekday-1-short","$v":"Jumatatu"},{"$i":"weekday-2-short","$v":"Jumanne"},{"$i":"weekday-3-short","$v":"Jumatano"},{"$i":"weekday-4-short","$v":"Alhamisi"},{"$i":"weekday-5-short","$v":"Ijumaa"},{"$i":"weekday-6-short","$v":"Jumamosi"},{"$i":"month-0-long","$v":"Januari"},{"$i":"month-1-long","$v":"Februari"},{"$i":"month-2-long","$v":"Machi"},{"$i":"month-3-long","$v":"Aprili"},{"$i":"month-4-long","$v":"Mei"},{"$i":"month-5-long","$v":"Juni"},{"$i":"month-6-long","$v":"Julai"},{"$i":"month-7-long","$v":"Agosti"},{"$i":"month-8-long","$v":"Septemba"},{"$i":"month-9-long","$v":"Oktoba"},{"$i":"month-10-long","$v":"Novemba"},{"$i":"month-11-long","$v":"Desemba"},{"$i":"month-0-genitive","$v":"Januari"},{"$i":"month-1-genitive","$v":"Februari"},{"$i":"month-2-genitive","$v":"Machi"},{"$i":"month-3-genitive","$v":"Aprili"},{"$i":"month-4-genitive","$v":"Mei"},{"$i":"month-5-genitive","$v":"Juni"},{"$i":"month-6-genitive","$v":"Julai"},{"$i":"month-7-genitive","$v":"Agosti"},{"$i":"month-8-genitive","$v":"Septemba"},{"$i":"month-9-genitive","$v":"Oktoba"},{"$i":"month-10-genitive","$v":"Novemba"},{"$i":"month-11-genitive","$v":"Desemba"},{"$i":"month-0-short","$v":"Januari"},{"$i":"month-1-short","$v":"Februari"},{"$i":"month-2-short","$v":"Machi"},{"$i":"month-3-short","$v":"Aprili"},{"$i":"month-4-short","$v":"Mei"},{"$i":"month-5-short","$v":"Juni"},{"$i":"month-6-short","$v":"Julai"},{"$i":"month-7-short","$v":"Agosti"},{"$i":"month-8-short","$v":"Septemba"},{"$i":"month-9-short","$v":"Oktoba"},{"$i":"month-10-short","$v":"Novemba"},{"$i":"month-11-short","$v":"Disemba"},{"$i":"minutes-ago-long","$v":{"few":["dakika ",{"t":"idOrVar","v":"value"}," zilizopita"],"many":["dakika ",{"t":"idOrVar","v":"value"}," zilizopita"],"one":"dakika moja iliyopita","other":["dakika ",{"t":"idOrVar","v":"value"}," zilizopita"],"two":["dakika ",{"t":"idOrVar","v":"value"}," zilizopita"],"zero":"sasa hivi tu"},"$x":[{"t":"idOrVar","v":"plural"},"value"]},{"$i":"hours-ago-long","$v":{"few":["saa ",{"t":"idOrVar","v":"value"}," zilizopita"],"many":["saa ",{"t":"idOrVar","v":"value"}," zilizopita"],"one":"saa moja iliyopita","other":["saa ",{"t":"idOrVar","v":"value"}," zilizopita"],"two":["saa ",{"t":"idOrVar","v":"value"}," zilizopita"],"zero":"sasa hivi tu"},"$x":[{"t":"idOrVar","v":"plural"},"value"]},{"$i":"days-ago-long","$v":{"few":["Siku ",{"t":"idOrVar","v":"value"}," zilizopita"],"many":["Siku ",{"t":"idOrVar","v":"value"}," zilizopita"],"one":"jana","other":["Siku ",{"t":"idOrVar","v":"value"}," zilizopita"],"two":["Siku ",{"t":"idOrVar","v":"value"}," zilizopita"],"zero":"leo"},"$x":[{"t":"idOrVar","v":"plural"},"value"]},{"$i":"weeks-ago-long","$v":{"few":["wiki ",{"t":"idOrVar","v":"value"}," zilizopita"],"many":["wiki ",{"t":"idOrVar","v":"value"}," zilizopita"],"one":"wiki iliyopita","other":["wiki ",{"t":"idOrVar","v":"value"}," zilizopita"],"two":["wiki ",{"t":"idOrVar","v":"value"}," zilizopita"],"zero":"wiki hii"},"$x":[{"t":"idOrVar","v":"plural"},"value"]},{"$i":"months-ago-long","$v":{"few":["miezi ",{"t":"idOrVar","v":"value"}," iliyopita"],"many":["miezi ",{"t":"idOrVar","v":"value"}," iliyopita"],"one":"mwezi uliopita","other":["miezi ",{"t":"idOrVar","v":"value"}," iliyopita"],"two":["miezi ",{"t":"idOrVar","v":"value"}," iliyopita"],"zero":"mwezi huu"},"$x":[{"t":"idOrVar","v":"plural"},"value"]},{"$i":"years-ago-long","$v":{"few":["mwaka ",{"t":"idOrVar","v":"value"}," uliopita"],"many":["mwaka ",{"t":"idOrVar","v":"value"}," uliopita"],"one":"mwaka jana","other":["mwaka ",{"t":"idOrVar","v":"value"}," uliopita"],"two":["mwaka ",{"t":"idOrVar","v":"value"}," uliopita"],"zero":"mwaka huu"},"$x":[{"t":"idOrVar","v":"plural"},"value"]},{"$i":"minutes-until-long","$v":{"few":["baada ya dakika ",{"t":"idOrVar","v":"value"}],"many":["baada ya dakika ",{"t":"idOrVar","v":"value"}],"one":"baada ya dakika moja","other":["baada ya dakika ",{"t":"idOrVar","v":"value"}],"two":["baada ya dakika ",{"t":"idOrVar","v":"value"}],"zero":"sasa hivi"},"$x":[{"t":"idOrVar","v":"plural"},"value"]},{"$i":"hours-until-long","$v":{"few":["baada ya saa ",{"t":"idOrVar","v":"value"}],"many":["baada ya saa ",{"t":"idOrVar","v":"value"}],"one":"baada ya saa moja","other":["baada ya saa ",{"t":"idOrVar","v":"value"}],"two":["baada ya saa ",{"t":"idOrVar","v":"value"}],"zero":"sasa hivi"},"$x":[{"t":"idOrVar","v":"plural"},"value"]},{"$i":"days-until-long","$v":{"few":["baada ya siku ",{"t":"idOrVar","v":"value"}],"many":["baada ya siku ",{"t":"idOrVar","v":"value"}],"one":"kesho","other":["baada ya siku ",{"t":"idOrVar","v":"value"}],"two":["baada ya siku ",{"t":"idOrVar","v":"value"}],"zero":"leo"},"$x":[{"t":"idOrVar","v":"plural"},"value"]},{"$i":"weeks-until-long","$v":{"few":["baada ya wiki ",{"t":"idOrVar","v":"value"}],"many":["baada ya wiki ",{"t":"idOrVar","v":"value"}],"one":"wiki ijayo","other":["baada ya wiki ",{"t":"idOrVar","v":"value"}],"two":["baada ya wiki ",{"t":"idOrVar","v":"value"}],"zero":"wiki hii"},"$x":[{"t":"idOrVar","v":"plural"},"value"]},{"$i":"months-until-long","$v":{"few":["baada ya miezi ",{"t":"idOrVar","v":"value"}],"many":["baada ya miezi ",{"t":"idOrVar","v":"value"}],"one":"mwezi ujao","other":["baada ya miezi ",{"t":"idOrVar","v":"value"}],"two":["baada ya miezi ",{"t":"idOrVar","v":"value"}],"zero":"mwezi huu"},"$x":[{"t":"idOrVar","v":"plural"},"value"]},{"$i":"years-until-long","$v":{"few":["baada ya miaka ",{"t":"idOrVar","v":"value"}],"many":["baada ya miaka ",{"t":"idOrVar","v":"value"}],"one":"mwaka ujao","other":["baada ya miaka ",{"t":"idOrVar","v":"value"}],"two":["baada ya miaka ",{"t":"idOrVar","v":"value"}],"zero":"mwaka huu"},"$x":[{"t":"idOrVar","v":"plural"},"value"]},{"$i":"minutes-ago-short","$v":{"other":["dakika ",{"t":"idOrVar","v":"value"}," iliyopita"],"zero":"sasa hivi tu"},"$x":[{"t":"idOrVar","v":"plural"},"value"]},{"$i":"hours-ago-short","$v":{"other":["saa ",{"t":"idOrVar","v":"value"}," iliyopita"],"zero":"sasa hivi tu"},"$x":[{"t":"idOrVar","v":"plural"},"value"]},{"$i":"days-ago-short","$v":{"other":["Siku ",{"t":"idOrVar","v":"value"}," iliyopita"],"zero":"leo"},"$x":[{"t":"idOrVar","v":"plural"},"value"]},{"$i":"minutes-until-short","$v":{"other":["baada ya dakika ",{"t":"idOrVar","v":"value"}],"zero":"sasa hivi"},"$x":[{"t":"idOrVar","v":"plural"},"value"]},{"$i":"hours-until-short","$v":{"other":["baada ya saa ",{"t":"idOrVar","v":"value"}],"zero":"sasa hivi"},"$x":[{"t":"idOrVar","v":"plural"},"value"]},{"$i":"days-until-short","$v":{"other":["baada ya siku ",{"t":"idOrVar","v":"value"}],"zero":"leo"},"$x":[{"t":"idOrVar","v":"plural"},"value"]},{"$i":"incorrectDate","$v":"(Tarehe isiyo sahihi)"},{"$i":"dateTimeFormat_%c","$v":"%a %b %e %Y %I:%M:%S %p"},{"$i":"dateTimeFormat_%x","$v":"%m/%d/%Y"},{"$i":"dateTimeFormat_%X","$v":"%I:%M:%S %p"},{"$i":"shortTimeFormat","$v":"%I:%M %p"},{"$i":"shortTimeFormat12","$v":"%I:%M %p"},{"$i":"shortTimeFormat24","$v":"%H:%M"},{"$i":"shortDateTimeFormat","$v":"%x %I:%M %p"},{"$i":"weekStartsOnMonday","$v":"0.0"},{"$i":"firstDayOfTheWeek","$v":"0.0"},{"$i":"time_am","$v":"Asubuhi"},{"$i":"time_pm","$v":"PM"},{"$i":"title-app","$v":"Ruhusa za Programu"},{"$i":"title-web","$v":"Ruhusa ya Tovuti"},{"$i":"title-cam","$v":"Chagua Kamera"},{"$i":"perm-alarms","$v":"Ving’ora Vilivyopangwa"},{"$i":"perm-audio-capture","$v":"Mikrofoni"},{"$i":"perm-audio-capture-appRequest","$v":["Ungependa kushiriki mikrofoni yako na ",{"t":"idOrVar","v":"app"},"?"]},{"$i":"perm-audio-capture-webRequest","$v":["Ungependa kushiriki mikrofoni yako na ",{"t":"idOrVar","v":"site"},"?"]},{"$i":"perm-audio-channel-content","$v":"Cheza Sauti"},{"$i":"perm-audio-channel-notification","$v":"Cheza Sauti za Taarifa"},{"$i":"perm-audio-channel-ringer","$v":"Cheza Sauti za Mlio"},{"$i":"perm-background-sensors","$v":"Fikia Data ya Kihisio"},{"$i":"perm-bluetooth","$v":"Bluetooth"},{"$i":"perm-browser","$v":"Kagua Kurasa za Tovuti"},{"$i":"perm-camera","$v":"Kamera"},{"$i":"perm-camera-selector-appRequest","$v":["Chagua kamera ya ",{"t":"idOrVar","v":"app"},"."]},{"$i":"perm-camera-selector-webRequest","$v":["Chagua kamera ya ",{"t":"idOrVar","v":"site"},"."]},{"$i":"perm-camera-appRequest","$v":[{"t":"idOrVar","v":"app"}," ingependa kutumia kamera yako."]},{"$i":"perm-camera-webRequest","$v":[{"t":"idOrVar","v":"site"}," ingependa kutumia kamera yako."]},{"$i":"perm-cellbroadcast","$v":"Matangazo ya Simu"},{"$i":"perm-contacts","$v":"Anwani"},{"$i":"perm-contacts-appRequest","$v":[{"t":"idOrVar","v":"app"}," ingependa kufikia orodha yako ya anwani."]},{"$i":"perm-contacts-webRequest","$v":[{"t":"idOrVar","v":"site"}," ingependa kufikia orodha yako ya anwani."]},{"$i":"perm-desktop-notification","$v":"Taarifa"},{"$i":"perm-desktop-notification-appRequest","$v":[{"t":"idOrVar","v":"app"}," ingependa kuonyesha taarifa."]},{"$i":"perm-desktop-notification-webRequest","$v":[{"t":"idOrVar","v":"Site"}," ingependa kuonyesha taarifa."]},{"$i":"perm-device-storage-apps","$v":"Hifadhi ya Programu"},{"$i":"perm-device-storage-music","$v":"Hifadhi ya Muziki"},{"$i":"perm-device-storage-music-appRequest","$v":[{"t":"idOrVar","v":"app"}," ingependa kufikia muziki wako."]},{"$i":"perm-device-storage-music-webRequest","$v":[{"t":"idOrVar","v":"site"}," ingependa kufikia muziki wako."]},{"$i":"perm-device-storage-pictures","$v":"Hifadhi ya Picha"},{"$i":"perm-device-storage-pictures-appRequest","$v":[{"t":"idOrVar","v":"app"}," ingependa kufikia picha zako."]},{"$i":"perm-device-storage-pictures-webRequest","$v":[{"t":"idOrVar","v":"site"}," ingependa kufikia picha zako."]},{"$i":"perm-device-storage-sdcard","$v":"Hifadhi ya Kadi ya Kumbukumbu"},{"$i":"perm-device-storage-sdcard-appRequest","$v":[{"t":"idOrVar","v":"app"}," ingependa kufikia kadi yako ya kumbukumbu."]},{"$i":"perm-device-storage-sdcard-webRequest","$v":[{"t":"idOrVar","v":"site"}," ingependa kufikia kadi yako ya kumbukumbu."]},{"$i":"perm-device-storage-videos","$v":"Hifadhi ya Video"},{"$i":"perm-device-storage-videos-appRequest","$v":[{"t":"idOrVar","v":"app"}," ingependa kufikia video zako."]},{"$i":"perm-device-storage-videos-webRequest","$v":[{"t":"idOrVar","v":"site"}," ingependa kufikia video zako."]},{"$i":"perm-fullscreen-appRequest","$v":[{"t":"idOrVar","v":"app"}," sasa ni skrini nzima."]},{"$i":"perm-fullscreen-webRequest","$v":[{"t":"idOrVar","v":"site"}," sasa ni skrini nzima."]},{"$i":"perm-embed-apps","$v":"Futika Programu"},{"$i":"perm-fmradio","$v":"Redio ya FM"},{"$i":"perm-fmradio-appRequest","$v":[{"t":"idOrVar","v":"app"}," ingependa kutumia Redio ya FM."]},{"$i":"perm-fmradio-webRequest","$v":[{"t":"idOrVar","v":"site"}," ingependa kutumia Redio ya FM."]},{"$i":"perm-geolocation","$v":"Eneo la Kijiografia"},{"$i":"perm-geolocation-appRequest","$v":[{"t":"idOrVar","v":"app"}," ingependa kujua eneo lako."]},{"$i":"perm-geolocation-more-info","$v":[{"t":"idOrVar","v":"brandShortName"}," hutuma GPS, na maelezo zaidi ya nyongeza kama vile WiFi na mitandao ya simu kutafuta eneo lako. Data ya eneo inaweza kutumiwa na ",{"t":"idOrVar","v":"brandShortName"}," na watoa huduma kuboresha usahihi na huduma za hifadhidata za eneo. ",{"t":"idOrVar","v":"brandShortName"}," itaomba ruhusu wakato wote wakati programu inahitaji kufikia eneo la kifaa chako."]},{"$i":"perm-geolocation-webRequest","$v":[{"t":"idOrVar","v":"site"}," ingependa kujua eneo lako."]},{"$i":"perm-idle","$v":"Angalia Hali Bwete"},{"$i":"perm-indexedDB-chrome-settings","$v":"Privileged IndexedDB"},{"$i":"perm-indexedDB-unlimited","$v":"Hifadhi ya Unlimited IndexedDB"},{"$i":"perm-input-manage","$v":"Dhibiti Kibodi"},{"$i":"perm-input","$v":"Tenda kama Kibodi"},{"$i":"perm-media-capture","$v":"Kamera na Mikrofoni"},{"$i":"perm-media-capture-appRequest","$v":["Ungependa kushiriki kamera na mikrofoni yako na ",{"t":"idOrVar","v":"app"},"?"]},{"$i":"perm-media-capture-webRequest","$v":["Ungependa kushiriki kamera na mikrofoni yako na ",{"t":"idOrVar","v":"site"},"?"]},{"$i":"perm-mobileconnection","$v":"Muunganisho wa Simu"},{"$i":"perm-mobileid","$v":"Utambulisho wa Simu"},{"$i":"perm-network-events","$v":"Matukio ya Mtandao"},{"$i":"perm-open-remote-window","$v":"Washa Programu"},{"$i":"perm-permissions","$v":"Badilisha Ruhusa za Programu"},{"$i":"perm-power","$v":"Mipangilio ya Nishati"},{"$i":"perm-settings","$v":"Badilisha Mipangilio"},{"$i":"perm-systemXHR","$v":"Maagizo ya Asili Tofauti"},{"$i":"perm-telephony","$v":"Simu"},{"$i":"perm-video-capture","$v":"Kamera"},{"$i":"perm-video-capture-appRequest","$v":["Ungependa kushiriki kamera yako na ",{"t":"idOrVar","v":"app"},"?"]},{"$i":"perm-video-capture-webRequest","$v":["Ungependa kushiriki kamera yako na ",{"t":"idOrVar","v":"site"},"?"]},{"$i":"perm-voicemail","$v":"Dhibiti Ujumbe wa Sauti"},{"$i":"perm-webapps-manage","$v":"Sakinisha Webapps"},{"$i":"perm-wifi-manage","$v":"Dhibiti Wi-Fi"},{"$i":"perm-attention","$v":"Fungua Vidukizo Tandaza"},{"$i":"perm-audio-channel-alarm","$v":"Cheza Sauti za King’ora"},{"$i":"perm-audio-channel-normal","$v":"Cheza Sauti"},{"$i":"perm-audio-channel-publicnotification","$v":"Cheza sauti za taarifa ya umma"},{"$i":"perm-audio-channel-telephony","$v":"Cheza Sauti za Simu"},{"$i":"perm-backgroundservice","$v":"Tenda kama Hufuma ya Mandhari-nyuma"},{"$i":"perm-device-storage-crashes","$v":"Hifadhi ya Data ya Kukwama"},{"$i":"perm-downloads","$v":"Fikia Upakuzi"},{"$i":"perm-embed-widgets","$v":"Futika Wiji"},{"$i":"perm-feature-detection","$v":"Kipengele Kimegunduliwa"},{"$i":"perm-firefox-accounts","$v":"Akaunti ya Firefox"},{"$i":"perm-mobilenetwork","$v":"Mtandao wa Simu"},{"$i":"perm-moz-attention","$v":"Fungua Vidukizo Tandaza (moz)"},{"$i":"perm-moz-audio-channel-ringer","$v":"Cheza Sauti za Mlio (moz)"},{"$i":"perm-moz-audio-channel-telephony","$v":"Cheza Sauti za Simu (moz)"},{"$i":"perm-moz-firefox-accounts","$v":"Akaunti za Firefox (moz)"},{"$i":"perm-networkstats-manage","$v":"Dhibiti Takwimu za Matumizi"},{"$i":"perm-nfc","$v":"NFC"},{"$i":"perm-nfc-hci-events","$v":"Matukio ya HCI ya NFC"},{"$i":"perm-nfc-manager","$v":"Dhibiti NFC"},{"$i":"perm-phonenumberservice","$v":"Huduma ya Nambari ya Simu"},{"$i":"perm-push","$v":"Push API"},{"$i":"perm-resourcestats-manage","$v":"Takwimu za Rasilimali"},{"$i":"perm-sms","$v":"Tuma na Usome SMS"},{"$i":"perm-speaker-control","$v":"Dhibiti Kiwango-sauti"},{"$i":"perm-storage","$v":"Kadiri Hifadhi"},{"$i":"perm-tcp-socket","$v":"Soketi za TCP"},{"$i":"perm-test-permission","$v":"Ruhusa ya Jaribio"},{"$i":"perm-time","$v":"Weka Tarehe na Saa"},{"$i":"perm-udp-socket","$v":"Soketi za UDP"},{"$i":"perm-wappush","$v":"WAP Push"},{"$i":"stopped_download_title","$v":"Upakuzi umesimamishwa"},{"$i":"kai-stopped_download_message","$v":"This download was stopped. Would you like to resume downloading?"},{"$i":"stopped_download_left_button","$v":"Ghairi"},{"$i":"stopped_download_right_button","$v":"Jaribu tena"},{"$i":"failed_download_title","$v":"Upakuzi haujafaulu"},{"$i":"failed_download_message","$v":[{"t":"idOrVar","v":"name"}," haijafaulu kupakuliwa. Unataka kujaribu kuipakua tena?"]},{"$i":"failed_download_left_button","$v":"Ghairi"},{"$i":"failed_download_right_button","$v":"Jaribu tena"},{"$i":"stop_download_title","$v":"Simamisha upakuzi"},{"$i":"stop_download_message","$v":"Una uhakika unataka kusimamisha upakuzi?"},{"$i":"stop_download_left_button","$v":"Ghairi"},{"$i":"stop_download_right_button","$v":"Simamisha"},{"$i":"delete_download_title","$v":"Futa"},{"$i":"delete_download_message","$v":["Ungependa kufuta \"",{"t":"idOrVar","v":"name"},"\"?"]},{"$i":"delete_download_left_button","$v":"Katiza"},{"$i":"delete_download_right_button","$v":"Futa"},{"$i":"delete_all_download_title","$v":"Futa"},{"$i":"delete_all_download_left_button","$v":"Ghairi"},{"$i":"delete_all_download_right_button","$v":"Futa"},{"$i":"delete_all_download_message_ext","$v":"Unataka kufuta faili ulizochagua?"},{"$i":"delete_all_download_message","$v":{"few":["Unataka kufuta faili ",{"t":"idOrVar","v":"number"},"?"],"many":["Unataka kufuta faili ",{"t":"idOrVar","v":"number"},"?"],"one":"Unataka kufuta faili moja?","other":["Unataka kufuta faili ",{"t":"idOrVar","v":"number"},"?"],"two":["Unataka kufuta faili ",{"t":"idOrVar","v":"number"},"?"],"zero":"Hutaki kufuta faili yoyote?"},"$x":[{"t":"idOrVar","v":"plural"},"number"]},{"$i":"unsupported_file_type_download_title","$v":"Haiwezi kufungua"},{"$i":"unsupported_file_type_download_message","$v":["Hakuna programu inayoweza kufungua ",{"t":"idOrVar","v":"name"},". Ungependa kuhifadhi faili au kuifuta?"]},{"$i":"unsupported_file_type_download_left_button","$v":"Hifadhi Faili"},{"$i":"unsupported_file_type_download_right_button","$v":"Futa"},{"$i":"file_not_found_download_title","$v":"Faili haikupatikana"},{"$i":"file_not_found_download_message","$v":"Faili haikupatikana kwenye kifaa"},{"$i":"file_not_found_download_right_button","$v":"SAWA"},{"$i":"unmounted_sdcard_2_download_title","$v":"Kadi ya kumbukumbu inatumika"},{"$i":"unmounted_sdcard_2_download_message","$v":"Chomoa simu"},{"$i":"unmounted_sdcard_2_download_right_button","$v":"SAWA"},{"$i":"no_provider_download_title","$v":"Haiwezi kufungua"},{"$i":"no_provider_download_message","$v":"Umbizo la faili hii sio sahihi au halikubaliwi"},{"$i":"no_provider_download_right_button","$v":"SAWA"},{"$i":"no_memory_download_title","$v":"Kadi ya SD imejaa"},{"$i":"no_memory_download_message","$v":"Hakuna nafasi zaidi kwenye kadi yako ya SD kuhifadhi upakuzi wako. Tafadhali ondoa baadhi ya faili kabla ya kuanzisha upakuzi upya."},{"$i":"no_memory_download_right_button","$v":"SAWA"},{"$i":"no_sdcard_found_2_download_title","$v":"Hakuna kadi ya kumbukumbu imepatikana"},{"$i":"no_sdcard_found_2_download_message","$v":"Ingiza kadi ya kumbukumbu au chagua eneo mbadala chaguo-msingi ka media katika mipangilio"},{"$i":"no_sdcard_found_2_download_right_button","$v":"SAWA"},{"$i":"file_open_error_download_title","$v":"Uthibitishaji"},{"$i":"file_open_error_download_message","$v":"Umbizo la faili hii sio sahihi au halikubaliwi Unataka kufuta faili?"},{"$i":"file_open_error_download_left_button","$v":"Hifadhi Faili"},{"$i":"file_open_error_download_right_button","$v":"Futa"},{"$i":"restart_download_error","$v":"Kulikuwa na hitilafu wakati wa kuanzisha upakuzi upya. Tafadhali jaribu kupakua tena."},{"$i":"no-downloads","$v":"Hakuna upakuzi"},{"$i":"percentage","$v":[{"t":"idOrVar","v":"percentage"}," %"]},{"$i":"partialResult","$v":[{"t":"idOrVar","v":"partial"}," / ",{"t":"idOrVar","v":"total"}]},{"$i":"summary","$v":[{"t":"idOrVar","v":"date"}," - ",{"t":"idOrVar","v":"status"}]},{"$i":"download-stopped","$v":"Imesimamisha"},{"$i":"download-failed","$v":"Upakuzi haujafaulu"},{"$i":"open_downloaded_file","$v":"Fungua"},{"$i":"share_downloaded_file","$v":"Shiriki"},{"$i":"wallpaper_downloaded_file","$v":"Weka kama pazia"},{"$i":"ringtone_downloaded_file","$v":"Weka kama mlio"},{"$i":"cancel_downloaded_file","$v":"Ghairi"},{"$i":"voicemailNoNumberTitle","$v":"Nambari ya ujumbe wa sauti haipatikani"},{"$i":"voicemailNoNumberText","$v":"Huwezi kupiga simu kwa ujumbe wa sauti. Weka nambari ya ujumbe wa sauti ili upige simu."},{"$i":"voicemailNoNumberSettings","$v":"Mipangilio"},{"$i":"voicemailNoNumberCancel","$v":"Ghairi"},{"$i":"airplaneMode","$v":"Modi ya ndege"},{"$i":"noNetwork","$v":"Hakuna mtandao"},{"$i":"roaming","$v":[{"t":"idOrVar","v":"operator"}," (Utambizi)"]},{"$i":"operator-info","$v":[{"t":"idOrVar","v":"carrier"}," ",{"t":"idOrVar","v":"region"}]},{"$i":"emergencyCallsOnly","$v":"Simu za dharura pekee"},{"$i":"emergencyCallsOnly-unknownSIMState","$v":"(hali ya SIM haijulikani)"},{"$i":"emergencyCallsOnly-noSIM","$v":"(hakuna SIM)"},{"$i":"emergencyCallsOnly-pinRequired","$v":"(PIN ya SIM inahitajika)"},{"$i":"emergencyCallsOnly-pukRequired","$v":"(PUK ya SIM inahitajika)"},{"$i":"emergencyCallsOnly-networkLocked","$v":"(mtandao umefungwa)"},{"$i":"emergencyCallsOnly-serviceProviderLocked","$v":"(mtoa huduma amefungwa)"},{"$i":"emergencyCallsOnly-corporateLocked","$v":"(shirika limefungwa)"},{"$i":"emergencyCallsOnly-network1Locked","$v":"(mtandao 1 umefungwa)"},{"$i":"emergencyCallsOnly-network2Locked","$v":"(mtandao 2 umefungwa)"},{"$i":"emergencyCallsOnly-hrpdNetworkLocked","$v":"(mtandao wa hrpd umefungwa)"},{"$i":"emergencyCallsOnly-ruimCorporateLocked","$v":"(shirika la ruim limefungwa)"},{"$i":"emergencyCallsOnly-ruimServiceProviderLocked","$v":"(mtoa huduma wa ruim amefungwa)"},{"$i":"lockscreen-sim-id","$v":["SIM ",{"t":"idOrVar","v":"n"}]},{"$i":"charging-no-time","$v":[{"t":"idOrVar","v":"level"},"% linachaji"]},{"$i":"charging-minutes","$v":{"few":[{"t":"idOrVar","v":"level"},"% Imechajiwa (Dakika ",{"t":"idOrVar","v":"minutes"}," hadi lijae)"],"many":[{"t":"idOrVar","v":"level"},"% Imechajiwa (Dakika ",{"t":"idOrVar","v":"minutes"}," hadi lijae)"],"one":[{"t":"idOrVar","v":"level"},"% Imechajiwa (Dakika ",{"t":"idOrVar","v":"minutes"}," hadi lijae)"],"other":[{"t":"idOrVar","v":"level"},"% Imechajiwa (Dakika ",{"t":"idOrVar","v":"minutes"}," hadi lijae)"],"two":[{"t":"idOrVar","v":"level"},"% Imechajiwa (Dakika ",{"t":"idOrVar","v":"minutes"}," hadi lijae)"],"zero":[{"t":"idOrVar","v":"level"},"% Imechajiwa (Dakika ",{"t":"idOrVar","v":"minutes"}," hadi lijae)"]},"$x":[{"t":"idOrVar","v":"plural"},"minutes"]},{"$i":"charging-hours","$v":{"few":[{"t":"idOrVar","v":"level"},"% Imechajiwa (Saa ",{"t":"idOrVar","v":"hours"}," dakika ",{"t":"idOrVar","v":"minutes"}," hadi lijae)"],"many":[{"t":"idOrVar","v":"level"},"% Imechajiwa (Saa ",{"t":"idOrVar","v":"hours"}," dakika ",{"t":"idOrVar","v":"minutes"}," hadi lijae)"],"one":[{"t":"idOrVar","v":"level"},"% Imechajiwa (Saa ",{"t":"idOrVar","v":"hours"}," dakika ",{"t":"idOrVar","v":"minutes"}," hadi lijae)"],"other":[{"t":"idOrVar","v":"level"},"% Imechajiwa (Saa ",{"t":"idOrVar","v":"hours"}," dakika ",{"t":"idOrVar","v":"minutes"}," hadi lijae)"],"two":[{"t":"idOrVar","v":"level"},"% Imechajiwa (Saa ",{"t":"idOrVar","v":"hours"}," dakika ",{"t":"idOrVar","v":"minutes"}," hadi lijae)"],"zero":[{"t":"idOrVar","v":"level"},"% Imechajiwa (Saa ",{"t":"idOrVar","v":"hours"}," dakika ",{"t":"idOrVar","v":"minutes"}," hadi lijae)"]},"$x":[{"t":"idOrVar","v":"plural"},"minutes"]}]